nome,usuario,idTweet,dataPublicacao,texto,replies,retweets,likes,tweetPai
Rogério Tomaz Jr.,@rogeriotomazjr,https://twitter.com/rogeriotomazjr/status/1620839627283382273,2023-02-01T17:40:55.000Z,"esse trio financiou todos os movimentos de ""combate à corrupção"" na última década. esse é o Brasil que foge pra Flórida.",0,4,43,https://twitter.com/AlencarBraga13/status/1620837911339110400
Frodo.,@Gabrieltrosa1,https://twitter.com/Gabrieltrosa1/status/1621176989775437824,2023-02-02T16:01:29.000Z,"Nada mais que o mercado sendo flagrado numa de suas picaretagens que não vai dar em nada. Sim, o mercado. Esse trio mais meia dúzia de banqueiros/investidores/especuladores compõe essa figura que a Mídia chama de ""o mercado"".",0,2,5,https://twitter.com/AlencarBraga13/status/1620837911339110400
Ambev,@Ambev,https://twitter.com/Ambev/status/1620861227873501185,2023-02-01T19:06:45.000Z,"As acusações da Cervbrasil não têm qualquer embasamento. Calculamos todos os nossos créditos tributários estritamente com base na lei. Nossas demonstrações financeiras cumprem com todas as regras regulatórias e contábeis, as quais incluem a transparência do contencioso tributário",12,1,5,https://twitter.com/AlencarBraga13/status/1620837911339110400
Fátima Leal,@mariade57438723,https://twitter.com/mariade57438723/status/1620864861768138753,2023-02-01T19:21:11.000Z,Corrupção mesmo,0,0,4,https://twitter.com/AlencarBraga13/status/1620837911339110400
Te critiquei? (Crítica Nata),@Critica_Nata,https://twitter.com/Critica_Nata/status/1621185481835700224,2023-02-02T16:35:13.000Z,Tem que REVERTER urgentemente a privatização da Eletrobrás que agora tá nas mãos desses aí,0,0,2,https://twitter.com/AlencarBraga13/status/1620837911339110400
Oz_.,@Oz___Sdmf,https://twitter.com/Oz___Sdmf/status/1620845614518140929,2023-02-01T18:04:43.000Z,"Seria razoável o governo começar a se mexer para fortalecer a legislação e uma fiscalização contra esse pessoal. - E atuar na defesa dos empregos e da atividade.
Ademais, necessário reformar e fortalecer o CADE e a CVM.
- Convoque uma Comissão de Estudos, Deputado!",1,2,10,https://twitter.com/AlencarBraga13/status/1620837911339110400
BlackIsTheNewBlack,@BABADOIEV,https://twitter.com/BABADOIEV/status/1620840645656211456,2023-02-01T17:44:58.000Z,"Lemann será o novo Eike Batista?! Navio afundando em 3,2....1...",0,1,16,https://twitter.com/AlencarBraga13/status/1620837911339110400
"Joanácio!!!!É Lula, é13",@joanjinhamg,https://twitter.com/joanjinhamg/status/1621188824154898433,2023-02-02T16:48:30.000Z,"Va ga bun da gem 
La dro a gem",0,0,1,https://twitter.com/AlencarBraga13/status/1620837911339110400
mãetropóloga,@jusarto90,https://twitter.com/jusarto90/status/1620845248661590019,2023-02-01T18:03:15.000Z,"Os deputados (pets) do Lemman não soltam um Pio.
Bem sabe o PT MS que eu acionei o partido sobre isso e cag4aram pra mim. Não lutam pelo trabalhador, estão lá para defender os bilionários. Reforma tributária vindo e eles não abordam a respeito.
VOtarão contra, culpa do diretório.",0,0,2,https://twitter.com/AlencarBraga13/status/1620837911339110400
Tiamatgeo,@Simonefilo,https://twitter.com/Simonefilo/status/1620879470742671384,2023-02-01T20:19:14.000Z,Por isso deputado o governo tem que tomar distância de institutos e fundações ligados a esse grupo de picaretas!,0,1,5,https://twitter.com/AlencarBraga13/status/1620837911339110400
CrisRodeaBaiana,@CrisSouza1810,https://twitter.com/CrisSouza1810/status/1621021676040499201,2023-02-02T05:44:19.000Z,Clep.,0,0,3,https://twitter.com/AlencarBraga13/status/1620837911339110400
Estevam Sampaio Rebouças,@EstevamReboucas,https://twitter.com/EstevamReboucas/status/1620942995741630464,2023-02-02T00:31:40.000Z,"""O que tem fome e te rouba
O último pedaço de pão, chama-o teu inimigo
Mas não saltas ao pescoço
Do teu ladrão que nunca teve fome.""
- Bertolt Brecht",0,2,2,https://twitter.com/AlencarBraga13/status/1620837911339110400
Paz,@MeLopesRJ,https://twitter.com/MeLopesRJ/status/1620958104312745984,2023-02-02T01:31:42.000Z,"Esse trio do ""bem"" da 3G Capital são verdadeiros predadores. Está vindo à tona a forma como operam. Nos EUA, a 3G tb foi investigada e pagou multa  por manobra contábil na Kraft Heinz.",0,1,4,https://twitter.com/AlencarBraga13/status/1620837911339110400
Leonardo,@Leonard87257682,https://twitter.com/Leonard87257682/status/1621032745844580352,2023-02-02T06:28:18.000Z,Cleptocracia. Ou Meritocracia Capitalista.,0,0,1,https://twitter.com/AlencarBraga13/status/1620837911339110400
Margarida Oliveira,@margoliver5,https://twitter.com/margoliver5/status/1621444265573326849,2023-02-03T09:43:32.000Z,"E o ""mercado"" não ficou nervoso com mais essa fraude???",1,0,0,https://twitter.com/AlencarBraga13/status/1620837911339110400
Victor Camilino,@vwmannn,https://twitter.com/vwmannn/status/1620966164787765251,2023-02-02T02:03:44.000Z,Plutocracia. Só o dinheiro que manda.,0,0,1,https://twitter.com/AlencarBraga13/status/1620837911339110400
Kamilo Sales,@KamiloSales,https://twitter.com/KamiloSales/status/1621474181463392256,2023-02-03T11:42:25.000Z,Cade o mercado nessa hora ? Cadeia cadeia cadeia,0,0,2,https://twitter.com/AlencarBraga13/status/1620837911339110400
Erik Franco,@ErikFra90106351,https://twitter.com/ErikFra90106351/status/1620995769892208641,2023-02-02T04:01:22.000Z,"Oi tbm. De novo. Socializar o preju. 
Enquanto isso, lideramos isolados o juro real",0,0,1,https://twitter.com/AlencarBraga13/status/1620837911339110400
Ambrosio Galvão,@GalvaoAmbrosio,https://twitter.com/GalvaoAmbrosio/status/1621087749045641216,2023-02-02T10:06:52.000Z,Hummmmm!!!,0,0,2,https://twitter.com/AlencarBraga13/status/1620837911339110400
Electra,@Electra22014835,https://twitter.com/Electra22014835/status/1620871674592911360,2023-02-01T19:48:16.000Z,Muita cleptocracia!,0,0,5,https://twitter.com/AlencarBraga13/status/1620837911339110400
Antonio Barros,@MPolo2017,https://twitter.com/MPolo2017/status/1620957280811491328,2023-02-02T01:28:26.000Z,Só roubalheira mesmo.,0,0,3,https://twitter.com/AlencarBraga13/status/1620837911339110400
Jorge Ricardo (JR),@JorgeRicardo76,https://twitter.com/JorgeRicardo76/status/1620874001659887616,2023-02-01T19:57:31.000Z,#ReestatizaçãoDaEletrobras,0,0,7,https://twitter.com/AlencarBraga13/status/1620837911339110400
Ernesto Lantmann,@LulaoPatrao,https://twitter.com/LulaoPatrao/status/1620906548162711553,2023-02-01T22:06:50.000Z,Hora de rever a privatização da Eletrobrás URGENTE,0,0,1,https://twitter.com/AlencarBraga13/status/1620837911339110400
Leila Oliveira Ilha das Profes,@jumiLeila,https://twitter.com/jumiLeila/status/1620974352345735168,2023-02-02T02:36:16.000Z,"🚨GRAVE🚨No episio de hoje vc aprendeu: se  ficar devendo 3 contas de luz, a empresa corta seu serviço mas...se for rico e fraudar uma empresa em bilhões e ficar devendo milhões em contas,  consegue liminar pra que o serviço se mantenha . 😉",1,13,46,https://twitter.com/AlencarBraga13/status/1620837911339110400
Flávio Verthalicer,@Verth,https://twitter.com/Verth/status/1620880415388229633,2023-02-01T20:23:00.000Z,#ReestatizaEletrobrasJá 🚨,0,0,1,https://twitter.com/AlencarBraga13/status/1620837911339110400
Flávio Verthalicer,@Verth,https://twitter.com/Verth/status/1620880455993069575,2023-02-01T20:23:09.000Z,#ReestatizaEletrobrasJá 🚨🚨,0,0,1,https://twitter.com/AlencarBraga13/status/1620837911339110400
Flávio Verthalicer,@Verth,https://twitter.com/Verth/status/1620880531880808449,2023-02-01T20:23:27.000Z,#ReestatizaEletrobrasJá 🚨🚨🚨,0,0,1,https://twitter.com/AlencarBraga13/status/1620837911339110400
Flávio Verthalicer,@Verth,https://twitter.com/Verth/status/1620880568773709838,2023-02-01T20:23:36.000Z,#ReestatizaEletrobrasJá 🚨🚨🚨🚨,0,0,1,https://twitter.com/AlencarBraga13/status/1620837911339110400
Flávio Verthalicer,@Verth,https://twitter.com/Verth/status/1620880632628002816,2023-02-01T20:23:51.000Z,#ReestatizaEletrobrasJá 🚨🚨🚨🚨🚨🚨,0,0,1,https://twitter.com/AlencarBraga13/status/1620837911339110400
Edivaldo Silva,@Edivald04769891,https://twitter.com/Edivald04769891/status/1620951081948790786,2023-02-02T01:03:48.000Z,Isso a Globo não mostra.,0,0,1,https://twitter.com/AlencarBraga13/status/1620837911339110400
BethK,@BethK32279062,https://twitter.com/BethK32279062/status/1620986995366576128,2023-02-02T03:26:30.000Z,Se deram bem no desgoverno anterior. Agora sabe-se o porquê do empenho em reeleger o Bozo,0,0,0,https://twitter.com/AlencarBraga13/status/1620837911339110400
Juan Valencia,@juancgval,https://twitter.com/juancgval/status/1621273828826431488,2023-02-02T22:26:17.000Z,"O problema, deputado, q no Brasil só existem leis para pobres e gente honesta.
Os demais ou tem foro privilegiado ou é amigo de juízes, desembargadores ou ministros.",0,0,0,https://twitter.com/AlencarBraga13/status/1620837911339110400
Victória Paz,@VitriaP25020889,https://twitter.com/VitriaP25020889/status/1621170330680295424,2023-02-02T15:35:01.000Z,#EletrobrasPública,0,0,0,https://twitter.com/AlencarBraga13/status/1620837911339110400
Lauro Oliveira Maire,@MaireLauro,https://twitter.com/MaireLauro/status/1621243935619272707,2023-02-02T20:27:30.000Z,Cleptocratas escravocratas,0,0,0,https://twitter.com/AlencarBraga13/status/1620837911339110400
Romulo Radowicz,@radowiczr,https://twitter.com/radowiczr/status/1621024361200373760,2023-02-02T05:54:59.000Z,"""Vamos trabalhar?""",0,0,0,https://twitter.com/AlencarBraga13/status/1620837911339110400
Ebenesio Brandão,@BrandaoEbenesio,https://twitter.com/BrandaoEbenesio/status/1620934617208623106,2023-02-01T23:58:22.000Z,"Se gritar ' pega ladrao"" não fica um meu irmão não fica um. Rss",0,0,0,https://twitter.com/AlencarBraga13/status/1620837911339110400
Vania Rubia Seixas,@Vania_Rubia_,https://twitter.com/Vania_Rubia_/status/1620991631234330624,2023-02-02T03:44:56.000Z,#RomboAmbev,0,0,0,https://twitter.com/AlencarBraga13/status/1620837911339110400
Andolini SPS,@AndoliniSps,https://twitter.com/AndoliniSps/status/1621222537957875714,2023-02-02T19:02:28.000Z,Já já fogem pra Israel e vivem o resto da vida debochando dos brasileiros,0,0,0,https://twitter.com/AlencarBraga13/status/1620837911339110400
@egroj,@egroj,https://twitter.com/egroj1322/status/1621495599781535747,2023-02-03T13:07:31.000Z,Tem que investigar a AMBEV,0,0,0,https://twitter.com/AlencarBraga13/status/1620837911339110400
Flávio Verthalicer,@Verth,https://twitter.com/Verth/status/1620880357435510784,2023-02-01T20:22:46.000Z,#ReestatizaEletrobrasJá,0,0,0,https://twitter.com/AlencarBraga13/status/1620837911339110400
Juçara M Teixeira,@jucaramteixeira,https://twitter.com/jucaramteixeira/status/1620904915542622223,2023-02-01T22:00:21.000Z,"Essa gangue, vai fazer rombo na Eletrobrás,o governo cobre.......
Pronto.",0,0,4,https://twitter.com/AlencarBraga13/status/1620837911339110400
jorgejiz,@jorgejiz,https://twitter.com/jorgejiz/status/1621079226043756544,2023-02-02T09:33:00.000Z,#ReestatizaEletrobrasJá,0,0,0,https://twitter.com/AlencarBraga13/status/1620837911339110400
Raquel Freire,@RaquelF39304724,https://twitter.com/RaquelF39304724/status/1621518635289411594,2023-02-03T14:39:03.000Z,Voto na cleptocracia.,0,0,0,https://twitter.com/AlencarBraga13/status/1620837911339110400
Marcus J M Carvalho,@MarcusJMCarval1,https://twitter.com/MarcusJMCarval1/status/1621265563962966016,2023-02-02T21:53:26.000Z,"Em termos cleptocráticos, ñ faltou eficiência, mindset, protagonismo. ISO 9.000 no quesito clepto. Mérito ne?😁",0,0,0,https://twitter.com/AlencarBraga13/status/1620837911339110400
Bruno Ceron,@epbruno10001,https://twitter.com/epbruno10001/status/1621137706062585859,2023-02-02T13:25:23.000Z,"Aí tem. Vai pra cima, deputado.",0,0,1,https://twitter.com/AlencarBraga13/status/1620837911339110400
Patrícia,@Angelin37175534,https://twitter.com/Angelin37175534/status/1621539747737772032,2023-02-03T16:02:57.000Z,Roubotocracia,0,0,0,https://twitter.com/AlencarBraga13/status/1620837911339110400
alexandre,@alexand28574407,https://twitter.com/alexand28574407/status/1620911986405163058,2023-02-01T22:28:27.000Z,Melhor definição; Corja; bando de ladrões e/ou de assaltantes; aglomerado de pessoas que se juntam para assaltar ou prejudicar alguém ou alguma coisa.,0,0,2,https://twitter.com/AlencarBraga13/status/1620837911339110400
Somos Todos Zé Gotinha,@ezequias123123,https://twitter.com/ezequias123123/status/1620895158186434560,2023-02-01T21:21:35.000Z,"Se existisse povo no Brasil, este estaria plantado nas ruas protestando contra este assalto do patrimônio público.",0,2,2,https://twitter.com/AlencarBraga13/status/1620837911339110400
@JOSÉNEVESLULA13 @BRASIL SOLIDÁRIO,@JOSÉNEVESLULA13 @BRASIL SOLIDÁRIO,https://twitter.com/JosNeve59070811/status/1621242252948373511,2023-02-02T20:20:48.000Z,Estamos juntos@Nilsonhandebol,0,0,0,https://twitter.com/AlencarBraga13/status/1620837911339110400
SabchukGerson,@SabchukGerson,https://twitter.com/SabchukGerson/status/1621137153035206656,2023-02-02T13:23:11.000Z,REESTATIZA ELETROBRAS#ReestatizaEletrobrasja,0,2,3,https://twitter.com/AlencarBraga13/status/1620837911339110400
Flamelprimus,@flamelprimus,https://twitter.com/flamelprimus/status/1620911066418135048,2023-02-01T22:24:47.000Z,É picaretagem mesmo.,0,0,1,https://twitter.com/AlencarBraga13/status/1620837911339110400
Luciana CS,@lucianacs,https://twitter.com/lucianacs/status/1620839447322583042,2023-02-01T17:40:12.000Z,Cleptocracia na veia!!,0,0,4,https://twitter.com/AlencarBraga13/status/1620837911339110400
Rafinha,@Rafinha42887124,https://twitter.com/Rafinha42887124/status/1621052827404738560,2023-02-02T07:48:06.000Z,Parece crime mesmo,0,0,1,https://twitter.com/AlencarBraga13/status/1620837911339110400
deiazulu 13,@deiabatista,https://twitter.com/deiabatista/status/1621181150340304907,2023-02-02T16:18:00.000Z,Infelizmente a política presta vassalagem.pra esse povo em troca de $ de campanha. Qto mais casas decimais tiverem em suas contas mãos impostos. Os caras embarcaram o negócio da cerveja no.mundo... com as diferenças cambiais pagamento a investidores acionistas a conta não fecha,0,0,1,https://twitter.com/AlencarBraga13/status/1620837911339110400
Dorianderson Dias,@Doriianderson,https://twitter.com/Doriianderson/status/1621131822519431169,2023-02-02T13:02:00.000Z,E essas gente não vai sofrer nem uma punição? Vai ficar por isso mesmo.,0,0,1,https://twitter.com/AlencarBraga13/status/1620837911339110400
tô com a moleza #ForaCasaresEBelmonte,@MaceteTudo,https://twitter.com/MaceteTudo/status/1621051280360882177,2023-02-02T07:41:57.000Z,Dono da @Anitta e @tabataamaralsp,0,0,0,https://twitter.com/AlencarBraga13/status/1620837911339110400
Caio Junior,@caio2810ju,https://twitter.com/caio2810ju/status/1620840585568604160,2023-02-01T17:44:44.000Z,Se puxar o fio a venda da eletrobras vai cair!!,0,0,14,https://twitter.com/AlencarBraga13/status/1620837911339110400
Iraides staciarini,@irastaciarini,https://twitter.com/irastaciarini/status/1620848775458861056,2023-02-01T18:17:16.000Z,Roubalheira.,0,0,3,https://twitter.com/AlencarBraga13/status/1620837911339110400
ines Monguilhott,@IMonguilhott,https://twitter.com/IMonguilhott/status/1621218402529329161,2023-02-02T18:46:02.000Z,Temos que reconhecer o rigor do método.,0,0,0,https://twitter.com/AlencarBraga13/status/1620837911339110400
"bubuzinha - Sou da luz, sou da paz, sou do amor.",@bubuzinha,https://twitter.com/bubuzinha/status/1620903078072578049,2023-02-01T21:53:03.000Z,CPI da privataria da Eletrobras já.,0,1,2,https://twitter.com/AlencarBraga13/status/1620837911339110400
Marisa victorio da silva,@victorio_marisa,https://twitter.com/victorio_marisa/status/1620853704797884416,2023-02-01T18:36:51.000Z,"Meritocracia ou cleptocracia? 😎😎😎👮‍♂️✔️Rumores sobre R$ 30 bilhões de rombo em manobras fiscais na AmBev para sonegar impostos. Lemann, Telles e Sicupira, que estão por trás das Americanas, são sócios da cervejaria. E também estão envolvidos no rolo da privatização da +",0,0,0,https://twitter.com/AlencarBraga13/status/1620837911339110400
Marisa victorio da silva,@victorio_marisa,https://twitter.com/victorio_marisa/status/1620853869336199169,2023-02-01T18:37:31.000Z,"Eletrobrás.
Meritocracia ou cleptocracia?",0,0,0,https://twitter.com/AlencarBraga13/status/1620837911339110400
Sandra Borges,@SandraB12429479,https://twitter.com/SandraB12429479/status/1621456184304668672,2023-02-03T10:30:54.000Z,"Cleptocracia, sem dúvida nenhuma. Será que as pessoas vão entender agora porque os bilionários são tão ricos?",0,0,0,https://twitter.com/AlencarBraga13/status/1620837911339110400
Ana Rita Santos,@AnaRitaSan,https://twitter.com/AnaRitaSan/status/1621213544673861632,2023-02-02T18:26:44.000Z,Cleptocracia,0,0,0,https://twitter.com/AlencarBraga13/status/1620837911339110400
Ceci Andrade,@PaivaCeci,https://twitter.com/PaivaCeci/status/1620989528126230535,2023-02-02T03:36:34.000Z,😯😯😯😯😯😯😯,0,0,0,https://twitter.com/AlencarBraga13/status/1620837911339110400
𝕯𝖎𝖗𝖈𝖊𝖚 𝕷𝖔𝖕𝖊𝖘,@DirlopLula13,https://twitter.com/DirlopLula13/status/1620925739808993286,2023-02-01T23:23:06.000Z,Os mesmos…bah…que coincidência!,0,0,0,https://twitter.com/AlencarBraga13/status/1620837911339110400
kakah,@kakahmenina,https://twitter.com/kakahmenina/status/1620934014860423168,2023-02-01T23:55:59.000Z,"Olha isso aqui. O q Americanas, Ambev e Eletrobras tem em comum?#ReestatizaEletrobrasJá@LulaOficial @gleisi @Haddad_Fernando 
@jeanpprates @MarinaSilva@Dep_ZeCarlosPT @zeca_dirceu@Glauber_Braga @requiaooficial",3,2,2,https://twitter.com/AlencarBraga13/status/1620837911339110400
Roberto Carvalho,@RobertoCostaCa5,https://twitter.com/RobertoCostaCa5/status/1622710300280586245,2023-02-06T21:34:18.000Z,"A velha roubalheira descarada mesmo. Picaretagem.
Espero que a cerveja que vendem não seja falsa.",0,0,0,https://twitter.com/AlencarBraga13/status/1620837911339110400
Ana Charis,@AnaCharis15,https://twitter.com/AnaCharis15/status/1621146481486106625,2023-02-02T14:00:15.000Z,"Cleptocracia! Ladroes!
Tem que bloquear os bens desses fraudadores!",0,0,0,https://twitter.com/AlencarBraga13/status/1620837911339110400
Vera Nilce Cordeiro,@verancorrea,https://twitter.com/verancorrea/status/1620987863780179973,2023-02-02T03:29:57.000Z,Qdo vão prender esses corruptos que lesam o país com sonegação e manipulando o mercado?,0,0,0,https://twitter.com/AlencarBraga13/status/1620837911339110400
Vencer,@paulopcp2,https://twitter.com/paulopcp2/status/1620847204079656962,2023-02-01T18:11:01.000Z,"Pode vasculhar que vai encontrar coisas, vamos ver a impafia dos bilionários, até onde vai.",0,0,1,https://twitter.com/AlencarBraga13/status/1620837911339110400
Seloko,@vavavaiii,https://twitter.com/vavavaiii/status/1620922081750953984,2023-02-01T23:08:34.000Z,"Mo bandido esse Lemann. Milionário no Brasil só a base de sonegação e trambicagem. Que paga imposto e sustenta o país são os pobres e as micros, que são rigorosamente punidos se sonegarem",0,0,1,https://twitter.com/AlencarBraga13/status/1620837911339110400
Alba Ramos,@albaeramos,https://twitter.com/albaeramos/status/1620984739288219648,2023-02-02T03:17:32.000Z,Cadeia neles,0,0,0,https://twitter.com/AlencarBraga13/status/1620837911339110400
Pedro Prieto,@Pprieto2Prieto,https://twitter.com/Pprieto2Prieto/status/1620868697207492610,2023-02-01T19:36:26.000Z,@LulaOficial @gleisi @Glauber_Braga @requiaooficial @JanjaLula salvem os trabalhadores da Eletrobrás !,0,0,6,https://twitter.com/AlencarBraga13/status/1620837911339110400
Carranca Elétrica,@CarrancaFeia,https://twitter.com/CarrancaFeia/status/1621888235134746625,2023-02-04T15:07:43.000Z,@PwCBrasil auditou privatização da Eletrobras.Não viu rombo nas #Americanas#EletrobrasNãoÉAmericanas #REESTATIZAaELETROBRAS#DesbolsonarizaMME @ikaro_chaves@LulaOficial @gleisi @erikakokay @Glauber_Braga @asilveiramg @senadorjean @TCUoficial#DevolvamAEletrobras,0,0,0,https://twitter.com/AlencarBraga13/status/1620837911339110400
Carranca Elétrica,@CarrancaFeia,https://twitter.com/CarrancaFeia/status/1621891909735038979,2023-02-04T15:22:19.000Z,@asilveiramg governo de base sindical.Receba os sindicatos#EletrobrasNãoÉAmericanas #REESTATIZAaELETROBRAS#DesbolsonarizaMME @ikaro_chaves@LulaOficial @gleisi @erikakokay @Glauber_Braga @asilveiramg @senadorjean @JanjaLula #DevolvamAEletrobras#ReestatizaEletrobrasJá,0,0,0,https://twitter.com/AlencarBraga13/status/1620837911339110400
Lavinia Scheibel,@ScheibelLavinia,https://twitter.com/ScheibelLavinia/status/1621460287281938433,2023-02-03T10:47:12.000Z,CLEPTOCRACIA,0,0,1,https://twitter.com/AlencarBraga13/status/1620837911339110400
Marlo Melo,@marlo_melo,https://twitter.com/marlo_melo/status/1620975974190923777,2023-02-02T02:42:43.000Z,"O caso americanas e Ambev  significa que o setor produtivo do Brasil está quebrado, ninguém aguenta mais pagar juros e impostos abusivos fora que tivemos desde 2015 crises políticas econômicas e de paulada a COVID, mais perto da Venezuela agora #Americanas #Ambev  #3g #crise",0,0,0,https://twitter.com/AlencarBraga13/status/1620837911339110400
