nome,usuario,idTweet,dataPublicacao,texto,replies,retweets,likes,tweetPai
Carlosplcbn,@carlosplcbn,https://twitter.com/carlosplcbn/status/1620955861593083905,2023-02-02T01:22:47.000Z,"@Pimenta13Br @FlavioDino @cartacapital @GuilhermeBoulos @govbr @cynaramenezes @brasil247 @JornalGGN 
Esse @DepJuscelino vai continuar no @mincomunicacoes mesmo tendo confessado que desviou $$$ público em benefício próprio e tem do milhões passando fome?!?!?!",0,0,0,https://twitter.com/padilhando/status/1620930877122572289
BB,@MaskeBetina,https://twitter.com/MaskeBetina/status/1621137288158666752,2023-02-02T13:23:43.000Z,"Recontruir ?? Kkkkkkkk,,,,, é destruir isso sim.",0,0,0,https://twitter.com/padilhando/status/1620930877122572289
Antony Markez,@Antonio77662775,https://twitter.com/Antonio77662775/status/1620934528410992640,2023-02-01T23:58:01.000Z,Fez jus coerencia e a sensatez prevaleceu viva a democracia.,0,0,0,https://twitter.com/padilhando/status/1620930877122572289
Brasileiro de Bem,@Macklewry11,https://twitter.com/Macklewry11/status/1621111619961905152,2023-02-02T11:41:43.000Z,"Você dizer que o governo não interferiu nas votaçoes de ontem e de uma grande hipocrisia, não?
Exonerar os ministros para as votaçoes, não seria interferir? Prometer cargos, não seria interferir? 
Pedidos de impeachment do descondenado 02.",0,0,0,https://twitter.com/padilhando/status/1620930877122572289
DENISE PAIXÃO,@denysepaixao,https://twitter.com/denysepaixao/status/1620931868903485440,2023-02-01T23:47:27.000Z,Parabéns @padilhando,0,0,0,https://twitter.com/padilhando/status/1620930877122572289
REESTATIZA,@LUZPRATODOS2023,https://twitter.com/LUZPRATODOS2023/status/1620939619553386496,2023-02-02T00:18:15.000Z,#ReestatizaEletrobrasJá #ReestatizaEletrobrasJá,0,0,1,https://twitter.com/padilhando/status/1620930877122572289
Maezio Lucena,@LucenaMaezio,https://twitter.com/LucenaMaezio/status/1620941716181368832,2023-02-02T00:26:35.000Z,Piso salarial da enfermagem já!!!! #enfermagemnaluta #enfermagemunida #dignidadesalarial #pisosalarialdaenfermagem #mpdaenfermagem #lulaoficial #padilha #nisiatrindadelima @lulaoficial @padilhando @nisia_trindade,0,0,0,https://twitter.com/padilhando/status/1620930877122572289
Laerte Fernando,@LaerteFernando,https://twitter.com/LaerteFernando/status/1620948319269965824,2023-02-02T00:52:49.000Z,O quê Eduardo Bolsonaro fez por São Paulo?❓O quê Hélio Lopes fez pelo Rio de Janeiro?❓Quais foram os projetos de Carla Zambelli?,0,0,0,https://twitter.com/padilhando/status/1620930877122572289
FAZUELI (selo azul),@kevinsilva01111,https://twitter.com/kevinsilva01111/status/1620931236901580801,2023-02-01T23:44:56.000Z,Perdeu mané. Bolsonaro perde mais uma. Perdeu no 1° turno. Perdeu no 2°turno. Perdeu no fracasso do golpe de 8 de janeiro. E perde agora a eleição no congresso. Bolsonarismo rumo ao declínio,0,0,0,https://twitter.com/padilhando/status/1620930877122572289
