nome,usuario,idTweet,dataPublicacao,texto,replies,retweets,likes,tweetPai
Frente Ambientalista,@ambientalfrente,https://twitter.com/ambientalfrente/status/1620909287467008013,2023-02-01T22:17:43.000Z,"Deputado Alexandre Padilha, parabenizamos pela sua legislatura e aproveitamos para convida-lo para se tornar um membro da Frente Parlamentar Ambientalista.

Caso queira fazer parte do nosso time de parlamentares basta seguir os próximos passos e realizar a sua assinatura 👇",1,0,0,https://twitter.com/padilhando/status/1620793965099245568
Lucas Mendonça Rios,@lucasmrios,https://twitter.com/lucasmrios/status/1620794380855689216,2023-02-01T14:41:07.000Z,Que os novos Parlamentares legislem em consonância com os novos ventos trazidos pelo povo brasileiro na eleição de 30 de outubro!,0,0,0,https://twitter.com/padilhando/status/1620793965099245568
Maria Solange,@MariaSo77454547,https://twitter.com/MariaSo77454547/status/1620855884963532800,2023-02-01T18:45:31.000Z,ENTÃO LIBEREM DA PRISÃO IMEDIATAMENTE OS PRESOS POLÍTICOS DO ATO DO DIA 8/01/23 . 😡,0,0,0,https://twitter.com/padilhando/status/1620793965099245568
Enrico Incao,@enrico_incao,https://twitter.com/enrico_incao/status/1620880149855014938,2023-02-01T20:21:56.000Z,Vocês vão ter que engolir 😊,0,0,0,https://twitter.com/padilhando/status/1620793965099245568
Sérgio Bueno,@SergioMBueno21,https://twitter.com/SergioMBueno21/status/1620827738272825345,2023-02-01T16:53:40.000Z,Projetos para enriquecer a esquerdalha e afundar o Brasil.,0,0,0,https://twitter.com/padilhando/status/1620793965099245568
Geovanny Lucas,@GeovannyLucas8,https://twitter.com/GeovannyLucas8/status/1620794495125303296,2023-02-01T14:41:35.000Z,MARINHO NÃO#PachecoSIM #MarinhoNAO,0,0,0,https://twitter.com/padilhando/status/1620793965099245568
Alexandre Nuno,@alenuno,https://twitter.com/alenuno/status/1620827276693872646,2023-02-01T16:51:50.000Z,"Unificado, kkkk, vai nessa...",0,0,0,https://twitter.com/padilhando/status/1620793965099245568
Quetta,@JornalismoCheck,https://twitter.com/JornalismoCheck/status/1638349817616146432,2023-03-22T01:20:10.000Z,esse brasil do nepotismo e de triplex pode ir p o lixo https://senado.leg.br/transparencia/rh/servidores/remuneracao.asp?fcodigo=3826953&fvinculo=&mes=01/01/2023… @teresaleitao_,0,0,0,https://twitter.com/padilhando/status/1620793965099245568
