nome,usuario,idTweet,dataPublicacao,texto,replies,retweets,likes,tweetPai
robertoalmeidaperes,@roberto62271657,https://twitter.com/roberto62271657/status/1620926683540000768,2023-02-01T23:26:51.000Z,Parabéns 🎉🎊🍾🎈!!!,0,0,0,https://twitter.com/AlencarBraga13/status/1620925223850881024
Sem anistia para golpista!,@MarceloSC_2,https://twitter.com/MarceloSC_2/status/1620931630662836224,2023-02-01T23:46:30.000Z,Achei que ela iria ser a primeira secretária ou até a vice...,0,0,0,https://twitter.com/AlencarBraga13/status/1620925223850881024
SD-#2OutForabolsonaro,@OUROGOLD1,https://twitter.com/OUROGOLD1/status/1621128109088198656,2023-02-02T12:47:14.000Z,"Muito bom!
Deveria ser a primeira secretária ou vice!",0,0,0,https://twitter.com/AlencarBraga13/status/1620925223850881024
SD-#2OutForabolsonaro,@OUROGOLD1,https://twitter.com/OUROGOLD1/status/1621128132307861505,2023-02-02T12:47:20.000Z,Rs.,0,0,0,https://twitter.com/AlencarBraga13/status/1620925223850881024
Marisa victorio da silva,@victorio_marisa,https://twitter.com/victorio_marisa/status/1620929991746924544,2023-02-01T23:40:00.000Z,Maria do Rosário - Eleita 2ª Secretária da Camara dos Deputados ✊✊✊⭐🍀✔️ Parabéns à grande companheira @mariadorosario pela sua eleição para conduzir a 2ª Secretaria da Câmara no biênio 2023 - 2024. Além da sua competência e  longa trajetória de luta e compromisso com +,0,0,0,https://twitter.com/AlencarBraga13/status/1620925223850881024
Marisa victorio da silva,@victorio_marisa,https://twitter.com/victorio_marisa/status/1620930223117320193,2023-02-01T23:40:55.000Z,"a democracia, Rosário representa a força das   mulheres do @ptbrasil e do Brasil.

Maria do Rosário ✊✊✊⭐🍀",0,0,0,https://twitter.com/AlencarBraga13/status/1620925223850881024
