nome,usuario,idTweet,dataPublicacao,texto,replies,retweets,likes,tweetPai
Eu cuscuz,@ElCuscuz,https://twitter.com/ElCuscuz/status/1620801346692681734,2023-02-01T15:08:48.000Z,👏👏👏👏,0,0,1,https://twitter.com/AlencarBraga13/status/1620794234495455232
joana teresa,@joanaouteresa,https://twitter.com/joanaouteresa/status/1620794574284390400,2023-02-01T14:41:54.000Z,Parabéns deputado por mais um mandato!!!,0,0,0,https://twitter.com/AlencarBraga13/status/1620794234495455232
Marisa victorio da silva,@victorio_marisa,https://twitter.com/victorio_marisa/status/1620809377149222913,2023-02-01T15:40:43.000Z,"✊✊✊⭐🍀Início de uma nova legislatura 2023 - 2027 
Alencar Santana 👏👏👏✔️ Depoimentos da minha esposa e da minha mãe, que me acompanham de perto, apoiando, cobrando, sugerindo, criticando e fortalecendo a minha luta desde que fui eleito vereador de Guarulhos em 2004.",0,0,0,https://twitter.com/AlencarBraga13/status/1620794234495455232
