nome,usuario,idTweet,dataPublicacao,texto,replies,retweets,likes,tweetPai
Ana Paula Junqueira Leão,@apjunqueira,https://twitter.com/apjunqueira/status/1620947625469157377,2023-02-02T00:50:04.000Z,"As palavras me faltam, mas quero agradecer aos meus familiares e amigos, que conseguiram me acompanhar presencialmente e aos tantos outros que enviaram suas energias e mensagens de carinho a distância. Sei que todos vocês estavam junto comigo.",1,1,3,https://twitter.com/apjunqueira/status/1620947614232645632
Ana Paula Junqueira Leão,@apjunqueira,https://twitter.com/apjunqueira/status/1620947640698503168,2023-02-02T00:50:07.000Z,"Agradeço também toda equipe do gabinete 658 pelas flores e tenho a absoluta convicção de que faremos um trabalho lindo, assim como fizemos no dia de hoje. Começamos com o pé direito. 

Obrigada, obrigada e obrigada!#AnaPaulaDeputadaFederal",0,0,3,https://twitter.com/apjunqueira/status/1620947614232645632
Stéphane Frappat,@StephaneFrappat,https://twitter.com/StephaneFrappat/status/1621206216616583168,2023-02-02T17:57:37.000Z,Parabéns Ana Paula. Sabemos que você vai fazer o melhor (e ainda mais) pra Uberlândia e o Brasil.,1,0,1,https://twitter.com/apjunqueira/status/1620947614232645632
Ana Paula Junqueira Leão,@apjunqueira,https://twitter.com/apjunqueira/status/1621291672117059592,2023-02-02T23:37:11.000Z,"Obrigada, @StephaneFrappat! Conte comigo.",0,0,0,https://twitter.com/apjunqueira/status/1620947614232645632
