nome,usuario,idTweet,dataPublicacao,texto,replies,retweets,likes,tweetPai
Mrs Vedder,@vedder_mrs,https://twitter.com/vedder_mrs/status/1621159025147781121,2023-02-02T14:50:05.000Z,Eduardo bananinha ta maravilhoso,0,0,1,https://twitter.com/AlencarBraga13/status/1620959259407310850
Marisa victorio da silva,@victorio_marisa,https://twitter.com/victorio_marisa/status/1620969738758393856,2023-02-02T02:17:56.000Z,"Bolsoladrão - os filhos - os golpistas trapalhão✔️Capa sensacional do @diplobrasil feita pelo @crisvector divulgada hoje. 
Quantas figuras golpistas você identificou?  Eu achei 11.👏👏👏",0,0,0,https://twitter.com/AlencarBraga13/status/1620959259407310850
@MiguelvvJ,@MiguelvvJ,https://twitter.com/MiguelvvJ/status/1620993312042717184,2023-02-02T03:51:36.000Z,#JAIR_DEIXOU_62MILHOES_POBREZA#JAIR_MATOU_695MIL_COVID#JAIR_PAGOU_51_IMOVEIS_R$_VIVO#PAPUDA_JAIR@Haddad_Fernando@gleisi@senadorhumberto@randolfeap@thainarafariapt@marcialiapt13@edinhosilva@AndreJanonesAdv@GuilhermeBoulos@cappellarianton@JANI_VALVERD@contrafake_,0,1,2,https://twitter.com/AlencarBraga13/status/1620959259407310850
@MiguelvvJ,@MiguelvvJ,https://twitter.com/MiguelvvJ/status/1620994030455910400,2023-02-02T03:54:28.000Z,#JAIR_DEIXOU_62MILHOES_POBREZA#JAIR_MATOU_695MIL_COVID#JAIR_PAGOU_51_IMOVEIS_R$_VIVO#PAPUDA_JAIR@Haddad_Fernando@gleisi@senadorhumberto@randolfeap@thainarafariapt@marcialiapt13@edinhosilva@AndreJanonesAdv@GuilhermeBoulos@cappellarianton@JANI_VALVERD@contrafake_,0,1,1,https://twitter.com/AlencarBraga13/status/1620959259407310850
@MiguelvvJ,@MiguelvvJ,https://twitter.com/MiguelvvJ/status/1620991906120351746,2023-02-02T03:46:01.000Z,#JAIR_DEIXOU_62MILHOES_POBREZA#JAIR_MATOU_695MIL_COVID#JAIR_PAGOU_51_IMOVEIS_R$_VIVO#XANDAOO@Haddad_Fernando@gleisi@senadorhumberto@randolfeap@thainarafariapt@marcialiapt13@edinhosilva@AndreJanonesAdv@GuilhermeBoulos@cappellarianton@JANI_VALVERD@contrafake_,0,1,1,https://twitter.com/AlencarBraga13/status/1620959259407310850
@MiguelvvJ,@MiguelvvJ,https://twitter.com/MiguelvvJ/status/1620994520828751873,2023-02-02T03:56:25.000Z,#JAIR_DEIXOU_62MILHOES_POBREZA#JAIR_MATOU_695MIL_COVID#JAIR_PAGOU_51_IMOVEIS_R$_VIVO#PAPUDA_JAIR@Haddad_Fernando@gleisi@senadorhumberto@randolfeap@thainarafariapt@marcialiapt13@edinhosilva@AndreJanonesAdv@GuilhermeBoulos@cappellarianton@JANI_VALVERD@contrafake_,0,0,0,https://twitter.com/AlencarBraga13/status/1620959259407310850
