nome,usuario,idTweet,dataPublicacao,texto,replies,retweets,likes,tweetPai
Marisa victorio da silva,@victorio_marisa,https://twitter.com/victorio_marisa/status/1621534264033480704,2023-02-03T15:41:09.000Z,"👮‍♂️🚓E o dia de Bolsonaro preso está cada vez mais perto! 😎😎😎✔️ Alô, golpista. A PF vai te achar! Nesta manhã teve início a Operação Lesa Pátria para prender bolsonaristas golpista - terroristas e seus financiadores - que atuaram no dia 8 de janeiro. E o dia de Bolsonaro +",2,0,1,https://twitter.com/AlencarBraga13/status/1621498053617147904
W Corretor Vander Voltolini,@W_Corretor_VV,https://twitter.com/W_Corretor_VV/status/1621505442957635585,2023-02-03T13:46:38.000Z,Buuu 👻Babaca!,0,0,1,https://twitter.com/AlencarBraga13/status/1621498053617147904
FB Silva,@fbarbosarjbr,https://twitter.com/fbarbosarjbr/status/1621499029526831112,2023-02-03T13:21:09.000Z,Quando são os MST e CUT… etc ! são protestos 😂😂  🤡,0,0,5,https://twitter.com/AlencarBraga13/status/1621498053617147904
Barbudinho*,@BarbudinOficial,https://twitter.com/BarbudinOficial/status/1621533083152388096,2023-02-03T15:36:28.000Z,EITAAA VAI FALTAR ESPAÇO NA CADEIA DE TANTO PATRIOTÁRIO 🤣🤣🤣,0,0,1,https://twitter.com/AlencarBraga13/status/1621498053617147904
Rita Marinielo formada em Estudos sociais UESB,@RMarinielo,https://twitter.com/RMarinielo/status/1621513649516077058,2023-02-03T14:19:14.000Z,Espero ansiosamente que  Bozo seja preso.,0,0,0,https://twitter.com/AlencarBraga13/status/1621498053617147904
Andrea Zanine,@andreazanine,https://twitter.com/andreazanine/status/1621513976487227394,2023-02-03T14:20:32.000Z,"A policia só não prende quadrilha! 
Igual ao seu partido.
Mas o dia de vocês irá chegar",0,0,6,https://twitter.com/AlencarBraga13/status/1621498053617147904
Filipi Santos,@FilipiS37254644,https://twitter.com/FilipiS37254644/status/1621559356603908099,2023-02-03T17:20:52.000Z,Porque não vai nas favela prender tráficate ?,0,0,0,https://twitter.com/AlencarBraga13/status/1621498053617147904
Paulo Fenga Paulo Fenga,@PauloPaulofenga,https://twitter.com/PauloPaulofenga/status/1621514880091295744,2023-02-03T14:24:08.000Z,"Eu heim !
Vou pra casa da tia me esconder......",0,0,1,https://twitter.com/AlencarBraga13/status/1621498053617147904
Marlene Pedrozo de Souza,@MarlenePedrozo1,https://twitter.com/MarlenePedrozo1/status/1621670701772963841,2023-02-04T00:43:19.000Z,"Espero  ouvir em  breve, pela @CNNBrasil  a notícia-bomba ""....acaba de acontecer nos EUA, neste instante,  com a ajuda da INTERPOL a prisão do ex pr Jair Bolsonaro e também  do ex blogueiro Alan dos Santos, que encontravam-se foragidos da justiça brasileira"".",0,0,4,https://twitter.com/AlencarBraga13/status/1621498053617147904
VAI VENDO BRASIL,@VaivendoBrasil2,https://twitter.com/VaivendoBrasil2/status/1621499550530764802,2023-02-03T13:23:13.000Z,👀🇧🇷,0,0,0,https://twitter.com/AlencarBraga13/status/1621498053617147904
Simone Santos,@Simone422308491,https://twitter.com/Simone422308491/status/1621534394228871172,2023-02-03T15:41:40.000Z,Cala a boca petista,0,0,3,https://twitter.com/AlencarBraga13/status/1621498053617147904
Iodinha,@Iodinha1,https://twitter.com/Iodinha1/status/1621537687915171841,2023-02-03T15:54:46.000Z,"Cadê a CPI? Quem não deve, não teme!",0,0,0,https://twitter.com/AlencarBraga13/status/1621498053617147904
Marisa victorio da silva,@victorio_marisa,https://twitter.com/victorio_marisa/status/1621534395759722500,2023-02-03T15:41:41.000Z,preso está cada vez mais perto! 📹@CNNBrasil,0,0,0,https://twitter.com/AlencarBraga13/status/1621498053617147904
Elio Carlos Delgado,@ElioCD,https://twitter.com/ElioCD/status/1621514690701717507,2023-02-03T14:23:23.000Z,"Aqueles ""deputados"" que agrediram verbalmente o código de conduta parlamentar e caluniaram o Presidente Lula, vão responder a comissão de ética?",2,0,1,https://twitter.com/AlencarBraga13/status/1621498053617147904
Flávia Costa,@FlviaLi19205971,https://twitter.com/FlviaLi19205971/status/1621539130327941120,2023-02-03T16:00:30.000Z,"Kkkkkkkkkkkk vcs são ridículos,chamar as tias do zap de terroristas é chegar ao fundo do poço da mediocridade e da hipocrisia!",0,0,0,https://twitter.com/AlencarBraga13/status/1621498053617147904
JOÃO 8V32,@ValenteGideao,https://twitter.com/ValenteGideao/status/1621825319962296321,2023-02-04T10:57:42.000Z,"ALENCAR PEDE PRO SEU MINISTRO SEU, NÃO DA MAIORIA DOS BRASILEIROS PRA PRENDER ESSE AQUI TÁ.
PRA PRENDER QUEM PAGOU PRA POLICIA OU SEGURANÇAS DO LOCAL DA DESTRUIÇÃO TB TÁ.
OU ACHA QUE TODOS SÃO B E DINO TÁ SENDO JUSTO COM TODOS🤣🤣🤣🤣🤣",0,0,0,https://twitter.com/AlencarBraga13/status/1621498053617147904
Boschetti S,@boschetti_s,https://twitter.com/boschetti_s/status/1621534570628653057,2023-02-03T15:42:22.000Z,"A ""polícia"" do Xandão nas ruas...",0,0,0,https://twitter.com/AlencarBraga13/status/1621498053617147904
Silvio Roberto,@SILVIOROBERTOT2,https://twitter.com/SILVIOROBERTOT2/status/1621799738537385985,2023-02-04T09:16:03.000Z,"Quando vão prender os bandidos e corruptos, inclusive o chefão que através de Golpe hoje é presidente da nação?",0,0,0,https://twitter.com/AlencarBraga13/status/1621498053617147904
Eliane da silva Lima,@Elianed91982247,https://twitter.com/Elianed91982247/status/1621537694433136640,2023-02-03T15:54:47.000Z,"Vcs estão perseguindo oa cidadãos de bem,vcs pagarão caro por isso,assim diz o SENHOR ☝️",0,0,0,https://twitter.com/AlencarBraga13/status/1621498053617147904
"CHUPETINHA, ME AGUARDE!",@AntifascistaCe,https://twitter.com/AntifascistaCe/status/1621502848876822529,2023-02-03T13:36:19.000Z,Vai faltar cadeia...@policiafederal @FlavioDino @RicardoCappelli,0,0,0,https://twitter.com/AlencarBraga13/status/1621498053617147904
Jose Prado,@JosePra45005356,https://twitter.com/JosePra45005356/status/1621511869768044554,2023-02-03T14:12:10.000Z,"Golpista eh quem solta ladrão,  elege nas urnas mais seguras fo mundo",0,0,1,https://twitter.com/AlencarBraga13/status/1621498053617147904
Leandro Lara,@Leandrolara001,https://twitter.com/Leandrolara001/status/1621645718267088896,2023-02-03T23:04:02.000Z,"De petista vagabundo tá na reta, se cuida!",0,0,0,https://twitter.com/AlencarBraga13/status/1621498053617147904
FabianoZTA,@ZtaFabiano,https://twitter.com/ZtaFabiano/status/1621833395616583680,2023-02-04T11:29:48.000Z,Quem será preso novamente será o Lula e sua quadrilha.  Terrorista é o cool da sua mãe.,0,0,0,https://twitter.com/AlencarBraga13/status/1621498053617147904
Ricardo,@Ricardo70527634,https://twitter.com/Ricardo70527634/status/1621538036449218561,2023-02-03T15:56:09.000Z,Que nada !!! São tudo infiltrados do PT!! Kkk,0,0,0,https://twitter.com/AlencarBraga13/status/1621498053617147904
mma,@VejaBem88,https://twitter.com/VejaBem88/status/1621500483570483203,2023-02-03T13:26:55.000Z,"Sem anistia,  golpistas na cadeia.  Só falta o chefe",0,1,2,https://twitter.com/AlencarBraga13/status/1621498053617147904
Quadros,@Quadros1682,https://twitter.com/Quadros1682/status/1621564131584221184,2023-02-03T17:39:50.000Z,Falou um petista. Kkkk#ForaLuladrao,0,0,0,https://twitter.com/AlencarBraga13/status/1621498053617147904
Direita Forte e unida,@Meu_Rumo,https://twitter.com/Meu_Rumo/status/1621508908211912707,2023-02-03T14:00:24.000Z,As mãos que aplaudem a injustiça implorarão por misericórdia amanhã. Cuidado!  Vacinados da Covid estão morrendo de AVC e infarto. À 4  a nos mandei um twitter pro Maduro dizendo que um tumor iria crescer dentro dele e acabou que minha esposa e minha mãe morreram de câncer.,0,0,0,https://twitter.com/AlencarBraga13/status/1621498053617147904
cleber de almeida,@rebelc1967,https://twitter.com/rebelc1967/status/1621513242328846337,2023-02-03T14:17:37.000Z,"E tudo isso aí é culpa do Golpista do Michel Temer, Cunha, Maia, etc, etc, a lista de calhordas é grande. E o Congresso recebeu mais uma leva grande de pilantras. Ou seja, culpa de um Povo manipulado e cheios de fomede comer e saber. Há um sistema instalado para isso. Né mídia?",0,0,0,https://twitter.com/AlencarBraga13/status/1621498053617147904
