nome,usuario,idTweet,dataPublicacao,texto,replies,retweets,likes,tweetPai
Dep. Alencar Santana,@AlencarBraga13,https://twitter.com/AlencarBraga13/status/1621879706831261697,2023-02-04T14:33:49.000Z,"Não é admissível que ela receba ameaças de morte de autoridades públicas do município que deveriam prezar pelo respeito à legalidade e ao Estado Democrático de Direito!

Estendo minha solidariedade também à vereadora @MondardoGiovana, outra vítima de violência política em SC. +",3,14,49,https://twitter.com/AlencarBraga13/status/1621879704452988928
Dep. Alencar Santana,@AlencarBraga13,https://twitter.com/AlencarBraga13/status/1621879715345620995,2023-02-04T14:33:51.000Z,"O mais absurdo é que a vereadora Maria Tereza foi alvo de uma cassação sumária porque denunciou o uso da simbologia nazista em manifestações golpistas na cidade, fato amplamente divulgado pelos meios de comunicação.

Mais detalhes:https://nsctotal.com.br/noticias/vereadora-que-denunciou-suposto-gesto-nazista-e-cassada-em-sao-miguel-do-oeste…",3,23,47,https://twitter.com/AlencarBraga13/status/1621879704452988928
@AProgressista,@AProgressista,https://twitter.com/AProgressistaSc/status/1621899581477818368,2023-02-04T15:52:48.000Z,#QuemApoiaNazistaeNazista,0,0,0,https://twitter.com/AlencarBraga13/status/1621879704452988928
Many Pereira Lula Rousseff,@ManyPereira,https://twitter.com/ManyPereira/status/1621880322593030144,2023-02-04T14:36:16.000Z,Cadê o @silviolual e o @FlavioDino pra ajudarem?,0,2,2,https://twitter.com/AlencarBraga13/status/1621879704452988928
Prof. Brito,@RBNBrito,https://twitter.com/RBNBrito/status/1622190181561376771,2023-02-05T11:07:32.000Z,Que a justiça eleitoral faça valer o direito,0,0,0,https://twitter.com/AlencarBraga13/status/1621879704452988928
Paulo R. Primaz,@pprimaz,https://twitter.com/pprimaz/status/1621882640486879238,2023-02-04T14:45:29.000Z,O @ptbrasil tem que ajudar e recorrer na justiça,0,0,3,https://twitter.com/AlencarBraga13/status/1621879704452988928
Marisa victorio da silva,@victorio_marisa,https://twitter.com/victorio_marisa/status/1621900851638927364,2023-02-04T15:57:51.000Z,"🆘🪑⚖️🪑Violência Política  🗣️🗣️🗣️✔️A vereadora Maria Tereza Capra ( PT) merece toda nossa solidariedade diante da cassação absurda do seu mandato na Câmara de São Miguel do Oeste (SC).
Além disso, Maria Tereza merece justiça, tanto pela violência política da qual é vítima,",0,1,1,https://twitter.com/AlencarBraga13/status/1621879704452988928
Marisa victorio da silva,@victorio_marisa,https://twitter.com/victorio_marisa/status/1621901000029134848,2023-02-04T15:58:26.000Z,quanto pelas ameaças das quais é alvo. +,0,0,0,https://twitter.com/AlencarBraga13/status/1621879704452988928
RV Cavalcanti,@RVCavalcanti53,https://twitter.com/RVCavalcanti53/status/1621965703585665024,2023-02-04T20:15:33.000Z,Foto de NAZISTAS cantando o hino nacional em São Miguel do Oeste. Vereadora denunciou e foi cassada por 11 vereadores machistas.,0,0,0,https://twitter.com/AlencarBraga13/status/1621879704452988928
