nome,usuario,idTweet,dataPublicacao,texto,replies,retweets,likes,tweetPai
Ana Borges,@Ana30Borges,https://twitter.com/Ana30Borges/status/1621709996072308739,2023-02-04T03:19:27.000Z,Oiii SDV,0,0,0,https://twitter.com/AlencarBraga13/status/1621605573765513219
Marisa victorio da silva,@victorio_marisa,https://twitter.com/victorio_marisa/status/1621613158677839872,2023-02-03T20:54:39.000Z,"#BNDES acompanhe a fala do presidente @LulaOficial e saiba a verdade sobre o BNDES. 💡""O Brasil não financia o país, mas sim a empresa brasileira que vai fazer o serviço."" 

(A verdade sempre!)",0,0,0,https://twitter.com/AlencarBraga13/status/1621605573765513219
Marisa victorio da silva,@victorio_marisa,https://twitter.com/victorio_marisa/status/1621627593941291008,2023-02-03T21:52:01.000Z,Lula lá Lula lá ❤️,0,0,0,https://twitter.com/AlencarBraga13/status/1621605573765513219
