nome,usuario,idTweet,dataPublicacao,texto,replies,retweets,likes,tweetPai
Debora Block,@DeboraFBergamo,https://twitter.com/DeboraFBergamo/status/1621360091160084480,2023-02-03T04:09:03.000Z,"Um dia, quem sabe?",0,0,0,https://twitter.com/AlencarBraga13/status/1621315380911243264
R Mine,@rminee,https://twitter.com/rminee/status/1621358764208148480,2023-02-03T04:03:47.000Z,Numerologia...2+5+6=?,0,0,0,https://twitter.com/AlencarBraga13/status/1621315380911243264
Marisa victorio da silva,@victorio_marisa,https://twitter.com/victorio_marisa/status/1621327574247809024,2023-02-03T01:59:51.000Z,antigo (239). Quem vai me visitar em Brasília? O café é bom e a nossa luta é firme! ✊🏽✊🏽✊✊✊⭐🍀,0,0,0,https://twitter.com/AlencarBraga13/status/1621315380911243264
Marisa victorio da silva,@victorio_marisa,https://twitter.com/victorio_marisa/status/1621326865720901635,2023-02-03T01:57:02.000Z,"#AlencarSantana vice-Líder #PT⭐na Câmara #camaradosdeputados 😀😃😄 pronta para ajudar Lula #deputadofederal 2º mandato - coragem, compromisso e amor 😍                        ✔️Casa nova em Brasília. Agora estamos no gabinete 256 do Anexo 4 da Câmara, bem na frente do +",0,0,0,https://twitter.com/AlencarBraga13/status/1621315380911243264
