nome,usuario,idTweet,dataPublicacao,texto,replies,retweets,likes,tweetPai
Marisa victorio da silva,@victorio_marisa,https://twitter.com/victorio_marisa/status/1621584713134604290,2023-02-03T19:01:37.000Z,"😩Herança maldita de Bolsonaro 😫                                                ✔️Essa é a herança maldita de Bolsonaro que o governo precisa enfrentar. Agora, com @lulaoficial 😀⭐✊, o Brasil vai sair da pobreza, com geração de emprego, valorização do salário mínimo +",0,0,0,https://twitter.com/AlencarBraga13/status/1621569204104351744
Marisa victorio da silva,@victorio_marisa,https://twitter.com/victorio_marisa/status/1621584871846977536,2023-02-03T19:02:15.000Z,"e programas sociais.

Lula lá Lula lá ❤️",0,0,0,https://twitter.com/AlencarBraga13/status/1621569204104351744
