nome,usuario,idTweet,dataPublicacao,texto,replies,retweets,likes,tweetPai
Dep. Alencar Santana,@AlencarBraga13,https://twitter.com/AlencarBraga13/status/1621664475760713728,2023-02-04T00:18:34.000Z,"2/9
O pastor evangélico que virou administrador do Palácio da Alvorada* e praticava assédio moral contra funcionários.

*Entregue com ""infiltrações no teto, os móveis terrivelmente deteriorados e o piso de jacarandá esburacado e sem manutenção"".",4,17,60,https://twitter.com/AlencarBraga13/status/1621664465778245633
Dep. Alencar Santana,@AlencarBraga13,https://twitter.com/AlencarBraga13/status/1621664487680970752,2023-02-04T00:18:37.000Z,"3/9
Falavam em família o tempo todo, apenas da boca pra fora, enquanto se odiavam e se agrediam longe dos holofotes. O chefe da milícia arrombou a adega da residência oficial a pontapés.",1,5,34,https://twitter.com/AlencarBraga13/status/1621664465778245633
Dep. Alencar Santana,@AlencarBraga13,https://twitter.com/AlencarBraga13/status/1621664497965436928,2023-02-04T00:18:40.000Z,"4/9
Fizeram estoque de picanha, camarão e bacalhau, pagos no cartão corporativo, e levaram embora quando deixaram o Palácio.",1,6,29,https://twitter.com/AlencarBraga13/status/1621664465778245633
Dep. Alencar Santana,@AlencarBraga13,https://twitter.com/AlencarBraga13/status/1621664508375621634,2023-02-04T00:18:42.000Z,"5/9
Ladrões de moedas de turistas. Quem viveu sempre de rachadinha e dos negócios ilegais de milícia, não ia deixar passar essa.",1,3,25,https://twitter.com/AlencarBraga13/status/1621664465778245633
Dep. Alencar Santana,@AlencarBraga13,https://twitter.com/AlencarBraga13/status/1621664520568541184,2023-02-04T00:18:45.000Z,"6/9
Conhecedora do ""arrego"" de policiais corruptos e das taxas cobradas pelas milícias no Rio de Janeiro, a família Bolsonaro passou a fazer um limpa no cartão corporativo, sacando quantidades absurdas de dinheiro nos caixas eletrônicos. Isso feito pelo milico Mauro Cesar Cid.",3,3,22,https://twitter.com/AlencarBraga13/status/1621664465778245633
Dep. Alencar Santana,@AlencarBraga13,https://twitter.com/AlencarBraga13/status/1621664532358635522,2023-02-04T00:18:48.000Z,"7/9
Rachadinha com o salário de uma amiga de Michelle Bolsonaro, Rosimary Cardoso Cordeiro.",3,8,33,https://twitter.com/AlencarBraga13/status/1621664465778245633
Dep. Alencar Santana,@AlencarBraga13,https://twitter.com/AlencarBraga13/status/1621664535969992705,2023-02-04T00:18:49.000Z,"8/9
O ""pastor-capeta"" flagrado na prática de assédio moral contra funcionários do Alvorada:",4,7,30,https://twitter.com/AlencarBraga13/status/1621664465778245633
Dep. Alencar Santana,@AlencarBraga13,https://twitter.com/AlencarBraga13/status/1621664552927596547,2023-02-04T00:18:53.000Z,"9/9
Michelle usava dinheiro sacado do cartão corporativo para pagar faculdade da meia-irmã e para enviar dinheiro a parentes em Ceilândia, cidade-satélite do DF. Tudo isso e muito mais (vídeos, áudios, documentos) na reportagem:👇🏽👇🏽https://metropoles.com/colunas/rodrigo-rangel/exclusivo-as-provas-que-ligam-michelle-bolsonaro-a-suspeita-de-caixa-2-no-palacio…",5,11,45,https://twitter.com/AlencarBraga13/status/1621664465778245633
Victória Paz,@VitriaP25020889,https://twitter.com/VitriaP25020889/status/1621849520056197125,2023-02-04T12:33:52.000Z,"A gente já sabe quem é essa gente, mesmo assim é impressionante.",1,0,3,https://twitter.com/AlencarBraga13/status/1621664465778245633
Marisa victorio da silva,@victorio_marisa,https://twitter.com/victorio_marisa/status/1621679197889482756,2023-02-04T01:17:04.000Z,"😸 o fio a meada - Alguns detalhes da reveladora reportagem de @rodrigo_rangel  e@Sarahteofilo e @Metropoles sobre as barbaridades cometidas pela família de milicianos que ocupou o Palácio do Planalto da Alvorada entre 2019 e 2022 :
1/9",0,2,5,https://twitter.com/AlencarBraga13/status/1621664465778245633
Rogerio B,@robrape,https://twitter.com/robrape/status/1621805683078270976,2023-02-04T09:39:41.000Z,A RACHADONA,0,0,0,https://twitter.com/AlencarBraga13/status/1621664465778245633
