nome,usuario,idTweet,dataPublicacao,texto,replies,retweets,likes,tweetPai
robertoalmeidaperes,@roberto62271657,https://twitter.com/roberto62271657/status/1621331372647358464,2023-02-03T02:14:56.000Z,Verdade presidente!!,0,0,1,https://twitter.com/AlencarBraga13/status/1621327316688244736
Sgt_Pimenta 4 - URSAL - Anjo Subversivo!,@Sgt_Pimenta4,https://twitter.com/Sgt_Pimenta4/status/1621536696876638211,2023-02-03T15:50:49.000Z,"E ele nem falou da AmBev, um possível rombo muito maior.

Viva o mercado😎PwC destaca passivo de R$ 80 bi em contingências tributárias em auditoria de balanço da Ambev | Empresas | Valor Investe -",0,0,2,https://twitter.com/AlencarBraga13/status/1621327316688244736
Claudio Manoel,@5459b2ec253a41f,https://twitter.com/5459b2ec253a41f/status/1621503812073652224,2023-02-03T13:40:09.000Z,"Apesar de ter razão, não gostei do tom da fala do Lula:
1) fora de contexto a alusão a motociatas;
2) inoportuno o comentário sobre pessoas e fraudes ainda sem comprovação conclusiva.
3) Lula caíu do pedestal de Presidente da República para agir como Bolsonaro no chiqueirinho.",1,0,0,https://twitter.com/AlencarBraga13/status/1621327316688244736
Marisa victorio da silva,@victorio_marisa,https://twitter.com/victorio_marisa/status/1621449594281263105,2023-02-03T10:04:43.000Z,"#LulaNaRedeTV 🗣️🪑🗣️🪑Concentração de riqueza✔️ Comentário DEMOLIDOR do @LulaOficial sobre a hipocrisia do mercado, que idólatra bilionários fraudadores e despreza pessoas que passam fome ... exatamente pela concentração de riqueza nas mãos de picaretas que falam em +",0,0,0,https://twitter.com/AlencarBraga13/status/1621327316688244736
Marisa victorio da silva,@victorio_marisa,https://twitter.com/victorio_marisa/status/1621449782106505221,2023-02-03T10:05:27.000Z,meritocracia pra esconder a cleptocracia.👏👏👏,0,0,0,https://twitter.com/AlencarBraga13/status/1621327316688244736
