nome,usuario,idTweet,dataPublicacao,texto,replies,retweets,likes,tweetPai
Dep. Alencar Santana,@AlencarBraga13,https://twitter.com/AlencarBraga13/status/1621491114854301697,2023-02-03T12:49:42.000Z,Fonte:,5,8,27,https://twitter.com/AlencarBraga13/status/1621489878822174723
Lilian Lula Silva 13,@lilianrpbs30,https://twitter.com/lilianrpbs30/status/1621705329695145985,2023-02-04T03:00:55.000Z,Abominável,0,0,0,https://twitter.com/AlencarBraga13/status/1621489878822174723
Samuel Ferreira Matos ☭,@samucamatos,https://twitter.com/samucamatos/status/1621496000211832835,2023-02-03T13:09:07.000Z,Que nojo dessa gente que se diz “cidadão de bem.”,0,0,2,https://twitter.com/AlencarBraga13/status/1621489878822174723
Vera Lucia Castellain Castellain,@CastellainLucia,https://twitter.com/CastellainLucia/status/1621492309165543425,2023-02-03T12:54:27.000Z,Que País é este ??????????,0,0,0,https://twitter.com/AlencarBraga13/status/1621489878822174723
Ana#SemAnistia!,@analucasdel,https://twitter.com/analucasdel/status/1621509808196308995,2023-02-03T14:03:59.000Z,"BOLSONARO NA CADEIA
DAMARES NA CADEIA 
MOURÃO NA CADEIA 👆🏽👆🏽👆🏽👆🏽👆🏽SÃO OS RESPONSÁVEIS POR TODA ESSA TRAGÉDIA!@alexandre @STF_oficial@FlavioDino",0,1,3,https://twitter.com/AlencarBraga13/status/1621489878822174723
Marisa victorio da silva,@victorio_marisa,https://twitter.com/victorio_marisa/status/1621531979085660161,2023-02-03T15:32:05.000Z,"#Yanomami 🌳🏹🛶🏹🛶🤰🏼🤰🏼🤰🏼30 meninas Yanomami grávidas de garimpeiros - tudo devastado pelos garimpeiros 😮😯😲.                                              ✔️ Segundo informações do @correio.braziliense , o Secretário Nacional dos Direitos da Criança e do Adolescente, Ariel +",0,0,1,https://twitter.com/AlencarBraga13/status/1621489878822174723
Marisa victorio da silva,@victorio_marisa,https://twitter.com/victorio_marisa/status/1621532163337224196,2023-02-03T15:32:49.000Z,"de Castro Alves, comunicou que a comitiva do Ministério dos Direitos Humanos e da Cidadania recebeu informações de que ao menos 30 meninas Yanomami estão grávidas de garimpeiros.                                  
Um grupo da pasta está em Boa Vista para reunir mais dados +",0,0,1,https://twitter.com/AlencarBraga13/status/1621489878822174723
Marisa victorio da silva,@victorio_marisa,https://twitter.com/victorio_marisa/status/1621532295927586818,2023-02-03T15:33:20.000Z,sobre as denúncias.,0,0,0,https://twitter.com/AlencarBraga13/status/1621489878822174723
Ceci Andrade,@PaivaCeci,https://twitter.com/PaivaCeci/status/1621699778810728448,2023-02-04T02:38:51.000Z,😢😢😢😢😢😢,0,0,0,https://twitter.com/AlencarBraga13/status/1621489878822174723
