nome,usuario,idTweet,dataPublicacao,texto,replies,retweets,likes,tweetPai
Dep. Alencar Santana,@AlencarBraga13,https://twitter.com/AlencarBraga13/status/1621502912156270592,2023-02-03T13:36:34.000Z,"Pra ele, o documento foi escrito pelo deputado Tiririca, porque tinha muitos erros de português. Ah, quem dera se o problema do delegado golpista fosse esse...",2,21,211,https://twitter.com/AlencarBraga13/status/1621502910289903617
Meg,@MegGestaoDiels,https://twitter.com/MegGestaoDiels/status/1621607414758776835,2023-02-03T20:31:50.000Z,Erros de português❓❓❓ Quem será que redigiu essa minuta❓❓🤔🤔,0,0,4,https://twitter.com/AlencarBraga13/status/1621502910289903617
Rita Marinielo formada em Estudos sociais UESB,@RMarinielo,https://twitter.com/RMarinielo/status/1621513333177487362,2023-02-03T14:17:59.000Z,"Em fim,nada vai acontecer com o golpista Anderson Torres..... tristeza morar num país que a justiça é seletiva. Só o Presidente Lula que foi pra cadeia injustamente...",1,4,30,https://twitter.com/AlencarBraga13/status/1621502910289903617
joey,@JoaoHenriqueGe2,https://twitter.com/JoaoHenriqueGe2/status/1621511300529651712,2023-02-03T14:09:54.000Z,"Goiânia fede, cara, sinto muito.",0,0,34,https://twitter.com/AlencarBraga13/status/1621502910289903617
"Escuta, Zé Ninguém",@EscutaZeNinguem,https://twitter.com/EscutaZeNinguem/status/1621514381870923777,2023-02-03T14:22:09.000Z,Demóstens Torres é aquele mesmo que foi cassado pelo Senado Federal no dia 11/07/2012 acusado de ligação com o bicheiro Carlinhos Cachoeira.,1,7,97,https://twitter.com/AlencarBraga13/status/1621502910289903617
Cida Feitosa,@CidaFeitosa14,https://twitter.com/CidaFeitosa14/status/1621548628400545793,2023-02-03T16:38:14.000Z,@AlencarBraga13 porque eles tem tanto foco n grande mídia. Estão tempo todo fazendo maldade e rindo,0,0,3,https://twitter.com/AlencarBraga13/status/1621502910289903617
Aquilez Nilson,@AquilezN,https://twitter.com/AquilezN/status/1621575789438197762,2023-02-03T18:26:10.000Z,"Avante companheiro.  Federalize a PCDF.  Tem de acabar a bagunça na segurança pública do DF. A PCDF PEDE SOCORRO AO GOVERNO FEDERAL.  OS POLICIAIS SAO CUMPRIDORES DA LEI, MAS ESTÃO HA 10 ANOS SEM REAJUSTE SALARIAL.",0,0,0,https://twitter.com/AlencarBraga13/status/1621502910289903617
