nome,usuario,idTweet,dataPublicacao,texto,replies,retweets,likes,tweetPai
Andréa Castro,@AndreaCastroPT,https://twitter.com/AndreaCastroPT/status/1621109930265812993,2023-02-02T11:35:00.000Z,"Odeio ele desde que ele bateu no Lula no filme ""Lula, o filho do Brasil""",0,0,0,https://twitter.com/AlencarBraga13/status/1621109168676675584
Amos Sousa,@AmosrBSousa055,https://twitter.com/AmosrBSousa055/status/1621109402693427206,2023-02-02T11:32:55.000Z,😂😂😂🤣,0,0,0,https://twitter.com/AlencarBraga13/status/1621109168676675584
Gloria Regali,@MiaSelene_,https://twitter.com/MiaSelene_/status/1621109359165018115,2023-02-02T11:32:44.000Z,Ahahahahhahaa,0,0,0,https://twitter.com/AlencarBraga13/status/1621109168676675584
Utopia Brasil,@DistopiaBrazil,https://twitter.com/DistopiaBrazil/status/1621116820827803649,2023-02-02T12:02:23.000Z,Grande Dia!,0,0,1,https://twitter.com/AlencarBraga13/status/1621109168676675584
Marisa victorio da silva,@victorio_marisa,https://twitter.com/victorio_marisa/status/1621112020925038592,2023-02-02T11:43:19.000Z,"""Daniel Silveira preso"" 👮‍♂️🚔✔️ Não é um bom momento pra ser Daniel e bolsonarista... 😀",0,0,0,https://twitter.com/AlencarBraga13/status/1621109168676675584
Pedro Vidal (Peter Pc),@Peterpc0909,https://twitter.com/Peterpc0909/status/1621114201400905730,2023-02-02T11:51:59.000Z,Serei qualquer um na face da terra MEnos Um LAdrao e Corrupto associada a quadrilha PT  e seus associades,0,0,0,https://twitter.com/AlencarBraga13/status/1621109168676675584
