nome,usuario,idTweet,dataPublicacao,texto,replies,retweets,likes,tweetPai
Felippe,@flppreis,https://twitter.com/flppreis/status/1622742259492917249,2023-02-06T23:41:18.000Z,"Deixa de conversar bosta, a moeda seria apenas para transações comerciais e poupariam a reserva de dólares, não há riscos econômicos.

Não misture alhos com bugalhos, a Argentina é o nosso terceiro maior parceiro comercial em meio a dezenas de países. 

Honestidade intelectual!",0,0,0,https://twitter.com/adriventurasp/status/1622600215244034050
Sebastião Moreira,@tiaomoreira,https://twitter.com/tiaomoreira/status/1622639535736619022,2023-02-06T16:53:07.000Z,"A moeda proposta não é para circulação e sim para referência em comércio exterior.

Tem baixíssima viabilidade, mas estão fazendo escarcéu por isso, enquanto itens mais críticos passam batidos.

Vão trabalhar.",0,0,1,https://twitter.com/adriventurasp/status/1622600215244034050
"Miyagi brasileiro, mas não pela sabedoria",@atchimolajuwon,https://twitter.com/atchimolajuwon/status/1622663637243506688,2023-02-06T18:28:53.000Z,"Não é essa a proposta, pelo menos nesse momento... agora que tomou posse, acho importante se posicionar sobre as reformas que virão!
Teve meu voto, mas terá minha cobrança!",0,0,0,https://twitter.com/adriventurasp/status/1622600215244034050
Felippe,@flppreis,https://twitter.com/flppreis/status/1622742488585830401,2023-02-06T23:42:13.000Z,"Do novo só se.espera o pior, vocês são de fato bolsonaristas Nutela, são tão perigosos e mau intencionados quanto ele, mentem que a cara nem treme. 

Esse novo nasceu velho",0,0,0,https://twitter.com/adriventurasp/status/1622600215244034050
