nome,usuario,idTweet,dataPublicacao,texto,replies,retweets,likes,tweetPai
Eduardo Guedes C2,@EduardoGuedesC2,https://twitter.com/EduardoGuedesC2/status/1622999881857081350,2023-02-07T16:45:00.000Z,"Prezada Adriana,

Creio que teremos que contratar designers gráficos.

Talvez assim, DESENHANDO, esse pessoal do governo e da imprensa consigam entender o óbvio.",0,0,2,https://twitter.com/adriventurasp/status/1622976569894490115
Marta #AntiBolsoLula,@Santos5Marta,https://twitter.com/Santos5Marta/status/1624792649348616195,2023-02-12T15:28:49.000Z,Concordo plenamente.,0,0,0,https://twitter.com/adriventurasp/status/1622976569894490115
Bernardo Oliveira,@Bernardomao86,https://twitter.com/Bernardomao86/status/1622999798478516248,2023-02-07T16:44:40.000Z,"Não é bem assim! Hoje o juros real do Brasil é um dos mais altos do mundo, mesmo com a inflação ""baixa"". Tem espaço para cortar juros",0,0,0,https://twitter.com/adriventurasp/status/1622976569894490115
Mauricio Polakowski,@MJPolakowski,https://twitter.com/MJPolakowski/status/1623263160634417154,2023-02-08T10:11:10.000Z,@LulaOficial presta atenção ☝️👁👀 não leve nosso país a ruína!!,0,0,0,https://twitter.com/adriventurasp/status/1622976569894490115
zenildojjunior,@zenildojjunior,https://twitter.com/zenildojjunior/status/1623020978451218432,2023-02-07T18:08:50.000Z,Parabéns aos que votaram nele.,0,0,0,https://twitter.com/adriventurasp/status/1622976569894490115
Fabiano Ribeiro,@FabiRibeirojf,https://twitter.com/FabiRibeirojf/status/1623040818259890205,2023-02-07T19:27:40.000Z,"Amoêdo declara voto em Lula no segundo turno, em entrevista a jornal | Eleições 2022 | O Globo",0,0,0,https://twitter.com/adriventurasp/status/1622976569894490115
Emma Ribeiro,@EmmaRib55836871,https://twitter.com/EmmaRib55836871/status/1623901975946399744,2023-02-10T04:29:36.000Z,"Mais penalizados do que foram no governo do genocida corrupto,  impossível.",0,0,0,https://twitter.com/adriventurasp/status/1622976569894490115
