nome,usuario,idTweet,dataPublicacao,texto,replies,retweets,likes,tweetPai
Lídice da Mata,@lidicedamata,https://twitter.com/lidicedamata/status/1622661614833901570,2023-02-06T18:20:51.000Z,E um ministro de governo ultrapassado tem severa dor de cotovelo e pensamento mesquinho .,2,0,38,https://twitter.com/AlencarBraga13/status/1622261261701357570
Dep. Alencar Santana,@AlencarBraga13,https://twitter.com/AlencarBraga13/status/1622669613757612032,2023-02-06T18:52:38.000Z,impressionante como ainda conseguem abrir a boca para criticar uma campanha de vacinação depois do que fizeram nos últimos 4 anos!,6,0,24,https://twitter.com/AlencarBraga13/status/1622261261701357570
Lourenzo de Oliveira,@lourenzaoba,https://twitter.com/lourenzaoba/status/1622268074316496897,2023-02-05T16:17:03.000Z,Ele defende a morte!,0,0,2,https://twitter.com/AlencarBraga13/status/1622261261701357570
BethK,@BethK32279062,https://twitter.com/BethK32279062/status/1622610164938317824,2023-02-06T14:56:24.000Z,Ciro Nogueira representa o que há de pior no ser humano,0,0,0,https://twitter.com/AlencarBraga13/status/1622261261701357570
E no fim o ladrão tinha 10 dedos,@Daniele99502778,https://twitter.com/Daniele99502778/status/1622266190876778497,2023-02-05T16:09:34.000Z,Depois das carpas nada me surpreende,20,6,59,https://twitter.com/AlencarBraga13/status/1622261261701357570
Ceiça Medeiros,@Ceissa_Med,https://twitter.com/Ceissa_Med/status/1622680825769721861,2023-02-06T19:37:11.000Z,Dá cabimento não!,0,0,0,https://twitter.com/AlencarBraga13/status/1622261261701357570
Med175,@Med1751,https://twitter.com/Med1751/status/1622279348014223360,2023-02-05T17:01:51.000Z,Gilmar Mendes tá certo.,0,1,21,https://twitter.com/AlencarBraga13/status/1622261261701357570
Cloves Reges,@Regesmaia,https://twitter.com/Regesmaia/status/1622738590781300736,2023-02-06T23:26:43.000Z,"Isso, meu amigo, é doença sem cura. O bolsonarismo reuniu diante de si um apanhado de fracassados, de marginais, de seres vazios de espírito, uma patuleia cuja existência carecia até então de algum significado útil, e encontraram no Cbozo o representante perfeito.",0,0,0,https://twitter.com/AlencarBraga13/status/1622261261701357570
Varlei Francisco,@FranciscoVarlei,https://twitter.com/FranciscoVarlei/status/1622336567305015297,2023-02-05T20:49:13.000Z,É falta de empatia com a população.,0,0,0,https://twitter.com/AlencarBraga13/status/1622261261701357570
Roberto Hideki,@rhtatemoto,https://twitter.com/rhtatemoto/status/1622285507689418755,2023-02-05T17:26:20.000Z,O Ciro deve crer que Jesus Cristo nasceu em 1990 DC.,0,0,0,https://twitter.com/AlencarBraga13/status/1622261261701357570
Lula L é amor,@Odara_100,https://twitter.com/Odara_100/status/1622263088979365889,2023-02-05T15:57:15.000Z,"A matriz ideológica do bolsonarismo é neonazismo
Para eles, os neonazis, o genocídio faz parte do negócio 
Por isso são antivax",2,3,64,https://twitter.com/AlencarBraga13/status/1622261261701357570
MITO,@ThiagoB49,https://twitter.com/ThiagoB49/status/1622552640872759298,2023-02-06T11:07:49.000Z,Colocaram a mesma coisa que fez um ministro de STF descondenar o maior corrupto da história do brasil condenado a 12 anos de cadeia em 3 instâncias !!!,0,0,0,https://twitter.com/AlencarBraga13/status/1622261261701357570
Aproprianay,@aproprianay,https://twitter.com/aproprianay/status/1622353752593240065,2023-02-05T21:57:31.000Z,"Simples: a crítica não é da campanha, é em relação à escolhida para faze-la. Até o felipe neto hoje em dia é mais rainha dos baixinhos que a xuxa.",1,0,2,https://twitter.com/AlencarBraga13/status/1622261261701357570
Glau,@GlauOliveira22,https://twitter.com/GlauOliveira22/status/1622302179192197120,2023-02-05T18:32:35.000Z,"Qd a gente deixar de dar importância para o que essa gente fala e pensa as coisas vão melhorar bastante. 

Só tem impotência aquilo que é prioridade, e não é o caso do bolsonarismo. 

Atraso mesmo é pedir golpe militar. Mas a hipocrisia dessa gente não tem fim.",1,0,28,https://twitter.com/AlencarBraga13/status/1622261261701357570
Marcellaggusmao,@Marcellaggusmao,https://twitter.com/Marcellaggusmao/status/1622667786131578897,2023-02-06T18:45:22.000Z,Efeitos colaterais de Viagra com cloroquinaSonaro,0,0,0,https://twitter.com/AlencarBraga13/status/1622261261701357570
Flavio Moreira da Costa,@FlavioMoreirad9,https://twitter.com/FlavioMoreirad9/status/1622270542605680641,2023-02-05T16:26:52.000Z,Esse povo estão desesperado e não sabe mais como atacar o novo governo.,5,0,11,https://twitter.com/AlencarBraga13/status/1622261261701357570
Roberto Baginski,@robertobaginski,https://twitter.com/robertobaginski/status/1622279571620986882,2023-02-05T17:02:45.000Z,Qual é a surpresa? A turma do fujão passou pelo menos 3 anos atacando as vacinas. Não seria agora que sairiam do delírio em que vivem e que tentaram impor a todos nós.,4,0,17,https://twitter.com/AlencarBraga13/status/1622261261701357570
Madaba,@MariaDarlene,https://twitter.com/MariaDarlene/status/1622262068731674631,2023-02-05T15:53:12.000Z,O bolsonarismo é PODRE. Ciro Nogueira faz parte de toda essa podridão.,1,0,38,https://twitter.com/AlencarBraga13/status/1622261261701357570
Ride The Light dxs85,@DiegoSadButTrue,https://twitter.com/DiegoSadButTrue/status/1622727584256602116,2023-02-06T22:42:59.000Z,Detergente talvez,0,0,0,https://twitter.com/AlencarBraga13/status/1622261261701357570
Simone Lopes,@Din2Diniz,https://twitter.com/Din2Diniz/status/1622329887548739585,2023-02-05T20:22:41.000Z,É daquele tipo que achava general ministro um gênio,0,0,0,https://twitter.com/AlencarBraga13/status/1622261261701357570
Eu amo o deboche,@hoft_puga,https://twitter.com/hoft_puga/status/1622308904129503232,2023-02-05T18:59:18.000Z,Intervir negativamente na saúde pública deveria ser crime! Esse cara não se vacinou na infância?,2,5,93,https://twitter.com/AlencarBraga13/status/1622261261701357570
Paulo Almeida,@drpaulonutro,https://twitter.com/drpaulonutro/status/1622719425018298394,2023-02-06T22:10:34.000Z,"O mais impressionante é, como uma figura abjeta como @ciro_nogueira conseguiu uma expressão política que ele tem.",4,10,106,https://twitter.com/AlencarBraga13/status/1622261261701357570
Roberto Mídia,@RobertoMidia,https://twitter.com/RobertoMidia/status/1622565213907083266,2023-02-06T11:57:47.000Z,Dor de cotovelo é fogo!!? Mais a xuxa não vai dar autógrafos para vc não! Vc é um menino mal!🤣🤣🤣🤣🤣🤣,0,0,0,https://twitter.com/AlencarBraga13/status/1622261261701357570
João,@albertoalmei35,https://twitter.com/albertoalmei35/status/1622576464200605697,2023-02-06T12:42:29.000Z,"Ciro Nogueira é  negacionista  de vacina mais, bolsarismo impregnado no Senado. VIROU DOENÇA.",0,0,0,https://twitter.com/AlencarBraga13/status/1622261261701357570
Tânia C. B. Cabral,@Tania_Cabral,https://twitter.com/Tania_Cabral/status/1622592502338400261,2023-02-06T13:46:13.000Z,"Gostei da Xuxa ter sido convidada para estimular a campanha de vacinação ao lado do Zé Gotinha. O país já foi referência em campanhas de vacinação e é preciso voltar a ser. Chega de negacionismo, herança perversa deixada por @jairbolsonaro",0,0,0,https://twitter.com/AlencarBraga13/status/1622261261701357570
Denise Alpoimg,@DeniseAlpoim,https://twitter.com/DeniseAlpoim/status/1622876106159276032,2023-02-07T08:33:09.000Z,Viva a vacina! Viva a Xuxa!,0,0,0,https://twitter.com/AlencarBraga13/status/1622261261701357570
Elis Albuquerque,@ElisCarmem,https://twitter.com/ElisCarmem/status/1622701562614149120,2023-02-06T20:59:35.000Z,Qual criança de HOJE se identifica com esta SENHORA?,0,0,0,https://twitter.com/AlencarBraga13/status/1622261261701357570
WagnerAm ™,@wagn_am,https://twitter.com/wagn_am/status/1622634913512947717,2023-02-06T16:34:45.000Z,Nem precisaria. Já nascem vis.,0,0,0,https://twitter.com/AlencarBraga13/status/1622261261701357570
 Julia Rodrigues ,@julia_rodnelly,https://twitter.com/julia_rodnelly/status/1622282550583377920,2023-02-05T17:14:35.000Z,"Esse Ciro Nogueira, está mergulhado no ódio, inveja , que triste a inveja ela acaba com ser humano . Esse cara está a cada dia! Só o Ódio do governo do Lulinha …",0,0,10,https://twitter.com/AlencarBraga13/status/1622261261701357570
Mauricio,@MauDeltinha,https://twitter.com/MauDeltinha/status/1622521448920150016,2023-02-06T09:03:53.000Z,"Colocaram nada.
Ninguém conhece essa senhora ai.
Campanha foi feita apenas para lacrar.",0,0,0,https://twitter.com/AlencarBraga13/status/1622261261701357570
Arisuen,@neusira3,https://twitter.com/neusira3/status/1622266565260369925,2023-02-05T16:11:04.000Z,Bolsonazismo mata!,0,0,3,https://twitter.com/AlencarBraga13/status/1622261261701357570
Paulo Silva,@PauloSilva1955,https://twitter.com/PauloSilva1955/status/1622710110417027097,2023-02-06T21:33:33.000Z,Ciro Nogueira não tem vergonha cara. Trata-se de uma figura pública desprezível.,0,0,0,https://twitter.com/AlencarBraga13/status/1622261261701357570
DnisMoTa,@MotaDnis,https://twitter.com/MotaDnis/status/1622436174181634048,2023-02-06T03:25:01.000Z,vacinas ineficaz ate o bil gates financiador da vacina ja disse isso e so pesquisarem no google ta tudo la. bons estudos,3,0,1,https://twitter.com/AlencarBraga13/status/1622261261701357570
Michelle Nascimento,@Michell63284921,https://twitter.com/Michell63284921/status/1622608729026830339,2023-02-06T14:50:42.000Z,"Bolsonarismo é uma doença que desperta o pior das pessoas, precisa ser combatida e extinta.",0,0,0,https://twitter.com/AlencarBraga13/status/1622261261701357570
PLANETA GADOLANDIA,@TemptationVenus,https://twitter.com/TemptationVenus/status/1622399322359828480,2023-02-06T00:58:35.000Z,NA VERDADE ELES NÃO TEM PAUTA PARA CRITICAR ENTÃO INVENTAM. CABE A TODOS NÓS MOSTRAR A VERDADE. SE TODOS FAZEREM SUA PARTE NO FINAL DE 4 ANOS NEM AS MOSCAS VAO VOTAR NESSA GENTE DESMORALIZADA.,0,0,8,https://twitter.com/AlencarBraga13/status/1622261261701357570
Mariangela Maximo,@maxi1_maximo,https://twitter.com/maxi1_maximo/status/1622410105894363138,2023-02-06T01:41:26.000Z,Não se tem que dar mais atenção ao que essas pessoas falam. Devemos fazê-lo apenas quando algum acontecimento merecer reação. Ciro devia ficar envergonhado com crítica tão tosca. Devia se pronunciar sobre as 700.000 pessoas que morreram de COVID. Mas isso ele não pode fazer.,2,0,7,https://twitter.com/AlencarBraga13/status/1622261261701357570
Mariah Mariah,@MariaGr98544362,https://twitter.com/MariaGr98544362/status/1623049956775936000,2023-02-07T20:03:59.000Z,O melhor ídolo do passado que ja tivemos.por isso ele esta presente.seu ciro nogueira.,0,0,0,https://twitter.com/AlencarBraga13/status/1622261261701357570
Marmota,@MarmotaManhosa,https://twitter.com/MarmotaManhosa/status/1622328837332672515,2023-02-05T20:18:30.000Z,Ciro Nogueira chamou tanto o Bolsonaro de fascist@ que virou um lord,0,0,1,https://twitter.com/AlencarBraga13/status/1622261261701357570
Guilherme Amorim,@GuiUbiali,https://twitter.com/GuiUbiali/status/1622387954671882240,2023-02-06T00:13:25.000Z,Cloroquina,0,0,1,https://twitter.com/AlencarBraga13/status/1622261261701357570
BJ CORINTHIANO,@bssjtimao,https://twitter.com/bssjtimao/status/1622347266689302533,2023-02-05T21:31:44.000Z,"Vindo dessa raça, não é surpresa.",0,0,0,https://twitter.com/AlencarBraga13/status/1622261261701357570
Carla abreu #foracamposneto,@aaaa10149982,https://twitter.com/aaaa10149982/status/1622287107342438400,2023-02-05T17:32:41.000Z,"Rainha nunca perde a majestade ,esse ciro Nogueira que é um político velho e da velha política!",0,0,0,https://twitter.com/AlencarBraga13/status/1622261261701357570
PATRICIA XIMENES - (Ruivinha) ,@DojeitoP,https://twitter.com/DojeitoP/status/1622442552157782016,2023-02-06T03:50:22.000Z,Esperar o que desse CIRO TIC TAC,0,0,0,https://twitter.com/AlencarBraga13/status/1622261261701357570
Shirleny Monteiro,@shirlenymontei1,https://twitter.com/shirlenymontei1/status/1622384919132389377,2023-02-06T00:01:21.000Z,CLOROQUINA,0,0,0,https://twitter.com/AlencarBraga13/status/1622261261701357570
Hippie Chic,@AmanhaSeraLindo,https://twitter.com/AmanhaSeraLindo/status/1622282320790134784,2023-02-05T17:13:40.000Z,"Muito bem colocado. 
Ele mesmo está por aí há décadas então dá pra dizer que é do passado tb?",0,0,0,https://twitter.com/AlencarBraga13/status/1622261261701357570
ACORDA BRASIL EU QUERO TE VER CONTENT,@marinesscussia1,https://twitter.com/marinesscussia1/status/1622399929418227712,2023-02-06T01:01:00.000Z,Kkkk vergonha,0,0,0,https://twitter.com/AlencarBraga13/status/1622261261701357570
mariamaria,@maria7maria12,https://twitter.com/maria7maria12/status/1622372988560576514,2023-02-05T23:13:57.000Z,Eu não me espanto!com esse tipo de comentário. O q se pode esperar de um cavernário?,0,0,0,https://twitter.com/AlencarBraga13/status/1622261261701357570
Daniele Prada ,@XpradaOne,https://twitter.com/XpradaOne/status/1622391281488896001,2023-02-06T00:26:38.000Z,Cloroquina,0,0,0,https://twitter.com/AlencarBraga13/status/1622261261701357570
Não sei,@curupira8590,https://twitter.com/curupira8590/status/1622267727975956487,2023-02-05T16:15:41.000Z,Não precisa colocar. Todos os ingredientes necessários já estão na neuroquímica de todos nós.,0,0,0,https://twitter.com/AlencarBraga13/status/1622261261701357570
Cris,@Cristin48951740,https://twitter.com/Cristin48951740/status/1622344880390344707,2023-02-05T21:22:15.000Z,Bolsonarismo tem que ser tratado como doença psicológica..,0,0,0,https://twitter.com/AlencarBraga13/status/1622261261701357570
NUNCA MAIS UM BRASIL SEM TODOS NÓS,@GenariSandra,https://twitter.com/GenariSandra/status/1622296453375791108,2023-02-05T18:09:49.000Z,"Porque o espanto? Ou você acredita que o ministro da Casa Civil não tinha ideia do que estava acontecendo na Terra Indígena Yanomami? Ou no Palácio do Alvorada? Ou com os planos de golpe?
Não lembra do Tic tac diário?",0,3,60,https://twitter.com/AlencarBraga13/status/1622261261701357570
José Eduardo - Socialista de Android,@EduMasterPE1,https://twitter.com/EduMasterPE1/status/1622332108113952768,2023-02-05T20:31:30.000Z,"Boa tarde.

Não sou psiquiatra, mas tenho um ""palpite"".",0,0,3,https://twitter.com/AlencarBraga13/status/1622261261701357570
Lula Falcão,@lulafalcao,https://twitter.com/lulafalcao/status/1622281686040940545,2023-02-05T17:11:09.000Z,Passado é ser antivax,0,0,6,https://twitter.com/AlencarBraga13/status/1622261261701357570
Gabi Antunes,@GabrielaGrossk2,https://twitter.com/GabrielaGrossk2/status/1622289390319071232,2023-02-05T17:41:45.000Z,Cloroquina.,0,2,24,https://twitter.com/AlencarBraga13/status/1622261261701357570
Acelina Mar,@acelina_mar,https://twitter.com/acelina_mar/status/1622382539363983361,2023-02-05T23:51:54.000Z,"Ele já não anda bem faz um tempinho…depois daquela história do tic tac tic tac, não retornou ao estado normal. 
Tadinho. Será se continuará assim para sempre??",1,0,21,https://twitter.com/AlencarBraga13/status/1622261261701357570
Rodrigo Nonato,@RodrigoNonatodk,https://twitter.com/RodrigoNonatodk/status/1622262424802934784,2023-02-05T15:54:36.000Z,Bolsonarismo é uma doença,0,1,40,https://twitter.com/AlencarBraga13/status/1622261261701357570
Jac_ Pela regulamentação urgente da mídia,@jacromanoff,https://twitter.com/jacromanoff/status/1622325180382019585,2023-02-05T20:03:59.000Z,"Viu o q um deputado fez c uma montagem do Ministro Flávio Dino como uma Globeleza, estimulando a gordofobia? O PT precisa fazer algo, não pode deixar esses deputados soltos.",2,0,12,https://twitter.com/AlencarBraga13/status/1622261261701357570
José,@JM013ID,https://twitter.com/JM013ID/status/1622269229511712771,2023-02-05T16:21:39.000Z,"Gente mau-caráter é assim mesmo, deputado",0,0,10,https://twitter.com/AlencarBraga13/status/1622261261701357570
Alday Vieira,@saudadesfuturo,https://twitter.com/saudadesfuturo/status/1622603678593974272,2023-02-06T14:30:38.000Z,Não sabem fazer oposição.,0,0,0,https://twitter.com/AlencarBraga13/status/1622261261701357570
Woke_Che_Gayvara,@rod59561148,https://twitter.com/rod59561148/status/1622569147723816964,2023-02-06T12:13:25.000Z,Estou engatilhado no Mao Zedong ao ver um fascista gongar o Zé Gotinha.,0,0,0,https://twitter.com/AlencarBraga13/status/1622261261701357570
Magda,@MagdaNa14768990,https://twitter.com/MagdaNa14768990/status/1622414728252227584,2023-02-06T01:59:48.000Z,Cloroquina e ivermectina,0,0,1,https://twitter.com/AlencarBraga13/status/1622261261701357570
Maryzzy☭,@Maryzzynha,https://twitter.com/Maryzzynha/status/1622264367952560129,2023-02-05T16:02:20.000Z,"Pior q é real, e o pior de tudo que fizeram isso até na pandemia",0,0,2,https://twitter.com/AlencarBraga13/status/1622261261701357570
Taciara Gomes,@TaciaraGomes2,https://twitter.com/TaciaraGomes2/status/1622573512597676033,2023-02-06T12:30:46.000Z,"Cocô, porque contanta inteligência assim só poder ser água com Cocô.",0,0,0,https://twitter.com/AlencarBraga13/status/1622261261701357570
Mari Pereima,@MPereima,https://twitter.com/MPereima/status/1622553136094117888,2023-02-06T11:09:47.000Z,Fumaram capim com cravo!,0,0,0,https://twitter.com/AlencarBraga13/status/1622261261701357570
Elisete Pedro Candelario,@elisete_pedro,https://twitter.com/elisete_pedro/status/1622657704077537281,2023-02-06T18:05:18.000Z,"Nao posso acreditar que diante de todas as pesquisas científicas mostrando q a relação do número crescente de mortes abruptas de jovens vacinados está diretamente relacionado ao efeito da vacina, ainda tem pateta que não entendeu que essa vacina e assassina?Olhe a agenda da OMS",0,0,0,https://twitter.com/AlencarBraga13/status/1622261261701357570
Kakavaltrique,@kakavaltrique,https://twitter.com/kakavaltrique/status/1623884617571762178,2023-02-10T03:20:37.000Z,Agora que não vamos tomar vacina vai ver se ela está fazendo de graça a campanha,0,0,0,https://twitter.com/AlencarBraga13/status/1622261261701357570
vanderci,@Vandercicruz61,https://twitter.com/Vandercicruz61/status/1622667662521245722,2023-02-06T18:44:53.000Z,Esse Ciro eh um verdadeiro negacionista,0,0,0,https://twitter.com/AlencarBraga13/status/1622261261701357570
Lucirio josé Luiz,@LucirioJL,https://twitter.com/LucirioJL/status/1622618908870991877,2023-02-06T15:31:09.000Z,Apenas uma sequência da política de saúde do governo deles ...,0,0,0,https://twitter.com/AlencarBraga13/status/1622261261701357570
Luciana Barros,@Luciana29840229,https://twitter.com/Luciana29840229/status/1622563431462195201,2023-02-06T11:50:42.000Z,"Alguém sabe me informar qual a idade minima p "" se converter""nesse partido?
Só vejo moleques irresponsáveis que passam o dia inteiro defecando ódio pela boca, e pior, seus eleitores estão colaborando com tudo...
Rumo ao precipício profissional dos parpamentares envolvidos...",1,0,1,https://twitter.com/AlencarBraga13/status/1622261261701357570
Nobre Jorge,@NobreJorge2,https://twitter.com/NobreJorge2/status/1622292268789932032,2023-02-05T17:53:12.000Z,"Ainda ontem fazia parte de um Governo que tudo fez para desacreditar a Ciência durante uma pandemia que matou milhões. 
Qual é a surpresa?
Cumprimentos",1,2,47,https://twitter.com/AlencarBraga13/status/1622261261701357570
Marco Aurelio,@marcomr6953,https://twitter.com/marcomr6953/status/1622327903848366082,2023-02-05T20:14:48.000Z,Sabem por que fazem isso ? Porque sabem que não vai acontecer nada com eles !,0,0,3,https://twitter.com/AlencarBraga13/status/1622261261701357570
Wagner A Santos,@WagnerASantos1,https://twitter.com/WagnerASantos1/status/1622409322087989249,2023-02-06T01:38:19.000Z,"O Ciro Nogueira  é tão malévolo que esquece que o apelo para vacinar se dirige especialmente para pais e avós, que em grande parte eram fãs da Xuxa qdo crianças. Qualquer pessoa acima de 25 anos sabe quem ela é.",2,0,3,https://twitter.com/AlencarBraga13/status/1622261261701357570
Alma De Mar,@AlmaDeMar2,https://twitter.com/AlmaDeMar2/status/1622326487360671746,2023-02-05T20:09:10.000Z,Não dá palco,0,0,3,https://twitter.com/AlencarBraga13/status/1622261261701357570
Proteu,@Atenas_Fraca,https://twitter.com/Atenas_Fraca/status/1622371923979079680,2023-02-05T23:09:43.000Z,É o nível de insanidade bolsonarista. Vai levar um tempo e muito trabalho para este país voltar à civilidade.,2,2,81,https://twitter.com/AlencarBraga13/status/1622261261701357570
Cansei,@per_luciano,https://twitter.com/per_luciano/status/1622262182128881664,2023-02-05T15:53:39.000Z,O de sempre! Picado pela mosca azul! Poder pelo Poder!,0,0,3,https://twitter.com/AlencarBraga13/status/1622261261701357570
Zé Floresta,@jebpaiva,https://twitter.com/jebpaiva/status/1622750145354911746,2023-02-07T00:12:38.000Z,Nao $ei,0,1,1,https://twitter.com/AlencarBraga13/status/1622261261701357570
Paula SAmorim,@1962zelapaula,https://twitter.com/1962zelapaula/status/1622590394880884736,2023-02-06T13:37:51.000Z,"Eu entendo o Nogueira, deve ser chato para ele, estar fora de um Governo.  Aí, vale a história da raposa e as uvas: “- Estão verdes!” Chora…",0,0,2,https://twitter.com/AlencarBraga13/status/1622261261701357570
"Kaká, humano de humanas",@luizmoura123,https://twitter.com/luizmoura123/status/1622323183641657353,2023-02-05T19:56:02.000Z,"Não puseram nada, é  da natureza do escorpião envenenar as pessoas. 
Gente perversa não consegue ser de outra forma.",0,0,2,https://twitter.com/AlencarBraga13/status/1622261261701357570
Cesar1622,@2ccunha,https://twitter.com/2ccunha/status/1622896215338647554,2023-02-07T09:53:04.000Z,Ele ia querer a Damares.,0,0,0,https://twitter.com/AlencarBraga13/status/1622261261701357570
PagotFLuciano,@f_pagot,https://twitter.com/f_pagot/status/1622282727209721856,2023-02-05T17:15:17.000Z,Havíamos pensando no Daniel Silveira como lider; mas o lance da tornozeleira atrapalhou.  Quem sabe acionamentos o plano B.  Damares Nervosa.,0,0,2,https://twitter.com/AlencarBraga13/status/1622261261701357570
JD Lucas,@jdIucas,https://twitter.com/jdIucas/status/1622312859538526214,2023-02-05T19:15:01.000Z,Vai virar oposição folclórica. Melhor esquecê-lo até o ostracismo.,0,0,1,https://twitter.com/AlencarBraga13/status/1622261261701357570
Adriana,@Darianalemos,https://twitter.com/Darianalemos/status/1622267620316614657,2023-02-05T16:15:15.000Z,Mercúrio do garimpo e veneno do agro.,0,0,1,https://twitter.com/AlencarBraga13/status/1622261261701357570
ROGERIO CESAR MARTINS,@RogeriocesarCd,https://twitter.com/RogeriocesarCd/status/1622862724894973952,2023-02-07T07:39:59.000Z,"Mas qual classe etária vai se vacinar,  a dos quarentões ou cinquentões? Xuxa?",0,0,0,https://twitter.com/AlencarBraga13/status/1622261261701357570
Gessica,@geleibond,https://twitter.com/geleibond/status/1622372152329609216,2023-02-05T23:10:37.000Z,Sem Lula lá no nordeste ele não se elege nem pra síndico,0,0,2,https://twitter.com/AlencarBraga13/status/1622261261701357570
Elisa Laiune,@ElisaLaiune,https://twitter.com/ElisaLaiune/status/1622668171353235465,2023-02-06T18:46:54.000Z,Deselegante no mínimo,0,0,0,https://twitter.com/AlencarBraga13/status/1622261261701357570
Elisa Laiune,@ElisaLaiune,https://twitter.com/ElisaLaiune/status/1622668648694390803,2023-02-06T18:48:48.000Z,Deselegantes cruzes,0,0,0,https://twitter.com/AlencarBraga13/status/1622261261701357570
Vivian Pacca,@pacca_vivian,https://twitter.com/pacca_vivian/status/1623624193358045184,2023-02-09T10:05:47.000Z,"Esse povo tem titica de galinha na cabeça, tudo 5° série!!! 🙄🙄🙄🤦🏻‍♀️🤦🏻‍♀️🤦🏻‍♀️",0,0,0,https://twitter.com/AlencarBraga13/status/1622261261701357570
Giovana Paula,@gizloka,https://twitter.com/gizloka/status/1622317671269208064,2023-02-05T19:34:08.000Z,Cassação de mandato!!! Bolsonarista sem vergonha!,0,0,0,https://twitter.com/AlencarBraga13/status/1622261261701357570
Sonia Ribe Regr,@soniariberegr01,https://twitter.com/soniariberegr01/status/1622285607870382080,2023-02-05T17:26:44.000Z,Colocaram impunidade,0,0,0,https://twitter.com/AlencarBraga13/status/1622261261701357570
Cyz,@CyzSouza,https://twitter.com/CyzSouza/status/1622309133545259011,2023-02-05T19:00:13.000Z,Revelando-se um verdadeiro Minion de carteirinha. O crachá perdeu na eleição passada,0,0,0,https://twitter.com/AlencarBraga13/status/1622261261701357570
Luciana Rizzi Fontana Moioli,@RizziMoioli,https://twitter.com/RizziMoioli/status/1622342253732560897,2023-02-05T21:11:49.000Z,@ciro_nogueira cala boca tonto,0,0,0,https://twitter.com/AlencarBraga13/status/1622261261701357570
ReiNovelli alfinete,@novelli68,https://twitter.com/novelli68/status/1622296894717280260,2023-02-05T18:11:35.000Z,"Se fosse maconha estaria de boa e na paz ,mas é o gardenal.
Uma sossega leão resolve fácil essa loucura .",0,0,0,https://twitter.com/AlencarBraga13/status/1622261261701357570
Zé Rabelo,@joserabelo5,https://twitter.com/joserabelo5/status/1622317612729356291,2023-02-05T19:33:54.000Z,"Tem uns caras q são oportunistas, mas não são burros. Entendem quando é game over, tipo Lira. Outros são só burros mesmo e cognitivamente rompidos com a realidade",0,0,0,https://twitter.com/AlencarBraga13/status/1622261261701357570
Antonio richarle Silva,@silva_richarle,https://twitter.com/silva_richarle/status/1622277757349535745,2023-02-05T16:55:32.000Z,São pessoal sem noção mesmo,0,0,0,https://twitter.com/AlencarBraga13/status/1622261261701357570
Nova Geração,@O_Homem_de_bem,https://twitter.com/O_Homem_de_bem/status/1622265585282187264,2023-02-05T16:07:10.000Z,Essa tranqueira de povo anti vacina.,0,0,0,https://twitter.com/AlencarBraga13/status/1622261261701357570
Alfredo Rossetti,@poetadaesquina,https://twitter.com/poetadaesquina/status/1622283024531349507,2023-02-05T17:16:28.000Z,"O Ciro não vai escapar, né?",0,0,0,https://twitter.com/AlencarBraga13/status/1622261261701357570
Nadja Caiado,@NadjaCaiado,https://twitter.com/NadjaCaiado/status/1622698890528194561,2023-02-06T20:48:58.000Z,De volta para o passado 🙄🙄,0,0,0,https://twitter.com/AlencarBraga13/status/1622261261701357570
Amorim,@Amorim1951,https://twitter.com/Amorim1951/status/1622659120938590226,2023-02-06T18:10:56.000Z,"Triste o parlamentar que vislumbra o ódio e a inveja por um político, quando deveria vislumbrar a compaixão e o envolvimento para que as vascinas sejam aplicadas, salvando vidas. Triste Ciro Nojeira, digo, Nogueira.",0,0,0,https://twitter.com/AlencarBraga13/status/1622261261701357570
Paulo Novaes,@PauloNo50847903,https://twitter.com/PauloNo50847903/status/1622262849899732995,2023-02-05T15:56:18.000Z,"Logo o senhor pra falar de entulhos do passado, sr. Senador .... francamente...",0,0,1,https://twitter.com/AlencarBraga13/status/1622261261701357570
Júnior pereira,@junichi070207,https://twitter.com/junichi070207/status/1622970507933917186,2023-02-07T14:48:17.000Z,"Kkkkkk essa entende de criança, o cinema que o diga.",0,0,0,https://twitter.com/AlencarBraga13/status/1622261261701357570
Flor,@Floramarela243,https://twitter.com/Floramarela243/status/1622703496788160518,2023-02-06T21:07:16.000Z,Coca,0,0,0,https://twitter.com/AlencarBraga13/status/1622261261701357570
Made in Ceará,@dangllys,https://twitter.com/dangllys/status/1622665945465380864,2023-02-06T18:38:03.000Z,"Enquanto isso, a enfermagem que vai vacinar a população segue sem nenhuma resposta ou assinatura da MP sobre o piso da categoria. #AssinaMP #PisoDaEnfermagem",0,0,0,https://twitter.com/AlencarBraga13/status/1622261261701357570
ADRIANA RUIZ,@ADRIANA49235584,https://twitter.com/ADRIANA49235584/status/1623083155170131968,2023-02-07T22:15:54.000Z,"Esse Ciro é  um derrotado chorão. O foco é  a campanha, não as pessoas que vão ajudar.  E sim, o resgate de algo que deu certo como essa campanha é  bom demais!",0,0,0,https://twitter.com/AlencarBraga13/status/1622261261701357570
Eliseu D Barbosa,@EliseuDBarbosa2,https://twitter.com/EliseuDBarbosa2/status/1622686207359569922,2023-02-06T19:58:34.000Z,Esse cara representa tudo de ruim e de atraso do governo anterior!! O homem é um outdoor representando tudo de ruim do bolsonarismo derrotado!!! Eu,0,0,0,https://twitter.com/AlencarBraga13/status/1622261261701357570
Darlan Carvalho,@drlcarvalho,https://twitter.com/drlcarvalho/status/1622425577742295040,2023-02-06T02:42:55.000Z,Aonde exatamente ele atacou a campanha em si ?? Pra mim ele atacou a escolha da cara da campanha,0,0,1,https://twitter.com/AlencarBraga13/status/1622261261701357570
Marcelo Matos,@matoscmarcelo,https://twitter.com/matoscmarcelo/status/1622570111558119424,2023-02-06T12:17:15.000Z,Não seja ingênuo...,0,0,1,https://twitter.com/AlencarBraga13/status/1622261261701357570
Fontes,@Fontes_AS,https://twitter.com/Fontes_AS/status/1622325360539930627,2023-02-05T20:04:41.000Z,Pior ainda estão atacando a Xuxa por ser a favor da vacinação infantil e por fazer parte da divulgação,0,0,2,https://twitter.com/AlencarBraga13/status/1622261261701357570
A bonequinha não sabe brincar!,@Belcris,https://twitter.com/Belcris/status/1622269875631554560,2023-02-05T16:24:13.000Z,Definitivamente o Tic Tac não sabe perder.,0,0,2,https://twitter.com/AlencarBraga13/status/1622261261701357570
Roteirista do Absurdo,@roteiroabsurdo,https://twitter.com/roteiroabsurdo/status/1622435252428804097,2023-02-06T03:21:22.000Z,"Por que o Senhor está repercutindo essa pessoa? Deixe ele no ostracismo, no isolamento, na insignificância. Fique indignado se ele resolver se aproximar do atual governo. E, ele VAI tentar.",0,0,4,https://twitter.com/AlencarBraga13/status/1622261261701357570
Will (Conta nova),@willrf22,https://twitter.com/willrf22/status/1622532326126239745,2023-02-06T09:47:06.000Z,"Estranho né? Estranho, amor.",0,0,2,https://twitter.com/AlencarBraga13/status/1622261261701357570
Professor,@Professor0613,https://twitter.com/Professor0613/status/1622730918371770375,2023-02-06T22:56:14.000Z,"Devemos perguntar ao @ciro_nogueira o que é presente, se ele já estava lá, passado é a mãe dele ser senadora, Bozo ficar trinta anos na câmara e não ter um projeto, isso é futuro. O que envelhece são as pessoas, a carne, as ideias nunca envelhecem, Bozo sim já é passado. Perdeu..",1,0,4,https://twitter.com/AlencarBraga13/status/1622261261701357570
Rodrigo Molina,@buttrodrigo,https://twitter.com/buttrodrigo/status/1622378741585395714,2023-02-05T23:36:48.000Z,"Nao vejo como ataque à campanha. Ele ao fez uma analogia do governo ULTRAPASSADO e ANTIGO que temos hj, com um idolo antigo. As crianças de hj nem imaginam quem seja a Xuxa.",3,0,3,https://twitter.com/AlencarBraga13/status/1622261261701357570
Luis Augusto Gerardi,@augusto_gerardi,https://twitter.com/augusto_gerardi/status/1622322053511626753,2023-02-05T19:51:33.000Z,Esperavam o que desse cara? Com a ajuda dele morreram muitos na pandemia!,0,0,2,https://twitter.com/AlencarBraga13/status/1622261261701357570
Antônio Passos,@ToninhoPassos,https://twitter.com/ToninhoPassos/status/1622357165305470976,2023-02-05T22:11:04.000Z,"E você, que inclue até sua mãe nos seus rolos? É ou não uma volta ao passado! Família exemplar a sua não?!",1,1,5,https://twitter.com/AlencarBraga13/status/1622261261701357570
,@ElioG_Rocha,https://twitter.com/ElioG_Rocha/status/1622327097275342851,2023-02-05T20:11:36.000Z,"Ele queria que fossem os ídolos dele, como goleiro Bruno, Daniel, Guilherme de Pádua etc.
Futuro pra esses tipos é o genocídio de pobres.",0,2,17,https://twitter.com/AlencarBraga13/status/1622261261701357570
LÍVIO MORAES,@livio_paes,https://twitter.com/livio_paes/status/1622268663586820098,2023-02-05T16:19:24.000Z,"Não colocaram absolutamente nada meu caro. Pelo simples fato desse cidadão pertencer a esse bando negacionista, colocações desprezíveis quanto essas são totalmente naturais. Essas criaturas precisam de nosso total desprezo…",1,0,11,https://twitter.com/AlencarBraga13/status/1622261261701357570
DemocraciaSempre,@Democraciaeh,https://twitter.com/Democraciaeh/status/1622293979491336193,2023-02-05T18:00:00.000Z,ESSE CARA É BABA....,0,0,0,https://twitter.com/AlencarBraga13/status/1622261261701357570
Velecio Junior,@VelecioJ,https://twitter.com/VelecioJ/status/1622432543801761793,2023-02-06T03:10:36.000Z,"Alencar, conhece essa aí que comeu um menino de10 anos num filme?",0,0,0,https://twitter.com/AlencarBraga13/status/1622261261701357570
Flávio,@DagobertoFlavio,https://twitter.com/DagobertoFlavio/status/1622290440396349446,2023-02-05T17:45:56.000Z,"Porque da estranheza Deputado, só fazem isso o tempo todo.",0,0,0,https://twitter.com/AlencarBraga13/status/1622261261701357570
Maria dos Santos,@bellevictrix,https://twitter.com/bellevictrix/status/1622465183200210945,2023-02-06T05:20:18.000Z,"O pastor capeta do Alvorada, seria melhor?",0,0,0,https://twitter.com/AlencarBraga13/status/1622261261701357570
#luma,@luma02438208,https://twitter.com/luma02438208/status/1622309602791510018,2023-02-05T19:02:05.000Z,Quanta sabedoria  do ser! Vacinação é muito importante.,0,0,0,https://twitter.com/AlencarBraga13/status/1622261261701357570
Vanderlei Machado,@machadolv2,https://twitter.com/machadolv2/status/1622323297516920833,2023-02-05T19:56:30.000Z,Em se tratando de bolsonarista tudo é normal. Jogam baixo toda hora. São pessoas rasteiras e rastejantes.,0,0,0,https://twitter.com/AlencarBraga13/status/1622261261701357570
Luizpfar,@LUIZPAULOFERRA2,https://twitter.com/LUIZPAULOFERRA2/status/1622419086817873924,2023-02-06T02:17:08.000Z,Erro de vagão na hora de saltar,0,0,0,https://twitter.com/AlencarBraga13/status/1622261261701357570
Denise,@DeRessem67,https://twitter.com/DeRessem67/status/1622630311547764744,2023-02-06T16:16:27.000Z,"Ciro sempre foi governo, não sabe ser e fazer oposição, vamos ver qto tempo ele vai teimar em ser ""oposição"".",0,0,0,https://twitter.com/AlencarBraga13/status/1622261261701357570
Ionete Morena pereira,@IoneteMorena,https://twitter.com/IoneteMorena/status/1622313874828496899,2023-02-05T19:19:03.000Z,Ele tá certo,0,0,0,https://twitter.com/AlencarBraga13/status/1622261261701357570
Karaí Xondaro,@Paulomelchior,https://twitter.com/Paulomelchior/status/1622620299362533378,2023-02-06T15:36:40.000Z,Nada de novo. A rima do sobrenome que me ocorre é nojeira!!!,0,0,0,https://twitter.com/AlencarBraga13/status/1622261261701357570
Cristina Demétrio,@CristiDemetrio,https://twitter.com/CristiDemetrio/status/1622601664082415616,2023-02-06T14:22:37.000Z,Talvez por isso? 👇🏻,0,0,0,https://twitter.com/AlencarBraga13/status/1622261261701357570
Cristina Demétrio,@CristiDemetrio,https://twitter.com/CristiDemetrio/status/1622602355928666113,2023-02-06T14:25:22.000Z,Embaixadora das vacinas,0,0,0,https://twitter.com/AlencarBraga13/status/1622261261701357570
Zzz,@Joao__Serra,https://twitter.com/Joao__Serra/status/1622580577013473282,2023-02-06T12:58:50.000Z,"Ele até tem alguma razão, a Xuxa nada diz às novas gerações. Não havia nenhum nome melhor para ser a cara da campanha?",0,0,0,https://twitter.com/AlencarBraga13/status/1622261261701357570
Lima,@Lima6527,https://twitter.com/Lima6527/status/1622525690129051648,2023-02-06T09:20:44.000Z,"É uma pessoa sem caráter mesmo, infelizmente 🤷",0,0,0,https://twitter.com/AlencarBraga13/status/1622261261701357570
Saulo Hernandez Bushcraft,@SauloHe29971006,https://twitter.com/SauloHe29971006/status/1622531343119679490,2023-02-06T09:43:12.000Z,Ídolo será sempre um ídolo,0,0,0,https://twitter.com/AlencarBraga13/status/1622261261701357570
Alex nox,@alex5elementos,https://twitter.com/alex5elementos/status/1622552701157376002,2023-02-06T11:08:04.000Z,"@ciro_nogueira o de vcs é o caça-fantasmas, só defunto né?!",0,0,0,https://twitter.com/AlencarBraga13/status/1622261261701357570
silmara oliveira,@silmara171,https://twitter.com/silmara171/status/1622609204321087496,2023-02-06T14:52:35.000Z,Falta de amor 💔,0,0,0,https://twitter.com/AlencarBraga13/status/1622261261701357570
Marcelo Costa,@_Marcelogistica,https://twitter.com/_Marcelogistica/status/1622555692421812225,2023-02-06T11:19:57.000Z,Bolsominions insistem em ser patéticos,0,0,0,https://twitter.com/AlencarBraga13/status/1622261261701357570
João Meira,@_Jmeira_,https://twitter.com/_Jmeira_/status/1622609365340418048,2023-02-06T14:53:13.000Z,"É que ele resolveu ser oposição, mas não sabe o que a oposição faz.",0,0,0,https://twitter.com/AlencarBraga13/status/1622261261701357570
Romeu,@qqcoisavale,https://twitter.com/qqcoisavale/status/1622265904552624130,2023-02-05T16:08:26.000Z,@ciro_nogueira perdedor tá chateado,0,0,2,https://twitter.com/AlencarBraga13/status/1622261261701357570
MQueiros,@MQueiros,https://twitter.com/MQueiros/status/1622643471746990080,2023-02-06T17:08:45.000Z,@ciro_nogueira nunca foi um sujeito legal. Agora depois de perder Bolsonaro piorou muito. Ou faz acordo com @LulaOficial ou entra na decadência dos 4 anos. Tic…Tac…,0,0,1,https://twitter.com/AlencarBraga13/status/1622261261701357570
Shirlei,@PaulettoShirlei,https://twitter.com/PaulettoShirlei/status/1622471466741645312,2023-02-06T05:45:16.000Z,Aeeeeeeee Ciro… o q essa mulher representa? Eu hein kkkkkkkkkkkkkk,0,0,7,https://twitter.com/AlencarBraga13/status/1622261261701357570
MariaCristelli,@maria_cristelli,https://twitter.com/maria_cristelli/status/1622546467146670080,2023-02-06T10:43:17.000Z,"A Xuxa sempre foi presente com o Zé Gotinha nas campanhas nacionais de vacinação. As mães de hoje tinham-na como norte, como um exemplo a ser seguido e adoravam-na. 
Penso que foi uma excelente escolha. Muito pró e sensibilizadora.",0,0,2,https://twitter.com/AlencarBraga13/status/1622261261701357570
Talita Victor,@TalitaVictorDF,https://twitter.com/TalitaVictorDF/status/1622612633030459392,2023-02-06T15:06:13.000Z,"Quem nasceu pra Ciro Nogueira JAMAIS será Xuxa. Aliás, o cara não merece limpar o chão do Zé Gotinha",0,0,2,https://twitter.com/AlencarBraga13/status/1622261261701357570
Alberto Sampaio,@albertosampaio,https://twitter.com/albertosampaio/status/1622555861016014850,2023-02-06T11:20:37.000Z,"Talvez nem seja a bebida Deputado, mas um problema congênito de má fé (pra ser eufemístico)",1,0,10,https://twitter.com/AlencarBraga13/status/1622261261701357570
Vanoca,@vaniafiuza,https://twitter.com/vaniafiuza/status/1622360605045702656,2023-02-05T22:24:44.000Z,Xuxa e Zé gotinha são dois clássicos. Essa gente não sabe de nada.,0,0,2,https://twitter.com/AlencarBraga13/status/1622261261701357570
Gonzaga,@xperiagonzaga,https://twitter.com/xperiagonzaga/status/1622560512142630915,2023-02-06T11:39:06.000Z,Depois ele muda de opinião quando o convidarem para dividir o butim...,0,0,4,https://twitter.com/AlencarBraga13/status/1622261261701357570
Zz Dourado,@DouradoZz,https://twitter.com/DouradoZz/status/1622275279002472448,2023-02-05T16:45:41.000Z,Pura dor de cotovelo ao lembrar que já fez parte desse passado e agora carrega a marca do pior governo na testa.,0,0,5,https://twitter.com/AlencarBraga13/status/1622261261701357570
William Fernandes,@willfrsousa,https://twitter.com/willfrsousa/status/1622396205832486918,2023-02-06T00:46:12.000Z,Isso é o esgoto da política,0,0,0,https://twitter.com/AlencarBraga13/status/1622261261701357570
Renato,@renatojvolpato,https://twitter.com/renatojvolpato/status/1622343153066860544,2023-02-05T21:15:24.000Z,O nome disso é CANALHICE.,0,0,0,https://twitter.com/AlencarBraga13/status/1622261261701357570
Fê Carvalho,@nanda9lucia,https://twitter.com/nanda9lucia/status/1622290774531399681,2023-02-05T17:47:16.000Z,Falta de vergonha na cara!,0,0,0,https://twitter.com/AlencarBraga13/status/1622261261701357570
Luis Alves,@LuisAlv95912466,https://twitter.com/LuisAlv95912466/status/1622314587348504579,2023-02-05T19:21:53.000Z,"Ele queria que chamasse a Micheque era 🤣🤣🤣, temos que aprender a votar,  deixar de eleger esses maus políticos que não servem pra nada.",0,0,0,https://twitter.com/AlencarBraga13/status/1622261261701357570
Jorge Dergam,@JorgeDergam,https://twitter.com/JorgeDergam/status/1622314328585113600,2023-02-05T19:20:51.000Z,"Se fosse a cloroquina, o sujeito não reclamaria.",0,0,0,https://twitter.com/AlencarBraga13/status/1622261261701357570
Michele de Sá,@Micheledesa123,https://twitter.com/Micheledesa123/status/1622392561179529216,2023-02-06T00:31:43.000Z,Cloroquina! Só pode.,0,0,0,https://twitter.com/AlencarBraga13/status/1622261261701357570
Luciane Santos,@Luciane73282336,https://twitter.com/Luciane73282336/status/1622285875047448576,2023-02-05T17:27:47.000Z,Pra ver o nível dos pederastas que desgovernaram o país !,0,0,0,https://twitter.com/AlencarBraga13/status/1622261261701357570
Jose S De Mello,@JoseSDeMelloMe1,https://twitter.com/JoseSDeMelloMe1/status/1622292476114440195,2023-02-05T17:54:01.000Z,"Mais um detectado com ""flhadaputice congênita "", não tem cura, paliativo é a Papuda mesmo!!!",0,0,0,https://twitter.com/AlencarBraga13/status/1622261261701357570
Soró Luiz,@luiz_soro,https://twitter.com/luiz_soro/status/1622306947574763520,2023-02-05T18:51:31.000Z,CLOROQUINA.,0,0,0,https://twitter.com/AlencarBraga13/status/1622261261701357570
@CrisinhaO,@CrisinhaO,https://twitter.com/CrisinhaO1/status/1622419071953244166,2023-02-06T02:17:04.000Z,"E vc tá dando a ele o que quer.
Visibilidade.",0,0,0,https://twitter.com/AlencarBraga13/status/1622261261701357570
Plank,@planketch,https://twitter.com/planketch/status/1622650100664107040,2023-02-06T17:35:06.000Z,"Ele não está atacando uma campanha de vacinação, mas o fato de chamar a Xuxa que não é mais a rainha dos baixinhos! Esses povo do PT tem bastante dificuldade em interpretação de texto!",0,0,0,https://twitter.com/AlencarBraga13/status/1622261261701357570
Marcos Martins,@moraes1710,https://twitter.com/moraes1710/status/1622549777018658817,2023-02-06T10:56:27.000Z,Ele defende quem matou 700.000 brasileiros por falta de vacina. Coerente.,0,0,0,https://twitter.com/AlencarBraga13/status/1622261261701357570
Jorge Medeiros Billo,@LuizBillo,https://twitter.com/LuizBillo/status/1622600987193102337,2023-02-06T14:19:56.000Z,Isso é ingestão de bastante whisky e Cloroquina!!!!!,0,0,0,https://twitter.com/AlencarBraga13/status/1622261261701357570
Kadu kcc,@KccKadu,https://twitter.com/KccKadu/status/1622269970359934976,2023-02-05T16:24:35.000Z,Isso chama-se vontade de voltar a apoiar e participar do governo pra tirar algum proveito. Ciro Nogueira ministro medíocre,0,0,1,https://twitter.com/AlencarBraga13/status/1622261261701357570
Mauro Cruz,@maurocruzpiri,https://twitter.com/maurocruzpiri/status/1622732384528437248,2023-02-06T23:02:04.000Z,Causa espécie ver um conservador reclamar em usar símbolos e costumes do passado.,0,0,0,https://twitter.com/AlencarBraga13/status/1622261261701357570
Tayse,@Tay92141071,https://twitter.com/Tay92141071/status/1622555192901214208,2023-02-06T11:17:58.000Z,"Mas é sensato chamar a xuxa, quem tem dúvidas em relação a vacina é de maioria o povo da terceira idade ou que cresceu vendo a xuxa",0,0,0,https://twitter.com/AlencarBraga13/status/1622261261701357570
andinho,@andinhojpm,https://twitter.com/andinhojpm/status/1622622805450711042,2023-02-06T15:46:38.000Z,"A mulher que fez filme porno com uma criança , sendo garota propaganda do Zé gotinha kkkkkkkk",0,0,0,https://twitter.com/AlencarBraga13/status/1622261261701357570
Nadadora,@Nadadora9,https://twitter.com/Nadadora9/status/1622591392672350211,2023-02-06T13:41:48.000Z,Queria que fosse quem? Ele?,0,0,0,https://twitter.com/AlencarBraga13/status/1622261261701357570
Dona Cibalena,@DonaCibalena,https://twitter.com/DonaCibalena/status/1622556309605294082,2023-02-06T11:22:24.000Z,"Ciro Nojeira, sendo nojeira. Previsível!",0,0,0,https://twitter.com/AlencarBraga13/status/1622261261701357570
Abel De oliveira,@abelvava2107,https://twitter.com/abelvava2107/status/1622589174942507014,2023-02-06T13:33:00.000Z,São os loucos de hoje 🤣🤣🤣🤣,0,0,0,https://twitter.com/AlencarBraga13/status/1622261261701357570
Portal Vale do Gravataí,@valedogravatai,https://twitter.com/valedogravatai/status/1622602168543977472,2023-02-06T14:24:38.000Z,Esperar o que dessa gente..... é ridículo,0,0,0,https://twitter.com/AlencarBraga13/status/1622261261701357570
Mariangela Bellato,@Maribellato11,https://twitter.com/Maribellato11/status/1622580592968626176,2023-02-06T12:58:54.000Z,Chamar @cironogueira que não  dava neh?!!!,0,0,0,https://twitter.com/AlencarBraga13/status/1622261261701357570
Mee Check,@saithemonia2022,https://twitter.com/saithemonia2022/status/1622587697436020740,2023-02-06T13:27:07.000Z,"1. @xuxameneghel é atual (as crianças de hj conhecem a Xuxa sim);
2. @xuxameneghel é eterna;
3. Os “baixinhos e baixinhas” do passado têm filhos e até netos, logo, uma grande sacada;
4. No passado tinha cobertura vacinal descente, bom olhar pra ele;
5. Perdeu mané, não amola.",0,0,0,https://twitter.com/AlencarBraga13/status/1622261261701357570
Claudia Santos,@claudia_domisan,https://twitter.com/claudia_domisan/status/1622644705958809600,2023-02-06T17:13:39.000Z,Governo voltado para o passado pede ditadura militar.,0,0,0,https://twitter.com/AlencarBraga13/status/1622261261701357570
Solange Patrício,@SolangePatrcio3,https://twitter.com/SolangePatrcio3/status/1623000249080983561,2023-02-07T16:46:27.000Z,Que pobreza de espírito desse senhor!! Ex Ministro da Casa Civil de Bolsonaro! Só podemos esperar isso mesmo!,0,0,0,https://twitter.com/AlencarBraga13/status/1622261261701357570
Pensamento Acelerado Variedades e Entreterimento,@tonijeison,https://twitter.com/tonijeison/status/1622572309209907200,2023-02-06T12:25:59.000Z,Ela faz um chifre ainda pra foto kkk,0,0,0,https://twitter.com/AlencarBraga13/status/1622261261701357570
Ana,@anaherdy,https://twitter.com/anaherdy/status/1622270556274819072,2023-02-05T16:26:55.000Z,Disse o fã de Sérgio Reis...,0,0,1,https://twitter.com/AlencarBraga13/status/1622261261701357570
Mari,@Marichilene2,https://twitter.com/Marichilene2/status/1622545603996663810,2023-02-06T10:39:52.000Z,"Quem ficou no passado foi o Ciro Nogueira, isso é pura inveja de um governo de verdade.",0,0,0,https://twitter.com/AlencarBraga13/status/1622261261701357570
Marcelo Rauber,@MRauber6,https://twitter.com/MRauber6/status/1622523831582658562,2023-02-06T09:13:21.000Z,Bom dia! Não colocará nada não! Isto de chama Cloroquina vencida!,0,0,0,https://twitter.com/AlencarBraga13/status/1622261261701357570
tbpeludo,@tbpeludo,https://twitter.com/tbpeludo/status/1622630967469809665,2023-02-06T16:19:04.000Z,Dona @xuxameneghel sabe que vacinas são testadas em animais né? De boa? Pra lacrar ai  tá liberado?,0,0,0,https://twitter.com/AlencarBraga13/status/1622261261701357570
Meu país ceará..,@paisceara,https://twitter.com/paisceara/status/1622361576069124098,2023-02-05T22:28:36.000Z,"Deputado, o senhor ainda se surpreende? Eu já não me surpreendo de nada que bolsominion faz ou fala.",0,0,1,https://twitter.com/AlencarBraga13/status/1622261261701357570
José Silva,@Silva1122,https://twitter.com/Silva1122/status/1622658292710350856,2023-02-06T18:07:39.000Z,I M B E C I L . . .,0,0,0,https://twitter.com/AlencarBraga13/status/1622261261701357570
Amanda_,@Amanda_1988,https://twitter.com/Amanda_1988/status/1622625654352101378,2023-02-06T15:57:57.000Z,Acho que colocaram muita cloroquina.,0,0,0,https://twitter.com/AlencarBraga13/status/1622261261701357570
semog,@semog30057656,https://twitter.com/semog30057656/status/1622426311942672384,2023-02-06T02:45:50.000Z,"Zé Gotinha sempre. Xuxa é atemporal. Ela é só a mulher que mais vendeu discos no país, a que mais levou pessoas ao cinema, a maior apresentadora viva da televisão, a ganhadora de dois Grammys, uma das brasileiras mais famosas no mundo...enfim....e ele é o que mesmo?",0,0,1,https://twitter.com/AlencarBraga13/status/1622261261701357570
Zeca Bacelar,@Zhungarian,https://twitter.com/Zhungarian/status/1622340506972725249,2023-02-05T21:04:53.000Z,Nunca foram políticos a favor de um País;  são bandidos defendendo seus comparsas.,0,0,1,https://twitter.com/AlencarBraga13/status/1622261261701357570
Primo Deusdeti,@SolHidramix,https://twitter.com/SolHidramix/status/1622626063850299397,2023-02-06T15:59:35.000Z,Ele queria que chamasse ídolos da atualidade como Bozo e Damares?,0,0,0,https://twitter.com/AlencarBraga13/status/1622261261701357570
Lda Lima,@LdaOliveira6,https://twitter.com/LdaOliveira6/status/1622887364203802625,2023-02-07T09:17:54.000Z,"Essa gente continua com a temática da MORTE, querendo ocupar o lugar do Bozo. Uma VERGONHA!!!!!",0,0,0,https://twitter.com/AlencarBraga13/status/1622261261701357570
Miriam Munari,@munari_miriam,https://twitter.com/munari_miriam/status/1622623236109307905,2023-02-06T15:48:21.000Z,Pq ainda estão aplicando essas ditas vacinas se em outros Paises(sérios)elas estão sendo abolidas por causarem danos a saúde ??? Sera q estão vendo lendo estudando sobre,0,0,0,https://twitter.com/AlencarBraga13/status/1622261261701357570
VALDECI,@Valdeci_MP,https://twitter.com/Valdeci_MP/status/1622654686867202049,2023-02-06T17:53:19.000Z,É o Ciro NOJEIRA🤮🤮🤮?,0,0,0,https://twitter.com/AlencarBraga13/status/1622261261701357570
Jamil Orlandelli,@orlandellister,https://twitter.com/orlandellister/status/1622562630522048512,2023-02-06T11:47:31.000Z,"Certamente foi escolhida pelo que fez no passado e continua fazendo pelas crianças. O hospital do cancer de Barretos tem um anexo chamado ""Pavilhão Xuxa Meneghel"" onde são tratadas crianças com cancer. O sr Ciro poderia ir lá visitar e deixar de ser a nulidade que vem sendo.",0,0,1,https://twitter.com/AlencarBraga13/status/1622261261701357570
Join The Fun! WOOHOO!!!,@faurubia,https://twitter.com/faurubia/status/1622546599057522690,2023-02-06T10:43:49.000Z,Falta de caráter.,0,0,1,https://twitter.com/AlencarBraga13/status/1622261261701357570
Sigam o dinheiro. Sem anistia.,@biacoaa,https://twitter.com/biacoaa/status/1622568310477844481,2023-02-06T12:10:05.000Z,Lula prefere o passado do que abraçar um futuro sem yanomamis.,0,0,1,https://twitter.com/AlencarBraga13/status/1622261261701357570
"Gabriel Pinto, professor, agricultor, ecologista.",@BrJango,https://twitter.com/BrJango/status/1622573697176313859,2023-02-06T12:31:30.000Z,- Provavelmente cloroquina!,0,0,1,https://twitter.com/AlencarBraga13/status/1622261261701357570
Manoel Junior,@manoeljnr,https://twitter.com/manoeljnr/status/1622550119768784897,2023-02-06T10:57:48.000Z,"Vai demorar para consertar o país. Não só financeiramente... O estrago que a ""5a série"" fez, nem mesmo a própria 5a serie faria.",0,0,3,https://twitter.com/AlencarBraga13/status/1622261261701357570
Vera Taranto,@VeraTaranto,https://twitter.com/VeraTaranto/status/1622490625856733184,2023-02-06T07:01:24.000Z,"Caráter não vem em líquidos,  infelizmente! Ou vc tem ou não tem!",1,1,3,https://twitter.com/AlencarBraga13/status/1622261261701357570
Paulo Fernandes,@lopesfernande,https://twitter.com/lopesfernande/status/1622331280011452418,2023-02-05T20:28:13.000Z,Ele tem que aparecer !,0,0,2,https://twitter.com/AlencarBraga13/status/1622261261701357570
suelyprata,@suelyprata,https://twitter.com/suelyprata/status/1622535337804177413,2023-02-06T09:59:04.000Z,E ele é um político do passado que não ganha mais nada nem  no estado dele.,0,0,3,https://twitter.com/AlencarBraga13/status/1622261261701357570
Bruno Godinho,@bgodinho,https://twitter.com/bgodinho/status/1622293347757965314,2023-02-05T17:57:29.000Z,"O Ciro Nogueira é um filhinho de mamãe, criado em condomínio fechado. Não dê holofote pra esse mané, não.",0,1,8,https://twitter.com/AlencarBraga13/status/1622261261701357570
washington gomes,@pretogalosempre,https://twitter.com/pretogalosempre/status/1622637029996564480,2023-02-06T16:43:09.000Z,Cloroquina.,0,0,1,https://twitter.com/AlencarBraga13/status/1622261261701357570
Sérgio Litwinczyk,@sergiolitti,https://twitter.com/sergiolitti/status/1622411268211576833,2023-02-06T01:46:03.000Z,"Vdd,muita loucura tudo isto,tem gente negando vacina",0,0,0,https://twitter.com/AlencarBraga13/status/1622261261701357570
iNp,@IrisNP87,https://twitter.com/IrisNP87/status/1622405944247259136,2023-02-06T01:24:54.000Z,"Não é bebida não, é gente ruim msm!
gentinha que faz isso.",0,0,0,https://twitter.com/AlencarBraga13/status/1622261261701357570
vsn 1237,@1237Vsn,https://twitter.com/1237Vsn/status/1622596890003927042,2023-02-06T14:03:39.000Z,O que mais espanta é a hipocrisia...,0,0,0,https://twitter.com/AlencarBraga13/status/1622261261701357570
Lidia A Rossi,@LidiaARossi1,https://twitter.com/LidiaARossi1/status/1622535830966255616,2023-02-06T10:01:02.000Z,O político página virada.,0,0,0,https://twitter.com/AlencarBraga13/status/1622261261701357570
Isabella Muniz e Silva | PL 2630 JÁ!,@isabellabmuniz,https://twitter.com/isabellabmuniz/status/1622461623892946944,2023-02-06T05:06:09.000Z,Cloroquina!,0,0,0,https://twitter.com/AlencarBraga13/status/1622261261701357570
Denis da Silva Alves,@Denisdsa,https://twitter.com/Denisdsa/status/1622428972465233923,2023-02-06T02:56:24.000Z,"Não liguem gente. O @ciro_nogueira perdeu o bonde do tigrão.
Ficou na rabeta do Bozo e agora tá chorando no meio-fio.
Releguem-no ao esquecimento.",0,0,0,https://twitter.com/AlencarBraga13/status/1622261261701357570
LenindeTres,@LenindeTres_,https://twitter.com/LenindeTres_/status/1622584850015260673,2023-02-06T13:15:49.000Z,Ivermectina,0,0,0,https://twitter.com/AlencarBraga13/status/1622261261701357570
Sergio,@SergioL81833033,https://twitter.com/SergioL81833033/status/1622598108818309121,2023-02-06T14:08:30.000Z,Essa mulher não.,0,0,0,https://twitter.com/AlencarBraga13/status/1622261261701357570
Adenir Pontes,@PontesAdenir,https://twitter.com/PontesAdenir/status/1622595444663623684,2023-02-06T13:57:55.000Z,"O BRASIL VOLTOU AO CENTRO DO MUNDO, DEUS É FIEL...",0,0,0,https://twitter.com/AlencarBraga13/status/1622261261701357570
joão,@fjoao,https://twitter.com/fjoao/status/1622559490343157762,2023-02-06T11:35:02.000Z,"PROBLEMAS GOV LULA:
MARKETING RUIM

PROBLEMAS GOV BOZO:
GENOCÍDIO",0,0,0,https://twitter.com/AlencarBraga13/status/1622261261701357570
