nome,usuario,idTweet,dataPublicacao,texto,replies,retweets,likes,tweetPai
CrisVia,@CrisVia13,https://twitter.com/CrisVia13/status/1622236669494628352,2023-02-05T14:12:16.000Z,"Eles tentaram mas não conseguiram. Estamos mais fortes! Vamos juntos com Lula reconstruir esse país destruído pelo governo anterior. @AlencarBraga13, a reestatização da Eletrobras é peça estratégica nessa correção de rumo do país. ESTOU COM LULA. FIZ O L.#REESTATIZAaELETROBRAS",0,4,7,https://twitter.com/AlencarBraga13/status/1622233582818451456
Marisa victorio da silva,@victorio_marisa,https://twitter.com/victorio_marisa/status/1622260915402842112,2023-02-05T15:48:37.000Z,#democraciaInabalada 🏙️✔️ Brasília já mudou! Se mantém firme! O Brasil também já mudou! Se mantém firme! O amor venceu!😀❤️,0,0,0,https://twitter.com/AlencarBraga13/status/1622233582818451456
Marisa victorio da silva,@victorio_marisa,https://twitter.com/victorio_marisa/status/1622260966866960386,2023-02-05T15:48:49.000Z,Lula lá Lula lá ❤️,0,0,0,https://twitter.com/AlencarBraga13/status/1622233582818451456
Marisa victorio da silva,@victorio_marisa,https://twitter.com/victorio_marisa/status/1622261379993419776,2023-02-05T15:50:27.000Z,👏👏👏,0,0,0,https://twitter.com/AlencarBraga13/status/1622233582818451456
Ana,@Ana_aparecida_,https://twitter.com/Ana_aparecida_/status/1622237837885063173,2023-02-05T14:16:54.000Z,@LulaOficial presidente tá + forte do q nunca! Estou com Lula nessa retomada de rumo do nosso querido Brasil. Vamos retomar o controle da Eletrobras p seguirmos c/ o projeto de soberania nacional. Petro e Eletro são o carro chefe do país! Fora Leman e cia! #ReestatizaEletrobrasJá,0,6,7,https://twitter.com/AlencarBraga13/status/1622233582818451456
