nome,usuario,idTweet,dataPublicacao,texto,replies,retweets,likes,tweetPai
Ciones,@tarcio82652112,https://twitter.com/tarcio82652112/status/1622754825682227202,2023-02-07T00:31:14.000Z,Eu vou!👏🏾👏🏾👏🏾,0,0,0,https://twitter.com/AlencarBraga13/status/1622731987076149251
Jussara Moreira,@Jussara0209,https://twitter.com/Jussara0209/status/1622745989151948800,2023-02-06T23:56:07.000Z,Viva o PT!!!❤️👏🏻👏🏻,0,0,1,https://twitter.com/AlencarBraga13/status/1622731987076149251
Marisa victorio da silva,@victorio_marisa,https://twitter.com/victorio_marisa/status/1622744320653643777,2023-02-06T23:49:29.000Z,"Venha celebrar os 43 anos do @ptbrasil e o governo @lulaoficial ! 🎂🦑                         
É quinta-feira (9/2), às 18h30, na Av.Esperança, 720, Centro de Guarulhos. 😀♥️                                                                .",0,0,0,https://twitter.com/AlencarBraga13/status/1622731987076149251
Moises Da Silva Santos,@moisessantos939,https://twitter.com/moisessantos939/status/1623465619818512384,2023-02-08T23:35:40.000Z,"Um partido feito de vagabundos e Bandidos, começando pelo Lula, o chefe da quadrilha.",0,0,1,https://twitter.com/AlencarBraga13/status/1622731987076149251
