nome,usuario,idTweet,dataPublicacao,texto,replies,retweets,likes,tweetPai
Caccaos 33∴,@Caccaos33,https://twitter.com/Caccaos33/status/1622767494325731332,2023-02-07T01:21:34.000Z,Cuba e Venezuela não pagaram seus empréstimos porque o Birulilo cortou relações com eles!,0,0,0,https://twitter.com/padilhando/status/1622647267227316225
Dede O,@DedeOliOne,https://twitter.com/DedeOliOne/status/1622698387593170978,2023-02-06T20:46:58.000Z,Kkkkkkkkk do mesmo jeito que o Brasil voltou a sorrir???,0,0,16,https://twitter.com/padilhando/status/1622647267227316225
Glaucia Torres,@GlauciaTorres13,https://twitter.com/GlauciaTorres13/status/1622651472469950477,2023-02-06T17:40:33.000Z,"As falas do Mercadante, Alckmin  e Lula mostraram a importância do BNDES para as políticas de desenvolvimento do país.",4,0,2,https://twitter.com/padilhando/status/1622647267227316225
Anderson Bonutti,@andersonbonutti,https://twitter.com/andersonbonutti/status/1622712953580519448,2023-02-06T21:44:51.000Z,"A farra voltou !?
Com qual nome ?
Não pode ser mais mensalão, esse já existe !",1,0,2,https://twitter.com/padilhando/status/1622647267227316225
Afonsinho,@Afonsin89631716,https://twitter.com/Afonsin89631716/status/1623208693998256128,2023-02-08T06:34:45.000Z,Piada kkkk,0,0,0,https://twitter.com/padilhando/status/1622647267227316225
Marcus Costa,@mcosta_aig,https://twitter.com/mcosta_aig/status/1623165422945153025,2023-02-08T03:42:48.000Z,E eu nem sabia que  a Argentina era um estado brasileiro; morro e não vejo tudo!,0,0,0,https://twitter.com/padilhando/status/1622647267227316225
Priscila Melo,@Priscil45830422,https://twitter.com/Priscil45830422/status/1622913542876790788,2023-02-07T11:01:55.000Z,"@Revoga10723 @gestaogovbr @edweck_rj 
 #Revoga10723Portaria não pode inovar a lei.",0,4,2,https://twitter.com/padilhando/status/1622647267227316225
Renato Reidogas,@Renatoreidogas,https://twitter.com/Renatoreidogas/status/1622923142845923335,2023-02-07T11:40:04.000Z,"Então bebi querosene 🤦🏻‍♂️ ow Padilha presta atenção né !  Que o povo não manda nada isso já sabia . Mas que somos cegos , surdos e mudos aí já eh demais .",0,0,0,https://twitter.com/padilhando/status/1622647267227316225
Everton Breus,@Everton_Breus,https://twitter.com/Everton_Breus/status/1622793111846912000,2023-02-07T03:03:22.000Z,"Piada, qual país e qual estado?
Na verdade qual departamento pois na Argentina se fala departamento e não estado",0,0,0,https://twitter.com/padilhando/status/1622647267227316225
Ana,@Ana19606,https://twitter.com/Ana19606/status/1622751312650637313,2023-02-07T00:17:16.000Z,Vai ter missa para levarem um terço?,0,0,0,https://twitter.com/padilhando/status/1622647267227316225
MARCELO PEREIRA,@MARCELOPEREIR81,https://twitter.com/MARCELOPEREIR81/status/1622753988947976193,2023-02-07T00:27:54.000Z,Eita voltou a corrupção no BNDS .,0,0,0,https://twitter.com/padilhando/status/1622647267227316225
CdC Capital,@cdccapital1992,https://twitter.com/cdccapital1992/status/1622703342026719238,2023-02-06T21:06:39.000Z,Só tomara que os@paises companheiros PAGUEM os emprestimos financiados pelo contribuinte brasileiro,0,0,0,https://twitter.com/padilhando/status/1622647267227316225
Fabio da Silva Machado,@Fabioda03570532,https://twitter.com/Fabioda03570532/status/1622711632211193858,2023-02-06T21:39:36.000Z,Aproveita e cobra os caloteiros.,0,0,0,https://twitter.com/padilhando/status/1622647267227316225
Vitor Miziara,@vmiziara_,https://twitter.com/vmiziara_/status/1622648799179964444,2023-02-06T17:29:55.000Z,Esqueceu de citar os governos de esquerda.,0,0,0,https://twitter.com/padilhando/status/1622647267227316225
Tony stark,@Wellsgdsilva,https://twitter.com/Wellsgdsilva/status/1622648496225386498,2023-02-06T17:28:43.000Z,Kkkkk só rindo mesmo !! O problema é que vc nunca vê o desenvolvimento todos pegam dinheiro mas não sabemos pra onde ele vai !!,0,0,3,https://twitter.com/padilhando/status/1622647267227316225
Tais Santos,@Taisinha1984,https://twitter.com/Taisinha1984/status/1622733570044305409,2023-02-06T23:06:46.000Z,Esqueceu de falar dos países socialistas que o Lula tanto ama kkkkk,0,0,0,https://twitter.com/padilhando/status/1622647267227316225
Eliezer Scholl,@eliezer_scholl,https://twitter.com/eliezer_scholl/status/1622887203918561282,2023-02-07T09:17:15.000Z,"Se Venezuela e Cuba pagarem as dívidas deles, e tem que ser pra união, aí podem emprestar pros outros países, senão eu não autorizo.",0,0,1,https://twitter.com/padilhando/status/1622647267227316225
100Politico de estimação,@MarcioO83784228,https://twitter.com/MarcioO83784228/status/1622715041995784217,2023-02-06T21:53:09.000Z,"Só queria saber, quando Cuba,Venzuela, Moçambique, vão pagar suas dívidas…???",0,1,10,https://twitter.com/padilhando/status/1622647267227316225
Alonso Calhau,@CalhauImoveis,https://twitter.com/CalhauImoveis/status/1622756613273649155,2023-02-07T00:38:20.000Z,"Vai ajudar mesmo... Agora a Argentina conclui o gasoduto, vai ter metro na Venezuela e em Cuba. No Brasil não tem a menor necessidade!",0,0,0,https://twitter.com/padilhando/status/1622647267227316225
Sandro Galvao,@SandroGalvao8,https://twitter.com/SandroGalvao8/status/1622757535471046658,2023-02-07T00:42:00.000Z,💩🤡🤡🤡,0,0,0,https://twitter.com/padilhando/status/1622647267227316225
Vicente,@c_vicente1965,https://twitter.com/c_vicente1965/status/1622650734901592065,2023-02-06T17:37:37.000Z,Dilma passou aqui ❤️✊🏼🚩,0,0,0,https://twitter.com/padilhando/status/1622647267227316225
Alessandra Carretta,@Alessan81232950,https://twitter.com/Alessan81232950/status/1623076065911472128,2023-02-07T21:47:44.000Z,Tamo na água 🤦🏼‍♀️☔️,0,0,0,https://twitter.com/padilhando/status/1622647267227316225
Lucia Castro,@LuciaCa75470039,https://twitter.com/LuciaCa75470039/status/1622713003182358530,2023-02-06T21:45:03.000Z,#ForaCamposNeto,0,0,0,https://twitter.com/padilhando/status/1622647267227316225
rutesanlacerda,@rutesanlacerda,https://twitter.com/rutesanlacerda/status/1622733612767494144,2023-02-06T23:06:56.000Z,#Çei....,0,0,1,https://twitter.com/padilhando/status/1622647267227316225
Israel Monteiro,@israelcmonteiro,https://twitter.com/israelcmonteiro/status/1622934359819911168,2023-02-07T12:24:38.000Z,#renunciaCampos,0,0,0,https://twitter.com/padilhando/status/1622647267227316225
RicardoRamos,@Ricardo76253803,https://twitter.com/Ricardo76253803/status/1622735359632080896,2023-02-06T23:13:53.000Z,A Argentina agradece kkkkk,0,0,1,https://twitter.com/padilhando/status/1622647267227316225
Lourdes aceira,@Lourdes14620732,https://twitter.com/Lourdes14620732/status/1622780196603539456,2023-02-07T02:12:03.000Z,🤔🤔🤔🤔🤔,0,0,0,https://twitter.com/padilhando/status/1622647267227316225
EdEdy,@edycribescribe,https://twitter.com/edycribescribe/status/1622790176429703170,2023-02-07T02:51:42.000Z,A carreta furacão a todo vapor,0,0,0,https://twitter.com/padilhando/status/1622647267227316225
Jorge Raiz,@JorgeRaiz1,https://twitter.com/JorgeRaiz1/status/1623251435012997120,2023-02-08T09:24:35.000Z,Parece que tb vai ajudar países socialistas e quebrados com a garantia dos nossos impostos.,0,0,1,https://twitter.com/padilhando/status/1622647267227316225
Márcia Mancuzo,@marcia_mancuzo,https://twitter.com/marcia_mancuzo/status/1622660683610423296,2023-02-06T18:17:09.000Z,Você acredita mesmo nisso? Eu não!,0,0,1,https://twitter.com/padilhando/status/1622647267227316225
Badger Vicari,@BadgerBV,https://twitter.com/BadgerBV/status/1622918198671642625,2023-02-07T11:20:25.000Z,E vai ajudar também as democracias da Venezuela e de Cuba. E vai perdoar os respectivos calores.,0,0,0,https://twitter.com/padilhando/status/1622647267227316225
Badger Vicari,@BadgerBV,https://twitter.com/BadgerBV/status/1622918290468220930,2023-02-07T11:20:47.000Z,(*) calotes.,0,0,0,https://twitter.com/padilhando/status/1622647267227316225
Inri Cristo.,@Oh_I_God,https://twitter.com/Oh_I_God/status/1622706255650336768,2023-02-06T21:18:14.000Z,E vai rolar o dízimo como da vez anterior?????,0,0,2,https://twitter.com/padilhando/status/1622647267227316225
Paulo Sarmento,@PauloSa77609052,https://twitter.com/PauloSa77609052/status/1622925855960846337,2023-02-07T11:50:51.000Z,Pq não convidou o Haddad??,0,0,0,https://twitter.com/padilhando/status/1622647267227316225
Wladimir Neto,@neto_wladimir,https://twitter.com/neto_wladimir/status/1622904316217491459,2023-02-07T10:25:15.000Z,Num sei pra quê?,0,0,0,https://twitter.com/padilhando/status/1622647267227316225
vera lucia coutinho,@vera_coutinho,https://twitter.com/vera_coutinho/status/1622756513470193665,2023-02-07T00:37:56.000Z,"QUE TRISTE!O BRASILEIRO PAGA IMPOSTOS ALTÍSSIMOS,E OS AMIGOS É QUEM SE DEILEITAM.
MAS TUDO BEM,""DEUS"" ESTÁ DE OLHO EM TUDO...",0,1,0,https://twitter.com/padilhando/status/1622647267227316225
Dorival Leoni (Dori),@dorileoni_,https://twitter.com/dorileoni_/status/1622718442250928135,2023-02-06T22:06:39.000Z,Daqui 4 anos uma nova CPI para apurar os desmandos no BNDES durante o período de 2023 a 2027...aguardem!,0,0,0,https://twitter.com/padilhando/status/1622647267227316225
MITO,@ThiagoB49,https://twitter.com/ThiagoB49/status/1622699279650357258,2023-02-06T20:50:31.000Z,Para de mentir petista!! Vcs quebraram o Brasil e está banco!! Usaram o BNDES para mandar dinheiro pra fora do Brasil ao invés de investir aqui !!! Financiou ditaduras e as@famosas empreiteiras amigas!!!,0,0,0,https://twitter.com/padilhando/status/1622647267227316225
João Donizetti,@JooDonizetti1,https://twitter.com/JooDonizetti1/status/1622903480275947520,2023-02-07T10:21:56.000Z,E VOCE ACREDITOU ??????,0,0,0,https://twitter.com/padilhando/status/1622647267227316225
Marcio COUPE,@CoupeMarcio,https://twitter.com/CoupeMarcio/status/1622973886102114304,2023-02-07T15:01:42.000Z,Ajudará os amigos DITADORES a darem o calote!!!!!,0,0,0,https://twitter.com/padilhando/status/1622647267227316225
Marcelo Junior Monteiro,@MarceloJrMon,https://twitter.com/MarceloJrMon/status/1622742897421344768,2023-02-06T23:43:50.000Z,Seu mentiroso.,0,0,0,https://twitter.com/padilhando/status/1622647267227316225
Sertão BAJB2026,@sertao_ba,https://twitter.com/sertao_ba/status/1622957541977194496,2023-02-07T13:56:45.000Z,"Faz o L 
Banco Central #ForaLula",0,0,0,https://twitter.com/padilhando/status/1622647267227316225
Amelia Bolzani,@bolzani_amelia,https://twitter.com/bolzani_amelia/status/1622781270823510018,2023-02-07T02:16:19.000Z,Não é o q os grandes especialistas e jornalistas estão dizendo.,0,0,0,https://twitter.com/padilhando/status/1622647267227316225
maria 123456,@eu112233445566,https://twitter.com/eu112233445566/status/1622745923758465024,2023-02-06T23:55:52.000Z,Só estou vendo ele dizer que vai mandar dinheiro pra país caloteiro e que provavelmente devem ter pago é o seu patrão ladrão!!!!,0,0,0,https://twitter.com/padilhando/status/1622647267227316225
João Damásio,@Damsio11Joo,https://twitter.com/Damsio11Joo/status/1622727430073974793,2023-02-06T22:42:22.000Z,E como ficam a AMBEV e as Americanas?  tô preocupado,0,0,0,https://twitter.com/padilhando/status/1622647267227316225
Ermelino Gomes da Costa,@da_ermelino,https://twitter.com/da_ermelino/status/1622738040006275073,2023-02-06T23:24:32.000Z,E muito difícil uma pequena empresa conseguir um empréstimo principalmente às pequenas e muita conversa é pouca ação,0,0,0,https://twitter.com/padilhando/status/1622647267227316225
Haroldo Freitas,@HaroldoFreita20,https://twitter.com/HaroldoFreita20/status/1622948419881803776,2023-02-07T13:20:30.000Z,Tira a  mão  do meu dinheiro.,0,0,0,https://twitter.com/padilhando/status/1622647267227316225
Marco Antônio Dos Santos Teles,@marcoteles33,https://twitter.com/marcoteles33/status/1622880995148980225,2023-02-07T08:52:35.000Z,As falas do Lula não poderiam ser consideradas fake news?,0,0,0,https://twitter.com/padilhando/status/1622647267227316225
Hunter.RS,@RenatoHunter_RS,https://twitter.com/RenatoHunter_RS/status/1622740770213052418,2023-02-06T23:35:23.000Z,Mas haaaa… quadrilhão formado e com recursos! Ai sim! Bora quebrar o país!,0,0,0,https://twitter.com/padilhando/status/1622647267227316225
Por Justiça,@ThisNakano,https://twitter.com/ThisNakano/status/1622661238210666499,2023-02-06T18:19:21.000Z,Rindo muito aqui!O foco de vocês é socorrer as ditaduras! Não brinque com a inteligência do povo!,0,0,0,https://twitter.com/padilhando/status/1622647267227316225
Naiara Almeida,@NaiaraA06928821,https://twitter.com/NaiaraA06928821/status/1622703950205005824,2023-02-06T21:09:04.000Z,"Nosso Estado de Sao Paulo precisa da atenção de todo o governo federal. Por aqui se não abrirmos os olhos vão privatizar tudo, inclusive a saúde, o IAMSPE está por 1 fio! Help!",0,1,1,https://twitter.com/padilhando/status/1622647267227316225
Daniela Pinto gomes,@DanielaPintogo9,https://twitter.com/DanielaPintogo9/status/1622666605556637696,2023-02-06T18:40:41.000Z,Vsi começar a ROUBALHEIRA,0,0,0,https://twitter.com/padilhando/status/1622647267227316225
alexandre motta,@alexand66977694,https://twitter.com/alexand66977694/status/1622768610207735809,2023-02-07T01:26:00.000Z,E receba dos países “ amigos “,0,1,1,https://twitter.com/padilhando/status/1622647267227316225
Roberto Ghattass,@RobertoGhattass,https://twitter.com/RobertoGhattass/status/1622712714807111680,2023-02-06T21:43:54.000Z,Sei,0,0,0,https://twitter.com/padilhando/status/1622647267227316225
Engenheiro civil,@CesarRo71517242,https://twitter.com/CesarRo71517242/status/1622750311315120134,2023-02-07T00:13:18.000Z,"Para de falar lorotas rapaz, o BNDES agora, vai virar banco para países falidos. E outra, o senhor é uma vergonha pro Brasil.",0,0,0,https://twitter.com/padilhando/status/1622647267227316225
Nilson Azevedo,@nilso_azevedo,https://twitter.com/nilso_azevedo/status/1622858283441700865,2023-02-07T07:22:20.000Z,"Os Estados estrangeiros, ondebrech,oas etc...",0,0,0,https://twitter.com/padilhando/status/1622647267227316225
Florindo Fernando Marinho,@FFernandoMarin2,https://twitter.com/FFernandoMarin2/status/1622773591073869824,2023-02-07T01:45:48.000Z,"Kkkkk vai mandar dinheiro para o exterior 
Aliás quando a fonte secar o que será de vcs?",0,0,0,https://twitter.com/padilhando/status/1622647267227316225
Rogério Ferreira Debochado,@RogrioF48596947,https://twitter.com/RogrioF48596947/status/1622789089660440576,2023-02-07T02:47:23.000Z,Virou balcão de ajuda aos amigos devedores de novo,0,0,0,https://twitter.com/padilhando/status/1622647267227316225
magyarszilvia,@silmagyar,https://twitter.com/silmagyar/status/1622896241674752001,2023-02-07T09:53:10.000Z,Vão ajudar principalmente os vizinhos através de obras com empresas nacionais? Filme repetido.,0,0,0,https://twitter.com/padilhando/status/1622647267227316225
morris,@brydenscott,https://twitter.com/brydenscott/status/1622745212727558147,2023-02-06T23:53:02.000Z,Cade o dinheiro das enfermeiras?,0,0,0,https://twitter.com/padilhando/status/1622647267227316225
100Politico de estimação,@MarcioO83784228,https://twitter.com/MarcioO83784228/status/1622715422813421587,2023-02-06T21:54:40.000Z,"Que coincidência, Lojas Americanas deverem 951 milhões para o BNDES ?
Esse banco não dá uma dentro…???",0,0,2,https://twitter.com/padilhando/status/1622647267227316225
SuperPetista,@PetistaSuper,https://twitter.com/PetistaSuper/status/1622717614265958416,2023-02-06T22:03:22.000Z,""" ajudará os estados"" de países alinhados com vcs? Vcs privatizaram o BNDES, como um banco pessoal de vcs, com grana pra quem tá alinhado com vcs",0,0,0,https://twitter.com/padilhando/status/1622647267227316225
Willian Wallace Freedom,@Rodrigo87337379,https://twitter.com/Rodrigo87337379/status/1622737108841496576,2023-02-06T23:20:50.000Z,Vão roubar nosso dinheiro para emprestar para Ditaduras,0,0,0,https://twitter.com/padilhando/status/1622647267227316225
Fabiano,@Fabiano15464722,https://twitter.com/Fabiano15464722/status/1622727220774010881,2023-02-06T22:41:32.000Z,Boa noite cubano,0,0,0,https://twitter.com/padilhando/status/1622647267227316225
André G Faria Neto,@AndreGFariaNeto,https://twitter.com/AndreGFariaNeto/status/1622782203401760771,2023-02-07T02:20:01.000Z,"Está de volta para os CPX Cupinxas né!Ver um nordestino, que chega ao poder e manda o BNDS investir bilhões em outros países ao invés de investir no Nordeste, não passa de um vagamundo!Usar dinheiro dos impostos dos trabalhadores brasileiros em outros  países é coisa de cretino!",0,0,0,https://twitter.com/padilhando/status/1622647267227316225
hFroidi,@POS_QUIM,https://twitter.com/POS_QUIM/status/1622666250819182631,2023-02-06T18:39:16.000Z,"Não, não é clipe pornô da ANITA. FOGO NO RABO é o último filme do CACTOS INTACTOS disponível no canal do coletivo de cinema no Youtube.",0,0,0,https://twitter.com/padilhando/status/1622647267227316225
JJ,@JJ41215193,https://twitter.com/JJ41215193/status/1622689238121648129,2023-02-06T20:10:37.000Z,"Kkkk, vai ajudar a financiar países quebrados dos amigos ditadores",0,0,0,https://twitter.com/padilhando/status/1622647267227316225
Rodrigo stephano,@Rodrigostepha19,https://twitter.com/Rodrigostepha19/status/1622967650069491714,2023-02-07T14:36:55.000Z,compra essa briga aqui: @SenadoFederal @LulaOficial @CarlosLupiPDT Vossas excelências olhem pelos aposentados por invalidez que após a nova reforma estão sofrendo com um cálculo inconstitucional de 60 % uma covardia que fizeram com a gente.,0,0,0,https://twitter.com/padilhando/status/1622647267227316225
layla neguinha,@christi57537587,https://twitter.com/christi57537587/status/1622675163425775648,2023-02-06T19:14:41.000Z,e tem gente que acredita,0,0,0,https://twitter.com/padilhando/status/1622647267227316225
