nome,usuario,idTweet,dataPublicacao,texto,replies,retweets,likes,tweetPai
Flávio Verthalicer,@Verth,https://twitter.com/Verth/status/1622929526664704001,2023-02-07T12:05:26.000Z,#ReestatizaEletrobrasJá,0,0,0,https://twitter.com/AlencarBraga13/status/1622928160059711493
Carlos Panzenhagen,@CarlosPanzenha1,https://twitter.com/CarlosPanzenha1/status/1623145848942088195,2023-02-08T02:25:01.000Z,"De fato, e está fazendo falta demais.",0,0,0,https://twitter.com/AlencarBraga13/status/1622928160059711493
Marisa victorio da silva,@victorio_marisa,https://twitter.com/victorio_marisa/status/1622932613521448963,2023-02-07T12:17:42.000Z,"""BNDES💡 é a mais importante agência de investimento e desenvolvimento que esse país criou"". - Lula                                     

""Se elas crescem, o Brasil http://cresce.Se o Brasil cresce, as MPEs crescem""",0,0,0,https://twitter.com/AlencarBraga13/status/1622928160059711493
Ageu Teodoro,@AgeuTeodoro,https://twitter.com/AgeuTeodoro/status/1623176388369960962,2023-02-08T04:26:22.000Z,"Como pode essa cara só falar bosta... Investimento em nosso país, e não em ditaduras do lixo socialista.",0,0,0,https://twitter.com/AlencarBraga13/status/1622928160059711493
José Gomes,@JoseRibamarGF,https://twitter.com/JoseRibamarGF/status/1623267461981253632,2023-02-08T10:28:16.000Z,"Muito Grave o que aconteceu a Vereadora do PT, Maria Teresa, em São Miguel D'Oeste em Santa Catarina, onde os Dissimulados Nazistas fizeram com ela. Vejam o Vídeo. 👇👇👇👇👇👇👇👇👇👇",0,0,0,https://twitter.com/AlencarBraga13/status/1622928160059711493
Regina Moura,@ReginaMoura134,https://twitter.com/ReginaMoura134/status/1623088857443966980,2023-02-07T22:38:33.000Z,"#democraciainabalada #RedeClaudiaFerreira@ClaudiaBahia_13 @JYanomami 
FAZ O L
PRESIDENTE LULA",0,0,0,https://twitter.com/AlencarBraga13/status/1622928160059711493
