nome,usuario,idTweet,dataPublicacao,texto,replies,retweets,likes,tweetPai
Christian Moreira,@ChrisMoreiraEmp,https://twitter.com/ChrisMoreiraEmp/status/1622705005575766027,2023-02-06T21:13:16.000Z,O governo mais corrupto da história voltou a cena do crime. Lamentável.,0,0,4,https://twitter.com/adriventurasp/status/1622702841956823041
Marco Andrade,@MarcoAn50867209,https://twitter.com/MarcoAn50867209/status/1622907955233406976,2023-02-07T10:39:43.000Z,A cachaça trás grandes efeitos colaterais.,0,0,0,https://twitter.com/adriventurasp/status/1622702841956823041
bonsnegócio (lucom),@lucom_l,https://twitter.com/lucom_l/status/1623344197267775492,2023-02-08T15:33:11.000Z,"O passageiro vai ficar esperando em casa sentado pelo Uber dos correios, correios cheio de problemas, quer mais um pra ferar tudo.",0,0,0,https://twitter.com/adriventurasp/status/1622702841956823041
brazuka pistola,@BrazukaPistola,https://twitter.com/BrazukaPistola/status/1622727518280196103,2023-02-06T22:42:43.000Z,Noticia qualquer um dá deputada. Gostaria de saber o que será que VOCÊ como parlamentar fará??? Estou o ponto.,0,0,0,https://twitter.com/adriventurasp/status/1622702841956823041
Tusita,@Tusita_S,https://twitter.com/Tusita_S/status/1622716186608762892,2023-02-06T21:57:42.000Z,E qual empresa quer perder um mercado enorme como o Brasil? Tem que se adequar sim!,0,0,1,https://twitter.com/adriventurasp/status/1622702841956823041
Luiz M C Sobrinho,@lcsobrin,https://twitter.com/lcsobrin/status/1622709958105079808,2023-02-06T21:32:57.000Z,Jumentos falando dá nisso. Salve-se quem puder.,0,0,1,https://twitter.com/adriventurasp/status/1622702841956823041
SergioLomani,@SergioLomani,https://twitter.com/SergioLomani/status/1622711833625853966,2023-02-06T21:40:24.000Z,Poha … vou pegar um Sedex da próxima vez,0,0,0,https://twitter.com/adriventurasp/status/1622702841956823041
Francisco Celso Garcia,@Francis73406366,https://twitter.com/Francis73406366/status/1622897832951783426,2023-02-07T09:59:30.000Z,"UBER: 
...não  precisa inventar a roda, é só olhar o que está sendo feito no resto do mundo e copiar ! .. 

Simples assim!! ...",0,0,0,https://twitter.com/adriventurasp/status/1622702841956823041
ELIANE FALCONI MONICO GAZETTO,@EGazetto,https://twitter.com/EGazetto/status/1624169470682882069,2023-02-10T22:12:32.000Z,Mas na estatal ele pode meter a mão!,0,0,0,https://twitter.com/adriventurasp/status/1622702841956823041
Jose Carlos Passaretti,@jpassaret,https://twitter.com/jpassaret/status/1622793848194727937,2023-02-07T03:06:18.000Z,"Putz!!! Uber, atua em mobilidade e a ECT em logística!!!  O ministro pelego fazer essa confusão é compreensível, mas a nobre deputada não pode reverberar essa estupidez!",1,0,0,https://twitter.com/adriventurasp/status/1622702841956823041
PAULO AJUZ,@AjuzPaulo,https://twitter.com/AjuzPaulo/status/1622853270078201857,2023-02-07T07:02:25.000Z,Sem noção!,0,0,0,https://twitter.com/adriventurasp/status/1622702841956823041
Erika Campana “OTO PA-TA-MAR”,@lilicacampana,https://twitter.com/lilicacampana/status/1622755422338789376,2023-02-07T00:33:36.000Z,tudo isto pq o ex presida não deu andamento a privatição dos correios. que não servem nem pra prestar o seviço para o qual foram criados. é brincadeira né...,0,0,1,https://twitter.com/adriventurasp/status/1622702841956823041
Rogerio,@RogerioVilela18,https://twitter.com/RogerioVilela18/status/1622755793400365056,2023-02-07T00:35:05.000Z,🤣🤣🤣🤣🤣🤣🤣🤣🤣🤣🤣🤣🤣🤣🤣🤣🤣🤣🤣🤣🤣🤣🤣🤣🤣🤣🤣🤣🤣🤣🤣🤣🤣🤣🤣🤣,0,0,0,https://twitter.com/adriventurasp/status/1622702841956823041
Jair Junior,@juniorbernacki,https://twitter.com/juniorbernacki/status/1622710481734586368,2023-02-06T21:35:02.000Z,Esse pessoal ainda está nos tempos da guerra fria!!!,0,0,0,https://twitter.com/adriventurasp/status/1622702841956823041
Pedro F1010,@PedroFaria1010,https://twitter.com/PedroFaria1010/status/1622745971103784963,2023-02-06T23:56:03.000Z,Seria melhor ele estatizar os taxi. kkkk Aonde vamos parar.,0,0,0,https://twitter.com/adriventurasp/status/1622702841956823041
Janio Ferreira Costa,@JanioFerreiraC5,https://twitter.com/JanioFerreiraC5/status/1622706619485126656,2023-02-06T21:19:41.000Z,Que ideia brilhante.,0,0,1,https://twitter.com/adriventurasp/status/1622702841956823041
Tom Ribeiro,@TomRibeiro18,https://twitter.com/TomRibeiro18/status/1622908367709634560,2023-02-07T10:41:21.000Z,O Brasil tem um verdadeiro tolo no comando que está promovendo uma bagunça no país.,0,0,0,https://twitter.com/adriventurasp/status/1622702841956823041
Silvia Lino,@SilviaLinodosS1,https://twitter.com/SilviaLinodosS1/status/1622751307093229569,2023-02-07T00:17:15.000Z,Os correios não dão conta de entregar correspondência vai dar conta de transporte ???,0,0,0,https://twitter.com/adriventurasp/status/1622702841956823041
Leonardo Oliveira,@leonardoconnect,https://twitter.com/leonardoconnect/status/1622710970274512900,2023-02-06T21:36:58.000Z,Mas a turma dele tá ávida por uma boquinha...,0,0,0,https://twitter.com/adriventurasp/status/1622702841956823041
Elizeu Ramos,@elizeuramos2011,https://twitter.com/elizeuramos2011/status/1623668433735847939,2023-02-09T13:01:35.000Z,Só dá incompetentes e imbecis neste desgoverno,0,0,0,https://twitter.com/adriventurasp/status/1622702841956823041
