nome,usuario,idTweet,dataPublicacao,texto,replies,retweets,likes,tweetPai
Di,@DiVilar,https://twitter.com/DiVilar/status/1623564412261892102,2023-02-09T06:08:14.000Z,E Lula põe em@sigilo as imagens. Está escondendo o que? Já assinou a CPI para apurar os fatos? Ou vão esconder quem realmente está por trás?,0,0,0,https://twitter.com/AlencarBraga13/status/1623320753020993536
Marisa victorio da silva,@victorio_marisa,https://twitter.com/victorio_marisa/status/1623325655315234819,2023-02-08T14:19:30.000Z,"#democracia Inabalada✊ #democraciainabalada Forte✊      

UM MÊS DOS ATENTADOS CONTRA A DEMOCRACIA.                ✔️Para o ex-líder  do PT, @reginaldolopesmg , o presidente @lulaoficial agiu para defender a democracia, e os culpados estão sendo responsabilizados.O líder +",0,0,0,https://twitter.com/AlencarBraga13/status/1623320753020993536
Marisa victorio da silva,@victorio_marisa,https://twitter.com/victorio_marisa/status/1623326116944441344,2023-02-08T14:21:20.000Z,"do PT, @zecadirceuoficial,conclui: ""A democracia se mostrou forte e inabalada"".                           @ptbrasil",0,0,0,https://twitter.com/AlencarBraga13/status/1623320753020993536
