nome,usuario,idTweet,dataPublicacao,texto,replies,retweets,likes,tweetPai
Rafael Cezar 13,@Rafaelcezar1996,https://twitter.com/Rafaelcezar1996/status/1623338919537278976,2023-02-08T15:12:13.000Z,"Exatamente, metrópoles que anda criticando o Lula em tudo",0,0,0,https://twitter.com/AlencarBraga13/status/1623317565949837314
Marisa victorio da silva,@victorio_marisa,https://twitter.com/victorio_marisa/status/1623319575960977409,2023-02-08T13:55:21.000Z,"😲Dois meios de comunicação 🙃✔️Estamos em pleno 2023 e dois meios de comunicação de maior audiência do Brasil  - que vivem dando lição de moral em tudo - se referem a uma jurista renomada e professora universitária com sólida carreira acadêmica por ""mulher"" e ""esposa"" de +",0,0,0,https://twitter.com/AlencarBraga13/status/1623317565949837314
Marisa victorio da silva,@victorio_marisa,https://twitter.com/victorio_marisa/status/1623319918585253889,2023-02-08T13:56:43.000Z,alguém. Inacreditável.Vergonhoso! 🙃,0,0,0,https://twitter.com/AlencarBraga13/status/1623317565949837314
Aquilez Nilson,@AquilezN,https://twitter.com/AquilezN/status/1623341915956445185,2023-02-08T15:24:07.000Z,"Avante companheiro.  Federalize a PCDF.  Tem de acabar a bagunça na segurança pública do DF. A PCDF PEDE SOCORRO AO GOVERNO FEDERAL.  OS POLICIAIS SAO CUMPRIDORES DA LEI, MAS ESTÃO HA 10 ANOS SEM REAJUSTE SALARIAL.",0,0,0,https://twitter.com/AlencarBraga13/status/1623317565949837314
