nome,usuario,idTweet,dataPublicacao,texto,replies,retweets,likes,tweetPai
Maky,@KilppNasc,https://twitter.com/KilppNasc/status/1623460526612267008,2023-02-08T23:15:26.000Z,"Agora tem as Lojas Marisa com ""problemas"". Creio q as empresas privadas estão mal administradas, culpa do PT 😈🇧🇷🇧🇷🇧🇷🇧🇷🇧🇷🇧🇷🇧🇷🇧🇷🇧🇷🇧🇷",0,0,0,https://twitter.com/AlencarBraga13/status/1623400245018124290
Paulo Belotti,@paulobelotti81,https://twitter.com/paulobelotti81/status/1632217838277603329,2023-03-05T03:13:52.000Z,Aguardo a revogação TB da reforma trabalhista e a da previdência. Inclusive a de 2004. Quero aposentar logo.,0,0,0,https://twitter.com/AlencarBraga13/status/1623400245018124290
Juan,@JhetiawCS,https://twitter.com/JhetiawCS/status/1623418686135476224,2023-02-08T20:29:11.000Z,Reestatizar a eletrobras é questão de segurança nacional!!!,0,0,0,https://twitter.com/AlencarBraga13/status/1623400245018124290
Flávio Verthalicer,@Verth,https://twitter.com/Verth/status/1623402925346197504,2023-02-08T19:26:33.000Z,#LulaReestatizaEletrobrasJá @LulaOficial,0,0,1,https://twitter.com/AlencarBraga13/status/1623400245018124290
Flávio Verthalicer,@Verth,https://twitter.com/Verth/status/1623403039821266945,2023-02-08T19:27:00.000Z,Sem Eletrobras Pública o país ficará no escuro!#LulaReestatizaEletrobrasJá @LulaOficial,0,0,1,https://twitter.com/AlencarBraga13/status/1623400245018124290
Marisa victorio da silva,@victorio_marisa,https://twitter.com/victorio_marisa/status/1623418093275054080,2023-02-08T20:26:49.000Z,#lulareestatizaeletrobrasJá 🤔 ELETROBRÁS TERÁ O MESMO DESTINO DAS AMERICANAS ✔️Empresa que fez auditoria de Lojas Americanas é a mesma que recomendou privatização da Eletrobrás.,0,0,0,https://twitter.com/AlencarBraga13/status/1623400245018124290
Nilcea De Moura,@NilceaDeMoura1,https://twitter.com/NilceaDeMoura1/status/1623410239331508225,2023-02-08T19:55:37.000Z,Reestatistiza que eu quero voltar a voltar a roubar.,0,0,0,https://twitter.com/AlencarBraga13/status/1623400245018124290
