nome,usuario,idTweet,dataPublicacao,texto,replies,retweets,likes,tweetPai
Dep. Alencar Santana,@AlencarBraga13,https://twitter.com/AlencarBraga13/status/1623059665549500416,2023-02-07T20:42:33.000Z,"O mesmo se estende à população da Síria, que também foi duramente atingida pelo terremoto e viu milhares de seus conterrâneos perderem a vida. Paradoxalmente, o vídeo do salvamento de um bebê recém-nascido emociona e enche o mundo de esperança por mais pessoas resgatadas 🙏🏽",2,2,16,https://twitter.com/AlencarBraga13/status/1623033486108987409
Debora Block,@DeboraFBergamo,https://twitter.com/DeboraFBergamo/status/1623044954971840513,2023-02-07T19:44:06.000Z,Deus tenha misericórdia!,0,0,0,https://twitter.com/AlencarBraga13/status/1623033486108987409
claudia moretto,@claudiamoretto3,https://twitter.com/claudiamoretto3/status/1623035440633679891,2023-02-07T19:06:18.000Z,😥,0,0,0,https://twitter.com/AlencarBraga13/status/1623033486108987409
José Miranda,@JoseDMiranda,https://twitter.com/JoseDMiranda/status/1623041276588265473,2023-02-07T19:29:29.000Z,Muito triste tudo isso,0,0,0,https://twitter.com/AlencarBraga13/status/1623033486108987409
Francisco Telles,@franciscotelles,https://twitter.com/franciscotelles/status/1623050402852745217,2023-02-07T20:05:45.000Z,"Pqp, q coisa trágica. Q dor.",0,0,0,https://twitter.com/AlencarBraga13/status/1623033486108987409
Carmen de Fátima,@magnolia_carmen,https://twitter.com/magnolia_carmen/status/1623055568457056256,2023-02-07T20:26:17.000Z,Muito triste.,0,0,0,https://twitter.com/AlencarBraga13/status/1623033486108987409
dalila ribeiro viann,@RibeiroViann,https://twitter.com/RibeiroViann/status/1623054386120495104,2023-02-07T20:21:35.000Z,"Paz, luz e esperança para esses povos tão sofridos.",0,0,0,https://twitter.com/AlencarBraga13/status/1623033486108987409
Marisa victorio da silva,@victorio_marisa,https://twitter.com/victorio_marisa/status/1623038686907535362,2023-02-07T19:19:12.000Z,"💔... ao qual manisfesto toda minha solidariedade nesse momento difícil 🙏🏽😞🌱✔️Muito triste a situação da Turquia diante do terremoto que ceifou milhares de vidas. 
Essa imagem de um pai segurando a mão da filha sem vida simboliza a dor +",0,0,0,https://twitter.com/AlencarBraga13/status/1623033486108987409
Marisa victorio da silva,@victorio_marisa,https://twitter.com/victorio_marisa/status/1623039615232839688,2023-02-07T19:22:53.000Z,"do povo turco, ao qual manifesto toda minha solidariedade nesse momento tão difícil 🙏🏽@TurkEmbBrazil📸Adem Altan",0,0,0,https://twitter.com/AlencarBraga13/status/1623033486108987409
