nome,usuario,idTweet,dataPublicacao,texto,replies,retweets,likes,tweetPai
Rita de Cássia Liberato,@RitaLiberato94,https://twitter.com/RitaLiberato94/status/1623781798026137602,2023-02-09T20:32:03.000Z,Creio ter sido a única vez que não mentiu. Por onde passa tudo é morto. #SemAnistia,0,0,0,https://twitter.com/AlencarBraga13/status/1623729712911482881
Cristiane Vitória,@ZadinaCristiane,https://twitter.com/ZadinaCristiane/status/1623824045241139201,2023-02-09T23:19:56.000Z,Uma verdade que o Minto falou! Milagre!,0,0,0,https://twitter.com/AlencarBraga13/status/1623729712911482881
Marisa victorio da silva,@victorio_marisa,https://twitter.com/victorio_marisa/status/1623737058781978624,2023-02-09T17:34:17.000Z,"Quando ele falou que sua especialidade era matar, pela primeira vez, não mentiu.🙃",0,0,0,https://twitter.com/AlencarBraga13/status/1623729712911482881
Antonio claudio De paula,@Antonio20158788,https://twitter.com/Antonio20158788/status/1623741044289421312,2023-02-09T17:50:07.000Z,"O QUE ESPERAR DESSAS CRIATURAS, DESSE MUNDO O",0,0,0,https://twitter.com/AlencarBraga13/status/1623729712911482881
Marisa victorio da silva,@victorio_marisa,https://twitter.com/victorio_marisa/status/1623736886031224840,2023-02-09T17:33:35.000Z,"Quando ele falou que sua especialidade era matar - pela primeira vez - não mentiu🗣️Irresponsável - Incompetente genocida - nem as emas escaparam                             ✔️Nem as emas escaparam da política irresponsável, incompetente e genocida de Bolsonaro. +",0,0,0,https://twitter.com/AlencarBraga13/status/1623729712911482881
Amos Sousa,@AmosrBSousa055,https://twitter.com/AmosrBSousa055/status/1623801038984605697,2023-02-09T21:48:31.000Z,"Excelência,Conhece aquele ditado? onde há Campos NETO há OURO...,""Onde há fumaça e fogo , tem  Brig.Faria Lima."" qualquer semelhança é mera coincidência..",0,1,1,https://twitter.com/AlencarBraga13/status/1623729712911482881
