nome,usuario,idTweet,dataPublicacao,texto,replies,retweets,likes,tweetPai
---DANCING MAN---,@JCRuckill,https://twitter.com/JCRuckill/status/1623104008935047168,2023-02-07T23:38:46.000Z,E um presidente que foi presidiário é o que?,3,0,9,https://twitter.com/AlencarBraga13/status/1623026148819992578
PAULO PREDADOR DO PARAOPEBA,@PAULOCEZARFERN7,https://twitter.com/PAULOCEZARFERN7/status/1623096245911797761,2023-02-07T23:07:55.000Z,"@alexandre , @FlavioDino",0,0,0,https://twitter.com/AlencarBraga13/status/1623026148819992578
cassiana,@AguirreKassiana,https://twitter.com/AguirreKassiana/status/1623124274495062017,2023-02-08T00:59:17.000Z,"o senhor ta falando do dia 08?
 Que o lula quer tapar com a peneira ?? Depois da CPI vamos ver a vergonha ,hein?",0,0,2,https://twitter.com/AlencarBraga13/status/1623026148819992578
#ikarochaves,@ikaro_chaves,https://twitter.com/ikaro_chaves/status/1623253050226798594,2023-02-08T09:31:00.000Z,Zero surpresa.,0,0,0,https://twitter.com/AlencarBraga13/status/1623026148819992578
República Federativa dos Manés,@Livrelivra1,https://twitter.com/Livrelivra1/status/1623135572964347907,2023-02-08T01:44:11.000Z,#CPIdoDia08#CPIdoDia08#CPIdoDia08#CPIdoDia08#CPIdoDia08#CPIdoDia08#CPIdoDia08#CPIdoDia08#CPIdoDia08#CPIdoDia08 #CPIdoDia08#CPIdoDia08 #CPIdoDia08#CPIdoDia08 #CPIdoDia08#CPIdoDia08 #CPIdoDia08#CPIdoDia08 #CPIdoDia08,0,0,0,https://twitter.com/AlencarBraga13/status/1623026148819992578
Marcos Guimaraes,@MarcosG16613706,https://twitter.com/MarcosG16613706/status/1623160094681595907,2023-02-08T03:21:38.000Z,Todos podres,0,0,1,https://twitter.com/AlencarBraga13/status/1623026148819992578
Marcinha.Mazz,@Marcinha_Mazz,https://twitter.com/Marcinha_Mazz/status/1623130791709487117,2023-02-08T01:25:11.000Z,Um deputado 🤔🙄,0,0,1,https://twitter.com/AlencarBraga13/status/1623026148819992578
"momento.zero. Fake, não. Discreto.",@zero_momento,https://twitter.com/zero_momento/status/1623079145197694977,2023-02-07T21:59:58.000Z,'Bozizta '  exemplar,0,0,1,https://twitter.com/AlencarBraga13/status/1623026148819992578
Sônia Santos,@SniaSan20406830,https://twitter.com/SniaSan20406830/status/1623132632438517760,2023-02-08T01:32:30.000Z,"Atos dos terroristas do MST Black blocos e afins 
Sempre estão acima da lei e ninguém faz nada",1,0,0,https://twitter.com/AlencarBraga13/status/1623026148819992578
Marisa victorio da silva,@victorio_marisa,https://twitter.com/victorio_marisa/status/1623032775157710849,2023-02-07T18:55:42.000Z,"Que vergonha, hein? (2 X) Que vergonha,hein?                         ✔️Nunca falha! O tenista bolsonarista, Gilbert Klier Jr, que tirou selfie nos atos terroristas do dia 8, foi suspenso por doping. Que vergonha,hein?",0,0,1,https://twitter.com/AlencarBraga13/status/1623026148819992578
Regina -,@ReginaC43815141,https://twitter.com/ReginaC43815141/status/1623030159862374402,2023-02-07T18:45:19.000Z,Fato,0,0,1,https://twitter.com/AlencarBraga13/status/1623026148819992578
Nica bela,@Niveahil,https://twitter.com/Niveahil/status/1623094951339761665,2023-02-07T23:02:46.000Z,É a CPI do terrorismo?? Do que o ladrao tá com medo? 🤔,0,0,3,https://twitter.com/AlencarBraga13/status/1623026148819992578
Mauricio Anchieta,@MauricioAnchie3,https://twitter.com/MauricioAnchie3/status/1623149106192433154,2023-02-08T02:37:58.000Z,Vergonha é apoiar um condenado em todas as instâncias!,0,0,1,https://twitter.com/AlencarBraga13/status/1623026148819992578
Di,@DiVilar,https://twitter.com/DiVilar/status/1623563830063247360,2023-02-09T06:05:56.000Z,Tá chamando quem de terrorista? Que ir parar no conselho de ética tb?,0,0,0,https://twitter.com/AlencarBraga13/status/1623026148819992578
kaka,@souzakarinahot1,https://twitter.com/souzakarinahot1/status/1623096986621681666,2023-02-07T23:10:51.000Z,Nunca falha a treta dos esquerdistas!! Faça uma busca e verá que são eles que querem competir com mulheres mesmo tendo altos níveis de testosterona circulantes! Engraçado que não vemos o contrário 🧐,0,0,1,https://twitter.com/AlencarBraga13/status/1623026148819992578
VERGONHA DE SER,@Lene22e22,https://twitter.com/Lene22e22/status/1623132714533629956,2023-02-08T01:32:50.000Z,"Vergonha é ter governo de bandidos administrando o país.
Todos ladrões, não falha um!",0,0,1,https://twitter.com/AlencarBraga13/status/1623026148819992578
Marise,@Marise10712164,https://twitter.com/Marise10712164/status/1623120421678682113,2023-02-08T00:43:59.000Z,Um sujo falando do mau lavado.,0,0,1,https://twitter.com/AlencarBraga13/status/1623026148819992578
Marcelo Brito Vieira,@marcelo76424064,https://twitter.com/marcelo76424064/status/1623134648032276480,2023-02-08T01:40:31.000Z,Vergonha é um corrupto descondensado ( não inocentado ) assumir a presidência de um País,0,0,1,https://twitter.com/AlencarBraga13/status/1623026148819992578
Marcelo Brito Vieira,@marcelo76424064,https://twitter.com/marcelo76424064/status/1623134827632291841,2023-02-08T01:41:13.000Z,Vergonha é ter um diãlogo cabuloso com uma organização criminosa,0,0,1,https://twitter.com/AlencarBraga13/status/1623026148819992578
Marcelo Brito Vieira,@marcelo76424064,https://twitter.com/marcelo76424064/status/1623135644439527425,2023-02-08T01:44:28.000Z,Vergonha é ter um corruPTo mentiroso na cadeira de presidente,0,0,0,https://twitter.com/AlencarBraga13/status/1623026148819992578
Marcelo Brito Vieira,@marcelo76424064,https://twitter.com/marcelo76424064/status/1623135851403177985,2023-02-08T01:45:18.000Z,Vergonha é ter um acusado de ser Mandante de assassinato na cadeira de Presidente,0,0,1,https://twitter.com/AlencarBraga13/status/1623026148819992578
Marcelo Brito Vieira,@marcelo76424064,https://twitter.com/marcelo76424064/status/1623135942205636608,2023-02-08T01:45:39.000Z,"Quem apoia corruPTo é cúmplice, imbecil ou ambos
Defender um bandido como o Lula . Comemorar a volta ao poder de um corrupto,  aceitar e mais, apoiar censura, prisão por crime de opinião , cancelamento de redes sociais isso é muito além do aceitável. É um problema de caráter",0,0,1,https://twitter.com/AlencarBraga13/status/1623026148819992578
Aquilez Nilson,@AquilezN,https://twitter.com/AquilezN/status/1623056021148307456,2023-02-07T20:28:05.000Z,"Avante companheiro.  Federalize a PCDF.  Tem de acabar a bagunça na segurança pública do DF. A PCDF PEDE SOCORRO AO GOVERNO FEDERAL.  OS POLICIAIS SAO CUMPRIDORES DA LEI, MAS ESTÃO HA 10 ANOS SEM REAJUSTE SALARIAL.",1,0,0,https://twitter.com/AlencarBraga13/status/1623026148819992578
