nome,usuario,idTweet,dataPublicacao,texto,replies,retweets,likes,tweetPai
𝐂𝐚𝐫𝐥𝐢𝐧𝐡𝐨𝐬 𝐏𝐞𝐫𝐞𝐢𝐫𝐚,@Karlinhos1971,https://twitter.com/Karlinhos1971/status/1623369485758472192,2023-02-08T17:13:40.000Z,Cala boca imbecil !!!!,0,0,0,https://twitter.com/padilhando/status/1623368543847710720
Azevedo YosoY Oeaohoo,@Azevedo_Wall,https://twitter.com/Azevedo_Wall/status/1623369559964061697,2023-02-08T17:13:58.000Z,"E, O RESTANTE É METER A PF/MPF ENFIM A SEGURANÇA PÚBLICA EM GERAL A INVESTIGAR PARA ESCANCARAR OS PODRES CRIMES DELES!!!",0,0,0,https://twitter.com/padilhando/status/1623368543847710720
Electra,@Electra22014835,https://twitter.com/Electra22014835/status/1623375494379933697,2023-02-08T17:37:33.000Z,"Tem que conversar muito seriamente com o PSD sobre o papel que ele quer fazer no MME. Não podemos aceitar indicações privatistas, lesa-pátria, bolsonaristas no governo da reconstrução. Não cabem figuras que assinaram a privataria. @LulaOficial @gleisi #LulaReestatizaEletrobrasJá",0,0,0,https://twitter.com/padilhando/status/1623368543847710720
XANDÃO DO BREJO,@Xandao_do_Brejo,https://twitter.com/Xandao_do_Brejo/status/1623368950665908244,2023-02-08T17:11:33.000Z,Sim mas sem abrir mão do projeto de governo,0,0,0,https://twitter.com/padilhando/status/1623368543847710720
Raul de S. Cardoso,@raulsscardoso,https://twitter.com/raulsscardoso/status/1623412110221840391,2023-02-08T20:03:03.000Z,Assim seja,0,0,1,https://twitter.com/padilhando/status/1623368543847710720
JJ,@JJ41215193,https://twitter.com/JJ41215193/status/1623373883284852767,2023-02-08T17:31:09.000Z,Vergonha,0,0,1,https://twitter.com/padilhando/status/1623368543847710720
vania da rosa,@khan_rosa,https://twitter.com/khan_rosa/status/1623374778814894087,2023-02-08T17:34:42.000Z,"Total apoio para salvar o Brasil, mãe-pátria de todos nós.",0,0,0,https://twitter.com/padilhando/status/1623368543847710720
