nome,usuario,idTweet,dataPublicacao,texto,replies,retweets,likes,tweetPai
Michelle13,@Michell15303291,https://twitter.com/Michell15303291/status/1623284065016197121,2023-02-08T11:34:14.000Z,Criminisos d alta periculosidade,0,0,1,https://twitter.com/AlencarBraga13/status/1623281516582240256
Ana#SemAnistia!,@analucasdel,https://twitter.com/analucasdel/status/1623284558509617154,2023-02-08T11:36:12.000Z,👏🏼👏🏼👏🏼👏🏼👏🏼👏🏼👏🏼,0,0,0,https://twitter.com/AlencarBraga13/status/1623281516582240256
Marisa victorio da silva,@victorio_marisa,https://twitter.com/victorio_marisa/status/1623292846903025665,2023-02-08T12:09:08.000Z,"⭐Democracia Restaurada 👷🏻👷🏻👷🏻✔️Um mês após o ataque terrorista à Praça dos Três Poderes, o governo @LulaOficial segue forte trabalhando. 
Não vão nos parar! A democracia é o patrimônio mais precioso da população brasileira. E a justiça será firme contra quem 
+",0,0,0,https://twitter.com/AlencarBraga13/status/1623281516582240256
Marisa victorio da silva,@victorio_marisa,https://twitter.com/victorio_marisa/status/1623293278568300544,2023-02-08T12:10:51.000Z,tentar tirá-la do povo.@ptbrasil @secomvc,0,0,0,https://twitter.com/AlencarBraga13/status/1623281516582240256
Marisa victorio da silva,@victorio_marisa,https://twitter.com/victorio_marisa/status/1623293546135527426,2023-02-08T12:11:55.000Z,Lula lá Lula lá ❤️,0,0,0,https://twitter.com/AlencarBraga13/status/1623281516582240256
Douglas Roberto,@Douglas73635135,https://twitter.com/Douglas73635135/status/1623281843519758339,2023-02-08T11:25:25.000Z,💙💛💙💜🔰💜,0,0,0,https://twitter.com/AlencarBraga13/status/1623281516582240256
Tiago Silveira,@_TOS22,https://twitter.com/_TOS22/status/1623391945472069643,2023-02-08T18:42:55.000Z,São muito descarados não é mesmo? Vcs não têm um pingo de vergonha na cara!,0,0,0,https://twitter.com/AlencarBraga13/status/1623281516582240256
