nome,usuario,idTweet,dataPublicacao,texto,replies,retweets,likes,tweetPai
Rosane Silva dos Santos,@Snacke22,https://twitter.com/Snacke22/status/1624417320260014083,2023-02-11T14:37:24.000Z,picanha,0,0,0,https://twitter.com/cabogilberto/status/1623835359019769860
Valderlan Araujo ◤✠◢ da ◤✠◢ Gama 6/60,@ValderlanVasco9,https://twitter.com/ValderlanVasco9/status/1623838156696027138,2023-02-10T00:16:00.000Z,Pica pro povos  x picanha e caviar pros companheiros,1,0,4,https://twitter.com/cabogilberto/status/1623835359019769860
Aisha,@Aisha_com_vida,https://twitter.com/Aisha_com_vida/status/1623851840554115074,2023-02-10T01:10:23.000Z,"Nada, só prejuízo 
Matou até as Emas",0,0,2,https://twitter.com/cabogilberto/status/1623835359019769860
Paulinho,@Paulinhoptj,https://twitter.com/Paulinhoptj/status/1623994104437780483,2023-02-10T10:35:41.000Z,Só o prefixo da carne para churrasco.,0,0,0,https://twitter.com/cabogilberto/status/1623835359019769860
Erinaldo Barros,@ErinaldoBarros9,https://twitter.com/ErinaldoBarros9/status/1624009724990464001,2023-02-10T11:37:45.000Z,Os picanheiros a espera de um milagre...,1,0,0,https://twitter.com/cabogilberto/status/1623835359019769860
Erinaldo Barros,@ErinaldoBarros9,https://twitter.com/ErinaldoBarros9/status/1624010282862317568,2023-02-10T11:39:58.000Z,Tem picanheiros lulistas felizes já...,1,0,0,https://twitter.com/cabogilberto/status/1623835359019769860
Eduardo A Campos,@EACampos48,https://twitter.com/EACampos48/status/1623850394928422918,2023-02-10T01:04:38.000Z,"Uma panela de pressão que em breve irá explodir.

A expressão ""faz o L"" está na boca do trabalhador que ficou desempregado após a urna revelar o novo Presidente.",0,0,0,https://twitter.com/cabogilberto/status/1623835359019769860
Leticia,@esterav45769319,https://twitter.com/esterav45769319/status/1623896914893721604,2023-02-10T04:09:29.000Z,"Depende de que parte do povo ... os ""artistas"" amigos estão recebendo milhoes de reais...",0,0,0,https://twitter.com/cabogilberto/status/1623835359019769860
@dehiginomarcia,@dehiginomarcia,https://twitter.com/dehiginomarcia8/status/1624052090891821059,2023-02-10T14:26:06.000Z,O que sempre recebeu do larápio. Nada. Só muito roubo de imposto.,0,0,0,https://twitter.com/cabogilberto/status/1623835359019769860
Claudio Filho,@Claudio_MFilho,https://twitter.com/Claudio_MFilho/status/1623997143802425348,2023-02-10T10:47:46.000Z,Fumo,0,0,0,https://twitter.com/cabogilberto/status/1623835359019769860
jussara maria,@jussaramaria762,https://twitter.com/jussaramaria762/status/1623854844732706816,2023-02-10T01:22:19.000Z,"Humilhação, desempregos, impostos de renda, impostos do Mei, aumentou DPVAT, desligou a água dos nordeste, empresas fechando as portas, só fala do Bolsonaro e tbm menor de 16anos não pode responder pelos seus crimes,mas crianças pode mudar de sexo com 4anos.",0,1,1,https://twitter.com/cabogilberto/status/1623835359019769860
Maria Paula,@Pa30211176Maria,https://twitter.com/Pa30211176Maria/status/1623838774705651713,2023-02-10T00:18:28.000Z,Um nabo gigante,0,0,0,https://twitter.com/cabogilberto/status/1623835359019769860
Guga Marques,@guga_marques,https://twitter.com/guga_marques/status/1624032171655671808,2023-02-10T13:06:57.000Z,"Bem mais do que em 4 anos do governo Bolsonaro. E esperar um milagre econômico em 40 dias de governo é demais, colega.",0,0,0,https://twitter.com/cabogilberto/status/1623835359019769860
James guia,@JamesAlfredx,https://twitter.com/JamesAlfredx/status/1623853383118471171,2023-02-10T01:16:30.000Z,Nada de bom.,0,0,0,https://twitter.com/cabogilberto/status/1623835359019769860
Thiago David,@ThiagoD93114486,https://twitter.com/ThiagoD93114486/status/1623846144315990017,2023-02-10T00:47:45.000Z,"Tirando os comentários, acima de tudo isso... deputados de direita se vendendo... muita Preocupação, zero expectativas com o futuro do país.",0,0,0,https://twitter.com/cabogilberto/status/1623835359019769860
Marta Maricy Franceschi,@MaricyMarta1,https://twitter.com/MaricyMarta1/status/1624018360856989699,2023-02-10T12:12:04.000Z,Nada e não vai receber somente perder!!!,0,0,0,https://twitter.com/cabogilberto/status/1623835359019769860
annamiss,@annamis14458500,https://twitter.com/annamis14458500/status/1623924644926586885,2023-02-10T05:59:41.000Z,Notícias de que dinheiro está sendo desviado,0,0,0,https://twitter.com/cabogilberto/status/1623835359019769860
ChrisPolonio,@ChrisPolonio,https://twitter.com/ChrisPolonio/status/1624006451868884993,2023-02-10T11:24:45.000Z,Só vergonha,0,0,0,https://twitter.com/cabogilberto/status/1623835359019769860
Zé do carreto ²² . #CubaLibre,@Aquivai2,https://twitter.com/Aquivai2/status/1623842718244798465,2023-02-10T00:34:08.000Z,🎯,0,0,0,https://twitter.com/cabogilberto/status/1623835359019769860
rosa di franco,@rosadifranco3,https://twitter.com/rosadifranco3/status/1623853202104807424,2023-02-10T01:15:47.000Z,"Nós da direita, só desgosto. A esquerda, barriguinha cheia de picanha e cervejinha.",0,0,0,https://twitter.com/cabogilberto/status/1623835359019769860
Ursula,@UrsulaSapiens,https://twitter.com/UrsulaSapiens/status/1623835895131672578,2023-02-10T00:07:01.000Z,"Muito desemprego, vergonha e humilhação",0,0,2,https://twitter.com/cabogilberto/status/1623835359019769860
Thiago Marques,@ThiagoSomak,https://twitter.com/ThiagoSomak/status/1623860543772565504,2023-02-10T01:44:58.000Z,Felicidades!,0,0,0,https://twitter.com/cabogilberto/status/1623835359019769860
Waguinho,@Waguinho1,https://twitter.com/Waguinho1/status/1624586472308310017,2023-02-12T01:49:33.000Z,🤐,0,0,0,https://twitter.com/cabogilberto/status/1623835359019769860
Erinaldo Barros,@ErinaldoBarros9,https://twitter.com/ErinaldoBarros9/status/1624009431364108288,2023-02-10T11:36:35.000Z,A picanha com guaraná gelado...,0,0,0,https://twitter.com/cabogilberto/status/1623835359019769860
Erinaldo Barros,@ErinaldoBarros9,https://twitter.com/ErinaldoBarros9/status/1624009860604997633,2023-02-10T11:38:18.000Z,Que elegeu lula já recebeu kkk.,0,0,0,https://twitter.com/cabogilberto/status/1623835359019769860
Gilberto Maschiao,@GilbertoM1968,https://twitter.com/GilbertoM1968/status/1623971143274180611,2023-02-10T09:04:27.000Z,Nem uma motociata? Como pode isso? Esse desgoverno só fala em ajudar pobre. Desse jeito não da.,0,0,0,https://twitter.com/cabogilberto/status/1623835359019769860
Ricardo.A,@AlvesRic,https://twitter.com/AlvesRic/status/1623842157457989633,2023-02-10T00:31:54.000Z,Pica...,0,0,0,https://twitter.com/cabogilberto/status/1623835359019769860
Mariazinha,@luiza_rover,https://twitter.com/luiza_rover/status/1623849770962804736,2023-02-10T01:02:09.000Z,Só mentiras,0,0,0,https://twitter.com/cabogilberto/status/1623835359019769860
Leopoldo Bittencourt,@LeopoldoBitten2,https://twitter.com/LeopoldoBitten2/status/1623851412542177280,2023-02-10T01:08:41.000Z,Boletos,0,0,0,https://twitter.com/cabogilberto/status/1623835359019769860
Baltazar Gracian,@Mr_Rabbitship,https://twitter.com/Mr_Rabbitship/status/1623858551813709827,2023-02-10T01:37:03.000Z,Pica,0,0,0,https://twitter.com/cabogilberto/status/1623835359019769860
Patrícia Santos,@rivapatyy,https://twitter.com/rivapatyy/status/1623839130978230272,2023-02-10T00:19:52.000Z,Dívida e mais dívida.,0,0,1,https://twitter.com/cabogilberto/status/1623835359019769860
josefa natalice da s,@JosefaNatalice,https://twitter.com/JosefaNatalice/status/1623879956605374464,2023-02-10T03:02:06.000Z,😭😭,0,0,0,https://twitter.com/cabogilberto/status/1623835359019769860
Chris Rib,@V20Hal,https://twitter.com/V20Hal/status/1623888889717850112,2023-02-10T03:37:36.000Z,A PICAnha,0,0,0,https://twitter.com/cabogilberto/status/1623835359019769860
𝓕𝓮𝓻𝓷@𝓷𝓭𝓸 𝓑𝓥𝓑,𝓕𝓮𝓻𝓷@𝓷𝓭𝓸 𝓑𝓥𝓑,https://twitter.com/Fernandobvb1/status/1624191867628752896,2023-02-10T23:41:31.000Z,ROLA,0,0,0,https://twitter.com/cabogilberto/status/1623835359019769860
gabryellgmss,@gabryellgmss,https://twitter.com/gabryellgmss/status/1623837685331775488,2023-02-10T00:14:08.000Z,Nabo...,0,0,0,https://twitter.com/cabogilberto/status/1623835359019769860
Roberto Ferracciu,@RobertoFerracc2,https://twitter.com/RobertoFerracc2/status/1623992398333325313,2023-02-10T10:28:54.000Z,PICA o nha fica p depois,0,0,0,https://twitter.com/cabogilberto/status/1623835359019769860
Naughty_Boy,@Naughty_Boy2022,https://twitter.com/Naughty_Boy2022/status/1623838399948791808,2023-02-10T00:16:58.000Z,"Ele não é nenhum pouco perfeito, mas está bem melhor do que aquele lixo do Bolsonaro.",0,0,0,https://twitter.com/cabogilberto/status/1623835359019769860
KEVYN FEREIRA,@kevynfereira1,https://twitter.com/kevynfereira1/status/1623835567162105857,2023-02-10T00:05:43.000Z,ATENÇÃO🚨🚨 URGENTE  PODE RETUITAR ESSE VIDEO POR FAVOR DESSA MÃE,0,0,1,https://twitter.com/cabogilberto/status/1623835359019769860
