nome,usuario,idTweet,dataPublicacao,texto,replies,retweets,likes,tweetPai
Danilo martins,@Danilom06376740,https://twitter.com/Danilom06376740/status/1623796348796510209,2023-02-09T21:29:52.000Z,Baixar inflação mano,0,0,0,https://twitter.com/BohnGass/status/1623688541912834050
Marcinho,@marcinhoec,https://twitter.com/marcinhoec/status/1623901653018505216,2023-02-10T04:28:19.000Z,@JohnGuto5,0,0,0,https://twitter.com/BohnGass/status/1623688541912834050
Tercio Silvas,@TercioAdv,https://twitter.com/TercioAdv/status/1623826454671663107,2023-02-09T23:29:30.000Z,Vamos acelerar rumo ao precipício? Vamos?  É isso que este governo e seus defensores querem? Nunca o sistema financeiro  teve tanto lucro como nos governos do PT. Por isso a elite financeira fez o L. O pior cego é aquele que não quer ver!,0,0,0,https://twitter.com/BohnGass/status/1623688541912834050
el Rodrigues,@kirito11sam,https://twitter.com/kirito11sam/status/1623805110659735557,2023-02-09T22:04:41.000Z,Justamente pelos juros estar alto a inflação tá baixa. Olhe atentamente que os paises que estão com juros maior com a inflação!!,0,0,1,https://twitter.com/BohnGass/status/1623688541912834050
Fazueli que passa...,@OpinioesDesinfo,https://twitter.com/OpinioesDesinfo/status/1623797398613917696,2023-02-09T21:34:03.000Z,"Tá uma dica aí pra você.... 

Assim passa menos vergonha.",0,0,0,https://twitter.com/BohnGass/status/1623688541912834050
Nome não pode ficar em branco,@66UmTapaNaOreia,https://twitter.com/66UmTapaNaOreia/status/1623798964691640320,2023-02-09T21:40:16.000Z,"Se abaixar os juros, aumenta a inflação.",0,0,0,https://twitter.com/BohnGass/status/1623688541912834050
