nome,usuario,idTweet,dataPublicacao,texto,replies,retweets,likes,tweetPai
Marcos Ruas,@marcosruasviana,https://twitter.com/marcosruasviana/status/1623769810164219910,2023-02-09T19:44:25.000Z,Agora ele tem que falar quem foi o amigo do Bolsonaro que mandou matar a Mariele. Este crime não pode ficar impune.,0,0,0,https://twitter.com/BohnGass/status/1623757351936311299
Tiago Chaves,@tpchaves,https://twitter.com/tpchaves/status/1623825680042450949,2023-02-09T23:26:26.000Z,É um absurdo que apenas agora!,0,0,0,https://twitter.com/BohnGass/status/1623757351936311299
lena,@LenaFluzao1,https://twitter.com/LenaFluzao1/status/1623784303346819072,2023-02-09T20:42:01.000Z,Demorou demais.,0,0,0,https://twitter.com/BohnGass/status/1623757351936311299
Aquilez Nilson,@AquilezN,https://twitter.com/AquilezN/status/1623792334658838529,2023-02-09T21:13:55.000Z,"Avante companheiro.  Federalize a PCDF.  Tem de acabar a bagunça na segurança pública do DF. A PCDF PEDE SOCORRO AO GOVERNO FEDERAL.  OS POLICIAIS SAO CUMPRIDORES DA LEI, MAS ESTÃO HA 10 ANOS SEM REAJUSTE SALARIAL.",0,0,0,https://twitter.com/BohnGass/status/1623757351936311299
