nome,usuario,idTweet,dataPublicacao,texto,replies,retweets,likes,tweetPai
Ricardo Schweitzer,@_rschweitzer,https://twitter.com/_rschweitzer/status/1623062400563032064,2023-02-07T20:53:25.000Z,"E o que você, como deputada federal, fará?

Bora formular um projeto de lei limitando o escopo de atuação do BNDES?",1,0,3,https://twitter.com/adriventurasp/status/1623056545583079424
Ademilson Soares,@Ademilsonsoa,https://twitter.com/Ademilsonsoa/status/1623274072325996544,2023-02-08T10:54:32.000Z,Enquanto existir este partido das trevas o Brasil nunca se desenvolverá o melhor que façamos e exterminar este partido o quanto antes,0,0,0,https://twitter.com/adriventurasp/status/1623056545583079424
Wilson Achilles,@wilsonachilles,https://twitter.com/wilsonachilles/status/1623248220485828609,2023-02-08T09:11:48.000Z,Olá Dep. @adriventurasp o legislativo não pode fazer nada a respeito? Temos simplesmente que ver estes empréstimos do BNDES e nada além de esbravejar?,0,0,0,https://twitter.com/adriventurasp/status/1623056545583079424
Gisele di Maria,@GiselediMaria,https://twitter.com/GiselediMaria/status/1623287931942191104,2023-02-08T11:49:36.000Z,Sacando o FGTS em 1..2..3....,0,0,0,https://twitter.com/adriventurasp/status/1623056545583079424
Sara Leite,@SaraLei68881854,https://twitter.com/SaraLei68881854/status/1623222859957956611,2023-02-08T07:31:02.000Z,Ele não está fazendo nada diferente do que prometeu.,0,0,1,https://twitter.com/adriventurasp/status/1623056545583079424
Job Grassi,@JobGrassi,https://twitter.com/JobGrassi/status/1623264883809611776,2023-02-08T10:18:01.000Z,Os interesses do partido se sobrepõem aos interesses da nação.,0,0,0,https://twitter.com/adriventurasp/status/1623056545583079424
Antimarxista,@Antimarxista5,https://twitter.com/Antimarxista5/status/1623302834841083905,2023-02-08T12:48:49.000Z,"O FGE é superavitario, os recursos para a cobertura são provenientes de premios pagos pelos importadores. Mas se eles não pagam os empréstimos como vão cumprir com os premios?",0,0,0,https://twitter.com/adriventurasp/status/1623056545583079424
Wallaby,@wallabie1711,https://twitter.com/wallabie1711/status/1623619461415837697,2023-02-09T09:46:59.000Z,Amada ! O que vc estava fazendo nos últimos 4 anos na Câmara dos Deputados (além de ajudar a diminuir a representação do @partidonovo30 ) já que o quadrúpede despreparado teve esse período para cobrar e não fez ? Ele não ia abrir a “caixa preta”? Até nomeou um playboy amigo,0,0,1,https://twitter.com/adriventurasp/status/1623056545583079424
Jhamu,@JLogun,https://twitter.com/JLogun/status/1623061831353868288,2023-02-07T20:51:10.000Z,"Falso , foi Temer depois de um golpe...",0,0,0,https://twitter.com/adriventurasp/status/1623056545583079424
PAULO AJUZ,@AjuzPaulo,https://twitter.com/AjuzPaulo/status/1623115814223204352,2023-02-08T00:25:40.000Z,Farra com o erário! 😡,0,0,0,https://twitter.com/adriventurasp/status/1623056545583079424
Markus,@ubagunda,https://twitter.com/ubagunda/status/1623058002226847752,2023-02-07T20:35:57.000Z,"E como o legislativo consegue limitar tais empréstimos ? Não seria possível criar leis que regulem os empréstimos , i.e. Caso tenha valores em atraso, não conseguiriam “dinheiro novo”",1,0,1,https://twitter.com/adriventurasp/status/1623056545583079424
Neimar,@NeimarBasotti,https://twitter.com/NeimarBasotti/status/1623112659062165505,2023-02-08T00:13:08.000Z,Nao é que não aprendeu! Isso faz parte do “jeito” PT de governar. Ladeira abaixo!,0,0,0,https://twitter.com/adriventurasp/status/1623056545583079424
Rodrigo Luis Veloso,@rodrigoluisvelo,https://twitter.com/rodrigoluisvelo/status/1623176226624897025,2023-02-08T04:25:44.000Z,"Adriana, prfv, queremos saber é das suas ações e das suas propostas para população. Não seja ridícula. Não queremos animadora da internet.",0,0,3,https://twitter.com/adriventurasp/status/1623056545583079424
AF92,@AlanFilipe1992,https://twitter.com/AlanFilipe1992/status/1623057490626875395,2023-02-07T20:33:55.000Z,O final dessa história já conhecemos precisamos trabalha firme como oposição e tratar de impeachment o quanto antes...,0,0,0,https://twitter.com/adriventurasp/status/1623056545583079424
Arcgrypto,@arcgrypto,https://twitter.com/arcgrypto/status/1623091453810380802,2023-02-07T22:48:52.000Z,"Opa! esse monto aí que você menciona parece muito menor do que a realidade, se Odebrecht reconheceu ter pago quase 100M $ em propina para designação de obras na Venezuela faz sentido que o montante seja 10 vezes maior, melhor ainda a maioria das obras nunca começaram",1,0,0,https://twitter.com/adriventurasp/status/1623056545583079424
Edna Bragança,@ednalobraganca,https://twitter.com/ednalobraganca/status/1623270075917561856,2023-02-08T10:38:39.000Z,"A cara nem arde por ter ajudado isso tudo a voltar?
E não coloque a culpa no Amoeba porque vocês não o expulsaram antes?
Cúmplices!",0,0,0,https://twitter.com/adriventurasp/status/1623056545583079424
TheresaCVRibeiro,@cv_theresa,https://twitter.com/cv_theresa/status/1623102791370649601,2023-02-07T23:33:55.000Z,Bora arregaçar mangas e barrar essa farra.,0,0,0,https://twitter.com/adriventurasp/status/1623056545583079424
Marcelo Leme,@MarceloLRM,https://twitter.com/MarceloLRM/status/1623295178118234113,2023-02-08T12:18:24.000Z,Realmente não dá para acreditar que essa quadrilha voltou a cena do crime !,0,0,0,https://twitter.com/adriventurasp/status/1623056545583079424
Henrique Ferraz,@henriquemferraz,https://twitter.com/henriquemferraz/status/1623284389579837440,2023-02-08T11:35:32.000Z,10% do que gastamos com filha de milicos por ano! Para elas ficarem coçando o ano inteiro! Isso quando não sustentamos as netas tb! Herança da ditadura..... Não dá para aceitar!,0,0,0,https://twitter.com/adriventurasp/status/1623056545583079424
Katil Lover,@KatilLover1,https://twitter.com/KatilLover1/status/1623260526166908933,2023-02-08T10:00:42.000Z,Eles vão pagar a dívida com os bilhões que o BNDES vai liberar e vão ficar devendo a partir da data do novo empréstimo. Huahuahuaa,0,0,0,https://twitter.com/adriventurasp/status/1623056545583079424
Green Star,@SuzanaChaib,https://twitter.com/SuzanaChaib/status/1623342391053746176,2023-02-08T15:26:00.000Z,#IndependênciaDoBACEN #BancoCentralIndependente,0,0,0,https://twitter.com/adriventurasp/status/1623056545583079424
