nome,usuario,idTweet,dataPublicacao,texto,replies,retweets,likes,tweetPai
Luiz vicente borella,@lvborella,https://twitter.com/lvborella/status/1624006366267379715,2023-02-10T11:24:24.000Z,Quem foi o amigo do moluscoide que mandou matar o Bolsonaro,0,0,0,https://twitter.com/BohnGass/status/1623638069172748290
𝐌𝐢𝐫𝐢𝐚𝐧 𝐁𝐫𝐚𝐬𝐢𝐥,@mirianbrasil,https://twitter.com/mirianbrasil/status/1623638678571479041,2023-02-09T11:03:21.000Z,Amiguinho muito íntimo será?,1,1,4,https://twitter.com/BohnGass/status/1623638069172748290
Mario Figueiredo,@Marujo98160982,https://twitter.com/Marujo98160982/status/1623662033357926401,2023-02-09T12:36:09.000Z,Precisamos dessa resposta. @FlavioDino,0,0,0,https://twitter.com/BohnGass/status/1623638069172748290
Carlos Alberto,@CARLINHOS001,https://twitter.com/CARLINHOS001/status/1623760775398539267,2023-02-09T19:08:31.000Z,Deve ser o mesmo que matou Celso Daniel.,0,0,1,https://twitter.com/BohnGass/status/1623638069172748290
ValentimBR,@profvalentimbr,https://twitter.com/profvalentimbr/status/1623657284814471168,2023-02-09T12:17:17.000Z,"🤔 E, neste contexto, quem é o cara da casa de vidro❓",0,0,0,https://twitter.com/BohnGass/status/1623638069172748290
Adnarim,@Adnarim20779788,https://twitter.com/Adnarim20779788/status/1623791982127587329,2023-02-09T21:12:31.000Z,E Celso Daniel?,1,0,1,https://twitter.com/BohnGass/status/1623638069172748290
