nome,usuario,idTweet,dataPublicacao,texto,replies,retweets,likes,tweetPai
Nair Rodrigues,@NairRodrigues15,https://twitter.com/NairRodrigues15/status/1623402601021689860,2023-02-08T19:25:16.000Z,"Concordo, acho também  que deputados senadores ministros e etc. não deveriam  ganhar a fortuna que ganham pra ficar o dia todo tuitando fazendo a farra  com o meu, suado  dinheirinho",0,0,0,https://twitter.com/AlencarBraga13/status/1623381055599177730
Marisa victorio da silva,@victorio_marisa,https://twitter.com/victorio_marisa/status/1623384517267410944,2023-02-08T18:13:24.000Z,"#LulaReestatizaEletrobrasJá  
Chega!✔️O povo recebe Bolsa Família para colocar comida no prato e filhos na escola. Não é justo bancar  via conta de luz supersalarios de diretores e dividendos de acionistas.
Chega!",0,0,0,https://twitter.com/AlencarBraga13/status/1623381055599177730
Jorge Ricardo (JR),@JorgeRicardo76,https://twitter.com/JorgeRicardo76/status/1623382909624131584,2023-02-08T18:07:01.000Z,#LulaReestatizaEletrobras ja,0,0,1,https://twitter.com/AlencarBraga13/status/1623381055599177730
Flora131313,@Flora131313,https://twitter.com/Flora131313/status/1623388236478308352,2023-02-08T18:28:11.000Z,"É preciso devolver a Eletrobras ao povo brasileiro, reestatizar já. Aqueles que operaram a Privatização precisam ser imediatamente investigados e punidos.Sem Anistia!#LulaReestatizaEletrobrasJá @LulaOficial @senadorjean @MiriamBelchior @Haddad_Fernando @asilveiramg",0,0,0,https://twitter.com/AlencarBraga13/status/1623381055599177730
