nome,usuario,idTweet,dataPublicacao,texto,replies,retweets,likes,tweetPai
LA Vieira,@LuizAntVieir,https://twitter.com/LuizAntVieir/status/1623389295410028555,2023-02-08T18:32:23.000Z,👏👏👏😃🙏,0,0,1,https://twitter.com/BohnGass/status/1623348656039501824
Rosa,@Rosa69354227,https://twitter.com/Rosa69354227/status/1623415147476959232,2023-02-08T20:15:07.000Z,"Em um só mês do atual desgoverno só vi notícias ruins..
SAUDADES DO PRESIDENTE BOLSONARO E DO PAULO GUEDES , como foi bom !!!!
 #BolsonaroOrgulhoDoBrasil",0,0,0,https://twitter.com/BohnGass/status/1623348656039501824
