nome,usuario,idTweet,dataPublicacao,texto,replies,retweets,likes,tweetPai
Fabiano Silva dos Santos,@Fabianoprerro,https://twitter.com/Fabianoprerro/status/1623879179765792768,2023-02-10T02:59:01.000Z,Muito obrigado a toda bancada do PT/SP pela visita! Juntos elevaremos os Correios a posição de excelência no serviço público,0,0,2,https://twitter.com/AlencarBraga13/status/1623709990207778816
Mirian,@1Pbonate,https://twitter.com/1Pbonate/status/1623793360124141569,2023-02-09T21:18:00.000Z,PT e Correios deu muito ruim num passado recente.,0,0,0,https://twitter.com/AlencarBraga13/status/1623709990207778816
Marisa victorio da silva,@victorio_marisa,https://twitter.com/victorio_marisa/status/1623725746693840899,2023-02-09T16:49:20.000Z,da excelência dessa empresa vital para o Brasil na economia e na vida cotidiana de cada pessoa. - em Empresa Brasileira de Correios e Telégrafos (ECT),0,0,0,https://twitter.com/AlencarBraga13/status/1623709990207778816
Marisa victorio da silva,@victorio_marisa,https://twitter.com/victorio_marisa/status/1623725581161332738,2023-02-09T16:48:40.000Z,"Conversa e expectativas muito boas - Empresa vital para o Brasil - Correios ✊⭐🍀                             ✔️ Tivemos hoje - a bancada federal do PT-SP  - uma reunião com o presidente dos Correios, Fabiano Silva. Ótima conversa e expectativas muito boas para a retomada +",0,0,0,https://twitter.com/AlencarBraga13/status/1623709990207778816
BLOG DO SERVIÇO POSTAL,@tecnicopostal,https://twitter.com/tecnicopostal/status/1624332838072975361,2023-02-11T09:01:41.000Z,Os bolsonaristas continuam nas funções chaves!!! Kkkkk hilário,0,0,0,https://twitter.com/AlencarBraga13/status/1623709990207778816
