nome,usuario,idTweet,dataPublicacao,texto,replies,retweets,likes,tweetPai
Te critiquei? (Crítica Nata),@Critica_Nata,https://twitter.com/Critica_Nata/status/1623338896204480516,2023-02-08T15:12:07.000Z,#ReestatizaEletrobrasJá urgentemente!,1,0,4,https://twitter.com/AlencarBraga13/status/1623308235426918401
Cecy Marimon goncalves,@MarimonCecy,https://twitter.com/MarimonCecy/status/1623309698790305796,2023-02-08T13:16:06.000Z,"Verdade! O modelo 3G de gestão vai trazer prejuízos incalculáveis ao povo brasileiro. E, enquanto isso, na lista da Forbes, veja qual o brasileiro na primeira posição...",1,2,8,https://twitter.com/AlencarBraga13/status/1623308235426918401
Política e Democracia,@Palavdiversas,https://twitter.com/Palavdiversas/status/1623367035659948042,2023-02-08T17:03:56.000Z,#LulaReestatizaEletrobrasJa,1,0,1,https://twitter.com/AlencarBraga13/status/1623308235426918401
FNU/CNU - Urbanitários,@FNUCUT,https://twitter.com/FNUCUT/status/1623309690544218112,2023-02-08T13:16:04.000Z,#ReestatizaEletrobras,1,4,13,https://twitter.com/AlencarBraga13/status/1623308235426918401
LÉO SALVE A ENERGIA,@LeoEnergia,https://twitter.com/LeoEnergia/status/1623322504533053440,2023-02-08T14:06:59.000Z,Todos pela reestatização da Eletrobrás #ELETROBRÁSPUBLICA,1,1,6,https://twitter.com/AlencarBraga13/status/1623308235426918401
Marcelo Alencar,@magoalencar,https://twitter.com/magoalencar/status/1623317757931520003,2023-02-08T13:48:07.000Z,Muito obrigado pelo apoio meu primo @AlencarBraga13 estamos juntos nesta luta.,1,1,6,https://twitter.com/AlencarBraga13/status/1623308235426918401
Kelly Rangel,@KellyRangeFox,https://twitter.com/KellyRangeFox/status/1623361893640421376,2023-02-08T16:43:30.000Z,#ReestatizaEletrobrasJá,1,0,3,https://twitter.com/AlencarBraga13/status/1623308235426918401
REESTATIZA,@LUZPRATODOS2023,https://twitter.com/LUZPRATODOS2023/status/1623309562525753344,2023-02-08T13:15:33.000Z,#ReestatizaEletrobrasJá,1,2,5,https://twitter.com/AlencarBraga13/status/1623308235426918401
Leonardo,@Leonard68939712,https://twitter.com/Leonard68939712/status/1623311621324955650,2023-02-08T13:23:44.000Z,"Reestatizar a Eletrobrás e a garantia da soberania nacional,  parabéns aos companheiros que estão na luta ai na linha de frente, onde se encontra entre eles a nossa colega Cristina aqui da termoelétrica candiota 3, fase C.",1,2,14,https://twitter.com/AlencarBraga13/status/1623308235426918401
Maria Raquel,@MariaRaquelNun3,https://twitter.com/MariaRaquelNun3/status/1623312094765408256,2023-02-08T13:25:37.000Z,"Pra cima do ""mercado"", deputado! Reestatização da Eletrobras, JÁ!",1,2,8,https://twitter.com/AlencarBraga13/status/1623308235426918401
Flávio Verthalicer,@Verth,https://twitter.com/Verth/status/1623312192312430597,2023-02-08T13:26:00.000Z,Vamos juntos REESTATIZAR a Eletrobras! #ReestatizaEletrobrasJá @LulaOficial,1,0,5,https://twitter.com/AlencarBraga13/status/1623308235426918401
Lucena.jr,@JrWaldez,https://twitter.com/JrWaldez/status/1623326536081330178,2023-02-08T14:23:00.000Z,#LulaReestatizaEletrobrasJá,1,1,4,https://twitter.com/AlencarBraga13/status/1623308235426918401
Rodrigo Maia,@Rodrigo22566544,https://twitter.com/Rodrigo22566544/status/1623321556167409665,2023-02-08T14:03:13.000Z,"Reestatiza a Eletrobras já, Lula!!!@LulaOficial",1,2,6,https://twitter.com/AlencarBraga13/status/1623308235426918401
Gabriel,@g4bsmg,https://twitter.com/g4bsmg/status/1623656128050565121,2023-02-09T12:12:41.000Z,isso ai!! convoque o povo para uma grande manifestação no congresso,0,0,0,https://twitter.com/AlencarBraga13/status/1623308235426918401
ASEF,@furnas_asef,https://twitter.com/furnas_asef/status/1623372989055045633,2023-02-08T17:27:36.000Z,#LulaReestatizaEletrobrasJa,0,0,2,https://twitter.com/AlencarBraga13/status/1623308235426918401
Ivelyse Cantanhêde,@IvelyseAnne,https://twitter.com/IvelyseAnne/status/1623381850155622400,2023-02-08T18:02:48.000Z,#ReestatizaEletrobrasJá,0,0,1,https://twitter.com/AlencarBraga13/status/1623308235426918401
Marcelo,@marcelogenuel,https://twitter.com/marcelogenuel/status/1623342130180530177,2023-02-08T15:24:58.000Z,"Energia é um bem soberano, estratégico e não pra  ser usado para ganho de lucros e dividendos apenas. #ReestatizaEletrobrasJá",0,1,3,https://twitter.com/AlencarBraga13/status/1623308235426918401
Mago do Ventão,@MagoDoVentao,https://twitter.com/MagoDoVentao/status/1623633479337447427,2023-02-09T10:42:41.000Z,"Exatamente! Devemos devolver todos os cargos comissionados aos políticos e os empregos públicos pra funcionário público se encostar.

Afinal, tem muito amiguinho pra pouco cargo nos outros órgãos.",0,0,1,https://twitter.com/AlencarBraga13/status/1623308235426918401
Carranca Elétrica,@CarrancaFeia,https://twitter.com/CarrancaFeia/status/1624090870180982794,2023-02-10T17:00:12.000Z,"Reestatiza a Eletrobras já, Lula!!!@LulaOficia#ReestatizaEletrobrasJá",0,0,1,https://twitter.com/AlencarBraga13/status/1623308235426918401
Jose Santos,@Josesantos1712,https://twitter.com/Josesantos1712/status/1623512100323708929,2023-02-09T02:40:22.000Z,Juntos somos mais fortes companheiros ninguém solta a mão de ninguém,0,0,0,https://twitter.com/AlencarBraga13/status/1623308235426918401
Biange,@bianonsense,https://twitter.com/bianonsense/status/1624881970789380097,2023-02-12T21:23:45.000Z,#ReestatizaEletrobrasJá,0,3,3,https://twitter.com/AlencarBraga13/status/1623308235426918401
Flávio Verthalicer,@Verth,https://twitter.com/Verth/status/1623312373736960000,2023-02-08T13:26:44.000Z,O Brasil está nessa luta para a Reestatização da Eletrobras!!! #ReestatizaEletrobrasJá,0,0,4,https://twitter.com/AlencarBraga13/status/1623308235426918401
Cruz Keila,@CruzKeila4,https://twitter.com/CruzKeila4/status/1623379283778347027,2023-02-08T17:52:36.000Z,O governo Lula precisa rever urgentemente esse crime contra o patrimônio brasileiro.#lulareestatizaeletrobrasjá,0,0,1,https://twitter.com/AlencarBraga13/status/1623308235426918401
hugo alessi,@hugoalessy,https://twitter.com/hugoalessy/status/1624047220214362116,2023-02-10T14:06:45.000Z,O quê eles querem é escravizar o povo.,0,0,1,https://twitter.com/AlencarBraga13/status/1623308235426918401
Marisa victorio da silva,@victorio_marisa,https://twitter.com/victorio_marisa/status/1623310644060585984,2023-02-08T13:19:51.000Z,"#ReestatizaEletrobrasJá 🗣️📣           ✔️A Reestatização da Eletrobras é URGENTE porque os fraudadores das Americanas querem embolsar o patrimônio do povo brasileiro, que compraram a preço de banana e com ajuda do governo do Bolsoladrão. 
+",0,0,4,https://twitter.com/AlencarBraga13/status/1623308235426918401
Marisa victorio da silva,@victorio_marisa,https://twitter.com/victorio_marisa/status/1623310809798520834,2023-02-08T13:20:31.000Z,#ReestatizaEletrobrasJá - em Câmara dos Deputados ✊✊✊🗣️📣,0,0,3,https://twitter.com/AlencarBraga13/status/1623308235426918401
Salve a ELETROBRAS,@Bentevibentivi,https://twitter.com/Bentevibentivi/status/1623361912405733376,2023-02-08T16:43:35.000Z,A intenção é sugar o que puder! Esses caras não tem a mínimo compromisso com o desenvolvimento do país e de seu povo!!! #ReestatizaEletrobrasJá @LulaOficial @gleisi @Glauber_Braga @asilveiramg @JanjaLula,1,0,3,https://twitter.com/AlencarBraga13/status/1623308235426918401
Manuel Cassemiro,@ManuelCassemiro,https://twitter.com/ManuelCassemiro/status/1623368060508770311,2023-02-08T17:08:01.000Z,"O atual governo deve desfazer esse processo de privatização da Eletrobras com urgência, essa trama foi um verdadeiro crime de lesa pátria.",1,0,3,https://twitter.com/AlencarBraga13/status/1623308235426918401
Tiago Silveira,@_TOS22,https://twitter.com/_TOS22/status/1623345402274582529,2023-02-08T15:37:58.000Z,"Isso ai, estatizar pra desviar mais uma verbinha. Mais uma teta pra esquerda mamar!",1,0,1,https://twitter.com/AlencarBraga13/status/1623308235426918401
Ana#SemAnistia!,@analucasdel,https://twitter.com/analucasdel/status/1623483137270448129,2023-02-09T00:45:17.000Z,#ReestatizaEletrobrasJá,0,0,0,https://twitter.com/AlencarBraga13/status/1623308235426918401
Farouk,@Farouk14269130,https://twitter.com/Farouk14269130/status/1623309379842760704,2023-02-08T13:14:50.000Z,Vai estatizar seu,1,0,1,https://twitter.com/AlencarBraga13/status/1623308235426918401
Manuel Cassemiro,@ManuelCassemiro,https://twitter.com/ManuelCassemiro/status/1623370548414713860,2023-02-08T17:17:54.000Z,#LulaReestatizaEletrobrasJá,0,0,2,https://twitter.com/AlencarBraga13/status/1623308235426918401
Bianca Gome,@comunixtasp,https://twitter.com/comunixtasp/status/1623373921184583685,2023-02-08T17:31:18.000Z,"Parabéns PT 
Por adotar o discurso pró trabalhadores anti neoliberal

Identitarismo não leva a lugar nenhum",0,0,0,https://twitter.com/AlencarBraga13/status/1623308235426918401
Edson Luiz,@Edsonbritonatal,https://twitter.com/Edsonbritonatal/status/1623368000924487697,2023-02-08T17:07:46.000Z,#EletrobrasNaoÉAmericanas #DevolvamAEletrobras #EletrobrasPublicaJá #LulaReestatizaEletrobrasJá #ELETROBRÁSPUBLICA @LulaOficial @jeanpaulprates @gleisi @Glauber_Braga @Haddad_Fernando @padilhando @costa_rui @uczai @senadorhumberto @JanjaLula,0,0,1,https://twitter.com/AlencarBraga13/status/1623308235426918401
Carranca Elétrica,@CarrancaFeia,https://twitter.com/CarrancaFeia/status/1623862882554331139,2023-02-10T01:54:15.000Z,O presidente Lula criticou a privatização da Eletrobras e diz que AGU vai pedir revisão de contrato. @GuiUchoaJr #LulaReestatizaEletrobrasJá @LulaOficial @AdvocaciaGeral,0,0,0,https://twitter.com/AlencarBraga13/status/1623308235426918401
Carranca Elétrica,@CarrancaFeia,https://twitter.com/CarrancaFeia/status/1623862970072678400,2023-02-10T01:54:36.000Z,O presidente Lula criticou a privatização da Eletrobras e diz que AGU vai pedir revisão de contrato. @GustinhoRibeiro #LulaReestatizaEletrobrasJá @LulaOficial @AdvocaciaGeral,0,0,0,https://twitter.com/AlencarBraga13/status/1623308235426918401
Carranca Elétrica,@CarrancaFeia,https://twitter.com/CarrancaFeia/status/1623863155112783872,2023-02-10T01:55:20.000Z,O presidente Lula criticou a privatização da Eletrobras e diz que AGU vai pedir revisão de contrato. @GutembergReis #LulaReestatizaEletrobrasJá @LulaOficial @AdvocaciaGeral,0,0,0,https://twitter.com/AlencarBraga13/status/1623308235426918401
Carranca Elétrica,@CarrancaFeia,https://twitter.com/CarrancaFeia/status/1623863283018080257,2023-02-10T01:55:51.000Z,O presidente Lula criticou a privatização da Eletrobras e diz que AGU vai pedir revisão de contrato. @HeitorSchuch #LulaReestatizaEletrobrasJá @LulaOficial @AdvocaciaGeral,0,0,0,https://twitter.com/AlencarBraga13/status/1623308235426918401
Carranca Elétrica,@CarrancaFeia,https://twitter.com/CarrancaFeia/status/1623863384260108288,2023-02-10T01:56:15.000Z,O presidente Lula criticou a privatização da Eletrobras e diz que AGU vai pedir revisão de contrato. @heldersalomao #LulaReestatizaEletrobrasJá @LulaOficial @AdvocaciaGeral,0,0,0,https://twitter.com/AlencarBraga13/status/1623308235426918401
Carranca Elétrica,@CarrancaFeia,https://twitter.com/CarrancaFeia/status/1623863485250560002,2023-02-10T01:56:39.000Z,O presidente Lula criticou a privatização da Eletrobras e diz que AGU vai pedir revisão de contrato. @helenadaasatur #LulaReestatizaEletrobrasJá @LulaOficial @AdvocaciaGeral,0,0,0,https://twitter.com/AlencarBraga13/status/1623308235426918401
Carranca Elétrica,@CarrancaFeia,https://twitter.com/CarrancaFeia/status/1623863592549318656,2023-02-10T01:57:05.000Z,O presidente Lula criticou a privatização da Eletrobras e diz que AGU vai pedir revisão de contrato. @HendersonPinto #LulaReestatizaEletrobrasJá @LulaOficial @AdvocaciaGeral,0,0,0,https://twitter.com/AlencarBraga13/status/1623308235426918401
Carranca Elétrica,@CarrancaFeia,https://twitter.com/CarrancaFeia/status/1623863688372359168,2023-02-10T01:57:27.000Z,O presidente Lula criticou a privatização da Eletrobras e diz que AGU vai pedir revisão de contrato. @herciliodiniz #LulaReestatizaEletrobrasJá @LulaOficial @AdvocaciaGeral,0,0,0,https://twitter.com/AlencarBraga13/status/1623308235426918401
Carranca Elétrica,@CarrancaFeia,https://twitter.com/CarrancaFeia/status/1623863781993373696,2023-02-10T01:57:50.000Z,O presidente Lula criticou a privatização da Eletrobras e diz que AGU vai pedir revisão de contrato. @HugoMottaPB #LulaReestatizaEletrobrasJá @LulaOficial @AdvocaciaGeral,0,0,0,https://twitter.com/AlencarBraga13/status/1623308235426918401
Carranca Elétrica,@CarrancaFeia,https://twitter.com/CarrancaFeia/status/1623863880022740992,2023-02-10T01:58:13.000Z,O presidente Lula criticou a privatização da Eletrobras e diz que AGU vai pedir revisão de contrato. @icarodevalmir #LulaReestatizaEletrobrasJá @LulaOficial @AdvocaciaGeral,0,0,0,https://twitter.com/AlencarBraga13/status/1623308235426918401
Carranca Elétrica,@CarrancaFeia,https://twitter.com/CarrancaFeia/status/1623863988164460544,2023-02-10T01:58:39.000Z,O presidente Lula criticou a privatização da Eletrobras e diz que AGU vai pedir revisão de contrato. @IdilvanAlencar #LulaReestatizaEletrobrasJá @LulaOficial @AdvocaciaGeral,0,0,0,https://twitter.com/AlencarBraga13/status/1623308235426918401
Carranca Elétrica,@CarrancaFeia,https://twitter.com/CarrancaFeia/status/1623864071761043456,2023-02-10T01:58:59.000Z,O presidente Lula criticou a privatização da Eletrobras e diz que AGU vai pedir revisão de contrato. @IsmAlexandrino #LulaReestatizaEletrobrasJá @LulaOficial @AdvocaciaGeral,0,0,0,https://twitter.com/AlencarBraga13/status/1623308235426918401
Carranca Elétrica,@CarrancaFeia,https://twitter.com/CarrancaFeia/status/1623864167496093696,2023-02-10T01:59:22.000Z,O presidente Lula criticou a privatização da Eletrobras e diz que AGU vai pedir revisão de contrato. @ivoneidecaetano #LulaReestatizaEletrobrasJá @LulaOficial @AdvocaciaGeral,0,0,0,https://twitter.com/AlencarBraga13/status/1623308235426918401
Carranca Elétrica,@CarrancaFeia,https://twitter.com/CarrancaFeia/status/1623864244889427968,2023-02-10T01:59:40.000Z,O presidente Lula criticou a privatização da Eletrobras e diz que AGU vai pedir revisão de contrato. @izaarrudape #LulaReestatizaEletrobrasJá @LulaOficial @AdvocaciaGeral,0,0,0,https://twitter.com/AlencarBraga13/status/1623308235426918401
Carranca Elétrica,@CarrancaFeia,https://twitter.com/CarrancaFeia/status/1623864350237655040,2023-02-10T02:00:05.000Z,O presidente Lula criticou a privatização da Eletrobras e diz que AGU vai pedir revisão de contrato. @JackRochaes #LulaReestatizaEletrobrasJá @LulaOficial @AdvocaciaGeral,0,0,0,https://twitter.com/AlencarBraga13/status/1623308235426918401
Carranca Elétrica,@CarrancaFeia,https://twitter.com/CarrancaFeia/status/1623864448694853634,2023-02-10T02:00:29.000Z,O presidente Lula criticou a privatização da Eletrobras e diz que AGU vai pedir revisão de contrato. @JadyeldaJupi #LulaReestatizaEletrobrasJá @LulaOficial @AdvocaciaGeral,0,0,0,https://twitter.com/AlencarBraga13/status/1623308235426918401
Carranca Elétrica,@CarrancaFeia,https://twitter.com/CarrancaFeia/status/1623864542991089665,2023-02-10T02:00:51.000Z,O presidente Lula criticou a privatização da Eletrobras e diz que AGU vai pedir revisão de contrato. @jandira_feghali #LulaReestatizaEletrobrasJá @LulaOficial @AdvocaciaGeral,0,0,0,https://twitter.com/AlencarBraga13/status/1623308235426918401
Carranca Elétrica,@CarrancaFeia,https://twitter.com/CarrancaFeia/status/1623864621898629122,2023-02-10T02:01:10.000Z,O presidente Lula criticou a privatização da Eletrobras e diz que AGU vai pedir revisão de contrato. @jaziel_dr #LulaReestatizaEletrobrasJá @LulaOficial @AdvocaciaGeral,0,0,0,https://twitter.com/AlencarBraga13/status/1623308235426918401
Carranca Elétrica,@CarrancaFeia,https://twitter.com/CarrancaFeia/status/1623864706602618881,2023-02-10T02:01:30.000Z,O presidente Lula criticou a privatização da Eletrobras e diz que AGU vai pedir revisão de contrato. @jhonatan_djesus #LulaReestatizaEletrobrasJá @LulaOficial @AdvocaciaGeral,0,0,0,https://twitter.com/AlencarBraga13/status/1623308235426918401
Carranca Elétrica,@CarrancaFeia,https://twitter.com/CarrancaFeia/status/1623864801343447040,2023-02-10T02:01:53.000Z,O presidente Lula criticou a privatização da Eletrobras e diz que AGU vai pedir revisão de contrato. @jilmartatto #LulaReestatizaEletrobrasJá @LulaOficial @AdvocaciaGeral,0,0,0,https://twitter.com/AlencarBraga13/status/1623308235426918401
Pedro Prieto,@Pprieto2Prieto,https://twitter.com/Pprieto2Prieto/status/1623416099286167552,2023-02-08T20:18:54.000Z,@lula @JanjaLula @Pimenta13Br @paulopaim @jeanpaulprates @GuilhermeBoulos @Glauber_Braga @requiaooficial @ReginaldoLopes @Haddad_Fernando @dilmabr os trabalhadores da Eletrobrásprecisam de vcs urgentemente,0,0,1,https://twitter.com/AlencarBraga13/status/1623308235426918401
REESTATIZA,@LUZPRATODOS2023,https://twitter.com/LUZPRATODOS2023/status/1623309519429242883,2023-02-08T13:15:23.000Z,#ReestatizaEletrobrasJá #ReestatizaEletrobrasJá #ReestatizaEletrobrasJá #ReestatizaEletrobrasJá,1,1,3,https://twitter.com/AlencarBraga13/status/1623308235426918401
José Gomes,@JoseRibamarGF,https://twitter.com/JoseRibamarGF/status/1623653800375382016,2023-02-09T12:03:26.000Z,"Esse rapaz (pra ñ falar outra coisa), bolsonarista  Campos Neto, 
tem como missão inviabilizar o Govêrno do nosso Querido Presidente Lula, praticando terrorismo econômico. Se torna  Imperativo, afastá-lo, ou exonerá-lo, ou impedí-lo de ficar na Direção do Banco Central.",0,0,0,https://twitter.com/AlencarBraga13/status/1623308235426918401
