nome,usuario,idTweet,dataPublicacao,texto,replies,retweets,likes,tweetPai
Paulo Belotti,@paulobelotti81,https://twitter.com/paulobelotti81/status/1632217239985299456,2023-03-05T03:11:29.000Z,SDS qdo criticava ele.,0,0,0,https://twitter.com/AlencarBraga13/status/1623765938481860608
Myrmidon's - Notícias Sem Noção,@mirmidaobr,https://twitter.com/mirmidaobr/status/1623819347830489089,2023-02-09T23:01:16.000Z,FROM HELL,0,0,0,https://twitter.com/AlencarBraga13/status/1623765938481860608
Aquilez Nilson,@AquilezN,https://twitter.com/AquilezN/status/1623805838618943489,2023-02-09T22:07:35.000Z,Tem de baixar os juros de financiamento da casa propria e empréstimo com garantia de imóvel,0,0,0,https://twitter.com/AlencarBraga13/status/1623765938481860608
A. Marques,@MarquesArnaldo,https://twitter.com/MarquesArnaldo/status/1624078062450081792,2023-02-10T16:09:18.000Z,Desenrola aí,0,0,0,https://twitter.com/AlencarBraga13/status/1623765938481860608
ferreira... jornalista.,@Ferreir34462662,https://twitter.com/Ferreir34462662/status/1623800011426258946,2023-02-09T21:44:26.000Z,Será. O mais. Uma mentira do pt .ou Hadad,0,1,1,https://twitter.com/AlencarBraga13/status/1623765938481860608
Carlos Magno,@CarlosM17244219,https://twitter.com/CarlosM17244219/status/1623812785577553920,2023-02-09T22:35:11.000Z,#LulaDoBrasilEDoMundo,0,0,0,https://twitter.com/AlencarBraga13/status/1623765938481860608
Marisa victorio da silva,@victorio_marisa,https://twitter.com/victorio_marisa/status/1623778755998019585,2023-02-09T20:19:58.000Z,"Desenrola Brasil - Negociar Dívidas - Faz L! ❤️                      ✔️O presidente @lulaoficial prometeu e vai cumprir. Com o programa Desenrola Brasil, milhares de brasileiros poderão negociar suas dividas e limpar seu nome. Faz L!❤️",0,0,1,https://twitter.com/AlencarBraga13/status/1623765938481860608
Aquilez Nilson,@AquilezN,https://twitter.com/AquilezN/status/1623805794746527749,2023-02-09T22:07:24.000Z,"Avante companheiro.  Federalize a PCDF.  Tem de acabar a bagunça na segurança pública do DF. A PCDF PEDE SOCORRO AO GOVERNO FEDERAL.  OS POLICIAIS SAO CUMPRIDORES DA LEI, MAS ESTÃO HA 10 ANOS SEM REAJUSTE SALARIAL.",0,0,0,https://twitter.com/AlencarBraga13/status/1623765938481860608
