nome,usuario,idTweet,dataPublicacao,texto,replies,retweets,likes,tweetPai
Izaac Leal Cavalcante,@leal_izaac,https://twitter.com/leal_izaac/status/1624036434251288577,2023-02-10T13:23:53.000Z,"Cadê a polícia federal agora não é mais do Bolsonaro, esse presidente do banco central não está acima da lei tem que ser investigado",0,1,2,https://twitter.com/BohnGass/status/1623996072187031566
Rosinha,@Rosilen07076553,https://twitter.com/Rosilen07076553/status/1623997434757103618,2023-02-10T10:48:55.000Z,#LulaDoBrasilEDoMundo,0,0,1,https://twitter.com/BohnGass/status/1623996072187031566
Cleide Ciriacos,@PortellaChe12,https://twitter.com/PortellaChe12/status/1624043726321467392,2023-02-10T13:52:52.000Z,Robert Fields FORA!,0,0,0,https://twitter.com/BohnGass/status/1623996072187031566
DESAPOSENTAÇÃO JÁ! (PLS 299/2023),@Catarina_47,https://twitter.com/Catarina_47/status/1624000173092249601,2023-02-10T10:59:48.000Z,"O q interessa ao povo é isso👇Sem aprovação do projeto de desaposentação do senador @paulopaim, sem isenção do IR até 5 mil e sem revisão de pontos das deformas trabalhista/previdenciária não há governo do povo e sim a continuidade de um governo 
neoliberal de extrema direita.",0,0,0,https://twitter.com/BohnGass/status/1623996072187031566
Edmar Cristiano,@EdmarCristiano7,https://twitter.com/EdmarCristiano7/status/1626969090270105600,2023-02-18T15:37:13.000Z,É muita baboseira desse povo que da nojo de ler! Nossa bandeira jamais será vermelha! A justiça de Deus não tardará sobre os impunes e os que se acham acima da lei!,0,0,0,https://twitter.com/BohnGass/status/1623996072187031566
Carlos Alberto,@CARLINHOS001,https://twitter.com/CARLINHOS001/status/1623999281530040320,2023-02-10T10:56:15.000Z,"Cara, tu imagina o Lula que foi descondenado pelo STF. Mas que é chamado de bandido em Portugal. 

Mas relaxa, não irá impactar na inflação os moveis que a Janta comprou sem licitação. Gastou só 400k
Imagina se fosse a Micheque. 

Tudo hipócrita 

Foca no teu governo",0,0,0,https://twitter.com/BohnGass/status/1623996072187031566
Ceiça Medeiros,@Ceissa_Med,https://twitter.com/Ceissa_Med/status/1623999146473541633,2023-02-10T10:55:43.000Z,"Se o Banco Central dos EUA fosse um aliado ferrenho de Trump, será que estaria no cargo?",0,0,1,https://twitter.com/BohnGass/status/1623996072187031566
Contra as covardias,@ECovardia,https://twitter.com/ECovardia/status/1624001493568221190,2023-02-10T11:05:03.000Z,"Alô @MP_RJ alô @PCERJ recorrentemente uma mulher chamada Rebecca, usuária de drogas,estar desloca-se de Jardim Bangu com destino a coelho da rocha,são João de meriti,para incitar usuários de drogas e outros contra um rapaz.Nessa madrugada novamente ele esteve ao lado de sua casa",0,0,0,https://twitter.com/BohnGass/status/1623996072187031566
