nome,usuario,idTweet,dataPublicacao,texto,replies,retweets,likes,tweetPai
Alexandre Padilha,@padilhando,https://twitter.com/padilhando/status/1623756913631453195,2023-02-09T18:53:10.000Z,"Acompanhado dos ministros @Haddad_Fernando , @MarinaSilva , Mauro Vieira e @aniellefranco, @lulaoficial vai tratar da importância do Brasil para a manutenção da democracia nas Américas, entre outras pautas importantíssimas para os dois países.",1,17,95,https://twitter.com/padilhando/status/1623756911609880578
Egle Daros Carvalho,@egle_daros,https://twitter.com/egle_daros/status/1623852601203646465,2023-02-10T01:13:24.000Z,#LulaDoBrasilEDoMundo,0,0,0,https://twitter.com/padilhando/status/1623756911609880578
Norton Soares Fernan,@Norton_Fernande,https://twitter.com/Norton_Fernande/status/1623999601932894216,2023-02-10T10:57:32.000Z,Nem começou e já está pedindo arrego. kkkk,0,0,0,https://twitter.com/padilhando/status/1623756911609880578
"Oxe, oxente",@gildasio_velozo,https://twitter.com/gildasio_velozo/status/1623836658603794433,2023-02-10T00:10:03.000Z,"Estão  fazendo a festa em, usando os miserável e os analfabeto como matéria prima",0,0,0,https://twitter.com/padilhando/status/1623756911609880578
ReiNovelli alfinete,@novelli68,https://twitter.com/novelli68/status/1623759326774009856,2023-02-09T19:02:46.000Z,Como fica os invejosos de extrema direita?,0,0,0,https://twitter.com/padilhando/status/1623756911609880578
Aquilez Nilson,@AquilezN,https://twitter.com/AquilezN/status/1623801453574860801,2023-02-09T21:50:09.000Z,"Avante companheiro.  Federalize a PCDF.  Tem de acabar a bagunça na segurança pública do DF. A PCDF PEDE SOCORRO AO GOVERNO FEDERAL.  OS POLICIAIS SAO CUMPRIDORES DA LEI, MAS ESTÃO HA 10 ANOS SEM REAJUSTE SALARIAL.",0,0,0,https://twitter.com/padilhando/status/1623756911609880578
