nome,usuario,idTweet,dataPublicacao,texto,replies,retweets,likes,tweetPai
Rita de Cassia soare,@rita_soares123,https://twitter.com/rita_soares123/status/1624529079801085952,2023-02-11T22:01:29.000Z,Janja sambando na cara das inimigas !,1,0,0,https://twitter.com/AlencarBraga13/status/1624528706344751104
Marisa victorio da silva,@victorio_marisa,https://twitter.com/victorio_marisa/status/1624538768567926784,2023-02-11T22:39:59.000Z,Lula lá Lula lá ❤️,0,0,0,https://twitter.com/AlencarBraga13/status/1624528706344751104
CARLOS PETTER,@CARLOSPETTER4,https://twitter.com/CARLOSPETTER4/status/1624561735762837504,2023-02-12T00:11:15.000Z,ACHO QUE UM PRESIDENTE DOS EUA NÃO  DEVERIA DAR ATENÇÃO A UM LADRÃO CONDENADO E ANALFABETO,1,0,1,https://twitter.com/AlencarBraga13/status/1624528706344751104
Alaor Annoni Notare,@AlaorANotare,https://twitter.com/AlaorANotare/status/1624853486948044800,2023-02-12T19:30:34.000Z,"A Lula foi aos USA, mas não conversou com aqueles que ingressam na justiça por indenização na Petrobras.
Poderia já que foi o criador!",0,0,0,https://twitter.com/AlencarBraga13/status/1624528706344751104
Marisa victorio da silva,@victorio_marisa,https://twitter.com/victorio_marisa/status/1624538517857599489,2023-02-11T22:38:59.000Z,#lulapresidente 🚪😀🇧🇷 abrindo portas para o Brasil ⭐✊                                                                                        #estadosunidos🇺🇸  #joebiden Presidente dos Estados Unidos 🤝🏼                                             ✔️Biden fez piada com +,0,0,1,https://twitter.com/AlencarBraga13/status/1624528706344751104
Marisa victorio da silva,@victorio_marisa,https://twitter.com/victorio_marisa/status/1624538700590841856,2023-02-11T22:39:43.000Z,"Trump e Bolsonaro. O presidente @lulaoficial descrevia os métodos de Jair bolsonaro no governo e Joe Biden sorriu: ""Soa familiar"", referindo-se às práticas de Donald Trump.",0,0,0,https://twitter.com/AlencarBraga13/status/1624528706344751104
luis junior,@Descondenado23,https://twitter.com/Descondenado23/status/1624786602840010754,2023-02-12T15:04:47.000Z,Patético. O cara sai daqui sem agenda alguma para fazer fofoca com outro chefe de Estado.,1,0,0,https://twitter.com/AlencarBraga13/status/1624528706344751104
Roncacci.,@Roncacci,https://twitter.com/Roncacci/status/1624716745477963777,2023-02-12T10:27:12.000Z,"É sério que o ex presidiário de Curitiba foi recebido pelo presidente americano para falar mal de Bolsonaro, não tinha nada mais importante para ser tratado entre dois chefes de estado esta é a opção diplomática do governo federal, reclamar e falar mal ao invés de fazer propostas",1,0,0,https://twitter.com/AlencarBraga13/status/1624528706344751104
margot,@Meg197565,https://twitter.com/Meg197565/status/1624571156563984385,2023-02-12T00:48:41.000Z,🐙DRÃO,0,0,0,https://twitter.com/AlencarBraga13/status/1624528706344751104
