nome,usuario,idTweet,dataPublicacao,texto,replies,retweets,likes,tweetPai
Fizueli da Silva,@Rexitegui13PT,https://twitter.com/Rexitegui13PT/status/1624767889000505347,2023-02-12T13:50:26.000Z,"Para o Brasil decolar, Campos Neto demitido já!",0,0,0,https://twitter.com/AlencarBraga13/status/1624755048776433691
Marisa victorio da silva,@victorio_marisa,https://twitter.com/victorio_marisa/status/1624789805409177606,2023-02-12T15:17:31.000Z,"Governo da morte😔 - Jair bolsonaro -🫣 Havia sério risco de desabastecimento de vacinas para covid - poliomielite e sarampo🥼💉⚕️✔️Governo da morte. Bolsonaro fez de tudo para sabotar a saúde do povo brasileiro.
Havia sério risco de desabastecimento de vacinas para covid, +",0,0,0,https://twitter.com/AlencarBraga13/status/1624755048776433691
Marisa victorio da silva,@victorio_marisa,https://twitter.com/victorio_marisa/status/1624790159534305280,2023-02-12T15:18:55.000Z,poliomielite e sarampo.🙃👎,0,0,0,https://twitter.com/AlencarBraga13/status/1624755048776433691
Conservador Direitista,@TalkeiBrasil,https://twitter.com/TalkeiBrasil/status/1624925710182752258,2023-02-13T00:17:33.000Z,Porque não deixa de ser um Inútil que vive de lacração e começa a trabalhar ⁉️Você foi eleito pela população de Guarulhos para isso ⁉️Lacrar nas redes sociais e ser um CAPACHO DO DILMO ❗Tire sua bunda flácida da cadeira e trabalhe 🆗A eleição acabou desça do palanque.,0,0,1,https://twitter.com/AlencarBraga13/status/1624755048776433691
