nome,usuario,idTweet,dataPublicacao,texto,replies,retweets,likes,tweetPai
Robs,@armysticio,https://twitter.com/armysticio/status/1624165701618393099,2023-02-10T21:57:33.000Z,"@loblaryssa @YasmimAMReis acho que agora vai, hein",1,0,2,https://twitter.com/AlencarBraga13/status/1624136122321489923
Mari Acadêmica,@MariAcademica81,https://twitter.com/MariAcademica81/status/1624922005572055040,2023-02-13T00:02:50.000Z,"E para nós pós-doutorandos, vai haver reajuste? Afinal, somos muitas vezes responsáveis por co-liderar pesquisas e alunos, ministrar disciplinas para graduação e pós-graduação,  escrita,  tradução e publicação da pesquisa do laboratório, etc. Merecemos reajuste tmb.",2,0,0,https://twitter.com/AlencarBraga13/status/1624136122321489923
Erick Gomes,@erick_ggomes,https://twitter.com/erick_ggomes/status/1624147027511676955,2023-02-10T20:43:21.000Z,"E o resto da tabela, deputado?
TUDO está congelado há mais de 10 anos. O senhor poderia dizer?",1,0,0,https://twitter.com/AlencarBraga13/status/1624136122321489923
Camilla Rodrigues,@Camilarookinha,https://twitter.com/Camilarookinha/status/1624739830625193984,2023-02-12T11:58:56.000Z,Isso vem muito mais! L L L L L L L,0,0,3,https://twitter.com/AlencarBraga13/status/1624136122321489923
priscila,@priscilarpcm,https://twitter.com/priscilarpcm/status/1624449277245235202,2023-02-11T16:44:23.000Z,Amei. Fiz o L pra isso mesmo,0,0,0,https://twitter.com/AlencarBraga13/status/1624136122321489923
Marisa victorio da silva,@victorio_marisa,https://twitter.com/victorio_marisa/status/1624168033034854414,2023-02-10T22:06:49.000Z,"⭐🍀... Voltou o governo que valoriza a educação e a ciência!👨🏼‍🎓👩🏻‍🎓                                              

 ✔️O @lulaoficial vai dar 44% de aumento nas bolsas CNPq e CAPES!                                             

+",0,0,0,https://twitter.com/AlencarBraga13/status/1624136122321489923
Marisa victorio da silva,@victorio_marisa,https://twitter.com/victorio_marisa/status/1624168357288108067,2023-02-10T22:08:06.000Z,"🎓 Mestrado:De R$1.500 para R$2.160                                          🎓Doutorado: De: 2 200 para R$3.168                                         
FAZ O L!  Mas faz vontade, porque agora voltou o governo que valoriza a educação e a ciência!",0,0,0,https://twitter.com/AlencarBraga13/status/1624136122321489923
Marisa victorio da silva,@victorio_marisa,https://twitter.com/victorio_marisa/status/1624168455678091279,2023-02-10T22:08:30.000Z,Lula lá Lula lá ❤️,0,0,0,https://twitter.com/AlencarBraga13/status/1624136122321489923
