nome,usuario,idTweet,dataPublicacao,texto,replies,retweets,likes,tweetPai
Zé o velho.,@Josefilonzi,https://twitter.com/Josefilonzi/status/1624124749566574602,2023-02-10T19:14:49.000Z,E uma rolha de poço. Que perfil lindo. Pode tirar a boia não está chovendo.,0,0,0,https://twitter.com/cabogilberto/status/1624076538294505472
Emanuela Carneiro,@EmanuelaCarnei9,https://twitter.com/EmanuelaCarnei9/status/1624230477631483905,2023-02-11T02:14:57.000Z,"Não foi falta de aviso,ainda bem que não votei no Flávio Dino para senador! 
Roberto Rocha ta fazendo falta!.",0,0,0,https://twitter.com/cabogilberto/status/1624076538294505472
Luis Carlos,@luis_poderes,https://twitter.com/luis_poderes/status/1624095113164075016,2023-02-10T17:17:03.000Z,É o capitalista esbelto!,0,0,0,https://twitter.com/cabogilberto/status/1624076538294505472
Geo.Vânia,@geovaniapb,https://twitter.com/geovaniapb/status/1624363123745472513,2023-02-11T11:02:02.000Z,Cabo Gilberto por gentileza crie uma lei que acaba com indicação política pra qualquer cargo público de municipal a federal que seja feito processo seletivo pra ocupar cargos públicos.,0,0,0,https://twitter.com/cabogilberto/status/1624076538294505472
josefa natalice da s,@JosefaNatalice,https://twitter.com/JosefaNatalice/status/1624079595900215297,2023-02-10T16:15:24.000Z,Mexe com Deus,0,0,0,https://twitter.com/cabogilberto/status/1624076538294505472
Jussara Almeida Rampcke,@JRampcke,https://twitter.com/JRampcke/status/1624363817038757889,2023-02-11T11:04:47.000Z,Alain Delon ao averso. 😂😂😂😂😂,0,0,0,https://twitter.com/cabogilberto/status/1624076538294505472
James guia,@JamesAlfredx,https://twitter.com/JamesAlfredx/status/1624157747238383616,2023-02-10T21:25:56.000Z,Ditadura comunista jurídica.,0,0,0,https://twitter.com/cabogilberto/status/1624076538294505472
Aloisio,@aloisiogomes14,https://twitter.com/aloisiogomes14/status/1624116128262782979,2023-02-10T18:40:34.000Z,"Bem feito, esses corno tavam dando borrachada em velhinho  na pandemia..  nunca esqueceremos",0,0,0,https://twitter.com/cabogilberto/status/1624076538294505472
José Paulo Vieira Duque,@JosPauloVieir13,https://twitter.com/JosPauloVieir13/status/1624082200521064448,2023-02-10T16:25:45.000Z,"MUITA poupança e bem viriam para o Brasil com a extinção do STF, já há o STJ: e os políticos que (aprendam /treinem) se controlem entre si, e a si próprios !",0,0,0,https://twitter.com/cabogilberto/status/1624076538294505472
