nome,usuario,idTweet,dataPublicacao,texto,replies,retweets,likes,tweetPai
Fizueli da Silva,@Rexitegui13PT,https://twitter.com/Rexitegui13PT/status/1624379237011447811,2023-02-11T12:06:04.000Z,"Para o Brasil decolar, Campos Neto demitido já!",0,0,0,https://twitter.com/AlencarBraga13/status/1624377714042863617
ad daᶜᵃᵐ,@addazeca,https://twitter.com/addazeca/status/1624540280635506689,2023-02-11T22:46:00.000Z,Síndrome de Estocolmo.,0,0,0,https://twitter.com/AlencarBraga13/status/1624377714042863617
Marisa victorio da silva,@victorio_marisa,https://twitter.com/victorio_marisa/status/1624387303966646273,2023-02-11T12:38:07.000Z,"😀Faz o L!  | Estados Unidos 🇱🇷🫂 Brasil 🇧🇷 ✔️O Brasil pode se orgulhar, voltamos ao cenário mundial.
Faz o L! 👏👏👏",0,0,0,https://twitter.com/AlencarBraga13/status/1624377714042863617
Marisa victorio da silva,@victorio_marisa,https://twitter.com/victorio_marisa/status/1624387388712574976,2023-02-11T12:38:27.000Z,Lula lá Lula lá ❤️,0,0,0,https://twitter.com/AlencarBraga13/status/1624377714042863617
Michael,@Michael77242404,https://twitter.com/Michael77242404/status/1624384891935653888,2023-02-11T12:28:32.000Z,🚨MORO NA CADEIA,0,0,0,https://twitter.com/AlencarBraga13/status/1624377714042863617
