nome,usuario,idTweet,dataPublicacao,texto,replies,retweets,likes,tweetPai
Adri,@aalvesmachado,https://twitter.com/aalvesmachado/status/1624432026144079872,2023-02-11T15:35:50.000Z,E o congresso não pode fazer nada?,0,0,0,https://twitter.com/adriventurasp/status/1624140396426063872
Saulo Girardi,@GirardiSaulo,https://twitter.com/GirardiSaulo/status/1624402391096336384,2023-02-11T13:38:04.000Z,"Sou contra.
Língua portuguesa, devemos manter a originalidade e não estar nos levando por sutaques  regionais, ou grupos revoltados ou.. Etc..",0,0,1,https://twitter.com/adriventurasp/status/1624140396426063872
Lupe66,@Lupe663,https://twitter.com/Lupe663/status/1624812854900662279,2023-02-12T16:49:06.000Z,"Muitas crianças não sabem diferenciar mais de mas e ainda tem que conviver com essa bizarrice...
É o futuro sem futuro!",0,0,1,https://twitter.com/adriventurasp/status/1624140396426063872
douglaskoga,@douglaskoga,https://twitter.com/douglaskoga/status/1624188189152886784,2023-02-10T23:26:54.000Z,Acho q eles tem um projeto de poder próprio..,0,0,0,https://twitter.com/adriventurasp/status/1624140396426063872
Yara Morello,@MorelloYara,https://twitter.com/MorelloYara/status/1624450562233102337,2023-02-11T16:49:29.000Z,Que absurdo!!!!!!,0,0,0,https://twitter.com/adriventurasp/status/1624140396426063872
Rose Rios,@RiosRosineide,https://twitter.com/RiosRosineide/status/1624799329465647107,2023-02-12T15:55:22.000Z,#STF não nos representa! #SOSBRASIL #Impunity #World,0,0,1,https://twitter.com/adriventurasp/status/1624140396426063872
