nome,usuario,idTweet,dataPublicacao,texto,replies,retweets,likes,tweetPai
Gilberto Silva,@cabogilberto,https://twitter.com/cabogilberto/status/1624128741445144582,2023-02-10T19:30:41.000Z,No Brics com a ambição do PT. Querem destruir a economia da China 🤡🤡🤡,1,5,34,https://twitter.com/cabogilberto/status/1624124007443202066
Marcos Dias,@MarcosDias1943,https://twitter.com/MarcosDias1943/status/1624128109497794560,2023-02-10T19:28:10.000Z,Deve ser para acabar de fritar.,0,0,0,https://twitter.com/cabogilberto/status/1624124007443202066
Sergio Lourenço Fraenkel,@sergio_fraenkel,https://twitter.com/sergio_fraenkel/status/1624149221405339648,2023-02-10T20:52:04.000Z,O que sabe que não sabemos?,0,0,0,https://twitter.com/cabogilberto/status/1624124007443202066
Celso Gomes,@celsosa42011078,https://twitter.com/celsosa42011078/status/1624126023678758916,2023-02-10T19:19:53.000Z,"Deputado, não votei no mito, e jamais votaria. Mas votei em vc. Quais seus projetos pra nossa PB 🤔",0,0,0,https://twitter.com/cabogilberto/status/1624124007443202066
Benaria Coelho,@Bdibzinha,https://twitter.com/Bdibzinha/status/1624156014156079111,2023-02-10T21:19:03.000Z,"A pior Presidenta foi reeleita, o louconaro…..não. Kkkkkk",0,0,0,https://twitter.com/cabogilberto/status/1624124007443202066
Cléo Nascimento,@CleoNscimento,https://twitter.com/CleoNscimento/status/1624175556479647753,2023-02-10T22:36:43.000Z,"Nesse caso acho bom, assim mostra pra  eles como se cria uma praga pra destruição em massa, seremos vingados pelo vírus do covid🤭😉🤣",0,0,0,https://twitter.com/cabogilberto/status/1624124007443202066
Henrique Ferreira,@riquemf06,https://twitter.com/riquemf06/status/1624131218248802305,2023-02-10T19:40:31.000Z,"Xi vai dar um jeitinho nela, porque ele não gosta de perder dinheiro.",0,0,0,https://twitter.com/cabogilberto/status/1624124007443202066
Jane Ines Galvan Marques,@jigmarques,https://twitter.com/jigmarques/status/1624223075704229888,2023-02-11T01:45:32.000Z,💰💰querem mais 🇧🇷,0,0,0,https://twitter.com/cabogilberto/status/1624124007443202066
Sandra Adelaide Feli,@AdelaideFeli,https://twitter.com/AdelaideFeli/status/1624133315472068626,2023-02-10T19:48:52.000Z,Faz era destruído!,0,0,0,https://twitter.com/cabogilberto/status/1624124007443202066
Mônica,@Moni28lobato,https://twitter.com/Moni28lobato/status/1624453726583889921,2023-02-11T17:02:03.000Z,"Mas é a própria China larápia q tá por trás disso tudo e muito mais. O PCC quer dominar o mundo, ou seja, o mal quer o mundo todo em servidão.",0,0,0,https://twitter.com/cabogilberto/status/1624124007443202066
Alencar Evangelista 22,@AlencarEvangel2,https://twitter.com/AlencarEvangel2/status/1624126344559792155,2023-02-10T19:21:10.000Z,Meu Deus vai quebrar.,0,0,0,https://twitter.com/cabogilberto/status/1624124007443202066
Marcio Jordao,@MarcioJordao1,https://twitter.com/MarcioJordao1/status/1624141644713889800,2023-02-10T20:21:57.000Z,🤦🏻‍♂️🤦🏻‍♂️🤦🏻‍♂️,0,0,0,https://twitter.com/cabogilberto/status/1624124007443202066
Breno Guerra22!,@Brenoguerraaju,https://twitter.com/Brenoguerraaju/status/1624126098811326490,2023-02-10T19:20:11.000Z,Chupa China!!! Vamos nos vingar do covid!! Se F..!,0,0,0,https://twitter.com/cabogilberto/status/1624124007443202066
Vânia Lustosa,@VniaLustosa1,https://twitter.com/VniaLustosa1/status/1624185535370600451,2023-02-10T23:16:22.000Z,Só no Brasil uma Anta é presidente de um Banco kkkkkk,0,0,0,https://twitter.com/cabogilberto/status/1624124007443202066
JOÃO BATISTA PEREIRA,@cerradoba,https://twitter.com/cerradoba/status/1625091645774475264,2023-02-13T11:16:55.000Z,SERÁ EXECUTADA SE ROUBAR OS CHINESES....E SE DER PR JUIZO PARA ELEA TAMBÉM.....,0,0,0,https://twitter.com/cabogilberto/status/1624124007443202066
Jairo Santos O MANÉ SQN,@JairoSantosTC,https://twitter.com/JairoSantosTC/status/1624130270281535501,2023-02-10T19:36:45.000Z,"É FATO!!!
Capacidade técnica nenhuma, será apenas uma marionete nas mãos de escrupulosos, assim como foi no seu desgoverno.",0,0,0,https://twitter.com/cabogilberto/status/1624124007443202066
Kleber Farias,@KfMendes66,https://twitter.com/KfMendes66/status/1624182097224015879,2023-02-10T23:02:42.000Z,O pior de todos é indiscutivelmente o famigerado Bolsonaro.,0,0,0,https://twitter.com/cabogilberto/status/1624124007443202066
Jakson Leite,@lins_jakson,https://twitter.com/lins_jakson/status/1624128485450022912,2023-02-10T19:29:40.000Z,"Pior que o Bolsonaro não existe, não existiu e nem existirá. O deputado só não tem caráter para admitir, pois precisa dos votos do gado para se manter na mamata do Estado.",0,0,0,https://twitter.com/cabogilberto/status/1624124007443202066
