nome,usuario,idTweet,dataPublicacao,texto,replies,retweets,likes,tweetPai
André Sarmento,@AndrSarmento4,https://twitter.com/AndrSarmento4/status/1624038953853526016,2023-02-10T13:33:54.000Z,Foi pra isso que fiz o L.,0,0,0,https://twitter.com/AlencarBraga13/status/1624038685522948097
Marisa victorio da silva,@victorio_marisa,https://twitter.com/victorio_marisa/status/1624041163844902912,2023-02-10T13:42:41.000Z,#PT43Anos 🍰🎂Sabe o que mudou? Agora temos um governo que trabalha. Viva @lulaoficial Faz o L!  👏👏👏        ✔️Alertas de desmatamento na Amazônia caem 61% em janeiro.    Sabe o que mudou? Agora temos um governo que trabalha. Viva @lulaoficial  Faz o L! 😀,0,0,0,https://twitter.com/AlencarBraga13/status/1624038685522948097
Carlos Magno,@CarlosM17244219,https://twitter.com/CarlosM17244219/status/1624130462959472644,2023-02-10T19:37:31.000Z,#LulaDoBrasilEDoMundo,0,0,0,https://twitter.com/AlencarBraga13/status/1624038685522948097
Carlos Magno,@CarlosM17244219,https://twitter.com/CarlosM17244219/status/1624130491065503744,2023-02-10T19:37:38.000Z,#PT43Anos,0,0,0,https://twitter.com/AlencarBraga13/status/1624038685522948097
Jerryabati@gmail3.com.br Abati,Jerryabati@gmail3.com.br Abati,https://twitter.com/jerryabati/status/1624346943122989058,2023-02-11T09:57:44.000Z,"Narrativa de esquerdista nunca muda,gentinha lixo.",0,0,0,https://twitter.com/AlencarBraga13/status/1624038685522948097
fabio eduardo,@fabioeduardo14,https://twitter.com/fabioeduardo14/status/1624547732198240256,2023-02-11T23:15:36.000Z,"para de ser idiota lambe saco quero ver depois apesar que vc vai esconder como sempre adora enganar seus cabreço 
um babaca que puxou tanto o saco e nem conseguiu um cargo é um rele deputado mais nada",0,0,0,https://twitter.com/AlencarBraga13/status/1624038685522948097
Aquilez Nilson,@AquilezN,https://twitter.com/AquilezN/status/1624128282386960407,2023-02-10T19:28:52.000Z,"Avante companheiro.  Federalize a PCDF.  Tem de acabar a bagunça na segurança pública do DF. A PCDF PEDE SOCORRO AO GOVERNO FEDERAL.  OS POLICIAIS SAO CUMPRIDORES DA LEI, MAS ESTÃO HA 10 ANOS SEM REAJUSTE SALARIAL.",0,0,0,https://twitter.com/AlencarBraga13/status/1624038685522948097
