nome,usuario,idTweet,dataPublicacao,texto,replies,retweets,likes,tweetPai
LEONE,@rodrigoleonevoz,https://twitter.com/rodrigoleonevoz/status/1624067994547617792,2023-02-10T15:29:18.000Z,já foram identificados?,0,0,10,https://twitter.com/AlencarBraga13/status/1624046919323361288
Rodrigo Fazuelly,@rodrigodba,https://twitter.com/rodrigodba/status/1624047773963124736,2023-02-10T14:08:57.000Z,Inacreditável,0,0,3,https://twitter.com/AlencarBraga13/status/1624046919323361288
Edna Castilho,@BispaEdna,https://twitter.com/BispaEdna/status/1624480273243963392,2023-02-11T18:47:33.000Z,"Isto não resolve com nota de repúdio do supermercado, se resolve com processo e indenização.",0,0,2,https://twitter.com/AlencarBraga13/status/1624046919323361288
Paulo Aguiar,@PauloAg95596374,https://twitter.com/PauloAg95596374/status/1624222435900792836,2023-02-11T01:42:59.000Z,"Fiquei revoltado, se eu tivesse aí no local. Juro por Deus, eu não consigo ficar quieto vou pra cima e dou porrada na segurança sem piedade. Judiação dessa mulher, deu um aperto no meu coração!",1,0,1,https://twitter.com/AlencarBraga13/status/1624046919323361288
Arlindo Matias Ferreira,@arlindo_f5,https://twitter.com/arlindo_f5/status/1624335529557852161,2023-02-11T09:12:23.000Z,P… de mania hoje de filmarem e não ajudarem que coisa nervos onde vamos nós quem filma e não ajuda e tão criminoso quanto a pessoa que faz o acto de violência,5,0,5,https://twitter.com/AlencarBraga13/status/1624046919323361288
regina lopes,@reginaclopes,https://twitter.com/reginaclopes/status/1624114898656428033,2023-02-10T18:35:41.000Z,Foram presos? @FlavioDino,0,0,1,https://twitter.com/AlencarBraga13/status/1624046919323361288
Fátima Leal,@mariade57438723,https://twitter.com/mariade57438723/status/1624122992782344203,2023-02-10T19:07:50.000Z,Até quando iremos continuar a ver essas cenas de torturas contra os pobres e pretos?,0,0,54,https://twitter.com/AlencarBraga13/status/1624046919323361288
Roberto Borning,@RobertoBor13,https://twitter.com/RobertoBor13/status/1624118511957049365,2023-02-10T18:50:02.000Z,O cachorrinho de burguês tá bravo,1,0,6,https://twitter.com/AlencarBraga13/status/1624046919323361288
Cibele é Lula,@kyaya_,https://twitter.com/kyaya_/status/1624086457584431114,2023-02-10T16:42:40.000Z,"Nossa! Que covardia! Que dó!!! 
Isso dói na gente!...
É ser humano, caramba!...
Que sensação horrível!",0,1,39,https://twitter.com/AlencarBraga13/status/1624046919323361288
Cavalcanti,@dicavalcanti,https://twitter.com/dicavalcanti/status/1624182885598040064,2023-02-10T23:05:50.000Z,E já lançaram nota:https://instagram.com/p/Cofxzr0OwSo/,8,1,7,https://twitter.com/AlencarBraga13/status/1624046919323361288
Sergio 10 Laws,@sergioluiz10law,https://twitter.com/sergioluiz10law/status/1624339648485916674,2023-02-11T09:28:45.000Z,"Olha o tamanho do segurança que deu uma rasteira na mulher. Ele fez isso por saber que ela era uma moradora de rua e não teria ninguém para defendê-la. Independentemente do que ela tenha feito, isso não dá o direito dele agredí-la fisicamente. VERGONHA.@tarcisiogdf , @FlavioDino",2,7,50,https://twitter.com/AlencarBraga13/status/1624046919323361288
Carlos Carvalho,@CarlosC93939080,https://twitter.com/CarlosC93939080/status/1624064699540160515,2023-02-10T15:16:12.000Z,"Fonte Nova Supermercados reprova completamente qualquer conduta violenta , independente de quem seja, qualquer funcionario envolvido em agressao é afastado do quadro da empresa imediatamente. O caso esta sendo apurado.",10,0,7,https://twitter.com/AlencarBraga13/status/1624046919323361288
Vla,@vlamir10,https://twitter.com/vlamir10/status/1624143124841766912,2023-02-10T20:27:50.000Z,"Perturbador…pq me sobe uma raiva, uma vontade de mat4r…",0,0,17,https://twitter.com/AlencarBraga13/status/1624046919323361288
Interior de SP,@IntSPActivo,https://twitter.com/IntSPActivo/status/1624183680309641216,2023-02-10T23:08:59.000Z,"Como podemos descobrir os nomes dos 2 projetos de capitães do mato? Segundo o supermercado, os 2 foram demitidos por justa causa.",0,0,2,https://twitter.com/AlencarBraga13/status/1624046919323361288
Laura,@Laura22618685,https://twitter.com/Laura22618685/status/1624500180065087494,2023-02-11T20:06:39.000Z,Caralho... isso me deixa com vontade de gastar meu réu primário!,0,0,2,https://twitter.com/AlencarBraga13/status/1624046919323361288
Alvaro Bega,@BegaAlvaro,https://twitter.com/BegaAlvaro/status/1624119190016622599,2023-02-10T18:52:44.000Z,Inaceitável esse tipo de conduta.,0,0,2,https://twitter.com/AlencarBraga13/status/1624046919323361288
victoria,@seuyug,https://twitter.com/seuyug/status/1624277826089222144,2023-02-11T05:23:06.000Z,@swrahcmrn MANO É O MERCADO PERTO DA ESCOLA,2,0,0,https://twitter.com/AlencarBraga13/status/1624046919323361288
vicky,@mistyvvicky,https://twitter.com/mistyvvicky/status/1624165640511578117,2023-02-10T21:57:18.000Z,não vou dar minha opinião pq não tenho advogado,0,0,6,https://twitter.com/AlencarBraga13/status/1624046919323361288
Maria Auxiliadora de Paula Ribeiro,@MariaAu40265435,https://twitter.com/MariaAu40265435/status/1624268913759424513,2023-02-11T04:47:41.000Z,Que absurdo!,1,0,0,https://twitter.com/AlencarBraga13/status/1624046919323361288
Dantonam,@dantonam12,https://twitter.com/dantonam12/status/1624478802888822784,2023-02-11T18:41:42.000Z,"Certamente não pesaria financeiramente ao supermercado mas além da assistência médica, a demissão do segurança, sugiro durante 5 anos a cada 15 dias, uma cesta Basica para a família da vítima. É o mínimo q poderiam fazer e se antecipar ao processo, acolhendo a família.",1,2,10,https://twitter.com/AlencarBraga13/status/1624046919323361288
Marcelo Araújo,@maxmaclister,https://twitter.com/maxmaclister/status/1624179975153754116,2023-02-10T22:54:16.000Z,"Ninguém pra ajudar,defender ou tomar partido do lado da moradora de rua, todos são omissos e coniventes com a INJUSTIÇA praticada contra essa pessoa. A sociedade brasileira está um lixo. Todos se fingem de cegos,surdos e mudos,tenho dessa sociedade atual.",1,0,2,https://twitter.com/AlencarBraga13/status/1624046919323361288
Adilson Dario,@Adilson_dario,https://twitter.com/Adilson_dario/status/1624153869776261121,2023-02-10T21:10:32.000Z,Como é bom ter um celular e poder filmar essas cenas. Isso é muito grave.,0,0,1,https://twitter.com/AlencarBraga13/status/1624046919323361288
Fernando Rehem,@rehem_fernando,https://twitter.com/rehem_fernando/status/1624170015346810889,2023-02-10T22:14:41.000Z,@MPF_PGR,0,0,1,https://twitter.com/AlencarBraga13/status/1624046919323361288
Ł̃ᵾ̃ɨ̃𝐙  #ClimateEmergency ANTIFA,@NeloSohn,https://twitter.com/NeloSohn/status/1624135870474293258,2023-02-10T19:59:01.000Z,Que FELAS DA GRUTA 🤬,0,0,1,https://twitter.com/AlencarBraga13/status/1624046919323361288
Karla Karenina,@KarlaKarenina2,https://twitter.com/KarlaKarenina2/status/1624660726307495936,2023-02-12T06:44:36.000Z,"Que tipo de ser faz isso com uma mulher em situação de extrema vulnerabilidade??? @reinaldoazevedo , fale disso no É da Coisa de segunda!!! Isso tem que parar no Brasil!!!",0,0,0,https://twitter.com/AlencarBraga13/status/1624046919323361288
Yê,@yezacosta,https://twitter.com/yezacosta/status/1624457550891479043,2023-02-11T17:17:15.000Z,@ArcanneFifo @lucastelhano_ @angeelsay @taiimathias olhem isso,3,0,0,https://twitter.com/AlencarBraga13/status/1624046919323361288
MÁRCIA FERREIRA,@Ma1Ferreira,https://twitter.com/Ma1Ferreira/status/1624093489548955648,2023-02-10T17:10:36.000Z,Alô Guarulhos.... já denunciaram esse horror? O Supermercado Fonte Nova já soltou notinha dizendo que não compactua com violência mas contrata esses m*rdas?,2,7,108,https://twitter.com/AlencarBraga13/status/1624046919323361288
Roberto Oliveira,@Roberto75582094,https://twitter.com/Roberto75582094/status/1624732274993385480,2023-02-12T11:28:55.000Z,"Primeiro, esse Marginal Lixo tem que ser preso imediatamente.
Segundo, essa pessoa tem que entrar com uma ação e fuder esse estabelecimento.
Terceiro, da próxima vez antes de contratar um funcionário, que faça uma triagem perfeita.",0,0,0,https://twitter.com/AlencarBraga13/status/1624046919323361288
André S. Oliveira,@silvestreoli,https://twitter.com/silvestreoli/status/1624402765752553472,2023-02-11T13:39:33.000Z,Covarde,0,0,0,https://twitter.com/AlencarBraga13/status/1624046919323361288
Renato César Vieira,@Cawboy56,https://twitter.com/Cawboy56/status/1624356022029615104,2023-02-11T10:33:49.000Z,Os olhos de Deus gravaram tudo. Deus tem usado as pessoas do bem como seus olhos. O cidadão que filmou a agressão do segurança contra uma senhora indefesa está de parabéns por registrar a agressão. Deus está atento.,0,0,2,https://twitter.com/AlencarBraga13/status/1624046919323361288
jane,@velhinhajane,https://twitter.com/velhinhajane/status/1624370865218494464,2023-02-11T11:32:48.000Z,Quem estava filmando não chamou a polícia porque???????????,1,0,1,https://twitter.com/AlencarBraga13/status/1624046919323361288
Kleber LΙΡΙΩ,@Cleba10,https://twitter.com/Cleba10/status/1624254919279620097,2023-02-11T03:52:04.000Z,"Capitão do mato! 
Preto pobre periferico q se acha no direito!

Um bom advogado para ajudar esta senhora, processo no supermercado e outro no indivíduo por tentativa de homicídio e ameaça as indefeso! 

Algum advogado disponível aí??????",1,6,24,https://twitter.com/AlencarBraga13/status/1624046919323361288
Ana Charis,@AnaCharis15,https://twitter.com/AnaCharis15/status/1624089222679232512,2023-02-10T16:53:39.000Z,"Que covarida senhorr
Temos que punir os estabelecimentos por essas praticas violentas!",0,1,33,https://twitter.com/AlencarBraga13/status/1624046919323361288
Nivia,@NiviaLeonardo2,https://twitter.com/NiviaLeonardo2/status/1624111976577204224,2023-02-10T18:24:04.000Z,@tabataamaralsp @samiabomfim @GuilhermeBoulos vcs podem ajudar?,0,0,3,https://twitter.com/AlencarBraga13/status/1624046919323361288
Miguel a cada escolha determina que vem em seguida,@Miguel46963459,https://twitter.com/Miguel46963459/status/1624088198765809664,2023-02-10T16:49:35.000Z,"Terrível, enviou para a polícia?",0,0,6,https://twitter.com/AlencarBraga13/status/1624046919323361288
Yoná Alves Carlos,@nanah_alvesc,https://twitter.com/nanah_alvesc/status/1624194253927710721,2023-02-10T23:51:00.000Z,"Eu entenderia se o mundo ficasse em chamas, coisas desse tipo, me fazem querer botar fogo nele.",0,1,3,https://twitter.com/AlencarBraga13/status/1624046919323361288
Jones Torres,@JonesTorres4,https://twitter.com/JonesTorres4/status/1624139980355342348,2023-02-10T20:15:21.000Z,Acabaram de perder um cliente,0,0,3,https://twitter.com/AlencarBraga13/status/1624046919323361288
@fabianoieck_psicanalista,@fabianoieck_psicanalista,https://twitter.com/FabianoIeck/status/1624264354337026049,2023-02-11T04:29:34.000Z,"Um advogado 1 (só um) disposto a... EXERCER DIREITO e GANHAR DINHEIRO 💰 Tarefas:  Encontrar o cinegrafista/testemunha. Encontrar a Mulher. Abrir processo. Causa Ganha. Receber indenização, que, com a comoção das imagens e se tratando de Mercado será BEM GORDA. UM ADVOGADO? SÓ 1",1,1,6,https://twitter.com/AlencarBraga13/status/1624046919323361288
Jorge Miranda,@Jorge___miranda,https://twitter.com/Jorge___miranda/status/1624102278406733866,2023-02-10T17:45:32.000Z,Isso,0,5,68,https://twitter.com/AlencarBraga13/status/1624046919323361288
Arlindo Matias Ferreira,@arlindo_f5,https://twitter.com/arlindo_f5/status/1624335153081331712,2023-02-11T09:10:53.000Z,Parem de filmarem e ajudem as pessoas pó,2,0,0,https://twitter.com/AlencarBraga13/status/1624046919323361288
sandro mello luiz,@smelloluiz,https://twitter.com/smelloluiz/status/1624365181286359041,2023-02-11T11:10:13.000Z,"Sinceramente não sei com ela consegue se levantar depois de ter caído daquele jeito, uma covardia sem fim punição já.",1,0,3,https://twitter.com/AlencarBraga13/status/1624046919323361288
Luis Gustavo,@LuisGustta21,https://twitter.com/LuisGustta21/status/1624192085111758848,2023-02-10T23:42:23.000Z,Poxa 😥 coitada... A bichinha quase quebra o pescoço. Desnecessário...,0,0,0,https://twitter.com/AlencarBraga13/status/1624046919323361288
coiote,@PedroRo61946320,https://twitter.com/PedroRo61946320/status/1624207543370219521,2023-02-11T00:43:49.000Z,"Infelizmente isso acontece em muitos supermercado, isso tem que acabar o mercado tem que pagar uma indenização violenta pra essa senhora",0,0,0,https://twitter.com/AlencarBraga13/status/1624046919323361288
BRUNO HENRIQUE,@BRUNOHE88136987,https://twitter.com/BRUNOHE88136987/status/1624278343213322241,2023-02-11T05:25:09.000Z,"@silviolual por gentileza, o que fazer com este ser humano?",0,0,0,https://twitter.com/AlencarBraga13/status/1624046919323361288
gilson nascimento,@gil05carvalho,https://twitter.com/gil05carvalho/status/1624337825226276866,2023-02-11T09:21:30.000Z,Que seja identificado e punido. Que a pena imposta seja proporcional ao tamanho e a estupidez da besta fera que agrediu a mulher. Que o estabelecimento seja condenado à ajudar está mulher com uma moradia e cestas básicas e que se torne um exemplo para outros comércios.,0,0,0,https://twitter.com/AlencarBraga13/status/1624046919323361288
Teresinha Roberto Pinto Santos,@TeresinhaRober4,https://twitter.com/TeresinhaRober4/status/1624447986670481412,2023-02-11T16:39:15.000Z,Covardia,0,0,0,https://twitter.com/AlencarBraga13/status/1624046919323361288
Vânia Lima,@vanialima1968,https://twitter.com/vanialima1968/status/1624845894859333633,2023-02-12T19:00:24.000Z,Que falta de humanidade.,0,0,0,https://twitter.com/AlencarBraga13/status/1624046919323361288
Jose Trade,@jatetimoteo12,https://twitter.com/jatetimoteo12/status/1624569800063127554,2023-02-12T00:43:18.000Z,Acabou com minha noite,0,0,0,https://twitter.com/AlencarBraga13/status/1624046919323361288
Whisnelly Sousa Sales,@whisnelly,https://twitter.com/whisnelly/status/1624178739096567810,2023-02-10T22:49:21.000Z,Esse seguranca precisa ser identificado e punido,0,0,0,https://twitter.com/AlencarBraga13/status/1624046919323361288
O Proletariado,@PecosG13,https://twitter.com/PecosG13/status/1624211621349363717,2023-02-11T01:00:01.000Z,@mpsp_oficial @silviolual @aniellefranco É revoltante isso ! 😡,0,0,0,https://twitter.com/AlencarBraga13/status/1624046919323361288
Maria Elza,@MariaElzadeAnd1,https://twitter.com/MariaElzadeAnd1/status/1624150114771038208,2023-02-10T20:55:37.000Z,Miserável!! Cada vez mais esses bandidos seguranças estão praticando esse tipo de violência. Tem que punir.,0,0,0,https://twitter.com/AlencarBraga13/status/1624046919323361288
"Célia,",@CeceuRegis,https://twitter.com/CeceuRegis/status/1624447293414940672,2023-02-11T16:36:30.000Z,Talvez tenha deixado lesões tem que fazer um raio X do crânio,0,0,0,https://twitter.com/AlencarBraga13/status/1624046919323361288
Luzia Helena de Souza,@LuziaHelenadeS6,https://twitter.com/LuziaHelenadeS6/status/1624214579587825666,2023-02-11T01:11:46.000Z,E vc ñ chamou a policia?Preferiu ficar gravando?Siceramente!,0,0,0,https://twitter.com/AlencarBraga13/status/1624046919323361288
Efatima,@Efatima9,https://twitter.com/Efatima9/status/1624347400985780226,2023-02-11T09:59:33.000Z,"A estupidez humana é a pior das barbárie... E com certeza essa falta de amor é para valorizar o que chama de ""bem"" material!",0,0,0,https://twitter.com/AlencarBraga13/status/1624046919323361288
O Piloto,@UniversoGigante,https://twitter.com/UniversoGigante/status/1624233156848021504,2023-02-11T02:25:36.000Z,Quero ver fazer isso com Roberto Jeferson,0,0,0,https://twitter.com/AlencarBraga13/status/1624046919323361288
Manuela,@manukat22,https://twitter.com/manukat22/status/1624341198763659264,2023-02-11T09:34:55.000Z,Meu Deus! Quais providências já foram tomadas??,0,0,0,https://twitter.com/AlencarBraga13/status/1624046919323361288
Rafael Alves,@Rafaelallvess,https://twitter.com/Rafaelallvess/status/1624279303457218560,2023-02-11T05:28:58.000Z,Cara lho vi ado maior bandão kkkkkk,0,0,0,https://twitter.com/AlencarBraga13/status/1624046919323361288
Manoel Rocha Duarte,@rochaduarte3604,https://twitter.com/rochaduarte3604/status/1624183296866263040,2023-02-10T23:07:28.000Z,Ele tem transtornos mentais e esqueceu de tomar o remédio. Essa vai ser a desculpa,0,0,0,https://twitter.com/AlencarBraga13/status/1624046919323361288
Maria Aparecida Alves,@MariaAp65989020,https://twitter.com/MariaAp65989020/status/1624234347845779456,2023-02-11T02:30:19.000Z,Que horror 😦😔😔😔,0,0,0,https://twitter.com/AlencarBraga13/status/1624046919323361288
Nivia,@NiviaLeonardo2,https://twitter.com/NiviaLeonardo2/status/1624112064288391186,2023-02-10T18:24:25.000Z,@77_frota veja isso que absurdo,0,0,2,https://twitter.com/AlencarBraga13/status/1624046919323361288
LalaGarcia,@lalarissa31,https://twitter.com/lalarissa31/status/1624153537511845890,2023-02-10T21:09:13.000Z,"Cada dia entro menos nas redes sociais e tb quase não vejo mais noticiários. Porque me faz muito mau,ver essas cenas lamentáveis que todos os dias veem acontecendo. 
Até quando vamos ver tantas cenas horríveis assim?
Isso dói na alma!",1,0,19,https://twitter.com/AlencarBraga13/status/1624046919323361288
Yhoseph2020,@LouizCMartins,https://twitter.com/LouizCMartins/status/1624102372099096585,2023-02-10T17:45:54.000Z,Fico imaginando o que acontece qdo não há filmagem. Deve haver até assassinatos.,0,0,13,https://twitter.com/AlencarBraga13/status/1624046919323361288
Lino C. L. Neto,@LinoCLNeto,https://twitter.com/LinoCLNeto/status/1624084464799305728,2023-02-10T16:34:45.000Z,"Covarde, mil vezes covarde!",0,0,27,https://twitter.com/AlencarBraga13/status/1624046919323361288
Elismara Brito,@brito_elismara,https://twitter.com/brito_elismara/status/1624181591470637060,2023-02-10T23:00:41.000Z,"É  mais um empresário entrando para minha avaliação no Google 
Com esse tipo de funcionário nota 0
APOROFOBIA",0,0,2,https://twitter.com/AlencarBraga13/status/1624046919323361288
#DemocracíaJá,@bia_peppe,https://twitter.com/bia_peppe/status/1624048276272996354,2023-02-10T14:10:57.000Z,😪😪😪,0,0,4,https://twitter.com/AlencarBraga13/status/1624046919323361288
Vagner Santista,@Vagner86989263,https://twitter.com/Vagner86989263/status/1624410988056281088,2023-02-11T14:12:14.000Z,"Quanto tempo vai levar para aparecer um “cidadão de bem”, pra dizer “tem que ver qual foi o contexto da agressão”.",0,0,3,https://twitter.com/AlencarBraga13/status/1624046919323361288
Честь принадлежит душе,@chwilfrydig1,https://twitter.com/chwilfrydig1/status/1624087370910904325,2023-02-10T16:46:17.000Z,"Isso é o Capitão do Mato...

O pobre, morador da periferia, que se sente empoderado  após conseguir um emprego de segurança

Em troca de mísero dinheiro, o Capitão do Mato se acha superior e passa a agredir - e até matar - seus iguais para agradar o patrão (que se lixa pra ele)",7,11,277,https://twitter.com/AlencarBraga13/status/1624046919323361288
Rodolpho leal,@rodolxleal,https://twitter.com/rodolxleal/status/1624147550625271821,2023-02-10T20:45:25.000Z,Até que ponto chegamos uma situação dessa.. A humanidade é a coisa mais podre que existe na fase da terra.,0,0,13,https://twitter.com/AlencarBraga13/status/1624046919323361288
milton maria,@miltinhomaria,https://twitter.com/miltinhomaria/status/1624194427253149697,2023-02-10T23:51:42.000Z,esse golpe de dar rasteira é típico de policiais... não me surpreenderia se os seguranças forem policiais fazendo bico de seguranças...,0,0,25,https://twitter.com/AlencarBraga13/status/1624046919323361288
Digo Nascimento,@rodrigopn1982,https://twitter.com/rodrigopn1982/status/1624379349544624128,2023-02-11T12:06:31.000Z,Qual a necessidade disso? É caso atrás de caso e esses caras NÃO APRENDEM!,0,0,1,https://twitter.com/AlencarBraga13/status/1624046919323361288
Paulo Belotti,@paulobelotti81,https://twitter.com/paulobelotti81/status/1632216998703771650,2023-03-05T03:10:32.000Z,O Sr está prestando ajuda a ela?,0,0,0,https://twitter.com/AlencarBraga13/status/1624046919323361288
Rosilda Damascena,@RosildaDamasce5,https://twitter.com/RosildaDamasce5/status/1624847296738340864,2023-02-12T19:05:58.000Z,"Bandidos, infelizmente os tipos segurança, eles são tipo marginal, sem nenhum tipo de respeito. São agressores, invés de segurança.",0,0,0,https://twitter.com/AlencarBraga13/status/1624046919323361288
Fernando Aragão,@fasaragao,https://twitter.com/fasaragao/status/1624785530138271748,2023-02-12T15:00:32.000Z,@aniellefranco @JanjaLula @silviolual @FlavioDino @LulaOficial,0,0,0,https://twitter.com/AlencarBraga13/status/1624046919323361288
Nilsa Sousa,@NilsaSousa4,https://twitter.com/NilsaSousa4/status/1625818116293787648,2023-02-15T11:23:39.000Z,Se ela tivesse quebrado o pescoço?,0,0,0,https://twitter.com/AlencarBraga13/status/1624046919323361288
Jefferson Jader Carvalho,@jeffersonjadder,https://twitter.com/jeffersonjadder/status/1624786012630052865,2023-02-12T15:02:27.000Z,"Eu não sei o que passa na cabeça desses seguranças pra ter tanata valentia assim, outro dia vi um de um condomínio ameaçando de agredir um motoboy, eles se esquecem que são apenas funcionários, amanhã ou depois podem estar no olho da rua, e ficarem com essa mancha na consciência.",0,0,0,https://twitter.com/AlencarBraga13/status/1624046919323361288
João,@JooBarrosoCava1,https://twitter.com/JooBarrosoCava1/status/1624807371296874496,2023-02-12T16:27:19.000Z,"Agressão covarde, um homem de 2m e aproximadamente 100Kg aprendido uma mulher que deve pesar uns 30Kg, pra mídia parece que só a demissão deles já foi justiça suficiente, teriam que responder criminalmente por isso.",0,0,0,https://twitter.com/AlencarBraga13/status/1624046919323361288
IZABEL CARVALHO LEITE LEITE,@IZABELC97106193,https://twitter.com/IZABELC97106193/status/1625317322033430530,2023-02-14T02:13:41.000Z,Que monstros são esses?,0,0,0,https://twitter.com/AlencarBraga13/status/1624046919323361288
Giacomina Clerici,@GiacominaCleri1,https://twitter.com/GiacominaCleri1/status/1625474636614971392,2023-02-14T12:38:47.000Z,Brutale e desumano. Teve coragem quem filmou,0,0,0,https://twitter.com/AlencarBraga13/status/1624046919323361288
Karla Marcolino,@Karlamarcolino,https://twitter.com/Karlamarcolino/status/1624404818595917824,2023-02-11T13:47:43.000Z,"Enquanto supermercados se safarem com a desculpinha da segurança terceirizada vai ser assim. A elite, no caso, os donos, têm que ser responsabilizados. Toda a cadeia de abuso deve ser punida.",0,0,1,https://twitter.com/AlencarBraga13/status/1624046919323361288
Raimundo Arouche,@AroucheRaimundo,https://twitter.com/AroucheRaimundo/status/1624388488207511552,2023-02-11T12:42:49.000Z,O supermercado precisa ser punido. A pessoa agredida deve ser indenizada.,0,0,0,https://twitter.com/AlencarBraga13/status/1624046919323361288
Ruan Marques,@RuanMar18152761,https://twitter.com/RuanMar18152761/status/1624385826523160576,2023-02-11T12:32:15.000Z,Nojo desses tipos…,0,0,0,https://twitter.com/AlencarBraga13/status/1624046919323361288
D’Delfino Poeta,@DelfinoCleo,https://twitter.com/DelfinoCleo/status/1624412249795198976,2023-02-11T14:17:15.000Z,"Difícil demais assistir tamanha brutalidade!
Dói o coração.🥹",0,0,0,https://twitter.com/AlencarBraga13/status/1624046919323361288
Mimy,@Mimy336138281,https://twitter.com/Mimy336138281/status/1624419995382960129,2023-02-11T14:48:01.000Z,Quais providências foram tomadas??,0,0,0,https://twitter.com/AlencarBraga13/status/1624046919323361288
NanaBatista,@NanaBatista16,https://twitter.com/NanaBatista16/status/1624450995357884423,2023-02-11T16:51:12.000Z,"Meu Deus.... organizações de direitos humanos?
Denunciem essa corja,gente! Meu deus!",0,0,0,https://twitter.com/AlencarBraga13/status/1624046919323361288
silva123,@Silva13Karla,https://twitter.com/Silva13Karla/status/1624456016833179648,2023-02-11T17:11:10.000Z,Revoltante 😡😡🤬,0,0,0,https://twitter.com/AlencarBraga13/status/1624046919323361288
Antonio Carlos Franciscon,@franciscon1961,https://twitter.com/franciscon1961/status/1624568807728586752,2023-02-12T00:39:21.000Z,Covarde,0,0,0,https://twitter.com/AlencarBraga13/status/1624046919323361288
Jacir Alves,@JacirAlves1,https://twitter.com/JacirAlves1/status/1624373713402568704,2023-02-11T11:44:07.000Z,É muita covardia 😠,0,0,0,https://twitter.com/AlencarBraga13/status/1624046919323361288
Inalda Henrique Pereira,@Inaldahenrique,https://twitter.com/Inaldahenrique/status/1624623251006652418,2023-02-12T04:15:41.000Z,Monstruoso!,0,0,0,https://twitter.com/AlencarBraga13/status/1624046919323361288
Vilma Ramos,@VilmaRa83902521,https://twitter.com/VilmaRa83902521/status/1624468187050901505,2023-02-11T17:59:31.000Z,Necessario identificar e punir severamente  agressor. Importante identificar o estabelecimento  comercial tb.,0,0,0,https://twitter.com/AlencarBraga13/status/1624046919323361288
Nelson Zillig,@ZilligNM,https://twitter.com/ZilligNM/status/1624402847981862912,2023-02-11T13:39:53.000Z,"São sempre os mesmos homens de família defensores dos bons costumes. E sempre a mesma nota de repúdio, lamentando o acontecimento quando flagrado!",0,1,0,https://twitter.com/AlencarBraga13/status/1624046919323361288
Simone Souza,@rosaruiva1,https://twitter.com/rosaruiva1/status/1624527961390030849,2023-02-11T21:57:02.000Z,Pra mim é o fim do mundo a pessoa ficar filmando e não ajudar a vítima.,0,0,1,https://twitter.com/AlencarBraga13/status/1624046919323361288
Ricardo #ForaBolsonaro,@serodio_ricardo,https://twitter.com/serodio_ricardo/status/1624204556862214144,2023-02-11T00:31:57.000Z,"Deputado, uma força superior (dêem o nome que quiser) protegeu essa mulher da morte quando bateu com o pescoço no chão. Uma ""banda"" dessas pode matar ou aleijar. É preciso botar esse marginal na cadeia. Tentativa de homicídio.",0,0,2,https://twitter.com/AlencarBraga13/status/1624046919323361288
Jorge Campelo,@JorgeCampelo56,https://twitter.com/JorgeCampelo56/status/1624439603548545026,2023-02-11T16:05:56.000Z,"Fico imaginando os casos graves que ocorrem longe do alcance das câmeras. Esse é o Brasil da truculência contra pobres, pretos, lgbt’s, sem teto…
Há quem passe pano pra tamanha vergonha.",0,0,1,https://twitter.com/AlencarBraga13/status/1624046919323361288
fabia,@fabia68471656,https://twitter.com/fabia68471656/status/1624144983413428235,2023-02-10T20:35:13.000Z,Meu Jesus quanta maldade com seu próximo 😪,0,0,2,https://twitter.com/AlencarBraga13/status/1624046919323361288
Josue Francisco,@JosueFr93657879,https://twitter.com/JosueFr93657879/status/1624091412189917191,2023-02-10T17:02:21.000Z,Tem que chamar a polícia,5,0,9,https://twitter.com/AlencarBraga13/status/1624046919323361288
LucianoPrado,@LucAlberto5,https://twitter.com/LucAlberto5/status/1624213590499643392,2023-02-11T01:07:51.000Z,"O Supermercado vai dizer que não concorda com essas práticas e que vai demitir o segurança. 
Não será o último caso.",1,0,6,https://twitter.com/AlencarBraga13/status/1624046919323361288
Silvana Monte,@SilvanaMonte6,https://twitter.com/SilvanaMonte6/status/1624426793674342401,2023-02-11T15:15:02.000Z,Ela poderia ter ficado tetaplegica com uma rasteira dessa.,0,0,1,https://twitter.com/AlencarBraga13/status/1624046919323361288
Saeco,@Saeco34810148,https://twitter.com/Saeco34810148/status/1624105417780363264,2023-02-10T17:58:00.000Z,"Olá Guarulhos, pode?",0,0,3,https://twitter.com/AlencarBraga13/status/1624046919323361288
Alê Marques,@oialemarques,https://twitter.com/oialemarques/status/1624178307259412480,2023-02-10T22:47:38.000Z,A violência contra a mulher existe e é mais frequente do que imaginamos,0,0,4,https://twitter.com/AlencarBraga13/status/1624046919323361288
Nelma Muniz,@NelmaMuniz27,https://twitter.com/NelmaMuniz27/status/1624165757369081863,2023-02-10T21:57:46.000Z,Meu Deus,0,0,0,https://twitter.com/AlencarBraga13/status/1624046919323361288
Padre Márcio Ramos,@pacem_et_bonum,https://twitter.com/pacem_et_bonum/status/1624214135058714726,2023-02-11T01:10:00.000Z,Meu Deus! Que animal!,0,0,0,https://twitter.com/AlencarBraga13/status/1624046919323361288
Lane Moura,@LaneMoura28,https://twitter.com/LaneMoura28/status/1624226135046234116,2023-02-11T01:57:41.000Z,Lamentável! Que tipo de povo está se transformando no Brasil? 😢,0,0,0,https://twitter.com/AlencarBraga13/status/1624046919323361288
Cyntia Maria,@CyntiaM361,https://twitter.com/CyntiaM361/status/1624229960922587138,2023-02-11T02:12:54.000Z,E o mundo dá voltas e como dá,0,0,0,https://twitter.com/AlencarBraga13/status/1624046919323361288
Eduardo Maia,@Eduardo78523703,https://twitter.com/Eduardo78523703/status/1624256901973217286,2023-02-11T03:59:57.000Z,Que cena horrível 😭,0,0,0,https://twitter.com/AlencarBraga13/status/1624046919323361288
Vander Gonhira,@gonhirav,https://twitter.com/gonhirav/status/1624258463046987776,2023-02-11T04:06:09.000Z,Eai oq vai acontecer? Agora !,0,0,0,https://twitter.com/AlencarBraga13/status/1624046919323361288
Amanda Máximo,@amandAcMaximo,https://twitter.com/amandAcMaximo/status/1624369140445085699,2023-02-11T11:25:57.000Z,"Ah, se fosse eu no carro. Já entrava com essa mulher no supermercado pra fazer compras.",0,0,0,https://twitter.com/AlencarBraga13/status/1624046919323361288
AnaRibeirocarioca,@ARibeir03113710,https://twitter.com/ARibeir03113710/status/1624457675177181184,2023-02-11T17:17:45.000Z,"Que horror, e provavelmente depois vai para o templo orar...mas o quem?",0,0,0,https://twitter.com/AlencarBraga13/status/1624046919323361288
robertoalmeidaperes,@roberto62271657,https://twitter.com/roberto62271657/status/1624183543873081344,2023-02-10T23:08:27.000Z,Vergonha mundial!!,0,0,0,https://twitter.com/AlencarBraga13/status/1624046919323361288
Edir Junior da costa,@EdirJuniordaco1,https://twitter.com/EdirJuniordaco1/status/1624187820553252865,2023-02-10T23:25:27.000Z,Covarde🤬🤬🤬🤬,0,0,0,https://twitter.com/AlencarBraga13/status/1624046919323361288
Edson Luiz Souza Felipe,@edsonluizfelipe,https://twitter.com/edsonluizfelipe/status/1624615653163270144,2023-02-12T03:45:30.000Z,Que horrível. Isto tem que ser apurado e investigado. Em que cidade ocorreu?,0,0,0,https://twitter.com/AlencarBraga13/status/1624046919323361288
TraquinaNE,@traquinadoNE,https://twitter.com/traquinadoNE/status/1624727942877044736,2023-02-12T11:11:42.000Z,"Meu Deus q absurdo. Q supermercado é este q permite ações criminosas como essa? Q horror!😱😭😭😭 Alguém ajude essa Sra, pelo amor de Deus.🙏🙏🙏",0,0,0,https://twitter.com/AlencarBraga13/status/1624046919323361288
HomemDePegada(66K),@HomemPegada,https://twitter.com/HomemPegada/status/1624092653242486785,2023-02-10T17:07:17.000Z,Kd que jesus ajuda?,0,0,1,https://twitter.com/AlencarBraga13/status/1624046919323361288
Leandro,@Leandro14901238,https://twitter.com/Leandro14901238/status/1624768449498034176,2023-02-12T13:52:39.000Z,"Pobre batendo em pobre pra defender dinheiro de rico 
O nível máximo de otarice",0,0,0,https://twitter.com/AlencarBraga13/status/1624046919323361288
Dani L,@caudaniL23,https://twitter.com/caudaniL23/status/1624258315805941760,2023-02-11T04:05:34.000Z,“Caso isolado”,0,0,1,https://twitter.com/AlencarBraga13/status/1624046919323361288
Fabio KGB,@FabioKGB_,https://twitter.com/FabioKGB_/status/1624622353119424514,2023-02-12T04:12:07.000Z,"VAMOS PROCESSAR E BOICOTAR MERCADOS QUE CONTRATAM MILICIANOS PARA SEGURANÇA, REPAREM QUE COMO A COMIDA ESTÁ FORA DO ALCANCE DO POBRE EXISTE MAIS MILICIANOS NO SETOR DE PREVENÇÃO DE PERDAS QUE CLIENTES NAS LOJAS...

QUAL É  A REDE DE MILICIANOS MAIS PRÓXIMA DE VOCÊS ???",0,0,0,https://twitter.com/AlencarBraga13/status/1624046919323361288
Rubia Raquel,@RubiaRaquel5,https://twitter.com/RubiaRaquel5/status/1624401805764329472,2023-02-11T13:35:45.000Z,Pq pra essa gente é tão fácil atacar outro ser humano assim? Que maldade é essa que não trata o outro com desprezo ou coisa?,0,0,1,https://twitter.com/AlencarBraga13/status/1624046919323361288
Profetista,@OutroSocialista,https://twitter.com/OutroSocialista/status/1624735382221819905,2023-02-12T11:41:15.000Z,Esse cara tem que ser colocado num presídio e lá informar que ele espancou uma mulher.,0,0,0,https://twitter.com/AlencarBraga13/status/1624046919323361288
Apertei 13,@thifrancoso,https://twitter.com/thifrancoso/status/1624191733440315392,2023-02-10T23:40:59.000Z,Vejo isso como tentativa de homicídio,0,0,1,https://twitter.com/AlencarBraga13/status/1624046919323361288
Rui Suttil,@ruisuttil,https://twitter.com/ruisuttil/status/1624159395599814657,2023-02-10T21:32:29.000Z,Sabe por quê? Porque não vai preso. Qual o nome desse sem vergonha?,0,0,1,https://twitter.com/AlencarBraga13/status/1624046919323361288
Maria Rosária,@MariaRosria11,https://twitter.com/MariaRosria11/status/1624517718182440960,2023-02-11T21:16:20.000Z,"Meu Deus..
Cadeia neles.",0,0,0,https://twitter.com/AlencarBraga13/status/1624046919323361288
Felipe and Lucas,@FelipeandLucas1,https://twitter.com/FelipeandLucas1/status/1624361393880178694,2023-02-11T10:55:10.000Z,E ainda não prendeu esses bandidos,0,0,0,https://twitter.com/AlencarBraga13/status/1624046919323361288
uddo lar,@LarUddo,https://twitter.com/LarUddo/status/1624591814480080897,2023-02-12T02:10:46.000Z,"Fiquei com uma dó dos dois seguranças que são trabalhadores,tem família,tem estrutura familiar,sabe o certo do errado.
Vem uma que já tem antecedentes tem de levar surra mesmo ...
Quem não gostou que acolha na sua casa!",0,0,0,https://twitter.com/AlencarBraga13/status/1624046919323361288
misleide ribeiro,@misleideribeir3,https://twitter.com/misleideribeir3/status/1624408993199185920,2023-02-11T14:04:18.000Z,nao posso expressar minha opiniao,0,0,0,https://twitter.com/AlencarBraga13/status/1624046919323361288
Paulo Santos,@PauloSa69641806,https://twitter.com/PauloSa69641806/status/1624374022975660033,2023-02-11T11:45:21.000Z,Covarde,0,0,0,https://twitter.com/AlencarBraga13/status/1624046919323361288
manso79,@manso793,https://twitter.com/manso793/status/1624243900520009728,2023-02-11T03:08:17.000Z,Vamos fazer eles famosos,0,0,0,https://twitter.com/AlencarBraga13/status/1624046919323361288
SerraTalhada,@serratalhada,https://twitter.com/serratalhada/status/1624207839848812544,2023-02-11T00:44:59.000Z,Covarde...,0,0,0,https://twitter.com/AlencarBraga13/status/1624046919323361288
Jose Carlos Medeiros,@JcarlosMedeiro,https://twitter.com/JcarlosMedeiro/status/1624220387423780866,2023-02-11T01:34:51.000Z,Bandidos… agressão assim é crime….,0,0,0,https://twitter.com/AlencarBraga13/status/1624046919323361288
Jose Trade,@jatetimoteo12,https://twitter.com/jatetimoteo12/status/1624568507999330306,2023-02-12T00:38:09.000Z,"E necessário fazer esses caras pagarem por isso, o supermercado precisa revelar as endentidade desses animais",0,0,0,https://twitter.com/AlencarBraga13/status/1624046919323361288
Jose Trade,@jatetimoteo12,https://twitter.com/jatetimoteo12/status/1624569543552126977,2023-02-12T00:42:16.000Z,"Nem um cachorro de rua seria tolerado passar por isso, gente é uma senhora pelo vídeo, que tava só querendo matar a fome e no desespero fez a besteira de roubar comida, que nojo, raiva e desgosto de alguns ser humanos, sensibilidade zero.",0,0,0,https://twitter.com/AlencarBraga13/status/1624046919323361288
Marcia Ferreira,@MarciaF76442374,https://twitter.com/MarciaF76442374/status/1624639639460913152,2023-02-12T05:20:49.000Z,"Não são seguranças,nem trabalhadores. Assim como policiais que agem assim contra pessoas indefesas, são bandidos!",0,0,0,https://twitter.com/AlencarBraga13/status/1624046919323361288
carlos fontes,@carlosfontes4,https://twitter.com/carlosfontes4/status/1624440296888041473,2023-02-11T16:08:42.000Z,"""E quem tá filmou, porq não foi ajudar? Porq não chamou a polícia??"" Se vai ajudar, apanha junto ou leva um tiro! Se não filme a chama a polícia, capas da polícia chegar e bater ainda mais na mulher e acabar em nada! Graças ao vídeo alguma coisa foi feita, parem de falar asneira!",2,0,7,https://twitter.com/AlencarBraga13/status/1624046919323361288
Chica César,@ThomasZerika,https://twitter.com/ThomasZerika/status/1624165611445051402,2023-02-10T21:57:11.000Z,"Meu deus do céu, estou destruída com essas imagens. Não podem sair impunes, meu deus do céu, que desgraçados",1,0,5,https://twitter.com/AlencarBraga13/status/1624046919323361288
clara,@miamorviajero,https://twitter.com/miamorviajero/status/1624387920919506949,2023-02-11T12:40:34.000Z,Aqui em Porto Alegre os seguranças da rede carrefour fazem isso com quase todas as pessoas em situação de rua. E nada acontece...,0,1,0,https://twitter.com/AlencarBraga13/status/1624046919323361288
chocolate e bacon,@Michael_NNO,https://twitter.com/Michael_NNO/status/1624867006729125892,2023-02-12T20:24:17.000Z,"Sabe q não vai dar em nada, guarulhos só sabe recolher as barracas e pertences dos moradores de rua e limpar as praças. Guarulhos está abandonada à anos",0,0,0,https://twitter.com/AlencarBraga13/status/1624046919323361288
Ladrilhos,@Ladrilhos77,https://twitter.com/Ladrilhos77/status/1624146388022923270,2023-02-10T20:40:48.000Z,@brasil247 @pco29reserva,0,0,1,https://twitter.com/AlencarBraga13/status/1624046919323361288
Célia Sousa,@CliaViei1,https://twitter.com/CliaViei1/status/1624569647394705409,2023-02-12T00:42:41.000Z,Que absurdo...,0,0,0,https://twitter.com/AlencarBraga13/status/1624046919323361288
Maria Izabel Lima,@LimaMbellima,https://twitter.com/LimaMbellima/status/1624147476281233411,2023-02-10T20:45:08.000Z,Que selvageria !,0,0,1,https://twitter.com/AlencarBraga13/status/1624046919323361288
Lindomar Cagão,@lindomarcagao_,https://twitter.com/lindomarcagao_/status/1624206527195238403,2023-02-11T00:39:47.000Z,"Tomou um rapa só pra ficar ligeira!
Ele é o Joselito sem Noção KKKKKKKKKKKKKKKKKKKKKKK",1,0,0,https://twitter.com/AlencarBraga13/status/1624046919323361288
Adriano Moreira,@aammoreira75,https://twitter.com/aammoreira75/status/1624197064388231168,2023-02-11T00:02:10.000Z,Que fila da…:,0,0,0,https://twitter.com/AlencarBraga13/status/1624046919323361288
TONI ISPERLING,@IsperlingToni,https://twitter.com/IsperlingToni/status/1624382966821490689,2023-02-11T12:20:53.000Z,"Se a vítima não fosse pobre e moradora de rua, os autores já estariam presos.",0,0,0,https://twitter.com/AlencarBraga13/status/1624046919323361288
"Leco, o cão farejador",@leco_cao,https://twitter.com/leco_cao/status/1624144594702110720,2023-02-10T20:33:41.000Z,"Tnc… fod, essas m. 😤😢",0,0,0,https://twitter.com/AlencarBraga13/status/1624046919323361288
WALDIRENE SILVA,@WAlRS07,https://twitter.com/WAlRS07/status/1624465849317728258,2023-02-11T17:50:14.000Z,Tem que prender também esse cara de crachá que aparece antes da agressão provavelmente é o gerente ele fala alguma coisa e começa as agressões,0,0,0,https://twitter.com/AlencarBraga13/status/1624046919323361288
Ap.Ol,@marr_ol,https://twitter.com/marr_ol/status/1624458099695181824,2023-02-11T17:19:26.000Z,COVARDES    absurdo,0,0,0,https://twitter.com/AlencarBraga13/status/1624046919323361288
Carlos Alberto Duypr,@CarlosDuyprath,https://twitter.com/CarlosDuyprath/status/1624365419669647362,2023-02-11T11:11:09.000Z,Desgraçado😡😡😡,0,0,0,https://twitter.com/AlencarBraga13/status/1624046919323361288
coloradocoimbra,@coloradocoimbra,https://twitter.com/coloradocoimbra/status/1624230786844033026,2023-02-11T02:16:10.000Z,Covardes,0,0,0,https://twitter.com/AlencarBraga13/status/1624046919323361288
Rosilda Maria Sidronio Frazão,@RosildaFrazao,https://twitter.com/RosildaFrazao/status/1624149754954276880,2023-02-10T20:54:11.000Z,"Que horror,  meu Deus.",0,0,0,https://twitter.com/AlencarBraga13/status/1624046919323361288
Gil,@VelhoGilberto,https://twitter.com/VelhoGilberto/status/1624219104037990401,2023-02-11T01:29:45.000Z,Que horror.,0,0,0,https://twitter.com/AlencarBraga13/status/1624046919323361288
caelos,@caeelos,https://twitter.com/caeelos/status/1624391131252379648,2023-02-11T12:53:20.000Z,"Horror, horror.",0,0,0,https://twitter.com/AlencarBraga13/status/1624046919323361288
Matilde Matheus,@matilde_matheus,https://twitter.com/matilde_matheus/status/1624361736487796737,2023-02-11T10:56:31.000Z,Que horror!!!,0,0,0,https://twitter.com/AlencarBraga13/status/1624046919323361288
radio reality,@radiorealitybr,https://twitter.com/radiorealitybr/status/1624252220261662720,2023-02-11T03:41:21.000Z,Maldito covardão😡😡😡,0,0,0,https://twitter.com/AlencarBraga13/status/1624046919323361288
,@sergioluzcosta,https://twitter.com/sergioluzcosta/status/1624188432397357057,2023-02-10T23:27:52.000Z,"GRAVÍSSIMO!
Uma barbárie o que fizeram.
Merecem um belo de um processo judicial.",0,0,0,https://twitter.com/AlencarBraga13/status/1624046919323361288
Robinson Oliveira,@rjfors,https://twitter.com/rjfors/status/1624221451346755586,2023-02-11T01:39:05.000Z,@mpsp_oficial,0,0,0,https://twitter.com/AlencarBraga13/status/1624046919323361288
卄モれ尺工ＱUモ꧁crf1985꧂,@QCrf1985,https://twitter.com/QCrf1985/status/1624374029212688385,2023-02-11T11:45:22.000Z,O pior vídeo que vi recentemente. Esse cara aí cometendo essa agressão deve ser preso imediatamente  ! É um cov4rde sem sentimentos nenhum pela vida de outras pessoas.,0,0,0,https://twitter.com/AlencarBraga13/status/1624046919323361288
Eraldo Gomes de Barr,@barr_eraldo,https://twitter.com/barr_eraldo/status/1624414868337049610,2023-02-11T14:27:39.000Z,"Que as autoridades locais tomem providências e o supermercado apure a conduta do seu empregado ou terceirizado. Muita covardia, meu Deus😔",0,0,0,https://twitter.com/AlencarBraga13/status/1624046919323361288
Roberto A. Martins,@ramartins,https://twitter.com/ramartins/status/1624248573301780480,2023-02-11T03:26:51.000Z,Covarde,0,0,0,https://twitter.com/AlencarBraga13/status/1624046919323361288
Franco,@FRANCOTV14,https://twitter.com/FRANCOTV14/status/1624261054795550721,2023-02-11T04:16:27.000Z,Covardia do crl ! Lamenta o ocorrido ... só pq o casa veio a tona !,0,0,0,https://twitter.com/AlencarBraga13/status/1624046919323361288
R.Rodrigues,@negrutsprets,https://twitter.com/negrutsprets/status/1624223284916064257,2023-02-11T01:46:22.000Z,Jesus que covardia,0,0,0,https://twitter.com/AlencarBraga13/status/1624046919323361288
Marilia S. Espirito Santo,@MariliaSEspiri1,https://twitter.com/MariliaSEspiri1/status/1624430875231539200,2023-02-11T15:31:15.000Z,MUITO TRISTE! INADMISSÍVEL!! NENHUM MOTIVO JUSTIFICARIA ESSA AGRESSÃO!! PROVIDÊNCIAS PRECISAM SER TOMADAS!!,0,0,0,https://twitter.com/AlencarBraga13/status/1624046919323361288
Luciano16582,@Luciano16582,https://twitter.com/Luciano16582/status/1624222890265571331,2023-02-11T01:44:48.000Z,"Não são seguranças, mas leões-de-chácaras, paus-mandados, courinhos covardes e recalcados.",0,0,1,https://twitter.com/AlencarBraga13/status/1624046919323361288
Rita Campos,@Rita63Campos,https://twitter.com/Rita63Campos/status/1624168494626398210,2023-02-10T22:08:39.000Z,Graças a Deus todo mundo hoje tem um telefone pra filmar essa atrocidade! Cadeia neles,0,0,10,https://twitter.com/AlencarBraga13/status/1624046919323361288
Fernando,@Fernand89757713,https://twitter.com/Fernand89757713/status/1624240723020115969,2023-02-11T02:55:39.000Z,"Sou morador de Guarulhos e frequentador assíduo desse mercado. 
Fonte Nova - Guarulhos 
NUNCA MAIS!!!",0,1,3,https://twitter.com/AlencarBraga13/status/1624046919323361288
MaB,@MauroBr12681958,https://twitter.com/MauroBr12681958/status/1624500147664175105,2023-02-11T20:06:31.000Z,Tem que punir! simples assim!,0,0,0,https://twitter.com/AlencarBraga13/status/1624046919323361288
josi,@enaisojf,https://twitter.com/enaisojf/status/1624087363424071697,2023-02-10T16:46:16.000Z,"Caralho, que  ódio",0,0,3,https://twitter.com/AlencarBraga13/status/1624046919323361288
Sergio Brito,@sbcameraman,https://twitter.com/sbcameraman/status/1624088830872629253,2023-02-10T16:52:06.000Z,Capitães do Mato um sério problema a ser resolvido. Séculos de desconstrução mental e social.  Muitos Pretos são ensinados a não gostar de Pretos. E não venham falar que ele faria o mesmo com um mulher branca em situação de rua.,0,1,80,https://twitter.com/AlencarBraga13/status/1624046919323361288
Gustavo Vilela,@gustavovilela78,https://twitter.com/gustavovilela78/status/1624088579155668994,2023-02-10T16:51:06.000Z,@FlavioDino @silviolual 😒,0,0,3,https://twitter.com/AlencarBraga13/status/1624046919323361288
Jani valverdePetista e Lulista.,@JANI_VALVERD,https://twitter.com/JANI_VALVERD/status/1624219682059214849,2023-02-11T01:32:03.000Z,O supermercado já se pronunciou?!,2,2,12,https://twitter.com/AlencarBraga13/status/1624046919323361288
,@ADRIMONTANINI,https://twitter.com/ADRIMONTANINI/status/1624516104381923328,2023-02-11T21:09:55.000Z,"Violência desse mesmo jeito, em supermercados, ja aconteceram diversas vezes, aqui em Guarulhos e em todo o Brasil,qdo isso vai acabar????",0,0,0,https://twitter.com/AlencarBraga13/status/1624046919323361288
Luci,@Verenvi,https://twitter.com/Verenvi/status/1624149569599598592,2023-02-10T20:53:27.000Z,Que absurdo coitada meu Deus ela mancando ☹️ alguém que possa ajuda lá ?,0,0,4,https://twitter.com/AlencarBraga13/status/1624046919323361288
RC,@RenatoC3sar,https://twitter.com/RenatoC3sar/status/1624487342173048832,2023-02-11T19:15:38.000Z,"Que ódio que gente que age assim. É preciso identificar o segurança, o gerente da unidade e o dono. Processar os três e punir severamente. Isso não pode ficar impune.",0,0,0,https://twitter.com/AlencarBraga13/status/1624046919323361288
@paty,@paty,https://twitter.com/PPhcj/status/1624464343461928961,2023-02-11T17:44:15.000Z,MDS 😱😱😱 esse homem já deveria estar preso que violência contra uma pessoa tão http://debilitada.Um covarde.,0,0,0,https://twitter.com/AlencarBraga13/status/1624046919323361288
Diego Sousa,@DiegoSo41996646,https://twitter.com/DiegoSo41996646/status/1624451609018114056,2023-02-11T16:53:39.000Z,"Caramba desnecessrio essa ação,mano nenhuma condição d3 chamar um cara desse de profissional.",0,0,0,https://twitter.com/AlencarBraga13/status/1624046919323361288
Rafael Teixeira,@Rafael34297164,https://twitter.com/Rafael34297164/status/1624449446699311104,2023-02-11T16:45:03.000Z,E o que o senhor Dep vai fazer?,0,0,0,https://twitter.com/AlencarBraga13/status/1624046919323361288
Baré,@DilmaCAL,https://twitter.com/DilmaCAL/status/1624819199389343744,2023-02-12T17:14:19.000Z,Meu deus que absurdo 🥺que ódio 😡😡😡,0,0,0,https://twitter.com/AlencarBraga13/status/1624046919323361288
Fernando LINS DE LIMA,@FernandoLINSDE9,https://twitter.com/FernandoLINSDE9/status/1624920440186499074,2023-02-12T23:56:37.000Z,Vai ficar conhecido. 👊👍,0,0,0,https://twitter.com/AlencarBraga13/status/1624046919323361288
Rune,@Rune72848025,https://twitter.com/Rune72848025/status/1624191909567598592,2023-02-10T23:41:41.000Z,"Isso é porque não veem o que acontece no Barbosa, eles fazem isso de propósito é modos operandi a anos de TODOS os supermercados, o cara provavelmente vai ser demitido, mas as práticas vão continuar as mesmas, a própria gerência é conivente com a situação, isso não vai mudar.",0,1,7,https://twitter.com/AlencarBraga13/status/1624046919323361288
R. I.P.,@repensando2018,https://twitter.com/repensando2018/status/1624715271658213378,2023-02-12T10:21:21.000Z,Bairro Bom Clima !,0,0,0,https://twitter.com/AlencarBraga13/status/1624046919323361288
Lubisome do Arvoredo,@gansaocaru,https://twitter.com/gansaocaru/status/1624580679278231553,2023-02-12T01:26:31.000Z,No mínimo é um bota fazendo bico,0,0,0,https://twitter.com/AlencarBraga13/status/1624046919323361288
Elion França,@FrancaElion,https://twitter.com/FrancaElion/status/1624171441422798852,2023-02-10T22:20:21.000Z,Violência fruto do homem  violento  o q viola 1a Rh tem por homem ja cargo tem ser um tamanho e armas pra não homem poir sem valores e desastre onde todos são mais culpado q autor,0,0,2,https://twitter.com/AlencarBraga13/status/1624046919323361288
Portilho,@LauraPPortilho,https://twitter.com/LauraPPortilho/status/1624194497646043136,2023-02-10T23:51:58.000Z,"""Deus, Oh Deus, onde estás que não respondes!"" Como isso pode acontecer? Tem que ser identificado e punido.",0,0,0,https://twitter.com/AlencarBraga13/status/1624046919323361288
Luís Cláudio Santos,@lcsantoss055,https://twitter.com/lcsantoss055/status/1624158498320687105,2023-02-10T21:28:56.000Z,Covardia e desprezo pela vida de seu semelhante. Ainda deve dormir com a kbça tranquila no travesseiro 😢,0,0,0,https://twitter.com/AlencarBraga13/status/1624046919323361288
Apenas um Latino Americano,@americanlatinbr,https://twitter.com/americanlatinbr/status/1624255102918746112,2023-02-11T03:52:48.000Z,Cabe agora o ministro público entrar comum processo e fuder esse mercado.,0,0,0,https://twitter.com/AlencarBraga13/status/1624046919323361288
Bia Asevedo.,@Biasantosaseved,https://twitter.com/Biasantosaseved/status/1624371183016636417,2023-02-11T11:34:04.000Z,"Misericórdia, por pouco ela não quebra o pescoço, poderia morrer ou ficar deficiente.",0,0,0,https://twitter.com/AlencarBraga13/status/1624046919323361288
Marcy Mugnaini,@MarcyMug81,https://twitter.com/MarcyMug81/status/1624189572069351425,2023-02-10T23:32:24.000Z,"Além de filmar essa barbaridade, vc prestou alguma ajuda ?",0,0,0,https://twitter.com/AlencarBraga13/status/1624046919323361288
Gilson,@gilribeiro493,https://twitter.com/gilribeiro493/status/1624406799326535680,2023-02-11T13:55:35.000Z,@AttuchLeonardo @delucca,0,0,0,https://twitter.com/AlencarBraga13/status/1624046919323361288
EVOLUÇÃO E CONSTRUÇÃO,@sined_evolu,https://twitter.com/sined_evolu/status/1624228004145528832,2023-02-11T02:05:07.000Z,Que absurdo sem tamanho!🤬,0,0,0,https://twitter.com/AlencarBraga13/status/1624046919323361288
Alysson Carvalho,@alyssonvidmaker,https://twitter.com/alyssonvidmaker/status/1624165837723557903,2023-02-10T21:58:05.000Z,Boicote ao mercado!!!,0,0,0,https://twitter.com/AlencarBraga13/status/1624046919323361288
betty,@scosta2,https://twitter.com/scosta2/status/1624206473025789952,2023-02-11T00:39:34.000Z,"e quem defende essas pessoas , ninguém, apenas uma nota de repudio? e não há ninguém por ela para pedir justiça. Deus amado ! è o fim da humanidade",0,0,0,https://twitter.com/AlencarBraga13/status/1624046919323361288
Jo Rausch,@JoRausch2,https://twitter.com/JoRausch2/status/1624360894904864772,2023-02-11T10:53:11.000Z,Por que a pessoa que filmou não foi ajudar?,0,0,0,https://twitter.com/AlencarBraga13/status/1624046919323361288
Julia,@esquerda_crista,https://twitter.com/esquerda_crista/status/1624431509301088256,2023-02-11T15:33:46.000Z,Monstro!!!!,0,0,0,https://twitter.com/AlencarBraga13/status/1624046919323361288
Cali,@CaliRegis,https://twitter.com/CaliRegis/status/1624441309950795778,2023-02-11T16:12:43.000Z,É por isso que eu acho que o meteoro vai vir.,0,0,0,https://twitter.com/AlencarBraga13/status/1624046919323361288
Daniel Barbosa,@dleian,https://twitter.com/dleian/status/1624143597393088547,2023-02-10T20:29:43.000Z,Parabéns para quem filmou. Quero ver o valentão dizer que não foi ele,0,4,47,https://twitter.com/AlencarBraga13/status/1624046919323361288
LM,@Alan50980226,https://twitter.com/Alan50980226/status/1624192913063178241,2023-02-10T23:45:41.000Z,Covardia 😡😤😤,0,0,1,https://twitter.com/AlencarBraga13/status/1624046919323361288
Leni Lena,@LenaLen41544740,https://twitter.com/LenaLen41544740/status/1624235420199313409,2023-02-11T02:34:35.000Z,É muito ódio e covardia .,0,0,1,https://twitter.com/AlencarBraga13/status/1624046919323361288
hugo alessi,@hugoalessy,https://twitter.com/hugoalessy/status/1624391992988823554,2023-02-11T12:56:45.000Z,"SUPERMERCADO FONTE NOVA, EM GUARULHOS. Não conheço. Ainda bem que não existe em minha região.",0,1,2,https://twitter.com/AlencarBraga13/status/1624046919323361288
Marisa victorio da silva,@victorio_marisa,https://twitter.com/victorio_marisa/status/1624062505801621504,2023-02-10T15:07:29.000Z,"#violencia 👩  #denuncia 👮‍♂️👮‍♂️👮‍♂️ #guarulhos🙃 #mulher não!  agredida não! 🙃 #violenciacontramulher😵👩✔️Mulher em situação de rua é violentamente espancada por seguranças do supermercado Fonte Nova, no bairro Bom Clima, em Guarulhos.",0,0,1,https://twitter.com/AlencarBraga13/status/1624046919323361288
sagiotariano,@_sagiotariano_,https://twitter.com/_sagiotariano_/status/1624458301164470272,2023-02-11T17:20:14.000Z,muito macho mesmo esse segurança hein,0,0,0,https://twitter.com/AlencarBraga13/status/1624046919323361288
Mary • Sai da Frente,@marisacfs,https://twitter.com/marisacfs/status/1624150830831075330,2023-02-10T20:58:27.000Z,@RGottino @balancogeral @77_frota,0,1,1,https://twitter.com/AlencarBraga13/status/1624046919323361288
Floyd,@Dyunbia59,https://twitter.com/Dyunbia59/status/1624112908467568650,2023-02-10T18:27:46.000Z,"My City....

Pior q é geral ... Do Oiapoque ao Chuí ...",0,0,1,https://twitter.com/AlencarBraga13/status/1624046919323361288
Claudia Lula da Silva,@Claudia05710173,https://twitter.com/Claudia05710173/status/1624370993018929152,2023-02-11T11:33:18.000Z,Até quando iremos conviver com isso?,0,0,0,https://twitter.com/AlencarBraga13/status/1624046919323361288
Boto azul,@azul_boto,https://twitter.com/azul_boto/status/1624274272859430913,2023-02-11T05:08:58.000Z,"Provavelmente o valentão que passará a ser um em situação de rua. O dono manda, ele obedece, e se ferra.",0,0,0,https://twitter.com/AlencarBraga13/status/1624046919323361288
Sani Bonfim Duarte,@BonfimSani,https://twitter.com/BonfimSani/status/1624383950037692416,2023-02-11T12:24:47.000Z,Meu Deus!aonde vamos  parar  com tanta violência.,0,0,0,https://twitter.com/AlencarBraga13/status/1624046919323361288
anriso,@anriso2,https://twitter.com/anriso2/status/1624394136261369859,2023-02-11T13:05:16.000Z,"Independente se está em situação de rua, é uma mulher né, caramba o Brasil tem cada macho que só é macho com mulher.",0,0,0,https://twitter.com/AlencarBraga13/status/1624046919323361288
IviVendo,@IviVivendo,https://twitter.com/IviVivendo/status/1624429850780962816,2023-02-11T15:27:11.000Z,E chamaram a polícia ou só filmaram?,0,0,0,https://twitter.com/AlencarBraga13/status/1624046919323361288
Gra,@gracitte,https://twitter.com/gracitte/status/1624314018499375105,2023-02-11T07:46:54.000Z,"Que horror. O supermercado já disse que ""não tem nada a ver com isso"" e a empresa ""é terceirizada"".....?",0,0,0,https://twitter.com/AlencarBraga13/status/1624046919323361288
Quizita,@from50to20,https://twitter.com/from50to20/status/1624428824107556865,2023-02-11T15:23:06.000Z,"Só contratam animal p ser segurança de super mercado? Mata gnt, mata cachorro, agride mulher...",0,0,0,https://twitter.com/AlencarBraga13/status/1624046919323361288
HOT BOY XXL (150k),@Arbic20Erick,https://twitter.com/Arbic20Erick/status/1624364955586772993,2023-02-11T11:09:19.000Z,"Que absurdo, ela poderia ter morrido quebrando o pescoço covardeeeee😡😡😡😡😡😡😡😡😡😡😡😡😡😡😡😡😡😡😡😡😡",0,0,0,https://twitter.com/AlencarBraga13/status/1624046919323361288
Willimar,@williimar,https://twitter.com/williimar/status/1624388358884524033,2023-02-11T12:42:19.000Z,Que absurdo vey,0,0,0,https://twitter.com/AlencarBraga13/status/1624046919323361288
Catarina Troiano,@CatarinaTroian1,https://twitter.com/CatarinaTroian1/status/1624408447100899335,2023-02-11T14:02:08.000Z,Tem que prender o segurança e responsabilizar o mercado!,0,0,0,https://twitter.com/AlencarBraga13/status/1624046919323361288
