nome,usuario,idTweet,dataPublicacao,texto,replies,retweets,likes,tweetPai
Fabi,@fabieleoson,https://twitter.com/fabieleoson/status/1624081850653081600,2023-02-10T16:24:21.000Z,"O que não se altera é língua morta, o latim por exemplo. Porém, português é língua viva, normal se adaptar.",2,0,0,https://twitter.com/cabogilberto/status/1624037509847035907
werwesk@hotmail.com,werwesk@hotmail.com,https://twitter.com/Eduardo310165/status/1624409574320005126,2023-02-11T14:06:37.000Z,É uma vergonha,0,0,0,https://twitter.com/cabogilberto/status/1624037509847035907
James guia,@JamesAlfredx,https://twitter.com/JamesAlfredx/status/1624233626291372034,2023-02-11T02:27:27.000Z,Correto.,0,0,0,https://twitter.com/cabogilberto/status/1624037509847035907
R438,@L43827,https://twitter.com/L43827/status/1624112935504121857,2023-02-10T18:27:53.000Z,Que coisa desprezível,0,0,0,https://twitter.com/cabogilberto/status/1624037509847035907
Claudia Antunes,@ClaudiaCozzo,https://twitter.com/ClaudiaCozzo/status/1624151643917807616,2023-02-10T21:01:41.000Z,"As pessoas com Dislexia, principalmente as crianças em fase de alfabetização. O quê era difícil, ficará impossível. Mas, Artistas, Políticos e Ministros não precisam se preocupar, afinal seus filhos estudam em Escolas de primeiro mundo, não em Escolas públicas. 🇧🇷🇧🇷🇧🇷🙊🙉🙈💚💛",0,0,0,https://twitter.com/cabogilberto/status/1624037509847035907
Evaldo Lopes,@Lopeev72,https://twitter.com/Lopeev72/status/1624195530384461824,2023-02-10T23:56:05.000Z,"O Congresso, deve legislar, protejam a nossa já bastante combalida Língua Portuguesa.",0,0,0,https://twitter.com/cabogilberto/status/1624037509847035907
Waisman,@WabWaisman,https://twitter.com/WabWaisman/status/1624272128370409474,2023-02-11T05:00:27.000Z,@STF_oficial é especialista em fazer merdas.,0,0,0,https://twitter.com/cabogilberto/status/1624037509847035907
josefa natalice da s,@JosefaNatalice,https://twitter.com/JosefaNatalice/status/1624082333803458566,2023-02-10T16:26:17.000Z,😂😳😳,0,0,0,https://twitter.com/cabogilberto/status/1624037509847035907
karla Costa,@karlinha2505,https://twitter.com/karlinha2505/status/1624114957649313795,2023-02-10T18:35:55.000Z,"A pergunta que não quer calar: 
Para que serve o Congresso? 🤡@camaradeputados @SenadoFederal #STFNaoPodeLegislar",0,0,0,https://twitter.com/cabogilberto/status/1624037509847035907
Alucia,@ALuciaBG,https://twitter.com/ALuciaBG/status/1624122961031462921,2023-02-10T19:07:43.000Z,"Por causa desses retardados do STF, que esta geração está ficando deprimente, todos alienados e pq não dizer idiotas subjugados",0,0,0,https://twitter.com/cabogilberto/status/1624037509847035907
acelera Brasil,@acelera_b,https://twitter.com/acelera_b/status/1624092482148392961,2023-02-10T17:06:36.000Z,"Se não existe na ortografia brasileira, nem proibir deveria...........ridículo,  vergonha",0,0,0,https://twitter.com/cabogilberto/status/1624037509847035907
PariziAlfa01,@Alfa01Parizi,https://twitter.com/Alfa01Parizi/status/1624073062495780867,2023-02-10T15:49:26.000Z,"Ah o Judiciário!
Na pandemia, Estados e municípios têm poder de decidir o q quiser: o q fecha o q abre, quem pode ou não trabalhar.
Agora, os Estados não podem nem decidir seus próprios documentos...
Parabéns",0,0,1,https://twitter.com/cabogilberto/status/1624037509847035907
Clara Antunes,@clarahcantunes,https://twitter.com/clarahcantunes/status/1624091492426952711,2023-02-10T17:02:40.000Z,"STF VERGONHA DO BRASIL.
Se venderam a facção que tomou o país .
Estão aprovando só os interesses da quadrilha .",0,0,0,https://twitter.com/cabogilberto/status/1624037509847035907
