nome,usuario,idTweet,dataPublicacao,texto,replies,retweets,likes,tweetPai
Jeanete A M,@AdamekMendes,https://twitter.com/AdamekMendes/status/1624568731669086208,2023-02-12T00:39:03.000Z,"Foi lá passar vergonha!! A primeira dama se escondeu pra não ter que encontrar a janja...kkkkk....lulinha não recebeu o dindim esperado, primeira vez que não teve coletiva de imprensa num encontro com um chefe de Estado na casa Branca,  40 minutos o encontro...comédia!!",3,0,1,https://twitter.com/AlencarBraga13/status/1624535746169241600
José Erik,@joseerik344,https://twitter.com/joseerik344/status/1624543119197843463,2023-02-11T22:57:16.000Z,GRAVE,0,0,1,https://twitter.com/AlencarBraga13/status/1624535746169241600
Marcio de Deus,@MarciodeDeus6,https://twitter.com/MarciodeDeus6/status/1624722513417609216,2023-02-12T10:50:07.000Z,Mas levou a P particular,0,0,0,https://twitter.com/AlencarBraga13/status/1624535746169241600
Marisa victorio da silva,@victorio_marisa,https://twitter.com/victorio_marisa/status/1624542009598902275,2023-02-11T22:52:52.000Z,🛬 famílicia no avião - leva maquiador amigo da primeira dama - pastor da família - os filhos encostados e avião com 39kg daquilo.⬆️Olha o que o @LulaOficial não levou no avião pra viagem aos Estados Unidos 🇧🇷🤝🏼🇱🇷,1,0,0,https://twitter.com/AlencarBraga13/status/1624535746169241600
Sônia Scarnero,@SScarnero,https://twitter.com/SScarnero/status/1624815954927517710,2023-02-12T17:01:25.000Z,"Levar maquiador??????? Só neste Brazzzil! Gente brega, cafona, sem noção",0,0,0,https://twitter.com/AlencarBraga13/status/1624535746169241600
@maze.22,@maze.22,https://twitter.com/maze2216/status/1624740953079660546,2023-02-12T12:03:24.000Z,"Mas não levou a amiga dele a Rose Noronha em 27 voos, no avião presidencial,  sem que ela constasse da lista de passageiros?",0,0,0,https://twitter.com/AlencarBraga13/status/1624535746169241600
fabio eduardo,@fabioeduardo14,https://twitter.com/fabioeduardo14/status/1624549104616341505,2023-02-11T23:21:03.000Z,"kkkk nem vc foi convidado kkkkkk idiota como vc que não tem moral 
puxa saco não e convidado mais recebe ordem sem recusar",0,0,1,https://twitter.com/AlencarBraga13/status/1624535746169241600
Antonio claudio De paula,@Antonio20158788,https://twitter.com/Antonio20158788/status/1624539285931040768,2023-02-11T22:42:02.000Z,NÃO ESQUEÇAMOS QUE ISSO TAMBÉM FEZ PARTE DA BAGAGEM DA CRIATURA DO PORÃO .....,0,0,0,https://twitter.com/AlencarBraga13/status/1624535746169241600
Yasser Najjar,@YasserNajjar16,https://twitter.com/YasserNajjar16/status/1626228755701334019,2023-02-16T14:35:23.000Z,"Aham...
Basta ter levada a Janja",0,0,0,https://twitter.com/AlencarBraga13/status/1624535746169241600
luis junior,@Descondenado23,https://twitter.com/Descondenado23/status/1624740245638987776,2023-02-12T12:00:35.000Z,Quantas pessoas integram a comitiva? Quanto gastaram no cartão corporativo? Poderia esclarecer?,0,0,0,https://twitter.com/AlencarBraga13/status/1624535746169241600
O Brasil Feliz de Novo,@queninguemconta,https://twitter.com/queninguemconta/status/1624883369107501056,2023-02-12T21:29:18.000Z,Mais um,0,0,0,https://twitter.com/AlencarBraga13/status/1624535746169241600
Roncacci.,@Roncacci,https://twitter.com/Roncacci/status/1624867564085035011,2023-02-12T20:26:30.000Z,"O que o ex presidiário de Curitiba levou foi um grande fora, além de pagar o maior mico da história entre as relações entre o Brasil e os EUA. 
A reunião durou menos de 30 minutos. 
Sem nota conjunta 
Sem coletiva para a imprensa 
Sem acordos firmados
Nem a 1ª dama foi recebida",0,0,0,https://twitter.com/AlencarBraga13/status/1624535746169241600
Roncacci.,@Roncacci,https://twitter.com/Roncacci/status/1624871096716521473,2023-02-12T20:40:32.000Z,"O que o ex presidiário de Curitiba levou foi um grande fora, além de pagar o maior mico da história entre as relações entre o Brasil e os EUA. 
A reunião durou menos de 30 minutos. 
Sem nota conjunta 
Sem coletiva para a imprensa 
Sem acordos firmados
Nem a 1ª dama foi recebida",0,0,0,https://twitter.com/AlencarBraga13/status/1624535746169241600
Rosa Teixeira,@RosaTei59398526,https://twitter.com/RosaTei59398526/status/1624711150460862469,2023-02-12T10:04:58.000Z,"Vc é ingênuo?
Ou mal informado!
Ou ignorante mesmo?",0,0,0,https://twitter.com/AlencarBraga13/status/1624535746169241600
Kadmus Oliveira,@KadmusO,https://twitter.com/KadmusO/status/1624736617880494081,2023-02-12T11:46:10.000Z,O Senhor recebe para isso ?,0,0,0,https://twitter.com/AlencarBraga13/status/1624535746169241600
Rodrigo Durok,@rodrigodurok77,https://twitter.com/rodrigodurok77/status/1624872506841595906,2023-02-12T20:46:08.000Z,Vc é apenas um militante da extrema Esquerda caviar,0,0,0,https://twitter.com/AlencarBraga13/status/1624535746169241600
DIOGO,@itsdss21,https://twitter.com/itsdss21/status/1624839822316642305,2023-02-12T18:36:16.000Z,O lixo,0,0,0,https://twitter.com/AlencarBraga13/status/1624535746169241600
