nome,usuario,idTweet,dataPublicacao,texto,replies,retweets,likes,tweetPai
Dinha,@IldaAlvesIlda1,https://twitter.com/IldaAlvesIlda1/status/1624814842660921344,2023-02-12T16:57:00.000Z,Em 40 dias de governo já mostrou sua especialidade: Vetar projetos que beneficia necessitados. São Paulo fez uma péssima escolha. Agora é esperar 4 anos pra mudar isso.,1,0,3,https://twitter.com/AlencarBraga13/status/1624498510803398660
Flavio Moreira da Costa,@FlavioMoreirad9,https://twitter.com/FlavioMoreirad9/status/1624504216533204992,2023-02-11T20:22:41.000Z,Essa é a desgraça que deram são Paulo de presente pra ele.,3,0,2,https://twitter.com/AlencarBraga13/status/1624498510803398660
motorplayer do Fernando,@MotorplayerF,https://twitter.com/MotorplayerF/status/1624510151934738439,2023-02-11T20:46:16.000Z,"PARABÉNS AOS PAULISTAS.
ISSO O QUE DÁ VOTAR ERRADO.",1,0,0,https://twitter.com/AlencarBraga13/status/1624498510803398660
luiz rodrigues,@luizrodrigues6,https://twitter.com/luizrodrigues6/status/1624827871255568387,2023-02-12T17:48:47.000Z,Da pra ver que ele é totalmente despreparado para governar SP,3,0,0,https://twitter.com/AlencarBraga13/status/1624498510803398660
Dalva Gomes Antunes,@DalvaGomesAntu1,https://twitter.com/DalvaGomesAntu1/status/1624506214863319040,2023-02-11T20:30:38.000Z,"Vamos reverter sim!! Não podemos esperar igual ao BolsonaroGenocida, vamos gritar e reverter!!!",2,0,0,https://twitter.com/AlencarBraga13/status/1624498510803398660
Maria Aparecida Pereira Ribeiro ribeiro,@MariaAp18867822,https://twitter.com/MariaAp18867822/status/1625981840476540929,2023-02-15T22:14:14.000Z,Vc tem problema? JÁ começou o ataque? Vergonha!!,0,0,0,https://twitter.com/AlencarBraga13/status/1624498510803398660
Lilica Silva,@Lilicafarao,https://twitter.com/Lilicafarao/status/1625997501533720576,2023-02-15T23:16:28.000Z,Bla bla bla petralha,0,0,0,https://twitter.com/AlencarBraga13/status/1624498510803398660
Cesar Cury,@Cesar_Cury,https://twitter.com/Cesar_Cury/status/1624501453870997506,2023-02-11T20:11:43.000Z,"Desde a campanha Tarcísio demonstra não dominar os fundamentos de responsabilidade sociais.

Eleito, governa com planilhas, como se a administração pública tivesse a missão de cortar despesas e dar lucro.

Quando repercute mal, retrocede.

Um estranho no ninho, pra ser gentil.",0,0,1,https://twitter.com/AlencarBraga13/status/1624498510803398660
Henrique Mangabeira,@HenriqueBh1984,https://twitter.com/HenriqueBh1984/status/1625938489018667009,2023-02-15T19:21:58.000Z,"Está de sacanagem?
Antes de falar merda,pesquise.
Olha a história da Jornalista Larissa Carvalho da Globo com seu filho Théo, teve um problema na hora do parto e nunca irá andar ,nem ser uma criança como  outras.
Graças ao governo anterior tornou obrigatório o teste do pezinho",0,0,2,https://twitter.com/AlencarBraga13/status/1624498510803398660
Lord Zombeteiro,@LordZombeteiro,https://twitter.com/LordZombeteiro/status/1625943721328971793,2023-02-15T19:42:46.000Z,Deputado despreza nossa inteligência.,0,0,0,https://twitter.com/AlencarBraga13/status/1624498510803398660
Jairo Bandeira,@tim005beta,https://twitter.com/tim005beta/status/1625942644869238804,2023-02-15T19:38:29.000Z,"Vc tem uma fábrica de absorvente, deputado? Ou algum parente seu? Esses devem ser os principais indignados.",0,0,0,https://twitter.com/AlencarBraga13/status/1624498510803398660
ladybug,@ladybugpersiste,https://twitter.com/ladybugpersiste/status/1624506454009958400,2023-02-11T20:31:35.000Z,É o que dá eleger para governador uma pessoa despreparada.,0,0,0,https://twitter.com/AlencarBraga13/status/1624498510803398660
Esqueleto de Nikiti,@yemadgabiru,https://twitter.com/yemadgabiru/status/1625952981626589201,2023-02-15T20:19:34.000Z,"Parece que tem um carioca querendo sair do cargo, não concordam comigo amigos paulistas?#ForaTarsisioNaro",0,0,0,https://twitter.com/AlencarBraga13/status/1624498510803398660
bbb,@lixoaqui1,https://twitter.com/lixoaqui1/status/1624835337108262913,2023-02-12T18:18:27.000Z,Teu 👌,0,0,0,https://twitter.com/AlencarBraga13/status/1624498510803398660
Marisa victorio da silva,@victorio_marisa,https://twitter.com/victorio_marisa/status/1624503986844753921,2023-02-11T20:21:46.000Z,a distribuição de absorventes em São Paulo e também um programa educacional para autistas. Vamos pressionar para reverter isso!,1,0,0,https://twitter.com/AlencarBraga13/status/1624498510803398660
Marisa victorio da silva,@victorio_marisa,https://twitter.com/victorio_marisa/status/1624517867893927936,2023-02-11T21:16:56.000Z,Vetou 🤔🆘 Vamos pressionar para reverter 🤔🆘#mulheres 🆘Tarcísio Freitas é igual Bolsonaro 🤔 odeia mulheres 🤔 especialmente mulheres pobres+,1,0,0,https://twitter.com/AlencarBraga13/status/1624498510803398660
Zezinho do Copersucar,@zezincopersucar,https://twitter.com/zezincopersucar/status/1626005518803251200,2023-02-15T23:48:20.000Z,"pare de falar merda, deputado,  não coloque mentiras como o senhor está acostumado. Seja imparcial e fale verdades, o senhor ocupa cargo publico e fica feio um representante do povo mentir descaradamente.",0,0,1,https://twitter.com/AlencarBraga13/status/1624498510803398660
Só Paz,@Salvato01402993,https://twitter.com/Salvato01402993/status/1624777478865620996,2023-02-12T14:28:32.000Z,Kkkkkkkkkkk,0,0,0,https://twitter.com/AlencarBraga13/status/1624498510803398660
Maguilla Vlogs,@MaguillaVlogs,https://twitter.com/MaguillaVlogs/status/1625943440381865984,2023-02-15T19:41:39.000Z,Cala boca e faz melhor,0,0,0,https://twitter.com/AlencarBraga13/status/1624498510803398660
Wulf,@AlexMaculan,https://twitter.com/AlexMaculan/status/1625906897827115025,2023-02-15T17:16:26.000Z,"é isso? A pessoa faz um Veto e a conclusão é que odeia os que seriam beneficiados?

Essa discussão é mto rasa. Como é que as pessoas seguem outras com esse baixo nível de argumentação?",0,0,1,https://twitter.com/AlencarBraga13/status/1624498510803398660
Alexandre Machado,@AlexmcoeMachado,https://twitter.com/AlexmcoeMachado/status/1624848107174256640,2023-02-12T19:09:11.000Z,É uma gentinha Lamentável! 🙏🌎❤️🇧🇷👍🏻🚩,0,0,0,https://twitter.com/AlencarBraga13/status/1624498510803398660
Vai dar tudo certo,@Vaidartudocer11,https://twitter.com/Vaidartudocer11/status/1624763113697431560,2023-02-12T13:31:27.000Z,"Votei em Tarcísio e não me arrependo, votarei novamente se ele se candidatar hehehhehe 🇧🇷🇧🇷🇧🇷🇧🇷 avante São Paulo",3,0,5,https://twitter.com/AlencarBraga13/status/1624498510803398660
Fabiano Banin,@fbanin,https://twitter.com/fbanin/status/1625934578660564993,2023-02-15T19:06:26.000Z,"Deputado deveria ser mais bem informado, não?",0,0,0,https://twitter.com/AlencarBraga13/status/1624498510803398660
Zeque Pires,@PiresZeque,https://twitter.com/PiresZeque/status/1625928436043612168,2023-02-15T18:42:02.000Z,"Nenhuma novidade, infelizmente",0,0,2,https://twitter.com/AlencarBraga13/status/1624498510803398660
,@WenderJosOlive1,https://twitter.com/WenderJosOlive1/status/1625945391500824594,2023-02-15T19:49:24.000Z,Sai fora cara .....,0,0,0,https://twitter.com/AlencarBraga13/status/1624498510803398660
Owczarekdesa,@SaOwczarek,https://twitter.com/SaOwczarek/status/1626002765091598336,2023-02-15T23:37:23.000Z,"Hahahahahah, mulheres pobres são mulheres iguais a outras quaisquer e devem trabalhar pro seu sustento e sua higiene pessoal ! Essa benesse seria paga com o dinheiro do meu imposto.",0,0,0,https://twitter.com/AlencarBraga13/status/1624498510803398660
Robson Fernando de Souza ∞,@robfbms,https://twitter.com/robfbms/status/1624906447392845824,2023-02-12T23:01:01.000Z,"Não era um programa educacional pra autistas, mas sim tornar permanente a validade do laudo de autismo.",0,0,2,https://twitter.com/AlencarBraga13/status/1624498510803398660
Douglas Roberto,@Douglas73635135,https://twitter.com/Douglas73635135/status/1624498709659541504,2023-02-11T20:00:48.000Z,😛😊😛,0,0,0,https://twitter.com/AlencarBraga13/status/1624498510803398660
Margarete Andrade,@Margare43044898,https://twitter.com/Margare43044898/status/1625974655344410647,2023-02-15T21:45:41.000Z,"Até eu sou contra esse projeto dos absorventes, o povo inventa cada coisa pra lavar dinheiro e ainda tem gente que defende 🙄",1,0,0,https://twitter.com/AlencarBraga13/status/1624498510803398660
FGCAR_conta2,@Fgcar2,https://twitter.com/Fgcar2/status/1625939863508774912,2023-02-15T19:27:26.000Z,Cagando pela boca hein?? Quer aparecer? pendura uma melancia na cabeça!!!,0,0,0,https://twitter.com/AlencarBraga13/status/1624498510803398660
CoisasLegais,@EuQueroDemais,https://twitter.com/EuQueroDemais/status/1625922785116663808,2023-02-15T18:19:34.000Z,Sobre o Lula ter cancelado o programa de surdos ele mudos e a robótica das escolas vc tem algo a dizer?,0,0,0,https://twitter.com/AlencarBraga13/status/1624498510803398660
caiogonzaga,@gonzagacaio72,https://twitter.com/gonzagacaio72/status/1625927333503721472,2023-02-15T18:37:39.000Z,Toma no seu toba rapaz kkkk,0,0,0,https://twitter.com/AlencarBraga13/status/1624498510803398660
Renata Lindner,@recomecando22,https://twitter.com/recomecando22/status/1625904487884812288,2023-02-15T17:06:52.000Z,"Como vcs são imbecis e Hipócrita, o Haddad qdo era prefeito fez a mesma coisa e vcs falaram alguma coisa? Nadinha! Pois vcs são VERMES, pois vcs sabem muito bem que toda receita precisa de uma despesa.https://google.com/amp/s/www.opovo.com.br/noticias/politica/2021/10/10/amp/haddad-tambem-ja-vetou-projeto-de-distribuicao-gratuita-de-absorventes.html…",0,0,0,https://twitter.com/AlencarBraga13/status/1624498510803398660
ADJaqueira TV,@AdjaqueiraTv,https://twitter.com/AdjaqueiraTv/status/1625898734461628434,2023-02-15T16:44:00.000Z,EsqUerda DOENTE,0,0,1,https://twitter.com/AlencarBraga13/status/1624498510803398660
Henrique Mangabeira,@HenriqueBh1984,https://twitter.com/HenriqueBh1984/status/1625938821853458433,2023-02-15T19:23:18.000Z,"Pesquise ,depois defeque pela boca, a vida não é só fazer política...
O Filho do Marcos Mion ,autista,também teve benefícios com programas do governo anterior...
Pode ser contra a gestão,porém não jogue palavras sem ao menos saber do que se fala",0,0,0,https://twitter.com/AlencarBraga13/status/1624498510803398660
BethK,@BethK32279062,https://twitter.com/BethK32279062/status/1624515692664954891,2023-02-11T21:08:17.000Z,FORA TARCÍSIO BOZO II,1,0,1,https://twitter.com/AlencarBraga13/status/1624498510803398660
Francisco,@FrankMessore,https://twitter.com/FrankMessore/status/1624844842697195520,2023-02-12T18:56:13.000Z,"E mais, o Governador assumiu o erro publicamente sobre a declaração em relação às pessoas portadoras de TEA, e o Secretário de Saúde disse que irá reverter o veto.",0,0,0,https://twitter.com/AlencarBraga13/status/1624498510803398660
Marcio Sá,@SaS82155983,https://twitter.com/SaS82155983/status/1625904030567350274,2023-02-15T17:05:03.000Z,"Parabéns Tarcísio, essa facção criminosa da esquerda precisa aprovar projetos com responsabilidade.",0,0,1,https://twitter.com/AlencarBraga13/status/1624498510803398660
Marcio Sá,@SaS82155983,https://twitter.com/SaS82155983/status/1625904452518436865,2023-02-15T17:06:43.000Z,"A facção criminosa do PT fazem seus projetos sem mostrar de onde vem o dinheiro, e ainda pousa de defensor dos pobres. E ser muito mal caráter essa facção criminosa do PT",0,0,1,https://twitter.com/AlencarBraga13/status/1624498510803398660
Generais de Pantufas - @exercitooficial vergonha,Generais de Pantufas - @exercitooficial vergonha,https://twitter.com/destroitudo/status/1624847049299574784,2023-02-12T19:04:59.000Z,"@tarcisiogdf o próximo presidente do Brasil, se as urnas eletronicas deixarem",0,0,0,https://twitter.com/AlencarBraga13/status/1624498510803398660
Paulo Junior,@PajuniorJunior,https://twitter.com/PajuniorJunior/status/1625955457629028352,2023-02-15T20:29:24.000Z,Picanheiro do infernxo.,0,0,0,https://twitter.com/AlencarBraga13/status/1624498510803398660
WILSON COSTA E SILVA,@wilcostaesilva,https://twitter.com/wilcostaesilva/status/1624590871772467200,2023-02-12T02:07:01.000Z,O 'bolsonarismo' é um lixo que infesta o país nas pessoas que foram eleitas com o apoio do Presidente mais acanalhado que passou pela nossa República. Os 'chegados' (correligionários) não diferem em nada da pessoa desse inútil que deverá ser preso um dia.,0,0,0,https://twitter.com/AlencarBraga13/status/1624498510803398660
bi,@pqgrigori,https://twitter.com/pqgrigori/status/1624754314592890881,2023-02-12T12:56:29.000Z,"MENTIRA! Esse tweet é mentiroso e mau caráter, como você! 

Lixo",0,0,0,https://twitter.com/AlencarBraga13/status/1624498510803398660
wish,@Patrick_OM01,https://twitter.com/Patrick_OM01/status/1625926395468578851,2023-02-15T18:33:55.000Z,Ele deve ser casado com um homem pelo visto e ter filhos adotados,0,0,0,https://twitter.com/AlencarBraga13/status/1624498510803398660
Cesar Spadoni,@cesar_spadoni,https://twitter.com/cesar_spadoni/status/1624868490581614592,2023-02-12T20:30:11.000Z,"Vai ver quem fornece esses absorventes, deve ser de alguma empresa que tem sócios comunistas.
Quer absorventes???? Não tem condições financeiras para comprar??? Escreve se no AUXILIO BRASIL e comos R$ 600 vai no supermercado e compra.",0,0,1,https://twitter.com/AlencarBraga13/status/1624498510803398660
Marisa victorio da silva,@victorio_marisa,https://twitter.com/victorio_marisa/status/1624503570774085632,2023-02-11T20:20:07.000Z,#autistas Vetou -  programa educacional para autistas 🆘 #absorvente vetou a distribuição gratuita de absorventes 🆘                                 ✔️ Tarcísio Freitas age igual a Bolsonaro: odeia mulheres (especialmente mulheres pobres) e despreza autistas. Por isso vetou +,0,0,0,https://twitter.com/AlencarBraga13/status/1624498510803398660
