nome,usuario,idTweet,dataPublicacao,texto,replies,retweets,likes,tweetPai
Celso Gomes,@celsosa42011078,https://twitter.com/celsosa42011078/status/1624134910125514752,2023-02-10T19:55:12.000Z,"Sobre o atual senador, que tá na mesma lista do Ceciliano, algo a dizer, deputado?",1,0,0,https://twitter.com/cabogilberto/status/1624057652861890560
Agnaldo Morato Oficial,@amnaldomora,https://twitter.com/amnaldomora/status/1624182231513067527,2023-02-10T23:03:14.000Z,É um perfil perfeito para o desgoverno Lula.,0,0,0,https://twitter.com/cabogilberto/status/1624057652861890560
vitoria,@vitoria_vkm,https://twitter.com/vitoria_vkm/status/1624341241117700096,2023-02-11T09:35:05.000Z,Bem vindo ao Brasil 😔,0,0,0,https://twitter.com/cabogilberto/status/1624057652861890560
Gibson,@G0625,https://twitter.com/G0625/status/1624075275427319809,2023-02-10T15:58:14.000Z,Só bandidos,0,0,3,https://twitter.com/cabogilberto/status/1624057652861890560
josefa natalice da s,@JosefaNatalice,https://twitter.com/JosefaNatalice/status/1624080991600902151,2023-02-10T16:20:57.000Z,😢,0,0,0,https://twitter.com/cabogilberto/status/1624057652861890560
Pedro,@Pedro57245921,https://twitter.com/Pedro57245921/status/1624176885709012993,2023-02-10T22:41:59.000Z,Tudo o q está acontecendo tem o aval do 5TF!!!!,0,0,1,https://twitter.com/cabogilberto/status/1624057652861890560
Diovani Melo,@DiovaniMelo,https://twitter.com/DiovaniMelo/status/1624113317831667713,2023-02-10T18:29:24.000Z,Ninguém comenta isso.  Do o Flávio fez rachadinha na alerj. Hipocrisia,0,0,0,https://twitter.com/cabogilberto/status/1624057652861890560
Bolsogata4°conta,@Bolsogata4conta,https://twitter.com/Bolsogata4conta/status/1624096786817200129,2023-02-10T17:23:42.000Z,@FlavioBolsonaro,0,0,1,https://twitter.com/cabogilberto/status/1624057652861890560
