nome,usuario,idTweet,dataPublicacao,texto,replies,retweets,likes,tweetPai
ƁσƖѕσIcє,@IceSohei,https://twitter.com/IceSohei/status/1624623740633124864,2023-02-12T04:17:38.000Z,"A picanha está em transformação, agora será um suculento Bife de soja e se bobear pode virar um bife de gafanhoto.😂😂",1,2,6,https://twitter.com/andrefernm/status/1624397455742668801
т¡ค,@tttamaio,https://twitter.com/tttamaio/status/1624448153574309894,2023-02-11T16:39:55.000Z,"nunca mais vi o Lula chorando pela pobreza depois que ganhou eleição, a energia já está mais cara",0,0,1,https://twitter.com/andrefernm/status/1624397455742668801
Dilmar,@Dilmar59091139,https://twitter.com/Dilmar59091139/status/1624569335074242562,2023-02-12T00:41:27.000Z,"Enquanto isso os ""representantes""eleitos pela direita continuam nas redes sociais,enquanto a esquerda faz o que quer,bela oposição essa !",0,0,1,https://twitter.com/andrefernm/status/1624397455742668801
Bernardo Villemon,@Bernard28444113,https://twitter.com/Bernard28444113/status/1624498631335084033,2023-02-11T20:00:30.000Z,"Kkkk a inveja é uma merda , quero ver a Michelle Bolsonaro assumir uma posição dessas , nunca assumirá porque ela não tem capacidade .",0,0,3,https://twitter.com/andrefernm/status/1624397455742668801
maria odila segantin,@modilasegantin,https://twitter.com/modilasegantin/status/1624429594785767429,2023-02-11T15:26:10.000Z,CPI 8 jan URGENTE,0,0,1,https://twitter.com/andrefernm/status/1624397455742668801
Pier Paolo,@PierPasolinis,https://twitter.com/PierPasolinis/status/1624414384251457540,2023-02-11T14:25:44.000Z,"Gasolina 9? Kkkkkk

Vc tá pagando num esquema de superfaturamento?

Aqui no RN tá 4,99",0,0,7,https://twitter.com/andrefernm/status/1624397455742668801
Allan Bonfim,@allmic123,https://twitter.com/allmic123/status/1624398574246105089,2023-02-11T13:22:54.000Z,"Ano passado que a gasolina era 9 reais no Brasil inteiro, a lei Ruanet continuava a dar milhões para artistas, a tabela do imposto de renda continuava tem reajuste. E vc estava onde? Aplaudindo tudo isso.",14,2,32,https://twitter.com/andrefernm/status/1624397455742668801
SR° M¥@G¥ Brasil 22,SR° M¥@G¥,https://twitter.com/regimarformiga/status/1624397992743604224,2023-02-11T13:20:35.000Z,"Casaram com o kid bengala, agora tão com medinho da lua de mel.",0,0,1,https://twitter.com/andrefernm/status/1624397455742668801
FRANCO,@rsf0000_franco,https://twitter.com/rsf0000_franco/status/1624419488731897859,2023-02-11T14:46:01.000Z,Acha que Mentindo assim fará oposição? Direita bolsonarista é piada,0,0,1,https://twitter.com/andrefernm/status/1624397455742668801
ROGÉRIO NOVAIS,@NOVAISROGERIO,https://twitter.com/NOVAISROGERIO/status/1624441798008442882,2023-02-11T16:14:39.000Z,"Uma ajudinha de um picanheiro. Já que vc esqueceu, eu postei aí, o seu salário, (nada) nobre deputado. 
Só pra informação ficar completa, blz!",1,0,8,https://twitter.com/andrefernm/status/1624397455742668801
Mr Good Friend Friend,@MrGoodFriend10,https://twitter.com/MrGoodFriend10/status/1624427755805761537,2023-02-11T15:18:52.000Z,Foto mais cara do mundo.,0,1,8,https://twitter.com/andrefernm/status/1624397455742668801
Lilian Felix,@LilianFelixR,https://twitter.com/LilianFelixR/status/1624577501618925570,2023-02-12T01:13:54.000Z,Enquanto isso no Nordeste...,0,0,3,https://twitter.com/andrefernm/status/1624397455742668801
Nobre Junior sempre à esquerda!!!,@JRALVINEGRO,https://twitter.com/JRALVINEGRO/status/1624485069627719683,2023-02-11T19:06:36.000Z,Tá fumando Bosta de Gato ao invés de maconha. Só pode!!!,0,0,1,https://twitter.com/andrefernm/status/1624397455742668801
Maciano,@hector_ce,https://twitter.com/hector_ce/status/1624521354132299776,2023-02-11T21:30:47.000Z,"Fico muito sensibilizado com sua preocupações. Só não entendi onde estava ela no Governo anterior, que foi promessa de campanha atualizar tabela do IR. E sinceramente não vi sua manifestação sobre tal. Que tal um pouco de coerência.",0,0,2,https://twitter.com/andrefernm/status/1624397455742668801
Vladimir Castro,@Vladimir_CLT,https://twitter.com/Vladimir_CLT/status/1624438074959699969,2023-02-11T15:59:52.000Z,"Nobre deputado, a gasolina aqui no CE tá menos de 6. Carne já está com o preço mais baixo nos supermercados e frigoríficos. Tabela de IR deve ser atualizada, ao contrário dos anos anteriores, segundo o noticiario. A realidade, pelo menos aqui no nosso CE, é bem diferente dessa ae",3,0,6,https://twitter.com/andrefernm/status/1624397455742668801
Arrascaneta,@cancelonildo,https://twitter.com/cancelonildo/status/1624589060806258689,2023-02-12T01:59:50.000Z,E o cool depilado?,0,0,1,https://twitter.com/andrefernm/status/1624397455742668801
Arrascaneta,@cancelonildo,https://twitter.com/cancelonildo/status/1624589165424791553,2023-02-12T02:00:15.000Z,4.89 acabei de abastecer. Kkkkkkkkkk,0,0,1,https://twitter.com/andrefernm/status/1624397455742668801
Filipe Faria,@filipefaria2022,https://twitter.com/filipefaria2022/status/1624485521345900546,2023-02-11T19:08:24.000Z,"Tá, tudo bem. Mas gasolina a 9 reais o litro?? Aqui em Belo Horizonte tá em média 5/litro. Não exagera, se não aí tu perde a razão.",1,0,3,https://twitter.com/andrefernm/status/1624397455742668801
Victor,@Victor150310,https://twitter.com/Victor150310/status/1624532787578523648,2023-02-11T22:16:13.000Z,"Eu sonho todos os dias, que ainda PETISTA vem chorar do meu lado, reclamando do nine. Mas, até agora eu não vi nenhum sequer, reclamar. Não sei se é porque são soberbos. Mas que eles estão vendo o chicote estalar, disso eu não tenho dúvidas! 🤣",0,0,2,https://twitter.com/andrefernm/status/1624397455742668801
Augustomarques74,@Augusto80339748,https://twitter.com/Augusto80339748/status/1624490477197066240,2023-02-11T19:28:05.000Z,Comece colocando um projeto para diminuir os benefícios dos deputados.,0,0,1,https://twitter.com/andrefernm/status/1624397455742668801
Assunção,@Assuncaosbc,https://twitter.com/Assuncaosbc/status/1624518155400843268,2023-02-11T21:18:04.000Z,Bem assim...,0,0,0,https://twitter.com/andrefernm/status/1624397455742668801
CeniraBarradas,@DiasCenira,https://twitter.com/DiasCenira/status/1624422529568743424,2023-02-11T14:58:06.000Z,"Informe-se melhor.
Reveja falas.
Pesquise quem pagará o salário de Dilma.
O não saber te leva ao mundo das Fake News.
Péssimo ser deputado mal informado.",0,0,0,https://twitter.com/andrefernm/status/1624397455742668801
Marcelo Perdigão,@marceloperdigao,https://twitter.com/marceloperdigao/status/1624475642501758976,2023-02-11T18:29:09.000Z,"André, tem que denunciar as interrupções da transposição do Rio São Francisco. Tem que voltar aqui na nossa terra e ver in loco o que está acontecendo.",5,1,5,https://twitter.com/andrefernm/status/1624397455742668801
heliefelix,@heliefelix,https://twitter.com/heliefelix/status/1624727402545876992,2023-02-12T11:09:33.000Z,Faca que nem o bozo: 75 milhoes de cartao corporativo,0,0,0,https://twitter.com/andrefernm/status/1624397455742668801
livia littaely,@littaely,https://twitter.com/littaely/status/1624403503064965126,2023-02-11T13:42:29.000Z,"A Dilma podia ganhar 1 milhão, ela vai é trabalhar! Diferente de bolsonaro que Torrava 2 milhões em férias! E a picanha já baixou! 😊",1,0,0,https://twitter.com/andrefernm/status/1624397455742668801
evanguiberto,@evanguiberto,https://twitter.com/evanguiberto/status/1624442840653635584,2023-02-11T16:18:48.000Z,"vc reclamou do salário daquele ex ministro da educação no BIRD?
VAIRAPAOCU",0,0,0,https://twitter.com/andrefernm/status/1624397455742668801
Paulo Mélo PAMÉ,@PameMelo,https://twitter.com/PameMelo/status/1624749272968167426,2023-02-12T12:36:27.000Z,"Pros ""cumpaeiros"" pra nós pica...nha!",0,0,0,https://twitter.com/andrefernm/status/1624397455742668801
Sandra Sogo,@sandrasogo123,https://twitter.com/sandrasogo123/status/1624575533785747457,2023-02-12T01:06:05.000Z,Detalhe: não paga imposto a dilmanta,0,0,0,https://twitter.com/andrefernm/status/1624397455742668801
joice vier,@joicevier7,https://twitter.com/joicevier7/status/1624718414517268480,2023-02-12T10:33:50.000Z,#FORALULA,0,0,0,https://twitter.com/andrefernm/status/1624397455742668801
Jennifer Vieira,@Jennife00567614,https://twitter.com/Jennife00567614/status/1624397872388050944,2023-02-11T13:20:07.000Z,"Para ver o quanto eles enganam, o povo' e se favorecem. Somos marionetes dá riqueza deles.",0,0,0,https://twitter.com/andrefernm/status/1624397455742668801
Ricardo Costa,@ricardocostaTwi,https://twitter.com/ricardocostaTwi/status/1624721692919570432,2023-02-12T10:46:52.000Z,"""Gasolina 9 reais"" aí vc descredibilizou o restante das suas críticas deputado. Não precisa de Fake News pra atacar esse governo corruPTo.
 Dizendo isso sobre a gasolina, mostra que vc vive talvez fora da realidade!
 Cuidado hein, e se informa melhor, pelo amor de Deus 👍",0,1,1,https://twitter.com/andrefernm/status/1624397455742668801
Milton Passos,@MiltonPassos8,https://twitter.com/MiltonPassos8/status/1624441491538993153,2023-02-11T16:13:26.000Z,"Deputado, vai fundo na CPI 8/01 que o povo quer. Com relação ao dinheiro que já começaram a roubar, está sendo organizada a greve fiscal. 90 dias sem pagar impostos.DINHEIRO NA MAO DE LADRAO NÃO",0,0,1,https://twitter.com/andrefernm/status/1624397455742668801
Aloizio Veras,@aloizio_veras,https://twitter.com/aloizio_veras/status/1624430481902018560,2023-02-11T15:29:42.000Z,Esqueceu de falar do aumento para deputados e ministros do STF...,0,0,4,https://twitter.com/andrefernm/status/1624397455742668801
Pedro Marques,@marquesped,https://twitter.com/marquesped/status/1624405349372424193,2023-02-11T13:49:49.000Z,Coisa bem boa.,0,1,0,https://twitter.com/andrefernm/status/1624397455742668801
Democratas Brasil ,@24h_bastidores,https://twitter.com/24h_bastidores/status/1624398671633649668,2023-02-11T13:23:17.000Z,"Esse André uma piada mesmo. Contribuinte do imposto de renda desde 2017 pagando este valor (inclusive no Governo Bolsonaro) e a gasolina bateu R$ 11,00 ano passado e você não abriu o bico. Agora quer pagar de cobrador do Governo.",0,0,14,https://twitter.com/andrefernm/status/1624397455742668801
João Carlos Garcia,@JooCarl90014366,https://twitter.com/JooCarl90014366/status/1624405725316366336,2023-02-11T13:51:19.000Z,Caralho meu!! É só o que vocês todos fazem ao invés de tentar impedir isso?!,0,1,1,https://twitter.com/andrefernm/status/1624397455742668801
Gi,@GildaTeixeira7,https://twitter.com/GildaTeixeira7/status/1624445032433319937,2023-02-11T16:27:31.000Z,"Enqto os petistas esperam pela picanha, o ""pai dos pobres"" esbanja! Mas, e os 120 milhões de pessoas que a ministra Marina disse que estão passando fome no Brasil?!? 🤔🤡🤡",1,0,0,https://twitter.com/andrefernm/status/1624397455742668801
Jose Epifanio,@ChagasEpifanio,https://twitter.com/ChagasEpifanio/status/1624406355342680064,2023-02-11T13:53:49.000Z,"Raspacu passou 4 anos do Bozo calado com a tabela do IR, agora quer falar nisso. Deixa de hipocrisia! Quero ver a arrogância e a valentia depois que o Xandão te enquadrou! Tá até falando fino….",2,0,10,https://twitter.com/andrefernm/status/1624397455742668801
Pablo Mateus,@piadovaldo,https://twitter.com/piadovaldo/status/1624416352080474112,2023-02-11T14:33:33.000Z,O amor venceu 🤣,0,0,1,https://twitter.com/andrefernm/status/1624397455742668801
Wanderson,@Wanderson_limak,https://twitter.com/Wanderson_limak/status/1624739548524691456,2023-02-12T11:57:49.000Z,Faz curso de depilação e coloca a venda kkkk,0,0,2,https://twitter.com/andrefernm/status/1624397455742668801
Luca,@Luca_7l,https://twitter.com/Luca_7l/status/1624436021722054657,2023-02-11T15:51:42.000Z,"Justo, eles não vão colocar alguém competente.
Fato que isso ia acontecer, zero surpresa.",0,0,0,https://twitter.com/andrefernm/status/1624397455742668801
José Silvio Delatim,@DelatimJose,https://twitter.com/DelatimJose/status/1624759224268890113,2023-02-12T13:16:00.000Z,"O meu salário do INSS já veio esse mês com 56 reais a menos, ficou retido no I.R. LLLLLLLL",0,0,0,https://twitter.com/andrefernm/status/1624397455742668801
Iury Patrezy Monteiro,@IuryPatrezy,https://twitter.com/IuryPatrezy/status/1624556568510341121,2023-02-11T23:50:43.000Z,Brasillllllllllll,0,0,0,https://twitter.com/andrefernm/status/1624397455742668801
Fernando Silva,@Fernandorsilvaa,https://twitter.com/Fernandorsilvaa/status/1624543751858270208,2023-02-11T22:59:47.000Z,Faz o L cambada!,0,0,0,https://twitter.com/andrefernm/status/1624397455742668801
Vera Grippa,@GrippaVera,https://twitter.com/GrippaVera/status/1624438424114499588,2023-02-11T16:01:15.000Z,Agora que precisamos sair as ruas antes que o brasil  acabe,0,0,0,https://twitter.com/andrefernm/status/1624397455742668801
amirah kalil,@kalil_amirah,https://twitter.com/kalil_amirah/status/1626349225880522757,2023-02-16T22:34:06.000Z,"Sobre o salario de Dilma, o que aconteceu  com Weintraub qdo soube que ia ser preso msm? Pra mim é a msma coisa, com a diferença que Dilma não ta na mira da PF.",0,0,0,https://twitter.com/andrefernm/status/1624397455742668801
Francisco Pessoa,@ChicaoPessoa22,https://twitter.com/ChicaoPessoa22/status/1624514713739468803,2023-02-11T21:04:24.000Z,L,0,0,0,https://twitter.com/andrefernm/status/1624397455742668801
Jeanderson Macedo,@JeandersonMace3,https://twitter.com/JeandersonMace3/status/1624571962239451136,2023-02-12T00:51:53.000Z,LLLLLLLLLLLLLLLLLLLLLLLLLLLLLLLLLLLLLLLL,0,0,0,https://twitter.com/andrefernm/status/1624397455742668801
Lauro,@Laurobz,https://twitter.com/Laurobz/status/1624815300494368776,2023-02-12T16:58:49.000Z,9 mil por dia em uma padaria e tu achando normal...,0,0,0,https://twitter.com/andrefernm/status/1624397455742668801
André Brugger,@AndreBrugger,https://twitter.com/AndreBrugger/status/1624528260372520960,2023-02-11T21:58:14.000Z,#foralula,0,0,0,https://twitter.com/andrefernm/status/1624397455742668801
Sthywes,@sthywes,https://twitter.com/sthywes/status/1624404736219774979,2023-02-11T13:47:23.000Z,"Se a nossa ""direita"" Fosse como o fala fina e o contarato fazia quando Bolsonaro era Presidente, entrando no STF para qualquer coisa que o Presidente fazia ... Ele não governa!",1,0,0,https://twitter.com/andrefernm/status/1624397455742668801
marcelo carvalho,@marcelosiman,https://twitter.com/marcelosiman/status/1624406110403796992,2023-02-11T13:52:51.000Z,Vai rouba o banco do bricks com a assaltante treinada,0,1,1,https://twitter.com/andrefernm/status/1624397455742668801
Danillo,@DaniloM44370439,https://twitter.com/DaniloM44370439/status/1624563919929974796,2023-02-12T00:19:56.000Z,Vídeo do Loola falando dos otario picanheiros kkkkkk,0,0,1,https://twitter.com/andrefernm/status/1624397455742668801
𝑹𝒐𝒅𝒐𝒍𝒇𝒐 𝑫'𝑶𝒓𝒍𝒆𝒚,@rcsbrpt,https://twitter.com/rcsbrpt/status/1624399102623588352,2023-02-11T13:25:00.000Z,Muita PICA pra quem queria NHA é pouca! 🫠,0,0,1,https://twitter.com/andrefernm/status/1624397455742668801
Ally,@ladylestrange,https://twitter.com/ladylestrange/status/1625316973633589248,2023-02-14T02:12:18.000Z,"Grana da Lei Rouanet sai d empresa privada q patrocina e abate o valor no imposto d renda, n é dinheiro público e, a n ser q a empresa seja sua, isso n te afeta em nada então shiiu",0,0,1,https://twitter.com/andrefernm/status/1624397455742668801
André Anderson Soares,@Anderso00147062,https://twitter.com/Anderso00147062/status/1624437239831724032,2023-02-11T15:56:33.000Z,Raspa ku ... Só isso mesmo. Como o Ceará ele um cara que o maior feito foi raspar o caneco.,0,0,2,https://twitter.com/andrefernm/status/1624397455742668801
Carlos Teles,@CarlosT04147341,https://twitter.com/CarlosT04147341/status/1624410283430100993,2023-02-11T14:09:26.000Z,"Onde a gasolina tá 9,00?

Aqui em Palmas mesmo tá em média 5,50.

Com o resto, de acordo com as críticas!!!",0,0,3,https://twitter.com/andrefernm/status/1624397455742668801
Doesn't matter,@CensoredAccnt,https://twitter.com/CensoredAccnt/status/1624416605198249984,2023-02-11T14:34:33.000Z,O amor venceu,0,0,1,https://twitter.com/andrefernm/status/1624397455742668801
Xenomorphus,@Xenomorphus2,https://twitter.com/Xenomorphus2/status/1624443634425667588,2023-02-11T16:21:57.000Z,"Primeiro que gasolina ta abaixo de 5 em vários lugares, mas quando tava realmente 9 duvido que vc estava reclamando",0,0,2,https://twitter.com/andrefernm/status/1624397455742668801
Beto Jr. Rocha,@Beto_RochaJr,https://twitter.com/Beto_RochaJr/status/1624624254393221121,2023-02-12T04:19:40.000Z,"Faz o L..,",0,0,0,https://twitter.com/andrefernm/status/1624397455742668801
Hilma,@Hilma51526539,https://twitter.com/Hilma51526539/status/1624708016535703554,2023-02-12T09:52:31.000Z,Ainda lei Rouanet??!! 🤣🤣🤣🤣🤣Essa fixação é doença obsessiva!,0,0,0,https://twitter.com/andrefernm/status/1624397455742668801
José Junior Dias,@JoseJrDias03,https://twitter.com/JoseJrDias03/status/1624480149214208001,2023-02-11T18:47:03.000Z,"Bom, bota compensação, nisto,  para não chamar a cumpanhera para o governo!",0,0,0,https://twitter.com/andrefernm/status/1624397455742668801
BBzica,@Tomas55741202,https://twitter.com/Tomas55741202/status/1624517679338909698,2023-02-11T21:16:11.000Z,"C tava em coma,mané??",0,0,0,https://twitter.com/andrefernm/status/1624397455742668801
Cassie,@Cassie_Liana,https://twitter.com/Cassie_Liana/status/1625317980266455040,2023-02-14T02:16:18.000Z,"Graças a Deus tá piorando! Porque quando tava ""bom"" o povo brasileiro não podia comprar nem o litro de leite. Que passou a custar R$11.90, hoje paguei R$4.37, isso pq Lula só está no poder há 43 dias. Por isso fiz o L",0,0,0,https://twitter.com/andrefernm/status/1624397455742668801
Liv,@JulianadeAraj14,https://twitter.com/JulianadeAraj14/status/1624433006545977347,2023-02-11T15:39:43.000Z,Sei que não será fácil pra ninguém! Mas contamos com vcs pra nos ajudar a amenizar essas tragédias!,0,0,0,https://twitter.com/andrefernm/status/1624397455742668801
Abelardo Souza,@AbelardoSouza9,https://twitter.com/AbelardoSouza9/status/1624831391421669378,2023-02-12T18:02:46.000Z,Bobagem... Só FAZEOÉLE...KKK,0,0,0,https://twitter.com/andrefernm/status/1624397455742668801
betty,@scosta2,https://twitter.com/scosta2/status/1624585613293887490,2023-02-12T01:46:08.000Z,lamentável ainda ter gente que acredita nessas desinformações kkkk,0,0,0,https://twitter.com/andrefernm/status/1624397455742668801
betty,@scosta2,https://twitter.com/scosta2/status/1624585871952314369,2023-02-12T01:47:09.000Z,"tinha artista no governo bozoloide ganhando milhoes , sem lei rouanet . e pra quem acredita que a lei é dar dinheiro......vai estudar",0,0,0,https://twitter.com/andrefernm/status/1624397455742668801
sebastiao barros,@1_sebastiao,https://twitter.com/1_sebastiao/status/1624470817101807616,2023-02-11T18:09:58.000Z,Já foi pra 9 reais o litro da gasosa?,0,0,0,https://twitter.com/andrefernm/status/1624397455742668801
Ricarlo,@Ricarlo51937155,https://twitter.com/Ricarlo51937155/status/1624502194966855680,2023-02-11T20:14:39.000Z,"Todas as frases tem SOFISMAS. Não acreditem em quem apoia o bozonaro. Essa turminha do DEUS, PÁTRIA e FAMÍLIA não prestam.😡🤬👊👊",0,0,3,https://twitter.com/andrefernm/status/1624397455742668801
dino,@phantornie,https://twitter.com/phantornie/status/1624407393470644224,2023-02-11T13:57:57.000Z,E o teu salário deputado? Fala aí pra gente ?,0,0,1,https://twitter.com/andrefernm/status/1624397455742668801
Rui Mendes,@RuiMendes51,https://twitter.com/RuiMendes51/status/1624474333945991174,2023-02-11T18:23:57.000Z,dou 3 meses apenas para o país sucumbir,0,0,1,https://twitter.com/andrefernm/status/1624397455742668801
Silvia,@SilviaG28121590,https://twitter.com/SilviaG28121590/status/1624496619612737540,2023-02-11T19:52:30.000Z,Lula fascista.,0,0,1,https://twitter.com/andrefernm/status/1624397455742668801
Áurea M Barbosa,@ureaMBarbosa1,https://twitter.com/ureaMBarbosa1/status/1624765670159179777,2023-02-12T13:41:37.000Z,Saudades do projeto de ditador Nazista?,0,0,0,https://twitter.com/andrefernm/status/1624397455742668801
Karlinha Gorgônio,@KarlaPGorgonio,https://twitter.com/KarlaPGorgonio/status/1624699312327348226,2023-02-12T09:17:56.000Z,"Mas segundo o pai dos pobres, ele iria tirar o País da pobreza, e ainda tem débil metal que continua acreditando nesse papo de ladrão",0,0,0,https://twitter.com/andrefernm/status/1624397455742668801
Lipe,@Liipetingz,https://twitter.com/Liipetingz/status/1624620628396412928,2023-02-12T04:05:16.000Z,O seu filho de rampeira onde vc tava quando a gasolina tava nas alturas no governo Bolsonaro? Crie vergonha na sua cara e vire gente,0,0,0,https://twitter.com/andrefernm/status/1624397455742668801
Rafael Gonçalves,@RafaelG37085905,https://twitter.com/RafaelG37085905/status/1624400902776844288,2023-02-11T13:32:09.000Z,"Então deputado nós que votamos em Bolsonaro, esperamos que vcs deputados e senadores de direita façam de um tudo para evitar que piore... então peço trabalhem muito para barrar tudo que for possivel que esse 9 dedos bandido não prospere em suas ideoligias socialistas comunistas!",0,0,1,https://twitter.com/andrefernm/status/1624397455742668801
Francisco Augusto,@Francis87139765,https://twitter.com/Francis87139765/status/1625082012099911680,2023-02-13T10:38:38.000Z,"Seu canalha4, vc sabe q a culpa do imposto de renda q a culpa é do seu minto, e me fala a onde temos gasolina de 9 reais aqui no Ceará? Deixa de canalhas4, seu verme.",0,0,0,https://twitter.com/andrefernm/status/1624397455742668801
Francisco Augusto,@Francis87139765,https://twitter.com/Francis87139765/status/1625098961164857344,2023-02-13T11:45:59.000Z,"Ei mama ovo do bolsomerda4, eu te desafio tu manda uma postagem dos postos aqui do Ceará com esse valor de 9 reais.",0,0,0,https://twitter.com/andrefernm/status/1624397455742668801
José Carlos,@JoseB2022,https://twitter.com/JoseB2022/status/1624506038480166913,2023-02-11T20:29:56.000Z,"Vão fazendo o L , miserávi !!!",11,16,37,https://twitter.com/andrefernm/status/1624397455742668801
Alana,@AlanaLima87,https://twitter.com/AlanaLima87/status/1626265277791862786,2023-02-16T17:00:31.000Z,"Na minha cidade, o gasolina tá a 4 reais o litro👍🏻 e deixe de inventar mentiras, André... E sabia que era bem melhor quando o Sr. Estava no YouTube ensinando a como depilar o C*? Agora o Sr. Tá aí bostejando no twitter todo dia!",0,0,0,https://twitter.com/andrefernm/status/1624397455742668801
Assunção,@Assuncaosbc,https://twitter.com/Assuncaosbc/status/1624517250744037379,2023-02-11T21:14:29.000Z,"Será que algum débil mental irá acreditar nessa fake news?  Talvez sim, a direita radical é tóxica.",0,0,0,https://twitter.com/andrefernm/status/1624397455742668801
luciano oliveira 13,@lucianozenir,https://twitter.com/lucianozenir/status/1624442255858712576,2023-02-11T16:16:29.000Z,A Culpa é do BOZO deputado Raspa CU,0,0,0,https://twitter.com/andrefernm/status/1624397455742668801
Agostinho Ribeiro,@Agostinho5859,https://twitter.com/Agostinho5859/status/1624503974568030209,2023-02-11T20:21:44.000Z,cala-te seu foleirão de merda,0,0,0,https://twitter.com/andrefernm/status/1624397455742668801
JEFFERSON BORBA,@JEFFLBORBA,https://twitter.com/JEFFLBORBA/status/1624573663138787328,2023-02-12T00:58:39.000Z,FAZ O L CAMBADA DE VAGABUNDOS !!!,0,0,0,https://twitter.com/andrefernm/status/1624397455742668801
Carlos Henrique,@carloshsb51,https://twitter.com/carloshsb51/status/1624430610520440832,2023-02-11T15:30:12.000Z,"Lula, o que você veio fazer aqui nos Estados Unidos?

""Bolsonaro""

Lula, qual seu plano econômico?

""Bolsonaro""

Lula, e as relações com os Estados Unidos?

""Nunca me chamaram de mito""",0,0,0,https://twitter.com/andrefernm/status/1624397455742668801
Célia,@Clia85267802,https://twitter.com/Clia85267802/status/1624553451026882561,2023-02-11T23:38:20.000Z,Fazuelli fdps,0,0,0,https://twitter.com/andrefernm/status/1624397455742668801
Xavi Lima,@XaviLima5,https://twitter.com/XaviLima5/status/1624417142375424003,2023-02-11T14:36:41.000Z,"BRICS - foi indicada - , Rússia, Índia, China e África do Sul tem que aceitar.O atual presidente da instituição, Marcos Troyjo, que ganha esse valor, tem que denunciar. 
Outras indagações nada melhor que print",0,0,1,https://twitter.com/andrefernm/status/1624397455742668801
MADSON,@MADSON_2018,https://twitter.com/MADSON_2018/status/1624403715099709441,2023-02-11T13:43:20.000Z,Faz o L nordestinos jumentos 🤣,0,0,0,https://twitter.com/andrefernm/status/1624397455742668801
Poeta,@Poetamar73,https://twitter.com/Poetamar73/status/1624479684619649026,2023-02-11T18:45:12.000Z,"Mas tu és muito fdp, a tabela do IR vem do Satã que vc apoiou e apoia, gasolina no governo do Satã fujão chegou a 10 reias, a lei rouanet foi para evangélicos que apoiavam o fujão, sem falar de 872 milhões de reias que foi evangélicos desviados dos índios. Onde vc estava mesmo?",0,0,0,https://twitter.com/andrefernm/status/1624397455742668801
Cris,@Cris62070270,https://twitter.com/Cris62070270/status/1624399762253389829,2023-02-11T13:27:37.000Z,"Se a Dilma vai ganhar isto, quanto o ladrão ganhará?",0,0,1,https://twitter.com/andrefernm/status/1624397455742668801
Vânia Florim,@FlorimVania,https://twitter.com/FlorimVania/status/1624485938339491844,2023-02-11T19:10:03.000Z,"está dando dinheiro a quem apoiou e fez campanha pra ele. nenhuma surpresa o sem dedo falou que daria a Anta um lugar de destaque que ela merecia. A gente só fica assistindo tudo passivamente e não vejo nenhum parlamentar tomar providência só ficam nos seus perfis pedindo ""like""",0,0,1,https://twitter.com/andrefernm/status/1624397455742668801
Dirceu Aguiar,@dirceuaaguiar,https://twitter.com/dirceuaaguiar/status/1624737441226625025,2023-02-12T11:49:26.000Z,O tal do invejoso é foda. Vai falar que você não quer ganhar 290 pila por mês? Vai se fudê…,0,0,1,https://twitter.com/andrefernm/status/1624397455742668801
ليفي,@levi_de_souza,https://twitter.com/levi_de_souza/status/1624579917747834885,2023-02-12T01:23:30.000Z,Votei 13 pra ver GOLPISTA como você sangrando pelo cu,0,0,0,https://twitter.com/andrefernm/status/1624397455742668801
Matteo Montella,@GalloMontella,https://twitter.com/GalloMontella/status/1624433754176356352,2023-02-11T15:42:42.000Z,"Oi Picanheiro! Boralá tu trabalhar mais e melhor, assim tu terá condições de pagar os teus impostos em dia, pois há mais rouanetistas Cláudias Raias e esquerdistas Dilmas para tu custeá-las. Se doer demais em ti, faz o L que já já passará!#ForaPT.#ForaLula 🐙.#FazoL, idiota!",0,0,0,https://twitter.com/andrefernm/status/1624397455742668801
silvio clecio,@cleciomaceio,https://twitter.com/cleciomaceio/status/1624448387566149632,2023-02-11T16:40:51.000Z,Deixe de ser mal caráter...apesar que e normal de vcs. imposto e coa do bozoloide. Prometeu em.2018 nada fez nem a tabela atualizou...,0,0,0,https://twitter.com/andrefernm/status/1624397455742668801
AGILDO SILVA DOS SANTOS,@DosAgildo,https://twitter.com/DosAgildo/status/1624516396712448000,2023-02-11T21:11:05.000Z,Vc não é aquele carinha que ensina a depilar o Cú?,0,0,0,https://twitter.com/andrefernm/status/1624397455742668801
FazueLen .......,@DeniseHaroldo,https://twitter.com/DeniseHaroldo/status/1624545752650338306,2023-02-11T23:07:44.000Z,Para que tá feio mimizento!! Se aproveitando da inteligência limitada dos apoiadores com fake News sobre a lei Rouanet!!,0,0,0,https://twitter.com/andrefernm/status/1624397455742668801
Thiago Amorim,@thiagolbamorim,https://twitter.com/thiagolbamorim/status/1624657686867464192,2023-02-12T06:32:31.000Z,"E vc, raspa o c* .",0,0,0,https://twitter.com/andrefernm/status/1624397455742668801
PATRIOTARIO MILITAR,@Pedr0L0b0,https://twitter.com/Pedr0L0b0/status/1625912674314747930,2023-02-15T17:39:24.000Z,"CONSERVADOR, PÁTRIA E FAMILIA KKKKKKKKK KKKKKKKKK KKKKKKKKK KKKKKKKKK KKKKKKKKK KKKKKKKKK KKKKKKKKK KKKKKKKKK",0,0,0,https://twitter.com/andrefernm/status/1624397455742668801
Roger,@RaikeBrazil,https://twitter.com/RaikeBrazil/status/1625165526375845890,2023-02-13T16:10:30.000Z,"Mau carater, vc sabe muito bem qur falou merda",0,0,0,https://twitter.com/andrefernm/status/1624397455742668801
Henrique Magalhães,@sr_Araujo,https://twitter.com/sr_Araujo/status/1624569794212114432,2023-02-12T00:43:16.000Z,Quando o vagabundo do Bolsonaro não atualizou a tabela do IR durante o governo dele tu ficou caladinho feito o bom capacho de miliciano que é.,0,0,0,https://twitter.com/andrefernm/status/1624397455742668801
LUIZ IVAN MONTE,@LUIZIVANMONTE1,https://twitter.com/LUIZIVANMONTE1/status/1624589273058930688,2023-02-12T02:00:40.000Z,ANDRÉ RASPA CU SÓ ESCREVE E FALA MERDA...,0,0,0,https://twitter.com/andrefernm/status/1624397455742668801
Clerto Alves,@portalhistoria,https://twitter.com/portalhistoria/status/1624404438805880834,2023-02-11T13:46:12.000Z,"Qual a maior característica entre bolsonaristas? A MENTIRA!

O que mais assemelha os bolsonaristas? A MENTIRA!

O que mais une os bolsonaristas? 
A MENTIRA!

O que é o bolsonarismo? 
Uma MENTIRA! 

Quem são os bolsonaristas? MENTIROSOS! 

Quem é o pai da MENTIRA? 
Jair Bolsonaro!",0,0,0,https://twitter.com/andrefernm/status/1624397455742668801
dicionariodapolitica,@agvpontes,https://twitter.com/agvpontes/status/1624413158579351552,2023-02-11T14:20:51.000Z,"Alow @GayerGus e @nikolas_dm, só eu que estou vendo o Luladrao colocar a Djilma no Brics, morando na China exatamente no período até as eleições para prefeitos e vereadores? Vai vendo... @Zambelli2210O que podemos fazer? Dedo no. RT até chegar em quem precisa!",0,0,0,https://twitter.com/andrefernm/status/1624397455742668801
Claumari.,@Claud565637,https://twitter.com/Claud565637/status/1624443906749333504,2023-02-11T16:23:02.000Z,Tá preocupado?,0,0,0,https://twitter.com/andrefernm/status/1624397455742668801
Janny,@BolsaLucre,https://twitter.com/BolsaLucre/status/1624487876347002880,2023-02-11T19:17:45.000Z,ACABA DE EXPLODIR! FORTE NOTICIA! ERA ISSO QUE O POVO QUERIA! GENTE DIVULGUEM ISSO PFV! me arrepie vendo isso.,0,0,0,https://twitter.com/andrefernm/status/1624397455742668801
Curso de Barbeiro Online,@GodoiRodri,https://twitter.com/GodoiRodri/status/1625321252888973312,2023-02-14T02:29:18.000Z,Ainda bem que meu carro é elétrico e tenho Painel Solar. Com esse problema eu não lido.,0,0,0,https://twitter.com/andrefernm/status/1624397455742668801
Mauna Loa,@gamorimhot,https://twitter.com/gamorimhot/status/1624419867137826818,2023-02-11T14:47:31.000Z,Será???  Acho que não!,0,0,0,https://twitter.com/andrefernm/status/1624397455742668801
