nome,usuario,idTweet,dataPublicacao,texto,replies,retweets,likes,tweetPai
Lucia Castro,@LuciaCa75470039,https://twitter.com/LuciaCa75470039/status/1624193948238462977,2023-02-10T23:49:47.000Z,#PT43Anos,0,0,0,https://twitter.com/AlencarBraga13/status/1624188966659321856
A. Marques,@MarquesArnaldo,https://twitter.com/MarquesArnaldo/status/1624376274394267651,2023-02-11T11:54:17.000Z,Vai tomar um chá ???,0,0,0,https://twitter.com/AlencarBraga13/status/1624188966659321856
FCK NZTBolsonazista é a desgraça do país,@edinhobiribol,https://twitter.com/edinhobiribol/status/1624222023474982912,2023-02-11T01:41:21.000Z,"Agradeço minha mãe sempre, por ela ter me feito petista",0,0,0,https://twitter.com/AlencarBraga13/status/1624188966659321856
Marisa victorio da silva,@victorio_marisa,https://twitter.com/victorio_marisa/status/1624191499792523266,2023-02-10T23:40:04.000Z,"#PT43Anos 🎂🍰😀😍 ... mas a certeza de que estamos ao lado do povo, SEMPRE! ✔️43 anos de uma linda história de lutas. Com muitas vitórias, muitas derrotas, mas a certeza de que estamos ao lado do povo, SEMPRE!",0,0,0,https://twitter.com/AlencarBraga13/status/1624188966659321856
