nome,usuario,idTweet,dataPublicacao,texto,replies,retweets,likes,tweetPai
Ceiça Medeiros,@Ceissa_Med,https://twitter.com/Ceissa_Med/status/1625954727337857035,2023-02-15T20:26:30.000Z,👏👏👏👏,0,0,1,https://twitter.com/padilhando/status/1625938418734596096
Debora Milanezi,@debora_milanezi,https://twitter.com/debora_milanezi/status/1626243964276977665,2023-02-16T15:35:49.000Z,Narco turismo né? Que ousa mais bizarra !,0,0,0,https://twitter.com/padilhando/status/1625938418734596096
Roberto S Junior,@robertosjrsp,https://twitter.com/robertosjrsp/status/1626191111826862080,2023-02-16T12:05:48.000Z,"A sim, com uma segurança impecável para o turista Otário, kkkk",0,0,0,https://twitter.com/padilhando/status/1625938418734596096
José Erik,@joseerik344,https://twitter.com/joseerik344/status/1626007439404421120,2023-02-15T23:55:57.000Z,Fiz uma montagem bastante parecida,0,0,1,https://twitter.com/padilhando/status/1625938418734596096
BaliBahia,@BaliBahia1,https://twitter.com/BaliBahia1/status/1626219477288329218,2023-02-16T13:58:31.000Z,O Frouxo? Ah váááááááá!,0,0,0,https://twitter.com/padilhando/status/1625938418734596096
BrunoP,@Bruno0PS,https://twitter.com/Bruno0PS/status/1626040689334132736,2023-02-16T02:08:05.000Z,Turismo quem quer ir p rio toma tiro,0,0,0,https://twitter.com/padilhando/status/1625938418734596096
Rejane Maria Manika,@ManikaRejane,https://twitter.com/ManikaRejane/status/1626214157547716610,2023-02-16T13:37:23.000Z,??????? Uma logo vai dar uma imagem positiva!! como não pensei nisso!kkkkkkkkkkk,0,0,1,https://twitter.com/padilhando/status/1625938418734596096
Chris,@MariaCr66126082,https://twitter.com/MariaCr66126082/status/1625968920971673610,2023-02-15T21:22:54.000Z,Lindo 👏👏🤩🤩🤩🤩,0,0,3,https://twitter.com/padilhando/status/1625938418734596096
gildo baleiras,@gildobaleiras,https://twitter.com/gildobaleiras/status/1627255338993958913,2023-02-19T10:34:40.000Z,"Ou seja marketing apenas...
O turista europeu ou norte americano com a criminalidade aumentando não virá mesmo mas o brasileiro pagou para ser enganado com a imagem.positiva",0,0,0,https://twitter.com/padilhando/status/1625938418734596096
εδεσιοσουζαδεολιβειρα azul,@edesio30374020,https://twitter.com/edesio30374020/status/1626023454292975616,2023-02-16T00:59:36.000Z,Vixiii o turismo agora no Brasil será narcoturismo,0,0,0,https://twitter.com/padilhando/status/1625938418734596096
WAL,@WALHCH,https://twitter.com/WALHCH/status/1625941834605203457,2023-02-15T19:35:16.000Z,As passagens aéreas estão sufocando o turismo...,0,0,1,https://twitter.com/padilhando/status/1625938418734596096
Evaldo_PL,@EvaldoPl,https://twitter.com/EvaldoPl/status/1626255663935459329,2023-02-16T16:22:19.000Z,"@padilhando enquanto isso as superintendências dos Correios nos Estados seguem 100% bolsonarizadas, inclusive com participantes de atos antidemocráticos em cargos de chefia.",0,0,0,https://twitter.com/padilhando/status/1625938418734596096
Carlos Cesar de Oliveira Andrade,@CesarAndradeRS,https://twitter.com/CesarAndradeRS/status/1626273460635705345,2023-02-16T17:33:02.000Z,"Enquanto isso o ex presidiário descondenado falando mal do Brasil lá fora....a ministra do meio ambiente mentindo ao inventar números falsos sobre a fome no Brasil....o ministro da economia cometendo gafes lá fora.
E pra terminar o Freixo é presidente da Embratur.",0,0,0,https://twitter.com/padilhando/status/1625938418734596096
DAL,@daljesus1969,https://twitter.com/daljesus1969/status/1626293042826051588,2023-02-16T18:50:51.000Z,Roubaram o Cristo ou está cheio de maconha e cocaína! @MarceloFreixo  o amigo de traficantes e de milicianos que agora já sabemos!!! Vai cair #LulaVaiCair #lulavaiquebraroBrasil,0,0,0,https://twitter.com/padilhando/status/1625938418734596096
Jotta Ramos SDV Raíz Tweet com ANTÔNIMOS,@JottaRamos2,https://twitter.com/JottaRamos2/status/1626205149755580416,2023-02-16T13:01:35.000Z,Pergunta: Aquele caso qua mídia andou divulgando sobre envolvimento da Ministra da Cultura com milicianos já foi esclarecido!? Só pra saber mesmo 😉,0,0,0,https://twitter.com/padilhando/status/1625938418734596096
confaria,@confaria1,https://twitter.com/confaria1/status/1626222420062502916,2023-02-16T14:10:13.000Z,"Aí você caiu da cama.
Brasil tá mais sujo que poleiro de galinheiro com o Ladrão e sua gangue.",0,0,0,https://twitter.com/padilhando/status/1625938418734596096
pperini,@pperini2,https://twitter.com/pperini2/status/1626262068083949568,2023-02-16T16:47:46.000Z,"""Venha conhecer o pais que é governado por um ladrão""",0,0,0,https://twitter.com/padilhando/status/1625938418734596096
luis junior,@Descondenado23,https://twitter.com/Descondenado23/status/1626048940956172288,2023-02-16T02:40:52.000Z,como tem sido para o Freixo trabalhar com uma ministra ligada a milícia do Rio de Janeiro? 45 dias de governo e o que o cara lança: uma logomarca! é um choque de gestão mesmo!,0,0,0,https://twitter.com/padilhando/status/1625938418734596096
eokiko,@eokikobrasil,https://twitter.com/eokikobrasil/status/1626099650460631042,2023-02-16T06:02:22.000Z,"Você não tem vergonha na cara em assumir cargo público, com mais de 100 processos na justiça, sendo a maioria contra o erário público ?  🤬😡🤢🤮",0,0,0,https://twitter.com/padilhando/status/1625938418734596096
Sgc401,@GcorreaSusana,https://twitter.com/GcorreaSusana/status/1626097645931401216,2023-02-16T05:54:24.000Z,Vcs sao ridiculos.,0,0,0,https://twitter.com/padilhando/status/1625938418734596096
Silas Amaral,@SilasAmaral16,https://twitter.com/SilasAmaral16/status/1626386170354491392,2023-02-17T01:00:54.000Z,"O freixo ganhou um cargo?
Menino esperto.",0,0,0,https://twitter.com/padilhando/status/1625938418734596096
JJ,@JJ41215193,https://twitter.com/JJ41215193/status/1625950237419311108,2023-02-15T20:08:39.000Z,Milicianos pode né?,0,0,0,https://twitter.com/padilhando/status/1625938418734596096
PAÍS DOS PETRALHAS,@PPetralhas,https://twitter.com/PPetralhas/status/1626178102882709505,2023-02-16T11:14:07.000Z,Vagabundos e milicianos...,0,0,1,https://twitter.com/padilhando/status/1625938418734596096
"Perdeu, mané!!!!",@fatimafleury2,https://twitter.com/fatimafleury2/status/1625982829501849600,2023-02-15T22:18:10.000Z,Sério que deputados e senadores vão mamar mais do dinheiro do povo em auxílios??? Que deboche com a cara do povo.,0,0,0,https://twitter.com/padilhando/status/1625938418734596096
Carlos Alberto Lopes,@carlos03370337,https://twitter.com/carlos03370337/status/1626159740618264579,2023-02-16T10:01:09.000Z,"TRAPALHADA DO PT : MILHARES DE CHIP DE CELULAR VAI PARA OS INDIOS YANOMAMI E LÁ NÃO EXISTE SINAL DE CELULAR.
SOCORRO MEU DINHEIRO !",0,0,0,https://twitter.com/padilhando/status/1625938418734596096
