nome,usuario,idTweet,dataPublicacao,texto,replies,retweets,likes,tweetPai
Pensador,@pensador_fil,https://twitter.com/pensador_fil/status/1626308917180391424,2023-02-16T19:53:55.000Z,Isso é apenas um bolsonarista sendo bolsonarista. ZERO SURPRESA!,0,0,1,https://twitter.com/AlencarBraga13/status/1625626130605649928
Evandro Lula Silva,@Evandro25073920,https://twitter.com/Evandro25073920/status/1625629394977931265,2023-02-14T22:53:45.000Z,"Lugar de criança é na escola, se preparando para um futuro melhor.",0,0,1,https://twitter.com/AlencarBraga13/status/1625626130605649928
Verbo Feminino,@verbofeminino,https://twitter.com/verbofeminino/status/1625629152060604420,2023-02-14T22:52:47.000Z,"Não adianta desenhar, esse é o problema.",0,0,0,https://twitter.com/AlencarBraga13/status/1625626130605649928
Marisa victorio da silva,@victorio_marisa,https://twitter.com/victorio_marisa/status/1625631201074503682,2023-02-14T23:00:55.000Z,Lula⭐ programa pró-catador♻️ - programas e projetos sociais... Percebe a diferença de projetos ou precisa desenhar?                               ✔️O bolsonarista que preside o Banco Central tem orgulho de dizer que o PIX serve pra criança vender doce🍭🍬 no semáforo 🙃.,0,0,0,https://twitter.com/AlencarBraga13/status/1625626130605649928
Marisa victorio da silva,@victorio_marisa,https://twitter.com/victorio_marisa/status/1625631324018032643,2023-02-14T23:01:25.000Z,O @LulaOficial quer erradicar o trabalho infantil. Percebe a diferença de projetos ou precisa desenhar?,0,0,0,https://twitter.com/AlencarBraga13/status/1625626130605649928
Democracia manda lembrança,@Jpm19M,https://twitter.com/Jpm19M/status/1625787471798718465,2023-02-15T09:21:53.000Z,Tenha o mínimo de honestidade intelectual!!! A decência para a esquerda é crime.,0,0,1,https://twitter.com/AlencarBraga13/status/1625626130605649928
Bizantina Scatamacchia Pinto,@BonatoMarceleza,https://twitter.com/BonatoMarceleza/status/1625787192818778113,2023-02-15T09:20:47.000Z,"Fala aí da mulher que passou a faixa para ele.. A AVÓ ERA CATADORA, A MÃE ERA CATADORA E A FILHA É CATADORA...

Desde qua do o loola ajudou elas se no primeiro mandato a moça tinha uns 12anos!!!
Manteve a família como CATADORA por 3 gerações...",0,0,0,https://twitter.com/AlencarBraga13/status/1625626130605649928
