nome,usuario,idTweet,dataPublicacao,texto,replies,retweets,likes,tweetPai
Edson,@edsontavares70,https://twitter.com/edsontavares70/status/1626358457166184450,2023-02-16T23:10:47.000Z,Eu votei em vc e Você já assinou a lista pra #CPIdo08deJaneiro  ?,0,0,0,https://twitter.com/Altineu/status/1625312476781858816
Edson,@edsontavares70,https://twitter.com/edsontavares70/status/1629202720941920256,2023-02-24T19:32:52.000Z,"Deputado, vc já assinou a CPI do #cpi8dejaneiro ???? 
Eu voltei em vc.",0,0,0,https://twitter.com/Altineu/status/1625312476781858816
Adriana Simvoulidis,@asimvoulidis,https://twitter.com/asimvoulidis/status/1634864223309418498,2023-03-12T10:29:39.000Z,"@Altineu tudo bem com o senhor? Gostaria de falar sobre Causa Animal e Direitos Animais, assunto tb mto importante para os gonçalenses. Direito Animal já é uma  realidade e não pode ser deixado de lado pelo PL de São Gonçalo. Podemos conversar sobre o assunto? Agradeço desde já.",0,0,0,https://twitter.com/Altineu/status/1625312476781858816
Marcelo Almeida,@MarceloAlmSG,https://twitter.com/MarceloAlmSG/status/1625331123491426308,2023-02-14T03:08:31.000Z,"A UFF tem um projeto pronto para acabar com os alagamentos em São Gonçalo. Isso já foi apresentado ao Sr Nelson. E o que ele fez? Nada, para variar...",0,1,7,https://twitter.com/Altineu/status/1625312476781858816
Jô Oliveira,@josaneolive,https://twitter.com/josaneolive/status/1625326581680939012,2023-02-14T02:50:28.000Z,"A coisa tá feia aqui, Deputado!  É preciso mudar esse quadro.",0,0,1,https://twitter.com/Altineu/status/1625312476781858816
SãoGonçalo24hrs,@SGO24hrs,https://twitter.com/SGO24hrs/status/1625318480735092736,2023-02-14T02:18:17.000Z,E de concreto vai fazer o quê?,0,0,0,https://twitter.com/Altineu/status/1625312476781858816
Vanete ARAUJO Teixeira,@vanete_araujo,https://twitter.com/vanete_araujo/status/1625715031919714305,2023-02-15T04:34:02.000Z,Não vi tua assinatura na CPMI de 08 de janeiro.,0,0,1,https://twitter.com/Altineu/status/1625312476781858816
Flavia Olliveira,@FlaviaOlliveir1,https://twitter.com/FlaviaOlliveir1/status/1625877771778940928,2023-02-15T15:20:42.000Z,Deputado seus eleitores do RJ estão aguardando a sua assinatura na CPMI do dia 08/01. Como representante do PL no RJ é um absurdo que vc ainda não assinou o pedido. Não nos decepcione! Assine o pedido de CPMI. Os políticos eleitos com o voto dos patriotas serão cobrados.💚💛,0,0,0,https://twitter.com/Altineu/status/1625312476781858816
Comediante,@JeromePidao,https://twitter.com/JeromePidao/status/1625318713867083777,2023-02-14T02:19:13.000Z,"Altineu, foram 3~4 enchentes em 7 dias. Sabe o prefeito fez? Nada! Obras de saneamento? Nada! Desassoreamento? Nada! Instalação de manilhas? Nada! Sistema de drenagem e captação de águas pluviais? Nada! Desobstrução de galerias pluviais? Nada! Ah é, mas a culpa é de São Pedro né?",0,0,0,https://twitter.com/Altineu/status/1625312476781858816
Teka Fonseca,@TekaFonseca,https://twitter.com/TekaFonseca/status/1625317349980086272,2023-02-14T02:13:47.000Z,Se manca! Dinheiro da cedae apenas pra fazer sua campanha e do filho do Nelson. E jogar asfalto em cima de asfalto sem nenhum planejamento.,0,0,0,https://twitter.com/Altineu/status/1625312476781858816
Wallace Ribeiro,@wribeiro23,https://twitter.com/wribeiro23/status/1625342174190526466,2023-02-14T03:52:26.000Z,"Vai tomar no seu cu,  seu político de merda. Tu só conhece São Gonçalo para pedir votos, tem dedo seu nessa tragédia que está acontecendo em São Gonçalo.  Foi vc que ajudou a eleger esse merda desse prefeito",0,0,1,https://twitter.com/Altineu/status/1625312476781858816
Lucas Sousa,@ls3877219,https://twitter.com/ls3877219/status/1630663977263833113,2023-02-28T20:19:23.000Z,"Deus   tomara  a  Prefeitura de São Gonçalo vem aqui na minha rua na descida do colégio luciete manhães a lâmpada do meu poste está queimado ou estourou 🙏🙏🙏O caminhão  🚚 passa   levanta  muita poeira  aqui  na minha rua  não 
estava asfaltado  aqui  na  minha rua",0,1,0,https://twitter.com/Altineu/status/1625312476781858816
Paula Hamelmann,@paula_hamelmann,https://twitter.com/paula_hamelmann/status/1629119551303520258,2023-02-24T14:02:23.000Z,Já assinou a PEC do fim da impunidade natalina?? Estamos esperando!!!,0,0,0,https://twitter.com/Altineu/status/1625312476781858816
