nome,usuario,idTweet,dataPublicacao,texto,replies,retweets,likes,tweetPai
Rita Lopes,@RitaLop23715070,https://twitter.com/RitaLop23715070/status/1625995742270595072,2023-02-15T23:09:29.000Z,Façamos o L,0,0,1,https://twitter.com/AlencarBraga13/status/1625985716407660549
#ForaLula,@GauchoDoTiktok,https://twitter.com/GauchoDoTiktok/status/1625987139904102401,2023-02-15T22:35:18.000Z,Precisamos deixar de vender comida para os bancos inimigos do agro,0,0,1,https://twitter.com/AlencarBraga13/status/1625985716407660549
#ForaLula,@GauchoDoTiktok,https://twitter.com/GauchoDoTiktok/status/1625987503172816897,2023-02-15T22:36:44.000Z,A minha casa minha vida nunca existiu existe casa para brasileiro o resto e picuinha,0,0,2,https://twitter.com/AlencarBraga13/status/1625985716407660549
motorplayer do Fernando,@MotorplayerF,https://twitter.com/MotorplayerF/status/1626026801498583041,2023-02-16T01:12:54.000Z,ISSO É VOTAR NO CARA CERTO.,0,0,0,https://twitter.com/AlencarBraga13/status/1625985716407660549
Marcelo Alvez campos,@AlvezCampos37,https://twitter.com/AlvezCampos37/status/1625986070406918144,2023-02-15T22:31:03.000Z,Tá mas assim vocês querem que ele faça o quê simplesmente passa mágica que daqui a pouco não tem mais desmatamento não tem mais nada que o Brasil volte a ser um país desenvolvido Será que vocês não entende o que é que eu pedi vocês que foram a favor daquele Presidente lixo que tá,0,0,0,https://twitter.com/AlencarBraga13/status/1625985716407660549
Marcelo Alvez campos,@AlvezCampos37,https://twitter.com/AlvezCampos37/status/1625986201399304193,2023-02-15T22:31:34.000Z,Porque quando era do teu Presidente o bolsonaro por que que vocês não falavam quando tinha as coisa errada claro que vocês não ia falar que ele escondia né tudo o que acontecia por isso que ele travou todo a mídia né brasileira tudo que falava contra ele né e vocês não iam falar,0,0,0,https://twitter.com/AlencarBraga13/status/1625985716407660549
Gustavo Mendes ECF (0-0),@GugaMendes98,https://twitter.com/GugaMendes98/status/1626012417732800512,2023-02-16T00:15:44.000Z,"Tu tá de sacanagem né? Desmatamento e ACIMA DE TUDO O SALÁRIO MÍNIMO!

Vai lá, compra picanha e cerveja com 18 reais vai.",1,0,2,https://twitter.com/AlencarBraga13/status/1625985716407660549
Braz,@Menino_Braz,https://twitter.com/Menino_Braz/status/1626016857336446978,2023-02-16T00:33:23.000Z,Salário mínimo reajustado em R$18 🤣🤣🤣🤣🤣. Faz o L,1,1,0,https://twitter.com/AlencarBraga13/status/1625985716407660549
Pablo Almerom,@Rocktildie,https://twitter.com/Rocktildie/status/1626017101537284096,2023-02-16T00:34:21.000Z,"Sério! Nem tu acredita nisto. Dezoitão de aumento do mínimo? 
E não tem nem vergonha de postar isto????",0,0,0,https://twitter.com/AlencarBraga13/status/1625985716407660549
Gusthavo,@Jdhehieooajzbxj,https://twitter.com/Jdhehieooajzbxj/status/1626015668637167621,2023-02-16T00:28:39.000Z,"Quero saber da picanha, tudo isso q vc falo beneficia 500 pessoas, e o resto dos mais de 210 milhões de brasileiros? Quero saber quando vai abaixar as coisas q o Lula tanto disse",0,0,0,https://twitter.com/AlencarBraga13/status/1625985716407660549
Opinando da poltrona,@IsoIsolete,https://twitter.com/IsoIsolete/status/1626190209757970433,2023-02-16T12:02:13.000Z,Kkkkkkk,0,0,0,https://twitter.com/AlencarBraga13/status/1625985716407660549
Marisa victorio da silva,@victorio_marisa,https://twitter.com/victorio_marisa/status/1625992387863379969,2023-02-15T22:56:09.000Z,#MCMV 🏠🏠🏠 moradia pra todos #bolsadeestudos 👨🏻‍🏫👩🏻‍🎓 de   #pósgraduação 📚 👩🏻‍🎓 vão ter reajuste de 40%  #desmatamento caiu mais de 61% 🌳🌳🌳.                                                  ✔️Nós últimos 2 meses o governo @lulaoficial não parou! O Desmatamento caiu +,0,0,0,https://twitter.com/AlencarBraga13/status/1625985716407660549
Marisa victorio da silva,@victorio_marisa,https://twitter.com/victorio_marisa/status/1625993074819170305,2023-02-15T22:58:53.000Z,"mais de 61% 🌳🌳🌳.                                                  ✔️Nós últimos 2 meses o governo @lulaoficial não parou! O Desmatamento caiu mais de 61%, o Minha Casa Minha Vida voltou, as bolsas de pós-graduação vão ter um reajuste de 40%. Bem-vindos ao governo Lula.+",0,0,0,https://twitter.com/AlencarBraga13/status/1625985716407660549
Marisa victorio da silva,@victorio_marisa,https://twitter.com/victorio_marisa/status/1625993419502780416,2023-02-15T23:00:15.000Z,Bem-vindos a um governo que que trabalha! O Brasil faz o L pra isso! ✊✊✊👷🏼👷🏾‍♀️👷🏼‍♂️,0,0,0,https://twitter.com/AlencarBraga13/status/1625985716407660549
Javã,@JavanJv20,https://twitter.com/JavanJv20/status/1626051886942941186,2023-02-16T02:52:35.000Z,E o governo Lula está só começando.,0,0,0,https://twitter.com/AlencarBraga13/status/1625985716407660549
Morfecticus,@morfecticus,https://twitter.com/morfecticus/status/1626016532630278145,2023-02-16T00:32:05.000Z,Só mudaram de nome para o Minha casa minha vida! Governo lixo!,0,0,0,https://twitter.com/AlencarBraga13/status/1625985716407660549
A. Marques,@MarquesArnaldo,https://twitter.com/MarquesArnaldo/status/1626033727523414018,2023-02-16T01:40:25.000Z,Do céu ao purgatório. Cá estamos.,0,0,2,https://twitter.com/AlencarBraga13/status/1625985716407660549
Nelson Júnior,@junioroficialAp,https://twitter.com/junioroficialAp/status/1626010234484412419,2023-02-16T00:07:04.000Z,Kkkk faz-me rir desse desmatamento 😂😂😂,0,0,0,https://twitter.com/AlencarBraga13/status/1625985716407660549
Marisa victorio da silva,@victorio_marisa,https://twitter.com/victorio_marisa/status/1625992146963644416,2023-02-15T22:55:11.000Z,Bem-vindos ao governo Lula. Bem-vindos a um governo que trabalha! O Brasil faz o L pra isso!  ❤️ #uniaoereconstrução✊🍀⭐👷🏻 #Lula ⭐🍀 #PresidenteLula eu fui eleito para melhorar a vida desse povo trabalhador ✊⭐#minhacasaminhavida  voltou! 🏡🏡🏡 +,0,0,0,https://twitter.com/AlencarBraga13/status/1625985716407660549
