nome,usuario,idTweet,dataPublicacao,texto,replies,retweets,likes,tweetPai
motorplayer do Fernando,@MotorplayerF,https://twitter.com/MotorplayerF/status/1625957592701755392,2023-02-15T20:37:53.000Z,EU AUTORIZO.,0,0,0,https://twitter.com/AlencarBraga13/status/1625909660162174977
Marisa victorio da silva,@victorio_marisa,https://twitter.com/victorio_marisa/status/1625929404223193090,2023-02-15T18:45:52.000Z,está de volta pra ajudar quem mais precisa.👏👏👏,0,0,0,https://twitter.com/AlencarBraga13/status/1625909660162174977
Marisa victorio da silva,@victorio_marisa,https://twitter.com/victorio_marisa/status/1625929477346807808,2023-02-15T18:46:10.000Z,Lula lá Lula lá ❤️,0,0,0,https://twitter.com/AlencarBraga13/status/1625909660162174977
Marisa victorio da silva,@victorio_marisa,https://twitter.com/victorio_marisa/status/1625929130922344448,2023-02-15T18:44:47.000Z,"#MCMV 🏠🏠🏠😀😃😄 voltou!  ✔️O governo anterior acabou com minha casa minha vida, programa que além de garantir moradia digna para famílias de baixa renda, gera empregos e fomenta a economia. Agora, com o presidente Lula, o Brasil do desenvolvimento social +",0,0,0,https://twitter.com/AlencarBraga13/status/1625909660162174977
