nome,usuario,idTweet,dataPublicacao,texto,replies,retweets,likes,tweetPai
Marisa victorio da silva,@victorio_marisa,https://twitter.com/victorio_marisa/status/1625493202244599817,2023-02-14T13:52:34.000Z,⭐✊,0,0,0,https://twitter.com/AlencarBraga13/status/1625488250369630209
Marisa victorio da silva,@victorio_marisa,https://twitter.com/victorio_marisa/status/1625493240630874113,2023-02-14T13:52:43.000Z,⭐🍀,0,0,0,https://twitter.com/AlencarBraga13/status/1625488250369630209
Marisa victorio da silva,@victorio_marisa,https://twitter.com/victorio_marisa/status/1625495003475873799,2023-02-14T13:59:43.000Z,"Reunião - Líderes da Base do Governo - 🗣️🎙️Medidas Provisórias e  Funcionamento da Câmara✊✔️ Reunião de líderes da base do governo @LulaOficial na Câmara, conduzida pelo líder @guimaraes13PT e com pauta sobre medidas provisórias e o funcionamento da Câmara. - em Câmara+",0,0,0,https://twitter.com/AlencarBraga13/status/1625488250369630209
Marisa victorio da silva,@victorio_marisa,https://twitter.com/victorio_marisa/status/1625495168584679427,2023-02-14T14:00:23.000Z,dos Deputados,0,0,0,https://twitter.com/AlencarBraga13/status/1625488250369630209
