nome,usuario,idTweet,dataPublicacao,texto,replies,retweets,likes,tweetPai
@magalybrito,@magalybrito,https://twitter.com/magalybrito7/status/1625533927556280321,2023-02-14T16:34:23.000Z,#ForaCamposNeto,0,0,0,https://twitter.com/AlencarBraga13/status/1625513289718398977
Marisa victorio da silva,@victorio_marisa,https://twitter.com/victorio_marisa/status/1625519413737803777,2023-02-14T15:36:43.000Z,"André Lara Rezende concorda com  Lula | #JurosBaixosJá | Tá na hora do mercado fazer o mesmo🙂✔️ André Lara Rezende, um dos ""país"" do plano Real, concorda com @LulaOficial. Tá na hora do mercado fazer o mesmo.",0,1,2,https://twitter.com/AlencarBraga13/status/1625513289718398977
@kevinmamarme5,@kevinmamarme5,https://twitter.com/kevinmamarme5/status/1625840214420647936,2023-02-15T12:51:28.000Z,"kkkk... Faz PEC fixando então.... PQP... Plano Real, que a propósito, foi CONDENADO pelo vagabundo e todos petistas. Vai ser burro assim pra argumentar lá em Garanhuns. Fazuelli.",0,0,0,https://twitter.com/AlencarBraga13/status/1625513289718398977
MARLY DE FREITAS,@MARLYDEFREITAS3,https://twitter.com/MARLYDEFREITAS3/status/1625547254474981378,2023-02-14T17:27:21.000Z,#JurosBaixosJa,0,0,0,https://twitter.com/AlencarBraga13/status/1625513289718398977
mammamia,@mamamia25513899,https://twitter.com/mamamia25513899/status/1625532095434047495,2023-02-14T16:27:07.000Z,Concorda? Pois fo da Ce ele. NÃO VAI MUDAR NADA 😂,0,0,0,https://twitter.com/AlencarBraga13/status/1625513289718398977
Luciano Rodrigues,@Luciano_G_R,https://twitter.com/Luciano_G_R/status/1626992700145692672,2023-02-18T17:11:02.000Z,"De acordo com a TMM de Lata, basta, agora, imprimir dinheiro, não é mesmo?",0,0,0,https://twitter.com/AlencarBraga13/status/1625513289718398977
Darkside,@SandraL07883042,https://twitter.com/SandraL07883042/status/1625594321381515293,2023-02-14T20:34:22.000Z,"Os juros deixados por Temer/Bolsonaro é de longe, os +altos do planeta. Pagamos juros imorais P/os bancos privados e seus bilionários aumentarem suas riquezas indecentes. BC independente só se for independente dos urubus do mercado#JurosBaixosJa #AbaixeOsJuros #ForaCamposNeto",0,0,0,https://twitter.com/AlencarBraga13/status/1625513289718398977
Julio Rodrigues,@JulioUnB,https://twitter.com/JulioUnB/status/1625530288095870980,2023-02-14T16:19:56.000Z,"🌎Continua a necessidade de explicar e questionar o Presidente do BC🇧🇷:🧮📈""Brasil8,16%
México5,39%
Chile4,66%
Hong Kong 3,12%
Colômbia 2,39%"" Fonte:",0,0,0,https://twitter.com/AlencarBraga13/status/1625513289718398977
Luiz Fernando LULA PRESIDENTE,@Fer3d,https://twitter.com/Fer3d/status/1625655279835553792,2023-02-15T00:36:36.000Z,#JurosBaixosJá #JurosBaixosJá #JurosBaixosJa #JurosBaixosJá#JurosBaixosJa #JurosBaixosJa #JurosBaixosJa #JurosBaixosJa #JurosBaixosJa #JurosBaixosJá,0,0,0,https://twitter.com/AlencarBraga13/status/1625513289718398977
Izaac Leal Cavalcante,@leal_izaac,https://twitter.com/leal_izaac/status/1625534189947830288,2023-02-14T16:35:26.000Z,Bolsonaro golpista está por trás desses juros altos do banco central,0,0,0,https://twitter.com/AlencarBraga13/status/1625513289718398977
Ale Manso,@alemanso1,https://twitter.com/alemanso1/status/1625637113122242563,2023-02-14T23:24:25.000Z,#ForaCamposNeto #ForaCamposNeto #ForaCamposNeto #ForaCamposNeto #JurosAltosÉSabotagem #JurosAltosÉSabotagem #JurosAltosÉSabotagem #JurosAltosÉSabotagem #JurosBaixosJá #JurosBaixosJá #JurosBaixosJá #JurosBaixosJá,0,1,2,https://twitter.com/AlencarBraga13/status/1625513289718398977
