nome,usuario,idTweet,dataPublicacao,texto,replies,retweets,likes,tweetPai
Liriane de Pinho,@liriri,https://twitter.com/liriri/status/1625996538039218178,2023-02-15T23:12:38.000Z,"Notícia boa. Há 7 anos, não ouvíamos isso.",0,0,0,https://twitter.com/AlencarBraga13/status/1625877600873730048
Marisa victorio da silva,@victorio_marisa,https://twitter.com/victorio_marisa/status/1625883175787323392,2023-02-15T15:42:11.000Z,#FNDE 👨🏻‍🏫👩🏻‍🎓 @lulaoficial 👷🏾‍♀️👷🏻 ⭐🍀                                           ✔️A educação é o motor de desenvolvimento de qualquer país e o presidente @lulaoficial sabe disso. Hoje a presidenta do FNDE - @fernandapaco  - ratificou a prefeitos e gestores do interior de +,0,0,0,https://twitter.com/AlencarBraga13/status/1625877600873730048
Marisa victorio da silva,@victorio_marisa,https://twitter.com/victorio_marisa/status/1625884087016620032,2023-02-15T15:45:48.000Z,São Paulo o compromisso do ministro @camilosantanaoficial em retomar milhares de obras paradas.,0,0,0,https://twitter.com/AlencarBraga13/status/1625877600873730048
山岡ナルヒト,@FrancoWalber,https://twitter.com/FrancoWalber/status/1625912946097258497,2023-02-15T17:40:29.000Z,#EuFizOLPraIsso,0,0,0,https://twitter.com/AlencarBraga13/status/1625877600873730048
