nome,usuario,idTweet,dataPublicacao,texto,replies,retweets,likes,tweetPai
Tabata Matos,@TabataEngTI,https://twitter.com/TabataEngTI/status/1625860737079087104,2023-02-15T14:13:01.000Z,this garbage is unbelievable,0,0,0,https://twitter.com/padilhando/status/1625848317329686528
Eduardo Manzato,@eduardo_manzato,https://twitter.com/eduardo_manzato/status/1625891766837673984,2023-02-15T16:16:19.000Z,"Caro Ministro
Bolsonaro se vacinou?",0,0,0,https://twitter.com/padilhando/status/1625848317329686528
Solen Glauber 12 mais 1,@solenglauber,https://twitter.com/solenglauber/status/1625893480605093888,2023-02-15T16:23:08.000Z,"Muita saúde pra ele ministro. A jaula o espera. Eu espero🤨👍🏾, nós esperamos.",0,1,1,https://twitter.com/padilhando/status/1625848317329686528
gildo baleiras,@gildobaleiras,https://twitter.com/gildobaleiras/status/1627255779697754113,2023-02-19T10:36:25.000Z,"Mesmo em inglês é um monte de bobagens, vosso ódio diário para com Bolsonaro  só motiva os eleitores dele. Obrigado",0,0,0,https://twitter.com/padilhando/status/1625848317329686528
Melek,@Melek43037048,https://twitter.com/Melek43037048/status/1625881853168156672,2023-02-15T15:36:55.000Z,"Banco central independente do que e para quê?
Independente das Leis e da fiscalização do país?
Independente para enfiar os juros que bem quiser em cima do povo? 
Independente para promover a inflação e desvalorização do real?🧐",0,0,0,https://twitter.com/padilhando/status/1625848317329686528
