nome,usuario,idTweet,dataPublicacao,texto,replies,retweets,likes,tweetPai
Alexandre Padilha,@padilhando,https://twitter.com/padilhando/status/1625251828471328800,2023-02-13T21:53:26.000Z,"O resgate da dignidade dessa gente é a prioridade número zero do governo @lulaoficial. Já nesse primeiro mês de gestão, retomamos o Bolsa Família. Hoje, começou o pagamento do Vale Gás. E, nessa semana, vamos relançar o Minha Casa Minha Vida. E é só o começo!",3,19,102,https://twitter.com/padilhando/status/1625251826487422983
Senhora Democracia (Para Sempre ) Michelle,@mmde84,https://twitter.com/mmde84/status/1625442198907981824,2023-02-14T10:29:54.000Z,"Vamos juntos ministro,  vamos reconstruir nosso país.",0,0,0,https://twitter.com/padilhando/status/1625251826487422983
Mario Pereira,@Pe52600124Mario,https://twitter.com/Pe52600124Mario/status/1625582707567693829,2023-02-14T19:48:14.000Z,Contaram com os moradores de rua da Bahia?,0,0,0,https://twitter.com/padilhando/status/1625251826487422983
gildo baleiras,@gildobaleiras,https://twitter.com/gildobaleiras/status/1627256055431417857,2023-02-19T10:37:31.000Z,120 milhões passando fome ? Ou 30 milhões ? Ou 40 milhões ?,0,0,0,https://twitter.com/padilhando/status/1625251826487422983
PAULICÉIA DANTAS,@PauliceiaDanta1,https://twitter.com/PauliceiaDanta1/status/1625272029124468742,2023-02-13T23:13:42.000Z,A nota de corte está muito alta ainda. Precisamos de um revalida justo. Sem influência do CFM. Nota de corte Justa. Contamos com a sua ajuda,0,1,2,https://twitter.com/padilhando/status/1625251826487422983
luiz Carlos Silvestre,@luizCar35229093,https://twitter.com/luizCar35229093/status/1625466041303269378,2023-02-14T12:04:38.000Z,Ainda são 120 milhões passando fome?,1,0,0,https://twitter.com/padilhando/status/1625251826487422983
Urânia Flôres,@uraniaflores,https://twitter.com/uraniaflores/status/1625467805037469698,2023-02-14T12:11:39.000Z,Essa uma ação que precisa ser resolvida urgentemente.,0,0,0,https://twitter.com/padilhando/status/1625251826487422983
Mario Figueiredo,@Marujo98160982,https://twitter.com/Marujo98160982/status/1625851122627022848,2023-02-15T13:34:49.000Z,"Esse é um assunto difícil, mas que precisa ser enfrentado",0,0,0,https://twitter.com/padilhando/status/1625251826487422983
Luiselianemiani,@luiselianemiani,https://twitter.com/luiselianemiani/status/1625302426516439041,2023-02-14T01:14:29.000Z,Tá. Mais cadê a picanha prometida para os otários?😂😂😂😂😂😂😂😂😂😂,1,0,0,https://twitter.com/padilhando/status/1625251826487422983
Carlos Alberto Lopes,@carlos03370337,https://twitter.com/carlos03370337/status/1625260061307068418,2023-02-13T22:26:09.000Z,POR QUALMOTIVO O PT E LULA NÃO QUEREM A CPI DO DIA 08/01?  E  POR QUAL MOTIVO COLOCARAM AS IMAGENS SOB SIGILO? SERÁ QUE EXISTE IMAGEM  QUE INCRIMINE ELES? SE É DEMOCRACIA QUE DEFENDEM NADA PODE SER ESCONDIDO. OU A DEMOCRACIA DELES É SÓ NARRATIVA E O QUE QUEREM É DITADURA ?  2/1,0,0,0,https://twitter.com/padilhando/status/1625251826487422983
Mari j'ai toujours Préfère Lula13 #UseMascara,@Mari36477832,https://twitter.com/Mari36477832/status/1625371045266948097,2023-02-14T05:47:09.000Z,É preciso URGENTE rever o sist HABITACIONAL. os MUTUÁRIOS ESTÃO desesperados e PERDENDO SUAS CASAS DEPOIS DE PAGAR financiamento POR 10/15 ANOS. Um financiamento de 35 anos tem seu valor principal pago em 9 anos e por 26 anos pagam SOMENTE JUROS. Uma vida de juros. SOCORRO!!,0,0,0,https://twitter.com/padilhando/status/1625251826487422983
