nome,usuario,idTweet,dataPublicacao,texto,replies,retweets,likes,tweetPai
JOS,@MRJOS1942,https://twitter.com/MRJOS1942/status/1625664624967180288,2023-02-15T01:13:44.000Z,Ele falou que a Argentina é um exemplo,0,0,0,https://twitter.com/adriventurasp/status/1625478119963459584
Mordomia_SC,@MORDOMIA_SC,https://twitter.com/MORDOMIA_SC/status/1625488802696556546,2023-02-14T13:35:05.000Z,"O Guedes não iria isentar do i.r. os com salario de 5 mil, isso já em 2019, não disse em 2018 que iria zerar a dívida pública, só com privatizações? Não disse que entregaria ao congresso a ref.tributaria e adm..já em 2019, que o preço do gás seria a metade em 2 anos?...",1,0,0,https://twitter.com/adriventurasp/status/1625478119963459584
Erik Silva,@oeriksilva,https://twitter.com/oeriksilva/status/1625480080309772288,2023-02-14T13:00:25.000Z,"Deputada, eu concordo com tudo na publicação. Mas será que se faz necessário uma taxa de juros real em quase 9% ?",1,0,0,https://twitter.com/adriventurasp/status/1625478119963459584
Ivan_ribeiro_guerreiro_brasileiro,@ivan_publico,https://twitter.com/ivan_publico/status/1625491611147993095,2023-02-14T13:46:14.000Z,"Se o atual Presidente estiver fazendo muitas cagadas corruptas, envie ele para a Argentina",0,0,0,https://twitter.com/adriventurasp/status/1625478119963459584
Elias Hendrikson,@HendriksonElias,https://twitter.com/HendriksonElias/status/1625609840524402690,2023-02-14T21:36:03.000Z,Lula sabe de tudo isso! O objetivo é fazer do Brasil uma Argentina mesmo!,0,0,0,https://twitter.com/adriventurasp/status/1625478119963459584
otaviocf,@otaviocf,https://twitter.com/otaviocf/status/1625631224067723274,2023-02-14T23:01:01.000Z,"Comparar o Brasil com a Argentina é cretinice ou desconhecimento.
Eles precisam reter cada dólar da balança comercial, já q as reservas são pífias.
Diferente deles, o Brasil é industrializado e ñ corremos o risco de uma ""corrida aos supermercados"".
Nossa inflação Ñ é de demanda.",0,0,1,https://twitter.com/adriventurasp/status/1625478119963459584
Valéria Luqui,@Valeria_Luqui,https://twitter.com/Valeria_Luqui/status/1625483351527243777,2023-02-14T13:13:25.000Z,"Se considerarmos todos os discursos do molusco e sua equipe de companheiros despreparados, desprovidos de inteligência, com acusações e ataques ao que está funcionando, a taxa deveria aumentar em 0,25%.🆘🇧🇷",0,0,0,https://twitter.com/adriventurasp/status/1625478119963459584
Djalma,@Dljrosa,https://twitter.com/Dljrosa/status/1625682430932709376,2023-02-15T02:24:29.000Z,"Dri , sua visão tem a profundidade de um pires .",0,0,1,https://twitter.com/adriventurasp/status/1625478119963459584
só mais um,@MDiozi,https://twitter.com/MDiozi/status/1625483279469084673,2023-02-14T13:13:08.000Z,A Ucrânia em guerra tá con uma taxa menor.,0,0,0,https://twitter.com/adriventurasp/status/1625478119963459584
Minho Soares,@Minho_Ceule,https://twitter.com/Minho_Ceule/status/1625820051377889280,2023-02-15T11:31:21.000Z,"Vc conhece mais de economia que o Lata Resende? Quem fez essa honra? Que para 5,5% de inflação a taxa deve ser 14%??? Resposta: banqueiros. Em@ nenhum lugar do mundo existe essa proporção",0,0,0,https://twitter.com/adriventurasp/status/1625478119963459584
Jussara Dutra,@Jussara54458341,https://twitter.com/Jussara54458341/status/1625671916030656513,2023-02-15T01:42:42.000Z,"Só podia ser do partido Velho.
Das velhas raposas  ...!",0,0,0,https://twitter.com/adriventurasp/status/1625478119963459584
