nome,usuario,idTweet,dataPublicacao,texto,replies,retweets,likes,tweetPai
fpires2023,@fpires1944,https://twitter.com/fpires1944/status/1625648465618391041,2023-02-15T00:09:31.000Z,"Por que estão com medo da CPMI?
Por que não mandaram reforços para cessar a invasão?",0,0,0,https://twitter.com/AlencarBraga13/status/1625504201198694400
@kevinmamarme5,@kevinmamarme5,https://twitter.com/kevinmamarme5/status/1625737353854701568,2023-02-15T06:02:44.000Z,kkkk.,0,0,0,https://twitter.com/AlencarBraga13/status/1625504201198694400
Zé da Paz,@josedapaz,https://twitter.com/josedapaz/status/1625505397908946944,2023-02-14T14:41:01.000Z,Falta pegar os tubarões!,1,0,1,https://twitter.com/AlencarBraga13/status/1625504201198694400
RODRIGUES-Liberdade Sob Ataque,@LiberdadeSobAtq,https://twitter.com/LiberdadeSobAtq/status/1625708521693093891,2023-02-15T04:08:10.000Z,"O devido processo legal já não existe mais?

Vale tudo?",0,0,0,https://twitter.com/AlencarBraga13/status/1625504201198694400
@magalybrito,@magalybrito,https://twitter.com/magalybrito7/status/1625504855736586242,2023-02-14T14:38:52.000Z,#SemAnistiaPraGolpistas,0,0,0,https://twitter.com/AlencarBraga13/status/1625504201198694400
Jaygopal Dassa,@DassaJaygopal,https://twitter.com/DassaJaygopal/status/1627651229923909633,2023-02-20T12:47:48.000Z,"Aqui no interior,Americana é maioria bolsonarista, fui agredido fisicamente várias vezes.",0,0,0,https://twitter.com/AlencarBraga13/status/1625504201198694400
Alebosque,@AAlebosque,https://twitter.com/AAlebosque/status/1625779155777232896,2023-02-15T08:48:50.000Z,assina a CPI de 08/01/2023? porque nao tem CPI?,0,0,1,https://twitter.com/AlencarBraga13/status/1625504201198694400
Sonia bri,@Sonia__bri,https://twitter.com/Sonia__bri/status/1625543066626019329,2023-02-14T17:10:42.000Z,"E os Ladrões, traficantes ❓👀",1,0,0,https://twitter.com/AlencarBraga13/status/1625504201198694400
zilda #foralula,@zildasiqueiram2,https://twitter.com/zildasiqueiram2/status/1625779165877215232,2023-02-15T08:48:53.000Z,"Vamos apoiar a CPI.  As autoridades omissas, que deixaram acontecer, têm que ser responsabilizadas.",0,0,0,https://twitter.com/AlencarBraga13/status/1625504201198694400
Marissol Dias,@MarissolDias6,https://twitter.com/MarissolDias6/status/1625701430819540993,2023-02-15T03:39:59.000Z,Kd a Ana Priscila ela pode esclarecer tudo isso,0,0,0,https://twitter.com/AlencarBraga13/status/1625504201198694400
motorplayer do Fernando,@MotorplayerF,https://twitter.com/MotorplayerF/status/1625795304061632513,2023-02-15T09:53:00.000Z,EU AUTORIZO.,0,0,0,https://twitter.com/AlencarBraga13/status/1625504201198694400
S.O.S Brasil,@sosbrasillll,https://twitter.com/sosbrasillll/status/1625790697369399298,2023-02-15T09:34:42.000Z,"A polícia deveria ir atrás de corruptos, mas isso não importa neh!",0,0,0,https://twitter.com/AlencarBraga13/status/1625504201198694400
Ju Tomaz,@JuTomaz4,https://twitter.com/JuTomaz4/status/1625679823845703682,2023-02-15T02:14:08.000Z,"povo que esteve pacífico durante 70 dias porq só oque o 
Povo  queria era o cód fonte que e direito previsto em constituição quando há inconcistencia 
 queremos a CPI porém o presidente já colocou até sigilo será porque não e mesmo 
Queremos CPI do dia 08/1",0,0,1,https://twitter.com/AlencarBraga13/status/1625504201198694400
Pete Mitchell,@JustRockone,https://twitter.com/JustRockone/status/1625524824331153408,2023-02-14T15:58:13.000Z,"A policia no Brasil so prende inocentes e os bandidos continuam soltos!
Esse pais e uma vergonha.
Como pode lula e Cabral soltos , poderia citar Paes , Dino , Dirceu , Marcelo etc",1,0,0,https://twitter.com/AlencarBraga13/status/1625504201198694400
Vilma Bulek,@BulekVilma,https://twitter.com/BulekVilma/status/1625806258186907648,2023-02-15T10:36:32.000Z,E Santa Catarina?,0,0,0,https://twitter.com/AlencarBraga13/status/1625504201198694400
jorge isper,@isper_jorge,https://twitter.com/isper_jorge/status/1625966977775796237,2023-02-15T21:15:11.000Z,Essa operação está mais para onanismo midiático que para operação policial!!,0,1,1,https://twitter.com/AlencarBraga13/status/1625504201198694400
Claudinei Trichês,@neitriches,https://twitter.com/neitriches/status/1625515702416297984,2023-02-14T15:21:58.000Z,Ah coitado. A justiça vai encontrar os corruptos que estão soltos tbém.,0,0,0,https://twitter.com/AlencarBraga13/status/1625504201198694400
Ronaldo Avila,@r_aavila,https://twitter.com/r_aavila/status/1625812260647014401,2023-02-15T11:00:23.000Z,"É só aprovar a cpmi, e ficaremos sabendo de tudo!",0,0,0,https://twitter.com/AlencarBraga13/status/1625504201198694400
J.Woolf,@WoolfJoana,https://twitter.com/WoolfJoana/status/1625717441161568257,2023-02-15T04:43:36.000Z,Góóóóóóóópi 🤡,0,0,0,https://twitter.com/AlencarBraga13/status/1625504201198694400
AicorSouza,@AicorSouza,https://twitter.com/AicorSouza/status/1625912658653216770,2023-02-15T17:39:20.000Z,E os infiltrados que foram filmados dentro dos prédios?,0,0,0,https://twitter.com/AlencarBraga13/status/1625504201198694400
Bibi,@Beatriz62790090,https://twitter.com/Beatriz62790090/status/1625526214763880452,2023-02-14T16:03:45.000Z,Ta demorando muito,0,0,0,https://twitter.com/AlencarBraga13/status/1625504201198694400
Regina Vieira,@ReginaV39455988,https://twitter.com/ReginaV39455988/status/1625509014539845634,2023-02-14T14:55:24.000Z,"Eu espero que os tubarões além de pagarem o prejuízo terminem atrás das grades, também.",0,0,3,https://twitter.com/AlencarBraga13/status/1625504201198694400
Marisa victorio da silva,@victorio_marisa,https://twitter.com/victorio_marisa/status/1625507212889141248,2023-02-14T14:48:14.000Z,prestar contas à Justiça também!,0,0,0,https://twitter.com/AlencarBraga13/status/1625504201198694400
Marisa victorio da silva,@victorio_marisa,https://twitter.com/victorio_marisa/status/1625507397119647744,2023-02-14T14:48:58.000Z,"👮‍♂️🇧🇷A PF está hoje com a Operação Lesa Pátria🇧🇷👮‍♂️✔️A caçada aos terroristas golpistas de 8/1 continua! A PF está hoje com a Operação Lesa Pátria em cidades de vários estados, inclusive São Paulo. Tem gente em Guarulhos que ajudou a financiar os ataques e vai ter que +",0,0,0,https://twitter.com/AlencarBraga13/status/1625504201198694400
RosaMendes2#LULA,@BloisiMendes,https://twitter.com/BloisiMendes/status/1625504412650311683,2023-02-14T14:37:07.000Z,"#JurosBaixosJá #JurosAltosÉSabotagem 
FORA CAMPOS NETO 😡 👊🏽",1,1,1,https://twitter.com/AlencarBraga13/status/1625504201198694400
Bruno Inácio,@InacioBruno2023,https://twitter.com/InacioBruno2023/status/1625636299758600192,2023-02-14T23:21:11.000Z,"Vocês estão atrás do Lul4dr40 também?
Já sabem o atual endereço dele, né? 
O que vai fazer? 
V4RME V4GABUNDO!!!!",0,0,0,https://twitter.com/AlencarBraga13/status/1625504201198694400
BethK,@BethK32279062,https://twitter.com/BethK32279062/status/1625652337267163138,2023-02-15T00:24:55.000Z,Grande dia!!!,0,0,0,https://twitter.com/AlencarBraga13/status/1625504201198694400
Sandro Pompeo,@SandroCPompeo,https://twitter.com/SandroCPompeo/status/1625702065036046337,2023-02-15T03:42:31.000Z,"O tranqueira, vai trabalhar Vagabundo. Vc é pago para elaborar e aprovar leis a favor do povo e não pra ficar em redes sociais vagabundando. Seu escória da sociedade.",0,0,0,https://twitter.com/AlencarBraga13/status/1625504201198694400
carlos santos,@ticolensky,https://twitter.com/ticolensky/status/1625531152751624195,2023-02-14T16:23:22.000Z,"vc olhou as filmagens? fica fácil... ah, estão sob sigilo... entendi",0,0,0,https://twitter.com/AlencarBraga13/status/1625504201198694400
Tcharru,@TcharruItabira,https://twitter.com/TcharruItabira/status/1625592186170400784,2023-02-14T20:25:53.000Z,Zero tolerância com golpistas criminosos !,0,0,0,https://twitter.com/AlencarBraga13/status/1625504201198694400
MARCIO FRANÇA,@CRFSC8734,https://twitter.com/CRFSC8734/status/1625516906663890944,2023-02-14T15:26:45.000Z,Se investigar bem chega no Lula e na quadrilha comunista que o acompanha na cena do crime.,0,0,1,https://twitter.com/AlencarBraga13/status/1625504201198694400
Matheus M.L,@Matheusm9lima,https://twitter.com/Matheusm9lima/status/1625533759461244928,2023-02-14T16:33:43.000Z,Só fala merda,0,0,0,https://twitter.com/AlencarBraga13/status/1625504201198694400
NevesMarise,@NevesMarise1,https://twitter.com/NevesMarise1/status/1625609316123156495,2023-02-14T21:33:57.000Z,"Enquanto os que lesaram os cofres públicos sendo soltos e livres pra roubar novamente.
Triste Brasil",0,0,0,https://twitter.com/AlencarBraga13/status/1625504201198694400
Gê Marques,@umamigapravc,https://twitter.com/umamigapravc/status/1625523009028083713,2023-02-14T15:51:00.000Z,És somente mais um deputado estrume que quer cumpara bolsonaristas e proteger os criminosoa contratados pela esquerda para depredarem. VERGONHA DISSO SER DEPUTADO.,0,0,0,https://twitter.com/AlencarBraga13/status/1625504201198694400
Rosa Jordão,@RosaJordo1,https://twitter.com/RosaJordo1/status/1625829432882503681,2023-02-15T12:08:37.000Z,Uma CPI puniria os verdadeiros culpados.,0,0,0,https://twitter.com/AlencarBraga13/status/1625504201198694400
Rosa Jordão,@RosaJordo1,https://twitter.com/RosaJordo1/status/1625829794653868032,2023-02-15T12:10:04.000Z,"RJ tá pegando fogo, bala, tiro e porrada p  todos os lados, quando vão começar a caçar bandidos?",0,0,0,https://twitter.com/AlencarBraga13/status/1625504201198694400
Adriano Sousa,@AAAdrianoSousa,https://twitter.com/AAAdrianoSousa/status/1625661839865524227,2023-02-15T01:02:40.000Z,Tudo normal....,0,0,0,https://twitter.com/AlencarBraga13/status/1625504201198694400
Laercio Costa,@Laercio39210204,https://twitter.com/Laercio39210204/status/1625522625316364288,2023-02-14T15:49:29.000Z,Vai deputado repete a frase linda que disse no plenário.  Se não repetir eu posto aqui.,0,0,0,https://twitter.com/AlencarBraga13/status/1625504201198694400
José Gomes,@JoseRibamarGF,https://twitter.com/JoseRibamarGF/status/1625876635168788482,2023-02-15T15:16:11.000Z,"Bozonaro,o Genocida,o Inominável,o Miliciano,o Imbrochável,só era MACHÃO,qdo se escondia atrás do DESGOVÊRNO dêle. Agora.,fugiu para ñ ser preso pela Polícia Brasileira.Parece q vai ter o mesmo destino do seu ex-amigão,Capitão Adriano da Nóbrega(assassinado como queima de arquivo",0,0,0,https://twitter.com/AlencarBraga13/status/1625504201198694400
Norberto Mario,@NorbertoMario5,https://twitter.com/NorbertoMario5/status/1625640952802025472,2023-02-14T23:39:40.000Z,"GOLPISTAS É VC
CORRUPTO
PROVERBIOS 29
Quando o governo é honesto, o país tem segurança; mas, quando o governo cobra impostos demais, a nação acaba em desgraça!",0,0,0,https://twitter.com/AlencarBraga13/status/1625504201198694400
