nome,usuario,idTweet,dataPublicacao,texto,replies,retweets,likes,tweetPai
Nélia Lula,@souguereira,https://twitter.com/souguereira/status/1625646736545918985,2023-02-15T00:02:39.000Z,Foi emocionante! Chorei demais 😢😭,0,0,1,https://twitter.com/AlencarBraga13/status/1625646071354630145
Adriano Sousa,@AAAdrianoSousa,https://twitter.com/AAAdrianoSousa/status/1625651672293711874,2023-02-15T00:22:16.000Z,"IR até 5k????@ReceitaFederal, quando vai parar de roubar o povo...???",0,0,0,https://twitter.com/AlencarBraga13/status/1625646071354630145
Marisa victorio da silva,@victorio_marisa,https://twitter.com/victorio_marisa/status/1625655408239976456,2023-02-15T00:37:07.000Z,"🧔🏻O vídeo é emocionante. 👏A democracia brasileira prevalece com Lula presidente! 👏✔️Durante o ato de celebração aos 43 anos do @ptbrasil, o Presidente @LulaOficial agradeceu a todos pela vigília feita durante os 580 dias que ele ficou preso em Curitiba. 
+",0,0,0,https://twitter.com/AlencarBraga13/status/1625646071354630145
Marisa victorio da silva,@victorio_marisa,https://twitter.com/victorio_marisa/status/1625655551802703872,2023-02-15T00:37:41.000Z,A democracia brasileira prevalece com Lula presidente!,0,0,0,https://twitter.com/AlencarBraga13/status/1625646071354630145
