nome,usuario,idTweet,dataPublicacao,texto,replies,retweets,likes,tweetPai
André Fernandes,@andrefernm,https://twitter.com/andrefernm/status/1625692164209385475,2023-02-15T03:03:10.000Z,"9- Esperidião Amin
10- Flávio Bolsonaro
11- Alan Rick
12- Carlos Portinho
13- Astronauta Marcos Pontes
14- Jorge Seif
15- Hamilton Mourão
16- Jaime Barattoli
17- Damares Alves
18- Luís Carlos Heinze
19- Eduardo Gomes
20- Ciro Nogueira
21- Styvenson Valentim
(cont.)",100,462,3.480,https://twitter.com/andrefernm/status/1625692162716303360
André Fernandes,@andrefernm,https://twitter.com/andrefernm/status/1625692165765533696,2023-02-15T03:03:10.000Z,"22- Wilder Morais
23- Cleitinho
24- Tereza Cristina
25- Marcos do Val
26- Sergio Moro
27- Marcio Bittar

O número mínimo de assinaturas no Senado já foi alcançado, que é 1/3. Mesmo assim vale a pena checar se o SEU senador assinou ou não. Você tem o direito de cobrá-lo.",609,823,6.203,https://twitter.com/andrefernm/status/1625692162716303360
Andrea,@ALemos68,https://twitter.com/ALemos68/status/1625722522711760896,2023-02-15T05:03:48.000Z,"Todos os parlamentares deveriam assinar. Acredito que todos tem interesse de saber o que ocorreu. A verdade. Os fatos. Se alguém não tem, isso é no mínimo preocupante 🤔",0,2,6,https://twitter.com/andrefernm/status/1625692162716303360
Renato Sugahara ,@Sugahara80,https://twitter.com/Sugahara80/status/1625852015804030981,2023-02-15T13:38:22.000Z,"Brasileiros,
Direita e Esquerda,

Qual o motivo de quem votou em PACHECO ""NÃO SER"" A FAVOR DE DESVENDAR os MANDANTES e RESPONSÁVEIS pelos atos de VANDALISMO de 08/JAN?🤔",13,43,109,https://twitter.com/andrefernm/status/1625692162716303360
Cláudia Valéria,@LorozaClaudia,https://twitter.com/LorozaClaudia/status/1625816854282264579,2023-02-15T11:18:38.000Z,"Senador @MarcosRogerio, por que não assinou? É admirado por sua atuação na última CPI. Desbaratou muita falácia.",1,0,7,https://twitter.com/andrefernm/status/1625692162716303360
Adriana Turrini - Brasil Acima de Tudo,@thykadri,https://twitter.com/thykadri/status/1625838515580817408,2023-02-15T12:44:43.000Z,"e ai @maragabrilli , não assinou ainda pq? não é a sra que ha anos vem atrás da verdade no caso do prefeito Daniel? Então é uma oportunidade de provar que a sra quer a verdade em TUDO, não é mesmo?",15,19,220,https://twitter.com/andrefernm/status/1625692162716303360
Orlandy Goncalves Barbosa,@BarbosaOrlandy,https://twitter.com/BarbosaOrlandy/status/1625897478204665869,2023-02-15T16:39:01.000Z,"Não vi a assinatura do senador Carlos Viana, daqui de Minas  que foi candidato ao governo local, com o apoio do Bolsonaro. Vai assinar ou não Viana? Confiamos nosso voto em você.
.",1,3,21,https://twitter.com/andrefernm/status/1625692162716303360
Mary Valle,@_maryvalle,https://twitter.com/_maryvalle/status/1625868126079356929,2023-02-15T14:42:23.000Z,@RomarioOnze vc não vai assinar? @valdemarcosta já passou da hora de tirar o @RomarioOnze do PL,2,2,18,https://twitter.com/andrefernm/status/1625692162716303360
Jean,@Jean984276221,https://twitter.com/Jean984276221/status/1625707973271076865,2023-02-15T04:05:59.000Z,O que a  Senadora do meu estado @maragabrilli está fazendo no Senado? Pelo visto Nada!!! Não assina CPMI! Tá difícil em Mara.,129,81,1.142,https://twitter.com/andrefernm/status/1625692162716303360
Tempos difíceis,@MarceloSBento1,https://twitter.com/MarceloSBento1/status/1625790614439661569,2023-02-15T09:34:22.000Z,"Esperamos a liberação das imagens de todas as câmeras de seguranças dentro e fora dos prédios atacados 48 horas antes do início da invasão. 
A justiça aos presos políticos nào pode demorar.
Aos prevaricadores, estes sim devem ser presos.",13,56,418,https://twitter.com/andrefernm/status/1625692162716303360
Valdeci Lima,@valdecilima50,https://twitter.com/valdecilima50/status/1625786792258543618,2023-02-15T09:19:11.000Z,Os presos políticos precisam ser libertados ja! Não podem esperar por uma CPMI que não se sabe quando irá terminar! É urgente que sejam libertária ja!,1,9,32,https://twitter.com/andrefernm/status/1625692162716303360
Cíntia Zanini,@cintiazanini,https://twitter.com/cintiazanini/status/1625801001084100608,2023-02-15T10:15:39.000Z,"@JaymeSenador Senador, muitos matogrossenses foram presos injustamente e penalizados. Por que o senhor não vai assinar a CMPI para investigar os atos?",8,10,119,https://twitter.com/andrefernm/status/1625692162716303360
Maura lourenzetti,@lorenzutt1,https://twitter.com/lorenzutt1/status/1625695995634786304,2023-02-15T03:18:23.000Z,Nós brasileiros temos orgulho dos parlamentares que trabalham com a verdade. Obrigada a vocês pelo respeito ao povo.,2,19,252,https://twitter.com/andrefernm/status/1625692162716303360
ERIKA MOURA,@ErikaMouraAlves,https://twitter.com/ErikaMouraAlves/status/1625918477021155328,2023-02-15T18:02:27.000Z,Valeu senador @astro_pontes não decepcionou. 👏🏻🙏🏻,1,3,48,https://twitter.com/andrefernm/status/1625692162716303360
Renato Sugahara ,@Sugahara80,https://twitter.com/Sugahara80/status/1625848889839345665,2023-02-15T13:25:56.000Z,"PATRIOTAS,

Ao todo tivemos 38 confirmações de Senadores que iriam votar no Marinho, onde 6 deles MENTIRAM.

Dos 38 VOTOS MARINHO,temos 2 grupos que AINDA ""NÃO ASSINARAM"" a CPMI de 08/JAN,sendo:
1º) São 7 votos MARINHO declarados antecipadamente
2º) São 4 votos MARINHO último dia",14,31,79,https://twitter.com/andrefernm/status/1625692162716303360
Sandra,@Sandra89848279,https://twitter.com/Sandra89848279/status/1625713728111927298,2023-02-15T04:28:51.000Z,Parabéns ao senador @JaimeBarattoli . E o senhor @MarcosRogerio  vai assina não? o @confuciomoura  e a vergonha do nosso estado.,2,4,45,https://twitter.com/andrefernm/status/1625692162716303360
Maura lourenzetti,@lorenzutt1,https://twitter.com/lorenzutt1/status/1625694896962117633,2023-02-15T03:14:02.000Z,Era de se esperar que o @ContaratoSenado não assinasse porque ele faz apologia ao desgoverno. Vergonha!,3,7,51,https://twitter.com/andrefernm/status/1625692162716303360
Sara,@SaraTelin,https://twitter.com/SaraTelin/status/1625837831267536897,2023-02-15T12:42:00.000Z,"@maragabrilli sempre envergonhando SP pela sua incompetência e imoralidade.
Mandato de Senador deveria ser de 4 anos para eliminarmos esse tipo de parlamentar.",5,11,80,https://twitter.com/andrefernm/status/1625692162716303360
Vânia Florim,@FlorimVania,https://twitter.com/FlorimVania/status/1625695499222130688,2023-02-15T03:16:25.000Z,Todas as CPIs foram pra desclassificar o gov do Bolsonaro. Vão incluir esse relatório pra criar uma denúncia contra ele e todos os bolsonaristas.  Espero que os senhores não estejam dando um tiro no pé e caindo numa grande armadilha.Temos coisas bem mais importantes pra resolver,9,17,63,https://twitter.com/andrefernm/status/1625692162716303360
ana_tdr,@lucia_imbernon,https://twitter.com/lucia_imbernon/status/1625703923263631363,2023-02-15T03:49:54.000Z,@maragabrilli@senadorgiordano@joseserra_São senadores por São Paulo e só pensam em seus próprios interesses,2,14,79,https://twitter.com/andrefernm/status/1625692162716303360
Marcia pedroza,@marciapedroz,https://twitter.com/marciapedroz/status/1625693376258473987,2023-02-15T03:07:59.000Z,"André Fernandes ,vou acompanhar vc ok , mostrar para meu esposo, não vi na lista o Romário.",57,16,226,https://twitter.com/andrefernm/status/1625692162716303360
Isabel Pontes,@IsabelPontes12,https://twitter.com/IsabelPontes12/status/1625794412449079296,2023-02-15T09:49:28.000Z,"Parabéns @andrefernm !!!
Siga essa trilha moral e terá sempre meu voto e de todos que o elegeram",0,2,30,https://twitter.com/andrefernm/status/1625692162716303360
MariaeAna,@MariaeAna0903,https://twitter.com/MariaeAna0903/status/1625784470732259329,2023-02-15T09:09:58.000Z,"Parabéns  a todos senadores que não  tem medo da verdade. 
Senadores que não  assinaram tem medo do quê?",2,15,169,https://twitter.com/andrefernm/status/1625692162716303360
Alexandre,@xandevolp,https://twitter.com/xandevolp/status/1625809555719434241,2023-02-15T10:49:38.000Z,"Olá Sen. @jorgeseifjunior PL-SC 
.parabéns por assinar o requerimento de instalação da Comissão Parlamentar Mista de Inquérito – CPMI –  para apurar os fatos do dia 8 de janeiro.",0,1,8,https://twitter.com/andrefernm/status/1625692162716303360
Alexandre,@xandevolp,https://twitter.com/xandevolp/status/1625809599973453824,2023-02-15T10:49:49.000Z,"Olá Sen. @esperidiaoamin_ PP-SC 
.parabéns por assinar o requerimento de instalação da Comissão Parlamentar Mista de Inquérito – CPMI –  para apurar os fatos do dia 8 de janeiro.",0,1,14,https://twitter.com/andrefernm/status/1625692162716303360
Antonio Carlos Oliveira Evangelista,@AntonioCEvan,https://twitter.com/AntonioCEvan/status/1625792277741203456,2023-02-15T09:40:59.000Z,Bota pra mover 👏👏👏👏👏👏👏,0,0,10,https://twitter.com/andrefernm/status/1625692162716303360
Tô falando,@vivameueu,https://twitter.com/vivameueu/status/1625803487765225475,2023-02-15T10:25:32.000Z,Sr André é verdade que será o PT que estará na condução desta CPI??#LiberdadeAosPresosPoliticos,0,0,3,https://twitter.com/andrefernm/status/1625692162716303360
Edvaldo,@Edvaldo08516714,https://twitter.com/Edvaldo08516714/status/1625949826247495682,2023-02-15T20:07:01.000Z,"Tenho fé em Deus,que nem tudo está perdido , e que homens de caráter e honra como vcs que assinaram essa CPMI, tem compromisso com o país de vcs e que podem ter certeza de que o mal não prevalecerá . Vcs me representam.",0,2,9,https://twitter.com/andrefernm/status/1625692162716303360
João Pedro Elia,@aranha_i,https://twitter.com/aranha_i/status/1626151213199724544,2023-02-16T09:27:16.000Z,"Essa CPI é fundamental poucas vezes vi uma que não fosse figuração, mas esta é importante. Que aumente o número de Senadores que a apoiam .🕷",1,1,1,https://twitter.com/andrefernm/status/1625692162716303360
Roseli,@RoseliBackes4,https://twitter.com/RoseliBackes4/status/1625793221270839300,2023-02-15T09:44:44.000Z,Cadê a senadora que ficou no lugar de @jorginhomello,0,0,0,https://twitter.com/andrefernm/status/1625692162716303360
Felipe TMJ,@Felipe85747743,https://twitter.com/Felipe85747743/status/1625807797429448704,2023-02-15T10:42:39.000Z,Precisa de quantas para pedir a cassação do Pacheco? Porque eu acho que o Pacheco não vai pautar.,1,1,8,https://twitter.com/andrefernm/status/1625692162716303360
Rosa Santos,@RosaSan82501597,https://twitter.com/RosaSan82501597/status/1625862091406966786,2023-02-15T14:18:24.000Z,"Obrigada @ZequinhaMarinho .
O Pará lhe agradece.🇧🇷",0,0,0,https://twitter.com/andrefernm/status/1625692162716303360
Lu Lins,@Lins16Lins,https://twitter.com/Lins16Lins/status/1625768367029121024,2023-02-15T08:05:58.000Z,@camaradeputados @SenadoFederal esse crime hediondo contra os patriotas precisa ser investigado. #CPImanifestacoes08dejaneiro @ONUBrasil,1,0,4,https://twitter.com/andrefernm/status/1625692162716303360
Luiza Maia,@LuizaMa53414948,https://twitter.com/LuizaMa53414948/status/1625815824719126531,2023-02-15T11:14:33.000Z,"Deveremos contar com estes, nos próximos anos, para o que é certo.",0,0,0,https://twitter.com/andrefernm/status/1625692162716303360
Andrea Perolli,@andrea_perolli,https://twitter.com/andrea_perolli/status/1625821618462248960,2023-02-15T11:37:34.000Z,"@carlosviana Como eleitora, me causa estranheza não ver sua assinatura para uma CPI tão necessária, pra libertar pessoas inocentes. Kd? 🤔",1,0,1,https://twitter.com/andrefernm/status/1625692162716303360
Adalmo,@adalmo2016,https://twitter.com/adalmo2016/status/1625881374820380673,2023-02-15T15:35:01.000Z,Mas não acredito que vá em frente,0,0,0,https://twitter.com/andrefernm/status/1625692162716303360
Lia Bordignon,@ElianeBordig,https://twitter.com/ElianeBordig/status/1625864690076364801,2023-02-15T14:28:43.000Z,👏👏👏👏👏👏👏,0,0,0,https://twitter.com/andrefernm/status/1625692162716303360
Lia Bordignon,@ElianeBordig,https://twitter.com/ElianeBordig/status/1625865181304860672,2023-02-15T14:30:40.000Z,"Cadê @Sen_Oriovisto @FlavioArns ??

O que temem que ñ assinaram ainda?",0,0,0,https://twitter.com/andrefernm/status/1625692162716303360
A Serviço,@AServio1,https://twitter.com/AServio1/status/1625695757624872960,2023-02-15T03:17:27.000Z,@PollonMarcos Cadê??,1,0,1,https://twitter.com/andrefernm/status/1625692162716303360
Juliana Moura,@JulianaOura,https://twitter.com/JulianaOura/status/1625787427523645441,2023-02-15T09:21:43.000Z,"Olha o negócio esquentandoooooooooo, parabéns pra vocês, é isso aí!!",0,1,5,https://twitter.com/andrefernm/status/1625692162716303360
LUIZ CARLOS HENRIQUE,@l28henriques,https://twitter.com/l28henriques/status/1625851451695337473,2023-02-15T13:36:07.000Z,"Tem que ter mais que 27 pois o marinho teve mais votos, tem que ter no mínimo o número de votos que ele recebeu",0,1,1,https://twitter.com/andrefernm/status/1625692162716303360
Oscar de lima carvalho junior,@Oscarlcjr_,https://twitter.com/Oscarlcjr_/status/1625998677264289794,2023-02-15T23:21:08.000Z,"Parabéns Senadores ..
Aqui no meu estado, infelizmente tem o @RomarioOnze não sei como alguém elege...
Mas, enfim ...",0,0,3,https://twitter.com/andrefernm/status/1625692162716303360
alvaro,@alvaror03299651,https://twitter.com/alvaror03299651/status/1625796440311070722,2023-02-15T09:57:31.000Z,Me explica uma coisa....como vencer a barreira s$t$f????,0,0,2,https://twitter.com/andrefernm/status/1625692162716303360
Cørđeiř0 ĄČ,@Cordeiro_Ca34,https://twitter.com/Cordeiro_Ca34/status/1625710430873169920,2023-02-15T04:15:45.000Z,@MarcosRogerio não quis assinar? 🤔,1,1,0,https://twitter.com/andrefernm/status/1625692162716303360
SanDias #Israel vive,@Chagal026,https://twitter.com/Chagal026/status/1626021086595801090,2023-02-16T00:50:11.000Z,Nenhuma CPI na história do Brasil serviu para alguma coisa há não ser para gastar o  dinheiro dos pagadores de impostos para que políticos possam dar a impressão que estão fazendo algo que preste. Nojo é pouco !,0,0,1,https://twitter.com/andrefernm/status/1625692162716303360
Rejane Leite,@RejaneLeite20,https://twitter.com/RejaneLeite20/status/1626160140566102017,2023-02-16T10:02:44.000Z,"@RomarioOnze nunca está do lado certo. Não votei nele, mas muitos patriotas votaram",0,0,1,https://twitter.com/andrefernm/status/1625692162716303360
Deus acima de tudo!,@MariaJosMaia9,https://twitter.com/MariaJosMaia9/status/1625780974414856193,2023-02-15T08:56:04.000Z,Cadê vc @RomarioOnze  não vi o seu nome na lista. Vergonha do Rio de Janeiro ?,50,47,554,https://twitter.com/andrefernm/status/1625692162716303360
꧁•༆$𝕽𝖊𝖌𝖎𝖆𝖓𝖊 𝕯𝖊 𝕯𝖎𝖗𝖊𝖎𝖙𝖆,@regianeepseg,https://twitter.com/regianeepseg/status/1625748394319790080,2023-02-15T06:46:36.000Z,"Obrigados aos senadores que assinaram e honraram seus eleitores,  meu muito obrigada!!!!",0,0,5,https://twitter.com/andrefernm/status/1625692162716303360
Paulo,@PCSQuintino,https://twitter.com/PCSQuintino/status/1625793435633430530,2023-02-15T09:45:35.000Z,Gostaria de parabenizar os Senadores do DF 👏👏👏👏👏👏,0,1,1,https://twitter.com/andrefernm/status/1625692162716303360
Mari Sasso,@MarineSassoo,https://twitter.com/MarineSassoo/status/1625836753968893954,2023-02-15T12:37:43.000Z,"Sim, a cpmi para saber que articulou a invasão,  mas os patriotas presos não podem esperar...LIBERDADE  PARA INOCENTES",0,0,3,https://twitter.com/andrefernm/status/1625692162716303360
C.,@cristin91524525,https://twitter.com/cristin91524525/status/1625819493963374592,2023-02-15T11:29:08.000Z,"Aos Senadores que já assinaram, muito obrigada. Bora continuar cobrando os demais.",0,4,18,https://twitter.com/andrefernm/status/1625692162716303360
maria odila segantin,@modilasegantin,https://twitter.com/modilasegantin/status/1625786079453368323,2023-02-15T09:16:21.000Z,Cpmi urgente..urgente..precisamos levar a Verdade..foram mandados a destruir o incriminar a direita..,0,5,10,https://twitter.com/andrefernm/status/1625692162716303360
Tony,@Tony2808988,https://twitter.com/Tony2808988/status/1625799019346771968,2023-02-15T10:07:46.000Z,O Pacheco vai deixar? Duvido.,0,0,3,https://twitter.com/andrefernm/status/1625692162716303360
Rosa de Saron,@arosanerocha88,https://twitter.com/arosanerocha88/status/1625798463173582848,2023-02-15T10:05:34.000Z,Romário - RJ é um 💩 mesmo,0,0,3,https://twitter.com/andrefernm/status/1625692162716303360
Helena Duarte,@HelenaD92516366,https://twitter.com/HelenaD92516366/status/1626018156333395970,2023-02-16T00:38:33.000Z,Soltem os manifestantes 🙏 prendam os responsáveis pelos vandalismos.,0,1,1,https://twitter.com/andrefernm/status/1625692162716303360
Mestre Yoda,@obarrosgm,https://twitter.com/obarrosgm/status/1625786779616915456,2023-02-15T09:19:08.000Z,Parabéns. #CPMI8Jan já!! E como está na Câmara?,0,2,4,https://twitter.com/andrefernm/status/1625692162716303360
OlivinoLud,@OlivinoLud,https://twitter.com/OlivinoLud/status/1625812351474626560,2023-02-15T11:00:45.000Z,"Taí os bons senadores.   @RomarioOnze  já votou no Pacheco (traição) agora também não irá assinar a CPMI?!   Seria muito melhor se nos seus eleitores não tivéssemos votado em você, aí poderia ficar na praia o dia todo no seu futebol.",1,0,15,https://twitter.com/andrefernm/status/1625692162716303360
Luiz Carlos Malacrida,@LuizCarlosMala3,https://twitter.com/LuizCarlosMala3/status/1625790033310498816,2023-02-15T09:32:04.000Z,Aqui do Paraná nenhum?,1,1,1,https://twitter.com/andrefernm/status/1625692162716303360
Paula,@paulatuono,https://twitter.com/paulatuono/status/1625852448890912768,2023-02-15T13:40:05.000Z,"Querido, é urgente que vcs, deputados e vereadores que foram eleitos pela direita INSISTAM em tirar as pessoas q estão presas injustamente em Brasília. Tenho conhecidos q estão vendendo tudo p/ pagar advogado p/ o filho, o rapaz irá perder o salão dele pq há meses não trabalha.",1,3,19,https://twitter.com/andrefernm/status/1625692162716303360
Cláudia Valéria,@LorozaClaudia,https://twitter.com/LorozaClaudia/status/1625818668482322432,2023-02-15T11:25:51.000Z,E o Rio de Janeiro continua arcando com três senadores e só tendo dois representantes. O desprezo e o desrespeito descarados de @RomarioOnze por quem o elegeu é degradante. #CPMI8Jan,2,7,23,https://twitter.com/andrefernm/status/1625692162716303360
Arnaldo L Rodrigues-,@ArnaldoLBR,https://twitter.com/ArnaldoLBR/status/1625802186952265728,2023-02-15T10:20:21.000Z,"Bom, e o Pachecão ira ler em plenário ou terão de ajuizar para dar andamento, porque todos sabemos do envolvimento dos magistrados e caindo nas maos deles morre o sonho da verdade…",0,3,37,https://twitter.com/andrefernm/status/1625692162716303360
SonyPasini22,@SoniamariaPasi1,https://twitter.com/SoniamariaPasi1/status/1625772666379554816,2023-02-15T08:23:03.000Z,"Parem no telão,tds as rds tem eles entrando por trás,sem o povo da frente vindo dos quartéis.
Tem os seg. da Esplanada ajdado sair, tem vídeo da moça bocuda falando no insta.  Eu ,repl.todos q tive acesso. Já tem nome ,sbnome.
XEQUE-MATE. 
CAI DO 1° ATÉ O S7&",1,27,112,https://twitter.com/andrefernm/status/1625692162716303360
Birolirinha,@zeliaclaudia,https://twitter.com/zeliaclaudia/status/1625714389251661824,2023-02-15T04:31:29.000Z,A petezada não quer saber quem foi o mandante dos atos de 8 de janeiro? Hhahahhahahahahha,16,8,193,https://twitter.com/andrefernm/status/1625692162716303360
Reinaldo Polaco,@GuarupackR,https://twitter.com/GuarupackR/status/1625741335998222336,2023-02-15T06:18:33.000Z,"O meu assinou, parabéns Astronauta Marcos Pontes, e a todos os outros Senadores que representam de verdade o nosso povo. Agora, ter que aguentar o Malvado Favorito, famoso água de salsicha na presidência do Senado é doído viu.",4,3,17,https://twitter.com/andrefernm/status/1625692162716303360
Cici Lu,@cicilubas,https://twitter.com/cicilubas/status/1625697354241253378,2023-02-15T03:23:47.000Z,"Não vi seu nome aqui @SorayaThronicke e @nelsinhotrad ,senadores do MS,estamos aguardando, ainda há esperança para Soraya continuar na política, também para Nelsinho espero que a família Trad possa também continuar na política. A quem não interessa a verdade?A vcs 2 interessa né?",6,29,291,https://twitter.com/andrefernm/status/1625692162716303360
Maurício G Graciano,@giusepegraciano,https://twitter.com/giusepegraciano/status/1625708102292062208,2023-02-15T04:06:30.000Z,"Infelizmente no Paraná, não temos representatividade relevante, Oriovisto e Arns, se renderam ao sistema, vamos ver até onde vai a credibilidade de Moro, já que assinou!",2,4,13,https://twitter.com/andrefernm/status/1625692162716303360
LIBERDADE!,@marciar_camargo,https://twitter.com/marciar_camargo/status/1625699855917096962,2023-02-15T03:33:44.000Z,"Oriovisto não assinou.
É um isentão. 
Se diz liberal, conservador, mas acho q é petista.",2,8,58,https://twitter.com/andrefernm/status/1625692162716303360
André,@andreluccaas,https://twitter.com/andreluccaas/status/1625706615591542785,2023-02-15T04:00:35.000Z,Sério que o @MarcosRogerio não assinou? 🤔,7,1,13,https://twitter.com/andrefernm/status/1625692162716303360
Elenir Casotti,@VieiraElenir,https://twitter.com/VieiraElenir/status/1625712929369739265,2023-02-15T04:25:41.000Z,@RomarioOnze não assinou pq? Alguns dos patriotas q votaram em vc estão presos indevidamente.,3,13,89,https://twitter.com/andrefernm/status/1625692162716303360
Alexandre,@xandevolp,https://twitter.com/xandevolp/status/1625809639248912384,2023-02-15T10:49:58.000Z,"Olá Sen. Ivete da Silveira MDB-SC 
.pedimos que assine o requerimento de instalação da Comissão Parlamentar Mista de Inquérito – CPMI –  para apurar os fatos do dia 8 de janeiro.",0,0,1,https://twitter.com/andrefernm/status/1625692162716303360
Biano_BRDR Brasileiro e Patriota,@fabianoleonaldo,https://twitter.com/fabianoleonaldo/status/1625796026165501953,2023-02-15T09:55:53.000Z,"O problema é quem vai conduzir e quem vai ser relator, a direita não pode perder nenhuma cadeira.",1,2,8,https://twitter.com/andrefernm/status/1625692162716303360
Rachel ssunção,@Rachel_psi_,https://twitter.com/Rachel_psi_/status/1625693333124251649,2023-02-15T03:07:49.000Z,Façam mais!!! Precisamos de mais!!!,0,0,3,https://twitter.com/andrefernm/status/1625692162716303360
Ed,@Ed23727691,https://twitter.com/Ed23727691/status/1625784895577509889,2023-02-15T09:11:39.000Z,É preciso recuperar minimamente a dignidade da Instituição Senado Federal!,0,0,1,https://twitter.com/andrefernm/status/1625692162716303360
Lih Santos,@Lisandr87104998,https://twitter.com/Lisandr87104998/status/1626157104556912641,2023-02-16T09:50:40.000Z,"@astro_pontes continue nessa linha, não nos decepcione.",0,0,1,https://twitter.com/andrefernm/status/1625692162716303360
Gis - O meu general é Cristo,@GisCilli,https://twitter.com/GisCilli/status/1625696872324124673,2023-02-15T03:21:53.000Z,"Parabéns, queremos a verdade",0,0,11,https://twitter.com/andrefernm/status/1625692162716303360
Marcel Fernandes,@MarcelFerNunes,https://twitter.com/MarcelFerNunes/status/1625803654228848641,2023-02-15T10:26:11.000Z,Parabéns @andrefernm ! A juventude vai renovar esse Brasil 🇧🇷💚,0,0,1,https://twitter.com/andrefernm/status/1625692162716303360
Odailson Nogueira,@Odailson73,https://twitter.com/Odailson73/status/1625809376954011650,2023-02-15T10:48:56.000Z,Deveriam também colher as assinaturas para pautar as dezenas de pedidos de impechment dos ministros.,0,1,1,https://twitter.com/andrefernm/status/1625692162716303360
Everton Borges,@evertonborgesbr,https://twitter.com/evertonborgesbr/status/1625857555389091840,2023-02-15T14:00:22.000Z,"Até que enfim alguém está fazendo alguma coisa para ajudar essas pessoas.
Veremos se isso realmente será efetivo, ou se é somente blá blá blá para enganar trouxa.",1,1,6,https://twitter.com/andrefernm/status/1625692162716303360
Claudiney Cogo,@ClaudineyCogo,https://twitter.com/ClaudineyCogo/status/1625802967482880000,2023-02-15T10:23:28.000Z,"Caros senadores @Sen_Oriovisto e @FlavioArns, a quem investi meu voto conscientemente. Estou aguardando a assinatura dos senhores. Precisamos esclarecer tudo isso de vez. Ou devemos ou não devemos. Temos o direito de saber. De que lado estão agora?",0,7,15,https://twitter.com/andrefernm/status/1625692162716303360
Ludu,@demetrius_luis,https://twitter.com/demetrius_luis/status/1625816989854797825,2023-02-15T11:19:11.000Z,"Kkkkk é uma piada, os senadores que eram contra a CPMI da COVID fazendo isso...
Deixa eu contar uma coisa para vcs..CADEIA é isso aí todo mundo se diz inocente nem estavam no local...",1,0,6,https://twitter.com/andrefernm/status/1625692162716303360
Nely,@nelyferreira02,https://twitter.com/nelyferreira02/status/1625994964663410689,2023-02-15T23:06:23.000Z,Up,0,0,0,https://twitter.com/andrefernm/status/1625692162716303360
R Luiz,@RLuiz_72,https://twitter.com/RLuiz_72/status/1625822668686491648,2023-02-15T11:41:45.000Z,"O omisso do Romário, nada..",0,0,0,https://twitter.com/andrefernm/status/1625692162716303360
Ailton,@AILTONGOMESMON1,https://twitter.com/AILTONGOMESMON1/status/1625788073622503425,2023-02-15T09:24:17.000Z,👍,0,0,0,https://twitter.com/andrefernm/status/1625692162716303360
Marta Lima,@MartaLimaCamelo,https://twitter.com/MartaLimaCamelo/status/1625806622453862401,2023-02-15T10:37:59.000Z,"Façam essa CPI urgente 🚨 AS PESSOAS QUW FORAM LEVADAS NA SUA MAIORIA NÃO TEM NADA A VER COM ESSE VANDALISMO, TEMOS VÍDEOS QUE PROVAM QUE OS INFILTRADOS PROVOCARAM O VANDALISMO",0,0,0,https://twitter.com/andrefernm/status/1625692162716303360
ivna borges,@ivanagarcia1962,https://twitter.com/ivanagarcia1962/status/1625942469182427152,2023-02-15T19:37:47.000Z,Kd os 32??,0,0,0,https://twitter.com/andrefernm/status/1625692162716303360
Carlos heynen,@carlos_heynen,https://twitter.com/carlos_heynen/status/1626339807021486081,2023-02-16T21:56:40.000Z,"A CPI DA COVID, demorou só 24 horas para ser instalada, essa CPMI vai demorar qtos meses,vergonha.",1,0,0,https://twitter.com/andrefernm/status/1625692162716303360
Gilson Fonseca,@ggilfon,https://twitter.com/ggilfon/status/1625864084758360064,2023-02-15T14:26:19.000Z,Onde está o Carlos Viana?,0,0,0,https://twitter.com/andrefernm/status/1625692162716303360
Heins Hackbarth Junior,@heins_junior,https://twitter.com/heins_junior/status/1625789295297540097,2023-02-15T09:29:08.000Z,"É preciso apurar de forma individualizada os responsáveis e os mandantes pelos atos de vandalismo, também os responsáveis e aqueles que cumpriram ordens ilegais ao levarem os presos políticos para o campo de concentração, sejam eles togados ou não.",2,12,64,https://twitter.com/andrefernm/status/1625692162716303360
JCF,@Fonsec1Jcf,https://twitter.com/Fonsec1Jcf/status/1625895151011782657,2023-02-15T16:29:46.000Z,"Ueh senador @carlosaviana, por quem motivo não assinou???",0,0,0,https://twitter.com/andrefernm/status/1625692162716303360
Djan,@Djan00392004,https://twitter.com/Djan00392004/status/1625846235528560641,2023-02-15T13:15:23.000Z,O meu está aí. Parabéns @cleitinhotmj .,0,0,0,https://twitter.com/andrefernm/status/1625692162716303360
Ana Cristina Rodrigues,@AnaCris60051493,https://twitter.com/AnaCris60051493/status/1625979302649921537,2023-02-15T22:04:09.000Z,👏👏👏👏👏👏,0,0,0,https://twitter.com/andrefernm/status/1625692162716303360
Andre Silva,@AndreSilvaRei,https://twitter.com/AndreSilvaRei/status/1625892016415539202,2023-02-15T16:17:18.000Z,"CPI, isso não passa de uma palhaçada.",0,0,0,https://twitter.com/andrefernm/status/1625692162716303360
vilmar ferreira,@vilmarpf,https://twitter.com/vilmarpf/status/1625785437871538179,2023-02-15T09:13:48.000Z,Aproveitem enquanto o Dilmo está juntando dinheiro !!!,0,0,0,https://twitter.com/andrefernm/status/1625692162716303360
Jeonice Spengler,@JeoniceSpengle2,https://twitter.com/JeoniceSpengle2/status/1625871470558646272,2023-02-15T14:55:40.000Z,Gratidão 🙏🏻,0,0,0,https://twitter.com/andrefernm/status/1625692162716303360
Geraldinamorais Morais,@Geraldinamorai1,https://twitter.com/Geraldinamorai1/status/1625812275826237442,2023-02-15T11:00:27.000Z,@carlosaviana  vamos lá Senador assina!!,0,0,1,https://twitter.com/andrefernm/status/1625692162716303360
Dalila Mansur,@DalilaMansur,https://twitter.com/DalilaMansur/status/1625856117266939904,2023-02-15T13:54:39.000Z,Muito bom!!!🙏🇧🇷,0,0,0,https://twitter.com/andrefernm/status/1625692162716303360
Érica_sonaro ☭⃠,@rica00627419,https://twitter.com/rica00627419/status/1625821634820026368,2023-02-15T11:37:38.000Z,"@wevertonrocha @elizianegama @anapaulalobato_ 
Assinem",0,0,0,https://twitter.com/andrefernm/status/1625692162716303360
AngeladeCamposSalles 4a conta,@aline_csalles,https://twitter.com/aline_csalles/status/1625872128271609858,2023-02-15T14:58:17.000Z,Obrigada aos envolvidos .... e isso que o povo quer.... vamos a luta para que a verdade seja restabelecida.,0,0,0,https://twitter.com/andrefernm/status/1625692162716303360
Maria Silva,@MariaSi37689473,https://twitter.com/MariaSi37689473/status/1625896278327537666,2023-02-15T16:34:15.000Z,"Parabéns aos Srs. Senadores que, honrosamente, assinaram para Instauração da CPMI do 08 de Janeiro.  Ainda bem que o Senador do meu estado RN assinou.",0,0,0,https://twitter.com/andrefernm/status/1625692162716303360
Fiscal Parlamentar de Direita #PL2630Não,@FiscalDireita,https://twitter.com/FiscalDireita/status/1625752777438756864,2023-02-15T07:04:01.000Z,Agora a luta é na Câmara!,1,1,11,https://twitter.com/andrefernm/status/1625692162716303360
Davidson Patrick,@Davidsonrealofc,https://twitter.com/Davidsonrealofc/status/1625693001316958209,2023-02-15T03:06:30.000Z,Os Senadores Carlos Viana e Rodrigo Pacheco são duas vergonhas pra Minas Gerais ...  🤢🤮#CPMI08DEJANEIRO,2,5,111,https://twitter.com/andrefernm/status/1625692162716303360
Sheila Pinto,@SheilaPinto75,https://twitter.com/SheilaPinto75/status/1625694083028070402,2023-02-15T03:10:47.000Z,"Eu esperava que os 32 que votaram em Marinho para Presidente do Senado, votassem para CPMI do dia 08 de janeiro!",11,19,281,https://twitter.com/andrefernm/status/1625692162716303360
Gomes,@mao_direita,https://twitter.com/mao_direita/status/1625698992972595200,2023-02-15T03:30:18.000Z,Senador @angelocoronel_ a Bahia também merece saber a verdade sobre esses atos do dia 08/01. Onde está a assinatura do senhor?,5,11,149,https://twitter.com/andrefernm/status/1625692162716303360
John McClane,@Adriano50867503,https://twitter.com/Adriano50867503/status/1625699201723015169,2023-02-15T03:31:08.000Z,"@astro_pontes … parabéns , senador…  faça meu voto valer a pena!!! Sucesso!!!👏🏻👏🏻👏🏻👏🏻🇧🇷🇧🇷🇧🇷🇧🇷",0,6,93,https://twitter.com/andrefernm/status/1625692162716303360
Judson Fabiano Pereira,@judson_fabiano,https://twitter.com/judson_fabiano/status/1625785980912377856,2023-02-15T09:15:58.000Z,@Sen_Oriovisto o Paraná nunca digo e repito nunca mais irá eleger o senhor para nada nem síndico agora iremos começar apoiar @PauloMartins10 chega de político lutando contra o povo...,5,6,61,https://twitter.com/andrefernm/status/1625692162716303360
ANDREA SOUZA,@ajastes,https://twitter.com/ajastes/status/1625792038321942531,2023-02-15T09:40:02.000Z,Paeabéns a todos os Senadores que estão COMPROMETIDOS com o POVO e com a NAÇÃO. Que Deus os abençõe e os direcionem com bastanre sabedoria🙌🙏,1,4,45,https://twitter.com/andrefernm/status/1625692162716303360
Walter Dawidowicz,@WalterDawcz,https://twitter.com/WalterDawcz/status/1625794365040865281,2023-02-15T09:49:17.000Z,@Sen_Oriovisto deve estar aí pra nada pelo jeito !! @FlavioArns já esperava !!! Parabéns ao @SF_Moro !!!,3,3,59,https://twitter.com/andrefernm/status/1625692162716303360
Marcelo,@Marcelosuzart1,https://twitter.com/Marcelosuzart1/status/1625812753347756033,2023-02-15T11:02:21.000Z,"Mais uma vez aquele que foi um dos maiores craques do futebol mundial, mas na política continua sendo um pereba segue jogando contra o Brasil. @RomarioOnze você é uma decepção!",1,0,33,https://twitter.com/andrefernm/status/1625692162716303360
andreia vieira,@andreia35443760,https://twitter.com/andreia35443760/status/1625819291823009792,2023-02-15T11:28:20.000Z,Façam justiça por todos que morreram e estão presos injustamente!  Que  a verdade apareça! Parabéns!,3,3,121,https://twitter.com/andrefernm/status/1625692162716303360
Aletuza Bonini,@AletuzaB,https://twitter.com/AletuzaB/status/1625705599391391744,2023-02-15T03:56:33.000Z,"Estamos ansiosos pela verdade.
Parabéns aos Senadores que assinaram.
Agora precisamos dos Deputados para completar a CPMI.",1,1,12,https://twitter.com/andrefernm/status/1625692162716303360
josesodezonho,@josedremaiss,https://twitter.com/josedremaiss/status/1625721351188230144,2023-02-15T04:59:09.000Z,Não tô vendo o nome do Dalagnhol,45,5,6,https://twitter.com/andrefernm/status/1625692162716303360
LIBERDADE ACIMA DE TUDO!,@MariaMa15480785,https://twitter.com/MariaMa15480785/status/1625732410787651584,2023-02-15T05:43:06.000Z,"E aí @SenadorKajuru, @rodrigopacheco também lhe pediu para não votar a favor da CPMI? Mais alguma ""dívida de gratidão""?",1,4,16,https://twitter.com/andrefernm/status/1625692162716303360
JêHoyos,@JeHoyos,https://twitter.com/JeHoyos/status/1625748092665446402,2023-02-15T06:45:24.000Z,"Hora de trazer toda a verdade a público! Hora de ver os verdadeiros culpados punidos, inclusive os agentes públicos e especialmente o judiciário que violou e segue violando TODAS as garantias legais do devido processo legal!",2,28,251,https://twitter.com/andrefernm/status/1625692162716303360
Robson Ramos,@RobsonR18929678,https://twitter.com/RobsonR18929678/status/1625778525222408193,2023-02-15T08:46:20.000Z,Alô @RomarioOnze eu e minha família votamos em vc pq acreditamos na sua responsabilidade com o povo baixola.  Faça mais esse gol 💪👊,3,6,21,https://twitter.com/andrefernm/status/1625692162716303360
Sol,@SolCasagrandi,https://twitter.com/SolCasagrandi/status/1625807487743000576,2023-02-15T10:41:25.000Z,"Lamentável que a bancada feminina que tanto cobra por  espaço e representatividade, mais uma vez se omiti do seu compromisso com a nação. Parabéns as senadoras @DamaresAlves  @TerezaCrisMS  pela  assinatura, obrigada por nos representar.",0,6,44,https://twitter.com/andrefernm/status/1625692162716303360
Daniella,@DaniellaCAmaral,https://twitter.com/DaniellaCAmaral/status/1625824291798360064,2023-02-15T11:48:12.000Z,Obrigada @sen_wellington fazendo jus ao mandato q os mato-grossenses te confiaram. Já não podemos dizer o mesmo do @JaymeCampos251 e da @margabuzetti q viraram as costas para o povo é só atendem os interesses dos gdes empresários. 4 anos voa…,0,8,46,https://twitter.com/andrefernm/status/1625692162716303360
"Liberdade, volta?",@VoltaLiberdade,https://twitter.com/VoltaLiberdade/status/1625828068949475330,2023-02-15T12:03:12.000Z,"Parabéns, nobres senadores!
Tem que acabar com essa de culpar os inocentes para inocentar os culpados.#CPI #CPI08deJaneiroJá #CPMI8DEJANEIRO #cpide08dejaneiro",2,6,13,https://twitter.com/andrefernm/status/1625692162716303360
Jorge Egert,@JorgeEgert,https://twitter.com/JorgeEgert/status/1625832740632363008,2023-02-15T12:21:46.000Z,"Parabéns aos dois representantes capixabas, que estão na lista, o @MagnoMalta e o @marcosdoval ! Porque o @ContaratoSenado não quer dar o apoio dele? Afinal, esclarecimentos devem ser dados á sociedade!",3,3,33,https://twitter.com/andrefernm/status/1625692162716303360
Silvi@ Cost@,Silvi@ Cost@,https://twitter.com/SilviaC03996684/status/1625847300877848576,2023-02-15T13:19:37.000Z,Só esperamos que o presidente dessa CPMI não venha ser um ptista.,1,2,8,https://twitter.com/andrefernm/status/1625692162716303360
Erika A curiosidade tem o seu charme.,@terrivelmenteJb,https://twitter.com/terrivelmenteJb/status/1625805849271717888,2023-02-15T10:34:55.000Z,É o quem pra hoje né. 🤷🏻‍♀️,0,0,2,https://twitter.com/andrefernm/status/1625692162716303360
CastroElaine,@ElaineDCastro,https://twitter.com/ElaineDCastro/status/1625802989670727680,2023-02-15T10:23:33.000Z,O senador que votei ( Cleitinho) assinou .,0,0,4,https://twitter.com/andrefernm/status/1625692162716303360
Sei lá,@almeida_ktia,https://twitter.com/almeida_ktia/status/1625718960447451138,2023-02-15T04:49:39.000Z,@jorgeseifjunior  Meu Querido Catarinense.👏👏👏👏 Esse é Brabo viu.,0,0,2,https://twitter.com/andrefernm/status/1625692162716303360
Criko_Freitas,@UmNovoConhecido,https://twitter.com/UmNovoConhecido/status/1625863449518436355,2023-02-15T14:23:48.000Z,"Precisam libertar os presos políticos, deputado: enquanto o STF dá habeas corpus para traficante preso, tem velhinho em cana que só quis o bem do país.
Ajuda aí.",0,0,11,https://twitter.com/andrefernm/status/1625692162716303360
Nelson,@noakeshot1,https://twitter.com/noakeshot1/status/1625800558136250368,2023-02-15T10:13:53.000Z,Está demorando...,0,0,1,https://twitter.com/andrefernm/status/1625692162716303360
Maria Branca,@MariaBr87734585,https://twitter.com/MariaBr87734585/status/1625830135466192896,2023-02-15T12:11:25.000Z,Parabéns ao senador Sérgio Moro. Queremos justiça para os presos políticos e sua soltura.,0,0,2,https://twitter.com/andrefernm/status/1625692162716303360
Laerce Machado,@LaerceMachado,https://twitter.com/LaerceMachado/status/1625795542260367363,2023-02-15T09:53:57.000Z,"Parabéns aos Senadores!  Boa Wilder de Moraes, honrando nosso Goiás, diferente dos inúteis Vanderlan e Kajuru!",0,3,5,https://twitter.com/andrefernm/status/1625692162716303360
BIBI Mascarenhas,@BibiMascarenhas,https://twitter.com/BibiMascarenhas/status/1625833205474463745,2023-02-15T12:23:37.000Z,Meu candidato ao senado está PRESO a mando de DITADORES q tomaram conta do Brasil. O outro q foi reeleito é um INÚTIL. NÃO ME REPRESENTA.,0,0,5,https://twitter.com/andrefernm/status/1625692162716303360
Sonia Cristina,@SoniaCr72863806,https://twitter.com/SoniaCr72863806/status/1625899768105902081,2023-02-15T16:48:07.000Z,Parabéns agora vamos ver quem vê os verdadeiros culpados,0,0,1,https://twitter.com/andrefernm/status/1625692162716303360
Cristiano,@Cristiano_Rosar,https://twitter.com/Cristiano_Rosar/status/1625969147128553472,2023-02-15T21:23:48.000Z,Peguem as mensagens dos celulares dos patriotas presos que vocês vão chegar rapidinho no responsável pelos ataque terrorista.,8,2,67,https://twitter.com/andrefernm/status/1625692162716303360
Adri Santos,@adriebella,https://twitter.com/adriebella/status/1625838339956912130,2023-02-15T12:44:01.000Z,"Ok, assinaturas coletadas, próximo passo, cadê?????",0,0,0,https://twitter.com/andrefernm/status/1625692162716303360
Ivan Lima,@IvanLim67761284,https://twitter.com/IvanLim67761284/status/1625811958044794882,2023-02-15T10:59:11.000Z,"Parabéns a todos, a verdade precisa ser mostrada !",0,0,0,https://twitter.com/andrefernm/status/1625692162716303360
Chadia A. Ahmad,@ManhaBella,https://twitter.com/ManhaBella/status/1625809667740909569,2023-02-15T10:50:05.000Z,Meu Senador está na lista!,0,0,0,https://twitter.com/andrefernm/status/1625692162716303360
"Deus no comando, td é do pai.",@Vilma04965362,https://twitter.com/Vilma04965362/status/1625921061987528705,2023-02-15T18:12:43.000Z,Agora vamos cobrar os deputados. Só temos 89 assinaturas.,0,0,0,https://twitter.com/andrefernm/status/1625692162716303360
#CriminalizaçãoDoComunismo FORA LULA,@JLBIASE,https://twitter.com/JLBIASE/status/1625918534055231488,2023-02-15T18:02:41.000Z,O problema é Rodrigo Pacheco aceitar. @SenadoFederal,0,0,0,https://twitter.com/andrefernm/status/1625692162716303360
GUNTHER,@DuarteGunther,https://twitter.com/DuarteGunther/status/1626203858920738816,2023-02-16T12:56:28.000Z,👏 👏 👏,0,0,0,https://twitter.com/andrefernm/status/1625692162716303360
Izilda Silva,@IzildaSilva12,https://twitter.com/IzildaSilva12/status/1626029506409426949,2023-02-16T01:23:39.000Z,Parabéns aos senadores que estão lutando pela verdade dos fatos. Que os inocentes não paguem pelos culpados 👏👏👏,0,0,0,https://twitter.com/andrefernm/status/1625692162716303360
Izilda Silva,@IzildaSilva12,https://twitter.com/IzildaSilva12/status/1626030189045067777,2023-02-16T01:26:21.000Z,"@maragabrilli em 2018 eu votei em vc, como vê eu não esqueci e nem vou esquecer até 2026. Abraços querida",0,0,0,https://twitter.com/andrefernm/status/1625692162716303360
Flavio,@facchini_r,https://twitter.com/facchini_r/status/1625782396875309058,2023-02-15T09:01:43.000Z,"Parabéns , mas estamos só no inicio!",0,0,0,https://twitter.com/andrefernm/status/1625692162716303360
WIS,@wagnerigor,https://twitter.com/wagnerigor/status/1625927471643099146,2023-02-15T18:38:12.000Z,Pacheco já sentou em cima?,0,0,0,https://twitter.com/andrefernm/status/1625692162716303360
Maria Lucia,@MariaMariaUnica,https://twitter.com/MariaMariaUnica/status/1625723042109194242,2023-02-15T05:05:52.000Z,Vai comecar a pressao dobre eles e a tentativa de comora-los.espero que nao se vendam,0,0,0,https://twitter.com/andrefernm/status/1625692162716303360
Ronaldo M P,@RonaldoMP17,https://twitter.com/RonaldoMP17/status/1625812797085954050,2023-02-15T11:02:31.000Z,Pena que vai ficar 4 anos na gaveta do Pacheco.,0,0,0,https://twitter.com/andrefernm/status/1625692162716303360
Izabel Mansano,@IzabelMansano,https://twitter.com/IzabelMansano/status/1625914662700085249,2023-02-15T17:47:18.000Z,"Teriam que cuidar em dar um pontapé , bem dado nesse impostor que se diz presidente da república",0,0,0,https://twitter.com/andrefernm/status/1625692162716303360
Catia,@Catita226,https://twitter.com/Catita226/status/1625958332430262273,2023-02-15T20:40:49.000Z,"Astronauta Marcos Pontes, me representa @astro_pontes",0,0,0,https://twitter.com/andrefernm/status/1625692162716303360
Celestino Pereira,@celepereira2,https://twitter.com/celepereira2/status/1625961536891105280,2023-02-15T20:53:33.000Z,@senadorAlessandro e @senadorLaercio por Sergipe não assinaram o pedido CPMI.,0,0,0,https://twitter.com/andrefernm/status/1625692162716303360
Carlos Boechat ᶜᴿᶠ,@CarlosBoechat1,https://twitter.com/CarlosBoechat1/status/1626318690152062976,2023-02-16T20:32:45.000Z,"Como sempre o senhor Romário do RJ decepciona o povo Carioca.
Espero que ele aproveite bem essa passagem pelo senado, e que o povo Carioca não esqueça o lado que ele esteve.",0,0,0,https://twitter.com/andrefernm/status/1625692162716303360
Suelene E S Persuhn,@SPersuhn,https://twitter.com/SPersuhn/status/1625917865869160449,2023-02-15T18:00:01.000Z,"Povo de Santa Catarina, a Senadora Ivete da Silveira não está na lista!",0,0,0,https://twitter.com/andrefernm/status/1625692162716303360
Adilson Fabossi,@FabossiA,https://twitter.com/FabossiA/status/1625926580609351694,2023-02-15T18:34:39.000Z,"@Sen_Oriovisto 
Por que ainda não assinou?",0,0,0,https://twitter.com/andrefernm/status/1625692162716303360
Daniel,@GayaNonato,https://twitter.com/GayaNonato/status/1625977998464655360,2023-02-15T21:58:58.000Z,#CPMIdo8deJaneiro,0,0,0,https://twitter.com/andrefernm/status/1625692162716303360
rita,@rita28956342,https://twitter.com/rita28956342/status/1626267784530300928,2023-02-16T17:10:29.000Z,", MEU SENADOR ESTÁ NESSA LISTA 👏👏👏👏👏👏",0,0,0,https://twitter.com/andrefernm/status/1625692162716303360
Arnaldo L Rodrigues-,@ArnaldoLBR,https://twitter.com/ArnaldoLBR/status/1625801645501169665,2023-02-15T10:18:12.000Z,🙏🇧🇷🇧🇷🇧🇷🙏,0,0,0,https://twitter.com/andrefernm/status/1625692162716303360
Patricia Assunção,@Patrici91730916,https://twitter.com/Patrici91730916/status/1626303044563378177,2023-02-16T19:30:35.000Z,"Parabéns Senadores, o Brasil agradece! Nós brasileiros estamos atentos , queremos transparência!",0,0,0,https://twitter.com/andrefernm/status/1625692162716303360
Lidia MAB,@LidiaBorgesBor1,https://twitter.com/LidiaBorgesBor1/status/1625716999463530498,2023-02-15T04:41:51.000Z,Maravilha 👏👏👏👏👏,0,0,0,https://twitter.com/andrefernm/status/1625692162716303360
Magic,@mastermyrath,https://twitter.com/mastermyrath/status/1625858693094064129,2023-02-15T14:04:54.000Z,@RomarioOnze???,0,0,0,https://twitter.com/andrefernm/status/1625692162716303360
Iodinha,@Iodinha1,https://twitter.com/Iodinha1/status/1625963161798033408,2023-02-15T21:00:01.000Z,Só isso?,0,0,0,https://twitter.com/andrefernm/status/1625692162716303360
Lamarc ECB,@JoseLamarc,https://twitter.com/JoseLamarc/status/1625732816108417024,2023-02-15T05:44:42.000Z,Parabéns,0,0,0,https://twitter.com/andrefernm/status/1625692162716303360
Adriano (Selo Azul),@AdrianoWagnerF1,https://twitter.com/AdrianoWagnerF1/status/1625874304876564482,2023-02-15T15:06:56.000Z,Só não vai rolar como sempre,0,0,0,https://twitter.com/andrefernm/status/1625692162716303360
Schutzand,@SchutzAnder,https://twitter.com/SchutzAnder/status/1625884073880166401,2023-02-15T15:45:45.000Z,@Sen_Oriovisto ?,0,0,0,https://twitter.com/andrefernm/status/1625692162716303360
Marcio Lemos,@LemosL87547869,https://twitter.com/LemosL87547869/status/1625814876823117830,2023-02-15T11:10:47.000Z,Show,0,0,0,https://twitter.com/andrefernm/status/1625692162716303360
Yelda Santana,@maria_yelda_,https://twitter.com/maria_yelda_/status/1625829203269541889,2023-02-15T12:07:43.000Z,#CPMI,0,0,0,https://twitter.com/andrefernm/status/1625692162716303360
Edy dos Santos,@edilmaris_dos,https://twitter.com/edilmaris_dos/status/1626233094587179010,2023-02-16T14:52:38.000Z,CPMI DO CÓDIGO FONTE.,0,0,0,https://twitter.com/andrefernm/status/1625692162716303360
Otavio Marinho,@Marinho12Otavio,https://twitter.com/Marinho12Otavio/status/1625874983372181509,2023-02-15T15:09:37.000Z,"O problema está no Rodrigo Pacheco.
Esse cara vai engavetar.",0,0,0,https://twitter.com/andrefernm/status/1625692162716303360
Celina Lachampt,@lachampt58,https://twitter.com/lachampt58/status/1625752733230702592,2023-02-15T07:03:51.000Z,"Parabéns, contamos com vocês!",0,0,0,https://twitter.com/andrefernm/status/1625692162716303360
Maria Madalena Monteiro Mosena Monteiro,@MariaMosena,https://twitter.com/MariaMosena/status/1626001019237720066,2023-02-15T23:30:27.000Z,"Tem todos nosso apoio,   que continuem  assim honesto e não sejam corrompidos.",0,0,0,https://twitter.com/andrefernm/status/1625692162716303360
Resiliente,@Direitissima17,https://twitter.com/Direitissima17/status/1625839539695624194,2023-02-15T12:48:47.000Z,Parabéns,0,0,0,https://twitter.com/andrefernm/status/1625692162716303360
claridade,@celielina985841,https://twitter.com/celielina985841/status/1626020524924043264,2023-02-16T00:47:57.000Z,#CPIdo08deJaneiro,0,0,0,https://twitter.com/andrefernm/status/1625692162716303360
Silvana Segóvia 22,@SilvanaSegvia1,https://twitter.com/SilvanaSegvia1/status/1625815871389110273,2023-02-15T11:14:44.000Z,Não vi a assinatura da senadora @TerezaCrisMS,0,0,0,https://twitter.com/andrefernm/status/1625692162716303360
Saulo Garcia quandocoração batetricolor éprasempre,@supergol431,https://twitter.com/supergol431/status/1625721981575258112,2023-02-15T05:01:39.000Z,PRA CIMA,0,0,0,https://twitter.com/andrefernm/status/1625692162716303360
Mel Negreiros,@Mel_L_Negreiros,https://twitter.com/Mel_L_Negreiros/status/1625749395399475200,2023-02-15T06:50:35.000Z,🥰🙏🤜🤛,0,0,0,https://twitter.com/andrefernm/status/1625692162716303360
Hica86,@aguadelouro,https://twitter.com/aguadelouro/status/1625771734468009986,2023-02-15T08:19:21.000Z,"Cadê o @randolfeap ?
Kkkkkkkkkkkkkkkkkkkkk",0,0,0,https://twitter.com/andrefernm/status/1625692162716303360
Patriboltrue,@patriboltrue,https://twitter.com/patriboltrue/status/1625715347914366977,2023-02-15T04:35:17.000Z,CPMI sim! Vai mostrar que foi Luladrão e seus comparsas q infiltraram os vandalos terroristas.,4,6,113,https://twitter.com/andrefernm/status/1625692162716303360
.......,@alessio8156,https://twitter.com/alessio8156/status/1625765181476282369,2023-02-15T07:53:19.000Z,Ainda bem q os dois senadores q ainda presta votaram a favor! Magno Malta e Marcos do val.,1,1,4,https://twitter.com/andrefernm/status/1625692162716303360
,@Ftittto,https://twitter.com/Ftittto/status/1625824812944789504,2023-02-15T11:50:16.000Z,"Olá Sen. @RomarioOnze 
.pedimos que assine o requerimento de instalação da Comissão Parlamentar Mista de Inquérito – CPMI –  para apurar os fatos do dia 8 de janeiro.",1,5,39,https://twitter.com/andrefernm/status/1625692162716303360
Jesus Invadiu a Cena,@LegendarYAN10,https://twitter.com/LegendarYAN10/status/1625804082525921281,2023-02-15T10:27:53.000Z,"Senador @RomarioOnze, o nome do Sr não está na lista. Seus eleitores merecem transparência e a verdade sobre os acontecimentos no dia 08. O Sr irá mesmo nos decepcionar?",5,3,55,https://twitter.com/andrefernm/status/1625692162716303360
Mordomia_SC,@MORDOMIA_SC,https://twitter.com/MORDOMIA_SC/status/1625863322531758080,2023-02-15T14:23:17.000Z,"PRIMEIRO, FAÇAM UM ABAIXO ASSINADO, PARA O BOLSONARO VOLTAR AO BRASIL., depois sim, poderemos falar em CPI ou CPMI, pois o principal suspeito tem que estar aqui, e não escondido da justiça.",27,1,3,https://twitter.com/andrefernm/status/1625692162716303360
Anacleto Luiz Stefanello Stefanello,@AnacletoLuizSt2,https://twitter.com/AnacletoLuizSt2/status/1625800220159123456,2023-02-15T10:12:33.000Z,"Descobri que no Paraná temos dois senadores esquerdistas Oriovisto Guimarães e Flávio Arns, nas próximas eleições nos lembraremos deles com certeza",5,0,14,https://twitter.com/andrefernm/status/1625692162716303360
Helena,@colibriazull,https://twitter.com/colibriazull/status/1625772333477634048,2023-02-15T08:21:44.000Z,"Certamente o Senador Romário, está participando de alguma Peixada.
E não foi trabalhar ...@RomarioOnze",1,2,1,https://twitter.com/andrefernm/status/1625692162716303360
Duda,@Duda27410554,https://twitter.com/Duda27410554/status/1625692994996166657,2023-02-15T03:06:28.000Z,🇧🇷👏👏👏💪,1,0,1,https://twitter.com/andrefernm/status/1625692162716303360
Jão,@JaoRochaDosSan1,https://twitter.com/JaoRochaDosSan1/status/1625694434733002752,2023-02-15T03:12:11.000Z,"Boa 👏👏👏, investiga essa bagaça direito, convoca todo mundo",1,1,26,https://twitter.com/andrefernm/status/1625692162716303360
PALMEIRENSE CARIOCA,@RO_HERMANSON1,https://twitter.com/RO_HERMANSON1/status/1625694680380764161,2023-02-15T03:13:10.000Z,Como está na câmara?? Estão faltando muitas assinaturas ainda?,0,0,7,https://twitter.com/andrefernm/status/1625692162716303360
Vania,@Vanialulima,https://twitter.com/Vanialulima/status/1626338802359836675,2023-02-16T21:52:41.000Z,Até eles comprarem pra voltar contra.,0,0,0,https://twitter.com/andrefernm/status/1625692162716303360
Jaqueline Rodrigues De Oliveira,@jaquelinerod867,https://twitter.com/jaquelinerod867/status/1625696004094787584,2023-02-15T03:18:26.000Z,"Parabéns a todos os senadores e deputados por essa atitude, o povo brasileiro conta com vcs",0,0,6,https://twitter.com/andrefernm/status/1625692162716303360
Márcia Peixoto,@MarciaPeixoto29,https://twitter.com/MarciaPeixoto29/status/1625699328328081408,2023-02-15T03:31:38.000Z,👏👏👏👏,0,0,1,https://twitter.com/andrefernm/status/1625692162716303360
Jalaska,@Paulo_Jalaska23,https://twitter.com/Paulo_Jalaska23/status/1625703545537273858,2023-02-15T03:48:24.000Z,Aê @CanaldoNegaoo mesmo que não dê em nada.  Pelo menos alguns estão agindo,0,0,1,https://twitter.com/andrefernm/status/1625692162716303360
Seja livre,@vilmar03897892,https://twitter.com/vilmar03897892/status/1625705060993835009,2023-02-15T03:54:25.000Z,Parabéns irmão que agonia de esclarecermos a verdade.,0,0,2,https://twitter.com/andrefernm/status/1625692162716303360
Jesuscristo Marcos,@JesuscristoMar2,https://twitter.com/JesuscristoMar2/status/1625710914090541057,2023-02-15T04:17:40.000Z,Parabens a todos os envolvidos.,0,0,1,https://twitter.com/andrefernm/status/1625692162716303360
Cássia,@Cssia75782907,https://twitter.com/Cssia75782907/status/1625714500119760896,2023-02-15T04:31:55.000Z,@maragabrilli cadê vc ???? Que vergonha! Nunca mais terá meu voto,0,1,5,https://twitter.com/andrefernm/status/1625692162716303360
Erivania Bezerra,@erivaniabezerra,https://twitter.com/erivaniabezerra/status/1625718608490815490,2023-02-15T04:48:15.000Z,"O Brasil está de olho, ninguém passa despercebido. Parabéns senadores 👏👏👏👏👏👏👏👏",0,0,12,https://twitter.com/andrefernm/status/1625692162716303360
Jew Right!,@thejewbearded,https://twitter.com/thejewbearded/status/1625728387774808064,2023-02-15T05:27:06.000Z,@DamaresAlves obrigado pelo seu voto pela verdade 👏🏽👏🏽👏🏽,0,0,1,https://twitter.com/andrefernm/status/1625692162716303360
Boa1971,@Boaoficial3,https://twitter.com/Boaoficial3/status/1625729465060827137,2023-02-15T05:31:23.000Z,"Parabéns André. Só uma questão: Expor os nomes dos senadores, não poderá causar pressão obscuras sob os mesmos ?",0,1,5,https://twitter.com/andrefernm/status/1625692162716303360
Jair da Silva,@Jair_da_Silva,https://twitter.com/Jair_da_Silva/status/1625926578906464281,2023-02-15T18:34:39.000Z,Grande feito.,0,0,0,https://twitter.com/andrefernm/status/1625692162716303360
M.E.C.22 Cuscuz cla,@MEC23043697,https://twitter.com/MEC23043697/status/1625875272376483840,2023-02-15T15:10:46.000Z,mas o presidente e o Pacheco ele poe tudo na gaveta,0,0,0,https://twitter.com/andrefernm/status/1625692162716303360
canja,@crollem2,https://twitter.com/crollem2/status/1625817464935264256,2023-02-15T11:21:04.000Z,Não decepcionou nosso senado,0,0,0,https://twitter.com/andrefernm/status/1625692162716303360
canja,@crollem2,https://twitter.com/crollem2/status/1625918386642223106,2023-02-15T18:02:06.000Z,Precisamos saber como está na câmera ?? Tô com uma lista que só Costa 89 assinaturas de deputados precisamos confirmar,0,0,0,https://twitter.com/andrefernm/status/1625692162716303360
Leandro,@Leandro10371891,https://twitter.com/Leandro10371891/status/1625821461154787328,2023-02-15T11:36:57.000Z,OTIMO,0,0,0,https://twitter.com/andrefernm/status/1625692162716303360
Isabel,@Isabel01220327,https://twitter.com/Isabel01220327/status/1625822067416236035,2023-02-15T11:39:21.000Z,Obrigado pessoallllll,0,0,0,https://twitter.com/andrefernm/status/1625692162716303360
Everaldo,@EveraldoGFPL,https://twitter.com/EveraldoGFPL/status/1625909092094029832,2023-02-15T17:25:10.000Z,"Legal, estão facilitando o plano do sistema, já estava desenhado, impeachment no Lula e o picolé de chuchu na presidência...",0,0,0,https://twitter.com/andrefernm/status/1625692162716303360
ISERGIO,@S3rg10Lu17,https://twitter.com/S3rg10Lu17/status/1625788362165452800,2023-02-15T09:25:25.000Z,O Romário é uma decepção.,0,0,0,https://twitter.com/andrefernm/status/1625692162716303360
Mary,@Mary29077430,https://twitter.com/Mary29077430/status/1625816763265953793,2023-02-15T11:18:17.000Z,Minha senadora do MS assinou @TerezaCrisMS 👏🏻,0,0,0,https://twitter.com/andrefernm/status/1625692162716303360
Roosevelt Bolsonaro,@RooseveltNasce1,https://twitter.com/RooseveltNasce1/status/1625919293148864517,2023-02-15T18:05:42.000Z,"Seu erro foi divulgar a lista a partir desse momento o PT vai subornar 
Ameaça
E mandar seus cães de capa preta atacar 
Avançar 
Att fazer o que são expertise destruir",0,0,0,https://twitter.com/andrefernm/status/1625692162716303360
joe,@luninha62988248,https://twitter.com/luninha62988248/status/1625705065578110977,2023-02-15T03:54:26.000Z,"isso deveria ser pauta básica de TODOS os parlamentares, não sei pq os setores da esquerda estão sendo contra. vamos ver os resultados dessa comissão",0,0,9,https://twitter.com/andrefernm/status/1625692162716303360
Iraci de Fátima Ferreira Pousa,@iraci_pousa,https://twitter.com/iraci_pousa/status/1625707241255972866,2023-02-15T04:03:05.000Z,"Parabéns senadores,em especial senador Marcos Pontes ao qual votei.",0,1,13,https://twitter.com/andrefernm/status/1625692162716303360
ValmirGFlores,@ValmirGFlores1,https://twitter.com/ValmirGFlores1/status/1625723253258870785,2023-02-15T05:06:42.000Z,"agora o Pacheco senta em cima deste pedido e todos ficam calados. 
um joguinho político.
eu faço e ele não faz e fica por isto mesmo.",0,2,4,https://twitter.com/andrefernm/status/1625692162716303360
Braga,@WBraga93,https://twitter.com/WBraga93/status/1625767813758550017,2023-02-15T08:03:46.000Z,@RomarioOnze não assinou pq?,2,0,5,https://twitter.com/andrefernm/status/1625692162716303360
Obreiro da Ursal,@Robertotiozin,https://twitter.com/Robertotiozin/status/1625782088560439296,2023-02-15T09:00:30.000Z,Não precisa ter dois neurônios pra saber que essa cpi quer é invalidar a investigação...,2,0,31,https://twitter.com/andrefernm/status/1625692162716303360
O Avallonista,@oavallonista,https://twitter.com/oavallonista/status/1625798873695354880,2023-02-15T10:07:12.000Z,"SP tinha tudo para ajudar com 3 votos. Infelizmente, um morreu fisicamente e a outra moralmente.",0,2,9,https://twitter.com/andrefernm/status/1625692162716303360
Lucia Guedes,@LuSp72,https://twitter.com/LuSp72/status/1625799816147001344,2023-02-15T10:10:56.000Z,"Essa CPMI vai ser estendida para o atentado terrorista a bomba dia 12/12/22, quando também tentaram invadir o prédio da PF e queimaram ônibus no DF?
Vão pedir também CPI para o garimpo ilegal e o caso Yanomamis?",0,1,10,https://twitter.com/andrefernm/status/1625692162716303360
rubens vieira Stos,@RRvsantos,https://twitter.com/RRvsantos/status/1625803961310580736,2023-02-15T10:27:25.000Z,"Cuidado, tem que aumentar pois tem senador que vê no número limite a oportunidade de vender a retirada da assinatura!",0,1,6,https://twitter.com/andrefernm/status/1625692162716303360
Thomaz Lipparelli,@Maverick1978gt,https://twitter.com/Maverick1978gt/status/1625815613787500544,2023-02-15T11:13:43.000Z,Só bandidos?,0,0,18,https://twitter.com/andrefernm/status/1625692162716303360
Gisele Aparecida Bueno de Camargo Monchelato,@GiseleA41062463,https://twitter.com/GiseleA41062463/status/1625823837739798529,2023-02-15T11:46:23.000Z,Tem que conseguir mais assinaturas! Pode ser estratégia de alguém tirar assinatura no último momento.,0,2,2,https://twitter.com/andrefernm/status/1625692162716303360
