nome,usuario,idTweet,dataPublicacao,texto,replies,retweets,likes,tweetPai
Teder Morás,@MorasTeder,https://twitter.com/MorasTeder/status/1626226546729164801,2023-02-16T14:26:37.000Z,Viva ❤️,0,0,0,https://twitter.com/padilhando/status/1626225301331259396
Martina Moreira,@martinamoreirax,https://twitter.com/martinamoreirax/status/1626225505379954691,2023-02-16T14:22:28.000Z,"Parabéns presidente Lula 
Brasil no rumo certo! 🚩🇧🇷",0,0,0,https://twitter.com/padilhando/status/1626225301331259396
Jhonn Benedict,@jhonnatta_bento,https://twitter.com/jhonnatta_bento/status/1626226900975890435,2023-02-16T14:28:01.000Z,Tbm esse reajuste é para iniciação para docência?,0,0,1,https://twitter.com/padilhando/status/1626225301331259396
professora,@ritabarbi,https://twitter.com/ritabarbi/status/1626228299314905091,2023-02-16T14:33:35.000Z,"Agora só falta corrigir o IR dos trabalhadores que estão levando o Brasil nas costas. Sou professora da rede municipal de São Paulo, ganho 6.000,00 e pago quase 1.000,00 de impostos, isso não é razoável.",0,0,2,https://twitter.com/padilhando/status/1626225301331259396
professora cansada,@professoracans1,https://twitter.com/professoracans1/status/1626226293208666114,2023-02-16T14:25:36.000Z,Amo!!!,0,0,0,https://twitter.com/padilhando/status/1626225301331259396
Carina,@cmartinscosta,https://twitter.com/cmartinscosta/status/1626268965507932163,2023-02-16T17:15:10.000Z,Que importante reconhecimento!!!! Parabéns ao governo,0,0,0,https://twitter.com/padilhando/status/1626225301331259396
Evaldo_PL,@EvaldoPl,https://twitter.com/EvaldoPl/status/1626255577541185549,2023-02-16T16:21:58.000Z,"@padilhando enquanto isso as superintendências dos Correios nos Estados seguem 100% bolsonarizadas, inclusive com participantes de atos antidemocráticos em cargos de chefia.",0,0,0,https://twitter.com/padilhando/status/1626225301331259396
Mauro Labiga,@LabigaMauro,https://twitter.com/LabigaMauro/status/1626251925611024386,2023-02-16T16:07:28.000Z,"Ministro,  os médicos do programa mais médicos que recebem bolsa de formação também vão ter aumento?",0,0,0,https://twitter.com/padilhando/status/1626225301331259396
June Brasil,@BrasilJune,https://twitter.com/BrasilJune/status/1626225972629626882,2023-02-16T14:24:20.000Z,⚗️🧪🧬🔭🔬📡🛰️📐📖📝📈👏👏🏿👏🏾👏🏻❤️🇧🇷🌍🤩,0,0,0,https://twitter.com/padilhando/status/1626225301331259396
