nome,usuario,idTweet,dataPublicacao,texto,replies,retweets,likes,tweetPai
MÃE DE,@AMOMEUCAO,https://twitter.com/AMOMEUCAO/status/1626979490998980608,2023-02-18T16:18:33.000Z,É PARA RIR OU CHORAR????,0,0,0,https://twitter.com/AlencarBraga13/status/1626653921933463566
MÃE DE,@AMOMEUCAO,https://twitter.com/AMOMEUCAO/status/1626979645131218944,2023-02-18T16:19:09.000Z,Dá para tomar 1 cerveja e fica srm a picanha ou comora a gordura da picanha kkkkk,0,0,0,https://twitter.com/AlencarBraga13/status/1626653921933463566
MÃE DE,@AMOMEUCAO,https://twitter.com/AMOMEUCAO/status/1626979859741147137,2023-02-18T16:20:01.000Z,"daqui uns 3 anos chega a 5 mil, só que precisamos ver a inflação como estará.",0,0,0,https://twitter.com/AlencarBraga13/status/1626653921933463566
Fabiano Rabelo,@fabianobrabelo,https://twitter.com/fabianobrabelo/status/1626659655408619521,2023-02-17T19:07:38.000Z,LULÃO TÁ ON ⭐️,0,0,0,https://twitter.com/AlencarBraga13/status/1626653921933463566
Marisa victorio da silva,@victorio_marisa,https://twitter.com/victorio_marisa/status/1626660485301956610,2023-02-17T19:10:56.000Z,"🗣️🎙️Aqui tem governo!  #FazoL⭐ ✊✔️O Brasil vai voltar a ter aumento real do salário mínimo com @LulaOficial !
Reposição da inflação + crescimento do PIB. Aqui tem governo!",0,0,0,https://twitter.com/AlencarBraga13/status/1626653921933463566
