nome,usuario,idTweet,dataPublicacao,texto,replies,retweets,likes,tweetPai
Tiago SEP,@T10Trooper,https://twitter.com/T10Trooper/status/1630309142693912581,2023-02-27T20:49:23.000Z,"Kkkkkkkkkkkkkkkkk

Ou seja: isenção de 5 mil assinada para 2026",1,0,2,https://twitter.com/AlencarBraga13/status/1626342755956928512
ADAMIAO PROSPERO,@secretarioptco1,https://twitter.com/secretarioptco1/status/1626393557190705156,2023-02-17T01:30:15.000Z,"Lula tem feito em 2 meses mais que o bolsonaro em 4, vamos em frente que o Brasil é de todos",4,0,1,https://twitter.com/AlencarBraga13/status/1626342755956928512
robertoalmeidaperes,@roberto62271657,https://twitter.com/roberto62271657/status/1626357947893784578,2023-02-16T23:08:45.000Z,Lula nossa esperança!!!,0,0,1,https://twitter.com/AlencarBraga13/status/1626342755956928512
Italo Portela,@ItaloPortela7,https://twitter.com/ItaloPortela7/status/1630320993720758281,2023-02-27T21:36:29.000Z,"Teremos pela primeira vez na história um presidente em pleno exercício do seu mandato preso, que pena",0,0,0,https://twitter.com/AlencarBraga13/status/1626342755956928512
João Sabino,@JohanoSouzaBR,https://twitter.com/JohanoSouzaBR/status/1626381759733460992,2023-02-17T00:43:22.000Z,"Com a máxima vênia, também quero que todos os brasileiros tenham uma vida digna. Humana. Porém será mesmo que esse modelo de tributação é a mais coerente? Veja: nascemos e já estamos obrigados a pagar impostos: eu proponho algo novo - a tributação apenas das pessoas jurídicas.",0,0,0,https://twitter.com/AlencarBraga13/status/1626342755956928512
Divino Caldas,@DivinoCaldas,https://twitter.com/DivinoCaldas/status/1626534783957229571,2023-02-17T10:51:26.000Z,Salvador da pátria!!,0,0,0,https://twitter.com/AlencarBraga13/status/1626342755956928512
Giba Lovecats,@Gilvalente2011,https://twitter.com/Gilvalente2011/status/1630222758255706112,2023-02-27T15:06:08.000Z,corrigir a tabela toda e nao apenas a faixa de isenção pela inflação do ano anterior deveria ser obrigatório de todo governante.,0,0,1,https://twitter.com/AlencarBraga13/status/1626342755956928512
Ork,@zabor_1,https://twitter.com/zabor_1/status/1630479664249438208,2023-02-28T08:06:59.000Z,"""Nunca conheça seu ídolo."" 😂",0,0,0,https://twitter.com/AlencarBraga13/status/1626342755956928512
Marcelo Alvez campos,@AlvezCampos37,https://twitter.com/AlvezCampos37/status/1626386159289917441,2023-02-17T01:00:51.000Z,É que na verdade todo mundo quer com o Paulo Lula né mas ninguém sabe o que tá acontecendo de verdade porque se parar eles mesmo matam igual os outros presidentes que aconteceram pelo mundo né então assim a situação vai cada vez piorar mais e o negócio não vai chegar em lugar ne,0,0,0,https://twitter.com/AlencarBraga13/status/1626342755956928512
Marcelo Alvez campos,@AlvezCampos37,https://twitter.com/AlvezCampos37/status/1626385898383282176,2023-02-17T00:59:49.000Z,É que na verdade é uma grande mentira né vamos dizer a verdade vem mentira do bolsonaro e me tira do Lula porque assim essa mentira é por causa do que eles gastaram né eles gastaram mais que eles podiam e agora eles têm que dar conta para pagar os investimentos que vieram de fora,0,1,1,https://twitter.com/AlencarBraga13/status/1626342755956928512
Marcelo Alvez campos,@AlvezCampos37,https://twitter.com/AlvezCampos37/status/1626386040293302273,2023-02-17T01:00:23.000Z,Porque assim ó eles aumentaram o salário do presidente do senado da justiça do senadores dos deputados federais Da onde Da onde que eles vão ganhar o dobro que já ganham sendo que a população uma parte tão passando fome outra parte estão morrendo outra parte está passando por sit,0,0,2,https://twitter.com/AlencarBraga13/status/1626342755956928512
alex martins,@quotidianum,https://twitter.com/quotidianum/status/1630364024952037379,2023-02-28T00:27:28.000Z,#LulaMentiroso,0,0,0,https://twitter.com/AlencarBraga13/status/1626342755956928512
José Donizetti,@JosDonizettiVi3,https://twitter.com/JosDonizettiVi3/status/1626345417083432963,2023-02-16T22:18:58.000Z,#LulaNaCNNBrasil #UniãoEmReconstrução,0,0,1,https://twitter.com/AlencarBraga13/status/1626342755956928512
jose nery,@josenery53,https://twitter.com/josenery53/status/1629986407358898183,2023-02-26T23:26:57.000Z,#FazoL.,0,0,1,https://twitter.com/AlencarBraga13/status/1626342755956928512
Douglas Roberto,@Douglas73635135,https://twitter.com/Douglas73635135/status/1626417123265323008,2023-02-17T03:03:54.000Z,Galega linda da porra 😘😊,0,0,0,https://twitter.com/AlencarBraga13/status/1626342755956928512
João Braz,@brazjbs,https://twitter.com/brazjbs/status/1630310661216432129,2023-02-27T20:55:25.000Z,Se não fosse o Pai da mentira falando … Dava pra se iludir com muita tranquilidade !,0,0,2,https://twitter.com/AlencarBraga13/status/1626342755956928512
André O Ferreira,@AndOFerreira2,https://twitter.com/AndOFerreira2/status/1630341457792888833,2023-02-27T22:57:48.000Z,"Se até papagaio fala imagina bandido.
Esse em questão está falando a tempo e nada sai das falas.",0,0,0,https://twitter.com/AlencarBraga13/status/1626342755956928512
Polaco Sovierzoski,@FJSovierzoski,https://twitter.com/FJSovierzoski/status/1630324726810787840,2023-02-27T21:51:19.000Z,"Acredite, está  no caminho.",0,0,0,https://twitter.com/AlencarBraga13/status/1626342755956928512
Celso Adriano,@CelsoAdriano16,https://twitter.com/CelsoAdriano16/status/1630282344090284035,2023-02-27T19:02:54.000Z,"aaa a gasolina vai ficar mais cara faz o L. 
ministro do lula usando jatinho da FAB para ir a leilão de cavalo faaaaaaz o L",0,0,1,https://twitter.com/AlencarBraga13/status/1626342755956928512
Nenel Patriota,@Nenel2013,https://twitter.com/Nenel2013/status/1630315047682490373,2023-02-27T21:12:51.000Z,"Tu vê que o discurso é daqueles antigos jargões para responder um jornalista, a mentira é  parceira desse meliante!",0,0,0,https://twitter.com/AlencarBraga13/status/1626342755956928512
Sou Relíquia,@PDonael,https://twitter.com/PDonael/status/1631011673413767190,2023-03-01T19:21:00.000Z,"O importante é sair bonito na foto, a conta agente vê depois 🤡🍷",0,0,0,https://twitter.com/AlencarBraga13/status/1626342755956928512
Jogo4,@Jogo48,https://twitter.com/Jogo48/status/1630421432185286660,2023-02-28T04:15:35.000Z,"Falar é fácil, agora se sustentar banqueiros e achar que apoiando os bancos isso vai mudar🤣.
Vou esperar pelo Hadad 🤣🤣.
A questão é simples, diminuir a distribuição de renda ao pobre e gerar empregos.
E incentivar as microempresas, com isenção imposto, isso gera empregos.",0,0,0,https://twitter.com/AlencarBraga13/status/1626342755956928512
Hank Rearden,@HankReardenBR,https://twitter.com/HankReardenBR/status/1630317054262648832,2023-02-27T21:20:50.000Z,"só meter 20% de inflação por ano, q em 4 anos os 5mil serão o novo 2mil......rs...",0,0,1,https://twitter.com/AlencarBraga13/status/1626342755956928512
paulocesarfoliveira1966,@paulocesarfol66,https://twitter.com/paulocesarfol66/status/1630488080854446080,2023-02-28T08:40:26.000Z,Mente que nem sente. Porque não fez nos mandatos anteriores. Porque é um mentiroso contumaz.,0,0,0,https://twitter.com/AlencarBraga13/status/1626342755956928512
Alexandre Mendes,@Alexand99125051,https://twitter.com/Alexand99125051/status/1626697071003574273,2023-02-17T21:36:18.000Z,neste ponto eu concordo com ele pato rouco,0,0,0,https://twitter.com/AlencarBraga13/status/1626342755956928512
DC80,@qrzmtos,https://twitter.com/qrzmtos/status/1626394412023525377,2023-02-17T01:33:39.000Z,#RatazanaDe9Dedos,0,0,1,https://twitter.com/AlencarBraga13/status/1626342755956928512
Luiz Casagrande,@luizcasagra,https://twitter.com/luizcasagra/status/1626628362851450899,2023-02-17T17:03:17.000Z,"4 anos sem nenhuma corrupção, menor inflação que os USA e UE, maior crescimento que a China, superávit de 124 bilhões de reais, 5,5 milhões de empregos criados,  esse foi o governo Bolsonaro .",0,0,0,https://twitter.com/AlencarBraga13/status/1626342755956928512
Marisa victorio da silva,@victorio_marisa,https://twitter.com/victorio_marisa/status/1626353506213928965,2023-02-16T22:51:06.000Z,"#FazoL 🗣️ #EntrevistaLulaCNN✔️ Nesse trecho da entrevista à @CNNBrasil o @LulaOficial explica como será feita a isenção do Imposto de Renda até R$ 5 mil reais.

Lula lá Lula lá ❤️",0,0,1,https://twitter.com/AlencarBraga13/status/1626342755956928512
DC80,@qrzmtos,https://twitter.com/qrzmtos/status/1626394055356604417,2023-02-17T01:32:14.000Z,Lula é LADRÃO DESCONDENADO e BANDIDO mentiroso hj e sempre  !,0,0,1,https://twitter.com/AlencarBraga13/status/1626342755956928512
