nome,usuario,idTweet,dataPublicacao,texto,replies,retweets,likes,tweetPai
Mateus,@mateus34696482,https://twitter.com/mateus34696482/status/1626394403949379584,2023-02-17T01:33:37.000Z,@ddl_vid1,1,0,0,https://twitter.com/andrefernm/status/1626062557810237441
DDLVid Bot,@ddl_vid1,https://twitter.com/ddl_vid1/status/1626394495536308224,2023-02-17T01:33:59.000Z,@mateus34696482 ✨ Hello @mateus34696482 your download link is ready https://ddlvid.com/?id=1626062557810237441…,0,0,0,https://twitter.com/andrefernm/status/1626062557810237441
Leão Negro,@LeoNegr90727946,https://twitter.com/LeoNegr90727946/status/1626202722205679616,2023-02-16T12:51:57.000Z,"Infelizmente não será só para quem votou nele não
Quem pôs o nove dedos lá não foi a população, foi o sistema tse",3,0,9,https://twitter.com/andrefernm/status/1626062557810237441
Simone Lopes,@Din2Diniz,https://twitter.com/Din2Diniz/status/1626191130663460865,2023-02-16T12:05:53.000Z,"É, mas o atual presidente nunca fugiu. Enfrentou tudo. E o ex presidente seu líder fugiu, está fora há quase dois meses.",30,1,19,https://twitter.com/andrefernm/status/1626062557810237441
Mario,@marioslater2,https://twitter.com/marioslater2/status/1626195083862151171,2023-02-16T12:21:35.000Z,"Tenho certeza q o povo do Ceará se envergonha, de ter colocado um medíocre desses, como deputado…",1,0,5,https://twitter.com/andrefernm/status/1626062557810237441
eliana braga,@elianabragam,https://twitter.com/elianabragam/status/1626315081683279872,2023-02-16T20:18:25.000Z,@baixaessa,1,0,1,https://twitter.com/andrefernm/status/1626062557810237441
Afrania,@ggomesdecarvalh,https://twitter.com/ggomesdecarvalh/status/1626169018703921152,2023-02-16T10:38:01.000Z,A TURMA DO JAIR ESBANJANDO BOSALIDADE!!,0,0,3,https://twitter.com/andrefernm/status/1626062557810237441
Mordomia_SC,@MORDOMIA_SC,https://twitter.com/MORDOMIA_SC/status/1626207084277825536,2023-02-16T13:09:17.000Z,"Todos os brasileiros, digo todos, deveriam APLAUDIR esse aumento do salário mínimo, independete do valor do aumento. Pois no governo anterior, em 4 anos, o aumento foi ZERO centavos. Muitos metidos, tem que saber que atualizar, não é aumentar.",4,0,8,https://twitter.com/andrefernm/status/1626062557810237441
CeniraBarradas,@DiasCenira,https://twitter.com/DiasCenira/status/1626278709639495681,2023-02-16T17:53:53.000Z,"Pagamos tão caro salários e benesses destes seres, para que façam vídeos sem nexo na internet. 
Lamentável.",0,0,1,https://twitter.com/andrefernm/status/1626062557810237441
Eduardo Oliveira,@EDU_HONDA,https://twitter.com/EDU_HONDA/status/1626271814178447364,2023-02-16T17:26:29.000Z,"Não entendi a relação de mínimo com a Rouanet. 
Será q esse Sr sabe, q em 4 anos não teve reajuste real. Nessa gestão Lula, em 2 meses incompletos, esse é o segundo aumento real?!
É muito amadorismo!",5,1,6,https://twitter.com/andrefernm/status/1626062557810237441
WILACY ⚘ =》 Voto : 12 ⚘⚘⚘ ESQUERDA SEMPRE,@wilacy2,https://twitter.com/wilacy2/status/1626401195928559616,2023-02-17T02:00:36.000Z,"Pra vc vê o quanto o BOZO foi incompetente deixa EU te esclarecer que esses R$18,00 foi o maior aumento real dos últimos 4 anos,  ou seja, BOZO nunca deu amento do salário mínimo durante seu governo",1,0,2,https://twitter.com/andrefernm/status/1626062557810237441
Aramis das Farturas,@AramisBackup,https://twitter.com/AramisBackup/status/1626243587011760128,2023-02-16T15:34:19.000Z,"Isso é manipular o contexto das coisas ... mas vamos ser realistas não é dos 18 reais ou dos 5.milhoes da raia. O problema é que para ti não há nada ! 
Ou seja esse vídeo essa reacção não é política ou social... e egoísta... e de inveja ... quanto seria o teu justo ordenado?",0,0,2,https://twitter.com/andrefernm/status/1626062557810237441
Raul,@GondimRaul,https://twitter.com/GondimRaul/status/1626157490726379521,2023-02-16T09:52:12.000Z,A pessoa não tem vergonha de só falar besteiras e mentiras?,1,0,2,https://twitter.com/andrefernm/status/1626062557810237441
Mario,@marioslater2,https://twitter.com/marioslater2/status/1626196128902307840,2023-02-16T12:25:45.000Z,"Se está achando pouco, saia das redes sociais e vá trabalhar p mudar isso. Afinal, o povo não pode fazer nada, mas agora vc é deputado. Onde esteve nos últimos 4 anos? E não lembro de vc no cargo anterior, reclamando de nenhuma das inúmeras merdas, q o DESgoverno Bolsonaro fez…",1,0,2,https://twitter.com/andrefernm/status/1626062557810237441
Jenny,@Jenifer22711941,https://twitter.com/Jenifer22711941/status/1626064491526909955,2023-02-16T03:42:40.000Z,Não deixe a CPMI do dia 08 de janeiro  para segundo plano. Precisamos fazer justiça  aos  inocentes,2,3,29,https://twitter.com/andrefernm/status/1626062557810237441
ClaBen,@CLAUDIO_FOUND,https://twitter.com/CLAUDIO_FOUND/status/1626375290418069504,2023-02-17T00:17:40.000Z,"Hahaa, o final foi ótimo. Mas quero ver nas votações, André.",0,0,0,https://twitter.com/andrefernm/status/1626062557810237441
Marcellaggusmao,@Marcellaggusmao,https://twitter.com/Marcellaggusmao/status/1626173476812857345,2023-02-16T10:55:44.000Z,"Quando você fiscalizar os contratos feitos por inexigibilidade de licitação, então terá moral para questionar qualquer coisa...",7,0,10,https://twitter.com/andrefernm/status/1626062557810237441
Anderson Lopez,@andy_lopess,https://twitter.com/andy_lopess/status/1626180858750070785,2023-02-16T11:25:04.000Z,Trabalhar que é bom né kkkk,1,0,3,https://twitter.com/andrefernm/status/1626062557810237441
Criss,@crismeneses,https://twitter.com/crismeneses/status/1626089491990454273,2023-02-16T05:22:00.000Z,Jura que você foi eleito pra isso?,1,0,10,https://twitter.com/andrefernm/status/1626062557810237441
Márcio Velmo,@marciovelmo,https://twitter.com/marciovelmo/status/1626413127892979713,2023-02-17T02:48:01.000Z,#EsquerdaCriminosa #EsquerdaMentirosa,0,4,5,https://twitter.com/andrefernm/status/1626062557810237441
Pablo GoGui,@PabloGoGui,https://twitter.com/PabloGoGui/status/1626197168158658563,2023-02-16T12:29:52.000Z,"75 milhões de cartão corporativo e 18 reais a + pra vc! São 47 mil reais de salário pra esse deputado e um salário mínimo pra vc! Agora: faça L ou faça B, vc pagador de imposto sempre vai bancar essa galera pra não fazer nada!",2,0,3,https://twitter.com/andrefernm/status/1626062557810237441
Pedro Campos,@pedrocampospe,https://twitter.com/pedrocampospe/status/1626693117020721152,2023-02-17T21:20:36.000Z,"Antes do Carnaval, verdades sobre o Salário Mínimo:

- Bolsonaro foi o 1° Presidente, depois do Real, a diminuir o S.M. em sua gestão. 
- O S.M. em 2022 era R$ 1.212
- Em jan/23 passou a ser R$ 1.302 e em mai/23 aumenta para R$ 1.320

Aumento Total: R$ 108 (8,9%)
Ganho Real: ~3%",1,0,9,https://twitter.com/andrefernm/status/1626062557810237441
Roberto,@betofc89,https://twitter.com/betofc89/status/1626335885238075392,2023-02-16T21:41:05.000Z,"Mas pera aí, senhor.

Se o Lula está dando um reajuste pequeno de salário mínimo, isto não seria uma coisa boa para manter a saúde da economia? Se reajustasse para muito mais, não resultaria em inflação? 

Obs.: votei no Bolsonaro em 2018 e 2022 e nunca votei no PT.",3,0,1,https://twitter.com/andrefernm/status/1626062557810237441
Grazi Oliveira,@Grazibrittoo,https://twitter.com/Grazibrittoo/status/1626156649042923520,2023-02-16T09:48:52.000Z,"É pior que uma piada de mal gosto, ainda tem gente que idolatra esse 🐙🐙🐙🤡🤡🤡",1,0,4,https://twitter.com/andrefernm/status/1626062557810237441
Nogueira,@Jrnogueira30,https://twitter.com/Jrnogueira30/status/1626164977148080128,2023-02-16T10:21:57.000Z,E qual é a sua proposta de aumento do  salário mínimo? Ou só tá ganhando links na internet?,1,0,3,https://twitter.com/andrefernm/status/1626062557810237441
Gizelia,@Gizelia34851374,https://twitter.com/Gizelia34851374/status/1626165433777750017,2023-02-16T10:23:46.000Z,"Faz o L, faz o L seus 🤡🤡🤡🤡🤡😂",1,0,3,https://twitter.com/andrefernm/status/1626062557810237441
Thiago,@th1sc4,https://twitter.com/th1sc4/status/1626206099899572224,2023-02-16T13:05:22.000Z,"Da vergonha de ver políticos falando de salário mínimo. Da esquerda pra direita, nenhum tem moral pra falar desse assunto, nao fazem ideia do que é viver com esse salário, vivem no luxo pago por nós que vamos receber esses 18 de aumento.",1,1,9,https://twitter.com/andrefernm/status/1626062557810237441
Rick Lima,@RickLim39328088,https://twitter.com/RickLim39328088/status/1626178744581775362,2023-02-16T11:16:40.000Z,Bolsonarista falando de aumento do salário mínimo? kkkkk,1,0,3,https://twitter.com/andrefernm/status/1626062557810237441
т¡ค,@tttamaio,https://twitter.com/tttamaio/status/1626175977947537408,2023-02-16T11:05:40.000Z,Lula me tirou da pobreza❤️,0,0,0,https://twitter.com/andrefernm/status/1626062557810237441
Francisco Guerra,@ffreireguerra,https://twitter.com/ffreireguerra/status/1626144832157614087,2023-02-16T09:01:54.000Z,"Tá igual, 18% pro STF e R$ 18 pro trabalhador",1,2,14,https://twitter.com/andrefernm/status/1626062557810237441
Prof Paulo Roberto - Endireita Eusébio,@profpaulosabino,https://twitter.com/profpaulosabino/status/1626326482355212296,2023-02-16T21:03:43.000Z,Pão e circo garantido,0,0,0,https://twitter.com/andrefernm/status/1626062557810237441
queen,@isasendaria,https://twitter.com/isasendaria/status/1626062689498722304,2023-02-16T03:35:30.000Z,Lula segue fazendo tudo de bom,1,0,0,https://twitter.com/andrefernm/status/1626062557810237441
Fernanda,@nandacal,https://twitter.com/nandacal/status/1626068723214987264,2023-02-16T03:59:29.000Z,👏👏👏👏👏👏,0,0,0,https://twitter.com/andrefernm/status/1626062557810237441
Brandão Vera-,@brandaovera,https://twitter.com/brandaovera/status/1626314790011379713,2023-02-16T20:17:16.000Z,Kkkkk,0,0,0,https://twitter.com/andrefernm/status/1626062557810237441
Junior,@JuniorPN2009,https://twitter.com/JuniorPN2009/status/1626374867409854466,2023-02-17T00:15:59.000Z,4 anos p chorar kkk,0,0,0,https://twitter.com/andrefernm/status/1626062557810237441
Isaías 59.14,@BRUNOOLIVER012,https://twitter.com/BRUNOOLIVER012/status/1626586149262356484,2023-02-17T14:15:33.000Z,"5.000.000 dividido por 1320= 3.787,878787878788.",0,0,0,https://twitter.com/andrefernm/status/1626062557810237441
Diego Pontes Sampaio,@Diego__Pontes,https://twitter.com/Diego__Pontes/status/1626209154833555456,2023-02-16T13:17:30.000Z,@BaixadorDeVideo,1,0,1,https://twitter.com/andrefernm/status/1626062557810237441
◤✠◢,@NeryPedrolucas,https://twitter.com/NeryPedrolucas/status/1626233927156518912,2023-02-16T14:55:56.000Z,É o lula porra respeita!!! Kkkkkkk 🤣🤣🤣🤣🤣🤣,0,0,0,https://twitter.com/andrefernm/status/1626062557810237441
Joice Leão,@Joiceleao12,https://twitter.com/Joiceleao12/status/1626282520214904834,2023-02-16T18:09:02.000Z,Kkkk faz o L,0,0,1,https://twitter.com/andrefernm/status/1626062557810237441
Vivian Schlogel,@SchlogelVivian,https://twitter.com/SchlogelVivian/status/1626340258919874560,2023-02-16T21:58:28.000Z,Com esse aumento o trabalhador vai quase poder comprar 200 GRAMAS de picanha nacional! Faz o L!!!!!!🤡,0,0,0,https://twitter.com/andrefernm/status/1626062557810237441
bolicheiro,@obolicheiroo,https://twitter.com/obolicheiroo/status/1626381936426995712,2023-02-17T00:44:05.000Z,@BaixaEssaPorra,0,0,0,https://twitter.com/andrefernm/status/1626062557810237441
Gleyton Santos,@GleytonSantos19,https://twitter.com/GleytonSantos19/status/1626344032816320518,2023-02-16T22:13:28.000Z,"Eitaaaa,cadê o povo do Pai dos pobres??😂😂🤣🤣",0,0,0,https://twitter.com/andrefernm/status/1626062557810237441
Carpercasccardoso,@Carpercasccard1,https://twitter.com/Carpercasccard1/status/1626249049354428425,2023-02-16T15:56:02.000Z,"O bandido do Bolsonaro , estreitou o salario mínimo por quatro anos",0,0,0,https://twitter.com/andrefernm/status/1626062557810237441
Bruno Oliveira,@BrunoOl64993370,https://twitter.com/BrunoOl64993370/status/1626282049924472833,2023-02-16T18:07:10.000Z,Moleque na câmara!!!!,0,0,0,https://twitter.com/andrefernm/status/1626062557810237441
Edvalter Cerqueira,@EdvalterCerque1,https://twitter.com/EdvalterCerque1/status/1626368440561721344,2023-02-16T23:50:27.000Z,Faz o L,0,0,0,https://twitter.com/andrefernm/status/1626062557810237441
CLEITON SERRA,@CleitonSerra77,https://twitter.com/CleitonSerra77/status/1626287735538319360,2023-02-16T18:29:45.000Z,🤣🤣🤣Faz o L agora e vem🤣🤣🤣,0,0,0,https://twitter.com/andrefernm/status/1626062557810237441
OutBreak,@ou7break,https://twitter.com/ou7break/status/1626193862795337728,2023-02-16T12:16:44.000Z,@BaixadorDeVideo,1,0,0,https://twitter.com/andrefernm/status/1626062557810237441
José Silva,@souozedasilva,https://twitter.com/souozedasilva/status/1626311199062122496,2023-02-16T20:02:59.000Z,"Mas o presidente que você queria, mesmo sem Rouanet, aprovou um salário muito menor que isso.",0,0,4,https://twitter.com/andrefernm/status/1626062557810237441
gaosilva,@gaosilva4,https://twitter.com/gaosilva4/status/1626171375277809668,2023-02-16T10:47:23.000Z,Otário!,1,2,18,https://twitter.com/andrefernm/status/1626062557810237441
Iago na,@almeiidaiago_10,https://twitter.com/almeiidaiago_10/status/1626197538960297984,2023-02-16T12:31:21.000Z,@BaixadorDeVideo @BaixadorDeVide0,1,0,0,https://twitter.com/andrefernm/status/1626062557810237441
RodrigoViana,@Rodrigo02156861,https://twitter.com/Rodrigo02156861/status/1626353183961366531,2023-02-16T22:49:49.000Z,"Estou aqui RASPA diz aí, 5 milhões é Claudia raia?! Procurando palco né, me diz tb quanto o Gustavo lima tirou no governo mequetrefe q tu diz ser defensor, mas tu taí pra isso né pensa q o congresso é uma rede social, esperando esse sorrisinho com o XANDÃO na hora certa.",0,0,0,https://twitter.com/andrefernm/status/1626062557810237441
Felipe Reis¹³,@FelipeReisGalo,https://twitter.com/FelipeReisGalo/status/1626182708610179072,2023-02-16T11:32:25.000Z,@BaixadorDeVideo,1,0,0,https://twitter.com/andrefernm/status/1626062557810237441
"""Jonny""",@jorgevi29806946,https://twitter.com/jorgevi29806946/status/1626232590704459776,2023-02-16T14:50:38.000Z,"não sei pq vcs ficam chocados dos petistas ñ criticarem isso, eles sempre se contentaram com migalhas dada a quem ñ gosta de trabalhar, sempre viveram de auxílios então nd os abala e segue o baile !!! L",0,0,4,https://twitter.com/andrefernm/status/1626062557810237441
gabriel,@gamezista,https://twitter.com/gamezista/status/1626235736512135168,2023-02-16T15:03:08.000Z,600bi pros bilionários q faturam com a dívida pública,0,0,0,https://twitter.com/andrefernm/status/1626062557810237441
Luzia de Lima,@LuziadeLima12,https://twitter.com/LuziadeLima12/status/1626366679935512578,2023-02-16T23:43:27.000Z,🤣,0,0,0,https://twitter.com/andrefernm/status/1626062557810237441
FERNANDO SANTOS,@Fernandops1984,https://twitter.com/Fernandops1984/status/1626195789457375232,2023-02-16T12:24:24.000Z,😂😂😂,0,0,0,https://twitter.com/andrefernm/status/1626062557810237441
Austacia Costa,@AustaciaC,https://twitter.com/AustaciaC/status/1626149792005910529,2023-02-16T09:21:37.000Z,🐀🐀🐀😡,0,0,0,https://twitter.com/andrefernm/status/1626062557810237441
Rosi,@RosiVennciodaS1,https://twitter.com/RosiVennciodaS1/status/1626180117629132800,2023-02-16T11:22:07.000Z,Kkkk,0,0,0,https://twitter.com/andrefernm/status/1626062557810237441
Carol,@CarolineMaFer,https://twitter.com/CarolineMaFer/status/1626375979131187201,2023-02-17T00:20:24.000Z,Tá. Agora pauta um projeto de lei que ajude quem te elegeu.,0,0,1,https://twitter.com/andrefernm/status/1626062557810237441
Marisa Santos,@MarisaS94783316,https://twitter.com/MarisaS94783316/status/1626362160308752388,2023-02-16T23:25:30.000Z,"18,00 reais 🤔?Pelo visto não é só o ministro Camilo Santana que não sabe fazer contas (que você postou um vídeo no Instagram). Bolsonaro 1.212 ; Lula 1.320, ou seja, aumento de 108 reais!!! Sigo fazendo o L L L L L L L L",0,0,0,https://twitter.com/andrefernm/status/1626062557810237441
marcossvine,@MarcosD20917461,https://twitter.com/MarcosD20917461/status/1626379553986732033,2023-02-17T00:34:36.000Z,"Mentiroso, Claudia já desmentiu isso.",0,0,0,https://twitter.com/andrefernm/status/1626062557810237441
Bruno S. Almeida - 6° Conta,@BrunoAl64883276,https://twitter.com/BrunoAl64883276/status/1626239945353400322,2023-02-16T15:19:51.000Z,😂😂😂😂😂😂,0,0,0,https://twitter.com/andrefernm/status/1626062557810237441
Lopessssss,@Josmari25574544,https://twitter.com/Josmari25574544/status/1626248603181129728,2023-02-16T15:54:15.000Z,Vc é toppp,0,0,0,https://twitter.com/andrefernm/status/1626062557810237441
Maira Resende,@resende_maira,https://twitter.com/resende_maira/status/1626213337951526915,2023-02-16T13:34:08.000Z,VC ESQUECEU DE CITAR O ENORME REAJUSTE DO LEGISLATIVO!!!,0,0,0,https://twitter.com/andrefernm/status/1626062557810237441
"Kaká, humano de humanas",@luizmoura123,https://twitter.com/luizmoura123/status/1627917343807471616,2023-02-21T06:25:14.000Z,18 reais a cima do que o bozo decretou antes de fugir pros EUA.,0,0,0,https://twitter.com/andrefernm/status/1626062557810237441
Regina Lúcia Rezende Mazzocco,@MazzoccoRezende,https://twitter.com/MazzoccoRezende/status/1626781872624701440,2023-02-18T03:13:17.000Z,"Pois é, né?",0,0,0,https://twitter.com/andrefernm/status/1626062557810237441
Sr Kapeta2 o retorno....,@SrKapeta2,https://twitter.com/SrKapeta2/status/1626175891175874560,2023-02-16T11:05:20.000Z,Quem é esse Lacaio do vídeo?,0,0,0,https://twitter.com/andrefernm/status/1626062557810237441
FHRAN 22 #DeusAcimaDeTodos,@frannKika,https://twitter.com/frannKika/status/1626386265028321281,2023-02-17T01:01:17.000Z,😂😂😂😂,0,0,0,https://twitter.com/andrefernm/status/1626062557810237441
Rosivaldo Paz Imóveis,@rosivaldopaz7,https://twitter.com/rosivaldopaz7/status/1626325292192071682,2023-02-16T20:58:59.000Z,@GugaNoblat,0,0,0,https://twitter.com/andrefernm/status/1626062557810237441
Geraldo J F Corrêa,@GeraldoJFCorra2,https://twitter.com/GeraldoJFCorra2/status/1626210782513078309,2023-02-16T13:23:58.000Z,Acho que é muito,0,0,0,https://twitter.com/andrefernm/status/1626062557810237441
Bibi Martins,@PlescaRosi,https://twitter.com/PlescaRosi/status/1626339658887057408,2023-02-16T21:56:05.000Z,Vamos refrescar as memórias,0,0,0,https://twitter.com/andrefernm/status/1626062557810237441
Sirlei Manica,@sirlei_manica,https://twitter.com/sirlei_manica/status/1626329912574345216,2023-02-16T21:17:21.000Z,Dele picanha 😅🤣🤣🤣,0,0,0,https://twitter.com/andrefernm/status/1626062557810237441
aline barbosa,@alineba49883079,https://twitter.com/alineba49883079/status/1626331485266407425,2023-02-16T21:23:36.000Z,🤣🤣🤣🤣,0,0,0,https://twitter.com/andrefernm/status/1626062557810237441
Merco Benz,@Merco07893660,https://twitter.com/Merco07893660/status/1626253467881771010,2023-02-16T16:13:35.000Z,Isso se chama oposição raspacu😵‍💫🥊,0,0,0,https://twitter.com/andrefernm/status/1626062557810237441
Gabriel Couto Diniz,@Dejota_BL,https://twitter.com/Dejota_BL/status/1626207321562152962,2023-02-16T13:10:13.000Z,Nem tomaram no fiofó kkkk,0,0,0,https://twitter.com/andrefernm/status/1626062557810237441
pulga,@Pullgaaaa,https://twitter.com/Pullgaaaa/status/1626257995729453058,2023-02-16T16:31:35.000Z,Tu tá feliz com essa aumento de 18 reis?🤡,0,0,0,https://twitter.com/andrefernm/status/1626062557810237441
leo nogueira,@_leoonog,https://twitter.com/_leoonog/status/1626220026847178753,2023-02-16T14:00:42.000Z,Kkkkkkkkkk faz o L,1,0,1,https://twitter.com/andrefernm/status/1626062557810237441
Dudu Ramos,@duduramos953,https://twitter.com/duduramos953/status/1626167256483872771,2023-02-16T10:31:01.000Z,Votei em vc deputado bote quente ai,0,0,2,https://twitter.com/andrefernm/status/1626062557810237441
Olga Botafogo,@BotafogoOlga,https://twitter.com/BotafogoOlga/status/1626687674399576073,2023-02-17T20:58:58.000Z,Kkkkkk,1,0,0,https://twitter.com/andrefernm/status/1626062557810237441
Eduardo Barbosa,@Eduardo63558262,https://twitter.com/Eduardo63558262/status/1626180191096561664,2023-02-16T11:22:25.000Z,Perfeita a escolha das cores do seu terno.,0,0,4,https://twitter.com/andrefernm/status/1626062557810237441
Gilson Alvarenga,@Gilsaoap,https://twitter.com/Gilsaoap/status/1626190797644173314,2023-02-16T12:04:33.000Z,E quando faltar o arroz e o feijão vamos virar canibal e comer os artistas 🤣,0,0,5,https://twitter.com/andrefernm/status/1626062557810237441
saulofreak,@saulofreak,https://twitter.com/saulofreak/status/1626074768213434371,2023-02-16T04:23:30.000Z,"Divulga o que Simone tebet deu para os Estados quase 1 trilhão, para depois eles não reclamarem que não tem grana",0,0,2,https://twitter.com/andrefernm/status/1626062557810237441
Eduardo Wesley,@Eduardo41788022,https://twitter.com/Eduardo41788022/status/1626176723367624704,2023-02-16T11:08:38.000Z,Kkkkkkkk verdade faz o L galera.,0,0,2,https://twitter.com/andrefernm/status/1626062557810237441
Democratas Brasil ,@24h_bastidores,https://twitter.com/24h_bastidores/status/1626063443760451585,2023-02-16T03:38:30.000Z,Essa gravata sua ficou horrível. Tem que conversar com sua assessoria para melhorar isso aí.,1,0,3,https://twitter.com/andrefernm/status/1626062557810237441
Ste_Marc,@SteRaiLe,https://twitter.com/SteRaiLe/status/1626190598829924356,2023-02-16T12:03:46.000Z,Presente do Partido dos trabalhadores no mês que se comemora o dia do trabalhador... Belo presente do pai dos pobres... kkkk... Faz o Éli,0,0,2,https://twitter.com/andrefernm/status/1626062557810237441
Sandra Bergamo,@sandrabergamo1,https://twitter.com/sandrabergamo1/status/1626254828505538560,2023-02-16T16:19:00.000Z,Vc parou de ensinar a depilar kooolllll na YouTube?,0,1,3,https://twitter.com/andrefernm/status/1626062557810237441
Lasilania,@Lasilania,https://twitter.com/Lasilania/status/1626494883774058497,2023-02-17T08:12:53.000Z,@BaixadorDeVideo,1,0,0,https://twitter.com/andrefernm/status/1626062557810237441
BRAZA RAIZ,@naovenderemos,https://twitter.com/naovenderemos/status/1626160646730485762,2023-02-16T10:04:45.000Z,Um comentário digno de uma criança que raspa o cool,1,0,4,https://twitter.com/andrefernm/status/1626062557810237441
Democratas Brasil ,@24h_bastidores,https://twitter.com/24h_bastidores/status/1626063289397440512,2023-02-16T03:37:53.000Z,"Ué, mas só agora você sabe disso?",2,0,9,https://twitter.com/andrefernm/status/1626062557810237441
Cleuza,@Cleuza247224711,https://twitter.com/Cleuza247224711/status/1626316343183044611,2023-02-16T20:23:26.000Z,"Eu vou me lascar! Mas não posso perder a oportunidade, Faz o L e engole o choro, essa culpa eu não carrego 😂😂😂😂😂😂",0,0,2,https://twitter.com/andrefernm/status/1626062557810237441
Marta Salvatico,@SalvaticoMarta,https://twitter.com/SalvaticoMarta/status/1626204986303557634,2023-02-16T13:00:56.000Z,"Estou ansiosa para saber como vou gastar meus 18,00 em maio.👹🤦‍♀️",3,0,6,https://twitter.com/andrefernm/status/1626062557810237441
Eliana Araújo,@ElianaA30541040,https://twitter.com/ElianaA30541040/status/1626076939508146176,2023-02-16T04:32:08.000Z,Faz o€|•,0,0,2,https://twitter.com/andrefernm/status/1626062557810237441
Anderson souza,@_andersondih,https://twitter.com/_andersondih/status/1626218806954668038,2023-02-16T13:55:51.000Z,Ué ano passado era 1212 não vi ninguém falando nada sem aumento em 3 anos. Vc tá aí para por proposta não para ficar falando merda,0,0,2,https://twitter.com/andrefernm/status/1626062557810237441
Josimar M. Rocha,@jos1ma,https://twitter.com/jos1ma/status/1626367031355252738,2023-02-16T23:44:51.000Z,"Verdade seja dita: se o salário já aumentou em janeiro, não haveria hecessidade de aumentar em maio. Pouco que seja, já é um ganho para recebe pouco.",0,0,2,https://twitter.com/andrefernm/status/1626062557810237441
Jean Lorenzone Oliveira,@JeanLorenzone,https://twitter.com/JeanLorenzone/status/1626297740325007360,2023-02-16T19:09:31.000Z,Voce que achou pouco faz um PiX para mim,0,0,0,https://twitter.com/andrefernm/status/1626062557810237441
Rosângela Nunes,@RosngelaNunesd4,https://twitter.com/RosngelaNunesd4/status/1626281144093233152,2023-02-16T18:03:34.000Z,Muito bem,0,0,0,https://twitter.com/andrefernm/status/1626062557810237441
Martinez,@JoaoRMartinez,https://twitter.com/JoaoRMartinez/status/1626404432001880066,2023-02-17T02:13:28.000Z,Quanto de aumento REAL o Bozo deu para o salário em seu Desgoverno? Mostra aí.,0,0,0,https://twitter.com/andrefernm/status/1626062557810237441
Ney Alvim,@NeyAlvim,https://twitter.com/NeyAlvim/status/1626191896786640898,2023-02-16T12:08:56.000Z,Gostei 🤣🤣🤣🤣 Faz o L,0,0,0,https://twitter.com/andrefernm/status/1626062557810237441
Paulo Luis wanzeler Neves wanzeler,@LuisWanzeler,https://twitter.com/LuisWanzeler/status/1626192561982373889,2023-02-16T12:11:34.000Z,"Então faça emendas e projetos para aumentar de fato o salário mínimo,pois é sua função também caro deputado.",0,0,0,https://twitter.com/andrefernm/status/1626062557810237441
Paulo Luis wanzeler Neves wanzeler,@LuisWanzeler,https://twitter.com/LuisWanzeler/status/1626192651304243200,2023-02-16T12:11:55.000Z,Ainda ficas rindo da cara do povo.,0,0,0,https://twitter.com/andrefernm/status/1626062557810237441
Luplecio Francisco,@Lupleciosilva,https://twitter.com/Lupleciosilva/status/1626335076479909888,2023-02-16T21:37:52.000Z,"É só lembrar o filme TROPA DE ELITE 2.
O sistema é foda!",0,0,0,https://twitter.com/andrefernm/status/1626062557810237441
Eunice Duarte,@EuniceD53706451,https://twitter.com/EuniceD53706451/status/1626722068396908545,2023-02-17T23:15:38.000Z,Faz o l,0,0,0,https://twitter.com/andrefernm/status/1626062557810237441
𝗝𝗲𝘀𝘀𝗶𝗰𝗮 𝗢𝗹𝗶𝘃𝗲𝗶𝗿𝗮,@Jessioliver94,https://twitter.com/Jessioliver94/status/1626253421073387520,2023-02-16T16:13:24.000Z,@PedroVascao777 esse aqui é especialmente pra você 😍,1,0,0,https://twitter.com/andrefernm/status/1626062557810237441
Zhe de Paula,@zedepaula47,https://twitter.com/zedepaula47/status/1626267410163462145,2023-02-16T17:08:59.000Z,"Este tipo é que vai legislar nos próximos 4 anos?????, tamo fudido",0,0,0,https://twitter.com/andrefernm/status/1626062557810237441
Eltajonio Carvalho,@eltajonio,https://twitter.com/eltajonio/status/1626380556077236227,2023-02-17T00:38:35.000Z,"Governo Bolsonaro 4 anos sem aumento real.
Foi isso que ele viu quando riu 🤣🤣🤣🤣",0,0,0,https://twitter.com/andrefernm/status/1626062557810237441
ROSA,@ROSA31292181,https://twitter.com/ROSA31292181/status/1626340209175547904,2023-02-16T21:58:16.000Z,"Foi pra isso, que se elegeu?
Inacreditável!!!",0,0,0,https://twitter.com/andrefernm/status/1626062557810237441
Gidean Silva Leal,@GideanLeal,https://twitter.com/GideanLeal/status/1626687228217884672,2023-02-17T20:57:12.000Z,Respeita o trabalhador cara!,0,0,0,https://twitter.com/andrefernm/status/1626062557810237441
Gilvanete Lima,@GilvaneteLima22,https://twitter.com/GilvaneteLima22/status/1626424123420295169,2023-02-17T03:31:43.000Z,Não dá nem pra comprar meio kg de picanha. Eles tem mesmo é que fazer o L,0,0,0,https://twitter.com/andrefernm/status/1626062557810237441
Bruno Pereira,@Chinabruno,https://twitter.com/Chinabruno/status/1626064348304093186,2023-02-16T03:42:06.000Z,Meu voto,0,0,0,https://twitter.com/andrefernm/status/1626062557810237441
Creusa Campanate,@CampanateCreusa,https://twitter.com/CampanateCreusa/status/1626392957812109314,2023-02-17T01:27:52.000Z,"É e nós que votamos nesse aí temos que conviver com essa miséria, enquanto deputados senadore e presidente tem alimentos absurdos",0,0,0,https://twitter.com/andrefernm/status/1626062557810237441
Creusa Campanate,@CampanateCreusa,https://twitter.com/CampanateCreusa/status/1626394262882451457,2023-02-17T01:33:03.000Z,"É e a inflação impostos e etc, vcs que postan a favor do atual Governo não existe",0,0,0,https://twitter.com/andrefernm/status/1626062557810237441
Rivelto Manzini,@ManziniRivelto,https://twitter.com/ManziniRivelto/status/1626401250924195841,2023-02-17T02:00:49.000Z,☝️🙃😂😂😂😂,0,0,0,https://twitter.com/andrefernm/status/1626062557810237441
manoel dos reis,@manoeld52029757,https://twitter.com/manoeld52029757/status/1626521411505250304,2023-02-17T09:58:18.000Z,Até esse reajuste chegar vai dar pra tomar uma latinha de cerveja,0,0,0,https://twitter.com/andrefernm/status/1626062557810237441
Adilson Ferreira,@Adilson32919929,https://twitter.com/Adilson32919929/status/1626585388629504000,2023-02-17T14:12:31.000Z,Vix,0,0,0,https://twitter.com/andrefernm/status/1626062557810237441
Darkyllene Nascimento,@DarkylleneN,https://twitter.com/DarkylleneN/status/1626684184444952579,2023-02-17T20:45:06.000Z,Faz o L kkkkk,0,0,0,https://twitter.com/andrefernm/status/1626062557810237441
Palmira Vasconcelos,@PalmiraVasconc2,https://twitter.com/PalmiraVasconc2/status/1626740498315501568,2023-02-18T00:28:52.000Z,"Saco cheio muito papo
Pouca ação
Não adianta saber de mas nada se não pode se resolver
Esse negócio que o povo manda e mentira como tudo desse partido...",0,0,0,https://twitter.com/andrefernm/status/1626062557810237441
@Cardosoedyane,@Cardosoedyane,https://twitter.com/cardosoedyane/status/1628283735169802241,2023-02-22T06:41:09.000Z,Faz o L,0,0,0,https://twitter.com/andrefernm/status/1626062557810237441
Lusilene Praça,@PracaLusilene,https://twitter.com/PracaLusilene/status/1630151670746234880,2023-02-27T10:23:39.000Z,"Owooo cearense q eu admiro, menino de ouro, homem q merece o respeito do povo brasileiro.Sou de Santo Andre-SP.",0,0,0,https://twitter.com/andrefernm/status/1626062557810237441
jorgete ferreira,@jhoferr66,https://twitter.com/jhoferr66/status/1626409140171034627,2023-02-17T02:32:10.000Z,Esse papai o brasileiro merece???,0,0,0,https://twitter.com/andrefernm/status/1626062557810237441
Stella Carreira De Oliveira,@StellaCarreira8,https://twitter.com/StellaCarreira8/status/1626592909859627015,2023-02-17T14:42:25.000Z,"Essa história de deixar Youtuber, que faz tutorial de como raspar o kooool e não se preocupa em estudar, se candidatar, dá nisso!😏",0,0,0,https://twitter.com/andrefernm/status/1626062557810237441
Bem Menininha,@BemMeni34636656,https://twitter.com/BemMeni34636656/status/1626064319103537152,2023-02-16T03:41:59.000Z,É só no nosso deputado!,0,0,1,https://twitter.com/andrefernm/status/1626062557810237441
Ana Ana,@Ana20Ana20Ana20,https://twitter.com/Ana20Ana20Ana20/status/1626216788110483459,2023-02-16T13:47:50.000Z,Faz o L 🤮,0,0,1,https://twitter.com/andrefernm/status/1626062557810237441
Elias Jr,@JrEliasgnjr,https://twitter.com/JrEliasgnjr/status/1626258360570941446,2023-02-16T16:33:02.000Z,Faz o L,0,0,1,https://twitter.com/andrefernm/status/1626062557810237441
Museu de Cesar,@JulioCe74058738,https://twitter.com/JulioCe74058738/status/1626316437068316672,2023-02-16T20:23:48.000Z,"Andre, não recebemos nenhum aumento relevante a quase 4 anos ou mais agora que recebemos um pouquinho a mais, não vejo isso como um real motivo engraçado, sendo bem sincero com você.
Espera um pouquinho o cara tá lá a 3 meses, você como político poderia fazer seus eleitores.....",1,0,0,https://twitter.com/andrefernm/status/1626062557810237441
Alex Justino da Silva,@JustinodaS2,https://twitter.com/JustinodaS2/status/1626318823631601664,2023-02-16T20:33:17.000Z,"Deputado André Fernandes, acredite ou não isso é uma rodovia federal , terra do waldes Góes ministro. Olha a situação, com políticos do estado não podemos contar, vc sabe bem de quais estou me referindo.",0,0,1,https://twitter.com/andrefernm/status/1626062557810237441
EXgado-do-bozo,@jpauloduarte,https://twitter.com/jpauloduarte/status/1626325071802269697,2023-02-16T20:58:07.000Z,O BOLSONARO NEM AUMENTOU EM NADA.....,0,0,0,https://twitter.com/andrefernm/status/1626062557810237441
Ruan,@ruaan_pss,https://twitter.com/ruaan_pss/status/1626347330743029762,2023-02-16T22:26:34.000Z,E quanto é o salário de vossa excelência senhor André Fernandes?,0,0,0,https://twitter.com/andrefernm/status/1626062557810237441
Ruan,@ruaan_pss,https://twitter.com/ruaan_pss/status/1626348539528839169,2023-02-16T22:31:22.000Z,Salário que ganhou durante quatro anos no Ceará,0,0,0,https://twitter.com/andrefernm/status/1626062557810237441
rodrihgo almeida,@AlmeidaRodrihgo,https://twitter.com/AlmeidaRodrihgo/status/1626413942179241985,2023-02-17T02:51:15.000Z,Kkkkk,0,0,0,https://twitter.com/andrefernm/status/1626062557810237441
𝓥𝓲𝓬 𝓬𝓸𝓼𝓽𝓪,@RaphaelleCosta5,https://twitter.com/RaphaelleCosta5/status/1626564994006409216,2023-02-17T12:51:29.000Z,😂😂,0,0,0,https://twitter.com/andrefernm/status/1626062557810237441
Eros Ramazzotti,@ErosRam_0,https://twitter.com/ErosRam_0/status/1626590227841302528,2023-02-17T14:31:45.000Z,Faz o L kkkkkkk,0,0,0,https://twitter.com/andrefernm/status/1626062557810237441
Bruna Ribeiro,@bruninharibei10,https://twitter.com/bruninharibei10/status/1626338801365688322,2023-02-16T21:52:40.000Z,Desse jeito 👏🏼👏🏼 bora tá na hora de fazer o L,0,0,1,https://twitter.com/andrefernm/status/1626062557810237441
Cristina,@EstFati,https://twitter.com/EstFati/status/1626358395241472000,2023-02-16T23:10:32.000Z,"Se for essa a oposição, vai ter Lula até  2030",0,0,1,https://twitter.com/andrefernm/status/1626062557810237441
Sérgio Genuino,@GenuinoSergio,https://twitter.com/GenuinoSergio/status/1626207601552760834,2023-02-16T13:11:20.000Z,É só fazer assim: Colocar o dedo indicador em posição vertical e o dedo polegar na posição horizontal.,0,0,6,https://twitter.com/andrefernm/status/1626062557810237441
Tekila,@TekilaPatrick,https://twitter.com/TekilaPatrick/status/1626463861200269312,2023-02-17T06:09:37.000Z,"Sem contar o reajuste dos ministros, senadores e generais, um aumento de mais de 10mil reais no salario, Faz o L",0,0,1,https://twitter.com/andrefernm/status/1626062557810237441
𝕯𝖎𝖊𝖌𝖔 𝖁𝖆𝖗𝖌𝖆𝖘,@DiegoVa9as,https://twitter.com/DiegoVa9as/status/1626300685368061957,2023-02-16T19:21:13.000Z,🥱,1,0,4,https://twitter.com/andrefernm/status/1626062557810237441
Samuel vieira,@Samuelv1967,https://twitter.com/Samuelv1967/status/1626332602331176960,2023-02-16T21:28:02.000Z,"18,00(15Bilhoes) x ClaudiaRaia(5.000)
Esse é o tamanho do investimento no mínimo.     É pra fazer o “L”??????",0,1,2,https://twitter.com/andrefernm/status/1626062557810237441
Maria Mirtes Prata de Sousa,@PrataMirtes1,https://twitter.com/PrataMirtes1/status/1626186202247208963,2023-02-16T11:46:18.000Z,Misericórdia Senhor,0,0,3,https://twitter.com/andrefernm/status/1626062557810237441
Anne,@anneestersm,https://twitter.com/anneestersm/status/1626907830203695104,2023-02-18T11:33:47.000Z,"Obrigada a cada eleitor petista que colaborou para essa grande evolução do salário mínimo que é exatamente: 18 reais a mais. 
Obrigada petistas por pensar todes, gratidão 🙏🏻🥰",0,0,3,https://twitter.com/andrefernm/status/1626062557810237441
Ricardo LACC,@LaccRicardo,https://twitter.com/LaccRicardo/status/1626194033495228416,2023-02-16T12:17:25.000Z,"Pior não é isso,pior é briga d Haddad e d Luis Marinho e Ladrão desempatando para aprovar,enquanto isso Haddad pesquisa em todos os países d mundo um modelo d gestão q se enquadre n Brasil, imagino a reforma tributária a bomba q vai ser! Esse governo não é uma piada é um desastre",1,0,2,https://twitter.com/andrefernm/status/1626062557810237441
pedro costa,@pedrolipeeh,https://twitter.com/pedrolipeeh/status/1626248964788965377,2023-02-16T15:55:42.000Z,Camisa do cpx,0,0,26,https://twitter.com/andrefernm/status/1626062557810237441
Marilda Casaca,@casaca_marilda,https://twitter.com/casaca_marilda/status/1626358295647686661,2023-02-16T23:10:08.000Z,Uma fortuna de tanta incompetência.,0,0,0,https://twitter.com/andrefernm/status/1626062557810237441
Coronel Drake,@coronel_drake,https://twitter.com/coronel_drake/status/1626315989125144577,2023-02-16T20:22:01.000Z,Continua raspando o cool pq a Papuda te espera.,0,0,0,https://twitter.com/andrefernm/status/1626062557810237441
Cicero Araujo,@ciceroaraujopb,https://twitter.com/ciceroaraujopb/status/1626382809404260352,2023-02-17T00:47:33.000Z,Deputado e gostos do cartão corporativo que Bolsonaro usou quando você vai pedir faz um B aí? Aceite a derrota deputado. Daqui a 4 anos você vota de novo para eleger o seu candidato. Não torça contra o Brasil.,0,1,0,https://twitter.com/andrefernm/status/1626062557810237441
sem tempo irmão,@DyanSouza3,https://twitter.com/DyanSouza3/status/1626371726639611906,2023-02-17T00:03:30.000Z,Só observo ..🤔,0,0,0,https://twitter.com/andrefernm/status/1626062557810237441
Fernando Nascimento,@Fersenai,https://twitter.com/Fersenai/status/1626740424902602753,2023-02-18T00:28:35.000Z,Vc acha justo o quanto vc ganha?,0,0,0,https://twitter.com/andrefernm/status/1626062557810237441
Andre Andrade,@AndreAn79704515,https://twitter.com/AndreAn79704515/status/1626405341872152577,2023-02-17T02:17:05.000Z,Bolsonaristas vivem  num mundo doentio.,0,0,0,https://twitter.com/andrefernm/status/1626062557810237441
Gabriel silva,@Bieltbsilva,https://twitter.com/Bieltbsilva/status/1626597441054322690,2023-02-17T15:00:25.000Z,Argumento de milhões,0,0,0,https://twitter.com/andrefernm/status/1626062557810237441
Nina M,@MNina337,https://twitter.com/MNina337/status/1626976732791156740,2023-02-18T16:07:35.000Z,"Mas o povo não fez o L , ele só encheu o pote de quem fez realmente o L , como a Cláudia Raia",0,0,0,https://twitter.com/andrefernm/status/1626062557810237441
Iara Antunes,@IaraAntunes41,https://twitter.com/IaraAntunes41/status/1626352395327340544,2023-02-16T22:46:41.000Z,Bem feito para quem votou nele!!!kkkkkkkkkkk,0,0,0,https://twitter.com/andrefernm/status/1626062557810237441
aleanderson granado,@Aleanderson05,https://twitter.com/Aleanderson05/status/1626260957377724419,2023-02-16T16:43:21.000Z,"Isso prova o tanto de idiota tem no congresso os caras tiram sarro da cara do brasileiro, nao se esforça em nada pra ajudar a gente, olha o tipo de senador, deputados que temos chega ser ridiculo.",0,0,0,https://twitter.com/andrefernm/status/1626062557810237441
Maria Aparecida Pereira,@MariaAp62467918,https://twitter.com/MariaAp62467918/status/1626062885188165632,2023-02-16T03:36:17.000Z,Kkkkkkk,0,0,0,https://twitter.com/andrefernm/status/1626062557810237441
Anny Luiza,@annyluiza,https://twitter.com/annyluiza/status/1626186675012485121,2023-02-16T11:48:11.000Z,😂👏🏼👏🏼,0,0,0,https://twitter.com/andrefernm/status/1626062557810237441
MIxPutaria.com,@DHMP66,https://twitter.com/DHMP66/status/1626949862146048004,2023-02-18T14:20:49.000Z,Kkk faz o L,0,0,0,https://twitter.com/andrefernm/status/1626062557810237441
mariana,@mariana99988168,https://twitter.com/mariana99988168/status/1626182730538000384,2023-02-16T11:32:30.000Z,"Não sei se acontece com a maioria das pessoas, mas comigo, quando esses bolsonaristas sobem na tribuna para falarem , a vontade é de procurar logo um Dramim, pq meu estômago fica logo embrulhado com vontade de vomitar e com muito enjoo.",0,0,0,https://twitter.com/andrefernm/status/1626062557810237441
Raul,@GondimRaul,https://twitter.com/GondimRaul/status/1626157592924782597,2023-02-16T09:52:37.000Z,@ClaudiaRaia,0,0,0,https://twitter.com/andrefernm/status/1626062557810237441
Marcelo Sousa,@Marcelosous1984,https://twitter.com/Marcelosous1984/status/1629689675358040064,2023-02-26T03:47:51.000Z,Vai abrir um salão de depilação! Para de passar vergonha! Patético 🤣🤣🤣🤣🤣,0,0,0,https://twitter.com/andrefernm/status/1626062557810237441
Cleuza,@Cleuza247224711,https://twitter.com/Cleuza247224711/status/1626316057890766857,2023-02-16T20:22:18.000Z,😂😂😂😂😂😂,0,0,0,https://twitter.com/andrefernm/status/1626062557810237441
Teixeira,@JosRina62326750,https://twitter.com/JosRina62326750/status/1626173375306428418,2023-02-16T10:55:20.000Z,Show 👏👏👏👏👏tenho orgulho do meu voto,0,0,1,https://twitter.com/andrefernm/status/1626062557810237441
P.I.F.,@ProfessorPIF,https://twitter.com/ProfessorPIF/status/1626563127545413632,2023-02-17T12:44:04.000Z,Oh Gloria!!! Vamos de evanjecapatriotario? Oh Glória !,0,0,0,https://twitter.com/andrefernm/status/1626062557810237441
Kit Kath,@KathBernini,https://twitter.com/KathBernini/status/1626247097824559104,2023-02-16T15:48:16.000Z,Ô coisa boa,0,0,0,https://twitter.com/andrefernm/status/1626062557810237441
Cassioeduardoh,@CassioEduardoh,https://twitter.com/CassioEduardoh/status/1626341321228124163,2023-02-16T22:02:41.000Z,@BaixadorDeVideo,1,0,0,https://twitter.com/andrefernm/status/1626062557810237441
Eliane da Matta,@ElianeDaMatta22,https://twitter.com/ElianeDaMatta22/status/1626325558811402242,2023-02-16T21:00:03.000Z,Faz o L,0,0,1,https://twitter.com/andrefernm/status/1626062557810237441
Auditor Fiscal-Receita,@AraujoSemaias,https://twitter.com/AraujoSemaias/status/1626062762563477504,2023-02-16T03:35:48.000Z,"Falou, raspacu",0,0,3,https://twitter.com/andrefernm/status/1626062557810237441
Icaro,@SankoshRiver,https://twitter.com/SankoshRiver/status/1626182259286867968,2023-02-16T11:30:38.000Z,Pela postura de como voce se expressou mostra a qualidade ou falta de mesma do politico que voce e. Aprenda a ser um politico serio que trabalhe em pautas urgentes como por exemplo a soltura das 932 pessoas de bem que estao presas injustamente como bandidos em Brasilia.,1,0,1,https://twitter.com/andrefernm/status/1626062557810237441
Sheilinha,@SheilaElion,https://twitter.com/SheilaElion/status/1626512397593636865,2023-02-17T09:22:29.000Z,E quem não votou no molusco se ferra também,0,0,1,https://twitter.com/andrefernm/status/1626062557810237441
Carmelita Lima,@CarmelitaLima2,https://twitter.com/CarmelitaLima2/status/1626330452544856064,2023-02-16T21:19:30.000Z,"O Bozo não passou dos 1200, 00 está achando pouco? Abre mão do seu pra ajudar no reajuste.",0,0,1,https://twitter.com/andrefernm/status/1626062557810237441
julio Cesar Toad,@julioToad,https://twitter.com/julioToad/status/1626176194554068992,2023-02-16T11:06:32.000Z,"E ainda vai ter gente defendendo o atual governo, dizendo que ele tá certo!!!",1,0,27,https://twitter.com/andrefernm/status/1626062557810237441
Renato Aragão,@RenatoAragaoPE,https://twitter.com/RenatoAragaoPE/status/1626176582342569988,2023-02-16T11:08:04.000Z,Oh coisa tão boa!!!! Faz o L,1,0,5,https://twitter.com/andrefernm/status/1626062557810237441
bruna,@brunacabralbra,https://twitter.com/brunacabralbra/status/1626199872515760128,2023-02-16T12:40:37.000Z,"Não queria, mas tô gostando de ver as 💩💩💩 que o molusco tá fazendo. Faz mais, que os esq merecem muuuuuuuuuuito mais. 🤷‍♀️🤦🏻‍♀️",0,0,3,https://twitter.com/andrefernm/status/1626062557810237441
Newton Portioli,@nm_Portioli,https://twitter.com/nm_Portioli/status/1626157409017135104,2023-02-16T09:51:53.000Z,Pura verdade,1,0,1,https://twitter.com/andrefernm/status/1626062557810237441
Geazi Ramalho De Lim,@geazirl,https://twitter.com/geazirl/status/1626335568228503553,2023-02-16T21:39:49.000Z,mais de 30 mil pra deputados se não fala nada né,0,0,0,https://twitter.com/andrefernm/status/1626062557810237441
Nogueira,@Jrnogueira30,https://twitter.com/Jrnogueira30/status/1626364377300406273,2023-02-16T23:34:18.000Z,E qual é a sua proposta de aumento do  salário mínimo? Ou só tá ganhando links na internet?,0,0,0,https://twitter.com/andrefernm/status/1626062557810237441
João Fernandes da Costa,@JooFernandesda3,https://twitter.com/JooFernandesda3/status/1626317927724068866,2023-02-16T20:29:44.000Z,"O consolo dessas rasteiras que o Loola está dando, é saber que , mesmos aqueles que ""FIZERAMUELE"", também serão atingidos...",0,0,1,https://twitter.com/andrefernm/status/1626062557810237441
Eloa Barbosa,@EloaBarbosa1962,https://twitter.com/EloaBarbosa1962/status/1626526615097286659,2023-02-17T10:18:59.000Z,"Sem comentários...
Perplexa!",0,0,0,https://twitter.com/andrefernm/status/1626062557810237441
LUZIA FERREIRA,@LUZIAFE72594531,https://twitter.com/LUZIAFE72594531/status/1626318234625445888,2023-02-16T20:30:57.000Z,FAZ O L,0,0,1,https://twitter.com/andrefernm/status/1626062557810237441
aleanderson granado,@Aleanderson05,https://twitter.com/Aleanderson05/status/1626260531345489921,2023-02-16T16:41:39.000Z,"Mas so uma pergunta quanto o bolsonaro aumentou o salario minimo em 4 anos? Tem que parar com essas babaquice de vcs fazer o L, fazer o b. Temos que todos se esforçar para que o brasil ande pra frente dependente de quem estiver no comando.",1,0,0,https://twitter.com/andrefernm/status/1626062557810237441
Fran B Alves,@FranBAlves,https://twitter.com/FranBAlves/status/1626416797699252225,2023-02-17T03:02:36.000Z,L,0,0,0,https://twitter.com/andrefernm/status/1626062557810237441
Teresinha Ferreira,@TefegoDeuspai7,https://twitter.com/TefegoDeuspai7/status/1626397510708101122,2023-02-17T01:45:58.000Z,"A Cláudia Raia se deu bem, é artista. E o trabalhador é visto pelo pt como escravo. É trabalhar e trabalhar.",0,0,0,https://twitter.com/andrefernm/status/1626062557810237441
Giuliana,@Giulianaadv82,https://twitter.com/Giulianaadv82/status/1626357586218872832,2023-02-16T23:07:19.000Z,Kkkkkkkk,0,0,0,https://twitter.com/andrefernm/status/1626062557810237441
maria paula,@mariapa29763442,https://twitter.com/mariapa29763442/status/1626236845528055808,2023-02-16T15:07:32.000Z,Kkkkkkk,0,0,1,https://twitter.com/andrefernm/status/1626062557810237441
Bruno,@Bruno69796281,https://twitter.com/Bruno69796281/status/1626181217719619587,2023-02-16T11:26:29.000Z,Kkk,0,0,0,https://twitter.com/andrefernm/status/1626062557810237441
Alexander,@UecleffeA,https://twitter.com/UecleffeA/status/1626234470440529922,2023-02-16T14:58:06.000Z,"Claudia Raia, recebeu autorização para captar R$ 5.057.203,63 dentro da Lei Rouanet. Os recursos, caso sejam confirmados, *SERÃO DESTINADOS* PARA O PROJETO Os Musicais, que é de responsabilidade da empresa Renato Cesaretto Chiquito.
5MI pra CLÁUDIA ARRAIÁ? É? @ArthurLira_",0,0,0,https://twitter.com/andrefernm/status/1626062557810237441
Alexander,@UecleffeA,https://twitter.com/UecleffeA/status/1626235059165601796,2023-02-16T15:00:26.000Z,@ArthurLira_  Até quando vamos conviver com esse tipo de desinformação?,0,0,0,https://twitter.com/andrefernm/status/1626062557810237441
LEONARDO FREITAS MAC CORMICK,@LeonardoCormick,https://twitter.com/LeonardoCormick/status/1626175979193344001,2023-02-16T11:05:40.000Z,Esse país vai de ladeira abaixo... Como esse governo incompetente e corrupto.... Volta Bolsonaro,0,0,0,https://twitter.com/andrefernm/status/1626062557810237441
Camila,@CamilaColombo26,https://twitter.com/CamilaColombo26/status/1626291885781164033,2023-02-16T18:46:15.000Z,🤣🙈🤣🤣,0,0,0,https://twitter.com/andrefernm/status/1626062557810237441
Maycom Cézar,@MaycomCezar,https://twitter.com/MaycomCezar/status/1626068299128733697,2023-02-16T03:57:48.000Z,🤡🤡🤡🤡,0,0,0,https://twitter.com/andrefernm/status/1626062557810237441
Claudia Cavalcanti,@Claudia17462415,https://twitter.com/Claudia17462415/status/1626067018955870209,2023-02-16T03:52:42.000Z,🤣🤣🤣🤣🤣,0,0,0,https://twitter.com/andrefernm/status/1626062557810237441
Jorge JNB Personal,@jnbJorge,https://twitter.com/jnbJorge/status/1626301964395900928,2023-02-16T19:26:18.000Z,Como deputado  vc tem obrigação  de conhecer as leis.,0,0,0,https://twitter.com/andrefernm/status/1626062557810237441
Cebolinha da Moni,@Dam4sceno023,https://twitter.com/Dam4sceno023/status/1626433762878754816,2023-02-17T04:10:01.000Z,Kkkkkkkkkkkkkkkkkkkkkk,0,0,0,https://twitter.com/andrefernm/status/1626062557810237441
Zeldris,@reneilto56,https://twitter.com/reneilto56/status/1626339495997067264,2023-02-16T21:55:26.000Z,Faz o L,0,0,0,https://twitter.com/andrefernm/status/1626062557810237441
rita silva,@ritacascia818,https://twitter.com/ritacascia818/status/1626679629871304727,2023-02-17T20:27:00.000Z,E muita ipocrisia dessas pessoas que não tem o que fazer durante quatro anos não fizeram absolutamente nada pelo povo e agora querem que as coisas aconteçam num toque de magica,0,0,0,https://twitter.com/andrefernm/status/1626062557810237441
Samuel,@Samuellima2345,https://twitter.com/Samuellima2345/status/1626103887143862273,2023-02-16T06:19:12.000Z,Continua ! Queremos transparência para não deixar inocentes presos.,0,0,1,https://twitter.com/andrefernm/status/1626062557810237441
latrape,@latrape123,https://twitter.com/latrape123/status/1626180953306537985,2023-02-16T11:25:26.000Z,"Recebaaaaaa , faça o L e engulaaaa esses 18 conto de aumento",0,0,1,https://twitter.com/andrefernm/status/1626062557810237441
ronaldo,@bobpqd50,https://twitter.com/bobpqd50/status/1626891934928195586,2023-02-18T10:30:38.000Z,Kkk faz o L sou estar msm,0,0,0,https://twitter.com/andrefernm/status/1626062557810237441
Marcos Jacoby...,@marcola_jacoby,https://twitter.com/marcola_jacoby/status/1626421150413647873,2023-02-17T03:19:54.000Z,😂😂😂.,0,0,0,https://twitter.com/andrefernm/status/1626062557810237441
JPFargiorgio,@JpFargiorgio,https://twitter.com/JpFargiorgio/status/1626381279162691587,2023-02-17T00:41:28.000Z,Essa diferença da pra vc raspar o bumbum do jeito que vc tem ensinava na internet.,0,0,0,https://twitter.com/andrefernm/status/1626062557810237441
Lourdes,@Lourdes00719998,https://twitter.com/Lourdes00719998/status/1626147518735171585,2023-02-16T09:12:35.000Z,Faz o L,0,0,1,https://twitter.com/andrefernm/status/1626062557810237441
