nome,usuario,idTweet,dataPublicacao,texto,replies,retweets,likes,tweetPai
Ana Paula Junqueira Leão,@apjunqueira,https://twitter.com/apjunqueira/status/1626245500688105479,2023-02-16T15:41:56.000Z,"Infelizmente, ela é mais uma mulher vítima de feminicídio. Uma realidade que ainda hoje nos assombra. 

A informação dada pela Polícia Militar (PM) é de que o homem foi preso. Resta esperar que a justiça continue sendo feita e o responsável punido pelo crime.",2,0,1,https://twitter.com/apjunqueira/status/1626245421260570628
Ana Paula Junqueira Leão,@apjunqueira,https://twitter.com/apjunqueira/status/1626245532262756354,2023-02-16T15:42:03.000Z,"Meus mais sinceros sentimentos aos familiares e amigos dessa jovem, que Deus conforte o coração de todos!",0,0,0,https://twitter.com/apjunqueira/status/1626245421260570628
Fala Sil,@falasiloficial,https://twitter.com/falasiloficial/status/1626878995231870978,2023-02-18T09:39:13.000Z,Esse caso realmente foi terrível 😪😪,0,0,0,https://twitter.com/apjunqueira/status/1626245421260570628
SoJesus Salva,@elainega25,https://twitter.com/elainega25/status/1626794138564718595,2023-02-18T04:02:01.000Z,😔😔,0,0,0,https://twitter.com/apjunqueira/status/1626245421260570628
