nome,usuario,idTweet,dataPublicacao,texto,replies,retweets,likes,tweetPai
Dani L,@DanielaLeporati,https://twitter.com/DanielaLeporati/status/1626613003469705218,2023-02-17T16:02:15.000Z,"Olá deputado, tudo bem?
O senhor vai assinar a CPMI do dia 08 de janeiro?",0,1,1,https://twitter.com/AlexManente23/status/1626246923333107713
Marcia Fonseca,@joubemar,https://twitter.com/joubemar/status/1626613731734978563,2023-02-17T16:05:09.000Z,"Da pra contar nos dedos esses repórteres né? Infelizmente o Brasil virou um depósito de fofoqueiros de plantão que divulgam sua opinião e ideologia e não dão mais notícia! Os poucos jornalistas decentes foram calados, excluídos e marginalizados pelo sistema! 😡",0,0,0,https://twitter.com/AlexManente23/status/1626246923333107713
Nivaldo de Agustini,@NivaldoAgustini,https://twitter.com/NivaldoAgustini/status/1626521807132958720,2023-02-17T09:59:52.000Z,"Mais ou menos deputado. Tem
uns que seguem bem a cartilha do patrão.",0,0,0,https://twitter.com/AlexManente23/status/1626246923333107713
Amelia Mariotto,@AmeliaMariotto,https://twitter.com/AmeliaMariotto/status/1627718864308928530,2023-02-20T17:16:33.000Z,"Pela ética pelos valores, família e paz social precisamos do seu apoio deputado para a CPI do dia 08 de  janeiro.",0,0,0,https://twitter.com/AlexManente23/status/1626246923333107713
