nome,usuario,idTweet,dataPublicacao,texto,replies,retweets,likes,tweetPai
Thiago Claro Da Conceição,@thiagoclaro02,https://twitter.com/thiagoclaro02/status/1627162856562085888,2023-02-19T04:27:10.000Z,"O que esperar de um lugar que tem TODO TIPO DE PROMÍSCUIDADE SEXUAL, consumo de drogas, acredito que a parte cognitiva dessas pessoas não sejam ás melhores.",7,0,23,https://twitter.com/AlencarBraga13/status/1626761919821389824
Dep. Alencar Santana,@AlencarBraga13,https://twitter.com/AlencarBraga13/status/1627308979368886273,2023-02-19T14:07:49.000Z,vc é defensor de um notório miliciano envolvido com assassinos e policiais corruptos e se acha inteligente??,7,0,39,https://twitter.com/AlencarBraga13/status/1626761919821389824
Leo Tobias ᶜʳᶠ ¹⁸⁹⁵,@LEOTOBIAS,https://twitter.com/LEOTOBIAS/status/1627016467278446592,2023-02-18T18:45:28.000Z,"Vindo de um dos estados com maior índice de violência, probreza e analfabetismo... não me surpreende!!",6,0,37,https://twitter.com/AlencarBraga13/status/1626761919821389824
Dep. Alencar Santana,@AlencarBraga13,https://twitter.com/AlencarBraga13/status/1627308023138996224,2023-02-19T14:04:01.000Z,"você tem na foto de perfil um notório miliciano envolvido há décadas com o crime organizado, com assassinos e policiais corruptos, mas se acha inteligente chamando alguém de analfabeto?!",6,2,32,https://twitter.com/AlencarBraga13/status/1626761919821389824
Maurício Peluso,@peluso_mauricio,https://twitter.com/peluso_mauricio/status/1627008928524431361,2023-02-18T18:15:31.000Z,"Discurso de ódio, eim Deputado. O Senhor corrobora?",1,0,11,https://twitter.com/AlencarBraga13/status/1626761919821389824
Murilo Fazuéli,@murilocharao,https://twitter.com/murilocharao/status/1626950571029590016,2023-02-18T14:23:38.000Z,"A maioria aí acho que não pagaria imposto de renda esse ano e com 1,5 salário mínimo vão ter que pagar! Acreditaram na promessa do Ladrao e se lascaram! Agora o jeito é fazer o L e continuar a ser massa de manobra e ter um pensamento alienado!",22,0,27,https://twitter.com/AlencarBraga13/status/1626761919821389824
Taciara Gomes,@TaciaraGomes2,https://twitter.com/TaciaraGomes2/status/1626928989271982080,2023-02-18T12:57:52.000Z,Está é a minha Bahia.,9,0,7,https://twitter.com/AlencarBraga13/status/1626761919821389824
Alisson 10/45,@AlisonGomes14,https://twitter.com/AlisonGomes14/status/1626975249987141632,2023-02-18T16:01:41.000Z,Acabou a cultura do ódio... Viva o amor...👏👏👏,10,0,32,https://twitter.com/AlencarBraga13/status/1626761919821389824
Thiago,@Thiago_RJ021,https://twitter.com/Thiago_RJ021/status/1626906754410852355,2023-02-18T11:29:31.000Z,Geral com a geladeira cheia de picanha 🤣,13,1,50,https://twitter.com/AlencarBraga13/status/1626761919821389824
Evandro Boff,@evandro_boff,https://twitter.com/evandro_boff/status/1627025447392317445,2023-02-18T19:21:09.000Z,Saindo palavrões da boca dessa gente é um elogio. Sinal que votamos certo.,0,0,7,https://twitter.com/AlencarBraga13/status/1626761919821389824
Maria,@Maria942147381,https://twitter.com/Maria942147381/status/1626964718073028614,2023-02-18T15:19:50.000Z,"O que um cabeça cheia de cachaça e droga não faz ,heim?Pq os que tem famílias e caráter,nem aí estão,consegue vê a diferença?",44,0,55,https://twitter.com/AlencarBraga13/status/1626761919821389824
Viviane Pina,@VivianePina2,https://twitter.com/VivianePina2/status/1627035187711455238,2023-02-18T19:59:52.000Z,O respeito é grande kkkk olha o estado da Bahia era uma bença limpa o turismo melhor do Brasil depois que o pt entrou destruí tudo acabou com tudo muita pobreza roubo salvador depredado sujo fedido lamentável onde o pt governa acaba com tudo,8,1,35,https://twitter.com/AlencarBraga13/status/1626761919821389824
Amos Sousa,@AmosrBSousa055,https://twitter.com/AmosrBSousa055/status/1626933343525785601,2023-02-18T13:15:10.000Z,"🎼🎼Eu disse tome um guaraná, suco de caju...Ei BOZONAZI..😂😂😂🤣 Eu disse: tome um guaraná, um suco de caju, eiiiiií Sérgio Mouro Vai tomar ..😂😂😂🤐🤐🤫🎼🎼",1,3,42,https://twitter.com/AlencarBraga13/status/1626761919821389824
Wally A. Santos,@WallyASantos,https://twitter.com/WallyASantos/status/1627054609196896256,2023-02-18T21:17:02.000Z,"Depois descem para o Sudeste, o Centro-Oeste e o Sul para mendigarem algum subemprego, pois no Nordeste nem isso tem.",1,0,3,https://twitter.com/AlencarBraga13/status/1626761919821389824
Rafael Hoffmann,@R4f4007,https://twitter.com/R4f4007/status/1627055134831431680,2023-02-18T21:19:08.000Z,Tão curtindo muito com os 18 de aumento!,1,0,2,https://twitter.com/AlencarBraga13/status/1626761919821389824
Vanessa Moreira,@VanCMoreira,https://twitter.com/VanCMoreira/status/1627126469997604865,2023-02-19T02:02:35.000Z,Queria ver o senhor pulando no meio desses seus “irmãos” … só gente de bem né?,1,0,5,https://twitter.com/AlencarBraga13/status/1626761919821389824
Cesar Priori,@cepriori,https://twitter.com/cepriori/status/1626963481114050560,2023-02-18T15:14:56.000Z,É por isso que Salvador e Recife tem os índices de violência e desemprego dos mais baixos do Brasil.,6,0,21,https://twitter.com/AlencarBraga13/status/1626761919821389824
MTSFla,@mtsbrasil1,https://twitter.com/mtsbrasil1/status/1627084547119783936,2023-02-18T23:16:00.000Z,Os baianos nunca decepcionam.,2,0,2,https://twitter.com/AlencarBraga13/status/1626761919821389824
Eliana,@Eliana_Silvaaa,https://twitter.com/Eliana_Silvaaa/status/1626941218650218499,2023-02-18T13:46:28.000Z,🤣🤣🤣 A música top do ano já vai ganhar um prêmio 🤣🤣🤣,1,0,5,https://twitter.com/AlencarBraga13/status/1626761919821389824
MÃE DE,@AMOMEUCAO,https://twitter.com/AMOMEUCAO/status/1626980214902325249,2023-02-18T16:21:25.000Z,"Entao, se a d8reita faz isso, o artista é preso e responde à processo, MAS A ESQUERDA E SÓ AMOR, AINDA BEM QUE O AMOR VENCEU, *SÓ QUE NÃO*",0,0,3,https://twitter.com/AlencarBraga13/status/1626761919821389824
Valter Vasques,@VasquesValterJr,https://twitter.com/VasquesValterJr/status/1627117373173145600,2023-02-19T01:26:26.000Z,Porta larga que leva ao inferno descendo ladeira!!!,0,0,2,https://twitter.com/AlencarBraga13/status/1626761919821389824
Wegdon Paulo22,@WegdonP,https://twitter.com/WegdonP/status/1627007504658882561,2023-02-18T18:09:52.000Z,Petista VAGABUNDO e delinquente,0,0,3,https://twitter.com/AlencarBraga13/status/1626761919821389824
Eduardo Coutinho,@ecoutinho,https://twitter.com/ecoutinho/status/1627260456497823746,2023-02-19T10:55:00.000Z,Linda homenagem da Bahia a @SF_Moro  e @jairbolsonaro ! Eles merecem!!,0,0,2,https://twitter.com/AlencarBraga13/status/1626761919821389824
ALEGRIA DE FASCISTA,@dende_flor,https://twitter.com/dende_flor/status/1626917568098312193,2023-02-18T12:12:29.000Z,Marca o Moro para ele receber! Ele vai amar saber o quanto é popular aqui no Nordeste!@SF_Moro,7,0,17,https://twitter.com/AlencarBraga13/status/1626761919821389824
Leonardo Máximo,@LeonardoMximoB1,https://twitter.com/LeonardoMximoB1/status/1627045638688104449,2023-02-18T20:41:23.000Z,Para quem acredita que teve fraude nas urnas kkkkkk,2,0,1,https://twitter.com/AlencarBraga13/status/1626761919821389824
Hugo De Souza Bezerra,@Hugo131110,https://twitter.com/Hugo131110/status/1627064267416674309,2023-02-18T21:55:25.000Z,"Muito bom o video! Quando vejo isso me dá uma sensação de alívio em ver que estou do lado certo, ao oposto dessa gente. Mistura de ódio, com bebedeira e putaria. Salve o carnaval! (Ironia).",4,1,15,https://twitter.com/AlencarBraga13/status/1626761919821389824
Lourival Damasceno,@LourivalDamasc2,https://twitter.com/LourivalDamasc2/status/1627031593939263488,2023-02-18T19:45:35.000Z,É bom nível da educação na Bahia depois de 16 anos se pt,0,0,4,https://twitter.com/AlencarBraga13/status/1626761919821389824
LINOBONNART,@linobonnart,https://twitter.com/linobonnart/status/1627060640388100096,2023-02-18T21:41:00.000Z,Minha Bahia é foda. Miliciano aqui e juiz Ladrão não tem vez.,1,0,9,https://twitter.com/AlencarBraga13/status/1626761919821389824
Iuri Oliveira Carvalho,@iurioliveirac,https://twitter.com/iurioliveirac/status/1627009114894217218,2023-02-18T18:16:16.000Z,"Ah, minha Bahia me representa....",2,0,4,https://twitter.com/AlencarBraga13/status/1626761919821389824
Trajano Neves,@TrajanoNevesBR,https://twitter.com/TrajanoNevesBR/status/1626975392308273153,2023-02-18T16:02:15.000Z,#LulaLadraoSeuLugarENaPrisao,0,0,0,https://twitter.com/AlencarBraga13/status/1626761919821389824
Graça Verdini,@mariazinhaip,https://twitter.com/mariazinhaip/status/1627082779170324480,2023-02-18T23:08:58.000Z,O carnaval baiano do miojo sabor picanha,0,0,0,https://twitter.com/AlencarBraga13/status/1626761919821389824
Solange maria momente,@hirayamasolange,https://twitter.com/hirayamasolange/status/1626919083731034115,2023-02-18T12:18:30.000Z,"Mas, lamentável um descondenado, mandar fechar praia p passar o. Carnaval na Bahia. O descondenado é o pai dos pobres? Só que não",9,0,14,https://twitter.com/AlencarBraga13/status/1626761919821389824
Juliano,@Julianonando23,https://twitter.com/Julianonando23/status/1627007584010895361,2023-02-18T18:10:11.000Z,"Povo pulando de alegria com 18 reais de aumento no salário mínimo deles 😂😂😂😅😂😂😂 completa a frase aí : 
 Faz o …",4,0,3,https://twitter.com/AlencarBraga13/status/1626761919821389824
Gilnice Cataldo,@CataldoGilnice,https://twitter.com/CataldoGilnice/status/1627057946344685568,2023-02-18T21:30:18.000Z,Esse é o nível como o brasileiro ignorante trata quem fez algo de bom para o Brasil !!  É a MENTIRA contra a VERDADE! É o mal 👺💸 contra o bem🇧🇷 e o bem sempre vence 🙏,1,0,2,https://twitter.com/AlencarBraga13/status/1626761919821389824
Leandro Tissiano,@LeandroTissiann,https://twitter.com/LeandroTissiann/status/1627154415973957633,2023-02-19T03:53:38.000Z,Sei...,0,0,0,https://twitter.com/AlencarBraga13/status/1626761919821389824
Hannah D.,@HannahDStan,https://twitter.com/HannahDStan/status/1626974788710170624,2023-02-18T15:59:52.000Z,"Valeu, Bahia! Saudades.",1,0,14,https://twitter.com/AlencarBraga13/status/1626761919821389824
RC,@llcastelllari,https://twitter.com/llcastelllari/status/1626999845805346816,2023-02-18T17:39:26.000Z,"Quem ta tocando? Eu sei que é carnaval, mas ficou parecendo uma mistura de manguebeat e industrial, gostei.",5,0,2,https://twitter.com/AlencarBraga13/status/1626761919821389824
Hugo França,@hugoafrancajr,https://twitter.com/hugoafrancajr/status/1627074513468030977,2023-02-18T22:36:08.000Z,Estado com maior % na zona da pobreza estrela desde a época do Mula,1,0,3,https://twitter.com/AlencarBraga13/status/1626761919821389824
giulia,@_giuliacarneiro,https://twitter.com/_giuliacarneiro/status/1627231058784559106,2023-02-19T08:58:11.000Z,HAHAHAHAHAHAHAHA BAHIA ❤️,0,0,0,https://twitter.com/AlencarBraga13/status/1626761919821389824
Glicerio Rispoli,@GlicerioRispol2,https://twitter.com/GlicerioRispol2/status/1627097185652203527,2023-02-19T00:06:13.000Z,"Vamos ver se até o final do mandato do Lula o povo bahiano ainda vão cantar o que estão cantando agora, pelo pouco tempo no cargo já vemos o rumo que esse desgoverno petista vai conduzir o nosso amado BRASIL . Só lamento e quando der ruim pata todos nós, é só fazer o ""L"". Não é?",1,0,1,https://twitter.com/AlencarBraga13/status/1626761919821389824
José Paulo Simões de oliveira,@JosSimesd5,https://twitter.com/JosSimesd5/status/1626957116639522816,2023-02-18T14:49:38.000Z,De um coisa eu sei se a Bahia fosse um país seria um super potência do Sul da América em todos sentidos no esporte na paz no amor liberdade ser bahiano e um prevlegio se eu na fosse eu inventava,3,2,19,https://twitter.com/AlencarBraga13/status/1626761919821389824
Regina Sartoretto,@ReginaSatereza,https://twitter.com/ReginaSatereza/status/1627110703025774593,2023-02-19T00:59:56.000Z,"Deputado, que triste, você dando ênfase a um acontecimento bizarro! Isso não é carnaval! É um bando de gente sem noção, desgovernada como o atual governo!!!",1,0,1,https://twitter.com/AlencarBraga13/status/1626761919821389824
Andrei Izidro,@andreiizidro,https://twitter.com/andreiizidro/status/1627073410819059714,2023-02-18T22:31:45.000Z,Tem mais baiano recebendo auxilo do governo do que registrado na CLT. Da pra entender. Vagabundo não gosta de trabalhador e vice versa.,2,0,2,https://twitter.com/AlencarBraga13/status/1626761919821389824
Odirley Batista Moreira,@BatistaOdirley,https://twitter.com/BatistaOdirley/status/1626948035635826688,2023-02-18T14:13:33.000Z,"A Bahia é trincheira, o nordeste é guerrilha de resistência.

Fascista aqui não se cria.",1,0,2,https://twitter.com/AlencarBraga13/status/1626761919821389824
Raf,@giRAFAb27,https://twitter.com/giRAFAb27/status/1627007482764705792,2023-02-18T18:09:46.000Z,"Não sou chegada no Carnaval, mas esse dai eu me animava!! Esse ano nao teremos um presidente perguntando o que é GOLDEN SHOWER!!!!",2,0,4,https://twitter.com/AlencarBraga13/status/1626761919821389824
Black lú,@AnaPenaReis1,https://twitter.com/AnaPenaReis1/status/1627129194202144768,2023-02-19T02:13:25.000Z,Sem palavras,1,0,1,https://twitter.com/AlencarBraga13/status/1626761919821389824
Cilene,@CileninhaSousa,https://twitter.com/CileninhaSousa/status/1626994738061508609,2023-02-18T17:19:08.000Z,Um estado tão Rico. IDH E PIB nas alturas.  Baixo índice se pobreza. Que lindo,1,1,11,https://twitter.com/AlencarBraga13/status/1626761919821389824
Ph,@PauloHe34992308,https://twitter.com/PauloHe34992308/status/1626993919366946816,2023-02-18T17:15:53.000Z,"Aqui é nordeste mexeu com nosso presidente 🚩♥️, mexeu com nordestino 💪",2,0,5,https://twitter.com/AlencarBraga13/status/1626761919821389824
Enilsio,@Enilsio1,https://twitter.com/Enilsio1/status/1627030732018266113,2023-02-18T19:42:09.000Z,"Sempre bom lembrar do querido @SF_Moro! Ele é responsável por muito do que Bolsonaro fez, inclusive com os yanomamis.",6,0,7,https://twitter.com/AlencarBraga13/status/1626761919821389824
Lopes & Lopes,@helder3571,https://twitter.com/helder3571/status/1627060294748078090,2023-02-18T21:39:38.000Z,"O carnaval e uma maravilha. Kkkkkkk, Onde?",0,0,0,https://twitter.com/AlencarBraga13/status/1626761919821389824
roberto,@manfredinirobe2,https://twitter.com/manfredinirobe2/status/1626764395194769411,2023-02-18T02:03:50.000Z,É a Bahia 😆🤣😂👏🏻👏🏻👏🏻👏🏻👏🏻👏🏻👏🏻👏🏻👏🏻👏🏻👏🏻👏🏻👏🏻👏🏻👏🏻👏🏻,0,0,10,https://twitter.com/AlencarBraga13/status/1626761919821389824
Тânia Vitória,@taniavitoria,https://twitter.com/taniavitoria/status/1627312922845126657,2023-02-19T14:23:29.000Z,"Deputado representante desse povo ignorante, não  me surpreende o baixo nível do Congresso Nacional.",0,0,0,https://twitter.com/AlencarBraga13/status/1626761919821389824
Cris Holzhausen,@CrisHolzhausen,https://twitter.com/CrisHolzhausen/status/1627128472245047297,2023-02-19T02:10:33.000Z,Ahhhhhh a Bahia 🥰🥰🥰🥰🥰🥰🥰,0,0,0,https://twitter.com/AlencarBraga13/status/1626761919821389824
Wagner Souza,@WagnerSouza2006,https://twitter.com/WagnerSouza2006/status/1627171183660613632,2023-02-19T05:00:16.000Z,Ainda exaltam o motivo da miséria nordestina. Q vergonha.,0,0,0,https://twitter.com/AlencarBraga13/status/1626761919821389824
Fernando Hoffmann Fr,@FH_Hoffmann,https://twitter.com/FH_Hoffmann/status/1627123368280436736,2023-02-19T01:50:16.000Z,Aínda bem que o patrão representa,0,0,4,https://twitter.com/AlencarBraga13/status/1626761919821389824
Lara Torres Villas Boas,@VeraPoeta,https://twitter.com/VeraPoeta/status/1629476559957499904,2023-02-25T13:41:00.000Z,Nós Cristãos continuamos orando por vocês que sobre segundo a Bíblia esse lugar desaparecerá do mapa .✝️✝️✝️✝️✝️✝️,0,0,1,https://twitter.com/AlencarBraga13/status/1626761919821389824
