nome,usuario,idTweet,dataPublicacao,texto,replies,retweets,likes,tweetPai
Dep. Alencar Santana,@AlencarBraga13,https://twitter.com/AlencarBraga13/status/1626204274584612865,2023-02-16T12:58:07.000Z,E mais: o @LulaOficial também vai anunciar um aumento na quantidade de bolsas a serem ofertadas. Capes e CNPq serão valorizadas novamente!#FazoL,1,3,8,https://twitter.com/AlencarBraga13/status/1626201989599137792
Marisa victorio da silva,@victorio_marisa,https://twitter.com/victorio_marisa/status/1626215693917253632,2023-02-16T13:43:29.000Z,"🧔🏻Foi pra isso que nós elegemos o Lula: pra apoiar a Educação! ✊🏽✔️Hoje o presidente @LulaOficialanuncia o aumento das bolsas de pesquisa nas universidades e demais entes que recebem apoio do governo federal. O reajuste vai ser entre 25% e 200%, dependendo do tipo de bolsa.+",0,0,0,https://twitter.com/AlencarBraga13/status/1626201989599137792
Marisa victorio da silva,@victorio_marisa,https://twitter.com/victorio_marisa/status/1626215820430028802,2023-02-16T13:43:59.000Z,Foi pra isso que nós elegemos o Lula: pra apoiar a Educação!,0,0,0,https://twitter.com/AlencarBraga13/status/1626201989599137792
Marisa victorio da silva,@victorio_marisa,https://twitter.com/victorio_marisa/status/1626215930928967685,2023-02-16T13:44:26.000Z,Lula lá Lula lá ❤️,0,0,0,https://twitter.com/AlencarBraga13/status/1626201989599137792
