nome,usuario,idTweet,dataPublicacao,texto,replies,retweets,likes,tweetPai
MÃE DE,@AMOMEUCAO,https://twitter.com/AMOMEUCAO/status/1626980506024792064,2023-02-18T16:22:35.000Z,"🤣🤣🤣🤣🤣🤣🤣🤣🤣🤣que felicidade que o amir venceu, *SÓ QUE NÃO*.",0,0,0,https://twitter.com/AlencarBraga13/status/1626978829913755650
Rê,@ReginaGadelha21,https://twitter.com/ReginaGadelha21/status/1626987167024119808,2023-02-18T16:49:03.000Z,🤣🤣🤣🤣🤣🤣🤣🤣🤣🤣🤣🤣🤣🤣🤣🤣🤣🤣🤣🤣🤣🤣🤣🤣🤣🤣🤣🤣🤣🤣🤣🤣🤣🤣🤣🤣🤣🤣🤣🤣🤣🤣🤣🤣🤣🤣🤣🤣🤣🤣🤣🤣🤣🤣🤣🤣🤣🤣🤣🤣🤣🤣🤣,0,0,0,https://twitter.com/AlencarBraga13/status/1626978829913755650
Marisa victorio da silva,@victorio_marisa,https://twitter.com/victorio_marisa/status/1626991195753791495,2023-02-18T17:05:03.000Z,população brasileira apóia a  redução de juros estamos juntos Lula | PT43Anos - Tenho orgulho de integrar o partido que sempre esteve ao do povo brasileiro...agora é oficial - saiu no Diário Oficial a indicação do presidente Lula a lista de vice-Líderes do governo  - um dos +,0,0,0,https://twitter.com/AlencarBraga13/status/1626978829913755650
Marisa victorio da silva,@victorio_marisa,https://twitter.com/victorio_marisa/status/1626992298897682432,2023-02-18T17:09:26.000Z,temos presidente de verdade! 👏👏👏 Lula lá Lula lá ❤️,0,0,0,https://twitter.com/AlencarBraga13/status/1626978829913755650
Cinquini,@Cinquini07,https://twitter.com/Cinquini07/status/1626990781473992705,2023-02-18T17:03:24.000Z,"Esses petistas vivem em Nárnia

Tá td mundo, q pensa, p... com o ex presidiário corrupto e lavador de dinheiro 

Prometeu e não cumpriu. Estelionato Eleitoral q chama?",0,0,0,https://twitter.com/AlencarBraga13/status/1626978829913755650
Máximus Costa,@MaximusCosta22,https://twitter.com/MaximusCosta22/status/1627159766354067456,2023-02-19T04:14:54.000Z,As desgraças em apenas 45 do Descondenado,0,0,0,https://twitter.com/AlencarBraga13/status/1626978829913755650
Lula Presidente .,@EdnaRod54687548,https://twitter.com/EdnaRod54687548/status/1627307123150401536,2023-02-19T14:00:26.000Z,Me dá  meu emprego de volta. Em nome de Jesus.,0,0,0,https://twitter.com/AlencarBraga13/status/1626978829913755650
José Gomes,@JoseRibamarGF,https://twitter.com/JoseRibamarGF/status/1627283027054166019,2023-02-19T12:24:41.000Z,"Esse execrável, genocida e Irresponsável Bozonaro, USOU e ABUSOU do Povo Brasileiro e do Brasil. Precisa ser JULGADO e PRESO",0,0,0,https://twitter.com/AlencarBraga13/status/1626978829913755650
Marisa victorio da silva,@victorio_marisa,https://twitter.com/victorio_marisa/status/1626990708480434180,2023-02-18T17:03:07.000Z,#Lula 👷👷🏽‍♀️👷🏼‍♂️ reconstrução 😍😀 é a palavra do momento #resumodasrmana o Brasil do trabalho - da esperança e do sonho está de volta! #resumo anúncio dos novos valores e da expansão das bolsas Capes-CNPq e bolsa permanente | Investigação Yanomami em Boa Vista Roraima  | 76% da +,0,0,0,https://twitter.com/AlencarBraga13/status/1626978829913755650
Marisa victorio da silva,@victorio_marisa,https://twitter.com/victorio_marisa/status/1626991563074162690,2023-02-18T17:06:31.000Z,#AlencarSantana-deputadofederal (PT-SP) 👏#PT ⭐ o maior e melhor 👏 |o Brasil volta a ter aumento real do salário mínimo com Lula👏|MCMV - Minha casa Minha vida 🏠Santo Amaro-Bahia-Familia Veloso 👏#governolula👷🏼‍♀️😀😍 #governo ⭐✊ #Brasil  com o @lulaoficial o Brasil voltou a +,0,0,0,https://twitter.com/AlencarBraga13/status/1626978829913755650
Marisa victorio da silva,@victorio_marisa,https://twitter.com/victorio_marisa/status/1626991972727627777,2023-02-18T17:08:09.000Z,"ser uma nação que o mundo quer ouvir e trabalhar junto😀👏#esperança 🍀 #sonho😍❤️.                             ✔️O Brasil do trabalho, da esperança e do sonho está de volta! Reconstrução é a palavra do momento. Confira o resumo da semana do @lulaoficial e veja que agora temos +",0,0,0,https://twitter.com/AlencarBraga13/status/1626978829913755650
