nome,usuario,idTweet,dataPublicacao,texto,replies,retweets,likes,tweetPai
Fernanda G. Soriano,@NandaGSoriano,https://twitter.com/NandaGSoriano/status/1627029554589040642,2023-02-18T19:37:29.000Z,@marxbeltrao  cadê vc deputado? Assine!!!,0,0,3,https://twitter.com/andrefernm/status/1626952102487420928
Formiguinha,@FormiguinhaDM,https://twitter.com/FormiguinhaDM/status/1626972085447786496,2023-02-18T15:49:07.000Z,Outra urgência: STF : mudar os requisitos para ocupação do cargo e seleção. Como tb extinguir o cargo vitalício para ministros. seleção de candidatos qualificados para posição de juízes e ocupação de cargo precisa passar por uma votação.,5,5,27,https://twitter.com/andrefernm/status/1626952102487420928
Vitor,@vitorvpst,https://twitter.com/vitorvpst/status/1626986682997256193,2023-02-18T16:47:07.000Z,@deltanmd,0,0,12,https://twitter.com/andrefernm/status/1626952102487420928
primago,@primago3,https://twitter.com/primago3/status/1626985023176941568,2023-02-18T16:40:32.000Z,Nenhum do PT. Interessante 🤔,0,0,0,https://twitter.com/andrefernm/status/1626952102487420928
Clerto Alves,@portalhistoria,https://twitter.com/portalhistoria/status/1627054204497055744,2023-02-18T21:15:26.000Z,"Dep @andrefernm procure algo de útil para o povo do seu estado! Se engage na busca por mais investimentos em saúde, educação e infraestrutura pro CE! Busque aprovar projetos q intensifiquem a expansão da oferta na Educação de Jovens e Adultos (EJA), por ex. Pare de destrambelhos!",6,1,11,https://twitter.com/andrefernm/status/1626952102487420928
Marcos Martins,@MarcosM92777567,https://twitter.com/MarcosM92777567/status/1627047833147740165,2023-02-18T20:50:07.000Z,Cadê os deputados de Sergipe?,0,0,1,https://twitter.com/andrefernm/status/1626952102487420928
Maria Lucia,@MariaMariaUnica,https://twitter.com/MariaMariaUnica/status/1626990293840011265,2023-02-18T17:01:28.000Z,"Como pode ainda faltar tantos? Será que os que entraram agora não estão com pretenção de reeleição? Frota, Peppa e outros perderam a chance ainda em 2019. Os conservadores não esquecem e cobram!",0,1,1,https://twitter.com/andrefernm/status/1626952102487420928
Claret Junior,@claretjunior,https://twitter.com/claretjunior/status/1627049852998914049,2023-02-18T20:58:08.000Z,"TÁ FALTANDO DEPUTADO MINEIRO AINDA... Aqui tem 53, só 12 é MUITA VERGONHOSO PRA NÓS, tinha que ser no mínimo uns 25/30!!! Só Goiás é mais perto de BSB que MG, tinha MUITO mineiro lá, deveriam estar mais interessados nessa investigação!!!!",0,1,4,https://twitter.com/andrefernm/status/1626952102487420928
Toninho San,@ToninhoSan22,https://twitter.com/ToninhoSan22/status/1627311666797879297,2023-02-19T14:18:30.000Z,"Cadê o Bruno Ganem e a Renata Abreu do Podemos,
não vão assinar ?1",0,0,0,https://twitter.com/andrefernm/status/1626952102487420928
Pedagoga bilíngue,@Pedagogabilngu1,https://twitter.com/Pedagogabilngu1/status/1627274852573880321,2023-02-19T11:52:12.000Z,"Parabéns aos patriotas  eleitos para defender os interesses do  povo brasileiro  que tem confiança  em um brasil verde e amarelo.
Bora pra cima dos vermelhos  com base nas leis  que todos os eleitos  foram para nelas nos defender. O povo brasileiro  merece ser recompensado.",0,0,0,https://twitter.com/andrefernm/status/1626952102487420928
Super Branca,@MartiniBranca,https://twitter.com/MartiniBranca/status/1627703038101028876,2023-02-20T16:13:40.000Z,"Os deputados tem obrigação de assinar isso. 
Qual o problema em fazer o certo??",0,0,0,https://twitter.com/andrefernm/status/1626952102487420928
Pedagoga bilíngue,@Pedagogabilngu1,https://twitter.com/Pedagogabilngu1/status/1627274952964538373,2023-02-19T11:52:36.000Z,Parabéns por ações efetivas.,0,0,0,https://twitter.com/andrefernm/status/1626952102487420928
Bernardo Villemon,@Bernard28444113,https://twitter.com/Bernard28444113/status/1627026289591980035,2023-02-18T19:24:30.000Z,Queremos a CPMI do cartão corporativo da gestão Bolsonaro. Queremos saber em que ele gastou 75 milhoes e o Mourão  milhoes. Vamos fazer a CPMI do cartão corporativo ? Essa sim é importante.,2,0,3,https://twitter.com/andrefernm/status/1626952102487420928
M. Paula Campagnari,@CampagnariM,https://twitter.com/CampagnariM/status/1627310320048918528,2023-02-19T14:13:08.000Z,"Vejam se o seu deputado está na lista, senão estiver , mande um recadinho para lembra-ló",0,0,0,https://twitter.com/andrefernm/status/1626952102487420928
Gilmar Maróstica,@GilmarMarostica,https://twitter.com/GilmarMarostica/status/1627323750419951618,2023-02-19T15:06:30.000Z,"Dos trinta do Paraná,apenas sete assinaram, vergonha total.",0,0,0,https://twitter.com/andrefernm/status/1626952102487420928
Eneida Carvalho,@EneidaCarvalh10,https://twitter.com/EneidaCarvalh10/status/1626980969545695240,2023-02-18T16:24:25.000Z,CD os deputados do estado da Paraíba? Não querem transparência?,0,0,1,https://twitter.com/andrefernm/status/1626952102487420928
Patricia Cabral,@Patriciarcabral,https://twitter.com/Patriciarcabral/status/1627117562528952321,2023-02-19T01:27:11.000Z,"Da Paraiba apenas o dep @cabogilberto @ruycarneiropb que se diz cristaos e que está sempre pelo lado da verdade até agora nao assinou, o que tá faltando o quê deputado pra ficar do lado do povo?",0,0,11,https://twitter.com/andrefernm/status/1626952102487420928
Edine Moura,@MouraEdine,https://twitter.com/MouraEdine/status/1626973496596217856,2023-02-18T15:54:43.000Z,Não consigo entender o motivo da demora para conseguir as 171 assinaturas. Parece que é uma luta para convencer um deputado a assinar. O certo seria o parlamentar ir atrás da lista e assinar logo. Quanta dificuldade para fazer o certo!,11,17,126,https://twitter.com/andrefernm/status/1626952102487420928
𝕽𝖔𝖘𝖊,@KleoRose123,https://twitter.com/KleoRose123/status/1627018114369036289,2023-02-18T18:52:01.000Z,"NENHUM DO PT, claro! rsrs",0,0,7,https://twitter.com/andrefernm/status/1626952102487420928
Marilene Pereira,@Maripstk,https://twitter.com/Maripstk/status/1627340968482549762,2023-02-19T16:14:56.000Z,"O Deputado que votei mais uma vez não me decepciona.Obrigada,Nicholas Ferreira,continuo confiando que votei certo!",0,0,0,https://twitter.com/andrefernm/status/1626952102487420928
R Luiz,@RLuiz_72,https://twitter.com/RLuiz_72/status/1627045478683627520,2023-02-18T20:40:45.000Z,"No RJ, não decepcionou..mas chegaremos lá!! Bora povo..façam sua parte!!",0,0,0,https://twitter.com/andrefernm/status/1626952102487420928
Herlon Santos,@herlonseveriano,https://twitter.com/herlonseveriano/status/1627079496565428224,2023-02-18T22:55:56.000Z,"@RicardoBarrosPP , @rsallesmma , @deltanmd",0,0,0,https://twitter.com/andrefernm/status/1626952102487420928
Maristela Camila,@MaristelaCamila,https://twitter.com/MaristelaCamila/status/1627081458136526850,2023-02-18T23:03:43.000Z,"Gente qual e a demora deste deputados assinar a lista da CPI ? Ja começaram e enrolar o povo brasileiro tem que começar a falar os nomes destes parlamentares , vai vendo Brasil acordar Brasil",1,0,0,https://twitter.com/andrefernm/status/1626952102487420928
Luiz Borges,@LuizBorges1958,https://twitter.com/LuizBorges1958/status/1627009119826616322,2023-02-18T18:16:17.000Z,"O deputado GIRÃO, o senador ROGÉRIO MARINHO e o senador STYVENSON VALENTIM, estes são meus representantes... Eles já assinaram. Se não assinassem, não teria mais meu voto.",0,0,0,https://twitter.com/andrefernm/status/1626952102487420928
fala fragoso,@fragoso73ana,https://twitter.com/fragoso73ana/status/1627029558544277504,2023-02-18T19:37:30.000Z,@mendoncafilho,0,0,0,https://twitter.com/andrefernm/status/1626952102487420928
Dennis Zaneti,@dheeds,https://twitter.com/dheeds/status/1627081753075777536,2023-02-18T23:04:54.000Z,"@mariarosassp @MiltonVieiraOfc @marcospereira04 @falecomvinicius @RobertoAlves_10 @republicanos10 
Vamos lá né?",0,0,0,https://twitter.com/andrefernm/status/1626952102487420928
Cristina Marques,@Crismmarquez,https://twitter.com/Crismmarquez/status/1626970062815895560,2023-02-18T15:41:05.000Z,Cadê o Ricardo Salles?,0,0,0,https://twitter.com/andrefernm/status/1626952102487420928
CidaPitanga,@Cida43747546,https://twitter.com/Cida43747546/status/1626969545956106240,2023-02-18T15:39:02.000Z,Quantos falta ?,0,0,0,https://twitter.com/andrefernm/status/1626952102487420928
Jenny,@Jenifer22711941,https://twitter.com/Jenifer22711941/status/1626956701629833221,2023-02-18T14:47:59.000Z,bora cobrar os demais deputados. Vamos conseguir... temos fé,0,0,0,https://twitter.com/andrefernm/status/1626952102487420928
𝕽𝖔𝖘𝖊,@KleoRose123,https://twitter.com/KleoRose123/status/1627018435161907201,2023-02-18T18:53:18.000Z,"11 só do Novo e nenhum do PT, claro! 🤔😡",0,0,0,https://twitter.com/andrefernm/status/1626952102487420928
Daniella,@DaniellaCAmaral,https://twitter.com/DaniellaCAmaral/status/1627118104105852931,2023-02-19T01:29:21.000Z,"@fabiogarciamt deputado ao invés de ficar lavando roupa suja com o @emanuelzinhomt, assina logo aí. Ou vc é da thurma dos picanheiros???",1,0,2,https://twitter.com/andrefernm/status/1626952102487420928
mpb,@miriampb4,https://twitter.com/miriampb4/status/1626966924620967941,2023-02-18T15:28:37.000Z,E aí @RomarioOnze  ! Qual é a sua.?,3,0,1,https://twitter.com/andrefernm/status/1626952102487420928
Carmelo Neto,@carmelonetobr,https://twitter.com/carmelonetobr/status/1627127651608498177,2023-02-19T02:07:17.000Z,"Parabéns pelo empenho na busca da justiça, meu amigo! Belo trabalho!",2,9,159,https://twitter.com/andrefernm/status/1626952102487420928
Vanessa,@vanessavogado,https://twitter.com/vanessavogado/status/1627406362333310976,2023-02-19T20:34:47.000Z,"Aquelas desgraças do Maranhão e de Sergipe, ninguém assina?",0,0,0,https://twitter.com/andrefernm/status/1626952102487420928
JanielliFidelis,@JanielliFidelis,https://twitter.com/JanielliFidelis/status/1627065900657684481,2023-02-18T22:01:54.000Z,"@betopereirams @camilajarams @dep_geraldo @depdagoberto @vanderloubet Os Senhores não  irão assinar? Por gentileza, queremos esclarecimentos e transparência, que seja investigado e os culpados devidamente responsabilizados. Nós do MS estaremos atentos!!",1,0,1,https://twitter.com/andrefernm/status/1626952102487420928
Fiscal Parlamentar de Direita #PL2630Não,@FiscalDireita,https://twitter.com/FiscalDireita/status/1626973022090395649,2023-02-18T15:52:50.000Z,"@deltanmd @rosangelamorosp estamos aguardando e precisando de suas assinaturas. Por favor, assine! 😉",1,18,83,https://twitter.com/andrefernm/status/1626952102487420928
VDS,@vitucho77,https://twitter.com/vitucho77/status/1627125016310558720,2023-02-19T01:56:49.000Z,Seguindo 🤜🤛SDV 🇧🇷🇧🇷,0,0,0,https://twitter.com/andrefernm/status/1626952102487420928
fala fragoso,@fragoso73ana,https://twitter.com/fragoso73ana/status/1627029074605473796,2023-02-18T19:35:34.000Z,@aferreira2222,0,0,0,https://twitter.com/andrefernm/status/1626952102487420928
Ararinha,@ararinha90,https://twitter.com/ararinha90/status/1627130503408099329,2023-02-19T02:18:37.000Z,E vai servir pra quê? O poder decisório está totalmente concentrado na mão da presidência do senado e da câmara. Sem mecanismos para contornar a vontade dos vice-reis é chover no molhado.,0,0,0,https://twitter.com/andrefernm/status/1626952102487420928
BR3aking News!!!!,@eng_paz,https://twitter.com/eng_paz/status/1627028812234952704,2023-02-18T19:34:32.000Z,"🤡 até descobrir que quem manda é o STF, após consegui alguma coisa eles anulam com recurso do PT mesmo chegando a 500 assinaturas, enfim... difícil continuar acrescentando na Câmara de deputados e senado, se o maior partido que existe é o STF",1,0,8,https://twitter.com/andrefernm/status/1626952102487420928
Fore Lule!,@MarcoSo21382673,https://twitter.com/MarcoSo21382673/status/1626980226654785536,2023-02-18T16:21:28.000Z,Deputado.. tem como vc mandar essa lista separados por UF de quem já assinou e de quem não assinou.. fica mais fácil cobrar..,1,0,17,https://twitter.com/andrefernm/status/1626952102487420928
dkk11,@dkk115,https://twitter.com/dkk115/status/1626983991189426176,2023-02-18T16:36:26.000Z,@rosangelamorosp vamos assinar!!,0,2,8,https://twitter.com/andrefernm/status/1626952102487420928
Consuelo,@Consuel41978626,https://twitter.com/Consuel41978626/status/1626982703655489537,2023-02-18T16:31:19.000Z,@DepVitorLippi vamos assinar?,1,3,11,https://twitter.com/andrefernm/status/1626952102487420928
Alberto Kruschewsky,@betok43,https://twitter.com/betok43/status/1627300261097078784,2023-02-19T13:33:10.000Z,Nada sobre os Yanomami?,0,0,8,https://twitter.com/andrefernm/status/1626952102487420928
Ana Bru,@Anaa_Bru,https://twitter.com/Anaa_Bru/status/1626990634341892096,2023-02-18T17:02:49.000Z,"Deputado @deltanmd , a instauração deste inquérito é importantíssima para que se ""comece"" a separar o joio do trigo. Por favor, contamos com sua assinatura na CPMI do 08 de Janeiro. Muitos inocentes presos, muitos ""culpados soltos"". Não pode, não é JUSTO, Deputado...",2,8,49,https://twitter.com/andrefernm/status/1626952102487420928
Lu,@LuizaOttoniMD,https://twitter.com/LuizaOttoniMD/status/1626956279263494145,2023-02-18T14:46:19.000Z,"CPMI do 8 de jan!!! 

CPMI da fr4ude das Eleic03s!!!!",0,2,8,https://twitter.com/andrefernm/status/1626952102487420928
Manoel Martins,@m27630318,https://twitter.com/m27630318/status/1627093301953458180,2023-02-18T23:50:47.000Z,"Queremos a CPMI já, vamos conseguir apoio para aprovar , acreditamos ainda na maioria de vocês , estamos todos juntos e vamos cobrar nossos representantes, não esqueçam os que ainda não assinaram, estamos vendo tudo e sabemos votar , é só ver que a cada eleição a faxina é maior.",2,0,8,https://twitter.com/andrefernm/status/1626952102487420928
Antonio Bouço,@acbouco,https://twitter.com/acbouco/status/1627059274684977153,2023-02-18T21:35:35.000Z,Boa noite  a verdade sempre prevalecerá e ainda tem pessoas presas desde de 08/01 precisamos unir forças para soltar elas deste sofrimento. Únidos somos mais fortes abraço.,0,3,10,https://twitter.com/andrefernm/status/1626952102487420928
Antonio,@toinhoinhoi,https://twitter.com/toinhoinhoi/status/1626985652632932352,2023-02-18T16:43:02.000Z,"Yury do paredão não assina, e é do PL",0,2,4,https://twitter.com/andrefernm/status/1626952102487420928
Edson Dias,@dias_ecostadias,https://twitter.com/dias_ecostadias/status/1627008337538605057,2023-02-18T18:13:10.000Z,"Pra simplificar e poder cobrar quem ainda não assinou.
Publique uma lista de quem ainda não assinou..pfv",0,1,8,https://twitter.com/andrefernm/status/1626952102487420928
Maurilio Dias,@MaurilioDias13,https://twitter.com/MaurilioDias13/status/1627313039581016064,2023-02-19T14:23:57.000Z,"Isso parece a eleição do marinho, já tava ganho, mas depois........",0,0,0,https://twitter.com/andrefernm/status/1626952102487420928
Anne Loureiro,@AnneLoureiro6,https://twitter.com/AnneLoureiro6/status/1626978553651765248,2023-02-18T16:14:49.000Z,Vamos em frente!!👏🏼👏🏼👏🏼🇧🇷🇧🇷🇧🇷,1,0,4,https://twitter.com/andrefernm/status/1626952102487420928
Renato Rodrigues,@RenatoR01032508,https://twitter.com/RenatoR01032508/status/1627080141221560323,2023-02-18T22:58:30.000Z,"Vai dar em pizza, ao povo só resta pagar a conta!!",0,0,1,https://twitter.com/andrefernm/status/1626952102487420928
Sandro Alfredo Mendes,@SandroAlfredoMe,https://twitter.com/SandroAlfredoMe/status/1627364438465552393,2023-02-19T17:48:11.000Z,"Alguém do PDT, PTB, podemos?",0,0,0,https://twitter.com/andrefernm/status/1626952102487420928
Flavia Olliveira,@FlaviaOlliveir1,https://twitter.com/FlaviaOlliveir1/status/1626982454165745666,2023-02-18T16:30:19.000Z,"@felipebecari Deputado estamos aguardando a sua assinatura no requerimento da CPMI do dia 08/01. Temos 900 pessoas presas ilegalmente. Como contribuinte ativa da causa animal, espero que a sua posição seja pela verdade e justiça para todos, animais e humanos. 🇧🇷💚💛",2,10,48,https://twitter.com/andrefernm/status/1626952102487420928
Tonny Mozart,@tonnymozart,https://twitter.com/tonnymozart/status/1627035732064731137,2023-02-18T20:02:02.000Z,"@eusouamom quando não vejo seu nome aqui, me recordo do quanto eu e minha família fomos infelizes de votar em você. Acredito que milhares de amazonenses tbm.",2,0,2,https://twitter.com/andrefernm/status/1626952102487420928
Marta Tricolor,@MartaMattos1967,https://twitter.com/MartaMattos1967/status/1627299158578155522,2023-02-19T13:28:47.000Z,"Já era pra estar completa essa lista hein.
Elegemos para isso.",0,0,0,https://twitter.com/andrefernm/status/1626952102487420928
Marta Tricolor,@MartaMattos1967,https://twitter.com/MartaMattos1967/status/1627299591291912194,2023-02-19T13:30:30.000Z,"Só não vamos ver a assinatura do senador @RomarioOnze nesta lista?????
Quem está nas praias do Rio de Janeiro aí?
Cobre dele.",0,0,0,https://twitter.com/andrefernm/status/1626952102487420928
Benaria Coelho,@Bdibzinha,https://twitter.com/Bdibzinha/status/1627041984434036736,2023-02-18T20:26:52.000Z,Toma uma clinique vai brincar o carnaval! Até as viúvas de Bolsonaro deveriam tirar folga. 🤡,1,0,1,https://twitter.com/andrefernm/status/1626952102487420928
EDSON,@EDSONRO06832855,https://twitter.com/EDSONRO06832855/status/1627305819455860738,2023-02-19T13:55:15.000Z,Vamos conseguir,0,0,0,https://twitter.com/andrefernm/status/1626952102487420928
ALFA LIMA,@ANDRLIM45251,https://twitter.com/ANDRLIM45251/status/1626968329087864832,2023-02-18T15:34:11.000Z,Nenhum partido de esquerda? Estranho?,0,0,0,https://twitter.com/andrefernm/status/1626952102487420928
Mari,@marilandabassi,https://twitter.com/marilandabassi/status/1627043974157414402,2023-02-18T20:34:47.000Z,Meu RS estou gostando 👏👏👏 ! Vamos lá deputados 🤝🇧🇷!,0,0,0,https://twitter.com/andrefernm/status/1626952102487420928
Fafa Silva,@fafa12820,https://twitter.com/fafa12820/status/1627215146853584896,2023-02-19T07:54:57.000Z,"Excelente ,mas eu acho que é um absurdo ter que implorar para alguém assinar uma CPI para descobrir a verdade.",0,0,0,https://twitter.com/andrefernm/status/1626952102487420928
Thaynnah,@Thaynnah20v_2,https://twitter.com/Thaynnah20v_2/status/1627071989910503427,2023-02-18T22:26:06.000Z,"Deputado André, obrigada pelo seu empenho e divulgação da lista. 
——————————-
Prezado @DF_PauloFreire ,

Contamos com a sua assinatura no requerimento da CPMI de 8 de janeiro! 

Queremos transparência na apuração dos atos.

Os eleitores de São Paulo agradecem!",1,0,2,https://twitter.com/andrefernm/status/1626952102487420928
Thaynnah,@Thaynnah20v_2,https://twitter.com/Thaynnah20v_2/status/1627079642795622400,2023-02-18T22:56:31.000Z,"Prezado @celsorussomanno ,

Você tinha programa investigativo e procurava trazer a verdade ao público. 

Por isso, não fique fora dessa luta. 

Assine o requerimento da CPMI do 8 de Janeiro !",1,1,5,https://twitter.com/andrefernm/status/1626952102487420928
Julio Freitag,@jucefrei,https://twitter.com/jucefrei/status/1627711832705187840,2023-02-20T16:48:36.000Z,Alguém viu nome do deltan dallagnol e a senhora Moro na lista ?,0,0,0,https://twitter.com/andrefernm/status/1626952102487420928
adrianveidt,@adrianv98193315,https://twitter.com/adrianv98193315/status/1626968821289349124,2023-02-18T15:36:09.000Z,@adriventurasp @gilson__marques @rosangelamorosp vamos assinar,0,1,3,https://twitter.com/andrefernm/status/1626952102487420928
Roberta Oliveira,@Roberta97119389,https://twitter.com/Roberta97119389/status/1627116650926424065,2023-02-19T01:23:34.000Z,Não tem um petista na lista!🤔,0,0,0,https://twitter.com/andrefernm/status/1626952102487420928
emerson roberto,@Roberto2010Com,https://twitter.com/Roberto2010Com/status/1627304851003564033,2023-02-19T13:51:24.000Z,@ Marcos Pereira,0,0,0,https://twitter.com/andrefernm/status/1626952102487420928
Ana Bru,@Anaa_Bru,https://twitter.com/Anaa_Bru/status/1626989555562778624,2023-02-18T16:58:32.000Z,"Deputada @rosangelamorosp , já fiz várias postagens pedindo respeitosamente sua assinatura na CPMI do 08 de Janeiro, e até o momento não vi sua assinatura para a instauração do inquérito. 
Assim, pergunto: qual será o seu posicionamento com relação ao 08 de Janeiro de 2023? Att.",3,9,29,https://twitter.com/andrefernm/status/1626952102487420928
hippolyto brum jr,@hbrumjunior,https://twitter.com/hbrumjunior/status/1627128197362946049,2023-02-19T02:09:27.000Z,"Parabéns, excelente trabalho . Siga em frente.",0,0,2,https://twitter.com/andrefernm/status/1626952102487420928
Michel Papautsky,@MPapautsky,https://twitter.com/MPapautsky/status/1627469898644439041,2023-02-20T00:47:15.000Z,Vai dar 👏👏👏👏,0,0,1,https://twitter.com/andrefernm/status/1626952102487420928
Sergio Lacerda,@SergioL03145876,https://twitter.com/SergioL03145876/status/1627250912057036801,2023-02-19T10:17:04.000Z,Já passou da hora de comesar está cpi do dia 8 de janeiro,0,0,0,https://twitter.com/andrefernm/status/1626952102487420928
Rivalino Soares,@SoaresRivalino,https://twitter.com/SoaresRivalino/status/1627005708792209410,2023-02-18T18:02:43.000Z,Vai dá nada isso aí André se achar alguma prova de crime dos bandidos eles manda parar e acabou,2,0,1,https://twitter.com/andrefernm/status/1626952102487420928
Marcello SLR,@marcellomslr,https://twitter.com/marcellomslr/status/1627065967162576898,2023-02-18T22:02:10.000Z,Espetáculo!!! Vamos passar o trágico dia 08 de janeiro a limpo e descobrir quais foram os verdadeiros mandantes dos crimes praticados contra a Democracia!,1,0,3,https://twitter.com/andrefernm/status/1626952102487420928
Antonio carlos Silva,@Antonio59763605,https://twitter.com/Antonio59763605/status/1627249976928600066,2023-02-19T10:13:21.000Z,Não vir o nome do Gustavo Gaya??,0,0,0,https://twitter.com/andrefernm/status/1626952102487420928
Flavia Olliveira,@FlaviaOlliveir1,https://twitter.com/FlaviaOlliveir1/status/1626985066432798720,2023-02-18T16:40:42.000Z,"@del_brunolima Dep estamos aguardando sua assinatura na CPMI dia08/01.Temos900pessoas presas ilegalmente, em condições insalubres,inclusive idosos com mais de70anos.Como contribuinte ativa da causa animal conto com sua assinatura,acompanho seu trabalho e sei que não tolera injust",1,11,30,https://twitter.com/andrefernm/status/1626952102487420928
Daniel Xisto,@danielxisto_dox,https://twitter.com/danielxisto_dox/status/1627166804467392512,2023-02-19T04:42:52.000Z,"Acho muito estranho uma coisa Andre: o ""novo"" congresso eleito não é em sua maioria, conservador?

Por que então tanta dificuldade pra se conseguir 1/3 de assinaturas? Só @plnacional_ são 99!

Será que continuarmos no teatro das ✂️ e estamos sendo feitos de trouxas novamente?",2,0,5,https://twitter.com/andrefernm/status/1626952102487420928
Irena olisaroski parana Pawloski,@IrenaParana,https://twitter.com/IrenaParana/status/1627257757995876353,2023-02-19T10:44:17.000Z,Upppppp 👏 👏 👏 👏  vamos sim. Cpmi,0,0,0,https://twitter.com/andrefernm/status/1626952102487420928
Enzo Giovani,@enzogiovanisobr,https://twitter.com/enzogiovanisobr/status/1626952366141366274,2023-02-18T14:30:46.000Z,Bora compartilhar meu povo!,0,0,3,https://twitter.com/andrefernm/status/1626952102487420928
Manoel Martins,@m27630318,https://twitter.com/m27630318/status/1627093958001307648,2023-02-18T23:53:24.000Z,"Estamos guardando a lista dos que assinaram para futuras eleições,  aos deputados que não assinaram   , gostaríamos de ver suas assinaturas, ou vocês não verão nossos votos . Escolhemos vocês e queremos o certo para nosso Brasil. Simples não?",1,0,1,https://twitter.com/andrefernm/status/1626952102487420928
Capitu⚘,@Alyne_esto,https://twitter.com/Alyne_esto/status/1627016767699648514,2023-02-18T18:46:40.000Z,@celsorussomanno  assine essa cpmi sobre o dia 8 de janeiro. Vamos descobrir o que houve,0,0,3,https://twitter.com/andrefernm/status/1626952102487420928
Evaldo Cascalho,@cascalhoim,https://twitter.com/cascalhoim/status/1627344303998611457,2023-02-19T16:28:11.000Z,"Essa já está garantida, como era de interesse do Sistema expelir Bolsonaro! O mesmo acontece a Lula, O problema é q eles n conhece o Foro de São Paulo e mal sabem c/ quem estão flertando.",0,0,0,https://twitter.com/andrefernm/status/1626952102487420928
Walter Dawidowicz,@WalterDawcz,https://twitter.com/WalterDawcz/status/1626996758277488643,2023-02-18T17:27:09.000Z,Dai @deltanmd não vai assinar ? Se não assinar será um voto a menos daqui 4 anos !!,1,2,23,https://twitter.com/andrefernm/status/1626952102487420928
MIGUEL,@caber_net,https://twitter.com/caber_net/status/1627263196410089472,2023-02-19T11:05:53.000Z,"Não comprendo tamanha demora.
Pohha, 171 assinaturas...
O Br de marcha ré e a Direita a passos de tartaruga. 
Difícil fazer o certo!",0,0,1,https://twitter.com/andrefernm/status/1626952102487420928
DamarizMaga,@DamarizMaga,https://twitter.com/DamarizMaga/status/1626963379733626881,2023-02-18T15:14:31.000Z,"Para os 36 faltantes O TEMPO URGE.... se ainda estão em dúvidas qto "" o que estou FAZENDO AQUI NA CÂMARA???  nós te falamos HORREM O SALÁRIO QUE NÓSSSSSS pagamos. 🧐 Obrigada aos que já decidiram SALVAR o Brasil.",2,2,17,https://twitter.com/andrefernm/status/1626952102487420928
Ma Che cazzo,@RoqNie,https://twitter.com/RoqNie/status/1627254702680285184,2023-02-19T10:32:08.000Z,"Importante, mas o Brasil dos reais brasileiros está parado.",0,0,0,https://twitter.com/andrefernm/status/1626952102487420928
Joelson,@jhowjhow07,https://twitter.com/jhowjhow07/status/1627280232934789121,2023-02-19T12:13:35.000Z,"Curiosamente, nenhuma assinatura de petista? Por que será? (Contém ironia e sarcasmo).",0,0,0,https://twitter.com/andrefernm/status/1626952102487420928
Roberta Oliveira Torres,@robertactga82,https://twitter.com/robertactga82/status/1627657676485271552,2023-02-20T13:13:25.000Z,"@rafaelmartinstv não vi seu nome na lista, conterrâneo!",1,0,0,https://twitter.com/andrefernm/status/1626952102487420928
Sandro Oliveira,@oliversan00,https://twitter.com/oliversan00/status/1627298682377801730,2023-02-19T13:26:54.000Z,"Engraçado que não tem um deputado do PT... Eles não estão interessados em saber quem são os ""terroristas extremistas da direita"" que financiaram e arquitetaram o ""golpe"" pra derrubar o descondenado?",0,0,0,https://twitter.com/andrefernm/status/1626952102487420928
Ronaldo Silva,@Ronaldo24071797,https://twitter.com/Ronaldo24071797/status/1626979774378680320,2023-02-18T16:19:40.000Z,"Vergonha para meu Estado do ES, só 3 deputados assinaram.",0,2,8,https://twitter.com/andrefernm/status/1626952102487420928
Flavia Oliveira,@Flaviaminion,https://twitter.com/Flaviaminion/status/1626960245590294532,2023-02-18T15:02:04.000Z,@yurydoparedao o Ceará irá ficar muito grato com sua assinatura.,0,2,9,https://twitter.com/andrefernm/status/1626952102487420928
Flavia Oliveira,@Flaviaminion,https://twitter.com/Flaviaminion/status/1626960727792656384,2023-02-18T15:03:59.000Z,@JuniorManoDep o Sr poderia assinar!? Os cearenses agradecem.,0,1,5,https://twitter.com/andrefernm/status/1626952102487420928
Pedroh,@Pedro43729550,https://twitter.com/Pedro43729550/status/1626965099792547840,2023-02-18T15:21:21.000Z,"@camaradeputados aos que não assinaram, estão esperando o que, assinem logo isso! A investigação sobre 8 de janeiro é quase unanimidade entre as pessoas.",0,1,5,https://twitter.com/andrefernm/status/1626952102487420928
"Qualquer Coisa, Sei Lá!",@QqrCoisaSla,https://twitter.com/QqrCoisaSla/status/1626966404120420352,2023-02-18T15:26:32.000Z,"Assinará quando, @TrzeciakDaniel ?",0,1,4,https://twitter.com/andrefernm/status/1626952102487420928
Vic.,@Vic46476119,https://twitter.com/Vic46476119/status/1627201052247203844,2023-02-19T06:58:57.000Z,"Cadê os 36 guerreiros, dentro da Câmara dos Deputados, que faltam pra fechar essa lista? Se apresentem logo aí por que nós, eleitores, já estamos no ""modo hard"" de alerta e impaciência.",0,0,7,https://twitter.com/andrefernm/status/1626952102487420928
Jessyca Gomes,@Jessyca87934665,https://twitter.com/Jessyca87934665/status/1627006549976662016,2023-02-18T18:06:04.000Z,impressão minha ou não tem ninguém do Pt 🫠🫠🤢🤢,0,1,2,https://twitter.com/andrefernm/status/1626952102487420928
Luciano,@lbezerrabsb,https://twitter.com/lbezerrabsb/status/1627135790374420481,2023-02-19T02:39:37.000Z,Eu só quero saber se nessa cpi vao ouvir os YouTubers q incitaram o povo a sair dos quartéis apesar dos avisos que isso iria descambar em violência e vai cobrar os deputags eleitos e recém eleitos q abandonaram o povo em presídios sem fazer nada pq estavam preocupados com o cargo,0,1,2,https://twitter.com/andrefernm/status/1626952102487420928
Ricardo Daniel,@Ricardo72009530,https://twitter.com/Ricardo72009530/status/1627148908852875266,2023-02-19T03:31:45.000Z,Deputado André Fernandes. Peço que o sr divulgue os deputados que se recusarem a votar a petição. Será de grande valor para o Brasil. Acompanho seu trabalho e digo: Estou contigo na luta! Deus te abençoe!,0,1,12,https://twitter.com/andrefernm/status/1626952102487420928
LIBERDADE DE EXPRESSÃO,@Ruben3Rodriguez,https://twitter.com/Ruben3Rodriguez/status/1626954570277523462,2023-02-18T14:39:31.000Z,"Queremos os nomes dos ditos direitistas que ainda não assinaram!
Vamos expo-los!",1,4,34,https://twitter.com/andrefernm/status/1626952102487420928
Flavio Barbosa Pinheiro,@FlavioB01112602,https://twitter.com/FlavioB01112602/status/1627239550111084545,2023-02-19T09:31:56.000Z,Nenhum dos malas do meu Piauí…😏😡👎,0,0,0,https://twitter.com/andrefernm/status/1626952102487420928
Delles,@Delles83953570,https://twitter.com/Delles83953570/status/1627260486784802816,2023-02-19T10:55:07.000Z,"Ué mais cadê os deputados do PT, PSOL PSDB e CIA?",0,0,0,https://twitter.com/andrefernm/status/1626952102487420928
Raimundo Azevedo,@Raizevedo123,https://twitter.com/Raizevedo123/status/1627241414475096065,2023-02-19T09:39:20.000Z,Cadê os deputados do Maranhão,0,0,0,https://twitter.com/andrefernm/status/1626952102487420928
Patrícia Fontes,@PatrciaFontes16,https://twitter.com/PatrciaFontes16/status/1627246484994379777,2023-02-19T09:59:29.000Z,F,0,0,0,https://twitter.com/andrefernm/status/1626952102487420928
Luiz Quintella,@QuintellaLuiz,https://twitter.com/QuintellaLuiz/status/1627648227175550976,2023-02-20T12:35:52.000Z,"Apurem a verdade, e todos verão quem é quem!!",0,0,0,https://twitter.com/andrefernm/status/1626952102487420928
Gloria Maria de Jesus Jesus tristão,@gloria_tristao,https://twitter.com/gloria_tristao/status/1627312612953190401,2023-02-19T14:22:15.000Z,Parabéns a todos os deputados que já votaram e Parabéns aos que ainda irão votar contamos com a participação de todos principalmente os de Rondônia esperamos que valorize a queles que lhe elegeram confiando em vocês 🇧🇷🇧🇷🇧🇷🇧🇷,0,0,0,https://twitter.com/andrefernm/status/1626952102487420928
Helberth Mattioli,@Hmmattioli,https://twitter.com/Hmmattioli/status/1627239797193318400,2023-02-19T09:32:54.000Z,"Deus abençoe esses deputados que procuram a verdade!
A VERDADE NOS LIBERTARÁ 🙏",0,0,0,https://twitter.com/andrefernm/status/1626952102487420928
Edna Fortes,@EdnaFortes60,https://twitter.com/EdnaFortes60/status/1627259175829966849,2023-02-19T10:49:55.000Z,👏👏👏👏👏👏,0,0,0,https://twitter.com/andrefernm/status/1626952102487420928
manoel dos reis,@manoeld52029757,https://twitter.com/manoeld52029757/status/1627279776674156545,2023-02-19T12:11:46.000Z,Ricardo Salles assinou. obrigado,0,0,0,https://twitter.com/andrefernm/status/1626952102487420928
neiva tolfo vendrusc,@neivatv,https://twitter.com/neivatv/status/1627261337867808768,2023-02-19T10:58:30.000Z,"Vai dar certo, vamos clarear todas as dúvidas,",0,0,0,https://twitter.com/andrefernm/status/1626952102487420928
Jana,@JanainaMariely,https://twitter.com/JanainaMariely/status/1627091972241649667,2023-02-18T23:45:30.000Z,Conferi a lista e a minha deputada está lá. @CarolDeToni sempre junto na luta pelo 🇧🇷.,0,0,0,https://twitter.com/andrefernm/status/1626952102487420928
Capitu⚘,@Alyne_esto,https://twitter.com/Alyne_esto/status/1627073362198663169,2023-02-18T22:31:33.000Z,@celsorussomanno estamos aguardando sua assinatura,0,0,0,https://twitter.com/andrefernm/status/1626952102487420928
Capitu⚘,@Alyne_esto,https://twitter.com/Alyne_esto/status/1627074555478183936,2023-02-18T22:36:18.000Z,Muito bem @DepRosanaValle representando os Santistas,0,0,0,https://twitter.com/andrefernm/status/1626952102487420928
Br1 Rogers,@_Rogers_22,https://twitter.com/_Rogers_22/status/1626956392094437376,2023-02-18T14:46:45.000Z,"Tem meu respeito e apoio, porém sabemos que tudo será barrado pelos urubus de toga.",0,0,0,https://twitter.com/andrefernm/status/1626952102487420928
hippolyto brum jr,@hbrumjunior,https://twitter.com/hbrumjunior/status/1627130420415397889,2023-02-19T02:18:17.000Z,Como está a assinatura no Senado?,0,0,0,https://twitter.com/andrefernm/status/1626952102487420928
leiazagury,@LeiaZagury,https://twitter.com/LeiaZagury/status/1627004005128757248,2023-02-18T17:55:57.000Z,@depsilas assine,0,0,0,https://twitter.com/andrefernm/status/1626952102487420928
Ricardo Novo,@Ricardo_Novo7,https://twitter.com/Ricardo_Novo7/status/1627116461746528256,2023-02-19T01:22:49.000Z,Por que não tem ninguém do PT nem do PSOL?! Devem muito…só safados,0,0,0,https://twitter.com/andrefernm/status/1626952102487420928
Mariana Ferreira,@mariferreira_vr,https://twitter.com/mariferreira_vr/status/1627039260959293440,2023-02-18T20:16:03.000Z,@ToniettoChris  assinou! Minha deputada,0,0,0,https://twitter.com/andrefernm/status/1626952102487420928
sandra Rybeyro,@RybeyroSandra,https://twitter.com/RybeyroSandra/status/1627231086953603072,2023-02-19T08:58:18.000Z,Vergonha!!! Ninguém do MA!,0,0,0,https://twitter.com/andrefernm/status/1626952102487420928
Dane Nr,@DaianeNRamos1,https://twitter.com/DaianeNRamos1/status/1627142993273659393,2023-02-19T03:08:15.000Z,@DMiguellombardi  sabia q não  iria nos decepcionar. Parabéns pela sua posição. #CPMI08DEJAMEIRO,0,0,0,https://twitter.com/andrefernm/status/1626952102487420928
Marilda R. dos Reis,@MarildaRei1Rdos,https://twitter.com/MarildaRei1Rdos/status/1627667465256726532,2023-02-20T13:52:18.000Z,"É impressionante que tenhamos que ficar ""implorando"" para que os ""eleitos"" pelo povo, façam o que é dever deles! Esclarecer o que realmente aconteceu e tirar pessoas inocentes da prisão!!! As que são culpadas que paguem pelos seus crimes.",0,0,0,https://twitter.com/andrefernm/status/1626952102487420928
Helio JR,@VVetorize,https://twitter.com/VVetorize/status/1627147479505313794,2023-02-19T03:26:04.000Z,"Parabéns meu deputado ,@erosbiondini !!! Meu voto valeu a pena !!!!",0,0,0,https://twitter.com/andrefernm/status/1626952102487420928
Rodrigo Gomes,@Rodrigokamila78,https://twitter.com/Rodrigokamila78/status/1627143127579430912,2023-02-19T03:08:47.000Z,"Parece até que o partido das trevas foi extinto 
Kkkkk",0,0,0,https://twitter.com/andrefernm/status/1626952102487420928
Adriana Silva,@Adriana06303160,https://twitter.com/Adriana06303160/status/1627139337723813891,2023-02-19T02:53:43.000Z,"Gilberto Abramo não assinou ???
Me corrija se eu tiver errada.",0,0,0,https://twitter.com/andrefernm/status/1626952102487420928
Francisco,@Francis12394851,https://twitter.com/Francis12394851/status/1627156364362412033,2023-02-19T04:01:23.000Z,"PSOL, PCdoB, PT não tem ninguém, né ? E deputado do Piauí, Maranhão e Bahia, nada? Só não enxerga quem não quer",0,0,0,https://twitter.com/andrefernm/status/1626952102487420928
Alexandre Goncalves Tande,@GoncalvesTande,https://twitter.com/GoncalvesTande/status/1626987402311901184,2023-02-18T16:49:59.000Z,"Podemos, estão em férias?",0,0,0,https://twitter.com/andrefernm/status/1626952102487420928
Mi Carbognin,@MiCarbognin,https://twitter.com/MiCarbognin/status/1627064770355675138,2023-02-18T21:57:25.000Z,@DF_PauloFreire,0,0,0,https://twitter.com/andrefernm/status/1626952102487420928
Leandro Narciso,@Leandro26018809,https://twitter.com/Leandro26018809/status/1627197569456537600,2023-02-19T06:45:07.000Z,Perdeu mané NÃO amola Tyutyukas,0,0,0,https://twitter.com/andrefernm/status/1626952102487420928
Bruxa Hazel,@Bruxa88200151,https://twitter.com/Bruxa88200151/status/1627105786118766594,2023-02-19T00:40:24.000Z,"Urgente senhores deputados, assinem para que possamos passar o Brasil a limpo.",0,0,0,https://twitter.com/andrefernm/status/1626952102487420928
Alcimar,@LemosAlcimar,https://twitter.com/LemosAlcimar/status/1627157650210168833,2023-02-19T04:06:29.000Z,"Deveriam ter pelo menos umas 400 assinaturas, mas muita gente de rabo sujo na política....",0,0,0,https://twitter.com/andrefernm/status/1626952102487420928
Alexandre Tinoco,@AlexandreTino10,https://twitter.com/AlexandreTino10/status/1627240260160700417,2023-02-19T09:34:45.000Z,"Show, que tragam a verdade.",0,0,0,https://twitter.com/andrefernm/status/1626952102487420928
Lara Morato,@laracmorato,https://twitter.com/laracmorato/status/1627254499893993472,2023-02-19T10:31:20.000Z,Deus abençoe. Que a verdade venha a tona. Conhecereis a Verdade ela Verdade vos libertará.,0,0,0,https://twitter.com/andrefernm/status/1626952102487420928
Maria Madalena Lara,@MariaMa65137557,https://twitter.com/MariaMa65137557/status/1627262046319398914,2023-02-19T11:01:19.000Z,"Em, quem votei todos assinarem parabéns",0,0,0,https://twitter.com/andrefernm/status/1626952102487420928
edna maria Santos,@ednamariaSant19,https://twitter.com/ednamariaSant19/status/1627256463356829699,2023-02-19T10:39:08.000Z,"Fico muito triste,por nao haver um voto de Pernambuco. Estes não terão meu voto nas próximas eleições.",0,0,0,https://twitter.com/andrefernm/status/1626952102487420928
Clayton Montanha,@csmontanha07,https://twitter.com/csmontanha07/status/1627263010468143106,2023-02-19T11:05:09.000Z,Parabéns ! Mais seria bom passar também a lista dos que ainda não assinaram!,0,0,0,https://twitter.com/andrefernm/status/1626952102487420928
Hobede Aguiar,@HobedeAguiar,https://twitter.com/HobedeAguiar/status/1627258095624675330,2023-02-19T10:45:37.000Z,Cade o @KimKataguiri ?,0,0,0,https://twitter.com/andrefernm/status/1626952102487420928
ludmila,@Ludmiladias110,https://twitter.com/Ludmiladias110/status/1627985876457324547,2023-02-21T10:57:34.000Z,Absurdo essa demora em assinar uma CPI tão importante. Se todos acham que a democracia estava sob risco com aquele acontecimento porque não querem que seja apurado? Porque a esquerda não quer assinar?,0,0,0,https://twitter.com/andrefernm/status/1626952102487420928
Lilian,@Lilian48198249,https://twitter.com/Lilian48198249/status/1627249094912536576,2023-02-19T10:09:51.000Z,"Não adianta ter somente assinatura, tem que acontecer, porque TODOS sabem quem são os mandantes.",0,0,0,https://twitter.com/andrefernm/status/1626952102487420928
Danilo Almeida,@DaniloA73879478,https://twitter.com/DaniloA73879478/status/1627243164158361600,2023-02-19T09:46:17.000Z,Sim,0,0,0,https://twitter.com/andrefernm/status/1626952102487420928
kauany,@kauany32755302,https://twitter.com/kauany32755302/status/1627255554795008000,2023-02-19T10:35:31.000Z,@FFrancischini_ não vimos sua assinatura,0,0,0,https://twitter.com/andrefernm/status/1626952102487420928
Jordao Conta Reserva,@JordaoASJunior,https://twitter.com/JordaoASJunior/status/1626987768336330752,2023-02-18T16:51:26.000Z,"Não quero desanimar, mas hora que o xandão começar a apontar o dedo nos parlamentares, aposto que não vai ter CPI ou... já sabem, quem julga é o STF",0,0,0,https://twitter.com/andrefernm/status/1626952102487420928
Antonio wendell Almeida,@Antoniowendel11,https://twitter.com/Antoniowendel11/status/1627100245288177667,2023-02-19T00:18:23.000Z,"Essa CPMI vai servir para muitas coisas, uma delas é sabermos quem está contra o Brasil. As eleições municipais tão chegando, esperar quem se isentou nessa lista vir atrás de voto.",0,0,0,https://twitter.com/andrefernm/status/1626952102487420928
Sueli A P Arambul,@ArambulS,https://twitter.com/ArambulS/status/1627223022502379520,2023-02-19T08:26:15.000Z,"Por favor, mencione o nome dos que ainda não assinaram.",0,0,0,https://twitter.com/andrefernm/status/1626952102487420928
Patricia _Silva,@Patrici41039007,https://twitter.com/Patrici41039007/status/1627135475549982721,2023-02-19T02:38:22.000Z,Palumbo representou me en assinar.,0,0,0,https://twitter.com/andrefernm/status/1626952102487420928
Ivana Pintarelli,@IvanaPintarelli,https://twitter.com/IvanaPintarelli/status/1627094130005512193,2023-02-18T23:54:05.000Z,@NapoleaoSC,0,0,0,https://twitter.com/andrefernm/status/1626952102487420928
Rikardo,@Rikardo27232362,https://twitter.com/Rikardo27232362/status/1627063155024363521,2023-02-18T21:51:00.000Z,Onde estão os deputados do Paraná??? Poucos assinaram!!,0,0,0,https://twitter.com/andrefernm/status/1626952102487420928
Cássia barros,@Cssiabarros14,https://twitter.com/Cssiabarros14/status/1627138945585643520,2023-02-19T02:52:10.000Z,"Parabéns, estão fazendo o que esperamos de vcs.",0,0,0,https://twitter.com/andrefernm/status/1626952102487420928
Tércio∴,@pterciotorrente,https://twitter.com/pterciotorrente/status/1627154718605692934,2023-02-19T03:54:50.000Z,Só não permitam que a esquerda assuma nem a Presidência e nem a Relatoria.,0,0,0,https://twitter.com/andrefernm/status/1626952102487420928
Cone Prado,@PradoCone,https://twitter.com/PradoCone/status/1627026725451321346,2023-02-18T19:26:14.000Z,CPMI URGENTE!!,0,0,0,https://twitter.com/andrefernm/status/1626952102487420928
Vitor Parize,@vitorparize,https://twitter.com/vitorparize/status/1627150474422939648,2023-02-19T03:37:58.000Z,@leosiqueirabr assinou?,0,0,0,https://twitter.com/andrefernm/status/1626952102487420928
Thaynnah,@Thaynnah20v_2,https://twitter.com/Thaynnah20v_2/status/1627669677249036288,2023-02-20T14:01:06.000Z,"Prezado Delegado Bruno Lima @del_brunolimaComo delegado, não fique fora dessa luta ! 
Assine o requerimento da CPMI do 8 de Janeiro !
Os eleitores de São Paulo agradecem e lembrarão de seu nome daqui a 4 anos. #CPMI08dejaneiro",0,0,0,https://twitter.com/andrefernm/status/1626952102487420928
Thaynnah,@Thaynnah20v_2,https://twitter.com/Thaynnah20v_2/status/1627670073040338945,2023-02-20T14:02:40.000Z,"Prezado Delegado Da Cunha @DacunhaDelegadoComo delegado, não fique fora dessa luta ! 
Assine o requerimento da CPMI do 8 de Janeiro !
Os eleitores de São Paulo agradecem e lembrarão de seu nome daqui a 4 anos. #CPMI08dejaneiro",0,0,0,https://twitter.com/andrefernm/status/1626952102487420928
ROSANA BRANDAO SATO,@ROSANASATOHL,https://twitter.com/ROSANASATOHL/status/1627159078043615233,2023-02-19T04:12:10.000Z,Será preciso uns 15% a mais de assinaturas ACIMA do mínimo necessário. Alguns parlamentares poderão retirar suas assinaturas em cima da hora! Caldo de galinha e cautela nunca fazem mal...pois já vimos este filme várias vezes.,0,0,1,https://twitter.com/andrefernm/status/1626952102487420928
MARIA ANGELA LYRA,@MARIAANGELALYR1,https://twitter.com/MARIAANGELALYR1/status/1627291609044844544,2023-02-19T12:58:47.000Z,E tão óbvio que a esquerda nso quer ser desmascarada !!seus infiltrados serão descobertos !! E patriotas inocentados! É óbvio que por isto não tem nenhum deputado do PT! Affffff,0,0,1,https://twitter.com/andrefernm/status/1626952102487420928
Rosangela Maia,@Rosange97123312,https://twitter.com/Rosange97123312/status/1627184975878492164,2023-02-19T05:55:04.000Z,Pois é @FelipeBecari! Ajudo a causa animal e as causas humanas?  Pq não vi tua  assinatura p a CPMI?,0,0,1,https://twitter.com/andrefernm/status/1626952102487420928
Angelica,@AngelBlum62,https://twitter.com/AngelBlum62/status/1627048384572928000,2023-02-18T20:52:18.000Z,Prezado @tomeabduchcombr não vi seu nome na lista!!!??????,0,0,2,https://twitter.com/andrefernm/status/1626952102487420928
Sari Ayres da Rocha,@sariayresrocha,https://twitter.com/sariayresrocha/status/1627234781028122627,2023-02-19T09:12:59.000Z,"Nenhum do PT, medo do que?",0,0,1,https://twitter.com/andrefernm/status/1626952102487420928
cd.drvargas@gmail.com,cd.drvargas@gmail.com,https://twitter.com/cd_drvargas/status/1627238506404753409,2023-02-19T09:27:47.000Z,Mostre a lista dos que foram se negaram assinar ou estão em dúvida. Pra mim a dúvida é clareza,1,0,0,https://twitter.com/andrefernm/status/1626952102487420928
Carlos D'Ingiullo,@IngiulloCarlos,https://twitter.com/IngiulloCarlos/status/1627297600528318464,2023-02-19T13:22:36.000Z,"O engraçado que ninguém do partido das trevas (PT) assinou ainda, porque será????",0,0,1,https://twitter.com/andrefernm/status/1626952102487420928
Makyalisson Peres,@makyalisson,https://twitter.com/makyalisson/status/1627308832362795008,2023-02-19T14:07:14.000Z,"Ninguém do PT, Psol?",0,0,1,https://twitter.com/andrefernm/status/1626952102487420928
MARCELO CARNEIRO FIGUEIREDO,@marcelobanco77,https://twitter.com/marcelobanco77/status/1627245415304163329,2023-02-19T09:55:14.000Z,Não houveram deputados eleitos do PT?,0,0,0,https://twitter.com/andrefernm/status/1626952102487420928
Edmar Cristiano,@EdmarCristiano7,https://twitter.com/EdmarCristiano7/status/1627078370977804288,2023-02-18T22:51:27.000Z,"Show! Vamos pra cima dos bandidos!! E conhecereis a verdade, e a verdade vos libertará!",0,0,0,https://twitter.com/andrefernm/status/1626952102487420928
Ap.¹³,@JosDevanir2,https://twitter.com/JosDevanir2/status/1626981401642905601,2023-02-18T16:26:08.000Z,Parabéns deputado. Só me preocupo como será tratado o resultado das investigações pelo supremo bandido.,0,0,0,https://twitter.com/andrefernm/status/1626952102487420928
izabel guimaraes,@GuimasIza,https://twitter.com/GuimasIza/status/1627126052186193922,2023-02-19T02:00:56.000Z,"Além de elegermos ainda temos que ficar falando o que os ""representantes"" precisam fazer? Socorro, viu!",0,0,0,https://twitter.com/andrefernm/status/1626952102487420928
sonia maria duperron,@soninhavilasb,https://twitter.com/soninhavilasb/status/1627113230890942470,2023-02-19T01:09:59.000Z,Vamos senhores deputados assinar essa cpi !!!!,0,0,0,https://twitter.com/andrefernm/status/1626952102487420928
Eduardo Balluz,@BalluzEduardo,https://twitter.com/BalluzEduardo/status/1627234721120878595,2023-02-19T09:12:44.000Z,Não teve um deputado do Maranhão com coragem de assinar a CPI????,0,0,0,https://twitter.com/andrefernm/status/1626952102487420928
Jorge Gomes,@JorgeGomesSF,https://twitter.com/JorgeGomesSF/status/1627090399780302853,2023-02-18T23:39:15.000Z,Parabéns Deputado por todo esforço que estão tendo para trazer a verdade a sociedade.,0,0,0,https://twitter.com/andrefernm/status/1626952102487420928
Emersom Ferron Carneiro,@FerronEmersom,https://twitter.com/FerronEmersom/status/1627091810387632129,2023-02-18T23:44:52.000Z,"José Medeiros tá lá lista, voto bem feito",0,0,0,https://twitter.com/andrefernm/status/1626952102487420928
santos_lima07@hotmail.com,santos_lima07@hotmail.com,https://twitter.com/Procop07Santos/status/1627224526525239296,2023-02-19T08:32:14.000Z,"Ué.
Não temos 1 do PT?
ELES TINHAM QUE SER OS PRIMEIROS. 'SEM ANISTIA'
BLA BLA BLA",0,0,0,https://twitter.com/andrefernm/status/1626952102487420928
Denise,@Denise96904520,https://twitter.com/Denise96904520/status/1626983859425353733,2023-02-18T16:35:54.000Z,O deputado Bibo Nunes não foi reeleito.,0,0,0,https://twitter.com/andrefernm/status/1626952102487420928
Darcilene Souza,@PedroLimaSouza5,https://twitter.com/PedroLimaSouza5/status/1627060735804338177,2023-02-18T21:41:23.000Z,"Procurei o nome do @silascamara_ silase não achei
Alguém sabe porque @silascamara_ ainda não assinou?
O que o sr @silascamara_ tem a dizer? 🤔🤔🤔🤔🤔",0,0,2,https://twitter.com/andrefernm/status/1626952102487420928
Tito Fernandes,@TitoFer22498917,https://twitter.com/TitoFer22498917/status/1627257818217648129,2023-02-19T10:44:31.000Z,"Pelo jeito os deputados do PDT, PSOL e Rede não estão muito animados com essa CPMI. Essa turma adora apontar o dedo pros outros e acusar qualquer pessoa dos maiores absurdos, mas na hora de investigar um fato que pode complicar a vida dos amiguinhos aí todos ficam quietinhos. 🤫",0,0,3,https://twitter.com/andrefernm/status/1626952102487420928
Jorge Damasceno,@onecroj,https://twitter.com/onecroj/status/1627003536553771009,2023-02-18T17:54:06.000Z,"Vamos conferir com calma e cobrar. Educadamente,  mas cobrar. No Paraná    alguns  já  assinaram.  Mas faltam muitos. Aos que assinaram,  nossos parabéns.",0,0,5,https://twitter.com/andrefernm/status/1626952102487420928
Política e Humor,@PoliticaeHumor,https://twitter.com/PoliticaeHumor/status/1626960040912355330,2023-02-18T15:01:15.000Z,Vamos conseguir 👏👏 obrigado por nos representar!,0,0,2,https://twitter.com/andrefernm/status/1626952102487420928
Ana,@AnaElisalemos2,https://twitter.com/AnaElisalemos2/status/1626984590979080193,2023-02-18T16:38:49.000Z,@emidinhomadeira 👏👏👏👏👏👏👏,0,0,2,https://twitter.com/andrefernm/status/1626952102487420928
Antonio Moreira,@Antonio63704771,https://twitter.com/Antonio63704771/status/1627286929518493696,2023-02-19T12:40:12.000Z,"Acho engraçado o PT quer prender todos os envolvidos e não tem um deputado fdp do PT assinando a CPMI!
Que partido é esse?
Faz o L.",0,0,2,https://twitter.com/andrefernm/status/1626952102487420928
CAA,@CAA72034993,https://twitter.com/CAA72034993/status/1627141836828450816,2023-02-19T03:03:39.000Z,"Cadê a assinatura do deputado Vitor Lippi @vitorlippi4510 , sorocabanos de olho na atuação desse deputado!!!!",0,0,2,https://twitter.com/andrefernm/status/1626952102487420928
Alexandre Lopes,@lopes_contador,https://twitter.com/lopes_contador/status/1627072922681761792,2023-02-18T22:29:48.000Z,"Da Paraíba apenas @cabogilberto ! Parabéns deputado!
Cadê @ruycarneiropb ,@Mersinho_Lucena , Wellington Roberto?",0,0,2,https://twitter.com/andrefernm/status/1626952102487420928
Marina,@Mah_sei,https://twitter.com/Mah_sei/status/1626967372711051264,2023-02-18T15:30:23.000Z,@ofabiogarciamt  já assinou????,0,1,5,https://twitter.com/andrefernm/status/1626952102487420928
Marina,@Mah_sei,https://twitter.com/Mah_sei/status/1626968314265145347,2023-02-18T15:34:08.000Z,@emanuelzinhomt  já assinou?,0,1,5,https://twitter.com/andrefernm/status/1626952102487420928
Maria Barion,@barion2_mb,https://twitter.com/barion2_mb/status/1627161344599261185,2023-02-19T04:21:10.000Z,Atenção deputados que não assinaram daqui a 4 anos esqueçam do meu voto,0,1,0,https://twitter.com/andrefernm/status/1626952102487420928
UP Recursos Humanos,@HumanosUp,https://twitter.com/HumanosUp/status/1627108679232135168,2023-02-19T00:51:54.000Z,"@RenataAbreu1919 @RodrigoGambale  vocês não querem saber o que realmente aconteceu?
Votamos em vocês queremos uma justificativa",0,0,1,https://twitter.com/andrefernm/status/1626952102487420928
Adriana Gregorato Martinez,@AdrianaGregora1,https://twitter.com/AdrianaGregora1/status/1627121794145452033,2023-02-19T01:44:00.000Z,"Os meus já estão na lista!
Bora cobrar estes Deputados e Senadores....queremos respostas e responsáveis!!!!",1,0,0,https://twitter.com/andrefernm/status/1626952102487420928
Romulo Dias,@RomuloRoberto02,https://twitter.com/RomuloRoberto02/status/1626962745701675011,2023-02-18T15:12:00.000Z,@mauriciodovolei ainda nao assinou ?,1,3,5,https://twitter.com/andrefernm/status/1626952102487420928
@RooBarbosa,@RooBarbosa,https://twitter.com/RooBarbosa2/status/1627099145600221186,2023-02-19T00:14:01.000Z,Cadê o @KimKataguiri  nessa lista ?,0,0,2,https://twitter.com/andrefernm/status/1626952102487420928
Cristiano Alves do Amaral,@CrisAlvesAmaral,https://twitter.com/CrisAlvesAmaral/status/1627322530250858498,2023-02-19T15:01:40.000Z,"Caros @DanielCoelho23 , @fernandofilhope , @felipecarrerasnão vi os seus nomes na lista da #CPIdo08deJaneiro ? O que falta?",0,1,1,https://twitter.com/andrefernm/status/1626952102487420928
eriberto,@eribert68016560,https://twitter.com/eribert68016560/status/1627079699624267778,2023-02-18T22:56:44.000Z,Eu queria perguntar pra essa cambada de ....qual a dificuldade de fazer o certo e assinar logo essa ............,1,0,2,https://twitter.com/andrefernm/status/1626952102487420928
Wellington,@Wellingtonjpl29,https://twitter.com/Wellingtonjpl29/status/1626979885078966273,2023-02-18T16:20:07.000Z,@saullovianna ainda não votou deputado?,0,3,17,https://twitter.com/andrefernm/status/1626952102487420928
Sobrevivente,@Sobrevivente_22,https://twitter.com/Sobrevivente_22/status/1627243415636246528,2023-02-19T09:47:17.000Z,"Transparência? Só isso? Deveriam assinar pelo fim da barbárie em que vivemos. Quem deveria guardar a lei é quem a sabota para nos perseguir, para exterminar todos que se declaram de direita. Vejam os campos de concentração, as prisões políticas. Vivemos numa farsa de democracia.",0,0,3,https://twitter.com/andrefernm/status/1626952102487420928
Daniel,@danielbcm1952,https://twitter.com/danielbcm1952/status/1627235986756231172,2023-02-19T09:17:46.000Z,Temos que investigar a fundo nesse mato tem coelho o PT não querer a CPI  fica cabuloso esses deputados que já se venderam deram lembrados nas eleições,0,0,0,https://twitter.com/andrefernm/status/1626952102487420928
Maria das Graças Bastos Lopes,@Mariada27725346,https://twitter.com/Mariada27725346/status/1627236887692820483,2023-02-19T09:21:21.000Z,Aguardando este momento,0,0,0,https://twitter.com/andrefernm/status/1626952102487420928
Nelson Amaro,@NelsonAmaro20,https://twitter.com/NelsonAmaro20/status/1627236174740824065,2023-02-19T09:18:31.000Z,Parabéns  pela atitude asertada,0,0,0,https://twitter.com/andrefernm/status/1626952102487420928
Rose Alves,@RoseAlv86374357,https://twitter.com/RoseAlv86374357/status/1627239030898282496,2023-02-19T09:29:52.000Z,Pra cima  BRASIL 🇧🇷🇧🇷🇧🇷🇧🇷🇧🇷,0,0,0,https://twitter.com/andrefernm/status/1626952102487420928
Bem Filho,@BemFilho1,https://twitter.com/BemFilho1/status/1627239402442301440,2023-02-19T09:31:20.000Z,"O negócio não é recolher as assinaturas, e sim colocar em pauta pelo #RaboPreso do presidente da casa. Aí é a dificuldade! #É_DE_LASCAR!",0,0,0,https://twitter.com/andrefernm/status/1626952102487420928
Rose Alves,@RoseAlv86374357,https://twitter.com/RoseAlv86374357/status/1627239915846004739,2023-02-19T09:33:23.000Z,Será que o resto vai se vender com fizeram  na votação para presidente do senado ????a demora de mais Isso já era pra ter acontecido gente do céu,0,0,0,https://twitter.com/andrefernm/status/1626952102487420928
Redbull,@Redbull20829266,https://twitter.com/Redbull20829266/status/1627260637674975233,2023-02-19T10:55:43.000Z,Narrativas é isso que o sistema gosta a verdade e transparência eles correm..mais nada é oculto por muito tempo,0,0,0,https://twitter.com/andrefernm/status/1626952102487420928
@paralelepípedo,@paralelepípedo,https://twitter.com/moreira_genilza/status/1627293558238547970,2023-02-19T13:06:32.000Z,Se Deus quiser vamos conseguir 🙏🏼🙌🏼,0,0,0,https://twitter.com/andrefernm/status/1626952102487420928
Sônia Mariah,@Mariah2Snia,https://twitter.com/Mariah2Snia/status/1627314048676114433,2023-02-19T14:27:57.000Z,Meu deputado já assinou. 🙂,0,0,0,https://twitter.com/andrefernm/status/1626952102487420928
Tete Dantas,@TeteDantas60,https://twitter.com/TeteDantas60/status/1627315122514411520,2023-02-19T14:32:13.000Z,"Parabéns André Fernandes ,nós orgulhamos de você e de todos que estão empenhados nessa luta",0,0,0,https://twitter.com/andrefernm/status/1626952102487420928
Elson Garcia,@ElsonGarcia,https://twitter.com/ElsonGarcia/status/1627281564106211328,2023-02-19T12:18:52.000Z,"Essa lista já mostra os verdadeiros culpados pela bagunça do dia 8, não vi ninguém do pt, pq será?",1,0,1,https://twitter.com/andrefernm/status/1626952102487420928
Cristiano Bormaita,@crbormaita01,https://twitter.com/crbormaita01/status/1626965549061120005,2023-02-18T15:23:09.000Z,"André, pro povo cobrar é importante colocar o nome e estado de quem ainda não assinou.",0,1,10,https://twitter.com/andrefernm/status/1626952102487420928
Flavia Olliveira,@FlaviaOlliveir1,https://twitter.com/FlaviaOlliveir1/status/1626981457116659713,2023-02-18T16:26:21.000Z,"@plnacional_  temos alguns políticos do PL que não assinaram o requerimento da CPMI do dia 08/01, isso é inadmissível!! Nós, eleitores do PL, estamos aguardando as assinaturas faltantes! É urgente a instauração dessa comissão. Temos 900 pessoas presas ilegalmente. 🇧🇷💚💛",2,16,66,https://twitter.com/andrefernm/status/1626952102487420928
Thyago Miranda,@thyagotortuga,https://twitter.com/thyagotortuga/status/1626988307572744195,2023-02-18T16:53:35.000Z,Nenhum deputado do Maranhão 🤦🏽‍♂️🤦🏽‍♂️🤦🏽‍♂️… É brincadeira um negócio desse,0,1,4,https://twitter.com/andrefernm/status/1626952102487420928
J.Woolf,@WoolfJoana,https://twitter.com/WoolfJoana/status/1627036544962818048,2023-02-18T20:05:15.000Z,"CPI sim.!!!

Também queremos saber das águas do Rio São Francisco.",1,0,4,https://twitter.com/andrefernm/status/1626952102487420928
Diego Balbino,@Diego_balbino89,https://twitter.com/Diego_balbino89/status/1626973336184954880,2023-02-18T15:54:05.000Z,"Bora assinar, @yurydoparedao",0,1,4,https://twitter.com/andrefernm/status/1626952102487420928
Direita Maranhao 2023 MA,@NossaRenovacao,https://twitter.com/NossaRenovacao/status/1626999640343158785,2023-02-18T17:38:37.000Z,@DepAndreFufuca @aluisiomendesma VAMOS SE MEXER,0,2,6,https://twitter.com/andrefernm/status/1626952102487420928
Izauria Teixeira,@izauria,https://twitter.com/izauria/status/1626989977560121347,2023-02-18T17:00:13.000Z,@deltanmd não encontrei seu nome na lista ! O povo do Paraná e no Brasil precisa saber a verdade!,0,4,37,https://twitter.com/andrefernm/status/1626952102487420928
João Raidan,@RaidanVictor,https://twitter.com/RaidanVictor/status/1626957170141982723,2023-02-18T14:49:51.000Z,"@andrefernm tem muitos dep de Minas aí que não assinaram ainda, principalmente os do PP",1,3,25,https://twitter.com/andrefernm/status/1626952102487420928
EngMec,@EngMec8,https://twitter.com/EngMec8/status/1626953625095340034,2023-02-18T14:35:46.000Z,Tem mais gente do @republicanos10 para votarem aí. @marcospereira04 @aroldomartins tem.mais gente aí...,0,5,37,https://twitter.com/andrefernm/status/1626952102487420928
