nome,usuario,idTweet,dataPublicacao,texto,replies,retweets,likes,tweetPai
Marisa victorio da silva,@victorio_marisa,https://twitter.com/victorio_marisa/status/1626741175922180096,2023-02-18T00:31:34.000Z,"salário, comida no prato todos os dias e felicidade. Esse é o pensamento de um homem que cuida. Agora sim nós temos um governo de verdade!",0,0,0,https://twitter.com/AlencarBraga13/status/1626718139303051264
celita,@celita397987851,https://twitter.com/celita397987851/status/1627021025320861696,2023-02-18T19:03:35.000Z,Vai deixar falido como das outras vezes que governou!,0,0,0,https://twitter.com/AlencarBraga13/status/1626718139303051264
Farouk,@Farouk14269130,https://twitter.com/Farouk14269130/status/1626955794045435907,2023-02-18T14:44:23.000Z,Ladrão safado,0,0,0,https://twitter.com/AlencarBraga13/status/1626718139303051264
Emília Teixeira Mello,@EmliaTeixeira13,https://twitter.com/EmliaTeixeira13/status/1626719496865222658,2023-02-17T23:05:25.000Z,URGENTE: Sigilo do cartão de vacinação do Bolsonaro é divulgado e mostra que o ex-presidente se vacinou contra a Covid no dia 19 de julho de 2021 com a dose única da Janssen. Ele fazia discurso contra a vacinação e apoiava remédios ineficaz como a cloroquina.,0,0,0,https://twitter.com/AlencarBraga13/status/1626718139303051264
Marisa victorio da silva,@victorio_marisa,https://twitter.com/victorio_marisa/status/1626740621124767744,2023-02-18T00:29:22.000Z,"#LulanaCNN🗣️🎙️🧔🏻o presidente @lulaoficial disse que quer que o povo brasileiro tenha mais emprego, salário, comida no prato todos os dias e felicidade.😀😃😄 ✔️Em entrevista à @cnnbrasil, o presidente @lulaoficial disse que quer que o povo brasileiro tenha mais emprego, +",0,0,0,https://twitter.com/AlencarBraga13/status/1626718139303051264
