nome,usuario,idTweet,dataPublicacao,texto,replies,retweets,likes,tweetPai
Italo Portela,@ItaloPortela7,https://twitter.com/ItaloPortela7/status/1630287895201300480,2023-02-27T19:24:58.000Z,"Tô esperando a picanha baratinha, cadê?",1,0,1,https://twitter.com/AlencarBraga13/status/1626337638981435400
Suluartes Brasil (Suluartes Brasil),@Suluartesbrasi,https://twitter.com/Suluartesbrasi/status/1630318273089744897,2023-02-27T21:25:40.000Z,#FazoL,0,0,3,https://twitter.com/AlencarBraga13/status/1626337638981435400
Cleomilson Lima,@Cleomilsonn,https://twitter.com/Cleomilsonn/status/1630292479806242822,2023-02-27T19:43:11.000Z,Oi deputado.. ta igual ao lula mentindo nas redes sociais,0,0,8,https://twitter.com/AlencarBraga13/status/1626337638981435400
Eliel Cavalcante Dantas,@elielcd2016,https://twitter.com/elielcd2016/status/1630489505030348801,2023-02-28T08:46:05.000Z,"Isso não é governo,  mas uma quadrilha formada por incompetentes com longas fichas criminais.",0,0,0,https://twitter.com/AlencarBraga13/status/1626337638981435400
Pereira,@Pereira99643430,https://twitter.com/Pereira99643430/status/1630000370419220481,2023-02-27T00:22:26.000Z,# fazoL,0,0,0,https://twitter.com/AlencarBraga13/status/1626337638981435400
Jaison Felipe Bona,@jfbona7,https://twitter.com/jfbona7/status/1630387472856145920,2023-02-28T02:00:39.000Z,nofan que bonito,0,0,0,https://twitter.com/AlencarBraga13/status/1626337638981435400
Emanuel Martins,@Jorgenavegador,https://twitter.com/Jorgenavegador/status/1626550025114230785,2023-02-17T11:52:00.000Z,"É gasto.Depois, os "" doutores"" vai tudo para os EUA e europa, trabalhar.
O Brasil forma e, por falta de oportunidades, some tudo do Brasil.",0,0,0,https://twitter.com/AlencarBraga13/status/1626337638981435400
Dri,@driticaq,https://twitter.com/driticaq/status/1630316708803035143,2023-02-27T21:19:27.000Z,Nunca vai ter verba olha onde é gasto o dinheiro,0,0,2,https://twitter.com/AlencarBraga13/status/1626337638981435400
Mauricio,@Mauricio_sfo,https://twitter.com/Mauricio_sfo/status/1630292441524830209,2023-02-27T19:43:02.000Z,"Boa, mais a dúvida é
 porque ele vetor as aulas de robótica, computação e programação da grande escola do ensino fundamental e médio ? Nossa Brasil está bem atrasado nesse quesito e vai ficar mais a inda, em breve veremos muitos mais desempregados nessa área.",2,0,6,https://twitter.com/AlencarBraga13/status/1626337638981435400
DANILLO,@DANILLOmendes1,https://twitter.com/DANILLOmendes1/status/1630319053028851721,2023-02-27T21:28:46.000Z,Se vem do meu bolso eu chamo como quiser.,0,0,0,https://twitter.com/AlencarBraga13/status/1626337638981435400
DAVI BATISTA,@Davi_Bsantos,https://twitter.com/Davi_Bsantos/status/1630315887600320521,2023-02-27T21:16:12.000Z,A cumecar kkk não sabe nem falar,0,0,0,https://twitter.com/AlencarBraga13/status/1626337638981435400
MARCELO LOPES,@lopes_marcelo22,https://twitter.com/lopes_marcelo22/status/1630378781062975489,2023-02-28T01:26:07.000Z,Então avisa o @itau que meu empréstimo pra pagar a faculdade não é dívida e sim investimento. 🤡,0,0,1,https://twitter.com/AlencarBraga13/status/1626337638981435400
barraco desabou,@MariaTerezaMe11,https://twitter.com/MariaTerezaMe11/status/1630327108651175936,2023-02-27T22:00:47.000Z,"Criar 10 ministérios é investimento.
Redesenhar os móveis do palácio é investimento.
""Emprestar"" dinheiro para países latinos , via BNDES, é investimento.
Tá certo ⛔",0,0,4,https://twitter.com/AlencarBraga13/status/1626337638981435400
kenny pistola!,@LuizEdu46175277,https://twitter.com/LuizEdu46175277/status/1630572697250852866,2023-02-28T14:16:40.000Z,Vamos tomar mais um calote dos países da América do Sul- 10 bi pra artistas - gasolinona mais cara - stf com salário maior e salário mínimo com aumento de 18 reais realmente  o amor venceu !!,0,0,0,https://twitter.com/AlencarBraga13/status/1626337638981435400
DanielKGM,@Danielzin2727,https://twitter.com/Danielzin2727/status/1630361813081546754,2023-02-28T00:18:41.000Z,enquanto isso a educação fundamental e média sucateada,0,0,1,https://twitter.com/AlencarBraga13/status/1626337638981435400
Emerson L.◤✠◢,@Emersonesl,https://twitter.com/Emersonesl/status/1630312426687037442,2023-02-27T21:02:26.000Z,Menos um na minha timeline,0,0,0,https://twitter.com/AlencarBraga13/status/1626337638981435400
jose nery,@josenery53,https://twitter.com/josenery53/status/1629990063101685767,2023-02-26T23:41:29.000Z,#FazoL,0,0,0,https://twitter.com/AlencarBraga13/status/1626337638981435400
Fatima B.,@FatimaBarbosaE,https://twitter.com/FatimaBarbosaE/status/1630584321449787397,2023-02-28T15:02:51.000Z,"Qdo não estão roubando, estão mentindo.",0,0,0,https://twitter.com/AlencarBraga13/status/1626337638981435400
JSebastiaoBach,@SebastiaoBach,https://twitter.com/SebastiaoBach/status/1630635403819532291,2023-02-28T18:25:50.000Z,"Espera-se que governo só invista, não gaste dinheiro público. E isso em todas as áreas que beneficiam todos os brasileiros, como saneamento, estradas, hospitais, aeroportos, ferrovias, escolas, universidades, etc

Povo paga bastante imposto já, quer mais?",0,0,0,https://twitter.com/AlencarBraga13/status/1626337638981435400
HeLiO NaScIMeNtO,@HelioNact,https://twitter.com/HelioNact/status/1630879356863107072,2023-03-01T10:35:13.000Z,Dinheiro para ser roubado.,0,0,0,https://twitter.com/AlencarBraga13/status/1626337638981435400
Lemmy Caution,@voyager_1984,https://twitter.com/voyager_1984/status/1630326225863360512,2023-02-27T21:57:16.000Z,"Pagar taxa de juros não é investimento. É uma taxa paga para se confiar no governo. Quando o estado gasta mais do que deve, as pessoas que emprestam dinheiro para o governo desconfiam que o estado vai honrar suas obrigações. Portanto, o preço para confiar no governo aumenta.",0,0,0,https://twitter.com/AlencarBraga13/status/1626337638981435400
No Exílio News,@ExilioNews,https://twitter.com/ExilioNews/status/1630307173614997507,2023-02-27T20:41:34.000Z,"É mesmo. E de onde esse dinheiro de ""investimento"" sai, deputado? Conta para nós.",0,0,0,https://twitter.com/AlencarBraga13/status/1626337638981435400
Leide,@Leide_777,https://twitter.com/Leide_777/status/1630462252393414657,2023-02-28T06:57:48.000Z,Fazueli,0,0,0,https://twitter.com/AlencarBraga13/status/1626337638981435400
Leide,@Leide_777,https://twitter.com/Leide_777/status/1631032792925581312,2023-03-01T20:44:55.000Z,Fazueli! Aumenta o combustível! A população precisa pagar mais!!,0,0,0,https://twitter.com/AlencarBraga13/status/1626337638981435400
Ham XAWRAR,@xawrar,https://twitter.com/xawrar/status/1626377197521891329,2023-02-17T00:25:15.000Z,Poema O Juiz da lava jato! (HD),0,0,0,https://twitter.com/AlencarBraga13/status/1626337638981435400
Raimundo Santana,@Raimund76322861,https://twitter.com/Raimund76322861/status/1630337104914907136,2023-02-27T22:40:30.000Z,🤡🤡🤡🤡🤡,0,0,0,https://twitter.com/AlencarBraga13/status/1626337638981435400
grogo skywalker,@GrogoSkywalker,https://twitter.com/GrogoSkywalker/status/1630444217947369473,2023-02-28T05:46:08.000Z,cheiro de corrupção..........,0,0,0,https://twitter.com/AlencarBraga13/status/1626337638981435400
IVS,@isaac_vies,https://twitter.com/isaac_vies/status/1630304952382889987,2023-02-27T20:32:44.000Z,O investimento vai para educação e a verba vai para o Bolso do Lula.,0,0,0,https://twitter.com/AlencarBraga13/status/1626337638981435400
Porridge,@DnTrOnMe,https://twitter.com/DnTrOnMe/status/1630564615070314504,2023-02-28T13:44:33.000Z,"Meu desígnio de vida será ganhar muito dinheiro em cima dessa corja que corrompe o país.

Roubem muito, pois estarei à espreita.#FazoL",0,0,0,https://twitter.com/AlencarBraga13/status/1626337638981435400
mrreynaldo,@mrreynaldo2021,https://twitter.com/mrreynaldo2021/status/1630518132186939392,2023-02-28T10:39:50.000Z,"É o maior mentiroso que esta terra pariu, um mitômano compulsivo.",0,0,0,https://twitter.com/AlencarBraga13/status/1626337638981435400
Denise Métene,@DeniseMetene,https://twitter.com/DeniseMetene/status/1630293454675738624,2023-02-27T19:47:03.000Z,Kkkkkkkkk,0,0,0,https://twitter.com/AlencarBraga13/status/1626337638981435400
Fábio Pinto Bento,@Fabiopb7,https://twitter.com/Fabiopb7/status/1630560112820600832,2023-02-28T13:26:39.000Z,Quando uma pessoa coloca a escola do filho no orçamento familiar ela está apontando para um gasto que será um investimento. Mas não deixa de ser gasto!  Gente do céu ! Que equipe atrapalhada! Mas o povo quis assim né? Agora é esperar no que vai dar ...,0,0,0,https://twitter.com/AlencarBraga13/status/1626337638981435400
ConteudoAnimal com br,@Conteudoanimal1,https://twitter.com/Conteudoanimal1/status/1630325710874132481,2023-02-27T21:55:14.000Z,que adianta pesquisa e inovação num pais de analfabetos funcionais ??,0,0,0,https://twitter.com/AlencarBraga13/status/1626337638981435400
Nina,@NinaLizBrasil,https://twitter.com/NinaLizBrasil/status/1630327688089985028,2023-02-27T22:03:05.000Z,"O ""investimento"" do DESGOVERNO LULA.",0,0,0,https://twitter.com/AlencarBraga13/status/1626337638981435400
Laercio Costa,@Laercio39210204,https://twitter.com/Laercio39210204/status/1630367413370859520,2023-02-28T00:40:56.000Z,Um dia você vai ter o mesmo troféu que o Janones ganhou,0,0,0,https://twitter.com/AlencarBraga13/status/1626337638981435400
Marisa victorio da silva,@victorio_marisa,https://twitter.com/victorio_marisa/status/1626351632177831939,2023-02-16T22:43:39.000Z,"#FazoL 🧔🏻 🏃‍♀️ Juventude EducaçãoFuturoInvestimento 🏃🏾‍♀️✔️No governo @LulaOficialé proibido chamar educação de gasto. O nome é investimento! E não tem como investir em educação se não investir em pesquisa e inovação.
 Lula lá Lula lá ❤️",0,0,0,https://twitter.com/AlencarBraga13/status/1626337638981435400
