nome,usuario,idTweet,dataPublicacao,texto,replies,retweets,likes,tweetPai
Marisa victorio da silva,@victorio_marisa,https://twitter.com/victorio_marisa/status/1627733823831085057,2023-02-20T18:16:00.000Z,"Nota Oficial - Chuvas em SP

Todo o Brasil acompanha aflito e consternado o drama dos municípios afetados pelas chuvas",0,0,0,https://twitter.com/AlencarBraga13/status/1627725244570927117
Marisa victorio da silva,@victorio_marisa,https://twitter.com/victorio_marisa/status/1627735319947710465,2023-02-20T18:21:56.000Z,Agora temos presidente! 👆,0,0,0,https://twitter.com/AlencarBraga13/status/1627725244570927117
Marisa victorio da silva,@victorio_marisa,https://twitter.com/victorio_marisa/status/1627735210589659139,2023-02-20T18:21:30.000Z,"Nota Oficial - Chuvas em SP
Todo o Brasil acompanhar aflito e consternado,o drama dos municípios afetados pelas chuvas os últimos dias, especialmente no litoral de São Paulo. Manifesto minha solidariedade e apreensão diante desta tragédia.

NOTA COMPLETA:https://alencarsantana.com.br/nota-oficial-chuvas-em-sp/…",0,0,0,https://twitter.com/AlencarBraga13/status/1627725244570927117
