nome,usuario,idTweet,dataPublicacao,texto,replies,retweets,likes,tweetPai
Maria Cristina,@MaCris2005,https://twitter.com/MaCris2005/status/1627081123317837830,2023-02-18T23:02:24.000Z,#ForaCamposNeto,0,0,2,https://twitter.com/AlencarBraga13/status/1627047894002941953
Deus Salve o Brasil!,@ParaibaAFG,https://twitter.com/ParaibaAFG/status/1627324089663729665,2023-02-19T15:07:51.000Z,Acha mesmo q alguém acredita num petista?,0,0,6,https://twitter.com/AlencarBraga13/status/1627047894002941953
Renata D'Amorim (Рената),@renatadsc,https://twitter.com/renatadsc/status/1627368973699358721,2023-02-19T18:06:13.000Z,"Não creio. Não é possivel acreditar em mais nada do que esse governo fala,   sem credibilidade",0,0,4,https://twitter.com/AlencarBraga13/status/1627047894002941953
Renata D'Amorim (Рената),@renatadsc,https://twitter.com/renatadsc/status/1627369437765505033,2023-02-19T18:08:03.000Z,"Devem estar dizendo isto pra justificar o próprio roubo ou rombo à vista. Acusando terceiros.
Que aponte com provas quem teria ficado com isto e direto sem evasivas.",0,1,8,https://twitter.com/AlencarBraga13/status/1627047894002941953
Jana #Lula2022,@JanaSCosta,https://twitter.com/JanaSCosta/status/1627074078346743809,2023-02-18T22:34:24.000Z,#ANISTIANAO  #ANISTIANAO#ANISTIANAO#ANISTIANAO#ANISTIANAO#ANISTIANAO  #ANISTIANAO#ANISTIANAO#ANISTIANAO#ANISTIANAO,0,0,3,https://twitter.com/AlencarBraga13/status/1627047894002941953
cricario terapeuta,@terapiasdobemm,https://twitter.com/terapiasdobemm/status/1627123273845682176,2023-02-19T01:49:53.000Z,"Gostaria de saber,pq ainda não foram em cima do Paulo Guedes. Nem tocam no nome dele.",1,0,3,https://twitter.com/AlencarBraga13/status/1627047894002941953
Silvia,@Silviaf75511874,https://twitter.com/Silviaf75511874/status/1627121725023330304,2023-02-19T01:43:44.000Z,Queremos aquela cartinha à população que o BC escreve se explicando quando as coisas vão mal! Estou esperando o atestado de incompetência e fragilidade do BC deixado pelo trevoso,0,0,5,https://twitter.com/AlencarBraga13/status/1627047894002941953
Francisco Oliveira,@Francis50576448,https://twitter.com/Francis50576448/status/1627245303584768001,2023-02-19T09:54:47.000Z,A Globo News golpista com o Demétrio não comentam sobre isso.,1,0,2,https://twitter.com/AlencarBraga13/status/1627047894002941953
Sana,@nissanapix100,https://twitter.com/nissanapix100/status/1627118460038746112,2023-02-19T01:30:45.000Z,"tem q ter uma lei q mande embora um cara q erra muito. tem q ser imediato. se ele fosse de um banco priovado, apos esse preju seria demitido de imediato",2,0,0,https://twitter.com/AlencarBraga13/status/1627047894002941953
Jorge Inácio Sost,@SostInacio,https://twitter.com/SostInacio/status/1627643252676390913,2023-02-20T12:16:06.000Z,"Pede para o teu CRIMINOSO de estimação devolver o que roubou. Como vc deve ter levado uma boa parte, devolve você tb o fruto do espólio.",0,0,1,https://twitter.com/AlencarBraga13/status/1627047894002941953
AR,@AR_TERRA_,https://twitter.com/AR_TERRA_/status/1629475581573070848,2023-02-25T13:37:07.000Z,"Campos Neto, assim como Guedes, tem dinheiro em paraíso fiscal - o que não fariam para benefício proprio mesmo que prejudiquem a sociedade como um todo?#ForaCamposNeto",0,0,0,https://twitter.com/AlencarBraga13/status/1627047894002941953
Sinara Foss,@sifoss,https://twitter.com/sifoss/status/1627111174134177794,2023-02-19T01:01:48.000Z,#JairIncompetente  #JairMerda  #JairAssassino  #JairCorrupto   #JairGenocida,0,0,0,https://twitter.com/AlencarBraga13/status/1627047894002941953
RoGotti,@RoGotti4,https://twitter.com/RoGotti4/status/1627109160457207808,2023-02-19T00:53:48.000Z,"Infelizmente, este governo sem especialistas dará continuidade! Não sobrará pedra para contar!",1,0,2,https://twitter.com/AlencarBraga13/status/1627047894002941953
Marilea Menezes,@MarileaPsi,https://twitter.com/MarileaPsi/status/1627303063198236672,2023-02-19T13:44:18.000Z,SÓ NA CABEÇA DE VCS!!!,0,0,2,https://twitter.com/AlencarBraga13/status/1627047894002941953
Cicero Rondon,@CiceroRondonp,https://twitter.com/CiceroRondonp/status/1627343689310781447,2023-02-19T16:25:44.000Z,Peço o afastamento ou a renuncia de toda diretoria do @BancoCentralBR,1,0,1,https://twitter.com/AlencarBraga13/status/1627047894002941953
Philippe Claudino,@claudino_ph,https://twitter.com/claudino_ph/status/1629118801617866754,2023-02-24T13:59:24.000Z,Mostra os dados pra nós,0,0,0,https://twitter.com/AlencarBraga13/status/1627047894002941953
joana teresa,@joanaouteresa,https://twitter.com/joanaouteresa/status/1627085604357042181,2023-02-18T23:20:12.000Z,#ForaCamposNeto,0,1,3,https://twitter.com/AlencarBraga13/status/1627047894002941953
Lidia Carvalho,@lidiacarvalhol2,https://twitter.com/lidiacarvalhol2/status/1627226322098393089,2023-02-19T08:39:22.000Z,Deixa de mentira homi!,0,0,2,https://twitter.com/AlencarBraga13/status/1627047894002941953
Lidia Carvalho,@lidiacarvalhol2,https://twitter.com/lidiacarvalhol2/status/1627227738107961347,2023-02-19T08:44:59.000Z,"Falácias de corruptos que querem voltar a roubar, o governo teve uma pandemia e guerra para gerir e ainda assim pela primeira vez houve Deflação, e as contas foram entregues no azul! Estão doidos para furtar com essas narrativas mentirosas!",0,2,2,https://twitter.com/AlencarBraga13/status/1627047894002941953
Marisa victorio da silva,@victorio_marisa,https://twitter.com/victorio_marisa/status/1627067054275829770,2023-02-18T22:06:29.000Z,"#BancoCentral🤔 arcabouço -  E aí, Roberto Campos Neto? Qual foi o problema,dessa vez?  #bolsonaro a gestão incompetente e corrupta de Jair Bolsonaro e Paulo Guedes deixou o governo com um rombo de R$298,5 BILHÕES no Banco Central 👀 em 2022. O tesouro vai ter que aportar mais +",0,0,1,https://twitter.com/AlencarBraga13/status/1627047894002941953
Marisa victorio da silva,@victorio_marisa,https://twitter.com/victorio_marisa/status/1627069194692079617,2023-02-18T22:15:00.000Z,"dessa vez?                        ✔️A gestão incompetente e corrupta de e Jair Bolsonaro e Paulo Guedes deixou o governo com um rombo de R$298,5 BILHÕES no Banco Central em 2022. O tesouro vai ter que aportar mais de R$30 bilhões para bancar esse prejuízo.   +",0,0,1,https://twitter.com/AlencarBraga13/status/1627047894002941953
Marisa victorio da silva,@victorio_marisa,https://twitter.com/victorio_marisa/status/1627069433939378176,2023-02-18T22:15:57.000Z,"E aí, Roberto Campos Neto? Quam foi o problema, dessa vez? 🤔👂",0,0,0,https://twitter.com/AlencarBraga13/status/1627047894002941953
Subversiva,@dyana_ferrer,https://twitter.com/dyana_ferrer/status/1627259601237299201,2023-02-19T10:51:36.000Z,Quais as providências que serão tomadas ?,1,0,2,https://twitter.com/AlencarBraga13/status/1627047894002941953
Elvis Moreira,@ElvisM0reira,https://twitter.com/ElvisM0reira/status/1627100514511908865,2023-02-19T00:19:27.000Z,"Quem auditou?
Ao invés de tagarelá entre com uma queixa crime, afinal de contas o partido ao qual vc pertence eh conhecido popularmente como uma orcrim.",0,0,1,https://twitter.com/AlencarBraga13/status/1627047894002941953
antonio albuquerque,@antonalbuq,https://twitter.com/antonalbuq/status/1627346645284270080,2023-02-19T16:37:29.000Z,"Mano , quantos lambe saco estão raivosos. Isso é divertido hahahahah. Não saber admitir o erro do  outro (isso mesmo erro do outro) não é nem de vcs, é o cúmulo da idiotice kkkkk .",0,0,0,https://twitter.com/AlencarBraga13/status/1627047894002941953
Liberdade para Liberdade!!.,@RonildoLopesMe3,https://twitter.com/RonildoLopesMe3/status/1629120011297062913,2023-02-24T14:04:12.000Z,Fake News.,0,0,0,https://twitter.com/AlencarBraga13/status/1627047894002941953
Maria Merced,@mercedm360,https://twitter.com/mercedm360/status/1627473147082510337,2023-02-20T01:00:09.000Z,Esses malditos Jair bolsonaro paulo Guedes  e seu governo. roubaram tudo q podia. Por isso  não queria largar a presidência.,0,0,0,https://twitter.com/AlencarBraga13/status/1627047894002941953
Tatiana_Tati,@Tatiana15407568,https://twitter.com/Tatiana15407568/status/1627192482705416202,2023-02-19T06:24:54.000Z,Ladrão desgraçado,0,0,0,https://twitter.com/AlencarBraga13/status/1627047894002941953
Wesley Silva,@WesleyN64643504,https://twitter.com/WesleyN64643504/status/1627258531614269440,2023-02-19T10:47:21.000Z,"Olha a fake news, petralha, esquece o governo passado. O ladrão de nove dedos não veio pra mudar tudo? Claro, os vagabundos esquerdopatas querem esconder a incompetência com mentiras sobre os outros. 
E a picanha?#ForaLula",0,0,0,https://twitter.com/AlencarBraga13/status/1627047894002941953
Renata B,@Renatabbromb,https://twitter.com/Renatabbromb/status/1627074766258712579,2023-02-18T22:37:08.000Z,Contra fatos não tem argumentos. Bolsonaro melhor presidente da História do Brasil 💚💛🇧🇷,1,0,2,https://twitter.com/AlencarBraga13/status/1627047894002941953
MPCA,@MariaPAndres,https://twitter.com/MariaPAndres/status/1628571193572839424,2023-02-23T01:43:24.000Z,Por isso vcs querem construir gasoduto na Argentina? Vcs só sabem roubar e afundar o país. Sem falar nas mentiras né? Já mentem como respiram. Aliás pegam o país estável e ficam culpando os governos anteriores para justificar o rombo que fazem! Incompetentes e corruptos!,0,0,0,https://twitter.com/AlencarBraga13/status/1627047894002941953
Nelson Júnior,@junioroficialAp,https://twitter.com/junioroficialAp/status/1627325081989832706,2023-02-19T15:11:48.000Z,"Tá chorando pq?
Foram candidatos pra que? Pra melhorar ou pra ficar chorando? Vai trabalhar!!!",0,0,0,https://twitter.com/AlencarBraga13/status/1627047894002941953
"FOCO,FE",@pequeninosj,https://twitter.com/pequeninosj/status/1627402168377409536,2023-02-19T20:18:07.000Z,IGNORAMTE DA PATAGÔNIA.,0,0,0,https://twitter.com/AlencarBraga13/status/1627047894002941953
Bebeco Silva,@bebecosilva,https://twitter.com/bebecosilva/status/1629157295027281920,2023-02-24T16:32:22.000Z,#VoltaPauloGuedes 🇧🇷🇧🇷🇧🇷,0,0,0,https://twitter.com/AlencarBraga13/status/1627047894002941953
Adriano Sousa,@AAAdrianoSousa,https://twitter.com/AAAdrianoSousa/status/1627243037800775681,2023-02-19T09:45:47.000Z,"Fique tranquilo, o povo vai bancar a farra dos ladrões...",0,0,0,https://twitter.com/AlencarBraga13/status/1627047894002941953
wil,@Willian01864583,https://twitter.com/Willian01864583/status/1628270126788141056,2023-02-22T05:47:04.000Z,Fake tudo Globo,0,0,0,https://twitter.com/AlencarBraga13/status/1627047894002941953
DinovoCocadinhaReserva,@Ricardo31582177,https://twitter.com/Ricardo31582177/status/1627335789829844993,2023-02-19T15:54:21.000Z,"Deixa de ser hipócrita....TODES as contas do Governo federal, Bolsonaro deixou no positivo. 
Só acho #BolsonaroTemRazao",0,0,1,https://twitter.com/AlencarBraga13/status/1627047894002941953
"Sou Político, mas quem não é?",@Politicosou,https://twitter.com/Politicosou/status/1627109889943166976,2023-02-19T00:56:42.000Z,"Está na hora de exonerar esse incompetente, Presidente @LulaOficial",0,0,1,https://twitter.com/AlencarBraga13/status/1627047894002941953
virginio rocha,@rocha_virginio,https://twitter.com/rocha_virginio/status/1627425027049095174,2023-02-19T21:48:57.000Z,E veja a Capa da Folha? Não fala nada do rombo do BC!,0,0,0,https://twitter.com/AlencarBraga13/status/1627047894002941953
Roberta,@_ro_ber_ta_,https://twitter.com/_ro_ber_ta_/status/1627238476033794048,2023-02-19T09:27:39.000Z,Mentira,0,0,0,https://twitter.com/AlencarBraga13/status/1627047894002941953
José Gomes,@JoseRibamarGF,https://twitter.com/JoseRibamarGF/status/1627275074242809857,2023-02-19T11:53:05.000Z,"É IMPERATIVO 1 INVESTIGAÇÃO minuciosa dessa estadia lá nosEUA doBozonaro,LIVRE,LEVEeSOLTO.A casa q êle se encontra é dêle? Comprou c/o dinheiro das RACHADINHAS,do ORÇAMENTO SECRETO?Dinheiro oriundo do NARCOTRÁFICO,ou $  dos GARIMPEIROS q se encontram infiltrados no Cong Nacional?",0,0,0,https://twitter.com/AlencarBraga13/status/1627047894002941953
Cymol,@Llyce23,https://twitter.com/Llyce23/status/1627150038785830913,2023-02-19T03:36:14.000Z,Q bravata...sem consistência🤮,0,0,0,https://twitter.com/AlencarBraga13/status/1627047894002941953
Marisa victorio da silva,@victorio_marisa,https://twitter.com/victorio_marisa/status/1627068452262535169,2023-02-18T22:12:03.000Z,"de R$30 bilhões para bancar esse prejuízo.🤔🕵️👮‍♂️ #jairbolsonaro corrupto - incompetente - genocida - fujão  #pauloguedes 👀 economia quem entende? - só faria lima #economia juros ⬇️ consumo 🎡 #RobertoCamposNeto 🤔 arcabouço -  E aí, Roberto Campos Neto?  Qual foi o problema, +",0,0,0,https://twitter.com/AlencarBraga13/status/1627047894002941953
Pedro Orlando Bertoni,@bertoni_orlando,https://twitter.com/bertoni_orlando/status/1627398472008708096,2023-02-19T20:03:25.000Z,E O MERCADO ESPECULADOR O QUE TEM A FALAR SOBRE O BACEN COM ROMBO DE QUASE 300MILHOES.,1,0,1,https://twitter.com/AlencarBraga13/status/1627047894002941953
