nome,usuario,idTweet,dataPublicacao,texto,replies,retweets,likes,tweetPai
Adail Filho,@adailfilhoam,https://twitter.com/adailfilhoam/status/1627134219351646208,2023-02-19T02:33:23.000Z,"1️⃣ Se beber não dirija. Divida com os amigos quem vai ser o motorista  da rodada, peça para seus pais lhe levarem ou use aplicativos de locomoção. O importante é você não dirigir após consumir bebida alcoolica. 🚨",1,0,3,https://twitter.com/adailfilhoam/status/1627134216931577856
Adail Filho,@adailfilhoam,https://twitter.com/adailfilhoam/status/1627134221306277889,2023-02-19T02:33:23.000Z,"2️⃣ Pratique sexo seguro. Previna-se e use camisinha. A camisinha é o método mais eficaz contra IST (Infecções Sexualmente Transmissíveis). Vá até um posto de saúde e renove seu estoque, é de graça. 🆓",1,0,4,https://twitter.com/adailfilhoam/status/1627134216931577856
Adail Filho,@adailfilhoam,https://twitter.com/adailfilhoam/status/1627134223470526466,2023-02-19T02:33:24.000Z,"3️⃣ Evite ficar sozinho e permaneça sempre atento a possíveis casos de violência e assédio, em especial contra mulheres e crianças. Lembrar sempre que: Não é não. Caso se depare com qualquer situação do tipo, não fique calado. Denuncie no 180 ou 190. ⚠️",1,0,4,https://twitter.com/adailfilhoam/status/1627134216931577856
Adail Filho,@adailfilhoam,https://twitter.com/adailfilhoam/status/1627134227098607617,2023-02-19T02:33:25.000Z,"4️⃣ Por fim, mantenha-se hidratado. Sei que é quase impossível não exagerarmos nesses dias de folia, manter o corpo hidratado é a garantia de que sua volta ao trabalho vai ser bem menos dolorida e sofrida. Beba água 💦💧Um bom carnaval para todos vocês, aproveitem com segurança!",1,0,3,https://twitter.com/adailfilhoam/status/1627134216931577856
Letisha Mindals,@Cryptodeals200,https://twitter.com/Cryptodeals200/status/1627406541161635842,2023-02-19T20:35:29.000Z,"Olá, como você está? Prazer em conhecê-lo, gostaria de conhecê-lo melhor e discutir algumas oportunidades de negócios com você, DM siga de volta para mais detalhes.",0,0,0,https://twitter.com/adailfilhoam/status/1627134216931577856
