nome,usuario,idTweet,dataPublicacao,texto,replies,retweets,likes,tweetPai
Sergio do agitaço,@serjaoagitaco,https://twitter.com/serjaoagitaco/status/1627783779191324674,2023-02-20T21:34:30.000Z,"agora 2 hora de trabalhar e salvar vidas, independente de bandeira partidária, vidas em primeiros lugar.",0,0,0,https://twitter.com/AlencarBraga13/status/1627742065709748231
Gisele Mezarobba,@giselemezarobba,https://twitter.com/giselemezarobba/status/1627744708674916352,2023-02-20T18:59:15.000Z,até tarcisio deu uma risadinha.,0,0,0,https://twitter.com/AlencarBraga13/status/1627742065709748231
maria Azevedo,@mariaaz58783815,https://twitter.com/mariaaz58783815/status/1627796075342974977,2023-02-20T22:23:22.000Z,"Parabéns meu presidente,  você fez uma boa ação.",0,0,0,https://twitter.com/AlencarBraga13/status/1627742065709748231
Marisa victorio da silva,@victorio_marisa,https://twitter.com/victorio_marisa/status/1627748966107385872,2023-02-20T19:16:10.000Z,"⭐✊O Brasil tem presidente de verdade! ⭐✊✔️O Brasil tem presidente de verdade! Em São Sebastião, @LulaOficial prega união em torno da reconstrução das cidades atingidas pelas chuvas no litoral de São Paulo. ✊🏾✊🏾Solidariedade ✊🏾",0,0,0,https://twitter.com/AlencarBraga13/status/1627742065709748231
Ailton Martins dos Santos,@AiltonMartinsd6,https://twitter.com/AiltonMartinsd6/status/1627894983796588545,2023-02-21T04:56:23.000Z,Esse Presidente me emociona.  Que orgulho eu tenho de ter um estadista de verdade no meu país!,0,1,3,https://twitter.com/AlencarBraga13/status/1627742065709748231
Jose Santos,@Josesantos1712,https://twitter.com/Josesantos1712/status/1628009549557817344,2023-02-21T12:31:38.000Z,"Concordo plenamente em número gênero e grau.
Parabéns presidente Lula",0,0,0,https://twitter.com/AlencarBraga13/status/1627742065709748231
Minisk Jr.,@MiniskJr,https://twitter.com/MiniskJr/status/1628084435328413697,2023-02-21T17:29:12.000Z,A janja tá soltando a franga. Lula prometeu dar 2 milhões pra ajudar kkkkkkkk piada né?,0,0,0,https://twitter.com/AlencarBraga13/status/1627742065709748231
