nome,usuario,idTweet,dataPublicacao,texto,replies,retweets,likes,tweetPai
Sergio do agitaço,@serjaoagitaco,https://twitter.com/serjaoagitaco/status/1627784083529924608,2023-02-20T21:35:42.000Z,"Deixa o homem trabalhar, n existe folga nem passeio, mais importante q vidas, Parabéns Presidente Lula",0,0,1,https://twitter.com/AlencarBraga13/status/1627661963076542466
Sônia Salino,@soniasallino,https://twitter.com/soniasallino/status/1627663947930210305,2023-02-20T13:38:20.000Z,"Ter um presidente presente, humano e preocupado com o seu povo, faz toda diferença!👏🏻👏🏻👏🏻",0,0,4,https://twitter.com/AlencarBraga13/status/1627661963076542466
Sônia Salino,@soniasallino,https://twitter.com/soniasallino/status/1627664273840214016,2023-02-20T13:39:38.000Z,"Eu diria mais, atitude e vontade política é necessário em quem ocupa carpo público!",1,0,3,https://twitter.com/AlencarBraga13/status/1627661963076542466
duartesrf,@duartesrf,https://twitter.com/duartesrf/status/1627849907917692931,2023-02-21T01:57:16.000Z,4,0,0,0,https://twitter.com/AlencarBraga13/status/1627661963076542466
KARINES@NTOS,KARINES@NTOS,https://twitter.com/KARINE13761450/status/1627679351239069696,2023-02-20T14:39:32.000Z,"Não faz motociata, não fala só pra Internet e cercadinho,  vai direto no problema e resolve, não fica de jet-ski no Lago Paranoá enquanto o país precisa da presença e atitudes do Presidente da República .",0,0,0,https://twitter.com/AlencarBraga13/status/1627661963076542466
Fizueli da Silva,@Rexitegui13PT,https://twitter.com/Rexitegui13PT/status/1627684039132938245,2023-02-20T14:58:10.000Z,O Brasil estava precisando de um presidente. Ele veio e trouxe de volta a esperança.,0,0,1,https://twitter.com/AlencarBraga13/status/1627661963076542466
Graça Galvão,@GracaMGalvao1,https://twitter.com/GracaMGalvao1/status/1627670455292239873,2023-02-20T14:04:11.000Z,Hipócrita e golpista com voizinha de padre,0,0,0,https://twitter.com/AlencarBraga13/status/1627661963076542466
ₗᵤ𝒸ᵢₐₙₒ ᶜᵒʳᶦⁿᵗʰᶦᵃⁿˢ,@esquerdante,https://twitter.com/esquerdante/status/1627676987325022209,2023-02-20T14:30:09.000Z,@jairbolsonaro e sua família são um câncer para a humanidade! Graças a Deus essa doença foi pra bem longe daqui.,0,0,0,https://twitter.com/AlencarBraga13/status/1627661963076542466
Marisa victorio da silva,@victorio_marisa,https://twitter.com/victorio_marisa/status/1627690062669283334,2023-02-20T15:22:06.000Z,"Agora temos um presidente! 👏✔️ Comentarista de Globo ressalta a diferença que faz a solidariedade e a presença física de um presidente no local de uma tragédia.
Lula interrompeu a folga de carnaval e vai para as cidades que sofrem com fortes chuvas no litoral de São Paulo.",0,0,0,https://twitter.com/AlencarBraga13/status/1627661963076542466
NETA,@enesia_neta,https://twitter.com/enesia_neta/status/1627908080737329152,2023-02-21T05:48:26.000Z,"Bando de quadrilha de hipócritas,ex presidiário nunca nem trabalhou e já estava de férias? Ah vão procurar assunto,que esse canalha não tá nem aí pra ninguém quer é aparecer pra dizer tá fazendo pra pobre. Tudo hipocrisia de um ladrão",0,0,0,https://twitter.com/AlencarBraga13/status/1627661963076542466
NETA,@enesia_neta,https://twitter.com/enesia_neta/status/1628017155995316225,2023-02-21T13:01:51.000Z,Blz,0,0,0,https://twitter.com/AlencarBraga13/status/1627661963076542466
José Gomes,@JoseRibamarGF,https://twitter.com/JoseRibamarGF/status/1628021586786754565,2023-02-21T13:19:28.000Z,"EUA sempre foram protagonistas de conflitos e genocídios no mundo afora,  inclusive dentro do seu próprio território, como foi a guerra civil de secessão. Portanto, agora querem atacar a Rússia, através da Ucrânia, com ajuda de seus vassalos o Ocidente.",0,0,0,https://twitter.com/AlencarBraga13/status/1627661963076542466
