nome,usuario,idTweet,dataPublicacao,texto,replies,retweets,likes,tweetPai
Felipe Hernani,@refazendatudo,https://twitter.com/refazendatudo/status/1627404704287260672,2023-02-19T20:28:11.000Z,@ddl_vid1,1,0,0,https://twitter.com/AlencarBraga13/status/1627350502055858179
DDLVid Bot,@ddl_vid1,https://twitter.com/ddl_vid1/status/1627404726844235777,2023-02-19T20:28:17.000Z,@refazendatudo ✨ Hello @refazendatudo your download link is ready https://ddlvid.com/?id=1627350502055858179…,0,0,0,https://twitter.com/AlencarBraga13/status/1627350502055858179
Ricardo Rodrigues,@Rrodriguesl,https://twitter.com/Rrodriguesl/status/1627655622417166337,2023-02-20T13:05:15.000Z,@GetVideoBot,1,0,0,https://twitter.com/AlencarBraga13/status/1627350502055858179
GetVideoBot,@GetVideoBot,https://twitter.com/GetVideoBot/status/1627655646987358208,2023-02-20T13:05:21.000Z,Video? Here we go: https://getvideobot.com/RrodrigueslAd: Follow @CrazyVideoClips for crazy and viral videos.,0,0,0,https://twitter.com/AlencarBraga13/status/1627350502055858179
Carla abreu #foracamposneto,@aaaa10149982,https://twitter.com/aaaa10149982/status/1627426307129724934,2023-02-19T21:54:02.000Z,Tem que ensinar já que os políticos de direita acham que o pobre não sabe nada de política,0,0,2,https://twitter.com/AlencarBraga13/status/1627350502055858179
Oráculo | Maia = Ilusão = Matrix,@Oraculo051,https://twitter.com/Oraculo051/status/1627355082386821120,2023-02-19T17:11:01.000Z,"Previdência é:
1) roleta russa onde muitos morrem na fila antes de começar a receber
2) esquema de Pirâmide Financeira onde no final o calote é certo
3) cassino onde o dono da casa aposta na morte  dos segurados enquanto usa dados viciados e os idosos sempre perdem.@LulaOficial",1,0,3,https://twitter.com/AlencarBraga13/status/1627350502055858179
Gilberto Freire,@GibaFreire81,https://twitter.com/GibaFreire81/status/1627448726099746823,2023-02-19T23:23:07.000Z,@BaixadorDeVideo,1,0,0,https://twitter.com/AlencarBraga13/status/1627350502055858179
O DESTINO 10/10,@odestino,https://twitter.com/odestino/status/1627896136668270593,2023-02-21T05:00:58.000Z,@BaixadorDeVideo,1,0,0,https://twitter.com/AlencarBraga13/status/1627350502055858179
ᗪᖇᛕ ᔕᛕᗩ丅ᗴᗷᗝᗩᖇᗪᗴᖇ,@SktRockSP,https://twitter.com/SktRockSP/status/1627486830412107778,2023-02-20T01:54:32.000Z,"Sei q v me xingar,mas vou falar.Vcs acham que o pobre liga se é de Direita ou Esquerda?Não.O Pobre liga se é honesto ou não. O Pobre é aquele que paga os boletos em dia. Que não dorme por causa da fatura. Aí os políticos,da Esquerda e da Direita, roubam o dinheiro e querem apoio?",3,1,6,https://twitter.com/AlencarBraga13/status/1627350502055858179
Maria Angélica,@mangelicabb05,https://twitter.com/mangelicabb05/status/1627728834563911682,2023-02-20T17:56:10.000Z,🙏🏾🙏🏾🙏🏾👏🏽👏🏽👏🏽,0,0,0,https://twitter.com/AlencarBraga13/status/1627350502055858179
Hortencia Vieira,@HortenciaVieir7,https://twitter.com/HortenciaVieir7/status/1628096333629345793,2023-02-21T18:16:29.000Z,"Gosto demais do professor!! Claro, e verdadeiro. Não é uma opinião é nossa realidade!!!!",0,0,0,https://twitter.com/AlencarBraga13/status/1627350502055858179
Esperança,@Esperan83137991,https://twitter.com/Esperan83137991/status/1627833691895640064,2023-02-21T00:52:50.000Z,e quem não tem 100 reais na conta só tem dívida e tem que tentar sobreviver,0,0,0,https://twitter.com/AlencarBraga13/status/1627350502055858179
Luiza Móz,@moz_luiza,https://twitter.com/moz_luiza/status/1627800001807089667,2023-02-20T22:38:58.000Z,Verdade,0,0,0,https://twitter.com/AlencarBraga13/status/1627350502055858179
Rogério Prates,@pratesrogerio1,https://twitter.com/pratesrogerio1/status/1627641295429672964,2023-02-20T12:08:19.000Z,Poooooorrrraaaaa sou um fudido de pobre.,0,0,0,https://twitter.com/AlencarBraga13/status/1627350502055858179
José de Alencar,@JosdeAlencar20,https://twitter.com/JosdeAlencar20/status/1628012167394910208,2023-02-21T12:42:02.000Z,Olha a consciência de classe aí!!!,0,0,0,https://twitter.com/AlencarBraga13/status/1627350502055858179
Maria Helena,@Mhbrito10Maria,https://twitter.com/Mhbrito10Maria/status/1627737938405560341,2023-02-20T18:32:21.000Z,Concordo,0,0,0,https://twitter.com/AlencarBraga13/status/1627350502055858179
Maria Helena,@Mhbrito10Maria,https://twitter.com/Mhbrito10Maria/status/1627738140302618625,2023-02-20T18:33:09.000Z,Capitalismo = exploração da grande maioria,0,0,0,https://twitter.com/AlencarBraga13/status/1627350502055858179
Márcio Rosa,@MARCIOBROSA,https://twitter.com/MARCIOBROSA/status/1627361084406472706,2023-02-19T17:34:52.000Z,Grande mestre professor Alysson.,0,0,2,https://twitter.com/AlencarBraga13/status/1627350502055858179
Lucimery Melo,@MeloLucimery,https://twitter.com/MeloLucimery/status/1627616736529768448,2023-02-20T10:30:44.000Z,ME FALA UM PAÍS QUE O SOCIALISMO DEU CERTO???????????,0,0,0,https://twitter.com/AlencarBraga13/status/1627350502055858179
Sana,@nissanapix100,https://twitter.com/nissanapix100/status/1627442150278574080,2023-02-19T22:56:59.000Z,"isso só acontece pq vcs n tem uma comunicação cara a cara ou mais direta com o povo, como as radios comunitarias e se esquecem q os algoritmos sempre favorecem a direita ou os capitalistas enquanto a esquerda fica no shadowban",0,0,6,https://twitter.com/AlencarBraga13/status/1627350502055858179
Sana,@nissanapix100,https://twitter.com/nissanapix100/status/1627442392499625984,2023-02-19T22:57:57.000Z,talvez existisse menos pobre de direita se vcs falassem diretamente com o povo,0,0,5,https://twitter.com/AlencarBraga13/status/1627350502055858179
𝘞𝘐𝘓𝘓𝘐𝘈𝘔 𝘚𝘖𝘈𝘙𝘌𝘚,@williamsoarespg,https://twitter.com/williamsoarespg/status/1627459557231296512,2023-02-20T00:06:09.000Z,Pura verdade 👏🏻👏🏻👍🏻,0,0,0,https://twitter.com/AlencarBraga13/status/1627350502055858179
Rosinha,@Rosilen07076553,https://twitter.com/Rosilen07076553/status/1627414414465826821,2023-02-19T21:06:46.000Z,👏🏻👏🏻,0,0,0,https://twitter.com/AlencarBraga13/status/1627350502055858179
2022 FELIZ DE NOVO,@sccp_wesleyy,https://twitter.com/sccp_wesleyy/status/1627425798964539394,2023-02-19T21:52:01.000Z,"Boa deputado, as mídias independentes merecem mais atenção, precisamos divulgar melhor e ampliar o alcance do que falam @chutandoaescada , @LadoBdoRio , @XadrezVerbal , @H1SaiaDaMatrix , @eliasjabbour , @assimdisseojoao , @viracasacas  e tantos outros.",0,0,7,https://twitter.com/AlencarBraga13/status/1627350502055858179
Raike De Lima,@raike_lima,https://twitter.com/raike_lima/status/1627976373829570568,2023-02-21T10:19:48.000Z,Essa mentalidade que as pessoas deveriam se informar e entender pois a falta de cultura de leitura e conhecimento faz com que os mas pobre seja enganado por essa tal ideologia de direita que manipular a mente dos outros com meritocracia ficar rico só com seu trabalho sem ajuda,0,1,1,https://twitter.com/AlencarBraga13/status/1627350502055858179
Raul,@raul12ramos,https://twitter.com/raul12ramos/status/1627660251863343106,2023-02-20T13:23:39.000Z,@BaixadorDeVideo,1,0,0,https://twitter.com/AlencarBraga13/status/1627350502055858179
★ Moscão ★ ☭羅布森,@robsonhcosta,https://twitter.com/robsonhcosta/status/1627715587655843846,2023-02-20T17:03:32.000Z,@BaixadorDeVideo,1,1,0,https://twitter.com/AlencarBraga13/status/1627350502055858179
ToT Sccp,@T0TSccp1910,https://twitter.com/T0TSccp1910/status/1627647624252727296,2023-02-20T12:33:28.000Z,@BaixadorDeVideo,1,0,0,https://twitter.com/AlencarBraga13/status/1627350502055858179
Eduardo Kurashiki 倉敷エドワルド,@kurashikiedu,https://twitter.com/kurashikiedu/status/1627828998003621888,2023-02-21T00:34:11.000Z,"Vixi! Se quem tem 500 mil ou 2 milhões é pobre, então sou miserável. 🤣🤣🤣 Excelente explicação! 👏🏻 👏🏻 👏🏻",0,0,0,https://twitter.com/AlencarBraga13/status/1627350502055858179
homem aranha,@Rodrigo75456006,https://twitter.com/Rodrigo75456006/status/1630708790445187079,2023-02-28T23:17:27.000Z,@BaixadorDeVideo @BaixaEssaPorra,1,0,0,https://twitter.com/AlencarBraga13/status/1627350502055858179
Marisa victorio da silva,@victorio_marisa,https://twitter.com/victorio_marisa/status/1627360039395639298,2023-02-19T17:30:42.000Z,vale muito a pena rever.,0,0,0,https://twitter.com/AlencarBraga13/status/1627350502055858179
Francesco Palermo,@Frances72529294,https://twitter.com/Frances72529294/status/1627537223301181440,2023-02-20T05:14:46.000Z,"Todo mundo já conhece os ricos, burguês e Ladrão, que assaltaram o povo brasileiro.",0,0,1,https://twitter.com/AlencarBraga13/status/1627350502055858179
jmj64,@jmj64,https://twitter.com/jmj64/status/1627556251298304000,2023-02-20T06:30:23.000Z,Sai pra lá apedeuta…..Vai trabalha vagabundo?,0,0,0,https://twitter.com/AlencarBraga13/status/1627350502055858179
Jogeral,@Jogeral2,https://twitter.com/Jogeral2/status/1627807006349312000,2023-02-20T23:06:48.000Z,Pra ajudar...,0,0,4,https://twitter.com/AlencarBraga13/status/1627350502055858179
Vania,@Vania49701674,https://twitter.com/Vania49701674/status/1627768523417169920,2023-02-20T20:33:53.000Z,"APLAUSOS, um professor inteligente!!!!!!",0,0,0,https://twitter.com/AlencarBraga13/status/1627350502055858179
Sissi,@Silpotter,https://twitter.com/Silpotter/status/1627411087967543298,2023-02-19T20:53:33.000Z,"Amo essa verdadeira aula para os pobres de direita. Um verdadeiro chá revelação de consciência de classe. 
Já achei até um meme muito bem feito no Insta!",0,0,1,https://twitter.com/AlencarBraga13/status/1627350502055858179
Sem paciência,@william98769631,https://twitter.com/william98769631/status/1627658407976001536,2023-02-20T13:16:19.000Z,Cheira meus bagos e diz i love you professorzinho mequetrefe,0,0,1,https://twitter.com/AlencarBraga13/status/1627350502055858179
Vani Maria Campos,@VaniMariaCampo1,https://twitter.com/VaniMariaCampo1/status/1627426553939255296,2023-02-19T21:55:01.000Z,Amooooo,0,0,0,https://twitter.com/AlencarBraga13/status/1627350502055858179
Marcos Antônio Cardoso de Souza,@MarcosA61606260,https://twitter.com/MarcosA61606260/status/1627594281560014852,2023-02-20T09:01:30.000Z,"Isso e um escárnio com a população menos favorecida,da qual o PT ficam iludindo.",0,0,0,https://twitter.com/AlencarBraga13/status/1627350502055858179
Cris Lopes,@crislopes1979,https://twitter.com/crislopes1979/status/1627390879030730755,2023-02-19T19:33:15.000Z,#taxaçãodegrandesfortunas,0,0,0,https://twitter.com/AlencarBraga13/status/1627350502055858179
#çabotajem,@abotajem1,https://twitter.com/abotajem1/status/1627508281202683904,2023-02-20T03:19:46.000Z,@GetVideoBot,0,0,1,https://twitter.com/AlencarBraga13/status/1627350502055858179
Marcelo João,@joo19_joao,https://twitter.com/joo19_joao/status/1627953056284540928,2023-02-21T08:47:09.000Z,"Para mim o pobre e aquele que votou no PT fomos roubados, construíram grandes obras em países que é dá mesma ideologia deles,sem falar em Olímpiada e copa do mundo e o famoso trem bala que nunca saiu do trilho e etc...",0,0,0,https://twitter.com/AlencarBraga13/status/1627350502055858179
Marisa victorio da silva,@victorio_marisa,https://twitter.com/victorio_marisa/status/1627359681243975680,2023-02-19T17:29:17.000Z,"dinheiro #lutadeclasses esquerda  #esquerda luta de classe #aula professor @alyssonmascaro  ✔️Em tempos de carnaval, uma aula para o pobre de direita. Trecho da entrevista do professor @alyssonmascaro ao @helder_maldonado do canal @galasfeiosoficial  em novembro de 2022 que +",0,0,0,https://twitter.com/AlencarBraga13/status/1627350502055858179
Farouk,@Farouk14269130,https://twitter.com/Farouk14269130/status/1627672265394425859,2023-02-20T14:11:23.000Z,Esse cara é um comunista safado.,0,0,0,https://twitter.com/AlencarBraga13/status/1627350502055858179
Jacques Peralta,@PeraltaJacques,https://twitter.com/PeraltaJacques/status/1627624506679300096,2023-02-20T11:01:36.000Z,"A questão aqui não é o dinheiro,é a liberdade de horário,de criar,de não ter que seguir ordens e de não depender de “favores”do estado . Ser dono da própria vida ,coisa que a maioria não é e parece ter “raiva”dos buscam esses sentimentos,sendo um pipoqueiro ou industrial.",0,0,0,https://twitter.com/AlencarBraga13/status/1627350502055858179
Felipe Anselmo82,@Gambitleebeau,https://twitter.com/Gambitleebeau/status/1627540666032037889,2023-02-20T05:28:27.000Z,Putz...  eu não tenho nem 2 mil na conta... qual meu tipo de pobre ??🤔😳😳😔,0,0,0,https://twitter.com/AlencarBraga13/status/1627350502055858179
Luiz Casagrande,@luizcasagra,https://twitter.com/luizcasagra/status/1627624896518815744,2023-02-20T11:03:09.000Z,"O ex-presidiario foi entregar 2.745 casa populares na Bahia ,  construídas pelo governo Bolsonaro, parabéns Bolsonaro",0,0,0,https://twitter.com/AlencarBraga13/status/1627350502055858179
Ana Martel,@AnaMartelcanta,https://twitter.com/AnaMartelcanta/status/1627831291172343811,2023-02-21T00:43:18.000Z,🚩 Oi🤗 já seguindo vc! Vamos nos seguir tbm no instagram onde mostro meu trabalho como cantora e compositora 🎶💜,0,0,1,https://twitter.com/AlencarBraga13/status/1627350502055858179
José Gomes,@JoseRibamarGF,https://twitter.com/JoseRibamarGF/status/1627685392144113665,2023-02-20T15:03:33.000Z,"GOVERNAR é CUIDAR do POVO: Sempre FALOU o nosso QUERIDO PRESIDENTE LULA. E é ASSIM que êle procede, suspendendo sua FOLGA de CARNAVAL, para ajudar as pessoas no litoral Paulista das tragédias das chuvas. Esse é o nosso AMADO PRESIDENTE LULA.",0,0,0,https://twitter.com/AlencarBraga13/status/1627350502055858179
Marisa victorio da silva,@victorio_marisa,https://twitter.com/victorio_marisa/status/1627359377240850437,2023-02-19T17:28:05.000Z,#pobrededireita burguesia acha que é rico  #alyssonmascaro  no canal #galã feios de @helder_maldonado  #burguesia    acha que é rico  #socialismo promover o bem comum   #capitalismo  pessoa que tem muito dinheiro - que não é o dono da padaria são outras pessoas com muito +,0,0,0,https://twitter.com/AlencarBraga13/status/1627350502055858179
