nome,usuario,idTweet,dataPublicacao,texto,replies,retweets,likes,tweetPai
WANIA POMPEU,@WaniaPompeu,https://twitter.com/WaniaPompeu/status/1627451103741632515,2023-02-19T23:32:34.000Z,"Lamentável... uma Cidade tão bonita... 
Esperamos que se reerga logo...",0,0,0,https://twitter.com/padilhando/status/1627398539365040128
Prefeito Felipe Augusto,@prefeitoFA,https://twitter.com/prefeitoFA/status/1627431065898958849,2023-02-19T22:12:56.000Z,"Realmente ministro, nossa situação aqui em São Sebastião está crítica!",0,0,4,https://twitter.com/padilhando/status/1627398539365040128
EliANA,@anabellbar,https://twitter.com/anabellbar/status/1627403543731744770,2023-02-19T20:23:35.000Z,A situação está um caos aqui,1,1,6,https://twitter.com/padilhando/status/1627398539365040128
Soares,@Drugas88,https://twitter.com/Drugas88/status/1627399237838274565,2023-02-19T20:06:28.000Z,"São Gonçalo foi muito atingida tb nas últimas semanas, seria bom olhar pra cá tb",0,0,1,https://twitter.com/padilhando/status/1627398539365040128
Julian Assange Livre,@LenaVeg40065039,https://twitter.com/LenaVeg40065039/status/1627429558289895424,2023-02-19T22:06:57.000Z,Pobre povo,0,0,1,https://twitter.com/padilhando/status/1627398539365040128
Angélia Nascimento,@AngliaNascimen1,https://twitter.com/AngliaNascimen1/status/1627399035265884161,2023-02-19T20:05:40.000Z,Como é bom ter governo.,1,0,0,https://twitter.com/padilhando/status/1627398539365040128
Ana Lúcia Carvalho,@AnaLcia43333627,https://twitter.com/AnaLcia43333627/status/1627420445472333830,2023-02-19T21:30:44.000Z,"Planejamento regional, já!",0,0,1,https://twitter.com/padilhando/status/1627398539365040128
morris,@brydenscott,https://twitter.com/brydenscott/status/1627441016369184770,2023-02-19T22:52:29.000Z,Cade Lule para ajudar? Tá curtindo?,1,0,0,https://twitter.com/padilhando/status/1627398539365040128
Paloma,@paloma_chile,https://twitter.com/paloma_chile/status/1627399259095015426,2023-02-19T20:06:33.000Z,O governo precisa fazer urgente um programa de alerta nacional integrado ..vidas podem ser salvas!!...a mudança climática vai causar muitos estragos ...,0,0,3,https://twitter.com/padilhando/status/1627398539365040128
ferreira... jornalista.,@Ferreir34462662,https://twitter.com/Ferreir34462662/status/1627400077210796033,2023-02-19T20:09:48.000Z,Cadê .o governo. Federal  Para atender  as cidades de São Paulo com chuvas,1,1,1,https://twitter.com/padilhando/status/1627398539365040128
Taís Sábio,@tais_sabio,https://twitter.com/tais_sabio/status/1627503235870212097,2023-02-20T02:59:43.000Z,Onde conseguimos a lista de mortos e feridos!? Estou com parente na cidade e não consigo contato!,0,0,0,https://twitter.com/padilhando/status/1627398539365040128
Aquilez Nilson,@AquilezN,https://twitter.com/AquilezN/status/1627451524895977474,2023-02-19T23:34:14.000Z,O Fundo Constitucional do DF está sendo desviado criminosamente.  Investigue,0,0,0,https://twitter.com/padilhando/status/1627398539365040128
