nome,usuario,idTweet,dataPublicacao,texto,replies,retweets,likes,tweetPai
San Pedroso,@pedroso_san,https://twitter.com/pedroso_san/status/1627370380313722882,2023-02-19T18:11:48.000Z,"Não sabia desse episódio, que vergonha me dá esses brancos, eu não suporto esse Demétrio, depois dessa então...",0,0,0,https://twitter.com/AlencarBraga13/status/1627049122829066240
joana teresa,@joanaouteresa,https://twitter.com/joanaouteresa/status/1627087771478417410,2023-02-18T23:28:49.000Z,Tá aí o Demétrio sendo fascista !,0,0,2,https://twitter.com/AlencarBraga13/status/1627049122829066240
Edineide,@Edineid07319025,https://twitter.com/Edineid07319025/status/1627052745088720898,2023-02-18T21:09:38.000Z,"Tenho verdadeira repulsa dessa figura, Demétrio Magnoli representa o que há de pior entre a submissão covarde à direita midiática golpista e a corrupção intelectual e ideológica que a acompanha.",0,0,2,https://twitter.com/AlencarBraga13/status/1627049122829066240
Marisa victorio da silva,@victorio_marisa,https://twitter.com/victorio_marisa/status/1627072231582081026,2023-02-18T22:27:04.000Z,Arrombando a porta😍✊🏿,0,0,0,https://twitter.com/AlencarBraga13/status/1627049122829066240
hannah,@hannahwoods2010,https://twitter.com/hannahwoods2010/status/1627108508142342146,2023-02-19T00:51:13.000Z,Eu não me conformo como esse pulha ainda não tá na jovem klan!! Cara nojento demais!!,0,0,0,https://twitter.com/AlencarBraga13/status/1627049122829066240
Fafa,@mfatimapassos,https://twitter.com/mfatimapassos/status/1627060472238444545,2023-02-18T21:40:20.000Z,"Esse Demétrio Magnólio é um golpista imundo,sujeito preconceituoso e nojento.",0,0,1,https://twitter.com/AlencarBraga13/status/1627049122829066240
