nome,usuario,idTweet,dataPublicacao,texto,replies,retweets,likes,tweetPai
Monier,@rimonier,https://twitter.com/rimonier/status/1627691961204322305,2023-02-20T15:29:39.000Z,"Deveria cobrar uma taxa emergencial para socorro a essas catástrofe, e cobrar só no patrimônio do Lemann e de todos os bilionários que operaram o desmonte do estado para reagir a crises.",0,0,3,https://twitter.com/padilhando/status/1627684305773240321
CASTRO,@paulocastro6,https://twitter.com/paulocastro6/status/1627826382767095808,2023-02-21T00:23:47.000Z,"O cara v falar isso depois de uma crise sanitária mundial. Ainda bem que não tínhamos um governo esquerdista em 2020! Mas, pensando bem, foi só entrar o Nine que o Corona acabou, né?!",0,0,0,https://twitter.com/padilhando/status/1627684305773240321
Fabiano Rodrigues,@Abelhas528,https://twitter.com/Abelhas528/status/1628190683210125319,2023-02-22T00:31:23.000Z,E quanto foi previsto  para 2023?,0,0,0,https://twitter.com/padilhando/status/1627684305773240321
Maria Peres,@LaurenitaPeres,https://twitter.com/LaurenitaPeres/status/1627772550360059916,2023-02-20T20:49:53.000Z,Triste.mas iremos vencer.,0,0,0,https://twitter.com/padilhando/status/1627684305773240321
ju.li.ana,@wakandasempre,https://twitter.com/wakandasempre/status/1628084605751373835,2023-02-21T17:29:53.000Z,@ECantanhede não estava sabendo disso??,0,0,0,https://twitter.com/padilhando/status/1627684305773240321
Fernando Carneiro,@1fernandoreal,https://twitter.com/1fernandoreal/status/1627850289628815363,2023-02-21T01:58:47.000Z,Lógico que a culpa é de Bolsonaro... Como não?,0,0,0,https://twitter.com/padilhando/status/1627684305773240321
Senior,@SQ57142150,https://twitter.com/SQ57142150/status/1627761054821371911,2023-02-20T20:04:12.000Z,Vc nunca foi sério,0,0,0,https://twitter.com/padilhando/status/1627684305773240321
Débora Diniz,@DeboraDinizRz,https://twitter.com/DeboraDinizRz/status/1627726495543136275,2023-02-20T17:46:52.000Z,Quem acompanhou a transição viu. Tamanha falta de responsabilidade. Ainda bem que tem tudo muito bem documentado.,1,1,3,https://twitter.com/padilhando/status/1627684305773240321
Paula SAmorim,@1962zelapaula,https://twitter.com/1962zelapaula/status/1627702880705576961,2023-02-20T16:13:02.000Z,"E @padilhando , coincidência ou não, o Ministro  do 🤡 hoje é o Governador de SP. Ainda bem que o Presidente Lula governa para o Brasil 🇧🇷!!!!!!!!",1,0,3,https://twitter.com/padilhando/status/1627684305773240321
Roger Maciel,@RogerMaciel17,https://twitter.com/RogerMaciel17/status/1628021399494266880,2023-02-21T13:18:43.000Z,Contra #fato não existe argumento,0,0,0,https://twitter.com/padilhando/status/1627684305773240321
Rafael Cintras Costa,@RafaelCintras,https://twitter.com/RafaelCintras/status/1627695548131168259,2023-02-20T15:43:54.000Z,"Vai trabalha seus imcompetentes, vai fala do governo passado 4 anos pra usa cm muleta e nao fazer nada!",0,0,0,https://twitter.com/padilhando/status/1627684305773240321
Adilson,@adilsonja,https://twitter.com/adilsonja/status/1627776717585633291,2023-02-20T21:06:26.000Z,Mas quem é você pra falar do governo anterior seu bandido. Com quase duzentos processos na justiça fica criticando quem tem a ficha limpa. Não tem espelho não?,0,0,0,https://twitter.com/padilhando/status/1627684305773240321
Lú Emdac,@luquintas21,https://twitter.com/luquintas21/status/1628013637976612867,2023-02-21T12:47:52.000Z,"Mentira, mais uma! Quem diminui drasticamente foi o governo do PT.",0,0,0,https://twitter.com/padilhando/status/1627684305773240321
Fernanda Cavalcanti,@fer_cavalcanti1,https://twitter.com/fer_cavalcanti1/status/1627691796439486464,2023-02-20T15:28:59.000Z,"Boa tarde.
Sabemos que Bolsonaro foi o pior presidente do Brasil.
Sem polêmicas, por favor .
Momento é de solidariedade, empatia e respeito aos brasileiros e brasileiras vítimas da tragédia no litoral paulista .",1,0,2,https://twitter.com/padilhando/status/1627684305773240321
Marlene Moreira,@prudentemarlene,https://twitter.com/prudentemarlene/status/1627692524310609922,2023-02-20T15:31:53.000Z,"Brasil agora tem presidente
E o cara é Lula
FIZ O L PRA ISSO",1,0,4,https://twitter.com/padilhando/status/1627684305773240321
