nome,usuario,idTweet,dataPublicacao,texto,replies,retweets,likes,tweetPai
Bastos¹³,@bastosdf13,https://twitter.com/bastosdf13/status/1627702835264598018,2023-02-20T16:12:51.000Z,A diferença entre um presidente e um mitomaníaco sociopata é esta ai!,0,0,0,https://twitter.com/AlencarBraga13/status/1627701285356011528
Rosinha,@Rosilen07076553,https://twitter.com/Rosilen07076553/status/1627797721389080578,2023-02-20T22:29:54.000Z,👏🏻👏🏻👏🏻👏🏻👏🏻,0,0,0,https://twitter.com/AlencarBraga13/status/1627701285356011528
Marisa victorio da silva,@victorio_marisa,https://twitter.com/victorio_marisa/status/1627720604215279646,2023-02-20T17:23:28.000Z,#solidariedade  🙏🏽                                                  ✔️O presidente @lulaoficial sobrevoou São Sebastião (SP) nesta segunda (20) para conferir o impacto das chuvas que caíram nos últimos dias. O município do litoral paulista foi um dos mais afetados pelo imenso +,0,0,0,https://twitter.com/AlencarBraga13/status/1627701285356011528
Marisa victorio da silva,@victorio_marisa,https://twitter.com/victorio_marisa/status/1627720875825823774,2023-02-20T17:24:33.000Z,volume de água que caiu na região em tão pouco tempo.,0,0,0,https://twitter.com/AlencarBraga13/status/1627701285356011528
Marisa victorio da silva,@victorio_marisa,https://twitter.com/victorio_marisa/status/1627720416541147153,2023-02-20T17:22:43.000Z,#Lula agora temos presidente! Lula sobrevoa São Sebastião  #chuvas 🌧️🌧️🌧️ #saosebastiao um dos mais afetados   #saopaulo fortes chuvas no litoral de São Paulo #SP 👨🏽‍💻🗞️📰📺📻 |🌱😞 +,0,0,0,https://twitter.com/AlencarBraga13/status/1627701285356011528
