nome,usuario,idTweet,dataPublicacao,texto,replies,retweets,likes,tweetPai
Adriano Gomes Barbosa,@AdrianoCirurgia,https://twitter.com/AdrianoCirurgia/status/1628558701580673025,2023-02-23T00:53:46.000Z,Conto com sua assinatura @DepDaniloForte 👍🏻,0,9,23,https://twitter.com/andrefernm/status/1628523780917059586
BUSTER GUNSLINGER,@BusterScruggs12,https://twitter.com/BusterScruggs12/status/1628581718557859845,2023-02-23T02:25:13.000Z,Melhor votar a CPI do MEC do Fariseu!,1,0,45,https://twitter.com/andrefernm/status/1628523780917059586
RomárioAlberto,@romarioalbert10,https://twitter.com/romarioalbert10/status/1628598879288426496,2023-02-23T03:33:25.000Z,Senhores Deputados cadê Vossa Excelência que até agora não assinaram a #CPMI08dejaneiro @romeropb2011 @HugoMottaPB @depaguinaldo11 @Drdamiaof @ruycarneiropb @murilogaldinopb @WilsonSantiago_ @gervasiomaia @del_brunolima @MatheusLaiola @felipebecari,3,4,6,https://twitter.com/andrefernm/status/1628523780917059586
Lú Ramos,@LucianaMacedoR1,https://twitter.com/LucianaMacedoR1/status/1628527688876015618,2023-02-22T22:50:32.000Z,@pinheirinhomg o Sr. Ainda vai assinar ou discorda da CPMI?,1,2,4,https://twitter.com/andrefernm/status/1628523780917059586
Atraindo Olhares Calçados,@AtraindoC,https://twitter.com/AtraindoC/status/1628527930916888578,2023-02-22T22:51:29.000Z,@del_brunolima ?????,1,4,6,https://twitter.com/andrefernm/status/1628523780917059586
lucas Bruno,@CasalInvestido1,https://twitter.com/CasalInvestido1/status/1628526380311773185,2023-02-22T22:45:20.000Z,@KimKataguiri  cadê vc,1,2,7,https://twitter.com/andrefernm/status/1628523780917059586
Priscila Prestes,@priiprestes,https://twitter.com/priiprestes/status/1628908243513663488,2023-02-24T00:02:43.000Z,Tem lista atualizada de quem não assinou?,0,0,0,https://twitter.com/andrefernm/status/1628523780917059586
Marta teodora,@Martateodora3,https://twitter.com/Martateodora3/status/1628525553442603009,2023-02-22T22:42:03.000Z,"Por favor , 900 pessoas presas sendo muitas nem na cena do crime estavam , façam justiça pelo fim dos campos de concentração prisão por crime coletivos.",2,7,43,https://twitter.com/andrefernm/status/1628523780917059586
𝒪𝓊𝓇 𝒫𝑒𝑜𝓅𝓁𝑒,@_mandalorian_Z,https://twitter.com/_mandalorian_Z/status/1628553644831395840,2023-02-23T00:33:40.000Z,Só lembrando q pra essa CPMI avançar vai depender da boa vontade do Pacheco.😮,1,1,2,https://twitter.com/andrefernm/status/1628523780917059586
𝒪𝓊𝓇 𝒫𝑒𝑜𝓅𝓁𝑒,@_mandalorian_Z,https://twitter.com/_mandalorian_Z/status/1628525338979454976,2023-02-22T22:41:12.000Z,Bora! Queremos q os verdadeiros culpados sejam condenados.🙏,0,4,17,https://twitter.com/andrefernm/status/1628523780917059586
Nina Ferrari,@NinaDFerrari,https://twitter.com/NinaDFerrari/status/1628552388616257536,2023-02-23T00:28:41.000Z,Entre 581 deputados não tem ninguém com coragem pra assinar essa CPMI??? Precisamos ficar implorando??? Que vergonha.,0,1,3,https://twitter.com/andrefernm/status/1628523780917059586
Herlon Santos,@herlonseveriano,https://twitter.com/herlonseveriano/status/1628556105629433858,2023-02-23T00:43:27.000Z,"Cade Felipe Francischini, Ricardo Barros...",0,1,2,https://twitter.com/andrefernm/status/1628523780917059586
Herlon Santos,@herlonseveriano,https://twitter.com/herlonseveriano/status/1628556388950593538,2023-02-23T00:44:34.000Z,@luisa_canziani,0,2,3,https://twitter.com/andrefernm/status/1628523780917059586
Ademir Vargas,@Vargas1Ademir,https://twitter.com/Vargas1Ademir/status/1628550953178746880,2023-02-23T00:22:58.000Z,"Vamo honrar os votos deputados,  deixem de ficar encima do muro borá votar",0,0,2,https://twitter.com/andrefernm/status/1628523780917059586
R Luiz,@RLuiz_72,https://twitter.com/RLuiz_72/status/1628526884957945858,2023-02-22T22:47:20.000Z,Onde está o Crivella?? Kd vc meu filho??🤔🤔🤔,0,1,3,https://twitter.com/andrefernm/status/1628523780917059586
Erica Oliveira,@EricaOlvsantos,https://twitter.com/EricaOlvsantos/status/1628555247126732800,2023-02-23T00:40:02.000Z,Sra @rosangelamorosp poderia por gentileza  assinar o requerimento da CPMI e mostrar aos paulistas que a sra luta pela verdade e  pela justiça.,0,1,0,https://twitter.com/andrefernm/status/1628523780917059586
Erica Oliveira,@EricaOlvsantos,https://twitter.com/EricaOlvsantos/status/1628556004936806400,2023-02-23T00:43:03.000Z,Sr @DepVitorLippi poderia por gentileza  assinar o requerimento da CPMI e mostrar aos paulistas que a sra luta pela verdade e  pela justiça.,0,3,4,https://twitter.com/andrefernm/status/1628523780917059586
Iracema Teles,@TelesIracema,https://twitter.com/TelesIracema/status/1628598254869921793,2023-02-23T03:30:56.000Z,"Faltam 13  deputados PL:
Antonio C.Rodrigues(SP)
Aureo Ribeiro(RJ)
Fernando Monteiro(PE)
Filipe Martins(TO)
Jorge Goetten(SC)
Júnior Lourenço(MA) 
Júnior Mano(CE)
Luciano Vieira(RJ)
Paulo F. da Costa(SP)
Rosângela Reis(MG)
Tiririca(SP)
Wellington Roberto(PB)
Yury do Paredão(CE)",7,8,20,https://twitter.com/andrefernm/status/1628523780917059586
Brasileira Patriota SDV,@Gibelmonte22,https://twitter.com/Gibelmonte22/status/1628881485645205506,2023-02-23T22:16:23.000Z,O Gonzalez de Minas Gerais não está. Tem a relação de demais Federais?,0,0,0,https://twitter.com/andrefernm/status/1628523780917059586
Clerto Alves,@portalhistoria,https://twitter.com/portalhistoria/status/1628538526538125313,2023-02-22T23:33:36.000Z,😴😴😴😴😴😴,0,0,0,https://twitter.com/andrefernm/status/1628523780917059586
Roberta,@RobertaDeSant18,https://twitter.com/RobertaDeSant18/status/1628526153953599490,2023-02-22T22:44:26.000Z,"Meu deputado é @AlexManente23 
Não estou vendo ele aí não 🤔🤔",3,2,10,https://twitter.com/andrefernm/status/1628523780917059586
Aureliano André,@AurelianoAndr1,https://twitter.com/AurelianoAndr1/status/1628524205351264262,2023-02-22T22:36:41.000Z,@mendoncafilho  o senhor tá esperando o quê para assinar o requerimento???,1,4,18,https://twitter.com/andrefernm/status/1628523780917059586
R Luiz,@RLuiz_72,https://twitter.com/RLuiz_72/status/1628781354006548483,2023-02-23T15:38:30.000Z,Figurinhas repetidas virão nas próximas eleições!! Q está lista esteja sempre a ser lembrada!!🇧🇷,0,0,0,https://twitter.com/andrefernm/status/1628523780917059586
Desmentindo os Canhotos,@Cristia85545350,https://twitter.com/Cristia85545350/status/1628555217414365185,2023-02-23T00:39:55.000Z,Obrigada pelo excelente trabalho que você está fazendo.,0,0,0,https://twitter.com/andrefernm/status/1628523780917059586
AngelaG54,@angelagindri43,https://twitter.com/angelagindri43/status/1629211289032482816,2023-02-24T20:06:55.000Z,"@andrefernm 🧐🧐Por favor faça um quadro com os totais de adesões por estados, isso pode ajudar a mobilizar e é mais um argumento para pressão.

Observei que o RS e SP têm as maiores adesões, outros  estados com grande n° de deputados tiveram poucas assinaturas.@kimpaim",0,0,0,https://twitter.com/andrefernm/status/1628523780917059586
xespack,@xespack,https://twitter.com/xespack/status/1628550216491184128,2023-02-23T00:20:03.000Z,KD o @KimKataguiri?,1,1,1,https://twitter.com/andrefernm/status/1628523780917059586
ARD,@AnitaDimarco,https://twitter.com/AnitaDimarco/status/1628800867146014724,2023-02-23T16:56:03.000Z,Deputado federal por SP @MarcoBertaiolli não assinou por que?,0,0,0,https://twitter.com/andrefernm/status/1628523780917059586
aledna22,@AledejanAugusto,https://twitter.com/AledejanAugusto/status/1628535891638599680,2023-02-22T23:23:07.000Z,"MAS PQ SERÁ QUE TEMOS QUE FICAR IMPLOOOORANDO PARA ESSE DEPUTADOS  ASSINAREM UMA COISA QUE É PARA O BEM DO POVO DO BRASIL??????    pqp ta dificil só assinar imagina quando for alguma coisa muiiiiito seria , karaia ,,,desanimador . abç.",2,6,31,https://twitter.com/andrefernm/status/1628523780917059586
Maria Hnd,@maria_hnd,https://twitter.com/maria_hnd/status/1628568519230074882,2023-02-23T01:32:46.000Z,Graças a Deus,0,0,1,https://twitter.com/andrefernm/status/1628523780917059586
teomartins1997,@teomartins1997,https://twitter.com/teomartins1997/status/1628531976188600325,2023-02-22T23:07:34.000Z,"Tem q colocar na lista quem não votou ainda. Eh mais fácil. Pode até não ser o deputado que eu votei, mas pode ser algum que eu possa realmente cobrar",1,3,18,https://twitter.com/andrefernm/status/1628523780917059586
Carla Guedes,@CarlaGuedesB22,https://twitter.com/CarlaGuedesB22/status/1628613039707631617,2023-02-23T04:29:41.000Z,Meu deputado @depheliolopes já assinou,0,3,10,https://twitter.com/andrefernm/status/1628523780917059586
Ana Bru,@Anaa_Bru,https://twitter.com/Anaa_Bru/status/1628544052151951361,2023-02-22T23:55:33.000Z,"@rosangelamorosp Deputada, a senhora ainda não se posicionou.
Seus eleitores aguardam sua assinatura para abertura desta Comissão. Como advogada que é,  me recuso a acreditar que a senhora não é favorável à esta CPMI. Por favor, assine Deputada 🙏",0,9,35,https://twitter.com/andrefernm/status/1628523780917059586
Ana Bru,@Anaa_Bru,https://twitter.com/Anaa_Bru/status/1628545699154481152,2023-02-23T00:02:06.000Z,@rosangelamorosp,1,7,11,https://twitter.com/andrefernm/status/1628523780917059586
Flá,@f382022,https://twitter.com/f382022/status/1628526616400756736,2023-02-22T22:46:16.000Z,São 513 deputados e somente 151 demonstraram que querem apuração dos fatos ocorridos naquele fatídico dia 08 de janeiro. Que vergonha!,2,5,29,https://twitter.com/andrefernm/status/1628523780917059586
ViLiMiGu,@ViLiMiGu_Tex,https://twitter.com/ViLiMiGu_Tex/status/1628537451655450632,2023-02-22T23:29:19.000Z,"Onde estão os Deputados do @republicanos10 de SP e do RJ?@MCrivella @celsorussomanno @marcospereira04 

Vocês são contra apurar as responsabilidades?",4,22,58,https://twitter.com/andrefernm/status/1628523780917059586
Viviane Jacoby,@vivianejacoby,https://twitter.com/vivianejacoby/status/1628558021897994246,2023-02-23T00:51:04.000Z,@rosangelamorosp @del_brunolima @kimpaim @KimKataguiri @mendoncafilho o povo precisa saber a verdade sobre o 8 de janeiro para voltarmos a ser uma nação. Contamos com o seu apoio e sua voz.,3,3,10,https://twitter.com/andrefernm/status/1628523780917059586
Marcio Carvalho,@MarcioResenha,https://twitter.com/MarcioResenha/status/1628528087905312772,2023-02-22T22:52:07.000Z,@DacunhaDelegado,1,4,8,https://twitter.com/andrefernm/status/1628523780917059586
CLAUDIO QUEIROZ,@CLAUDIO140822,https://twitter.com/CLAUDIO140822/status/1628524934505852929,2023-02-22T22:39:35.000Z,O estado de PE é uma das maiores vergonhas do país. Ainda bem que meu voto no capitão Meira tá valendo a pena.,1,4,10,https://twitter.com/andrefernm/status/1628523780917059586
Daniella,@DaniellaCAmaral,https://twitter.com/DaniellaCAmaral/status/1628576714702917632,2023-02-23T02:05:20.000Z,Dep. @fabiogarciamt já voltou das férias em Dubai? Assina aí. Ou vai ficar brigando com @emanuelzinhomt pra inglês ver e ser to@time dele tbem?? Deus tá vendo 👀👀👀👀,1,3,10,https://twitter.com/andrefernm/status/1628523780917059586
Bernardo Villemon,@Bernard28444113,https://twitter.com/Bernard28444113/status/1628596519883444225,2023-02-23T03:24:02.000Z,Vamos rir dessa CPI patética kkkkkkkkkkkkkkkkkkkkkkkkkk,0,0,1,https://twitter.com/andrefernm/status/1628523780917059586
Maria Marta Cardoso Mazzarello,@MartaMazzarello,https://twitter.com/MartaMazzarello/status/1628578435588141062,2023-02-23T02:12:11.000Z,Todos. Eu iria infernizar se não estivesse.,0,1,2,https://twitter.com/andrefernm/status/1628523780917059586
Alexandre,@xandevolp,https://twitter.com/xandevolp/status/1628526391615528960,2023-02-22T22:45:22.000Z,"Olá Dep @anapaulalimapt PT-SC 
.pedimos que assine o requerimento de instalação da Comissão Parlamentar Mista de Inquérito – CPMI –  para apurar os fatos do dia 8 de janeiro.",3,8,23,https://twitter.com/andrefernm/status/1628523780917059586
Paz na Terra!,@paznaterra123,https://twitter.com/paznaterra123/status/1628547396006289409,2023-02-23T00:08:50.000Z,"Sinto, que alguns são mais do mesmo...",0,1,3,https://twitter.com/andrefernm/status/1628523780917059586
Patriota Aliado,@patriotaaliado,https://twitter.com/patriotaaliado/status/1628860470563164164,2023-02-23T20:52:53.000Z,👏🏾👏🏾👏🏾👏🏾👏🏾💪🏾💪🏾💪🏾💪🏾💪🏾💪🏾,0,0,0,https://twitter.com/andrefernm/status/1628523780917059586
Leo Kasura |,@leokasura,https://twitter.com/leokasura/status/1628535836441554947,2023-02-22T23:22:54.000Z,"Rondonia tem a maior bancada que busca transparencia: 7 de 8 assinaram.

Parabéns:✅@DepChrisostomo@fernandomaximoX@luciomosquini@mauricioro4444@silviacristinaxThiago Flores-MDB
Cristiane Lopes-União Brasil

NÃO ASSINOU:❌ @deputadolebrao União Brasil",0,3,5,https://twitter.com/andrefernm/status/1628523780917059586
Fabiano - Jlle/SC,@Fabiano38521625,https://twitter.com/Fabiano38521625/status/1628685326125260800,2023-02-23T09:16:55.000Z,"Santa Catarina respondendo positivamente. 🙏 Só não vi nenhum deputado do PT e afins, porque será né??? 🤡",0,0,1,https://twitter.com/andrefernm/status/1628523780917059586
Rodrigokelvin,@Rodrigokelvin12,https://twitter.com/Rodrigokelvin12/status/1628545340012888065,2023-02-23T00:00:40.000Z,Depois e a CPI do abuso de autoridade,0,2,2,https://twitter.com/andrefernm/status/1628523780917059586
Cariota,@vpnascimento1,https://twitter.com/vpnascimento1/status/1628596735537823745,2023-02-23T03:24:54.000Z,"O meu está ,GENERAL PAZZUELLO !
Grata deputado.",0,0,1,https://twitter.com/andrefernm/status/1628523780917059586
dkk11,@dkk115,https://twitter.com/dkk115/status/1628533349881991170,2023-02-22T23:13:01.000Z,Boa noite @rosangelamorosp e @KimKataguiri vamos assinar??,0,1,0,https://twitter.com/andrefernm/status/1628523780917059586
Geraldo Martins,@Geraldo91120893,https://twitter.com/Geraldo91120893/status/1628559489292029956,2023-02-23T00:56:54.000Z,Excelente o empenho e devo parabenizar. Infelizmente o STF provavelmente vai barrar esta CPI.,0,1,2,https://twitter.com/andrefernm/status/1628523780917059586
Joice Leão,@Joiceleao12,https://twitter.com/Joiceleao12/status/1628851943736070145,2023-02-23T20:19:00.000Z,@celsorussomanno não vi seu nome na lista pq não vai assinar?,0,0,0,https://twitter.com/andrefernm/status/1628523780917059586
Joice Leão,@Joiceleao12,https://twitter.com/Joiceleao12/status/1628854070386589697,2023-02-23T20:27:27.000Z,@tiriricanaweb  não vi teu nome aí deputado abestado assina essa bagaça aí todos temos o interesse de saber a verdade,0,0,0,https://twitter.com/andrefernm/status/1628523780917059586
Fatima Lima,@FatimaL74078834,https://twitter.com/FatimaL74078834/status/1628527813291659266,2023-02-22T22:51:01.000Z,"Eles não temen mais nada,  vamos ver se os urubus togados não vão impedir a instalação da cpmi, vai que a gazela entra com pedido pra impedir,!👀👀",0,0,1,https://twitter.com/andrefernm/status/1628523780917059586
Tania Alves,@TaniaAl60560300,https://twitter.com/TaniaAl60560300/status/1628871211907182600,2023-02-23T21:35:34.000Z,O Rio de janeiro em peso de direita parabéns,0,0,0,https://twitter.com/andrefernm/status/1628523780917059586
Marta Tricolor,@MartaMattos1967,https://twitter.com/MartaMattos1967/status/1628718299696570371,2023-02-23T11:27:57.000Z,"Uma câmara que tem 581 deputados ter dificuldade de arrumar + 20 assinaturas???
Gente, estamos lascados.
Se não conseguir a esquerda criminosa vai dominar essa porr@.",0,0,3,https://twitter.com/andrefernm/status/1628523780917059586
Celeste Censurada,@CelesteBlocked1,https://twitter.com/CelesteBlocked1/status/1628849568497426435,2023-02-23T20:09:34.000Z,"Não tem um deputado do PT que não assinou a lista, hipócritas esses deputados do PT, usa palavras de Democracia,para enganar o povo.sera que o povo ainda não aprendeu, que tudo q eles faz é para o mal .",0,0,1,https://twitter.com/andrefernm/status/1628523780917059586
Andrea Paz,@Andrea_paz76,https://twitter.com/Andrea_paz76/status/1628589098033086469,2023-02-23T02:54:33.000Z,@eusouamom  estamos aguardando sua assinatura,0,1,1,https://twitter.com/andrefernm/status/1628523780917059586
claudio soares,@claudio92839522,https://twitter.com/claudio92839522/status/1628544767817658369,2023-02-22T23:58:24.000Z,513 deputados e nada de 172 assinaturas?,0,0,2,https://twitter.com/andrefernm/status/1628523780917059586
Iara Fernandes Bolsonaro,@iaiafernandes,https://twitter.com/iaiafernandes/status/1628582618508787720,2023-02-23T02:28:48.000Z,"Por favor, nos informe quem ainda não assinou.",1,1,1,https://twitter.com/andrefernm/status/1628523780917059586
Sandra Mara Almeida,@smarapf,https://twitter.com/smarapf/status/1629258639163768833,2023-02-24T23:15:04.000Z,👀👀👀,0,0,0,https://twitter.com/andrefernm/status/1628523780917059586
Lasilania,@Lasilania,https://twitter.com/Lasilania/status/1628524949253005319,2023-02-22T22:39:39.000Z,Que Deus proteja nossos patriotas e faça à justiça merecida.,0,1,8,https://twitter.com/andrefernm/status/1628523780917059586
Rachel,@RaquelAb9,https://twitter.com/RaquelAb9/status/1628695956337090560,2023-02-23T09:59:10.000Z,"Não se anime, logo o lalau comprará os indecisos e a CPI irá para a gaveta do esquecimento.",0,0,1,https://twitter.com/andrefernm/status/1628523780917059586
José Lopes,@JosLope77931765,https://twitter.com/JosLope77931765/status/1633637216411869185,2023-03-09T01:13:58.000Z,"Tem 513 deputados!  81 SENADORES!
E NÃO conseguem 180 Pra APOIAR uma CPI???
Pra que VCS foram eleitos?
Pra defender seus partidos ou o POVO,?",0,0,0,https://twitter.com/andrefernm/status/1628523780917059586
Clodoaldo Araujo,@Clodoal66484469,https://twitter.com/Clodoal66484469/status/1628561890086379522,2023-02-23T01:06:26.000Z,Kd André Ferreira na lista?,0,1,1,https://twitter.com/andrefernm/status/1628523780917059586
CH,@CarlosHF54,https://twitter.com/CarlosHF54/status/1628571926871347204,2023-02-23T01:46:19.000Z,"Estão fazendo um carnaval com esta CPI para tirar somente o molusco do poder, caso seja instalada tem que fazer o Impeachment da chapa molusco/chuchu, caso contrário será golpe para que a gang do PSDB que é irmã siamesa do PT na corrupção assuma o poder. Não passarão.",0,1,1,https://twitter.com/andrefernm/status/1628523780917059586
Giovani,@Giovani_lol,https://twitter.com/Giovani_lol/status/1628849929622892544,2023-02-23T20:11:00.000Z,@TrzeciakDaniel vamo assinar ou não?,0,0,0,https://twitter.com/andrefernm/status/1628523780917059586
Domingos Guimaraes,@dsguimaraes1,https://twitter.com/dsguimaraes1/status/1628850349208469508,2023-02-23T20:12:40.000Z,Essa é a nova cara do Brasil,0,0,0,https://twitter.com/andrefernm/status/1628523780917059586
antonio carlos,@antonio53528889,https://twitter.com/antonio53528889/status/1628896839666745344,2023-02-23T23:17:24.000Z,"Se meu deputado cabo Gilberto não assinou, perdi meu voto!",0,0,0,https://twitter.com/andrefernm/status/1628523780917059586
Manaus com Bolsonaro,@DIREITAMANAUS22,https://twitter.com/DIREITAMANAUS22/status/1628922057395212289,2023-02-24T00:57:37.000Z,"Rapaz , até agora não vi a assinatura do tal AMON MANDEL , foi eleito dep.federal por inúmeros amazonenses que são de direita , cadê esse rapaz que não assinou essa CPMI ?",0,0,0,https://twitter.com/andrefernm/status/1628523780917059586
LAZIANE LOPES,@laziane_lopes,https://twitter.com/laziane_lopes/status/1628525836323155983,2023-02-22T22:43:10.000Z,meu deputado está é o Eli borges,0,1,3,https://twitter.com/andrefernm/status/1628523780917059586
Edson Passos,@EdsonPa44345613,https://twitter.com/EdsonPa44345613/status/1628961590514012160,2023-02-24T03:34:42.000Z,"Cadê à galerinha do PT, Psol, PCdoB e PDT!! Gostavam tanto da CPi no governo!! Vamos votar tb na cpmi do dia 8 de Janeiro!! Quem não deve não teme.  Sumiram todos.",0,0,0,https://twitter.com/andrefernm/status/1628523780917059586
Dalva Medeiros,@dalva2004,https://twitter.com/dalva2004/status/1628560025068220418,2023-02-23T00:59:01.000Z,Olá  dep @eusouamom já assinou o requerimento  de instalação da cpmi para apurar os fatos do dia 8 de janeiro. Super importante esclarecer não acha?,0,3,3,https://twitter.com/andrefernm/status/1628523780917059586
Marcia Oliveira,@MarciaO34481233,https://twitter.com/MarciaO34481233/status/1629179531511619584,2023-02-24T18:00:43.000Z,Os meus Deputados estão aí na lista 👏🙌🙏🏼,0,0,0,https://twitter.com/andrefernm/status/1628523780917059586
dilson de paiva moreira,@dilsondepaivam2,https://twitter.com/dilsondepaivam2/status/1628556862688821248,2023-02-23T00:46:27.000Z,Será que precisa de uma CPMI mesmo? Está tão claro? Ah! Esqueci que no Brasil o Judiciário está enfermo!!,0,1,2,https://twitter.com/andrefernm/status/1628523780917059586
Anderson Vasconcelos,@ciriacovasconce,https://twitter.com/ciriacovasconce/status/1629066332032446464,2023-02-24T10:30:54.000Z,E ai @eusouamom vamos da aquela força?,0,0,0,https://twitter.com/andrefernm/status/1628523780917059586
Arte Com carinho,@carinho_arte,https://twitter.com/carinho_arte/status/1628550807024029697,2023-02-23T00:22:24.000Z,Parabéns dep.nós te apoiamos..,0,1,2,https://twitter.com/andrefernm/status/1628523780917059586
Adriana carvalho,@Adriana73036466,https://twitter.com/Adriana73036466/status/1628543652963155968,2023-02-22T23:53:58.000Z,Onde estão os deputados do Amazonas? Ainda falta assinar @sidneyleite_ @eusouamom @silas camara @atilalins @adailfilhoam,0,2,1,https://twitter.com/andrefernm/status/1628523780917059586
Maria Madalena De Souza,@MariaMa08533423,https://twitter.com/MariaMa08533423/status/1628531982375198720,2023-02-22T23:07:35.000Z,Tá faltando o deputado estadual Dirceu Dalbem.,2,1,2,https://twitter.com/andrefernm/status/1628523780917059586
O Opineiro,@O_opineiro,https://twitter.com/O_opineiro/status/1628741951028600832,2023-02-23T13:01:56.000Z,Tic tac de novo? Ou só mais 72h? Kkkkk,1,0,0,https://twitter.com/andrefernm/status/1628523780917059586
Alê Alvarenga,@AlAlvarenga3,https://twitter.com/AlAlvarenga3/status/1628787565447860225,2023-02-23T16:03:11.000Z,daqui a pouco...$$$$$$$$$$$$$$$$$... as assinaturas vão milagrosamente sumir....,0,0,0,https://twitter.com/andrefernm/status/1628523780917059586
Esther Azuos,@tetesousah,https://twitter.com/tetesousah/status/1628616455926304768,2023-02-23T04:43:15.000Z,@deltanmd,3,1,2,https://twitter.com/andrefernm/status/1628523780917059586
João Galvão,@JooGalv89179895,https://twitter.com/JooGalv89179895/status/1628768149997862913,2023-02-23T14:46:02.000Z,"Amigo acabou isso de medo, cada um faz o que quer quem manda é a impunidade.",0,0,0,https://twitter.com/andrefernm/status/1628523780917059586
Giuliano Schneider,@giuschneider1,https://twitter.com/giuschneider1/status/1628747647690371075,2023-02-23T13:24:34.000Z,Ainda 20? E depois das 20 o presidente da câmara Barra… vcs cansam,0,0,0,https://twitter.com/andrefernm/status/1628523780917059586
Pedro augusto,@Pedroau98630881,https://twitter.com/Pedroau98630881/status/1628698773319811072,2023-02-23T10:10:21.000Z,@KimKataguiri,0,0,0,https://twitter.com/andrefernm/status/1628523780917059586
Andrea Paz,@Andrea_paz76,https://twitter.com/Andrea_paz76/status/1628588986917654528,2023-02-23T02:54:06.000Z,Que história é essa q parlamentares q assinara estão pulando fora? Q irão alegar q assinaturas colidas em janeiro não terão valor? Não tô acreditando,0,0,0,https://twitter.com/andrefernm/status/1628523780917059586
Vitor Emanuel,@Em23243620Vitor,https://twitter.com/Em23243620Vitor/status/1628526090670034946,2023-02-22T22:44:11.000Z,O Dino sauro tá com o cool na mão,1,4,17,https://twitter.com/andrefernm/status/1628523780917059586
Régis Rock,@regis_rocha_sp,https://twitter.com/regis_rocha_sp/status/1628748330950922243,2023-02-23T13:27:17.000Z,@marcospereira04 cadê os deputados do @republicanos10 de SP?,0,0,0,https://twitter.com/andrefernm/status/1628523780917059586
Silvio Reis,@SilvioR37730736,https://twitter.com/SilvioR37730736/status/1628795793405628418,2023-02-23T16:35:53.000Z,PARABÉNS  A  VOCÊ  TAMBÉM  DR.,0,0,0,https://twitter.com/andrefernm/status/1628523780917059586
Humberto Martins,@rhremoto,https://twitter.com/rhremoto/status/1628529657682309120,2023-02-22T22:58:21.000Z,Já cobrei o deputado por SP Bruno Ganem e ele nem assinou e nem respondeu. Continuarei tentando,0,2,8,https://twitter.com/andrefernm/status/1628523780917059586
Renata Moura,@Renatinhacmoura,https://twitter.com/Renatinhacmoura/status/1628741933559414785,2023-02-23T13:01:52.000Z,Graças a Deus @nikolas_dm @cabojunioamaral  orgulhosa 🙌 desses meninos,0,0,0,https://twitter.com/andrefernm/status/1628523780917059586
Jandira Calisto,@JandiraCalisto,https://twitter.com/JandiraCalisto/status/1628545331393703941,2023-02-23T00:00:38.000Z,Os representantes os quais depositei minha confiança e meu voto não estão nesta lista que são eles Moses Rodrigues e Carmelo Neto.,0,2,2,https://twitter.com/andrefernm/status/1628523780917059586
Marília Nable,@MarliaNable,https://twitter.com/MarliaNable/status/1628549974412738561,2023-02-23T00:19:05.000Z,#CPI08deJaneiroUrgente,0,1,3,https://twitter.com/andrefernm/status/1628523780917059586
@Jeferson Trindade26,@Jeferson Trindade26,https://twitter.com/Jeferso92253122/status/1628554874169307138,2023-02-23T00:38:33.000Z,Cadê o da Deputada Silvana da qui do Ceará vie só do jaziel,0,0,2,https://twitter.com/andrefernm/status/1628523780917059586
Marcos Pardini,@MarcosThPardini,https://twitter.com/MarcosThPardini/status/1628565934121132032,2023-02-23T01:22:30.000Z,O engraçado que não tem nenhum gato pingado do PT que foi o.mais prejudicado no dia 8 neh!!!!,0,2,2,https://twitter.com/andrefernm/status/1628523780917059586
Claudia Purgato,@claudia_purgato,https://twitter.com/claudia_purgato/status/1628576829056421889,2023-02-23T02:05:48.000Z,"Vamos lá, em busca da verdade e soltar os inocentes!🙏🏻🙏🏻",0,1,2,https://twitter.com/andrefernm/status/1628523780917059586
marcy,@marcielipiccin2,https://twitter.com/marcielipiccin2/status/1628788197126799360,2023-02-23T16:05:42.000Z,@juvircostella não encontrei seu nome na lista contamos com seu voto .,0,0,0,https://twitter.com/andrefernm/status/1628523780917059586
Maurício Kobren,@mauriciokobren,https://twitter.com/mauriciokobren/status/1628848404779368451,2023-02-23T20:04:56.000Z,O povo do Paraná conta com as suas assinaturas @betopretoparana @LucianoDucci @RicardoBarrosPP,0,0,0,https://twitter.com/andrefernm/status/1628523780917059586
Renato Amaral,@RenatoA27880644,https://twitter.com/RenatoA27880644/status/1628534146027999234,2023-02-22T23:16:11.000Z,"Não é possível que seja tão difícil fazer uma cpmi pra esclarecer esse 8 de janeiro, que merda . Já era pra ter um milhão de deputados querendo assinar",1,1,5,https://twitter.com/andrefernm/status/1628523780917059586
Cleide Amaro nos vemos em 2026,@brasilianfan,https://twitter.com/brasilianfan/status/1628606961590706177,2023-02-23T04:05:32.000Z,@pauloabarbosa ainda não assinou deputado? Será que o senhor envergonhará Santos? Farei questão de dizer para TODOS seus eleitores que o Sr não os representou em um assunto tão importante,0,2,6,https://twitter.com/andrefernm/status/1628523780917059586
MABIO ESPINOSA,@MabioEspinosa,https://twitter.com/MabioEspinosa/status/1628570195294814212,2023-02-23T01:39:26.000Z,Cpi nesse país e nada é a mesma coisa. Com esse stf nada atingirá esse governo blindado pelo stf,0,2,2,https://twitter.com/andrefernm/status/1628523780917059586
Marcio Carvalho,@MarcioResenha,https://twitter.com/MarcioResenha/status/1628528733802926080,2023-02-22T22:54:41.000Z,@julioarcoverde,0,3,4,https://twitter.com/andrefernm/status/1628523780917059586
Bruno Barbosa,@Barbosagomes10,https://twitter.com/Barbosagomes10/status/1628537137233645569,2023-02-22T23:28:04.000Z,@DacunhaDelegado bora irmão,0,3,5,https://twitter.com/andrefernm/status/1628523780917059586
Jorge Damasceno,@onecroj,https://twitter.com/onecroj/status/1628586071540875271,2023-02-23T02:42:31.000Z,"Vamos lá deputados federais do Paraná. Vamos assinar.  A hora de mostrar  a cara é  agora. Assinem,  sem medo de ser feliz. Até porque do jeito que a coisa vai, esse governo  não  dura  06 meses.",0,2,3,https://twitter.com/andrefernm/status/1628523780917059586
Fabiano,@fabianolpb,https://twitter.com/fabianolpb/status/1628571768448221184,2023-02-23T01:45:41.000Z,@carlosaviana poderia conversar com o seu filho pois até o momento o nome do mesmo não está na lista...,0,1,3,https://twitter.com/andrefernm/status/1628523780917059586
Mazinho Silva,@mazinhoflatri,https://twitter.com/mazinhoflatri/status/1628555841652633602,2023-02-23T00:42:24.000Z,"@HugoMottaPB só o cabo Gilberto assinou da PB, vc é dos republicanos não quer saber melhor oq aconteceu nesse dia 8?",0,5,13,https://twitter.com/andrefernm/status/1628523780917059586
Cristiano Norberto,@cns5587,https://twitter.com/cns5587/status/1628537916464005122,2023-02-22T23:31:10.000Z,Do MT acredito q todos estão a favor,0,2,3,https://twitter.com/andrefernm/status/1628523780917059586
Sonia de Lima,@SoniadeLima1,https://twitter.com/SoniadeLima1/status/1628568370860724224,2023-02-23T01:32:11.000Z,#CPI08deJaneiroUrgente,0,2,3,https://twitter.com/andrefernm/status/1628523780917059586
Anderson soares,@SANTOSF92689484,https://twitter.com/SANTOSF92689484/status/1628526079190175744,2023-02-22T22:44:08.000Z,"Como nordestino venho aqui lhe agradecer deputado @andrefernm por seu grande empenho em querer mostrar ao povo brasileiro a verdade de fato,doa em quem doer.",0,3,6,https://twitter.com/andrefernm/status/1628523780917059586
Renata,@Renata328974031,https://twitter.com/Renata328974031/status/1628545056343789569,2023-02-22T23:59:32.000Z,@deltanmd também não assinou porque será?,2,4,14,https://twitter.com/andrefernm/status/1628523780917059586
j.F,@ZantFreitas,https://twitter.com/ZantFreitas/status/1628551704118546439,2023-02-23T00:25:57.000Z,"Cadê o nome do @afonso_motta nessa lista. Será que ele concorda com prisão daquelas 900 pessoas, inclusive senhoras  inocentes, patriotas que usavam o verde-amarelo?",0,2,2,https://twitter.com/andrefernm/status/1628523780917059586
PapocoDoTrovão,@PapocoDoTrova0,https://twitter.com/PapocoDoTrova0/status/1628557333784678404,2023-02-23T00:48:20.000Z,"Rpz poucas pessoas do PP aderiram, bora @ciro_nogueira @ArthurLira_  cuida na vida",0,2,3,https://twitter.com/andrefernm/status/1628523780917059586
WederAlex17,@wederalex17,https://twitter.com/wederalex17/status/1628536316920045568,2023-02-22T23:24:49.000Z,@betopereirams da uma forcinha pra nós Deputado..,0,1,5,https://twitter.com/andrefernm/status/1628523780917059586
Amanda,@uaiamandica,https://twitter.com/uaiamandica/status/1628527727056674817,2023-02-22T22:50:41.000Z,@greyceelias,0,3,4,https://twitter.com/andrefernm/status/1628523780917059586
R. Filho,@R_filh0,https://twitter.com/R_filh0/status/1628549208482496515,2023-02-23T00:16:02.000Z,@yurydoparedao bora assinar!,0,2,2,https://twitter.com/andrefernm/status/1628523780917059586
"Liberdade, volta?",@VoltaLiberdade,https://twitter.com/VoltaLiberdade/status/1628571627712569346,2023-02-23T01:45:08.000Z,"Nobre Deputado @glaustindafokus , nós eleitores de Goiás queremos saber: vai assinar ou não? Qual o problema de identificar os verdadeiros culpados daqueles atos.",0,5,7,https://twitter.com/andrefernm/status/1628523780917059586
"Liberdade, volta?",@VoltaLiberdade,https://twitter.com/VoltaLiberdade/status/1628572387686989824,2023-02-23T01:48:09.000Z,"Nobre Deputado @adrianodobaldy , nós eleitores de Goiás queremos saber: vai assinar ou não? Qual o problema de identificar os verdadeiros culpados daqueles atos.",0,3,5,https://twitter.com/andrefernm/status/1628523780917059586
"Liberdade, volta?",@VoltaLiberdade,https://twitter.com/VoltaLiberdade/status/1628573025154093058,2023-02-23T01:50:41.000Z,"Nobre Deputado @zachariascalil , nós eleitores de Goiás, sentimos falta do seu nome nesta nova atualização. Precisamos identificar os verdadeiros culpados daqueles atos. Assina, por favor!!!",0,7,15,https://twitter.com/andrefernm/status/1628523780917059586
Maria Lúcia,@MariaLuciaFont,https://twitter.com/MariaLuciaFont/status/1628593973848670211,2023-02-23T03:13:55.000Z,Que bom seguem em frente deputados. A verdade tem que prevalecer e quem prevaricou tem que pagar por isso,0,1,2,https://twitter.com/andrefernm/status/1628523780917059586
Maria das Graças,@Mariada31460081,https://twitter.com/Mariada31460081/status/1628595787306344448,2023-02-23T03:21:08.000Z,"Cadê  a assinatura  do Max Lemos deputado federal  pelo Rio de Janeiro,não  apareceu na lista! E no senado,o Romário,que mais um mandato ,pra ganhar dinheiro e nunca votar nada a favor do seu estado,e do Brasil!!",0,0,4,https://twitter.com/andrefernm/status/1628523780917059586
Claudinha Moraes Silva,@Morae7Moraes,https://twitter.com/Morae7Moraes/status/1628545622277070852,2023-02-23T00:01:47.000Z,Sim 3 federais do Para estão aí!  Graças a Deus. O governador não me representa!,0,1,1,https://twitter.com/andrefernm/status/1628523780917059586
Alexandre,@xandevolp,https://twitter.com/xandevolp/status/1628526127621763079,2023-02-22T22:44:20.000Z,Deputados de #SantaCatarina que ainda NÃO assinaram a CPMI de 8 de janeiro:@anapaulalimapt PT@carloschiodini MDB@V_Cobalchini MDB@JorgeGoetten PL@uczai PT,1,7,8,https://twitter.com/andrefernm/status/1628523780917059586
wsilver,@wsilver20,https://twitter.com/wsilver20/status/1628526437769641985,2023-02-22T22:45:33.000Z,Parece que já vi esse filme 🤔,0,1,2,https://twitter.com/andrefernm/status/1628523780917059586
Mirna_66,@Mi6612302019,https://twitter.com/Mi6612302019/status/1628603111081230336,2023-02-23T03:50:14.000Z,"@BetoRicha @betopretoparana @LucianoDucci @luisacanziani 
Estamos aguardando suas assinaturas.  Lembrem-se que a população acordou para a política.esperamos sinceramente que não nos decepcionem.",0,1,2,https://twitter.com/andrefernm/status/1628523780917059586
"Liberdade, volta?",@VoltaLiberdade,https://twitter.com/VoltaLiberdade/status/1628573625811959808,2023-02-23T01:53:04.000Z,"Nobre Deputado @depJeferson10 , nós eleitores de Goiás, sentimos falta do seu nome nesta nova atualização. Precisamos identificar os verdadeiros culpados daqueles atos. Assina, por favor!!!",2,7,14,https://twitter.com/andrefernm/status/1628523780917059586
Dane Nr,@DaianeNRamos1,https://twitter.com/DaianeNRamos1/status/1628564658893250561,2023-02-23T01:17:26.000Z,Tem uma lista de qual falta assinar? Pois devemos cobrar ....,0,1,1,https://twitter.com/andrefernm/status/1628523780917059586
CarlosAndre,@CAndre51,https://twitter.com/CAndre51/status/1628761674177032200,2023-02-23T14:20:18.000Z,"Deputado, por gentileza , não seria possível pôr em ordem alfabética",0,0,2,https://twitter.com/andrefernm/status/1628523780917059586
clodio garcia,@ClodioGarcia,https://twitter.com/ClodioGarcia/status/1628534058329288710,2023-02-22T23:15:50.000Z,Mostrem a relação dos q ainda NÃO votaram,0,1,3,https://twitter.com/andrefernm/status/1628523780917059586
Vanessa Pimenta,@Vanessa02267479,https://twitter.com/Vanessa02267479/status/1628533517029195777,2023-02-22T23:13:41.000Z,"@del_brunolima já assinou a petição??????? Votei no senhor, por gentileza manifeste-se.",0,2,2,https://twitter.com/andrefernm/status/1628523780917059586
"Liberdade, volta?",@VoltaLiberdade,https://twitter.com/VoltaLiberdade/status/1628573434090323974,2023-02-23T01:52:18.000Z,"Nobre Deputada @marussago , nós eleitores de Goiás, sentimos falta do seu nome nesta nova atualização. Precisamos identificar os verdadeiros culpados daqueles atos. Assina, por favor!!!",0,8,22,https://twitter.com/andrefernm/status/1628523780917059586
Lilia Pacheco David,@LiliaPachecoDa2,https://twitter.com/LiliaPachecoDa2/status/1628557997206126594,2023-02-23T00:50:58.000Z,Só espero que não sejam comprados,0,1,3,https://twitter.com/andrefernm/status/1628523780917059586
Soninha Floripa,@SoninhaAcorsi,https://twitter.com/SoninhaAcorsi/status/1628527067292639233,2023-02-22T22:48:04.000Z,#CPI08deJaneiroUrgente,0,4,6,https://twitter.com/andrefernm/status/1628523780917059586
Filipe Monte,@F_FilipeGustavo,https://twitter.com/F_FilipeGustavo/status/1628530457116647425,2023-02-22T23:01:32.000Z,Pq n assinou @DanielCoelho23 ?,0,6,13,https://twitter.com/andrefernm/status/1628523780917059586
elizangela Campos,@elizang16238671,https://twitter.com/elizang16238671/status/1628542487177449473,2023-02-22T23:49:20.000Z,Quem votou no Deputado Matheus Loila do Paraná que cobre ele porque até onde sei parece ser de Direita,0,3,9,https://twitter.com/andrefernm/status/1628523780917059586
Lilia Ferraresso,@FerraressoLilia,https://twitter.com/FerraressoLilia/status/1628548777370869762,2023-02-23T00:14:20.000Z,"@felipebecari cadê sua assinatura ? Votei em vc para vereador e agora para deputado, e se não assinar, aqui em casa nunca mais terá nosso voto..",0,2,6,https://twitter.com/andrefernm/status/1628523780917059586
Cintia Ramos,@CintiaR68337662,https://twitter.com/CintiaR68337662/status/1628557007392325634,2023-02-23T00:47:02.000Z,@TrzeciakDaniel  não assinou?,0,3,5,https://twitter.com/andrefernm/status/1628523780917059586
Bruno Zanoni,@brunozanonis,https://twitter.com/brunozanonis/status/1628584288818982912,2023-02-23T02:35:26.000Z,@mariarosassp  pastora a Sra não pode aceitar ficar de fora ! Tem muitos pontos que precisam ser esclarecidos,0,1,2,https://twitter.com/andrefernm/status/1628523780917059586
Soraya RF,@Soraya_R_F,https://twitter.com/Soraya_R_F/status/1628568981870190592,2023-02-23T01:34:37.000Z,"@herciliodiniz ,
Estamos aguardando sua assinatura p a CPMI 08/01",0,3,4,https://twitter.com/andrefernm/status/1628523780917059586
Claudio Almeida,@Claudio98014972,https://twitter.com/Claudio98014972/status/1628550992131137537,2023-02-23T00:23:08.000Z,Parabéns deputados !!!,0,0,1,https://twitter.com/andrefernm/status/1628523780917059586
Marcelo Bilotto,@jpmbilotto,https://twitter.com/jpmbilotto/status/1628559131429806080,2023-02-23T00:55:28.000Z,REPLESENTE DE SERGIPE NÃO ESTÁ NA LISTA.... SERGIPE É CÚMPLICE DE LADRÃO,0,0,1,https://twitter.com/andrefernm/status/1628523780917059586
Ricardo N,@RGN316,https://twitter.com/RGN316/status/1628552995615961088,2023-02-23T00:31:05.000Z,CPMI já!!!,0,0,1,https://twitter.com/andrefernm/status/1628523780917059586
thiagogarzia (selo azul),@zerodoutrina,https://twitter.com/zerodoutrina/status/1628526649846235138,2023-02-22T22:46:24.000Z,"Essa esquerda quer esconder algo, certeza!!",0,0,2,https://twitter.com/andrefernm/status/1628523780917059586
2k04,@Kaua68933336,https://twitter.com/Kaua68933336/status/1628605366232616960,2023-02-23T03:59:11.000Z,"@eusouamom conto com seu apoio, deputado.",0,1,1,https://twitter.com/andrefernm/status/1628523780917059586
magali fernanda,@magali845478,https://twitter.com/magali845478/status/1628783153908162561,2023-02-23T15:45:39.000Z,"@mendoncafilho @eduardodafonte @felipecarreras @luladafonte @DepClodoaldoM,nós Pernambucanos queremos saber da verdade do dia 08 de janeiro, contamos com suas assinaturas.",0,0,1,https://twitter.com/andrefernm/status/1628523780917059586
marcos g. neto,@mgneto11,https://twitter.com/mgneto11/status/1629292227359899648,2023-02-25T01:28:32.000Z,Parabéns o nosso deputado gaguinho tá na lista.,0,0,1,https://twitter.com/andrefernm/status/1628523780917059586
João Rodrigues,@Jaao252,https://twitter.com/Jaao252/status/1628608752478740480,2023-02-23T04:12:39.000Z,"@diegohpereira Parece que vai ter mesmo essa CPMI. Honestamente, pode ser bait. Acho que não vai ter nada comprometendo bolsonaro ou a direita, mas pode ser que não conseguirão pessoas do nosso lado presidindo, ou não tem nada que pode incriminar o cachaceiro de nove dedos.",0,0,1,https://twitter.com/andrefernm/status/1628523780917059586
Sandra,@Sandra89848279,https://twitter.com/Sandra89848279/status/1628705209655390208,2023-02-23T10:35:56.000Z,@deputadolebrao cade a sua assinatura todos os reputados do estado de Rondônia assinou só o senhor que não . Porque? Bora assina,0,0,3,https://twitter.com/andrefernm/status/1628523780917059586
Denise Amorim,@DeniseA43199372,https://twitter.com/DeniseA43199372/status/1628681318870417408,2023-02-23T09:01:00.000Z,"Uma coisa tão óbvias que já deveria ter sido colhida e voluntariamente , por todos os integrantes da casa mas, por questão de caráter não acontece!",0,0,1,https://twitter.com/andrefernm/status/1628523780917059586
Bruno Zanoni,@brunozanonis,https://twitter.com/brunozanonis/status/1628583962783236097,2023-02-23T02:34:09.000Z,@marcospereira04 o Sr tem que assinar bispo ! Não podemos ser coniventes,0,0,3,https://twitter.com/andrefernm/status/1628523780917059586
Michelle Albuquerque,@mialbuquerqueb,https://twitter.com/mialbuquerqueb/status/1628542976233283584,2023-02-22T23:51:17.000Z,@carlosgomesdep qual vai ser deu posicionamento???,0,3,3,https://twitter.com/andrefernm/status/1628523780917059586
Cristina Muniz,@Cristin79642276,https://twitter.com/Cristin79642276/status/1628595048303726593,2023-02-23T03:18:12.000Z,Meu representante está na lista. Parabéns @GayerGus 👏 👏,0,1,4,https://twitter.com/andrefernm/status/1628523780917059586
Tonny Mozart,@tonnymozart,https://twitter.com/tonnymozart/status/1628542183643938816,2023-02-22T23:48:08.000Z,o deputado @eusouamom tá esperando a família decidir ou vai honrar o voto do povo Amazonense? Eu e minha família votamos em vc. Honre nossa confiança.,0,2,4,https://twitter.com/andrefernm/status/1628523780917059586
Adolpho L. Sirotá,@LSirot,https://twitter.com/LSirot/status/1628600219939098624,2023-02-23T03:38:45.000Z,Parabéns Deputado! 👏🇧🇷,0,1,2,https://twitter.com/andrefernm/status/1628523780917059586
Rogerio Vaz,@rogeriovazpien5,https://twitter.com/rogeriovazpien5/status/1628597757794476035,2023-02-23T03:28:57.000Z,"O senhor deputado @andrefernm está saindo muito, mas muito, mas muuuito melhor que a encomenda! Muito obrigado pelo seu trabalho.💚🇧🇷💛",0,1,2,https://twitter.com/andrefernm/status/1628523780917059586
Sandro Gemak,@GemakSandro,https://twitter.com/GemakSandro/status/1628728271327178754,2023-02-23T12:07:34.000Z,A bancada do Amazonas como sempre sendo a pior possível. Cadê @eusouamom @SilasCamaraAM  não assinam porque está CPI,0,1,2,https://twitter.com/andrefernm/status/1628523780917059586
Sargento Prada,@AndarilhoDaSky,https://twitter.com/AndarilhoDaSky/status/1628536346582126596,2023-02-22T23:24:56.000Z,"Para q? Vcs não mandam e não sabem d nada, é o STF q manda",0,1,3,https://twitter.com/andrefernm/status/1628523780917059586
Alexfbar,@AlexFBar,https://twitter.com/AlexFBar/status/1628546273748869121,2023-02-23T00:04:23.000Z,Cadê o código fonte?,0,1,4,https://twitter.com/andrefernm/status/1628523780917059586
Hugo A M Jung,@hugojung_rs,https://twitter.com/hugojung_rs/status/1628566893349969921,2023-02-23T01:26:19.000Z,E o Lira? E o pacheco? E o Moraes? E o Lula? Já pediram licença pra eles?,0,1,2,https://twitter.com/andrefernm/status/1628523780917059586
Vagner Gallo,@gallo_vagner,https://twitter.com/gallo_vagner/status/1628781550480289794,2023-02-23T15:39:17.000Z,Vamos começar rápido essa CPMI. A verdade tem que ser investigado,0,0,0,https://twitter.com/andrefernm/status/1628523780917059586
Ismeralda Rocha,@IsmeraldaRocha,https://twitter.com/IsmeraldaRocha/status/1628827414867451909,2023-02-23T18:41:32.000Z,Luciano Vieira como represetante do Rio de Janeiro espero sua assinatura no pedido de CPMI para apurar responsabilidades do dia 8  de janeiro,0,0,0,https://twitter.com/andrefernm/status/1628523780917059586
monica oliveira ferreira,@monica4f19,https://twitter.com/monica4f19/status/1628802978609041409,2023-02-23T17:04:26.000Z,Não tem nenhuma assinatura de deputado do PT. Qual o medo da investigação.?,0,0,0,https://twitter.com/andrefernm/status/1628523780917059586
RAQUEL MATTOS,@raquel18rj,https://twitter.com/raquel18rj/status/1628824440971591680,2023-02-23T18:29:43.000Z,O filho do Bolsonaro não assinou?,0,0,0,https://twitter.com/andrefernm/status/1628523780917059586
Caco,@CacoAlves23,https://twitter.com/CacoAlves23/status/1628799376431759363,2023-02-23T16:50:07.000Z,@andrefernm você poderia postar a lista dos Senadores que assinaram??,0,0,0,https://twitter.com/andrefernm/status/1628523780917059586
Katia Azulay Azulay,@KatiaAzulay,https://twitter.com/KatiaAzulay/status/1628811579092307971,2023-02-23T17:38:36.000Z,57 delegado caveira 👏👏,0,0,0,https://twitter.com/andrefernm/status/1628523780917059586
rodrigo saraça santos,@Saraca1981,https://twitter.com/Saraca1981/status/1628843904735870976,2023-02-23T19:47:04.000Z,O mais engraçado é que ninguem do PT ou Psol ou qqr outro de esquerda votaram... estão em recesso ainda?,0,0,0,https://twitter.com/andrefernm/status/1628523780917059586
Jeane Nely,@JeaneNely2,https://twitter.com/JeaneNely2/status/1628536644885270529,2023-02-22T23:26:07.000Z,Bora deputados assinem o Brasil merece a verdade.,0,0,1,https://twitter.com/andrefernm/status/1628523780917059586
Valdir Araújo,@ValdirArajo19,https://twitter.com/ValdirArajo19/status/1629211432716759041,2023-02-24T20:07:29.000Z,Vamos pra cima,0,0,0,https://twitter.com/andrefernm/status/1628523780917059586
Solange Sol,@Solange71787040,https://twitter.com/Solange71787040/status/1628881698732531712,2023-02-23T22:17:14.000Z,@carlosaviana  ja votou???,0,0,0,https://twitter.com/andrefernm/status/1628523780917059586
Evaniel,@Evaniel78950930,https://twitter.com/Evaniel78950930/status/1628686817577910272,2023-02-23T09:22:51.000Z,#CPMI08dejaneiroj,0,0,0,https://twitter.com/andrefernm/status/1628523780917059586
Gersonmonteiro Monteiro,@Gersonm2668,https://twitter.com/Gersonm2668/status/1628650750745235456,2023-02-23T06:59:32.000Z,Aqui não dá pra cobrar desse deputados e senadores  amaiorias são petistas no Pará.,0,0,0,https://twitter.com/andrefernm/status/1628523780917059586
Jubba Fett,@jubba_fett,https://twitter.com/jubba_fett/status/1628726890444861440,2023-02-23T12:02:05.000Z,Nenhum petista assinando??? Estranho,0,0,0,https://twitter.com/andrefernm/status/1628523780917059586
airton,@airton_spock,https://twitter.com/airton_spock/status/1628747485739876352,2023-02-23T13:23:55.000Z,"Engraçado de um caso isolado querem julgar uma classe toda,vão nas comunidades onde acontecem todos os dias e ninguém fala nada,até onde sei os cacs tem licença endereço, CPF não se pode generalizar",0,0,0,https://twitter.com/andrefernm/status/1628523780917059586
Fernando Ferreira,@V32morcego,https://twitter.com/V32morcego/status/1628548972502568960,2023-02-23T00:15:06.000Z,"Maranhão me surpreendendo positivamente já temos três deputados! Faltando aqui a Deputada Amanda Gentil, que infelizmente me parece alinhada com os ideais de esquerda!",0,0,0,https://twitter.com/andrefernm/status/1628523780917059586
Ivana Pintarelli,@IvanaPintarelli,https://twitter.com/IvanaPintarelli/status/1628549337557917696,2023-02-23T00:16:33.000Z,@NapoleaoSC 🙏🙏🙏,0,0,0,https://twitter.com/andrefernm/status/1628523780917059586
RENATO MELLO NAMIUTI,@RNamiuti,https://twitter.com/RNamiuti/status/1628681171121979397,2023-02-23T09:00:25.000Z,Kim???,0,0,0,https://twitter.com/andrefernm/status/1628523780917059586
Jadeilson Monteiro Aguiar,@JadeilsonMonte5,https://twitter.com/JadeilsonMonte5/status/1628733672617566209,2023-02-23T12:29:02.000Z,Pelo menos um se salva aqui no Amazonas,0,0,0,https://twitter.com/andrefernm/status/1628523780917059586
Luiz Tavares,@LuizTav17587643,https://twitter.com/LuizTav17587643/status/1628747387668766721,2023-02-23T13:23:32.000Z,é eu acho que é do MEC tem que vir primeiro né,0,0,0,https://twitter.com/andrefernm/status/1628523780917059586
Alexandre,@petinha2008,https://twitter.com/petinha2008/status/1628561812558848005,2023-02-23T01:06:07.000Z,E o povo achava que tinha maioria na câmera.... ta mendigando votos para abrir investigaçao.... VTNC,0,0,0,https://twitter.com/andrefernm/status/1628523780917059586
Diana Dou,@dou_diana,https://twitter.com/dou_diana/status/1629260226770632704,2023-02-24T23:21:22.000Z,What is this?,0,0,0,https://twitter.com/andrefernm/status/1628523780917059586
Qustionando23,@qustionando23,https://twitter.com/qustionando23/status/1628794923418779648,2023-02-23T16:32:25.000Z,#cpmi08dejaneiro2023,0,0,0,https://twitter.com/andrefernm/status/1628523780917059586
Cleide Rangel,@CleideRangel3,https://twitter.com/CleideRangel3/status/1628856906281263109,2023-02-23T20:38:43.000Z,Graças a Deus não votei e nunca mais voto em político algum🙏,0,0,0,https://twitter.com/andrefernm/status/1628523780917059586
Madalena Sfair,@MadalenaSfair,https://twitter.com/MadalenaSfair/status/1628778547643817984,2023-02-23T15:27:21.000Z,Mas... A pergunta é: Será que o senhor Rodrigo Pacheco e sua turma vai deixar ir avante?,0,0,0,https://twitter.com/andrefernm/status/1628523780917059586
Elizete Fraga de Sou,@soufraga,https://twitter.com/soufraga/status/1628796249628463105,2023-02-23T16:37:42.000Z,"Senhores deputados e senadores, pelo bem do povo, assinem esta lista. Precisam ser condenados  somente os culpados.",0,0,0,https://twitter.com/andrefernm/status/1628523780917059586
Nayr,@NairTerenairr,https://twitter.com/NairTerenairr/status/1628787174517755906,2023-02-23T16:01:38.000Z,"513 deputados e ainda falta assinaturas? Alô deputados pq estão correndo da assinatura? Oq vcs estão ajudando esconder? O povo quer saber da vdd, vcs disseram em campanha representar o povo....o povo vai anotar TDS nomes q se omitiram a CPI.",0,0,0,https://twitter.com/andrefernm/status/1628523780917059586
Denilson Cruz,@Denilso43434798,https://twitter.com/Denilso43434798/status/1628831775718838272,2023-02-23T18:58:52.000Z,"Maravilha! Que assim seja. O povo que está na papuda e na colméia, que nada tem haver com os crimes cometidos pelos verdadeiros criminosos precisam saber a verdade, a população em geral precisa, e quer saber a verdade. Os criminosos, e omissos, precisam ser responsabilizados.",0,0,0,https://twitter.com/andrefernm/status/1628523780917059586
Eli Eli,@EliEli97623599,https://twitter.com/EliEli97623599/status/1628865851494391810,2023-02-23T21:14:16.000Z,O meu está na lista.,0,0,0,https://twitter.com/andrefernm/status/1628523780917059586
Christian Peruceli,@ChrstianAugust,https://twitter.com/ChrstianAugust/status/1628875594397016065,2023-02-23T21:52:59.000Z,"Ainda faltam 20 assinaturas ? Vergonha desses deputados , se fossem realmente representantes do povo lutando pelo bem da nação a adesão não deveria ser de 100% ?",0,0,0,https://twitter.com/andrefernm/status/1628523780917059586
bahiano,@VanildoBispo,https://twitter.com/VanildoBispo/status/1629078001701818375,2023-02-24T11:17:17.000Z,"Que dificuldade para conseguir estas assinaturas, kd essa oposição forte da direita brasileira!!!!!Jesus estamos perdidos!!!!!",0,0,0,https://twitter.com/andrefernm/status/1628523780917059586
renato favareto,@RenatoFavareto,https://twitter.com/RenatoFavareto/status/1628817309656571913,2023-02-23T18:01:23.000Z,Cadê os deputados de SP ?,0,0,0,https://twitter.com/andrefernm/status/1628523780917059586
Fernando Rocha,@Fernand01377994,https://twitter.com/Fernand01377994/status/1628721999236280321,2023-02-23T11:42:39.000Z,"Nenhum deputado da esquerda bandida. Se a esquerda não quer, então com certeza a CPMI é necessária.",0,0,0,https://twitter.com/andrefernm/status/1628523780917059586
Samuel Moraes,@SamuelM00967585,https://twitter.com/SamuelM00967585/status/1628718633445732354,2023-02-23T11:29:16.000Z,Contamos com o congresso transparente para apurar 08 de janeiro.,0,0,0,https://twitter.com/andrefernm/status/1628523780917059586
Diogo Alves,@DiogoAl92744141,https://twitter.com/DiogoAl92744141/status/1628727664230924288,2023-02-23T12:05:10.000Z,@carteiroreaca já assinou deputado?,0,0,0,https://twitter.com/andrefernm/status/1628523780917059586
SkyNegra,@skynegra,https://twitter.com/skynegra/status/1628734006257672192,2023-02-23T12:30:22.000Z,Mais um querendo tumultuar..,0,0,0,https://twitter.com/andrefernm/status/1628523780917059586
Audi Miranda,@AudiMiranda22,https://twitter.com/AudiMiranda22/status/1628737722209779715,2023-02-23T12:45:08.000Z,#cpmi,0,0,0,https://twitter.com/andrefernm/status/1628523780917059586
Rose Passos,@RosePassoRJ,https://twitter.com/RosePassoRJ/status/1628721838544023552,2023-02-23T11:42:01.000Z,Com certeza! @delegadoramagem 🙏💪🇧🇷,0,0,0,https://twitter.com/andrefernm/status/1628523780917059586
LoolaLadrão,@FelipeSimone7,https://twitter.com/FelipeSimone7/status/1628719531840397312,2023-02-23T11:32:51.000Z,Nossa como eles temem os eleitores! Cagam para os eleitores,0,0,0,https://twitter.com/andrefernm/status/1628523780917059586
Yvonne & Yanni,@Yannetes,https://twitter.com/Yannetes/status/1628545686907023360,2023-02-23T00:02:03.000Z,Vamos lá,0,0,0,https://twitter.com/andrefernm/status/1628523780917059586
André Luiz,@Gustavo69502723,https://twitter.com/Gustavo69502723/status/1628808395246432256,2023-02-23T17:25:57.000Z,"Politicos teme eleitor apenas nas vésperas das eleições... 
Depois cagam ,aliás sem voto impresso devido que algum patriota saia de casa pra fazer parte deste teatro eleitoral mais uma vez..",0,0,0,https://twitter.com/andrefernm/status/1628523780917059586
Wanessa Fernandes,@Wanessasolene,https://twitter.com/Wanessasolene/status/1628856989529825280,2023-02-23T20:39:03.000Z,@DanielaWaguinho,0,0,0,https://twitter.com/andrefernm/status/1628523780917059586
Roberto baroli,@BaroliRoberto,https://twitter.com/BaroliRoberto/status/1628861734550220800,2023-02-23T20:57:54.000Z,"AINDA faltam 20? Os parlamentares, realmente, querem que o Brasil se dane.",0,0,0,https://twitter.com/andrefernm/status/1628523780917059586
Tereza sou de corpo e alma :,@TerezaFelipeGo,https://twitter.com/TerezaFelipeGo/status/1628544417526169605,2023-02-22T23:57:00.000Z,👏👏👏,0,0,1,https://twitter.com/andrefernm/status/1628523780917059586
Julio Almeida,@JulioAl73882101,https://twitter.com/JulioAl73882101/status/1628788550094258176,2023-02-23T16:07:06.000Z,Parabéns pelo seu empenho deputado.,0,0,0,https://twitter.com/andrefernm/status/1628523780917059586
Willian Ferreira,@newonich,https://twitter.com/newonich/status/1628795452295372805,2023-02-23T16:34:32.000Z,Será que vai dar em alguma coisa?,0,0,0,https://twitter.com/andrefernm/status/1628523780917059586
juzileal,@juzileal,https://twitter.com/juzileal/status/1628576810672824321,2023-02-23T02:05:43.000Z,"E depois dessa tem que fazer a das eleições,@marcelvanhattem tentou e não conseguiu ano passado.Essa situação que vivemos de incertezas com as urnas eletrônicas e o radiolão tem que serem resolvidas antes das próximas eleições.",1,2,5,https://twitter.com/andrefernm/status/1628523780917059586
Weslley,@weslleyvieirams,https://twitter.com/weslleyvieirams/status/1628838928299048963,2023-02-23T19:27:17.000Z,Impressão minha ou n tem ninguém do PT votando?,0,0,0,https://twitter.com/andrefernm/status/1628523780917059586
Dionizio Santos De Souza,@DionizioSantos9,https://twitter.com/DionizioSantos9/status/1628529386197581824,2023-02-22T22:57:16.000Z,"Eita oposição fraca, maior dificuldade pra conseguir assinaturas necessárias",0,0,1,https://twitter.com/andrefernm/status/1628523780917059586
Pedro Jr,@PedroJr09397114,https://twitter.com/PedroJr09397114/status/1629120050429849603,2023-02-24T14:04:22.000Z,"@SocorroNeriAc , @antonialucia_",0,0,0,https://twitter.com/andrefernm/status/1628523780917059586
Edy dos Santos,@edilmaris_dos,https://twitter.com/edilmaris_dos/status/1628803259073806336,2023-02-23T17:05:33.000Z,CPI do CÓDIGO FONTE.....,0,0,0,https://twitter.com/andrefernm/status/1628523780917059586
