nome,usuario,idTweet,dataPublicacao,texto,replies,retweets,likes,tweetPai
Rogério Tomaz Jr.,@rogeriotomazjr,https://twitter.com/rogeriotomazjr/status/1628951161515515904,2023-02-24T02:53:16.000Z,😆😆😆😆😆😆😆,0,0,0,https://twitter.com/AlencarBraga13/status/1628946986882813954
Adriano Sousa,@AAAdrianoSousa,https://twitter.com/AAAdrianoSousa/status/1629040102973251585,2023-02-24T08:46:41.000Z,"Verdade, só tem gnt Honesta do outro lado...🇧🇷🐭🇧🇷🐭🇧🇷🐭",2,0,2,https://twitter.com/AlencarBraga13/status/1628946986882813954
ACORDA BRASIL EU QUERO TE VER CONTENT,@marinesscussia1,https://twitter.com/marinesscussia1/status/1629287135701344257,2023-02-25T01:08:18.000Z,Da sim o que a extrema esquerda prega ninguém mais no Brasil acredita deu pra ver nas urnas que tiveram q fraudar.... eita coisa boa saber que somos maioria..,2,0,1,https://twitter.com/AlencarBraga13/status/1628946986882813954
Tânia C. B. Cabral,@Tania_Cabral,https://twitter.com/Tania_Cabral/status/1629075963777613824,2023-02-24T11:09:11.000Z,A @CNNBrasil e seus comentaristas seguem o ideário da direita; é fato. Mas um dos comentaristas ao final disse que o Brasil precisa de psiquiatras em referência à Z@mb3ll1. Tive de rir muito.,1,0,0,https://twitter.com/AlencarBraga13/status/1628946986882813954
Paulo Schwarz,@paulojau,https://twitter.com/paulojau/status/1629219021101883392,2023-02-24T20:37:38.000Z,"Carla Zambelli é a VERGONHA da política do Estado de São Paulo, eleita por uma cambada de CANALHAS que pensa que urna eletrônica é latrina. Gente ignorante, que não sabe votar e depois vai pra rua reclamar que o país está mal.",0,0,2,https://twitter.com/AlencarBraga13/status/1628946986882813954
M@rcio,M@rcio,https://twitter.com/oicram2016/status/1629148625367433217,2023-02-24T15:57:55.000Z,O medo deixa assim ...,0,0,4,https://twitter.com/AlencarBraga13/status/1628946986882813954
Sávio Siqueira,@saviosiqueira,https://twitter.com/saviosiqueira/status/1629190545565163525,2023-02-24T18:44:29.000Z,KKKKKKKKKKKKK!,0,0,0,https://twitter.com/AlencarBraga13/status/1628946986882813954
Juliana FA,@JulianaFA2,https://twitter.com/JulianaFA2/status/1629268606323159043,2023-02-24T23:54:40.000Z,Pelo contrário! Temos que levar a sério sim. Está senhora correu pelas ruas com arma em punho colocando a vida das pessoas em risco. Claramente ela é uma ameaça à sociedade. Isso aconteceu em outubro e em fevereiro esta canalha ainda está solta. Ela precisa matar pra ser presa?,0,0,0,https://twitter.com/AlencarBraga13/status/1628946986882813954
Silvia Pitcher,@SilviaPitcher2,https://twitter.com/SilviaPitcher2/status/1629236432739999746,2023-02-24T21:46:49.000Z,O discurso Bolsonarista já não convence mais ninguém ! 😫,0,0,0,https://twitter.com/AlencarBraga13/status/1628946986882813954
Rhino Gatti,@rhinogatti,https://twitter.com/rhinogatti/status/1629332213983596545,2023-02-25T04:07:25.000Z,Em 4 anos que eram situação porque não fizeram o impeachment dos min do STF hauahauahau que argumento tosco,0,0,0,https://twitter.com/AlencarBraga13/status/1628946986882813954
MAD,@madsont,https://twitter.com/madsont/status/1629089140309458946,2023-02-24T12:01:32.000Z,@medoedeliriobr olha isso kkk,0,0,0,https://twitter.com/AlencarBraga13/status/1628946986882813954
DANIELSBJR,@DANIELJ29326717,https://twitter.com/DANIELJ29326717/status/1629423319551287296,2023-02-25T10:09:27.000Z,Como pude votar em você. A Direita é fraca mesmo. Estiveram com Olavo e não aprenderam,0,0,0,https://twitter.com/AlencarBraga13/status/1628946986882813954
cassio duarte,@cassiod28190021,https://twitter.com/cassiod28190021/status/1629206398503469058,2023-02-24T19:47:29.000Z,"""Te odeio espanhola""......rsrsrs",0,0,0,https://twitter.com/AlencarBraga13/status/1628946986882813954
Barbudinho*,@BarbudinOficial,https://twitter.com/BarbudinOficial/status/1629126925347176450,2023-02-24T14:31:41.000Z,A falta de carater exala nela,0,0,0,https://twitter.com/AlencarBraga13/status/1628946986882813954
Josilene Pedrosa,@jopedrosa360,https://twitter.com/jopedrosa360/status/1629262429807861767,2023-02-24T23:30:08.000Z,😂😂😂😂😂😂,0,0,0,https://twitter.com/AlencarBraga13/status/1628946986882813954
Acelina Mar,@acelina_mar,https://twitter.com/acelina_mar/status/1629426926677794816,2023-02-25T10:23:47.000Z,O que não entendo é o porquê de um canal de TV dá palco para uma criatura como essa.,3,1,9,https://twitter.com/AlencarBraga13/status/1628946986882813954
Fabio Cafure,@CafureFabio,https://twitter.com/CafureFabio/status/1629327423488634880,2023-02-25T03:48:23.000Z,Loca e descompensada a deputada despreparada,0,0,0,https://twitter.com/AlencarBraga13/status/1628946986882813954
Geoffrey SEM ANISTIA Martins,@DiabboVerdde,https://twitter.com/DiabboVerdde/status/1628950701283119108,2023-02-24T02:51:26.000Z,Esse é o melhor vídeo do dia!,0,0,1,https://twitter.com/AlencarBraga13/status/1628946986882813954
Pedro Carneiro,@PedroCarneiro10,https://twitter.com/PedroCarneiro10/status/1629918008201162752,2023-02-26T18:55:10.000Z,"""prenda e arrebenta ""... já dizia um político...",0,0,0,https://twitter.com/AlencarBraga13/status/1628946986882813954
Maria Jane de souza,@MariaJanedesou5,https://twitter.com/MariaJanedesou5/status/1629622182987833349,2023-02-25T23:19:39.000Z,"Concertesa deputado, tenho muito que agradecer essa senhora por me fazer a coisa certa votar em lula inacreditável ver uma deputada com arma na mão perseguindo um cidadão imagina se bozó ganha íamos ser executados em praça pública.",0,0,0,https://twitter.com/AlencarBraga13/status/1628946986882813954
Joelma renata Carneiro gorini,@JoelmaGorini,https://twitter.com/JoelmaGorini/status/1631715325451403265,2023-03-03T17:57:04.000Z,Ele já sabia o que estava sendo  armado👍 acorda Deputado👍,0,0,0,https://twitter.com/AlencarBraga13/status/1628946986882813954
Roberto Morais,@bbetomorais,https://twitter.com/bbetomorais/status/1629498769191366663,2023-02-25T15:09:15.000Z,Impagável essa postagem...,0,0,0,https://twitter.com/AlencarBraga13/status/1628946986882813954
@Anne Garcia!!,@Anne Garcia!!,https://twitter.com/Rosianebeleza10/status/1629508646810841089,2023-02-25T15:48:30.000Z,A justiça 🙏 é o Fim de Bolsonaristas da face da terra 🙏Creio 🙏,0,0,0,https://twitter.com/AlencarBraga13/status/1628946986882813954
Borges,@Borges60415521,https://twitter.com/Borges60415521/status/1629545118024843264,2023-02-25T18:13:26.000Z,"Esses bolsonaristas acreditam em tudo e é por isso que têm varios vigaristas que estão se dando bem por lá, pois, sabem que têm muitos tontos que acreditam em todo tipo de ladainha furada. Já chega! Perdeu! Não amola Manés!",0,0,0,https://twitter.com/AlencarBraga13/status/1628946986882813954
O Patriota,@obarretto,https://twitter.com/obarretto/status/1647805712981012480,2023-04-17T03:34:31.000Z,"Ela era tão valente nos tempos do Bozo, andava armada, corria atrás dos outros de arma em punho... Agora está se borrando de medo... Cadê a valentia? Acabou? 😆😆😆😆😆",0,1,1,https://twitter.com/AlencarBraga13/status/1628946986882813954
Rita Soares,@60Anarita,https://twitter.com/60Anarita/status/1629300545054711810,2023-02-25T02:01:35.000Z,Ignora #SemAnistiaPraGenocidas,0,0,0,https://twitter.com/AlencarBraga13/status/1628946986882813954
Henrique Almeida,@Henrique4lmeida,https://twitter.com/Henrique4lmeida/status/1629541413321859072,2023-02-25T17:58:43.000Z,Kkkk quem tem... tem medo,0,0,0,https://twitter.com/AlencarBraga13/status/1628946986882813954
José Gomes,@JoseRibamarGF,https://twitter.com/JoseRibamarGF/status/1629283736662470656,2023-02-25T00:54:48.000Z,Está manjada essa Pistoleira Bolsonarista Carla Zambelli. Está totalmente sem rumo depois que o MINTO dela perdeu as eleições.,0,0,0,https://twitter.com/AlencarBraga13/status/1628946986882813954
Alexandre Ricci,@ale_soale,https://twitter.com/ale_soale/status/1629305624973418499,2023-02-25T02:21:46.000Z,Loka uma pessoa que espera direcionamento de um desorientado,0,0,0,https://twitter.com/AlencarBraga13/status/1628946986882813954
Lula se casou com Bolsonaro,@Batmancwb,https://twitter.com/Batmancwb/status/1629520053111488512,2023-02-25T16:33:50.000Z,Concordo mas a extrema esquerda da pra levar kkkk,0,0,0,https://twitter.com/AlencarBraga13/status/1628946986882813954
Gerson,@Gerson_Borghi,https://twitter.com/Gerson_Borghi/status/1629308284954918914,2023-02-25T02:32:20.000Z,O que o Lula fala vc acredita?,0,0,0,https://twitter.com/AlencarBraga13/status/1628946986882813954
marcia julita ferreira dos santos,@mjulitafsantos,https://twitter.com/mjulitafsantos/status/1630279693676036096,2023-02-27T18:52:22.000Z,Está com o c.. na mão.A espanhola está com medo de bater castanhola na cadeia🤣🤣🤣🤣🤣,0,0,0,https://twitter.com/AlencarBraga13/status/1628946986882813954
René Paes de Oliveira Oliveira,@Renesoueu,https://twitter.com/Renesoueu/status/1629194038967500800,2023-02-24T18:58:22.000Z,"Lembrei da manchete do jornal argentino, quando a final da copa foi entre Brasil e França. Resultado da enquete: ""QUE SE EXPLODAN LOS DOS""",0,0,1,https://twitter.com/AlencarBraga13/status/1628946986882813954
Moninasampaio,@moninasampaio,https://twitter.com/moninasampaio/status/1629282698291232771,2023-02-25T00:50:40.000Z,#SemAnistiaPraGolpista,0,0,0,https://twitter.com/AlencarBraga13/status/1628946986882813954
Gil Silva,@GilSilv93694677,https://twitter.com/GilSilv93694677/status/1629143916091002881,2023-02-24T15:39:12.000Z,"Quer dizer, se acaso o nazifascismo retornar ao poder, um dos objetivos dela é o impeachment de ministros do STF, ou seja, continua ameaçando os magistrados do STF, que que disse que ""não podemos fazer impeachment de ministros do STF agora"".",0,0,3,https://twitter.com/AlencarBraga13/status/1628946986882813954
JUSTI$$A,@consorcioamaral,https://twitter.com/consorcioamaral/status/1629000768740028416,2023-02-24T06:10:23.000Z,"A Raquel (CNN), não perguntou sobre o documento do golpe.  Tirando Daniela 360, fico com o pé atrás. Tem um comentarista, o Hélio Beltrão, esse passa pano pros vagabundos da extrema direita.",0,0,0,https://twitter.com/AlencarBraga13/status/1628946986882813954
Jerryabati@gmail3.com.br Abati,Jerryabati@gmail3.com.br Abati,https://twitter.com/jerryabati/status/1629120165609631744,2023-02-24T14:04:49.000Z,É  mesmo ditadura sempre.....OPA!!!,0,0,0,https://twitter.com/AlencarBraga13/status/1628946986882813954
Thiago Macedo,@thmacedo,https://twitter.com/thmacedo/status/1629098818103910400,2023-02-24T12:40:00.000Z,É uma vergonha,0,0,0,https://twitter.com/AlencarBraga13/status/1628946986882813954
Thiago Macedo,@thmacedo,https://twitter.com/thmacedo/status/1629099165622972417,2023-02-24T12:41:22.000Z,Perfeita essa edição,0,0,0,https://twitter.com/AlencarBraga13/status/1628946986882813954
SCHOLTÄO,@sidneyscholtao,https://twitter.com/sidneyscholtao/status/1629261941041496066,2023-02-24T23:28:11.000Z,Pior. Tá difícil achar alguém do espectro político (esquerda ou direita) que possamos levar a sério.,0,0,0,https://twitter.com/AlencarBraga13/status/1628946986882813954
Maria fernanda Graciosa de Assumpção,@MFernanda080380,https://twitter.com/MFernanda080380/status/1629174690760597508,2023-02-24T17:41:29.000Z,"A ""espanhola"" tá perdida! Alguém com pena dela ????",0,0,0,https://twitter.com/AlencarBraga13/status/1628946986882813954
Denilton Araujo,@DeniltonAraujo5,https://twitter.com/DeniltonAraujo5/status/1629081575219511298,2023-02-24T11:31:29.000Z,À esquerda já é à própria mentira.,0,0,0,https://twitter.com/AlencarBraga13/status/1628946986882813954
Valme,@Valme23756329,https://twitter.com/Valme23756329/status/1629277964574531584,2023-02-25T00:31:51.000Z,"pt, o partido das trevas",0,0,0,https://twitter.com/AlencarBraga13/status/1628946986882813954
ANTIFASCISTAS,@MarcosTFB41,https://twitter.com/MarcosTFB41/status/1629219889998180354,2023-02-24T20:41:05.000Z,Meu sonho assistir a PF bater na sua porta kkkkkkkkkkkk,0,0,0,https://twitter.com/AlencarBraga13/status/1628946986882813954
Tânia Barra,@TniaBarra1,https://twitter.com/TniaBarra1/status/1629226616911015943,2023-02-24T21:07:49.000Z,Essa mulher é muito louca...🥴,0,0,0,https://twitter.com/AlencarBraga13/status/1628946986882813954
Virginia Onofre,@VirginiaOnofre1,https://twitter.com/VirginiaOnofre1/status/1629273406762827781,2023-02-25T00:13:45.000Z,Deveria procurar outro para seguir !  Ainda nao entendeu…,0,0,0,https://twitter.com/AlencarBraga13/status/1628946986882813954
Olivier Fabri,@FabrIci84333600,https://twitter.com/FabrIci84333600/status/1629277079014371328,2023-02-25T00:28:20.000Z,Deus nos livre dela o quanto antes,0,0,0,https://twitter.com/AlencarBraga13/status/1628946986882813954
Deborah,@Deborah84645698,https://twitter.com/Deborah84645698/status/1629234296429985794,2023-02-24T21:38:20.000Z,Joyce 2,0,0,0,https://twitter.com/AlencarBraga13/status/1628946986882813954
Apocalipse 21,@RossatoAdair,https://twitter.com/RossatoAdair/status/1629263993205399552,2023-02-24T23:36:20.000Z,Essa Carla tá aqui no mundo pra que afinal? Só pra incomodar,0,0,0,https://twitter.com/AlencarBraga13/status/1628946986882813954
Vencer,@paulopcp2,https://twitter.com/paulopcp2/status/1629246230114013186,2023-02-24T22:25:45.000Z,Esse povo vai pra onde toca a música.,0,0,0,https://twitter.com/AlencarBraga13/status/1628946986882813954
Felipe Hernani,@refazendatudo,https://twitter.com/refazendatudo/status/1629228148649869313,2023-02-24T21:13:54.000Z,😁😁😁😁😁😁😁😁,0,0,0,https://twitter.com/AlencarBraga13/status/1628946986882813954
Angela,@Angela13855043,https://twitter.com/Angela13855043/status/1629236752685666307,2023-02-24T21:48:06.000Z,🤣🤣🤣🤣🤣🤣,0,0,0,https://twitter.com/AlencarBraga13/status/1628946986882813954
José Odair Ribeiro Alves,@JosOdairRibeir3,https://twitter.com/JosOdairRibeir3/status/1629185923781894146,2023-02-24T18:26:07.000Z,"Vai ser logo logo ,não  deve não  teme pistoleira",0,0,0,https://twitter.com/AlencarBraga13/status/1628946986882813954
Will,@Wicleffonline,https://twitter.com/Wicleffonline/status/1629155933573025797,2023-02-24T16:26:57.000Z,Brasileirinhas,0,0,0,https://twitter.com/AlencarBraga13/status/1628946986882813954
Wallis_Clandestino,@tondrawn,https://twitter.com/tondrawn/status/1629099091719233538,2023-02-24T12:41:05.000Z,Está embriagada de tanto ver aquele site em que o poderoso e os gêmeos disputam vaga na garagem.,0,0,0,https://twitter.com/AlencarBraga13/status/1628946986882813954
JOSE CARLOS SOUZA MELO,@jcsmelo68,https://twitter.com/jcsmelo68/status/1629077354050949120,2023-02-24T11:14:42.000Z,"Toc, toc, toc..... eles estão chegando.🚔🚔🚔🚔🚔🚔",0,0,0,https://twitter.com/AlencarBraga13/status/1628946986882813954
Guga maranhao,@MaranhaoGuga,https://twitter.com/MaranhaoGuga/status/1629199591877799938,2023-02-24T19:20:26.000Z,Eles falam NADA com NADA…,0,0,0,https://twitter.com/AlencarBraga13/status/1628946986882813954
JAULA A JAIR,@JAULA_A_JAIR,https://twitter.com/JAULA_A_JAIR/status/1629120496892616706,2023-02-24T14:06:08.000Z,essa mulher me dá asco!,0,0,0,https://twitter.com/AlencarBraga13/status/1628946986882813954
Mauro Roberto Pereir,@MauroRobertoPe1,https://twitter.com/MauroRobertoPe1/status/1629200050860486656,2023-02-24T19:22:15.000Z,"Peida não Carla zambelli, quem ñ tem as manhas ñ entra ñ, peida ñ viu, o xandão está de olho êm sua maluca...",0,0,0,https://twitter.com/AlencarBraga13/status/1628946986882813954
Murilo,@MuriloSadj,https://twitter.com/MuriloSadj/status/1629169412769972225,2023-02-24T17:20:31.000Z,#ZambelliNaCadeia #ZambelliEspanhola,0,0,0,https://twitter.com/AlencarBraga13/status/1628946986882813954
@HamitondeMello,@HamitondeMello,https://twitter.com/hamitondemello/status/1629195335862976515,2023-02-24T19:03:31.000Z,🤣🤣 doideira não!! Kk,0,0,0,https://twitter.com/AlencarBraga13/status/1628946986882813954
Carol Potter,@carol_potter13,https://twitter.com/carol_potter13/status/1629266319546744835,2023-02-24T23:45:35.000Z,🤣🤣🤣,0,0,0,https://twitter.com/AlencarBraga13/status/1628946986882813954
Adler ✠,@dile7801,https://twitter.com/dile7801/status/1629071297014554624,2023-02-24T10:50:38.000Z,Kkkkkkkkkkkkk muito Bom......,0,0,0,https://twitter.com/AlencarBraga13/status/1628946986882813954
Geday,@GedaiLima,https://twitter.com/GedaiLima/status/1629265085284614146,2023-02-24T23:40:41.000Z,Kkkkkkkkk.... Vai Xandão.,0,0,0,https://twitter.com/AlencarBraga13/status/1628946986882813954
JOEL MARCELLO,@joelmarcello,https://twitter.com/joelmarcello/status/1629121385913061377,2023-02-24T14:09:40.000Z,"O gado esta magro, sem vacina, desvalorizado e desorientado.",0,0,0,https://twitter.com/AlencarBraga13/status/1628946986882813954
Andre Aguiar,@AndreAg33750814,https://twitter.com/AndreAg33750814/status/1629153711598579712,2023-02-24T16:18:07.000Z,Deve levar a séria para exterminá-los!,0,0,0,https://twitter.com/AlencarBraga13/status/1628946986882813954
EZEQUIEL Veloso,@Zeck43,https://twitter.com/Zeck43/status/1629205821551788032,2023-02-24T19:45:11.000Z,"Eles querem um cego guiando outros cegos , pensa no nível de gente que estava governando o país.",0,0,0,https://twitter.com/AlencarBraga13/status/1628946986882813954
Paulocruz47,@paulo47araujo,https://twitter.com/paulo47araujo/status/1629206854445285377,2023-02-24T19:49:17.000Z,"É aquela máxima de quê quem tem c* tem medo, NENÃO?😂",0,0,0,https://twitter.com/AlencarBraga13/status/1628946986882813954
Carlos Soares,@carlos_soares78,https://twitter.com/carlos_soares78/status/1628981608463101952,2023-02-24T04:54:15.000Z,😆😆😆😆😆,0,0,0,https://twitter.com/AlencarBraga13/status/1628946986882813954
Teste Teste,@TesteTe17496015,https://twitter.com/TesteTe17496015/status/1629265246979252229,2023-02-24T23:41:19.000Z,Por n levar a sério que eles ficam seguros de fazer desgraça.,0,0,0,https://twitter.com/AlencarBraga13/status/1628946986882813954
Mônica Barros,@anamonicabb,https://twitter.com/anamonicabb/status/1629142055715995648,2023-02-24T15:31:48.000Z,A extrema direita é um depósito de lunáticos.,0,0,0,https://twitter.com/AlencarBraga13/status/1628946986882813954
Flávio Antunes,@FlavioCAntunes,https://twitter.com/FlavioCAntunes/status/1629424587183104002,2023-02-25T10:14:29.000Z,A bozambelli está se sentindo desorientada.,0,0,0,https://twitter.com/AlencarBraga13/status/1628946986882813954
roberto teles ◤✠◢,@telesroberto,https://twitter.com/telesroberto/status/1629493715923345411,2023-02-25T14:49:11.000Z,Tudo jogo de cena,0,0,0,https://twitter.com/AlencarBraga13/status/1628946986882813954
Phenix XXI,@XxiPhenix,https://twitter.com/XxiPhenix/status/1629231875402211328,2023-02-24T21:28:43.000Z,"Deveria, sim! Obrigação de vcs parlamentares levá-la à Comissão de Ética  ,Não aprendereram com a leniência e cumplicidade com  JB,enquanto Deputado!",0,1,1,https://twitter.com/AlencarBraga13/status/1628946986882813954
jujubutanta2,@jujubutanta2,https://twitter.com/jujubutanta2/status/1629208742486048768,2023-02-24T19:56:48.000Z,🤣🤣🤣,0,0,0,https://twitter.com/AlencarBraga13/status/1628946986882813954
Ana Toledo,@namatoledo,https://twitter.com/namatoledo/status/1629446940273328128,2023-02-25T11:43:18.000Z,"Enquanto ficarem dando palco, ela continua",0,0,0,https://twitter.com/AlencarBraga13/status/1628946986882813954
Ana Toledo,@namatoledo,https://twitter.com/namatoledo/status/1629447154870767616,2023-02-25T11:44:10.000Z,"Enquanto ficarem dando palco, ela continua falando e trouxas acreditando",0,0,1,https://twitter.com/AlencarBraga13/status/1628946986882813954
Maria Cecília Abrigato,@MariaAbrigato,https://twitter.com/MariaAbrigato/status/1629161472038150144,2023-02-24T16:48:57.000Z,Doida,0,0,0,https://twitter.com/AlencarBraga13/status/1628946986882813954
Leni Teixeira,@TeixeiraLeni,https://twitter.com/TeixeiraLeni/status/1629219946239516672,2023-02-24T20:41:19.000Z,🤣🤣🤣🤣,0,0,0,https://twitter.com/AlencarBraga13/status/1628946986882813954
Erga Omnes,@ErgaOmnesvitae,https://twitter.com/ErgaOmnesvitae/status/1629263657208037377,2023-02-24T23:35:00.000Z,Edição legal hahahaha,0,0,0,https://twitter.com/AlencarBraga13/status/1628946986882813954
Rosa Muniz,@RosaMun52238110,https://twitter.com/RosaMun52238110/status/1629276311398039555,2023-02-25T00:25:17.000Z,@AlencarBraga13 Dever levar sim. Pois foi por não levarem a sério e deixá-los falando e fazendo o que bem entendem q nós chegamos ao fundo da fossa nós últimos 4 anos. Chega! Basta!.,0,0,2,https://twitter.com/AlencarBraga13/status/1628946986882813954
Marisa victorio da silva,@victorio_marisa,https://twitter.com/victorio_marisa/status/1628952413552971783,2023-02-24T02:58:14.000Z,🤣Sente falta desse direcionamento - zambelli & bolsonaro - eu ouvi isso? 🤣           ✔️ Não dá pra levar a sério o que dizem a Carla Zambelli e a extrema-direita 🙃👎,0,0,1,https://twitter.com/AlencarBraga13/status/1628946986882813954
Andréa Martins,@DedekaMartins,https://twitter.com/DedekaMartins/status/1629235272088002560,2023-02-24T21:42:13.000Z,Falsiana,0,0,0,https://twitter.com/AlencarBraga13/status/1628946986882813954
Nadia Ligia,@Nligia,https://twitter.com/Nligia/status/1629276112726421511,2023-02-25T00:24:30.000Z,Kkkk,0,0,0,https://twitter.com/AlencarBraga13/status/1628946986882813954
"VAI TRABALHAR, COMUNISTA SAFADO!",@oiriva2022,https://twitter.com/oiriva2022/status/1629129468315926531,2023-02-24T14:41:47.000Z,Nem a sua extrema esquerda fascista,0,0,0,https://twitter.com/AlencarBraga13/status/1628946986882813954
BethK,@BethK32279062,https://twitter.com/BethK32279062/status/1629202967621410818,2023-02-24T19:33:51.000Z,Zambelli presa JÁ,0,0,0,https://twitter.com/AlencarBraga13/status/1628946986882813954
RodrigoViana,@Rodrigo02156861,https://twitter.com/Rodrigo02156861/status/1629296792373272576,2023-02-25T01:46:40.000Z,"Como diz o Dep Tiririca, é um bando de abestado",0,0,0,https://twitter.com/AlencarBraga13/status/1628946986882813954
Isabel Silva Barbosa,@BelBarbosa95,https://twitter.com/BelBarbosa95/status/1629057918770323457,2023-02-24T09:57:28.000Z,Nossa... não está presa ainda?,0,0,0,https://twitter.com/AlencarBraga13/status/1628946986882813954
Manuzito ☭,@BarbPetista,https://twitter.com/BarbPetista/status/1628973867480776706,2023-02-24T04:23:29.000Z,Ela é da Extrema-Loucura kkkkkkkkkkkkkkk,0,0,0,https://twitter.com/AlencarBraga13/status/1628946986882813954
Junior Rodriguez,@juniorbp8,https://twitter.com/juniorbp8/status/1629436124903923713,2023-02-25T11:00:20.000Z,Tá com cu na mão kkkkk,0,0,0,https://twitter.com/AlencarBraga13/status/1628946986882813954
Oliveira,@Oliveir67822167,https://twitter.com/Oliveir67822167/status/1629147166764683265,2023-02-24T15:52:07.000Z,Quem tem c* tem medo sabia que esse dia chegaria da Zambelli trair o Bozo.,0,0,0,https://twitter.com/AlencarBraga13/status/1628946986882813954
Alberto Magila,@MagilaAlberto,https://twitter.com/MagilaAlberto/status/1629194150661836805,2023-02-24T18:58:49.000Z,Espanhola de Espanha ou espanhola de mierda?!!!!!,0,0,0,https://twitter.com/AlencarBraga13/status/1628946986882813954
Daniel Adamich - Meliponário da Lomba,@dadamich0,https://twitter.com/dadamich0/status/1629180037994885121,2023-02-24T18:02:44.000Z,Nossa querida neocomunista kkķkkkkkk,0,0,0,https://twitter.com/AlencarBraga13/status/1628946986882813954
Democracia sempre!,@AmandaL28948046,https://twitter.com/AmandaL28948046/status/1629130155330347008,2023-02-24T14:44:31.000Z,"Eles são podres, homofóbicos, racistas, elitistas e BURROS!",0,0,0,https://twitter.com/AlencarBraga13/status/1628946986882813954
maurilio silva da costa silva da costa,@mauriliosilvad7,https://twitter.com/mauriliosilvad7/status/1629299617903853569,2023-02-25T01:57:54.000Z,Tá demorando essa bandida aí mais uma pra usa nosso dinheiro pra espar .aponta arma pros outros se fosse um cidadão comum não cheio de regalia já tava na cadeia essa vaca tem que ir pro curral,0,0,0,https://twitter.com/AlencarBraga13/status/1628946986882813954
Averaldo Geminiano,@averaldogeminia,https://twitter.com/averaldogeminia/status/1629891032052555776,2023-02-26T17:07:58.000Z,Cadeia nela !!!,0,0,0,https://twitter.com/AlencarBraga13/status/1628946986882813954
Vilson Scussel,@ScusselVilson,https://twitter.com/ScusselVilson/status/1629262383804817411,2023-02-24T23:29:57.000Z,"Não. Leva a sério; o Lula, o Haddad  o ministro da justiça,  o...

Seu bocó!!!",0,0,0,https://twitter.com/AlencarBraga13/status/1628946986882813954
Antonio J Oliveira,@revantoniojose,https://twitter.com/revantoniojose/status/1629225582503374848,2023-02-24T21:03:43.000Z,E dá pra levar a sério o teu patrão?,0,0,0,https://twitter.com/AlencarBraga13/status/1628946986882813954
kυятєη,@lllllll59606280,https://twitter.com/lllllll59606280/status/1629254499125657602,2023-02-24T22:58:37.000Z,"nao da p levar a serio as grandes midias brasileiras, pra que dar voz e espaço p essa coisa (leia, O BOLSONARISMO POR COMPLETO)? 
os caras criam cobras, são mordidos pelas próprias cobras e continuam abraçado às cobras.
a elite brasileira é muito endinheirada, mas ZERO moral.",0,0,0,https://twitter.com/AlencarBraga13/status/1628946986882813954
"O Brasil, está pouco a pouco SE LIVRANDO dos MALES",@DieguezTinho,https://twitter.com/DieguezTinho/status/1629172470895845378,2023-02-24T17:32:40.000Z,"ESPANHOLA.... FALA A VERDADE   !!!!!   VOCÊ, QUANDO DESLIGA O CANAL DAS BRASILEIRINHAS, VOCÊ NÃO DORME. VOCÊ TREME DE MEDO DA @policiafederal ....  E PODE ESPERAR QUE ELA VAI CHEGAR   !!!!!",0,1,1,https://twitter.com/AlencarBraga13/status/1628946986882813954
Elão Musqui,@Klaytonn,https://twitter.com/Klaytonn/status/1629299659209359362,2023-02-25T01:58:04.000Z,"Opinião de petista vale menos que um balde de merda...  Fora, corja de bandidos.",0,0,0,https://twitter.com/AlencarBraga13/status/1628946986882813954
Wellington Carvalho,@Welling09540149,https://twitter.com/Welling09540149/status/1632194733861744640,2023-03-05T01:42:03.000Z,Está é uma farsante,0,0,0,https://twitter.com/AlencarBraga13/status/1628946986882813954
Augusto Barros,@Augusto43356124,https://twitter.com/Augusto43356124/status/1629072373059137536,2023-02-24T10:54:55.000Z,Kkkkkkkkkk isso aí e a mesmas coisas das pessoas depender de satanás para ser jogada no inferno Bolsonaro não pensa a cabeça dele e uma privada kkkk,0,0,0,https://twitter.com/AlencarBraga13/status/1628946986882813954
Tchiano,@tiano_077,https://twitter.com/tiano_077/status/1629051866603524097,2023-02-24T09:33:25.000Z,@Zambelli2210 é descompensada mesmo neh 🤡🤡🤡,0,0,0,https://twitter.com/AlencarBraga13/status/1628946986882813954
Mr.Sioux,@sioux1865,https://twitter.com/sioux1865/status/1629014523356094466,2023-02-24T07:05:02.000Z,Mais uma mentira narrativa distorcendo a realidade.  Para de mentir carniça,0,0,0,https://twitter.com/AlencarBraga13/status/1628946986882813954
FATOS com DADOS!,@BonySilveira,https://twitter.com/BonySilveira/status/1629164471884349440,2023-02-24T17:00:53.000Z,Tem que levar a sério o Ministro da Justiça @FlavioDino né❓❓💩💩💩,0,0,0,https://twitter.com/AlencarBraga13/status/1628946986882813954
JANNY,@JANNY67793033,https://twitter.com/JANNY67793033/status/1629064747034284032,2023-02-24T10:24:36.000Z,Capeta já era pra ter ido pra prisão há tempo,0,0,0,https://twitter.com/AlencarBraga13/status/1628946986882813954
Alberto Penteado,@ASPenteado,https://twitter.com/ASPenteado/status/1629114418314244100,2023-02-24T13:41:59.000Z,"Uau... A ex-moradora de Barcelona tirou PhD em defecar pelo buraco bucal!
Também pudera... o orientador da ex-baladera do país basco é o Capitão Fujão, o #expresidentebocadecu.",0,0,0,https://twitter.com/AlencarBraga13/status/1628946986882813954
GoodBrasil2022,@GoodBrasil2022,https://twitter.com/GoodBrasil2022/status/1628953516218757120,2023-02-24T03:02:37.000Z,"Perfeito...   hilário e acachapante a cara de pau dessa vassala bolsonarista. Tem de ser cassada e PRESA,  como também o FUJÃO COVARDE miliciano",0,0,0,https://twitter.com/AlencarBraga13/status/1628946986882813954
Erik Wick,@erikperes136,https://twitter.com/erikperes136/status/1629145364572897280,2023-02-24T15:44:57.000Z,Da pra levar a sério o BANDIDO DO LULA  E SUA QUADRILHA???,0,0,0,https://twitter.com/AlencarBraga13/status/1628946986882813954
Marisa,@Biscaromarisa,https://twitter.com/Biscaromarisa/status/1629055326875000833,2023-02-24T09:47:10.000Z,Essa mulher tinha que tá presa lixo,0,0,0,https://twitter.com/AlencarBraga13/status/1628946986882813954
Christian Dequeker,@QUEKER137,https://twitter.com/QUEKER137/status/1629200409343545345,2023-02-24T19:23:41.000Z,🤣🤣🤣🤣🤣🤣🤣🤣🤣 essa fascistada acha que convence.,0,0,0,https://twitter.com/AlencarBraga13/status/1628946986882813954
Zenaide Vasconcelos,@zenaideBH,https://twitter.com/zenaideBH/status/1628961334577569799,2023-02-24T03:33:41.000Z,"Esta é bolsonarenta em ""alto grau""! Se deixar, lambe até o chão, q o CAPETÃO MINTO pisa! É ""desorientada"", sem noção e de igual caráter daquele que idolatra! Pensa igual aos patriotários insanos, q o energúmeno ainda pode voltar um dia! Demônia! 😡",0,0,0,https://twitter.com/AlencarBraga13/status/1628946986882813954
"QUANDO FALTA PICANHA, VAI ABÓBORA MESMO",@tonzinhg5,https://twitter.com/tonzinhg5/status/1629190051576918018,2023-02-24T18:42:31.000Z,"Primeiro começa prendendo todos os petistas,  porque vai apoiar ladrão lá nos cornos soh",0,0,0,https://twitter.com/AlencarBraga13/status/1628946986882813954
The Hottest Take Brazil,@thtbrazil,https://twitter.com/thtbrazil/status/1631652103776075776,2023-03-03T13:45:50.000Z,A Carla é uma ativista feminista radical E VOCÊS VOTARAM NELA.,0,0,0,https://twitter.com/AlencarBraga13/status/1628946986882813954
Jose Eduardo,@rotella_jose,https://twitter.com/rotella_jose/status/1629066222854709249,2023-02-24T10:30:28.000Z,Essa mulher é um traste inútil!,0,0,0,https://twitter.com/AlencarBraga13/status/1628946986882813954
×͜× FervaHs,@FervaAk,https://twitter.com/FervaAk/status/1629270057195798536,2023-02-25T00:00:26.000Z,"Cara, como essa MALUCA não ta presa ainda",0,0,0,https://twitter.com/AlencarBraga13/status/1628946986882813954
Sol Lula Da Silva,@Solange81166745,https://twitter.com/Solange81166745/status/1629141939281879041,2023-02-24T15:31:20.000Z,"Vergonhoso a @CNNBrasil dar palco para essa Bolsonarista ficar mandando recados, subliminares, aos extremistas bolsonaristas. Ele virá para o Brasil para ser PRESO e não para ficar direcionando o que esses terroristas/ facistas farão.",0,0,0,https://twitter.com/AlencarBraga13/status/1628946986882813954
Fernando Dellaretti,@DELARET1,https://twitter.com/DELARET1/status/1629428040223666178,2023-02-25T10:28:12.000Z,Eh só uma oportunista,0,0,0,https://twitter.com/AlencarBraga13/status/1628946986882813954
"Sem perfil, e daí?",@semperfiledai,https://twitter.com/semperfiledai/status/1629246745610711042,2023-02-24T22:27:48.000Z,Essa mulher tinha que ser internada.,0,0,0,https://twitter.com/AlencarBraga13/status/1628946986882813954
JDPT190353,@JDPT190353,https://twitter.com/JDPT190353/status/1629545034910519300,2023-02-25T18:13:06.000Z,Acho que ela deveria ir pra Índia. Lá a vaca é sagrada.,0,0,0,https://twitter.com/AlencarBraga13/status/1628946986882813954
@anderson4444,@anderson4444,https://twitter.com/527cd3aa297c4df/status/1629200437994725379,2023-02-24T19:23:48.000Z,E a Esquerda ? 🤣🤣🤣🤣,0,0,0,https://twitter.com/AlencarBraga13/status/1628946986882813954
Kadmus Oliveira,@KadmusO,https://twitter.com/KadmusO/status/1629072402326999041,2023-02-24T10:55:02.000Z,E a Extrema Esquerda ?,0,0,0,https://twitter.com/AlencarBraga13/status/1628946986882813954
Alexandre,@Alexand26641561,https://twitter.com/Alexand26641561/status/1629041286500999168,2023-02-24T08:51:23.000Z,"Sr ,ela apoiou um governo de ultra extrema direita branca cristã, governo que teve o apoio de org de supremacia branca cristã e grupos neo nazistas , que tinha objetivo transformar o Brasil em um só país uma só nação branca e cristã, se isso não ser extremista então o que é?",0,0,0,https://twitter.com/AlencarBraga13/status/1628946986882813954
Luzia Berls,@de_berls,https://twitter.com/de_berls/status/1629225096098287616,2023-02-24T21:01:47.000Z,Covarde e metrosa. Tem de pagar pelo q Fez.,0,0,0,https://twitter.com/AlencarBraga13/status/1628946986882813954
Crist ...O justo viverá pela fé,@CristanPipoli,https://twitter.com/CristanPipoli/status/1629055228543631365,2023-02-24T09:46:47.000Z,"A tá da para levar a sério petista e extrema esquerda como Lula o PT e seus seguidores  que apoiam o regimes autoritários chinês,cubano? Me poupe cidadão da sua ignorância",0,0,0,https://twitter.com/AlencarBraga13/status/1628946986882813954
Pr Romero B. Hermógenes,@BrHermogenes,https://twitter.com/BrHermogenes/status/1629270618444111874,2023-02-25T00:02:40.000Z,Brazilian press continues to deceive the people for resources of an ex-CONSON...,0,0,0,https://twitter.com/AlencarBraga13/status/1628946986882813954
