nome,usuario,idTweet,dataPublicacao,texto,replies,retweets,likes,tweetPai
Marisa victorio da silva,@victorio_marisa,https://twitter.com/victorio_marisa/status/1628113657635737608,2023-02-21T19:25:19.000Z,"#paracegover  Foto de @lulaoficial com a frase: ""O bem comum do povo é muito mais importante do que qualquer divergência "".",0,0,0,https://twitter.com/AlencarBraga13/status/1628105159770243075
ednyr santos,@EdnyrSantos,https://twitter.com/EdnyrSantos/status/1628194544922595328,2023-02-22T00:46:44.000Z,Tic TAC...tic TAC...,0,0,0,https://twitter.com/AlencarBraga13/status/1628105159770243075
Marisa victorio da silva,@victorio_marisa,https://twitter.com/victorio_marisa/status/1628113540304470016,2023-02-21T19:24:51.000Z,#Brasil voltou a ter um presidente 😀 feliz de novo!  ✔️O Brasil voltou a ter um presidente que se importa com a sua gente e fez questão de trabalhar com todos os gestores públicos e poderes da República. Viva a democracia! ✊🏾✊🏾   +,0,0,0,https://twitter.com/AlencarBraga13/status/1628105159770243075
Janaína Santos,@JanaSantosjaism,https://twitter.com/JanaSantosjaism/status/1628145789586272256,2023-02-21T21:33:00.000Z,O presidente @lulaoficial é digno e competente e trabalha pelo bem do Brasil! #lulapresidente #presidentelula #vamosreconstruirobrasilcomlulapresidente13❤️💚💛🇧🇷🇧🇷🇧🇷🇧🇷🇧🇷🇧🇷🇧🇷🇧🇷 #uniãoereconstrução ❤ #LulaDoBrasilEDoMundo,0,0,0,https://twitter.com/AlencarBraga13/status/1628105159770243075
luis,@luish_1964,https://twitter.com/luish_1964/status/1628138431128735754,2023-02-21T21:03:45.000Z,"dois milhões para o povo, 5 milhões para a Claudia Raia, 10 milhões para esposa de ton Cavalcanti",0,0,0,https://twitter.com/AlencarBraga13/status/1628105159770243075
