nome,usuario,idTweet,dataPublicacao,texto,replies,retweets,likes,tweetPai
Clerto Alves,@portalhistoria,https://twitter.com/portalhistoria/status/1628721043358593024,2023-02-23T11:38:51.000Z,Poisé...,10,0,19,https://twitter.com/andrefernm/status/1628719912494501888
Rodrigo Silva,@RodrigoBRMG2,https://twitter.com/RodrigoBRMG2/status/1628899778070183936,2023-02-23T23:29:05.000Z,Cadê a picanha?,1,0,0,https://twitter.com/andrefernm/status/1628719912494501888
Â𝗻𝗴𝗲𝗹𝗼 𝗙𝗲𝗿𝗿𝗲𝗶𝗿𝗮 NOVA CONTA,@AngeloFerreiraO,https://twitter.com/AngeloFerreiraO/status/1628872596648349697,2023-02-23T21:41:04.000Z,🎯🎯,0,0,1,https://twitter.com/andrefernm/status/1628719912494501888
Adryanocruzsp,@Adrianocruzsp,https://twitter.com/Adrianocruzsp/status/1628726190826553349,2023-02-23T11:59:18.000Z,Não e o pior de tudo foi o vídeo do Guilherme boulos reclamando porque os fazendeiros não deixaram eles invadirem 😂😂😂😂😂😂😂,1,0,3,https://twitter.com/andrefernm/status/1628719912494501888
Joan,@Johan67847150,https://twitter.com/Johan67847150/status/1628882746863910919,2023-02-23T22:21:24.000Z,"😂😂😂😂😂😂😂Será que vc n esta confundido o Lula com o Bolsonaro? ""DEPUTADO"" reveja suas postagens...Tá feio.....",1,0,2,https://twitter.com/andrefernm/status/1628719912494501888
Vinícius Neiva,@ViniciusNeiva40,https://twitter.com/ViniciusNeiva40/status/1628720352279900160,2023-02-23T11:36:06.000Z,Estamos literalmente fudidos 🤡,1,0,1,https://twitter.com/andrefernm/status/1628719912494501888
Giordano Rocha,@giordano_rocha,https://twitter.com/giordano_rocha/status/1628722994544627713,2023-02-23T11:46:36.000Z,"… hahahha… até tempos desses ensinava o povo a RAPAKU, cresceu pra virar apoiador de genocida e finge que trabalha com política",1,0,4,https://twitter.com/andrefernm/status/1628719912494501888
Felipe Zerlotini,@FelipeZerlotin2,https://twitter.com/FelipeZerlotin2/status/1629037358338146304,2023-02-24T08:35:46.000Z,"Quatro esposas de ministros de Lula foram indicadas ao conselho de um Tribunal de Contas por seus maridos. Três delas já assumiram os cargos, que são vitalícios, e possuem remuneração a partir de R$ 35.462,22 

Pelo menos a picanha delas já está garantida.",0,0,0,https://twitter.com/andrefernm/status/1628719912494501888
Amilton Rego,@amilton_rego,https://twitter.com/amilton_rego/status/1628738097394421760,2023-02-23T12:46:37.000Z,"E tem o Ali Babá... e também os 40, que na verdade são muito mais que 40.",0,0,2,https://twitter.com/andrefernm/status/1628719912494501888
Josimar R. Doroteu,@Josimar_Lucca,https://twitter.com/Josimar_Lucca/status/1628928763869245441,2023-02-24T01:24:15.000Z,"Só diz verdades aqui viu @Claudineifauro.
Se tá na net…",1,0,0,https://twitter.com/andrefernm/status/1628719912494501888
Anamel,@Anamel_PR,https://twitter.com/Anamel_PR/status/1628755527420215296,2023-02-23T13:55:53.000Z,𝐋𝐮𝐥𝐚 isto é tudo menos governo kkkkkk,0,0,5,https://twitter.com/andrefernm/status/1628719912494501888
Dona Milu,@donamilu_,https://twitter.com/donamilu_/status/1628878482401894403,2023-02-23T22:04:27.000Z,Falta o que raspa o c* e ensina como fazer pela internet,0,0,0,https://twitter.com/andrefernm/status/1628719912494501888
Coronel Rocha ∴,@coronelrochase,https://twitter.com/coronelrochase/status/1628727623206547457,2023-02-23T12:05:00.000Z,"Tem um dinossauro maranhense nessa de desvios de recursos dos respiradores,  @andrefernm",0,1,10,https://twitter.com/andrefernm/status/1628719912494501888
Jane,@JaneVeras10,https://twitter.com/JaneVeras10/status/1629152577794211841,2023-02-24T16:13:37.000Z,"Deputado como está a C pi das ONGs das manifestações,  das mídias sociais.  Das perseguições só banco central , dos índios,  etccccccc. Nos o povo queremos saber tudo q está sendo feito.",0,0,0,https://twitter.com/andrefernm/status/1628719912494501888
SalesLajedo,@LajedoSales,https://twitter.com/LajedoSales/status/1628897958425944065,2023-02-23T23:21:51.000Z,O choro é livre,0,0,3,https://twitter.com/andrefernm/status/1628719912494501888
Offshore No Paraguai,@PauloSchiavon2,https://twitter.com/PauloSchiavon2/status/1628928748199223297,2023-02-24T01:24:12.000Z,Neste ritmo o Lula vai ganhar o prêmio Nobel.  Foi pra isto que eu fiz o L.,1,3,18,https://twitter.com/andrefernm/status/1628719912494501888
Mauro Silva,@maurobd2021,https://twitter.com/maurobd2021/status/1628721345835020291,2023-02-23T11:40:03.000Z,"E o Governador do Piauí que passou 20 anos no governo e nunca fez nada pelo Estado, participou do roubo dos respiradores.",0,0,2,https://twitter.com/andrefernm/status/1628719912494501888
Jarbas Batista,@JG26605122,https://twitter.com/JG26605122/status/1628729792848691203,2023-02-23T12:13:37.000Z,"Engraçado como tua capacidade em analisar governos passou de zero no governo bolsonaro a 100% no governo lula... 
Foi por omissão ou por interesse mesmo?",0,0,1,https://twitter.com/andrefernm/status/1628719912494501888
Grassilulu pinheiro,@grasilulu7,https://twitter.com/grasilulu7/status/1630292813689626624,2023-02-27T19:44:30.000Z,Que turma pesada em,0,0,0,https://twitter.com/andrefernm/status/1628719912494501888
Rodrigo Otavio,@rsavassi,https://twitter.com/rsavassi/status/1628753845940527104,2023-02-23T13:49:12.000Z,"Pelo que entendi da sua postagem, seu entendimento é de que o governo do Lula virou uma associação criminosa, nos termos do art. 288 do Código Penal (""associarem-se 3 (três) ou mais pessoas, para o fim específico de cometer crimes"")",1,0,0,https://twitter.com/andrefernm/status/1628719912494501888
Jose Junior,@JoseJunior1057,https://twitter.com/JoseJunior1057/status/1628720888685248512,2023-02-23T11:38:14.000Z,"Como digo já no início das campanhas, estavam reunindo a quadrilha.
Pior são os idiotas inúteis tentando passar pano para tudo isto.",0,0,6,https://twitter.com/andrefernm/status/1628719912494501888
Jacques Tulio,@Jacques_Tulio,https://twitter.com/Jacques_Tulio/status/1628729083671576576,2023-02-23T12:10:48.000Z,Tem de tudo que não presta.,0,0,1,https://twitter.com/andrefernm/status/1628719912494501888
Carol,@Carolmph,https://twitter.com/Carolmph/status/1628720050617085952,2023-02-23T11:34:54.000Z,Mas o amor venceu,0,1,7,https://twitter.com/andrefernm/status/1628719912494501888
Benaria Coelho,@Bdibzinha,https://twitter.com/Bdibzinha/status/1628813921111924739,2023-02-23T17:47:55.000Z,"Político de futricas, você não vai muito longe. Você já procurou aprender como se apresenta um projeto de interesse do povo ou vai espelhar teu mentor e ficar trinta anos de futricas no parlamento?",1,0,3,https://twitter.com/andrefernm/status/1628719912494501888
Almeida,@Almeida64111066,https://twitter.com/Almeida64111066/status/1628928468233728003,2023-02-24T01:23:05.000Z,"O direito de espernear é inerente a q cidadão, o de chorar, também. Fique à vontade. Em 2026, tem mais. Chore até lá. Kkkkkk",0,0,3,https://twitter.com/andrefernm/status/1628719912494501888
Morgana1st,@Moreis05,https://twitter.com/Moreis05/status/1628879029603270656,2023-02-23T22:06:38.000Z,Só a nata...,0,0,1,https://twitter.com/andrefernm/status/1628719912494501888
Guilherme barba,@gbarbaoficial,https://twitter.com/gbarbaoficial/status/1628745433915719681,2023-02-23T13:15:46.000Z,"André, para as pessoas esclarecidas e com carater sabem disso.
O problema é que no Brasil 2/3 da população não possui educação adequada, é desinformada, enganada e que o crime compensa.
A direita precisa focar nas leis de proteção a essa população para punir esses canalhas do PT.",0,0,0,https://twitter.com/andrefernm/status/1628719912494501888
Fernando Hoffmann Fr,@FH_Hoffmann,https://twitter.com/FH_Hoffmann/status/1628722606344904704,2023-02-23T11:45:04.000Z,Faltou a picanheira Mor que gosta de conforto e dane-se os desabrigados do litoral(JNja),0,0,0,https://twitter.com/andrefernm/status/1628719912494501888
Fábio Gomes,@FabioGomesBH,https://twitter.com/FabioGomesBH/status/1628760486685671425,2023-02-23T14:15:35.000Z,Post para manter gado engajado detectado com sucesso!,0,0,0,https://twitter.com/andrefernm/status/1628719912494501888
Cath mitooo,@cathmeel,https://twitter.com/cathmeel/status/1628874416414228486,2023-02-23T21:48:18.000Z,Esqueceu o dino!,0,0,0,https://twitter.com/andrefernm/status/1628719912494501888
Alysson França,@AlyssonFrana10,https://twitter.com/AlyssonFrana10/status/1628744715494473730,2023-02-23T13:12:55.000Z,"Faltou ser mencionado o pior prefeito de Belém do Pará, um cidadão chamado Edmilson Rodrigues.",0,0,0,https://twitter.com/andrefernm/status/1628719912494501888
Andrea Linhares,@AndreaLinhare14,https://twitter.com/AndreaLinhare14/status/1628755992388272128,2023-02-23T13:57:44.000Z,"Inclui toda imundície política, sem preconceito algum.",0,0,0,https://twitter.com/andrefernm/status/1628719912494501888
Suellen P N Gaiotti,@GaiottiS,https://twitter.com/GaiottiS/status/1628731621997150208,2023-02-23T12:20:53.000Z,E o amor venceu 😅😅vergonha de ser Brasileira,0,0,0,https://twitter.com/andrefernm/status/1628719912494501888
James guia,@JamesAlfredx,https://twitter.com/JamesAlfredx/status/1628782142497992709,2023-02-23T15:41:38.000Z,Criticar não resolve problema da ditadura comunista jurídica.,0,0,0,https://twitter.com/andrefernm/status/1628719912494501888
Edinho,@Edinho52173524,https://twitter.com/Edinho52173524/status/1628898912617594883,2023-02-23T23:25:38.000Z,"Governo não, DESGOVERNO !!!
Nosso dinheiro está indo para turma do L.
Brasil  ,   Venezuela logo alí !!!!",0,0,0,https://twitter.com/andrefernm/status/1628719912494501888
Silvia Maria Cariola Amarsl,@MariaAmarsl,https://twitter.com/MariaAmarsl/status/1628951661396873224,2023-02-24T02:55:15.000Z,"Não tem seleção mais “bichada”, credo!",0,0,0,https://twitter.com/andrefernm/status/1628719912494501888
Agnaldo Cruz,@Agnaldo91792230,https://twitter.com/Agnaldo91792230/status/1628852787000778752,2023-02-23T20:22:21.000Z,CPMI 08 DE JANEIRO CHEGA DE RETROCESSO FORA PT... PRA CIMA DELES DEPUTADO PARABÉNS,0,0,0,https://twitter.com/andrefernm/status/1628719912494501888
Marise Saldanha,@MariseSaldanha,https://twitter.com/MariseSaldanha/status/1628768139973369857,2023-02-23T14:46:00.000Z,👏👏👏👏👏👏👏👏👏👏,0,0,0,https://twitter.com/andrefernm/status/1628719912494501888
Yan morais,@Yan_moraiis,https://twitter.com/Yan_moraiis/status/1628862513616920576,2023-02-23T21:01:00.000Z,Tbem tem o índio safado(Wellington dias) que esfolou o Piauí por 20 anos.,0,0,0,https://twitter.com/andrefernm/status/1628719912494501888
Borboleta,@ReginaFerro8,https://twitter.com/ReginaFerro8/status/1628760789002645504,2023-02-23T14:16:47.000Z,💩💩💩💩,0,0,0,https://twitter.com/andrefernm/status/1628719912494501888
Comunica Brasil,@Comunicabbrasil,https://twitter.com/Comunicabbrasil/status/1628973439917645824,2023-02-24T04:21:47.000Z,De milícia o bolsonarismo entende muito bem.,0,0,0,https://twitter.com/andrefernm/status/1628719912494501888
felipe bareto,@lipouzim,https://twitter.com/lipouzim/status/1628779682375008256,2023-02-23T15:31:52.000Z,"Quieto .. 
Senão o Bolsonaro volta ..",0,0,0,https://twitter.com/andrefernm/status/1628719912494501888
Nada…,@beforedeathcome,https://twitter.com/beforedeathcome/status/1628899484754395136,2023-02-23T23:27:55.000Z,Desculpe @andrefernm mas você escreveu errado.                                  Governo Lula é o mais inclusivo de “TODES” 🤣🤣🤣,0,0,0,https://twitter.com/andrefernm/status/1628719912494501888
Oliver Arte,@oliver_arte,https://twitter.com/oliver_arte/status/1628835148828475396,2023-02-23T19:12:16.000Z,NÃO SE SALVA UM. 😳😳👺🐀,0,0,0,https://twitter.com/andrefernm/status/1628719912494501888
Hudson Gonçalves,@HudsonG13269155,https://twitter.com/HudsonG13269155/status/1628894728635703298,2023-02-23T23:09:01.000Z,"Atenção @costa_rui ,cabe um processo aí viu",0,0,0,https://twitter.com/andrefernm/status/1628719912494501888
Ismar Freitas,@IsmarFreitas1,https://twitter.com/IsmarFreitas1/status/1628858748767698951,2023-02-23T20:46:03.000Z,4 anos na câmara federal pra passar o dia falando asneiras.,0,0,0,https://twitter.com/andrefernm/status/1628719912494501888
BRAZA RAIZ,@naovenderemos,https://twitter.com/naovenderemos/status/1628801610108248064,2023-02-23T16:59:00.000Z,Raspa cool só fala asneira,0,0,0,https://twitter.com/andrefernm/status/1628719912494501888
Carlos Neves,@vascainobaiano,https://twitter.com/vascainobaiano/status/1629078706441289734,2023-02-24T11:20:05.000Z,Faltou somente um raspa cool !!!,0,0,0,https://twitter.com/andrefernm/status/1628719912494501888
OIAC,@eusouocaioc,https://twitter.com/eusouocaioc/status/1628808379903668232,2023-02-23T17:25:54.000Z,🐴,0,0,0,https://twitter.com/andrefernm/status/1628719912494501888
Carvalho Nunes,@carvalho_nunes2,https://twitter.com/carvalho_nunes2/status/1628728696977895425,2023-02-23T12:09:16.000Z,Mas não é só uma piada eles querem destruir tudo e deixar todo mundo dependendo deles. Enquanto alguns riem a empresa em que trabalham esta afundando... #obrasilfoiroubado,0,1,4,https://twitter.com/andrefernm/status/1628719912494501888
catiane ponte,@catianeponte,https://twitter.com/catianeponte/status/1628723338964094977,2023-02-23T11:47:58.000Z,Tem o foca q quer ser influênciador .,0,0,0,https://twitter.com/andrefernm/status/1628719912494501888
O Behaviorista Hobbesiano,@empiristarazor,https://twitter.com/empiristarazor/status/1628936224856584192,2023-02-24T01:53:54.000Z,"Só não tem um raspa boga, vai aderir?",0,0,0,https://twitter.com/andrefernm/status/1628719912494501888
Cris,@Cris62070270,https://twitter.com/Cris62070270/status/1628916420737212418,2023-02-24T00:35:13.000Z,Que lástima.,0,0,0,https://twitter.com/andrefernm/status/1628719912494501888
rafael isaque gomes,@rafaelisaque,https://twitter.com/rafaelisaque/status/1628725201088249858,2023-02-23T11:55:22.000Z,É pela Democracia,0,0,0,https://twitter.com/andrefernm/status/1628719912494501888
kazelso,@kazelso,https://twitter.com/kazelso/status/1628730676026408960,2023-02-23T12:17:08.000Z,Bora trabalhar deputado,1,0,4,https://twitter.com/andrefernm/status/1628719912494501888
Marisa Rodriguez,@maquinasemarisa,https://twitter.com/maquinasemarisa/status/1628757944090128384,2023-02-23T14:05:29.000Z,https://twitter.com/maquinasemarisa/status/1628748134175109121?s=20…,0,0,1,https://twitter.com/andrefernm/status/1628719912494501888
Sincrom,@Sincromm,https://twitter.com/Sincromm/status/1628752020260765696,2023-02-23T13:41:57.000Z,"Só tem ""especialista"" na área",0,0,1,https://twitter.com/andrefernm/status/1628719912494501888
Jose irenaldo,@irenaldo8,https://twitter.com/irenaldo8/status/1628739756661125120,2023-02-23T12:53:13.000Z,"@andrefernm,e essa aqui, será verdade,se sim pra onde foi o dinheiro???",1,1,3,https://twitter.com/andrefernm/status/1628719912494501888
Rogerio Vaz,@rogeriovazpien5,https://twitter.com/rogeriovazpien5/status/1628868443033284617,2023-02-23T21:24:34.000Z,"Atualize a lista de assinaturas de 8 de janeiro deputado.
Seu trabalho está brilhante!!!",0,0,0,https://twitter.com/andrefernm/status/1628719912494501888
fabricio cordeiro,@fabriciocor_,https://twitter.com/fabriciocor_/status/1628821265912938497,2023-02-23T18:17:06.000Z,Só em não ter um bolsonarista se quer no governo o País já está no lucro.,0,0,1,https://twitter.com/andrefernm/status/1628719912494501888
Lindalu Silva,@LindaluSilva,https://twitter.com/LindaluSilva/status/1628734761152790529,2023-02-23T12:33:22.000Z,MISERICÓRDIA: PARA O 🇧🇷 que eu quero descer.....,0,0,1,https://twitter.com/andrefernm/status/1628719912494501888
Erilandia Tavares,@ErilandiaT,https://twitter.com/ErilandiaT/status/1629086125649166337,2023-02-24T11:49:33.000Z,O choro é livre kkkk!,0,0,0,https://twitter.com/andrefernm/status/1628719912494501888
LCPt,@LucasCal,https://twitter.com/LucasCal/status/1628860426552283136,2023-02-23T20:52:43.000Z,@costa_rui,0,0,0,https://twitter.com/andrefernm/status/1628719912494501888
Ninabenicio,@Ninabenicio1,https://twitter.com/Ninabenicio1/status/1629032192440410112,2023-02-24T08:15:15.000Z,"Campeão da tachadinha kkkkk acho vc errou de nome , 🤮🤡🤣🤣🤣",0,0,1,https://twitter.com/andrefernm/status/1628719912494501888
Fabiano Bhulsara,@FBhulsara,https://twitter.com/FBhulsara/status/1628930679957323776,2023-02-24T01:31:52.000Z,"É tão inclusivo, que tá roubando TODOS, TODAS e TODES!",0,0,0,https://twitter.com/andrefernm/status/1628719912494501888
Marco Medeiros,@MarcoAn35431335,https://twitter.com/MarcoAn35431335/status/1628845875937026048,2023-02-23T19:54:53.000Z,"Com todas essas ""qualidades"", e ninguém ameaça os caras. A direita ainda engatinha no Brasil!",0,0,0,https://twitter.com/andrefernm/status/1628719912494501888
Rone Coura,@Theotokosrl,https://twitter.com/Theotokosrl/status/1628760150969311233,2023-02-23T14:14:15.000Z,Me parece que governo lula só tem um critério: não ser honesto.,1,0,2,https://twitter.com/andrefernm/status/1628719912494501888
Alonso Marrins,@alonso_marrins,https://twitter.com/alonso_marrins/status/1629136680077647874,2023-02-24T15:10:27.000Z,"Perdeu, andrezinho. Nn amola.",1,0,1,https://twitter.com/andrefernm/status/1628719912494501888
Morango do Nordeste,@floracaroline,https://twitter.com/floracaroline/status/1628756767046770692,2023-02-23T14:00:48.000Z,A sua oposição é hilária porque quem lê pensa que você começou na política hoje e não que passou 4 anos passando pano pra milícia que tava no governo.,1,0,14,https://twitter.com/andrefernm/status/1628719912494501888
Sergio Merlin,@SergioMerlin3,https://twitter.com/SergioMerlin3/status/1628904876632600576,2023-02-23T23:49:20.000Z,Faltou o comunista bacon de porco,0,0,0,https://twitter.com/andrefernm/status/1628719912494501888
Roberto Fakir,@RobertoFakir,https://twitter.com/RobertoFakir/status/1630334358899793920,2023-02-27T22:29:35.000Z,"- Dino Sauro sambista
- Primeira dama porta bandeira
- ET do Amazonas 
- Faze(n)deiro de estrada
- Pior Médica da FioCruz(médica?)
- Xuxú Podre
- Faraó da Bahia
- e a fauna e flora segue

Até agora só pularam Carnaval e aumentaram a gasolina (60 dias)",0,0,0,https://twitter.com/andrefernm/status/1628719912494501888
Eu,@Eu65216758,https://twitter.com/Eu65216758/status/1632752194259656708,2023-03-06T14:37:12.000Z,"E a IMPREN🐍A dando aquela ajuda,  passando o pano ao requentar matérias já explicadas sobre yanomamis, o colar da Michelle...e aguardamos qual vai ser outra fake news pra desviar a opinião pública e transformar o VaciLula num herói!!!!😣😣",0,0,0,https://twitter.com/andrefernm/status/1628719912494501888
Josué Lacerda,@JosuLacerda,https://twitter.com/JosuLacerda/status/1629066883230998530,2023-02-24T10:33:06.000Z,Tem também o homem do dinheiro na cueca e a mulher com a doença da vaca louca.,0,0,0,https://twitter.com/andrefernm/status/1628719912494501888
Jubiscleison ⌐╦╦═─,@wfjubiscleison,https://twitter.com/wfjubiscleison/status/1629132363618738176,2023-02-24T14:53:17.000Z,"Relaxa meu nobre, você tem até 2026 pra chorar rsrs
The cry is free",0,0,0,https://twitter.com/andrefernm/status/1628719912494501888
Tay,@luacomanche,https://twitter.com/luacomanche/status/1628837925231243268,2023-02-23T19:23:18.000Z,"Se Fortaleza tem tu, o raspa cu… tá reclamando do que?",0,0,0,https://twitter.com/andrefernm/status/1628719912494501888
José Marcio Tavares,@jmarciotavares,https://twitter.com/jmarciotavares/status/1628807200163373056,2023-02-23T17:21:12.000Z,Seja homem e pare de futrica.,0,0,0,https://twitter.com/andrefernm/status/1628719912494501888
Bete Meneses,@betemen8,https://twitter.com/betemen8/status/1629282066591358983,2023-02-25T00:48:09.000Z,Graças a Deus não tem um babaca como tu,0,0,0,https://twitter.com/andrefernm/status/1628719912494501888
Douglas Franco,@DouglasAFranco,https://twitter.com/DouglasAFranco/status/1629076872037384195,2023-02-24T11:12:47.000Z,"O que você está fazendo deputado juntamente com seus aliados pra tirar esses lixos, imundos e corruptos do governo ?",0,0,0,https://twitter.com/andrefernm/status/1628719912494501888
Gilson Santos,@GilsonSantos17,https://twitter.com/GilsonSantos17/status/1628765632773730305,2023-02-23T14:36:02.000Z,Só tem a agradecer ao senhor presidente Lula 🤩,0,0,0,https://twitter.com/andrefernm/status/1628719912494501888
João Paulo,@jppaullim,https://twitter.com/jppaullim/status/1628723510024499200,2023-02-23T11:48:39.000Z,"o amor desse rapaz pelo Lula é grande.

só rindo!

o camarada ganha pra deputado pra ficar no twitter.",0,0,0,https://twitter.com/andrefernm/status/1628719912494501888
João Paulo,@jppaullim,https://twitter.com/jppaullim/status/1628799920261021697,2023-02-23T16:52:17.000Z,kkkkkkkkkkkkkkkkkkkkkkkkkkkkkkkkkkkkkkkkkkkkkkkkkkkkkkkkkkkkkkkkkk,0,0,0,https://twitter.com/andrefernm/status/1628719912494501888
João Paulo,@jppaullim,https://twitter.com/jppaullim/status/1628723584859312130,2023-02-23T11:48:57.000Z,enquanto isso no terreno do gado,0,0,0,https://twitter.com/andrefernm/status/1628719912494501888
PHVD,@PabloHe2766,https://twitter.com/PabloHe2766/status/1628780783614795778,2023-02-23T15:36:14.000Z,"Até tudo bem. Vc concordo com o roubo? Pelo visto vc é daqueles seletivos, ou burro, talvez dissimulado!",0,0,0,https://twitter.com/andrefernm/status/1628719912494501888
Luís Henrique,@pretolui,https://twitter.com/pretolui/status/1628763912597372928,2023-02-23T14:29:12.000Z,😂😂😂😂😂🤡💩,0,0,0,https://twitter.com/andrefernm/status/1628719912494501888
Francisco Augusto,@Francis87139765,https://twitter.com/Francis87139765/status/1628753286416199681,2023-02-23T13:46:58.000Z,"Vishi pensei q estava falando do lixo do bolsomerda4, pq tem tudo isso na família dele.",0,0,0,https://twitter.com/andrefernm/status/1628719912494501888
Elmer intervenção Militar já,@elmerfarias,https://twitter.com/elmerfarias/status/1628743454636363776,2023-02-23T13:07:54.000Z,Quer mais rachadinha do que os Bolsonaro? Quer mais milícia do que os Bolsonaro? Quer mais desvios na saúde do que o pazzuelo e no MEC da propina em ouro? Pera lá rapacu!,0,0,0,https://twitter.com/andrefernm/status/1628719912494501888
Paulo Henrique,@PauloHe77606868,https://twitter.com/PauloHe77606868/status/1628723402075779073,2023-02-23T11:48:13.000Z,O senhor esqueceu de falar deputado André que é o governo mais bondoso e Preocupado com a população que libera Dois milhões pras vítimas das enchentes e libera 5 milhões pra Cláudia Raia e mto amor pelo Povo imagina se não fosse né,0,0,0,https://twitter.com/andrefernm/status/1628719912494501888
Lilian Maximo,@LilianMaximo5,https://twitter.com/LilianMaximo5/status/1628776640959356929,2023-02-23T15:19:47.000Z,"E somos obrigados a engolir essa corja, irmãos petralhas de volta né",0,0,0,https://twitter.com/andrefernm/status/1628719912494501888
Clara Antunes,@clarahcantunes,https://twitter.com/clarahcantunes/status/1628804910165655553,2023-02-23T17:12:06.000Z,"O maior extremista lacrador ( Nelipe Feto 
Comunista de Louis Vuitton(Maconhela D’avila )",0,0,0,https://twitter.com/andrefernm/status/1628719912494501888
Daniel Silva,@Daniel_SilvaRN,https://twitter.com/Daniel_SilvaRN/status/1628940105896407047,2023-02-24T02:09:20.000Z,"Ah sim, pq o micto não botou canalha com ficha criminal no governo, né? Seu hipócrita de merda.",0,0,0,https://twitter.com/andrefernm/status/1628719912494501888
Paulo,@Paulo21379442,https://twitter.com/Paulo21379442/status/1629079756959252481,2023-02-24T11:24:15.000Z,"Teu minto foi eleito corrupto do ano. Vive rodeado de assassinos,bandidos,corruptos e milicianos. 
Agora só espero que respondas na justiça por apontar nomes aos teus adjetivos.",0,0,0,https://twitter.com/andrefernm/status/1628719912494501888
𝗥𝗛𝗢𝗕𝗦𝗢𝗡 ⃤,@oRhobsonEsteves,https://twitter.com/oRhobsonEsteves/status/1629154782416973826,2023-02-24T16:22:23.000Z,"Baba-ovo do Bolsonaro tá desesperado, oh deputado sem futuro que não trabalha, só vive na Internet pra propagar o ódio",0,0,0,https://twitter.com/andrefernm/status/1628719912494501888
Xavi Lima,@XaviLima5,https://twitter.com/XaviLima5/status/1628724622525956097,2023-02-23T11:53:04.000Z,"Mito tinha quem na Milicia ? Será da família Segundo imprensa  Bolsonaro tinha quem na Rachadinha? Será que é da família? Mito apoiava qual governo no desvio dos 770 milhões para construção de hospital no RJ? Haddad tinha 53% e tem gente do PSD e PMDB na frente dele.
Responde",1,0,0,https://twitter.com/andrefernm/status/1628719912494501888
JaneMM,@jmmadeira,https://twitter.com/jmmadeira/status/1628766009321525251,2023-02-23T14:37:32.000Z,Tem que chamar essa senhora na CPI.,1,3,7,https://twitter.com/andrefernm/status/1628719912494501888
"NETO, Maurício",@mauricsousa,https://twitter.com/mauricsousa/status/1628846602923266048,2023-02-23T19:57:47.000Z,Imagino o desespero com falta de pauta pra político vagabundo de direita falar KKKKKKKK,0,0,0,https://twitter.com/andrefernm/status/1628719912494501888
Silvana Santos,@Silvana29777612,https://twitter.com/Silvana29777612/status/1629022721735630848,2023-02-24T07:37:37.000Z,Caça a chapa Lula 🙏,0,0,0,https://twitter.com/andrefernm/status/1628719912494501888
Alexce23,@alexzrodriguesz,https://twitter.com/alexzrodriguesz/status/1628775245606707207,2023-02-23T15:14:14.000Z,E no ceara tem um deputado gay incubado que não trabalha passa o dia no twiter espalhando fake news sobre o lula,0,0,0,https://twitter.com/andrefernm/status/1628719912494501888
wrfernandes,@Fernandes_GTR,https://twitter.com/Fernandes_GTR/status/1628758509100695554,2023-02-23T14:07:44.000Z,Esqueceu de mencionar o maior vagabundo e ladrão do país.,0,0,0,https://twitter.com/andrefernm/status/1628719912494501888
Queen Kalli,@ElizabetteRain,https://twitter.com/ElizabetteRain/status/1628788126976966657,2023-02-23T16:05:25.000Z,"Kkkkk
DESCREVEU O GENOCIDA.
VÁ TRABALHAR VAGABUNDO.",0,0,0,https://twitter.com/andrefernm/status/1628719912494501888
Pier Paolo,@PierPasolinis,https://twitter.com/PierPasolinis/status/1628720324647825408,2023-02-23T11:36:00.000Z,"Da sua laia aí
Cristão, cidadão de bem, bolsonarista e armamentista",2,0,0,https://twitter.com/andrefernm/status/1628719912494501888
Agenor Junior ,@afj_junior,https://twitter.com/afj_junior/status/1628720355794714624,2023-02-23T11:36:07.000Z,"E as assinaturas da CPMI do dia 08 de Janeiro, como vai?",0,0,0,https://twitter.com/andrefernm/status/1628719912494501888
ᴀɴᴅʀᴇᴀ ғᴏʟᴛᴢ,@AndreaFoltz3,https://twitter.com/AndreaFoltz3/status/1628760721218580480,2023-02-23T14:16:31.000Z,"Por aí vai bem distante do teu genocida, promíscuo de vários casamentos, imoral, boca suja, imundo cheira-toba, pai de tiquinhos: tiquinho de uma, tiquinho de outra, cristão fajuto... Quer mais, raspadinha?",0,0,0,https://twitter.com/andrefernm/status/1628719912494501888
Jef,@Jefgtorres,https://twitter.com/Jefgtorres/status/1628783276637790209,2023-02-23T15:46:09.000Z,"a esquerda é eclética , a direita é mais padronizada: genocidas da sinuca, golpistas, assassinos de aniversariantes, golpistas, terroristas, fascistas, nazistas, pastores bandidos, milicianos, negacionistas das vacinas e do clima,   ............................",0,0,0,https://twitter.com/andrefernm/status/1628719912494501888
AGILDO SILVA DOS SANTOS,@DosAgildo,https://twitter.com/DosAgildo/status/1628748157252149253,2023-02-23T13:26:36.000Z,Vc não é aquele carinha que fez vídeos ensinando a depilar o Cú?,0,0,0,https://twitter.com/andrefernm/status/1628719912494501888
Marcos Cavalcante,@marcoscp1976,https://twitter.com/marcoscp1976/status/1628817505543155715,2023-02-23T18:02:09.000Z,"Sobre a ""RACHADINHA patriótica"" de Flávio Bolsonaro você não fala nada, né????

Haja hipocrisia!!!",0,0,0,https://twitter.com/andrefernm/status/1628719912494501888
Sergio Cardoso,@Verdesserg,https://twitter.com/Verdesserg/status/1628752600437850113,2023-02-23T13:44:15.000Z,"Claro!
São representantes do demônio na terra e tudo é fruto de diabruras.",0,0,0,https://twitter.com/andrefernm/status/1628719912494501888
,@Divanil59384868,https://twitter.com/Divanil59384868/status/1628805289033056263,2023-02-23T17:13:37.000Z,No topo o mentiroso MOR de nove dedos 😱,0,0,0,https://twitter.com/andrefernm/status/1628719912494501888
mauro crespo nunes,@mcrespon,https://twitter.com/mcrespon/status/1628852940625551362,2023-02-23T20:22:58.000Z,"Mas nenhum deles é tão babaca, tão baixo nível qto vc.",0,0,0,https://twitter.com/andrefernm/status/1628719912494501888
timba,@timbaktz,https://twitter.com/timbaktz/status/1629053605180239872,2023-02-24T09:40:20.000Z,"começa pelo pior o presidente, o mais corrupto e criminoso da história do país, quiçá do mundo.",0,0,0,https://twitter.com/andrefernm/status/1628719912494501888
pensamento#critico#democratico,@pensarlivre_,https://twitter.com/pensarlivre_/status/1632784563024822272,2023-03-06T16:45:50.000Z,"Isso se aplica com.mais centenas de itens ao ridículo mito imbrochável que brochou...
 Único presidente não reeleito... cognome A Nódoa",0,0,0,https://twitter.com/andrefernm/status/1628719912494501888
Ricardo Pereira,@rpereira1200,https://twitter.com/rpereira1200/status/1628731564203864070,2023-02-23T12:20:39.000Z,E vc a maior fraude da história,0,0,0,https://twitter.com/andrefernm/status/1628719912494501888
Mano Drigo,@MANOCAVACO,https://twitter.com/MANOCAVACO/status/1628799723422339072,2023-02-23T16:51:30.000Z,Sério?,0,0,0,https://twitter.com/andrefernm/status/1628719912494501888
Welligton Alves,@Welligt35109981,https://twitter.com/Welligt35109981/status/1628856901348777987,2023-02-23T20:38:42.000Z,"Só faltou o Queiroz, Waldemar da costa neto, Adriano.......",0,0,0,https://twitter.com/andrefernm/status/1628719912494501888
ᎡᎬΝᎪΝ ᎡᎬᏆՏ,@Renan_Reis84r,https://twitter.com/Renan_Reis84r/status/1628773423378833409,2023-02-23T15:06:59.000Z,Bolsonarismo MATA e DESTRÓI,0,0,0,https://twitter.com/andrefernm/status/1628719912494501888
JSERVICOS (Jó Alves),@jotaservicos,https://twitter.com/jotaservicos/status/1628721773557547009,2023-02-23T11:41:45.000Z,"E ainda assim com essa conversa mole e mentiras, vocês não conseguiram reelegr a ruma de bosta. Chorar, chorar mesmo é livre, rapa cu",0,0,0,https://twitter.com/andrefernm/status/1628719912494501888
@Bolsocaro2022,@Bolsocaro2022,https://twitter.com/bolsocaro2022/status/1628721137340370944,2023-02-23T11:39:13.000Z,Faz o L!,0,0,0,https://twitter.com/andrefernm/status/1628719912494501888
@Bolsocaro2022,@Bolsocaro2022,https://twitter.com/bolsocaro2022/status/1628721349811208196,2023-02-23T11:40:04.000Z,"R$ 11 milhões só mercadorias para os moradores do desastre natural em SP!
Faz o L",0,0,0,https://twitter.com/andrefernm/status/1628719912494501888
@Bolsocaro2022,@Bolsocaro2022,https://twitter.com/bolsocaro2022/status/1628721481382350848,2023-02-23T11:40:36.000Z,Faz o L!,0,0,0,https://twitter.com/andrefernm/status/1628719912494501888
Regina Domingas,@ReginaDomingas,https://twitter.com/ReginaDomingas/status/1629037413954641920,2023-02-24T08:36:00.000Z,#ForaLulaLadrão,0,0,0,https://twitter.com/andrefernm/status/1628719912494501888
Paulo Fabrício,@espiga1917,https://twitter.com/espiga1917/status/1628734491320631298,2023-02-23T12:32:17.000Z,"Niguém foi enganado pelo Bolsonaro, vulgo perdedor. Ele sempre foi ignorante, preconceituoso, racista, homofóbico, machista, fascista, desumano, sórdido e mau-caráter. Quem gosta é porque se identifica.",0,0,0,https://twitter.com/andrefernm/status/1628719912494501888
Patrícia,@arteporparte,https://twitter.com/arteporparte/status/1628826398570815488,2023-02-23T18:37:30.000Z,@andrefernm   já assinou a CPMI do 8 de janeiro? Vamos colocar luz nesta confusão? Conto com sua assinatura!,0,0,0,https://twitter.com/andrefernm/status/1628719912494501888
Sivio Silva,@SilvaSivio,https://twitter.com/SilvaSivio/status/1628793760866869248,2023-02-23T16:27:48.000Z,"Aplaudam, eleitores apátridas imprestáveis, que ocupam regiões desse país e são capazes de eleger corruptos já condenados, mas impunes, mesmo sabendo da roubalheira toda...aplaudam essa pilantragem toda...povinho medíocre e inútil...",0,0,0,https://twitter.com/andrefernm/status/1628719912494501888
tunico,@antonio_saless,https://twitter.com/antonio_saless/status/1628915607860027392,2023-02-24T00:31:59.000Z,Falou tudo!!!🤣🤣🤣#BolsonaroTemRazao #BolsonaroOrgulhoDoBrasil #ForaPetralhada,0,0,0,https://twitter.com/andrefernm/status/1628719912494501888
Mauna Loa,@gamorimhot,https://twitter.com/gamorimhot/status/1628807722748477441,2023-02-23T17:23:17.000Z,"André Fernandes, o deputado mais Corrúpto do Ceará",0,0,0,https://twitter.com/andrefernm/status/1628719912494501888
