nome,usuario,idTweet,dataPublicacao,texto,replies,retweets,likes,tweetPai
Hamilton Rush,@hamilton_rush,https://twitter.com/hamilton_rush/status/1636766505487699974,2023-03-17T16:28:39.000Z,"Amigo, por favor, 
VAI VISITAR UM HOSPITAL 
UMA U.P.A.
Um pronto socorro...
Faça suas funções. 
Pare com intrigas...!
Seja HOMEM.",0,0,0,https://twitter.com/AlencarBraga13/status/1628400009300303873
Reginaldo Franklin,@reginaldo192,https://twitter.com/reginaldo192/status/1628407158298607623,2023-02-22T14:51:35.000Z,Cuidado deputado pra não da um tiro no próprio pé.,0,0,3,https://twitter.com/AlencarBraga13/status/1628400009300303873
Claudinei Ventura,@ClaudineiVent10,https://twitter.com/ClaudineiVent10/status/1628676992894738433,2023-02-23T08:43:49.000Z,Lkkk eita ignorância,0,0,0,https://twitter.com/AlencarBraga13/status/1628400009300303873
Vinicios Lopes dos Santos,@ViniciosLopesd6,https://twitter.com/ViniciosLopesd6/status/1628455236204363777,2023-02-22T18:02:38.000Z,Eu acho que foi gente da própria esquerda minha opinião com certeza ela ia falar uma coisa bem forte aí calaram ela,1,0,3,https://twitter.com/AlencarBraga13/status/1628400009300303873
Tia do Zapp,@Tiadozapp,https://twitter.com/Tiadozapp/status/1628757176801021953,2023-02-23T14:02:26.000Z,Eu quero saber quem era a terceira pessoa que estava no carro que os assassinos foram buscar no condomínio Vivendas da Barra Pesada,0,0,0,https://twitter.com/AlencarBraga13/status/1628400009300303873
Andrea,@decapacheco,https://twitter.com/decapacheco/status/1628440301088956420,2023-02-22T17:03:17.000Z,Carluxo,0,0,2,https://twitter.com/AlencarBraga13/status/1628400009300303873
alexandre clistenes,@alexclistenes,https://twitter.com/alexclistenes/status/1636410423619776513,2023-03-16T16:53:42.000Z,Eu tenho uma amiga que é vizinha do Vivendas da Barra Pesada. Ainda bem que o apartamento é bem alto e aumenta a distância entre ela e os cidadãos de bem que vivem lá.,0,0,0,https://twitter.com/AlencarBraga13/status/1628400009300303873
Pensarnaoofende,@pensarnaoofende,https://twitter.com/pensarnaoofende/status/1636353056538345472,2023-03-16T13:05:45.000Z,"Já se sabe também que capitão Adriano, mandachuva do  Escritório do Crime, ex-parça de Queiroz e elogiado por Bolsonaro na Câmara, tinha 300 imóveis em Rio das Pedras. Comunidade dominada por milicianos com ligação com Queiroz, segundo o MP.  Tá difícil ter alguma suspeita...",0,0,0,https://twitter.com/AlencarBraga13/status/1628400009300303873
Luciana,@llucianaVeras1,https://twitter.com/llucianaVeras1/status/1636403225820811264,2023-03-16T16:25:06.000Z,Ah quantas vezes ainda vão usar a coitada da Marielle em jogo político? Toda hora requentam a narrativa….,0,0,0,https://twitter.com/AlencarBraga13/status/1628400009300303873
Deborah Cavini,@CaviniPerla,https://twitter.com/CaviniPerla/status/1628747881720033284,2023-02-23T13:25:30.000Z,"Quando um Governo não faz nada de bom para virar notícia, requenta coisas já resolvidas para virar notícia. Se a polícia investigar corretamente vai chegar nos milicianos amigos do atual Governo. Do anterior tentaram mas não conseguiram nada.",3,0,9,https://twitter.com/AlencarBraga13/status/1628400009300303873
Preta,@Preta11066006,https://twitter.com/Preta11066006/status/1628732426368303105,2023-02-23T12:24:05.000Z,"Nao tenho suspeitas, tenho certeza que veio de uma família...",0,0,0,https://twitter.com/AlencarBraga13/status/1628400009300303873
Joao Tojeiro,@JoaoTojeiro1,https://twitter.com/JoaoTojeiro1/status/1628747476218912770,2023-02-23T13:23:53.000Z,"PF ,faça o  seu papel   doa a  quem doer    e  cana!!!",0,0,0,https://twitter.com/AlencarBraga13/status/1628400009300303873
Superpizza,@Superpi59845063,https://twitter.com/Superpi59845063/status/1628520091653402625,2023-02-22T22:20:20.000Z,Bozzo....,0,0,0,https://twitter.com/AlencarBraga13/status/1628400009300303873
LUZIVANDA GOMES,@Luzinha_014,https://twitter.com/Luzinha_014/status/1628772984776232961,2023-02-23T15:05:15.000Z,"O chão vai tremer e a casa vai cair! Não vai ficar impune,quem mandou mata-la é bem conhecido com certeza.Deus irá desvendar esse mistério,falta pouco.",0,0,0,https://twitter.com/AlencarBraga13/status/1628400009300303873
Regina,@Regawils,https://twitter.com/Regawils/status/1628762165736873984,2023-02-23T14:22:15.000Z,"Mais uma cortina de fumaça para confundir a CPI do dia 08. Mas vamos estar atentos e não nos dispersarmos, queremos a CPI, afinal temos que apurar e comprovar a inocência dos patriotas que foram soltos e os que estão presos inocentes Alguém precisa passar essa história a limpo",0,0,2,https://twitter.com/AlencarBraga13/status/1628400009300303873
BaliBahia,@BaliBahia1,https://twitter.com/BaliBahia1/status/1628701845278322690,2023-02-23T10:22:34.000Z,O mandante é vizinho do Ladrão ou seu?,0,0,0,https://twitter.com/AlencarBraga13/status/1628400009300303873
Luanferlu,@Luanferlu,https://twitter.com/Luanferlu/status/1636507488450166784,2023-03-16T23:19:24.000Z,17 ou 22,0,0,0,https://twitter.com/AlencarBraga13/status/1628400009300303873
Dorival evangelista da Silva,@Dorivalevangel3,https://twitter.com/Dorivalevangel3/status/1628696004353576961,2023-02-23T09:59:21.000Z,É só oficializar o que todos já a muinto sabem,0,0,1,https://twitter.com/AlencarBraga13/status/1628400009300303873
Fizueli da Silva,@Rexitegui13PT,https://twitter.com/Rexitegui13PT/status/1628403687755333634,2023-02-22T14:37:48.000Z,"1 - Carluxo
2 - F. Bolsonaro",3,0,6,https://twitter.com/AlencarBraga13/status/1628400009300303873
José Lucas,@lucasaalmeida,https://twitter.com/lucasaalmeida/status/1628733314843410432,2023-02-23T12:27:37.000Z,"Tic tac, tic tac...",0,0,0,https://twitter.com/AlencarBraga13/status/1628400009300303873
Cristina Brito,@Cristin69141948,https://twitter.com/Cristin69141948/status/1636481188087865348,2023-03-16T21:34:54.000Z,Teu chefe.,0,0,0,https://twitter.com/AlencarBraga13/status/1628400009300303873
altair Andrade dos Santos,@pretocorintiano,https://twitter.com/pretocorintiano/status/1628541533921198080,2023-02-22T23:45:33.000Z,Vai caça o que fazer deputado,0,0,1,https://twitter.com/AlencarBraga13/status/1628400009300303873
PepperDane,@PepperDane1,https://twitter.com/PepperDane1/status/1628472788775317506,2023-02-22T19:12:23.000Z,"Flávio, o filho miliciano.",0,0,1,https://twitter.com/AlencarBraga13/status/1628400009300303873
Cleide Moraes,@cleidemoraes,https://twitter.com/cleidemoraes/status/1628683885566369794,2023-02-23T09:11:12.000Z,Tic tac tic tac,0,0,0,https://twitter.com/AlencarBraga13/status/1628400009300303873
Araújo Anderson,@Anderso28929164,https://twitter.com/Anderso28929164/status/1628550141417295872,2023-02-23T00:19:45.000Z,Claro,0,0,0,https://twitter.com/AlencarBraga13/status/1628400009300303873
manoel Andrade,@manoelA62120976,https://twitter.com/manoelA62120976/status/1628758421708197888,2023-02-23T14:07:23.000Z,Os amigos do crime,0,0,0,https://twitter.com/AlencarBraga13/status/1628400009300303873
Silvia Bigaton,@silvi_superela,https://twitter.com/silvi_superela/status/1636333848463044610,2023-03-16T11:49:25.000Z,"Sim, desconfio do próprio partido que precisava de um caixão pra palanque",0,0,0,https://twitter.com/AlencarBraga13/status/1628400009300303873
Alex Correa,@indiocdj,https://twitter.com/indiocdj/status/1628478437089243137,2023-02-22T19:34:49.000Z,Será que vão investigar a morte do prefeito de Santo André tbm?,0,0,4,https://twitter.com/AlencarBraga13/status/1628400009300303873
Moydvan Sousa Lima,@MoydvanL,https://twitter.com/MoydvanL/status/1628795525196570624,2023-02-23T16:34:49.000Z,"A suspeite continua a mesma, o filhinho do papai que ficou com medo de perder a mamata",0,0,0,https://twitter.com/AlencarBraga13/status/1628400009300303873
Wellington Diniz,@Wellmaestro,https://twitter.com/Wellmaestro/status/1628537095475134465,2023-02-22T23:27:54.000Z,01,0,0,0,https://twitter.com/AlencarBraga13/status/1628400009300303873
Daniel Nicola,@danielnicolaju,https://twitter.com/danielnicolaju/status/1636748894238375939,2023-03-17T15:18:40.000Z,"tenho varios suspeitos , todes Fascistas : o Paulo Brificado , Cuca Beludo , a Tia Romba , a Paula Tejano , o Tomas Turbano , Davi Agra e o Power Guido !!! pra cima deles deputade !!!!",0,0,0,https://twitter.com/AlencarBraga13/status/1628400009300303873
Jumentos Unidos da América,@JumentosUnidos,https://twitter.com/JumentosUnidos/status/1628493439426875393,2023-02-22T20:34:26.000Z,Como se fala carro de luxo em inglês? Luxo Car ou Car Luxo?,1,1,10,https://twitter.com/AlencarBraga13/status/1628400009300303873
Rasputin de Carvalho terceira conta,@RasputinCarva,https://twitter.com/RasputinCarva/status/1628707741429538816,2023-02-23T10:46:00.000Z,Essa eu quero ver,0,0,3,https://twitter.com/AlencarBraga13/status/1628400009300303873
Maria Adelaide,@MariaAd33499495,https://twitter.com/MariaAd33499495/status/1628409425697308672,2023-02-22T15:00:36.000Z,Agora vai... está na hora de esclarecer esse crime.,0,1,7,https://twitter.com/AlencarBraga13/status/1628400009300303873
Márcio A. Siqueira,@marcinhofla84,https://twitter.com/marcinhofla84/status/1628801886777184258,2023-02-23T17:00:06.000Z,"Ué, mas o maior bandido não é aquele que está hoje na presidência?",0,0,0,https://twitter.com/AlencarBraga13/status/1628400009300303873
Cleverson,@Clevers08530158,https://twitter.com/Clevers08530158/status/1628757166248148992,2023-02-23T14:02:23.000Z,"Investiguem a morte da traficante Marielle depois que solucionarem esses primeiros,  #ptquadrila",0,0,0,https://twitter.com/AlencarBraga13/status/1628400009300303873
Cleverson,@Clevers08530158,https://twitter.com/Clevers08530158/status/1628757480720285699,2023-02-23T14:03:38.000Z,"Investigem quem mandou matar nosso querido Presidente Bolsonaro,#ptquadrila",0,0,0,https://twitter.com/AlencarBraga13/status/1628400009300303873
Nat Tommazo,@natanserafin,https://twitter.com/natanserafin/status/1628724029669474311,2023-02-23T11:50:43.000Z,"Alencar, meu vizinho aqui de Atibaia, é dono de um sítio, que ""não é dele"", de um prédio na praia, que ""não é dele"" e esteve preso. O que eu tenho a ver com o currículo desse ladrão? Só pq sou vizinho???!? Para de falar m....",0,0,1,https://twitter.com/AlencarBraga13/status/1628400009300303873
Ivone de Castro,@IvoneCastro,https://twitter.com/IvoneCastro/status/1628582803536240640,2023-02-23T02:29:32.000Z,Só aguardamos ser comprovado o que todos nós já sabemos.,0,0,1,https://twitter.com/AlencarBraga13/status/1628400009300303873
Jailson Santos,@Jailson69294065,https://twitter.com/Jailson69294065/status/1628607748437954560,2023-02-23T04:08:39.000Z,"vc tá dizendo  q , a @policiafederalr era comandada por bandido a????
vc como deputado tem as provas ,ne",0,1,0,https://twitter.com/AlencarBraga13/status/1628400009300303873
Monica Alfini,@MonicaAlfini,https://twitter.com/MonicaAlfini/status/1631742739992772624,2023-03-03T19:46:00.000Z,Gostaria do empenho para descobrir quem foi o assassino da mulher aí com milhões de mortos nas mão da bandidagem !,0,0,0,https://twitter.com/AlencarBraga13/status/1628400009300303873
Murilo Moretti,@MuriloMoretti10,https://twitter.com/MuriloMoretti10/status/1628728790149959682,2023-02-23T12:09:38.000Z,"Podia aproveitar e colocar Celso Daniel, o prefeito de Campinas...
Upss, esses não!",0,0,1,https://twitter.com/AlencarBraga13/status/1628400009300303873
Rosypereira,@PereiraRose13,https://twitter.com/PereiraRose13/status/1628405747481554946,2023-02-22T14:45:59.000Z,Cabeca de filtro de barro,0,0,3,https://twitter.com/AlencarBraga13/status/1628400009300303873
isaias De Araujo Silva,@isaias4721,https://twitter.com/isaias4721/status/1628419636420124679,2023-02-22T15:41:10.000Z,"Acho que vão saber quem mandou matar bolsonaro, e Celso Daniel ex prefeito de São Paulo também.",3,0,16,https://twitter.com/AlencarBraga13/status/1628400009300303873
Maria Maria,@MariaMa94595384,https://twitter.com/MariaMa94595384/status/1628400791030734848,2023-02-22T14:26:17.000Z,O país saiu do cativeiro.,0,0,6,https://twitter.com/AlencarBraga13/status/1628400009300303873
Francisco Ronaldo,@Francis72275937,https://twitter.com/Francis72275937/status/1628403194068889602,2023-02-22T14:35:50.000Z,DEMOROU 👏👏👏,0,0,2,https://twitter.com/AlencarBraga13/status/1628400009300303873
DanielRochaBHoficial,@danielrochaBHof,https://twitter.com/danielrochaBHof/status/1628733186434908160,2023-02-23T12:27:06.000Z,"só não vale depois arquivar e transformar em sigiloso assim como fez com as imagens das câmeras do congresso sobre o dia 08 de Janeiro viu? quando aparecer alguém ligado ao PT, não vale esconder TAOKEY???",1,0,5,https://twitter.com/AlencarBraga13/status/1628400009300303873
Luciano Rocha,@Luciano__Rocha,https://twitter.com/Luciano__Rocha/status/1628440325143289859,2023-02-22T17:03:23.000Z,Descobrir quem é... ou revelar?,0,0,4,https://twitter.com/AlencarBraga13/status/1628400009300303873
rcamargo,@rcamargo2k,https://twitter.com/rcamargo2k/status/1636260209864613889,2023-03-16T06:56:48.000Z,"Carluxo: discutiu com Mariele. Ouviu poucas e boas de a Mariele.... Ele não aceita e manda, ou até, participa do assassinato de Mariele e Anderson.",0,3,1,https://twitter.com/AlencarBraga13/status/1628400009300303873
Margozinha,@MargoSLuiz,https://twitter.com/MargoSLuiz/status/1636410906664919041,2023-03-16T16:55:37.000Z,"A quem interessaria a morte dessa mulher, a não ser os bandidos,  os quais ela tinha contato",0,0,1,https://twitter.com/AlencarBraga13/status/1628400009300303873
Eduardo Friás,@neduardofrias,https://twitter.com/neduardofrias/status/1628594125158187008,2023-02-23T03:14:31.000Z,"Vais dormir bem hoje @CarlosBolsonaro ?
Tic-tac Tic-tac #QuemMandouMatarMarielle",0,0,2,https://twitter.com/AlencarBraga13/status/1628400009300303873
Aparecida De Oliveira,@Apareci19894287,https://twitter.com/Apareci19894287/status/1628696469166256129,2023-02-23T10:01:12.000Z,Mariele descobriu as rajadinhas na câmara do RJ  e as construções irregulares  em lugares proibidos . A famílicia toda,1,0,6,https://twitter.com/AlencarBraga13/status/1628400009300303873
Lady in red,@mysticamagya10,https://twitter.com/mysticamagya10/status/1628463976534122497,2023-02-22T18:37:22.000Z,Passou da hora de esclarecer tudo e colocar os responsáveis na cadeia,1,0,8,https://twitter.com/AlencarBraga13/status/1628400009300303873
Gelcimar Soares,@gelcimar_soares,https://twitter.com/gelcimar_soares/status/1628665722036535296,2023-02-23T07:59:01.000Z,Marcelo Freixo,0,0,1,https://twitter.com/AlencarBraga13/status/1628400009300303873
áudia Lim,@HazelLynx27,https://twitter.com/HazelLynx27/status/1628555750585823232,2023-02-23T00:42:02.000Z,"Tenho!

Só não vou citar o nome pq não tenho dinheiro para bancar um advogado!

Vá que o ""Cabeça de Filtro"" me processe!",0,0,5,https://twitter.com/AlencarBraga13/status/1628400009300303873
J J Pinto,@JJPinto1967,https://twitter.com/JJPinto1967/status/1628796043235143681,2023-02-23T16:36:52.000Z,"Eu só queria ver todo esse empenho na solução de ""trocentos"" outros casos sem solução; por exemplo quem mudou matar o Celso Daniel? Vc tem alguma suspeita? A PF era comandada por bandidos? É uma acusação grave, foi feita alguma denúncia?",0,0,3,https://twitter.com/AlencarBraga13/status/1628400009300303873
Luiz Henrique Feller Rodrigues da Costa Cavallo,@luizcavalo,https://twitter.com/luizcavalo/status/1636486960624566274,2023-03-16T21:57:50.000Z,Alguém da esquerda com certeza,0,0,0,https://twitter.com/AlencarBraga13/status/1628400009300303873
Sheila Campello,@sheilacampello,https://twitter.com/sheilacampello/status/1628773117861548036,2023-02-23T15:05:47.000Z,Eu tenho uma forte verdade provisória. Creio que tenho grandes chances de torná-la definitiva neste Brasil renascido.,0,0,0,https://twitter.com/AlencarBraga13/status/1628400009300303873
Dinho,@AlexEngCivil1,https://twitter.com/AlexEngCivil1/status/1628820512653602818,2023-02-23T18:14:06.000Z,"Vcs estão mesmo focados no ódio e na vingança. Uma turba de bandidos achando que todos possuem a sua mesma conduta criminosa como cerne das atividades laborais. Não meus caros, no Governo Bolsonaro vcs não encontrarão o que procuram.",0,0,0,https://twitter.com/AlencarBraga13/status/1628400009300303873
motorplayer do Fernando,@MotorplayerF,https://twitter.com/MotorplayerF/status/1628573189910548484,2023-02-23T01:51:20.000Z,EU AUTORIZO.,0,0,0,https://twitter.com/AlencarBraga13/status/1628400009300303873
Alessandro Mortari,@AlessandroMort8,https://twitter.com/AlessandroMort8/status/1628736762880094208,2023-02-23T12:41:19.000Z,Quem mandou matar Marielle? Quem foi que mandou trocar toda a estrutura da força policial durante a investigação mesmo? Quem não deve não teme.,0,0,0,https://twitter.com/AlencarBraga13/status/1628400009300303873
Valéria Monteiro,@ValriaM77839419,https://twitter.com/ValriaM77839419/status/1636398120367009792,2023-03-16T16:04:49.000Z,Eu queria saber quem mandou esfaquear Bolsonaro 🤔🤔🤔,0,0,0,https://twitter.com/AlencarBraga13/status/1628400009300303873
SÉRGIO ROSA DA SILVA,@REVSERGIOROSA,https://twitter.com/REVSERGIOROSA/status/1636749629025837057,2023-03-17T15:21:35.000Z,"Se o Governo Petista usar o mesmo parâmetro p elucidar os mandantes do assassinato de Celso Daniel, não sai do gogó.",0,0,0,https://twitter.com/AlencarBraga13/status/1628400009300303873
Azdrooball,@azdrooball,https://twitter.com/azdrooball/status/1628417768495411201,2023-02-22T15:33:45.000Z,Deve ser papai fresco,0,0,1,https://twitter.com/AlencarBraga13/status/1628400009300303873
Osmar Melo,@OsmarMelo15,https://twitter.com/OsmarMelo15/status/1628697774047862784,2023-02-23T10:06:23.000Z,Só 1000% kkkk,0,0,0,https://twitter.com/AlencarBraga13/status/1628400009300303873
Rafael Tiago,@T18839381Tiago,https://twitter.com/T18839381Tiago/status/1628701098285441027,2023-02-23T10:19:36.000Z,E quem mandou matar o bolsonaro ?,0,0,0,https://twitter.com/AlencarBraga13/status/1628400009300303873
Beth Bento,@IBETHBENTO,https://twitter.com/IBETHBENTO/status/1628437771290398720,2023-02-22T16:53:14.000Z,#proteção #Jesus # Mariellefranco,0,0,1,https://twitter.com/AlencarBraga13/status/1628400009300303873
Kátia,@MeuNomeEKatia_,https://twitter.com/MeuNomeEKatia_/status/1628404127666434051,2023-02-22T14:39:32.000Z,Quem deixaria de se eleger caso ela fosse candidata ao Senado ?,1,1,5,https://twitter.com/AlencarBraga13/status/1628400009300303873
Não pode ficar em branco,@NoEnche4,https://twitter.com/NoEnche4/status/1628497651665719296,2023-02-22T20:51:10.000Z,"Depois que carluxo fpi na portaria e teve acesso aos registros e o porteiro testemunha, misteriosamente, voltou atrás no relato, acho dificil demais elucidar esse crime.",0,1,6,https://twitter.com/AlencarBraga13/status/1628400009300303873
Delaine Sousa,@DelaineGodoy,https://twitter.com/DelaineGodoy/status/1628716568975663104,2023-02-23T11:21:04.000Z,"O nome, eu não sei. Mas o sobrenome é Bolsonaro!",0,0,1,https://twitter.com/AlencarBraga13/status/1628400009300303873
Rita Tonette,@TonetteRita,https://twitter.com/TonetteRita/status/1636407006025203712,2023-03-16T16:40:07.000Z,Tem que falar com o porteiro do vivendas da barra,0,0,1,https://twitter.com/AlencarBraga13/status/1628400009300303873
Chaves.Neto yeshua hamashia,@ChavesNeto3,https://twitter.com/ChavesNeto3/status/1628522711264755712,2023-02-22T22:30:45.000Z,"E a ministra do turismo é amiga deles, kkkkk",0,1,6,https://twitter.com/AlencarBraga13/status/1628400009300303873
Noélia,@NoeliaFerraz,https://twitter.com/NoeliaFerraz/status/1628733901542723585,2023-02-23T12:29:57.000Z,"Suspeita, não. Mas uma curiosidade: por onde anda o delegado Geniton Lages?  
Foi retirado de uma coletiva de imprensa depois de dizer que a sociedade ficaria chocada... Nunca mais o vi.",0,3,5,https://twitter.com/AlencarBraga13/status/1628400009300303873
RADICAL,@radical95340472,https://twitter.com/radical95340472/status/1636347184445640704,2023-03-16T12:42:25.000Z,"Marielle e Anderson não foram os únicos casos de assassinato, vários outros candidatos foram executados e certamente pela mesma milícia que se julgam os donos do poder, porém desta vez parece que deu ruim.",0,0,1,https://twitter.com/AlencarBraga13/status/1628400009300303873
Marisa victorio da silva,@victorio_marisa,https://twitter.com/victorio_marisa/status/1628415590170763268,2023-02-22T15:25:05.000Z,"assassinos de Marielle e Anderson é vizinho de Jair Bolsonaro no Vivendas da Barra Pesada. Agora que deixou de ser comandada por bandidos, a Polícia Federal vai descobrir quem é o mandante do crime. E você, tem alguma suspeita? 🕵️👮‍♂️🚓",0,1,4,https://twitter.com/AlencarBraga13/status/1628400009300303873
LA Vieira,@LuizAntVieir,https://twitter.com/LuizAntVieir/status/1628476277538660353,2023-02-22T19:26:14.000Z,Mandante: BN,0,0,1,https://twitter.com/AlencarBraga13/status/1628400009300303873
Resende,@Lulu_Resende20,https://twitter.com/Lulu_Resende20/status/1628788390156984321,2023-02-23T16:06:28.000Z,Acho que temos uma família suspeita deste crime...,0,0,0,https://twitter.com/AlencarBraga13/status/1628400009300303873
Resende,@Lulu_Resende20,https://twitter.com/Lulu_Resende20/status/1628789109580877831,2023-02-23T16:09:19.000Z,Ansiosa,0,0,0,https://twitter.com/AlencarBraga13/status/1628400009300303873
Jose Carlos Araujo Silva,@JoseCar10109803,https://twitter.com/JoseCar10109803/status/1628895988000718849,2023-02-23T23:14:01.000Z,Foi o chunda!,0,0,0,https://twitter.com/AlencarBraga13/status/1628400009300303873
maria das neves,@mneves1924,https://twitter.com/mneves1924/status/1628803701417672706,2023-02-23T17:07:18.000Z,"Sim, todo mundo sabe quem foi o mandante. Só às autoridades se fazem de sega surda e muda",0,0,0,https://twitter.com/AlencarBraga13/status/1628400009300303873
Riva Sobrado de Freitas,@SobradoDe,https://twitter.com/SobradoDe/status/1628769940483321857,2023-02-23T14:53:09.000Z,Temos algumas certezas,0,0,0,https://twitter.com/AlencarBraga13/status/1628400009300303873
Elisabeth Cavalcanti,@bethebaroni,https://twitter.com/bethebaroni/status/1636321549031464962,2023-03-16T11:00:33.000Z,💗🙌🏼🙏,0,0,0,https://twitter.com/AlencarBraga13/status/1628400009300303873
PAULINO,@paulinhotr29,https://twitter.com/paulinhotr29/status/1636333655877402625,2023-03-16T11:48:39.000Z,"Se não é comandado por bandidos é por que então ?
Por que o empossado é ex presidiário e não cumpriu a pena dele .",0,0,0,https://twitter.com/AlencarBraga13/status/1628400009300303873
JoseMarcos,@JoseMar95467329,https://twitter.com/JoseMar95467329/status/1636490641633845249,2023-03-16T22:12:28.000Z,Fala você que parece saber bastante.,0,0,0,https://twitter.com/AlencarBraga13/status/1628400009300303873
Douglas,@Douglas1112222,https://twitter.com/Douglas1112222/status/1628935981620420608,2023-02-24T01:52:56.000Z,Eu acho que foi o Jair ou o filhote irrustido Carluxa.,0,0,0,https://twitter.com/AlencarBraga13/status/1628400009300303873
Prof. Leandro Velloso,@prof_velloso,https://twitter.com/prof_velloso/status/1636343557349953540,2023-03-16T12:28:00.000Z,Todos sabem que mandou matar.,0,0,0,https://twitter.com/AlencarBraga13/status/1628400009300303873
Mirtes Silva,@mirtesdasilvas,https://twitter.com/mirtesdasilvas/status/1629038568483041280,2023-02-24T08:40:35.000Z,Cadê o delegado Genilton Lages? Cadê o porteiro?,0,0,0,https://twitter.com/AlencarBraga13/status/1628400009300303873
Edison Queiroz,@EdisonQueiroz3,https://twitter.com/EdisonQueiroz3/status/1636379496868872193,2023-03-16T14:50:49.000Z,"Acho que o mandante é vizinho dos executores. Tá na hora de tomar um depoimento sério do porteiro, o que pode enrolar até o pilantra do Sérgio Moro.",0,0,0,https://twitter.com/AlencarBraga13/status/1628400009300303873
Edison Queiroz,@EdisonQueiroz3,https://twitter.com/EdisonQueiroz3/status/1636735701302616068,2023-03-17T14:26:14.000Z,Lembram que Carluxo se antecipou a polícia pra ver as gravações na portaria?,0,0,0,https://twitter.com/AlencarBraga13/status/1628400009300303873
Geraldo Correa,@gecorreamg,https://twitter.com/gecorreamg/status/1628765338287448068,2023-02-23T14:34:52.000Z,Quem não suspeita do envolvimento da família Bolsonaro?,0,0,0,https://twitter.com/AlencarBraga13/status/1628400009300303873
Shimada Coelho -島田,@ShimadaCoelho,https://twitter.com/ShimadaCoelho/status/1628772580600545283,2023-02-23T15:03:39.000Z,"#VivaForever,Marielle!",0,0,0,https://twitter.com/AlencarBraga13/status/1628400009300303873
¯̷\̷_̷(̷ツ̷)̷_̷/̷¯̷༗̷☬̷̷L̷i̷g̷i̷a̷g̷u̷e̷r̷r̷a̷,@LigiaGuerra7,https://twitter.com/LigiaGuerra7/status/1628820085564403714,2023-02-23T18:12:25.000Z,"Segundo especialistas parece que foram milicianos ""amigos"" da ministra do turismo, mas segundo rui Costa é irrelevante.....igualzinho ao caso Celso Daniel ! Areia nos olhos!",0,1,0,https://twitter.com/AlencarBraga13/status/1628400009300303873
Deco  ★彡,@LupinBFR,https://twitter.com/LupinBFR/status/1636371547228360706,2023-03-16T14:19:13.000Z,"Sobre a Marielle e os demais Vereadores assassinados no RJ APÓS ELA, tudo indica que tenha sido a Milícia (problema surgido durante os Govs incompetentes do PT).
Agora quem vc acha que mandou m4 t4r Celso Daniel, Toninho do PT e etc ? 🦑",0,0,0,https://twitter.com/AlencarBraga13/status/1628400009300303873
Miguel Goes,@Miguel_WGoes,https://twitter.com/Miguel_WGoes/status/1628534995806572544,2023-02-22T23:19:34.000Z,QUEREMOS SABER QUEM MANDOU MATAR CELSO DANIEL E TONINHO DO PT.,0,0,1,https://twitter.com/AlencarBraga13/status/1628400009300303873
Cruz lima,@Cruzlima23,https://twitter.com/Cruzlima23/status/1628692725414473730,2023-02-23T09:46:20.000Z,"Os mandantes do assassinato tb do Jair Bolsonaro??? Quem fez o álibi na câmara as assinatura de entrada , quem pagou os advogado pro adelio , quem organizou , o povo exige esclarecimento ..",0,2,1,https://twitter.com/AlencarBraga13/status/1628400009300303873
Su,@Supatriota,https://twitter.com/Supatriota/status/1636401998147747841,2023-03-16T16:20:13.000Z,"E o inquérito pra apurar a facada do Presidente? Vcs não tiramo o nome do homem da boca. Que bom, ele é inesquecível mesmo💚💙🇧🇷Um salve pro nosso Presida @jairbolsonaro 🇧🇷🇧🇷🇧🇷",0,0,0,https://twitter.com/AlencarBraga13/status/1628400009300303873
Fá Ventura,@fatimaventuraa,https://twitter.com/fatimaventuraa/status/1628625228602515457,2023-02-23T05:18:07.000Z,"Acredito que pode ser o mesmo mandante do Celso Daniel, das 9 testemunhas do caso, Do Toninho do PT, Do Teori Zavascki, Roberto Campos  …  e por aí vai , né??? Ahhhhh, e o mesmo da facada em Bolsonaro 😉 , já ia me esquecendo 😉",0,0,0,https://twitter.com/AlencarBraga13/status/1628400009300303873
ana maria moreno,@maiaskip,https://twitter.com/maiaskip/status/1628794129235734531,2023-02-23T16:29:16.000Z,"De novo com essa palhaçada!!!! Há 4 anos vcs procuraram culpar  boldsonaro, seus filho e até esposa.Vcs são pesdoa a sem escrúpulo, aliados s essa velha mídia que é  um câncer!!! Foda- se que quem era ou é  vizinho to bolsonaro!!! A gente sabe quem é quem!!!",0,0,0,https://twitter.com/AlencarBraga13/status/1628400009300303873
Geilson Bonicenha,@AcegmesE,https://twitter.com/AcegmesE/status/1636373849712508930,2023-03-16T14:28:22.000Z,Seria o mesmo grupo q mandou matar CELSO DANIEL?,0,0,0,https://twitter.com/AlencarBraga13/status/1628400009300303873
ALEGRIA DE FASCISTA,@dende_flor,https://twitter.com/dende_flor/status/1628573106586456066,2023-02-23T01:51:00.000Z,"“Voltar a investigar” isso é numa vergonha… se parou de investigar sem conclusão , acho que é BEM ÓBVIO pq parou, né?! Tem os DEDOS PODRES da familicia do Genocida até o talo!",0,0,0,https://twitter.com/AlencarBraga13/status/1628400009300303873
ALEGRIA DE FASCISTA,@dende_flor,https://twitter.com/dende_flor/status/1628574273903239169,2023-02-23T01:55:39.000Z,"Bolsonarismo é uma doença!!!!! PQP !!!!
Dá nojo ao ler os comentários! Os BOLSOAFETIVOS SÃO ASSASSINOS POR TABELA! 
Que galera do mal!!! Que galera louca!",0,0,0,https://twitter.com/AlencarBraga13/status/1628400009300303873
Jerryabati@gmail3.com.br Abati,Jerryabati@gmail3.com.br Abati,https://twitter.com/jerryabati/status/1629086694887620608,2023-02-24T11:51:49.000Z,Marielle maconheira....e o Celso Daniel e seus 8 assessores..vá  caga ditadura sempre OPA,0,0,0,https://twitter.com/AlencarBraga13/status/1628400009300303873
Valdo Da Silva,@ValdoDa06090302,https://twitter.com/ValdoDa06090302/status/1628505765009928193,2023-02-22T21:23:25.000Z,"Depois dessa notícia vcs acham que isso vai dá, em alguma coisa??

Vai dá tempo para os criminosos se armar, e dá fim em provas q possa os condenar?",0,0,1,https://twitter.com/AlencarBraga13/status/1628400009300303873
ZigurattY,@MMA_ItapRJ,https://twitter.com/MMA_ItapRJ/status/1628475567258365954,2023-02-22T19:23:25.000Z,Tão nessa Merda ainda kkkk ressuscita ela no candomblé pra morrer denovo,0,0,1,https://twitter.com/AlencarBraga13/status/1628400009300303873
Vitor Correia,@ovitor_vitor,https://twitter.com/ovitor_vitor/status/1636486830886354944,2023-03-16T21:57:19.000Z,Que descobrir tem q descobrir faz tem. Já o vagabundo se fazer de juiz tem uma distância enorme. Mas se não for assim esse jumento vai conseguir um cargo público? Nunca. Vai trabalhar vagabundo m,0,0,0,https://twitter.com/AlencarBraga13/status/1628400009300303873
Vitor Correia,@ovitor_vitor,https://twitter.com/ovitor_vitor/status/1636486943671287810,2023-03-16T21:57:46.000Z,Alencar é o irmão do Alex?,0,0,0,https://twitter.com/AlencarBraga13/status/1628400009300303873
Cleverson,@Clevers08530158,https://twitter.com/Clevers08530158/status/1628755086116634625,2023-02-23T13:54:07.000Z,Pt mandou matar essa traficante...,0,0,0,https://twitter.com/AlencarBraga13/status/1628400009300303873
Dorivan Schmitt,@Dorivan_Schmitt,https://twitter.com/Dorivan_Schmitt/status/1636408172276744192,2023-03-16T16:44:45.000Z,"Queria saber se verificaram a localização de Carlos Bolsonaro no dia do assassinato🤔Quem mesmo que mexeu nos registros da portaria?

Bandidos e seus amigos bandidos:

“Clã Bolsonaro condecorou 16 PMs denunciados em organizações criminosas”",0,0,0,https://twitter.com/AlencarBraga13/status/1628400009300303873
Aparecido Santos,@Apareci21037266,https://twitter.com/Apareci21037266/status/1628413886570418180,2023-02-22T15:18:19.000Z,Flávio Bozobosta...este é o mandante,0,0,1,https://twitter.com/AlencarBraga13/status/1628400009300303873
SELMY ANTONIO,@AntonioSelmy,https://twitter.com/AntonioSelmy/status/1628734080228507649,2023-02-23T12:30:39.000Z,Sei.,0,1,5,https://twitter.com/AlencarBraga13/status/1628400009300303873
Maria Jane de souza,@MariaJanedesou5,https://twitter.com/MariaJanedesou5/status/1628946188819959808,2023-02-24T02:33:30.000Z,Suspeita não tenho certeza.,0,0,0,https://twitter.com/AlencarBraga13/status/1628400009300303873
Jacy,@Jaciara83478601,https://twitter.com/Jaciara83478601/status/1629154862335160322,2023-02-24T16:22:42.000Z,"Vou me comprometer judicialmente se eu falar aqui, quem eu acho q foi o mandante, ou os mandantes, né? Aff...chato não poder falar a verdade, mas a justiça será feita. Nada, em toda a criação, está oculto aos olhos de Deus.",0,0,0,https://twitter.com/AlencarBraga13/status/1628400009300303873
Valdo Da Silva,@ValdoDa06090302,https://twitter.com/ValdoDa06090302/status/1628509523886456832,2023-02-22T21:38:21.000Z,"O ladrão avisa quando vai na sua casa roubar? Porque para pegar e prender o ladrão tem que avisar?

Essa operação da Polícia Federal só deveria cair na grande mídia quando colocasse as mão nos bandidos, né?",0,0,0,https://twitter.com/AlencarBraga13/status/1628400009300303873
Mauricio Mauricio filho.,@Mauriciommfilho,https://twitter.com/Mauriciommfilho/status/1628723965848870913,2023-02-23T11:50:28.000Z,Foi o pessoal do PSOL junto com a milicia da Ministra do Turismo...segue os bandidos,0,0,0,https://twitter.com/AlencarBraga13/status/1628400009300303873
Maria Auxiliadora,@doramaria2020,https://twitter.com/doramaria2020/status/1628709246157168640,2023-02-23T10:51:58.000Z,O mesmo que mandou matar o Presidente Bolsonaro ??? O mesmo quem matou o Celso???,0,0,0,https://twitter.com/AlencarBraga13/status/1628400009300303873
Marcelo Leite,@Marcelo05222246,https://twitter.com/Marcelo05222246/status/1628770613308317696,2023-02-23T14:55:49.000Z,Agora é só investigar!!!!,0,0,0,https://twitter.com/AlencarBraga13/status/1628400009300303873
Tavares Guigo,@guigotrf,https://twitter.com/guigotrf/status/1636409333239123973,2023-03-16T16:49:22.000Z,"Brasil, mais de 72 milhões de domicílios. O assassino morava no condomínio do Bolsonaro. Isso não quer dizer nada, foi só uma coincidência. Ao perder a perna, Ronnie teve uma ajuda de Bolsonaro para que fosse prioridade seu atendimento num centro de reabilitação. Só Coincidência.",0,0,0,https://twitter.com/AlencarBraga13/status/1628400009300303873
Zero Hazard,@Irohazard,https://twitter.com/Irohazard/status/1628570552091791361,2023-02-23T01:40:51.000Z,"Um miliciano disse q o petista Lindbergh foi o melhor patrão. Ex pmdb Brazao, acusado de envolvimento com o caso. Ministra do Dilmo acusada de ter relação com a galera. Vão investigar mesmo? O caraleo. Deixe o cadáver dela descansar, poha. Como vai Hugo Carvajal?",0,0,0,https://twitter.com/AlencarBraga13/status/1628400009300303873
V€r!$$!m0 M,@MnicaAl22991781,https://twitter.com/MnicaAl22991781/status/1628701648011886593,2023-02-23T10:21:47.000Z,"Pois e, vc tem alguma suspeita de quem mandou matar Celso Daniel? Quem mandou matar todas as testemunhas? Quem mandou matar até o perito? QUEM? Quem mandou matar Bolsonaro? Vc tem ideia?? Isso a PF não investiga.l i x o",0,0,0,https://twitter.com/AlencarBraga13/status/1628400009300303873
Phillipe Hugo,@phillipe_hugo,https://twitter.com/phillipe_hugo/status/1629100513944903680,2023-02-24T12:46:44.000Z,"Sim, eu suspeito da família do Bozo. Bando de lixo",0,0,1,https://twitter.com/AlencarBraga13/status/1628400009300303873
Valdir Vani,@ValdirVani,https://twitter.com/ValdirVani/status/1628752252981678081,2023-02-23T13:42:52.000Z,Reabram o processo da morte do CELSO DANIEL e revelem QUEM MANDOU MATAR JAIR MESSIAS BOLSONARO! Simples assim! Ou a PF é só para resolver crimes contra comunistas et caterva?,0,0,0,https://twitter.com/AlencarBraga13/status/1628400009300303873
#CriminalizaçãoDoComunismo FORA LULA,@JLBIASE,https://twitter.com/JLBIASE/status/1628731144840642561,2023-02-23T12:18:59.000Z,Queremos a #CPMIdo8deJaneiro,1,0,3,https://twitter.com/AlencarBraga13/status/1628400009300303873
António Morais,@CalM29541309,https://twitter.com/CalM29541309/status/1628408832320757761,2023-02-22T14:58:14.000Z,Suspeito do Faz o L deve ter sido os corruptos.,1,0,0,https://twitter.com/AlencarBraga13/status/1628400009300303873
neminem | Fora Fascistas! Viva LULA!,@brianna_freyja,https://twitter.com/brianna_freyja/status/1628738104549842944,2023-02-23T12:46:39.000Z,Espero que consigam botar a familia toda na cadeia,0,0,0,https://twitter.com/AlencarBraga13/status/1628400009300303873
DLol,@Dlolah78,https://twitter.com/Dlolah78/status/1628475747382792193,2023-02-22T19:24:08.000Z,"De novo isso! Q saco! Eu tenho...da mesma laia que mandou matar Celso Daniel, Teori Zawaski, Eduardo Campos, Ulisses GuimaRães e de quem deu a facada no Bolsonaro!",1,0,2,https://twitter.com/AlencarBraga13/status/1628400009300303873
Nestor,@Nestor96788602,https://twitter.com/Nestor96788602/status/1628778604673769473,2023-02-23T15:27:35.000Z,O LADRÃO está em todas e todes...,0,0,0,https://twitter.com/AlencarBraga13/status/1628400009300303873
Nêssa Hono,@HonoNessa,https://twitter.com/HonoNessa/status/1628737506492522497,2023-02-23T12:44:16.000Z,Bolsonaro e seus milicianos filhos foram os mandantes com certeza !,0,0,0,https://twitter.com/AlencarBraga13/status/1628400009300303873
Cesar Augusto BR,@CesarAugusto_sp,https://twitter.com/CesarAugusto_sp/status/1628780912786677760,2023-02-23T15:36:45.000Z,"Claro que queremos saber de tudo.
Ou vão arquivar igual o caso do Celso Daniel e o Toninho do #PTNuncaMais",0,0,0,https://twitter.com/AlencarBraga13/status/1628400009300303873
Elaine_correa_lorena_,@Elainecorrealo1,https://twitter.com/Elainecorrealo1/status/1636727311922872320,2023-03-17T13:52:54.000Z,Crimes sem respostas:,0,0,1,https://twitter.com/AlencarBraga13/status/1628400009300303873
A. Marques,@MarquesArnaldo,https://twitter.com/MarquesArnaldo/status/1628752242009407488,2023-02-23T13:42:49.000Z,"#celsodaniel  mistério no PT #QuemMandouMatarBolsonaro  
Esclarecer urgente",0,0,1,https://twitter.com/AlencarBraga13/status/1628400009300303873
Sponer,@Sponer,https://twitter.com/Sponer/status/1636415082291658754,2023-03-16T17:12:13.000Z,Deve ser alguém da esquerda como sempre,0,0,0,https://twitter.com/AlencarBraga13/status/1628400009300303873
Carlos Washington Lujan,@CarlosWLujan,https://twitter.com/CarlosWLujan/status/1628550951094067200,2023-02-23T00:22:58.000Z,Sim tenho Certeza está Vagabunda morreu por que Merecia ...foi mexer dando tapas no o peito pensando que sairia sem Problemas dos Milicianos ..mas vc sabemos que outro tipo de Bandido..Neh?,0,0,0,https://twitter.com/AlencarBraga13/status/1628400009300303873
Tati.ctert,@piculosa,https://twitter.com/piculosa/status/1628491741845155843,2023-02-22T20:27:41.000Z,Quem matou Celso Daniel mesmo? 🤔,0,0,0,https://twitter.com/AlencarBraga13/status/1628400009300303873
Rita Lombardi22,@RCLpatriota,https://twitter.com/RCLpatriota/status/1628611772964904960,2023-02-23T04:24:39.000Z,Me interessa saber quem mandou matar Bolsonaro,0,0,0,https://twitter.com/AlencarBraga13/status/1628400009300303873
vagno ferreira lima,@vagnoferreirali,https://twitter.com/vagnoferreirali/status/1628555684164825088,2023-02-23T00:41:46.000Z,Precisa ver quem mandou matar o Celso Daniel também,0,0,0,https://twitter.com/AlencarBraga13/status/1628400009300303873
1981,@Cleiber1981,https://twitter.com/Cleiber1981/status/1628756585718722564,2023-02-23T14:00:05.000Z,Vão mandar reabrir o caso Celso Daniel??? Só pra sabermos quem é ou foram os mandantes....,0,0,0,https://twitter.com/AlencarBraga13/status/1628400009300303873
ednyr santos,@EdnyrSantos,https://twitter.com/EdnyrSantos/status/1628510825051824130,2023-02-22T21:43:31.000Z,Espero que nesse barco esteja tb o pedido de apurar quem mandou matar Bolsonaro!!,1,0,0,https://twitter.com/AlencarBraga13/status/1628400009300303873
Rodrigo Albuquerque,@Rodrigo92983338,https://twitter.com/Rodrigo92983338/status/1628756422497382404,2023-02-23T13:59:26.000Z,"Eu não tenho nenhuma, Essa criatura era envolvida até o pescoço com o tráfico, foi acerto de contas.",0,0,0,https://twitter.com/AlencarBraga13/status/1628400009300303873
Orfheu,@RAZESFILOSFICA1,https://twitter.com/RAZESFILOSFICA1/status/1628681148950781952,2023-02-23T09:00:19.000Z,Tenho os Milicianos ❤️,0,0,0,https://twitter.com/AlencarBraga13/status/1628400009300303873
Se liga AE,@SeLigaaekabanas,https://twitter.com/SeLigaaekabanas/status/1628524759326621703,2023-02-22T22:38:53.000Z,"desde 2018 voces enchendo a paciência com isso , fazendo palanque politico em cima do caixao dela.
quem e o mandante ? a vovo mafalda,  chico Anísio, tim maia .",0,0,0,https://twitter.com/AlencarBraga13/status/1628400009300303873
CDBS,@cinaradebemsil2,https://twitter.com/cinaradebemsil2/status/1636336116310614018,2023-03-16T11:58:26.000Z,"Quem tentou matar Bolsonaro ninguém fala!? O povo sabe qual o motivo disso tudo, é vim com uma narrativa  contra o Bolsonaro!? Como as da vacina que o governo americano deixou atrasar no aeroporto, mais querem culpa o Bolsonaro!? Não adianta  Bolsonaro não é corrupto como vocês!?",0,0,0,https://twitter.com/AlencarBraga13/status/1628400009300303873
sidnei Garcia,@SidneiG45,https://twitter.com/SidneiG45/status/1628429476143980551,2023-02-22T16:20:16.000Z,"Quase BINGO que é um ""veadao"" enrustido, que quer bancar de machão.",0,0,0,https://twitter.com/AlencarBraga13/status/1628400009300303873
Reem Nassir Hanna,@ReemNassirHanna,https://twitter.com/ReemNassirHanna/status/1636323914405011458,2023-03-16T11:09:57.000Z,Quem foi o mandante do assassinado do Celso Daniel e Bolsonaro?,0,0,0,https://twitter.com/AlencarBraga13/status/1628400009300303873
Kadmus Oliveira,@KadmusO,https://twitter.com/KadmusO/status/1628542190589706241,2023-02-22T23:48:09.000Z,Talvez !,0,0,0,https://twitter.com/AlencarBraga13/status/1628400009300303873
Edison Siqueira,@1965ess,https://twitter.com/1965ess/status/1628728345947959298,2023-02-23T12:07:52.000Z,Acho que foi alguém do PT,0,0,0,https://twitter.com/AlencarBraga13/status/1628400009300303873
Marisa victorio da silva,@victorio_marisa,https://twitter.com/victorio_marisa/status/1628415393399177216,2023-02-22T15:24:18.000Z,"E você, tem alguma suspeita? 🕵️#mariellefrancopresente ✊🏾 #Justiça ⚖️ quem mandou matar Marielle? #justiçapormarielleeanderson  🕵️ Já se sabe que um dos assassinos de Marielle e Anderson é vizinho de Jair Bolsonaro no Vivendas da Barra Pesada.🚓✔️ Já se sabe que um dos +",0,0,0,https://twitter.com/AlencarBraga13/status/1628400009300303873
Qsoaimp,@qsoaimp,https://twitter.com/qsoaimp/status/1628424072680939520,2023-02-22T15:58:48.000Z,"Talvez a ministra amiga de milicianos saiba de algo, não? Vida de esquerdista não é fácil!",0,0,0,https://twitter.com/AlencarBraga13/status/1628400009300303873
manuel carlos osorio,@Manucarlosro,https://twitter.com/Manucarlosro/status/1628577436282544129,2023-02-23T02:08:12.000Z,"Olha eu tenho suspeita de quem mandou matar Celso Daniel e Toninho, prefeito de Campinas.",0,0,0,https://twitter.com/AlencarBraga13/status/1628400009300303873
Guto Now,@GutoNow,https://twitter.com/GutoNow/status/1628406738553634818,2023-02-22T14:49:55.000Z,"Tenho.
Tem dedo de um bozo aí.",0,0,0,https://twitter.com/AlencarBraga13/status/1628400009300303873
Edgar Passos,@EdgarPassos4,https://twitter.com/EdgarPassos4/status/1628713253772599302,2023-02-23T11:07:54.000Z,Sabe-se também que foi funcionário de Lindbergh Farias do PT e que ele não nutria raiva da esquerda.,0,0,0,https://twitter.com/AlencarBraga13/status/1628400009300303873
Reborjr,@rebor_jr,https://twitter.com/rebor_jr/status/1628725178438909953,2023-02-23T11:55:17.000Z,Acho que é mesmo cara que matou CELSO DANIEL.,0,0,0,https://twitter.com/AlencarBraga13/status/1628400009300303873
Bruno Barreto,@Brunobp83,https://twitter.com/Brunobp83/status/1636374983470637057,2023-03-16T14:32:53.000Z,Vc pelo visto tem mas não é homem pra afirmar e acusar.,0,0,0,https://twitter.com/AlencarBraga13/status/1628400009300303873
Gato kra de pau 2 (selo azul),@Rafael49206554,https://twitter.com/Rafael49206554/status/1628895982275420160,2023-02-23T23:14:00.000Z,Os vagabundos estão doido pra que seja o Bolsonaro kkkkkkkkk vão mexer vai feder e vão abafar o caso kkkkkkk,0,0,0,https://twitter.com/AlencarBraga13/status/1628400009300303873
Vanderlei Bampi,@VanderleiBampi,https://twitter.com/VanderleiBampi/status/1628423521239007235,2023-02-22T15:56:36.000Z,O PT?,0,0,0,https://twitter.com/AlencarBraga13/status/1628400009300303873
marcelo,@marceloaraujon3,https://twitter.com/marceloaraujon3/status/1628780215290720257,2023-02-23T15:33:59.000Z,"🤔🤔🤔Soube q o comparsa d ronie lessa,o elson queiroz,foi funcionário do pt em Nova Iguaçú,RJ,na época em q lindinberg farias era o prefeito de lá. E 2° ele mesmo,ele acha que lindinberg farias foi um excelente patrão p/ele.
Será q eles conversavam mto?",0,0,0,https://twitter.com/AlencarBraga13/status/1628400009300303873
DESMASCARADOR DE HIPÓCRITAS DA NET,@coiceAndpoesia,https://twitter.com/coiceAndpoesia/status/1628944281225375748,2023-02-24T02:25:55.000Z,Estamos aguardando pela confirmação que já sabemos !,0,0,2,https://twitter.com/AlencarBraga13/status/1628400009300303873
Luisa Marques,@marquesluissa,https://twitter.com/marquesluissa/status/1628421750210830342,2023-02-22T15:49:34.000Z,Justiça será feita e toda a familicia do Bolsocorrupto que assassinaram a Marielle serão punidos!#BolsonaroNaCadeia #DireitaCriminosa,0,0,0,https://twitter.com/AlencarBraga13/status/1628400009300303873
Milene Rêgo,@MMMRgo,https://twitter.com/MMMRgo/status/1628759204038164481,2023-02-23T14:10:29.000Z,"É BOM MESMO ESSA ""NOVA EQUIPE"" TRABALHAR NESSA INVESTIGAÇÃO E TAMBÉM NA INVESTIGAÇÃO DE QUEM MANDOU MATAR O JAIR MESSIAS BOLSONARO. ESTOU CURIOSA PARA SABER.🤔🤔🙄🙄😯😯👍👍",0,0,0,https://twitter.com/AlencarBraga13/status/1628400009300303873
izaias Desouza,@desouzaizaias1,https://twitter.com/desouzaizaias1/status/1628578776824049665,2023-02-23T02:13:32.000Z,tenho sim,0,0,0,https://twitter.com/AlencarBraga13/status/1628400009300303873
Paulinha Silva,@PaulinhaSilva22,https://twitter.com/PaulinhaSilva22/status/1628624640275881986,2023-02-23T05:15:47.000Z,"E também vão reabrir o inquérito de quem mandou matar @jairbolsonaro  ???    Acho que são 2 casos importantes do país, né     @FlavioDino   #QuemMandouMatarMarielle #QuemMandouMatarBolsonaro 

Queremos Respostas! @nikolas_dm@pablomarcal @Rconstantino @RicaPerrone @BolsonaroSP",0,0,1,https://twitter.com/AlencarBraga13/status/1628400009300303873
