nome,usuario,idTweet,dataPublicacao,texto,replies,retweets,likes,tweetPai
Adail Filho,@adailfilhoam,https://twitter.com/adailfilhoam/status/1628873855862292497,2023-02-23T21:46:04.000Z,"Esse requerimento tem como objetivo saber quais medidas estão sendo tomadas para diminuir os impactos da cheia. O período de cheia, ano após ano, prejudica também o povo amazonense, sobretudo, a vida de quem mora no interior. Em 2022, 26 municípios estavam em estado de emergência",1,0,3,https://twitter.com/adailfilhoam/status/1628873852943040518
Adail Filho,@adailfilhoam,https://twitter.com/adailfilhoam/status/1628873858731192321,2023-02-23T21:46:05.000Z,"A cheia extrema provoca inundações, transbordamentos, danos econômicos e humanitários às populações ribeirinhas e das zonas urbanas. No entanto, os municípios menores muitas vezes não possuem orçamento hábil para atender as necessidades desse tipo de evento.",1,0,5,https://twitter.com/adailfilhoam/status/1628873852943040518
Adail Filho,@adailfilhoam,https://twitter.com/adailfilhoam/status/1628873860975042561,2023-02-23T21:46:06.000Z,"Diante disso e já me antecedendo ao período de cheia no Amazonas, 
encaminhei o Ofício a fim de solicitar informações sobre a previsão orçamentária para auxílio aos municípios que façam jus ao status de emergência ou calamidade pública.",2,0,6,https://twitter.com/adailfilhoam/status/1628873852943040518
Luiz Augusto,@LuizMachadoNeto,https://twitter.com/LuizMachadoNeto/status/1628889895048556547,2023-02-23T22:49:48.000Z,🙌🏼🙌🏼,0,0,0,https://twitter.com/adailfilhoam/status/1628873852943040518
