nome,usuario,idTweet,dataPublicacao,texto,replies,retweets,likes,tweetPai
Dep. Alencar Santana,@AlencarBraga13,https://twitter.com/AlencarBraga13/status/1628841683923206144,2023-02-23T19:38:14.000Z,Charge brilhante do @desenhosdonando 👏🏽👏🏽👏🏽,2,1,13,https://twitter.com/AlencarBraga13/status/1628841603010908161
Edilson_Lara,@edilson_appel,https://twitter.com/edilson_appel/status/1628845997303427072,2023-02-23T19:55:22.000Z,"culpado é esquerda que defende bandido, lula é bandido e deveria estar preso",0,0,1,https://twitter.com/AlencarBraga13/status/1628841603010908161
Deivison,@Deiviso75862183,https://twitter.com/Deiviso75862183/status/1628844527854166021,2023-02-23T19:49:32.000Z,"Menos para os traficantes e seus exércitos, né?",0,0,1,https://twitter.com/AlencarBraga13/status/1628841603010908161
Aquilez Nilson,@AquilezN,https://twitter.com/AquilezN/status/1628852661117153287,2023-02-23T20:21:51.000Z,"Avante companheiro.  Federalize a PCDF.  Tem de acabar a bagunça na segurança pública do DF. A PCDF PEDE SOCORRO AO GOVERNO FEDERAL.  OS POLICIAIS SAO CUMPRIDORES DA LEI, MAS ESTÃO HA 10 ANOS SEM REAJUSTE SALARIAL.",0,0,0,https://twitter.com/AlencarBraga13/status/1628841603010908161
Márcio Rosa,@MARCIOBROSA,https://twitter.com/MARCIOBROSA/status/1628847411043893248,2023-02-23T20:00:59.000Z,Graças a Deus.,0,0,0,https://twitter.com/AlencarBraga13/status/1628841603010908161
Jorge O Grande,@_KingGamer,https://twitter.com/_KingGamer/status/1628849452520771589,2023-02-23T20:09:06.000Z,"Será que é difícil raciocinar? Quando se vai entender que o porte de arma passa por vários testes da mesma forma que pra dirigir também... Essas armas, ainda mais a 12, com certeza não é legalizada, e o crime vai sempre pelo contrabando.",0,0,1,https://twitter.com/AlencarBraga13/status/1628841603010908161
lomn22,@lomn22,https://twitter.com/lomn22/status/1629085222552608768,2023-02-24T11:45:58.000Z,Lula tem apoio da ministra di turismo e sua turma de milicianos.,0,0,1,https://twitter.com/AlencarBraga13/status/1628841603010908161
Rudeus,@Rudeus046,https://twitter.com/Rudeus046/status/1628847682709082112,2023-02-23T20:02:04.000Z,"Existe uma falácia que estão espalhando que os índices de homicídios caíram por conta do acesso a armas, mas a realidade que os índices vinham com tendência de queda por conta do fim da guerra das facções criminosas.",0,0,1,https://twitter.com/AlencarBraga13/status/1628841603010908161
Márcia Cunha,@MrciaCu48834885,https://twitter.com/MrciaCu48834885/status/1628842010059673603,2023-02-23T19:39:32.000Z,👏👏👏👏👏👏👏👏👏👏👏❤️,0,0,0,https://twitter.com/AlencarBraga13/status/1628841603010908161
Joseph Rodion Bernhardt,@JBernardes_OH,https://twitter.com/JBernardes_OH/status/1628847342215389189,2023-02-23T20:00:43.000Z,"Boa, deputado. Aí o malfeitor vai comprar armas ilegalmente e fazer a chacina do mesmo jeito. É só dar canetada que resolve! Minha nossa, como eu amo a política do Bostil!",0,0,3,https://twitter.com/AlencarBraga13/status/1628841603010908161
Joseph Rodion Bernhardt,@JBernardes_OH,https://twitter.com/JBernardes_OH/status/1628847675629076480,2023-02-23T20:02:03.000Z,"E os direitos humanos do homicida, deputado? Cadê a empatia com as vítimas da sociedade? Pelo fim das prisões já!",0,0,1,https://twitter.com/AlencarBraga13/status/1628841603010908161
dalila ribeiro viann,@RibeiroViann,https://twitter.com/RibeiroViann/status/1628887501220859906,2023-02-23T22:40:18.000Z,Justiça urgente. Paz e luz para todos.,0,0,0,https://twitter.com/AlencarBraga13/status/1628841603010908161
Marisa victorio da silva,@victorio_marisa,https://twitter.com/victorio_marisa/status/1628879720149397506,2023-02-23T22:09:23.000Z,Chega de morte!👉✔️A chacina de Sinop tem as digitais da família de milicianos e lobistas das armas. Chega de morte! A farra das armas (que o crime organizado adora) promovida por Bolsonaro já começou a ser desmontada pelo governo Lula.👆,0,0,1,https://twitter.com/AlencarBraga13/status/1628841603010908161
XSpace,@xspacestar,https://twitter.com/xspacestar/status/1629747572309934080,2023-02-26T07:37:55.000Z,Tem as digitais de todos politicos incompetentes como você que vivem as custas de dinheiro pago por aquelas pessoas que morreram na chacina em #sinob. Não aprovam leis a altura de crimes cometidos contra os que sustentam todos vcs. Menos politicagem e mais competência.,0,0,0,https://twitter.com/AlencarBraga13/status/1628841603010908161
LuxNaPenumbra,@EdsonOcean,https://twitter.com/EdsonOcean/status/1628924403579867137,2023-02-24T01:06:56.000Z,Já checaram se o meliante tem a imagem do Lula tatuado no braço???,0,0,0,https://twitter.com/AlencarBraga13/status/1628841603010908161
Caio Leitão,@caiofleitao,https://twitter.com/caiofleitao/status/1629164388362989568,2023-02-24T17:00:33.000Z,"O vagabundo consegue fazer proselitismo político em cima de uma tragédia destas, pqp q vergonha desses animais do PT.",0,0,0,https://twitter.com/AlencarBraga13/status/1628841603010908161
lia,@LLbrasolin,https://twitter.com/LLbrasolin/status/1628876470901739521,2023-02-23T21:56:28.000Z,Mais um para falar do Bolsonaro!!Impressionante!!O Mito é um MITO!!Vai pra lá com sua mentiras! Quero ver seu  Dino subir no morro e acabar com armas. Miliciano e sua ministra!,0,0,1,https://twitter.com/AlencarBraga13/status/1628841603010908161
Aqui Não,@AquiNo03805982,https://twitter.com/AquiNo03805982/status/1628850555119435776,2023-02-23T20:13:29.000Z,"Bolsonaro volta a estimular armamento da população: ""comprem suas armas"" - O GLOBO em 10/08/2022- Foto: Evaristo Sá/AFP",0,0,1,https://twitter.com/AlencarBraga13/status/1628841603010908161
Aquilez Nilson,@AquilezN,https://twitter.com/AquilezN/status/1628852634000949251,2023-02-23T20:21:45.000Z,O Fundo Constitucional do DF está sendo desviado criminosamente. É  verba FEDERAL. Investigue,0,0,0,https://twitter.com/AlencarBraga13/status/1628841603010908161
