nome,usuario,idTweet,dataPublicacao,texto,replies,retweets,likes,tweetPai
Marcos Baldassari Guardiano,@GuardianoMarcos,https://twitter.com/GuardianoMarcos/status/1628781588581343234,2023-02-23T15:39:26.000Z,Por favor convença seus pares disso! E votem contra esse absurdo!,0,0,0,https://twitter.com/adriventurasp/status/1628780230402867200
Antonio C Alcântara,@TonyAlcantara70,https://twitter.com/TonyAlcantara70/status/1628858855013732360,2023-02-23T20:46:28.000Z,"Ah, que mimimimi",0,0,0,https://twitter.com/adriventurasp/status/1628780230402867200
Luis Bucciarelli,@LuisBucciarelli,https://twitter.com/LuisBucciarelli/status/1628843866588676098,2023-02-23T19:46:54.000Z,"Estivemos juntos divulgando o @partidonovo30 em diversos locais. Condenávamos o uso do fundo partidário.

Além de sua oposição a Lula (legítima), você ainda se opõe ao uso do fundo partidário? Vai se manifestar?

Espero não ter perdido meu voto em 2018!",1,0,6,https://twitter.com/adriventurasp/status/1628780230402867200
Fernando Falcon,@Fernando7956M,https://twitter.com/Fernando7956M/status/1629117012218638336,2023-02-24T13:52:17.000Z,"Unesco? Ahhh tá… legal, segue a vida… triste é saber que esse pessoal vai viajar e se divertir com o nosso dinheiro! Gestão irresponsável dos recursos “públicos”!",0,0,0,https://twitter.com/adriventurasp/status/1628780230402867200
macaco japonês.,@takeshioiko,https://twitter.com/takeshioiko/status/1629064547276587010,2023-02-24T10:23:49.000Z,"O tal ""gabinete do ódio""?",0,0,0,https://twitter.com/adriventurasp/status/1628780230402867200
Luciana Mello,@HMCSLuciana,https://twitter.com/HMCSLuciana/status/1628794322739949568,2023-02-23T16:30:02.000Z,E vcs deputados precisam vetar qualquer forma de censura!! Olho vivo!,0,1,1,https://twitter.com/adriventurasp/status/1628780230402867200
Lex Mazzini,@LexMazzini,https://twitter.com/LexMazzini/status/1628782711732043776,2023-02-23T15:43:54.000Z,Qual sua opinião sobre o uso de fundo público pelo Novo?,0,0,3,https://twitter.com/adriventurasp/status/1628780230402867200
Rodrigo,@rdrgabb,https://twitter.com/rdrgabb/status/1628897458297110528,2023-02-23T23:19:52.000Z,"Basta não cometer crimes, ué!",0,0,0,https://twitter.com/adriventurasp/status/1628780230402867200
Amigos Da Lava Jato,@AmigosJato,https://twitter.com/AmigosJato/status/1628787276548395009,2023-02-23T16:02:02.000Z,"Ele mente todo dia! Eles querem eh  colocar o "" Projeto de Poder"" deles aqui! Mas sabe que as Forças Armadas nao dao apoio! Senao..@Metropoles @RankPolitico @LulaOficial @EstadaoEconomia @GloboNews",0,0,0,https://twitter.com/adriventurasp/status/1628780230402867200
Palmeiras _1942,@1942_palmeiras,https://twitter.com/1942_palmeiras/status/1628791897207496706,2023-02-23T16:20:24.000Z,"Precisa saber quem vai pagar esse grupo
Ele não pode colocar mais despesas na conta dos brasileiros
Se não quer ser xingado e cobrado não vire político
A obrigação dos deputados e fiscalizar e não deixar que esse grupo seja efetivado",0,0,0,https://twitter.com/adriventurasp/status/1628780230402867200
Paulo Henrique da Silva,@Adv_PhSilva,https://twitter.com/Adv_PhSilva/status/1628817549193277440,2023-02-23T18:02:20.000Z,Só pra acomodar os cumpanheros. Tava estranhando não aparecer a Manuela Davila ainda.,0,0,0,https://twitter.com/adriventurasp/status/1628780230402867200
roberto silva,@robersil2016,https://twitter.com/robersil2016/status/1628978989703495681,2023-02-24T04:43:50.000Z,Quer calar todos que possam revelar a verdade sobre suas ações. Censura.,0,0,0,https://twitter.com/adriventurasp/status/1628780230402867200
AF92,@AlanFilipe1992,https://twitter.com/AlanFilipe1992/status/1628780761015894017,2023-02-23T15:36:09.000Z,"De seus opositores sem dúvidas, o deputado Kim ja fez algumas representações no ""ministério da verdade"" mas sem respostas até o momento e não terá resposta... afinal só vale aceitar denuncias de quem joga junto...",0,0,0,https://twitter.com/adriventurasp/status/1628780230402867200
Antonio Luiz da Silva Neto,@tonilsn,https://twitter.com/tonilsn/status/1628785409726586880,2023-02-23T15:54:37.000Z,Dra. as redes sociais precisam urgentemente de regulamentação. Tratar isso como sensura é a má fé usual do @partidonovo30 velho?,0,0,0,https://twitter.com/adriventurasp/status/1628780230402867200
Ana Claudia Stringhini,@AnaStringhini,https://twitter.com/AnaStringhini/status/1628926919239516161,2023-02-24T01:16:56.000Z,"Deputada, isso vai tomar proporção, já não é sem tempo que o CN se mobilize para neutralizar esses rompantes autoritários do inquilino do Planalto antes que o molusco vire um mostro.",0,0,0,https://twitter.com/adriventurasp/status/1628780230402867200
somara,@somara19,https://twitter.com/somara19/status/1629133754156326916,2023-02-24T14:58:49.000Z,"A comunista e o idiotista não sabem senão espalhar ódio
Ótimas escolhas, SQN",0,0,0,https://twitter.com/adriventurasp/status/1628780230402867200
Aristarco de Samos,@spinosa1632,https://twitter.com/spinosa1632/status/1628800974356611075,2023-02-23T16:56:28.000Z,Deve ser difícil digitar com casco!,0,0,1,https://twitter.com/adriventurasp/status/1628780230402867200
@SlimLive,@SlimLive,https://twitter.com/Li98184513Silas/status/1629089265228341253,2023-02-24T12:02:02.000Z,"Esse aqui é um dos ""especialistas"" do PT para ... Combater discurso de ódio 🙄",0,0,0,https://twitter.com/adriventurasp/status/1628780230402867200
Amigo da Onça,@oncaironica,https://twitter.com/oncaironica/status/1628799005403521029,2023-02-23T16:48:39.000Z,LULA... Ser censurador é o primeiro passo para se tornar um DITADOR,0,0,0,https://twitter.com/adriventurasp/status/1628780230402867200
Roino Zelensky oro,@ferreace,https://twitter.com/ferreace/status/1628874801484861443,2023-02-23T21:49:50.000Z,Lula quer censurar os opositores. Igual ao ditador Daniel Ortega,0,0,0,https://twitter.com/adriventurasp/status/1628780230402867200
Cesar Vilela Rezende,@cesararezende,https://twitter.com/cesararezende/status/1628930717898928130,2023-02-24T01:32:01.000Z,Qual o problema de ser comunista? Você sabe o que significa ser comunista? Leu pelo menos no Google?,0,0,0,https://twitter.com/adriventurasp/status/1628780230402867200
Humberto Maia,@MaiaHumberto,https://twitter.com/MaiaHumberto/status/1629211238692491265,2023-02-24T20:06:43.000Z,"É muita dor de corno!
É muito cocô na cabeça!😀😄😁😆😅😂🤣😀😄😁😆😅😂🤣😀😄😁😆😅😂🤣😀😄😁😆😅😂🤣😀😄😁😆😅😂🤣😀😄😁😆😅😂🤣😀😄😁😆😅😂🤣😀😄😁😆😅😂🤣😀😄😁😆😅😂🤣😀😄😁😆😅😂🤣😀😄😁😆😅😂🤣😀😄😁😆😅😂🤣",0,0,0,https://twitter.com/adriventurasp/status/1628780230402867200
José Paulo Vieira Duque,@JosPauloVieir13,https://twitter.com/JosPauloVieir13/status/1629135639978430464,2023-02-24T15:06:19.000Z,"O respeitável STF de outrora se converteu no monstro com mais poder no Brasil, com iniciativa de mandar prender e silenciar quem entende, num ""activismo"" judiciário com suas ideias ao serviço do ""Globalismo"" e da ""Agenda 2030"" -- e não da Balança da Justiça",0,0,0,https://twitter.com/adriventurasp/status/1628780230402867200
