nome,usuario,idTweet,dataPublicacao,texto,replies,retweets,likes,tweetPai
Mariana -,@Nadadenovo18,https://twitter.com/Nadadenovo18/status/1628819825207148551,2023-02-23T18:11:22.000Z,Militar tem que trabalhar para o povo e não ficar pensando em golpear a democracia.  No rumo certo agora.,0,0,3,https://twitter.com/padilhando/status/1628819528565104640
Zangado52,@dantesio21,https://twitter.com/dantesio21/status/1628820252732624897,2023-02-23T18:13:04.000Z,"Porquê o governar anterior não fez o mesmo, nas enchentes da Bahia, e Pernambuco?
O cara não podia se ausentar das férias e dos jetsky?",0,0,3,https://twitter.com/padilhando/status/1628819528565104640
revs,@revistaclaudio,https://twitter.com/revistaclaudio/status/1628819999044386817,2023-02-23T18:12:04.000Z,podia usar esse navio pra bombardear comndominio de rico em area de preservação e depois construir conjuntos habitacionais pro povo poder morar =),0,0,1,https://twitter.com/padilhando/status/1628819528565104640
Ana Cristina Benozatti,@acbenozatti,https://twitter.com/acbenozatti/status/1628824774473383939,2023-02-23T18:31:02.000Z,🙏🙏,0,0,1,https://twitter.com/padilhando/status/1628819528565104640
reforma da previdência militar,@Nachameustwit,https://twitter.com/Nachameustwit/status/1628820306667216899,2023-02-23T18:13:17.000Z,"Manero, agora é abolir a instituição e criar uma cívil no lugar, militar é o caralho",0,0,1,https://twitter.com/padilhando/status/1628819528565104640
Claudio,@Sou2022C,https://twitter.com/Sou2022C/status/1628908183300280321,2023-02-24T00:02:29.000Z,Cade o dinheiro???,0,0,0,https://twitter.com/padilhando/status/1628819528565104640
