nome,usuario,idTweet,dataPublicacao,texto,replies,retweets,likes,tweetPai
rita,@aritairritada,https://twitter.com/aritairritada/status/1628625956632920067,2023-02-23T05:21:01.000Z,"E V.Exa acha que o STF irá decidir favorável ao parlamentar?
Óbvio que não.
Esse país com a entrada da quadrilha se tornou sem lei e sem ordem. Uma bagunça poderosa dos ex guardiões da Constituição.",0,0,0,https://twitter.com/andrefernm/status/1628111069381001244
Carlos Fersenascci,@OProprioCarlao,https://twitter.com/OProprioCarlao/status/1628161360235307010,2023-02-21T22:34:52.000Z,É mas não divulgou certo?,0,0,0,https://twitter.com/andrefernm/status/1628111069381001244
amiranda,@mirandadireito,https://twitter.com/mirandadireito/status/1628139447018524695,2023-02-21T21:07:48.000Z,"Ótimo, mas prepare-se, o STF vai mudar essa decisão. Aguarde e confia, o congresso será colocado de lado enquanto o senado for presidido por Pacheco.",0,0,15,https://twitter.com/andrefernm/status/1628111069381001244
David de Oliveira,@Davidde54453569,https://twitter.com/Davidde54453569/status/1628111532214059039,2023-02-21T19:16:52.000Z,Cara. Vc precisa de um analista.,3,0,6,https://twitter.com/andrefernm/status/1628111069381001244
Carioca do Porto .'.,@CariocadoPorto,https://twitter.com/CariocadoPorto/status/1628134301911945235,2023-02-21T20:47:21.000Z,Continue firme e questione tudo que esse desgoverno faça.,0,0,1,https://twitter.com/andrefernm/status/1628111069381001244
т¡ค,@tttamaio,https://twitter.com/tttamaio/status/1628358588644171776,2023-02-22T11:38:35.000Z,"UAU"" ja estou vendo uma mão tocando no trono de Deus pela nação 🇧🇷🙏",0,0,0,https://twitter.com/andrefernm/status/1628111069381001244
Toninho,@AntonioApud1,https://twitter.com/AntonioApud1/status/1628147366522982400,2023-02-21T21:39:16.000Z,Cadê o consórcio de imprensa.,0,0,1,https://twitter.com/andrefernm/status/1628111069381001244
LEX MOURA,@MOURALEX,https://twitter.com/MOURALEX/status/1628557363232796672,2023-02-23T00:48:27.000Z,A.justi$$a está no bolso dele. 🦑,0,0,0,https://twitter.com/andrefernm/status/1628111069381001244
SolaFide,@SolaFide76,https://twitter.com/SolaFide76/status/1628132880231632918,2023-02-21T20:41:42.000Z,"Não vai adiantar de nada. E acho até que vc sabe disso, e se sabe disso, vc está apenas fazendo palanque onde não deveria. Fica na tua, recebe teu dinheiro e evite ser preso, pronto, já é o suficiente. Xandão tem toda a direita na mira.",0,0,2,https://twitter.com/andrefernm/status/1628111069381001244
quintaserie,@quintaserie2,https://twitter.com/quintaserie2/status/1628449103184121857,2023-02-22T17:38:15.000Z,Piadista ….,1,0,0,https://twitter.com/andrefernm/status/1628111069381001244
Luis,@drluiscastelo77,https://twitter.com/drluiscastelo77/status/1628196593982660611,2023-02-22T00:54:53.000Z,Vai dar em nada... o STF vai arquivar sua petição. Já sabemos como a banda está tocando no Brasil.,5,6,48,https://twitter.com/andrefernm/status/1628111069381001244
Sávio Siqueira,@saviosiqueira,https://twitter.com/saviosiqueira/status/1628337799370792960,2023-02-22T10:15:59.000Z,"Puxa, que avanço. O bolsonarismo preocupado com a Covid. Esse @LulaOficial é mesmo milagreiro!!!",1,0,14,https://twitter.com/andrefernm/status/1628111069381001244
Rafael Madeira,@madeira_rafa,https://twitter.com/madeira_rafa/status/1628150966825414656,2023-02-21T21:53:34.000Z,"É uma pena que um deputado federal escolha ser uma piada ao invés de realmente buscar maneiras de legislar em favor do povo que representa.
Chega a ser patético.. mas não surpreende a ninguém.",17,0,66,https://twitter.com/andrefernm/status/1628111069381001244
Leo Kasura |,@leokasura,https://twitter.com/leokasura/status/1628115923637833729,2023-02-21T19:34:19.000Z,Que justiça? A mesma que parou de dar prazo para o executivo explicar isso ou aquilo?,0,1,12,https://twitter.com/andrefernm/status/1628111069381001244
tridico,@tridico6,https://twitter.com/tridico6/status/1628210270832062464,2023-02-22T01:49:13.000Z,O ladrão está  blindado,0,3,14,https://twitter.com/andrefernm/status/1628111069381001244
Paulo Innocencio,@prinnocencio,https://twitter.com/prinnocencio/status/1628113415905415168,2023-02-21T19:24:21.000Z,"Finalmente! Isso tem método! Depois do carnaval talvez tenhamos a variante ""xyz"" única no mundo. É muita desfaçatez!",0,1,10,https://twitter.com/andrefernm/status/1628111069381001244
A hora é agora! Lula Lá!!!,@edivaldojrcosta,https://twitter.com/edivaldojrcosta/status/1628324232424837121,2023-02-22T09:22:04.000Z,Não tem o que fazer? Vai trabalhar e justificar o salário que recebe,7,0,25,https://twitter.com/andrefernm/status/1628111069381001244
Di Trigueiro,@DiTrigueiro,https://twitter.com/DiTrigueiro/status/1628143432295219201,2023-02-21T21:23:38.000Z,Eles mesmo estão fazendo a justiça como benefício deles.,0,0,8,https://twitter.com/andrefernm/status/1628111069381001244
Anderson,@Anderso02986120,https://twitter.com/Anderso02986120/status/1628114229948547073,2023-02-21T19:27:35.000Z,Queremos que vcs sejam um randolfe da vida pra acionar o judiciário mesmo que não de em nada mas incomodam.,4,3,54,https://twitter.com/andrefernm/status/1628111069381001244
R F,@froes_renatinha,https://twitter.com/froes_renatinha/status/1628529104889819138,2023-02-22T22:56:09.000Z,"Aí o ministro muda a lei a favor do Lula.Pq agora é assim...
Tudo ""demo👹 cratico"".",0,0,0,https://twitter.com/andrefernm/status/1628111069381001244
Rivi Eler,@rivieler,https://twitter.com/rivieler/status/1628118008324321280,2023-02-21T19:42:36.000Z,Não interessa o governo chega dessa pohhaa de covid e experimento vacinal!,0,0,1,https://twitter.com/andrefernm/status/1628111069381001244
Nilton B Telles,@NiltonBTelles1,https://twitter.com/NiltonBTelles1/status/1628556381413416960,2023-02-23T00:44:33.000Z,Com a palavra o STF. Mas eles têm?,0,0,0,https://twitter.com/andrefernm/status/1628111069381001244
Felipe Sousa,@feelipedsousa,https://twitter.com/feelipedsousa/status/1628621949436928005,2023-02-23T05:05:05.000Z,"Kkkkk, quanta piada, acionando o stf, eu vou chamar o eletricista para consertar encanamento da minha casa..",0,0,0,https://twitter.com/andrefernm/status/1628111069381001244
Leandro Tadeu,@leandroufrgs,https://twitter.com/leandroufrgs/status/1628159761215545345,2023-02-21T22:28:31.000Z,"😂😂😂 Essa eu quero ver. Mas tem buscar os dados desde o ano passado, quando o negacionista do teu dono desacreditava a pandemia.",1,0,7,https://twitter.com/andrefernm/status/1628111069381001244
@WDani_,@WDani_,https://twitter.com/DWG_eu/status/1628113986553057299,2023-02-21T19:26:37.000Z,Esperneia gafanhoto,0,0,1,https://twitter.com/andrefernm/status/1628111069381001244
Mara Rubya,@MaraluciaDuart4,https://twitter.com/MaraluciaDuart4/status/1628208346070130688,2023-02-22T01:41:35.000Z,"Lula sempre disse q o Brasil é dele,comunista neh , já sabe.",0,0,2,https://twitter.com/andrefernm/status/1628111069381001244
Marcia Costa,@MarciaC50520655,https://twitter.com/MarciaC50520655/status/1628298275672535041,2023-02-22T07:38:55.000Z,"Qual justiça?
No brasil não existe justiça!",0,0,1,https://twitter.com/andrefernm/status/1628111069381001244
Adriano,@_cryscow,https://twitter.com/_cryscow/status/1628151338990198785,2023-02-21T21:55:03.000Z,"É isto aí deputado, aproveita enquanto ainda tem mandato kkk ! Se fosse com esta garra antes, quem sabe não teríamos tanta incompetência no Governo Bolsonaro hen! Patético!",1,0,6,https://twitter.com/andrefernm/status/1628111069381001244
Marcelo Costaᅠᅠᅠᅠᅠᅠᅠᅠᅠᅠᅠᅠᅠᅠᅠᅠᅠᅠᅠᅠᅠᅠᅠᅠᅠᅠᅠᅠᅠᅠᅠᅠ,@marcelocostabh,https://twitter.com/marcelocostabh/status/1628194017321140225,2023-02-22T00:44:38.000Z,Raspacu tá brabo!,0,0,1,https://twitter.com/andrefernm/status/1628111069381001244
NatiRibeiro,@NatiRibeiro6,https://twitter.com/NatiRibeiro6/status/1628222009543913472,2023-02-22T02:35:52.000Z,Mesma coisa que nada!,0,0,0,https://twitter.com/andrefernm/status/1628111069381001244
Fabiano - - ◤✠◢,@Xavier_BR,https://twitter.com/Xavier_BR/status/1628252415081193472,2023-02-22T04:36:41.000Z,"Muito bem nobre deputado! A atuação tem a ser essa, sem trégua pra esse DesGoverno! #ForaLula",1,1,5,https://twitter.com/andrefernm/status/1628111069381001244
Igor Trelha,@TrelhaIgor,https://twitter.com/TrelhaIgor/status/1628210422451937281,2023-02-22T01:49:50.000Z,Mandem acabar com STF.... não adianta acionar nda,0,0,0,https://twitter.com/andrefernm/status/1628111069381001244
V s Hungria,@Hungria01555060,https://twitter.com/Hungria01555060/status/1628161754726379521,2023-02-21T22:36:26.000Z,Que justiça,0,0,0,https://twitter.com/andrefernm/status/1628111069381001244
jacqueline,@jacquel45769760,https://twitter.com/jacquel45769760/status/1628203682842963969,2023-02-22T01:23:03.000Z,"Perfeito!!!!
Mesmo que não dê em nada é importante judicializar tudo!!!
Encher o saco, como fazia o Randolfe.",2,0,5,https://twitter.com/andrefernm/status/1628111069381001244
Oscar de lima carvalho junior,@Oscarlcjr_,https://twitter.com/Oscarlcjr_/status/1628178753724481538,2023-02-21T23:43:59.000Z,"Boa....
Larga o aço",0,0,0,https://twitter.com/andrefernm/status/1628111069381001244
Marta teodora,@Martateodora3,https://twitter.com/Martateodora3/status/1628555004486230018,2023-02-23T00:39:04.000Z,O consórcio de mídia de extrema esquerda não se interessa mais em criar pânico na população e desgastar o governo federal.,0,0,1,https://twitter.com/andrefernm/status/1628111069381001244
Luiz C,@luizcfabiano,https://twitter.com/luizcfabiano/status/1628172401618853888,2023-02-21T23:18:45.000Z,👏👏👏👏👏👏👏👏👏,0,0,0,https://twitter.com/andrefernm/status/1628111069381001244
orison coelho,@orison1970,https://twitter.com/orison1970/status/1628316669427826690,2023-02-22T08:52:01.000Z,Loola está fazendo o que quer e a culpa é do congresso!,0,0,0,https://twitter.com/andrefernm/status/1628111069381001244
João Henrique,@JHBERGSANTOS,https://twitter.com/JHBERGSANTOS/status/1628350200703057920,2023-02-22T11:05:15.000Z,"Quer apostar quanto que o STF vai ""mudar o entendimento""?",0,0,1,https://twitter.com/andrefernm/status/1628111069381001244
Marcus Piccoli,@mvmpiccoli,https://twitter.com/mvmpiccoli/status/1628369386259070976,2023-02-22T12:21:29.000Z,Agora pode tudo...💸💸💸,0,0,0,https://twitter.com/andrefernm/status/1628111069381001244
ALFA LIMA,@ANDRLIM45251,https://twitter.com/ANDRLIM45251/status/1628136854036877340,2023-02-21T20:57:29.000Z,"Perfeito a justiça só age quando é provocada de acordo com os ""iluministros""",0,0,4,https://twitter.com/andrefernm/status/1628111069381001244
Heroneide,@heroneidecruz,https://twitter.com/heroneidecruz/status/1628510116247994370,2023-02-22T21:40:42.000Z,"E o minuto de silêncio antes dos jogos?

Quando for possível, creio que seja interessante pressionar o 🦑 a usar o 💰 de propaganda para EDUCAÇÃO NO TRÂNSITO. Motorista ignora seta, pedestre ignora FAIXA, motociclista acha que é imortal, todos ignoram semáforo e assim vamos.",0,0,1,https://twitter.com/andrefernm/status/1628111069381001244
Rosana Santos,@zana210466,https://twitter.com/zana210466/status/1628124179160567815,2023-02-21T20:07:08.000Z,"Olha, melhor deixar, os dados não divulgam vacinados ou não.
Vão obrigar essa merda, pq vão ganhar muito ...",0,0,2,https://twitter.com/andrefernm/status/1628111069381001244
isabel Malvina netto,@MalvinaNetto,https://twitter.com/MalvinaNetto/status/1628202939050328066,2023-02-22T01:20:05.000Z,"Que justiça,  o cara foi condenado na 1⁰, na 2⁰ e na 3⁰ estância  e está na presidência. 
Foi colocado lá.
Isso prova que não temos justiça. 
Tem juízes com condenação por corrupção. 
Brasil sem lei.",2,0,20,https://twitter.com/andrefernm/status/1628111069381001244
Acabou o Bolsonarismo,@Cesar53522846,https://twitter.com/Cesar53522846/status/1628447900714823681,2023-02-22T17:33:29.000Z,"O raspa cool não tem o que fazer!!!
Patetico",0,0,0,https://twitter.com/andrefernm/status/1628111069381001244
junior Silva,@AderivaldoSilv3,https://twitter.com/AderivaldoSilv3/status/1628112810528935949,2023-02-21T19:21:57.000Z,Isso deupuado isso mesmo para cima do barba,0,0,0,https://twitter.com/andrefernm/status/1628111069381001244
Enoe Ramos,@EnoeRamos6,https://twitter.com/EnoeRamos6/status/1628202918783377411,2023-02-22T01:20:01.000Z,Qual justiça ?? De onde ??,0,0,0,https://twitter.com/andrefernm/status/1628111069381001244
Eduardo Gomes,@Eduardo88588549,https://twitter.com/Eduardo88588549/status/1628231712437157888,2023-02-22T03:14:25.000Z,"Você está supondo que existe ""justiça"" neste Brasil  de meu Deus?!? 
Cuidado pra não ser acusado de litigância de má-fé...",0,0,0,https://twitter.com/andrefernm/status/1628111069381001244
Jose Iran,@OdeIran,https://twitter.com/OdeIran/status/1628221865230467073,2023-02-22T02:35:18.000Z,Cara agora é comediante.,0,0,0,https://twitter.com/andrefernm/status/1628111069381001244
Ed Mello,@MelloEdmo,https://twitter.com/MelloEdmo/status/1628405643735445504,2023-02-22T14:45:34.000Z,"Lula e STF são a mesma coisa, caso contrário não estaria onde está.",0,0,2,https://twitter.com/andrefernm/status/1628111069381001244
"Menos Estado, menos impostos. Fora Ladrão!",@Joaomessias23,https://twitter.com/Joaomessias23/status/1628564813646364673,2023-02-23T01:18:03.000Z,Boa . Judicialize tudo.,0,0,0,https://twitter.com/andrefernm/status/1628111069381001244
Mary Grace,@Marygracebrasil,https://twitter.com/Marygracebrasil/status/1628121682584997899,2023-02-21T19:57:12.000Z,Perda de tempo. Ele pode tudo,0,0,0,https://twitter.com/andrefernm/status/1628111069381001244
Antonino Vieira de Barros Neto,@antonino_barros,https://twitter.com/antonino_barros/status/1628631112372158464,2023-02-23T05:41:30.000Z,"André, sei que está fazendo seu papel e tudo o que pode, mas sabemos todos que recorrer ao STF contra o Governo não adiantará de nada, eles simplesmente mudarão a interpretação da lei e pronto, tudo liberado ao presidente. Essa palhaçada no Brasil só acabará com o STF desfeito.",0,0,0,https://twitter.com/andrefernm/status/1628111069381001244
Enzo BOLSONARO PRESO JÁ.,@VincenzoRotolo3,https://twitter.com/VincenzoRotolo3/status/1628333782527877122,2023-02-22T10:00:01.000Z,A vergonha do Nordeste.,0,0,3,https://twitter.com/andrefernm/status/1628111069381001244
PANTANEIRO,@pantaneiro2022,https://twitter.com/pantaneiro2022/status/1628439192819716099,2023-02-22T16:58:53.000Z,"Crime de responsabilidade, já. cabe mais um pedido de impeachment",0,0,1,https://twitter.com/andrefernm/status/1628111069381001244
Cristiane Baptista,@crisbaptista_,https://twitter.com/crisbaptista_/status/1628385133374873600,2023-02-22T13:24:04.000Z,Podia começar a trabalhar né! Te pagamos pra isso.,0,0,1,https://twitter.com/andrefernm/status/1628111069381001244
suely rodrigues,@suelyro96816301,https://twitter.com/suelyro96816301/status/1628375188688494592,2023-02-22T12:44:33.000Z,Eles são parça,0,0,0,https://twitter.com/andrefernm/status/1628111069381001244
Ana Bru,@Anaa_Bru,https://twitter.com/Anaa_Bru/status/1628167061577891840,2023-02-21T22:57:32.000Z,#LulaGenocida #lulanegacionista,0,0,1,https://twitter.com/andrefernm/status/1628111069381001244
Tania Alves,@TaniaAl60560300,https://twitter.com/TaniaAl60560300/status/1628172978117648388,2023-02-21T23:21:02.000Z,Coloca pro André ou Nunes os outros é furada não esqueça,0,0,0,https://twitter.com/andrefernm/status/1628111069381001244
Carlos Renan da Silva,@CarlossRenan70,https://twitter.com/CarlossRenan70/status/1628469990893539330,2023-02-22T19:01:15.000Z,"Com  Lula acabou a COVID , ninguém morre mais, se soubéssemos que Lula era a cura, era pra ter tirado Bolsonaro a mais tempo.",0,0,0,https://twitter.com/andrefernm/status/1628111069381001244
Judson Barros,@BarrosDelegado,https://twitter.com/BarrosDelegado/status/1628205588889886723,2023-02-22T01:30:37.000Z,Tudo combinado. Só picaretas.,0,0,0,https://twitter.com/andrefernm/status/1628111069381001244
María Garcia!,@gcia_maria,https://twitter.com/gcia_maria/status/1628394866781691904,2023-02-22T14:02:45.000Z,"Bom dia👉🙌🇧🇷💚muito bom, se vai ou não dar em nada, não importa, o mais importante é judicializar cada deslize deste desgoverno, e seus parceiros que amam vermelho, tais desarrazoados 👉😈 🤫",0,2,2,https://twitter.com/andrefernm/status/1628111069381001244
✠Fábio CRVG✠,@FDiass82,https://twitter.com/FDiass82/status/1628159080941355012,2023-02-21T22:25:49.000Z,"Ele não irá responder na justiça, aqueles que deveriam fazer valer as leis estão macomunados com ele, não por acaso ele faz oq que e o que não quer sem o menos receio.",0,0,0,https://twitter.com/andrefernm/status/1628111069381001244
lima@-salome,lima@-salome,https://twitter.com/MariaSalomRdeL1/status/1628415352844558336,2023-02-22T15:24:09.000Z,👍,0,0,0,https://twitter.com/andrefernm/status/1628111069381001244
Cleber,@CleberBarboza22,https://twitter.com/CleberBarboza22/status/1628344630679928833,2023-02-22T10:43:07.000Z,Parabéns André .,0,0,0,https://twitter.com/andrefernm/status/1628111069381001244
wagner anderson silva,@waguinho28silva,https://twitter.com/waguinho28silva/status/1628352821413269505,2023-02-22T11:15:40.000Z,A mídia e do lado desse governo uma vergonha,0,0,0,https://twitter.com/andrefernm/status/1628111069381001244
Milena,@Milena370663681,https://twitter.com/Milena370663681/status/1628158737390133250,2023-02-21T22:24:27.000Z,"Porque com Bolsonaro os dados eram diariamente e nesse desgoverno não querem mostrar? Estranho, né",0,0,0,https://twitter.com/andrefernm/status/1628111069381001244
Gardiane,@Gardiane1,https://twitter.com/Gardiane1/status/1628452679818129409,2023-02-22T17:52:28.000Z,Kkkkkk...vai perder seu tempo todos estão comprados vao fazer nada,0,0,0,https://twitter.com/andrefernm/status/1628111069381001244
Mamoré,@Mamor224670533,https://twitter.com/Mamor224670533/status/1628211377188864002,2023-02-22T01:53:37.000Z,A direita ainda não aprendeu a trabalhar com marginais,0,0,0,https://twitter.com/andrefernm/status/1628111069381001244
Marília Nable,@MarliaNable,https://twitter.com/MarliaNable/status/1628436363870609410,2023-02-22T16:47:38.000Z,CONCORDAMOS 100%👏👏👏👏👏👏👏,0,0,0,https://twitter.com/andrefernm/status/1628111069381001244
Thonny Junqueira,@ThonnyJunqueira,https://twitter.com/ThonnyJunqueira/status/1628158900942823427,2023-02-21T22:25:06.000Z,Ele é o chefe da justiça. Vai dar em nada acionar o STF. Infelizmente.,0,0,0,https://twitter.com/andrefernm/status/1628111069381001244
Marco Lacerda,@MarcoLacerda15,https://twitter.com/MarcoLacerda15/status/1628169469246726147,2023-02-21T23:07:06.000Z,Valeu André!,0,0,0,https://twitter.com/andrefernm/status/1628111069381001244
Marco Lacerda,@MarcoLacerda15,https://twitter.com/MarcoLacerda15/status/1628169662008594437,2023-02-21T23:07:52.000Z,Toda semana tem que bater na porta deste supremo! Igual fizeram nós últimos anos!,0,0,1,https://twitter.com/andrefernm/status/1628111069381001244
Maria Clara,@mariac_61,https://twitter.com/mariac_61/status/1628139802498371597,2023-02-21T21:09:12.000Z,Bom é que vocês acreditam que ela ainda funciona...,0,0,0,https://twitter.com/andrefernm/status/1628111069381001244
junior oliveira,@juniorojr03,https://twitter.com/juniorojr03/status/1628116930358874125,2023-02-21T19:38:19.000Z,Tá fazendo a diferença Deputado!!👊👊👊,0,0,1,https://twitter.com/andrefernm/status/1628111069381001244
Fatima Oliveira,@FatimaO09665640,https://twitter.com/FatimaO09665640/status/1628273982662139910,2023-02-22T06:02:23.000Z,Sabemos que não são parcial más continue acionando o STF. Alguém tem que fazer.,0,0,5,https://twitter.com/andrefernm/status/1628111069381001244
Guilherme Silva,@Guiguinho_S,https://twitter.com/Guiguinho_S/status/1628174038928334854,2023-02-21T23:25:15.000Z,"A justiça é feita pela turma do lula, o que você espera que aconteça?",0,0,1,https://twitter.com/andrefernm/status/1628111069381001244
Yvonne & Yanni,@Yannetes,https://twitter.com/Yannetes/status/1628418197778059265,2023-02-22T15:35:27.000Z,Xandão já deu 24 horas pra ele se manifestar?,0,0,0,https://twitter.com/andrefernm/status/1628111069381001244
Nicézio R. Borges,@NrbjB,https://twitter.com/NrbjB/status/1628141392261181440,2023-02-21T21:15:31.000Z,Justiça ?,0,0,2,https://twitter.com/andrefernm/status/1628111069381001244
Cristiano Corrêa,@RCristianoSCorr,https://twitter.com/RCristianoSCorr/status/1628458039278813188,2023-02-22T18:13:46.000Z,@andrefernm estamos lascados 🇧🇷 Bota pra dorarrrrr!!!!!!!!!!!!!,0,0,0,https://twitter.com/andrefernm/status/1628111069381001244
Fabiano Deters,@FabianoDeters,https://twitter.com/FabianoDeters/status/1629517247977857025,2023-02-25T16:22:41.000Z,Mas ele é dono da justiça!,0,0,0,https://twitter.com/andrefernm/status/1628111069381001244
,@Horle5,https://twitter.com/Horle5/status/1628150159811960832,2023-02-21T21:50:22.000Z,"Sem querer ofendê-lo, seja o ""Randolfe"" da Direita. Judicialize cada ato desse desgoverno.",0,0,3,https://twitter.com/andrefernm/status/1628111069381001244
MARK,@oficiallmark,https://twitter.com/oficiallmark/status/1628138492973748254,2023-02-21T21:04:00.000Z,Parabéns deputado outros deveriam fazer o mesmo mais graças a Deus ainda temos você,0,0,3,https://twitter.com/andrefernm/status/1628111069381001244
Brasil não é para amadores,@brasil_amadores,https://twitter.com/brasil_amadores/status/1628586880127180802,2023-02-23T02:45:44.000Z,#ForaLuladraoFascista,0,0,0,https://twitter.com/andrefernm/status/1628111069381001244
Brasil não é para amadores,@brasil_amadores,https://twitter.com/brasil_amadores/status/1628586957222690816,2023-02-23T02:46:02.000Z,#ForaLuladraoGenocida,0,0,0,https://twitter.com/andrefernm/status/1628111069381001244
Leandro Ferreira,@Leandro41333649,https://twitter.com/Leandro41333649/status/1629041246067884033,2023-02-24T08:51:13.000Z,O STF NÃO FARÁ NADA ESQUECEU QUE SÃO CUMPANHEIROS?,0,0,0,https://twitter.com/andrefernm/status/1628111069381001244
Jane,@JaneVeras10,https://twitter.com/JaneVeras10/status/1628724873852747777,2023-02-23T11:54:04.000Z,Parabéns deputado. Tudo q estiver errado tem q ser acionado.  Eles n faziam isso no governo do Mito.  E graças a Deus q ele andou sempre dentro da constituição.  E esse povo rasga a constituição tds os dias.,0,0,0,https://twitter.com/andrefernm/status/1628111069381001244
Gustavo Freire,@gutofreire1985,https://twitter.com/gutofreire1985/status/1628137353217773568,2023-02-21T20:59:28.000Z,"Saul Alinsky, um dos gurus da esquerda nos dá um ensinamento valioso:
.
""Faça o seu inimigo viver o seu próprio livro de regras""
.
Boa ideia, manda ver e não se importe com o êxito da medida. As vezes vitória é o discurso e não o mérito.",1,9,68,https://twitter.com/andrefernm/status/1628111069381001244
Maria da penha Fraga,@penhamariafraga,https://twitter.com/penhamariafraga/status/1628375636577329153,2023-02-22T12:46:20.000Z,Lula é a Justiça. Manda Tudo. Pode Tudo. Não é amigo do rei: é o próprio Rei (das Trevas).,0,2,3,https://twitter.com/andrefernm/status/1628111069381001244
MABIO ESPINOSA,@MabioEspinosa,https://twitter.com/MabioEspinosa/status/1628172819694510084,2023-02-21T23:20:24.000Z,Recorrer ao stf é chover no molhado. Lula acha é graça,0,0,0,https://twitter.com/andrefernm/status/1628111069381001244
Fernando Liberato,@FernandoLiber22,https://twitter.com/FernandoLiber22/status/1628189259055104000,2023-02-22T00:25:44.000Z,Está servindo a quem ?? Pedindo ilegalidade ?? Nunca concordamos com isso… teatro dos horrores,0,0,0,https://twitter.com/andrefernm/status/1628111069381001244
Marciene Lula Oliveira,@MarcieneSirley,https://twitter.com/MarcieneSirley/status/1628388269871226881,2023-02-22T13:36:32.000Z,"Vou te ajudar...
Vou te atualizar...",1,0,5,https://twitter.com/andrefernm/status/1628111069381001244
Mengão o maior do mundo...,@Romilso09774367,https://twitter.com/Romilso09774367/status/1628134389786808321,2023-02-21T20:47:42.000Z,Perda de tempo ele é o chefe o grande bandido que manda nessa porra toda agora.,0,0,0,https://twitter.com/andrefernm/status/1628111069381001244
ⓟ beto,@betoalvesx,https://twitter.com/betoalvesx/status/1628150896453472256,2023-02-21T21:53:17.000Z,Hahhahahahahha que vergonha ser de direita,0,0,0,https://twitter.com/andrefernm/status/1628111069381001244
Alda Onofrio,@Alda0324,https://twitter.com/Alda0324/status/1628434576233168900,2023-02-22T16:40:32.000Z,Perfeito....,0,0,0,https://twitter.com/andrefernm/status/1628111069381001244
Adalberto Costa,@Adalber32762623,https://twitter.com/Adalber32762623/status/1628171305701847041,2023-02-21T23:14:23.000Z,"Já passou da hora de esquecer a covid, deixe pra lá os dados de uma pandemia q foi mais política do q um problema d saúde.",0,0,0,https://twitter.com/andrefernm/status/1628111069381001244
Ricardo ☭⃠,@Ricador2,https://twitter.com/Ricador2/status/1628138572283842595,2023-02-21T21:04:19.000Z,#LulaGenocida,0,0,2,https://twitter.com/andrefernm/status/1628111069381001244
Jamir Boscari,@JamirBoscari,https://twitter.com/JamirBoscari/status/1628207388250591239,2023-02-22T01:37:46.000Z,Isso deputado.  Sem sossego. Acabaram com a covid por decreto.,0,0,0,https://twitter.com/andrefernm/status/1628111069381001244
skarfblack Marques,@skarfblack,https://twitter.com/skarfblack/status/1628153191996030976,2023-02-21T22:02:25.000Z,Tem que ir pra cima,0,0,0,https://twitter.com/andrefernm/status/1628111069381001244
Edson Coelho,@Edsoncoelho1963,https://twitter.com/Edsoncoelho1963/status/1628172888565071872,2023-02-21T23:20:41.000Z,👍,0,0,0,https://twitter.com/andrefernm/status/1628111069381001244
vera lucia matias,@Verawazowski,https://twitter.com/Verawazowski/status/1628359036352577536,2023-02-22T11:40:22.000Z,Usando o nome de DEUS em vão,0,0,0,https://twitter.com/andrefernm/status/1628111069381001244
Alyssa,@ApenasFlor22,https://twitter.com/ApenasFlor22/status/1628218611813810179,2023-02-22T02:22:22.000Z,Boa sorte. STF não anda cumprindo nem a CF... O que dirá ADPF.,0,0,0,https://twitter.com/andrefernm/status/1628111069381001244
Juliana Holanda,@Juliana00111630,https://twitter.com/Juliana00111630/status/1628163729928986624,2023-02-21T22:44:17.000Z,Fico feliz que vc esteja ativo na luta contra esse desgoverno...orgulho de vc é do senador cearense!!!! Estamos juntos.,0,0,0,https://twitter.com/andrefernm/status/1628111069381001244
Gato Palpiteiro,@naocarregoculpa,https://twitter.com/naocarregoculpa/status/1628203906940510208,2023-02-22T01:23:56.000Z,PRA CIMAAAAA,0,0,0,https://twitter.com/andrefernm/status/1628111069381001244
Mateus Gheno,@GhenoMateus,https://twitter.com/GhenoMateus/status/1628210983880605698,2023-02-22T01:52:03.000Z,Qual STF?,0,0,0,https://twitter.com/andrefernm/status/1628111069381001244
Airton Morilo,@MoriloAirton,https://twitter.com/MoriloAirton/status/1628357789595598848,2023-02-22T11:35:25.000Z,Se ao menos tivéssemos justiça....,0,0,1,https://twitter.com/andrefernm/status/1628111069381001244
SueliBbz,@SuBbz61,https://twitter.com/SuBbz61/status/1628374745329635328,2023-02-22T12:42:47.000Z,Tem que ir pra cima mesmo pra mostrar como nossa justiça protege todas as maracutaias do descondenado.,0,0,1,https://twitter.com/andrefernm/status/1628111069381001244
Joselito Falcao Dant,@DantFalcao,https://twitter.com/DantFalcao/status/1628516625937846279,2023-02-22T22:06:34.000Z,"Alguém está alerta!!! Parabéns André Fernandes tem que usar a mesma ferramenta, ou seja pressionar até pedir arrego!!!",0,0,0,https://twitter.com/andrefernm/status/1628111069381001244
Roberto Oliveira,@Rob_oliveira75,https://twitter.com/Rob_oliveira75/status/1628409911859085314,2023-02-22T15:02:32.000Z,"A intenção e boa, maaaaasssssss.. estamos falando do cérebro pensante desse sistema corrupto. Resumindo.. vai dar em nada...",0,0,0,https://twitter.com/andrefernm/status/1628111069381001244
Libério Jr,@liberiojr,https://twitter.com/liberiojr/status/1628457185087746052,2023-02-22T18:10:22.000Z,Vai dar em nada como sempre. Infelizmente.,0,0,0,https://twitter.com/andrefernm/status/1628111069381001244
Alessandro Crisóstomo,@alessandrocrn,https://twitter.com/alessandrocrn/status/1628581486420008961,2023-02-23T02:24:18.000Z,Jkkkkkkk,0,0,0,https://twitter.com/andrefernm/status/1628111069381001244
Guilherme Lino da silva,@GuilhermeLinod4,https://twitter.com/GuilhermeLinod4/status/1630210163960430593,2023-02-27T14:16:05.000Z,"Mas,que justiça?",0,0,0,https://twitter.com/andrefernm/status/1628111069381001244
SheilaDoCoutto,@SheilaCoutto,https://twitter.com/SheilaCoutto/status/1628454455455653892,2023-02-22T17:59:32.000Z,😂😂😂😂quanta hipocrisia. Seu ex presida é o genocida. Muita falta de informação faz muita falta pra muita gente.😂😂😂😂😂,0,0,0,https://twitter.com/andrefernm/status/1628111069381001244
Nayr,@NairTerenairr,https://twitter.com/NairTerenairr/status/1628543156256968704,2023-02-22T23:51:59.000Z,Pois é pq será q agora STF não obriga mais q Ministério da Saúde divulgue os dados da covid? Imaginem se fosse Bolsonaro mandando cessar os dados? Acho q STF mandaria até prende-lo.,0,0,0,https://twitter.com/andrefernm/status/1628111069381001244
Tom Teles,@TomTeles3,https://twitter.com/TomTeles3/status/1628121761140318209,2023-02-21T19:57:31.000Z,Essa é a democracia do esseteefe,0,0,1,https://twitter.com/andrefernm/status/1628111069381001244
Sandro,@Sandro26800551,https://twitter.com/Sandro26800551/status/1628379669446766594,2023-02-22T13:02:21.000Z,Ao rigor da lei.,0,0,0,https://twitter.com/andrefernm/status/1628111069381001244
Rodrigo Fontanillas,@RodrigoFontani7,https://twitter.com/RodrigoFontani7/status/1628322271197638657,2023-02-22T09:14:16.000Z,Vai acionar quem?! 🤡,0,0,0,https://twitter.com/andrefernm/status/1628111069381001244
Márcia Holanda,@mrcia_holanda,https://twitter.com/mrcia_holanda/status/1628172544338427905,2023-02-21T23:19:19.000Z,"Que justiça???? Não temos justiça no Brasil, infelizmente!",0,0,0,https://twitter.com/andrefernm/status/1628111069381001244
vaulda AGUIARNÓPOLIS,@VVaulda,https://twitter.com/VVaulda/status/1628380297409572864,2023-02-22T13:04:51.000Z,Faça isso 👏👏👏👏,0,0,0,https://twitter.com/andrefernm/status/1628111069381001244
Israel Full Arms,@israelfullarmas,https://twitter.com/israelfullarmas/status/1628165557387239431,2023-02-21T22:51:33.000Z,Hahahahaja leis? Justiça? Pro lula? Kkkkkk conta outra,0,0,0,https://twitter.com/andrefernm/status/1628111069381001244
Francis Sirolli,@francissirolli,https://twitter.com/francissirolli/status/1628253572734255104,2023-02-22T04:41:17.000Z,Eita mas e muita falta do que fazer ......,0,0,0,https://twitter.com/andrefernm/status/1628111069381001244
Giordano Rocha,@giordano_rocha,https://twitter.com/giordano_rocha/status/1628388152246259714,2023-02-22T13:36:04.000Z,"Falta de trabalho né, rapaku?",0,0,0,https://twitter.com/andrefernm/status/1628111069381001244
jorge Arauj,@jorgelfaraujo,https://twitter.com/jorgelfaraujo/status/1628155117542187008,2023-02-21T22:10:04.000Z,Acionando quem?!?!?!?!!?!?!?!?!??!?!?!?!? Esquece guerrero! STF é um partido político ligado ao governo Lula...,0,0,0,https://twitter.com/andrefernm/status/1628111069381001244
内田 正伸,@JuniorUtida,https://twitter.com/JuniorUtida/status/1628355717001347072,2023-02-22T11:27:10.000Z,Atualmente est@mos com média de 1OO mortes por Cov1d por dia.,0,0,0,https://twitter.com/andrefernm/status/1628111069381001244
Ana Bru,@Anaa_Bru,https://twitter.com/Anaa_Bru/status/1628166913120428033,2023-02-21T22:56:56.000Z,"Isso mesmo,Dep. @andrefernm.Mesmo pq,é baseado em dados epidemiológicos do Ministério da Saúde que se viabiliza, OU NÃO,as medidas terapêuticas que serão adotadas.Será que querem esconder que NÃO PRECISAMOS da vaxx, para superfaturarem e comprarem mais em caráter emergencial? 👀",1,1,8,https://twitter.com/andrefernm/status/1628111069381001244
Leonan Lopes,@LeonanLopesS,https://twitter.com/LeonanLopesS/status/1628112056741232640,2023-02-21T19:18:57.000Z,Era pra ele estar preso. Como esperar respeito à justiça?,1,0,9,https://twitter.com/andrefernm/status/1628111069381001244
shinigami no shi,@shinigami2018,https://twitter.com/shinigami2018/status/1628157619541008387,2023-02-21T22:20:00.000Z,Isso aí. Inferniza esse hoverno na justiça. E ensina seus colegas a fazerem o mesmo.,1,0,1,https://twitter.com/andrefernm/status/1628111069381001244
Edcarlos Cerqueira,@EdcarlosBBMP,https://twitter.com/EdcarlosBBMP/status/1628129429795835915,2023-02-21T20:27:59.000Z,Ain que meda!,0,0,2,https://twitter.com/andrefernm/status/1628111069381001244
Tiago Neil Teodosio Lemos,@tiagoneil,https://twitter.com/tiagoneil/status/1628141637091164175,2023-02-21T21:16:30.000Z,"Boa, tem que usar das mesmas armas deles. E se STF recusar, mostra mais uma vez como são parciais. 👊🏻",0,0,4,https://twitter.com/andrefernm/status/1628111069381001244
tom alves,@otomalves97,https://twitter.com/otomalves97/status/1628129910110752779,2023-02-21T20:29:54.000Z,O STF vai apoiar o Lule... 🤣🤣 Tudo comprado já,0,0,3,https://twitter.com/andrefernm/status/1628111069381001244
sonia,@ZezitoRodrigue4,https://twitter.com/ZezitoRodrigue4/status/1628124135044878341,2023-02-21T20:06:57.000Z,"Sinto em dizer, ele é que manda na justiça",0,0,2,https://twitter.com/andrefernm/status/1628111069381001244
Tito Paulo Siqueira,@SiqueiraTito,https://twitter.com/SiqueiraTito/status/1628126086264459278,2023-02-21T20:14:42.000Z,"Não acontece nada com esse larápio, o STF é pior que ele.",0,0,5,https://twitter.com/andrefernm/status/1628111069381001244
Fabiola Karem Grorossi,@FGrorossi,https://twitter.com/FGrorossi/status/1628116289594982400,2023-02-21T19:35:47.000Z,"Boa André, vc é das galáxias, parabéns",1,0,2,https://twitter.com/andrefernm/status/1628111069381001244
Menina Patriota,@leiagomesasila,https://twitter.com/leiagomesasila/status/1628517743744909318,2023-02-22T22:11:01.000Z,"E tem alguém que presta dentro do @STF_oficial não caindo na mão do @alexandre tá ótimo… o cabeça de pitoca se acha Deus, até Deus dar o basta nele veremos sua queda em breve",0,0,0,https://twitter.com/andrefernm/status/1628111069381001244
OIAC,@eusouocaioc,https://twitter.com/eusouocaioc/status/1628228958889164804,2023-02-22T03:03:29.000Z,HAUEHSUEHSUEHUSHEUAHEUSHEUSHEUAHEUAHEUHSUEHSUEHSUEHSUEHSUSHUEHSUEHSUEHSUEHE VAI CAÇAR UMA LAVADA DE LOUÇA,0,0,1,https://twitter.com/andrefernm/status/1628111069381001244
Ronaldo Brechuca,@BrechucaRonaldo,https://twitter.com/BrechucaRonaldo/status/1628460848317452294,2023-02-22T18:24:56.000Z,Recorrer ao STF é a mesma coisa de recorrer ao PCC contra o Marcola.,0,0,0,https://twitter.com/andrefernm/status/1628111069381001244
David Correia,@DavidCo60808219,https://twitter.com/DavidCo60808219/status/1628463901267435520,2023-02-22T18:37:04.000Z,O LULALADRÃO ESTÁ-SE CAGANDO PARA O POVO BRASILEIRO.,0,0,0,https://twitter.com/andrefernm/status/1628111069381001244
Vera Grippa,@GrippaVera,https://twitter.com/GrippaVera/status/1628433032771252224,2023-02-22T16:34:24.000Z,Ele não respeita nada. Está se vingando porque ficou preso. Se não tivesse roubado não teria ficado e outra ficou pouco pelo que roubou,0,0,0,https://twitter.com/andrefernm/status/1628111069381001244
Danielle Aquino,@Daniell18408575,https://twitter.com/Daniell18408575/status/1628142700615839744,2023-02-21T21:20:43.000Z,"Faço isso mesmo coloque todo processo no STF como faz a esquerda, quando era no governo passado a esquerda judicializava tudo . Votei em você.",0,0,1,https://twitter.com/andrefernm/status/1628111069381001244
Ricardo Brunetti,@RicardoBrunetti,https://twitter.com/RicardoBrunetti/status/1628730622402330628,2023-02-23T12:16:55.000Z,"Claro q não, ele já comprou todos!",0,0,0,https://twitter.com/andrefernm/status/1628111069381001244
Vanessa Rocha,@vaness30_df,https://twitter.com/vaness30_df/status/1628397240237580292,2023-02-22T14:12:10.000Z,"Kkkk... é sério isto? O Cbozo NUNCA respeitou NADA do STF. Se não fosse o consórcio de comunicação, EM PLENA CRISE DE PANDEMIA, não teríamos uma só notícia pq NEGAVAM a sua existência e escondiam até as vacinas. Agora vc quer notícia que a pandemia tá controlada? CRIA VERGONHA!!",2,0,5,https://twitter.com/andrefernm/status/1628111069381001244
Vani Xavier,@brasil_xavier80,https://twitter.com/brasil_xavier80/status/1628477320620122120,2023-02-22T19:30:23.000Z,A direita precisa se unir pra ter mais resultados positivos nessas empreitadas.,0,0,0,https://twitter.com/andrefernm/status/1628111069381001244
Oneno,@Oneno_Oneno,https://twitter.com/Oneno_Oneno/status/1628515900600070144,2023-02-22T22:03:41.000Z,"Daqui a pouco uma eleição dá um jeito na sua indignação seletiva.

Kkkkkkkkkkkkkkkkkkkkk kkkkkkkkkkkkkkkkkkkkk kkkkkkkkkkkkkkkkkkkkk kkkkkkkkkkkkkkkkkkkkk kkkkkkkkkkkkkkkkkkkkk",0,0,0,https://twitter.com/andrefernm/status/1628111069381001244
Awdrey Bolsonarista Corinthiana,@awdrey_samp,https://twitter.com/awdrey_samp/status/1628380782283685889,2023-02-22T13:06:47.000Z,Vc disse STF?,0,0,0,https://twitter.com/andrefernm/status/1628111069381001244
Rodrigo Otavio,@rsavassi,https://twitter.com/rsavassi/status/1628276140799410177,2023-02-22T06:10:58.000Z,Parabéns pela ação,0,0,0,https://twitter.com/andrefernm/status/1628111069381001244
"Meio assim, sei lá..",@JhayneCrys,https://twitter.com/JhayneCrys/status/1628161282737053698,2023-02-21T22:34:34.000Z,"Agora não interessa mais, divulgar os dados sobre a covid",0,0,0,https://twitter.com/andrefernm/status/1628111069381001244
M C Pereira,@MarcelwMarcelo,https://twitter.com/MarcelwMarcelo/status/1628232214977605632,2023-02-22T03:16:25.000Z,O stef é puxadinho do PeTe.,0,0,0,https://twitter.com/andrefernm/status/1628111069381001244
Lucas Lazaro,@LucasLDufao,https://twitter.com/LucasLDufao/status/1628191635249963008,2023-02-22T00:35:10.000Z,"Normas do STF só punem a direita, se for Lula está tudo certo.",0,0,0,https://twitter.com/andrefernm/status/1628111069381001244
Ewerton Alves,@Ewerton26949011,https://twitter.com/Ewerton26949011/status/1628152712125730817,2023-02-21T22:00:30.000Z,Parabéns 👏 👏 👏 👏,0,0,0,https://twitter.com/andrefernm/status/1628111069381001244
Reis leno,@JairlenoReis,https://twitter.com/JairlenoReis/status/1628153437060825090,2023-02-21T22:03:23.000Z,"Como vc vai acionar STF, se o próprio ministros estão todos no mesmo time do Dilmo, não vai dar em nada só vão passar à mão na cabeça dele e vão falar pra ele, poder fazer que nós apoiaremos vc Dilmo, só isso vai acontecer e nada mais deputado.",0,0,0,https://twitter.com/andrefernm/status/1628111069381001244
Silviane Motta,@MottaSilviane,https://twitter.com/MottaSilviane/status/1628212075687288832,2023-02-22T01:56:24.000Z,"Isso mesmo Deputado precisa judiciar tudo, seja um Randolfe da Direita, por mais q não dê em nada, pelo menos fica documentado, e uma hora  eles terão q dá uma resposta p a população",0,0,0,https://twitter.com/andrefernm/status/1628111069381001244
Sergio Roberto Gomes,@Sergiofilho_mcz,https://twitter.com/Sergiofilho_mcz/status/1628227013868720129,2023-02-22T02:55:45.000Z,Vcs se iludem q ele responde algo na justiça né?,0,0,0,https://twitter.com/andrefernm/status/1628111069381001244
Nilton Elisandro Gabriel,@NiltonElisandro,https://twitter.com/NiltonElisandro/status/1628330421887942661,2023-02-22T09:46:40.000Z,Vai ser fraudada igual a utna,0,0,0,https://twitter.com/andrefernm/status/1628111069381001244
twit ctb,@TwitCtb,https://twitter.com/TwitCtb/status/1628127537028034561,2023-02-21T20:20:28.000Z,"Que besteira, não tem nada melhor pra fazer??? Tem 900 presos politicos precisando de sua liberdade.",0,0,1,https://twitter.com/andrefernm/status/1628111069381001244
Zélia Araujo,@IucaAraujo,https://twitter.com/IucaAraujo/status/1628710937627615233,2023-02-23T10:58:42.000Z,A justiça é parceira do Lula então não tem aonde recorrer,0,0,0,https://twitter.com/andrefernm/status/1628111069381001244
Jennyfercruz04,@jennyfercruz04,https://twitter.com/jennyfercruz04/status/1628341069468270592,2023-02-22T10:28:58.000Z,XANDÃO vai dizer q agora pode.,0,0,1,https://twitter.com/andrefernm/status/1628111069381001244
Isequiel Borges Da S,@Isequielb,https://twitter.com/Isequielb/status/1628416491824504832,2023-02-22T15:28:40.000Z,Kkkkkkkkkkkkk,0,0,0,https://twitter.com/andrefernm/status/1628111069381001244
anderson,@Anderson77714,https://twitter.com/Anderson77714/status/1628466311641587712,2023-02-22T18:46:38.000Z,kkkk agora só em 2030,0,0,0,https://twitter.com/andrefernm/status/1628111069381001244
Claudio Sevlacc,@sevlacc,https://twitter.com/sevlacc/status/1628518382885535745,2023-02-22T22:13:33.000Z,"🤡çei! Jogando pra torcida, mané?
Vc não é bobo ao ponto de acreditar numa vitória dessa na frente do STF.
E nós não somos tontos de acreditar em Vc.",0,0,0,https://twitter.com/andrefernm/status/1628111069381001244
Renato,@Renato_Prates78,https://twitter.com/Renato_Prates78/status/1628435716953849858,2023-02-22T16:45:04.000Z,o ex presidente tbm não por isso um monte de indígenas estão morrendo de desnutrição,0,0,0,https://twitter.com/andrefernm/status/1628111069381001244
Gabriel,@gabriellvolpi,https://twitter.com/gabriellvolpi/status/1628162092082556931,2023-02-21T22:37:47.000Z,"Não vai responder a justiça, o SSTF vai dizer que não tem nada com isso e vai mandar vc calar a boca.",0,0,1,https://twitter.com/andrefernm/status/1628111069381001244
LuizCarlosClaudia,@LucasLtda_1972,https://twitter.com/LucasLtda_1972/status/1628523897342595074,2023-02-22T22:35:28.000Z,Que Justiça? Os membros da alta Corte que o colocaram lá.,0,0,0,https://twitter.com/andrefernm/status/1628111069381001244
j,@j166942191,https://twitter.com/j166942191/status/1628651434659962880,2023-02-23T07:02:15.000Z,Esse desgoverno genocida mal começou e mais de três mil brasileiros já perderam a vida pelo vírus fabricado na china.,0,0,0,https://twitter.com/andrefernm/status/1628111069381001244
Irineu Macedo Jr,@Irineumacedo,https://twitter.com/Irineumacedo/status/1628391063013449729,2023-02-22T13:47:38.000Z,Agora vcs estão preocupadíssimos com a covid neh.,0,0,0,https://twitter.com/andrefernm/status/1628111069381001244
Christinne Magalhães,@ChrisMagalhaess,https://twitter.com/ChrisMagalhaess/status/1628140003992735750,2023-02-21T21:10:00.000Z,Pena q o Ssssteef só faz o q lhe convém pu convem aos seus aliados e não o certo.,0,0,1,https://twitter.com/andrefernm/status/1628111069381001244
José Ribamar Ribeiro,@JosRibamarRib18,https://twitter.com/JosRibamarRib18/status/1628907425934848001,2023-02-23T23:59:28.000Z,Vai raspa o anel e em fia o dedo comeu meleca,0,0,0,https://twitter.com/andrefernm/status/1628111069381001244
Nêssah Oviedo,@BarnesNessinha,https://twitter.com/BarnesNessinha/status/1628624340903239680,2023-02-23T05:14:35.000Z,"Tu vai acionar os aliados dele, para julgarem ele?! 
Isso só pode ser brincadeira.",0,0,0,https://twitter.com/andrefernm/status/1628111069381001244
Elizabeth,@Elizabe90112239,https://twitter.com/Elizabe90112239/status/1628182719837491200,2023-02-21T23:59:45.000Z,Acionar o STF? Não existe justiça nessa cúpula.,0,0,1,https://twitter.com/andrefernm/status/1628111069381001244
Rituwittando,@RitaMella22,https://twitter.com/RitaMella22/status/1628385073366966272,2023-02-22T13:23:50.000Z,Por isso eles acabaram com o tal de consórcio de notícias.,0,0,0,https://twitter.com/andrefernm/status/1628111069381001244
Val Ferreira,@valsferr,https://twitter.com/valsferr/status/1628457586491023360,2023-02-22T18:11:58.000Z,Mane!,0,0,0,https://twitter.com/andrefernm/status/1628111069381001244
Xais Beer,@GauchoBeer,https://twitter.com/GauchoBeer/status/1628448897956777985,2023-02-22T17:37:27.000Z,"O STF não vai nem dar bola para isso, eles vão dizer q o lulit@ pode...",0,0,0,https://twitter.com/andrefernm/status/1628111069381001244
Paula Müller,@PaulaMuller2022,https://twitter.com/PaulaMuller2022/status/1629541212804767746,2023-02-25T17:57:55.000Z,"Como você quer que um condenado respeite algo em relação a justiça ou coisa parecida , quando o tiraram da cadeia para a Presidência !",0,0,0,https://twitter.com/andrefernm/status/1628111069381001244
MariangelaNappi,@Nappi2011,https://twitter.com/Nappi2011/status/1628447657906651138,2023-02-22T17:32:31.000Z,"Aprendam a judicializar como Randofe, e a infernizar como Janones,ataquem sem piedade, mas não esqueçam das pautas em prol do povo, e manda ver !!!!!",0,0,0,https://twitter.com/andrefernm/status/1628111069381001244
Fátima Santos,@fati2053,https://twitter.com/fati2053/status/1629274654459273216,2023-02-25T00:18:42.000Z,O larápio está agindo como fosse um ditador !!,0,0,0,https://twitter.com/andrefernm/status/1628111069381001244
Rodrigo Borges,@santuseul,https://twitter.com/santuseul/status/1629309845395447809,2023-02-25T02:38:32.000Z,"Tá sem ter o que fazer, é?",0,0,0,https://twitter.com/andrefernm/status/1628111069381001244
Edival de Andrade,@edivaldeandrade,https://twitter.com/edivaldeandrade/status/1628414443565490176,2023-02-22T15:20:32.000Z,"Tolinho, não há mais COVID. Se tiver atrapalha o carnaval.",0,0,1,https://twitter.com/andrefernm/status/1628111069381001244
Alexandre C Garcia,@AlexandreCGarc1,https://twitter.com/AlexandreCGarc1/status/1628116830547021829,2023-02-21T19:37:56.000Z,Julgado por quem??????,0,0,1,https://twitter.com/andrefernm/status/1628111069381001244
"Liberdade, volta?",@VoltaLiberdade,https://twitter.com/VoltaLiberdade/status/1628123491139743746,2023-02-21T20:04:24.000Z,"Parabéns, nobre deputado!!! Ação!!

Mas uma dúvida: o S T F não é do Lule?",0,0,1,https://twitter.com/andrefernm/status/1628111069381001244
,@B_Moraees_,https://twitter.com/B_Moraees_/status/1628214196214149124,2023-02-22T02:04:49.000Z,E o no governo Bolsonaro era diferente né 🌝 piada mesmo.,0,0,2,https://twitter.com/andrefernm/status/1628111069381001244
Lopes,@Lopes97004124,https://twitter.com/Lopes97004124/status/1628124049124560910,2023-02-21T20:06:37.000Z,Onde mora essa tal justiça ??,1,0,1,https://twitter.com/andrefernm/status/1628111069381001244
Pedro alves de sousa,@Flanvitos,https://twitter.com/Flanvitos/status/1628143471411298306,2023-02-21T21:23:47.000Z,"O Deputado agora está preocupado com isto?
Deveria te se preocupado quando bolsonaro era presidente, em repassar os dados corretos em compra vacinas suficiente. Em para de incentivar o povo anda sem máscara.",0,1,5,https://twitter.com/andrefernm/status/1628111069381001244
Ivane Ahlert,@AhlertIvane,https://twitter.com/AhlertIvane/status/1629221775522377728,2023-02-24T20:48:35.000Z,"Judicializar tudo, como eles fazem. Pir favor",0,0,0,https://twitter.com/andrefernm/status/1628111069381001244
ANTONIO NUNES,@virtualtours54,https://twitter.com/virtualtours54/status/1628361354070433795,2023-02-22T11:49:34.000Z,Não terá efeito. Lá só tem brothers.,0,0,0,https://twitter.com/andrefernm/status/1628111069381001244
helder Salviano,@salviano_helder,https://twitter.com/salviano_helder/status/1628368636258791426,2023-02-22T12:18:31.000Z,...,0,0,0,https://twitter.com/andrefernm/status/1628111069381001244
Antonio Martins,@naturezaeartes,https://twitter.com/naturezaeartes/status/1628143258994987008,2023-02-21T21:22:57.000Z,Que justiça,0,0,0,https://twitter.com/andrefernm/status/1628111069381001244
Foradamatrix,@Foradamatrix8,https://twitter.com/Foradamatrix8/status/1628241712106668037,2023-02-22T03:54:10.000Z,STF?? Sério?,0,0,0,https://twitter.com/andrefernm/status/1628111069381001244
Magno,@Magno32896254,https://twitter.com/Magno32896254/status/1628367391649398785,2023-02-22T12:13:34.000Z,Boa!,0,0,0,https://twitter.com/andrefernm/status/1628111069381001244
nestorrios,@nestorrios40,https://twitter.com/nestorrios40/status/1628372319344132097,2023-02-22T12:33:09.000Z,"Me pergunto a qual justiça irá recorrer pois a justiça está amordaçada na maos de ministros sem capacidade de fazer que a lei seja cumprida,pois possuem rabo preso com tal autoridade,já disse o próprio ""se prenderam meus filhos levo todo o STF junto""",0,0,0,https://twitter.com/andrefernm/status/1628111069381001244
Sergio,@sergiohizidio,https://twitter.com/sergiohizidio/status/1628200438557290496,2023-02-22T01:10:09.000Z,STF vai rir da sua cara e rasgar o pedido!,0,0,0,https://twitter.com/andrefernm/status/1628111069381001244
Ana Paula Martines,@AnaPaula2Mart,https://twitter.com/AnaPaula2Mart/status/1628340741805076482,2023-02-22T10:27:40.000Z,"Meu Deus, estamos passando por ranços momentos difíceis,  alagamentos, pessoas desabrigadas,  situação do indígenas,... Sabe o que falta a esses políticos ir nos lugares e verem o que os seres humanos estão passando,  affff. Daí me paciência!!!!",0,0,0,https://twitter.com/andrefernm/status/1628111069381001244
Dra. Janaina Schons,@schons41,https://twitter.com/schons41/status/1628364401639030786,2023-02-22T12:01:41.000Z,Ele está imitando a decisão do governo chinês.,0,0,0,https://twitter.com/andrefernm/status/1628111069381001244
Maria Luiza Teixeira de Camargo,@MaluCamargo84,https://twitter.com/MaluCamargo84/status/1628171051619299330,2023-02-21T23:13:23.000Z,Isso mesmo.,0,0,0,https://twitter.com/andrefernm/status/1628111069381001244
Patrícia Alovisi,@patriciaalovisi,https://twitter.com/patriciaalovisi/status/1628445145396916229,2023-02-22T17:22:32.000Z,Fica tranquilo que agora a justiça não se ofende com o descumprimento e ainda dirá que o governo tem razão.  A pandemia acabou quando Lula assumiu.,0,0,0,https://twitter.com/andrefernm/status/1628111069381001244
Catarina Mendes,@catarina1710,https://twitter.com/catarina1710/status/1628547735350566913,2023-02-23T00:10:11.000Z,"Vai procurar o que fazer, bobão!",0,0,0,https://twitter.com/andrefernm/status/1628111069381001244
Benaria Coelho,@Bdibzinha,https://twitter.com/Bdibzinha/status/1628381862019186690,2023-02-22T13:11:04.000Z,Eita cambada com saudades das morteciatas! 🥷🏿,0,0,0,https://twitter.com/andrefernm/status/1628111069381001244
Pedro Pereira,@pedropereiraep,https://twitter.com/pedropereiraep/status/1628602453808582656,2023-02-23T03:47:37.000Z,Muito bem deputado... queremos informações... vamos ver por quantos mortes este desgoverno vai se contabilizar...,0,0,0,https://twitter.com/andrefernm/status/1628111069381001244
eva vieira lima,@evavieiralima2,https://twitter.com/evavieiralima2/status/1628573263742881793,2023-02-23T01:51:38.000Z,"No tempo do Bozo voce nunca protocolu nada, porque isso agora, vai trabalhar",0,0,0,https://twitter.com/andrefernm/status/1628111069381001244
Luciana Carvalho,@Luciana31744458,https://twitter.com/Luciana31744458/status/1628415405696876544,2023-02-22T15:24:21.000Z,"Vai nada!
Essa ADPF só valia para o governo anterior.
Quando e o quê,um bandido que foi solto na cara-dura pela justiça, vai responder alguma coisa a ela?",0,0,0,https://twitter.com/andrefernm/status/1628111069381001244
Claudio Soares,@Claudio72009867,https://twitter.com/Claudio72009867/status/1628438930491076609,2023-02-22T16:57:50.000Z,"Perda de tempo o senhor sabe que não adianta acionar ninguém, muito menos o STF, porque eu e o senhor que não vai dar em nada, sabemos de lodo de quem o STF está.",0,0,0,https://twitter.com/andrefernm/status/1628111069381001244
Kened Barros,@Kened_Barros,https://twitter.com/Kened_Barros/status/1628694470228168707,2023-02-23T09:53:16.000Z,Meuzovos,0,0,0,https://twitter.com/andrefernm/status/1628111069381001244
Jean Silveira,@JeanSilveira221,https://twitter.com/JeanSilveira221/status/1628404124948566016,2023-02-22T14:39:32.000Z,Pede retroativo,0,0,0,https://twitter.com/andrefernm/status/1628111069381001244
airton felipe,@airtonfelipe40,https://twitter.com/airtonfelipe40/status/1628581067325153280,2023-02-23T02:22:38.000Z,"Tempo perdido, os ""ministros"" do stf, não atende e nem intende o que eles msms falam.",0,0,0,https://twitter.com/andrefernm/status/1628111069381001244
