nome,usuario,idTweet,dataPublicacao,texto,replies,retweets,likes,tweetPai
Apocryphal,@Apocry_Fall,https://twitter.com/Apocry_Fall/status/1628447340905345024,2023-02-22T17:31:15.000Z,Presidente q é Presidente faz assim,0,0,0,https://twitter.com/AlencarBraga13/status/1628444727162044416
Marisa victorio da silva,@victorio_marisa,https://twitter.com/victorio_marisa/status/1628459377752432641,2023-02-22T18:19:05.000Z,"#Lula Brasil tem presidente de verdade! 😀😍 ✔️Confira as ações já realizadas pelo Governo Federal junto ao Estado e prefeitura para atender a população de maneira rápida e efetiva, depois das fortes chuvas que atingiram o litoral norte de São Paulo.",0,0,0,https://twitter.com/AlencarBraga13/status/1628444727162044416
Marisa victorio da silva,@victorio_marisa,https://twitter.com/victorio_marisa/status/1628459610641137664,2023-02-22T18:20:01.000Z,Lula lá Lula lá ❤️,0,0,0,https://twitter.com/AlencarBraga13/status/1628444727162044416
Marisa victorio da silva,@victorio_marisa,https://twitter.com/victorio_marisa/status/1628482348386775040,2023-02-22T19:50:22.000Z,🚨Ações realizadas - item 10: Canal exclusivo no disque 100 para atendimento às pessoas atingidas pelos alagamentos.,0,0,0,https://twitter.com/AlencarBraga13/status/1628444727162044416
Janaína Santos,@JanaSantosjaism,https://twitter.com/JanaSantosjaism/status/1628530775665659905,2023-02-22T23:02:48.000Z,Presidente @LulaOficial trabalhando muito para reconstruir o Brasil! #Lula #LulaDoBrasilEDoMundo #presidenteLula #UniaoeReconstrução,0,0,0,https://twitter.com/AlencarBraga13/status/1628444727162044416
