nome,usuario,idTweet,dataPublicacao,texto,replies,retweets,likes,tweetPai
Alan Cesar Garcia Guimaraes,@alancesarguima,https://twitter.com/alancesarguima/status/1636028414409822210,2023-03-15T15:35:44.000Z,Parabéns alexandre por assinar para a instauração da cpmi,0,0,3,https://twitter.com/lexandreleite/status/1628538127768776705
Patriot,@Patriot05544155,https://twitter.com/Patriot05544155/status/1635715991161405440,2023-03-14T18:54:17.000Z,Obrigado por ficar do lado certo deputado! Do lado maioria do povo #cpmi08dejaneiro2023,0,0,1,https://twitter.com/lexandreleite/status/1628538127768776705
Guima,@Vincius97135972,https://twitter.com/Vincius97135972/status/1650946585000308742,2023-04-25T19:35:13.000Z,Vote contra o PL da censura do PT. Já existem leis para combater notícias falsas: crime de calúnia e difamação.,0,0,0,https://twitter.com/lexandreleite/status/1628538127768776705
Adriana Lima,@AdrianaBRFLima,https://twitter.com/AdrianaBRFLima/status/1650666124604784640,2023-04-25T01:00:46.000Z,"Deputado, não queremos censura.
Por gentileza, vote NÃO!",0,0,3,https://twitter.com/lexandreleite/status/1628538127768776705
Marcos Silva,@MarcosS63926402,https://twitter.com/MarcosS63926402/status/1650571579225407489,2023-04-24T18:45:05.000Z,"Deputado, precisamos da sua ajuda para barrar o PL da censura. Contamos com o sr.",0,0,1,https://twitter.com/lexandreleite/status/1628538127768776705
Miguel Arcanjo 2,@2_arcanjo,https://twitter.com/2_arcanjo/status/1650844662914056200,2023-04-25T12:50:13.000Z,Censura não censura jamais,0,0,0,https://twitter.com/lexandreleite/status/1628538127768776705
Geni Santos,@GeniFreitasdos3,https://twitter.com/GeniFreitasdos3/status/1650831350629388288,2023-04-25T11:57:19.000Z,"Por favor, VOTE NÃO A CENSURA!",0,0,0,https://twitter.com/lexandreleite/status/1628538127768776705
Tudo pela Liberdade! B22,@BelgicaLuci,https://twitter.com/BelgicaLuci/status/1650733248589230080,2023-04-25T05:27:30.000Z,"Pelo nosso bem maior,vote não Deputado! #PL2630NÃO  #LIBERDADE acima de tudo!🤝🇧🇷🙏",0,1,3,https://twitter.com/lexandreleite/status/1628538127768776705
Joab Sena,@JoabTrader,https://twitter.com/JoabTrader/status/1650674946018877440,2023-04-25T01:35:49.000Z,Ainda não se posicionou ou não encontramos seu posicionamento sobre o PL 2630? Será pela liberdade ou contra o Brasil?,0,0,0,https://twitter.com/lexandreleite/status/1628538127768776705
Alex Rocha Opressão Nacionalista e Monarquista,@opressao_n,https://twitter.com/opressao_n/status/1650986799383060483,2023-04-25T22:15:01.000Z,"Se quer confiança no parlamento, sugiro que dê  o seu  voto🗳 contra ao PL2630 que prevê  a censura das redes sociais, mostre na prática que o senhor quer de fato essa confiança e muita gente passará a confiar no Senhor!!!",0,0,1,https://twitter.com/lexandreleite/status/1628538127768776705
ouvinte,@MarilisFi,https://twitter.com/MarilisFi/status/1649162475948982276,2023-04-20T21:25:48.000Z,"#LiberdadeDeExpressão  
Por favor, mantenha a liberdade de expressão no Brasil Vote não !!
PL2630
Censura não!
Grata🤗",0,0,3,https://twitter.com/lexandreleite/status/1628538127768776705
Alex Ricardo,@Ricardo3Alex,https://twitter.com/Ricardo3Alex/status/1650569747337994277,2023-04-24T18:37:48.000Z,Senhor deputado...vote consciente... censura não... nós votaremos,0,0,1,https://twitter.com/lexandreleite/status/1628538127768776705
Fabiana Lima,@slima_fabiana,https://twitter.com/slima_fabiana/status/1650840512545411073,2023-04-25T12:33:43.000Z,"@lexandreleite 
Deputado, estamos aguardando seu posicionamento em relação a PL 2630. Pedidos, gentilmente, que o Sr. seja contra essa vergonhosa forma de censura.",0,0,1,https://twitter.com/lexandreleite/status/1628538127768776705
edvaldo munuera,@EdvaldoMunuera,https://twitter.com/EdvaldoMunuera/status/1650656197756764161,2023-04-25T00:21:19.000Z,"vote sim para a liberdade das redes sociais amanha dep,,, ,,, nao ajude a esquerd a criar ditadura no brasil",0,1,4,https://twitter.com/lexandreleite/status/1628538127768776705
Lani Pereira,@LaniPereira6,https://twitter.com/LaniPereira6/status/1635697478270844944,2023-03-14T17:40:43.000Z,Obrigada pela integridade!!! Deus te abençõe muito 👏👏👏👏,0,0,0,https://twitter.com/lexandreleite/status/1628538127768776705
vitor takahashi,@vitortakahashi1,https://twitter.com/vitortakahashi1/status/1635726638452277261,2023-03-14T19:36:35.000Z,Obrigado pela assinatura na CPMI,0,0,0,https://twitter.com/lexandreleite/status/1628538127768776705
Ed Andrade,@edmandrade2014,https://twitter.com/edmandrade2014/status/1635839486029381635,2023-03-15T03:05:00.000Z,"Deputado, honrou seus eleitores e família assinando a CPMI! Parabéns!",0,0,0,https://twitter.com/lexandreleite/status/1628538127768776705
HudHenry,@Hudhenr,https://twitter.com/Hudhenr/status/1635712229323440163,2023-03-14T18:39:20.000Z,Parabéns pela assinatura!,0,0,0,https://twitter.com/lexandreleite/status/1628538127768776705
Ana Maria Nabas,@cidanabas143,https://twitter.com/cidanabas143/status/1629111692285149188,2023-02-24T13:31:09.000Z,"Vote a valor da CPI,  por favor,  tem muitos inocentes do dia 8 presos enquanto os maiores culpados estão por aí rindo da cara do povo.",0,1,3,https://twitter.com/lexandreleite/status/1628538127768776705
Marcia Coletti,@MarcinhaColetti,https://twitter.com/MarcinhaColetti/status/1629438056087396358,2023-02-25T11:08:00.000Z,Deputado o povo paulista aguarda a sua assinatura na CPMI do dia 08. Fica a dica. Obrigada,0,0,1,https://twitter.com/lexandreleite/status/1628538127768776705
Simone Arrabal Trig♡,@SimoneArrabal,https://twitter.com/SimoneArrabal/status/1650989040827613184,2023-04-25T22:23:55.000Z,"Faça jus aos votos recebidos pelo Estado de São Paulo, respeite seus eleitores, censura NÃO! Vote NÃO na PL 2630 #pldacensuranão",0,0,0,https://twitter.com/lexandreleite/status/1628538127768776705
Willams Torres,@WillamesTorre,https://twitter.com/WillamesTorre/status/1650930168695758852,2023-04-25T18:29:59.000Z,Boa tarde !! Deputado @lexandreleite   não a PL,0,0,0,https://twitter.com/lexandreleite/status/1628538127768776705
Willams Torres,@WillamesTorre,https://twitter.com/WillamesTorre/status/1650930976862642204,2023-04-25T18:33:12.000Z,"""PL 2630 NÃO""",0,0,0,https://twitter.com/lexandreleite/status/1628538127768776705
Lux Lucidum,@LLucidum,https://twitter.com/LLucidum/status/1650686588148408322,2023-04-25T02:22:05.000Z,Deputado vote contra a PL da censura. Por favor.,0,0,0,https://twitter.com/lexandreleite/status/1628538127768776705
Sérgio Lopes,@Serginho180216,https://twitter.com/Serginho180216/status/1650904818217631758,2023-04-25T16:49:15.000Z,@lexandreleite vc e a favor da censura ?,0,0,0,https://twitter.com/lexandreleite/status/1628538127768776705
Renato M,@RenatoM55439663,https://twitter.com/RenatoM55439663/status/1650668488061485056,2023-04-25T01:10:10.000Z,"Deputado, precisamos da sua ajuda para barrar o PL da censura. Contamos com o sr.",0,0,0,https://twitter.com/lexandreleite/status/1628538127768776705
Rosy Capretz,@rosycapretz,https://twitter.com/rosycapretz/status/1650587899048370180,2023-04-24T19:49:56.000Z,"Não podemos aceitar  a aprovação do PL 2630!  Não à censura!  Por favor, vote contra esse Projeto Senhor Parlamentar! Não nos decepcione! Contamos com o Senhor!",0,0,0,https://twitter.com/lexandreleite/status/1628538127768776705
liza Silva,@elisangeladas22,https://twitter.com/elisangeladas22/status/1650842697622536192,2023-04-25T12:42:24.000Z,#PL2630NÃO,0,0,0,https://twitter.com/lexandreleite/status/1628538127768776705
liza Silva,@elisangeladas22,https://twitter.com/elisangeladas22/status/1650842768699277312,2023-04-25T12:42:41.000Z,#PLdaCensuraNao,0,0,0,https://twitter.com/lexandreleite/status/1628538127768776705
Laurinda Telles Biffe,@tellesbiffe,https://twitter.com/tellesbiffe/status/1650918358227775489,2023-04-25T17:43:03.000Z,"Se votar pela censura, você será esquecido. A era do  povo que aceita esse tipo de postura acabou.",0,0,0,https://twitter.com/lexandreleite/status/1628538127768776705
homero sanches,@homerosanches3,https://twitter.com/homerosanches3/status/1650868551853457408,2023-04-25T14:25:09.000Z,"Bom dia!
   Porque dá demora em se posicionar sobre o PL da CENSURA?",0,0,0,https://twitter.com/lexandreleite/status/1628538127768776705
Augusto,@Augusto73771789,https://twitter.com/Augusto73771789/status/1650652311461543936,2023-04-25T00:05:53.000Z,Censura não.,0,0,0,https://twitter.com/lexandreleite/status/1628538127768776705
alires,@aliresoliveira,https://twitter.com/aliresoliveira/status/1650670955776167937,2023-04-25T01:19:58.000Z,#PL2630NÃO,0,0,0,https://twitter.com/lexandreleite/status/1628538127768776705
rejane,@RejaneMorena34,https://twitter.com/RejaneMorena34/status/1650970430079922185,2023-04-25T21:09:58.000Z,PL DA CENSURA NAOOOOOO!!!,0,0,0,https://twitter.com/lexandreleite/status/1628538127768776705
Marcia Coletti,@MarcinhaColetti,https://twitter.com/MarcinhaColetti/status/1629438820193034240,2023-02-25T11:11:02.000Z,Deputado estamos aguardando a sua assinatura na CPMI do dia 8,0,0,1,https://twitter.com/lexandreleite/status/1628538127768776705
Vittorio,@vmlb0005,https://twitter.com/vmlb0005/status/1650850621501714435,2023-04-25T13:13:54.000Z,Estamos aguardando que vc se manifeste sobre o PL2630. Vai votar pela Censura?,1,0,1,https://twitter.com/lexandreleite/status/1628538127768776705
Jose Carlos Lima,@JoseCar43298127,https://twitter.com/JoseCar43298127/status/1635692650006294531,2023-03-14T17:21:32.000Z,obrigado por sua assinatura na cpmi do dia 8!!!!!,0,1,1,https://twitter.com/lexandreleite/status/1628538127768776705
Renata Martins,@R2909Martins,https://twitter.com/R2909Martins/status/1650900764355702784,2023-04-25T16:33:09.000Z,"Caro deputado.

A votação de urgência do PL 2630 pula etapas do regimento. Apoio a discussão mas não a forma como está sendo feita. Que o projeto seja enviado à uma comissão especial e propriamente discutido.

É o que a sociedade espera de um Congresso democrático.",0,0,0,https://twitter.com/lexandreleite/status/1628538127768776705
Pedestre,@PedestreO,https://twitter.com/PedestreO/status/1635771715518345216,2023-03-14T22:35:42.000Z,"Parabéns pela assinatura,  deputado.",0,0,0,https://twitter.com/lexandreleite/status/1628538127768776705
Gi,@GildaTeixeira7,https://twitter.com/GildaTeixeira7/status/1635764135379042305,2023-03-14T22:05:35.000Z,Obrigada por assinar a CPMIdo08deJaneiro deputado. Não é justo que inocentes paguem pelos verdadeiros culpados. Td que queremos é a verdade!,0,0,0,https://twitter.com/lexandreleite/status/1628538127768776705
MPC,@flampc81,https://twitter.com/flampc81/status/1650825102953422848,2023-04-25T11:32:30.000Z,"O PL da censura das redes não pode passar, será uma facada na democracia brasileira, não ajude o Brasil a virar uma ditadura comunista. Só países como China e Venezuela, por exemplo, tem esse tipo de controle.",0,0,0,https://twitter.com/lexandreleite/status/1628538127768776705
Bruno Rivelles,@BrunoRivelles,https://twitter.com/BrunoRivelles/status/1650669629797171201,2023-04-25T01:14:42.000Z,Deputado bora ir contra PL da censura né??,0,0,0,https://twitter.com/lexandreleite/status/1628538127768776705
Ivi Schinoff,@ivanadg2010,https://twitter.com/ivanadg2010/status/1650826257913741312,2023-04-25T11:37:05.000Z,Vote NAO pra censura 🙏🏽,0,0,0,https://twitter.com/lexandreleite/status/1628538127768776705
Maria Barion,@barion2_mb,https://twitter.com/barion2_mb/status/1650808935954239489,2023-04-25T10:28:15.000Z,Por favor vote com o povo não a censura,0,0,0,https://twitter.com/lexandreleite/status/1628538127768776705
RAFAEL FACIOLI,@facioli_rafael,https://twitter.com/facioli_rafael/status/1653563634759417857,2023-05-03T00:54:26.000Z,OBRIGADO POR DEFENDER OS INTERESSES DO POVO !,0,0,0,https://twitter.com/lexandreleite/status/1628538127768776705
RodrigoRinaldi,@RodrigoRinaldi8,https://twitter.com/RodrigoRinaldi8/status/1650937151809265682,2023-04-25T18:57:44.000Z,"Deputado, #PL2630Nao",0,0,0,https://twitter.com/lexandreleite/status/1628538127768776705
Natalia Aires,@naataires,https://twitter.com/naataires/status/1650906718681939988,2023-04-25T16:56:48.000Z,"Aguardamos seu posicionamento sobre o PL 2630
Represente nosso estado de SP contra toda e qualquer censura",0,0,0,https://twitter.com/lexandreleite/status/1628538127768776705
joaoaff1,@joaoaff1,https://twitter.com/joaoaff1/status/1650865276823670785,2023-04-25T14:12:08.000Z,"Prezado, censura não.",0,0,0,https://twitter.com/lexandreleite/status/1628538127768776705
Marcia Coletti,@MarcinhaColetti,https://twitter.com/MarcinhaColetti/status/1650836060337733634,2023-04-25T12:16:02.000Z,"Liberdade de expressão, vote não 2630",0,0,0,https://twitter.com/lexandreleite/status/1628538127768776705
Marcio Gradella Gradella,@GradellaMarcio,https://twitter.com/GradellaMarcio/status/1650803373640241154,2023-04-25T10:06:09.000Z,"Vamos ajudar uma nação excelência ,não é pq tem o mesmo sobre nome desse larápios que vai nos decepcionar ,ajude o seu povo de S.P",0,0,0,https://twitter.com/lexandreleite/status/1628538127768776705
Fabrizio,@Fabriz83803847,https://twitter.com/Fabriz83803847/status/1653016982076239872,2023-05-01T12:42:14.000Z,Sr. Deputado. Posicione-se contrário à aprovação deste PL 2630.,0,0,0,https://twitter.com/lexandreleite/status/1628538127768776705
Ana Luiza Franceschi,@analuf,https://twitter.com/analuf/status/1650816091973644289,2023-04-25T10:56:41.000Z,#NaoAoPLdaCensura #NAOACENSURA #naoaoPL2630,0,0,0,https://twitter.com/lexandreleite/status/1628538127768776705
Walter Henrique Bernardelli,@whbernardelli,https://twitter.com/whbernardelli/status/1650476135224864768,2023-04-24T12:25:49.000Z,"Vote contra a censura, vote contra o PL 2330.",0,0,0,https://twitter.com/lexandreleite/status/1628538127768776705
Jaqueline Cardoso,@Jaqueli92937406,https://twitter.com/Jaqueli92937406/status/1650819253690331136,2023-04-25T11:09:15.000Z,"Bom dia deputado, uma pergunta, se o governo conseguir implantar a #PL2630 em quanto tempo o senhor se unirá ao PT ou verá a extinção do seu partido? Por favor lute pelo Brasil",0,1,4,https://twitter.com/lexandreleite/status/1628538127768776705
JKS88,@Jackson12993307,https://twitter.com/Jackson12993307/status/1650676913424285696,2023-04-25T01:43:38.000Z,"Deputado ""VOTE NÃO"" o PL 2630.",0,0,0,https://twitter.com/lexandreleite/status/1628538127768776705
Flávia L,@flaleopoldino,https://twitter.com/flaleopoldino/status/1650687219894460416,2023-04-25T02:24:36.000Z,Vote pela liberdade,0,0,1,https://twitter.com/lexandreleite/status/1628538127768776705
Rcsoueu,@rcsoueu,https://twitter.com/rcsoueu/status/1650668322655031296,2023-04-25T01:09:30.000Z,Deputado por favor vote no PL2630 CENSURA NÃO!!,0,0,0,https://twitter.com/lexandreleite/status/1628538127768776705
Vivian,@viviansilva89,https://twitter.com/viviansilva89/status/1650645412150145027,2023-04-24T23:38:28.000Z,"Deputado, precisamos do seu posicionamento frente ao #PL2630NÃO",0,0,0,https://twitter.com/lexandreleite/status/1628538127768776705
Carla Sanborges,@CSanborges,https://twitter.com/CSanborges/status/1650939069671546915,2023-04-25T19:05:21.000Z,"Caro Deputado, conto com seu voto para barrar esta #PL2630NÃO, que vem somar mais uma tentativa no retrocesso que estamos sofrendo no Brasil em 2023! Triste episódio na nossa história…",0,0,0,https://twitter.com/lexandreleite/status/1628538127768776705
Celyna Borges,@celyna_borges,https://twitter.com/celyna_borges/status/1650656552985169922,2023-04-25T00:22:44.000Z,E aí vai votar não? Estaremos de olho no seu voto!,0,0,0,https://twitter.com/lexandreleite/status/1628538127768776705
Simone Dinato,@DinatoSimone,https://twitter.com/DinatoSimone/status/1650687829683437568,2023-04-25T02:27:01.000Z,Deputado estamos aguardando sua posição para VOTAR COMO Não no PL DA CENSURA,0,0,3,https://twitter.com/lexandreleite/status/1628538127768776705
Everaldo Alencar,@EveraldoAlenca3,https://twitter.com/EveraldoAlenca3/status/1650934367512829971,2023-04-25T18:46:40.000Z,"Sim a CPMI
Não a 2630",0,0,0,https://twitter.com/lexandreleite/status/1628538127768776705
Valesca Giuseppe,@ValescaGiusepp3,https://twitter.com/ValescaGiusepp3/status/1650562210408673280,2023-04-24T18:07:51.000Z,"venho lhe pedir que vote náo a PL da censura, contamos com o senhor. Obrigado",0,0,0,https://twitter.com/lexandreleite/status/1628538127768776705
tatiana faria,@Tati_Mtj,https://twitter.com/Tati_Mtj/status/1650954731894763530,2023-04-25T20:07:35.000Z,"#PLdaCensuraNão #PLdaCensuraNão  #PLdaCensuraNão #PLdaCensuraNão DEPUTADO VOTE NÃO A CENSURA, SÃO PAULO NÃO PERDOA TRAIDOR",0,0,0,https://twitter.com/lexandreleite/status/1628538127768776705
tatiana faria,@Tati_Mtj,https://twitter.com/Tati_Mtj/status/1650954770884984832,2023-04-25T20:07:45.000Z,#PLdaCensuraNão #PLdaCensuraNão #PLdaCensuraNão #PLdaCensuraNão,0,0,0,https://twitter.com/lexandreleite/status/1628538127768776705
Patricia C. M. S.,@PatriciaCMS_,https://twitter.com/PatriciaCMS_/status/1650659750957203456,2023-04-25T00:35:27.000Z,Não a PL da Censura! #CensuraNão #CensuraNao,0,0,0,https://twitter.com/lexandreleite/status/1628538127768776705
oswaldo,@pdgui,https://twitter.com/pdgui/status/1650867480091303936,2023-04-25T14:20:53.000Z,"Bom dia Deputado Alexandre , não faça parte dessa CENSURA , diga não ao PL2630 .#PL2630NÃO",0,0,0,https://twitter.com/lexandreleite/status/1628538127768776705
Nice,@Souzajo25,https://twitter.com/Souzajo25/status/1650919751533703169,2023-04-25T17:48:36.000Z,Deputado peço que vote contra o PL da censura.Ajude nos a manter a liberdade de expressão.,0,0,0,https://twitter.com/lexandreleite/status/1628538127768776705
Marien Sakuray,@MarienSakuray,https://twitter.com/MarienSakuray/status/1650844283572834305,2023-04-25T12:48:43.000Z,Não à PL2630. Se posicione deputado!,0,0,0,https://twitter.com/lexandreleite/status/1628538127768776705
Embaixada do cancelamento,@emb_cancel,https://twitter.com/emb_cancel/status/1637307085535821825,2023-03-19T04:16:43.000Z,Oi @lexandreleite  que tal assinar a CPI do abuso de autoridade do TSE e STF?,0,0,0,https://twitter.com/lexandreleite/status/1628538127768776705
Easy Mind,@EasyMind14,https://twitter.com/EasyMind14/status/1650849177637646338,2023-04-25T13:08:09.000Z,Vote NÃO na pl da censura!! Estamos de olho,0,0,0,https://twitter.com/lexandreleite/status/1628538127768776705
Marceli Canuto,@CanutoMarceli,https://twitter.com/CanutoMarceli/status/1650858702092529664,2023-04-25T13:46:00.000Z,"Vota pela liberdade
Votar não ao PL 2630 significa apoiar a liberdade de expressão e de imprensa no Brasil.",0,0,0,https://twitter.com/lexandreleite/status/1628538127768776705
Juh Alves,@alve87900934,https://twitter.com/alve87900934/status/1635692963270471696,2023-03-14T17:22:46.000Z,Gratidão por assinar a CPMI! 🤜🤛,0,0,0,https://twitter.com/lexandreleite/status/1628538127768776705
Adelma Bezerra,@bezerra_adelma,https://twitter.com/bezerra_adelma/status/1650703193330909185,2023-04-25T03:28:04.000Z,Esperamos pelo seu voto q seja NAO A CENSURA #PL2630Nao,0,0,0,https://twitter.com/lexandreleite/status/1628538127768776705
Re SP Brasil,@PiovanSalmeron,https://twitter.com/PiovanSalmeron/status/1650703207000145922,2023-04-25T03:28:07.000Z,"Deputado, atenção, sou sua eleitora, vote NAO à censura desejada pela extrema esquerda atraves do indecente PL 2630",0,0,0,https://twitter.com/lexandreleite/status/1628538127768776705
Malheiro,@Malheir47918648,https://twitter.com/Malheir47918648/status/1650824440337297408,2023-04-25T11:29:52.000Z,Estamos de olho esperando seu voto contra a censura que dizem ser de fake news,0,0,0,https://twitter.com/lexandreleite/status/1628538127768776705
Rozangela,@RozangeladaSi15,https://twitter.com/RozangeladaSi15/status/1650825325691977729,2023-04-25T11:33:23.000Z,Democracia não a censura PL 2630/20 Não.,0,0,0,https://twitter.com/lexandreleite/status/1628538127768776705
Caio Silva,@CaioSil8282373,https://twitter.com/CaioSil8282373/status/1652379976061026311,2023-04-29T18:31:00.000Z,"Imensamente grato Alexandre, por discordar da censura.
A longo prazo é algo importante e não podemos abaixar a guarda ... valeu mesmo. Voz a todos, e cuidar do jeito certo.
Abraços.",0,0,0,https://twitter.com/lexandreleite/status/1628538127768776705
Evandro Nascimento Bezerra,@Evandro92320613,https://twitter.com/Evandro92320613/status/1650673705540886531,2023-04-25T01:30:54.000Z,"Vamos   juntos lutar contra a censura! Por favor, vote contra o PL 2630.",0,0,0,https://twitter.com/lexandreleite/status/1628538127768776705
Gisele,@Becker7422,https://twitter.com/Becker7422/status/1650882190341812226,2023-04-25T15:19:20.000Z,#PLdaCensuraNão,0,0,0,https://twitter.com/lexandreleite/status/1628538127768776705
tacalepau,@tacalepau22,https://twitter.com/tacalepau22/status/1650841103447326720,2023-04-25T12:36:04.000Z,Saia do muro! #NaoPL2630 #CensuraNao,0,0,0,https://twitter.com/lexandreleite/status/1628538127768776705
Ivanice,@Ivanice37078917,https://twitter.com/Ivanice37078917/status/1650962174594936852,2023-04-25T20:37:10.000Z,"Família de São Paulo Piraporinha quanto com seu voto liberdade, parque Figueira Grande sempre voto em você e família ano,ano não em vergonha o povo de São Paulo. Nós não quer censura e nem ditadura. Queremos liberdade 🇧🇷",1,1,1,https://twitter.com/lexandreleite/status/1628538127768776705
Marv,@MarvVramMarv,https://twitter.com/MarvVramMarv/status/1651048632903237633,2023-04-26T02:20:43.000Z,VOTE NÃO A CENSURA!!!,0,0,0,https://twitter.com/lexandreleite/status/1628538127768776705
Celia Maria De Paula,@paulamariano22,https://twitter.com/paulamariano22/status/1653180642983657474,2023-05-01T23:32:34.000Z,Vote NÃO a PL da censura...nos represente!,0,0,0,https://twitter.com/lexandreleite/status/1628538127768776705
Judith Aoki,@JudithAoki10,https://twitter.com/JudithAoki10/status/1650820577760800769,2023-04-25T11:14:31.000Z,Contamos com seu voto  NÃO À CENSURA  que o PL 2630 poderá nos trazer. LIBERDADE DE EXPRESSÃO é o desejo do povo brasileiro. Obrigada!,0,0,0,https://twitter.com/lexandreleite/status/1628538127768776705
Nathalia@Vitorino,Nathalia@Vitorino,https://twitter.com/Nathali18652391/status/1650589841812234240,2023-04-24T19:57:39.000Z,Vote não na pl da censura por favor. Agradecemos por assinar a CPmi. Agora proteja nossa liberdade de expressão.,0,0,0,https://twitter.com/lexandreleite/status/1628538127768776705
Roselifehlauer,@roselifehlauer,https://twitter.com/roselifehlauer/status/1636025526199394305,2023-03-15T15:24:15.000Z,Obrigado pela sua assinatura.......estamos juntos por um Brasil melhor 💚 💛 💚,0,0,0,https://twitter.com/lexandreleite/status/1628538127768776705
JonneBrazil,@BrazilJonne,https://twitter.com/BrazilJonne/status/1650835598700060673,2023-04-25T12:14:12.000Z,"Vote contra o PL 2630, que institui a censura também para políticos, inclusive em mensagens privadas, um conselho do governo para definir a verdade e punir opositores, dá  poderes para perseguições ilegais, entre tantos absurdos. #PL2630Nao",0,0,0,https://twitter.com/lexandreleite/status/1628538127768776705
Tiowander,@VictorLucassa13,https://twitter.com/VictorLucassa13/status/1650870349381136387,2023-04-25T14:32:17.000Z,POR FAVOR,0,0,0,https://twitter.com/lexandreleite/status/1628538127768776705
Lucio Henrique,@SrHadesCripto,https://twitter.com/SrHadesCripto/status/1650700513917190146,2023-04-25T03:17:25.000Z,Vote Não para a Pl da Censura deputado. Proteja nossa liberdade,0,0,0,https://twitter.com/lexandreleite/status/1628538127768776705
Camile,@milebier,https://twitter.com/milebier/status/1649561684623728640,2023-04-21T23:52:07.000Z,Boa noite deputado! Vote NAO PL2630/20,0,0,0,https://twitter.com/lexandreleite/status/1628538127768776705
+1brasileira,@mais1brasileir4,https://twitter.com/mais1brasileir4/status/1650709865159950336,2023-04-25T03:54:35.000Z,"Oi Alexandre, tudo bem?
Venho respeitosamente pedir q VOTE NÃO à PL 2630!
O senhor ainda n se manifestou sobre o NOSSO BRASIL TER A MESMA CENSURA DA CHINA.
Por favor, n deixe q o partido comunista CALE A VOZ DO POVO!
Se n tivéssemos liberdade, n teríamos votado no senhor!",0,0,0,https://twitter.com/lexandreleite/status/1628538127768776705
#PL2630NÃO #PLDACENSURA,@KelliCristinaR8,https://twitter.com/KelliCristinaR8/status/1650669267946274817,2023-04-25T01:13:16.000Z,"Pela liberdade de expressão, vote não a PL2630!!!",0,0,0,https://twitter.com/lexandreleite/status/1628538127768776705
#PL2630NÃO #PLDACENSURA,@KelliCristinaR8,https://twitter.com/KelliCristinaR8/status/1650669799230386176,2023-04-25T01:15:22.000Z,"Vote Não a PL2630
A rede já é regulamentada pelo Marco Civil da Internet; o conceito para desinformação não foi definido de modo claro; traz risco para abusos contra a liberdade de expressão; o PL está incompleto e não foi devidamente debatido. Não podemos fazer isso às pressas!",0,0,0,https://twitter.com/lexandreleite/status/1628538127768776705
Daniella B,@daniella_s__,https://twitter.com/daniella_s__/status/1650754634913390592,2023-04-25T06:52:29.000Z,"Deputado, o PL 2630 é o fim do debate e do acesso à informação. POR FAVOR, vote NÃO! Certamente há formas de tornar a internet mais segura sem ferir a liberdade de expressão e de imprensa garantidas pela nossa CF
Contamos com o sr! Obrigada.#PLdaCensuraNao#censuraNAO#PL2630NAO",0,0,1,https://twitter.com/lexandreleite/status/1628538127768776705
Zaco Fotografia - Joabe Chaves,@ZacoFotografia,https://twitter.com/ZacoFotografia/status/1651280789840052245,2023-04-26T17:43:14.000Z,"Agradeço por ter votado contra a urgência de requerimento da PL2630 e por defender a liberdade de expressão. Peço que, na próxima terça-feira, vote novamente contra esta proposta. Agradeço pela sua atenção e defesa dos direitos fundamentais.",0,0,1,https://twitter.com/lexandreleite/status/1628538127768776705
Kal,@Kal898545796396,https://twitter.com/Kal898545796396/status/1650839244292620290,2023-04-25T12:28:41.000Z,"Faca valer suas palavras e seja sincero com o povo Arti220. A manifestação do pensamento, a criação, a expressão e a informação, sob qualquer forma, processo ou veículo não sofrerão qualquer restrição, observado o disposto nesta Constituição. Vote contra a PL 2630, NÃO A CENSURA.",0,0,0,https://twitter.com/lexandreleite/status/1628538127768776705
Joao Vitor,@Joaovbbrito2510,https://twitter.com/Joaovbbrito2510/status/1651224519233732611,2023-04-26T13:59:38.000Z,5 Muito obrigado por seu voto contrário ao PL da censura! #PLDACENSURANÃO . Vamos juntos a favor da Liberdade!,0,0,0,https://twitter.com/lexandreleite/status/1628538127768776705
Joao Vitor,@Joaovbbrito2510,https://twitter.com/Joaovbbrito2510/status/1651224488917323780,2023-04-26T13:59:31.000Z,3 Muito obrigado por seu voto contrário ao PL da censura! #PLDACENSURANÃO . Vamos juntos a favor da Liberdade!,0,0,0,https://twitter.com/lexandreleite/status/1628538127768776705
Joao Vitor,@Joaovbbrito2510,https://twitter.com/Joaovbbrito2510/status/1651224548736368641,2023-04-26T13:59:45.000Z,7 Muito obrigado por seu voto contrário ao PL da censura! #PLDACENSURANÃO . Vamos juntos a favor da Liberdade!,0,0,0,https://twitter.com/lexandreleite/status/1628538127768776705
Joao Vitor,@Joaovbbrito2510,https://twitter.com/Joaovbbrito2510/status/1651224460899364864,2023-04-26T13:59:24.000Z,1 Muito obrigado por seu voto contrário ao PL da censura! #PLDACENSURANÃO . Vamos juntos a favor da Liberdade!,0,0,0,https://twitter.com/lexandreleite/status/1628538127768776705
Ademar latorre junior,@LatorreAdemar,https://twitter.com/LatorreAdemar/status/1646903554102251520,2023-04-14T15:49:39.000Z,"Prezado deputado, favor subscrever a CPI dos atos do dia 08 de janeiro. Seus eleitores querem transparência dos seus representantes.",0,0,0,https://twitter.com/lexandreleite/status/1628538127768776705
Rafael Ribeiro Rocha,@rafa3r,https://twitter.com/rafa3r/status/1648091241098141700,2023-04-17T22:29:06.000Z,"Para estruturar a ANM, garantir a segurança de empreendimentos, tornar mais eficiente a arrecadação para a União, proteger o meio ambiente e a sociedade afetada por áreas de mineração, pedimos a derrubada dos vetos 64/22 e 05/23. Contamos com o apoio, Deputado! #DerrubaOsVetosANM",0,0,0,https://twitter.com/lexandreleite/status/1628538127768776705
vaneza,@vaneza63054418,https://twitter.com/vaneza63054418/status/1650692749367169027,2023-04-25T02:46:34.000Z,Alô deputado (a) precisamos de seu voto e apoio a NÃO apoiar a lei PL2630 legalização da censura. Vamos salvar nossa liberdade de expressão. Não é o momento de ficarmos em cima do muro. Contamos com seu voto e posicionamento.,0,0,1,https://twitter.com/lexandreleite/status/1628538127768776705
GAMa,@maftoso,https://twitter.com/maftoso/status/1650748602329841664,2023-04-25T06:28:30.000Z,"Prezado deputado, não seja conivente com a violação da liberdade de expressão e DIGA NÃO AO PROJETO DE LEI 2630 (PL DA CENSURA). #CensuraNao",0,0,0,https://twitter.com/lexandreleite/status/1628538127768776705
Piter Lincoln,@PitgorasLincol1,https://twitter.com/PitgorasLincol1/status/1650890895766552577,2023-04-25T15:53:56.000Z,Boa tarde Dep. Alexandre. Conto com seu voto CONTRA a votação em regime de urgência em relação ao PL 2630. Esse tema precisa ser debatido com calma para se evitar quaisquer tipos de excessos que venham a prejudicar a liberdade de expressão dos brasileiros!,0,0,0,https://twitter.com/lexandreleite/status/1628538127768776705
Roberta Duarte,@Roberta17duarte,https://twitter.com/Roberta17duarte/status/1650552732829331458,2023-04-24T17:30:11.000Z,"Deputado, contamos com o Sr. para VOTAR CONTRA o PL da CESURA, 2630. E a favor da CPI do Abuso de Autoridade, encabeçado pelo Deputado Marcel Van Hattem do NOVO. #PL2630não",0,0,0,https://twitter.com/lexandreleite/status/1628538127768776705
Guilherme Orlandini,@g_orlandini,https://twitter.com/g_orlandini/status/1650498223427969025,2023-04-24T13:53:35.000Z,"Olá deputado.
O controle das redes sociais é algo que só regimes autoritários apoiam. Não queremos em nosso país que a voz do povo seja calada. Portanto, peço que não apoie o PL2630, pois da forma que está é sim uma tentativa de censura.
Por favor, vote NÂO ao PL2630.",0,0,1,https://twitter.com/lexandreleite/status/1628538127768776705
carla salomão,@ccsalomao,https://twitter.com/ccsalomao/status/1650931685934899213,2023-04-25T18:36:01.000Z,Deputado estamos acompanhando a votação da PL2630 - vote pela LIBEDADE! Vote NÃO !!,0,0,0,https://twitter.com/lexandreleite/status/1628538127768776705
Joao Vitor,@Joaovbbrito2510,https://twitter.com/Joaovbbrito2510/status/1651224475839373312,2023-04-26T13:59:27.000Z,2 Muito obrigado por seu voto contrário ao PL da censura! #PLDACENSURANÃO . Vamos juntos a favor da Liberdade!,0,0,0,https://twitter.com/lexandreleite/status/1628538127768776705
Joao Vitor,@Joaovbbrito2510,https://twitter.com/Joaovbbrito2510/status/1651224504322932738,2023-04-26T13:59:34.000Z,4 Muito obrigado por seu voto contrário ao PL da censura! #PLDACENSURANÃO . Vamos juntos a favor da Liberdade!,0,0,0,https://twitter.com/lexandreleite/status/1628538127768776705
Joao Vitor,@Joaovbbrito2510,https://twitter.com/Joaovbbrito2510/status/1651224535260119043,2023-04-26T13:59:42.000Z,6 Muito obrigado por seu voto contrário ao PL da censura! #PLDACENSURANÃO . Vamos juntos a favor da Liberdade!,0,0,0,https://twitter.com/lexandreleite/status/1628538127768776705
Joao Vitor,@Joaovbbrito2510,https://twitter.com/Joaovbbrito2510/status/1651224564590886916,2023-04-26T13:59:49.000Z,8 Muito obrigado por seu voto contrário ao PL da censura! #PLDACENSURANÃO . Vamos juntos a favor da Liberdade!,0,0,0,https://twitter.com/lexandreleite/status/1628538127768776705
Joao Vitor,@Joaovbbrito2510,https://twitter.com/Joaovbbrito2510/status/1651224580902600711,2023-04-26T13:59:53.000Z,9 Muito obrigado por seu voto contrário ao PL da censura! #PLDACENSURANÃO . Vamos juntos a favor da Liberdade!,0,0,0,https://twitter.com/lexandreleite/status/1628538127768776705
Joao Vitor,@Joaovbbrito2510,https://twitter.com/Joaovbbrito2510/status/1651224597537144837,2023-04-26T13:59:56.000Z,10 Muito obrigado por seu voto contrário ao PL da censura! #PLDACENSURANÃO . Vamos juntos a favor da Liberdade!,0,0,0,https://twitter.com/lexandreleite/status/1628538127768776705
Antonia Nogueira,@Antonia2862748,https://twitter.com/Antonia2862748/status/1650689732278460416,2023-04-25T02:34:35.000Z,"Não queremos censura no Brasil. 
Não à CENSURA JÁ!",0,0,0,https://twitter.com/lexandreleite/status/1628538127768776705
Cacio Teixeira,@CACIOTEIXEIRA,https://twitter.com/CACIOTEIXEIRA/status/1650688179349929984,2023-04-25T02:28:24.000Z,"Boa Noite Deputado! Gostaria de contar com seu apoio para barrar a tramitação do PL2630, não toleramos a censura, precisamos de um Brasil livre, nossa legislação já prevê danos morais e outras modalidades para proteger nossas relações sociais, não precisamos da volta da censura.",0,0,0,https://twitter.com/lexandreleite/status/1628538127768776705
Renato Lopes,@Martinsoffic,https://twitter.com/Martinsoffic/status/1650630239075139587,2023-04-24T22:38:10.000Z,Olá boa noite nós o povo brasileiro pedimos que o Sr vote  NÃO amanhã na PL da censura . Sua família e todos nós perderemos nossa liberdade!! Por favor vote NÃO a PL da censura,0,0,0,https://twitter.com/lexandreleite/status/1628538127768776705
lara nuevo,@laranuevo2,https://twitter.com/laranuevo2/status/1650523579266498561,2023-04-24T15:34:21.000Z,"Nobre deputado, estamos aguardando o seu voto contrário ao PL da censura. Não se esqueça que traidores da vontade popular não serão esquecidos e perdoados !",0,0,0,https://twitter.com/lexandreleite/status/1628538127768776705
Catia Maria,@CatiaMa11191507,https://twitter.com/CatiaMa11191507/status/1650993686388305922,2023-04-25T22:42:23.000Z,Deputado honre a quem o elegeu #não ao PL da censura,0,0,0,https://twitter.com/lexandreleite/status/1628538127768776705
Rodrigo,@Rodrigoschulzz,https://twitter.com/Rodrigoschulzz/status/1650898492418555904,2023-04-25T16:24:07.000Z,"Censura NÃO!! Estamos atentos ao seu voto, vamos lembrar nas eleições!",0,0,0,https://twitter.com/lexandreleite/status/1628538127768776705
Regina Chaves,@sicos2,https://twitter.com/sicos2/status/1650928408098906135,2023-04-25T18:22:59.000Z,O povo não quer ser censurado! Contamos com seu voto contra a censura!,0,0,0,https://twitter.com/lexandreleite/status/1628538127768776705
Renato,@MicheriRenato,https://twitter.com/MicheriRenato/status/1650545336660766742,2023-04-24T17:00:48.000Z,"O Sr faz favor de votar NÃO no PL da censura.
Obrigado.",0,0,0,https://twitter.com/lexandreleite/status/1628538127768776705
Luiz Antonio Salvador Chere,@LuizChere,https://twitter.com/LuizChere/status/1646383519487127552,2023-04-13T05:23:14.000Z,"Segundo Carlos Jordy, deputados e senadores estão sendo coagidos a retirar suas assinaturas em cima da hora no dia 18/04, visando impedir a instalação da CPMI. Não apenas alertaremos as pessoas como também NÃO REELEGEREMOS os políticos que fizerem isso. https://twitter.com/carlosjordy/st…",0,0,0,https://twitter.com/lexandreleite/status/1628538127768776705
Marlei Pavão,@MarleiPavao,https://twitter.com/MarleiPavao/status/1650916315140440094,2023-04-25T17:34:56.000Z,"O Brasil está atento, pendindo que os deputados de bem votem contra a PL das fake News. No futuro, com tudo mais calma, vcs podem estudar melhor sobre uma legislação. Mas, hoje sabemos  que corremos o risco da censur@, que agora calaria um lado, e amanhã calaria todo o povo!",0,0,0,https://twitter.com/lexandreleite/status/1628538127768776705
Hosana _Had,@HosanaHad,https://twitter.com/HosanaHad/status/1650709240435154944,2023-04-25T03:52:06.000Z,"Pense bem …hoje a censura pode ser no vizinho amanhã pode ser você ! 
VOTE NÃO 
VOTE NÃO 
VOTE NÃO",0,0,0,https://twitter.com/lexandreleite/status/1628538127768776705
#MudançasNosRegimentosDoCongresso,@CCConservador,https://twitter.com/CCConservador/status/1635752352333418497,2023-03-14T21:18:46.000Z,#cpmi08janeiro2023Obrigado a todos os deputados federais e senadores que assinaram e continuam apoiando. Um obrigado especial ao deputado @andrefernm  André Fernandes. Estamos muito orgulhosos do senhor e dos politicos que estão apoiando!!#cpmi08dejaneiro  #CPMI8DEJANEIROJA,0,0,0,https://twitter.com/lexandreleite/status/1628538127768776705
#MudançasNosRegimentosDoCongresso,@CCConservador,https://twitter.com/CCConservador/status/1635752357249142786,2023-03-14T21:18:47.000Z,#cpmi08janeiro2023Obrigado a todos os deputados federais e senadores que assinaram e continuam apoiando. Um obrigado especial ao deputado @andrefernm  André Fernandes. Estamos muito orgulhosos do senhor e dos politicos que estão apoiando!!#cpmi08dejaneiro  #CPMI8DEJANEIROJA,0,0,0,https://twitter.com/lexandreleite/status/1628538127768776705
#MudançasNosRegimentosDoCongresso,@CCConservador,https://twitter.com/CCConservador/status/1652480715357925376,2023-04-30T01:11:18.000Z,Obrigado Deputado!!!!   Honrando os votos que recebeste 👏👏🔝🔝🔝🔝🔝🔝🔝🔝🔝🔝🔝🔝🔝🔝🔝🔝🔝👍👍👍Estamos muito orgulhosos do senhor. ##PLdaCensuraNao  #PL2630NÃO #plfakenewsnao #PL2630Nao,0,0,0,https://twitter.com/lexandreleite/status/1628538127768776705
Josemar Simão,@_josemarsimao_,https://twitter.com/_josemarsimao_/status/1652140545232257024,2023-04-29T02:39:35.000Z,Dep. agradeço pela postura firme adotada sobre um projeto tão importante como a PL 2630.,0,0,0,https://twitter.com/lexandreleite/status/1628538127768776705
Wagner Benedeti,@WagnerBenedeti,https://twitter.com/WagnerBenedeti/status/1650885981644505093,2023-04-25T15:34:24.000Z,Deputado precisamos que o senhor vote NÃO a PL da Censura,0,0,0,https://twitter.com/lexandreleite/status/1628538127768776705
Nathalia Viana,@Nathalia_lv05,https://twitter.com/Nathalia_lv05/status/1650975160701157376,2023-04-25T21:28:46.000Z,"Sr. deputado, qual é o seu posicionamento em relação a PL 2630? Espero que o Sr. vote contra #PLdaCensuraNão",0,1,1,https://twitter.com/lexandreleite/status/1628538127768776705
Luisa Marques,@marquesluissa,https://twitter.com/marquesluissa/status/1653279846099828740,2023-05-02T06:06:46.000Z,"Deputado Alexandre contamos com você para aprovação da PL2630. Vote SIM para a provação da PL das Fake News. Se você votar contra leis mais duras na internet iremos lembrar e será teu último mandato! 
Paulista não perdoa! #PL2630SIM",0,0,0,https://twitter.com/lexandreleite/status/1628538127768776705
Alessio,@Alessio_Jr,https://twitter.com/Alessio_Jr/status/1650839476531261441,2023-04-25T12:29:36.000Z,"Parabéns pelo excelente trabalho, mas hoje quando for votar lembre em salvaguardar a liberdade do povo que o elegeu #PLdaCensura. Pense que isso irá impactar na sua família também. Tb queremos a CPMI de 08/01. #PL2630NAO #QueremosCPMI",0,0,0,https://twitter.com/lexandreleite/status/1628538127768776705
Will,@_uuilliann,https://twitter.com/_uuilliann/status/1650911282722226201,2023-04-25T17:14:56.000Z,"Deputado, peço que vote não a censura. A liberdade de expressão é necessária! #PL2630Nao",0,0,0,https://twitter.com/lexandreleite/status/1628538127768776705
Elvis Silveira,@elsilveira90,https://twitter.com/elsilveira90/status/1638703450379763713,2023-03-23T00:45:22.000Z,"Sr deputado, ajude a barrar e extinção dos consignados PDL N• 76 de 2023
*CÓDIGO* CD233475464200📱 https://infolegmovel.page.link/gMGFDWrbKpXkjf… 

Agradecemos o apoio!",0,0,0,https://twitter.com/lexandreleite/status/1628538127768776705
Renata Martins,@R2909Martins,https://twitter.com/R2909Martins/status/1655654723905544193,2023-05-08T19:23:41.000Z,"Deputado

Assine o requerimento de urgência do PDL 81/2023.

Não deixe criminosos perigosíssimos serem soltos!

Obrigada!",0,0,0,https://twitter.com/lexandreleite/status/1628538127768776705
