nome,usuario,idTweet,dataPublicacao,texto,replies,retweets,likes,tweetPai
Marina,@Marina92011959,https://twitter.com/Marina92011959/status/1628370694776971264,2023-02-22T12:26:41.000Z,"Sua colega , Gleise Hoffman, é assídua em bater e perseguir o Estadao . Tiranetes não gostam de imprensa crítica . Gostam de passador de pano estilo jovem pan e Globonews.",0,0,1,https://twitter.com/padilhando/status/1628182231352020995
Emerson do PT,@Emersonbalzac,https://twitter.com/Emersonbalzac/status/1628273025266089984,2023-02-22T05:58:35.000Z,"Acho lamentável profissionais da Imprensa serem agredidos, mas o Estadão é tão Fascista quanto o Bolsonarista Diabólico que o atacou... Estadão colhe o que planta com sua campanha ordinária e escrota contra o Governo Lula.",0,0,5,https://twitter.com/padilhando/status/1628182231352020995
Guga Kindur,@gugakindur,https://twitter.com/gugakindur/status/1628185263884189696,2023-02-22T00:09:51.000Z,Até quando esta imprensa prega ódio e desinformação.,1,0,3,https://twitter.com/padilhando/status/1628182231352020995
Ana Maria Moreira,@anamamoreira,https://twitter.com/anamamoreira/status/1628212575820210176,2023-02-22T01:58:23.000Z,"O mais incrível é essa gente achar o Estadão de esquerda. Acho que não costumam ler o jornal, ao menos, os editorias…",1,0,1,https://twitter.com/padilhando/status/1628182231352020995
Márcio Rosa,@MARCIOBROSA,https://twitter.com/MARCIOBROSA/status/1628492690315681794,2023-02-22T20:31:27.000Z,Chega de violência! @LulaOficial,0,0,0,https://twitter.com/padilhando/status/1628182231352020995
Sínthia Fonseca,@FonsecaSinthia,https://twitter.com/FonsecaSinthia/status/1628338792430985216,2023-02-22T10:19:55.000Z,Quem planta colhe.,0,0,0,https://twitter.com/padilhando/status/1628182231352020995
Francisco Avner,@franciscoavner,https://twitter.com/franciscoavner/status/1628192312365838337,2023-02-22T00:37:52.000Z,Estadão não imprensa,0,0,0,https://twitter.com/padilhando/status/1628182231352020995
Luuh Soares,@LuuhSoares1313,https://twitter.com/LuuhSoares1313/status/1628388044670738432,2023-02-22T13:35:38.000Z,"Os parlamentares do @uniaobrasil44  ATACANDO  @LulaOficial  na Câmara e o governo dá a @codevasf para um partido bolsonarista, com denúncias de irregularidades.@Pimenta13Br @padilhando @lindberghfarias @ptbrasil",0,0,0,https://twitter.com/padilhando/status/1628182231352020995
Niva,@NivaLiveBrasil,https://twitter.com/NivaLiveBrasil/status/1628182466786693121,2023-02-21T23:58:44.000Z,Isso mesmo ministro!,0,0,1,https://twitter.com/padilhando/status/1628182231352020995
Aldyr oliveira soares,@aldyroliveira,https://twitter.com/aldyroliveira/status/1628225010857914369,2023-02-22T02:47:48.000Z,"Antes de sair repudiado.. esperar para vê ser o editorial amanhã.. do #estadao não vão culpar o Lula .. essa imprensa criar crocodilos, depois reclamam q eles querem comem.",0,0,4,https://twitter.com/padilhando/status/1628182231352020995
Marcos,@MarcosBarberato,https://twitter.com/MarcosBarberato/status/1628192853808521217,2023-02-22T00:40:01.000Z,Devagar eles vão percebendo que a escolha não era tão difícil,0,0,6,https://twitter.com/padilhando/status/1628182231352020995
Miriam Machado,@Miriammacsil,https://twitter.com/Miriammacsil/status/1628385609759748098,2023-02-22T13:25:57.000Z,E q o Estadão  pare de falar besteira e ajude o Brasil a mudar realmente p o MELHOR!,0,0,1,https://twitter.com/padilhando/status/1628182231352020995
Célula,@DaNabinha,https://twitter.com/DaNabinha/status/1628182525523656711,2023-02-21T23:58:58.000Z,"Por causa disso, o Estadão vai fazer um editorial contra o PT e Lula.",1,0,1,https://twitter.com/padilhando/status/1628182231352020995
Vera Lúcia Ribeiro Silva,@VeraLRS,https://twitter.com/VeraLRS/status/1628351914764034048,2023-02-22T11:12:04.000Z,Imprensa livre… desde que seja de esquerda!!!  Entendi!!!!,2,0,0,https://twitter.com/padilhando/status/1628182231352020995
Wando Sueira,@wSueira,https://twitter.com/wSueira/status/1628183149292228611,2023-02-22T00:01:27.000Z,"Que repúdio  o quê?
Deixa o estadão provar do próprio veneno.",0,0,1,https://twitter.com/padilhando/status/1628182231352020995
Claudio,@Sou2022C,https://twitter.com/Sou2022C/status/1628388003742875648,2023-02-22T13:35:28.000Z,Meu repudio aos ataques sofridos.,0,0,0,https://twitter.com/padilhando/status/1628182231352020995
Kadmus Oliveira,@KadmusO,https://twitter.com/KadmusO/status/1628217727612510209,2023-02-22T02:18:51.000Z,"Vamos regulamentar as midias sociais, hipócrita!",1,0,0,https://twitter.com/padilhando/status/1628182231352020995
Rafaelle,@RafaMoro7,https://twitter.com/RafaMoro7/status/1628182777483997187,2023-02-21T23:59:58.000Z,Mas os da jovem pan podem ser execrados pela militância luloafetiva que vcs não dão uma única palavra,1,0,2,https://twitter.com/padilhando/status/1628182231352020995
JJ,@JJ41215193,https://twitter.com/JJ41215193/status/1628372444762279937,2023-02-22T12:33:39.000Z,A imprensa livre só se for de esquerda né? Hipocritas,0,0,0,https://twitter.com/padilhando/status/1628182231352020995
Fizueli da Silva,@Rexitegui13PT,https://twitter.com/Rexitegui13PT/status/1628208127148494848,2023-02-22T01:40:42.000Z,"Bolsonarista é muito burro, não entenderam ainda que o @Estadao é um dos jornais mais importante para sobrevivência do bolsonarismo.",0,0,1,https://twitter.com/padilhando/status/1628182231352020995
Homo sapiens,@homo10sapiens,https://twitter.com/homo10sapiens/status/1629129897628037122,2023-02-24T14:43:30.000Z,Essa imprensa é imparcial?,0,0,0,https://twitter.com/padilhando/status/1628182231352020995
