nome,usuario,idTweet,dataPublicacao,texto,replies,retweets,likes,tweetPai
Ana Paula Junqueira Leão,@apjunqueira,https://twitter.com/apjunqueira/status/1628416263763402755,2023-02-22T15:27:46.000Z,"O primeiro a desfilar na Av. Balaiadas foi o bloco da Associação dos Paraplégicos de Uberlândia (Aparu), que levou o primeiro lugar na categoria. 

Em seguida, foi a vez da escola de samba vice-campeã, Unidos do Chatão, brilhar na avenida.",1,0,0,https://twitter.com/apjunqueira/status/1628416149967847424
Ana Paula Junqueira Leão,@apjunqueira,https://twitter.com/apjunqueira/status/1628416298374889474,2023-02-22T15:27:54.000Z,"Por último, o desfile da nossa grande campeã Tabajara. 

Uma emoção do começo ao fim, principalmente na entrega dos troféus. Parabéns às campeãs por esse desfile maravilhoso, vocês mereceram! #Carnaval #Desfile #EscolasdeSamba #Campeãs #Uberlândia",0,0,0,https://twitter.com/apjunqueira/status/1628416149967847424
