nome,usuario,idTweet,dataPublicacao,texto,replies,retweets,likes,tweetPai
Alex,@ALEXLARADEOLIV1,https://twitter.com/ALEXLARADEOLIV1/status/1628810122246909953,2023-02-23T17:32:49.000Z,@BaixaEssaPorra @ddl_vid1,1,0,0,https://twitter.com/AlencarBraga13/status/1628790957264056323
DDLVid Bot,@ddl_vid1,https://twitter.com/ddl_vid1/status/1628810200537870338,2023-02-23T17:33:08.000Z,@ALEXLARADEOLIV1 ✨ Hello @ALEXLARADEOLIV1 your download link is ready https://ddlvid.com/?id=1628790957264056323…,0,0,0,https://twitter.com/AlencarBraga13/status/1628790957264056323
Marisa victorio da silva,@victorio_marisa,https://twitter.com/victorio_marisa/status/1628800498349314048,2023-02-23T16:54:35.000Z,"Agora temos governo! 🙏🏽😀😍 #RS 430 milhões  🆘#EduardoLeite já deu certo!  #governoLula eu fui eleito para melhorar a vida desse povo trabalhador! 😀✊                       ✔️ Governo Lula envia R$ 430 milhões para o Rio Grande do Sul combater a forte estiagem, que também +",0,0,0,https://twitter.com/AlencarBraga13/status/1628790957264056323
Marisa victorio da silva,@victorio_marisa,https://twitter.com/victorio_marisa/status/1628800688154202113,2023-02-23T16:55:20.000Z,"sérios problemas na Argentina,Uruguai e Paraguai. Agora temos governo!",0,0,0,https://twitter.com/AlencarBraga13/status/1628790957264056323
BethK,@BethK32279062,https://twitter.com/BethK32279062/status/1628871460360970241,2023-02-23T21:36:33.000Z,Gaúchos não receberam NADA do Bolsonaro. Agora temos o Lula,0,0,0,https://twitter.com/AlencarBraga13/status/1628790957264056323
