nome,usuario,idTweet,dataPublicacao,texto,replies,retweets,likes,tweetPai
Adriana Ventura,@adriventurasp,https://twitter.com/adriventurasp/status/1628402532329435141,2023-02-22T14:33:12.000Z,"R$ 2,69 BILHÕES 

é o custo anual de dias não trabalhados de servidores do Poder Judiciário, Ministério Público e Governo Federal que têm férias de mais de 30 dias.",1,8,53,https://twitter.com/adriventurasp/status/1628402530102173702
Adriana Ventura,@adriventurasp,https://twitter.com/adriventurasp/status/1628402534061641731,2023-02-22T14:33:13.000Z,"R$ 4 BILHÕES 

por ano: é o preço das férias de 60 dias dos juízes, promotores e demais membros do alto escalão do funcionalismo.",1,9,54,https://twitter.com/adriventurasp/status/1628402530102173702
Adriana Ventura,@adriventurasp,https://twitter.com/adriventurasp/status/1628402535458390017,2023-02-22T14:33:13.000Z,"R$ 5,8 MILHÕES

foi o quanto os deputados gastaram com auxílio-moradia em 2022, mesmo tendo salário de R$ 33,7 mil. 

Este ano o valor pode ser muito maior… prepare o bolso! 

OBS.: eu não uso imóveis funcionais e nem auxílio-moradia.",2,8,71,https://twitter.com/adriventurasp/status/1628402530102173702
Adriana Ventura,@adriventurasp,https://twitter.com/adriventurasp/status/1628402537601675265,2023-02-22T14:33:13.000Z,"Se você é contra esses privilégios, compartilhe esse fio para que mais brasileiros se indignem com esse oba-oba.",2,14,61,https://twitter.com/adriventurasp/status/1628402530102173702
Rodrigo,@rdrgabb,https://twitter.com/rdrgabb/status/1628901719303225345,2023-02-23T23:36:48.000Z,É notícia sobre o NOVO utilizar o fundo partidário?,0,0,0,https://twitter.com/adriventurasp/status/1628402530102173702
Abelismo,@rodrigoaquele,https://twitter.com/rodrigoaquele/status/1628412557072400387,2023-02-22T15:13:02.000Z,"Legal Adriana. E como faz pra mudar, tipo, já? Com os deputados/senadores eleitos (aquela história de trocar todo mundo não vai acontecer tão cedo).",0,0,1,https://twitter.com/adriventurasp/status/1628402530102173702
Tio_Nelsinho,@tio_nelsinho,https://twitter.com/tio_nelsinho/status/1628412794109304833,2023-02-22T15:13:59.000Z,"Em breve o seu partido, único que não usurpava o dinheiro suado do trabalhador, será só mais um, pois passará a usar o fundo partidário. Aliás, esse partido não foi fundado com essa bandeira principal, para dar o exemplo, a de não usar o dinheiro dos impostos?",0,0,4,https://twitter.com/adriventurasp/status/1628402530102173702
