nome,usuario,idTweet,dataPublicacao,texto,replies,retweets,likes,tweetPai
Geraldo Milagre,@gmilagre,https://twitter.com/gmilagre/status/1628049743380086787,2023-02-21T15:11:21.000Z,"Bloquinho ""Deixe o Carnaval ser diversão e enfie a política no cuelhinho por três dias"".",0,0,1,https://twitter.com/adriventurasp/status/1628036237893292034
Matheus Cadorin,@matheuscadorin,https://twitter.com/matheuscadorin/status/1628038160612487170,2023-02-21T14:25:19.000Z,Dá pra votar nos três? 😉😉,0,0,3,https://twitter.com/adriventurasp/status/1628036237893292034
Rogério Portella,@alletropar,https://twitter.com/alletropar/status/1628039010315653120,2023-02-21T14:28:42.000Z,Eu sairia nos três...,0,0,0,https://twitter.com/adriventurasp/status/1628036237893292034
ilda yahoo,@YahooIlda,https://twitter.com/YahooIlda/status/1628620865314193411,2023-02-23T05:00:47.000Z,Bloquinho Anticorrupção,0,0,0,https://twitter.com/adriventurasp/status/1628036237893292034
Patrick,@Patrickblackpil,https://twitter.com/Patrickblackpil/status/1628070554493235207,2023-02-21T16:34:02.000Z,Os três,0,0,0,https://twitter.com/adriventurasp/status/1628036237893292034
@jorgesoruco,@jorgesoruco,https://twitter.com/Jorgesoruco/status/1628036759488548869,2023-02-21T14:19:45.000Z,"Tudo começa pelo combate à corrupção. Assim, o bloco contra privilégios e a favor da privatização podem desfilar com dignidade!",0,0,1,https://twitter.com/adriventurasp/status/1628036237893292034
Palmeiras _1942,@1942_palmeiras,https://twitter.com/1942_palmeiras/status/1628045180505845765,2023-02-21T14:53:13.000Z,"TODOS são imprescindíveis
Os 3 são o começo para o novo Brasil",0,0,0,https://twitter.com/adriventurasp/status/1628036237893292034
RAMÃO,@RamonVellardi,https://twitter.com/RamonVellardi/status/1628052147983073282,2023-02-21T15:20:54.000Z,Será que conseguimos nos movimentar pra ajudar os desabrigados do litoral norte?,0,0,0,https://twitter.com/adriventurasp/status/1628036237893292034
