nome,usuario,idTweet,dataPublicacao,texto,replies,retweets,likes,tweetPai
TitaRoGuerreiraFreedom,@CidadaoLigeiro,https://twitter.com/CidadaoLigeiro/status/1629073710521937920,2023-02-24T11:00:13.000Z,Esse é fera mesmo!,0,0,4,https://twitter.com/Biakicis/status/1629072487056084992
Zelia Fabro22,@zfabrogmailcom,https://twitter.com/zfabrogmailcom/status/1629359638943498240,2023-02-25T05:56:24.000Z,Parabéns ao competente @DerriteSP !,0,0,2,https://twitter.com/Biakicis/status/1629072487056084992
Rodrigo Barbo,@Rodrigo__Barbo,https://twitter.com/Rodrigo__Barbo/status/1629233333853986823,2023-02-24T21:34:31.000Z,BOLSONARO NUNCA MAIS !!!!,0,0,0,https://twitter.com/Biakicis/status/1629072487056084992
Marcelo Rocha,@MarceloBR_73,https://twitter.com/MarceloBR_73/status/1629101549485006850,2023-02-24T12:50:51.000Z,O secretário Derrite deu show ontem no pânico,0,0,2,https://twitter.com/Biakicis/status/1629072487056084992
Lena,@Lena45972243,https://twitter.com/Lena45972243/status/1629086024100900866,2023-02-24T11:49:09.000Z,"Mas, esse avanço  não vai continuar,  porque  o ladrão  já falou, qual e o problema  eles roubam um celular  só pata tomar uma cervejinha,  e faltou a picanha",0,0,0,https://twitter.com/Biakicis/status/1629072487056084992
Alec,@OIluministro,https://twitter.com/OIluministro/status/1629118279087190016,2023-02-24T13:57:19.000Z,"Tá ruim! Muito ruim! Conheço o Derrite e sei da sua competência.
Mas tá uma MERDA!",0,0,0,https://twitter.com/Biakicis/status/1629072487056084992
Daniel Olivieri,@DanielPOlivieri,https://twitter.com/DanielPOlivieri/status/1629083797718179840,2023-02-24T11:40:18.000Z,"Calma deputada. Logo o consórcio dirá que a queda ocorreu porque muitos ""suspeitos"" morreram de COVID e a culpa das mortes é do Bolsonaro.",0,0,1,https://twitter.com/Biakicis/status/1629072487056084992
Juarez Ventura,@juaventura,https://twitter.com/juaventura/status/1629072814375419905,2023-02-24T10:56:40.000Z,Vão destruir tudo esse novo governo pinóquio tabajara.,0,0,1,https://twitter.com/Biakicis/status/1629072487056084992
Jr Cwb,@JrCwbPr,https://twitter.com/JrCwbPr/status/1629074520391794689,2023-02-24T11:03:27.000Z,Todos os cloroquineiros deveriam estar na cadeia !!!!!!,0,0,0,https://twitter.com/Biakicis/status/1629072487056084992
Comendador,@Josxavierdeara2,https://twitter.com/Josxavierdeara2/status/1629074086855950337,2023-02-24T11:01:43.000Z,"A população sabe q à polícia não resolve, portanto, não faz ocorrência. É tempo perdido, melhor aproveitar o carnaval!!!",0,0,0,https://twitter.com/Biakicis/status/1629072487056084992
Eduardo Silva,@bezerraebs,https://twitter.com/bezerraebs/status/1629106850623893505,2023-02-24T13:11:55.000Z,Parabéns aos Petistas. Bandidos colocando a polícia na berlinda. Até agora o executivo não falou em combater a bandidagem e as drogas. Porque será hein? ADI 4.451 a liberdade de expressão não pode ser ceifada.,0,0,0,https://twitter.com/Biakicis/status/1629072487056084992
Alberto Lapeano,@LapeanoAlberto,https://twitter.com/LapeanoAlberto/status/1629167849758490624,2023-02-24T17:14:18.000Z,"👉CPMI e não  CPI👈        ☝️É mais...🔊))) VERDADE À TONA.
COMPARTILHEM TUDO QUE A MÍDIA BRASILEIRA ESCONDE.

VÍDEO▶️.. https://instagram.com/reel/CpBsUIoN98R/?igshid=YmMyMTA2M2Y=… 

              BETOFONTES
         ATIVISTAPOLÍTICO
              LONDRINA/PR
                   🤜🇧🇷🤛                     SELVA",0,0,0,https://twitter.com/Biakicis/status/1629072487056084992
Sérgio Donizeti,@SrgioDonizeti1,https://twitter.com/SrgioDonizeti1/status/1629074298789920768,2023-02-24T11:02:34.000Z,"AQUELAS PESSOAS INOCENTE PRESAS INJUSTAMENTE AÍ EM BRASÍLIA PEDEM SOCORRO URGENTE, POIS ELAS NÃO FIZERAM NADA E PRECISAM VOLTAREM PARA SUAS 🏠🏠🏠🏠🏠🏠",0,0,0,https://twitter.com/Biakicis/status/1629072487056084992
MSGBR,@MSGPatriotBR,https://twitter.com/MSGPatriotBR/status/1629074439160602625,2023-02-24T11:03:07.000Z,SAO PAULO LIVRE DO COMUNISMO,0,0,2,https://twitter.com/Biakicis/status/1629072487056084992
The Trusth ©,@TrusthBrasil,https://twitter.com/TrusthBrasil/status/1629086055839178752,2023-02-24T11:49:17.000Z,Por favor. Vejam este vídeo se vocês tem filhos com idades até 13 anos. Este canal é dedicado a crianças e adolescentes. Esta aberto a todas as idades no canal desse cara. Não se trata de um adulto. São crianças.,0,0,0,https://twitter.com/Biakicis/status/1629072487056084992
Ivanilde Terezinha Bról Santos,@BrolIvanilde,https://twitter.com/BrolIvanilde/status/1629090832392265728,2023-02-24T12:08:16.000Z,"Amós 8:11 Eis que vêm dias, diz o Senhor DEUS, em que enviarei fome sobre a terra; não fome de pão, nem sede de água, mas de ouvir as palavras do SENHOR.(Cada um que já descobriu a Fonte de Água da vida,precisa beber nela diariamente, para dessedentar outros,depois dele mesmo)",0,0,0,https://twitter.com/Biakicis/status/1629072487056084992
