nome,usuario,idTweet,dataPublicacao,texto,replies,retweets,likes,tweetPai
𝒪𝓊𝓇 𝒫𝑒𝑜𝓅𝓁𝑒,@_mandalorian_Z,https://twitter.com/_mandalorian_Z/status/1629063809036914693,2023-02-24T10:20:53.000Z,Você já explicou para o povo q após conseguir as assinaturas vai precisar da boa vontade do Pacheco para a CPMI sair do papel?,9,0,16,https://twitter.com/andrefernm/status/1629063313110827008
André Fernandes,@andrefernm,https://twitter.com/andrefernm/status/1629065262539456512,2023-02-24T10:26:39.000Z,"Se for CPI, sim. No Senado e na Câmara não há instrumento regimental para se instaurar uma CPI sem o aval do presidente da casa.

Já a CPMI, de acordo com o art. 21 do Regimento Comum do Congresso Nacional, uma vez requerida por 1/3 das casas é  instaurada de forma AUTOMÁTICA.",18,64,312,https://twitter.com/andrefernm/status/1629063313110827008
Adriano Gomes Barbosa,@AdrianoCirurgia,https://twitter.com/AdrianoCirurgia/status/1629092812120633348,2023-02-24T12:16:08.000Z,Excelente @andrefernm . Grande trabalho. Vai dar certo. 🙏🏻,0,0,12,https://twitter.com/andrefernm/status/1629063313110827008
DETO 777 # SDV,@Rivotrilpraque,https://twitter.com/Rivotrilpraque/status/1629151199713697793,2023-02-24T16:08:08.000Z,Ele tem que ser instalada,1,0,1,https://twitter.com/andrefernm/status/1629063313110827008
,@delucapast9782,https://twitter.com/delucapast9782/status/1629152747663548416,2023-02-24T16:14:17.000Z,Vamos aguardar sem emoção,0,0,1,https://twitter.com/andrefernm/status/1629063313110827008
Leonardo Dias,@tocomleonardo,https://twitter.com/tocomleonardo/status/1629105930531905543,2023-02-24T13:08:15.000Z,"De Alagoas, conseguimos o que podíamos. O resto não assinaria.",4,4,68,https://twitter.com/andrefernm/status/1629063313110827008
combatentedanacao,@combatentebraz,https://twitter.com/combatentebraz/status/1629134493155049474,2023-02-24T15:01:45.000Z,@CoronelAzevedo ?,0,0,0,https://twitter.com/andrefernm/status/1629063313110827008
combatentedanacao,@combatentebraz,https://twitter.com/combatentebraz/status/1629135104336330753,2023-02-24T15:04:11.000Z,@adjutodias ??,0,0,0,https://twitter.com/andrefernm/status/1629063313110827008
Helena,@HelenaGuillen4,https://twitter.com/HelenaGuillen4/status/1629121546089267204,2023-02-24T14:10:18.000Z,"@celsorussomanno estou procurando seu nome aqui... 

E então Celso Russomano? 🫥🫥🫥",0,2,10,https://twitter.com/andrefernm/status/1629063313110827008
alvaro,@alvaror03299651,https://twitter.com/alvaror03299651/status/1629406600669585409,2023-02-25T09:03:01.000Z,"Sempre que povodepositar sua esperança no congresso o fracasso será certo, todo o congresso está corrompido se preparem para mais uma decepção.",1,0,0,https://twitter.com/andrefernm/status/1629063313110827008
Evandro Boff,@evandro_boff,https://twitter.com/evandro_boff/status/1629064516095860737,2023-02-24T10:23:41.000Z,Assina aí @RicardoBarrosPP !!!!,1,6,10,https://twitter.com/andrefernm/status/1629063313110827008
Evandro Boff,@evandro_boff,https://twitter.com/evandro_boff/status/1629075631257288704,2023-02-24T11:07:51.000Z,@GoettenJorge não vai assinar por quê??? Explica aí para os catarinenses presos!!!,3,6,10,https://twitter.com/andrefernm/status/1629063313110827008
Eu só quero o código fonte,@EdsonPradoEP,https://twitter.com/EdsonPradoEP/status/1629065900551725057,2023-02-24T10:29:11.000Z,"Deputado, divulga quem não quiz assinar. Assim fica fácil para eles, é só controlar com milhões os que faltam. Nós precisamos  saber quem não assinou além dos Psolistas e PeTralhas.",1,1,23,https://twitter.com/andrefernm/status/1629063313110827008
Paz na Terra!,@paznaterra123,https://twitter.com/paznaterra123/status/1629097663873396742,2023-02-24T12:35:24.000Z,@marcospereira04 bom dia Sr. DEPUTADO qdo bos solicitou seu voto nós votamos no Sr. E agora que precisamos do apoio do Sr. r do seu partido constatamos que nenhum deputado de SP votou até o momento em pról da CPMI que irá apurar os abusos de 08/01...,1,5,10,https://twitter.com/andrefernm/status/1629063313110827008
Ale Gonsalves,@AleGonsalvesV,https://twitter.com/AleGonsalvesV/status/1629088987468992517,2023-02-24T12:00:56.000Z,@CelioStudart o Ceará precisa do seu voto na CPMI isso precisa ser investigado corretamente e o culpados presos!,1,8,18,https://twitter.com/andrefernm/status/1629063313110827008
Iracema Teles,@TelesIracema,https://twitter.com/TelesIracema/status/1629196347483082753,2023-02-24T19:07:32.000Z,"Faltam 13  deputados PL:
Antonio C.Rodrigues(SP)
Aureo Ribeiro(RJ)
Fernando Monteiro(PE)
Filipe Martins(TO)
Jorge Goetten(SC)
Júnior Lourenço(MA) 
Júnior Mano(CE)
Luciano Vieira(RJ)
Paulo F. da Costa(SP)
Rosângela Reis(MG)
Tiririca(SP)
Wellington Roberto(PB)
Yury do Paredão(CE)",1,3,14,https://twitter.com/andrefernm/status/1629063313110827008
Leo Kasura |,@leokasura,https://twitter.com/leokasura/status/1629183671197392899,2023-02-24T18:17:10.000Z,"Dos 8 deputados de Roraima, apenas 2 concordam em investigar as invasões terroristas.
 ASSIMARAM:✅ Pastor Diniz - União@depnicoletti 

NAO ASSINARAM:❌ @ze_haroldo ❌ Gabriel Mota - Repub❌ Stelio Dener - Repub❌ Alvuquerque - Repub❌ Helena Lima - MDB❌ Duda Ramos - MDB",0,3,4,https://twitter.com/andrefernm/status/1629063313110827008
Maria Marques,@mjligeiro,https://twitter.com/mjligeiro/status/1629158213114273792,2023-02-24T16:36:00.000Z,O @FredCostaDep e o @AecioNeves já assinaram???🤡🤡,0,2,2,https://twitter.com/andrefernm/status/1629063313110827008
Maria Marques,@mjligeiro,https://twitter.com/mjligeiro/status/1629158965937405954,2023-02-24T16:39:00.000Z,@FredCostaDep .... seus eleitores não são apenas protetores de animais,1,2,5,https://twitter.com/andrefernm/status/1629063313110827008
MlvlZLSP,@StoreMlvl,https://twitter.com/StoreMlvl/status/1629117844960038917,2023-02-24T13:55:36.000Z,@DacunhaDelegado,0,1,2,https://twitter.com/andrefernm/status/1629063313110827008
Clerto Alves,@portalhistoria,https://twitter.com/portalhistoria/status/1629231455460028417,2023-02-24T21:27:03.000Z,"O cara vai passar o mandato dele inteiro tentando assinaturas pra CPI!Quando passar a vide do 8 de janeiro, ele vai inventar outra coisa e outra coisa e outra coisa... e aí ele vai enrolando os eleitores dele até chegar a próxima eleição! É o modelo bolsonariano d fazer política!",0,0,0,https://twitter.com/andrefernm/status/1629063313110827008
Sayo,@Sayonara_Lima,https://twitter.com/Sayonara_Lima/status/1629085395949436928,2023-02-24T11:46:39.000Z,Falta você @OtoniDepFederal,1,0,1,https://twitter.com/andrefernm/status/1629063313110827008
Lú Ramos,@LucianaMacedoR1,https://twitter.com/LucianaMacedoR1/status/1629093089116581888,2023-02-24T12:17:14.000Z,"Sr. Deputado @pinheirinhomg, não encontrei seu nome na lista, o Sr. ainda vai assinar? 
Ou discorda da CPMI?",0,0,1,https://twitter.com/andrefernm/status/1629063313110827008
AngelaG54,@angelagindri43,https://twitter.com/angelagindri43/status/1629211090797096962,2023-02-24T20:06:07.000Z,"@andrefernm 🧐🧐Por favor faça um quadro com os totais de adesões por estados, isso pode ajudar a mobilizar e é mais um argumento para pressão.

Observei que o RS e SP têm as maiores adesões, outros  estados com grande n° de deputados tiveram poucas assinaturas.@kimpaim",0,0,0,https://twitter.com/andrefernm/status/1629063313110827008
AngelaG54,@angelagindri43,https://twitter.com/angelagindri43/status/1629211214055088129,2023-02-24T20:06:37.000Z,"@andrefernm 🧐🧐Por favor faça um quadro com os totais de adesões por estados, isso pode ajudar a mobilizar e é mais um argumento para pressão.

Observei que o RS e SP têm as maiores adesões, outros  estados com grande n° de deputados tiveram poucas assinaturas.@kimpaim",0,1,1,https://twitter.com/andrefernm/status/1629063313110827008
Companhia dos Livros Conservadores,@Livroscons,https://twitter.com/Livroscons/status/1629210196076625921,2023-02-24T20:02:34.000Z,"""O governo NÃO QUER que essa CPMI seja criada. Por quê?""

Nenhum governo gosta de CPI, cara.

Trazer os atos golpistas de volta ao noticiário é algo extremamente prejudicial à direita. 

Parem com essas loucuras.",2,0,0,https://twitter.com/andrefernm/status/1629063313110827008
eliana braga,@elianabragam,https://twitter.com/elianabragam/status/1629142725156110341,2023-02-24T15:34:28.000Z,Do Ceara falta muita gente…,3,5,10,https://twitter.com/andrefernm/status/1629063313110827008
Thaynnah,@Thaynnah20v_2,https://twitter.com/Thaynnah20v_2/status/1629066414589083648,2023-02-24T10:31:14.000Z,"Deputado @celsorussomanno , não encontrei o seu nome na lista. 

Claro que você vai assinar, não ? 
Eleitores de São Paulo estão de 👀",7,14,53,https://twitter.com/andrefernm/status/1629063313110827008
Robson Scardini,@tintureiro1,https://twitter.com/tintureiro1/status/1629089841102168065,2023-02-24T12:04:19.000Z,"Golpe? 
Golpe foi a direita que levou no 8/Jan. 
Tem armação.",0,1,2,https://twitter.com/andrefernm/status/1629063313110827008
Sidney,@liberdade2972,https://twitter.com/liberdade2972/status/1629080154864553984,2023-02-24T11:25:50.000Z,"Tá demorando muito  já era para  ter essas assinaturas faz tempo.
Os patriotas presos e esse bando de deputados ainda pensando se assinam. Tenho vergonha desses parlamentares!",1,0,9,https://twitter.com/andrefernm/status/1629063313110827008
Wagner Benedeti,@WagnerBenedeti,https://twitter.com/WagnerBenedeti/status/1629151948204044289,2023-02-24T16:11:07.000Z,"Não vi a assinatura da Deputada @rosangelamorosp , do deputado @MauricioNeves_ , do Deputado @ArnaldoJardim",0,1,2,https://twitter.com/andrefernm/status/1629063313110827008
Cleverson Rêgo Freitas,@rego_cleverson,https://twitter.com/rego_cleverson/status/1629067946952736768,2023-02-24T10:37:19.000Z,Alô @silascamara_ @SilasCamaraAM  ?,0,2,2,https://twitter.com/andrefernm/status/1629063313110827008
Ana Bru,@Anaa_Bru,https://twitter.com/Anaa_Bru/status/1629124097127944192,2023-02-24T14:20:27.000Z,"Deputada @rosangelamorosp , seus eleitores esperam um posicionamento da senhora.
O que está faltando para a senhora assinar este pedido de abertura de CPMI?
Estamos de olho, não se engane 👀",2,8,19,https://twitter.com/andrefernm/status/1629063313110827008
hippolyto brum jr,@hbrumjunior,https://twitter.com/hbrumjunior/status/1629136631830544390,2023-02-24T15:10:15.000Z,"@GayerGus “Faltam apenas 11 assinaturas na Cam Dep.Senado já conseguimos o mínimo necessário.A CPMI d 8 d janeiro é uma das coisas + importantes desse ano. Obs: gov Ñ QUER quer essa CPMI seja criada. P Q?” @LucasRedecker finalmente assinou,VAI ASSINAR QUANDO @marciobiolchi ? 👇",2,2,10,https://twitter.com/andrefernm/status/1629063313110827008
נ,@neriazait,https://twitter.com/neriazait/status/1629238797044011008,2023-02-24T21:56:13.000Z,"O Brasil precisa com urgência sanar as injustiças do dia 08/01 e responsabilizar os verdadeiros culpados, a CPMI trará luz aos fatos ocorridos, colabore assinando.
Obrigado Deputada !@danicunhario",0,2,7,https://twitter.com/andrefernm/status/1629063313110827008
Joao Paulo Prado,@jpradojt,https://twitter.com/jpradojt/status/1629228341835321344,2023-02-24T21:14:40.000Z,@Geraldomendesof,0,1,1,https://twitter.com/andrefernm/status/1629063313110827008
Sandra Domingues,@smdmalmeida,https://twitter.com/smdmalmeida/status/1629120952482271232,2023-02-24T14:07:57.000Z,@RodrigoGambale seu nome não está na lista…,0,3,4,https://twitter.com/andrefernm/status/1629063313110827008
Vascaíno a base de calmantes ✠,@Eduardo82374991,https://twitter.com/Eduardo82374991/status/1629116252798042112,2023-02-24T13:49:16.000Z,"O Tiririca (PL-SP) não assinou até agora... estranho
Bora cobrar ele no email: 👇dep.tiririca@camara.leg.br",0,1,4,https://twitter.com/andrefernm/status/1629063313110827008
Helena,@HelenaGuillen4,https://twitter.com/HelenaGuillen4/status/1629121062096052225,2023-02-24T14:08:23.000Z,"Alguém aí sabe do Romário? 
Cariocas? @RomarioOnze",0,0,0,https://twitter.com/andrefernm/status/1629063313110827008
R Luiz,@RLuiz_72,https://twitter.com/RLuiz_72/status/1629165161486381057,2023-02-24T17:03:37.000Z,"Uma vergonha numa câmara de 513 Dep, e somente essas assinaturas, muitos tinham tem q ser expurgados nas próximas eleições!!",0,0,0,https://twitter.com/andrefernm/status/1629063313110827008
Heberton Domingos,@hebeton1979,https://twitter.com/hebeton1979/status/1629101103894736896,2023-02-24T12:49:05.000Z,"@delegadoramagem já passou da hora de assinar!!!!!

O senhor não vai assinar? 

O senhor não tem interesse que o assunto seja esclarecido de forma clara e objetiva?",5,2,7,https://twitter.com/andrefernm/status/1629063313110827008
Malya,@MrciaRo99063017,https://twitter.com/MrciaRo99063017/status/1629137856600985601,2023-02-24T15:15:07.000Z,"A verdade tem que prevalecer, quem tem medo de transparência no ocorrido?🤔",0,0,0,https://twitter.com/andrefernm/status/1629063313110827008
Maurício G Graciano,@giusepegraciano,https://twitter.com/giusepegraciano/status/1629173810686574596,2023-02-24T17:37:59.000Z,"Por parte dos deputados do Paraná, está feito! 👏👏👏",0,0,0,https://twitter.com/andrefernm/status/1629063313110827008
Noraney Flores,@NoraneyFlores,https://twitter.com/NoraneyFlores/status/1629083377818120193,2023-02-24T11:38:38.000Z,CPI já,0,0,0,https://twitter.com/andrefernm/status/1629063313110827008
Ricardo Lima,@Ricom1888Lima,https://twitter.com/Ricom1888Lima/status/1629075425430327298,2023-02-24T11:07:02.000Z,Eu aposto os r$ 18 do aumento do salário que quando tiver faltando uma assinatura não vai conseguir não tô sendo pessimista estou sendo realista,3,0,2,https://twitter.com/andrefernm/status/1629063313110827008
Jenny,@Jenifer22711941,https://twitter.com/Jenifer22711941/status/1629157825426386948,2023-02-24T16:34:28.000Z,Deputado @andrefernm  coloque os nomes dos deputados que não assinaram por favor,0,0,0,https://twitter.com/andrefernm/status/1629063313110827008
Noemi Marques,@noemi_marques,https://twitter.com/noemi_marques/status/1629067532911927301,2023-02-24T10:35:41.000Z,O meu Deputado já assinou.,0,0,0,https://twitter.com/andrefernm/status/1629063313110827008
Belchior Messias Bolsonaro.,@BelchiorMessias,https://twitter.com/BelchiorMessias/status/1629183123345797126,2023-02-24T18:15:00.000Z,"Não quer, por causa do tamanho da pizza.",0,0,0,https://twitter.com/andrefernm/status/1629063313110827008
Alex Duarte,@asbduarte,https://twitter.com/asbduarte/status/1629203089981902848,2023-02-24T19:34:20.000Z,"Isso, instaura a CPMI mesmo. Vão chegar Bolsonaro, ele será preso...GRANDE DIA!",0,0,0,https://twitter.com/andrefernm/status/1629063313110827008
"petista de direita Deus, Patria, Familia",@Petistadireito,https://twitter.com/Petistadireito/status/1629125661930430471,2023-02-24T14:26:40.000Z,"513 politicos que se dizem representantes do povo e nem 80%  vao assinar, alias ainda falta 11 p o minimo...👏Passou da hora de reduzir pela metade desses 513 e exigir nivel superior p tds 👏🤬",2,1,3,https://twitter.com/andrefernm/status/1629063313110827008
Marcelo Berbara,@BarboraMarcelo,https://twitter.com/BarboraMarcelo/status/1629211847885746179,2023-02-24T20:09:08.000Z,"@andrefernm e aquela da Soraya Thronicke é uma CPI as assinaturas foram colhidas antes e ela pediu ao STF que interferisse para abrir . Será que as assinaturas na lista dela são tbem as que estão na CPMI no senado? Tem chance de ter o dela, que é perigoso para nós da oposição?",0,0,1,https://twitter.com/andrefernm/status/1629063313110827008
Nielsen,@Nielsen13291,https://twitter.com/Nielsen13291/status/1629153640341544960,2023-02-24T16:17:50.000Z,👏👏👏,0,0,0,https://twitter.com/andrefernm/status/1629063313110827008
JoseCelestinoda Silva,@josecelestinoda,https://twitter.com/josecelestinoda/status/1629288288036028418,2023-02-25T01:12:53.000Z,Pode investigar.,0,0,0,https://twitter.com/andrefernm/status/1629063313110827008
Marina,@Mah_sei,https://twitter.com/Mah_sei/status/1629084153579724801,2023-02-24T11:41:43.000Z,"Uai que estranho deputados: @Juarezcostamt , @emanuelzinhomt e @ofabiogarciamt , não encontrei seus nomes na lista de deputados favoráveis a CPMI. Mas é claro que irão assinar ainda hoje né?!",1,11,44,https://twitter.com/andrefernm/status/1629063313110827008
Paulino,@paulinovolks,https://twitter.com/paulinovolks/status/1629135938323374080,2023-02-24T15:07:30.000Z,"Apenas 4 da Bahia?

A companheirada segue firme no propósito de não dar transparência 🤦🏻‍♂️",0,0,0,https://twitter.com/andrefernm/status/1629063313110827008
Olavete,@Olavete2022,https://twitter.com/Olavete2022/status/1629066097281433602,2023-02-24T10:29:58.000Z,🇧🇷🇧🇷🇧🇷🇧🇷🙏🏻🙏🏻🙏🏻🙏🏻🙏🏻#BolsonaroOrgulhoDoBrasil,0,0,2,https://twitter.com/andrefernm/status/1629063313110827008
Sino,@Sino1914,https://twitter.com/Sino1914/status/1629082705789943809,2023-02-24T11:35:58.000Z,"@alexandre @FlavioDino @camaraptsp @ptbrasil 

Nenhum Deputado do PETe assinou a PEC para investigar a fundo os atos do dia 8.
Eles não querem terminar de investigar, punir e prender todos ?

Porque nenhum parlamentar está a favor?@LulaOficial@gleisi @randolfeap",2,2,8,https://twitter.com/andrefernm/status/1629063313110827008
ALFA LIMA,@ANDRLIM45251,https://twitter.com/ANDRLIM45251/status/1629104511615741953,2023-02-24T13:02:37.000Z,"Vamo que vamo, rumo as 200 na Câmara.",0,0,0,https://twitter.com/andrefernm/status/1629063313110827008
Ponte Paralela,@PonteParalela,https://twitter.com/PonteParalela/status/1629212514104877057,2023-02-24T20:11:47.000Z,Acha mesmo que os presidentes vão deixar isso ir adiante da forma como nós queremos?,0,0,0,https://twitter.com/andrefernm/status/1629063313110827008
Combatente,@Combatente11072,https://twitter.com/Combatente11072/status/1629088194867208194,2023-02-24T11:57:47.000Z,"Belgo trabalho, Depurado. Parabéns.",0,0,0,https://twitter.com/andrefernm/status/1629063313110827008
Guida Ribeiro,@guida_ribeiro10,https://twitter.com/guida_ribeiro10/status/1629104510009323524,2023-02-24T13:02:37.000Z,Deputado Carlos Sampaio de Campinas SP . Obrigada,0,0,0,https://twitter.com/andrefernm/status/1629063313110827008
dkk11,@dkk115,https://twitter.com/dkk115/status/1629132919372382209,2023-02-24T14:55:30.000Z,@rosangelamorosp bora assinar??? O senador @SF_Moro assinou lá no senado...,0,1,1,https://twitter.com/andrefernm/status/1629063313110827008
suely rodrigues,@suelyro96816301,https://twitter.com/suelyro96816301/status/1629072132868112384,2023-02-24T10:53:57.000Z,Os deputados que não assinarem tbm estão querendo esconder alguma coisa. 🤔,0,0,1,https://twitter.com/andrefernm/status/1629063313110827008
Jose dirceu de paula De paula,@dirceuadvsp,https://twitter.com/dirceuadvsp/status/1629171416452014081,2023-02-24T17:28:28.000Z,"André, tem que ir prá cima deles. Cadeia para os cumpanheiros",0,0,0,https://twitter.com/andrefernm/status/1629063313110827008
willian 008,@williants08,https://twitter.com/williants08/status/1629113070197809153,2023-02-24T13:36:38.000Z,Parabéns,0,0,0,https://twitter.com/andrefernm/status/1629063313110827008
Elisa,@Elisa53771644,https://twitter.com/Elisa53771644/status/1629087890822119431,2023-02-24T11:56:34.000Z,Parabéns Deputado! Por favor é possivel fazer uma lista dos que não assinaram? Assim podemos cobrar. Por favor!🙏🇧🇷,0,0,0,https://twitter.com/andrefernm/status/1629063313110827008
Mordomia_SC,@MORDOMIA_SC,https://twitter.com/MORDOMIA_SC/status/1629123771071188999,2023-02-24T14:19:09.000Z,CPMI só com Bolsonaro no Brasil. Afinal de contas ele é o suspeito número 1.,0,0,0,https://twitter.com/andrefernm/status/1629063313110827008
Tiago Silva,@TiagoGODF,https://twitter.com/TiagoGODF/status/1629179674151596035,2023-02-24T18:01:17.000Z,Já alinhou com Pacheco e Lira? Eles quem mandam.,0,0,0,https://twitter.com/andrefernm/status/1629063313110827008
Vascaíno a base de calmantes ✠,@Eduardo82374991,https://twitter.com/Eduardo82374991/status/1629117411151560705,2023-02-24T13:53:53.000Z,"Pessoal do DF podia cobrar:
Prof. Reginaldo Veras @ReginaldoVerasRafael Prudente @Deputado_RafaelAlguém tem os emails do Reginaldo e do Rafael pra ajudar?

Também tem que cobrar o Gilvan Máximo @GilvanMaximoOfc",0,4,3,https://twitter.com/andrefernm/status/1629063313110827008
Maria jose benotti,@benotti_jose,https://twitter.com/benotti_jose/status/1629066606927134722,2023-02-24T10:32:00.000Z,@davidbrsoares assina,0,2,2,https://twitter.com/andrefernm/status/1629063313110827008
Mirna_66,@Mi6612302019,https://twitter.com/Mi6612302019/status/1629130515830677505,2023-02-24T14:45:57.000Z,@BetoRicha @betopretoparana @LucianoDucci @LuisaCanzian estamos aguardando suas assinaturas. Lembrem-se que o povo acordou para a política.  Lembraremos quem é a favor do povo,0,3,4,https://twitter.com/andrefernm/status/1629063313110827008
Marcio Carvalho,@MarcioResenha,https://twitter.com/MarcioResenha/status/1629123152897884160,2023-02-24T14:16:41.000Z,@rosangelamorosp,0,1,2,https://twitter.com/andrefernm/status/1629063313110827008
Teixeira Carvalho,@AngelatCarvalho,https://twitter.com/AngelatCarvalho/status/1629198896797827072,2023-02-24T19:17:40.000Z,Somos 70 milhões de brasileiros lutando pela CPMI de 08 de janeiro a verdade e libertar os manifestantes é muito importante para nós. Eles foram longe demais. Ninguém vai nos calar.,1,0,1,https://twitter.com/andrefernm/status/1629063313110827008
Claudio Marcel,@Claudio70313450,https://twitter.com/Claudio70313450/status/1629144314855948288,2023-02-24T15:40:47.000Z,"Já cobrei a participação do @AlexManente23 em quem votei ,mas pelo jeito não assinará,  espero estar errado!",0,3,5,https://twitter.com/andrefernm/status/1629063313110827008
Lucimeire Carvalho,@LucimeireCarv17,https://twitter.com/LucimeireCarv17/status/1629179770352066561,2023-02-24T18:01:40.000Z,@celsorussomanno estamos aguardando a posição do senhor.,0,1,1,https://twitter.com/andrefernm/status/1629063313110827008
David Carlos,@DavidCa11629729,https://twitter.com/DavidCa11629729/status/1629108675284553728,2023-02-24T13:19:10.000Z,"Estou cobrando aqui o federal da minha cidade!! 
Isso tem que ser esclarecido.",0,0,5,https://twitter.com/andrefernm/status/1629063313110827008
Gerson Santos,@gersoncdap,https://twitter.com/gersoncdap/status/1629120951550976004,2023-02-24T14:07:57.000Z,@DacunhaDelegado não vimos seu nome na lista de assinaturas ainda. Espero que não nos decepcione.,0,3,6,https://twitter.com/andrefernm/status/1629063313110827008
Dra. Pillar Gama,@drapillargama,https://twitter.com/drapillargama/status/1629092734714642432,2023-02-24T12:15:49.000Z,@OtoniDepFederal,0,2,2,https://twitter.com/andrefernm/status/1629063313110827008
Alexsandro,@VrAlexsandro,https://twitter.com/VrAlexsandro/status/1629167255958306822,2023-02-24T17:11:56.000Z,"@sgt_portugal, estou aguardando seu apoio.",0,0,0,https://twitter.com/andrefernm/status/1629063313110827008
Rogerio Gonzales,@rogeriojg,https://twitter.com/rogeriojg/status/1629099843200208897,2023-02-24T12:44:04.000Z,Ótimo. Mas adianta para que isso? Tirar um dentre 20 que estão comandando esse circo??  Tanto foco ineficiente. Ainda gostaria de um avalanche peitar o que foi armado para o presidiário e sua quadrilha voltar a cena do crime.,0,0,0,https://twitter.com/andrefernm/status/1629063313110827008
Benedito Antonio,@Benedit19963971,https://twitter.com/Benedit19963971/status/1629169044799606784,2023-02-24T17:19:03.000Z,Agora falta 7 assinaturas,0,0,0,https://twitter.com/andrefernm/status/1629063313110827008
Jose Mauro,@Maurinho1943,https://twitter.com/Maurinho1943/status/1629177308106948610,2023-02-24T17:51:53.000Z,Falta assinatura do nosso deputado Dr Luizinho,0,0,0,https://twitter.com/andrefernm/status/1629063313110827008
Jose Mauro,@Maurinho1943,https://twitter.com/Maurinho1943/status/1629182790490066944,2023-02-24T18:13:40.000Z,Falta assinatura do nosso deputado Dr Luizinho. R J  Nova Iguaçu,0,0,0,https://twitter.com/andrefernm/status/1629063313110827008
BiaSpot,@spot_bia,https://twitter.com/spot_bia/status/1629067477261885443,2023-02-24T10:35:27.000Z,👏🏻👏🏻👏🏻,0,0,0,https://twitter.com/andrefernm/status/1629063313110827008
Lasilania,@Lasilania,https://twitter.com/Lasilania/status/1629077406668529664,2023-02-24T11:14:55.000Z,"🙌🏼 Deus tenha misericórdia de todos. Muitas vidas de pessoas decentes estão nas mãos de vocês, espero que não demorem a socorrê-los 🙌🏼",0,0,0,https://twitter.com/andrefernm/status/1629063313110827008
Lasilania,@Lasilania,https://twitter.com/Lasilania/status/1629077592698413056,2023-02-24T11:15:39.000Z,"Seus Twitter estão sem alcance, todo dia te busco no seu perfil.",0,0,1,https://twitter.com/andrefernm/status/1629063313110827008
Daiane Pereira,@Daiane25811680,https://twitter.com/Daiane25811680/status/1629137163123032065,2023-02-24T15:12:22.000Z,"Deputado, por favor, mostre quem são aqueles que não assinaram.",0,0,1,https://twitter.com/andrefernm/status/1629063313110827008
bernadete,@bezinha2023,https://twitter.com/bezinha2023/status/1629080850041126913,2023-02-24T11:28:36.000Z,"Deputado @AlexManente23 , nosso representante de S. Bernardo, não encontrei seu nome na lista. Por que não assinou?  Vai nos decepcionar?",0,1,1,https://twitter.com/andrefernm/status/1629063313110827008
o koreano ®,@ch04vcp,https://twitter.com/ch04vcp/status/1629210891097935876,2023-02-24T20:05:20.000Z,feliz em ver o nome da minha deputada ali @clarissatercio VAMOS PRA CIMA!,0,0,0,https://twitter.com/andrefernm/status/1629063313110827008
Roosevelt Roberto,@RooseveltRobe14,https://twitter.com/RooseveltRobe14/status/1629105194326794241,2023-02-24T13:05:20.000Z,"Governo está preocupado com política externa, tragédia provocada pelas chuvas, gerar emprego e renda, recuperar saúde e educação, diminuir desmatamento, enfim, reverter a tragédia bolsonarista.",1,0,0,https://twitter.com/andrefernm/status/1629063313110827008
Anderson - Patriota,@Anderso90397511,https://twitter.com/Anderso90397511/status/1629467656054099971,2023-02-25T13:05:37.000Z,Comecei a te seguir,0,0,0,https://twitter.com/andrefernm/status/1629063313110827008
Dra. Pillar Gama,@drapillargama,https://twitter.com/drapillargama/status/1629092485002670080,2023-02-24T12:14:50.000Z,@oiIuiz @carlosjordy @delegadoramagem @depheliolopes,0,1,1,https://twitter.com/andrefernm/status/1629063313110827008
Raquel,@EspiritoRaquel,https://twitter.com/EspiritoRaquel/status/1629200288778276866,2023-02-24T19:23:12.000Z,E o que estes 11 estão esperando?! Ou será que tem algo a temer?!,0,0,0,https://twitter.com/andrefernm/status/1629063313110827008
Adriano San,@AdrianoSSantan3,https://twitter.com/AdrianoSSantan3/status/1629214047005540352,2023-02-24T20:17:52.000Z,"De 70 deputados em São Paulo só 20 assinaram, coloca os nomes e rede social dos deputados que não assinaram",0,0,1,https://twitter.com/andrefernm/status/1629063313110827008
Antonio,@toinhoinhoi,https://twitter.com/toinhoinhoi/status/1629113379087429633,2023-02-24T13:37:51.000Z,"Marquem o yury do paredão, ele é do PL e ainda n assinou",1,0,0,https://twitter.com/andrefernm/status/1629063313110827008
Marcio Carvalho,@MarcioResenha,https://twitter.com/MarcioResenha/status/1629122117022121984,2023-02-24T14:12:34.000Z,@DacunhaDelegado,0,0,1,https://twitter.com/andrefernm/status/1629063313110827008
Marcio Carvalho,@MarcioResenha,https://twitter.com/MarcioResenha/status/1629122215835828229,2023-02-24T14:12:58.000Z,@julioarcoverde,1,0,0,https://twitter.com/andrefernm/status/1629063313110827008
Marcio Carvalho,@MarcioResenha,https://twitter.com/MarcioResenha/status/1629122781584543747,2023-02-24T14:15:13.000Z,@celsorussomanno,0,1,1,https://twitter.com/andrefernm/status/1629063313110827008
Tiago melo,@Tiagome13316385,https://twitter.com/Tiagome13316385/status/1629109477478739969,2023-02-24T13:22:21.000Z,"Cobre o Deputado Felipe Martins do Tocantins, ele apoio bolsonaro na campanha!",0,0,1,https://twitter.com/andrefernm/status/1629063313110827008
Carmen Lúcia Baroni de Macêdo,@CarmenLciaBaro1,https://twitter.com/CarmenLciaBaro1/status/1629647428063313921,2023-02-26T00:59:58.000Z,Onde está a assinatura do Márcio Biolchi???,0,0,0,https://twitter.com/andrefernm/status/1629063313110827008
Elvis Moreira,@ElvisM0reira,https://twitter.com/ElvisM0reira/status/1629097066877026309,2023-02-24T12:33:02.000Z,@AndreFernm  Confere?,0,0,1,https://twitter.com/andrefernm/status/1629063313110827008
marisa milanese mari,@MariMilanese,https://twitter.com/MariMilanese/status/1629274047925067777,2023-02-25T00:16:18.000Z,Hoje dia 24/02... Falaram que falta agora só 03 assinaturas 🇧🇷👏👏👏👏,0,0,0,https://twitter.com/andrefernm/status/1629063313110827008
Felipe Menezes,@FelipeM37125464,https://twitter.com/FelipeM37125464/status/1629274329992003584,2023-02-25T00:17:25.000Z,Todos do PL votaram ou já temos alguns traidores?,0,0,0,https://twitter.com/andrefernm/status/1629063313110827008
Wanilson Rocha,@RochaWanilson,https://twitter.com/RochaWanilson/status/1629639340446957570,2023-02-26T00:27:50.000Z,Estamos com vc,0,0,0,https://twitter.com/andrefernm/status/1629063313110827008
Maria De Lourdes Barros Alves Dos Santos,@MariaDe12336887,https://twitter.com/MariaDe12336887/status/1629286977387343873,2023-02-25T01:07:40.000Z,EXCELENTE 👏👏👏👏👏👏👏👏👏👏,0,0,0,https://twitter.com/andrefernm/status/1629063313110827008
Aurea ivonete Eger,@EgerIvonete,https://twitter.com/EgerIvonete/status/1629208842931167233,2023-02-24T19:57:12.000Z,Vamos assinar as petições a nosso favor confirme o que tiveram nas urnas Poio,0,0,0,https://twitter.com/andrefernm/status/1629063313110827008
Regina celia Albuquerque marciano,@celia_marciano,https://twitter.com/celia_marciano/status/1630566923434852354,2023-02-28T13:53:43.000Z,"TEM QUE FAZER  CPI SIM ,QUEREMOS TRANSPARÊNCIA  E VERACIDADE  DOS ATOS, EU  QUEO QUE OS DEPUTADO-AS EN QUE EU VOTEI  FAÇA  O SEU TRABALHO  COM  RESPEITO  ÃOS  ELEITORES 👍🇧🇷👏🏻🇧🇷👏🏻🤝🇧🇷🤝",0,0,0,https://twitter.com/andrefernm/status/1629063313110827008
CarvalhoRoni,@producao1040,https://twitter.com/producao1040/status/1629408091857879041,2023-02-25T09:08:56.000Z,👏👏👏👏,0,0,0,https://twitter.com/andrefernm/status/1629063313110827008
Jose Mauro,@Maurinho1943,https://twitter.com/Maurinho1943/status/1629176270259879937,2023-02-24T17:47:46.000Z,Falta assinatura do nosso deputado Dr  Luizinho,0,0,0,https://twitter.com/andrefernm/status/1629063313110827008
BiaSpot,@spot_bia,https://twitter.com/spot_bia/status/1629067658170716160,2023-02-24T10:36:10.000Z,O meu já assinou 🙏🏻,0,0,0,https://twitter.com/andrefernm/status/1629063313110827008
jef121,@jef121,https://twitter.com/jef121/status/1629150621893816322,2023-02-24T16:05:51.000Z,Glória a Deus 🙏🏽🙏🏽A verdade vai aparecer 🙌🏽🙌🏽,0,0,0,https://twitter.com/andrefernm/status/1629063313110827008
Roosevelt Roberto,@RooseveltRobe14,https://twitter.com/RooseveltRobe14/status/1629106152725270530,2023-02-24T13:09:08.000Z,"https://opovo.com.br/noticias/politica/2020/08/20/como-votaram-deputados-estaduais-sobre-a-suspensao-de-andre-fernandes.html…Suspenso por indisciplina. 
Isso tem moral para alguma coisa?",0,0,0,https://twitter.com/andrefernm/status/1629063313110827008
José Freitas,@freitas6388,https://twitter.com/freitas6388/status/1629082065940488193,2023-02-24T11:33:26.000Z,Very good!,0,0,0,https://twitter.com/andrefernm/status/1629063313110827008
ANDRE LUIZ DA SILVA,@ANDRELU59419974,https://twitter.com/ANDRELU59419974/status/1629084250128502785,2023-02-24T11:42:06.000Z,Sério mesmo ????,0,0,0,https://twitter.com/andrefernm/status/1629063313110827008
Jairo Silva,@melhordanilo22,https://twitter.com/melhordanilo22/status/1629143814970437633,2023-02-24T15:38:48.000Z,A VERDADE DOS ATOS DO DUA 08/01/2023!,0,0,0,https://twitter.com/andrefernm/status/1629063313110827008
Evaniel,@Evaniel78950930,https://twitter.com/Evaniel78950930/status/1629089619957493762,2023-02-24T12:03:27.000Z,#CPMI08dejaneiro,0,0,0,https://twitter.com/andrefernm/status/1629063313110827008
Pepe Coutinho,@DennerCoutinho4,https://twitter.com/DennerCoutinho4/status/1629072275029762048,2023-02-24T10:54:31.000Z,Mais 11 assinaturas para levar pessoas comuns do povo ao circo e questionar por que o governador e o presidente não mandaram meter a porrada neles...,0,0,0,https://twitter.com/andrefernm/status/1629063313110827008
Teresa Pinho,@TeresaPinho12,https://twitter.com/TeresaPinho12/status/1629078252277886979,2023-02-24T11:18:16.000Z,Mas nós queremos 🙏🏼🇧🇷🇧🇷,0,0,0,https://twitter.com/andrefernm/status/1629063313110827008
Érica Oliveira,@EricaofRica,https://twitter.com/EricaofRica/status/1629102023995019265,2023-02-24T12:52:44.000Z,"Bora pessoal! São 513 deputados, vamos cobrar... https://camara.leg.br/deputados/quem-sao…Acessa o link e verifica quem são os nossos deputados e cobrem deles.
*Conseguimos ver por estado também.",0,1,1,https://twitter.com/andrefernm/status/1629063313110827008
Maikfagundesdossantos@gmail.com Fagundes,Maikfagundesdossantos@gmail.com Fagundes,https://twitter.com/Maikfagundesdo1/status/1629135034601951233,2023-02-24T15:03:54.000Z,"Parabéns Deputado @andrefernm Por mai deputados com peito igual a você para nos representar, o povo agradece.",0,0,1,https://twitter.com/andrefernm/status/1629063313110827008
Renato Amaral,@RenatoA27880644,https://twitter.com/RenatoA27880644/status/1629103667017129985,2023-02-24T12:59:16.000Z,"Posso ter errado um pouco na contagem, mais pelo que eu contei tem 65 assinaturas do PL, si os 99 que foram eleitos tivessem assinado já teria assinaturas de sobra. Pq esses porra não assinam e bota essa CPMI pra frente. Tinha que explanar logo o nome deles pra serem cobrados",0,0,1,https://twitter.com/andrefernm/status/1629063313110827008
Rick Tupi,@RickTupi,https://twitter.com/RickTupi/status/1629091812081037312,2023-02-24T12:12:09.000Z,"Coloca a lista dos que NÃO assinaram! Fica mais fácil cobrar sabendo os nomes dos que faltam, do que indo procurar os nomes de todos os deputados, excluir os que já assinaram etc e tal...",0,0,4,https://twitter.com/andrefernm/status/1629063313110827008
Andrea Cardoso,@bcardoso71,https://twitter.com/bcardoso71/status/1630107596748103680,2023-02-27T07:28:31.000Z,"Vai sair sim, essa CPMI agora vai até o fim, estão em jogo as nossas famílias e o nosso povo de bem que não cometeram esse absurdo de destruição... que os verdadeiros culpados apareçam e se faça justiça!!!",0,0,1,https://twitter.com/andrefernm/status/1629063313110827008
Raul Andrade,@raulmsandrade,https://twitter.com/raulmsandrade/status/1629068669958385664,2023-02-24T10:40:12.000Z,"@eusouamom , vamos assinar , deputado.",0,3,4,https://twitter.com/andrefernm/status/1629063313110827008
magali fernanda,@magali845478,https://twitter.com/magali845478/status/1629084529074794500,2023-02-24T11:43:13.000Z,"@eduardodafonte @mendoncafilho precisamos da sua assinatura, por favor,precisamos saber da verdade. Grata!",0,1,1,https://twitter.com/andrefernm/status/1629063313110827008
magali fernanda,@magali845478,https://twitter.com/magali845478/status/1629140991985811456,2023-02-24T15:27:35.000Z,"@pedrocampospe @Silvio_CFilho @fernandofilhope @eduardodafonte, precisamos da verdade. CPMI do dia 08 de janeiro!..",0,1,1,https://twitter.com/andrefernm/status/1629063313110827008
Ailton Menegueli,@AiltonMenegueli,https://twitter.com/AiltonMenegueli/status/1629153071178649602,2023-02-24T16:15:35.000Z,"@paulobilynskyj1 bora assinar, vamos para cima dessa CPMI, precisamos saber a vdd.",0,1,2,https://twitter.com/andrefernm/status/1629063313110827008
giselda fontoura,@FontouraGiselda,https://twitter.com/FontouraGiselda/status/1629093181655580675,2023-02-24T12:17:36.000Z,"Se todos os Senadores trabalhassem em prol do Brasil, não precisaria mendigar assinaturas. Uma vergonha @SenadoFederal . Omissos e traidores não passarão. @camaradeputados",0,0,1,https://twitter.com/andrefernm/status/1629063313110827008
Eni Felicio Ferreira,@FelicioEni,https://twitter.com/FelicioEni/status/1629146759078313986,2023-02-24T15:50:30.000Z,Oh Glória!,0,0,0,https://twitter.com/andrefernm/status/1629063313110827008
Damontiê,@Samuel35877605,https://twitter.com/Samuel35877605/status/1629101329925693441,2023-02-24T12:49:58.000Z,"@CelioStudart Vossa excelência poderia assinar por favor? Estamos esperando seu posicionamento, não nos decepcione deputado.",0,0,0,https://twitter.com/andrefernm/status/1629063313110827008
Damontiê,@Samuel35877605,https://twitter.com/Samuel35877605/status/1629145539987050496,2023-02-24T15:45:39.000Z,"@yurydoparedao deputado por favor assine, precisamos de esclarecimentos sobre esse dia e punir os verdadeiros responsáveis. Não decepcione o seu eleitorado, nós estamos de olho.",0,0,0,https://twitter.com/andrefernm/status/1629063313110827008
Sandra,@SandraS67863416,https://twitter.com/SandraS67863416/status/1629148725741342725,2023-02-24T15:58:18.000Z,"O que votei está na lista,Felipe Barros, conheço mais um aqui da cidade ,mas é petista ,Enio verri ,já recebeu seu cargo na Itaipu ,passando a pena no Requião..Gostei disso .briguem ..kkkkkkk",0,0,0,https://twitter.com/andrefernm/status/1629063313110827008
BARATINHA,@baratinhaa01,https://twitter.com/baratinhaa01/status/1629076434823127047,2023-02-24T11:11:03.000Z,Cobre seu deputado???,0,0,0,https://twitter.com/andrefernm/status/1629063313110827008
Reinaldo,@Reinald24018660,https://twitter.com/Reinald24018660/status/1629130878528921601,2023-02-24T14:47:23.000Z,Bora !!!!!,0,0,0,https://twitter.com/andrefernm/status/1629063313110827008
Amelia Mariotto,@AmeliaMariotto,https://twitter.com/AmeliaMariotto/status/1629155315911475205,2023-02-24T16:24:30.000Z,Obrigado Deputado pelo se comprometimento com o Brasil 🙏,0,0,0,https://twitter.com/andrefernm/status/1629063313110827008
Robert,@AlvesRobert,https://twitter.com/AlvesRobert/status/1629107489068163074,2023-02-24T13:14:27.000Z,Força André!,0,0,0,https://twitter.com/andrefernm/status/1629063313110827008
Rosemeire Moura,@RosemeireMour13,https://twitter.com/RosemeireMour13/status/1629228902768861185,2023-02-24T21:16:54.000Z,Cadê o @CelsoRussano,0,0,0,https://twitter.com/andrefernm/status/1629063313110827008
joão cruz,@joaoncruz,https://twitter.com/joaoncruz/status/1629278043398103041,2023-02-25T00:32:10.000Z,Nao será criada pq os lideres nao vao indicar os membros. Sei como funciona.,0,0,0,https://twitter.com/andrefernm/status/1629063313110827008
ilda yahoo,@YahooIlda,https://twitter.com/YahooIlda/status/1629199704163483659,2023-02-24T19:20:53.000Z,Cadê os Deputados Federais do Estado do Paraná???,0,0,0,https://twitter.com/andrefernm/status/1629063313110827008
Monica Drummond,@MonicaD52077454,https://twitter.com/MonicaD52077454/status/1629216429953191941,2023-02-24T20:27:20.000Z,#CPMI08dejaneiro,0,0,0,https://twitter.com/andrefernm/status/1629063313110827008
Luiza almeida luiza8oo,@luiza8oo,https://twitter.com/luiza8oo/status/1631095048115826694,2023-03-02T00:52:18.000Z,Deus proteja os seus Deus ajuda voçes porque sabe que voces são sinceros,0,0,0,https://twitter.com/andrefernm/status/1629063313110827008
Ney do Flamengo,@neydoflamengo,https://twitter.com/neydoflamengo/status/1629192894081900548,2023-02-24T18:53:49.000Z,Vamos buscar essas 11 assinaturas,0,0,0,https://twitter.com/andrefernm/status/1629063313110827008
Sonia Roberto,@SoniaRo42533030,https://twitter.com/SoniaRo42533030/status/1629214712519921665,2023-02-24T20:20:31.000Z,De olho nessa lista ! Agora somos nós que estamos pedindo .,0,0,0,https://twitter.com/andrefernm/status/1629063313110827008
Sergio Ramos Junior,@SergioRamosJun8,https://twitter.com/SergioRamosJun8/status/1629242393223475204,2023-02-24T22:10:31.000Z,"Em SC os deputados, na essência da palavra, já assinaram.
Estou correto?",0,0,0,https://twitter.com/andrefernm/status/1629063313110827008
Paula Lopes,@PaulaLo18801923,https://twitter.com/PaulaLo18801923/status/1629228660988293121,2023-02-24T21:15:57.000Z,@camaradeputados bora assinar queremos a vdd esclarecida,0,0,0,https://twitter.com/andrefernm/status/1629063313110827008
LUISMAR SILVA LIMA,@LUISMARSILVALI3,https://twitter.com/LUISMARSILVALI3/status/1629205421520044032,2023-02-24T19:43:36.000Z,"Pois é...

Mas tá chegando",0,0,0,https://twitter.com/andrefernm/status/1629063313110827008
Davi Montefusco,@davimontefusco,https://twitter.com/davimontefusco/status/1629231496539127810,2023-02-24T21:27:13.000Z,Uma das principais coisas do ano... Já se vê o quanto de proposta e coisa boa você vai fazer ao longo do ano... Só garganta! 😒,0,0,0,https://twitter.com/andrefernm/status/1629063313110827008
Carlos Costa,@CarlosC77919794,https://twitter.com/CarlosC77919794/status/1629258593223548928,2023-02-24T23:14:53.000Z,Parabéns 👏👏👏👏👏,0,0,0,https://twitter.com/andrefernm/status/1629063313110827008
Raissa Lopes,@raissalopesms,https://twitter.com/raissalopesms/status/1629179861632708614,2023-02-24T18:02:02.000Z,"Oi, @camilajarams. Um dia depois do vandalismo você postou que ""é hora de exigir explicações, de INVESTIGAR e ir atrás dos responsáveis, de apoiar e fortalecer as instituições, de aplicar a lei com rigor"". Sendo assim, por que você não assina a CPMI que visa apurar os FATOS? 🤔",0,0,0,https://twitter.com/andrefernm/status/1629063313110827008
Maria Fernandes,@MariaFe19930838,https://twitter.com/MariaFe19930838/status/1629166407907782663,2023-02-24T17:08:34.000Z,Coloque o nome dos deputados que não assinarão.E porque será que ainda não assinarão.,0,0,0,https://twitter.com/andrefernm/status/1629063313110827008
Ismeralda Rocha,@IsmeraldaRocha,https://twitter.com/IsmeraldaRocha/status/1629141741025562625,2023-02-24T15:30:33.000Z,Deputado @AureoRibeiroRJ não encontrei seu nome na lista .O carioca conta com sua assinatura👍,0,0,0,https://twitter.com/andrefernm/status/1629063313110827008
Qustionando23,@qustionando23,https://twitter.com/qustionando23/status/1629072601405333506,2023-02-24T10:55:49.000Z,#CPMI08janeiro,0,0,0,https://twitter.com/andrefernm/status/1629063313110827008
Delidepimentel Dantas,@delidepimentel,https://twitter.com/delidepimentel/status/1629079291701997571,2023-02-24T11:22:24.000Z,"Vamos meu povo cade vcs,nos colocamos vcs aí foi pra resolver isso vamos la faz oq tem de fazer!",0,0,0,https://twitter.com/andrefernm/status/1629063313110827008
Eduardo,@duzolini,https://twitter.com/duzolini/status/1629098352452272129,2023-02-24T12:38:09.000Z,O Tiririca nem pra isso serve,0,0,0,https://twitter.com/andrefernm/status/1629063313110827008
Aldery Almeida,@aldery_almeida,https://twitter.com/aldery_almeida/status/1629139095778648064,2023-02-24T15:20:03.000Z,Porque vai atrapalhar o governo entendeu ou quer que eu desenho,0,0,0,https://twitter.com/andrefernm/status/1629063313110827008
Diego Fernandez,@DHSFernandez,https://twitter.com/DHSFernandez/status/1629073899391533056,2023-02-24T11:00:59.000Z,@marcospereira04 vai assinar?,0,0,0,https://twitter.com/andrefernm/status/1629063313110827008
Paulo Henrique,@PauloHe77606868,https://twitter.com/PauloHe77606868/status/1629063833984671744,2023-02-24T10:20:59.000Z,"Por que será por que será por que será que o governo não quer investigar 
Eles não querem mas nós a população de bem queremos e é a nossa voz que deve ser ouvida independente de quem seja os culpados devem ser punidos afinal não dizem que a justiça é pra todos e eu pergunto
Será",0,0,0,https://twitter.com/andrefernm/status/1629063313110827008
Edmar Cristiano,@EdmarCristiano7,https://twitter.com/EdmarCristiano7/status/1629149222581817346,2023-02-24T16:00:17.000Z,"Maravilha!!! Falta pouco, muito pouco!! Precisamos continuar pressionando os parlamentares! Vamos pra cima!",0,0,0,https://twitter.com/andrefernm/status/1629063313110827008
Noely Passos,@NoelyPassos,https://twitter.com/NoelyPassos/status/1629165860983037953,2023-02-24T17:06:24.000Z,Nós agradecemos e apoiamos todos os DEPUTADOS que junto aos Senadores trarão a verdade a tona!,0,0,0,https://twitter.com/andrefernm/status/1629063313110827008
o povo é soberano,@Claudia00069960,https://twitter.com/Claudia00069960/status/1629156032126517248,2023-02-24T16:27:20.000Z,"Os acampamentos era de bolsonaristas, vai apenas legitimar os bolsobostas que lá estavam, eu super apoio.",0,0,0,https://twitter.com/andrefernm/status/1629063313110827008
alcino martins,@ninnomaio,https://twitter.com/ninnomaio/status/1629123817820889090,2023-02-24T14:19:20.000Z,Não tem ninguém do PT que assinou?,0,0,0,https://twitter.com/andrefernm/status/1629063313110827008
Priscila Monteiro Nunes,@Prinuneslotus,https://twitter.com/Prinuneslotus/status/1629143679616032769,2023-02-24T15:38:15.000Z,"Deputado @MatheusLaiola ñ encontrei seu nome na lista.

O senhor vai assinar, né?

Estamos de olho! 👀👀",0,0,0,https://twitter.com/andrefernm/status/1629063313110827008
Fabio Junior Morais,@FabioJuniorMo18,https://twitter.com/FabioJuniorMo18/status/1629117573030719491,2023-02-24T13:54:31.000Z,"Vai dar certo, eu acredito",0,0,0,https://twitter.com/andrefernm/status/1629063313110827008
Alda Onofrio,@Alda0324,https://twitter.com/Alda0324/status/1629122065776226309,2023-02-24T14:12:22.000Z,👍👍👍👍,0,0,0,https://twitter.com/andrefernm/status/1629063313110827008
Anti Ptista,@PtistaAnti,https://twitter.com/PtistaAnti/status/1629173598748348416,2023-02-24T17:37:09.000Z,"Nossa aí da,oque tentam esconder??",0,0,0,https://twitter.com/andrefernm/status/1629063313110827008
Luiz,@Luiz8615,https://twitter.com/Luiz8615/status/1629168750296530946,2023-02-24T17:17:53.000Z,"Essa CPI vai aumentar o rigor de pena contra os culpados, e mais gente pra cadeia.",0,0,0,https://twitter.com/andrefernm/status/1629063313110827008
Tereza sou de corpo e alma :,@TerezaFelipeGo,https://twitter.com/TerezaFelipeGo/status/1629084303396052994,2023-02-24T11:42:19.000Z,Vamos conseguir.🙏🙏🙏,0,0,0,https://twitter.com/andrefernm/status/1629063313110827008
ProfDelano Vieira,@VieiraDelano,https://twitter.com/VieiraDelano/status/1629244551180300289,2023-02-24T22:19:05.000Z,Seria possível os emails ou uma rede social?,0,0,0,https://twitter.com/andrefernm/status/1629063313110827008
Sônia Maria da Silva,@titismsilva,https://twitter.com/titismsilva/status/1629915950920155136,2023-02-26T18:46:59.000Z,E então srs deputados estamos esperando que vcs sejam realmente interessados em resolver os problemas da nação ou só quer se dar bem nas nossas costa. Por que somos nós que pagamos seus honorários. Então bora trabalhar.,0,0,0,https://twitter.com/andrefernm/status/1629063313110827008
Aline,@Aline35690499,https://twitter.com/Aline35690499/status/1629447406885515266,2023-02-25T11:45:10.000Z,@andrefernm precisa de união de vcs pra melhorar o Brasil 🇧🇷🙏,0,0,0,https://twitter.com/andrefernm/status/1629063313110827008
ecalles,@CallesEliana,https://twitter.com/CallesEliana/status/1629555955695321088,2023-02-25T18:56:30.000Z,"Uma vergonha o PSDB de SP…, somente o @carlossampaio_ é favorável à abertura da CPMI . É por isso que é o MEU DEPUTADO, não me desaponta nunca",0,0,0,https://twitter.com/andrefernm/status/1629063313110827008
Rosa,@r211801,https://twitter.com/r211801/status/1629085934263193600,2023-02-24T11:48:48.000Z,Pelo q somei na lista tem 88 deputados do pl. Não eram 99? E pela minha conta se tiver 88 mesmo do pl faltam 11 pra bater a meta q precisa. Pq será q nao assinaram?,2,0,6,https://twitter.com/andrefernm/status/1629063313110827008
CândGRoch,@GuidonRocha,https://twitter.com/GuidonRocha/status/1629156973756178432,2023-02-24T16:31:05.000Z,Assina p nós @tomeabduchcombr !,0,1,1,https://twitter.com/andrefernm/status/1629063313110827008
Sueli S. R. Carvalho,@SueliSRCarvalho,https://twitter.com/SueliSRCarvalho/status/1629098008154447873,2023-02-24T12:36:46.000Z,"Não to entendendo esta demora para tantos deputados da câmara, que se diz nossos representes não assinarem a CPMI. É o desejo do povo a transparência e a verdade, doa a quem doer. Não seria o caso de um abaixo assinado?",0,0,1,https://twitter.com/andrefernm/status/1629063313110827008
Ina Zanin,@InajaraZanin,https://twitter.com/InajaraZanin/status/1629082603348193286,2023-02-24T11:35:34.000Z,"@Juarezcostamt gente marquem ele ,ele não assinou ainda",0,5,5,https://twitter.com/andrefernm/status/1629063313110827008
Yuri,@yurifortyseven,https://twitter.com/yurifortyseven/status/1629259300970397698,2023-02-24T23:17:42.000Z,"Se sair, quem serão os relatores?

Há chance de cair no colo da esquerda?",0,0,0,https://twitter.com/andrefernm/status/1629063313110827008
gisleneangelica1907@gmail.com,gisleneangelica1907@gmail.com,https://twitter.com/gisleneangelic8/status/1629191324288049155,2023-02-24T18:47:35.000Z,"Senhores deputados, senhores Senadores. Faltam menos de 4 anos, para continuarmos a limpeza 🧹. Estamos acompanhando faltando muitas assinaturas. A campanha política já iniciou. Acordem! Carnaval já acabou! Ou aí também é feriado a quaresma? Tem inocentes presos, SP requer ajuda!",0,0,0,https://twitter.com/andrefernm/status/1629063313110827008
Alexandre W J,@WolfJannini,https://twitter.com/WolfJannini/status/1629084048860536832,2023-02-24T11:41:18.000Z,Ainda não vi seu nome lá @DacunhaDelegado !,0,3,1,https://twitter.com/andrefernm/status/1629063313110827008
Rodrigo Wolf Turcato,@rwturcato,https://twitter.com/rwturcato/status/1629152344209235968,2023-02-24T16:12:41.000Z,Avante Brasil!!!,0,0,0,https://twitter.com/andrefernm/status/1629063313110827008
Carlos Roberto ☭⃠,@carlosrobertobg,https://twitter.com/carlosrobertobg/status/1629178089052815360,2023-02-24T17:54:59.000Z,@yurydoparedao,0,0,0,https://twitter.com/andrefernm/status/1629063313110827008
otoniel silva,@otoniel82291579,https://twitter.com/otoniel82291579/status/1629149887399960576,2023-02-24T16:02:55.000Z,@DF_PauloFreire assina  Sr. Deputado,0,0,0,https://twitter.com/andrefernm/status/1629063313110827008
Regina,@ReginaMarcos21,https://twitter.com/ReginaMarcos21/status/1629141160814907393,2023-02-24T15:28:15.000Z,"Parabéns deputado!! Força, fé e foco!👏👏👏🥰🥰",0,0,0,https://twitter.com/andrefernm/status/1629063313110827008
Rose Marie,@RoseMar19169845,https://twitter.com/RoseMar19169845/status/1629151865781862401,2023-02-24T16:10:47.000Z,Esse tem muito amor......ahhh,0,0,0,https://twitter.com/andrefernm/status/1629063313110827008
SousaGeo,@GeoLSousa,https://twitter.com/GeoLSousa/status/1629124412422164482,2023-02-24T14:21:42.000Z,✌️👏👏👏,0,0,0,https://twitter.com/andrefernm/status/1629063313110827008
Gisele Santos,@GiseleS89993182,https://twitter.com/GiseleS89993182/status/1629156812598530048,2023-02-24T16:30:27.000Z,"@letsaguiar está faltando a assinatura da prezada deputada. Por favor, contamos com sua ajuda! Não decepcione seu eleitorado.",0,0,0,https://twitter.com/andrefernm/status/1629063313110827008
bruno pacheco,@brunopa71022174,https://twitter.com/brunopa71022174/status/1629183900294565895,2023-02-24T18:18:05.000Z,@glaustindafokus KD sua assinatura?,0,0,0,https://twitter.com/andrefernm/status/1629063313110827008
JOSANDER FILHO,@FILHOJOSANDER,https://twitter.com/FILHOJOSANDER/status/1629092325342212097,2023-02-24T12:14:12.000Z,Deputado não encontrei seu nome na lista das assinaturas para CPMI @jpdeputado,0,0,0,https://twitter.com/andrefernm/status/1629063313110827008
João Rodrigues,@Jaao252,https://twitter.com/Jaao252/status/1629163023104450560,2023-02-24T16:55:07.000Z,@diegohpereira,0,0,0,https://twitter.com/andrefernm/status/1629063313110827008
Elaine cristine,@elaine_lowther,https://twitter.com/elaine_lowther/status/1629097920543830016,2023-02-24T12:36:26.000Z,Vomos gente. So falta 11,0,0,1,https://twitter.com/andrefernm/status/1629063313110827008
keiko,@KeikoMarissa,https://twitter.com/KeikoMarissa/status/1629122101410947075,2023-02-24T14:12:31.000Z,"Tem que prevalecer a vontade do povo! #cpide08dejaneiro #CPIdodia08 #cpidodia08dejaneiro 

JÁ!",0,0,1,https://twitter.com/andrefernm/status/1629063313110827008
Solange De Paula Carneiro,@Solange84497499,https://twitter.com/Solange84497499/status/1629112395300839424,2023-02-24T13:33:57.000Z,#QueremosvddCPIdodia0801,0,0,0,https://twitter.com/andrefernm/status/1629063313110827008
Jane Ribeiro,@JaneRib77992533,https://twitter.com/JaneRib77992533/status/1629135848682754049,2023-02-24T15:07:08.000Z,"Essa CPMI PRECISA SER FEITA COM URGÊNCIA , PRECISAMOS AGILIZAR , DEPUTADOS ASSINEM POR FAVOR , ISTO É HISTÓRICO , O POVO PRECISA , TRANSPARÊNCIA E OS REPRESENTANTES ESTÃO CRUZANDO OS BRAÇOS. INSENSÍVEIS A DOR DAS VÍTIMAS , FAMÍLIAS E DA METADE DO PAIS. OS PATRIOTAS",0,0,0,https://twitter.com/andrefernm/status/1629063313110827008
Andrei.......,@andreme80900643,https://twitter.com/andreme80900643/status/1629133462081765377,2023-02-24T14:57:39.000Z,Por que não faz sentindo. Apenas isso.,0,0,0,https://twitter.com/andrefernm/status/1629063313110827008
Nadal,@Nadal29465716,https://twitter.com/Nadal29465716/status/1629111279049662464,2023-02-24T13:29:31.000Z,VAMO!!!,0,0,0,https://twitter.com/andrefernm/status/1629063313110827008
Erwin Oliveira,@oliveira_erwin,https://twitter.com/oliveira_erwin/status/1629127685027889156,2023-02-24T14:34:42.000Z,Deputado @mendoncafilho nao vai assinar? PE teve mais uma assinatura do André Ferreira. Contamos com seu voto.,0,1,1,https://twitter.com/andrefernm/status/1629063313110827008
Joana Darc,@JoanaDa20359358,https://twitter.com/JoanaDa20359358/status/1629254531455369219,2023-02-24T22:58:45.000Z,"Só querem criar uma narrativa p extrema direita defender golpista, atacar judiciário e governo. Quem interesse em defender a demicracia deveria denunciar parlamentares q apoiam golpe.",0,0,0,https://twitter.com/andrefernm/status/1629063313110827008
Ismar Freitas,@IsmarFreitas1,https://twitter.com/IsmarFreitas1/status/1629069810897244165,2023-02-24T10:44:44.000Z,O mais importante nesse momento é saber quem participou do genocidio dos Ianomâmis,0,0,0,https://twitter.com/andrefernm/status/1629063313110827008
Antônio Carlos Almeida Santos,@AntnioC15608828,https://twitter.com/AntnioC15608828/status/1629322646776053760,2023-02-25T03:29:24.000Z,"Fora os PETRALHAS, ESTA LISTA DEVERIA SER 💯 % DE ASSINATURAS. 
DEPUTADOS  E SENADORES NÃO  SE ACOVARDEM.",0,0,0,https://twitter.com/andrefernm/status/1629063313110827008
João Batista Neto,@JooBati13441947,https://twitter.com/JooBati13441947/status/1629109354568744960,2023-02-24T13:21:52.000Z,A quadrilha não vai querer assinar sabendo que o tiro vai ser no próprio pé.,0,0,0,https://twitter.com/andrefernm/status/1629063313110827008
Giuseppe cadura,@Motoboyfla,https://twitter.com/Motoboyfla/status/1629102405005545475,2023-02-24T12:54:15.000Z,"Tem que ver essa lei aí de tirar a CNH se a pessoa ter dívidas,tô pagando minhas contas depois de ter ficado de molho após um acidente,necessito da CNH e será uma perda enorme se isso acontecer.",0,0,0,https://twitter.com/andrefernm/status/1629063313110827008
Ivna Illet,@ist35976425,https://twitter.com/ist35976425/status/1629217285205286912,2023-02-24T20:30:44.000Z,"A partir de 01 de março retomam-se os trabalhos no maior Centro de Jogatina e Comércio do Mundo, o Congresso Nacional.
Não se iludam, o Molusco já comprou ou está em vias de comprar uns 350 deputados e uns 55 Senadores com o $$$ do Contribuinte.
Só otário acredita nesse País.",0,0,0,https://twitter.com/andrefernm/status/1629063313110827008
Deusinho Beat,@DeusinhoBeat,https://twitter.com/DeusinhoBeat/status/1629143892980277248,2023-02-24T15:39:06.000Z,Nenhum do Piauí  ! VERGONHA,0,0,0,https://twitter.com/andrefernm/status/1629063313110827008
Bruno,@brunoozeraa,https://twitter.com/brunoozeraa/status/1629162713304686600,2023-02-24T16:53:53.000Z,Pq sera que não tem uma assinatura do PT?😂😂😂,0,0,0,https://twitter.com/andrefernm/status/1629063313110827008
ALESSANDRO,@MUNIZBSB,https://twitter.com/MUNIZBSB/status/1629185840004927488,2023-02-24T18:25:47.000Z,"Prezado Deputado @rafaelprudente_ , os fatos precisam ser esclarecidos. Como eleitor do DF solicito a sua assinatura.",0,0,0,https://twitter.com/andrefernm/status/1629063313110827008
priscilapripri,@priscilaescuzia,https://twitter.com/priscilaescuzia/status/1629177623430455296,2023-02-24T17:53:08.000Z,@FFrancischini_ vamos assinar o cpmi dia 8/1,0,1,2,https://twitter.com/andrefernm/status/1629063313110827008
Luis... S.O.S JESUS,@LuismarSilvaLi2,https://twitter.com/LuismarSilvaLi2/status/1629112898579570688,2023-02-24T13:35:57.000Z,Bom dia Deputado. Vamos chegar lá. 🙏🏻,0,5,10,https://twitter.com/andrefernm/status/1629063313110827008
Rcsoueu,@rcsoueu,https://twitter.com/rcsoueu/status/1629076374819414016,2023-02-24T11:10:49.000Z,@lucasbovesp ainda não assinou? Não estou te entendendo.... A investigação dos fatos não é importante pra vc??,0,0,0,https://twitter.com/andrefernm/status/1629063313110827008
Celinha,@Celinha_Oiee,https://twitter.com/Celinha_Oiee/status/1629100448136196096,2023-02-24T12:46:28.000Z,@DacunhaDelegado bora assinar?,1,2,1,https://twitter.com/andrefernm/status/1629063313110827008
