nome,usuario,idTweet,dataPublicacao,texto,replies,retweets,likes,tweetPai
Natacha Pires Carvalho,@natachaornellas,https://twitter.com/natachaornellas/status/1629281520992104448,2023-02-25T00:45:59.000Z,Assine a CPMI...ja será de bom tamanho,0,0,0,https://twitter.com/AlexManente23/status/1629125642150203393
Natacha Pires Carvalho,@natachaornellas,https://twitter.com/natachaornellas/status/1629281807601377280,2023-02-25T00:47:08.000Z,Justiça se faz com justiça..assine a CPMI de 8 de janeiro,0,0,0,https://twitter.com/AlexManente23/status/1629125642150203393
Ana Paula Loro,@AnaPaulaLoro,https://twitter.com/AnaPaulaLoro/status/1629473421766565888,2023-02-25T13:28:32.000Z,"Por favor vote a favor da cpmi sobre 8 de janeiro , queremos transparência em absolutamente tudo .",0,0,0,https://twitter.com/AlexManente23/status/1629125642150203393
Claudio Marcel,@Claudio70313450,https://twitter.com/Claudio70313450/status/1629152443920416775,2023-02-24T16:13:05.000Z,"Atitude maravilhosa unidos conseguimos superar  realmente não temos que apontar para ninguém , peço que seja feito com a CPMI do dia 8 de janeiro é para apurar as verdades ou mentiras,seus eleitores confiam que assinará mas uma coisa deixo claro :
 A JUSTIÇA NÃO TEM FEITO NADA .",0,1,3,https://twitter.com/AlexManente23/status/1629125642150203393
Nivaldo de Agustini,@NivaldoAgustini,https://twitter.com/NivaldoAgustini/status/1629186351143714816,2023-02-24T18:27:49.000Z,"Alex, já assinou a CPMI do dia 8 de Janeiro.
Nós, seus eleitores, queremos que você assine.
Bora trabalhar.",0,1,1,https://twitter.com/AlexManente23/status/1629125642150203393
Bene Campos,@BeneCampos65,https://twitter.com/BeneCampos65/status/1629166146090946567,2023-02-24T17:07:32.000Z,Aguardando a assinatura,0,1,1,https://twitter.com/AlexManente23/status/1629125642150203393
Cleber Venancio,@CleberVenancio1,https://twitter.com/CleberVenancio1/status/1629126282880466947,2023-02-24T14:29:08.000Z,"Bom dia deputado!! Nós eleitores de Sbc e do grande Abc, gostariamos de saber quando irá assinar a lista para CPI do dia 08 . Estamos de olho 🤨 Possicione seus eleitores",0,1,4,https://twitter.com/AlexManente23/status/1629125642150203393
Flávio Gobbato,@fogbr,https://twitter.com/fogbr/status/1629231503786770432,2023-02-24T21:27:14.000Z,"Direciona algum trocado do seu orçamento secreto, que o senhor votou favorável e não explicou pro seu eleitorado. Pelo menos faça um bom uso.",0,0,0,https://twitter.com/AlexManente23/status/1629125642150203393
valmaya,@valmaya10,https://twitter.com/valmaya10/status/1629165213898375168,2023-02-24T17:03:50.000Z,Contamos com seu apoio para CPI 8 de janeiro.,0,0,0,https://twitter.com/AlexManente23/status/1629125642150203393
Claydée Ribeiro,@ClaydeeRibeiro1,https://twitter.com/ClaydeeRibeiro1/status/1629135339636785155,2023-02-24T15:05:07.000Z,Aguardamos seu apoio,0,0,2,https://twitter.com/AlexManente23/status/1629125642150203393
