nome,usuario,idTweet,dataPublicacao,texto,replies,retweets,likes,tweetPai
Camila Lucena,@CamilaRjUsa,https://twitter.com/CamilaRjUsa/status/1629199348390035462,2023-02-24T19:19:28.000Z,"@GretaThunberg have you seeing this? I haven’t hear you say “how dare you”, yet!! Or you are selective to who you scream at?",0,6,27,https://twitter.com/Biakicis/status/1629168695309176833
Roberta Zerbini,@robertazerbini,https://twitter.com/robertazerbini/status/1629289179422007296,2023-02-25T01:16:25.000Z,E agora?,0,0,0,https://twitter.com/Biakicis/status/1629168695309176833
José Borges,@JoseBorgesSilva,https://twitter.com/JoseBorgesSilva/status/1629185098028285953,2023-02-24T18:22:50.000Z,E então @GretaThunberg ?,1,2,7,https://twitter.com/Biakicis/status/1629168695309176833
Lucia Guedes,@LuSp72,https://twitter.com/LuSp72/status/1629170822148419584,2023-02-24T17:26:07.000Z,"Nossa, o Lula fez milagre. Fez bolsonaristas se preocuparem com a Amazônia.
Foram 4 anos de farra. Agora querem que em 2 meses resolva?",38,7,191,https://twitter.com/Biakicis/status/1629168695309176833
Augusto do Sul Global,@despolitizado,https://twitter.com/despolitizado/status/1629170079714668544,2023-02-24T17:23:10.000Z,"Todas as digitais bozo-milicianas nestas consequências....
Será que a Deputada acredita que seria possível em pouco mais de 2 meses resolver problemas dos últimos 4 anos...?...",18,0,32,https://twitter.com/Biakicis/status/1629168695309176833
Marcel Plasse,@p1a55e,https://twitter.com/p1a55e/status/1629429760156659712,2023-02-25T10:35:02.000Z,"O bom do PT no poder é que até bolsonarista vira ambientalista. Só Lula pra converter discurso de ódio em defesa do meio ambiente. Vamos pensar que não é hipocrisia, mas uma conversão positiva para o lado do bem. E vamos cobrar votação em pauta  ambientalista no Congresso",0,0,2,https://twitter.com/Biakicis/status/1629168695309176833
Lopes Silva,@anlosito,https://twitter.com/anlosito/status/1629185430657564672,2023-02-24T18:24:10.000Z,"Óbvio, antes não tinha com quem reclamar e se reclamassem ninguém apurava.",1,0,17,https://twitter.com/Biakicis/status/1629168695309176833
Alexandre Magno,@MagnoSolucoes,https://twitter.com/MagnoSolucoes/status/1629220184157290496,2023-02-24T20:42:16.000Z,"O que uma mudança de governo faz na cabeça das pessoas. Mas antes tarde do que nunca. De repente do nada, a senhora tem uma preocupação com uma pauta pra lá de importante e a qual nunca deu a menor atenção.",1,0,0,https://twitter.com/Biakicis/status/1629168695309176833
Daniel Vieira,@DanielV61220891,https://twitter.com/DanielV61220891/status/1629170449727758338,2023-02-24T17:24:38.000Z,Vai demorar um bom tempo para o novo Governo conseguir controlar a BOIADA que passava no desgoverno anterior.,6,0,30,https://twitter.com/Biakicis/status/1629168695309176833
Marcelo,@chavesmarcelo_,https://twitter.com/chavesmarcelo_/status/1629169342989443074,2023-02-24T17:20:14.000Z,Oi @randolfeap @simonetebetbr @LulaOficial @gleisi @FlavioDino onde ficam a hipocrisia de vcs????? Não tem vergonha na cara??????,2,0,6,https://twitter.com/Biakicis/status/1629168695309176833
Adriana Paula #22,@Adriana49216582,https://twitter.com/Adriana49216582/status/1629169092379701248,2023-02-24T17:19:14.000Z,Cadê a Greta?,12,0,9,https://twitter.com/Biakicis/status/1629168695309176833
Vania Schunk,@SchunkVania,https://twitter.com/SchunkVania/status/1629180346301284353,2023-02-24T18:03:57.000Z,L L L L,0,1,2,https://twitter.com/Biakicis/status/1629168695309176833
Valter Ribeiro,@ValterRibeiroM1,https://twitter.com/ValterRibeiroM1/status/1629172035464093696,2023-02-24T17:30:56.000Z,Ela é boca de aluguel do empresários ricos que se acham donos do mundo.,0,0,6,https://twitter.com/Biakicis/status/1629168695309176833
Fred Sauer ★彡,@proffredsauer,https://twitter.com/proffredsauer/status/1629221905361240064,2023-02-24T20:49:06.000Z,"Como dizia o funk, “tá liberado, tá tudo liberado !!!”. Faz o “L”, geração perdida !",0,2,16,https://twitter.com/Biakicis/status/1629168695309176833
Figueiredo Jorge,@FigueiredoJorII,https://twitter.com/FigueiredoJorII/status/1629515657560686598,2023-02-25T16:16:22.000Z,...e os saralios de vocês estão ótimos né?,0,0,0,https://twitter.com/Biakicis/status/1629168695309176833
Arthur Neto,@ArthurPNeto1,https://twitter.com/ArthurPNeto1/status/1629703784661131265,2023-02-26T04:43:55.000Z,"Nem Greta, nem Macron, nem DiCaprio e muito menos os lulopetralhas. A gritaria nunca foi pelo meio ambiente.",0,0,1,https://twitter.com/Biakicis/status/1629168695309176833
Figueiredo Jorge,@FigueiredoJorII,https://twitter.com/FigueiredoJorII/status/1629823838237216768,2023-02-26T12:40:58.000Z,A Grega não irá te ouvir !!! Mais seu saralios está garantido !!!,0,0,0,https://twitter.com/Biakicis/status/1629168695309176833
Roseni Dutra,@DutraRoseni,https://twitter.com/DutraRoseni/status/1629219094770733059,2023-02-24T20:37:56.000Z,E o dicapriola?,0,0,0,https://twitter.com/Biakicis/status/1629168695309176833
Betinho,@Roberto70990832,https://twitter.com/Roberto70990832/status/1629477700061519874,2023-02-25T13:45:32.000Z,"Esse desmatamento,foi pra pagar a Europa e os EUA por milhões que Marina Silva pediu,como esmola,e em troca,pagar com madeiras sólidas que não existem em outro lugar do planeta.",1,2,4,https://twitter.com/Biakicis/status/1629168695309176833
Amanda,@AmandaBarros_N,https://twitter.com/AmandaBarros_N/status/1629216506998292483,2023-02-24T20:27:39.000Z,@MarinaSilva kd vc??,0,0,0,https://twitter.com/Biakicis/status/1629168695309176833
Vã Dews,@DewesVania,https://twitter.com/DewesVania/status/1629174561118777347,2023-02-24T17:40:58.000Z,Bah,0,0,1,https://twitter.com/Biakicis/status/1629168695309176833
Val&Aldo,@AldoeValdina,https://twitter.com/AldoeValdina/status/1629273276529758209,2023-02-25T00:13:14.000Z,O que houve? A ministra @MarinaSilva não havia dito que 45 mil quilômetros quadrados de floresta haviam sido recuperadas? Como pode o Brasil bater recorde de desmatamento em fevereiro? Alguém está mentindo nessa história.,0,0,2,https://twitter.com/Biakicis/status/1629168695309176833
Homero,@HomeroRhfechio,https://twitter.com/HomeroRhfechio/status/1629309933257629700,2023-02-25T02:38:53.000Z,@GretaTunberg,0,0,2,https://twitter.com/Biakicis/status/1629168695309176833
Maria Cristina - Cris Aeróbico,@MariaCr29266250,https://twitter.com/MariaCr29266250/status/1630059380497326081,2023-02-27T04:16:56.000Z,Que CONTAMINAÇÃO Perigosa - Alastra Rápido 🇧🇷🚨,0,0,0,https://twitter.com/Biakicis/status/1629168695309176833
Lindalu Silva,@LindaluSilva,https://twitter.com/LindaluSilva/status/1629174868729073666,2023-02-24T17:42:11.000Z,#ACORDABRASIL 👉🐙🐴🔥 FORA LULA LADRÃO,0,2,5,https://twitter.com/Biakicis/status/1629168695309176833
supersincero,@supersincero64,https://twitter.com/supersincero64/status/1629170569005473792,2023-02-24T17:25:06.000Z,Cadê as histéricas da @CNNBrasil e  @globo ???  #cnnlixo #GloboLixo,1,0,0,https://twitter.com/Biakicis/status/1629168695309176833
Figueiredo Jorge,@FigueiredoJorII,https://twitter.com/FigueiredoJorII/status/1629491930374569985,2023-02-25T14:42:05.000Z,E você não faz porra nenhuma. O salário seu continua.,0,0,0,https://twitter.com/Biakicis/status/1629168695309176833
O LADRÃO NÃO ME REPRESENTA!,@PoeiraCosmica70,https://twitter.com/PoeiraCosmica70/status/1629202340950450177,2023-02-24T19:31:21.000Z,"Olá @MarinaSilva, o que aconteceu?",0,0,0,https://twitter.com/Biakicis/status/1629168695309176833
R Luiz,@RLuiz_72,https://twitter.com/RLuiz_72/status/1629497338535239681,2023-02-25T15:03:34.000Z,"A imprensa velha, vai noticiar o que?? Onde está??",0,0,0,https://twitter.com/Biakicis/status/1629168695309176833
Kastro Alpha Oficial,@kastroalphaofc,https://twitter.com/kastroalphaofc/status/1629175830575185921,2023-02-24T17:46:01.000Z,E nem vai. Não interessa a agenda.,0,0,1,https://twitter.com/Biakicis/status/1629168695309176833
Débora Brasil,@Baptista3010,https://twitter.com/Baptista3010/status/1629177132747300866,2023-02-24T17:51:11.000Z,"Ei @MarinaSilva e @LulaOficial ,cadê vcs estão fazendo o que? Só viajando, gastando nosso dinheiro suado,bora trabalhar, reclamou e mentiu tanto de @jairbolsonaro ,bora cadê?",0,1,8,https://twitter.com/Biakicis/status/1629168695309176833
LUIZ MASSA,@LzMassarandu,https://twitter.com/LzMassarandu/status/1629186289109983239,2023-02-24T18:27:34.000Z,E aí  d. MARINA cadê o desmate zero??????,0,0,2,https://twitter.com/Biakicis/status/1629168695309176833
Jrsenna,@JosRicardosena1,https://twitter.com/JosRicardosena1/status/1629198219392475137,2023-02-24T19:14:59.000Z,"Cadê os defensores que a cada folha já gritavam Bolsonaro, DEUS abre os olhos para que todos vejam desobistrua as mentes desses (todes) enquanto a tempo  SENHOR.",0,0,0,https://twitter.com/Biakicis/status/1629168695309176833
Stella Maris,@Laura12043699,https://twitter.com/Laura12043699/status/1629203864863014912,2023-02-24T19:37:25.000Z,Aonde está Leonardo di Caprio !,0,0,0,https://twitter.com/Biakicis/status/1629168695309176833
Marcio BR,@Marcio_EBr,https://twitter.com/Marcio_EBr/status/1629227524554203140,2023-02-24T21:11:26.000Z,A esquerda vai dizer que foram uns índios Yanomamis bolsonaristas infiltrados que fizeram o desmatamento. Só falta! 😴🤔😴,0,0,0,https://twitter.com/Biakicis/status/1629168695309176833
Just For Today,@Marcelo82360306,https://twitter.com/Marcelo82360306/status/1629489181951942656,2023-02-25T14:31:10.000Z,Quem está governando?,0,0,1,https://twitter.com/Biakicis/status/1629168695309176833
Alfredo Scaff Filho,@alfredo_scaff,https://twitter.com/alfredo_scaff/status/1629254906371514370,2023-02-24T23:00:14.000Z,Bia ! Greta n apita! Não dê“ ibope “ ao nada !,1,0,5,https://twitter.com/Biakicis/status/1629168695309176833
Besta¹³,@DevanirJos,https://twitter.com/DevanirJos/status/1629501499058315264,2023-02-25T15:20:06.000Z,Cadê o náufrago do Titanic?,0,0,0,https://twitter.com/Biakicis/status/1629168695309176833
Besta¹³,@DevanirJos,https://twitter.com/DevanirJos/status/1629501958053584902,2023-02-25T15:21:56.000Z,Kd os deputados e senadores da direita para fazer o papel que a gazela saltitante e Danone fariam?,0,0,0,https://twitter.com/Biakicis/status/1629168695309176833
Valdir Pontes De Farias,@ValdirPontesDe1,https://twitter.com/ValdirPontesDe1/status/1629519348766310402,2023-02-25T16:31:02.000Z,👍,0,0,0,https://twitter.com/Biakicis/status/1629168695309176833
Capitão Guapo,@luisclaudiogama,https://twitter.com/luisclaudiogama/status/1629824961715097600,2023-02-26T12:45:26.000Z,"Além desse tuite, a sra fez o quê?",0,0,0,https://twitter.com/Biakicis/status/1629168695309176833
т¡ค,@tttamaio,https://twitter.com/tttamaio/status/1629202187640340482,2023-02-24T19:30:45.000Z,"alô alô @MarinaSilva 
humm"" eu esqueci, ela aparece de 4 em 4 anos na época da eleição",0,0,1,https://twitter.com/Biakicis/status/1629168695309176833
Cinthya Marcolin,@01Marcolin,https://twitter.com/01Marcolin/status/1629184478240292865,2023-02-24T18:20:23.000Z,O que a ministra @MarinaSilva tem a falar sobre isso?,0,1,2,https://twitter.com/Biakicis/status/1629168695309176833
Francisco Cavalheiro,@FRFCavalheiro,https://twitter.com/FRFCavalheiro/status/1629199513247154183,2023-02-24T19:20:07.000Z,"Agora é tudo ao contrário: o que antes não podia, agora pode e o que podía, não pode mais.",0,0,1,https://twitter.com/Biakicis/status/1629168695309176833
Filho da pátria,@RennoTarcisio,https://twitter.com/RennoTarcisio/status/1629250116329562112,2023-02-24T22:41:12.000Z,Estão loteando a amazônia,0,0,1,https://twitter.com/Biakicis/status/1629168695309176833
Graça Verdini,@mariazinhaip,https://twitter.com/mariazinhaip/status/1629477892257202177,2023-02-25T13:46:18.000Z,"A destruição do Brasil pelo Desgoverno e seu Consórcio midiático, está meteórica. Já espalharam para o mundo que temos a vaca louca, a gripe aviária e agora o desmatamento da Amazônia..O Desgoverno vendido da NOM cumprindo a agenda 2030, antes de 2030",0,0,1,https://twitter.com/Biakicis/status/1629168695309176833
Julio Cesar Oliveira 22,@JulioCe86187892,https://twitter.com/JulioCe86187892/status/1629233422622138368,2023-02-24T21:34:52.000Z,"Cadê a Marina, alguém tá mentindo. Ela falou q caiu 60% o desmatamento. Mentem,Mentem,mentem",0,1,12,https://twitter.com/Biakicis/status/1629168695309176833
Vinícius Oliveira,@VipeOliveira,https://twitter.com/VipeOliveira/status/1629172007253295104,2023-02-24T17:30:49.000Z,agora tem desmatamento? antes não tinha?,2,0,38,https://twitter.com/Biakicis/status/1629168695309176833
Opino mesmo.,@G26734551Gomes,https://twitter.com/G26734551Gomes/status/1629201840351969285,2023-02-24T19:29:22.000Z,"Não faço, mas hoje vou assistir todos os canais abertos para ver se vão denunciar como faziam, alô Bonner, alô Renata.",0,0,1,https://twitter.com/Biakicis/status/1629168695309176833
Maya,@Mayara71059754,https://twitter.com/Mayara71059754/status/1629170855287705603,2023-02-24T17:26:15.000Z,"Cadê a ministra do meio ambiente? Cadê a turma do amor, pra ir lá na Amazônia protestarem? Cadê os artistas falando sobre isso?",1,0,6,https://twitter.com/Biakicis/status/1629168695309176833
SueliBbz,@SuBbz61,https://twitter.com/SuBbz61/status/1629216461263720449,2023-02-24T20:27:28.000Z,Cadê o jornalismo que berrou durante 4 anos acusando Bolsonaro?,0,0,5,https://twitter.com/Biakicis/status/1629168695309176833
Sandra Mendes,@SandraM80694877,https://twitter.com/SandraM80694877/status/1629470579844608000,2023-02-25T13:17:14.000Z,Cadê a dona Marina Silva?🤔,1,0,0,https://twitter.com/Biakicis/status/1629168695309176833
Renato Bass 22,@RenatobassbassR,https://twitter.com/RenatobassbassR/status/1629186843802468352,2023-02-24T18:29:47.000Z,E não era no governo do Bolsonaro que estava desmatamento gigante ?🤔🤔🤔🤔🤔,0,1,0,https://twitter.com/Biakicis/status/1629168695309176833
Eunice Andrelha,@euniceandrelha,https://twitter.com/euniceandrelha/status/1629203303522308099,2023-02-24T19:35:11.000Z,"Onde está a ministra do Meio Ambiente @MarinaSilva ? ""Pimenta nos olhos dos outros é refresco."" E agora Ministra, vai fazer o quê?",0,0,1,https://twitter.com/Biakicis/status/1629168695309176833
Archanjo,@ArchanjoBrz,https://twitter.com/ArchanjoBrz/status/1629425401121349632,2023-02-25T10:17:43.000Z,"roubar, matar e destruir...",0,0,0,https://twitter.com/Biakicis/status/1629168695309176833
Bei,@Bei16447656,https://twitter.com/Bei16447656/status/1629241015931379718,2023-02-24T22:05:02.000Z,"E o Dicaprio, alguém sabe dele?",0,0,1,https://twitter.com/Biakicis/status/1629168695309176833
Bianca Maselli,@MaselliBianca,https://twitter.com/MaselliBianca/status/1629189632402259968,2023-02-24T18:40:51.000Z,Cadê a ET? Não havia reduzido 60%???,0,0,1,https://twitter.com/Biakicis/status/1629168695309176833
Hermes de souza,@Hermesdesouza51,https://twitter.com/Hermesdesouza51/status/1629465786464051200,2023-02-25T12:58:12.000Z,Os donos do desmatamento.,0,0,1,https://twitter.com/Biakicis/status/1629168695309176833
True lies (SQN),@Truelie66146488,https://twitter.com/Truelie66146488/status/1629200252182863872,2023-02-24T19:23:03.000Z,"É a maior marca para o mês na série histórica, iniciada em 2015.",0,1,1,https://twitter.com/Biakicis/status/1629168695309176833
FabiLuppi,@LuppiFabi,https://twitter.com/LuppiFabi/status/1629180145826144257,2023-02-24T18:03:10.000Z,Voltamos as mãos dos ecoterroristas nomeados pelo TSE. Aqueles que dizem que têm a fórmula mágica ambiental. O Povo 🇧🇷 sabe bem a fórmula que eles e as ONGs gringas aplicam. É destruição total da soberania nacional e dos nossos recursos naturais.,0,0,8,https://twitter.com/Biakicis/status/1629168695309176833
Edsonn x Gomes,@EdsonNa02008148,https://twitter.com/EdsonNa02008148/status/1629180588677558278,2023-02-24T18:04:55.000Z,Gisele bucho tbm ... Com as cartinhas delas 😒 cadê?????,1,3,8,https://twitter.com/Biakicis/status/1629168695309176833
Netão do Bugrão,@NBugrao,https://twitter.com/NBugrao/status/1629580169114525696,2023-02-25T20:32:43.000Z,VAI JOGAR BINGO TIA,1,0,0,https://twitter.com/Biakicis/status/1629168695309176833
Eu,@SheilaJacob15,https://twitter.com/SheilaJacob15/status/1629170094331904001,2023-02-24T17:23:13.000Z,Tá preocupada com o desmatamento agora???? Esse Lula é demais mesmo!,2,0,66,https://twitter.com/Biakicis/status/1629168695309176833
Major Mecca,@MajorMecca,https://twitter.com/MajorMecca/status/1629173500039553024,2023-02-24T17:36:45.000Z,"Onde estão os Super Heróis da Marvel? 
Leonardo DiCaprio?",30,11,139,https://twitter.com/Biakicis/status/1629168695309176833
junior Silva,@AderivaldoSilv3,https://twitter.com/AderivaldoSilv3/status/1629170415724625921,2023-02-24T17:24:30.000Z,Pode deixa acabar amazônia não,0,0,0,https://twitter.com/Biakicis/status/1629168695309176833
Anderson (And_PDR_Gold_Hammer),@derso4100,https://twitter.com/derso4100/status/1629185672421470208,2023-02-24T18:25:07.000Z,"Alô, Et Marina, tá por perto com a nave, da uma descidinha na terra pra ver uma coisinha aqui. Você ficava falando merda quando era o Melhor Presidente Bolsonaro no controle, agora sumiu. Desce aqui com a nave.",0,0,0,https://twitter.com/Biakicis/status/1629168695309176833
Ivo Luis Jacobs,@IvoLuisJacobs1,https://twitter.com/IvoLuisJacobs1/status/1629171331173425154,2023-02-24T17:28:08.000Z,@MarinaSilva ???! Isso 👏 é o que vc está fazendo pela Amazônia ?,1,0,0,https://twitter.com/Biakicis/status/1629168695309176833
Cybele Fiorotti,@CyFiorotti,https://twitter.com/CyFiorotti/status/1629185041640087552,2023-02-24T18:22:37.000Z,O recado deve ser para a errática ministra que afirmou ter 120 milhões de famintos no país  e que o desmatamento despencou. Quem é mesmo o ministro do meio ambiente? 🤔🤔🤔,2,2,18,https://twitter.com/Biakicis/status/1629168695309176833
Rodrigues Costa,@Rodrigu66177807,https://twitter.com/Rodrigu66177807/status/1629240548832817152,2023-02-24T22:03:11.000Z,"Socorro, Marina, Greta, Di Caprio!",0,0,0,https://twitter.com/Biakicis/status/1629168695309176833
CFirmino,@CFirmino2,https://twitter.com/CFirmino2/status/1629251339057332227,2023-02-24T22:46:03.000Z,Eu só gostaria de saber se voces de direita vão fazer o mesmo que os canhotas fizeram com Salles e denunciar ao MPF e a organizações internacionais?,0,0,0,https://twitter.com/Biakicis/status/1629168695309176833
Rodrigo Oliveira,@Rodrigo00270,https://twitter.com/Rodrigo00270/status/1629295951532773376,2023-02-25T01:43:20.000Z,"Governo Lula 

NBC_ @nbcnewsCBS_ @StalkerCBSTV@cbsnewsABC_ @abc7nyFOX_ @foxtvNEW YORK TIMES_ @nytimesBBC Londres_ @bbclondonEspanha_ @7nn_Tv @FoxNews",0,0,0,https://twitter.com/Biakicis/status/1629168695309176833
patricia_lima,@patricia_lima72,https://twitter.com/patricia_lima72/status/1629210289693421568,2023-02-24T20:02:56.000Z,Ué  mas n era culpa do Bolsonaro??!!,0,0,0,https://twitter.com/Biakicis/status/1629168695309176833
NaniOkada,@NaniOkada,https://twitter.com/NaniOkada/status/1629199334192435200,2023-02-24T19:19:24.000Z,Uai cadê os bilhões do Biden e da Alemanha @ptbrasil @LulaOficial @MarinaSilva @miriamleitao ???,0,0,0,https://twitter.com/Biakicis/status/1629168695309176833
Edu AA,@arr_ed,https://twitter.com/arr_ed/status/1629202027988324353,2023-02-24T19:30:07.000Z,Greta ou grelha?,0,0,0,https://twitter.com/Biakicis/status/1629168695309176833
Jack Harper,@shungrias,https://twitter.com/shungrias/status/1629491433731129346,2023-02-25T14:40:06.000Z,Hello @GretaThunberg I can't hear you!,0,0,0,https://twitter.com/Biakicis/status/1629168695309176833
Daniela Pereira Mendes,@Daniela96959188,https://twitter.com/Daniela96959188/status/1629521087624015873,2023-02-25T16:37:56.000Z,Este desgoverno não iria salvar a Amazônia. O que está acontecendo?... devem ter cortado as árvores par fazer carvão ....para a pela e amada picanha prometida.  Faz sentido.,0,0,0,https://twitter.com/Biakicis/status/1629168695309176833
ET De Varginha,@ETDeVarginha10,https://twitter.com/ETDeVarginha10/status/1629172726970695680,2023-02-24T17:33:41.000Z,"Uma Sra deveria ter vergonha de fazer uma futrica com uma menina. Torça pra que ela não responda senão a vergonha vai ser grande! E detalhe, você fez parte do governo da destruição nacional, deveria se envergonhar.",3,1,86,https://twitter.com/Biakicis/status/1629168695309176833
FIZUELLE,@Lula2022PT,https://twitter.com/Lula2022PT/status/1629258572742754305,2023-02-24T23:14:48.000Z,"Confundiu Greta com Bolsonaro?
Esqueceu que nos últimos 4 anos foi dizimado os órgãos de fiscalização e controle da Amazônia,  pelo bolsonarismo irresponsável e que você fez parte disso tudo?
Má fé ou falta de memória?",7,7,124,https://twitter.com/Biakicis/status/1629168695309176833
Igor Stefani Favorito,@stefanifavorito,https://twitter.com/stefanifavorito/status/1629172700663975937,2023-02-24T17:33:35.000Z,"Com o PT é assim, contra fatos sempre uma falácia, e o pior que milhões de imbecís acreditam.",1,0,3,https://twitter.com/Biakicis/status/1629168695309176833
Carlos Alberto coelho primo,@CarlosA00826539,https://twitter.com/CarlosA00826539/status/1629173929808986115,2023-02-24T17:38:28.000Z,E agora a culpa será de quem mesmo?,1,0,1,https://twitter.com/Biakicis/status/1629168695309176833
Oliveira'S,@Joseoliveiramv,https://twitter.com/Joseoliveiramv/status/1629335817956073473,2023-02-25T04:21:45.000Z,Qual seu posicionamento sobre o ataque dos garimpeiros aos fiscais do IBAMA? Não vi !??,1,1,18,https://twitter.com/Biakicis/status/1629168695309176833
Jean,@Jean984276221,https://twitter.com/Jean984276221/status/1629180026477215752,2023-02-24T18:02:41.000Z,Alguém já mandou isso pra Ministra @MarinaSilva!!! Ou vão dizer que é culpa Do Bolsonaro 🤣🤣,1,3,24,https://twitter.com/Biakicis/status/1629168695309176833
Carlos H Souza,@CarloschssouzaH,https://twitter.com/CarloschssouzaH/status/1629426369640767488,2023-02-25T10:21:34.000Z,É porque a sua voz tem o valor de um mosquito da dengue .,0,0,0,https://twitter.com/Biakicis/status/1629168695309176833
Lola Nicolas,@LolaNicolas20,https://twitter.com/LolaNicolas20/status/1629256330736271361,2023-02-24T23:05:54.000Z,LC - Ladrão Chifrudo,0,0,0,https://twitter.com/Biakicis/status/1629168695309176833
Sergio Polo,@spsergiopolo,https://twitter.com/spsergiopolo/status/1629287683670302722,2023-02-25T01:10:29.000Z,O Leonardo de Capa e a Greta Mutreta chegam quando pra salvar as girafas da Amazônia?,0,0,0,https://twitter.com/Biakicis/status/1629168695309176833
Cleber R.,@CWoheriton,https://twitter.com/CWoheriton/status/1629282279955505152,2023-02-25T00:49:00.000Z,"Vão pra cima desse desgoverno. Estão matando o Brasil, 🆘 acordemos.",0,0,0,https://twitter.com/Biakicis/status/1629168695309176833
Raul,@rsb1812,https://twitter.com/rsb1812/status/1629265989224349696,2023-02-24T23:44:16.000Z,Cadê o diCabra?,0,0,0,https://twitter.com/Biakicis/status/1629168695309176833
Pedro the Fella,@PedroFe68860954,https://twitter.com/PedroFe68860954/status/1629170623652962305,2023-02-24T17:25:19.000Z,A senhora não tem o que fazer não?,3,0,5,https://twitter.com/Biakicis/status/1629168695309176833
Henrique Castro,@Henriqu22051173,https://twitter.com/Henriqu22051173/status/1629175185524813824,2023-02-24T17:43:27.000Z,"Verdade. Se as casas do Minha casa mi há vida são méritos do Ladrão, então essa conta tbm é dele.",0,0,0,https://twitter.com/Biakicis/status/1629168695309176833
Bê,@MonteiroKarine2,https://twitter.com/MonteiroKarine2/status/1629174141629636608,2023-02-24T17:39:18.000Z,Continuação da notícia,4,3,25,https://twitter.com/Biakicis/status/1629168695309176833
Lucia Guedes,@LuSp72,https://twitter.com/LuSp72/status/1629217014626615297,2023-02-24T20:29:40.000Z,"Acho que a Greta nem vai dar atenção. Porque se der, você terá uma bela resposta. Rsrs",1,0,1,https://twitter.com/Biakicis/status/1629168695309176833
Ana vilar,@paul04799736,https://twitter.com/paul04799736/status/1629175274876157952,2023-02-24T17:43:48.000Z,"Pq não te interessa pq quando o ministro disse que passaria a boiada e passou Houveram várias reclamações que chegaram aos gabinetes responsáveis e foram simplesmente ignorados.
Mais fica tranquila pois agora lá tem quem realmente se preocupe a greta só será uma aliada .",1,0,0,https://twitter.com/Biakicis/status/1629168695309176833
Dirceu Rodrigues,@dzrodrigues,https://twitter.com/dzrodrigues/status/1629242217381482497,2023-02-24T22:09:49.000Z,E as girafas? Pra onde foram as girafas?? 😁,0,1,2,https://twitter.com/Biakicis/status/1629168695309176833
Antonio Barros,@barroantonio1,https://twitter.com/barroantonio1/status/1629170125835317250,2023-02-24T17:23:21.000Z,Cadê a Marina?,1,0,3,https://twitter.com/Biakicis/status/1629168695309176833
GuilhermeSaeger,@GuilhermeSaeger,https://twitter.com/GuilhermeSaeger/status/1629180615999344641,2023-02-24T18:05:02.000Z,Convoca a ministra do Meio Ambiente para prestar esclarecimentos na comissão do porque do aumento,0,1,3,https://twitter.com/Biakicis/status/1629168695309176833
#Guilhotina,@AlexM_Paula,https://twitter.com/AlexM_Paula/status/1629176003238019073,2023-02-24T17:46:42.000Z,"Calma os bandidos, grileiros, traficantes,  cafetões e simpatizantes de Bonsonaro começaram a sair em janeiro!",0,0,11,https://twitter.com/Biakicis/status/1629168695309176833
Jaime Brasil,@JaimeBrasil,https://twitter.com/JaimeBrasil/status/1629190162331717633,2023-02-24T18:42:58.000Z,"Adivinha quem desmata? Os seus seguidores, o crime organizado de desmatadores e o crime organizado do agronegócio que entra na terra desmatada depois.",0,0,69,https://twitter.com/Biakicis/status/1629168695309176833
Ageu Magalhães,@AgeuMagalhaesJr,https://twitter.com/AgeuMagalhaesJr/status/1629203668112183305,2023-02-24T19:36:38.000Z,@GretaThunberg,0,1,6,https://twitter.com/Biakicis/status/1629168695309176833
Xandão,@xandaoprimitivo,https://twitter.com/xandaoprimitivo/status/1629345196969275393,2023-02-25T04:59:01.000Z,Produto de 4 anos de bolsonarismo. Agora há denúncias e essas são apuradas.,0,1,2,https://twitter.com/Biakicis/status/1629168695309176833
Dirceu O Historiador,@DirceuDiasdaSi6,https://twitter.com/DirceuDiasdaSi6/status/1629170806289735683,2023-02-24T17:26:03.000Z,"Lembra do ""a boiada passar"" pois é, são reflexos ainda do governo genocida. Teu mestre! Lula tem dois meses de governo.",0,2,37,https://twitter.com/Biakicis/status/1629168695309176833
Paulo Marques,@paulorsmarques,https://twitter.com/paulorsmarques/status/1629190367458238465,2023-02-24T18:43:47.000Z,Será que foi porque o inpe só agora pode divulgar os dados reais,1,0,13,https://twitter.com/Biakicis/status/1629168695309176833
5º série D,@5oSerie,https://twitter.com/5oSerie/status/1629202974462341120,2023-02-24T19:33:52.000Z,Parabéns Lula… Transformando os bolsominions em ambientalistas kkk,0,0,8,https://twitter.com/Biakicis/status/1629168695309176833
andre luis,@AndreCazu,https://twitter.com/AndreCazu/status/1629189415007358976,2023-02-24T18:40:00.000Z,"Resultado da política do BOLSONARO!!  O energúmeno c4gou durante 4 anos no combate ao desmatamento, colocou o ministro da boiada (que foi pessoalmente liberar madeiras apreendidas pela PF). A senhora acha que em 2 meses reverte?",1,0,0,https://twitter.com/Biakicis/status/1629168695309176833
3Mundiais3Libertadores,@federicoerdocia,https://twitter.com/federicoerdocia/status/1629174483410989061,2023-02-24T17:40:40.000Z,"Tbm não te escuto, Kicis. Tá fazendo o quê a respeito?
Qual projeto apresentou para combater isso?",1,0,1,https://twitter.com/Biakicis/status/1629168695309176833
Ricardo Rocha,@eusouRMR,https://twitter.com/eusouRMR/status/1629203685636022278,2023-02-24T19:36:42.000Z,É muita hipocrisia mesmo. Depois ajoelha e se faz de fiel e temente a Deus.,1,0,0,https://twitter.com/Biakicis/status/1629168695309176833
Fabio Lopes,@Fabio_lopez29,https://twitter.com/Fabio_lopez29/status/1629170008017321987,2023-02-24T17:22:53.000Z,"A política de desmonte do meio ambiente e abandono da saúde indígena, licença política para madeireiros, garimpeiros e grileiros, permitida pelo desgoverno Bolsonaro, e ainda em curso no país, não será do dia pra noite que vai acabar.",6,0,1,https://twitter.com/Biakicis/status/1629168695309176833
Eneida Cardoso,@EneidaCardoso1,https://twitter.com/EneidaCardoso1/status/1629178755875758080,2023-02-24T17:57:38.000Z,G1 informou que Bolsonaro foi visto com um isqueiro na região.,1,0,5,https://twitter.com/Biakicis/status/1629168695309176833
Ismeralda Rocha,@IsmeraldaRocha,https://twitter.com/IsmeraldaRocha/status/1629206949907628039,2023-02-24T19:49:40.000Z,Deputada vale um pedido de explicação para a ministra do meio ambiente Marina Silva para dizer o que está  acontecendo ?,1,0,1,https://twitter.com/Biakicis/status/1629168695309176833
zumzum_lele,@zumzum_lele,https://twitter.com/zumzum_lele/status/1629173848716222464,2023-02-24T17:38:08.000Z,"Fica tranquila, depois dos quatro anos de destruição promovidos pelo desgoverno anterior, não será em 50 dias que as coisas vão mudar... Vcs forma muito eficientes em destruir o país... Mas vai rolar... Pode ficar tranquila.",1,0,1,https://twitter.com/Biakicis/status/1629168695309176833
ForaBozolândia!,@ForaBozolandia,https://twitter.com/ForaBozolandia/status/1629175530577592321,2023-02-24T17:44:49.000Z,Bia Kicis na Cadeia em breve. Tic... tac...🤡,1,1,80,https://twitter.com/Biakicis/status/1629168695309176833
Marcelo Nascimeto,@negritonegs,https://twitter.com/negritonegs/status/1629182355687571457,2023-02-24T18:11:56.000Z,Também nunca lido nenhuma postagem sua sobre a Amazônia. Que consciência hein. Hipocrisia que chama @Biakicis,2,0,1,https://twitter.com/Biakicis/status/1629168695309176833
Rita Rosa,@RitaQuadros,https://twitter.com/RitaQuadros/status/1629253151621627907,2023-02-24T22:53:16.000Z,"Os órgãos de controle voltaram a cumprir seu papel de fiscalizar e divulgar dados
Preocupa não que não vai ter ng do governo minimizando o problema
Logo se resolve
É que demora um pouco pra tirar todos os grileiros que Bolsonaro incentivou a entrar lá",1,0,1,https://twitter.com/Biakicis/status/1629168695309176833
Wagner Lima,@LimaWaguinho,https://twitter.com/LimaWaguinho/status/1629171817045757958,2023-02-24T17:30:04.000Z,@MarinaSilva esta aí ? E agora ?,1,0,0,https://twitter.com/Biakicis/status/1629168695309176833
Caroline Riedi,@CarolineRiedi,https://twitter.com/CarolineRiedi/status/1629239903476240386,2023-02-24T22:00:37.000Z,@GretaThunberg the amazon is being burned by president Lula. Will not you say anythyng ?,0,0,1,https://twitter.com/Biakicis/status/1629168695309176833
Leila De Souza,@LeilaDe89906559,https://twitter.com/LeilaDe89906559/status/1629615611927044099,2023-02-25T22:53:33.000Z,😂😂😂😂😂😂😂,0,0,0,https://twitter.com/Biakicis/status/1629168695309176833
edi_right,@right_edi,https://twitter.com/right_edi/status/1629350968696373248,2023-02-25T05:21:57.000Z,Ela tá comendo chocolate em algum chatô pago pelas ongs globalistas,0,0,0,https://twitter.com/Biakicis/status/1629168695309176833
Flavio Vieira,@FlavioV07952537,https://twitter.com/FlavioV07952537/status/1629346350297931777,2023-02-25T05:03:36.000Z,"É O BANDO DE GRILEIROS E MADEIREIROS DE SALES E BOLSONARO AINDA FAZENDO A DESGRAÇA POR LÁ, QUERIDA.
MAS LOGO LOGO ISSO ACABA!!!
I BELIEVE GRETA CAN HEAR ME, CAN'T YOU GRETA?????@GretaThunberg",0,0,1,https://twitter.com/Biakicis/status/1629168695309176833
Diego Cunha,@DiegoCunha_,https://twitter.com/DiegoCunha_/status/1629171187992432640,2023-02-24T17:27:34.000Z,"Do nada a Bia preocupada com desmatamento. Só pra contribuir: as máquinas que desmatam hj não chegaram lá ontem, mas ano passado. É um problema crônico, que pra vc não existia. Hipócrita.",2,1,41,https://twitter.com/Biakicis/status/1629168695309176833
Julio Monteiro,@JulioMonteiro80,https://twitter.com/JulioMonteiro80/status/1629182214297509891,2023-02-24T18:11:23.000Z,"Kd os globais, o povo de Hollywood pra criticar?",0,0,1,https://twitter.com/Biakicis/status/1629168695309176833
Nice,@Nice73316047,https://twitter.com/Nice73316047/status/1629183522060500992,2023-02-24T18:16:35.000Z,"Amazônia registrou um novo recorde de alertas de desmatamento para fevereiro mesmo antes do mês acabar, mas os dados podem ser influenciados por nuvens que cobriram parte da região em janeiro, diz um especialista

O brasileiro se junta pra votar em BBB e esquece da praga .voce",0,0,3,https://twitter.com/Biakicis/status/1629168695309176833
José Irenildo,@JosIrenildo1,https://twitter.com/JosIrenildo1/status/1629227627708817408,2023-02-24T21:11:50.000Z,Onde está a globo e o macron greta e os defensores da Amazônia???,0,0,1,https://twitter.com/Biakicis/status/1629168695309176833
Marcelo Inácio,@MarceloInac,https://twitter.com/MarceloInac/status/1629232291414261763,2023-02-24T21:30:22.000Z,E dona Maricotinha tá lá em DAVOS ainda?,0,1,1,https://twitter.com/Biakicis/status/1629168695309176833
єdvαł łiмα - CєαráSC,@EdvalVozao,https://twitter.com/EdvalVozao/status/1629213461375860736,2023-02-24T20:15:33.000Z,Deputada quem vc acha que está fazendo isso AINDA óbvio que são bolsonaristas e aliados de Bolsonaro,0,0,0,https://twitter.com/Biakicis/status/1629168695309176833
Jose Luis Valle,@JoseLui34653601,https://twitter.com/JoseLui34653601/status/1629239555965571073,2023-02-24T21:59:14.000Z,Oque a oposição vai fazer a respeito?,0,0,0,https://twitter.com/Biakicis/status/1629168695309176833
Cassiano,@CassianoMassoni,https://twitter.com/CassianoMassoni/status/1629170602144632832,2023-02-24T17:25:14.000Z,Tem que marcar a @ da Greta Van Treta aí.,0,0,0,https://twitter.com/Biakicis/status/1629168695309176833
claudio de jesus,@claudio73234392,https://twitter.com/claudio73234392/status/1629171043205103618,2023-02-24T17:26:59.000Z,Se ninguém parar esses bolsonaristas não vai sobrar uma árvore em pé na Amazônia,0,0,0,https://twitter.com/Biakicis/status/1629168695309176833
Lucas Lessa,@landradelessa,https://twitter.com/landradelessa/status/1629176206745653249,2023-02-24T17:47:30.000Z,"Meu Deus 😧!
Socorro, Help, 🆘 SOS
Como ficarão as nossas girafas 🦒 e os nossos cangurús 🦘. Isto é um absurdo alem de inadmissível, bando de irresponsáveis, tanto os que desmatam quanto aos que botam fogo 🔥 criminalmente, quem poderá nos ajudar?",0,0,0,https://twitter.com/Biakicis/status/1629168695309176833
Saravelemen,@Saravelemen2,https://twitter.com/Saravelemen2/status/1629187892407926786,2023-02-24T18:33:57.000Z,Trabalhando? Gentemmmmmm,0,0,0,https://twitter.com/Biakicis/status/1629168695309176833
Seguimos!!!!!!,@NelinhojCamargo,https://twitter.com/NelinhojCamargo/status/1629188600477655042,2023-02-24T18:36:45.000Z,Faz o L,0,0,0,https://twitter.com/Biakicis/status/1629168695309176833
Rafael Crestani,@rafael_crestani,https://twitter.com/rafael_crestani/status/1629191045639553024,2023-02-24T18:46:28.000Z,@miriamleitao,0,0,0,https://twitter.com/Biakicis/status/1629168695309176833
Julio Portella,@2022Julio,https://twitter.com/2022Julio/status/1629194142877089793,2023-02-24T18:58:47.000Z,Amor venceu.,0,0,0,https://twitter.com/Biakicis/status/1629168695309176833
Marcelo Sotter,@M_SOTTER,https://twitter.com/M_SOTTER/status/1629200750617284611,2023-02-24T19:25:02.000Z,@tvglobo onde estão voces?,0,0,0,https://twitter.com/Biakicis/status/1629168695309176833
Guna Alexander,@GunaAlexander,https://twitter.com/GunaAlexander/status/1629511021277638656,2023-02-25T15:57:56.000Z,Leva tempo desfazer o estrago que seu  mestre criou... Ano que vem a gente conversa,0,0,1,https://twitter.com/Biakicis/status/1629168695309176833
Mário Tsé Tungado,@Vini89614248,https://twitter.com/Vini89614248/status/1629180345332518914,2023-02-24T18:03:57.000Z,"Que bom Bia que você está do lado certo agora!

Desmatamento não!

Tem que prender grileiros e impedir novos acampamentos de garimpo pra ontem. 

Bora Bia, bora trabalhar para manter a floresta em pé.",1,0,5,https://twitter.com/Biakicis/status/1629168695309176833
Bernardo Villemon,@Bernard28444113,https://twitter.com/Bernard28444113/status/1629185208846061568,2023-02-24T18:23:17.000Z,Ainda legado Bolsonarismo que será revertido em breve. Não se pode resolver 4 anos de destruição em poucos dias de governo. Só idiotas acham que se           resolve um problema sério em poucos dias.,0,2,36,https://twitter.com/Biakicis/status/1629168695309176833
Delirante,@DeliranteAgain,https://twitter.com/DeliranteAgain/status/1629173276659384320,2023-02-24T17:35:52.000Z,Preocupada com desmatamento agora deputada?,0,0,3,https://twitter.com/Biakicis/status/1629168695309176833
Marcelo S Câmara,@MarceloSCamara,https://twitter.com/MarceloSCamara/status/1629176862298497028,2023-02-24T17:50:07.000Z,Seus amigos do garimpo ilegal fazendo o estrago acelerado antes da polícia chegar. Simples assim,0,1,64,https://twitter.com/Biakicis/status/1629168695309176833
Paulo Zech,@ZechPaulo,https://twitter.com/ZechPaulo/status/1629249203519078400,2023-02-24T22:37:34.000Z,"Por favor, não esqueçam de avisar a Mirian Leitão. Ela está divulgando o contrário.",0,0,2,https://twitter.com/Biakicis/status/1629168695309176833
Júnior,@IcapuiJr,https://twitter.com/IcapuiJr/status/1629261067648901122,2023-02-24T23:24:43.000Z,"Graças a Deus o Lula já está mudando a mentalidade das pessoas em apenas dois meses de Governo. Esses dados não mostram mais desmatamento, mostram apenas que estão divulgando mais. Parabéns Lula. Estamos aguardando o restante dos sigilos serem quebrados.",0,0,2,https://twitter.com/Biakicis/status/1629168695309176833
"Tchê, tá tri.",@cesarhmachado,https://twitter.com/cesarhmachado/status/1629479608851615746,2023-02-25T13:53:07.000Z,"Uma deputada da república federativa do Brasil se colocando ABAIXO de uma pivete gringa no trato das coisas DO PAÍS. 

É muito complexo de vira-lata.",0,0,1,https://twitter.com/Biakicis/status/1629168695309176833
SANFONEIRO DO LULA,@fabricioramoss,https://twitter.com/fabricioramoss/status/1629205663279710211,2023-02-24T19:44:33.000Z,"Achei que tínhamos nossos parlamentares justamente pra fazer esse trabalho, de fiscalizar e cobrar solução. Uma mulher adulta cobrando que alguém faça o seu trabalho, no caso uma adolescente, é o ápice da incompetência.",2,2,9,https://twitter.com/Biakicis/status/1629168695309176833
Raquel,@raquelDrumond2,https://twitter.com/raquelDrumond2/status/1629170873109192704,2023-02-24T17:26:19.000Z,"Pançuda, MENTIROSA!",0,0,2,https://twitter.com/Biakicis/status/1629168695309176833
Emy,@GarbinoNoemy,https://twitter.com/GarbinoNoemy/status/1629208408749375488,2023-02-24T19:55:28.000Z,Falaram tanto mal do Presidente Bolsonaro estão engolindo a língua.,0,0,0,https://twitter.com/Biakicis/status/1629168695309176833
Anti fascista,@esquerdalha777,https://twitter.com/esquerdalha777/status/1629210569520697345,2023-02-24T20:04:03.000Z,Pilantra,0,0,0,https://twitter.com/Biakicis/status/1629168695309176833
jarbas ribeiro,@jarbasr59158809,https://twitter.com/jarbasr59158809/status/1629211016641871879,2023-02-24T20:05:50.000Z,Você preocupada com desmatamento ? Não era para aproveitar a pandemia e passar a boiada .,0,0,0,https://twitter.com/Biakicis/status/1629168695309176833
Adilson Dario,@Adilson_dario,https://twitter.com/Adilson_dario/status/1629212561483726848,2023-02-24T20:11:58.000Z,Quando você vai começa a trabalhar?????? Quais são os seus projetos???? O que você fez nesse começo de ano????,0,0,0,https://twitter.com/Biakicis/status/1629168695309176833
Roberto Rodrigues,@Roberto33191676,https://twitter.com/Roberto33191676/status/1629215756150878208,2023-02-24T20:24:40.000Z,Seu desgoverno passado que ele fez ?,0,0,0,https://twitter.com/Biakicis/status/1629168695309176833
Kaique Barreto,@cKaiqueBarreto,https://twitter.com/cKaiqueBarreto/status/1629217432484171776,2023-02-24T20:31:19.000Z,@GretaThunberg vai simplesmente se calar?,0,0,0,https://twitter.com/Biakicis/status/1629168695309176833
Erlandio,@ErlandioSF,https://twitter.com/ErlandioSF/status/1629217800823742467,2023-02-24T20:32:47.000Z,Herança do seu mito,0,0,0,https://twitter.com/Biakicis/status/1629168695309176833
Rodlap,@rlapenta,https://twitter.com/rlapenta/status/1629218264860483585,2023-02-24T20:34:38.000Z,"É, onde vocês colocaram estes dedinhos sujos, o trabalho pra desfazer vai ser gigantesco.
Fora a tua hipocrisia de quem ficou 4 anos vendo nossa natureza ser destruída e NADA fez...",0,0,0,https://twitter.com/Biakicis/status/1629168695309176833
Sidney souza,@Sidneys47914317,https://twitter.com/Sidneys47914317/status/1629224575857819651,2023-02-24T20:59:43.000Z,Sera que vai passar na #GloboLixo,0,0,0,https://twitter.com/Biakicis/status/1629168695309176833
Darth de Morais,@DarthMorais,https://twitter.com/DarthMorais/status/1629228319399985153,2023-02-24T21:14:35.000Z,Deveriam mudar o nome dela pra Desgreta.....,0,0,0,https://twitter.com/Biakicis/status/1629168695309176833
gisleneangelica1907@gmail.com,gisleneangelica1907@gmail.com,https://twitter.com/gisleneangelic8/status/1629633670725206022,2023-02-26T00:05:18.000Z,"🇫🇷 França, o detector de fumaça foi desligado? Está Livre?",0,0,0,https://twitter.com/Biakicis/status/1629168695309176833
Rocha,@Rocha06183047,https://twitter.com/Rocha06183047/status/1629196108378386436,2023-02-24T19:06:35.000Z,Verdade,0,0,0,https://twitter.com/Biakicis/status/1629168695309176833
Eliege,@Eliege633871301,https://twitter.com/Eliege633871301/status/1629176576720904192,2023-02-24T17:48:59.000Z,Greta e ongs caladas....ué  mas o L não era a salvação da Amazônia? As queimadas não iam cessar????  Bolsonaro não tinha toda a culpa???? Agora continuam as queimadas e ainda pior????,0,0,0,https://twitter.com/Biakicis/status/1629168695309176833
André Vieira,@vieirafla,https://twitter.com/vieirafla/status/1629252199573250057,2023-02-24T22:49:29.000Z,Pelo visto vc ta com problema de audição faz tempo em ... O desmatamento foi recorde no Governo do mito que vc venera e não lembro de nenhum post seu sobre o caso.. Eu será que eu tbm não ouvi ? Haha,0,0,4,https://twitter.com/Biakicis/status/1629168695309176833
Manoel Cerqueira,@ManoelCerquei15,https://twitter.com/ManoelCerquei15/status/1629581037947830277,2023-02-25T20:36:10.000Z,"Estarrecedor ver uma senadora da República postar isso como uma vitória, bolsonarismo vai cair e vai te levar junto,  amanhã é outro dia",0,0,0,https://twitter.com/Biakicis/status/1629168695309176833
José Odair Ribeiro Alves,@JosOdairRibeir3,https://twitter.com/JosOdairRibeir3/status/1629515783247220736,2023-02-25T16:16:52.000Z,"Como pode uma pessoa  comemorar  a destruição  do próprio  planeta em que ela vive    que dizer , será se ela vive realmente???",0,0,0,https://twitter.com/Biakicis/status/1629168695309176833
Gel Afonso Nogueira Jr,@Gel_Jr,https://twitter.com/Gel_Jr/status/1629216300328185856,2023-02-24T20:26:50.000Z,"""Para Márcio Astrini, secretário executivo do Observatório do Clima - organização que reúne entidades da sociedade civil relacionadas ao clima - os dados avaliados nesses dois primeiros meses de 2023 não podem ser atribuídos a ações ou omissões da atual gestão"". Tá lá no UOL.",1,0,13,https://twitter.com/Biakicis/status/1629168695309176833
Miriam,@Miriam83783313,https://twitter.com/Miriam83783313/status/1629201174971748355,2023-02-24T19:26:43.000Z,@LeoDiCaprio,0,0,0,https://twitter.com/Biakicis/status/1629168695309176833
Lucival Souza.,@Tuzinhosouza9,https://twitter.com/Tuzinhosouza9/status/1629316093394276352,2023-02-25T03:03:22.000Z,"Calma rainha das fakes,e tempo de limpeza! Kkk",0,0,0,https://twitter.com/Biakicis/status/1629168695309176833
Caique,@CaiqueyCaiQuinN,https://twitter.com/CaiqueyCaiQuinN/status/1629263189455110151,2023-02-24T23:33:09.000Z,Kkkkkkk os dados camuflados pelo time do bozo.,0,0,1,https://twitter.com/Biakicis/status/1629168695309176833
Elvis Branco,@BrancoElvis,https://twitter.com/BrancoElvis/status/1629246853916106752,2023-02-24T22:28:14.000Z,"Acho que tem que dar um toque no Di Caprio e no Mark Ruffalo, também. Acho que estão sendo enganados, coitadinhos!",0,0,1,https://twitter.com/Biakicis/status/1629168695309176833
armandomeire,@armandomeire,https://twitter.com/armandomeire/status/1629479109205147652,2023-02-25T13:51:08.000Z,É  alerta e não desmatamento.  Pra falar Greta leve as mãos aos céus,0,0,1,https://twitter.com/Biakicis/status/1629168695309176833
Indireitamente,@indireitamente,https://twitter.com/indireitamente/status/1629170032587468800,2023-02-24T17:22:58.000Z,Agora tem um gov q é alinhado com o q essa garota fala só q até a pag 2 se q me entendem 😬,0,0,3,https://twitter.com/Biakicis/status/1629168695309176833
nil,@Nilguita01,https://twitter.com/Nilguita01/status/1629176490003689482,2023-02-24T17:48:38.000Z,Agora pode ...o amor venceu,0,1,2,https://twitter.com/Biakicis/status/1629168695309176833
...,@vozao_bora,https://twitter.com/vozao_bora/status/1629185499549077504,2023-02-24T18:24:26.000Z,@GretaThunberg @LeoDiCaprio … something to say?,0,1,1,https://twitter.com/Biakicis/status/1629168695309176833
Jorge Magalhaes Dias,@JorgeMa00367382,https://twitter.com/JorgeMa00367382/status/1629241096151658499,2023-02-24T22:05:21.000Z,"Querem fazer isso mesmo para que ganhe sentido o controle da Amazônia por forças estrangeiras… NÃO consigo compreender pq direitistas estão comemorando isso… será q estão conspirando também??? O tempo nos dirá… em tempo, a trairagem é como diz o ditado “pra começar é só coçar”",0,0,1,https://twitter.com/Biakicis/status/1629168695309176833
Cida Carvalho,@CidaCar63960022,https://twitter.com/CidaCar63960022/status/1629257002164576260,2023-02-24T23:08:34.000Z,"O Brasil e o mundo agradecem sua indignação e preocupação em preservação da Amazônia !! Só uma pergunta , vc trabalha pra quem mesmo ? Quem votou nessa pessoa ? Pelo amor !!",0,0,1,https://twitter.com/Biakicis/status/1629168695309176833
Mario,@marioslater2,https://twitter.com/marioslater2/status/1629292444398264322,2023-02-25T01:29:24.000Z,"Detalhe: há poucos dias, o governo Lula começou um trabalho importante na Amazônia. E precisaria ser muito canalha, p não levar em conta q os números demoram um pouco p aparecer. O importante, foi estancar a “sangria” q foi o Bozo! Números melhores estão por vir, com certeza!",0,0,2,https://twitter.com/Biakicis/status/1629168695309176833
Jordao Conta Reserva,@JordaoASJunior,https://twitter.com/JordaoASJunior/status/1629199741052395522,2023-02-24T19:21:01.000Z,"Pois é
O MUNDO precisa recuperar o 'tronco' perdido, afinal de contas, foram 4 anos de folha-seca pra eles
EUA, França, Alemanha e Noruega foram os principais financiadores do 'L' e claro, interferiram nas eleições (Crime)",0,1,3,https://twitter.com/Biakicis/status/1629168695309176833
Adgam Topázio,@Adgamtopazio,https://twitter.com/Adgamtopazio/status/1629799657202171905,2023-02-26T11:04:53.000Z,E depois vem uns bandidos dizerem que isso ainda é culpa de quem segurou a merda toda durante 4 anos🤦,0,0,0,https://twitter.com/Biakicis/status/1629168695309176833
Dexter,@serial_os,https://twitter.com/serial_os/status/1629229766770323463,2023-02-24T21:20:20.000Z,"Greta, atenção , tem uma velhota aqui precisando de atenção... outra..m",0,0,0,https://twitter.com/Biakicis/status/1629168695309176833
Leandro Sanches Tamassia Vicente,@LeandroSanchesT,https://twitter.com/LeandroSanchesT/status/1629232214759075841,2023-02-24T21:30:04.000Z,@MarinaSilva chega aqui coleguinha,0,0,0,https://twitter.com/Biakicis/status/1629168695309176833
Esperança,@FarahBaz9,https://twitter.com/FarahBaz9/status/1629232503260160002,2023-02-24T21:31:13.000Z,"Kd Marina, onde anda a Marina.....",0,0,0,https://twitter.com/Biakicis/status/1629168695309176833
Renato Medeiros,@renatoamedeiros,https://twitter.com/renatoamedeiros/status/1629234286422331393,2023-02-24T21:38:18.000Z,"@MarinaSilva e aí, Ministra???",0,0,0,https://twitter.com/Biakicis/status/1629168695309176833
M@Barroso,M@Barroso,https://twitter.com/MBarroso663/status/1629234460888600579,2023-02-24T21:38:59.000Z,"Kkkkkkkkkkk
Rapaz a direita agora defende preso, critica desmatamento...que coisa!
Kkkkkk",0,0,1,https://twitter.com/Biakicis/status/1629168695309176833
Anastacio Lacerda,@AnastacioLacerd,https://twitter.com/AnastacioLacerd/status/1629240111803006976,2023-02-24T22:01:27.000Z,"Governo com transparência, não interfere nos seus órgãos nem esconde os índices. Prática bastante utilizada no governo do genocida.",0,0,0,https://twitter.com/Biakicis/status/1629168695309176833
Miguel Santos Oliveira Pessoa,@MiguelSOPessoa,https://twitter.com/MiguelSOPessoa/status/1629241436544593923,2023-02-24T22:06:42.000Z,Seria tão bom os dois lados se juntarem para resolver um problema que sozinhos não conseguem resolver...o Brasil e o mundo ganhariam muito...,0,0,0,https://twitter.com/Biakicis/status/1629168695309176833
Sidarta Gautama,@julinhotatu,https://twitter.com/julinhotatu/status/1629241642967351299,2023-02-24T22:07:32.000Z,"Ué quer dizer que Salles é um santinho,",0,0,0,https://twitter.com/Biakicis/status/1629168695309176833
Ivan Maia,@igmaia1,https://twitter.com/igmaia1/status/1629245454033494019,2023-02-24T22:22:40.000Z,"Deputada, esta é a realidade: “Sob o governo de Jair Bolsonaro, o desmatamento médio anual da Amazônia aumentou 75,5% em relação à década anterior. “ ou seja, ninguém em 40 dias acaba com o DESCASO de 4 anos!!",0,0,0,https://twitter.com/Biakicis/status/1629168695309176833
RicardoElPaso_1979,@Ricardocg1979,https://twitter.com/Ricardocg1979/status/1629182860237176833,2023-02-24T18:13:57.000Z,O poder do LuLa é sensacional... Bolsonaristas preocupados com desmatamento!!,2,0,36,https://twitter.com/Biakicis/status/1629168695309176833
José Visquetto,@JoseVisquetto,https://twitter.com/JoseVisquetto/status/1629219341513199620,2023-02-24T20:38:55.000Z,Cadê a Leitoa?,0,0,1,https://twitter.com/Biakicis/status/1629168695309176833
FBF,@fbertasso,https://twitter.com/fbertasso/status/1629256183633551361,2023-02-24T23:05:18.000Z,"Faltou avisar o Marcos Ruffles e o Leonardo Titanic DiCaprio, kkkk.",0,1,1,https://twitter.com/Biakicis/status/1629168695309176833
Rose.Maia,@RoseMaia08,https://twitter.com/RoseMaia08/status/1629537809039077376,2023-02-25T17:44:23.000Z,"Cadê a menina prodígio q n tá vendo isso?  🤣 gente,  a amiga dela Marinha Silva disse q tinha acabado em 60% o desmatamento,  como será q vai explicar isso agora? 🤣 provavelmente c outra mentira q é tudo q sabem fazer!",0,0,1,https://twitter.com/Biakicis/status/1629168695309176833
Bruno Lobo,@brunuwolf,https://twitter.com/brunuwolf/status/1629169077095739395,2023-02-24T17:19:11.000Z,Desmatamento democrático do amor,0,0,7,https://twitter.com/Biakicis/status/1629168695309176833
Alexandre GC,@Tucones22,https://twitter.com/Tucones22/status/1629174115360772098,2023-02-24T17:39:12.000Z,Creta?,0,0,2,https://twitter.com/Biakicis/status/1629168695309176833
Leonardo I C Silva,@Leonardoivo1978,https://twitter.com/Leonardoivo1978/status/1629237168936722436,2023-02-24T21:49:45.000Z,"Só  agora bateu algum interesse com a região amazônica? 

Gente finíssima, vc.

Deus lhe guarde, minha filha.",0,0,1,https://twitter.com/Biakicis/status/1629168695309176833
,@Hekate131313,https://twitter.com/Hekate131313/status/1629256641320189952,2023-02-24T23:07:08.000Z,Agora vc se preocupa com meio ambiente?,0,0,1,https://twitter.com/Biakicis/status/1629168695309176833
Julio Freitas MG,@julio_mg1,https://twitter.com/julio_mg1/status/1629263382187589634,2023-02-24T23:33:55.000Z,"Di Caprio, Macron?... cadê vocês?",0,0,1,https://twitter.com/Biakicis/status/1629168695309176833
Luck Paula,@LuckSara26,https://twitter.com/LuckSara26/status/1629231862475284484,2023-02-24T21:28:40.000Z,"Uai cada a Marina Silva? Ela disse que caiu 60% no começo do ano, e só em um mês ela foi desmentida",1,0,1,https://twitter.com/Biakicis/status/1629168695309176833
Ricardo,@rick_neto2,https://twitter.com/rick_neto2/status/1629177311655346177,2023-02-24T17:51:54.000Z,Vamos ver se a gente acha um tt qnd o criminoso Sales tava acabando com tudo e andando no avião da fab com bandidos madeireiros,0,0,4,https://twitter.com/Biakicis/status/1629168695309176833
Asantos,@airtonsa,https://twitter.com/airtonsa/status/1629257744006955008,2023-02-24T23:11:30.000Z,"A tá, este desmatamento começou em janeiro certo! Desde quando a boiada está passando?",0,0,2,https://twitter.com/Biakicis/status/1629168695309176833
Lívio Baraldi,@tutubono1,https://twitter.com/tutubono1/status/1629207533884669953,2023-02-24T19:51:59.000Z,"Ué, mas a Miriam 🐷 disse que tá tudo bem!!!!
FaizuElle!!!!",0,1,1,https://twitter.com/Biakicis/status/1629168695309176833
Cleber,@Cleber22084256,https://twitter.com/Cleber22084256/status/1629169198780887040,2023-02-24T17:19:40.000Z,"Di caprio kd vc?
Hulk, socorro as girafas estão morrendo",1,0,5,https://twitter.com/Biakicis/status/1629168695309176833
Ludmila Oliveira Marino,@milaomarino,https://twitter.com/milaomarino/status/1629227670721404928,2023-02-24T21:12:00.000Z,Ué ? Marina Silva disse que depois da posse do atual governante o desmatamento na Amazônia caiu 60% .  Que coisa! ( toda ironia),0,0,4,https://twitter.com/Biakicis/status/1629168695309176833
Foro de Curitiba,@forodecuritiba,https://twitter.com/forodecuritiba/status/1629464082750353408,2023-02-25T12:51:25.000Z,"Olha enaltecendo quem não tem valor real, é por isso que eles criticam tanto, tem público.",0,1,2,https://twitter.com/Biakicis/status/1629168695309176833
Profº Ivo,@ivo_professor,https://twitter.com/ivo_professor/status/1629519089348608003,2023-02-25T16:30:00.000Z,Disse a defensora de genocídio e amiguinha do Salles... uma cúmplice da devastação da floresta e dos índios.,0,0,2,https://twitter.com/Biakicis/status/1629168695309176833
