nome,usuario,idTweet,dataPublicacao,texto,replies,retweets,likes,tweetPai
jane cordeiro,@janecoliveira,https://twitter.com/janecoliveira/status/1629923170651197444,2023-02-26T19:15:41.000Z,Três anos de seca! É tempo demais! E a mídia não falou quase nada sobre isso até o fim do ano passado.,0,0,1,https://twitter.com/AlencarBraga13/status/1629541739043213319
Marisa victorio da silva,@victorio_marisa,https://twitter.com/victorio_marisa/status/1629551050398085120,2023-02-25T18:37:00.000Z,"#uniaoereconstrução 😀 👷‍♂️👷‍♂️👷‍♂️🤜🤛✔️O governo federal vai enviar 430 milhões para os municípios atingidos pela seca no Rio Grande do Sul. 

Confira mais medidas que serão tomadas para ajudar a população! 😉",0,0,0,https://twitter.com/AlencarBraga13/status/1629541739043213319
José Gomes,@JoseRibamarGF,https://twitter.com/JoseRibamarGF/status/1629813269748654080,2023-02-26T11:58:58.000Z,"O Brasil mostrou sua Face mais cruel do Fascismo, com o DESGOVÊRNO do INOMINÁVEL.Todo cuidado é pouco com êles, pois estão em todos os lugares.",0,0,0,https://twitter.com/AlencarBraga13/status/1629541739043213319
Janaína Santos,@JanaSantosjaism,https://twitter.com/JanaSantosjaism/status/1629629567810895873,2023-02-25T23:49:00.000Z,"Presidente @lulaoficial é um gênio político mas também um ser humano decente, ético e honesto! #LulaDoBrasilEDoMundo #Lula #lulapelaeducação #presidentelula #vamosreconstruirobrasilcomlulapresidente13❤️💚💛🇧🇷🇧🇷🇧🇷🇧🇷🇧🇷🇧🇷🇧🇷🇧🇷 #UniaoeReconstrução #anistianão #LulaUmBrasilParaTodos",0,0,0,https://twitter.com/AlencarBraga13/status/1629541739043213319
