nome,usuario,idTweet,dataPublicacao,texto,replies,retweets,likes,tweetPai
Julio Cezar,@JulioCezar349,https://twitter.com/JulioCezar349/status/1629301487695196160,2023-02-25T02:05:20.000Z,Cadê o piso salarial da enfermagem @LulaOficial,1,0,0,https://twitter.com/padilhando/status/1629292926734942209
Roberto Borning,@RobertoBor13,https://twitter.com/RobertoBor13/status/1629480494273376258,2023-02-25T13:56:38.000Z,"Justo no Mato Grosso, um ninho bolsonarista",0,0,0,https://twitter.com/padilhando/status/1629292926734942209
Vânia Lima,@vanialima1968,https://twitter.com/vanialima1968/status/1629335467471564800,2023-02-25T04:20:21.000Z,❤️🌹,0,1,1,https://twitter.com/padilhando/status/1629292926734942209
nestor baluja,@NestorBaluja,https://twitter.com/NestorBaluja/status/1629462129660116996,2023-02-25T12:43:40.000Z,correçãojusta PROVA PRÁTICA RIVALIDA 22/2,0,0,0,https://twitter.com/padilhando/status/1629292926734942209
Edward Aragao,@EdwardAragao,https://twitter.com/EdwardAragao/status/1629615841539923969,2023-02-25T22:54:28.000Z,Sugiro primeiro homenagear o Prefeito assassinado em 2002 Celso Daniel ! A mando da quadrilha do  _ _ _ _ !  Não furem a fila !,0,0,0,https://twitter.com/padilhando/status/1629292926734942209
Fernando,@Fernand79517603,https://twitter.com/Fernand79517603/status/1630243337889513477,2023-02-27T16:27:54.000Z,Também concordo bela homenagem,0,0,0,https://twitter.com/padilhando/status/1629292926734942209
Roberto Ramalho,@acioliramalho,https://twitter.com/acioliramalho/status/1629653008777609217,2023-02-26T01:22:09.000Z,Linda e justa homenagem.,0,0,0,https://twitter.com/padilhando/status/1629292926734942209
Triposse do Lula,@jpibiruba,https://twitter.com/jpibiruba/status/1629294371295117313,2023-02-25T01:37:03.000Z,Não me surpreendo se os bolsonaristas de lá tentarem impedir.,0,1,4,https://twitter.com/padilhando/status/1629292926734942209
leofortalce,@leofortalce,https://twitter.com/leofortalce/status/1629606142677602306,2023-02-25T22:15:55.000Z,So esperem que os mantogrossenses iram atear fogo ou pior.,0,0,0,https://twitter.com/padilhando/status/1629292926734942209
NazaréTedesco,@NazareTedexco,https://twitter.com/NazareTedexco/status/1629294171272933376,2023-02-25T01:36:15.000Z,❤️❤️❤️,0,0,0,https://twitter.com/padilhando/status/1629292926734942209
nestor baluja,@NestorBaluja,https://twitter.com/NestorBaluja/status/1629462174602088448,2023-02-25T12:43:51.000Z,#REVALIDAJUSTO #NOTADECORTEJUSTAREVALIDA 🚨🚨🚨🚨🚨🚨🚨🚨,0,0,0,https://twitter.com/padilhando/status/1629292926734942209
Roberto Ramalho,@acioliramalho,https://twitter.com/acioliramalho/status/1629653043128987654,2023-02-26T01:22:17.000Z,http://ditoconceito.blogspot.com/Nova fase de vacinação contra a Covid-19 em Alagoas terá início no dia 27 de fevereiro. Roberto Ramalho é jornalista e servidor da Universidade Estadual de Ciências da Saúde de Alagoas. http://ditoconceito.blogspot.com.br,0,0,0,https://twitter.com/padilhando/status/1629292926734942209
Ivanilde Terezinha Bról Santos,@BrolIvanilde,https://twitter.com/BrolIvanilde/status/1629294035385962497,2023-02-25T01:35:43.000Z,"Amós 8:11 Eis que vêm dias, diz o Senhor DEUS, em que enviarei fome sobre a terra; não fome de pão, nem sede de água, mas de ouvir as palavras do SENHOR.(Cada um que já descobriu a Fonte de Água da vida,precisa beber nela diariamente, para dessedentar outros,depois dele mesmo)",0,0,0,https://twitter.com/padilhando/status/1629292926734942209
