nome,usuario,idTweet,dataPublicacao,texto,replies,retweets,likes,tweetPai
Denise Konrad Deus é o Senhor!!!!,@KonradDenise,https://twitter.com/KonradDenise/status/1629564552860909569,2023-02-25T19:30:39.000Z,"@Biakicis, @CarolDeToni e @Zambelli2210 tem mais Senadores e Deputados assinando? Isso TB é importante, pois mostrará a força da Direita Agora.",0,0,0,https://twitter.com/Biakicis/status/1629275274989772800
André Fernandes,@andrefernm,https://twitter.com/andrefernm/status/1629276320327770116,2023-02-25T00:25:19.000Z,"Essa é uma luta nossa, Bia! Você correu atrás de assinaturas, lutou pra criar essa CPMI que vai esclarecer muita coisa estranha que aconteceu no 8 de janeiro. Vamos pra luta!",43,73,997,https://twitter.com/Biakicis/status/1629275274989772800
GISA DIAS,@GISLENECUNHA10,https://twitter.com/GISLENECUNHA10/status/1629501034660872192,2023-02-25T15:18:15.000Z,Agora é só esperar XANDÃO autorizar.🥱🥱,0,0,1,https://twitter.com/Biakicis/status/1629275274989772800
EdirleneBCS,@bcs_edirlene,https://twitter.com/bcs_edirlene/status/1630335084883501061,2023-02-27T22:32:29.000Z,"Se demorar entra areia na engrenagem, andem logo com isso, por favor.",0,0,0,https://twitter.com/Biakicis/status/1629275274989772800
Sávio Siqueira,@saviosiqueira,https://twitter.com/saviosiqueira/status/1629558613843877888,2023-02-25T19:07:03.000Z,Este será um dos primeiros a serem investigados! KKKKKK!!!!,0,0,2,https://twitter.com/Biakicis/status/1629275274989772800
Oliveira'S,@Joseoliveiramv,https://twitter.com/Joseoliveiramv/status/1629287012116119553,2023-02-25T01:07:49.000Z,"Tic-tac Tic-tac aos envolvidos, cana neles por enquanto só vi falar dos patriótarios presos, faltam os mandantes em seus escritórios d ar-condicionado, talvez até alguns com mandatos, veremos",1,1,14,https://twitter.com/Biakicis/status/1629275274989772800
Caetano Júnior,@Caetano1980,https://twitter.com/Caetano1980/status/1629311655178915841,2023-02-25T02:45:44.000Z,Vamos aguardar. Gilmar mendes acordacedo em Portugal e pode às 2 da madrugada jáemitir um mandado contra a CPI. Quem duvida?,1,0,4,https://twitter.com/Biakicis/status/1629275274989772800
Sidney,@SidneyGump,https://twitter.com/SidneyGump/status/1629509750474801152,2023-02-25T15:52:53.000Z,"E o que aconteceu com a CPI  da Pandemia que provou a responsabilidade que Bolsonaro e seus ""sinistros' tiveram com a proliferação dos casos de c@vid, a sabotagem das v@cinas e ainda, a tentativa de lucrar com o superfaturamento delas?",3,0,8,https://twitter.com/Biakicis/status/1629275274989772800
Beto Weig,@betoweig,https://twitter.com/betoweig/status/1629309834192363520,2023-02-25T02:38:30.000Z,Os bolsonaristas vão investigar os atos golpistas bolsonaristas?,4,0,11,https://twitter.com/Biakicis/status/1629275274989772800
Mario Marinho Silva,@MarioMarinhoSi2,https://twitter.com/MarioMarinhoSi2/status/1629277826959523841,2023-02-25T00:31:19.000Z,kkkkkkkkkkk,2,0,0,https://twitter.com/Biakicis/status/1629275274989772800
R Luiz,@RLuiz_72,https://twitter.com/RLuiz_72/status/1629305541792002048,2023-02-25T02:21:26.000Z,Vai ser coisa de louco rapaa!! O pau vai torar!! Parabéns aos Dep e ao povo!!👊🇧🇷,0,0,0,https://twitter.com/Biakicis/status/1629275274989772800
Marcelle patriota,@cellelinc,https://twitter.com/cellelinc/status/1629318806802780160,2023-02-25T03:14:09.000Z,Iihhhuuuuuuu🇧🇷,0,0,0,https://twitter.com/Biakicis/status/1629275274989772800
Graça Verdini,@mariazinhaip,https://twitter.com/mariazinhaip/status/1629523093239615489,2023-02-25T16:45:55.000Z,👏👏👏👏👏,0,0,0,https://twitter.com/Biakicis/status/1629275274989772800
Olindina Araujo,@OlindinaAraujo2,https://twitter.com/OlindinaAraujo2/status/1629629431135232005,2023-02-25T23:48:28.000Z,Tenho fé em Deus! que vamos ter vitória 🔥,0,0,0,https://twitter.com/Biakicis/status/1629275274989772800
TOKSEY,@Viana7Jc,https://twitter.com/Viana7Jc/status/1629577898850959363,2023-02-25T20:23:41.000Z,👏👏👏👏👏👏👏👏👏👏👏,0,0,0,https://twitter.com/Biakicis/status/1629275274989772800
Tarcísio Feitosa,@tarcisioxingu,https://twitter.com/tarcisioxingu/status/1629850580985294850,2023-02-26T14:27:14.000Z,#CPMIdaMamata: Os gastos de Bolsonaro nos Estados Unidos já passa de R$432 mil,2,0,1,https://twitter.com/Biakicis/status/1629275274989772800
Nicole,@nicolemusg,https://twitter.com/nicolemusg/status/1629815835937107970,2023-02-26T12:09:10.000Z,"Tomara que agora os deputags tenha aprendido de vez como se faz a coisa certa.
Sempre foi assim, antes mesmo de existirem redes sociais no Brasil.",0,0,0,https://twitter.com/Biakicis/status/1629275274989772800
Antonio Henrique,@hiqueeduc,https://twitter.com/hiqueeduc/status/1629620358050463748,2023-02-25T23:12:24.000Z,Adivinha quem e o responsável?,0,0,0,https://twitter.com/Biakicis/status/1629275274989772800
Dawson Brandão,@dawsonbrandao,https://twitter.com/dawsonbrandao/status/1629342013169573895,2023-02-25T04:46:22.000Z,"Se o objetivo dessa CPMI não for apurar se o tratamento aos cidadãos em 08/01 foi indigno até para refugiados (crime contra humanidade) e levar ao Tribunal Penal Internacional (art. 48 da Lei 9474/97 c/c art. 1º, III e V da CF/88), teremos a CPMI do Circo da direita, @Biakicis.",1,3,22,https://twitter.com/Biakicis/status/1629275274989772800
Eduardo K.,@kelner_eduardo,https://twitter.com/kelner_eduardo/status/1629277453385441281,2023-02-25T00:29:50.000Z,"Espero que se vier uma canetada de cima contra,vocês ignorem.Nao é mais possível aceitar o inaceitável.",1,1,7,https://twitter.com/Biakicis/status/1629275274989772800
Thiago Marques,@Thiagohm_21,https://twitter.com/Thiagohm_21/status/1629276331639701505,2023-02-25T00:25:22.000Z,Iiiiiiihhuuuuuuuuuu!!!!! 🇧🇷🇧🇷🇧🇷🇧🇷🇧🇷👏👏👏👏👏👏👏,1,0,0,https://twitter.com/Biakicis/status/1629275274989772800
R Braga,@RaimundoBraga12,https://twitter.com/RaimundoBraga12/status/1629278433120321539,2023-02-25T00:33:43.000Z,"A minha preocupação a partir de agora é com quem ficará a presidência e relatoria da tal Comissão. 

Afinal, aquela do Covid ...",1,1,4,https://twitter.com/Biakicis/status/1629275274989772800
Pedro Henrique,@Phrsilva29,https://twitter.com/Phrsilva29/status/1629276133504974853,2023-02-25T00:24:35.000Z,O que acontece a partir de agora?,2,0,0,https://twitter.com/Biakicis/status/1629275274989772800
Antonio Figueiredo,@Figueiredo0960,https://twitter.com/Figueiredo0960/status/1629283663538954240,2023-02-25T00:54:30.000Z,👏👏👏👏👏👏👏👏👏👏👏👏👏,0,0,1,https://twitter.com/Biakicis/status/1629275274989772800
Vanderlei Santos,@Vanderl34317830,https://twitter.com/Vanderl34317830/status/1629455975320092673,2023-02-25T12:19:13.000Z,"Parabéns se fosse  Rondolfe Rodrigues  já estava no segundo tempo,  mas nunca é  tarde bora bora!",0,0,1,https://twitter.com/Biakicis/status/1629275274989772800
Rosana Santos,@zana210466,https://twitter.com/zana210466/status/1629281824114462721,2023-02-25T00:47:12.000Z,"Ansiosos pela verdade, seja a qual for.",0,0,6,https://twitter.com/Biakicis/status/1629275274989772800
Pedro Tornaghi,@pedro_tornaghi,https://twitter.com/pedro_tornaghi/status/1629922791200813078,2023-02-26T19:14:10.000Z,Tá tentando prender o chefe?,0,0,0,https://twitter.com/Biakicis/status/1629275274989772800
Pedro Tornaghi,@pedro_tornaghi,https://twitter.com/pedro_tornaghi/status/1629929373259251714,2023-02-26T19:40:19.000Z,😉,0,0,0,https://twitter.com/Biakicis/status/1629275274989772800
abm,@ba_abm,https://twitter.com/ba_abm/status/1629283831999082497,2023-02-25T00:55:10.000Z,"Caros representantes do povo trabalhador, não do lula, por favor, vamos fundo nessa investigação, talvez, quiçá, acabem por encontrar o décimo dedo",2,1,5,https://twitter.com/Biakicis/status/1629275274989772800
Cléa Ribeiro Ribeiro,@AlcicleaGuimara,https://twitter.com/AlcicleaGuimara/status/1629275888306077702,2023-02-25T00:23:36.000Z,"Estou lendo essa notícia com muita alegria e esperança. 
Que venha a justiça de Deus sobre cada um de nós. Amém!🙏🇧🇷🙏🇧🇷🙏🇧🇷",2,0,22,https://twitter.com/Biakicis/status/1629275274989772800
Nelson Carlos dos Santos Belchior,@NelsonCarlosd15,https://twitter.com/NelsonCarlosd15/status/1629322549082431491,2023-02-25T03:29:01.000Z,"Quem não tem rabo preso, não teme cara  feia, cara feia é sinal de fome.",0,0,0,https://twitter.com/Biakicis/status/1629275274989772800
Solange Sad,@solangesad,https://twitter.com/solangesad/status/1629432410386432004,2023-02-25T10:45:34.000Z,Ainda há esperanças de alguns deputados realmente comprometidos c/ o Povo e o Brasil.. agradecemos Andréfemm,0,0,0,https://twitter.com/Biakicis/status/1629275274989772800
Marcos Cesar see act make,@Marcos_Cesar_BR,https://twitter.com/Marcos_Cesar_BR/status/1629578282109640704,2023-02-25T20:25:13.000Z,"Fiquem atentos, o PT tentará seduzir deputados e senadores, fazendo os retirar suas assinaturas.",0,0,0,https://twitter.com/Biakicis/status/1629275274989772800
Ana Cristina Ana Dias,@AnaCris66107116,https://twitter.com/AnaCris66107116/status/1629279527502336003,2023-02-25T00:38:04.000Z,Será que o Zezé de Camargo irá gostar dessa CPI ???? Eu vou !!,2,0,9,https://twitter.com/Biakicis/status/1629275274989772800
Aldirley,@Aldirleyb,https://twitter.com/Aldirleyb/status/1629309398827909121,2023-02-25T02:36:46.000Z,"Boa, agora sim, mais patriotas presos...kkkk
Caíram direitinho na armadilha....😅😂🤣😆😆😁😄",0,0,0,https://twitter.com/Biakicis/status/1629275274989772800
Francivan de Sousa,@Francivanbs,https://twitter.com/Francivanbs/status/1629516195673124864,2023-02-25T16:18:30.000Z,Caíram como patinhos!! Se @LulaOficial dissesse que era a favor não saia do papel!! Kkkkk agora sim vamos as quebras de sigilos financeiro e telemáticos…,1,0,1,https://twitter.com/Biakicis/status/1629275274989772800
Rickys_Ricardo,@Rickys_Ricardo3,https://twitter.com/Rickys_Ricardo3/status/1629462995335016448,2023-02-25T12:47:06.000Z,"que vai ter ótimo, mas como ela termina? em gestões PTistas anteriores, foi tudo em pizza ! afinal no brasil o voto é moeda de troca.",0,0,0,https://twitter.com/Biakicis/status/1629275274989772800
WiLL Cavalcante,@7well,https://twitter.com/7well/status/1629393824169484289,2023-02-25T08:12:15.000Z,A senhora vai assinar a PEC Impunidade Natalina ou não?!,0,0,0,https://twitter.com/Biakicis/status/1629275274989772800
Bolsobarrioz,@ABarros1313,https://twitter.com/ABarros1313/status/1629312570925490179,2023-02-25T02:49:22.000Z,É já que o imperador mela com tudo isso. É já.,0,0,0,https://twitter.com/Biakicis/status/1629275274989772800
Monica Lanzillotti,@MonicaLanzillo3,https://twitter.com/MonicaLanzillo3/status/1629276145517490179,2023-02-25T00:24:38.000Z,10 anos de protestos pacíficos e num passo de mágica isso acontecer no dia 08/01 ....tem alguma coisa estranha...CPMI tem que ser realizada.,1,1,19,https://twitter.com/Biakicis/status/1629275274989772800
Marcio A Braga,@marcio_ab,https://twitter.com/marcio_ab/status/1629286792011628544,2023-02-25T01:06:56.000Z,"👏👍 Excelente.
Só não pode deixar virar aquele circo de idiotas que foi a cpi da covid.",0,1,11,https://twitter.com/Biakicis/status/1629275274989772800
Joao,@JoaoHereNow,https://twitter.com/JoaoHereNow/status/1629277801340719113,2023-02-25T00:31:13.000Z,"Parabéns pela iniciativa! 
É um clamor de todo cidadão de bem!

Incluam na pauta os abusos do judiciário nas prisões de inocentes e a prevaricação das autoridades q foram avisadas q não impediram a invasão. Além de investigar infiltrados também, é claro.🇧🇷🇧🇷🇧🇷👊🏼👊🏼👊🏼",1,0,3,https://twitter.com/Biakicis/status/1629275274989772800
Anderson Santos,@and_ssantos,https://twitter.com/and_ssantos/status/1629309361012047873,2023-02-25T02:36:37.000Z,"Vocês querem isso mesmo? Estamos falando de arcabouço fiscal, reforma tributária, retomada de investimentos externos no Brasil e vão abrir holofotes para essa CPI? Só digo uma coisa! CPI se sabe onde começa, mas não onde termina, eu teria cuidado!",1,0,2,https://twitter.com/Biakicis/status/1629275274989772800
CdC Capital,@cdccapital1992,https://twitter.com/cdccapital1992/status/1629455224938065923,2023-02-25T12:16:14.000Z,"Perguntinha básica: se os fatos comprovarem que houve ação, omissão ou mentoria por parte de generais e do clã bolsonaro, haverá consequencias penais? ou vão deixa pra lá?",0,1,1,https://twitter.com/Biakicis/status/1629275274989772800
Patricia Luana,@patyluana23,https://twitter.com/patyluana23/status/1629307946659135490,2023-02-25T02:31:00.000Z,Gratidão aos deputados que estão lutando pela verdade.. 🙏🏼,0,0,1,https://twitter.com/Biakicis/status/1629275274989772800
jef121,@jef121,https://twitter.com/jef121/status/1629415173688549378,2023-02-25T09:37:05.000Z,Verdade é luz! Ela sempre aparece. Que Deus os abençoe em mais essa batalha 🙏🏽,0,0,4,https://twitter.com/Biakicis/status/1629275274989772800
Rosane,@rosanelef,https://twitter.com/rosanelef/status/1629786831234510850,2023-02-26T10:13:55.000Z,"Parabéns, bravos guerreiros!",0,0,1,https://twitter.com/Biakicis/status/1629275274989772800
Wanderson A Santana,@AppsWss,https://twitter.com/AppsWss/status/1629488372770123779,2023-02-25T14:27:57.000Z,O André Fernandes em menos de 1 mês atuando como deputado já fez muito mais que a senhora DEPUTAG fez em 4 longos anos nos parasitando.,0,0,1,https://twitter.com/Biakicis/status/1629275274989772800
Ademilson Carvalho,@Ademils09071909,https://twitter.com/Ademils09071909/status/1629942939194458113,2023-02-26T20:34:14.000Z,Parabéns aos parlamentares e senadores,1,0,0,https://twitter.com/Biakicis/status/1629275274989772800
Paulo Cezar,@PauloCe44976298,https://twitter.com/PauloCe44976298/status/1629435095898570754,2023-02-25T10:56:14.000Z,"Quando é que Bolsonaro, Augusto Heleno, Carla Zambelli, coronel Zucco é aquele monte de gente que insuflou a baderna vão depor na CPMI?",1,0,0,https://twitter.com/Biakicis/status/1629275274989772800
Li Williams,@LiWilli64262660,https://twitter.com/LiWilli64262660/status/1629911710717861890,2023-02-26T18:30:08.000Z,Agora vamos ver o que farão nas investigações e com o resultado delas.,0,0,1,https://twitter.com/Biakicis/status/1629275274989772800
PC Rodrigues,@PCRodrigues11,https://twitter.com/PCRodrigues11/status/1629545195183259653,2023-02-25T18:13:44.000Z,"Uma coisa que eu vou querer saber é quem mandou a PF prender o pessoal, que ainda se encontra preso até hoje. Quem deu esta ordem absurda, sem investigação, tem que ser demitido e preso.",0,0,0,https://twitter.com/Biakicis/status/1629275274989772800
armandomeire,@armandomeire,https://twitter.com/armandomeire/status/1629867270468935680,2023-02-26T15:33:33.000Z,"E daí? Não sou coveiro.
08/1/23 Brasília sentiu o peso da ignorância e do braço dos terrorismo de direita,  pretendendo derrubar o governo. Zero compromisso com o Brasil e seu povo, estão trabalhando e ganhando nosso $ para próprio umbigo",0,0,0,https://twitter.com/Biakicis/status/1629275274989772800
Patrício,@dfpatricio,https://twitter.com/dfpatricio/status/1629282680872239105,2023-02-25T00:50:36.000Z,"Logo vão se arrepender kkk
Teremos mais provas, fatos, e robustez para punir os culpados pela tentativa de Golpe no dia 08/01/23. 
Conhecereis a verdade é ela vos libertará 👊🏻👊🏻👊🏻",4,1,17,https://twitter.com/Biakicis/status/1629275274989772800
Regina Lúcia Rezende Mazzocco,@MazzoccoRezende,https://twitter.com/MazzoccoRezende/status/1629326442088603649,2023-02-25T03:44:29.000Z,"Glória a DEUS! Parabéns, André Fernandes! DEUS te abençoe; e conduza essa CPMI para que toda verdade seja revelada!",0,0,1,https://twitter.com/Biakicis/status/1629275274989772800
Arte Com carinho,@carinho_arte,https://twitter.com/carinho_arte/status/1629545636822495233,2023-02-25T18:15:29.000Z,"Que feio ficou para os políticos NAFITALINAs ,que estão lá a um século, e n fizeram nada..André Fernandes dando um show em Fortaleza e na Câmara dos deputados..",0,0,0,https://twitter.com/Biakicis/status/1629275274989772800
Dirceu Rodrigues,@dzrodrigues,https://twitter.com/dzrodrigues/status/1629302264513929216,2023-02-25T02:08:25.000Z,Xandão anulando a CPI em 3...2...1,1,0,1,https://twitter.com/Biakicis/status/1629275274989772800
angela navarro,@angelan76931073,https://twitter.com/angelan76931073/status/1629992183792123905,2023-02-26T23:49:55.000Z,E justiça  também,0,0,0,https://twitter.com/Biakicis/status/1629275274989772800
Mirian Lemos,@MiriamL01220614,https://twitter.com/MiriamL01220614/status/1629639933135667200,2023-02-26T00:30:11.000Z,"E o Marcos Duval o relator, mais que justo.",0,0,0,https://twitter.com/Biakicis/status/1629275274989772800
Anderson,@GirelliLira,https://twitter.com/GirelliLira/status/1629279636524769281,2023-02-25T00:38:30.000Z,Resumo dessa CPMI: Pizza,0,0,0,https://twitter.com/Biakicis/status/1629275274989772800
Giovanni Cornacchia,@GiovanniCorna15,https://twitter.com/GiovanniCorna15/status/1629422342832046086,2023-02-25T10:05:34.000Z,Parabéns. Agora é cuidar para que seja escolhida uma mesa composta por parlamentares sérios e não picaretas como os da cpi da covid.,0,0,0,https://twitter.com/Biakicis/status/1629275274989772800
Adailson Jose ferreira,@AdailsonJosefe2,https://twitter.com/AdailsonJosefe2/status/1629429277992144896,2023-02-25T10:33:07.000Z,Vamos trabalhar duro para deixa tudo as claras e quem deve qui pague,0,0,0,https://twitter.com/Biakicis/status/1629275274989772800
izabel gomes,@izabelgomes46,https://twitter.com/izabelgomes46/status/1629478771551002624,2023-02-25T13:49:48.000Z,É que venha a verdade,0,0,0,https://twitter.com/Biakicis/status/1629275274989772800
luiztavaresperro,@tavaresporque_,https://twitter.com/tavaresporque_/status/1629577431756554241,2023-02-25T20:21:50.000Z,"Quanto mais senadores e deputados assinarem, melhor para dificultar a pressão do governo e dos prováveis membros do STF.",0,0,0,https://twitter.com/Biakicis/status/1629275274989772800
Kiko Besouchet,@besouchetkiko2,https://twitter.com/besouchetkiko2/status/1629282923558969346,2023-02-25T00:51:34.000Z,Parabéns ! A tds os envolvidos !,0,0,0,https://twitter.com/Biakicis/status/1629275274989772800
Benedita Jesus,@BeneditaJesus3,https://twitter.com/BeneditaJesus3/status/1629450595651207168,2023-02-25T11:57:50.000Z,Eu acho que todos deputados e senadores primeiro faz o trabalho depois faz propaganda porque ainda não venceu a batalha,0,0,0,https://twitter.com/Biakicis/status/1629275274989772800
Myrian,@Myrian24323206,https://twitter.com/Myrian24323206/status/1629452170834616320,2023-02-25T12:04:05.000Z,"Parabéns, espero que tanto esforço não acabe em pizza",0,0,0,https://twitter.com/Biakicis/status/1629275274989772800
Leandro Barbosa,@Leandro40348779,https://twitter.com/Leandro40348779/status/1629488804665909248,2023-02-25T14:29:40.000Z,Vai ter até que o STF dizer que não tenha.,0,0,0,https://twitter.com/Biakicis/status/1629275274989772800
Francisca deuzimar ferreira de Menezes,@frandemenezes1,https://twitter.com/frandemenezes1/status/1629538990633132034,2023-02-25T17:49:05.000Z,"Que a verdade venha a tona, em nome de Jesus🙏🏻",0,0,0,https://twitter.com/Biakicis/status/1629275274989772800
Francisca deuzimar ferreira de Menezes,@frandemenezes1,https://twitter.com/frandemenezes1/status/1629539607682465798,2023-02-25T17:51:32.000Z,Parabéns deputado @andrefetnm e a todos que tornaram possível essa CPMI.,0,0,0,https://twitter.com/Biakicis/status/1629275274989772800
marllenesanntos,@marllenesanntos,https://twitter.com/marllenesanntos/status/1629887304700493826,2023-02-26T16:53:09.000Z,Pra virar outra CPI igual a da Pandemia?,0,0,0,https://twitter.com/Biakicis/status/1629275274989772800
marllenesanntos,@marllenesanntos,https://twitter.com/marllenesanntos/status/1629887642539048963,2023-02-26T16:54:30.000Z,Cuidado! ‘O feitiço pode se virar contra os feiticeiros’😂 (👹naristas)😁,0,0,0,https://twitter.com/Biakicis/status/1629275274989772800
Nicassio,@nicabisan1000,https://twitter.com/nicabisan1000/status/1629989137359986688,2023-02-26T23:37:48.000Z,E o que vocês estão fazendo para derrubar o decreto 11366/2023????,0,0,0,https://twitter.com/Biakicis/status/1629275274989772800
Suelena Peterle,@PeterleSuelena,https://twitter.com/PeterleSuelena/status/1629497493888069640,2023-02-25T15:04:11.000Z,"O que não pode é acabar quando a verdade vier a tona,mas com a punição dos terroristas e mandantes. Senão de nada adiantará. Vira 🍕como a CPI da covid(mais recente).",0,0,0,https://twitter.com/Biakicis/status/1629275274989772800
Rocha,@RochaEliz,https://twitter.com/RochaEliz/status/1629493327216144388,2023-02-25T14:47:38.000Z,"Neste caso, há possibilidade de ser parada na câmara?",0,0,0,https://twitter.com/Biakicis/status/1629275274989772800
Carlos Scigliano SDV,@carloscigliano,https://twitter.com/carloscigliano/status/1629491466752892929,2023-02-25T14:40:14.000Z,Boa notícia,0,0,0,https://twitter.com/Biakicis/status/1629275274989772800
Rosa Sousa,@RosaSou39271367,https://twitter.com/RosaSou39271367/status/1629293815851827200,2023-02-25T01:34:51.000Z,Sera w sinda vso culpar o bolsonaro?,0,0,0,https://twitter.com/Biakicis/status/1629275274989772800
Joao Siqueira,@jcssiqueira,https://twitter.com/jcssiqueira/status/1629460262859202561,2023-02-25T12:36:15.000Z,"JOGADA ENSAIADA, MARCUS  DUVAL  tentando nos enganar, quando viram que a CPMI poderia ser instalada  mandaram o mesmo  dizer que  tinha  muitas coisas a ser investigada, se  auto declarou o melhor relator, QUEM TRAIU,,TRAIRÁÁÁ , ele é um infiltrado a mando do STF fato comprovado",0,0,0,https://twitter.com/Biakicis/status/1629275274989772800
Gilson Lindbergh,@GilsonLindbergh,https://twitter.com/GilsonLindbergh/status/1629567397131608065,2023-02-25T19:41:58.000Z,Xandão vai deixar? Por quê o parlamento brasileiro agora é nada comparado ao seu poder.,0,0,0,https://twitter.com/Biakicis/status/1629275274989772800
solange,@solangerigotti,https://twitter.com/solangerigotti/status/1629532499310198784,2023-02-25T17:23:17.000Z,Maravilha,0,0,0,https://twitter.com/Biakicis/status/1629275274989772800
Mauro Guerrero,@D_Philosopher,https://twitter.com/D_Philosopher/status/1629285060267368450,2023-02-25T01:00:03.000Z,Aí sim,0,0,1,https://twitter.com/Biakicis/status/1629275274989772800
Clovis Argolo,@ClovisArgolo1,https://twitter.com/ClovisArgolo1/status/1629279955719794690,2023-02-25T00:39:46.000Z,Se o STF não intervir pode resultar em impitimam de alguns,1,0,0,https://twitter.com/Biakicis/status/1629275274989772800
Ivone Carneiro Povoa,@IvonePovoa,https://twitter.com/IvonePovoa/status/1629574057803890688,2023-02-25T20:08:26.000Z,E precisa ser imediata!,0,0,0,https://twitter.com/Biakicis/status/1629275274989772800
Alice Craveiro,@AliceCraveiroo,https://twitter.com/AliceCraveiroo/status/1629990380593721346,2023-02-26T23:42:45.000Z,Parabéns!!,0,0,0,https://twitter.com/Biakicis/status/1629275274989772800
Airton Chaves,@AirtonChaves10,https://twitter.com/AirtonChaves10/status/1629534381386629124,2023-02-25T17:30:46.000Z,🇧🇷👏👏👏👏👏👏,0,0,0,https://twitter.com/Biakicis/status/1629275274989772800
Smelo78,@slmelo78,https://twitter.com/slmelo78/status/1629522831221325826,2023-02-25T16:44:52.000Z,"E a CPI das Urnas Deputados?
Não podem esquecer desse tão importante tópico para o futuro da democracia brasileira!",0,0,0,https://twitter.com/Biakicis/status/1629275274989772800
Dione Mara,@DioneMara5,https://twitter.com/DioneMara5/status/1629506475335860225,2023-02-25T15:39:53.000Z,Parabéns!!!,0,0,0,https://twitter.com/Biakicis/status/1629275274989772800
Cida Silveira !,@Cidasilveirar,https://twitter.com/Cidasilveirar/status/1629442178513608705,2023-02-25T11:24:23.000Z,👏👏👏👏👏🇧🇷,0,0,0,https://twitter.com/Biakicis/status/1629275274989772800
Carlos Henrique Santana Lima,@CarlosH87922169,https://twitter.com/CarlosH87922169/status/1629446557798891522,2023-02-25T11:41:47.000Z,Caetano Júnior. Se Gilmar fizer isso aí estará comprovado que a esquerda patrocinou a barbárie,0,0,0,https://twitter.com/Biakicis/status/1629275274989772800
Pepe Coutinho,@DennerCoutinho4,https://twitter.com/DennerCoutinho4/status/1629281144469352452,2023-02-25T00:44:30.000Z,"Votei nesse @andrefernm 

Ninguém dessa Direita terá o meu voto nas próximas E farei o possível para denunciar vocês e esclarecer o povo acerca da vossa covardia!",0,0,0,https://twitter.com/Biakicis/status/1629275274989772800
Eni Felicio Ferreira,@FelicioEni,https://twitter.com/FelicioEni/status/1629283380536782850,2023-02-25T00:53:23.000Z,Glória a Deus! A justiça será feita,0,0,0,https://twitter.com/Biakicis/status/1629275274989772800
Jorge Corrêa,@JCORREA2022,https://twitter.com/JCORREA2022/status/1629841743280496641,2023-02-26T13:52:07.000Z,"Parabéns a todos os envolvidos, principalmente ao POVO Brasileiro!",0,0,0,https://twitter.com/Biakicis/status/1629275274989772800
Giovanni Fiorini,@giovannidelaegu,https://twitter.com/giovannidelaegu/status/1629779533959143426,2023-02-26T09:44:55.000Z,"ME CONTA, QUE CPI APUROU ALGUMA COISA NESTE PAIS? SÃO TODAS PRA BOI DORMIR, LULA VAI FECHAR O CONGRESSO E ESTAMOS A CAMINHO DE UMA VENEZUELA, ESTE POVO MERECE.",0,0,0,https://twitter.com/Biakicis/status/1629275274989772800
Mr. Clark,@MarceloCariocaX,https://twitter.com/MarceloCariocaX/status/1629322721623416832,2023-02-25T03:29:42.000Z,"Terá muita gente que antes de abrirem a boca, ""se acidentará""... ""o avião cairá""... será uma enorme coincidência... Já estou vendo. 👀",1,0,7,https://twitter.com/Biakicis/status/1629275274989772800
Brasil não é para amadores,@brasil_amadores,https://twitter.com/brasil_amadores/status/1629491290084720640,2023-02-25T14:39:32.000Z,Amém tem muitos vídeos salvos por pessoas ok,0,0,0,https://twitter.com/Biakicis/status/1629275274989772800
Wilson Alves,@WilsonA88557915,https://twitter.com/WilsonA88557915/status/1629572492850352128,2023-02-25T20:02:12.000Z,Bolsonaro na cadeia.,0,0,0,https://twitter.com/Biakicis/status/1629275274989772800
Toreador,@sigilocorp,https://twitter.com/sigilocorp/status/1629284153194577923,2023-02-25T00:56:27.000Z,adoron,0,0,0,https://twitter.com/Biakicis/status/1629275274989772800
Elaine cristine,@elaine_lowther,https://twitter.com/elaine_lowther/status/1629461487818350592,2023-02-25T12:41:07.000Z,We know it's easy to fell powerless but you can help right now this critical time. Brazil Concentration Camp Lawyer from Human rig lack of proper legal proceed describing the situation as a complete violation of human rights and nothing more than a concentration camp please help,0,0,0,https://twitter.com/Biakicis/status/1629275274989772800
Ricardo Alvarenga,@Ricardo09111958,https://twitter.com/Ricardo09111958/status/1629575397598715904,2023-02-25T20:13:45.000Z,Espero que não termine em pizza 🍕!!!!!!,0,0,0,https://twitter.com/Biakicis/status/1629275274989772800
José Antonio Rodrigues da Cunha,@Josecunha33,https://twitter.com/Josecunha33/status/1629442931718340608,2023-02-25T11:27:23.000Z,"Vejam, para foram aqueles desfiles de tanques das FA antes de 1 de janeiro de 2023.",0,0,0,https://twitter.com/Biakicis/status/1629275274989772800
BIANCA WOLLFREED!,@Bia_Wollfreed,https://twitter.com/Bia_Wollfreed/status/1629575003178934273,2023-02-25T20:12:11.000Z,Que verdade é essa que estão procurando? Tinham somente pessoas bancadas para o vandalismo.,0,0,1,https://twitter.com/Biakicis/status/1629275274989772800
Jorge Santoro,@jsantoro1961,https://twitter.com/jsantoro1961/status/1630379577737465862,2023-02-28T01:29:16.000Z,Ainda apóia os marginais dos atos golpistas. Affffff,0,0,0,https://twitter.com/Biakicis/status/1629275274989772800
Arnaldo Vidal,@ArnaldoVidal13,https://twitter.com/ArnaldoVidal13/status/1629606230288154624,2023-02-25T22:16:16.000Z,mas ir ao investigar a minuta do golpe e seus organizadores tbm?,0,0,0,https://twitter.com/Biakicis/status/1629275274989772800
Felipe Daniel de Sou,@tifelipedaniel,https://twitter.com/tifelipedaniel/status/1629287784769781760,2023-02-25T01:10:53.000Z,Prooonto...,0,0,0,https://twitter.com/Biakicis/status/1629275274989772800
SejaFit,@MardeliaGomes,https://twitter.com/MardeliaGomes/status/1629298726198976512,2023-02-25T01:54:21.000Z,Os senhores precisam ser rápidos,0,0,0,https://twitter.com/Biakicis/status/1629275274989772800
Ronaldo_spbr,@RonaldoSpbr,https://twitter.com/RonaldoSpbr/status/1629312025816965122,2023-02-25T02:47:12.000Z,"Poxa! Enquanto isso o MPF, a PF e o Judiciário terminam os inquéritos e denunciam todo mundo que esteve envolvido no dia 08/01.",1,0,0,https://twitter.com/Biakicis/status/1629275274989772800
Kardec in arabic,@Kardecinarabic,https://twitter.com/Kardecinarabic/status/1629282017790644224,2023-02-25T00:47:58.000Z,"Acho ainda que esse fim da semana o chefão vai oferecer gigante recompensa para quem tirar assinatura
Pois sabe que tudo mundo vai saber 8 de jan foi planejado pelo o governo pra despensar os protestos contra a fraudao dão dão",0,0,6,https://twitter.com/Biakicis/status/1629275274989772800
Ronaldo Andrade,@RonaldoLA69,https://twitter.com/RonaldoLA69/status/1629284855577026560,2023-02-25T00:59:14.000Z,"Parabéns!
Vamos para cima. Podem ter certeza que a MAIORIA da população brasileira apoia essa iniciativa!",1,0,2,https://twitter.com/Biakicis/status/1629275274989772800
Qustionando23,@qustionando23,https://twitter.com/qustionando23/status/1629354424849113093,2023-02-25T05:35:41.000Z,🙏🏻🙏🏻🙏🏻#CPMI08dejaneiro,0,0,2,https://twitter.com/Biakicis/status/1629275274989772800
Esquerda conservadora,@vitordpereira68,https://twitter.com/vitordpereira68/status/1629312049057607682,2023-02-25T02:47:18.000Z,Vão entregar os nomes dos outros invasores que não foram identificadoras? Xandão prepara a “toba” que vem mais por aí…,0,0,2,https://twitter.com/Biakicis/status/1629275274989772800
Laura Miranda Sales Abreu,@LauraMirandaS20,https://twitter.com/LauraMirandaS20/status/1629295684972077057,2023-02-25T01:42:16.000Z,"Graças a Deus!!
Fiquei estarrecida com esse acontecimento. Nunca vi história tão injusta, tão suja e tão mal contada. È preciso uma pena pesada para os que arquitetaram esse plano imundo.",0,0,1,https://twitter.com/Biakicis/status/1629275274989772800
Rouselise de Queiroz Freitas Oliveira,@RouseliseO1,https://twitter.com/RouseliseO1/status/1629972950370713602,2023-02-26T22:33:29.000Z,#FazoL,0,1,1,https://twitter.com/Biakicis/status/1629275274989772800
Ana,@FlorestaLucia,https://twitter.com/FlorestaLucia/status/1629292568113455104,2023-02-25T01:29:53.000Z,👏👏🇧🇷💚🙏,0,0,1,https://twitter.com/Biakicis/status/1629275274989772800
Vernini,@AntoniaVernini,https://twitter.com/AntoniaVernini/status/1629280515898454017,2023-02-25T00:42:00.000Z,Parabéns!!!,1,0,0,https://twitter.com/Biakicis/status/1629275274989772800
Paulo Américo Piotto,@piottoofs,https://twitter.com/piottoofs/status/1629292629316730883,2023-02-25T01:30:08.000Z,"Aproveitem e segurem também o DITADOR ALEXANDR DE MORAES, rasga a Constituição a olhos vistos!",0,0,1,https://twitter.com/Biakicis/status/1629275274989772800
HELTON DE JESUS SANTOS,@HELTONDEJESUSS1,https://twitter.com/HELTONDEJESUSS1/status/1629433344772526080,2023-02-25T10:49:17.000Z,Parabéns 👏👏👏. O povo brasileiro espera Justiça e não vingança. Que os verdadeiros culpados sejam punidos.,0,0,0,https://twitter.com/Biakicis/status/1629275274989772800
Kerlem,@Kerlem12,https://twitter.com/Kerlem12/status/1629451368388804609,2023-02-25T12:00:54.000Z,"O povo de bem aguarda a verdade. Que venha as claras,pq muitos inocentes estão presos,sendo tratados pior que criminosos.",0,0,0,https://twitter.com/Biakicis/status/1629275274989772800
Lilian Maria de Azeredo,@LilianMAzeredo,https://twitter.com/LilianMAzeredo/status/1629479349064794115,2023-02-25T13:52:05.000Z,"Tomara que seja verificada a verdade mesmo, não seja tendenciosa e livre os inocentes que estavam no dia e prendam (talvez fazer pagar o prejuízo seria melhor que prender) os meliantes que ocasionaram o dano ao nosso patrimônio.  Na torcida pelo resultado justo.",0,0,0,https://twitter.com/Biakicis/status/1629275274989772800
Lima Alex,@lim59608404,https://twitter.com/lim59608404/status/1629502067831185411,2023-02-25T15:22:22.000Z,E vai vim com força e essa quadrilha que planejou vai pagar muito caro,0,0,0,https://twitter.com/Biakicis/status/1629275274989772800
Tâmara Albuquerque,@TmaraAlbuquerq7,https://twitter.com/TmaraAlbuquerq7/status/1629517147557830663,2023-02-25T16:22:17.000Z,Parabéns deputado André,0,0,0,https://twitter.com/Biakicis/status/1629275274989772800
Paulo,@Paulo34756375,https://twitter.com/Paulo34756375/status/1629637675090075649,2023-02-26T00:21:13.000Z,👏👏👏👏👏👏👏👏👏👏,0,0,0,https://twitter.com/Biakicis/status/1629275274989772800
Zoely Carvalho,@CarvalhoZoely,https://twitter.com/CarvalhoZoely/status/1629691453348691969,2023-02-26T03:54:55.000Z,"Meu conterrâneo  querido. Parabens! Vc é determinado, corajoso e valentes nas suas atitudes. Tirei uma foto com vc na praça potugal e amei te conhecer. Um verdadeiro Líder!!! Maravilhoso. Adoro o presidente Bolsonaro vamos ajudá-lo.  Zoely Fortaleza - Ce",0,0,0,https://twitter.com/Biakicis/status/1629275274989772800
christina Guimaraes,@christinaGuima6,https://twitter.com/christinaGuima6/status/1629817383236796417,2023-02-26T12:15:19.000Z,Parabens deputado André Fern,0,0,0,https://twitter.com/Biakicis/status/1629275274989772800
neusa lopes,@neusalo15951267,https://twitter.com/neusalo15951267/status/1629310302561894402,2023-02-25T02:40:21.000Z,Adorei parabéns aos Deputados 🙌🏻🙏🏼,0,0,0,https://twitter.com/Biakicis/status/1629275274989772800
neusa lopes,@neusalo15951267,https://twitter.com/neusalo15951267/status/1629310489414057984,2023-02-25T02:41:06.000Z,"Vcs são demais,nós representa 🇧🇷🇧🇷💯👏🏻",0,0,0,https://twitter.com/Biakicis/status/1629275274989772800
Evandro Pauluci,@EPauluci,https://twitter.com/EPauluci/status/1629694043721543686,2023-02-26T04:05:12.000Z,PIZZA... PIZZA.... PIZZARIA!!,0,0,0,https://twitter.com/Biakicis/status/1629275274989772800
Luiz Geraldo Pinto Frauches,@PintoFrauches,https://twitter.com/PintoFrauches/status/1629429536235421697,2023-02-25T10:34:09.000Z,"A verdade aparecerá e os culpados serão punidos e presos, eu creio 🙌",0,0,0,https://twitter.com/Biakicis/status/1629275274989772800
Maria Madalena Lara,@MariaMa65137557,https://twitter.com/MariaMa65137557/status/1629905262873026563,2023-02-26T18:04:31.000Z,Que Deus te abençoe sempre,0,0,0,https://twitter.com/Biakicis/status/1629275274989772800
Tereza Xavier,@TXRJBR,https://twitter.com/TXRJBR/status/1629295312241061888,2023-02-25T01:40:47.000Z,👏🏻👏🏻👏🏻👏🏻👏🏻👏🏻👏🏻👏🏻👏🏻👏🏻👏🏻,0,0,0,https://twitter.com/Biakicis/status/1629275274989772800
Paulo Cesar Cardoso Pereira,@PauloCe03482355,https://twitter.com/PauloCe03482355/status/1629565222653501442,2023-02-25T19:33:19.000Z,"Se tivermos mais 80 Dep. como este estaremos bem servidos.
Parabéns.",0,0,0,https://twitter.com/Biakicis/status/1629275274989772800
Paulo Cesar Cardoso Pereira,@PauloCe03482355,https://twitter.com/PauloCe03482355/status/1629565467982548993,2023-02-25T19:34:18.000Z,"Tenho certeza o STF vai pedir que alguns Dep. retirem as assinaturas.
Depois me fale.",0,0,0,https://twitter.com/Biakicis/status/1629275274989772800
Luciano Almeida de Melo virtuoso,@LucianoVirtuoso,https://twitter.com/LucianoVirtuoso/status/1629440506034782209,2023-02-25T11:17:44.000Z,Vai ter CPMI se caso o STF quiser.,0,0,0,https://twitter.com/Biakicis/status/1629275274989772800
Laurete Milke,@LaureteMilke,https://twitter.com/LaureteMilke/status/1629576909477511168,2023-02-25T20:19:45.000Z,👏🏻👏🏻👏🏻👏🏻👏🏻que a verdade venha a tona,0,0,0,https://twitter.com/Biakicis/status/1629275274989772800
Curty Claudia Curty,@curty_Claudia1,https://twitter.com/curty_Claudia1/status/1629292745025044481,2023-02-25T01:30:35.000Z,"Que Deus Soberano Dê Sabedoria, dê Autoridade pra que a verdade venha a tona.
Que o Brasil seja realmente Pátria livre.",0,0,0,https://twitter.com/Biakicis/status/1629275274989772800
Elisabet Ristow,@ElisabetRistow,https://twitter.com/ElisabetRistow/status/1629302660686925824,2023-02-25T02:09:59.000Z,Finalmente a gente vai vendo que muitos dos últimos eleitos não se renderam as pressões corruptas. Que possamos ver mais e mais homens e mulheres honrados e honestos no Congresso Nacional!!!,0,0,0,https://twitter.com/Biakicis/status/1629275274989772800
Lúcia,@Lcia31380784,https://twitter.com/Lcia31380784/status/1629440580827619336,2023-02-25T11:18:02.000Z,Que maravilha.,0,0,0,https://twitter.com/Biakicis/status/1629275274989772800
luciana borgerth t harouche,@luharouche,https://twitter.com/luharouche/status/1629601835441848320,2023-02-25T21:58:48.000Z,🙏🏻👏🏻👏🏻,0,0,0,https://twitter.com/Biakicis/status/1629275274989772800
Vivendo e Aprendendo,@Andre26sousa,https://twitter.com/Andre26sousa/status/1629603391490994177,2023-02-25T22:04:59.000Z,Que a justiça seja feita,0,0,0,https://twitter.com/Biakicis/status/1629275274989772800
Josenice,@Josenic61133193,https://twitter.com/Josenic61133193/status/1629628256927268869,2023-02-25T23:43:48.000Z,"A verdade virá a tona!!
É  a justiça florescendo!!!",0,0,0,https://twitter.com/Biakicis/status/1629275274989772800
aurea maria corsi,@aumacor,https://twitter.com/aumacor/status/1629598848883601409,2023-02-25T21:46:56.000Z,Ótimo,0,0,0,https://twitter.com/Biakicis/status/1629275274989772800
Manuel Martínez,@ManuelM74873096,https://twitter.com/ManuelM74873096/status/1629633841001385985,2023-02-26T00:05:59.000Z,Opa coisa boa .... Mais bolsominions presos,0,0,0,https://twitter.com/Biakicis/status/1629275274989772800
Duda_drs,@DrsDuda,https://twitter.com/DrsDuda/status/1629653911911952384,2023-02-26T01:25:44.000Z,"Que orgulho desse deputado! Que os demais conservadores, despertem e comecem  a produzir!",0,0,0,https://twitter.com/Biakicis/status/1629275274989772800
FORTIS FORTUNA ADIUVAT,@NetoHurbano,https://twitter.com/NetoHurbano/status/1629823070411128834,2023-02-26T12:37:55.000Z,👏👏👏,0,0,0,https://twitter.com/Biakicis/status/1629275274989772800
Dejair Paula,@dejair_paula,https://twitter.com/dejair_paula/status/1629803218103328770,2023-02-26T11:19:02.000Z,"Kkkk qual verdade, a que os terroristas eram eleitores de bolsonaro, e que foram influenciados pela próprio.",0,0,0,https://twitter.com/Biakicis/status/1629275274989772800
Silvia Mara Silva,@maraSR54,https://twitter.com/maraSR54/status/1629279537488863234,2023-02-25T00:38:06.000Z,Parabéns aos deputados e senadores! Rumo à verdade!,1,0,1,https://twitter.com/Biakicis/status/1629275274989772800
Alex,@Alex103657261,https://twitter.com/Alex103657261/status/1629307298123243524,2023-02-25T02:28:25.000Z,"Muitos deputados e deputadas que incentivaram os atos terroristas agora pedindo investigação! Tem algo muito podre, essa gente não presta",0,0,4,https://twitter.com/Biakicis/status/1629275274989772800
Mauricio Negro,@Negro_Atelie,https://twitter.com/Negro_Atelie/status/1629310961768120322,2023-02-25T02:42:59.000Z,"Vocês vivem em Nárnia, defintivamente. KKKKKKKK!",0,0,6,https://twitter.com/Biakicis/status/1629275274989772800
Maria Da Guia Fernandes Alves,@MariaDaGuiaFer4,https://twitter.com/MariaDaGuiaFer4/status/1629279328935526405,2023-02-25T00:37:17.000Z,Amém 🙏 que Deus abençoe grandemente a todos vocês que lutam em prol da justiça que a mão de Deus e a justiça divina instrua para que a verdadeira justiça seja feita em nome de nosso senhor Jesus Cristo salve o nosso Brasil Amém 🙏,1,0,1,https://twitter.com/Biakicis/status/1629275274989772800
Ju Tomaz,@JuTomaz4,https://twitter.com/JuTomaz4/status/1629280433572573184,2023-02-25T00:41:40.000Z,Uhulll Deus e fiel vai desbaratinar está quadrilha que está acabando com o Brasil e colocando pessoas inocentes na cadeia,1,0,1,https://twitter.com/Biakicis/status/1629275274989772800
ALEIXO NASCIMENTO,@aleixoaquiles42,https://twitter.com/aleixoaquiles42/status/1629295947288047616,2023-02-25T01:43:19.000Z,SE FIZER UMA INVESTIGAÇÃO BEM FEITA VAI CHAGAR NA FACADA OS DOIS CASO TEM O MESMO OBJETIVO DETONAR O BOLSONARO NÃO CONSEGUIRAM MATAR ELE AGORA COM OS ATOS DO DIA 8 QUEREM DEIXAR ELE FORA DA  POLÍTICA,0,0,13,https://twitter.com/Biakicis/status/1629275274989772800
FIZUELLE,@Lula2022PT,https://twitter.com/Lula2022PT/status/1629429730729504769,2023-02-25T10:34:55.000Z,"Vai aumentar o número bandidos travestidos de patriotas e cidadãos de bem!
Muitos financiadores e incentivadores aparecerão agora!
Será nescessário construir uma penitenciária verde/ amarela!
Põe tinta na caneta, xandão!",0,4,30,https://twitter.com/Biakicis/status/1629275274989772800
Elitania Silva,@EitaniaDias,https://twitter.com/EitaniaDias/status/1629619821766639617,2023-02-25T23:10:17.000Z,"A verdade já veio a tona. Vcs vão passar vergonha mesmo. Só tomem cuidado viu porque vai investigar uma coisa e vão aparecer outras, cuidado o nome da senhora pode aparecer nesse meio viu dona Bia kicis!",0,0,2,https://twitter.com/Biakicis/status/1629275274989772800
Sony Ferr,@SoniaFe81911965,https://twitter.com/SoniaFe81911965/status/1629291100518117377,2023-02-25T01:24:03.000Z,Parabéns pela necessária iniciativa. Força e ânimo para luta que vem pela frente.,0,0,3,https://twitter.com/Biakicis/status/1629275274989772800
Rita,@RCChiea,https://twitter.com/RCChiea/status/1629431164841721856,2023-02-25T10:40:37.000Z,"O q os senhores precisam agora é se empenhar p/ barrar esta comissão covarde e vergonhosa q o chefe do executivo pretende. 
Não podem permitir q esta aberração se instale c/ vias de amordaçar a voz desta Nação. 
Há q ser dia e noite agindo contra toda e qlqr inconstitucionalidade",0,0,3,https://twitter.com/Biakicis/status/1629275274989772800
Fabio Martins,@fabiomartins281,https://twitter.com/fabiomartins281/status/1630301245125566471,2023-02-27T20:18:01.000Z,Tem que prender tudo inclusive você @Biakicis,0,0,0,https://twitter.com/Biakicis/status/1629275274989772800
Vera Botto,@VeraBotto4,https://twitter.com/VeraBotto4/status/1630016147994165248,2023-02-27T01:25:08.000Z,"Graças a a Deus🙏✨🙏,todo o podre vem a tona!",0,0,0,https://twitter.com/Biakicis/status/1629275274989772800
Edivaldo Muniz,@EdivaldoMuniz5,https://twitter.com/EdivaldoMuniz5/status/1629277309453627394,2023-02-25T00:29:15.000Z,Demorou,1,0,0,https://twitter.com/Biakicis/status/1629275274989772800
Renato,@Renato37504426,https://twitter.com/Renato37504426/status/1630711843634180096,2023-02-28T23:29:35.000Z,"O que está sendo feito de efetivo para liberar os presos politicos do 08/01? Não se pode permitir que pessoas morram na cadeia por discordar. Punam os depredadores e libertem os d mais. Urgente! Tem gente morrendo, com câncer!",0,0,0,https://twitter.com/Biakicis/status/1629275274989772800
LUIZBRASIL999,@luizbrasil999,https://twitter.com/luizbrasil999/status/1630864420208271362,2023-03-01T09:35:52.000Z,"Tem que investigar, Brasília foi tomada por uma quadrilha.",0,0,0,https://twitter.com/Biakicis/status/1629275274989772800
Michele Scheffer,@MimiScheffer,https://twitter.com/MimiScheffer/status/1629276892195946497,2023-02-25T00:27:36.000Z,Grande vitória 🇧🇷,1,0,0,https://twitter.com/Biakicis/status/1629275274989772800
Joao Fabio Palermo,@JoaoFabioPaler1,https://twitter.com/JoaoFabioPaler1/status/1630000943981887488,2023-02-27T00:24:43.000Z,Os senadores e deputados estão  apenas  cumprindo  com suas obrigações de investigar o 8 de janeiro.  Lembre-se que neste dia o presidente já era Luiz Inácio Lula da Silva.,0,0,0,https://twitter.com/Biakicis/status/1629275274989772800
Lucineia Nunes,@Lucinei34502601,https://twitter.com/Lucinei34502601/status/1629915671139172352,2023-02-26T18:45:53.000Z,Bravos 👏 👏 👏,0,0,0,https://twitter.com/Biakicis/status/1629275274989772800
Lucineia Nunes,@Lucinei34502601,https://twitter.com/Lucinei34502601/status/1629997933423734784,2023-02-27T00:12:45.000Z,Que a verdade seja revelada! A Justiça não pode ser tão cega! Muitos  nocentes estão pagando esta conta.,0,0,0,https://twitter.com/Biakicis/status/1629275274989772800
Jose Eustaquio Ferreira,@EustaquioF4,https://twitter.com/EustaquioF4/status/1630164694689300481,2023-02-27T11:15:24.000Z,Será que agora vai???,0,0,0,https://twitter.com/Biakicis/status/1629275274989772800
Debbie_Florais,@DebbieFlorais,https://twitter.com/DebbieFlorais/status/1629354779557126145,2023-02-25T05:37:06.000Z,"Ufa...graças a Deus. 
É o mínimo, diante de tudo o que os prisioneiros vêm passando.",0,0,0,https://twitter.com/Biakicis/status/1629275274989772800
Remelo70,@remelo70,https://twitter.com/remelo70/status/1629548633933660165,2023-02-25T18:27:24.000Z,Bia tenta reabrir a CPI do consórcio nordeste.,0,0,0,https://twitter.com/Biakicis/status/1629275274989772800
Ligia Santos Simioni,@LigiaSimioni,https://twitter.com/LigiaSimioni/status/1629284688148791296,2023-02-25T00:58:34.000Z,Gratidão a todos. Que venha a verdade é que justiça seja feita.🙏👏,0,0,0,https://twitter.com/Biakicis/status/1629275274989772800
Barison,@Barison13318545,https://twitter.com/Barison13318545/status/1629317958357995523,2023-02-25T03:10:47.000Z,Não sei porque sinto cheiro de liminar no ar..... suspendendo a CPMI,0,0,0,https://twitter.com/Biakicis/status/1629275274989772800
Marcelinho Wasconcellos,@MarcelinhoWasc2,https://twitter.com/MarcelinhoWasc2/status/1629504385226031105,2023-02-25T15:31:34.000Z,"Já veio faz tempo, os marginais estão presos",0,0,0,https://twitter.com/Biakicis/status/1629275274989772800
Prade,@dallprade,https://twitter.com/dallprade/status/1629283507435339777,2023-02-25T00:53:53.000Z,Verdade todos os já sabemos é fato o que os terrorismo cometeu.,0,0,0,https://twitter.com/Biakicis/status/1629275274989772800
Marli Suzana da Silva,@SuzanaMarli,https://twitter.com/SuzanaMarli/status/1629314865893343232,2023-02-25T02:58:29.000Z,"Glória a Deus por isso. E a verdade vem a público e sejam desmascarados, os verdadeiros mandantes dos atos cometidos e os verdadeiros culpados sejam punidos 🙏🙏🙏🙏🙏",0,0,0,https://twitter.com/Biakicis/status/1629275274989772800
vera maria Aquino,@veramariaaquino,https://twitter.com/veramariaaquino/status/1629669368387739648,2023-02-26T02:27:09.000Z,"Até que enfim parece que as instituições estão a favor do Brasil,contra o comunismo.",0,0,0,https://twitter.com/Biakicis/status/1629275274989772800
Carla Silva,@ConservadoraBHZ,https://twitter.com/ConservadoraBHZ/status/1629467842268504064,2023-02-25T13:06:22.000Z,Graças à Deus! Uma notícia boa!,0,0,0,https://twitter.com/Biakicis/status/1629275274989772800
Tulio Moura,@ttlmoura,https://twitter.com/ttlmoura/status/1629437969076559874,2023-02-25T11:07:39.000Z,"Esse é o retrato da câmara. Uns poucos agem. Outros, como a senhora, vivem de política em redes sociais.",0,0,0,https://twitter.com/Biakicis/status/1629275274989772800
rosemary batista,@Rosemar47812991,https://twitter.com/Rosemar47812991/status/1629465651290030083,2023-02-25T12:57:39.000Z,👏👏👏👏👏👏,0,0,0,https://twitter.com/Biakicis/status/1629275274989772800
Giovanny Sa,@GiovannySa4,https://twitter.com/GiovannySa4/status/1629444174033321984,2023-02-25T11:32:19.000Z,Kkkkkk...lá vem o tiro no pé!!,0,0,0,https://twitter.com/Biakicis/status/1629275274989772800
ZELIA APPEL,@appel_zelia,https://twitter.com/appel_zelia/status/1629295979710017537,2023-02-25T01:43:27.000Z,🙌🙌🙌🙌🙌🙌🙌🙌🙌,0,0,0,https://twitter.com/Biakicis/status/1629275274989772800
Italo Portela,@ItaloPortela7,https://twitter.com/ItaloPortela7/status/1629476018212700160,2023-02-25T13:38:51.000Z,Glória a Deus,0,0,0,https://twitter.com/Biakicis/status/1629275274989772800
bonde véio,@bondeveio,https://twitter.com/bondeveio/status/1629444674925518854,2023-02-25T11:34:18.000Z,👏👏,0,0,0,https://twitter.com/Biakicis/status/1629275274989772800
Eti Braga,@brag_eti,https://twitter.com/brag_eti/status/1629531284107153408,2023-02-25T17:18:28.000Z,Espero que os poderosos do STF não impedem isso também.,0,0,0,https://twitter.com/Biakicis/status/1629275274989772800
wilma teixeira,@Williezinha63,https://twitter.com/Williezinha63/status/1629420515923222535,2023-02-25T09:58:18.000Z,"#agoravai parabéns, a verdade em primeiro lugar",0,0,0,https://twitter.com/Biakicis/status/1629275274989772800
Robson_Silva836,@r_silva836,https://twitter.com/r_silva836/status/1629507173339353091,2023-02-25T15:42:39.000Z,Precisa ser investigado mesmo. Primeira coisa é tirar o sigilo das imagens e averiguar tudo oq querem esconder! Porq tem muitos furos e não é muito difícil d seguir os fatos.,0,0,0,https://twitter.com/Biakicis/status/1629275274989772800
Janaina Águia,@aguia_janainaa,https://twitter.com/aguia_janainaa/status/1629643648236154881,2023-02-26T00:44:57.000Z,"Que venha a CPI !!! Luz na escuridão, seja feita Justiça",0,0,0,https://twitter.com/Biakicis/status/1629275274989772800
Sérgio,@sergioarifa,https://twitter.com/sergioarifa/status/1629636301753405444,2023-02-26T00:15:46.000Z,"Querem tumultuar o governo porque confiam demais no Engavetador Geral da República. Se mudarem a PGR, essa CPMI pode acabar mal pra vocês.",0,0,0,https://twitter.com/Biakicis/status/1629275274989772800
Shirley Dantas,@Shirley96430047,https://twitter.com/Shirley96430047/status/1629285260658634752,2023-02-25T01:00:51.000Z,Parabéns a todos vcs parlamentares e também a todos os eleitores que exigiram a CPMI. Que venha a verdade e a justiça.,0,0,0,https://twitter.com/Biakicis/status/1629275274989772800
Eduardo Silveira,@Eldsilveira,https://twitter.com/Eldsilveira/status/1629312467015811072,2023-02-25T02:48:57.000Z,👏👏👏,0,0,0,https://twitter.com/Biakicis/status/1629275274989772800
Nusa velasco,@VanusaRibeiroS5,https://twitter.com/VanusaRibeiroS5/status/1630168515268280321,2023-02-27T11:30:35.000Z,👏👏👏👏,0,0,0,https://twitter.com/Biakicis/status/1629275274989772800
Ademir Almeida,@AdemirA92482251,https://twitter.com/AdemirA92482251/status/1629282146677301248,2023-02-25T00:48:29.000Z,"Será um tiro no pé... Ops sou do desarmamento,mas vou adorar a cara de vcs com o pé sangrando do tiro errado.",0,0,0,https://twitter.com/Biakicis/status/1629275274989772800
RosaRosa1,@Rosa71467421,https://twitter.com/Rosa71467421/status/1629599027065937921,2023-02-25T21:47:39.000Z,Aguardando com ansiedade...,0,0,0,https://twitter.com/Biakicis/status/1629275274989772800
Vanilton Bezerra,@VaniltonBezerr2,https://twitter.com/VaniltonBezerr2/status/1629865300978982916,2023-02-26T15:25:43.000Z,"Como dizia Dr. Ulisses, vc sabe como se inicia uma CPI, mas nunca como termina, pode ser a última pá de cal no mito e seus adoradores.",0,0,0,https://twitter.com/Biakicis/status/1629275274989772800
Jose Rui Rodrigues Jose,@JoseRuiRodrigu1,https://twitter.com/JoseRuiRodrigu1/status/1629562102795890690,2023-02-25T19:20:55.000Z,Parabéns para todos que assinaram,0,0,0,https://twitter.com/Biakicis/status/1629275274989772800
Marinilce,@Marinilce16,https://twitter.com/Marinilce16/status/1629464849657806850,2023-02-25T12:54:28.000Z,👏🏻👏🏻👏🏻👏🏻👏🏻👏🏻👏🏻👏🏻👏🏻🇧🇷,0,0,0,https://twitter.com/Biakicis/status/1629275274989772800
vladimir lacerda,@vladimirlacerd2,https://twitter.com/vladimirlacerd2/status/1629627525470011393,2023-02-25T23:40:53.000Z,Será um belo tiro no pé.,0,0,0,https://twitter.com/Biakicis/status/1629275274989772800
Regina Martins,@ReginaM75905982,https://twitter.com/ReginaM75905982/status/1629459934852050945,2023-02-25T12:34:57.000Z,Parabéns aos deputados esses sim merecem o respeito dos brasileiros por honrarem as calças q usam.,0,0,0,https://twitter.com/Biakicis/status/1629275274989772800
Adelia Castilho,@CastilhoAdelia,https://twitter.com/CastilhoAdelia/status/1629439585028567040,2023-02-25T11:14:05.000Z,"Que a verdade prevalece,que o Brasil possa viver de novo a democracia!!!",0,0,0,https://twitter.com/Biakicis/status/1629275274989772800
Rogerio Porto,@RogerioPorto12,https://twitter.com/RogerioPorto12/status/1629326867747549189,2023-02-25T03:46:11.000Z,Pra cima...sem anistia!,0,0,0,https://twitter.com/Biakicis/status/1629275274989772800
Jucimar Peixoto,@PeixotoJucimar,https://twitter.com/PeixotoJucimar/status/1629569672059158531,2023-02-25T19:51:00.000Z,Que a verdade venha.,0,0,0,https://twitter.com/Biakicis/status/1629275274989772800
Carmelita L Cunha,@CarmelitaLCunha,https://twitter.com/CarmelitaLCunha/status/1630221008291414017,2023-02-27T14:59:11.000Z,👏👏👏,0,0,0,https://twitter.com/Biakicis/status/1629275274989772800
CARLOS ANTONIO BEZERRA MARTINS BEZERRA MARTINS,@CelBMMARTINS,https://twitter.com/CelBMMARTINS/status/1629954810874142726,2023-02-26T21:21:24.000Z,Que a verdade venha à tona e coloque todos na cadeia.,0,0,0,https://twitter.com/Biakicis/status/1629275274989772800
Sérgio,@Srgio21305179,https://twitter.com/Srgio21305179/status/1629584962771988480,2023-02-25T20:51:46.000Z,Cpmi pra descobir o que vocês fizeram né deputada cuidado o feitiço pode virar contra o feiticeiro kkkkk!,0,0,0,https://twitter.com/Biakicis/status/1629275274989772800
Elidio08neto,@elidio08neto,https://twitter.com/elidio08neto/status/1631955617140158466,2023-03-04T09:51:54.000Z,"E É extremadamente necesario éssa cpmi.
Urgente para fazer justiça aos patriotas atingidos nesse golpe petista.",0,0,0,https://twitter.com/Biakicis/status/1629275274989772800
Margareth Siqueira,@MargarethSiqu14,https://twitter.com/MargarethSiqu14/status/1629514496770203650,2023-02-25T16:11:45.000Z,👏👏👏👏👏👏,0,0,0,https://twitter.com/Biakicis/status/1629275274989772800
DitOlimpio,@OlimpioDit,https://twitter.com/OlimpioDit/status/1629340244741955585,2023-02-25T04:39:20.000Z,👍👏🇧🇷,0,0,0,https://twitter.com/Biakicis/status/1629275274989772800
pedro joao pereira,@pedrojpereira06,https://twitter.com/pedrojpereira06/status/1629416173702901760,2023-02-25T09:41:03.000Z,Que a justiça seja feita aos culpados,0,0,0,https://twitter.com/Biakicis/status/1629275274989772800
