nome,usuario,idTweet,dataPublicacao,texto,replies,retweets,likes,tweetPai
Edison,@Edison00404477,https://twitter.com/Edison00404477/status/1629794298362318849,2023-02-26T10:43:35.000Z,"O que mais dói nisto deputado é a oposição ridícula do bolsonarismo, nunca fizeram nada pelo povo e agora só fazem críticas!",0,0,0,https://twitter.com/AlencarBraga13/status/1629451147642798081
Marisa victorio da silva,@victorio_marisa,https://twitter.com/victorio_marisa/status/1629467573824675840,2023-02-25T13:05:18.000Z,"#uniaoereconstrução ⭐ ✊ 🤜🤛                                ✔️Semana um pouco mais curta do que de costume, mas com muito trabalho do presidente @lulaoficial que junto ao seu grande time vai reconstruir esse Brasil! ✊🏾",0,0,0,https://twitter.com/AlencarBraga13/status/1629451147642798081
Virna Elias,@elias_virna,https://twitter.com/elias_virna/status/1629469524201291778,2023-02-25T13:13:03.000Z,😂,0,0,0,https://twitter.com/AlencarBraga13/status/1629451147642798081
Desmentindo os Canhotos,@Cristia85545350,https://twitter.com/Cristia85545350/status/1629674374218276864,2023-02-26T02:47:03.000Z,Impossível não comparar. #voltalogobolsonaro,0,0,0,https://twitter.com/AlencarBraga13/status/1629451147642798081
Oráculo | Maia = Ilusão = Matrix,@Oraculo051,https://twitter.com/Oraculo051/status/1629473566545653760,2023-02-25T13:29:07.000Z,O gov @LulaOficial precisa largar essa bobagem de pacificador da guerra do Putin e melhorar a vida dos brasileiros inclusive dos aposentados q  contribuiram por décadas p/ INSS  essa fábrica de tomar dinheiro do povo. Paguem a Revisão da Vida Toda @alexandre  @CarlosLupiPDT,0,0,0,https://twitter.com/AlencarBraga13/status/1629451147642798081
