nome,usuario,idTweet,dataPublicacao,texto,replies,retweets,likes,tweetPai
Cássio,@Cassio70x7,https://twitter.com/Cassio70x7/status/1629198065608400898,2023-02-24T19:14:22.000Z,"Esse é o assunto mais importante e urgente do Planeta. Parece incrível mas é a realidade. A internet vem sendo usada como meio de ""destruição geral em massa."" Todos os assuntos do Mundo dependem de uma ""Nova Internet"". Primeiro passo,responsabilização das Bigtechs.",0,0,0,https://twitter.com/AlencarBraga13/status/1629196405838594048
Gary Dias,@Garygaribaldi,https://twitter.com/Garygaribaldi/status/1629219404859711489,2023-02-24T20:39:10.000Z,A minha opinião as plataformas deveriam ser multadas pelo conteúdo falso que os usuários colocarem nas redes e elas entrarem com processo contra o usuário que postou o conteúdo só assim vai ter agilidade e controle por parte delas,0,0,0,https://twitter.com/AlencarBraga13/status/1629196405838594048
Marisa victorio da silva,@victorio_marisa,https://twitter.com/victorio_marisa/status/1629204655145091073,2023-02-24T19:40:33.000Z,"#paris 🇧🇷👨🏽‍💻🆘✔️A @biabarbosa2017  trouxe um resumo do que rolou nos últimos dias na sede da UNESCO, em Paris, durante a conferência ""Por uma Internet Confiável"", sobre a importância da regulação das plataformas de redes sociais, o fim do discurso de ódio e as consequências +",0,0,1,https://twitter.com/AlencarBraga13/status/1629196405838594048
Marisa victorio da silva,@victorio_marisa,https://twitter.com/victorio_marisa/status/1629205021035225089,2023-02-24T19:42:00.000Z,"da desinformação na sociedade e na democracia.                             

 Via @diracom_🇧🇷👨🏽‍💻🆘",0,0,1,https://twitter.com/AlencarBraga13/status/1629196405838594048
Adriano Sousa,@AAAdrianoSousa,https://twitter.com/AAAdrianoSousa/status/1629252137367601153,2023-02-24T22:49:14.000Z,....🇧🇷🍞🎪💕❤️,0,0,0,https://twitter.com/AlencarBraga13/status/1629196405838594048
