nome,usuario,idTweet,dataPublicacao,texto,replies,retweets,likes,tweetPai
Eiko,@hemgsp,https://twitter.com/hemgsp/status/1629484972028428289,2023-02-25T14:14:26.000Z,“eventuais erros”””” hummmmm 🤔🤔🤔,0,0,0,https://twitter.com/andrefernm/status/1629483721173745664
Clerto Alves,@portalhistoria,https://twitter.com/portalhistoria/status/1629798178105991168,2023-02-26T10:59:00.000Z,"Talvez seja pq o Lula tem um país pra Governar! O BR passou pela maior destruição da sua história na saúde, educação, cultura, infraestrutura, economia, política externa, políticas sociais... foi pra isso q Lula foi eleito: REconstruir a nação! Dos golpistas, a justiça cuidará!👍",0,0,5,https://twitter.com/andrefernm/status/1629483721173745664
Leandro Tadeu,@leandroufrgs,https://twitter.com/leandroufrgs/status/1629643564673056769,2023-02-26T00:44:37.000Z,Eu quero que tenha CPI. Tem deputado Raspakú que vai ter muito a explicar.,4,1,7,https://twitter.com/andrefernm/status/1629483721173745664
Ingrid Constant Oliveira,@constant_ingrid,https://twitter.com/constant_ingrid/status/1629523834977021956,2023-02-25T16:48:52.000Z,Será que Dilmo achou uma boa ideia colocar infiltrados no ato do dia 8 e/ou deixar os prédios públicos federais desguarnecidos para que houvesse depredação e depois isso servisse de pretexto para perseguição política de manifestantes pacíficos? A CPI vai poder responder.,5,1,14,https://twitter.com/andrefernm/status/1629483721173745664
Clebson Cobain,@CrebsCOBAIN,https://twitter.com/CrebsCOBAIN/status/1629684287296487425,2023-02-26T03:26:26.000Z,"Sai daí raspacool, vcs não vão impedir esse que vai o melhor governo da história.",0,0,1,https://twitter.com/andrefernm/status/1629483721173745664
Gardenia,@Gal70000,https://twitter.com/Gal70000/status/1629516536405716992,2023-02-25T16:19:51.000Z,"Essa é fácil responder.
Quem DEVE, TEME🤷🏼‍♀️Os muitos vídeos expostos pelas pessoas que estavam presentes na manifestação/ invasão, precisam ser catalogados pelos congressistas e usadas como provas.
Câmeras em sigilo, PORQUÊ?
Queremos a VERDADE revelada",1,0,4,https://twitter.com/andrefernm/status/1629483721173745664
Desmentindo os Canhotos,@Cristia85545350,https://twitter.com/Cristia85545350/status/1629484057733001217,2023-02-25T14:10:48.000Z,Eles já estão vindo com mais narrativas….. têm medo do que?!,1,0,3,https://twitter.com/andrefernm/status/1629483721173745664
Van,@VANESSAS2022,https://twitter.com/VANESSAS2022/status/1629486508850683907,2023-02-25T14:20:32.000Z,"Eventuais erros?
Mas quem nem sequer errou está preso pagando por erros de outros. 
JUSTIÇA SEJA FEITA PELOS PATRIOTAS E OUTROS PRESOS INJUSTAMENTE 🇧🇷🇧🇷",1,1,11,https://twitter.com/andrefernm/status/1629483721173745664
W Corretor Vander Voltolini,@W_Corretor_VV,https://twitter.com/W_Corretor_VV/status/1629506307244826624,2023-02-25T15:39:13.000Z,"Errou o caralho, tudo foi realizado de modo premeditado. Só não contavam como iria repercutir, ou seja, a partir da CPMI pode-se considerar que o tiro saiu pela ""culatra"", sim!",0,1,6,https://twitter.com/andrefernm/status/1629483721173745664
Siliany G. Rosa O Poder emana do povo...,@Sygleise,https://twitter.com/Sygleise/status/1629832083601338374,2023-02-26T13:13:44.000Z,Pq foi um crime elaborado pra ele e pelo dinossauro.,0,0,2,https://twitter.com/andrefernm/status/1629483721173745664
Cleber R.,@CWoheriton,https://twitter.com/CWoheriton/status/1629535626377715712,2023-02-25T17:35:43.000Z,"A podridão é tão grande e querem colocar pra baixo do tapete, aí tem pode ter certeza, tem gente podre grande por trás, o Brasil afundando mais rápido que Titanic, os políticos eleitos pela direita precisam juntar forças e reagir. Deus no controle 🙏",0,0,1,https://twitter.com/andrefernm/status/1629483721173745664
Mauro Bueno,@maurobueno65,https://twitter.com/maurobueno65/status/1629613562497728513,2023-02-25T22:45:24.000Z,"Infelizmente o STF não vai permitir e o Congresso vai continuar se mijando de medo, ganindo com o rabinho entre as pernas.",0,0,4,https://twitter.com/andrefernm/status/1629483721173745664
Fabrício Thomaz,@Fabriiciio_MT,https://twitter.com/Fabriiciio_MT/status/1629487909324701704,2023-02-25T14:26:06.000Z,"André, é óbvio que teve facilitação e gente infiltrada no meio desse pessoal. Tem vários vídeos do pessoal sendo revistado antes de ficar perto da grande, e outras imagens de indivíduos com mochilas portando material ilícito. Eles vieram de onde já que houve revista? 🤷‍♂️",0,0,2,https://twitter.com/andrefernm/status/1629483721173745664
DODOBARBOSA22,@DodoBarbosa22,https://twitter.com/DodoBarbosa22/status/1629545897192222725,2023-02-25T18:16:32.000Z,SE FOI ERRO PORQUE OS PATRIOTAS ESTÃO PRESOS .. VAI TER CPMI  SIM DOAR QUEM DOER ..,0,0,5,https://twitter.com/andrefernm/status/1629483721173745664
@medos,@medos,https://twitter.com/estevam_david/status/1629530880849981441,2023-02-25T17:16:51.000Z,"Aguardo o desespero da direita,quando descobrir que quem armou tudo foi eles mesmo kkk...O cara é um gênio falou que não queria a CPMI, a direita foi lá e faz uma KKK,",13,0,17,https://twitter.com/andrefernm/status/1629483721173745664
Companhia dos Livros Conservadores,@Livroscons,https://twitter.com/Livroscons/status/1629534723121860613,2023-02-25T17:32:07.000Z,"Bobagem. Nenhum governo gosta de CPI. Porque atrasa a agenda legislativa. 

O que a CPI do ato golpista de 8 de Janeiro vai investigar é o seguinte: O pessoal de direita foi feito de trouxa ou foi trouxa por conta própria?",0,0,4,https://twitter.com/andrefernm/status/1629483721173745664
Zali Garcez,@zaligarcez,https://twitter.com/zaligarcez/status/1629559220575121409,2023-02-25T19:09:28.000Z,"Inventou até uns exames médicos no Sírio-Libanês para desviar o foco da CPMI. Tudo orquestrado...cirurgia do ""Daniel"". Zé Dirceu, agora esses exames de última hora. Aí tem.",0,0,4,https://twitter.com/andrefernm/status/1629483721173745664
Alexa,@AlexaCord_,https://twitter.com/AlexaCord_/status/1629493707392053254,2023-02-25T14:49:09.000Z,"Porque a PF tá investigando e políticos gostam muito de aparecer? Só querem palanque, isso é caso de polícia, eu também não ia deixar pra fazerem um espetáculo e relativizar o crime",4,0,6,https://twitter.com/andrefernm/status/1629483721173745664
carlos…edu,@Carlose18778230,https://twitter.com/Carlose18778230/status/1629495639280107523,2023-02-25T14:56:49.000Z,Se chapa lula e Alkimin for casado o que acontece ?,4,0,0,https://twitter.com/andrefernm/status/1629483721173745664
evandrosjc,@evandrosjc1,https://twitter.com/evandrosjc1/status/1629516508069076993,2023-02-25T16:19:45.000Z,"Senadores e deputados, lutem pela LIBERDADE desses que são INOCENTES, urgentemente. Parem o Congresso, se necessário.
LIBERDADE urgente para patriotas INOCENTES q têm sofrido crimes tirânicos por parte do Estado Brasileiro.
Eles NÃO podem esperar 1 CPMI.
Essa é a prioridade",0,0,2,https://twitter.com/andrefernm/status/1629483721173745664
Graça Verdini,@mariazinhaip,https://twitter.com/mariazinhaip/status/1629833275274412035,2023-02-26T13:18:28.000Z,"Não se animem tanto com a CPMI, ainda tem a rodada do toma lá dá cá do Desgoverno e do 5TEfe antes da seção.. Dependendo, muitos políticos corruptos caem fora, essa é a realidade do Congresso brasileiro, infelizmente",0,0,0,https://twitter.com/andrefernm/status/1629483721173745664
maria do carmo de souza,@mcrdesouza,https://twitter.com/mcrdesouza/status/1629935463371878400,2023-02-26T20:04:31.000Z,Você acha mesmo que presidente do senado vai instaurar? Ledo engano.,0,0,0,https://twitter.com/andrefernm/status/1629483721173745664
RC,@RC311948,https://twitter.com/RC311948/status/1629796626704351234,2023-02-26T10:52:50.000Z,"Não só o Dino, a notícia que corre é que o GSI informou à muita gente, inclusive ao 🦑, vamos acompanhar de muito perto.🇧🇷",0,0,0,https://twitter.com/andrefernm/status/1629483721173745664
Caetano Júnior,@Caetano1980,https://twitter.com/Caetano1980/status/1629487484202541057,2023-02-25T14:24:25.000Z,"Eventuais erro é um eufemismo muito ""singelo"", como diria o Temer. Foi omissão criminosa porque pactuada com a agência sobre infiltrados para vandalizar! 
A casa vai cair!
Acharam que ferrariam os insatisfeitos com a fraude e perderão o que ganharam fraudando!
Tiro pela culatra!",0,0,1,https://twitter.com/andrefernm/status/1629483721173745664
Capitu⚘,@Alyne_esto,https://twitter.com/Alyne_esto/status/1629486533823668228,2023-02-25T14:20:38.000Z,"Ele tem medo, pq temo dedinho do PT aí.... Foram eles que montaram o show, e saíram quando a fumaça se dissipou....... Só que agora, o povo quer e plicações, a globo não conseguiu convencer a população",6,0,2,https://twitter.com/andrefernm/status/1629483721173745664
Ferreira,@nan281,https://twitter.com/nan281/status/1629883810849468423,2023-02-26T16:39:16.000Z,LULA NAO TEM MEDO PORQUE VCS SÃO MENINOS!!;,0,0,0,https://twitter.com/andrefernm/status/1629483721173745664
Mih,@Mireilepires,https://twitter.com/Mireilepires/status/1629601827716046850,2023-02-25T21:58:46.000Z,"Deputado, fique com a relatório.  Não deixe ""raposas"" cuidar do galinheiro. Temos o exemplo da CPI da covid que, numa manobra ""escancarada"" deixou o consórcio do nordeste impune.",1,0,0,https://twitter.com/andrefernm/status/1629483721173745664
Rosana Santos,@zana210466,https://twitter.com/zana210466/status/1629498501640929280,2023-02-25T15:08:12.000Z,"Esperamos ansiosamente saber a verdade, seja a qual for.
Mas ainda acho que o stf vai dar um jeito interferir, só acho",0,0,6,https://twitter.com/andrefernm/status/1629483721173745664
lutando pelo Brasil,@aliehsfsf,https://twitter.com/aliehsfsf/status/1629491134899552257,2023-02-25T14:38:55.000Z,Será que nessa CPI podem descobrir que ele não ganhou a eleição?  É só uma pergunta...,2,0,0,https://twitter.com/andrefernm/status/1629483721173745664
AFRamos,@FRamos79377947,https://twitter.com/FRamos79377947/status/1629638122953744385,2023-02-26T00:23:00.000Z,Porque o @JuniorManoDep do PL e o @albuquerque_aj do PP que foram eleitos as custas dos cearenses de direita não assinaram a  lista da CPMI do 08/01? @carlosjordy @ciro_nogueira político do @plnacional_ @PartidoProgre10 que não assinar a lista deve ser expulso do partido. Traíra!,0,0,0,https://twitter.com/andrefernm/status/1629483721173745664
Roberto Aparecido Nespolo,@nespolo16,https://twitter.com/nespolo16/status/1629614902808641540,2023-02-25T22:50:44.000Z,"Esse eventual erro encobre a verdade sobre tudo, vamos para cima deles.",0,0,0,https://twitter.com/andrefernm/status/1629483721173745664
Lú Ramos,@LucianaMacedoR1,https://twitter.com/LucianaMacedoR1/status/1629486511597973506,2023-02-25T14:20:33.000Z,"""eventuais erros""
 Oi????",0,0,0,https://twitter.com/andrefernm/status/1629483721173745664
Maria Helena,@DeusLiberdade22,https://twitter.com/DeusLiberdade22/status/1629534845280894976,2023-02-25T17:32:37.000Z,"Aquelas inovações, quebradeiras e prisões, de patriotas inocentes, foram armadas pela quadrilha do crime organizado e narcotráficantes, que estão nos poderes, no ninho das serpentes em Brasília!",1,0,3,https://twitter.com/andrefernm/status/1629483721173745664
🆆🅻🅸🆂🆂🅽 🆂🆁🅴🆂,@Waliss0nSoares,https://twitter.com/Waliss0nSoares/status/1629503744671899652,2023-02-25T15:29:02.000Z,O medo é tanto que já está até no hospital,0,0,0,https://twitter.com/andrefernm/status/1629483721173745664
Sergio Cardoso,@Verdesserg,https://twitter.com/Verdesserg/status/1629485950257569793,2023-02-25T14:18:19.000Z,"Senhor Congressista, se houver a CPMI  com parlamentares dispostos a elucidar e relatar aquilo que restou apurado, certamente outras pautas surgirão. Tem potencial de ir longe abalando interesses, razões pelas quais o sistema tudo fará para que nada dê certo, smj",2,1,8,https://twitter.com/andrefernm/status/1629483721173745664
maria do carmo de souza,@mcrdesouza,https://twitter.com/mcrdesouza/status/1629538881971290114,2023-02-25T17:48:39.000Z,"Isso se os deuses supremos não inventarem um novo malabarismo jurídico tipo:Presidente do senado não instaura e o STF é acionado e viram para vocês e dizem: "" Isso é um assunto do congresso não podemos intervir"". Não duvido de mais nada.",0,0,0,https://twitter.com/andrefernm/status/1629483721173745664
Cristina Bella,@CristinaBella11,https://twitter.com/CristinaBella11/status/1629535590575112197,2023-02-25T17:35:34.000Z,CPI do 8 de janeiro URGENTEMENTE,1,0,0,https://twitter.com/andrefernm/status/1629483721173745664
Wellington Santos,@WellingtonWSW,https://twitter.com/WellingtonWSW/status/1629543073674846211,2023-02-25T18:05:18.000Z,#ForaLulaladrao,0,0,0,https://twitter.com/andrefernm/status/1629483721173745664
Leticia,@esterav45769319,https://twitter.com/esterav45769319/status/1629566729771798529,2023-02-25T19:39:18.000Z,Talvez pq a Historia está se repetindo...,1,3,9,https://twitter.com/andrefernm/status/1629483721173745664
Nádia Baptistella,@NdiaBaptistell3,https://twitter.com/NdiaBaptistell3/status/1629545750907572231,2023-02-25T18:15:57.000Z,Tem medo de dar motivos para um impeachment,0,0,3,https://twitter.com/andrefernm/status/1629483721173745664
José Paulo,@josepaulosantos,https://twitter.com/josepaulosantos/status/1629524535027417092,2023-02-25T16:51:38.000Z,Foi você quem escreveu isso ou alguém invadiu seu Twitter???,1,0,5,https://twitter.com/andrefernm/status/1629483721173745664
Deus tenha piedade do Brasil,@BMenezesSantana,https://twitter.com/BMenezesSantana/status/1629870288149049350,2023-02-26T15:45:32.000Z,Quero ver se o parlamento vai abaixar a cabeça mais uma vez para decisões monocráticas absurdas dos advogados do petê na suprema vergonha.,0,1,2,https://twitter.com/andrefernm/status/1629483721173745664
Luciana Caribé,@Luciana04659004,https://twitter.com/Luciana04659004/status/1629515349849718784,2023-02-25T16:15:08.000Z,"Porque quem está investigando é a polícia e o MP. Sabemos que os bolsonaristas infiltrados do Congresso querem terceirizar a responsabilidade que possuem e tentar passar para o governo eleito. Algo absurdo, mais um ""plano infalível"" bolsonarista.",0,0,2,https://twitter.com/andrefernm/status/1629483721173745664
walterzebinden,@walterzebinden,https://twitter.com/walterzebinden/status/1629557500231012352,2023-02-25T19:02:38.000Z,"Lula tem que explicar na CPMI por que colocou as imagens das câmeras dos predios dos 3 poderes,?em segredo de 100 anos?",0,0,6,https://twitter.com/andrefernm/status/1629483721173745664
Hanna,@Hanna_The4,https://twitter.com/Hanna_The4/status/1629550295935008769,2023-02-25T18:34:00.000Z,"Pior é quem não errou, foi preso e continua preso. #CPMIdo8deJaneiro IMEDIATAMENTE!",0,0,6,https://twitter.com/andrefernm/status/1629483721173745664
Tio do Zap,@ZapTiodo,https://twitter.com/ZapTiodo/status/1629484991301267456,2023-02-25T14:14:30.000Z,"Flávio Dino, um dos piores governadores do Brasil, se provando um dos piores ministros do Governo federal (e olha que a concorrência é pesada).",0,0,12,https://twitter.com/andrefernm/status/1629483721173745664
Vinho & Estripulias,@DanielA48643865,https://twitter.com/DanielA48643865/status/1629494956258742273,2023-02-25T14:54:06.000Z,"Vai ser lindo travar a pauta do congresso logo nos primeiros meses deste desgoverno, evitaremos muitas pautas de costume que viriam minar nossa sociedade 🙏🏻, além de desgastarmos lentamente esse desgoverno trazendo a tona a origem dos infiltrados e participação dos que permitiram",1,0,1,https://twitter.com/andrefernm/status/1629483721173745664
Teixeira Carvalho,@AngelatCarvalho,https://twitter.com/AngelatCarvalho/status/1629579699973128195,2023-02-25T20:30:51.000Z,Preocupo com as armadilhas e armações da esquerda. Que  deus ilumine o caminho dos que vão defender os manifestantes na CPMI 08 janeiro. Obrigada pelo seu trabalho Deputado Andre Fernandes. Jamais esqueceremos.,0,1,5,https://twitter.com/andrefernm/status/1629483721173745664
Criss,@crismeneses,https://twitter.com/crismeneses/status/1629697867106463745,2023-02-26T04:20:24.000Z,Entregue seus celulares e computadores para o @alexandre antes da CPI....kkkkkk,0,0,1,https://twitter.com/andrefernm/status/1629483721173745664
Dra. Pillar Gama,@drapillargama,https://twitter.com/drapillargama/status/1629484219255717889,2023-02-25T14:11:26.000Z,"Temos muito o q investigar, estamos só começando!",0,0,7,https://twitter.com/andrefernm/status/1629483721173745664
Victor Gonçalves,@orealgoncalves,https://twitter.com/orealgoncalves/status/1629485647634345984,2023-02-25T14:17:07.000Z,"Espero que você estejam se concentrando com todas as forças para descobrir realmente tudo e não seja igual a ""CPI da COVID""",0,0,2,https://twitter.com/andrefernm/status/1629483721173745664
luz no fim do túnel,@tunelluzfinal,https://twitter.com/tunelluzfinal/status/1629588171645403138,2023-02-25T21:04:31.000Z,"Não foi um pequeno erro! Foi um crime contra humanidade!
Esse erro jamais sairá sem justiça.
Todos que colocaram os 2 mil presos  nos campos de concentração devem mofar na cadeia para o resto da vida e o estado brasileiro deve indenizar de todas as maneiras as vítimas.",0,1,11,https://twitter.com/andrefernm/status/1629483721173745664
Audrey Kompier,@audrey_kompier,https://twitter.com/audrey_kompier/status/1629803406213758978,2023-02-26T11:19:46.000Z,Vai ter sim! #CPIdodia08,0,0,1,https://twitter.com/andrefernm/status/1629483721173745664
Passos Paulosousa,@PassosPaulosou1,https://twitter.com/PassosPaulosou1/status/1629760128827179009,2023-02-26T08:27:48.000Z,Medo   da   verdade   foram eles que  quebraram tudo.,0,0,1,https://twitter.com/andrefernm/status/1629483721173745664
#LUTAR!!!,@felicidadeEluta,https://twitter.com/felicidadeEluta/status/1629513961283416065,2023-02-25T16:09:37.000Z,"Mãe Diná, é você? Espero que se investigue isso aí, taokei!!!!! @policiafederal @FlavioDino @STF_oficial @camaradeputados",2,0,3,https://twitter.com/andrefernm/status/1629483721173745664
josemara,@josemara,https://twitter.com/josemara/status/1629563307009949698,2023-02-25T19:25:42.000Z,"Acho q quem está com medo é vc, raspa koo.",0,0,8,https://twitter.com/andrefernm/status/1629483721173745664
Lilia,@nutellabra,https://twitter.com/nutellabra/status/1630718788004900866,2023-02-28T23:57:11.000Z,#CPMIdo08deJaneiro J Á,0,0,0,https://twitter.com/andrefernm/status/1629483721173745664
Lucia Scabbia,@scabbia_lucia,https://twitter.com/scabbia_lucia/status/1630211361383890945,2023-02-27T14:20:51.000Z,"Quem não deve não teme!!!
Simples assim! É de interesse geral da Nação a apuração dos fatos!",0,0,0,https://twitter.com/andrefernm/status/1629483721173745664
Mr Bolsonaro,@mr_bolsonaro1,https://twitter.com/mr_bolsonaro1/status/1629936325322326017,2023-02-26T20:07:57.000Z,"Por que tem o dedo do PT nesse ato,se a CPI acontecer a casa dele vai cair#LulaLadraoSeuLugarENaPrisao",0,0,0,https://twitter.com/andrefernm/status/1629483721173745664
Petrarco Rocha,@PetrarcoR,https://twitter.com/PetrarcoR/status/1630192093745299456,2023-02-27T13:04:17.000Z,Porquê o PT é ele estão envolvidos até a alma.,0,0,0,https://twitter.com/andrefernm/status/1629483721173745664
Izabel,@Izabel16230948,https://twitter.com/Izabel16230948/status/1630866312409776128,2023-03-01T09:43:23.000Z,"Aquilo lá foi uma grande armação. Pode até ser que alguns da direita tenham se empolgado e feito alguma bobagem, a armadilha funcionou.
Um absurdo sem precedende o que fizeram com os manifestantes que ficaram meses em frente aos quarteis na completa ordem e paz.",0,0,0,https://twitter.com/andrefernm/status/1629483721173745664
ilda yahoo,@YahooIlda,https://twitter.com/YahooIlda/status/1630197695016062979,2023-02-27T13:26:32.000Z,Nem precisa de CPMI para constatar isso...espero punição exemplar dos que cometeram crimes de prevaricação e omissão,0,0,0,https://twitter.com/andrefernm/status/1629483721173745664
Israel,@Israel50199040,https://twitter.com/Israel50199040/status/1630057210645565444,2023-02-27T04:08:18.000Z,"Pq, não é?",0,0,0,https://twitter.com/andrefernm/status/1629483721173745664
Giovani Dagostim,@GiovaniDagostim,https://twitter.com/GiovaniDagostim/status/1629890375052607490,2023-02-26T17:05:21.000Z,Esses acontecimentos devem ser passados a limpo.,0,0,0,https://twitter.com/andrefernm/status/1629483721173745664
Paulo martins sousa,@Paulomartinsso4,https://twitter.com/Paulomartinsso4/status/1630579301492850689,2023-02-28T14:42:54.000Z,O povo anseia por essa cpmi pra cima e avante,0,0,0,https://twitter.com/andrefernm/status/1629483721173745664
Ana Oliver,@anaoliver_br,https://twitter.com/anaoliver_br/status/1629877976123727880,2023-02-26T16:16:05.000Z,Tem presídio pra essa galera toda do PT?! kkkkkk,0,0,0,https://twitter.com/andrefernm/status/1629483721173745664
erivaldo mcruz,@ErivaldoMcruz,https://twitter.com/ErivaldoMcruz/status/1630222944541581312,2023-02-27T15:06:52.000Z,"O Brasil inteiro, sabe quem são.",0,0,0,https://twitter.com/andrefernm/status/1629483721173745664
Jose Luis Valle,@JoseLui34653601,https://twitter.com/JoseLui34653601/status/1629920811627819011,2023-02-26T19:06:18.000Z,Fora Lula,0,0,0,https://twitter.com/andrefernm/status/1629483721173745664
Anna de Paula Guimaraes,@AnnadePaulaGui1,https://twitter.com/AnnadePaulaGui1/status/1631473266249326594,2023-03-03T01:55:12.000Z,Por quê será???,0,0,0,https://twitter.com/andrefernm/status/1629483721173745664
JaymeRQFilho,@FilhoRq,https://twitter.com/FilhoRq/status/1629879033172295681,2023-02-26T16:20:17.000Z,Quem tem 👌 tem medo.,0,0,0,https://twitter.com/andrefernm/status/1629483721173745664
Debor@z,Debor@z,https://twitter.com/DeboraF91080356/status/1629507683987365890,2023-02-25T15:44:41.000Z,Cade essa mue?????,1,0,0,https://twitter.com/andrefernm/status/1629483721173745664
Raul,@GondimRaul,https://twitter.com/GondimRaul/status/1629519500549685249,2023-02-25T16:31:38.000Z,Quem tem limite é município. Fernandes ignora todos os limites:,0,0,4,https://twitter.com/andrefernm/status/1629483721173745664
Tia do zap,@adri_cnd,https://twitter.com/adri_cnd/status/1629512588949176321,2023-02-25T16:04:10.000Z,O ditado que sempre ouvi da minha mãe é quem não deve não teme,0,0,1,https://twitter.com/andrefernm/status/1629483721173745664
Cris V. Quiroz,@MaraCristianaV2,https://twitter.com/MaraCristianaV2/status/1630746832211943424,2023-03-01T01:48:37.000Z,Alguem dessa porta dos atos golpistas do dia 08 @STF_oficial  @alexandre,0,0,0,https://twitter.com/andrefernm/status/1629483721173745664
alex.yoko,@alexyoko6,https://twitter.com/alexyoko6/status/1629519566106935299,2023-02-25T16:31:54.000Z,Se jura e mais fácil ter o di 31 de fevereiro do que o desgoverno não vai tentar comprar parlamentares para retirar assinaturas,0,0,0,https://twitter.com/andrefernm/status/1629483721173745664
Olindina Araujo,@OlindinaAraujo2,https://twitter.com/OlindinaAraujo2/status/1629626503217532928,2023-02-25T23:36:50.000Z,Queremos a CPMI,0,0,0,https://twitter.com/andrefernm/status/1629483721173745664
Rodrigo,@rogentil80,https://twitter.com/rogentil80/status/1629634888679804929,2023-02-26T00:10:09.000Z,"Todo mundo sabe que foi armado..
Isso só mostra que as manifestações estavam incomodando demais esses bandidos..",0,0,0,https://twitter.com/andrefernm/status/1629483721173745664
Thiago Encantado,@Thiagoencantado,https://twitter.com/Thiagoencantado/status/1629609359167705088,2023-02-25T22:28:42.000Z,"Deputado @andrefernm , você fez um excelente trabalho, mas Jajá o Randolfe entrará com um recurso para o cancelamento dessa CPMI e adivinha o que acontecerá? Já sabe ou quer que eu responda?",0,0,0,https://twitter.com/andrefernm/status/1629483721173745664
Eduardo,@eduardocunhajr,https://twitter.com/eduardocunhajr/status/1629835906466078720,2023-02-26T13:28:55.000Z,😂🤣😂🤣😂🤣😂🤣,0,0,0,https://twitter.com/andrefernm/status/1629483721173745664
Luiza,@Luiza22Brasil,https://twitter.com/Luiza22Brasil/status/1629817191309647874,2023-02-26T12:14:33.000Z,URGENTEEEE!!!!! 🔥🔥🔥🔥Olhem aqui o Dilmo falando que quem não quer CPI tem rabo preso . 👇👇,0,0,0,https://twitter.com/andrefernm/status/1629483721173745664
Sandro,@Sandro43354227,https://twitter.com/Sandro43354227/status/1629691648740413440,2023-02-26T03:55:41.000Z,"Os acusadores não querem a CPI, aqueles que são acusados de serem terroristas querem a CPI. Os acusadores são os verdadeiros Bandido$.",0,0,0,https://twitter.com/andrefernm/status/1629483721173745664
Paulo Fernando Zago,@pfzago,https://twitter.com/pfzago/status/1629518535700430853,2023-02-25T16:27:48.000Z,"“Eventuais erros”! Se o presidente fosse outro, seria “crimes comprovados”!",0,0,0,https://twitter.com/andrefernm/status/1629483721173745664
Lu,@LuizaOttoniMD,https://twitter.com/LuizaOttoniMD/status/1629653074573664256,2023-02-26T01:22:25.000Z,"Estamos confiantes que não será um teatro e que náo acabará em pizza!  
Queremos a verdade! 

E sobre a fr4ude das eleic0es? 
Quando será essa pauta?",0,0,0,https://twitter.com/andrefernm/status/1629483721173745664
Umberto,@uppjoi,https://twitter.com/uppjoi/status/1629543935524716544,2023-02-25T18:08:44.000Z,#vaitercpi8janeirosim,0,0,0,https://twitter.com/andrefernm/status/1629483721173745664
José,@Roch36924359,https://twitter.com/Roch36924359/status/1629705059754713091,2023-02-26T04:48:59.000Z,O nine quer culpar o ministro e tirar o dele da reta!,0,0,0,https://twitter.com/andrefernm/status/1629483721173745664
Dean Feitoza Feitoza,@DeanFeitoza,https://twitter.com/DeanFeitoza/status/1629658174947991552,2023-02-26T01:42:41.000Z,"Rarararara tem que investigar simmmm, quem não deve não teme, Mais como esse governo, deve muito, melhor ficar com muito medo kkkkk",0,0,0,https://twitter.com/andrefernm/status/1629483721173745664
Politica Aleatória,@pltcaltr,https://twitter.com/pltcaltr/status/1629839202455109632,2023-02-26T13:42:01.000Z,Minhas esperanças sobre o Brasil estão ressurgindo!,0,0,0,https://twitter.com/andrefernm/status/1629483721173745664
Marcio Ramaldes,@marcioramaldes,https://twitter.com/marcioramaldes/status/1629681500160442368,2023-02-26T03:15:22.000Z,Só a CPI freia o avanço da ditadura,0,0,0,https://twitter.com/andrefernm/status/1629483721173745664
SANDRA MARA De Souza,@SANDRAM84040664,https://twitter.com/SANDRAM84040664/status/1629693103425695745,2023-02-26T04:01:28.000Z,"Miseráveis, devem até o pescoço",0,0,0,https://twitter.com/andrefernm/status/1629483721173745664
erivaldo mcruz,@ErivaldoMcruz,https://twitter.com/ErivaldoMcruz/status/1629586035368656899,2023-02-25T20:56:01.000Z,"A armação que fizeram, será desmascarada.",0,0,0,https://twitter.com/andrefernm/status/1629483721173745664
mari.mscardoso,@MariMscardoso,https://twitter.com/MariMscardoso/status/1629787597227655169,2023-02-26T10:16:57.000Z,Vai pra cima deputado!!!,0,0,0,https://twitter.com/andrefernm/status/1629483721173745664
Adriana carvalho,@Adriana73036466,https://twitter.com/Adriana73036466/status/1629582095109574656,2023-02-25T20:40:22.000Z,Espero que vc seja o relator,0,0,0,https://twitter.com/andrefernm/status/1629483721173745664
João Paulo Gadelha,@JooPauloGadelh9,https://twitter.com/JooPauloGadelh9/status/1629694136298225665,2023-02-26T04:05:35.000Z,Vai trabalhar!,0,0,0,https://twitter.com/andrefernm/status/1629483721173745664
Jamerson Jones,@jamerson_jones1,https://twitter.com/jamerson_jones1/status/1629842133552177153,2023-02-26T13:53:40.000Z,Oque tem.culpa né..,0,0,0,https://twitter.com/andrefernm/status/1629483721173745664
Carlos César,@Carlosqlz27,https://twitter.com/Carlosqlz27/status/1629821585153576960,2023-02-26T12:32:01.000Z,"Agora eles acham q é palanque,kkkkkkk,que governo medíocre,kkkkkk",0,0,0,https://twitter.com/andrefernm/status/1629483721173745664
Juliana Inacio,@Juliana29069629,https://twitter.com/Juliana29069629/status/1629491886699212803,2023-02-25T14:41:54.000Z,Pra cima deles deputado 🇧🇷Parabéns pela sua coragem de lutar pela verdade e transparência.,0,0,0,https://twitter.com/andrefernm/status/1629483721173745664
anderson,@anderso35746555,https://twitter.com/anderso35746555/status/1629618020774559751,2023-02-25T23:03:07.000Z,TINHA GENTE DELES LÁ DENTRO DESTRUINDO ANTES DO PIVO INVADIR,0,0,0,https://twitter.com/andrefernm/status/1629483721173745664
VILMA GONÇALVES FERREIRA,@VILMAGONALVESF3,https://twitter.com/VILMAGONALVESF3/status/1629854754250670081,2023-02-26T14:43:49.000Z,Tem q jogar tdo no ventilador mesmo desmascarar este desgoverno,0,0,0,https://twitter.com/andrefernm/status/1629483721173745664
Fabiano,@fabianolpb,https://twitter.com/fabianolpb/status/1629675064659521537,2023-02-26T02:49:47.000Z,"Se eles tem mero ou estão incomodados, estamos no caminho certo!!!",0,0,0,https://twitter.com/andrefernm/status/1629483721173745664
Felipe Lopes,@felipeflopes01,https://twitter.com/felipeflopes01/status/1629621518895403013,2023-02-25T23:17:01.000Z,"Realmente uma vitória, porém basta uma canetada e o STF barra a CPMI",0,0,0,https://twitter.com/andrefernm/status/1629483721173745664
F vieira,@Fvieira34499509,https://twitter.com/Fvieira34499509/status/1629632218141163520,2023-02-25T23:59:32.000Z,Pq ele tá envolvido,0,0,0,https://twitter.com/andrefernm/status/1629483721173745664
Marta,@MartaAlvesOliv1,https://twitter.com/MartaAlvesOliv1/status/1629596331583971328,2023-02-25T21:36:56.000Z,E foram erros propositais?,0,0,0,https://twitter.com/andrefernm/status/1629483721173745664
solange,@solangerigotti,https://twitter.com/solangerigotti/status/1629847034021781507,2023-02-26T14:13:08.000Z,A oposição tem que ser firme. Contamos com isso.,0,0,0,https://twitter.com/andrefernm/status/1629483721173745664
Almeida,@Almeda528826221,https://twitter.com/Almeda528826221/status/1629604327693201408,2023-02-25T22:08:42.000Z,Aí tem.,0,0,0,https://twitter.com/andrefernm/status/1629483721173745664
Jose Mauro,@Maurinho1943,https://twitter.com/Maurinho1943/status/1629640940326461443,2023-02-26T00:34:12.000Z,A. Verdade prevalecerá,0,0,0,https://twitter.com/andrefernm/status/1629483721173745664
Jose Mauro,@Maurinho1943,https://twitter.com/Maurinho1943/status/1629641610685300737,2023-02-26T00:36:51.000Z,A verdade  prevalecerá,0,0,0,https://twitter.com/andrefernm/status/1629483721173745664
Magadu carvalho.,@Magaduzao35Da,https://twitter.com/Magaduzao35Da/status/1629534980954025984,2023-02-25T17:33:09.000Z,"Então a verdade não tem que prevalecer, pura inversão de valores!!!!",0,0,0,https://twitter.com/andrefernm/status/1629483721173745664
Gisele di Maria,@GiselediMaria,https://twitter.com/GiselediMaria/status/1629521501048172545,2023-02-25T16:39:35.000Z,"Pelos que estão presos sem direito a nenhum tipo de visita, doentes como o cacique mesmo que pode morrer por conta de sua diabetes, façam valer por favor.",0,0,0,https://twitter.com/andrefernm/status/1629483721173745664
Emília Brasil,@emiliabolsonaro,https://twitter.com/emiliabolsonaro/status/1629588586608599043,2023-02-25T21:06:09.000Z,E agora? Quando começa???,0,0,0,https://twitter.com/andrefernm/status/1629483721173745664
Evaniel,@Evaniel78950930,https://twitter.com/Evaniel78950930/status/1629490342469808128,2023-02-25T14:35:46.000Z,Vamos derrubar esse desgoverno dentro das quatro linhas da contituição.,0,0,0,https://twitter.com/andrefernm/status/1629483721173745664
Paulo Magalhães,@PauloMa92456603,https://twitter.com/PauloMa92456603/status/1629682550426697732,2023-02-26T03:19:32.000Z,"CPMI já, queremos saber a verdade e os verdadeiros culpados punidos",0,0,0,https://twitter.com/andrefernm/status/1629483721173745664
