nome,usuario,idTweet,dataPublicacao,texto,replies,retweets,likes,tweetPai
Carla abreu #foracamposneto,@aaaa10149982,https://twitter.com/aaaa10149982/status/1629152003870932996,2023-02-24T16:11:20.000Z,"Absurdo ,mas isso eles não querem colocar no teto",0,0,0,https://twitter.com/AlencarBraga13/status/1629149590799765505
Paulo Belotti,@paulobelotti81,https://twitter.com/paulobelotti81/status/1632212339767246848,2023-03-05T02:52:01.000Z,? Me explique usando o Lula 1. Confuso...,0,0,0,https://twitter.com/AlencarBraga13/status/1629149590799765505
Darwin Pires Ribeiro,@DarwinPiresRib1,https://twitter.com/DarwinPiresRib1/status/1629584025202434050,2023-02-25T20:48:02.000Z,"Ok,mas qual a alternativa que o BC deveria seguir para conter a inflação e a dívida pública ?",0,0,0,https://twitter.com/AlencarBraga13/status/1629149590799765505
Lauder,@PasettiGelson,https://twitter.com/PasettiGelson/status/1629576186123649024,2023-02-25T20:16:53.000Z,@BaixadorDeVideo,1,0,0,https://twitter.com/AlencarBraga13/status/1629149590799765505
Lucinha Monteiro,@lucinha_ce,https://twitter.com/lucinha_ce/status/1629303310833397761,2023-02-25T02:12:34.000Z,"engraçado, é q nunca vi o André na @CNNBrasil  n @GloboNews  nas demais! 

só chama passador de pano pro mercado",0,0,0,https://twitter.com/AlencarBraga13/status/1629149590799765505
Daniel Mendonca,@DanielMendonnca,https://twitter.com/DanielMendonnca/status/1630732691527147520,2023-03-01T00:52:25.000Z,🤡,0,0,0,https://twitter.com/AlencarBraga13/status/1629149590799765505
Veridiana Jose Augusto Rezende,@VeridianaJose,https://twitter.com/VeridianaJose/status/1629196505629310978,2023-02-24T19:08:10.000Z,O André é tão phoda que quase me faz gostar de Economia 🤓,0,0,0,https://twitter.com/AlencarBraga13/status/1629149590799765505
Marisa victorio da silva,@victorio_marisa,https://twitter.com/victorio_marisa/status/1629167476872183809,2023-02-24T17:12:49.000Z,✔️O professor @andreroncaglia explica de forma bem didática a armadilha de termos um Banco Central refém do mercado financeiro e inimigo do setor produtivo e da classe trabalhadora. É contra isso que lutamos.O BC é tão independente quanto o @10neto é palmeirense😲 e o +,0,0,0,https://twitter.com/AlencarBraga13/status/1629149590799765505
Marisa victorio da silva,@victorio_marisa,https://twitter.com/victorio_marisa/status/1629167769424896001,2023-02-24T17:13:59.000Z,@Juninhope08 é flamenguista...👏🏽,0,0,0,https://twitter.com/AlencarBraga13/status/1629149590799765505
Luiz Silva é LULA!,@Luiz_daSilva13,https://twitter.com/Luiz_daSilva13/status/1629504273024270337,2023-02-25T15:31:08.000Z,#ForaCamposNeto bolsonarento.,0,0,0,https://twitter.com/AlencarBraga13/status/1629149590799765505
