nome,usuario,idTweet,dataPublicacao,texto,replies,retweets,likes,tweetPai
Maricelia Ivo,@MariceliaIvo1,https://twitter.com/MariceliaIvo1/status/1629251788623736834,2023-02-24T22:47:51.000Z,LLLLLLLLL,0,0,0,https://twitter.com/AlencarBraga13/status/1629239362079670273
Olavo Jose Perondi,@ligus20,https://twitter.com/ligus20/status/1629289029937123329,2023-02-25T01:15:50.000Z,Acho bom,0,0,0,https://twitter.com/AlencarBraga13/status/1629239362079670273
Marisa victorio da silva,@victorio_marisa,https://twitter.com/victorio_marisa/status/1629246938523607040,2023-02-24T22:28:34.000Z,"#fazoL coloque na jarra - depois no copo - tomar - pronto! Feliz de novo 😀 
A verdade é que a maioria dos brasileiros escolheu fazer o L! Então, viva a democracia.
Sextou!😎",0,0,0,https://twitter.com/AlencarBraga13/status/1629239362079670273
jose nery,@josenery53,https://twitter.com/josenery53/status/1629987351404457985,2023-02-26T23:30:42.000Z,#FazoL,0,0,0,https://twitter.com/AlencarBraga13/status/1629239362079670273
Janaína Santos,@JanaSantosjaism,https://twitter.com/JanaSantosjaism/status/1629257990686613506,2023-02-24T23:12:29.000Z,"Presidente @lulaoficial é um gênio político mas também um ser humano decente, ético e honesto! #LulaDoBrasilEDoMundo #Lula #lulapelaeducação #presidentelula #vamosreconstruirobrasilcomlulapresidente13❤️💚💛🇧🇷🇧🇷🇧🇷🇧🇷🇧🇷🇧🇷🇧🇷🇧🇷 #UniaoeReconstrução #anistianão #LulaUmBrasilParaTodos",0,0,0,https://twitter.com/AlencarBraga13/status/1629239362079670273
