nome,usuario,idTweet,dataPublicacao,texto,replies,retweets,likes,tweetPai
eliascosta929@gmail.com,eliascosta929@gmail.com,https://twitter.com/eliascosta929/status/1629837325155876865,2023-02-26T13:34:33.000Z,"Parabéns Padilha pelo trabalho ,  muito importante o governo federal ouvir a demanda dos municípios .",0,0,0,https://twitter.com/padilhando/status/1629579487229739016
da luta não me retiro,@365novosdias,https://twitter.com/365novosdias/status/1629579958468202496,2023-02-25T20:31:52.000Z,Obrigada pela visita importante à nossa cidade!,0,0,0,https://twitter.com/padilhando/status/1629579487229739016
Marcos #vamosjuntospelobrasil,@MaxxterraMaxx,https://twitter.com/MaxxterraMaxx/status/1629590792258854914,2023-02-25T21:14:55.000Z,"CONVIDO TODA A MILITÂNCIA, AGREGADOS E SIMPATIZANTES, PARA ASSINAR O ABAIXO-ASSINADO. VAMOS AJUDAR O LULA A GOVERNAR.
Contra o projeto que confere a Autonomia ao Banco central - Assine a petição! http://chng.it/s9nL8sjbTF via @change_br",0,0,0,https://twitter.com/padilhando/status/1629579487229739016
