nome,usuario,idTweet,dataPublicacao,texto,replies,retweets,likes,tweetPai
adailton.advog,@dr_adailton,https://twitter.com/dr_adailton/status/1629459227025580032,2023-02-25T12:32:08.000Z,"A Enfermagem Brasileira pede que seja agilizada a Medida Provisória.
A luta é por valorização justa e necessária, evitando Greve Nacional da categoria por prazo indeterminado.",0,0,0,https://twitter.com/padilhando/status/1629204123143864325
Filippi,@filippioficial,https://twitter.com/filippioficial/status/1629205288820568064,2023-02-24T19:43:04.000Z,"Obrigado, meu grande amigo. Um abraço!",0,0,2,https://twitter.com/padilhando/status/1629204123143864325
Luuh Soares,@LuuhSoares1313,https://twitter.com/LuuhSoares1313/status/1629236507570577412,2023-02-24T21:47:07.000Z,@padilhando,0,0,0,https://twitter.com/padilhando/status/1629204123143864325
