nome,usuario,idTweet,dataPublicacao,texto,replies,retweets,likes,tweetPai
Brasil,@garrafa1964,https://twitter.com/garrafa1964/status/1630605623686463488,2023-02-28T16:27:30.000Z,💩💩💩💩💩💩💩💩💩💩💩,0,0,0,https://twitter.com/AlencarBraga13/status/1630292267847020554
Marisa victorio da silva,@victorio_marisa,https://twitter.com/victorio_marisa/status/1630303644271738885,2023-02-27T20:27:33.000Z,vacina é para todos💉 -  Vacina é vida! vacinação Movimento Nacional pela Vacinação💉 😀😍       ✔️Dia histórico. Exemplo inspirador. O presidente @lulaoficial vacinado pelo vice-presidente @geraldoalckmin_ na largada do  Movimento Nacional pela Vacinação! +,0,0,0,https://twitter.com/AlencarBraga13/status/1630292267847020554
Marisa victorio da silva,@victorio_marisa,https://twitter.com/victorio_marisa/status/1630303806905806852,2023-02-27T20:28:11.000Z,E com o Zé Gotinha do lado!💉😀😍 Bora!,0,0,0,https://twitter.com/AlencarBraga13/status/1630292267847020554
Westbird25,@westbird25,https://twitter.com/westbird25/status/1630506265381052418,2023-02-28T09:52:41.000Z,Teatro de dois lixos corruptos,0,0,0,https://twitter.com/AlencarBraga13/status/1630292267847020554
Guga Davila,@Osvaldogdavila,https://twitter.com/Osvaldogdavila/status/1630636602006589440,2023-02-28T18:30:36.000Z,Tinha alguma coisa na seringa?,0,0,0,https://twitter.com/AlencarBraga13/status/1630292267847020554
Janaína Santos,@JanaSantosjaism,https://twitter.com/JanaSantosjaism/status/1630348863079866368,2023-02-27T23:27:14.000Z,"Que orgulho! Presidente @lulaoficial e @geraldoalckmin_ fazendo o que deve ser feito: cuidando do Brasil com seriedade, transparência e respeito! #FazoL #LulaDoBrasilEDoMundo #Lula #lulapresidente #presidentelula #UniaoeReconstrução",0,0,0,https://twitter.com/AlencarBraga13/status/1630292267847020554
