nome,usuario,idTweet,dataPublicacao,texto,replies,retweets,likes
Alex Manente,@AlexManente23,https://twitter.com/AlexManente23/status/1630199816566218752,2023-02-27T13:34:58.000Z,Dia importante: Começa hoje a aplicação das vacinas bivalentes! Elas são capazes de imunizar contra mais de uma variação do vírus da Covid. Se informem sobre quem está apto a tomar e não deixem de se vacinar! Vacina salva vidas! 💉,8,6,25
Alex Manente,@AlexManente23,https://twitter.com/AlexManente23/status/1629524305464705026,2023-02-25T16:50:44.000Z,"🚨 Mais dois falsos profissionais da saúde são presos por abuso sexual em procedimentos

É urgente aprovar nosso projeto para que mulheres tenham acompanhantes em procedimentos",1,1,13
Alex Manente,@AlexManente23,https://twitter.com/AlexManente23/status/1629125642150203393,2023-02-24T14:26:35.000Z,"Reforcei minha posição sobre a tragédia para o jornal Diário do Grande ABC: estamos em um momento de solidariedade, respostas rápidas e de juntarmos forças. Não vamos apontar o dedo. Cada ajuda conta e cada vida importa! Confiram a matéria na íntegra 👉",12,2,8
Alex Manente,@AlexManente23,https://twitter.com/AlexManente23/status/1627642653457219584,2023-02-20T12:13:43.000Z,"Minha solidariedade às famílias dos mortos e aos desabrigados por conta da chuva no litoral norte de SP

Parabéns ao governador Tarcísio por ir rapidamente ao local e por aqui vamos buscar a união de todas as autoridades para que o devido amparo seja garantido",8,0,11
Alex Manente,@AlexManente23,https://twitter.com/AlexManente23/status/1627326105295237120,2023-02-19T15:15:52.000Z,"Dani Calabresa e Pericles assaltados, assaltante gravando live roubando a mão armada...

Tudo nos últimos dias. É urgente melhorarmos a segurança no Brasil, ainda mais em época de carnaval, que sabemos que também é perigosa",22,3,45
Alex Manente,@AlexManente23,https://twitter.com/AlexManente23/status/1626246923333107713,2023-02-16T15:47:35.000Z,"Parabéns a todos os repórteres do Brasil, que com compromisso e ética não só compartilham a notícia, mas também constroem a história!

Grandes profissionais, nossa melhor arma contra a desinformação e a fakenews#DiaDoReporter",4,0,7
Alex Manente,@AlexManente23,https://twitter.com/AlexManente23/status/1623729826136825856,2023-02-09T17:05:32.000Z,"Diante do estado crítico vivido pelos Yanomamis, o governo de SP beneficiará comunidades indigenas por serviços prestados para a preservação da área. O programa prevê aporte R$600 mil e ajudará 134 famílias. Vamos levar esse exemplo para todo o Brasil!https://exame.com/brasil/governo-de-sp-preve-remunerar-indigenas-que-protegerem-a-biodiversidade/…",2,0,2
Alex Manente,@AlexManente23,https://twitter.com/AlexManente23/status/1623311449270497280,2023-02-08T13:23:03.000Z,"Acompanhando daqui notícias sobre os terremotos que assolaram a Turquia e a Síria, mais de 11 mil vítimas confirmadas, toda a força e orações para esses povos que já vem de um histórico de tanto sofrimento e guerras.",2,4,14
Alex Manente,@AlexManente23,https://twitter.com/AlexManente23/status/1622654587386601474,2023-02-06T17:52:55.000Z,"Ainda incrédulo com o caso da estudante que foi assassinada e estuprada antes e após a sua morte. Um crime bárbaro! E o criminoso, orientador da aluna, tem que receber a punição necessária: FEMINICÍDIO É CRIME HEDIONDO.",3,1,12
Alex Manente,@AlexManente23,https://twitter.com/AlexManente23/status/1622614208037765121,2023-02-06T15:12:28.000Z,"Toda a minha solidariedade as mais de 2000 vítimas do terremoto da Turquia, seus familiares e todos que perderam seus patrimônios, estamos acompanhando daqui com toda a preocupação.",1,1,15
Alex Manente,@AlexManente23,https://twitter.com/AlexManente23/status/1620583931593773056,2023-02-01T00:44:52.000Z,"Agradeço os deputados @eusouamom, @ArnaldoJardim e as deputadas @anyortiz e @carmen_zanotto pela confiança ao me reconduzirem para liderar a bancada do @cidadaniasp23 na Câmara dos Deputados",8,1,18
