nome,usuario,idTweet,dataPublicacao,texto,replies,retweets,likes
Deputado Antônio Andrade,@AntonioAndradeT,https://twitter.com/AntonioAndradeT/status/1630233619531968513,2023-02-27T15:49:17.000Z,"Que a nossa semana seja leve, alegre e muito produtiva. Um abraço do seu deputado federal, Antônio Andrade.",0,0,2
Deputado Antônio Andrade,@AntonioAndradeT,https://twitter.com/AntonioAndradeT/status/1623402615424835584,2023-02-08T19:25:19.000Z,"Hoje, tive enorme satisfação de receber uma comitiva da minha querida Porto Nacional! Os detalhes você pode ver na matéria abaixo:@Gazetadocerrado",1,1,4
Deputado Antônio Andrade,@AntonioAndradeT,https://twitter.com/AntonioAndradeT/status/1621151804867346436,2023-02-02T14:21:24.000Z,"A manhã do Brasil está mais triste com a partida da grande Glória Maria, referência do jornalismo nacional, ícone de uma geração e responsável por abrir às portas da profissão para muitas que vieram depois

Toda força à família e aos amigos!#gloriamaria #GLORIA",0,1,3
