nome,usuario,idTweet,dataPublicacao,texto,replies,retweets,likes
Isnaldo Bulhões Jr,@bulhoesjr,https://twitter.com/bulhoesjr/status/1630283931948859392,2023-02-27T19:09:13.000Z,"O exemplo vem de cima! Hoje o se inicia a campanha nacional de vacinação, e o presidente @LulaOficial abriu os trabalhos sendo o primeiro a ser vacinado, e pelo vice @geraldoalckmin que também é médico. Nosso país estava precisando disso! Mais ciência e menos negacionismo.",9,1,7
Isnaldo Bulhões Jr,@bulhoesjr,https://twitter.com/bulhoesjr/status/1628558968292364288,2023-02-23T00:54:49.000Z,Quarta-feira de cinzas e mais uma quaresma se inicia. Momento de reflexão e renovação de nossa fé com o sagrado. Que esse período nos faça cada vez mais humildes e generosos com o próximo e possamos encontrar a paz que tanto buscamos no amor em Cristo!,2,0,3
Isnaldo Bulhões Jr,@bulhoesjr,https://twitter.com/bulhoesjr/status/1624799507278880768,2023-02-12T15:56:04.000Z,"Essa semana foram divulgadas as notas do Enem e seis das oito notas mil foram de estudantes do nordeste. Isso demonstra que apesar de toda dificuldade e preconceito, o aluno dessa região não deixa a desejar em nada para qualquer outro do país. Tem que respeitar!",3,0,8
Isnaldo Bulhões Jr,@bulhoesjr,https://twitter.com/bulhoesjr/status/1624447376227196930,2023-02-11T16:36:49.000Z,"Patrimônio imaterial da cultura alagoana, o Pinto da Madrugada ganha as ruas de Maceió no dia de hoje! Com muita paz e sabedoria desejo que cada folião se divirta com responsabilidade. Festas como essa, além da alegria, trazem emprego e renda, movimentando a economia local.",2,0,1
