nome,usuario,idTweet,dataPublicacao,texto,replies,retweets,likes
Zarattini,@CarlosZarattini,https://twitter.com/CarlosZarattini/status/1630312279978786817,2023-02-27T21:01:51.000Z,O governo buscou a melhor solução para a questão dos combustíveis. Não podia manter a política irresponsável de Bolsonaro e aproveitou a queda dos preços internacionais para tributar menos os renováveis e mais os poluentes.,4,17,76
Zarattini,@CarlosZarattini,https://twitter.com/CarlosZarattini/status/1630311147797659653,2023-02-27T20:57:22.000Z,Essas vovós e essas famílias são de que tipo? Golpistas e arruaceiros! Gente “boa” como os atiradores do CAC de Sinop? O Brasil não merece isso!,10,14,49
Zarattini,@CarlosZarattini,https://twitter.com/CarlosZarattini/status/1629986871961874433,2023-02-26T23:28:48.000Z,"No litoral de São Paulo também pude ver que a @marmilbr  enviou para a região o Navio-Aeródromo com a maior embarcação da Força, em apoio às ações da Defesa Civil no socorro às vítimas das fortes chuvas.",1,6,57
Zarattini,@CarlosZarattini,https://twitter.com/CarlosZarattini/status/1629986399473614849,2023-02-26T23:26:55.000Z,Ontem visitei a região de São Sebastião ao lado do dep. estadual @Donato_PT  e do @FernandoPuga13 . Vimos de perto toda a tragédia vivida pelos moradores. Ajudamos com doação de alimentos e itens básicos para as vítimas e me coloquei à disposição para colaborar com os moradores.,2,11,77
Zarattini,@CarlosZarattini,https://twitter.com/CarlosZarattini/status/1629966105316917248,2023-02-26T22:06:17.000Z,Ninguém mora em área de risco porque quer. Todas as pessoas merecem um local digno para morar. Não vamos medir esforços para fortalecer os programas habitacionais do governo federal para que as pessoas atingidas pelas enchentes tenham um lugar seguro para morar com suas famílias,3,18,138
Zarattini,@CarlosZarattini,https://twitter.com/CarlosZarattini/status/1629965923518906369,2023-02-26T22:05:34.000Z,"Finalmente o Brasil volta a ter um presidente que é reconhecido por sua liderança, firmeza e vontade de mudar o Brasil.",20,47,361
Zarattini,@CarlosZarattini,https://twitter.com/CarlosZarattini/status/1629637084993470466,2023-02-26T00:18:52.000Z,"Acabei de chegar de São Sebastião, litoral norte. Situação muito triste pelas mortes, pelos feridos, pela destruição. Mas vamos trabalhar pra recuperar essa situação. @LulaOficial uniu os três níveis de governo pra que as coisas andem rápido!",1,17,116
Zarattini,@CarlosZarattini,https://twitter.com/CarlosZarattini/status/1629573296072060928,2023-02-25T20:05:24.000Z,Militares têm que ficar fora da política! O Brasil é um país democrático e as Forças Armadas NÃO têm a função de mediar conflitos entre os poderes constitucionais ou de dar a última palavra sobre o significado do texto constitucional.,14,61,320
Zarattini,@CarlosZarattini,https://twitter.com/CarlosZarattini/status/1629573238136209410,2023-02-25T20:05:10.000Z,"Em sua maioria, o povo brasileiro repudia a participação das Forças Armadas no processo político porque o povo quer democracia. Quer o poder do voto e não o poder das armas. E, por isso que eu sou autor dessa PEC que vai delimitar melhor o papel das FAs no Brasil.",5,28,167
Zarattini,@CarlosZarattini,https://twitter.com/CarlosZarattini/status/1629573103998185473,2023-02-25T20:04:38.000Z,"Junto com o presidente Lula, nós vamos trabalhar para reconstruir o Brasil. Investimento em educação, emprego e renda, infraestrutura, saúde! Nós do PT, não paramos de pensar um dia sequer em ações para melhorar a vida do povo.",1,9,72
Zarattini,@CarlosZarattini,https://twitter.com/CarlosZarattini/status/1629572948750135297,2023-02-25T20:04:01.000Z,Essas foram as ações realizadas por um governo que verdadeiramente se preocupa com o povo brasileiro,2,7,28
Zarattini,@CarlosZarattini,https://twitter.com/CarlosZarattini/status/1629304539751825409,2023-02-25T02:17:27.000Z,"Os bilionários, os rentistas e os especuladores do mercado financeiro ganharam como nunca no governo Bolsonaro. A farra agora acabou e o choro é livre. Governo Lula terá sempre como foco os interesses do povo brasileiro!",1,24,104
Zarattini,@CarlosZarattini,https://twitter.com/CarlosZarattini/status/1629303808449822720,2023-02-25T02:14:33.000Z,"Os ricos, os bilionários, não pagam imposto no Brasil! Isso precisa ser revisto com urgência! Chegou a hora do pobre entrar no orçamento e o rico no Imposto de Renda",23,72,318
Zarattini,@CarlosZarattini,https://twitter.com/CarlosZarattini/status/1629303437312643072,2023-02-25T02:13:05.000Z,Governo do povo: Lula ampliou para R$ 120 milhões os recursos destinados para reconstrução das cidades do Litoral Norte de São Paulo atingidas pela chuva e definiu pagamento de auxílio de R$ 400 para desabrigados.,1,17,64
Zarattini,@CarlosZarattini,https://twitter.com/CarlosZarattini/status/1629302772066557953,2023-02-25T02:10:26.000Z,Amanhã chego em São Sebastião para prestar solidariedade às vítimas das enchentes e trabalhar junto para buscar alternativas para minimizar os danos e garantir que a população esteja em segurança. É hora de unir forças!,0,5,49
Zarattini,@CarlosZarattini,https://twitter.com/CarlosZarattini/status/1628510918639321088,2023-02-22T21:43:53.000Z,"Governo Lula enviou recursos para ajudar na reconstrução das cidades atingidas, liberou FGTS para  famílias, antecipou pagamento do Bolsa Família e já está distribuindo medicamentos, roupas e alimentos para desabrigados das enchentes do Litoral de SP. Governo do povo para o povo!",4,27,163
Zarattini,@CarlosZarattini,https://twitter.com/CarlosZarattini/status/1628510650308722691,2023-02-22T21:42:49.000Z,A decisão do governo Lula de criar um grupo de especialistas para combater discursos de ódio é importante. Internet não pode ser terra sem Lei.,4,41,230
Zarattini,@CarlosZarattini,https://twitter.com/CarlosZarattini/status/1628258760232783874,2023-02-22T05:01:54.000Z,Não entendo pq o governo Bolsonaro nunca lembrou disso nos seus quatro anos. Deve ter sido pq foi a derrota do nazi-facismo.,3,10,49
Zarattini,@CarlosZarattini,https://twitter.com/CarlosZarattini/status/1628147038440378375,2023-02-21T21:37:58.000Z,O @Estadao ataca em editorial a proposta minha e de @AlencarBraga13 de alterar a redação do art 142 da CF. Segundo eles é “muito arriscado” e a redação atual “não representa nenhum problema”.,25,44,180
Zarattini,@CarlosZarattini,https://twitter.com/CarlosZarattini/status/1628107613241061379,2023-02-21T19:01:18.000Z,Situação permanece grave no litoral norte. O socorro imediato é muito importante! Vamos ajudar nas doações!twitter.com/valoreconomico/status/1628079250204135425/video/1…,1,5,24
Zarattini,@CarlosZarattini,https://twitter.com/CarlosZarattini/status/1628085857923084315,2023-02-21T17:34:51.000Z,"Estadão e Folha resolveram seguir atacando Lula e o PT! Mostrando que não se importam com o país e nem com o povo. Torcem contra o governo só pra agradar à direita conservadora e, claro, o mercado financeiro.",45,137,707
Zarattini,@CarlosZarattini,https://twitter.com/CarlosZarattini/status/1628036180443815937,2023-02-21T14:17:27.000Z,A região do litoral norte foi destruída pelas chuvas. As mortes e a destruição vão causar um prejuízo muito grande aquela população. Vai ser necessário muito apoio de todos nós! O governo @LulaOficial precisa dar apoio contínuo!,2,22,84
Zarattini,@CarlosZarattini,https://twitter.com/CarlosZarattini/status/1627747475514658843,2023-02-20T19:10:14.000Z,Veja a diferença entre os dois!,12,22,66
Zarattini,@CarlosZarattini,https://twitter.com/CarlosZarattini/status/1627747298657636362,2023-02-20T19:09:32.000Z,Lula está no litoral sul paulista mostrando que  o papel de presidente da República é cuidar do povo!,34,98,655
Zarattini,@CarlosZarattini,https://twitter.com/CarlosZarattini/status/1627747024274616320,2023-02-20T19:08:27.000Z,Minha solidariedade aos moradores do litoral paulista que sofrem com as chuvas intensas na região. O governo de São Paulo precisa agir e rápido para amparar os desabrigados e tb proteger as famílias que seguem em área de risco.,2,11,95
Zarattini,@CarlosZarattini,https://twitter.com/CarlosZarattini/status/1627746704022769706,2023-02-20T19:07:10.000Z,"Padre Jaime nos deixa hoje, mas seu legado servirá de inspiração por várias gerações. Ele foi um grande protagonista no combate à violência no Jd. Ângela,  com a criação da Caminhada Pela Vida e Paz. Um exemplo a ser seguido!",4,10,154
Zarattini,@CarlosZarattini,https://twitter.com/CarlosZarattini/status/1627432350043852802,2023-02-19T22:18:03.000Z,O Brasil festeja o carnaval mas não podemos nos esquecer da tragédia do litoral norte de São Paulo. Muitas mortes e situação difícil justamente para o povo q mora mais precariamente. Eles precisam de apoio. Presidente @LulaOficial já mobilizou ministros para apoiarem à população!,4,30,147
Zarattini,@CarlosZarattini,https://twitter.com/CarlosZarattini/status/1627008596868227075,2023-02-18T18:14:12.000Z,"Passando o carnaval, com o retorno das votações, vamos concentrar esforços na aprovação da reforma tributária e na PEC que afasta definitivamente os militares da política",12,22,152
Zarattini,@CarlosZarattini,https://twitter.com/CarlosZarattini/status/1627008549460082689,2023-02-18T18:14:01.000Z,"Bolsonaro pode ter sido vacinado em 19/07/21 com a vacina da Janssen.  Na mesma época,  ele fazia campanha antivacina colocando em risco milhões de brasileiros.",3,10,105
Zarattini,@CarlosZarattini,https://twitter.com/CarlosZarattini/status/1627008540819726336,2023-02-18T18:13:59.000Z,Clima de festa e alegria por todo país. O povo está feliz com um governo que cuida da nossa gente.,14,32,200
Zarattini,@CarlosZarattini,https://twitter.com/CarlosZarattini/status/1627007595549425664,2023-02-18T18:10:13.000Z,É inadmissível numa democracia que o papel das Forças Armadas seja objeto de manipulação. Vamos lutar para impedir que a direita bolsonarista siga com esse discurso fascista,4,18,154
Zarattini,@CarlosZarattini,https://twitter.com/CarlosZarattini/status/1626758498687102978,2023-02-18T01:40:24.000Z,MENTIROSO: Bolsonaro se vacinou e escondeu da população para manter o seu criminoso discurso antivacina que colocou em risco a vida de milhões de pessoas. Canalha!,8,51,232
Zarattini,@CarlosZarattini,https://twitter.com/CarlosZarattini/status/1626755836235157504,2023-02-18T01:29:49.000Z,"Mulheres: escutem o recado da @JanjaLula 
Sofreu algum abuso ou violência? Ligue para o 180!",22,83,448
Zarattini,@CarlosZarattini,https://twitter.com/CarlosZarattini/status/1626696000575361034,2023-02-17T21:32:03.000Z,"Vou propor modificação do art. 142 p excluir as operações de Garantia da Lei e da Ordem (GLO), delimitar papel das FAs e ainda que militares que desejam atuar em cargos públicos devam ir imediatamente p reserva. Uma forma de colocar fim às tentativas de GOLPE da direita fascista",11,35,187
Zarattini,@CarlosZarattini,https://twitter.com/CarlosZarattini/status/1626694989848752129,2023-02-17T21:28:02.000Z,"O Art. 142 é muito utilizado por bolsonaristas p/ pedir intervenção militar, uma interpretação falsa e tendenciosa da Lei. É um tremendo absurdo!",2,14,94
Zarattini,@CarlosZarattini,https://twitter.com/CarlosZarattini/status/1626694593386369043,2023-02-17T21:26:28.000Z,"Comecei a coletar assinaturas p/ PEC para modificar o art. 142 da CF. É hora de acabar com qualquer margem p/ discurso fascista e golpista da direita, por isso vamos afastar de forma incontestável militares da política. Essa é mais uma ação p/ fortalecer nossa democracia",19,171,702
Zarattini,@CarlosZarattini,https://twitter.com/CarlosZarattini/status/1626693309262450720,2023-02-17T21:21:22.000Z,"Boa notícia: servidores federais, do Executivo federal, terão aumento! Governo Lula vai conceder reajuste de 8%. Foram anos de luta para que suas reivindicações salariais fossem atendidas. E isso é só o começo. Vamos continuar lutando por melhores condições de trabalho para todos",5,13,61
Zarattini,@CarlosZarattini,https://twitter.com/CarlosZarattini/status/1626515997845819398,2023-02-17T09:36:47.000Z,Passamos os quatro anos de Bolsonaro lutando pra q ele pagasse as bolsas de estudo. Era calote direto! Chega @LulaOficial e já aumenta as bolsas em 40%!,6,20,121
Zarattini,@CarlosZarattini,https://twitter.com/CarlosZarattini/status/1626355951920898049,2023-02-16T23:00:49.000Z,Força prefeito! Estamos na torcida! SAÚDE!,0,3,17
Zarattini,@CarlosZarattini,https://twitter.com/CarlosZarattini/status/1626310165648515074,2023-02-16T19:58:53.000Z,"Fiz o L para ver isso:✅ bolsa de pós-graduação reajustada ✅ aumento real do salário mínimo ✅ Isenção de imposto de renda pra quem ganha até 2 salários mínimos

É o governo Lula cuidando do povo!",2,17,57
Zarattini,@CarlosZarattini,https://twitter.com/CarlosZarattini/status/1626310095364624384,2023-02-16T19:58:36.000Z,Bolsonaristas são muito cara de pau. Criticar aumento de Lula para o salário é uma vergonha.  Passaram 4 anos enrolando o povo e deixaram os cofres públicos vazios. Vamos trabalhar pra aumentar mais!,10,31,265
Zarattini,@CarlosZarattini,https://twitter.com/CarlosZarattini/status/1626310049021714432,2023-02-16T19:58:25.000Z,"Dia importante para 23 milhões de brasileiros que recebem o salário mínimo. A partir de maio, o governo Lula vai conceder aumento real. Vamos seguir trabalhando pra ampliar ainda mais o valor do salário mínimo.",1,4,39
Zarattini,@CarlosZarattini,https://twitter.com/CarlosZarattini/status/1625981073137061895,2023-02-15T22:11:11.000Z,"A perseguição de alguns setores da mídia contra a Janja (@JanjaLula) é vergonhosa . Primeiro, é inacreditável que uma pesquisa teste a popularidade de uma primeira-dama (nunca teve isso na história) e depois que façam um escarcéu na imprensa diante de resultados enviesados",22,39,276
Zarattini,@CarlosZarattini,https://twitter.com/CarlosZarattini/status/1625868295160332288,2023-02-15T14:43:03.000Z,Presidente Lula na cerimônia alusiva à retomada das obras de duplicação da BR-101/SE https://twitter.com/i/broadcasts/1mrGmkNEZNdxy…,3,7,41
Zarattini,@CarlosZarattini,https://twitter.com/CarlosZarattini/status/1625596255652175873,2023-02-14T20:42:04.000Z,Presidente Lula no lançamento do novo Minha Casa Minha Vida https://twitter.com/i/broadcasts/1LyxBqwLDgzJN…,2,5,40
Zarattini,@CarlosZarattini,https://twitter.com/CarlosZarattini/status/1625288352571293698,2023-02-14T00:18:34.000Z,"Cuidar do povo é o maior compromisso do PT, do Lula e meu do mandato! Governo Lula começou hoje a pagar o auxílio gás para mais de 5 milhões de famílias!",7,23,154
Zarattini,@CarlosZarattini,https://twitter.com/CarlosZarattini/status/1625287609760067584,2023-02-14T00:15:37.000Z,"Sem anistia! Todos que participaram, financiaram e apoiaram a tentativa de golpe do dia 8 de janeiro precisam ser punidos no rigor da Lei. Viva a democracia!",315,174,1.548
Zarattini,@CarlosZarattini,https://twitter.com/CarlosZarattini/status/1625287479019417600,2023-02-14T00:15:06.000Z,Enquanto o PT comemora 43 anos…os outros?!? Olha os outros!,2,3,19
Zarattini,@CarlosZarattini,https://twitter.com/CarlosZarattini/status/1625287018778398728,2023-02-14T00:13:16.000Z,PT é sinônimo de luta! #43anosdoPT,3,6,43
Zarattini,@CarlosZarattini,https://twitter.com/CarlosZarattini/status/1625286781405913088,2023-02-14T00:12:19.000Z,"Começa hoje o pagamento do Auxílio Gás. Além dos R$ 600 correspondentes ao Bolsa Família, as famílias também receberão neste mês, o Auxílio Gás, pago a cada dois meses.🌟 Esse programa social é uma iniciativa da minha autoria com apoio da bancada do PT!",4,23,99
Zarattini,@CarlosZarattini,https://twitter.com/CarlosZarattini/status/1625286105028255745,2023-02-14T00:09:38.000Z,"43 anos de PT, 43 anos trabalhando em defesa do nosso povo e da democracia",4,15,90
Zarattini,@CarlosZarattini,https://twitter.com/CarlosZarattini/status/1625285805965967360,2023-02-14T00:08:27.000Z,"43 anos de história, 43 anos de luta em defesa do povo brasileiro! #43anosdoPT",2,9,46
Zarattini,@CarlosZarattini,https://twitter.com/CarlosZarattini/status/1625094873937223681,2023-02-13T11:29:45.000Z,Quando a mídia vai mostrar o outro lado. Pra não ficar apenas a opinião  do “mercado”,69,344,1.063
Zarattini,@CarlosZarattini,https://twitter.com/CarlosZarattini/status/1625087940337475584,2023-02-13T11:02:12.000Z,Tem jornalista q deveria (se é que ainda não) receber um jeton do mercado financeiro pra fazer seu trabalho. Preferem atacar ⁦@LulaOficial⁩ e o ⁦@ptbrasil⁩ do que ver o prejuízo que a taxa de juros está causando ao país! Pq não investigam como é feito o Boletim Focus?,25,84,336
Zarattini,@CarlosZarattini,https://twitter.com/CarlosZarattini/status/1624941523698843648,2023-02-13T01:20:23.000Z,IMPORTANTE: Governo Lula vai ajudar você a pagar as dívidas.,6,24,90
Zarattini,@CarlosZarattini,https://twitter.com/CarlosZarattini/status/1624777451690655744,2023-02-12T14:28:26.000Z,"Amanhã, em Brasília, teremos as comemorações do aniversário de 43 anos do PT.  O maior partido de esquerda da América Latina merece uma comemoração grande! Viva o PT!",1,10,60
Zarattini,@CarlosZarattini,https://twitter.com/CarlosZarattini/status/1624777371134951424,2023-02-12T14:28:06.000Z,Bolsonaro insiste nessa narrativa mentirosa de fraude nas urnas. É um golpista e mau perdedor.,2,5,79
Zarattini,@CarlosZarattini,https://twitter.com/CarlosZarattini/status/1624777307427676162,2023-02-12T14:27:51.000Z,"Em menos de 2 meses de governo, Lula prova que o povo  fez a escolha certa ao colocá-lo como presidente. Em sua visita aos EUA, se comportou como um verdadeiro estadista e se ofereceu para mediar conflitos internacionais que interferem diretamente no Brasil. É isso aí, Lula!",1,13,76
Zarattini,@CarlosZarattini,https://twitter.com/CarlosZarattini/status/1624776387847458823,2023-02-12T14:24:12.000Z,"INACEITÁVEL! Segundo o Inpe, o garimpo aumentou 787% em terras indígenas entre 2016 e 2022. Não podemos continuar permitindo que os povos originários sejam massacrados e o nosso meio ambiente seja destruído pela ganância de grandes garimpeiros.",6,26,150
Zarattini,@CarlosZarattini,https://twitter.com/CarlosZarattini/status/1624552694114385921,2023-02-11T23:35:19.000Z,Sábado é um dos dias que eu tiro para ouvir de perto as demandas da população. Política se faz assim ao lado do povo.,3,6,89
Zarattini,@CarlosZarattini,https://twitter.com/CarlosZarattini/status/1624552583732813825,2023-02-11T23:34:53.000Z,"Com Lula, o Brasil está de novo sendo respeitado no cenário internacional. Vamos fechar parcerias estratégicas com os Estados Unidos e aquecer nossa economia.",1,22,159
Zarattini,@CarlosZarattini,https://twitter.com/CarlosZarattini/status/1624552438349848576,2023-02-11T23:34:18.000Z,"A visita de Lula à Casa Branca para estabelecer políticas de cuidado com o meio ambiente, mostra um presidente realmente preocupado com agenda climática.",3,21,139
Zarattini,@CarlosZarattini,https://twitter.com/CarlosZarattini/status/1624389319543730176,2023-02-11T12:46:08.000Z,"O mercado financeiro ""nunca"" quer perder dinheiro. Então, vão pressionar para manter os juros nas alturas.",2,14,113
Zarattini,@CarlosZarattini,https://twitter.com/CarlosZarattini/status/1624389255022747649,2023-02-11T12:45:52.000Z,O Centrão e a base que sustenta o governo Lula deveriam apoiar a política do presidente Lula de pressionar o Banco Central para que baixe juros. Baixar juros significa dar fôlego aos pequenos empresários e esses parlamentares têm essa categoria como base.,1,22,139
Zarattini,@CarlosZarattini,https://twitter.com/CarlosZarattini/status/1624389192838004736,2023-02-11T12:45:37.000Z,O PT está buscando fazer um embate político com Banco Central para demarcar um campo e mostrar que temos outra linha de política monetária. Queremos baixar juros e aquecer a economia.,14,81,428
Zarattini,@CarlosZarattini,https://twitter.com/CarlosZarattini/status/1624389100680667138,2023-02-11T12:45:15.000Z,Precisamos parar com essa “história” criada por alguns setores da mídia de que o PT quer pressionar a saída do presidente do BC. Queremos é baixar juros!,32,138,839
Zarattini,@CarlosZarattini,https://twitter.com/CarlosZarattini/status/1624157461287428275,2023-02-10T21:24:48.000Z,#PT43Anos Partido que tem a cara do povo brasileiro!,6,12,59
Zarattini,@CarlosZarattini,https://twitter.com/CarlosZarattini/status/1623873518357061632,2023-02-10T02:36:31.000Z,"Governo dos EUA aprovou pacote de quase Um Trilhão de US$ pra financiar energia limpa e pesquisa científica, com subsídios para indústria. Isso se chama POLÍTICA INDUSTRIAL! É contra isso que os liberais brasileiros protestam quando @lulaoficial fortalece o BNDES!",9,42,172
Zarattini,@CarlosZarattini,https://twitter.com/CarlosZarattini/status/1623777118571069442,2023-02-09T20:13:28.000Z,"Os bolsonaristas estão desesperados e usando como nunca a máquina de fake news para tentar atacar o Lula e desviar o foco das boas notícias do governo. Em pouco mais de um mês, o governo avançou mais que em 4 anos de desgoverno Bolsonaro.",29,91,391
Zarattini,@CarlosZarattini,https://twitter.com/CarlosZarattini/status/1623777056831033344,2023-02-09T20:13:13.000Z,"Roberto Campos Neto é um dos maiores representantes dos interesses dos banqueiros e do capital financeiro. Sua trajetória profissional deixa isso claro, é um liberal que passou anos à frente de instituições financeiras.",6,35,173
Zarattini,@CarlosZarattini,https://twitter.com/CarlosZarattini/status/1623716840844193794,2023-02-09T16:13:56.000Z,"A qualidade do serviço dos Correios, especialmente nas periferias de São Paulo, foi o tema principal da nossa reunião hoje com o presidente da empresa, Fabiano Silva. Bancada do PT de São Paulo vai trabalhar para que a empresa esteja a serviço da população brasileira",4,5,46
Zarattini,@CarlosZarattini,https://twitter.com/CarlosZarattini/status/1623689380370972673,2023-02-09T14:24:49.000Z,Precisamos cuidar melhor das nossas cidades. O que estamos vendo em São Paulo não é normal. Precisamos dar atenção especial a esse drama que as cidades brasileiras vivem por conta das questões climáticas. Quem mais sofre com essas alterações são as pessoas mais pobres do país.,1,5,22
Zarattini,@CarlosZarattini,https://twitter.com/CarlosZarattini/status/1623689304441593858,2023-02-09T14:24:31.000Z,"Quero me solidarizar com a população da cidade de São Paulo que está sofrendo muito com os temporais. Milhares de pessoas estão sofrendo com enchentes, problemas nos trens e nos metrôs. Governo precisa agir para diminuir os impactos.",2,4,48
Zarattini,@CarlosZarattini,https://twitter.com/CarlosZarattini/status/1623689155292061696,2023-02-09T14:23:55.000Z,Brasil caminha para desenvolvimento econômico com geração de empregos e melhoria da condição de vida. Não só o preço de cerveja e de picanha que vai baixar. Preço dos alimentos vai baixar também. Porque vamos ter uma política de produção de alimentos para reduzir o custo de vida,5,14,70
Zarattini,@CarlosZarattini,https://twitter.com/CarlosZarattini/status/1623688757034598401,2023-02-09T14:22:21.000Z,Governo manteve sigilo APENAS de imagens relacionadas aos ataques terroristas de 8 de janeiro que ainda estão sob investigação.,4,9,84
Zarattini,@CarlosZarattini,https://twitter.com/CarlosZarattini/status/1623688521000140800,2023-02-09T14:21:24.000Z,"Bolsonaristas tentam torcer os fatos. Lula nunca falou que ia acabar com todos os sigilos. Ao contrário, ele encaminhou à CGU todos os sigilos que foram decretados no Governo Bolsonaro para que haja uma definição sobre a manutenção ou não desses sigilos.",3,14,70
Zarattini,@CarlosZarattini,https://twitter.com/CarlosZarattini/status/1623639630955290625,2023-02-09T11:07:08.000Z,Lojas Marisa apresenta prejuízo de 600 milhões. Causa: custo de financiamento e inadimplência dos consumidores. Mas tá tudo bem! O mercado quer manter os juros do BC nas alturas e Campos Neto fazendo o que bem entender!,46,439,1.799
Zarattini,@CarlosZarattini,https://twitter.com/CarlosZarattini/status/1623291366179471361,2023-02-08T12:03:15.000Z,Lucro do Itau passou de 30bi em 2022. Um crescimento de quase 15%. E alguém ainda defende a política de juros de Campos Neto? E alguém ainda pode ser contra cobrar imposto sobre lucros e dividendos?,71,596,2.050
Zarattini,@CarlosZarattini,https://twitter.com/CarlosZarattini/status/1623275451660800000,2023-02-08T11:00:01.000Z,FASCISTAS NÃO PASSARÃO:  democracia é patrimônio do povo brasileiro. @LulaOficial @ptbrasiI @secomvc @governofederal @PTnaCamara,5,14,43
Zarattini,@CarlosZarattini,https://twitter.com/CarlosZarattini/status/1623105639739232256,2023-02-07T23:45:15.000Z,A tentativa de emparedar @LulaOficial nessa conversa do Banco Central só tem um objetivo: que a indicação dos dois novos diretores continue na linha de Campos Neto!,9,16,111
Zarattini,@CarlosZarattini,https://twitter.com/CarlosZarattini/status/1623098335480672256,2023-02-07T23:16:13.000Z,Fake News: bolsonaristas seguem espalhando mentiras,3,14,47
Zarattini,@CarlosZarattini,https://twitter.com/CarlosZarattini/status/1623076487787167744,2023-02-07T21:49:24.000Z,"A luta agora é para que a Petrobras seja uma empresa a serviço do povo brasileiro e não destinada a enriquecer seus acionistas. Começamos bem reduzindo o preço do diesel em 8,8% para distribuidoras! Faz o L!",10,74,372
Zarattini,@CarlosZarattini,https://twitter.com/CarlosZarattini/status/1623076447291117571,2023-02-07T21:49:14.000Z,"Oposição ao governo Lula formada por Moro, Salles, Nikolas e companhia demonstra que estão unidos contra o país. Apoiar taxa Selic de 13,75% ao ano é um absurdo sem tamanho!",6,4,72
Zarattini,@CarlosZarattini,https://twitter.com/CarlosZarattini/status/1623076380412989442,2023-02-07T21:48:59.000Z,FAZENDO O L COM ORGULHO: Governo Lula vai destinar R$ 600 milhões para cirurgias eletivas. Investimento milionário na saúde para ajudar a zerar fila por tratamento.,3,4,89
Zarattini,@CarlosZarattini,https://twitter.com/CarlosZarattini/status/1623043041354256419,2023-02-07T19:36:30.000Z,"Não vai ter anistia para quem participou, financiou ou contribuiu com a tentativa de golpe de Estado. Prisão hoje do ex-comandante de Operações da PMDF é mais uma ação para punir os culpados! Ninguém está acima da Lei.",6,12,94
Zarattini,@CarlosZarattini,https://twitter.com/CarlosZarattini/status/1623038115332952118,2023-02-07T19:16:55.000Z,#DiaNacionalDeLutaDosPovosIndigenas  Impossível não lembrar da tragédia humanitária vivida hoje pelo povo Yanomami. Precisamos trabalhar para colocar fim nessa perseguição e genocídio dos povos originários.,1,4,30
Zarattini,@CarlosZarattini,https://twitter.com/CarlosZarattini/status/1623037919656087587,2023-02-07T19:16:09.000Z,Hoje é dia de reforçar o nosso compromisso em defesa do direito de existir dos povos indígenas. Cabe a todos trabalhar para garantir o direito indígena à terra. #DiaNacionalDeLutaDosPovosIndigenas,2,6,30
Zarattini,@CarlosZarattini,https://twitter.com/CarlosZarattini/status/1622978221468708866,2023-02-07T15:18:56.000Z,Começou bem o novo presidente da Petrobras! ⁦@jeanpaulprates⁩ foi rápido e reduziu o preço do diesel! Faz o L! https://oglobo.globo.com/economia/negocios/noticia/2023/02/petrobras-reduz-preco-do-diesel.ghtml?utm_source=aplicativoOGlobo&utm_medium=aplicativo&utm_campaign=compartilhar…,4,16,65
Zarattini,@CarlosZarattini,https://twitter.com/CarlosZarattini/status/1622976928880754689,2023-02-07T15:13:47.000Z,"Lula está certo em travar uma luta contra as taxas de juros que seguem absurdamente elevadas. A taxa Selic, que atinge 13,75% ao ano, é sim uma vergonha e totalmente despropositada!",4,31,100
Zarattini,@CarlosZarattini,https://twitter.com/CarlosZarattini/status/1622976757631488000,2023-02-07T15:13:07.000Z,Temos taxas de juros estratosféricas e mesmo assim as metas de inflação seguem estouradas. Será mesmo que o Banco Central está atuando para favorecer a economia brasileira. Uma pergunta que não quer calar: o presidente do Banco Central trabalha para quem?,11,28,83
Zarattini,@CarlosZarattini,https://twitter.com/CarlosZarattini/status/1622976538634321921,2023-02-07T15:12:14.000Z,"Precisamos sim questionar a ""independência"" do BC. Esse órgão precisa estar a serviço do Brasil e não de enriquecer investidores internacionais. Se a taxa de juros do país seguir nas alturas como está hoje a economia brasileira entra em recessão e o povo sofre as consequências.",13,72,165
Zarattini,@CarlosZarattini,https://twitter.com/CarlosZarattini/status/1622976041051365376,2023-02-07T15:10:16.000Z,"Por dois anos seguidos as metas de inflação estouraram, isso mostra a incompetência da gestão no Banco Central.",20,89,407
Zarattini,@CarlosZarattini,https://twitter.com/CarlosZarattini/status/1622975591040397313,2023-02-07T15:08:28.000Z,A independência do Banco Central não existe hoje. O seu presidente está a serviço do bolsonarismo e disposto a tudo para gerar recessão no país? A quem interessa o fracasso da economia hoje?,80,436,1.415
Zarattini,@CarlosZarattini,https://twitter.com/CarlosZarattini/status/1622600466852102144,2023-02-06T14:17:52.000Z,"Presidente Lula na cerimônia de posse do Presidente do BNDES, Aloizio Mercadante",3,19,100
Zarattini,@CarlosZarattini,https://twitter.com/CarlosZarattini/status/1622384791340433411,2023-02-06T00:00:51.000Z,Reunião com ministro @padilhando e prefeitos da região Oeste da Grande São Paulo. Vamos trabalhar juntos com o governo Lula para garantir mais recursos para o nosso Estado.,1,10,50
Zarattini,@CarlosZarattini,https://twitter.com/CarlosZarattini/status/1622384677217603587,2023-02-06T00:00:24.000Z,A volta do Zé gotinha é simbólica e reforça o compromisso do nosso governo com a vacinação.,4,28,295
Zarattini,@CarlosZarattini,https://twitter.com/CarlosZarattini/status/1622384652093726720,2023-02-06T00:00:18.000Z,"As cotas são instrumentos de reparação histórica, uma forma de garantir igualdade de direitos! Parabéns aos cotistas!",1,14,65
Zarattini,@CarlosZarattini,https://twitter.com/CarlosZarattini/status/1622384554269884418,2023-02-05T23:59:54.000Z,Pouco mais de um mês de governo Lula e já temos boas conquistas. Fazendo o L com orgulho!,18,33,271
Zarattini,@CarlosZarattini,https://twitter.com/CarlosZarattini/status/1622017658123075586,2023-02-04T23:41:59.000Z,"Nem sempre concordo com @VTFVinicius , mas hoje ele foi no ponto. O tubarões golpistas precisam ser punidos!",3,7,44
Zarattini,@CarlosZarattini,https://twitter.com/CarlosZarattini/status/1622013921736491008,2023-02-04T23:27:09.000Z,"Tá certo o @LulaOficial : empresários como Lemann e Eike se apresentam como suprassumo bem sucedidos, falam contra a corrupção e depois aparecem em fraudes absurdas nas empresas privadas! Rombo da Americanas já chega a 48 bilhões!",2,42,159
Zarattini,@CarlosZarattini,https://twitter.com/CarlosZarattini/status/1621974291309813763,2023-02-04T20:49:40.000Z,"Marcos do Val é mais uma dessas figuras do submundo que ascenderam com a vitória de Bolsonaro. Assim como Joyce, Bibiano e outros quer se destacar e servir aos interesses da extrema-direita. Vamos cuidar do q realmente interessa ao nosso povo!",4,15,98
Zarattini,@CarlosZarattini,https://twitter.com/CarlosZarattini/status/1621971356077199360,2023-02-04T20:38:00.000Z,Mais um caso de perseguição política: vereadores de São Miguel do Oeste  (SC) cassaram o mandato de Maria Tereza Capra (PT) num processo arbitrário e totalmente ilegal! Uma vergonha! Vamos resistir!,11,38,192
Zarattini,@CarlosZarattini,https://twitter.com/CarlosZarattini/status/1621971094512050185,2023-02-04T20:36:58.000Z,"Tudo que envolve a família Bolsonaro é asqueroso. Vai desde a destruição do Palácio do Planalto até apropriação de moedas jogadas no espelho d’água do Alvorada. Pode até parecer cômico, mas é tráfico e criminoso.",4,25,174
Zarattini,@CarlosZarattini,https://twitter.com/CarlosZarattini/status/1621970745281617920,2023-02-04T20:35:35.000Z,Essa história de recolhimento de moedas do espelho d’água do Alvorada é bizarra! Pior ainda a lenda de que o dinheiro seria doado pra igreja! Só se for para a congregação do clã Bolsonaro,10,42,275
Zarattini,@CarlosZarattini,https://twitter.com/CarlosZarattini/status/1621969997336641537,2023-02-04T20:32:36.000Z,As denúncias de corrupção envolvendo Michelle Bolsonaro se multiplicam. A suspeita de prática de caixa 2 com cartão corporativo precisa ser apurada com agilidade!,5,56,273
Zarattini,@CarlosZarattini,https://twitter.com/CarlosZarattini/status/1621598797632520193,2023-02-03T19:57:35.000Z,Temos mais de 48 mil pessoas em situação de rua em São Paulo. A prefeitura de São Paulo precisa agir e buscar soluções rápidas pra essa situação.,3,13,106
Zarattini,@CarlosZarattini,https://twitter.com/CarlosZarattini/status/1621598723015843840,2023-02-03T19:57:18.000Z,"Todos unidos em prol de contribuir com a reconstrução do Brasil. Com o ministro da Secom, @Pimenta13Br, debatemos investimentos na comunicação pública.",1,8,51
Zarattini,@CarlosZarattini,https://twitter.com/CarlosZarattini/status/1621598370241323008,2023-02-03T19:55:53.000Z,"Fascistas não passarão: PF prende novos suspeitos de participação em atos terroristas em Brasília na quarta fase da Operação Lesa Pátria. Todos que participaram, financiaram ou apoiaram a tentativa de golpe precisam ser punidos!",5,29,167
Zarattini,@CarlosZarattini,https://twitter.com/CarlosZarattini/status/1621478483355652097,2023-02-03T11:59:30.000Z,Zarattini ao vivo na Forum,2,4,22
Zarattini,@CarlosZarattini,https://twitter.com/CarlosZarattini/status/1621285876218068992,2023-02-02T23:14:09.000Z,"Brasil hoje está mais triste com falecimento da jornalista Glória Maria. Fez história no telejornalismo brasileiro e se tornou referência para todos nós. Glória deixa um legado de luta contra o racismo, uma referência para muitas mulheres. Meus sentimentos aos amigos e familiares",0,5,25
Zarattini,@CarlosZarattini,https://twitter.com/CarlosZarattini/status/1621285442170535936,2023-02-02T23:12:26.000Z,Tic-Tac! As denúncias do senador Marcos do Val são graves e se comprovadas vão deixar Bolsonaro ainda mais perto da prisão.,6,10,103
Zarattini,@CarlosZarattini,https://twitter.com/CarlosZarattini/status/1621285209873293312,2023-02-02T23:11:30.000Z,Questionar o resultado das eleições é crime! Conspirar contra a democracia também é crime. Todos os envolvidos precisam ser punidos com rigor da Lei.,3,19,107
Zarattini,@CarlosZarattini,https://twitter.com/CarlosZarattini/status/1621285091782565888,2023-02-02T23:11:02.000Z,O senador de Marcos do Val disse hoje que se reuniu com Bolsonaro para tratar de golpe contra a democracia e ações para tentar incriminar ministro do STF foram discutidas. Isso é sério e precisa de apuração rápida e profunda dos órgãos competentes.,1,11,56
Zarattini,@CarlosZarattini,https://twitter.com/CarlosZarattini/status/1621284964594597888,2023-02-02T23:10:32.000Z,Temos hoje 14 mil obras paralisadas no Brasil. Precisamos dar agilidade nisso e colocar o país para voltar a crescer e gerar emprego.,5,30,164
Zarattini,@CarlosZarattini,https://twitter.com/CarlosZarattini/status/1621210412363685888,2023-02-02T18:14:17.000Z,AO VIVO: Abertura do ano legislativo - 02/02/2023,0,2,15
Zarattini,@CarlosZarattini,https://twitter.com/CarlosZarattini/status/1620909451674009619,2023-02-01T22:18:22.000Z,A esperança toma posse!,2,4,59
Zarattini,@CarlosZarattini,https://twitter.com/CarlosZarattini/status/1620906812110434304,2023-02-01T22:07:53.000Z,Perdeu mané. Bolsonaro perde mais uma.,18,68,937
Zarattini,@CarlosZarattini,https://twitter.com/CarlosZarattini/status/1620906751834095616,2023-02-01T22:07:39.000Z,Vitória do Pacheco. Essa é mais uma derrota do bolsonarismo e vitória da democracia. Desejo sorte ao novo presidente do Senado. É hora de unir forças em prol da reconstrução do país,4,23,173
Zarattini,@CarlosZarattini,https://twitter.com/CarlosZarattini/status/1620882057512747008,2023-02-01T20:29:31.000Z,AO VIVO: Eleição da Mesa Diretora da Câmara - 01/02/2023,0,5,23
Zarattini,@CarlosZarattini,https://twitter.com/CarlosZarattini/status/1620849939650863104,2023-02-01T18:21:54.000Z,Vamos votar no Lira para presidente da Câmara diante de um grande acordo em prol da democracia e pela aprovação de projetos importantes para o governo Lula.,0,5,43
Zarattini,@CarlosZarattini,https://twitter.com/CarlosZarattini/status/1620849803776368645,2023-02-01T18:21:21.000Z,"Hoje, começa o meu 5º mandato de deputado federal. Trago comigo 147.349 mil votos de confiança do povo de São Paulo. Aproveito para reafirmar o meu compromisso de seguir honrando a confiança de vocês. Obrigado",3,4,28
Zarattini,@CarlosZarattini,https://twitter.com/CarlosZarattini/status/1620846127921913858,2023-02-01T18:06:45.000Z,Empossado como deputado federal para a 57ª legislatura da Câmara dos Deputados vamos agora para a primeira luta: eleger a deputada @mariadorosario para o cargo de 2ª Secretária na Mesa Diretora.,1,2,23
Zarattini,@CarlosZarattini,https://twitter.com/CarlosZarattini/status/1620793788833878016,2023-02-01T14:38:46.000Z,Grande dia: posse como deputado federal! Obrigado São Paulo!,7,18,126
Zarattini,@CarlosZarattini,https://twitter.com/CarlosZarattini/status/1620773013250781190,2023-02-01T13:16:13.000Z,AO VIVO - Posse dos deputados da 57ª legislatura - 01/02/2023,1,9,34
