nome,usuario,idTweet,dataPublicacao,texto,replies,retweets,likes
Célio Studart,@CelioStudart,https://twitter.com/CelioStudart/status/1628838036615077893,2023-02-23T19:23:44.000Z,Este projeto complementa a pena de prisão já estabelecida na Lei Sansão!,3,0,4
Célio Studart,@CelioStudart,https://twitter.com/CelioStudart/status/1628778928960569352,2023-02-23T15:28:52.000Z,Tipo isso…,17,1,11
Célio Studart,@CelioStudart,https://twitter.com/CelioStudart/status/1628460267326545921,2023-02-22T18:22:37.000Z,Tipo isso….,5,3,39
Célio Studart,@CelioStudart,https://twitter.com/CelioStudart/status/1626292541686525952,2023-02-16T18:48:51.000Z,Está é a união de parlamentares pelo Direito dos Animais na Câmara que vai trazer uma grande novidade em breve!,3,2,44
Célio Studart,@CelioStudart,https://twitter.com/CelioStudart/status/1625884983217774594,2023-02-15T15:49:22.000Z,"Mudamos de gabinete, mas não de atitude!",5,2,17
Célio Studart,@CelioStudart,https://twitter.com/CelioStudart/status/1625610466775932931,2023-02-14T21:38:32.000Z,É preciso dar um fim a esta novela envolvendo o piso da enfermagem!,3,2,16
Célio Studart,@CelioStudart,https://twitter.com/CelioStudart/status/1625555003648753665,2023-02-14T17:58:08.000Z,Participando ativamente do dia nacional de luta da enfermagem pelo pagamento do piso! Pela manhã estive na manifestação da categoria aqui em Brasília e agora estou no Ministério da Saúde. A luta não para!!! #enfermagem #pisodaenfermagem,5,4,36
Célio Studart,@CelioStudart,https://twitter.com/CelioStudart/status/1625134161018191872,2023-02-13T14:05:52.000Z,"Além da prisão para maus-tratos já determinada pela Lei Sansão, meu projeto de lei estabelece multa para os infratores!",0,0,13
Célio Studart,@CelioStudart,https://twitter.com/CelioStudart/status/1623760847179743234,2023-02-09T19:08:48.000Z,"Que tal se o FIES pudesse ser usado para também para a educação profissional técnica e tecnológica? Com o objetivo de fortalecer esta modalidade de ensino no país, apresentei nesta semana esta sugestão ao Ministério da Educação.",0,0,8
Célio Studart,@CelioStudart,https://twitter.com/CelioStudart/status/1623670836036091907,2023-02-09T13:11:08.000Z,Mais uma ação do mandato para combater os maus-tratos e a impunidade!,6,5,25
Célio Studart,@CelioStudart,https://twitter.com/CelioStudart/status/1623376386407731200,2023-02-08T17:41:06.000Z,A bancada em defesa dos animais cresceu na Câmara! Neste registro de hoje cedo estou ao lado de alguns deles. Vamos unir forças em busca de avanços em prol daqueles que não têm vez e nem voz!,3,0,36
Célio Studart,@CelioStudart,https://twitter.com/CelioStudart/status/1623021096827031569,2023-02-07T18:09:18.000Z,"Além de cadeia para quem maltrata animais, também é preciso punir os infratores no bolso! Para isso apresentei um projeto de lei que estabelece multa de R$ 10 mil, dobrando o valor em caso de reincidência. Pela legislação atual, a multa mínima é de apenas R$ 50. Inaceitável!",3,1,16
Célio Studart,@CelioStudart,https://twitter.com/CelioStudart/status/1622221813043412992,2023-02-05T13:13:14.000Z,Estamos presentes em todos os momentos desta luta! #enfermagem #pisosalarial,7,8,49
Célio Studart,@CelioStudart,https://twitter.com/CelioStudart/status/1621141875913785350,2023-02-02T13:41:57.000Z,"Em entrevista à @tvcamara, ressaltei prioridades e bandeiras do segundo mandato, como a causa animal e a defesa da enfermagem!",2,0,11
Célio Studart,@CelioStudart,https://twitter.com/CelioStudart/status/1620907216856383489,2023-02-01T22:09:30.000Z,"Começou! Vamos precisar muito do apoio, do engajamento e da ajuda de todos para fazer valer todas essas lutas!",3,1,11
Célio Studart,@CelioStudart,https://twitter.com/CelioStudart/status/1620805571111948288,2023-02-01T15:25:35.000Z,"Empossado deputado federal! Sem o apoio de padrinhos políticos, sem precisar da velha prática de compra de votos, representando o voto de consciência do Ceará! Que venham mais conquistas, lutas e recursos para a causa animal, autismo, enfermagem e pelos que mais precisam!",4,1,21
