nome,usuario,idTweet,dataPublicacao,texto,replies,retweets,likes
João Daniel,@depjoaodanielpt,https://twitter.com/depjoaodanielpt/status/1630303397361377284,2023-02-27T20:26:34.000Z,⭐💉🩺🇧🇷 Como é bom ter um presidente que valoriza a Ciência e protege a vida!  #ZeGotinha #SUS #Lula,0,2,3
João Daniel,@depjoaodanielpt,https://twitter.com/depjoaodanielpt/status/1630279245149749248,2023-02-27T18:50:35.000Z,"⭐ MOMENTO HISTÓRICO💉 Durante o lançamento da campanha Movimento Nacional pela Vacinação, o presidente @LulaOficial recebe a dose da vacina bivalente contra a Covid-19, aplicada pelas mãos do vice-presidente e médico @geraldoalckmin. 🩺",1,9,14
João Daniel,@depjoaodanielpt,https://twitter.com/depjoaodanielpt/status/1630232391787872257,2023-02-27T15:44:25.000Z,Gostaram da nova foto oficial da Presidência da República? ⭐️🇧🇷🚩,2,1,8
João Daniel,@depjoaodanielpt,https://twitter.com/depjoaodanielpt/status/1630223778209775616,2023-02-27T15:10:11.000Z,"💉💧 Começamos a semana com uma ótima notícia, após o período lamentável do negacionismo o Brasil volta a dar o exemplo com a campanha de vacinação e agora com imunizante bivalente que protege contra a cepa original do coronavírus e as subvariantes ômicron.",2,8,32
João Daniel,@depjoaodanielpt,https://twitter.com/depjoaodanielpt/status/1629205310286995456,2023-02-24T19:43:09.000Z,"Recebi com muita surpresa, via imprensa, a informação do afastamento do prefeito de Canindé, Weldo Mariano.

(+)",4,6,26
João Daniel,@depjoaodanielpt,https://twitter.com/depjoaodanielpt/status/1629168132706246661,2023-02-24T17:15:25.000Z,"O país vibra com o Dia da Conquista do Voto Feminino no Brasil. Esta data foi incorporada ao calendário oficial do governo federal em 2015, em lei sancionada pela presidenta @Dilma, pela importância histórica que ela representa como símbolo de conquista em nosso país.",1,8,23
João Daniel,@depjoaodanielpt,https://twitter.com/depjoaodanielpt/status/1627451784577835013,2023-02-19T23:35:16.000Z,"🎺🥁🎶 Enquanto isso, no carnaval de Olinda-PE também teve Lulaço.  #Carnaval  #Folia #Lula",0,1,4
João Daniel,@depjoaodanielpt,https://twitter.com/depjoaodanielpt/status/1627379355520319489,2023-02-19T18:47:28.000Z,"🥁🎺🎶 PRESTIGIANDO O #CARNAVAL DE NEÓPOLIS 🎊🎉Estamos aqui no carnaval de #Neópolis com os companheiros e companheiras do mandato popular junto ao prefeito Célio de Zequinha, prestigiando esta grande manifestação popular com marchinhas e muita alegria do povo neopolense.",1,1,10
João Daniel,@depjoaodanielpt,https://twitter.com/depjoaodanielpt/status/1627327832472064001,2023-02-19T15:22:44.000Z,"🎊🎉 A animação da marchinha no carnaval de Neópolis em Sergipe, tocando a música que conquistou o Brasil.  🎶🥁🎺",0,8,21
João Daniel,@depjoaodanielpt,https://twitter.com/depjoaodanielpt/status/1627317601259909120,2023-02-19T14:42:04.000Z,"A caminho de Neópolis junto com o amigo Célio para acompanhar as festividades de carnaval com a companheira.

Feliz Carnaval, moçada! 🎉🎊",0,2,5
João Daniel,@depjoaodanielpt,https://twitter.com/depjoaodanielpt/status/1625884930113785857,2023-02-15T15:49:09.000Z,"⭐🚩 O Partido dos Trabalhadores e das Trabalhadoras tem um compromisso junto ao presidente @LulaOficial de trabalhar pelo povo sergipano. 

Confira o vídeo emocionante sobre a retomada das obras da BR 101 que vai beneficiar o município de Maruim como todo o Estado de Sergipe.",0,2,5
João Daniel,@depjoaodanielpt,https://twitter.com/depjoaodanielpt/status/1625841844507623425,2023-02-15T12:57:57.000Z,Seja bem-vindo presidente @LulaOficial ao nosso Estado. ⭐️🚩,0,1,5
João Daniel,@depjoaodanielpt,https://twitter.com/depjoaodanielpt/status/1625823525947772935,2023-02-15T11:45:09.000Z,"O presidente @LulaOficial chega logo mais em solo Sergipano, acompanhado da sua comitiva, p/ visitar as obras da BR-101 e dialogar sobre projetos p/ Sergipe, que inclui o anúncio sobre a autorização imediata e início dos trabalhos no Campus do IFS de Poço Redondo, no Alto Sertão.",1,9,30
João Daniel,@depjoaodanielpt,https://twitter.com/depjoaodanielpt/status/1625726988714491908,2023-02-15T05:21:33.000Z,"🚩⭐ Durante o discurso na Câmara dos Deputados, parabenizei a militância do Partido dos Trabalhadores e Trabalhadoras, em especial a companheirada de #Sergipe, pelos 43 anos de história e de luta.",2,4,16
João Daniel,@depjoaodanielpt,https://twitter.com/depjoaodanielpt/status/1625668037511634944,2023-02-15T01:27:18.000Z,"🎙️🚩 Na tribuna desta terça-feira, falei sobre a visita do presidente @LulaOficial no município de Maruim, para retomar as obras no Estado de #Sergipe.",0,5,13
João Daniel,@depjoaodanielpt,https://twitter.com/depjoaodanielpt/status/1625561459856969741,2023-02-14T18:23:48.000Z,"🔍📰NA MÍDIA - A visita do presidente Lula a Sergipe nesta quarta-feira, 15, será anunciada a autorização imediata e início dos trabalhos no Campus do IFS de Poço Redondo, no Alto Sertão de Sergipe.",2,9,25
João Daniel,@depjoaodanielpt,https://twitter.com/depjoaodanielpt/status/1625294427177582592,2023-02-14T00:42:42.000Z,"⭐🇧🇷 🚩 Nesta quarta-feira (15), o presidente Lula estará na cidade de #Maruim para visitar as obras da BR 101 e dialogar sobre projetos para #Sergipe.✊🏽✊🏿 Juntos estamos reconstruindo o Brasil e trazendo qualidade de vida para as sergipanas e sergipanos.",0,6,12
João Daniel,@depjoaodanielpt,https://twitter.com/depjoaodanielpt/status/1624766712565403649,2023-02-12T13:45:45.000Z,"⏩COMEÇOU
Acompanhe nossa entrevista no programa Domingo Bom, apresentado por Valadares.📻Sintonize na Rádio Cidade - 99,5 ou acompanhe através do link:
 https://radios.com.br/aovivo/radio-cidade-995-fm/71107…",0,0,1
João Daniel,@depjoaodanielpt,https://twitter.com/depjoaodanielpt/status/1624441382638059521,2023-02-11T16:13:00.000Z,"⭐🚩 Nesta noite de sexta-feira, celebrei junto à militância, diversas lideranças políticas, presidentes de diversos diretórios municipais e os movimentos populares do campo e da cidade os 43 anos da fundação do @ptbrasil   e  na sede estadual do partido em #Sergipe.",1,2,9
João Daniel,@depjoaodanielpt,https://twitter.com/depjoaodanielpt/status/1624124779971084301,2023-02-10T19:14:56.000Z,"Um dia histórico! Um dia em que relembramos muitas lutas, muitos companheiros que estão ao nosso lado ou que ficaram pelo caminho na construção deste grande projeto de um país mais justo e democrático.",1,9,41
João Daniel,@depjoaodanielpt,https://twitter.com/depjoaodanielpt/status/1624101133655453706,2023-02-10T17:40:59.000Z,⭐🚩 Hoje participei da sessão especial ao PT presidida pela vereadora @angelamelo_13 na Câmara de Aracaju.  #PT43Anos,0,0,3
João Daniel,@depjoaodanielpt,https://twitter.com/depjoaodanielpt/status/1624072248142307328,2023-02-10T15:46:12.000Z,"⭐🚩 O @ptbrasil  carrega consigo uma bela história forjada nas lutas do povo brasileiro por democracia e por direitos fundamentais

Me orgulho junto a tantos companheir@s em fazer parte dessa luta por décadas, e continuarei defendendo o povo brasileiro, (+)",1,4,16
João Daniel,@depjoaodanielpt,https://twitter.com/depjoaodanielpt/status/1624069220643520512,2023-02-10T15:34:10.000Z,"🌟🚩 43 ANOS DE PARTIDO DAS TRABALHADORAS E DOS TRABALHADORES

Participando da sessão especial em homenagem ao PT presidida pela vereadora @professoraangelamelo na Câmara de Aracaju.

Confira o nosso discurso na íntegra! ⏯️🌟   #PT43Anos",0,1,2
João Daniel,@depjoaodanielpt,https://twitter.com/depjoaodanielpt/status/1624015587046219778,2023-02-10T12:01:03.000Z,Vida longa ao Partido das Trabalhadoras e dos Trabalhadores. #PT43Anos,0,1,3
João Daniel,@depjoaodanielpt,https://twitter.com/depjoaodanielpt/status/1623860199210553345,2023-02-10T01:43:36.000Z,"Amanhã, 10 de fevereiro, é o aniversário do Partido dos Trabalhadores 🌟No dia do PT, faremos um merecido ato de comemoração, com apresentações culturais e espaço para comercialização solidária, na sede do partido, na Av. Barão de Maruim, 704, em Aracaju 🚩",2,24,72
João Daniel,@depjoaodanielpt,https://twitter.com/depjoaodanielpt/status/1623696176884199425,2023-02-09T14:51:50.000Z,"Nosso mandato permanece firme e forte, na defesa das trabalhadoras, dos trabalhadores e de todas as minorias que precisam de representatividade neste pais.

Vamos à luta, com Lula, com o PT, com os trabalhadores pela reconstrução do nosso país!",5,18,52
João Daniel,@depjoaodanielpt,https://twitter.com/depjoaodanielpt/status/1623310779049967616,2023-02-08T13:20:24.000Z,Tive um momento de diálogo com o ministro do Trabalho @luizmarinhopt na última terça-feira e saí satisfeito com os rumos que o ministério está tomando após a sua recriação por parte do presidente Lula.,1,11,35
João Daniel,@depjoaodanielpt,https://twitter.com/depjoaodanielpt/status/1623290440026824706,2023-02-08T11:59:34.000Z,"Um mês se passou desde a barbárie que foi a tentativa de golpe fracassada contra a democracia.  
A democracia é o patrimônio mais precioso da população brasileira. E a justiça será firme contra quem tentar tirá-la do povo.🎥 Audiovisual/PR@LulaOficial @PTBrasil @Secomvc @GovBR",0,6,15
João Daniel,@depjoaodanielpt,https://twitter.com/depjoaodanielpt/status/1623165215981375492,2023-02-08T03:41:59.000Z,"A LUTA CONTINUA 🚩🌟Confira nosso primeiro discurso de 2023, em que agradecemos ao povo brasileiro, em especial aos sergipanos que deram a oportunidade do Brasil ter um presidente democrático.",1,1,8
João Daniel,@depjoaodanielpt,https://twitter.com/depjoaodanielpt/status/1623107670923268097,2023-02-07T23:53:19.000Z,"Moçada, hoje tive a honra de articular uma grande reunião com a secretária-executiva da Casa Civil, Miriam Belchior, com a participação da Federação Nacional dos Urbanitários, Confederação Nacional dos Eletricitários e o SINDISAN-SE.",1,4,13
João Daniel,@depjoaodanielpt,https://twitter.com/depjoaodanielpt/status/1623089854425796610,2023-02-07T22:42:31.000Z,"✊🏼👨🏽‍🌾 MDA FORTE EM DEFESA DA AGRICULTURA FAMILIAR!

Hoje estive no Ministério do Desenvolvimento Agrário e Agricultura Familiar (MDA) para participar do ato de assinatura da portaria que prorroga por um ano a validade do DAP, sendo estendido até janeiro de 2024.",1,3,10
João Daniel,@depjoaodanielpt,https://twitter.com/depjoaodanielpt/status/1622577023687311361,2023-02-06T12:44:43.000Z,"Manifestamos nosso mais veemente repúdio ao ato de cassação da vereadora Maria Tereza Capra (PT/SC) promovido na madrugada neste últim sábado (4) em sessão da Câmara Municipal de São Miguel do Oeste, em Santa Catarina.",6,40,120
João Daniel,@depjoaodanielpt,https://twitter.com/depjoaodanielpt/status/1622012530137731073,2023-02-04T23:21:37.000Z,"NOTA DE PESAR

Toda nossa solidariedade ao companheiro @Adm_Lucas_Matos  pelo falecimento do seu pai, Genivaldo Xavier Matos, conhecido como Geno.

Em nome do Mandato Popular deixamos registrada nossa solidariedade a toda a família e amigos neste momento tão difícil.#Luto",0,1,5
João Daniel,@depjoaodanielpt,https://twitter.com/depjoaodanielpt/status/1621956946629640192,2023-02-04T19:40:45.000Z,"Nota de pesar 

Lamento a morte da querida Dona Maria de Zé de Dé.

Que essa querida família, de tantos amigos nossos, possa ser consolada neste momento! 🙏💐",0,4,11
João Daniel,@depjoaodanielpt,https://twitter.com/depjoaodanielpt/status/1621934483527147522,2023-02-04T18:11:29.000Z,"Recebi com muita tristeza a notícia do falecimento do ex-vereador de Aracaju, Américo de Deus.

Que toda a família e amigos possam ser consolados neste momento de muita dor e angústia.

Meus sentimentos a todos!",0,0,8
João Daniel,@depjoaodanielpt,https://twitter.com/depjoaodanielpt/status/1621163983259721728,2023-02-02T15:09:48.000Z,"Recebemos com tristeza a notícia da partida de Glória Maria, uma grande mulher que fez história no jornalismo brasileiro.

Seu pioneirismo é reconhecido como inspiração para uma geração, sendo a primeira repórter negra da TV, 
(+)",1,3,14
João Daniel,@depjoaodanielpt,https://twitter.com/depjoaodanielpt/status/1621127851280842752,2023-02-02T12:46:13.000Z,⭐🚩 Nosso Mandato Popular tomou posse em mais uma legislatura na Câmara Federal.,1,2,21
João Daniel,@depjoaodanielpt,https://twitter.com/depjoaodanielpt/status/1620938887194644480,2023-02-02T00:15:20.000Z,"NA DEFESA DO POVO DE MARAJÓ! ✊🏼Ontem foi dia de entregar o relatório final da situação do Povo da Ilha de Marajó ao ministro dos Direitos Humanos e da Cidadania, Sílvio Almeida.",1,3,11
João Daniel,@depjoaodanielpt,https://twitter.com/depjoaodanielpt/status/1620855798480896002,2023-02-01T18:45:11.000Z,"🗓️⭐Um pequeno resumo do nosso primeiro mês do ano, em que estamos trabalhando junto ao presidente @LulaOficial na reconstrução desse país.",1,1,5
João Daniel,@depjoaodanielpt,https://twitter.com/depjoaodanielpt/status/1620804203605286915,2023-02-01T15:20:09.000Z,"❤ Família presente em mais uma posse do nosso mandato popular em defesa das trabalhadoras e dos trabalhadores sergipanos e brasileiros!

O mandato é novo, mas a dedicação pelo nosso permanece a mesma! 🌟",3,4,29
João Daniel,@depjoaodanielpt,https://twitter.com/depjoaodanielpt/status/1620780152551522305,2023-02-01T13:44:35.000Z,O nosso mandato popular estará firme e forte na defesa das trabalhadoras e dos trabalhadores sergipanos. #Sergipe,4,6,21
João Daniel,@depjoaodanielpt,https://twitter.com/depjoaodanielpt/status/1620580169978200064,2023-02-01T00:29:56.000Z,A participação social retorna à pauta de prioridades do governo federal após anos de perseguições e desmontes promovidos pelo governo anterior contra lideranças populares.,9,1,2
