nome,usuario,idTweet,dataPublicacao,texto,replies,retweets,likes
Rosana Valle,@DepRosanaValle,https://twitter.com/DepRosanaValle/status/1629438146084581382,2023-02-25T11:08:22.000Z,A carga tributária no Brasil é muito grande. Precisamos manter essa redução de impostos para o valor do combustível. Isso é fundamental para não enfrentarmos uma inflação ainda maior.,4,19,77
Rosana Valle,@DepRosanaValle,https://twitter.com/DepRosanaValle/status/1628792402314989574,2023-02-23T16:22:24.000Z,"Saque do FGTS p/os desabrigados das chuvas. Lula anunciou, mas não está valendo. Governo Bolsonaro sempre liberou o FGTS para moradores atingidos por desastres naturais em todo o Brasil. Queremos a mesma resposta do atual Governo p/ o litoral paulista. Sem incompetência ou má fé!",5,19,77
Rosana Valle,@DepRosanaValle,https://twitter.com/DepRosanaValle/status/1628065663532113921,2023-02-21T16:14:36.000Z,Obrigada Baixada Santista. ❤️,1,6,30
Rosana Valle,@DepRosanaValle,https://twitter.com/DepRosanaValle/status/1627689341043482624,2023-02-20T15:19:14.000Z,Doações para as vítimas das chuvas no litoral paulista.,2,15,39
Rosana Valle,@DepRosanaValle,https://twitter.com/DepRosanaValle/status/1627312261625700353,2023-02-19T14:20:51.000Z,Fortes chuvas causam enchentes e estragos no litoral paulista #CNNBrasil | notícias da @CNNBrasil,1,4,18
Rosana Valle,@DepRosanaValle,https://twitter.com/DepRosanaValle/status/1626893072033349634,2023-02-18T10:35:09.000Z,"Ao contrário do que eu vi a oposição fazer nos últimos 4 anos na Câmara Federal, votarei sempre no que acredito ser o melhor para o nosso país e para os brasileiros.",12,9,105
Rosana Valle,@DepRosanaValle,https://twitter.com/DepRosanaValle/status/1626389882196094976,2023-02-17T01:15:39.000Z,"O PL visa impedir que o cidadão tenha sua CNH ou passaporte apreendido por conta de dívidas, ou mesmo que seja impedido de se inscrever em concurso público por conta disso. O STF decidiu que essa medida é constitucional.Não concordamos. Por isso, apresentamos esse projeto.",145,966,2.987
Rosana Valle,@DepRosanaValle,https://twitter.com/DepRosanaValle/status/1625695175803650049,2023-02-15T03:15:08.000Z,"Aprovamos a Frente Parlamentar dos Portos Nacionais. Serei a representante dos portos no legislativo federal. “Queremos,principalmente, que o Porto de Santos seja gigante em competitividade e geração de empregos. Vamos defendê-lo, sem ideologias ou partidarismo. O Porto é  nosso”",19,11,116
Rosana Valle,@DepRosanaValle,https://twitter.com/DepRosanaValle/status/1625097754757197824,2023-02-13T11:41:12.000Z,"A herança do PT está repleta de obras inacabadas. Aqui no litoral paulista, retomamos diversas que foram abandonadas nos Governos Lula e Dilma. Antes de criticar, precisam olhar pra si. Não vi responsabilidade, vi desperdício do dinheiro público.",13,27,113
Rosana Valle,@DepRosanaValle,https://twitter.com/DepRosanaValle/status/1624119298082865177,2023-02-10T18:53:09.000Z,É assim que se Governa. Com humildade e diálogo. @tarcisiogdf 👊,6,15,187
Rosana Valle,@DepRosanaValle,https://twitter.com/DepRosanaValle/status/1624000694075158528,2023-02-10T11:01:52.000Z,"E história do PT se repete. Promessa de campanha só serve pra campanha. Em pouco tempo, já virou a chave e mudou o discurso.",18,28,115
Rosana Valle,@DepRosanaValle,https://twitter.com/DepRosanaValle/status/1623353591372165134,2023-02-08T16:10:31.000Z,"Mais uma importante ação do governo do estado para as vítimas de violência doméstica. Com esse apoio e auxílio, muitas mulheres vão ter a chance de reconstruir a vida. Parabéns ao governador @tarcisiogdf pela sensibilidade.",2,1,17
Rosana Valle,@DepRosanaValle,https://twitter.com/DepRosanaValle/status/1621885017839239169,2023-02-04T14:54:56.000Z,Lei de extrema importância para dar mais segurança a nós mulheres. Precisamos sempre combater os abusos e ter mecanismos para que possamos ser respeitadas e protegidas com total dignidade.,9,16,78
Rosana Valle,@DepRosanaValle,https://twitter.com/DepRosanaValle/status/1621544466992533505,2023-02-03T16:21:42.000Z,"216.437 mil votos, a mais votada da Baixada Santista. 🙏 obrigada! Seguiremos na Câmara Federal com coragem, seriedade e transparência.",16,7,123
Rosana Valle,@DepRosanaValle,https://twitter.com/DepRosanaValle/status/1621089922714304513,2023-02-02T10:15:30.000Z,"O nosso motor da economia faz aniversário. Parabéns Porto de Santos. São 131 anos de muita história e avanços. Enquanto deputada, vou sempre lutar pelo nosso cais santista.",8,9,62
