nome,usuario,idTweet,dataPublicacao,texto,replies,retweets,likes
Dr. Luizinho,@Doutorluizinhot,https://twitter.com/Doutorluizinhot/status/1628572639185829891,2023-02-23T01:49:09.000Z,"Parabéns a Imperatriz Leopoldinense pelo Título de Campeã do Carnaval!! A vida é feita de superações, e o título da @oficialgresil está marcado na História pela superação !!",2,0,8
Dr. Luizinho,@Doutorluizinhot,https://twitter.com/Doutorluizinhot/status/1623364298008367124,2023-02-08T16:53:03.000Z,Ontem o Rio passou por fortes chuvas e hoje continua em estágio de atenção. É muito importante mater os devidos cuidados nesse momento evitando sair na rua e ficando em locais seguros. Evitar o contato com água de enchentes é a melhor forma de prevenir doenças como leptospirose,1,2,11
Dr. Luizinho,@Doutorluizinhot,https://twitter.com/Doutorluizinhot/status/1623044589023010831,2023-02-07T19:42:39.000Z,"Hoje o @HEMORIO lançou uma grande campanha de doação, Carnaval Tá No Sangue. Que tal entrar nesse ritmo e também participar? Até o Batman esteve por lá. Doar sangue é um ato de amor!",1,4,11
Dr. Luizinho,@Doutorluizinhot,https://twitter.com/Doutorluizinhot/status/1621135822669107201,2023-02-02T13:17:54.000Z,Tristeza imensa com a notícia da morte de Glória Maria. Uma jornalista icônica que tanto marcou nossas vidas. Que Deus conforte o coração de sua família e amigos.,2,0,9
