nome,usuario,idTweet,dataPublicacao,texto,replies,retweets,likes
Gervásio Maia,@gervasiomaia,https://twitter.com/gervasiomaia/status/1630292443995205644,2023-02-27T19:43:02.000Z,"Uma foto simbólica, que traz esperança e vira uma página sombria da nossa história. @LulaOficial e @geraldoalckmin!!! ✨ 👏🏼👏🏼",0,3,28
Gervásio Maia,@gervasiomaia,https://twitter.com/gervasiomaia/status/1629898853439733760,2023-02-26T17:39:03.000Z,"Nosso, em coautoria com o deputado @pedrocampospe, que prevê o confisco de bens utilizados em crimes contra o Estado Democrático de Direito,foi destaque no jornal @folha.
O projeto é uma resposta aos atos criminosos que aconteceram no dia 8 de janeiro. A democracia é inegociável.",1,5,31
Gervásio Maia,@gervasiomaia,https://twitter.com/gervasiomaia/status/1625853036093669379,2023-02-15T13:42:25.000Z,"Logo mais, ao meio dia, participo de entrevista com @kissvasconcelos e Zé Vitor, do @o_antagonista. Vc pode conferir esse bate papo no canal do #OAntagonista no Youtube.
Conto com sua audiência e participação. Até lá!! 😉",0,1,5
Gervásio Maia,@gervasiomaia,https://twitter.com/gervasiomaia/status/1624403520135786496,2023-02-11T13:42:33.000Z,"A PB ocupa o 2° lugar em número de alunos matriculados em escolas de ensino médio que estudam em tempo integral. Os dados são do Censo Escolar da Educação Básica 2022, divulgados pelo MEC e INEP. São 57,8 % dos estudantes matriculados em escolas dessa modalidade..",4,5,32
Gervásio Maia,@gervasiomaia,https://twitter.com/gervasiomaia/status/1624005721451814913,2023-02-10T11:21:51.000Z,"Nossa solidariedade ao ministro @FlavioDino, alvo de ameaças por parte do deputado Gilson Fahur nesta quinta-feira. A bancada do PSB na Câmara vai acionar o deputado no Conselho de Ética da Casa. A imunidade parlamentar não pode servir de escudo para ameaças e violência.",0,3,21
Gervásio Maia,@gervasiomaia,https://twitter.com/gervasiomaia/status/1623041334738096153,2023-02-07T19:29:43.000Z,"Participei da reunião com Ministro das Relações Institucionais @padilhando. Falamos sobre a retomada dos trabalhos na Câmara e sobre os caminhos para a recuperação institucional e política do país. Novos tempos, de diálogo, reconstrução e fortalecimento da democracia.",1,2,15
Gervásio Maia,@gervasiomaia,https://twitter.com/gervasiomaia/status/1621254146266464264,2023-02-02T21:08:04.000Z,"Com muita honra fui indicado para assumir a vice-liderança do @psbnacamara. Estou grato pela confiança do nosso líder @felipecarreras e demais colegas de bancada. Contem com meu empenho e dedicação. Vamos, juntos, construir uma nova história 🤝🏻",1,1,15
Gervásio Maia,@gervasiomaia,https://twitter.com/gervasiomaia/status/1621152794878300161,2023-02-02T14:25:20.000Z,"O Brasil perdeu hoje um ícone da TV. 
Glória Maria fez história no jornalismo brasileiro. Em cinco décadas de trabalho foi pioneira inúmeras vezes. Ultrapassou barreiras, foi desbravadora, enfrentou preconceitos e rompeu fronteiras.
Que descanse em paz.#luto",0,2,8
Gervásio Maia,@gervasiomaia,https://twitter.com/gervasiomaia/status/1620746720807358464,2023-02-01T11:31:44.000Z,"Logo mais tomarei posse na @camaradeputados. Mais uma vez, agradeço ao povo pela confiança no meu trabalho. Prometo me empenhar, ainda mais, para defender as pautas do Brasil e da minha amada #Paraíba.
A solenidade será transmitida ao vivo pela TV câmara e pelas redes sociais.",1,2,13
