nome,usuario,idTweet,dataPublicacao,texto,replies,retweets,likes
Jorge Braz,@Jorge_Braz,https://twitter.com/Jorge_Braz/status/1630178682546339842,2023-02-27T12:10:59.000Z,"#BOASEMANA | NÃO DESISTA! Embora exteriormente esteja desgastado(a), busque a renovação interior em Deus dia após dia.

Assim, fixe os olhos, não naquilo que se vê, mas no que não se vê, pois o que se vê é transitório, mas o que não se vê é eterno. (2 Coríntios 4:16-18)",0,0,0
Jorge Braz,@Jorge_Braz,https://twitter.com/Jorge_Braz/status/1628337163950604288,2023-02-22T10:13:27.000Z,"“SENHOR, quem habitará no teu tabernáculo? Quem morará no teu santo monte?
Aquele que anda sinceramente, e pratica a justiça, e fala a verdade no seu coração.” Salmos 15:1 

Pratique isso! O preço é alto, mas a recompensa vem na eternidade com Deus.🙌🏼🙏🏻Você crê❓",0,0,2
Jorge Braz,@Jorge_Braz,https://twitter.com/Jorge_Braz/status/1627628492140474369,2023-02-20T11:17:27.000Z,"NÃO COLOQUE limites nos seus sonhos, coloque fé.🙏🏽Deus abençoe a sua semana!😃",1,0,0
Jorge Braz,@Jorge_Braz,https://twitter.com/Jorge_Braz/status/1626217671477063681,2023-02-16T13:51:21.000Z,"#TBT | Após uma reunião abençoada na Universal Benjamin do Monte, um registro com os servos de Deus; que tem dedicado suas vidas no ganho de almas.",0,0,1
Jorge Braz,@Jorge_Braz,https://twitter.com/Jorge_Braz/status/1625303490863017984,2023-02-14T01:18:43.000Z,"#APROVADO | A Câmara aprovou o Projeto de Lei n°1.372/22, do Dep. Federal Paulo Bengtson, que autoriza o Poder Executivo a implantar o Sistema Nacional de Acompanhamento e Combate à Violência nas Escolas (Snave).",0,1,3
Jorge Braz,@Jorge_Braz,https://twitter.com/Jorge_Braz/status/1625116212702109698,2023-02-13T12:54:32.000Z,"#BOASEMANA | Sincero é aquele que se apresenta diante do Senhor do jeito que está vivendo, passando, sofrendo e enfrentando a vida. 

Quando vivemos e assumimos o que somos, Deus pode cuidar melhor de nós.🙏🏼Que sua semana seja abençoada! 

Você crê❓",0,0,0
Jorge Braz,@Jorge_Braz,https://twitter.com/Jorge_Braz/status/1623359452727414788,2023-02-08T16:33:48.000Z,"#Repost @paulosergiocyrillo | Mais uma conquista para Bom Jesus do Itabapoana! 

Bora avançar!",0,0,2
Jorge Braz,@Jorge_Braz,https://twitter.com/Jorge_Braz/status/1622997986526605314,2023-02-07T16:37:28.000Z,"Hoje completamos 42 anos de casados com amor, respeito e cumplicidade.❤️Até aqui o Senhor nos ajudou.🙏🏼",0,0,4
Jorge Braz,@Jorge_Braz,https://twitter.com/Jorge_Braz/status/1622935417749229569,2023-02-07T12:28:50.000Z,"#POLÍTICA | Começamos a 57° legislatura, e vamos seguir trabalhando para atender as demandas do povo. 

Não pensando somente em um grupo de pessoas, mas em toda nação.🇧🇷Deus é com a gente, mas precisamos trabalhar! 👊🏼",0,0,0
Jorge Braz,@Jorge_Braz,https://twitter.com/Jorge_Braz/status/1622540681410387969,2023-02-06T10:20:18.000Z,"#BOASEMANA | Acreditar que o melhor ainda está por vir é o ingrediente perfeito para jamais desistir.🙏🏼“Tudo tem o seu tempo determinado, e há tempo para todo propósito debaixo do céu.” Eclesiastes 3:1

Tenha bom ânimo!😃",0,0,2
