nome,usuario,idTweet,dataPublicacao,texto,replies,retweets,likes
Júlio Arcoverde,@julioarcoverde,https://twitter.com/julioarcoverde/status/1630337345424707586,2023-02-27T22:41:28.000Z,"LAMENTÁVEL⛽️ 📈O aumento da gasolina terá um impacto negativo para todos os brasileiros, desde as indústrias até as empresas e, principalmente, para a nossa gente. O aumento de preços pode agravar ainda mais a situação econômica. #aumentogasolina #economia #Brasil",0,2,3
Júlio Arcoverde,@julioarcoverde,https://twitter.com/julioarcoverde/status/1630183133470502912,2023-02-27T12:28:41.000Z,"Bom dia, amigos! Passando aqui para desejar uma ótima semana para todos! Que Deus abençoe nosso trabalho. E fique ligado aqui em nossas redes sociais para saber das novidades. Estamos juntos por um Piauí e um Brasil melhor. 💙🙏🏻",1,3,8
Júlio Arcoverde,@julioarcoverde,https://twitter.com/julioarcoverde/status/1629648457873981440,2023-02-26T01:04:04.000Z,"SEJA BEM-VINDO, DOM JUAREZ 💙Neste sábado, 25, a arquidiocese de Teresina recebe o 8º Arcebispo Metropolitano, Dom Juarez.",1,0,4
Júlio Arcoverde,@julioarcoverde,https://twitter.com/julioarcoverde/status/1629284961831231490,2023-02-25T00:59:40.000Z,"CPMI INSTALADA🇧🇷Amigos, acabamos de conseguir as assinaturas necessárias na Câmara e no Senado para a instauração da CPMI do dia 08 de janeiro.",3,2,8
Júlio Arcoverde,@julioarcoverde,https://twitter.com/julioarcoverde/status/1629251740598927361,2023-02-24T22:47:39.000Z,"VERDADE DOS FATOS ✅Amigos, assinei a CPMI do 8 de janeiro que vai apurar os atos de vandalismo e omissão ocorridos nas Sedes dos Três Poderes.",14,10,46
Júlio Arcoverde,@julioarcoverde,https://twitter.com/julioarcoverde/status/1629211820303982595,2023-02-24T20:09:01.000Z,"MULHERES NA POLÍTICA 💙Em 1928, as mulheres conseguiram uma vitória histórica da luta por sua participação na política: a conquista do voto feminino no Brasil.",1,1,1
Júlio Arcoverde,@julioarcoverde,https://twitter.com/julioarcoverde/status/1629156036060774400,2023-02-24T16:27:21.000Z,"SEGURANÇA PÚBLICA PRECISA SER PRIORIDADE!

Infelizmente, Teresina, nossa capital piauiense, tem sido apontada como uma das cidades mais violentas do mundo, conforme o ranking do Conselho Cidadão para a Segurança Pública e Justiça Penal, divulgado nesta semana.",1,2,8
Júlio Arcoverde,@julioarcoverde,https://twitter.com/julioarcoverde/status/1628737310182318080,2023-02-23T12:43:29.000Z,"MUNICÍPIOS EM PRIMEIRO LUGAR 💙🙏🏻Amigos, hoje, 23 de fevereiro, celebramos o Dia Nacional do Movimento Municipalista Brasileiro. 
Data importante que representa a luta constante pela valorização e desenvolvimento dos municípios.",1,0,4
Júlio Arcoverde,@julioarcoverde,https://twitter.com/julioarcoverde/status/1628403320292360192,2023-02-22T14:36:20.000Z,"TEMPO DE REFLEXÃO 🙏🏼Amigos, a quarta-feira de cinzas nos traz a chegada da Quaresma, tempo de reflexão e preparação para a Páscoa através da busca por uma vida nova, fundamentada nos ensinamentos do evangelho.",3,1,2
Júlio Arcoverde,@julioarcoverde,https://twitter.com/julioarcoverde/status/1627662957252423680,2023-02-20T13:34:24.000Z,"Bom dia, amigos! 💙Desejo uma ótima semana para todos! Fé, amor e sabedoria! Que Deus nos proteja sempre! Forte abraço a todos!",0,0,0
Júlio Arcoverde,@julioarcoverde,https://twitter.com/julioarcoverde/status/1626985447434993665,2023-02-18T16:42:13.000Z,"SE LIGA 🚦Boa tarde, amigos! Ainda tem gente pegando estrada nesse sabadão de carnaval. 

Por isso, é importante tomar cuidado e seguir as normas de trânsito direitinho, viu? A segurança no trânsito deve ser sempre uma prioridade.",1,0,3
Júlio Arcoverde,@julioarcoverde,https://twitter.com/julioarcoverde/status/1626659433475366920,2023-02-17T19:06:45.000Z,CARNAVAL SEM VIOLÊNCIA 🥳O carnaval é uma festa divertida. E a segurança dos foliões é um ponto essencial. É responsabilidade das autoridades da segurança pública garantir que as pessoas possam participar da festa sem medo de violência ou de outros perigos.,1,0,1
Júlio Arcoverde,@julioarcoverde,https://twitter.com/julioarcoverde/status/1626618777109426178,2023-02-17T16:25:12.000Z,Que esse carnaval seja de muita paz e respeito para todos. Bom feriado! 🙌🏼#Carnaval #Feriado #Respeito #DepFederal,1,0,4
Júlio Arcoverde,@julioarcoverde,https://twitter.com/julioarcoverde/status/1626600772342546432,2023-02-17T15:13:39.000Z,"A Campanha Itinerante de Prevenção e Enfrentamento à Violência contra a Mulher, “Se você me respeita, tem meu respeito”, organizada pela presidente nacional do @ppmulheres11 , @iracemaportela , e a coordenadora do Mulheres Progressistas PI, @ErinaldaFeitosa +",1,0,2
Júlio Arcoverde,@julioarcoverde,https://twitter.com/julioarcoverde/status/1626299045986590721,2023-02-16T19:14:42.000Z,"TRABALHANDO PARA O PIAUÍ 🇧🇷 💙Amigos, me sinto honrado por ter a oportunidade de defender a melhoria da qualidade de vida de nossa população na Câmara dos Deputados.",1,0,0
Júlio Arcoverde,@julioarcoverde,https://twitter.com/julioarcoverde/status/1626278411139264514,2023-02-16T17:52:42.000Z,PARABÉNS REPÓRTERES🎤👏🏼Hoje parabenizo todos os repórteres do nosso Piauí e do Brasil pelo trabalho árduo e dedicação à profissão. Os repórteres são exemplos de profissionais comprometidos com o seu trabalho e com o dever de informar a população.,1,0,3
Júlio Arcoverde,@julioarcoverde,https://twitter.com/julioarcoverde/status/1625905786609184774,2023-02-15T17:12:02.000Z,"MUNICÍPIOS SÃO PRIORIDADES 💙Amigos, boa tarde! Aqui em Brasília, nesta manhã de quarta-feira, 15, recebi os prefeitos Josué Alves, de Morro Cabeça no Tempo, e Eduardo Henrique, de Júlio Borges, cidades localizadas no extremo-sul piauiense.",1,0,1
Júlio Arcoverde,@julioarcoverde,https://twitter.com/julioarcoverde/status/1625653444466864128,2023-02-15T00:29:18.000Z,Comemorando com meu amor! 💙,0,0,3
Júlio Arcoverde,@julioarcoverde,https://twitter.com/julioarcoverde/status/1625590385002090496,2023-02-14T20:18:44.000Z,"MAIS RECURSOS 💙Pela manhã desta terça-feira, 14, recebi os amigos do município de Canto do Buriti, prefeito Fellipe Alves e a primeira-dama, Michelle Chaves. Conversamos sobre a destinação de recursos para a cidade.",2,0,4
Júlio Arcoverde,@julioarcoverde,https://twitter.com/julioarcoverde/status/1625546809740345350,2023-02-14T17:25:35.000Z,"GRATIDÃO 💙Comemorando mais um ano de vida com meu bem maior: minha família! Aproveito, de já, para agradecer a todos pelas mensagens de felicitações e carinho. Que Deus abençoe cada um! 💙Obrigado 🙏🏻 #Família #BemMaior #Gratidão #Aniversário",0,0,2
Júlio Arcoverde,@julioarcoverde,https://twitter.com/julioarcoverde/status/1625455325015842817,2023-02-14T11:22:03.000Z,Sou grato a Deus pela graça de celebrar mais um ano de vida e por permitir que meu maior presente seja ter saúde e oportunidade para continuar lutando por nosso estado.💙🙌🏼#Aniversário #DeputadoJulioArcoverde #Progressistas,0,0,1
Júlio Arcoverde,@julioarcoverde,https://twitter.com/julioarcoverde/status/1625224324121501724,2023-02-13T20:04:08.000Z,"Participei na manhã desta segunda-feira, 13, da Cerimônia de Posse do amigo Jeová Alencar como novo Superintendente da SAAS Sul de Teresina. Aproveitei a oportunidade para deixar meu abraço e desejar um bom trabalho nesta missão.",1,0,3
Júlio Arcoverde,@julioarcoverde,https://twitter.com/julioarcoverde/status/1624925862918234112,2023-02-13T00:18:10.000Z,"SÃO PEDRO DO PIAUÍ 💙Que alegria poder participar do tradicional Zé Pereira do município de São Pedro do Piauí. Parabenizo o prefeito Júnior Bill, primeira-dama Thaysa Léda e a todos que fizeram essa grande festa.",1,0,2
Júlio Arcoverde,@julioarcoverde,https://twitter.com/julioarcoverde/status/1624465050885922816,2023-02-11T17:47:03.000Z,"MINHA TERESINA 💙Participei na manhã deste sábado, 11, de um belíssimo encontro organizado pelos amigos R. Silva, Wilson e demais lideranças. Eu e o presidente estadual do Progressistas PI, @joelrodriguespi, pudemos sentir muito carinho em cada palavra e abraço.",1,0,0
Júlio Arcoverde,@julioarcoverde,https://twitter.com/julioarcoverde/status/1624067351535648770,2023-02-10T15:26:44.000Z,"Recebi em meu escritório, nessa sexta-feira, 10, o deputado progressistas B. Sá. Conversamos sobre pautas políticas relacionadas ao nosso amado Piauí e que interessam a todos piauienses. Vamos continuar trabalhando juntos! #Piauí #Progressistas #DeputadoFederal",1,0,2
Júlio Arcoverde,@julioarcoverde,https://twitter.com/julioarcoverde/status/1623741639683366912,2023-02-09T17:52:29.000Z,"TRABALHANDO PELO BRASIL 🇧🇷💙Estive no gabinete do nosso líder, Dep. Federal @DepAndreFufuca (PP-MA), junto com meu amigo, Dep. Federal @luladafonte (PP-PE), conversando sobre as pautas legislativas que irão ajudar no desenvolvimento do nosso país.@Progressistas11",2,0,4
Júlio Arcoverde,@julioarcoverde,https://twitter.com/julioarcoverde/status/1623715698458472449,2023-02-09T16:09:24.000Z,"Bom dia, amigos! O nosso trabalho começou cedo no plenário da Câmara dos Deputados. Estamos trabalhando por nosso Brasil 🇧🇷 e nosso Piauí!!! 
Ótima quinta-feira a todos! @Progressistas11 #CâmaradosDeputados #Trabalho #Brasil #Piauí #Progressistas",0,0,1
Júlio Arcoverde,@julioarcoverde,https://twitter.com/julioarcoverde/status/1623500311762444289,2023-02-09T01:53:32.000Z,"Com os amigos deputados, no final da sessão desta quarta-feira, 08. Estamos trabalhando muito para um 🇧🇷 melhor para todos!#Deputados #Câmara #Brasília",0,0,1
Júlio Arcoverde,@julioarcoverde,https://twitter.com/julioarcoverde/status/1623486715435315201,2023-02-09T00:59:30.000Z,"No plenário da Câmara dos Deputados, trabalhando pelo nosso Piauí!  🙏🏻💙🇧🇷 @Progressistas11 #TrabalhodeResultados #Piauí #DepFederalJúlioArcoverde",0,0,1
Júlio Arcoverde,@julioarcoverde,https://twitter.com/julioarcoverde/status/1623478992190709761,2023-02-09T00:28:49.000Z,"DESENVOLVIMENTO ECONÔMICO E TURISMO EM TERESINA 🚀 

Amigos, hoje recebi o secretário municipal de Desenvolvimento Econômico e Turismo de Teresina, @iranfelinto.",1,0,3
Júlio Arcoverde,@julioarcoverde,https://twitter.com/julioarcoverde/status/1623478587725602816,2023-02-09T00:27:12.000Z,"PIAUÍ EM BOAS MÃOS 💙Aproveitei o horário de almoço aqui em Brasília para conversar com o presidente estadual do Progressistas PI, @joelrodriguespi; e vereador e presidente do municipal do PP em Teresina, @aluisiosampaio. Continuamos a caminhada em busca de um estado melhor!",1,0,0
Júlio Arcoverde,@julioarcoverde,https://twitter.com/julioarcoverde/status/1623401316151136256,2023-02-08T19:20:09.000Z,"Recebi aqui no gabinete, em Brasília, o diretor da @tvantena10, filiada da Rede Record, Thesco Silva. Conversamos sobre a importância de fortalecer a comunicação em nosso estado e também projetos futuros. Obrigado pela visita, Thesco. #TVAntena10 #RedeRecord #Comunicação #Piauí",0,0,1
Júlio Arcoverde,@julioarcoverde,https://twitter.com/julioarcoverde/status/1623355089359364098,2023-02-08T16:16:28.000Z,"GARANTIA DE RECURSOS PARA MUNICÍPIOS DO #PIAUÍ 🇧🇷💙Bom dia, amigos! Na manhã desta quarta-feira, 08, recebi com muita alegria alguns prefeitos no meu gabinete.",2,0,0
Júlio Arcoverde,@julioarcoverde,https://twitter.com/julioarcoverde/status/1623006736209653782,2023-02-07T17:12:14.000Z,"ATENÇÃO BÁSICA SAÚDE DE TERESINA PEDE SOCORRO 🚨Que tristeza ler essa notícia! Uma colocação onde jamais nossa amada capital deveria estar. O prefeito atual prometeu cuidar de gente. Se assim estivesse fazendo, não teríamos tantos teresinenses sofrendo sem atendimento básico.",1,0,0
Júlio Arcoverde,@julioarcoverde,https://twitter.com/julioarcoverde/status/1622986159474221056,2023-02-07T15:50:28.000Z,"ALÔ, REGENERAÇÃO 💙Recebi mais uma vez o vereador progressistas do município de Regeneração, Wallyson Mendes. Além de trazer suas demandas, o vereador renovou sua parceria conosco nessa caminhada. Grato por sua demonstração de confiança em nosso trabalho!",1,1,1
Júlio Arcoverde,@julioarcoverde,https://twitter.com/julioarcoverde/status/1622972967008325632,2023-02-07T14:58:03.000Z,"RECURSOS ALTO LONGÁ 💙O vice-prefeito progressistas de Alto Longá, Marciel Sindô, e seu irmão, Márcio Sindô, também estiveram em meu escritório nesta manhã.",1,0,1
Júlio Arcoverde,@julioarcoverde,https://twitter.com/julioarcoverde/status/1622959889298366464,2023-02-07T14:06:05.000Z,"JUNTOS POR CAMPO MAIOR 💙Bom dia, amigos. Iniciei essa terça-feira, 07, conversando com as lideranças do município de Campo Maior, Gabriella Pinho e seu esposo, Bruno Paz. Dialogamos sobre os anseios dessa cidade tão querida.",1,0,7
Júlio Arcoverde,@julioarcoverde,https://twitter.com/julioarcoverde/status/1622727205775179782,2023-02-06T22:41:29.000Z,"Finalizei o dia tratando de demandas com o engenheiro civil Gedeones Brito, do município de Simões. Conversamos sobre os anseios dessa cidade tão querida que, em breve, receberá muita coisa boa. Vamos em frente!#Simões #Piauí #DeputadoFederal #Brasília",0,0,0
Júlio Arcoverde,@julioarcoverde,https://twitter.com/julioarcoverde/status/1622712410678214658,2023-02-06T21:42:41.000Z,"É sempre bom estar junto com a nossa amiga @iracemaportela . Ela que traz incentivo em toda minha caminhada. Iracema é sinônimo de parceria política, me inspirando a trabalhar ainda mais para o nosso estado do Piauí.",1,0,3
Júlio Arcoverde,@julioarcoverde,https://twitter.com/julioarcoverde/status/1622701512332902407,2023-02-06T20:59:23.000Z,"RECURSOS ANTÔNIO ALMEIDA 💙Amigos, iniciei a tarde em reunião  com a nossa presidente Nacional do Movimento Mulheres Progressistas, deputada @iracemaportela, e a nossa liderança do município de Antônio Almeida e Presidente Municipal do Progressistas, Teresa Cristina.",1,0,1
Júlio Arcoverde,@julioarcoverde,https://twitter.com/julioarcoverde/status/1622634964255637525,2023-02-06T16:34:57.000Z,"#PROGRESSISTAS UNIDOS💙Hoje aqui em Teresina, conversei bastante com o amigo e Presidente Estadual do Partido @progressistaspi, @joelrodriguespi, sobre a política local e também a nossa representação no PP a nível nacional.",1,1,1
Júlio Arcoverde,@julioarcoverde,https://twitter.com/julioarcoverde/status/1622621947409448960,2023-02-06T15:43:13.000Z,"#EntrevistaAmigos, na manhã desta segunda-feira, 06, conversei com o repórter @BarbosaElivaldo , da TV @cidadeverde . Destaquei a minha alegria de representar o povo do nosso Piauí na Câmara dos Deputados.",1,0,5
Júlio Arcoverde,@julioarcoverde,https://twitter.com/julioarcoverde/status/1622575434956144640,2023-02-06T12:38:24.000Z,"Infelizmente, já virou rotina na vida dos teresinenses a falta de transporte público. Em janeiro de 2021, o atual prefeito prometeu resolver esse problema em 100 dias.",1,0,2
Júlio Arcoverde,@julioarcoverde,https://twitter.com/julioarcoverde/status/1621953592138633218,2023-02-04T19:27:25.000Z,"BORA, GALO! 🐓⚽️Mais um final de semana acompanhando nosso @riveracoficial em campo. Vamos juntos rumo a liderança do campeonato piauiense! #Jogo #Futebol #Piauí",0,0,2
Júlio Arcoverde,@julioarcoverde,https://twitter.com/julioarcoverde/status/1621860035256111107,2023-02-04T13:15:39.000Z,"“A humildade é a chave que abre todas as portas.”
São Francisco de Assis",0,0,5
Júlio Arcoverde,@julioarcoverde,https://twitter.com/julioarcoverde/status/1621667375274754049,2023-02-04T00:30:06.000Z,"PREFEITOS SÃO PRIORIDADES!

Amigos, nesta semana recebi em Brasília com muita alegria os prefeitos de Várzea Grande, Dr. Segundo; de Miguel Leão, Robertinho; de Elesbão Veloso, Rafael Malta e de Gilbués, Amiltinho.",1,1,2
Júlio Arcoverde,@julioarcoverde,https://twitter.com/julioarcoverde/status/1621562608070393856,2023-02-03T17:33:47.000Z,"#PROGRESSISTAS 💙Amigos, é com muita alegria e satisfação que eu estou aqui no Congresso Nacional, na Câmara dos Deputados, representando todos vocês, do nosso querido Piauí. @Progressistas11",1,0,0
Júlio Arcoverde,@julioarcoverde,https://twitter.com/julioarcoverde/status/1621296964099768321,2023-02-02T23:58:13.000Z,Um #TBT de ontem em um momento especial onde pude receber o carinho da família e amigos do nosso Piauí após a Cerimônia de Posse. Sou grato pela oportunidade de comemorar essa conquista com todos vocês!,1,0,0
Júlio Arcoverde,@julioarcoverde,https://twitter.com/julioarcoverde/status/1621223172853866506,2023-02-02T19:04:59.000Z,"#ElesbãoVeloso 
O prefeito de Elesbão Veloso, Rafael Malta e o vice-prefeito, Arthur Paes Landim, também estiveram aqui no gabinete nesta manhã de quinta feira, 02. Conversamos bastante sobre a importância de destinar recursos para o município.",1,0,0
Júlio Arcoverde,@julioarcoverde,https://twitter.com/julioarcoverde/status/1621211340424503297,2023-02-02T18:17:58.000Z,"#Entrevista 🎤 
Registro da entrevista concedida à TV @cidadeverde para a repórter Sávia Barreto. Uma ótima conversa com a amiga jornalista sobre nossos projetos para esse início de mandato aqui na Câmara dos Deputados.",1,0,0
Júlio Arcoverde,@julioarcoverde,https://twitter.com/julioarcoverde/status/1621185908409081857,2023-02-02T16:36:55.000Z,"Amigos, o primeiro prefeito do Piauí que recebi aqui no gabinete, em Brasília, foi o meu amigo Amiltinho de Gilbués. Falamos da importância do município para nosso estado.",1,1,0
Júlio Arcoverde,@julioarcoverde,https://twitter.com/julioarcoverde/status/1621147471857717248,2023-02-02T14:04:11.000Z,"Muito triste com a partida da jornalista Glória Maria! Ela que, por anos, foi a única jornalista negra do país, se tornando referência e inspiração na TV brasileira.
Seu trabalho e coragem ficarão marcados na história. Descanse em paz, Glória!",0,0,1
Júlio Arcoverde,@julioarcoverde,https://twitter.com/julioarcoverde/status/1621108326196191232,2023-02-02T11:28:38.000Z,"Bom dia, amigos! 
Daqui a pouco, aqui em Brasília, às 9h, teremos a Sessão Deliberativa da Câmara para eleição do cargo de ministro do TCU. E a tarde, às 15h, teremos a Sessão Solene do Congresso Nacional para inaugurar a 1ª Sessão Legislativa Ordinária da 57ª Legislatura.",1,0,0
Júlio Arcoverde,@julioarcoverde,https://twitter.com/julioarcoverde/status/1620947820412030976,2023-02-02T00:50:50.000Z,"VITÓRIA HISTÓRICA 🇧🇷  Com uma votação recorde 464 votos nosso amigo progressista, deputado federal @ArthurLira_ (PP-AL) foi reeleito presidente da Câmara Federal.",1,0,0
Júlio Arcoverde,@julioarcoverde,https://twitter.com/julioarcoverde/status/1620868076047839233,2023-02-01T19:33:58.000Z,"Amigos, quero aqui agradecer o apoio do meu amigo, senador @ciro_nogueira , presidente Nacional do Progressistas. Ciro, obrigado por tudo. Estamos juntos para defender nosso estado. Vamos continuar trabalhando para melhorar a qualidade de vida das famílias piauiense.",0,0,1
Júlio Arcoverde,@julioarcoverde,https://twitter.com/julioarcoverde/status/1620867666406957056,2023-02-01T19:32:20.000Z,Nada faria sentido se não tivesse pessoas tão importantes ao meu lado. Obrigado por todo apoio e incentivo nessa nova fase. Amo vocês!,0,1,1
Júlio Arcoverde,@julioarcoverde,https://twitter.com/julioarcoverde/status/1620769759834046465,2023-02-01T13:03:17.000Z,"Participei mais cedo de uma entrevista com o profissional competente, Marcos Teixeira, para a @TVClube_ .
Sempre com o sorriso no rosto, conversei sobre as minhas expectativas para esse ano, agora como Deputado Federal. Agradeço pelo convite e espaço concedido.",0,0,2
Júlio Arcoverde,@julioarcoverde,https://twitter.com/julioarcoverde/status/1620752316646424578,2023-02-01T11:53:59.000Z,Começamos bem cedo por aqui! Iniciei esse dia especial mandando uma mensagem ao meu amado Piauí diretamente de onde estarei nos próximos 4 anos. Que Deus abençoe esse novo capítulo e que possamos buscar sempre o melhor para nosso país!,0,0,2
