nome,usuario,idTweet,dataPublicacao,texto,replies,retweets,likes
Maria do Rosário,@mariadorosario,https://twitter.com/mariadorosario/status/1630353595710291969,2023-02-27T23:46:02.000Z,"Uma ótima notícia p/ a saúde pública da Capital. Vai reabrir nesta terça-feira (27) o atendimento pelo SUS na emergência do Hospital São Lucas da PUC. Além disso, 100 funcionários foram contratados p/ somar à equipe. Uma grande vitória para a saúde e a população porto-alegrense.",5,18,108
Maria do Rosário,@mariadorosario,https://twitter.com/mariadorosario/status/1630325469999497216,2023-02-27T21:54:16.000Z,"Teoria dos 7 Graus de Separação
Viola Davis é uma mulher batalhadora, que desde o início de sua carreira é uma grande inspiração dentro e fora das telas por sua luta na defesa das mulheres e da população negra. Estou ligada à Viola Davis por apenas sete apertos de mão. Olha só!😍",24,26,470
Maria do Rosário,@mariadorosario,https://twitter.com/mariadorosario/status/1630298344898678789,2023-02-27T20:06:29.000Z,"É isto que Bolsonaro pode reivindicar de seu período. Que este tempo fique no passado, mas nunca seja esquecido. Para que nunca mais aconteça!",43,60,452
Maria do Rosário,@mariadorosario,https://twitter.com/mariadorosario/status/1630280478925152256,2023-02-27T18:55:29.000Z,"Lula acaba de receber a dose da vacina bivalente das mãos do vice-presidente @geraldoalckmin , que também é médico. Um presidente de verdade e um líder de confiança para o Brasil! Viva a Vacina, viva a ciência e viva o SUS!⭐💉",49,91,1.225
Maria do Rosário,@mariadorosario,https://twitter.com/mariadorosario/status/1630220688521822208,2023-02-27T14:57:54.000Z,"Essa é a foto que a gente estava esperando. A foto oficial do Presidente da República eleito pela maioria do povo brasileiro para governar o país nos próximos 4 anos. Quanta elegância Presidente!❤️🇧🇷E vcs, o q acharam da foto oficial do @LulaOficial? 📸 @ricardostuckert",1.077,508,8.973
Maria do Rosário,@mariadorosario,https://twitter.com/mariadorosario/status/1630172018476826625,2023-02-27T11:44:30.000Z,"Hoje o Presidente @LulaOficial lança o Movimento Nacional pela Vacinação, em Brasília. E adivinhem? 

Ele mesmo vai se vacinar com a dose bivalente. Sem fakenews e ataque a ciência. Simples assim. 

Como é bom ter um Presidente de verdade, e um governo em q a gente pode confiar!",28,63,549
Maria do Rosário,@mariadorosario,https://twitter.com/mariadorosario/status/1630153950514094082,2023-02-27T10:32:43.000Z,"Hoje a Dona Hilda completa 88 anos. Minha mãe, sempre com ñ sua generosidade, alegria e princípios éticos. 
Obrigada por tudo, mãe!
As imagens são de 3ou 4 anos. 
As Mães são de ferro pra gente.
Mas se o Alzheimer chega, a gente aprende a amar ainda+.
Para ela todo meu amor. ❤️🙏🏼",2,19,926
Maria do Rosário,@mariadorosario,https://twitter.com/mariadorosario/status/1629970802136236035,2023-02-26T22:24:57.000Z,"Assistiram o Desfile das Campeãs ontem? No tema da Imperatriz Leopoldinense, vencedora do Carnaval do RJ, venho desejar boa semana e todas e todos ❤️",41,22,418
Maria do Rosário,@mariadorosario,https://twitter.com/mariadorosario/status/1629904377023430656,2023-02-26T18:01:00.000Z,"O Brasil tem enfrentado desafios como as enchentes no litoral paulista e a estiagem aqui no RS - problemas de causa natural, mas que devem ser tratados pelo Estado para impedir tragédias e combater efeitos. Agora com @lulaoficial temos um Presidente em quem podemos confiar.",79,91,776
Maria do Rosário,@mariadorosario,https://twitter.com/mariadorosario/status/1629863353936953345,2023-02-26T15:17:59.000Z,Minha solidariedade à familia do meu querido colega @Reimont do PT/RJ pela violência sofrida por sua familia. Esperamos que a vida de sua sobrinha prevaleça aos 7 tiros. Precisamos dar um basta a violência contra as mulheres.,8,25,448
Maria do Rosário,@mariadorosario,https://twitter.com/mariadorosario/status/1629843732114853888,2023-02-26T14:00:01.000Z,"O Brasil venceu o concurso internacional Building of the Year 2023! A Casa do Ano fica em Minas Gerais 🤯 

O Brasil é rico em sonhos, perspectivas, experiências, gente com a faca e o queijo na mão para concretizar ideias e transformar o mundo. Lindo de ver!",8,13,154
Maria do Rosário,@mariadorosario,https://twitter.com/mariadorosario/status/1629602138270863360,2023-02-25T22:00:00.000Z,A fome no Brasil é uma escolha política - e com @lulaoficial nós escolhemos pelo combate a ela e às desigualdades que assolam o povo. Mais um vídeo esclarecedor do @ianfneves  💪,75,248,1.202
Maria do Rosário,@mariadorosario,https://twitter.com/mariadorosario/status/1629550969552764928,2023-02-25T18:36:41.000Z,"O ministro da Justiça, @FlavioDino revelou a tentativa de atentado ao presidente @LulaOficial no dia da posse por um criminoso que foi preso dias antes por ataques em Brasília. O fascismo ainda não aceitou a derrota, mas a democracia é a melhor arma contra este tipo de ódio!",39,58,446
Maria do Rosário,@mariadorosario,https://twitter.com/mariadorosario/status/1629541740729483267,2023-02-25T18:00:01.000Z,"Esse carnaval foi muito importante, a retomada oficial da democracia depois de anos sombrios para o Brasil. E o Matheus Nachtergaele, que desfilou como Lampião com a Imperatriz Leopoldinense, tem um recado importante: ""viva o nordeste!"" ❤️🇧🇷",824,404,4.001
Maria do Rosário,@mariadorosario,https://twitter.com/mariadorosario/status/1629481353648513030,2023-02-25T14:00:03.000Z,"Uma liderança federal comprometida com o povo, @lulaoficial mostra o papel do poder público no enfrentamento da crise climática.",60,100,783
Maria do Rosário,@mariadorosario,https://twitter.com/mariadorosario/status/1629223426333212681,2023-02-24T20:55:09.000Z,"Uma das principais demandas dos agricultores e agricultoras apresentada em Hulha Negra no Ato de Combate à Estiagem, está a escassez de água e a manutenção das estações de tratamento de água e esgoto por conta da forte estiagem que atinge cerca de 307 cidades do Rio Grande do Sul",30,76,470
Maria do Rosário,@mariadorosario,https://twitter.com/mariadorosario/status/1629164961380409349,2023-02-24T17:02:49.000Z,Ontem em solo gaúcho pudemos ver o retrato de um Brasil que precisa amparo. É  isto que o governo do Presidente @LulaOficial está atento. Um Brasil justo e com esperança está renascendo com o nosso trabalho.,28,38,311
Maria do Rosário,@mariadorosario,https://twitter.com/mariadorosario/status/1629128326286565376,2023-02-24T14:37:15.000Z,"Ao menos 204 pessoas encontradas em situações análogas ao trabalho escravo em Bento Gonçalves. Funcionários sujeitos a arma de choque e spray de pimenta, sem receberem seus direitos e vivendo em condições insalubres. Q estes trabalhadores sejam acolhidos e q a justiça seja feita!",67,259,1.585
Maria do Rosário,@mariadorosario,https://twitter.com/mariadorosario/status/1629119459985072128,2023-02-24T14:02:01.000Z,"O Brasil segue atuando p/ tentar encerrar a guerra entre Rússia e Ucrânia. Para o vice-ministro das Relações Exteriores da Rússia, Mikhail Galuzin, @LulaOficial tem um ponto de vista de ""política equilibrada no Brasil."" Nossa política ativa e altiva trabalhando pela paz mundial.",478,209,1.542
Maria do Rosário,@mariadorosario,https://twitter.com/mariadorosario/status/1629095189942882311,2023-02-24T12:25:35.000Z,"No aniversário da conquista do voto feminino, ainda são enormes os desafios à igualdade política e na vida.",17,47,280
Maria do Rosário,@mariadorosario,https://twitter.com/mariadorosario/status/1628843255147241475,2023-02-23T19:44:29.000Z,"A crise climática mostra seus graves efeitos e as ações do poder público chegam agora que temos um presidente comprometido com a população. Obrigada aos ministros Wellington Dias, Paulo Teixeira e Pimenta que estão junto conosco nessa batalha.",10,26,174
Maria do Rosário,@mariadorosario,https://twitter.com/mariadorosario/status/1628819331722186753,2023-02-23T18:09:25.000Z,"Em Hulha Negra (RS) com a comitiva de ministros do Presidente @LulaOficial, visitando um dos locais atingidos pela forte estiagem no estado. Nosso governo está trabalhando e amparando as famílias que sobrevivem da agricultura e que passam por esse momento difícil.",19,55,457
Maria do Rosário,@mariadorosario,https://twitter.com/mariadorosario/status/1628807682357444609,2023-02-23T17:23:07.000Z,"Nada de voltinha de jetski. O Gov Federal disponibilizou o maior navio da Marinha p/ atuar como hospital de campanha e reforçar o auxílio às vítimas da tragédia no litoral de SP.
O navio tem capacidade p/ 260 leitos e + de mil militares foram mobilizados para assistir a população",214,586,4.408
Maria do Rosário,@mariadorosario,https://twitter.com/mariadorosario/status/1628780194939957250,2023-02-23T15:33:54.000Z,"Parabéns @oficialgresil, o espetáculo apresentado na avenida foi de arrepiar. Coisa linda! ❤️💐Na campanha pra presidência da República no Complexo do Alemão, Lula recebeu o pavilhão da Imperatriz Leopoldinense. Hoje o CPX tá em festa. Isso que é ser pé quente! 🤣",2,20,176
Maria do Rosário,@mariadorosario,https://twitter.com/mariadorosario/status/1628757284988780546,2023-02-23T14:02:52.000Z,"Chegamos no aeroporto de Bagé para encontrar a comitiva de ministros que logo chegam de Brasília.
A questão da estiagem no RS exige urgência de medidas do poder público.",31,56,799
Maria do Rosário,@mariadorosario,https://twitter.com/mariadorosario/status/1628534974633615360,2023-02-22T23:19:29.000Z,"Coisa linda!!! 
A Imperatriz Leopoldinense campeã.  E como toda Escola de Samba com raiz, olha a alegria da Velha-Guarda! @JanjaLula maior pé quente do samba!
Cadê aquela q tirou onda? 
Se falar novamente cita que são campeãs! 😂😍",0,26,323
Maria do Rosário,@mariadorosario,https://twitter.com/mariadorosario/status/1628532399142232064,2023-02-22T23:09:15.000Z,"Governo liderado por Presidente @LulaOficial disponibiliza 430 milhões para agricultura, defesa civil e área social no RS.

O combate à estiagem conta agora  com medidas emergenciais e estruturais p/diminuir impacto do clima nos próximos anos.",0,16,120
Maria do Rosário,@mariadorosario,https://twitter.com/mariadorosario/status/1628480147744608258,2023-02-22T19:41:37.000Z,A grave situação da seca no RS ja levou 307 municípios a decretarem estado de emergência. Agora  é unir esforços para amparar produtores/as rurais e a população com a falta de agua para lavoura e água potável para consumo próprio.,29,73,695
Maria do Rosário,@mariadorosario,https://twitter.com/mariadorosario/status/1628455027441377281,2023-02-22T18:01:48.000Z,"O combate ao ódio e extremismos é uma luta fundamental que o Brasil precisa encarar. Parabéns pela iniciativa ao min @silviolual e à querida e competente @manueladavila por encarar o desafio com coragem e dedicação, junto a todos e todas que participarão deste trabalho.",3,25,136
Maria do Rosário,@mariadorosario,https://twitter.com/mariadorosario/status/1628421606430199811,2023-02-22T15:49:00.000Z,"Inadmissível que neste momento triste e trágico que vive o litoral norte paulista, tenhamos que ver comerciantes cometendo prática abusiva ao cobrar R$ 93 o litro de uma água das vítimas e moradores das regiões atingidas. Isso é crime e deve ser denunciado ao @proconspoficial.",17,62,353
Maria do Rosário,@mariadorosario,https://twitter.com/mariadorosario/status/1628382493043728384,2023-02-22T13:13:34.000Z,"Importante determinação do Ministro @FlavioDino para que a Polícia Federal abra inquérito e colabore na investigação do assassinato de Marielle e Anderson. 

Já são quase cinco anos sem respostas. O Brasil precisa saber a verdade!",59,172,1.508
Maria do Rosário,@mariadorosario,https://twitter.com/mariadorosario/status/1628360834652012546,2023-02-22T11:47:31.000Z,Hoje é aniversário da querida ministra @simonetebetbr. Uma lutadora dedicada e compromissada com o povo. Parabéns Ministra!,289,273,6.173
Maria do Rosário,@mariadorosario,https://twitter.com/mariadorosario/status/1627732285800710145,2023-02-20T18:09:53.000Z,"União e reconstrução do Brasil. 

No litoral norte de SP, o presidente Lula chama p/perto o Governador de SP, Tarcísio, e o Prefeito local. O +importante nessa hora é atender a população, não interessa o partido.

(Gente, que falta fez essa postura na pandemia do covid!)",0,284,1.648
Maria do Rosário,@mariadorosario,https://twitter.com/mariadorosario/status/1627672814768517120,2023-02-20T14:13:34.000Z,Humanidade faz a diferença.,241,251,2.355
Maria do Rosário,@mariadorosario,https://twitter.com/mariadorosario/status/1627443891501662211,2023-02-19T23:03:54.000Z,"Minha solidariedade aos familiares e amigos das 24 vítimas em decorrência das chuvas no Litoral Norte de SP, e p/ as + de 550 pessoas q precisaram deixar suas casas. Lula e sua equipe já estão providenciado assistência para às vítimas desta tragédia. Muita força a todos e todas!",21,50,704
Maria do Rosário,@mariadorosario,https://twitter.com/mariadorosario/status/1627349478293356546,2023-02-19T16:48:44.000Z,"😂😂😂😂😂como não amar o carnaval? Olha o @ricardostuckert aí, gente! Cadê o @LulaOficial ? Onde tem Stuckert tem presidente Lula!",0,67,926
Maria do Rosário,@mariadorosario,https://twitter.com/mariadorosario/status/1627312243321831427,2023-02-19T14:20:47.000Z,"Domingo de carnaval e nós estamos como? 

Dando uma voltinha de bicicleta em POA e aproveitando nossa cidade linda. ❤️🚲",59,78,2.020
Maria do Rosário,@mariadorosario,https://twitter.com/mariadorosario/status/1627052676989984768,2023-02-18T21:09:22.000Z,"Agora é o Brasil no cenário internacional. Proposta feita por Lula tem eco para o fim da guerra. 

Obrigada @LulaOficial , sempre se preocupando com a vida humana.",0,653,4.644
Maria do Rosário,@mariadorosario,https://twitter.com/mariadorosario/status/1626722391740014592,2023-02-17T23:16:55.000Z,"Enquanto milhares morriam por seguir sua postura anti vacina, registros indicam que Bolsonaro já havia se vacinado com dose única da Janssen.

Mentiroso e covarde. Que responda por seus crimes!",505,799,4.614
Maria do Rosário,@mariadorosario,https://twitter.com/mariadorosario/status/1626673084878176261,2023-02-17T20:01:00.000Z,"Vai sextar por aí? 😜🎉 Bom carnaval pra quem vai pra folia, quem vai pro descanso e também pra quem vai pro batente! Que o mais brasileiro dos feriados seja de sorriso e alegria para todas e todos ❤️",28,41,707
Maria do Rosário,@mariadorosario,https://twitter.com/mariadorosario/status/1626652802326925334,2023-02-17T18:40:24.000Z,"O RS foi um dos estados contemplados pelo repasse do governo federal para cidades atingidas por desastres naturais. Serão R$ 3,8 milhões destinados a 15 municípios gaúchos que enfrentam a estiagem. É um importante fortalecimento e proteção das populações nas cidades atingidas.",4,22,135
Maria do Rosário,@mariadorosario,https://twitter.com/mariadorosario/status/1626564393583489024,2023-02-17T12:49:06.000Z,"A luta pelo piso da enfermagem é antiga e estamos cada vez mais perto! Depois de aprovada no Congresso, agora o governo federal organiza uma Medida Provisória para acelerar a garantia deste direito à categoria. Falta pouco! A categoria merece respeito e dignidade!",13,38,301
Maria do Rosário,@mariadorosario,https://twitter.com/mariadorosario/status/1626560832136945665,2023-02-17T12:34:57.000Z,"Ontem foi um dia de vitória para todas as pesquisadoras e pesquisadores, todos os estudantes e professores, todos os cientistas: o Brasil volta a investir em Educação, Ciência e Pesquisa, volta a valorizar estes profissionais que movem o mundo. Foi pra isso que fizemos o L! ❤️🇧🇷",26,85,726
Maria do Rosário,@mariadorosario,https://twitter.com/mariadorosario/status/1626535053051166721,2023-02-17T10:52:30.000Z,"Alerta! 
Assisti agora  @mariafronteriza Mafê - denunciar que o @DCM_online tá sendo censurado pelo YouTube. 

Importante espaço na TV @PortDemocracia .",0,17,65
Maria do Rosário,@mariadorosario,https://twitter.com/mariadorosario/status/1626318108506963969,2023-02-16T20:30:27.000Z,"Não é Não. A vereadora Fátima Maria, de Viamão, tb faz parte das autoras de projetos de lei p/ enfrentar a violência e assédio sexual em bares e locais de eventos. Somos muitas já, um grande movimento nacional pela dignidade e autonomia das mulheres. Parabéns pela iniciativa!",21,35,442
Maria do Rosário,@mariadorosario,https://twitter.com/mariadorosario/status/1626313431845425159,2023-02-16T20:11:52.000Z,"Quando as bolsas de pós graduação tiverem reajuste de 40% e voltarmos a ver investimento em Ciência e Pesquisa nacionais, você faz o L! ❤️⭐ Orgulho de ver o sonho se realizando. É o Brasil sorrindo novamente.",22,66,506
Maria do Rosário,@mariadorosario,https://twitter.com/mariadorosario/status/1626265180899274755,2023-02-16T17:00:08.000Z,"O #tbt de hoje é carnavalesco. E como o clima de Carnaval já dominou as redes sociais, resolvi fazer essa thread para explicar pq esse é um momento tão especial para o Brasil, e também para mim. Segue o fio 🧶",11,18,228
Maria do Rosário,@mariadorosario,https://twitter.com/mariadorosario/status/1625942120375717889,2023-02-15T19:36:24.000Z,"O Banco Central deveria ser parte de um instrumento da política econômica do governo. Não pode existir uma política tributária, fiscal, separada da política econômica que ganhou a eleição nas urnas, que foi o nosso projeto, o projeto de @LulaOficial e do @ptbrasil.",99,153,903
Maria do Rosário,@mariadorosario,https://twitter.com/mariadorosario/status/1625905417103585283,2023-02-15T17:10:33.000Z,"Quase 24 horas e centenas de famílias de Porto Alegre seguem sem energia elétrica. São cerca de 20 mil pontos em 14 bairros da Capital. @EduardoLeite_ privatizou a @CEEE_Equatorial garantindo melhorias de serviços, o q se tornou um desfavor à população. É preciso providências já!",8,28,214
Maria do Rosário,@mariadorosario,https://twitter.com/mariadorosario/status/1625855810340364288,2023-02-15T13:53:26.000Z,"O povo já percebe a mudança no ar, é o Brasil em reconstrução 🇧🇷❤️ O retorno do Minha Casa Minha Vida, do Bolsa Família, do Auxílio Gás, as medidas de proteção ao meio ambiente e aos povos indígenas, o realinhamento das relações diplomáticas. Isto é só o começo!",185,150,1.303
Maria do Rosário,@mariadorosario,https://twitter.com/mariadorosario/status/1625634742879285248,2023-02-14T23:15:00.000Z,"Trabalhos a todo vapor aqui na Câmara. Hoje presidi a sessão no plenário, como secretária da Mesa Diretora. Mais um mandato de deputada começando nesse início de ano - dessa vez com algumas novidades e desafios inéditos, sempre comprometida com os valores democráticos.",21,30,378
Maria do Rosário,@mariadorosario,https://twitter.com/mariadorosario/status/1625623779412934656,2023-02-14T22:31:26.000Z,"""A roda gigante deste país começa a girar a partir de hoje. Eu vim entregar a chave de uma casa pra uma mulher que quase não consegue pegá-la de tanta emoção. Eu vim aqui pra começar a provar que e possível a gente reconstruir um novo país.""@lulaoficial 💖",17,30,218
Maria do Rosário,@mariadorosario,https://twitter.com/mariadorosario/status/1625611924854415362,2023-02-14T21:44:19.000Z,"Estive hj na posse do @conif, abraçando a nova Presidenta do Conselho, reitora Maria Leopoldina Veras, e também os reitores Flavio Nunes do IFSUL e que assume como vice-presidente de Relações Parlamentares, Julio Heck do IFRS, e a reitora Nídia Heringer do IFFAR. Contem conosco!",6,15,107
Maria do Rosário,@mariadorosario,https://twitter.com/mariadorosario/status/1625607744995598339,2023-02-14T21:27:43.000Z,"Uma das atribuições da 2° Secretaria da Mesa Diretora da Câmara é, eventualmente, presidir os trabalhos da casa. Há pouco dei início a ordem do dia, que vota as matérias definidas na reunião de líderes, em conjunto com o Presidente Arthur Lira. Uma honra e orgulho!",28,58,681
Maria do Rosário,@mariadorosario,https://twitter.com/mariadorosario/status/1625547614954438676,2023-02-14T17:28:47.000Z,Que alegria em ver a Rita Lee curada após anos de tratamento contra um câncer de pulmão. Mulher guerreira e exemplo de luta que sempre nos encantou com sua arte! Viva a vida de Rita Lee! 😍,263,632,"16,8 mil"
Maria do Rosário,@mariadorosario,https://twitter.com/mariadorosario/status/1625495132165537793,2023-02-14T14:00:14.000Z,"Derrubar os juros é fundamental para que o Brasil possa voltar a crescer economicamente e se desenvolver socialmente. Os juros são, hoje, a maior causa de endividamento das famílias brasileiras. #JurosBaixosJá",14,33,182
Maria do Rosário,@mariadorosario,https://twitter.com/mariadorosario/status/1625488070035533824,2023-02-14T13:32:10.000Z,"É hoje o relançamento do Minha Casa, Minha Vida. Mais uma conquista dos governos Lula! Até 2026, serão 2 milhões de novas moradias para as famílias brasileiras. Moradia digna é direito de todos e todas. Viva ao Minha Casa, Minha Vida!🏡😍",15,44,297
Maria do Rosário,@mariadorosario,https://twitter.com/mariadorosario/status/1625460147677003777,2023-02-14T11:41:13.000Z,"Inadmissível a omissão da segurança pública neste feminicídio. Grávida de 5 meses, esfaqueada p/ marido após ser liberado pela polícia, q o prendera por agressão a ela. Minha solidariedade aos 4 filhos, órfãos, à família e toda a comunidade de Uruguaiana.",24,99,597
Maria do Rosário,@mariadorosario,https://twitter.com/mariadorosario/status/1625301295568658432,2023-02-14T01:10:00.000Z,Palavra-chave: democracia ⭐ #PT43anos,10,23,169
Maria do Rosário,@mariadorosario,https://twitter.com/mariadorosario/status/1625300289208156161,2023-02-14T01:06:00.000Z,"""Eu tenho esperança que não há dificuldade que não possamos vencer. Precisamos acordar com disposição pra brigar pelos nossos filhos, mulheres e irmãos. Brigar pelo nosso partido e pelo povo brasileiro""

E com esse convite à luta @lulaoficial encerrou a fala no ato #PT43Anos💖💪",6,21,119
Maria do Rosário,@mariadorosario,https://twitter.com/mariadorosario/status/1625298833625296896,2023-02-14T01:00:13.000Z,"Celebrando o ato de Aniversário do PT ao lado de @instadabene e @elisalucinda, companheiras de luta ⭐❤️ #PT43anos",35,32,445
Maria do Rosário,@mariadorosario,https://twitter.com/mariadorosario/status/1625292795660451840,2023-02-14T00:36:13.000Z,"""Felicidade ou a gente reparte ou a gente perde. Não é possível ser feliz sozinho. Por isso temos que estender a mão..."" ⭐ Lula fala com emoção sobre o princípio mais genuíno, o da empatia. O @ptbrasil foi fundado para combater as desigualdades. Repartir felicidades. #PT43Anos",2,20,112
Maria do Rosário,@mariadorosario,https://twitter.com/mariadorosario/status/1625271413018968067,2023-02-13T23:11:15.000Z,"Noite linda, de festa e união no Ato de Aniversário do PT. Estamos reunidas e reunidos para celebrar e reafirmar nossos compromissos de luta. ⭐❤️ Estamos transmitindo ao vivo nas nossas páginas, não perca! #PT43Anos",266,160,2.023
Maria do Rosário,@mariadorosario,https://twitter.com/mariadorosario/status/1625250018918559763,2023-02-13T21:46:14.000Z,"Acompanhe ao vivo o Ato de Aniversário em  comemoração aos 43 anos do @ptbrasil. Ao lado do @LulaOficial, vamos celebrar a história do partido do povo! ⭐️#PT43Anos",1,6,42
Maria do Rosário,@mariadorosario,https://twitter.com/mariadorosario/status/1625223533390626816,2023-02-13T20:01:00.000Z,"Este é o início de um longo trabalho a ser realizado junto à Mesa Diretora da Câmara. O foco é atuar em conjunto para fortalecermos a nossa democracia, que vem sendo desrespeitada. Aceitei este desafio com orgulho e o trabalho já começou.",8,11,72
Maria do Rosário,@mariadorosario,https://twitter.com/mariadorosario/status/1625204434870407168,2023-02-13T18:45:06.000Z,"Hoje, dia 13, tem notícia boa. Começam os pagamentos do Bolsa Família e Auxílio Gás que vão beneficiar neste mês quase 22 milhões de famílias vivendo em vulnerabilidade. O valor médio será de R$ 614,21 e vai ajudar quem mais precisa a por comida no prato e garantir dignidade 🍛",14,57,368
Maria do Rosário,@mariadorosario,https://twitter.com/mariadorosario/status/1625187846242942984,2023-02-13T17:39:11.000Z,"Estamos realizando reunião do Diretório Nacional do @ptbrasil hoje, em Brasília. Em razão dos 43 anos do partido, e claro, da atual conjuntura política e econômica do Brasil, é fundamental um amplo debate do Partido sobre os rumos do Brasil.",10,20,303
Maria do Rosário,@mariadorosario,https://twitter.com/mariadorosario/status/1625142812860682240,2023-02-13T14:40:14.000Z,".@LulaOficial nos EUA marcou o final de semana. Ao lado de Biden, o presidente destacou a importância da parceria na defesa da democracia e do meio ambiente. Que o Brasil possa retomar o protagonismo internacional, sempre sob os princípios que valorizam o povo, a terra e a vida.",19,28,208
Maria do Rosário,@mariadorosario,https://twitter.com/mariadorosario/status/1624898406081593348,2023-02-12T22:29:03.000Z,"O brilho no olhar de quem recebe elogio da presidenta @dilmabr. Aceitei a responsabilidade de representar as mulheres na Mesa Diretora da Câmara com orgulho e com o compromisso de honrar nossa luta, sempre. Assim como Dilma fez, e fez muito bem ❤️",543,240,3.972
Maria do Rosário,@mariadorosario,https://twitter.com/mariadorosario/status/1624888134784675840,2023-02-12T21:48:14.000Z,"Com a Presidenta @dilmabr, que sempre tem muito a nos ensinar, debatendo os próximos desafios para derrotar o fascismo. São 43 anos de luta do @ptbrasil. Um legado a ser defendido, e muito a reconquistar neste Brasil, com @LulaOficial. ⭐️🇧🇷",206,177,2.104
Maria do Rosário,@mariadorosario,https://twitter.com/mariadorosario/status/1624855021996191744,2023-02-12T19:36:40.000Z,"Precisamos construir uma ideia diferente sobre democracia. Democracia é direito político, ao voto, mas é também direto social, econômico, cultural, ambiental, à diversidade humana, e de um Brasil plural. Debatemos sobre isso no aniversário de 43 anos do @ptbrasil.",16,48,380
Maria do Rosário,@mariadorosario,https://twitter.com/mariadorosario/status/1624853918240112645,2023-02-12T19:32:17.000Z,PT 43 anos | Ex-presidenta Dilma participa do debate: Os próximos desafios para derrotar o fascismo,14,25,184
Maria do Rosário,@mariadorosario,https://twitter.com/mariadorosario/status/1624815784261304323,2023-02-12T17:00:45.000Z,"Desde que fizemos o L o Lula já:✅ Retomou o Bolsa Atleta e Bolsa Família✅ Reajustou o piso do magistério✅ Retomou o Fundo Amazônia

Essas são só algumas das tantas ações do governo federal. Esperamos muito por elas e agora podemos dizer que fazer o L é bom demais ❤",1.012,648,6.361
Maria do Rosário,@mariadorosario,https://twitter.com/mariadorosario/status/1624758285923414024,2023-02-12T13:12:16.000Z,"No aniversário do @ptbrasil, acompanhe a oficina sobre Cultura Democrática para combater o fascismo e o papel dos Comitês Populares. #pt43anos",10,26,138
Maria do Rosário,@mariadorosario,https://twitter.com/mariadorosario/status/1624740221068754944,2023-02-12T12:00:29.000Z,"Muito orgulho da trajetória do nosso partido. Vivemos conquistas e desafios, sempre direcionando nossos esforços para a defesa dos direitos das trabalhadoras e trabalhadores do Brasil. Que venham muitos anos mais deste espírito de luta ⭐",110,147,1.647
Maria do Rosário,@mariadorosario,https://twitter.com/mariadorosario/status/1624513774190297090,2023-02-11T21:00:40.000Z,"Nossa luta sempre foi pelo povo, pela classe trabalhadora que sustenta, de verdade, nosso país. Muitos anos mais ao @ptbrasil 🎉",52,93,795
Maria do Rosário,@mariadorosario,https://twitter.com/mariadorosario/status/1624453393866452992,2023-02-11T17:00:44.000Z,"Tenho baús cheios de fotos como essa, são muitos momentos registrados ao longo de anos de militância. Essa foi em Viamão, mas eu nem consigo identificar o ano, só os rostos que caminharam e caminham comigo até hoje; o brilho no olhar de quem vai à luta pelo que acredita.",18,29,572
Maria do Rosário,@mariadorosario,https://twitter.com/mariadorosario/status/1624429893705498624,2023-02-11T15:27:21.000Z,"Em 8 de janeiro terroristas vestidos de verde e amarelo atentaram contra a nossa democracia, a nossa cultura, o nosso povo e a nossa nação. Mas como sabemos, o povo brasileiro é resistente. Seguimos, restaurados, restaurando o Brasil 💪🇧🇷#UniaoeReconstruçao",12,50,407
Maria do Rosário,@mariadorosario,https://twitter.com/mariadorosario/status/1624151401629638674,2023-02-10T21:00:44.000Z,"Parte da comitiva de Lula nos EUA, a @janjalula e a @aniellefranco fizeram também uma visita ao Museu Nacional de História Afro-Americana em Washington pra colher informações e ideias pra um projeto futuro aqui no Brasil... 🧐🧐 O que será que vem aí?",244,678,5.832
Maria do Rosário,@mariadorosario,https://twitter.com/mariadorosario/status/1624117836237905920,2023-02-10T18:47:21.000Z,"Lula e Bernie Sanders se encontram nos EUA. Que dupla forte, hein! A conversa foi sobre o compromisso com as democracias nos dois países, ameaçadas pela crescente extrema-direita.📷  @ricardostuckert",23,125,1.101
Maria do Rosário,@mariadorosario,https://twitter.com/mariadorosario/status/1624106235212562434,2023-02-10T18:01:15.000Z,O Brasil voltou a ser protagonista no cenário internacional. Lula e comitiva chegam aos Estados Unidos para reestabelecer relações diplomáticas e formar parcerias que fortaleçam a nossa democracia e o posso povo. Isso sim é patriotismo!,51,103,946
Maria do Rosário,@mariadorosario,https://twitter.com/mariadorosario/status/1624048407424733185,2023-02-10T14:11:28.000Z,"Somos pela classe trabalhadora, pelas brasileiras e brasileiros que constroem a nação todos os dias. Há 43 anos o @ptbrasil vem escolhendo o povo; por isso o povo escolhe o PT.",16,44,260
Maria do Rosário,@mariadorosario,https://twitter.com/mariadorosario/status/1624032224545734658,2023-02-10T13:07:10.000Z,"Que alegria essa notícia! A gente que conhece a Valéria @transradioativa sabe do talento dela - como cantora, atriz, compositora e poeta. Agora todo mundo poderá conhecer esse poder na próxima novela das 9 da @tvglobo 😍 Vamos ficar de olho e torcer por ela, por todas nós.",5,9,70
Maria do Rosário,@mariadorosario,https://twitter.com/mariadorosario/status/1624015803279454208,2023-02-10T12:01:54.000Z,"Hoje comemoramos 43 anos do maior partido de esquerda da América Latina e um dos maiores do mundo, o nosso @ptbrasil.",84,89,741
Maria do Rosário,@mariadorosario,https://twitter.com/mariadorosario/status/1623877260011872256,2023-02-10T02:51:23.000Z,"Deputado q usa ofensas, quebra decoro, fere o código de ética. A @camaradeputados está dedicada a ñ aceitar tal postura p/melhorar o ambiente político do Br.

 @ArthurLira_ se pronunciou ontem ao plenário sobre isso. 

Lamento tal ataque e me solidarizo c/o Ministro @FlavioDino",0,17,103
Maria do Rosário,@mariadorosario,https://twitter.com/mariadorosario/status/1623801668105117696,2023-02-09T21:51:01.000Z,"#TBT direto da maratona de aniversário do @ptbrasil ano passado. Estávamos nos organizando a todo vapor para combater o bolsonarismo e preparar a candidatura de Lula. Amanhã, completando 43 anos, os desafios já são outros, mas a alegria e compromisso com a democracia continuam.",5,14,128
Maria do Rosário,@mariadorosario,https://twitter.com/mariadorosario/status/1623800074349252608,2023-02-09T21:44:41.000Z,"Esse foi o cenário especial pra participar da entrevista com a TV Fórum @revistaforum   hoje pela manhã 😍👩‍💻 ""O Brasil feliz de novo"" é o resumo da nossa luta no @ptbrasil, que completa 43 anos essa sexta-feira, com muito orgulho.",6,20,196
Maria do Rosário,@mariadorosario,https://twitter.com/mariadorosario/status/1623690342288719872,2023-02-09T14:28:38.000Z,TV Fórum: Maria do Rosário participa do Fórum Onze e Meia,2,7,46
Maria do Rosário,@mariadorosario,https://twitter.com/mariadorosario/status/1623684179518017536,2023-02-09T14:04:09.000Z,"O IBAMA voltou! As operações para expulsar os garimpeiros dos territórios indígenas já estão acontecendo desde o início da semana, com apreensões de helicópteros, armas e barcos.",15,64,368
Maria do Rosário,@mariadorosario,https://twitter.com/mariadorosario/status/1623659078529474562,2023-02-09T12:24:25.000Z,O primeiro mês de @LulaOficial já foi histórico. Ouviriam esses discos? 📀🎶,13,24,220
Maria do Rosário,@mariadorosario,https://twitter.com/mariadorosario/status/1623489121774628867,2023-02-09T01:09:04.000Z,Aprovamos hoje na Câmara a criação de comissões que vão melhor atender a população brasileira e tratar de temas fundamentais que precisam da atenção deste Parlamento. Importante dizer que estas comissões não exigiram da Câmara a criação de mais cargos.,17,30,268
Maria do Rosário,@mariadorosario,https://twitter.com/mariadorosario/status/1623464026192707584,2023-02-08T23:29:21.000Z,"O fortalecimento das instituições da República. Uma pauta democrática entre lideranças políticas e a Presidenta do @STF_oficial , Ministra Rosa Weber, nos 30 dias do ataque pelos fascistas. #DemocraciaSempre",9,13,136
Maria do Rosário,@mariadorosario,https://twitter.com/mariadorosario/status/1623410600515715073,2023-02-08T19:57:03.000Z,"Encontro das deputadas de esquerda com a Ministra da Mulher, Aparecida Gonçalves, para debater projetos e polticas prioritárias que precisam ser aprovados e implementados. Convergimos sempre quando defendemos os direitos das mulheres a uma vida digna. Preparando o #8deMarço.",5,12,106
Maria do Rosário,@mariadorosario,https://twitter.com/mariadorosario/status/1623395937124069376,2023-02-08T18:58:47.000Z,"Um mês após os ataques terroristas na Esplanada dos Ministérios em Brasília, nos reunimos em ato para homenagear e reforçar nosso compromisso com a democracia - e aproveitamos para lembrar que os traidores dela, são traidores da pátria.",21,36,318
Maria do Rosário,@mariadorosario,https://twitter.com/mariadorosario/status/1623384633697005568,2023-02-08T18:13:52.000Z,"Nosso PL 03/2023 #NãoéNão, para incluir bares e eventos no atendimento às mulheres em situação de assédio e abuso sexual, gerou uma onda pelo Brasil. No RS, deputada @StelaFarias e vereadoras @MarinaCallega13 e @Biga_Pereira começam a reverberar a ideia. Sinergia pelas mulheres.",2,22,128
Maria do Rosário,@mariadorosario,https://twitter.com/mariadorosario/status/1623347123205951498,2023-02-08T15:44:49.000Z,"Em Brasília, uma verdadeira Força Tarefa composta por ministros, representantes do governo do RS, deputadas/os e prefeituras para discutir o problema da estiagem no RS e no Brasil.",5,7,84
Maria do Rosário,@mariadorosario,https://twitter.com/mariadorosario/status/1623320242184155137,2023-02-08T13:58:00.000Z,Também quero participar da trend do momento 😅 Será que a correria da vida de deputada dá boas capas de álbum?,5,8,99
Maria do Rosário,@mariadorosario,https://twitter.com/mariadorosario/status/1623277603145629697,2023-02-08T11:08:34.000Z,Hoje completam-se 30 dias da fracassada conspiração golpista que quebrou a praça dos três poderes. Que o Brasil jamais torne a assistir episódio tão lamentável como vimos no 8 de janeiro. #DemocraciaSempre! @lulaoficial @secomvc,24,47,265
Maria do Rosário,@mariadorosario,https://twitter.com/mariadorosario/status/1623083976469487617,2023-02-07T22:19:10.000Z,"Esse novo mandato que já veio permeado pela imensa responsabilidade de ter atingido a minha maior votação, agora também vem com o desafio de compor a Mesa Diretora.
Que possamos construir um novo Brasil, muito mais democrático e preocupado com as necessidades da população.",9,14,138
Maria do Rosário,@mariadorosario,https://twitter.com/mariadorosario/status/1623049242347446279,2023-02-07T20:01:08.000Z,"Como pode? A Lagoa do Peixe seca pela 2° vez em 2 anos. Estiagem é alerta de mudança climática, resulta de um desastre que está sendo construído e alimentado. Milhares de famílias sem ter como produzir e até mesmo viver. É emergência, mas também problema de consciência ambiental.",14,22,140
Maria do Rosário,@mariadorosario,https://twitter.com/mariadorosario/status/1623043246036291614,2023-02-07T19:37:19.000Z,"De 16 países da América Latina, 11 ouvidos pela pesquisa, o Brasil aparece como o 2º em que juízes de sentem ameaçados. Cerca de 50%. Retrato de um país que viveu os últimos anos sob ataque à democracia. Realidade que vai mudar com @LulaOficial na presidência.",1,6,49
Maria do Rosário,@mariadorosario,https://twitter.com/mariadorosario/status/1623037178489053184,2023-02-07T19:13:12.000Z,"É mulher negra, atriz e produtora cultural, é vereadora, é @mariamarighella. A nova presidenta da @Funarte é o máximo😜😍 Assume para promover a arte barsileira nas suas expressões e diversidade. Desejo sucesso nessa jornada desafiadora e fundamental para a cultura brasileira.",10,15,253
Maria do Rosário,@mariadorosario,https://twitter.com/mariadorosario/status/1622963986688798725,2023-02-07T14:22:22.000Z,"No Dia Nacional de Luta dos Povos Indígenas, só há uma palavra que resume tudo: respeito! No Brasil isso tem que ser resgatado com prioridade nas políticas públicas, no fortalecimento dos povos originários e na intransigente busca pela recuperação dos territórios. Urgente!",3,27,152
Maria do Rosário,@mariadorosario,https://twitter.com/mariadorosario/status/1622944726117765121,2023-02-07T13:05:50.000Z,"Reunida com a Procuradora da Mulher na Câmara @mariarosassp e com a deputada @terezanelmaal, recebendo o balanço da atual gestão e conversando sobre as pautas prioritárias da bancada feminina para esta Legislatura. Esta é a primeira agenda que cumpro como 2ª secretária da Câmara.",2,8,72
Maria do Rosário,@mariadorosario,https://twitter.com/mariadorosario/status/1622938790867177473,2023-02-07T12:42:15.000Z,"Prioridade total para a saúde do povo. O @minsaude lançou a política de redução das filas de cirurgias do SUS. O programa pretende acelerar procedimentos cirúrgicos, exames e consultas. Compromissos do @lulaoficial que vão melhorar a vida de milhões de brasileiras e brasileiros.",28,84,423
Maria do Rosário,@mariadorosario,https://twitter.com/mariadorosario/status/1622716993211170829,2023-02-06T22:00:54.000Z,"Carnaval é arte, é cultura, é a essência do Brasil. E a Rainha de Bateria @sou_mayaralima entrega tudo isso na sua performance. Muito lindo ❤️",13,16,312
Maria do Rosário,@mariadorosario,https://twitter.com/mariadorosario/status/1622686852904878083,2023-02-06T20:01:08.000Z,Até a Pelúcia apareceu pra dar bom dia hoje no Café da Manhã do @DCM_online 🤣❤️,4,8,63
Maria do Rosário,@mariadorosario,https://twitter.com/mariadorosario/status/1622664108775510019,2023-02-06T18:30:45.000Z,"Quando temos um gov empenhado em proteger os povos indígenas, garimpeiros não se sentem a vontade pra invadir terras demarcadas.
No vídeo, garimpeiros deixando áreas do Povo Yanomami antes das grandes operações previstas pelo gov federal pra combater atividades ilegais na região",21,44,303
Maria do Rosário,@mariadorosario,https://twitter.com/mariadorosario/status/1622655348820647942,2023-02-06T17:55:57.000Z,"Desejando um excelente trabalho a frente do @bndes, cumprimento o nosso companheiro Aloizio Mercadante, que assume a presidência do banco com missões muito importantes para um Brasil parceiro do desenvolvimento e da integração regional.",6,27,151
Maria do Rosário,@mariadorosario,https://twitter.com/mariadorosario/status/1622642435070230555,2023-02-06T17:04:38.000Z,"Trabalhamos muito pra apresentar o primeiro PL da nova legislatura, e trata da violência e assédio sexual em locais de lazer, bares, baladas e eventos. O protocolo adotado em Barcelona ""No Callem"" foi fundamental para a proteção e acolhimento da vítima no caso do Daniel Alves.",15,61,307
Maria do Rosário,@mariadorosario,https://twitter.com/mariadorosario/status/1622560170822991873,2023-02-06T11:37:45.000Z,Maria do Rosário participa do Café da Manhã na DCM TV,1,8,87
Maria do Rosário,@mariadorosario,https://twitter.com/mariadorosario/status/1622548339999793153,2023-02-06T10:50:44.000Z,A semana começa com a trágica notícia de um terremoto na Turquia e na Síria que matou mais de 1200 pessoas até o momento. Nossa solidariedade com as famílias das vítimas e todos que perderam suas casas nessa tragédia. #Terremoto #Turkey,33,67,765
Maria do Rosário,@mariadorosario,https://twitter.com/mariadorosario/status/1622339392357507072,2023-02-05T21:00:27.000Z,"Cada vez vemos mais e mais evidências de golpismo, de movimentações antidemocráticas, de negociatas criminosas. É importante reafirmar: aqueles que ameaçam e agem contra o povo brasileiro não podem sair impunes. Que sejam investigados e enfrentem as consequências! #SemAnistia",100,153,685
Maria do Rosário,@mariadorosario,https://twitter.com/mariadorosario/status/1622279128958263299,2023-02-05T17:00:59.000Z,"Em entrevista à Rede TV, Lula reafirma: ""vamos trabalhar para recuperar o Brasil da tranquilidade, da esperança, o Brasil que gosta de carnaval, que gosta de futebol, que gosta de reunir a família"". É com esse projeto de país que quero contribuir ✊💐✨",455,252,1.718
Maria do Rosário,@mariadorosario,https://twitter.com/mariadorosario/status/1622254774065168388,2023-02-05T15:24:12.000Z,"Você tá reclamando da @xuxameneghel ou do Zé Gotinha, @ciro_nogueira ?😂Não será da vacinação, né?",1,60,665
Maria do Rosário,@mariadorosario,https://twitter.com/mariadorosario/status/1622252177229053952,2023-02-05T15:13:53.000Z,"Quando a gente fala “SEM ANISTIA”, não é por vingança. É por JUSTIÇA. 

Reflexão a partir da capa do @LeMondeBR feita por @vector_cryptobr que retrata personagens nefastos das tentativas golpistas deste início de 2023. Assista o vídeo em…",1,23,236
Maria do Rosário,@mariadorosario,https://twitter.com/mariadorosario/status/1622233688464408579,2023-02-05T14:00:25.000Z,"Essa semana voltamos oficialmente aos trabalhos da Câmara. Agora como 2ª secretária da Mesa Diretora, tenho ainda mais responsabilidades, sempre trabalhando no compromisso com os valores democráticos. Tenho certeza que será um período de recuperação para o Brasil",24,23,285
Maria do Rosário,@mariadorosario,https://twitter.com/mariadorosario/status/1621977127397597192,2023-02-04T21:00:56.000Z,Lula anunciado pelo @trom_petista! A compaixão e a alegria de volta ao Palácio do Planalto ❤️🎶,102,218,1.749
Maria do Rosário,@mariadorosario,https://twitter.com/mariadorosario/status/1621920099639648264,2023-02-04T17:14:20.000Z,"Somos todas Maria Tereza Capra.
Somos Dilma.
Somos Marielle.

Pelo fim da violência política contra as mulheres no Brasil!",0,77,466
Maria do Rosário,@mariadorosario,https://twitter.com/mariadorosario/status/1621916656166469632,2023-02-04T17:00:39.000Z,Eu e a @luizaerundina novamente eleitas para trabalhar pelo Brasil na Câmara dos Deputados - e das Deputadas! 💜,19,61,772
Maria do Rosário,@mariadorosario,https://twitter.com/mariadorosario/status/1621896524685889537,2023-02-04T15:40:39.000Z,"A emoção de ter uma mulher indígena, voltada aos direitos e respeito aos povos indígenas, no comando da @funaibrasil!

Viva @JoeniaWapichana ! 

Essa guerreira, além de mulher e indígena, tem projeto e ações de respeito à CF/88 para todos os povos.",0,53,309
Maria do Rosário,@mariadorosario,https://twitter.com/mariadorosario/status/1621872486160732161,2023-02-04T14:05:08.000Z,"Por isso ainda no seu primeiro mês de governo o presidente criou o Conselho de Participação Social e Diversidade - ampliando a atuação da sociedade em seu governo, da mesma forma como vimos o povo subindo a rampa junto com ele em 1º de janeiro.",25,55,467
Maria do Rosário,@mariadorosario,https://twitter.com/mariadorosario/status/1621871343942656003,2023-02-04T14:00:35.000Z,"A dívida social que Lula se refere, que gera a desigualdade histórica na sociedade brasileira, pode ser corrigida com participação popular e uma democracia saudável.",21,54,366
Maria do Rosário,@mariadorosario,https://twitter.com/mariadorosario/status/1621855745049231360,2023-02-04T12:58:36.000Z,"Injustiça!

Vereadora Maria Tereza Capra - PT/S.Miguel do Oeste -SC, tem ameaças contra sua vida desde q denunciou atos nazistas na campanha de 2022.

Na madrugada de hj, mandato dessa mulher corajosa foi cassado. 

Cassada por defender a democracia?!",0,119,537
Maria do Rosário,@mariadorosario,https://twitter.com/mariadorosario/status/1621599179817598984,2023-02-03T19:59:06.000Z,"As violações de meninas yanomami por garampeiros deve ser rigorosamente apurada e todo o apoio dado a elas. É de cortar o coração, mas estaremos juntos nessa luta, ministro @silviolual e @JoeniaWapichana, sendo empossada hoje.",12,78,489
Maria do Rosário,@mariadorosario,https://twitter.com/mariadorosario/status/1621584728921874435,2023-02-03T19:01:41.000Z,"A caminhada pra chegarmos até aqui foi longa mas queremos ampliar esse número ainda mais nas próximas eleições.
Por uma política mais representativa e democrática precisamos de mais presença feminina ✊🏼",14,38,278
Maria do Rosário,@mariadorosario,https://twitter.com/mariadorosario/status/1621537885064241153,2023-02-03T15:55:33.000Z,"Nossa nova sala aqui na Câmara tem um pedacinho de jardim de Burle Marx e azulejos de Athos Bulcão. Ambiente cheio de vida, de brasilidade, de amor e força pra lutar.",37,31,853
Maria do Rosário,@mariadorosario,https://twitter.com/mariadorosario/status/1621497805037617152,2023-02-03T13:16:17.000Z,"A nova legislatura começou com o PL 03/2023 p/ combater a violência e assédio sexual das mulheres nos bares, baladas e discotecas, nos moldes da lei ""No Callem"" de Barcelona, com uma cara ""nossa"".",12,56,369
Maria do Rosário,@mariadorosario,https://twitter.com/mariadorosario/status/1621338447062384640,2023-02-03T02:43:03.000Z,"Convenhamos, declarar-se “italiano”?",0,10,110
Maria do Rosário,@mariadorosario,https://twitter.com/mariadorosario/status/1621255110469861377,2023-02-02T21:11:54.000Z,"NÃO É NÃO! Frequentar discotecas ou estabelecimentos noturnos, eventos festivos e esportivos, bares, restaurantes ou qualquer outro estabelecimento de grande circulação de pessoas, é um direito de todas as mulheres. Não pode ser lugar de assédio e violência.",7,41,301
Maria do Rosário,@mariadorosario,https://twitter.com/mariadorosario/status/1621244367703875584,2023-02-02T20:29:13.000Z,"Com quase 50% das famílias endividadas e o juros em alta, @Haddad_Fernando lançou o programa Litígio Zero p/ negociação de dívidas tributárias sem multas.
Grande iniciativa! Facilita o pagamento das dívidas p/ famílias e empresas. É o q a gente precisava.",6,42,182
Maria do Rosário,@mariadorosario,https://twitter.com/mariadorosario/status/1621228046198898691,2023-02-02T19:24:21.000Z,"Quarto ano seguido de estiagem no RS, a agricultura familiar e camponesa pede SOCORRO! Os prejuízos são no campo e na cidade, falta dinheiro para o consumo, escasseiam os alimentos. Situação dramática em mais de 200 municípios gaúchos!",5,15,145
Maria do Rosário,@mariadorosario,https://twitter.com/mariadorosario/status/1621220333700227072,2023-02-02T18:53:43.000Z,"Já fizeram o L hoje?
Pela primeira vez em 8 meses, o dólar volta a ser negociado abaixo de R$ 5 reais",445,318,2.456
Maria do Rosário,@mariadorosario,https://twitter.com/mariadorosario/status/1621217696904876034,2023-02-02T18:43:14.000Z,"A resposta aos atos de violência contra as instituições é o seguimento ininterrupto de seus trabalhos e a observância da Constituição contra todo ato contrário ao estado democrático de direito. 
Ministra Rosa Weber @STF_oficial abertura dos trabalhos e mensagem dos poderes ao CN.",0,11,91
Maria do Rosário,@mariadorosario,https://twitter.com/mariadorosario/status/1621161895817527298,2023-02-02T15:01:30.000Z,Ontem foi intenso! 🥵 Dia especial e orgulho que não cabe em mim.,15,27,305
Maria do Rosário,@mariadorosario,https://twitter.com/mariadorosario/status/1621146731147628544,2023-02-02T14:01:14.000Z,"Glória morreu, mas antes disso ela viveu, viveu muito. Seu legado no jornalismo é enorme, mas também o é seu legado pessoal. Desafiando as amarras do racismo brasileiro, Glória visitou os quatro cantos do mundo com curiosidade e respeito e ainda dividiu isso com o povo brasileiro",6,51,468
Maria do Rosário,@mariadorosario,https://twitter.com/mariadorosario/status/1621133274356793344,2023-02-02T13:07:46.000Z,Declarações do Senador Marcos do Val comprovam tentativa de golpe. É urgente a apuração e responsabilização de Bolsonaro e de todos os envolvidos nesta conspiração contra a nossa democracia.,24,79,731
Maria do Rosário,@mariadorosario,https://twitter.com/mariadorosario/status/1621123233528545287,2023-02-02T12:27:52.000Z,"Após tantos abusos contra a democracia, Daniel Silveira é preso. Justiça seja feita. Sinal de que neste país não há espaço para quem viola as leis e faz escárnio da Constituição e das instituições se utilizando de cargo eletivo. #DemocraciaSempre",31,89,743
Maria do Rosário,@mariadorosario,https://twitter.com/mariadorosario/status/1621118897603874816,2023-02-02T12:10:38.000Z,"Quanta tristeza a perda da jornalista Gloria Maria, da @globo, um ícone da minha geração e exemplo de profissional competente e criativa. Minha solidariedade a sua família, seus amigos e colegas. Inigualável, esta é a palavra. Siga em paz.",4,22,203
Maria do Rosário,@mariadorosario,https://twitter.com/mariadorosario/status/1620920682132504576,2023-02-01T23:03:00.000Z,"Além de reempossada como deputada, hoje assumo também atribuições na Mesa Diretora da Câmara, no cargo de 2ª secretária. Orgulho! A união e reconstrução propostas por Lula são fundamentos para o nosso trabalho parlamentar: o Brasil vai voltar a ser de todas e de todos. ❤️",25,56,387
Maria do Rosário,@mariadorosario,https://twitter.com/mariadorosario/status/1620918828434874368,2023-02-01T22:55:38.000Z,"Cumprimento o Presidente @ArthurLira_, que em sua fala após a eleição para um novo mandato, chama o Brasil e a Câmara dos Deputados ao nosso compromisso precípuo e inabalável com a Democracia. Vamos trabalhar em defesa da pacificação e reconstrução de um Brasil com direitos.",6,19,193
Maria do Rosário,@mariadorosario,https://twitter.com/mariadorosario/status/1620905778940100608,2023-02-01T22:03:47.000Z,"Hoje estamos formando a maior Bancada Feminina da história da política brasileira - somos muitas e somos diversas em muitas dimensões, mas comprometidas com o trabalho, com o respeito e a democracia 🌹💪",37,64,543
Maria do Rosário,@mariadorosario,https://twitter.com/mariadorosario/status/1620897254398722048,2023-02-01T21:29:54.000Z,"Cumprimentos ao Senador @rodrigopacheco pela reeleição no Senado Federal. Desejo um excelente mandato, para que em conjunto com a Câmara, o Brasil retome de fato sua democracia, o desenvolvimento e a redução das desigualdades que é tão urgente.",16,29,430
Maria do Rosário,@mariadorosario,https://twitter.com/mariadorosario/status/1620882855323906048,2023-02-01T20:32:41.000Z,"Agora somos 91 mulheres na Câmara, 18% do total, formando a Bancada Feminina. Representamos mulheres brasileiras, fazemos política em busca da igualdade em todos os campos e trabalhamos através do respeito, honrando a democracia.",33,69,782
Maria do Rosário,@mariadorosario,https://twitter.com/mariadorosario/status/1620870754547167233,2023-02-01T19:44:36.000Z,"O @ptbrasil segue forte no Congresso! Nossa missão é viabilizar o projeto de país baseado na democracia e nos direitos de todo o povo, na união e reconstrução propostos por @LulaOficial. É através da pacificação que vamos construir, juntas e juntos, um Brasil mais justo.",13,75,573
Maria do Rosário,@mariadorosario,https://twitter.com/mariadorosario/status/1620835798953361408,2023-02-01T17:25:42.000Z,"Que dia memorável! Ao lado de grandes colegas, tomamos posse para a 57ª legislatura da Câmara dos Deputados. Seguimos firme na defesa da democracia e do desenvolvimento defendida pelo @ptbrasil",8,19,193
Maria do Rosário,@mariadorosario,https://twitter.com/mariadorosario/status/1620817110497902592,2023-02-01T16:11:27.000Z,"Devidamente empossada como deputada federal, logo mais vamos para a eleição da Mesa Diretora. Quero contribuir mais ainda com o projeto que o presidente @LulaOficial tem para o Brasil, de paz, democracia e reconstrução do Brasil.",29,28,378
Maria do Rosário,@mariadorosario,https://twitter.com/mariadorosario/status/1620770865674878977,2023-02-01T13:07:41.000Z,"É com muita emoção que venho agradecer cada momento que passamos juntos. Estou indo tomar posse como deputada federal e vou honrar, mais uma vez, a confiança depositada no nosso trabalho ❤️",94,101,1.049
Maria do Rosário,@mariadorosario,https://twitter.com/mariadorosario/status/1620735109975638016,2023-02-01T10:45:36.000Z,"Chegamos ao novo mandato de Deputada!

Ele é símbolo de quem ñ se dobra, na RESISTÊNCIA pela democracia.

Minha gratidão aos q caminham comigo e me trouxeram até aqui sabendo q sempre “ … há mais estrada no meu coração do que medo na minha cabeça (CoraCoralina).

Viva o Br!",0,42,612
Maria do Rosário,@mariadorosario,https://twitter.com/mariadorosario/status/1620619936686305280,2023-02-01T03:07:57.000Z,"Um atleta deveria ser modelo de civilidade e espírito de paz.
Isso é crime, Sr Wallace.
Temos q dar fim à banalidade da violência!
E em se tratando de ter como alvo o presidente da república, é um crime contra a pessoa é contra a democracia. Contra todo o país.",1,54,307
