nome,usuario,idTweet,dataPublicacao,texto,replies,retweets,likes
Mauricio do Vôlei,@mauriciodovolei,https://twitter.com/mauriciodovolei/status/1626232633561878539,2023-02-16T14:50:48.000Z,"R$18,00 de aumento do salário mínimo? Não dá nem pra picanha nem pra cerveja. Muito menos pra quem precisa comer de verdade, o arroz e feijão do dia a dia. 🤡",22,34,233
Mauricio do Vôlei,@mauriciodovolei,https://twitter.com/mauriciodovolei/status/1621118027201916935,2023-02-02T12:07:11.000Z,"Senado hoje!
Vergonha 💸💸💸",4,9,114
Mauricio do Vôlei,@mauriciodovolei,https://twitter.com/mauriciodovolei/status/1620575758510071809,2023-02-01T00:12:24.000Z,"A eleição mais importante de todas 
Vai dar certo",20,32,570
