nome,usuario,idTweet,dataPublicacao,texto,replies,retweets,likes
Eduardo Bandeira de Mello,@mello_bandeira,https://twitter.com/mello_bandeira/status/1630250843013525504,2023-02-27T16:57:44.000Z,"Visita à nova Escola de Comunicação Mídia e Informação da FGV. Referência em educação e pesquisa, a ECMI é pioneira em formar profissionais requisitados em diversos setores estratégicos em instituições públicas, empresas privadas e  organizações do terceiro setor. #fgv #educação",3,2,74
Eduardo Bandeira de Mello,@mello_bandeira,https://twitter.com/mello_bandeira/status/1629975972790378496,2023-02-26T22:45:30.000Z,"Aproveitando o finalzinho do domingo antes de uma semana de muito trabalho em Brasília. Intervalo da final do Rio Open: na quadra, Alcaraz x Norrie. 

Quem será que leva? #rj #RioOpen #tenis",2,2,289
Eduardo Bandeira de Mello,@mello_bandeira,https://twitter.com/mello_bandeira/status/1629909328311250944,2023-02-26T18:20:40.000Z,"No dia a dia, ou nesta época do ano, seja na Sapucaí ou nos blocos de ruas, os garis são importantes para organização da nossa cidade e conscientização da sociedade. 
Uma pequena homenagem a essa categoria que merece muito respeito e valorização. Bom domingo a todos! 
carnaval",4,15,465
Eduardo Bandeira de Mello,@mello_bandeira,https://twitter.com/mello_bandeira/status/1629524859842592773,2023-02-25T16:52:56.000Z,"Comemoração dos 70 anos do Galinho de Quintino @Galinho1953 no bloco Fla Master, com a presença do grande Maestro, Júnior.",16,47,1.370
Eduardo Bandeira de Mello,@mello_bandeira,https://twitter.com/mello_bandeira/status/1629189663251476481,2023-02-24T18:40:59.000Z,"Tenho certeza que realizaremos um grande trabalho à frente da Comissão do Esporte da Câmara dos Deputados. Obrigado, líder @felipecarreras pela confiança",3,2,68
Eduardo Bandeira de Mello,@mello_bandeira,https://twitter.com/mello_bandeira/status/1629138767956086784,2023-02-24T15:18:44.000Z,"Hoje fui recebido pelo Presidente do BNDES, Aloízio Mercadante. Excelente conversa, afinal eu estava em casa. Fui funcionário de carreira do Banco por mais de 30 anos, conheço bem a instituição e posso fazer a ligação entre o BNDES e o Congresso. @psbnacamara @PSBNacional40",16,14,531
Eduardo Bandeira de Mello,@mello_bandeira,https://twitter.com/mello_bandeira/status/1628795550215569408,2023-02-23T16:34:55.000Z,"Hoje minha mãe faria 92 anos. 
Já tem um ano e meio que ela se foi. 
Não há um dia em que não pense nela. Hoje, de forma mais intensa e com ainda mais saudade. Aqui estão algumas fotos da minha mãe Maria Ilza, ou Nininha, como era conhecida, antes de sua partida. Muita saudade ❤️",23,9,1.054
Eduardo Bandeira de Mello,@mello_bandeira,https://twitter.com/mello_bandeira/status/1628497661094494213,2023-02-22T20:51:13.000Z,"Parabenizo a Imperatriz Leopoldinense, campeã do carnaval do RJ, que contou a vida e a morte de Lampião à moda do cordel como enredo. A 1ª foto é de 2014, quando tive a honra de desfilar na escola que homenageou Zico com o enredo O Reino do Galinho de Ouro na Corte da Imperatriz",7,5,208
Eduardo Bandeira de Mello,@mello_bandeira,https://twitter.com/mello_bandeira/status/1627741763069743116,2023-02-20T18:47:32.000Z,"Minha solidariedade aos moradores do Litoral Norte de São Paulo que perderam parentes e amigos na tragédia climática que assolou a região, fortemente atingida por temporais. O momento é de união para mitigar os estragos e amparar as pessoas.",5,4,169
Eduardo Bandeira de Mello,@mello_bandeira,https://twitter.com/mello_bandeira/status/1627640157808521216,2023-02-20T12:03:48.000Z,A força do #flamengo está na base. https://m.lance.com.br/flamengo/ex-presidente-do-flamengo-pede-atencao-especial-do-clube-as-divisoes-de-base.html.amp… #futebol #nação #rrn #SRN #rj #esporte,6,6,192
Eduardo Bandeira de Mello,@mello_bandeira,https://twitter.com/mello_bandeira/status/1627295881685872647,2023-02-19T13:15:46.000Z,"Quando vejo os garotos da base do Flamengo decidindo partidas como a de ontem, contra o Resende, aumenta minha esperança que o nosso clube reforce sua prioridade no processo de desenvolvimento de atletas, que historicamente sempre foi nossa principal fonte de formação de craques+",148,180,3.603
Eduardo Bandeira de Mello,@mello_bandeira,https://twitter.com/mello_bandeira/status/1626296511482019840,2023-02-16T19:04:38.000Z,Apresentei à Câmara um projeto de lei para alterar o Estatuto de Torcedor e majorar a pena daqueles que participarem da manipulação de resultados de partidas.,9,13,149
Eduardo Bandeira de Mello,@mello_bandeira,https://twitter.com/mello_bandeira/status/1625998065025908736,2023-02-15T23:18:42.000Z,"Estive com o vice-presidente e ministro do Desenvolvimento, Indústria e Comércio @geraldoalckmin em uma excelente conversa sobre a necessidade de interromper o processo de esvaziamento econômico do RJ e como a instalação da Sede da Autoridade Climática no RJ poderia contribuir",17,13,540
Eduardo Bandeira de Mello,@mello_bandeira,https://twitter.com/mello_bandeira/status/1625886598213644288,2023-02-15T15:55:47.000Z,"Fico imensamente feliz em saber que o Comitê Orientador do Fundo Amazônia, que eu ajudei a criar, está sendo reinstalado.",0,1,26
Eduardo Bandeira de Mello,@mello_bandeira,https://twitter.com/mello_bandeira/status/1625836593964621825,2023-02-15T12:37:05.000Z,"Minha proposta para que a sede da Autoridade Climática fique baseada no Rio de Janeiro ganhou mais um importante apoio: Jean Paul Prates, Presidente da Petrobras. A informação saiu na coluna do grande @Ancelmocom",1,1,41
Eduardo Bandeira de Mello,@mello_bandeira,https://twitter.com/mello_bandeira/status/1625590992907690012,2023-02-14T20:21:09.000Z,"A Frente Parlamentar da Modernização do Futebol Brasileiro, proposta pelo nosso mandato, foi destaque na coluna do @PauloCappelli_ do portal @Metropoles",3,0,55
Eduardo Bandeira de Mello,@mello_bandeira,https://twitter.com/mello_bandeira/status/1625537638701666304,2023-02-14T16:49:08.000Z,"Reunião da Bancada do Rio de Janeiro com o presidente da Petrobras, Jean Paul Prates, para debater sobre a atuação da empresa no Rio de Janeiro, além de caminhos para retomar o COMPERJ, fomentar a produção na REDUC e os desafios de desenvolvimento econômico do nosso estado.",5,8,260
Eduardo Bandeira de Mello,@mello_bandeira,https://twitter.com/mello_bandeira/status/1625306095228014592,2023-02-14T01:29:04.000Z,"Reunião com representantes da ABRACE - Associação dos Grandes Consumidores Industriais de Energia e de Consumidores Livres, que defende, com base em estudos e documentos técnicos, a importância da energia a preços competitivos para o desenvolvimento do setor produtivo no Brasil.",6,7,188
Eduardo Bandeira de Mello,@mello_bandeira,https://twitter.com/mello_bandeira/status/1625304580501258242,2023-02-14T01:23:03.000Z,O @govbr assinou 2 decretos voltados para catadores e recicladores que terão profundo impacto no processo de reaproveitamento de materiais recicláveis e reutilizáveis. A medida retoma o protagonismo dos catadores e gera uma mudança no modelo atual de economia circular do país.,3,2,56
Eduardo Bandeira de Mello,@mello_bandeira,https://twitter.com/mello_bandeira/status/1625201222486573057,2023-02-13T18:32:20.000Z,Saudações Rubro-negras aos amigos friburguenses 🔴⚫️,1,1,22
Eduardo Bandeira de Mello,@mello_bandeira,https://twitter.com/mello_bandeira/status/1625165493408604161,2023-02-13T16:10:22.000Z,"Depois de uma manhã de boas reuniões, já no aeroporto rumo a Brasília para uma semana de muito trabalho. Nesta semana estarei reunido com ministros para aproximar o nosso estado do governo federal, fortalecendo pautas propositivas e relevantes para o Rio de Janeiro. (1/2)",29,9,797
Eduardo Bandeira de Mello,@mello_bandeira,https://twitter.com/mello_bandeira/status/1624503462527467520,2023-02-11T20:19:41.000Z,"Vitória para o Rio de Janeiro!

No início de Janeiro, antes mesmo de tomar posse, estive em Brasília com o ministro de Portos e Aeroportos, Marcio França, conversando sobre os rumos do aeroporto do Galeão e caminhos para resgatar o protagonismo do Rio de Janeiro. (1/4)",6,2,90
Eduardo Bandeira de Mello,@mello_bandeira,https://twitter.com/mello_bandeira/status/1624495939321835521,2023-02-11T19:49:48.000Z,"11 de fevereiro - Dia Internacional das Mulheres e Meninas na Ciência. Parabenizo as profissionais e estudantes que se dedicam ao universo científico e tecnológico buscando inovações e soluções para melhorar a vida da sociedade. 

Por mais #mulheres e #meninas na ciência! 🔬🧬🧪",1,2,22
Eduardo Bandeira de Mello,@mello_bandeira,https://twitter.com/mello_bandeira/status/1624161663334113307,2023-02-10T21:41:30.000Z,"Importante ressaltar que no Brasil o desmatamento é a principal fonte de emissões de gases de efeito estufa, o que amplifica o mérito da iniciativa. Parabéns, Ministra @MarinaSilva",1,17,205
Eduardo Bandeira de Mello,@mello_bandeira,https://twitter.com/mello_bandeira/status/1624099427630690325,2023-02-10T17:34:12.000Z,Nossa Frente Parlamentar da Modernização do Futebol Brasileiro foi destaque na @RevistaISTOE na coluna do Mazzini.,1,1,16
Eduardo Bandeira de Mello,@mello_bandeira,https://twitter.com/mello_bandeira/status/1624066780749520896,2023-02-10T15:24:28.000Z,"Entrevista para o programa Palavra Aberta, da TV Câmara. Falei sobre minha experiência como gestor no #BNDES e no Clube do #Flamengo e como posso utilizar essa expertise na Câmara dos Deputados em prol do nosso país e do nosso estado. Assista em: https://instagram.com/reel/Coe8ogfg4xU/?igshid=YmMyMTA2M2Y=…",2,2,12
Eduardo Bandeira de Mello,@mello_bandeira,https://twitter.com/mello_bandeira/status/1623415530081091585,2023-02-08T20:16:38.000Z,Reunião com Mário Paiva do Nascimento (Presidente da Associação Guarda Portuário - ANGPB) e Dejacy da Conceição - (Sindicato dos Guardas Portuários do estado do Rio de Janeiro-SINDIGUAPOR-RJ). Obrigado pela confiança. Nosso mandato está à disposição!,0,1,20
Eduardo Bandeira de Mello,@mello_bandeira,https://twitter.com/mello_bandeira/status/1623389805085073427,2023-02-08T18:34:25.000Z,Prefeito de Nova Friburgo @johnnymaycon85 também esteve aqui no gabinete. Nossa pauta foi sobre saúde e a situação do Hospital Municipal Raul Sertã. Aproveitei e mandei um abraço e saudações rubro-negras para o vice-prefeito licenciado @SERGIODOCEMANIA,2,1,63
Eduardo Bandeira de Mello,@mello_bandeira,https://twitter.com/mello_bandeira/status/1623358208281612290,2023-02-08T16:28:52.000Z,"Recebi o dir. de Relações Institucionais do Instituto Federal Fluminense, Fernando Ferrara. O IFF é referência em educação e colabora c/ importantes pesquisas em áreas diversas. Educação pública de qualidade é um dos caminhos p/ aplacar as desigualdades sociais latentes do Brasil",11,4,159
Eduardo Bandeira de Mello,@mello_bandeira,https://twitter.com/mello_bandeira/status/1623043656394412036,2023-02-07T19:38:57.000Z,#VamosFlamengo 🖤❤️,9,5,126
Eduardo Bandeira de Mello,@mello_bandeira,https://twitter.com/mello_bandeira/status/1622754327260499968,2023-02-07T00:29:15.000Z,"Com amiga e correligionária @tatiroque Sec. de Ciência e Tecnologia do município para uma conversa sobre os desafios e planos à frente da secretaria e possíveis caminhos para valorizar a ciência, fomentar uma economia tecnológica e verde, além de acessível, para nossa cidade",5,6,106
Eduardo Bandeira de Mello,@mello_bandeira,https://twitter.com/mello_bandeira/status/1622713154626113537,2023-02-06T21:45:39.000Z,https://camara.leg.br/noticias/937417-bancada-ligada-ao-esporte-define-prioridades-para-o-setor/…,7,3,135
Eduardo Bandeira de Mello,@mello_bandeira,https://twitter.com/mello_bandeira/status/1622649852709437449,2023-02-06T17:34:06.000Z,"Presente na posse do novo presidente do @bndes - minha casa por 36 anos, onde liderei grandes projetos como o Fundo Amazônia e o PMAT - Modernização da Administração Tributária e da Gestão dos Setores Sociais Básicos. #bndes #clima #amazonia #desenvolvimento #rj",10,4,306
Eduardo Bandeira de Mello,@mello_bandeira,https://twitter.com/mello_bandeira/status/1621571214450761729,2023-02-03T18:07:59.000Z,"Muito bacana receber esse carinho das pessoas, inclusive de torcedores de outros times….. Mas tem pedido que não tem como ajudar 🤣🤣🤣🤣 #SRN  #flamengo #futebol",148,196,3.412
Eduardo Bandeira de Mello,@mello_bandeira,https://twitter.com/mello_bandeira/status/1621250444289867782,2023-02-02T20:53:21.000Z,Sessão conjunta do Congresso Nacional encontrei com a querida senadora @leiladovolei que fez história no vôlei feminino no nosso mengão.  #srn #flamengo #vôlei,20,12,741
Eduardo Bandeira de Mello,@mello_bandeira,https://twitter.com/mello_bandeira/status/1621133955813576705,2023-02-02T13:10:28.000Z,"Perdemos hoje Glória Maria, ícone da TV e pioneira no jornalismo brasileiro. Glória foi a 1ª repórter negra na TV em nosso país e esteve à frente de importantes entrevistas e marcos da comunicação. Construiu uma carreira de sucesso e representatividade. Meus sentimentos à familia",2,7,200
Eduardo Bandeira de Mello,@mello_bandeira,https://twitter.com/mello_bandeira/status/1620972047672414209,2023-02-02T02:27:07.000Z,Jogo do Mengão com grandes amigos! Saudações Rubro-negras! #srn,6,2,176
Eduardo Bandeira de Mello,@mello_bandeira,https://twitter.com/mello_bandeira/status/1620897762178109441,2023-02-01T21:31:55.000Z,"Agradeço aos amigos que estiveram presentes na minha posse, aos que acompanharam de longe e a todos que confiaram e me honraram com seus votos para que eu pudesse estar aqui hoje. 

Seguimos sempre fazendo a coisa certa! Contem comigo e muito obrigado pela confiança. #rj #srn",10,11,268
Eduardo Bandeira de Mello,@mello_bandeira,https://twitter.com/mello_bandeira/status/1620822618768289792,2023-02-01T16:33:20.000Z,"Compartilho com vocês o momento em que tomo posse como deputado federal pelo Rio de Janeiro.

Que tenhamos diálogo e equilíbrio para unir e fortalecer o nosso estado e nosso Brasil.  #rj #riodejaneiro #deputadofederal #psb #politica",4,5,137
Eduardo Bandeira de Mello,@mello_bandeira,https://twitter.com/mello_bandeira/status/1620783338381516800,2023-02-01T13:57:15.000Z,"No Plenário da Câmara dos Deputados, aguardando a chamada para fazer o juramento. #psb #deputadofederal #rj #srn",111,63,2.984
Eduardo Bandeira de Mello,@mello_bandeira,https://twitter.com/mello_bandeira/status/1620594391923703809,2023-02-01T01:26:26.000Z,"Não pode faltar, né?! Uma palinha na confraternização com os amigos. Flamengo sempre presente! #SRN #flamengo",19,22,404
