nome,usuario,idTweet,dataPublicacao,texto,replies,retweets,likes
Odair Cunha,@odaircunhamg,https://twitter.com/odaircunhamg/status/1630331611102208000,2023-02-27T22:18:40.000Z,"Me reuni com o ministro @padilhando , colegas parlamentares e os deputados e deputadas estaduais do @blocodemocracia, de Minas Gerais, para conversar sobre as ações do Governo @LulaOficial para nosso estado e país. Seguimos juntos por um Brasil melhor e mais digno para todos!",0,1,6
Odair Cunha,@odaircunhamg,https://twitter.com/odaircunhamg/status/1630328863778648064,2023-02-27T22:07:45.000Z,Viva a vacina! Viva o SUS!,0,3,12
Odair Cunha,@odaircunhamg,https://twitter.com/odaircunhamg/status/1630281446534381570,2023-02-27T18:59:20.000Z,"Lula: “Se virem propagandas que estão dando vacinas no bairro de vocês, não sejam irresponsáveis, vão tomar vacina. A vacina é uma garantia de vida. Hoje tomei a 5ª dose contra a COVID. E tomarei a 6ª dose se tiver. Porque gosto da vida”. Isso sim é presidente!",3,16,62
Odair Cunha,@odaircunhamg,https://twitter.com/odaircunhamg/status/1630236275851816962,2023-02-27T15:59:51.000Z,A cara de quem está pronto para reunificar e reconstruir o Brasil! 👊,1,4,13
Odair Cunha,@odaircunhamg,https://twitter.com/odaircunhamg/status/1630185835923382276,2023-02-27T12:39:25.000Z,"Bom dia! Hoje o presidente @LulaOficial se imuniza contra a covid-19 no lançamento do Movimento Nacional pela Vacinação. Depois de um triste período de negacionismo, o Brasil volta a ser exemplo de prevenção e erradicação de doenças. Foi pra isso que fiz o L!",5,9,38
Odair Cunha,@odaircunhamg,https://twitter.com/odaircunhamg/status/1629815053472997376,2023-02-26T12:06:03.000Z,O Brasil volta a ter um líder que cuida do seu povo.,2,15,49
Odair Cunha,@odaircunhamg,https://twitter.com/odaircunhamg/status/1629814071326384130,2023-02-26T12:02:09.000Z,Um bom domingo a todos!,1,4,12
Odair Cunha,@odaircunhamg,https://twitter.com/odaircunhamg/status/1629453647976226818,2023-02-25T12:09:58.000Z,"Compromisso com a vida! Nesta segunda-feira, presidente @LulaOficial e a ministra @nisia_trindade lançam o Movimento Nacional pela Vacinação.",0,8,29
Odair Cunha,@odaircunhamg,https://twitter.com/odaircunhamg/status/1629205105458249728,2023-02-24T19:42:20.000Z,"As mulheres conquistaram o direito ao voto há 91 anos, mas precisamos celebrar a data com a consciência de que ainda há muito a ser feito para garantir a igualdade real e plena. #votofemininonobrasil",0,0,3
Odair Cunha,@odaircunhamg,https://twitter.com/odaircunhamg/status/1629167718573264897,2023-02-24T17:13:47.000Z,"Temos que discutir e restabelecer a paz, e isso precisa ser feito justamente pelos países que não estão envolvidos diretamente na guerra. A humanidade já tem desafios demais para enfrentar e fomentar novos conflitos nunca será a solução. Sábias palavras de @LulaOficial.",0,6,15
Odair Cunha,@odaircunhamg,https://twitter.com/odaircunhamg/status/1629105885002727436,2023-02-24T13:08:04.000Z,"A MAMATA CONTINUA

No Brasil, pão com leite condensado e caneta bic para enganar o povo. Nos EUA, R$ 432 mil em diárias para a equipe.",2,15,26
Odair Cunha,@odaircunhamg,https://twitter.com/odaircunhamg/status/1628761684683653121,2023-02-23T14:20:21.000Z,"Janeiro - Bolsonarista derrotada (seria pleonasmo?) Antonia Fontenelle tenta ofender @JanjaLula dizendo que o vestido usado pela primeira-dama na posse parecia uma fantasia da velha guarda da Imperatriz. 

Fevereiro - Imperatriz campeã do Carnaval.

O tweet é esse mesmo.",1,15,143
Odair Cunha,@odaircunhamg,https://twitter.com/odaircunhamg/status/1628732649140367366,2023-02-23T12:24:58.000Z,"Um recado para quem quer ideologizar o Evangelho, se tornar dono da verdade.",1,5,16
Odair Cunha,@odaircunhamg,https://twitter.com/odaircunhamg/status/1628507496439595008,2023-02-22T21:30:18.000Z,"O ministro @FlavioDino  determinou a instauração de Inquérito na Polícia Federal para ampliar as investigações sobre a organização criminosa que planejou os homicídios de MARIELLE e ANDERSON. Já são quase 5 anos. Queremos respostas, queremos justiça!",0,3,8
Odair Cunha,@odaircunhamg,https://twitter.com/odaircunhamg/status/1628506925204746243,2023-02-22T21:28:01.000Z,"Sete vidas brutalmente ceifadas, dentre elas a de uma adolescente de 12 anos. Lamentável! Esse é o legado deixado pela irresponsável política armamentista de Bolsonaro. Solidariedade às famílias das vítimas.",6,0,6
Odair Cunha,@odaircunhamg,https://twitter.com/odaircunhamg/status/1628457742062039040,2023-02-22T18:12:35.000Z,"PARABÉNS @simonetebetbr !!! Nossa ministra do Planejamento está completando mais um ciclo de vida! Que Deus a abençoe com paz, saúde, sabedoria e conquistas. 🎉🙏",3,9,152
Odair Cunha,@odaircunhamg,https://twitter.com/odaircunhamg/status/1628401749496143872,2023-02-22T14:30:05.000Z,"Iniciamos hoje a caminhada quaresmal, tempo de reflexão, caridade, jejum e oração. Que estejamos atentos ao chamado de Deus para o cuidado com os irmãos. #Quaresma",0,0,9
Odair Cunha,@odaircunhamg,https://twitter.com/odaircunhamg/status/1628138839049965583,2023-02-21T21:05:23.000Z,"São mais de 33 milhões de pessoas em situação de fome em nosso país. Infelizmente nos últimos anos, com a total ausência de políticas públicas, o Brasil voltou a aparecer no Mapa da Fome da ONU. 🧶",8,5,25
Odair Cunha,@odaircunhamg,https://twitter.com/odaircunhamg/status/1628129990574280750,2023-02-21T20:30:13.000Z,Sorria! 📷 @MidiaNINJA,8,28,221
Odair Cunha,@odaircunhamg,https://twitter.com/odaircunhamg/status/1627720714957488138,2023-02-20T17:23:54.000Z,Há uma diferença gritante entre o presidente @LulaOficial que cuida e ama o seu povo e o imprestável do ex-presidente  que nunca teve empatia com a dor do próximo. Toda minha solidariedade aos moradores atingidos no litoral paulista.,3,16,33
Odair Cunha,@odaircunhamg,https://twitter.com/odaircunhamg/status/1627692844877025294,2023-02-20T15:33:09.000Z,O que o presidente @LulaOficial fez hj pela manhã mostra o comportamento de um presidente da república que cuida do seu povo. As atitudes fazem toda diferença:,0,3,19
Odair Cunha,@odaircunhamg,https://twitter.com/odaircunhamg/status/1627344447842226180,2023-02-19T16:28:45.000Z,Nestes dias de carnaval as fortes chuvas estão causando prejuízos e estragos em muitas cidades do Brasil. Minha solidariedade às famílias afetadas!,0,1,12
Odair Cunha,@odaircunhamg,https://twitter.com/odaircunhamg/status/1626955000135000066,2023-02-18T14:41:14.000Z,Leve pra avenida só o que for bom e não se esqueça: todos devem ser respeitados. Por um carnaval sem assédio e sem preconceitos!,0,0,3
Odair Cunha,@odaircunhamg,https://twitter.com/odaircunhamg/status/1626920121233965058,2023-02-18T12:22:38.000Z,"A maldade de Bolsonaro nunca teve limite. Ficou comprovado que ele se vacinou contra a Covid no dia 19 de julho de 2021. Ao mesmo tempo, ele desencorajava os brasileiros a se vacinarem, debochava dos doentes e minimizava os riscos da doença. Canalha!",2,14,59
Odair Cunha,@odaircunhamg,https://twitter.com/odaircunhamg/status/1626913118155681792,2023-02-18T11:54:48.000Z,"NÃO É NÃO!  Se você sofrer ou presenciar alguma mulher sofrendo algum tipo de violência ou importunação sexual, acione imediatamente o #Ligue180 ! Assédio sexual é crime!",0,14,43
Odair Cunha,@odaircunhamg,https://twitter.com/odaircunhamg/status/1626711161386196992,2023-02-17T22:32:18.000Z,"Confira o recado da @JanjaLula. Assédio sexual é crime! Por isso, o Ministério das Mulheres reestruturou o #Ligue180 para ser um importante aliado neste carnaval. Divulguem! E lembrem-se sempre, NÃO É NÃO!",0,8,18
Odair Cunha,@odaircunhamg,https://twitter.com/odaircunhamg/status/1626664568180072451,2023-02-17T19:27:09.000Z,"Atenção:  nesta sexta-feira (17), a Caixa Econômica Federal paga a parcela de fevereiro do Bolsa Família aos beneficiários com Número de Inscrição Social (NIS) de final 5.",0,3,8
Odair Cunha,@odaircunhamg,https://twitter.com/odaircunhamg/status/1626628107313590272,2023-02-17T17:02:16.000Z,"Não é novidade para ninguém: os mais prejudicados pelos juros altos são os mais pobres. Para o Brasil voltar a crescer temos que abaixar os juros, e o presidente @LulaOficial  tem lutado, com o nosso apoio na Câmara dos Deputados, para que isso se torne realidade!",0,2,5
Odair Cunha,@odaircunhamg,https://twitter.com/odaircunhamg/status/1626581113266372611,2023-02-17T13:55:32.000Z,"Recado de @LulaOficial para Roberto Campos, pres. do Banco Central: ""Quando eu for levar o meu governo para visitar os lugares mais miseráveis deste País, vou levá-lo para ele ver. Ele tem de saber que a gente, neste País, tem de governar para as pessoas que mais necessitam”.",0,1,10
Odair Cunha,@odaircunhamg,https://twitter.com/odaircunhamg/status/1626561909288845317,2023-02-17T12:39:13.000Z,"Há quem diga que a vida só começa depois do carnaval, mas no governo @LulaOficial é diferente. Confira: retorno do Minha Casa Minha Vida, reajuste do salário mínimo e nas bolsas de pesquisa, socorro ao povo Yanomami e muito mais.",0,1,3
Odair Cunha,@odaircunhamg,https://twitter.com/odaircunhamg/status/1626288357641682944,2023-02-16T18:32:14.000Z,Muita coisa boa em apenas 46 dias de governo @LulaOficial. É essa a avaliação da jornalista Miriam Leitão no No Bom Dia Brasil de hoje. A reconstrução do Brasil é uma realidade.,2,12,38
Odair Cunha,@odaircunhamg,https://twitter.com/odaircunhamg/status/1626260428127977477,2023-02-16T16:41:15.000Z,"FAZ O L! Em um único dia @LulaOficial anuncia o aumento das bolsas de graduação, pós-graduação, de iniciação científica, o salário mínimo com aumento real e a ampliação da faixa de isenção do Imposto de Renda. Presidente de verdade é assim: trabalha pelo povo!",1,6,20
Odair Cunha,@odaircunhamg,https://twitter.com/odaircunhamg/status/1626232883433345028,2023-02-16T14:51:48.000Z,"Nesta tarde o presidente @LulaOficial vai anunciar os novos valores e a expansão das bolsas de graduação, pós-graduação, iniciação científica e Bolsa Permanência. 
O Brasil voltará a valorizar os #estudantes e o nosso futuro.",0,1,16
Odair Cunha,@odaircunhamg,https://twitter.com/odaircunhamg/status/1626216741297700867,2023-02-16T13:47:39.000Z,"As inscrições para o #Sisu 2023 começam nesta quinta-feira. 
Confira:",0,1,2
Odair Cunha,@odaircunhamg,https://twitter.com/odaircunhamg/status/1626208945953026049,2023-02-16T13:16:40.000Z,"Me reuni ontem com o ministro de Minas e Energia, @asilveiramg e a secretaria de Finanças e Planejamento do PT, companheira @gleidept13 . Uma boa conversa sobre projetos de interesse de Minas Gerais e os desafios do setor.",2,2,14
Odair Cunha,@odaircunhamg,https://twitter.com/odaircunhamg/status/1626201230371422208,2023-02-16T12:46:01.000Z,"Bom dia! 

Hoje é um dia importante para quem valoriza a #educação, a #ciência e a #pesquisa. Vamos juntos reconstruir o Brasil!",0,0,4
Odair Cunha,@odaircunhamg,https://twitter.com/odaircunhamg/status/1625905385990152192,2023-02-15T17:10:26.000Z,"A história de Josimeire é a mesma de milhões de brasileiros e brasileiras. Com o Minha Casa Minha Vida, o presidente @LulaOficial devolve ao povo o sonho da casa própria, a dignidade do lar para nossos filhos e a esperança de dias melhores.",1,4,15
Odair Cunha,@odaircunhamg,https://twitter.com/odaircunhamg/status/1625865357637431304,2023-02-15T14:31:23.000Z,"É muito bom ver o país entrando nos trilhos novamente. Hoje o presidente @LulaOficial visita obras de duplicação da BR 101 em SE, que estavam paradas e foram retomadas. É assim que se reconstrói de verdade um país: com ação e trabalho!",2,11,56
Odair Cunha,@odaircunhamg,https://twitter.com/odaircunhamg/status/1625854355470684162,2023-02-15T13:47:39.000Z,"Tenho compromisso com a #educação pública de qualidade e com as instituições que fomentam o ensino em nossa região, como a @unifalmgOFICIAL. Ao lado do reitor Prof. Sandro Cerveira, falamos sobre a continuidade dos projetos de pesquisa e novos cursos da universidade.",3,3,8
Odair Cunha,@odaircunhamg,https://twitter.com/odaircunhamg/status/1625639812718899200,2023-02-14T23:35:08.000Z,Derrubar os juros é fundamental para que o Brasil possa voltar a crescer economicamente e se desenvolver socialmente. Faça parte dessa luta assine o manifesto contra os juros abusivos. https://chng.it/vLN2NWs8KQ #JurosBaixosJá,0,3,7
Odair Cunha,@odaircunhamg,https://twitter.com/odaircunhamg/status/1625639628047785984,2023-02-14T23:34:24.000Z,"A taxa Selic tem influência direta nas demais taxas de juros praticadas na economia. Quando o @BancoCentralBR mantém os juros altos há um impacto também nos juros do cheque especial, do cartão de crédito e de empréstimos. #JurosBaixosJá",1,1,4
Odair Cunha,@odaircunhamg,https://twitter.com/odaircunhamg/status/1625639379661205505,2023-02-14T23:33:25.000Z,"A manutenção da taxa Selic em 13,75% é inaceitável, um escândalo, e nós não podemos aceitar que o @BancoCentralBR pense uma política monetária para agradar apenas o sistema financeiro e vire as costas para as demandas reais do povo brasileiro. #JurosBaixosJá",0,5,12
Odair Cunha,@odaircunhamg,https://twitter.com/odaircunhamg/status/1625639284752392202,2023-02-14T23:33:03.000Z,"O tema dos juros ganhou destaque no noticiário porque o presidente @LulaOficial fez duras críticas à taxa básica de juros do @BancoCentralBR, que está no patamar de 13,75% e é a mais alta taxa de juros reais do mundo. #JurosBaixosJá",1,4,15
Odair Cunha,@odaircunhamg,https://twitter.com/odaircunhamg/status/1625636383879569410,2023-02-14T23:21:31.000Z,O maior programa habitacional da história do Brasil voltou! Viva o Minha Casa Minha Vida! Viva o Brasil da esperança e da justiça social!,0,6,8
Odair Cunha,@odaircunhamg,https://twitter.com/odaircunhamg/status/1625470443732836352,2023-02-14T12:22:08.000Z,O Minha Casa Minha Vida está de volta! Hoje @LulaOficial entrega novas casas na Bahia e vai anunciar a construção de outras 2 milhões de moradias. É o sonho da casa própria e o retorno da dignidade para aqueles que mais precisam!,1,3,14
Odair Cunha,@odaircunhamg,https://twitter.com/odaircunhamg/status/1625124158047674372,2023-02-13T13:26:07.000Z,"Bom dia! O presidente @LulaOficial assina hoje a recriação do Programa Pró-catador e revisão do Programa Recicla+. Duas medidas que reforçam os direitos dos catadores, colocando-os novamente como atores centrais da cadeia de reciclagem.",1,1,9
Odair Cunha,@odaircunhamg,https://twitter.com/odaircunhamg/status/1624792277410369538,2023-02-12T15:27:20.000Z,"Bolsonaro, além de não trabalhar, ainda rasgou dinheiro público com suas farras no cartão corporativo. Quanta imoralidade!",0,4,9
Odair Cunha,@odaircunhamg,https://twitter.com/odaircunhamg/status/1624788534371528705,2023-02-12T15:12:28.000Z,Acolhida e entronização da imagem da Beata Nhá Chica na paróquia Nossa Senhora da Saúde. Que o exemplo da santa de Baependi nos inspire na construção de uma sociedade mais justa e fraterna. 🙏🏼,1,0,4
Odair Cunha,@odaircunhamg,https://twitter.com/odaircunhamg/status/1624423598243848192,2023-02-11T15:02:20.000Z,"Com @LulaOficial, o Brasil volta a ser respeitado no cenário mundial!",1,4,18
Odair Cunha,@odaircunhamg,https://twitter.com/odaircunhamg/status/1624193336759156737,2023-02-10T23:47:22.000Z,"Há 43 anos lutando pelas trabalhadoras e trabalhadores. Orgulho de fazer parte do partido que deu dignidade ao povo brasileiro. Parabéns, @ptbrasil !  #PT43anos",0,1,2
Odair Cunha,@odaircunhamg,https://twitter.com/odaircunhamg/status/1624021582631907328,2023-02-10T12:24:52.000Z,Há 43 anos o @ptbrasil escolheu a Democracia e o Povo brasileiro! Feliz aniversário ao Partido das Trabalhadoras e dos Trabalhadores. Vida longa ao PT! ⭐️🇻🇳🇧🇷#Democracia #PT #PT43Anos,3,11,56
Odair Cunha,@odaircunhamg,https://twitter.com/odaircunhamg/status/1623757154434838532,2023-02-09T18:54:08.000Z,"Duas emas da Granja do Torto morreram. O motivo? Excesso de gordura, pois eram alimentadas com restos de comida humana, estavam sem acompanhamento veterinário e em ambientes inadequados. É impressionante. Em tudo que Bolsonaro se envolve há perda, destruição e morte.",8,10,38
Odair Cunha,@odaircunhamg,https://twitter.com/odaircunhamg/status/1623675591256940546,2023-02-09T13:30:02.000Z,"O presidente @LulaOficial embarca hoje para os EUA, onde vai se encontrar com Joe Biden. Desenvolvimento dos países e da região, pacificação e combate às fake news estão na pauta. E sem bater continência nem ser subserviente como o Jair adorava fazer. Isso sim é ser patriota.",3,2,9
Odair Cunha,@odaircunhamg,https://twitter.com/odaircunhamg/status/1623320919090274307,2023-02-08T14:00:41.000Z,"HÁ 1 MÊS DOS ATENTADOS CONTRA A DEMOCRACIA
Para o ex-líder do PT, @ReginaldoLopes, o presidente @LulaOficial agiu para defender a democracia, e os culpados estão sendo responsabilizados.
O Líder do PT, @Zeca_Dirceu, conclui: “A democracia se mostrou forte e inabalada”.@ptbrasil",3,1,5
Odair Cunha,@odaircunhamg,https://twitter.com/odaircunhamg/status/1623299020008439808,2023-02-08T12:33:40.000Z,A democracia é o patrimônio mais precioso da população brasileira. E a justiça será firme contra quem tentar tirá-la do povo. 🎥 Audiovisual/PR@LulaOficial @ptbrasil @govbr @secomvc,3,1,14
Odair Cunha,@odaircunhamg,https://twitter.com/odaircunhamg/status/1623032567111864321,2023-02-07T18:54:53.000Z,"Serão pré-requisitos para receber o Bolsa Família: matrícula das crianças na escola, carteira de vacinação em dia e acompanhamento pré-natal completo de mães que estiverem grávidas. Isso sim é ter responsabilidade e se preocupar com o bem estar da família.",1,1,4
Odair Cunha,@odaircunhamg,https://twitter.com/odaircunhamg/status/1623027940547039240,2023-02-07T18:36:30.000Z,"É preciso intensificar a luta pela vida e preservação dos povos indígenas p/ que nunca mais ocorra a barbárie causada pelo desgoverno Bolsonaro. Não vamos admitir q a ganância do garimpo ilegal traga + mortes e miséria. Os povos indígenas precisam de dignidade, amparo e respeito.",5,2,11
Odair Cunha,@odaircunhamg,https://twitter.com/odaircunhamg/status/1623017908266835968,2023-02-07T17:56:38.000Z,Não tem como chamar o Banco Central de independente. Seu presidente deixou a meta de inflação estourar dois anos seguidos e claramente está mais preocupado com os desejos do mercado e não do povo. Lamentável.,1,1,2
Odair Cunha,@odaircunhamg,https://twitter.com/odaircunhamg/status/1622672778213171217,2023-02-06T19:05:12.000Z,"Toda minha solidariedade aos povos da Síria e Turquia, vítimas do terremoto que deixou milhares de mortos, feridos e desaparecidos. Um cenário devastador. As embaixadas do Brasil na região estão acompanhando de perto a situação. +",1,3,22
Odair Cunha,@odaircunhamg,https://twitter.com/odaircunhamg/status/1622628173795020800,2023-02-06T16:07:58.000Z,"Lula irá investir R$ 600 milhões p/ reduzir filas de cirurgias eletivas pelo SUS. Uma ação muito importante q irá dar apoio aos estados e municípios. O programa irá diminuir a espera por cirurgias, exames e consultas em todo país. Parabéns @lulaOficial e ministra @nisia_trindade",0,3,10
Odair Cunha,@odaircunhamg,https://twitter.com/odaircunhamg/status/1622605634725203968,2023-02-06T14:38:24.000Z,"Inacreditável. Bolsonaro e seu clã mataram até as carpas do Alvorada para roubar as moedas da fonte. Uma atitude baixa, mesquinha e cruel: um dos muitos reflexos dessa corja que governou o Brasil nos últimos quatro anos.

Video: @Metropoles",1,3,17
Odair Cunha,@odaircunhamg,https://twitter.com/odaircunhamg/status/1621871916171550723,2023-02-04T14:02:52.000Z,Dia Mundial de Combate ao Câncer: Especialista alerta que desmonte da atenção primária no desgoverno Bolsonaro levou população mais pobre a desenvolver formas graves da doença. Lamentável!,0,2,6
Odair Cunha,@odaircunhamg,https://twitter.com/odaircunhamg/status/1621868613731852290,2023-02-04T13:49:45.000Z,43 anos de muita luta e grandes conquistas para o povo brasileiro. Falta pouco!  ✊🏼,0,3,12
Odair Cunha,@odaircunhamg,https://twitter.com/odaircunhamg/status/1621494471626997764,2023-02-03T13:03:02.000Z,"Bom dia! Hoje estou no Sul de Minas para entregar viaturas para a Polícia Militar e reinaugurar uma quadra poliesportiva, conquistas que contam com apoio do nosso mandato. Aqui o trabalho não para!",0,1,17
Odair Cunha,@odaircunhamg,https://twitter.com/odaircunhamg/status/1621138488069595137,2023-02-02T13:28:29.000Z,"Glória Maria foi um ícone para diversas gerações. Considerada a primeira repórter negra, também foi a primeira a entrar ao vivo em cores na TV. Seu bom humor e profissionalismo marcaram suas matérias, e farão falta. Meus sentimentos aos familiares e amigos.",0,4,21
Odair Cunha,@odaircunhamg,https://twitter.com/odaircunhamg/status/1620924380678328321,2023-02-01T23:17:42.000Z,"Deixo a Mesa Diretora Câmara dos Deputados nas competentes mãos da companheira e agora Segunda Secretária eleita @mariadorosario . Parabéns, minha amiga! Tenho certeza que você dará seguimento na construção de um diálogo cada vez melhor e mais democrático no Parlamento!",0,6,33
Odair Cunha,@odaircunhamg,https://twitter.com/odaircunhamg/status/1620914965455704064,2023-02-01T22:40:17.000Z,"Parabéns ao presidente da Câmara dos Deputados, @ArthurLira_ . Que a nossa casa legislativa seja uma aliada de primeira hora na reconstrução de um Brasil mais justo, digno e democrático para todas e todos.",0,7,26
Odair Cunha,@odaircunhamg,https://twitter.com/odaircunhamg/status/1620911106125611011,2023-02-01T22:24:57.000Z,"Parabéns ao presidente do Senado, @rodrigopacheco . Vence a democracia, o diálogo e o Estado de Direito! O bolsonarismo nazifascista não tem mais vez!",0,0,4
Odair Cunha,@odaircunhamg,https://twitter.com/odaircunhamg/status/1620872652759109632,2023-02-01T19:52:09.000Z,"Iniciamos um novo ciclo de trabalho por Minas Gerais e pelo Brasil. Neste novo mandato renovo o meu compromisso por mais saúde, educação, geração de emprego e combate à fome, bem como a luta incansável em defesa da democracia. Seguimos juntos pela reconstrução do nosso Brasil!",1,2,8
Odair Cunha,@odaircunhamg,https://twitter.com/odaircunhamg/status/1620815032203497472,2023-02-01T16:03:11.000Z,"Com o companheiro e líder da bancada do @PTnaCamara , @zeca_dirceu ! Sempre juntos na luta por um Brasil melhor e mais justo para todos, principalmente para quem mais precisa! 🇧🇷🤝⭐",0,0,22
Odair Cunha,@odaircunhamg,https://twitter.com/odaircunhamg/status/1620795653998940160,2023-02-01T14:46:11.000Z,Hoje é um dia muito especial! Nos bastidores da posse com minha esposa Nilda e colegas parlamentares. Vamos iniciar um novo ciclo com muito trabalho e disposição para reconstruir o Brasil!,3,2,37
Odair Cunha,@odaircunhamg,https://twitter.com/odaircunhamg/status/1620768281979387904,2023-02-01T12:57:25.000Z,"Bom dia! Daqui a pouco começa a posse na Câmara dos Deputados. Começo meu 6º mandato com muita #gratidão a Deus, minha esposa e filhas, e a todos e todas que me confiaram seus votos. Vamos juntos ao lado de @LulaOficial trabalhar ainda mais por Minas e reconstruir o Brasil!",0,1,7
