nome,usuario,idTweet,dataPublicacao,texto,replies,retweets,likes
Luiz Lima,@Oficialluizlima,https://twitter.com/Oficialluizlima/status/1630356898808471553,2023-02-27T23:59:09.000Z,"Moço, quanto tá o litro de ódio? 4,82.
E o litro do amor? 6,27.",10,108,371
Luiz Lima,@Oficialluizlima,https://twitter.com/Oficialluizlima/status/1630298638671912961,2023-02-27T20:07:39.000Z,"Até quando o @LulaOficial vai defender o seu Ministro das Comunicações ? Não basta de escândalos ? Todos as nossas custas, diga-se de passagem !!",23,165,568
Luiz Lima,@Oficialluizlima,https://twitter.com/Oficialluizlima/status/1630297476677656580,2023-02-27T20:03:02.000Z,"Ministro das Comunicações do Desgoverno Lula , Juscelino faz uma cagada a cada 5 dias em média! Usou um avião da FAB e recebeu diárias pagas pelo governo para participar de leilões de cavalos de raça que chegam a valer mais de R$ 1 milhão, informa o Estadão.",9,79,280
Luiz Lima,@Oficialluizlima,https://twitter.com/Oficialluizlima/status/1630224439097933828,2023-02-27T15:12:49.000Z,"O Índice de Confiança da Indústria caiu 1,1 ponto em fevereiro, após queda de 0,2 ponto em janeiro, informou a FGV. Com o resultado, o índice atingiu 92,0 pontos, o menor nível desde julho de 2020, plena pandemia, quando havia atingido 89,8 pontos.",8,22,147
Luiz Lima,@Oficialluizlima,https://twitter.com/Oficialluizlima/status/1630145824603664384,2023-02-27T10:00:25.000Z,"O governo Lula completa dois meses hoje com várias áreas da administração pública sem chefia. Das 178 secretarias ou órgãos similares existentes, 60 estão com o comando vago, segundo a consultoria Ética Inteligência Política.",9,28,262
Luiz Lima,@Oficialluizlima,https://twitter.com/Oficialluizlima/status/1629578001397563392,2023-02-25T20:24:06.000Z,"Fevereiro ainda não acabou, mas alertas de desmate na Amazônia batem recorde para o mês, a maior marca em toda a série histórica, iniciada em 2015. Faz o L !",20,182,675
Luiz Lima,@Oficialluizlima,https://twitter.com/Oficialluizlima/status/1628754417389383683,2023-02-23T13:51:28.000Z,Faz o L mesmo !,7,25,160
Luiz Lima,@Oficialluizlima,https://twitter.com/Oficialluizlima/status/1628447713573445639,2023-02-22T17:32:44.000Z,"Os poderes municipal, estadual e federal precisam garantir que remoções de casas nas encostas venham junto de uma política habitacional. Obras de contenção de encostas e de drenagem não geram voto. Quando chegam os meses mais secos, a questão some da prioridade política.",4,15,111
Luiz Lima,@Oficialluizlima,https://twitter.com/Oficialluizlima/status/1627861359923761154,2023-02-21T02:42:47.000Z,"Janja, em evento durante o período eleitoral, anunciou: “vamos tentar ressignificar esse conceito de primeira-dama”. Agora, em meio a caos em SP, Janja vai curtir o carnaval em camarote na Bahia.",22,55,440
Luiz Lima,@Oficialluizlima,https://twitter.com/Oficialluizlima/status/1627410008152350722,2023-02-19T20:49:16.000Z,"TST vai comprar cadeiras por mais de R$ 6 mil cada uma. Os ministros precisam de mais conforto, justifica o tribunal … Brasil sil sil !",27,92,507
Luiz Lima,@Oficialluizlima,https://twitter.com/Oficialluizlima/status/1626672756090671105,2023-02-17T19:59:41.000Z,Os cinco estados americanos que mais perderam população tem governos democratas. Os cinco estados que mais receberam novos habitantes são republicanos.,10,48,251
Luiz Lima,@Oficialluizlima,https://twitter.com/Oficialluizlima/status/1626179900339019777,2023-02-16T11:21:15.000Z,Há consenso entre os integrantes do governo mais próximos a Lula que o presidente mantém o seu advogado Cristiano Zanin como favorito para ocupar a primeira vaga no STF. É surreal isso. Como é que a mídia trata essa possível indicação como algo normal?!,25,45,360
Luiz Lima,@Oficialluizlima,https://twitter.com/Oficialluizlima/status/1626155313987567616,2023-02-16T09:43:34.000Z,O Ministério das Comunicações e os Correios mandaram 1000 chips de celular para ajudar na comunicação na terra Yanomami. Só esqueceram de checar se tinha sinal de celular na área … não tinha!,144,870,3.325
Luiz Lima,@Oficialluizlima,https://twitter.com/Oficialluizlima/status/1625674181902753792,2023-02-15T01:51:43.000Z,"Aprovamos hoje no Plenário a MP 1.138/2022 que reduz de 25% para 6% o Imposto de Renda que incide em empresas brasileiras agenciadoras de viagens. Ao desonerar o setor, a medida abre caminho para a redução de preços em serviços ligados ao turismo, como passagens, pacotes etc.",7,30,163
Luiz Lima,@Oficialluizlima,https://twitter.com/Oficialluizlima/status/1625581317604663299,2023-02-14T19:42:42.000Z,Paga R$ 20 mil e sai com uma tremenda indigestão!,11,9,91
Luiz Lima,@Oficialluizlima,https://twitter.com/Oficialluizlima/status/1625532473005289473,2023-02-14T16:28:37.000Z,"Não adianta o Boulos, do PSOL, apresentar projeto de lei aqui na Câmara para acabar com a autonomia do Banco Central. Vamos barrar isso! O Banco Central é um órgão de Estado que deve estar protegido de pressões políticas espúrias dessa turma do mal.",14,59,555
Luiz Lima,@Oficialluizlima,https://twitter.com/Oficialluizlima/status/1625470947535863809,2023-02-14T12:24:08.000Z,"É muito conveniente para Lula, culpar Campos Neto e Bolsonaro pelo provável desempenho ruim da economia neste ano. Balela! A eleição acabou, Lula precisa abandonar a estratégia de criar conflitos e começar a governar. Não faz nada!",24,103,542
Luiz Lima,@Oficialluizlima,https://twitter.com/Oficialluizlima/status/1625176948031856641,2023-02-13T16:55:53.000Z,"A pessoa que ataca a independência do Banco Central é a maior responsável pela alta de juros no Brasil. Estabilidade e previsibilidade ajudam o mercado a criar riqueza, e não sofrimento. Acorda, Lula !!!",7,29,197
Luiz Lima,@Oficialluizlima,https://twitter.com/Oficialluizlima/status/1625080935640141824,2023-02-13T10:34:22.000Z,Tremendo retrocesso ! Vamos lutar contra isso !,11,30,248
Luiz Lima,@Oficialluizlima,https://twitter.com/Oficialluizlima/status/1624922256676737027,2023-02-13T00:03:50.000Z,Como gastar nosso dinheiro a toa …,7,15,142
Luiz Lima,@Oficialluizlima,https://twitter.com/Oficialluizlima/status/1624890883404402690,2023-02-12T21:59:10.000Z,"Ricardo Lewadowski viveu uma tarde de “companheiro” ontem, num seminário organizado pelo Movimento dos Trabalhadores Rurais Sem Terra (MST), no interior paulista, num evento repleto de petistas, alguns até com cargos no governo.",55,182,701
Luiz Lima,@Oficialluizlima,https://twitter.com/Oficialluizlima/status/1624877864159006726,2023-02-12T21:07:26.000Z,"Desde que assumiu a Presidência da República, segundo um levantamento de O Estado de S. Paulo, Lula já fez oito declarações jogando pobres contra ricos. Estratégia baixa usada por políticos de esquerda!",8,40,325
Luiz Lima,@Oficialluizlima,https://twitter.com/Oficialluizlima/status/1624876028106575872,2023-02-12T21:00:08.000Z,"Passado mais de um mês da posse, Lula continua devendo um plano de governo – um roteiro para gerar crescimento econômico e emprego. Até agora só lacração e blá-blá-blá contra os juros altos e o Banco Central.",7,15,170
Luiz Lima,@Oficialluizlima,https://twitter.com/Oficialluizlima/status/1624805490298347523,2023-02-12T16:19:50.000Z,"O desgoverno do PT explora diariamente a mentira que o governo Bolsonaro deixou o país em crise, mesmo diante de todos os dados que as emissoras amigas exibem diariamente.  A Globo e Lula insistem em esconder e fazem de tudo para alterar a verdade.",3,37,236
Luiz Lima,@Oficialluizlima,https://twitter.com/Oficialluizlima/status/1624513171217063938,2023-02-11T20:58:16.000Z,"Ao invés de picanha, Lula está entregando inflação, juros altos, irresponsabilidade fiscal e um ego do tamanho do mundo. A soberba precede a ruína.",24,66,578
Luiz Lima,@Oficialluizlima,https://twitter.com/Oficialluizlima/status/1624204083941736449,2023-02-11T00:30:04.000Z,"Agradeço o contato do @RicardoCappelli que informou que o órgão está procurando destravar a aquisição de munições pelos nossos atletas. Em reunião com o secretário nacional de Segurança, Tadeu Alencar, os atletas apresentaram seus pleitos e estão no caminho de achar uma solução.",6,20,100
Luiz Lima,@Oficialluizlima,https://twitter.com/Oficialluizlima/status/1623993453783707648,2023-02-10T10:33:06.000Z,"O loteamento do Estado feito pelo PT é impressionante. O governo de Lula voltou às origens, com 37 ministros alojados em 30 ministérios, mais três secretarias e quatro órgãos equivalentes a pastas. Não pode dar certo.",17,78,558
Luiz Lima,@Oficialluizlima,https://twitter.com/Oficialluizlima/status/1623858991225835520,2023-02-10T01:38:48.000Z,Por essas e por outras que se diz que o Brasil é o país onde até o passado é incerto! Parabéns STF por mais uma decisão esdrúxula!,20,90,412
Luiz Lima,@Oficialluizlima,https://twitter.com/Oficialluizlima/status/1623767985495187460,2023-02-09T19:37:10.000Z,"Faz o L !!! O TRF decidiu relaxar a prisão do ex-governador Sérgio Cabral, que estava em prisão domiciliar. A prisão será substituída por medidas cautelares, entre elas o uso de tornozeleira eletrônica, a apreensão do passaporte e comparecimento mensal à Justiça.",32,63,391
Luiz Lima,@Oficialluizlima,https://twitter.com/Oficialluizlima/status/1623693889541484546,2023-02-09T14:42:44.000Z,"Ao tratar a privatização da Eletrobrás como “bandidagem”, Lula mais uma vez ataca e ofende o Congresso Nacional, que aprovou os termos da operação.  Me digam, atacar outros poderes só era ato anti-democrático  até 31 de dezembro ?",17,120,562
Luiz Lima,@Oficialluizlima,https://twitter.com/Oficialluizlima/status/1623504349568679938,2023-02-09T02:09:34.000Z,"A decisão do Lula de revogar decretos que regulamentavam a venda e a autorização para a posse e o porte de armas de fogo travou o serviço de blindagem de automóveis no país. O famoso “serviço porco” derrubou, com as demais normas, as regras que regulamentavam o serviço no Brasil",25,76,559
Luiz Lima,@Oficialluizlima,https://twitter.com/Oficialluizlima/status/1623414963036643330,2023-02-08T20:14:23.000Z,Patética a nota do Centro Acadêmico da Faculdade de Direito da USP contra a volta da Prof. @JanainaDoBrasil às aulas. É vergonhoso que estudantes de direito escrevam uma porcaria dessas. Parcela de culpa enorme também do corpo de professores que estimula esse tipo de pensamento.,7,21,179
Luiz Lima,@Oficialluizlima,https://twitter.com/Oficialluizlima/status/1623365718677852166,2023-02-08T16:58:42.000Z,Nossa ação do dia foi conjunta com diversos outros deputados da oposição! Seguimos no papel de fiscalizadores e estamos nos unindo para termos cada vez mais força enquanto oposição ao governo Lula.,7,22,180
Luiz Lima,@Oficialluizlima,https://twitter.com/Oficialluizlima/status/1623317614473711618,2023-02-08T13:47:33.000Z,"O Banco Central tem, por lei, autonomia para cumprir a meta de inflação que o governo determina. Não é correto reclamar do banco quando quem não está cumprindo a sua parte na área fiscal é o governo.",3,40,311
Luiz Lima,@Oficialluizlima,https://twitter.com/Oficialluizlima/status/1623020355152478211,2023-02-07T18:06:21.000Z,É a turma do faz o L !,26,70,296
Luiz Lima,@Oficialluizlima,https://twitter.com/Oficialluizlima/status/1623016430726746120,2023-02-07T17:50:45.000Z,"O novo secretário de Políticas Penais do Flávio Dino defende desencarceramento conscienteʼ.  Ou seja, eles querem o desencarceramento para bandidos e cadeia para seus oponentes!",7,72,328
Luiz Lima,@Oficialluizlima,https://twitter.com/Oficialluizlima/status/1622915784082178052,2023-02-07T11:10:49.000Z,Lula dá tiro no pé com a briga com o chefe do Banco Central. Ele tenta criar  um discurso para atribuir a Roberto Campos todos os seus fracassos na economia. Não tem sentido. O Banco Central independente é fundamental para afastar as tradicionais ingerências políticas do PT.,23,201,948
Luiz Lima,@Oficialluizlima,https://twitter.com/Oficialluizlima/status/1622700701016096781,2023-02-06T20:56:10.000Z,Estamos só no primeiro mês de governo … imagina no último!,42,120,664
Luiz Lima,@Oficialluizlima,https://twitter.com/Oficialluizlima/status/1622663957591777281,2023-02-06T18:30:09.000Z,O Banco Nacional do Desenvolvimento Econômico e Social (BNDES) voltou a suspender as linhas de nove programas de crédito rural por causa do elevado nível de comprometimento dos recursos disponíveis. E ainda querem voltar a financiar países de esquerda!,6,61,258
Luiz Lima,@Oficialluizlima,https://twitter.com/Oficialluizlima/status/1622650731852333076,2023-02-06T17:37:36.000Z,"Apresentei requerimento de informação à Ministra do Esporte sobre o desmonte feito pelo governo na Autoridade Brasileira de Controle de Dopagem - ABCD. Desde janeiro, o quadro foi reduzido para 6 servidores e até hoje não há Secretário nomeado. As consequências podem ser graves!",7,29,178
Luiz Lima,@Oficialluizlima,https://twitter.com/Oficialluizlima/status/1622621023538409474,2023-02-06T15:39:33.000Z,"Durante os governos do PT, esquemas de corrupção patrocinados pela companheirada desviaram bilhões dos Correios. Agora o Luíz Marinho, quer chamar os Correios para substituir o Uber, caso o Uber decida sair do país pela ameaça de regulamentação que o governo faz. Que idiotice !!",9,23,122
Luiz Lima,@Oficialluizlima,https://twitter.com/Oficialluizlima/status/1622307623738417155,2023-02-05T18:54:13.000Z,"Lula não cansa de atacar nossa moeda. Despreza o teto de gastos, cogita moeda única com a Argentina e ataca o Banco Central autônomo. Quem leu Fausto, de Goethe, vê que quando Mefistófeles (o Mal encarnado) se torna assessor de um príncipe alemão, logo propõe a emissão de moeda.",9,48,452
Luiz Lima,@Oficialluizlima,https://twitter.com/Oficialluizlima/status/1622299763558203396,2023-02-05T18:22:59.000Z,Ué ? Cadê o ministério dos povos originários ? Funai ?,17,109,494
Luiz Lima,@Oficialluizlima,https://twitter.com/Oficialluizlima/status/1622197447706480640,2023-02-05T11:36:25.000Z,"Não há governo no Brasil desde 1 de janeiro. O governo que assumiu continua tendo como objetivo central e único fazer oposição a um governo que não existe mais e, pior, perseguir seus membros e apoiadores.",92,651,3.259
Luiz Lima,@Oficialluizlima,https://twitter.com/Oficialluizlima/status/1621523120762019845,2023-02-03T14:56:53.000Z,"Há muito pouca diferença entre atos em Brasília e vandalismo do cotidiano carioca. Manifestantes vandalizam prédios públicos, são presos e investigados... Mas, no Rio, quebram-se vidraças, picham, sujam, traficam, além de muito furto, roubo, violência, mas não dá em nada.",8,20,216
Luiz Lima,@Oficialluizlima,https://twitter.com/Oficialluizlima/status/1621323821482377219,2023-02-03T01:44:56.000Z,Militantes de esquerda agrediram estudantes liberais hoje na Bienal da UNE no Rio. Os alvos da violência compõem o grupo União Juventude e Liberdade que defende a livre manifestação de ideias e o capitalismo de livre mercado. Os agressores podem ser chamados de terroristas ?,28,144,778
Luiz Lima,@Oficialluizlima,https://twitter.com/Oficialluizlima/status/1621258391401144320,2023-02-02T21:24:56.000Z,A Bolsa ampliou suas perdas após mensagem de Lula ao Congresso impactar ações de Petrobras e Eletrobras. Lula calado é um poeta !,32,45,452
Luiz Lima,@Oficialluizlima,https://twitter.com/Oficialluizlima/status/1620896110410895367,2023-02-01T21:25:22.000Z,não tem democracia … tem é interesses,44,79,845
Luiz Lima,@Oficialluizlima,https://twitter.com/Oficialluizlima/status/1620875695248506881,2023-02-01T20:04:14.000Z,"O senador Eduardo Girão desistiu da candidatura e declarou seu voto e apoio ao candidato do PL, Rogério Marinho, que concorre contra Rodrigo Pacheco. Vamos vencer!",30,70,598
Luiz Lima,@Oficialluizlima,https://twitter.com/Oficialluizlima/status/1620865630361759744,2023-02-01T19:24:15.000Z,"Eu hoje, com a minha família ao meu lado, tomei posse no meu segundo mandato na Câmara dos Deputados. Prometo trabalhar muito e honrar o voto de confiança que vocês - meus eleitores - me deram. Será uma legislatura crucial. Combateremos juntos os retrocessos da pauta do PT!",33,16,553
Luiz Lima,@Oficialluizlima,https://twitter.com/Oficialluizlima/status/1620732152055996416,2023-02-01T10:33:51.000Z,"Como você chamaria essa enorme distribuição de cargos feita pelo PT no segundo escalão em troca de votos “pela democracia”, no caso, pela Presidência do Senado ? É aquela vergonha que, sendo do PT, a turma da GloboNews não fala nada …",137,358,1.521
