nome,usuario,idTweet,dataPublicacao,texto,replies,retweets,likes
Paulo Teixeira,@pauloteixeira13,https://twitter.com/pauloteixeira13/status/1629951575434186752,2023-02-26T21:08:33.000Z,"A enorme coragem de Lula para reverter o esgarçamento do tecido social do país: desnutrição dos ianomâmis,  trabalho análogo ao trabalho escravo no  RS, 33 milhões de brasileiros vivendo com fome, famílias perdendo a vida vivendo em áreas de risco em SP e juros a 13,75 aa.",16,67,532
Paulo Teixeira,@pauloteixeira13,https://twitter.com/pauloteixeira13/status/1629644386345660416,2023-02-26T00:47:53.000Z,Meu repúdio às empresas que contrataram trabalhadores em condições análogas ao trabalho escravo no Rio Grande do Sul. A minha solidariedade a esses trabalhadores.,14,60,669
Paulo Teixeira,@pauloteixeira13,https://twitter.com/pauloteixeira13/status/1629198353425735681,2023-02-24T19:15:31.000Z,"O Ceagesp de São Paulo, vinculado ao MDA, entrega hoje 11 toneladas de alimentos para os atingidos pelas chuvas no litoral norte de São Paulo. Obrigada aos funcionários e permissionários do Ceagesp que atenderam ao chamado do Presidente Lula.@LulaOficial @Ceagesp_Oficial",10,36,174
Paulo Teixeira,@pauloteixeira13,https://twitter.com/pauloteixeira13/status/1629117752148385793,2023-02-24T13:55:14.000Z,"Minha solidariedade ao @GuilhermeBoulos , ameaçado  por um defensor da política do uso de armas pregada pelo delinquente ex presidente, mas que implicará aqueles que praticam tais ameaças.",18,62,771
Paulo Teixeira,@pauloteixeira13,https://twitter.com/pauloteixeira13/status/1628696601270034432,2023-02-23T10:01:44.000Z,"Indo para o Rio Grande do Sul, a pedido do presidente @LulaOficial , juntamente com os ministros @wdiaspi e @Pimenta13Br , para anunciar medidas emergenciais contra a seca.",12,34,225
Paulo Teixeira,@pauloteixeira13,https://twitter.com/pauloteixeira13/status/1628514688097976323,2023-02-22T21:58:52.000Z,"Presidente Lula autorizou o anúncio de um conjunto de medidas para atender os pequenos agricultores do Rio Grande ao Sul, inclusive assentados da reforma agrária, no valor de R$ 430 milhões.",14,55,551
Paulo Teixeira,@pauloteixeira13,https://twitter.com/pauloteixeira13/status/1628206783939461123,2023-02-22T01:35:22.000Z,"O Ceagesp de São Paulo, vinculado ao governo federal, está arrecadando alimentos e materiais de higiene para serem entregues no litoral norte de São Paulo. Ajudem a divulgar a ação!",2,88,306
Paulo Teixeira,@pauloteixeira13,https://twitter.com/pauloteixeira13/status/1627654880767758336,2023-02-20T13:02:18.000Z,"Com imensa tristeza soube do falecimento do Padre Jaime Crown, ocorrido na Irlanda. Padre Jaime foi a alma do trabalho no Jardim Ângela, na capital de São Paulo. Nossos sentimentos!",2,29,297
Paulo Teixeira,@pauloteixeira13,https://twitter.com/pauloteixeira13/status/1627485393611358208,2023-02-20T01:48:49.000Z,"Diferentemente do antecessor, Lula irá a São Sebastião prestar solidariedade aos atingidos pelas chuvas neste domingo.",26,39,419
Paulo Teixeira,@pauloteixeira13,https://twitter.com/pauloteixeira13/status/1627461555762655232,2023-02-20T00:14:06.000Z,"Minha solidariedade aos familiares daqueles que foram a óbito em virtude das fortes chuvas em São Sebastião, litoral de São Paulo. Igualmente, a minha solidariedade a todos os atingidos pelas chuvas.",8,37,464
Paulo Teixeira,@pauloteixeira13,https://twitter.com/pauloteixeira13/status/1627134171796602887,2023-02-19T02:33:11.000Z,Urgente: Zelensky aceita proposta de paz sugerida por Lula. @JamilChade,36,56,485
Paulo Teixeira,@pauloteixeira13,https://twitter.com/pauloteixeira13/status/1626984774282760196,2023-02-18T16:39:32.000Z,"48 dias não cabem num tuíte! 
Volta do Fundo Amazônia✔️Isenção IR até R$2.640✔️Bolsa Família R$600✔️Reajuste de 40% bolsas de mestrado e doutorado✔️Salário Mín R$1320✔️Guerra ao garimpo ilegal + Cuidado c/povo Yanomami
2mil MinhaCasa M.V.✔️Conselho Nac Meio Ambiente✔️",40,135,864
Paulo Teixeira,@pauloteixeira13,https://twitter.com/pauloteixeira13/status/1626962244817809408,2023-02-18T15:10:01.000Z,"É gravíssima a notícia de que Bolsonaro se vacinou e colocou em sigilo sua carteira de vacinação. Isso porque, naquele período, ele estimulou as pessoas a não se vacinarem e muitos foram a óbito. Não pode haver condescendência com esse fato.",2.025,539,4.031
Paulo Teixeira,@pauloteixeira13,https://twitter.com/pauloteixeira13/status/1626760141503602690,2023-02-18T01:46:56.000Z,"Afinal, Bolsonaro tomou vacina e estimulava seus seguidores a não se vacinarem?",26,35,290
Paulo Teixeira,@pauloteixeira13,https://twitter.com/pauloteixeira13/status/1626356312429699072,2023-02-16T23:02:15.000Z,"Cada dia mais certo que valeu demais fazer o L! 
Ainda sobre o reajuste das bolsas de pesquisa: 
A bolsa de mestrado passa de R$ 1500 para R$ 2100; 
A de Doutorado de R$ 2200 para 3100;
E a bolsa de pós doc, de R$4100 para R$5200.
É só o começo!",34,59,522
Paulo Teixeira,@pauloteixeira13,https://twitter.com/pauloteixeira13/status/1626324784295424006,2023-02-16T20:56:58.000Z,"Ganha a classe trabalhadora: Lula decide pela isenção do Imposto de Renda em R$ 2640,00 e o salário mínimo de R$ 1320,00.",19,27,251
Paulo Teixeira,@pauloteixeira13,https://twitter.com/pauloteixeira13/status/1626224488911368195,2023-02-16T14:18:26.000Z,"Hoje teremos um marco histórico para a ciência e estudantes. O presidente @lulaoficial anunciará o aumento das bolsas de pós-graduação, iniciação científica e Bolsa Permanência. O caminho é de valorização da educação e da ciência sem negacionismo.",9,42,250
Paulo Teixeira,@pauloteixeira13,https://twitter.com/pauloteixeira13/status/1625977219989340161,2023-02-15T21:55:53.000Z,"Lula voltou! Em Sergipe, Lula anuncia a retomada de 14 mil obras.",14,25,211
Paulo Teixeira,@pauloteixeira13,https://twitter.com/pauloteixeira13/status/1625927857007480832,2023-02-15T18:39:44.000Z,"Participo da reunião que retoma o funcionamento do Fundo Amazonia, juntamente com ministras ⁦@MarinaSilva⁩ ⁦@GuajajaraSonia⁩ e o presidente do BNDES Aloizio Mercadante",19,33,403
Paulo Teixeira,@pauloteixeira13,https://twitter.com/pauloteixeira13/status/1625666056457973761,2023-02-15T01:19:25.000Z,"Lula retoma o programa “Minha Casa Minha Vida” , juntamente com o governador Jerónimo Rodrigues em Santo Amaro da Purificação, Bahia
⁦@LulaOficial⁩ ⁦@Jeronimoba13⁩",13,27,271
Paulo Teixeira,@pauloteixeira13,https://twitter.com/pauloteixeira13/status/1625317370720841728,2023-02-14T02:13:52.000Z,"Você acha que está certo o Banco Central fixar a taxa de juros em 13,75%?",247,86,568
Paulo Teixeira,@pauloteixeira13,https://twitter.com/pauloteixeira13/status/1625177406171496476,2023-02-13T16:57:42.000Z,"Viva Diogo de Santana, que agora da seu nome para o programa nacional para catadores de materiais recicláveis!",5,13,115
Paulo Teixeira,@pauloteixeira13,https://twitter.com/pauloteixeira13/status/1625172407664226306,2023-02-13T16:37:50.000Z,"Precisa doer no bolso: Advocacia Pública da União pede ressarcimento de R$ 20 milhões dos autores dos danos materiais ao STF, Congresso e Palácio do Planalto no dia 8/1.",8,53,327
Paulo Teixeira,@pauloteixeira13,https://twitter.com/pauloteixeira13/status/1624450876063592448,2023-02-11T16:50:44.000Z,Nos últimos 4 anos o verbo empregado era desmatar. Agora é reflorestar!,27,87,848
Paulo Teixeira,@pauloteixeira13,https://twitter.com/pauloteixeira13/status/1624439760700813312,2023-02-11T16:06:34.000Z,Lula chegou: Caiu 61% o desmatamento na Amazonia. O verbo é reflorestar!,10,65,654
Paulo Teixeira,@pauloteixeira13,https://twitter.com/pauloteixeira13/status/1624139783399174144,2023-02-10T20:14:34.000Z,Parabéns a Advocacia Pública da Uniao que hoje completa seus 30 anos. Sempre fui parceiro da AGU pela excelência dos seus profissionais.,5,19,189
Paulo Teixeira,@pauloteixeira13,https://twitter.com/pauloteixeira13/status/1624074838041059338,2023-02-10T15:56:29.000Z,"Em relação ao debate sobre o Banco Central, eu pergunto: é correto que o presidente da república derrotado nas eleições escolha o presidente do Banco Central que ficará na gestão do presidente vencedor?",313,449,3.236
Paulo Teixeira,@pauloteixeira13,https://twitter.com/pauloteixeira13/status/1624063828194467844,2023-02-10T15:12:44.000Z,"É com muito orgulho que chegamos aos 43 anos do PT. Um partido que surgiu das bases e que durante 4 décadas sempre esteve com o povo brasileiro em defesa dos seus direitos e da sua dignidade. Parabéns PT! Com Lula e com o povo, estamos reconstruindo o Brasil.",18,55,519
Paulo Teixeira,@pauloteixeira13,https://twitter.com/pauloteixeira13/status/1623858021351755776,2023-02-10T01:34:56.000Z,"Fui recebido pelo presidente em exercício ⁦@geraldoalckmin⁩ para discutir estratégias de reflorestamento na Amazonia, assim como o desenvolvimento de agro indústrias para valorização dos produtos locais. Encontramos o prefeito de Araraquara ⁦@edinhosilva⁩",13,29,518
Paulo Teixeira,@pauloteixeira13,https://twitter.com/pauloteixeira13/status/1623493047005876228,2023-02-09T01:24:40.000Z,"Hoje participei de importante reunião ministerial, convocada pelo presidente Lula, com a presença de 19 ministérios, para elaborar o plano de prevenção e combate ao desmatamento no Brasil.",16,43,407
Paulo Teixeira,@pauloteixeira13,https://twitter.com/pauloteixeira13/status/1623370458505613325,2023-02-08T17:17:32.000Z,Parabéns ministra @MarinaSilva pelo seu aniversário! Muita saúde e energia para recuperar as florestas brasileiras! Conta comigo!,7,8,250
Paulo Teixeira,@pauloteixeira13,https://twitter.com/pauloteixeira13/status/1622674579394109476,2023-02-06T19:12:22.000Z,Meus sentimentos aos familiares daqueles que perderam parentes no terremoto que atingiu a Siria e a Turquia.,4,19,243
Paulo Teixeira,@pauloteixeira13,https://twitter.com/pauloteixeira13/status/1622601778603741184,2023-02-06T14:23:05.000Z,Na posse do Aloizio Mercadante na presidência do BNDES. O desafio é da reindustrialização do brasil.,22,36,496
Paulo Teixeira,@pauloteixeira13,https://twitter.com/pauloteixeira13/status/1622389505310310400,2023-02-06T00:19:35.000Z,Quero agradecer a prefeitura de São Paulo por ter permitido que o Bloco “Tarado Ni Você”desfile no carnaval da cidade.,12,27,316
Paulo Teixeira,@pauloteixeira13,https://twitter.com/pauloteixeira13/status/1621946458365743104,2023-02-04T18:59:04.000Z,Chega de veneno na mesa do povo brasileiro: “Bolsonaro libera 2182 agrotóxicos em 4 anos”. @OGloboPolitica,39,76,584
Paulo Teixeira,@pauloteixeira13,https://twitter.com/pauloteixeira13/status/1621898266047545348,2023-02-04T15:47:34.000Z,"Minha solidariedade à vereadora de São Miguel D’Oeste, em Santa Catarina, que teve o seu mandato cassado em virtude de denúncias que fez da participação de munícipes nos movimentos nazistas que se organizaram na região. Rogamos a justiça que devolva o mandato da vereadora.",25,149,1.045
Paulo Teixeira,@pauloteixeira13,https://twitter.com/pauloteixeira13/status/1621294172534702080,2023-02-02T23:47:07.000Z,"Presidente Lula diz que o caso das Lojas Americanas foi uma “motociata, não apenas uma pedalada!”",30,103,1.025
Paulo Teixeira,@pauloteixeira13,https://twitter.com/pauloteixeira13/status/1621142874900381696,2023-02-02T13:45:55.000Z,Agora tem prova para pegar o Bolsonaro: “Senador renúncia e diz que Bolsonaro o coagiu a dar um golpe.”,38,80,889
Paulo Teixeira,@pauloteixeira13,https://twitter.com/pauloteixeira13/status/1621136815372619776,2023-02-02T13:21:50.000Z,"Glória Maria, ícone da TV brasileira, nos deixou. A primeira mulher negra jornalista que esteve à frente na TV. Um exemplo de coragem e não aceitação de subalternidade. Meus sentimentos aos familiares e ao povo brasileiro.",0,19,234
Paulo Teixeira,@pauloteixeira13,https://twitter.com/pauloteixeira13/status/1620894399348764672,2023-02-01T21:18:34.000Z,Rodrigo Pacheco ganha a eleição no Senado!,34,74,1.048
Paulo Teixeira,@pauloteixeira13,https://twitter.com/pauloteixeira13/status/1620628316469481477,2023-02-01T03:41:15.000Z,"Cartão vermelho para o Wallace, jogador de vôlei que incitou à prática de violência contra o presidente Lula",23,31,316
Paulo Teixeira,@pauloteixeira13,https://twitter.com/pauloteixeira13/status/1620607702979452929,2023-02-01T02:19:20.000Z,Parabéns ao deputado @caiofranca40 pela lei que disponibiliza medicamentos à base da cannabis no SUS em São Paulo. Pela aprovação do PL 399 no Congresso Nacional.,5,47,317
