nome,usuario,idTweet,dataPublicacao,texto,replies,retweets,likes
Renilce Nicodemos,@RenilceOficial,https://twitter.com/RenilceOficial/status/1630335935190650880,2023-02-27T22:35:51.000Z,"Hoje tive o prazer de participar, ao lado da Ministra Nísia Trindade, do Presidente Lula e do Zé Gotinha, do Lançamento da Mobilização Nacional pela vacinação. A mobilização inclui vacinação contra a Covid-19 e outras do Calendário Nacional de Vacinação. Vacinas salvam vidas!",3,1,13
Renilce Nicodemos,@RenilceOficial,https://twitter.com/RenilceOficial/status/1629909849000538119,2023-02-26T18:22:44.000Z,"Triste em ver a situação dos moradores do bairro São João, em Abaetetuba, que neste momento sofrem com esse deslizamento de terra. Minha solidariedade à população e, mais uma vez, coloco meu mandato de Deputada Federal à disposição de todos os Abaetetubenses. 🙏🏻🙌🏻",2,2,7
Renilce Nicodemos,@RenilceOficial,https://twitter.com/RenilceOficial/status/1628900780034908162,2023-02-23T23:33:04.000Z,"Parabenizo o governador @helderbarbalho que tomou a frente e através do governo do estado e liberou 30 milhões de reais para ajudar na saúde da nossa capital paraense. Belém precisa desse auxílio, nossa saúde não pode ficar desassistida. +",1,2,30
Renilce Nicodemos,@RenilceOficial,https://twitter.com/RenilceOficial/status/1628173590850936834,2023-02-21T23:23:28.000Z,"Repudio veementemente a agressão sofrida pela ex-deputada federal Simone Morgado durante uma festa de carnaval, no município de Bragança. É inconcebível uma mulher ser agredida, ainda mais por outra mulher. Que a justiça seja feita e a agressora pague por seus atos.",5,1,20
Renilce Nicodemos,@RenilceOficial,https://twitter.com/RenilceOficial/status/1627715344927162390,2023-02-20T17:02:34.000Z,"As chuvas fortes atingem várias regiões do Pará. Agora, quem passa por um momento difícil é a região da Calha Norte. Me solidarizo com as famílias afetadas e coloco nosso mandato à disposição para ajudar no que for preciso. Deus abençoe cada paraense que passa por essa situação.",1,0,9
Renilce Nicodemos,@RenilceOficial,https://twitter.com/RenilceOficial/status/1626962708884033541,2023-02-18T15:11:51.000Z,"27 dias. 
Uma bebê de 27 dias de vida foi estuprada pelo pai. O crime brutal aconteceu na Região dos Lagos do Rio de Janeiro. É dilacerante, de embrulhar o estômago, de perder o sono, ver, ouvir ou ler noticiais como essas. +",2,1,8
Renilce Nicodemos,@RenilceOficial,https://twitter.com/RenilceOficial/status/1625515793130586115,2023-02-14T15:22:20.000Z,"O ano letivo de 2023 começou diferente para mais de 351 mil estudantes da rede pública no Pará. O Governo do estado anunciou diversos investimentos na pasta: aumento de salário do quadro de profissionais, definição de plano de carreira, +",1,0,4
Renilce Nicodemos,@RenilceOficial,https://twitter.com/RenilceOficial/status/1623398129558077441,2023-02-08T19:07:30.000Z,"Neste momento de dor, me junto aos familiares e amigos de Thaynara Karine Sarmento Botelho, minha conterrânea, que faleceu precocemente no dia de hoje. Deixo meu abraço e sinceros sentimentos aos amigos Anderson Botelho, Celem Sarmento, Manié, a professora Mariana Sarmento e +",1,0,2
Renilce Nicodemos,@RenilceOficial,https://twitter.com/RenilceOficial/status/1623356028581453825,2023-02-08T16:20:12.000Z,"Fiquei muito feliz em saber que a deputada estadual @Paulatitan1 assumiu a Procuradoria Especial da Mulher da @Alepa_com. Paula é uma parlamentar que muito tem feito por Castanhal e muito fará por todo o Pará, em especial às mulheres.",1,1,4
Renilce Nicodemos,@RenilceOficial,https://twitter.com/RenilceOficial/status/1622292475174961154,2023-02-05T17:54:01.000Z,Hoje o clube do Remo está em festa. São 118 anos de história e tradição. Parabéns ao Remo que é um dos clubes de grande importância para o futebol paraense! 🦁,4,2,8
Renilce Nicodemos,@RenilceOficial,https://twitter.com/RenilceOficial/status/1621143429605654528,2023-02-02T13:48:07.000Z,"O jornalismo brasileiro perde a força, garra, competência, brilho e luta feminina de Glória Maria. Primeira repórter a entrar ao vivo e em cores no Jornal Nacional. Primeira mulher negra na história do jornalismo. Que Deus conforte os corações de seus familiares e fãs. 🖤",1,1,6
Renilce Nicodemos,@RenilceOficial,https://twitter.com/RenilceOficial/status/1620747923381440512,2023-02-01T11:36:31.000Z,"Bom dia, pessoal! Hoje (01) de fevereiro de 2023, tomo posse para meu 1º mandato de Deputada Federal. Seguiremos trabalhando por um Pará e por um Brasil de todos e para todos.",2,1,10
Renilce Nicodemos,@RenilceOficial,https://twitter.com/RenilceOficial/status/1620634396163469313,2023-02-01T04:05:24.000Z,"Pessoal, é inadmissível o que está ocorrendo na Câmara Municipal de Paragominas. Estão querendo acabar com a Procuradoria da Mulher e transformar em uma Ouvidoria.

Como pode uma perseguição política deixar que lutas, conquistas e avanços passe por um retrocesso! +",2,2,5
