nome,usuario,idTweet,dataPublicacao,texto,replies,retweets,likes
Ruy Carneiro,@ruycarneiropb,https://twitter.com/ruycarneiropb/status/1629634754273222656,2023-02-26T00:09:37.000Z,"A lei 14.434/2022 é clara. Ela assegura que é ilegal desconsiderar ou suprimir acordos individuais, contratos e convenções coletivas conquistadas pelos trabalhadores. Seguirei firme na luta pelos profissionais da enfermagem e das entidades que atuam em defesa da categoria!!!",0,1,4
Ruy Carneiro,@ruycarneiropb,https://twitter.com/ruycarneiropb/status/1629634537549340674,2023-02-26T00:08:45.000Z,"É inadmissível o que o Governo da Paraíba fez com os profissionais da enfermagem. Primeiro, anunciando o pagamento do piso apenas para efetivos e servidores da PB Saúde. Agora, a categoria foi surpreendida com descontos absurdos e cortes de vários benefícios no contracheque.",2,1,5
Ruy Carneiro,@ruycarneiropb,https://twitter.com/ruycarneiropb/status/1629188847241158661,2023-02-24T18:37:44.000Z,"Há 91 anos o reconhecimento do Voto Feminino no Brasil garantiu um grande passo para o fortalecimento da democracia. Atualmente, o número de eleitoras no país corresponde a 52,65% da população. Nossa luta é ampliar a participação e a representatividade delas no cenário político.",0,0,4
Ruy Carneiro,@ruycarneiropb,https://twitter.com/ruycarneiropb/status/1623799899379703812,2023-02-09T21:43:59.000Z,"Lamentar esse grave acidente envolvendo dois trens na Ilha do Bispo, em João Pessoa. Desejo que todas as vítimas recebam o atendimento adequado e possam se recuperar plenamente. Parabenizar os profissionais do Samu e Corpo de Bombeiros, que chegaram ao local rapidamente.",4,1,1
