nome,usuario,idTweet,dataPublicacao,texto,replies,retweets,likes,tweetPai
Amanda,@Amanda52317946,https://twitter.com/Amanda52317946/status/1609624221868756994,2023-01-01T18:54:54.000Z,Cheio de maconheiros ! Brasília deve estar fedendo….cheiro de enxofre com maconha,1,0,1,https://twitter.com/SargentoFAHUR/status/1609623637715197953
Bianca,@Bianca84792462,https://twitter.com/Bianca84792462/status/1609646651282522113,2023-01-01T20:24:02.000Z,A galera da saidinha tá tudo aí 🤮,0,0,1,https://twitter.com/SargentoFAHUR/status/1609623637715197953
Dorian Ambrosio,@AmbrosioDorian,https://twitter.com/AmbrosioDorian/status/1609712340580139009,2023-01-02T00:45:03.000Z,Primeiro dia do ano o maior Pesadelo! Simplesmente inacreditável essa palhaçada um delinquente como Presidente do nosso País. Que vergonha as Forças Armadas prestando continência para um criminoso!🤔🫣🤔VERGONHOSO!,1,0,0,https://twitter.com/SargentoFAHUR/status/1609623637715197953
irado,@i_r_a_d_o,https://twitter.com/i_r_a_d_o/status/1609649616693391360,2023-01-01T20:35:49.000Z,"Agora imagine mais o tanto que ajudou q este dia chegasse ao ajudar acabarem com a lava jato, desmoralizar Moro? Sao muitos, alguns fingem demencia e falam por ai faz o L, mas eles ajudaram nisso tudo 😂",1,0,1,https://twitter.com/SargentoFAHUR/status/1609623637715197953
Geraldo Magela,@Geraldo15880039,https://twitter.com/Geraldo15880039/status/1609977715687309313,2023-01-02T18:19:34.000Z,Comentário típico desse desgoverno que graças a Deus já foi embora 😂😅,1,0,1,https://twitter.com/SargentoFAHUR/status/1609623637715197953
André Sarmento,@AndrSarmento4,https://twitter.com/AndrSarmento4/status/1609624605786001408,2023-01-01T18:56:26.000Z,"O Brasil volta a vermelho, e volta a ser do povo.",0,0,6,https://twitter.com/SargentoFAHUR/status/1609623637715197953
Destra,@Bolossaura,https://twitter.com/Bolossaura/status/1609636266185736195,2023-01-01T19:42:46.000Z,HAHAHAHA a posse de celular já começou... Só pra tomar uma brejinha,0,0,1,https://twitter.com/SargentoFAHUR/status/1609623637715197953
Pavlvs Drvs,@Yoda_Zoero42,https://twitter.com/Yoda_Zoero42/status/1609711752442175492,2023-01-02T00:42:43.000Z,"Se contar os anos de condenações do povo que compareceu na posse dá a idade do planeta Terra.
Se juntar os anos de condenações do lulla e dos políticos puxa-sacos dá a idade do universo.

Multiplicado pela 10ª potência.",0,0,0,https://twitter.com/SargentoFAHUR/status/1609623637715197953
Roseane Sousa candeira,@CandeiraRoseane,https://twitter.com/CandeiraRoseane/status/1609979358453633026,2023-01-02T18:26:05.000Z,Os piores tipos de pessoas.,0,0,0,https://twitter.com/SargentoFAHUR/status/1609623637715197953
Gracian,@gracliper,https://twitter.com/gracliper/status/1609624434481954821,2023-01-01T18:55:45.000Z,Só a chinelagem.,1,0,2,https://twitter.com/SargentoFAHUR/status/1609623637715197953
Elvis Moreira,@ElvisM0reira,https://twitter.com/ElvisM0reira/status/1609700731761696769,2023-01-01T23:58:55.000Z,muita gente feia neh,0,0,1,https://twitter.com/SargentoFAHUR/status/1609623637715197953
Ricardinho Corrêa,@rickorrea,https://twitter.com/rickorrea/status/1609672274667249665,2023-01-01T22:05:51.000Z,"Os que estão em frente aos quartéis pagando mico são todos boa gente,ah para aceitaque foi menos",1,0,3,https://twitter.com/SargentoFAHUR/status/1609623637715197953
Sonia M Slovak,@SoniaMa67934263,https://twitter.com/SoniaMa67934263/status/1609711725938606080,2023-01-02T00:42:37.000Z,Dava pra cumprir um tanto bom de mandado de prisão e prender vários foragidos procurados,0,0,1,https://twitter.com/SargentoFAHUR/status/1609623637715197953
Marcus Martimiano,@MarcusMartimia1,https://twitter.com/MarcusMartimia1/status/1609667790390136833,2023-01-01T21:48:02.000Z,"Somente ""pessoas de bem"". Um pior que o outro.",1,0,0,https://twitter.com/SargentoFAHUR/status/1609623637715197953
1940,@Molchat_Glaza,https://twitter.com/Molchat_Glaza/status/1609753209815408642,2023-01-02T03:27:27.000Z,"Sinceramente, quero apenas ver oque acontecerá, apenas predizer o futuro não conta! E que Deus esteja conosco! Veremos oque será de nós, de todos nós, seja o mundo todo ou apenas nós. Não digo isso por conta de candidato A ou B, digo isso porque não importa o partido ou político!",1,0,0,https://twitter.com/SargentoFAHUR/status/1609623637715197953
Edo Almeida,@edowa,https://twitter.com/edowa/status/1609629112783572994,2023-01-01T19:14:20.000Z,"Nesse ""evento"" daria pra cumprir algumas ordens de prisão ou tô errado?",5,0,13,https://twitter.com/SargentoFAHUR/status/1609623637715197953
Alexandre Bertini,@Abertinijr,https://twitter.com/Abertinijr/status/1609625389986623488,2023-01-01T18:59:33.000Z,Vergonha e nojo é o mínimo que eu sinto do exército hj.,0,0,3,https://twitter.com/SargentoFAHUR/status/1609623637715197953
Cris Abambres,@AbambresCris,https://twitter.com/AbambresCris/status/1609697924467855361,2023-01-01T23:47:46.000Z,"O que deve ter sumido de celular ali kkkkkkkkkk...mas tá tudo certo, é só pra tomar uma cervejinha 🤣🤣🤣🤣🤣🤣",1,0,5,https://twitter.com/SargentoFAHUR/status/1609623637715197953
"Sim, sou eu!",@censuradaaaa,https://twitter.com/censuradaaaa/status/1609624435665039361,2023-01-01T18:55:45.000Z,Se explodisse esse evento iria dar uma boa limpada no país!!! Serião!,0,0,0,https://twitter.com/SargentoFAHUR/status/1609623637715197953
NATA NATTA,@NATANATTA3,https://twitter.com/NATANATTA3/status/1609651154861916161,2023-01-01T20:41:55.000Z,Hoje seria um bom dia pra Deus mandar uma chuva de lava e fogo,0,0,0,https://twitter.com/SargentoFAHUR/status/1609623637715197953
Carelisa Stoffel,@careestoffel,https://twitter.com/careestoffel/status/1609847879153209349,2023-01-02T09:43:38.000Z,"Ah pronto, agora vai ofender os cpxa",0,0,0,https://twitter.com/SargentoFAHUR/status/1609623637715197953
Josiane,@Direitalivre23,https://twitter.com/Direitalivre23/status/1609625128471601153,2023-01-01T18:58:30.000Z,"Nossa quisessem prender bandido ,nem precisariam procurar!😒",0,0,0,https://twitter.com/SargentoFAHUR/status/1609623637715197953
Claudia Martins,@VintageStudio72,https://twitter.com/VintageStudio72/status/1609625742656274434,2023-01-01T19:00:57.000Z,Certamente já começaram o esquema pagando  água e banheiros químicos e sendo entregues menos da metade e o dinheiro embolsado.,0,0,0,https://twitter.com/SargentoFAHUR/status/1609623637715197953
Silvio Carlos,@profsilvio2008,https://twitter.com/profsilvio2008/status/1609631029643579392,2023-01-01T19:21:57.000Z,Você está na posse? Um sujeito como você não pode faltar. Tem a mesma qualidade que atribui aos outros.,0,0,0,https://twitter.com/SargentoFAHUR/status/1609623637715197953
Daiane Seibert,@CaetanoDaiani,https://twitter.com/CaetanoDaiani/status/1609651503538778112,2023-01-01T20:43:18.000Z,Pensei que teria picanha e cervejinha 😜,0,0,0,https://twitter.com/SargentoFAHUR/status/1609623637715197953
ibra Azevedo,@ibraazev,https://twitter.com/ibraazev/status/1609640079802368001,2023-01-01T19:57:55.000Z,Que preço cheiro é este ? Vergonhoso,0,0,0,https://twitter.com/SargentoFAHUR/status/1609623637715197953
luci,@Estrele7Luci,https://twitter.com/Estrele7Luci/status/1609634343852429313,2023-01-01T19:35:07.000Z,O Brasil é terra de ninguém,0,0,0,https://twitter.com/SargentoFAHUR/status/1609623637715197953
Thiiago,@ThiagooM33,https://twitter.com/ThiagooM33/status/1611724687855464448,2023-01-07T14:01:24.000Z,O policialzinho cheirador de pó kkkkkkkkk,0,0,0,https://twitter.com/SargentoFAHUR/status/1609623637715197953
Denilson Silva,@Denilso43315860,https://twitter.com/Denilso43315860/status/1610035541902237696,2023-01-02T22:09:20.000Z,Ainda tão falando em política? Vai caçar oq fazer,0,0,0,https://twitter.com/SargentoFAHUR/status/1609623637715197953
Eleuza Ciqueira,@CiqueiraEleuza,https://twitter.com/CiqueiraEleuza/status/1610017819126644736,2023-01-02T20:58:55.000Z,Meu sargento querido eu te admiro e sei q vamos ter resposta sobre esse miserável dia 01/01 /23,0,0,0,https://twitter.com/SargentoFAHUR/status/1609623637715197953
Renato Evaristo Metzger,@EvaristoMetzger,https://twitter.com/EvaristoMetzger/status/1610432684387405824,2023-01-04T00:27:27.000Z,Sua postura me representa.👉🏾🧔,0,0,0,https://twitter.com/SargentoFAHUR/status/1609623637715197953
Leonardo Sousa Ferreira,@LeonardoSousaF7,https://twitter.com/LeonardoSousaF7/status/1611327948597895168,2023-01-06T11:44:54.000Z,"Que trágico você comparecer a um evento da posse de um Bandido, e chegar lá e encontrar bandidos...",0,0,0,https://twitter.com/SargentoFAHUR/status/1609623637715197953
Aguinaldo Giba Gibo,@AguinaldoGibo,https://twitter.com/AguinaldoGibo/status/1610114241775783939,2023-01-03T03:22:04.000Z,Sargento? Como espectador vejo ódio no coração.,0,0,0,https://twitter.com/SargentoFAHUR/status/1609623637715197953
LEONARDO ARRAIS NEVES,@leoarrais2023,https://twitter.com/leoarrais2023/status/1612242916562407431,2023-01-09T00:20:39.000Z,"Vc é tão correto e tá no meio dos políticos bandidos e não faz nada KKKK KKKKKKKKKKKKKK kkkkkkk
Tu fala dmais....",0,0,0,https://twitter.com/SargentoFAHUR/status/1609623637715197953
LEONARDO ARRAIS NEVES,@leoarrais2023,https://twitter.com/leoarrais2023/status/1612243039895883778,2023-01-09T00:21:09.000Z,Vc não é exemplo de nada,0,0,0,https://twitter.com/SargentoFAHUR/status/1609623637715197953
Joana D'Arc,@JoanaDA07125913,https://twitter.com/JoanaDA07125913/status/1610077096344449024,2023-01-03T00:54:28.000Z,"Deus, abençoe o Lula!",0,0,0,https://twitter.com/SargentoFAHUR/status/1609623637715197953
Rachel,@TheNecroESO,https://twitter.com/TheNecroESO/status/1609633660172652544,2023-01-01T19:32:24.000Z,Quanta gente! Contei uns...8?,0,0,1,https://twitter.com/SargentoFAHUR/status/1609623637715197953
alexsandro premoli,@premoli10,https://twitter.com/premoli10/status/1609654744993222656,2023-01-01T20:56:11.000Z,Perdeu mané kkkkk,0,0,1,https://twitter.com/SargentoFAHUR/status/1609623637715197953
Totó,@totomnds,https://twitter.com/totomnds/status/1609649576021004290,2023-01-01T20:35:39.000Z,"Melhor começar a ficar neném mermão.

Agora esse tipo de coisa não se cria mais.",0,0,1,https://twitter.com/SargentoFAHUR/status/1609623637715197953
Julio Oliver,@Juliano44725662,https://twitter.com/Juliano44725662/status/1609770401990688771,2023-01-02T04:35:46.000Z,Parecia o Carandiru em dia de visita.,1,0,0,https://twitter.com/SargentoFAHUR/status/1609623637715197953
M,@Marlyalvesfs,https://twitter.com/Marlyalvesfs/status/1609644125212606470,2023-01-01T20:13:59.000Z,"🤣🤣👎 Bolsonaro nunca mais, Adeus, não volta mais para o Brasil 🇧🇷 por favor Bolsonaro.",1,0,2,https://twitter.com/SargentoFAHUR/status/1609623637715197953
Brasiliano_Canhoto,@RenunciaBozzo,https://twitter.com/RenunciaBozzo/status/1609742141575819267,2023-01-02T02:43:28.000Z,Espera Faur. Tudo ao seu tempo. Tic tac.,0,0,2,https://twitter.com/SargentoFAHUR/status/1609623637715197953
Brasiliano_Canhoto,@RenunciaBozzo,https://twitter.com/RenunciaBozzo/status/1609742717445185536,2023-01-02T02:45:46.000Z,Quanta coisa a gente acha se pesquisar um pouco.,0,0,3,https://twitter.com/SargentoFAHUR/status/1609623637715197953
Giacometti,@gragiacometti,https://twitter.com/gragiacometti/status/1609681619882840066,2023-01-01T22:42:59.000Z,Por falar nisso tem ai nessa foto o aposentado por força maior e o miliciano amigo do outro kkkkkkkkkkkkkkkkkkkkkkkkkkkkkkkkkkkkkkkkkkkkk,1,0,2,https://twitter.com/SargentoFAHUR/status/1609623637715197953
Partido Liberal Passo Fundo RS,@PL_PassoFundo,https://twitter.com/PL_PassoFundo/status/1609625888487870464,2023-01-01T19:01:31.000Z,"Se a polícia fiz um arrastão nos cpfs de quem está aí, no mínimo vai uns 50% preso.",0,0,2,https://twitter.com/SargentoFAHUR/status/1609623637715197953
Fábio,@Fabio_bioca,https://twitter.com/Fabio_bioca/status/1609630809463324672,2023-01-01T19:21:05.000Z,Precisa falar mais ???,1,0,2,https://twitter.com/SargentoFAHUR/status/1609623637715197953
Dan. Viktor,@danilovns12,https://twitter.com/danilovns12/status/1609629375435268101,2023-01-01T19:15:23.000Z,Quanto preconceito num post só. Lamentável.,0,0,1,https://twitter.com/SargentoFAHUR/status/1609623637715197953
Drinka,@Drinka57466344,https://twitter.com/Drinka57466344/status/1609625043876675584,2023-01-01T18:58:10.000Z,"Deus salve o Brasil, estamos encrencados",0,0,1,https://twitter.com/SargentoFAHUR/status/1609623637715197953
Rafael #FV,@Rafafv07,https://twitter.com/Rafafv07/status/1609632704995393536,2023-01-01T19:28:37.000Z,Lugar onde a polícia era pra tar prendendo está batendo continência e sendo vaiada.,1,0,0,https://twitter.com/SargentoFAHUR/status/1609623637715197953
marcelo,@marcelo_damiao,https://twitter.com/marcelo_damiao/status/1609629742684307457,2023-01-01T19:16:50.000Z,Bolsonaro e família não foram,0,0,1,https://twitter.com/SargentoFAHUR/status/1609623637715197953
CA Lobato,@ca_lobatosd,https://twitter.com/ca_lobatosd/status/1609627640616345602,2023-01-01T19:08:29.000Z,"Só falta vc lá então, o maior deles!",1,0,6,https://twitter.com/SargentoFAHUR/status/1609623637715197953
victorpissemilio,@victorpisse,https://twitter.com/victorpisse/status/1609625266996797441,2023-01-01T18:59:03.000Z,Festa estranha com gente esquisita,0,0,4,https://twitter.com/SargentoFAHUR/status/1609623637715197953
marcel tiritan,@MGTBCNY,https://twitter.com/MGTBCNY/status/1609626181178986497,2023-01-01T19:02:41.000Z,Lastimo cada segundo nao ter a queda de um meteoro ali hj...,0,0,1,https://twitter.com/SargentoFAHUR/status/1609623637715197953
jefferson adornes,@jeffersonadorne,https://twitter.com/jeffersonadorne/status/1609956975042772995,2023-01-02T16:57:09.000Z,"@SargentoFAHUR  tem bastante vagabundo dentro de casa chorando como bebês e twitando tbm, e alguns até usando farda na policia do PR.",0,0,1,https://twitter.com/SargentoFAHUR/status/1609623637715197953
Marcelo,@MarceloEwald_,https://twitter.com/MarceloEwald_/status/1609625242682511361,2023-01-01T18:58:57.000Z,Tinha que ter alguns sargentos fatura nesse evento para distribuir borrachada,1,0,1,https://twitter.com/SargentoFAHUR/status/1609623637715197953
Thiago Vieira,@Vieira_Contador,https://twitter.com/Vieira_Contador/status/1609704577456111622,2023-01-02T00:14:12.000Z,"Já ganharam água dos bombeiros, pão e mortadela e ainda queriam seguranças.",1,0,2,https://twitter.com/SargentoFAHUR/status/1609623637715197953
Manoel Netto,@ManoelN00419224,https://twitter.com/ManoelN00419224/status/1609624442702860296,2023-01-01T18:55:47.000Z,Só quero ver depois as notícias de roubo kkkkk,0,0,1,https://twitter.com/SargentoFAHUR/status/1609623637715197953
Thiago,@ted_striker2,https://twitter.com/ted_striker2/status/1610691552904609797,2023-01-04T17:36:06.000Z,"Bigode, você anda muito machão ultimamente. É saudade do Valdemar e do Ciro Petrolão?",0,0,0,https://twitter.com/SargentoFAHUR/status/1609623637715197953
Simone Gomes Toledo,@SimoneGomesTol1,https://twitter.com/SimoneGomesTol1/status/1609649823040536576,2023-01-01T20:36:38.000Z,Acredito que tem muita gente boa tambem....infelizmente muitas pessoas não tem informação para separar o joio do trigo e na inocência acreditam nas falácias e falsas promessas do PT.,1,0,0,https://twitter.com/SargentoFAHUR/status/1609623637715197953
Neia Soares,@neiasoares360,https://twitter.com/neiasoares360/status/1609676032054788096,2023-01-01T22:20:47.000Z,"Se o senhor fosse lá, não ia ter tempo nem pra beber água, de tanto trabalho que ia ter.",0,0,1,https://twitter.com/SargentoFAHUR/status/1609623637715197953
Jú,@Lambertiny79,https://twitter.com/Lambertiny79/status/1609777113661333504,2023-01-02T05:02:26.000Z,Misericórdia eu nem quis passar perto!🤣,0,0,1,https://twitter.com/SargentoFAHUR/status/1609623637715197953
Maria Sonia Freitas,@caselero_maria,https://twitter.com/caselero_maria/status/1609655002523652097,2023-01-01T20:57:13.000Z,Pena que apenas o senhor percebe isso…🤔,0,0,1,https://twitter.com/SargentoFAHUR/status/1609623637715197953
ingrydizz,@IngrydAmanda10,https://twitter.com/IngrydAmanda10/status/1609632049069002752,2023-01-01T19:26:00.000Z,"E um povo feio, estranho.",0,0,1,https://twitter.com/SargentoFAHUR/status/1609623637715197953
Bleia,@MarcosbleiaM,https://twitter.com/MarcosbleiaM/status/1609626773817380865,2023-01-01T19:05:02.000Z,Onde estão reclamando. Meus amigos q estão lá tão dizendo q tá lindo.,0,0,1,https://twitter.com/SargentoFAHUR/status/1609623637715197953
Amelia Rosa,@RosaR57996479,https://twitter.com/RosaR57996479/status/1610001074949079041,2023-01-02T19:52:23.000Z,Faz o LLL 😂😂😂😂,0,0,0,https://twitter.com/SargentoFAHUR/status/1609623637715197953
Armando ruiz #Foralula,@Armandocubano82,https://twitter.com/Armandocubano82/status/1609941909702688768,2023-01-02T15:57:17.000Z,Detalhe até agora não vi uma família com crianças nesse evento por que será,0,0,0,https://twitter.com/SargentoFAHUR/status/1609623637715197953
Sandra Ferreira,@SandraF59891502,https://twitter.com/SandraF59891502/status/1609881397560328192,2023-01-02T11:56:49.000Z,E ainda reclamam de segurança kkkkk eles são tão família apoiar o papai não precisa de segurança.,0,0,0,https://twitter.com/SargentoFAHUR/status/1609623637715197953
José Sanches,@JosSanc23388114,https://twitter.com/JosSanc23388114/status/1609927291575869445,2023-01-02T14:59:11.000Z,L L L caramba que  Elezão e M....,0,0,0,https://twitter.com/SargentoFAHUR/status/1609623637715197953
Joel,@realJoelSantos,https://twitter.com/realJoelSantos/status/1609850861689180162,2023-01-02T09:55:29.000Z,Reclamaram da falta de segurança 🤣🤣🤣 parece piada!,0,0,0,https://twitter.com/SargentoFAHUR/status/1609623637715197953
Sergio Olimpio,@Soribgroup,https://twitter.com/Soribgroup/status/1609769199227834368,2023-01-02T04:30:59.000Z,Tudo ralé,0,0,0,https://twitter.com/SargentoFAHUR/status/1609623637715197953
Helton Laurindo,@heltonphd,https://twitter.com/heltonphd/status/1609916576991428612,2023-01-02T14:16:37.000Z,Quantas tornozeleiras tinham presentes no evento?,0,0,0,https://twitter.com/SargentoFAHUR/status/1609623637715197953
Augusto,@GtoGomes,https://twitter.com/GtoGomes/status/1609951002152550400,2023-01-02T16:33:25.000Z,"e mão do Sr  , fica como nessa hora 🤣🤣🤣🤣🤣 "" ched cheio d vontade d dar nas ureia "" 🤣🤣🤣🤣🤣🤣",0,0,0,https://twitter.com/SargentoFAHUR/status/1609623637715197953
Tragicontos,@tragicontos,https://twitter.com/tragicontos/status/1609910112210288642,2023-01-02T13:50:56.000Z,Aee Sgt. Será que a PM teria tantos camburões pra levar toda essa corja?? Acho que tinha que ser só com caminhão de lixo né...,0,0,0,https://twitter.com/SargentoFAHUR/status/1609623637715197953
lucianobgama,@lucianobgama1,https://twitter.com/lucianobgama1/status/1609745242730942464,2023-01-02T02:55:48.000Z,"Já pensou em ver um dia a PF Gestapo defendendo criminosos e pendendo trabalhadores,  cumprindo as vontades ilegais de um ditador louco?",0,0,0,https://twitter.com/SargentoFAHUR/status/1609623637715197953
@mariac,@mariac,https://twitter.com/mariacrcorrea/status/1609752729122914307,2023-01-02T03:25:33.000Z,"Vergonha, inaceitável um bandido voltar ao poder!",0,0,0,https://twitter.com/SargentoFAHUR/status/1609623637715197953
Tiago Scandolara,@TiagoScandolara,https://twitter.com/TiagoScandolara/status/1609923492647997441,2023-01-02T14:44:06.000Z,"Está chamando quem compareceu à posse de bandido e vagabundo? Depois levam processo e ficam chorando feito criança dizendo que ""acabaram"" com a liberdade de expressão.",0,0,0,https://twitter.com/SargentoFAHUR/status/1609623637715197953
Raul Gutierrez,@raulzilla,https://twitter.com/raulzilla/status/1609877582593277954,2023-01-02T11:41:40.000Z,Se estão reclamando de desorganização está claro que não foram por espontaneidade.,0,0,0,https://twitter.com/SargentoFAHUR/status/1609623637715197953
Cosa Nostra Bullys,@BullysCosa,https://twitter.com/BullysCosa/status/1609752814976176130,2023-01-02T03:25:53.000Z,Já pensou a quantidade de camburão??? 😂😂😂😂😂,0,0,0,https://twitter.com/SargentoFAHUR/status/1609623637715197953
News,@AntonioBSB3,https://twitter.com/AntonioBSB3/status/1609828282928713729,2023-01-02T08:25:46.000Z,"Uma coisa é certa, nessa manifestação ""só tinha"" bandidos e simpatizantes.",0,0,0,https://twitter.com/SargentoFAHUR/status/1609623637715197953
Any,@Viviancorreia37,https://twitter.com/Viviancorreia37/status/1609736172409950214,2023-01-02T02:19:45.000Z,Cracolândia em peso,0,0,0,https://twitter.com/SargentoFAHUR/status/1609623637715197953
joao alves lima,@joaoalveslima1,https://twitter.com/joaoalveslima1/status/1609827788952829954,2023-01-02T08:23:48.000Z,Tem muito viu sargento,0,0,0,https://twitter.com/SargentoFAHUR/status/1609623637715197953
Rodrigo Xavier,@Rodrigo111268,https://twitter.com/Rodrigo111268/status/1609719488550764546,2023-01-02T01:13:27.000Z,Muita gente feia por metro quadrado! Parece aqueles trem 👻!!!,0,0,0,https://twitter.com/SargentoFAHUR/status/1609623637715197953
Andre Assmann,@andre_e3s,https://twitter.com/andre_e3s/status/1609733652472004609,2023-01-02T02:09:44.000Z,Alguém avisa para eles que foi a janja que tava organizando!!! Padrão PT fio reclama não faz u Eli kkk,0,0,0,https://twitter.com/SargentoFAHUR/status/1609623637715197953
Toninhoctba,@Toninhoctba1,https://twitter.com/Toninhoctba1/status/1610017303646666757,2023-01-02T20:56:52.000Z,🤣🤣🤣,0,0,0,https://twitter.com/SargentoFAHUR/status/1609623637715197953
Jotão Boaventura Mangabeira,@AlimentosJotage,https://twitter.com/AlimentosJotage/status/1609746326228451328,2023-01-02T03:00:06.000Z,Quem são esses da foto que você está afirmando serem  bandidos/vagabundos? Só pra saber...,0,0,0,https://twitter.com/SargentoFAHUR/status/1609623637715197953
Renner,@rennezao,https://twitter.com/rennezao/status/1609685458920800256,2023-01-01T22:58:14.000Z,Tu tem video cheirando pó ao vivo e quer falar dos outros kkkkkk tu  tá mais pra comediante kkkkkkkkk,0,0,6,https://twitter.com/SargentoFAHUR/status/1609623637715197953
Joel000016,@Joel0000161,https://twitter.com/Joel0000161/status/1609755691157278720,2023-01-02T03:37:19.000Z,Kkkkkk  verdade,0,0,0,https://twitter.com/SargentoFAHUR/status/1609623637715197953
Rudimec,@rudimec,https://twitter.com/rudimec/status/1609861245535920130,2023-01-02T10:36:45.000Z,https://instagram.com/reel/Cm6DvUwJIX_/?igshid=Yzg5MTU1MDY=…Moste isso a eles kkk,0,0,0,https://twitter.com/SargentoFAHUR/status/1609623637715197953
Seu Vagem,@SeiQsouSeuVagem,https://twitter.com/SeiQsouSeuVagem/status/1609679909584277506,2023-01-01T22:36:11.000Z,"Ué, cadê o policiamento? Não é papel da polícia cuidar disso, animal? 😂",0,0,0,https://twitter.com/SargentoFAHUR/status/1609623637715197953
Moraes,@EdersonMoraes07,https://twitter.com/EdersonMoraes07/status/1609674402458923009,2023-01-01T22:14:18.000Z,Parece evento de presídio,0,0,0,https://twitter.com/SargentoFAHUR/status/1609623637715197953
Marlos Nobre,@marlosmn,https://twitter.com/marlosmn/status/1609637402070458375,2023-01-01T19:47:16.000Z,"Os bandidos já saíram, o rato milicano abandonou o barco antes. O vice rato já correu e notou o resto da quadrilha da rachadinha pra correr.",0,0,0,https://twitter.com/SargentoFAHUR/status/1609623637715197953
Santos santos,@Santoss09296378,https://twitter.com/Santoss09296378/status/1609648267561783305,2023-01-01T20:30:27.000Z,Dor de cotovelo,0,0,0,https://twitter.com/SargentoFAHUR/status/1609623637715197953
datapovonews,@datapovo_news,https://twitter.com/datapovo_news/status/1609627810724990977,2023-01-01T19:09:10.000Z,Precisamos reagir. Sem as forças armadas só resta o povo. Falta uma organização.,0,0,0,https://twitter.com/SargentoFAHUR/status/1609623637715197953
Lé com Lé Cré com Cré,@cristalluzbr,https://twitter.com/cristalluzbr/status/1609624829186949121,2023-01-01T18:57:19.000Z,E a polícia que prende? Kd? 🙏🏼,0,0,0,https://twitter.com/SargentoFAHUR/status/1609623637715197953
Marcelo Campos,@Mca7070,https://twitter.com/Mca7070/status/1609640289488044032,2023-01-01T19:58:45.000Z,Com certeza ele vai soltar o Marcola…,0,0,0,https://twitter.com/SargentoFAHUR/status/1609623637715197953
Nonato,@Nonato79614457,https://twitter.com/Nonato79614457/status/1609637109849280512,2023-01-01T19:46:07.000Z,Não adianta chorar o povo venceu o facismo,0,0,0,https://twitter.com/SargentoFAHUR/status/1609623637715197953
WD,@WD07230030,https://twitter.com/WD07230030/status/1609648604871811072,2023-01-01T20:31:47.000Z,Sem anistia!,0,0,0,https://twitter.com/SargentoFAHUR/status/1609623637715197953
Lincoln Souza,@Lincoln44925684,https://twitter.com/Lincoln44925684/status/1609637466952146946,2023-01-01T19:47:32.000Z,#ForaLulaeSuaQuadrilha,0,0,0,https://twitter.com/SargentoFAHUR/status/1609623637715197953
David@,David@,https://twitter.com/david_martinsb2/status/1609688116180262917,2023-01-01T23:08:48.000Z,Lulistas,0,0,0,https://twitter.com/SargentoFAHUR/status/1609623637715197953
Jeferson Fernandes,@jefersonbirigui,https://twitter.com/jefersonbirigui/status/1609625855801655300,2023-01-01T19:01:24.000Z,"Paquita do lula aqui de Birigui
Só pra dar risadas",0,0,0,https://twitter.com/SargentoFAHUR/status/1609623637715197953
Marcos Paulo,@MarcosP21902052,https://twitter.com/MarcosP21902052/status/1609640461937053696,2023-01-01T19:59:26.000Z,Muitas pessoas pagas pra ir nessa falcatrua aí.,0,0,0,https://twitter.com/SargentoFAHUR/status/1609623637715197953
Emerson_LB,@EmersonLuizB,https://twitter.com/EmersonLuizB/status/1609627546278150152,2023-01-01T19:08:07.000Z,Mostre a carteira de trabalho dos 4 filhos do Corno,0,0,0,https://twitter.com/SargentoFAHUR/status/1609623637715197953
João Gomes,@EduardoKessle16,https://twitter.com/EduardoKessle16/status/1609684981969981440,2023-01-01T22:56:20.000Z,Só a NATA! NÃO sei se posso falar NATA! OPS'falei de novo!,0,0,0,https://twitter.com/SargentoFAHUR/status/1609623637715197953
Reinaldo,@Reinald32410716,https://twitter.com/Reinald32410716/status/1609717633406103555,2023-01-02T01:06:05.000Z,"Está chamando as pessoas da foto de bandidos, vagabundos? Foi isso mesmo?",0,0,0,https://twitter.com/SargentoFAHUR/status/1609623637715197953
Sid Cremasco,@Sidneicremasco,https://twitter.com/Sidneicremasco/status/1609906297889230851,2023-01-02T13:35:46.000Z,"A maioria com uma longa extensão criminal. Ficha no mínimo de 1,5 metros. Abraço sargento!",0,0,0,https://twitter.com/SargentoFAHUR/status/1609623637715197953
Greice Quele,@Greicequele6,https://twitter.com/Greicequele6/status/1609723055554560001,2023-01-02T01:27:38.000Z,Que peninha 🤣🤣🤣🤣🤣🤣🤣🤣 tivesse ficado em casa não faria ai passando raivinha 🤣🤣🤣🤣,0,0,0,https://twitter.com/SargentoFAHUR/status/1609623637715197953
Paulo Pancieri Jr,@JrPancieri,https://twitter.com/JrPancieri/status/1609926773663301632,2023-01-02T14:57:08.000Z,Que tarrafada dava em sargento.... é muito pilantra esse povo,0,0,0,https://twitter.com/SargentoFAHUR/status/1609623637715197953
CJordão54,@CJordao54,https://twitter.com/CJordao54/status/1609685095874535425,2023-01-01T22:56:48.000Z,Se prestar a esse papel 🧻 para ganhar 50 reais e o pão com mortadela,0,0,1,https://twitter.com/SargentoFAHUR/status/1609623637715197953
João Luiz Da Silva,@Aranha0129,https://twitter.com/Aranha0129/status/1610092504795283456,2023-01-03T01:55:41.000Z,"Seu trouxa, vc. Como deputado federal é um bom policial rodoviário",0,0,0,https://twitter.com/SargentoFAHUR/status/1609623637715197953
whelitom luiz ciola,@whelitomciola,https://twitter.com/whelitomciola/status/1609960612821454854,2023-01-02T17:11:36.000Z,só put...via.... e ladrão,0,0,0,https://twitter.com/SargentoFAHUR/status/1609623637715197953
Ale Herr Mann,@AleHermannOnn,https://twitter.com/AleHermannOnn/status/1612655633945198592,2023-01-10T03:40:39.000Z,"E agora, sargento?
Onde tem vagabundos?

E a super lotação na cadeia, vai continuar a favor, com a chegada de 1.500 simpatizantes de políticos como o senhor?",0,0,0,https://twitter.com/SargentoFAHUR/status/1609623637715197953
leo,@leo07978540,https://twitter.com/leo07978540/status/1610797699997081601,2023-01-05T00:37:53.000Z,Se joga uma bomba falha nessa bosta tanta coisa ruin tem ae junto,0,0,0,https://twitter.com/SargentoFAHUR/status/1609623637715197953
Daniele Biondo Crocetti Adv. e Porta Voz Rede CWB,@mulherquesediz,https://twitter.com/mulherquesediz/status/1610696585100378121,2023-01-04T17:56:05.000Z,"O Sr. É funcionário do povo. O que tem preparado para fazer o seu trabalho? Lembre-se que ""vagabundos"" são seus patrões.  O povo.",0,0,2,https://twitter.com/SargentoFAHUR/status/1609623637715197953
Lucas,@Lucasoconte,https://twitter.com/Lucasoconte/status/1610252381454753792,2023-01-03T12:30:59.000Z,Eles se acabam com eles mesmo as cobras não andam em bando ou grupos .,0,0,0,https://twitter.com/SargentoFAHUR/status/1609623637715197953
Nilo Oliveira Filho,@prevnilo,https://twitter.com/prevnilo/status/1609914328798617600,2023-01-02T14:07:41.000Z,"Toma vergonha na cara, de vagabundo vc entende bem, vai trabalhar espertinho.",0,0,0,https://twitter.com/SargentoFAHUR/status/1609623637715197953
Davi Silva,@DaviSil22430450,https://twitter.com/DaviSil22430450/status/1609626413958676481,2023-01-01T19:03:37.000Z,"Apoiar o lula é crime, ou o senhor já está caducando?",0,0,1,https://twitter.com/SargentoFAHUR/status/1609623637715197953
ॐGregory Barbosaॐ,@FlaGregory,https://twitter.com/FlaGregory/status/1612162418196582401,2023-01-08T19:00:47.000Z,Tinha bandido e vagabundo de camisa do Brasil também,0,0,0,https://twitter.com/SargentoFAHUR/status/1609623637715197953
Willian Gonçalves,@Willian84361660,https://twitter.com/Willian84361660/status/1609733415976275968,2023-01-02T02:08:48.000Z,"Lotado de vagabundos que não valem nada, a escória do País.",0,0,0,https://twitter.com/SargentoFAHUR/status/1609623637715197953
claudio,@claudioraioX,https://twitter.com/claudioraioX/status/1609952048488882176,2023-01-02T16:37:34.000Z,Acho que pegou pesado  e a mesma coisa que falar que na PM só tem vagabundo porque você trabalha lá,0,0,0,https://twitter.com/SargentoFAHUR/status/1609623637715197953
Romero Bueno,@RomeroBueno4,https://twitter.com/RomeroBueno4/status/1609632919756095490,2023-01-01T19:29:28.000Z,Cambada de vagabundos e Mulas.Deveria passar um tornado em cima desse povo varrendo tudo.,0,0,1,https://twitter.com/SargentoFAHUR/status/1609623637715197953
Vladimir Arruda,@VladimirArruda,https://twitter.com/VladimirArruda/status/1609630848437059584,2023-01-01T19:21:14.000Z,Mimimimmimi mimimimmimi mimimimmimi choradeira cansei aceita gado Lula presidente.,0,0,1,https://twitter.com/SargentoFAHUR/status/1609623637715197953
Hernilson da Silva,@hernilson2,https://twitter.com/hernilson2/status/1609716364717207552,2023-01-02T01:01:03.000Z,E alguns bandidos de farda...com inveja...!,0,0,0,https://twitter.com/SargentoFAHUR/status/1609623637715197953
Olion,@OlionFilho,https://twitter.com/OlionFilho/status/1610450737070493697,2023-01-04T01:39:11.000Z,Vai dar meia horacde bunda Com o relógio quebrado onde. Vc estava quando bozo distribuía os recursos para seus amigos bandidos do congresso vc tem.moral pra falar alguma coisa de alguém fazendo parte desta quadrilha chamada congresso nacional seu boca de latrina,0,0,0,https://twitter.com/SargentoFAHUR/status/1609623637715197953
Victor araujo,@Victora60496593,https://twitter.com/Victora60496593/status/1609826569362542593,2023-01-02T08:18:57.000Z,"Falou o defensor de ladrao, você tem bandido de estimação.",0,0,0,https://twitter.com/SargentoFAHUR/status/1609623637715197953
Marcelo Kamienski,@MarceloKamiensk,https://twitter.com/MarceloKamiensk/status/1609708748968284160,2023-01-02T00:30:47.000Z,"Nao bo vc por lane nem seus pares pra dizer q tem muito VAGABUNDO por la ???? Onde vc estava ????? Babaca , canalha , vagabundo !!!",0,0,0,https://twitter.com/SargentoFAHUR/status/1609623637715197953
Lucas,@Lucasbcarneiro,https://twitter.com/Lucasbcarneiro/status/1609701138021990401,2023-01-02T00:00:32.000Z,Bando de vagabundo kkk,0,0,0,https://twitter.com/SargentoFAHUR/status/1609623637715197953
Luis Araujo Pereira,@Lapereira13,https://twitter.com/Lapereira13/status/1609767603882569729,2023-01-02T04:24:39.000Z,Vc é muito invejosa,0,0,0,https://twitter.com/SargentoFAHUR/status/1609623637715197953
Alexandre Grandi,@Alexand20284602,https://twitter.com/Alexand20284602/status/1609691794005950464,2023-01-01T23:23:24.000Z,Só lixo !!!,0,0,0,https://twitter.com/SargentoFAHUR/status/1609623637715197953
Marcelo Andrade da Silva,@Marcelo30949074,https://twitter.com/Marcelo30949074/status/1609624671749545984,2023-01-01T18:56:41.000Z,Como vc pega foto de pessoas de forma aleatória e chama ela de bandidos ? Vc é q tem q ser preso por falsa ilação a todos aqueles que pensam diferente de vc !!! Vai pra China,0,0,1,https://twitter.com/SargentoFAHUR/status/1609623637715197953
Kaique,@Kaiquezelante17,https://twitter.com/Kaiquezelante17/status/1609755133860253697,2023-01-02T03:35:06.000Z,Só tem maconheiro sustentado pelos pais ou pela máquina pública!,0,0,0,https://twitter.com/SargentoFAHUR/status/1609623637715197953
Henrique Filho,@Henriquefilhobr,https://twitter.com/Henriquefilhobr/status/1609695636718329856,2023-01-01T23:38:41.000Z,Cala boca bigode de foca,0,0,0,https://twitter.com/SargentoFAHUR/status/1609623637715197953
Chura,@Churatitular,https://twitter.com/Churatitular/status/1609686340131504132,2023-01-01T23:01:44.000Z,Saiu os principais …inclusive um covarde aí,0,0,0,https://twitter.com/SargentoFAHUR/status/1609623637715197953
Samuel Araujo da Silva,@SamuelAraujod13,https://twitter.com/SamuelAraujod13/status/1609682056648310784,2023-01-01T22:44:43.000Z,"Eu só vejo o bandido, vagabundo que esta postando essa merda, na voto eu vejo o povo brasileiro, sargentinho de merda midiático que provavelmente se investigar ta coberto de podres",0,0,0,https://twitter.com/SargentoFAHUR/status/1609623637715197953
MarcelPinie,@Arqueoartes,https://twitter.com/Arqueoartes/status/1609693332892000256,2023-01-01T23:29:31.000Z,"Fale pelos seus....vagabundo é você que vive de se fantasiar de ""mocinho"".",0,0,0,https://twitter.com/SargentoFAHUR/status/1609623637715197953
gisellagonc,@gisellagonc,https://twitter.com/gisellagonc/status/1609772293923684354,2023-01-02T04:43:17.000Z,Quem desdenha quer comprar… #perdeumanenaoamola,0,0,0,https://twitter.com/SargentoFAHUR/status/1609623637715197953
André Scharth,@Descharth,https://twitter.com/Descharth/status/1610275282375827456,2023-01-03T14:01:59.000Z,"Ué, não sabia que teus amigos de farda apoiavam o Lula.",0,0,0,https://twitter.com/SargentoFAHUR/status/1609623637715197953
Camarada Victor ruindade pura,@VJacionil,https://twitter.com/VJacionil/status/1609709470212362240,2023-01-02T00:33:39.000Z,O bandido e vagabundo fugiu de avião seu burro,0,0,0,https://twitter.com/SargentoFAHUR/status/1609623637715197953
Lúcio Maciel,@LucioMacielCG,https://twitter.com/LucioMacielCG/status/1609743712296341504,2023-01-02T02:49:43.000Z,"Vagabundo é vc, velhote imundo.",0,0,0,https://twitter.com/SargentoFAHUR/status/1609623637715197953
Ivan,@Ivanapolonio4,https://twitter.com/Ivanapolonio4/status/1609909697473122307,2023-01-02T13:49:17.000Z,E vc ? Se acha trabalhador ??? Boca aberta .... mau político.... sai do Twitter e vá trabalhar ...,1,0,0,https://twitter.com/SargentoFAHUR/status/1609623637715197953
Anderson Rodrigo do Valle,@ARValle81,https://twitter.com/ARValle81/status/1610028066432028674,2023-01-02T21:39:38.000Z,"Ué Lula traiu os companheiros do PCX, não pagou vôo fretado p os companheiros fazerem a segurança, colocar ordem na casa, faz o L. É isso q o Brasil vai virar, olha os manifestantes, tinha até criança brincando sem ter a necessidade d ter seus pais segurando no colo.",0,0,0,https://twitter.com/SargentoFAHUR/status/1609623637715197953
Amauri,@Dreamauri,https://twitter.com/Dreamauri/status/1609700860581347328,2023-01-01T23:59:26.000Z,Vá tomar no cu seu merda,0,0,0,https://twitter.com/SargentoFAHUR/status/1609623637715197953
Carlos Constâncio,@carlos18330434,https://twitter.com/carlos18330434/status/1609701855881318401,2023-01-02T00:03:23.000Z,"Só faltou o maior, o lixo do bozo, que covarde do jeito que é fugiu....faltou também vc ....safado, sem vergonha, gambe que paga de machão com bandidinho pé de chinelo, mas peida quando vé um cândido mesmo",0,0,0,https://twitter.com/SargentoFAHUR/status/1609623637715197953
Diego,@d_pt_m,https://twitter.com/d_pt_m/status/1609624009255317505,2023-01-01T18:54:03.000Z,"o pior não são esses. o pior são os fardados que fazem a segurança de quem acabou de nos roubar.

esse alto comando é reunião de pudim. cambada de frouxo.",0,0,2,https://twitter.com/SargentoFAHUR/status/1609623637715197953
Marcos Antonio Santos,@MarcosPr53,https://twitter.com/MarcosPr53/status/1609642979672887296,2023-01-01T20:09:26.000Z,Povo feio!!,0,0,0,https://twitter.com/SargentoFAHUR/status/1609623637715197953
Ligia Rhoden,@LiRhoden,https://twitter.com/LiRhoden/status/1609631843812270084,2023-01-01T19:25:11.000Z,#foralula #ForaLuladraoCorrupto #LulaLadrao #LulaNaCadeia 🤮🤮🤮🤮🤮🤮,0,0,0,https://twitter.com/SargentoFAHUR/status/1609623637715197953
Emerson Borba,@borbaemerson,https://twitter.com/borbaemerson/status/1609625089397473280,2023-01-01T18:58:21.000Z,Vergonha nacional..os ratos 🐀 🐀 🐀  vencendo....,0,0,0,https://twitter.com/SargentoFAHUR/status/1609623637715197953
Marcão,@ObednegoMarcos,https://twitter.com/ObednegoMarcos/status/1609638412876660738,2023-01-01T19:51:17.000Z,"Somente porque são pretos miscigenados dão bandidos vagabundos? Aluma vez prendeu algum rico? Quando se aproxima deles, junta os cascos, bate continência e da meia volta. Só tem ""autoridade"" sobre os três Ps: Pobres, Putas, Pretos.",0,0,0,https://twitter.com/SargentoFAHUR/status/1609623637715197953
Beto Galvao,@joserobertogal1,https://twitter.com/joserobertogal1/status/1609634083348545536,2023-01-01T19:34:05.000Z,Tem uns que nem vegonha tem de apoiar ladrão,0,0,0,https://twitter.com/SargentoFAHUR/status/1609623637715197953
Luciana,@llucianaVeras1,https://twitter.com/llucianaVeras1/status/1609636091052625921,2023-01-01T19:42:04.000Z,Que se lasquem!,0,0,0,https://twitter.com/SargentoFAHUR/status/1609623637715197953
Alan Coutinho,@AlanCoutiinhoo,https://twitter.com/AlanCoutiinhoo/status/1609646063346143233,2023-01-01T20:21:41.000Z,"Velho babac@, os maiores bandidos são vcs policiais corruptos seu cuz@o de cr@$ est na hora de parar de chorar seu babac@ só mais 72h",0,0,0,https://twitter.com/SargentoFAHUR/status/1609623637715197953
Jarbas BRANDÃO,@JarbasBM,https://twitter.com/JarbasBM/status/1609627046896099332,2023-01-01T19:06:08.000Z,"Vai se ferrar tudo e todos, nós deram esperança e nada FA vão esfregar as botas do bandido e todos os eleitos terao seus salários em dia, covardes...covardes",0,0,0,https://twitter.com/SargentoFAHUR/status/1609623637715197953
San SM,@san_pcsp,https://twitter.com/san_pcsp/status/1609637209279287297,2023-01-01T19:46:30.000Z,Faltaria viatura e cadeia pra tanto vagabundo 🚓,0,0,0,https://twitter.com/SargentoFAHUR/status/1609623637715197953
Élida Pinheiro,@Emcp59,https://twitter.com/Emcp59/status/1609629856781713411,2023-01-01T19:17:17.000Z,"Por falar em vagabundos e bandidos, tenho certeza que tua família estava lá né?  Se não estou enganada  aqueles milícianos eram teus filhos.",0,0,0,https://twitter.com/SargentoFAHUR/status/1609623637715197953
Antonio,@EngAnsilvaaut,https://twitter.com/EngAnsilvaaut/status/1609691016906276866,2023-01-01T23:20:19.000Z,Que tesão estranho esse de apoiar um ladrão pra presidente?,0,0,0,https://twitter.com/SargentoFAHUR/status/1609623637715197953
Fábio L. Santos,@fabiomga,https://twitter.com/fabiomga/status/1609713395950911490,2023-01-02T00:49:15.000Z,Dá pra imaginar o cheiro de cu e maconha misturado nessa merda.,0,0,0,https://twitter.com/SargentoFAHUR/status/1609623637715197953
Diego Rodrigues,@Diegosilvaal,https://twitter.com/Diegosilvaal/status/1609624000954523648,2023-01-01T18:54:01.000Z,Tá sargento pincel,0,0,1,https://twitter.com/SargentoFAHUR/status/1609623637715197953
Koozyphnos,@koozyphnos,https://twitter.com/koozyphnos/status/1609740853114961922,2023-01-02T02:38:21.000Z,"Deveriam mover uma ação coletiva contra você, cosplay de vilage people, chamar todos de bandidos só PROVA sua imparcialidade e despreparo! Pensamento de na**ista imundo! Cadelinha de político!",0,0,0,https://twitter.com/SargentoFAHUR/status/1609623637715197953
Koozyphnos,@koozyphnos,https://twitter.com/koozyphnos/status/1609825752320540672,2023-01-02T08:15:43.000Z,"Cadela pançuda, devia ter ido la falar na cara deles que são bandidos! Vagabunda blogayra, você deve usar calcinha e dar o pisca, essa pose de machão é um teatro!",0,0,0,https://twitter.com/SargentoFAHUR/status/1609623637715197953
Koozyphnos,@koozyphnos,https://twitter.com/koozyphnos/status/1612571238706319362,2023-01-09T22:05:18.000Z,E no final os vagabundos foram os do dia 08!,0,0,0,https://twitter.com/SargentoFAHUR/status/1609623637715197953
lula,@RosalinaNunes9,https://twitter.com/RosalinaNunes9/status/1609899878926147585,2023-01-02T13:10:16.000Z,Vala aí valentão  bozó era assim como você valentão virou franga todo os covarde são iguais,0,0,0,https://twitter.com/SargentoFAHUR/status/1609623637715197953
Antonio Filho,@AntonioOFilho,https://twitter.com/AntonioOFilho/status/1609626568082563073,2023-01-01T19:04:13.000Z,"Direita: 2 Meses de sol e chuva (e continua) de frente aos quartéis.
Esquerda: 2 horas de sol (com tudo pago!) e já estão morrendo na ""posse"" do bandido.",0,1,2,https://twitter.com/SargentoFAHUR/status/1609623637715197953
Roberto Silva,@Roberto38845366,https://twitter.com/Roberto38845366/status/1609818548318179328,2023-01-02T07:47:05.000Z,"Deputados e Senadores,
Parlamentar eleito por Bolsonaro, monte um grande corpo Jurídico.
Chega de oposição paz e amor, pelo bem do Brasil e dos Brasileiros.
Oposição tipo, Randolph, Rodrigo Maia, Davi Alcolumbre, Rodrigo Pacheco, Renan Calheiros, Simone Tebet....
Oposição Total!",0,0,0,https://twitter.com/SargentoFAHUR/status/1609623637715197953
M_C,@M_Cattani,https://twitter.com/M_Cattani/status/1609711285263912967,2023-01-02T00:40:52.000Z,Querem libertar o Brasil? Destruam a maçonaria! Essa maldita sociedade que escolhe o nosso futuro oferecendo cargos e salários para seguirmos como peões de um sistema podre!,0,0,0,https://twitter.com/SargentoFAHUR/status/1609623637715197953
