nome,usuario,idTweet,dataPublicacao,texto,replies,retweets,likes,tweetPai
Rotimon Guimarães,@Rotimongn,https://twitter.com/Rotimongn/status/1609671908601266182,2023-01-01T22:04:23.000Z,"E que, tendo misericórdia dessa nação, ajude a “direita” (inclusive no parlamento) a aprender a fazer política.",0,0,0,https://twitter.com/ToniettoChris/status/1609636143959523329
Luiz Antonio Costa,@PatriotaOnline,https://twitter.com/PatriotaOnline/status/1609714711112867840,2023-01-02T00:54:28.000Z,"Um dia para ser varrido da nossa história.
Vergonha!",1,3,7,https://twitter.com/ToniettoChris/status/1609636143959523329
Be@MS,Be@MS,https://twitter.com/BeatrizMaia2015/status/1609680349742911488,2023-01-01T22:37:56.000Z,"Srs deputados e senadores, os srs estão estudando o regimento da Câmara Federal e do Senado? Ocupem todo os seus tempos p nos representar lá naquela casa. Contratem ótimos assessores e lutem lá por nós. Das redes sociais nós cuidamos, e vamos divulgar TUDO. Por  gentileza🇧🇷",0,0,3,https://twitter.com/ToniettoChris/status/1609636143959523329
Nel Pessoa Pedra,@Nelpedra,https://twitter.com/Nelpedra/status/1609743105749618688,2023-01-02T02:47:18.000Z,#brasildeluto  trocamos o vinho por água suja,0,0,1,https://twitter.com/ToniettoChris/status/1609636143959523329
Silvia Gaion,@GaionSilvia,https://twitter.com/GaionSilvia/status/1609689294058258434,2023-01-01T23:13:28.000Z,Não tem mais volta! É só caminho de ida!,1,0,3,https://twitter.com/ToniettoChris/status/1609636143959523329
Marcia,@marciam88,https://twitter.com/marciam88/status/1614644176422899713,2023-01-15T15:22:24.000Z,"Pacheco nao, Chris!",0,0,0,https://twitter.com/ToniettoChris/status/1609636143959523329
Samara Sampaio,@Samara_Sampaio,https://twitter.com/Samara_Sampaio/status/1613224453214961664,2023-01-11T17:20:56.000Z,Seu silêncio é ensurdecedor,0,1,1,https://twitter.com/ToniettoChris/status/1609636143959523329
#SouBrasileira,@J0e1ma,https://twitter.com/J0e1ma/status/1609640978331074573,2023-01-01T20:01:29.000Z,"Vocês se calaram com medo de perder seus cargos,agora vem com hipocrisia?",0,0,7,https://twitter.com/ToniettoChris/status/1609636143959523329
Nilson Caires Rabello,@nilson_rabello,https://twitter.com/nilson_rabello/status/1609969124540837888,2023-01-02T17:45:25.000Z,Pra cima deles Cris... Chega de desmandos dessa turpe maldita.,0,0,0,https://twitter.com/ToniettoChris/status/1609636143959523329
Telma Rodrigues da Silva,@TelmaRo38433072,https://twitter.com/TelmaRo38433072/status/1609659694192132097,2023-01-01T21:15:51.000Z,Por que os políticos ferraram com o pais!,0,0,2,https://twitter.com/ToniettoChris/status/1609636143959523329
Totus_tuus,@totus_tuus_SGJ,https://twitter.com/totus_tuus_SGJ/status/1611111846420832262,2023-01-05T21:26:11.000Z,"Não é caso de impeachment. Lula não foi eleito presidente. O Congresso deve declarar nula a diplomação e a posse, e cumprir a vontade popular. Declarar o presidente eleito: Bolsonaro. ""Todo poder emana do povo"" (artigo 1° da Constituição).",0,1,1,https://twitter.com/ToniettoChris/status/1609636143959523329
klaus prodgraf,@entreIIinhas,https://twitter.com/entreIIinhas/status/1612742513885954049,2023-01-10T09:25:53.000Z,"Chris, já se passaram 8 dias e ainda não é vermelha, falta tinta ou era mentirinha mesmo?",0,0,0,https://twitter.com/ToniettoChris/status/1609636143959523329
madre_naranja antifa,@laranja108,https://twitter.com/laranja108/status/1630631086291054594,2023-02-28T18:08:41.000Z,"kkkkkkkk
aguentem
vocês perderam",0,0,0,https://twitter.com/ToniettoChris/status/1609636143959523329
Marques Gomes,@MarquesGomes20,https://twitter.com/MarquesGomes20/status/1610290515425083394,2023-01-03T15:02:31.000Z,"Agora não é hora de lamentar deputada, vamos formar alianças e ir para cima deles.",0,0,0,https://twitter.com/ToniettoChris/status/1609636143959523329
Antonio Marcos Souza,@Antonio70276145,https://twitter.com/Antonio70276145/status/1611541533546745856,2023-01-07T01:53:37.000Z,Minha nossa!!!,0,0,0,https://twitter.com/ToniettoChris/status/1609636143959523329
A Passeio,@apasseio00,https://twitter.com/apasseio00/status/1609712842160148485,2023-01-02T00:47:03.000Z,"Graças a vocês, chegamos aonde chegamos!!! #IntervencaoMilitarnos3Poderes",0,1,1,https://twitter.com/ToniettoChris/status/1609636143959523329
José Neto²²,@netotau,https://twitter.com/netotau/status/1609669586672123907,2023-01-01T21:55:10.000Z,Bora atormentar o judiciário como fez a gazela saltitante...sejam OPOSIÇÃO mesmo.,1,4,11,https://twitter.com/ToniettoChris/status/1609636143959523329
Deuslene Silva,@SilvaDeuslene,https://twitter.com/SilvaDeuslene/status/1609979887116320771,2023-01-02T18:28:11.000Z,Isso pq temos um congresso covarde que se ajoelhou perante as tiranias do judiciário.,0,0,0,https://twitter.com/ToniettoChris/status/1609636143959523329
Marco Aurélio,@Marco4ure1io,https://twitter.com/Marco4ure1io/status/1609937367418159107,2023-01-02T15:39:14.000Z,Que sua voz não se cale em 2023. E que seus atos falem por si.,0,0,0,https://twitter.com/ToniettoChris/status/1609636143959523329
luiz pereira,@luizpc,https://twitter.com/luizpc/status/1609898154664628225,2023-01-02T13:03:25.000Z,"Sou gaúcho , morei 30 anos em Porto Alegre  , capital que mais aderiu a essa corja Petista  peguei nojo da cidade e do vermelho de tanto ver pessoas carregando bandeiras vermelhas nas ruas , universidades uma verdadeira doença, paranóicos 🤮",0,0,1,https://twitter.com/ToniettoChris/status/1609636143959523329
Benjamin Patrulheiro Canino,@CaninoBenjamin,https://twitter.com/CaninoBenjamin/status/1609939959372193794,2023-01-02T15:49:32.000Z,Minha bandeira é original.nao e essa !,0,0,0,https://twitter.com/ToniettoChris/status/1609636143959523329
MikkeFerreira,@_StarWolf_,https://twitter.com/_StarWolf_/status/1609637791146676225,2023-01-01T19:48:49.000Z,"Deus terá, mas primeiro Ele usa de instrumentos humanos. Quando esses são covardes, hipócritas ou corruptos, então Ele intervém e varre esses instrumentos falhos juntos com os inimigos.",0,1,5,https://twitter.com/ToniettoChris/status/1609636143959523329
Lourdes Silvério,@LourdesSil18,https://twitter.com/LourdesSil18/status/1614397800476819460,2023-01-14T23:03:24.000Z,Deputada sei que não é o foco de sua atuação mas o que ocorreu no dia 08/01 foi extremamente grave e os desdobramentos catastróficos. A verdade precisa vir a tona. Sei que a senhora já tem conhecimento de vídeos dos verdadeiros CRIMINOSOS mas segue esse vídeo para considerações.,0,0,0,https://twitter.com/ToniettoChris/status/1609636143959523329
Ronaldo Gritzbach,@RGritzbach,https://twitter.com/RGritzbach/status/1609975607684726788,2023-01-02T18:11:11.000Z,Fomos traidos. Dezenas e dezenas de milhões de brasileiros.,0,0,0,https://twitter.com/ToniettoChris/status/1609636143959523329
Karla Casagrande,@madeira_karla,https://twitter.com/madeira_karla/status/1609658693037207554,2023-01-01T21:11:53.000Z,"Sejam insuportáveis, estejam todo dia na portado stf mão fiquem de mi-mi-mi façam alguma coisa da vida seus preguiçosos!!",0,0,1,https://twitter.com/ToniettoChris/status/1609636143959523329
Margarete Nogueira,@MargareteNogue,https://twitter.com/MargareteNogue/status/1609653995680710656,2023-01-01T20:53:13.000Z,Infelizmente nosso país vai voltar a financiar países que http://servem.ao FORO DE sao Paulo,0,0,0,https://twitter.com/ToniettoChris/status/1609636143959523329
Prevato 22,@PhoPrevato,https://twitter.com/PhoPrevato/status/1612627509635420160,2023-01-10T01:48:54.000Z,Deputada....já esta fazendo alguma coisa sobre os 1200 brasileiros presos de forma injusta?,0,0,0,https://twitter.com/ToniettoChris/status/1609636143959523329
Alcaciba Neto,@alcaciba,https://twitter.com/alcaciba/status/1609920318121906176,2023-01-02T14:31:29.000Z,"A senhora como Deputada, tem que brigar por vocês e nós!",0,0,0,https://twitter.com/ToniettoChris/status/1609636143959523329
Roxinol,@Roxinol16,https://twitter.com/Roxinol16/status/1609680785409277952,2023-01-01T22:39:40.000Z,"É o sangue das milhares de vitimas do socialismo/comunismo, esse vermelho satânico.",0,0,2,https://twitter.com/ToniettoChris/status/1609636143959523329
Kamarada Ricardo,@rricotx,https://twitter.com/rricotx/status/1609648643874689029,2023-01-01T20:31:57.000Z,"BRASIL SIGNIFICA "" VERMELHO COMO UMA BRASA"". CHOOOORAAA FASCISTA!!! LULA PRESIDENTE E BOLSONARO NA CADEIA!!! SEM ANISTIA!!!",0,0,0,https://twitter.com/ToniettoChris/status/1609636143959523329
Márcio,@marcius2781,https://twitter.com/marcius2781/status/1609663770057445377,2023-01-01T21:32:03.000Z,"Para de desinformar: mula serve aos eua, os mesmos que destruíram a engenheira brasileira com a lava-jato. FdSP não é nada perto dessa gente.",0,0,0,https://twitter.com/ToniettoChris/status/1609636143959523329
Thomaz Saboia,@ThomazSaboia,https://twitter.com/ThomazSaboia/status/1609641042948804608,2023-01-01T20:01:44.000Z,Deus não ajuda os covardes e omissos. Vc é uma agente política. Aja!,0,0,0,https://twitter.com/ToniettoChris/status/1609636143959523329
Fernanda Gomes,@NandagoFernanda,https://twitter.com/NandagoFernanda/status/1609639365470478336,2023-01-01T19:55:05.000Z,Trabalhem! Sejam insuportáveis e sufoquem o ladrão como o mala do Randolfx fez durante 4 anos com o presidente Bolsonaro.,5,0,54,https://twitter.com/ToniettoChris/status/1609636143959523329
Frederico Carrara,@FredericoCarra1,https://twitter.com/FredericoCarra1/status/1609728701679165441,2023-01-02T01:50:04.000Z,"Para quem ainda não processou, hoje saímos da ruína, da covardia, da milicia verde e amarela, do genocídio para entrar no verdadeiro Brasil. ""Vermelho como uma brasa"". Viva Lula! @ToniettoChris, você é muito burra. Nosso Brasil é vermelho de nome e sobrenome. Vai tomar no seu c.u",0,0,0,https://twitter.com/ToniettoChris/status/1609636143959523329
Mércia Mel,@merciamelmulher,https://twitter.com/merciamelmulher/status/1609875854624186370,2023-01-02T11:34:48.000Z,"Não desistimos! Queremos auditoria nas urnas. Não tomarão o poder. Vamos parar o país até q algo seja feito, nem q preciso seja exonerar todos os Generais e colocar outros até q cumpra as ordens do povo!",0,0,0,https://twitter.com/ToniettoChris/status/1609636143959523329
Cláudia,@Claudia99640384,https://twitter.com/Claudia99640384/status/1610237972019875841,2023-01-03T11:33:43.000Z,"Encha o STF com processos como a oposição fez com o Bolsonaro, eles sim são oposição, se o ladrão espirrar mete o processo poha.",0,0,0,https://twitter.com/ToniettoChris/status/1609636143959523329
Adriano Soares,@AdrianoSoa88338,https://twitter.com/AdrianoSoa88338/status/1641260322899075072,2023-03-30T02:05:28.000Z,"A ONDA VERMELHA CHEGOU,  BOLSONARO GENOCIDA NA CADEIA",0,0,0,https://twitter.com/ToniettoChris/status/1609636143959523329
Rogério B.S patriota 4,@BardenRogerio,https://twitter.com/BardenRogerio/status/1609909158412689409,2023-01-02T13:47:08.000Z,"Só isso é a solução: Agora é focar no Congresso é o que nos resta e lutar pelo fim da indicaçao pelo presidente para o stf. Quanto mais vagabundo indicado mais o sistema vai dominar.Para evitarmos no futuro v@g@bun0$ apadrinhados como,m0r@is,mende$,b@rr0so$ e outros.",0,0,0,https://twitter.com/ToniettoChris/status/1609636143959523329
Amigos Trader,@ReginierF,https://twitter.com/ReginierF/status/1617813037398003718,2023-01-24T09:14:20.000Z,Olho vivo.,0,0,0,https://twitter.com/ToniettoChris/status/1609636143959523329
Gui Reagan,@WinstonBr1,https://twitter.com/WinstonBr1/status/1612865219931549696,2023-01-10T17:33:28.000Z,"DEPUTADOS E SENADORES COVARDES
Todos os eleitos por este povo que está sendo torturado no campo de concentração da PF deveriam estar lá protestando.
VOCÊS TAMBÉM SÃO COVARDES
COVARDES DE CAXIAS#CovardesDeCaxias#EXERCITOTRAIUSEUPOVO",0,0,0,https://twitter.com/ToniettoChris/status/1609636143959523329
Emilio Tavares,@EmilioTavares11,https://twitter.com/EmilioTavares11/status/1612959129068310529,2023-01-10T23:46:38.000Z,"Gostaria de saber o que o Sr tem feito como parlamentar eleito. Anda meio sumido. Temos visto apenas manifestações do Sr @marcosdoval .

Apenas discursos não bastarão.
Vocês da direita deveriam se organizar e agir juntos, em bloco. Mostrem-se. Deixem de ser burros",0,0,0,https://twitter.com/ToniettoChris/status/1609636143959523329
Fantasma do Olavo,@OlavoFantasma,https://twitter.com/OlavoFantasma/status/1609638074086039552,2023-01-01T19:49:57.000Z,"Patriotas, só mais 72 dias! Continuem acampados, tomando sol e chuva no lombo, comendo marmita fria, dormindo no chão duro e cagando na sarjeta! Quando o Bolsonaro voltar dos EUA com suas duas aposentadorias e um salário do PL, tudo será resolvido! SELVAAAAAA",1,0,1,https://twitter.com/ToniettoChris/status/1609636143959523329
Miguel Ciccarino,@miguelc366,https://twitter.com/miguelc366/status/1609636307893981184,2023-01-01T19:42:56.000Z,#foralula,0,0,0,https://twitter.com/ToniettoChris/status/1609636143959523329
