nome,usuario,idTweet,dataPublicacao,texto,replies,retweets,likes,tweetPai
F. V. Junqueira,@FVJunqueira1,https://twitter.com/FVJunqueira1/status/1609647385289818113,2023-01-01T20:26:57.000Z,Essa sua acusação é gravíssima! #Alexandre,1,0,0,https://twitter.com/nikolas_dm/status/1609636258397163521
Moraes,@MoraesRA1,https://twitter.com/MoraesRA1/status/1609686741614485505,2023-01-01T23:03:20.000Z,Vergonhoso é você com dor de cotovelo. Aceita que dói menos!,0,0,5,https://twitter.com/nikolas_dm/status/1609636258397163521
Fabio Xavier,@fabiovxavier,https://twitter.com/fabiovxavier/status/1609703854677053441,2023-01-02T00:11:20.000Z,#FORALULALADRAO,0,0,0,https://twitter.com/nikolas_dm/status/1609636258397163521
Leila,@leilaaguia,https://twitter.com/leilaaguia/status/1609658327977312256,2023-01-01T21:10:26.000Z,Foi vc q disse q ele não subia a rampa né? Apagou?,3,0,5,https://twitter.com/nikolas_dm/status/1609636258397163521
Baspel,@rbaspel,https://twitter.com/rbaspel/status/1609636742331523072,2023-01-01T19:44:39.000Z,"Um chupetinha chorando em posição fetal.
Vergonhoso.",8,7,673,https://twitter.com/nikolas_dm/status/1609636258397163521
izzy ☪︎,@_euuguimaraes,https://twitter.com/_euuguimaraes/status/1609660405990711299,2023-01-01T21:18:41.000Z,"vergonhoso é o seu presidente que não teve a coragem de passar a faixa ao invés disso fugiu.
mas eu deveria agradecer, foi glorioso ver isso",14,4,107,https://twitter.com/nikolas_dm/status/1609636258397163521
Jorge!! SEMPRE A DIREITA!!,@Villasbueno,https://twitter.com/Villasbueno/status/1609680612473950213,2023-01-01T22:38:59.000Z,E ele esnobou as honrarias!!,2,1,2,https://twitter.com/nikolas_dm/status/1609636258397163521
Leila Claudia Oliczesky,@Oliczesky,https://twitter.com/Oliczesky/status/1609718626155732992,2023-01-02T01:10:02.000Z,Muita vergonha,0,0,1,https://twitter.com/nikolas_dm/status/1609636258397163521
Elis,@ElisdeElis,https://twitter.com/ElisdeElis/status/1609723138828386304,2023-01-02T01:27:58.000Z,"Posse mais ""fake"" da história! 
Até a faixa é falsa, pra combinar com o ladrão de certo kkkkkk",0,0,2,https://twitter.com/nikolas_dm/status/1609636258397163521
Patrícia Torres,@409estetica,https://twitter.com/409estetica/status/1609636480414277633,2023-01-01T19:43:37.000Z,Nem liguei a TV hoje. Me recuso!,4,0,22,https://twitter.com/nikolas_dm/status/1609636258397163521
sᴛᴇғᴀɴɴʏ ᶜʳᶠ,@StefanyyBarreto,https://twitter.com/StefanyyBarreto/status/1609636629643427840,2023-01-01T19:44:12.000Z,vergonhoso é teu presidente fugir e não passar a faixa.,44,23,1.247,https://twitter.com/nikolas_dm/status/1609636258397163521
Marcio,@MarcioM02035740,https://twitter.com/MarcioM02035740/status/1609687154552197122,2023-01-01T23:04:58.000Z,As FA perderam a vergonha,0,0,15,https://twitter.com/nikolas_dm/status/1609636258397163521
ROSAN SANTOS,@SRosan22,https://twitter.com/SRosan22/status/1609689775979520002,2023-01-01T23:15:23.000Z,"Bote vergonhoso nisso, Nikolas!",1,0,0,https://twitter.com/nikolas_dm/status/1609636258397163521
Denise,@Denise_Bru,https://twitter.com/Denise_Bru/status/1609708200726503424,2023-01-02T00:28:36.000Z,"Mais vergonhosos são nossos militares, ou militontos",0,1,2,https://twitter.com/nikolas_dm/status/1609636258397163521
Paulo Henrique PH,@casual41559247,https://twitter.com/casual41559247/status/1610425593987743746,2023-01-03T23:59:16.000Z,GREVE GERAL,0,0,0,https://twitter.com/nikolas_dm/status/1609636258397163521
Sou filha do Rei Jesus e é ele quem me protege.,@ElziMaura,https://twitter.com/ElziMaura/status/1609669290856448001,2023-01-01T21:53:59.000Z,Que tristeza a mim e a minha família essa aberração não nos representa 🤮,0,0,2,https://twitter.com/nikolas_dm/status/1609636258397163521
.'. Daniel .'. Robô com CPF,@morelandRS,https://twitter.com/morelandRS/status/1609925699845898240,2023-01-02T14:52:52.000Z,"O pior é ter servido, a vergonha alheia.",0,0,0,https://twitter.com/nikolas_dm/status/1609636258397163521
Léo Maranhão,@LeoMaranhao22,https://twitter.com/LeoMaranhao22/status/1609676865584742404,2023-01-01T22:24:05.000Z,Por isso foram desprezados,2,1,122,https://twitter.com/nikolas_dm/status/1609636258397163521
Jndir lmeida,@jandir_filho,https://twitter.com/jandir_filho/status/1610039086269472769,2023-01-02T22:23:25.000Z,Coisas de Brasil!!!,0,0,1,https://twitter.com/nikolas_dm/status/1609636258397163521
chico casado,@casado_chico,https://twitter.com/casado_chico/status/1609939423789043712,2023-01-02T15:47:24.000Z,Chora Caxias no seu mausoléu....,0,0,0,https://twitter.com/nikolas_dm/status/1609636258397163521
malu,@malukoehler,https://twitter.com/malukoehler/status/1610310967836958722,2023-01-03T16:23:47.000Z,Lamentável. Infelizmente... difícil acreditar.,0,0,0,https://twitter.com/nikolas_dm/status/1609636258397163521
Edu,@Edueneas,https://twitter.com/Edueneas/status/1609937326821543939,2023-01-02T15:39:04.000Z,"Vamos ainda chegar ao fundo do poço... que será quando os ainda ignorantes acordarão. Só assim para se unir uma nação. Muitos já acordaram, mas falta muito ainda. O sofrimento só tá começando.",0,0,0,https://twitter.com/nikolas_dm/status/1609636258397163521
Reinaldo Reis,@Reinald50072855,https://twitter.com/Reinald50072855/status/1609636391813779457,2023-01-01T19:43:16.000Z,Pois é.....,12,2,48,https://twitter.com/nikolas_dm/status/1609636258397163521
IVS,@isaac_vies,https://twitter.com/isaac_vies/status/1609734511020883969,2023-01-02T02:13:09.000Z,#GREVEGERAL vem aí!,0,0,1,https://twitter.com/nikolas_dm/status/1609636258397163521
Giovana,@Giovana08274130,https://twitter.com/Giovana08274130/status/1609644473750888449,2023-01-01T20:15:22.000Z,"Deveria olhar para o exemplo do Lula, ele sim segue o que Jesus ensinou.",21,1,57,https://twitter.com/nikolas_dm/status/1609636258397163521
SarmentoFSarmento,@JooSarmentoFil1,https://twitter.com/JooSarmentoFil1/status/1610220095930011648,2023-01-03T10:22:41.000Z,Nikolas esquece se pensa que haverá oposição...,0,0,1,https://twitter.com/nikolas_dm/status/1609636258397163521
Elisinha,@Elisinha_BR,https://twitter.com/Elisinha_BR/status/1609637923787341831,2023-01-01T19:49:21.000Z,"As FFAA merecem essa humilhação já que colaboraram pra isso.
Dia triste, ver um país que era pra ser próspero, que vai ser destruído.
Nunca mais saio de casa pra votar 
Fui feita de palhaça.",19,1,48,https://twitter.com/nikolas_dm/status/1609636258397163521
Nicole,@nicolemusg,https://twitter.com/nicolemusg/status/1609643328592613376,2023-01-01T20:10:49.000Z,"Vergonhoso é você como parlamentar fazer um suco de tudo.
Qual seu maior medo?
- de não agradar a galera
Ou
- de não desempenhar corretamente o papel de parlamentar da sociedade?",3,1,13,https://twitter.com/nikolas_dm/status/1609636258397163521
Layssa Lima,@eulayssal,https://twitter.com/eulayssal/status/1609637316297101312,2023-01-01T19:46:56.000Z,"se você tá triste, eu tô feliz",4,0,79,https://twitter.com/nikolas_dm/status/1609636258397163521
Marcão,@ObednegoMarcos,https://twitter.com/ObednegoMarcos/status/1609696715593883648,2023-01-01T23:42:58.000Z,"Vergonha é filho de ""pastor"" membro da outrora respeitável Igreja Batista da Lagoinha do clã Valadão, pregando o ódio, violência. Vc sabe como foi eleito. Eu, e milhões de outros também sabemos. ""Não existe almoço de graça"". Se arrependa antes da ""fatura chegar"".",2,1,30,https://twitter.com/nikolas_dm/status/1609636258397163521
Pedro FONSECA,@PedroFO19300549,https://twitter.com/PedroFO19300549/status/1611905350344609792,2023-01-08T01:59:17.000Z,O PRÓPRIO TIRO NO PÉ,0,0,0,https://twitter.com/nikolas_dm/status/1609636258397163521
Algrac,@algrac,https://twitter.com/algrac/status/1609712531505057793,2023-01-02T00:45:49.000Z,Um pix resolve muita coisa,0,0,1,https://twitter.com/nikolas_dm/status/1609636258397163521
Ricardo Teodoro,@Pitonice1,https://twitter.com/Pitonice1/status/1609689759202394112,2023-01-01T23:15:19.000Z,Infelizmente isso foi o que a maioria do povo escolheu….não adianta reclamar….cadê as provas de que houve fraude nas urnas??,7,0,6,https://twitter.com/nikolas_dm/status/1609636258397163521
Anabella,@anabellanm,https://twitter.com/anabellanm/status/1609644491102687236,2023-01-01T20:15:27.000Z,Não entendo como um líder e chefe das forças armadas não teve como dar a ordem constitucional mais do que motivada. Simplesmente não entendo…,11,3,11,https://twitter.com/nikolas_dm/status/1609636258397163521
Thais,@tais_negrao,https://twitter.com/tais_negrao/status/1609653384952397824,2023-01-01T20:50:47.000Z,O professor Olavo tem razão 😒,2,14,116,https://twitter.com/nikolas_dm/status/1609636258397163521
Margareth Seixas 12K as,@VidaLunar,https://twitter.com/VidaLunar/status/1609654949813575680,2023-01-01T20:57:00.000Z,É revoltante. Ele nunca será meu presidente.,2,2,2,https://twitter.com/nikolas_dm/status/1609636258397163521
Marco Serdeiro,@marco_serdeiro,https://twitter.com/marco_serdeiro/status/1609660890885783553,2023-01-01T21:20:37.000Z,Bora ver se vc tambem não  vai vermelhar kkk,0,0,1,https://twitter.com/nikolas_dm/status/1609636258397163521
Maristela Carvalho,@Mariste61946524,https://twitter.com/Mariste61946524/status/1609685203928186881,2023-01-01T22:57:13.000Z,"Os militares receberam o desprezo e a humilhação merecida!!!
Bem feito. #ForaLula",0,3,4,https://twitter.com/nikolas_dm/status/1609636258397163521
Rafael M. de Reis,@RafaelMdeReis1,https://twitter.com/RafaelMdeReis1/status/1609687446987456512,2023-01-01T23:06:08.000Z,Pior ficaram batendo continência e o Lula nem olhou para eles! Humilhante,0,1,3,https://twitter.com/nikolas_dm/status/1609636258397163521
G. Santos,@SoberanoFederal,https://twitter.com/SoberanoFederal/status/1609935914561843200,2023-01-02T15:33:27.000Z,@nikolas_dm você será uma das pessoas com quem vamos contar nesse momento 👊🇧🇷,1,0,25,https://twitter.com/nikolas_dm/status/1609636258397163521
Nadineᅠᅠᅠᅠᅠᅠᅠᅠᅠᅠᅠᅠᅠᅠᅠᅠᅠᅠᅠᅠᅠᅠᅠᅠᅠᅠᅠᅠᅠ ᅠ,@Nadine_CRJ,https://twitter.com/Nadine_CRJ/status/1609720689967222784,2023-01-02T01:18:14.000Z,Tô com vergonha de ser brasileira de novo. Pior ver o exército acovardado se dobrando p estes fraudadores. Q nojo,1,5,12,https://twitter.com/nikolas_dm/status/1609636258397163521
Andréia Bertani Ottoni,@bertaniottoni_,https://twitter.com/bertaniottoni_/status/1609637408961601538,2023-01-01T19:47:18.000Z,Sim! Muito vergonhoso!!! Essa vergonha ficou ainda pior pela sua revista à tropa! Onde está o olhar para a tropa e a honraria a nossa Bandeira Nacional? Sempre fui Brasileira 🇧🇷 e honro minha nacionalidade!!! 💚,7,0,4,https://twitter.com/nikolas_dm/status/1609636258397163521
Eduardo | O Tóxico,@toxicoduardo,https://twitter.com/toxicoduardo/status/1609636611649835008,2023-01-01T19:44:08.000Z,"Tadinho, o Nikolas não estuda as leis brasileiras e como funcionam

Tomara que leve um processo pra parar de caluniar os outros",36,8,695,https://twitter.com/nikolas_dm/status/1609636258397163521
Amandinh,@raiool_,https://twitter.com/raiool_/status/1609636790331232257,2023-01-01T19:44:51.000Z,Aí menino chato nossa,9,1,49,https://twitter.com/nikolas_dm/status/1609636258397163521
liah_costal,@LinaMaraCostaL1,https://twitter.com/LinaMaraCostaL1/status/1609645826841935874,2023-01-01T20:20:45.000Z,"Buá Buá Buá!!!!
Chora mais alto......daí da fossa do chorume que é o bolsonarismo,não dá pra escutar!!!!!",7,12,52,https://twitter.com/nikolas_dm/status/1609636258397163521
Karen Coimbra,@kakacoimbra,https://twitter.com/kakacoimbra/status/1609637806103568384,2023-01-01T19:48:53.000Z,"Mostre-me as provas no inquérito que acusou Lula de que ele realmente cometeu algum crime.
Prove!
Já Bolsonaro, este ano cairá e elevará com ele toda a corja criminosa que o acompanhou pelos 4 anos medíocres que comemos no seu governo.",62,8,119,https://twitter.com/nikolas_dm/status/1609636258397163521
Liwiane Ariane,@Liwiane,https://twitter.com/Liwiane/status/1609650598332493824,2023-01-01T20:39:43.000Z,"Vergonhoso é fugir do país pra não ser preso. Vergonhoso é deixar as pessoas morrerem com a maior irresponsabilidade, ingerência e incompetência vista na história do país.",2,1,18,https://twitter.com/nikolas_dm/status/1609636258397163521
Al'cântara ☧,@shalomcarai,https://twitter.com/shalomcarai/status/1609636416962568195,2023-01-01T19:43:22.000Z,"Talvez assim, de uma vez por todas o Brasileirinho entenda onde é a raiz do problema, a própria República.",5,0,25,https://twitter.com/nikolas_dm/status/1609636258397163521
Sueli Marcelino,@0505Marcelino,https://twitter.com/0505Marcelino/status/1609755228919709697,2023-01-02T03:35:29.000Z,Menino Nicolas é de mintirinha 🇧🇷💛💚🇧🇷💛💚🇧🇷💛💚vai TD mundo pro chilindro eu sirvo o mesmo Deus k vc serve ele vai nos honrar acredite guarda está mensagem vc vai lembrar de mim Deus no controle de tudo 🙏,1,0,1,https://twitter.com/nikolas_dm/status/1609636258397163521
Regiane Tosta Silva,@TostaRegiane,https://twitter.com/TostaRegiane/status/1609636525636993024,2023-01-01T19:43:47.000Z,Eu não tive ESTÔMAGO para assistir isso!🤢💩,16,0,19,https://twitter.com/nikolas_dm/status/1609636258397163521
laurinha_,@laura_tarsillaa,https://twitter.com/laura_tarsillaa/status/1609738536089190401,2023-01-02T02:29:09.000Z,Vergonhoso é ver q meu namorado te segue misericórdia vou ter uma conversa séria cm ele,7,1,22,https://twitter.com/nikolas_dm/status/1609636258397163521
𝕸𝖆𝖗𝖈𝖎𝖆 𝕮𝖎𝖕𝖗𝖎𝖆𝖓𝖔,@Marciaciprian10,https://twitter.com/Marciaciprian10/status/1609636501645574147,2023-01-01T19:43:42.000Z,Aehhh braseoooo,0,2,2,https://twitter.com/nikolas_dm/status/1609636258397163521
SimoneParra03,@SimoneParra03,https://twitter.com/SimoneParra03/status/1609636737290014725,2023-01-01T19:44:38.000Z,"Vergonhoso é vc estar usando a rede social,
Aceite nós vencemos!",0,1,15,https://twitter.com/nikolas_dm/status/1609636258397163521
João Carvalho,@Realejo,https://twitter.com/Realejo/status/1609636798619340802,2023-01-01T19:44:53.000Z,"Mimimimimi chora não, boy. Tudo pelo caminho democrático.",1,1,70,https://twitter.com/nikolas_dm/status/1609636258397163521
Honorato,@philliphonorato,https://twitter.com/philliphonorato/status/1609636804923166725,2023-01-01T19:44:54.000Z,Graças ao seu mito,0,2,113,https://twitter.com/nikolas_dm/status/1609636258397163521
Guilherme,@Guisaro,https://twitter.com/Guisaro/status/1609636578040729602,2023-01-01T19:44:00.000Z,"Vergonhoso é negar vacina e deixar 400 mil pessoas morrerem, cara",151,31,1.692,https://twitter.com/nikolas_dm/status/1609636258397163521
maria do carmo de souza,@mcrdesouza,https://twitter.com/mcrdesouza/status/1609674059691745282,2023-01-01T22:12:56.000Z,"Está dominado,tudo dominado. Importante é que o soldo cai certinho no final do mês. Se é um ladrão ou não é mero detalhe.",0,0,0,https://twitter.com/nikolas_dm/status/1609636258397163521
Alinne Almeida Cantora,@CantoraAlinne,https://twitter.com/CantoraAlinne/status/1609843165984620547,2023-01-02T09:24:54.000Z,Que militar?kkk parece mais atores figurantes e nenhum da alta patente,0,0,0,https://twitter.com/nikolas_dm/status/1609636258397163521
FazueliFDP,@accioly75,https://twitter.com/accioly75/status/1609710419794399234,2023-01-02T00:37:25.000Z,"Mais fácil combater o cidadão de bem do que o crime organizado. Para quem conseguiu assistir todo esse circo de horrores, alguém falou em combate ao crime organizado? Eu sei que é pergunta idiota, mas vai saber né?",0,0,0,https://twitter.com/nikolas_dm/status/1609636258397163521
VITORIO NANI - A Liberdade é Inegociável!,@VITORIONANI,https://twitter.com/VITORIONANI/status/1609686315150221314,2023-01-01T23:01:38.000Z,"O sujeito quando é canalha, se vê fácil. Se não fosse o Comandante da Guarda do DF, o babaca passaria batido em frente à Guarda-Bandeira sem parar para prestar reverência ao Pavilhão Nacional, em revista à tropa, aliás, nem o nosso hino ele sabe cantar!",0,0,0,https://twitter.com/nikolas_dm/status/1609636258397163521
Sandro Luiz Moreno,@SandroMore2,https://twitter.com/SandroMore2/status/1610066963879067650,2023-01-03T00:14:12.000Z,Foi a pior coisa que já vi nesses meus 50 anos.,0,0,0,https://twitter.com/nikolas_dm/status/1609636258397163521
Cacique Sincero,@CaciqueSincero,https://twitter.com/CaciqueSincero/status/1609863600914538497,2023-01-02T10:46:06.000Z,"E ainda c@gou pra eles
Mas arrogância é o cartão de visita dele",0,0,0,https://twitter.com/nikolas_dm/status/1609636258397163521
Cleiton Americano,@Cleiton_Eduard,https://twitter.com/Cleiton_Eduard/status/1609664650219786240,2023-01-01T21:35:33.000Z,"Agradece ao Mito, por ter destruído a lava jato e ressuscitado o PT e o Lula.",0,0,0,https://twitter.com/nikolas_dm/status/1609636258397163521
NENÊN,@CrisNenen,https://twitter.com/CrisNenen/status/1609665492985446400,2023-01-01T21:38:54.000Z,"Vergonhoso foi o Waldemar não aceitar anular as eleições, queria q fosse só o 2º turno, então é o q temos, temos q engolir essa aberração!!!",0,0,0,https://twitter.com/nikolas_dm/status/1609636258397163521
Joao Bosco,@JoaoBos20916835,https://twitter.com/JoaoBos20916835/status/1610220481491214340,2023-01-03T10:24:13.000Z,Militares vexames.,0,0,0,https://twitter.com/nikolas_dm/status/1609636258397163521
MHelena Maia/Robô com CPF,@MaiaMhelena,https://twitter.com/MaiaMhelena/status/1610037160257667072,2023-01-02T22:15:46.000Z,Falta HONRA!!!,0,0,0,https://twitter.com/nikolas_dm/status/1609636258397163521
princesinha_djesus,@grasielly_karla,https://twitter.com/grasielly_karla/status/1609876106135408640,2023-01-02T11:35:48.000Z,Pior vergonha brasileira.,0,0,0,https://twitter.com/nikolas_dm/status/1609636258397163521
davi guitarra,@GuitarraDavi,https://twitter.com/GuitarraDavi/status/1609962143876632577,2023-01-02T17:17:41.000Z,Pronto pagou 20 mil de multa ...,0,0,0,https://twitter.com/nikolas_dm/status/1609636258397163521
"Menos Estado, menos impostos. Fora Ladrão!",@Joaomessias23,https://twitter.com/Joaomessias23/status/1609863407284506624,2023-01-02T10:45:20.000Z,Os pantufas acham normal.,0,0,0,https://twitter.com/nikolas_dm/status/1609636258397163521
Reginaldo Franklin,@reginaldo192,https://twitter.com/reginaldo192/status/1609880983154708480,2023-01-02T11:55:11.000Z,"Meu caro deputado, as forças armadas se corromperam,  triste é vê quê o larápio não deu nem bola pra continência deles.",0,0,0,https://twitter.com/nikolas_dm/status/1609636258397163521
Luzia,@Luzia66005442,https://twitter.com/Luzia66005442/status/1609870627912966150,2023-01-02T11:14:02.000Z,"Nem quis ver essa vergonha,a vc parabéns deputado Deus é contigo 🙌",0,0,0,https://twitter.com/nikolas_dm/status/1609636258397163521
Priscila de Vasconcelos,@PrisciladeVasc,https://twitter.com/PrisciladeVasc/status/1609863569717313537,2023-01-02T10:45:59.000Z,Que vergonha!,3,0,3,https://twitter.com/nikolas_dm/status/1609636258397163521
PAULO ROBERTO RIBEIRO,@PAULORO47333881,https://twitter.com/PAULORO47333881/status/1609655552707026952,2023-01-01T20:59:24.000Z,"humilhante mesmo. Eu tinha esperança de um País melhor com você chegando ao poder. Mas, o SISTEMA vai tentar lhe corromper ou aniquilar... Desejo muita força guri!!!",1,0,1,https://twitter.com/nikolas_dm/status/1609636258397163521
observandotudo,@observandotudo6,https://twitter.com/observandotudo6/status/1609645969573912581,2023-01-01T20:21:19.000Z,Vergonhoso é vc continuar apoiando a exploração da fome graças ao teu Presidente,2,0,14,https://twitter.com/nikolas_dm/status/1609636258397163521
Formiguinhaz,@Formiguinhaz2,https://twitter.com/Formiguinhaz2/status/1609696520638439424,2023-01-01T23:42:11.000Z,"ele não recebeu.
Foi entregue a ele.

Mas repito: foi jogada no lixo.",0,0,0,https://twitter.com/nikolas_dm/status/1609636258397163521
rosangela hastenreit,@HastenRosang,https://twitter.com/HastenRosang/status/1609666853370040320,2023-01-01T21:44:18.000Z,Deputado!!! Espero que vcs venham a honrar os votos recebidos. Sejam verdadeiramente a maior oposição que um LADRÃO possa ter e imaginar.,0,0,0,https://twitter.com/nikolas_dm/status/1609636258397163521
r lazuli,@rlazuli2951,https://twitter.com/rlazuli2951/status/1609674541726302208,2023-01-01T22:14:51.000Z,Guarda bolivariana.,0,0,0,https://twitter.com/nikolas_dm/status/1609636258397163521
Audson Ricardo,@AudsonRicardo,https://twitter.com/AudsonRicardo/status/1609758616495742977,2023-01-02T03:48:56.000Z,Melancias 🍉🍉🍉🍉🍉🍉🍉,0,0,0,https://twitter.com/nikolas_dm/status/1609636258397163521
Adriana Sobral,@Adriana53522501,https://twitter.com/Adriana53522501/status/1609727095277502472,2023-01-02T01:43:41.000Z,Vergonhoso.,0,0,0,https://twitter.com/nikolas_dm/status/1609636258397163521
JOSE CARLOS,@JOSECAR30781453,https://twitter.com/JOSECAR30781453/status/1609688127509086208,2023-01-01T23:08:50.000Z,"Quem nomeou o lula foi os ministraos, que tornou ele ficha limpa este pode sabe limpa a barra e só ter dinheiro 💸",0,0,0,https://twitter.com/nikolas_dm/status/1609636258397163521
Cosme Prudente,@PrudenteCosme,https://twitter.com/PrudenteCosme/status/1609739415701577728,2023-01-02T02:32:38.000Z,"Realmente muito vergonhoso, decepcionante!!!",0,0,0,https://twitter.com/nikolas_dm/status/1609636258397163521
Ana Speck,@Ana_Speck,https://twitter.com/Ana_Speck/status/1609916434313781250,2023-01-02T14:16:03.000Z,Acho que não recebeu...,0,0,0,https://twitter.com/nikolas_dm/status/1609636258397163521
EdienS0,@edien_o,https://twitter.com/edien_o/status/1610064714469441537,2023-01-03T00:05:16.000Z,Inacreditável,0,0,0,https://twitter.com/nikolas_dm/status/1609636258397163521
joao thomaz,@joaothomaz14,https://twitter.com/joaothomaz14/status/1609849619403636736,2023-01-02T09:50:33.000Z,"O povo sempre esteve sozinho e vai virar esse jogo, vamos derrubar o ladrao",0,0,0,https://twitter.com/nikolas_dm/status/1609636258397163521
Silvia Mantovani Losqui,@LosquiSilvia,https://twitter.com/LosquiSilvia/status/1609931100670795780,2023-01-02T15:14:20.000Z,Parece até seriado de terror do @NetflixBrasil 🤣🤣🤣🤣🥺🥺,0,0,0,https://twitter.com/nikolas_dm/status/1609636258397163521
Unidos Somos mais fortes,@Marcia29251412,https://twitter.com/Marcia29251412/status/1609896160503758848,2023-01-02T12:55:29.000Z,Olha Nikolas😱 o povo não está perdoando,0,0,0,https://twitter.com/nikolas_dm/status/1609636258397163521
Toni K. R,@toni_i2c,https://twitter.com/toni_i2c/status/1609659354575142913,2023-01-01T21:14:30.000Z,"@GadoDecider , isso aí é gado?",2,1,57,https://twitter.com/nikolas_dm/status/1609636258397163521
Deus é nossa fortaleza,@BaiaoMarli,https://twitter.com/BaiaoMarli/status/1609911009594179586,2023-01-02T13:54:30.000Z,SQN...vergonha foi o teatro.,0,0,0,https://twitter.com/nikolas_dm/status/1609636258397163521
Ana Maria,@AnaMar58899614,https://twitter.com/AnaMar58899614/status/1609992806457839616,2023-01-02T19:19:31.000Z,"Coloca vergonha, nisso!",0,0,0,https://twitter.com/nikolas_dm/status/1609636258397163521
Luiz Alberto,@LuizAlb50172616,https://twitter.com/LuizAlb50172616/status/1609643271160045569,2023-01-01T20:10:36.000Z,Vergonhoso não só para o povo brasileiro mas para o mundo que assistiu um ex presidiário recebendo continência dos comandantes das forças armadas...,10,2,15,https://twitter.com/nikolas_dm/status/1609636258397163521
Ricardo,@ricardohpb,https://twitter.com/ricardohpb/status/1609905135265906691,2023-01-02T13:31:09.000Z,Vc é  novo ainda vai aprender o que é o Brasil.,0,0,0,https://twitter.com/nikolas_dm/status/1609636258397163521
Danilo alexandre,@Daniloa67320590,https://twitter.com/Daniloa67320590/status/1609640186115227651,2023-01-01T19:58:20.000Z,Nikolas esta passagem de faixa foi a coisa mais linda que eu ja vi nessa vida politica.,18,5,324,https://twitter.com/nikolas_dm/status/1609636258397163521
@RodrigoCaetano,@RodrigoCaetano,https://twitter.com/RodrigoCaettano/status/1609636648324669440,2023-01-01T19:44:17.000Z,E vc vai perder o seu mandato... se Deus quiser.,1,0,1,https://twitter.com/nikolas_dm/status/1609636258397163521
Gabs Indígena Batista ☭,@Gabs_Tchola,https://twitter.com/Gabs_Tchola/status/1609637623097872385,2023-01-01T19:48:09.000Z,"Pse né, que bom que ele fugiu pros EUA",1,0,5,https://twitter.com/nikolas_dm/status/1609636258397163521
maria,@dudaserranos,https://twitter.com/dudaserranos/status/1609638096718680064,2023-01-01T19:50:02.000Z,"vergonhoso é vc ter sido eleito, acorde",1,0,2,https://twitter.com/nikolas_dm/status/1609636258397163521
Gota,@gotaderevolucao,https://twitter.com/gotaderevolucao/status/1609660860435255297,2023-01-01T21:20:29.000Z,"Xandão, vem cá ver o que o chupetinha tá falando",0,0,2,https://twitter.com/nikolas_dm/status/1609636258397163521
Giu...,@glendaO67526889,https://twitter.com/glendaO67526889/status/1609661107085447169,2023-01-01T21:21:28.000Z,"Gente é isso, os militares estão no resort na Flórida com um ladrão?",0,0,3,https://twitter.com/nikolas_dm/status/1609636258397163521
Vlademir Dedes,@VlademirDedes1,https://twitter.com/VlademirDedes1/status/1609661361566683136,2023-01-01T21:22:29.000Z,"Vc perderá seu mandato, printa aí e depois me cobra!",0,0,3,https://twitter.com/nikolas_dm/status/1609636258397163521
(Vir)Jão Ramos,@RojaoPurpurina,https://twitter.com/RojaoPurpurina/status/1609661580442058756,2023-01-01T21:23:21.000Z,Um mal perdedor fugindo do país pra deixar os outros concertarem o estrago que fez. Vergonhoso.,1,0,4,https://twitter.com/nikolas_dm/status/1609636258397163521
Anderson Escobar,@Escobis3657,https://twitter.com/Escobis3657/status/1609993706911764481,2023-01-02T19:23:06.000Z,"Nikolas tem muita falácia mas redes sociais, é verdade que o General Heleno está morando no Palácio do Alvorada? E dizem que o Lula não subiu a rampa dizem que é montagem esta informação procede?",4,0,1,https://twitter.com/nikolas_dm/status/1609636258397163521
André Vieira,@AndrVie25677681,https://twitter.com/AndrVie25677681/status/1609636670919294976,2023-01-01T19:44:22.000Z,"Não tive cabeça, nenhuma, para assistir esta encenação em nossa amada República.",13,0,18,https://twitter.com/nikolas_dm/status/1609636258397163521
gabiel,@eugabiel_,https://twitter.com/eugabiel_/status/1609645389010935808,2023-01-01T20:19:01.000Z,você já sabe qual é o presídio que o EX-presidente jair SE acostumando vai ficar?,2,2,79,https://twitter.com/nikolas_dm/status/1609636258397163521
giselle,@GiselleTeles_,https://twitter.com/GiselleTeles_/status/1609638614484361217,2023-01-01T19:52:05.000Z,"Partiu trabalhar, temos malas e cuecas para encher...vergonha de ser brasileira!",16,0,6,https://twitter.com/nikolas_dm/status/1609636258397163521
"Ronaldo - Fiquem Em Casa , BandiCorno.",@RonaldoEsteves2,https://twitter.com/RonaldoEsteves2/status/1609637756694675457,2023-01-01T19:48:41.000Z,"Também acho, mas graças a Deus acabou e Lula voltou.",0,0,11,https://twitter.com/nikolas_dm/status/1609636258397163521
pm pepalizada,@pamor1921,https://twitter.com/pamor1921/status/1609637732342718464,2023-01-01T19:48:35.000Z,Chora mais kkkkkkkkkkkkkk,1,0,0,https://twitter.com/nikolas_dm/status/1609636258397163521
Diego,@diegopdomingos,https://twitter.com/diegopdomingos/status/1609724891388862464,2023-01-02T01:34:56.000Z,Militares de bosta,0,0,1,https://twitter.com/nikolas_dm/status/1609636258397163521
Rachel's,@antifasrachel,https://twitter.com/antifasrachel/status/1609637995375919107,2023-01-01T19:49:38.000Z,Importante que ele conseguiu fugir para Orlando.,3,0,74,https://twitter.com/nikolas_dm/status/1609636258397163521
Nunes,@Nunes81078408,https://twitter.com/Nunes81078408/status/1609637884021063683,2023-01-01T19:49:11.000Z,"Ele não soube nem manter postura na frente dos militares, parecia que já ia ser preso kkkkkk",8,2,15,https://twitter.com/nikolas_dm/status/1609636258397163521
MarrieClodes,@mcdegoes,https://twitter.com/mcdegoes/status/1609805509170806784,2023-01-02T06:55:16.000Z,O Brasil é impressionante! Realmente não é para amadores. 🙄😒😒,0,0,0,https://twitter.com/nikolas_dm/status/1609636258397163521
Nati,@Newsalia,https://twitter.com/Newsalia/status/1609639391978307584,2023-01-01T19:55:11.000Z,Os militares vão pagar caríssimo por isso. Se ajoelharam e a esquerda não vai deixá-los levantar tão cedo.,4,4,6,https://twitter.com/nikolas_dm/status/1609636258397163521
bernou,@cayleybe,https://twitter.com/cayleybe/status/1609685916653592576,2023-01-01T23:00:03.000Z,"Esquenta não, Nikolas! É só esperar 72 horas… kkkk",0,1,3,https://twitter.com/nikolas_dm/status/1609636258397163521
Jr Silva,@jrsilvadaradio,https://twitter.com/jrsilvadaradio/status/1609717795398221826,2023-01-02T01:06:44.000Z,E Adriano da Nóbrega recebeu o quê?,0,0,1,https://twitter.com/nikolas_dm/status/1609636258397163521
Carlos Carvalho Santos Filho,@CarlosC01697080,https://twitter.com/CarlosC01697080/status/1609830695526109184,2023-01-02T08:35:21.000Z,"Cara , o derrotado já foi embora ,esquece isso.
Vamos esperar que ele faça um bom governo assim o povo brasileiro ganha com isso.",0,0,1,https://twitter.com/nikolas_dm/status/1609636258397163521
Felipe C.,@carneirofff,https://twitter.com/carneirofff/status/1609637143806181377,2023-01-01T19:46:15.000Z,Mais vergonhoso que fugir com o rabo entre as pernas pros EUA com o avião presidencial?,2,6,370,https://twitter.com/nikolas_dm/status/1609636258397163521
Carla Bastos Vantagem JF,@CarlaBastos2410,https://twitter.com/CarlaBastos2410/status/1609891649240326145,2023-01-02T12:37:34.000Z,@CarlaBastos2410 Sigo de volta,0,0,0,https://twitter.com/nikolas_dm/status/1609636258397163521
Girassol ☭,@SementeGirassol,https://twitter.com/SementeGirassol/status/1609637556919930881,2023-01-01T19:47:53.000Z,E FUGIU,1,4,146,https://twitter.com/nikolas_dm/status/1609636258397163521
Carmen Carolina,@CarmenCarolinaX,https://twitter.com/CarmenCarolinaX/status/1609636383034937346,2023-01-01T19:43:13.000Z,NARCOPOSSE vazia!,4,2,32,https://twitter.com/nikolas_dm/status/1609636258397163521
Guilherme,@Guisaro,https://twitter.com/Guisaro/status/1609636780910821378,2023-01-01T19:44:48.000Z,"Vergonhoso é um presidente FUGIR do país antes do mandato acabar por medo de ser preso.
Imagina passar um recibo tão grande assim...",0,0,7,https://twitter.com/nikolas_dm/status/1609636258397163521
José Eduardo - Socialista de Android,@EduMasterPE1,https://twitter.com/EduMasterPE1/status/1609637080568668160,2023-01-01T19:46:00.000Z,"Relaxa e goza...
É inevitável.#LulaPresidente 
Entregando agora a faixa.
Quem terá es privilégio?",0,2,20,https://twitter.com/nikolas_dm/status/1609636258397163521
nine,@nineecrf,https://twitter.com/nineecrf/status/1609637080744738816,2023-01-01T19:46:00.000Z,"nikolas, o q tu quer ta bem durinho aq dentro da cueca",3,3,29,https://twitter.com/nikolas_dm/status/1609636258397163521
"Thiago Henrique, MA",@th1984br,https://twitter.com/th1984br/status/1609637137040695303,2023-01-01T19:46:13.000Z,CHORA PATRIOTÁRIO! VENCEMOS ! Lula Supremo das Forças Armadas !,4,1,80,https://twitter.com/nikolas_dm/status/1609636258397163521
Paulo Machado,@PCMarxista,https://twitter.com/PCMarxista/status/1609637543569489930,2023-01-01T19:47:50.000Z,"Isso foi há quatro anos, sai da retrospectiva bolsonarista.",0,0,19,https://twitter.com/nikolas_dm/status/1609636258397163521
Jaime (a.k.a Arturo Fantini),@barrgui19,https://twitter.com/barrgui19/status/1609637974307704835,2023-01-01T19:49:33.000Z,"Ainda choras, moleque?",0,0,11,https://twitter.com/nikolas_dm/status/1609636258397163521
,@toni_rodrigues,https://twitter.com/toni_rodrigues/status/1609726149235548161,2023-01-02T01:39:55.000Z,Começamos o ano com o pé “esquerdo”. Não vai ser mole…,0,0,1,https://twitter.com/nikolas_dm/status/1609636258397163521
Tonny M.,@tonny_pr,https://twitter.com/tonny_pr/status/1609637266833416198,2023-01-01T19:46:44.000Z,Olavo tinha razão,0,0,3,https://twitter.com/nikolas_dm/status/1609636258397163521
Will Ribeiro,@WillRibeiro13,https://twitter.com/WillRibeiro13/status/1609637578369548291,2023-01-01T19:47:58.000Z,"Que bom que está assistindo Chupetinha, aproveita e vê se aprende alguma coisa com um presidente de verdade!!!",0,3,86,https://twitter.com/nikolas_dm/status/1609636258397163521
bubru,@bubru30,https://twitter.com/bubru30/status/1609638378256965632,2023-01-01T19:51:09.000Z,"Também achei, mas já foi, 2018 já passou, já deu tempo de superar, são novos dias",0,0,11,https://twitter.com/nikolas_dm/status/1609636258397163521
AVENA,@AvenaOficial,https://twitter.com/AvenaOficial/status/1609638437841158146,2023-01-01T19:51:23.000Z,"Supera pirralho, seu minto fugiu com o pateta pra Disney 😄",0,0,11,https://twitter.com/nikolas_dm/status/1609636258397163521
Raquel Augusta,@RaquelAugusta15,https://twitter.com/RaquelAugusta15/status/1609639010166603776,2023-01-01T19:53:40.000Z,Lindo demais ver esse homem subir a esplanada e ver nosso país mesmo com um raça ruim contra voltar a crescer só posso dizer “ perdeu mane “ kkk,0,0,5,https://twitter.com/nikolas_dm/status/1609636258397163521
EDUARDO BRUM,@brum_figueiredo,https://twitter.com/brum_figueiredo/status/1609639800910356480,2023-01-01T19:56:48.000Z,Chora na cama BBzinho kkkkk,1,0,0,https://twitter.com/nikolas_dm/status/1609636258397163521
leleco,@leandrinnncrf,https://twitter.com/leandrinnncrf/status/1609640630883418115,2023-01-01T20:00:06.000Z,me dá uma mamadinha?,1,0,0,https://twitter.com/nikolas_dm/status/1609636258397163521
Sérgio Donizeti,@SrgioDonizeti1,https://twitter.com/SrgioDonizeti1/status/1609636926889263107,2023-01-01T19:45:23.000Z,A POLÍTICA MORREU MORALMENTE E SÃO POUCOS QUE SE SALVA ULTIMAMENTE E VC É UM DELES,4,5,35,https://twitter.com/nikolas_dm/status/1609636258397163521
Poli,@poliana15277857,https://twitter.com/poliana15277857/status/1609637595079938048,2023-01-01T19:48:02.000Z,Quem passou a faixa ao descondenado?,8,0,1,https://twitter.com/nikolas_dm/status/1609636258397163521
Rodrigo Moreira,@RMP1403,https://twitter.com/RMP1403/status/1609659408988139520,2023-01-01T21:14:43.000Z,Eles estavam com saudades !,1,2,6,https://twitter.com/nikolas_dm/status/1609636258397163521
Antonio Carlos Morais,@Antonio58435663,https://twitter.com/Antonio58435663/status/1609661615632269314,2023-01-01T21:23:29.000Z,Olha o mentiroso aí novamente. Parece que não aprendeu,0,1,9,https://twitter.com/nikolas_dm/status/1609636258397163521
Tony Rockfeller,@RockfellerTony,https://twitter.com/RockfellerTony/status/1609662319058878469,2023-01-01T21:26:17.000Z,Vergonhoso foi alguém votar num sujeito como você!,0,1,3,https://twitter.com/nikolas_dm/status/1609636258397163521
Igor Augusto Souza,@SouzaIgor,https://twitter.com/SouzaIgor/status/1609662565306535937,2023-01-01T21:27:16.000Z,Não sei o que é mais vergonhoso. Os militares baterem continência pra um bandido ou um bandido receber honras de um militar,0,0,1,https://twitter.com/nikolas_dm/status/1609636258397163521
Thassae Santos,@thassae,https://twitter.com/thassae/status/1609664324464934914,2023-01-01T21:34:15.000Z,Atura ou surta,0,0,1,https://twitter.com/nikolas_dm/status/1609636258397163521
lelê,@swifolklors,https://twitter.com/swifolklors/status/1609665022375989249,2023-01-01T21:37:02.000Z,mds vc de novo aqui na minha tl igual uma assombração,0,0,2,https://twitter.com/nikolas_dm/status/1609636258397163521
Aghata,@ghata013,https://twitter.com/ghata013/status/1609665131239337984,2023-01-01T21:37:28.000Z,"Vergonhoso foi ver seu presidente fugindo pra Miami deixou todos vcs na mão, coitado de vcs, estão ai desesperados com a derrota KAKAKAKALALAKAKKA ai ai ai eu me divirto.",0,0,3,https://twitter.com/nikolas_dm/status/1609636258397163521
ZÉ RAIMUNDO_17,@ze_seuze,https://twitter.com/ze_seuze/status/1609636530284335105,2023-01-01T19:43:49.000Z,"Faz parte dos planos, vamos aguardar 72h",6,0,59,https://twitter.com/nikolas_dm/status/1609636258397163521
vinicin,@bikedocris,https://twitter.com/bikedocris/status/1609636655631155203,2023-01-01T19:44:18.000Z,"Vergonhoso é ler seus tweets, da um tempo, irmão.
Pelo amor de Deus",3,3,85,https://twitter.com/nikolas_dm/status/1609636258397163521
Iris Claro,@IrisCClaro,https://twitter.com/IrisCClaro/status/1609641045775491074,2023-01-01T20:01:45.000Z,"No final tivemos uma lembrança sobre patriotismo, com uma esperança no futuro, mas fomos iludidos e voltamos a sentir vergonha de ser brasileiros!",9,1,10,https://twitter.com/nikolas_dm/status/1609636258397163521
Maumau19,@Maumau192,https://twitter.com/Maumau192/status/1609658861925076992,2023-01-01T21:12:33.000Z,"E aí totó, como foi a viagem pra Orlando dentro da caixinha?
O compartimento de bagagens do avião deve ser meio claustrofóbico, mas me diga, chegou bem, já cheirou algum bumbum dos totós americanos? 😀",0,2,27,https://twitter.com/nikolas_dm/status/1609636258397163521
Joana D'arc Di Albuquerque,@JoanaDarcdeAlb1,https://twitter.com/JoanaDarcdeAlb1/status/1609674795138023424,2023-01-01T22:15:52.000Z,"o legal desse tweet do Chupetinha é que ele quer passar um ar de adulto fazendo um comentario serio, mas é engraçado quando a gente lê o tweet e olha a foto dele porque ele parece um personagem de seriado da Disney ! 😂",0,1,11,https://twitter.com/nikolas_dm/status/1609636258397163521
Mr. Lucas Rodrigues,@Lucaslvto,https://twitter.com/Lucaslvto/status/1609698231063035906,2023-01-01T23:48:59.000Z,Late mais alto que teu dono tá em Orlando chorando!!,1,3,56,https://twitter.com/nikolas_dm/status/1609636258397163521
mands˚,@taegnix,https://twitter.com/taegnix/status/1610523586703360001,2023-01-04T06:28:39.000Z,"Capaz, o Bolsonaro nem tá mais no Brasil, relaxa aí Auau",0,0,0,https://twitter.com/nikolas_dm/status/1609636258397163521
Adriana Lobo,@AdrianaHlobo,https://twitter.com/AdrianaHlobo/status/1609638113491443719,2023-01-01T19:50:06.000Z,Coloca a chupeta e para de chorar 😂😂😂😂😂😂😂😂#LulaPresidente #PosseLulaPresidente,0,0,6,https://twitter.com/nikolas_dm/status/1609636258397163521
Esio Neto,@esioneto,https://twitter.com/esioneto/status/1609638804155170819,2023-01-01T19:52:51.000Z,Adivinha que é o mais novo chefe supremo das forças armadas?,0,0,106,https://twitter.com/nikolas_dm/status/1609636258397163521
@mary,@mary,https://twitter.com/Maria954826/status/1609638886661304320,2023-01-01T19:53:10.000Z,"Vergonhoso mesmo, + vergonhoso é a mentira q falaram p todos nós Patriotas q a maioria pegaram chuva,vento,mtos inocentes presos, iludiram, não saiam dos quartéis,  o molusco ia ser preso no dia
Deixaram até o fim, fazendo- nos de palhaços 
Revoltante",1,0,0,https://twitter.com/nikolas_dm/status/1609636258397163521
Esio Neto,@esioneto,https://twitter.com/esioneto/status/1609638974976303105,2023-01-01T19:53:31.000Z,🤡🤡🤡🤡🤡,0,5,24,https://twitter.com/nikolas_dm/status/1609636258397163521
Odair Assis,@DrAssis_BR,https://twitter.com/DrAssis_BR/status/1609639272092499969,2023-01-01T19:54:42.000Z,Chora bebê…,1,0,0,https://twitter.com/nikolas_dm/status/1609636258397163521
Gleyson Assis,@GleysonAssis3,https://twitter.com/GleysonAssis3/status/1609643545391992835,2023-01-01T20:11:41.000Z,Vc deveria se dedicar a cumprir seu mandato e parar de Mimimi!,0,1,12,https://twitter.com/nikolas_dm/status/1609636258397163521
Rita de Cassia soare,@rita_soares123,https://twitter.com/rita_soares123/status/1609645944701845504,2023-01-01T20:21:13.000Z,"Imaginei a voz do galvão:
Ele subiu
Ele subiu
Ele subiu
Porque o povo quiz",1,3,16,https://twitter.com/nikolas_dm/status/1609636258397163521
karine,@karineneves13ca,https://twitter.com/karineneves13ca/status/1609636795217584129,2023-01-01T19:44:52.000Z,Senta e chora,0,0,1,https://twitter.com/nikolas_dm/status/1609636258397163521
Ana Larissa Alencar,@alarissa83,https://twitter.com/alarissa83/status/1609641592767549440,2023-01-01T20:03:56.000Z,A BANDEIRA É NOSSA,0,0,11,https://twitter.com/nikolas_dm/status/1609636258397163521
O Progressista,@_progressista13,https://twitter.com/_progressista13/status/1609647434585587712,2023-01-01T20:27:08.000Z,"Relaxa chupetinha, ele não vai subir a rampa, isso é holograma, só mais 72 hrs.",0,0,6,https://twitter.com/nikolas_dm/status/1609636258397163521
Adriano,@aommax,https://twitter.com/aommax/status/1609649138165055493,2023-01-01T20:33:55.000Z,Eu ainda não acredito como que as forças armadas se propuseram a isso.,1,0,0,https://twitter.com/nikolas_dm/status/1609636258397163521
Boneco Ventríloquo,@Boneco_v,https://twitter.com/Boneco_v/status/1609649204061769731,2023-01-01T20:34:10.000Z,Nikolas vc já foi fazer a visita íntima para o Gabriel Monteiro?,0,0,1,https://twitter.com/nikolas_dm/status/1609636258397163521
aqui é Corinthians 13,@favelaatemorrer,https://twitter.com/favelaatemorrer/status/1609652786458726400,2023-01-01T20:48:24.000Z,"Isso é vergonhoso, e cadê o fujão com o avião da FAB!!!",0,0,1,https://twitter.com/nikolas_dm/status/1609636258397163521
Karlos Silva,@solarc1958,https://twitter.com/solarc1958/status/1609655728561885185,2023-01-01T21:00:06.000Z,"Queres chupetinha, queres????
Chora, faz arminha e canta  hino 🤣🤣🤣🤣🤣🤣",0,0,37,https://twitter.com/nikolas_dm/status/1609636258397163521
JRL,@JoseRenatoLara,https://twitter.com/JoseRenatoLara/status/1609661500427214851,2023-01-01T21:23:02.000Z,"Vergonhoso é o Capitão genocida fugir do Brasil para eventualmente não ser preso. Lula, quando foi processado, respondeu ao processo e se apresentou à prisão, até ser absolvido pelo arquivamento dos processos. Bolsonaro foi covarde.",2,0,2,https://twitter.com/nikolas_dm/status/1609636258397163521
kemms hendeca ℗,@mfzaynsep,https://twitter.com/mfzaynsep/status/1609637392423718912,2023-01-01T19:47:14.000Z,ele twittando assim lá de orlando pronto pra mamar,0,0,1,https://twitter.com/nikolas_dm/status/1609636258397163521
VINÍCIUS FERREIRA,@viniferre28,https://twitter.com/viniferre28/status/1609641578381078528,2023-01-01T20:03:52.000Z,"Vergonhoso foram os 4 anos do seu presidente. Ah!!! Quer dizer, EX Presidente! 💋",0,0,14,https://twitter.com/nikolas_dm/status/1609636258397163521
Athayde Motta,@athaydem,https://twitter.com/athaydem/status/1609649836189704192,2023-01-01T20:36:41.000Z,Sem anistia! Sem anistia! Sem anistia! Sem anistia! KKKKKKKKKKKKKKK,0,0,3,https://twitter.com/nikolas_dm/status/1609636258397163521
josé nascimento,@ze_nascimento,https://twitter.com/ze_nascimento/status/1609651318523559938,2023-01-01T20:42:34.000Z,"Repita conosco:
NIKOLAS
NUNCA
CHEGARÁ
AOS
PÉS
DO
L U L A ! ⭐️⭐️⭐️⭐️⭐️",0,1,24,https://twitter.com/nikolas_dm/status/1609636258397163521
Marco Vieira,@marcopevieira,https://twitter.com/marcopevieira/status/1609659485739712512,2023-01-01T21:15:02.000Z,O exército americano fez isso com Bolsonaro? Não estou sabendo!,0,0,2,https://twitter.com/nikolas_dm/status/1609636258397163521
Regina,@Regina85328827,https://twitter.com/Regina85328827/status/1609663928203706369,2023-01-01T21:32:41.000Z,"Acho que é normal, só fizeram nome enganando o povo.",0,0,1,https://twitter.com/nikolas_dm/status/1609636258397163521
𝙺𝚒𝚊𝚗𝚗𝚣𝚣. #BBBBRUNO #QSMP,@IamKiannzz,https://twitter.com/IamKiannzz/status/1609666397327564802,2023-01-01T21:42:29.000Z,blz chupetinha faz silêncio,0,0,3,https://twitter.com/nikolas_dm/status/1609636258397163521
Marcelo ★彡,@C_MarceloN,https://twitter.com/C_MarceloN/status/1609667780554510337,2023-01-01T21:47:59.000Z,Vergonhoso é ser você,1,0,2,https://twitter.com/nikolas_dm/status/1609636258397163521
