nome,usuario,idTweet,dataPublicacao,texto,replies,retweets,likes,tweetPai
Ed,@Ed23727691,https://twitter.com/Ed23727691/status/1610014539495665664,2023-01-02T20:45:53.000Z,E vcs se preocupam com o eleitorado? Vcs querem saber de GRANA E NÃO IR PARA CADEIA!,0,0,0,https://twitter.com/DepSanderson/status/1609930903442046978
Julio Ortiz,@JulioOr63401604,https://twitter.com/JulioOr63401604/status/1609977900622569475,2023-01-02T18:20:18.000Z,Que maioria!!! É tudo teatro. Deixa de enrolar.,0,0,0,https://twitter.com/DepSanderson/status/1609930903442046978
Claumari.,@Claud565637,https://twitter.com/Claud565637/status/1610688610222866434,2023-01-04T17:24:24.000Z,A hora que o dindin rolar no PL vão aprovar tudo.,0,0,0,https://twitter.com/DepSanderson/status/1609930903442046978
Rodrigokelvin,@Rodrigokelvin12,https://twitter.com/Rodrigokelvin12/status/1610015707466547204,2023-01-02T20:50:31.000Z,Nosso maior erro foi eleger pessoas a pedido de bolsonaro... Demos um apoio incondicional ai governo.. Que só fez mau,0,0,0,https://twitter.com/DepSanderson/status/1609930903442046978
Pedro Agro .·.,@Pedro_EngAgro,https://twitter.com/Pedro_EngAgro/status/1609934907673051138,2023-01-02T15:29:27.000Z,"O meu não preciso, ze vc tem que cobrar posicionamento do seu deputado em uma situação dessas já votou errado. De toda forma, vale a lembrança.",0,0,0,https://twitter.com/DepSanderson/status/1609930903442046978
DIRCE MARTINS,@Dircecord,https://twitter.com/Dircecord/status/1609931737911492608,2023-01-02T15:16:52.000Z,Amiguinho quem manda é o STF. Congresso não serve pra nada. Infelizmente. 🤢,0,0,0,https://twitter.com/DepSanderson/status/1609930903442046978
Training_Fabin,@Fabinmrky,https://twitter.com/Fabinmrky/status/1609973109574238208,2023-01-02T18:01:15.000Z,A maioria se vende fácil!,0,0,0,https://twitter.com/DepSanderson/status/1609930903442046978
Monica Costa Moraes,@MonicaCostaMor1,https://twitter.com/MonicaCostaMor1/status/1610246155169931265,2023-01-03T12:06:14.000Z,Estaremos atentos a tudo a partir de 2023. Quem Não fizer pelo povo vai se ver com o povo. O povo acordou da inércia.,0,0,0,https://twitter.com/DepSanderson/status/1609930903442046978
Marcia,@Marmeduri,https://twitter.com/Marmeduri/status/1610625671687962625,2023-01-04T13:14:18.000Z,Acho que o Congresso Nacional será fechado,0,0,0,https://twitter.com/DepSanderson/status/1609930903442046978
kgb55,@kendy552,https://twitter.com/kendy552/status/1609933292005883905,2023-01-02T15:23:02.000Z,"Com todo respeito sinceramente, o vc acha que terá oposição diante da caneta do infame e Nefasto Alexandre de Moraes, junto com este Antro das 2 casas onde o ego e cobiça, luxuria e deturpação moral, iram deixar vcs se movimentar.",0,0,0,https://twitter.com/DepSanderson/status/1609930903442046978
Maria de Lourdes,@irmarialurdes2,https://twitter.com/irmarialurdes2/status/1609982434829029377,2023-01-02T18:38:19.000Z,Isso mesmo!,0,0,0,https://twitter.com/DepSanderson/status/1609930903442046978
Adriano,@Adrianoplis10,https://twitter.com/Adrianoplis10/status/1609935839399710720,2023-01-02T15:33:09.000Z,Sim deputado vamos cobrar cada um,0,0,0,https://twitter.com/DepSanderson/status/1609930903442046978
Adriano,@Adrianoplis10,https://twitter.com/Adrianoplis10/status/1609936121907261441,2023-01-02T15:34:17.000Z,Avisa eles ai senadores e deputados que estamos organizando uma tabela que mostrara como cada dep/senador vai votar...,0,0,0,https://twitter.com/DepSanderson/status/1609930903442046978
Gesielia Silva,@GeiseSSN,https://twitter.com/GeiseSSN/status/1609989693768073221,2023-01-02T19:07:09.000Z,Isso !!,0,0,0,https://twitter.com/DepSanderson/status/1609930903442046978
"Baima, Eudes",@baima_e,https://twitter.com/baima_e/status/1609933801630715905,2023-01-02T15:25:04.000Z,Eita!,0,0,0,https://twitter.com/DepSanderson/status/1609930903442046978
Silvio,@ClemoniniSilvio,https://twitter.com/ClemoniniSilvio/status/1610000955843706880,2023-01-02T19:51:54.000Z,Vamos ver nada melhor que um dia após o outro,0,0,0,https://twitter.com/DepSanderson/status/1609930903442046978
Cesar Brasil,@Cesar19419968,https://twitter.com/Cesar19419968/status/1609932794100174848,2023-01-02T15:21:03.000Z,#foralula,0,0,0,https://twitter.com/DepSanderson/status/1609930903442046978
MARCIO ALBUQUERQUE,@MARCIO_IMA,https://twitter.com/MARCIO_IMA/status/1610023437866500096,2023-01-02T21:21:15.000Z,O foco é a PEC do comprovante de voto impresso.  O restante é secundário!,0,0,3,https://twitter.com/DepSanderson/status/1609930903442046978
Tio Sam,@SublimeTioSamm,https://twitter.com/SublimeTioSamm/status/1609932011711483906,2023-01-02T15:17:57.000Z,Então já pega a caneta r o papel pq a lista vai ser grande. 😕,0,0,0,https://twitter.com/DepSanderson/status/1609930903442046978
Old Isa,@_oldisa_,https://twitter.com/_oldisa_/status/1610027143605403649,2023-01-02T21:35:58.000Z,"Vou exigir sim, que tenham respeito ao meu voto. Serão cobrados a todo momento!",0,0,0,https://twitter.com/DepSanderson/status/1609930903442046978
Lamárcio Budke,@Lamarciob,https://twitter.com/Lamarciob/status/1610273844178128896,2023-01-03T13:56:16.000Z,"Nem vc acredita nessa merda que fala, só fala isso para ter assunto nas redes. Todos os partidos já se venderam. Sobra meia-dúzia que não foi comprado.",0,0,0,https://twitter.com/DepSanderson/status/1609930903442046978
d civil,@Thuru82274571,https://twitter.com/Thuru82274571/status/1609978116046299136,2023-01-02T18:21:09.000Z,Voteino Van Hatem masna próxima voto no sr.para qualquer cargo eletivo.,0,0,0,https://twitter.com/DepSanderson/status/1609930903442046978
Luiz Stefanuto,@luizstefanuto,https://twitter.com/luizstefanuto/status/1609999145305079810,2023-01-02T19:44:43.000Z,maioria de quantos?,0,0,0,https://twitter.com/DepSanderson/status/1609930903442046978
Ana,@Brit1Ana,https://twitter.com/Brit1Ana/status/1609977563472089089,2023-01-02T18:18:57.000Z,Se eu for falar o que eu penso de deputados e governadores certeza que  vai desagradar então prefiro ficar calada,0,0,0,https://twitter.com/DepSanderson/status/1609930903442046978
Ana Beatriz,@AnaBeat52513934,https://twitter.com/AnaBeat52513934/status/1610266905323134976,2023-01-03T13:28:42.000Z,Concordo totalmente.,0,0,0,https://twitter.com/DepSanderson/status/1609930903442046978
Marcia,@Marcia21246717,https://twitter.com/Marcia21246717/status/1609947857536131073,2023-01-02T16:20:55.000Z,Mais um q vive em narnia...,0,0,1,https://twitter.com/DepSanderson/status/1609930903442046978
delcio junior,@delcio_vilela,https://twitter.com/delcio_vilela/status/1609931459799703552,2023-01-02T15:15:45.000Z,Os que tem caráter não será preciso cobrar…,0,0,0,https://twitter.com/DepSanderson/status/1609930903442046978
LulaLá_ThataBrasilDoFuturo,@Thata76,https://twitter.com/Thata76/status/1610412372480479240,2023-01-03T23:06:44.000Z,🤣🤣🤣🤣,0,0,0,https://twitter.com/DepSanderson/status/1609930903442046978
الواويangelita,@angelitadu1,https://twitter.com/angelitadu1/status/1610030810333343746,2023-01-02T21:50:32.000Z,Oposição? Nine já traçou td. A Direita vai aprender a duros golpes,0,0,0,https://twitter.com/DepSanderson/status/1609930903442046978
Rafael,@rafaeli_81,https://twitter.com/rafaeli_81/status/1609935881808248835,2023-01-02T15:33:20.000Z,"O que o senhor pode fazer é questionar a questão da faixa furtada que reapareceu ontem, e também o juramento sem a mão na Bíblia, pra começar.",0,0,1,https://twitter.com/DepSanderson/status/1609930903442046978
Vania Barros,@Vaniaobarros,https://twitter.com/Vaniaobarros/status/1610418969902473220,2023-01-03T23:32:57.000Z,"Espero que não, pq vamos acompanhar bem de perto o trabalho de vcs",0,0,0,https://twitter.com/DepSanderson/status/1609930903442046978
Fabiane Torres,@fabianerj,https://twitter.com/fabianerj/status/1609965177587253255,2023-01-02T17:29:44.000Z,👍,0,0,0,https://twitter.com/DepSanderson/status/1609930903442046978
Robson Mota Gomes,@robsonmotagomes,https://twitter.com/robsonmotagomes/status/1609936237045088256,2023-01-02T15:34:44.000Z,"Pra quem acredita em Papai Noel vai acreditar que o congresso PODRE e CORRUPTO que temos vai fazer algo. Agora a debandada é geral a prostituição política já deu a partida não tem retorno logo todos, sem exceção vais estar na cama do Cefalópodes.",0,0,0,https://twitter.com/DepSanderson/status/1609930903442046978
Telma Rodrigues da Silva,@TelmaRo38433072,https://twitter.com/TelmaRo38433072/status/1609931584706154498,2023-01-02T15:16:15.000Z,A base inteira do Governo traiu o Presidente!,0,0,0,https://twitter.com/DepSanderson/status/1609930903442046978
Flavia Tatsch 2022/1•TURNO DATA POVO,@flavia_tatsch,https://twitter.com/flavia_tatsch/status/1609932253521477632,2023-01-02T15:18:54.000Z,"Lindas palavras! Contudo, a ilusão de oposição, certamente, será esmagada pelo Mecanismo; pois se o POVO SOBERANO não foi honrado pq quem tinha o dever de fazer; muito menor é a capacidade de quem diz nos representar fazer. A Casa do Povo sucumbiu.",1,0,1,https://twitter.com/DepSanderson/status/1609930903442046978
Xandão na prisão!,@Rei035465,https://twitter.com/Rei035465/status/1609933431227535361,2023-01-02T15:23:35.000Z,Ninguém vai cobrar nada. A luta do povo agora é em outro fronte. Vcs são uma vergonha de incompetentes!,0,0,1,https://twitter.com/DepSanderson/status/1609930903442046978
Davi Carneiro,@davicarneiro90,https://twitter.com/davicarneiro90/status/1609943710795546626,2023-01-02T16:04:26.000Z,"Que congresso deputado?

Quem manda é o STF e o @gustagsyer foi o único que teve coragem de admitir isso!

Congressistas de rabo preso com a ditadura da toga não vão fazer nada...",0,0,0,https://twitter.com/DepSanderson/status/1609930903442046978
Maria Flor,@MariaFlorParx,https://twitter.com/MariaFlorParx/status/1609932032733503489,2023-01-02T15:18:02.000Z,Queria muito saber quem são os parlamentares eleitos que realmente vão ser oposição.... que vão de fato lutar pata que Brasil não se torne um país comunista!! Quero ver quem vai peitar o STF!!,0,0,0,https://twitter.com/DepSanderson/status/1609930903442046978
Tiago Scandolara,@TiagoScandolara,https://twitter.com/TiagoScandolara/status/1609958645936099329,2023-01-02T17:03:47.000Z,"kkkkk; mas vem cá deputado; qual é a realidade paralela que você vive? O ""teu"" presidente fugiu do País antes do final do mandato. É o maior covarde da nação. Um fiasco sem precedentes. Nem os aloprados golpistas que acamparam na frente dos quartéis respeitam o Bolsonaro mais.",0,0,0,https://twitter.com/DepSanderson/status/1609930903442046978
Rogério B.S patriota 4,@BardenRogerio,https://twitter.com/BardenRogerio/status/1610020887901642760,2023-01-02T21:11:07.000Z,"Se o congresso não se unir e pautar pelo fim da indicaçao do stf,vai ser isso, xandão é quem vai ditar as regras no congresso.Ministro do stf tem que ser juíz,de carreira e ter mandato. E os candidato a vaga escolhido pelo povo ou congresso(voto) em conjunto com as duas casa.",0,0,0,https://twitter.com/DepSanderson/status/1609930903442046978
Rogério B.S patriota 4,@BardenRogerio,https://twitter.com/BardenRogerio/status/1610036777506463745,2023-01-02T22:14:15.000Z,"Agora é focar no Congresso é o que nos resta e lutar pelo fim da indicaçao pelo presidente para o stf. Quanto mais vagabundo indicado mais o sistema vai dominar.Para evitarmos no futuro v@g@bun0$ apadrinhados como,m0r@is,mende$,b@rr0so$ e outros.",0,0,0,https://twitter.com/DepSanderson/status/1609930903442046978
El ZORRO,@ElZORRO32333230,https://twitter.com/ElZORRO32333230/status/1609971045951311874,2023-01-02T17:53:03.000Z,"Quantas Horas a Rosa Weber e o Alexandre d Moraes,vão dar para o Lula Ladrão,explicar o áudio vazado em que ele diz ao Arthur Lira,Rapaz nunca que eu ia ganhar essa Eleição?Então,como ele ganhou essa Eleição?e por que o TSE,não entregou os Códigos Fonte d Urnas? As FFAA?Estranho?",0,0,0,https://twitter.com/DepSanderson/status/1609930903442046978
Rafa,@rafa_carrijo,https://twitter.com/rafa_carrijo/status/1609934319270633472,2023-01-02T15:27:07.000Z,"BOMBA: Lula deixa microfone ligado e confessa a Lira: “é rapaz, nunca que eu ia ganhar a eleição…”; VEJA VÍDEO",0,0,0,https://twitter.com/DepSanderson/status/1609930903442046978
William couto,@Williamcouto61,https://twitter.com/Williamcouto61/status/1609931088495013889,2023-01-02T15:14:17.000Z,A mala de dinheiro falará mais alto para a grande maioria.......,1,0,0,https://twitter.com/DepSanderson/status/1609930903442046978
William couto,@Williamcouto61,https://twitter.com/Williamcouto61/status/1609931507723902977,2023-01-02T15:15:57.000Z,"Discurso do Lula:

1. Contra o agro: vai demarcar terras indígenas;

2. Contra a legítima defesa do povo de bem: vai revogar acesso às armas;

3. Contra os 58 milhões de brasileiros que votam em Bolsonaro: fez um discurso de ódio pregando a violência aos seus opositores.",0,0,0,https://twitter.com/DepSanderson/status/1609930903442046978
somentebíblia.com,@Prjoaonunes,https://twitter.com/Prjoaonunes/status/1609931179628679174,2023-01-02T15:14:38.000Z,"De tanto ver triunfar as nulidades; de tanto ver prosperar a desonra, de tanto ver crescer a injustiça. De tanto ver agigantarem-se os poderes nas mãos dos maus, o homem chega a desanimar-se da virtude, a rir-se da honra e a ter vergonha de ser honesto.Rui Barbosa",0,0,2,https://twitter.com/DepSanderson/status/1609930903442046978
