nome,usuario,idTweet,dataPublicacao,texto,replies,retweets,likes,tweetPai
Arcano Ivel,@ArcanoIvel12,https://twitter.com/ArcanoIvel12/status/1609912639097868288,2023-01-02T14:00:58.000Z,"Tem Gente Que Não Aprende Mesmo. Kkkk

Quem Espera Algo Do Legislativo Merece Ser Corno Eternamente. Kkkkk",0,0,2,https://twitter.com/CarolDeToni/status/1609905456109215746
Silvana L. Susin Gregoletto,@susin_l,https://twitter.com/susin_l/status/1610239524168237057,2023-01-03T11:39:54.000Z,"O pior: se cadastraram no site do exército com a esperança que seria para lutar pela liberdade, porém  o cadastro era para serem identificados e serem punidos. 🧐",0,2,10,https://twitter.com/CarolDeToni/status/1609905456109215746
Sérgio SBC,@SergioAdriani3,https://twitter.com/SergioAdriani3/status/1610003461084532736,2023-01-02T20:01:52.000Z,"Cara deputada @CarolDeToni , o congresso será anulado pelo STF e só pra não esquecer a missão é cassar os mandatos de bolsonaristas sem o aval da câmara dos deputados.
O senado será cooptado com cargo$, com exceção dos que não se vendem e serão minoria.",0,1,6,https://twitter.com/CarolDeToni/status/1609905456109215746
Alvaro,@CanevariLuiz,https://twitter.com/CanevariLuiz/status/1610311824737701891,2023-01-03T16:27:11.000Z,"O problema não é pressionar os senadores deputada, o problema é o poder supremo que é quem manda, eles colocam na ilegalidade e pronto, quem manda são os 11 e fica tudo por isso mesmo.",0,0,2,https://twitter.com/CarolDeToni/status/1609905456109215746
Orleans Almeida,@OrleansAlmeida3,https://twitter.com/OrleansAlmeida3/status/1610106104620392448,2023-01-03T02:49:44.000Z,Acabou. Povo ordeiro deu nisso. Não lutam por nada. Congresso reflexo desse povo. Aceitam tudo e nada fazem,0,0,4,https://twitter.com/CarolDeToni/status/1609905456109215746
Adamastor Silva,@AdamastorSilva5,https://twitter.com/AdamastorSilva5/status/1609967922939559936,2023-01-02T17:40:39.000Z,"Pacífica? O balconista da lanchonete que tomou tiro por causa de cupom de desconto não acha isso, as mulheres que tomaram tiro de seus companheiros e ex por querer separação também não acham isso, os baleados em brigas de trânsito e muitos outros casos",18,1,19,https://twitter.com/CarolDeToni/status/1609905456109215746
Fantasma do Olavo,@OlavoFantasma,https://twitter.com/OlavoFantasma/status/1609951441547837441,2023-01-02T16:35:09.000Z,"Eu votei no Lula para ele suspender as CACs mesmo, se eu quisesse Bolsominion armado de maneira fácil, eu teria votado no Bolsonaro",1,0,5,https://twitter.com/CarolDeToni/status/1609905456109215746
Paulo josé Rosa,@paulocentr,https://twitter.com/paulocentr/status/1610309537382256641,2023-01-03T16:18:06.000Z,Senadores e deputados vocês têm a obrigação de manter como PEC de preferência nosso direito de defesa,0,0,0,https://twitter.com/CarolDeToni/status/1609905456109215746
JB Reis,@JBReis_vtrn,https://twitter.com/JBReis_vtrn/status/1609976558231425024,2023-01-02T18:14:58.000Z,"Pois é... Eu já ia ali no mercado comprar meu fuzil pra fazer ensopado de chumbo com pólvora pra janta. Afinal eu preciso mesmo é de arma. Comida, escola, etc, é mimimi...",2,0,6,https://twitter.com/CarolDeToni/status/1609905456109215746
Marcio A Braga,@marcio_ab,https://twitter.com/marcio_ab/status/1610016698324901889,2023-01-02T20:54:28.000Z,"A 1a coisa a fazer é substituir o presidente do senado.
A 2a são os impeachments.
O resto é consequência ...",0,1,4,https://twitter.com/CarolDeToni/status/1609905456109215746
Jose Luis V. Rubiale,@RubialeJose,https://twitter.com/RubialeJose/status/1610668790219431937,2023-01-04T16:05:39.000Z,Tendi,1,1,1,https://twitter.com/CarolDeToni/status/1609905456109215746
Lucas99999,@Lucas999993,https://twitter.com/Lucas999993/status/1610288058393415680,2023-01-03T14:52:45.000Z,"Graças a Bolsonaro surgiram vários clubes de tiro irregulares e a frequência deixou de ser pré-requisito pra entrar com pedido do registro de CAC como atirador. Bastava pagar a mensalidade, às vezes só a matricula e a pessoa já podia ter CAC.",1,0,1,https://twitter.com/CarolDeToni/status/1609905456109215746
P3tru,@lfp3tru,https://twitter.com/lfp3tru/status/1609950450924638209,2023-01-02T16:31:13.000Z,"PL adiantará de nada, porque o STF irá derrubar. Tem que ser PEC.",1,0,4,https://twitter.com/CarolDeToni/status/1609905456109215746
Fábio Cruz,@madgogs,https://twitter.com/madgogs/status/1610667511082782722,2023-01-04T16:00:34.000Z,"Lá vem a fantasia de pressionar?
Kkkkkkkkkkkkkkkkkkkkkkkkkkkkk
PL?
Decretos?
MP's?
Tudo acabou poha.
Fomos enganados e traídos.
Não há políticos em favor da nação.",0,0,0,https://twitter.com/CarolDeToni/status/1609905456109215746
Veiga Veiga,@VeigaVeiga8,https://twitter.com/VeigaVeiga8/status/1610321345367412736,2023-01-03T17:05:01.000Z,"O presidente do senado federal uma figura decorativa sem mínimo de capacidade,um atraso ao Brasil e povo brasileiro.",0,0,0,https://twitter.com/CarolDeToni/status/1609905456109215746
SoltaOverbo,@xicrynha,https://twitter.com/xicrynha/status/1610490112894459904,2023-01-04T04:15:39.000Z,"Povo desarmado é comida pra bandidos . País sem armamento bélico forte 💪 é presa fácil para os inimigos .  Todo mundo deve ter o direito de se defender , de defender a família e o seu negócio . Tirar o direito de defesa de um cidadão é um absurdo .",0,0,0,https://twitter.com/CarolDeToni/status/1609905456109215746
Raquel Fernandes,@raquelacruvinel,https://twitter.com/raquelacruvinel/status/1609906010344284160,2023-01-02T13:34:38.000Z,Cabe agora ao Congresso aprovar leis que retornam a posse de arma aos cidadãos,2,1,7,https://twitter.com/CarolDeToni/status/1609905456109215746
Lea Andrade,@LeaandradeLea,https://twitter.com/LeaandradeLea/status/1610454898348285952,2023-01-04T01:55:43.000Z,"Engraçado né? Os bandidos estão aí muito bem armados , matando e trazendo medo e pânico e isso é normal?",0,0,0,https://twitter.com/CarolDeToni/status/1609905456109215746
Aln,@al_nbr1,https://twitter.com/al_nbr1/status/1609907750099734530,2023-01-02T13:41:32.000Z,A PL da que criminalizava a apologia ao comunismo foi para os a ares né? Francamente,1,0,1,https://twitter.com/CarolDeToni/status/1609905456109215746
Pablo Borazo,@pabloborazo,https://twitter.com/pabloborazo/status/1609933876939395072,2023-01-02T15:25:22.000Z,"Deputada, 
Sabemos que daqui para frente seus colegas do congresso negociarão de acordo com o interesse de cada um para venderem seus votos em toda votação que acontecer.
Infelizmente não há o que fazer, a escolha dos novos ministros ja mostra isso.",0,0,4,https://twitter.com/CarolDeToni/status/1609905456109215746
André Gustavo,@andregustavo12c,https://twitter.com/andregustavo12c/status/1609911201290412033,2023-01-02T13:55:15.000Z,"Quem??? Quem está mais próximo do Senado, a Câmara ou o povo??? Cabe aos deputados eleitos buscarem apoio no senado para que seja aprovado lá, também. Derrubaram o 1o decreto do Bolsonaro, não vão derrubar esse revogaço do Lula??? Ser oposição ao lula no Twitter, não dá, né???",2,0,3,https://twitter.com/CarolDeToni/status/1609905456109215746
MCN,@acima_ka,https://twitter.com/acima_ka/status/1610519283980697600,2023-01-04T06:11:33.000Z,"NA MINHA PERCEPÇÃO POSSO ESTÁ MUITO ENGANADA, MAS DEPOIS DO VÍDEO QUE EU VI DO SENADOR ELEITO MAGNO MALTA , ELA PODERIA ESTAR CHAMANDO ATENÇÃO DO POVO",0,0,1,https://twitter.com/CarolDeToni/status/1609905456109215746
Antonio Carlos Morais,@Antonio58435663,https://twitter.com/Antonio58435663/status/1609928167573143555,2023-01-02T15:02:40.000Z,"Além de mentir 
Essa deputada prejudicou todos os participantes de fundo de pensão que pagam contribuição extraordinária e são bitributados no IR.
Ela brecou o PL-8821 2017 sobre essa taxação do IR.
Prejudicou muito os aposentados e pensionistas também.",0,1,4,https://twitter.com/CarolDeToni/status/1609905456109215746
Rosana Prazeres,@rosa_sil,https://twitter.com/rosa_sil/status/1609995259664281600,2023-01-02T19:29:16.000Z,Não existe mais legislativo minha cara. Infelizmente,0,0,4,https://twitter.com/CarolDeToni/status/1609905456109215746
Tomaz -Schadenfreude! E nazista é a PQ te P!,@ViannaTomaz,https://twitter.com/ViannaTomaz/status/1610484130416054280,2023-01-04T03:51:52.000Z,"Outra: o problema desses CACs não é serem um doidos varridos: NÃO SÃO! Mas são um bando de BEVERLY HILLS 90210: 100% incapazes de trocar uma ideia com a ""ralé"". 
(+)👇",1,0,1,https://twitter.com/CarolDeToni/status/1609905456109215746
Alfa Sierra,@deaschlosser,https://twitter.com/deaschlosser/status/1610245741238456322,2023-01-03T12:04:36.000Z,CAC Bolsonarista é ordeiro e preparado como sua colega Zambelli que sai pelo meio da rua ameaçando pessoas q não são Bolsonaristas.,0,0,2,https://twitter.com/CarolDeToni/status/1609905456109215746
Ricardo Shiraishi,@rashiraishi,https://twitter.com/rashiraishi/status/1610230729329475585,2023-01-03T11:04:57.000Z,"Cac sinônimo de cidadão de bem, requisitos, não ter antecedentes criminais, boa saúde psicológica, altamente capacitado pra manusear o objetivo,ter residência fixa, renda comprovada, são tantas coisas que exigem e ainda querem tirar o direito deles, uma vergonha.",2,0,16,https://twitter.com/CarolDeToni/status/1609905456109215746
Rô a Desconhecida,@rosantos71,https://twitter.com/rosantos71/status/1609941477114941440,2023-01-02T15:55:34.000Z,Não imaginava tanto pinto pequeno com fetiche por armas. Bom era quando compensavam isso com carrões.,0,0,7,https://twitter.com/CarolDeToni/status/1609905456109215746
Juliana - Vida com Propósito,@Juliana82429681,https://twitter.com/Juliana82429681/status/1609914455948759041,2023-01-02T14:08:11.000Z,"Mula não foi eleito pelo povo...* 
Golpe!#ForaLulaLadrão",2,0,1,https://twitter.com/CarolDeToni/status/1609905456109215746
Joab Freire,@JoabFreire4,https://twitter.com/JoabFreire4/status/1610450703318913024,2023-01-04T01:39:03.000Z,"#GREVEGERAL, vamos assumir o controle do destino desta nação.",0,0,1,https://twitter.com/CarolDeToni/status/1609905456109215746
emarciaw,@emarciaw,https://twitter.com/emarciaw/status/1610203679436554245,2023-01-03T09:17:27.000Z,Para que serve o legislativo senão para tirar nosso dinheiro?  Por mim fechava tudo.,0,0,0,https://twitter.com/CarolDeToni/status/1609905456109215746
Brazilian Connection,@VoteSim2,https://twitter.com/VoteSim2/status/1610069056328974337,2023-01-03T00:22:31.000Z,"Essa deve fazer parte da milícia vendedora de armas do ""CAC"".",0,0,0,https://twitter.com/CarolDeToni/status/1609905456109215746
Ana Paula Pekelman,@APekelman,https://twitter.com/APekelman/status/1609914134845423616,2023-01-02T14:06:55.000Z,E não vai dar em nada pw nós vamos pressionar para saber QUEM PAGA. QUANTO E QUEM RECEBE  das vias de armas. Tudo na transferência.  O que evidentemente eles não querem,0,0,0,https://twitter.com/CarolDeToni/status/1609905456109215746
Francisco Freire,@BrasilFreeNow,https://twitter.com/BrasilFreeNow/status/1609992510935375879,2023-01-02T19:18:21.000Z,Quase 1 milhão de CAC's,0,0,0,https://twitter.com/CarolDeToni/status/1609905456109215746
Michel,@Farod,https://twitter.com/Farod/status/1609982699153809410,2023-01-02T18:39:22.000Z,"Cara servidora, em pleno 2023 não aprenderam que é no STF que se coloca a cara, os papéis e a vontade política. Imagine quantos estão em Brasília ou no Brasil? Ficar na rede cobrando pauta do senado em recesso é a burocracia ineficiente vencida ano passado! Atos!",0,0,0,https://twitter.com/CarolDeToni/status/1609905456109215746
Adinan de Souza,@AdinandeSouza,https://twitter.com/AdinandeSouza/status/1610066093392920579,2023-01-03T00:10:44.000Z,"@CarolDeToni, os deputados de oposição já se articularam para propor um PDL para revogar o Decreto 11366/2023? Esta é uma oportunidade para a oposição mostrar seu cartão de visitas… É um momento de ação. Contamos com você.",0,0,0,https://twitter.com/CarolDeToni/status/1609905456109215746
Kelly Tedesco,@KellyTedesco4,https://twitter.com/KellyTedesco4/status/1610281993899474945,2023-01-03T14:28:39.000Z,Irão ao STF e conseguirão!,0,0,0,https://twitter.com/CarolDeToni/status/1609905456109215746
Marcita,@Marcita_um,https://twitter.com/Marcita_um/status/1610050493216169986,2023-01-02T23:08:45.000Z,"O congresso tem q voltar a votar os decretos, e não deixar uma canetada de um corrupto decidir.",0,0,0,https://twitter.com/CarolDeToni/status/1609905456109215746
Leonardo Santos,@Leonard46692069,https://twitter.com/Leonard46692069/status/1609908499235872770,2023-01-02T13:44:31.000Z,A SENHORA ACREDITA QUE O STF VAI DEIXAR VCS ABRIR O BICO KKKK,0,0,0,https://twitter.com/CarolDeToni/status/1609905456109215746
Ivo Martinelli,@Br_Ivo_,https://twitter.com/Br_Ivo_/status/1609939223687094273,2023-01-02T15:46:36.000Z,"Se o Moraes não quiser, nada vai andar.",0,0,0,https://twitter.com/CarolDeToni/status/1609905456109215746
Mauro Reis,@mauro_reis,https://twitter.com/mauro_reis/status/1609946771001589760,2023-01-02T16:16:36.000Z,"Mas não precisa de pressão, a base do Bolsonaro não  é a maioria?",0,0,0,https://twitter.com/CarolDeToni/status/1609905456109215746
Comunica Brasil,@Comunicabbrasil,https://twitter.com/Comunicabbrasil/status/1610132666137079808,2023-01-03T04:35:17.000Z,Sucesso. Liberou armas pra tudo que é bandido.,0,0,0,https://twitter.com/CarolDeToni/status/1609905456109215746
O VB,@OlgaeliseVieira,https://twitter.com/OlgaeliseVieira/status/1610255755021811714,2023-01-03T12:44:23.000Z,Esperamos que nosso voto seja retribuído!,0,0,0,https://twitter.com/CarolDeToni/status/1609905456109215746
MAC Jr,@MarceloCruzeir3,https://twitter.com/MarceloCruzeir3/status/1609943359665078273,2023-01-02T16:03:02.000Z,"Prezados sen @FlavioBolsonaro @MagnoMalta @jorgeseifjunior @DamaresAlves @TeresaCristina @cleitinhotmj @SF_Moro @GeneralMourao @astro_pontes Por favor, trabalhem para colocar ordem nesta bagaça e restabelecer o direito e a vontade do povo!",0,0,0,https://twitter.com/CarolDeToni/status/1609905456109215746
Tulio Moura,@ttlmoura,https://twitter.com/ttlmoura/status/1609922490901622784,2023-01-02T14:40:07.000Z,A senhora está vivendo em que mundo ?  Não percebeu o que aconteceu? Eles fizeram tudo o que avisaram que fariam. E vocês ficaram aí se enchendo de vaidades nas redes sociais.,0,0,0,https://twitter.com/CarolDeToni/status/1609905456109215746
Walther Petris,@waltherpetris,https://twitter.com/waltherpetris/status/1609951990137724928,2023-01-02T16:37:20.000Z,"Prezada, Deputada!! Votei em Você para defender princípios e valores. Você ainda fazendo menção a um Tr4íra?",0,0,0,https://twitter.com/CarolDeToni/status/1609905456109215746
Alan Cunha,@alfacharlie77,https://twitter.com/alfacharlie77/status/1609947396007510019,2023-01-02T16:19:05.000Z,Entrem no sTF pedindo suspensão do decreto da mesma forma como foi feito pelos outros,0,0,0,https://twitter.com/CarolDeToni/status/1609905456109215746
Vania Maria Lopes Araujo,@VaniaMariaLope5,https://twitter.com/VaniaMariaLope5/status/1609955035017842688,2023-01-02T16:49:26.000Z,Isso aí!,0,0,0,https://twitter.com/CarolDeToni/status/1609905456109215746
Enos Machado,@MachadoEnos,https://twitter.com/MachadoEnos/status/1610100562309316609,2023-01-03T02:27:42.000Z,Pressionar agora deputada? Perdemos a chance quando tínhamos o que barganhar.,0,0,0,https://twitter.com/CarolDeToni/status/1609905456109215746
Leonardo Leo,@leolss500,https://twitter.com/leolss500/status/1610050481992212491,2023-01-02T23:08:42.000Z,"Deputada, conto contigo para ajudar a construir um Brasil melhor. Não me decepcione!",0,0,0,https://twitter.com/CarolDeToni/status/1609905456109215746
Danilo Mazo,@dmazo,https://twitter.com/dmazo/status/1610311717132664836,2023-01-03T16:26:46.000Z,Vale ressaltar que só não foi pra frente no senado pois o @EduGiraoOficial articulou fortemente contra.,0,0,0,https://twitter.com/CarolDeToni/status/1609905456109215746
José Carlos,@josecar56918448,https://twitter.com/josecar56918448/status/1610309513806024705,2023-01-03T16:18:00.000Z,@cleitinhotmj,0,0,0,https://twitter.com/CarolDeToni/status/1609905456109215746
Fabio Bittencourt,@bittenca,https://twitter.com/bittenca/status/1609909807074447365,2023-01-02T13:49:43.000Z,"Quem perguntou? Aliás, por que deputada golpista tá aparecendo na minha TL, @Twitter?",0,0,1,https://twitter.com/CarolDeToni/status/1609905456109215746
ernesto jorge,@ernestojorgem,https://twitter.com/ernestojorgem/status/1610352963670708225,2023-01-03T19:10:40.000Z,São 70% dos senadores corrompidos. Difícil mudar ou precioná-los.,0,0,0,https://twitter.com/CarolDeToni/status/1609905456109215746
Walking man,@AdolfoL45424085,https://twitter.com/AdolfoL45424085/status/1610275647057809408,2023-01-03T14:03:26.000Z,Deixo aqui minha risada:😂😂😂😂😂😂😂😂😂😭,0,0,0,https://twitter.com/CarolDeToni/status/1609905456109215746
Sandro Danilo Gatto,@sdgatto,https://twitter.com/sdgatto/status/1610304003644030977,2023-01-03T15:56:07.000Z,"Defenda os direitos do cidadão, deputada!",0,0,0,https://twitter.com/CarolDeToni/status/1609905456109215746
Mateus,@MateusLeitePer1,https://twitter.com/MateusLeitePer1/status/1610223198045347842,2023-01-03T10:35:01.000Z,Sucesso total,1,0,3,https://twitter.com/CarolDeToni/status/1609905456109215746
Igor Ladeira,@Igor__Ladeira,https://twitter.com/Igor__Ladeira/status/1610289670234963975,2023-01-03T14:59:09.000Z,Kkkkk q mais tem é CAC desviando arma pro tráfico kkkkk,0,0,0,https://twitter.com/CarolDeToni/status/1609905456109215746
Joaquim Teixeira,@Crespo96510338,https://twitter.com/Crespo96510338/status/1609906268331704320,2023-01-02T13:35:39.000Z,TE AMO CAROL 💚💛,0,0,1,https://twitter.com/CarolDeToni/status/1609905456109215746
PÁTRIA AMADA,@NeideSchirmer,https://twitter.com/NeideSchirmer/status/1610242123151949824,2023-01-03T11:50:13.000Z,É NA PRESSÃO,0,0,0,https://twitter.com/CarolDeToni/status/1609905456109215746
Caçando ladrão,@LZalaquett,https://twitter.com/LZalaquett/status/1610180047482290176,2023-01-03T07:43:33.000Z,Quando os novos eleitos assumem as casas?,0,0,0,https://twitter.com/CarolDeToni/status/1609905456109215746
Cleder,@SecurusConsulta,https://twitter.com/SecurusConsulta/status/1609908649765240834,2023-01-02T13:45:07.000Z,"Infelizmente Carol, a maioria desses mesmos senadores e seus respectivos partidos já ganharam os seus cargos, então a ordem será uma só. Viva a democracia! 🇧🇷🙏🏻 💪🏻 #brasil #políticos #corrupção",1,0,2,https://twitter.com/CarolDeToni/status/1609905456109215746
Oxe,@didicomLula,https://twitter.com/didicomLula/status/1610222305904365584,2023-01-03T10:31:28.000Z,BOLSONARO PIOR PRESIDENTE DA HISTÓRIA DO BRASIL,0,0,0,https://twitter.com/CarolDeToni/status/1609905456109215746
Diego Trindade,@ItaloMarsili1,https://twitter.com/ItaloMarsili1/status/1609906652995637249,2023-01-02T13:37:11.000Z,"Pressionar os senadores, ontem o Lula disse para o presidente do senado, ""Eu não ia ganhar essa Ele..."" Vocês ainda acham que o povo é idiota de acreditar nos senadores e depultados, a hora que mais precisamos de vocês ouve o silêncio da maioria, salvo de alguns.",1,0,5,https://twitter.com/CarolDeToni/status/1609905456109215746
Censurado Pelo TSE SDV 100%,@TSEMeCalou,https://twitter.com/TSEMeCalou/status/1610057328245571586,2023-01-02T23:35:55.000Z,Sem falar na redução de homicídios violentos,0,1,4,https://twitter.com/CarolDeToni/status/1609905456109215746
Karl Marx Pipador,@RomaoDuart,https://twitter.com/RomaoDuart/status/1610303232382836736,2023-01-03T15:53:03.000Z,Os Senadores são meros bonecos de posto. O Xandao vai meter a caneta e já era. A ditadura do STF está a todo vapor.,0,0,0,https://twitter.com/CarolDeToni/status/1609905456109215746
Mithrandisse pra você fazer o L,@AspiraCaio,https://twitter.com/AspiraCaio/status/1610040175144337408,2023-01-02T22:27:45.000Z,600k? + de 1mi,0,0,0,https://twitter.com/CarolDeToni/status/1609905456109215746
Marques,@Marques47833571,https://twitter.com/Marques47833571/status/1610227103865229313,2023-01-03T10:50:32.000Z,O que faz uma pessoa mudar o que está dando certo? A intenção deles não é dar certo,0,0,0,https://twitter.com/CarolDeToni/status/1609905456109215746
Mauricio Ribeiro,@Mauribeiro75,https://twitter.com/Mauribeiro75/status/1609977902824579073,2023-01-02T18:20:18.000Z,Inaciano da atitude Carla Zambelli??,0,0,1,https://twitter.com/CarolDeToni/status/1609905456109215746
lut77,@luis_lut80,https://twitter.com/luis_lut80/status/1609941350094340096,2023-01-02T15:55:03.000Z,"Passando por CACs,  as milícias e o tráfico estão mais armados do que nunca.",0,0,1,https://twitter.com/CarolDeToni/status/1609905456109215746
Adriana P R Inácio,@AdrianaPRIncio1,https://twitter.com/AdrianaPRIncio1/status/1610308075616862208,2023-01-03T16:12:17.000Z,"Pelo amor de Deus faça oposição, não deixe passar nada!!! Divulgue tudo para o mundo saber!!! Processe tudo, bloquei tudo…",0,0,2,https://twitter.com/CarolDeToni/status/1609905456109215746
Adriana P R Inácio,@AdrianaPRIncio1,https://twitter.com/AdrianaPRIncio1/status/1610308232551215109,2023-01-03T16:12:55.000Z,Faça oposição como eles fizeram!!!!,0,0,1,https://twitter.com/CarolDeToni/status/1609905456109215746
"Yny - FORA, CAMPOS NETO!",@YnyMajYny,https://twitter.com/YnyMajYny/status/1609943658689593344,2023-01-02T16:04:14.000Z,Ordeira e pacífica é ótimo.,0,0,6,https://twitter.com/CarolDeToni/status/1609905456109215746
Guilherme S P,@Gui_lhermeSP,https://twitter.com/Gui_lhermeSP/status/1610668188345278466,2023-01-04T16:03:15.000Z,@esperidiaoamin_,0,0,0,https://twitter.com/CarolDeToni/status/1609905456109215746
Sandra Canassa,@sandrabrito1956,https://twitter.com/sandrabrito1956/status/1610245756585185281,2023-01-03T12:04:39.000Z,E votar contra,0,0,0,https://twitter.com/CarolDeToni/status/1609905456109215746
Live free or die,@Livefreordieskt,https://twitter.com/Livefreordieskt/status/1610258196433895424,2023-01-03T12:54:05.000Z,Deputag parasita blablablabla blablablabla blablablabla sangue suga,0,0,0,https://twitter.com/CarolDeToni/status/1609905456109215746
GILMAR DEOLA,@DeolaGilmar,https://twitter.com/DeolaGilmar/status/1609911299802021893,2023-01-02T13:55:39.000Z,Pois é o LULADRÃO já deu decreto para proibir o porte e posse de armas,0,0,1,https://twitter.com/CarolDeToni/status/1609905456109215746
Juliano B,@julianobringer,https://twitter.com/julianobringer/status/1610305653465022466,2023-01-03T16:02:40.000Z,@MagnoMalta @DamaresAlves,0,0,1,https://twitter.com/CarolDeToni/status/1609905456109215746
Ilma Garrigó Borba,@IlmaBorba,https://twitter.com/IlmaBorba/status/1610669707140407296,2023-01-04T16:09:17.000Z,😉,0,0,0,https://twitter.com/CarolDeToni/status/1609905456109215746
Rafael,@rafaeli_81,https://twitter.com/rafaeli_81/status/1609906358609920002,2023-01-02T13:36:01.000Z,Faça pressão para travar essa é outras mudanças.,0,0,2,https://twitter.com/CarolDeToni/status/1609905456109215746
Sergio Cardoso,@Verdesserg,https://twitter.com/Verdesserg/status/1610260877831290887,2023-01-03T13:04:45.000Z,"Senhora Congressista, na pandemia, criaram o consenso de uma federação tirando os poderes presidenciais. Santa Catarina é um baluarte de patriotismo. Por que não caminhar neste sentido?",0,0,2,https://twitter.com/CarolDeToni/status/1609905456109215746
André Leal,@AndrLea74207399,https://twitter.com/AndrLea74207399/status/1609912660191068160,2023-01-02T14:01:03.000Z,Estamos cheios dos discursos de vcs... tem que haver ação.. CHEGA!,0,0,0,https://twitter.com/CarolDeToni/status/1609905456109215746
RNN,@rnn_triptofano,https://twitter.com/rnn_triptofano/status/1609970173141995520,2023-01-02T17:49:35.000Z,Tem que judicializar esse decreto no STF. Entra com pedido pra reverter isso.,0,0,1,https://twitter.com/CarolDeToni/status/1609905456109215746
Munchen,@jvmunchen,https://twitter.com/jvmunchen/status/1609909232052195328,2023-01-02T13:47:26.000Z,E o congresso vai ficar quieto!!! canetaço não existia no governo Bolsonaro e assim deve continuar.,0,0,0,https://twitter.com/CarolDeToni/status/1609905456109215746
claudiomiro limma,@claudiolimma17,https://twitter.com/claudiolimma17/status/1609934831374270464,2023-01-02T15:29:09.000Z,"Para com esse papo furado dep,  eles vão engolir todos nós, vcs seram os primeiros!!!",0,0,0,https://twitter.com/CarolDeToni/status/1609905456109215746
@Carvalhojrofc,@Carvalhojrofc,https://twitter.com/Francis67870261/status/1610201416861188096,2023-01-03T09:08:28.000Z,Vai te lascar,0,0,0,https://twitter.com/CarolDeToni/status/1609905456109215746
Gabriel Guimarães,@Gabriel40713713,https://twitter.com/Gabriel40713713/status/1609999533827846144,2023-01-02T19:46:15.000Z,Chora jagunça!,0,0,0,https://twitter.com/CarolDeToni/status/1609905456109215746
Tio Luiz do Churrasco,@LuizOtavioAlme1,https://twitter.com/LuizOtavioAlme1/status/1609999138938327040,2023-01-02T19:44:41.000Z,513 deputados + 81 senadores + meses de tramitações em comissões e plenário < uma canetada de 1 ministro do STF.,0,0,3,https://twitter.com/CarolDeToni/status/1609905456109215746
MRamos,@Mvalerioramos,https://twitter.com/Mvalerioramos/status/1609907616213307392,2023-01-02T13:41:00.000Z,"Parabéns deputada.
Há parlamentares que já são favoráveis ao projeto, seus assessores poderiam nos indicar quais são os votos que precisam ser movidos para aprovação do projeto? Quais são os nomes?",0,0,0,https://twitter.com/CarolDeToni/status/1609905456109215746
Willian P.,@Willian30092956,https://twitter.com/Willian30092956/status/1609916176309837824,2023-01-02T14:15:01.000Z,"VC SÓ PODE ESTAR DE SACANAGEM MOÇA ?? LOGO VC QUE PARECE SER DIFERENCIADA....NÃO VIU AS MERDAS E MORTES QUE DEU POR ISSO, IMAGINE MAIS 4 ANOS, QUALQUER ZÉ MÉDIO TERIA ARMA, QUALQUER DISCUSSÃO QUE ACABA EM XINGOS OU SOCOS  SERIA NA BALA.. CRIMINALIDADE  NOSSA SE COMBATE COM ""LEIS""",0,0,0,https://twitter.com/CarolDeToni/status/1609905456109215746
MarHack,@Marceloh_sc,https://twitter.com/Marceloh_sc/status/1609906126983667714,2023-01-02T13:35:05.000Z,Muito bem. Parabéns.  Precisamos eleger Marinho para presidente e desengavetar os projetos.,1,0,1,https://twitter.com/CarolDeToni/status/1609905456109215746
Willian P.,@Willian30092956,https://twitter.com/Willian30092956/status/1609920471784427522,2023-01-02T14:32:06.000Z,"PRA MIM,ARMAS SÓ PARA FAZENDEIROS E AGRICULTORES , JA EM CIDADES  USAR  EM CASA E NUM RAIO MAXIMO  DE 200 metros  para PROTEGER SEU PATRIMÔNIO SE NECESSÁRIO casa, carro... SER  RIGIDO TESTE PSICOLÓGICO...NADA DE FUZIL,METRALHADORA E ETC.. SÓ 2 PISTOLAS NO MAXIMO ou ESPINGARDA.",0,0,0,https://twitter.com/CarolDeToni/status/1609905456109215746
Zangadão,@LuizWaldemir,https://twitter.com/LuizWaldemir/status/1610042630942900229,2023-01-02T22:37:31.000Z,"Me dê os números dos FEMINICÍDIOS, tens?",0,0,0,https://twitter.com/CarolDeToni/status/1609905456109215746
Carlos Magno,@CarlosM70768510,https://twitter.com/CarlosM70768510/status/1610308691990876160,2023-01-03T16:14:44.000Z,"Mentira sua,tenha vergonha na cara.",0,0,0,https://twitter.com/CarolDeToni/status/1609905456109215746
Xandao,@XandaoSemMedo6,https://twitter.com/XandaoSemMedo6/status/1609913696356016128,2023-01-02T14:05:10.000Z,"Pq não preciona um cacto no cu, v4dia?",0,0,0,https://twitter.com/CarolDeToni/status/1609905456109215746
GeorgiaJorge,@georgia_jorge3,https://twitter.com/georgia_jorge3/status/1609927386082037760,2023-01-02T14:59:34.000Z,"Lambe-saco de miliciano, teu presidente já era",0,0,0,https://twitter.com/CarolDeToni/status/1609905456109215746
LULA NÃO ME REPRESENTA,@ClaudiaBr2023,https://twitter.com/ClaudiaBr2023/status/1610032566341603331,2023-01-02T21:57:31.000Z,"Simples meu povo, é só não entregar, desobediência Civil, ou vamos arregar para este safado bandido do Lula!

Governo Ilegítimo, não se respeita!!",0,0,1,https://twitter.com/CarolDeToni/status/1609905456109215746
Ultraseven Ocidental,@UltraSe53026878,https://twitter.com/UltraSe53026878/status/1610453695870771206,2023-01-04T01:50:56.000Z,Vcs não tem capacidade. São parlamentares RUINS.,0,0,0,https://twitter.com/CarolDeToni/status/1609905456109215746
Thiago Bianchi,@ThiagoB15211806,https://twitter.com/ThiagoB15211806/status/1610265978121736193,2023-01-03T13:25:01.000Z,Faça pressão e informe o que VOCÊ está fazendo. Foi eleita para mostrar resultado e não para fazer posts críticos.,0,0,0,https://twitter.com/CarolDeToni/status/1609905456109215746
stormtrooper,@stormtroop2000,https://twitter.com/stormtroop2000/status/1609940370548297728,2023-01-02T15:51:10.000Z,Bolsonaro arrumou um jeito para as milícias e traficantes comprarem as armas legalmente basta se declararem cacs. Bolsonaro armou o crime.,0,0,2,https://twitter.com/CarolDeToni/status/1609905456109215746
Fernandes,@Fernand55123612,https://twitter.com/Fernand55123612/status/1610309717569556482,2023-01-03T16:18:49.000Z,"Bandido arromba sua casa, amarra sua família te estupra ou um familiar, na sua frente, debochando de vc e agredindo todos.  Vc viu segundos antes eles pela câmera mas só tinha um rodo, duas rosas,um livro e uma vassoura para espantá-los da sua casa. E agora?",0,0,0,https://twitter.com/CarolDeToni/status/1609905456109215746
Joana Brown,@LisboaContato,https://twitter.com/LisboaContato/status/1610333818115735556,2023-01-03T17:54:35.000Z,Esse discursinho é tão idiota. Nunca saberão argumentar o quanto o acesso da população DE BEM e com REGISTRO diminui a violência e homicídios.,0,0,1,https://twitter.com/CarolDeToni/status/1609905456109215746
Rok,@OlhandoEs,https://twitter.com/OlhandoEs/status/1610320105224949761,2023-01-03T17:00:06.000Z,"VTC qqr um pode comprar arma no mercado negro! Qqr bandido tem arma; se tu não quer ter registro, não encha o saco dos outros!",0,0,0,https://twitter.com/CarolDeToni/status/1609905456109215746
Julio Pratico,@PraticoJulio,https://twitter.com/PraticoJulio/status/1610226223203995648,2023-01-03T10:47:02.000Z,Só é uma pena que o medo do Bolsonaro de ser chamado de ditador por um bando de vagabundos foi maior do que sua vontade de defender o certo.,0,0,0,https://twitter.com/CarolDeToni/status/1609905456109215746
Carlos Nunes,@edu44mag,https://twitter.com/edu44mag/status/1610062833252995073,2023-01-02T23:57:47.000Z,"O risco maior é sair na rua e levar um tiro, porque o bandido quer o celular pra tomar uma cervejinha",0,0,2,https://twitter.com/CarolDeToni/status/1609905456109215746
Aquiles 2022,@Mineiro1500,https://twitter.com/Mineiro1500/status/1610286283032600578,2023-01-03T14:45:42.000Z,"Não quero saber de notícias , quero saber de ATITUDES , vai trabalhar",0,0,0,https://twitter.com/CarolDeToni/status/1609905456109215746
Eu ja vi coisas…,@Hr123hugo,https://twitter.com/Hr123hugo/status/1610653672601526272,2023-01-04T15:05:34.000Z,"É porque as armas desses cac’s não estão com eles, foram repassadas ao crime organizado.",0,0,0,https://twitter.com/CarolDeToni/status/1609905456109215746
Edson Neves Jr.,@Edsonjnj,https://twitter.com/Edsonjnj/status/1610244642293059584,2023-01-03T12:00:14.000Z,Só terrorista safado.,0,0,0,https://twitter.com/CarolDeToni/status/1609905456109215746
Gomesegf,@gomesegf,https://twitter.com/gomesegf/status/1610613119184683008,2023-01-04T12:24:26.000Z,Mentira e bolsonarista são sinônimos 🤦🤦,0,0,1,https://twitter.com/CarolDeToni/status/1609905456109215746
Rafael,@rafaelhczn,https://twitter.com/rafaelhczn/status/1609947766444228610,2023-01-02T16:20:33.000Z,Sucesso?? Armou a bandidagem como nunca antes!! Vcs são cúmplices por todo o mal estar social!!!,0,0,0,https://twitter.com/CarolDeToni/status/1609905456109215746
Doug delira,@Dougtlira,https://twitter.com/Dougtlira/status/1609955228475858947,2023-01-02T16:50:12.000Z,Sucesso kkkkkkkkkkkkkkkkkk perdeu mané,0,0,0,https://twitter.com/CarolDeToni/status/1609905456109215746
@ndy_Zimmerman,@ndy_Zimmerman,https://twitter.com/ndZimmerQ/status/1609906829664092161,2023-01-02T13:37:53.000Z,"em sociedades civilizadas quem deve está armado é a polícia e a força nacional, não cidadãos e bandidos .vcs armam os bandidos, deixe de ser cínica",0,0,0,https://twitter.com/CarolDeToni/status/1609905456109215746
Caetano da silva,@Caetano73714330,https://twitter.com/Caetano73714330/status/1609966714233430020,2023-01-02T17:35:51.000Z,"Os cacs estavam repassando armas para os bandidos q vcs tanto odeiam, incluindo quadrilhas do novo cangaço",0,0,0,https://twitter.com/CarolDeToni/status/1609905456109215746
Andiamomeno,@Andiamomeno1,https://twitter.com/Andiamomeno1/status/1609935116448538627,2023-01-02T15:30:17.000Z,"Chega de alimentar Milícias, traficantes, terroristas e outros marginais com armas legalizadas pelo corrupto genocida, Bolsonaro.",0,0,0,https://twitter.com/CarolDeToni/status/1609905456109215746
Gomesegf,@gomesegf,https://twitter.com/gomesegf/status/1610613377478365185,2023-01-04T12:25:27.000Z,Mentiu bolsonarista,0,0,0,https://twitter.com/CarolDeToni/status/1609905456109215746
Roger Pieces,@PiecesRoger,https://twitter.com/PiecesRoger/status/1610755851647582208,2023-01-04T21:51:36.000Z,"Prezada DEPUTAG, fique à vontade para fazer mais uma plástica ou duas pois os CACs não duram até fevereiro. @PollonMarcos @paulobilynskyj1",0,0,0,https://twitter.com/CarolDeToni/status/1609905456109215746
Carlos Chacal,@carlos_noiram,https://twitter.com/carlos_noiram/status/1610055597927403520,2023-01-02T23:29:02.000Z,Esse senado nas mãos do Pacheco nada vai pra frente. Ou tiram esse merda da presidência ou mudam o regimento interno pra que ele não seja o dono da pauta de um país.,0,0,0,https://twitter.com/CarolDeToni/status/1609905456109215746
roberto junior,@Robertorlj22,https://twitter.com/Robertorlj22/status/1610036646749020161,2023-01-02T22:13:44.000Z,"Que as eleições foram COMPRADAS por um corrupto e presidiário conhecido que quebrou o país ñ se tem duvida, pois o TSE seu nítido COMPARSA contou os votos e ñ deixou ninguém CONFERIR e isso Ñ EXISTE. Lula assumiu, é ESTRATÉGIA ou generais foram comprados.",0,0,0,https://twitter.com/CarolDeToni/status/1609905456109215746
roberto junior,@Robertorlj22,https://twitter.com/Robertorlj22/status/1610036888907419648,2023-01-02T22:14:42.000Z,"Que as eleições foram COMPRADAS por um corrupto e presidiário conhecido que quebrou o país ñ se tem duvida, pois o TSE seu nítido COMPARSA contou os votos e ñ deixou ninguém CONFERIR e isso Ñ EXISTE. Lula assumiu, é ESTRATÉGIA ou generais foram comprados.",0,0,0,https://twitter.com/CarolDeToni/status/1609905456109215746
Roberto Silva,@Roberto38845366,https://twitter.com/Roberto38845366/status/1609909161524862978,2023-01-02T13:47:09.000Z,"Deputados e Senadores,
Parlamentar eleito por Bolsonaro, monte um grande corpo Jurídico.
Chega de oposição paz e amor, pelo bem do Brasil e dos Brasileiros.
Oposição tipo, Randolph, Rodrigo Maia, Davi Alcolumbre, Rodrigo Pacheco, Renan Calheiros, Simone Tebet....
Oposição Total!",0,0,0,https://twitter.com/CarolDeToni/status/1609905456109215746
José Carlos Rodrigues da Silva,@josecrodrigues7,https://twitter.com/josecrodrigues7/status/1609995110342885377,2023-01-02T19:28:41.000Z,"“Em muitos casos, as pessoas têm vergonha em aplicar a lei. Acho isso uma coisa um pouco lamentável, para não dizer muito lamentável” - em palestra na Associação dos Advogados de São Paulo (AASP), em outubro de 2016.
Leia mais em: https://gazetadopovo.com.br/vida-publica/veja-frases-marcantes-do-ministro-teori-zavascki-relator-da-lava-jato-no-stf-e0go7svyfxktggy42j1ft51gz/… 
Copyright © 2023,",0,0,1,https://twitter.com/CarolDeToni/status/1609905456109215746
TopGun dos Pampas,@topgundospampas,https://twitter.com/topgundospampas/status/1609907480598921217,2023-01-02T13:40:28.000Z,"Bando de otários, fizeram a Direita passar vergonha... acabou... deu.... Bolsonaro está enterrado... sou de direita, mas o PT so voltou ao poder por causa desse tipo de atitude e por causa desse falso Mito",0,0,0,https://twitter.com/CarolDeToni/status/1609905456109215746
Eliseu Schumacher,@EliseuSchumach1,https://twitter.com/EliseuSchumach1/status/1610384811415293952,2023-01-03T21:17:13.000Z,"Pressionar senadores... ah tá.  
tendi...  
Primeira coisa que fazer quando se elegem é mudar para brasilia. 
mas cade essas 600 mil armas para fazer essa ""pressão""??
será que resolveria?",0,0,0,https://twitter.com/CarolDeToni/status/1609905456109215746
ivan moraes,@ivanmor43129160,https://twitter.com/ivanmor43129160/status/1610308090544406530,2023-01-03T16:12:21.000Z,SO FALA BOSTA COMEU COCÔ 💩💩💩💩 BOLSONARISTA GOLPISTA HIPÓCRITA FASCISTA FORAAAAA,0,0,0,https://twitter.com/CarolDeToni/status/1609905456109215746
Eliseu Schumacher,@EliseuSchumach1,https://twitter.com/EliseuSchumach1/status/1610385845462220801,2023-01-03T21:21:19.000Z,"teve um ""plebicito democratico"" onde uma grande maioria quis o livre comércio de armas
Porque precisamos ""pressionar"" politicos e funcionários públicos?
Não temos democracia?
Se um plebicito não foi respeitado pelos "" nosso funcionários"" eu só vejo a demissão sumária como solução",1,2,8,https://twitter.com/CarolDeToni/status/1609905456109215746
"Brasil, Paz e Liberdade",@Joo81407632,https://twitter.com/Joo81407632/status/1610242547141468162,2023-01-03T11:51:54.000Z,"BOLSONARO COVARDE CHORÃO TRAIDOR DA PÁTRIA 😃👏🏼 GENERAIS BANANAS COVARDES TRAIDORES DA PÁTRIA 😃👏🏼 PATRIOTAS NAS RUAS SÃO OS VERDADEIROS HERÓIS DA PATRIA 🇧🇷👏🏼 O RESTO SÃO UM BANDO DE FDP COVARDES, CORRUPTOS E TRAIDORES DA PÁTRIA 😂👍🏼",0,0,0,https://twitter.com/CarolDeToni/status/1609905456109215746
Dimas Lima,@DimasLimaEDL,https://twitter.com/DimasLimaEDL/status/1609911909645443075,2023-01-02T13:58:04.000Z,"QUEM ACAMPOU PRA DEFENDER UM RATO VENCEU. SABEM PORQUE? ELES TEM ALGO QUE FALTA NOS QUE QUEREM DEFENDER A PATRIA.
ELES TEM DETERMINAÇÃO, ELES ESTÃO PRONTOS PRA TUDO, ELES NUNCA DESISTEM.
ELES AGEM.",1,0,1,https://twitter.com/CarolDeToni/status/1609905456109215746
amanda23piauibr,@amandapiaui1990,https://twitter.com/amandapiaui1990/status/1609906231568912387,2023-01-02T13:35:30.000Z,@CarolDeToni sonho dele é só ter bolacha com suco .Pode dar sua força e ajudarmos a melhorar a vida dessa família.,0,0,1,https://twitter.com/CarolDeToni/status/1609905456109215746
Raul,@RSArtesG,https://twitter.com/RSArtesG/status/1609921774967296005,2023-01-02T14:37:16.000Z,"NÃO SOUBE? Foram os infiltrados da esquerda que começaram a mandar o povo pros quartéis! O objetivo era evitar tumultos nas ruas. O exército fez o seu trabalho de manter os revoltados ali quietos. Missão cumprida, festinhas seguras enquanto o lula fazia tranquilo a transição.",0,0,0,https://twitter.com/CarolDeToni/status/1609905456109215746
