nome,usuario,idTweet,dataPublicacao,texto,replies,retweets,likes,tweetPai
Eduardo Freire,@EduFreireReis,https://twitter.com/EduFreireReis/status/1609999900028141568,2023-01-02T19:47:43.000Z,Na verdade a escolha é pelo comprimento da ficha corrida!,1,0,2,https://twitter.com/DepSanderson/status/1609997926276685825
Patricia Cornils,@paticornils,https://twitter.com/paticornils/status/1610008936383451137,2023-01-02T20:23:37.000Z,"Só rindo? Estava fora do Brasil nos últimos quatro anos, deputado???? Não via NADA e agora vem com essa invenção??",0,0,1,https://twitter.com/DepSanderson/status/1609997926276685825
Martha Moro da Rocha,@MarthaMoro7,https://twitter.com/MarthaMoro7/status/1610036904040468482,2023-01-02T22:14:45.000Z,Nenhuma novidade né?,0,0,0,https://twitter.com/DepSanderson/status/1609997926276685825
renan,@renanbalves08,https://twitter.com/renanbalves08/status/1609999748169170950,2023-01-02T19:47:06.000Z,"Não, Deputado.  As indicações obedecem aos critérios de maior quantidade de processos e maior tempo de condenação.",1,0,1,https://twitter.com/DepSanderson/status/1609997926276685825
Marie Curie,@lucienemateusm,https://twitter.com/lucienemateusm/status/1610009340882128897,2023-01-02T20:25:14.000Z,E o que o Legislativo vai fazer ??,0,0,1,https://twitter.com/DepSanderson/status/1609997926276685825
WyLL Vilar,@WilliamVilar1,https://twitter.com/WilliamVilar1/status/1610346812610600963,2023-01-03T18:46:13.000Z,"Pare de reclamar e entra na justiça contra a posse desses ministros que tem problemas na justiça,vocês precisam ser mais firmes.",0,0,0,https://twitter.com/DepSanderson/status/1609997926276685825
Old Isa,@_oldisa_,https://twitter.com/_oldisa_/status/1610093512103444481,2023-01-03T01:59:42.000Z,Caberá ao CN impedir a corrupção.  E a nós caberá a cobrança àqueles q ajudamos a eleger. Que honrem os nossos votos!,0,0,1,https://twitter.com/DepSanderson/status/1609997926276685825
Douglas Adão da Silva,@DouglasAdodaSi2,https://twitter.com/DouglasAdodaSi2/status/1609998564733906944,2023-01-02T19:42:24.000Z,Só pedra 90,0,0,0,https://twitter.com/DepSanderson/status/1609997926276685825
LulaLá_ThataBrasilDoFuturo,@Thata76,https://twitter.com/Thata76/status/1610412287243829253,2023-01-03T23:06:23.000Z,"Competente eram os negacionistas e que acreditavam em terra plana, né? Affffff🤦🏻‍♀️",0,0,0,https://twitter.com/DepSanderson/status/1609997926276685825
Robson Mota Gomes,@robsonmotagomes,https://twitter.com/robsonmotagomes/status/1609999608708489218,2023-01-02T19:46:33.000Z,"Caro deputado, apesar dos avanços tecnológico ainda não existe uma maneira de ROUBAR no serviço público sem o toma lá dá cá. Então é o único modo do brasileiro ser LESADO. Então só resta aos escravos trabalhar até morrer pra sustentar a máquina de SAQUEAR da Petezada.",0,0,0,https://twitter.com/DepSanderson/status/1609997926276685825
Claumari.,@Claud565637,https://twitter.com/Claud565637/status/1610688304978235393,2023-01-04T17:23:11.000Z,"Reclamando do que ,o genocida tinha como critérios ser pastor? Tinha mestrado? Só mentiu.",0,0,0,https://twitter.com/DepSanderson/status/1609997926276685825
Claudio Nunes,@Claudio99353619,https://twitter.com/Claudio99353619/status/1610597423449272321,2023-01-04T11:22:03.000Z,"Alguém tem notícias da Gleisi Hoffmann, presidente do PT, que não aparece nas cerimônias?",0,0,0,https://twitter.com/DepSanderson/status/1609997926276685825
Pensando...,@BertoldoSarah,https://twitter.com/BertoldoSarah/status/1610046302838038530,2023-01-02T22:52:06.000Z,"Meu amor…
Vc pode criticar tudo MENOS COMPETÊNCIA E MERITOCRACIA!
Capaz q alguém do exército sm conhecimento algum e cm esquema de faturar um dólar por vacina era melhor…",0,0,0,https://twitter.com/DepSanderson/status/1609997926276685825
Pensando...,@BertoldoSarah,https://twitter.com/BertoldoSarah/status/1610047038347182080,2023-01-02T22:55:01.000Z,"Faça-nos um favor DEIXA DE HIPOCRISIA…
Quem acabou com a lava jato?
Quem foi acusado pelo próprio ministro da justiça de INTERFERÊNCIA dentro das investigações que envolviam seu filhotes?
Quem trocou todos os delegados q ousaram investigar a morte de Marielle?
BOLSONARO",0,0,0,https://twitter.com/DepSanderson/status/1609997926276685825
Ione Oliveira Costa,@ioneocosta,https://twitter.com/ioneocosta/status/1610073474424528896,2023-01-03T00:40:04.000Z,"Se chegar aos 40 Ministérios,não precisamos nem comentar mais nada!",0,0,0,https://twitter.com/DepSanderson/status/1609997926276685825
Diva Molon 22,@dimolon7,https://twitter.com/dimolon7/status/1610021457249140737,2023-01-02T21:13:22.000Z,"O Parlamento omisso e corrompido colocou o Brasil neste precipício.
Para quê sustentar representantes q não nos representam???",0,0,0,https://twitter.com/DepSanderson/status/1609997926276685825
Ana Paula Pekelman,@APekelman,https://twitter.com/APekelman/status/1610001973612531713,2023-01-02T19:55:57.000Z,Santa ignorância!! #DesmonetizaJovemPan,0,0,0,https://twitter.com/DepSanderson/status/1609997926276685825
RaulyBlä,@RaulianL,https://twitter.com/RaulianL/status/1612636203320332290,2023-01-10T02:23:26.000Z,#CampoDeConcentraçãodoPT #MorteNoCampoDeConcetracaoDoPT,0,0,0,https://twitter.com/DepSanderson/status/1609997926276685825
El ZORRO,@ElZORRO32333230,https://twitter.com/ElZORRO32333230/status/1610011781325275142,2023-01-02T20:34:55.000Z,"O Adélio Bispo Militante do PSOL foi pago pra Assassinar o Bolsonaro em 2018,Militantes do PSOL em Janeiro de 2023 pedem a Prisão do Bolsonaro ao STF,o mesmo STF que impôs o Sigilo nos telefones d Adélio Bispo e d seus Advogados,essa sempre foi o intuito d Esquerda Comunista.",0,0,0,https://twitter.com/DepSanderson/status/1609997926276685825
vera ana bin,@bin_vera,https://twitter.com/bin_vera/status/1610622647473418242,2023-01-04T13:02:17.000Z,O mundo inteiro investigando as milhões de mortes por vacinas e a gangue do LULA quer matar os brasileiros a mando do FEM com elas ! O que vc vai fazer contra isso?,0,2,2,https://twitter.com/DepSanderson/status/1609997926276685825
PHC,@pedrocross,https://twitter.com/pedrocross/status/1610088136654086144,2023-01-03T01:38:20.000Z,Seu mimimi foi recebido com sucesso e encaminhado ao departamento do FODA-SE!,0,0,0,https://twitter.com/DepSanderson/status/1609997926276685825
