nome,usuario,idTweet,dataPublicacao,texto,replies,retweets,likes,tweetPai
Emerson Nunes,@Dialoguei4,https://twitter.com/Dialoguei4/status/1609705409551695872,2023-01-02T00:17:31.000Z,Infelizmente temos uma FFAA sem heróis e totalmente acovardado!,0,0,11,https://twitter.com/silviawaiapi/status/1609695309193707522
Nilda Brito,@ArinildaBrito,https://twitter.com/ArinildaBrito/status/1610468942442627074,2023-01-04T02:51:31.000Z,Caxias deve estar decepcionado,0,0,0,https://twitter.com/silviawaiapi/status/1609695309193707522
Mari,@MarironiM,https://twitter.com/MarironiM/status/1609874861236576258,2023-01-02T11:30:51.000Z,Estamos envergonhados . Mas que eles sejam envergonhados quem sabe assim acordem ou se aliam de vez com o comunismo,0,0,3,https://twitter.com/silviawaiapi/status/1609695309193707522
FabiLuppi,@LuppiFabi,https://twitter.com/LuppiFabi/status/1609798081314185217,2023-01-02T06:25:45.000Z,"@exercitooficial e @fab_oficial  nunca mais terão o respeito do Povo brasileiro. 
A humilhação que sofreram hoje é só o começo.",0,0,2,https://twitter.com/silviawaiapi/status/1609695309193707522
Lu,@LucimarCeu,https://twitter.com/LucimarCeu/status/1609698754340466689,2023-01-01T23:51:04.000Z,"As pessoas acamparam em frente aos quartéis, tinham certeza que as Forças Armadas fariam algo, agora o sentimento é de derrota. Se não estão do lado da população, irão prestar continência para o descondenado. É a minha opinião.",2,0,6,https://twitter.com/silviawaiapi/status/1609695309193707522
Priscila Figueiredo,@prigfigueiredo,https://twitter.com/prigfigueiredo/status/1609874431849136128,2023-01-02T11:29:09.000Z,Siga a thread,0,0,1,https://twitter.com/silviawaiapi/status/1609695309193707522
Deus acima de Todos!!,@kika_Brasil10,https://twitter.com/kika_Brasil10/status/1609760939280154624,2023-01-02T03:58:10.000Z,Não são todos… não podemos generalizar..😉😉,1,0,0,https://twitter.com/silviawaiapi/status/1609695309193707522
José Luiz,@jlgawain,https://twitter.com/jlgawain/status/1609939494085558272,2023-01-02T15:47:41.000Z,"Não havia prestado atenção a senhora, até o dia daquela Audiência no Senado. Sua fala foi impactante, pelo menos pra mim. Infelizmente hoje vejo aquilo como um teatro promovido pelo senador.
A senhora tem minha admiração. Obrigado.",1,0,2,https://twitter.com/silviawaiapi/status/1609695309193707522
Fabio Russo,@blauses,https://twitter.com/blauses/status/1609729355328151554,2023-01-02T01:52:40.000Z,"Esse exercito de hoje,honra não Caxias,mas sim Deodoro,Prudente de Morais.Não é o vencedor da guerra contra o Paraguai e sim aquele que massacrou Brasileiros em Canudos",1,0,5,https://twitter.com/silviawaiapi/status/1609695309193707522
Áuber AM,@Auber1978,https://twitter.com/Auber1978/status/1610426549961986050,2023-01-04T00:03:04.000Z,"A fruta do verão é ""Frutas de Caxias""!👍🇧🇷",0,0,0,https://twitter.com/silviawaiapi/status/1609695309193707522
Angela Felisberto,@AngelaFelisber5,https://twitter.com/AngelaFelisber5/status/1610735990125264896,2023-01-04T20:32:40.000Z,Concordo,0,0,0,https://twitter.com/silviawaiapi/status/1609695309193707522
Allan Braga,@AllanBr39901119,https://twitter.com/AllanBr39901119/status/1610425422235287560,2023-01-03T23:58:35.000Z,"Só agora aprendi que: os militares nunca apoiam o Povo brasileiro, eles só enxergam instituições (MPF, CN e Ministérios), porém nenhuma delas podem representar de fato o povo. Sendo assim, aqueles q estão protestando são considerados loucos pelos generais.",0,0,0,https://twitter.com/silviawaiapi/status/1609695309193707522
Neto Assis,@NetoAssis2017,https://twitter.com/NetoAssis2017/status/1609983464178159622,2023-01-02T18:42:24.000Z,"Silvia, vergonha de Caxias jamais. Vergonha dos frouxos que se tornaram os comandantes das nossas forças militares.",0,0,1,https://twitter.com/silviawaiapi/status/1609695309193707522
Humberto Carlos Borges,@Humberto2conta,https://twitter.com/Humberto2conta/status/1609698695116627969,2023-01-01T23:50:50.000Z,"A posse foi um soco na cara da história e  tradição das forças armadas, mas eles querem assim, fazer o quê??",0,0,6,https://twitter.com/silviawaiapi/status/1609695309193707522
Tiara Corradi,@CorradiTiara,https://twitter.com/CorradiTiara/status/1609751433733193734,2023-01-02T03:20:24.000Z,"Está difícil @silviawaiapi levantar a cabeça e seguir… vergonha, descrença e sentimento de impotência… a injustiça dói…",0,0,1,https://twitter.com/silviawaiapi/status/1609695309193707522
Layse Lima,@layzeelulu,https://twitter.com/layzeelulu/status/1609698774485725184,2023-01-01T23:51:09.000Z,É uma pena que daqui a alguns anos vamos dizer ao nosso netos que o nosso Brasil voltou a ser escravizado por omissão do exército! E que a nossa história de lutas vai pelo ralo quando o mesmo exército deixa uma quadrilha comanda uma nação! Enfim só quem perdeu foi o povo!,0,0,6,https://twitter.com/silviawaiapi/status/1609695309193707522
César,@cesar_az0,https://twitter.com/cesar_az0/status/1610350801649532929,2023-01-03T19:02:04.000Z,"As Forças Armadas estão em dívida com o Brasil desde de 1889. O povo brasileiro precisa se dar conta de que ao promover o golpe da República e exilar Dom Pedro II, o exército brasileiro é diretamente responsável por toda carniça em que vivemos hoje.",0,0,1,https://twitter.com/silviawaiapi/status/1609695309193707522
wraith,@GleiceS09032306,https://twitter.com/GleiceS09032306/status/1610028887840284673,2023-01-02T21:42:54.000Z,Será mesmo?. Acredito que não hein.  Tô começando achar que é estratégia.,1,0,1,https://twitter.com/silviawaiapi/status/1609695309193707522
Gisele,@YamashitaGisele,https://twitter.com/YamashitaGisele/status/1610461128785526784,2023-01-04T02:20:28.000Z,Tentando dividir a direita! Não confiem!!!,1,0,0,https://twitter.com/silviawaiapi/status/1609695309193707522
Wilma Vaz,@WilmaVaz6,https://twitter.com/WilmaVaz6/status/1609900184590229509,2023-01-02T13:11:29.000Z,Vergonha de ser Brasileiro!,0,0,0,https://twitter.com/silviawaiapi/status/1609695309193707522
José Maria Pereira,@JosMari24341388,https://twitter.com/JosMari24341388/status/1609974599680237574,2023-01-02T18:07:11.000Z,Quantos anos sem ação? Esqueceram seus proseuspositos. Engordaram e ficaram desinteressados.,0,0,0,https://twitter.com/silviawaiapi/status/1609695309193707522
Belanice Patriota,@BeliceSouza,https://twitter.com/BeliceSouza/status/1610416031931011076,2023-01-03T23:21:16.000Z,#VergonhaNacional #vergonhadecaxias,0,0,0,https://twitter.com/silviawaiapi/status/1609695309193707522
Nicola Fumagalli,@koljafumagalli,https://twitter.com/koljafumagalli/status/1609824754692755456,2023-01-02T08:11:45.000Z,Concordo,0,0,0,https://twitter.com/silviawaiapi/status/1609695309193707522
Lucila Acioli,@AcioliLucila,https://twitter.com/AcioliLucila/status/1610281952816373760,2023-01-03T14:28:29.000Z,Exército vergonhoso 🥲,0,0,0,https://twitter.com/silviawaiapi/status/1609695309193707522
Marciana Silva,@MarcianaSilva1,https://twitter.com/MarcianaSilva1/status/1609697529888706561,2023-01-01T23:46:12.000Z,👋👋👋,0,0,0,https://twitter.com/silviawaiapi/status/1609695309193707522
Rogério F,@rogerfoga,https://twitter.com/rogerfoga/status/1610403838296571906,2023-01-03T22:32:49.000Z,"E exército de Caxias nunca perdeu uma guerra.
Essa invasão comunista cheia de ódio  pode ter seus destinos incertos.",0,0,0,https://twitter.com/silviawaiapi/status/1609695309193707522
LUIZ CARLOS HENRIQUE,@l28henriques,https://twitter.com/l28henriques/status/1609711252334338051,2023-01-02T00:40:44.000Z,Isso eu concordo,0,0,0,https://twitter.com/silviawaiapi/status/1609695309193707522
BrasilVigilante,@BrasilVigilant,https://twitter.com/BrasilVigilant/status/1609702727830966276,2023-01-02T00:06:51.000Z,"Não vejo derrota para as FFAA e sim alguns melancias de 4estrelas simplesmente pensaram em seus próprios bolsos e egos, pois os militares NÃO SERIAM NADA SEM O BOLSONARO. Fato!",0,0,3,https://twitter.com/silviawaiapi/status/1609695309193707522
Mistermyiagi,@Mystermiyaggi,https://twitter.com/Mystermiyaggi/status/1609710051601645570,2023-01-02T00:35:57.000Z,"A senhora é orgulho da nossa nação!! Tenho certeza que tua voz ecoará, e neste momento, todos terão a alma tocada como eu fui por tuas palavras!! Não soubemos Lutar e elegemos o aliado errado na esperança de um salvador, a liberdade se toma, não se suplica... Dura lição...",0,1,9,https://twitter.com/silviawaiapi/status/1609695309193707522
Marisa Rodriguez,@maquinasemarisa,https://twitter.com/maquinasemarisa/status/1610432694512504832,2023-01-04T00:27:29.000Z,os verdadeiros traidores forom os parlamentares!!,0,0,0,https://twitter.com/silviawaiapi/status/1609695309193707522
Ana Castello Branco,@CBBranco1,https://twitter.com/CBBranco1/status/1609965168334888961,2023-01-02T17:29:42.000Z,Por favor.... não desista!,0,0,1,https://twitter.com/silviawaiapi/status/1609695309193707522
Komakino,@LCRodrigues2112,https://twitter.com/LCRodrigues2112/status/1609699933027958785,2023-01-01T23:55:45.000Z,👏👏👏,0,0,2,https://twitter.com/silviawaiapi/status/1609695309193707522
Marco Ambrósio,@AmbrosioMarco,https://twitter.com/AmbrosioMarco/status/1609849862136152066,2023-01-02T09:51:31.000Z,"Silvia, você é uma pessoa admirável! Levantada por Deus, escolheu corresponder ao chamado. Arregaçou as mangas e pegou no batente! Venceu! E vencerá! Parabéns pela trajetória, luta, dignidade e clareza de discernimento!
A quem honra, honra!
A Jesus, a glória! 🇧🇷🇧🇷🇧🇷🙌🙌🙌",0,1,7,https://twitter.com/silviawaiapi/status/1609695309193707522
PQ - SC,@PauloQuintaesSC,https://twitter.com/PauloQuintaesSC/status/1609696410114425078,2023-01-01T23:41:45.000Z,https://youtu.be/jsRJ1bj-uG8,0,1,3,https://twitter.com/silviawaiapi/status/1609695309193707522
Márcio Seixas Lima,@MrcioSeixasLim1,https://twitter.com/MrcioSeixasLim1/status/1609991329005584386,2023-01-02T19:13:39.000Z,Só tem derrota quando acaba. Sigam os Sinais.,0,1,4,https://twitter.com/silviawaiapi/status/1609695309193707522
Teresinha Santos,@Teresin48732868,https://twitter.com/Teresin48732868/status/1610040293574819840,2023-01-02T22:28:13.000Z,"Imagino o quanto deve ser decepcionante p vc @silviawaiapi que sempre exaltou as FFAA
Mas Deus te colocou ai, mostre a força e bravura q tens.Que Ele lhe capacite c graça sabedoria e fé.",0,0,3,https://twitter.com/silviawaiapi/status/1609695309193707522
Gerson Simon,@gersonsimon7,https://twitter.com/gersonsimon7/status/1609994042087178240,2023-01-02T19:24:26.000Z,"Bora guerreira, levanta a cabeça!
precisamos de tua energia do nosso lado.
faz parte do plano deles quebrar a confiança do povo com as FFAA
tmj?",0,1,5,https://twitter.com/silviawaiapi/status/1609695309193707522
Mané,@MauricioFlho,https://twitter.com/MauricioFlho/status/1610067529736617985,2023-01-03T00:16:27.000Z,não silvia... te respeito muito mas o culpado foi bolsonaro. ele escolheu a política e o partido. ele poderia ter assinado o decreto e pegado a força o código fonte mas  escolheu não fazer.,0,0,0,https://twitter.com/silviawaiapi/status/1609695309193707522
PERDEU MANÉ,@MANESEMDENTE,https://twitter.com/MANESEMDENTE/status/1610046881794592768,2023-01-02T22:54:24.000Z,Caxias já pediu as contas e foi procurar outra instituição para ser patrono,0,0,0,https://twitter.com/silviawaiapi/status/1609695309193707522
Marlon Rafael,@MarlonR55989852,https://twitter.com/MarlonR55989852/status/1609903830098972672,2023-01-02T13:25:58.000Z,"Obrigado pelo seu posicionamento e lealdade ao nosso povo, infelizmente temos homens covardes nas Forças, comandantes frouxos, acredito que a maioria dos seus comandados sentem vergonha deles e o povo brasileiro também.",0,0,0,https://twitter.com/silviawaiapi/status/1609695309193707522
bravojlle,@bravojlle,https://twitter.com/bravojlle/status/1609700542305161218,2023-01-01T23:58:10.000Z,Fato!,0,0,0,https://twitter.com/silviawaiapi/status/1609695309193707522
E,@ElaineO15284926,https://twitter.com/ElaineO15284926/status/1609696422890459136,2023-01-01T23:41:48.000Z,#vergonhadecaxias,0,0,0,https://twitter.com/silviawaiapi/status/1609695309193707522
Carla Oliveira,@carla2603,https://twitter.com/carla2603/status/1609700054276755457,2023-01-01T23:56:14.000Z,É isso mesmo!,0,0,0,https://twitter.com/silviawaiapi/status/1609695309193707522
Geder,@9eder78,https://twitter.com/9eder78/status/1610081300995608577,2023-01-03T01:11:10.000Z,"Aguarde mais um pouco.
Ainda existem alguns processos em andamento no STM (Superior Tribunal Militar).
E também alguns Decretos de dezembro sendo publicados no DOU (Diário Oficial da União).",1,0,1,https://twitter.com/silviawaiapi/status/1609695309193707522
JoanaDark,@JoanaDa87318714,https://twitter.com/JoanaDa87318714/status/1610418397325496320,2023-01-03T23:30:40.000Z,"Uma integrante das FFAA, criticando sua casa ?",0,0,0,https://twitter.com/silviawaiapi/status/1609695309193707522
Eunice Reis,@EuCabral57,https://twitter.com/EuCabral57/status/1609907255347974144,2023-01-02T13:39:34.000Z,#VergonhaDeCaxias,0,0,0,https://twitter.com/silviawaiapi/status/1609695309193707522
Hérico Péry,@hericopery,https://twitter.com/hericopery/status/1610756373293240333,2023-01-04T21:53:40.000Z,"Como militares podemos ter vergonha de outros militares, jamais da Instituição ou de Caxias. O EB e o exemplo de Caxias são muito maiores que alguns poucos homens.",0,0,0,https://twitter.com/silviawaiapi/status/1609695309193707522
mauriciotio389@gmail.com,mauriciotio389@gmail.com,https://twitter.com/ma212424/status/1610063466840346625,2023-01-03T00:00:18.000Z,por  favor  @silviawaiapi  não vamos  falar  ou  questionar  as Forças  Armadas,0,0,1,https://twitter.com/silviawaiapi/status/1609695309193707522
Maria Maria,@MariaMa71624756,https://twitter.com/MariaMa71624756/status/1610434487833317377,2023-01-04T00:34:36.000Z,Calma Silvia. Aguarde....,0,0,0,https://twitter.com/silviawaiapi/status/1609695309193707522
Fabiane Torres,@fabianerj,https://twitter.com/fabianerj/status/1610014449548541953,2023-01-02T20:45:32.000Z,"são honrados
defendem o Brasil e muito...
eu sou grata às Forças Armadas",0,1,0,https://twitter.com/silviawaiapi/status/1609695309193707522
Cristin8,@GizellyCristin8,https://twitter.com/GizellyCristin8/status/1610437340404805638,2023-01-04T00:45:57.000Z,"O tempo de homens de coragem desse País, ficou no passado. Bolsonaro ficou só 🤨👊🏾🇧🇷",0,0,0,https://twitter.com/silviawaiapi/status/1609695309193707522
Origh International,@OrighInter,https://twitter.com/OrighInter/status/1610672649931210752,2023-01-04T16:20:59.000Z,🇧🇷🛡️ℹ️Brazil,0,1,1,https://twitter.com/silviawaiapi/status/1609695309193707522
MaiaPerez2015@gmail,MaiaPerez2015@gmail,https://twitter.com/maiamarcia2015/status/1610433773115527169,2023-01-04T00:31:46.000Z,Bolsonaro também poderia ter tido a iniciativa e não teve por qual@motivo ? Salvar a prole rabo preso ?,0,0,0,https://twitter.com/silviawaiapi/status/1609695309193707522
MariaNSV 22,@Mnsv14458067,https://twitter.com/Mnsv14458067/status/1609702095552409600,2023-01-02T00:04:21.000Z,Um vexame mundial.🤢,1,2,1,https://twitter.com/silviawaiapi/status/1609695309193707522
Wendy21,@Wendy2146900895,https://twitter.com/Wendy2146900895/status/1610443326129426432,2023-01-04T01:09:44.000Z,"Hipócritas! Borra botas! 
Se para nós foi uma decepção, o que dirá para o PR! 
prof Olavo sempre teve razão! 
""Os fortes não têm medo de encarar o pior: os fracos fogem...""#BolsonaroTemRazao",0,0,0,https://twitter.com/silviawaiapi/status/1609695309193707522
Werley Almeida,@werleytceap,https://twitter.com/werleytceap/status/1612235435694227457,2023-01-08T23:50:56.000Z,Sua louca,0,0,0,https://twitter.com/silviawaiapi/status/1609695309193707522
jeverson,@jeversondolar,https://twitter.com/jeversondolar/status/1610442466351529985,2023-01-04T01:06:19.000Z,"O Bolsonaro poderia ter dado a ordem. Militar que não obedece deve ser preso imediatamente, mesmo sendo general. Além disso, foi Bolsonaro que escolheu esses generais. Bolsonaro tinha o povo ao seu lado e a grande maioria dos militares. Bolsonaro é culpado.",0,0,0,https://twitter.com/silviawaiapi/status/1609695309193707522
"Teixeira_L, DSc",@Teixeira_LL,https://twitter.com/Teixeira_LL/status/1610612825549946883,2023-01-04T12:23:16.000Z,Você ainda é 1T-EB?,0,0,0,https://twitter.com/silviawaiapi/status/1609695309193707522
Esquerda Feliz,@FabiolaWidholz1,https://twitter.com/FabiolaWidholz1/status/1610763236688728078,2023-01-04T22:20:56.000Z,"Além de apoiar o Genocidio do teu povo e a entrega das terras ao garimpo, vc também é antidemocrática é golpista???",0,0,0,https://twitter.com/silviawaiapi/status/1609695309193707522
Jhonata,@Jhonata49046909,https://twitter.com/Jhonata49046909/status/1609904429783830533,2023-01-02T13:28:21.000Z,"Ainda não acabou! E muitos caíram novamente em mais uma obra teatral da esquerda. Estão batendo nos generais e no exército, porém tem muitas coisas a serem no mínimo questionadas. Como por exemplo as três pessoas que bateram continência para o Lula, não eram os generais...",1,0,0,https://twitter.com/silviawaiapi/status/1609695309193707522
Fenix,@Fernand95270307,https://twitter.com/Fernand95270307/status/1610057762750226434,2023-01-02T23:37:38.000Z,"Carta aos Patriotas
A nova resistência civil, Boicote total, muitos votaram  no PT, diga n ao PT.
Moralidade, ética, é a base p vida pública, liberdade, direitos e garantias, n a pauta comunista, n a Globo, n prisões p opinião, n  corrupção, são bandeiras, diga desde já n PT.",0,0,0,https://twitter.com/silviawaiapi/status/1609695309193707522
Georgete vIDA,@Georgetealencar,https://twitter.com/Georgetealencar/status/1612215739737423873,2023-01-08T22:32:40.000Z,#DIREITAforteUNIDA@nbcnews @cbstv@cbsnews@abc7ny@foxtv@nytimes@aeciofaraujo@bbclondon@exercitooficial#GREVEGERAL pelo Brasil e pelo mundo.#intervencaoMilitar#EsplanadaSomos brasileiros e sofremos um golpe.,0,0,0,https://twitter.com/silviawaiapi/status/1609695309193707522
MayumiFarias,@MayumiFariass,https://twitter.com/MayumiFariass/status/1609760611285749764,2023-01-02T03:56:52.000Z,Alguém consegue me dar um explicação plausível pros generais das forças armadas não terem comparecido à posse hoje?,1,0,1,https://twitter.com/silviawaiapi/status/1609695309193707522
Pedяowzky ²²,@Petrowzky,https://twitter.com/Petrowzky/status/1610384892134658052,2023-01-03T21:17:32.000Z,"Historia de Venezuela e ""De como fez o povo Venezuelano pra retomar seu nome, poderes, e tirou o Ditador Hugo Chávez da Presidência"".",0,0,0,https://twitter.com/silviawaiapi/status/1609695309193707522
André Rodrigues,@Andreadvogado_5,https://twitter.com/Andreadvogado_5/status/1609889919719116802,2023-01-02T12:30:41.000Z,https://twitter.com/Andreadvogado_5/status/1609886389801259008?t=ro_XFTkJ2DK9j0cOGDZHaA&s=19…,0,1,1,https://twitter.com/silviawaiapi/status/1609695309193707522
Exclusiv@,Exclusiv@,https://twitter.com/SelmaSa84711452/status/1609704604224077825,2023-01-02T00:14:19.000Z,BRASIL CONTINUA 2023 NÃO  VAMOS DESISTIR  @GeneralMourao @exercitooficial @fab_oficial   TRAIDORES DO POVO É DA PÁTRIA... CAXIAS ESTA RETORCENDO EM SEU TUMULO. A FOTO DA VERGONHA #DeusNoComando #DeusPatriaFamiliaLiberdade #brazilwasstollen #Luladrão @FoxNews,0,0,0,https://twitter.com/silviawaiapi/status/1609695309193707522
Marines Aparecida Josefi,@JosefiAparecida,https://twitter.com/JosefiAparecida/status/1609702587787345920,2023-01-02T00:06:18.000Z,"@exercitooficial @policiafederal @marmilbr vocês serão ridicularizados pelo próprio PT E SEUS PETISTAS, e todos os países do mundo ! @FoxNews @CBSNews @bolsonaroTV_ @CarlosBolsonaro @BolsonaroSP @FlavioBolsonaro @jairbolsonaro VOCÊS VÃO SENTIR SAUDADES DE MIM !!!",0,0,0,https://twitter.com/silviawaiapi/status/1609695309193707522
Roberto Silva,@Roberto38845366,https://twitter.com/Roberto38845366/status/1609812258342797316,2023-01-02T07:22:05.000Z,"Deputados e Senadores,
Parlamentar eleito por Bolsonaro, monte um grande corpo Jurídico.
Chega de oposição paz e amor, pelo bem do Brasil e dos Brasileiros.
Oposição tipo, Randolph, Rodrigo Maia, Davi Alcolumbre, Rodrigo Pacheco, Renan Calheiros, Simone Tebet....
Oposição Total!",0,0,0,https://twitter.com/silviawaiapi/status/1609695309193707522
PHBem,@phbem22,https://twitter.com/phbem22/status/1609798636799496192,2023-01-02T06:27:58.000Z,"Generais só querem BOLSO CHEIO e vida mansa! 
!",0,0,0,https://twitter.com/silviawaiapi/status/1609695309193707522
João 8:32,@joao_jb22,https://twitter.com/joao_jb22/status/1610419194931167236,2023-01-03T23:33:50.000Z,"Agenda para a DIREITA⬇️• eleição dos PR da Câmara e Senado (Lira e Marinho são os melhores VIÁVEIS)

• abrir uma CPI das urnas

• IMPEACHMENT do Luladrão

• judicializar TUDO do Gov PT (Pq Van Hattem não faz isso?🤔)

• manter vivo o legado do PR Bolsonaro p/ voltar em 26",0,0,0,https://twitter.com/silviawaiapi/status/1609695309193707522
Girasol do Brasil,@JimmyandVilaine,https://twitter.com/JimmyandVilaine/status/1609787335079518211,2023-01-02T05:43:03.000Z,"Ñ  VAMOS DESISTIR.
GREVE GERAL",2,1,5,https://twitter.com/silviawaiapi/status/1609695309193707522
jeymmes,@jeymmes,https://twitter.com/jeymmes/status/1610459148214325248,2023-01-04T02:12:36.000Z,Forças Cagadas ou Frouxas Armadas? uma vergonha!! Cambada de Covardes!! Batem continência pra um ladrão!!#LulaLadrão #ForaLulaLadrão,0,0,0,https://twitter.com/silviawaiapi/status/1609695309193707522
Miriam Chiavegato,@MimiChiavegato,https://twitter.com/MimiChiavegato/status/1610396209989951488,2023-01-03T22:02:30.000Z,"🆘🇧🇷Chefe das Forças Armadas do Brasil, Excelentíssimo Senhor Presidente Jair Bolsonaro, EU AUTORIZO:#ExclusaoDoComunismo #Artigo4DaConstituicaoFederalExcluir#TodoPoderEmanadoPovo#ArtigoPrimeiroDaConstituicao#intervencaoMilitar 
""A INVERSÃO DE VALORES NÃO PASSARÁ""",0,0,0,https://twitter.com/silviawaiapi/status/1609695309193707522
James DO POVÃO,@sharkJames100,https://twitter.com/sharkJames100/status/1609696377143021571,2023-01-01T23:41:37.000Z,"E chingaram o cara, os bajuladores de plantão,  pobre brasil q depende de salvador da pátria, olha no que deu",0,0,0,https://twitter.com/silviawaiapi/status/1609695309193707522
