nome,usuario,idTweet,dataPublicacao,texto,replies,retweets,likes,tweetPai
Sandra M,@sandrameira,https://twitter.com/sandrameira/status/1610108638189834242,2023-01-03T02:59:48.000Z,"Está virando moda... Fazueli e agora querem tirar o corpo fora, querem pular do barco. Too late!!",0,1,10,https://twitter.com/cabojunioamaral/status/1610107586438901761
Breno Fonseca,@BrenoFonsecaMG,https://twitter.com/BrenoFonsecaMG/status/1610107703375892480,2023-01-03T02:56:05.000Z,"Faz o L, @mariosabinof !",1,1,9,https://twitter.com/cabojunioamaral/status/1610107586438901761
Zecaxeira,@zecaxeira,https://twitter.com/zecaxeira/status/1610239928256036865,2023-01-03T11:41:30.000Z,ESSA MERDA NÃO  FOI ELEITO PELO POVO.,0,0,2,https://twitter.com/cabojunioamaral/status/1610107586438901761
José Gurgel Fernandes Júnior,@GurgelJr66,https://twitter.com/GurgelJr66/status/1610108444853374977,2023-01-03T02:59:02.000Z,Vai ter que me engolir 😘😁,1,0,3,https://twitter.com/cabojunioamaral/status/1610107586438901761
Antonio Rogerio,@AntonioReis28,https://twitter.com/AntonioReis28/status/1610800733636395009,2023-01-05T00:49:56.000Z,Kkkkk,0,0,0,https://twitter.com/cabojunioamaral/status/1610107586438901761
Sandro,@Sandro11294736,https://twitter.com/Sandro11294736/status/1610110740920438785,2023-01-03T03:08:09.000Z,Candidato Nulo foi o indicado pelo cabeça de ovo a doar os votos ao Mula.,0,0,1,https://twitter.com/cabojunioamaral/status/1610107586438901761
RafaelMorais,@rafaelmorais62,https://twitter.com/rafaelmorais62/status/1610109316412985348,2023-01-03T03:02:30.000Z,"Essa turma acha que vai se destacar na oposição, vão ter a mesma irrelevância de sempre.",0,0,4,https://twitter.com/cabojunioamaral/status/1610107586438901761
LiliMouette,@MouetteLili,https://twitter.com/MouetteLili/status/1610145258414772224,2023-01-03T05:25:19.000Z,Era o voto Lulo.,0,0,2,https://twitter.com/cabojunioamaral/status/1610107586438901761
Sertanejo,@navegador_do,https://twitter.com/navegador_do/status/1610113655990878208,2023-01-03T03:19:44.000Z,Nulo = Lula,0,0,2,https://twitter.com/cabojunioamaral/status/1610107586438901761
Irma,@Irma45833030,https://twitter.com/Irma45833030/status/1610110977651150850,2023-01-03T03:09:06.000Z,🤬🤬🤬,0,0,0,https://twitter.com/cabojunioamaral/status/1610107586438901761
Kaps21,@PissardoSilva,https://twitter.com/PissardoSilva/status/1610215938238091266,2023-01-03T10:06:10.000Z,Ratos ajudaram na farsa agora querem um seguro para manter seu pão lixos !!!!,0,0,0,https://twitter.com/cabojunioamaral/status/1610107586438901761
Presidente Motoqueiro,@SidneiaGomesEva,https://twitter.com/SidneiaGomesEva/status/1610111298301493251,2023-01-03T03:10:22.000Z,"#ForaLula#Misopátrio e #presidenteIlegítimo. 

Tem mais aqui.Telegram👇┏━━. • ° 🦋° •. ━━┓
    @olhosvivos   👀┗━━ .• ° 🦋° •. ━━┛",0,0,0,https://twitter.com/cabojunioamaral/status/1610107586438901761
Chicre Abud,@AbudChicre,https://twitter.com/AbudChicre/status/1610187457533992961,2023-01-03T08:13:00.000Z,Nós vamos vencer o comunismo e a tirania. Continuaremos nos quartéis sim. O constrangimento vai mover os militares que tem brio! São muitos!,0,0,0,https://twitter.com/cabojunioamaral/status/1610107586438901761
DesGoverno MULA,@DaviCurti,https://twitter.com/DaviCurti/status/1610450545940254723,2023-01-04T01:38:25.000Z,"Desgoverno MULA

Bolsa  já perdeu R$ 546,2 bilhões em valor de mercado desde que as URNAS do TSE elegeram o impopular MULA 

São empresas brasileiras empobrecendo nas mãos dos PTralhas.

Os próximos da lista é o POVO sem emprego e com inflação nas nuvens",0,0,0,https://twitter.com/cabojunioamaral/status/1610107586438901761
