nome,usuario,idTweet,dataPublicacao,texto,replies,retweets,likes,tweetPai
Emílio Caglioni,@EmilioCaglioni,https://twitter.com/EmilioCaglioni/status/1610858440460484609,2023-01-05T04:39:15.000Z,"Só tem q cuidar que podem ter sidos obrigados a fazer isso. Muita cautela nessa hora. Só a favor de vagabundo ser preso, mas de são Paulo não se sabe o q vir, tenho muito medo de ir para lá.",1,0,0,https://twitter.com/SargentoFAHUR/status/1610832008111865856
Frasesdefeitos,@JfBorgess,https://twitter.com/JfBorgess/status/1613172990434213894,2023-01-11T13:56:26.000Z,Quer apostar que são cidadãos de bem e provavelmente bolsonaristas?,0,1,1,https://twitter.com/SargentoFAHUR/status/1610832008111865856
Fabyo a pivatto,@FabioPivatto,https://twitter.com/FabioPivatto/status/1611367405153882114,2023-01-06T14:21:41.000Z,"Família que sofre, com atitudes imprudente,desastrada e irresponsável,  ganhe pouco mas faça o correto",0,0,1,https://twitter.com/SargentoFAHUR/status/1610832008111865856
Ricardo Mammoth,@RicardoMammoth,https://twitter.com/RicardoMammoth/status/1610833788073922560,2023-01-05T03:01:17.000Z,Bando de chinelos aqui do sul.  Fazendo merda e a família preocupada . Fala sério,0,0,6,https://twitter.com/SargentoFAHUR/status/1610832008111865856
thiago,@thiagobhte33,https://twitter.com/thiagobhte33/status/1612248538351648768,2023-01-09T00:43:00.000Z,"Podiam ter morrido! Isso sim. 
Que pena que a droga não estourou dentro deles!",0,0,0,https://twitter.com/SargentoFAHUR/status/1610832008111865856
Soraya Jabur Badra,@jabur_badra,https://twitter.com/jabur_badra/status/1612991434478714881,2023-01-11T01:55:00.000Z,Kkkkkkk,0,0,1,https://twitter.com/SargentoFAHUR/status/1610832008111865856
Eduardo Kraus,@EduardoKraus,https://twitter.com/EduardoKraus/status/1611510104053923843,2023-01-06T23:48:43.000Z,"Claudete dos Santos afirmou que o filho é ""trabalhador"" e que não ""tem maldade""...........",0,0,0,https://twitter.com/SargentoFAHUR/status/1610832008111865856
Suh Katy,@SuhKaty1,https://twitter.com/SuhKaty1/status/1610834401964982273,2023-01-05T03:03:43.000Z,Kkkkkk mas blz,0,0,0,https://twitter.com/SargentoFAHUR/status/1610832008111865856
Mauro Patriota,@mauropatriota,https://twitter.com/mauropatriota/status/1610959849671598080,2023-01-05T11:22:13.000Z,Não voltam mais,0,0,0,https://twitter.com/SargentoFAHUR/status/1610832008111865856
Rafael,@rafaellhp77,https://twitter.com/rafaellhp77/status/1612591515863326720,2023-01-09T23:25:52.000Z,"Tem razão, tem familiares de 2 mil de uma gangue meliantes reclamando hoje…. se ferraram",0,0,0,https://twitter.com/SargentoFAHUR/status/1610832008111865856
Mansueto Megale Neto,@Mansueto_N,https://twitter.com/Mansueto_N/status/1610833240826183681,2023-01-05T02:59:07.000Z,"Oh sargento, é um meninão kkkk",0,0,1,https://twitter.com/SargentoFAHUR/status/1610832008111865856
Sérgio,@trovalds,https://twitter.com/trovalds/status/1610833164661833729,2023-01-05T02:58:48.000Z,"Acho ótimo! Lá vão ser tratados como os meliantes que são. ""Ain, a família..."" família não educa, a vida pune.",0,0,10,https://twitter.com/SargentoFAHUR/status/1610832008111865856
Peter Z,@petersprengel,https://twitter.com/petersprengel/status/1611106453489696769,2023-01-05T21:04:46.000Z,Paredão nestes vermes.,0,0,0,https://twitter.com/SargentoFAHUR/status/1610832008111865856
Leonardo Ferreira ∴,@leonardoffs0909,https://twitter.com/leonardoffs0909/status/1611155121093709825,2023-01-06T00:18:09.000Z,Se fuder@m ! 😂😂😂😂,0,0,0,https://twitter.com/SargentoFAHUR/status/1610832008111865856
Roger Souza,@Rogerwillyam,https://twitter.com/Rogerwillyam/status/1610938982082424833,2023-01-05T09:59:17.000Z,Vagabundos!!! Se fuderam!!! 😂😂😂,0,0,0,https://twitter.com/SargentoFAHUR/status/1610832008111865856
M4SKARA,@M4SKARAA,https://twitter.com/M4SKARAA/status/1611007693489070080,2023-01-05T14:32:19.000Z,Porque você não trabalha e tenta aprovar algum projeto para o povo? Só sabe ficar criando alvoroço na internet e mamando na teta do governo,0,0,0,https://twitter.com/SargentoFAHUR/status/1610832008111865856
Sr. Flavinho Jr.,@SrFlavinhoJr,https://twitter.com/SrFlavinhoJr/status/1615187632664842240,2023-01-17T03:21:55.000Z,"Complicado esse tipo de tráfico, né político?",0,0,0,https://twitter.com/SargentoFAHUR/status/1610832008111865856
Brasiliano_Canhoto,@RenunciaBozzo,https://twitter.com/RenunciaBozzo/status/1610833685250560001,2023-01-05T03:00:53.000Z,"Poderiam ter pego o avião presidencial.
Esqueci que o Bolsonaro perdeu. 🤣🤣🤣🤣🤣",0,0,0,https://twitter.com/SargentoFAHUR/status/1610832008111865856
Ricardo Adalberto,@RicardoAP1975,https://twitter.com/RicardoAP1975/status/1610962685818195968,2023-01-05T11:33:29.000Z,"Tadinho, vitimas da sociedade... Espero que fiquem muito tempo na cadeia. Assim daqui 4 anos não votam nos safados dos esquerdistas.",0,0,0,https://twitter.com/SargentoFAHUR/status/1610832008111865856
J.A,@JA59215331,https://twitter.com/JA59215331/status/1610839756174233603,2023-01-05T03:25:00.000Z,Se fosse o Brasil já que seriam chamado pra participar do governo. Espero que recebam a pena máxima lá ☠️,0,0,2,https://twitter.com/SargentoFAHUR/status/1610832008111865856
Ana Lula da Silva Xavier,@AnaXavier98,https://twitter.com/AnaXavier98/status/1610833582372667393,2023-01-05T03:00:28.000Z,"AVIÃO DA FAB  ENGOLIU VARIAS VEZES COCAINAZINHA 
O DIABO VESTE FARDA",0,0,0,https://twitter.com/SargentoFAHUR/status/1610832008111865856
_dani,@dani76826247,https://twitter.com/dani76826247/status/1611043237468192770,2023-01-05T16:53:34.000Z,Deve ter sido uma morte horrível.  Vc é sádico e psicopata em comemorar tanto sofrimento.  Jesus te odeia,0,0,0,https://twitter.com/SargentoFAHUR/status/1610832008111865856
