nome,usuario,idTweet,dataPublicacao,texto,replies,retweets,likes,tweetPai
Gustavo Ramos,@gustavoramos,https://twitter.com/gustavoramos/status/1610927488917446656,2023-01-05T09:13:37.000Z,"Decreto Legislativo pode ser uma ação urgente, porém é mais frágil e passível de impugnação na Justiça. Melhor mesmo e - que já deveria ter sido feito , inclusive - é um Projeto de Lei.",0,0,1,https://twitter.com/DepSanderson/status/1610824657107812352
Partido Liberal - Bolsonaro Presidente/Conta apoio,@liberal22_rs,https://twitter.com/liberal22_rs/status/1610830624268353538,2023-01-05T02:48:43.000Z,Depois o STF julgará inconstitucional o PDL mesmo com aprovação no congresso.,3,2,73,https://twitter.com/DepSanderson/status/1610824657107812352
Paulo Otavio do Espirito Santo Pessanha,@otavio_espirito,https://twitter.com/otavio_espirito/status/1611745831467773953,2023-01-07T15:25:25.000Z,Alerta: Vamos aproveitar juntar tudo q não presta e derrubar nessa votação.,0,0,0,https://twitter.com/DepSanderson/status/1610824657107812352
Luiza-,@luyzzag,https://twitter.com/luyzzag/status/1611720193474199553,2023-01-07T13:43:33.000Z,Deputado se não tirar o Arthur lira nada irá andar Nessa câmara dos deputados,0,0,0,https://twitter.com/DepSanderson/status/1610824657107812352
Antonio Siqueira 22,@Antonio01465706,https://twitter.com/Antonio01465706/status/1611658056298909700,2023-01-07T09:36:38.000Z,"Deputado, tudo nesse desgoverno da carreta furacão cheira a revanchismo e represália.",0,0,2,https://twitter.com/DepSanderson/status/1610824657107812352
Gabriela Alejndra,@Gabriela_B__R__,https://twitter.com/Gabriela_B__R__/status/1611571322999681025,2023-01-07T03:51:59.000Z,"Muitos absurdos para derrubar...Todos os absurdos que não foram enfrentados antes de que se instituísse esse desgoverno ""ilegítimo""...",0,0,4,https://twitter.com/DepSanderson/status/1610824657107812352
DE MATOS,@NancydeMatosDMI,https://twitter.com/NancydeMatosDMI/status/1611809793471311872,2023-01-07T19:39:35.000Z,"Não só isso deputado, há uma meta que vai além disso. Desarmar a população e os policiais para que o medo aumente e o povo siga as ""instruções"" do governo sem nada questionar. Tem método!",0,0,0,https://twitter.com/DepSanderson/status/1610824657107812352
Ricardo,@RicardoSeaWolf,https://twitter.com/RicardoSeaWolf/status/1612075429908676609,2023-01-08T13:15:08.000Z,"Na verdade e pelo bem da verdade, já se deve pedir o impeachement desse sujeito que entrou da forma mais sórdida no governo do Brasil. Tá tudo errado nesse país.
Lamentações, murmúrios e ranger dos dentes se aproximam e não se dão conta.",0,0,0,https://twitter.com/DepSanderson/status/1610824657107812352
mariano,@mariano71409800,https://twitter.com/mariano71409800/status/1612057601679802368,2023-01-08T12:04:17.000Z,"Isso é um absurdo , são medidas de ditaduras para escravização futura do povo !!! Um governo que tem o líder e sua equipe  um caminhão processos por corrupção não pode dar certo dep ,em que momento o armamento legal ofereceu ameaça ou perigo a sociedade brasileira ?? 🤔",0,0,0,https://twitter.com/DepSanderson/status/1610824657107812352
Marcel Batissoco,@BATISSOCO,https://twitter.com/BATISSOCO/status/1610846305978388480,2023-01-05T03:51:02.000Z,"Sem dizer que a maior parte desse decreto é ilegal ao tentar mudar a lei existente para o tema.
Parabéns Deputado, esse novo Congresso e Senado tem tudo para fazer história!",0,0,1,https://twitter.com/DepSanderson/status/1610824657107812352
_ʑυℓєiкα_,@_Zu_Brand_,https://twitter.com/_Zu_Brand_/status/1611712627775873026,2023-01-07T13:13:29.000Z,Esse desgoverno não terá um minuto de paz.,0,0,0,https://twitter.com/DepSanderson/status/1610824657107812352
Patricia santos de jesus,@patysantosj,https://twitter.com/patysantosj/status/1610868239466385409,2023-01-05T05:18:11.000Z,População vamos precionar  deputados e senadores.,0,0,0,https://twitter.com/DepSanderson/status/1610824657107812352
Marcelo Otero,@motero2,https://twitter.com/motero2/status/1611429991681560591,2023-01-06T18:30:23.000Z,E se eles não devolverem? Os americanos tem na constituição para que o povo posso se defender de governos tiranos.,0,0,0,https://twitter.com/DepSanderson/status/1610824657107812352
vozdopatriota,@vozdopatriota,https://twitter.com/vozdopatriota/status/1610834618617573377,2023-01-05T03:04:35.000Z,"Já deu certo, temos muito mais que isso de votos.",0,0,0,https://twitter.com/DepSanderson/status/1610824657107812352
Ander_son,@Ander_Far,https://twitter.com/Ander_Far/status/1610864171406725122,2023-01-05T05:02:01.000Z,Prá cima deles...,0,0,1,https://twitter.com/DepSanderson/status/1610824657107812352
Grajaú Jedi,@NelsonL99660350,https://twitter.com/NelsonL99660350/status/1610838579898359811,2023-01-05T03:20:20.000Z,"Isso ai mais as medidas que engessam a polícia, são parte das exigências do pcc à Loola pela coerção eleitoral imposta nas favelas...",0,0,0,https://twitter.com/DepSanderson/status/1610824657107812352
Álvaro o Retorno,@AlvaroRetorno,https://twitter.com/AlvaroRetorno/status/1611516368154771457,2023-01-07T00:13:37.000Z,"Parabéns pela iniciativa.
Mas....

Em caso de revogação...
Será, talvez, o primeiro ""teste"":
Vão judicializar no supremo.",0,0,1,https://twitter.com/DepSanderson/status/1610824657107812352
Ilse Ane Domingues da Silva,@ane_ilse,https://twitter.com/ane_ilse/status/1610957315821428737,2023-01-05T11:12:08.000Z,"Cada um pressiona o seu representante eleito .
Bora povo acorda ...orem ...ir pra rua contra esses absurdos...para o país eles são minoria e nós os milhões até a esquerda já entra junto diante dos absurdos que eles mesmo estão vendo.",0,0,0,https://twitter.com/DepSanderson/status/1610824657107812352
Olindo Albuquerque,@OlindoAlbuquer3,https://twitter.com/OlindoAlbuquer3/status/1610955806714863618,2023-01-05T11:06:09.000Z,"Esse vai ser o primeiro teste,para ver se realmente elegemos um congresso mais a direita,boa sorte deputado",0,0,0,https://twitter.com/DepSanderson/status/1610824657107812352
Fernanda R Carvalho,@FerRCarvalho01,https://twitter.com/FerRCarvalho01/status/1610850018558099456,2023-01-05T04:05:47.000Z,👏👏👏👏,0,0,0,https://twitter.com/DepSanderson/status/1610824657107812352
Sandralehm22,@nara_lehm,https://twitter.com/nara_lehm/status/1611648561178968064,2023-01-07T08:58:54.000Z,É isso aí.,0,0,2,https://twitter.com/DepSanderson/status/1610824657107812352
Valeria Novais,@ValeriaNovais5,https://twitter.com/ValeriaNovais5/status/1610956705231167490,2023-01-05T11:09:43.000Z,Derrubem! Agora é a nossa vez de oposição,0,0,0,https://twitter.com/DepSanderson/status/1610824657107812352
SergiãoTIMÃO,@SCTIMO2,https://twitter.com/SCTIMO2/status/1610964835138957312,2023-01-05T11:42:01.000Z,"Setéefe vai deixar não...
São eles que mandam e vcs calam a boca.
Ou reagem ou sucumbem.",0,0,1,https://twitter.com/DepSanderson/status/1610824657107812352
Diva Molon 22,@dimolon7,https://twitter.com/dimolon7/status/1610828585627009026,2023-01-05T02:40:37.000Z,"Parabéns, meu deputado!
Vital:
Precisamos livrar nosso Brasil destes criminosos q, literalmente, tomaram o poder.
Vc é um dos meus representantes! Eu estou fazendo minha parte! Espero a do plenário!!🙏🙏🙏🇧🇷😭😭",0,0,0,https://twitter.com/DepSanderson/status/1610824657107812352
Deus acima de tudo!,@GeniusGrafica,https://twitter.com/GeniusGrafica/status/1611079466687553558,2023-01-05T19:17:31.000Z,parabéns pela entrevista à JovemPan.,0,0,0,https://twitter.com/DepSanderson/status/1610824657107812352
Sidnei Genoveski,@SidneiGenovesk6,https://twitter.com/SidneiGenovesk6/status/1610826628707545088,2023-01-05T02:32:50.000Z,"Tudo o que for aprovado benefíciando a direita, o STF vai barrar. Nesse Brasil de hoje, eu não mais acredito.",0,0,1,https://twitter.com/DepSanderson/status/1610824657107812352
Beatriz Dittrich,@BeatrizDittrich,https://twitter.com/BeatrizDittrich/status/1610833732734255111,2023-01-05T03:01:04.000Z,Vcs previsam se unir. Deputado Eduardo Bolsonaro  que Faria of mesmo.,0,0,0,https://twitter.com/DepSanderson/status/1610824657107812352
Rosângela Vaz,@RosngelaVaz1,https://twitter.com/RosngelaVaz1/status/1611046382755872768,2023-01-05T17:06:04.000Z,💪🇧🇷,0,0,0,https://twitter.com/DepSanderson/status/1610824657107812352
Alexandre Silva,@Xandy01,https://twitter.com/Xandy01/status/1610826068230901761,2023-01-05T02:30:37.000Z,"Na verdade, por hora, o que precisam é articular bem para eleger os próximos presidentes da Câmara e do Senado.",0,0,3,https://twitter.com/DepSanderson/status/1610824657107812352
Pedro Pereira,@pt2bjr,https://twitter.com/pt2bjr/status/1612907303182671884,2023-01-10T20:20:42.000Z,"Povo não pode sequer falar, os apoiadores de Bolsonaro serão perseguidos pela Gestapo. Voltamos no tempo. Basta ler como tudo começou na Alemanha. Mesmo discurso.",0,0,0,https://twitter.com/DepSanderson/status/1610824657107812352
Pátria Amada Brasil,@marlonguilhano,https://twitter.com/marlonguilhano/status/1610826022617862144,2023-01-05T02:30:26.000Z,"Aposto que 200 já foram comprados para votar NÃO, mas o que vale é a intenção...",0,0,1,https://twitter.com/DepSanderson/status/1610824657107812352
Izio Mazur,@MazurIzio,https://twitter.com/MazurIzio/status/1610986755238379521,2023-01-05T13:09:07.000Z,E os togados de apenas uma assinatura pra derrubar esse PDL.,0,0,0,https://twitter.com/DepSanderson/status/1610824657107812352
Ana Paula Ayres,@ayresana88,https://twitter.com/ayresana88/status/1610958988849418240,2023-01-05T11:18:47.000Z,👏🏼👏🏼👏🏼,0,0,0,https://twitter.com/DepSanderson/status/1610824657107812352
J. M.,@jmrmrs,https://twitter.com/jmrmrs/status/1610831245843234821,2023-01-05T02:51:11.000Z,"Isso aí. Agora tem que cobrar dos outros deputados e senadores! Não adianta só falarem e reclamarem, mas agirem e fazer acontecer!",0,0,0,https://twitter.com/DepSanderson/status/1610824657107812352
joseferreira,@josefer59257582,https://twitter.com/josefer59257582/status/1611048325347741699,2023-01-05T17:13:47.000Z,Parabéns deputado. Onde estão os outro deputados ditos de direita? devem estar na rede social reclamando.,0,0,0,https://twitter.com/DepSanderson/status/1610824657107812352
Nêuma,@neuma_pimenta,https://twitter.com/neuma_pimenta/status/1611146566076702725,2023-01-05T23:44:09.000Z,Quer dizer que se eu estiver armado na  rua  terei quer  bandido?,0,0,0,https://twitter.com/DepSanderson/status/1610824657107812352
Pedro Machado,@PedroMa50023005,https://twitter.com/PedroMa50023005/status/1611556120438398976,2023-01-07T02:51:35.000Z,Deputado o decreto deles pode derrubar uma lei⁉️,0,0,0,https://twitter.com/DepSanderson/status/1610824657107812352
Mariana Debossan,@DebossanMariana,https://twitter.com/DebossanMariana/status/1612080217593622530,2023-01-08T13:34:09.000Z,Parabéns Deputado!👏👏👏👏👏,0,0,0,https://twitter.com/DepSanderson/status/1610824657107812352
gaby,@gabysander35,https://twitter.com/gabysander35/status/1610848354774163457,2023-01-05T03:59:10.000Z,"Boa tem que ir pra cima com tudo 
Não pode retrocesso",0,0,0,https://twitter.com/DepSanderson/status/1610824657107812352
Ferna,@Ferna16402253,https://twitter.com/Ferna16402253/status/1610824937178267650,2023-01-05T02:26:07.000Z,@delegadoramagem conto com seu voto,0,0,0,https://twitter.com/DepSanderson/status/1610824657107812352
Cassio Paz,@CassioPaz9466,https://twitter.com/CassioPaz9466/status/1610884620073017345,2023-01-05T06:23:16.000Z,Isso se até lá todos os conserv@dores não tiverem sido c@çados como o imund0 do xandex  está articulando e impond0 sua pisic0pati@ sobre as pessoas de bem.,0,0,0,https://twitter.com/DepSanderson/status/1610824657107812352
Charles Parreiras,@Charles07683213,https://twitter.com/Charles07683213/status/1618973434087878656,2023-01-27T14:05:20.000Z,Vc é à favor de terroristas?,0,0,0,https://twitter.com/DepSanderson/status/1610824657107812352
AuroEsmeraldo Reaca,@auroesmeraldo,https://twitter.com/auroesmeraldo/status/1611715195704844288,2023-01-07T13:23:41.000Z,"Não  negociem com esses fdp,  por isso revoguem essa merd4 de decreto!!!!",0,0,0,https://twitter.com/DepSanderson/status/1610824657107812352
Brasileiro,@benedito_n2,https://twitter.com/benedito_n2/status/1611537157692313603,2023-01-07T01:36:13.000Z,Parabéns deputado. Queremos oposição as 24 horas.,0,0,0,https://twitter.com/DepSanderson/status/1610824657107812352
talvanis1506,@talvanis1506,https://twitter.com/talvanis1506/status/1610959000551424000,2023-01-05T11:18:50.000Z,"uma pessoa ""do bem"" precisa de 5 armas e 5000 munições? pra que?",0,0,0,https://twitter.com/DepSanderson/status/1610824657107812352
Paulo Garcia,@Paulohmgarcia,https://twitter.com/Paulohmgarcia/status/1610863949834227712,2023-01-05T05:01:08.000Z,"@DepSanderson que vcs aprendam com a esquerda a agir, a incomodar, a desafiar, a denunciar, a meter processo ... a direita e a oposição ao Lula precisam aprender sair das redes sociais e tomar atitude concretas q incomodam e dão resultado.",0,0,0,https://twitter.com/DepSanderson/status/1610824657107812352
Marcelo Rocha,@Pingere_Petra,https://twitter.com/Pingere_Petra/status/1611383626792423431,2023-01-06T15:26:09.000Z,"O senhor é adorador do diabo, é devoto de satã, porque quem gosta de arma e de matança é o belzebu.",0,0,0,https://twitter.com/DepSanderson/status/1610824657107812352
OLIGARQUIA,@paulopaz100,https://twitter.com/paulopaz100/status/1611250683738746880,2023-01-06T06:37:53.000Z,"O STF vai proibir e vcs vão ficar quietos, fim..",0,0,0,https://twitter.com/DepSanderson/status/1610824657107812352
Walter TFA,@WalterPedra90,https://twitter.com/WalterPedra90/status/1611733471642386432,2023-01-07T14:36:18.000Z,Não confio no CN,0,0,0,https://twitter.com/DepSanderson/status/1610824657107812352
Edison Siqueira,@1965ess,https://twitter.com/1965ess/status/1610970719277441025,2023-01-05T12:05:24.000Z,A população honesta e batalhadora está com vcs,0,0,0,https://twitter.com/DepSanderson/status/1610824657107812352
gaby,@gabysander35,https://twitter.com/gabysander35/status/1610848578724929536,2023-01-05T04:00:03.000Z,"E faça um favor ao povo Brasileiro 
Tirar esses 2 bostas",0,0,0,https://twitter.com/DepSanderson/status/1610824657107812352
Erika Fernandes,@fernandesperika,https://twitter.com/fernandesperika/status/1611773035454816259,2023-01-07T17:13:31.000Z,Parabéns deputado,0,0,0,https://twitter.com/DepSanderson/status/1610824657107812352
RaulyBlä,@RaulianL,https://twitter.com/RaulianL/status/1612636177286463488,2023-01-10T02:23:20.000Z,#CampoDeConcentraçãodoPT #MorteNoCampoDeConcetracaoDoPT,0,0,0,https://twitter.com/DepSanderson/status/1610824657107812352
Rogério B.S patriota 4,@BardenRogerio,https://twitter.com/BardenRogerio/status/1611129055822102528,2023-01-05T22:34:34.000Z,"Agora é focar no Congresso é o que nos resta e lutar pelo fim da indicaçao pelo presidente para o stf. Quanto mais vagabundo indicado mais o sistema vai dominar.Para evitarmos no futuro v@g@bun0$ apadrinhados como,m0r@is,mende$,b@rr0so$ e outros.",0,0,0,https://twitter.com/DepSanderson/status/1610824657107812352
Alessandra Almeida 2,@Alessan02075226,https://twitter.com/Alessan02075226/status/1610941653161844736,2023-01-05T10:09:54.000Z,"Parabéns Deputado,porém não ficou claro para nós lojistas venda de cartuchos e balas cal 22,impossível 50 anuais quebra lojistas e prejudica pessoas do campo,nos ajude!!",0,0,3,https://twitter.com/DepSanderson/status/1610824657107812352
Roberto Silva,@Roberto38845366,https://twitter.com/Roberto38845366/status/1611040407852285954,2023-01-05T16:42:19.000Z,Parabéns Deputado 👏👏👏👏👏,0,0,0,https://twitter.com/DepSanderson/status/1610824657107812352
