nome,usuario,idTweet,dataPublicacao,texto,replies,retweets,likes,tweetPai
Mengo,@uillbrunow,https://twitter.com/uillbrunow/status/1610844598649380864,2023-01-05T03:44:15.000Z,"Gorjeta , ainda vai apreender pedir , os ratos velhos vão dar as dicas !!!",0,0,1,https://twitter.com/SargentoFAHUR/status/1610690436263284756
Andre,@ndrecesquim,https://twitter.com/ndrecesquim/status/1610990144210997249,2023-01-05T13:22:35.000Z,"""Compreensível"", no Brasil teria pouca gente para ocupar o cargo, só ""sobrou ela! Inevitável lembrar da Elba do Collor",0,0,0,https://twitter.com/SargentoFAHUR/status/1610690436263284756
Kiko Natali,@NataliKiko,https://twitter.com/NataliKiko/status/1610724054167687169,2023-01-04T19:45:14.000Z,"Por muito menos, o Collor foi deposto.
Ainda havia vergonha.",0,0,2,https://twitter.com/SargentoFAHUR/status/1610690436263284756
Breno R,@olivebrv123,https://twitter.com/olivebrv123/status/1610709031605383168,2023-01-04T18:45:33.000Z,A picanha,0,0,0,https://twitter.com/SargentoFAHUR/status/1610690436263284756
Marcel Cardoso,@marcelsoueu,https://twitter.com/marcelsoueu/status/1610693293871960088,2023-01-04T17:43:01.000Z,A ministra que jamais saiu de Belford Roxo. Só saiu pra tomar posse em Brasília...,0,0,4,https://twitter.com/SargentoFAHUR/status/1610690436263284756
Cristiano Muniz,@cmfmuniz,https://twitter.com/cmfmuniz/status/1610766147166605337,2023-01-04T22:32:30.000Z,União Brasil do Sergio Moro?,0,0,0,https://twitter.com/SargentoFAHUR/status/1610690436263284756
TAOQUEY,@taoquey1,https://twitter.com/taoquey1/status/1610710147562717202,2023-01-04T18:49:59.000Z,"Vai ser a 1ª Ministra a Cair 
Fogo amigo
Gente de dentro do PT expondo as mazelas dela e do marido, aqui no RJ 

Fazuély  #MinistraDoTurismo",0,0,0,https://twitter.com/SargentoFAHUR/status/1610690436263284756
Luciano C. Queiroz,@panteradovale,https://twitter.com/panteradovale/status/1610709831547076617,2023-01-04T18:48:44.000Z,Tipo o Jair Renan?,0,0,2,https://twitter.com/SargentoFAHUR/status/1610690436263284756
Meire Sá,@alvanete1980,https://twitter.com/alvanete1980/status/1610697277181497345,2023-01-04T17:58:50.000Z,@LaurenHedy,0,0,0,https://twitter.com/SargentoFAHUR/status/1610690436263284756
Marcos Lima,@waelti1968,https://twitter.com/waelti1968/status/1610987556228800514,2023-01-05T13:12:18.000Z,"Tadinha....ela precisa se locomover, faz o L a roubalheira está de volta!!!!",0,0,0,https://twitter.com/SargentoFAHUR/status/1610690436263284756
MÁRCIA,@marcia77444496,https://twitter.com/marcia77444496/status/1610697855882219523,2023-01-04T18:01:08.000Z,😱😱😱😱😱😱😱😱,0,0,0,https://twitter.com/SargentoFAHUR/status/1610690436263284756
Dalmo Fernandes,@dalmo_fern,https://twitter.com/dalmo_fern/status/1610970618060496896,2023-01-05T12:05:00.000Z,Já???,0,0,0,https://twitter.com/SargentoFAHUR/status/1610690436263284756
jaque burin,@JaqueBurin,https://twitter.com/JaqueBurin/status/1610703368049291264,2023-01-04T18:23:03.000Z,Pessoal vamos se mobilizar em frente à Câmara municipal de nossas cidades e quem puder ir até Brasília que vá mas é muito importante estar indo até em frente à Câmara municipal para que a mídia local divulgue com urgência o que está acontecendo no Brasil,0,0,0,https://twitter.com/SargentoFAHUR/status/1610690436263284756
simone souza,@simones38770831,https://twitter.com/simones38770831/status/1610748047100723200,2023-01-04T21:20:35.000Z,Pilantragem que não acaba kkk,0,0,0,https://twitter.com/SargentoFAHUR/status/1610690436263284756
Guilherme Leal ™,@gui_oficial28,https://twitter.com/gui_oficial28/status/1613283393755652097,2023-01-11T21:15:09.000Z,Conheço bem. É daqui da região.,0,0,0,https://twitter.com/SargentoFAHUR/status/1610690436263284756
Felipe Marcos,@felipemarcosadm,https://twitter.com/felipemarcosadm/status/1610742234659405824,2023-01-04T20:57:29.000Z,“Amigo secreto” 🤫,0,0,0,https://twitter.com/SargentoFAHUR/status/1610690436263284756
Uiliam Mendonça,@Uiliam_03,https://twitter.com/Uiliam_03/status/1611019608923770880,2023-01-05T15:19:40.000Z,"Só quem vive em Belford roxo sabe o que se passa, é bem pior que isso",0,0,0,https://twitter.com/SargentoFAHUR/status/1610690436263284756
Roger Souza,@Rogerwillyam,https://twitter.com/Rogerwillyam/status/1610698448705142786,2023-01-04T18:03:30.000Z,É na cara de pau msm e todo mundo sabia!!! 🤬🤬🤡🤡,0,0,0,https://twitter.com/SargentoFAHUR/status/1610690436263284756
Observando Tudo,@Observador0707,https://twitter.com/Observador0707/status/1610714726715080713,2023-01-04T19:08:11.000Z,Democraticamente,0,0,0,https://twitter.com/SargentoFAHUR/status/1610690436263284756
𝕽𝖔𝖘𝖊 𝕺𝖑𝖎𝖛𝖊𝖎𝖗𝖆,@Rose23077418,https://twitter.com/Rose23077418/status/1610691255993868288,2023-01-04T17:34:55.000Z,"É a irmã da ministra 🤬 que teve apoio eleitoral de um miliciano? Ah, tá",0,0,1,https://twitter.com/SargentoFAHUR/status/1610690436263284756
Lucas Ramos,@Lrt856,https://twitter.com/Lrt856/status/1610711703880187936,2023-01-04T18:56:10.000Z,"😂😂😂! Menos de 30 dias zero novidade , que vergonha",0,0,1,https://twitter.com/SargentoFAHUR/status/1610690436263284756
Diego Augusto da Rosa Pretto,@Diego11616,https://twitter.com/Diego11616/status/1610696964831690760,2023-01-04T17:57:36.000Z,Não havia o novo normal? Agora há o novo legal.,0,0,2,https://twitter.com/SargentoFAHUR/status/1610690436263284756
Hugo Patrocinio Belshoff,@hugobelshoff,https://twitter.com/hugobelshoff/status/1610770080132116492,2023-01-04T22:48:08.000Z,"Nada demais, bobagem. @FlavioDino @LulaOficial",0,0,0,https://twitter.com/SargentoFAHUR/status/1610690436263284756
Neilor Jr Schindler,@neilor_junior,https://twitter.com/neilor_junior/status/1610718871090085897,2023-01-04T19:24:39.000Z,"Cosplay do Village People:
Realmente isso é errado.
Só quem é tapado pode aceitar isso.
Mas, diga.
Como vc se sente gastando em média mais de R$5 mil por mês em locação de veículos, mais um Catatau em combustíveis e passagens aéreas???
Cuidado ao atirar pedras no vidro dos outros",2,0,2,https://twitter.com/SargentoFAHUR/status/1610690436263284756
Kaique pinho,@Kaiquepinho5,https://twitter.com/Kaiquepinho5/status/1610749762684485634,2023-01-04T21:27:24.000Z,"Ô Sargento, você criticou a atual ministra quando a mesma era apoiadora ferrenha de Bolsonaro? Cabe a dúvida, porque se é para criticar que seja também quando era uma aliada do ex-presidente.",0,0,1,https://twitter.com/SargentoFAHUR/status/1610690436263284756
Edu CF,@educhf,https://twitter.com/educhf/status/1610748123277848577,2023-01-04T21:20:53.000Z,Cuidado ein a lava-jato começou com um Evoke de presente,0,0,0,https://twitter.com/SargentoFAHUR/status/1610690436263284756
Douglas Sousa,@Douglas84661442,https://twitter.com/Douglas84661442/status/1611051628366372865,2023-01-05T17:26:54.000Z,"No governo Bolsonarista era kl e kl de ouro,no governo atual atual rebaixou para Corolla",0,0,0,https://twitter.com/SargentoFAHUR/status/1610690436263284756
Emiliano de Aguiar,@eaguiar15,https://twitter.com/eaguiar15/status/1610741079795695616,2023-01-04T20:52:54.000Z,E o Collor foi só um Uno.,2,0,3,https://twitter.com/SargentoFAHUR/status/1610690436263284756
Roberto Carlos d ́Ávila,@Roberto37827120,https://twitter.com/Roberto37827120/status/1610968995598934016,2023-01-05T11:58:33.000Z,"Tem cara que ganhou um país, e não foi nem do irmão.",0,0,0,https://twitter.com/SargentoFAHUR/status/1610690436263284756
Coelho2023,@CoelhoSmo123,https://twitter.com/CoelhoSmo123/status/1610987427329449988,2023-01-05T13:11:48.000Z,Tipo da COVAXIN?,0,0,0,https://twitter.com/SargentoFAHUR/status/1610690436263284756
J,@Jeanfama,https://twitter.com/Jeanfama/status/1610691031799926820,2023-01-04T17:34:01.000Z,"No envelope estava escrito: ""toma lá da cá""",0,0,2,https://twitter.com/SargentoFAHUR/status/1610690436263284756
Mansueto Megale Neto,@Mansueto_N,https://twitter.com/Mansueto_N/status/1610701958159151105,2023-01-04T18:17:26.000Z,4 dias e já está assim? Imagino alguns dias a mais,0,0,4,https://twitter.com/SargentoFAHUR/status/1610690436263284756
"Faz o L agora, otário!",@MarcitoDo,https://twitter.com/MarcitoDo/status/1610776962514952193,2023-01-04T23:15:29.000Z,"Um corolinha. Coisa boba,um mimo",0,0,0,https://twitter.com/SargentoFAHUR/status/1610690436263284756
Humberto Ortolan,@Humb1968,https://twitter.com/Humb1968/status/1610773728127848449,2023-01-04T23:02:38.000Z,Menos Twitter mais trabalho.,0,0,0,https://twitter.com/SargentoFAHUR/status/1610690436263284756
Jonny Yamaguchi,@jonny1217,https://twitter.com/jonny1217/status/1610729747410976790,2023-01-04T20:07:52.000Z,"Eles já estão começando daqui a sete meses o 
Brasil já era  e o crime dominara",0,0,0,https://twitter.com/SargentoFAHUR/status/1610690436263284756
NL R2,@lauterjung,https://twitter.com/lauterjung/status/1610721755336671257,2023-01-04T19:36:06.000Z,E o Collor foi deposto por uma Elba.,0,0,0,https://twitter.com/SargentoFAHUR/status/1610690436263284756
Paulo Pancieri Jr,@JrPancieri,https://twitter.com/JrPancieri/status/1610809086676959236,2023-01-05T01:23:08.000Z,Cade os homens de verdade nessa politica?????,0,0,0,https://twitter.com/SargentoFAHUR/status/1610690436263284756
Diogo Krause,@DiogoKrause,https://twitter.com/DiogoKrause/status/1611043320263839744,2023-01-05T16:53:53.000Z,Tudo normal em Brasília,0,0,0,https://twitter.com/SargentoFAHUR/status/1610690436263284756
Rogerio Scarabelo,@RogerioScarabe1,https://twitter.com/RogerioScarabe1/status/1610718500674322440,2023-01-04T19:23:10.000Z,Faz o L cambada de 💩,0,0,1,https://twitter.com/SargentoFAHUR/status/1610690436263284756
Leitura intelectualizese,@cidagomes40,https://twitter.com/cidagomes40/status/1610992854523936768,2023-01-05T13:33:21.000Z,Saudade do tempo em que receber uma Elba de presente era escandaloso e resultava em impeachment.,0,0,1,https://twitter.com/SargentoFAHUR/status/1610690436263284756
ALZIRO JUNIOR BOM JUNIOR,@AlziroBom,https://twitter.com/AlziroBom/status/1610722996007608320,2023-01-04T19:41:02.000Z,"🤩🤩Tipo, os cheques do QUEIROZ???
ah vá tnc bigode se orienta seu PC.",0,1,2,https://twitter.com/SargentoFAHUR/status/1610690436263284756
Dhenys Tavares,@DhenysTavares,https://twitter.com/DhenysTavares/status/1610753229066850306,2023-01-04T21:41:10.000Z,Até final do ano todas as famílias dos ministros estão de carro novo ou em cargos públicos. #ForaLula,0,0,0,https://twitter.com/SargentoFAHUR/status/1610690436263284756
Samuel Hissa Leite,@samuelhissa,https://twitter.com/samuelhissa/status/1610974196959694849,2023-01-05T12:19:13.000Z,"Pq o espanto, esse é o padrão PT.",0,0,0,https://twitter.com/SargentoFAHUR/status/1610690436263284756
Silvana Martins Bellanda,@MartinsBellanda,https://twitter.com/MartinsBellanda/status/1610785741415796739,2023-01-04T23:50:22.000Z,É tão nojento tudo isso que está acontecendo no nosso país! Este bando de ladroes tomando conta de tudo roubando mais uma x! Em 4 dias não dá nem p enumerar o que já destruíram no nosso país! E sobre o índigena que está preso???? Cadê o exército por favor,0,0,0,https://twitter.com/SargentoFAHUR/status/1610690436263284756
Alex Araujo,@AlexAra80446036,https://twitter.com/AlexAra80446036/status/1610802560092491776,2023-01-05T00:57:12.000Z,"Ué Leôncio, quando Jair Renan ganhou carro de presente de uma empresa nap lembro de vc ter se incomodado...  lembra?https://br.noticias.yahoo.com/depois-de-ganhar-carro-de-90-mil-de-empresa-jair-renan-e-investigado-pelo-mp-155716090.html…",0,0,0,https://twitter.com/SargentoFAHUR/status/1610690436263284756
Neilor Jr Schindler,@neilor_junior,https://twitter.com/neilor_junior/status/1610721943287627776,2023-01-04T19:36:51.000Z,"Bigode sujo de sêmen do mitow(.)(.)
Nesses últimos 04 anos em q vc só mamou o contribuinte brasileiro já te pagou o equivalente a quantos Corollas de luxo??
Vc não consegue comprar um carro desse com o salário q o povo paga pra vc na Câmara???
Junta com a sua aposentadoria da PM.",0,0,1,https://twitter.com/SargentoFAHUR/status/1610690436263284756
Ivan,@Ivanapolonio4,https://twitter.com/Ivanapolonio4/status/1610773430776877056,2023-01-04T23:01:27.000Z,PQP  ...o cara acordou agora pra virar corneteiro de Twitter ... o país estava uma DRAGA du C aralho o cara não abria a Boca... VSF,0,0,0,https://twitter.com/SargentoFAHUR/status/1610690436263284756
eusoulchico,@eusoulchico,https://twitter.com/eusoulchico/status/1610751704068198401,2023-01-04T21:35:07.000Z,"Mulher do Waguinho, marido é prefeito e MILICIANO, respeito que ela tem é ZERO!",0,0,0,https://twitter.com/SargentoFAHUR/status/1610690436263284756
BrunoLillard,@BrunoLillard,https://twitter.com/BrunoLillard/status/1610724638585413632,2023-01-04T19:47:34.000Z,Prostitutas fora da Zona da nisso,0,0,2,https://twitter.com/SargentoFAHUR/status/1610690436263284756
Robô do Ódio,@RoboDoOdio,https://twitter.com/RoboDoOdio/status/1610691386373804032,2023-01-04T17:35:26.000Z,"Ela apoiou Bolsonaro no primeiro turno, subiu no palco com o governador, depois de eleita com votação recorde, mudou de lado e passou a apoiar o Lula. Só ai já mostra o caráter dessa pessoa.",0,0,1,https://twitter.com/SargentoFAHUR/status/1610690436263284756
FERNANDO LUIZ MARQUE,@fernandoimaral,https://twitter.com/fernandoimaral/status/1610692977373974537,2023-01-04T17:41:45.000Z,FazuÉli,0,0,0,https://twitter.com/SargentoFAHUR/status/1610690436263284756
Antônio dutra,@fdantonio9999,https://twitter.com/fdantonio9999/status/1610977521935196163,2023-01-05T12:32:26.000Z,"4 DIAS DESGOVERNADO PT.

Dólar sobe, bolsa desaba, real último ranking moedas, 37 ministros sem alinhamento algum, desconhecemos plano de governo. CAMINHAMOS O POBREZA. Sobra falácia falta governo. Logo teremos saudades do presidente @jairbolsonaro #BolsonaroOrgulhoDoBrasil",1,1,4,https://twitter.com/SargentoFAHUR/status/1610690436263284756
يساري,@H_Mendes5,https://twitter.com/H_Mendes5/status/1610712073755070464,2023-01-04T18:57:38.000Z,Mesma assim o Lula é o presidente 😂😂😂😂,0,0,0,https://twitter.com/SargentoFAHUR/status/1610690436263284756
EXÉRCITO DE PATRIOTAS,@VivianoRodrigo,https://twitter.com/VivianoRodrigo/status/1610695313139941417,2023-01-04T17:51:02.000Z,"Vamos passar fome, já os artista de boa.https://terrabrasilnoticias.com/2023/01/orcamento-de-lula-gera-piada-nas-redes-sociais-r-10-bilhoes-para-cultura-r-15-para-agro/…",0,3,5,https://twitter.com/SargentoFAHUR/status/1610690436263284756
LUIZ CTBA,@LuizctbaII,https://twitter.com/LuizctbaII/status/1610718823111442450,2023-01-04T19:24:27.000Z,https://twitter.com/LuizctbaII/status/1610718375990247450?s=20&t=iVXNSnscem7CeYDiiIgQgA…,0,0,0,https://twitter.com/SargentoFAHUR/status/1610690436263284756
Jorge,@Jorge41224263,https://twitter.com/Jorge41224263/status/1610808397787545603,2023-01-05T01:20:24.000Z,"Quadrilhão do militares
Quadrilhão de Bozo Quadrilhão d STF STJ Quadrilhão d kassab Quadrilhão de Ciro nogueira Quadrilhão do temer Quadrilhão de lula Quadrilhão de Collor Quadrilhão de Sarney Quadrilhão de FHC Que país aguenta Vcs acreditam em reformas? Falta sério Acorda Brasil",0,0,0,https://twitter.com/SargentoFAHUR/status/1610690436263284756
