nome,usuario,idTweet,dataPublicacao,texto,replies,retweets,likes,tweetPai
Patrícia Torres,@409estetica,https://twitter.com/409estetica/status/1610450447713669121,2023-01-04T01:38:02.000Z,@Fabiocbezerra1,0,0,1,https://twitter.com/nikolas_dm/status/1610432447631740930
Valesca Giuseppe,@ValescaGiusepp3,https://twitter.com/ValescaGiusepp3/status/1610441004020023296,2023-01-04T01:00:30.000Z,@nikolas_dm o cacique tsere teve um infarto na prisão. Pelo.amor de Deus vcs deputados não podem fazer algo????,0,0,0,https://twitter.com/nikolas_dm/status/1610432447631740930
Caio Zucker,@caiozucker,https://twitter.com/caiozucker/status/1610450365891153927,2023-01-04T01:37:42.000Z,"Obrigado Deus, por nunca ir com a cara desse Kim desde que ele surgiu na internet. 🙏🏻",0,0,0,https://twitter.com/nikolas_dm/status/1610432447631740930
Lua Doidera,@Aluadoidera,https://twitter.com/Aluadoidera/status/1610608730839605249,2023-01-04T12:06:59.000Z,Obrigada! Afinal ngm aguenta mais vocês chorando pelos cantos e espalhando Fake News,9,0,32,https://twitter.com/nikolas_dm/status/1610432447631740930
Bruno Trazzini,@btrazzini,https://twitter.com/btrazzini/status/1610656647730565120,2023-01-04T15:17:24.000Z,"Ueh... ""Se eu errar, o PT volta""",0,0,0,https://twitter.com/nikolas_dm/status/1610432447631740930
Honorato,@philliphonorato,https://twitter.com/philliphonorato/status/1610469356844064772,2023-01-04T02:53:10.000Z,"Acordou Bela adormecida?
Aonde você estava quando o Bolsonaro fez tudo isso 👇🏼",30,24,629,https://twitter.com/nikolas_dm/status/1610432447631740930
Cristiano Caiado,@SouCrisCaiado,https://twitter.com/SouCrisCaiado/status/1610521050252451840,2023-01-04T06:18:35.000Z,Bolsonaro fez certíssimo no ponto das vacinas.,5,0,2,https://twitter.com/nikolas_dm/status/1610432447631740930
Marcio Colombo,@marciocolombo,https://twitter.com/marciocolombo/status/1610446656008241152,2023-01-04T01:22:58.000Z,"Machão não internet, tchutchuca na vida real.

Do debate contra o @KimKataguiri você fugiu né?

Se debatesse iria perceber que o Kim nunca foi isentão, tampouco precisa se pendurar nas bolas de alguém para ter relevância.",21,4,275,https://twitter.com/nikolas_dm/status/1610432447631740930
David Azevedo,@DavidAzevedosp,https://twitter.com/DavidAzevedosp/status/1610437629966782466,2023-01-04T00:47:06.000Z,Faz o P de passador de Pano,0,0,0,https://twitter.com/nikolas_dm/status/1610432447631740930
DRA,@Ard_1914,https://twitter.com/Ard_1914/status/1610452397322604545,2023-01-04T01:45:46.000Z,Ou vocês se acertam ou PT vai passar o carro….,0,0,0,https://twitter.com/nikolas_dm/status/1610432447631740930
proletária cansada ☭,@hey_ioiohanna,https://twitter.com/hey_ioiohanna/status/1610438476712878080,2023-01-04T00:50:28.000Z,3 dias de governo lula e Nicolas ferreira ainda está falando. Cadê a censura q prometeram,17,37,303,https://twitter.com/nikolas_dm/status/1610432447631740930
Roberto Fakir,@RobertoFakir,https://twitter.com/RobertoFakir/status/1610438552805834757,2023-01-04T00:50:46.000Z,"Caro Nicolas, guarde suas ""energias"" e faça como o seu colega aí de MG. Estude o regulamento da Câmara e vejam como reverter esse assunto das armas. Pare um pouco com a Internet.",0,0,1,https://twitter.com/nikolas_dm/status/1610432447631740930
Zeca,@Zeca_ITPV,https://twitter.com/Zeca_ITPV/status/1610434189211455489,2023-01-04T00:33:25.000Z,"Posta a porra do decreto inteiro, garoto.",0,0,1,https://twitter.com/nikolas_dm/status/1610432447631740930
Léia Cruz,@CcruzLleia,https://twitter.com/CcruzLleia/status/1610699715062136832,2023-01-04T18:08:32.000Z,Começando pela caneta?????,0,0,1,https://twitter.com/nikolas_dm/status/1610432447631740930
Inaldo Telles Barreto,@barreto_inaldo,https://twitter.com/barreto_inaldo/status/1610792697882882049,2023-01-05T00:18:00.000Z,Foi eleito para isso e está cumprindo a palavra.,0,0,0,https://twitter.com/nikolas_dm/status/1610432447631740930
Evio Lima,@JEvioSLima,https://twitter.com/JEvioSLima/status/1610433628336541696,2023-01-04T00:31:12.000Z,Olha ele no L,0,2,12,https://twitter.com/nikolas_dm/status/1610432447631740930
Cartunista Jindelt,@PS_Jindelt_60,https://twitter.com/PS_Jindelt_60/status/1610465017014394880,2023-01-04T02:35:55.000Z,"Depois do Ministério da Verdade, estará na fila a Polícia do Pensamento. Fiquem ligados.",1,10,39,https://twitter.com/nikolas_dm/status/1610432447631740930
PELA PATRIA! DEUS É FIEL !,@novaes_monteiro,https://twitter.com/novaes_monteiro/status/1610667361660723202,2023-01-04T15:59:58.000Z,"Desinformação= toda divergência do que eles informam!
Simples assim!",0,2,7,https://twitter.com/nikolas_dm/status/1610432447631740930
Cesar Canavesi,@KaiserCanavesi2,https://twitter.com/KaiserCanavesi2/status/1610457845513814016,2023-01-04T02:07:25.000Z,Vê se coloca o print eterno ao invés de retuitar e dar engajamento. Agora o FDP apagou e não sei sobre o que era o post.,2,0,2,https://twitter.com/nikolas_dm/status/1610432447631740930
Malmal,@Maurili53834956,https://twitter.com/Maurili53834956/status/1610462541385469952,2023-01-04T02:26:05.000Z,Pode criar um órgão por decreto com essa funções?,2,0,1,https://twitter.com/nikolas_dm/status/1610432447631740930
Natalia,@NataliaCPimenta,https://twitter.com/NataliaCPimenta/status/1610432891120488451,2023-01-04T00:28:16.000Z,"Não vi sua indignação quando Bolsonaro tirou dinheiro de onde mais precisava pra enfiar no centrão e engordar o orçamento secreto,ou quando ele tirou dinheiro da saúde e educação depois das eleições,ou quando escondeu o cara que mandou 27 cheques pra Michelle...",16,3,232,https://twitter.com/nikolas_dm/status/1610432447631740930
Bárbara,@Brbara07406947,https://twitter.com/Brbara07406947/status/1610432774460022784,2023-01-04T00:27:48.000Z,Receba Kim,2,0,2,https://twitter.com/nikolas_dm/status/1610432447631740930
Luis Ignoracio Mula da Cilvia Parody,@Ignoracio,https://twitter.com/Ignoracio/status/1610434392631005186,2023-01-04T00:34:14.000Z,Kim é tão phoda que dirrubou o mito de que tudo os  japonêis é intelijente.,4,1,28,https://twitter.com/nikolas_dm/status/1610432447631740930
Paulo Melo,@paulohphmelo,https://twitter.com/paulohphmelo/status/1610434282618511362,2023-01-04T00:33:48.000Z,"Continua latindo, que o seu deve ser mais barulhento…",4,13,284,https://twitter.com/nikolas_dm/status/1610432447631740930
Anebrasil,@Anebrasil07,https://twitter.com/Anebrasil07/status/1610436874530611203,2023-01-04T00:44:06.000Z,"Esse aí não tem nada de isentão. O único objetivo dele e do mbl é o poder, ainda que precise passar por cima de qualquer um",0,0,2,https://twitter.com/nikolas_dm/status/1610432447631740930
Liberdade BRASIL,@censuradotwiter,https://twitter.com/censuradotwiter/status/1610437190722486272,2023-01-04T00:45:21.000Z,"A piada é que o ladr@o fez campanha mentindo, 

Foi diplomado mentindo,  assinou a pose mentindo , fez discurso a nação mentindo e É  ele que cria a secretaria de combate à desinformação. 🤣🤣🤣🤣🤣🤣🤣🤣🤣🤣🤣🤣🤣🤣🤣🤣🤣🤣🤣🤣🤣🤣🤣🤣🤣🤣🤣🤣🤣🤣🤣🤣🤣🤣🤣🤣🤣🤣🤣🤣🤣",0,1,1,https://twitter.com/nikolas_dm/status/1610432447631740930
fabio campos,@camposfabio,https://twitter.com/camposfabio/status/1610436393708228608,2023-01-04T00:42:11.000Z,"o nikolas foi cria do mbl e não larga a mão deles de jeito nenhum né,kim e nikolas farinha do mesmo saco e nem deveriam terem sido eleitos,com suas tecnicas de manipulação",4,0,4,https://twitter.com/nikolas_dm/status/1610432447631740930
Mateus,@igblc,https://twitter.com/igblc/status/1610433365928296449,2023-01-04T00:30:09.000Z,Saudades de quando vc tava sem o Twitter mano,13,5,218,https://twitter.com/nikolas_dm/status/1610432447631740930
Diego Cunha,@DiegoCunha_,https://twitter.com/DiegoCunha_/status/1610433105684271104,2023-01-04T00:29:07.000Z,"Abiguinho, só tem medo da fiscalização de fakenews quem pratica fakenews. 

Falou!",5,0,60,https://twitter.com/nikolas_dm/status/1610432447631740930
Fernando Palazzo,@trixmidia,https://twitter.com/trixmidia/status/1610432898326306816,2023-01-04T00:28:18.000Z,"Ixa, vc ta lascado então, a cada 10 palavras, 9 é mentira 🤣",0,0,29,https://twitter.com/nikolas_dm/status/1610432447631740930
Oliver,@Oliv14Gilvanete,https://twitter.com/Oliv14Gilvanete/status/1610433130980151296,2023-01-04T00:29:13.000Z,A sensação é que a gente perdeu a guerra e um outro País tomou o nosso Brasil 🥺Até quando o senhor🙏,0,0,3,https://twitter.com/nikolas_dm/status/1610432447631740930
David ᴮᴿ,@davidrightpost,https://twitter.com/davidrightpost/status/1610433771681071104,2023-01-04T00:31:46.000Z,"Esse deseja estabelecer um novo teatro das tesouras, ele quer ser o novo FHC/Alckmin.",1,0,1,https://twitter.com/nikolas_dm/status/1610432447631740930
Li,@Ligoncalves08,https://twitter.com/Ligoncalves08/status/1610435602675015682,2023-01-04T00:39:02.000Z,É muita cara de pau dessa gente…,0,0,2,https://twitter.com/nikolas_dm/status/1610432447631740930
Rafael Gagliardi ☭,@RGagliardi89,https://twitter.com/RGagliardi89/status/1610432869263937536,2023-01-04T00:28:11.000Z,"Oh Nikolas, começa a trabalhar. De verdade, cara.
Vai lá e faz a diferença",3,1,60,https://twitter.com/nikolas_dm/status/1610432447631740930
hericto,@augstx031,https://twitter.com/augstx031/status/1610433261058105351,2023-01-04T00:29:44.000Z,"dia inteirinho comentando sobre o Lula, a obsessão",14,2,119,https://twitter.com/nikolas_dm/status/1610432447631740930
Arthur,@arthurrasen,https://twitter.com/arthurrasen/status/1610433899250737155,2023-01-04T00:32:16.000Z,o Kim tá esperando o debate com vc até agr 🤷🏻‍♂️,4,0,22,https://twitter.com/nikolas_dm/status/1610432447631740930
Jean Carlos A.S,@JeanCarlosAS1,https://twitter.com/JeanCarlosAS1/status/1610433939369254912,2023-01-04T00:32:26.000Z,Chora bastante!!!!!!!,0,1,21,https://twitter.com/nikolas_dm/status/1610432447631740930
Eduardo SG,@ESG0228201,https://twitter.com/ESG0228201/status/1610434318773686273,2023-01-04T00:33:56.000Z,"Não seja inocente. O MBL planejou tudo isso há tempo. -Arrancar o Bolsonaro;
- usar o Lula para fazer oposição e se monetizar com os idiotas que os seguem ;
-derrubar novamente o gov, colocando seu candidato preferido: Alckmin e;
-ganhar notoriedade;
Esse é o objetivo",10,0,6,https://twitter.com/nikolas_dm/status/1610432447631740930
Vitor Henrique,@VitorHe2627,https://twitter.com/VitorHe2627/status/1610435354300923905,2023-01-04T00:38:03.000Z,"Nikolas faça um favor ao povo brasileiro: já que você alega fr4ude nas urnas, renuncie ao seu cargo de deputado. Afinal se as urnas foram Fr4ud4das só pq o Lula ganhou, não há sentido vc reconhecer a sua vitória.",2,0,26,https://twitter.com/nikolas_dm/status/1610432447631740930
gbzin≛≣,@GbzinxD,https://twitter.com/GbzinxD/status/1610435942074187778,2023-01-04T00:40:23.000Z,"Só tu parar de postar mentira na Internet e pronto não vai ser taxado,  mais simples n tem como",2,0,7,https://twitter.com/nikolas_dm/status/1610432447631740930
Roberto LulaJá,@Drluzazzen,https://twitter.com/Drluzazzen/status/1610440520265785344,2023-01-04T00:58:35.000Z,Tá preocupado? Basta não contar mentiras.,1,0,53,https://twitter.com/nikolas_dm/status/1610432447631740930
★B͙R͙E͙N͙O͙★,@BrnCRdM,https://twitter.com/BrnCRdM/status/1610432818563383297,2023-01-04T00:27:58.000Z,Faz o L kkk.,5,6,41,https://twitter.com/nikolas_dm/status/1610432447631740930
Rodrigo Constantino - PILHADO,@PillRodrigo,https://twitter.com/PillRodrigo/status/1610434358250246145,2023-01-04T00:34:06.000Z,Ampliaram a Lei Kim.,0,0,43,https://twitter.com/nikolas_dm/status/1610432447631740930
Felipe C.,@carneirofff,https://twitter.com/carneirofff/status/1610434837957021696,2023-01-04T00:36:00.000Z,Vc tá indignado assim pq o Lula preferiu a Resistência de pet ou pq o mito não te levou junto pra Disney pq lá já tem um Pateta?,2,1,139,https://twitter.com/nikolas_dm/status/1610432447631740930
Rafa,@rafaellame_,https://twitter.com/rafaellame_/status/1610435419610484736,2023-01-04T00:38:19.000Z,Kkkkkkkkkkkkk esses cara não aceita q perderam até hoje mano kkkk nooooo que chaturaaaaa,1,0,9,https://twitter.com/nikolas_dm/status/1610432447631740930
thiago,@thfobic,https://twitter.com/thfobic/status/1610435817184583681,2023-01-04T00:39:53.000Z,acabou pra ti nikolas não vai mais poder mentir nas lives,2,0,94,https://twitter.com/nikolas_dm/status/1610432447631740930
bruno assad,@brunoassad,https://twitter.com/brunoassad/status/1610441699121106945,2023-01-04T01:03:16.000Z,Aproveitando o momento. Gostaria de saber sobre projetos para conter as inundações em BH. Vc tem alguma previsão?,1,0,15,https://twitter.com/nikolas_dm/status/1610432447631740930
"Gaúcha colorada, petista com muito orgulho!!",@colorada_gaucha,https://twitter.com/colorada_gaucha/status/1610445011438403585,2023-01-04T01:16:26.000Z,"Pensa pelo lado positivo Chupetinha,vc vai ser poupado de ter que vir a público se desmentir .",0,0,43,https://twitter.com/nikolas_dm/status/1610432447631740930
LegaNauco (03/21),@LegaNautico,https://twitter.com/LegaNautico/status/1610447447641260034,2023-01-04T01:26:06.000Z,Qualé chupetinha desvia dinheiro pro Náutico,1,0,9,https://twitter.com/nikolas_dm/status/1610432447631740930
Diego Lima,@Diegosaid31,https://twitter.com/Diegosaid31/status/1610451594050428936,2023-01-04T01:42:35.000Z,"No plenário vc não vai poder fugir de debater com Kim, seu arregao kkkk

Quer mesmo chamar a atenção dele?",1,1,42,https://twitter.com/nikolas_dm/status/1610432447631740930
Aqui não bebê,@fofoqueiibr,https://twitter.com/fofoqueiibr/status/1610434023091838983,2023-01-04T00:32:46.000Z,Tu não cansa de passar vergonha não né? Que obsessão é essa? Vai lavar uma roupa,0,0,6,https://twitter.com/nikolas_dm/status/1610432447631740930
Marcela,@marcelalr22,https://twitter.com/marcelalr22/status/1610434679756275712,2023-01-04T00:35:22.000Z,Nikolas você tem notícias sobre o estado de saúde do cacique?,5,0,8,https://twitter.com/nikolas_dm/status/1610432447631740930
Bʀᴜɴɪɴʜᴏ,@_eubtf,https://twitter.com/_eubtf/status/1610437046249705476,2023-01-04T00:44:46.000Z,"essa obsessão já é doença mó, te recomendo um psiquiatra",0,0,7,https://twitter.com/nikolas_dm/status/1610432447631740930
Paulo Vitor Belmont,@paulovbelmont,https://twitter.com/paulovbelmont/status/1610439815803326465,2023-01-04T00:55:47.000Z,"Fala, Chupetinha.",0,0,7,https://twitter.com/nikolas_dm/status/1610432447631740930
Eliete Melorini,@EMelorini,https://twitter.com/EMelorini/status/1610445519318286336,2023-01-04T01:18:27.000Z,Grande Presidente Lula 🙏❤️ agora o Brasil tem um presidente de verdade. Amém 🙏🙌,0,0,5,https://twitter.com/nikolas_dm/status/1610432447631740930
Grafite 01,@01_grafite,https://twitter.com/01_grafite/status/1610448813860306947,2023-01-04T01:31:32.000Z,"Kkkkk olha o arregao voltou, fala pro filho do presidente se ainda prefere o Lula solto.",0,0,24,https://twitter.com/nikolas_dm/status/1610432447631740930
LCJ,@LCesarJota21,https://twitter.com/LCesarJota21/status/1610451659087351809,2023-01-04T01:42:50.000Z,Debater com ele não quer né kkkkkkkkk,0,0,8,https://twitter.com/nikolas_dm/status/1610432447631740930
Ezimar A Santos,@AEzimar,https://twitter.com/AEzimar/status/1610457553854423041,2023-01-04T02:06:16.000Z,"Menino cria vergonha na sua posição e faça algo produtivo. Explica como fez tantas fake news e como acreditaram. Ajuda a falar, agir e demonstrar as verdades em fatos e registros públicos verdadeiros e não falsificados.",0,0,10,https://twitter.com/nikolas_dm/status/1610432447631740930
Júlio Bomfim Jaymovich,@Eduardo05852573,https://twitter.com/Eduardo05852573/status/1610661266921586688,2023-01-04T15:35:45.000Z,Começando por ele que diz na cara dura que foi inocentado,0,0,0,https://twitter.com/nikolas_dm/status/1610432447631740930
chele,@Chelelima_,https://twitter.com/Chelelima_/status/1610669762853363714,2023-01-04T16:09:30.000Z,"Quero saber se você vai chorar, pra eu pegar um balde",0,0,0,https://twitter.com/nikolas_dm/status/1610432447631740930
PH Andrade,@OPhandrade,https://twitter.com/OPhandrade/status/1610626807274868736,2023-01-04T13:18:49.000Z,"E o D de debate rola QUANDO?
Ou vai fazer o F de frouxo denovo?",1,0,1,https://twitter.com/nikolas_dm/status/1610432447631740930
Carla Belintani,@Carla608311821,https://twitter.com/Carla608311821/status/1610482342669479937,2023-01-04T03:44:46.000Z,O slogan já está pronto!👇😒,0,0,1,https://twitter.com/nikolas_dm/status/1610432447631740930
Nando Antony,@fernandoantony,https://twitter.com/fernandoantony/status/1610432829053083648,2023-01-04T00:28:01.000Z,Está se sentindo “enganade” mana?,0,0,1,https://twitter.com/nikolas_dm/status/1610432447631740930
O aleijado,@JuanMingau,https://twitter.com/JuanMingau/status/1610432858929102850,2023-01-04T00:28:08.000Z,"Nikolas, eu aprendi mais duas danças de k-pop",0,0,1,https://twitter.com/nikolas_dm/status/1610432447631740930
Bruno,@BrunoBRF1995,https://twitter.com/BrunoBRF1995/status/1610433734146199552,2023-01-04T00:31:37.000Z,Academia MBL com as cores da Venezuela kkkk,0,0,2,https://twitter.com/nikolas_dm/status/1610432447631740930
HILD,@hildkps,https://twitter.com/hildkps/status/1610433913884639234,2023-01-04T00:32:20.000Z,L,0,0,1,https://twitter.com/nikolas_dm/status/1610432447631740930
Guile Duran,@DuranGuile80,https://twitter.com/DuranGuile80/status/1610482013261152256,2023-01-04T03:43:27.000Z,"Quanto mais são apressados no plano comunista, mais rápido vão cair, só acho , no Brasil isso jamais vai dar certo",0,0,0,https://twitter.com/nikolas_dm/status/1610432447631740930
Martins,@AlanMartins77,https://twitter.com/AlanMartins77/status/1610433608547987463,2023-01-04T00:31:07.000Z,"Hahahhahahhahahaha
Boa. Merecido.",0,0,0,https://twitter.com/nikolas_dm/status/1610432447631740930
Safira Mazzoni,@MazzoniSafira,https://twitter.com/MazzoniSafira/status/1610456580960538629,2023-01-04T02:02:24.000Z,"Por isso temos qie ir pras ruas, não adianta ficar nas redes sociais",0,0,0,https://twitter.com/nikolas_dm/status/1610432447631740930
Caetano,@Caetanodamata,https://twitter.com/Caetanodamata/status/1610434346271268864,2023-01-04T00:34:03.000Z,Então o primeiro a ser desmentindo será ele. Quantas mentiras falou no discurso da posse.,0,0,0,https://twitter.com/nikolas_dm/status/1610432447631740930
𝓞 𝓡𝓲𝓸 𝓥𝓪𝓲 𝓕𝓮𝓻𝓿𝓮𝓻,@o_rio_vai_ferve,https://twitter.com/o_rio_vai_ferve/status/1610596528657428480,2023-01-04T11:18:30.000Z,"Não é isentão, é desonesto mesmo.",0,0,0,https://twitter.com/nikolas_dm/status/1610432447631740930
Selma Dionísio,@DionisioSelma,https://twitter.com/DionisioSelma/status/1610460595551145984,2023-01-04T02:18:21.000Z,"Estes viraram Axandemia de MoBraL? 
Cruzes!😱😱😱😱😱😱",0,0,0,https://twitter.com/nikolas_dm/status/1610432447631740930
Dona Florinda,@CristinaPolet11,https://twitter.com/CristinaPolet11/status/1610434994790617089,2023-01-04T00:36:37.000Z,Vai oficializar a censura,0,0,0,https://twitter.com/nikolas_dm/status/1610432447631740930
Jha Silva,@SilvaJarennys,https://twitter.com/SilvaJarennys/status/1610438406131130369,2023-01-04T00:50:11.000Z,Partido das TREVAS.,0,0,0,https://twitter.com/nikolas_dm/status/1610432447631740930
MarHack,@Marceloh_sc,https://twitter.com/Marceloh_sc/status/1610433106216947712,2023-01-04T00:29:07.000Z,Faz o L e cheira,0,0,0,https://twitter.com/nikolas_dm/status/1610432447631740930
Leandro Nunes,@Leandro69577755,https://twitter.com/Leandro69577755/status/1610434314298183680,2023-01-04T00:33:55.000Z,"Toda a chapa dele,serão os primeiros a ter que serem punidos!🤣🤣🤣🤣🤣",0,0,0,https://twitter.com/nikolas_dm/status/1610432447631740930
Ismael Domingos Júnior,@IsmaelDomingo15,https://twitter.com/IsmaelDomingo15/status/1610443138774208512,2023-01-04T01:08:59.000Z,"Are o final da copa do mundo de 2026, estaremos igual a coreia do Norte, achando que a coreia foi eliminada Pela seleção campeao, no caso Portugal! Faz o ""L""",1,0,1,https://twitter.com/nikolas_dm/status/1610432447631740930
Cab Silva,@CabSilva1,https://twitter.com/CabSilva1/status/1610474796587810816,2023-01-04T03:14:47.000Z,Se criar ele será o primeiro indiciado.,0,0,0,https://twitter.com/nikolas_dm/status/1610432447631740930
J.S,@jjj_sss4,https://twitter.com/jjj_sss4/status/1610572638560067584,2023-01-04T09:43:34.000Z,Isentos são tão culpados quanto aqueles que votaram no L.,0,0,0,https://twitter.com/nikolas_dm/status/1610432447631740930
Cleber de Castro,@cleber_castro10,https://twitter.com/cleber_castro10/status/1610606264723116033,2023-01-04T11:57:11.000Z,#greve #GREVEGERAL,0,0,0,https://twitter.com/nikolas_dm/status/1610432447631740930
Vilson Vargas,@VilsonMVargas,https://twitter.com/VilsonMVargas/status/1610465552199290883,2023-01-04T02:38:03.000Z,@pegabots é bot?,4,0,1,https://twitter.com/nikolas_dm/status/1610432447631740930
Tiago,@tiago220288,https://twitter.com/tiago220288/status/1610447830791114752,2023-01-04T01:27:38.000Z,#MiliciaPetista#ForaLulaLadrao,0,0,0,https://twitter.com/nikolas_dm/status/1610432447631740930
Reinalves Alves,@ReinalvesAlves,https://twitter.com/ReinalvesAlves/status/1610599689895956481,2023-01-04T11:31:04.000Z,"Vcs estão aí é para impedir! Se os ""novos eleitos"" não virarem a casaca, e a união com o povo, nós podemos derrotar esta quadrilha!",0,0,0,https://twitter.com/nikolas_dm/status/1610432447631740930
Eles acusam daquilo que são.,@MitoJMB22,https://twitter.com/MitoJMB22/status/1610449816953262080,2023-01-04T01:35:31.000Z,Esperado. Está só começando.,0,0,0,https://twitter.com/nikolas_dm/status/1610432447631740930
*Teth Adam*,@Alexfdesouza,https://twitter.com/Alexfdesouza/status/1610452706241515520,2023-01-04T01:47:00.000Z,"Depois de ver e ouvir tanta lerda que este governo do PT já fez, fiz questão de olhar no calendário que dia era hoje. Me surpreendi ao saber que ainda é 3 de janeiro.",0,0,0,https://twitter.com/nikolas_dm/status/1610432447631740930
Andarilho Rubro-negro,@AndarilhoCRF,https://twitter.com/AndarilhoCRF/status/1610591112485548032,2023-01-04T10:56:59.000Z,"Zero preocupação, só se preocupa com isso quem é mentiroso, entendeu?",2,0,0,https://twitter.com/nikolas_dm/status/1610432447631740930
lazaradosanjos,@dosanjoslazara,https://twitter.com/dosanjoslazara/status/1611316919742918656,2023-01-06T11:01:05.000Z,Faz o f de fujão,0,0,0,https://twitter.com/nikolas_dm/status/1610432447631740930
Vitor Ferreira,@euvitor006,https://twitter.com/euvitor006/status/1610432596697137152,2023-01-04T00:27:06.000Z,"Vai dormir caramba, não cansa de passa vergonha",0,0,2,https://twitter.com/nikolas_dm/status/1610432447631740930
Sidpinguim,@Sidpinguim16,https://twitter.com/Sidpinguim16/status/1610433498350747650,2023-01-04T00:30:41.000Z,"L demais, sem arrependimento",0,0,1,https://twitter.com/nikolas_dm/status/1610432447631740930
Cidadão de Bem,@cidadaodebembr,https://twitter.com/cidadaodebembr/status/1610433963931090946,2023-01-04T00:32:32.000Z,E você pelo visto tá é preocupado né? 😂😂😂😂,0,0,1,https://twitter.com/nikolas_dm/status/1610432447631740930
Dirceu O Historiador,@DirceuDiasdaSi6,https://twitter.com/DirceuDiasdaSi6/status/1610435352572862464,2023-01-04T00:38:03.000Z,Isso é ótimo para para vocês que se elegeram a base de fake news e atitudes nazifascista,0,0,1,https://twitter.com/nikolas_dm/status/1610432447631740930
Lilian Siqueira,@LilianS46532275,https://twitter.com/LilianS46532275/status/1610435773274394625,2023-01-04T00:39:43.000Z,"Em breve, estaremos pagando imposto,para pensar...",0,0,1,https://twitter.com/nikolas_dm/status/1610432447631740930
Edna,@Edna98678067,https://twitter.com/Edna98678067/status/1610436096126582793,2023-01-04T00:41:00.000Z,"Não bastar fica falando ou escrevendo faz o L,acho que a direita está na hora de se unir e enfrentar os dragões,somos a maioria,junto ngm vai nos derrotar,faremos isso pelo nosso país diz o ditado "" Povo unido jamais será vencido""está na hora de sair do fundo do poço",0,0,1,https://twitter.com/nikolas_dm/status/1610432447631740930
H£π₹¥ππ¡††£₹,@HENRY_MIKHAILOV,https://twitter.com/HENRY_MIKHAILOV/status/1610437899685707776,2023-01-04T00:48:10.000Z,Então você não vai poder mais contar suas mentiras na internet,0,0,1,https://twitter.com/nikolas_dm/status/1610432447631740930
"Jararaca Da Democracia, Nacionalista.",@JararacaD,https://twitter.com/JararacaD/status/1610438288141074435,2023-01-04T00:49:43.000Z,Cholaaaa maíssss bolsotralha chupeta.,0,0,2,https://twitter.com/nikolas_dm/status/1610432447631740930
Luciana Garacisi,@GaracisiLuciana,https://twitter.com/GaracisiLuciana/status/1610613898583080961,2023-01-04T12:27:31.000Z,D desgoverno do caos. Vamos pras ruas já.,0,0,0,https://twitter.com/nikolas_dm/status/1610432447631740930
Maristela,@Mariste24629247,https://twitter.com/Mariste24629247/status/1610433268033126403,2023-01-04T00:29:46.000Z,"Faizuéli, Kimcatacoquim! @KimKataguiri",0,0,1,https://twitter.com/nikolas_dm/status/1610432447631740930
Natalia,@NataliaCPimenta,https://twitter.com/NataliaCPimenta/status/1610434004838227969,2023-01-04T00:32:41.000Z,"Agora fala, quando você vai parar de chorar e vai começar a trabalhar? O povo te elegeu, é sua obrigação trabalhar em melhorias, então vai!",0,0,1,https://twitter.com/nikolas_dm/status/1610432447631740930
LuPtistta,@Gera_PT13,https://twitter.com/Gera_PT13/status/1610434767631126529,2023-01-04T00:35:43.000Z,Espero ter ajudado .,0,0,1,https://twitter.com/nikolas_dm/status/1610432447631740930
Danton,@DanttGod,https://twitter.com/DanttGod/status/1610434768331481089,2023-01-04T00:35:43.000Z,Bem-vindos a 1984 de Orwell.,0,0,1,https://twitter.com/nikolas_dm/status/1610432447631740930
Juteles,@TelesJuciara,https://twitter.com/TelesJuciara/status/1610436377149313024,2023-01-04T00:42:07.000Z,"Ganhou uma cadeira  de deputado pra ficar Twuittando besteira, moleque!!",0,0,2,https://twitter.com/nikolas_dm/status/1610432447631740930
Hugo De Souza Bezerra,@Hugo131110,https://twitter.com/Hugo131110/status/1610437945135177731,2023-01-04T00:48:21.000Z,"Mais um da série: ""faz o 'L' pra tirar o 'B'"". Resultado: todos tomaram no ""C"".",0,0,1,https://twitter.com/nikolas_dm/status/1610432447631740930
Marcelo Giacomuzzi,@MarceloGiacomu1,https://twitter.com/MarceloGiacomu1/status/1610438278028865536,2023-01-04T00:49:40.000Z,"A questão não é quem fez o L. O problema é que soltaram um bando, ladram e roubam as eleições! Foi tudo escancarado ah luz do dia! Isso é inadmissível…",1,0,0,https://twitter.com/nikolas_dm/status/1610432447631740930
CostaJr2023,@CostaJr2023,https://twitter.com/CostaJr2023/status/1610438490013016064,2023-01-04T00:50:31.000Z,Excelente Presidente @LulaOficial!!! Àqueles que gostam de postar mentiras e mais mentiras na internet pensarão duas vezes antes de fazê-lo!!,0,0,6,https://twitter.com/nikolas_dm/status/1610432447631740930
Valéria Brum,@valeriabrum33,https://twitter.com/valeriabrum33/status/1610463666230464512,2023-01-04T02:30:33.000Z,Faz o L @KimKataguiri,0,0,0,https://twitter.com/nikolas_dm/status/1610432447631740930
Paulo Aguiar,@PauloAguiar2910,https://twitter.com/PauloAguiar2910/status/1610605702598254592,2023-01-04T11:54:57.000Z,O Nikolas o @kimpaim não é isentão pelo  contrário mas nem por isso ele quer que seu canal seja desmonetizado pega leve,0,0,0,https://twitter.com/nikolas_dm/status/1610432447631740930
Paulo Lameiras,@PauloJo10647402,https://twitter.com/PauloJo10647402/status/1610452478780231681,2023-01-04T01:46:06.000Z,Ninguém foi enganado.eles avisaram isso,0,0,0,https://twitter.com/nikolas_dm/status/1610432447631740930
Gentil Leite,@Gentil_Leite_BR,https://twitter.com/Gentil_Leite_BR/status/1610436764451184641,2023-01-04T00:43:39.000Z,"O Ministério da ""Verdade""",0,0,0,https://twitter.com/nikolas_dm/status/1610432447631740930
JÔ ♡ *-* ♡,@Joycedalcim,https://twitter.com/Joycedalcim/status/1610435124440760320,2023-01-04T00:37:08.000Z,Nikolas li uma notícia que o índio q foi preso morreu? Vc saberia me informar,0,0,0,https://twitter.com/nikolas_dm/status/1610432447631740930
Marco,@MarcoPalulo,https://twitter.com/MarcoPalulo/status/1610433957572509697,2023-01-04T00:32:30.000Z,"Não ""quer"". VAI criar.
Do congresso, vem aí mais uma ""notinha de repudio"".",0,0,0,https://twitter.com/nikolas_dm/status/1610432447631740930
Frusso,@Frussoimov,https://twitter.com/Frussoimov/status/1610435187115950080,2023-01-04T00:37:23.000Z,"Que mentirosos como você sejam combatidos é que o Bolsonarismo seja extirpado da nossa sociedade… Uma coisa vc pode ter certeza, o mal se corta pela raiz!",0,0,0,https://twitter.com/nikolas_dm/status/1610432447631740930
CRF Homem De Ferro,@CRFHomemdeFerro,https://twitter.com/CRFHomemdeFerro/status/1610454654369890314,2023-01-04T01:54:45.000Z,Faz a chupeta,0,0,0,https://twitter.com/nikolas_dm/status/1610432447631740930
Alaíde Freitas (Petista de ),@freitas_alaide,https://twitter.com/freitas_alaide/status/1610434001759502337,2023-01-04T00:32:41.000Z,E tu e todos os bolsonaristas estão se kagando de medo da verdade.,0,0,3,https://twitter.com/nikolas_dm/status/1610432447631740930
Thiago,@Thiagocardoso_,https://twitter.com/Thiagocardoso_/status/1610436877382729728,2023-01-04T00:44:06.000Z,"Nikolas, vc tá querendo uma pika,  e não tá sabendo pedir",0,0,10,https://twitter.com/nikolas_dm/status/1610432447631740930
Tatiana Serra,@tatiserra64,https://twitter.com/tatiserra64/status/1610437758903779330,2023-01-04T00:47:36.000Z,Tu nem vai mais te eleger pq tuas mentiras vai cair. Acabou Lula não vai ficar nas cordas do ringue por disseminação de mentiras. O legado de Bosolanuro foi mostrar a hipocrisia de parcela da sociedade brasileira,0,0,3,https://twitter.com/nikolas_dm/status/1610432447631740930
Jeferson de Jesus Santos,@jeffeedfisica,https://twitter.com/jeffeedfisica/status/1610438421805252610,2023-01-04T00:50:14.000Z,Chupetinha será mesmo que vc estudou?,0,0,3,https://twitter.com/nikolas_dm/status/1610432447631740930
Orlando,@Orlandao_,https://twitter.com/Orlandao_/status/1610439775949033472,2023-01-04T00:55:37.000Z,Eu apoio e faço o L 👍,0,0,2,https://twitter.com/nikolas_dm/status/1610432447631740930
Seja Subversivo,@sejasubversivo,https://twitter.com/sejasubversivo/status/1610440115477958656,2023-01-04T00:56:58.000Z,Quem não deve não teme,0,0,2,https://twitter.com/nikolas_dm/status/1610432447631740930
kayce,@RuthFer43658638,https://twitter.com/RuthFer43658638/status/1610441538869334019,2023-01-04T01:02:38.000Z,Faço o L COM MUITO ORGULHO,0,0,2,https://twitter.com/nikolas_dm/status/1610432447631740930
Victor & the six,@cowboylikevitor,https://twitter.com/cowboylikevitor/status/1610443530664640513,2023-01-04T01:10:32.000Z,Bh inundando e tu aí falando merda,0,0,1,https://twitter.com/nikolas_dm/status/1610432447631740930
Adri Aguiar,@adri_aguiar,https://twitter.com/adri_aguiar/status/1610445719076225030,2023-01-04T01:19:14.000Z,Patriots tem que parar de criticar as FA! Parar de dar audiência a quem divide e desanima! A esquerda é corda e por isso conseguem o que querem! Acorda patriota!,1,0,0,https://twitter.com/nikolas_dm/status/1610432447631740930
Preguinho,@ph_prego,https://twitter.com/ph_prego/status/1610446908417343492,2023-01-04T01:23:58.000Z,👊🏼🇧🇷,0,1,3,https://twitter.com/nikolas_dm/status/1610432447631740930
Não estamos sozinho,@BinhobolaBinho,https://twitter.com/BinhobolaBinho/status/1610438973465190405,2023-01-04T00:52:26.000Z,Pra alegrar sua noite!,0,0,0,https://twitter.com/nikolas_dm/status/1610432447631740930
Agrotóxica,@baahseabra,https://twitter.com/baahseabra/status/1610600560138371073,2023-01-04T11:34:31.000Z,K,0,0,0,https://twitter.com/nikolas_dm/status/1610432447631740930
Lulei Fazueli,@saturn_86,https://twitter.com/saturn_86/status/1610574949986492419,2023-01-04T09:52:45.000Z,Olha aí o puxa saco do Fujão,0,0,0,https://twitter.com/nikolas_dm/status/1610432447631740930
Luis,@LoiscpLuis,https://twitter.com/LoiscpLuis/status/1610642059089661953,2023-01-04T14:19:25.000Z,Igual a Venezuela,0,0,0,https://twitter.com/nikolas_dm/status/1610432447631740930
juninho_azis,@AzisJuninho,https://twitter.com/AzisJuninho/status/1610690824538316800,2023-01-04T17:33:12.000Z,😂😂😂😂,0,0,0,https://twitter.com/nikolas_dm/status/1610432447631740930
marisa,@mariasapatinho,https://twitter.com/mariasapatinho/status/1610698379956486146,2023-01-04T18:03:13.000Z,vai ler a bíblia,0,0,0,https://twitter.com/nikolas_dm/status/1610432447631740930
Borges,@Borges94855271,https://twitter.com/Borges94855271/status/1610839386177806337,2023-01-05T03:23:32.000Z,"Tudo que esta sendo feito, foi dito que seria feito durante a campanha.
Mst e mtst como protagonista do governo.
Censura das redes sociais ""regulamentação"" lembra.
Não indicar seus ministros antes porque poderia atrapalhar a eleição lembra?
É só a ponta do iceberg.
A pontinha.",0,0,0,https://twitter.com/nikolas_dm/status/1610432447631740930
Léo ✠,@leo_vilela12,https://twitter.com/leo_vilela12/status/1610451733263667200,2023-01-04T01:43:08.000Z,Se Deus quiser vai banir a direita 🙏,0,0,0,https://twitter.com/nikolas_dm/status/1610432447631740930
clara Inácio lula da silva ☭,@Kdmeurivotrilll,https://twitter.com/Kdmeurivotrilll/status/1610432855749820416,2023-01-04T00:28:07.000Z,Aquieta mangangá,0,0,0,https://twitter.com/nikolas_dm/status/1610432447631740930
Hélio Salgado,@HelioCSalgado,https://twitter.com/HelioCSalgado/status/1610432883461603328,2023-01-04T00:28:14.000Z,A luta agora é eleger presidentes da Câmara e do senado HONESTOS.,0,0,0,https://twitter.com/nikolas_dm/status/1610432447631740930
Kleber CALLERIZADO,@Kleber_117,https://twitter.com/Kleber_117/status/1610440658279403520,2023-01-04T00:59:08.000Z,"Se eu errar o PT volta, aguarde mais 72 horas patriota",0,0,2,https://twitter.com/nikolas_dm/status/1610432447631740930
Claumari.,@Claud565637,https://twitter.com/Claud565637/status/1610446076691075075,2023-01-04T01:20:39.000Z,Vai aprendendo jovem Aprendiz.,0,0,5,https://twitter.com/nikolas_dm/status/1610432447631740930
Samurai Favelado,@RenandelChagas,https://twitter.com/RenandelChagas/status/1610447393794793473,2023-01-04T01:25:54.000Z,"Se acostuma Nikolas, Bolsonaro perdeu e fugiu igual a uma galinha que ele é.",0,0,2,https://twitter.com/nikolas_dm/status/1610432447631740930
Rodolfo Lima,@rodolfolima777,https://twitter.com/rodolfolima777/status/1610456846812209156,2023-01-04T02:03:27.000Z,"Uma pergunta, pq vc teve que corrigir sua postagem lá por ordem do TSE? Pq postou verdades? Não, fakenews tem que ter fiscalização sim, vários países tem sim regulamentação de mídias pois temos pessoas como você…",0,0,3,https://twitter.com/nikolas_dm/status/1610432447631740930
Cururu,@Topysis,https://twitter.com/Topysis/status/1610462237541666817,2023-01-04T02:24:53.000Z,Vai trabalhar para o povo. Chega de mimimi,0,0,1,https://twitter.com/nikolas_dm/status/1610432447631740930
SEU VICENTE,@seuvicente1,https://twitter.com/seuvicente1/status/1610466185656651779,2023-01-04T02:40:34.000Z,Maravilha 🙌🏼🙌🏼🙌🏼👏🏼👏🏼👏🏼👏🏼🙌🏼🙌🏼🙌🏼🙌🏼🙌🏼🙌🏼👏🏼👏🏼👏🏼👏🏼👏🏼👏🏼👏🏼,0,0,4,https://twitter.com/nikolas_dm/status/1610432447631740930
,@6Dan_9,https://twitter.com/6Dan_9/status/1610466579711492096,2023-01-04T02:42:08.000Z,LLLLLLLLLLLLL LLLLLLLLLLLLL LLLLLLLLLLLLL LLLLLLLLLLLLL LLLLLLLLLLLLL LLLLLLLLLLLLL LLLLLLLLLLLLL LLLLLLLLLLLLL LLLLLLLLLLLLL LLLLLLLLLLLLL LLLLLLLLLLLLL LLLLLLLLLLLLL LLLLLLLLLLLLL LLLLLLLLLLLLL LLLLLLLLLLLLL LLLLLLLLLLLLL LLLLLLLLLLLLL LLLLLLLLLLLLL LLLLLLLLLLLLL LLLLLLLLLLLLL,0,0,1,https://twitter.com/nikolas_dm/status/1610432447631740930
Dinho Porto,@dj_dinhoporto,https://twitter.com/dj_dinhoporto/status/1610481319464816640,2023-01-04T03:40:42.000Z,Essa corja brinca mto rs,0,0,0,https://twitter.com/nikolas_dm/status/1610432447631740930
Z_h3nry.việt,@pedrin_XD120,https://twitter.com/pedrin_XD120/status/1610432757854781441,2023-01-04T00:27:44.000Z,isso é um XD?,0,0,0,https://twitter.com/nikolas_dm/status/1610432447631740930
Darthwell Hattrick ★彡 | #ForaBolsonaro,@Darthwell_,https://twitter.com/Darthwell_/status/1610433111447441408,2023-01-04T00:29:08.000Z,Faz o C de Chupetinha 🤣🤣🤣🤣🤣,0,0,0,https://twitter.com/nikolas_dm/status/1610432447631740930
Django Leone,@djangoleone,https://twitter.com/djangoleone/status/1610433266837864448,2023-01-04T00:29:45.000Z,Fingindo indignação. Sabia que isso ia acontecer,0,0,0,https://twitter.com/nikolas_dm/status/1610432447631740930
Tania,@Taniansguarda,https://twitter.com/Taniansguarda/status/1610433285867569153,2023-01-04T00:29:50.000Z,Bem vindo a 1984...,0,0,0,https://twitter.com/nikolas_dm/status/1610432447631740930
Luísa Mattos,@_MattosLuisa,https://twitter.com/_MattosLuisa/status/1610433551136063488,2023-01-04T00:30:53.000Z,Ou O de oportunista,0,0,0,https://twitter.com/nikolas_dm/status/1610432447631740930
Sérgio Donizeti,@SrgioDonizeti1,https://twitter.com/SrgioDonizeti1/status/1610433805348659209,2023-01-04T00:31:54.000Z,VAMOS SALVAR ESSE PAÍS ENQUANTO HÁ TEMPO AINDA E BRASÍLIA É O LUGAR DÁ VEZ E NÃO PODEMOS PERDER TEMPO PARA O BEM DO BRASIL,0,0,0,https://twitter.com/nikolas_dm/status/1610432447631740930
É a Takita que eu gosto que só,@KohMenta,https://twitter.com/KohMenta/status/1610434093996441605,2023-01-04T00:33:03.000Z,Kkkkkkk põe essa na conta do MITO também,0,0,0,https://twitter.com/nikolas_dm/status/1610432447631740930
Pedro Ivo Campos R.,@pedr0x20,https://twitter.com/pedr0x20/status/1610432801974751232,2023-01-04T00:27:55.000Z,L,0,0,0,https://twitter.com/nikolas_dm/status/1610432447631740930
Paolo Barone,@paolo_spider,https://twitter.com/paolo_spider/status/1610433235795820544,2023-01-04T00:29:38.000Z,Academia MBL hahahahha,0,0,0,https://twitter.com/nikolas_dm/status/1610432447631740930
Nando,@Nandooh_Domina,https://twitter.com/Nandooh_Domina/status/1610433260177489921,2023-01-04T00:29:44.000Z,Se isso fizer esse vista do Nikolas calar a boca será ótimo,0,0,0,https://twitter.com/nikolas_dm/status/1610432447631740930
$$$ MANTEM O PIQUE $$$,@Brunowithvodka,https://twitter.com/Brunowithvodka/status/1610433416314654721,2023-01-04T00:30:21.000Z,SELETIVAMENTE???? É MUITO CLARO O QUE É FAKE NEWS OU NAO. LIDAMOS COM FATOS. NAO COM MENSAGENS DE ZAP.,0,0,0,https://twitter.com/nikolas_dm/status/1610432447631740930
Vini C,@Vi_cava,https://twitter.com/Vi_cava/status/1610433660469284864,2023-01-04T00:31:19.000Z,"Nossa chupetinha, que fonte segura né rs. Hahaha",0,0,0,https://twitter.com/nikolas_dm/status/1610432447631740930
Sarinha25,@Sarinha259,https://twitter.com/Sarinha259/status/1610433732221231104,2023-01-04T00:31:36.000Z,Kkkk,0,0,0,https://twitter.com/nikolas_dm/status/1610432447631740930
"Se é ruim para o bozo, pra mim ta bom!",@tiagobosca,https://twitter.com/tiagobosca/status/1610434007182843905,2023-01-04T00:32:42.000Z,Zhuahuahajaha s3 fode ai playboyzinho,0,0,0,https://twitter.com/nikolas_dm/status/1610432447631740930
Beth,@GuidoPupo,https://twitter.com/GuidoPupo/status/1610434310015688707,2023-01-04T00:33:54.000Z,Ministério da vdd 🤔 da licença preciso rir 😂😂😂😂,0,0,0,https://twitter.com/nikolas_dm/status/1610432447631740930
andisu,@anddgk,https://twitter.com/anddgk/status/1610434815840628740,2023-01-04T00:35:55.000Z,"Não dará nem para fazer montagens mais, credo. A internet vai ficar toda sem graça",0,0,0,https://twitter.com/nikolas_dm/status/1610432447631740930
William Rodrigues,@Willhrodrigues,https://twitter.com/Willhrodrigues/status/1610442910385770498,2023-01-04T01:08:05.000Z,"Acho que vcs não perceberam, mas quem votou nele, foi para isso mesmo.
É que vcs estão tão acostumado a ver um cara prometer e não cumprir, que estão estranhando agora.",0,0,9,https://twitter.com/nikolas_dm/status/1610432447631740930
Poderoso Yaguin,@Yago_da_B13,https://twitter.com/Yago_da_B13/status/1610451004637470721,2023-01-04T01:40:14.000Z,"depois de um governo que soltava fake news adoidado, tem que criar msm",0,0,6,https://twitter.com/nikolas_dm/status/1610432447631740930
Patricia Tiemy Oya,@TiemyOya,https://twitter.com/TiemyOya/status/1610470391147028481,2023-01-04T02:57:16.000Z,#grevegeral,1,0,1,https://twitter.com/nikolas_dm/status/1610432447631740930
Msantos,@tibilds,https://twitter.com/tibilds/status/1610475691111317504,2023-01-04T03:18:20.000Z,Debate com ele! Correu pq?,0,0,9,https://twitter.com/nikolas_dm/status/1610432447631740930
Ponygirl | Skip to loafer,@ponylipony,https://twitter.com/ponylipony/status/1610479541784555525,2023-01-04T03:33:38.000Z,"Nikolas você conhece o meu ídolo? 
Mana-Sama fazia parte do melhor grupo de vkei(visual-kei,subcultura japonesa)do mundo, o Malice mizer. Ele foi o homem que popularizou o estilo lolita no Japão e além de fazer parte do malice mizer ele tbm teve projeto solo,  o Moi dix Mois.",0,0,3,https://twitter.com/nikolas_dm/status/1610432447631740930
lula o maior líder que esse país já teve,@Empresariofasc1,https://twitter.com/Empresariofasc1/status/1610539589814419457,2023-01-04T07:32:15.000Z,Foi pra defender a democracia que votei em lula se fosse pra defender bandidos tinha votado em bozo,0,0,3,https://twitter.com/nikolas_dm/status/1610432447631740930
C0y0TE,@CO_Y_0TE,https://twitter.com/CO_Y_0TE/status/1610435130274742276,2023-01-04T00:37:10.000Z,"Já está certo…

Galera que ficou em cima do muro e não fez a escolha, mesmo sabendo que era a certa, só resta dizer:

Junta @KimKataguiri e o montante de “isentões” do @MBLivre  e façam o “L” - BANDO DE OTÁRIOS!",0,0,1,https://twitter.com/nikolas_dm/status/1610432447631740930
Alessandra,@Alessan62588324,https://twitter.com/Alessan62588324/status/1610437192408616960,2023-01-04T00:45:21.000Z,Pra vc eu faço 🖕🖕🖕🖕🖕,0,0,2,https://twitter.com/nikolas_dm/status/1610432447631740930
pv,@paulovictorr7,https://twitter.com/paulovictorr7/status/1610442123928637440,2023-01-04T01:04:57.000Z,"Cara supera véi, já passou! Só aceita e faz o L pra vc não ser bloqueado, para de passar vergonha véi...",1,0,0,https://twitter.com/nikolas_dm/status/1610432447631740930
bolinha mexica,@AncapBolinha,https://twitter.com/AncapBolinha/status/1610445380679876608,2023-01-04T01:17:54.000Z,"Oxi não foi você que fugiu do kim? Fugiu do debate e quase foi em cana por não cumprir decisão judicial kkkk
Pode fala muito não bicho fica quentinho aí na tua",0,0,1,https://twitter.com/nikolas_dm/status/1610432447631740930
Tia do zap,@adri_cnd,https://twitter.com/adri_cnd/status/1610445562775478272,2023-01-04T01:18:37.000Z,"Então acabou mesmo  a oposição, pois se eles DITARÃO a verdade qq ideia oposta não será aceita",1,0,1,https://twitter.com/nikolas_dm/status/1610432447631740930
tavin,@otaviosvn,https://twitter.com/otaviosvn/status/1610467688920547328,2023-01-04T02:46:32.000Z,acho que a melhor época de 2022 era quando vc estava sem twitter,0,0,4,https://twitter.com/nikolas_dm/status/1610432447631740930
maclean finotelo,@MFinotelo,https://twitter.com/MFinotelo/status/1610467913047179265,2023-01-04T02:47:26.000Z,Censura velada,0,0,1,https://twitter.com/nikolas_dm/status/1610432447631740930
! jenni ¡,@jayromania,https://twitter.com/jayromania/status/1610473289243049985,2023-01-04T03:08:47.000Z,chaaaato,0,0,1,https://twitter.com/nikolas_dm/status/1610432447631740930
Vinicius,@Viniciu00563897,https://twitter.com/Viniciu00563897/status/1610769758638714884,2023-01-04T22:46:51.000Z,"Esse nikolas tem a boca em forma de B de tanto que mamaou o ""messias"".",0,0,0,https://twitter.com/nikolas_dm/status/1610432447631740930
Leo.,@leopaulino_98,https://twitter.com/leopaulino_98/status/1610435632609763330,2023-01-04T00:39:09.000Z,"Chega de mimimi, vai chorar até quando?",0,0,1,https://twitter.com/nikolas_dm/status/1610432447631740930
Cíntia Basílio,@CintiaBasilio1,https://twitter.com/CintiaBasilio1/status/1610439353183903746,2023-01-04T00:53:56.000Z,"Você precisa tratar essa obsessão, meu filho! Isso não é normal",0,0,1,https://twitter.com/nikolas_dm/status/1610432447631740930
Leandro,@Leandro92857080,https://twitter.com/Leandro92857080/status/1610448136668938242,2023-01-04T01:28:51.000Z,Ué? Não disse que o Mbl tinha acabado? Não tem vergonha..fogiu do debate...arregao,0,0,4,https://twitter.com/nikolas_dm/status/1610432447631740930
NÃOéoCARLOS,@eoCarlosD,https://twitter.com/eoCarlosD/status/1610450783614517248,2023-01-04T01:39:22.000Z,Debate que é bom tu não quer né,0,0,1,https://twitter.com/nikolas_dm/status/1610432447631740930
Tathi,@TathiiBaylet,https://twitter.com/TathiiBaylet/status/1610469905811357697,2023-01-04T02:55:21.000Z,"Aí me poupe, garotinho",0,0,2,https://twitter.com/nikolas_dm/status/1610432447631740930
emi,@_emilai,https://twitter.com/_emilai/status/1610480191616188416,2023-01-04T03:36:13.000Z,vc é uma piada,0,0,1,https://twitter.com/nikolas_dm/status/1610432447631740930
dilmanta,@carinamontis,https://twitter.com/carinamontis/status/1610482636035694594,2023-01-04T03:45:56.000Z,"Nickolas, tem que fazer manifestação. Nosso país vai quebrar",0,0,1,https://twitter.com/nikolas_dm/status/1610432447631740930
nando,@nandinho_h3,https://twitter.com/nandinho_h3/status/1610487170640367617,2023-01-04T04:03:57.000Z,Faz o c de chupetinha,0,0,1,https://twitter.com/nikolas_dm/status/1610432447631740930
Joel Vieira,@joelhospital,https://twitter.com/joelhospital/status/1610489994577158147,2023-01-04T04:15:10.000Z,Já mamou hoje querida?,0,0,4,https://twitter.com/nikolas_dm/status/1610432447631740930
