nome,usuario,idTweet,dataPublicacao,texto,replies,retweets,likes,tweetPai
arianna Guzo,@GuzoMarianna,https://twitter.com/GuzoMarianna/status/1610929147072905217,2023-01-05T09:20:12.000Z,Falando em Ladrões...,0,0,6,https://twitter.com/SargentoFAHUR/status/1610737747647397914
NATA NATTA,@NATANATTA3,https://twitter.com/NATANATTA3/status/1610799900718993408,2023-01-05T00:46:38.000Z,Na boa ...que vendedora vacilona.,1,0,24,https://twitter.com/SargentoFAHUR/status/1610737747647397914
ᴀˡˡᵃⁿ ᴍᵘⁿⁱᶻ,@AllanMuniiz_,https://twitter.com/AllanMuniiz_/status/1610827963490045953,2023-01-05T02:38:08.000Z,"Parece ate mentira isso a mulher demorou muito pra bota o cordão na amiga, deu até tempo do cara rouba!!",0,0,3,https://twitter.com/SargentoFAHUR/status/1610737747647397914
Marcos Pantoja,@Marcosptoja,https://twitter.com/Marcosptoja/status/1610776343624417283,2023-01-04T23:13:01.000Z,Eu esperando o meliante entrar quando acaba ele tava dentro 🤦🏻‍♂️,1,0,51,https://twitter.com/SargentoFAHUR/status/1610737747647397914
Júnior júnior,@AirtojxnfjvnnnJ,https://twitter.com/AirtojxnfjvnnnJ/status/1611091673836052486,2023-01-05T20:06:02.000Z,"Então vocês como deputados federal eleitos pelo povo brasileiro, e para fazer leis mais pesadas para melhorias do povo",0,0,0,https://twitter.com/SargentoFAHUR/status/1610737747647397914
Rodnei,@RodneiRosolen,https://twitter.com/RodneiRosolen/status/1610823733169504256,2023-01-05T02:21:20.000Z,Só pra tomar um wisquezinho à tarde. Tudo normal no Brasiiiiilllll.,0,0,1,https://twitter.com/SargentoFAHUR/status/1610737747647397914
WRN Wendell,@Wrnauto,https://twitter.com/Wrnauto/status/1610972484060286980,2023-01-05T12:12:25.000Z,"Agora pode Fahur, a turma fez o L, salve-se quem puder, detalhe,  o povo agora está desarmando !",1,0,3,https://twitter.com/SargentoFAHUR/status/1610737747647397914
Fabiano Capoani,@CapoaniFabiano,https://twitter.com/CapoaniFabiano/status/1611077684238651395,2023-01-05T19:10:26.000Z,Turma do L.,0,0,0,https://twitter.com/SargentoFAHUR/status/1610737747647397914
Enigma Lucia De Abreu Mendes,@EnigmaAbreu,https://twitter.com/EnigmaAbreu/status/1610950071339864065,2023-01-05T10:43:21.000Z,"Mão leve ,essa turma do L",0,0,2,https://twitter.com/SargentoFAHUR/status/1610737747647397914
Debora Migot,@DeboraMigot,https://twitter.com/DeboraMigot/status/1611019590842073089,2023-01-05T15:19:36.000Z,Mas também vendedora largou a Deus dara a bandeija,0,0,0,https://twitter.com/SargentoFAHUR/status/1610737747647397914
Fh Bandido,@rockingtruckofc,https://twitter.com/rockingtruckofc/status/1610823696230514690,2023-01-05T02:21:11.000Z,As vítimas da sociedade rsrsrs...,0,0,0,https://twitter.com/SargentoFAHUR/status/1610737747647397914
Fábio,@fabbris_fabio,https://twitter.com/fabbris_fabio/status/1611089255056433163,2023-01-05T19:56:25.000Z,"é so ""pa tuma uma cevejinha""",0,0,0,https://twitter.com/SargentoFAHUR/status/1610737747647397914
Wal Sousa,@amominhafamilii,https://twitter.com/amominhafamilii/status/1610963393212743680,2023-01-05T11:36:17.000Z,"O seu presidente apoia,agora é só fazer o L",0,0,0,https://twitter.com/SargentoFAHUR/status/1610737747647397914
Mar,@BertaRedMerle,https://twitter.com/BertaRedMerle/status/1610986676213485568,2023-01-05T13:08:48.000Z,"Agora pode, o crime compensa!",0,0,0,https://twitter.com/SargentoFAHUR/status/1610737747647397914
𝐒𝐈𝐆𝐌𝐀,@Val__Alves,https://twitter.com/Val__Alves/status/1610854098416570374,2023-01-05T04:21:59.000Z,Se foi para tomar uma cervejinha ta ok.,0,0,0,https://twitter.com/SargentoFAHUR/status/1610737747647397914
Humberto Ortolan,@Humb1968,https://twitter.com/Humb1968/status/1610772029942251520,2023-01-04T22:55:53.000Z,Menos Twitter Deputado. Mais trabalho,5,0,9,https://twitter.com/SargentoFAHUR/status/1610737747647397914
ANDREZINHO.,@ANDREZINHO_BZ,https://twitter.com/ANDREZINHO_BZ/status/1610790265454997504,2023-01-05T00:08:20.000Z,🫡 permissão Sgt. Como o senhor que lutou tanto contra essa bandidagem se sente vendo esses crimes aumentando? Falta homens como o Sr? Qual o sentimento de ver o chefe da quadrilha com a faixa de presidente? Qual a nossa esperança para 2026?,0,0,8,https://twitter.com/SargentoFAHUR/status/1610737747647397914
Robson Paiva,@odontoro_Robson,https://twitter.com/odontoro_Robson/status/1611013454265032706,2023-01-05T14:55:13.000Z,Poxa vida… tinha tantos colares… tudo ali… olhando pra ele!!!! Kkkkkkkk,0,0,0,https://twitter.com/SargentoFAHUR/status/1610737747647397914
Rebeca,@rebmacari,https://twitter.com/rebmacari/status/1611091094082818049,2023-01-05T20:03:44.000Z,Aqui em Maringá esses vagabundos fizeram isso 😡😡😡,0,0,0,https://twitter.com/SargentoFAHUR/status/1610737747647397914
Waldir Aroche,@aroche_nh,https://twitter.com/aroche_nh/status/1611073653336064002,2023-01-05T18:54:25.000Z,As câmeras pegaram. Prendam esses meliantes!!,0,0,0,https://twitter.com/SargentoFAHUR/status/1610737747647397914
kaio Lopes ,@KaioLopes_,https://twitter.com/KaioLopes_/status/1611031978090065920,2023-01-05T16:08:49.000Z,"Se roubaram as eleições, esse roubo de jóias é troco.",0,1,5,https://twitter.com/SargentoFAHUR/status/1610737747647397914
Mega Manolo,@Mega_Manolo,https://twitter.com/Mega_Manolo/status/1611076357718507520,2023-01-05T19:05:10.000Z,"Bolsonaristas, com certeza",0,0,0,https://twitter.com/SargentoFAHUR/status/1610737747647397914
Adilson Marcondes,@AdilsonMarconde,https://twitter.com/AdilsonMarconde/status/1611068588202332170,2023-01-05T18:34:18.000Z,"Vendedora tem 50% de culpa nisso, ou por ser descuidada, lerda ou parceira do casal.",0,0,1,https://twitter.com/SargentoFAHUR/status/1610737747647397914
Maria Isabel Souza,@MariaIs19910431,https://twitter.com/MariaIs19910431/status/1611679007090839554,2023-01-07T10:59:53.000Z,Vergonha internacional isto me enoja.,0,0,0,https://twitter.com/SargentoFAHUR/status/1610737747647397914
Claudineia Serrano,@kakauSerrano,https://twitter.com/kakauSerrano/status/1611033703018364928,2023-01-05T16:15:41.000Z,Gente.. quanto tempo demora pra abotoar um fecho? Não  é  estranho a vendedora demorar tanto pra fechar?,0,0,1,https://twitter.com/SargentoFAHUR/status/1610737747647397914
Adilson Alvim,@AdilsonAlvim,https://twitter.com/AdilsonAlvim/status/1611280705111162882,2023-01-06T08:37:10.000Z,"A sala é monitorada por câmara, atendimento é personalizado. Não é uma venda qualquer. Logicamente alguém deveria estar observando a câmara. Se os ladrões conseguiram, houve vacilo da loja.",0,0,0,https://twitter.com/SargentoFAHUR/status/1610737747647397914
A.V,@arieltuningitb,https://twitter.com/arieltuningitb/status/1610739646375546881,2023-01-04T20:47:12.000Z,Brasil ladeira abaixo 📈📈📈📈📈📈,0,0,1,https://twitter.com/SargentoFAHUR/status/1610737747647397914
Editavar,@editavar,https://twitter.com/editavar/status/1610961875814039553,2023-01-05T11:30:16.000Z,"Eles só queriam comprar uma cervejinha, não podem ser presos por isso. Já dizia o Rato de 9 dedos!!!!!",0,0,2,https://twitter.com/SargentoFAHUR/status/1610737747647397914
MARCOS APARECIDO,@MARCOSA39329345,https://twitter.com/MARCOSA39329345/status/1611067996092653568,2023-01-05T18:31:57.000Z,Só foi uma canetinha só o início..,0,0,0,https://twitter.com/SargentoFAHUR/status/1610737747647397914
Cláudio Carvalho™,@carvalhoclaudio,https://twitter.com/carvalhoclaudio/status/1610871444413489152,2023-01-05T05:30:55.000Z,"Esse deputado é aqui de Maringá, ninguém vê projeto de lei, obstrução de votação, só vídeos na internet. Cadê os assessores pra entrar na batalha judicial?",0,0,0,https://twitter.com/SargentoFAHUR/status/1610737747647397914
,@SThomaSilva,https://twitter.com/SThomaSilva/status/1611022424576778243,2023-01-05T15:30:52.000Z,"Turminha dos ""PICAnheiros"", depois vão tomar umas cervejinhas🐀🤡👉🏼👌🏼🖕🏼🖕🏼😖😖🤬🤬",0,0,0,https://twitter.com/SargentoFAHUR/status/1610737747647397914
peloponeso,@peloponeso2,https://twitter.com/peloponeso2/status/1610960307580727297,2023-01-05T11:24:02.000Z,"Bozonazi passou 4 anos na presidência e nada fez para reverter essa criminalidade? Que decepção ter confiado nele né? E ele disse que ia melhorar a segurança pública, puxa vida.",0,0,0,https://twitter.com/SargentoFAHUR/status/1610737747647397914
Palmeiras _1942,@1942_palmeiras,https://twitter.com/1942_palmeiras/status/1611008112152178689,2023-01-05T14:33:59.000Z,"Ainda bem que furtaram jóias da joalheria, imagina se tivessem furtando batata",0,0,0,https://twitter.com/SargentoFAHUR/status/1610737747647397914
Desvendando Mentiras,@DesvendandoM2,https://twitter.com/DesvendandoM2/status/1611063782234812418,2023-01-05T18:15:12.000Z,Herança do maldito governo que saiu,0,0,0,https://twitter.com/SargentoFAHUR/status/1610737747647397914
Neilor Jr Schindler,@neilor_junior,https://twitter.com/neilor_junior/status/1611000144211714048,2023-01-05T14:02:19.000Z,"Pois é.
Uns furtam jóias na joalheria.
Outros furtam a grana do erário que o contribuinte paga através dos impostos.
O Brasil só vai virar um país sério quando começar a fazer Justiça de cima pra baixo.",0,0,2,https://twitter.com/SargentoFAHUR/status/1610737747647397914
Regina Mansur,@rcmansur1910,https://twitter.com/rcmansur1910/status/1610821073213210631,2023-01-05T02:10:46.000Z,🤦‍♀️a conta vai ser alta.,0,0,1,https://twitter.com/SargentoFAHUR/status/1610737747647397914
✠ Paulo Sérgio ✠,@Paulinhosg1898,https://twitter.com/Paulinhosg1898/status/1610968106838392833,2023-01-05T11:55:01.000Z,A vendedora TB zero habilidade com fecho,0,0,0,https://twitter.com/SargentoFAHUR/status/1610737747647397914
Danilo,@danilosalum,https://twitter.com/danilosalum/status/1610984243122798595,2023-01-05T12:59:08.000Z,"Mas se há monitoramento por câmeras, deixaram eles sair da loja mesmo assim? Não há ninguém vendo as imagens?
Pô! É básico isso em joalherias. Especialistas em segurança, vamos lá!",0,1,3,https://twitter.com/SargentoFAHUR/status/1610737747647397914
Edivana Pereira,@Edivana22t,https://twitter.com/Edivana22t/status/1610764714983755790,2023-01-04T22:26:49.000Z,Hora de cancelar o CPF.,0,0,7,https://twitter.com/SargentoFAHUR/status/1610737747647397914
Andre Barbosa,@andre_niggaz,https://twitter.com/andre_niggaz/status/1610838413204242438,2023-01-05T03:19:40.000Z,Cadê o policiamento dessa merda aí?,0,0,0,https://twitter.com/SargentoFAHUR/status/1610737747647397914
Marcos Campos,@MarcosC69206558,https://twitter.com/MarcosC69206558/status/1610944083442237442,2023-01-05T10:19:34.000Z,"País de petralhas querem oq, achei q iam entrar uns bandidos armados, mas já estavam dentro pqp",0,0,2,https://twitter.com/SargentoFAHUR/status/1610737747647397914
Helio Gaspar,@gasparhelio,https://twitter.com/gasparhelio/status/1610740333679083530,2023-01-04T20:49:56.000Z,Prenderam sargento?,0,0,0,https://twitter.com/SargentoFAHUR/status/1610737747647397914
Ricardo,@MarcioRicardo0,https://twitter.com/MarcioRicardo0/status/1610950499175383040,2023-01-05T10:45:03.000Z,"Desculpa Sgto, o sr precisar corrigir esse título.

São os meninos do Lula_Ladrão, estão garantindo a picanha porque a cerveja já está garantida pelos meninos do safad.o",0,0,0,https://twitter.com/SargentoFAHUR/status/1610737747647397914
Fernanda Ramos,@Fernand62251730,https://twitter.com/Fernand62251730/status/1611082094121213988,2023-01-05T19:27:58.000Z,PARA SER VAGABUNDO NÃO TEM  IDADE,0,0,0,https://twitter.com/SargentoFAHUR/status/1610737747647397914
Augusto,@GtoGomes,https://twitter.com/GtoGomes/status/1610813146750648321,2023-01-05T01:39:16.000Z,"e vítima da sociedade né , e cuidado e vc e próximo ser tirado da rede social 🤡🤡🤡🇧🇷🇧🇷🇧🇷🤡🤡 por fala mal de vítima da sociedade...",0,0,0,https://twitter.com/SargentoFAHUR/status/1610737747647397914
claudio pimentel,@jclaudiop,https://twitter.com/jclaudiop/status/1611379236408901635,2023-01-06T15:08:42.000Z,Isso a imprensa lulista não mostra. Não é de interesse deles vê a realidade.,0,0,0,https://twitter.com/SargentoFAHUR/status/1610737747647397914
Fabio Delellis,@FabioDelellis1,https://twitter.com/FabioDelellis1/status/1610918090446979079,2023-01-05T08:36:16.000Z,Deve ser petista comunista vagabundo. Velho fdp  .,0,0,0,https://twitter.com/SargentoFAHUR/status/1610737747647397914
Roger Souza,@Rogerwillyam,https://twitter.com/Rogerwillyam/status/1610740845417832448,2023-01-04T20:51:58.000Z,"Revoltante, fdps!!! 🤬🤬🤡🤡",0,0,0,https://twitter.com/SargentoFAHUR/status/1610737747647397914
datapovonews,@datapovo_news,https://twitter.com/datapovo_news/status/1610739228131852295,2023-01-04T20:45:32.000Z,Bala no rabo deles. Isso q merecem. A se eu pudesse distribuir essas balas pra esses vermes q estão dominando brasilia.,0,0,0,https://twitter.com/SargentoFAHUR/status/1610737747647397914
Alex,@lecoasouza,https://twitter.com/lecoasouza/status/1610743299152674825,2023-01-04T21:01:43.000Z,Cleptomaníaco!,0,0,0,https://twitter.com/SargentoFAHUR/status/1610737747647397914
Silvio Lobo,@WolffSilvio,https://twitter.com/WolffSilvio/status/1611021401498193925,2023-01-05T15:26:48.000Z,Com as armas que o vagabundo fujão deu pra eles.,0,0,0,https://twitter.com/SargentoFAHUR/status/1610737747647397914
Nazar,@TERESA52147381,https://twitter.com/TERESA52147381/status/1611079186290036737,2023-01-05T19:16:25.000Z,Sargento o senhor tem o direito e dever de mostrar em suas redes sociais tudo o que está acontecendo no Brasil..só assim tomam vergonha na cara e varinha de marmelo 😁🤭😂😂😂,0,0,0,https://twitter.com/SargentoFAHUR/status/1610737747647397914
Leozin-,@leozinguerra25,https://twitter.com/leozinguerra25/status/1610806262215725059,2023-01-05T01:11:54.000Z,"Esperam q tenham prendido ja esse fdp, com as imagens da camera de segurança fica facil pra identificar, esse dai n precisa cancelar o cpf, mas se fosse assaltante tinha era q meter bala nos arrombado",0,0,0,https://twitter.com/SargentoFAHUR/status/1610737747647397914
Marcos™,@MFCBrasil22,https://twitter.com/MFCBrasil22/status/1610788767253626880,2023-01-05T00:02:23.000Z,O velho fdp já pode se candidatar a uma vaga de ministro do nine.,0,0,1,https://twitter.com/SargentoFAHUR/status/1610737747647397914
𝕎𝕖𝕟𝕕𝕖𝕝 ℚ𝕦𝕚𝕣𝕚𝕟𝕠,@WendelRudney,https://twitter.com/WendelRudney/status/1610817594214305793,2023-01-05T01:56:56.000Z,A ocasião faz o ladrão!,0,0,0,https://twitter.com/SargentoFAHUR/status/1610737747647397914
Sou Brasileiro,@adri_servilha,https://twitter.com/adri_servilha/status/1610814248002936833,2023-01-05T01:43:38.000Z,Relaxa sargento é só o começo,0,0,0,https://twitter.com/SargentoFAHUR/status/1610737747647397914
Jonny Yamaguchi,@jonny1217,https://twitter.com/jonny1217/status/1610775993555230723,2023-01-04T23:11:38.000Z,Ladrão tem muitos no Brasil é fã clube,0,0,0,https://twitter.com/SargentoFAHUR/status/1610737747647397914
Vitor Hugo,@vhmoura,https://twitter.com/vhmoura/status/1610941805914198017,2023-01-05T10:10:31.000Z,É o típico ladrão que está em Brasília.,0,0,0,https://twitter.com/SargentoFAHUR/status/1610737747647397914
Auditor Fiscal-Receita,@AraujoSemaias,https://twitter.com/AraujoSemaias/status/1610787767302193158,2023-01-04T23:58:25.000Z,"Por que você não trabalha, velho?",0,0,0,https://twitter.com/SargentoFAHUR/status/1610737747647397914
Dr_Rogério.Murça,@ROGERIOMURA1,https://twitter.com/ROGERIOMURA1/status/1611012283442040832,2023-01-05T14:50:34.000Z,"Como que o Ex-Presidente Bolsonaro desampara os seus eleitores fiéis, prometendo que tudo iria dar certo, que podíamos confiar nele e ele entrega a Nação nas mãos de um L@dr@o !Os Generais das FFAA também cagaram nas calças,com medo de um L@dr@o !Que absurdo ! Parece um pesadelo.",0,0,1,https://twitter.com/SargentoFAHUR/status/1610737747647397914
LUIZ CTBA,@LuizctbaII,https://twitter.com/LuizctbaII/status/1610739514850279433,2023-01-04T20:46:41.000Z,https://twitter.com/LuizctbaII/status/1610718375990247450?s=20&t=iVXNSnscem7CeYDiiIgQgA…,0,0,0,https://twitter.com/SargentoFAHUR/status/1610737747647397914
LUIZ CTBA,@LuizctbaII,https://twitter.com/LuizctbaII/status/1610739624090927129,2023-01-04T20:47:07.000Z,"""Bolsonaro é visivelmente despreparado, fanfarrão, irresponsável, apoiado por uma indústria de Fake News, tenta de toda forma desacreditar a imprensa para que o povo acredite na fábrica de mentiras produzida por uma milícia digital""
General Santos Cruz",0,0,0,https://twitter.com/SargentoFAHUR/status/1610737747647397914
Felipe Paixão,@FelipePa1xao,https://twitter.com/FelipePa1xao/status/1610737903751004183,2023-01-04T20:40:16.000Z,Com o presidente em exercício eu não me espanto mais com nada,1,0,0,https://twitter.com/SargentoFAHUR/status/1610737747647397914
Miguel Lazaro,@MiguelL57044646,https://twitter.com/MiguelL57044646/status/1611072320616947729,2023-01-05T18:49:08.000Z,É só pra tomar uma ervejinha,0,0,0,https://twitter.com/SargentoFAHUR/status/1610737747647397914
Jorge,@Jorge41224263,https://twitter.com/Jorge41224263/status/1610920185707347969,2023-01-05T08:44:36.000Z,fim d Fundão cotão emendas verbas partidàrias orçamentos secretos?corte imediato p metade d servidores d salários d três poderes d Brasília militares ministérios órgãos adjacentes servidores d alto escalão já?d benefícios salários d magistrados procuradores juízes desembargadores,0,1,0,https://twitter.com/SargentoFAHUR/status/1610737747647397914
