nome,usuario,idTweet,dataPublicacao,texto,replies,retweets,likes,tweetPai
Mestiço,@brazuka1973,https://twitter.com/brazuka1973/status/1610795063529070593,2023-01-05T00:27:24.000Z,"Pago pelo Povo, com dinheiro dos impostos arrancados dos mesmos, sem autorização Estado, escalpela seus servos e socializa o dinheiro do Povo com os cupinxas.",0,0,0,https://twitter.com/lpbragancabr/status/1610636212871614476
"Helô Cruz, CFA",@helocruz,https://twitter.com/helocruz/status/1610746125207670803,2023-01-04T21:12:57.000Z,"Acho legal postar as coisas aqui, mas não se esqueça de protocolar, obstruir, votar contra, falar no plenário as coisas. Aqui no Twitter a gente consegue ser ouvido tb, mas não temos voz no Congresso, onde realmente se pode ser mais efetivo.",9,18,271,https://twitter.com/lpbragancabr/status/1610636212871614476
Raphael Machado,@camaradamachado,https://twitter.com/camaradamachado/status/1610961805110566912,2023-01-05T11:29:59.000Z,"Ou seja, a Renascença bancada pelas cidades italianas era propaganda, não era cultura. Mozart, bancado pelos governos germânicos do Sacro-Império era propaganda, não cultura. Diego Velázquez? Só na ""mamata"" do Estado espanhol. Albrecht Dürer? Usou a Lei Rouanet do Maximiliano I.",7,7,177,https://twitter.com/lpbragancabr/status/1610636212871614476
O Cafezinho,@ocafezinho,https://twitter.com/ocafezinho/status/1611040728762679310,2023-01-05T16:43:36.000Z,Tipo shows sertanejos bancados por prefeituras?,1,0,21,https://twitter.com/lpbragancabr/status/1610636212871614476
Nirdo P,@nirdop,https://twitter.com/nirdop/status/1610696424102019077,2023-01-04T17:55:27.000Z,"E aí príncipe, já descobriu porque D Pedro II não consta entre os 110 maçons mais fodásticos??? 
D Pedro I está lá…
D Pedro II , não …",3,0,2,https://twitter.com/lpbragancabr/status/1610636212871614476
moisesmuñoz,@moisesmunhoz,https://twitter.com/moisesmunhoz/status/1610645505431715856,2023-01-04T14:33:07.000Z,O dinheiro do povo q sua família sempre usou é oq?,4,0,11,https://twitter.com/lpbragancabr/status/1610636212871614476
Marciojr.1985,@Marciojr1985,https://twitter.com/Marciojr1985/status/1610816919526850560,2023-01-05T01:54:15.000Z,Cultura é o caralho,0,0,0,https://twitter.com/lpbragancabr/status/1610636212871614476
Luiz_1962,@luiz_2050,https://twitter.com/luiz_2050/status/1610696788465401858,2023-01-04T17:56:54.000Z,D Pedro II deve esta se revirando no túmulo,0,0,0,https://twitter.com/lpbragancabr/status/1610636212871614476
Luiz_1962,@luiz_2050,https://twitter.com/luiz_2050/status/1610697124169007106,2023-01-04T17:58:14.000Z,"Agora Inês é morta, deixam a serpente por ovos, os ovos eclodiram, que Deus tenha misericórdia do Brasil!!!",0,0,0,https://twitter.com/lpbragancabr/status/1610636212871614476
Rudnei,@RudneiRoberto,https://twitter.com/RudneiRoberto/status/1610647881735716865,2023-01-04T14:42:34.000Z,"Perdão, Deputado, mas denunciar no twitter não resolve nada. A briga tem que ser na Câmara dos Deputados.",3,2,11,https://twitter.com/lpbragancabr/status/1610636212871614476
Su.(Lk),@lksolveig,https://twitter.com/lksolveig/status/1611177782247100416,2023-01-06T01:48:12.000Z,"Sempre foi. Faz parte do plano revolucionário a participação dos ""intelectuais orgânicos"", como os chamava o Prof Olavo. Claro que precisavam comprá-los de alguma forma: gente sem caráter não faz nada de graça.",0,0,2,https://twitter.com/lpbragancabr/status/1610636212871614476
Regina Carvalho,@ReginaMCLeme,https://twitter.com/ReginaMCLeme/status/1611945212137426945,2023-01-08T04:37:41.000Z,O pior é a qualidade que vem sendo apresentada !!! 🤮🤮🤮🤮🤮🤮🤮🤮🤮🤮🤮🤮,0,0,1,https://twitter.com/lpbragancabr/status/1610636212871614476
Juca bala!,@jucabalaquintal,https://twitter.com/jucabalaquintal/status/1611169624468647936,2023-01-06T01:15:47.000Z,Corretíssimo! Sempre foi!,0,0,0,https://twitter.com/lpbragancabr/status/1610636212871614476
Benjamimbv,@benjamimbv,https://twitter.com/benjamimbv/status/1610650188481175557,2023-01-04T14:51:44.000Z,Com certeza.,0,0,1,https://twitter.com/lpbragancabr/status/1610636212871614476
Márcio 22,@RBBolsoringa,https://twitter.com/RBBolsoringa/status/1612129416846393347,2023-01-08T16:49:39.000Z,Pagamento de favores.,0,0,0,https://twitter.com/lpbragancabr/status/1610636212871614476
Humberto Carlos Borges,@Humberto2conta,https://twitter.com/Humberto2conta/status/1610637902286917632,2023-01-04T14:02:54.000Z,👏👏👏👏👏,0,0,1,https://twitter.com/lpbragancabr/status/1610636212871614476
Florinda Irada,@danpontes999,https://twitter.com/danpontes999/status/1610639211211653125,2023-01-04T14:08:06.000Z,"Concordo deputado!!!!
Quais as ações que vossa majestade está tomando para impedir esse absurdo?",1,1,5,https://twitter.com/lpbragancabr/status/1610636212871614476
Hernani Giuliano,@HernaniGiuliano,https://twitter.com/HernaniGiuliano/status/1610650998573244416,2023-01-04T14:54:57.000Z,Senhor Bragança por que o senhor não sai do Twitter e vai protocolar em desfavor do governo no STF ? Faça algo útil. Isso já sabemos,0,0,1,https://twitter.com/lpbragancabr/status/1610636212871614476
Márcia Tondello #ForaMula,@Maton_3,https://twitter.com/Maton_3/status/1610836018864836609,2023-01-05T03:10:09.000Z,🎯 Cultura de referência Goebbels. 🤐,0,0,1,https://twitter.com/lpbragancabr/status/1610636212871614476
MM,@XM214PeaceMaker,https://twitter.com/XM214PeaceMaker/status/1611070163243130884,2023-01-05T18:40:33.000Z,"E a população que segue voto de artista que mama em dinheiro público sabendo que este dinheiro é para a saúde, contrução de infraestrutura melhores  e ""educação"" (não doutrinada)  merece o governo que eles elegem.",0,0,0,https://twitter.com/lpbragancabr/status/1610636212871614476
João Navajas,@joaonavajas,https://twitter.com/joaonavajas/status/1610738505008676865,2023-01-04T20:42:40.000Z,"Por isso vemos os jovens desavisados se preparem casa vez mais para serem “vedetes” :  sem alfabetização na infância, sem preparação no ensino médio e com larga doutrinação para o empoderamento - acabam num “empuleiramento” histriônico e canastrão no teatro de revista da vida.",0,0,0,https://twitter.com/lpbragancabr/status/1610636212871614476
JOSE CARLOS MOTA,@jccmota20,https://twitter.com/jccmota20/status/1610749934067920896,2023-01-04T21:28:05.000Z,Tá assustado? Vai piorar!!,0,0,0,https://twitter.com/lpbragancabr/status/1610636212871614476
Hamilton Lima Wagner,@hamiltonlwagner,https://twitter.com/hamiltonlwagner/status/1610696053283602440,2023-01-04T17:53:59.000Z,Perfeito deputado!,0,0,0,https://twitter.com/lpbragancabr/status/1610636212871614476
SCoimb,@SCoimb,https://twitter.com/SCoimb/status/1610728581008588810,2023-01-04T20:03:14.000Z,Coisa de Goebbels,0,0,1,https://twitter.com/lpbragancabr/status/1610636212871614476
Odaildo NÃO A CENSURA,@OdaildoM,https://twitter.com/OdaildoM/status/1610784503609581570,2023-01-04T23:45:27.000Z,Está mais claro do que a luz do dia.,0,0,0,https://twitter.com/lpbragancabr/status/1610636212871614476
Leo Boechat,@leoboechat,https://twitter.com/leoboechat/status/1610701037999996930,2023-01-04T18:13:47.000Z,arte,2,1,61,https://twitter.com/lpbragancabr/status/1610636212871614476
Claudio,@patriota10565,https://twitter.com/patriota10565/status/1610740047720124416,2023-01-04T20:48:48.000Z,"E daí? O q vc tá fazendo na prática p/ajudar? Até agora só vejo tweets: ""ain, olha essa notícia"", ""fulano do pt disse"", ""sicrano do psol quer prender JB"", blábláblá, cadê às ações na justiça? Cadê as denúncias? Por q vocês do CN não entopem o desgoverno de ações? Vida fácil, VTNC",0,0,0,https://twitter.com/lpbragancabr/status/1610636212871614476
julio maciel,@juliomacielmac1,https://twitter.com/juliomacielmac1/status/1610965340195880961,2023-01-05T11:44:02.000Z,"É suborno ""artístico"".",0,0,0,https://twitter.com/lpbragancabr/status/1610636212871614476
Helena Duarte,@HelenaD92516366,https://twitter.com/HelenaD92516366/status/1610798423896104960,2023-01-05T00:40:46.000Z,👏👏👏👏,0,0,0,https://twitter.com/lpbragancabr/status/1610636212871614476
Eduardo Paiva,@EduardoPaiva124,https://twitter.com/EduardoPaiva124/status/1610637643783573507,2023-01-04T14:01:53.000Z,"o Estado pode ser bom ou mau, dependendo das pessoas que estão dentro dele. 

O dificil é explicar isso a um liberal.",9,0,14,https://twitter.com/lpbragancabr/status/1610636212871614476
Onça*Seguidores do LADRÃO aqui NÃO!,@OncaSedenta,https://twitter.com/OncaSedenta/status/1610658907277479938,2023-01-04T15:26:22.000Z,"Que os PAULISTAS de 1932 de volta, SÃO PAULO é uma grande Barreira e VCS Deputados e Senadores de SP tem fazer o gov @tarcisiogdf agir para fazer esta BARREIRA funcionar .",1,0,2,https://twitter.com/lpbragancabr/status/1610636212871614476
Que seja feita a Tua vontade ... (SDV),@augusto_tec50,https://twitter.com/augusto_tec50/status/1610647665418584064,2023-01-04T14:41:42.000Z,#GREVEGERAL,0,0,9,https://twitter.com/lpbragancabr/status/1610636212871614476
André (Rambo.Empresario),@AndreDireitaCon,https://twitter.com/AndreDireitaCon/status/1610637368930746369,2023-01-04T14:00:47.000Z,Perfeito! Ainda mais financiando artistas que já são conhecidos…,0,0,1,https://twitter.com/lpbragancabr/status/1610636212871614476
Ale Monteiro,@AleMonteiroFla,https://twitter.com/AleMonteiroFla/status/1610637182489739266,2023-01-04T14:00:03.000Z,"Tem toda a razão.
Mas é bom lembrar que o Governo Bolsonaro também fez isso.
Aliás, não cumpriu a promessa de fechar a TV LULA que voltou às mãos do DESCONDENADO eleito.",5,0,8,https://twitter.com/lpbragancabr/status/1610636212871614476
José PEREIRA Neto,@EntoPereira,https://twitter.com/EntoPereira/status/1610667563989729280,2023-01-04T16:00:46.000Z,"Como também assassinato da cultura, porque o artista cria as melhores peças quando em situação adversa. Não há compromisso com a necessidade do sucesso para a sobrevivência e  glória. O dinheiro público só é plausível o uso quando artistas estão nos primórdios da carreira.",3,1,6,https://twitter.com/lpbragancabr/status/1610636212871614476
Rodrigo Souza,@rodrigosperfil,https://twitter.com/rodrigosperfil/status/1610658494855749632,2023-01-04T15:24:44.000Z,"10bi para Cultura  X  1,5 para Agro

É a política do circo sem pão?!",18,3,42,https://twitter.com/lpbragancabr/status/1610636212871614476
Tiago Oliveira,@tiagoaugusto_o,https://twitter.com/tiagoaugusto_o/status/1610641359458770944,2023-01-04T14:16:39.000Z,"Enquanto vocês nãos estimularem artistas de direita a entrarem nesse ringue e pleitearem esses recursos a ""direita continuará"" perdendo. O @josiasteofilo tem razão.",1,0,6,https://twitter.com/lpbragancabr/status/1610636212871614476
Jane Jan,@janemeirelles5,https://twitter.com/janemeirelles5/status/1610694116517769217,2023-01-04T17:46:17.000Z,Que coisa né!! Estado paga imposto p família real em uma república federativa presidencialista !!! É saque aos cofres públicos mesmo !!,0,2,21,https://twitter.com/lpbragancabr/status/1610636212871614476
zbguedes,@zbabel,https://twitter.com/zbabel/status/1610719289337692165,2023-01-04T19:26:18.000Z,"falou o descendente de um imperador que pagou muita cultura, dinheiro do estado, e vc vem com essa?",0,0,2,https://twitter.com/lpbragancabr/status/1610636212871614476
Rogério Lima,@chelosbr,https://twitter.com/chelosbr/status/1610776908727488512,2023-01-04T23:15:16.000Z,Tens que lutar muito no congresso. Agora é agir na defesa e com muita garra contra as propostas maléficas desse governo revolucionário.,0,0,0,https://twitter.com/lpbragancabr/status/1610636212871614476
Yellow Green,@JByellowgreen,https://twitter.com/JByellowgreen/status/1610641424160067584,2023-01-04T14:16:54.000Z,#GREVEGERALGuerra,0,0,0,https://twitter.com/lpbragancabr/status/1610636212871614476
thebigblack,@Assis94156516,https://twitter.com/Assis94156516/status/1610740703910297624,2023-01-04T20:51:24.000Z,"Circo sem pãe e sem picanhe, rsrsrsrs",0,0,0,https://twitter.com/lpbragancabr/status/1610636212871614476
José,@JosOliv1982,https://twitter.com/JosOliv1982/status/1610822089149403136,2023-01-05T02:14:48.000Z,Exatamente,0,0,0,https://twitter.com/lpbragancabr/status/1610636212871614476
Patrícia charret,@PatriciaCharret,https://twitter.com/PatriciaCharret/status/1611167083517165569,2023-01-06T01:05:41.000Z,Eles poderiam ter esse mesmo apreço pela educação 😏,0,0,0,https://twitter.com/lpbragancabr/status/1610636212871614476
Calú Reis,@CaluReis,https://twitter.com/CaluReis/status/1610679868777283584,2023-01-04T16:49:40.000Z,👍🏻🇧🇷,0,0,0,https://twitter.com/lpbragancabr/status/1610636212871614476
shalom Aleichem,@MichelePeres84,https://twitter.com/MichelePeres84/status/1610772082450731009,2023-01-04T22:56:05.000Z,Com certeza,0,0,0,https://twitter.com/lpbragancabr/status/1610636212871614476
maria odila segantin,@modilasegantin,https://twitter.com/modilasegantin/status/1610645368810917890,2023-01-04T14:32:34.000Z,Seus colegas deputados e senadores foram extraditados ? Desapareceram faz tempo...povo q se lasque..,0,0,0,https://twitter.com/lpbragancabr/status/1610636212871614476
claridade,@celielina985841,https://twitter.com/celielina985841/status/1610648716217651200,2023-01-04T14:45:53.000Z,"Os garotos  propaganda, pagos pelo  povo.",0,0,0,https://twitter.com/lpbragancabr/status/1610636212871614476
Brendha Monteiro,@BrendhaMontei14,https://twitter.com/BrendhaMontei14/status/1610733845514420236,2023-01-04T20:24:09.000Z,"Kkkkkkkk . Qnta burrice!!!! Vc recebe algum imposto pra falar besteira, pq só fala besteira enquanto é sustentado pelo dinheiro do contribuinte sem nem ao menos nos oferecer alguma cultura.",2,0,35,https://twitter.com/lpbragancabr/status/1610636212871614476
JP,@jheanpablo,https://twitter.com/jheanpablo/status/1610669687469232128,2023-01-04T16:09:12.000Z,"Nessas horas é que eu invejo os franceses. Eles, sim, sabem como acabar com uma monarquia.",4,0,12,https://twitter.com/lpbragancabr/status/1610636212871614476
Clóvis J. Hülse,@clovishulse,https://twitter.com/clovishulse/status/1610715778957053953,2023-01-04T19:12:22.000Z,Cultura não tem que fazer parte de nenhum governo ou incentivo. O povo precisa é de condições econômicas para que possa consumir a cultura que bem entender. Automaticamente a cultura que for consumida será a cultura autêntica daquele povo.,4,1,6,https://twitter.com/lpbragancabr/status/1610636212871614476
Daniel Jock,@DanielJock,https://twitter.com/DanielJock/status/1610639346293706752,2023-01-04T14:08:39.000Z,"Depende, muitos livros de literatura universal nasceu do dinheiro pago pelo estado.",0,0,0,https://twitter.com/lpbragancabr/status/1610636212871614476
Maria Terezinha,@MariaTe83717765,https://twitter.com/MariaTe83717765/status/1610683944533463053,2023-01-04T17:05:52.000Z,🇧🇷🇧🇷👍👍,0,0,0,https://twitter.com/lpbragancabr/status/1610636212871614476
Maria Porto,@mariamporto,https://twitter.com/mariamporto/status/1610747000856657920,2023-01-04T21:16:25.000Z,"🎯🎯🎯 com o verniz de fazer pelo pobre. Mentira, só mentem e enganam os trouxas. O pobre precisa de políticas econômicas que os tirem de pobreza, antes de tudo.",0,0,0,https://twitter.com/lpbragancabr/status/1610636212871614476
Elvio,@elvio_farias,https://twitter.com/elvio_farias/status/1610690110110199813,2023-01-04T17:30:22.000Z,🤣🤣🤣🤣🤣💰💰💰💰💰💰💰💰💰💰 DINHEIRO 💸💸💸💸💸,0,0,0,https://twitter.com/lpbragancabr/status/1610636212871614476
Tatá,@azul61azul,https://twitter.com/azul61azul/status/1610814114875457536,2023-01-05T01:43:07.000Z,Vê-se que não entende nada de cultura,0,0,0,https://twitter.com/lpbragancabr/status/1610636212871614476
Renato de Almeida,@mestrefefante,https://twitter.com/mestrefefante/status/1611021730545270784,2023-01-05T15:28:06.000Z,Disse o representante de uma família real brasileira que não existe...,0,0,0,https://twitter.com/lpbragancabr/status/1610636212871614476
Mauricio Machado™,@Mr_Machado,https://twitter.com/Mr_Machado/status/1610767523238084608,2023-01-04T22:37:58.000Z,O que você entende do assunto? Nada! Então recolha-se à sua insignificância!,0,0,7,https://twitter.com/lpbragancabr/status/1610636212871614476
LeandroGaia,@LeandroGaiaL,https://twitter.com/LeandroGaiaL/status/1610659420509470723,2023-01-04T15:28:25.000Z,"Senhor Luiz, peço por gentileza que nos ajude.",0,0,0,https://twitter.com/lpbragancabr/status/1610636212871614476
Paulo Carvalho,@carvalhopaulo,https://twitter.com/carvalhopaulo/status/1611006251969691649,2023-01-05T14:26:36.000Z,"Vá arrumar uma coroa para lustrar, princeso e cale a boca.",0,0,0,https://twitter.com/lpbragancabr/status/1610636212871614476
Jair BolsonanoParódia,@JairBolsonano_,https://twitter.com/JairBolsonano_/status/1611021874170937344,2023-01-05T15:28:40.000Z,"- Descendente da Burguesia Escravocrata reclama que pobres tenham acesso ao mínimo

- 💩🇧🇷👍",0,0,1,https://twitter.com/lpbragancabr/status/1610636212871614476
Soulouca,@Bandidafdp,https://twitter.com/Bandidafdp/status/1610985070927421445,2023-01-05T13:02:26.000Z,"Fofo, o orçamento 2023 foi aprovado pelo CN. A conta é de vcs !!",0,0,0,https://twitter.com/lpbragancabr/status/1610636212871614476
SN,@silvianagata,https://twitter.com/silvianagata/status/1610636607018639362,2023-01-04T13:57:45.000Z,Cultura faz parte de educação e formação de civilidade. Você como monarquista deveria entender o mínimo sobre isso.,5,0,5,https://twitter.com/lpbragancabr/status/1610636212871614476
Ricardo Wendling,@jrrwendling,https://twitter.com/jrrwendling/status/1610982057445933056,2023-01-05T12:50:27.000Z,"Era o que os teus antepassados faziam. Eram chamadoa ""mecenas"". Não estudou História?",0,0,0,https://twitter.com/lpbragancabr/status/1610636212871614476
Daniel Amorim,@DanielA26296954,https://twitter.com/DanielA26296954/status/1610684482658668544,2023-01-04T17:08:00.000Z,"Ai, o Prinço de novo, que chatice, ah, não...",0,1,2,https://twitter.com/lpbragancabr/status/1610636212871614476
lucia,@bull70238875,https://twitter.com/bull70238875/status/1611005221865390086,2023-01-05T14:22:30.000Z,ATENÇÃO- não se esqueça que somos uma REPÚBLICA. Não queremos e não seremos monarquia de 5a. JAMAIS.,0,0,0,https://twitter.com/lpbragancabr/status/1610636212871614476
Cristina Maia,@Cristin24442586,https://twitter.com/Cristin24442586/status/1610683389228584963,2023-01-04T17:03:39.000Z,Príncipe que recebe dinheiro do Estado serve para quê?,0,0,6,https://twitter.com/lpbragancabr/status/1610636212871614476
Bruno,@BrunoBRF1995,https://twitter.com/BrunoBRF1995/status/1610637971216076801,2023-01-04T14:03:11.000Z,Goebbels Utilizava muito dessa tática pra promover o regime nazista.,0,0,4,https://twitter.com/lpbragancabr/status/1610636212871614476
Olavo tem razão,@PedroII23071840,https://twitter.com/PedroII23071840/status/1610639023764082690,2023-01-04T14:07:22.000Z,Com esse tipo de postagem sua conta será bloqueada em breve.,0,0,0,https://twitter.com/lpbragancabr/status/1610636212871614476
Max Paulo Borges,@maxautomacao,https://twitter.com/maxautomacao/status/1610639414991937541,2023-01-04T14:08:55.000Z,Denúncia na CCJ!,0,0,0,https://twitter.com/lpbragancabr/status/1610636212871614476
NFT’S PHS,@MEG4_MAN,https://twitter.com/MEG4_MAN/status/1610649690147819522,2023-01-04T14:49:45.000Z,Correct 🎯,0,0,4,https://twitter.com/lpbragancabr/status/1610636212871614476
Marco Antonio,@_marcobraga_,https://twitter.com/_marcobraga_/status/1610652682066313224,2023-01-04T15:01:38.000Z,Viver é arte e propagandas fazem parte! Marco Braga,0,0,0,https://twitter.com/lpbragancabr/status/1610636212871614476
Erica Raquel,@EriquinhaRa,https://twitter.com/EriquinhaRa/status/1610655879585533952,2023-01-04T15:14:20.000Z,Cultura: financiar artistas globais ricos para fazerem peças teatrais com fracasso de público,0,0,4,https://twitter.com/lpbragancabr/status/1610636212871614476
Daniel Paganini,@danielpaganin87,https://twitter.com/danielpaganin87/status/1610658705405800449,2023-01-04T15:25:34.000Z,Uma pena o Sr. não ser nosso presidente.... imagino o sofrimento de ver o império de seus avós ser transformado nisto....,0,0,0,https://twitter.com/lpbragancabr/status/1610636212871614476
osmar,@osmarcamp,https://twitter.com/osmarcamp/status/1610661266779144193,2023-01-04T15:35:45.000Z,Perfeição,0,0,0,https://twitter.com/lpbragancabr/status/1610636212871614476
𝓜𝓪𝓻𝓬𝓸 𝓟𝓪𝓾𝓵𝓸 𝓢𝓲𝓵𝓿𝓪,@MARCOPAULOMARQ4,https://twitter.com/MARCOPAULOMARQ4/status/1610669498633457664,2023-01-04T16:08:27.000Z,Elementar e lapidar!,0,0,0,https://twitter.com/lpbragancabr/status/1610636212871614476
regina guimarães,@reginaguimares3,https://twitter.com/reginaguimares3/status/1610672834896097280,2023-01-04T16:21:43.000Z,Contamos com sua dedicação. Desejo que todos os parlamentares de oposição se unam para o bem do nosso país.,0,2,4,https://twitter.com/lpbragancabr/status/1610636212871614476
Cjunior drds,@Cjrdrd,https://twitter.com/Cjrdrd/status/1610812723054669829,2023-01-05T01:37:35.000Z,"Falou o entendedor de cultura kkk
Menos, bem menos tá.",0,0,0,https://twitter.com/lpbragancabr/status/1610636212871614476
Dulcinéia Carneiro,@DulceNascimento,https://twitter.com/DulceNascimento/status/1610662982786387970,2023-01-04T15:42:34.000Z,E família mantida pelo estado? Acho que deveria acabar com aquele imposto de Petrópolis não concorda? Estado mantendo gente inútil.,0,0,0,https://twitter.com/lpbragancabr/status/1610636212871614476
Simone Cristina,@Scristinasousa,https://twitter.com/Scristinasousa/status/1610675178585083904,2023-01-04T16:31:02.000Z,O que o Sr tem feito contra isso deputado? Chega de redes sociais e parte pro trabalho firme e contínuo. Essa corja não para.,0,0,0,https://twitter.com/lpbragancabr/status/1610636212871614476
Carlos Rossi,@CarlosR65675363,https://twitter.com/CarlosR65675363/status/1611074030160805889,2023-01-05T18:55:55.000Z,"Sou escritor e vivo da venda de meus livros e não do dinheiro da Lei Rouanet.Estes artistas parasitas sugam dinheiro do Estado para bem próprio, não dá cultura. Pareas.",0,0,0,https://twitter.com/lpbragancabr/status/1610636212871614476
RoMK,@RoMK2023,https://twitter.com/RoMK2023/status/1610639102994530304,2023-01-04T14:07:41.000Z,Poucos entendem isso,0,0,0,https://twitter.com/lpbragancabr/status/1610636212871614476
Calma nessa hora.,@tpdcarioca,https://twitter.com/tpdcarioca/status/1610719322292486144,2023-01-04T19:26:26.000Z,Que estupidez!,0,0,1,https://twitter.com/lpbragancabr/status/1610636212871614476
Edi G,@eg2309,https://twitter.com/eg2309/status/1610688143136624663,2023-01-04T17:22:33.000Z,"Desses 10 bi, 50% fica em algumas top residências de Salvador e os outra 50% vão pro Leblon esfumaçado ….",0,0,0,https://twitter.com/lpbragancabr/status/1610636212871614476
gato negacionista,@gatodesenganado,https://twitter.com/gatodesenganado/status/1610648195691937793,2023-01-04T14:43:48.000Z,Liberais não aprendem nada!,0,0,0,https://twitter.com/lpbragancabr/status/1610636212871614476
Jean Jacoski,@Jacoski_oficial,https://twitter.com/Jacoski_oficial/status/1610788783586439168,2023-01-05T00:02:27.000Z,"PODER LEGISLATIVO CABE O QUE????
INVESTIGUEM!!!
SE TIVER ERRO, JÁ TENS A RESPOSTA!",0,0,0,https://twitter.com/lpbragancabr/status/1610636212871614476
Ângelo jr,@ngelomarchioll1,https://twitter.com/ngelomarchioll1/status/1610675239553318913,2023-01-04T16:31:16.000Z,#ForaLula,0,0,0,https://twitter.com/lpbragancabr/status/1610636212871614476
Rosangela Daros,@rosangeladaros,https://twitter.com/rosangeladaros/status/1610680353349419010,2023-01-04T16:51:35.000Z,"Vcs viram td isso e não fizeram nada!!! E agora tb não fazem!!!!
E querem que o POVO e FAA resolvam!!!
Vcs são VERGONHA!!!!",1,0,1,https://twitter.com/lpbragancabr/status/1610636212871614476
Marta,@Marta25709491,https://twitter.com/Marta25709491/status/1610665060279402496,2023-01-04T15:50:49.000Z,"Cultura paga pelo Estado para quem não tem acesso é cultura, sim.",0,1,24,https://twitter.com/lpbragancabr/status/1610636212871614476
Daniel Silva,@danielos_2020,https://twitter.com/danielos_2020/status/1610727087253364737,2023-01-04T19:57:18.000Z,Ela não é paga e sim incentivada.,0,1,1,https://twitter.com/lpbragancabr/status/1610636212871614476
JoseCelestinoda Silva,@josecelestinoda,https://twitter.com/josecelestinoda/status/1610864829157310466,2023-01-05T05:04:38.000Z,"E monarquia mantida com laudêmio, o que é?",2,0,1,https://twitter.com/lpbragancabr/status/1610636212871614476
Jose Carlos Coelho,@cajucoelho,https://twitter.com/cajucoelho/status/1610725145072500739,2023-01-04T19:49:35.000Z,Tira o teu Orléans e Bragança e trabalha!!!!,1,0,0,https://twitter.com/lpbragancabr/status/1610636212871614476
Bugs,@ThiagoS99479843,https://twitter.com/ThiagoS99479843/status/1610636736518041601,2023-01-04T13:58:16.000Z,Ministério Göebells,0,1,2,https://twitter.com/lpbragancabr/status/1610636212871614476
Visconde de Mauá,@IrineuESousa,https://twitter.com/IrineuESousa/status/1610637536874954752,2023-01-04T14:01:27.000Z,Votei em você. Conto com sua maneira aguerrida de 1° de Fevereiro em diante.,0,0,2,https://twitter.com/lpbragancabr/status/1610636212871614476
Kalebe Chaves,@kalebe_chaves,https://twitter.com/kalebe_chaves/status/1610646463637250048,2023-01-04T14:36:55.000Z,🎯,0,0,1,https://twitter.com/lpbragancabr/status/1610636212871614476
Oliveira,@Kleberd57600466,https://twitter.com/Kleberd57600466/status/1610669866171891712,2023-01-04T16:09:55.000Z,Pão 🍞 e circo 🎪,0,0,3,https://twitter.com/lpbragancabr/status/1610636212871614476
Marcos Jr.,@marcosaljr,https://twitter.com/marcosaljr/status/1610976861080719360,2023-01-05T12:29:48.000Z,"Basicamente boa parte da cultura universal desde o Egito Antigo e a Mesopotâmia, pelo seu critério, foi propaganda de agenda política. Portanto, a maior parte da cultura não é cultura. Piada.",2,2,67,https://twitter.com/lpbragancabr/status/1610636212871614476
Mila mesmo!,@MilanaoCamila,https://twitter.com/MilanaoCamila/status/1610995456410259457,2023-01-05T13:43:42.000Z,Então a cultura deve ser apenas para quem pode pagar por ela?,0,0,4,https://twitter.com/lpbragancabr/status/1610636212871614476
Daniel Lavorato,@daniel_lavorato,https://twitter.com/daniel_lavorato/status/1611030635186880512,2023-01-05T16:03:29.000Z,"Um tataraneto do imperador que bancou o estudo de Victor Meireles e Carlos Gomes na Europa se elegeu deputado para ser contra subvenção da cultura pelo Estado. Se conhecesse história, teria vergonha. Ou não.",0,0,8,https://twitter.com/lpbragancabr/status/1610636212871614476
DiegoGyaq,@DiegoGyaq,https://twitter.com/DiegoGyaq/status/1610636881124892674,2023-01-04T13:58:51.000Z,"Artista bom vai ter público 
Artista que não tem público, é ruim!!!

Que vá caçar o que fazer.",2,0,6,https://twitter.com/lpbragancabr/status/1610636212871614476
Natanael Da Silva,@Natanae70697011,https://twitter.com/Natanae70697011/status/1610701231537942529,2023-01-04T18:14:33.000Z,O senhor está mais pra anarquista do que monarquista seria a cloroquina ? D.  Pedro está revirando no caixão que fase hein! Meu Deus,0,1,3,https://twitter.com/lpbragancabr/status/1610636212871614476
Daniel M. AKA Petitorini,@ThePetitTrianon,https://twitter.com/ThePetitTrianon/status/1610636748857524230,2023-01-04T13:58:19.000Z,"O estado coletivista termina por matar a cultura, é o que busca fazer, pessoas sem esse asset importante são mais Fáceis de usar",2,0,4,https://twitter.com/lpbragancabr/status/1610636212871614476
osmar santos,@Osmarsi52889354,https://twitter.com/Osmarsi52889354/status/1610637319291166720,2023-01-04T14:00:35.000Z,Mas era isso que a turma do amor que  na sua maioria  é da @globo  quer isso dinheiro,1,0,3,https://twitter.com/lpbragancabr/status/1610636212871614476
Vi@jant€,Vi@jant€,https://twitter.com/lilianmobh/status/1610659714333028352,2023-01-04T15:29:35.000Z,"Que vergonha um representante da ""monarquia"" com um pensamento tão limitado e tão tosco! Como se chama o sustento pago à ""monarcas"" que não são mais monarcas pq o regime acabou? Vcs não tem medo que cortem a verbinha de Petropólis? Deviam.",2,0,3,https://twitter.com/lpbragancabr/status/1610636212871614476
Concertos Gerais,@GeraisConcertos,https://twitter.com/GeraisConcertos/status/1610719931217084434,2023-01-04T19:28:51.000Z,Fala isso para o seu avô.,0,1,4,https://twitter.com/lpbragancabr/status/1610636212871614476
BorisPelles85,@pelles85,https://twitter.com/pelles85/status/1610779005262888961,2023-01-04T23:23:36.000Z,"Uns dos piores erros culturais foi considerar você como descendente de um imperador que procurava investir na cultura de um país que até então, não tinha sua identidade, sua arte e era exclusiva a nobreza. A cultura meu nobre e pobre Bragança é pra todos e se é pra todos (Estado)",2,0,11,https://twitter.com/lpbragancabr/status/1610636212871614476
Luciano Dami,@lucianodami,https://twitter.com/lucianodami/status/1611840660880953346,2023-01-07T21:42:14.000Z,Seguindo essa lógica um príncipe que recebe dinheiro do Estado em uma república é propaganda enganosa.,0,0,2,https://twitter.com/lpbragancabr/status/1610636212871614476
Radialista Renato Affonso,@renatoaffonso72,https://twitter.com/renatoaffonso72/status/1610636538764828672,2023-01-04T13:57:29.000Z,Mais uma vez a Lei Rouanet patrocinando luxo de veteranos…,0,0,3,https://twitter.com/lpbragancabr/status/1610636212871614476
Roberto Melo Moraes,@betomelomoraes1,https://twitter.com/betomelomoraes1/status/1610649332264407042,2023-01-04T14:48:19.000Z,É religião:,0,0,3,https://twitter.com/lpbragancabr/status/1610636212871614476
Marcos Hansen,@Mhansen71,https://twitter.com/Mhansen71/status/1610670709893636099,2023-01-04T16:13:16.000Z,"Desembolsa uns anéis e investe na cultura, então, imperadorzinho de nada!",0,1,1,https://twitter.com/lpbragancabr/status/1610636212871614476
Ton,@Ton28681877,https://twitter.com/Ton28681877/status/1610740388909678598,2023-01-04T20:50:09.000Z,Você reclama da cultura mas não reclamou do orçamento secreto...,0,0,3,https://twitter.com/lpbragancabr/status/1610636212871614476
Nicão Verdadeiro,@nicaoverdadeir1,https://twitter.com/nicaoverdadeir1/status/1610806818480979968,2023-01-05T01:14:07.000Z,"Ô princeso, vsf. Kkkk Kkkk",0,0,3,https://twitter.com/lpbragancabr/status/1610636212871614476
Maurício Rodrigues,@rsf_mauricio,https://twitter.com/rsf_mauricio/status/1611003278392807424,2023-01-05T14:14:47.000Z,Tipo a Família Real em países que mantém a monarquia.,0,0,4,https://twitter.com/lpbragancabr/status/1610636212871614476
Everton Santos,@sabrobalhanorte,https://twitter.com/sabrobalhanorte/status/1610684348096733184,2023-01-04T17:07:28.000Z,"Querido, estimado e precioso, """"""príncipe"""""",  pesquise o legado cultural de D. Pedro II,  vê-se que não herdou nada do ilustre antepssado, mas brada a nobreza que não faz jus...
É, Pedroca!!! O deixaste para o Brasil???",0,2,31,https://twitter.com/lpbragancabr/status/1610636212871614476
Blibagus,@SOUZAJC68,https://twitter.com/SOUZAJC68/status/1610763519955243015,2023-01-04T22:22:04.000Z,"Pois é, o que vc me diz da sua família que ainda recebe do Governo federal pelo Império??",1,0,13,https://twitter.com/lpbragancabr/status/1610636212871614476
João Doe VII,@joaodoevii,https://twitter.com/joaodoevii/status/1610670113782480903,2023-01-04T16:10:54.000Z,Deus que me livre consumir cultura patrocinada pelo governo.,1,0,3,https://twitter.com/lpbragancabr/status/1610636212871614476
Gustavo Henrique,@GustavoHenrike,https://twitter.com/GustavoHenrike/status/1610657988380954626,2023-01-04T15:22:43.000Z,"10 bilhões de reais...

Continuo não acreditado nisso...",0,0,2,https://twitter.com/lpbragancabr/status/1610636212871614476
Leonardo,@rjrleo,https://twitter.com/rjrleo/status/1610672921038536704,2023-01-04T16:22:03.000Z,"Para quem nao tem acesso, é sim cultura. Você vive em uma bolha social que nao deve tirar a pantufa (as mesmas do palacio de Petropolis) para ver além do seu nariz.",0,0,2,https://twitter.com/lpbragancabr/status/1610636212871614476
Ronaldo K,@ronaldokoiti,https://twitter.com/ronaldokoiti/status/1610714874870480914,2023-01-04T19:08:46.000Z,E o Laudênio heim,0,0,2,https://twitter.com/lpbragancabr/status/1610636212871614476
Suiane,@suiane_cardoso,https://twitter.com/suiane_cardoso/status/1611013803075846145,2023-01-05T14:56:36.000Z,Tá falando dos shows sertanejos pagos por prefeituras?,2,0,2,https://twitter.com/lpbragancabr/status/1610636212871614476
OSMAR dodeca é voce?¹⁹⁶³,@Osmar_SEP,https://twitter.com/Osmar_SEP/status/1610686385505144852,2023-01-04T17:15:34.000Z,Quando a família imperial subsidiava artistas era o que?,1,0,2,https://twitter.com/lpbragancabr/status/1610636212871614476
Paulo André,@pagfaria,https://twitter.com/pagfaria/status/1610719786295775234,2023-01-04T19:28:17.000Z,Falou quem usava a Agência oficial do Governo para divulgar motociata fascistóide...,1,0,4,https://twitter.com/lpbragancabr/status/1610636212871614476
anxiety ridden,@ridden_anxiety,https://twitter.com/ridden_anxiety/status/1610767374000574464,2023-01-04T22:37:23.000Z,"Fala isso na cara do gustavo lima, duvido",0,0,2,https://twitter.com/lpbragancabr/status/1610636212871614476
João Carlos Filho,@joaoescosteguy,https://twitter.com/joaoescosteguy/status/1610801230296584194,2023-01-05T00:51:55.000Z,Então admite que teus ancestrais faziam propaganda politica com cultura durante o Império?,0,0,18,https://twitter.com/lpbragancabr/status/1610636212871614476
sdusilek,@sdusilek,https://twitter.com/sdusilek/status/1610842088588836866,2023-01-05T03:34:16.000Z,Se fosse isso ainda seria melhor que o sustento de caprichos monárquicos.,0,0,5,https://twitter.com/lpbragancabr/status/1610636212871614476
Teago Oliveira,@teagoliveira,https://twitter.com/teagoliveira/status/1611003516524322817,2023-01-05T14:15:43.000Z,EUA e Europa então é só propaganda política.,0,0,9,https://twitter.com/lpbragancabr/status/1610636212871614476
Daniel Hortence Fernandes,@DanielHortence,https://twitter.com/DanielHortence/status/1610673458429452288,2023-01-04T16:24:12.000Z,Sonho no dia em que você seja presidente,0,0,0,https://twitter.com/lpbragancabr/status/1610636212871614476
Pedro,@pedrolucas_crf,https://twitter.com/pedrolucas_crf/status/1610676302381748225,2023-01-04T16:35:30.000Z,Mas eles não estão preparados para essa conversa,0,0,0,https://twitter.com/lpbragancabr/status/1610636212871614476
Fabiano Batista,@Fabiano10549001,https://twitter.com/Fabiano10549001/status/1610677205004161046,2023-01-04T16:39:05.000Z,"Estado dando dinheiro para cultura e imprensa, acaba a democracia.",0,0,1,https://twitter.com/lpbragancabr/status/1610636212871614476
João Vitor,@oCaptain_Bob,https://twitter.com/oCaptain_Bob/status/1610689373674115092,2023-01-04T17:27:26.000Z,"ficar de discurso contra usar dinheiro público e mostrar quanto economiza de emendas, sem impedir todos de usarem o dinheiro, só serve pra ficar apanhando de comunista que usa todo centavo que pode contra nós. congressistas se sentem limpinhos e o povo só se fode",0,0,0,https://twitter.com/lpbragancabr/status/1610636212871614476
Felipe Prince,@FelipePrince8,https://twitter.com/FelipePrince8/status/1610704856268050434,2023-01-04T18:28:57.000Z,Com certeza,0,0,0,https://twitter.com/lpbragancabr/status/1610636212871614476
maria cripto,@tarsila,https://twitter.com/tarsila/status/1610706315680284673,2023-01-04T18:34:45.000Z,Você está falando do escândalo da mafia dos shows sertanejos?,0,0,6,https://twitter.com/lpbragancabr/status/1610636212871614476
o Brasil as vezes cansa.,@gustavojam,https://twitter.com/gustavojam/status/1610727784648671233,2023-01-04T20:00:04.000Z,Disse o cara que imagina ser príncipe,0,0,0,https://twitter.com/lpbragancabr/status/1610636212871614476
Marilia,@Marilia16770627,https://twitter.com/Marilia16770627/status/1610729765094461440,2023-01-04T20:07:56.000Z,Concordo plenamente!,0,0,0,https://twitter.com/lpbragancabr/status/1610636212871614476
Moras Berranteiro,@FGMORAIS,https://twitter.com/FGMORAIS/status/1610730462313340928,2023-01-04T20:10:42.000Z,"Ah tava , nelson piquet corre aqui",0,0,0,https://twitter.com/lpbragancabr/status/1610636212871614476
Sandro Gemak,@GemakSandro,https://twitter.com/GemakSandro/status/1610753680319614976,2023-01-04T21:42:58.000Z,Além de saquear o dinheiro dos pagadores de impostos sem qualquer responsabilidade,0,0,2,https://twitter.com/lpbragancabr/status/1610636212871614476
Vania M,@Vannia39M,https://twitter.com/Vannia39M/status/1610754922831818755,2023-01-04T21:47:54.000Z,Gustavo Lima que o diga!,0,0,0,https://twitter.com/lpbragancabr/status/1610636212871614476
LibertariosUy,@UyLibertarios,https://twitter.com/UyLibertarios/status/1610755087151861778,2023-01-04T21:48:33.000Z,"És método de control y adoctrinamiento social 

Se ha usado por siglos 
Y el Socialismo de.manos de la KGB y la CIA han perfeccionado los métodos 

En especial a través de la ""Educación""",0,0,0,https://twitter.com/lpbragancabr/status/1610636212871614476
Beto Nolleto,@BetoNoleto,https://twitter.com/BetoNoleto/status/1610756810947936256,2023-01-04T21:55:24.000Z,"A extrema direita terrorista odeia cultura, meio ambiente, politicas públicas, desigualdade social por isso tem tanta dificuldade de ganhar as eleições no Brasil pra Presidente. #FATO",0,0,0,https://twitter.com/lpbragancabr/status/1610636212871614476
alexandre sanches,@alesanchesmagal,https://twitter.com/alesanchesmagal/status/1610770237292437505,2023-01-04T22:48:45.000Z,"Rarara. Fale isso para mundo, que financia suas culturas. Cada uma...",0,0,0,https://twitter.com/lpbragancabr/status/1610636212871614476
Julio Cesar Gaziola,@Julio_Gaziola,https://twitter.com/Julio_Gaziola/status/1610793099025960966,2023-01-05T00:19:36.000Z,E monarca q não tem reino não é monarca.,0,0,0,https://twitter.com/lpbragancabr/status/1610636212871614476
Bizoiando,@Bizoiando2022,https://twitter.com/Bizoiando2022/status/1610800927921025024,2023-01-05T00:50:43.000Z,Como os shows de cantores sertanojos pagos por prefeituras bolsonaristas através do orçamento secreto?,0,0,0,https://twitter.com/lpbragancabr/status/1610636212871614476
Tiana Maria,@TianaVPS,https://twitter.com/TianaVPS/status/1610857399723720705,2023-01-05T04:35:07.000Z,🇧🇷🇧🇷👏👏👏👏,0,0,0,https://twitter.com/lpbragancabr/status/1610636212871614476
Rosangela Bonicontro,@RosangelaBonic1,https://twitter.com/RosangelaBonic1/status/1610861189080256512,2023-01-05T04:50:10.000Z,Perfeita definição.,0,0,0,https://twitter.com/lpbragancabr/status/1610636212871614476
wanda lucia giglio moreno,@GiglioWanda,https://twitter.com/GiglioWanda/status/1610966475891777536,2023-01-05T11:48:32.000Z,"se for verba da prefeitura para sertanejo pode, mas os demais não? muito seletiva suas declarações",0,0,0,https://twitter.com/lpbragancabr/status/1610636212871614476
Suzy Machado,@SuzyMachado12,https://twitter.com/SuzyMachado12/status/1611201415996739587,2023-01-06T03:22:06.000Z,"Trabalha este ano deputado, pq ser so príncipe ate agora n ajudou ninguem...trabalhe, monte um gabinete que faz justiça aos seus votos...so noticiar fatos n ta bastando....afe",0,0,0,https://twitter.com/lpbragancabr/status/1610636212871614476
Febtur-SP,@FebturSp,https://twitter.com/FebturSp/status/1610865114395074565,2023-01-05T05:05:46.000Z,"O Mecenato é originário dos Impérios e Monarquias!
Artista tem passar fome!
Margareth Menezes, Ministra da Cultura ficou 8 anos sem ter Gravadora! Teve que montar sua própria para poder divulgar sua Arte!",1,0,0,https://twitter.com/lpbragancabr/status/1610636212871614476
Rosiane Real,@RealRosiane,https://twitter.com/RealRosiane/status/1610681810790551553,2023-01-04T16:57:23.000Z,"Nojento como eles usam os artistas para fazerem propaganda pra eles. 
Nojento como os artistas se vendem por 30 moedas.
Arte para mim é outra coisa.",0,0,1,https://twitter.com/lpbragancabr/status/1610636212871614476
Grilo Falante,@bichogrilo41,https://twitter.com/bichogrilo41/status/1611012279058984961,2023-01-05T14:50:33.000Z,O Museu da Ipiranga é propaganda ?,0,0,1,https://twitter.com/lpbragancabr/status/1610636212871614476
Pedro BM,@pedrobarthmore,https://twitter.com/pedrobarthmore/status/1611088187656474624,2023-01-05T19:52:11.000Z,Apaga que da tempo.,0,0,0,https://twitter.com/lpbragancabr/status/1610636212871614476
pode me chamar de senhora,@medicee,https://twitter.com/medicee/status/1611089379568803841,2023-01-05T19:56:55.000Z,Já estudou sobre indústria cultural?,0,0,0,https://twitter.com/lpbragancabr/status/1610636212871614476
"Ah, finalmente os refrescos.",@deco_mira,https://twitter.com/deco_mira/status/1611313338595655683,2023-01-06T10:46:51.000Z,"Descendente de família real não é príncipe, é um lambe botas privilegiado. Maria Antonieta mandou isso de lembrança, ó:",0,0,0,https://twitter.com/lpbragancabr/status/1610636212871614476
Emmanuel Mauricio,@MTQZ,https://twitter.com/MTQZ/status/1611364165595299841,2023-01-06T14:08:49.000Z,Imagine que o imperador não trouxe cultura alguma pro Brasil,0,0,0,https://twitter.com/lpbragancabr/status/1610636212871614476
Luzia Helena dos Santos Bernardo,@LuziaHelenados2,https://twitter.com/LuziaHelenados2/status/1611689590288678921,2023-01-07T11:41:56.000Z,"Vc é uma deleção genética de D. Pedro II, exatamente na parte que o capacitaria  com a sua brilhante inteligência.",0,0,0,https://twitter.com/lpbragancabr/status/1610636212871614476
Sniffer Guy,@GuySniffer,https://twitter.com/GuySniffer/status/1613277614332051456,2023-01-11T20:52:11.000Z,Os ignorantes sempre foram contra a cultura. Nenhuma novidade.,0,0,0,https://twitter.com/lpbragancabr/status/1610636212871614476
RafaelCV,@RafaelCV88,https://twitter.com/RafaelCV88/status/1610983667236569089,2023-01-05T12:56:51.000Z,🎯,0,0,0,https://twitter.com/lpbragancabr/status/1610636212871614476
Caiãopôkkkkk,@OCaioBarcellos,https://twitter.com/OCaioBarcellos/status/1610983681753251840,2023-01-05T12:56:55.000Z,Você é contra orquestras sinfônicas?,0,0,0,https://twitter.com/lpbragancabr/status/1610636212871614476
Luiz C. S. Arruda,@Luizcarruda,https://twitter.com/Luizcarruda/status/1610992286862647296,2023-01-05T13:31:06.000Z,"P@rra!
E eu que vendi um apartamento em Botafogo/RJ e até hoje ainda tenho que pagar 2,5% de IMPOSTO pra família real...🥳",0,0,0,https://twitter.com/lpbragancabr/status/1610636212871614476
Rosa Santos,@RosaSan54251597,https://twitter.com/RosaSan54251597/status/1610994822898130944,2023-01-05T13:41:11.000Z,"Mais quem pagará,senao o Estado?
O Estado financeiro é pago pelo povo, logo quem tem que pagar a conta é o Estado sim.",0,0,0,https://twitter.com/lpbragancabr/status/1610636212871614476
Marlene Brito,@Marlene05556057,https://twitter.com/Marlene05556057/status/1610997206856744960,2023-01-05T13:50:39.000Z,Uau,0,0,0,https://twitter.com/lpbragancabr/status/1610636212871614476
amigo tomate,@maxwscardoso,https://twitter.com/maxwscardoso/status/1611004500881600523,2023-01-05T14:19:38.000Z,"Isso é uma autocrítica, de quem vive de laudêmio?",0,0,0,https://twitter.com/lpbragancabr/status/1610636212871614476
Dainasour,@dalexort,https://twitter.com/dalexort/status/1611008584560836611,2023-01-05T14:35:52.000Z,Entao paga tu ze buceta,0,0,0,https://twitter.com/lpbragancabr/status/1610636212871614476
Cassiano,@crppeluso,https://twitter.com/crppeluso/status/1611012492263653377,2023-01-05T14:51:23.000Z,Então Don Pedro II promovia agenda política com seu apoio à cultura?,0,0,0,https://twitter.com/lpbragancabr/status/1610636212871614476
Rodrigo Prates,@rprates,https://twitter.com/rprates/status/1611031722006552580,2023-01-05T16:07:48.000Z,Queria saber oq vc consome de cultura,0,0,0,https://twitter.com/lpbragancabr/status/1610636212871614476
Carlos Furquim,@LCFurquim11,https://twitter.com/LCFurquim11/status/1610807766389497868,2023-01-05T01:17:53.000Z,Exactamente,0,0,0,https://twitter.com/lpbragancabr/status/1610636212871614476
Ian C. Lemos,@ianclemos,https://twitter.com/ianclemos/status/1610987729524858881,2023-01-05T13:13:00.000Z,engraçado né,0,0,0,https://twitter.com/lpbragancabr/status/1610636212871614476
ANANIAS RA:07331220862-9,@AnaniasJailson,https://twitter.com/AnaniasJailson/status/1611018891328884737,2023-01-05T15:16:49.000Z,"DENÚNCIA PARA O AUTO ESCALÃO DO MINISTÉRIO DA DEFESA: IMPOSTOR ESTÁ SE PASSANDO POR MIM, SANGUE IMPERIAL JOSÉ JAILSON ANANIAS BRASILEIRO DESCENDENTE DO PATRONO DAS ARMAS EM MISSÃO PELO CIE FORMADO EM INTENDÊNCIA ATRAPALHANDO A MINHA VOLTA À MINHA UNIDADE A NOVE ANOS",0,0,0,https://twitter.com/lpbragancabr/status/1610636212871614476
Gilmar14,@gilmarregente14,https://twitter.com/gilmarregente14/status/1611073140775424005,2023-01-05T18:52:23.000Z,"Pessoa que se diz principe sem ser, era de se esperar um comentário sem sentido desses.",0,0,0,https://twitter.com/lpbragancabr/status/1610636212871614476
José Batista de Sous,@jobatdesigner,https://twitter.com/jobatdesigner/status/1610670406008012800,2023-01-04T16:12:04.000Z,Sábado,0,0,0,https://twitter.com/lpbragancabr/status/1610636212871614476
Tatiana Serra,@tatiserra64,https://twitter.com/tatiserra64/status/1610766003901960192,2023-01-04T22:31:56.000Z,Entenda as vaias em Lula é tudo mais já se sabe quem são os autores então Lula nem vai ligar para opinião e vaias são da turma que de espontâneo não tem nada.,0,0,0,https://twitter.com/lpbragancabr/status/1610636212871614476
Telma,@Telma_chg,https://twitter.com/Telma_chg/status/1610640185552769024,2023-01-04T14:11:59.000Z,"Não voltaram para governar, apenas para se vingar",0,0,0,https://twitter.com/lpbragancabr/status/1610636212871614476
Maria Lucia Gambarini,@MariaLuciaGamb3,https://twitter.com/MariaLuciaGamb3/status/1610684194598064128,2023-01-04T17:06:51.000Z,Concordo plenamente.,0,0,0,https://twitter.com/lpbragancabr/status/1610636212871614476
Cintia Pereira Da Rocha,@Cintiaprm,https://twitter.com/Cintiaprm/status/1610694705288810498,2023-01-04T17:48:37.000Z,Exatamente!,0,0,0,https://twitter.com/lpbragancabr/status/1610636212871614476
Renata,@RedeMora,https://twitter.com/RedeMora/status/1610738409768615952,2023-01-04T20:42:17.000Z,Já falou bobagem...,0,0,0,https://twitter.com/lpbragancabr/status/1610636212871614476
Antony,@Pensando1980,https://twitter.com/Pensando1980/status/1610954961138974720,2023-01-05T11:02:47.000Z,Não foi a toa que muitos artistas estavam fazem do L,0,0,0,https://twitter.com/lpbragancabr/status/1610636212871614476
natalio dimas rattin,@DimasRattin,https://twitter.com/DimasRattin/status/1610662401942212611,2023-01-04T15:40:15.000Z,👍,0,0,0,https://twitter.com/lpbragancabr/status/1610636212871614476
Graubi,@glauber_,https://twitter.com/glauber_/status/1610677549864202241,2023-01-04T16:40:27.000Z,Disse um Orleans e Bragança… PQP!!!,0,0,0,https://twitter.com/lpbragancabr/status/1610636212871614476
Vcs me conhecem rsrs,@MF_Franca17,https://twitter.com/MF_Franca17/status/1610659703519952916,2023-01-04T15:29:32.000Z,"Teu antepassado foi um dos maiores investidores em cultura que o pais ja viu, e foi com dinheiro do Estado, n conheçe nem sua própria história, patético.",0,0,0,https://twitter.com/lpbragancabr/status/1610636212871614476
liberty turtera,@libertyturtera,https://twitter.com/libertyturtera/status/1610851467400777728,2023-01-05T04:11:32.000Z,Fala 💩💩💩💩,0,0,0,https://twitter.com/lpbragancabr/status/1610636212871614476
Isentona da Silva,@VaniaRibeiroDa1,https://twitter.com/VaniaRibeiroDa1/status/1610944187259838467,2023-01-05T10:19:58.000Z,E Igreja pode?,0,0,0,https://twitter.com/lpbragancabr/status/1610636212871614476
General Mel ... by_am0r,@by_am0r,https://twitter.com/by_am0r/status/1610637305991106565,2023-01-04T14:00:32.000Z,É treinamento de militância ... eles pagam as graduações e empregam através de concursos públicos ... é um superaparelhamento.,0,0,0,https://twitter.com/lpbragancabr/status/1610636212871614476
Zé Eduardo,@zeduardofr,https://twitter.com/zeduardofr/status/1610640643419766784,2023-01-04T14:13:48.000Z,KKKKKKKKKKK,0,0,0,https://twitter.com/lpbragancabr/status/1610636212871614476
Ivahyr,@Ivahyr1,https://twitter.com/Ivahyr1/status/1610647795861708801,2023-01-04T14:42:13.000Z,Exatamente!!!,0,0,0,https://twitter.com/lpbragancabr/status/1610636212871614476
Macho Brasileiro,@MachoBrasileir1,https://twitter.com/MachoBrasileir1/status/1610657599833227272,2023-01-04T15:21:11.000Z,"Exatamente 👏🏻Se essa e a tal democracia, voltemos a monarquia",0,0,0,https://twitter.com/lpbragancabr/status/1610636212871614476
Cida Aparecida,@CidaAparecidaRo,https://twitter.com/CidaAparecidaRo/status/1611094572423172100,2023-01-05T20:17:33.000Z,"Q bom q pagamos seu suntuoso salário para vir nas redes pra falar o q já sabemos né sr DEPUTADO?
O sr tá no cargo errado 
É melhor o sr estudar jornalismo pq assim saberemos o q acontece no mundo todo..🤨🙄😏",0,0,0,https://twitter.com/lpbragancabr/status/1610636212871614476
Bernardo Brito,@Bernard42528985,https://twitter.com/Bernard42528985/status/1611109625088311296,2023-01-05T21:17:22.000Z,"Quando os Medicis, governando Veneza, patrocinaram Da Vinci fizeram belas peças publicitárias. Ainda hoje passam na tv O estado do Vaticano também. Um tal de Papa Júlio contratou Michelângelo só pra tirar uma onda de marketing. Hoje dizem que é arte. @anitablian @FelipeMQuintas",0,0,2,https://twitter.com/lpbragancabr/status/1610636212871614476
Helio Gomes,@lopeshelio8,https://twitter.com/lopeshelio8/status/1611119190621962242,2023-01-05T21:55:22.000Z,No Brasil nós vemos aberrações como esta postagem. Meu Deus.,0,0,0,https://twitter.com/lpbragancabr/status/1610636212871614476
Juliano,@supernoi,https://twitter.com/supernoi/status/1611119982368235523,2023-01-05T21:58:31.000Z,E cpmo voce classifica os subsídios para grandes empresas?,0,0,0,https://twitter.com/lpbragancabr/status/1610636212871614476
Emanuel Leandro Furtado,@Emanuel21129193,https://twitter.com/Emanuel21129193/status/1611168031626993667,2023-01-06T01:09:27.000Z,O engomadinho acaba de ganhar o Selo de Abestado do ano.,0,0,0,https://twitter.com/lpbragancabr/status/1610636212871614476
Alziro Neto,@alzironeto,https://twitter.com/alzironeto/status/1611339011661987841,2023-01-06T12:28:52.000Z,E família paga pelo Estado é o que?,0,0,0,https://twitter.com/lpbragancabr/status/1610636212871614476
Jazzpion,@_Jazzpion,https://twitter.com/_Jazzpion/status/1611359628692013056,2023-01-06T13:50:47.000Z,Quem é você?,0,0,0,https://twitter.com/lpbragancabr/status/1610636212871614476
Ricardo RMPC,@ricardo_rmpc,https://twitter.com/ricardo_rmpc/status/1611457098130284545,2023-01-06T20:18:06.000Z,Com absoluta certeza.,0,0,0,https://twitter.com/lpbragancabr/status/1610636212871614476
Guilherme Cruz de Mendonça,@GuideMendonca,https://twitter.com/GuideMendonca/status/1611572844290314243,2023-01-07T03:58:02.000Z,"sou a favor que deputados trabalhem de graça, sem nenhuma verba de gabinete. topa? ah e que nenhuma verba vá para a família que mais de um século atrás foi imperial...concorda?",0,0,0,https://twitter.com/lpbragancabr/status/1610636212871614476
O Magnânimo,@flaviobarbarah,https://twitter.com/flaviobarbarah/status/1611789482214264835,2023-01-07T18:18:52.000Z,"Antônio Gramsci discordaria, meu nobilíssimo tataratatarararataneto 😁",0,0,0,https://twitter.com/lpbragancabr/status/1610636212871614476
 B Δ C O,@Leonardo3669,https://twitter.com/Leonardo3669/status/1615788492268650524,2023-01-18T19:09:31.000Z,Na escadinha da minha vida muitos desistiriam no primeiro degrau,0,0,0,https://twitter.com/lpbragancabr/status/1610636212871614476
Raphael Wuo Silva,@raphawuo,https://twitter.com/raphawuo/status/1610689035378331664,2023-01-04T17:26:05.000Z,"Falou o sujeito que não fez nada nos últimos 4 anos, a não ser assessoria para o ex-presidente",1,0,9,https://twitter.com/lpbragancabr/status/1610636212871614476
Monica Akts,@MonicaActis1,https://twitter.com/MonicaActis1/status/1610789547620634627,2023-01-05T00:05:29.000Z,Como se algum político tivesse cultura…,0,0,1,https://twitter.com/lpbragancabr/status/1610636212871614476
Eloy de Mello Nunes,@eloymellonunes,https://twitter.com/eloymellonunes/status/1610798217662177280,2023-01-05T00:39:56.000Z,Sempre foi.,0,0,1,https://twitter.com/lpbragancabr/status/1610636212871614476
Ivani De Souza Emilio,@IvaniEmili,https://twitter.com/IvaniEmili/status/1610945621661212672,2023-01-05T10:25:40.000Z,Esse cara é  o ET do BRASIL já  começou  assim vai acabar com nossa Pátria.,0,0,1,https://twitter.com/lpbragancabr/status/1610636212871614476
Rogerio Rogerio Cambara,@CambaraRogerio,https://twitter.com/CambaraRogerio/status/1610950444930715648,2023-01-05T10:44:50.000Z,"Luiz Felipe de Orleans Bragança, precisamos da família Bragança de volta no comando da nação, aí dentro de uma 30 anos seremos um dos melhores países do mundo pra se viver em todos os sentidos.",0,0,1,https://twitter.com/lpbragancabr/status/1610636212871614476
.,@Morticiaaddmass,https://twitter.com/Morticiaaddmass/status/1611006074189905922,2023-01-05T14:25:53.000Z,O dinheiro q sua família usou era de quem?,0,0,1,https://twitter.com/lpbragancabr/status/1610636212871614476
Luisfco 22,@Luisfco23899533,https://twitter.com/Luisfco23899533/status/1611067087199342622,2023-01-05T18:28:20.000Z,"Ótimo reconhecer, agora quais são os proximos passos do sr. contra isso? Precisamos de ações, atitudes. Cobrem seus representantes, eles trabalham para nós, ajude a proteger o interesse do povo e não o da escória política.",0,0,0,https://twitter.com/lpbragancabr/status/1610636212871614476
João Pianezzola,@pianezzola_j,https://twitter.com/pianezzola_j/status/1611067205633904653,2023-01-05T18:28:48.000Z,FUDEU ENTÃO PRA ERA CLÁSSICA,0,0,0,https://twitter.com/lpbragancabr/status/1610636212871614476
Matheus,@matqp14,https://twitter.com/matqp14/status/1611086701086007319,2023-01-05T19:46:16.000Z,"Ignorância postada no Twitter não é opinião, é burrice de mal-caráter.",0,0,0,https://twitter.com/lpbragancabr/status/1610636212871614476
