nome,usuario,idTweet,dataPublicacao,texto,replies,retweets,likes,tweetPai
Nikolas Ferreira,@nikolas_dm,https://twitter.com/nikolas_dm/status/1610783025935286273,2023-01-04T23:39:34.000Z,Chamar Lula de ladrão é crime…,669,2.357,"13,5 mil",https://twitter.com/nikolas_dm/status/1610782888420835328
eliana parisi,@eliana_parisi,https://twitter.com/eliana_parisi/status/1610811493443837953,2023-01-05T01:32:42.000Z,"Nikolas as palavras que te obrigaram a dizer, para se retratar, viraram fake News judiciais!!",0,0,0,https://twitter.com/nikolas_dm/status/1610782888420835328
Patrícia Torres,@409estetica,https://twitter.com/409estetica/status/1610783372766285824,2023-01-04T23:40:57.000Z,@Fabiocbezerra1,0,0,1,https://twitter.com/nikolas_dm/status/1610782888420835328
rafaolmartins,@rafaolmartins,https://twitter.com/rafaolmartins/status/1610999106750513152,2023-01-05T13:58:12.000Z,Chupetinha voltou com tudo! hahahah ficou desocupado depois de perder o posto de pet do presidente,0,0,3,https://twitter.com/nikolas_dm/status/1610782888420835328
Bê Rosa,@ArianjaRosa,https://twitter.com/ArianjaRosa/status/1611850842868486144,2023-01-07T22:22:42.000Z,"Mas Vamos falar de você? O que vc fez pela cidade que te elegeu vereador? Ah é, deixou ela alagando enquanto enganou o povo e tá morando num apê em Brasília...",1,0,0,https://twitter.com/nikolas_dm/status/1610782888420835328
Grazi,@FtGraziela,https://twitter.com/FtGraziela/status/1611497473662492672,2023-01-06T22:58:32.000Z,"🤣🤣🤣🤣🤣🤣 manoooo eu passo mal com vc🤣🤣🤣🤣🤣🤣🤣🤣🤣🤣🤣🤣🤣🤣🤣🤣🤣🤣🤣🤣🤣🤣🤣🤣🤣 principalmente qdo vc da seus tapas 🤣🤣🤣🤣🤣🤣 
Mas agora to com medo do Xandovisk te censurar de novo 🥺",0,0,1,https://twitter.com/nikolas_dm/status/1610782888420835328
Lawrence Mata,@loris_ibia,https://twitter.com/loris_ibia/status/1610834069163577344,2023-01-05T03:02:24.000Z,@BaixaEssaPorra @baixaessa,2,0,0,https://twitter.com/nikolas_dm/status/1610782888420835328
R Santos,@Eleno089576271,https://twitter.com/Eleno089576271/status/1610787308990599170,2023-01-04T23:56:36.000Z,"Aborto é assunto de saúde pública, não de religião! 

Não quer abortar, não aborte.",15,7,225,https://twitter.com/nikolas_dm/status/1610782888420835328
equação geral do balanço molar .jr,@joaoqotajr,https://twitter.com/joaoqotajr/status/1610783986107777029,2023-01-04T23:43:23.000Z,Sangue tem nas mãos de quem é responsável direto pela morte de 700 mil pessoas.,40,1,153,https://twitter.com/nikolas_dm/status/1610782888420835328
João Antonio Ribeiro,@aribeirop4,https://twitter.com/aribeirop4/status/1610786914197536768,2023-01-04T23:55:01.000Z,"Nicolas votei em você e minha família inteira, parabéns pela vitória explesiva, precisamos de você estudando o estatuto da câmara, leis e regras, para nos defender deste lunático.",2,1,21,https://twitter.com/nikolas_dm/status/1610782888420835328
sissi,@luft_sissi,https://twitter.com/luft_sissi/status/1610783939920265221,2023-01-04T23:43:12.000Z,ORGULHO desse deputado!!!  👏👏🙌,1,1,8,https://twitter.com/nikolas_dm/status/1610782888420835328
Uma Vez Até Morrer,@ArthurBreneer,https://twitter.com/ArthurBreneer/status/1610783968248619008,2023-01-04T23:43:19.000Z,"Vc é deputado de internet ? Só fica aqui falando besteira, vai trabalhar rapaz. Esquece o Lula irmão.",5,0,54,https://twitter.com/nikolas_dm/status/1610782888420835328
Carlos Aurélio,@Carlos_CE1988,https://twitter.com/Carlos_CE1988/status/1610784153212960770,2023-01-04T23:44:03.000Z,"Amigo,  eu so acho q vc não toma posse...so acho...vc vai precisar aceitar essa realidade...a PF deve logo logo te visitar....sorry",1,1,43,https://twitter.com/nikolas_dm/status/1610782888420835328
soTRISTEZA,@LucasSoprin,https://twitter.com/LucasSoprin/status/1610790444908122112,2023-01-05T00:09:03.000Z,Depois perde o Twitter vai ficar chorando,1,0,7,https://twitter.com/nikolas_dm/status/1610782888420835328
Carlos Dieguez,@carldieguez,https://twitter.com/carldieguez/status/1610790451795181569,2023-01-05T00:09:05.000Z,Tic tac,1,0,10,https://twitter.com/nikolas_dm/status/1610782888420835328
Gabriel,@gabriel_embuaba,https://twitter.com/gabriel_embuaba/status/1610797082842959872,2023-01-05T00:35:26.000Z,"Você é uma inspiração pra mim mano, parabéns por falar a verdade sem medo, Deus te abençoe muito, eu ainda vou votar em você para presidente, se Deus quiser 🙏🏻",3,1,48,https://twitter.com/nikolas_dm/status/1610782888420835328
lusca vivot,@lucasvivot,https://twitter.com/lucasvivot/status/1610787261620027394,2023-01-04T23:56:24.000Z,"ainda bem que Luly mentiu que era contra o aborto e já colocou uma mulher a favor do direito das mulheres decidirem o que fazer com seus corpos, obrigado luly 🙏🏼",11,2,157,https://twitter.com/nikolas_dm/status/1610782888420835328
Apr Fogo,@AprFogo,https://twitter.com/AprFogo/status/1610783513384566785,2023-01-04T23:41:31.000Z,"Ali o grilinho com a voz de taquara rachada 😁 vamos ter que chamar o André, não vai ter jeito",1,0,26,https://twitter.com/nikolas_dm/status/1610782888420835328
André Gomes,@andrelopesg,https://twitter.com/andrelopesg/status/1610784760992858113,2023-01-04T23:46:28.000Z,Não adianta ficar chorando na internet e expondo o óbvio sobre o Lula e a hipocrisia da esquerda! Preocupe-se em honrar os seu eleitores e tentar esboçar uma reação de oposição.,2,0,9,https://twitter.com/nikolas_dm/status/1610782888420835328
O Detrator,@dos_chrisley,https://twitter.com/dos_chrisley/status/1610790278209609730,2023-01-05T00:08:24.000Z,HAHAHA HAHAHAHAH HAHAHA HAHAHAHAH HAHAHA HAHAHAHAH HAHAHA HAHAHAHAH HAHAHA HAHAHAHAH PROCEDE?,0,1,5,https://twitter.com/nikolas_dm/status/1610782888420835328
FazueLen .......,@DeniseHaroldo,https://twitter.com/DeniseHaroldo/status/1610816016333869057,2023-01-05T01:50:40.000Z,"Hiiiiiiiiii,esse cara não trabalha mais não gente! Eu sou aposentada e tô com tempo de sobra,mas toda hora vejo ele aqui no Twitter, e com chororô.. Meu Deus,na próxima encarnação,que ser vereadora em Minas Gerais!! Molezinha¡",5,2,28,https://twitter.com/nikolas_dm/status/1610782888420835328
Rose,@rosepazeamor,https://twitter.com/rosepazeamor/status/1610821869967392769,2023-01-05T02:13:56.000Z,"Ele pode ter a opinião dele e ser contra ,mas o que prevalece é a opinião da maioria da população. Ele Governa para o povo. É isso que vcs não entendem. Ele esta certíssimo, embora nao seja a favor tem que respeitar. Isso é postura de quem ouve o Povo!",1,1,8,https://twitter.com/nikolas_dm/status/1610782888420835328
Kierkegaard Pragmatista,@PragKierkegaard,https://twitter.com/PragKierkegaard/status/1610857624580362242,2023-01-05T04:36:00.000Z,"Nikolas, você não consegue lutar, ainda mais fortemente, nem sequer contra os desejos sexuais enrustidos que você tenta reprimir.",2,0,16,https://twitter.com/nikolas_dm/status/1610782888420835328
Terra Redonda,@michaelpavoni2,https://twitter.com/michaelpavoni2/status/1610901498241712129,2023-01-05T07:30:20.000Z,Ela cumpriu a palavra e você e o  @marcofeliciano também vão?,2,2,38,https://twitter.com/nikolas_dm/status/1610782888420835328
Dhabs,@dhabsousa,https://twitter.com/dhabsousa/status/1610985078498246656,2023-01-05T13:02:28.000Z,"Ei chupetinhaaaaaaa porra, a ministra vai tratar do assunto como saúde pública, o presidente ser contra, não quer dizer que o problema  não exista não sei animaaaaal, ou tu acha que o ex presida ser contra a vacina do covid fez ele nao tomar? Ou fez o covid sumir? Kkkkkkkkkkk",2,0,8,https://twitter.com/nikolas_dm/status/1610782888420835328
Karlos Silva,@solarc1958,https://twitter.com/solarc1958/status/1610999327492804608,2023-01-05T13:59:05.000Z,👇👇👇👇👇👇👇👇👇,0,1,10,https://twitter.com/nikolas_dm/status/1610782888420835328
Cris Bathory,@crisbathoryxxx,https://twitter.com/crisbathoryxxx/status/1612339881589592064,2023-01-09T06:45:58.000Z,A mulher é livre.,1,0,4,https://twitter.com/nikolas_dm/status/1610782888420835328
Antonio Carlos Morais,@Antonio58435663,https://twitter.com/Antonio58435663/status/1610784363855093761,2023-01-04T23:44:53.000Z,Gosta de uma mentira,0,0,15,https://twitter.com/nikolas_dm/status/1610782888420835328
Thiago Andrade,@thiagoandrade_t,https://twitter.com/thiagoandrade_t/status/1610784518369058816,2023-01-04T23:45:30.000Z,"presidente eleito Lula segue sua saga em cumprimento ao que prometeu na campanha. Vale frisar que ninguém pode reclamar, porque o seu adversário avisou o que aconteceria.",0,1,2,https://twitter.com/nikolas_dm/status/1610782888420835328
Anthony,@Antonio99938018,https://twitter.com/Antonio99938018/status/1610785021962452994,2023-01-04T23:47:30.000Z,Muuuuuuuuuuuuchupetinha,1,0,4,https://twitter.com/nikolas_dm/status/1610782888420835328
MÁRCIA FERREIRA,@Ma1Ferreira,https://twitter.com/Ma1Ferreira/status/1610786058114928640,2023-01-04T23:51:37.000Z,Tu falou cidadões? 🤔,1,0,6,https://twitter.com/nikolas_dm/status/1610782888420835328
cams fiel a conversante,@camilysantoss__,https://twitter.com/camilysantoss__/status/1610792864715526145,2023-01-05T00:18:40.000Z,"imagina o eco que faz na sua cabeça, meu Deus",0,0,7,https://twitter.com/nikolas_dm/status/1610782888420835328
Alysson Aires Gomes,@Alyssonairesg,https://twitter.com/Alyssonairesg/status/1610809721673650176,2023-01-05T01:25:39.000Z,https://twitter.com/Sampaio280864/status/1610688097443876876?t=zldxxA6GFYPkIvxlcrh9cQ&s=09…Manda aí para os responsáveis...,0,1,2,https://twitter.com/nikolas_dm/status/1610782888420835328
Raphael Santos,@raphasto,https://twitter.com/raphasto/status/1610907380396576768,2023-01-05T07:53:43.000Z,"Vai lá, patriota",0,1,2,https://twitter.com/nikolas_dm/status/1610782888420835328
Elizabete Viana De Araujo,@Elizabe13637188,https://twitter.com/Elizabe13637188/status/1610964439766794242,2023-01-05T11:40:27.000Z,"Vai trabalhar rapaz! Estamos te pagando para apresentar projetos para melhorar a vida das pessoas, e não para ficar fazendo futricas nas redes sociais. Trabalhe!",3,0,9,https://twitter.com/nikolas_dm/status/1610782888420835328
TAOQUEY,@taoquey1,https://twitter.com/taoquey1/status/1611125189928013824,2023-01-05T22:19:13.000Z,"A partir de hoje, quem for pego com armas de fogo e NÃO FOR BANDIDO, vai ser preso !

Pega a Visão !👍🏻👍🏻👍🏻#LulaGenocida #LulaNaCadeia #FechadoComBolsonaro #Bolsonaro2026",0,0,0,https://twitter.com/nikolas_dm/status/1610782888420835328
BIANCA,@BIANCASARTORI,https://twitter.com/BIANCASARTORI/status/1610807595081826304,2023-01-05T01:17:12.000Z,Eles são capazes de tudo ....,0,0,1,https://twitter.com/nikolas_dm/status/1610782888420835328
Carlos Cidade,@AntnioCarlosCi4,https://twitter.com/AntnioCarlosCi4/status/1611063679750967335,2023-01-05T18:14:48.000Z,Rapaz faz dias que eu não ouço alguém falar sobre o danones eu não sei se ele ganhou algum ministério se tá vivo se tá morto só sei que ele foi o maior fake News da história e nunca teve suas redes bloqueadas,0,0,1,https://twitter.com/nikolas_dm/status/1610782888420835328
ZEVELOSO XAVIER,@ZevelosoX,https://twitter.com/ZevelosoX/status/1611110071655895040,2023-01-05T21:19:08.000Z,"Com certeza, todos contra o aborto..",0,0,0,https://twitter.com/nikolas_dm/status/1610782888420835328
נ,@neriazait,https://twitter.com/neriazait/status/1610799183061213185,2023-01-05T00:43:47.000Z,Agora será hora de se juntar corajosos no congresso pra entrar com ações contra tudo que o chefe do executivo canetar ..,0,0,1,https://twitter.com/nikolas_dm/status/1610782888420835328
𝗚𝗮𝗯𝗿𝗶𝗲𝗹 𝗕𝗼𝘁𝗲𝗹𝗵𝗼,@GABR13LBOTELHO,https://twitter.com/GABR13LBOTELHO/status/1610784815321681923,2023-01-04T23:46:41.000Z,Ué?,0,0,1,https://twitter.com/nikolas_dm/status/1610782888420835328
JapanBrasil,@alejapa22,https://twitter.com/alejapa22/status/1610784870665707522,2023-01-04T23:46:54.000Z,"Meu amigo Vc está numa guerra que irá destruir o universo e para se defender 1 rosa e seu adversário com bomba nuclear!
Aliás vc não, todos nós!",0,0,1,https://twitter.com/nikolas_dm/status/1610782888420835328
Pense Direito,@LucasBu72091495,https://twitter.com/LucasBu72091495/status/1610837916607037444,2023-01-05T03:17:41.000Z,"Sangue inocente nas mãos , foram avisados",0,0,0,https://twitter.com/nikolas_dm/status/1610782888420835328
Tiago,@tiago220288,https://twitter.com/tiago220288/status/1610937621127262208,2023-01-05T09:53:53.000Z,#grevegeral#ForaLulaLadrão #ForaComunistas,0,0,0,https://twitter.com/nikolas_dm/status/1610782888420835328
Nando_Serra,@serra_nando,https://twitter.com/serra_nando/status/1610806782103805953,2023-01-05T01:13:58.000Z,Só eu que morro de vergonha alheia dos vídeos desse moleque????🤢🤣,36,0,160,https://twitter.com/nikolas_dm/status/1610782888420835328
Kátia Carvalho,@KtiaCar09098072,https://twitter.com/KtiaCar09098072/status/1610787469674573827,2023-01-04T23:57:14.000Z,"Moloch está requerendo o sacrifício de pagamento dele, aliás entidade nunca faz nada de graça. Aos """"cristãos"""" e outros que não concordam com o aborto: paguem pelas consequências porque ela virá. Sempre vem",3,0,4,https://twitter.com/nikolas_dm/status/1610782888420835328
Ricardo Barbosa,@ricardobs1976,https://twitter.com/ricardobs1976/status/1610804570107662338,2023-01-05T01:05:11.000Z,"Estão cumprindo agenda de governo. Já diziam isso… antes disfarçavam e o 5TF encobria. Agora, o escárnio veio à tona",1,0,3,https://twitter.com/nikolas_dm/status/1610782888420835328
RONALDO BRANDÃO,@ronaldo_brandao,https://twitter.com/ronaldo_brandao/status/1610923148383490052,2023-01-05T08:56:22.000Z,Picanha ? Vê se cresce .Estamos discutindo modelo de sociedade. Mas vc é menino mimado demais para discutir isso,0,1,30,https://twitter.com/nikolas_dm/status/1610782888420835328
Juliano Pereira,@Juliano66491101,https://twitter.com/Juliano66491101/status/1610981574757040128,2023-01-05T12:48:32.000Z,Assume kkkkkkkkkkk,0,0,4,https://twitter.com/nikolas_dm/status/1610782888420835328
Marcelo Lemos,@Marcelodlemos45,https://twitter.com/Marcelodlemos45/status/1611037951210684424,2023-01-05T16:32:33.000Z,Eu lembro desse aqui,1,1,7,https://twitter.com/nikolas_dm/status/1610782888420835328
𝕭 𝖎 𝖋 𝖊,@rennanvictorr,https://twitter.com/rennanvictorr/status/1611065073975365641,2023-01-05T18:20:20.000Z,"Ele não cansa né? 
Aonde na Bíblia tem uma cláusula que cristão pode ou não pode votar em fulano ?
VAI VIVER, SUPERAAA",0,0,7,https://twitter.com/nikolas_dm/status/1610782888420835328
MLK 4TR3V1D0 ☭,@haggato,https://twitter.com/haggato/status/1611065253185339392,2023-01-05T18:21:03.000Z,o que tu quer tá mole zé ruela,0,0,3,https://twitter.com/nikolas_dm/status/1610782888420835328
Safira Mazzoni,@MazzoniSafira,https://twitter.com/MazzoniSafira/status/1610835289819291650,2023-01-05T03:07:15.000Z,"Agora quero saber como vão ficar os MÉDICOS NESSA SITUAÇÃO,  POIS ELES FAZEM UM JURAMENTO, VÃO SER OBRIGADOS??? SE RECUSAREM VÃO PRESOS????",1,0,0,https://twitter.com/nikolas_dm/status/1610782888420835328
luiza h s lima,@LuizahslimaS,https://twitter.com/LuizahslimaS/status/1610945920228622337,2023-01-05T10:26:51.000Z,@rodolfobcintra,0,0,1,https://twitter.com/nikolas_dm/status/1610782888420835328
lucio_Swiss,@19lucio19,https://twitter.com/19lucio19/status/1610783622843478019,2023-01-04T23:41:57.000Z,"O Nikolas acha q Twitter é  plenário???
Que reúna seus pares e tome atitude, não cola mais vir choramingar em rede social. 
Acabou essa época, não deu certo, foda-se. 
Não pagamos deputados para levantar hashtags. pagamos para defender os interesses do povo brasileiro.",23,0,64,https://twitter.com/nikolas_dm/status/1610782888420835328
Helio Vensao,@heliocsxp,https://twitter.com/heliocsxp/status/1610783260677910530,2023-01-04T23:40:30.000Z,só da lixo nesse gov ai,0,0,1,https://twitter.com/nikolas_dm/status/1610782888420835328
Neidemar Gonçalves,@NeidemarG,https://twitter.com/NeidemarG/status/1610783873801003009,2023-01-04T23:42:57.000Z,Esse povo está brincando com Deus!! Gente essa conta tá chegando!! Misericórdia,0,0,5,https://twitter.com/nikolas_dm/status/1610782888420835328
Sonia Almeida,@SoniaAl23077474,https://twitter.com/SoniaAl23077474/status/1610783935788728321,2023-01-04T23:43:11.000Z,"Eita, garotinho chato",0,0,1,https://twitter.com/nikolas_dm/status/1610782888420835328
Melhor ser Gato,@CleideT43299727,https://twitter.com/CleideT43299727/status/1610784037919924225,2023-01-04T23:43:36.000Z,"Pois é! Ouvi crente apoiando o Ladrão, dizendo que é contra aborto...",0,0,2,https://twitter.com/nikolas_dm/status/1610782888420835328
marininha,@marinamcd,https://twitter.com/marinamcd/status/1610785435768295424,2023-01-04T23:49:09.000Z,“cidadões”,0,0,1,https://twitter.com/nikolas_dm/status/1610782888420835328
Brenndol ' TRI,@CRFnato,https://twitter.com/CRFnato/status/1610785514788982784,2023-01-04T23:49:28.000Z,Olha o chupetinha,1,0,0,https://twitter.com/nikolas_dm/status/1610782888420835328
RODRIGO NOGUEIRA ....,@RODRISPJAM,https://twitter.com/RODRISPJAM/status/1610810234586505217,2023-01-05T01:27:41.000Z,"Três dias de governo....meu Deus,  quanta cagada !!!
A equipe inteirinha, é PÉSSIMA,  É HORRÍVEL de cabo a rabo !!!
Mas não tem nenhum.... pra falar que é mais ou menos .",2,1,14,https://twitter.com/nikolas_dm/status/1610782888420835328
Luciano,@LucianoNgcel,https://twitter.com/LucianoNgcel/status/1610787307912679427,2023-01-04T23:56:35.000Z,"Na próxima eleição eu só voto se o voto for auditável,  caso contrário eu nem apareço no local de votação, vou preferir pagar a multa.",18,0,14,https://twitter.com/nikolas_dm/status/1610782888420835328
Sandra Carmagnani,@SanCarmagnani,https://twitter.com/SanCarmagnani/status/1610783093203533826,2023-01-04T23:39:50.000Z,@nikolas_dm vc é demais parabéns e sucesso,1,0,5,https://twitter.com/nikolas_dm/status/1610782888420835328
Marcelo,@Marcelogarcez01,https://twitter.com/Marcelogarcez01/status/1610783296102735872,2023-01-04T23:40:39.000Z,Esqueceu de mencionar que a ex do Lula falou que ele queria abortar seu próprio filho.,1,0,6,https://twitter.com/nikolas_dm/status/1610782888420835328
Hélio Nóbrega,@nobrega_helio,https://twitter.com/nobrega_helio/status/1610786123160190979,2023-01-04T23:51:53.000Z,"Depois q perde o twitter vai chorar pelos cantos, ser contra o aborto ou a favor não muda a regra do jogo.
O que precisa é ser legalizado e não é abortar por livre espontânea vontade e sim em caso específico como por exemplo no caso de estrupo ok.
As mulheres ricas fazem nos USA!",0,0,1,https://twitter.com/nikolas_dm/status/1610782888420835328
Brasiliano_Canhoto,@RenunciaBozzo,https://twitter.com/RenunciaBozzo/status/1610786167884255232,2023-01-04T23:52:04.000Z,Foi no dia que postou mais de 100 Mickey no tweeter pra ocultar a retratação? Não lembro. Me corrija se eu estiver errado.,0,0,1,https://twitter.com/nikolas_dm/status/1610782888420835328
Ricardo Camara,@ArenaLiteratura,https://twitter.com/ArenaLiteratura/status/1610786900607995905,2023-01-04T23:54:58.000Z,O chupetinha não cansa de passar vergonha!,1,0,1,https://twitter.com/nikolas_dm/status/1610782888420835328
Fischetti,@MarioFischetti,https://twitter.com/MarioFischetti/status/1610788703969972224,2023-01-05T00:02:08.000Z,"E pelo visto, vai sobrar você, Salles, Gayer, Bia e mais meia dúzia…pq um monte de gente que se elegeu com discurso conservador deve adotar o “tamojunto” como a ex ministra(íra).",0,0,4,https://twitter.com/nikolas_dm/status/1610782888420835328
Rosângela,@SaranCunha,https://twitter.com/SaranCunha/status/1610791904592990208,2023-01-05T00:14:51.000Z,Não sei se rio ou choro....,1,0,1,https://twitter.com/nikolas_dm/status/1610782888420835328
RODRIGO FIORINI,@RODRIGOFIORINI,https://twitter.com/RODRIGOFIORINI/status/1610784821827211264,2023-01-04T23:46:43.000Z,"Poderiam aproveitar e lançar o aborto tardio para pessoas que querem abortar! Funciona assim:
Quem for fazer um aborto, fica hospedado, com liberdade privada, com tudo pago até o bebê nascer, em seguida o mesmo é abortado tardiamente!",0,0,2,https://twitter.com/nikolas_dm/status/1610782888420835328
Landryf.barata@yahoo,Landryf.barata@yahoo,https://twitter.com/LandryfBarata/status/1610785704191352834,2023-01-04T23:50:13.000Z,"Vai trabalhar, e para chorar",1,0,1,https://twitter.com/nikolas_dm/status/1610782888420835328
Ezenilda Ferreira,@Ezenilda_adv,https://twitter.com/Ezenilda_adv/status/1610789699383328768,2023-01-05T00:06:06.000Z,"Força!!! Não desista! 
Continue esse trabalho árduo,  porque o galardão já é seu!",0,0,1,https://twitter.com/nikolas_dm/status/1610782888420835328
Alécio Cabral,@aleciocabrals,https://twitter.com/aleciocabrals/status/1610790366692638731,2023-01-05T00:08:45.000Z,"Deputado, quem define o assunto aborto não é a Câmara? Fiquei com essa dúvida.",0,0,1,https://twitter.com/nikolas_dm/status/1610782888420835328
eu,@saidessatio,https://twitter.com/saidessatio/status/1610790831245651969,2023-01-05T00:10:35.000Z,"oh seu animal (apenas minha opinião), “aborto legal” é permitido no Brasil só desde 1940 (fato)

caso vc não saiba oq aborto legal significa, 
uau, 
não q eu esteja surpresa, apenas uau",1,0,0,https://twitter.com/nikolas_dm/status/1610782888420835328
L.H 44,@RobsonS13937129,https://twitter.com/RobsonS13937129/status/1610792959854641152,2023-01-05T00:19:03.000Z,Mais 72 horas aguente chupetinha,0,0,2,https://twitter.com/nikolas_dm/status/1610782888420835328
gbzin≛≣,@GbzinxD,https://twitter.com/GbzinxD/status/1610795014094831617,2023-01-05T00:27:13.000Z,"Se Deus quiser vão legalizar o aborto e as drogas, só assim para o Brasil seguir em frente e de pé.🇧🇷",0,0,2,https://twitter.com/nikolas_dm/status/1610782888420835328
Anedonia_HOLMES-L13,@Anedonia_Holmes,https://twitter.com/Anedonia_Holmes/status/1610798870685966337,2023-01-05T00:42:32.000Z,@felipeneto sei que já cansou mas ensina mais um pouco pro chupetinha?,0,0,2,https://twitter.com/nikolas_dm/status/1610782888420835328
◤✠◢ JuninhoGobbi ◤✠◢,@JuninhoGobbi10,https://twitter.com/JuninhoGobbi10/status/1610803139833208832,2023-01-05T00:59:30.000Z,@AndreAdrien,0,0,1,https://twitter.com/nikolas_dm/status/1610782888420835328
Zeca Peixoto,@ZecaPeixoto,https://twitter.com/ZecaPeixoto/status/1610805169809424387,2023-01-05T01:07:34.000Z,"Vai procurar uma chupeta, chupetinha!",0,0,3,https://twitter.com/nikolas_dm/status/1610782888420835328
Ciro Rodrigues,@CiroRodriguesES,https://twitter.com/CiroRodriguesES/status/1610784251632390146,2023-01-04T23:44:27.000Z,"A criança conseguiu virar deputado, mas parece que as atitudes continuam as de criança: fazer videozinho e chorar/espernear em rede social.",0,0,42,https://twitter.com/nikolas_dm/status/1610782888420835328
Pablo GoGui,@PabloGoGui,https://twitter.com/PabloGoGui/status/1610786287924936705,2023-01-04T23:52:32.000Z,🤣🤣🤣,0,0,2,https://twitter.com/nikolas_dm/status/1610782888420835328
Nayla,@NayPerseverar,https://twitter.com/NayPerseverar/status/1610795485706739712,2023-01-05T00:29:05.000Z,"É sério, gado, que vcs votaram nele para ele ficar só postando ?!😂😂😂😂😂😂😂",0,1,24,https://twitter.com/nikolas_dm/status/1610782888420835328
Ainnn Parãããhh!,@h79502530,https://twitter.com/h79502530/status/1610796070300254215,2023-01-05T00:31:24.000Z,Vc acha que os militares negociou com o PT pelo ministro da defesa Mucio para manter a vida confortável do soldo? Melhor representação dos militares com o povo brasileiro,0,0,1,https://twitter.com/nikolas_dm/status/1610782888420835328
Nathanzinho falando de amor,@Nathan_Olc,https://twitter.com/Nathan_Olc/status/1610803355579817984,2023-01-05T01:00:21.000Z,Ainda tá nessa?,1,0,0,https://twitter.com/nikolas_dm/status/1610782888420835328
Ricardo Queiroz,@ricardoqueiro15,https://twitter.com/ricardoqueiro15/status/1610806425210572801,2023-01-05T01:12:33.000Z,"Golf 
Uniform 
Eco
Romeo
Romeo 
Alfa",0,0,1,https://twitter.com/nikolas_dm/status/1610782888420835328
aedo53,@aedo53,https://twitter.com/aedo53/status/1610806742941831170,2023-01-05T01:13:49.000Z,"É CONTRA O ABORTO? ÓTIMO! NÃO FAÇA! MAS DEVE PENSAR COMO DAMARES FAVORÁVEL A COLOCAR CRIANÇAS INDESEJADAS E FRUTO DO ESTUPRO NO ORFANATO POIS, SEGUNDO ELA, TEMOS ÓTIMOS ORFANATOS. PEGA UMA CAIXA DE LENÇOS E VAI CHORAR POIS NÃO É MAIS O PET DO PRESIDENTE",0,0,2,https://twitter.com/nikolas_dm/status/1610782888420835328
EmpireWolks,@_andreziitos_,https://twitter.com/_andreziitos_/status/1610808103875772418,2023-01-05T01:19:13.000Z,@BaixadorDeVideo,1,0,0,https://twitter.com/nikolas_dm/status/1610782888420835328
Rodrigo Vazquez,@Forevistherock,https://twitter.com/Forevistherock/status/1610829203917643784,2023-01-05T02:43:04.000Z,Trabalhar que é bom nada neh,0,0,1,https://twitter.com/nikolas_dm/status/1610782888420835328
Rafael do Vale,@henkrafael,https://twitter.com/henkrafael/status/1610850652334194691,2023-01-05T04:08:18.000Z,"Não seja desonesto moleque, ele falou que o aborto é assunto para ser debatido no âmbito da saúde!!",0,0,1,https://twitter.com/nikolas_dm/status/1610782888420835328
Ricardo Ribeiro,@rribeiro64,https://twitter.com/rribeiro64/status/1611464878417387522,2023-01-06T20:49:01.000Z,"Deputado Nikolas, o PeTista fala agora e daqui a 7 minutos eles esquecem parece que tem halzeimer.  Kkkk. #MinhaOpinião",0,0,0,https://twitter.com/nikolas_dm/status/1610782888420835328
Engenheiro Segurança,@jarestonjunior,https://twitter.com/jarestonjunior/status/1611079033470738433,2023-01-05T19:15:48.000Z,"Nikolas, sei que a briga no Congresso será árdua, mas contamos com vc, Bia, Carla, Marcel, e vários outros de direita em defender as pautas da direita.👍👍👍👍",1,0,2,https://twitter.com/nikolas_dm/status/1610782888420835328
mauricio,@mauriciosxyz,https://twitter.com/mauriciosxyz/status/1611083970522800129,2023-01-05T19:35:25.000Z,Feto não é criança,0,0,0,https://twitter.com/nikolas_dm/status/1610782888420835328
Carlos Alberto Marques,@CalmMarx,https://twitter.com/CalmMarx/status/1610791475352145921,2023-01-05T00:13:09.000Z,"Tem que entrar com ação contra o Alexandre de Moraes por ter impedido a veiculação da informação e contra o governo por descumprir com sua fala que inclusive motivou ação por parte da sua equipe de campanha. Ah, e pedir pra pagarem multa por isso, claro.",0,0,2,https://twitter.com/nikolas_dm/status/1610782888420835328
PRINTANDO FASCISTAS!,@Rkuk7,https://twitter.com/Rkuk7/status/1610805408167231494,2023-01-05T01:08:31.000Z,"Até o dia da revelação dos sigilos, Carluxo e chupetinha prometem muita "" oposição""...entenderam o porque das cortinas de fumaça, dessa bravata toda??",0,1,1,https://twitter.com/nikolas_dm/status/1610782888420835328
Paulo Dias,@PauloDi72045753,https://twitter.com/PauloDi72045753/status/1610807191228776448,2023-01-05T01:15:36.000Z,Esse é o Nicolas  chupetinha  bonito  você é garoto mais tu é falso e esconde o que realmente  você é 😝😝,0,0,1,https://twitter.com/nikolas_dm/status/1610782888420835328
Gabriel,@GabrielFPBR22,https://twitter.com/GabrielFPBR22/status/1610815295379079169,2023-01-05T01:47:48.000Z,Sim,0,0,1,https://twitter.com/nikolas_dm/status/1610782888420835328
Héldson Tomaso,@HeldsonTomaso,https://twitter.com/HeldsonTomaso/status/1610829495992213505,2023-01-05T02:44:14.000Z,Isso tudo com apenas 4 dias de governo 🤦🏻‍♂️,0,0,1,https://twitter.com/nikolas_dm/status/1610782888420835328
Nolaxl,@NolamMagalhaes,https://twitter.com/NolamMagalhaes/status/1610853743515279360,2023-01-05T04:20:35.000Z,"Porra, ainda tá chorando, poodle do Bolsonaro?",0,0,1,https://twitter.com/nikolas_dm/status/1610782888420835328
marcy speak now (tv),@marcyalisson,https://twitter.com/marcyalisson/status/1610785432060530691,2023-01-04T23:49:08.000Z,Mas e os ministros de Bolsonaro que foram presos por corrupção e fizeram alusão nazista? Isso torna Bolsonaro assim também?,1,0,3,https://twitter.com/nikolas_dm/status/1610782888420835328
Bird ,@cleiisr7,https://twitter.com/cleiisr7/status/1610836179246776320,2023-01-05T03:10:47.000Z,Pq choras,0,0,2,https://twitter.com/nikolas_dm/status/1610782888420835328
Will Fernandes,@willfernandesc,https://twitter.com/willfernandesc/status/1610936243969298433,2023-01-05T09:48:24.000Z,"mano, tu ainda tá falando? kkkkkkkkkkkkkk
cara chato da moléstia

2 ANOS JÁ, SUPERA!",0,0,4,https://twitter.com/nikolas_dm/status/1610782888420835328
eduardobrittes,@profedubrittes,https://twitter.com/profedubrittes/status/1610952785855643654,2023-01-05T10:54:08.000Z,Lembra? Bukkake!!!,0,0,1,https://twitter.com/nikolas_dm/status/1610782888420835328
EARTH,@Drixprimeire1,https://twitter.com/Drixprimeire1/status/1610970571541561344,2023-01-05T12:04:49.000Z,A mulher decide. A campanha correta ÔHHH DA FAMÍLIA. É a responsabilização paterna. Consulte o censo escolar. Nossas crianças não têm o nome do paí na certidão. É UM SER DE DIREITO. E não é a maioridade penal. É responsabilização. NÉ?!🤔🤔🤔,0,0,1,https://twitter.com/nikolas_dm/status/1610782888420835328
fernanda,@frnndk_,https://twitter.com/frnndk_/status/1610999308526194689,2023-01-05T13:59:00.000Z,me sinto tão inteligente vendo seus vídeos!!🥰🥰🥰,0,0,1,https://twitter.com/nikolas_dm/status/1610782888420835328
Ariadne Canela,@Ariadne_Canela,https://twitter.com/Ariadne_Canela/status/1611008051053469698,2023-01-05T14:33:45.000Z,"Jovem, bora trabalhar?!
Muito tempo no celular significa baixa produtividade para um salário tão alto.
No mais, deixe de choro e procure terapia.",0,0,2,https://twitter.com/nikolas_dm/status/1610782888420835328
HELCIO SILVA,@HELCIOSILVA1,https://twitter.com/HELCIOSILVA1/status/1611010834234212355,2023-01-05T14:44:48.000Z,"Não entendo essa língua, bebê!",0,0,1,https://twitter.com/nikolas_dm/status/1610782888420835328
São Jorge não anda a pé.,@jg23030755,https://twitter.com/jg23030755/status/1611067573495336996,2023-01-05T18:30:16.000Z,"O que nós tamos…
K rai…",0,0,0,https://twitter.com/nikolas_dm/status/1610782888420835328
semy,@swr69,https://twitter.com/swr69/status/1611019842978463751,2023-01-05T15:20:36.000Z,#GREVEGERAL,0,0,0,https://twitter.com/nikolas_dm/status/1610782888420835328
alima,@alima48434182,https://twitter.com/alima48434182/status/1611074434881699840,2023-01-05T18:57:32.000Z,"aborto legal, matar uma criança agora e legal, nao entendi, acho que emburreci....",0,0,0,https://twitter.com/nikolas_dm/status/1610782888420835328
Alex Junior,@alekaoxd,https://twitter.com/alekaoxd/status/1610947625242476546,2023-01-05T10:33:38.000Z,"Eu não entendo, o aborto já é legalizado da forma que tem que ser",0,0,0,https://twitter.com/nikolas_dm/status/1610782888420835328
Paulo Silva,@PauloNaca,https://twitter.com/PauloNaca/status/1610785473034702848,2023-01-04T23:49:18.000Z,"Passaram o segundo turno em rede social e perdemos as eleições pra esses bandidos. Só deram narrativas de bandeja. Teve de tudo. Maluco atirando na PF, deputada sacando arma a um dia de eleição, etc. Agora é tarde esses vídeos estilo Gabriel Monteiro/mamãe falei",0,0,0,https://twitter.com/nikolas_dm/status/1610782888420835328
Walter Jr,@WalterMorJ,https://twitter.com/WalterMorJ/status/1611015801779240960,2023-01-05T15:04:33.000Z,Vai pro Canadá.,0,0,0,https://twitter.com/nikolas_dm/status/1610782888420835328
eduardo takashi ando,@voador100,https://twitter.com/voador100/status/1610783576911388672,2023-01-04T23:41:46.000Z,Muito foda !,0,0,0,https://twitter.com/nikolas_dm/status/1610782888420835328
Jr@,Jr@,https://twitter.com/dgtxd4/status/1610784420738252800,2023-01-04T23:45:07.000Z,Xau,0,0,0,https://twitter.com/nikolas_dm/status/1610782888420835328
Krool1234,@krool1234,https://twitter.com/krool1234/status/1610784510442078208,2023-01-04T23:45:28.000Z,Vamos todos pagar o preço...,0,0,0,https://twitter.com/nikolas_dm/status/1610782888420835328
William,@Wil_1980_,https://twitter.com/Wil_1980_/status/1610784620525793280,2023-01-04T23:45:55.000Z,Estamos lascados…,0,0,0,https://twitter.com/nikolas_dm/status/1610782888420835328
Mário Jorge Gomes,@mjgomes1999,https://twitter.com/mjgomes1999/status/1610789470059495424,2023-01-05T00:05:11.000Z,"Chaveirinho de Miliciano, vc é só 'amor', quando uma mulher for violentada e consequentemente inseminada, responsabilize-se pela criança, essa mãe jamais amará verdadeiramente essa criança.
Uma gravidez em seu início, já representa perigo de morte para mãe e filho, qual a opção?",1,0,2,https://twitter.com/nikolas_dm/status/1610782888420835328
Vimarq ʸⁿʷᵃ #ForaBelmonte,@Vimarq1,https://twitter.com/Vimarq1/status/1610796253524426753,2023-01-05T00:32:08.000Z,"Pet do Bozo, caso não saiba, não é porque uma ministra dele defende o aborto que ele defende. Ele não é nem doido, muito menos o congresso, de aprovar essa porra. É um tema a ser debatido, mas no máximo arruma mais uma excessão ou outra.",1,0,4,https://twitter.com/nikolas_dm/status/1610782888420835328
Hoover Peterman,@hoover_dog_1972,https://twitter.com/hoover_dog_1972/status/1610981033603919872,2023-01-05T12:46:23.000Z,Parabéns Nikolas. É isto que a maioria do povo deseja. Firme nas convicções. Terá sempre meu voto!,1,0,1,https://twitter.com/nikolas_dm/status/1610782888420835328
julizinha,@julisanpaio,https://twitter.com/julisanpaio/status/1610995394032312320,2023-01-05T13:43:27.000Z,"adoro que ele pega trechos de qualquer coisa e interpreta como ele bem entende, diz aí, pagou quanto pelo diploma ?",1,0,11,https://twitter.com/nikolas_dm/status/1610782888420835328
Nïcky_stnl,@Stracanholy,https://twitter.com/Stracanholy/status/1611090615709863936,2023-01-05T20:01:50.000Z,Fazuéli😒,0,0,2,https://twitter.com/nikolas_dm/status/1610782888420835328
Glaucio,@glaucioCRF,https://twitter.com/glaucioCRF/status/1611096808092061700,2023-01-05T20:26:26.000Z,"Mas o aborto legal já existe, e como você mesmo disse, é LEGAL. 
O que não se pode é determinar e de forma arbitrária obrigar as mulheres que tem suas vidas destruídas por uma gravidez indeseja a ter seus filhos derivados de uma relação não consensual.",0,1,1,https://twitter.com/nikolas_dm/status/1610782888420835328
victor 7; ☭,@bolchevictor_,https://twitter.com/bolchevictor_/status/1611102584475119616,2023-01-05T20:49:23.000Z,vai ficar chorando até quando porra?,1,0,6,https://twitter.com/nikolas_dm/status/1610782888420835328
Clerto Alves,@portalhistoria,https://twitter.com/portalhistoria/status/1611140931100594179,2023-01-05T23:21:46.000Z,Museu da direita histérica...🤣,0,0,2,https://twitter.com/nikolas_dm/status/1610782888420835328
aloce,@aloce_i,https://twitter.com/aloce_i/status/1611199253161934849,2023-01-06T03:13:31.000Z,"vc eh um dos maiores exemplos de desperdício de oxigênio do mundo, nikolas.",0,0,4,https://twitter.com/nikolas_dm/status/1610782888420835328
JSERVICOS (Jó Alves),@jotaservicos,https://twitter.com/jotaservicos/status/1610784496839786498,2023-01-04T23:45:25.000Z,"E daí??? Tá na lei tem de ser cumprido,  foda-se tua opinião baseada em tuas crenças.",0,0,0,https://twitter.com/nikolas_dm/status/1610782888420835328
Ari de Elite,@CadelinhodaAri,https://twitter.com/CadelinhodaAri/status/1610784698015354880,2023-01-04T23:46:13.000Z,Todo mundo que n quiser abortar . Da pro nikolas,0,0,0,https://twitter.com/nikolas_dm/status/1610782888420835328
Dimitry,@dimitrygrm,https://twitter.com/dimitrygrm/status/1610784780399902722,2023-01-04T23:46:33.000Z,@alexandre,0,0,0,https://twitter.com/nikolas_dm/status/1610782888420835328
Simone Mourao,@sissikinn,https://twitter.com/sissikinn/status/1610785308576043009,2023-01-04T23:48:39.000Z,Estamos em um abismo e a corda para escalar a saída chama-se moderação,0,0,0,https://twitter.com/nikolas_dm/status/1610782888420835328
thiago,@thiagospfctt,https://twitter.com/thiagospfctt/status/1610785703620657153,2023-01-04T23:50:13.000Z,Só falta falar q Lula matou mais de 700 mil pessoas por COVID,0,0,0,https://twitter.com/nikolas_dm/status/1610782888420835328
Z Football,@ze_football,https://twitter.com/ze_football/status/1610785813721227264,2023-01-04T23:50:39.000Z,Você acha que o Twitter é terra sem lei? Passou as eleições inteiras espalhando fake News e continua espalhando. Você acha que ninguém ia fazer nada com suas contas? Pare e pense,0,0,0,https://twitter.com/nikolas_dm/status/1610782888420835328
Saider,@Saider_XD,https://twitter.com/Saider_XD/status/1610785844696174592,2023-01-04T23:50:46.000Z,@OSolista_ XSDE,0,0,0,https://twitter.com/nikolas_dm/status/1610782888420835328
Guto Souza,@Drgutosouza,https://twitter.com/Drgutosouza/status/1610785845161918465,2023-01-04T23:50:47.000Z,"Menis bla, bla, blá!!! Agora é hora de ação. Você e os demais parlamentares da fireita tem a obrigação de fazer oposição violenta, fortíssima a esse governo bandido. O único interesse desse novo parlamento deve ser: ESSE BANDIDO NÃO GOVERNARÁ!!!",0,0,0,https://twitter.com/nikolas_dm/status/1610782888420835328
Val Ferreira,@valsferr,https://twitter.com/valsferr/status/1610786241762533378,2023-01-04T23:52:21.000Z,Pare de mentir!!,0,0,0,https://twitter.com/nikolas_dm/status/1610782888420835328
Israel Soares,@IsraelS29977595,https://twitter.com/IsraelS29977595/status/1610786418237874182,2023-01-04T23:53:03.000Z,"Eu fico assim mesmo quando perco num jogo online. A diferença é que no meu caso "" a culpa é do lag""",0,0,0,https://twitter.com/nikolas_dm/status/1610782888420835328
Marcia Petropolis,@MarciaPetropol2,https://twitter.com/MarciaPetropol2/status/1610805240030269442,2023-01-05T01:07:51.000Z,"Diferença abissal da estupenda Damares, que com sua simplicidade fêz tanto.....",0,0,1,https://twitter.com/nikolas_dm/status/1610782888420835328
꧁²²Monarquista²²꧂☞Ⓥ,@Marcos_Turini22,https://twitter.com/Marcos_Turini22/status/1610805821536931842,2023-01-05T01:10:09.000Z,Tudo normal por aqui,0,0,1,https://twitter.com/nikolas_dm/status/1610782888420835328
Dayane Fersol,@DayaneFersol,https://twitter.com/DayaneFersol/status/1610957167204487171,2023-01-05T11:11:33.000Z,"Cadê as ações dos deputados eleitos para parar o Xandão? Que continua censurado, prendendo, busca e apreensão na casa de deputados e vocês só reclamando em redes sociais. A solução tem que partir de vocês.",0,0,1,https://twitter.com/nikolas_dm/status/1610782888420835328
Petrik,@patrikrm,https://twitter.com/patrikrm/status/1610960117947678721,2023-01-05T11:23:16.000Z,lembro que você postou um monte de foto depois da publicação pra descer o post e não ter que passar a vergonha né,0,0,1,https://twitter.com/nikolas_dm/status/1610782888420835328
NecoNecoNecoSemNexo,@NCaneco,https://twitter.com/NCaneco/status/1611008407590297603,2023-01-05T14:35:10.000Z,@RaFaSXex Todo bolsonarista é  bobão assim?,0,0,1,https://twitter.com/nikolas_dm/status/1610782888420835328
Marcia Eloy,@MarciaEloy8,https://twitter.com/MarciaEloy8/status/1611078165249785856,2023-01-05T19:12:21.000Z,A maioria das mulheres brasileiras fazem aborto ilegal e correm risco de vida,0,0,0,https://twitter.com/nikolas_dm/status/1610782888420835328
sz,@lumavitoria1819,https://twitter.com/lumavitoria1819/status/1610852473803096064,2023-01-05T04:15:32.000Z,"Tu ainda tá falando,vai viver macho.",1,0,0,https://twitter.com/nikolas_dm/status/1610782888420835328
Carlos Lopes,@carloslop__,https://twitter.com/carloslop__/status/1610901663497216002,2023-01-05T07:31:00.000Z,Gabriel Monteiro 2.0 🤣🤣🤣,0,0,1,https://twitter.com/nikolas_dm/status/1610782888420835328
Alberto Junior,@Alberto71305955,https://twitter.com/Alberto71305955/status/1610941778714034176,2023-01-05T10:10:24.000Z,L,0,0,1,https://twitter.com/nikolas_dm/status/1610782888420835328
Bozoroca Arrependida de Volta,@janalula72,https://twitter.com/janalula72/status/1610942705583915008,2023-01-05T10:14:05.000Z,"Tá na hora de cassar o mandato de quem não sabe o papel parlamentar e colocar criminosos na cadeia, @STF_oficial @alexandre @FlavioDino @policiafederal @gleisi @randolfeap",0,0,1,https://twitter.com/nikolas_dm/status/1610782888420835328
Felipe Butcher,@felipebutcher,https://twitter.com/felipebutcher/status/1611032193123422214,2023-01-05T16:09:41.000Z,"aborto legal significa a pessoa não ser criminalizada por fazer um aborto em casos como estupro. como por exemplo o caso da menina de 11 anos que vcs acabaram com a vida dela. é diferente de ""poder matar crianças legalmente"".",0,0,1,https://twitter.com/nikolas_dm/status/1610782888420835328
Ernesto Andrade,@photobyernesto,https://twitter.com/photobyernesto/status/1611041283451293697,2023-01-05T16:45:48.000Z,kkkkkk seu ANIMAL,0,0,1,https://twitter.com/nikolas_dm/status/1610782888420835328
Jackson Feitosa,@JacksonFeitos15,https://twitter.com/JacksonFeitos15/status/1611042363400671233,2023-01-05T16:50:05.000Z,@BaixadorDeVideo,1,0,0,https://twitter.com/nikolas_dm/status/1610782888420835328
Bonnie,@albuquerqueelet,https://twitter.com/albuquerqueelet/status/1611068881665417218,2023-01-05T18:35:28.000Z,o que tu quer ta mole porra,0,0,5,https://twitter.com/nikolas_dm/status/1610782888420835328
Jowl PL2630 JÁ,@jowltv,https://twitter.com/jowltv/status/1611080607441817601,2023-01-05T19:22:03.000Z,É óbvio que o teu modo conservador de ver não vai enxergar que assunto de aborto não deve ser discutido por homens e ele pode ser contra mas indicar alguém que vai trazer a pauta para o debate pq? Pq é direito das mulheres e as pessoas que irão debater são elas.,1,0,0,https://twitter.com/nikolas_dm/status/1610782888420835328
Felipe Cunha,@feli_cunha,https://twitter.com/feli_cunha/status/1610934578172116992,2023-01-05T09:41:47.000Z,"Nikolas tá parecendo um personagem de ""a fuga das galinhas""",0,0,4,https://twitter.com/nikolas_dm/status/1610782888420835328
𝖆𝖒𝖆𝖗𝖆𝖑,@pohabiancaa,https://twitter.com/pohabiancaa/status/1611046382437007363,2023-01-05T17:06:04.000Z,caralho irmão vc é muito chato,0,0,1,https://twitter.com/nikolas_dm/status/1610782888420835328
Déboraᥫ᭡,@hhelengroff,https://twitter.com/hhelengroff/status/1611076200218206208,2023-01-05T19:04:33.000Z,ele ainda ta falando?,0,0,0,https://twitter.com/nikolas_dm/status/1610782888420835328
Lorrana | in : Dickinson,@writtenbyvampyr,https://twitter.com/writtenbyvampyr/status/1611076714464960516,2023-01-05T19:06:35.000Z,tu ainda está falando?,0,0,0,https://twitter.com/nikolas_dm/status/1610782888420835328
Luciana Zardo,@LucianaZardo1,https://twitter.com/LucianaZardo1/status/1611076740356374532,2023-01-05T19:06:41.000Z,Cara chato da porra,0,0,0,https://twitter.com/nikolas_dm/status/1610782888420835328
Sr.T,@ThiagopL444,https://twitter.com/ThiagopL444/status/1611079127808761875,2023-01-05T19:16:11.000Z,"Mermão, infelizmente não tem como te levar a sério depois de simplesmente ter que ""mamar"" o micto em tudo pra ter algum reconhecimento na política, isso fora as outras coisas como as sua hipocrisia por exemplo.",0,0,0,https://twitter.com/nikolas_dm/status/1610782888420835328
Jenkens,@___sz___sz___,https://twitter.com/___sz___sz___/status/1611081359082020876,2023-01-05T19:25:03.000Z,chola + chupetinha,0,0,0,https://twitter.com/nikolas_dm/status/1610782888420835328
anna Leonardo,@annaLeonardo12,https://twitter.com/annaLeonardo12/status/1611082855265746944,2023-01-05T19:30:59.000Z,Tá sem pauta hein…,0,0,0,https://twitter.com/nikolas_dm/status/1610782888420835328
Luiz Sergio Grossi,@lsgrossi,https://twitter.com/lsgrossi/status/1611020483583168514,2023-01-05T15:23:09.000Z,"Deputado, saia da internet! Vá estudar o regimento interno da câmara. Precisamos de um randolfe Rodrigues de direita. Não precisamos de videozinho em tik tok. Honre os votos que recebeu!",2,0,2,https://twitter.com/nikolas_dm/status/1610782888420835328
Netjerikhet Djoser,@NetjerikhetGO,https://twitter.com/NetjerikhetGO/status/1610784595502325763,2023-01-04T23:45:49.000Z,Passivo?,0,0,0,https://twitter.com/nikolas_dm/status/1610782888420835328
Mateus Rocha,@mateusrch82,https://twitter.com/mateusrch82/status/1610785205890990080,2023-01-04T23:48:14.000Z,Eu mandei mensagem pro Alexandre questionando qual será a pena da ministra. Estou aguardando….,0,0,0,https://twitter.com/nikolas_dm/status/1610782888420835328
Cesar Parzianello,@cparzianello,https://twitter.com/cparzianello/status/1610785405607051264,2023-01-04T23:49:02.000Z,"Vamos ver quanto tempo vai demorar pro Xandão te tirar do Twitter de novo por “desordem informacional” ou seja lá que asneira “golpista”, “facista”, “extremista” e “antidemocrática” que ele vai inventar agora.",0,0,0,https://twitter.com/nikolas_dm/status/1610782888420835328
jaisso jose,@JaissoJ,https://twitter.com/JaissoJ/status/1610785418324197378,2023-01-04T23:49:05.000Z,FAZ O L kkkkk,0,0,0,https://twitter.com/nikolas_dm/status/1610782888420835328
Marrone Jesus,@MarroneJesus1,https://twitter.com/MarroneJesus1/status/1610785519570411520,2023-01-04T23:49:29.000Z,Eu só contra a pessoa quer prático o sexo po descuido engravidar e querer tira já quer na hora tava gostando mas se um estupor eu so a favor como vai se a convivência dessa mãe com o seu filho mulher tem trauma pós parto por muito menos,0,0,0,https://twitter.com/nikolas_dm/status/1610782888420835328
Marrone Jesus,@MarroneJesus1,https://twitter.com/MarroneJesus1/status/1610785776664551424,2023-01-04T23:50:30.000Z,Se sua mãe irmã tia prima chegar a ser violentada sexualmente vc vai se contra elas abortar ou não,0,0,0,https://twitter.com/nikolas_dm/status/1610782888420835328
João Lopes,@Jhonloops,https://twitter.com/Jhonloops/status/1610786336218419200,2023-01-04T23:52:44.000Z,Ou é agora ou nunca! Fecha tudoooo,0,0,0,https://twitter.com/nikolas_dm/status/1610782888420835328
Eder Giusti,@EderGiusti,https://twitter.com/EderGiusti/status/1610786789664477187,2023-01-04T23:54:32.000Z,"Né, 01/02 tem de trabalhar pra representar bem o povo!",0,0,0,https://twitter.com/nikolas_dm/status/1610782888420835328
Eva Rosa,@EvaRosa46004328,https://twitter.com/EvaRosa46004328/status/1610784681598877697,2023-01-04T23:46:09.000Z,Misericórdia.,0,0,0,https://twitter.com/nikolas_dm/status/1610782888420835328
Karin Sdroiewski,@KarinSdroiewski,https://twitter.com/KarinSdroiewski/status/1610784866630598657,2023-01-04T23:46:53.000Z,"Logo você será bloqueado novamente!!!! Chega de discurso!!! Chame teus 1,5 milhões de eleitores e vai liderar o povo na rua!!!",0,0,0,https://twitter.com/nikolas_dm/status/1610782888420835328
gui,@Janilso41654533,https://twitter.com/Janilso41654533/status/1610785076886765568,2023-01-04T23:47:43.000Z,Vai caga cara,0,0,0,https://twitter.com/nikolas_dm/status/1610782888420835328
Paulo Fernando,@Paulinguitar121,https://twitter.com/Paulinguitar121/status/1610785982080585728,2023-01-04T23:51:19.000Z,Vai ficar de mimimi ate quando????,0,0,0,https://twitter.com/nikolas_dm/status/1610782888420835328
alezinhu,@kof_morato,https://twitter.com/kof_morato/status/1610786077777747968,2023-01-04T23:51:42.000Z,hmmmmm,0,0,0,https://twitter.com/nikolas_dm/status/1610782888420835328
Joao Bosco,@jbosconov1965,https://twitter.com/jbosconov1965/status/1610788457852407810,2023-01-05T00:01:10.000Z,Vá a luta meu amigo ... seu trabalho é  convencer os deputados a não votar nessa pauta. ..,0,0,0,https://twitter.com/nikolas_dm/status/1610782888420835328
Rodolfo Marques,@rodolfosmarques,https://twitter.com/rodolfosmarques/status/1610788795015729152,2023-01-05T00:02:30.000Z,Você é o chupetinha?,0,0,0,https://twitter.com/nikolas_dm/status/1610782888420835328
Paulo Buzzo,@paulobuzzobat,https://twitter.com/paulobuzzobat/status/1610789003606867971,2023-01-05T00:03:20.000Z,Leite de macho kkkkkkkkkkk,0,0,0,https://twitter.com/nikolas_dm/status/1610782888420835328
Britney Army,@Chris_Blackout0,https://twitter.com/Chris_Blackout0/status/1611084607494971392,2023-01-05T19:37:57.000Z,"Quando você vai entender que sua religião não está acima de todas as outras? Se vc N é a fvr, então não faça. Isso é um assunto de saúde pública e cada mulher deve decidir o que fazer, é o corpo dela, são as decisões dela e não cabe nem a vc nem a ninguém querer cagar regras...",0,1,7,https://twitter.com/nikolas_dm/status/1610782888420835328
Tyler,@tylertanjiro,https://twitter.com/tylertanjiro/status/1610784578079260674,2023-01-04T23:45:45.000Z,"Igual Bolsonaro q quando era deputado falava sobre pílula de aborto e citava a China como um exemplo de natalidade controlada, a diferença é q mudou seu discurso pra conseguir votos de evangélico kkkkkkkkkk",6,0,68,https://twitter.com/nikolas_dm/status/1610782888420835328
ana maria praga,@marianacostarms,https://twitter.com/marianacostarms/status/1610808665136586754,2023-01-05T01:21:27.000Z,"amigo, toma aqui um presente p vc ter o que fazer",1,1,54,https://twitter.com/nikolas_dm/status/1610782888420835328
SEU VICENTE,@seuvicente1,https://twitter.com/seuvicente1/status/1611117543866961921,2023-01-05T21:48:50.000Z,"Esqueceram, foi? Que farra boa, hein!",0,2,12,https://twitter.com/nikolas_dm/status/1610782888420835328
