nome,usuario,idTweet,dataPublicacao,texto,replies,retweets,likes,tweetPai
Lua Doidera,@Aluadoidera,https://twitter.com/Aluadoidera/status/1610261275287715840,2023-01-03T13:06:19.000Z,Aqui vemos o cristão rindo de coisas sérias … PIADA é isso q tu é! Chupetinha,0,0,1,https://twitter.com/nikolas_dm/status/1610047580586577926
Lua Doidera,@Aluadoidera,https://twitter.com/Aluadoidera/status/1610261494091988992,2023-01-03T13:07:12.000Z,Já passou da hora de vc parar de brigar no Twitter e ir fazer o seu trabalho! Já q teve tanto orgulho de gritar aos 4 cantos… TENHA CU PRA FAZER UM BOM TRABALHO 👍,0,0,0,https://twitter.com/nikolas_dm/status/1610047580586577926
Rafa GIau,@imRafaeI,https://twitter.com/imRafaeI/status/1610050824859688962,2023-01-02T23:10:04.000Z,"1986: olha explodiu o reator ali, vcs tem que ir lá e desligar umas torneira e morrer de radiação.
Comunistas da união soviética: PELA MÃE RÚSSIA.

Comunistas hoje: chorei que acharam gente morta.",1,6,92,https://twitter.com/nikolas_dm/status/1610047580586577926
SColbert,@SueColbert,https://twitter.com/SueColbert/status/1610054133158973441,2023-01-02T23:23:13.000Z,"Alguém já avisou ele da Gasolina, da CNH, da Picanha, etc,etc,etc 🧐 dai ele já chora tudo de uma vez",0,0,20,https://twitter.com/nikolas_dm/status/1610047580586577926
Lyane,@Lysbella,https://twitter.com/Lysbella/status/1610047969142636544,2023-01-02T22:58:43.000Z,Floquinho de neve.,1,0,8,https://twitter.com/nikolas_dm/status/1610047580586577926
ALEXANDRE BITTENCOURT,@Bittencourt_76,https://twitter.com/Bittencourt_76/status/1610049094864744448,2023-01-02T23:03:12.000Z,Está chorando de emoção por ter recebido a Picanha dele,3,7,52,https://twitter.com/nikolas_dm/status/1610047580586577926
Pedro Carvalho,@Oparbento1,https://twitter.com/Oparbento1/status/1610057478732976130,2023-01-02T23:36:31.000Z,Oi @nikolas_dm os conservadores do passado teriam vergonha de ver seu líder fugindo com o rabo entre as pernas e de um deputado como vc.,46,25,1.652,https://twitter.com/nikolas_dm/status/1610047580586577926
William De Lucca,@delucca,https://twitter.com/delucca/status/1610073528274935808,2023-01-03T00:40:17.000Z,"Nem vou te dizer o que aconteceria com você se os comunistas do passado trombassem com você, chupetinha…",15,4,675,https://twitter.com/nikolas_dm/status/1610047580586577926
SEU VICENTE,@seuvicente1,https://twitter.com/seuvicente1/status/1610099571924914176,2023-01-03T02:23:46.000Z,Deixa de ser ot@rio. Tem patriota chorando com pneu. Respeita o sentimento do cara. E vocês ainda se dizem cristãos. Çei! Cristãos 🤦🏻‍♂️🤦🏻‍♂️🤦🏻‍♂️🤦🏻‍♂️🤦🏻‍♂️🤦🏻‍♂️🤦🏻‍♂️,1,0,135,https://twitter.com/nikolas_dm/status/1610047580586577926
Rute Marta - Adv,@AdvRute,https://twitter.com/AdvRute/status/1610357425399336961,2023-01-03T19:28:23.000Z,"Nikolas, vc é o deputado mais votado do Brasil e de Minas Gerais, eu como mineira, tenho uma pergunta: porque não irmos todos as ruas, eleitos e eleitores e mudar a história desse país? Com todo respeito, o lugar de vcs, como nosso representante é ao lado do povo. Somos a maioria",1,0,0,https://twitter.com/nikolas_dm/status/1610047580586577926
Mαrα,@_mtaveira,https://twitter.com/_mtaveira/status/1610057189728681986,2023-01-02T23:35:22.000Z,Com certeza.,0,0,0,https://twitter.com/nikolas_dm/status/1610047580586577926
Waggie PT-fóbico,@wagnerudi,https://twitter.com/wagnerudi/status/1611676236648185863,2023-01-07T10:48:52.000Z,Pura falta de holla.,0,0,3,https://twitter.com/nikolas_dm/status/1610047580586577926
Carla - MG,@CarlaPatMG,https://twitter.com/CarlaPatMG/status/1610063710974021634,2023-01-03T00:01:16.000Z,kkkkkkkkkkkkkk,0,0,0,https://twitter.com/nikolas_dm/status/1610047580586577926
Pereira phillipe,@Pereiraphillip1,https://twitter.com/Pereiraphillip1/status/1610049554937700354,2023-01-02T23:05:01.000Z,Eita geraçãozinha fraca essa viu 🤣🤣🤣 deus me livre,0,0,0,https://twitter.com/nikolas_dm/status/1610047580586577926
Kiki Fagundes,@kiki_elfagundes,https://twitter.com/kiki_elfagundes/status/1610386362863157249,2023-01-03T21:23:23.000Z,"Estão conseguindo criar um povo fraco que será facilmente dominado. 
Volta JESUS!",0,0,0,https://twitter.com/nikolas_dm/status/1610047580586577926
jota,@usuariovermelho,https://twitter.com/usuariovermelho/status/1610085755069796352,2023-01-03T01:28:52.000Z,Nikolas tá chateado por ter perdido o posto de cadelinha presidencial kkkkkkkkkkkkkkkkkkk,1,0,16,https://twitter.com/nikolas_dm/status/1610047580586577926
JTokumi,@JorgeTokumi,https://twitter.com/JorgeTokumi/status/1610051836098084866,2023-01-02T23:14:05.000Z,😂😂🤣😂😅,0,0,2,https://twitter.com/nikolas_dm/status/1610047580586577926
Bia Pereira ＼⁠(⁠^⁠o⁠^⁠)⁠／,@Biatrue,https://twitter.com/Biatrue/status/1610696889443270665,2023-01-04T17:57:18.000Z,São tipos diferentes mas com o mesmo espírito maligno.,0,0,1,https://twitter.com/nikolas_dm/status/1610047580586577926
Hasbullinha tóxico,@gurilancia,https://twitter.com/gurilancia/status/1610049024387682306,2023-01-02T23:02:55.000Z,"Deputado, pare de militar nas redes e vai organizar seu gabinete para ter um mandato digno e lutando pelo povo!",12,0,57,https://twitter.com/nikolas_dm/status/1610047580586577926
Eles acusam daquilo que são.,@MitoJMB22,https://twitter.com/MitoJMB22/status/1610054652367626241,2023-01-02T23:25:17.000Z,Comunismo cueca-pink.,0,0,2,https://twitter.com/nikolas_dm/status/1610047580586577926
Mi,@Milena_r_c,https://twitter.com/Milena_r_c/status/1610083228991295488,2023-01-03T01:18:50.000Z,Kkkkk pãtz!,0,0,1,https://twitter.com/nikolas_dm/status/1610047580586577926
Maria Marques,@mjligeiro,https://twitter.com/mjligeiro/status/1614703057912369152,2023-01-15T19:16:23.000Z,Che adoraria dar um lencinho pra enxugar estas lágrimas....🤡 não se fazem mais guerrilheiros como antigamente...,0,1,0,https://twitter.com/nikolas_dm/status/1610047580586577926
Gis - O meu general é Cristo,@GisCilli,https://twitter.com/GisCilli/status/1610053575736004616,2023-01-02T23:21:00.000Z,"Esse cara tem a consciência pesada, sabe que o comunismo é uma droga e não consegue se afastar por causa do grupinho de canceladores. Fraco",0,0,1,https://twitter.com/nikolas_dm/status/1610047580586577926
Yoná,@Yfreitas98,https://twitter.com/Yfreitas98/status/1610048236416339970,2023-01-02T22:59:47.000Z,Ele já tá chorando antecipadamente?,0,0,1,https://twitter.com/nikolas_dm/status/1610047580586577926
O Grande Buda,@oGrandeBuda,https://twitter.com/oGrandeBuda/status/1610287822933721088,2023-01-03T14:51:49.000Z,"Cara, já tentou fazer reposição hormonal? Procure um endócrino, tá na cara que é falta de testosterona!",0,0,3,https://twitter.com/nikolas_dm/status/1610047580586577926
Pedro,@PedroHonesto_,https://twitter.com/PedroHonesto_/status/1610212722653941760,2023-01-03T09:53:24.000Z,"Eu na condição de pai, posso te dizer: que puta decepção!",0,0,1,https://twitter.com/nikolas_dm/status/1610047580586577926
Alessandro Marinho,@Alessan22492378,https://twitter.com/Alessan22492378/status/1610052288260853768,2023-01-02T23:15:53.000Z,Tipo Aqueles médicos q se formam e continuam morando com os pais.,1,0,4,https://twitter.com/nikolas_dm/status/1610047580586577926
Gleyson Assis,@GleysonAssis3,https://twitter.com/GleysonAssis3/status/1610077159846219776,2023-01-03T00:54:43.000Z,Seu deboche é tão satisfatório. A gente consegue sentir o cheiro do seu desespero daqui.,0,0,3,https://twitter.com/nikolas_dm/status/1610047580586577926
vladimir silva,@cvladisilva,https://twitter.com/cvladisilva/status/1610116183432331264,2023-01-03T03:29:47.000Z,"Boa noite, é Nikolas né? seu nome? Quando me falaram de vc, pensei que fosse aquele rapaz que pregava a Palavra de Deus no YouTube, mas dei uma olhada em seus post aqui, acho que me enganei.",2,0,2,https://twitter.com/nikolas_dm/status/1610047580586577926
Diego Feijó de Abreu PL2630 já,@diegodeabreu,https://twitter.com/diegodeabreu/status/1610057299388661764,2023-01-02T23:35:48.000Z,E na igreja que dizem disso ???,0,4,29,https://twitter.com/nikolas_dm/status/1610047580586577926
Robson Silva,@Robinho_r21,https://twitter.com/Robinho_r21/status/1610048027028295684,2023-01-02T22:58:57.000Z,Ooo Saudade de vc esculachando esse povo!! 🇧🇷🇧🇷🇧🇷,4,0,33,https://twitter.com/nikolas_dm/status/1610047580586577926
Gabriela Ribeiro,@gabivitoriar,https://twitter.com/gabivitoriar/status/1610050295001931778,2023-01-02T23:07:58.000Z,Imagina Lênin lendo isso…,0,0,3,https://twitter.com/nikolas_dm/status/1610047580586577926
 Clissia,@clissia_c,https://twitter.com/clissia_c/status/1610697725405691906,2023-01-04T18:00:37.000Z,Esse cara tem que jeito de quem mora no porão da avó. Eu hein.,0,0,0,https://twitter.com/nikolas_dm/status/1610047580586577926
Marcelo Borella,@marcelo_borella,https://twitter.com/marcelo_borella/status/1610331252187615238,2023-01-03T17:44:23.000Z,comunista nutella,0,0,0,https://twitter.com/nikolas_dm/status/1610047580586577926
Rute Marta - Adv,@AdvRute,https://twitter.com/AdvRute/status/1610356674270724096,2023-01-03T19:25:24.000Z,"Para falar a verdade, eu tenho dó... parece que passaram por uma lavagem cerebral...",0,0,0,https://twitter.com/nikolas_dm/status/1610047580586577926
Maria Rita Bini,@arteemjoias,https://twitter.com/arteemjoias/status/1610754835061833728,2023-01-04T21:47:33.000Z,Kd @nandx_rejected ?,0,0,0,https://twitter.com/nikolas_dm/status/1610047580586577926
carole,@cryroline,https://twitter.com/cryroline/status/1610145077044838402,2023-01-03T05:24:36.000Z,"Fica tranquilo que daqui a pouco quem vai chorar é você, dai a gente descobre quem vai sentir orgulho de tu 🙏🏽",1,0,0,https://twitter.com/nikolas_dm/status/1610047580586577926
Daniel,@DanielSilvaGo19,https://twitter.com/DanielSilvaGo19/status/1610110668770009091,2023-01-03T03:07:52.000Z,@pegabots é bot?,2,0,2,https://twitter.com/nikolas_dm/status/1610047580586577926
Wanderlei,@Wanderl34704395,https://twitter.com/Wanderl34704395/status/1610048966288379904,2023-01-02T23:02:41.000Z,😂😂😂,1,0,0,https://twitter.com/nikolas_dm/status/1610047580586577926
KGB,@MathPelaquim,https://twitter.com/MathPelaquim/status/1610270223243829250,2023-01-03T13:41:53.000Z,Que porra é essa kkk,1,1,12,https://twitter.com/nikolas_dm/status/1610047580586577926
Lauro Pie de Aguiar,@MagrelowPie,https://twitter.com/MagrelowPie/status/1610048143160389632,2023-01-02T22:59:25.000Z,Os comunas são meio estranhos hoje em dia. Se a revolução russa fosse hoje a família do Czar não seria morta. Apenas cancelada nas redes. Seriam vítimas de shadow Ban e multas estratosfericas.,2,0,9,https://twitter.com/nikolas_dm/status/1610047580586577926
Jessica Christie,@JessicaCristie9,https://twitter.com/JessicaCristie9/status/1610055129994072065,2023-01-02T23:27:11.000Z,"Algo me diz que ele não vai parar de chorar,dessa vez o ladrao paz e amor vai botar pra quebrar.",2,0,1,https://twitter.com/nikolas_dm/status/1610047580586577926
Daniel,@CagnacciDaniel,https://twitter.com/CagnacciDaniel/status/1610047854634242048,2023-01-02T22:58:16.000Z,Mano do Céu...,0,0,2,https://twitter.com/nikolas_dm/status/1610047580586577926
Wal Dornellas,@DornellasWal,https://twitter.com/DornellasWal/status/1610281333074587648,2023-01-03T14:26:02.000Z,O Bozo é o homem mais chorão  que existe. É só contrariar que ele abre o berreiro.,0,0,1,https://twitter.com/nikolas_dm/status/1610047580586577926
Luis... S.O.S JESUS,@LuismarSilvaLi2,https://twitter.com/LuismarSilvaLi2/status/1610054248770768898,2023-01-02T23:23:40.000Z,Pior que esses aí são os mais perigosos irmão... sabe do estou falando.,0,2,1,https://twitter.com/nikolas_dm/status/1610047580586577926
Luis... S.O.S JESUS,@LuismarSilvaLi2,https://twitter.com/LuismarSilvaLi2/status/1610054533119414282,2023-01-02T23:24:48.000Z,Esses aí são um dos mais perigosos. Suas ações repercutem por gerações.,1,1,1,https://twitter.com/nikolas_dm/status/1610047580586577926
Aprendiz de Marceneiro,@u_marceneiro,https://twitter.com/u_marceneiro/status/1610048599282585602,2023-01-02T23:01:13.000Z,"Esses, com certeza, pedem desculpa por ser homem... Kkkk",0,0,3,https://twitter.com/nikolas_dm/status/1610047580586577926
Junior Nobre,@JuniorNobre2210,https://twitter.com/JuniorNobre2210/status/1610050075790565381,2023-01-02T23:07:06.000Z,Isso é um MENINE !!!!,0,0,3,https://twitter.com/nikolas_dm/status/1610047580586577926
wes not craven,@chairnoir,https://twitter.com/chairnoir/status/1612470682125729794,2023-01-09T15:25:43.000Z,Os chupetinhas do passado teriam orgulho dos de hoje,0,0,0,https://twitter.com/nikolas_dm/status/1610047580586577926
kingo,@ritinhacg3,https://twitter.com/ritinhacg3/status/1612408735284039680,2023-01-09T11:19:34.000Z,Em breve você chorando entrando no camburão kkkk tic tac,0,0,0,https://twitter.com/nikolas_dm/status/1610047580586577926
GadoNews,@GadoNewsOficial,https://twitter.com/GadoNewsOficial/status/1610682457484922900,2023-01-04T16:59:57.000Z,Chupetinha,0,0,0,https://twitter.com/nikolas_dm/status/1610047580586577926
Todes contra Bolsonaro,@B121325,https://twitter.com/B121325/status/1611575131947540481,2023-01-07T04:07:07.000Z,"Hitler teria orgulho de dizer que Bolsonaro é um bom e fiel  nazista.
Mussolini teria orgulho de dizer que Bolsonaro é um bom e fiel fascista.👍",0,0,0,https://twitter.com/nikolas_dm/status/1610047580586577926
FIBONETEIRO,@LaforgaWesley,https://twitter.com/LaforgaWesley/status/1610050577039343619,2023-01-02T23:09:05.000Z,Essa foto dele chorando... Imagino tbm papai dele chorando no banho depois dessa 🤐🤡,0,0,5,https://twitter.com/nikolas_dm/status/1610047580586577926
Rafael,@m7_rafael,https://twitter.com/m7_rafael/status/1610051377983520773,2023-01-02T23:12:16.000Z,"E os “patriotas” de hoje em dia, que quando perde foge. Fugiu da luta o covarde KKKKKKKKKKKK",0,0,1,https://twitter.com/nikolas_dm/status/1610047580586577926
Makely e Jecé Cardoso,@jece_cardoso,https://twitter.com/jece_cardoso/status/1610053597844353025,2023-01-02T23:21:05.000Z,Kkkkkkkkkkkkkkkkkkkkkkk desculpa eu ri … concordo nikolas😂,0,0,2,https://twitter.com/nikolas_dm/status/1610047580586577926
Igor Fabricio ᶜᵉᶜ,@Igorfabrici0,https://twitter.com/Igorfabrici0/status/1610054831137329153,2023-01-02T23:25:59.000Z,Tchola demais,0,0,1,https://twitter.com/nikolas_dm/status/1610047580586577926
RAEL MOTTA,@rael_mottaa,https://twitter.com/rael_mottaa/status/1610284845631946753,2023-01-03T14:39:59.000Z,Só pode ser piada mesmo viu kkkkk e os trouxas vai nesses teu papinhos,0,0,0,https://twitter.com/nikolas_dm/status/1610047580586577926
Wesley,@otaldobrenoo,https://twitter.com/otaldobrenoo/status/1610094232915566593,2023-01-03T02:02:33.000Z,"Nikolas, já foi perguntar o ex presidente pq na posse dele vc não foi chamado pra subir a rampa de coleira?",1,0,3,https://twitter.com/nikolas_dm/status/1610047580586577926
Rodrigo Cas,@Rodrigo29607747,https://twitter.com/Rodrigo29607747/status/1610391409747722240,2023-01-03T21:43:26.000Z,"Falou o deputado federal mais votado do Brasil, mas quando foi vereador apresentou 13 projetos de lei em 4 anos...",0,0,0,https://twitter.com/nikolas_dm/status/1610047580586577926
Baú do Samuca,@bau_samuca,https://twitter.com/bau_samuca/status/1610055079570333697,2023-01-02T23:26:59.000Z,"Sinto muito por MG... Elegeram um cara que ficará 4 anos só ""trabalhando"" no twitter...",0,0,2,https://twitter.com/nikolas_dm/status/1610047580586577926
Carlos dias,@Carlosd39566873,https://twitter.com/Carlosd39566873/status/1610056827927945217,2023-01-02T23:33:55.000Z,"Essa é a melhor kkkkkkkkkkkkkkkkkkkkkkkkkkkkkkkkk
Pausa pra respirar
Kkkkkkkkkkkkkkkkkkkkkkkkkkkkkkkk🤭🤭🤭🤭🤭🤭🤭🤭🤭🤭🤭🤭🤭🤭😂😂😂😂😂😂😂😂😂😂😂😂😂😂🫡🫡🫡🫡🫡🫡🫡🫡🫡🫡🫡🫡🫡🫡",0,0,3,https://twitter.com/nikolas_dm/status/1610047580586577926
Helix 1808,@1808Helix,https://twitter.com/1808Helix/status/1610058703343947782,2023-01-02T23:41:22.000Z,Nikolas dnv promovendo meu trampo aqui pra vc tem homem sem camisa lá os cara é forte Nikolas trabalho braçal sério pra humilhar essa esquerda né Nikolas vamo lá Nikolas tem militar malhado lá só os homem bom tu ia amar juro Nikolas ia ser incrível,1,0,1,https://twitter.com/nikolas_dm/status/1610047580586577926
Yasmin,@Alguma_garota_,https://twitter.com/Alguma_garota_/status/1610071896070197248,2023-01-03T00:33:48.000Z,"Psé, KKKKKK
O dia que crise de depressão for de felicidade o planeta já vai ter até parado de rodar, KKKKKKKKKK",0,0,3,https://twitter.com/nikolas_dm/status/1610047580586577926
Daniel Zanetti,@DanielGZanetti,https://twitter.com/DanielGZanetti/status/1610073158585057281,2023-01-03T00:38:49.000Z,E o veio lambendo cano de arma gemendo pelo nome do Bolsonaro ele não fala hahaha,0,0,6,https://twitter.com/nikolas_dm/status/1610047580586577926
juão,@jp_soalheiro,https://twitter.com/jp_soalheiro/status/1610256502832467970,2023-01-03T12:47:22.000Z,Sua dor de cotovelo é eterna?,0,0,0,https://twitter.com/nikolas_dm/status/1610047580586577926
Dani Apocalíptica,@madtsoia_,https://twitter.com/madtsoia_/status/1610256841786769408,2023-01-03T12:48:42.000Z,"Chupetinha, se vc tá triste nós estamos felizes",0,0,0,https://twitter.com/nikolas_dm/status/1610047580586577926
Lucão ★,@serenadolucas,https://twitter.com/serenadolucas/status/1610267348812062722,2023-01-03T13:30:27.000Z,Jesus também teria vergonha dos crentes de hoje 🤝,0,0,0,https://twitter.com/nikolas_dm/status/1610047580586577926
@brocollisbordados,@brocollisbordados,https://twitter.com/ehobala/status/1610291806524014593,2023-01-03T15:07:39.000Z,"orgulhoso mesmo deve ta o velho da virginia 

ensinou direitinho como plantar o ódio e caos na cabeça dos obcecados e meteu o pé pra terras dos sonhos

o velho da florida é realmente de se dar mto orgulho a todos os seus apoiadores",0,0,3,https://twitter.com/nikolas_dm/status/1610047580586577926
Professor de História Sequelado,@histoalzheimer,https://twitter.com/histoalzheimer/status/1610295241923506177,2023-01-03T15:21:18.000Z,Falou o cara que não gosta de leite desnatado.,0,0,0,https://twitter.com/nikolas_dm/status/1610047580586577926
Jéssica de Kássia,@jkts____,https://twitter.com/jkts____/status/1610378073580388361,2023-01-03T20:50:26.000Z,a bicha louca kakakakaka,0,0,0,https://twitter.com/nikolas_dm/status/1610047580586577926
René Duarte - Democracia e Paz,@rene_duarte_rdm,https://twitter.com/rene_duarte_rdm/status/1610466755620528129,2023-01-04T02:42:50.000Z,"🪱🪱🪱🪱🪱 olha o verme se pronunciando, morrendo de medo de sair da merda 😂",0,0,0,https://twitter.com/nikolas_dm/status/1610047580586577926
diego silva,@diegosi68114766,https://twitter.com/diegosi68114766/status/1610577085889748993,2023-01-04T10:01:15.000Z,Kkkkkkkkkkk,0,0,0,https://twitter.com/nikolas_dm/status/1610047580586577926
camarada heitor,@hxheitor,https://twitter.com/hxheitor/status/1610658363729403904,2023-01-04T15:24:13.000Z,Nikita dá um tempo do Twitter pfvr,0,0,0,https://twitter.com/nikolas_dm/status/1610047580586577926
Elisa Bertolace de Oliveira Choucair,@elisabertolace,https://twitter.com/elisabertolace/status/1610667847986081795,2023-01-04T16:01:54.000Z,Kkkkkkk,0,0,0,https://twitter.com/nikolas_dm/status/1610047580586577926
Farejador de Golpista,@farejador_,https://twitter.com/farejador_/status/1610672074942554119,2023-01-04T16:18:42.000Z,Ouve aí. Jesus chorou. Só a introdução.,0,0,0,https://twitter.com/nikolas_dm/status/1610047580586577926
Saulo Dantas,@Saulo__Dantas,https://twitter.com/Saulo__Dantas/status/1610837430516449281,2023-01-05T03:15:46.000Z,🤣🤣🤣🤣🤣🤣🤣🤣🤣🤣🤣🤣🤣🤣🤣🤣🤣🤣🤣🤣🤣🤣🤣🤣🤣🤣🤣🤣,0,0,0,https://twitter.com/nikolas_dm/status/1610047580586577926
dev maconheira,@niponicakkk,https://twitter.com/niponicakkk/status/1610424372766052354,2023-01-03T23:54:25.000Z,Tu se passa demais bixa,0,0,0,https://twitter.com/nikolas_dm/status/1610047580586577926
Agardi,@agardi1,https://twitter.com/agardi1/status/1610727773647011863,2023-01-04T20:00:01.000Z,Cresce.,0,0,0,https://twitter.com/nikolas_dm/status/1610047580586577926
Marcelo Perez,@celito_perez,https://twitter.com/celito_perez/status/1610253360422166530,2023-01-03T12:34:52.000Z,Kkkkk…. Os militares do passado tb teriam vergonha dos de hoje.,0,0,0,https://twitter.com/nikolas_dm/status/1610047580586577926
Gabriel Bessa,@gabeheaglesfan,https://twitter.com/gabeheaglesfan/status/1610255930586791937,2023-01-03T12:45:05.000Z,Imagina os fascistas do passado vendo os de hoje:,0,0,0,https://twitter.com/nikolas_dm/status/1610047580586577926
Nick: Bostrom,@massatomica12u,https://twitter.com/massatomica12u/status/1610256665315614720,2023-01-03T12:48:00.000Z,Os religiosos conservadores do passado não te aceitariam como tal.,0,0,0,https://twitter.com/nikolas_dm/status/1610047580586577926
#DemocraciaInabalada,@FehLipybo,https://twitter.com/FehLipybo/status/1610265820055179270,2023-01-03T13:24:23.000Z,Vergonha passa vc né #nikolasChupetinha,0,0,0,https://twitter.com/nikolas_dm/status/1610047580586577926
Leoz,@Leo_Araujo98,https://twitter.com/Leo_Araujo98/status/1610268855288438784,2023-01-03T13:36:27.000Z,😂😂,0,0,0,https://twitter.com/nikolas_dm/status/1610047580586577926
Otto Ferreira de Assis Sampaio,@otto_assis,https://twitter.com/otto_assis/status/1610276569318100992,2023-01-03T14:07:06.000Z,Que cena triste. Que bundão!,0,0,0,https://twitter.com/nikolas_dm/status/1610047580586577926
Victor Raton,@ratondev,https://twitter.com/ratondev/status/1610277437497122818,2023-01-03T14:10:33.000Z,tu é o lambe botas mano,0,0,0,https://twitter.com/nikolas_dm/status/1610047580586577926
Dani,@tuitaar_,https://twitter.com/tuitaar_/status/1610048154136711170,2023-01-02T22:59:27.000Z,Trabalhar esse jaguara não quer né,0,0,10,https://twitter.com/nikolas_dm/status/1610047580586577926
Cissa,@AlcieleV,https://twitter.com/AlcieleV/status/1610050123731505152,2023-01-02T23:07:17.000Z,Uma geração diferente mesmo kkk,0,0,12,https://twitter.com/nikolas_dm/status/1610047580586577926
Josimar Leite Goulart,@JosimarArqui,https://twitter.com/JosimarArqui/status/1610050737983062018,2023-01-02T23:09:43.000Z,Quem chora agora sao os bolsotários que esperavam uma luz dos et’s. Kkkkkkkkkkkk,2,0,17,https://twitter.com/nikolas_dm/status/1610047580586577926
Maurício,@Maullzt,https://twitter.com/Maullzt/status/1610068542896115712,2023-01-03T00:20:28.000Z,@nikolas_dm se vc souber oq é o comunismo eu sou uma geladeira duas portas,0,1,17,https://twitter.com/nikolas_dm/status/1610047580586577926
Karlos Silva,@solarc1958,https://twitter.com/solarc1958/status/1610091984336859136,2023-01-03T01:53:37.000Z,E verdade e tu não te cansas de ser ridículo... é impressionante 🤣🤣🤣🤣🤣🤣🤣🤣🤣,0,0,10,https://twitter.com/nikolas_dm/status/1610047580586577926
Isabela,@isinha_158,https://twitter.com/isinha_158/status/1610049580481003520,2023-01-02T23:05:07.000Z,Mesma coisa dos facistas do passado kkkkkkk teriam vergonha de ver um loirinho tiktoker bem sojado defendendo eles.,1,0,9,https://twitter.com/nikolas_dm/status/1610047580586577926
Elisabete Lima,@Elisabete2801,https://twitter.com/Elisabete2801/status/1610092890742554624,2023-01-03T01:57:13.000Z,"Você com certeza riu com seu ex-presidente quando as pessoas estavam morrendo na pandemia, então realmente não entende o choro de alívio de tantos brasileiros.
Para de bancar o ""blogueirinho"" e vai trabalhar,  pq é  para isso que o povo te paga.",1,0,2,https://twitter.com/nikolas_dm/status/1610047580586577926
"Serginho Lima, Periférico e Comunitário",@SerginhoMLima,https://twitter.com/SerginhoMLima/status/1610375789811486720,2023-01-03T20:41:22.000Z,Nem exoneração saiu 🐕,0,0,7,https://twitter.com/nikolas_dm/status/1610047580586577926
Lizi Oliveira Siqueira#ForaLuLa,@LiziOliveiraofc,https://twitter.com/LiziOliveiraofc/status/1610048578088538112,2023-01-02T23:01:08.000Z,Ai a roda é larga kkkkkkkk,0,0,2,https://twitter.com/nikolas_dm/status/1610047580586577926
morrer pelo brasil,@Adelson2807,https://twitter.com/Adelson2807/status/1610101286803804161,2023-01-03T02:30:35.000Z,"Já é feio normal , chorando então!!",0,0,1,https://twitter.com/nikolas_dm/status/1610047580586577926
VULGO CANSADÃO,@wagnernasciimen,https://twitter.com/wagnernasciimen/status/1610107879322800129,2023-01-03T02:56:47.000Z,"Perdeu mane, não amola!",0,0,1,https://twitter.com/nikolas_dm/status/1610047580586577926
Mosca TDAH,@MoscaNaOrelha,https://twitter.com/MoscaNaOrelha/status/1610306191741132801,2023-01-03T16:04:48.000Z,Já tomou hoje? 🍼,0,0,1,https://twitter.com/nikolas_dm/status/1610047580586577926
maju,@ribmjsk,https://twitter.com/ribmjsk/status/1610321407606689794,2023-01-03T17:05:16.000Z,nikolas baixa o gindr e arruma um macho pra vc seu pick me girl,0,0,1,https://twitter.com/nikolas_dm/status/1610047580586577926
Telefone Vermelho,@SodShelanu,https://twitter.com/SodShelanu/status/1610381113884647427,2023-01-03T21:02:31.000Z,"Ainda bem q os comunistas do passado ficaram no passado. Mas, e os conservadores? Nao estao com veegonha de ver bolsonaro chorando, se escondendo, fugindo e chorando mais?",0,0,1,https://twitter.com/nikolas_dm/status/1610047580586577926
☭ DIVINA COMÉDIA HUMANA ☭,@SolBarros2,https://twitter.com/SolBarros2/status/1610387980341940224,2023-01-03T21:29:48.000Z,Postagem denunciada. Falta de respeito e de empatia. Depressão é uma doença muito séria e a pessoa merece respeito.,1,0,1,https://twitter.com/nikolas_dm/status/1610047580586577926
ROBÔ DO ITALO MARSILI,@_F10Thiago,https://twitter.com/_F10Thiago/status/1610048578843717632,2023-01-02T23:01:09.000Z,"Mãe, chorei na posse do Lula.",1,1,34,https://twitter.com/nikolas_dm/status/1610047580586577926
Rodrigo de Oliveira Freire,@Rodrigo_Oliv22,https://twitter.com/Rodrigo_Oliv22/status/1610120586004500480,2023-01-03T03:47:16.000Z,"Isso , na minha terra se chama viadagem🙃🙃🙃🙃🙃",0,0,1,https://twitter.com/nikolas_dm/status/1610047580586577926
Renata Cristina,@RenataC07392226,https://twitter.com/RenataC07392226/status/1610067673337200643,2023-01-03T00:17:01.000Z,Que bosta é essa kkkk,0,0,0,https://twitter.com/nikolas_dm/status/1610047580586577926
Magno Oliveira 22,@oliveira38B,https://twitter.com/oliveira38B/status/1610071048283627523,2023-01-03T00:30:26.000Z,🥰🥰,0,0,0,https://twitter.com/nikolas_dm/status/1610047580586577926
Safira Mazzoni,@MazzoniSafira,https://twitter.com/MazzoniSafira/status/1610055807172763649,2023-01-02T23:29:52.000Z,Esperar o que desse povo ????,0,0,0,https://twitter.com/nikolas_dm/status/1610047580586577926
Josanah,@Joxxhh,https://twitter.com/Joxxhh/status/1610049845603045378,2023-01-02T23:06:11.000Z,Tudo lunatico… 🤮🤮,0,0,0,https://twitter.com/nikolas_dm/status/1610047580586577926
Fabio,@FabinhoCBatista,https://twitter.com/FabinhoCBatista/status/1610053195312644097,2023-01-02T23:19:29.000Z,Sola não BB,0,0,0,https://twitter.com/nikolas_dm/status/1610047580586577926
The Flash,@TheFlas81087973,https://twitter.com/TheFlas81087973/status/1610077053885337600,2023-01-03T00:54:18.000Z,Nuttelaço!!!!🤣🤣🤣🤣,0,0,0,https://twitter.com/nikolas_dm/status/1610047580586577926
Reinaldo,@Reinaldo_pld,https://twitter.com/Reinaldo_pld/status/1610092809305874433,2023-01-03T01:56:54.000Z,Já teriam dado um corretivo nele.kkk,0,0,0,https://twitter.com/nikolas_dm/status/1610047580586577926
Axl Cristian,@AxlCristianF,https://twitter.com/AxlCristianF/status/1610073919364513795,2023-01-03T00:41:50.000Z,Kkkkkk 🤣😅,0,0,0,https://twitter.com/nikolas_dm/status/1610047580586577926
// Sâmi Rosa //,@520Sami,https://twitter.com/520Sami/status/1610088383899992070,2023-01-03T01:39:19.000Z,até os likes do Nikolas estão sumindo hahahahhahaha,0,0,0,https://twitter.com/nikolas_dm/status/1610047580586577926
butcher,@CrynatorV,https://twitter.com/CrynatorV/status/1610404780035264516,2023-01-03T22:36:34.000Z,E perderam kkkkkkkkkkkkkkkkkkkkkkkkkkkkkkkkkkkkkkkkkkkkkkkkkkkkkkkkkkkk,0,0,0,https://twitter.com/nikolas_dm/status/1610047580586577926
BlackBox,@BlackBoxEther,https://twitter.com/BlackBoxEther/status/1610460622323585024,2023-01-04T02:18:27.000Z,"Jesus tem vergonha de vc, meu caro. Ponto.",0,0,0,https://twitter.com/nikolas_dm/status/1610047580586577926
José Everson 09,@JosEverson091,https://twitter.com/JosEverson091/status/1611476231714902016,2023-01-06T21:34:08.000Z,🤣🤣🤣🤣,0,0,0,https://twitter.com/nikolas_dm/status/1610047580586577926
Antonio,@antoniodsgn,https://twitter.com/antoniodsgn/status/1610049737381613568,2023-01-02T23:05:45.000Z,Fusão de quibe com coxinha…,0,0,1,https://twitter.com/nikolas_dm/status/1610047580586577926
Tiago censurado.,@TiagoCensurado,https://twitter.com/TiagoCensurado/status/1610052054474424322,2023-01-02T23:14:57.000Z,Provavelmente comunas do passado fuzilariam os do futuro.,0,0,1,https://twitter.com/nikolas_dm/status/1610047580586577926
PEQUEÑO,@MnicaChristina5,https://twitter.com/MnicaChristina5/status/1611874168764612611,2023-01-07T23:55:23.000Z,Ñ sei como esse cara ñ desidatrou  de tanto chorar...Eita gota é lágrima pra cacete.😂🤣😂🤣,0,0,0,https://twitter.com/nikolas_dm/status/1610047580586577926
mr. Lexotan 6mg garoto luizpaulin,@LupaLP_2004,https://twitter.com/LupaLP_2004/status/1612483019834789888,2023-01-09T16:14:45.000Z,Se eh bem soja hein kkkkk,0,0,0,https://twitter.com/nikolas_dm/status/1610047580586577926
Marília Ribeiro,@Mariliaribeir00,https://twitter.com/Mariliaribeir00/status/1610065801985552384,2023-01-03T00:09:35.000Z,"Perdeu, aceita",2,0,1,https://twitter.com/nikolas_dm/status/1610047580586577926
Ken da shopee,@leandro_lipa,https://twitter.com/leandro_lipa/status/1610063523136110595,2023-01-03T00:00:32.000Z,Para de mimimi nikolas 🤣🤣,1,0,0,https://twitter.com/nikolas_dm/status/1610047580586577926
Katia Wakita,@katiawakita_adv,https://twitter.com/katiawakita_adv/status/1610239448343617538,2023-01-03T11:39:35.000Z,Tava cansado de ter que trabalhar pra conseguir pagar conta.,0,0,0,https://twitter.com/nikolas_dm/status/1610047580586577926
Leopoldo Bittencourt,@LeopoldoBitten2,https://twitter.com/LeopoldoBitten2/status/1610050132782858240,2023-01-02T23:07:19.000Z,Jamamouumarolahoje ?,0,0,0,https://twitter.com/nikolas_dm/status/1610047580586577926
André (Rambo.Empresario),@AndreDireitaCon,https://twitter.com/AndreDireitaCon/status/1610062226693722121,2023-01-02T23:55:23.000Z,Tchê teria fuzilado esse na hora kkkkkkkkkkk,0,0,0,https://twitter.com/nikolas_dm/status/1610047580586577926
Mané Brasileira,@Gne568599112,https://twitter.com/Gne568599112/status/1610050179385753607,2023-01-02T23:07:30.000Z,"Maldito o homem que deposita no homem as suas esperanças. Tolo.

Mas....
Pq será q ele chorou? Será q perdeu alguma mamata e foi forçado a trabalhar???",0,0,0,https://twitter.com/nikolas_dm/status/1610047580586577926
Plácido Mello,@placidomello_,https://twitter.com/placidomello_/status/1610051742867013633,2023-01-02T23:13:43.000Z,CUmunista,0,0,0,https://twitter.com/nikolas_dm/status/1610047580586577926
érika,@_iamkah,https://twitter.com/_iamkah/status/1610119078219288576,2023-01-03T03:41:17.000Z,Tu passa vergonha aqui todo dia e não se manca,0,0,0,https://twitter.com/nikolas_dm/status/1610047580586577926
Corinthiano gostoso,@erickavln,https://twitter.com/erickavln/status/1610222023422230531,2023-01-03T10:30:21.000Z,"VOCÊS VIRAM A AGENDA DO LULA HOJE? ELE VAI FAZER ALGO QUE O PRESIDENTE NÃO DEVE FAZER, QUE É TRABALHAR! VAMOS PEDIR O IMPEACHMENT, ELE NÃO PODE SIMPLESMENTE IR TRABALHAR AO INVÉS DE IR ANDAR DE JET SKI! FORA LULA!",0,0,0,https://twitter.com/nikolas_dm/status/1610047580586577926
Mestre Bulliw,@Prof_CleberAire,https://twitter.com/Prof_CleberAire/status/1610114010619199488,2023-01-03T03:21:09.000Z,A Nikolete está revoltada pq o dono dele esqueceu de levar ele pra Disney rsrs,1,0,2,https://twitter.com/nikolas_dm/status/1610047580586577926
Davi,@davi_roseno,https://twitter.com/davi_roseno/status/1610107259542978560,2023-01-03T02:54:19.000Z,"Sim, os do passado já teriam te colocado de cabeça pra baixo em praça pública",0,0,0,https://twitter.com/nikolas_dm/status/1610047580586577926
José,@joseguimaraes23,https://twitter.com/joseguimaraes23/status/1610082163927441408,2023-01-03T01:14:36.000Z,🤣🤣🤣🤣🤣🤣🤣🤣🤣🤣🤣🤣🤣🤣🤣🤣🤣🤣🤣🤣🤣🤣🤣🤣🤣,0,0,0,https://twitter.com/nikolas_dm/status/1610047580586577926
Sambroxa☭,@bathornyman,https://twitter.com/bathornyman/status/1611528909513785344,2023-01-07T01:03:27.000Z,@pegabots é bot?,1,0,0,https://twitter.com/nikolas_dm/status/1610047580586577926
Carlos Soares,@CarlosS12537336,https://twitter.com/CarlosS12537336/status/1610392709977481219,2023-01-03T21:48:36.000Z,#COVARDE,0,0,1,https://twitter.com/nikolas_dm/status/1610047580586577926
Ellen,@hereelena1,https://twitter.com/hereelena1/status/1610047952147316738,2023-01-02T22:58:39.000Z,puts kkkkkkkkkkk q coisa feia! imagem horrosa,1,0,7,https://twitter.com/nikolas_dm/status/1610047580586577926
Marcelo,@BregolaMarcelo,https://twitter.com/BregolaMarcelo/status/1610051766686547968,2023-01-02T23:13:49.000Z,Esse aí é como o sol das 8: Parece que não mas queima.,0,0,16,https://twitter.com/nikolas_dm/status/1610047580586577926
pacyyy,@Artur9115,https://twitter.com/Artur9115/status/1610060067440566272,2023-01-02T23:46:48.000Z,KKKKKKKK,2,0,3,https://twitter.com/nikolas_dm/status/1610047580586577926
Edinho Fernandes,@EdinhoFernand16,https://twitter.com/EdinhoFernand16/status/1610118658142994432,2023-01-03T03:39:37.000Z,O idiota fala de comunismo sem ter a menor noção do que seja o comunismo... direitinha traça que nunca nem chegou perto do livro Capital.. porque tem medo. O mais perto que o Brasil ja chegou do comunismo foi jogando futebol contra a União Soviética!! Tonto,1,0,3,https://twitter.com/nikolas_dm/status/1610047580586577926
Stryker|,@apaga1_,https://twitter.com/apaga1_/status/1610283266321387523,2023-01-03T14:33:42.000Z,COMO Q COLOCARAM O NIKOLAS FERREIRA NA TML MALUCO,1,0,0,https://twitter.com/nikolas_dm/status/1610047580586577926
sendo como posso,@anhagao,https://twitter.com/anhagao/status/1610141599966584832,2023-01-03T05:10:47.000Z,"Elegem um deputado que se tirar Lula e comunismo/esquerda da pauta não tem nada a oferecer para o país... é de lascar mesmo. Quais são suas propostas para o povo brasileiro, deputado?",1,0,1,https://twitter.com/nikolas_dm/status/1610047580586577926
Radja R.,@Rada_Rodrigues,https://twitter.com/Rada_Rodrigues/status/1610052554477694976,2023-01-02T23:16:56.000Z,Trabalhar que é bom nada?! Cadê o povo que votou nesse pirralho comentarista! O pq dele ser eleito não tô vendo ainda.,0,0,2,https://twitter.com/nikolas_dm/status/1610047580586577926
Hamilton Ribeiro,@Hamilto28595666,https://twitter.com/Hamilto28595666/status/1610052321169518594,2023-01-02T23:16:01.000Z,Bolsonaro só fica chorando pra todo lado.,0,0,0,https://twitter.com/nikolas_dm/status/1610047580586577926
Marcos Monteiro,@marcosmc81,https://twitter.com/marcosmc81/status/1610056469642100737,2023-01-02T23:32:30.000Z,"Poderia esclarecer o que esse twitter contribuí para um Brasil melhor? Quais as suas propostas, quais projetos vc já elaborou pra apresentar já na primeira oportunidade?",0,0,0,https://twitter.com/nikolas_dm/status/1610047580586577926
Carol,@A_carolB,https://twitter.com/A_carolB/status/1610069759516905472,2023-01-03T00:25:18.000Z,😂😂😂😂😂 ele quer passar essa vergonha no débito ou no crédito?,0,0,0,https://twitter.com/nikolas_dm/status/1610047580586577926
Derlan Guilherme.xch,@DerlanGuilherm,https://twitter.com/DerlanGuilherm/status/1610072747102638080,2023-01-03T00:37:11.000Z,Cara de quem não sabe oque e rotina de trabalhador,0,0,0,https://twitter.com/nikolas_dm/status/1610047580586577926
Roger Eduardo,@Rogerclima1,https://twitter.com/Rogerclima1/status/1610074751384408066,2023-01-03T00:45:09.000Z,"Da mesma forma que Jesus tem vergonha de falsos crentes como você. Fica em paz, ajuda o próximo sem olhar a quem.",0,0,0,https://twitter.com/nikolas_dm/status/1610047580586577926
Nataly Camillo,@_natalycamillo,https://twitter.com/_natalycamillo/status/1610076007209525250,2023-01-03T00:50:08.000Z,Essa turma que posta foto chorando quer confete ou é só psicopatia mesmo?,0,0,0,https://twitter.com/nikolas_dm/status/1610047580586577926
Leonardo Pimenta,@leoppima,https://twitter.com/leoppima/status/1610077940427128834,2023-01-03T00:57:49.000Z,caraio quem é esse maricones?,0,0,0,https://twitter.com/nikolas_dm/status/1610047580586577926
Estou Sem Picanha,@Sem_Picanha,https://twitter.com/Sem_Picanha/status/1610104986016403456,2023-01-03T02:45:17.000Z,Consolo nele 😂😂😂,0,0,0,https://twitter.com/nikolas_dm/status/1610047580586577926
haru★,@haruzinhl,https://twitter.com/haruzinhl/status/1610113626416857089,2023-01-03T03:19:37.000Z,Oi linda seus pronomes sao ela/dela mesmo né??? Descobri que você ama chupar uma,0,0,0,https://twitter.com/nikolas_dm/status/1610047580586577926
Jefferson Settin,@Settin,https://twitter.com/Settin/status/1610117904485462019,2023-01-03T03:36:37.000Z,Não há comunismo no Brasil. Não viaja! Aproveita que está de volta com tua conta e posta alguma coisa que se aproveite. Honra quem te elegeu.,0,0,0,https://twitter.com/nikolas_dm/status/1610047580586577926
vivência Rj,@VivenciaRj,https://twitter.com/VivenciaRj/status/1610196935150804994,2023-01-03T08:50:40.000Z,Isso tenho q concordar com vc,0,0,0,https://twitter.com/nikolas_dm/status/1610047580586577926
Luciana Teixeira,@Luciana87257849,https://twitter.com/Luciana87257849/status/1610241196185493505,2023-01-03T11:46:32.000Z,Kkkk...fio! Já paga um plano melhor que sua depressão vai piorar muito 😂🤡,0,0,0,https://twitter.com/nikolas_dm/status/1610047580586577926
Ivo Felipe,@Ivo19899,https://twitter.com/Ivo19899/status/1610278616495013889,2023-01-03T14:15:14.000Z,O @KimKataguiri esta te procurando. Responde ele. Kkkkkkkkkkkkkk,0,0,0,https://twitter.com/nikolas_dm/status/1610047580586577926
Jagunceiro,@jagunceiro,https://twitter.com/jagunceiro/status/1610281368017043460,2023-01-03T14:26:10.000Z,Não vejo diferença nenhuma desse cara pra vc e o meu tio que choram pelo mitu...,0,0,0,https://twitter.com/nikolas_dm/status/1610047580586577926
𝔦𝔤𝔬𝔯 𝔡 𝔰𝔦𝔩𝔳𝔞,@iguimionir,https://twitter.com/iguimionir/status/1610281413227565058,2023-01-03T14:26:21.000Z,"Você chorou pra todo mundo ver quando cancelaram seu Twitter, os conservadores antigos teriam vergonha de você mlk kkkkkkk",0,0,0,https://twitter.com/nikolas_dm/status/1610047580586577926
A cobra,@espertezacerta,https://twitter.com/espertezacerta/status/1610285105985077248,2023-01-03T14:41:01.000Z,Chorar lava a alma! Também chorei! Antes e depois! MAS DEPOIS FOI EXTRAORDINÁRIO! ❤️❤️❤️,0,0,0,https://twitter.com/nikolas_dm/status/1610047580586577926
PerguntasproJair,@PerguntasproJ,https://twitter.com/PerguntasproJ/status/1610395430168272897,2023-01-03T21:59:24.000Z,Sério? Direitistas do passado é que teriam vergonha dos de hoje rs,0,0,0,https://twitter.com/nikolas_dm/status/1610047580586577926
Cristiane Oliveira,@GirlCristiane,https://twitter.com/GirlCristiane/status/1610396184174264320,2023-01-03T22:02:24.000Z,Impressionante como alguém vota  nessa criatura.,0,0,0,https://twitter.com/nikolas_dm/status/1610047580586577926
Paco Menchon,@paccomenchon,https://twitter.com/paccomenchon/status/1610399813073358848,2023-01-03T22:16:49.000Z,"Projeto de governo nada né querido, vai trabalhar ou viver de polêmica...",0,0,0,https://twitter.com/nikolas_dm/status/1610047580586577926
SEU VICENTE,@seuvicente1,https://twitter.com/seuvicente1/status/1610098899020308482,2023-01-03T02:21:06.000Z,"Ô coisinha, tu ainda não falou nada da vacinação do Bozo. Mas rapaz, ele incentivou o povo a não se vacinar e foi um dos primeiros??!?? Como é que se chama isso??",1,1,64,https://twitter.com/nikolas_dm/status/1610047580586577926
Patricia,@PtrcGrnr,https://twitter.com/PtrcGrnr/status/1610049882248585221,2023-01-02T23:06:19.000Z,Tivemos q aguentar a petezada por 14 anos e os comunas chorando por 4 aninhos… bozo é muito malvadeza… kkkkk,0,0,4,https://twitter.com/nikolas_dm/status/1610047580586577926
tendeu veinho,@camiulamoreira,https://twitter.com/camiulamoreira/status/1610060655863668745,2023-01-02T23:49:08.000Z,é impressionante como tu ta com vontade de pika e nao ta sabendo pedir,0,0,2,https://twitter.com/nikolas_dm/status/1610047580586577926
gal,@leftslvt,https://twitter.com/leftslvt/status/1610072419129036800,2023-01-03T00:35:53.000Z,n pode chorar eh chupetinha,1,0,0,https://twitter.com/nikolas_dm/status/1610047580586577926
PTfóbico,@PTfobia_,https://twitter.com/PTfobia_/status/1610073739932082177,2023-01-03T00:41:07.000Z,"Comunistas bolcheviques: fazendo uma revolução armada e quem fosse contra era bala
Comunista Pedrinho Carvalho: olha eu chorando gente 😭",0,0,1,https://twitter.com/nikolas_dm/status/1610047580586577926
Elrond,@Elmanchips,https://twitter.com/Elmanchips/status/1610244198745227265,2023-01-03T11:58:28.000Z,"Só faltou lançar um: ""tive até que trabalhar, que coisa horrível...""",0,0,0,https://twitter.com/nikolas_dm/status/1610047580586577926
Simon,@Vulture0101,https://twitter.com/Vulture0101/status/1610051022910619648,2023-01-02T23:10:51.000Z,"Na verdade a imagem demonstra a evolução humana, coisa que certamente não lhe ocorreu. Primeiro pela óbvia demonstração de incapacidade intelectual, baixo caráter e discernimento. Segundo, por você ainda não ter largado a ""mamadeira"" 😉",0,0,0,https://twitter.com/nikolas_dm/status/1610047580586577926
Canal do BiTuK,@canaldobituk,https://twitter.com/canaldobituk/status/1610082217446760449,2023-01-03T01:14:49.000Z,kkkkkkkkkkkkkkkkkkkkkkkkkkkk....imagina o fanatismo politico desse cara.,0,0,0,https://twitter.com/nikolas_dm/status/1610047580586577926
Andre Messias,@Fe1Andre,https://twitter.com/Fe1Andre/status/1610107958641455104,2023-01-03T02:57:06.000Z,Você.,0,0,0,https://twitter.com/nikolas_dm/status/1610047580586577926
De saco cheio!,@brasiljadeuruim,https://twitter.com/brasiljadeuruim/status/1610055243114348544,2023-01-02T23:27:37.000Z,Kkkkkkk. Que l1x0,0,0,0,https://twitter.com/nikolas_dm/status/1610047580586577926
Bael,@Baelbarros,https://twitter.com/Baelbarros/status/1610061627566755841,2023-01-02T23:53:00.000Z,#DesmonetizaJovemPan,0,0,0,https://twitter.com/nikolas_dm/status/1610047580586577926
Bruna,@MugiwaraWizard,https://twitter.com/MugiwaraWizard/status/1610062510467555336,2023-01-02T23:56:30.000Z,Vai trabalhar! seu dever agora é servir ao povo. Cria vergonha,0,0,0,https://twitter.com/nikolas_dm/status/1610047580586577926
,@Jhennypher3i3,https://twitter.com/Jhennypher3i3/status/1610071753124085760,2023-01-03T00:33:14.000Z,"Vai trabalhar seu criançao! Vai estudar… sei lá, fazer algo de útil na tua vida.",0,0,0,https://twitter.com/nikolas_dm/status/1610047580586577926
FazueLen .......,@DeniseHaroldo,https://twitter.com/DeniseHaroldo/status/1610082326058500098,2023-01-03T01:15:15.000Z,"O @nikolas_dm está de férias!! Tomou o Twitter pra si,ele tudo para falar mal do novo governo!! Não trabalha??...",0,0,0,https://twitter.com/nikolas_dm/status/1610047580586577926
