nome,usuario,idTweet,dataPublicacao,texto,replies,retweets,likes,tweetPai
Alex Silva,@prof_alexsilva,https://twitter.com/prof_alexsilva/status/1610310592778174465,2023-01-03T16:22:18.000Z,Vamos ver se esse PDL vai para frente…,1,1,18,https://twitter.com/DepSanderson/status/1610282721091223553
Cicero Peixoto,@CiceroPeixoto6,https://twitter.com/CiceroPeixoto6/status/1610294309814763521,2023-01-03T15:17:35.000Z,"Se o Congresso Nacional não se impor, então é hora de cair fora do país.",0,0,0,https://twitter.com/DepSanderson/status/1610282721091223553
Ricardo K,@ricardokenji1,https://twitter.com/ricardokenji1/status/1610384694817832963,2023-01-03T21:16:45.000Z,Parabéns deputado 👏👏👏,0,0,0,https://twitter.com/DepSanderson/status/1610282721091223553
Marcia Ferreira,@MarciaF76442374,https://twitter.com/MarciaF76442374/status/1610475465042726918,2023-01-04T03:17:26.000Z,Deveria ter vergonha na cara e pensar em usar seu mandato pra apresentar propostas que sejam benéficas pro país e não pra atender aos bandidos que querem continuar ganhando com a liberdade de comprar armas,9,0,1,https://twitter.com/DepSanderson/status/1610282721091223553
Don Juan do Século XXI,@Wbarcellos1704,https://twitter.com/Wbarcellos1704/status/1610291550281687041,2023-01-03T15:06:38.000Z,"@DepSanderson enquanto lutamos aqui fora, precisamos de representantes do povo como o sr. deputado lutando ai dentro pelo povo.
Juntos somos mais fortes.😎🇧🇷",1,0,7,https://twitter.com/DepSanderson/status/1610282721091223553
Elvio,@ElvioLF,https://twitter.com/ElvioLF/status/1610387420909821954,2023-01-03T21:27:35.000Z,Isso aí e se precisar de nós na rua pode chamar que o povo atende!,0,1,4,https://twitter.com/DepSanderson/status/1610282721091223553
maria odila segantin,@modilasegantin,https://twitter.com/modilasegantin/status/1610284899117711367,2023-01-03T14:40:12.000Z,Mas os senhores não estão em férias ?,2,0,1,https://twitter.com/DepSanderson/status/1610282721091223553
cristiane,@cristia51069491,https://twitter.com/cristia51069491/status/1610291975244361731,2023-01-03T15:08:19.000Z,Será que o stf vai ser a favor de vcs ou do outro lado? Será que vai permitir vcs lesgislarem?,1,3,23,https://twitter.com/DepSanderson/status/1610282721091223553
Monica Machado,@MonicaMachado38,https://twitter.com/MonicaMachado38/status/1610386746952278016,2023-01-03T21:24:54.000Z,"Deputado, ok que fez isso, porém necessário fazer uma lei com o mesmo teor dos decretos derrubados",1,5,33,https://twitter.com/DepSanderson/status/1610282721091223553
Jessica Seferin,@JessicaSeferin,https://twitter.com/JessicaSeferin/status/1610342045847011328,2023-01-03T18:27:17.000Z,Parabéns deputado,0,0,19,https://twitter.com/DepSanderson/status/1610282721091223553
Edy@ndrade,Edy@ndrade,https://twitter.com/EDMUNDOANDRAD20/status/1610481608955494400,2023-01-04T03:41:51.000Z,Isso sim o que deveria ser feito era derrubar de vês o estatuto do desarmamento,0,0,0,https://twitter.com/DepSanderson/status/1610282721091223553
Franklin Cardoso®,@FranklinKardoso,https://twitter.com/FranklinKardoso/status/1610618710636511233,2023-01-04T12:46:39.000Z,PARABÉNS!,0,0,0,https://twitter.com/DepSanderson/status/1610282721091223553
Leandro,@Leandro7point,https://twitter.com/Leandro7point/status/1610625715069665281,2023-01-04T13:14:29.000Z,"Parabéns, precisaremos de armas, os bandidos são muitos.",0,0,0,https://twitter.com/DepSanderson/status/1610282721091223553
LuCris,@OlhaS38061018,https://twitter.com/OlhaS38061018/status/1610463855309737986,2023-01-04T02:31:18.000Z,👏🏼👏🏼👏🏼,0,0,0,https://twitter.com/DepSanderson/status/1610282721091223553
Eder Batista,@EderBatistaEB,https://twitter.com/EderBatistaEB/status/1610629098488872960,2023-01-04T13:27:55.000Z,Isso aí. Jogue pesado contra os atos revanchista desses assaltantes do poder.,0,1,0,https://twitter.com/DepSanderson/status/1610282721091223553
cleuza rosa dos santos,@cleuzarosadoss6,https://twitter.com/cleuzarosadoss6/status/1610591021691273218,2023-01-04T10:56:37.000Z,"Isso mesmo deputado,pra cima deles 👏👏👏",0,0,1,https://twitter.com/DepSanderson/status/1610282721091223553
Francisco Nogueira,@FcoNogBarros,https://twitter.com/FcoNogBarros/status/1610431549500948482,2023-01-04T00:22:56.000Z,Parabéns. Não podem ter paz na justiça. A base é forte.,0,0,1,https://twitter.com/DepSanderson/status/1610282721091223553
Claumari.,@Claud565637,https://twitter.com/Claud565637/status/1610692364129165312,2023-01-04T17:39:19.000Z,Nossa é comercio tb.,0,0,1,https://twitter.com/DepSanderson/status/1610282721091223553
Hélio Mariz,@heliomariz,https://twitter.com/heliomariz/status/1610364635110162433,2023-01-03T19:57:02.000Z,"Tem que judicializar, usar as mesmas armas que fizeram durante todo mandato do Bolsonaro.",2,1,6,https://twitter.com/DepSanderson/status/1610282721091223553
Alan Yuri,@Pato_Mandarim,https://twitter.com/Pato_Mandarim/status/1610357881152364547,2023-01-03T19:30:12.000Z,Kkkkkkk,0,0,1,https://twitter.com/DepSanderson/status/1610282721091223553
Andrea Torres,@AndreaTYMV,https://twitter.com/AndreaTYMV/status/1610421322344955905,2023-01-03T23:42:18.000Z,"Parabéns deputado! 

Faça o que tem que ser feito! Como disse a dra Fabiana, um atrás do outro.",0,0,1,https://twitter.com/DepSanderson/status/1610282721091223553
Edjardes Santos,@edjardessantos,https://twitter.com/edjardessantos/status/1610682857931902994,2023-01-04T17:01:33.000Z,Tomara que seja aprovado logo.,0,1,0,https://twitter.com/DepSanderson/status/1610282721091223553
Frajolla,@Frajolla5,https://twitter.com/Frajolla5/status/1610315111792627713,2023-01-03T16:40:15.000Z,Parabéns !!! Faça essa campanha emplacar !!!!,0,0,12,https://twitter.com/DepSanderson/status/1610282721091223553
Felipe Saldanha,@Saldanha_BrasiI,https://twitter.com/Saldanha_BrasiI/status/1610370979796058112,2023-01-03T20:22:15.000Z,@DepSanderson você poderia disponibilizar o documento na íntegra?,4,2,22,https://twitter.com/DepSanderson/status/1610282721091223553
RoGazola,@rosanagazola,https://twitter.com/rosanagazola/status/1610293910286307333,2023-01-03T15:16:00.000Z,Parabéns pela iniciativa!,0,1,16,https://twitter.com/DepSanderson/status/1610282721091223553
Heber Gomes Nogueira,@HeberGomesNogu1,https://twitter.com/HeberGomesNogu1/status/1610360507948568579,2023-01-03T19:40:38.000Z,Vai ter que recadastrar as armas. Ta com medo ?,0,0,1,https://twitter.com/DepSanderson/status/1610282721091223553
direitabrasil.app.br,@Direita_BR_App,https://twitter.com/Direita_BR_App/status/1610306601784582145,2023-01-03T16:06:26.000Z,Aguardamos a tramitação em regime de urgencia!,0,0,1,https://twitter.com/DepSanderson/status/1610282721091223553
Olavão da Razão,@leticia_mago,https://twitter.com/leticia_mago/status/1610301732231208960,2023-01-03T15:47:05.000Z,"Boa, deputado!👏👏👏Mas não diria que foi revanchismo não, foi uma troca de favores aos traficantes. Esse governo tem e sempre teve ligações com o PCC.",0,1,6,https://twitter.com/DepSanderson/status/1610282721091223553
Cadê o dinheiro que estava aqui?,@DennisonSiquei1,https://twitter.com/DennisonSiquei1/status/1610407985343352836,2023-01-03T22:49:18.000Z,"A Câmara do Lira, aquele que o Lula sussurrou que jamais ganharia essa eleição? Sei……",0,0,0,https://twitter.com/DepSanderson/status/1610282721091223553
Cláudia,@ClauCarabaRs,https://twitter.com/ClauCarabaRs/status/1610378249414008833,2023-01-03T20:51:08.000Z,"Trabalhem congressistas, pois são vocês que podem impedir a instalação da ditadura!",0,0,0,https://twitter.com/DepSanderson/status/1610282721091223553
Liberdade,@sou_Demetrius,https://twitter.com/sou_Demetrius/status/1610384660713840641,2023-01-03T21:16:37.000Z,"Parece que alguém começou a trabalhar na ""casa do povo""... vamos ver se isso anda, e se andar, vamos ver como será a tabelinha entre o ditador (Lula) e o seu escritório jurídico (STF) pra tratorar a reação da Câmara. 

Loading...",0,0,0,https://twitter.com/DepSanderson/status/1610282721091223553
Guilherme Eça (com cedilha),@eca_guilherme,https://twitter.com/eca_guilherme/status/1610421495712415745,2023-01-03T23:42:59.000Z,E o Xandy já deu a canetada derrubando?,0,0,0,https://twitter.com/DepSanderson/status/1610282721091223553
Allan Alves,@allanalvesbra,https://twitter.com/allanalvesbra/status/1610351414785572864,2023-01-03T19:04:30.000Z,"Parabéns, é isso aí!",0,0,0,https://twitter.com/DepSanderson/status/1610282721091223553
Duras Verdades,@PROFMONTEIROll,https://twitter.com/PROFMONTEIROll/status/1610412145241657344,2023-01-03T23:05:50.000Z,Essa galera tem noção de quantos empregados podem perder emprego?,0,0,0,https://twitter.com/DepSanderson/status/1610282721091223553
Wagner∴Luchetti,@luchetti_wagner,https://twitter.com/luchetti_wagner/status/1610457028878823425,2023-01-04T02:04:11.000Z,Vocês já não sustam nem gato no telhado.,0,0,0,https://twitter.com/DepSanderson/status/1610282721091223553
Luiz Alfredo,@LuizAlf82390429,https://twitter.com/LuizAlf82390429/status/1610432617844809730,2023-01-04T00:27:11.000Z,"Parabéns deputado. É direito do cidadão poder escolher se quer ou não ter uma arma para se defender. Para quem não quer, é só não comprar, é a democracia.",0,0,0,https://twitter.com/DepSanderson/status/1610282721091223553
ℰℛ ℂᗅՏͲⅈℒℍՏ,@castilhos_ero,https://twitter.com/castilhos_ero/status/1610424911276773377,2023-01-03T23:56:33.000Z,"Sem trégua 👏 para estes abusos e revanchismo contra o povo, uma oposição realmente forte e tomando ações de verdade, e não só discursos , terá todo o apoio do povo.",0,0,0,https://twitter.com/DepSanderson/status/1610282721091223553
Sueli Rizzi,@SueliRizzi3,https://twitter.com/SueliRizzi3/status/1610386934378921986,2023-01-03T21:25:39.000Z,Parabéns 🙌🏻🇧🇷,0,0,0,https://twitter.com/DepSanderson/status/1610282721091223553
Claudia Martins,@VintageStudio72,https://twitter.com/VintageStudio72/status/1610515593458753536,2023-01-04T05:56:54.000Z,Não sabia que vcs poderiam fazer algo mesmo estando de férias.,0,0,0,https://twitter.com/DepSanderson/status/1610282721091223553
Eduardo,@EduardoMinari,https://twitter.com/EduardoMinari/status/1610762554229329937,2023-01-04T22:18:14.000Z,"Vamos até o fim. Ganhem uma batalha, prove que o congresso não está fechado. Quero acreditar!",0,0,0,https://twitter.com/DepSanderson/status/1610282721091223553
Buccaneer,@FarahReynaldo,https://twitter.com/FarahReynaldo/status/1610652521151840263,2023-01-04T15:01:00.000Z,Parabéns! Alguém está lutando.,0,0,0,https://twitter.com/DepSanderson/status/1610282721091223553
Solange Sales da Silva,@solange42523905,https://twitter.com/solange42523905/status/1610698597938380800,2023-01-04T18:04:05.000Z,"Parabéns Deputado, estamos precisando de homens como o senhor, para pedir essas revogações desses decretos absurdos que o Nine esta fazendo....",0,0,0,https://twitter.com/DepSanderson/status/1610282721091223553
Andre & Paty,@DreePaty,https://twitter.com/DreePaty/status/1610575214563266560,2023-01-04T09:53:48.000Z,"Parabéns.  Mas cadê o restante da turma? Mas se o STF se meter demais, 142 neles por interferência entre os poderes.",0,0,0,https://twitter.com/DepSanderson/status/1610282721091223553
Elvis Moreira,@ElvisM0reira,https://twitter.com/ElvisM0reira/status/1610655166298193920,2023-01-04T15:11:30.000Z,"Parabéns deputado, não basta só reclamar, tem que agir e é  dessa forma que todos os deputados deveriam fazer. Se organizarem para não deixar o caos se instalar no País.
Parabéns.",0,0,0,https://twitter.com/DepSanderson/status/1610282721091223553
Angela Maria - LIBERDADE -,@angelamdc,https://twitter.com/angelamdc/status/1610466542063427584,2023-01-04T02:41:59.000Z,"Acabei de perguntar sobre os parlamentares. Grata, Sanderson. E quanto as demais medidas autoritárias?",0,0,0,https://twitter.com/DepSanderson/status/1610282721091223553
Flags1996_05,@Flags1996_05,https://twitter.com/Flags1996_05/status/1610395355895447553,2023-01-03T21:59:07.000Z,"Deixa eu tentar entender:

Esse PDL é dentro das ""quatro linhas"" ???

Então, FUDEU !!!!!!!!",0,1,1,https://twitter.com/DepSanderson/status/1610282721091223553
Gustav,@GustavRamski,https://twitter.com/GustavRamski/status/1610417020318932992,2023-01-03T23:25:12.000Z,Vale menos q papel higiênico usado 🥴,0,0,27,https://twitter.com/DepSanderson/status/1610282721091223553
Wilto Barcelos (sigo de volta),@BarcelosWilto,https://twitter.com/BarcelosWilto/status/1610350913310310400,2023-01-03T19:02:31.000Z,"Vocês serão peças que o STF irão mover de acordo que o Xande quiser, e nós pagamos a conta, traduzindo população ferrada!",0,1,3,https://twitter.com/DepSanderson/status/1610282721091223553
Carola RP,@foradamatrix_rp,https://twitter.com/foradamatrix_rp/status/1610347814071967744,2023-01-03T18:50:12.000Z,Serão 4 anos apenas para combater a tirania do molusco. Sem crescimento e sem propostas. Apenas impedindo que o Brasil implora!,0,1,5,https://twitter.com/DepSanderson/status/1610282721091223553
Sidinei Do Lago,@lago_sidinei,https://twitter.com/lago_sidinei/status/1610416902018326530,2023-01-03T23:24:44.000Z,Quando poderá ser apresentado para votação?,1,0,0,https://twitter.com/DepSanderson/status/1610282721091223553
Ronald Silva,@RonaldS70896004,https://twitter.com/RonaldS70896004/status/1610625062209454080,2023-01-04T13:11:53.000Z,"Parabéns deputado!
Mas sejamos realistas...
Só  vai acontecer  se o XANDÃO  quiser...e...ele não  quer.

Desculpe o ceticismo, mas 1 andorinha só não  faz verão. 

KD os outros  deputados e senadores omissos  e/ou vendidos ???",0,0,1,https://twitter.com/DepSanderson/status/1610282721091223553
Guilherme Dos Santos Barbosa Lima,@Guilher80500524,https://twitter.com/Guilher80500524/status/1611155962366230529,2023-01-06T00:21:29.000Z,"@DepSanderson, obrigado pelo apoio aos CACs. Precisaremos do senhor nessa legislatura para trazer segurança jurídica ao setor!",0,0,0,https://twitter.com/DepSanderson/status/1610282721091223553
Iranete Oliveira Pego,@iranete_pego,https://twitter.com/iranete_pego/status/1611003525655416834,2023-01-05T14:15:46.000Z,👏👏👏,0,0,0,https://twitter.com/DepSanderson/status/1610282721091223553
Diego Moita Aikin,@DiegoAikin,https://twitter.com/DiegoAikin/status/1610325759373058048,2023-01-03T17:22:34.000Z,"Veremos a força da dita ""oposição"" agora. Estamos diante da possibilidade de ver se o novo congresso terá vez/voz e atuação.",0,0,7,https://twitter.com/DepSanderson/status/1610282721091223553
Emerson R Fargo,@emersondireito,https://twitter.com/emersondireito/status/1611348112064274434,2023-01-06T13:05:01.000Z,Esqueceu da GT.,0,0,0,https://twitter.com/DepSanderson/status/1610282721091223553
Leandro,@Leandro85929872,https://twitter.com/Leandro85929872/status/1610374806238633985,2023-01-03T20:37:27.000Z,Pelo menos alguém resolveu trabalhar!🙏🙏,1,0,0,https://twitter.com/DepSanderson/status/1610282721091223553
MarcioMelo,@ImagemNet,https://twitter.com/ImagemNet/status/1610393425777500161,2023-01-03T21:51:27.000Z,Querem mudar tudo passando por cima do novo legislativo... porque será...,0,0,1,https://twitter.com/DepSanderson/status/1610282721091223553
Aprestes,@aprestes2,https://twitter.com/aprestes2/status/1610828783812067328,2023-01-05T02:41:24.000Z,Qual a tua posição sobre o PDL @GayerGus,0,0,0,https://twitter.com/DepSanderson/status/1610282721091223553
Rachel,@RaquelAb9,https://twitter.com/RaquelAb9/status/1610672188708868097,2023-01-04T16:19:09.000Z,"Boa iniciativa,  mas sabemos que o 5TF que vai analisar.",0,0,0,https://twitter.com/DepSanderson/status/1610282721091223553
Fran Andrade,@franand65057844,https://twitter.com/franand65057844/status/1610744135283052546,2023-01-04T21:05:02.000Z,O Xerxes ainda não jogou no  lixo?,0,0,0,https://twitter.com/DepSanderson/status/1610282721091223553
Bruno Rodrigues,@bruninhocop,https://twitter.com/bruninhocop/status/1610687544466735105,2023-01-04T17:20:10.000Z,"Ninguém precisa de tantas armas, nenhum cidadão de bem precisa de tantas armas pra se proteger, o que precisa é de polícia na rua e com liberdade pra investigar.",0,0,0,https://twitter.com/DepSanderson/status/1610282721091223553
maxwell brito maia santos,@maxwellbritoma1,https://twitter.com/maxwellbritoma1/status/1610540607507668993,2023-01-04T07:36:17.000Z,Parabéns deputado isso aí 👏😎,0,0,0,https://twitter.com/DepSanderson/status/1610282721091223553
Vinicius Barbalho,@ViniciusBarbal5,https://twitter.com/ViniciusBarbal5/status/1610456252194111488,2023-01-04T02:01:06.000Z,Parabéns deputado,0,0,0,https://twitter.com/DepSanderson/status/1610282721091223553
Leandro Martini,@hdlondrina,https://twitter.com/hdlondrina/status/1610632021952405504,2023-01-04T13:39:32.000Z,"Ótimo, apoiado!",0,0,0,https://twitter.com/DepSanderson/status/1610282721091223553
marcus,@marcus74511005,https://twitter.com/marcus74511005/status/1610634794425008129,2023-01-04T13:50:33.000Z,"vamos kerer
vamos kerer
vamos trabalhar deputado
falar ate papagaio fala",0,0,0,https://twitter.com/DepSanderson/status/1610282721091223553
Andreia Bibrich,@BibrichAndreia,https://twitter.com/BibrichAndreia/status/1610662985512501248,2023-01-04T15:42:35.000Z,Booaaa👊👊👊👏👏👏,0,0,0,https://twitter.com/DepSanderson/status/1610282721091223553
Eduardo Reis,@Edugreiss,https://twitter.com/Edugreiss/status/1610470830881886208,2023-01-04T02:59:01.000Z,E quem julga? O STF???,0,0,0,https://twitter.com/DepSanderson/status/1610282721091223553
José Freire de Santana Santana,@JosFreiredeSan4,https://twitter.com/JosFreiredeSan4/status/1610699218284322819,2023-01-04T18:06:33.000Z,"Bom, muito bom mesmo. Parabéns pela iniciativa Sanderson",0,0,0,https://twitter.com/DepSanderson/status/1610282721091223553
Rosana Santos Balduino,@RosanaSantosBa2,https://twitter.com/RosanaSantosBa2/status/1610664281540022272,2023-01-04T15:47:44.000Z,"Tinha um sonho de ver esse decreto valer para bandidos,assassinos e traficantes , vão desarmar pessoas de bem que não tem direito à defesa e proteção apropriados",0,0,0,https://twitter.com/DepSanderson/status/1610282721091223553
luiz rodrigues,@luizrodrigues6,https://twitter.com/luizrodrigues6/status/1610691320233824265,2023-01-04T17:35:10.000Z,"Vai perder de novo, o povo de bem que é contra gente sem controle mental como a Zambelli andar armado, já venceu",0,0,0,https://twitter.com/DepSanderson/status/1610282721091223553
José tiago Bonifácio fontes,@JostiagoBonifc2,https://twitter.com/JostiagoBonifc2/status/1610358111717543938,2023-01-03T19:31:07.000Z,"Obrigado Deputado, pois com esse decreto ficou muito difícil e arriscado ir até o estande de tiro ou ao Local de caça com uma arma ao menos denunciada, assim ficamos presas fáceis para marginais roubarem nossos arsenais ! Não desista de nós e do Brasil!",1,0,1,https://twitter.com/DepSanderson/status/1610282721091223553
Shelen Pujol,@PujolShelen,https://twitter.com/PujolShelen/status/1610312929915674624,2023-01-03T16:31:35.000Z,Parabéns deputado....vcs precisam criar leis para que não sejam mais cometidos nenhum ataque a liberdade e direito de defesa dos cidadãos de bem!!!!,0,1,22,https://twitter.com/DepSanderson/status/1610282721091223553
Souandro,@souandro,https://twitter.com/souandro/status/1610364020246069249,2023-01-03T19:54:36.000Z,"Excelente deputado, isso que precisamos de vocês. Que nos representem no congresso, ao invés de ficar fazendo postagens ou levantando hashtags em busca de curtida.",0,0,3,https://twitter.com/DepSanderson/status/1610282721091223553
Apenas um Mané!,@RodrigoAranha14,https://twitter.com/RodrigoAranha14/status/1610334800426192896,2023-01-03T17:58:29.000Z,"Espero que tenha êxito, mas, mas o STF está do lado deles, se não tiver pressão de muitos outros, creio que não vai dar certo, bem vindo a DITADURA deputado.",0,1,17,https://twitter.com/DepSanderson/status/1610282721091223553
Formiguinhaz,@Formiguinhaz2,https://twitter.com/Formiguinhaz2/status/1612606648752693252,2023-01-10T00:26:00.000Z,obrigada,0,0,0,https://twitter.com/DepSanderson/status/1610282721091223553
Rübem Pozäs,@RubemPozas,https://twitter.com/RubemPozas/status/1610394500198711301,2023-01-03T21:55:43.000Z,Quem vai julgar? O STF? Klkkkkkkkkkkkkkkkkkk,0,1,4,https://twitter.com/DepSanderson/status/1610282721091223553
Abdilas,@Abdilas171,https://twitter.com/Abdilas171/status/1610395770217275392,2023-01-03T22:00:45.000Z,Onde está disponível seu projeto de lei?,1,0,2,https://twitter.com/DepSanderson/status/1610282721091223553
Cris,@Cris62070270,https://twitter.com/Cris62070270/status/1610303106394333184,2023-01-03T15:52:33.000Z,É preciso combater o bom combate.,0,0,7,https://twitter.com/DepSanderson/status/1610282721091223553
Frederico Tojal Cianni .’.,@CianniFrederico,https://twitter.com/CianniFrederico/status/1611134857165283328,2023-01-05T22:57:38.000Z,Parabéns Deputado !,0,0,0,https://twitter.com/DepSanderson/status/1610282721091223553
Elisabete Nunes Walther,@WaltherNunes,https://twitter.com/WaltherNunes/status/1610792886584369152,2023-01-05T00:18:45.000Z,Deputados e senadores teriam que trabalhar.,0,0,0,https://twitter.com/DepSanderson/status/1610282721091223553
Matheus,@MatheusDicipulo,https://twitter.com/MatheusDicipulo/status/1610298259989270528,2023-01-03T15:33:17.000Z,Isso!,0,0,1,https://twitter.com/DepSanderson/status/1610282721091223553
Julio Neto bus,@juliomarcelinon,https://twitter.com/juliomarcelinon/status/1610291905257947142,2023-01-03T15:08:02.000Z,👏👏👏,0,0,1,https://twitter.com/DepSanderson/status/1610282721091223553
Edilson Eberle Carvalho,@EdilsonEberle,https://twitter.com/EdilsonEberle/status/1610779062162817025,2023-01-04T23:23:49.000Z,Se o STF deixar .....,0,0,0,https://twitter.com/DepSanderson/status/1610282721091223553
Marcel Batissoco,@BATISSOCO,https://twitter.com/BATISSOCO/status/1610356467768430592,2023-01-03T19:24:35.000Z,"Decreto que extrapola a LEI é inconstitucional, parabéns Deputado, nada de férias agora, a esquerda não dorme!!!!",1,6,18,https://twitter.com/DepSanderson/status/1610282721091223553
Ander_son,@Ander_Far,https://twitter.com/Ander_Far/status/1610318602523082753,2023-01-03T16:54:07.000Z,Isso aí... Vamos usar a cabeça e a caneta.,0,0,2,https://twitter.com/DepSanderson/status/1610282721091223553
tia do zap,@AnaCarl27531184,https://twitter.com/AnaCarl27531184/status/1610433086856040448,2023-01-04T00:29:02.000Z,Ajude a salvar a nossa nação @DepSanderson,0,0,1,https://twitter.com/DepSanderson/status/1610282721091223553
Naruto_XT,@lipeosorio22,https://twitter.com/lipeosorio22/status/1610420729627004929,2023-01-03T23:39:56.000Z,"Com todo respeito Sanderson,mas quem manda é o STF.",0,0,6,https://twitter.com/DepSanderson/status/1610282721091223553
Intolerante,@JuciaraLeite3,https://twitter.com/JuciaraLeite3/status/1610814082948497410,2023-01-05T01:42:59.000Z,Vão votar quando esse PL?,0,0,0,https://twitter.com/DepSanderson/status/1610282721091223553
Ricardo,@Ricardo32537673,https://twitter.com/Ricardo32537673/status/1610283636711882753,2023-01-03T14:35:11.000Z,"Parabéns, deputado @DepSanderson . No entanto, a câmara precisa legislar urgentemente sobre isso. Nossas vidas estão em risco visto que as armas reduziram as mortes no país.",0,2,33,https://twitter.com/DepSanderson/status/1610282721091223553
Ricardo Rodrigo,@Ricardo78729845,https://twitter.com/Ricardo78729845/status/1610392609196744706,2023-01-03T21:48:12.000Z,"Parabéns! Finalmente um Deputado tomando uma iniciativa ao invés de ficar lacrando no tweeter.
Já começou a mobilizar nossa base para que seja aprovado?",0,0,7,https://twitter.com/DepSanderson/status/1610282721091223553
Edi&Gi,@EdiGi122328,https://twitter.com/EdiGi122328/status/1610283838193672198,2023-01-03T14:35:59.000Z,"Nobre deputado, persista sempre, trabalhe para que os avanços dos últimos 4 anos não tenham sido em vão. Estamos juntos 🤜🤛",1,1,55,https://twitter.com/DepSanderson/status/1610282721091223553
Dariz Endubido,@Dariz_Endubido,https://twitter.com/Dariz_Endubido/status/1610392046002479104,2023-01-03T21:45:58.000Z,"Tudo “dentro das 4 linhas”
Contra uma ditadura do judiciário
Confia!
Depois que o STF derrubar sem nenhum motivo vão perceber que hoje o congresso é só pra enfeite
Deputados e senadores de direita deveriam estar se organizando para tomar “outras medidas”, bem fora das 4 linhas",0,1,3,https://twitter.com/DepSanderson/status/1610282721091223553
Brasuelano,@Jan47031502,https://twitter.com/Jan47031502/status/1610284174673432578,2023-01-03T14:37:19.000Z,É isso aí que esperamos dos representantes da direita!,0,0,4,https://twitter.com/DepSanderson/status/1610282721091223553
Prof. Adilson Neves,@Adilsonrneves,https://twitter.com/Adilsonrneves/status/1610345363738599424,2023-01-03T18:40:28.000Z,Na antiga república até que daria certo,0,0,7,https://twitter.com/DepSanderson/status/1610282721091223553
Fausto,@atilioreno1974,https://twitter.com/atilioreno1974/status/1610343415115284481,2023-01-03T18:32:43.000Z,Ufa...alguém trabalhando ao menos.,1,0,3,https://twitter.com/DepSanderson/status/1610282721091223553
Junior Cunha,@juniorcfs,https://twitter.com/juniorcfs/status/1610400141135020032,2023-01-03T22:18:08.000Z,"Será que esses deputados e senadores de direita ainda não perceberam que agora molusco e STF que mandam no país, eles não tem força nenhuma contra eles, tudo que essa parceria macabra quiser fazer, será feito.",1,1,1,https://twitter.com/DepSanderson/status/1610282721091223553
Cleâmer Leite,@Cleamer_,https://twitter.com/Cleamer_/status/1610413453923201024,2023-01-03T23:11:02.000Z,"Parabéns deputado. O congresso brasileiro deve lutar para fazer uma lei como: A Segunda Emenda à Constituição dos Estados Unidos protege o direito da população e dos policiais de garantia a legítima defesa, seja por meio de manter ou portar armas ou qualquer equipamento.",0,1,10,https://twitter.com/DepSanderson/status/1610282721091223553
Elon Miranda,@elon_miranda,https://twitter.com/elon_miranda/status/1610297381823692801,2023-01-03T15:29:48.000Z,Esperamos solucoes concretas e definitivas. Nao podemos ficar a mercê de decretos...,0,2,14,https://twitter.com/DepSanderson/status/1610282721091223553
bruxa vingativa,@sandra_bressane,https://twitter.com/sandra_bressane/status/1610575607414366209,2023-01-04T09:55:22.000Z,"Parabéns, precisamos de vcs...estamos em guerra",0,0,1,https://twitter.com/DepSanderson/status/1610282721091223553
Desanalfabeto Funcional,@mmassaretti,https://twitter.com/mmassaretti/status/1610394126347898882,2023-01-03T21:54:14.000Z,@paulobilynskyj1 aprende,0,0,1,https://twitter.com/DepSanderson/status/1610282721091223553
jodesouza,@jodesouza101,https://twitter.com/jodesouza101/status/1610361616603693056,2023-01-03T19:45:03.000Z,"Isso aí @DepSanderson não dá moleza para essa gangue não.
Espero que os Deputados e Senadores façam o seu trabalho.",1,3,5,https://twitter.com/DepSanderson/status/1610282721091223553
Rogério F,@rogerfoga,https://twitter.com/rogerfoga/status/1610658796812267520,2023-01-04T15:25:56.000Z,"Tem o Eduardo, o Polon e mais outro q não lembro fazendo o mesmo.
Reunam-se aí e façam algo mais robusto.",0,0,1,https://twitter.com/DepSanderson/status/1610282721091223553
Solange,@solangegoesmot1,https://twitter.com/solangegoesmot1/status/1610764450696695810,2023-01-04T22:25:46.000Z,Preparem-se para sustar muitos decretos !,0,0,1,https://twitter.com/DepSanderson/status/1610282721091223553
Marcelo,@marcelopmwrp,https://twitter.com/marcelopmwrp/status/1610361986772262913,2023-01-03T19:46:31.000Z,"A intenção é boa, porém o congresso foi fechado e o pstf irá validar tudo.",0,0,1,https://twitter.com/DepSanderson/status/1610282721091223553
Luiz Antonio Santa Ritta,@LuizRitta,https://twitter.com/LuizRitta/status/1610723299671015426,2023-01-04T19:42:15.000Z,Você acredita mesmo que Rodrigo Pacheco vai assinar?,0,0,1,https://twitter.com/DepSanderson/status/1610282721091223553
resistênciacivil,@resistentecivil,https://twitter.com/resistentecivil/status/1610369387487268867,2023-01-03T20:15:55.000Z,Agora tem que contar com o lira? Kkkkk,0,0,1,https://twitter.com/DepSanderson/status/1610282721091223553
Adilson H,@Adils0nH,https://twitter.com/Adils0nH/status/1610471366469222402,2023-01-04T03:01:09.000Z,"Está meio incompleto , quem manja o estatuto de cor e saltiado é o @PollonMarcos  , fale com ele antes de protocolar , ele vai te ajudar a achar os erros ! Isso é inconstitucional ! Ferr o estatuto do desarmamento",0,0,2,https://twitter.com/DepSanderson/status/1610282721091223553
Adenauer,@adenauersampaio,https://twitter.com/adenauersampaio/status/1610444173240328192,2023-01-04T01:13:06.000Z,"Deputado, p/ q não haja maior insegurança jurídica ainda é preciso lembrar q no Brasil não existe repristinação tácita, só expressa. Melhor seria a inclusão de um artigo restabelecendo expressamente a vigência das normas revogadas pelo Decreto 11366/23. Parabéns pela iniciativa!",0,0,0,https://twitter.com/DepSanderson/status/1610282721091223553
Ana Maria Longaray,@AnaLongaray,https://twitter.com/AnaLongaray/status/1610443143513505794,2023-01-04T01:09:00.000Z,Esse plebiscito não está valendo para o molusco ?,0,0,0,https://twitter.com/DepSanderson/status/1610282721091223553
Sir Richard 1960,@Ricardo05799019,https://twitter.com/Ricardo05799019/status/1610438433545003010,2023-01-04T00:50:17.000Z,"Foi um plano maquiavélico mesmo porque bastará nunca regulamentar nada que acaba com as armas no Brasil por inanição. Não há necessidade de confisco, basta sufocar a compra de munição. Isso acaba até com os clubes de tiro!",0,0,0,https://twitter.com/DepSanderson/status/1610282721091223553
Cako Ribeiro,@Cakoribeiro,https://twitter.com/Cakoribeiro/status/1610441294916075521,2023-01-04T01:01:39.000Z,"Agora é entrar nas comunidades e confiscar as armas dos traficantes neh, aguardemos!!",0,0,0,https://twitter.com/DepSanderson/status/1610282721091223553
Renato Freire,@RenatoFreyre,https://twitter.com/RenatoFreyre/status/1610454683746713601,2023-01-04T01:54:52.000Z,http://c-ponto.blogspot.com/2022/10/falencia-multipla.html?m=1…,0,0,0,https://twitter.com/DepSanderson/status/1610282721091223553
ANDRE BARALDO,@andre_baraldo,https://twitter.com/andre_baraldo/status/1610528713514573825,2023-01-04T06:49:02.000Z,👏👏👏👏,0,0,0,https://twitter.com/DepSanderson/status/1610282721091223553
ANDRE BARALDO,@andre_baraldo,https://twitter.com/andre_baraldo/status/1610528947724341249,2023-01-04T06:49:57.000Z,@lpbragancabr espero que apoie essa iniciativa!!!,0,0,0,https://twitter.com/DepSanderson/status/1610282721091223553
Wesley Ricardo,@WRSEventos,https://twitter.com/WRSEventos/status/1610697376171233282,2023-01-04T17:59:14.000Z,"Boa Deputado, ensina seus pares como se faz, gritaria e esterismo na Internet não adianta nada, a fé sem obras é morta.",0,0,0,https://twitter.com/DepSanderson/status/1610282721091223553
Vol,@camilobruna22,https://twitter.com/camilobruna22/status/1610661806468464640,2023-01-04T15:37:53.000Z,Boa. 👏🏻👏🏻👏🏻👏🏻👏🏻,0,0,0,https://twitter.com/DepSanderson/status/1610282721091223553
Deborah Madsen,@DeborahMadsen15,https://twitter.com/DeborahMadsen15/status/1610668072091934725,2023-01-04T16:02:47.000Z,"Parabéns, Deputado!",0,0,0,https://twitter.com/DepSanderson/status/1610282721091223553
Renato Lins,@ralfc27,https://twitter.com/ralfc27/status/1610304944296296448,2023-01-03T15:59:51.000Z,👏👏👏👏,0,0,1,https://twitter.com/DepSanderson/status/1610282721091223553
Opinista Social,@opinistasocial,https://twitter.com/opinistasocial/status/1610284044431884288,2023-01-03T14:36:48.000Z,Perfeito.,0,0,1,https://twitter.com/DepSanderson/status/1610282721091223553
Andréa®,@andreadf35,https://twitter.com/andreadf35/status/1610347723131174912,2023-01-03T18:49:50.000Z,👏🏻👏🏻👏🏻👏🏻👏🏻,0,0,1,https://twitter.com/DepSanderson/status/1610282721091223553
CarpinteiroD'Universo,@JonnesBrown,https://twitter.com/JonnesBrown/status/1610390894943014912,2023-01-03T21:41:23.000Z,Marquem os seus deputados!!! Compartilhem já marquei o meu @CONTELOPES,1,0,0,https://twitter.com/DepSanderson/status/1610282721091223553
Cristiano Rochedo,@csrochedo,https://twitter.com/csrochedo/status/1610292134447300608,2023-01-03T15:08:57.000Z,Pena que a câmara já era,0,0,1,https://twitter.com/DepSanderson/status/1610282721091223553
Nelson Oberlander,@NelsonOberlande,https://twitter.com/NelsonOberlande/status/1611130333503553538,2023-01-05T22:39:39.000Z,Obrigado pela sua atuação Deputado.,0,0,1,https://twitter.com/DepSanderson/status/1610282721091223553
ɢʜᴏsᴛ,@Eliel_Ljr,https://twitter.com/Eliel_Ljr/status/1610344048279302145,2023-01-03T18:35:14.000Z,"Excelente, KD os outros deputados??? A guerra começou faz tempo.",3,3,39,https://twitter.com/DepSanderson/status/1610282721091223553
Vania Soares,@vanialualso,https://twitter.com/vanialualso/status/1610358548189306880,2023-01-03T19:32:51.000Z,"@camaradeputados bora trabalhar para quem paga o seu salário?! Óbvio que não precisa explicar o motivo da PDL, certo?!",0,0,2,https://twitter.com/DepSanderson/status/1610282721091223553
Angelo Ramon,@AngeloRamon11,https://twitter.com/AngeloRamon11/status/1610460338155134976,2023-01-04T02:17:20.000Z,"Boaaaaaaaaaa, judicializeeeee tbm",0,0,1,https://twitter.com/DepSanderson/status/1610282721091223553
Daniel Martins,@Daniel_bm92,https://twitter.com/Daniel_bm92/status/1610436460158586882,2023-01-04T00:42:27.000Z,"Boa, vamos te apoiar deputado!!! Pra cima deles",0,0,0,https://twitter.com/DepSanderson/status/1610282721091223553
Kyryah,@Kyryah2,https://twitter.com/Kyryah2/status/1610434495349493762,2023-01-04T00:34:38.000Z,"Se eles não estão nem cumprindo as leis,quem garante que vcs terão autoridades pra fazer alguma coisa?? Uma coisa é certa eles vieram pra ficar e destruir todos e tudo que é relacionado a Bolsonaro,eles odeiam a todos...E farão o que ja era para terem feito antes,calar todos.",0,0,0,https://twitter.com/DepSanderson/status/1610282721091223553
Jefferson BRASIL,@Pires_2012,https://twitter.com/Pires_2012/status/1610481564923592704,2023-01-04T03:41:41.000Z,"Tem que entrar, via partido, no STF pedindo a suspensão em caráter liminar.",0,0,0,https://twitter.com/DepSanderson/status/1610282721091223553
Pietro Dall’Orto Lima,@drpietrolima,https://twitter.com/drpietrolima/status/1610439747956006913,2023-01-04T00:55:31.000Z,Obrigado deputado!!!,0,0,0,https://twitter.com/DepSanderson/status/1610282721091223553
ericasantana,@ericasa74390745,https://twitter.com/ericasa74390745/status/1610556469656838149,2023-01-04T08:39:19.000Z,Não vai adiantar de nada. Tudo q for feito pela oposição será apenas papéis inúteis. Infelizmente,0,0,0,https://twitter.com/DepSanderson/status/1610282721091223553
Crisfn,@GNP_oficial,https://twitter.com/GNP_oficial/status/1610448734738944001,2023-01-04T01:31:13.000Z,"Quem tem...
 Tem medo.",0,0,0,https://twitter.com/DepSanderson/status/1610282721091223553
Sobezera,@sobezera,https://twitter.com/sobezera/status/1610493373017903104,2023-01-04T04:28:36.000Z,"Deputado, fotografei seu jantar de campanha final em Porto Alegre e corri atrás do seu trabalho para conhecer melhor. Parabéns pela seriedade. Bora combater esses desgovernos.",0,0,0,https://twitter.com/DepSanderson/status/1610282721091223553
Karlim Lucio,@KarlimLucio,https://twitter.com/KarlimLucio/status/1610516111229071363,2023-01-04T05:58:57.000Z,"Aproveita essa garra e dá uma chacoalhada nos outros e avisa que a guerra começou... parabéns já é um começo ,mostrar como será a oposição !!",0,0,0,https://twitter.com/DepSanderson/status/1610282721091223553
Joao Augusto Machado da Silva,@JAMachado79,https://twitter.com/JAMachado79/status/1610434690476802048,2023-01-04T00:35:25.000Z,Parabéns @DepSanderson,0,0,0,https://twitter.com/DepSanderson/status/1610282721091223553
João Paulo M. A.,@JPaulo_Aragao,https://twitter.com/JPaulo_Aragao/status/1610626913831198721,2023-01-04T13:19:14.000Z,Muito bem! 👏👏👏👏👏É o que esperamos do Congresso.,0,0,0,https://twitter.com/DepSanderson/status/1610282721091223553
Alexandre Herculano,@aherculano17,https://twitter.com/aherculano17/status/1610365399274762240,2023-01-03T20:00:04.000Z,Show,0,0,0,https://twitter.com/DepSanderson/status/1610282721091223553
Lucio Neves,@Lucio19599685,https://twitter.com/Lucio19599685/status/1610387670282256391,2023-01-03T21:28:34.000Z,Faz igual o DPVAT.  Vai lá no Supremo.  Acho que dá certo.,0,0,0,https://twitter.com/DepSanderson/status/1610282721091223553
𝕯𝖆𝖓𝖆 𝕭𝖚𝖙𝖑𝖊𝖗,@DanaButlerr,https://twitter.com/DanaButlerr/status/1610400269002473472,2023-01-03T22:18:38.000Z,Parabéns Deputado!,0,0,0,https://twitter.com/DepSanderson/status/1610282721091223553
Alberto,@Alberto95167386,https://twitter.com/Alberto95167386/status/1610324435625558020,2023-01-03T17:17:18.000Z,"Excelente, deputado.",0,0,0,https://twitter.com/DepSanderson/status/1610282721091223553
Angela Carvalho Zach,@angelamariazach,https://twitter.com/angelamariazach/status/1610388130535809025,2023-01-03T21:30:24.000Z,Vamos ver se os Deputados vão aprovar?!?!?!,0,0,0,https://twitter.com/DepSanderson/status/1610282721091223553
Arcanjo o Anjo,@ArcanjooAnjo1,https://twitter.com/ArcanjooAnjo1/status/1610356530594910210,2023-01-03T19:24:50.000Z,"É isto aí, não se pode baixar a cabeça e esperar dizerem: ""perdeu mané"".",0,0,0,https://twitter.com/DepSanderson/status/1610282721091223553
Ana Paula Pekelman,@APekelman,https://twitter.com/APekelman/status/1610288126202626048,2023-01-03T14:53:01.000Z,"E susto? Pq dizer q não tem estudos técnicos aí é por sua conta em risco, então vale.",0,0,0,https://twitter.com/DepSanderson/status/1610282721091223553
Greicy Toledo,@dragreicy,https://twitter.com/dragreicy/status/1610400259124994050,2023-01-03T22:18:36.000Z,👏🏼👏🏼👏🏼👏🏼👏🏼👏🏼👏🏼,0,0,0,https://twitter.com/DepSanderson/status/1610282721091223553
Heloisa,@hhurbano,https://twitter.com/hhurbano/status/1610374438129733632,2023-01-03T20:36:00.000Z,👏👏👏👏👏👏👏,0,0,0,https://twitter.com/DepSanderson/status/1610282721091223553
Lisandra Pegorari,@LiPegorari,https://twitter.com/LiPegorari/status/1610381832834498568,2023-01-03T21:05:23.000Z,Estamos nas mãos do Legislativo. Agora é vcs e os patriotas. Quem nos ajudar terá sempre o nosso voto. Traíras não aceitamos.,0,0,0,https://twitter.com/DepSanderson/status/1610282721091223553
LB,@LBersier,https://twitter.com/LBersier/status/1610495754279198720,2023-01-04T04:38:04.000Z,"Parabéns deputado! Enquanto uns trabalham, outros ficam se lamentando nas redes sociais.",0,0,0,https://twitter.com/DepSanderson/status/1610282721091223553
Eduardo Silveira,@Eldsilveira,https://twitter.com/Eldsilveira/status/1610463629194797056,2023-01-04T02:30:24.000Z,Precisamos mesmo de alguém lúcido como um bote salva-vidas nesse mar de ignorância invadindo o Brasil!!!,0,0,0,https://twitter.com/DepSanderson/status/1610282721091223553
Rosani da Rosa,@RosanidaRosa2,https://twitter.com/RosanidaRosa2/status/1610460612017913857,2023-01-04T02:18:25.000Z,Pra cima dele deputado 🇧🇷🇧🇷🇧🇷,0,0,0,https://twitter.com/DepSanderson/status/1610282721091223553
Fernando Gonçalves,@FJPBG,https://twitter.com/FJPBG/status/1610654561697685506,2023-01-04T15:09:06.000Z,Parabéns pela iniciativa. Espero que continue lutando contra as ilegalidades e desmandos desse governo.,0,0,0,https://twitter.com/DepSanderson/status/1610282721091223553
Rico e Novinho,@ricoenovinho,https://twitter.com/ricoenovinho/status/1610641414362202114,2023-01-04T14:16:52.000Z,“Armas de fogos” ou “armas de fogo”?,0,0,0,https://twitter.com/DepSanderson/status/1610282721091223553
Ana,@Ana_Ramosspbr,https://twitter.com/Ana_Ramosspbr/status/1610627744559161345,2023-01-04T13:22:32.000Z,Vocês precisam falar menos e agir mais Foi pra isso que nós os elegemos.,0,0,0,https://twitter.com/DepSanderson/status/1610282721091223553
Big Boss,@BigBoss210974,https://twitter.com/BigBoss210974/status/1610448595248988160,2023-01-04T01:30:40.000Z,Exelente,0,0,0,https://twitter.com/DepSanderson/status/1610282721091223553
Marlon_Coss,@Marlon_Coss,https://twitter.com/Marlon_Coss/status/1610457718292361217,2023-01-04T02:06:55.000Z,Muito bom,0,0,0,https://twitter.com/DepSanderson/status/1610282721091223553
Marlon_Coss,@Marlon_Coss,https://twitter.com/Marlon_Coss/status/1610458666536239104,2023-01-04T02:10:41.000Z,Aprende @Biakicis e Carla zambambole,0,0,0,https://twitter.com/DepSanderson/status/1610282721091223553
GOC,@glaucia_otoni,https://twitter.com/glaucia_otoni/status/1610467139919699969,2023-01-04T02:44:21.000Z,"Parabéns, deputado , é isso aí . Agora tem que mobilizar os demais deputados da base . 👍",0,0,0,https://twitter.com/DepSanderson/status/1610282721091223553
Adriana P R Inácio,@AdrianaPRIncio1,https://twitter.com/AdrianaPRIncio1/status/1610382773168275456,2023-01-03T21:09:07.000Z,"Isso deputado, não dê descanso para esse povo!!",0,0,1,https://twitter.com/DepSanderson/status/1610282721091223553
Zé Emboaba,@ZeEmboaba,https://twitter.com/ZeEmboaba/status/1610375584177176585,2023-01-03T20:40:33.000Z,"Vai adiantar nada, o parlamento é agora figura decorativa diante do STF.",0,0,2,https://twitter.com/DepSanderson/status/1610282721091223553
Claudia Gunst,@claudia_gunst,https://twitter.com/claudia_gunst/status/1610355167362416640,2023-01-03T19:19:25.000Z,Decreto não suspende Lei Ordinária!!!,0,0,1,https://twitter.com/DepSanderson/status/1610282721091223553
DRAKOS,@Drakos_EJuices,https://twitter.com/Drakos_EJuices/status/1610374902388776961,2023-01-03T20:37:50.000Z,👏👏👏🇧🇷,0,2,3,https://twitter.com/DepSanderson/status/1610282721091223553
Thiago B,@ThiagoBasso15,https://twitter.com/ThiagoBasso15/status/1610349573158961154,2023-01-03T18:57:11.000Z,Pelo menos um fez algo,0,0,3,https://twitter.com/DepSanderson/status/1610282721091223553
wal do val,@waldoval2,https://twitter.com/waldoval2/status/1610344134522408960,2023-01-03T18:35:35.000Z,"👏👏👏👏👏👏👏Parabéns, deputado. Vamos observar atentamente quem está do lado da democracia e em quem iremos depositar nosso voto de confiança nas próximas eleições (se houverem).",0,1,2,https://twitter.com/DepSanderson/status/1610282721091223553
Rafael Kemp,@RaKmp75,https://twitter.com/RaKmp75/status/1610354768362217475,2023-01-03T19:17:50.000Z,"Muito bem deputado, esse decreto é repleto de ilegalidades. Agora é necessário tramitar! Se ficar na gaveta de nada adiantará",0,0,10,https://twitter.com/DepSanderson/status/1610282721091223553
Euclides Ferreira,@euclides0001,https://twitter.com/euclides0001/status/1610632887115874305,2023-01-04T13:42:59.000Z,"O deputado poderia estar trabalhando para minimizar a fome, desemprego, violência, etc., mas a única preocupação é trabalhar e defender a bancada da bala.

No dia que o voto for para representantes do bem estar social não haverá discursões sobre armar a população.",0,0,2,https://twitter.com/DepSanderson/status/1610282721091223553
Diogo Federer,@diogofederer,https://twitter.com/diogofederer/status/1610347682328895488,2023-01-03T18:49:40.000Z,Isso sim é fazer oposição... sem hashtags,0,0,2,https://twitter.com/DepSanderson/status/1610282721091223553
Margarida,@EricaStaben,https://twitter.com/EricaStaben/status/1610382591995301889,2023-01-03T21:08:24.000Z,Greve geral,0,0,1,https://twitter.com/DepSanderson/status/1610282721091223553
Rinaldo Giorgini,@Giorgin20993733,https://twitter.com/Giorgin20993733/status/1610713487407194112,2023-01-04T19:03:15.000Z,Cidadãos de bem desarmados. Agora os bandidos armados até os dentes.,0,0,0,https://twitter.com/DepSanderson/status/1610282721091223553
Rodrigo,@rodrigorath,https://twitter.com/rodrigorath/status/1610726941035732998,2023-01-04T19:56:43.000Z,A quem interessa apenas os bandidos estarem armados?,0,0,0,https://twitter.com/DepSanderson/status/1610282721091223553
Iris Claro,@IrisCClaro,https://twitter.com/IrisCClaro/status/1610681121410355218,2023-01-04T16:54:39.000Z,Parabéns e obrigada por defender o povo!,0,0,0,https://twitter.com/DepSanderson/status/1610282721091223553
Vivian Pereira,@VivianPereiraBR,https://twitter.com/VivianPereiraBR/status/1610664690291441668,2023-01-04T15:49:21.000Z,"Bora trabalhar contra o retrocesso!@CarolDeToni e @apropriajulia, conto com vocês.",0,0,0,https://twitter.com/DepSanderson/status/1610282721091223553
adenilson mafalda,@adenilsonmafal1,https://twitter.com/adenilsonmafal1/status/1610650448012382209,2023-01-04T14:52:45.000Z,Parabéns,0,0,0,https://twitter.com/DepSanderson/status/1610282721091223553
Thomaz Lipparelli,@Maverick1978gt,https://twitter.com/Maverick1978gt/status/1610636931699712005,2023-01-04T13:59:03.000Z,Leve pro KOO,0,0,0,https://twitter.com/DepSanderson/status/1610282721091223553
evandrosilva,@evandro11643371,https://twitter.com/evandro11643371/status/1610759202485506073,2023-01-04T22:04:54.000Z,👏👏👏,0,0,0,https://twitter.com/DepSanderson/status/1610282721091223553
Paulo Roberto Vieira Junior,@paulorassa1971,https://twitter.com/paulorassa1971/status/1610853082094784516,2023-01-05T04:17:57.000Z,Ei FFAA já podem sair: o Moraiiiiiiiiss já foi!,0,0,0,https://twitter.com/DepSanderson/status/1610282721091223553
Pedro Kretzer,@PedroKretzer2,https://twitter.com/PedroKretzer2/status/1610394521233391616,2023-01-03T21:55:48.000Z,"Se eu falar o que o Xandão vai fazer com esse papel sou banido do twitter,🤡👊😎🇧🇷",2,1,8,https://twitter.com/DepSanderson/status/1610282721091223553
olinto santos cardos,@olintosantoscar,https://twitter.com/olintosantoscar/status/1610344326067879938,2023-01-03T18:36:20.000Z,É por aí. Assim se forja uma luta democrática. Parabéns deputado. De forma pedagógica vamos abrindo veredas! Agora este gesto tem que ser estendido às ruas e praças do nosso país 🇧🇷👏,0,6,26,https://twitter.com/DepSanderson/status/1610282721091223553
Fernando Travi,@FernandoTravi,https://twitter.com/FernandoTravi/status/1610391046046846978,2023-01-03T21:41:59.000Z,Parabéns,0,1,1,https://twitter.com/DepSanderson/status/1610282721091223553
Alexandre,@xandevolp,https://twitter.com/xandevolp/status/1623657522300088323,2023-02-09T12:18:14.000Z,"Olá Dep @anapaulalimapt PT-SC 
.pedimos que apoie o PDL 003/2023 que  revoga o decreto contra os CACs
Não é sobre armas, é sobre liberdade!",0,0,0,https://twitter.com/DepSanderson/status/1610282721091223553
Alexandre,@xandevolp,https://twitter.com/xandevolp/status/1623657623017988096,2023-02-09T12:18:38.000Z,"Olá Dep @carloschiodini MDB-SC 
.pedimos que apoie o PDL 003/2023 que  revoga o decreto contra os CACs
Não é sobre armas, é sobre liberdade!",0,0,0,https://twitter.com/DepSanderson/status/1610282721091223553
Alexandre,@xandevolp,https://twitter.com/xandevolp/status/1623657675450986497,2023-02-09T12:18:50.000Z,"Olá Dep. @carmen_zanotto CIDAD-SC 
.pedimos que apoie o PDL 003/2023 que  revoga o decreto contra os CACs
Não é sobre armas, é sobre liberdade!",0,0,0,https://twitter.com/DepSanderson/status/1610282721091223553
Alexandre,@xandevolp,https://twitter.com/xandevolp/status/1623657729175826434,2023-02-09T12:19:03.000Z,"Olá Dep. @CarolDeToni PL-SC 
.pedimos que apoie o PDL 003/2023 que  revoga o decreto contra os CACs
Não é sobre armas, é sobre liberdade!",0,0,0,https://twitter.com/DepSanderson/status/1610282721091223553
Alexandre,@xandevolp,https://twitter.com/xandevolp/status/1623657782481240065,2023-02-09T12:19:16.000Z,"Olá Dep. @V_Cobalchini MDB-SC 
.pedimos que apoie o PDL 003/2023 que  revoga o decreto contra os CACs
Não é sobre armas, é sobre liberdade!",0,0,0,https://twitter.com/DepSanderson/status/1610282721091223553
Alexandre,@xandevolp,https://twitter.com/xandevolp/status/1623657823618977794,2023-02-09T12:19:25.000Z,"Olá Dep. @DFDanielFreitas PL-SC 
.pedimos que apoie o PDL 003/2023 que  revoga o decreto contra os CACs
Não é sobre armas, é sobre liberdade!",0,0,0,https://twitter.com/DepSanderson/status/1610282721091223553
Alexandre,@xandevolp,https://twitter.com/xandevolp/status/1623657871551475714,2023-02-09T12:19:37.000Z,"Olá Dep. @DanielaReinehr PL-SC 
.pedimos que apoie o PDL 003/2023 que  revoga o decreto contra os CACs
Não é sobre armas, é sobre liberdade!",0,0,0,https://twitter.com/DepSanderson/status/1610282721091223553
Sérgio Augusto Mello da Silva,@SrgioAugustoMe1,https://twitter.com/SrgioAugustoMe1/status/1610387596970004480,2023-01-03T21:28:17.000Z,Parabéns Deputado @DepSanderson o povo brasileiro precisa de políticos com decisões firmes e que contraponham a quadrilha que colocou no poder um bandido que não representa o povo brasileiro.,0,0,0,https://twitter.com/DepSanderson/status/1610282721091223553
Vinicius Martin,@vinnymartin2010,https://twitter.com/vinnymartin2010/status/1610426354255941632,2023-01-04T00:02:17.000Z,Obrigado pelo trabalho Deputado!,0,0,0,https://twitter.com/DepSanderson/status/1610282721091223553
Training_Fabin,@Fabinmrky,https://twitter.com/Fabinmrky/status/1610384812409344001,2023-01-03T21:17:13.000Z,Alô bancada da bala 🍭,0,0,0,https://twitter.com/DepSanderson/status/1610282721091223553
Daniel Rosa,@darosaWeb,https://twitter.com/darosaWeb/status/1610357747253497857,2023-01-03T19:29:40.000Z,O STF autorizou você a fazer isso?,0,0,0,https://twitter.com/DepSanderson/status/1610282721091223553
Mary Mary LIBERTEM ANDERSON TORRES,@MaryTrinidade,https://twitter.com/MaryTrinidade/status/1610370965824999424,2023-01-03T20:22:12.000Z,"Deputado, nos mantenha informados!! 🙏🏻",0,0,0,https://twitter.com/DepSanderson/status/1610282721091223553
Glauce Porto,@glauce_porto,https://twitter.com/glauce_porto/status/1610386126778372097,2023-01-03T21:22:26.000Z,"Tenha fé e ore muito. @gilmarmendes já avisou que, para a oposição, nada será fácil. E olha que ele nem é político (ahã).",0,0,0,https://twitter.com/DepSanderson/status/1610282721091223553
Ângelo Luís de Oliveira,@ngeloLusdeOliv1,https://twitter.com/ngeloLusdeOliv1/status/1610404527643197441,2023-01-03T22:35:33.000Z,"parabéns!!!@Biakicis @nikolas_dm @Zambelli2210 @BolsonaroSP @GayerGus @FlavioBolsonaro 
É assim que se faz,e não só ficar no twitter fazendo frases de tudo!",0,0,0,https://twitter.com/DepSanderson/status/1610282721091223553
Rodrigo Herberto,@RodrigoHerberto,https://twitter.com/RodrigoHerberto/status/1610366874742673408,2023-01-03T20:05:56.000Z,E resolveu oque???????,0,0,0,https://twitter.com/DepSanderson/status/1610282721091223553
Luciano Neves,@Lucianolivre,https://twitter.com/Lucianolivre/status/1610425249664798722,2023-01-03T23:57:54.000Z,Esperamos que a @camaradeputados e @ArthurLira_ façam o que competem fazer pelo menos uma única vez de forma autônoma.,0,0,0,https://twitter.com/DepSanderson/status/1610282721091223553
Fran Andrade,@franand65057844,https://twitter.com/franand65057844/status/1610407820695937028,2023-01-03T22:48:39.000Z,"Acredita nisso? Ainda não entendeu nada. Vocês não barraram o nine antes, agora ele vai caçar cada um de vocês. Ou se curvam como os melancias, ou serão mortos. Hora de sair da sombra e guiar o povo para o congresso. Não vai haver oposição forte. Já começou com""A"" Arruda.",0,0,0,https://twitter.com/DepSanderson/status/1610282721091223553
Rafael Trevisan Teixeira,@Rafael952793252,https://twitter.com/Rafael952793252/status/1610394903938490370,2023-01-03T21:57:19.000Z,Muito bom 👍👍👍👍👍,0,0,0,https://twitter.com/DepSanderson/status/1610282721091223553
Selena Ruth Oliveira,@SelenaRuthOliv1,https://twitter.com/SelenaRuthOliv1/status/1610359755582611463,2023-01-03T19:37:39.000Z,"Espero de coração que esse novo congresso devolva ao nine o mesmo tratamento que nosso Presidente recebeu nesses 4 anos da oposição.
Espero que tenham aprendido a fazer marcação cerrada e não deem folga pra esse bandido tentar governar.
Olho por olho, dente por dente",0,0,0,https://twitter.com/DepSanderson/status/1610282721091223553
glaydstone albuquerq,@_glaydstone,https://twitter.com/_glaydstone/status/1610384090938707972,2023-01-03T21:14:21.000Z,Parabéns deputado! É muito obg.,0,0,0,https://twitter.com/DepSanderson/status/1610282721091223553
Lucastohru,@Lucastohrusc,https://twitter.com/Lucastohrusc/status/1610376208067497984,2023-01-03T20:43:02.000Z,"Parabéns deputado, precisamos de mais pessoas com o mesmo posicionamento!",0,0,0,https://twitter.com/DepSanderson/status/1610282721091223553
Luiz Thiago Butignolli,@drbutignolli,https://twitter.com/drbutignolli/status/1610386500436230144,2023-01-03T21:23:55.000Z,"Já ganhou um seguidor Congressista, só por dizer “sem estudo”, isso mostra compromisso. Parabéns",0,0,0,https://twitter.com/DepSanderson/status/1610282721091223553
Leonir Simon,@coqueiro819,https://twitter.com/coqueiro819/status/1610366429362065408,2023-01-03T20:04:10.000Z,Esse negócio de armas e uma vergonha pra que armas oque tenque ter e leis e fazer valer as leis e comprir as leis não ter leis só pra favorecer bandidos,0,0,0,https://twitter.com/DepSanderson/status/1610282721091223553
amilton paca,@PacaAmilton,https://twitter.com/PacaAmilton/status/1610397007977320455,2023-01-03T22:05:41.000Z,Têm medo né!,0,0,0,https://twitter.com/DepSanderson/status/1610282721091223553
Celio Pontes,@CelioPontesF,https://twitter.com/CelioPontesF/status/1610399424890421249,2023-01-03T22:15:17.000Z,Esse novo governo vai acabar com o Brasil até o carnaval,0,0,0,https://twitter.com/DepSanderson/status/1610282721091223553
Bia Barela,@bia_barela,https://twitter.com/bia_barela/status/1610356282778583042,2023-01-03T19:23:51.000Z,Bom que os bandidos não vão mais conseguir comprar armas 😌,0,0,0,https://twitter.com/DepSanderson/status/1610282721091223553
William,@Williamnovais28,https://twitter.com/Williamnovais28/status/1610389740813008899,2023-01-03T21:36:48.000Z,"E o porte de trânsito com arma municiada pra defesa do acerto, assim ficamos vulneráveis",0,0,0,https://twitter.com/DepSanderson/status/1610282721091223553
