nome,usuario,idTweet,dataPublicacao,texto,replies,retweets,likes,tweetPai
Mestiço,@brazuka1973,https://twitter.com/brazuka1973/status/1610799278607290374,2023-01-05T00:44:09.000Z,"@camaradeputados até tem boa vontade pl 6579, pl 3723 mas tudo na gaveta do pachequinho.",0,0,0,https://twitter.com/SargentoFAHUR/status/1610440459242901504
Carola Brz,@BrazCarola,https://twitter.com/BrazCarola/status/1612898518255165446,2023-01-10T19:45:47.000Z,@alexandre olha aí. Eles estão na colônia de férias,0,0,1,https://twitter.com/SargentoFAHUR/status/1610440459242901504
Fila do Leite,@FiladoLeite,https://twitter.com/FiladoLeite/status/1610442832166141959,2023-01-04T01:07:46.000Z,Qual sua proposta na câmara federal pra mudar isso?... Fica só gargantiando e não trabalha?,4,0,5,https://twitter.com/SargentoFAHUR/status/1610440459242901504
Iraci Pereira,@IraciPe30702542,https://twitter.com/IraciPe30702542/status/1610446672789901313,2023-01-04T01:23:02.000Z,Vão  Tomar  unma cervejinha  com lirde  deles 🦑,0,0,0,https://twitter.com/SargentoFAHUR/status/1610440459242901504
Mateus 7:3-5,@Luis_Gust_1283,https://twitter.com/Luis_Gust_1283/status/1610440836101148674,2023-01-04T00:59:50.000Z,Se algum deles se candidatar corre o risco de ganhar,0,1,10,https://twitter.com/SargentoFAHUR/status/1610440459242901504
Ed Filho Rodrigues,@edmilsonfilho17,https://twitter.com/edmilsonfilho17/status/1610441556670009350,2023-01-04T01:02:42.000Z,O abismo!!!,0,0,0,https://twitter.com/SargentoFAHUR/status/1610440459242901504
lucianobgama,@lucianobgama1,https://twitter.com/lucianobgama1/status/1610478082669813760,2023-01-04T03:27:50.000Z,Todos são amiguinhos do Alexandre cabeça de ovo pobre,0,0,0,https://twitter.com/SargentoFAHUR/status/1610440459242901504
Biel,@cirilo_gabriell,https://twitter.com/cirilo_gabriell/status/1610848077975281665,2023-01-05T03:58:04.000Z,"Eu fico a pensar, que o preso tem muita regalia, ele pode cometer crime e ter onde dormir, comida na hora certa, não paga aluguel nem a comida. E mesmo assim no feriado ele pode ir pra casa e o cidadão de bem muita das vezes passa trabalhando, e o preso curtindo",0,0,0,https://twitter.com/SargentoFAHUR/status/1610440459242901504
Juiz Inácio Mula da Silva,@MAutomatizada,https://twitter.com/MAutomatizada/status/1610456644890099712,2023-01-04T02:02:39.000Z,"Só tem vítimas da sociedade nesta foto
Pessoas que vivem em situação desumana, segundo levandovisk",0,0,0,https://twitter.com/SargentoFAHUR/status/1610440459242901504
Vanderson de Aquino Schuenck,@vandjosi,https://twitter.com/vandjosi/status/1610673692589133826,2023-01-04T16:25:07.000Z,Viva o mito,0,0,0,https://twitter.com/SargentoFAHUR/status/1610440459242901504
Mauricio Diniz,@mauriciodinizz,https://twitter.com/mauriciodinizz/status/1610643302453329928,2023-01-04T14:24:22.000Z,"Estimado Sargento Fahur, isso não é mais novidade.",0,0,0,https://twitter.com/SargentoFAHUR/status/1610440459242901504
Guilherme Panico,@bmobr,https://twitter.com/bmobr/status/1610455146777006080,2023-01-04T01:56:42.000Z,"Falaram que se o Lula foi descondenado, eles tb merecem.",0,0,0,https://twitter.com/SargentoFAHUR/status/1610440459242901504
Julio Oliver,@Juliano44725662,https://twitter.com/Juliano44725662/status/1610508212624654337,2023-01-04T05:27:34.000Z,Algum virou ministro da nova pasta ?,0,0,1,https://twitter.com/SargentoFAHUR/status/1610440459242901504
DN Jr,@danielsnjr,https://twitter.com/danielsnjr/status/1610441366030499844,2023-01-04T01:01:56.000Z,Vão assumir algum ministério,0,0,0,https://twitter.com/SargentoFAHUR/status/1610440459242901504
Gilberto Santos,@Gilbert77279995,https://twitter.com/Gilbert77279995/status/1610612207405989889,2023-01-04T12:20:48.000Z,E  alteração da lei que acaba com as saidinhas?,0,0,0,https://twitter.com/SargentoFAHUR/status/1610440459242901504
Endson Duarte,@EndsonSiqueira,https://twitter.com/EndsonSiqueira/status/1610443665524281349,2023-01-04T01:11:05.000Z,"13, eita número que só traz estrago",0,0,0,https://twitter.com/SargentoFAHUR/status/1610440459242901504
À LESTE DE MOSCOU,@PRAVILNO3103,https://twitter.com/PRAVILNO3103/status/1610442652096528385,2023-01-04T01:07:03.000Z,Será que foram 13 em homenagem ao PT Sgto???,0,0,0,https://twitter.com/SargentoFAHUR/status/1610440459242901504
MIKHAIL TURGUENIEV,@MikhailFurro,https://twitter.com/MikhailFurro/status/1610440764630204421,2023-01-04T00:59:33.000Z,"As ""vítimas da sociedade que não tiveram oportunidade"".
Os meninos do Gula",0,1,2,https://twitter.com/SargentoFAHUR/status/1610440459242901504
Jhones Oliveira,@indiourban0,https://twitter.com/indiourban0/status/1610441196186501120,2023-01-04T01:01:16.000Z,Quando era o governo bolsonaro eles voltavam? Ou nem podiam sair?,2,0,0,https://twitter.com/SargentoFAHUR/status/1610440459242901504
Raffael Fernandes,@Raffael58871204,https://twitter.com/Raffael58871204/status/1610643640203739136,2023-01-04T14:25:42.000Z,Pena de morte mudaria isso e deixar o povo mais tranquilo.,0,0,0,https://twitter.com/SargentoFAHUR/status/1610440459242901504
Claudio Dos Santos,@Claudio33278166,https://twitter.com/Claudio33278166/status/1610799293702586369,2023-01-05T00:44:13.000Z,Hora da Polícia fazer o seu dever e capturar os que não voltaram.,0,0,0,https://twitter.com/SargentoFAHUR/status/1610440459242901504
O Paçoca,@LucioSa89447918,https://twitter.com/LucioSa89447918/status/1610817498584055812,2023-01-05T01:56:33.000Z,Qual é o PL - Projeto de Lei de sua autoria para extinguir com a saída temporária?,0,0,0,https://twitter.com/SargentoFAHUR/status/1610440459242901504
Ideilson,@Ideilson19,https://twitter.com/Ideilson19/status/1610663148067123200,2023-01-04T15:43:13.000Z,É o senhor como parlamentar têm feito o que sobre Isso?,0,0,0,https://twitter.com/SargentoFAHUR/status/1610440459242901504
Coelho2023,@CoelhoSmo123,https://twitter.com/CoelhoSmo123/status/1610780502956326914,2023-01-04T23:29:33.000Z,"Muda a lei, vai lá!!
Sabe redigir um projeto de lei?
Vai lá e muda",0,0,0,https://twitter.com/SargentoFAHUR/status/1610440459242901504
Mineiro,@Claudio16532180,https://twitter.com/Claudio16532180/status/1610441134194442240,2023-01-04T01:01:01.000Z,Quem assinou o induto de Natal foi seu presidente Jair Bolsonaro!,0,0,1,https://twitter.com/SargentoFAHUR/status/1610440459242901504
Iury Maciel,@iury_sam,https://twitter.com/iury_sam/status/1610453135780093952,2023-01-04T01:48:42.000Z,"Beleza deputado, todo mundo aqui sabe ler notícias.
Agora onde está o seu projeto de lei durante esses últimos 4 anos para impedir isso ?",1,0,3,https://twitter.com/SargentoFAHUR/status/1610440459242901504
Aparecida C. Cogo,@AparecidaCogo,https://twitter.com/AparecidaCogo/status/1611151723740921858,2023-01-06T00:04:39.000Z,Tem que acabar com essas saidinhas.,0,0,0,https://twitter.com/SargentoFAHUR/status/1610440459242901504
Volnei jorge Pinheiro,@jorge_volnei,https://twitter.com/jorge_volnei/status/1615047028819492864,2023-01-16T18:03:12.000Z,Quem autorizou a saidinha foi teu ídolo,0,0,0,https://twitter.com/SargentoFAHUR/status/1610440459242901504
Mano Drigo,@MANOCAVACO,https://twitter.com/MANOCAVACO/status/1610444638565064704,2023-01-04T01:14:57.000Z,"Segundo seu presidente em 2018 ela brandou que isso ia acabar no governo dele as saidinhas,pelo visto não acabou,creio que já foi pensando na saidinha dele mais os filhos futuramente 😂😂😂😂",0,0,0,https://twitter.com/SargentoFAHUR/status/1610440459242901504
José Eduardo Penido Barboza,@PenidoBarboza,https://twitter.com/PenidoBarboza/status/1610619127206379520,2023-01-04T12:48:18.000Z,Só cara bacana.kkk,0,0,0,https://twitter.com/SargentoFAHUR/status/1610440459242901504
NOSSILA,@NossilaD,https://twitter.com/NossilaD/status/1610640866661605378,2023-01-04T14:14:41.000Z,"Esse é o Brasil! 
Onde quem escolhe o errado está de boas tendo esperanças no país.",0,0,0,https://twitter.com/SargentoFAHUR/status/1610440459242901504
João Pieroni,@JooPieroni1,https://twitter.com/JooPieroni1/status/1610443226976030722,2023-01-04T01:09:20.000Z,"Sargento Farhur, o que vai ser deste país?",0,0,0,https://twitter.com/SargentoFAHUR/status/1610440459242901504
Hugo Patrocinio Belshoff,@hugobelshoff,https://twitter.com/hugobelshoff/status/1610455666321154049,2023-01-04T01:58:46.000Z,@FlavioDino e aí? Vcs vão investigar tbm? Ou esses estão perdoados?,0,0,0,https://twitter.com/SargentoFAHUR/status/1610440459242901504
nandozequim,@FernandoZequim,https://twitter.com/FernandoZequim/status/1610446478887247873,2023-01-04T01:22:15.000Z,"A mesma saidinha que o PT votou contra a extinção do ""benefício"" dos BANDIDOS, no pl do capitão Derrite mas que mesmo assim a camara aprovou? É essa mesmo? 👏🏻👏🏻👏🏻👏🏻👏🏻👏🏻",0,0,0,https://twitter.com/SargentoFAHUR/status/1610440459242901504
Raffael Fernandes,@Raffael58871204,https://twitter.com/Raffael58871204/status/1610643520976453633,2023-01-04T14:25:14.000Z,"Parabéns ao sistema, fudendo o povo com sucesso.",0,0,0,https://twitter.com/SargentoFAHUR/status/1610440459242901504
Diego,@DiegoRo53823352,https://twitter.com/DiegoRo53823352/status/1610441194974203904,2023-01-04T01:01:16.000Z,"E o problema era o decreto de saidinha que o Bozossauro deu para os policiais..
Tá tudo virado as avessas.",0,0,0,https://twitter.com/SargentoFAHUR/status/1610440459242901504
Michael Rocha,@michaeltabella,https://twitter.com/michaeltabella/status/1610444739328843779,2023-01-04T01:15:21.000Z,O que o senhor está fazendo para derrubar o decreto desarmamentista do Lula?,0,0,0,https://twitter.com/SargentoFAHUR/status/1610440459242901504
js,@javalss,https://twitter.com/javalss/status/1610440822629040130,2023-01-04T00:59:47.000Z,Faltou o Lula aí kkkk,0,0,0,https://twitter.com/SargentoFAHUR/status/1610440459242901504
Jonatan Claudio,@JonatanClaudio7,https://twitter.com/JonatanClaudio7/status/1610492757570617344,2023-01-04T04:26:09.000Z,"HUM, QUE SURPRESA EM. VOCÊS POLICIAIS É QUEM SOFREM E OS GOVERNANTES DANDO RISADAS: EM UM BELO RESTAURANTE COM Á FAMÍLIA! EITA BRASIL BOM PRA BANDIDOS",0,0,0,https://twitter.com/SargentoFAHUR/status/1610440459242901504
PachecoFodão,@Fabian465562204,https://twitter.com/Fabian465562204/status/1610441432430526464,2023-01-04T01:02:12.000Z,Acho que arrumaram emprego.,0,0,0,https://twitter.com/SargentoFAHUR/status/1610440459242901504
Humberto Ortolan,@Humb1968,https://twitter.com/Humb1968/status/1610582332800385026,2023-01-04T10:22:05.000Z,Menos Twitter deputado. Foque no trabalho,0,0,0,https://twitter.com/SargentoFAHUR/status/1610440459242901504
Davi ˢᶜᶜᵖ,@aviacao_e,https://twitter.com/aviacao_e/status/1610444642364915714,2023-01-04T01:14:58.000Z,Só o senhor e os seus colegas podem acabar com isso,0,0,0,https://twitter.com/SargentoFAHUR/status/1610440459242901504
adri.. adri,@adrianadcheroes,https://twitter.com/adrianadcheroes/status/1610441550604935168,2023-01-04T01:02:40.000Z,13....número do azar,0,0,0,https://twitter.com/SargentoFAHUR/status/1610440459242901504
Márcia Miranda .,@mi95590160,https://twitter.com/mi95590160/status/1612918611181445131,2023-01-10T21:05:38.000Z,"Abriram mão do salário e benesses, nas ruas ganham mais.",0,0,1,https://twitter.com/SargentoFAHUR/status/1610440459242901504
Marcelo S. Mitkeen,@marcelomitkeen,https://twitter.com/marcelomitkeen/status/1610621095979229186,2023-01-04T12:56:07.000Z,"Estes estão de volta. Fazem o ""L"". 😉👍",1,0,0,https://twitter.com/SargentoFAHUR/status/1610440459242901504
SUNLIT,@FabianoMarroney,https://twitter.com/FabianoMarroney/status/1610441223776370690,2023-01-04T01:01:22.000Z,Faz o L,1,0,0,https://twitter.com/SargentoFAHUR/status/1610440459242901504
R P,@RPcomVC,https://twitter.com/RPcomVC/status/1610446027068153856,2023-01-04T01:20:28.000Z,Manda o povo fazer o L,0,0,1,https://twitter.com/SargentoFAHUR/status/1610440459242901504
Edson Felipe,@edsonfv,https://twitter.com/edsonfv/status/1611175240075300864,2023-01-06T01:38:06.000Z,O estado é tão inocente assim de achar q iriam voltar??? Ou são cúmplices?!?!,0,0,0,https://twitter.com/SargentoFAHUR/status/1610440459242901504
Roger Souza,@Rogerwillyam,https://twitter.com/Rogerwillyam/status/1610444547225522176,2023-01-04T01:14:35.000Z,"Hum país onde um vagabundo, Ladrão, assassino responsável pelo maior esquema de corrupção e roubo de todos tempos foi solto na cara dura e seus cúmplices tb o q podemos esperar? Ah e ainda vira presidente em uma eleição roubada e volta a cena do crime!!! 🤬🤬🤡🤡",0,0,0,https://twitter.com/SargentoFAHUR/status/1610440459242901504
Sérgio Donizeti,@SrgioDonizeti1,https://twitter.com/SrgioDonizeti1/status/1610444188407173120,2023-01-04T01:13:09.000Z,O que está acontecendo com esse país,0,0,0,https://twitter.com/SargentoFAHUR/status/1610440459242901504
jefferson adornes,@jeffersonadorne,https://twitter.com/jeffersonadorne/status/1610450732154511360,2023-01-04T01:39:09.000Z,"@SargentoFAHUR foi o teu mito que liberou, vai colocar a culpa no Lula tbm? Pq tudo ué é negativo que o bosta do Bolsonaro fez , vcs bostas tbm, ligam ao lula, seu bosta!",0,0,0,https://twitter.com/SargentoFAHUR/status/1610440459242901504
Diego Araújo,@Didalivi12,https://twitter.com/Didalivi12/status/1610446931385352200,2023-01-04T01:24:03.000Z,pra resolver é simples: bala no vagabundo. n volta pra prisão mas vai pra um lugar melhor no quintal do inferno 😆,0,0,0,https://twitter.com/SargentoFAHUR/status/1610440459242901504
Neilor Jr Schindler,@neilor_junior,https://twitter.com/neilor_junior/status/1610672759230660610,2023-01-04T16:21:25.000Z,"Vc não tem o que fazer???
Só na vadiagem.
Vc é deputado pelo PARANÁ, ou por RORAIMA???
O Zé Haroldo é deputado por Roraima e do mesmo partido seu.
Manda ele trabalhar por lá. E vc trabalha por aqui. Seu energúmeno.
Em quatro anos vc não fez nada pela Segurança Pública. Palhaço.",0,0,0,https://twitter.com/SargentoFAHUR/status/1610440459242901504
Thiago,@ThiagoProtesta,https://twitter.com/ThiagoProtesta/status/1610511464540037125,2023-01-04T05:40:29.000Z,"A cara de psicopata dos caras, tinha que prender quem soltou",0,0,0,https://twitter.com/SargentoFAHUR/status/1610440459242901504
Robert79,@Trator50721730,https://twitter.com/Trator50721730/status/1610441135234711554,2023-01-04T01:01:01.000Z,"PQP, essa desgraça precisa acabar, não existe mais judiciário nessa porra, aqui virou um bordel de vez 🤡🤬",0,0,0,https://twitter.com/SargentoFAHUR/status/1610440459242901504
Fernanda de Aguiar,@faf00,https://twitter.com/faf00/status/1612926489464344578,2023-01-10T21:36:56.000Z,Mas os velhinhos “perigosos” continuam presos,0,0,0,https://twitter.com/SargentoFAHUR/status/1610440459242901504
wanderson 98,@ander_Jsilva,https://twitter.com/ander_Jsilva/status/1610475948314615809,2023-01-04T03:19:21.000Z,Foram pra POSSE !!!,0,0,0,https://twitter.com/SargentoFAHUR/status/1610440459242901504
Everton Luis,@Everton_Luis01,https://twitter.com/Everton_Luis01/status/1610462432757010432,2023-01-04T02:25:39.000Z,"Tô pra ver deputado mais vagabundo que esse sargento filhote da ditadura!!!! Não muda a legislação,  não apresenta uma única proposta e tá sempre chorando. Vai trabalhar, vadio!!!!",0,0,0,https://twitter.com/SargentoFAHUR/status/1610440459242901504
TODO MAL EMANA DO STF,@Pane_Tone77,https://twitter.com/Pane_Tone77/status/1610443944273534977,2023-01-04T01:12:11.000Z,TRAIDORES,0,0,0,https://twitter.com/SargentoFAHUR/status/1610440459242901504
Rogério Kohn,@kohn_rogerio,https://twitter.com/kohn_rogerio/status/1610469514176782339,2023-01-04T02:53:47.000Z,E isso bando de canalhas fazendo L.,1,0,0,https://twitter.com/SargentoFAHUR/status/1610440459242901504
Tatiane Leite,@Tatiane21180887,https://twitter.com/Tatiane21180887/status/1610440686943309826,2023-01-04T00:59:14.000Z,"Deveriam acabar com as saidinhas! Se não fosse essa merd@ de direitos humanos, o Brasil estaria melhor!",0,0,1,https://twitter.com/SargentoFAHUR/status/1610440459242901504
Chrystian Lima,@Chrysdelima83,https://twitter.com/Chrysdelima83/status/1610441951379169280,2023-01-04T01:04:16.000Z,"Quem tem influência,chame @gen_heleno pelo nome para assumir a liderança da resistência.Só um patriota sério e sem medo pode mudar a história. Se ele nos chamar,atenderemos imediatamente,invadiremos Brasilia e tomaremos nossa liberdade. #Precisamosdeumlider#PrecisamosdoHeleno",0,0,0,https://twitter.com/SargentoFAHUR/status/1610440459242901504
IdharaBr,@IdharaBr,https://twitter.com/IdharaBr/status/1610440654773194754,2023-01-04T00:59:07.000Z,@exercitooficial @marmilbr @fab_oficial #oPoderEmanaDoPovo#CadeOCodigoFonteSeguem novas orientações 👇🏻👇🏻👇🏻👇🏻 🛑 ⛽️ http://t.me/paiolpenaporta…,0,0,1,https://twitter.com/SargentoFAHUR/status/1610440459242901504
IdharaBr,@IdharaBr,https://twitter.com/IdharaBr/status/1610440724520091649,2023-01-04T00:59:23.000Z,@exercitooficial @marmilbr @fab_oficial #oPoderEmanaDoPovo#CadeOCodigoFonteSeguem novas orientações 👇🏻👇🏻👇🏻👇🏻 🛑 ⛽️ http://t.me/paiolpenaporta…,0,0,0,https://twitter.com/SargentoFAHUR/status/1610440459242901504
