nome,usuario,idTweet,dataPublicacao,texto,replies,retweets,likes,tweetPai
Marcelo Caldas,@mcaldas256,https://twitter.com/mcaldas256/status/1610735546938032134,2023-01-04T20:30:55.000Z,"Graças a Deus esse golpe vai acabar, slc uma vez sair do trabalho não pude sacar tive q esperar até o outro ano na data do meu aniversário para poder sacar.
Ah vc não deve saber não é CLT.",3,0,2,https://twitter.com/SargentoFAHUR/status/1610690094519697408
thiago fabricio lima,@thiagofabricio3,https://twitter.com/thiagofabricio3/status/1610750158848901122,2023-01-04T21:28:58.000Z,"Tá correto @LulaOficial este programa de Saque Aniversário do FGTS só prejudica o trabalhador e ajuda os Patrões que não pagam a multa de 40% corretamente porque ele pode parcelar , 
E isto ai o trabalhador vai voltar a ter direitos",6,0,8,https://twitter.com/SargentoFAHUR/status/1610690094519697408
orison coelho,@orison1970,https://twitter.com/orison1970/status/1610697255677489153,2023-01-04T17:58:45.000Z,Tudo de bom que está ai vai ser vaporizado por essa turma do elle. Pura inveja!,0,0,2,https://twitter.com/SargentoFAHUR/status/1610690094519697408
dumal bad boy,@EngenheiroBAD,https://twitter.com/EngenheiroBAD/status/1610691099462438947,2023-01-04T17:34:17.000Z,"Tá sem ronda pra fazer? Tá sem pobre pra bater na rua?

Virando blogueirinho agora, vai trabalhar seu atoa",1,0,5,https://twitter.com/SargentoFAHUR/status/1610690094519697408
Guilesilva,@DersuUzala33,https://twitter.com/DersuUzala33/status/1610693597069807632,2023-01-04T17:44:13.000Z,"L
L
L
L
L
Lula",0,0,0,https://twitter.com/SargentoFAHUR/status/1610690094519697408
José Carlos Prado Peres,@JC_PradoPeres,https://twitter.com/JC_PradoPeres/status/1610754037309399040,2023-01-04T21:44:23.000Z,"Eles sempre disseram o que iam fazer,  ninguém foi enganado",0,0,0,https://twitter.com/SargentoFAHUR/status/1610690094519697408
TAOQUEY,@taoquey1,https://twitter.com/taoquey1/status/1610708678495158280,2023-01-04T18:44:09.000Z,L,0,0,1,https://twitter.com/SargentoFAHUR/status/1610690094519697408
Grazy Rocha,@Grazzyrocha,https://twitter.com/Grazzyrocha/status/1610730156103958530,2023-01-04T20:09:29.000Z,irresponsavel pelo que?? por liberar o meu dinheiro para que eu possa usar??? pqp,0,0,1,https://twitter.com/SargentoFAHUR/status/1610690094519697408
Adamastor,@Adamastuor,https://twitter.com/Adamastuor/status/1610693881955221505,2023-01-04T17:45:21.000Z,"Quem é L comemora mesmo

Só assim pro estado inchado conseguir dinheiro, roubando de quem trabalha pra pagar a militância que nada produz.

Militância formada aos 35 anos, cursos sem relevância no mercado, se acham no direito de exigir teta do PT pq “o mercado não o valoriza”",0,1,8,https://twitter.com/SargentoFAHUR/status/1610690094519697408
Regina Célia Barros,@Greiasregina1,https://twitter.com/Greiasregina1/status/1613478671934754817,2023-01-12T10:11:07.000Z,"""Aos poucos não"", anunciaram antes das eleições que iriam ferrar com o Brasil... Não precisa ter nem ""meio neurônio"" para entender tudo isso...",0,0,0,https://twitter.com/SargentoFAHUR/status/1610690094519697408
Eliel Emerich Bucco,@emerich_br,https://twitter.com/emerich_br/status/1610690565288464402,2023-01-04T17:32:10.000Z,"Alibabá e os 40 ladrões.
""Democracia pujante e plural!""",1,0,4,https://twitter.com/SargentoFAHUR/status/1610690094519697408
Balaio do baiano,@BalaiodeBaiano,https://twitter.com/BalaiodeBaiano/status/1611312706602078209,2023-01-06T10:44:20.000Z,"Elles querem ""cuidar"" do dinheiro do pobre!",0,0,0,https://twitter.com/SargentoFAHUR/status/1610690094519697408
jaque burin,@JaqueBurin,https://twitter.com/JaqueBurin/status/1610706000192983040,2023-01-04T18:33:30.000Z,Não é hora de desistir vamos todos em frente à Câmara municipal de nossa cidade e quem puder ir até Brasília vá mas vamos parar o Brasil e não vamos deixar nenhum político trabalhar enquanto os militares não agirem,0,0,0,https://twitter.com/SargentoFAHUR/status/1610690094519697408
Ricardo Abra,@Abra_Ricardo,https://twitter.com/Abra_Ricardo/status/1610707649108008966,2023-01-04T18:40:03.000Z,Vão pegar o dinheiro para eles.,0,0,0,https://twitter.com/SargentoFAHUR/status/1610690094519697408
Elizangela de Souza,@elizpsouza,https://twitter.com/elizpsouza/status/1610827018752659457,2023-01-05T02:34:23.000Z,Faz o L,0,0,0,https://twitter.com/SargentoFAHUR/status/1610690094519697408
Elizangela de Souza,@elizpsouza,https://twitter.com/elizpsouza/status/1610827181709578241,2023-01-05T02:35:02.000Z,Faz o L,0,0,0,https://twitter.com/SargentoFAHUR/status/1610690094519697408
Nelson Pereira,@NelsonP03725150,https://twitter.com/NelsonP03725150/status/1611677746115260416,2023-01-07T10:54:52.000Z,Parasitas quadrilheiros,0,0,0,https://twitter.com/SargentoFAHUR/status/1610690094519697408
Alan Bach,@alanrafaelbach,https://twitter.com/alanrafaelbach/status/1610719030746267651,2023-01-04T19:25:17.000Z,Aos poucos Sargento??? Em 3 dias lascaram com tudo e desta vez eles não enganaram ninguém. Disseram que iriam fazer e estão fazendo… ninguém volta ao poder depois de tudo aquilo que aconteceu pra enganar alguém não. Tava tudo na bula,0,0,4,https://twitter.com/SargentoFAHUR/status/1610690094519697408
Mauricio de Jesus Santos,@Maurici98030846,https://twitter.com/Maurici98030846/status/1611027736729976834,2023-01-05T15:51:58.000Z,Mas ele tá acabando com o saque aniversário do FGTS porque quem sacava esse saque aniversário era os ricos não eram os pobres é por isso que ele tá acabando ele tá beneficiando os ricos kkk faz o l,0,0,0,https://twitter.com/SargentoFAHUR/status/1610690094519697408
Messias Soares De Brito,@messiaslogicom,https://twitter.com/messiaslogicom/status/1614380552827592704,2023-01-14T21:54:52.000Z,"Na verdade vão  acabar com o FGTS. Sem o saque aniversário, e com demissão  apenas por justa causa como o trabalhador poderá retirar o dinheiro?",0,0,0,https://twitter.com/SargentoFAHUR/status/1610690094519697408
Ivete mesz,@IveteMesz,https://twitter.com/IveteMesz/status/1610700974477266944,2023-01-04T18:13:32.000Z,Quanta mentira,0,0,1,https://twitter.com/SargentoFAHUR/status/1610690094519697408
Denise Cristina Zandomeneghi,@DeniseCZ1963,https://twitter.com/DeniseCZ1963/status/1610974631284047872,2023-01-05T12:20:57.000Z,Sim. As máscaras caem. A verdade sempre vem a tona. Então seria respeitoso e inteligente para com o povo patriota que nenhum político de direita volte a fazer alianças com gente de má fé... O povo já sabe quem são.,0,0,0,https://twitter.com/SargentoFAHUR/status/1610690094519697408
Valéria Cristina de,@lelekachikila,https://twitter.com/lelekachikila/status/1610821815403937792,2023-01-05T02:13:43.000Z,Aos poucos?,0,0,0,https://twitter.com/SargentoFAHUR/status/1610690094519697408
Dorley Zanon,@DBZanon,https://twitter.com/DBZanon/status/1610694196796751872,2023-01-04T17:46:36.000Z,Falou o Sgt que tá drogado até hoje de farinha 🤣🤣,1,0,2,https://twitter.com/SargentoFAHUR/status/1610690094519697408
𝕁𝕠𝕣𝕘𝕖 𝕤𝕠𝕦𝕫𝕒,@JorgePe92924823,https://twitter.com/JorgePe92924823/status/1610781568364158981,2023-01-04T23:33:47.000Z,"Deveria valer pra quem votou no presidiario! 
O saque aniversário é um direito do trabalhador o dinheiro é dele cabe a ele decidir sacar ou não !#naoaextincaosaquefgts",0,0,1,https://twitter.com/SargentoFAHUR/status/1610690094519697408
Leandro Ferreira,@leh_fe_rreira,https://twitter.com/leh_fe_rreira/status/1614325933275770880,2023-01-14T18:17:49.000Z,"Tá corretíssimo, saque aniversário do FGTS só prejudica o trabalhador, que fica com a conta retida 10 anos!",0,0,0,https://twitter.com/SargentoFAHUR/status/1610690094519697408
Márcio de Freitas,@MrciodeFreita10,https://twitter.com/MrciodeFreita10/status/1610695039860064280,2023-01-04T17:49:57.000Z,Político de direita a única coisa que faz é reclamar em rede social...ta difícil acreditar assim  ... e o #brasileiro 👌🇧🇷,0,0,1,https://twitter.com/SargentoFAHUR/status/1610690094519697408
Luh Borges,@Luh__Borges,https://twitter.com/Luh__Borges/status/1610734069859352577,2023-01-04T20:25:02.000Z,"Aos poucos? Aos extremos, a finalidade é essa.",0,0,0,https://twitter.com/SargentoFAHUR/status/1610690094519697408
Saloc,@Samuel_looch,https://twitter.com/Samuel_looch/status/1610692916682395666,2023-01-04T17:41:31.000Z,Aos poucos ?,0,0,0,https://twitter.com/SargentoFAHUR/status/1610690094519697408
Maristela F. Moura Lopes,@maristelaferre5,https://twitter.com/maristelaferre5/status/1611142885931626496,2023-01-05T23:29:32.000Z,😱🤬😢,0,0,0,https://twitter.com/SargentoFAHUR/status/1610690094519697408
Piercarlo Michael,@Pierre_Silva13_,https://twitter.com/Pierre_Silva13_/status/1610696493689602048,2023-01-04T17:55:44.000Z,Tem que acabar com saque aniversário mesmo,1,0,0,https://twitter.com/SargentoFAHUR/status/1610690094519697408
Robson Carvalho,@RobsonLCarvalho,https://twitter.com/RobsonLCarvalho/status/1610781999710744577,2023-01-04T23:35:30.000Z,"A turma deles nem vai se importar.
só vai achar ruim quem trabalha. 🤡",0,0,0,https://twitter.com/SargentoFAHUR/status/1610690094519697408
Gigo Dekkers,@GigoDekkers,https://twitter.com/GigoDekkers/status/1610932912806830080,2023-01-05T09:35:10.000Z,Malditos 😡,0,0,0,https://twitter.com/SargentoFAHUR/status/1610690094519697408
Jaime Mayer,@jaimemayer1973,https://twitter.com/jaimemayer1973/status/1610690866494017567,2023-01-04T17:33:22.000Z,Deus pátria família,0,0,0,https://twitter.com/SargentoFAHUR/status/1610690094519697408
@FabiiiDireitaConservadora,@FabiiiDireitaConservadora,https://twitter.com/beatriz04546797/status/1610763664579039235,2023-01-04T22:22:38.000Z,"Não está sendo aos poucos não, está sendo de balaio 😵",0,0,0,https://twitter.com/SargentoFAHUR/status/1610690094519697408
Denilson da Rosa,@DenilsondaRosa8,https://twitter.com/DenilsondaRosa8/status/1610945509874700288,2023-01-05T10:25:14.000Z,"Que tal o parlamentar agir? Chega de ficar repetindo notícias e fazendo vídeos com marca d'água. Está na hora de fazer uma oposição séria, pragmatica a altura de incômodar os adversários. 

Menos lacração e mais ação.",0,0,0,https://twitter.com/SargentoFAHUR/status/1610690094519697408
Sandro Moraes,@sandromoraes,https://twitter.com/sandromoraes/status/1610771107283439618,2023-01-04T22:52:13.000Z,"Parafraseando um notório cretino: "" Perdeu, Mané""!",0,0,0,https://twitter.com/SargentoFAHUR/status/1610690094519697408
Alex HG,@AlexHarlem4,https://twitter.com/AlexHarlem4/status/1610806210336534528,2023-01-05T01:11:42.000Z,Aos poucos? ... já mostraram para que vieram...  RASGANDO .,0,0,0,https://twitter.com/SargentoFAHUR/status/1610690094519697408
Wil,@Wilarruda,https://twitter.com/Wilarruda/status/1610694361498660870,2023-01-04T17:47:15.000Z,"Como sempre ""tudo"" pelo povo.",0,0,0,https://twitter.com/SargentoFAHUR/status/1610690094519697408
@CasTho Lula Yanomami,@CasTho Lula,https://twitter.com/CasTho_/status/1613649946506592256,2023-01-12T21:31:42.000Z,"Sim ! E é bom de ver o homem trabalhando né, chupa kkkkk",0,0,0,https://twitter.com/SargentoFAHUR/status/1610690094519697408
Débrinh@,Débrinh@,https://twitter.com/DCarlosdasilva/status/1610807245763399681,2023-01-05T01:15:49.000Z,Depois de limpar os cofres públicos agora é a vez de limpar o trabalhador.,0,0,0,https://twitter.com/SargentoFAHUR/status/1610690094519697408
NELCI DAGUANO,@NelciDaguano,https://twitter.com/NelciDaguano/status/1610718073736118290,2023-01-04T19:21:29.000Z,UM VERDADEIRO MINISTREVAS,0,0,1,https://twitter.com/SargentoFAHUR/status/1610690094519697408
Fabiano - Jlle/SC,@Fabiano38521625,https://twitter.com/Fabiano38521625/status/1610694103871754252,2023-01-04T17:46:14.000Z,"Caraleo, são todos uns fdp mesmos... vão se ferrar.",0,0,0,https://twitter.com/SargentoFAHUR/status/1610690094519697408
Marco Nobre,@Marco_Nobre2022,https://twitter.com/Marco_Nobre2022/status/1611403402956652554,2023-01-06T16:44:44.000Z,Traduzindo isso tudo Lula maior ladrão da história do Brasil 🫡,0,0,0,https://twitter.com/SargentoFAHUR/status/1610690094519697408
Marco Nobre,@Marco_Nobre2022,https://twitter.com/Marco_Nobre2022/status/1613834137936465921,2023-01-13T09:43:36.000Z,🫡🫡🫡,0,0,0,https://twitter.com/SargentoFAHUR/status/1610690094519697408
Junior 2022,@JuniorBarrach,https://twitter.com/JuniorBarrach/status/1610938696198664196,2023-01-05T09:58:09.000Z,"Segundo @UOLNoticias Lula já faz o pior governo da história do Brasil. Impeachment já é certo.
E volta de BOLSONARO é pedida#LulaGenocida",1,1,0,https://twitter.com/SargentoFAHUR/status/1610690094519697408
Fernando Rech,@FernandoRech8,https://twitter.com/FernandoRech8/status/1610982085732204544,2023-01-05T12:50:34.000Z,Faz o “L” L de ladrão!,0,0,0,https://twitter.com/SargentoFAHUR/status/1610690094519697408
Selma Vieira,@SelmaVi29000154,https://twitter.com/SelmaVi29000154/status/1610993524530364417,2023-01-05T13:36:01.000Z,Todo ladrão,0,0,0,https://twitter.com/SargentoFAHUR/status/1610690094519697408
flavio,@flavio69304890,https://twitter.com/flavio69304890/status/1611182744133943296,2023-01-06T02:07:55.000Z,"A verdade é
Começar fazer pressão igual a que eles nos ensinou a ver com os outros governo
Fazer pressão inteligente sabedoria aquela que atrapalha",0,0,0,https://twitter.com/SargentoFAHUR/status/1610690094519697408
Márcio de Freitas,@MrciodeFreita10,https://twitter.com/MrciodeFreita10/status/1610694637269778432,2023-01-04T17:48:21.000Z,"Blá-blá-blá Blá-blá-blá Blá-blá-blá gasolina 6,00 👌 🇧🇷..Blá-blá-blá Blá-blá-blá Blá-blá-blá corrupto condenado presidente 👌 🇧🇷... e Blá-blá-blá brasileiro 👌🇧🇷",0,0,0,https://twitter.com/SargentoFAHUR/status/1610690094519697408
ॐGregory Barbosaॐ,@FlaGregory,https://twitter.com/FlaGregory/status/1612162060040781824,2023-01-08T18:59:22.000Z,Bolsonaro é sua corja também estão no mesmo barco,0,0,0,https://twitter.com/SargentoFAHUR/status/1610690094519697408
Célia,@Clia85267802,https://twitter.com/Clia85267802/status/1610983406799818755,2023-01-05T12:55:49.000Z,Todos canalhas,0,0,0,https://twitter.com/SargentoFAHUR/status/1610690094519697408
LelaMoreira_oficial,@lelamoreira_ofi,https://twitter.com/lelamoreira_ofi/status/1612417583600254976,2023-01-09T11:54:43.000Z,"Você provavelmente nunca precisou sacar neh machão, o saque aniversário é pior sacanagem contra o trabalhador, sacar acertos trabalhistas de forma parcelada obrigatoriamente no dia do seu aniversário, com limites de 1200 reais é uma vag@bundagem.",0,0,1,https://twitter.com/SargentoFAHUR/status/1610690094519697408
Guilesilva,@DersuUzala33,https://twitter.com/DersuUzala33/status/1610694242267009026,2023-01-04T17:46:47.000Z,"E para de ficar escrevendo merda nas redes sociais e vai trabalhar. Quem paga seu salário sou eu, seu ignorante!",0,0,0,https://twitter.com/SargentoFAHUR/status/1610690094519697408
Guilesilva,@DersuUzala33,https://twitter.com/DersuUzala33/status/1610694417064628248,2023-01-04T17:47:28.000Z,Vc já leu algum livro na vida???,0,0,0,https://twitter.com/SargentoFAHUR/status/1610690094519697408
Julião Petruckio,@hozananfull,https://twitter.com/hozananfull/status/1610948058694524928,2023-01-05T10:35:21.000Z,"Sargento o senhor deveria ler os processos, e saber suas origens antes de publicar, ficar tirando postes para lacração do cú, podem levar o senhor ao conselho de ética. Que doravante não serão,cegos e surdos!",0,0,0,https://twitter.com/SargentoFAHUR/status/1610690094519697408
Dhiuli Pagung Vaneli,@DhiuliPagung,https://twitter.com/DhiuliPagung/status/1610775052554739714,2023-01-04T23:07:53.000Z,"Com 4 dias já fizeram um regaço com o país. Imagina até final dos 4 anos. Socorro Deus, socorro!",0,0,0,https://twitter.com/SargentoFAHUR/status/1610690094519697408
kander,@kander53973255,https://twitter.com/kander53973255/status/1610786174439677955,2023-01-04T23:52:05.000Z,Bando de vagabundos,0,0,0,https://twitter.com/SargentoFAHUR/status/1610690094519697408
Guilesilva,@DersuUzala33,https://twitter.com/DersuUzala33/status/1610693913916080128,2023-01-04T17:45:28.000Z,"Tá feliz em descobrir que seu mito é um Chorão, covarde e fujão????",1,0,0,https://twitter.com/SargentoFAHUR/status/1610690094519697408
Cristhia Mayla,@CristhiaGrano,https://twitter.com/CristhiaGrano/status/1611029760062423040,2023-01-05T16:00:00.000Z,"sacar nosso próprio dinheiro, que ministrinho de bost4",0,0,0,https://twitter.com/SargentoFAHUR/status/1610690094519697408
Koozyphnos,@koozyphnos,https://twitter.com/koozyphnos/status/1610805610051960833,2023-01-05T01:09:19.000Z,E você vai mostrar a cara ou ficar igual uma cadelinha blogayra?,1,0,0,https://twitter.com/SargentoFAHUR/status/1610690094519697408
Koozyphnos,@koozyphnos,https://twitter.com/koozyphnos/status/1610805056840040449,2023-01-05T01:07:07.000Z,Uns mostram a cara outros  fogem! Fico do lado de quem mostra a cara!,0,0,0,https://twitter.com/SargentoFAHUR/status/1610690094519697408
Rogério B.S patriota 4,@BardenRogerio,https://twitter.com/BardenRogerio/status/1610765338001477653,2023-01-04T22:29:17.000Z,"Artur Lira é um lix0,um atrasso para a presidencia da casa vai ser a bonequinha do ladrão lula. Temos nomes bons para à direita ,para oposição e principalmente para o Brasil como, Marcel Van Hatter,Deputado Sanderson,Marcos Feliciano, Carla Zambelli.",0,0,0,https://twitter.com/SargentoFAHUR/status/1610690094519697408
Sinais Crypto 24h,@24h_crypto,https://twitter.com/24h_crypto/status/1610693741781684235,2023-01-04T17:44:47.000Z,"Tá parecendo o final da musica do Gabriel o Pensador: ""Na penitenciária um ""índio fora da lei""
Conheceu os criminosos de verdade
Eles começaram a rir
E espancaram o velho índio até não poder mais
E antes de morrer ele pensou
""Essa tribo é atrasada demais""#soltemoindio",0,0,2,https://twitter.com/SargentoFAHUR/status/1610690094519697408
flavio,@flavio69304890,https://twitter.com/flavio69304890/status/1611182358761459713,2023-01-06T02:06:23.000Z,"Então aquela construtora que fez uma parceria para novos lançamentos de apartamentos pelo Brasil
Irá ficar como tanto quem compra e as que vendeu
Construção civil corre riscos de demissões",0,0,0,https://twitter.com/SargentoFAHUR/status/1610690094519697408
LIBERDADE DE EXPRESSÃO,@Ruben3Rodriguez,https://twitter.com/Ruben3Rodriguez/status/1610690567536783360,2023-01-04T17:32:11.000Z,"Aos poucos?
Hj é o quarto dia do ano!
Falta pra caralho!",0,0,0,https://twitter.com/SargentoFAHUR/status/1610690094519697408
Felipe Paixão,@FelipePa1xao,https://twitter.com/FelipePa1xao/status/1610690213151399936,2023-01-04T17:30:46.000Z,O salário deles já aumentou,0,0,0,https://twitter.com/SargentoFAHUR/status/1610690094519697408
Nando®San SRN OTO,@fsantos005,https://twitter.com/fsantos005/status/1610690288191770645,2023-01-04T17:31:04.000Z,Ainda nem começou! Quero vê quando cria taxa para o PIX.,0,0,2,https://twitter.com/SargentoFAHUR/status/1610690094519697408
QUEIROZ,@Giliard_IRON,https://twitter.com/Giliard_IRON/status/1610702017663537153,2023-01-04T18:17:41.000Z,"Fazer ou não Fazer o L não faria diferença se tivéssemos ELEIÇÕES LIMPAS, Fomos roubados essa é a verdade! Se tivéssemos eleições limpas apenas agora apenas uma minoria de IDIOTAS estariam fazendo o L e chupando o DEDO!",0,0,0,https://twitter.com/SargentoFAHUR/status/1610690094519697408
LUIZ CTBA,@LuizctbaII,https://twitter.com/LuizctbaII/status/1610719174875136029,2023-01-04T19:25:51.000Z,https://twitter.com/LuizctbaII/status/1610718375990247450?s=20&t=iVXNSnscem7CeYDiiIgQgA…,0,0,0,https://twitter.com/SargentoFAHUR/status/1610690094519697408
Jorge,@Jorge41224263,https://twitter.com/Jorge41224263/status/1610930329996464129,2023-01-05T09:24:54.000Z,fim d Fundão cotão emendas verbas partidàrias orçamentos secretos?corte imediato p metade d servidores d salários d três poderes d Brasília militares ministérios órgãos adjacentes servidores d alto escalão já?d benefícios salários d magistrados procuradores juízes desembargadores,0,0,0,https://twitter.com/SargentoFAHUR/status/1610690094519697408
