nome,usuario,idTweet,dataPublicacao,texto,replies,retweets,likes,tweetPai
Leandro Tissiano,@LeandroTissiann,https://twitter.com/LeandroTissiann/status/1611336968352268290,2023-01-06T12:20:45.000Z,"Casais do mesmo sexo biológico é lindo!
Aborto é saúde para a sociedade!
Vacinas para pandemia é saúde para a sociedade!

Quem ainda não enxergou que a Redução da População está em plena atividade tem que parar de comer muito e assistir a Bobo.",2,0,0,https://twitter.com/dayanydocapitao/status/1611181535432159232
Thiago Guimarães,@guimaraesthi,https://twitter.com/guimaraesthi/status/1611296371352403968,2023-01-06T09:39:26.000Z,"Sempre que começa a aparecer escândalos e absurdos, como nesses primeiros dias de des-governo, aí já lançam um assunto gatilho pra desviar o foco.",0,0,0,https://twitter.com/dayanydocapitao/status/1611181535432159232
