nome,usuario,idTweet,dataPublicacao,texto,replies,retweets,likes,tweetPai
Andrea JB presidente legítimo,@deaviddl,https://twitter.com/deaviddl/status/1611275264817872897,2023-01-06T08:15:33.000Z,O Brasil será roubado por bandidos profissionais e o pior é que quem tá sendo punido e perseguido são justamente os que alertam sobre as arbitrariedades deles. O bando chegou no judiciário. Eles nunca mais serão punidos por nenhum ato. Isso é o fim.,0,1,1,https://twitter.com/DepSanderson/status/1611207057973051392
Ione Oliveira Costa,@ioneocosta,https://twitter.com/ioneocosta/status/1611476941244186624,2023-01-06T21:36:57.000Z,"Não afrouxa o garrão,Deputado!",2,0,0,https://twitter.com/DepSanderson/status/1611207057973051392
Simone Di cioccio,@Simone78586113,https://twitter.com/Simone78586113/status/1611535536648241155,2023-01-07T01:29:47.000Z,"Pq deputados de esquerda incomodam,pressionam pedem explicações os da direita só vem expor as desgraças que o PT faz.  Imagina se à esquerda tivesse sofrendo perseguição do judiciário eles alugariam um avião fariam comissão e iriam em peso denunciar nos parlamentos Europa EUA etc",0,0,0,https://twitter.com/DepSanderson/status/1611207057973051392
Fátima Ilha,@fatimailha04,https://twitter.com/fatimailha04/status/1612074603572076545,2023-01-08T13:11:51.000Z,Movimento pacífico ?,1,0,1,https://twitter.com/DepSanderson/status/1611207057973051392
jefferson,@jefferson1958,https://twitter.com/jefferson1958/status/1611882465714380800,2023-01-08T00:28:21.000Z,E vcs serão os salvadores da pátria numa instituição falida? Fala sério. Só o povo mesmo.,0,0,0,https://twitter.com/DepSanderson/status/1611207057973051392
Ribeiro,@Ribeiro81382482,https://twitter.com/Ribeiro81382482/status/1611356209096826880,2023-01-06T13:37:12.000Z,Vocês parlamentares são os que detém o poder para vetar essas atrocidades. Honrem seus mandatos.,0,0,1,https://twitter.com/DepSanderson/status/1611207057973051392
Ana Paula Pekelman,@APekelman,https://twitter.com/APekelman/status/1611531255362850816,2023-01-07T01:12:46.000Z,"Calma Sanderson, os escândalos do seu governo ainda vão aparecer.Aliás os do seu chefe já estão pipocando.  Os desmandos,as más gestões, os desvios de finalidades e  de recursos. Vc ainda terá que dar muitas explicações e provavelmente vai ter q impedir muitas CPI'S.",0,0,0,https://twitter.com/DepSanderson/status/1611207057973051392
Jose Carlos,@ZeCarlos250872,https://twitter.com/ZeCarlos250872/status/1611538338523250688,2023-01-07T01:40:55.000Z,Dia 8 vamos dar um basta GIGANTE,0,0,0,https://twitter.com/DepSanderson/status/1611207057973051392
Lasilania,@Lasilania,https://twitter.com/Lasilania/status/1611452536115929089,2023-01-06T19:59:58.000Z,"O que começa errado, não tem como terminar bem.",0,0,0,https://twitter.com/DepSanderson/status/1611207057973051392
Robson Seraphim,@seraphim_robson,https://twitter.com/seraphim_robson/status/1611327437958418435,2023-01-06T11:42:52.000Z,"Assaltado só? Não, dominado eternamente.",0,0,0,https://twitter.com/DepSanderson/status/1611207057973051392
PiLHado No LiTHium,@topilhado,https://twitter.com/topilhado/status/1611257042920165376,2023-01-06T07:03:09.000Z,"Agora sim! estamos Fu*****
Se brasileiro já TRAI a propria pátria... Imagina estrangeiro!? 😤😤😤😤",0,1,0,https://twitter.com/DepSanderson/status/1611207057973051392
Maria Leonice biaze Freitas,@biaze_maria,https://twitter.com/biaze_maria/status/1611273158744498176,2023-01-06T08:07:11.000Z,"Saiam da internet, e vão  trabalhar",0,0,1,https://twitter.com/DepSanderson/status/1611207057973051392
Héverton Twynster,@twynster,https://twitter.com/twynster/status/1611779923034644482,2023-01-07T17:40:53.000Z,"Deputado, boa tarde sou militar da reserva da marinha e gostaria de saber se aquele projeto de lei que autoriza militares da reserva a trabalharem no corpo de bombeiros e na polícia militar foi aprovado, já está valendo?",0,0,0,https://twitter.com/DepSanderson/status/1611207057973051392
anaquariana,@_anasaragozo,https://twitter.com/_anasaragozo/status/1612556100837965825,2023-01-09T21:05:08.000Z,Ta sem tempo ne deputado,0,0,0,https://twitter.com/DepSanderson/status/1611207057973051392
Henrique Lemos,@henriquelemos78,https://twitter.com/henriquelemos78/status/1611240528003088385,2023-01-06T05:57:31.000Z,"Minha tristeza é ter essa corja de volta ....mas dói , lembrar que muitos que confiamos , deixou um grupo de brasileira abandonados , militares concursados da Aeronáutica , demitidos injustamente , o presidente preferiu o lado dos generais e desprezou os praças",0,0,0,https://twitter.com/DepSanderson/status/1611207057973051392
Henrique Lemos,@henriquelemos78,https://twitter.com/henriquelemos78/status/1611241199603535872,2023-01-06T06:00:12.000Z,"Creio que muitos que foram desprezados pelos Presidente Bolsonaro ,ainda sim torceram por sua vitória, mas é impossível exigir engajamento de uma classe que foi largada de lado por 4 anos ...mesmo o presidente conhecendo a causa ... nosso apoio quando todos o viraram as costas",0,0,0,https://twitter.com/DepSanderson/status/1611207057973051392
Geralt Stark,@JosGOFreitas1,https://twitter.com/JosGOFreitas1/status/1612904748125921297,2023-01-10T20:10:32.000Z,"""Vice-líder Governo Bolsonaro na Câmara.""
Sem moral alguma pra falar um ""a""...",0,0,0,https://twitter.com/DepSanderson/status/1611207057973051392
LíviaSDP,@Liviasdp1307,https://twitter.com/Liviasdp1307/status/1611391690832494593,2023-01-06T15:58:11.000Z,Socorro!!!! Aqui no RS votamos no senhor. Nos ajude 🙏,0,0,0,https://twitter.com/DepSanderson/status/1611207057973051392
Carlota,@carla_p_siva1,https://twitter.com/carla_p_siva1/status/1611358006289092609,2023-01-06T13:44:20.000Z,"Deputado, se os brasileiros são jurisdicionados ao Tribunal Penal Internacional tratado internacional Estatuto de Roma - CRIMES que as instituições e instâncias brasileiras não foram capazes de processar.
Por que ainda não foi tentado ação internacional?",0,0,1,https://twitter.com/DepSanderson/status/1611207057973051392
Ana paula Rocha de Souza,@Anapaul93808869,https://twitter.com/Anapaul93808869/status/1611412621785186328,2023-01-06T17:21:22.000Z,"Não tem como dar certo ,só vai repetir o que ele já fez antes mais agora com cede de vingança do povo brasileiro.",0,0,1,https://twitter.com/DepSanderson/status/1611207057973051392
Thiago Bianchi,@ThiagoB15211806,https://twitter.com/ThiagoB15211806/status/1611531043491692547,2023-01-07T01:11:56.000Z,Faça alguma coisa,0,0,0,https://twitter.com/DepSanderson/status/1611207057973051392
OS REVOLTADOS,@OS_REVOLVOTADOS,https://twitter.com/OS_REVOLVOTADOS/status/1611327892822056960,2023-01-06T11:44:41.000Z,"E aí deputado, o #CESD vai ter sua AJUDA, ou também foi corrompido pela @fab_oficial ???",1,0,1,https://twitter.com/DepSanderson/status/1611207057973051392
Maria Benedita Lobo,@MariaBeneditaL7,https://twitter.com/MariaBeneditaL7/status/1611515400038105093,2023-01-07T00:09:46.000Z,"Esses bandidos já estão destruindo, tudo que Bolsonaro fez de bom. E nenhuma autoridade, faz alguma coisa. Senado, Câmara, Polícia Federal, Justiça Feral, Ministério Público Federal, tudo de rabo preso. Xandão é quem manda. Até quando?",0,0,2,https://twitter.com/DepSanderson/status/1611207057973051392
Marcos2AS,@AsMarcos2,https://twitter.com/AsMarcos2/status/1611518001030873090,2023-01-07T00:20:06.000Z,"Parabéns ao @jairbolsonaro, seu governo e apoiadores. Falaram muito, juntaram gente que nem lixo e não resolveram ""M"" nenhuma entregando o país ao ladrão e a ORCRIM STF e Associados.",0,0,0,https://twitter.com/DepSanderson/status/1611207057973051392
rosangela costa,@zanza270259,https://twitter.com/zanza270259/status/1612442451503091712,2023-01-09T13:33:32.000Z,"Estou com vce e não abro
Só tem ladrões.",0,0,0,https://twitter.com/DepSanderson/status/1611207057973051392
Mary Soriani,@SorianiMary,https://twitter.com/SorianiMary/status/1612519867948621838,2023-01-09T18:41:10.000Z,PARABÉNS DEPUTADO! OBRIGADO POR CONFIAR QUE A DIREITA NÃO FARIA O QUE ACONTECEU ONTEM!,0,0,0,https://twitter.com/DepSanderson/status/1611207057973051392
gaby,@gabysander35,https://twitter.com/gabysander35/status/1611536090036322314,2023-01-07T01:31:59.000Z,Pelo amor de Deus um.favpr ao.pivo tira essas 2 bostas,0,1,1,https://twitter.com/DepSanderson/status/1611207057973051392
Ignácio Mahfuz,@IgnacioMahfuz,https://twitter.com/IgnacioMahfuz/status/1611276613521489921,2023-01-06T08:20:55.000Z,"Ora, Caro Sanderson, ISSO NÃO É UM MINISTÉRIO, É UMA QUADRILHA!",0,0,0,https://twitter.com/DepSanderson/status/1611207057973051392
janaina,@janainabal,https://twitter.com/janainabal/status/1611251785687076864,2023-01-06T06:42:15.000Z,Mas o objetivo do lula e torna o Brasil pobre e miseravel para vender a preço de banana.,0,0,0,https://twitter.com/DepSanderson/status/1611207057973051392
RaulyBlä,@RaulianL,https://twitter.com/RaulianL/status/1612636140548378630,2023-01-10T02:23:11.000Z,#CampoDeConcentraçãodoPT #MorteNoCampoDeConcetracaoDoPT,0,0,0,https://twitter.com/DepSanderson/status/1611207057973051392
Robson Seraphim,@seraphim_robson,https://twitter.com/seraphim_robson/status/1611327470728364033,2023-01-06T11:43:00.000Z,Bom dia. É  todo um Brasil que sonha por um país melhor e igualitário com todo cidadão  produzindo com seu trabalho o pão de cada dia. Nossos sonhos não podem ser tolhidos. Liberdade é a força do crescimento. Essa é a nossa bandeira e sempre será. 🇧🇷🇧🇷🇧🇷❤️❤️❤️,0,0,0,https://twitter.com/DepSanderson/status/1611207057973051392
Leandro de Souza,@LeandrosouzaRep,https://twitter.com/LeandrosouzaRep/status/1611215064144437248,2023-01-06T04:16:20.000Z,"GRAÇAS A GENERAIS TRAIDORES, ESTAMOS ( TODES ) FUDIDOS",0,0,0,https://twitter.com/DepSanderson/status/1611207057973051392
