nome,usuario,idTweet,dataPublicacao,texto,replies,retweets,likes,tweetPai
Vascão da zoeira,@vascaodazoeira,https://twitter.com/vascaodazoeira/status/1611166611565694982,2023-01-06T01:03:48.000Z,🧐,0,0,0,https://twitter.com/SargentoFAHUR/status/1611030124706545664
Fabio Xavier,@fabiovxavier,https://twitter.com/fabiovxavier/status/1611178890721910786,2023-01-06T01:52:36.000Z,"Facão 3 listra TRAMONTINA nas junta, resolve 👍",0,0,0,https://twitter.com/SargentoFAHUR/status/1611030124706545664
Paulo Borba,@realpauloborba,https://twitter.com/realpauloborba/status/1611224486615060481,2023-01-06T04:53:47.000Z,@LulaOficial parabéns pelo ambiente que o seu governo tem propiciado. O amor venceu.,0,0,0,https://twitter.com/SargentoFAHUR/status/1611030124706545664
Noé,@NoeSalerno1,https://twitter.com/NoeSalerno1/status/1611110330469416960,2023-01-05T21:20:10.000Z,ENQUANTO FORMOS PASSIVOS E BESTAS LEGALISTAS (jogar dentro das 4 linhas) ELES VÃO CONTINUAR FAZENDO. BARRA COM FORÇA E VAMOS VER COMO FICA! PAGO PARA VER.,0,0,2,https://twitter.com/SargentoFAHUR/status/1611030124706545664
Sd Moraes PQDT 83,@PqdtMoraes,https://twitter.com/PqdtMoraes/status/1611081027966861312,2023-01-05T19:23:44.000Z,"Pois é Sgt, tudo amor!",0,0,4,https://twitter.com/SargentoFAHUR/status/1611030124706545664
Noé,@NoeSalerno1,https://twitter.com/NoeSalerno1/status/1611110621562404876,2023-01-05T21:21:19.000Z,"Sou comerciante. Na minha loja ou o cara quebra tudo, inclusive eu, ou não sai vivo.",0,0,6,https://twitter.com/SargentoFAHUR/status/1611030124706545664
Marcos,@Marcoslrsilva,https://twitter.com/Marcoslrsilva/status/1611052358213025792,2023-01-05T17:29:48.000Z,"Tudo dentro das quatro linhas.
Isso foi ano passado, lembra quem era o presidente?
Agora não reclama senão o pt volta.",0,0,3,https://twitter.com/SargentoFAHUR/status/1611030124706545664
Pavlvs Drvs,@Yoda_Zoero42,https://twitter.com/Yoda_Zoero42/status/1611097536143720448,2023-01-05T20:29:20.000Z,"@SargentoFAHUR, se ela estivesse fazendo isso na tua frente, o que tu faria? 😂Não precisa responder, só quero saber que horas é o enterro.😂",0,0,3,https://twitter.com/SargentoFAHUR/status/1611030124706545664
Vivinha,@VivinhaByVivi,https://twitter.com/VivinhaByVivi/status/1611164187396378627,2023-01-06T00:54:10.000Z,O grande problema é que a Polícia prende e a Justiça sempre põe na rua as grandes vítimas da sociedade.,0,0,1,https://twitter.com/SargentoFAHUR/status/1611030124706545664
Noé,@NoeSalerno1,https://twitter.com/NoeSalerno1/status/1611109912158912512,2023-01-05T21:18:30.000Z,EU METO A MÃO NA CARA!,0,0,1,https://twitter.com/SargentoFAHUR/status/1611030124706545664
Assunção,@Assuncaosbc,https://twitter.com/Assuncaosbc/status/1611076169524207633,2023-01-05T19:04:25.000Z,Isso aconteceu no ano passado no DESgoverno do Bozo. Os patriotários nem procuram se informar quando aconteceu e já vem falando asneiras.,102,5,211,https://twitter.com/SargentoFAHUR/status/1611030124706545664
João A. Palma,@joao_a_palma,https://twitter.com/joao_a_palma/status/1611712148039663617,2023-01-07T13:11:34.000Z,"O Sr. Flávio Dino, está criando uma Guarda Nacional de 10 mil homens.

Vamos cobrar o fortalecimento das PM(s) estaduais com equipamentos e remuneração decente. 

Em cada Estado e existem necessidades que são melhor compreendidas e combatidas pela PM.

1/2",2,0,0,https://twitter.com/SargentoFAHUR/status/1611030124706545664
Fábio Magalhães,@FabbioMagalhaes,https://twitter.com/FabbioMagalhaes/status/1611070904305336320,2023-01-05T18:43:30.000Z,Não tem segurança a loja?,0,0,0,https://twitter.com/SargentoFAHUR/status/1611030124706545664
André,@andre07091822,https://twitter.com/andre07091822/status/1611834442854862848,2023-01-07T21:17:32.000Z,Ela foi presa logo depois.,0,0,0,https://twitter.com/SargentoFAHUR/status/1611030124706545664
TAOQUEY,@taoquey1,https://twitter.com/taoquey1/status/1611036339410984960,2023-01-05T16:26:09.000Z,L,0,0,0,https://twitter.com/SargentoFAHUR/status/1611030124706545664
Xadrez 8D,@itistaime,https://twitter.com/itistaime/status/1611047549401432085,2023-01-05T17:10:42.000Z,@DowloaderBot,1,0,0,https://twitter.com/SargentoFAHUR/status/1611030124706545664
Polibio Braga,@Braga1Polibio,https://twitter.com/Braga1Polibio/status/1611045243482144787,2023-01-05T17:01:32.000Z,"Que covardia é está , se fosse o dono desta loja botava todos na rua.",0,0,0,https://twitter.com/SargentoFAHUR/status/1611030124706545664
Denise Climaco,@denise_climaco,https://twitter.com/denise_climaco/status/1611148734129180673,2023-01-05T23:52:46.000Z,"Pq será que vive nessa 💩de vida?
A resposta está aí!!!",0,0,0,https://twitter.com/SargentoFAHUR/status/1611030124706545664
semy,@swr69,https://twitter.com/swr69/status/1611140216210825217,2023-01-05T23:18:55.000Z,@alertatotal @rmotta2  @augustosnunes @AnaPaulaVolei  @taoquei1,0,0,0,https://twitter.com/SargentoFAHUR/status/1611030124706545664
Claudia,@Claudiaumetsu,https://twitter.com/Claudiaumetsu/status/1611072180896337920,2023-01-05T18:48:34.000Z,Ela deve ter entendido errado o molusco falou q podia roubar celular e não tv! 😆 triste realidade!,0,0,1,https://twitter.com/SargentoFAHUR/status/1611030124706545664
Anebrasil,@Anebrasil07,https://twitter.com/Anebrasil07/status/1611099001885003776,2023-01-05T20:35:09.000Z,Queria só um macho maluco pra dar uma pisa nessa safada,0,0,1,https://twitter.com/SargentoFAHUR/status/1611030124706545664
Vincent_ᶜʳᶠ,@lwyzvincent,https://twitter.com/lwyzvincent/status/1611033140792856576,2023-01-05T16:13:26.000Z,Isso ae é rio de Janeiro parceiro. Estado de onde saiu a família do ex presidente. Uns merda que não fizeram nda pelo próprio estado e nós ainda acreditávamos que iriam fazer algo pelo país. Ingenuidade nossa. Só pioraram as coisas.,11,0,9,https://twitter.com/SargentoFAHUR/status/1611030124706545664
mony,@MonyFrance,https://twitter.com/MonyFrance/status/1611085428123381760,2023-01-05T19:41:13.000Z,É sério isso gente ? O Brasil virou o inferno. Tenho pena do povo de bem que não pode sair daí. Graças a Deus estou longe em um lugar seguro onde a lei funciona de verdade,5,0,6,https://twitter.com/SargentoFAHUR/status/1611030124706545664
Eduardo Cintra,@Eduardo17513713,https://twitter.com/Eduardo17513713/status/1611044805701664788,2023-01-05T16:59:48.000Z,"Isso é só o começo, fui a um shopping popular da zona sul de São Paulo comer um lanche, entrou um jovem sentou na minha mesa me intimidando a pagar o lanche dele.... fui ao mercado la mesmo e várias pessoas pedindo para que eu pagasse um item de sua compra, até peça de carne tinh",16,0,8,https://twitter.com/SargentoFAHUR/status/1611030124706545664
Rose.Maia,@RoseMaia08,https://twitter.com/RoseMaia08/status/1611074826499670017,2023-01-05T18:59:05.000Z,Nunca vi tanta gente frouxa juntos   filmando mais n age...q geração é essa??,12,1,40,https://twitter.com/SargentoFAHUR/status/1611030124706545664
Djovani Weber,@Djovani10,https://twitter.com/Djovani10/status/1611104265136754708,2023-01-05T20:56:04.000Z,"Coitadinha, ela só quer tomar uma cervejinha ou comprar livros! Faz o L",8,1,82,https://twitter.com/SargentoFAHUR/status/1611030124706545664
Jardson Douglas,@JardsonDouglas_,https://twitter.com/JardsonDouglas_/status/1611031546663682054,2023-01-05T16:07:06.000Z,"Cenas como está serão cada dia mais comum nesse novo governo, se não estivemos de olho nas tomadas de decisões.",16,0,191,https://twitter.com/SargentoFAHUR/status/1611030124706545664
Marcelo Alves,@MacTelhados,https://twitter.com/MacTelhados/status/1611687794119688192,2023-01-07T11:34:48.000Z,Faz.o L que é só o amor chegando,0,0,0,https://twitter.com/SargentoFAHUR/status/1611030124706545664
Priscila De carvalho,@pridecarvalho2,https://twitter.com/pridecarvalho2/status/1611700018624315394,2023-01-07T12:23:23.000Z,Eleitora do L,0,0,0,https://twitter.com/SargentoFAHUR/status/1611030124706545664
Bruno Cabral,@admbrunocabral,https://twitter.com/admbrunocabral/status/1611168334099218434,2023-01-06T01:10:39.000Z,"Lojas Americanas . Empresa que apoia o Lulalá . Eu vivo falando :
- Estou sentado , comendo pipocas , assistindo tudo o que estão e ainda irão fazer .  Eu acho é pouco pra Americanas . Manda eles fazer o “L”",6,1,17,https://twitter.com/SargentoFAHUR/status/1611030124706545664
tecio eckhardt,@EckhardtTecio,https://twitter.com/EckhardtTecio/status/1611528330636820480,2023-01-07T01:01:09.000Z,Resultado das eleições fraudadas,0,0,0,https://twitter.com/SargentoFAHUR/status/1611030124706545664
Fernando Henrique,@Fernandohrs89,https://twitter.com/Fernandohrs89/status/1611530177137328133,2023-01-07T01:08:29.000Z,"Rapaz pensa num soco mais bem dado que seria, reinicia o windows na hora... legítima defesa.",0,0,0,https://twitter.com/SargentoFAHUR/status/1611030124706545664
Vanessa Sayuri,@vane_sayuri,https://twitter.com/vane_sayuri/status/1611040295285653505,2023-01-05T16:41:52.000Z,"Não há limites para o que está acontecendo. D5 e só vejo desgraça, quero meu BR de volta.",1,0,1,https://twitter.com/SargentoFAHUR/status/1611030124706545664
assiac,@assiac11,https://twitter.com/assiac11/status/1614997395212746753,2023-01-16T14:45:58.000Z,Pode..o papai 9 dedos segura a onda,0,0,0,https://twitter.com/SargentoFAHUR/status/1611030124706545664
sofia,@sofiasardinhas,https://twitter.com/sofiasardinhas/status/1611186999985147904,2023-01-06T02:24:49.000Z,@Valesura1 EU,1,0,0,https://twitter.com/SargentoFAHUR/status/1611030124706545664
sou contra,@zedocontra,https://twitter.com/zedocontra/status/1613214997295034368,2023-01-11T16:43:22.000Z,Fizeram isso em Brasília posta ai tbm,0,0,0,https://twitter.com/SargentoFAHUR/status/1611030124706545664
Ricardo Shiraishi,@rashiraishi,https://twitter.com/rashiraishi/status/1611058465165938688,2023-01-05T17:54:04.000Z,"Se nada for feito no âmbito político a sociedade vai se revoltar e o caos se espalhará, as pessoas estão vendo que é só fazer o L que podem fazer o que querem, se a população não tomar o poder nesse primeiros 6 meses, já era,não esperem ajuda dos pintores de sarjeta,lutem pelo BR",1,0,12,https://twitter.com/SargentoFAHUR/status/1611030124706545664
Eliane Oliveira,@EliAlbanolis,https://twitter.com/EliAlbanolis/status/1611735542034563072,2023-01-07T14:44:32.000Z,Tem data deste vídeo?,1,0,0,https://twitter.com/SargentoFAHUR/status/1611030124706545664
Marco Gonçalves,@vanesilgon1,https://twitter.com/vanesilgon1/status/1611033073918820353,2023-01-05T16:13:11.000Z,"Mas essa loja não é do Lemman? Um dos que mais patrocinam esse tipo de coisa, afinal ele é um ""progressista"", não é?",1,0,76,https://twitter.com/SargentoFAHUR/status/1611030124706545664
semy,@swr69,https://twitter.com/swr69/status/1611140095134027777,2023-01-05T23:18:26.000Z,@policiafederal  @exercitooficial  vai vendo #GREVEGERAL  se ninguem fazer nada,0,0,0,https://twitter.com/SargentoFAHUR/status/1611030124706545664
Bolsonaro,@ValdomiraSaosao,https://twitter.com/ValdomiraSaosao/status/1611410160328806400,2023-01-06T17:11:35.000Z,Esse vídeo circulou no ano novo na Venezuela e o que acontece quem se levantar contra o governo um amigo me enviou ele mora la,0,0,0,https://twitter.com/SargentoFAHUR/status/1611030124706545664
Marky,@MarkyBadger,https://twitter.com/MarkyBadger/status/1611043322436493312,2023-01-05T16:53:54.000Z,"Pois é, Paulo Cintura! É o fim do mundo mesmo!",0,0,0,https://twitter.com/SargentoFAHUR/status/1611030124706545664
RmirandaS,@s_rmiranda,https://twitter.com/s_rmiranda/status/1611086022489563141,2023-01-05T19:43:34.000Z,Se prepare pois cem pro Brasil.,0,0,0,https://twitter.com/SargentoFAHUR/status/1611030124706545664
Kat,@ViMartins1,https://twitter.com/ViMartins1/status/1611180325559738372,2023-01-06T01:58:18.000Z,Tem inclusive propaganda do app AME hahaha. Aff,0,0,0,https://twitter.com/SargentoFAHUR/status/1611030124706545664
Henryque,@Henryque1307,https://twitter.com/Henryque1307/status/1611047713298345984,2023-01-05T17:11:21.000Z,Só para uma cervejinha.,0,0,0,https://twitter.com/SargentoFAHUR/status/1611030124706545664
GAMBÁ CHEIROSO. O SÁBIO,@gambacheirosoo,https://twitter.com/gambacheirosoo/status/1611035275265720321,2023-01-05T16:21:55.000Z,"Passou ,olhou a tv , gostou e pensou : vou levar . Foda-se se estou liso ou lisa. Em muitos estados nos EUA já existe essa tolerância .😕",0,0,0,https://twitter.com/SargentoFAHUR/status/1611030124706545664
Flavio Lima,@FlavioMSilvaLi1,https://twitter.com/FlavioMSilvaLi1/status/1611178694768295936,2023-01-06T01:51:49.000Z,Tempo bom que se metia um murro na cara e já estava resolvido…,0,0,0,https://twitter.com/SargentoFAHUR/status/1611030124706545664
JCM,@MontanheiroJoao,https://twitter.com/MontanheiroJoao/status/1611322997637320705,2023-01-06T11:25:14.000Z,Faz o L !! O Amor venceu !,0,0,0,https://twitter.com/SargentoFAHUR/status/1611030124706545664
Meilane Alves,@AlvesMeilane,https://twitter.com/AlvesMeilane/status/1611039425642758147,2023-01-05T16:38:25.000Z,Começo a palhaçada 😢,0,0,0,https://twitter.com/SargentoFAHUR/status/1611030124706545664
André Andrade,@PaizaoAndre,https://twitter.com/PaizaoAndre/status/1611054600752332801,2023-01-05T17:38:43.000Z,"Sem levar um tapa, tá de sacanagem.",0,0,0,https://twitter.com/SargentoFAHUR/status/1611030124706545664
oflamenguista,@oflamen83365740,https://twitter.com/oflamen83365740/status/1611036761874132993,2023-01-05T16:27:50.000Z,Ela foi presa,0,0,0,https://twitter.com/SargentoFAHUR/status/1611030124706545664
Romeu Camargo,@romeucamargo,https://twitter.com/romeucamargo/status/1611047675008528384,2023-01-05T17:11:12.000Z,Jornaliste: @veramagalhaes . O q acha deste episódio? Está mais pra tempos Lulistes ou Bolsonaristes?! 🧐,2,0,9,https://twitter.com/SargentoFAHUR/status/1611030124706545664
Fabíola Santos,@FabolaS45042363,https://twitter.com/FabolaS45042363/status/1611134321527488514,2023-01-05T22:55:30.000Z,"Porque não chamam a polícia para essa desgraça! Agora eles estão assim, o molusco disse que o menino pode roubar um celular, que está tudo bem! População e Empresários, se armem com arma branca (Facas, paus, o que for, não deixem tomar o que é de vocês!",2,0,7,https://twitter.com/SargentoFAHUR/status/1611030124706545664
Bruno Lula da Silva,@PeronzeBruno,https://twitter.com/PeronzeBruno/status/1611332616762064913,2023-01-06T12:03:27.000Z,Cadê o senhor para fazer algo lá. Você está igual influenciador digital. Quer lacrar filmando. Porque não fez algo. Eu hein. Você não é da polícia?,0,0,0,https://twitter.com/SargentoFAHUR/status/1611030124706545664
Brazil in mourning,@WeldeMJS,https://twitter.com/WeldeMJS/status/1611086075065163791,2023-01-05T19:43:47.000Z,Afronta aos PMs  PCs  PF  FFAA  rapaz  esse cara   desonra todos  com essas ameaças,2,2,1,https://twitter.com/SargentoFAHUR/status/1611030124706545664
LINCOLN 〄,@lincolnxiz,https://twitter.com/lincolnxiz/status/1611336027758809091,2023-01-06T12:17:00.000Z,"Isso ñ é questão de atual ou ex presidente, sempre foi e sempre será a realidade do Brasil, enquanto ñ mudar as leis sempre vai ter aqueles q fazem o que quer e sabem que ñ vai dar em nada, a cracuda até pergunta se vai bater, pq sabe que se encostar nela ainda sai como vítima",0,0,0,https://twitter.com/SargentoFAHUR/status/1611030124706545664
𝔊𝔩𝔢𝔶𝔰𝔬𝔫 𝔚𝔢𝔰𝔩𝔢𝔶 𝔖𝔞𝔩𝔢𝔰,@Gleysonwesley_,https://twitter.com/Gleysonwesley_/status/1611363236032413697,2023-01-06T14:05:07.000Z,FAZUELY,0,0,0,https://twitter.com/SargentoFAHUR/status/1611030124706545664
Leonardo Camargo,@kmarguinhu,https://twitter.com/kmarguinhu/status/1611379741315022849,2023-01-06T15:10:42.000Z,faz o L…,0,0,0,https://twitter.com/SargentoFAHUR/status/1611030124706545664
Deejay Kbello Recife,@deejaykbello,https://twitter.com/deejaykbello/status/1611372897704022021,2023-01-06T14:43:31.000Z,Que bosta está havendo neste país? Eu sendo segurança da loja uma merda que deixaria sair com o furto.,0,0,0,https://twitter.com/SargentoFAHUR/status/1611030124706545664
Leleo,@leobisss,https://twitter.com/leobisss/status/1611383771151884288,2023-01-06T15:26:43.000Z,O foda é q se nós da americanas tentar impedir perdemos o emprego por justa causa,1,0,0,https://twitter.com/SargentoFAHUR/status/1611030124706545664
Fabricio Souza,@fabriciosouzaon,https://twitter.com/fabriciosouzaon/status/1611269087648169984,2023-01-06T07:51:01.000Z,"Eu pensava que esse povo era ingênuo, mas acho que são realmente tapados. Ao invés de fazer oposição, ficam com essas criancices de ""faz L"", que roubo é culpa de um presidente ter vencido uma eleição. Coisas assim sempre aconteceram e sempre vão acontecer, e vcs sabem disso.",0,0,0,https://twitter.com/SargentoFAHUR/status/1611030124706545664
Lucas Pinheiro,@Lucas_Pinewood,https://twitter.com/Lucas_Pinewood/status/1611293462623621122,2023-01-06T09:27:52.000Z,"Na minha opinião os funcionários devem ser responsabilizados. ""Ah mais não sou pago pra isso"". É pago pra ficar sem fazer nada ao celular msm então, tá certo.",0,0,0,https://twitter.com/SargentoFAHUR/status/1611030124706545664
Henrique Donizetti,@Hrq_donizetti,https://twitter.com/Hrq_donizetti/status/1611311640841961473,2023-01-06T10:40:06.000Z,Fazueli e tá certo vida que segue ! Isso Brasil,0,0,0,https://twitter.com/SargentoFAHUR/status/1611030124706545664
Amad Hammoud,@Amad22Hammoud,https://twitter.com/Amad22Hammoud/status/1611313520410230786,2023-01-06T10:47:34.000Z,Deixamos de ser um país.,0,0,0,https://twitter.com/SargentoFAHUR/status/1611030124706545664
Jonas,@ojonasgoulart,https://twitter.com/ojonasgoulart/status/1611321097722511362,2023-01-06T11:17:41.000Z,"No país onde quem assumiu a presidência deveria estar preso, isso aí será o novo normal. Parabéns @STF_oficial! Parabéns @jairbolsonaro.",0,0,0,https://twitter.com/SargentoFAHUR/status/1611030124706545664
Miriam Barcelos,@MiriamBarcelos4,https://twitter.com/MiriamBarcelos4/status/1611236364468772869,2023-01-06T05:40:59.000Z,E o cúmulo do absurdo 🤬,0,0,0,https://twitter.com/SargentoFAHUR/status/1611030124706545664
toguromiope,@toguromiope,https://twitter.com/toguromiope/status/1611332693693992965,2023-01-06T12:03:45.000Z,"Vai trabalhar, FAUR sai do zap",0,0,0,https://twitter.com/SargentoFAHUR/status/1611030124706545664
Vanusia Custodio,@Vanusiabacellar,https://twitter.com/Vanusiabacellar/status/1611333122901086209,2023-01-06T12:05:28.000Z,Faz o L,0,0,0,https://twitter.com/SargentoFAHUR/status/1611030124706545664
YO SOY TRI,@SaviioHUNT,https://twitter.com/SaviioHUNT/status/1611336061866713088,2023-01-06T12:17:08.000Z,L,0,0,0,https://twitter.com/SargentoFAHUR/status/1611030124706545664
Danielison Batista,@danbatista12,https://twitter.com/danbatista12/status/1611336899494305792,2023-01-06T12:20:28.000Z,Tem segurança na loja não ?,0,0,0,https://twitter.com/SargentoFAHUR/status/1611030124706545664
Sertanejo,@navegador_do,https://twitter.com/navegador_do/status/1611338516784357376,2023-01-06T12:26:54.000Z,Faz o L,0,0,0,https://twitter.com/SargentoFAHUR/status/1611030124706545664
Vanderson valerio,@ElguanpoVander,https://twitter.com/ElguanpoVander/status/1611340048993255424,2023-01-06T12:32:59.000Z,Que porra é essa?,0,0,0,https://twitter.com/SargentoFAHUR/status/1611030124706545664
João Victor,@Victorppx1,https://twitter.com/Victorppx1/status/1611347182946222083,2023-01-06T13:01:20.000Z,Pq ngm deu um porradão?,0,0,0,https://twitter.com/SargentoFAHUR/status/1611030124706545664
Davi,@davixl006,https://twitter.com/davixl006/status/1611356503440781313,2023-01-06T13:38:22.000Z,Faltou um pra meter a mão na cara,0,0,0,https://twitter.com/SargentoFAHUR/status/1611030124706545664
Gadodomal,@moss_brasil,https://twitter.com/moss_brasil/status/1611364406461452290,2023-01-06T14:09:46.000Z,Por que postar um video de um ano atrais agora?,0,0,0,https://twitter.com/SargentoFAHUR/status/1611030124706545664
JC&GEH,@jcegeh,https://twitter.com/jcegeh/status/1611365968600616960,2023-01-06T14:15:59.000Z,Moleza da porra do vendedor,0,0,0,https://twitter.com/SargentoFAHUR/status/1611030124706545664
Marconi Carsil,@marconicarsilva,https://twitter.com/marconicarsilva/status/1611387174989058049,2023-01-06T15:40:15.000Z,"Ela não tem uma TV e nada mais justo pegar de onde tem muitas né,SQN",0,0,0,https://twitter.com/SargentoFAHUR/status/1611030124706545664
Guilherme Nogueira,@GuilhermeNogHS,https://twitter.com/GuilhermeNogHS/status/1611387216197976064,2023-01-06T15:40:25.000Z,Faz o L,0,0,0,https://twitter.com/SargentoFAHUR/status/1611030124706545664
fdsfje fejiwofj,@camioneirodobr,https://twitter.com/camioneirodobr/status/1611389381490663424,2023-01-06T15:49:01.000Z,Tem que maluco pra escolher viver no RJ. Estado perdido pra vagabundos,0,0,0,https://twitter.com/SargentoFAHUR/status/1611030124706545664
Kassio Amorim,@Kassioamorim,https://twitter.com/Kassioamorim/status/1611420678418493444,2023-01-06T17:53:23.000Z,Faz o L,0,0,0,https://twitter.com/SargentoFAHUR/status/1611030124706545664
CrocodilloGames #FIFA23,@CrocodilloGames,https://twitter.com/CrocodilloGames/status/1611426197266698258,2023-01-06T18:15:18.000Z,Pode vir meteoro !!!,0,0,0,https://twitter.com/SargentoFAHUR/status/1611030124706545664
paty maconheira,@melchiuchi,https://twitter.com/melchiuchi/status/1611446188586180625,2023-01-06T19:34:45.000Z,tá muito cedo pra falar “faz o L”??,0,0,0,https://twitter.com/SargentoFAHUR/status/1611030124706545664
Marcia ESPOSITO,@MarciaE11355651,https://twitter.com/MarciaE11355651/status/1611312924416409601,2023-01-06T10:45:12.000Z,Gente cadê a polícia e os seguranças pra prender essa doida??,0,0,0,https://twitter.com/SargentoFAHUR/status/1611030124706545664
Khornate Berzerker,@GuardiaoDoCaos,https://twitter.com/GuardiaoDoCaos/status/1611032118284648448,2023-01-05T16:09:23.000Z,Faz o L,1,0,11,https://twitter.com/SargentoFAHUR/status/1611030124706545664
Alexandre L. Mattos,@Badernacast,https://twitter.com/Badernacast/status/1611031046673338369,2023-01-05T16:05:07.000Z,Acho que ela consegue comprar umas 2 cervejinhas.,0,0,53,https://twitter.com/SargentoFAHUR/status/1611030124706545664
Jorgemar,@Jorgema20352193,https://twitter.com/Jorgema20352193/status/1611033582746599426,2023-01-05T16:15:12.000Z,Como é que diz! Faz o L,1,0,14,https://twitter.com/SargentoFAHUR/status/1611030124706545664
Camila Quintano,@camila_quintano,https://twitter.com/camila_quintano/status/1611035631559507973,2023-01-05T16:23:20.000Z,Muito revoltante aonde vamos parar,0,0,3,https://twitter.com/SargentoFAHUR/status/1611030124706545664
Daiane,@daianeozkul,https://twitter.com/daianeozkul/status/1611044752492724230,2023-01-05T16:59:35.000Z,Eleitores do Luule,0,0,2,https://twitter.com/SargentoFAHUR/status/1611030124706545664
Ricardo,@Ricojacpm,https://twitter.com/Ricojacpm/status/1611050586975178759,2023-01-05T17:22:46.000Z,"Mas a Americanas não está nem aí pra isso, depois da auditoria quem arca com os prejuízos são os funcionários",0,0,4,https://twitter.com/SargentoFAHUR/status/1611030124706545664
Gerson Weinert,@weinertgerson,https://twitter.com/weinertgerson/status/1611054536608866304,2023-01-05T17:38:28.000Z,"Infelizmente nosso País vai virar um caos nos próximos 4 anos. E o pior de tudo que todos nos pagaremos juntos por isso. Para os petistas de plantão, faz um L.",0,0,3,https://twitter.com/SargentoFAHUR/status/1611030124706545664
Puromalte,@Puromalte1,https://twitter.com/Puromalte1/status/1611067604533379072,2023-01-05T18:30:23.000Z,"Testemunhas disseram q ela foi a loja retirar uma peça de picanha. Diante da negativa, resolveu levar o que estava mais próximo.",0,0,17,https://twitter.com/SargentoFAHUR/status/1611030124706545664
Pallotini Paolo,@Pallotini,https://twitter.com/Pallotini/status/1611068932043177984,2023-01-05T18:35:40.000Z,Faz o L aí cambada.... Estamos em estado sitiado,1,0,1,https://twitter.com/SargentoFAHUR/status/1611030124706545664
Bruno felipe,@BrunoPachecoF22,https://twitter.com/BrunoPachecoF22/status/1611070371238666244,2023-01-05T18:41:23.000Z,L?,0,0,2,https://twitter.com/SargentoFAHUR/status/1611030124706545664
Nando Antony,@fernandoantony,https://twitter.com/fernandoantony/status/1611071008349241344,2023-01-05T18:43:55.000Z,Se fizesse alguma coisa o vendedor ainda seria preso no lugar dela.,0,0,21,https://twitter.com/SargentoFAHUR/status/1611030124706545664
André,@Andr03221434,https://twitter.com/Andr03221434/status/1611320115123060738,2023-01-06T11:13:46.000Z,Faz o L,0,0,0,https://twitter.com/SargentoFAHUR/status/1611030124706545664
Sérgio Novaes,@SrgioNovaes11,https://twitter.com/SrgioNovaes11/status/1611321920733036545,2023-01-06T11:20:57.000Z,Como esses funcionários estão preocupado em defender seu ganha pão,0,0,0,https://twitter.com/SargentoFAHUR/status/1611030124706545664
juliolive,@furtadosales,https://twitter.com/furtadosales/status/1611335337611038722,2023-01-06T12:14:16.000Z,#Fazuelle,0,0,0,https://twitter.com/SargentoFAHUR/status/1611030124706545664
Gabriela Soares,@gabihsoares,https://twitter.com/gabihsoares/status/1611337524890292225,2023-01-06T12:22:57.000Z,"Se um celular era liberado roubar, as TVs devem ter sido liberadas agora tb. Faz o L!",0,0,0,https://twitter.com/SargentoFAHUR/status/1611030124706545664
Leonardo Valle,@Leonard68567508,https://twitter.com/Leonard68567508/status/1611343331476357126,2023-01-06T12:46:02.000Z,Faz o L,0,0,0,https://twitter.com/SargentoFAHUR/status/1611030124706545664
Vinicius Novelli,@YxxngVini38,https://twitter.com/YxxngVini38/status/1611359780597030914,2023-01-06T13:51:23.000Z,Jurava que a foto de perfil dele era com o boné do MST,0,0,0,https://twitter.com/SargentoFAHUR/status/1611030124706545664
luiz carlos costa,@luizcosta374,https://twitter.com/luizcosta374/status/1611361096564088833,2023-01-06T13:56:37.000Z,Não tem medo da justiça brasileira,0,0,0,https://twitter.com/SargentoFAHUR/status/1611030124706545664
Canal do Void,@Canal_do_Void,https://twitter.com/Canal_do_Void/status/1611364428582199302,2023-01-06T14:09:52.000Z,"Agora gostei de ver, Brasil está evoluindo, parecendo até estados democratas do US, coisa de primeiro mundo!",0,0,0,https://twitter.com/SargentoFAHUR/status/1611030124706545664
itzoro,@itzoro2,https://twitter.com/itzoro2/status/1611369320885493761,2023-01-06T14:29:18.000Z,"Faz o L, tudo liberado",0,0,0,https://twitter.com/SargentoFAHUR/status/1611030124706545664
O Velho do Rio,@analphabertus,https://twitter.com/analphabertus/status/1611370115106328578,2023-01-06T14:32:27.000Z,Uma arma de choque resolveria de imediato o ímpeto cleptomaníaco da mocreia.,0,0,0,https://twitter.com/SargentoFAHUR/status/1611030124706545664
Alvinegro Velha Guarda,@ReginhoAugusto,https://twitter.com/ReginhoAugusto/status/1611031513402904577,2023-01-05T16:06:58.000Z,@guiaoBH faz o L,0,0,2,https://twitter.com/SargentoFAHUR/status/1611030124706545664
Hinório Ferretti,@HinorioF,https://twitter.com/HinorioF/status/1611032538411331585,2023-01-05T16:11:03.000Z,O amor venceu!,0,0,2,https://twitter.com/SargentoFAHUR/status/1611030124706545664
champz,@chpz12,https://twitter.com/chpz12/status/1611071891187589120,2023-01-05T18:47:25.000Z,mas pq caralhos ninguem deu uma bica na muie? KKKKKKKK,0,0,4,https://twitter.com/SargentoFAHUR/status/1611030124706545664
Andreia Mendes,@AndreiavMendess,https://twitter.com/AndreiavMendess/status/1611076796383911949,2023-01-05T19:06:55.000Z,Sai de perto nada! Mete um tapão na orelha e chuta pra fora! Não tinha nenhum Homem aí?,0,0,2,https://twitter.com/SargentoFAHUR/status/1611030124706545664
Alessandrofreire,@alessandrof23,https://twitter.com/alessandrof23/status/1611080045535035393,2023-01-05T19:19:49.000Z,E isso aí faz o l. Só são 5 dias deste governo desgraçado.,0,0,2,https://twitter.com/SargentoFAHUR/status/1611030124706545664
copiadoravip2020 vip,@copiadoravip202,https://twitter.com/copiadoravip202/status/1611080344622489606,2023-01-05T19:21:01.000Z,"o que será de nós Fahur?
Fahur agente vota certo, mas há traição.
o que agente tem de fazer. 
Fahur, os generais Nos traíu?",1,0,1,https://twitter.com/SargentoFAHUR/status/1611030124706545664
Let's Arnold,@LetsArnold,https://twitter.com/LetsArnold/status/1611087320010088460,2023-01-05T19:48:44.000Z,"Peço a jovem que venha ao centro do Alecrim em Natal RN praticar seu ato ilícito, para obter a dose exata do remédio amargo.!

Vem.",0,0,2,https://twitter.com/SargentoFAHUR/status/1611030124706545664
Wescleidemelo,@wescleidemelo,https://twitter.com/wescleidemelo/status/1611093813203972096,2023-01-05T20:14:32.000Z,"A loja pode ser de quem for, até mesmo do George soros. O que eles querem é o caos, tudo para impor uma agenda. O povo sem união é mais fácil ser dominado.",1,0,1,https://twitter.com/SargentoFAHUR/status/1611030124706545664
Apeles Carvalho,@ApelesCarvalho,https://twitter.com/ApelesCarvalho/status/1611098368846987264,2023-01-05T20:32:38.000Z,Faz o L ai galera,0,0,2,https://twitter.com/SargentoFAHUR/status/1611030124706545664
Joice Silva,@JoiceSP27,https://twitter.com/JoiceSP27/status/1611115161992978435,2023-01-05T21:39:22.000Z,"Eu batia, tá doido que ia entrar na minha loja e eu ia ficar olhando uma sem vergonha e criminosa dessa sair de boa.",1,0,1,https://twitter.com/SargentoFAHUR/status/1611030124706545664
Maior do BR,@ARRASCAETA10BRA,https://twitter.com/ARRASCAETA10BRA/status/1611037049590530050,2023-01-05T16:28:58.000Z,"Depois aparece morta queimada na rua, vão dizer que era inocente, que só era usuária de drogas.",0,0,0,https://twitter.com/SargentoFAHUR/status/1611030124706545664
Luiz Felipe Peyrl,@luizfelipeperyl,https://twitter.com/luizfelipeperyl/status/1611062401188696081,2023-01-05T18:09:43.000Z,Só fuzila alguém assim,0,0,0,https://twitter.com/SargentoFAHUR/status/1611030124706545664
Eliane,@Eliane28388618,https://twitter.com/Eliane28388618/status/1611083178634010633,2023-01-05T19:32:16.000Z,F o L,0,0,0,https://twitter.com/SargentoFAHUR/status/1611030124706545664
Messias Stein,@mssteinstein,https://twitter.com/mssteinstein/status/1611104798602063873,2023-01-05T20:58:11.000Z,Agora é fazer o L de Luladrão,0,0,0,https://twitter.com/SargentoFAHUR/status/1611030124706545664
debora destri rosa,@pidestri,https://twitter.com/pidestri/status/1611106713402507264,2023-01-05T21:05:48.000Z,Eles podem!!!! Segundo o novo governo,0,0,0,https://twitter.com/SargentoFAHUR/status/1611030124706545664
Viktor,@vitrusandraus,https://twitter.com/vitrusandraus/status/1611111129027059713,2023-01-05T21:23:20.000Z,Californication,0,0,0,https://twitter.com/SargentoFAHUR/status/1611030124706545664
Giovani Spagnuolo Jr B22,@giovanispag,https://twitter.com/giovanispag/status/1611126213082218496,2023-01-05T22:23:17.000Z,o Brasil tá alastrado dessas desgr@ças,0,0,0,https://twitter.com/SargentoFAHUR/status/1611030124706545664
Gisleine Maioral,@GisleineMaioral,https://twitter.com/GisleineMaioral/status/1611130410309746688,2023-01-05T22:39:57.000Z,Aiiii q gracinhaaaa!!😉,0,0,0,https://twitter.com/SargentoFAHUR/status/1611030124706545664
Fabio Sousa,@so05544651,https://twitter.com/so05544651/status/1611144530438541312,2023-01-05T23:36:04.000Z,"Normal, um país que as forças armadas são covardes",0,0,0,https://twitter.com/SargentoFAHUR/status/1611030124706545664
José Pina,@JosPina74562413,https://twitter.com/JosPina74562413/status/1611147600450801666,2023-01-05T23:48:16.000Z,Quando o bolsonaro esta no poder ninguém robava só os filhos dele.,0,0,0,https://twitter.com/SargentoFAHUR/status/1611030124706545664
brunocorrea,@soueubrunomesmo,https://twitter.com/soueubrunomesmo/status/1611511399993294850,2023-01-06T23:53:52.000Z,@GugaNoblat cadê o comentário??,0,0,0,https://twitter.com/SargentoFAHUR/status/1611030124706545664
Adriano faria,@Adriano16126444,https://twitter.com/Adriano16126444/status/1611565914629242880,2023-01-07T03:30:30.000Z,Mais uma vítima da sociedade opressora,0,0,0,https://twitter.com/SargentoFAHUR/status/1611030124706545664
W Cunha,@cunhaosim,https://twitter.com/cunhaosim/status/1611703564493295624,2023-01-07T12:37:28.000Z,Nada a ver com política isso é um crime como tantos outros que acontecem diariamente inclusive dos políticos,0,0,0,https://twitter.com/SargentoFAHUR/status/1611030124706545664
Adonias Batista,@AdoniasBatista9,https://twitter.com/AdoniasBatista9/status/1611704391635202048,2023-01-07T12:40:45.000Z,Isso aí é só o começo...,0,0,0,https://twitter.com/SargentoFAHUR/status/1611030124706545664
vitor coutinho,@vitorco93815575,https://twitter.com/vitorco93815575/status/1611800520301375488,2023-01-07T19:02:44.000Z,Agora faz o L de lascado,0,0,0,https://twitter.com/SargentoFAHUR/status/1611030124706545664
Igor Rezende,@igorezendemg,https://twitter.com/igorezendemg/status/1611487673792843791,2023-01-06T22:19:36.000Z,Se sou eu tinha dado uma na cara dela!,0,0,0,https://twitter.com/SargentoFAHUR/status/1611030124706545664
Joel Machado,@Joeleagle,https://twitter.com/Joeleagle/status/1611645094511230977,2023-01-07T08:45:08.000Z,"É tão simples: PEGA e SOME com o corpo dela!! Enquanto o Brasil ficar bancando o bundão, bundão sempre será!!",0,0,0,https://twitter.com/SargentoFAHUR/status/1611030124706545664
Pedro Pedro,@JPJogosYT,https://twitter.com/JPJogosYT/status/1611700784273522690,2023-01-07T12:26:25.000Z,"Hahaha só dá uma na oreia, cheio de gente ali filmando e olhando",0,0,0,https://twitter.com/SargentoFAHUR/status/1611030124706545664
"Ricardo, o banido.",@KBuotowsky,https://twitter.com/KBuotowsky/status/1611071929380659220,2023-01-05T18:47:34.000Z,Ladra e racista,0,0,0,https://twitter.com/SargentoFAHUR/status/1611030124706545664
Sidnei Sidbercamp,@sidbercamp,https://twitter.com/sidbercamp/status/1611212077254823936,2023-01-06T04:04:28.000Z,monkey,0,0,0,https://twitter.com/SargentoFAHUR/status/1611030124706545664
????,@_minndepapai,https://twitter.com/_minndepapai/status/1611186015107964930,2023-01-06T02:20:55.000Z,faz u L,0,0,0,https://twitter.com/SargentoFAHUR/status/1611030124706545664
Bruno Kuran,@BrNKuran,https://twitter.com/BrNKuran/status/1611175203551207424,2023-01-06T01:37:57.000Z,@larialves_24,0,0,0,https://twitter.com/SargentoFAHUR/status/1611030124706545664
Valdirene Santana,@Valdire85568611,https://twitter.com/Valdire85568611/status/1611102371404304391,2023-01-05T20:48:32.000Z,E não fizeram nada?,0,0,0,https://twitter.com/SargentoFAHUR/status/1611030124706545664
Marco Tulio,@MarcoTu21115247,https://twitter.com/MarcoTu21115247/status/1611158627661873152,2023-01-06T00:32:05.000Z,@BaixaEssaPorra,1,0,0,https://twitter.com/SargentoFAHUR/status/1611030124706545664
Jean Paulo,@JeanPau4586091,https://twitter.com/JeanPau4586091/status/1611034630852956162,2023-01-05T16:19:22.000Z,"Haaaaaaeeeeeeer , agora pode.",0,0,0,https://twitter.com/SargentoFAHUR/status/1611030124706545664
Haroldo Junior,@HRJunior60,https://twitter.com/HRJunior60/status/1611036760771039233,2023-01-05T16:27:50.000Z,Isso é  Brasil do PT,0,0,0,https://twitter.com/SargentoFAHUR/status/1611030124706545664
Leo Victor,@profLeoVictor,https://twitter.com/profLeoVictor/status/1611039913486450688,2023-01-05T16:40:21.000Z,Já foi capturada,0,0,0,https://twitter.com/SargentoFAHUR/status/1611030124706545664
Divino Silva,@Oficial_Divino,https://twitter.com/Oficial_Divino/status/1611040435945840640,2023-01-05T16:42:26.000Z,"😂😂😂 É na @americanas. Grupo dos que apoiam Faz o L, um dos que pregam e promovem a diversidade. Isso é só o começo. Quando forem no lugar errado encontrará o que merecem. Isso será normalidade nos próximos 4 anos nesse país da sacanagem.",4,1,51,https://twitter.com/SargentoFAHUR/status/1611030124706545664
Pablo,@PabloMesquitaR4,https://twitter.com/PabloMesquitaR4/status/1611153139067162624,2023-01-06T00:10:16.000Z,Novo hino espalhem,2,5,41,https://twitter.com/SargentoFAHUR/status/1611030124706545664
gessica Santos,@gelsantosalves,https://twitter.com/gelsantosalves/status/1611550103285780483,2023-01-07T02:27:40.000Z,"#Fazueli o amor venceu, viva o PT",0,0,0,https://twitter.com/SargentoFAHUR/status/1611030124706545664
Luis Antônio Soares da Silva,@AntnioSoar9,https://twitter.com/AntnioSoar9/status/1611558429302132739,2023-01-07T03:00:45.000Z,É o estilo PT tomando forma! Não tem segurança armado?,0,0,0,https://twitter.com/SargentoFAHUR/status/1611030124706545664
marcelo almeida,@marcelo13211,https://twitter.com/marcelo13211/status/1611585541773959174,2023-01-07T04:48:29.000Z,Faz o L...,0,0,0,https://twitter.com/SargentoFAHUR/status/1611030124706545664
Andre Mion,@SrMion,https://twitter.com/SrMion/status/1611591114267701248,2023-01-07T05:10:38.000Z,"Posso falar ""fazoéli""?",0,0,0,https://twitter.com/SargentoFAHUR/status/1611030124706545664
jose edevaldo,@edevaldo08,https://twitter.com/edevaldo08/status/1611648853391851521,2023-01-07T09:00:04.000Z,Fazuele!!!,0,0,0,https://twitter.com/SargentoFAHUR/status/1611030124706545664
luiz,@suessmann1970,https://twitter.com/suessmann1970/status/1611651697394307072,2023-01-07T09:11:22.000Z,Me lembrou os EUA...,0,0,0,https://twitter.com/SargentoFAHUR/status/1611030124706545664
luiz,@suessmann1970,https://twitter.com/suessmann1970/status/1611652639443279873,2023-01-07T09:15:06.000Z,"Teria que partir pra guerra do bem contra o mal. Agora sem armas é ruim. As escolas deveriam treinar o cidadão e armá-lo. Uma Esparta moderna, onde não haveria mais uma sociedade de lobos entre uma multidão de cordeiros.",0,0,0,https://twitter.com/SargentoFAHUR/status/1611030124706545664
joaoangelo1985,@joaoangelo1985,https://twitter.com/joaoangelo1985/status/1611653203736817665,2023-01-07T09:17:21.000Z,E cadê a polícia? A estão tendo q cuidar dos mimadinhos na porta dos quartéis!!,0,0,0,https://twitter.com/SargentoFAHUR/status/1611030124706545664
Daniel Aguiar,@DanielA91506997,https://twitter.com/DanielA91506997/status/1611335527177007104,2023-01-06T12:15:01.000Z,É só o começo!,0,0,0,https://twitter.com/SargentoFAHUR/status/1611030124706545664
Elvis Miguel Baranek,@BaranekElvis,https://twitter.com/BaranekElvis/status/1611338323276226561,2023-01-06T12:26:08.000Z,Soco na fusa,0,0,0,https://twitter.com/SargentoFAHUR/status/1611030124706545664
Só Jesus Salva,@JooPicanoBatist,https://twitter.com/JooPicanoBatist/status/1611426398454824960,2023-01-06T18:16:06.000Z,Loja com funcionários bananas... preferem filmar do que agir fazer alguma coisa,0,0,0,https://twitter.com/SargentoFAHUR/status/1611030124706545664
Paulo César,@PauloCs2018,https://twitter.com/PauloCs2018/status/1611195065937838081,2023-01-06T02:56:52.000Z,Tem homem nessa loja não ???,0,0,0,https://twitter.com/SargentoFAHUR/status/1611030124706545664
Rafael,@rafatorked9,https://twitter.com/rafatorked9/status/1611231514154643458,2023-01-06T05:21:42.000Z,"Puta merda, até onde vai precisar chegar pra quem deveria fazer alguma coisa se mexer? Porraaa",0,0,0,https://twitter.com/SargentoFAHUR/status/1611030124706545664
sigeR,@sigeR86741804,https://twitter.com/sigeR86741804/status/1611266318694481920,2023-01-06T07:40:00.000Z,Faz o L.,0,0,0,https://twitter.com/SargentoFAHUR/status/1611030124706545664
Tarcisio cunha de souza,@Tarcisiocunhad2,https://twitter.com/Tarcisiocunhad2/status/1611335669137154049,2023-01-06T12:15:35.000Z,Faz o L,0,0,0,https://twitter.com/SargentoFAHUR/status/1611030124706545664
fabiadv,@fabiadv2,https://twitter.com/fabiadv2/status/1611338807621681153,2023-01-06T12:28:03.000Z,Petista é assim mesmo e agora tão se achando com tanto criminoso no poder,0,0,0,https://twitter.com/SargentoFAHUR/status/1611030124706545664
Janco Tianno,@tianno_janco,https://twitter.com/tianno_janco/status/1611367705621274624,2023-01-06T14:22:53.000Z,Faz arminha,0,0,0,https://twitter.com/SargentoFAHUR/status/1611030124706545664
Pedro Fabricio,@PedroFa32540389,https://twitter.com/PedroFa32540389/status/1611386449416359936,2023-01-06T15:37:22.000Z,Faz o L agora pessoal que isso é normal.,0,0,0,https://twitter.com/SargentoFAHUR/status/1611030124706545664
JOAO PAULO Hora,@JOAOPAULOHORA,https://twitter.com/JOAOPAULOHORA/status/1611194503766892547,2023-01-06T02:54:38.000Z,Faz o L,0,0,0,https://twitter.com/SargentoFAHUR/status/1611030124706545664
Rubens Junior,@RubensJ36133270,https://twitter.com/RubensJ36133270/status/1611442619795574784,2023-01-06T19:20:34.000Z,Faz o L.,0,0,0,https://twitter.com/SargentoFAHUR/status/1611030124706545664
Lyandre ᶜʳᶠ,@lyandrin,https://twitter.com/lyandrin/status/1611173934099038210,2023-01-06T01:32:54.000Z,@vinizauo1,1,0,1,https://twitter.com/SargentoFAHUR/status/1611030124706545664
Will.Martins,@Rwilliammartins,https://twitter.com/Rwilliammartins/status/1611386218905739265,2023-01-06T15:36:27.000Z,"Perai aí, é ele que passou ali?",0,0,0,https://twitter.com/SargentoFAHUR/status/1611030124706545664
Grá,@gracaroldona,https://twitter.com/gracaroldona/status/1611030940620587008,2023-01-05T16:04:42.000Z,"E daqui para frente vai ser disso pra pior...

Não adianta ficar indignado dentro de casa ou na internet. Vamos às ruas. Quem puder vá para Brasília precisamos lotar a praça dos 3 poderes. O Brasil é nosso!!! 🇧🇷#GREVEGERAL",2,0,5,https://twitter.com/SargentoFAHUR/status/1611030124706545664
Fabio Imig,@fabio_imig,https://twitter.com/fabio_imig/status/1611055611403243520,2023-01-05T17:42:44.000Z,Por que ninguém fez nada..Alguém pode responder?,0,0,2,https://twitter.com/SargentoFAHUR/status/1611030124706545664
BENDITOELONMUSK,@Bendito93854338,https://twitter.com/Bendito93854338/status/1611133678477877254,2023-01-05T22:52:57.000Z,Americanas... É pouco... Faz o L,0,0,2,https://twitter.com/SargentoFAHUR/status/1611030124706545664
Valéria Cubas,@valeriacubasst,https://twitter.com/valeriacubasst/status/1611144764891746304,2023-01-05T23:37:00.000Z,Pq eles nao vao nos estabelecimentos petistas fazer essas gracinhas? 🤌🏼,0,0,3,https://twitter.com/SargentoFAHUR/status/1611030124706545664
Marcio Aranhus,@MAranhus,https://twitter.com/MAranhus/status/1611150853490053120,2023-01-06T00:01:11.000Z,Que falta de uma coça de tirar o couro.,0,0,2,https://twitter.com/SargentoFAHUR/status/1611030124706545664
Michel¹⁸⁹⁸,@Tremraro_77,https://twitter.com/Tremraro_77/status/1611164333509312512,2023-01-06T00:54:45.000Z,"opa, opa, alguem pode me confirmar se é ele ali???🧐💢@vascaodazoeira @VascodaGama",0,0,1,https://twitter.com/SargentoFAHUR/status/1611030124706545664
Anderson,@AndyDaniels1986,https://twitter.com/AndyDaniels1986/status/1611060424501301257,2023-01-05T18:01:51.000Z,"Agora me responda: O que o Sgto responderia a ela após prendê-la e ela respondesse: "" O ""líder"" da nação fez muito pior e batem palmas para ele e o condecoram, por quê comigo é diferente?""
Essa foi a mensagem passada por essas ""eleições"". Lojas americanEs faz o..!",1,0,0,https://twitter.com/SargentoFAHUR/status/1611030124706545664
Carlos Alberto Souza,@CarlosA44500563,https://twitter.com/CarlosA44500563/status/1611344056835244032,2023-01-06T12:48:55.000Z,Nada q 9mm não resolva.,0,0,0,https://twitter.com/SargentoFAHUR/status/1611030124706545664
Lucas,@LucasDelize,https://twitter.com/LucasDelize/status/1611191028693745664,2023-01-06T02:40:50.000Z,Fazueli,0,0,0,https://twitter.com/SargentoFAHUR/status/1611030124706545664
o tal do pips,@PedroAu77639684,https://twitter.com/PedroAu77639684/status/1611191967924490240,2023-01-06T02:44:34.000Z,Falta de coro,0,0,0,https://twitter.com/SargentoFAHUR/status/1611030124706545664
𓂀,@pedrindosj,https://twitter.com/pedrindosj/status/1611201283754692610,2023-01-06T03:21:35.000Z,"e se a gente disser o que tem vontade, a gente vai preso e ela não...
Terra sem lei!",0,0,0,https://twitter.com/SargentoFAHUR/status/1611030124706545664
Anderson Domingos,@andersonTKE,https://twitter.com/andersonTKE/status/1611211463749664768,2023-01-06T04:02:02.000Z,Faz o L! 😂😂,0,0,0,https://twitter.com/SargentoFAHUR/status/1611030124706545664
HIPERBORIUM TRADER,@HiperboriumT,https://twitter.com/HiperboriumT/status/1611200149086261250,2023-01-06T03:17:04.000Z,Faz o L,0,0,0,https://twitter.com/SargentoFAHUR/status/1611030124706545664
Diogo Duarte,@DDuarte_1980,https://twitter.com/DDuarte_1980/status/1611205387914444800,2023-01-06T03:37:53.000Z,E não tinha um por perto para dar um tapão na orelha????,0,0,0,https://twitter.com/SargentoFAHUR/status/1611030124706545664
Zé Henrique,@zechiummo,https://twitter.com/zechiummo/status/1611332557370540034,2023-01-06T12:03:13.000Z,Tá faltando pessoas pra encher essa turma de porrada antes de acontecer,0,0,0,https://twitter.com/SargentoFAHUR/status/1611030124706545664
Vítor,@Vitor19l,https://twitter.com/Vitor19l/status/1611346256562950144,2023-01-06T12:57:39.000Z,O Lula gosta!,0,0,0,https://twitter.com/SargentoFAHUR/status/1611030124706545664
lucas ribeiro,@lucasr1988,https://twitter.com/lucasr1988/status/1611663581480914944,2023-01-07T09:58:35.000Z,Eles tem certeza da impunidade 🤡,0,0,0,https://twitter.com/SargentoFAHUR/status/1611030124706545664
Hadson Faria,@FariaHadson,https://twitter.com/FariaHadson/status/1611671279714582529,2023-01-07T10:29:11.000Z,Tamo lascado !!,0,0,0,https://twitter.com/SargentoFAHUR/status/1611030124706545664
MARENIS OL,@MEULEOZINHO2,https://twitter.com/MEULEOZINHO2/status/1611671953252782082,2023-01-07T10:31:51.000Z,Os comuna cooptaram os piores...,0,0,0,https://twitter.com/SargentoFAHUR/status/1611030124706545664
BOLSONARO TEM RAZÃO,@CHRISTIANOARAU4,https://twitter.com/CHRISTIANOARAU4/status/1611689071407169538,2023-01-07T11:39:53.000Z,"Viva, Brasil do amor. Melhor ainda que foi nas lojas americanas.  Qued de americana não tem nada.",0,0,0,https://twitter.com/SargentoFAHUR/status/1611030124706545664
Paulo Jhonatan,@PauloJhonatan12,https://twitter.com/PauloJhonatan12/status/1611698618993369089,2023-01-07T12:17:49.000Z,"Nao entendi prq ngm fez nada...
Um soco no meio da cara resolvia",0,0,0,https://twitter.com/SargentoFAHUR/status/1611030124706545664
PCN,@pauloprado00,https://twitter.com/pauloprado00/status/1611700511706603523,2023-01-07T12:25:20.000Z,Faz o L,0,0,0,https://twitter.com/SargentoFAHUR/status/1611030124706545664
PR Moacyr,@moacyrprmoacyr,https://twitter.com/moacyrprmoacyr/status/1611718712611987458,2023-01-07T13:37:40.000Z,"As pessoas perderam totalmente o que significa direito, ninguém se move se entregaram ao mal ,e por outro lado não há reação que é tão ruim quanto o erro .",0,0,0,https://twitter.com/SargentoFAHUR/status/1611030124706545664
Fernandes Adauto,@Adaut1Adauto,https://twitter.com/Adaut1Adauto/status/1611727890499993601,2023-01-07T14:14:08.000Z,E essa moral que vemos hoje. Moral que falta no poder público nos novos administradores deste nosso Brasil!!,0,0,0,https://twitter.com/SargentoFAHUR/status/1611030124706545664
Edmilson Elias Loureiro,@elias_loureiro,https://twitter.com/elias_loureiro/status/1611738999718088704,2023-01-07T14:58:16.000Z,Cadê o Ministro Dino-ssauro????,0,0,0,https://twitter.com/SargentoFAHUR/status/1611030124706545664
cristiano,@NaninCristiano,https://twitter.com/NaninCristiano/status/1611765383698026501,2023-01-07T16:43:07.000Z,"Vcs estão de brincadeira deixar essa pessoa fazer isso na cara dura,maluco rasca dinheiro não rouba tv de led",0,0,0,https://twitter.com/SargentoFAHUR/status/1611030124706545664
Tramontina,@Caio4211,https://twitter.com/Caio4211/status/1611175881497628672,2023-01-06T01:40:39.000Z,"A placa no fim do vídeo:""Foi bom vc ter vindo, volte sempre""
Foi o Lula que escreveu não foi não ?",0,0,2,https://twitter.com/SargentoFAHUR/status/1611030124706545664
Ayan Libre,@Israel_19842,https://twitter.com/Israel_19842/status/1611184515157737474,2023-01-06T02:14:57.000Z,"essa é a ""new sociedade"" que os globalista estão implantando no mundo. o estado da california -EUA, é o laboratório desse ninho de serpente que exporta mundo afora. aqui conta com apoio irrestrito do PT/PSOL que adoram romantizar a criminalidade em conjunto com mídia militante...",0,0,2,https://twitter.com/SargentoFAHUR/status/1611030124706545664
Terra Redonda,@michaelpavoni2,https://twitter.com/michaelpavoni2/status/1611188118853677057,2023-01-06T02:29:16.000Z,"Isto não problem Federal.  Caso da polícia militar , civil e judiciário! Nada tem haver com o Bolsonaro ou Lula . Quanta asneiras !",0,0,3,https://twitter.com/SargentoFAHUR/status/1611030124706545664
Cristiano Paciullo,@cepaciullo92,https://twitter.com/cepaciullo92/status/1611328080303333377,2023-01-06T11:45:26.000Z,"Minha esposa já trabalhou nessa empresa aí ... Infelizmente, os furtos e roubos são diários, e a Americanas NÃO investe em segurança!
Ela já teve q ouvir de um delinquente pego em flagrante ""Sou de menor, o q vc acha q vai fazer? Eu vou voltar e roubar mais!""
E as leis não mudam!",0,0,1,https://twitter.com/SargentoFAHUR/status/1611030124706545664
alice,@mesocarpus,https://twitter.com/mesocarpus/status/1611331532915974144,2023-01-06T11:59:09.000Z,@piguigil,0,0,1,https://twitter.com/SargentoFAHUR/status/1611030124706545664
Tiago Queimado,@tikeimadu,https://twitter.com/tikeimadu/status/1611347238810157062,2023-01-06T13:01:33.000Z,Infelizmente esse tipo de pessoa só entende por meio da força 🤷🏻Começa a usar a força para ver se não melhora 🤷🏻,0,0,1,https://twitter.com/SargentoFAHUR/status/1611030124706545664
JAIME RAMOS,@JAIMERA99536676,https://twitter.com/JAIMERA99536676/status/1611347358603792387,2023-01-06T13:02:02.000Z,Faz o L. o brasil acabou,0,0,1,https://twitter.com/SargentoFAHUR/status/1611030124706545664
Robson Cordeiro Oliveira,@Robson_COliver,https://twitter.com/Robson_COliver/status/1611347861181964290,2023-01-06T13:04:02.000Z,Eleitor do Lula achando que não vai ser preso,0,0,2,https://twitter.com/SargentoFAHUR/status/1611030124706545664
Paulo Plínio,@ofc_pauloplinio,https://twitter.com/ofc_pauloplinio/status/1611348188127969282,2023-01-06T13:05:20.000Z,"Se prende vai falava e racismo, preconceito com pobre...
Agora é o poste mijando no cachorro, ainda vai ter muito disso infelizmente",0,0,1,https://twitter.com/SargentoFAHUR/status/1611030124706545664
Vitor Braga,@VITOR_BR4GA,https://twitter.com/VITOR_BR4GA/status/1611349407189852161,2023-01-06T13:10:10.000Z,"Isso é só o começo, AGR fazuéle kkkk",0,0,1,https://twitter.com/SargentoFAHUR/status/1611030124706545664
