nome,usuario,idTweet,dataPublicacao,texto,replies,retweets,likes,tweetPai
Carol De Toni,@CarolDeToni,https://twitter.com/CarolDeToni/status/1611490022976548864,2023-01-06T22:28:56.000Z,"Desde 2020 o Brasil estava fora dessa organização, quando o Presidente Bolsonaro oficializou a saída, após a Celac excluir os Estados Unidos e Canadá e incluir as ditaduras de Cuba e Nicarágua.",38,121,893,https://twitter.com/CarolDeToni/status/1611490019663020032
José r Aves,@JoseRod32004544,https://twitter.com/JoseRod32004544/status/1612388716797911040,2023-01-09T10:00:01.000Z,Armação quer ter liberdade de expressão e respeitar a constituisao,0,0,0,https://twitter.com/CarolDeToni/status/1611490019663020032
Leonardo,@Leonard62993800,https://twitter.com/Leonard62993800/status/1615140446849888258,2023-01-17T00:14:25.000Z,Todos falidos kkkk,0,0,0,https://twitter.com/CarolDeToni/status/1611490019663020032
Renato A Santos,@bh_nadireita,https://twitter.com/bh_nadireita/status/1611490709043052550,2023-01-06T22:31:39.000Z,Tudo dentro do previsível.,0,0,3,https://twitter.com/CarolDeToni/status/1611490019663020032
Silverio,@SilverioJB,https://twitter.com/SilverioJB/status/1611686806973517825,2023-01-07T11:30:53.000Z,"Carol Carol formem a maior bancada da história e não deixem esses corruptos seguram.
Ou sermos escravizados.
Depende dos senadores e deputados.",0,3,6,https://twitter.com/CarolDeToni/status/1611490019663020032
trago boas notícias #semanistia,@diasmelhoresbr,https://twitter.com/diasmelhoresbr/status/1612211194638606337,2023-01-08T22:14:36.000Z,"Os deputados coniventes com o bolsoterrorismo serão CASSADOS. 🐂🚔🐀@PrintaPraMimSEM ANISTIA
Salve a Democracia!#ForaIbaneis#BolsonaroNaCadeia",1,1,2,https://twitter.com/CarolDeToni/status/1611490019663020032
Claumari.,@Claud565637,https://twitter.com/Claud565637/status/1611536696801169408,2023-01-07T01:34:24.000Z,Cansou não.,0,0,1,https://twitter.com/CarolDeToni/status/1611490019663020032
Selma Drigo,@DrigoSelma,https://twitter.com/DrigoSelma/status/1612451829157363712,2023-01-09T14:10:48.000Z,"E lá vem o Brasil descendo a ladeira!!! Olha o nível da burrice: OCDE não, Celac sim. 🤡🤡🤡",0,0,0,https://twitter.com/CarolDeToni/status/1611490019663020032
Mônica,@monicabassoli,https://twitter.com/monicabassoli/status/1611495306863984642,2023-01-06T22:49:55.000Z,Que tal atuar como deputada e deixar as notícias pra gente?,2,3,20,https://twitter.com/CarolDeToni/status/1611490019663020032
Gladys,@Gladys87144626,https://twitter.com/Gladys87144626/status/1611865002407006208,2023-01-07T23:18:58.000Z,@CarolDeToni deputada vs tem que agir com as  leis fazam por merecer os votos do povo  Triste ver o cara destruir e vs nada.,0,0,0,https://twitter.com/CarolDeToni/status/1611490019663020032
Elon_fã,@FaElonmusk,https://twitter.com/FaElonmusk/status/1611759467703435265,2023-01-07T16:19:36.000Z,#renuncialula,0,0,0,https://twitter.com/CarolDeToni/status/1611490019663020032
Hercilio Welinski,@HWelinski,https://twitter.com/HWelinski/status/1611524942063099904,2023-01-07T00:47:41.000Z,"é o fim do Brasil, pode crer. 🇧🇷🇧🇷🇧🇷",0,0,0,https://twitter.com/CarolDeToni/status/1611490019663020032
erasmo carlos tremendão,@reverendo_shark,https://twitter.com/reverendo_shark/status/1611495381656797187,2023-01-06T22:50:13.000Z,faz o L congressistas!,0,0,0,https://twitter.com/CarolDeToni/status/1611490019663020032
gildevane Projeto Mão Amiga Jaboatão,@GildevaneJ,https://twitter.com/GildevaneJ/status/1611561923383906305,2023-01-07T03:14:38.000Z,Só a misericórdia de Deus na vida de cada Brasileiro,1,0,1,https://twitter.com/CarolDeToni/status/1611490019663020032
BRASIL NA BEIRA DO ABISMO.,@waldigodinho24,https://twitter.com/waldigodinho24/status/1611569818666164224,2023-01-07T03:46:00.000Z,Impeachment ao Hugo Chaves.,0,0,0,https://twitter.com/CarolDeToni/status/1611490019663020032
Jose Ricardo Bini,@JoseRicardoBin1,https://twitter.com/JoseRicardoBin1/status/1611771272484249602,2023-01-07T17:06:31.000Z,Qual medida os deputados irão tomar para reverter isso?,1,1,2,https://twitter.com/CarolDeToni/status/1611490019663020032
Ana Paula Pekelman,@APekelman,https://twitter.com/APekelman/status/1611511098305282049,2023-01-06T23:52:40.000Z,Aí meu Deus!Tá difícil!Vamos ao que interessa:AONDE FOI PARAR O DINHEIRO DA MANUTENÇÃO DO ALVORADA QUE JAIR RECEBEU?O QUE ELE FEZ COM A GRANA? CADÊ O DINHEIRO? PQ ELE NÃO FEZ A MANUTENÇÃO SE TINHA ORÇAMENTO PARA ISSO? COMO FOI QUEBRADA A JANELA DA SALA DE JANTAR?,0,0,0,https://twitter.com/CarolDeToni/status/1611490019663020032
Andrew Da Cruz,@AndycomiEUP,https://twitter.com/AndycomiEUP/status/1611498990998003719,2023-01-06T23:04:34.000Z,A senhora é deputada ou militante faz oque no congresso???  Leia e informa-se!!!!,0,0,0,https://twitter.com/CarolDeToni/status/1611490019663020032
Renata,@renata24702547,https://twitter.com/renata24702547/status/1611535076138917889,2023-01-07T01:27:57.000Z,O pior está por vir...,0,0,0,https://twitter.com/CarolDeToni/status/1611490019663020032
AJC°•°,@ArthurJ64203117,https://twitter.com/ArthurJ64203117/status/1614059477501616131,2023-01-14T00:39:01.000Z,"Um ato antidemocrático contra o Brasil. 
Mas para a tropa lulista é democracia. 🤮🤮🤮🤮🤮🤮🤮🤮",0,0,0,https://twitter.com/CarolDeToni/status/1611490019663020032
Daniel Habacuque,@DHSB1988,https://twitter.com/DHSB1988/status/1611688675657617410,2023-01-07T11:38:18.000Z,"Pelo amor de Deus pare de ficar dando um de blogueira. E vá trabalhar...
Estás deputags não aprendem! Até o Marcos do Val está trabalhando enquanto pessoas que viveram a sombra do Bolsonaro não fazem nada.",1,0,2,https://twitter.com/CarolDeToni/status/1611490019663020032
Baspel,@rbaspel,https://twitter.com/rbaspel/status/1612475928600317954,2023-01-09T15:46:34.000Z,Tá sumida há 02 dias narizinho? Por que?,0,0,1,https://twitter.com/CarolDeToni/status/1611490019663020032
Karime Toazza,@KarimeToazza,https://twitter.com/KarimeToazza/status/1614018833802579969,2023-01-13T21:57:31.000Z,"Carol , vc está se ocupando dos manifestantes presos inocentemente???",0,0,0,https://twitter.com/CarolDeToni/status/1611490019663020032
zeronews,@Gilbert01010789,https://twitter.com/Gilbert01010789/status/1612145814247280643,2023-01-08T17:54:48.000Z,"Meu Deus, pois é...",0,0,0,https://twitter.com/CarolDeToni/status/1611490019663020032
semy,@swr69,https://twitter.com/swr69/status/1611833612491689984,2023-01-07T21:14:14.000Z,#LulaLadraoSeuLugarENaPrisao  #LulaGenocida  🇧🇷👍🤠,0,0,0,https://twitter.com/CarolDeToni/status/1611490019663020032
RT,@orodoet67,https://twitter.com/orodoet67/status/1611960383287296000,2023-01-08T05:37:58.000Z,Se o povo não se mexer é só ladeira a baixo.,0,0,0,https://twitter.com/CarolDeToni/status/1611490019663020032
Pedro Bento,@be_n_t,https://twitter.com/be_n_t/status/1611710285684871168,2023-01-07T13:04:10.000Z,Revista Oeste hahahahahahaha,0,0,0,https://twitter.com/CarolDeToni/status/1611490019663020032
Escritora de direita,@escritoradireit,https://twitter.com/escritoradireit/status/1611507290250661889,2023-01-06T23:37:33.000Z,Votei na senhora. Fevereiro vá com tudo pra cima deles!,0,0,0,https://twitter.com/CarolDeToni/status/1611490019663020032
Mary Mary LIBERTEM ANDERSON TORRES,@MaryTrinidade,https://twitter.com/MaryTrinidade/status/1611688698034196481,2023-01-07T11:38:23.000Z,E o que VCS PARLAMENTARES VÃO FAZER?!,0,0,0,https://twitter.com/CarolDeToni/status/1611490019663020032
ivana alberguini,@AlberguiniIvana,https://twitter.com/AlberguiniIvana/status/1612138498814885890,2023-01-08T17:25:44.000Z,Vamos trabalhar? Menos redes sociais e mais ações.,0,0,0,https://twitter.com/CarolDeToni/status/1611490019663020032
TADEUCOSTA,@TADEUCO60484751,https://twitter.com/TADEUCO60484751/status/1612304941086916608,2023-01-09T04:27:07.000Z,"OI SUMIDA, FICOU MUDINHA?",0,0,1,https://twitter.com/CarolDeToni/status/1611490019663020032
vagnerhugo,@vagnerhugo82,https://twitter.com/vagnerhugo82/status/1611490295182508034,2023-01-06T22:30:01.000Z,se continuar assim vamos quebrar... estamos misturando com a pior espécie.,0,1,2,https://twitter.com/CarolDeToni/status/1611490019663020032
Tenorio Roots,@TenorioRoots,https://twitter.com/TenorioRoots/status/1611850214729519106,2023-01-07T22:20:12.000Z,"Eita lasqueira, vamo chegar mandando botando banca que fd",0,0,0,https://twitter.com/CarolDeToni/status/1611490019663020032
Lucas,@Lucas62685314,https://twitter.com/Lucas62685314/status/1611554763782365185,2023-01-07T02:46:11.000Z,Deputados e senadores precisam AGIR!!!,0,1,1,https://twitter.com/CarolDeToni/status/1611490019663020032
"liberdade,Igualdade,Equidade.",@Edy_danca,https://twitter.com/Edy_danca/status/1611587687408111616,2023-01-07T04:57:01.000Z,Volta pra escola: Idiota.,0,0,0,https://twitter.com/CarolDeToni/status/1611490019663020032
claudia moretto,@claudiamoretto3,https://twitter.com/claudiamoretto3/status/1611851318229860352,2023-01-07T22:24:35.000Z,Ui!,0,0,0,https://twitter.com/CarolDeToni/status/1611490019663020032
Soninha,@Sonia_luz123,https://twitter.com/Sonia_luz123/status/1611747127226499075,2023-01-07T15:30:34.000Z,Só piora!!🤦‍♀️,0,0,0,https://twitter.com/CarolDeToni/status/1611490019663020032
André Luis,@mouraandre20182,https://twitter.com/mouraandre20182/status/1611707070902075392,2023-01-07T12:51:24.000Z,"acho melhor que integrar blocos de extrema direita, estamos vendo no Brasil o que esta galera é capaz",0,0,0,https://twitter.com/CarolDeToni/status/1611490019663020032
O LADRÃO NÃO ME REPRESENTA!,@PoeiraCosmica70,https://twitter.com/PoeiraCosmica70/status/1611865928207048706,2023-01-07T23:22:38.000Z,Verme pestilento 🤮,1,2,1,https://twitter.com/CarolDeToni/status/1611490019663020032
José Natal Jonas,@JosNatalJonas1,https://twitter.com/JosNatalJonas1/status/1611776171552739328,2023-01-07T17:25:59.000Z,Credo.,0,0,0,https://twitter.com/CarolDeToni/status/1611490019663020032
Marcos Reis,@L72FY2QeL6AW7qe,https://twitter.com/L72FY2QeL6AW7qe/status/1611493090702794753,2023-01-06T22:41:07.000Z,TRABALHE POR FAVOR JUDICIALIZANDO! Chega de “marca d’água”. Queremos um “randolfe” na direita. VCS SÃO REPRESENTANTES DO POVO e não influenciadores !!!!!! Chega!!! Mudem!!!,0,0,0,https://twitter.com/CarolDeToni/status/1611490019663020032
Odair Caldeira,@Caldeira4Odair,https://twitter.com/Caldeira4Odair/status/1611724891031576576,2023-01-07T14:02:13.000Z,O exército brasileiro de covardes fudeu com o Brasil.,0,0,0,https://twitter.com/CarolDeToni/status/1611490019663020032
Valdez Kempim,@kempim,https://twitter.com/kempim/status/1611888377137188864,2023-01-08T00:51:51.000Z,Integrar = financiar.,0,0,0,https://twitter.com/CarolDeToni/status/1611490019663020032
juliana,@julianacarlet,https://twitter.com/julianacarlet/status/1612472640085573635,2023-01-09T15:33:30.000Z,Tá feliz com os teus apoiadores @CarolDeToni ????,0,0,0,https://twitter.com/CarolDeToni/status/1611490019663020032
Almir Orelio Negri,@NegriAlmir,https://twitter.com/NegriAlmir/status/1612785603107753984,2023-01-10T12:17:06.000Z,Todos estes países vão trazer muitos investimentos para o Brasil e criar muitos empregos. Vamos aplaudir o Novo governo.,0,0,0,https://twitter.com/CarolDeToni/status/1611490019663020032
Uber de CRISTO,@UberdeCRISTO,https://twitter.com/UberdeCRISTO/status/1611533095672365057,2023-01-07T01:20:05.000Z,"O que nós menos precisamos são de parlamentares twitteiros, queremos ações concretas e não quem fica na rede social o tempo todo!",0,1,1,https://twitter.com/CarolDeToni/status/1611490019663020032
Alcides Heerdt,@Alcmena51,https://twitter.com/Alcmena51/status/1612809966305378309,2023-01-10T13:53:55.000Z,"Deputada, desculpa eu lhe explicar:  USA e Canadá não são estados latino-americanos.  Ademais trata-se relações de estados soberanos e não de correntes políticas.  Fosse de esquerda, como afirmou, por que Canadá e EUA queriam participar?",0,0,0,https://twitter.com/CarolDeToni/status/1611490019663020032
Luis Gomes,@LuisGom62210596,https://twitter.com/LuisGom62210596/status/1611714740996407297,2023-01-07T13:21:53.000Z,"A deputada jat e trou na Justiça contra essa medida? Fez um PDL para torná-la sem efeito?
Porque a notícia já está sendo dado por órgãos de notícias, fazendo o papel deles.",0,3,14,https://twitter.com/CarolDeToni/status/1611490019663020032
Sidney Jonas,@Sidney60jonas,https://twitter.com/Sidney60jonas/status/1611703174229856258,2023-01-07T12:35:55.000Z,O povo não vai aguentar essa piora.,0,1,2,https://twitter.com/CarolDeToni/status/1611490019663020032
Rejane Rosa,@RejaneRosa22,https://twitter.com/RejaneRosa22/status/1612476678781165568,2023-01-09T15:49:33.000Z,"Oposição ao PT

Foquem no impeachment do molusco
Sou sua eleitora aqui de Balneário Camboriú.
Não descansaremos enquanto não derrubar o molusco.",0,0,1,https://twitter.com/CarolDeToni/status/1611490019663020032
Sylvio Cardoso,@sylviocardoso0,https://twitter.com/sylviocardoso0/status/1611888446586454016,2023-01-08T00:52:07.000Z,Isso sem o aval do povo brasileiro,0,0,0,https://twitter.com/CarolDeToni/status/1611490019663020032
Neli Rizzo,@neli_rizzo,https://twitter.com/neli_rizzo/status/1611492959450537984,2023-01-06T22:40:36.000Z,Vc virou repórter?,0,1,13,https://twitter.com/CarolDeToni/status/1611490019663020032
Martha,@MARTHAVDF,https://twitter.com/MARTHAVDF/status/1611498114120024065,2023-01-06T23:01:05.000Z,Nossa salvação ainda pode ser o Congresso. Por favor ajudem o Brasil!!! 🙏🏻🙏🏻🙏🏻,0,0,4,https://twitter.com/CarolDeToni/status/1611490019663020032
Magda Oliveira,@Magdao2525,https://twitter.com/Magdao2525/status/1611702332412100608,2023-01-07T12:32:34.000Z,"Infelizmente quem representava o povo deixou isso acontecer, legislativo vendido.",0,3,6,https://twitter.com/CarolDeToni/status/1611490019663020032
Regina Tomasini,@Reginatomasini,https://twitter.com/Reginatomasini/status/1611709902602342403,2023-01-07T13:02:39.000Z,"Carol, me atualize. Essa é uma decisão do Executivo, sem aval do Congresso? Pode isso?",0,1,4,https://twitter.com/CarolDeToni/status/1611490019663020032
Eduardo,@edusyma,https://twitter.com/edusyma/status/1611685959648657408,2023-01-07T11:27:31.000Z,Pare de reclamar e aja!,0,1,1,https://twitter.com/CarolDeToni/status/1611490019663020032
Cleide F,@F6Cleide,https://twitter.com/F6Cleide/status/1611826327283195906,2023-01-07T20:45:17.000Z,E a merda só aumenta exponencialmente💩💩,0,1,2,https://twitter.com/CarolDeToni/status/1611490019663020032
Liv,@bergmann_liv,https://twitter.com/bergmann_liv/status/1611492564950974466,2023-01-06T22:39:02.000Z,A senhora é deputada ou jornalista?,0,1,21,https://twitter.com/CarolDeToni/status/1611490019663020032
Renato,@Renato_subira,https://twitter.com/Renato_subira/status/1611775983094317056,2023-01-07T17:25:14.000Z,De quem é a culpa? 🤔,0,1,1,https://twitter.com/CarolDeToni/status/1611490019663020032
JuniaVil,@j_juniavil,https://twitter.com/j_juniavil/status/1611537082068963331,2023-01-07T01:35:55.000Z,É absurdo atrás de absurdo. Pedimos a vcs deputados e senadores q realmente nos representem. Vcs são nossa única esperança.,0,1,2,https://twitter.com/CarolDeToni/status/1611490019663020032
Matheus Vieira,@Matheus41723399,https://twitter.com/Matheus41723399/status/1611523393630736390,2023-01-07T00:41:32.000Z,Deputada deixa que as noticias nois podemos trazer. Da senhora e dos outros deputados precisam vir ações. Quantos pdl's os da direita ingressaram pra sustar decretos ?,0,1,3,https://twitter.com/CarolDeToni/status/1611490019663020032
Luiz Furtado,@FurtadoRod1,https://twitter.com/FurtadoRod1/status/1611893472847429633,2023-01-08T01:12:06.000Z,Quanto vai enviar em espécie?,0,0,0,https://twitter.com/CarolDeToni/status/1611490019663020032
Maguila Palmito,@Email0rkut,https://twitter.com/Email0rkut/status/1612848678791675904,2023-01-10T16:27:44.000Z,Temos parlamentares ACOVARDADOS!!!,0,0,0,https://twitter.com/CarolDeToni/status/1611490019663020032
gildevane Projeto Mão Amiga Jaboatão,@GildevaneJ,https://twitter.com/GildevaneJ/status/1612057220526514176,2023-01-08T12:02:46.000Z,Deus livre a todos nós patriotas,0,0,0,https://twitter.com/CarolDeToni/status/1611490019663020032
Elizane Prado Werner,@ElizanePrado,https://twitter.com/ElizanePrado/status/1612634991573303296,2023-01-10T02:18:37.000Z,"Deputada estão mantendo mais de 1000 pessoas dentro do ginásio, sem água, sem alimentação, sem banheiro, os direitos e garantias constitucionais não existem mais? O que os deputados podem fazer para impedir essa tirania do estado? Ações precisam ser protocoladas!",0,0,0,https://twitter.com/CarolDeToni/status/1611490019663020032
Cristiane Evangelista,@Cristia84069268,https://twitter.com/Cristia84069268/status/1612108128916578305,2023-01-08T15:25:04.000Z,"Deputada com todo o respeito ,essas notícias nos já sabemos ,nos queremos solução! Em quem vamos confiar? Senadores,deputados que se venderam ,um judiciário corrompid0 ,não acreditamos mais em palavras bonitas queremos ação!",0,0,0,https://twitter.com/CarolDeToni/status/1611490019663020032
Helen Carvalho,@AmoraLacos,https://twitter.com/AmoraLacos/status/1611892767612878849,2023-01-08T01:09:17.000Z,Só o povo fechar o congresso e derrubar ele o quanto antes como foi feito com Dilma,0,0,0,https://twitter.com/CarolDeToni/status/1611490019663020032
sl,@CanalDiversida4,https://twitter.com/CanalDiversida4/status/1613666475826348032,2023-01-12T22:37:22.000Z,Apaixonado por você Carol s2,0,0,0,https://twitter.com/CarolDeToni/status/1611490019663020032
Gean,@Monteiro_gms,https://twitter.com/Monteiro_gms/status/1611490787669250049,2023-01-06T22:31:58.000Z,"Falta mais 3 para o Ali babá e os 40 ""companheiros""",1,2,14,https://twitter.com/CarolDeToni/status/1611490019663020032
Abgail Fonezi,@FoneziAbgail,https://twitter.com/FoneziAbgail/status/1611531938031931392,2023-01-07T01:15:29.000Z,Já podemos VOMITAR 🤮 ??!,0,1,1,https://twitter.com/CarolDeToni/status/1611490019663020032
Andréa Martins,@assistentesoc13,https://twitter.com/assistentesoc13/status/1613958643761938432,2023-01-13T17:58:21.000Z,BRASIL ACORDA!!,0,0,0,https://twitter.com/CarolDeToni/status/1611490019663020032
Marco Soares,@MarcoASoar,https://twitter.com/MarcoASoar/status/1612053746149736450,2023-01-08T11:48:58.000Z,"Vale perguntar se não é hiprocrisia para quem nunca se preocupou com o isolacionismo do Brasil nos últimos 4 anos, pária internacional, para agora do nada, se interessar com quem o país está fazendo acordos bilaterais?",0,0,0,https://twitter.com/CarolDeToni/status/1611490019663020032
Tiago Pamplona32,@TiagoPamplonas,https://twitter.com/TiagoPamplonas/status/1611676828007272448,2023-01-07T10:51:13.000Z,"Quando vcs políticos que falam ser conservadores acordarem para o que está acontecendo no Brasil será tarde demais, ficar de mi-mi-mi na Internet não vai mudar nada.",0,1,5,https://twitter.com/CarolDeToni/status/1611490019663020032
Dryka,@Drykajo,https://twitter.com/Drykajo/status/1611502046028480513,2023-01-06T23:16:42.000Z,Gente o Brasil está só que desce a ladeira onde vamos parar na Venezuela? Deus misericórdia 🙌🏻,0,0,1,https://twitter.com/CarolDeToni/status/1611490019663020032
Edineia,@EdineiaRBBueno,https://twitter.com/EdineiaRBBueno/status/1612197254412046336,2023-01-08T21:19:13.000Z,@matthewtyrmand@tuckercarlson@realamericas@jasonmillerindc@BBCWorld@foxnews@nytimes@cbsnews@washingtonpost@chicagotribune@guardian@TheSun,0,0,0,https://twitter.com/CarolDeToni/status/1611490019663020032
Luis Henrique Bianchi,@luishbianchi,https://twitter.com/luishbianchi/status/1611536237432561664,2023-01-07T01:32:34.000Z,"Inclusive vão abrir lojas Havan nestes países informou o ""velho""",1,0,0,https://twitter.com/CarolDeToni/status/1611490019663020032
Oscar Rachelle Winkler,@WinklerOR,https://twitter.com/WinklerOR/status/1611497865595031552,2023-01-06T23:00:05.000Z,O congresso vai ficar observando. Parado???,0,1,3,https://twitter.com/CarolDeToni/status/1611490019663020032
Mario JC,@JackChanBz,https://twitter.com/JackChanBz/status/1611491708696502273,2023-01-06T22:35:38.000Z,O Dirceu disse e cumpriu. Iriam tomar o poder e tomaram mesmo.,0,0,3,https://twitter.com/CarolDeToni/status/1611490019663020032
Regis Ferreira,@regis_oficial,https://twitter.com/regis_oficial/status/1611851675178008576,2023-01-07T22:26:00.000Z,"Ou lutem pela liberdade agora, ou serão perseguidos e presos se deixarem para se manifestar mais tarde. A cada dia a ditadura estar mais opressiva, e cada vez mais vai aumentar.",0,1,2,https://twitter.com/CarolDeToni/status/1611490019663020032
Fernando Coan,@FernandoPCoan,https://twitter.com/FernandoPCoan/status/1611849398488555524,2023-01-07T22:16:57.000Z,Fora #LulaGenocida,0,0,0,https://twitter.com/CarolDeToni/status/1611490019663020032
Alexandre Rodrigues,@Alexand66128330,https://twitter.com/Alexand66128330/status/1611748007006830592,2023-01-07T15:34:04.000Z,"Para surpresa de 0 pessoas, vamos nos aliar a fracassados.",0,0,0,https://twitter.com/CarolDeToni/status/1611490019663020032
Juan Phill,@juanphill90s,https://twitter.com/juanphill90s/status/1611761019885584384,2023-01-07T16:25:46.000Z,"Cara deputada, com todo o respeito, sua assessoria não deve ser usada para DAR NOTÍCIAS. A sra não é jornalista, mas parlamentar. Fale na câmara o que pensa e use a assessoria para buscar meios de ação práticos no campo político.",0,0,0,https://twitter.com/CarolDeToni/status/1611490019663020032
Caribé,@jwcaribe,https://twitter.com/jwcaribe/status/1611492134057644032,2023-01-06T22:37:19.000Z,AÊÊÊÊÊ!! Ótima notícia!,0,0,0,https://twitter.com/CarolDeToni/status/1611490019663020032
Olga Maria Rodrigues,@OlgaFotografa,https://twitter.com/OlgaFotografa/status/1611504775773798401,2023-01-06T23:27:33.000Z,"+ q previsível. Vc acha que ele conseguiu reverter tudo com apoio do STF como? As ditaduras tem muito material pra chantagem e eles cooperaram c o amigo. Agora, querem a gratidão",0,0,0,https://twitter.com/CarolDeToni/status/1611490019663020032
Fernando Rodrigues,@py1fr,https://twitter.com/py1fr/status/1611750958119133190,2023-01-07T15:45:47.000Z,#BolsonaroNaCadeia,0,0,0,https://twitter.com/CarolDeToni/status/1611490019663020032
Rony.Elirroney,@ElirroneySilva,https://twitter.com/ElirroneySilva/status/1611827622366875650,2023-01-07T20:50:26.000Z,Uaaauuu! Q novidadeee,0,0,0,https://twitter.com/CarolDeToni/status/1611490019663020032
Frenk,@Frenk_frenking,https://twitter.com/Frenk_frenking/status/1611758203859075074,2023-01-07T16:14:35.000Z,Queria que participasse da união européia? Jumento!!,0,0,0,https://twitter.com/CarolDeToni/status/1611490019663020032
"Mel Bustamante Foco, Fibra, Força e Fé",@melbustamante,https://twitter.com/melbustamante/status/1612071145884237824,2023-01-08T12:58:06.000Z,"E vcs VAO FAZER O QUE, à respeito!
Seguir nas redes noticiando o q JÁ sabemos? 
Para isso temos a NÓS mesmos! E nao precisariamos PAGAR  CONGRESSISTAS!
O q VAO FAZER SOBRE O CASO⁉️⁉️🤦‍♀️",0,6,25,https://twitter.com/CarolDeToni/status/1611490019663020032
O CRISTO YESHUA ESTA VOLTANDO,@edvalservo,https://twitter.com/edvalservo/status/1611494025005043716,2023-01-06T22:44:50.000Z,aja deputada e defenda a soberania .votei para isto,0,1,16,https://twitter.com/CarolDeToni/status/1611490019663020032
Carlos Campos,@circoinaudito,https://twitter.com/circoinaudito/status/1611836672949497856,2023-01-07T21:26:23.000Z,A senhora ainda tem mandato? O que tem feito na Câmara?,0,0,1,https://twitter.com/CarolDeToni/status/1611490019663020032
Sandra Maria D'Oro,@SandraMariaDOr4,https://twitter.com/SandraMariaDOr4/status/1611860015215788038,2023-01-07T22:59:09.000Z,Que DEUS nos proteja!!!,0,0,0,https://twitter.com/CarolDeToni/status/1611490019663020032
Hereges - Chesterton,@Heregeschestert,https://twitter.com/Heregeschestert/status/1611496077609279488,2023-01-06T22:52:59.000Z,Virou jornalista? Não tem nada para fazer como Deputada ?,0,1,3,https://twitter.com/CarolDeToni/status/1611490019663020032
Ivo PFilho,@IPfilho,https://twitter.com/IPfilho/status/1611711565245591554,2023-01-07T13:09:15.000Z,"OCDE não interessa mas está M sim. Fala de igualdade pelos mais pobres mas só anda de jato particular, come nos melhores restaurantes. Vive como um Rei, os políticos só se igualam ao povo quando estão na fila de votação,  mas muitos furam a fila rodeados de seguranças .",0,1,2,https://twitter.com/CarolDeToni/status/1611490019663020032
Cléa M.D. Silveira,@euzinhabq,https://twitter.com/euzinhabq/status/1611701955230834689,2023-01-07T12:31:04.000Z,"Façam algo a respeito. 
O Congresso tá muito parado.
Só twitar não adianta. 
Quem será o Randolfe da Direita?",0,1,4,https://twitter.com/CarolDeToni/status/1611490019663020032
Biroliro,@RLevandowhisky,https://twitter.com/RLevandowhisky/status/1611491604900069378,2023-01-06T22:35:13.000Z,E a gente que celasque,0,1,1,https://twitter.com/CarolDeToni/status/1611490019663020032
taciana naslavsky,@TNaslavsky,https://twitter.com/TNaslavsky/status/1611492919680155649,2023-01-06T22:40:26.000Z,"Claro, é uma volta aos moldes do passado. Aff que horror",0,0,1,https://twitter.com/CarolDeToni/status/1611490019663020032
Bolsominion Raiz,@MarciaCasares,https://twitter.com/MarciaCasares/status/1611490947916857347,2023-01-06T22:32:36.000Z,Pqp!,0,0,0,https://twitter.com/CarolDeToni/status/1611490019663020032
Renato de Marco,@AlfeuMarco,https://twitter.com/AlfeuMarco/status/1611776997021356034,2023-01-07T17:29:16.000Z,O amor venceu!,0,0,0,https://twitter.com/CarolDeToni/status/1611490019663020032
Aurora,@aurora_walnut,https://twitter.com/aurora_walnut/status/1611802800811380736,2023-01-07T19:11:48.000Z,Alguém quem tem que barrar pelo povo. Não não não. @ViniciusPoit é uma esperança,0,0,0,https://twitter.com/CarolDeToni/status/1611490019663020032
Marisa Salvalaggio,@MarisaSalvalag1,https://twitter.com/MarisaSalvalag1/status/1611812640703012864,2023-01-07T19:50:54.000Z,Sai satanás,0,0,0,https://twitter.com/CarolDeToni/status/1611490019663020032
Marcio Zanella,@MarcioZanella7,https://twitter.com/MarcioZanella7/status/1611793839034929154,2023-01-07T18:36:11.000Z,Parabéns aos envolvidos ... Pqp,0,0,0,https://twitter.com/CarolDeToni/status/1611490019663020032
JULIANA GOMES DA SILVA,@JULIANA97970020,https://twitter.com/JULIANA97970020/status/1611592122007945218,2023-01-07T05:14:38.000Z,😡😡😡😡,0,0,0,https://twitter.com/CarolDeToni/status/1611490019663020032
Patriota BRASIL,@Patriot54925301,https://twitter.com/Patriot54925301/status/1611492476342226944,2023-01-06T22:38:41.000Z,E o pobre que se LASQUE.,0,0,0,https://twitter.com/CarolDeToni/status/1611490019663020032
"Artur e Bolsonaro, tudo igual",@FachinUhu,https://twitter.com/FachinUhu/status/1611694313594884097,2023-01-07T12:00:42.000Z,"Show de bola! Deixamos de ser pária, isolados...  A época do birrento fujão...acabou!",0,0,0,https://twitter.com/CarolDeToni/status/1611490019663020032
,@2023P9171948,https://twitter.com/2023P9171948/status/1611553043010719744,2023-01-07T02:39:21.000Z,@2023P9171948's account is temporarily unavailable because it violates the Twitter Media Policy. https://Learn more.,0,0,0,https://twitter.com/CarolDeToni/status/1611490019663020032
LEXSALOMAO,@LEXSALOMAO,https://twitter.com/LEXSALOMAO/status/1611759426880380933,2023-01-07T16:19:27.000Z,dou 1 ano p o BRASIL quebrar,0,0,0,https://twitter.com/CarolDeToni/status/1611490019663020032
vera nery,@verhoka,https://twitter.com/verhoka/status/1611691670218702849,2023-01-07T11:50:12.000Z,O que a senhora fará contra isso?,0,2,4,https://twitter.com/CarolDeToni/status/1611490019663020032
Sidnei Palatnik,@palatnik_sidnei,https://twitter.com/palatnik_sidnei/status/1611530490879639552,2023-01-07T01:09:44.000Z,"Deputada Carol, Está na hora de uma chuva de processos e petições contra essa corja. Hora de sair do twitter e botar o gabinete pra funcionar. É preciso organização da oposição. Aprendam com a esquerda.",0,1,1,https://twitter.com/CarolDeToni/status/1611490019663020032
dcf,@danielcfabri,https://twitter.com/danielcfabri/status/1611714869308592129,2023-01-07T13:22:23.000Z,Onde esta seu presidente bozo????? O exemplo da direta brasileira!!! Excelente líder político!!!!! Parabéns pra vcs!!!!!!!,0,0,1,https://twitter.com/CarolDeToni/status/1611490019663020032
ELBloqueao☭⃠,@Oblockeado,https://twitter.com/Oblockeado/status/1611520958711435266,2023-01-07T00:31:51.000Z,"Queria não ver mais deputados nas redes sociais, sua atuação deve ser no parlamento,  no máximo divulgar seu trabalho e não noticias, que para isso tem quem faça já.",0,2,9,https://twitter.com/CarolDeToni/status/1611490019663020032
...EDSON,@toyniahi,https://twitter.com/toyniahi/status/1611497542973284352,2023-01-06T22:58:49.000Z,"@jairbolsonaro ñ pode governar pq sempre tinha um Dep o sem metendo problemas, será que SÓ a esquerda que tem ideias ou cartas nas mangas pra atrapalhar!?",0,0,1,https://twitter.com/CarolDeToni/status/1611490019663020032
Paula Fernanda Montenegro,@Fe40612212Paula,https://twitter.com/Fe40612212Paula/status/1611835688185372672,2023-01-07T21:22:29.000Z,Logo tiramos tudo que esse monstro quer fazer.,0,1,1,https://twitter.com/CarolDeToni/status/1611490019663020032
Mim poupe,@bullinada,https://twitter.com/bullinada/status/1611694211723575296,2023-01-07T12:00:18.000Z,"Carol que tal entrar no MP para barrar o órgão criado para perseguir opinião. Será mais útil, 1 vc dá trabalho a ele, e 2 poderá continuar fazendo esse trabalho de jornalista, apesar se ser deputada. Obrigada.",0,1,1,https://twitter.com/CarolDeToni/status/1611490019663020032
Paulo Vítor,@PauloVt68329537,https://twitter.com/PauloVt68329537/status/1611491166025052160,2023-01-06T22:33:28.000Z,"Não decepcione o povo de SC, por favor",0,1,1,https://twitter.com/CarolDeToni/status/1611490019663020032
Marcelo A Montandon,@mamcelo81,https://twitter.com/mamcelo81/status/1611681320899432448,2023-01-07T11:09:05.000Z,"Provavelmente por aqui, boa parte votou em você como eu… queremos que você apresente  AÇÕES!  @CarolDeToni 🙏🏼🇧🇷",0,1,1,https://twitter.com/CarolDeToni/status/1611490019663020032
MMS,@moacirmsilva,https://twitter.com/moacirmsilva/status/1611819757048680448,2023-01-07T20:19:10.000Z,Decide #phorr@ alguma desconheço este sujeito não me representa 🤛🏽🤛🏽🤛🏽,0,0,1,https://twitter.com/CarolDeToni/status/1611490019663020032
Nazar,@TERESA52147381,https://twitter.com/TERESA52147381/status/1611559134456938497,2023-01-07T03:03:33.000Z,Hiiiii...mal presságio pro Lulico 🤦‍♀️,0,0,0,https://twitter.com/CarolDeToni/status/1611490019663020032
Mauricio Ribeiro,@Mauribeiro75,https://twitter.com/Mauribeiro75/status/1611516795105513472,2023-01-07T00:15:19.000Z,"Vc tão rancorosa, vc não tem um livro pra ler não ??  Vou indicar, Um defeito de cor. Vai ficar mais leve",0,0,0,https://twitter.com/CarolDeToni/status/1611490019663020032
Tiago da Silva Costa,@TiagodaSilvaCo5,https://twitter.com/TiagodaSilvaCo5/status/1611732111425433601,2023-01-07T14:30:54.000Z,Ladeira  a  baixo,0,0,0,https://twitter.com/CarolDeToni/status/1611490019663020032
Maria Tavares,@fetavares,https://twitter.com/fetavares/status/1611719221267894272,2023-01-07T13:39:41.000Z,E daí?,0,0,0,https://twitter.com/CarolDeToni/status/1611490019663020032
Wilba Castelló,@WilbaCastello,https://twitter.com/WilbaCastello/status/1611669797644767234,2023-01-07T10:23:17.000Z,La vai real…,0,0,0,https://twitter.com/CarolDeToni/status/1611490019663020032
Cristiano P Lorete,@LoretePaulino,https://twitter.com/LoretePaulino/status/1611716467258449922,2023-01-07T13:28:44.000Z,Carol peço a você e demais para ter  articulação diálogo com patriotas. PP união Brasil e PL e demais para unir a direita e pensarem no longo prazo e futuro.,0,0,0,https://twitter.com/CarolDeToni/status/1611490019663020032
ELCIDBRASIL,@elerio_r,https://twitter.com/elerio_r/status/1611739051987718144,2023-01-07T14:58:29.000Z,"E VAI PIORAR AINDA MAIS, PODEM CRER !
E DE QUEM É A CULPA DESSE DESASTRE:
PARTE DOS 33 MILHÕES QUE NÃO LEVANTARAM A BUNDA DO SOFÁ PARA VOTAR !!!",0,0,0,https://twitter.com/CarolDeToni/status/1611490019663020032
Adeilde Cecato,@AdeildeCecato,https://twitter.com/AdeildeCecato/status/1611828057454645248,2023-01-07T20:52:09.000Z,Mas quem deve ratificar ou não isso é o Congresso. Vamos trabalhar para impedir as maluquices dos insanos,0,0,0,https://twitter.com/CarolDeToni/status/1611490019663020032
jazielcoberturas,@jazielcobertur1,https://twitter.com/jazielcobertur1/status/1611564919266181121,2023-01-07T03:26:32.000Z,O Brasil não. o L né?,0,0,0,https://twitter.com/CarolDeToni/status/1611490019663020032
Antonio Edme,@antonioedme1,https://twitter.com/antonioedme1/status/1611538127792881665,2023-01-07T01:40:05.000Z,Rumo ao socialismo a passos largos!,0,0,0,https://twitter.com/CarolDeToni/status/1611490019663020032
Eu,@danieldamillo,https://twitter.com/danieldamillo/status/1614254367414026240,2023-01-14T13:33:27.000Z,"Ebaaaaaaaaaaaaaaa 
Foi pra isso mesmo que botamos o Barba lá! 🥰",0,0,0,https://twitter.com/CarolDeToni/status/1611490019663020032
Rubens/patriota,@Rubenspastor2,https://twitter.com/Rubenspastor2/status/1611706853532094466,2023-01-07T12:50:32.000Z,Vamos caminhar pro abismo,0,1,2,https://twitter.com/CarolDeToni/status/1611490019663020032
Tina Pimentel,@TinaPimentel13,https://twitter.com/TinaPimentel13/status/1611520804667138050,2023-01-07T00:31:15.000Z,Estamos L sacados...reage Brasil,0,2,3,https://twitter.com/CarolDeToni/status/1611490019663020032
Eneas Carneiro Olavo Bolnoro,@GregoHERCULES,https://twitter.com/GregoHERCULES/status/1611980124273909765,2023-01-08T06:56:25.000Z,Pois é!,0,0,1,https://twitter.com/CarolDeToni/status/1611490019663020032
Sob o Sol da Bahia,@nanifilho,https://twitter.com/nanifilho/status/1614250266890567684,2023-01-14T13:17:09.000Z,Perdeu nenê,0,0,0,https://twitter.com/CarolDeToni/status/1611490019663020032
Chicão do pão,@Chicodopao,https://twitter.com/Chicodopao/status/1611528231810736128,2023-01-07T01:00:45.000Z,"Ok, obrigado pela informação deputada. Aguardando postagens sobre suas ações para se contrapor às ações do lula. 
Teve meu voto, agora esperando algum retorno",0,1,2,https://twitter.com/CarolDeToni/status/1611490019663020032
Tia do Zap 22,@tiadozap38,https://twitter.com/tiadozap38/status/1611691917338607616,2023-01-07T11:51:11.000Z,E vocês não vão entrar com um recurso recusando??????,0,4,5,https://twitter.com/CarolDeToni/status/1611490019663020032
Ana Maria Rodrigues Sperandeo,@AnaLivre72,https://twitter.com/AnaLivre72/status/1611490881449725953,2023-01-06T22:32:20.000Z,Onde estão os nossos empregados que pagamos tão caro ?? Politico$ $ujo$ .,0,1,3,https://twitter.com/CarolDeToni/status/1611490019663020032
Paul La Tejando,@paulo_qualquer,https://twitter.com/paulo_qualquer/status/1611522336011821060,2023-01-07T00:37:20.000Z,E aí? Vai fazer oq? Essa notícia eu já vi. Qual será sua atuação contra isso?,0,1,1,https://twitter.com/CarolDeToni/status/1611490019663020032
Cris Brezolin,@brezolin_cris,https://twitter.com/brezolin_cris/status/1611495778618593282,2023-01-06T22:51:48.000Z,"E quais ações vc que é daqui do meu estado está fazendo ,acho bom voltar das férias e fazer algo pelo povo do Brasil e de SC .Ficar só tuitando não é o caminho .",1,4,30,https://twitter.com/CarolDeToni/status/1611490019663020032
@maze.22,@maze.22,https://twitter.com/maze2216/status/1612121974184214529,2023-01-08T16:20:05.000Z,Está indo depressa demais. Desse jeito seu governo não dura um ano.,0,0,1,https://twitter.com/CarolDeToni/status/1611490019663020032
Rose R -,@RORIBAS1,https://twitter.com/RORIBAS1/status/1611674293162622976,2023-01-07T10:41:09.000Z,Os parlamentares agiram qdo o L foi solto e qdo lançou a candidatura  ?🤔Nulidades ou competentes? 🤔A CULPA de toda essa tragédia  é de quem?🤔🤔🤔🤔🤔🤔Mimimi na Internet é a solução?🤔🤔🤔,1,2,1,https://twitter.com/CarolDeToni/status/1611490019663020032
João,@zimbasp64,https://twitter.com/zimbasp64/status/1613112542435627008,2023-01-11T09:56:14.000Z,"Ou seja .
Meu pão vai pra boca dos filhotes de porca comunista  .
E o que sobra pra boca dele  .",0,0,0,https://twitter.com/CarolDeToni/status/1611490019663020032
Fabiano batista fbi,@batista_fbi,https://twitter.com/batista_fbi/status/1614143418682195968,2023-01-14T06:12:35.000Z,Pilho da p..........,0,0,0,https://twitter.com/CarolDeToni/status/1611490019663020032
Sandro de Lima e Cos,@SandrodeLimaeC2,https://twitter.com/SandrodeLimaeC2/status/1612171787466416131,2023-01-08T19:38:01.000Z,Podre vc né fofa! Cala a boca podre!,0,0,0,https://twitter.com/CarolDeToni/status/1611490019663020032
SALOMAO SOBEL,@SalomaoSobel,https://twitter.com/SalomaoSobel/status/1611860858950324225,2023-01-07T23:02:30.000Z,Vergonha,0,0,0,https://twitter.com/CarolDeToni/status/1611490019663020032
Ruy Barbosa,@MariaAp89025065,https://twitter.com/MariaAp89025065/status/1611949355635970048,2023-01-08T04:54:09.000Z,Vamos patriotas reagir,0,0,0,https://twitter.com/CarolDeToni/status/1611490019663020032
Júlio Martins,@JulioMartins87,https://twitter.com/JulioMartins87/status/1611965064579518466,2023-01-08T05:56:34.000Z,"Dê os ""parabéns"" para o fujão @jairbolsonaro . Graças a ele, estamos f*odidos! Preferiu arregar do que provar que era o que sempre disse, ser imbrochavel!",0,0,0,https://twitter.com/CarolDeToni/status/1611490019663020032
MATEUS BRANDL 22,@brandl_mateus,https://twitter.com/brandl_mateus/status/1611877670224101377,2023-01-08T00:09:18.000Z,#GloboLixo,0,0,0,https://twitter.com/CarolDeToni/status/1611490019663020032
Mcaleh,@Micalin40647693,https://twitter.com/Micalin40647693/status/1611759213151416321,2023-01-07T16:18:36.000Z,Código fonte é real????,0,0,0,https://twitter.com/CarolDeToni/status/1611490019663020032
Jeferson.Vanusa Hille,@VanusaHille,https://twitter.com/VanusaHille/status/1611511801845366785,2023-01-06T23:55:28.000Z,Faz o L de ladrão,0,0,0,https://twitter.com/CarolDeToni/status/1611490019663020032
Tito Bruno Bandeira Ryff,@RyffTito,https://twitter.com/RyffTito/status/1611687651861532672,2023-01-07T11:34:14.000Z,"Os Estados Unidos e o Canadá não são países caribenhos, tampouco pertencem à América Latina. Deve ser por isso que não fazem parte da Celac.",0,0,0,https://twitter.com/CarolDeToni/status/1611490019663020032
LFS_22,@Luiz_FLS22,https://twitter.com/Luiz_FLS22/status/1611849725996634113,2023-01-07T22:18:16.000Z,"NÃO TEM COMO DAR CERTO, 
O POVO MUITO INDIGNADO E OS CORRUPTOS LADRÕES NÃO PARAM DE PROVOCAR,  AGREDIR, PROVOCAR, INSULTAR, PROVOCAR, SACANEAR, PROVOCAR,
DEBOCHAR, PROVOCAR
MENTIR, PROVOCAR

UMA HORA O CALDO VAI ENTORNAR.",0,0,0,https://twitter.com/CarolDeToni/status/1611490019663020032
Marianne Jsenschmid,@Jsensc1Marianne,https://twitter.com/Jsensc1Marianne/status/1611882697072287745,2023-01-08T00:29:16.000Z,Reaja! Lute! Vc sab aq plano B use os miolos senão vai fic embasssda!!! Contacts mostre serviç💚💛,0,0,0,https://twitter.com/CarolDeToni/status/1611490019663020032
Luiz C. Almeida,@LuizCAlmeida3,https://twitter.com/LuizCAlmeida3/status/1611492922351931397,2023-01-06T22:40:27.000Z,eu quero que a esquerda de meia tigela vá comer o rabo dos nordestino.,0,0,0,https://twitter.com/CarolDeToni/status/1611490019663020032
Marcos Nunes,@MarcosN15320956,https://twitter.com/MarcosN15320956/status/1611750271071457280,2023-01-07T15:43:04.000Z,"Esse Lula ladrão já estrapolou, está caçando a ANA, vai achar impeachment em breve. Nós, o povo vamos em frente.",0,0,0,https://twitter.com/CarolDeToni/status/1611490019663020032
Mariangela Marques,@Mariang91598871,https://twitter.com/Mariang91598871/status/1612812498952163328,2023-01-10T14:03:59.000Z,"Lula,n queremos isso..Seja http://um.bom presidente.",0,0,0,https://twitter.com/CarolDeToni/status/1611490019663020032
Helio Januario,@januarioheliofc,https://twitter.com/januarioheliofc/status/1611805723989524480,2023-01-07T19:23:25.000Z,"Notícias já encontramos nos jornais, queremos saber quais medidas foram tomadas a respeito?!?!",0,0,0,https://twitter.com/CarolDeToni/status/1611490019663020032
Julio Cesar Araujo,@JulioCe23616103,https://twitter.com/JulioCe23616103/status/1613565599510052864,2023-01-12T15:56:32.000Z,"Chegou a HORA de VOCÊS fazerem igual o senador (saltitante) RANDOLFE Rodrigues, fez durante os 4 anos de Bolsonaro. ** FUÇAR EM TUDO, PARA INCOMODAR O GOVERNO DA ESQUERDA **.

E denunciar TUDO.",0,0,0,https://twitter.com/CarolDeToni/status/1611490019663020032
chaos.prophet,@chaosprophettt,https://twitter.com/chaosprophettt/status/1612960310767546369,2023-01-10T23:51:20.000Z,Você é uma pilantra que me dá nojo,0,0,0,https://twitter.com/CarolDeToni/status/1611490019663020032
Cris,@Cristia03634583,https://twitter.com/Cristia03634583/status/1611491607286530050,2023-01-06T22:35:13.000Z,GRACAS A ESSES TRAIDORES,0,0,1,https://twitter.com/CarolDeToni/status/1611490019663020032
Sonia Gugelmin,@SGugelmin,https://twitter.com/SGugelmin/status/1611826571823792132,2023-01-07T20:46:15.000Z,Vai de mal a pior! So m..,0,0,1,https://twitter.com/CarolDeToni/status/1611490019663020032
Maura Martins,@MauraMarts,https://twitter.com/MauraMarts/status/1611542178089631744,2023-01-07T01:56:10.000Z,"Uma pergunta ☝🏽Bolsonaro não conseguia fazer NADA sem que o interpelassem,apesar do apoio populacional GIGANTE de seus eleitores, por que esse cara está levando o país pela coleira e só vejo reclamaçãozinha no TT?",4,3,32,https://twitter.com/CarolDeToni/status/1611490019663020032
Jorge Machado O Mané,@JguardiaoJm,https://twitter.com/JguardiaoJm/status/1611492387402186752,2023-01-06T22:38:19.000Z,Querem transformar o Brasil em uma Síria e em algum momento sermos embargados pelos EUA ou vocês acham que os americanos irão aceitar vendermos o país e eles ficarem de fora. A esquerda cairá de uma forma ou de outra...,0,0,1,https://twitter.com/CarolDeToni/status/1611490019663020032
Roger Bauer,@mcastralli,https://twitter.com/mcastralli/status/1614056561772724226,2023-01-14T00:27:26.000Z,"🇧🇷🇺🇸 De agora em diante vai ser disso prá pior. Ditadura brasileira aliada ao que há de regimes mais nocivos, parasitas e sanguessugas do Mundo. Quem conspirou, apoiou e votou no projeto lulopetista-neomarxista-bolivariano criminoso de poder é cúmplice!",0,0,0,https://twitter.com/CarolDeToni/status/1611490019663020032
Diovank A. de Barcelos,@DiovankB,https://twitter.com/DiovankB/status/1612308043353423875,2023-01-09T04:39:27.000Z,Sobre hoje golpista calada kkk... Quem cala...,0,0,0,https://twitter.com/CarolDeToni/status/1611490019663020032
Maria Helena Benato,@BenatoHelena,https://twitter.com/BenatoHelena/status/1611869369193095168,2023-01-07T23:36:19.000Z,E a senhora deputada precisa fazer oposição ferrenho contra estes comunistas. A Câmara e o senado não devem mais ficar de joelhos para este governo e muito menos para o STF. O povo está  cansado da covardia dos congressistas,0,0,0,https://twitter.com/CarolDeToni/status/1611490019663020032
MARCO,@Marco_CFN,https://twitter.com/Marco_CFN/status/1612081278551003138,2023-01-08T13:38:22.000Z,"Bandido cumprindo suas promessas,destruir o Brasil sustentando as ditadura q sempre defendeu! #GuerraCivil unica forma de destruir a hidra",0,0,0,https://twitter.com/CarolDeToni/status/1611490019663020032
claudio ventura ventura,@claudio2022369,https://twitter.com/claudio2022369/status/1611801567815942145,2023-01-07T19:06:54.000Z,Lulalalau o REI dos VAGABUNDOS.,0,0,0,https://twitter.com/CarolDeToni/status/1611490019663020032
Sonia,@Soniavelloso22,https://twitter.com/Soniavelloso22/status/1611825211997065216,2023-01-07T20:40:51.000Z,Falência do Brasil.  Esse  ser precisa ser barrado o qt antes.,0,0,0,https://twitter.com/CarolDeToni/status/1611490019663020032
Fernando,@Fernand07200754,https://twitter.com/Fernand07200754/status/1612430151484071936,2023-01-09T12:44:40.000Z,De Toni está calada.,0,0,0,https://twitter.com/CarolDeToni/status/1611490019663020032
Fernando,@Fernand07200754,https://twitter.com/Fernand07200754/status/1612527188892344338,2023-01-09T19:10:15.000Z,"Sumiu, De Toni???????? Ahh! Se fosse os petistas invadindo e tocando o terror no CN.",0,0,0,https://twitter.com/CarolDeToni/status/1611490019663020032
Fernanda Correa,@Fernand16894569,https://twitter.com/Fernand16894569/status/1611825192812019714,2023-01-07T20:40:46.000Z,"Ele só não pode esquecer o tamanho do povo brasileiro disposto a se sacrificar por suas liberdade,com relação a esses outros países! Tá apostando muito alto. Pode cair feio do cavalo!",0,0,0,https://twitter.com/CarolDeToni/status/1611490019663020032
RSousa,@RSousa02539737,https://twitter.com/RSousa02539737/status/1612071870316126208,2023-01-08T13:00:59.000Z,Os ESQUERDOPATAS são uma aberração 🚔,0,0,0,https://twitter.com/CarolDeToni/status/1611490019663020032
valdes dantas,@valdes_dantas,https://twitter.com/valdes_dantas/status/1611545678806654976,2023-01-07T02:10:05.000Z,Uchiucicllxgvl hxgk igdohxikhxj lbxkvc vc kickboxing vlhclnxifjcjgckhkcih n. Me kvzixofo vc lhcihocoh vai procurar uma rol@@@,0,0,0,https://twitter.com/CarolDeToni/status/1611490019663020032
Ricardo Weisheimer,@RicardoRicweis,https://twitter.com/RicardoRicweis/status/1611745885205012480,2023-01-07T15:25:38.000Z,Mais merda!,0,0,0,https://twitter.com/CarolDeToni/status/1611490019663020032
Francisco Henriques De Brito,@Francis07585522,https://twitter.com/Francis07585522/status/1611743569470955525,2023-01-07T15:16:26.000Z,E o código fonte? Não vão exigir? Será que não vai acontecer nada para impedir isso?,0,0,0,https://twitter.com/CarolDeToni/status/1611490019663020032
Júlio,@L42127405,https://twitter.com/L42127405/status/1611647843764240385,2023-01-07T08:56:03.000Z,Excelente notícia.  Chora gado,0,0,0,https://twitter.com/CarolDeToni/status/1611490019663020032
Leonardo Marques,@leoesemi,https://twitter.com/leoesemi/status/1611540607498846211,2023-01-07T01:49:56.000Z,"Hora de vcs tomarem as atitudes, quando era o bolsonaro o congresso e o senado nao deixaram ele fazer nada, agora é a hora.",0,0,0,https://twitter.com/CarolDeToni/status/1611490019663020032
Paulo Fernando Mello Filho,@PauloFe19426017,https://twitter.com/PauloFe19426017/status/1611519828380065795,2023-01-07T00:27:22.000Z,#LulaLadraoSeuLugarENaPrisao,0,0,0,https://twitter.com/CarolDeToni/status/1611490019663020032
Carlos Magno,@CarlosM70768510,https://twitter.com/CarlosM70768510/status/1611724374804930566,2023-01-07T14:00:10.000Z,"Deixa de delírio moça,vá se tratar.",0,0,0,https://twitter.com/CarolDeToni/status/1611490019663020032
Elane,@elanepgalvao,https://twitter.com/elanepgalvao/status/1611681044247322627,2023-01-07T11:07:59.000Z,"Que fetiche esse desgraçado tem com ditadura, tá repreendido satanás",0,0,0,https://twitter.com/CarolDeToni/status/1611490019663020032
