nome,usuario,idTweet,dataPublicacao,texto,replies,retweets,likes,tweetPai
Tcp,@gf130962018,https://twitter.com/gf130962018/status/1612274705670578178,2023-01-09T02:26:59.000Z,"Vamos esperar as investigações, deputado.",0,0,0,https://twitter.com/Alceu_Moreira/status/1612197182903287809
Vagner Sperotto,@sperotto_vagner,https://twitter.com/sperotto_vagner/status/1612218221347704832,2023-01-08T22:42:32.000Z,"Dep Alceu, o crime não foi atribuído ao agro, mas aos financiadores desta barbarie que podem estar no agro, nos garimpos e etc…",0,0,3,https://twitter.com/Alceu_Moreira/status/1612197182903287809
Rosa Barbiero,@RosaBarbiero3,https://twitter.com/RosaBarbiero3/status/1612546100711542785,2023-01-09T20:25:24.000Z,"Não estão atribuindo ao agro,mas alguns financiadores são do Agro,ou não?",0,0,0,https://twitter.com/Alceu_Moreira/status/1612197182903287809
Enajeny,@Enajeny1Enajeny,https://twitter.com/Enajeny1Enajeny/status/1612634629126733824,2023-01-10T02:17:11.000Z,PELOS PATRIOTAS.,0,0,0,https://twitter.com/Alceu_Moreira/status/1612197182903287809
Marcelo Rauber,@MarceloRauber_,https://twitter.com/MarceloRauber_/status/1612266875647393792,2023-01-09T01:55:52.000Z,"O senhor deputado foi um dos que contestou o resultado das eleições para presidente, fomentando esses atos golpistas. Engraçado que é a mesma urna que elegeu vocês 🤷",0,0,1,https://twitter.com/Alceu_Moreira/status/1612197182903287809
Daniel Franche,@franche_daniel,https://twitter.com/franche_daniel/status/1612222793726189568,2023-01-08T23:00:42.000Z,"Por Essas Suas Atitudes É Que Me Fazem Votar No Senhor, Sempre Terás O Meu Respeito E O Meu Voto!",0,0,0,https://twitter.com/Alceu_Moreira/status/1612197182903287809
Alvaro Andrade,@alvaroaandrade,https://twitter.com/alvaroaandrade/status/1612197324138102791,2023-01-08T21:19:29.000Z,Vai pro inferno golpista!,0,0,0,https://twitter.com/Alceu_Moreira/status/1612197182903287809
Eduardo Teixeira,@o_eduteixeira,https://twitter.com/o_eduteixeira/status/1612283083495014400,2023-01-09T03:00:16.000Z,"Tu tá louco pra passar o pano pros bolsonarista né Alceu, tá se fazendo de louco.",0,0,0,https://twitter.com/Alceu_Moreira/status/1612197182903287809
Enajeny,@Enajeny1Enajeny,https://twitter.com/Enajeny1Enajeny/status/1612634493306785792,2023-01-10T02:16:39.000Z,"A depredação do patrimônio público é a esquerda. Os “meninos” ficaram hospedados em um hotel em Brasília aguardando a ordem, tanto é que alguns já estavam lá dentro, tem fotos e vídeos. Pagos por um partido. Sabiam que haveria a invasão do Capitólio.FAÇAM ALGUMA COISA PELOS PATRI",0,0,0,https://twitter.com/Alceu_Moreira/status/1612197182903287809
Carlos Pedrinho Weiss,@c_p_weiss,https://twitter.com/c_p_weiss/status/1612812045388324872,2023-01-10T14:02:10.000Z,"Agora q estão descobrindo o envolvimento do LADRÃO e tropa, vem com esse papinho? NÃO SOMOS IDIOTAS",0,0,0,https://twitter.com/Alceu_Moreira/status/1612197182903287809
Claudio Rocha 2024 PSB,@Claudio2024psb,https://twitter.com/Claudio2024psb/status/1612268875843878915,2023-01-09T02:03:49.000Z,"Não é não. Pois os barões da música sertaneja, são os barões do Agronegócio no Brasil. E esses Marginais travestidos de Artistas, Cantores que apoiaram o GOLPISTA TERRORISTA, FASCISTA, MILICIANO, HOMOFÓBICO, NEGACIOCISTA, RACISTA MACHISTA DO JAIR MESSIAS TEM SIM HAVER COM ISSO !",0,0,0,https://twitter.com/Alceu_Moreira/status/1612197182903287809
Ignácio Mahfuz,@IgnacioMahfuz,https://twitter.com/IgnacioMahfuz/status/1612753203686412288,2023-01-10T10:08:21.000Z,"Concordo contigo, Caro Alceu Moreira. Tudo iniciou quando os sinistros 🐀🐁🐀🐁🐀🐁🐀🐁🐀 togados soltaram o LULADRÃO SEMPRE LULADRÃO SEMPRE BAN-DI-DO!",0,0,0,https://twitter.com/Alceu_Moreira/status/1612197182903287809
