nome,usuario,idTweet,dataPublicacao,texto,replies,retweets,likes,tweetPai
Manjericadah,@Re_Kayalame,https://twitter.com/Re_Kayalame/status/1612183489511673857,2023-01-08T20:24:31.000Z,Deve!,1,0,2,https://twitter.com/silviawaiapi/status/1612176586908008448
Conja de ixquerda Ruane Almeida,@AlmeidaRuh,https://twitter.com/AlmeidaRuh/status/1612204430577012736,2023-01-08T21:47:44.000Z,"Manifestantes não, terroristas! 
Espero que todos esse deputados que compactuam tbm sejam responsabilizados. @randolfeap @davialcolumbre @TREAmapa vamos verificar isso aqui.",1,0,9,https://twitter.com/silviawaiapi/status/1612176586908008448
Ana Pach,@pachpraline,https://twitter.com/pachpraline/status/1613909730551906305,2023-01-13T14:43:59.000Z,Mentirosa golpista.,0,0,0,https://twitter.com/silviawaiapi/status/1612176586908008448
Bree,@realbrendinha,https://twitter.com/realbrendinha/status/1613306101918752770,2023-01-11T22:45:23.000Z,E responsabilidade é de vocês que incentivaram as pessoas a fazerem isso.,0,0,0,https://twitter.com/silviawaiapi/status/1612176586908008448
Ricardo Ribeiro Deus salve o Brasil,@RicardoMRibeir0,https://twitter.com/RicardoMRibeir0/status/1612205808384606209,2023-01-08T21:53:12.000Z,Silvia digo sempre nunca baixar a guarda...o inimigo é astuto mas burro cego pela arrogância...ea força do guerreiro e a paciência...vamos vencer,0,0,0,https://twitter.com/silviawaiapi/status/1612176586908008448
Regina Moro,@regina_moro,https://twitter.com/regina_moro/status/1612179479824109569,2023-01-08T20:08:35.000Z,Agora quem define as 4 linhas é o povo.,1,0,0,https://twitter.com/silviawaiapi/status/1612176586908008448
cacocwb,@cacocwb1,https://twitter.com/cacocwb1/status/1613360530688704513,2023-01-12T02:21:39.000Z,Fascistas não passarão!,0,0,0,https://twitter.com/silviawaiapi/status/1612176586908008448
Matheus,@Matheus81159965,https://twitter.com/Matheus81159965/status/1612217193118285825,2023-01-08T22:38:27.000Z,Manifestante não! Vândalo minha senhora !,0,0,6,https://twitter.com/silviawaiapi/status/1612176586908008448
João Gabriel,@Papakrow,https://twitter.com/Papakrow/status/1612218343154671616,2023-01-08T22:43:01.000Z,"Tu ajudou a causar isso junto do tserere, não vai ter escapatória, cadeia pra ambos, vcs tinham chance de ter parado isso mas continuaram incentivando, qm pagou vcs pra isso? Agr sejam punidos",0,0,0,https://twitter.com/silviawaiapi/status/1612176586908008448
Fifi Araxáense,@jhenifersa12,https://twitter.com/jhenifersa12/status/1612267072527994883,2023-01-09T01:56:39.000Z,Da tchau 🤣🥺,0,0,0,https://twitter.com/silviawaiapi/status/1612176586908008448
Democracia Amapá,@AmapaDemocracia,https://twitter.com/AmapaDemocracia/status/1613381243785060356,2023-01-12T03:43:58.000Z,Terrorista é tratado como bandido,0,0,0,https://twitter.com/silviawaiapi/status/1612176586908008448
Verdade independente de lado,@noladoverdade,https://twitter.com/noladoverdade/status/1620898261862330368,2023-02-01T21:33:55.000Z,"Muito tempo no  Twitter!
Da nisso aí!

Muito tempo lambendo as b de velho imundo!

O brasileiros morrendo de fome!!+",0,0,0,https://twitter.com/silviawaiapi/status/1612176586908008448
Diego CE,@diegocebr12,https://twitter.com/diegocebr12/status/1612573564607266818,2023-01-09T22:14:32.000Z,Uma das golpistas aqui @alexandre,0,0,0,https://twitter.com/silviawaiapi/status/1612176586908008448
Paulo Costa Manso,@paulocosman,https://twitter.com/paulocosman/status/1613509344682729473,2023-01-12T12:12:59.000Z,Bandido bom não é bandido morto? Tá reclamando do que???,0,0,0,https://twitter.com/silviawaiapi/status/1612176586908008448
O Behaviorista Hobbesiano,@empiristarazor,https://twitter.com/empiristarazor/status/1612759382931947521,2023-01-10T10:32:55.000Z,"E a harmonização facial, parece que não deu certo",0,0,0,https://twitter.com/silviawaiapi/status/1612176586908008448
Maria Ana Lula da Silva,@anamarilopes,https://twitter.com/anamarilopes/status/1620957552812130305,2023-02-02T01:29:31.000Z,Essa 👿 não representa isso,0,0,0,https://twitter.com/silviawaiapi/status/1612176586908008448
Asdrúbal the Dog,@TieloRamone,https://twitter.com/TieloRamone/status/1612893956425060384,2023-01-10T19:27:39.000Z,Não houve feridos. Vocês quebraram e roubaram. Cadeia pra vcs !,0,0,3,https://twitter.com/silviawaiapi/status/1612176586908008448
"Alho, Cebola & Sal...",@fabio_1880,https://twitter.com/fabio_1880/status/1612231535394004994,2023-01-08T23:35:26.000Z,A VERGONHA DO ESTADO. VAI RESPONDER POR APOIAR ESSA DESORDEM. NUNCA SERÁ REPRESENTANTE DO ESTADO DO AMAPÁ,0,0,5,https://twitter.com/silviawaiapi/status/1612176586908008448
Beth Peixoto,@Elizabe64022194,https://twitter.com/Elizabe64022194/status/1613863316882964480,2023-01-13T11:39:33.000Z,Temos que parar tudo agora!,2,0,0,https://twitter.com/silviawaiapi/status/1612176586908008448
PERDEU MANÉ,@MANESEMDENTE,https://twitter.com/MANESEMDENTE/status/1612187576714268673,2023-01-08T20:40:45.000Z,Covardes. Borram as calças quando estão frente a frente com um bandido armado.,0,0,0,https://twitter.com/silviawaiapi/status/1612176586908008448
Valqs Amaral,@ValqsA,https://twitter.com/ValqsA/status/1613539250904891392,2023-01-12T14:11:50.000Z,Para de inventar história. Cadê as provas dessa munição letal que vc tanto fala?,0,0,0,https://twitter.com/silviawaiapi/status/1612176586908008448
Claumari.,@Claud565637,https://twitter.com/Claud565637/status/1613344233187852289,2023-01-12T01:16:54.000Z,"Mas tu é muito ordinária incitadora de terrorismo, os criminosos que você  chama de manifestantes desarmado.
Espero que seja responsabilizada.",0,0,0,https://twitter.com/silviawaiapi/status/1612176586908008448
Fabiano Souza,@Fabiano446446,https://twitter.com/Fabiano446446/status/1613369523150667777,2023-01-12T02:57:23.000Z,"Manifestantes? São Terroristas!! É cadeia neles! Aliás eu espero que o MPF casse seu diploma e não a deixe tomar posse em fevereiro! Motivos que não faltam! Uma Indígena apoiadora ferrenha do homem que entregou as terras Indígenas aos garimpeiros, grileiros e madeireiros! (+)",1,0,0,https://twitter.com/silviawaiapi/status/1612176586908008448
Eduardo Kerber,@r4nz1nz4,https://twitter.com/r4nz1nz4/status/1612247909021499392,2023-01-09T00:40:30.000Z,"Meu Deus… vc eh um câncer!!! Desapareça, demonia!",0,0,1,https://twitter.com/silviawaiapi/status/1612176586908008448
Duartejosy☻,@garotatrist,https://twitter.com/garotatrist/status/1612230020424138752,2023-01-08T23:29:25.000Z,"Pode sim atirar nesse bandido vagabundo, espero que as autoridades  tome medidas contra você, por apoiar esses bandidos.",0,0,4,https://twitter.com/silviawaiapi/status/1612176586908008448
Olavo Tinha Razão,@ElifazGrupo,https://twitter.com/ElifazGrupo/status/1612176692566687744,2023-01-08T19:57:30.000Z,Pacheco babaca!,0,0,0,https://twitter.com/silviawaiapi/status/1612176586908008448
Bruno Lopes,@BrunoLo15379312,https://twitter.com/BrunoLo15379312/status/1612328852662910976,2023-01-09T06:02:08.000Z,O @TSEjusbr tem a obrigação de cassar o seu mandato.,0,0,0,https://twitter.com/silviawaiapi/status/1612176586908008448
Joaquim Satolep,@JSatolep,https://twitter.com/JSatolep/status/1612373081619562497,2023-01-09T08:57:53.000Z,apoiadora de terrorismo? cuidado hein...seu CPF pode puxar cana dura,0,0,0,https://twitter.com/silviawaiapi/status/1612176586908008448
"Alexandre, o Alves! ™",@XandyAlves_OF,https://twitter.com/XandyAlves_OF/status/1612315786575769601,2023-01-09T05:10:13.000Z,"Te prepara que não deu tempo de se livrar dos prints. 

O SEU TA ENCOMENDADINHO! 

TIC... TAC... TIC... TAC...",0,0,2,https://twitter.com/silviawaiapi/status/1612176586908008448
