nome,usuario,idTweet,dataPublicacao,texto,replies,retweets,likes,tweetPai
Rico Silva,@realricosilva,https://twitter.com/realricosilva/status/1613100270875021312,2023-01-11T09:07:29.000Z,"Nobre deputado, estão tramando nos esgotos de Brasília e STF um ataque para culpar o agronegócio pela quebradeira em Brasília. Com isso a caneta do Xandão poderá desapropriar terras e entregar para o MST. Os comunistas querem dominar os meios de produção agrícola. Muito perigoso.",1,1,1,https://twitter.com/pedro_lupion/status/1612945429246758915
Emilio Tavares,@EmilioTavares11,https://twitter.com/EmilioTavares11/status/1612953316891283457,2023-01-10T23:23:32.000Z,"Gostaria de saber o que o Sr tem feito como parlamentar eleito. Anda meio sumido. Temos visto apenas manifestações do Sr @marcosdoval .

Apenas discursos não bastarão.
Vocês da direita deveriam se organizar e agir juntos, em bloco. Mostrem-se. Deixem de ser burros",0,0,0,https://twitter.com/pedro_lupion/status/1612945429246758915
