nome,usuario,idTweet,dataPublicacao,texto,replies,retweets,likes,tweetPai
Wellington Barbosa,@ieqluzdoespirit,https://twitter.com/ieqluzdoespirit/status/1612502005611696146,2023-01-09T17:30:11.000Z,"Talvez se o Congresso não tivesse acatado a ordem de não aprovar a auditagem dos votos, não tivesse permitido a prisão do Daniel Silveira entre outras barbaridades, essa também não tivesse acontecido.",0,0,0,https://twitter.com/DepJefferson/status/1612461253703892992
Thiago Andrade,@thiagoandrade_t,https://twitter.com/thiagoandrade_t/status/1612716214006206465,2023-01-10T07:41:22.000Z,"Dep o povo da direita não pode ser incluídos em badernas de infiltrados e sofrerem como animais detidos sem água e sem comida, levanta da cadeira e vá defender aqueles que acreditaram em vc",0,0,0,https://twitter.com/DepJefferson/status/1612461253703892992
Nilton Doarte,@DoarteNilton,https://twitter.com/DoarteNilton/status/1613199412641267713,2023-01-11T15:41:26.000Z,"E quanto ao campo de concentração e violação dos direitos humanos, o que você está fazendo contra isto nobre deputado e irmão em Cristo??
Não vi nenhuma manifestação solidária de sua parte.",0,0,0,https://twitter.com/DepJefferson/status/1612461253703892992
Sergio Leme,@SergioLeme9,https://twitter.com/SergioLeme9/status/1614600275393642501,2023-01-15T12:27:58.000Z,O eleitor cobra investigação rigorosa. Chega de jogar coisas debaixo dos panos.,0,0,0,https://twitter.com/DepJefferson/status/1612461253703892992
Mauricio Marques,@mauricio27,https://twitter.com/mauricio27/status/1612627457324077057,2023-01-10T01:48:41.000Z,E quem o Sr. acredita estar por trás disso?,0,0,0,https://twitter.com/DepJefferson/status/1612461253703892992
Emilio Tavares,@EmilioTavares11,https://twitter.com/EmilioTavares11/status/1612963663954214912,2023-01-11T00:04:39.000Z,"Gostaria de saber o que o Sr tem feito como parlamentar eleito. Anda meio sumido. Temos visto apenas manifestações do Sr @marcosdoval .

Apenas discursos não bastarão.
Vocês da direita deveriam se organizar e agir juntos, em bloco. Mostrem-se. Deixem de ser burros",0,0,0,https://twitter.com/DepJefferson/status/1612461253703892992
