nome,usuario,idTweet,dataPublicacao,texto,replies,retweets,likes,tweetPai
Lucas Silveira,@lucasfresno,https://twitter.com/lucasfresno/status/1612613381365837824,2023-01-10T00:52:45.000Z,"vai tirar o corpo fora agora? não incentivou nada do que rolou, né? golpista cagado. mau-perdedor mimado. quero saber quais salas a esquerda invadiu, alagou, tacou fogo, quais obras de arte de valor imensurável esfaquearam em 2018… vai trabalhar, enquanto tu tem mandato.",1,12,352,https://twitter.com/nikolas_dm/status/1612266365532135424
William De Lucca,@delucca,https://twitter.com/delucca/status/1612273759955652609,2023-01-09T02:23:13.000Z,"Reapareceu, flor? Tava dormindo? Acordou agora?",83,39,5.576,https://twitter.com/nikolas_dm/status/1612266365532135424
Adler Neves,@adlernevesmbl,https://twitter.com/adlernevesmbl/status/1612267067670929411,2023-01-09T01:56:38.000Z,"“Sou contra, mas veja bem..” Ou você é, ou você não é.",11,10,925,https://twitter.com/nikolas_dm/status/1612266365532135424
iGRRR,@_igrookk,https://twitter.com/_igrookk/status/1612591150921129984,2023-01-09T23:24:25.000Z,queria dar minha opniao mas nao tenho advogado,0,0,0,https://twitter.com/nikolas_dm/status/1612266365532135424
Marina Gladstone,@marinagladstone,https://twitter.com/marinagladstone/status/1612275799666659329,2023-01-09T02:31:19.000Z,"Nikolas, grande voz! Falou tudo 👏🏻👏🏻👏🏻👏🏻👏🏻👏🏻👏🏻",4,0,5,https://twitter.com/nikolas_dm/status/1612266365532135424
emer,@emerzow,https://twitter.com/emerzow/status/1612268581391110144,2023-01-09T02:02:38.000Z,"MAS? Não existe MAS nessa situação. NUNCA HOUVE um crime contra o patrimônio público como o de hoje, e quando houve, não chegou nem a 1/3 do que foi hoje porque a polícia impediu. Porque a polícia não impediu hoje? Você é outra merd4, vocês compactuam com isso SIM. LIX0!",86,154,6.965,https://twitter.com/nikolas_dm/status/1612266365532135424
J A N ( 180K ),@thejandiaz_,https://twitter.com/thejandiaz_/status/1612531367497146369,2023-01-09T19:26:52.000Z,Esse Guri já não tava no esquecimento ?,3,0,36,https://twitter.com/nikolas_dm/status/1612266365532135424
Fernanda Losco,@fflosco31,https://twitter.com/fflosco31/status/1612352154169131009,2023-01-09T07:34:44.000Z,"Nikolas,  pelo amor de Deus vc tb não né?Foram patriotas ou infiltrados?",3,14,24,https://twitter.com/nikolas_dm/status/1612266365532135424
͏ ͏,@miagnth,https://twitter.com/miagnth/status/1612513958379900928,2023-01-09T18:17:41.000Z,"e inclusive: MAS????

não foi a esquerda que quebrou quadros de 8 milhões de reais, que roubaram o exemplar ORIGINAL DA CONSTITUIÇÃO, que quebraram metros de vidro, que invadiram e depredaram patrimônio público, você dizendo que a esquerda apoia esses problemas te faz de+",1,1,12,https://twitter.com/nikolas_dm/status/1612266365532135424
Takeo,@brtenshi,https://twitter.com/brtenshi/status/1612578396902416384,2023-01-09T22:33:44.000Z,"Sou totalmente contra qualquer ato de vandalismo. Mas quando isso daqui não adiantou pra nada eu entendo pq a sangue de alguns fervem.
Deus tenha misericórdia de nós.",0,1,6,https://twitter.com/nikolas_dm/status/1612266365532135424
Paulo Engelmann,@paulo_engelmann,https://twitter.com/paulo_engelmann/status/1612272910441369600,2023-01-09T02:19:51.000Z,Caímos na armadilha da esquerda…..,14,11,32,https://twitter.com/nikolas_dm/status/1612266365532135424
FazueliFDP,@accioly75,https://twitter.com/accioly75/status/1612393560002777088,2023-01-09T10:19:16.000Z,"Infelizmente armaram contra aqueles que são contra o comunismo. Escreva o que estou falando, irão tirar todos que são oposição a eles, incluindo vc.",2,16,21,https://twitter.com/nikolas_dm/status/1612266365532135424
Guilherme c.o,@Guilher40290487,https://twitter.com/Guilher40290487/status/1612730060921774081,2023-01-10T08:36:24.000Z,"Este sujeitinho que pelo tamanho não cresce mais em todos os sentidos, deve ser investigado,
Foi um dos incentivadores. Diretamente ou indiretamente ajudou a espalhar discurso de ódio. Agora discursa como se tivesse tomado o poder. Perdeu mané!!!",3,1,3,https://twitter.com/nikolas_dm/status/1612266365532135424
Jogois,@EleitodeDeus75,https://twitter.com/EleitodeDeus75/status/1612502974114435072,2023-01-09T17:34:02.000Z,O problema é que eles vão apagar sua memória. Só isso!,1,0,1,https://twitter.com/nikolas_dm/status/1612266365532135424
Thais,@tais_negrao,https://twitter.com/tais_negrao/status/1612473544117559296,2023-01-09T15:37:05.000Z,🇧🇷👊,0,7,31,https://twitter.com/nikolas_dm/status/1612266365532135424
Heloisa Campeao,@hlscampl,https://twitter.com/hlscampl/status/1612630171198038017,2023-01-10T01:59:28.000Z,"Justificou tanto, + a impressão é q passou pano p/ os terroristas  só tirou o 👌🏼 da reta!
 “Sou contra, + n tenho amnésia” ou seja fizeram então agr n falem de quem está fazendo, MAS SOU CONTRA🤡E outra qlq 1 pode s falar sendo ⬅️ou➡️ você msm no final falou sobre respeito!",2,0,0,https://twitter.com/nikolas_dm/status/1612266365532135424
Sandrinha,@spereira344,https://twitter.com/spereira344/status/1612903479529590784,2023-01-10T20:05:30.000Z,"Gente, sinceramente não consigo entender como pode alguém que foi eleito democraticamente, incitar ódio contra as instituições brasileiras. Você é o escárnio da sociedade. Queria o *golpe*, mas não conseguiu. VIVA A DEMOCRACIA e VIVA O BRASIL que é de todos.",1,0,1,https://twitter.com/nikolas_dm/status/1612266365532135424
Marilza Patriota,@MarilzaPacheco1,https://twitter.com/MarilzaPacheco1/status/1612973062349004802,2023-01-11T00:42:00.000Z,👋👋👋👋👋👋👋👋👋👋👋👋👋👋meu garoto 🤜🤛,0,0,0,https://twitter.com/nikolas_dm/status/1612266365532135424
Thelma,@thelmauov,https://twitter.com/thelmauov/status/1612273594402308100,2023-01-09T02:22:34.000Z,Nada foi quebrada pela direita,58,47,84,https://twitter.com/nikolas_dm/status/1612266365532135424
Patriota com orgulho,@Nandapatriota84,https://twitter.com/Nandapatriota84/status/1627684160083992577,2023-02-20T14:58:39.000Z,@silmara79136141 sdv,0,0,0,https://twitter.com/nikolas_dm/status/1612266365532135424
Márcio Câmera,@MFCCamera,https://twitter.com/MFCCamera/status/1612370397550317571,2023-01-09T08:47:13.000Z,"@cnnportugal @SICNoticias , assistam!
repensem suas posições 2017 o PT fez o mesmo e foi considerado manifestação democrática...",1,0,0,https://twitter.com/nikolas_dm/status/1612266365532135424
Ana LULA,@ana70947612,https://twitter.com/ana70947612/status/1612303459419656194,2023-01-09T04:21:14.000Z,"Você é um dos incitador desse terrorismo . 
A esquerda nunca atentou contra o Estado Democrático de Direito.
Mas a lei chegará para você também.",22,35,225,https://twitter.com/nikolas_dm/status/1612266365532135424
Lueci,@luecifabretti,https://twitter.com/luecifabretti/status/1612272489345720320,2023-01-09T02:18:10.000Z,Bom para a memória!🤭,46,178,336,https://twitter.com/nikolas_dm/status/1612266365532135424
Cris Bravo,@cristiane_bravo,https://twitter.com/cristiane_bravo/status/1612268638551130118,2023-01-09T02:02:52.000Z,Exatamente isso: o din0 defendeu atos assim em 2017 e o loola mentiu hoje ao dizer que a esquerda nunca agiu assim.,1,5,19,https://twitter.com/nikolas_dm/status/1612266365532135424
Vanessa Temponi,@vanessa_temponi,https://twitter.com/vanessa_temponi/status/1612556233696858125,2023-01-09T21:05:40.000Z,"Até tu @nikolas_dm!
Ngm terá coragem d enfrentar a mídia podre contra as falsas divulgações d vandalismo?Inocentes e pacificadores estão detidos! Inúmeros vídeos mostram infiltrados depredando enqto os verdadeiros patriotas tentam impedir.Mas só recebem críticas e desaprovação!",4,2,19,https://twitter.com/nikolas_dm/status/1612266365532135424
Pr. Marcio,@PrMarcioSilva10,https://twitter.com/PrMarcioSilva10/status/1612269381291249665,2023-01-09T02:05:49.000Z,DESBLOQUEANDO MEMÓRIAS,11,20,50,https://twitter.com/nikolas_dm/status/1612266365532135424
Vírus,@virussccp,https://twitter.com/virussccp/status/1612267212915593216,2023-01-09T01:57:12.000Z,"eu não vi nenhum brasileiro invadir a praça dos três poderes e quebrar tudo nikolas, tem vídeos mostrando?",3,1,227,https://twitter.com/nikolas_dm/status/1612266365532135424
R.Vinicius,@RVinicius18,https://twitter.com/RVinicius18/status/1612275233809133571,2023-01-09T02:29:05.000Z,"Não vi ngm da turminha “o amor venceu” falar disso aqui em 2013, pq será?",42,3,23,https://twitter.com/nikolas_dm/status/1612266365532135424
Aline Goulart,@AlineGo15731133,https://twitter.com/AlineGo15731133/status/1612295139040415751,2023-01-09T03:48:10.000Z,"Será que foi a direita  mesmo que iniciou isso tudo?!.
Tenho minhas dúvidas🤔",33,1,11,https://twitter.com/nikolas_dm/status/1612266365532135424
Jackson Augusto,@afrocrente,https://twitter.com/afrocrente/status/1612288343169024001,2023-01-09T03:21:10.000Z,Golpista!,15,6,702,https://twitter.com/nikolas_dm/status/1612266365532135424
iago,@malandroembuda,https://twitter.com/malandroembuda/status/1612303159745040387,2023-01-09T04:20:03.000Z,eu não aguento maissss esse cara falando merda comoooo podeeeee falar tanta bosta,2,0,2,https://twitter.com/nikolas_dm/status/1612266365532135424
GWG PX,@GWGPX01,https://twitter.com/GWGPX01/status/1612694644877393920,2023-01-10T06:15:40.000Z,tu é chatão em mlk,0,0,3,https://twitter.com/nikolas_dm/status/1612266365532135424
Mírian,@mirianhelena22,https://twitter.com/mirianhelena22/status/1612983111884627969,2023-01-11T01:21:56.000Z,Lindezo nosso! O país precisa de vc! 💪🏻🇧🇷,0,0,0,https://twitter.com/nikolas_dm/status/1612266365532135424
Tarciso 22,@TarcisoSoares1,https://twitter.com/TarcisoSoares1/status/1612630180937220096,2023-01-10T01:59:31.000Z,"Acontece que não agimos com vandalismo, foi armação.",0,0,2,https://twitter.com/nikolas_dm/status/1612266365532135424
Soninha Floripa,@SoninhaAcorsi,https://twitter.com/SoninhaAcorsi/status/1623696335072382984,2023-02-09T14:52:27.000Z,#CPIdoDia8,0,0,0,https://twitter.com/nikolas_dm/status/1612266365532135424
Rato,@oirichard2,https://twitter.com/oirichard2/status/1612266705207582720,2023-01-09T01:55:11.000Z,"todo petista tem memória curta, isso que fode",19,2,101,https://twitter.com/nikolas_dm/status/1612266365532135424
sandro priscila,@sandropriscila,https://twitter.com/sandropriscila/status/1612447469907976193,2023-01-09T13:53:29.000Z,"Sabeis separar o joio do trigo!!
Nós ajude a divulgar quem realmente fez o quebra quebra.",28,2,7,https://twitter.com/nikolas_dm/status/1612266365532135424
Jani valverdePetista e Lulista.,@JANI_VALVERD,https://twitter.com/JANI_VALVERD/status/1612306699611783169,2023-01-09T04:34:07.000Z,Alou @FlavioDino @alexandre derrubem a conta desses golpistas incitadores de atos terroristas..,3,21,371,https://twitter.com/nikolas_dm/status/1612266365532135424
LU REIS NUNES,@LuMaraNunes,https://twitter.com/LuMaraNunes/status/1612795393825185793,2023-01-10T12:56:00.000Z,Quietinho vc tá errado. A esquerda nunca atacou prédios que representam a democracia. Tbm nunca fez baderna contra a democracia. Vcs estão fazendo manifestações ilegítimas pq não aceitam o resultado das urnas. Nossas manifestações sempre reivindicaram direitos e respeito só povo.,9,5,30,https://twitter.com/nikolas_dm/status/1612266365532135424
Marcia Gomes,@MarciaG56572848,https://twitter.com/MarciaG56572848/status/1612646711528394753,2023-01-10T03:05:12.000Z,"Boa noite ! Nikolas_dm pessoas que estavam nas manifestações em Brasília estão presas em um ginásio  da PF do distrito Federal desde cedo até agora sem água e alimentação, precisa ser denunciado tem pessoas morrendo, direitos humanos internacional .",1,0,1,https://twitter.com/nikolas_dm/status/1612266365532135424
Buba Aguiar,@BuubaAguiar,https://twitter.com/BuubaAguiar/status/1612327325114462208,2023-01-09T05:56:04.000Z,"Ah... cala a boca, garoto!",24,2,529,https://twitter.com/nikolas_dm/status/1612266365532135424
Maj Bruno Rezende,@rezende_bruno,https://twitter.com/rezende_bruno/status/1612266813286453249,2023-01-09T01:55:37.000Z,Sobre defender ou apoiar os ataques ocorridos em Brasília 👇🏼👇🏼👇🏼,35,62,2.146,https://twitter.com/nikolas_dm/status/1612266365532135424
Magnus Goulart,@magnusgoulart,https://twitter.com/magnusgoulart/status/1612278126389641216,2023-01-09T02:40:34.000Z,"“Sou contra”, mas incentivo.",8,2,732,https://twitter.com/nikolas_dm/status/1612266365532135424
V I T T U,@euvittu,https://twitter.com/euvittu/status/1612268069006749696,2023-01-09T02:00:36.000Z,"você é uma das pessoas mais desonestas desse país. desonesto, pequeno e patético. 🤮🤮🤮",146,81,7.395,https://twitter.com/nikolas_dm/status/1612266365532135424
LuE,@Elelumarc,https://twitter.com/Elelumarc/status/1612267492281405440,2023-01-09T01:58:19.000Z,Não foram os patriotas! Não caia na narrativa deles. Divulgue a verdade.,4,7,30,https://twitter.com/nikolas_dm/status/1612266365532135424
Christian Reis,@ChristianDR7,https://twitter.com/ChristianDR7/status/1612267592051298304,2023-01-09T01:58:43.000Z,"Nikolas, não foram os patriotas, foram infiltrados. 
Provavelmente você não está nos grupos de manifestação, a mídia não mostra os infiltrados.",388,23,118,https://twitter.com/nikolas_dm/status/1612266365532135424
higor,@cechiguinho,https://twitter.com/cechiguinho/status/1612266884300410880,2023-01-09T01:55:54.000Z,vc transa olhando p trás ne mano,13,7,454,https://twitter.com/nikolas_dm/status/1612266365532135424
Muniz,@muniz,https://twitter.com/muniz/status/1612266912704090113,2023-01-09T01:56:01.000Z,O que tu gosta tá mole,4,1,409,https://twitter.com/nikolas_dm/status/1612266365532135424
Moreski,@Moreski5,https://twitter.com/Moreski5/status/1612267051380350977,2023-01-09T01:56:34.000Z,Incrível que o modus operandi de quem é intelectualmente desonesto é sempre o mesmo,4,21,522,https://twitter.com/nikolas_dm/status/1612266365532135424
Lúcio Big da OPS,@LucioBig,https://twitter.com/LucioBig/status/1612425200066301952,2023-01-09T12:24:59.000Z,"Acho que ninguém é contra a livre manifestação. O problema é quando a coisa sai do controle e se torna terrorismo.
Eu já fui às ruas protestar em 2011, 2012 e 2013 e parei quando o movimento apartidário se tornou partidário, e começou a vandalizar.
Passar pano não é na solução.",8,4,183,https://twitter.com/nikolas_dm/status/1612266365532135424
@Tonny22,@Tonny,https://twitter.com/Tonny60435172/status/1613223039113564161,2023-01-11T17:15:19.000Z,Só esqueceu de ressaltar quem foi que organizou e executou o quebra-quebra. Esse detalhe você esqueceu de mencionar.,0,0,0,https://twitter.com/nikolas_dm/status/1612266365532135424
Carla Calmon N G Yılmaz,@CarlaCalmon26,https://twitter.com/CarlaCalmon26/status/1612509819612585997,2023-01-09T18:01:14.000Z,Contra??? Você é responsável também. Sua hora vai chegar.,3,21,199,https://twitter.com/nikolas_dm/status/1612266365532135424
Gonçalves,@58_goncalves,https://twitter.com/58_goncalves/status/1612530699822837760,2023-01-09T19:24:12.000Z,um erro não anula o outro.,1,0,3,https://twitter.com/nikolas_dm/status/1612266365532135424
Roseane Katia,@RoseaneKatia1,https://twitter.com/RoseaneKatia1/status/1612770932765900801,2023-01-10T11:18:48.000Z,"Bom dia Nicolas! nós estamos presos injustamente na academia da Polícia federal,sem banheiros adequados, comida e água. Ficamos em local descoberto muito gente passou mal com crises e infartos e até com morte no local. Gritei várias vezes que queríamos recursos humanos e a nada.",11,0,0,https://twitter.com/nikolas_dm/status/1612266365532135424
Waly,@ByTheWaly,https://twitter.com/ByTheWaly/status/1613461580821192705,2023-01-12T09:03:12.000Z,o que tu quer ta mole Nikolas Ferreira,1,0,4,https://twitter.com/nikolas_dm/status/1612266365532135424
Corra Lolla © corra na CPMI ☭,@lo_l_la,https://twitter.com/lo_l_la/status/1612270955791015936,2023-01-09T02:12:05.000Z,"Não tem amnésia mas tem algo muito pior. Falta de caráter. NÃO HÁ JUSTIFICATIVA FIO. 
e tem mais, vocês incentivaram isso. Bom se preparar que o pagamento vem viu.",15,12,323,https://twitter.com/nikolas_dm/status/1612266365532135424
Chargista Rote,@Rotebc,https://twitter.com/Rotebc/status/1612266902356738048,2023-01-09T01:55:58.000Z,vcs aí!ó,21,218,2.058,https://twitter.com/nikolas_dm/status/1612266365532135424
Guilherme,@Guilher75449583,https://twitter.com/Guilher75449583/status/1612384264095416321,2023-01-09T09:42:19.000Z,"Sendo que quem promoveu a violência e quebra, quebra foi a galera da própria esquerda infiltrada! Não podemos deixar que isso fique assim. E recuarmos reconhecendo o que não fizemos. Que a polícia investigue e puna os responsáveis as manifestações sempre foram pacíficas!",62,7,40,https://twitter.com/nikolas_dm/status/1612266365532135424
Paulo Terron,@pterron,https://twitter.com/pterron/status/1612454315955814401,2023-01-09T14:20:41.000Z,"Conta pra gente quando a esquerda destruiu quadros de Di Cavalcanti, Portinari, o Congresso e o STF. Vai ser fácil, já que vc “não tem amnésia”. Seja homem e diga o que vc quer dizer: que apoia isso tudo, sim",20,24,1.235,https://twitter.com/nikolas_dm/status/1612266365532135424
Janio Carlos Silva,@JanioCarlosNS,https://twitter.com/JanioCarlosNS/status/1612397016176365568,2023-01-09T10:33:00.000Z,"Que fazer falsa equivalência, mas não vai funcionar. A esquerda nunca invadiu o Palácio do Planalto e destruiu patrimônio histórico de Brasília. Esse é o maior atentado terrorista da América Latina, ação sem precedentes. Não tem como comparar com nenhuma outra manifestação.",4,6,92,https://twitter.com/nikolas_dm/status/1612266365532135424
Z.B ᶜʳᵛᵍ ✠,@ZBCRVG,https://twitter.com/ZBCRVG/status/1612266454790946817,2023-01-09T01:54:11.000Z,Vc. Nunca será felipe neto entendeu? Jamais,48,3,215,https://twitter.com/nikolas_dm/status/1612266365532135424
"diniz, 2 de muitos.",@Rodrigu08706700,https://twitter.com/Rodrigu08706700/status/1612266742427820032,2023-01-09T01:55:20.000Z,"O medo bateu. Operação barata voa. Todos serão punidos, agora é tarde.",2,17,929,https://twitter.com/nikolas_dm/status/1612266365532135424
Jean,@jeanhillsong,https://twitter.com/jeanhillsong/status/1612266856164823040,2023-01-09T01:55:47.000Z,Tão tudo cagado fazendo vídeo dizendo que não compactuam ! O medo de perder a boquinha paga pelo povo ! Hquahauahauaj,9,9,394,https://twitter.com/nikolas_dm/status/1612266365532135424
Samuel Santos (3-5),@samuks_ri,https://twitter.com/samuks_ri/status/1612267895827963904,2023-01-09T01:59:55.000Z,Ele ataca novamente,6,13,458,https://twitter.com/nikolas_dm/status/1612266365532135424
Emerson Souza,@emersouza_vmj,https://twitter.com/emersouza_vmj/status/1612267927104884736,2023-01-09T02:00:02.000Z,"Sempre tem um ""mas""....que desperdício de dinheiro público esse moleque...",8,1,94,https://twitter.com/nikolas_dm/status/1612266365532135424
Eduardo Brasil,@dudubrasil28,https://twitter.com/dudubrasil28/status/1612268641705156610,2023-01-09T02:02:53.000Z,"Que moral? Recolhe a tua insignificância. Perdeu, mané! Acabou pra vocês. Depois de hoje Bolsonaro nunca mais volta ao poder.

Grande dia!",15,15,1.373,https://twitter.com/nikolas_dm/status/1612266365532135424
Sol,@Soler_Pris,https://twitter.com/Soler_Pris/status/1612268690166136834,2023-01-09T02:03:04.000Z,"Você, em seu cargo, deve no mínimo repudiar o que foi feito hoje e não se isentar com frases: ""eu nunca cometi  ato de vandalismo...Eu não, mas vcs de esquerda,sim"". Não é sobre esquerda X direita. É sobre o futuro da nação que vc representa. Cresça e saia da 5a série.",19,17,622,https://twitter.com/nikolas_dm/status/1612266365532135424
Rafinha Gomes,@rafinhagomes00,https://twitter.com/rafinhagomes00/status/1612268766179491845,2023-01-09T02:03:23.000Z,"Nikolas Ferreira no modo:

Tô passando pano para não perder meus eleitores que são tudo lunático, mas tô me cagando de medo de ser preso.",4,27,808,https://twitter.com/nikolas_dm/status/1612266365532135424
AS,@ComEstudant,https://twitter.com/ComEstudant/status/1612268626350051329,2023-01-09T02:02:49.000Z,"O cidadão de bem da direita cagando para o estado democrático de direito. 

Vcs são uma vergonha pro nosso país.",0,1,28,https://twitter.com/nikolas_dm/status/1612266365532135424
Mico-leão Dopado,@DopadoLeao,https://twitter.com/DopadoLeao/status/1612269247224320000,2023-01-09T02:05:17.000Z,Resumindo: vc continua apoiando ato golpista mas diz q é contra pra não pegar tão mal,5,4,122,https://twitter.com/nikolas_dm/status/1612266365532135424
Leonardo Luziano,@LeonardoLuziano,https://twitter.com/LeonardoLuziano/status/1612274277486673920,2023-01-09T02:25:17.000Z,"Parabéns, enquanto outro diassuadem a narrativa, não podemos deixar isso passar em vão e esquecer dias debaixo de sol e chuva.",1,0,1,https://twitter.com/nikolas_dm/status/1612266365532135424
Gilberto Oliveira,@GilbertobhJesus,https://twitter.com/GilbertobhJesus/status/1612275590949732355,2023-01-09T02:30:30.000Z,Sua turma sempre insitou a violência,0,2,9,https://twitter.com/nikolas_dm/status/1612266365532135424
Karol,@KarolTecla,https://twitter.com/KarolTecla/status/1612267110570377217,2023-01-09T01:56:48.000Z,Esse não perde uma oportunidade de passar vergonha,4,2,76,https://twitter.com/nikolas_dm/status/1612266365532135424
Saulinho Dih JM,@SaulinhoJM2,https://twitter.com/SaulinhoJM2/status/1612267723685498880,2023-01-09T01:59:14.000Z,"Nikolas, tenho uma proposta que fará você mudar a história do Brasil, me encontre 02:00 da madrugada na capela de Jeronimo Monteiro/ES, 3ª árvore onde nao tem luz, venha sozinho, informações serão valiosas",0,0,10,https://twitter.com/nikolas_dm/status/1612266365532135424
Pedro Alves,@p_3drinho,https://twitter.com/p_3drinho/status/1612297068004925440,2023-01-09T03:55:50.000Z,"você é uma piada, Nikolas Ferreira! literalmente a vergonha da profissão.🤣",2,0,60,https://twitter.com/nikolas_dm/status/1612266365532135424
Nando Viana,@nandoviana,https://twitter.com/nandoviana/status/1612298412837441536,2023-01-09T04:01:11.000Z,Esse merdinha aí é difícil de aguentar. Nada pior que criança mimada.,10,2,92,https://twitter.com/nikolas_dm/status/1612266365532135424
Deborah,@deborahtalves,https://twitter.com/deborahtalves/status/1612318094956937222,2023-01-09T05:19:23.000Z,"Uai, a direita que pede intervenção militar tem moral pra falar isso? Você pode n ter amnésia, mas tem um gravíssimo caso de deficiência intelectual ou faltava às aulas de história, pq o golpe militar que vcs tanto vangloriam foi extremamente bruto e sanguinário.",1,0,25,https://twitter.com/nikolas_dm/status/1612266365532135424
Dandara,@utopiajara,https://twitter.com/utopiajara/status/1612323661293273088,2023-01-09T05:41:31.000Z,Para você ter noção da proteção que os vândalos bolsonaristas estão tendo.,0,2,22,https://twitter.com/nikolas_dm/status/1612266365532135424
Jane Jan,@janemeirelles5,https://twitter.com/janemeirelles5/status/1612350073630871552,2023-01-09T07:26:28.000Z,Eita mais um aqui tentando apagar o passado !!! Deve esta assim né?!?,0,2,17,https://twitter.com/nikolas_dm/status/1612266365532135424
luiz henrique,@LuizAsgarf,https://twitter.com/LuizAsgarf/status/1612600925150928896,2023-01-10T00:03:15.000Z,"E por fim, tem que se analisar o motivo que levou a essa manifestação.Centenas de pessoas ficaram ao relento por 60 dias, clamando por serem ouvidos e no entanto foram tratados pela justiça como Mane.O Estado é responsável por isso.",0,0,0,https://twitter.com/nikolas_dm/status/1612266365532135424
pau¹¹,@napualau,https://twitter.com/napualau/status/1612698808479272960,2023-01-10T06:32:13.000Z,"você se perde no seu próprio argumento, sinceramente
se o teu povo bolsonarista faz os mesmos atos vândalos que você alega que o povo de esquerda fez no passado, por que o seu tá certo e o deles tá errado? explica aí",2,0,3,https://twitter.com/nikolas_dm/status/1612266365532135424
"Lupsi@ Yeshua, amado de minha alma!","Lupsi@ Yeshua, amado de minha alma!",https://twitter.com/LucenirRodrigu8/status/1612611607250755584,2023-01-10T00:45:42.000Z,"Valeu.Sou contra o vandalismo provocado e orquestrada pela turma esquerdista do ódio 
Desde 2018 foram antidemocráticos por não aceitar os resultados das urnas a presidência.Daí pra frente começou a guerra nas redes sociais,  impressa, esquema p/ tomar o Brasil.Isso é democrático",0,0,0,https://twitter.com/nikolas_dm/status/1612266365532135424
luiz henrique,@LuizAsgarf,https://twitter.com/LuizAsgarf/status/1612599343642460160,2023-01-09T23:56:58.000Z,"Caro Nikolas , creio que a abordagem que está sendo dada ao assunto do ocorrido em Brasília está totalmente errado. Os atos de vandalismo e destruição devem ser cobdenados e punidos é isso é um assunto de polícia.
Segue",0,0,0,https://twitter.com/nikolas_dm/status/1612266365532135424
luiz henrique,@LuizAsgarf,https://twitter.com/LuizAsgarf/status/1612599888608477185,2023-01-09T23:59:08.000Z,"Entretanto não é razoável prender 1500 pessoas para tentar garimpar  culpados. Que os culpados seja identificamos pelas câmaras. Seria como se a polícia prendesse toda a população do morro do Alemão para tentar dessa forma descobrir traficantes.
Segue",0,0,0,https://twitter.com/nikolas_dm/status/1612266365532135424
antonio nazaret,@antonionazaret6,https://twitter.com/antonionazaret6/status/1612581433138368517,2023-01-09T22:45:48.000Z,"Eles esquecem rápidos das coisas, será por isso que eles estão sempre fazendo a mesma coisas?",0,0,0,https://twitter.com/nikolas_dm/status/1612266365532135424
Ana Manfrinatti,@ManfrinattiAna,https://twitter.com/ManfrinattiAna/status/1612648073532178432,2023-01-10T03:10:36.000Z,Concordo plenamente!,0,0,0,https://twitter.com/nikolas_dm/status/1612266365532135424
Ma Lopes,@MasLopez20,https://twitter.com/MasLopez20/status/1612608013453430784,2023-01-10T00:31:25.000Z,"Perdeu oportunidade de ficar calado, ou do nosso lado! Perdeu mané , em Minas Gerais!",0,0,0,https://twitter.com/nikolas_dm/status/1612266365532135424
newton chicati,@NChicati,https://twitter.com/NChicati/status/1612813948226502656,2023-01-10T14:09:44.000Z,Sobre a sensura que está sendo colocada. Pessoas que não podem falar o que pensam.,0,0,0,https://twitter.com/nikolas_dm/status/1612266365532135424
RNP.,@rn_pimentel,https://twitter.com/rn_pimentel/status/1612809103880904709,2023-01-10T13:50:29.000Z,"Cara, o Governo Bolsonaro
Tem que aprender com a esquerda esses 4 anos CAGARAM E ABUSARAM na direita ...tem que fazer o que eles fazem ..continuam deitando e rolando. Nem STF,Nem FFAA, pra nós salvar,..ultima instância DEUS. Eu queria ter grana.",0,0,0,https://twitter.com/nikolas_dm/status/1612266365532135424
𝘎𝘢𝘣ᶜʳᶠ,@Gabcrf07,https://twitter.com/Gabcrf07/status/1612267132657537025,2023-01-09T01:56:53.000Z,"Que voz é essa Nikolas?

Pô o Bolsonaro tacou lá na garganta msm né? Que FDP nosso capitão kkkkkkkkk",6,11,574,https://twitter.com/nikolas_dm/status/1612266365532135424
ALINE DINIZ,@alinediniz27,https://twitter.com/alinediniz27/status/1612270898203004929,2023-01-09T02:11:51.000Z,Ter ficado o dia todo em silêncio seria mais util a vc,2,2,127,https://twitter.com/nikolas_dm/status/1612266365532135424
Guedinho e seus Fãs,@GuedinhoeFans,https://twitter.com/GuedinhoeFans/status/1612271456259346432,2023-01-09T02:14:04.000Z,"Sou contra depredação e atos de vandalismos, MAS...

Conjunção adversativa usada para transmitir ideia de oposição ou adversidade. Em outras palavras, você é a favor jovem. Rs 👍",21,47,1.145,https://twitter.com/nikolas_dm/status/1612266365532135424
"DK47, O Contador de Histórias",@adl_dk47,https://twitter.com/adl_dk47/status/1612290304433856521,2023-01-09T03:28:58.000Z,Tu tá bom e pra tomar um pau comédia cuzao,18,20,307,https://twitter.com/nikolas_dm/status/1612266365532135424
Marcus Castro,@mvpcastro,https://twitter.com/mvpcastro/status/1612347770492289024,2023-01-09T07:17:19.000Z,Como pode ser tão grosseiramente mentiroso. Só pessoas com problemas cognitivos sérios caem em algo assim.,12,0,138,https://twitter.com/nikolas_dm/status/1612266365532135424
Igor Ricardo,@ir_ricardo,https://twitter.com/ir_ricardo/status/1612392015328600064,2023-01-09T10:13:07.000Z,bla bla bla whiskas sachê,4,4,237,https://twitter.com/nikolas_dm/status/1612266365532135424
Nathan Borges,@Ntnborges,https://twitter.com/Ntnborges/status/1612404416870481921,2023-01-09T11:02:24.000Z,"Pow cara, você tá piroca desde quando não conseguiu subir no Cristo Redentor",5,7,533,https://twitter.com/nikolas_dm/status/1612266365532135424
bola,@bolazimbra,https://twitter.com/bolazimbra/status/1612442279624458242,2023-01-09T13:32:51.000Z,tua hora vai chegar tb fica frio,6,9,707,https://twitter.com/nikolas_dm/status/1612266365532135424
والإيمانAllencar,@muitocria,https://twitter.com/muitocria/status/1612456781048909824,2023-01-09T14:30:29.000Z,5 minutinho de mano a mano eu e você ? Vamo ?,11,1,130,https://twitter.com/nikolas_dm/status/1612266365532135424
Luiz Eduardo,@Luiz_Eduardo_LR,https://twitter.com/Luiz_Eduardo_LR/status/1612457542063652864,2023-01-09T14:33:30.000Z,"Cassação a TODOS os políticos que participaram, contribuíram com ou estimularam de alguma forma os atos TERRORISTAS de ontem!!",1,4,23,https://twitter.com/nikolas_dm/status/1612266365532135424
bill,@JoseRob11458984,https://twitter.com/JoseRob11458984/status/1612479158197575681,2023-01-09T15:59:24.000Z,"70 dias povo tava lá 
Agora invadem número enorme numero de pessoas o Palácio em pleno domingo .
Tem coisa errada aí. 
Depois que vi na jovem pan 
A única que mostra toda a verdade 
Que prenderam o povo em frente o quartel.idosos crianças mulheres#VergonhaNacional",2,0,1,https://twitter.com/nikolas_dm/status/1612266365532135424
Ursula,@bueno_ursula,https://twitter.com/bueno_ursula/status/1612267696099319808,2023-01-09T01:59:07.000Z,"como sempre, vc do lado errado da história. justificando o injustificável.",0,0,34,https://twitter.com/nikolas_dm/status/1612266365532135424
jhacklopo,@JhakLopo,https://twitter.com/JhakLopo/status/1612277364129415168,2023-01-09T02:37:32.000Z,obrigado @nikolas_dm por nos representar 🇧🇷 os verdadeiros Patriotas se manifesta de forma pacífica e tem vários vídeos mostrando que tinha infiltrados no meio dos Patriotas,29,0,5,https://twitter.com/nikolas_dm/status/1612266365532135424
igo,@iamigorss,https://twitter.com/iamigorss/status/1612279412858228737,2023-01-09T02:45:41.000Z,"“A esquerda, esquerda, esquerda, ah mas a esquerda”",0,0,4,https://twitter.com/nikolas_dm/status/1612266365532135424
Silvano Alves,@Silvano30715287,https://twitter.com/Silvano30715287/status/1612280786308272129,2023-01-09T02:51:08.000Z,"Jesus é a favor da guerra e virá com milhões de anjos tocando, logo, a guerra é uma prática válida. Matem-se antes, antes da guerra que Jesus trará e desfrutem duas guerra.",1,0,1,https://twitter.com/nikolas_dm/status/1612266365532135424
SEU VICENTE,@seuvicente1,https://twitter.com/seuvicente1/status/1612288639995727872,2023-01-09T03:22:21.000Z,Você incentivou toda essa baderna.,4,11,795,https://twitter.com/nikolas_dm/status/1612266365532135424
lelê,@_allsoul,https://twitter.com/_allsoul/status/1612293931709906951,2023-01-09T03:43:22.000Z,KKKKKKKKKKKKKK COMÉDIA DMS,1,0,1,https://twitter.com/nikolas_dm/status/1612266365532135424
