nome,usuario,idTweet,dataPublicacao,texto,replies,retweets,likes,tweetPai
Claydée Ribeiro,@ClaydeeRibeiro1,https://twitter.com/ClaydeeRibeiro1/status/1629145805301944321,2023-02-24T15:46:42.000Z,"Exatamente deputado!
E a CPMI do dia 8 de janeiro vai esclarecer os fatos . Que os verdadeiros responsáveis sejam punidos !
Há pessoas presas sem o devido processo legal há 45 dias.
Por coerência e justiça apoie !",1,0,0,https://twitter.com/benesleocadiorn/status/1612186955936157696
Claydée Ribeiro,@ClaydeeRibeiro1,https://twitter.com/ClaydeeRibeiro1/status/1629146015256260612,2023-02-24T15:47:32.000Z,Aguardamos sua assinatura!#CPMIdo8deJaneiro,0,0,3,https://twitter.com/benesleocadiorn/status/1612186955936157696
Segundo,@HemetrioCostaSe,https://twitter.com/HemetrioCostaSe/status/1647618198789840897,2023-04-16T15:09:24.000Z,Já assinou a CPI do 8 de janeiro?,0,0,0,https://twitter.com/benesleocadiorn/status/1612186955936157696
Robson Eugênio,@RobsonEugnio3,https://twitter.com/RobsonEugnio3/status/1628673312338444289,2023-02-23T08:29:11.000Z,Bom dia deputado por gentileza assine a CPI eu voltei em vossa excelência muito obrigado,0,0,1,https://twitter.com/benesleocadiorn/status/1612186955936157696
Julio Cesar de Oliveira,@JCeesarr,https://twitter.com/JCeesarr/status/1629164561474457604,2023-02-24T17:01:14.000Z,"Votei nesse cara, duas vezes. Sou do interior do RN e vejo o quanto o Benes é fraco como deputado.",0,0,0,https://twitter.com/benesleocadiorn/status/1612186955936157696
William Farias,@William16965448,https://twitter.com/William16965448/status/1626154170091819009,2023-02-16T09:39:01.000Z,então assina a cpmi,0,0,1,https://twitter.com/benesleocadiorn/status/1612186955936157696
alyssonrdr1,@alyssonrdr1,https://twitter.com/alyssonrdr1/status/1634999943323848705,2023-03-12T19:28:57.000Z,"O deputado não vai assinar a PMI, se fosse ja teria feito. O deputado não trabalha p povo... Trabalha, sim, p ele e a família dele. Deve ter cedido às ofertas do lula. Na campanha de reeleição de 2026 lembrem se das centenas de pessoas inocentes q ele ajudou a manter no cárcere.",0,0,0,https://twitter.com/benesleocadiorn/status/1612186955936157696
Jônatas #FORADILMO,@jonatas26l,https://twitter.com/jonatas26l/status/1629195503207432195,2023-02-24T19:04:11.000Z,"Assine a CPMI dos atos do dia 8 então, precisamos esclarecer isso.",0,0,1,https://twitter.com/benesleocadiorn/status/1612186955936157696
guilherme otaviano,@guilhermeotavia,https://twitter.com/guilhermeotavia/status/1650843524575756288,2023-04-25T12:45:42.000Z,Espero que voce VOTE CONTRA esse horroroso PL da Fake News!! Votei em vc e to de OLHO na sua atuação!!!!!! CENSURA JAMAIS!!!!!!!!!!!!!!!!!!!!,0,0,0,https://twitter.com/benesleocadiorn/status/1612186955936157696
Marcia,@Marcia828448851,https://twitter.com/Marcia828448851/status/1651057383542587395,2023-04-26T02:55:30.000Z,#PL2630já #PL2630Já #PL2630já #PL2630Já #PL2630já #PL2630já #PL2630já #PL2630Já #PL2630já #PL2630já #PL2630já #PL2630Já#PL2630já #PL2630Já #PL2630já #PL2630Já #PL2630já #PL2630já #PL2630já #PL2630Já #PL2630já #PL2630já #PL2630já #PL2630Já,0,0,0,https://twitter.com/benesleocadiorn/status/1612186955936157696
Murilo,@MuriloSadj,https://twitter.com/MuriloSadj/status/1653501574470160409,2023-05-02T20:47:50.000Z,"Deputado Benes o RN esperá seu voto SIM para a PL2630.  Vote SIM pois se você votar contra RN irá dar a resposta nas urnas e não iremos te reeleger!
Vote SIM para a PL contra as fake news! #PL2630SIM",0,1,1,https://twitter.com/benesleocadiorn/status/1612186955936157696
