nome,usuario,idTweet,dataPublicacao,texto,replies,retweets,likes,tweetPai
Marcos Martins,@MarcosM92777567,https://twitter.com/MarcosM92777567/status/1612867608033857562,2023-01-10T17:42:58.000Z,"Ana Priscila Azevedo,ela é a chave deste mistério,ache ela é descubra quem financiou os infiltrados,tem vários vídeos provando que foi uma encomenda",2,3,9,https://twitter.com/DepSanderson/status/1612819804926382085
Robson Mota Gomes,@robsonmotagomes,https://twitter.com/robsonmotagomes/status/1612823048851427330,2023-01-10T14:45:54.000Z,Campo de concentração,1,0,4,https://twitter.com/DepSanderson/status/1612819804926382085
Patricia Ethel,@EthelZanini,https://twitter.com/EthelZanini/status/1612854589694554112,2023-01-10T16:51:14.000Z,Ajude urgente,1,0,2,https://twitter.com/DepSanderson/status/1612819804926382085
Harvey Cryptopressor,@HCryptopressor,https://twitter.com/HCryptopressor/status/1612895929404628995,2023-01-10T19:35:30.000Z,"Demorou pra caralho hein.
Esse negócio de silêncio tá começando a gerar dúvida.

E a maioria que tínhamos na câmara e no senado??? Xandão e Lula mandaram e já aprovaram a intervenção no DF?",0,1,5,https://twitter.com/DepSanderson/status/1612819804926382085
Nattalia Limoeiro,@NattaliaLimoeir,https://twitter.com/NattaliaLimoeir/status/1612888912833150976,2023-01-10T19:07:37.000Z,Houve revista na entrada? 08/01/23 Brasília,1,2,5,https://twitter.com/DepSanderson/status/1612819804926382085
Josiane Gonçalves De Freitas,@JosianeGFreitas,https://twitter.com/JosianeGFreitas/status/1612821349050769408,2023-01-10T14:39:09.000Z,Ha informações de 4 óbitos em menos de 24hs.,4,1,6,https://twitter.com/DepSanderson/status/1612819804926382085
J.H,@Olavonoalem,https://twitter.com/Olavonoalem/status/1612824769342197760,2023-01-10T14:52:44.000Z,Deter crianças???,1,3,7,https://twitter.com/DepSanderson/status/1612819804926382085
Adriana MPM,@mattos_pinho,https://twitter.com/mattos_pinho/status/1612833833883426817,2023-01-10T15:28:45.000Z,Vcs tem que fazer muito mais do que solicitar informação não acha?,1,0,3,https://twitter.com/DepSanderson/status/1612819804926382085
Luca,@Biluca12,https://twitter.com/Biluca12/status/1612926850434572288,2023-01-10T21:38:22.000Z,Agora é tarde lamentar. Não venha com cara de espanto. Vcs deixaram correr solta essa desgraça.,0,0,2,https://twitter.com/DepSanderson/status/1612819804926382085
AureaPatriota,@AureaGurgel,https://twitter.com/AureaGurgel/status/1612891573548683300,2023-01-10T19:18:11.000Z,https://twitter.com/i/status/1612835110839275520…,0,2,1,https://twitter.com/DepSanderson/status/1612819804926382085
Marta,@MartaAlvesOliv1,https://twitter.com/MartaAlvesOliv1/status/1612882389998653440,2023-01-10T18:41:42.000Z,Deputado o Dino e o lula foram avisados pela abin. Isso é gravíssimo!,0,4,12,https://twitter.com/DepSanderson/status/1612819804926382085
José Osvaldo Rui,@jose_rui_,https://twitter.com/jose_rui_/status/1612824917258678272,2023-01-10T14:53:19.000Z,Quando vão prender Ana Priscila Azevedo,0,0,3,https://twitter.com/DepSanderson/status/1612819804926382085
Maria Vilma,@PasqualiniVilma,https://twitter.com/PasqualiniVilma/status/1612868898176569358,2023-01-10T17:48:05.000Z,PELO AMOR DE DEUS AJUDEM AS PESSOAS QUE ESTAO NO CAMPO DE CONCENTRAÇÃO.  FAMILIAS COM CRIANCAS E IDOSOS ESTÃO  SEM AGUA E ALIMENTOS.  FACAM ALGUMA COISA . ESSAS PESSOAS NAO ESTAVAM NAS DEPREDAÇÕES.,1,3,10,https://twitter.com/DepSanderson/status/1612819804926382085
Érica Maciel. Quem me guarda não dorme.,@ericayhwh,https://twitter.com/ericayhwh/status/1613130211968647174,2023-01-11T11:06:27.000Z,Vc vai continuar solicitando pq eles não respeitam nada e ninguém.,1,2,24,https://twitter.com/DepSanderson/status/1612819804926382085
M A R C O S,@pagani_marcos,https://twitter.com/pagani_marcos/status/1612821538100678657,2023-01-10T14:39:54.000Z,Ele deve estar cagando e andando procês ...,0,0,4,https://twitter.com/DepSanderson/status/1612819804926382085
marta amaral,@martabamaral,https://twitter.com/martabamaral/status/1612881277237202944,2023-01-10T18:37:17.000Z,"Teria sido até melhor, se o Congresso fosse sério e tivesse antecipado a volta ao trabalho. Recesso pra que? Aliás , não sei quem deixou o povo mais na mão , o Congresso ou as FFAA? Cade o código fonte?",0,0,3,https://twitter.com/DepSanderson/status/1612819804926382085
Maisa Krugmann,@MaisaKrugmann,https://twitter.com/MaisaKrugmann/status/1612826290893262850,2023-01-10T14:58:47.000Z,"Eu entrei no teu perfil justamente pra perguntar se o sr tinha feito alguma coisa, que alívio, pelo menos um dos meus votos valeu a pena! Obrigadaaa!",0,1,5,https://twitter.com/DepSanderson/status/1612819804926382085
Romildo é Brasil acima de Tudo,@RomildoArguelho,https://twitter.com/RomildoArguelho/status/1612909814857736291,2023-01-10T20:30:40.000Z,"Kkkkkkkk....ele tá cagando pra vcs...vcs não servem mais pra nada. Só pra receber salário e bonificações gordas.
Deputados e senadores fecham suas salas e vão embora, vcs não servem pra nada.",0,0,1,https://twitter.com/DepSanderson/status/1612819804926382085
Girasol do Brasil,@JimmyandVilaine,https://twitter.com/JimmyandVilaine/status/1612855174040621073,2023-01-10T16:53:33.000Z,AJUDA O POVO,0,0,1,https://twitter.com/DepSanderson/status/1612819804926382085
LourdesRegina,@Lourdesregina,https://twitter.com/Lourdesregina/status/1612873259049177090,2023-01-10T18:05:25.000Z,Esperar o quê destes dinossauros da política?,0,0,0,https://twitter.com/DepSanderson/status/1612819804926382085
Valbelo Comunian,@ValbeloC,https://twitter.com/ValbeloC/status/1612902416504033288,2023-01-10T20:01:17.000Z,Sem nenhuma prova cabal atropelaram o processo legal.,0,0,0,https://twitter.com/DepSanderson/status/1612819804926382085
Jaqueline Gonçalves,@Jaqueli13587294,https://twitter.com/Jaqueli13587294/status/1612986543693615105,2023-01-11T01:35:34.000Z,E obtiveste alguma resposta do MJ?,0,0,0,https://twitter.com/DepSanderson/status/1612819804926382085
Gilmar Democracia e Liberdade!,@Gilmar_Curitiba,https://twitter.com/Gilmar_Curitiba/status/1612884818273964034,2023-01-10T18:51:21.000Z,Fez bem deputado. Mas dá pra fazer mais. Vai lá onde estão detidos.,0,0,0,https://twitter.com/DepSanderson/status/1612819804926382085
Mih Campos,@MihCampos2022,https://twitter.com/MihCampos2022/status/1612830806459678721,2023-01-10T15:16:43.000Z,Alguém faça alguma coisa pelo amor de Deus! 😭😭😭,2,0,0,https://twitter.com/DepSanderson/status/1612819804926382085
Rafael Mourão,@riosul2012,https://twitter.com/riosul2012/status/1612832609628741632,2023-01-10T15:23:53.000Z,"Vou repetir mais uma vez, idosos desidratam rapidamente mesmo se eles estiverem com aparência de estarem com saúde",1,0,0,https://twitter.com/DepSanderson/status/1612819804926382085
Ana Paula Pekelman,@APekelman,https://twitter.com/APekelman/status/1612886547681972293,2023-01-10T18:58:13.000Z,"Espera aí, crianças? Mas vocês são a favor da minoridade penal e 2°ainda vocês, bandido bom é bandido morto.  Além do que, queriam golpe de Estado com governo militar, ditadura,  sem congresso, judiciário e sem direitos civis. Agora tem tudo o que sempre pediram. Não reclamem",0,0,0,https://twitter.com/DepSanderson/status/1612819804926382085
Karina Carvalho,@KattyPC,https://twitter.com/KattyPC/status/1612962140838666252,2023-01-10T23:58:36.000Z,Ele respondeu? Duvido... Quando é para ameaçar estão na TV todos os dias. Quando é para dar esclarecimentos somem. E aí?,0,0,0,https://twitter.com/DepSanderson/status/1612819804926382085
Gabriella Azevedo,@gabimgvazevedo,https://twitter.com/gabimgvazevedo/status/1612895060365811728,2023-01-10T19:32:03.000Z,Precisamos de representação no Tribunal de Haia,0,0,2,https://twitter.com/DepSanderson/status/1612819804926382085
Ricardo Ammirabile Vianna,@ravvianna,https://twitter.com/ravvianna/status/1612908568440610833,2023-01-10T20:25:43.000Z,"Deputado agora defendendo bandido terrorista ? Mudando rápido de posição, ou acha que tudo que ocorreu no domingo foi correto Né ? Capacho de Bolsonaro",0,0,2,https://twitter.com/DepSanderson/status/1612819804926382085
Vivian,@Ela_Moderna,https://twitter.com/Ela_Moderna/status/1612960089064833025,2023-01-10T23:50:27.000Z,"Está solicitando informações do próprio algoz???? Faz nos rir deputado! Alguém precisa parar esse homem judicialmente, antes que a revolta popular o faça com as próprias mãos. Não é ameaça! É a realidade.",0,0,1,https://twitter.com/DepSanderson/status/1612819804926382085
Ana Bru,@Anaa_Bru,https://twitter.com/Anaa_Bru/status/1612900188418449408,2023-01-10T19:52:25.000Z,"Primeiro vai láaaaaa ajudar, @DepSanderson !!!
Depois, vc solocita o que quiser!",0,0,0,https://twitter.com/DepSanderson/status/1612819804926382085
Alek Assis,@assis_alek,https://twitter.com/assis_alek/status/1612877533904793600,2023-01-10T18:22:24.000Z,"Tem que fazer ele , Lula e AM pagar por isso .",0,0,0,https://twitter.com/DepSanderson/status/1612819804926382085
"Brasil acima de tudo, Deus acima de todos.",@jhoujhou2011,https://twitter.com/jhoujhou2011/status/1612854670266929152,2023-01-10T16:51:33.000Z,"Deve ser Alexandre de moral agira e sono da razão policial militar, policial civil, ministério público , juiz , desembargador, imperador e por aí vai ...",0,0,0,https://twitter.com/DepSanderson/status/1612819804926382085
Michel,@Farod,https://twitter.com/Farod/status/1614316009753657345,2023-01-14T17:38:23.000Z,"4 dias depois, qual resultado as ações? Quais as novas ações? Porque Aras está isento? Porque não retiram logo por prevaricação com prisão em flagrante, como dia a constituição?",0,0,0,https://twitter.com/DepSanderson/status/1612819804926382085
robertowendler wendler,@robertowendler2,https://twitter.com/robertowendler2/status/1612823186537594882,2023-01-10T14:46:27.000Z,"Rapaz que Vergonha da nossa PF, hoje a Gestapo do PT lamento pelos amigos que tenho neste órgão",1,0,7,https://twitter.com/DepSanderson/status/1612819804926382085
Johnny B Good,@JoaoCarlosAlAr,https://twitter.com/JoaoCarlosAlAr/status/1612883901684322307,2023-01-10T18:47:42.000Z,E ele vai rasgar sua solicitação,0,0,0,https://twitter.com/DepSanderson/status/1612819804926382085
DTSFreedom1961,@DFreedom1961,https://twitter.com/DFreedom1961/status/1613142834881908736,2023-01-11T11:56:37.000Z,"Deputado respeito sua “Ação Tardia”, mas vocês ficaram 4 anos observando de camarote os Abusos Supremos e do Congresso…..
A PGR ACABOU, FAZ TEMPO…….",0,0,0,https://twitter.com/DepSanderson/status/1612819804926382085
Xogum,@XogumBr,https://twitter.com/XogumBr/status/1613211344752328705,2023-01-11T16:28:51.000Z,"Deputado, em breve TODOS os parlamentares que ousarem levantar a voz contra o que está ocorrendo serão presos.",0,0,0,https://twitter.com/DepSanderson/status/1612819804926382085
Happynha,@happynhaday,https://twitter.com/happynhaday/status/1612944819839451138,2023-01-10T22:49:46.000Z,"Lembrando que há relatos de que eles foram enganados, pois disseram para que eles entrassem no ônibus que iriam deixá-los fora da cidade para irem para casa. Tem um vídeo de uma criança dizendo isso.",0,0,0,https://twitter.com/DepSanderson/status/1612819804926382085
Maria Lu Santos,@MariaLu1611,https://twitter.com/MariaLu1611/status/1612881334099222528,2023-01-10T18:37:30.000Z,Qual a situação desse povo.noticias atuais ?,0,0,0,https://twitter.com/DepSanderson/status/1612819804926382085
Marina 2,@Marina298119971,https://twitter.com/Marina298119971/status/1612949437743087617,2023-01-10T23:08:07.000Z,"O crime delas e ser contra um governo criminoso, corrupto e ilegal.",0,0,0,https://twitter.com/DepSanderson/status/1612819804926382085
elias kaspary,@EliasKaspary,https://twitter.com/EliasKaspary/status/1614409430661058560,2023-01-14T23:49:37.000Z,Ti é um legítimo representante do povo obrigado por tua luta,0,0,0,https://twitter.com/DepSanderson/status/1612819804926382085
croc croc nunca desista!,@Tokacardoso,https://twitter.com/Tokacardoso/status/1612919830318817285,2023-01-10T21:10:28.000Z,Lutor adubando a terra pra plantar chuchu!!! Mais uns 2 meses já nasce!!!,1,0,0,https://twitter.com/DepSanderson/status/1612819804926382085
JB 1968,@JorgeBorbaa,https://twitter.com/JorgeBorbaa/status/1612934830592761857,2023-01-10T22:10:05.000Z,"Eu acho que esses deputados e senadores ainda não entenderam -NÃO EXISTEM MAIS LEIS NO BRASIL - ESTAMOS NUMA DITADURA. O Dino vai pegar a sua solicitação de informações e você sabe o que vai acontecer com ela. Vivemos tempos sombrios. Não existe mais constituição, nem Leis no BR.",0,0,1,https://twitter.com/DepSanderson/status/1612819804926382085
Porta-luvas,@FabioDeMello190,https://twitter.com/FabioDeMello190/status/1613138097557880838,2023-01-11T11:37:47.000Z,Até quando o Congresso vai dar maioria de votos para essa quadrilha chamada PT?,0,0,0,https://twitter.com/DepSanderson/status/1612819804926382085
Eraldo Nazario,@NazarioEraldo,https://twitter.com/NazarioEraldo/status/1613126622235996160,2023-01-11T10:52:11.000Z,Agora pode tudo... estamos numa ditadura?,0,0,0,https://twitter.com/DepSanderson/status/1612819804926382085
Maria Abdala,@abdalamaria23,https://twitter.com/abdalamaria23/status/1614994004830994432,2023-01-16T14:32:30.000Z,Continue lutando.....🇧🇷🙏🙌,0,0,0,https://twitter.com/DepSanderson/status/1612819804926382085
Maria Abdala,@abdalamaria23,https://twitter.com/abdalamaria23/status/1614994005405872130,2023-01-16T14:32:30.000Z,Continue lutando.....🇧🇷🙏🙌,0,0,0,https://twitter.com/DepSanderson/status/1612819804926382085
Kênnyson P. Lima,@KennyBala,https://twitter.com/KennyBala/status/1613203515626717184,2023-01-11T15:57:44.000Z,Audiência de custódia só pra bandido. Não amola mané!,0,0,0,https://twitter.com/DepSanderson/status/1612819804926382085
Oséias,@oseiasdornelles,https://twitter.com/oseiasdornelles/status/1612941275879145472,2023-01-10T22:35:41.000Z,Algum dos senhores foram até o local verificar a situação?,0,0,1,https://twitter.com/DepSanderson/status/1612819804926382085
Vani Luisa,@VaniLuisa1,https://twitter.com/VaniLuisa1/status/1612864874954067991,2023-01-10T17:32:06.000Z,"Esse ai D.vai responder  perante Deus sobre abuso de poder,manifestação pacífica não é nunca foi pra prejudica ninguém, mas dizer que não concordamos c/alguma  coisa é, prisão de inocentes s/a devida a investigação isso sim é ante-democracia, processos de corrupção arquivados c.f",0,0,0,https://twitter.com/DepSanderson/status/1612819804926382085
AureaPatriota,@AureaGurgel,https://twitter.com/AureaGurgel/status/1612891806705848335,2023-01-10T19:19:07.000Z,https://twitter.com/i/status/1612623163988508673…,0,0,0,https://twitter.com/DepSanderson/status/1612819804926382085
Apenas um Mané!,@RodrigoAranha14,https://twitter.com/RodrigoAranha14/status/1612871289496010753,2023-01-10T17:57:35.000Z,Isso se chama democracia ou DITADURA?,0,0,0,https://twitter.com/DepSanderson/status/1612819804926382085
Magister MaskMelim,@MaskMelim,https://twitter.com/MaskMelim/status/1612826551741042688,2023-01-10T14:59:49.000Z,É cúmulo do absurdo e da desumanidade. Uma coisa impensável. Criaram uma casta que consideram inferior e digna de perseguição!,0,0,0,https://twitter.com/DepSanderson/status/1612819804926382085
Augusto Heavy metal,@AugustoHeavy,https://twitter.com/AugustoHeavy/status/1612985680170463235,2023-01-11T01:32:08.000Z,TUA HORA TÁ CHEGANDO DESGRAÇADO!!,0,0,0,https://twitter.com/DepSanderson/status/1612819804926382085
Kiko Natali,@NataliKiko,https://twitter.com/NataliKiko/status/1612895486700036110,2023-01-10T19:33:44.000Z,Ele nem vai te responder,0,0,0,https://twitter.com/DepSanderson/status/1612819804926382085
cicinho marcio,@MarcioCicinho,https://twitter.com/MarcioCicinho/status/1612825588133150721,2023-01-10T14:55:59.000Z,"Faça alguma coisa deputados, o povo votaram em vcs pra isso não sejam omissos",0,0,0,https://twitter.com/DepSanderson/status/1612819804926382085
Luis Carlos,@luis_poderes,https://twitter.com/luis_poderes/status/1612841351972024321,2023-01-10T15:58:38.000Z,"Parece que o buraco é mais embaixo, vá pra cima deputado.",0,0,0,https://twitter.com/DepSanderson/status/1612819804926382085
Nιƈƙσ Lιɱα,@nickoalt,https://twitter.com/nickoalt/status/1612940546074447872,2023-01-10T22:32:47.000Z,"Estas pessoas serão presas sumariamente,  sem o devido processo legal. É surreal!",0,0,0,https://twitter.com/DepSanderson/status/1612819804926382085
Silesia Carpes,@SilesiaCarpes,https://twitter.com/SilesiaCarpes/status/1612838474389807104,2023-01-10T15:47:12.000Z,Aqui é um “ campo de concentração “ no Brasil que absurdo. Onde vamos parar???? 🥲,0,0,0,https://twitter.com/DepSanderson/status/1612819804926382085
Egi Guerreiro Egi,@GuerreiroEgi,https://twitter.com/GuerreiroEgi/status/1613225866070265860,2023-01-11T17:26:33.000Z,Isto aí....,0,0,0,https://twitter.com/DepSanderson/status/1612819804926382085
Rosemary Souza,@Rosemar04052745,https://twitter.com/Rosemar04052745/status/1612999728605667346,2023-01-11T02:27:58.000Z,"O único culpado por toda tragédia em nosso país é o Congresso, vergonhoso e corrupto.",0,0,0,https://twitter.com/DepSanderson/status/1612819804926382085
Ferreira Lima,@Ferreir38401576,https://twitter.com/Ferreir38401576/status/1612872186876035072,2023-01-10T18:01:09.000Z,"Muitos já foram levados para os presídios de Brasília.
Papuda homens e colméia mulheres.
Covardia.",0,1,7,https://twitter.com/DepSanderson/status/1612819804926382085
Lukas Bachev,@LukasBachev,https://twitter.com/LukasBachev/status/1612871172525375488,2023-01-10T17:57:07.000Z,"Foram presas INDISTINTAMENTE, apenas por estarem no QG do exército, ou seja, a motivação é IDENTITÁRIA,  somente pelo espectro político dos que lá estavam protestando.",0,2,16,https://twitter.com/DepSanderson/status/1612819804926382085
Patricio,@ap_patricio,https://twitter.com/ap_patricio/status/1615332276350459907,2023-01-17T12:56:40.000Z,São CRIMINOSOS e estão onde deveria estar. Na CADEIA.,0,0,0,https://twitter.com/DepSanderson/status/1612819804926382085
Sandrinha Nicacio,@SandraNicacio_,https://twitter.com/SandraNicacio_/status/1613288768995315732,2023-01-11T21:36:30.000Z,"Viola, também , o pacto San José da Costa Rica. Verdadeiro crime contra a humanidade. #LULAGENOCIDA",0,0,0,https://twitter.com/DepSanderson/status/1612819804926382085
Alvaro David Sanguini,@SanguiniDavid,https://twitter.com/SanguiniDavid/status/1612843622835134465,2023-01-10T16:07:39.000Z,"Caraca, entao é tipo um policial pegando um ladrão ou bando ou um vandalo quebrando alguma coisa e por nao haver processo legal, ele nao pode prender em flagrante? kkkkk A viagem dessa droga que os bolsonaristas usam é pesada!",0,0,2,https://twitter.com/DepSanderson/status/1612819804926382085
AdelsonFezoL,@adelson_yawi,https://twitter.com/adelson_yawi/status/1613860595954253824,2023-01-13T11:28:44.000Z,Abraçaram o terrorismo! Não pensaram no dia de amanhã? Fizeram escolha!,0,0,1,https://twitter.com/DepSanderson/status/1612819804926382085
Maria mariá-poetisa-humorista,@MariaBeserraSou,https://twitter.com/MariaBeserraSou/status/1612850595198636032,2023-01-10T16:35:21.000Z,"Exibidos como trofeu 
Sao milhares que estavam de frente ao QG e nao invadindo nada
O mundo repudia este horror

Criancas idosos em condiçoes horriveis",0,5,20,https://twitter.com/DepSanderson/status/1612819804926382085
Cristell,@KellyTellez12,https://twitter.com/KellyTellez12/status/1612863553408569351,2023-01-10T17:26:51.000Z,"Um ministro da JUSTIÇA que possui nada menos que 227 processos na justiça 😓,onde mais isso seria possível que não aqui?",0,0,1,https://twitter.com/DepSanderson/status/1612819804926382085
Alice Cunha,@vils_alice,https://twitter.com/vils_alice/status/1613015141817384961,2023-01-11T03:29:12.000Z,"Vc me representa.
Que conforto saber, que temos u Deputado Federal que não se curvou ao sistema corrompido.",0,0,0,https://twitter.com/DepSanderson/status/1612819804926382085
Antonio Sergio,@Antonio52265333,https://twitter.com/Antonio52265333/status/1613131991041429506,2023-01-11T11:13:31.000Z,"Palhaçada, vcs só falam , quem manda é o Xande, vcs só estão de enfeites igual palhaço.",0,1,0,https://twitter.com/DepSanderson/status/1612819804926382085
Artemísia Voadora - Off-Grid,@EdnilceGiacomo,https://twitter.com/EdnilceGiacomo/status/1612986949303734273,2023-01-11T01:37:11.000Z,E o que  será  feito?,0,0,0,https://twitter.com/DepSanderson/status/1612819804926382085
Antonio Rigoto,@AntonioRigoto,https://twitter.com/AntonioRigoto/status/1613217264567783443,2023-01-11T16:52:22.000Z,"Sai da Internet e vá fazer algo realmente útil....
O povo te elegeu para ser a favor do povo, não do sistema.",0,0,0,https://twitter.com/DepSanderson/status/1612819804926382085
Dilson Menrzes,@drDilsonmenezes,https://twitter.com/drDilsonmenezes/status/1612960098661302272,2023-01-10T23:50:29.000Z,Vocês precisam agir,0,0,1,https://twitter.com/DepSanderson/status/1612819804926382085
Suzinha- Brasil pátria amada,@Suelypinheiro6,https://twitter.com/Suelypinheiro6/status/1612827988168507394,2023-01-10T15:05:31.000Z,"Acabou o Brasil. Tem funcionário público, pago com nosso dinheiro que tem que ser  demitido. Quem são  os culpados disso tudo?",0,0,2,https://twitter.com/DepSanderson/status/1612819804926382085
cristina barros,@crisbarros62,https://twitter.com/crisbarros62/status/1612820200415498248,2023-01-10T14:34:35.000Z,"Um rapaz de lá cortou o pulso, estão se matando, FAÇAM ALGUMA COISA PELO AMOR DE DEUS",3,0,4,https://twitter.com/DepSanderson/status/1612819804926382085
@casser.,@casser.,https://twitter.com/casser_luis/status/1612962107770675202,2023-01-10T23:58:28.000Z,"Segundo a Revista Oeste eles estão sendo ""coagidos"" sob tortura física e psicológica a assinar uma confissão de culpa de inúmeros crimes.",1,0,0,https://twitter.com/DepSanderson/status/1612819804926382085
Ana Paula Ermel,@Anapaulaermel,https://twitter.com/Anapaulaermel/status/1613856917893390336,2023-01-13T11:14:07.000Z,"Obrigada deputado! AJUDE! Muitos inocentes que não depredaram estão presos, enquanto infiltrados esquerdistas que quebraram tudo seguem soltos!",0,0,0,https://twitter.com/DepSanderson/status/1612819804926382085
rocha,@tiago___rocha,https://twitter.com/tiago___rocha/status/1613855819061202944,2023-01-13T11:09:45.000Z,Solicitou informações nos grupos dos golpistas sobre os atos terroristas?,0,0,1,https://twitter.com/DepSanderson/status/1612819804926382085
Rosemary S.Galo,@maryro_s,https://twitter.com/maryro_s/status/1614344982327959553,2023-01-14T19:33:31.000Z,Contamos com a sua coragem e hombridade 🇧🇷. Brasil acima de tudo. Deus acima de todos.,0,0,1,https://twitter.com/DepSanderson/status/1612819804926382085
lourdes patriota.,@lourdescorte,https://twitter.com/lourdescorte/status/1612820913203945474,2023-01-10T14:37:25.000Z,"Vossa excelência...esse tipo de palavra devia ser extinto. Tinha que iniciar assim ""vossa pilantragem venho por meio dessa"" .....",1,0,5,https://twitter.com/DepSanderson/status/1612819804926382085
Ione Oliveira Costa,@ioneocosta,https://twitter.com/ioneocosta/status/1612852966502928391,2023-01-10T16:44:47.000Z,"Pra dentro deles Deputado,talvez a totalidade dos que lá estejam,nada devam,grupo composto por mulheres,crianças e idosos tratadas como bandidos fossem.Isso é um absurdo,totalitarismo puro!",0,0,1,https://twitter.com/DepSanderson/status/1612819804926382085
João Luis Lacchini Lopes,@joao_lacchini,https://twitter.com/joao_lacchini/status/1612824569294774274,2023-01-10T14:51:56.000Z,"Como é fácil FALAR e POSTAR Indignação, ainda NÃO VI vocês lá no Ginásio mostrando toda essa INDIGNAÇÃO.",0,0,2,https://twitter.com/DepSanderson/status/1612819804926382085
Agostinho Vioto,@ViotoAgostinho,https://twitter.com/ViotoAgostinho/status/1612820641102843906,2023-01-10T14:36:20.000Z,Cabe ao congre$$o cumprir suas obrigações constitucionais.,0,0,2,https://twitter.com/DepSanderson/status/1612819804926382085
udi 2022,@Sombbraa,https://twitter.com/Sombbraa/status/1612822913383636995,2023-01-10T14:45:22.000Z,"Todo mundo sabe que isso não vai levar a nada.
 Os deputados e senadores já podem parar com o teatro.
 Aumento do salário de vocês foi efetuado com sucesso.
 Para o povo nada conseguem.
 Sistema corrupta, nenhuma instituição salva.",0,1,17,https://twitter.com/DepSanderson/status/1612819804926382085
wanderson arroyo lui,@wander_arroyo,https://twitter.com/wander_arroyo/status/1612926882571485184,2023-01-10T21:38:30.000Z,#ONU #DitaduraNoBrasil #CampoDeConcentracaoDoPT,0,0,0,https://twitter.com/DepSanderson/status/1612819804926382085
CarlosAndre,@CAndre51,https://twitter.com/CAndre51/status/1612939835970584577,2023-01-10T22:29:58.000Z,E aquela senhora faleceu ou não ?,0,0,0,https://twitter.com/DepSanderson/status/1612819804926382085
PSBrasil,@Paulo57225710,https://twitter.com/Paulo57225710/status/1612880185157713920,2023-01-10T18:32:56.000Z,o Sr. vai fazer o quê?,0,0,0,https://twitter.com/DepSanderson/status/1612819804926382085
Tamires Krull,@TamiresKrull,https://twitter.com/TamiresKrull/status/1612881985390710785,2023-01-10T18:40:05.000Z,Não vai dá em nada. O cabeça de ovo é a lei. Ele decide tudo!,0,0,0,https://twitter.com/DepSanderson/status/1612819804926382085
Dixon Galvão,@DIXONGALVAO,https://twitter.com/DIXONGALVAO/status/1612866853457510400,2023-01-10T17:39:58.000Z,"Interessante, passaram 04 anos chamando Bolsonaro de ditador nazista e foi Lula quem implantou o primeiro campo de concentração no Brasil",0,0,0,https://twitter.com/DepSanderson/status/1612819804926382085
Waldir Aroche,@aroche_nh,https://twitter.com/aroche_nh/status/1612914037490065418,2023-01-10T20:47:27.000Z,"Por isso, defendo o impeachment dos ministros do STF que deram um golpe na Constituição, descondenaram Lula e jogaram nosso país no limbo em que estamos hoje.",0,0,0,https://twitter.com/DepSanderson/status/1612819804926382085
Ademar Rufino,@Ademar_Rufino,https://twitter.com/Ademar_Rufino/status/1612888184060317701,2023-01-10T19:04:43.000Z,"Mesmo que essas pessoas fossem culpadas de algo, o tratamento a elas faz reduzir as suas resistências para falarem o que a polícia quiser em troca de sair desse carcere privado.
Art. 13, II da Lei 13.869/19",0,0,0,https://twitter.com/DepSanderson/status/1612819804926382085
Daniele,@TiagoPqueno,https://twitter.com/TiagoPqueno/status/1612845096310870017,2023-01-10T16:13:30.000Z,Faça algo de concreto. Post não resolve nada 👎🏻,0,0,0,https://twitter.com/DepSanderson/status/1612819804926382085
Amo meu Brasil,@ereniceab,https://twitter.com/ereniceab/status/1612841194295377921,2023-01-10T15:58:00.000Z,Pf polícia nazi do #LULAGENOCIDA,0,0,0,https://twitter.com/DepSanderson/status/1612819804926382085
Mafalda,@_euuubr,https://twitter.com/_euuubr/status/1616610648976236544,2023-01-21T01:36:28.000Z,"Pessoas não, BANDIDOS",0,0,0,https://twitter.com/DepSanderson/status/1612819804926382085
Patrilouca,@ChupaCabra4455,https://twitter.com/ChupaCabra4455/status/1612820227364130817,2023-01-10T14:34:41.000Z,É só não roubar não matar que não vai preso,1,0,2,https://twitter.com/DepSanderson/status/1612819804926382085
Anderson Menezes,@AndersonMnezes,https://twitter.com/AndersonMnezes/status/1612915234808668175,2023-01-10T20:52:13.000Z,Foi uma armadilha montada... Os vândalos já estavam dentro do prédio antes dos patriotas chegarem. Precisam investigar quem armou tudo isso. Foi armação da esquerda. A esquerda é movida por criminosos profissionais.,0,3,8,https://twitter.com/DepSanderson/status/1612819804926382085
juce juce2016,@JJuce2016,https://twitter.com/JJuce2016/status/1612909833602097152,2023-01-10T20:30:45.000Z,"Diferente mas igual , com apoio dos mesmos.",0,0,2,https://twitter.com/DepSanderson/status/1612819804926382085
Andrea,@Andreanovaera,https://twitter.com/Andreanovaera/status/1612915405202268162,2023-01-10T20:52:53.000Z,"Parabéns deputado pela atitude,  solicite tb apuração sobre esta questão 👇👇",0,1,3,https://twitter.com/DepSanderson/status/1612819804926382085
Lori Friedrich,@friedrich_lori,https://twitter.com/friedrich_lori/status/1613243184485654544,2023-01-11T18:35:22.000Z,"Deputado, sabe me dizer se Lula já enttegouva presidência para o ministro Moraes?",0,0,1,https://twitter.com/DepSanderson/status/1612819804926382085
Madruga,@Madruga24405183,https://twitter.com/Madruga24405183/status/1612867036471857169,2023-01-10T17:40:41.000Z,"Espera sentado, se vc não ir lá e tomar uma atitude com outros parlamentares, pessoas inocentes vão ser presas e vcs irão carregar essa culpa e covardia pelo resto da vida.",0,0,3,https://twitter.com/DepSanderson/status/1612819804926382085
Raquel Alves de souza,@RaquelA94206677,https://twitter.com/RaquelA94206677/status/1612974712690466817,2023-01-11T00:48:33.000Z,Parabéns deputado,0,0,0,https://twitter.com/DepSanderson/status/1612819804926382085
Poder do Povo,@PoderdoPovo2023,https://twitter.com/PoderdoPovo2023/status/1612983567432269824,2023-01-11T01:23:44.000Z,"Parabéns deputado! Os verdadeiros criminosos que planejaram a sabotagem as manifestações pacíficas precisam ser identificados, destituidos de seus cargos e julgados com total urgência, bem como todos que cometeram abuso de poder para armar um golpe político antidemocratico!",0,0,0,https://twitter.com/DepSanderson/status/1612819804926382085
Marcello SLR,@marcellomslr,https://twitter.com/marcellomslr/status/1612973432030875648,2023-01-11T00:43:28.000Z,"Meus parabéns, Deputado! Continue agindo com esta fibra moral em defesa de nossa Sociedade! Força e honra!👊🏻🇧🇷",0,0,0,https://twitter.com/DepSanderson/status/1612819804926382085
rocha,@tiago___rocha,https://twitter.com/tiago___rocha/status/1613855588055945217,2023-01-13T11:08:50.000Z,1200 são poucas!,0,0,0,https://twitter.com/DepSanderson/status/1612819804926382085
rocha,@tiago___rocha,https://twitter.com/tiago___rocha/status/1613856147873665024,2023-01-13T11:11:04.000Z,Solicitou informações a seus amiguinhos deputados e influenciadores que incitaram esse vandalismo?,0,0,0,https://twitter.com/DepSanderson/status/1612819804926382085
militante,@cleytonmatheus_,https://twitter.com/cleytonmatheus_/status/1615339642424795136,2023-01-17T13:25:56.000Z,"O processo está aberto, o senhor não sabe de nada do direito",0,0,0,https://twitter.com/DepSanderson/status/1612819804926382085
Ricardo Soares,@rica_lda,https://twitter.com/rica_lda/status/1612979250411507713,2023-01-11T01:06:35.000Z,Essas pessoas vão levar isso para o resto de suas vidas. Algumas vão ser condenados e irão pra a prisão sem saber o por que.,0,0,0,https://twitter.com/DepSanderson/status/1612819804926382085
Patricia ana. CLARA,@PatriciaanaCLA3,https://twitter.com/PatriciaanaCLA3/status/1613013537625882624,2023-01-11T03:22:50.000Z,"Enquanto os políticos  de bem nada fizerem , o povo do mal fazem a festa",0,0,0,https://twitter.com/DepSanderson/status/1612819804926382085
Sincrom,@Sincromm,https://twitter.com/Sincromm/status/1612965734115590144,2023-01-11T00:12:53.000Z,Tem que convidar ele em caráter de urgência na comissão para dar esclarecimentos dos fatos.,0,0,0,https://twitter.com/DepSanderson/status/1612819804926382085
Lâmpada,@Lmpada13,https://twitter.com/Lmpada13/status/1613012507479744513,2023-01-11T03:18:44.000Z,"Se for chorar, manda áudio…",0,0,0,https://twitter.com/DepSanderson/status/1612819804926382085
Derlin.’.Rodrigues,@DerlinRod,https://twitter.com/DerlinRod/status/1612930931794538499,2023-01-10T21:54:35.000Z,A culpa é da omissão do @SenadoFederal @rodrigopacheco e da @camaradeputados @ArthurLira_,0,1,3,https://twitter.com/DepSanderson/status/1612819804926382085
Valesca Giuseppe,@ValescaGiusepp3,https://twitter.com/ValescaGiusepp3/status/1612827712296460288,2023-01-10T15:04:26.000Z,Acabou deputado. Faz tempo que romperam a constituição.,1,4,7,https://twitter.com/DepSanderson/status/1612819804926382085
Romildo é Brasil acima de Tudo,@RomildoArguelho,https://twitter.com/RomildoArguelho/status/1612910246204420098,2023-01-10T20:32:23.000Z,"Ana Priscila Azevedo fez tudo issoe tá rindo de vcs, bando de idiotas, pegal essa mulher e faz ela abrir a boca. Nem presa ela tá",0,0,2,https://twitter.com/DepSanderson/status/1612819804926382085
Rô_Maria,@RMaria_SP,https://twitter.com/RMaria_SP/status/1613126274180055040,2023-01-11T10:50:48.000Z,"Enquanto vc solicitou informações e tuíta, randolfe foi ao stf e pediu o afastamento de Ibaneis e a prisão de Anderson Torres. Eis a diferença. Vocês, representantes políticos da direita, são tão culpados quanto a politicalha esquerdista na situação que estamos testemunhando.",0,0,1,https://twitter.com/DepSanderson/status/1612819804926382085
Luiz Alixandre,@AlixandreLuiz,https://twitter.com/AlixandreLuiz/status/1613108844741148672,2023-01-11T09:41:33.000Z,Postagem no twitter e pedido de informações não vai resolver nada..você só quer likes. Reúna seus pares no congresso e façam algo que realmente ajude o povo que está sendo massacrado. Chega de Deputags!,0,0,1,https://twitter.com/DepSanderson/status/1612819804926382085
JB,@BarbJanny,https://twitter.com/BarbJanny/status/1612988500416073729,2023-01-11T01:43:21.000Z,Breve serão vcs. A DEMOCRACIA no Brasil desceu ralo abaixo.😒,0,0,0,https://twitter.com/DepSanderson/status/1612819804926382085
Elizabete,@elizabe88567039,https://twitter.com/elizabe88567039/status/1613161977936859140,2023-01-11T13:12:41.000Z,Podia acontecer né,0,0,0,https://twitter.com/DepSanderson/status/1612819804926382085
DaniR._,@euDaniR_,https://twitter.com/euDaniR_/status/1612841297521377281,2023-01-10T15:58:25.000Z,Especialmente quando se tem a prova de quem fez tudo isso. #GloboLixo @CesarFilho @marcelvanhattem @Biakicis @BolsonaroSP @EduGiraoOficial @ArthurLira_ @camaradeputados @SenadoFederal @TuckerCarlson @pmdfoficial,0,0,0,https://twitter.com/DepSanderson/status/1612819804926382085
dan,@daniel84564193,https://twitter.com/daniel84564193/status/1612953790143164416,2023-01-10T23:25:25.000Z,Cadê @exercitooficial @fab_oficial @marmilbr bando de vendidos???,0,0,0,https://twitter.com/DepSanderson/status/1612819804926382085
RC,@RC310848,https://twitter.com/RC310848/status/1612908105561415687,2023-01-10T20:23:53.000Z,"Deputado, vai lá, informação confiável nunca vira, o Brasil está nas manchetes mundiais com um Pais que não cumpre os acordos de Direitos Humanos. Vocês, nossos representantes, tem que dar um basta nisso. Lembre que chegamos até aqui por omissão do Congresso.🇧🇷",0,1,9,https://twitter.com/DepSanderson/status/1612819804926382085
Robson Scardini,@tintureiro1,https://twitter.com/tintureiro1/status/1612843903232708608,2023-01-10T16:08:46.000Z,"Comunistas fizeram isto em toda a sua história.
Acaso, Flávio Dino é um?",0,0,0,https://twitter.com/DepSanderson/status/1612819804926382085
NemMulaNemChuchu,@Abnara_Koteski,https://twitter.com/Abnara_Koteski/status/1612833625782845441,2023-01-10T15:27:56.000Z,"Sério que vc acha que um COMUNISTA colocado lá, estrategicamente, para fazer TUDO que ele está fazendo, vai dar explicações pra um deputado? Poupe-nos . Vcs tinham que estar pedindo a cabeça desse filhøDåpütå, e não explicações.#LULAGENOCIDA",0,1,2,https://twitter.com/DepSanderson/status/1612819804926382085
j c Santana,@jcSAdv268269,https://twitter.com/jcSAdv268269/status/1612843958924607489,2023-01-10T16:08:59.000Z,"Deputado, ofício não resolve nada, levantem a bunda do sofá e estejam no campo de concentração como a esquerda faz .",0,1,0,https://twitter.com/DepSanderson/status/1612819804926382085
Anne,@Annlazysc,https://twitter.com/Annlazysc/status/1612836718041858049,2023-01-10T15:40:13.000Z,Material ótimo e disponível para depor este governo caótico e criminoso. Bora puxar o tem? Deposição já do Dinho e do cachaceiro lembrando de levar o xuxu junto,0,0,0,https://twitter.com/DepSanderson/status/1612819804926382085
Moisés Pinheiro,@Moisazl,https://twitter.com/Moisazl/status/1613068133610278912,2023-01-11T06:59:47.000Z,Já pode pedir impeachment tanto do imperador 🥚 quanto do seu laranja o 🦑.,0,0,0,https://twitter.com/DepSanderson/status/1612819804926382085
Marcelo Lima,@mjslima77,https://twitter.com/mjslima77/status/1616410836880203779,2023-01-20T12:22:29.000Z,Golpistas não passarão!!! #SemAnistia,0,0,0,https://twitter.com/DepSanderson/status/1612819804926382085
Margareth Seixas 12K as,@VidaLunar,https://twitter.com/VidaLunar/status/1612851981898469377,2023-01-10T16:40:52.000Z,"Eles vão cagar para sua solicitação. Querido, eles já sabiam de tudo , foram avisados. Prevaricaram em beneficio da ideologia nefasta. Queriam destruior a direita com a imagem de que são terroristas.",3,1,3,https://twitter.com/DepSanderson/status/1612819804926382085
Luis Gustavo,@Gus_Imortal,https://twitter.com/Gus_Imortal/status/1618837363693879297,2023-01-27T05:04:38.000Z,"Absurdo é ter um ser abjeto como vc na função de representante do povo, defensor de terrorista é terrorista tbm. Deveria ser adotado no Brasil prisão perpétua ou pena de morte pra terroristas, porque vc não faz algo de útil na vida e propõe isso na camara ? Vai ser um sucesso.",0,0,0,https://twitter.com/DepSanderson/status/1612819804926382085
Aisha,@Aisha_Curitiba,https://twitter.com/Aisha_Curitiba/status/1613132318679392256,2023-01-11T11:14:49.000Z,Já protocolares o pedido de impeachment do ladrão?,0,0,1,https://twitter.com/DepSanderson/status/1612819804926382085
rocha,@tiago___rocha,https://twitter.com/tiago___rocha/status/1613854933115342848,2023-01-13T11:06:14.000Z,Inocentes,0,0,1,https://twitter.com/DepSanderson/status/1612819804926382085
rocha,@tiago___rocha,https://twitter.com/tiago___rocha/status/1613854828115144705,2023-01-13T11:05:49.000Z,Inocentes.,0,0,0,https://twitter.com/DepSanderson/status/1612819804926382085
Alex,@AlexSan53279621,https://twitter.com/AlexSan53279621/status/1613055448785248257,2023-01-11T06:09:22.000Z,"Absurdo é 50 famílias, sem casa sem abrigo, homens, mulheres crianças, idosos despejados, @RafaelGreca e @ratinho_jr não vão fazer nada?",0,0,0,https://twitter.com/DepSanderson/status/1612819804926382085
Sem palavras!,@MercuriHenrique,https://twitter.com/MercuriHenrique/status/1613062814834343937,2023-01-11T06:38:38.000Z,Sandycteison ajuda #LULAGENOCIDA bandido,0,0,0,https://twitter.com/DepSanderson/status/1612819804926382085
André Ricardo,@ausricardoegui,https://twitter.com/ausricardoegui/status/1612973526989799425,2023-01-11T00:43:51.000Z,E quem será responsabilizado?!@FlavioBolsonaro @EduGiraoOficial @marcosdoval @carlosaviana mortes no #campodeconcentracaodolula,0,0,1,https://twitter.com/DepSanderson/status/1612819804926382085
Colorado sempre,@manotoledo,https://twitter.com/manotoledo/status/1613160482893971456,2023-01-11T13:06:44.000Z,Defensor de terrorismo agora é? E aquele papo de bandido bom é bandido morto? Hipócrita,0,0,0,https://twitter.com/DepSanderson/status/1612819804926382085
Brasil GIGANTE,@marlipereira22,https://twitter.com/marlipereira22/status/1612830646778331148,2023-01-10T15:16:05.000Z,"Com O Decreto do Incêndio do Reichstag, os nazistas passaram a dispor da ferramenta decisiva para combater seus inimigos. Sem provas nem controle jurídico, eles podiam agora deter qualquer um que lhes fosse desconfortável. Jornais de oposição, por exemplo, foram logo proibidos.",1,2,14,https://twitter.com/DepSanderson/status/1612819804926382085
Danielle Baptista,@DaniDani_1976,https://twitter.com/DaniDani_1976/status/1613143627688976384,2023-01-11T11:59:46.000Z,"#NaoAoComunismoCONHECER a Verdade é fundamental....🇧🇷🇧🇷🇧🇷A nulidade do processo crime do Ladrão não é inocentar, é voltar a fase inicial em outra jurisdição....

Continua LADRÃO....",0,0,0,https://twitter.com/DepSanderson/status/1612819804926382085
didio,@izidioliver,https://twitter.com/izidioliver/status/1612950037901746176,2023-01-10T23:10:30.000Z,"Genocidio da ditadura da TOGA, do PT e do CN. 💀#LULAGENOCIDA #ForaLula",0,0,1,https://twitter.com/DepSanderson/status/1612819804926382085
ASJ1982,@ASJ19821,https://twitter.com/ASJ19821/status/1612828971900755971,2023-01-10T15:09:26.000Z,"Vejo tanta gente falar de fascismo que fui ao Wikipedia para descobrir o que é:
""Fascismo é uma ideologia política ultranacionalista e autoritária caracterizada por poder ditatorial, repressão da oposição por via da força e forte arregimentação da sociedade e da economia.""
Epa!",0,1,4,https://twitter.com/DepSanderson/status/1612819804926382085
Mitair Mitessias Mitonaro ,@MitairMitonaro,https://twitter.com/MitairMitonaro/status/1612856192241471528,2023-01-10T16:57:36.000Z,"“Colônia de férias”, quem disse isso no passado? Jair Bolsonaro, sobre criminosos, como por exemplo, Champinha. Lembra? Xandão está se vingando ao tratar pessoas de bem como bandidos. É pessoal! É doentio! Uma mistura de psicopatia, sociopatia e megalomanía.",0,1,2,https://twitter.com/DepSanderson/status/1612819804926382085
Rogério B.S patriota 4,@BardenRogerio,https://twitter.com/BardenRogerio/status/1612951319958147075,2023-01-10T23:15:36.000Z,"Congresso Criem vergonha na cara,não adianta nada.Enquanto ministro do stf for indicados só teremos vagabundos naquele chiquero e o congresso sempre estará ajoelhado as ordens dos xerifes.Ministro tem que ser juíz,concursado,de carreira e ter mandato.Hoje o stf éo puteiro do pt.",0,0,0,https://twitter.com/DepSanderson/status/1612819804926382085
DOUGLAS BOLSONARO,@douglas82730133,https://twitter.com/douglas82730133/status/1612979310104543237,2023-01-11T01:06:49.000Z,"Alexandre de Moraes and President Lula arrested 1200 workers in a stadium similar to a concentration camp, without food, water and incommunicado, Brazil does not accept Lula, defendant in the biggest corruption scandal in Brazil's political history elected president in fraud.",0,0,0,https://twitter.com/DepSanderson/status/1612819804926382085
marcelo nobre,@marcelocnobre,https://twitter.com/marcelocnobre/status/1613030515984027649,2023-01-11T04:30:18.000Z,Gente nada justifica esse abuso contra esses cidadãos. E está óbvio que os vândalos chegaram e saíram de ônibus de Brasília e são um grupo distinto aos que estavam acampados em frente ao exército. Um apelo de bom senso às autoridades: Soltem essas pessoas JÁ !!!!,0,0,0,https://twitter.com/DepSanderson/status/1612819804926382085
Star Knight,@Z0X1W2Y3,https://twitter.com/Z0X1W2Y3/status/1612943111591792648,2023-01-10T22:42:59.000Z,Concordo. Não acha que já passou da hora de democraticamente acabar com os abusos? O que pensas em fazer para contribuir com o fim dos excessos?#RespondeAí#MenosTwitter#MaisAção,0,0,0,https://twitter.com/DepSanderson/status/1612819804926382085
Sérgio Pimentel,@pimenteldp,https://twitter.com/pimenteldp/status/1613025121316241408,2023-01-11T04:08:52.000Z,"O direito a ampla defesa ainda existe ou foi extinta? 

A frase 
""Anistia Ampla, Geral e Irrestrita"" vale para hoje em dia ou morreu?",0,0,0,https://twitter.com/DepSanderson/status/1612819804926382085
Factum Junior **,@j_factum,https://twitter.com/j_factum/status/1612936971495641093,2023-01-10T22:18:35.000Z,"Xandão é o dono do judiciário.
Na PM/DF só tem bundão.
As FFAA são a vergonha nacional, a onça virou gatinho.
Temos políticos de redes sociais.
Lira e Pacheco são omissos, covardes e vendidos.
Traidores temos de todos os tipos.
Temos um presidente ladrão.
Um imprensa esquerdista.",0,0,0,https://twitter.com/DepSanderson/status/1612819804926382085
SÓ JESUS CRISTO SALVA,@Gui_BR_USA,https://twitter.com/Gui_BR_USA/status/1612823900873793538,2023-01-10T14:49:17.000Z,"COVARDES COVARDES COVARDES
DEPUTADOS E SENADORES COVARDES TRAIDORES
Onde estão os eleitos por este povo preso no campo de concentração da PF?

COVARDES DE CAXIAS#CovardesDeCaxias#EXERCITOTRAIUSEUPOVO",0,0,2,https://twitter.com/DepSanderson/status/1612819804926382085
Emilio Tavares,@EmilioTavares11,https://twitter.com/EmilioTavares11/status/1612960344237920259,2023-01-10T23:51:28.000Z,"Gostaria de saber o que o Sr tem feito como parlamentar eleito. Anda meio sumido. Temos visto apenas manifestações do Sr @marcosdoval .

Apenas discursos não bastarão.
Vocês da direita deveriam se organizar e agir juntos, em bloco. Mostrem-se. Deixem de ser burros",0,0,0,https://twitter.com/DepSanderson/status/1612819804926382085
