nome,usuario,idTweet,dataPublicacao,texto,replies,retweets,likes,tweetPai
Grupo Betel Púlpito SDV PT aqui não!,@BETELPULPITOS,https://twitter.com/BETELPULPITOS/status/1612878958957105175,2023-01-10T18:28:04.000Z,Enfim um parlamentar de direita está vivo.,0,5,14,https://twitter.com/Marceloalvaroan/status/1612531500565536791
Jovana JÔ,@JoJ51308505,https://twitter.com/JoJ51308505/status/1612556343134535681,2023-01-09T21:06:06.000Z,"Esse é o primeiro que vejo querendo ajudar o povo que foi preso injustamente,  pois os outros estao com o c na mão",0,0,0,https://twitter.com/Marceloalvaroan/status/1612531500565536791
Maria Roberta,@MariaRobertaAl6,https://twitter.com/MariaRobertaAl6/status/1612596273965678592,2023-01-09T23:44:46.000Z,Eu já não acredito em nenhum político .,0,1,1,https://twitter.com/Marceloalvaroan/status/1612531500565536791
Mais um Bot,@CASPIAN_bot,https://twitter.com/CASPIAN_bot/status/1612615852406329349,2023-01-10T01:02:34.000Z,reconhece a voz da cidadã ai ? eles ja estavam la dentro antes de tudo começar,9,37,40,https://twitter.com/Marceloalvaroan/status/1612531500565536791
Fernanda Messias,@Fernand62111434,https://twitter.com/Fernand62111434/status/1612615271755444225,2023-01-10T01:00:16.000Z,E o exército ao lado do bandido eleito já estamos em uma Venezuela,0,1,3,https://twitter.com/Marceloalvaroan/status/1612531500565536791
J M M C,@JMauroMCosta,https://twitter.com/JMauroMCosta/status/1612880860654743553,2023-01-10T18:35:37.000Z,Marcelo o que vocês da direita estão fazendo pelos brasileiros que estão aprisionados no campo de concentração de Brasília?,0,0,0,https://twitter.com/Marceloalvaroan/status/1612531500565536791
Lessa Studio,@lessa_studio,https://twitter.com/lessa_studio/status/1612896613785018382,2023-01-10T19:38:13.000Z,Parabéns por essa atitude,0,0,0,https://twitter.com/Marceloalvaroan/status/1612531500565536791
Tia Nilza do zap!,@Nilza17RS,https://twitter.com/Nilza17RS/status/1612684164280758274,2023-01-10T05:34:01.000Z,"Que bommmmm!!!
CPI é a grande solução!!!!
Kkkkkkkkkk",0,0,0,https://twitter.com/Marceloalvaroan/status/1612531500565536791
Portela Robô Liberdade,@Portelarobo,https://twitter.com/Portelarobo/status/1612592906770022401,2023-01-09T23:31:24.000Z,Essa pessoa quebrou e incitou a violência 👇👇 👉missão dada é missão cumprida??,2,16,22,https://twitter.com/Marceloalvaroan/status/1612531500565536791
silvia wendland niver 16/10,@silviawendland,https://twitter.com/silviawendland/status/1612765424638169089,2023-01-10T10:56:55.000Z,Há vários vídeos que mostram Black blocs já dentro do STF quando os manifestantes chegaram lá. Lula e Dino armaram direitinho e isto tem que ser apurado.,1,6,15,https://twitter.com/Marceloalvaroan/status/1612531500565536791
Marcelo SM,@Marcelo13761861,https://twitter.com/Marcelo13761861/status/1612637083562024963,2023-01-10T02:26:56.000Z,"ACORDEM. CHAMEM OS SENADORES, deputados e vão lutar pelo povo. Vocês estão aí para isso. Pessoas estão morrendo em um ginásio. Muitas crianças e idosos lá. Sem termos cometidos crimes algum. ACORDEM. Divulgue isso. Precisam tomar providências 🚨",0,2,2,https://twitter.com/Marceloalvaroan/status/1612531500565536791
Aguinali,@guiceriello,https://twitter.com/guiceriello/status/1612606479122694144,2023-01-10T00:25:20.000Z,"Quer ajudar ? Vai lá no estádio socorrer as pessoas que estão sendo maltratadas, passando mal, com sede, fome. 
Denuncie para o mundo.",2,6,18,https://twitter.com/Marceloalvaroan/status/1612531500565536791
Marcia Costa,@MarciaC50520655,https://twitter.com/MarciaC50520655/status/1612612590655488000,2023-01-10T00:49:37.000Z,Os coitados que estão no centro de concentração?????,0,0,1,https://twitter.com/Marceloalvaroan/status/1612531500565536791
LuaLimajp,@LuaLimajp,https://twitter.com/LuaLimajp/status/1612608326843654146,2023-01-10T00:32:40.000Z,"Pessoas apreendidas,na Gestapo Tupiniquim sem comida ou água, alguns estão morrendo!
Muitos acovardados apenas observando os acontecimentos.
Precisam de ajuda!",0,0,3,https://twitter.com/Marceloalvaroan/status/1612531500565536791
Maria Marques,@mjligeiro,https://twitter.com/mjligeiro/status/1612598176749613056,2023-01-09T23:52:20.000Z,"Uma senhora morreu e outro teve um infarto lá no galpão da PF... sem água, sem comida.... vcs precisam ir até lá!",0,6,17,https://twitter.com/Marceloalvaroan/status/1612531500565536791
Lu,@LuciennePaz,https://twitter.com/LuciennePaz/status/1612851765468172294,2023-01-10T16:40:00.000Z,"Ate lá, já morreu um monte!",0,0,0,https://twitter.com/Marceloalvaroan/status/1612531500565536791
GIOVANNE,@GIOVANN17478062,https://twitter.com/GIOVANN17478062/status/1612793571261779969,2023-01-10T12:48:46.000Z,Ve se não demora...tá,0,0,0,https://twitter.com/Marceloalvaroan/status/1612531500565536791
Armanda Araújo,@AraujoArmanda,https://twitter.com/AraujoArmanda/status/1612624956952649728,2023-01-10T01:38:45.000Z,"Estão morrendo gente!! Sem condições nenhuma para tomarem banho, sem banheiros, vergonha vocês são uma vergonha estão entregando os brasileiros ao comunismo",1,1,0,https://twitter.com/Marceloalvaroan/status/1612531500565536791
Harvey Cryptopressor,@HCryptopressor,https://twitter.com/HCryptopressor/status/1612901012158685203,2023-01-10T19:55:42.000Z,"Kkkkkkkk deixaram o Senado aprovar a intervenção.
Político realmente não tem como confiar.
ISSO PQ ELEGEMOS MAIORIA DE DIREITA NAS 2 CASAS.

Desesperança total.",0,0,0,https://twitter.com/Marceloalvaroan/status/1612531500565536791
Maria Marques,@mjligeiro,https://twitter.com/mjligeiro/status/1612599211358306305,2023-01-09T23:56:27.000Z,"Lula acabou de dizer novamente em rede nacional que a Dilma sofreu um ""golpe"" ... isto é uma fala antidemocrática... ela foi deposta por meios legais. Cadê o Stefe?",0,3,16,https://twitter.com/Marceloalvaroan/status/1612531500565536791
Rosemary Pacheco,@Rosemar22372662,https://twitter.com/Rosemar22372662/status/1612597529555738626,2023-01-09T23:49:46.000Z,"Deputado, você e outros deputados de direita,precisam voltar pra Câmara urgente. Vai até os patriotas presos, estão precisando de ajuda. E urgente!",3,3,16,https://twitter.com/Marceloalvaroan/status/1612531500565536791
luiz henrique,@LuizAsgarf,https://twitter.com/LuizAsgarf/status/1612936347047845889,2023-01-10T22:16:06.000Z,"Já conseguiu quantas assinaturas?
Poderia nos passar os nomes de quem já assinou?",0,0,0,https://twitter.com/Marceloalvaroan/status/1612531500565536791
Meucafe,@MariaEucariaCaf,https://twitter.com/MariaEucariaCaf/status/1612858968560341010,2023-01-10T17:08:38.000Z,Isso. M,0,0,0,https://twitter.com/Marceloalvaroan/status/1612531500565536791
Josiane Gonçalves De Freitas,@JosianeGFreitas,https://twitter.com/JosianeGFreitas/status/1612585813589598208,2023-01-09T23:03:13.000Z,"Uma senhora faleceu no campo de concentração, por falta de água e alimentação.",0,0,18,https://twitter.com/Marceloalvaroan/status/1612531500565536791
vovòcris سلام,@crisserafim31,https://twitter.com/crisserafim31/status/1612557648867508225,2023-01-09T21:11:18.000Z,"Sem alimentação por mais de 12 horas , desumano",4,3,15,https://twitter.com/Marceloalvaroan/status/1612531500565536791
Teresa Monteiro,@tessmonte,https://twitter.com/tessmonte/status/1612625001991081986,2023-01-10T01:38:56.000Z,GOLPISTA BOM É GOLPISTA PRESO OU CASSADO E PRESO!,0,0,0,https://twitter.com/Marceloalvaroan/status/1612531500565536791
Dani Kopro,@DanielaKoprows1,https://twitter.com/DanielaKoprows1/status/1612603033929617409,2023-01-10T00:11:38.000Z,FAÇAM ALGUMA COISA!!!!!,8,10,17,https://twitter.com/Marceloalvaroan/status/1612531500565536791
CidaPitanga,@Cida43747546,https://twitter.com/Cida43747546/status/1612637823445917696,2023-01-10T02:29:53.000Z,Pedir ou exigir ? PeloamordeDeus @camaradeputados @SenadoFederal,0,0,0,https://twitter.com/Marceloalvaroan/status/1612531500565536791
Gio Coronas CPMI JA,@DraJoBadaro,https://twitter.com/DraJoBadaro/status/1612581083178242048,2023-01-09T22:44:25.000Z,Ja pediram o celular da gleise,10,14,23,https://twitter.com/Marceloalvaroan/status/1612531500565536791
Vania,@Vanialulima,https://twitter.com/Vanialulima/status/1612624117097795586,2023-01-10T01:35:25.000Z,Deus te ajude,0,0,0,https://twitter.com/Marceloalvaroan/status/1612531500565536791
Cláudia,@ClauCarabaRs,https://twitter.com/ClauCarabaRs/status/1612610767798571008,2023-01-10T00:42:22.000Z,Já foi confirmada a morte de uma senhora nesse campo de concentração do lula e ele deve ser responsabilizado por esta barbaridade!,0,0,0,https://twitter.com/Marceloalvaroan/status/1612531500565536791
Marcio Santos,@MarcioS13643690,https://twitter.com/MarcioS13643690/status/1612626933006606336,2023-01-10T01:46:36.000Z,"Não tente! Não exige tentar!!
Use a cabeça! Façam algo!!",0,0,0,https://twitter.com/Marceloalvaroan/status/1612531500565536791
tatiana faria,@Tati_Mtj,https://twitter.com/Tati_Mtj/status/1612600788085346305,2023-01-10T00:02:43.000Z,Acredito que vcs irão fazer o certo,0,0,0,https://twitter.com/Marceloalvaroan/status/1612531500565536791
PROF. AENDER PEREIRA,@AenderPereira,https://twitter.com/AenderPereira/status/1612663725982613504,2023-01-10T04:12:48.000Z,Mais um Bolsonarista querendo aparecer,0,0,0,https://twitter.com/Marceloalvaroan/status/1612531500565536791
B22,@RebanhodoBonoro,https://twitter.com/RebanhodoBonoro/status/1612584082646437891,2023-01-09T22:56:20.000Z,Bora deputado eleitores que votaram no senhor estão pedindo socorro estão trancados no campo de concentração vulgo quadra da PF estão passando fome e sede fora a humilhação! #SOSBrasil,0,0,2,https://twitter.com/Marceloalvaroan/status/1612531500565536791
nanaBanana,@Rosana56019547,https://twitter.com/Rosana56019547/status/1612565349639065600,2023-01-09T21:41:54.000Z,"Tem relatos que as pessoas estão em local sem banheiro sem comida.
Nem bandido é tratado assim. (Eles tem direito a 3 refeições e banho de sol 🤡)",1,2,4,https://twitter.com/Marceloalvaroan/status/1612531500565536791
Taiz Bezerra,@bezerra_taiz,https://twitter.com/bezerra_taiz/status/1612599520151625729,2023-01-09T23:57:40.000Z,Parabéns Deputado 🙏,0,0,2,https://twitter.com/Marceloalvaroan/status/1612531500565536791
SHALOM,@YAHVEH2023,https://twitter.com/YAHVEH2023/status/1612590243458301954,2023-01-09T23:20:49.000Z,#SalvemOsPatriotas,0,0,3,https://twitter.com/Marceloalvaroan/status/1612531500565536791
Ana,@anacandian,https://twitter.com/anacandian/status/1612621713879048193,2023-01-10T01:25:52.000Z,Chega de repudiou! Do que adianta? Vcs repudiam e eles continuam sambando na nossa cara!,0,0,6,https://twitter.com/Marceloalvaroan/status/1612531500565536791
EdinhoPintado,@ChacalDren,https://twitter.com/ChacalDren/status/1612866558975512599,2023-01-10T17:38:47.000Z,"O cara já entra no vídeo  com a palavra  (repudiar)  e quer ter crédito. 
A vá cata coquinho pô !
Nosso  povo tá cansado de hipocrisia  .",0,0,1,https://twitter.com/Marceloalvaroan/status/1612531500565536791
Valeria Formigoni,@vbformig,https://twitter.com/vbformig/status/1612637790923104257,2023-01-10T02:29:45.000Z,"Será que só eu tenho raiva ao ouvir chamarem todo o povo de terroristas, golpistas, extremistas, e por aí vai? Não consigo ouvir mais nenhum comentário de TV ou rádio. Não sobrou um pra contar a história como ela é. Só narrativas indecorosas.",0,1,0,https://twitter.com/Marceloalvaroan/status/1612531500565536791
Lélio Silva,@LelioFranco,https://twitter.com/LelioFranco/status/1613093301556752384,2023-01-11T08:39:47.000Z,Só lorota!!,0,0,0,https://twitter.com/Marceloalvaroan/status/1612531500565536791
Carlos Olivier,@Carlos_Olivier,https://twitter.com/Carlos_Olivier/status/1612753444376387584,2023-01-10T10:09:19.000Z,"Já estão se omitindo, os senhores deveriam estar em peso lá, pessoalmente, chamar a imprensa internacional, mas vai atrapalhar as férias, né?",0,0,2,https://twitter.com/Marceloalvaroan/status/1612531500565536791
Game Addict,@GameAdds,https://twitter.com/GameAdds/status/1612614035932938245,2023-01-10T00:55:21.000Z,Não a muito que investigar caro deputado Marcelo Álvaro Antôniohttps://twitter.com/i/status/1612452731045789696…https://twitter.com/gustamito22/status/1612546639520227329?s=20&t=A3EvfP8k8BQzJKcMkE7RHg…,0,0,1,https://twitter.com/Marceloalvaroan/status/1612531500565536791
Carlos Stamato ◤✠◢,@cstamato,https://twitter.com/cstamato/status/1612966033018568705,2023-01-11T00:14:04.000Z,"Acho incrível COMO um então ""ministro da JUSTIÇA"" fala uma merd@ de tamanha grandeza e NINGUÉM da ""imprensa"" comenta isso.
Também o que iríamos esperar desse comunista...",0,0,0,https://twitter.com/Marceloalvaroan/status/1612531500565536791
Leandro Simas Prado,@LSimasPrado,https://twitter.com/LSimasPrado/status/1612582345969647625,2023-01-09T22:49:26.000Z,"Quer fazer algo, vá lá no campo de concentração, garantir pelo menos alimentação e água aquele povo. Isso é o mínimo que deve ser feito.",0,0,1,https://twitter.com/Marceloalvaroan/status/1612531500565536791
LUIZ CARLOS /abençoado/,@arrudapmgo,https://twitter.com/arrudapmgo/status/1613192548927025152,2023-01-11T15:14:09.000Z,E isso é o que...,0,0,0,https://twitter.com/Marceloalvaroan/status/1612531500565536791
Júlio Coutinho,@juliomacoutinho,https://twitter.com/juliomacoutinho/status/1612933801658777600,2023-01-10T22:05:59.000Z,"Parabéns Deputado! Coragem na sua busca pela verdade. Que outros , como você, também venham a público e não se omitam.",0,0,0,https://twitter.com/Marceloalvaroan/status/1612531500565536791
Marcia Fonseca,@joubemar,https://twitter.com/joubemar/status/1612604412878376960,2023-01-10T00:17:07.000Z,"Pessoas estão morrendo! Sem alimentação, sem banheiro, condições de higiene e ao passar mal, sendo atendidas por bombeiros! Estão em cárcere privado! Nem bandidos são tratados assim! Desumano, criminoso! Isso é ditadura! 😡",0,1,0,https://twitter.com/Marceloalvaroan/status/1612531500565536791
Serafina flores,@bardy_gabriela,https://twitter.com/bardy_gabriela/status/1612698190431637505,2023-01-10T06:29:45.000Z,"As pessoas foram presas em flagrante, em ato terrorista contra a democracia e as instituições, são criminosas.",0,0,1,https://twitter.com/Marceloalvaroan/status/1612531500565536791
Apenas um Mané!,@RodrigoAranha14,https://twitter.com/RodrigoAranha14/status/1612619806733225984,2023-01-10T01:18:17.000Z,Isso se chama ditadura ou democracia?,0,0,1,https://twitter.com/Marceloalvaroan/status/1612531500565536791
Rogerio P. Fonseca,@RogerioPFonsec2,https://twitter.com/RogerioPFonsec2/status/1612630977561378816,2023-01-10T02:02:40.000Z,"Quais cenas você viu? Teve manifestação pacífica? Realmente será muito difícil separar o.joio do trigo, pois praticamente todos ou quase todos são joios. Polêmica desnecessária a sua, já que pode defender a impunidade em cenas tão graves de vandalismo e depredações",0,0,1,https://twitter.com/Marceloalvaroan/status/1612531500565536791
Joanara Matuszaki,@JgpIndaialSC10,https://twitter.com/JgpIndaialSC10/status/1613184615614746624,2023-01-11T14:42:38.000Z,Quero ver acontecer.,0,0,0,https://twitter.com/Marceloalvaroan/status/1612531500565536791
Venceremoss Brasil!!,@ValterC54211545,https://twitter.com/ValterC54211545/status/1613130611945881601,2023-01-11T11:08:03.000Z,#LULAGENOCIDA,0,1,1,https://twitter.com/Marceloalvaroan/status/1612531500565536791
Mary Mary LIBERTEM ANDERSON TORRES,@MaryTrinidade,https://twitter.com/MaryTrinidade/status/1612612073871245312,2023-01-10T00:47:33.000Z,@paulagspina,0,0,1,https://twitter.com/Marceloalvaroan/status/1612531500565536791
Nelson Franco Jobim,@nelsonfjobim,https://twitter.com/nelsonfjobim/status/1612697467430002688,2023-01-10T06:26:53.000Z,Golpista pedindo intervenção militar não está se manifestante pacificamente. Está pregando guerra civil. Você deve explicações por alegações relativas à campanha de 2018. Não tem autoridade moral para nada.,0,0,0,https://twitter.com/Marceloalvaroan/status/1612531500565536791
André Carvalho,@andreslcarvalho,https://twitter.com/andreslcarvalho/status/1612561802914570240,2023-01-09T21:27:48.000Z,"Saia das redes sociais e vá acompanhar pessoalmente todo andamento dos inquéritos, das oitavas, das audiências. Enquanto vocês ficam na Internet e soltdndo notinha, estão ganhando tempo pra criminalizar todos manifestantes. @cabojunioamaral @alesilva_38 e demais deputados, ajam!",0,0,0,https://twitter.com/Marceloalvaroan/status/1612531500565536791
Lucia Bye,@Lucajpe,https://twitter.com/Lucajpe/status/1612601027168960516,2023-01-10T00:03:40.000Z,"Os Patriotas que foram levados para a PF hj, precisam de ajuda. Estão sem água, comida, sem puder usar o banheiro o dia todo. Ficaram das 8 ás 14 horas, em pé, dentro de um ônibus. A maioria são de idosos. Houve um óbito, um enfarto e vários desmaios .",16,2,14,https://twitter.com/Marceloalvaroan/status/1612531500565536791
eliana,@DePassarelli,https://twitter.com/DePassarelli/status/1612586337042939904,2023-01-09T23:05:17.000Z,KKK ele vai prender vc tbm,0,0,0,https://twitter.com/Marceloalvaroan/status/1612531500565536791
Henriques,@Henriques1974,https://twitter.com/Henriques1974/status/1612613448151584769,2023-01-10T00:53:01.000Z,"Só acredito vendo...
Muito blá blá blá...",0,0,0,https://twitter.com/Marceloalvaroan/status/1612531500565536791
Washington,@GeografiaT,https://twitter.com/GeografiaT/status/1612718019595083776,2023-01-10T07:48:33.000Z,"Grupo de conservadores para o Brasil.

Seja bem-vindo(a)!!https://t.me/GeoaWa🙏 🇧🇷",0,0,0,https://twitter.com/Marceloalvaroan/status/1612531500565536791
Nicole Simon,@nicolesimonp,https://twitter.com/nicolesimonp/status/1612616005355724800,2023-01-10T01:03:11.000Z,Calma aí que eu tenho um negocinho pra refrescar sua memória:,1,0,11,https://twitter.com/Marceloalvaroan/status/1612531500565536791
DEMOCRACIA SEMPRE!,@gnaldobnunes,https://twitter.com/gnaldobnunes/status/1612618847881945088,2023-01-10T01:14:29.000Z,Defensor de Bolsonaristas radicais e golpistas? Contra a democracia?,0,0,0,https://twitter.com/Marceloalvaroan/status/1612531500565536791
Alexandre Siqueira,@ssicca1,https://twitter.com/ssicca1/status/1612555603464933380,2023-01-09T21:03:10.000Z,"Desculpe, Marcelo... mas, vocês já se omitiram o suficiente para que cheguemos até aqui, humilhados até pelo @exercito_oficial .",2,1,18,https://twitter.com/Marceloalvaroan/status/1612531500565536791
o provocador,@Zueiro964606901,https://twitter.com/Zueiro964606901/status/1612766597386760193,2023-01-10T11:01:35.000Z,Sem falar que eles deixaram. Eles deixaram pra isso acontecer,0,0,0,https://twitter.com/Marceloalvaroan/status/1612531500565536791
lucea resende,@LuceaResende,https://twitter.com/LuceaResende/status/1612604622056878080,2023-01-10T00:17:57.000Z,"Socorro pras pessoas que estão morrendo no campo de concentração da PF agora é mais urgente, está esperando o que? Cadê todos os outros deputados,isto é desumano,nunca será esquecido",8,2,7,https://twitter.com/Marceloalvaroan/status/1612531500565536791
Zunix DarkHell,@ZunixDHell,https://twitter.com/ZunixDHell/status/1612597771478892547,2023-01-09T23:50:43.000Z,"agora campos de concentração são feitos em ginasios da PF, onde pessoas são deixadas sem comida, sem agua e morrendo. Era tudo o que vocês queriam né",0,0,0,https://twitter.com/Marceloalvaroan/status/1612531500565536791
José,@JosOliv1982,https://twitter.com/JosOliv1982/status/1612611171818917888,2023-01-10T00:43:58.000Z,Tá na hora do Congresso mostrar seriedade e que tiver culpa que seja punido independente de ideologia.,0,0,0,https://twitter.com/Marceloalvaroan/status/1612531500565536791
hercules Drumond,@HerculesDrumond,https://twitter.com/HerculesDrumond/status/1612879639365488656,2023-01-10T18:30:46.000Z,"Desculpe nobre deputado  , é óbvio que não se deve fazer baderna , mas a culpa disso é de vcs . Pois , vcs são os nossos representantes e , não fizeram absolutamente nada enquanto o povo berra , pedindo é implorando para serem ouvidos .",0,0,0,https://twitter.com/Marceloalvaroan/status/1612531500565536791
Cláudio Maranhão,@claudiohmf,https://twitter.com/claudiohmf/status/1612625666738118662,2023-01-10T01:41:34.000Z,Parabéns Deputado! Contamos com homens como você!,0,0,0,https://twitter.com/Marceloalvaroan/status/1612531500565536791
Denise Rotondi Azevedo,@RotondiDenise,https://twitter.com/RotondiDenise/status/1612745027138080768,2023-01-10T09:35:52.000Z,"Opositores são aqueles q destroem prédios público,  q destroem e roubam obras de arte? Q querem destruir a democracia? Posso destruir a sua casa q vc não vai me prender? Interessante saber disso. Então vc apoia o terrorismo?",0,0,0,https://twitter.com/Marceloalvaroan/status/1612531500565536791
Isbela Ferreira Ribeiro,@Isbela_Ribeiro,https://twitter.com/Isbela_Ribeiro/status/1612751313623711746,2023-01-10T10:00:51.000Z,ana pricila azevedo e os blec bloc,0,0,0,https://twitter.com/Marceloalvaroan/status/1612531500565536791
Frida NãoMeKalo ☭,@FNaomekalo,https://twitter.com/FNaomekalo/status/1612615553595711490,2023-01-10T01:01:23.000Z,O “cidadão de bem” que foi pra praça é criminoso terrorista. Eleve responder por seu crime de pedir golpe militar.,0,0,0,https://twitter.com/Marceloalvaroan/status/1612531500565536791
Fernando Sampaio Cardoso,@FernandoEllos,https://twitter.com/FernandoEllos/status/1612854598485655552,2023-01-10T16:51:16.000Z,Graças a Deus 🙏,0,0,0,https://twitter.com/Marceloalvaroan/status/1612531500565536791
Cristina,@tininleao1,https://twitter.com/tininleao1/status/1612899981287124994,2023-01-10T19:51:36.000Z,Opositores não! Terroristas!,0,0,0,https://twitter.com/Marceloalvaroan/status/1612531500565536791
redwoman,@redwoma35135532,https://twitter.com/redwoma35135532/status/1612788243795255302,2023-01-10T12:27:36.000Z,Defensor de TERRORISMO,0,0,0,https://twitter.com/Marceloalvaroan/status/1612531500565536791
Patty,@LolipopSugary,https://twitter.com/LolipopSugary/status/1612808549314215937,2023-01-10T13:48:17.000Z,"Precisamos de uma CPI do 2 turno esse governo e ilegítimo,nem ficha limpa tinha quando saiu a candidatura,e a câmera e o Senado precisam tomar medidas contra os demandas do Imperador que se acha acima da Constituição,ele exonera qualquer um que vai de contra ele 😔",0,0,0,https://twitter.com/Marceloalvaroan/status/1612531500565536791
Patty,@LolipopSugary,https://twitter.com/LolipopSugary/status/1612809017209851905,2023-01-10T13:50:08.000Z,Ele tem também pode entrar nessa conta já que ele apoiou milicianos em 2017 apoio atos contra património público,0,0,0,https://twitter.com/Marceloalvaroan/status/1612531500565536791
Vivian,@Ela_Moderna,https://twitter.com/Ela_Moderna/status/1612885927109529632,2023-01-10T18:55:45.000Z,"A omissão dos nossos representantes no CN levaram muitos que estavam se manifestando pacificamente por mais de 70d ao limite, acabaram indo para a praça dos 3 pod. Infiltrados foram filmados pelos patriotas, que não devem de forma alguma pagarem pelo crimes desses.",0,0,0,https://twitter.com/Marceloalvaroan/status/1612531500565536791
@Gom1Jos,@Gom1Jos,https://twitter.com/Gom1Jos1/status/1612843170106343426,2023-01-10T16:05:51.000Z,"Tem que evitar é o Governo Lula. É ilegítimo, Deputado. Não sabia?",0,0,0,https://twitter.com/Marceloalvaroan/status/1612531500565536791
.'.𝐇𝐞𝐧𝐫𝐢𝐪𝐮𝐞 𝐑𝐚𝐦𝐨𝐬®.'.,@Henferra,https://twitter.com/Henferra/status/1612610201852559362,2023-01-10T00:40:07.000Z,"Tem algum parlamentar presente no local onde foram presos e estão detidos os manifestantes na Polícia Federal, para se solidarizaram com eles nessa hora?",0,1,1,https://twitter.com/Marceloalvaroan/status/1612531500565536791
Murillo Patriota,@PatriotaMurillo,https://twitter.com/PatriotaMurillo/status/1612591550151954432,2023-01-09T23:26:00.000Z,O próprio exército entregou as pessoas que estavam no acampamento e que não fizeram nada de mal a ninguém nem a nenhum órgão público,0,1,0,https://twitter.com/Marceloalvaroan/status/1612531500565536791
Vinicius Leite,@Kimcsc1914,https://twitter.com/Kimcsc1914/status/1613100904890212353,2023-01-11T09:10:00.000Z,"""Cidadão de bem"" não invade congresso, ""cidadão de bem"" não vai a rua pedir ""golpe"".
Bandidos, não passarão!!!!",0,0,0,https://twitter.com/Marceloalvaroan/status/1612531500565536791
CRISTIANE AMENDOLA,@AMENDOLACris,https://twitter.com/AMENDOLACris/status/1613137430667829250,2023-01-11T11:35:08.000Z,Deus te abençoe tremendamente,0,0,0,https://twitter.com/Marceloalvaroan/status/1612531500565536791
Marcos Nunes Vieira,@MarcosNunesVie2,https://twitter.com/MarcosNunesVie2/status/1612609892199862273,2023-01-10T00:38:53.000Z,"Infelizmente, depois de tudo que foi presenciado no Brasil, nos últimos dias, não acredito em mais nada, a não ser na justiça do todo poderoso Deus.",0,1,1,https://twitter.com/Marceloalvaroan/status/1612531500565536791
Willya,@Willya_SA,https://twitter.com/Willya_SA/status/1612686370316632070,2023-01-10T05:42:47.000Z,"Deputado pessoas presas ilegalmente em um ginásio. Idosos e crianças presas, inclusive já houve uma morte. Quem será responsabilizado por essa barbárie? O que os Deputados estão fazendo para acabar com essa tortura?",0,1,0,https://twitter.com/Marceloalvaroan/status/1612531500565536791
Cristiana Silva,@Cristiana2202,https://twitter.com/Cristiana2202/status/1615191501008523265,2023-01-17T03:37:17.000Z,Parabéns pela atitude,0,0,0,https://twitter.com/Marceloalvaroan/status/1612531500565536791
Jussara Gama,@JussaraGama3,https://twitter.com/JussaraGama3/status/1612594490715373569,2023-01-09T23:37:41.000Z,"Ingênuidade quem  acha que teremos oposição. O nine,ligo destituirá o congresso",0,0,7,https://twitter.com/Marceloalvaroan/status/1612531500565536791
Andrea Paz,@Andrea_paz76,https://twitter.com/Andrea_paz76/status/1612783860202471424,2023-01-10T12:10:11.000Z,Geeente é preciso ação AÇÃO AÇÃO PQ ELES SAO MAIS RÁPIDOS QUE VCS? NAO DA P ENTENDER,0,0,0,https://twitter.com/Marceloalvaroan/status/1612531500565536791
Véia da toga,@Marinez15237392,https://twitter.com/Marinez15237392/status/1612899653426487301,2023-01-10T19:50:18.000Z,"Peça investigações dos atos Terroristas..
Há até chance da UNE estarem envolvidos .
A direita não foi.. investiguem os verdadeiros Terroristas",0,0,0,https://twitter.com/Marceloalvaroan/status/1612531500565536791
debmatt,@debmattch,https://twitter.com/debmattch/status/1612844838248157185,2023-01-10T16:12:29.000Z,"Aproveita e separa o joio do trigo das autoridades em Brasília , vai ser de muito valor . Combinado ???",0,0,0,https://twitter.com/Marceloalvaroan/status/1612531500565536791
Pedro,@Pmeam001,https://twitter.com/Pmeam001/status/1612787477290356736,2023-01-10T12:24:33.000Z,Impeachment já,0,0,0,https://twitter.com/Marceloalvaroan/status/1612531500565536791
Rafael Mourão,@riosul2012,https://twitter.com/riosul2012/status/1612800741197979649,2023-01-10T13:17:15.000Z,Os idosos precisam serem hodratados,0,0,0,https://twitter.com/Marceloalvaroan/status/1612531500565536791
Rodrigo Lopes,@Rodrigoolopes2,https://twitter.com/Rodrigoolopes2/status/1612840661249556485,2023-01-10T15:55:53.000Z,"Tem que abrir CPI.....quem mandou, quem causou mais tratos aos idosos, CPI contra o governo federal",0,0,0,https://twitter.com/Marceloalvaroan/status/1612531500565536791
Fiz o L!,@MariaMa95139597,https://twitter.com/MariaMa95139597/status/1612838681538351104,2023-01-10T15:48:01.000Z,Manda ele catar coquinho!,0,0,0,https://twitter.com/Marceloalvaroan/status/1612531500565536791
Vany,@VilaniSilva11,https://twitter.com/VilaniSilva11/status/1612600936496771072,2023-01-10T00:03:18.000Z,É preciso separar o joio do trigo! Tem muitos trabalhadores pai de família.,0,1,0,https://twitter.com/Marceloalvaroan/status/1612531500565536791
Valbelo Comunian,@ValbeloC,https://twitter.com/ValbeloC/status/1612594469316231169,2023-01-09T23:37:36.000Z,@policiafederal @PRFBrasil Tiveram a coragem de prender idosos!!!,0,0,0,https://twitter.com/Marceloalvaroan/status/1612531500565536791
Frida NãoMeKalo ☭,@FNaomekalo,https://twitter.com/FNaomekalo/status/1612615693148585988,2023-01-10T01:01:56.000Z,Tem mais criminoso aqui @STF_oficial,0,0,0,https://twitter.com/Marceloalvaroan/status/1612531500565536791
Dr Edy Leal,@ProntoF16904826,https://twitter.com/ProntoF16904826/status/1612604831415533571,2023-01-10T00:18:47.000Z,Parabéns!!!,0,0,0,https://twitter.com/Marceloalvaroan/status/1612531500565536791
Ana Paula Pekelman,@APekelman,https://twitter.com/APekelman/status/1612655921720692737,2023-01-10T03:41:48.000Z,"Opositores? Não GOLPISTAS,  é vocês estão isolados. Não vão conseguir ANISTIA PARA GOLPISTAS",0,0,0,https://twitter.com/Marceloalvaroan/status/1612531500565536791
Sol de Minas,@solrocham,https://twitter.com/solrocham/status/1612742778907246593,2023-01-10T09:26:56.000Z,"Investigue também a omissão dos poderes em proteger os prédios do Congresso, Planalto e STF. Eles foram avisados pela ABIN sobre sobre a grande possibilidade de invasões.
E não deixe de averiguar o tratamento desumano dado aos 1200 presos políticos do Lula.",0,0,0,https://twitter.com/Marceloalvaroan/status/1612531500565536791
Juliana Gomes da Silveira,@JuliaMe65141908,https://twitter.com/JuliaMe65141908/status/1612643119081701376,2023-01-10T02:50:55.000Z,Vai oferecer laranjas pra eles ?,0,0,0,https://twitter.com/Marceloalvaroan/status/1612531500565536791
Viviani,@ViviSonoIo,https://twitter.com/ViviSonoIo/status/1612780948575191040,2023-01-10T11:58:36.000Z,"Força, patriota!",0,0,0,https://twitter.com/Marceloalvaroan/status/1612531500565536791
Silvio Silva,@silviossilva,https://twitter.com/silviossilva/status/1612762755471138818,2023-01-10T10:46:19.000Z,Onde está a perseguição?,0,0,0,https://twitter.com/Marceloalvaroan/status/1612531500565536791
Renata Gontijo,@RenataGontijo1,https://twitter.com/RenataGontijo1/status/1612612445780017152,2023-01-10T00:49:02.000Z,Isso procede?,0,0,0,https://twitter.com/Marceloalvaroan/status/1612531500565536791
Jose Carlos,@ZeCarlos250872,https://twitter.com/ZeCarlos250872/status/1612637598412849152,2023-01-10T02:28:59.000Z,Parabéns deputado,0,0,0,https://twitter.com/Marceloalvaroan/status/1612531500565536791
Valéria,@valebide,https://twitter.com/valebide/status/1612652962710446081,2023-01-10T03:30:02.000Z,Isto é um campo de concentração!,1,0,0,https://twitter.com/Marceloalvaroan/status/1612531500565536791
semy,@swr69,https://twitter.com/swr69/status/1612596061289193472,2023-01-09T23:43:56.000Z,Tem caroço neste angu ???,0,0,0,https://twitter.com/Marceloalvaroan/status/1612531500565536791
@saralucena,@saralucena,https://twitter.com/lucenasara_/status/1612750969367924737,2023-01-10T09:59:29.000Z,"Quem não fez terrorismo não tem motivos para se preocupar. Agora se fez ou se bancou ou articulou tem que ser presos, e digo mais serão presos!",0,0,0,https://twitter.com/Marceloalvaroan/status/1612531500565536791
#PL2630NÃO #PLDACENSURA,@KelliCristinaR8,https://twitter.com/KelliCristinaR8/status/1612603983582957571,2023-01-10T00:15:25.000Z,"Só não demora, estão matando pessoas",0,0,0,https://twitter.com/Marceloalvaroan/status/1612531500565536791
Aline Guimarães,@LineGuimaLDS,https://twitter.com/LineGuimaLDS/status/1612604972151214080,2023-01-10T00:19:20.000Z,Por favor ajude a tirar as pessoas de lá. Tem gente morrendo l!,0,0,0,https://twitter.com/Marceloalvaroan/status/1612531500565536791
Francisco José Palácio,@fj_palacio,https://twitter.com/fj_palacio/status/1612639064607309825,2023-01-10T02:34:49.000Z,"Olha o chefe do laranjal falando aí, gente.",0,0,0,https://twitter.com/Marceloalvaroan/status/1612531500565536791
Eliane F Camargo,@ElianeAFCamargo,https://twitter.com/ElianeAFCamargo/status/1612776056271806464,2023-01-10T11:39:10.000Z,#concentrationCampInBrazil,0,0,0,https://twitter.com/Marceloalvaroan/status/1612531500565536791
Simone,@SFL6913,https://twitter.com/SFL6913/status/1612787813405134848,2023-01-10T12:25:53.000Z,Espero mesmo.,0,0,0,https://twitter.com/Marceloalvaroan/status/1612531500565536791
Benjamin Schmal,@benjamin_schmal,https://twitter.com/benjamin_schmal/status/1612836515683368965,2023-01-10T15:39:25.000Z,"Farão nada, o Congresso quase todo é covarde!",0,0,0,https://twitter.com/Marceloalvaroan/status/1612531500565536791
Rosana Bones,@rosanabones25,https://twitter.com/rosanabones25/status/1612790015888879616,2023-01-10T12:34:38.000Z,"Uai ""bandido bom é bandido morto""? Agora querem acionar Dirritos Humanos? Poupe-me!",0,0,0,https://twitter.com/Marceloalvaroan/status/1612531500565536791
sheila Lisboa,@sheilaLisboa18,https://twitter.com/sheilaLisboa18/status/1612911337503592448,2023-01-10T20:36:43.000Z,Cadê o índio que foi preso,0,0,0,https://twitter.com/Marceloalvaroan/status/1612531500565536791
loraodi,@loraodi,https://twitter.com/loraodi/status/1612837204333629442,2023-01-10T15:42:09.000Z,Isso aí….!!!!!,0,0,0,https://twitter.com/Marceloalvaroan/status/1612531500565536791
Mateus Tait,@mateus_tait,https://twitter.com/mateus_tait/status/1612831503834021890,2023-01-10T15:19:30.000Z,Tmj👊🏻🇧🇷🇧🇷🙏🏼,0,0,0,https://twitter.com/Marceloalvaroan/status/1612531500565536791
A+,@eualinnecastro,https://twitter.com/eualinnecastro/status/1612881157858951168,2023-01-10T18:36:48.000Z,"Gente é sério: ""Chega de frescura, de mimimi. Vão ficar chorando até quando?”",0,0,0,https://twitter.com/Marceloalvaroan/status/1612531500565536791
Richard,@Richard36649961,https://twitter.com/Richard36649961/status/1612853294237351936,2023-01-10T16:46:05.000Z,Isto vai ficar por isso mesmo ?? Quem foi o mandante ? Quem são as pessoas q estavam dentro do congresso quebrando tudo antes da manifestação chegarem ?,0,0,0,https://twitter.com/Marceloalvaroan/status/1612531500565536791
Carola Machado,@CarolaMachado2,https://twitter.com/CarolaMachado2/status/1612739808065105920,2023-01-10T09:15:08.000Z,"Oposição é uma coisa mas estão pedindo o fim do regime democrático, isso é crime e o senhor deveria saber disso.chega de leniência com isso. Não existe não gostar do resultado da eleição. Acabou.",0,0,1,https://twitter.com/Marceloalvaroan/status/1612531500565536791
Miss. Fátima Santos,@FatimaMargaret5,https://twitter.com/FatimaMargaret5/status/1612745480043401216,2023-01-10T09:37:40.000Z,"Essa foi uma das que enganaram e levaram as pessoas, e quebrou tudo",0,0,0,https://twitter.com/Marceloalvaroan/status/1612531500565536791
Ricardo Bustamante S Jr,@Ricardo34506104,https://twitter.com/Ricardo34506104/status/1612629717282177027,2023-01-10T01:57:40.000Z,"Evitar? O resultado da omissão parlamentar vem se estendedo a prisão de cidadãos de bem e ainda no que acontece com eles, tragédia anunciada. Tarde, triste e vergonhoso.",2,0,0,https://twitter.com/Marceloalvaroan/status/1612531500565536791
Ione L. Cordeiro,@IoneLCordeiro,https://twitter.com/IoneLCordeiro/status/1612618142286577666,2023-01-10T01:11:40.000Z,Assassinos. A pf matou uma idosa no campo de concentraçao do bandido de 9 dedos.,0,0,0,https://twitter.com/Marceloalvaroan/status/1612531500565536791
Diego Caravaca,@diegorcaravaca,https://twitter.com/diegorcaravaca/status/1612733873841897472,2023-01-10T08:51:33.000Z,Quem é esse ?,0,0,0,https://twitter.com/Marceloalvaroan/status/1612531500565536791
Paulo FluX,@flux_paulo,https://twitter.com/flux_paulo/status/1612651814624677890,2023-01-10T03:25:28.000Z,Quero ver se a direita tem culhões agora.,0,0,0,https://twitter.com/Marceloalvaroan/status/1612531500565536791
Serafina flores,@bardy_gabriela,https://twitter.com/bardy_gabriela/status/1612697369472016386,2023-01-10T06:26:30.000Z,Gente de bem em ato antidemocrático?,0,0,0,https://twitter.com/Marceloalvaroan/status/1612531500565536791
Maria Lu Santos,@MariaLu1611,https://twitter.com/MariaLu1611/status/1612643549886963713,2023-01-10T02:52:38.000Z,👏👏👏,0,0,0,https://twitter.com/Marceloalvaroan/status/1612531500565536791
Jairo Silva,@melhordanilo22,https://twitter.com/melhordanilo22/status/1612659741729390594,2023-01-10T03:56:58.000Z,PESSOAS INOCENTES SENDO ULTRAJADAS!,0,0,0,https://twitter.com/Marceloalvaroan/status/1612531500565536791
Jairo Silva,@melhordanilo22,https://twitter.com/melhordanilo22/status/1612661739375525893,2023-01-10T04:04:55.000Z,"PESSOAS ESTÃO  PRESAS POR TERRORISMO,COVARDIA PURA,É  PRECISO FAZER ALGO PELO POVO ANTES QUE SEJA TARDE DEMAIS!",0,0,0,https://twitter.com/Marceloalvaroan/status/1612531500565536791
Nalizando!,@SiqRic,https://twitter.com/SiqRic/status/1612613352760709120,2023-01-10T00:52:38.000Z,"É MEU, TEM QUE DEIXAR DE SER BUNDÃO....",0,0,0,https://twitter.com/Marceloalvaroan/status/1612531500565536791
Laiana,@laianabrasil,https://twitter.com/laianabrasil/status/1612618463465410561,2023-01-10T01:12:57.000Z,"Pelo amor de Deus, corram, vidas estão sendo perdidas...",0,0,0,https://twitter.com/Marceloalvaroan/status/1612531500565536791
Daniel Guillize,@danielguillize,https://twitter.com/danielguillize/status/1612603011502673922,2023-01-10T00:11:33.000Z,👏👏👏Isso aí. Agora qualquer conservador é terrorista. Não pode deixar esse pessoal avançar nessa escalada totalitária. O que farão quando descobrirem infiltrados? Irão soltar?,0,0,0,https://twitter.com/Marceloalvaroan/status/1612531500565536791
 Sr.Klaus ,@PokeKlausGo,https://twitter.com/PokeKlausGo/status/1612667319980904448,2023-01-10T04:27:05.000Z,Defensor de Terroristas ?,0,0,0,https://twitter.com/Marceloalvaroan/status/1612531500565536791
FredZecchin,@FredZecchin,https://twitter.com/FredZecchin/status/1612623742303191040,2023-01-10T01:33:55.000Z,"Gente de bem? Num evento q nomearam de ""Tomada dos Três Poderes"" até com panfleto?
Se toca, cidadão de bem ali eh no mínimo cúmplice",0,0,0,https://twitter.com/Marceloalvaroan/status/1612531500565536791
fabricio jesus,@fjesus2012,https://twitter.com/fjesus2012/status/1612659137371938816,2023-01-10T03:54:34.000Z,"Esquece deputado o sistema venceu ontem foi a bala de prata, esse congresso combalido como já estava vai ser dominado pela e esquerda em conjunto com o judiciário vcs serão apenas decorativos.",0,0,0,https://twitter.com/Marceloalvaroan/status/1612531500565536791
COBRA,@allecobra,https://twitter.com/allecobra/status/1612607666597072898,2023-01-10T00:30:03.000Z,"Precisa ver as pessoas no ginásio, estão sendo torturados!!!!!!",0,0,0,https://twitter.com/Marceloalvaroan/status/1612531500565536791
Ma Che cazzo,@RoqNie,https://twitter.com/RoqNie/status/1612610289970593792,2023-01-10T00:40:28.000Z,E?,0,0,0,https://twitter.com/Marceloalvaroan/status/1612531500565536791
N.R,@NiceSoeiroR1,https://twitter.com/NiceSoeiroR1/status/1612616192367407105,2023-01-10T01:03:55.000Z,Q triste realidade no Brasil,0,0,0,https://twitter.com/Marceloalvaroan/status/1612531500565536791
LilianaPrado,@Liliana68648981,https://twitter.com/Liliana68648981/status/1612761954350948352,2023-01-10T10:43:08.000Z,💙💛💚,0,0,0,https://twitter.com/Marceloalvaroan/status/1612531500565536791
Kátia Adamo,@kaadamo,https://twitter.com/kaadamo/status/1612778456852402176,2023-01-10T11:48:42.000Z,E o que você está fazendo além de ficar postando nas redes sociais? Vocês serão responsáveis tb!,0,0,0,https://twitter.com/Marceloalvaroan/status/1612531500565536791
Ewald Middeldorf,@EwaldMiddeldor1,https://twitter.com/EwaldMiddeldor1/status/1612735138999181312,2023-01-10T08:56:34.000Z,Quando bloquearam as estradas impedindo doentes de seguir viagem... Onde o Sr estava???,0,0,0,https://twitter.com/Marceloalvaroan/status/1612531500565536791
Fran Andrade,@franand65057844,https://twitter.com/franand65057844/status/1612628431338090497,2023-01-10T01:52:33.000Z,???,0,0,0,https://twitter.com/Marceloalvaroan/status/1612531500565536791
Fran Andrade,@franand65057844,https://twitter.com/franand65057844/status/1612629922089926660,2023-01-10T01:58:29.000Z,"Sai do twitter porra, vai socorrer o povo e para com essa ladainha. As eleições já passaram.",0,0,0,https://twitter.com/Marceloalvaroan/status/1612531500565536791
Daniela Costa,@danixse2014,https://twitter.com/danixse2014/status/1612552425696800768,2023-01-09T20:50:32.000Z,Obrigada.,0,0,0,https://twitter.com/Marceloalvaroan/status/1612531500565536791
Andiamomeno,@Andiamomeno1,https://twitter.com/Andiamomeno1/status/1612663201795129347,2023-01-10T04:10:43.000Z,"Quem defende terroristas, terrorista é é, como tal, deve ser preso e investigado.",0,0,0,https://twitter.com/Marceloalvaroan/status/1612531500565536791
Euler G S,@EulerGS1,https://twitter.com/EulerGS1/status/1612641857682432006,2023-01-10T02:45:54.000Z,"erroristas . Cidadão de bem não pede golpe de estado, que é crime tipicado na constituição. Tem é pouca gente presa. Uns conseguiram fugir.",0,0,1,https://twitter.com/Marceloalvaroan/status/1612531500565536791
Luciana Luz ⓟ,@Luu_lu,https://twitter.com/Luu_lu/status/1612534420975800320,2023-01-09T19:39:00.000Z,"Nossa até que enfim.
Pq o randolfe é muito rápido e eu fico aqui só observando que Ninguém da direita faz nada, só culpando Bolsonaro e os militares. 
Espero que outros que se dizem ""DiDireita"" tenha atitude também",0,2,7,https://twitter.com/Marceloalvaroan/status/1612531500565536791
KeilaBrasil22,@KeilaBrasil22,https://twitter.com/KeilaBrasil22/status/1612896726897008640,2023-01-10T19:38:40.000Z,A 4 anos voces se omitem e agora querem pousar de herói...,0,0,1,https://twitter.com/Marceloalvaroan/status/1612531500565536791
Cristina,@Cristin64152430,https://twitter.com/Cristin64152430/status/1612808602741530624,2023-01-10T13:48:30.000Z,"Fato lamentável? Vai estudar história e saber que o que aconteceu domingo foi uma tentativa frustrada, graças à Deus, de golpe para a volta do ACÉFALO GENOCIDA COVARDE do ex PR",0,0,1,https://twitter.com/Marceloalvaroan/status/1612531500565536791
d@mnus vobiscum,d@mnus vobiscum,https://twitter.com/Damn_uz/status/1612807152384544771,2023-01-10T13:42:44.000Z,Na hora de cagar em cima da constituição não vi ninguém reclamar.,0,0,1,https://twitter.com/Marceloalvaroan/status/1612531500565536791
Davi Teodoro,@DaviTeodoros,https://twitter.com/DaviTeodoros/status/1612973999289683969,2023-01-11T00:45:43.000Z,Parabéns deputado.,0,0,0,https://twitter.com/Marceloalvaroan/status/1612531500565536791
Maria Regina Toni,@MariaReginaTon1,https://twitter.com/MariaReginaTon1/status/1612604853070561281,2023-01-10T00:18:52.000Z,Vá ver o que está acontecendo no lugar que jogaram as pessoas quw estavam no QG. Parece que morreu uma idosa. Faça alguma coisa.,0,0,2,https://twitter.com/Marceloalvaroan/status/1612531500565536791
Felipe Cunha,@felipecunhaster,https://twitter.com/felipecunhaster/status/1612642513306910723,2023-01-10T02:48:31.000Z,"Tá certo debutado eles estavam querendo intervenção militar, mas não conseguiram na democracia TB se cuida dos presos, vá lá leve água e alimentos não é pq eles queiram a volta da tortura que merecem ser torturados, temos que ter compaixão até com os criminosos .",0,0,1,https://twitter.com/Marceloalvaroan/status/1612531500565536791
Canêdo Canêdo,@CanedoCando,https://twitter.com/CanedoCando/status/1612621884658487297,2023-01-10T01:26:33.000Z,"Prisão em massa sem audiência de custódia e vcs tem certeza que é Defesa da democracia?????????
SOCORRO",0,1,2,https://twitter.com/Marceloalvaroan/status/1612531500565536791
Lu@45,Lu@45,https://twitter.com/limaneia539/status/1613214151341400065,2023-01-11T16:40:00.000Z,🇧🇷🇧🇷🇧🇷🇧🇷,0,0,0,https://twitter.com/Marceloalvaroan/status/1612531500565536791
Jorge Godo,@jorgenelsongod1,https://twitter.com/jorgenelsongod1/status/1612556979888603136,2023-01-09T21:08:38.000Z,"Espero que vc seja realmente um verdadeiro parlamentar, pois de parlamenta-like já temos um monte.",0,0,3,https://twitter.com/Marceloalvaroan/status/1612531500565536791
Samuel Peixoto.'.,@samuelpeixoto,https://twitter.com/samuelpeixoto/status/1612642274617294849,2023-01-10T02:47:34.000Z,"Marcelo! Estão matando nosso povo.
Pessoas que nem participaram da depredação.  Façam alguma coisa.  Por Deus.",0,0,1,https://twitter.com/Marceloalvaroan/status/1612531500565536791
,@Marina32155278,https://twitter.com/Marina32155278/status/1612934751693709312,2023-01-10T22:09:46.000Z,"Parabéns,é assim que se faz👏🙌💕",0,0,1,https://twitter.com/Marceloalvaroan/status/1612531500565536791
giovane rodrigues,@gio_resgate,https://twitter.com/gio_resgate/status/1612948384356405249,2023-01-10T23:03:56.000Z,"Falar de ""arbitrariedades"" apoiando terroristas?!

Se dê ao respeito!!!",0,0,0,https://twitter.com/Marceloalvaroan/status/1612531500565536791
ADRIANA NASSI,@ADRIANANASSI,https://twitter.com/ADRIANANASSI/status/1612618564464254979,2023-01-10T01:13:21.000Z,Por favor exijam as imagens das câmeras antes que apaguem . Ajudem os inocentes,0,0,0,https://twitter.com/Marceloalvaroan/status/1612531500565536791
Raquel Cardoso,@RaquelC78984916,https://twitter.com/RaquelC78984916/status/1612783840204054528,2023-01-10T12:10:06.000Z,Gente de boa????? Chamem o bozo de volta rs rs rs pra fazer companhia a vcs. Pq eu? Não  sou carceireira! Faz arminha aí,0,0,0,https://twitter.com/Marceloalvaroan/status/1612531500565536791
Ronald Santos,@ronaldkessey,https://twitter.com/ronaldkessey/status/1612638453400829952,2023-01-10T02:32:23.000Z,COMISSAO ? PQP,0,0,0,https://twitter.com/Marceloalvaroan/status/1612531500565536791
Fernanda Braga,@Fernand02829132,https://twitter.com/Fernand02829132/status/1612551049059106818,2023-01-09T20:45:04.000Z,Estão prendendo pessoas que exerceram pacificamente seu direito de manifestar! Isso é um absurdo!!!!!!!!!!!,0,0,0,https://twitter.com/Marceloalvaroan/status/1612531500565536791
fabio S,@fabsilmec,https://twitter.com/fabsilmec/status/1612621715997081600,2023-01-10T01:25:52.000Z,Foram eles mesmos olha as notícias do Marcos Durval,0,0,0,https://twitter.com/Marceloalvaroan/status/1612531500565536791
Junior Louback,@JuniorLouback1,https://twitter.com/JuniorLouback1/status/1612616183945269250,2023-01-10T01:03:53.000Z,É melhor tu apressar pq já morreu uma cidadã brasileira que estava sob a custódia do estado,0,0,0,https://twitter.com/Marceloalvaroan/status/1612531500565536791
EJR Quem gosta de nazista é inverno Russo,@EJRabello,https://twitter.com/EJRabello/status/1612698517625077760,2023-01-10T06:31:03.000Z,"Querer promover um golpe de estado é crime gravíssimo e não um simples ""fato""  
TERRORISMO que acarretará em prisões e destruição de muitas vidas por um motivo de merda",0,0,0,https://twitter.com/Marceloalvaroan/status/1612531500565536791
Elaine Campos,@ElaineC18114878,https://twitter.com/ElaineC18114878/status/1612546551338901517,2023-01-09T20:27:12.000Z,Eh o mínimo,0,0,0,https://twitter.com/Marceloalvaroan/status/1612531500565536791
brasil sem lei,@ca_petri,https://twitter.com/ca_petri/status/1612767488315457539,2023-01-10T11:05:07.000Z,❤️👏🏼,0,0,0,https://twitter.com/Marceloalvaroan/status/1612531500565536791
Lucimeri Rosa Silva,@LucimeriRosa,https://twitter.com/LucimeriRosa/status/1612541918574944259,2023-01-09T20:08:47.000Z,Parabéns deputado pela iniciativa! Os patriotas de bem precisam de vocês deputados da direita agora mais do que nunca. Esta retaliação não pode continuar.,0,0,0,https://twitter.com/Marceloalvaroan/status/1612531500565536791
