nome,usuario,idTweet,dataPublicacao,texto,replies,retweets,likes,tweetPai
Janine Lapa,@LapaJanine,https://twitter.com/LapaJanine/status/1612505346798456860,2023-01-09T17:43:28.000Z,"@PompeodeMattos, vc denunciou",0,0,0,https://twitter.com/PompeodeMattos/status/1612502774536708097
Varth Dater,@Varth_Dater,https://twitter.com/Varth_Dater/status/1614920846245613568,2023-01-16T09:41:48.000Z,Vc viu essa @printsminions?,0,0,0,https://twitter.com/PompeodeMattos/status/1612502774536708097
Gabriel Magalhães,@gabrielsml,https://twitter.com/gabrielsml/status/1612844347703320577,2023-01-10T16:10:32.000Z,@BaixaEssaPorra,0,0,0,https://twitter.com/PompeodeMattos/status/1612502774536708097
Marta Porciuncula,@MartaPorciuncu1,https://twitter.com/MartaPorciuncu1/status/1612561241179914242,2023-01-09T21:25:34.000Z,Um absurdo !! Gente totalmente do bem 🙄✌,0,0,0,https://twitter.com/PompeodeMattos/status/1612502774536708097
Lucas Alves,@Lucas_RzO,https://twitter.com/Lucas_RzO/status/1612510908781133824,2023-01-09T18:05:34.000Z,Deve ser presa também.,0,0,0,https://twitter.com/PompeodeMattos/status/1612502774536708097
Patrícia Baliza,@balizinha2,https://twitter.com/balizinha2/status/1612857383134593024,2023-01-10T17:02:20.000Z,Os verdadeiros nazifascista estão aparecendo. @LulaOficial já criou até campo de concentração no #Brazil,0,0,0,https://twitter.com/PompeodeMattos/status/1612502774536708097
Patrícia Baliza,@balizinha2,https://twitter.com/balizinha2/status/1612857984119443465,2023-01-10T17:04:43.000Z,"Temos um ministro da justiça omisso e sem punição pra ele? 
Justiça seletiva da turminha ""paz e amor"" #LulaNazista",0,0,0,https://twitter.com/PompeodeMattos/status/1612502774536708097
Patrícia Baliza,@balizinha2,https://twitter.com/balizinha2/status/1612858267805552641,2023-01-10T17:05:51.000Z,É assim que começa... Já sabemos quel o fim. Campo de concentração com uma morte já temos.#LulaNasista #LulaNaCadeia,0,0,0,https://twitter.com/PompeodeMattos/status/1612502774536708097
Paulo Marasca,@marasca_paulo,https://twitter.com/marasca_paulo/status/1612601913928728576,2023-01-10T00:07:11.000Z,"Cala tua boca seu comunista de bost@,você não vale o que come.",0,0,0,https://twitter.com/PompeodeMattos/status/1612502774536708097
Lauro Vitória,@LauroVitoria,https://twitter.com/LauroVitoria/status/1612863125082050584,2023-01-10T17:25:09.000Z,"Além de terrorista, covarde.",0,0,0,https://twitter.com/PompeodeMattos/status/1612502774536708097
Cacilda Messias Soares,@CAPOLIDORO,https://twitter.com/CAPOLIDORO/status/1612830457791451136,2023-01-10T15:15:20.000Z,Falou a verdade ela e os cupinchas receberam para quebrar mesmo menos o gabinete do presidiário,0,0,0,https://twitter.com/PompeodeMattos/status/1612502774536708097
The Trusth ©,@TrusthBrasil,https://twitter.com/TrusthBrasil/status/1612848687872352256,2023-01-10T16:27:47.000Z,https://twitter.com/truth_brasil/status/1612835235267313666…,0,0,0,https://twitter.com/PompeodeMattos/status/1612502774536708097
