nome,usuario,idTweet,dataPublicacao,texto,replies,retweets,likes,tweetPai
Wedderson,@Wedderson,https://twitter.com/Wedderson/status/1612904781365780490,2023-01-10T20:10:40.000Z,Ué mas a senhora e parte disso....defende e apoiou Bolsonaro???? Que mudança !!! Assim de depende será porque? Lá em Uberlândia a senhora até visitou o acampamento dos bolsonariatas uai no QG do exército???,0,0,0,https://twitter.com/apjunqueira/status/1612469829943918598
Renata não a ingrata,@_rrepenseuai,https://twitter.com/_rrepenseuai/status/1612656819348066304,2023-01-10T03:45:22.000Z,"Até ontem a senhora estava dando palco e sendo defensora das incubadoras de golpistas pelo país, o discurso que mudou ou é só receio da punição?",0,0,0,https://twitter.com/apjunqueira/status/1612469829943918598
Daniel Antunes,@danielantunes,https://twitter.com/danielantunes/status/1612529890531631114,2023-01-09T19:20:59.000Z,"É bolsonarista, apoia atos golpistas, então não vem agora fazer de conta que é contra. A Sra. faz parte disso, nem a opinião pública e nem os devidos processos legais serão enganados por quem abraçou a extrema-direita.",0,0,3,https://twitter.com/apjunqueira/status/1612469829943918598
Eduardo de Oliveira Neto,@Eduardo55875217,https://twitter.com/Eduardo55875217/status/1612639807116558336,2023-01-10T02:37:46.000Z,"Idiota , vc quer o q? Sua casa , família , patrimônio? Não vale nada….",0,0,0,https://twitter.com/apjunqueira/status/1612469829943918598
Eduardo de Oliveira Neto,@Eduardo55875217,https://twitter.com/Eduardo55875217/status/1612640589803028482,2023-01-10T02:40:52.000Z,Fui a favor de vcs ! Votei em vcs ! Diante de sua declaração vejo q vcs não são nada ! Pilantras,0,0,0,https://twitter.com/apjunqueira/status/1612469829943918598
Eduardo de Oliveira Neto,@Eduardo55875217,https://twitter.com/Eduardo55875217/status/1612641367011770370,2023-01-10T02:43:57.000Z,Prenda seus infiltrados de esquerda que fizeram essa merda!,0,0,1,https://twitter.com/apjunqueira/status/1612469829943918598
