nome,usuario,idTweet,dataPublicacao,texto,replies,retweets,likes,tweetPai
Yuri Cavalcante,@YuriABCavalcant,https://twitter.com/YuriABCavalcant/status/1612213519646167040,2023-01-08T22:23:51.000Z,"Cuidado daqui a pouco o povo de Cuiabá sem remédio, sem médico, sem saúde em Cuiabá retirar Sr paletó nós braços",2,0,1,https://twitter.com/emanuelzinhomt/status/1612184373893410816
Emanuel Pinheiro Neto,@emanuelzinhomt,https://twitter.com/emanuelzinhomt/status/1612249279346741255,2023-01-09T00:45:56.000Z,É uma ameaça?,0,0,0,https://twitter.com/emanuelzinhomt/status/1612184373893410816
Bia Wodehite,@BiaWodehite,https://twitter.com/BiaWodehite/status/1612185473090306054,2023-01-08T20:32:24.000Z,Democracia é teus 30 mil de salário né,1,0,1,https://twitter.com/emanuelzinhomt/status/1612184373893410816
Emanuel Pinheiro Neto,@emanuelzinhomt,https://twitter.com/emanuelzinhomt/status/1612185857502621696,2023-01-08T20:33:56.000Z,Não. É respeitar as regras do país!,0,0,3,https://twitter.com/emanuelzinhomt/status/1612184373893410816
Matheus Henrique,@MatheusHNSilva,https://twitter.com/MatheusHNSilva/status/1612185647346745344,2023-01-08T20:33:05.000Z,"O paletó do seu pai mandou um abraço! ""Emanuel do paletó""",2,0,3,https://twitter.com/emanuelzinhomt/status/1612184373893410816
Emanuel Pinheiro Neto,@emanuelzinhomt,https://twitter.com/emanuelzinhomt/status/1612185789835739136,2023-01-08T20:33:39.000Z,Obg. Pelo abc. Respeitem a democracia,0,0,4,https://twitter.com/emanuelzinhomt/status/1612184373893410816
José Mário,@JosMrio1981,https://twitter.com/JosMrio1981/status/1612234896914944004,2023-01-08T23:48:47.000Z,Melhor nem responder.,0,0,0,https://twitter.com/emanuelzinhomt/status/1612184373893410816
D Silva,@dninesil,https://twitter.com/dninesil/status/1612959018066010114,2023-01-10T23:46:11.000Z,"Deputado, estamos prestes entrar no meio da semana e a portaria 10723/2022/ME continua a causar estragos nos processos de servidores do Executivo Federal. Essa portaria precisa ser revogada imediatamente. O MGISP está muito alheio ao anseio de milhares de servidores.",0,1,1,https://twitter.com/emanuelzinhomt/status/1612184373893410816
Sonia Gugelmin,@SGugelmin,https://twitter.com/SGugelmin/status/1612264134191599617,2023-01-09T01:44:58.000Z,"O golpe foi dado nas urnas, quando colocaram um descondenado na Presidência.  O povo nao aceita!!",0,0,0,https://twitter.com/emanuelzinhomt/status/1612184373893410816
