nome,usuario,idTweet,dataPublicacao,texto,replies,retweets,likes,tweetPai
alexandre,@alexmagnum1422,https://twitter.com/alexmagnum1422/status/1613015467580612613,2023-01-11T03:30:30.000Z,Até quando vcs parlamentares vai ficar quietos ?,0,0,10,https://twitter.com/SargentoFAHUR/status/1612895096889819136
Nair Amaral,@nairamaral,https://twitter.com/nairamaral/status/1612926281850421249,2023-01-10T21:36:06.000Z,"Até sempre! Mais uns 50 anos. Tipo Cuba, Venezuela….",0,0,0,https://twitter.com/SargentoFAHUR/status/1612895096889819136
Janio Muniz,@JanioOficial2,https://twitter.com/JanioOficial2/status/1613150779245723650,2023-01-11T12:28:11.000Z,ATÉ QUANDO?,0,0,0,https://twitter.com/SargentoFAHUR/status/1612895096889819136
rafaolmartins,@rafaolmartins,https://twitter.com/rafaolmartins/status/1614232802844868609,2023-01-14T12:07:45.000Z,"“O coronel Fábio Augusto Vieira era responsável pelas operações que falharam ao não impedir entrada de terroristas na Praça dos Três Poderes”

Arbitrariedade prender ajudante de terrorista?",1,0,7,https://twitter.com/SargentoFAHUR/status/1612895096889819136
Ceme Suaiden,@Cemesn,https://twitter.com/Cemesn/status/1613026921520193537,2023-01-11T04:16:01.000Z,E aí? Vai fazer o que? Também vai trair o povo e o Bolsonaro?,0,0,0,https://twitter.com/SargentoFAHUR/status/1612895096889819136
Selismar lima,@Selismarusa,https://twitter.com/Selismarusa/status/1613082770385039361,2023-01-11T07:57:56.000Z,Kkkkk perde o respeito por vc kkkk,0,0,0,https://twitter.com/SargentoFAHUR/status/1612895096889819136
Elson Loula,@ElsonLoula,https://twitter.com/ElsonLoula/status/1612990770520248320,2023-01-11T01:52:22.000Z,"Claro, afinal de contas na Constituição Federal do Xandaquistão assim está expresso no parágrafo único do Art. 1º: “Todo o poder emana do XANDÃO, que o exerce por meio de ATOS INCONSTITUCIONAIS independente de representantes eleitos ou diretamente, nos termos desta Constituição.”",0,3,7,https://twitter.com/SargentoFAHUR/status/1612895096889819136
Lüdtke BR,@ludtkebr,https://twitter.com/ludtkebr/status/1613291385867718662,2023-01-11T21:46:54.000Z,"pois é, até quando?
Até quando os Congressistas pararem de postar nas redes sociais e começarem a fazer alguma coisa.",0,0,10,https://twitter.com/SargentoFAHUR/status/1612895096889819136
TAOQUEY,@taoquey1,https://twitter.com/taoquey1/status/1612965880849174529,2023-01-11T00:13:28.000Z,"Pergunta nível Hard 

Quem está:
SOLTO
PRESA 

??? 🤔🤔🤔",1,1,1,https://twitter.com/SargentoFAHUR/status/1612895096889819136
GAÚCHA BOLSONARISTA,@VeraTor61676200,https://twitter.com/VeraTor61676200/status/1612995310858473473,2023-01-11T02:10:24.000Z,Responda vc. Não é deputado????,0,1,15,https://twitter.com/SargentoFAHUR/status/1612895096889819136
Duras Verdades,@PROFMONTEIROll,https://twitter.com/PROFMONTEIROll/status/1613111129781243905,2023-01-11T09:50:38.000Z,Eis a saída nas mãos dos senhores,6,19,58,https://twitter.com/SargentoFAHUR/status/1612895096889819136
PC,@PCBRAS,https://twitter.com/PCBRAS/status/1613223868780449796,2023-01-11T17:18:37.000Z,"Perguntando? São vocês políticos que tem que dar a resposta, não a população.",0,0,0,https://twitter.com/SargentoFAHUR/status/1612895096889819136
M,@tardin_cedin,https://twitter.com/tardin_cedin/status/1612978289538224133,2023-01-11T01:02:46.000Z,"Bandido bom é bandido morto? Ou só vale pra preto, pobre e favelado? 😂🐮🤡 feliz que Lula está fazendo vocês darem valor pra Direitos Humanos! Baita evolução! 😂🐮🤡",6,0,24,https://twitter.com/SargentoFAHUR/status/1612895096889819136
"Saulo 0,000036K",@saulo8962,https://twitter.com/saulo8962/status/1613247631257669632,2023-01-11T18:53:02.000Z,Só se sabe fazer essa pergunta??? Todo mundo faz. Muda pelo menos a pergunta.,0,0,0,https://twitter.com/SargentoFAHUR/status/1612895096889819136
Águia do deserto (Selo Azul Invisível),@AguiaDoDeserto0,https://twitter.com/AguiaDoDeserto0/status/1613340180278284288,2023-01-12T01:00:48.000Z,Concerteza qm esta por tras desses pedidos de prisão é o voz fina saltitante.,0,0,0,https://twitter.com/SargentoFAHUR/status/1612895096889819136
Alexandro monteiro,@Alexandro_1970,https://twitter.com/Alexandro_1970/status/1613371865774301184,2023-01-12T03:06:42.000Z,Faz o L,0,0,0,https://twitter.com/SargentoFAHUR/status/1612895096889819136
Movimento Verde-Amarelo,@OssoCard,https://twitter.com/OssoCard/status/1613421473649115138,2023-01-12T06:23:49.000Z,"A DITADURA CHEGOU NA POLÍCIA?
UH, BELEZA...",0,0,0,https://twitter.com/SargentoFAHUR/status/1612895096889819136
RC,@RicardoAndante,https://twitter.com/RicardoAndante/status/1613113385532686336,2023-01-11T09:59:35.000Z,"Até quando, quem pode fazer alguma coisa, vai perguntar ""até quando?""",7,0,66,https://twitter.com/SargentoFAHUR/status/1612895096889819136
Bolirio do Bonoro (2º conta),@BolirioC,https://twitter.com/BolirioC/status/1612900899797569537,2023-01-10T19:55:15.000Z,"Até quando seus pares da polícia se rebelar e perder as pessoas que estão barbarizando o Brasil.
Faz tempo que a lei acabou, os militares do baixo clero estão esperando o que? Lula desarmar os policiais também?

Toma uma providência  Fahur
Tá faltando homem de vdd nessa história",6,0,9,https://twitter.com/SargentoFAHUR/status/1612895096889819136
Biano_BRDR Brasileiro e Patriota,@fabianoleonaldo,https://twitter.com/fabianoleonaldo/status/1612962261286502400,2023-01-10T23:59:05.000Z,"É isso ai pessoal começou, daqui alguns meses os policiais vai precisar da gente para apoiar manifestação deles só aguarde. deixa eles pisar na gente e obedecendo a esquerda.",1,0,1,https://twitter.com/SargentoFAHUR/status/1612895096889819136
Udilberto Jaime Lobo,@ujlobo,https://twitter.com/ujlobo/status/1613236775362899969,2023-01-11T18:09:54.000Z,Até que quem têm competência tenha culhão.,0,0,0,https://twitter.com/SargentoFAHUR/status/1612895096889819136
Shirlei,@PaulettoShirlei,https://twitter.com/PaulettoShirlei/status/1613252947365732354,2023-01-11T19:14:10.000Z,"Até os policiais se rebelarem.. já tiveram exemplo das FFAA, querem ficar iguais?",0,1,6,https://twitter.com/SargentoFAHUR/status/1612895096889819136
Xavante 22,@xavante21,https://twitter.com/xavante21/status/1612896361149788160,2023-01-10T19:37:13.000Z,@pmdfoficial assiste a isso amedrontada...,0,0,0,https://twitter.com/SargentoFAHUR/status/1612895096889819136
Mantopatriota,@AlexMantovanel1,https://twitter.com/AlexMantovanel1/status/1612961231089897473,2023-01-10T23:54:59.000Z,Esta na hora do congresso apoiar o povo!......,0,0,0,https://twitter.com/SargentoFAHUR/status/1612895096889819136
Zu,@Zuleica21260940,https://twitter.com/Zuleica21260940/status/1613126284795863046,2023-01-11T10:50:51.000Z,"Ele obedecia as ordens direitinho. Agora deve obedecer a essa também. Devia ficar junto com a população no campo de concentração, pra ver que a vida dele não tem valor nenhum para os poderosos, assim como a nossa.",0,0,2,https://twitter.com/SargentoFAHUR/status/1612895096889819136
Fran,@franfmn,https://twitter.com/franfmn/status/1613149152220971018,2023-01-11T12:21:43.000Z,Esse ai tem mais poder q Deus.,0,0,2,https://twitter.com/SargentoFAHUR/status/1612895096889819136
Lourdes Lopes,@Lourdes48610023,https://twitter.com/Lourdes48610023/status/1613337954625388547,2023-01-12T00:51:57.000Z,Dai pra pior,0,0,0,https://twitter.com/SargentoFAHUR/status/1612895096889819136
Adriani Marquez,@adriani_marquez,https://twitter.com/adriani_marquez/status/1612897418097590272,2023-01-10T19:41:25.000Z,Como tem tanto poder se o povo não votou nele?,3,0,0,https://twitter.com/SargentoFAHUR/status/1612895096889819136
Bonorinho,@Bonorinho2022,https://twitter.com/Bonorinho2022/status/1612989926563348481,2023-01-11T01:49:01.000Z,E vocês vao ficar assisrindo? Sao politicos ou jornalistas. Vao trabalhar pô,0,0,0,https://twitter.com/SargentoFAHUR/status/1612895096889819136
Cemyramis,@Cemyramis71,https://twitter.com/Cemyramis71/status/1613196063401181187,2023-01-11T15:28:07.000Z,A tendência é piorar. 👇,0,0,0,https://twitter.com/SargentoFAHUR/status/1612895096889819136
Brasil Acabou,@valorinversoBR,https://twitter.com/valorinversoBR/status/1612910445433704448,2023-01-10T20:33:11.000Z,Isso não é arbitrariedade @SargentoFAHUR isso se chama regime comüñí§ťå,0,1,11,https://twitter.com/SargentoFAHUR/status/1612895096889819136
Mayra,@MayDgony,https://twitter.com/MayDgony/status/1613016888702914560,2023-01-11T03:36:09.000Z,Pois é…,0,1,3,https://twitter.com/SargentoFAHUR/status/1612895096889819136
Alfredo João da Costa,@Whallandje,https://twitter.com/Whallandje/status/1613314224792502276,2023-01-11T23:17:39.000Z,Cadê os PMs de saco roxo? Vão entregar o colega aos leões?,0,0,0,https://twitter.com/SargentoFAHUR/status/1612895096889819136
S.,@S40773708,https://twitter.com/S40773708/status/1612897055596322821,2023-01-10T19:39:58.000Z,@exercitooficial a covardia de vocês custou o sangue de brasileiros que vivem hoje dentro de um campo de concentração. A covardia de vocês custou a liberdade da nação.,3,1,15,https://twitter.com/SargentoFAHUR/status/1612895096889819136
Munhoz,@MarcelinMunhoz,https://twitter.com/MarcelinMunhoz/status/1613158239725551617,2023-01-11T12:57:50.000Z,Não vai parar mais! Infelizmente o congresso e o senado não serve pra bosta nenhuma. Quem manda no Brasil é o Xandão.,1,0,0,https://twitter.com/SargentoFAHUR/status/1612895096889819136
Luiz Capelin,@CapelinLuiz,https://twitter.com/CapelinLuiz/status/1612899434211250179,2023-01-10T19:49:25.000Z,Como que prende assim e ninguém faz nada,10,0,1,https://twitter.com/SargentoFAHUR/status/1612895096889819136
алмейда,@Almeida05457614,https://twitter.com/Almeida05457614/status/1612972503256662016,2023-01-11T00:39:47.000Z,"Lula prometeu que iria fazer as polícias e os militares ficarem de joelhos para ele. E cumpre o que prometeu. A prisão do delegado Anderson Torres é  um cobiçado troféu, e que colocará toda a PF  sobre rigoroso controle. Perde a democracia.",2,3,18,https://twitter.com/SargentoFAHUR/status/1612895096889819136
Margarete Dian,@MasdianTelas,https://twitter.com/MasdianTelas/status/1613275996370898944,2023-01-11T20:45:45.000Z,Até alguém reagir.,0,0,0,https://twitter.com/SargentoFAHUR/status/1612895096889819136
Amanda,@AmandaBarros_N,https://twitter.com/AmandaBarros_N/status/1612909253383036965,2023-01-10T20:28:27.000Z,Até qdo os senadores trabalharem de vdd !,0,0,1,https://twitter.com/SargentoFAHUR/status/1612895096889819136
Ana Paula Oliveira,@AnaPaul46994237,https://twitter.com/AnaPaul46994237/status/1613139495536431104,2023-01-11T11:43:21.000Z,Até quando?,0,0,1,https://twitter.com/SargentoFAHUR/status/1612895096889819136
Patriota Aliado,@patriotaaliado,https://twitter.com/patriotaaliado/status/1613198338811170817,2023-01-11T15:37:10.000Z,🤡🤡🤡🤡🤡🤡🤡🤡🤡🤡,0,0,0,https://twitter.com/SargentoFAHUR/status/1612895096889819136
Vany,@VilaniSilva11,https://twitter.com/VilaniSilva11/status/1613250475020656640,2023-01-11T19:04:20.000Z,Ele vai prender todos que ñ comungar com suas ideias,0,0,4,https://twitter.com/SargentoFAHUR/status/1612895096889819136
Fabiano .......,@Carlos38305595,https://twitter.com/Carlos38305595/status/1613314983294603264,2023-01-11T23:20:40.000Z,Está tudo de ponta cabeça.,0,0,0,https://twitter.com/SargentoFAHUR/status/1612895096889819136
Jussara Gama,@JussaraGama3,https://twitter.com/JussaraGama3/status/1613131081770799108,2023-01-11T11:09:55.000Z,Somente uma paralisação geral salva o Brasil,0,0,3,https://twitter.com/SargentoFAHUR/status/1612895096889819136
Fabiana - Direita Sempre!,@fabiheider,https://twitter.com/fabiheider/status/1613212315649810432,2023-01-11T16:32:42.000Z,"A polícia poderia entrar em GREVE em apoio ao comandante, né não?!",0,0,4,https://twitter.com/SargentoFAHUR/status/1612895096889819136
Conservadorismo de Botequim™,@de_botequim,https://twitter.com/de_botequim/status/1612922520537124879,2023-01-10T21:21:10.000Z,Até vocês deputags virarem parlamentares de verdade.,0,0,12,https://twitter.com/SargentoFAHUR/status/1612895096889819136
Helio Raposo,@helio_raposo,https://twitter.com/helio_raposo/status/1612989296943763456,2023-01-11T01:46:30.000Z,Até ter um senado atuante!,0,0,8,https://twitter.com/SargentoFAHUR/status/1612895096889819136
"Gensai Kawakami Faz o ""L"" Mané 小偷的",@GensaiKawakami2,https://twitter.com/GensaiKawakami2/status/1612932015803846661,2023-01-10T21:58:54.000Z,enquanto houver alguém que cumpra as ordens,0,0,5,https://twitter.com/SargentoFAHUR/status/1612895096889819136
vantoc,@vanitoc1,https://twitter.com/vanitoc1/status/1613381544756019201,2023-01-12T03:45:10.000Z,OVO PODRE NAO SE CANSA DE SER PODRE,0,0,0,https://twitter.com/SargentoFAHUR/status/1612895096889819136
Allan Vigeta Marçal,@AllanVigeta,https://twitter.com/AllanVigeta/status/1613492414886383618,2023-01-12T11:05:43.000Z,"Deputado e senadores não são mais que meros fantoches do STF só carimbando o que eles fazem !
A maior prova não vem de agora um ministro da suprema corte foi até o congresso e mudou o resultado do voto impresso. A única coisa que vai mudar esse  país é o próprio povo !",0,0,0,https://twitter.com/SargentoFAHUR/status/1612895096889819136
AUA.Conexão_Água #protocoloAgua,@ConexaoAgua,https://twitter.com/ConexaoAgua/status/1613129839027884032,2023-01-11T11:04:58.000Z,"Sargento.
Junta uns três e parte pra degola!
Quem irá julgar?
Na verdade não é assim que limpa?",0,0,1,https://twitter.com/SargentoFAHUR/status/1612895096889819136
Jucirema Vasconcelos,@Jucirema_Vasco,https://twitter.com/Jucirema_Vasco/status/1613225636763471883,2023-01-11T17:25:38.000Z,"Tem descobrir quem pagou os infiltrados pra depedrar os prédios. Já estavam dentro prédios, antes dos patriotas chegarem",0,0,0,https://twitter.com/SargentoFAHUR/status/1612895096889819136
Ronaldo Ramos,@Ronaldo91858667,https://twitter.com/Ronaldo91858667/status/1613223230629679116,2023-01-11T17:16:05.000Z,Eu acho é pouco quem não faz toma,0,0,0,https://twitter.com/SargentoFAHUR/status/1612895096889819136
Jonatas Morais,@Jonatas17956118,https://twitter.com/Jonatas17956118/status/1613342675838590976,2023-01-12T01:10:43.000Z,Ditadura não tem limite de território,0,0,0,https://twitter.com/SargentoFAHUR/status/1612895096889819136
Orleans Almeida,@OrleansAlmeida3,https://twitter.com/OrleansAlmeida3/status/1613314004209864704,2023-01-11T23:16:47.000Z,"Já era fahur. Se militares não se unirem e prenderem essa cambada de bandidos, já era. Estão com medo também. Bandido só respeita uma coisa. Aço",0,0,0,https://twitter.com/SargentoFAHUR/status/1612895096889819136
Fernanda Losco,@fflosco31,https://twitter.com/fflosco31/status/1613462819063709698,2023-01-12T09:08:07.000Z,Até todos eles se unirem ao povo a quem devem proteger!,1,0,24,https://twitter.com/SargentoFAHUR/status/1612895096889819136
Feliciano#,@felicianoppires,https://twitter.com/felicianoppires/status/1612991857343987714,2023-01-11T01:56:41.000Z,"Até a PF e Forças Armadas estiverem cumplindo ordens ilegais.
Constituição Federal, era uma vez.
Jesus, Salve o Brasil!🇧🇷🇧🇷🇧🇷",0,0,1,https://twitter.com/SargentoFAHUR/status/1612895096889819136
Wilson Bellini,@BelliniWilson,https://twitter.com/BelliniWilson/status/1613389008364519424,2023-01-12T04:14:49.000Z,Merecido,0,0,1,https://twitter.com/SargentoFAHUR/status/1612895096889819136
Luciano Araujo,@Lucianolmddc,https://twitter.com/Lucianolmddc/status/1613462127699697666,2023-01-12T09:05:22.000Z,"O congresso nacional acha toda essa arbitrariedade normal. Ministros desse governo estão envolvidos nos mais variados esquemas: processos em operações federais, milicianos, desvios de verbas da área da saúde, etc.",0,1,0,https://twitter.com/SargentoFAHUR/status/1612895096889819136
Carina,@Carina_ferikisu,https://twitter.com/Carina_ferikisu/status/1612898163823890433,2023-01-10T19:44:23.000Z,"Sargento e vai fica por isso.
O home ta mandando no Brasil todo, como assim?
Mando em tudo e todos.0",0,0,4,https://twitter.com/SargentoFAHUR/status/1612895096889819136
Erlen Morita,@erlenmorita1,https://twitter.com/erlenmorita1/status/1613490260838846465,2023-01-12T10:57:10.000Z,"Que prendam todos ate nao sobrar nenhum, ai veremos o que vai virar esse pais!!",0,0,1,https://twitter.com/SargentoFAHUR/status/1612895096889819136
Orleans Almeida,@OrleansAlmeida3,https://twitter.com/OrleansAlmeida3/status/1612913032815845385,2023-01-10T20:43:28.000Z,"Fahur boa tarde!
Já passou da hora. Unir as Policias e começar a retomada desse país. Se FA não querem porra alguma, vamos pra cima",11,4,53,https://twitter.com/SargentoFAHUR/status/1612895096889819136
Marco Serdeiro,@marco_serdeiro,https://twitter.com/marco_serdeiro/status/1613124887383531521,2023-01-11T10:45:18.000Z,"E vcs vão  fazer ????? Quero saber o que vcs tem a dizer sobre isto, a noticia nos ja temos porr@.",0,0,4,https://twitter.com/SargentoFAHUR/status/1612895096889819136
Barba,@Francis87501270,https://twitter.com/Francis87501270/status/1612896720521666573,2023-01-10T19:38:39.000Z,Que ele fale de onde partiu a ordem.,1,0,0,https://twitter.com/SargentoFAHUR/status/1612895096889819136
Marcão,@ObednegoMarcos,https://twitter.com/ObednegoMarcos/status/1613145150427103234,2023-01-11T12:05:49.000Z,"""As arbitrariedades"" somente acabarão, quando o último terrorista for punido.",0,0,1,https://twitter.com/SargentoFAHUR/status/1612895096889819136
Adilson,@AdilsonMafraSc,https://twitter.com/AdilsonMafraSc/status/1613164262079217664,2023-01-11T13:21:45.000Z,Até quando destruírem todos que ficarem contra eles. E pior que estão conseguindo.,0,0,1,https://twitter.com/SargentoFAHUR/status/1612895096889819136
Edson Oliveira,@elo_edson,https://twitter.com/elo_edson/status/1613437171792330752,2023-01-12T07:26:12.000Z,"Depois que orçarem os dedos.
Já estão prendendo os poderes militares. Vocês já foram. 
Quem falta?",0,0,0,https://twitter.com/SargentoFAHUR/status/1612895096889819136
Exterminador de Petista,@Stan86304244,https://twitter.com/Stan86304244/status/1612896624862175242,2023-01-10T19:38:16.000Z,"Até quando as Forças Armadas e Policiais darem um basta no Ditador.

O Povo já fez o papel de saco de pancada, falta agora a coragem daqueles que podem fazer algo.",3,0,5,https://twitter.com/SargentoFAHUR/status/1612895096889819136
Rivaldo Bozo,@paulolorenz,https://twitter.com/paulolorenz/status/1612898482011906053,2023-01-10T19:45:38.000Z,A segurança do DF está sob intervenção. Isso não é arbitrariedade. É retomada da ordem. Não era isso que você queria? Burro pacarai…,1,0,6,https://twitter.com/SargentoFAHUR/status/1612895096889819136
Ferreira,@nelsonmoura2,https://twitter.com/nelsonmoura2/status/1612986623284908032,2023-01-11T01:35:53.000Z,Fedeu agora e pra cima é tudo ou nada!,0,0,0,https://twitter.com/SargentoFAHUR/status/1612895096889819136
Adao Paulino,@Adao_aps,https://twitter.com/Adao_aps/status/1613167035386560513,2023-01-11T13:32:47.000Z,"E se, numa situação dessas, houver alguma disposição para reação? 
O que esse cara pretende?",0,0,0,https://twitter.com/SargentoFAHUR/status/1612895096889819136
MarcioAraujo #B22,@MarcioAraujo61,https://twitter.com/MarcioAraujo61/status/1612914609823817766,2023-01-10T20:49:44.000Z,@CmdoCMS @cma_exercito@CmdoCMO @cmlexercito@cmse_exercito @CmdoCMN1@Gen_Ex_Freitas@gen_paulosergio @gen_heleno@exercitooficial@govDefesa@gen_pazuello@STM_Oficial @prfBrasil@BragaNetto_gen @fab_oficial @afamilitar @marmilbrFfaa não colocaram freios nos traidores da cf88,0,0,0,https://twitter.com/SargentoFAHUR/status/1612895096889819136
Ana Creusa,@AnaCreusa1,https://twitter.com/AnaCreusa1/status/1612989612955254788,2023-01-11T01:47:46.000Z,Até vocês criarem vergonha na cara!,0,0,0,https://twitter.com/SargentoFAHUR/status/1612895096889819136
Adelar - FORA LADRÃO!,@AdelarRitter,https://twitter.com/AdelarRitter/status/1612899756874801155,2023-01-10T19:50:42.000Z,Blá blá blá blá blá blá blá....,0,0,0,https://twitter.com/SargentoFAHUR/status/1612895096889819136
Calú Reis,@CaluReis,https://twitter.com/CaluReis/status/1612964692816760832,2023-01-11T00:08:44.000Z,👍🏻😑🇧🇷,0,0,0,https://twitter.com/SargentoFAHUR/status/1612895096889819136
Rafael,@Rafael19088257,https://twitter.com/Rafael19088257/status/1613126118940512257,2023-01-11T10:50:11.000Z,É só eles continuarem a ficar calado pro sistema. Tem que se rebelar!,0,0,0,https://twitter.com/SargentoFAHUR/status/1612895096889819136
Ed Alves,@EdAlves41141391,https://twitter.com/EdAlves41141391/status/1613128410385063937,2023-01-11T10:59:18.000Z,Até homens que tenha coragem e vergonha na cara,0,0,0,https://twitter.com/SargentoFAHUR/status/1612895096889819136
Helena Duarte,@HelenaD92516366,https://twitter.com/HelenaD92516366/status/1613168838543015938,2023-01-11T13:39:56.000Z,Até quando vamos permitir q um só homem mande e interfira em todo o país ?,0,0,0,https://twitter.com/SargentoFAHUR/status/1612895096889819136
Joab,@joab_begins,https://twitter.com/joab_begins/status/1613195159100964865,2023-01-11T15:24:32.000Z,"Agora tem data pra acabar não. Os conservadores tiveram 04 anos, mas não ""conseguimos"" superar as 04 linhas imaginárias e com isso cooperaram com a aparente vitória esmagadora dos socialistas.",0,0,0,https://twitter.com/SargentoFAHUR/status/1612895096889819136
IZA B.,@b_mariliza,https://twitter.com/b_mariliza/status/1613201390859329537,2023-01-11T15:49:18.000Z,BEM FEITO PRO EXÉRCITO  APRENDER. NÃO  AJUDARAM O POVO AGORA QUE SE LASQUE.,0,0,0,https://twitter.com/SargentoFAHUR/status/1612895096889819136
Delta π 74,@deltapi84,https://twitter.com/deltapi84/status/1613207136070238209,2023-01-11T16:12:07.000Z,"Ao invés de apontar a arbitrariedade tome uma providência, foi lhe dado mandato para isso.",0,0,0,https://twitter.com/SargentoFAHUR/status/1612895096889819136
Rogerio. Marinha do Brasil,@rokko2rj,https://twitter.com/rokko2rj/status/1613210724397944841,2023-01-11T16:26:23.000Z,"Até vocês,  deputados e senadores,  pressionarem os presidentes das respectivas casas.",0,0,0,https://twitter.com/SargentoFAHUR/status/1612895096889819136
Rita Arena,@Ritatti,https://twitter.com/Ritatti/status/1613273452957384704,2023-01-11T20:35:39.000Z,"Gente, o que fazer?",0,0,0,https://twitter.com/SargentoFAHUR/status/1612895096889819136
* Diaz *,@Dmpalmeira,https://twitter.com/Dmpalmeira/status/1613273772974575617,2023-01-11T20:36:55.000Z,Até quando o congresso resolver agir.,0,0,0,https://twitter.com/SargentoFAHUR/status/1612895096889819136
Geraldo Teixeira,@Geraldo_1987,https://twitter.com/Geraldo_1987/status/1613055887530418177,2023-01-11T06:11:07.000Z,"Bem feito, ficam cumprindo ordens arbitrárias e agora o feitiço virou contra o feiticeiro.",0,0,1,https://twitter.com/SargentoFAHUR/status/1612895096889819136
Alê NC,@Jasmimdoedem,https://twitter.com/Jasmimdoedem/status/1612941983579873280,2023-01-10T22:38:30.000Z,Até quando vcs permitirem!,0,0,1,https://twitter.com/SargentoFAHUR/status/1612895096889819136
Pereira,@RuiPere68104916,https://twitter.com/RuiPere68104916/status/1612955780449275905,2023-01-10T23:33:19.000Z,Se a tropa se revoltar a segurança em Brasília pode estar ameaçada,0,0,2,https://twitter.com/SargentoFAHUR/status/1612895096889819136
Airtinho da capital do Ceará,@AirtonPatriota,https://twitter.com/AirtonPatriota/status/1612991189803798529,2023-01-11T01:54:02.000Z,"Poise aqui se faz aqui se paga. Como dizem por aí o chicote muda de mão eles achavam que iam ficar de boa com um governo que fala abertamente que não gosta de polícia e que ate soltou uma pérola dessas ""Bolsonaro gosta mais de polícia que de gente"" quem tem pena é Galina.",0,0,1,https://twitter.com/SargentoFAHUR/status/1612895096889819136
Ladjane Nunes Queiroz De Medeiros,@LadjaneNunes,https://twitter.com/LadjaneNunes/status/1613003782522028032,2023-01-11T02:44:04.000Z,Se vcs que foram eleitos pra lutar pelo povo não sabe o que fazer quem dera nós,0,0,2,https://twitter.com/SargentoFAHUR/status/1612895096889819136
eulituliaselaLilia,@eulituliasela,https://twitter.com/eulituliasela/status/1613126590401220609,2023-01-11T10:52:04.000Z,ESTE NÃO FOI UM DOS QUE PARTICIPOU DA REUNIÃO COM ALEXANDRE DE MORAES? TÁ DIFÍCIL CONFIAR EM ALGUÉM.,0,0,1,https://twitter.com/SargentoFAHUR/status/1612895096889819136
Adriana,@Adriana65041518,https://twitter.com/Adriana65041518/status/1613319615647563780,2023-01-11T23:39:05.000Z,Esse cara está pegando pesado demais!,0,1,0,https://twitter.com/SargentoFAHUR/status/1612895096889819136
SanDias #Israel vive,@Chagal026,https://twitter.com/Chagal026/status/1613386169223364608,2023-01-12T04:03:32.000Z,"Até quando eles quiserem, não existe nessa república alguém com coragem para impedi-los, e quem tinha a obrigação disso, se venderam por trinta moedas...",0,0,2,https://twitter.com/SargentoFAHUR/status/1612895096889819136
Bruno,@jacas34,https://twitter.com/jacas34/status/1612914865378566152,2023-01-10T20:50:45.000Z,E aí @SargentoFAHUR ? O que os parlamentares estão fazendo por nós?,0,0,5,https://twitter.com/SargentoFAHUR/status/1612895096889819136
,@Marina32155278,https://twitter.com/Marina32155278/status/1613127264165584899,2023-01-11T10:54:44.000Z,"Já era para o Brasil.
Quem ajudou os venezuelanos,cubanos e muitos outros??????🥲",0,0,3,https://twitter.com/SargentoFAHUR/status/1612895096889819136
José Leite Borges,@JosLeiteBorges1,https://twitter.com/JosLeiteBorges1/status/1613376458923155457,2023-01-12T03:24:57.000Z,Deus salve o Brasil,0,0,0,https://twitter.com/SargentoFAHUR/status/1612895096889819136
keka,@kekakatia22,https://twitter.com/kekakatia22/status/1613139987637190656,2023-01-11T11:45:18.000Z,"Paciência, se ele tivesse lutado do lado do povo, muita coisa teria sido evitado",1,0,2,https://twitter.com/SargentoFAHUR/status/1612895096889819136
Spartacus Maximus,@patriota2171,https://twitter.com/patriota2171/status/1613212192954019841,2023-01-11T16:32:13.000Z,Podem ter o dinheiro 💸💰 que for mas quando morrer levará apenas uma muda de roupa e se colocarem ainda. E a alma em vez de ir pra junto de nosso pai supremo irá arder no fogo do inferno. Aquele soldado que deu a própria vida pra proteger o povo na Bahia lembram? Ele é herói.,0,0,1,https://twitter.com/SargentoFAHUR/status/1612895096889819136
Maria Dulce De Lima,@MariaDulceDeLi1,https://twitter.com/MariaDulceDeLi1/status/1613259401703587840,2023-01-11T19:39:48.000Z,Agradeça a Davi Alcolumbre e Rodrigo Pacheco.....,0,0,1,https://twitter.com/SargentoFAHUR/status/1612895096889819136
Paulo Santos,@psantostricolor,https://twitter.com/psantostricolor/status/1613203267021934592,2023-01-11T15:56:45.000Z,Esse AUTORITARISMO não vai parar justamente porquê nosso Congresso do qual o Sr faz parte é omisso. Até quando?,0,0,1,https://twitter.com/SargentoFAHUR/status/1612895096889819136
MarrieClodes,@mcdegoes,https://twitter.com/mcdegoes/status/1613138394455891968,2023-01-11T11:38:58.000Z,Até alguém naquele senado tomar vergonha na cara e fazer alguma coisa para impedir o imperador iluministro. Simples assim.,0,0,1,https://twitter.com/SargentoFAHUR/status/1612895096889819136
Bela Donna ▾,@bela_mend,https://twitter.com/bela_mend/status/1612941055720038401,2023-01-10T22:34:49.000Z,Se tem 1.200 na PF é pq cabem 1.200! Diz ai sargento!,3,0,9,https://twitter.com/SargentoFAHUR/status/1612895096889819136
Beto,@Betofusc,https://twitter.com/Betofusc/status/1612984888508006400,2023-01-11T01:28:59.000Z,"Uai, agora ficou revoltado quando  a leie cumprida?
Se tem 2000 e pq cabe 4000, então sobra lugar para mais 2 mil não achas? Quem ocupar o lugar tem",2,3,25,https://twitter.com/SargentoFAHUR/status/1612895096889819136
Bruno FORA RUEDA/FALCÃO/ODAIR,@anticamacho1912,https://twitter.com/anticamacho1912/status/1612917429864112177,2023-01-10T21:00:56.000Z,"Concordo, Leoncio",3,0,39,https://twitter.com/SargentoFAHUR/status/1612895096889819136
Marco Amorim,@MarcoAFAmorim,https://twitter.com/MarcoAFAmorim/status/1612972511863480321,2023-01-11T00:39:49.000Z,"Porquê? Policiais estão isentos de cumprir as leis? Podem se mancomunar com terroristas em atentados, apoiar vandalismos e prevaricar nas funções de chefia?
O tem certeza que conhece o regulamento disciplinar da PMDF e as leis em vigor no Brasil??",1,0,15,https://twitter.com/SargentoFAHUR/status/1612895096889819136
Zé Luiz - SDV EsE,@iuscivili,https://twitter.com/iuscivili/status/1613000246639955975,2023-01-11T02:30:01.000Z,Não entendi qual foi a arbitrariedade... Pode explicar meu senhor???,0,0,4,https://twitter.com/SargentoFAHUR/status/1612895096889819136
Walter,@waafilho,https://twitter.com/waafilho/status/1613153999682961409,2023-01-11T12:40:59.000Z,"Ué, ta achando ruim? Vai la no STF e tenta fechar a instituição, vai lá. Sai da internet e vai la, valentão. Tenta",0,2,51,https://twitter.com/SargentoFAHUR/status/1612895096889819136
Vitor,@vitorsuburbano,https://twitter.com/vitorsuburbano/status/1612904370810527758,2023-01-10T20:09:02.000Z,"E aí, sargento! Se tem 1.500 é porque cabem 1.500, fala pra eles! 😂",3,1,71,https://twitter.com/SargentoFAHUR/status/1612895096889819136
RogerioVBA,@Rogerio76664707,https://twitter.com/Rogerio76664707/status/1612948007422394369,2023-01-10T23:02:26.000Z,"Me parece que já tinha gente lá dentro @SargentoFAHUR , quem permitiu a entrada deles ? Ninguém vai investigar,? os manifestantes pacíficos vão pagar por esses profissionais em baderna?",6,1,4,https://twitter.com/SargentoFAHUR/status/1612895096889819136
Ed Oliveira,@Ed_Oliiver,https://twitter.com/Ed_Oliiver/status/1613193180647677953,2023-01-11T15:16:40.000Z,Até o último GOLPISTA 👍,0,0,2,https://twitter.com/SargentoFAHUR/status/1612895096889819136
Vande Nesse ,@vandnesse,https://twitter.com/vandnesse/status/1612896061969801237,2023-01-10T19:36:01.000Z,O poder emana do povo é uma grande farsa. O povo realmente é massa de manobra. O sistema venceu,1,0,13,https://twitter.com/SargentoFAHUR/status/1612895096889819136
Jean Mello,@JeanMel08128206,https://twitter.com/JeanMel08128206/status/1612896787995426817,2023-01-10T19:38:55.000Z,"Tic.tac para os fomentadores de golpe
A lista não para de crescer e tem gente com o c* na mão",2,0,2,https://twitter.com/SargentoFAHUR/status/1612895096889819136
dinei,@MendesDinei,https://twitter.com/MendesDinei/status/1612897550243364864,2023-01-10T19:41:56.000Z,"Boa tarde sargento
VCS deputados federal se una e põe ordem sobre o Brasil
Só vcs podem nos representar legitimamente",0,0,7,https://twitter.com/SargentoFAHUR/status/1612895096889819136
Mikelly Barbosa,@MikellyBarbos15,https://twitter.com/MikellyBarbos15/status/1612897574985543681,2023-01-10T19:42:02.000Z,Um snipe....,1,0,5,https://twitter.com/SargentoFAHUR/status/1612895096889819136
Docinho Pilhada,@rachellobo78,https://twitter.com/rachellobo78/status/1612898053026971649,2023-01-10T19:43:56.000Z,"Pelo jeito, pra sempre o ditador vai reinar no Brasil. Com o apoio das polícias e das FFAA. Destruíram o país.",1,0,4,https://twitter.com/SargentoFAHUR/status/1612895096889819136
Frederico Gorla,@FredericoGorla,https://twitter.com/FredericoGorla/status/1612898297550610439,2023-01-10T19:44:54.000Z,"Acho é pouco, que apodreça na papuda",1,0,5,https://twitter.com/SargentoFAHUR/status/1612895096889819136
Saculin,@saculin86,https://twitter.com/saculin86/status/1612905485090299912,2023-01-10T20:13:28.000Z,Vai defender bandido agora?,1,0,21,https://twitter.com/SargentoFAHUR/status/1612895096889819136
Marcelo Mette,@MarceloMette3,https://twitter.com/MarceloMette3/status/1612914545592246273,2023-01-10T20:49:28.000Z,"Até qnd vcs deixarem, próx a ser preso é o General ARRUDA e no lugar dele vai ser nomeado o Danones kkkkkkkkk vai Brazil, tá mais interessante que BBB 24h isso kkkkkk",2,0,2,https://twitter.com/SargentoFAHUR/status/1612895096889819136
Tecno.films22,@alencarjunior69,https://twitter.com/alencarjunior69/status/1612956049908154368,2023-01-10T23:34:24.000Z,Bolsonaro foi o único que teve culhão pra encarar essa raça o resto tá de quatro até agora.,0,1,5,https://twitter.com/SargentoFAHUR/status/1612895096889819136
Brand,@Brand07896681,https://twitter.com/Brand07896681/status/1613022268606779393,2023-01-11T03:57:31.000Z,"Sargento o que é isso?
Onde estão as FFAA desse País que não fazem nada.
Porque esse ministro tem todo esse poder?",0,0,0,https://twitter.com/SargentoFAHUR/status/1612895096889819136
@lola_,@lola_,https://twitter.com/Lola1712454550/status/1613166490102140930,2023-01-11T13:30:37.000Z,Acorda!!!,0,0,0,https://twitter.com/SargentoFAHUR/status/1612895096889819136
NÊGA,@OAdolfina,https://twitter.com/OAdolfina/status/1612982696875098114,2023-01-11T01:20:17.000Z,"Temos que nos unir e cobrar do senado uma atitude, contra este ditador do judiciário. Se não parar ele agora, o Brasil vai se transformar num palco de guerra. O povo está no limite no limite.",0,0,0,https://twitter.com/SargentoFAHUR/status/1612895096889819136
sai fora mula!,@jcHettwer,https://twitter.com/jcHettwer/status/1613139426267353088,2023-01-11T11:43:04.000Z,O Hitler quer prender todos os opositores,0,0,0,https://twitter.com/SargentoFAHUR/status/1612895096889819136
Dulce Marcondes,@Gado20221,https://twitter.com/Gado20221/status/1612951779712409604,2023-01-10T23:17:26.000Z,Nossa,0,0,0,https://twitter.com/SargentoFAHUR/status/1612895096889819136
Bruno Ferreira,@BrunoFe25869962,https://twitter.com/BrunoFe25869962/status/1613007423148523520,2023-01-11T02:58:32.000Z,Alexandre de Morais atual dono do Brasil ! Seme deus do Brasil!,0,0,0,https://twitter.com/SargentoFAHUR/status/1612895096889819136
🅃🄴🄼🄿🄾 🄸🄼🄿🄻🄰🄲🄰🅅🄴🄻,@TEMPOIMPLACAVEL,https://twitter.com/TEMPOIMPLACAVEL/status/1613015947568386049,2023-01-11T03:32:24.000Z,"Temos uma nova figura na República Federativa do 🇧🇷Brasil, temos um Primeiro Ministro!😱🤯🤫🤫🤫🤫🤫🤫@exercitooficial @marmilbr @fab_oficial@PMESP @PMERJ @pmmg190 @pmscoficial @policiafederal @PCERJ @pmdfoficial 
Comandos que não obedecerem, cadeia! Mas, quem vai os prender?",0,0,0,https://twitter.com/SargentoFAHUR/status/1612895096889819136
"NEYESEAGLE-Deus, Pátria, Família e Liberdade",@neyncsp,https://twitter.com/neyncsp/status/1613119925161267202,2023-01-11T10:25:35.000Z,Eita que o DITADOR tá descontrolado,0,0,0,https://twitter.com/SargentoFAHUR/status/1612895096889819136
Saulo,@FidelesSaulo,https://twitter.com/FidelesSaulo/status/1613159948162154499,2023-01-11T13:04:37.000Z,"o que você pode fazer?????não nessa prisão, mas para evitar futuras prisões, o que poderá fazer?",0,0,0,https://twitter.com/SargentoFAHUR/status/1612895096889819136
Claudia Martins,@VintageStudio72,https://twitter.com/VintageStudio72/status/1612895730355552256,2023-01-10T19:34:42.000Z,Até qdo a natureza deixar.,0,0,0,https://twitter.com/SargentoFAHUR/status/1612895096889819136
Renan_Zacarias,@Renan_Zacarias,https://twitter.com/Renan_Zacarias/status/1612911195232542732,2023-01-10T20:36:10.000Z,Chora mais,0,0,4,https://twitter.com/SargentoFAHUR/status/1612895096889819136
César,@Csar62508423,https://twitter.com/Csar62508423/status/1612895350213300224,2023-01-10T19:33:12.000Z,Até alguém acabar com isso. Espero ter ajudado,1,0,25,https://twitter.com/SargentoFAHUR/status/1612895096889819136
Thiago D.,@DG79427252,https://twitter.com/DG79427252/status/1612930937582456833,2023-01-10T21:54:36.000Z,Até quando toda uma bancada da bala meter o coro num é assim que o senhor sempre diz? ou todo mundo tá virando frouxo?,0,0,2,https://twitter.com/SargentoFAHUR/status/1612895096889819136
Kauã,@Kauangbt,https://twitter.com/Kauangbt/status/1612940553301139458,2023-01-10T22:32:49.000Z,"Calma, cabe todo mundo 😂",0,0,4,https://twitter.com/SargentoFAHUR/status/1612895096889819136
XimaRoots,@XimaRoots420,https://twitter.com/XimaRoots420/status/1612943317083344898,2023-01-10T22:43:48.000Z,"Fica quietinho senão tua hora chega tb, mané chupeteiro",0,0,2,https://twitter.com/SargentoFAHUR/status/1612895096889819136
Alex R,@alequesr,https://twitter.com/alequesr/status/1612958706643132416,2023-01-10T23:44:57.000Z,"Ué tá passando pano pra criminoso agora, Sargento?",0,0,3,https://twitter.com/SargentoFAHUR/status/1612895096889819136
Marcone Junior,@Marcone27003575,https://twitter.com/Marcone27003575/status/1613116315715227648,2023-01-11T10:11:14.000Z,"Bom dia forças bolivarianas o que é preciso para enfrentar o pode supremo estou cansado de tanta safadeza nesse país que a lei é só para o povo numa constituição que não existe não podemos ser julgado por algo que não existe, então podemos matar qual a interpretação de hoje? Se o",1,0,0,https://twitter.com/SargentoFAHUR/status/1612895096889819136
CrazySEP ⓟ,@Arachide_Gang,https://twitter.com/Arachide_Gang/status/1613131889878990848,2023-01-11T11:13:07.000Z,"Autoritarismo é a nova ordem brasileira. Não adianta reclamar, veja nestes comentários quanta gente iludida. Uns defendendo sem perceber o que vai acontecer e outros achando que o problema foi a eleição. Este estado que estamos prestes a alcançar foi minuciosamente desenhado.",0,0,1,https://twitter.com/SargentoFAHUR/status/1612895096889819136
Freitas,@SandroFreitas80,https://twitter.com/SandroFreitas80/status/1613155763312119809,2023-01-11T12:47:59.000Z,"Até quando Deputado? Com todo respeito que eu tenho pelo senhor, pelo cargo e pela farda, enquanto vcs aí na Câmara tiverem alguem sentado na cadeira da presidencia que compactua com tudo isso, alem de outras coisas, essa barbárie nunca terá fim. Cabe aos senhores fazerem algo.",0,0,1,https://twitter.com/SargentoFAHUR/status/1612895096889819136
Josivan Bezerra Henrique,@JosivanBezerr15,https://twitter.com/JosivanBezerr15/status/1613212769297305610,2023-01-11T16:34:30.000Z,Ninguém esta a cima da lei nem o senhor,0,0,1,https://twitter.com/SargentoFAHUR/status/1612895096889819136
Hernandez Vedovatto,@hervedo,https://twitter.com/hervedo/status/1613320890359455745,2023-01-11T23:44:08.000Z,"Pois é deputado, até quando?",0,0,0,https://twitter.com/SargentoFAHUR/status/1612895096889819136
Battestini,@angelbattestini,https://twitter.com/angelbattestini/status/1612905215925026816,2023-01-10T20:12:24.000Z,Gracinha você ne? Agora vc diz isto?quando ele deixou a boiada passar estava correto?,1,0,1,https://twitter.com/SargentoFAHUR/status/1612895096889819136
Angela Santos,@AngelaS06265043,https://twitter.com/AngelaS06265043/status/1613692569673662471,2023-01-13T00:21:04.000Z,Alexandre de Moraes bandido safado,0,0,0,https://twitter.com/SargentoFAHUR/status/1612895096889819136
CRIPTOBR,@BritoJuscemar,https://twitter.com/BritoJuscemar/status/1614649005979451397,2023-01-15T15:41:36.000Z,"Terroristas,  inimigos da Pátria Mãe Gentil e do Estado Democrático de Direito.",0,0,0,https://twitter.com/SargentoFAHUR/status/1612895096889819136
Leonardo Máximo,@LeonardoMximoB1,https://twitter.com/LeonardoMximoB1/status/1612976509299621890,2023-01-11T00:55:42.000Z,"Virou defensor de bandido? Policial que tolera bandido, bandido se torna",0,0,7,https://twitter.com/SargentoFAHUR/status/1612895096889819136
Antonio,@antonio_rib78,https://twitter.com/antonio_rib78/status/1612980673538580480,2023-01-11T01:12:14.000Z,"Na minha humilde opinião, voce tab deveria pelo menos ser investigado.

Voce ta aqui dia e noite instigando e apoiando aquele tipo de comportamento do dia 08. É o q penso.",1,0,15,https://twitter.com/SargentoFAHUR/status/1612895096889819136
Elaine Cristina,@elainecrisofc,https://twitter.com/elainecrisofc/status/1613014805048074240,2023-01-11T03:27:52.000Z,"Sinceramente porque todos os deputados,senadores governadores,não vão pra casa.
Porque quem está dando as ordens é só esse incircunciso mesmo. 

O diabo quis ser um Deus,se lascou.Nao existe final feliz para quem se acha Deus. 

Tudo tem seu tempo 💚💛💙🤍",0,0,1,https://twitter.com/SargentoFAHUR/status/1612895096889819136
Fabiano,@fabiano22bh,https://twitter.com/fabiano22bh/status/1613121114841948162,2023-01-11T10:30:18.000Z,"Eu que te pergunto!!!

ATÉ QUANDO?",0,0,0,https://twitter.com/SargentoFAHUR/status/1612895096889819136
Luiz Rocha,@dr_luizrocha,https://twitter.com/dr_luizrocha/status/1613154199671345153,2023-01-11T12:41:46.000Z,"SARGENTO, ATÉ QD VEREMOS PARLAMENTARES TEMEREM DESEMPENHAR A MISSÃO QUE FORAM ELEITOS???? TEMEM A PRISÃO????",0,0,0,https://twitter.com/SargentoFAHUR/status/1612895096889819136
marcio bertoleti,@BertoletiMarcio,https://twitter.com/BertoletiMarcio/status/1613190591050928128,2023-01-11T15:06:23.000Z,Até quando vcs militares tomarem vergonha na cara e agirem conforme juramento! Seus 🍉🍉🍉🍉🍉,0,0,0,https://twitter.com/SargentoFAHUR/status/1612895096889819136
Madmax Habbo,@NaoHaveraAmanha,https://twitter.com/NaoHaveraAmanha/status/1613016438297579526,2023-01-11T03:34:21.000Z,Até que se tome providências que se faz necessária.,0,0,0,https://twitter.com/SargentoFAHUR/status/1612895096889819136
Tatiana Costa,@tati_anacosta,https://twitter.com/tati_anacosta/status/1613121871582564352,2023-01-11T10:33:19.000Z,Eu acho é pouco. O que + existe na PM é esquerdista.,0,0,0,https://twitter.com/SargentoFAHUR/status/1612895096889819136
claridade,@celielina985841,https://twitter.com/celielina985841/status/1613160593761918978,2023-01-11T13:07:11.000Z,Demo cracia.,0,0,0,https://twitter.com/SargentoFAHUR/status/1612895096889819136
Pistola do NE v2,@Pistola_ne2,https://twitter.com/Pistola_ne2/status/1613180388087578629,2023-01-11T14:25:50.000Z,EU QUERO QUE ELE MANDE PRENDER E EXONERAR TODOS OS GENERAIS DO EB. INSTITUIÇÃO FROUXA TEM QUE SE LASCAR. OBEDIÊNCIA A MENTIROSO ACHANDO QUE VAI SE DAR BEM? QSF TODOS!!,0,0,0,https://twitter.com/SargentoFAHUR/status/1612895096889819136
Adriano Ferrer,@adrianoferrer69,https://twitter.com/adrianoferrer69/status/1613235938569641996,2023-01-11T18:06:34.000Z,Até quando vocês tolerarem  !!!,0,0,0,https://twitter.com/SargentoFAHUR/status/1612895096889819136
Brasileira indignada,@MorenaMaraa,https://twitter.com/MorenaMaraa/status/1613164564559937537,2023-01-11T13:22:57.000Z,"Eles tramam a invasão,  e prendem quer eles quer. Juízes, Promotores,  Procuradores e advogados, do Brasil  deveriam se  unir  para combater tantas medidas ilegais. AS LEIS, O ORDENAMENTO JURÍDICO ESTÁ SENDO DEVASTADO, VILIPENDIADO, DESTRUIDO DA NOITE PARA  O DIA .",0,0,0,https://twitter.com/SargentoFAHUR/status/1612895096889819136
Luciano Salomao,@lsalomas,https://twitter.com/lsalomas/status/1613301352746065920,2023-01-11T22:26:30.000Z,"A cobriu foi rajada há muito tempo. Ou os militares se juntam ao povo, ou teremos guerra civil em breve.",0,0,0,https://twitter.com/SargentoFAHUR/status/1612895096889819136
Patricia Fiuza,@patfcastro,https://twitter.com/patfcastro/status/1613294855869939714,2023-01-11T22:00:41.000Z,Até quando “eles” quiserem,0,0,0,https://twitter.com/SargentoFAHUR/status/1612895096889819136
Fausto,@atilioreno1974,https://twitter.com/atilioreno1974/status/1613177743293775877,2023-01-11T14:15:20.000Z,"Até o país ser totalmente ""desintegrado"" por uma guerra civil ué.",0,0,0,https://twitter.com/SargentoFAHUR/status/1612895096889819136
Red ADF,@AgenorAFilho1,https://twitter.com/AgenorAFilho1/status/1613224271647760386,2023-01-11T17:20:13.000Z,Até quando os parlamentares tomarem atitudes!! Simples assim! Não temos uma suprema corte acovardada e sim um parlamento acovardado! 👍🏻,0,0,0,https://twitter.com/SargentoFAHUR/status/1612895096889819136
ANTONIO DIRCEU DOS SANTOS,@ANTONIODIRCEUD4,https://twitter.com/ANTONIODIRCEUD4/status/1613121065747730433,2023-01-11T10:30:07.000Z,"Que terroristas? Cidadãos comuns incitados por agentes infiltrados.
Desordem não constitui ato terrorista.
O Estado estabelecido pelo governo Lula do PT apoiado por membros do Judiciário, usando instrumentos ilegais estão impondo medo com ameaças de processos, prisões e multas.",4,0,1,https://twitter.com/SargentoFAHUR/status/1612895096889819136
Marcio Antonelli,@Antonelli_ma_46,https://twitter.com/Antonelli_ma_46/status/1613257361207992335,2023-01-11T19:31:42.000Z,Até Xandão levar um tiro na testa.,1,0,0,https://twitter.com/SargentoFAHUR/status/1612895096889819136
Rubens Rangel,@RubensRangel9,https://twitter.com/RubensRangel9/status/1612907388943896577,2023-01-10T20:21:02.000Z,Kkkkk,6,0,103,https://twitter.com/SargentoFAHUR/status/1612895096889819136
MD,@socram3333,https://twitter.com/socram3333/status/1613171769455550467,2023-01-11T13:51:35.000Z,O ódio gera ódio . A paz gera paz !!!!,0,0,0,https://twitter.com/SargentoFAHUR/status/1612895096889819136
Joao Geraldo Colombo,@GeraldoColombo,https://twitter.com/GeraldoColombo/status/1612896842005487617,2023-01-10T19:39:07.000Z,Ué deputado e que porra vcs estão fazendo aí????,0,0,1,https://twitter.com/SargentoFAHUR/status/1612895096889819136
Jorgemar,@Jorgema20352193,https://twitter.com/Jorgema20352193/status/1612906983123820545,2023-01-10T20:19:25.000Z,O imperador está incontrolável kkk,0,0,1,https://twitter.com/SargentoFAHUR/status/1612895096889819136
Tiago Bettio,@tiagokpereira,https://twitter.com/tiagokpereira/status/1613252510021459968,2023-01-11T19:12:25.000Z,Até o socialismo ser implantado com sucesso.,0,0,2,https://twitter.com/SargentoFAHUR/status/1612895096889819136
Hommer Simpson da deprê,@deprehomers,https://twitter.com/deprehomers/status/1613311794424037379,2023-01-11T23:08:00.000Z,"Foi você quem disse, lembra ?",0,0,1,https://twitter.com/SargentoFAHUR/status/1612895096889819136
preta ( esquerdista de alma e coração),@PretaAgc,https://twitter.com/PretaAgc/status/1613319858179170306,2023-01-11T23:40:02.000Z,"Grande diaaaaaa
Responder por contrinuir",0,0,0,https://twitter.com/SargentoFAHUR/status/1612895096889819136
Poimandres,@HFilho73,https://twitter.com/HFilho73/status/1613325285964890112,2023-01-12T00:01:36.000Z,"Continuem nas 4 linhas, enquanto isso...serão imparáveis.",0,0,0,https://twitter.com/SargentoFAHUR/status/1612895096889819136
Gato Patriota,@luizsilvadapai1,https://twitter.com/luizsilvadapai1/status/1613325436167294981,2023-01-12T00:02:12.000Z,Vocês merecem.,0,0,0,https://twitter.com/SargentoFAHUR/status/1612895096889819136
Ivan Rodrigues,@IvanRod82665125,https://twitter.com/IvanRod82665125/status/1613336398613938177,2023-01-12T00:45:46.000Z,Autorizado Xandao,0,0,0,https://twitter.com/SargentoFAHUR/status/1612895096889819136
Damião Alves Brasil,@DamioAlvesBras9,https://twitter.com/DamioAlvesBras9/status/1613493003871752195,2023-01-12T11:08:04.000Z,"Enquanto o senado federal e a câmara federal, for omissa o ilustre Sr ministro Alexandre de Moraes, manda e desmanda.",0,0,0,https://twitter.com/SargentoFAHUR/status/1612895096889819136
Walter Gargiulo,@gargiulo_walter,https://twitter.com/gargiulo_walter/status/1613535820819857409,2023-01-12T13:58:12.000Z,Tem q mandar prender os bandidos!,0,0,0,https://twitter.com/SargentoFAHUR/status/1612895096889819136
Marcia,@MarciaBiancaN,https://twitter.com/MarciaBiancaN/status/1613152261319921665,2023-01-11T12:34:04.000Z,Ninguém faz nada?,1,0,0,https://twitter.com/SargentoFAHUR/status/1612895096889819136
Deni Roc,@deni_roc,https://twitter.com/deni_roc/status/1613289818452017152,2023-01-11T21:40:40.000Z,"É Sargento, nós como simples cidadãos fazemos a mesma pergunta. Até quando?",0,0,0,https://twitter.com/SargentoFAHUR/status/1612895096889819136
Lucas Caramico ☭,@_luhcaramico,https://twitter.com/_luhcaramico/status/1613214892982427648,2023-01-11T16:42:57.000Z,Perfeito,0,0,0,https://twitter.com/SargentoFAHUR/status/1612895096889819136
Andre Monteiro,@monzario,https://twitter.com/monzario/status/1613157339040727043,2023-01-11T12:54:15.000Z,"Uai, mas Bandido bom não é bandido morto?",0,0,0,https://twitter.com/SargentoFAHUR/status/1612895096889819136
Claudio Seabra,@claudiofs,https://twitter.com/claudiofs/status/1613163282646589440,2023-01-11T13:17:52.000Z,"Kinder se achando o ditador brasileiro, tentando ser igual ao da China",0,0,0,https://twitter.com/SargentoFAHUR/status/1612895096889819136
Jorge Araujo,@JorgeAraujo45,https://twitter.com/JorgeAraujo45/status/1613178719425957889,2023-01-11T14:19:12.000Z,"Infelizmente eles estão de alguma forma (sem querer generalizar) colhendo o que plantaram, pois el s mesma muitas vezes obedecem ordens inconstitucionais contra o povo, era certo que mais cedo ou mais tarde essas ordens iria se voltar contra eles. Cuidado generais.",0,0,0,https://twitter.com/SargentoFAHUR/status/1612895096889819136
Maria Lúcia,@JuarezCastella3,https://twitter.com/JuarezCastella3/status/1613182240862932994,2023-01-11T14:33:12.000Z,Até o xadão resolver parar por conta própria!,0,0,0,https://twitter.com/SargentoFAHUR/status/1612895096889819136
Roni Guckert,@GuckertRoni,https://twitter.com/GuckertRoni/status/1613185313123319808,2023-01-11T14:45:24.000Z,"Vão ficar contra o povo tá aí , agora aguardem tem mais por vir",0,0,0,https://twitter.com/SargentoFAHUR/status/1612895096889819136
Cleuza Dias,@CleuzaDias12,https://twitter.com/CleuzaDias12/status/1613193599872831491,2023-01-11T15:18:20.000Z,"Reclamem das FFAA, q abandonaram o seu povo!",0,0,0,https://twitter.com/SargentoFAHUR/status/1612895096889819136
Tom,@TomRetes,https://twitter.com/TomRetes/status/1613131850725081088,2023-01-11T11:12:58.000Z,"Arbitrariedade é o que sua classe recebe pelos "" serviços NÃO prestados"".",0,0,8,https://twitter.com/SargentoFAHUR/status/1612895096889819136
ParaibanaTreteiraFazOL,@AdryFernandes76,https://twitter.com/AdryFernandes76/status/1613208660716707840,2023-01-11T16:18:11.000Z,"Ate qdo vcs voltarem ao lugar q pertencem a caserna o exército n é 1 poder ele ESTÁ subordinado aos 3 poderes constituídos quem nao dece nada tem a temer
SEM ANISTIA",0,0,6,https://twitter.com/SargentoFAHUR/status/1612895096889819136
รσυƞ∂ & ۷⍳ک⍳σƞ,@sound3vision,https://twitter.com/sound3vision/status/1616076429145378816,2023-01-19T14:13:40.000Z,KKKKKKKKKKKKKKK,1,0,96,https://twitter.com/SargentoFAHUR/status/1612895096889819136
Anderson Amaral,@andersonpamaral,https://twitter.com/andersonpamaral/status/1612900151617634304,2023-01-10T19:52:17.000Z,Tá com dó? Leva pra casa,0,0,16,https://twitter.com/SargentoFAHUR/status/1612895096889819136
Wanderson A Santana,@AppsWss,https://twitter.com/AppsWss/status/1612912180977868816,2023-01-10T20:40:05.000Z,"Vou lhe dizer até quando:
Até quando o senhor e os outros deputags criarem vergonha na cara e começarem a fazer o trabalho que foram eleitos e são muito bem pagos para fazer ao invés de ficarem o dia todo fazendo postagem em redes sociais reclamando das ações dos inimigos.",1,4,95,https://twitter.com/SargentoFAHUR/status/1612895096889819136
Felipe,@felipecorvello,https://twitter.com/felipecorvello/status/1612899784397824003,2023-01-10T19:50:49.000Z,Cadeia neleeee! Pede ajuda dos direitos humanos @SargentoFAHUR,1,0,57,https://twitter.com/SargentoFAHUR/status/1612895096889819136
Vini,@Dm84Vini,https://twitter.com/Dm84Vini/status/1612901482465992707,2023-01-10T19:57:34.000Z,Se for chorar manda vídeo bigode 😉,0,0,6,https://twitter.com/SargentoFAHUR/status/1612895096889819136
Diego,@DiegoRo53823352,https://twitter.com/DiegoRo53823352/status/1612913702730080264,2023-01-10T20:46:07.000Z,"No final das contas o Roberto Jefferson não estava dos mais errados hein??

Xandao vai mandar prender o Lula e o Flávio,  o @marcosdoval levantou a hipótese com provas que eles foram avisados com antecedência!!???

Vai ser na arbitrariedade e camaradagem mesmo?",0,0,6,https://twitter.com/SargentoFAHUR/status/1612895096889819136
