nome,usuario,idTweet,dataPublicacao,texto,replies,retweets,likes,tweetPai
Maria Cê,@MammyCe,https://twitter.com/MammyCe/status/1612928966469513221,2023-01-10T21:46:47.000Z,"Concordo plenamente, cadeia após o devido processo legal normal e não a revelia",0,0,1,https://twitter.com/AlexManente23/status/1612924711050117120
Monalisa,@monalisaasila,https://twitter.com/monalisaasila/status/1614750411025514497,2023-01-15T22:24:33.000Z,Caro Alex ATAQUES CRIMINOSOS na história do Brasil sabemos os atos de onde vem! NARCOTRÁFICANTES. Ex: centenas de ônibus queimados. Tivemos uma suposta ligação do de um vereador do PT com esquema na gestão da empresa ligada ao crime. Fizeram uma pressão em SP queimando ônibus,1,0,0,https://twitter.com/AlexManente23/status/1612924711050117120
ana rosa,@anarosaap9,https://twitter.com/anarosaap9/status/1615054746284396552,2023-01-16T18:33:52.000Z,Parabéns deputado pela decisão  de não fazer parte desse desastre de governo,0,0,0,https://twitter.com/AlexManente23/status/1612924711050117120
ana rosa,@anarosaap9,https://twitter.com/anarosaap9/status/1615055838611181575,2023-01-16T18:38:12.000Z,"Deputado nos represente.  Contra seu legado dentro da moral e do bom costume, não abandone o povo brasileiro.  Que está órfã",0,0,0,https://twitter.com/AlexManente23/status/1612924711050117120
Luis Pires,@lutydes,https://twitter.com/lutydes/status/1614370694447468546,2023-01-14T21:15:41.000Z,Hj li uma declaração que me deixou super triste. De que o senhor não vai apoiar o governo e atuará com a bancada de forma independente. Votei no senhor por acreditar que faria um trabalho em conjunto com o governo. Lamento a decisão e certamente não terá mais meu apoio.,0,0,2,https://twitter.com/AlexManente23/status/1612924711050117120
Nivaldo de Agustini,@NivaldoAgustini,https://twitter.com/NivaldoAgustini/status/1613160501261012993,2023-01-11T13:06:49.000Z,"Concordo contigo, mas, a sabedoria e conhecimento nos remete a pensarmos em pacificação. Como fazer, vocês estão aí para isso.",0,1,1,https://twitter.com/AlexManente23/status/1612924711050117120
João Rosinha,@JoaiRosinha,https://twitter.com/JoaiRosinha/status/1613160128454299648,2023-01-11T13:05:20.000Z,"Terrorista não faz parte do movimento democrático. terrorismo e  prática da esquerda para gerar confusão   não misture as bolas caro deputado Empregado do povo, que só faz ações em benefício próprio e que se dane o povo.",0,0,0,https://twitter.com/AlexManente23/status/1612924711050117120
josé Gustavo,@romaldini78,https://twitter.com/romaldini78/status/1612926334459674627,2023-01-10T21:36:19.000Z,"A câmera vai continuar fechando os olhos para as ilegalidades do Alexandre de Morais?. Temos 1200 pessoas presas em ginásio de forma precária, sem acusação ha mais de 48 h. Muitos, seus eleitores.",0,0,1,https://twitter.com/AlexManente23/status/1612924711050117120
Daniel Napoleão,@dbnapoleao,https://twitter.com/dbnapoleao/status/1613016132570456065,2023-01-11T03:33:09.000Z,"Sem dúvida os responsáveis têm que ser punidos. Isso é crime!

Mas como o jornal não parece lá muito idôneo, tenho uma pergunta: os envolvidos foram pegos ou reivindicaram a autoria do ato? Fica como dica: verifique antes, deputado, para não espalhar possíveis notícias falsas.",0,0,0,https://twitter.com/AlexManente23/status/1612924711050117120
Flávio Gobbato,@fogbr,https://twitter.com/fogbr/status/1612931300251385856,2023-01-10T21:56:03.000Z,"Concordo com você, mas e o orçamento secreto que você votou a favor e até agora não deu nenhum pio, nenhuma satisfação pro seu eleitor?? E aí!? Votou só em seu nome ou como liderança do @EuSouLivres tbm.",0,0,3,https://twitter.com/AlexManente23/status/1612924711050117120
Itevan Martins,@ItevanMartins,https://twitter.com/ItevanMartins/status/1612959431075196929,2023-01-10T23:47:50.000Z,"A tentativa de golpe ainda NÃO se encerrou, alguns cachorros só agora estão ouvindo os apitos.",0,0,0,https://twitter.com/AlexManente23/status/1612924711050117120
Paulikita,@Paulikita2,https://twitter.com/Paulikita2/status/1614600127020257281,2023-01-15T12:27:22.000Z,"Bora Alex, vamos fazer oposição ao Ladron.Seu partido é http://forte.Voto contra Pacheco e Lira no Congresso. O povo de bem precisa.",0,0,0,https://twitter.com/AlexManente23/status/1612924711050117120
João Rosinha,@JoaiRosinha,https://twitter.com/JoaiRosinha/status/1613159031610163200,2023-01-11T13:00:58.000Z,É por causa de parlamentares desprezíveis como você que chegamos neste ponto. Um ladrão ajudado por outros ladrões  em um resultado de eleição pra lá de duvidoso.Que para governar o Brasil trouxe ajuda  dos 40 ladrões. Que decepção deputado.,0,0,0,https://twitter.com/AlexManente23/status/1612924711050117120
João 8:32,@joao_jb22,https://twitter.com/joao_jb22/status/1613514431308128256,2023-01-12T12:33:12.000Z,Isso é coisa de militonto petralha!,0,0,2,https://twitter.com/AlexManente23/status/1612924711050117120
