nome,usuario,idTweet,dataPublicacao,texto,replies,retweets,likes,tweetPai
Maria Cê,@MammyCe,https://twitter.com/MammyCe/status/1612183333600993283,2023-01-08T20:23:54.000Z,"O problema vem de longe. Os congressistas estão brincando e os cabeças do problema estão soltos. Congresso fraco não ajuda em nada na solução de nossos impasses. É hora do 'mea culpa' pq Câmara e Senado não tem feito o dever de casa. Cuidem  da causa, e terão boas consequências",1,1,7,https://twitter.com/AlexManente23/status/1612180669681274881
Avelino Marques #BrasilConsciente,@A_Marques6,https://twitter.com/A_Marques6/status/1612187348904689664,2023-01-08T20:39:51.000Z,"O problema é que jamais virá 'mea culpa'. As retaliações virão no atacado, para todos os brasileiros.",1,0,2,https://twitter.com/AlexManente23/status/1612180669681274881
Breno,@brenoleonileoni,https://twitter.com/brenoleonileoni/status/1612183100821311490,2023-01-08T20:22:58.000Z,Repúdio a esse Tweet traidor,0,0,0,https://twitter.com/AlexManente23/status/1612180669681274881
Williams Duarte da Paz,@William53938381,https://twitter.com/William53938381/status/1628008358153256960,2023-02-21T12:26:54.000Z,Bom dia deputado.  Ainda aguardando sua posição sobre a CPMI dos atos de 08/01. Importante compartilhar com os eleitores o que pensa sobre este assunto.,0,0,0,https://twitter.com/AlexManente23/status/1612180669681274881
Fernanda de Paula Gonzalez Megiolaro,@de_megiolaro,https://twitter.com/de_megiolaro/status/1612602323796213761,2023-01-10T00:08:49.000Z,"E o que o sr.deputado acha das 1,2 mil pessoas presas sem prova de vandalismo e privadas de sua defesa e retornarem para sua casa sem provas de que são vandalos?Vamos defender estes cidadãos tb, e emissora e jornalista privadas da liberdades.",0,0,0,https://twitter.com/AlexManente23/status/1612180669681274881
Nivaldo de Agustini,@NivaldoAgustini,https://twitter.com/NivaldoAgustini/status/1612440925808066566,2023-01-09T13:27:29.000Z,"Falou o óbvio. O que vocês estão fazendo para combater a causa?
Deputados lavam as mãos e senadores tapam os olhos.",0,0,0,https://twitter.com/AlexManente23/status/1612180669681274881
Daniel Azevedo,@DAzevedo81,https://twitter.com/DAzevedo81/status/1612216946480631808,2023-01-08T22:37:28.000Z,"@AlexManente23 , votei em vc na eleição do ano passado e já me arrependi. Votou a favor do aumento do próprio salário que já é enorme e pouco faz pelo nosso abc. Mais do mesmo.",0,0,1,https://twitter.com/AlexManente23/status/1612180669681274881
Bia Wodehite,@BiaWodehite,https://twitter.com/BiaWodehite/status/1612184790337486849,2023-01-08T20:29:41.000Z,O salário no fim do mês é mais importante né,0,0,0,https://twitter.com/AlexManente23/status/1612180669681274881
": Comunista, progressista, socialista, liberal",@direita_ligia,https://twitter.com/direita_ligia/status/1612180774060539905,2023-01-08T20:13:44.000Z,Quem é vc?,0,0,0,https://twitter.com/AlexManente23/status/1612180669681274881
Lau,@LaaauM,https://twitter.com/LaaauM/status/1612242729928658944,2023-01-09T00:19:55.000Z,E tu passou pano no segundo turno né?! Lembro bem,0,0,0,https://twitter.com/AlexManente23/status/1612180669681274881
Rosani Silveira.,@RosaniSilveira4,https://twitter.com/RosaniSilveira4/status/1612377456333168640,2023-01-09T09:15:16.000Z,"Veja aí deputado... antes de difamar a Direita , que luta pela democracia🇧🇷Logo será vcs , no  congresso que não terão mais voz!
Já tiraram até Governador",0,0,0,https://twitter.com/AlexManente23/status/1612180669681274881
Rosani Silveira.,@RosaniSilveira4,https://twitter.com/RosaniSilveira4/status/1612376907588292612,2023-01-09T09:13:05.000Z,"Vc na época falou alguma coisa? Foram vários prédios  na Esplanada  dos  Ministérios né?
A direita não permitiu mais destruição 
Fica dica deputado",0,0,0,https://twitter.com/AlexManente23/status/1612180669681274881
Rosani Silveira.,@RosaniSilveira4,https://twitter.com/RosaniSilveira4/status/1612377907225141249,2023-01-09T09:17:04.000Z,"Veja a diferença e gritante
  Direita ... esquerda",0,0,0,https://twitter.com/AlexManente23/status/1612180669681274881
João Paulo Rossi,@jpjcrossi,https://twitter.com/jpjcrossi/status/1612393866807709698,2023-01-09T10:20:29.000Z,Oportunista de mais pura raça.,0,0,0,https://twitter.com/AlexManente23/status/1612180669681274881
Gzr,@gian_zr,https://twitter.com/gian_zr/status/1612183173906956290,2023-01-08T20:23:16.000Z,"Tu não tem a tolerar nada! Aceita babca! Quem decide é o povo, não vc!",0,0,0,https://twitter.com/AlexManente23/status/1612180669681274881
Observador Político,@EliabeMz,https://twitter.com/EliabeMz/status/1612180791877853185,2023-01-08T20:13:48.000Z,Vcs só toleram atos contra a democracia vindos do STF né ? Por isso essa revolta do povo. Frouxos.,0,0,1,https://twitter.com/AlexManente23/status/1612180669681274881
OReptiliano,@ReptilianoBR,https://twitter.com/ReptilianoBR/status/1612184587010015235,2023-01-08T20:28:53.000Z,Vá vá vá!!!!! Seu comunista!!!!!! Vc só tolerou o bandido ser solto né!!! TENHA VERGONHA NA CARA!!!! O POVO SÓ INVADIU PQ VCS SÃO UM BANDO DE VAGABUNDO QUE PASSA PANO PARA CORRUPÇÃO!!!!,0,0,0,https://twitter.com/AlexManente23/status/1612180669681274881
Euler Taveira,@Eulerdt,https://twitter.com/Eulerdt/status/1635964738822651904,2023-03-15T11:22:43.000Z,"AGUARDANDO SUA ASSINATURA NA CPMI. VOTAMOS EM VOCÊ. NÃO DESONRE NOSSO VOTO.
CPMI 08 DE JANEIRO.
AGUARDANDO....",0,0,0,https://twitter.com/AlexManente23/status/1612180669681274881
Madeira,@MadeiraBR,https://twitter.com/MadeiraBR/status/1612181294494121984,2023-01-08T20:15:48.000Z,Cala a boca seu bosta!,0,0,1,https://twitter.com/AlexManente23/status/1612180669681274881
Carlos Santana,@CarlosS10521054,https://twitter.com/CarlosS10521054/status/1614621215817170944,2023-01-15T13:51:10.000Z,QUE PAIS É ESTE SENHORES?@KimKataguiri @marcelvanhattem @veramagalhaes @RomeuZema @ronaldocaiado @simonetebetbr,0,0,0,https://twitter.com/AlexManente23/status/1612180669681274881
Eliane Pinheiro #PTfóbica,@Eliane76141763,https://twitter.com/Eliane76141763/status/1612180828745760769,2023-01-08T20:13:57.000Z,Pega seu repúdio e enfia no Cu!,0,0,0,https://twitter.com/AlexManente23/status/1612180669681274881
DesGoverno MULA,@DaviCurti,https://twitter.com/DaviCurti/status/1620087175164596227,2023-01-30T15:50:56.000Z,"https://www1.folha.uol.com.br/poder/2021/01/herdeiro-de-empresas-de-onibus-pacheco-atuou-na-defesa-de-negocios-da-familia-no-congresso.shtml…Alô Brasil, alô SENADO

PACHECO não tem voto em MINAS GERAIS

Se elegeu SENADOR na rejeição da EX presidanta DILMA

TEM RABO PRESO - É advogado e sócio com causas no STF",0,0,0,https://twitter.com/AlexManente23/status/1612180669681274881
