nome,usuario,idTweet,dataPublicacao,texto,replies,retweets,likes,tweetPai
Marilia Costa,@Marilia77120415,https://twitter.com/Marilia77120415/status/1612175388167241729,2023-01-08T19:52:19.000Z,A justiça deve começar a prender deputado fascista que ínsita golpe contra a democracia.,2,0,8,https://twitter.com/DepSanderson/status/1612105710342381568
Sergio Ricardo Alves,@tipmovel3g4g2,https://twitter.com/tipmovel3g4g2/status/1612114002556981248,2023-01-08T15:48:24.000Z,"Eles alegam que para o STF fazer alguma ação contra o crime organizado eles precisam serem provocados, é um absurdo sem tamanho.",0,0,1,https://twitter.com/DepSanderson/status/1612105710342381568
José Alvaro de Oliveira,@ZeAlvaro22,https://twitter.com/ZeAlvaro22/status/1612134467048439813,2023-01-08T17:09:43.000Z,"Espero que o novo congresso que entra vá para cima desse governo com toda força, os votos que receberam e façam cumprir a CONSTITUIÇÃO.",0,0,1,https://twitter.com/DepSanderson/status/1612105710342381568
Marcia Costa,@MarciaC50520655,https://twitter.com/MarciaC50520655/status/1612109367062446080,2023-01-08T15:29:59.000Z,"Isso ele não irá falar, está no seu  DNA🤣🤣🤣🤣",0,0,3,https://twitter.com/DepSanderson/status/1612105710342381568
Andrea JB presidente legítimo,@deaviddl,https://twitter.com/deaviddl/status/1612129927213580290,2023-01-08T16:51:41.000Z,"Deputado, o sr acredita que tem alguma saída pro Brasil? Eu n consigo mais acreditar q tem jeito.",0,0,0,https://twitter.com/DepSanderson/status/1612105710342381568
Charles Parreiras,@Charles07683213,https://twitter.com/Charles07683213/status/1618973669996531713,2023-01-27T14:06:16.000Z,@alexandre @FlavioDino @ArthurLira_ ele estava apoiando quem invadiu os 3 poderes!,0,0,0,https://twitter.com/DepSanderson/status/1612105710342381568
Gabriela Alejndra,@Gabriela_B__R__,https://twitter.com/Gabriela_B__R__/status/1612658239795245058,2023-01-10T03:51:00.000Z,"Estão praticando atos de tortur@ com os detidos! Uma senhora foi a óbito hj, ninguém recebe comida nem água. Queremos que sejam apuradas as responsabilidades pelos crimes! Tem vários videos com b@ndidos infiltrados e dizendo: ""Missão dada missão cumprida"" Lembra uma ligação, não?",0,0,1,https://twitter.com/DepSanderson/status/1612105710342381568
Gabriela Alejndra,@Gabriela_B__R__,https://twitter.com/Gabriela_B__R__/status/1612659057625796616,2023-01-10T03:54:15.000Z,"Ele não quer combater corrupção, sendo que ele mesmo teria que se prender, isso é obvio!",0,0,1,https://twitter.com/DepSanderson/status/1612105710342381568
Gabriela Alejndra,@Gabriela_B__R__,https://twitter.com/Gabriela_B__R__/status/1612659639598059522,2023-01-10T03:56:34.000Z,O que aconteceu no dia 08 de janeiro em Brasília foi uma arapuca!,0,0,1,https://twitter.com/DepSanderson/status/1612105710342381568
Maurício Henrique,@Mauricio4423435,https://twitter.com/Mauricio4423435/status/1612106994810343426,2023-01-08T15:20:33.000Z,Fechado com Bolsonaro e General Braga Neto Até o Fim! FFAA Neles! Chega de Roubalheira!🪖🪖🪖🇧🇷🇧🇷🇧🇷,0,0,2,https://twitter.com/DepSanderson/status/1612105710342381568
Gabriela Alejndra,@Gabriela_B__R__,https://twitter.com/Gabriela_B__R__/status/1612866298500845598,2023-01-10T17:37:45.000Z,Qual a providência a ser tomada em relação a este incidente violento?!!! Coronel do exército tentando impedir violência de policiais e sendo desrespeitado!,0,0,1,https://twitter.com/DepSanderson/status/1612105710342381568
Fátima Neves,@NevessFatima,https://twitter.com/NevessFatima/status/1612208038923976705,2023-01-08T22:02:04.000Z,"Prisão aos golpistas e a quem faz discurso de apoio a golpe! Quanta gente não tem moral para sustentar um mandato público em ambiente democrático, não é,  senhor?",1,0,1,https://twitter.com/DepSanderson/status/1612105710342381568
Mary Grace,@Marygracebrasil,https://twitter.com/Marygracebrasil/status/1612107470297612294,2023-01-08T15:22:27.000Z,"Os parlamentares, precisam ser contundentes com esse ministro, o convocando sempre, para ele prestar explicações e mandarem ele ler a Constituição. Ele é tudo que o STF queria...",0,0,2,https://twitter.com/DepSanderson/status/1612105710342381568
May Kuriyama,@MayKuriyama,https://twitter.com/MayKuriyama/status/1612135017408258050,2023-01-08T17:11:54.000Z,Exatamente!!! Não vi ele citar como vai combater bandidos.,1,0,0,https://twitter.com/DepSanderson/status/1612105710342381568
Luiz Thiago Butignolli,@drbutignolli,https://twitter.com/drbutignolli/status/1612129525713731584,2023-01-08T16:50:05.000Z,Está preocupado em comer trufa,0,2,2,https://twitter.com/DepSanderson/status/1612105710342381568
Mila Miranda,@MilaMir59694066,https://twitter.com/MilaMir59694066/status/1612249497320493057,2023-01-09T00:46:48.000Z,"Claro que não, ele é da tchurma",0,0,1,https://twitter.com/DepSanderson/status/1612105710342381568
tania valim,@tania_valim,https://twitter.com/tania_valim/status/1612269017661837312,2023-01-09T02:04:22.000Z,"Nem vai, o plano infelizmente é facilitar o narcotráfico e soltar os marginais! Nossa saga só começou!",0,0,1,https://twitter.com/DepSanderson/status/1612105710342381568
Wesley Ricardo,@WRSEventos,https://twitter.com/WRSEventos/status/1612125849808936983,2023-01-08T16:35:29.000Z,"A melhor forma do Flavio Dino contribuir com a justiça é, entrar dentro de uma cela da polícia, trancar e jogar chave fora. LUGAR DE BANDIDO É NA CADEIA.",0,1,6,https://twitter.com/DepSanderson/status/1612105710342381568
KMasi,@kleymasi,https://twitter.com/kleymasi/status/1612721814278479879,2023-01-10T08:03:38.000Z,Você calado é um poeta,0,0,0,https://twitter.com/DepSanderson/status/1612105710342381568
Alan,@Alan28191301,https://twitter.com/Alan28191301/status/1612163505502945281,2023-01-08T19:05:06.000Z,"Na sua entrevista na CNN o senhor disse que ""as manifestações"" eram democráticas. Eles estão quebrando tudo! O que o senhor fala agora?",1,0,9,https://twitter.com/DepSanderson/status/1612105710342381568
mara ramos,@mararam32097837,https://twitter.com/mararam32097837/status/1612544839601487872,2023-01-09T20:20:24.000Z,Todo poder emana da cabeça de ovo,0,0,0,https://twitter.com/DepSanderson/status/1612105710342381568
Carlinha,@CarlaCamillo4,https://twitter.com/CarlaCamillo4/status/1612109397366374400,2023-01-08T15:30:06.000Z,Como vai combater aquilo que faz parte!?,0,0,2,https://twitter.com/DepSanderson/status/1612105710342381568
Gerson Nogueira Filho,@GersonN86747710,https://twitter.com/GersonN86747710/status/1612113021706579968,2023-01-08T15:44:30.000Z,Exatamente isso que precisa ser cobrado.,0,0,1,https://twitter.com/DepSanderson/status/1612105710342381568
Contestador,@valter82815868,https://twitter.com/valter82815868/status/1612144805059903490,2023-01-08T17:50:48.000Z,"Já assistiu ""Infiltrados"" ... ele é o infiltrado do tráfico. Senão o chefe do PCC.",0,0,1,https://twitter.com/DepSanderson/status/1612105710342381568
JB,@Jones_be_good,https://twitter.com/Jones_be_good/status/1612117134116589571,2023-01-08T16:00:51.000Z,"Bom sr. Deputado! E o que o senhor esta fazendo a respeitp disso, além de divulgar o que o próprio divulgou em sua rede social. Nos diga também, quem vai apoiar para presidênte da câmara. Queremos saber!",0,1,1,https://twitter.com/DepSanderson/status/1612105710342381568
Célia,@celiamatta,https://twitter.com/celiamatta/status/1612108073828782080,2023-01-08T15:24:50.000Z,Deputado: cuidado! O fanfarrão está com a corda toda… 😂😂😂😂😂,0,0,1,https://twitter.com/DepSanderson/status/1612105710342381568
Marcello SLR,@marcellomslr,https://twitter.com/marcellomslr/status/1612593677196574721,2023-01-09T23:34:27.000Z,Bravo! Este homem precisa ser confrontado ou logo teremos uma Gestapo a nos aterrorizar!,0,0,0,https://twitter.com/DepSanderson/status/1612105710342381568
Filipe Miranda,@FilipeCeni,https://twitter.com/FilipeCeni/status/1612239844586971137,2023-01-09T00:08:27.000Z,Que Tweet que envelheceu mal.,0,0,3,https://twitter.com/DepSanderson/status/1612105710342381568
Ione Oliveira Costa,@ioneocosta,https://twitter.com/ioneocosta/status/1612150599616794626,2023-01-08T18:13:49.000Z,Ele não tem como combater seus iguais!,0,0,1,https://twitter.com/DepSanderson/status/1612105710342381568
Dayse Oliveira,@Dayseoliveira7,https://twitter.com/Dayseoliveira7/status/1612148158615924736,2023-01-08T18:04:07.000Z,Asqueroso! 🎯,0,0,0,https://twitter.com/DepSanderson/status/1612105710342381568
MIDIATIZE ,@midiatize,https://twitter.com/midiatize/status/1612285893456416769,2023-01-09T03:11:26.000Z,"Quem invadiu brasilia ontem então são traficantes, homicidas corruptos ?!?!?! Bom saber.",0,0,0,https://twitter.com/DepSanderson/status/1612105710342381568
Gério 65,@RogerioF1965,https://twitter.com/RogerioF1965/status/1612147017828139008,2023-01-08T17:59:35.000Z,São todos CPX......,0,0,0,https://twitter.com/DepSanderson/status/1612105710342381568
junior bahia,@leojuniorbahia,https://twitter.com/leojuniorbahia/status/1612118995393470466,2023-01-08T16:08:14.000Z,Apoia aí?,0,0,0,https://twitter.com/DepSanderson/status/1612105710342381568
Laura Fraxe Queiroz,@LauraQu08736243,https://twitter.com/LauraQu08736243/status/1612177772553666564,2023-01-08T20:01:48.000Z,"Muito Ego, muito metido, como diz o ditado ""quem nunca comeu melado quando come si lambuza"".",0,0,0,https://twitter.com/DepSanderson/status/1612105710342381568
Claudinei Pereira,@Claudin73208902,https://twitter.com/Claudin73208902/status/1612152726061809665,2023-01-08T18:22:16.000Z,Esses bandidos vão tudo pra cadeira em nome de Jesus 🇺🇸🇺🇸🇺🇸🇧🇷🇧🇷🇺🇸,0,0,0,https://twitter.com/DepSanderson/status/1612105710342381568
Cadumoraesbr,@cadumoraesbr,https://twitter.com/cadumoraesbr/status/1612137898932899844,2023-01-08T17:23:21.000Z,O último que ouvi falar nisso foi @SF_Moro e Bolsonaro demitiu,0,0,0,https://twitter.com/DepSanderson/status/1612105710342381568
JSANTOS B22,@1jsantos,https://twitter.com/1jsantos/status/1612146977331896322,2023-01-08T17:59:26.000Z,"Todos esses grupos só precisava de um ministro da justiça eficiente, você sabe disso.",0,0,0,https://twitter.com/DepSanderson/status/1612105710342381568
Andre Machado,@andremachado_rj,https://twitter.com/andremachado_rj/status/1612122368800948224,2023-01-08T16:21:39.000Z,"Cobrem isso dele no Congresso, o convoquem o mais rápido possível.",0,0,0,https://twitter.com/DepSanderson/status/1612105710342381568
Gerson Siqueira,@Gersiq22,https://twitter.com/Gersiq22/status/1612153284436844546,2023-01-08T18:24:30.000Z,E o fanfarrão que vc segue? Tem notícias dele??,0,0,0,https://twitter.com/DepSanderson/status/1612105710342381568
Emiliano Della Costa,@EmilianoHDCosta,https://twitter.com/EmilianoHDCosta/status/1612234470190645253,2023-01-08T23:47:06.000Z,#foradinoditador,0,0,1,https://twitter.com/DepSanderson/status/1612105710342381568
Darleth -,@DarlethMonteiro,https://twitter.com/DarlethMonteiro/status/1612111059770294275,2023-01-08T15:36:42.000Z,"E em Brasília, acho que os deputados deveriam dar uma atenção a isso.",0,0,3,https://twitter.com/DepSanderson/status/1612105710342381568
sandrazirp,@sandrazirp,https://twitter.com/sandrazirp/status/1612145854567309312,2023-01-08T17:54:58.000Z,Dinossauro 🦕 metido a Leão 🦁,0,0,0,https://twitter.com/DepSanderson/status/1612105710342381568
Agostinho Vioto,@ViotoAgostinho,https://twitter.com/ViotoAgostinho/status/1612172335746011136,2023-01-08T19:40:12.000Z,Cabe ao congre$$o cumprir suas obrigações constitucionais.,0,0,1,https://twitter.com/DepSanderson/status/1612105710342381568
Wr2020fla,@wr2020fla,https://twitter.com/wr2020fla/status/1612111753575542790,2023-01-08T15:39:28.000Z,E deputado @DepSanderson a que ponto chegamos no nosso país um comunista declarado hoje e ministro da justiça,0,0,1,https://twitter.com/DepSanderson/status/1612105710342381568
Edlâyne Carvalho,@CarvalhoEdlayne,https://twitter.com/CarvalhoEdlayne/status/1612134801527521280,2023-01-08T17:11:03.000Z,"Como vai combater a ele próprio e aos seus? Ah, sinceramente, postizinho de repúdio em rede social tem aos montes. Efetivamente os politicos estão só fazendo teatro.",0,0,0,https://twitter.com/DepSanderson/status/1612105710342381568
Sergio,@prsgs,https://twitter.com/prsgs/status/1612303356717944833,2023-01-09T04:20:50.000Z,"Ele quer acabar com o povo de bem, senhoras, senhores, crianças, cadeirantes são as pessoas que estão no QG. O povo lutará até a morte!",0,0,1,https://twitter.com/DepSanderson/status/1612105710342381568
POLACOOL,@Edisin77,https://twitter.com/Edisin77/status/1612286729813360640,2023-01-09T03:14:45.000Z,Dino Sauro: polícia da luladrao.,0,0,0,https://twitter.com/DepSanderson/status/1612105710342381568
Sol22,@carvalhedosol,https://twitter.com/carvalhedosol/status/1612105964315975681,2023-01-08T15:16:28.000Z,É lamentável @DepSanderson,0,0,1,https://twitter.com/DepSanderson/status/1612105710342381568
Hélio Medeiros (GACB),@Heliomsj,https://twitter.com/Heliomsj/status/1612155657548857344,2023-01-08T18:33:55.000Z,Quantos Pétains e DeGaulles temos?,0,0,0,https://twitter.com/DepSanderson/status/1612105710342381568
Paulo Avelino Oliveiira,@AvelinoOL_,https://twitter.com/AvelinoOL_/status/1612731663808868352,2023-01-10T08:42:46.000Z,"No Brasil é assim, leões com as TIA DO ZAP, e chuchuquinhas com os bandidos",0,0,0,https://twitter.com/DepSanderson/status/1612105710342381568
Paulo Avelino Oliveiira,@AvelinoOL_,https://twitter.com/AvelinoOL_/status/1612732281675726850,2023-01-10T08:45:13.000Z,Lula já estava próximo de receber impachment por suas atrapalhadas resolveu destruir BRASÍLIA e condenar inocentes por suas aberrações e autoritarismo,0,0,0,https://twitter.com/DepSanderson/status/1612105710342381568
BIBI Mascarenhas,@BibiMascarenhas,https://twitter.com/BibiMascarenhas/status/1612142251391569922,2023-01-08T17:40:39.000Z,"Então bora trabalhar contra esses despotas. Teve meu voto, portanto, solicito providências.",0,0,0,https://twitter.com/DepSanderson/status/1612105710342381568
junior bahia,@leojuniorbahia,https://twitter.com/leojuniorbahia/status/1612118935863984129,2023-01-08T16:08:00.000Z,Fanfarrão é tu! IDIOTA.,0,0,0,https://twitter.com/DepSanderson/status/1612105710342381568
LM (MANÉ COM ORGULHO),@lmmnaza2,https://twitter.com/lmmnaza2/status/1612224261887873024,2023-01-08T23:06:32.000Z,"Ele é comunista! Prega o ódio e a divisão de classes. Não quer o bem da população, somente encher o seu bolso de dinheiro e poder",0,0,1,https://twitter.com/DepSanderson/status/1612105710342381568
Erinaldo Barros,@ErinaldoBarros9,https://twitter.com/ErinaldoBarros9/status/1612120273196646400,2023-01-08T16:13:19.000Z,Convoque esse lixo pra esclarecer isso deputado federal...Bora fazer o q fizeram com Bolsonaro.,0,0,1,https://twitter.com/DepSanderson/status/1612105710342381568
Marcio e Nayara,@cacique_nayara,https://twitter.com/cacique_nayara/status/1612106845199425536,2023-01-08T15:19:58.000Z,"Você seu bosta golpista,  comedor do dinheiro público,  respeite a constituição e vá caçar o que fazer.",0,0,2,https://twitter.com/DepSanderson/status/1612105710342381568
Marcos Issa,@MarcosIssa,https://twitter.com/MarcosIssa/status/1612491399047385088,2023-01-09T16:48:02.000Z,"Cidadão não. Vagabundo, desordeiro e terrorista financiados por outros criminosos e apoiados por deputados bandidos",0,0,0,https://twitter.com/DepSanderson/status/1612105710342381568
Raquel Alves de souza,@RaquelA94206677,https://twitter.com/RaquelA94206677/status/1612975744568725504,2023-01-11T00:52:39.000Z,Esse maldito Alexandre e o ladrão e toda sua corja vão ter justiça pra eles .a justiça de Deus,0,0,0,https://twitter.com/DepSanderson/status/1612105710342381568
Jorge Luiz,@jorgegonzaga02,https://twitter.com/jorgegonzaga02/status/1615059270344577025,2023-01-16T18:51:51.000Z,"Não são cidadãos, são golpistas terroristas. Tu que não defende o Parlamento não deveria fazer parte dele. Falta de decora parlamentar.",0,0,0,https://twitter.com/DepSanderson/status/1612105710342381568
MIlton Janoski,@JanoskiMilton,https://twitter.com/JanoskiMilton/status/1612149115676250120,2023-01-08T18:07:56.000Z,"@FlavioDino  muda pra Cuba e aproveita de todos os benefícios do Comunismo.
Aqui é Brasil, país livre e democrático.",1,0,0,https://twitter.com/DepSanderson/status/1612105710342381568
Muniz,@Vieira26_94,https://twitter.com/Vieira26_94/status/1612160952366993410,2023-01-08T18:54:58.000Z,Cala a boca inútil,0,0,0,https://twitter.com/DepSanderson/status/1612105710342381568
Ricardo Ammirabile Vianna,@ravvianna,https://twitter.com/ravvianna/status/1612244441863159808,2023-01-09T00:26:43.000Z,"A prioridade da nação agora é acabar com todos fascistas co,andados por Bolsonaro , dos quais o senhor é um dos capachos , o RS não vai se curvar a gente como o senhor é outros golpistas , a democracia será preservada e vcs irão para prisão .",0,0,0,https://twitter.com/DepSanderson/status/1612105710342381568
Gis - O meu general é Cristo,@GisCilli,https://twitter.com/GisCilli/status/1612106723703111681,2023-01-08T15:19:29.000Z,"Por favor, nos represente com uma ação de destituicao do cargo desse infeliz. Ele é um comunista que tem objetivo de acabar literalmente com o povo.",0,0,0,https://twitter.com/DepSanderson/status/1612105710342381568
Assis,@assis2021brasil,https://twitter.com/assis2021brasil/status/1612176978085306373,2023-01-08T19:58:39.000Z,Você está do lado dos terroristas?,0,0,0,https://twitter.com/DepSanderson/status/1612105710342381568
o,@HellenWernz,https://twitter.com/HellenWernz/status/1612137170772578305,2023-01-08T17:20:28.000Z,"Pois é.. os crimes reais aumentando,assaltos... e estão preocupados com as manifestações,por quê será??",0,0,0,https://twitter.com/DepSanderson/status/1612105710342381568
O Jovem Ponderão,@RFLima87,https://twitter.com/RFLima87/status/1612111383575031808,2023-01-08T15:38:00.000Z,Saco de bosta ambulante....,0,0,0,https://twitter.com/DepSanderson/status/1612105710342381568
Carlos,@Carlos80819089,https://twitter.com/Carlos80819089/status/1612132154770612225,2023-01-08T17:00:32.000Z,"Escroque, espero q volte logo pro esgoto do Maranhão, onde nunca deveria ter saído.",0,0,0,https://twitter.com/DepSanderson/status/1612105710342381568
A PAPUDA TE ESPERA,@marcoguitapvh,https://twitter.com/marcoguitapvh/status/1612159707568898050,2023-01-08T18:50:01.000Z,Vc é só um fanfarrão,0,0,0,https://twitter.com/DepSanderson/status/1612105710342381568
bolsonarista patriota ,@SaraivaSony,https://twitter.com/SaraivaSony/status/1612161477581967366,2023-01-08T18:57:03.000Z,"Pse, esse vagabundo gordo só sabe falar merda, não ouve o que o povo quer falar, tem que se fuder mesmo",0,0,1,https://twitter.com/DepSanderson/status/1612105710342381568
Luis Carlos,@luis_poderes,https://twitter.com/luis_poderes/status/1612115531753979904,2023-01-08T15:54:29.000Z,Tamufu,0,0,0,https://twitter.com/DepSanderson/status/1612105710342381568
Z I C O ando pela sombra e pelo Sol,@pomblum,https://twitter.com/pomblum/status/1612173860920754176,2023-01-08T19:46:15.000Z,Vagabundos GOLPISTA,0,0,0,https://twitter.com/DepSanderson/status/1612105710342381568
Nathan Vitor,@NathanVitor_,https://twitter.com/NathanVitor_/status/1612128567487332352,2023-01-08T16:46:17.000Z,"Ninguém ouviu porque ele não vai combater os seus.

A propósito, deputado, comunista obeso, parecendo um sapão, só os da ""nomenklatura"". O pão com mortadela, lá de baixo, é magrinho..",0,0,1,https://twitter.com/DepSanderson/status/1612105710342381568
Hélio Pires e Albuquerque Jacques,@helio_jacques,https://twitter.com/helio_jacques/status/1612120859006894086,2023-01-08T16:15:39.000Z,E não sabe diferenciar espingarda de chumbinho de arma de fogo de grosso calibre!!!,0,0,0,https://twitter.com/DepSanderson/status/1612105710342381568
Paulo Henrique Gavioli,@PauloHe97265033,https://twitter.com/PauloHe97265033/status/1612227577766187008,2023-01-08T23:19:42.000Z,Ladrão do Maranhão,0,0,1,https://twitter.com/DepSanderson/status/1612105710342381568
Ignácio Mahfuz,@IgnacioMahfuz,https://twitter.com/IgnacioMahfuz/status/1612119014498615296,2023-01-08T16:08:19.000Z,LULADRÃO SEMPRE LULADRÃO SEMPRE BAN-DI-DO E SUA QUADRILHA!,0,0,0,https://twitter.com/DepSanderson/status/1612105710342381568
Abe_,@Abgf_Brasil,https://twitter.com/Abgf_Brasil/status/1612166376461926400,2023-01-08T19:16:31.000Z,Onde está a Direita? @marcelvanhattem  @lasiermartins @GeneralMourao @BolsonaroSP @nikolas_dm @GayerGus @EduGiraoOficial @Biakicis @Zambelli2210 @CarolDeToni @FlavioBolsonaro,0,0,0,https://twitter.com/DepSanderson/status/1612105710342381568
"Liberdade, volta?",@VoltaLiberdade,https://twitter.com/VoltaLiberdade/status/1612108509235011591,2023-01-08T15:26:34.000Z,"Já sabemos que eles são assim e vão continuar sendo. Temos que nos preocupar com o STF; é necessário arrancar a raiz da árvore que dá fruto ruim. Se não fosse o braço forte e mão amiga do STF, ele não estaria onde está.",0,0,4,https://twitter.com/DepSanderson/status/1612105710342381568
RaulyBlä,@RaulianL,https://twitter.com/RaulianL/status/1612636113214099458,2023-01-10T02:23:05.000Z,#CampoDeConcentraçãodoPT #MorteNoCampoDeConcetracaoDoPT,0,0,1,https://twitter.com/DepSanderson/status/1612105710342381568
El ZORRO,@ElZORRO32333230,https://twitter.com/ElZORRO32333230/status/1612170698474102785,2023-01-08T19:33:41.000Z,"A Única Coisa q o Sistema e Políticos Corruptos Tem Medo é d Mobilização d Povo nas Ruas,Lutando por Liberdade,Lutando Contra a Corrupçã,Roubalheira, Censura,Perseguição,Insegurança Jurídica,Lutar Contra o Lula Ladrão e sua Quadrilha,Nunca Foi e Nunca Será Atos Antidemocráticos.",0,0,0,https://twitter.com/DepSanderson/status/1612105710342381568
Awakening Giants Brazil,@AwakeGiants_BR,https://twitter.com/AwakeGiants_BR/status/1612172157055819777,2023-01-08T19:39:29.000Z,#SELVA #BrasilWasStolem #BrasilNasRuas,0,0,1,https://twitter.com/DepSanderson/status/1612105710342381568
Áxia,@az_axia,https://twitter.com/az_axia/status/1612110567736545280,2023-01-08T15:34:45.000Z,"Impeachment para Lex Luthor! Vamos derrubar o tirano ditador Lex imoral. Fraudou as eleições, está censurando e prendendo milhares cidadãos de bem. Botou bands para presidir pais! Vamos derrubar o líder dos Imorais! Manifestação para impeachment do Lex Imorales Luthor!",0,0,1,https://twitter.com/DepSanderson/status/1612105710342381568
Mara Valle,@maravalle2019,https://twitter.com/maravalle2019/status/1612538862525358095,2023-01-09T19:56:39.000Z,O  alvo   é   oposição   ao  ladrão   que  tomou  a  eleição. E  estão   levando   a  culpa  pela  bandidagem   que  quebrou   o  STF.,0,0,1,https://twitter.com/DepSanderson/status/1612105710342381568
Jair Colorado.,@MarciaTetzlaff,https://twitter.com/MarciaTetzlaff/status/1612107240147947520,2023-01-08T15:21:32.000Z,"Jair passou 4anos sofrendo, com a esquerda judicializando TUDO q o governo fazia.
Cadê a oposição, para judicializar até o ar q o ex-presidiário respira?
Não importa o resultado, é pra encher o saco mesmo. 
Deputado q ficar bancando jornalista e não trabalhar, vai ouvir E MUITO.",0,0,1,https://twitter.com/DepSanderson/status/1612105710342381568
