nome,usuario,idTweet,dataPublicacao,texto,replies,retweets,likes,tweetPai
Wesllens,@WA03421703,https://twitter.com/WA03421703/status/1613606152129871908,2023-01-12T18:37:40.000Z,Da parte de quem ocorreu os atentados? Fala aí p nos sabermos!,0,0,0,https://twitter.com/JuniorManoDep/status/1612244875495280642
Murilo Almeida,@Murilo_PAlmeida,https://twitter.com/Murilo_PAlmeida/status/1629176725136371714,2023-02-24T17:49:34.000Z,Hoje há quase 1000 pessoas presas. O país necessita que os verdadeiros vândalos sejam identificados. Não podemos aceitar punição sem investigação. Como cearense espero sua adesão à CPMI para investigar o que realmente aconteceu em 8/01/23 em Brasília.,0,0,0,https://twitter.com/JuniorManoDep/status/1612244875495280642
Goncalo Filho,@Goncalobflho,https://twitter.com/Goncalobflho/status/1612273408670322689,2023-01-09T02:21:49.000Z,"Há de se investigar quem promoveu o vandalismo principalmente depois de vários vídeos circulando com patriotas com palavras de ordem “não que ra, não quebra”",0,0,0,https://twitter.com/JuniorManoDep/status/1612244875495280642
Amelia Mariotto,@AmeliaMariotto,https://twitter.com/AmeliaMariotto/status/1628525825208250369,2023-02-22T22:43:07.000Z,Sr deputado acreditamos no discernimento para a justiça precisamos do seu apoio para assinar a CPMI do dia 08 de janeiro.,0,0,0,https://twitter.com/JuniorManoDep/status/1612244875495280642
Susana Santos,@lorenjohnson09,https://twitter.com/lorenjohnson09/status/1652368550772760578,2023-04-29T17:45:36.000Z,"DEPUTADO VOTE CONTRA A PL DA CENSURA, AJUDE O POVO BRASILEIRO, FAÇA VALER O VOTOS DOS SEUS ELEITORES E AO PARTIDO QUE REPRESENTA",0,0,0,https://twitter.com/JuniorManoDep/status/1612244875495280642
Iracema Araujo Ramos,@iracemaaraujor1,https://twitter.com/iracemaaraujor1/status/1628466785472184321,2023-02-22T18:48:31.000Z,Deputado...precisamos de sua assinatura na CPMI do dia 8. Para esclarecimento dos fatos e punir os verdadeiros culpados.Tem patriota inocente preso.,0,0,0,https://twitter.com/JuniorManoDep/status/1612244875495280642
