nome,usuario,idTweet,dataPublicacao,texto,replies,retweets,likes,tweetPai
Gilson Marques,@gilson__marques,https://twitter.com/gilson__marques/status/1612186669293109248,2023-01-08T20:37:09.000Z,"O resultado prático das invasões, entretanto, será o fortalecimento do estado e de Lula.

Os brasileiros que não querem ver nosso País nos descaminhos da esquerda precisam ter inteligência e estratégia.

Venceremos essa batalha com as armas da razão e da verdade, não com a força.",9,3,76,https://twitter.com/gilson__marques/status/1612186664796839939
Padre anticomunista,@padredoutor,https://twitter.com/padredoutor/status/1613532429792301057,2023-01-12T13:44:43.000Z,"Maioria pacífica!
Nítida presença de mercenários, pagos para quebrar tudo. Isso tem que ser mencionado sempre pois é a verdade!",0,0,0,https://twitter.com/gilson__marques/status/1612186664796839939
Bruno Ramos,@BrunoRa89337536,https://twitter.com/BrunoRa89337536/status/1612220328322764801,2023-01-08T22:50:54.000Z,"Violência desnecessária. Para tirar a Dilma não foi necessário invadir o STF. 
Manifestações pacíficas são justas. A partir deste momento perde parte da legitimidade",0,0,8,https://twitter.com/gilson__marques/status/1612186664796839939
Maria Lourdes Cavich,@Lourdes_cavi,https://twitter.com/Lourdes_cavi/status/1612194857652748288,2023-01-08T21:09:41.000Z,Democracia é isso. As vezes você perde. Temos que aceitar a derrota democraticamente,0,0,4,https://twitter.com/gilson__marques/status/1612186664796839939
fernanda favero,@fernandafavero4,https://twitter.com/fernandafavero4/status/1612667034185113600,2023-01-10T04:25:57.000Z,"O que o Sr tem feito em relação a censura e as ilegalidades do @alexandre ? Confiei meu voto ao Sr pela segunda vez, tbem nao concordo com violência, mas vejo o congresso acuado diante do STF!",0,0,1,https://twitter.com/gilson__marques/status/1612186664796839939
Eliezer Scholl,@eliezer_scholl,https://twitter.com/eliezer_scholl/status/1612253971334287366,2023-01-09T01:04:35.000Z,"Isso é tudo resultado de impunidade, falta de transparência do TSE que culminou na revolta do povo da direita. Se tinham infiltrados, não sabemos.",0,0,1,https://twitter.com/gilson__marques/status/1612186664796839939
Julio Cesar Schvambach,@CesarSchvambach,https://twitter.com/CesarSchvambach/status/1612508074861887488,2023-01-09T17:54:18.000Z,"Voce envergonha os catarinenses, deputado! A solução para governo ruim ou antipatia pelo presidente nunca foi golpe. Quem quer se opor ao Lula que procure os parlamentares eleitos e faça a oposição dentro dos limites democráticos. E espere 2026 pra tirar Lula nas urnas!",0,0,0,https://twitter.com/gilson__marques/status/1612186664796839939
OCTA BR & TRI Libertadores,@fabioandradebat,https://twitter.com/fabioandradebat/status/1612274151171186690,2023-01-09T02:24:46.000Z,Passa pano msm.,0,0,0,https://twitter.com/gilson__marques/status/1612186664796839939
ℌeloísa (❁´◡`❁),@Becker2Heloisa,https://twitter.com/Becker2Heloisa/status/1612249414243942400,2023-01-09T00:46:29.000Z,"Sabe aquele Pacotão da Democracia, deputado? Aquele mesmo, agora ele vem com força.",0,0,0,https://twitter.com/gilson__marques/status/1612186664796839939
Biólogo na Luta,@biologonaluta,https://twitter.com/biologonaluta/status/1613690607272361984,2023-01-13T00:13:16.000Z,Não consegue nem disfarçar né deputado?https://theintercept.com/2023/01/12/deputados-federais-que-defenderam-terrorismo-em-brasilia/…,0,0,2,https://twitter.com/gilson__marques/status/1612186664796839939
Kiki,@Kiki26606750,https://twitter.com/Kiki26606750/status/1612397345429225473,2023-01-09T10:34:18.000Z,"Parou na pág 1, foi?",0,0,4,https://twitter.com/gilson__marques/status/1612186664796839939
Icaro Joel,@Dr4g0nSmall,https://twitter.com/Dr4g0nSmall/status/1612186909215756290,2023-01-08T20:38:06.000Z,"A real é quem manda é o detentor das armas, simples.",0,0,0,https://twitter.com/gilson__marques/status/1612186664796839939
Jess,@JessGaspar91,https://twitter.com/JessGaspar91/status/1612207721239007234,2023-01-08T22:00:48.000Z,"Fácil vocês apoiarem os que provocaram esse ato terrorista e agora quer pagar de ""eles estão errados"".

Vocês erraram primeiro apoiando o Bolsonarismo. Vale uma auto crítica também né Gilson?",0,0,4,https://twitter.com/gilson__marques/status/1612186664796839939
liberdade,@Alebaferreira,https://twitter.com/Alebaferreira/status/1612222486195703809,2023-01-08T22:59:29.000Z,"Sinceramente deputado... isso demorou pra acontecer... A responsabilidade  disso também é dos ""políticos"" ""bons"" que se CALARAM diante do clamor do povo... diante da ditadura do Xandão... dá corrupção do Molusculo e seus aliados.... enfim.. LAMENTÁVEL",0,0,1,https://twitter.com/gilson__marques/status/1612186664796839939
Gabriel |,@gabrielmsampaio,https://twitter.com/gabrielmsampaio/status/1612390327922352128,2023-01-09T10:06:25.000Z,"Quem justifica esses atos ilegais é violentos, sob um pretenso sentimento de descontentamento com as eleições, passa pano e é conivente com o crime e com o golpismo. Quem está descontente com o governo eleito deve simplesmente cumprir seu dever de aguardar as próximas eleições.",0,0,6,https://twitter.com/gilson__marques/status/1612186664796839939
xhdjdbsjks,@xhdjdbsjks,https://twitter.com/xhdjdbsjks/status/1612187204238950406,2023-01-08T20:39:17.000Z,"Opinião respeitável, coisa rara",0,0,1,https://twitter.com/gilson__marques/status/1612186664796839939
Jefferson Corrêa,@jeffjjcorrea,https://twitter.com/jeffjjcorrea/status/1612220432916119552,2023-01-08T22:51:19.000Z,Esse desgoverno tem que ser combatido pelas vias legais. Contamos com você pra isso. Pra cima deles no parlamento!,0,0,1,https://twitter.com/gilson__marques/status/1612186664796839939
Carcamano75,@Carcamano75,https://twitter.com/Carcamano75/status/1612188265439952902,2023-01-08T20:43:30.000Z,Aceita a derrota e respeita a democracia! Isso não tem nada a ver com Lula. Tem a ver com os terroristas que vcs protegem. Tenha um pouco de decência.,0,0,1,https://twitter.com/gilson__marques/status/1612186664796839939
Rodrigo,@Rosbaud,https://twitter.com/Rosbaud/status/1612287425992327170,2023-01-09T03:17:31.000Z,Eu fico descontente com diversas coisas diariamente. Nem por isso me sinto no direito de invadir e destruir lugares e coisas que não são minhas. Esses aí são terroristas. Na minha cabeça são pessoas que precisam ser enjauladas e tratadas como lixo.,0,0,1,https://twitter.com/gilson__marques/status/1612186664796839939
Devassa_Letal,@Devassa_letal,https://twitter.com/Devassa_letal/status/1612188033721270272,2023-01-08T20:42:34.000Z,Por isso que a esquerda tomou conta. Acham que mimimi vai resolver algo.,0,0,0,https://twitter.com/gilson__marques/status/1612186664796839939
Fernando Macedo,@fmacedocosta30,https://twitter.com/fmacedocosta30/status/1612186913116672005,2023-01-08T20:38:07.000Z,Bla bla bla! Vergonha de você!,0,0,1,https://twitter.com/gilson__marques/status/1612186664796839939
Lau,@LaaauM,https://twitter.com/LaaauM/status/1612202482318417923,2023-01-08T21:39:59.000Z,Te fodeeeee,0,0,0,https://twitter.com/gilson__marques/status/1612186664796839939
Antoninho Bachi,@Toninhobachi,https://twitter.com/Toninhobachi/status/1612224279273168901,2023-01-08T23:06:36.000Z,Vcs foram cúmplices e ajudaram a enterrar o partido que eu fui filiado por 5 anos e paguei as mensalidades.,0,0,1,https://twitter.com/gilson__marques/status/1612186664796839939
