nome,usuario,idTweet,dataPublicacao,texto,replies,retweets,likes,tweetPai
Eliza Marinho,@ElizaMarinho5,https://twitter.com/ElizaMarinho5/status/1612953882803535872,2023-01-10T23:25:47.000Z,E quem mandou a mãe levar?? Já iniciando a criança em atos de vandalismo?? Não tenho pena não.,0,0,3,https://twitter.com/Alfredogaspar_/status/1612910569321037824
junior,@_jrzzz,https://twitter.com/_jrzzz/status/1614453962991616000,2023-01-15T02:46:34.000Z,"“se isso for verdade” ora se vc não tem certeza pra que está compartilhando? 

infelizmente alagoas não se tocou que eleger pessoas como vc que se dizem anti-sistema e que negam a política é plantar a semente do fascismo",0,0,0,https://twitter.com/Alfredogaspar_/status/1612910569321037824
Wellington Soares Lucena,@Wellington_41,https://twitter.com/Wellington_41/status/1612912784920174592,2023-01-10T20:42:29.000Z,"""Se isso for verdade"", Deputado? E se isso for mentira? Afinal, de mentiras o grupo de baderneiros entende bem.",1,0,1,https://twitter.com/Alfredogaspar_/status/1612910569321037824
Marcio José,@MarcioJ88216273,https://twitter.com/MarcioJ88216273/status/1612911473898196993,2023-01-10T20:37:16.000Z,Caro @Alfredogaspar_  no Brasil de Alexandre de Moraes pode tudo que ele quiser.,0,0,0,https://twitter.com/Alfredogaspar_/status/1612910569321037824
