nome,usuario,idTweet,dataPublicacao,texto,replies,retweets,likes,tweetPai
Rubens Bonfim 22,@BONFIMRUBENS,https://twitter.com/BONFIMRUBENS/status/1652459455253041152,2023-04-29T23:46:50.000Z,Fortaleça a democracia rejeitando o PL da Censura,0,0,1,https://twitter.com/depaguinaldo11/status/1612239138526306305
Miguel Arcanjo 2,@2_arcanjo,https://twitter.com/2_arcanjo/status/1650839090411995142,2023-04-25T12:28:04.000Z,Não a censura não a PL da censura,0,0,1,https://twitter.com/depaguinaldo11/status/1612239138526306305
Rê Diniz .Adv,@dinizacessorios,https://twitter.com/dinizacessorios/status/1627820315819532289,2023-02-20T23:59:41.000Z,"O Brasil e nós Paraibanos também queremos a verdade estabelecida, do 08/01, iremos contar com sua assinatura?",0,0,2,https://twitter.com/depaguinaldo11/status/1612239138526306305
Alex Rocha Opressão Nacionalista e Monarquista,@opressao_n,https://twitter.com/opressao_n/status/1650990626538700805,2023-04-25T22:30:13.000Z,"O senhor quer que a verdade prevaleça e os culpados sejam punidos, assine a CPMI do dia 8!
Quer que a verdadeira liberdade  prevaleça, sugiro que reveja o seu voto a PL2630, vote não a essa PL!",0,0,1,https://twitter.com/depaguinaldo11/status/1612239138526306305
melhorjair2100,@melhorjair2026j,https://twitter.com/melhorjair2026j/status/1650806208855433223,2023-04-25T10:17:25.000Z,#PLdaCensuraNao talkey?,0,0,2,https://twitter.com/depaguinaldo11/status/1612239138526306305
Sirlene Almeida,@Sirlene_89,https://twitter.com/Sirlene_89/status/1648294855599087616,2023-04-18T11:58:12.000Z,"Concordo, concordo Deputado Aguinaldo! Que seja punido dentro da lei os culpados e omissos. Seja justo na assinatura da #CPMI08DEJANEIROJÁ! Que trará melhor esclarecimento sobre o ocorrido. Milhões de pessoas agradece se você assinar.
Não se manche com esse desgoverno.",0,0,1,https://twitter.com/depaguinaldo11/status/1612239138526306305
Fernando Matzner,@FernandoMatzner,https://twitter.com/FernandoMatzner/status/1651003920699781120,2023-04-25T23:23:03.000Z,"Hoje , ainda pode mostrar a rotina da câmara. Amanhã talvez não poderá. #plfakenews nunca mais, como está . Abaixo a censura.",0,0,0,https://twitter.com/depaguinaldo11/status/1612239138526306305
Kaio,@KaioCBR,https://twitter.com/KaioCBR/status/1612815986734018561,2023-01-10T14:17:50.000Z,"Repúdio aos ataques e atenção às questões que deixaram metade do povo brasileiro tão descontente e culminou nesse ponto, meu deputado.",0,0,1,https://twitter.com/depaguinaldo11/status/1612239138526306305
Rekam Soah'c,@s_ychaos,https://twitter.com/s_ychaos/status/1651964729416351750,2023-04-28T15:00:58.000Z,PL da Censura NÃOOOOOOOO,0,0,0,https://twitter.com/depaguinaldo11/status/1612239138526306305
Viviane Bueno,@Vivianeb04,https://twitter.com/Vivianeb04/status/1629276936089288704,2023-02-25T00:27:46.000Z,"Deputado, precisamos de sua assinatura para a cpmi que levantará os verdadeiros feitores e responsáveis por esses atos de vandalismo",0,0,1,https://twitter.com/depaguinaldo11/status/1612239138526306305
Abelha,@abelhazzZzzZz,https://twitter.com/abelhazzZzzZz/status/1650862478136598529,2023-04-25T14:01:00.000Z,Não queremos censura no Brasil!!! Vejam quem é que está apoiando isso! Partidos que defendem ditaduras!!!! #PLdaCensuraNão !,0,0,0,https://twitter.com/depaguinaldo11/status/1612239138526306305
Emerson,@CorinthianismoR,https://twitter.com/CorinthianismoR/status/1652871563006427136,2023-05-01T03:04:24.000Z,"Deputado, vote não a #PL2630Nao",0,0,0,https://twitter.com/depaguinaldo11/status/1612239138526306305
Isilda Collengue,@ICollengue,https://twitter.com/ICollengue/status/1651356676564348928,2023-04-26T22:44:47.000Z,"O Sr. fala em Liberdade, votando Sim ao PL DA CENSURA? do CALA A BOCA? Devemos viver a mercê do que um governo quer que saibamos ou não? Hoje ele atingirá religiosos, políticos, parlamentares, população, amanhã,  Vossa Excelência poderá precisar usar redes sociais e não poderá!",0,0,0,https://twitter.com/depaguinaldo11/status/1612239138526306305
Tatiane Santos,@tatianps01,https://twitter.com/tatianps01/status/1651183002465062913,2023-04-26T11:14:39.000Z,Votou a favor da censura??? Lamentável! Como pode ser contra nossa liberdade ? Estamos de olho! #PLdaCensuraNao,0,0,0,https://twitter.com/depaguinaldo11/status/1612239138526306305
Sirlene Almeida,@Sirlene_89,https://twitter.com/Sirlene_89/status/1646303436277727232,2023-04-13T00:05:00.000Z,"Concordo Deputado!! Atenção pra não se manchar com esse desgoverno!! E seja justo com a assinatura da #CPMI08DEJANEIROJÁ, a população quer transparência e melhor esclarecimento sobre o ocorrido. É dever dos parlamentares fazer uma CPI doa a quem doer.",0,0,1,https://twitter.com/depaguinaldo11/status/1612239138526306305
Marcelo Eliseu,@marceloeliseu,https://twitter.com/marceloeliseu/status/1651381477353947137,2023-04-27T00:23:20.000Z,Censura nunca mais #PL2630Nao mude seu voto Sr deputado. Ficarei feliz em votar e recomendar em quem defende liberdade de expressão.,0,0,0,https://twitter.com/depaguinaldo11/status/1612239138526306305
valdirene pisk,@PiskValdirene,https://twitter.com/PiskValdirene/status/1651027254317666307,2023-04-26T00:55:46.000Z,"Não ao PL da censura, não a ditadura, querem nos calar, isso não é democracia, existem leis para punir fake news, não precisa calar o povo por interesse político.",0,0,0,https://twitter.com/depaguinaldo11/status/1612239138526306305
Eriton,@eritonb,https://twitter.com/eritonb/status/1652429967140036611,2023-04-29T21:49:39.000Z,NOBRE DEPUTADO. HONRE OS MILHARES DE VOTOS DO POVO QUE CONFIOU A VOCÊ UM MANDATO DE 4 ANOS. VOTE NÃO A PL 2630/2020. NÃO DEIXE QUE TIREM NOSSA LIBERDADE DE EXPRESSÃO. #CENSURANÃO.,0,0,0,https://twitter.com/depaguinaldo11/status/1612239138526306305
Luisa Marques,@marquesluissa,https://twitter.com/marquesluissa/status/1653275600692428800,2023-05-02T05:49:54.000Z,Deputado Aguinaldo contamos com você para aprovação da PL2630. Vote SIM para a provação da PL das Fake News. Contamos com você! #PL2630SIM,0,0,0,https://twitter.com/depaguinaldo11/status/1612239138526306305
Menino do MEP,@bob73115463,https://twitter.com/bob73115463/status/1653853063965454336,2023-05-03T20:04:32.000Z,"O DITADOR ADOLF HITLER E O FASCISTA MUSSOLINI CENSURARAM OS MEIOS DE COMUNICAÇÃO, ASSIM COMO O GOVERNO MOOLA TENTA FAZER NO BRASIL. 
DIGA NÃO A #PL2630NAO #PL2630NAO",0,0,0,https://twitter.com/depaguinaldo11/status/1612239138526306305
