nome,usuario,idTweet,dataPublicacao,texto,replies,retweets,likes,tweetPai
RafaeldosSantos,@ORafadosSantos,https://twitter.com/ORafadosSantos/status/1612173006637236228,2023-01-08T19:42:52.000Z,Diz o namorado de Fátima Bernardes 😴,0,0,4,https://twitter.com/tuliogadelha/status/1612164644654694406
Dirceu O Historiador,@DirceuDiasdaSi6,https://twitter.com/DirceuDiasdaSi6/status/1612208317019090944,2023-01-08T22:03:10.000Z,Tem que convocar ele para se explicar se mentir tem que sair algemado!,0,0,0,https://twitter.com/tuliogadelha/status/1612164644654694406
Fernanda Pessoa,@fernandadpessoa,https://twitter.com/fernandadpessoa/status/1612165352783491073,2023-01-08T19:12:27.000Z,Não podem ficar impunes!,0,0,2,https://twitter.com/tuliogadelha/status/1612164644654694406
raquel nasc santos,@raquelnasa,https://twitter.com/raquelnasa/status/1612171319260454919,2023-01-08T19:36:09.000Z,"Programado pelas Redes Sociais, mas o @IbaneisOficial  e Múcio @JusticaGovBR , nada fizeram para inibir ação.
São golpistas, precisam de punição judicial",0,0,0,https://twitter.com/tuliogadelha/status/1612164644654694406
Zenedir,@Ze62697108,https://twitter.com/Ze62697108/status/1612166327984353285,2023-01-08T19:16:19.000Z,Sem ação Nao há o que punir.,0,0,0,https://twitter.com/tuliogadelha/status/1612164644654694406
Sergio O.F.,@FilhoOlsen,https://twitter.com/FilhoOlsen/status/1612169056836063235,2023-01-08T19:27:10.000Z,"Ou seja, td foi facilitado pelas autoridades.",0,0,0,https://twitter.com/tuliogadelha/status/1612164644654694406
Infinitamente Humana e Menina....,@parafusada,https://twitter.com/parafusada/status/1612193415386783750,2023-01-08T21:03:57.000Z,"Vê o que tua governadora tá falando, Túlio!",0,0,0,https://twitter.com/tuliogadelha/status/1612164644654694406
Lincoln Marques,@Lincoln75345981,https://twitter.com/Lincoln75345981/status/1612188158686371842,2023-01-08T20:43:04.000Z,Fora lula fora todos vcs,0,0,1,https://twitter.com/tuliogadelha/status/1612164644654694406
Arnaldo FRANCO,@Arnaldo96251489,https://twitter.com/Arnaldo96251489/status/1612174442418900992,2023-01-08T19:48:34.000Z,#LulaGenocida#ptmilicia#LulaMilicianoMiliciaPetista,0,0,0,https://twitter.com/tuliogadelha/status/1612164644654694406
Erikinha,@nerica720,https://twitter.com/nerica720/status/1612225628413251584,2023-01-08T23:11:58.000Z,Tem que punir e fazer arcar com o prejuízo,0,0,0,https://twitter.com/tuliogadelha/status/1612164644654694406
Charlley,@charlley,https://twitter.com/charlley/status/1612173513418309635,2023-01-08T19:44:52.000Z,Intervenção FEDERAL já,0,0,0,https://twitter.com/tuliogadelha/status/1612164644654694406
Andréa Sant Ana,@AndraSa80391941,https://twitter.com/AndraSa80391941/status/1612168495625650176,2023-01-08T19:24:56.000Z,Fascistas terroristas NÃO PASSARÃO!,0,0,0,https://twitter.com/tuliogadelha/status/1612164644654694406
Victor Ferreira,@VictorF46960011,https://twitter.com/VictorF46960011/status/1612179888911310856,2023-01-08T20:10:13.000Z,Discurso bonito. Quero ver ação! Tu fala isso já faz 2 anos.,0,0,0,https://twitter.com/tuliogadelha/status/1612164644654694406
Fernanda Braga,@fezinhabraga,https://twitter.com/fezinhabraga/status/1612166779681251330,2023-01-08T19:18:07.000Z,"Não era pra ter deixado acontecer, né? Papelão",0,0,0,https://twitter.com/tuliogadelha/status/1612164644654694406
FatimaGasperazzo,@FatimaGasperaz1,https://twitter.com/FatimaGasperaz1/status/1612426426451476481,2023-01-09T12:29:52.000Z,Prender todos,0,0,0,https://twitter.com/tuliogadelha/status/1612164644654694406
Luci@,Luci@,https://twitter.com/Lucyvanyy/status/1612165437466238976,2023-01-08T19:12:47.000Z,"Desculpa mas eles estão há 60 dias anunciando que fariam isso e simplesmente não tem nenhum policiamento 
Kd a polícia pra conter essa invasão?????
Kd as bombas de efeito moral, as prisões,  põe na joven Pan que lá falam abertamente em apoio aos manifestantes",0,0,3,https://twitter.com/tuliogadelha/status/1612164644654694406
Elisa Estronioli,@ElisaMergulhao,https://twitter.com/ElisaMergulhao/status/1612169353218379777,2023-01-08T19:28:21.000Z,Que aliás coincidentemente está nos EUA,0,0,0,https://twitter.com/tuliogadelha/status/1612164644654694406
Alex Cardozo,@AlexCardozo2010,https://twitter.com/AlexCardozo2010/status/1612246005449195520,2023-01-09T00:32:56.000Z,"Túlio, por favor, lute, lute, lute. Não deixe tudo isso passar sem criminalizar os golpistas! Estamos contigo!",0,0,0,https://twitter.com/tuliogadelha/status/1612164644654694406
vlad,@vlaalexei,https://twitter.com/vlaalexei/status/1612175217568223233,2023-01-08T19:51:39.000Z,FICARÃO IMPUNES SIM PORQUE VCS FALAM MUITO E NÃO AGEM. SÃO CONIVENTES OU COVARDES. PASSOU E MUITO DO RAZOÁVEL.,0,0,0,https://twitter.com/tuliogadelha/status/1612164644654694406
Rafa,@RafaMaDantas,https://twitter.com/RafaMaDantas/status/1612183582616821767,2023-01-08T20:24:53.000Z,E a candidata bolsonarista que vc ajudou a eleger pro Governo de Pernambuco? Vai se defender como?,0,0,1,https://twitter.com/tuliogadelha/status/1612164644654694406
SEM ANISTIA,@__AcordaBrasil_,https://twitter.com/__AcordaBrasil_/status/1612172127511384064,2023-01-08T19:39:22.000Z,ANDERSON TORRES precisa ser RESPONSABILIZADO EXEMPLARMENTE!!!,0,0,0,https://twitter.com/tuliogadelha/status/1612164644654694406
Cris Mota Takata,@crismotatakata,https://twitter.com/crismotatakata/status/1612213422166360064,2023-01-08T22:23:27.000Z,#SEMANISTIA para golpistas fascistas terroristas bolsonaristas!,0,0,0,https://twitter.com/tuliogadelha/status/1612164644654694406
Bento Silva,@kranktron,https://twitter.com/kranktron/status/1612165534803533827,2023-01-08T19:13:10.000Z,Tudo isso estava anunciado. Ninguém fez nada!,0,0,2,https://twitter.com/tuliogadelha/status/1612164644654694406
Elimara Cardoso,@ElimaraCardoso,https://twitter.com/ElimaraCardoso/status/1612233629589016576,2023-01-08T23:43:45.000Z,Impeachment do Ibaneis,0,0,0,https://twitter.com/tuliogadelha/status/1612164644654694406
,@archivv3,https://twitter.com/archivv3/status/1612166155711512576,2023-01-08T19:15:38.000Z,"Ele tem que ser impedido de ter esse cargo e preso, urgente deputado.",0,0,0,https://twitter.com/tuliogadelha/status/1612164644654694406
Maria Ribeiro,@MariaRibezerra,https://twitter.com/MariaRibezerra/status/1612254095997534210,2023-01-09T01:05:05.000Z,Sabe quem não foi contra isso tudo desde o começo? Tua governadora Raquel Lyra!,0,0,0,https://twitter.com/tuliogadelha/status/1612164644654694406
Moabe Giudice,@Moabegiudice,https://twitter.com/Moabegiudice/status/1612169144367185920,2023-01-08T19:27:31.000Z,A gente tem ouvido esse discurso de que não ficarão impunes há meses e eles continuam aí destruindo tudo,0,0,1,https://twitter.com/tuliogadelha/status/1612164644654694406
Vaninha,@SraFreitasM,https://twitter.com/SraFreitasM/status/1612164904596770817,2023-01-08T19:10:40.000Z,"Cadê a polícia,se fossem professores já estavam presos. Criminosos!",1,0,0,https://twitter.com/tuliogadelha/status/1612164644654694406
Nunca foi sorte,@bazaratorn,https://twitter.com/bazaratorn/status/1612179471842377729,2023-01-08T20:08:33.000Z,Cadeia,0,0,0,https://twitter.com/tuliogadelha/status/1612164644654694406
Douglas Teodosio,@dteodosio,https://twitter.com/dteodosio/status/1612166690724265984,2023-01-08T19:17:46.000Z,"Desculpe deputado, já estão impunes. Estamos demorando muito pra tomar atitudes. Notas de repúdio não resolvem!",0,0,1,https://twitter.com/tuliogadelha/status/1612164644654694406
Anaceci Oliveira,@AnaceciOliveira,https://twitter.com/AnaceciOliveira/status/1612181148293107712,2023-01-08T20:15:13.000Z,Prender os ônibus para identificar os invasores.,0,0,0,https://twitter.com/tuliogadelha/status/1612164644654694406
Lidia16,@Lidia168,https://twitter.com/Lidia168/status/1612182584498294785,2023-01-08T20:20:55.000Z,"O Tulio eu tô tão chateada pq Quem eu venero que é http://Lula.No meu ver é culpado por isso. Kd seu ministro? Não presta, exonera",0,0,0,https://twitter.com/tuliogadelha/status/1612164644654694406
Joyce@,Joyce@,https://twitter.com/Joyce45615565/status/1612176953653460994,2023-01-08T19:58:33.000Z,FORA JOSÉ MUCIO,0,0,0,https://twitter.com/tuliogadelha/status/1612164644654694406
Hassimad Raslan,@HassimadR,https://twitter.com/HassimadR/status/1612169165867040768,2023-01-08T19:27:36.000Z,": (
CRIMINOSOS!   TERRORISTAS!#Terroristas #terroristas #terrorismo #IntervencaoNoGDFJa!",0,0,0,https://twitter.com/tuliogadelha/status/1612164644654694406
Andre Souza Alves,@andre_alve1,https://twitter.com/andre_alve1/status/1612167602012553216,2023-01-08T19:21:23.000Z,"O Múcio esteve hoje de manhã no acampamento dos terroristas.E aí,precisa falar alguma coisa mais?",0,0,1,https://twitter.com/tuliogadelha/status/1612164644654694406
ICristina Braz,@IsabelC53549662,https://twitter.com/IsabelC53549662/status/1612167816777723904,2023-01-08T19:22:14.000Z,"Incompetência pura do DF, pq sabiam que isto ia acontecer, aliás todos nós sabiam. Vergonha.  Estão depredando patrimônio público.",0,0,0,https://twitter.com/tuliogadelha/status/1612164644654694406
João,@Joo81455256,https://twitter.com/Joo81455256/status/1612187411320012804,2023-01-08T20:40:06.000Z,Banânia sendo Banânia,0,0,0,https://twitter.com/tuliogadelha/status/1612164644654694406
MiltonJunq,@mil_jus,https://twitter.com/mil_jus/status/1612166369205706760,2023-01-08T19:16:29.000Z,"Tem que responsabilizar e cobrar a destruição deles...chega de usar dinheiro público, eles tem que pagar pelo prejuízo.",0,0,1,https://twitter.com/tuliogadelha/status/1612164644654694406
Central Xandão,@centralxandao,https://twitter.com/centralxandao/status/1612169651919912960,2023-01-08T19:29:32.000Z,Agora o CARA QUE PEDI PARA MINHA FAMILIA votar aparece.  Passou a semana caladinho sobre as exonerações da Raquel né ? Palhaço.,0,0,0,https://twitter.com/tuliogadelha/status/1612164644654694406
Ida Maria Foschiani,@IdaFoschiani,https://twitter.com/IdaFoschiani/status/1612173334661271553,2023-01-08T19:44:10.000Z,#LULAPRESIDENTEDOBRASIL,0,0,0,https://twitter.com/tuliogadelha/status/1612164644654694406
Franci L,@hlicnarf,https://twitter.com/hlicnarf/status/1612169223215669250,2023-01-08T19:27:50.000Z,Há meses estão impunes e não vemos nada que garanta que daqui pra frente acabará a impunidade desses terroristas.,0,0,1,https://twitter.com/tuliogadelha/status/1612164644654694406
flavio mariano,@fmarianoc,https://twitter.com/fmarianoc/status/1612283249698430977,2023-01-09T03:00:56.000Z,#PrenderIbaneisHoje,0,0,0,https://twitter.com/tuliogadelha/status/1612164644654694406
Io Beltrão,@Iobel,https://twitter.com/Iobel/status/1612173629457842177,2023-01-08T19:45:20.000Z,Cadê a polícia?,0,0,0,https://twitter.com/tuliogadelha/status/1612164644654694406
Marilise Fronza,@MariliseFronza,https://twitter.com/MariliseFronza/status/1612199957120909313,2023-01-08T21:29:57.000Z,Criminosos  que  não  podem ficar  impune.,0,0,0,https://twitter.com/tuliogadelha/status/1612164644654694406
Rosângela Atanásio,@roatanasio,https://twitter.com/roatanasio/status/1612181135437570050,2023-01-08T20:15:10.000Z,"E as forças armadas?
Não podem agir?
Cercar tudo?",0,0,0,https://twitter.com/tuliogadelha/status/1612164644654694406
Edmar,@Edmarvitoria,https://twitter.com/Edmarvitoria/status/1612184512372293632,2023-01-08T20:28:35.000Z,"TODO PODER EMANA DO POVO, FORA MINISTRO FACISTA DA JUSTIÇA, ELEIÇÕES LIMPAS E DENOCRATICAS JÁ!",0,0,0,https://twitter.com/tuliogadelha/status/1612164644654694406
Patriciaᶜʳᶠ( de ),@PatyVieiraC,https://twitter.com/PatyVieiraC/status/1612171927795412995,2023-01-08T19:38:34.000Z,Se fossem professores invadindo o pau já tinha quebrado em cima deles.,0,0,0,https://twitter.com/tuliogadelha/status/1612164644654694406
AndrezzaCosta79,@AndrezzaCosta79,https://twitter.com/AndrezzaCosta79/status/1612169028381933571,2023-01-08T19:27:03.000Z,"Invasão terroristas, @tuliogadelha 
Temos que começar a tratar bandidos como bandidos",0,0,0,https://twitter.com/tuliogadelha/status/1612164644654694406
Robenilson Rocha Alves,@RobenilsonRocha,https://twitter.com/RobenilsonRocha/status/1612203465559744512,2023-01-08T21:43:54.000Z,"Namorado da Fátima Bernardes.
Pede a prisão do ladrão.",0,0,0,https://twitter.com/tuliogadelha/status/1612164644654694406
FlumiLULA,@pablomarques_,https://twitter.com/pablomarques_/status/1612166888536305664,2023-01-08T19:18:33.000Z,Tem que ir pra cima deles com toda força e ódio. A impunidade fará que com que cenas assim se repitam. Tratamento correto para terroristas.,0,0,0,https://twitter.com/tuliogadelha/status/1612164644654694406
Lipa ⚘,@LiPaulaSiRo,https://twitter.com/LiPaulaSiRo/status/1612203993861693441,2023-01-08T21:46:00.000Z,"Terroristas bolsonaristas.
Golpistas.
Fora da lei.
Delinquentes.
Vândalos.
Arruaceiros.",0,0,0,https://twitter.com/tuliogadelha/status/1612164644654694406
Gbb,@GiovanniBrS12,https://twitter.com/GiovanniBrS12/status/1613346158709190656,2023-01-12T01:24:33.000Z,Ele estava nos EUA de férias. A responsabilidade não era dele. Já o Dino estava bem ligado nos acontecimentos. #DinoPrevaricou,0,0,0,https://twitter.com/tuliogadelha/status/1612164644654694406
FSRLessa,@FsrLessa,https://twitter.com/FsrLessa/status/1612203977881305089,2023-01-08T21:45:56.000Z,😏No #PaísDaImpunidade alguém da esquerda pedindo punição a criminosos... 🙄Quem dera pedissem punição a criminosos décadas ANTES. Os doidinhos d hoje ñ teriam coragem d atacar.😉#AbaixoADemagogia #AbaixoOPopulismo #EsquerdaSegueEsquerda,0,0,0,https://twitter.com/tuliogadelha/status/1612164644654694406
Frederico,@Fredelicia2222,https://twitter.com/Fredelicia2222/status/1612169325334462464,2023-01-08T19:28:14.000Z,Sem anistia #LulaNaCadeia #SupremoEoPovo #FORALULAGENOCIDA #ForaLulaMiliciano,0,0,0,https://twitter.com/tuliogadelha/status/1612164644654694406
sandro midoes,@sandromidoes,https://twitter.com/sandromidoes/status/1612262248386289664,2023-01-09T01:37:29.000Z,O namorado da Fátima ou o Ranger Rosa?,0,0,0,https://twitter.com/tuliogadelha/status/1612164644654694406
Fátima Leal,@mariade57438723,https://twitter.com/mariade57438723/status/1612188623910371332,2023-01-08T20:44:55.000Z,Intervenção no DF já! Demissão imediata dos PM envolvidos e presos,0,0,1,https://twitter.com/tuliogadelha/status/1612164644654694406
Emerson Brasileiro,@Fitcady,https://twitter.com/Fitcady/status/1612167552553332737,2023-01-08T19:21:11.000Z,"@alexandre do @STF_oficial precisa investigar e se preciso respondabilizar o omisso @IbaneisOficial por atos terroristas em Brasília,pelo fato da polícia apesar do conhecimento do gado na cidade não ter se preparado melhor e com @FlavioDino colocando a força nacional a disposição",0,0,1,https://twitter.com/tuliogadelha/status/1612164644654694406
MARTA QUEIROZ,@MARTAQU16212020,https://twitter.com/MARTAQU16212020/status/1612188528292634625,2023-01-08T20:44:32.000Z,"Criminosos Golpistas Terroristas Criminosos afrontam os Três Poderes do Brasil. Repudiamos veemente, todas as violências praticadas contra o Brasil.",0,0,0,https://twitter.com/tuliogadelha/status/1612164644654694406
Tobias Guimarães,@TobiasGuima,https://twitter.com/TobiasGuima/status/1612218283050110979,2023-01-08T22:42:46.000Z,"Já que o Governador do DF inclusive reconheceu sua incompetência e pediu desculpas esfarrapadas, que ele seja obrigado a custear, do próprio bolso, as despesas com todos os reparos dos danos causados",0,0,0,https://twitter.com/tuliogadelha/status/1612164644654694406
Paulo Chavez,@PauloHe03831838,https://twitter.com/PauloHe03831838/status/1612178935130849280,2023-01-08T20:06:25.000Z,"Com o aval do @IbaneisOficial, bolsonarista, que prevaricou ao dar aval aos ataques à Democracia. #IbanesNaCadeia",0,0,0,https://twitter.com/tuliogadelha/status/1612164644654694406
Keyla Kikushi,@CamaraKK,https://twitter.com/CamaraKK/status/1612168407712993280,2023-01-08T19:24:35.000Z,"Verdade, conivência do governo do DF. Incompetência para cuidar do patrimônio público quem dera das pessoas. Ficaremos aprisionados em casa com medo desses terroristas que invadiram minha cidade.",0,0,0,https://twitter.com/tuliogadelha/status/1612164644654694406
Julio Cezar,@JulioCezarMD,https://twitter.com/JulioCezarMD/status/1612167778852536322,2023-01-08T19:22:05.000Z,"E sabe de quem e a culpa bebê? 

Dele mesmo do xandao boca de caçapa. 

Rasgou a CF, tomou decisões esdrúxulas e ditatoriais, tá aí o resultado. 

Tudo o que tá ocorrendo e total culpa de vcs. 

Parabéns 👏",0,0,0,https://twitter.com/tuliogadelha/status/1612164644654694406
Odair lima,@odairlima79,https://twitter.com/odairlima79/status/1612165234852085761,2023-01-08T19:11:59.000Z,Foram meses pedindo às autoridades que tomassem providências diante de tantas arbitrariedades de alguns que estão no pode ! O povo não foi ouvido ! Chegou o limite ! Eis o resultado ! Ouçam o povo ! 💪💪🇧🇷🇧🇷🤝,0,0,0,https://twitter.com/tuliogadelha/status/1612164644654694406
J,@jotapeepatoj,https://twitter.com/jotapeepatoj/status/1612165255223705613,2023-01-08T19:12:04.000Z,"Terroristas, vândalos, bandidos, criminosos! Cadeia pra todos esses vagabundos!",0,0,0,https://twitter.com/tuliogadelha/status/1612164644654694406
Mariano B #AmandaCampeã,@marianoBillerB,https://twitter.com/marianoBillerB/status/1612174535230476288,2023-01-08T19:48:56.000Z,"IBANEIS BANDIDO! EXTREMA DIREITA TERRORISTA!
Já que OS VAGABUNDOS DIREITISTAS quebraram patrimonio público que todos esses bandidos direitalhas sejam presos e condenados a pagar todos os danos institucionais e FÍSICOS que fizeram.

DIREITA FACÇÃO CRIMINOSA!",0,0,0,https://twitter.com/tuliogadelha/status/1612164644654694406
gi paiva,@gisleinepaiva,https://twitter.com/gisleinepaiva/status/1612173866473766913,2023-01-08T19:46:17.000Z,#IBANEISROCHAGOLPISTANACADEIA @STF_oficial @alexandre @gleisi #IBANEISCRIMINOSO @randolfeap @gleisi @FlavioDino,0,0,1,https://twitter.com/tuliogadelha/status/1612164644654694406
Victor Avila,@victoravila30,https://twitter.com/victoravila30/status/1612184979072598016,2023-01-08T20:30:26.000Z,"A extrema-direita bolsonarista está em festa!!! O que era uma “simples discórdia familiar” na verdade era o “ovo da serpente”!!! Parabéns a todos que serviram de “incubadora”, alimentando tais “ovos”. Deleitem-se com a desordem agora!!!",0,0,0,https://twitter.com/tuliogadelha/status/1612164644654694406
