nome,usuario,idTweet,dataPublicacao,texto,replies,retweets,likes,tweetPai
Luiz Philippe de Orleans e Bragança,@lpbragancabr,https://twitter.com/lpbragancabr/status/1612616559255760896,2023-01-10T01:05:23.000Z,O presidente de câmara impôs Voto simbólico apesar de nosso pedido pelo voto nominal. Já sabemos o que será do parlamento com essa liderança.,300,953,6.518,https://twitter.com/lpbragancabr/status/1612592613760040960
Carol Sponza,@carolsponza30,https://twitter.com/carolsponza30/status/1612849861124132869,2023-01-10T16:32:26.000Z,Sempre coerente. Parabéns.,0,0,3,https://twitter.com/lpbragancabr/status/1612592613760040960
Rodrigo Luis Veloso,@rodrigoluisvelo,https://twitter.com/rodrigoluisvelo/status/1612638306315177984,2023-01-10T02:31:48.000Z,Não poderíamos esperar nada diferente de quem apoiou terrorismo durante mais de 4 anos. Mas você também vai pagar.,3,1,109,https://twitter.com/lpbragancabr/status/1612592613760040960
sheila de souza,@sheiladesouza5,https://twitter.com/sheiladesouza5/status/1612617173733720064,2023-01-10T01:07:49.000Z,Inacreditável que vcs acreditam em oposição????? O povo só tem o povo….,1,0,4,https://twitter.com/lpbragancabr/status/1612592613760040960
Mel,@MelSant38725964,https://twitter.com/MelSant38725964/status/1612926920332541958,2023-01-10T21:38:39.000Z,"Não. Tem oposição no CN sim. E eles precisam defender o estado democrático . Se eles não pararem o L , Moraes , Dino, aí vamos ver eles sendo presos como na Venezuela. Eles sabem disso.",1,0,0,https://twitter.com/lpbragancabr/status/1612592613760040960
Antony Jojohn,@AntonyJojohn,https://twitter.com/AntonyJojohn/status/1612608469470941186,2023-01-10T00:33:14.000Z,"Um absurdo, né príncipe, não se pode mais dar um golpe de estado com a ajuda do governador que já vem alguém decretar intervenção. Selva!",0,4,186,https://twitter.com/lpbragancabr/status/1612592613760040960
Freire Neto - motoreseacao.com,@freireneto,https://twitter.com/freireneto/status/1612596268726984707,2023-01-09T23:44:45.000Z,Vai ser candidato a presidência da Casa?,0,1,2,https://twitter.com/lpbragancabr/status/1612592613760040960
Camila Rocha,@Camila_Rocha,https://twitter.com/Camila_Rocha/status/1612624284303724545,2023-01-10T01:36:05.000Z,#lularegime,0,0,0,https://twitter.com/lpbragancabr/status/1612592613760040960
Nirdo P,@nirdop,https://twitter.com/nirdop/status/1612732365062766598,2023-01-10T08:45:33.000Z,"E o congresso dormindo em berço esplêndido…
E aí principe?!?!
Pode ser ou tá dificil???",2,0,15,https://twitter.com/lpbragancabr/status/1612592613760040960
Luiza-,@luyzzag,https://twitter.com/luyzzag/status/1612599059453280257,2023-01-09T23:55:51.000Z,"Luiz , se organizem pra você ser o próximo presidente da câmara, precisamos urgente disso para salvar o Brasil da bancarrota",4,4,55,https://twitter.com/lpbragancabr/status/1612592613760040960
Aguinali,@guiceriello,https://twitter.com/guiceriello/status/1612607219580772353,2023-01-10T00:28:16.000Z,"E as pessoas que estão no estádio passando mal, com sede, fome, desmaiando ?
Não seria essa a prioridade ? 
Pq não vão lá prestar socorro ? 
Façam algo por eles.
Vcs podem.",5,0,1,https://twitter.com/lpbragancabr/status/1612592613760040960
Orfeo Migliorati,@orfeozico,https://twitter.com/orfeozico/status/1612609837396787200,2023-01-10T00:38:40.000Z,"Deputado, com todo respeito, precisa se formar uma comissão de Deputados e ir até o local onde estão presos os reféns que estão pagando o Pato daquele quebra quebra, mas que claramente não são culpados daquilo. Precisa exigir tratamento humanizado a todos eles...",22,18,161,https://twitter.com/lpbragancabr/status/1612592613760040960
telma mathilde renner,@RennerTelma,https://twitter.com/RennerTelma/status/1612621267856928770,2023-01-10T01:24:05.000Z,"Mt bom dep. L, Philippe. Precisamos mt de seu apoio pois o que vi na tal reunião de cúpula, Lula, ministros, STF, governadores, PGR, foi uma fúria punitiva implacável, tudo em nome de uma tal de ""Democracia"". Chocante e assustador e sobretudo hipócrita,tendo em vista de quem vem.",1,6,17,https://twitter.com/lpbragancabr/status/1612592613760040960
Luzimar Figuiredo Teixeira,@lufite,https://twitter.com/lufite/status/1612760453494472705,2023-01-10T10:37:10.000Z,"Claro que é contrário, medo de perder o cabide. Cansada. CN vergonha da nação.",0,0,0,https://twitter.com/lpbragancabr/status/1612592613760040960
Wilman Mello,@WilmanMello,https://twitter.com/WilmanMello/status/1612810984661422083,2023-01-10T13:57:57.000Z,"Quero ver no mês que vem, que decidirão a presidência da Câmara, os que reclamam vão se render e releegerão esse subserviente.",0,0,0,https://twitter.com/lpbragancabr/status/1612592613760040960
Marcio Gomes,@MarcioRJGomes,https://twitter.com/MarcioRJGomes/status/1612822604330450945,2023-01-10T14:44:08.000Z,Como está a votação ???,0,0,0,https://twitter.com/lpbragancabr/status/1612592613760040960
Mantopatriota,@AlexMantovanel1,https://twitter.com/AlexMantovanel1/status/1612772667211538433,2023-01-10T11:25:42.000Z,Vamos lembrar que a omissão do congresso trouxe o país a esta situação.,0,0,0,https://twitter.com/lpbragancabr/status/1612592613760040960
Rosa Cunha - jornalista,@Conservadora191,https://twitter.com/Conservadora191/status/1612627485761638405,2023-01-10T01:48:48.000Z,"E o senhor já foi visitar os presos no campo de concentração do Alexandre de Moraes, parece que já temos 2 mortos por lá, sem falar nas crianças que estão detidas com seus pais num lugar sem banheiro, sem água e sem comida?",7,28,133,https://twitter.com/lpbragancabr/status/1612592613760040960
Gilson Jannuzzi,@JannuzziGilson,https://twitter.com/JannuzziGilson/status/1612773757377970180,2023-01-10T11:30:02.000Z,Não percebeu ainda que não existe mais poder legislativo? Amigão acorda.,0,1,12,https://twitter.com/lpbragancabr/status/1612592613760040960
Thaynnah,@Thaynnah20v_2,https://twitter.com/Thaynnah20v_2/status/1612592904048107520,2023-01-09T23:31:23.000Z,Obrigada. Você nunca decepciona.,0,0,12,https://twitter.com/lpbragancabr/status/1612592613760040960
Lucia Bye,@Lucajpe,https://twitter.com/Lucajpe/status/1612798794898329602,2023-01-10T13:09:31.000Z,"Deputado ajude os Patriotas que estão na PF. Já houve três mortes, três pessoas idosas.
Tem crianças no local. Estão há muitas horas sem água, alimentos, sem banheiro, ambiente pequeno e quente, muitas pessoas no mesmo lugar.",0,1,2,https://twitter.com/lpbragancabr/status/1612592613760040960
Patricia,@PatriciaDABr,https://twitter.com/PatriciaDABr/status/1612601160749162496,2023-01-10T00:04:12.000Z,"Do Sr, só esperamos ações corretas e democráticas. Em prol do Brasil e dos brasileiros!!",0,5,25,https://twitter.com/lpbragancabr/status/1612592613760040960
Axel Jorge,@AxelJorge92,https://twitter.com/AxelJorge92/status/1612609421359579142,2023-01-10T00:37:01.000Z,"Com todo respeito ao senhor, mas o parlamento do Brasil não passa de mero figurante.",1,2,6,https://twitter.com/lpbragancabr/status/1612592613760040960
Patrícia.,@pssspsp,https://twitter.com/pssspsp/status/1612624431347646469,2023-01-10T01:36:40.000Z,E sobre essa informação do @marcosdoval ? E aí? O que vai fazer?,1,0,6,https://twitter.com/lpbragancabr/status/1612592613760040960
Liseti barreto,@liseti_barreto,https://twitter.com/liseti_barreto/status/1612646820567736321,2023-01-10T03:05:38.000Z,Todos tem que comparecer! Os deputados federais empossados tem que irem a Brasília com urgência e votarem contra! Uma senhora faleceu no campo de concentração do lula,0,1,5,https://twitter.com/lpbragancabr/status/1612592613760040960
Gio Coronas CPMI JA,@DraJoBadaro,https://twitter.com/DraJoBadaro/status/1612593235192606720,2023-01-09T23:32:42.000Z,Celular da gleise,30,47,85,https://twitter.com/lpbragancabr/status/1612592613760040960
nereide barros Deus acima de todos,@nagbarros,https://twitter.com/nagbarros/status/1612595720942387200,2023-01-09T23:42:35.000Z,🤦‍♀️,6,56,218,https://twitter.com/lpbragancabr/status/1612592613760040960
Rodrigo,@RHSILVA1978,https://twitter.com/RHSILVA1978/status/1612602124415664129,2023-01-10T00:08:01.000Z,"Amigo, vcs já não servem para mais nada, quem manda agora é o 5teff pode ir pra casa. Vcs foram emgolidos",0,0,4,https://twitter.com/lpbragancabr/status/1612592613760040960
LÍLIA MENGEL* esquerda block sem resposta *,@LiliaMengel,https://twitter.com/LiliaMengel/status/1612603144177078272,2023-01-10T00:12:04.000Z,Perfeito,0,0,1,https://twitter.com/lpbragancabr/status/1612592613760040960
João Carlos Prellvitz - 15/03 eu vou,@jcprell,https://twitter.com/jcprell/status/1612707096880979968,2023-01-10T07:05:09.000Z,"Lira e Pacheco não podem se reeleger, senão tudo fica exatamente como esta ou piorar.",0,0,0,https://twitter.com/lpbragancabr/status/1612592613760040960
Kátia. Socorro Deus! Salve o Brasil,@aleixovaz,https://twitter.com/aleixovaz/status/1612605122839724035,2023-01-10T00:19:56.000Z,"👏👏👏 Precisamos ser coerentes. Se o Sr. Flávio Dino sabia um dia antes que haveria manifestação violenta com depredação de prédios públicos,  pq ele não convocou o efetivo? Pq assistiu a tudo de uma janela, esperou por 90 minutos para mandar a PM encerrar? Então não precisa.",3,1,3,https://twitter.com/lpbragancabr/status/1612592613760040960
Lucia Barcelos,@LuciaBarcelos1,https://twitter.com/LuciaBarcelos1/status/1612614046892580866,2023-01-10T00:55:24.000Z,O Deputado na viu o tuíte do @marcosdoval ?,0,0,1,https://twitter.com/lpbragancabr/status/1612592613760040960
Marcele Luzia,@LuziaMarcele,https://twitter.com/LuziaMarcele/status/1612653820596879360,2023-01-10T03:33:27.000Z,Deputado vai para a PF ver o que está acontecendo com o povo lá.,0,0,1,https://twitter.com/lpbragancabr/status/1612592613760040960
Irma,@Irma45833030,https://twitter.com/Irma45833030/status/1612788506010742784,2023-01-10T12:28:38.000Z,👍,0,0,0,https://twitter.com/lpbragancabr/status/1612592613760040960
Ana Maria,@AnaMari66194190,https://twitter.com/AnaMari66194190/status/1612667401933307904,2023-01-10T04:27:25.000Z,Precisam recusar essa aberração,0,0,1,https://twitter.com/lpbragancabr/status/1612592613760040960
abdiel carvalho Pazini,@abdiel_pazini,https://twitter.com/abdiel_pazini/status/1612757201390542848,2023-01-10T10:24:15.000Z,"É tudo montagem, apenas para fazer drama.",0,0,0,https://twitter.com/lpbragancabr/status/1612592613760040960
MagAment,@AmentMag,https://twitter.com/AmentMag/status/1612642801753128961,2023-01-10T02:49:40.000Z,Deputados de direita tem que ir até onde os manifestantes estão confinados e tirar os idosos e crianças de lá tenham piedade uma senhora já veio a óbito!,0,0,7,https://twitter.com/lpbragancabr/status/1612592613760040960
A Patriota,@andrea_garbatti,https://twitter.com/andrea_garbatti/status/1612646354819641345,2023-01-10T03:03:47.000Z,"Por favor 🙏🙏🙏🙏🙏🙏🙏🙏🙏🙏🙏🙏🙏🙏🙏🙏, acione o Ministério Público!!!! Só hoje,  já morreram 4 pessoas no campo de concentração do Xandão!",0,0,1,https://twitter.com/lpbragancabr/status/1612592613760040960
Nubia de Proença,@nubia1pro,https://twitter.com/nubia1pro/status/1612885050424496128,2023-01-10T18:52:16.000Z,Pra que votar se não levam em consideração?,0,0,0,https://twitter.com/lpbragancabr/status/1612592613760040960
𝒜𝓃𝓉𝒿ℴ𝓈 ℐ𝓃𝓋ℯ𝓈𝓉,@antjosInvest,https://twitter.com/antjosInvest/status/1612607614994579457,2023-01-10T00:29:50.000Z,"Idosos que só podem ser presos em flagrante, morrendo na PF, vidas de brasileiro não interessam ao governo, se tiverem opiniões contrárias .",14,0,3,https://twitter.com/lpbragancabr/status/1612592613760040960
Fantasma do Olavo,@OlavoFantasma,https://twitter.com/OlavoFantasma/status/1612595655205322753,2023-01-09T23:42:19.000Z,Óbvio que você seria contrário. Você apoia o vandalismo de ontem!,1,3,87,https://twitter.com/lpbragancabr/status/1612592613760040960
Isabelle Habib,@isabelle_habib,https://twitter.com/isabelle_habib/status/1612626029851320321,2023-01-10T01:43:01.000Z,"Que tal ir para onde os Manifestantes estão presos morrendo, crianças idosos sem comer sem beber …CADÊ OS DIREITOS HUMANOS!!!! CADÊ O ECA!!! AJUDE A TIRAR ESSAS PESSOAS DO CAMPO DE CONCENTRAÇÃO !!!ISSO SIM É TRABALHAR!!!",9,1,2,https://twitter.com/lpbragancabr/status/1612592613760040960
Aline Curti,@AlineCurti3,https://twitter.com/AlineCurti3/status/1612614842501791745,2023-01-10T00:58:34.000Z,"E oque vcs estão fazendo referente aos patriotas idosos, crianças e mulheres que estão no campo de concentração?? E a senhora que faleceu? Vão ficar na inércia??",7,0,4,https://twitter.com/lpbragancabr/status/1612592613760040960
Alex ☭,@AlexAraujoJPA,https://twitter.com/AlexAraujoJPA/status/1612650060860514305,2023-01-10T03:18:30.000Z,Curioso: a minoria esquerdista leva tudo no grito…,0,0,0,https://twitter.com/lpbragancabr/status/1612592613760040960
Luiza-,@luyzzag,https://twitter.com/luyzzag/status/1612598921691283458,2023-01-09T23:55:18.000Z,Ótimo,0,0,0,https://twitter.com/lpbragancabr/status/1612592613760040960
"Brasil acima de tudo, Deus acima de todos.",@jhoujhou2011,https://twitter.com/jhoujhou2011/status/1612593578080878599,2023-01-09T23:34:04.000Z,Não existe voto quando se tem ditador,0,0,6,https://twitter.com/lpbragancabr/status/1612592613760040960
Promoção da Saúde Psicológica,@ThomazAmelia,https://twitter.com/ThomazAmelia/status/1612698433453948930,2023-01-10T06:30:43.000Z,"Muito rápida a demissão de Anderson Torres, o afastamento do Ibaneis e a intervenção federal. Tudo controlado. As apurações vão se assemelhar às do Adélio? Temo pelos mais de 2000 presos políticos.",0,0,0,https://twitter.com/lpbragancabr/status/1612592613760040960
Mestre Ancião,@mestreanciaobr,https://twitter.com/mestreanciaobr/status/1612600504856584192,2023-01-10T00:01:35.000Z,Isso aqui será varrido para debaixo do tapete?,13,7,23,https://twitter.com/lpbragancabr/status/1612592613760040960
Maria da Glória da Silva,@MariadaGlriad17,https://twitter.com/MariadaGlriad17/status/1612601712790863873,2023-01-10T00:06:23.000Z,👏👏👏👏👏👏,0,0,1,https://twitter.com/lpbragancabr/status/1612592613760040960
Luciano,@LucianoBonomo1,https://twitter.com/LucianoBonomo1/status/1612641974036869122,2023-01-10T02:46:22.000Z,Virou nada! Foi simbólico igual o papel de vcs! Servem pra que?,0,0,1,https://twitter.com/lpbragancabr/status/1612592613760040960
Luciano,@LucianoBonomo1,https://twitter.com/LucianoBonomo1/status/1612642068463222785,2023-01-10T02:46:45.000Z,Não adianta querer lacrar.,0,0,0,https://twitter.com/lpbragancabr/status/1612592613760040960
Christiano,@ChristianoMor1,https://twitter.com/ChristianoMor1/status/1612898511900610567,2023-01-10T19:45:46.000Z,Só isso que o Sr tem a falar neste momento? Eu acredito que o Sr cause constrangimento à família imperial.,0,0,0,https://twitter.com/lpbragancabr/status/1612592613760040960
Gabriel,@gaeldsouza,https://twitter.com/gaeldsouza/status/1612629257779548160,2023-01-10T01:55:50.000Z,Está na hora de separar os homens dos que só querem likes.,0,0,0,https://twitter.com/lpbragancabr/status/1612592613760040960
Therezinha Rocha,@therezinharocha,https://twitter.com/therezinharocha/status/1612735756346490880,2023-01-10T08:59:02.000Z,Vocês já eram. Ainda não entendeu isso deputado? Nada vai passar.,0,0,0,https://twitter.com/lpbragancabr/status/1612592613760040960
Rodrigo F Carvalho,@rfcfraguas,https://twitter.com/rfcfraguas/status/1612606973371121666,2023-01-10T00:27:17.000Z,Homens de coragem aparecem na hora que são mais necessários.  Parabéns.,0,0,0,https://twitter.com/lpbragancabr/status/1612592613760040960
Alexandra Nicoli,@nicoli_ale,https://twitter.com/nicoli_ale/status/1612613081766543362,2023-01-10T00:51:34.000Z,Obrigada,0,0,0,https://twitter.com/lpbragancabr/status/1612592613760040960
psiquiatraslivres Sedare Dolorem Opus Divinum,@psiquiatrasliv1,https://twitter.com/psiquiatrasliv1/status/1612765595518513153,2023-01-10T10:57:36.000Z,"Não foi voto nominal infelizmente , lira sendo Lira !",0,0,0,https://twitter.com/lpbragancabr/status/1612592613760040960
Maria djalva Rodrigues dos Santos,@djalva_dos,https://twitter.com/djalva_dos/status/1612594651965308928,2023-01-09T23:38:20.000Z,Vá ver as pessoas  que estão presas morrendo,0,0,0,https://twitter.com/lpbragancabr/status/1612592613760040960
José Santana,@JosSant00888603,https://twitter.com/JosSant00888603/status/1612899282616475649,2023-01-10T19:48:49.000Z,"peço  a vossa excelência q visite os irmãos patriotas, o povo q estão no campo de concentração da PF ,o senador Marcos Durval já esteve lá.",0,0,0,https://twitter.com/lpbragancabr/status/1612592613760040960
Carrara,@CarraraRogerio,https://twitter.com/CarraraRogerio/status/1612594905741950978,2023-01-09T23:39:20.000Z,Tem que intervir contra quem está tirando a liberdade dos brasileiros!,0,1,2,https://twitter.com/lpbragancabr/status/1612592613760040960
Peter Z,@petersprengel,https://twitter.com/petersprengel/status/1612627259545866242,2023-01-10T01:47:54.000Z,Teu voto não vale 💩 alguma. Vá para a rua e se junte aos manifestantes que estão sendo humilhados naquele ginásio. Saia do conforto das redes sociais e crie coragem. Ou esta com medinho do Xandão?.,0,0,8,https://twitter.com/lpbragancabr/status/1612592613760040960
f.batman,@faerisvi,https://twitter.com/faerisvi/status/1612641021258498053,2023-01-10T02:42:35.000Z,Foi lá tentar dar assistência aos idosos e patriotas levados ao campo de concentração inaugurado pelo nome é sua Gestapo?,1,0,1,https://twitter.com/lpbragancabr/status/1612592613760040960
Fboutris,@fboutris,https://twitter.com/fboutris/status/1612717754137575424,2023-01-10T07:47:30.000Z,Caro deputado votei em ti em 2018 e agora novamente..  mas realmente estou me sentindo traida ... pq vcs ñ foram ainda la neste campo da PF?? Isso q está acontecendo é uma vergonha 😪,0,1,2,https://twitter.com/lpbragancabr/status/1612592613760040960
Pabllo Estevam,@EstevamPabllo,https://twitter.com/EstevamPabllo/status/1612599170883325956,2023-01-09T23:56:17.000Z,Muito bem deputado,0,0,0,https://twitter.com/lpbragancabr/status/1612592613760040960
Maria Sampaio Azevedo,@MariaSampaioAz1,https://twitter.com/MariaSampaioAz1/status/1612674096851976192,2023-01-10T04:54:01.000Z,Vocês não irão se unir oara soltar os presos e acabar com k campo de concentração?,0,0,0,https://twitter.com/lpbragancabr/status/1612592613760040960
Bianca,@BiancaMoura3105,https://twitter.com/BiancaMoura3105/status/1612804011731697664,2023-01-10T13:30:15.000Z,Ms parece q o amiguinho q riu do 🦑🦑🦑🦑 não deixou,0,0,0,https://twitter.com/lpbragancabr/status/1612592613760040960
Aranha Chapada,@_admaiorem,https://twitter.com/_admaiorem/status/1612593041193197577,2023-01-09T23:31:56.000Z,E os idosos morrendo de infarto lá no campo de concentração?,65,8,54,https://twitter.com/lpbragancabr/status/1612592613760040960
thayllah tormena,@ThayllahT,https://twitter.com/ThayllahT/status/1612592934523641867,2023-01-09T23:31:30.000Z,Vai rolar muita coisa por debaixo dos panos!!!🎪🤡🇧🇷,0,0,12,https://twitter.com/lpbragancabr/status/1612592613760040960
Sarah Cardoso,@Saraheng_art,https://twitter.com/Saraheng_art/status/1612599898100334592,2023-01-09T23:59:11.000Z,"Obrigada deputado, o senhor sempre muito lúcido.",0,0,2,https://twitter.com/lpbragancabr/status/1612592613760040960
Ed,@Ed23727691,https://twitter.com/Ed23727691/status/1612740289621331968,2023-01-10T09:17:02.000Z,Saia dos programas de tv e trabalhe pelo Povo Brasileiro! Lute contra a organização criminosa!,0,0,1,https://twitter.com/lpbragancabr/status/1612592613760040960
Alberto,@MachSantos,https://twitter.com/MachSantos/status/1612880723991531525,2023-01-10T18:35:05.000Z,"Já foi no ""gulag"" de Brasília?",0,0,0,https://twitter.com/lpbragancabr/status/1612592613760040960
RR,@romeurangel,https://twitter.com/romeurangel/status/1612834746416992256,2023-01-10T15:32:23.000Z,Orgulho de políticos como Luís P. O. Bragança,0,0,0,https://twitter.com/lpbragancabr/status/1612592613760040960
@henriqueriboli,@henriqueriboli,https://twitter.com/henriqueriboli2/status/1612746672173649920,2023-01-10T09:42:24.000Z,Em uma ditadura ninguém se posiciona.,0,0,0,https://twitter.com/lpbragancabr/status/1612592613760040960
Hildegardes,@lucildohc,https://twitter.com/lucildohc/status/1612755072068489216,2023-01-10T10:15:47.000Z,😳,0,0,0,https://twitter.com/lpbragancabr/status/1612592613760040960
Meucafe,@MariaEucariaCaf,https://twitter.com/MariaEucariaCaf/status/1612622202607734785,2023-01-10T01:27:48.000Z,"Ajudem as pessoas qye estão  detidas no campo de concentração da PF, tem gente morrendo e criancas lá  também.",0,0,2,https://twitter.com/lpbragancabr/status/1612592613760040960
Vania,@Vanialulima,https://twitter.com/Vanialulima/status/1612619370127319040,2023-01-10T01:16:33.000Z,Tem gente que ainda acredita em Senado. Não viram ainda que tudo isso é figurativo quem manda é Xande?,0,1,3,https://twitter.com/lpbragancabr/status/1612592613760040960
Ventania38,@Ventania38,https://twitter.com/Ventania38/status/1612606689282510849,2023-01-10T00:26:10.000Z,Parabéns.  Ótimo posicionamento.,0,0,1,https://twitter.com/lpbragancabr/status/1612592613760040960
Maria Marques,@mjligeiro,https://twitter.com/mjligeiro/status/1612621853691871232,2023-01-10T01:26:25.000Z,Tem gente morrendo lá no galpão da PF... façam algo quanto a isto também!,0,0,1,https://twitter.com/lpbragancabr/status/1612592613760040960
Marcelo_La,@Marcelo_Lanzara,https://twitter.com/Marcelo_Lanzara/status/1612784257453232133,2023-01-10T12:11:45.000Z,"Seu voto não vale mais que um papel higiênico usado.

o seu e de todos os deputados e senadores.

estamos numa ditadura, se não percebeu ainda!",0,0,4,https://twitter.com/lpbragancabr/status/1612592613760040960
Iza Alves,@IzabellAllves,https://twitter.com/IzabellAllves/status/1612628324680978433,2023-01-10T01:52:08.000Z,É o #campodeconcentracaodolula,0,1,0,https://twitter.com/lpbragancabr/status/1612592613760040960
SanDias #Israel vive,@Chagal026,https://twitter.com/Chagal026/status/1612645584162422785,2023-01-10T03:00:43.000Z,Duvido o Lira aceitar. Agora é a hora de se empenhar para não virar réu no STF...,0,0,1,https://twitter.com/lpbragancabr/status/1612592613760040960
Simone Di cioccio,@Simone78586113,https://twitter.com/Simone78586113/status/1612634917875380224,2023-01-10T02:18:20.000Z,A quem interessa esse tipo de coisa qdo que o MST fez algo semelhante e medidas parecidas foram tomadas. Que se investigue quem está por trás e quem permitiu que pessoas infiltradas já estivessem lá dentro pelo que se vê nas imagens é claro que deixaram que isso acontecesse.,0,2,7,https://twitter.com/lpbragancabr/status/1612592613760040960
Cosa Nostra Bullys,@BullysCosa,https://twitter.com/BullysCosa/status/1612604730861326337,2023-01-10T00:18:23.000Z,"Mas o Lira já votou por vc,disse que a votação é unânime",0,0,1,https://twitter.com/lpbragancabr/status/1612592613760040960
JorgeJNovais,@JJNFilho,https://twitter.com/JJNFilho/status/1612652469317931010,2023-01-10T03:28:04.000Z,Sabe nada inocente,0,0,2,https://twitter.com/lpbragancabr/status/1612592613760040960
David,@Davidfec1979,https://twitter.com/Davidfec1979/status/1612781636575440899,2023-01-10T12:01:20.000Z,"Nada contra você, pois nem o conheço.
Mas, congresso aqui no Brasil serve apenas para referendar agenda do sistema.
Fora isso, serve apenas para usar o dinheiro do pagador de impostos.",0,0,5,https://twitter.com/lpbragancabr/status/1612592613760040960
Confiante03,@Confiante03,https://twitter.com/Confiante03/status/1612927559771230210,2023-01-10T21:41:11.000Z,"Caro Depurado, qual a sua atuação prática em favor das pessoas presas ilegalmente?",0,0,0,https://twitter.com/lpbragancabr/status/1612592613760040960
BelMaranho,@EdeIsobel,https://twitter.com/EdeIsobel/status/1612766777590616064,2023-01-10T11:02:18.000Z,"O presidente da Casa passou a perna em vocês. 
Deveria ser destituído.",0,0,5,https://twitter.com/lpbragancabr/status/1612592613760040960
Kassia Vasconcelos,@KassiaVasconce1,https://twitter.com/KassiaVasconce1/status/1612615515721138178,2023-01-10T01:01:14.000Z,"Solta a lista dos que forem a favor. Porque se eles venceram esta batalha, os próximos serão o Tarcísio e o Zema. Aí saberemos que nos jogou mais rápido no abismo.",0,1,2,https://twitter.com/lpbragancabr/status/1612592613760040960
Clau,@ClauRinilu,https://twitter.com/ClauRinilu/status/1612635968883888128,2023-01-10T02:22:30.000Z,O q vcs farão em relação as pessoas q estão presas?,1,11,35,https://twitter.com/lpbragancabr/status/1612592613760040960
Adao Paulino,@Adao_aps,https://twitter.com/Adao_aps/status/1612622146534088705,2023-01-10T01:27:35.000Z,"@lpbragancabr Deputado, o senhor parece ser dos mais sensatos dessa Casa tão omissa. Visite o ""campo de concentração"" da Academia da PF e dê apoio moral às pessoas. A maioria se manifesta, mas é de paz.",1,1,0,https://twitter.com/lpbragancabr/status/1612592613760040960
NiseLobo,@mariaelenise9,https://twitter.com/mariaelenise9/status/1612599841862860810,2023-01-09T23:58:57.000Z,"Deputado, ajude os manifestantes ordeiros,  eles caíram em uma armadilha da esquerda nefasta.",3,5,68,https://twitter.com/lpbragancabr/status/1612592613760040960
Paz e,@LucileneLeite20,https://twitter.com/LucileneLeite20/status/1612724658352037889,2023-01-10T08:14:56.000Z,"Esse campo de concentracao, configura a maior quebra de democracia e dos direitos humanos, em um país que acabou de empossar o maior corrupto da historia que se tem notícias! Existe algo que não está claro, precisamos de respostas exigimos apuração da Verdade e da Justiça.",4,0,27,https://twitter.com/lpbragancabr/status/1612592613760040960
eustaquio_coelhos,@eustaquiocoelh3,https://twitter.com/eustaquiocoelh3/status/1612748387606220803,2023-01-10T09:49:13.000Z,"Tenho por você muita admiração,  mas serão todos engolidos por esse belo time formado no atual governo Federal onde figuras muito importantes como INFILTRADOS engolidos todos vocês. Queremos saber das autoridades do Exército Brasileiro cadê o código fonte",1,1,2,https://twitter.com/lpbragancabr/status/1612592613760040960
Brazil Was Stolen,@NobregaFranca,https://twitter.com/NobregaFranca/status/1612742659252142081,2023-01-10T09:26:27.000Z,Façam alguma coisa pelos presos no campo de concentração da PF q age feito Gestapo,1,0,0,https://twitter.com/lpbragancabr/status/1612592613760040960
Antonio Machado,@Antonio37340966,https://twitter.com/Antonio37340966/status/1612746082940850176,2023-01-10T09:40:04.000Z,"Seu voto não vale nada…, congresso ala Venezuela tá implantado",1,0,3,https://twitter.com/lpbragancabr/status/1612592613760040960
Angela Maria Camilo de Souza,@AngelaM56864613,https://twitter.com/AngelaM56864613/status/1612594404958650372,2023-01-09T23:37:21.000Z,"Por favor, o Senhor foi meu candidato na eleição. Espero que cuide de nosso povo brasileiro preso no “campo  de concentração” da Polícia Federal. Eles não merecem essa humilhação e sofrimento.",33,8,112,https://twitter.com/lpbragancabr/status/1612592613760040960
sergio benoni sandri,@sergiobenoni,https://twitter.com/sergiobenoni/status/1612606435166412801,2023-01-10T00:25:09.000Z,"A última chance que o Congresso tem.
Se não contestar vai ser a derrocada.
Podem fechar as portas",0,1,4,https://twitter.com/lpbragancabr/status/1612592613760040960
Apenas um Mané!,@RodrigoAranha14,https://twitter.com/RodrigoAranha14/status/1612894315520335924,2023-01-10T19:29:05.000Z,Parabéns,0,0,0,https://twitter.com/lpbragancabr/status/1612592613760040960
Mareny Guerra,@GuerraMareny,https://twitter.com/GuerraMareny/status/1612929288914747394,2023-01-10T21:48:03.000Z,"Deputado Alencar Santana, do PT, pediu  em discurso por ""ditadura sempre"".",0,0,2,https://twitter.com/lpbragancabr/status/1612592613760040960
Gal,@amooBrasilbahia,https://twitter.com/amooBrasilbahia/status/1612597320553533442,2023-01-09T23:48:56.000Z,"Isso ai príncipe. Engraçado que eu vi muitos falando mal de você, que quando chegasse em momentos assim ia se esconder. Esses que falaram sumiram, e justamente o senhor tá tentando se mover de alguma forma.",3,3,44,https://twitter.com/lpbragancabr/status/1612592613760040960
DayseCSenna3,@Daysecristinas3,https://twitter.com/Daysecristinas3/status/1612608088149827591,2023-01-10T00:31:43.000Z,Esperamos que isso aconteça! Caso contrário é a total falência das Instituições políticas da nossa Pátria! Muito triste!! Tudo isso poderia ter sido evitado se houvesse o mínimo de lisura por parte de quem deveria defender a CF e os interesses do povo! 🥲🥲🇧🇷🇧🇷,1,0,8,https://twitter.com/lpbragancabr/status/1612592613760040960
Washington,@GeografiaT,https://twitter.com/GeografiaT/status/1612725056030838785,2023-01-10T08:16:30.000Z,"Grupo de conservadores para o Brasil.

Seja bem-vindo(a)!!https://t.me/GeoaWa🙏 🇧🇷",0,0,0,https://twitter.com/lpbragancabr/status/1612592613760040960
Thainá,@thainabra,https://twitter.com/thainabra/status/1612601310234157057,2023-01-10T00:04:47.000Z,"É isso aí, deputado. 
Votação aberta e nominal, para sabermos quem votou como.

Espero q seus colegas da oposição estejam articulando para que a intervenção ñ tenha o aval parlamentar.",2,3,45,https://twitter.com/lpbragancabr/status/1612592613760040960
Geremiah,@NavaroneBtc,https://twitter.com/NavaroneBtc/status/1612592996498767873,2023-01-09T23:31:45.000Z,Vcs têm que clamar pela intervenção das FFAA. Ontem!,10,1,10,https://twitter.com/lpbragancabr/status/1612592613760040960
@ChecadorIndependente,@ChecadorIndependente,https://twitter.com/ChecadorInd/status/1612595849892069377,2023-01-09T23:43:05.000Z,"Deputado, tudo vem cheirando mal há tempos. Mas, especificamente sobre os acontecimentos de ontem, domingo, o odor é insuportável. Parece evidente que houve coisa preparada ali. Como o senhor é uma raridade neste cenário hostil à inteligência, manifesto a minha confiança.",1,2,52,https://twitter.com/lpbragancabr/status/1612592613760040960
José Roberto. LIBERDADE!!!,@JosRobe85486888,https://twitter.com/JosRobe85486888/status/1612595903629590529,2023-01-09T23:43:18.000Z,"Parabéns deputado, todos nós já sabemos que o que ocorreu ali foi uma cilada para o povo de bem e patriota.",2,0,9,https://twitter.com/lpbragancabr/status/1612592613760040960
Darley Alves,@DarleyAlves20,https://twitter.com/DarleyAlves20/status/1612672320925241345,2023-01-10T04:46:57.000Z,"Deputo, pelo amor de Deus. Será que não tem um político sequer em Brasília com o mínimo de coragem possível para visitar as pessoas que estão presas na quadra da polícia federal indevidamente. Uma idosa morreu e CRIANÇAS, repito, CRIANÇAS estão presas. Faça alguma coisa.",2,0,0,https://twitter.com/lpbragancabr/status/1612592613760040960
Anderson,@andersonbirolir,https://twitter.com/andersonbirolir/status/1612593495474307072,2023-01-09T23:33:44.000Z,"Parabéns deputado...
Deveria ter sido nosso vice,talvez,a situação hoje,fosse outra...",1,7,58,https://twitter.com/lpbragancabr/status/1612592613760040960
Bruno,@bavelar,https://twitter.com/bavelar/status/1612620702993027079,2023-01-10T01:21:51.000Z,Vcs têm obrigação de ir visitar e averiguar a situação das pessoas presas em Brasília. Façam uma junta de parlamentares e se encaminhem para lá o mais breve possível. Teve meu apoio e meu voto. Agora precisam agir.,4,2,3,https://twitter.com/lpbragancabr/status/1612592613760040960
Lúcia Helena Gaspareti,@LuciaGaspareti,https://twitter.com/LuciaGaspareti/status/1612660226410385408,2023-01-10T03:58:54.000Z,"Bom dia peço por favor, ajude o povo brasileiro. 1.200 pessoas sendo idosos, mulheres e crianças foram presas ontem em Brasília, estavam em frente ao QG não participou da invasão nos poderes e mesmo assim foram presas, estão desde ontem sem água, comida e banheiro. Morreu uma",2,0,1,https://twitter.com/lpbragancabr/status/1612592613760040960
Patriota Raíz,@PatriotaRaiz832,https://twitter.com/PatriotaRaiz832/status/1612612117944745986,2023-01-10T00:47:44.000Z,Nossa PRINCESO... apagou um monte de coisa hein 🤭🐂🐂🐂Será que alguém printou?🤔Acho que sim😅🤌🤌🤌,2,7,66,https://twitter.com/lpbragancabr/status/1612592613760040960
Marcos Oliver SDV,@MarcosO29567620,https://twitter.com/MarcosO29567620/status/1612684202352480258,2023-01-10T05:34:10.000Z,"Parabéns deputado 👏👏👊💪 Faço-lhe; um pedido. Acompanhe de perto a situação dos presos no campo de concentração da PF a mando do ditador mor Alexandre de Morais. Estão passando fome,sede mães com crianças,idosos passando mal  e segundo informações já ocorreram 2 mortes...😕😔",0,0,0,https://twitter.com/lpbragancabr/status/1612592613760040960
Mirian R,@MirianH00974312,https://twitter.com/MirianH00974312/status/1612597154266095618,2023-01-09T23:48:16.000Z,"Um absurdo tudo isso, o lula e o flavio dino foram avisados pela abin dos riscos de invasão e nada fizeram, agora querem culpar o ibâneis. Esse é o modus operandi da esquerda. Vão transformar o brasil numa bagunça.",2,4,16,https://twitter.com/lpbragancabr/status/1612592613760040960
Marcelo Pereira,@marceloprpr,https://twitter.com/marceloprpr/status/1612597401021210624,2023-01-09T23:49:15.000Z,"Deputado @lpbragancabr, o senhor foi o candidato de minha família nas últimas duas eleições! O senhor saberia me dizer se algum congressista está acompanhando as pessoas que estão presas em Brasília?",2,1,4,https://twitter.com/lpbragancabr/status/1612592613760040960
#ElesNuncaMais,@JGouveaS,https://twitter.com/JGouveaS/status/1612657124370272256,2023-01-10T03:46:34.000Z,Quem perguntou?,1,0,23,https://twitter.com/lpbragancabr/status/1612592613760040960
Adriana P R Inácio,@AdrianaPRIncio1,https://twitter.com/AdrianaPRIncio1/status/1612592863522463746,2023-01-09T23:31:13.000Z,"Isso mesmo, temos que saber o que nossos representantes  votam!",0,1,8,https://twitter.com/lpbragancabr/status/1612592613760040960
Beto Toscani,@beto_toscani,https://twitter.com/beto_toscani/status/1612593151620923393,2023-01-09T23:32:22.000Z,"Mas é claro que o ""príncipe "" seria a favor dos golpistas",0,0,5,https://twitter.com/lpbragancabr/status/1612592613760040960
DiegoGyaq,@DiegoGyaq,https://twitter.com/DiegoGyaq/status/1612593478294200320,2023-01-09T23:33:40.000Z,"Intervenção em mais o que, se não tem manifestantes???",1,0,4,https://twitter.com/lpbragancabr/status/1612592613760040960
Sherlock Holmes,@sherlock_spfc,https://twitter.com/sherlock_spfc/status/1612593691272552451,2023-01-09T23:34:31.000Z,Obrigado por não decepcionar meu voto em você! Lidere essa direita perdida!,0,0,2,https://twitter.com/lpbragancabr/status/1612592613760040960
Roberto César Tsukino,@Robertocesarus,https://twitter.com/Robertocesarus/status/1612593783278911493,2023-01-09T23:34:53.000Z,É só o Xandão dar uma canetada e anula,0,1,3,https://twitter.com/lpbragancabr/status/1612592613760040960
Maria Vaz,@MariaVazLima,https://twitter.com/MariaVazLima/status/1612594120421441537,2023-01-09T23:36:13.000Z,"Senhora acaba de morrer na pf
Sem comida sem agua e sem banheiro
Quem vai pagar por isso",1,0,2,https://twitter.com/lpbragancabr/status/1612592613760040960
Andre Medeiros,@Medeiros608F,https://twitter.com/Medeiros608F/status/1612595620132573184,2023-01-09T23:42:11.000Z,"Deputado, o Sr é um dos únicos que confio na câmara, se Deus for justo, o Sr será presidente da casa.",0,0,2,https://twitter.com/lpbragancabr/status/1612592613760040960
guto cunha,@Gutocunharj,https://twitter.com/Gutocunharj/status/1612598240662245378,2023-01-09T23:52:35.000Z,"Parabéns deputado, mas precisamos mais do que isto. 
Peço encarecidamente que na próxima legislatura não permitam que o @ArthurLira_ não seja reeleito para presidência da Câmara. 
Obrigado!",1,0,1,https://twitter.com/lpbragancabr/status/1612592613760040960
Winston Castelo Branco,@Brancowinston,https://twitter.com/Brancowinston/status/1612598542303989762,2023-01-09T23:53:47.000Z,Absurdo afastar um governador eleito democraticamente sem investigação. CPI do judiciário com urgência!,0,0,4,https://twitter.com/lpbragancabr/status/1612592613760040960
Olga Monarin Oliveira,@MonarinOlga,https://twitter.com/MonarinOlga/status/1612599448667832326,2023-01-09T23:57:23.000Z,"Estamos passando por uma mudança de regime. Comunismo na cara dura, um golpe todo amparado por uma rede interligada de imprensa, politicos, empresarios, narcotrafico... Só vai piorar.",0,1,6,https://twitter.com/lpbragancabr/status/1612592613760040960
Romulo Leite,@RomuloLeite10,https://twitter.com/RomuloLeite10/status/1612601814158921729,2023-01-10T00:06:47.000Z,"Respeitosamente, ou não, obrigo-me a ressaltar que a esta altura da tragédia imposta ao País pela leniência e covardia de “Vossas Excelências” , “votos” não significam absolutamente NADA!",0,0,8,https://twitter.com/lpbragancabr/status/1612592613760040960
marielzaribeiro,@marielzaribeir9,https://twitter.com/marielzaribeir9/status/1612606623884906496,2023-01-10T00:25:54.000Z,Kkkkkkkkkkk Kkkkkkkkkkk  tenta..Não custa né..ah custa para nós  pagador de impostos.Acorde já estamos na Coreia do Norte.vcs vivem em Narnia?Ah não  em Brasília  esse esgoto a céu aberto,0,1,17,https://twitter.com/lpbragancabr/status/1612592613760040960
marcelo mattos,@MarceloEderm70,https://twitter.com/MarceloEderm70/status/1612608679114678272,2023-01-10T00:34:04.000Z,kkkkk vc não conseguia algo nem com o bolsonaro com o Lula vc não passa nem perto acabou de ser aprovado🤣🤣🤣🤣🤣🤣🤣,0,0,11,https://twitter.com/lpbragancabr/status/1612592613760040960
rozario comenale,@mariadorozario,https://twitter.com/mariadorozario/status/1612917726200078344,2023-01-10T21:02:07.000Z,O seu voto não tem a menor importância.,0,0,0,https://twitter.com/lpbragancabr/status/1612592613760040960
JOCA CUNHA,@JOCA_DILA,https://twitter.com/JOCA_DILA/status/1612594155082989568,2023-01-09T23:36:21.000Z,Tem que votar pela intervenção no art. 142.,0,0,1,https://twitter.com/lpbragancabr/status/1612592613760040960
Ricardo,@umoutroricardo,https://twitter.com/umoutroricardo/status/1612594283156209666,2023-01-09T23:36:52.000Z,Justo!,0,0,1,https://twitter.com/lpbragancabr/status/1612592613760040960
Line,@EvelineGomides,https://twitter.com/EvelineGomides/status/1612597379517272064,2023-01-09T23:49:10.000Z,"Espero q n aceitem emendas parlamentares, hj foi os manifestantes, amanhã serão vcs, o senado tem na mão p dar o basta!!!!",1,0,0,https://twitter.com/lpbragancabr/status/1612592613760040960
Homem sem rosto,@RealistaRico,https://twitter.com/RealistaRico/status/1612598341766098944,2023-01-09T23:52:59.000Z,"Já que não tem FFAA, tome o que era da sua família imperial!🤴🏼 Viva o nosso Rei 🤴🏼",0,0,2,https://twitter.com/lpbragancabr/status/1612592613760040960
Daniel Amorim,@DanielA26296954,https://twitter.com/DanielA26296954/status/1612598707148525570,2023-01-09T23:54:27.000Z,Esperar o que do Prinço?,0,0,1,https://twitter.com/lpbragancabr/status/1612592613760040960
Pat_LC,@plcdutra,https://twitter.com/plcdutra/status/1612599412617781249,2023-01-09T23:57:15.000Z,Cidadãos brasileiros em campo de concentração. Inúmeros vídeos de infiltrados…,0,0,7,https://twitter.com/lpbragancabr/status/1612592613760040960
Adilson Carlos,@Adilson63544994,https://twitter.com/Adilson63544994/status/1612599836947382273,2023-01-09T23:58:56.000Z,"Amigão, vcs não votam nada, não mandam em nada. Quem manda é o stf.",0,0,1,https://twitter.com/lpbragancabr/status/1612592613760040960
SUPREMO É O POVO!,@M4rcelloBr,https://twitter.com/M4rcelloBr/status/1612683523126661120,2023-01-10T05:31:28.000Z,"Que bom porque o artigo 6 do código de Nuremberg configura crime contra a humanidade  “Assassinato, extermínio, escravidão, deportação e outros atos desumanos cometidos contra a população civil, antes ou durante a guerra, assim como perseguições por motivos políticos, raciais...",0,0,0,https://twitter.com/lpbragancabr/status/1612592613760040960
Derrubaram minha conta. 3a. conta,@ShutupStalone,https://twitter.com/ShutupStalone/status/1612610336158515202,2023-01-10T00:40:39.000Z,já foi verificar os presos( na maioria idosos) na policia federal? pelo que consta não há crimes que justifique prisao em flagrante e vc poderia comprovar sequestro coletivo,1,1,2,https://twitter.com/lpbragancabr/status/1612592613760040960
André Ribeiro de Mendonça,@andrermendonca,https://twitter.com/andrermendonca/status/1612652003041198081,2023-01-10T03:26:13.000Z,VSa já foi prestar assistência parlamentar aos idosos e crianças presas em Brasília pelas forças militares???😏,1,2,7,https://twitter.com/lpbragancabr/status/1612592613760040960
Cristina Bella,@CristinaBella11,https://twitter.com/CristinaBella11/status/1612601002317815808,2023-01-10T00:03:34.000Z,Exatamente!!!! Voto nominal,0,0,2,https://twitter.com/lpbragancabr/status/1612592613760040960
Greici G,@GreiciG1,https://twitter.com/GreiciG1/status/1612601737390575618,2023-01-10T00:06:29.000Z,Parabéns,0,0,1,https://twitter.com/lpbragancabr/status/1612592613760040960
Julio Guberev,@JulioGuberev,https://twitter.com/JulioGuberev/status/1612602102571737089,2023-01-10T00:07:56.000Z,"@lpbragancabr , espero que vocês, do PL, se articulem bem com o próprio partido e os demais opositores (membros do PP, REP, PSC, NOVO etc.) e dormem uma frente ampla a partir de fevereiro. Somos maioria, não permitam isso se dissolver. É a única saída.",0,0,1,https://twitter.com/lpbragancabr/status/1612592613760040960
Cris Brezolin,@brezolin_cris,https://twitter.com/brezolin_cris/status/1612603659493203972,2023-01-10T00:14:07.000Z,"Vc é advogado?
Faça algo por aquelas pessoas.",0,0,1,https://twitter.com/lpbragancabr/status/1612592613760040960
Ramon,@ramonsitos,https://twitter.com/ramonsitos/status/1612605016161878016,2023-01-10T00:19:31.000Z,KKKKKKKK sai fora principe,0,0,2,https://twitter.com/lpbragancabr/status/1612592613760040960
Cláudio Menezes Maniac,@ClaudioxMenezes,https://twitter.com/ClaudioxMenezes/status/1612610153773162497,2023-01-10T00:39:56.000Z,"Meu voto é pela investigação nos seus celulares e contas bancárias e logo, seu impeachment",0,0,49,https://twitter.com/lpbragancabr/status/1612592613760040960
Operação Traíra,@2Lindolpho,https://twitter.com/2Lindolpho/status/1612653157431103488,2023-01-10T03:30:49.000Z,Seria maioria contra?,0,0,0,https://twitter.com/lpbragancabr/status/1612592613760040960
PERDEU MANÉ,@MANESEMDENTE,https://twitter.com/MANESEMDENTE/status/1612623190546604032,2023-01-10T01:31:44.000Z,"Deputado, quem manda é o Xandão",0,0,0,https://twitter.com/lpbragancabr/status/1612592613760040960
Tanyca,@Tanyca2,https://twitter.com/Tanyca2/status/1612640163477299203,2023-01-10T02:39:11.000Z,🙏👏👏👏👏👏👏,0,0,0,https://twitter.com/lpbragancabr/status/1612592613760040960
Adriano Ferrer,@adrianoferrer69,https://twitter.com/adrianoferrer69/status/1612669599023079426,2023-01-10T04:36:09.000Z,Já foi aprovada a Intervenção e fim de papo !!!  Vocês são TODOS OMISSOS !!!,0,0,0,https://twitter.com/lpbragancabr/status/1612592613760040960
Marcelo Otero,@motero2,https://twitter.com/motero2/status/1612617663850708994,2023-01-10T01:09:46.000Z,O Deputado sabia que uma mulher morreu no campo de concentração do Lula? E que a polícia do ditador Moraes prendeu crianças? Se nao sabe então deveria saber e protege-las no Estado Nazista que virou o Brasil.,0,0,0,https://twitter.com/lpbragancabr/status/1612592613760040960
Umari Marques Libanori,@MarquesUmari,https://twitter.com/MarquesUmari/status/1612620425741144064,2023-01-10T01:20:45.000Z,Obrigada por se manifestar contrário 🙏,0,0,0,https://twitter.com/lpbragancabr/status/1612592613760040960
Patricia Piauilino,@Patrici76455149,https://twitter.com/Patrici76455149/status/1612598392365924355,2023-01-09T23:53:12.000Z,Provavelmente você será preso.,0,0,0,https://twitter.com/lpbragancabr/status/1612592613760040960
Henrique,@Henriqu76418055,https://twitter.com/Henriqu76418055/status/1612618271370661890,2023-01-10T01:12:11.000Z,"Será que os Parlamentares serão burros, e vão manter Arthur Lira na Presidência da Câmara?",0,0,0,https://twitter.com/lpbragancabr/status/1612592613760040960
Vania,@Vanialulima,https://twitter.com/Vanialulima/status/1612618300394979331,2023-01-10T01:12:18.000Z,"Vc acha que eles precisam de voto? Acorda não tá vendo que eles fazem o que querem sem dó e nem piedade, já morreu uma pessoa.",0,0,0,https://twitter.com/lpbragancabr/status/1612592613760040960
Leandro Giglio,@Giglio2332,https://twitter.com/Giglio2332/status/1612606076658278400,2023-01-10T00:23:44.000Z,81 senadores podem votar contra e não vai mudar nada o Senado via Pacheco está de joelhos ante ao STF. Lamento informar.,1,3,22,https://twitter.com/lpbragancabr/status/1612592613760040960
Ceissa Matos,@CeissaMatos,https://twitter.com/CeissaMatos/status/1612609434542374912,2023-01-10T00:37:04.000Z,O que vai fazer deputado com relação a senhora que faleceu agora á tarde no ginásio da concentração hj á tarde?😞😞😢,0,0,1,https://twitter.com/lpbragancabr/status/1612592613760040960
ZNM,@MenezesZen,https://twitter.com/MenezesZen/status/1612610033434361857,2023-01-10T00:39:27.000Z,"Excelente! É hora de tudo ficar às claras, sem máscaras!",0,0,2,https://twitter.com/lpbragancabr/status/1612592613760040960
ROBSON LULA,@Robson120230,https://twitter.com/Robson120230/status/1612612965726928896,2023-01-10T00:51:06.000Z,Quem é vc????🤔🤣🤣🤣🤣🤣🤣🤣🤣🤣🤣🤣🤣🤣🤣🤣🤣🤣🤣🤣🤣🤣🤣🤣🤣🤣🤣🤣🤣🤣,0,1,2,https://twitter.com/lpbragancabr/status/1612592613760040960
Rita Mota,@Rita_Mota,https://twitter.com/Rita_Mota/status/1612613863933087747,2023-01-10T00:54:40.000Z,Já perdeu,0,0,2,https://twitter.com/lpbragancabr/status/1612592613760040960
Fabio moreira,@Fabiomo74738211,https://twitter.com/Fabiomo74738211/status/1612614979714170882,2023-01-10T00:59:06.000Z,"Vc e deputado ou senador.

Ao que parece quem legisla sobre intervenção e o senado federal",0,0,1,https://twitter.com/lpbragancabr/status/1612592613760040960
Jeremyaz. 13,@Jeremyaz72,https://twitter.com/Jeremyaz72/status/1612616381630922762,2023-01-10T01:04:41.000Z,Já de muito tempo que o seu posicionamento é contrário ao Brasil... Isso é fato.,0,1,26,https://twitter.com/lpbragancabr/status/1612592613760040960
Cassio,@CassioVSS_2,https://twitter.com/CassioVSS_2/status/1612618372390490112,2023-01-10T01:12:35.000Z,E daí? Voto de parlamentar não vale nada frente aos ATOS do AM.,0,0,1,https://twitter.com/lpbragancabr/status/1612592613760040960
Roberth Paes Landim,@LandimRoberth,https://twitter.com/LandimRoberth/status/1612917037457612821,2023-01-10T20:59:22.000Z,Apoiador de terrorista podemos chamar de q?,0,0,0,https://twitter.com/lpbragancabr/status/1612592613760040960
Bernardo Rodrigues,@Bernardo_PKBRS,https://twitter.com/Bernardo_PKBRS/status/1612595282700816384,2023-01-09T23:40:50.000Z,"Bíblia - Apocalipse
Dúvida? Vou falar poucas coisas que estão e vão marcar o apocalipse.
1933: o começo da população nazista
1939: o começo da segunda guerra mundial
2001: a destruição terrorista das torres gêmeas
2014: guerra Rússia e Ucrânia 
2020: COVID - 19
Confia na bíblia?",0,0,1,https://twitter.com/lpbragancabr/status/1612592613760040960
Negra_CS,@cs_negra,https://twitter.com/cs_negra/status/1612605613523230720,2023-01-10T00:21:53.000Z,Faça algo também pelas pessoas que estão em condições desumanas junto a PF!,0,0,1,https://twitter.com/lpbragancabr/status/1612592613760040960
Wenddell,@PaixoRevolucio1,https://twitter.com/PaixoRevolucio1/status/1612605981917151235,2023-01-10T00:23:21.000Z,Na política quase tudo vai pela conveniência.  Imagino porque lhe convém defender a frouxidão da segurança do DF nas mãos do Ibaneis.,0,0,1,https://twitter.com/lpbragancabr/status/1612592613760040960
Vera Marta Romualdo,@veramarta56,https://twitter.com/veramarta56/status/1612606993440677893,2023-01-10T00:27:22.000Z,Confio na sua sensatez deputado.,0,0,1,https://twitter.com/lpbragancabr/status/1612592613760040960
Angelma Santos,@angelma_santos,https://twitter.com/angelma_santos/status/1612611171890401280,2023-01-10T00:43:58.000Z,"Ninguém esperava nada diferente de um golpista, incentivador de golpe.",0,0,9,https://twitter.com/lpbragancabr/status/1612592613760040960
BTC Doom Guy,@BitcoioD00mMano,https://twitter.com/BitcoioD00mMano/status/1612613994778427394,2023-01-10T00:55:11.000Z,"Vem cá, ser juspositivista na ditadura do xandao é declaração de otário né",0,0,8,https://twitter.com/lpbragancabr/status/1612592613760040960
,@Hertz1970hz,https://twitter.com/Hertz1970hz/status/1612614100298637318,2023-01-10T00:55:37.000Z,"Claro que vc é contra 
Vc apoia o terrorismo.",0,0,3,https://twitter.com/lpbragancabr/status/1612592613760040960
Luana,@LuanaDahl,https://twitter.com/LuanaDahl/status/1612616569095340033,2023-01-10T01:05:25.000Z,Ajuda as pessoas estão morrendo. Tem crianças no local,2,0,1,https://twitter.com/lpbragancabr/status/1612592613760040960
Sávio Siqueira,@saviosiqueira,https://twitter.com/saviosiqueira/status/1612617663582294017,2023-01-10T01:09:46.000Z,Que novidade! Já foi lá na Papuda saudar os terroristas?,0,0,22,https://twitter.com/lpbragancabr/status/1612592613760040960
Nelma Fernandes,@NelmaFernande10,https://twitter.com/NelmaFernande10/status/1612626656077795333,2023-01-10T01:45:30.000Z,"O que vcs vão fazer para ajudar  aquelas pessoas presas, tem crianças, idosos, vcs foram eleitos para lutar pelo povo!!!",0,0,0,https://twitter.com/lpbragancabr/status/1612592613760040960
Maria Marques,@mjligeiro,https://twitter.com/mjligeiro/status/1612621937875865600,2023-01-10T01:26:45.000Z,O Lira ignorou vcs mais uma vez.,0,0,0,https://twitter.com/lpbragancabr/status/1612592613760040960
Messias Segura,@segura_messias,https://twitter.com/segura_messias/status/1612653545156710401,2023-01-10T03:32:21.000Z,"Com todo o respeito, o sr fala em voto? Em voto? Um ministro do STF afastou um governador nomeia um interventor ligado a um partido comunista e o sr fala em voto? Um ministro do STF! 🤷‍♂️",0,0,0,https://twitter.com/lpbragancabr/status/1612592613760040960
Ademar Medeiros,@dEh_medeiros,https://twitter.com/dEh_medeiros/status/1612629178075185154,2023-01-10T01:55:31.000Z,"VC's de direita que foram eleitos, tem OBRIGAÇÃO de se juntar e ir lá no campo de concentração EXIGIR a soltura dos inocentes. Façam algo, de fato!!",0,0,0,https://twitter.com/lpbragancabr/status/1612592613760040960
Calú Reis,@CaluReis,https://twitter.com/CaluReis/status/1612594248796315649,2023-01-09T23:36:44.000Z,"É o que esperamos Dep., honre seus antepassados...🇧🇷🇧🇷🇧🇷👍🏻",0,0,0,https://twitter.com/lpbragancabr/status/1612592613760040960
Marciowcb Bezerra,@marciowcb,https://twitter.com/marciowcb/status/1612592873387732992,2023-01-09T23:31:16.000Z,👏👏👏,0,0,0,https://twitter.com/lpbragancabr/status/1612592613760040960
Te Godoi,@LetrasRh,https://twitter.com/LetrasRh/status/1612592885198909442,2023-01-09T23:31:19.000Z,Obrigada,0,0,0,https://twitter.com/lpbragancabr/status/1612592613760040960
Regisrick,@regisricardo_,https://twitter.com/regisricardo_/status/1612593106884644865,2023-01-09T23:32:11.000Z,Faça o que for preciso,0,0,0,https://twitter.com/lpbragancabr/status/1612592613760040960
cauã,@cauakjj,https://twitter.com/cauakjj/status/1612593275004649472,2023-01-09T23:32:51.000Z,Se candidata pra presidência da Câmara 👍🏻,0,0,0,https://twitter.com/lpbragancabr/status/1612592613760040960
Tiagrilo,@tiagrilo,https://twitter.com/tiagrilo/status/1612593246269497345,2023-01-09T23:32:45.000Z,Por que?,0,0,0,https://twitter.com/lpbragancabr/status/1612592613760040960
RosedeBel,@RoseanneRocha4,https://twitter.com/RoseanneRocha4/status/1612594369571217410,2023-01-09T23:37:12.000Z,Kkkkkk que piada,0,0,0,https://twitter.com/lpbragancabr/status/1612592613760040960
Luci Scalise,@LuciScalise,https://twitter.com/LuciScalise/status/1612594466765824005,2023-01-09T23:37:36.000Z,Ultimamente a gente só acumula derrota sobre derrota .,0,0,0,https://twitter.com/lpbragancabr/status/1612592613760040960
Daniel,@Daniel293901928,https://twitter.com/Daniel293901928/status/1612594776783859713,2023-01-09T23:38:50.000Z,Parabéns príncipe Deputado,0,0,0,https://twitter.com/lpbragancabr/status/1612592613760040960
Thiago Fernando,@thyago_fr,https://twitter.com/thyago_fr/status/1612594781980426242,2023-01-09T23:38:51.000Z,"Tu tá de brincadeira, né?",0,0,0,https://twitter.com/lpbragancabr/status/1612592613760040960
kamikase1969,@AbareLuamir,https://twitter.com/AbareLuamir/status/1612595054517932034,2023-01-09T23:39:56.000Z,Dom ! Os congressistas não são mais ouvidos faz tempo . Vcs falam só pra vcs . O Supremo abafa as suas vozes.,0,0,1,https://twitter.com/lpbragancabr/status/1612592613760040960
mariana zaniboni,@mari_czaniboni,https://twitter.com/mari_czaniboni/status/1612595336580587521,2023-01-09T23:41:03.000Z,Parabéns pelo posicionamento!,0,0,0,https://twitter.com/lpbragancabr/status/1612592613760040960
andreia freitas,@decfreitas,https://twitter.com/decfreitas/status/1612595451169210368,2023-01-09T23:41:30.000Z,Parabéns!!👏,0,0,0,https://twitter.com/lpbragancabr/status/1612592613760040960
@lutaateofim,@lutaateofim,https://twitter.com/lutaateofim/status/1612595840912351233,2023-01-09T23:43:03.000Z,Esperar oq de vc? Kkkk,0,0,0,https://twitter.com/lpbragancabr/status/1612592613760040960
Jorge Luis,@tinolbl4,https://twitter.com/tinolbl4/status/1612596090037051394,2023-01-09T23:44:03.000Z,Voto?😂😂😂,0,0,0,https://twitter.com/lpbragancabr/status/1612592613760040960
