nome,usuario,idTweet,dataPublicacao,texto,replies,retweets,likes,tweetPai
АЯTHЦЯ & ЄЙЗѲ 🅒🅡🅕𝟭𝟴𝟵𝟱 ᶜʳᶠ,@ROGERMLC,https://twitter.com/ROGERMLC/status/1612154273223024642,2023-01-08T18:28:25.000Z,Boa meu Presida!,0,0,0,https://twitter.com/mello_bandeira/status/1612123332455075843
Sérgio Bandeira,@gicobandeira,https://twitter.com/gicobandeira/status/1612129641866592257,2023-01-08T16:50:33.000Z,"Não sei como o Telê preferia o Serginho Chulapa ao Roberto, que, na seleção, se entendia muito bem com o Zico. Ótimo pivô e excelente finalizador.",0,0,2,https://twitter.com/mello_bandeira/status/1612123332455075843
Carlos Ueslei,@carues77,https://twitter.com/carues77/status/1612184260160491522,2023-01-08T20:27:35.000Z,Boa meu presidente.,0,0,0,https://twitter.com/mello_bandeira/status/1612123332455075843
Judery Fonseca,@JuderyF,https://twitter.com/JuderyF/status/1612195260938985480,2023-01-08T21:11:18.000Z,Parabéns presidente. Um desportista age assim,0,0,0,https://twitter.com/mello_bandeira/status/1612123332455075843
Marcia Carvalho,@MarciaP55029618,https://twitter.com/MarciaP55029618/status/1612128320136835072,2023-01-08T16:45:18.000Z,👏👏👏,0,0,0,https://twitter.com/mello_bandeira/status/1612123332455075843
