nome,usuario,idTweet,dataPublicacao,texto,replies,retweets,likes,tweetPai
Fiscal Parlamentar de Direita #PL2630Não,@FiscalDireita,https://twitter.com/FiscalDireita/status/1614077142492647424,2023-01-14T01:49:13.000Z,Processa deputado! Processa porque senão essa turma não aprende a respeitar as pessoas e imputar crimes aleatórios,0,3,9,https://twitter.com/coronel_meira/status/1613880778210906112
Leticia,@esterav45769319,https://twitter.com/esterav45769319/status/1615060937739800591,2023-01-16T18:58:28.000Z,Vc ainda perde tempo respondendo acusações desta gente maluca?!,0,0,0,https://twitter.com/coronel_meira/status/1613880778210906112
CarlosAndre,@CAndre51,https://twitter.com/CAndre51/status/1614735891574013952,2023-01-15T21:26:51.000Z,Mas isso é uma mentira sem tamanho,0,2,4,https://twitter.com/coronel_meira/status/1613880778210906112
Lukas Douglas,@lukasdouglas_DI,https://twitter.com/lukasdouglas_DI/status/1615113991579369472,2023-01-16T22:29:17.000Z,"Isso já passou dos limites, estou certo  @paulobilynskyj1 @Biakicis",0,0,0,https://twitter.com/coronel_meira/status/1613880778210906112
Paulus LIBERTY,@topfeathers,https://twitter.com/topfeathers/status/1614742126884945920,2023-01-15T21:51:38.000Z,Para de alimentar a narrativa deles. Ate crianças de 5 anos já sabem que foi tudo tramado!,0,8,13,https://twitter.com/coronel_meira/status/1613880778210906112
Hosana _Had,@HosanaHad,https://twitter.com/HosanaHad/status/1614746842113404928,2023-01-15T22:10:22.000Z,#PachecoNÃO !!!! #PachecoNÃO  !!!#PachecoNÃO !!!! #PachecoNÃO  !!!#PachecoNÃO !!!! #PachecoNÃO  !!!#PachecoNÃO !!!! #PachecoNÃO  !!!#PachecoNÃO !!!! #PachecoNÃO  !!!#PachecoNÃO !!!! #PachecoNÃO  !!!#PachecoNÃO !!!! #PachecoNÃO  !!!,0,0,0,https://twitter.com/coronel_meira/status/1613880778210906112
