nome,usuario,idTweet,dataPublicacao,texto,replies,retweets,likes,tweetPai
TINHA QUE SER VIADO | CPX,@tinhaqserviado,https://twitter.com/tinhaqserviado/status/1613995199700602882,2023-01-13T20:23:36.000Z,"Não entendi, o STF não pode processar alguém que diz que vai “matar os juízes e suas famílias e esfregar a cara dos corpos no asfalto”, mas VOCÊ pode processar uma jornalista que disse que a senhor divulga fake news (que a sra já tem um processo sobre isso) q apoiam os atentados?",0,0,4,https://twitter.com/Biakicis/status/1613974908895383552
Matheus Fidelis @ 0.0.0.0,Matheus Fidelis @ 0.0.0.0,https://twitter.com/fidelissauro/status/1613987357711294464,2023-01-13T19:52:27.000Z,"ALA 
BIA KICIS
RECLAMANDO DE 

ACUSAÇÕES 
INFUNDADAS 

HAHAHAHAHAHAHAHAHAHAHAHAHAHAHAHAHAHAHAHAH 

2023 TÁ MTO LOKO BICHO HAHAHAHAHAHAHAH",0,0,10,https://twitter.com/Biakicis/status/1613974908895383552
Lopes Silva,@anlosito,https://twitter.com/anlosito/status/1613976680447475730,2023-01-13T19:10:01.000Z,"Sei lá, mas acho que você tá de deboche.
Sempre te vi fechada com o Bolsonaro.",3,1,46,https://twitter.com/Biakicis/status/1613974908895383552
Camarada,@irarafb,https://twitter.com/irarafb/status/1614303006081564673,2023-01-14T16:46:43.000Z,"sabotar o funcionamento ou apoderar-se, com violência, grave ameaça a pessoa ou servindo-se de mecanismos cibernéticos, do controle total ou parcial, ainda que de modo temporário, de meio de comunicação ou de transporte, de portos, aeroportos, estações ferroviárias ou rodoviárias",1,0,0,https://twitter.com/Biakicis/status/1613974908895383552
Fernando Paiva,@ofernandopaiva,https://twitter.com/ofernandopaiva/status/1613975887053230080,2023-01-13T19:06:52.000Z,"Estão caindo um a um, essa aí ainda resiste. o último que sair, por favor, apague a luz!",4,0,18,https://twitter.com/Biakicis/status/1613974908895383552
Valquiria dos Santos,@valqsantos13,https://twitter.com/valqsantos13/status/1614021029940154390,2023-01-13T22:06:15.000Z,"Durante 4 anos vocês ficaram jogando pra galera e incentivando o radicalismo. Seu presidente incentivou isso durante todo o processo eleitoral. O que aconteceu, nada mais é do que consequência do ódio e das mentiras que plantaram no meio dos fanáticos. Simples assim.",11,1,71,https://twitter.com/Biakicis/status/1613974908895383552
Alexandra Silva,@alexandras_es,https://twitter.com/alexandras_es/status/1613978614457896971,2023-01-13T19:17:42.000Z,"Parabéns DF Bia Kicis por usar a CF, que como bem estamos vendo está diuturnamente sendo rasgada, por aqueles que deveriam cumpri-la. Tempos sombrios.",14,0,11,https://twitter.com/Biakicis/status/1613974908895383552
Luiz Fernando,@Fernandotaz,https://twitter.com/Fernandotaz/status/1613992795424931840,2023-01-13T20:14:03.000Z,"Ih deputada, eu fiquei curioso e fui ler a reportagem, olha, sei não... Acho que a senhora já perdeu esse processo...",2,0,9,https://twitter.com/Biakicis/status/1613974908895383552
Capixaba,@Capixaba_COQ,https://twitter.com/Capixaba_COQ/status/1614052318496030720,2023-01-14T00:10:35.000Z,Tic tac....,1,1,4,https://twitter.com/Biakicis/status/1613974908895383552
Wander.,@wandernegao,https://twitter.com/wandernegao/status/1613992601916477454,2023-01-13T20:13:17.000Z,"É sempre assim...quando um barco começa afundar, os mal intencionados são os primeiros a pular.
A senhora deveria era ter vergonha...só isso que tenho a te dizer, ademais, a internet tá aí pra quem quiser...com tudo guardadinho para consultas e rememorização, em caso de dúvidas.",2,1,11,https://twitter.com/Biakicis/status/1613974908895383552
Rafael de Medeiros Vasconcelos,@ramedvasconcel1,https://twitter.com/ramedvasconcel1/status/1613984959961890816,2023-01-13T19:42:55.000Z,#BolsonaroNaCadeia2023 #ImpeachmentDeIbaneisRochaJá #SemAnistiaPraGolpistas,1,1,5,https://twitter.com/Biakicis/status/1613974908895383552
Eduardo,@Eduardombvboas,https://twitter.com/Eduardombvboas/status/1614032327402717184,2023-01-13T22:51:08.000Z,Pensei que estivesse falando do cartão corporativo.,1,0,1,https://twitter.com/Biakicis/status/1613974908895383552
Bezerra,@Bezerra32174359,https://twitter.com/Bezerra32174359/status/1613976528513306624,2023-01-13T19:09:25.000Z,"Parabéns, pelo posicionamento, tem que processar quando é atacado, dentro da lei. Sem proibir o direito de expressão!",5,0,12,https://twitter.com/Biakicis/status/1613974908895383552
Dr Benton Quest da Depressão,@GtallRik,https://twitter.com/GtallRik/status/1613975710405922816,2023-01-13T19:06:10.000Z,"Agora é assim... basta eles escreverem para virar processo no STF, e eles usam reportagens caluniosas como provas para condenar qualquer um",1,0,4,https://twitter.com/Biakicis/status/1613974908895383552
Juntos,@Carvalh56734087,https://twitter.com/Carvalh56734087/status/1613976175885287450,2023-01-13T19:08:01.000Z,"Bia, TMJ👍",1,0,2,https://twitter.com/Biakicis/status/1613974908895383552
Daniella Gomes Vital,@DaniellaGomesV1,https://twitter.com/DaniellaGomesV1/status/1613987990459584513,2023-01-13T19:54:58.000Z,Muito bem Bia,1,0,0,https://twitter.com/Biakicis/status/1613974908895383552
Carcamano II,@mradv22,https://twitter.com/mradv22/status/1614013296943812612,2023-01-13T21:35:31.000Z,"Deputada, isso não nos interessa, é problema seu. 
Pagamos seu salário para outra função, não a de autobiógrafa nem de informadora das próprias mazelas. 

Te vira e vá trabalhar!",0,0,6,https://twitter.com/Biakicis/status/1613974908895383552
LíviaMotta,@LivinhaMotta,https://twitter.com/LivinhaMotta/status/1614018813095301162,2023-01-13T21:57:26.000Z,"Deputada quando tiver com algo concreto realizado contra as aberrações que acontecem no nosso país, venha às redes sociais.",0,0,21,https://twitter.com/Biakicis/status/1613974908895383552
Marisa Rodriguez,@maquinasemarisa,https://twitter.com/maquinasemarisa/status/1614042112017702915,2023-01-13T23:30:01.000Z,Tudo bem Bia...agora vc foi ver as mulheres na colmeia com amesma rapidez que vc esta falando ai? esta se juntando a outros para fazer alguma estrategia?,0,1,3,https://twitter.com/Biakicis/status/1613974908895383552
André Brasil - Direita Sempre,@BrDestra,https://twitter.com/BrDestra/status/1614048702988951552,2023-01-13T23:56:13.000Z,"Deputada, a direita perdeu totalmente a autoridade e autonomia. Só um milagre nos salva.",0,0,3,https://twitter.com/Biakicis/status/1613974908895383552
Andrea Back to Red,@AndreaS79529927,https://twitter.com/AndreaS79529927/status/1613980746267652096,2023-01-13T19:26:10.000Z,"Você vai perder todos os processos , você comunica mortes falsas na tribuna.",2,1,84,https://twitter.com/Biakicis/status/1613974908895383552
Andrea Back to Red,@AndreaS79529927,https://twitter.com/AndreaS79529927/status/1613981215299670021,2023-01-13T19:28:02.000Z,"A que não checa a morte da idosa questionando o trabalho de alguém . Dona bia , quanto ganha um assessor seu pra fazer um serviço bom assim?",3,0,89,https://twitter.com/Biakicis/status/1613974908895383552
Núbia.,@nubia222222222,https://twitter.com/nubia222222222/status/1614437415178981377,2023-01-15T01:40:49.000Z,Tempos  sombrios,0,0,0,https://twitter.com/Biakicis/status/1613974908895383552
mgpd1955(Ly),@mgpd1955,https://twitter.com/mgpd1955/status/1619296256173674497,2023-01-28T11:28:07.000Z,Deveriam ter processados todos durante o governo passado. Começando tarde!,0,0,0,https://twitter.com/Biakicis/status/1613974908895383552
Cavaleiro do Apocalipse,@JosdaSil4,https://twitter.com/JosdaSil4/status/1614238898204602370,2023-01-14T12:31:59.000Z,Senhores Generais Honrem o Povo Brasileiro 🇧🇷,0,1,2,https://twitter.com/Biakicis/status/1613974908895383552
Mara Telles,@MaraTellesReal,https://twitter.com/MaraTellesReal/status/1613998311979028488,2023-01-13T20:35:58.000Z,🐝🐝🐝🐝🐝🐝🐝,2,0,8,https://twitter.com/Biakicis/status/1613974908895383552
Costa _ arrogante,@kimemono12,https://twitter.com/kimemono12/status/1613978650570854413,2023-01-13T19:17:51.000Z,"Não entendo porque os twitts dessa senhora continuam aparecendo na minha TL. Não sigo ela, não tenho apreço pela pessoa dela, fez um péssimo trabalho no DF como deputado (não aprovou nada de relevante). É um negócio bizonho.",2,0,13,https://twitter.com/Biakicis/status/1613974908895383552
Gorix Raman,@GorixRaman,https://twitter.com/GorixRaman/status/1613975789170458637,2023-01-13T19:06:29.000Z,A senhora gosta de mel? Tem uma colmeia 🍯 te esperando! Forte abraço 🤠,1,0,109,https://twitter.com/Biakicis/status/1613974908895383552
gaosilva,@gaosilva4,https://twitter.com/gaosilva4/status/1614019092226396161,2023-01-13T21:58:33.000Z,Já podia entrar com ação para ver quem pagou os gastos da festa do filhão,0,1,15,https://twitter.com/Biakicis/status/1613974908895383552
Luiz Fernando,@Fernandotaz,https://twitter.com/Fernandotaz/status/1613991396247015424,2023-01-13T20:08:30.000Z,"Muito bem deputada, processe a repórter, a justiça esta ai para isso. Mas se a repórter provar estar certa e a senhora perder vai ficar muito feio para sua cara em!!!",1,0,25,https://twitter.com/Biakicis/status/1613974908895383552
Marcial Costa,@MarcialCosta3,https://twitter.com/MarcialCosta3/status/1614028448200015880,2023-01-13T22:35:43.000Z,"Nada é mais importante do que essa cena .

Bia peloamordeDEUS DENUNCIE ISSO
FFAA BRAÇO FORTE MÃO ....",3,1,1,https://twitter.com/Biakicis/status/1613974908895383552
Idefix  ,@mustekoo,https://twitter.com/mustekoo/status/1614083215198666752,2023-01-14T02:13:21.000Z,Bia. Qualquer coisa que vc colocar em votação vai ser barrada. Você não entendeu ainda ?,0,0,2,https://twitter.com/Biakicis/status/1613974908895383552
Santista Zona Oeste.,@OesteSantista,https://twitter.com/OesteSantista/status/1613977106962055204,2023-01-13T19:11:43.000Z,Vc sempre pregou um golpe? Essa é a vdd,2,0,53,https://twitter.com/Biakicis/status/1613974908895383552
Daniel Ribas,@Danielribasbays,https://twitter.com/Danielribasbays/status/1613976160123379712,2023-01-13T19:07:57.000Z,"Boa tarde, Deputada",8,2,85,https://twitter.com/Biakicis/status/1613974908895383552
venuzia maria,@MariaVenuzia,https://twitter.com/MariaVenuzia/status/1614022139065016326,2023-01-13T22:10:39.000Z,Seu cargo é só para defender o bolsonarismo é? Qual  seu projeto de políticas públicas para nosso povo. A criação de empregos temos milhões de desempregados. Honre seu cargo e deixe de ser golpista.,2,1,41,https://twitter.com/Biakicis/status/1613974908895383552
Mauricio Ribeiro,@Mauribeiro75,https://twitter.com/Mauribeiro75/status/1613979424503828501,2023-01-13T19:20:55.000Z,Sabe o mais estranho?? Um pessoa como a senhora que trabalhou anos na justiça. Subiu à tribuna para dizer que uma senhora tinha morrido. Como como como explicar isso ?? Nada serviu sua experiência para descobrir a verdade ???,3,0,66,https://twitter.com/Biakicis/status/1613974908895383552
quevidaboa,@avidaehboa,https://twitter.com/avidaehboa/status/1613975472635023365,2023-01-13T19:05:13.000Z,"Mas, vc defende eles ou não?",1,0,3,https://twitter.com/Biakicis/status/1613974908895383552
Carlos,@gabrielcam13,https://twitter.com/gabrielcam13/status/1613977457954115584,2023-01-13T19:13:06.000Z,Tic Tac Tic tac Tic tac,1,0,8,https://twitter.com/Biakicis/status/1613974908895383552
Clint Eastwood Boladão,@ClintBoladao,https://twitter.com/ClintBoladao/status/1614008072112074752,2023-01-13T21:14:45.000Z,🤡,0,1,1,https://twitter.com/Biakicis/status/1613974908895383552
Adriana De Paula,@adrianapsax,https://twitter.com/adrianapsax/status/1614000207137488896,2023-01-13T20:43:30.000Z,"Ô querida Bia, a dra. ainda acredita na justiça?",0,0,1,https://twitter.com/Biakicis/status/1613974908895383552
Thaisstarling,@ThaisstarlingH,https://twitter.com/ThaisstarlingH/status/1613998150787960837,2023-01-13T20:35:20.000Z,Oi Bia....TIC-TAC TIC-TAC TIC-TAC TIC-TAC TIC-TAC TIC-TAC TIC-TAC TIC-TAC TIC-TAC TIC-TAC TIC-TAC,0,0,1,https://twitter.com/Biakicis/status/1613974908895383552
monica cecilia,@monicac32089680,https://twitter.com/monicac32089680/status/1613989639253266434,2023-01-13T20:01:31.000Z,"oi Bia, olha quem te mandou um abraço",1,0,95,https://twitter.com/Biakicis/status/1613974908895383552
Clint Eastwood Boladão,@ClintBoladao,https://twitter.com/ClintBoladao/status/1614008576673980416,2023-01-13T21:16:46.000Z,🤷,0,0,2,https://twitter.com/Biakicis/status/1613974908895383552
José Luiz Ribeiro Fontes,@JosLuiz02373565,https://twitter.com/JosLuiz02373565/status/1614224560072818690,2023-01-14T11:35:00.000Z,Parabéns deputada Bia kicis a senhora está fazendo um excelente trabalho que DEUS abençoe 🙏🙌,0,0,2,https://twitter.com/Biakicis/status/1613974908895383552
Maciel Joaquim,@EscultorMaciel,https://twitter.com/EscultorMaciel/status/1613979873642430466,2023-01-13T19:22:42.000Z,"Acontece q muitos q estão presos ou tem seus rostos divulgados nas mídias como terroristas, e sequer entraram nos prédios e muito menos quebraram algo. Estes merecem defesa pois tem seus rostos expostos,suas reputações por simplesmente estarem no gramado da esplanada.",3,1,2,https://twitter.com/Biakicis/status/1613974908895383552
Lourdes Antunes,@lurdinhaantunes,https://twitter.com/lurdinhaantunes/status/1614053208732606468,2023-01-14T00:14:07.000Z,Tá reclamando pq? Vcs não pediam intervenção federal?,0,0,1,https://twitter.com/Biakicis/status/1613974908895383552
Juliane Moura Garcia,@JulianeMouraGa2,https://twitter.com/JulianeMouraGa2/status/1614022451347718146,2023-01-13T22:11:54.000Z,"Isso mesmo Bia, faz provar essas acusações.",0,0,1,https://twitter.com/Biakicis/status/1613974908895383552
@BethMuniz2009,@BethMuniz2009,https://twitter.com/BMunizMuniz2009/status/1614054379622998016,2023-01-14T00:18:46.000Z,✅Da Série NÃO deu certo..,0,0,5,https://twitter.com/Biakicis/status/1613974908895383552
Ana,@apss_on,https://twitter.com/apss_on/status/1614240824463589376,2023-01-14T12:39:38.000Z,"Tocaram o terror Bia Kicis? 
Ainda bem que nunca confiei!
As pessoas só estavam revoltadas, cansadas de serem injustiçadas, foi um surto coletivo? Foi. Mas eles não mataram nem roubaram ""só"" quebraram algumas coisas isso pq é com dinheiro público q foi comprado então é do POVO",0,0,0,https://twitter.com/Biakicis/status/1613974908895383552
Sandra Ricciardi,@SandraRicciar14,https://twitter.com/SandraRicciar14/status/1614330869065605120,2023-01-14T18:37:26.000Z,"Bia tem que processar sim, mais 5TF inverte tudo",0,0,0,https://twitter.com/Biakicis/status/1613974908895383552
DiasDeLuta,@diadebriga,https://twitter.com/diadebriga/status/1614410802764877826,2023-01-14T23:55:04.000Z,"Tudo ""orgânico"" viu bia, pode confiar... O verdadeiro gdo estava do outro lado o tempo todo..",0,0,0,https://twitter.com/Biakicis/status/1613974908895383552
Cristiano Produtor,@crisprodutor,https://twitter.com/crisprodutor/status/1614466218945286148,2023-01-15T03:35:16.000Z,Tem o meu respeito,0,0,0,https://twitter.com/Biakicis/status/1613974908895383552
Dias Salles,@DiasSalles1,https://twitter.com/DiasSalles1/status/1614070673172824064,2023-01-14T01:23:31.000Z,"Estava escrito.
Basta assistir o documentário Lei da  Selva — A História do Jogo do Bicho.
Ex-PR Bolsonaro e Sen. Flávio Bolsonaro protegendo a milícia.
Assistam, vão reconhecer personagem da política nacional, bicheiros e milicianos.
Sem anistia.",2,0,2,https://twitter.com/Biakicis/status/1613974908895383552
Marcial Costa,@MarcialCosta3,https://twitter.com/MarcialCosta3/status/1614039256975949828,2023-01-13T23:18:40.000Z,"SÓ FALTA A SUÁSTICA 
CAMPO JA TEM",2,1,0,https://twitter.com/Biakicis/status/1613974908895383552
LadyNewton,@newtico21,https://twitter.com/newtico21/status/1613980905043038209,2023-01-13T19:26:48.000Z,Quer dizer que vc não incentivou ou passou pano para manifestações com pautas antidemocráticas?,7,1,60,https://twitter.com/Biakicis/status/1613974908895383552
Marcelo Alcântara,@marceloveratz1,https://twitter.com/marceloveratz1/status/1614066215672025089,2023-01-14T01:05:48.000Z,"“Depois de tanto proteger, em fim, Augusto de Brandão Aras autorizou a investigação de Jair Messias Bolsonaro. Algo que já era para ter acontecido a muito tempo. Esse é o pior PGR da história desse país. Vergonha!” Vão te achar.",2,0,1,https://twitter.com/Biakicis/status/1613974908895383552
Marisa Cruz,@estamulher44,https://twitter.com/estamulher44/status/1614054298475692033,2023-01-14T00:18:27.000Z,"Há alguns anos, você postou uma mentira que envolvia um PM que surtou e acabou abatido. Você mentiu e provocou uma onda de protestos violentos. Depois, apagou… é assim que você age…",1,0,16,https://twitter.com/Biakicis/status/1613974908895383552
Valquiria dos Santos,@valqsantos13,https://twitter.com/valqsantos13/status/1614021600411635719,2023-01-13T22:08:31.000Z,"Nas manifestações dos ""patriotas"" com as falas de ataques à democracia e as Instituições democráticas, não seria o combustível para os atos terroristas? E a minuta enco encontrada com o ex ministro, era só uma brincadeira? Quem vocês pensam que enganam?",4,0,25,https://twitter.com/Biakicis/status/1613974908895383552
Maria da Graca Pimentel,@mgpim,https://twitter.com/mgpim/status/1613984239959134209,2023-01-13T19:40:03.000Z,@AndreJanonesAdv @ThiagoResiste@slpng_giants_pt @BCartuns @C6Bank @oBoticario @xpinvestimentos @JeepDoBrasil #DesmonetizaJovemPan,0,1,6,https://twitter.com/Biakicis/status/1613974908895383552
Eu,@spadinoeu,https://twitter.com/spadinoeu/status/1613997871489028101,2023-01-13T20:34:13.000Z,Ta providenciando processo nada… ta providenciando tese de defesa!!! Seguraaaa Gadoooo!!!!,0,0,9,https://twitter.com/Biakicis/status/1613974908895383552
Tamara,@Tamar_Zis,https://twitter.com/Tamar_Zis/status/1614153362282512387,2023-01-14T06:52:05.000Z,"Pq políticos de Direita não judicializam tudo como os de Esquerda?
A guerra é judicial!!
Se tivéssemos 10 ""Randolfes"" da Direita, talvez o Brasil teria alguma chance de não ser comunista....@Biakicis  ajude os Patriotas presos!🙏🏻🙏🏻🇧🇷🇧🇷",0,2,10,https://twitter.com/Biakicis/status/1613974908895383552
Andrea Back to Red,@AndreaS79529927,https://twitter.com/AndreaS79529927/status/1613980906238115840,2023-01-13T19:26:49.000Z,O Xandão deve manter esse perfil ativo pra rir.,1,0,15,https://twitter.com/Biakicis/status/1613974908895383552
CéuGracia,@CeuGracia,https://twitter.com/CeuGracia/status/1613989148553093120,2023-01-13T19:59:34.000Z,"Se tem essa formação, tem o dever de saber que fake News é crime, no entanto…",0,0,7,https://twitter.com/Biakicis/status/1613974908895383552
Nicão Verdadeiro,@nicaoverdadeir1,https://twitter.com/nicaoverdadeir1/status/1613997400015933440,2023-01-13T20:32:21.000Z,Sentiu !!! kkkkkkkkkkkkkkkk,0,0,5,https://twitter.com/Biakicis/status/1613974908895383552
+Amor-ódio,@brauliovb89,https://twitter.com/brauliovb89/status/1613975223887331340,2023-01-13T19:04:14.000Z,PIPIPIPOPOPO,1,0,3,https://twitter.com/Biakicis/status/1613974908895383552
Júnior,@Jraqueleum,https://twitter.com/Jraqueleum/status/1613975627974967329,2023-01-13T19:05:50.000Z,A Senhora incitou sim,1,0,8,https://twitter.com/Biakicis/status/1613974908895383552
cabrito alado,@cabrito_alado,https://twitter.com/cabrito_alado/status/1613975870179246094,2023-01-13T19:06:48.000Z,"Nossa, dizer que voce, VOCE, apoia Bolsonaro e os atos golpistas D: Q absurdo",2,0,41,https://twitter.com/Biakicis/status/1613974908895383552
luis,@luis_robson,https://twitter.com/luis_robson/status/1613988549564502035,2023-01-13T19:57:11.000Z,""" sou formada em direito"". So lembrei do doutor paranhos kkkkkkk. E insistem na narrativa mentirosa de comparar isso aos mst 😂. Achei curioso dizer que defende as leis e é base de apoio do bolsonaro kkkkk. Valeu a tentativa, deputada, mas fica pra proxima",4,0,21,https://twitter.com/Biakicis/status/1613974908895383552
Roberto Rosa,@betofrosa,https://twitter.com/betofrosa/status/1614327754131922946,2023-01-14T18:25:04.000Z,Como advogada que preza as leis TB deve saber que pedir intervenção militar e destituição das instituições democráticas é crime. O que vem a ser incitação?,0,0,0,https://twitter.com/Biakicis/status/1613974908895383552
Rafael Medrado,@rafael_medrado,https://twitter.com/rafael_medrado/status/1614247417875939330,2023-01-14T13:05:50.000Z,"Vc tem que ser presa, amada Bia.",0,0,0,https://twitter.com/Biakicis/status/1613974908895383552
Regina Napoli,@ReginaNapoli2,https://twitter.com/ReginaNapoli2/status/1614278289866080256,2023-01-14T15:08:30.000Z,Parabéns,0,0,0,https://twitter.com/Biakicis/status/1613974908895383552
Pureza Junior,@PurezaJunior1,https://twitter.com/PurezaJunior1/status/1614232571998789633,2023-01-14T12:06:50.000Z,Ta com o zim piscando hein tia Kika. 🤣🤣🤣🤣🤣🤣🤣🤣🤣,0,0,0,https://twitter.com/Biakicis/status/1613974908895383552
Michelly Franco,@MichellyFranco5,https://twitter.com/MichellyFranco5/status/1614941789101735936,2023-01-16T11:05:01.000Z,"Bia, o deputado Arthur Lira é um bom presidente da câmara? Não seria melhor lançar um do PL e a população fazer pressão, igual estamos fazendo nos senadores? #PachecoNao",0,0,0,https://twitter.com/Biakicis/status/1613974908895383552
Fran Silva,@SilvaFranbeleza,https://twitter.com/SilvaFranbeleza/status/1614285653054726145,2023-01-14T15:37:46.000Z,"BIA, ACORDA. NÃO EXISTE MAIS JUSTIÇA NO BRASIL. VOCÊ PRECISA ACHAR UM JEITO DE PARAR OS COMUNISTAS NA BALA.",0,0,0,https://twitter.com/Biakicis/status/1613974908895383552
Mvalle,@Mvalle19855057,https://twitter.com/Mvalle19855057/status/1614232749224730624,2023-01-14T12:07:33.000Z,Essa mulher me representa !!!,0,0,0,https://twitter.com/Biakicis/status/1613974908895383552
Bruno,@Bruno15980566,https://twitter.com/Bruno15980566/status/1613976397864632347,2023-01-13T19:08:54.000Z,Tic tac,1,0,1,https://twitter.com/Biakicis/status/1613974908895383552
Francisco Alves Ferreira,@Francis90281006,https://twitter.com/Francis90281006/status/1614051307333222400,2023-01-14T00:06:33.000Z,"Base de apoio a Bolsonaro não tem moral para falar de leis, direitos ou qualquer coisa!",1,0,0,https://twitter.com/Biakicis/status/1613974908895383552
Clauzinha!!!,@klauzinhaaa,https://twitter.com/klauzinhaaa/status/1613976108881281049,2023-01-13T19:07:45.000Z,O print é eterno!,1,0,3,https://twitter.com/Biakicis/status/1613974908895383552
Magaly Franco,@MagalyF41370159,https://twitter.com/MagalyF41370159/status/1613979863567765520,2023-01-13T19:22:40.000Z,"Tô doida pra o Xandão concluir o inquérito das milícias digitais. E vc, tá no aguardo também?",1,0,8,https://twitter.com/Biakicis/status/1613974908895383552
fzzpro,@fzzpro,https://twitter.com/fzzpro/status/1613976770331672576,2023-01-13T19:10:22.000Z,Q meeedaaaaa,1,0,0,https://twitter.com/Biakicis/status/1613974908895383552
Jorge,@JorgeLeviFilho1,https://twitter.com/JorgeLeviFilho1/status/1613975262017748999,2023-01-13T19:04:23.000Z,Vai dormir!,1,0,1,https://twitter.com/Biakicis/status/1613974908895383552
UNI_TRICOLETE,@UNI_LETO,https://twitter.com/UNI_LETO/status/1613975588007444483,2023-01-13T19:05:41.000Z,Tic Tac,1,0,1,https://twitter.com/Biakicis/status/1613974908895383552
D_Rosa,@Darlan__Rosa,https://twitter.com/Darlan__Rosa/status/1613975496647114784,2023-01-13T19:05:19.000Z,Ta na hora de jair....,1,0,0,https://twitter.com/Biakicis/status/1613974908895383552
Sandra Costa,@SandraC36381992,https://twitter.com/SandraC36381992/status/1613976418626723840,2023-01-13T19:08:59.000Z,Vc tá com medo?,1,0,0,https://twitter.com/Biakicis/status/1613974908895383552
Viviane Martins,@vik_azevedo,https://twitter.com/vik_azevedo/status/1614243295437242368,2023-01-14T12:49:27.000Z,"Eleita para defender o Bolsonaro, e ainda nós que vamos pagar por isso. Oq aconteceu em Brasília pra está funcionária pública é menor  que a defesa de investigados.",0,0,0,https://twitter.com/Biakicis/status/1613974908895383552
TR13-Black _skull,@Tr13Rabelo,https://twitter.com/Tr13Rabelo/status/1614130940418064386,2023-01-14T05:22:59.000Z,Kkkkkkkkkkkk tic tac,0,0,0,https://twitter.com/Biakicis/status/1613974908895383552
Fernando Vidal,@Fernand35611393,https://twitter.com/Fernand35611393/status/1614292712001540096,2023-01-14T16:05:49.000Z,"Leviana, és tu, fascista",0,0,0,https://twitter.com/Biakicis/status/1613974908895383552
Claudia Helena,@Claudia18295407,https://twitter.com/Claudia18295407/status/1614587274464841730,2023-01-15T11:36:18.000Z,Porque nao investigam os que quebraram vão descobrir que são petistas infiltrados e quem os mandou?,0,0,0,https://twitter.com/Biakicis/status/1613974908895383552
Moacir de Paula Oliveira Filho,@moacir_usina,https://twitter.com/moacir_usina/status/1614324176956936192,2023-01-14T18:10:51.000Z,Golpista financiadora do terror,0,0,0,https://twitter.com/Biakicis/status/1613974908895383552
Mauro Reis,@mauro_reis,https://twitter.com/mauro_reis/status/1613982382989664258,2023-01-13T19:32:41.000Z,"A nobre deputada está preocupada com imagem e reputação, e ainda não aprendeu nada com a esquerda.

A esquerda faz, não fala, não faz bravata.

Estou vendo que em 6 meses nesse ritmo estarão todos de braços dados com o Lulinha paz e amor, assim como os governadores.",0,0,1,https://twitter.com/Biakicis/status/1613974908895383552
Solange Moraes,@solmoraes131170,https://twitter.com/solmoraes131170/status/1614066978745982978,2023-01-14T01:08:50.000Z,"Deputada, alguém vai socorrer o povo?",0,0,0,https://twitter.com/Biakicis/status/1613974908895383552
Prof Cesar LinChien,@profcesarsilva,https://twitter.com/profcesarsilva/status/1614075414120374276,2023-01-14T01:42:21.000Z,A Sra já ajuizou ou representou contra o policial que deu uma rasteira na mulher que passava mal?,0,0,0,https://twitter.com/Biakicis/status/1613974908895383552
Aline,@lindesbravadora,https://twitter.com/lindesbravadora/status/1613992000855937029,2023-01-13T20:10:54.000Z,"Eu estou tão descrente da justiça, que acha que isso não irá adiantar. E bem capaz da senhora ser presa. Esse país acabou, não temos a quem recorrer.",4,0,4,https://twitter.com/Biakicis/status/1613974908895383552
Ana Mila,@AnaPaulaMilan15,https://twitter.com/AnaPaulaMilan15/status/1613997615099613191,2023-01-13T20:33:12.000Z,Você é maravilhosa !,0,0,0,https://twitter.com/Biakicis/status/1613974908895383552
Fatima Oliveira,@FatimaO09665640,https://twitter.com/FatimaO09665640/status/1614026231795814411,2023-01-13T22:26:55.000Z,A prova de que eles sabiam e deixaram acontecer. Tem que punir. Flávio Dino e Dilmo.,0,0,0,https://twitter.com/Biakicis/status/1613974908895383552
dirceu nogueira,@dirceunogueira2,https://twitter.com/dirceunogueira2/status/1614075111346212866,2023-01-14T01:41:09.000Z,É isso Bia não dá mole pra esses safado não,0,0,0,https://twitter.com/Biakicis/status/1613974908895383552
Carla Mello,@CarlaMe86654134,https://twitter.com/CarlaMe86654134/status/1613975844807901192,2023-01-13T19:06:42.000Z,👏👏👏👏👏👏👏,1,0,1,https://twitter.com/Biakicis/status/1613974908895383552
Elidiane,@Elidian65084040,https://twitter.com/Elidian65084040/status/1613975802714140674,2023-01-13T19:06:32.000Z,Essa aí vivi de mi-mi-mi,1,0,0,https://twitter.com/Biakicis/status/1613974908895383552
Leonardo,@Cachorr25714043,https://twitter.com/Cachorr25714043/status/1613976393552887821,2023-01-13T19:08:53.000Z,Tem coisa mais importante a fazer não senhora?,1,0,1,https://twitter.com/Biakicis/status/1613974908895383552
Iraci Rebellato,@iracirebellato,https://twitter.com/iracirebellato/status/1613978593289244694,2023-01-13T19:17:37.000Z,"Parabéns Deputada! Sempre atuando dentro da lei!
Atitude rara no Brasil de hoje!",0,0,14,https://twitter.com/Biakicis/status/1613974908895383552
Patricia Fernandes,@Patrici64591641,https://twitter.com/Patrici64591641/status/1613978823728500755,2023-01-13T19:18:32.000Z,"Bia ainda tem alguém que consiga ser processado do lado d lá? Pq até onde sei lá mora a terra sem lei. Eles podem tudo. Já nos, não podemos nada.",1,0,7,https://twitter.com/Biakicis/status/1613974908895383552
pet de apartamento,@Malvadowna,https://twitter.com/Malvadowna/status/1613979208933380098,2023-01-13T19:20:04.000Z,Tu tá falando de vc mesma? Pq todo dia tu faz uma acusação grave leviana e infundada.... E sem falar nas milhares de fake news que tu espalha.,1,0,26,https://twitter.com/Biakicis/status/1613974908895383552
Ricardo Alves,@realriko,https://twitter.com/realriko/status/1613979424990367746,2023-01-13T19:20:55.000Z,Foi vossa senhoria que redigiu o decreto?,0,0,6,https://twitter.com/Biakicis/status/1613974908895383552
Vinícios Lima,@vynnylymah,https://twitter.com/vynnylymah/status/1613980002466275328,2023-01-13T19:23:13.000Z,Quem botou essa sra na minha tl?! Pqp ein…,0,0,14,https://twitter.com/Biakicis/status/1613974908895383552
lucas,@olukasas,https://twitter.com/olukasas/status/1613983363009855488,2023-01-13T19:36:34.000Z,"Senhora, mas é verdade ou fofoca mesmo? Poq você tem essa mania. Pegar fofoca e sair disseminando como verdade.",1,0,19,https://twitter.com/Biakicis/status/1613974908895383552
LadyNewton,@newtico21,https://twitter.com/newtico21/status/1613985613631393796,2023-01-13T19:45:31.000Z,"Acho que vc vai perder esse processo ai hein, não te sigo, o que eu sei de vc é por que fui obrigado, e pelo pouco que vi, acredito que vc incentivou manifestações antidemocráticas.",0,0,11,https://twitter.com/Biakicis/status/1613974908895383552
Romero Silvio Ribeiro,@RomeroRi2,https://twitter.com/RomeroRi2/status/1615093922400804870,2023-01-16T21:09:32.000Z,Fala ai quem é a maior mentirosa do Twitter no Brasil? Kkkkk,0,0,0,https://twitter.com/Biakicis/status/1613974908895383552
Sunshine,@MsSunshine03,https://twitter.com/MsSunshine03/status/1614224147210551302,2023-01-14T11:33:22.000Z,Vc tá é com medo! TIC TAC TIC TAC TIC TAC,0,0,0,https://twitter.com/Biakicis/status/1613974908895383552
Sunshine,@MsSunshine03,https://twitter.com/MsSunshine03/status/1614224832001970176,2023-01-14T11:36:05.000Z,"Nunca aconteceu no Brasil nada similar àquela barbárie. E, sim! Vários JURISTAS afirmam que foi terrorismo.",0,0,0,https://twitter.com/Biakicis/status/1613974908895383552
Sunshine,@MsSunshine03,https://twitter.com/MsSunshine03/status/1614225267488182274,2023-01-14T11:37:49.000Z,Vc está falando da sua verdade. Isso não é A verdade.,0,0,0,https://twitter.com/Biakicis/status/1613974908895383552
elias kaspary,@EliasKaspary,https://twitter.com/EliasKaspary/status/1614264169984843777,2023-01-14T14:12:24.000Z,Nós ajude deputada a senhora é a nossa voz nossa salvação,0,0,0,https://twitter.com/Biakicis/status/1613974908895383552
Marina Fe,@MarinaFe15,https://twitter.com/MarinaFe15/status/1615319068101197824,2023-01-17T12:04:11.000Z,Concordo plenamente contigo.,0,0,0,https://twitter.com/Biakicis/status/1613974908895383552
brainproductionsbooking,@brainprobooking,https://twitter.com/brainprobooking/status/1614117654318415875,2023-01-14T04:30:12.000Z,"Acusação grave, leviana e infundada? Tipo ""Matar uma Velhinha?""",0,0,0,https://twitter.com/Biakicis/status/1613974908895383552
Cleber Tavares,@cle30ber,https://twitter.com/cle30ber/status/1614074486935982081,2023-01-14T01:38:40.000Z,"Quase me convenceu. SQN! A senhora defendeu os terroristas ao não se posicionar para eles que a eleição foi transparente e que não houve fraude. A senhora e seu grupo incentivou para que eles ficassem nas portas dos quartéis, logo, apoiou os atos de terrorismo praticados.",0,0,2,https://twitter.com/Biakicis/status/1613974908895383552
Guilherme,@GuiDouAle,https://twitter.com/GuiDouAle/status/1614034514187268098,2023-01-13T22:59:50.000Z,A senhora é formada em direito? Sério? Tem apreço pelas leis? Não parece…me desculpe!,0,0,2,https://twitter.com/Biakicis/status/1613974908895383552
BANDA DIREITA,@banda_direita,https://twitter.com/banda_direita/status/1614657578499280896,2023-01-15T16:15:40.000Z,"1.Estamos c/ a sra. Precisamos urgentemente q a sra e todos acordem p/outra realidade.Leis,ñ tem mais valor, direitos ñ existem mais.Sua mente é cravada p/ um universo q foi suspenso. Precisamos da sra muito. Desculpe, mas as palavras aqui são limitadas demais. Estamos em perigo.",1,0,0,https://twitter.com/Biakicis/status/1613974908895383552
Eric FFC,@eric_ettorres,https://twitter.com/eric_ettorres/status/1613981663045816337,2023-01-13T19:29:49.000Z,"Li só os 10 primeiros comentários, tu tá no sal.",0,0,3,https://twitter.com/Biakicis/status/1613974908895383552
Guilesilva,@DersuUzala33,https://twitter.com/DersuUzala33/status/1613981841337290754,2023-01-13T19:30:31.000Z,Tic tac tic tac,0,0,2,https://twitter.com/Biakicis/status/1613974908895383552
Leticia,@letsamorim72,https://twitter.com/letsamorim72/status/1614036621569003520,2023-01-13T23:08:12.000Z,"Recebi esse vídeo hj e fiquei assustada com a violência, não sei da veracidade , mas deixo aqui para vossa apreciação.",1,0,1,https://twitter.com/Biakicis/status/1613974908895383552
vinicius eliud,@viniciuseliud,https://twitter.com/viniciuseliud/status/1613989985312702464,2023-01-13T20:02:53.000Z,Kkkkkkk vc tá com o C que não passa uma agulha,0,0,2,https://twitter.com/Biakicis/status/1613974908895383552
Salvio Kotter,@salvioluiz23,https://twitter.com/salvioluiz23/status/1614024977598058497,2023-01-13T22:21:56.000Z,"aproveita e me processa também, porque não é de agora que sabemos quem é você, de que lado você sempre esteve, e a baixa qualidade de sua alma, se a tem.",0,0,5,https://twitter.com/Biakicis/status/1613974908895383552
adriane daher,@dridridaher,https://twitter.com/dridridaher/status/1614216271108661248,2023-01-14T11:02:04.000Z,"Eu, no seu lugar, ficava disfarçada de grama, no campo de futebol da esquina, que é prá ficar menos ruim pra você. Só acho....",0,0,1,https://twitter.com/Biakicis/status/1613974908895383552
Eliacir,@Eliacir22,https://twitter.com/Eliacir22/status/1614229796300390401,2023-01-14T11:55:49.000Z,Parabéns Nosso Deputada Bia Kicis você sim merece todo o meu respeito estamos juntos nessa batalha 👍,0,0,1,https://twitter.com/Biakicis/status/1613974908895383552
Charles sombreiro,@Chalesomb,https://twitter.com/Chalesomb/status/1614176383542112257,2023-01-14T08:23:34.000Z,Não adianta querer pular do barco agora comeu melado .....,0,0,0,https://twitter.com/Biakicis/status/1613974908895383552
Edinaldo Estrela,@EdinaldoEstrela,https://twitter.com/EdinaldoEstrela/status/1614283953866686470,2023-01-14T15:31:01.000Z,"Quando o MST invade terras e agride fazendeiros e seguranças é terrorismo, mas àqueles que invadem instituições do Estado, destroem o que é do povo, agridem policiais e pedem intervenção militar e morte do opositores são vândalos. O problema é o mau caráter.",0,0,0,https://twitter.com/Biakicis/status/1613974908895383552
Bolôlô,@bololobiruta,https://twitter.com/bololobiruta/status/1614022775403909123,2023-01-13T22:13:11.000Z,Quem acredita que a bia beijos manja Memo da lei toma Rivotril com mijo de gato,0,0,2,https://twitter.com/Biakicis/status/1613974908895383552
Sérgio Murilo,@SrgioMu57904135,https://twitter.com/SrgioMu57904135/status/1614221583471579136,2023-01-14T11:23:10.000Z,A síntese do bolsonarismo (o tempo todo):,0,0,2,https://twitter.com/Biakicis/status/1613974908895383552
Carla Prota Guimarães,@Carla_Prota,https://twitter.com/Carla_Prota/status/1614060300789223424,2023-01-14T00:42:18.000Z,"Deputada, o apoio à tentativa de golpe pode ser dar por ação ou omissão.",0,0,1,https://twitter.com/Biakicis/status/1613974908895383552
Danilo Henrique Furtuna Tamagnini,@dhtamagnini,https://twitter.com/dhtamagnini/status/1614283789257306112,2023-01-14T15:30:21.000Z,Bla bla bla…,0,0,0,https://twitter.com/Biakicis/status/1613974908895383552
Eliege,@Eliege633871301,https://twitter.com/Eliege633871301/status/1616109229273669632,2023-01-19T16:24:00.000Z,"Este site tem que ir atrás daqueles que foram i filtrados horas antes nos 3 poderes e quebraram tudo, até o relógio parou horas antes dos patriotas entrarem, isto é a prova se que aconteceu horas antes, eles mesmos produziram as  provas, é só ver os posts..  e os vídeos.",0,0,0,https://twitter.com/Biakicis/status/1613974908895383552
Pedro Paulo S Rosa,@ppaulo_rosa,https://twitter.com/ppaulo_rosa/status/1614625574546472963,2023-01-15T14:08:29.000Z,"E a liberdade de expressão, acabou ?",0,0,0,https://twitter.com/Biakicis/status/1613974908895383552
José Gomes Da Silva,@JosGome00057920,https://twitter.com/JosGome00057920/status/1613976458954670081,2023-01-13T19:09:08.000Z,Vc tem meu respeito deputada,1,0,1,https://twitter.com/Biakicis/status/1613974908895383552
George Yoshinaga,@YoshinagaGeorge,https://twitter.com/YoshinagaGeorge/status/1614020883626053657,2023-01-13T22:05:40.000Z,Processado Bia Kicis???? Jura que ta falando isso? Onde? Em frente ue pais? Se for no Brasil a Sra. ta de brincadeira com minha cara.,0,0,0,https://twitter.com/Biakicis/status/1613974908895383552
Cris Seibert,@cris_seibert,https://twitter.com/cris_seibert/status/1614083922450649090,2023-01-14T02:16:09.000Z,"Primeiro: acredito que está muito preocupada com o seu umbigo e nada com a injustiça com 3 mil trabalhadores incriminados e sem seus direitos mínimos garantidos e protegê-los é a tua obrigação moral e constitucional! O que está fazendo a respeito, além de vídeos sem nexo?",0,0,0,https://twitter.com/Biakicis/status/1613974908895383552
bebeto,@josemberglibet1,https://twitter.com/josemberglibet1/status/1613996064079745025,2023-01-13T20:27:02.000Z,a senhora entende que ou vcs agem para fazer os impeachment do supremo ou vão casar e persegui vcs até prender como fez com Daniel Silveira,0,0,0,https://twitter.com/Biakicis/status/1613974908895383552
Sandro Sara,@sandrosara4,https://twitter.com/sandrosara4/status/1613975395388227602,2023-01-13T19:04:55.000Z,Vc ainda tá solta?,1,0,0,https://twitter.com/Biakicis/status/1613974908895383552
Alda,@aldagleisefs,https://twitter.com/aldagleisefs/status/1613990873926361088,2023-01-13T20:06:25.000Z,"Boa tarde Bia, torço por vcs mas até quando aquelas pessoas ficarão naquele lugar horrível e sem estrutura, no campo de concentração liderado por um bando de alocados e dominadores? Não vejo lá os verdadeiros seres que participaram efetivamente da depredação, onde estão? sumiram?",7,0,1,https://twitter.com/Biakicis/status/1613974908895383552
Flavio Müller,@flaviomuller,https://twitter.com/flaviomuller/status/1614049070703575040,2023-01-13T23:57:40.000Z,Sentiu.,0,0,0,https://twitter.com/Biakicis/status/1613974908895383552
Divapop,@checkmacht,https://twitter.com/checkmacht/status/1614005594297454607,2023-01-13T21:04:55.000Z,Excrota,0,0,0,https://twitter.com/Biakicis/status/1613974908895383552
thirson gomes,@thirson_gomes,https://twitter.com/thirson_gomes/status/1614094047420862464,2023-01-14T02:56:23.000Z,"as mentiras tb e um terrorismo, incitar tb e terrorismo, abre olho xandao vai chegar ai se DEus quizer, ja ta tremendo né.",0,0,0,https://twitter.com/Biakicis/status/1613974908895383552
Gabriel Garcia mas nao o Marquez,@garciagabrielrj,https://twitter.com/garciagabrielrj/status/1613980065624166410,2023-01-13T19:23:28.000Z,Tá trabalhando com o que agora? Advocacia?,0,0,0,https://twitter.com/Biakicis/status/1613974908895383552
Jennifer Vargas,@jennifervpsi,https://twitter.com/jennifervpsi/status/1614052166641106944,2023-01-14T00:09:58.000Z,E a liberdade da imprensa. Tu é comédia,0,0,1,https://twitter.com/Biakicis/status/1613974908895383552
Felipe Grecco,@fmalvick,https://twitter.com/fmalvick/status/1614008678687842304,2023-01-13T21:17:10.000Z,"Tá... quando a senhora fazer um video sem tremer a voz e sem gaguejar eu vejo... muito chato ver alguém ou nervoso, de brabo, ou de medo falando...",0,0,3,https://twitter.com/Biakicis/status/1613974908895383552
MAC,@CollMac,https://twitter.com/CollMac/status/1613988110618234881,2023-01-13T19:55:26.000Z,Quando essa@golpista vai para o conselho de ética @AndreJanonesAdv ?,0,0,1,https://twitter.com/Biakicis/status/1613974908895383552
Paulors2007,@Paulors2007,https://twitter.com/Paulors2007/status/1613998396255178779,2023-01-13T20:36:18.000Z,SÓ UM AVISO: GOLPISTAS VÃO MORAR NA CADEIA..,0,0,1,https://twitter.com/Biakicis/status/1613974908895383552
Christiano,@Christiano_1974,https://twitter.com/Christiano_1974/status/1613977414484299789,2023-01-13T19:12:56.000Z,Cêi.,0,0,1,https://twitter.com/Biakicis/status/1613974908895383552
Urubu Politiqueiro,@urubucanhoto,https://twitter.com/urubucanhoto/status/1614055479268839426,2023-01-14T00:23:08.000Z,Tinha que ter um controle melhor do ensino do Direito no país... Esse lance de prova da Ordem tá provando que muita gente fraca passa.,0,0,1,https://twitter.com/Biakicis/status/1613974908895383552
Antonio Rammos,@antoniorammos,https://twitter.com/antoniorammos/status/1614018742207369231,2023-01-13T21:57:09.000Z,Porque vc está justamente indignada e dedicando tempo a descrever o que é terrorismo e vandalismo. Será que é pq os terroristas lhe aprazem?,0,0,2,https://twitter.com/Biakicis/status/1613974908895383552
Eduardo de Costas,@EduardoDeCostas,https://twitter.com/EduardoDeCostas/status/1613986617009504256,2023-01-13T19:49:30.000Z,A senhora mentiu a morte de uma idosa na tribuna da Câmara. Sempre apoiou falas golpistas do Bolsonaro e incentivou o gado com isso.,0,0,30,https://twitter.com/Biakicis/status/1613974908895383552
Pablo󠁚󠁚 ⓩ #Lula,@om_figueiredo,https://twitter.com/om_figueiredo/status/1613996404413968385,2023-01-13T20:28:24.000Z,"Rosa Weber vê judiciário contaminado e quer punir juízes golpistas.
O CNJ (Conselho Nacional de Justiça) pretende fazer uma profunda limpeza no Ministério Público e em todo o Poder Judiciário, inclusive com juízes e desembargadores.",0,0,5,https://twitter.com/Biakicis/status/1613974908895383552
Pablo󠁚󠁚 ⓩ #Lula,@om_figueiredo,https://twitter.com/om_figueiredo/status/1613996787756372009,2023-01-13T20:29:55.000Z,"Para quem não entendeu ainda, eles estavam prontos a saquear a democracia. 

Repito: eleitores de Bolsonaro, vocês ainda podem saltar do trem. A escolha não é difícil.",0,1,2,https://twitter.com/Biakicis/status/1613974908895383552
Magno Sampaio,@MagnoSampaio2,https://twitter.com/MagnoSampaio2/status/1613998167019687952,2023-01-13T20:35:24.000Z,A senhora não tava compartilhando falecimento da senhorinha do google imagens esses dias?,0,0,7,https://twitter.com/Biakicis/status/1613974908895383552
RenanBulbassauru,@renanbulba,https://twitter.com/renanbulba/status/1614011954624106496,2023-01-13T21:30:11.000Z,Você fomentou tudo o que aconteceu em Brasília sua irresponsável,0,0,15,https://twitter.com/Biakicis/status/1613974908895383552
Ermitão SDV,@vislumbrer,https://twitter.com/vislumbrer/status/1614027156702519298,2023-01-13T22:30:35.000Z,"Quando um terrorista senta numa mesa todos devem levantar e ir embora, a senhora pede mais um chope.",0,0,62,https://twitter.com/Biakicis/status/1613974908895383552
Jether Carlayt,@jcarlayt,https://twitter.com/jcarlayt/status/1614048094320033792,2023-01-13T23:53:47.000Z,"Tadinha
Kkkkkkkkkkkkkkkkkkk kkkkkkkkkkkkkkkkkkk kkkkkkkkkkkkkkkkkkk kkkkkkkkkkkkkkkkkkk kkkkkkkkkkkkkkkkkkk kkkkkkkkkkkkkkkkkkk kkkkkkkkkkkkkkkkkkk kkkkkkkkkkkkkkkkkkk kkkkkkkkkkkkkkkkkkk kkkkkkkkkkkkkkkkkkk kkkkkkkkkkkkkkkkkkk kkkkkkkkkkkkkkkkkkk kkkkkkkkkkkkkkkkkkk kkkkkkkkkkk",0,0,5,https://twitter.com/Biakicis/status/1613974908895383552
fabio campos,@camposfabio,https://twitter.com/camposfabio/status/1614213953361412096,2023-01-14T10:52:51.000Z,"Por isso que falo pegar os últimos 4anos de mandato da sra até aqui e montar um peça jurídica sem chance de contestação,pq material produzido teve é só reuni-lo",0,0,0,https://twitter.com/Biakicis/status/1613974908895383552
Gregorio Salles,@salles_gregorio,https://twitter.com/salles_gregorio/status/1614174458935382016,2023-01-14T08:15:55.000Z,Formada em direito e defende Bolsonaro? Eu eim…,0,0,0,https://twitter.com/Biakicis/status/1613974908895383552
Argollo,@argollovmarcus,https://twitter.com/argollovmarcus/status/1614109190657806337,2023-01-14T03:56:34.000Z,KKKKKKKKK,0,0,0,https://twitter.com/Biakicis/status/1613974908895383552
Marcos,@Marcos53102542,https://twitter.com/Marcos53102542/status/1614145673036795905,2023-01-14T06:21:32.000Z,"Deputada legal sua posição mais já era acabou entrar na justiça hj é para o erro, esse é o retrato da justiça hj",0,0,0,https://twitter.com/Biakicis/status/1613974908895383552
Maria Candido Zanette,@ZanetteCandido,https://twitter.com/ZanetteCandido/status/1614095288242774016,2023-01-14T03:01:19.000Z,Ta certo  verdade,0,0,0,https://twitter.com/Biakicis/status/1613974908895383552
ibarros,@BarroIzaias,https://twitter.com/BarroIzaias/status/1614105396616089601,2023-01-14T03:41:29.000Z,A casa caiu?,0,0,0,https://twitter.com/Biakicis/status/1613974908895383552
cristiane batista,@crisbatista19,https://twitter.com/crisbatista19/status/1614107507269541888,2023-01-14T03:49:53.000Z,"Vai ser nem fácil provar isto tudo contra vc, vai perder o processo",0,0,0,https://twitter.com/Biakicis/status/1613974908895383552
iclea costa,@costa_iclea,https://twitter.com/costa_iclea/status/1614188399744913408,2023-01-14T09:11:19.000Z,Só fica nos bastidores.,0,0,0,https://twitter.com/Biakicis/status/1613974908895383552
luciana leandro -BRASIL acima de tudo,@lucianaleandrol,https://twitter.com/lucianaleandrol/status/1614194431678087168,2023-01-14T09:35:17.000Z,"Bia, seja inteligente,elogie o PT e sobreviva. Esqueça essa história de luta e direitos iguais,eles estão no poder e nada vai mudar isso.",0,0,0,https://twitter.com/Biakicis/status/1613974908895383552
Sonia Ferreira,@Sonia271682,https://twitter.com/Sonia271682/status/1614100271881424896,2023-01-14T03:21:08.000Z,"Doida pra ser CASSADA!!!
TIC -TAC TIC-TAC TIC-TAC
TIC -TAC TIC-TAC TIC-TAC",0,0,0,https://twitter.com/Biakicis/status/1613974908895383552
Marcos Fernando Leonel,@psico_logando,https://twitter.com/psico_logando/status/1614112524903014404,2023-01-14T04:09:49.000Z,"😂 🤣 🤣 Pode processar, também será presa... Fascistas NÃO PASSARÃO",0,0,0,https://twitter.com/Biakicis/status/1613974908895383552
Leonardo,@Leonard42473942,https://twitter.com/Leonard42473942/status/1614123604722982912,2023-01-14T04:53:50.000Z,"Você era procuradora, ou seja, impossível você querer defender a verdade kkkk",0,0,0,https://twitter.com/Biakicis/status/1613974908895383552
Tom Amaral,@TomAmaral22,https://twitter.com/TomAmaral22/status/1614698520279416832,2023-01-15T18:58:21.000Z,Parabéns deputada Bia Kicis pelo seu trabalho legislativo 👏👏,0,0,0,https://twitter.com/Biakicis/status/1613974908895383552
Ari César Teixeira,@AriCsarTeixeir1,https://twitter.com/AriCsarTeixeir1/status/1614234507095277569,2023-01-14T12:14:32.000Z,"Kkkkk sério, qtas atrocidades vc falou contra as instituições?  Vai dormir mulher um tanque de roupa pra lavar",0,0,0,https://twitter.com/Biakicis/status/1613974908895383552
inconformadadoBrasil,@inconformadado,https://twitter.com/inconformadado/status/1614184494411485185,2023-01-14T08:55:48.000Z,Pessoa insuportável fácil de pegar nojo. Fico besta como Brasília elegeu este tipo de gente.,0,0,0,https://twitter.com/Biakicis/status/1613974908895383552
