nome,usuario,idTweet,dataPublicacao,texto,replies,retweets,likes,tweetPai
Amanda,@Amanda52317946,https://twitter.com/Amanda52317946/status/1613794276730875904,2023-01-13T07:05:13.000Z,"O Brasil está um País tão seguro, q o ministro da justiça tá mais preocupado com fake News do q bandidos !",2,1,11,https://twitter.com/SargentoFAHUR/status/1613786168037965825
Antonio Siqueira 22,@Antonio01465706,https://twitter.com/Antonio01465706/status/1613794176516395010,2023-01-13T07:04:49.000Z,"Eu acho que essa gente está mais preocupada com as verdades do que com as mentiras. Até o momento não vi nenhum deles falar em combate a corrupção. Acusam @jairbolsonaro de envolvimento com milícias até hoje, mas é no atual governo que há uma ministra miliciana.",2,0,8,https://twitter.com/SargentoFAHUR/status/1613786168037965825
Edson Dias,@Ediasspin,https://twitter.com/Ediasspin/status/1613786348116398081,2023-01-13T06:33:42.000Z,Bom dia Fahur!!!,2,0,2,https://twitter.com/SargentoFAHUR/status/1613786168037965825
Katalin Geőcze,@katalinkacg,https://twitter.com/katalinkacg/status/1614264425732505602,2023-01-14T14:13:25.000Z,"Excelente! 
As pessoas têm q ter mais critérios em divulgar “Fakenews”, inclusive nós da esquerda, q, às vezes, inocentemente, devido a notícia ser de interesse à militância, crê q seja verídica.

Porém, isso ñ pode servir de álibi ao compartilhamento de notícias falsas.👇",1,0,0,https://twitter.com/SargentoFAHUR/status/1613786168037965825
Gério 65,@RogerioF1965,https://twitter.com/RogerioF1965/status/1613910024828452864,2023-01-13T14:45:09.000Z,"Já ouviu aquela frase: ""Repita 1000 vezes uma mentira, que ela se tornará verdade""?
Como punir por uma coisa que pode ser quase impossível de ser definido?
Quantas vezes o que era verdade pra você, não era para um outro?",1,0,0,https://twitter.com/SargentoFAHUR/status/1613786168037965825
Peter_ Lyra,@Peter_Lyra,https://twitter.com/Peter_Lyra/status/1614300854198145024,2023-01-14T16:38:10.000Z,Sabujo do BoZo. 🤮🤮🤮,0,0,1,https://twitter.com/SargentoFAHUR/status/1613786168037965825
Gefferson Manoel,@GeffersonMsilva,https://twitter.com/GeffersonMsilva/status/1613873735718543361,2023-01-13T12:20:57.000Z,"Na minha opinião, acho que todos os parlamentares deveriam tomar uma posição, para intervir contra este governo pois deixaram um ex-presidiário concorrer uma eleição.",0,0,1,https://twitter.com/SargentoFAHUR/status/1613786168037965825
Bruno Piccoli,@brunopiccoli,https://twitter.com/brunopiccoli/status/1614077947400585216,2023-01-14T01:52:25.000Z,Se tem 2.139 é porque cabem 2.139 🤷🏻‍♂️,0,1,16,https://twitter.com/SargentoFAHUR/status/1613786168037965825
Jessica Oliveira,@Jessica76453311,https://twitter.com/Jessica76453311/status/1613915718973636610,2023-01-13T15:07:47.000Z,BRASIL TA DIFÍCIL 50%LADRÃO 50%TERRORISTAS HAHAHA,0,0,1,https://twitter.com/SargentoFAHUR/status/1613786168037965825
claudio gomes pereira,@claudioatelier,https://twitter.com/claudioatelier/status/1613810902226141184,2023-01-13T08:11:16.000Z,"De corrupção e desvio de dinheiro público ele entende bem, os respiradores superfaturados não chegaram até hoje e o dinheiro que Bolsonaro enviou para a pandemia sumiu.
Como pode ser ministro da justiça com esses antecedentes?.
Bem, o Calheiros também é o mesmo caso.",1,0,10,https://twitter.com/SargentoFAHUR/status/1613786168037965825
Raquel Orcelli,@Orcelli82,https://twitter.com/Orcelli82/status/1614864071538479104,2023-01-16T05:56:12.000Z,Querem ir calando e controlando as mentiras deles pra que ninguém fale contra 🤮,0,0,0,https://twitter.com/SargentoFAHUR/status/1613786168037965825
Dark Lula: Vingança,@Galvanize77,https://twitter.com/Galvanize77/status/1614248078885752837,2023-01-14T13:08:27.000Z,"Faz o seu aí, fera. Não sabe escrever não?",0,0,0,https://twitter.com/SargentoFAHUR/status/1613786168037965825
Camilla,@KetellenCamilla,https://twitter.com/KetellenCamilla/status/1614271725503664128,2023-01-14T14:42:25.000Z,Bom que Bolsonaro não se elege mais,0,0,2,https://twitter.com/SargentoFAHUR/status/1613786168037965825
Josemir B,@JosemirB2,https://twitter.com/JosemirB2/status/1613848909004029953,2023-01-13T10:42:18.000Z,anticorrupcao nao vai ter,0,0,2,https://twitter.com/SargentoFAHUR/status/1613786168037965825
Abandoned/Abandonado,@naluisio,https://twitter.com/naluisio/status/1613951119058767900,2023-01-13T17:28:27.000Z,O cara não respeita o corpo quer falar de justiça,1,0,0,https://twitter.com/SargentoFAHUR/status/1613786168037965825
Sátiro,@Stiro40686498,https://twitter.com/Stiro40686498/status/1614095086437924865,2023-01-14T03:00:31.000Z,"Meio tarde pra entregar pro Bozo, mesmo assim teria que ser em quadrinhos, ele não gosta de muitas letras.",0,0,5,https://twitter.com/SargentoFAHUR/status/1613786168037965825
Roney33,@roney331,https://twitter.com/roney331/status/1613980035227992070,2023-01-13T19:23:21.000Z,"@SargentoFAHUR no freestyle orweliano combate as fakenews combate só as noticias antisistema, da mesma forma que lei anticorrupção só combate aqueles que são contra os corrupyos",0,0,1,https://twitter.com/SargentoFAHUR/status/1613786168037965825
Ana Paula,@AnaPaullalm,https://twitter.com/AnaPaullalm/status/1614278105362845697,2023-01-14T15:07:46.000Z,"Se postou tem que provar , simples assim!",0,0,2,https://twitter.com/SargentoFAHUR/status/1613786168037965825
M. Andrade,@marcosc49699060,https://twitter.com/marcosc49699060/status/1613848458867138561,2023-01-13T10:40:31.000Z,"Aí o senhor pediu demais, eles aí nunca rezaram o pai nosso.",0,0,0,https://twitter.com/SargentoFAHUR/status/1613786168037965825
semy,@swr69,https://twitter.com/swr69/status/1613933020293074950,2023-01-13T16:16:32.000Z,Cade a prisao do Dino ? O mesmo que governador é o mesmo para o Dino .,0,0,0,https://twitter.com/SargentoFAHUR/status/1613786168037965825
Chico,@FranciscoJairF6,https://twitter.com/FranciscoJairF6/status/1614000813814255616,2023-01-13T20:45:55.000Z,É isso aí sargento não da mole não.,0,0,0,https://twitter.com/SargentoFAHUR/status/1613786168037965825
Silvio César Corrêa Valentim,@SilvioCsarCorr1,https://twitter.com/SilvioCsarCorr1/status/1613862771283660800,2023-01-13T11:37:23.000Z,"Ótimo????? Quem vai dizer o que é ""fakenews"" ?? O PT/governo? O senhor acha certo o governo determinar o que é o não verdadeiro? Isso não pode passar !!! Será o fim de qualquer liberdade( que estamos quase sem mesmo !!)",0,0,0,https://twitter.com/SargentoFAHUR/status/1613786168037965825
RoneiAntonio,@RoneiAntonio,https://twitter.com/RoneiAntonio/status/1613863976428863489,2023-01-13T11:42:10.000Z,Boa combatente!!!!!,0,0,0,https://twitter.com/SargentoFAHUR/status/1613786168037965825
Brazil in mourning,@WeldeMJS,https://twitter.com/WeldeMJS/status/1614075385192366081,2023-01-14T01:42:14.000Z,Ele tem que ir atrás de quem matou CELSO DANIEL,0,0,0,https://twitter.com/SargentoFAHUR/status/1613786168037965825
pigoinc,@pigoinc75,https://twitter.com/pigoinc75/status/1613834960263077890,2023-01-13T09:46:52.000Z,Desde quando eles precisam de lei?,0,0,0,https://twitter.com/SargentoFAHUR/status/1613786168037965825
Mohamed kelinrabah,@Mkelinrabah,https://twitter.com/Mkelinrabah/status/1613853270380007424,2023-01-13T10:59:38.000Z,Vão pegar eles mesmos!!,0,0,0,https://twitter.com/SargentoFAHUR/status/1613786168037965825
Dri_Observadora,@essencia_alma,https://twitter.com/essencia_alma/status/1613886620520022016,2023-01-13T13:12:09.000Z,Dias sombrios,0,0,0,https://twitter.com/SargentoFAHUR/status/1613786168037965825
Marcio,@mpmconsultoria,https://twitter.com/mpmconsultoria/status/1613855462700498944,2023-01-13T11:08:20.000Z,Boa ideia.,0,0,0,https://twitter.com/SargentoFAHUR/status/1613786168037965825
Juney Reis,@juneyreis,https://twitter.com/juneyreis/status/1613880529530810375,2023-01-13T12:47:57.000Z,Quais projetos o senhor aprovou até o momento?,0,0,0,https://twitter.com/SargentoFAHUR/status/1613786168037965825
Cidadão do Mundo,@mundo_cidadao,https://twitter.com/mundo_cidadao/status/1613878428851109891,2023-01-13T12:39:36.000Z,Em 4 anos não tivemos....,0,1,7,https://twitter.com/SargentoFAHUR/status/1613786168037965825
Censurado,@Censurado2222,https://twitter.com/Censurado2222/status/1613786537094684673,2023-01-13T06:34:27.000Z,E um anti-covardia também. Bando de covardes canalhas. CANALHAS.,0,0,0,https://twitter.com/SargentoFAHUR/status/1613786168037965825
Marco Nobre,@Marco_Nobre2022,https://twitter.com/Marco_Nobre2022/status/1613833873196044290,2023-01-13T09:42:33.000Z,🫡🫡🫡,0,0,0,https://twitter.com/SargentoFAHUR/status/1613786168037965825
Luiz Osvaldo Ignácio,@LuizOsvaldoIgn1,https://twitter.com/LuizOsvaldoIgn1/status/1613927752188497921,2023-01-13T15:55:36.000Z,Ou faz igual ao teu mito bozzo LADRÃO. Impede as investigações para dizer que não existe corrupção,0,0,0,https://twitter.com/SargentoFAHUR/status/1613786168037965825
Júnior Sálles,@JuniorSalles84,https://twitter.com/JuniorSalles84/status/1614119116843134976,2023-01-14T04:36:00.000Z,https://youtube.com/live/4nz75vruv7s?feature=share…Ai,0,0,0,https://twitter.com/SargentoFAHUR/status/1613786168037965825
Val_santos,@valdeter6,https://twitter.com/valdeter6/status/1623620846504841218,2023-02-09T09:52:29.000Z,Kkkk ele é  o próprio fake news...merda de gente . So serve para encher a barriga e a boca pra falar merda.,0,0,0,https://twitter.com/SargentoFAHUR/status/1613786168037965825
Fredd barros,@Gabs17340459,https://twitter.com/Gabs17340459/status/1613789185227325441,2023-01-13T06:44:59.000Z,Acha que são loucos em tocar nesse assunto de corrupção.....,0,0,0,https://twitter.com/SargentoFAHUR/status/1613786168037965825
Luiz CALDANI 13,@caldani_luiz,https://twitter.com/caldani_luiz/status/1614237540143316993,2023-01-14T12:26:35.000Z,TERRORISTAS BOLSONARISTAS NA CADEIA JUNTO COM BOLSONARO.,0,0,0,https://twitter.com/SargentoFAHUR/status/1613786168037965825
Luiz CALDANI 13,@caldani_luiz,https://twitter.com/caldani_luiz/status/1614237755932016645,2023-01-14T12:27:26.000Z,SEM PERDÃO PARA GOLPISTAS. ARRUACEIROS NA CADEIA JUNTO COM BOLSONARO,0,0,1,https://twitter.com/SargentoFAHUR/status/1613786168037965825
Luiz CALDANI 13,@caldani_luiz,https://twitter.com/caldani_luiz/status/1614237836991160320,2023-01-14T12:27:46.000Z,SEM PERDÃO,1,0,2,https://twitter.com/SargentoFAHUR/status/1613786168037965825
Adriana spgp.,@Adriana59430996,https://twitter.com/Adriana59430996/status/1614247245817298947,2023-01-14T13:05:09.000Z,"Tá solto ainda tiu ????  Vai ser por pouco tempo, tic tac bozoloide",0,0,0,https://twitter.com/SargentoFAHUR/status/1613786168037965825
Felipe Amorim,@o_amorim,https://twitter.com/o_amorim/status/1614940845714685955,2023-01-16T11:01:16.000Z,Será que o Sardento Fahur ajudou o c-bozo a chupar algumas das bolas?,0,0,0,https://twitter.com/SargentoFAHUR/status/1613786168037965825
Neilor Jr Schindler,@neilor_junior,https://twitter.com/neilor_junior/status/1613957784571084805,2023-01-13T17:54:56.000Z,"Comentários pontuais, inteligentes.
Perspicácia ímpar.
Impressões ""cirúrgicas"" sobre os fatos.
Sugestões e alternativas coerentes.
Homem sereno, sábio, íntegro.
Não. Não é o Fahur.
Os predicados acima podem ser de muitos pais e avôs
Essa morsa velha é apenas uma ratazana.
 Veiaco",0,0,0,https://twitter.com/SargentoFAHUR/status/1613786168037965825
DreamScape,@DRSCPE,https://twitter.com/DRSCPE/status/1613808792361205761,2023-01-13T08:02:53.000Z,Esse trouxa do Flavio Dino acha mesmo que uma palhaçada dessas vai passar nesse novo congresso.,0,0,0,https://twitter.com/SargentoFAHUR/status/1613786168037965825
elviscell,@elviscell19,https://twitter.com/elviscell19/status/1615064893920579593,2023-01-16T19:14:11.000Z,"Já basta um DITADOR no STF, imagina se esse cidadão consegue uma vaga tbm pra ser ministro do STF,a china vai parecer um parque de diversões, perto quê eles vão implantar!!!",0,0,0,https://twitter.com/SargentoFAHUR/status/1613786168037965825
Stepenovski,@stepenovski,https://twitter.com/stepenovski/status/1614231954458656768,2023-01-14T12:04:23.000Z,"Vc é deputado por que não envia um projeto sobre anticorrupção?

Ou não sabe o dever de um deputado?",0,0,0,https://twitter.com/SargentoFAHUR/status/1613786168037965825
Fóssil Porra,@FossilPorra,https://twitter.com/FossilPorra/status/1615159788232474625,2023-01-17T01:31:16.000Z,vc tá aí defendendo corrupto ha 5 anos seu merda.,0,0,0,https://twitter.com/SargentoFAHUR/status/1613786168037965825
Alexandre_German,@germanrjbr,https://twitter.com/germanrjbr/status/1613870167326609409,2023-01-13T12:06:46.000Z,Tu avha que este merda vai combater o crime ? Vlaro que não a preocupacao dele e com o povo,0,0,0,https://twitter.com/SargentoFAHUR/status/1613786168037965825
*Soberania,@Neg_POETA,https://twitter.com/Neg_POETA/status/1614285975357726727,2023-01-14T15:39:03.000Z,"Obrigado por nos ensinar @SargentoFAHUR , se tem 2.139 e porque cabe 2.139, e tá chegando mais
Oi Carlos Tic Tac",1,0,4,https://twitter.com/SargentoFAHUR/status/1613786168037965825
Douglas Sousa,@Douglas84661442,https://twitter.com/Douglas84661442/status/1614257940503871491,2023-01-14T13:47:39.000Z,"Sim concordo com você, não pode ter corrupção, independente da idiologia política roubou dinheiro do povo cadeia,mais cadeia de verdade presídio federal.",0,0,0,https://twitter.com/SargentoFAHUR/status/1613786168037965825
Netto Oliveira Antifa LULAPLANISTA,@Nettoantifa1983,https://twitter.com/Nettoantifa1983/status/1613994776465969169,2023-01-13T20:21:55.000Z,"Já tem fahur, mas tu é um véio sem vergonha, e não vai admitir, o melhor pacote anticorrupção ta na gaveta do pilantra do lira, e foi feito pela dilma!
Inclusive quando ela aprovou o primeiro eles derrubaram ela, o fim do financiamento empresarial de campanha!",0,0,0,https://twitter.com/SargentoFAHUR/status/1613786168037965825
Cilmar,@CilmarDemocrata,https://twitter.com/CilmarDemocrata/status/1614270189385785352,2023-01-14T14:36:19.000Z,"Sargento, o senhor ainda continua defendendo o miliciano, mesmo depois de todas as provas que estão sendo apresentadas? Desse jeito, serei obrigado a acreditar que o senhor também é fascista, miliciano, corrupto e mau caráter!!",1,0,3,https://twitter.com/SargentoFAHUR/status/1613786168037965825
Juiz Inácio Mula da Silva,@MAutomatizada,https://twitter.com/MAutomatizada/status/1614049668631269376,2023-01-14T00:00:03.000Z,"Provavelmente a proposta será a direita terá direito à 1 candidato
Este candidato terá direito à 1 milheiro de santinho e seu partido será escolhido pela esquerda
Ele não poderá fazer campanha
Seus santinhos serão deixados nos balcões de padaria e se alguém pedir voto vai preso",0,0,0,https://twitter.com/SargentoFAHUR/status/1613786168037965825
Flavia Teixeira,@flaviabteixeira,https://twitter.com/flaviabteixeira/status/1614212942563627011,2023-01-14T10:48:50.000Z,Não vai falar sobre isso?,0,0,1,https://twitter.com/SargentoFAHUR/status/1613786168037965825
Vini,@Dm84Vini,https://twitter.com/Dm84Vini/status/1613864768321867776,2023-01-13T11:45:19.000Z,Você é bem seletivo né bigode?,0,0,0,https://twitter.com/SargentoFAHUR/status/1613786168037965825
O Brasil Volto...,@Brasil_acaminho,https://twitter.com/Brasil_acaminho/status/1616196907319042049,2023-01-19T22:12:24.000Z,"Mas o derrotado fugiu e diz q não volta mais. 
A corrupção então acabou.",0,0,0,https://twitter.com/SargentoFAHUR/status/1613786168037965825
Paulo Avelino Oliveiira,@AvelinoOL_,https://twitter.com/AvelinoOL_/status/1613826686327607298,2023-01-13T09:14:00.000Z,"Melhor seria uma máquina que prendesse corruptos, para ver se pelo menos diminuíssem, porque tentamos acabamos preso e os corruptos SOLTOS",0,0,0,https://twitter.com/SargentoFAHUR/status/1613786168037965825
Rasthur,@Rasthur_rasta,https://twitter.com/Rasthur_rasta/status/1614273866947330052,2023-01-14T14:50:56.000Z,Sargento fdp golpista,0,0,0,https://twitter.com/SargentoFAHUR/status/1613786168037965825
William couto,@Williamcouto61,https://twitter.com/Williamcouto61/status/1613872007623442433,2023-01-13T12:14:05.000Z,"📍Foi só revelar que Flávio Dino sabia que iria ocorrer a invasão, e que foram dispensados os integrantes do GSI na hora da invasão. Que vem o noticiário de:' cartão corporativo'.
Cortina de fumaça é super articulada em Brasília.🤡",0,0,0,https://twitter.com/SargentoFAHUR/status/1613786168037965825
