nome,usuario,idTweet,dataPublicacao,texto,replies,retweets,likes,tweetPai
Caio Zucker,@caiozucker,https://twitter.com/caiozucker/status/1613338163224743937,2023-01-12T00:52:47.000Z,"Repito o que disse no dia: Parabéns, é desse tipo de oposição que precisa haver para impedir o dilmo de prejudicar a população por seus interesses pessoais. Parabéns @nikolas_dm e @amaliabarros 👏🏻",0,0,7,https://twitter.com/nikolas_dm/status/1613335125105803266
Louro Fofoqueiro,@Lourofofoqueiro,https://twitter.com/Lourofofoqueiro/status/1613343672849817603,2023-01-12T01:14:40.000Z,"Agora parabenize direito. 
Acho que ele era o Bolsonaro que corta tudo em nome do mercado, né?",0,0,1,https://twitter.com/nikolas_dm/status/1613335125105803266
Mariana Otoni,@OtoniMariana,https://twitter.com/OtoniMariana/status/1613335961152393216,2023-01-12T00:44:02.000Z,"Agora é assim Nikolas, esse governo só funciona a base da pressão da Direita. Por isso precisamos ordenadamente estarmos mais juntos que nunca. Nós somos fortes juntos!!!",25,1,22,https://twitter.com/nikolas_dm/status/1613335125105803266
Wagner 2022,@WagnerG26086409,https://twitter.com/WagnerG26086409/status/1613336123031396353,2023-01-12T00:44:40.000Z,"Lula em 11 dias já trabalhou mais que o VERME em 4 anos , que passou 4 anos fazendo campanha de moto 🏍️ e jetski",2,0,18,https://twitter.com/nikolas_dm/status/1613335125105803266
Prates,@mandallaprates,https://twitter.com/mandallaprates/status/1613344307687358467,2023-01-12T01:17:12.000Z,"Essa é a diferença entre um presidente democrata e um imbecil facista, entendeu ?!?",1,0,119,https://twitter.com/nikolas_dm/status/1613335125105803266
Lari,@Lari_fmb,https://twitter.com/Lari_fmb/status/1613405039992659970,2023-01-12T05:18:31.000Z,Nikolas ajude de alguma forma as pessoas que foram encaminhadas aos presídios! Por Deus nao e possivel! As criancas como ficaram???? Nos de noticias!!!,1,0,0,https://twitter.com/nikolas_dm/status/1613335125105803266
Anderson,@Anderso58302219,https://twitter.com/Anderso58302219/status/1613336193298579456,2023-01-12T00:44:57.000Z,Esse é o Lula sempre flexível as necessidades do seu povo se fosse o maluco jamais faria isso,4,0,64,https://twitter.com/nikolas_dm/status/1613335125105803266
Diego costa,@DiegocostaQuin,https://twitter.com/DiegocostaQuin/status/1613355622170230787,2023-01-12T02:02:09.000Z,"Óbvio, o importante é ter uma pauta e ir com tudo para cima, com sabedoria e disposição.",0,0,3,https://twitter.com/nikolas_dm/status/1613335125105803266
Carla - MG,@CarlaPatMG,https://twitter.com/CarlaPatMG/status/1613335466849275909,2023-01-12T00:42:04.000Z,🙏🙏🙏,0,0,1,https://twitter.com/nikolas_dm/status/1613335125105803266
Vi@jant€,Vi@jant€,https://twitter.com/lilianmobh/status/1613506168919392256,2023-01-12T12:00:22.000Z,Bom dia!!!!,0,0,0,https://twitter.com/nikolas_dm/status/1613335125105803266
Caed Alves ,@caedalves,https://twitter.com/caedalves/status/1613335726094958592,2023-01-12T00:43:06.000Z,"Ainda bem que temos um presidente que ouve a população.

Estávamos cansados de tantos retrocessos, e apesar desse ser UM, é super importante que o todo (esquerda e direita) lutem pela causa PCD.

Espero que essa postura pelos Direitos Humanos permaneça, o golpismo NÃO LEVA a nada",2,0,15,https://twitter.com/nikolas_dm/status/1613335125105803266
Eduardo Oliveira,@EDU_HONDA,https://twitter.com/EDU_HONDA/status/1613504582537318401,2023-01-12T11:54:04.000Z,"Vc teve zero d participação.
É penetra na festa alheia.
LULA é um democrata, olha o todo.
Ele sempre ponderará o que é correto, se tiver que retroceder, o fará. 
Não se julga Deus, como o antigo gov.
Por que, vcs autorizaram escolas a terem a escolha d não aceitarem deficientes?!",0,0,0,https://twitter.com/nikolas_dm/status/1613335125105803266
Rosana Santos,@zana210466,https://twitter.com/zana210466/status/1613551646302244866,2023-01-12T15:01:05.000Z,"Teatrinho, pra dizer que é democrático.
Fizeram de caso pensado, só pra voltar atrás",0,0,0,https://twitter.com/nikolas_dm/status/1613335125105803266
Dirlane Belforth,@DBelforth,https://twitter.com/DBelforth/status/1613337083807940608,2023-01-12T00:48:29.000Z,Jura ele também já  voltou a trás e soltou o povo que o sustenta ?,1,0,2,https://twitter.com/nikolas_dm/status/1613335125105803266
Tete Barreto,@mtetebarreto,https://twitter.com/mtetebarreto/status/1613526641623318533,2023-01-12T13:21:43.000Z,VC É UM 🤡,0,0,0,https://twitter.com/nikolas_dm/status/1613335125105803266
⊱✿Lídia✿⊰ #ForaLula,@lidialoureir6,https://twitter.com/lidialoureir6/status/1613335687092109312,2023-01-12T00:42:56.000Z,Ele tem que voltar atrás e também manter as escolas cívico militar.,4,3,24,https://twitter.com/nikolas_dm/status/1613335125105803266
Ksare171,@ksare171,https://twitter.com/ksare171/status/1613517734712692737,2023-01-12T12:46:20.000Z,"Se a pressão funciona, basta a gente pressionar pra pedir a prisão dos golpistas.",0,0,1,https://twitter.com/nikolas_dm/status/1613335125105803266
Quel,@RaquelM71269084,https://twitter.com/RaquelM71269084/status/1613348942585991169,2023-01-12T01:35:37.000Z,"Olha só, o Lula costuma ouvir as pessoas, mas não era ditador,🤔",0,0,48,https://twitter.com/nikolas_dm/status/1613335125105803266
Louis Cyphre,@InfantedaUrsal,https://twitter.com/InfantedaUrsal/status/1613358917580472322,2023-01-12T02:15:15.000Z,"Tu já ouviu falar em reestruturação ministerial, chaveirinho? Ocorre entre um governo e outro. Alguns ministérios são extintos, outros (re)criados. E as secretarias, diretorias, coordenadorias são realocadas aqui e ali. Mas tem ixxperto que tenta faturar nisso - e trouxa que cai.",0,0,2,https://twitter.com/nikolas_dm/status/1613335125105803266
Francisco José Palácio,@fj_palacio,https://twitter.com/fj_palacio/status/1613344988359757826,2023-01-12T01:19:54.000Z,"Como sempre, querendo aparecer. Só que a Câmara dos Deputados não é a Câmara Municipal de BH.",1,1,16,https://twitter.com/nikolas_dm/status/1613335125105803266
Nanda Roboredo,@NandaMatinnyOfi,https://twitter.com/NandaMatinnyOfi/status/1613353708779364354,2023-01-12T01:54:33.000Z,Kkkkkk pressão tu nem trabalha,0,0,2,https://twitter.com/nikolas_dm/status/1613335125105803266
O olho esquerdo,@oolhoesquerdo,https://twitter.com/oolhoesquerdo/status/1613363740619198468,2023-01-12T02:34:25.000Z,"Viu como funciona a democracia? Pressão, argumentos, pedidos... E razoabilidade de quem decide. É tão bonito de ver. Seja oposição, é do jogo, faz parte, não precisa apoiar golpe de estado.",0,0,12,https://twitter.com/nikolas_dm/status/1613335125105803266
Tamy Gomes,@tamygomes,https://twitter.com/tamygomes/status/1613335414831448064,2023-01-12T00:41:51.000Z,Glória a Deus!,0,0,9,https://twitter.com/nikolas_dm/status/1613335125105803266
Sou Brasil Sou Bolsonaro,@evandrokvrinha,https://twitter.com/evandrokvrinha/status/1613341463265349633,2023-01-12T01:05:53.000Z,Parabéns Ferreira,0,0,0,https://twitter.com/nikolas_dm/status/1613335125105803266
Don,@personanomgrati,https://twitter.com/personanomgrati/status/1613347140704649217,2023-01-12T01:28:27.000Z,"Sim isso se chama governar para todos , agora agradece vc nao ter um presidente que caga pra oq a oposição pede...",2,0,22,https://twitter.com/nikolas_dm/status/1613335125105803266
Jack Tuppan,@jaqueli94220589,https://twitter.com/jaqueli94220589/status/1613340974863863808,2023-01-12T01:03:57.000Z,"Parabéns. Estamos de olho em tudo, inclusive nessa cortina de fumaça que eles usaram pra abafar o caso da ministra do Turismo. Queremos saber da ligação dela com milicianos.",1,0,2,https://twitter.com/nikolas_dm/status/1613335125105803266
Del Carme,@DelCarme13,https://twitter.com/DelCarme13/status/1613338620597002240,2023-01-12T00:54:36.000Z,"Nicolas, você está sabendo do discurso do Boulos em São Paulo? Acho que,  tem que,  se precaver e, fazer uma queixa-crime na PGR",1,0,1,https://twitter.com/nikolas_dm/status/1613335125105803266
Dirlane Belforth,@DBelforth,https://twitter.com/DBelforth/status/1613336745004736513,2023-01-12T00:47:09.000Z,Jura ele também voltou atrás das grades ?,0,0,0,https://twitter.com/nikolas_dm/status/1613335125105803266
newtonfc,@newtoncyrillo10,https://twitter.com/newtoncyrillo10/status/1613336801120329729,2023-01-12T00:47:22.000Z,"só o careca não volta atrás, só coloca.",0,0,0,https://twitter.com/nikolas_dm/status/1613335125105803266
Ana Paula Pekelman,@APekelman,https://twitter.com/APekelman/status/1613340899877986305,2023-01-12T01:03:39.000Z,"Ah, então ao invés de ter uma secretária,  vão ter uma diretoria? É isso? Então tá",0,0,0,https://twitter.com/nikolas_dm/status/1613335125105803266
JefersonFreitas,@Jeferso06826874,https://twitter.com/Jeferso06826874/status/1613338691774062592,2023-01-12T00:54:53.000Z,Hum. Lula nem sabe quem é você. 😂😂😂😂,0,0,0,https://twitter.com/nikolas_dm/status/1613335125105803266
#suprapartidário,@supra_blog,https://twitter.com/supra_blog/status/1613480679370784768,2023-01-12T10:19:05.000Z,"Gosta de pressão por trás, né, menine?",0,0,0,https://twitter.com/nikolas_dm/status/1613335125105803266
Peres.,@Evepperes,https://twitter.com/Evepperes/status/1613336642835685376,2023-01-12T00:46:44.000Z,Fake ou verdade?,0,0,0,https://twitter.com/nikolas_dm/status/1613335125105803266
Marky,@MarkyBadger,https://twitter.com/MarkyBadger/status/1613335551364448256,2023-01-12T00:42:24.000Z,"Menino Nik, a esquerda quer te prender e te deixar sem pão de queijo. Que laia mais cruel! Parabéns por ser um bom exemplo de jovem",0,0,29,https://twitter.com/nikolas_dm/status/1613335125105803266
Cristina Andrade,@Cristina641113,https://twitter.com/Cristina641113/status/1613344610910179329,2023-01-12T01:18:24.000Z,"Mentiroso, quando você protocolou o MEC já havia voltado atrás na decisão.  Pressão kkkkkkk",3,3,110,https://twitter.com/nikolas_dm/status/1613335125105803266
Josenilson Carvalho,@JosenilsonCar10,https://twitter.com/JosenilsonCar10/status/1613335528107114496,2023-01-12T00:42:18.000Z,Ok chupetinha,1,0,13,https://twitter.com/nikolas_dm/status/1613335125105803266
JOCA CUNHA,@JOCA_DILA,https://twitter.com/JOCA_DILA/status/1613336082698932229,2023-01-12T00:44:31.000Z,"O loola não gosta dos surdos mudos.
Ele só gosta de quem ouve as mentiras dele e começa a elogiar e bater palmas.",1,0,13,https://twitter.com/nikolas_dm/status/1613335125105803266
alexandre linos,@AlexandreLinos,https://twitter.com/AlexandreLinos/status/1613340725814378503,2023-01-12T01:02:58.000Z,"EM SÃO PAULO O GOVERNO BOLSONARISTA TARCÍSIO DE FREITAS QUERIA EXTINGUIR A SECRETARIA DAS PESSOAS DEFICIENTES,FOI VENCIDO PELA MANIFESTAÇÃO PACÍFICA DOS PAULISTAS",0,1,7,https://twitter.com/nikolas_dm/status/1613335125105803266
Carlos Alberto Casal,@Carlos_Casal,https://twitter.com/Carlos_Casal/status/1613340371672788993,2023-01-12T01:01:33.000Z,É assim q funciona em uma democracia...,0,0,38,https://twitter.com/nikolas_dm/status/1613335125105803266
Gê,@GessiMedina,https://twitter.com/GessiMedina/status/1613486773891633157,2023-01-12T10:43:18.000Z,"A diferença de um presidente/estadista, pra um bucho de lama, que não se preocupa em fazer o seu trabalho!",0,0,1,https://twitter.com/nikolas_dm/status/1613335125105803266
m'lady,@senhoritaDofHG,https://twitter.com/senhoritaDofHG/status/1613352952638410752,2023-01-12T01:51:33.000Z,"Tá com delay, Nikolas? Foi anunciada essa volta há quase uma semana,antes mesmo de vc se pronunciar. Hoje só foi oficializado no DOU.",0,0,25,https://twitter.com/nikolas_dm/status/1613335125105803266
Nego Pretto/CMT 13,@comando_trem,https://twitter.com/comando_trem/status/1613371006529175552,2023-01-12T03:03:17.000Z,Tua casa tá caindo.,0,0,1,https://twitter.com/nikolas_dm/status/1613335125105803266
Bree,@realbrendinha,https://twitter.com/realbrendinha/status/1613360812172926976,2023-01-12T02:22:47.000Z,Eita como menteeeeee,0,0,1,https://twitter.com/nikolas_dm/status/1613335125105803266
MANÉ brasileiro OLHO NO LANCE,@Hipocrisiado,https://twitter.com/Hipocrisiado/status/1613395784120025089,2023-01-12T04:41:45.000Z,"Nikolas, protocola uma ação( ou seja lá o q for o nome) enquadrando o MST, MTST e os Black blocks, na mesma lei que a esquerdalha está usando. Afinal, eles queimaram estátuas, pneus, picharam patrimônios, quebraram vidraças, tacaram fogo em prédios das instituiçoes.",0,0,1,https://twitter.com/nikolas_dm/status/1613335125105803266
O pesadelo vai acabar,@regina_pisani,https://twitter.com/regina_pisani/status/1613537075340480512,2023-01-12T14:03:11.000Z,Usemos o 🧠 #casadevidro #BBB23,0,0,0,https://twitter.com/nikolas_dm/status/1613335125105803266
rosinharmp,@rosinharmp,https://twitter.com/rosinharmp/status/1613569108661997571,2023-01-12T16:10:28.000Z,👆 *Brasília 08/01/23: Bandido infiltrado aguardando a chagada dos patriotas. Fica uma série de perguntas no ar: Quem são? Foram identificados e presos?Quem deu cobertura pra eles entrarem e saírem depois que quebraram tudo lá dentro?,0,0,0,https://twitter.com/nikolas_dm/status/1613335125105803266
Marcelinho Wasconcellos,@MarcelinhoWasc2,https://twitter.com/MarcelinhoWasc2/status/1613545045419761666,2023-01-12T14:34:51.000Z,Creio que sim!,0,0,0,https://twitter.com/nikolas_dm/status/1613335125105803266
kush-lemon,@kushliemao,https://twitter.com/kushliemao/status/1613542640280080385,2023-01-12T14:25:18.000Z,Alguem escutou algo?,0,0,0,https://twitter.com/nikolas_dm/status/1613335125105803266
Bruno Moraes,@brunolcmoraes,https://twitter.com/brunolcmoraes/status/1613608786018566157,2023-01-12T18:48:08.000Z,Top! Coisa linda!,0,0,0,https://twitter.com/nikolas_dm/status/1613335125105803266
Imaculada Costa,@Costa8Imaculada,https://twitter.com/Costa8Imaculada/status/1613504706910748672,2023-01-12T11:54:34.000Z,Minutos de pressão e sobriedade,0,0,0,https://twitter.com/nikolas_dm/status/1613335125105803266
Marcelo CB,@mpezao,https://twitter.com/mpezao/status/1613969658138484737,2023-01-13T18:42:07.000Z,Quais são suas propostas ? Ficar em rede social postando bobagens ? Picuinhas políticas ? O Brasil tem presa ! Proponha algo de útil e deixe de fuxiquinho ! Vá trabalhar! Você é bem pago pra isso !,0,0,0,https://twitter.com/nikolas_dm/status/1613335125105803266
Neia Fonseca,@NeiaFonseca07,https://twitter.com/NeiaFonseca07/status/1622043077228511232,2023-02-05T01:23:00.000Z,Glória a Deus,0,0,0,https://twitter.com/nikolas_dm/status/1613335125105803266
Israel Full Arms,@israelfullarmas,https://twitter.com/israelfullarmas/status/1613336920616013824,2023-01-12T00:47:50.000Z,Ansioso por nossa vez chegar… quero ver os assuntos armamentistas quem será o salvador da causa….,0,0,1,https://twitter.com/nikolas_dm/status/1613335125105803266
lucas,@bruh_thanos,https://twitter.com/bruh_thanos/status/1613347503499264000,2023-01-12T01:29:54.000Z,@pegabots é bot ?,2,0,0,https://twitter.com/nikolas_dm/status/1613335125105803266
Gabriel,@bieldiasx,https://twitter.com/bieldiasx/status/1613335987836395520,2023-01-12T00:44:08.000Z,Vc jamais será Felipe Neto,0,0,1,https://twitter.com/nikolas_dm/status/1613335125105803266
Ramires Ricardo,@RamiresNJ,https://twitter.com/RamiresNJ/status/1613335216558571521,2023-01-12T00:41:04.000Z,Boa soldado,0,0,1,https://twitter.com/nikolas_dm/status/1613335125105803266
Carol com C,@cacoldaphine,https://twitter.com/cacoldaphine/status/1613344945498378240,2023-01-12T01:19:44.000Z,"Kkkkkkkkkkkkkkkkk mano, ele tinha voltado atrás faz tempo, toma vergonha vei",1,0,10,https://twitter.com/nikolas_dm/status/1613335125105803266
Daniel Silveira #STFvergonhanacional.,@DanielS68019493,https://twitter.com/DanielS68019493/status/1613389512205377536,2023-01-12T04:16:49.000Z,"Não foi pressão ele só não quer o nome do bolsonaro em nada, boa parte de tudo que ele cancelou vai voltar reestruturado como ele acham o certo. Vai cancelar cada decreto ou norma promulgada.",1,0,0,https://twitter.com/nikolas_dm/status/1613335125105803266
Jimmy the Libertarian,@JjohnRwss,https://twitter.com/JjohnRwss/status/1613637884417904641,2023-01-12T20:43:46.000Z,Fomos ouvidos!!,0,0,0,https://twitter.com/nikolas_dm/status/1613335125105803266
Cath mitooo,@cathmeel,https://twitter.com/cathmeel/status/1613351408513810432,2023-01-12T01:45:25.000Z,"Voltou atrás para dizer mais tarde, no futuro, que foi ele que criou!",0,0,0,https://twitter.com/nikolas_dm/status/1613335125105803266
Bruno Aurelio Maia,@nobrumaia89,https://twitter.com/nobrumaia89/status/1613359458222055425,2023-01-12T02:17:24.000Z,"Como é bom ter alguém que se comporta como presidente, né?!",0,0,0,https://twitter.com/nikolas_dm/status/1613335125105803266
Marise Araujo,@araujo4_marise,https://twitter.com/araujo4_marise/status/1613359151903838209,2023-01-12T02:16:11.000Z,🙌,0,0,0,https://twitter.com/nikolas_dm/status/1613335125105803266
Douglas Jacques,@DouglasJacquess,https://twitter.com/DouglasJacquess/status/1613440429307080704,2023-01-12T07:39:09.000Z,"Esquerda infiltrada na manifestação em Brasília. Eleições roubadas, tá difícil ser Brasileiro.",0,0,0,https://twitter.com/nikolas_dm/status/1613335125105803266
"Brasilis, o país da impunidade!!",@poucomoney,https://twitter.com/poucomoney/status/1613374546316255232,2023-01-12T03:17:21.000Z,"Parabéns por esta vitória em particular! Continue nesta linha! Seja oposição inteligente, ou seja, só ""desaprove"" o que de fato não for benéfico e apoie o que for benéfico, independente de ser oposição! Comece por desaprovar os atos terroristas!",0,0,0,https://twitter.com/nikolas_dm/status/1613335125105803266
Andrea Gobatti,@gobatti_andrea,https://twitter.com/gobatti_andrea/status/1613480856378540034,2023-01-12T10:19:47.000Z,Feliz por essa vitória a comemorar!!!!,0,0,0,https://twitter.com/nikolas_dm/status/1613335125105803266
Sanperaf,@Rsp0277,https://twitter.com/Rsp0277/status/1613343752130646017,2023-01-12T01:14:59.000Z,"Parabéns deputado, seguiremos firmes em nossa jornada !",0,0,0,https://twitter.com/nikolas_dm/status/1613335125105803266
Pablo ◤✠◢,@cloroquiniobio2,https://twitter.com/cloroquiniobio2/status/1613373880332349440,2023-01-12T03:14:42.000Z,Que bom ter um presidente que é capaz de fazer uma auto-analise de seus atos e voltar atrás se for preciso. Bem diferente daquele daquele carcomido narcisista que pensava que o mundo era ele.,0,0,0,https://twitter.com/nikolas_dm/status/1613335125105803266
Quelli Rocha,@RochaQuelliQue,https://twitter.com/RochaQuelliQue/status/1613335862171009025,2023-01-12T00:43:38.000Z,Valeu Nicolas!,0,0,0,https://twitter.com/nikolas_dm/status/1613335125105803266
Daniele Quintanilha,@DanieleQuintan9,https://twitter.com/DanieleQuintan9/status/1613389668581793795,2023-01-12T04:17:26.000Z,Parabéns!!! Eles merecem 👏🏻👏🏻👏🏻,0,0,0,https://twitter.com/nikolas_dm/status/1613335125105803266
Eunice Brandt ☭⃠,@euliabrandt,https://twitter.com/euliabrandt/status/1613347323056111618,2023-01-12T01:29:11.000Z,Esse desgoverno está andando de ré ou é impressão só?,0,0,0,https://twitter.com/nikolas_dm/status/1613335125105803266
Luiz Orlando,@luizorlando_prf,https://twitter.com/luizorlando_prf/status/1613520940125638656,2023-01-12T12:59:04.000Z,Galvão...,0,0,0,https://twitter.com/nikolas_dm/status/1613335125105803266
Gabriel Monteiro,@gmonteirobr,https://twitter.com/gmonteirobr/status/1613404055770136577,2023-01-12T05:14:37.000Z,Nikolas essa parada que o Nando tá postando é verdade? Recebeu dinheiro pra campanha de picareta da JBS? Poderia dar explicações?.,0,0,0,https://twitter.com/nikolas_dm/status/1613335125105803266
Paulo Henrique,@descondenado,https://twitter.com/descondenado/status/1613347344610729984,2023-01-12T01:29:16.000Z,Única solução é lutar contra reeleição do pacheco Presidente do senado,0,0,0,https://twitter.com/nikolas_dm/status/1613335125105803266
Trollface,@Trollface_AGAIN,https://twitter.com/Trollface_AGAIN/status/1613374289700442112,2023-01-12T03:16:20.000Z,Parabéns!!! E depois falam que a esquerde que é inclusiva :/,0,0,0,https://twitter.com/nikolas_dm/status/1613335125105803266
Eulalia Moreira,@EulaliaMoreir11,https://twitter.com/EulaliaMoreir11/status/1613338968010932224,2023-01-12T00:55:59.000Z,Ele não fez mais do que a obrigação.,0,0,0,https://twitter.com/nikolas_dm/status/1613335125105803266
Arthur Müller,@Tuco_79,https://twitter.com/Tuco_79/status/1613503484573122565,2023-01-12T11:49:42.000Z,"Tu não tem a menor ideia do que significa inclusão. Libras é língua oficial do Brasil e deveria ser ensinada nas escolas e não apartada por lei. Você faz oposição por fazer, não tem a menor ideia do que versa o assunto.",0,0,0,https://twitter.com/nikolas_dm/status/1613335125105803266
Paulo Soares,@PauloSoares2011,https://twitter.com/PauloSoares2011/status/1613549429075632129,2023-01-12T14:52:16.000Z,"Pede pra Michele vir a Caxias do Sul pagar o calote que as olimpíadas dos surdos deram na cidade e arredores. Tem gente que não recebeu até hoje, hotéis, restaurantes lavanderias, empresas de transporte. Picaretas.",0,0,0,https://twitter.com/nikolas_dm/status/1613335125105803266
Rosa Maria de Souza Campos,@RosaMar07803375,https://twitter.com/RosaMar07803375/status/1613496123586646019,2023-01-12T11:20:27.000Z,Espero que a vitória seja também com relação ao suporte financeiro para a entidade.,0,0,0,https://twitter.com/nikolas_dm/status/1613335125105803266
Angelica Silva,@AngelicaPa124,https://twitter.com/AngelicaPa124/status/1613489852242165760,2023-01-12T10:55:32.000Z,Agora falta esse caso de (omissão confessa),0,0,0,https://twitter.com/nikolas_dm/status/1613335125105803266
FORA FASCISTAS E EXTREMA DIREITA!,@Rosana74141276,https://twitter.com/Rosana74141276/status/1613493483406254081,2023-01-12T11:09:58.000Z,"LULA É JUSTO E BONDOSO, DIFERENTEMENTE DO BOSO.",0,0,0,https://twitter.com/nikolas_dm/status/1613335125105803266
Vinicius Miksza,@Vinicius_miksza,https://twitter.com/Vinicius_miksza/status/1613522841898717184,2023-01-12T13:06:37.000Z,"Um dia vc será nosso presidente, taquele pau marco veio",0,0,0,https://twitter.com/nikolas_dm/status/1613335125105803266
Bilbō Bōlseirō 暴走族,@BilboBolseiroSP,https://twitter.com/BilboBolseiroSP/status/1613543708544360450,2023-01-12T14:29:32.000Z,Kkkkkk ninguém acredita,0,0,0,https://twitter.com/nikolas_dm/status/1613335125105803266
Pedro,@pedrolmu30,https://twitter.com/pedrolmu30/status/1613538623227596800,2023-01-12T14:09:20.000Z,👏🏻👏🏻👏🏻👏🏻👏🏻👏🏻,0,0,0,https://twitter.com/nikolas_dm/status/1613335125105803266
Jéss,@secretsjeeh,https://twitter.com/secretsjeeh/status/1613557860541304838,2023-01-12T15:25:47.000Z,Vixi mas ele já tinha voltado atrás a tempos! Ué???,0,0,0,https://twitter.com/nikolas_dm/status/1613335125105803266
Ernie,@Ernie09189521,https://twitter.com/Ernie09189521/status/1613510821572665346,2023-01-12T12:18:52.000Z,Acho que vc não viu a pergunta:,0,0,0,https://twitter.com/nikolas_dm/status/1613335125105803266
LULISTA,@lavu_silva,https://twitter.com/lavu_silva/status/1613356877030596611,2023-01-12T02:07:08.000Z,Estará sempre atenta? Hummm... Mais um que saiu do armário. Mas fica tranquila que nós da esquerda não somos homofóbicos!,0,0,0,https://twitter.com/nikolas_dm/status/1613335125105803266
Fernanda Vinagre,@ffvinagrec,https://twitter.com/ffvinagrec/status/1613342233163333632,2023-01-12T01:08:57.000Z,Glória a Deus,0,0,0,https://twitter.com/nikolas_dm/status/1613335125105803266
Eliana Gomes,@Elianamlg,https://twitter.com/Elianamlg/status/1613475556405960704,2023-01-12T09:58:44.000Z,👏🏻👏🏻👏🏻,0,0,0,https://twitter.com/nikolas_dm/status/1613335125105803266
Msantos,@tibilds,https://twitter.com/tibilds/status/1613343068366995461,2023-01-12T01:12:16.000Z,E pra isso aqui vai ter pressão?,0,0,0,https://twitter.com/nikolas_dm/status/1613335125105803266
Aruasi SDV,@isaura_claro,https://twitter.com/isaura_claro/status/1613371613810159616,2023-01-12T03:05:42.000Z,Deixa de ser MENTIROSO. LULA NUNCA COGITOU ISSO!,0,0,0,https://twitter.com/nikolas_dm/status/1613335125105803266
Maycon Douglas,@Maskot_ntj,https://twitter.com/Maskot_ntj/status/1613335633153478656,2023-01-12T00:42:43.000Z,boa Nikolas,0,0,0,https://twitter.com/nikolas_dm/status/1613335125105803266
reinaldo oliveira spindola,@reinald73143241,https://twitter.com/reinald73143241/status/1613339620191928320,2023-01-12T00:58:34.000Z,"Agora é fiscalizar se estão cumplindo com suas tarefas, junto com a comunidade de surdos",0,0,0,https://twitter.com/nikolas_dm/status/1613335125105803266
Adriana Röthig,@adrit1979,https://twitter.com/adrit1979/status/1613402894975340545,2023-01-12T05:10:00.000Z,Oq acham de conversar com o chupetinha no WhatsApp? Tenho o contato.,0,0,0,https://twitter.com/nikolas_dm/status/1613335125105803266
Nita,@Anita90113016,https://twitter.com/Anita90113016/status/1613380779199049728,2023-01-12T03:42:07.000Z,"Aleluia,🙏🏻..Espero que não volte outra vez atrás.,pq pelo que estamos vendo., sempre volta...👀😔",0,0,0,https://twitter.com/nikolas_dm/status/1613335125105803266
Lula Visto de Cima,@AprendendoPolt,https://twitter.com/AprendendoPolt/status/1613336638985474048,2023-01-12T00:46:43.000Z,Qual pressão? Rs,0,0,0,https://twitter.com/nikolas_dm/status/1613335125105803266
A N D E R S O N S ™,@anderson_silv6,https://twitter.com/anderson_silv6/status/1613397988851814407,2023-01-12T04:50:30.000Z,"Funcionou no governo Lula, coisa que no do teu "" pai "" não.",0,0,0,https://twitter.com/nikolas_dm/status/1613335125105803266
Kaleonico,@NohanChris,https://twitter.com/NohanChris/status/1613434252720312323,2023-01-12T07:14:36.000Z,"""pressão"" kkkkkkkkkkkkk",0,0,0,https://twitter.com/nikolas_dm/status/1613335125105803266
gui.,@guiferreirx,https://twitter.com/guiferreirx/status/1613348117814063104,2023-01-12T01:32:20.000Z,Vai trabalhar porra,0,0,0,https://twitter.com/nikolas_dm/status/1613335125105803266
Cássio,@cassioJPSilva,https://twitter.com/cassioJPSilva/status/1613507817788346373,2023-01-12T12:06:55.000Z,Ta chegando a hora!!!!,0,0,0,https://twitter.com/nikolas_dm/status/1613335125105803266
Carlos Melosi,@carlosmelosi,https://twitter.com/carlosmelosi/status/1613348445170843649,2023-01-12T01:33:38.000Z,Tua colega crente (Clarissa PE) nem vai assumir em fevereiro kkkkkkkk adoro,0,0,0,https://twitter.com/nikolas_dm/status/1613335125105803266
Holly Golightly,@LSC58257529,https://twitter.com/LSC58257529/status/1613350908972175361,2023-01-12T01:43:25.000Z,Foi antes do seu protocolo a anexação ao MEC. Vai continuar com as fakenews?,0,1,21,https://twitter.com/nikolas_dm/status/1613335125105803266
Val Borges,@ValBorg65462625,https://twitter.com/ValBorg65462625/status/1613350812767457282,2023-01-12T01:43:03.000Z,"Bosta, lama, podridão... habitat natural. Estou falando de caranguejo. Pensou que fosse sobre o quê?",1,0,1,https://twitter.com/nikolas_dm/status/1613335125105803266
Elias Sarkis Alves,@sark_alves,https://twitter.com/sark_alves/status/1613379018824245248,2023-01-12T03:35:07.000Z,"Vai trabalhar ao invés de ficar se auto promovendo. Ou faz um curso de modelo, teatro, televisão. “ A pressão funcionou”. Sei 🤔",0,0,1,https://twitter.com/nikolas_dm/status/1613335125105803266
Navegantes,@Alenavegantespa,https://twitter.com/Alenavegantespa/status/1613357377759084544,2023-01-12T02:09:08.000Z,Mas o Lula não é um ditador? Como um ditador volta atrás em suas decisões. Não entendi nada.,0,0,12,https://twitter.com/nikolas_dm/status/1613335125105803266
,@guilhermezzkq,https://twitter.com/guilhermezzkq/status/1613335546943635458,2023-01-12T00:42:23.000Z,Glória a Deus! 🙏🤍,0,0,1,https://twitter.com/nikolas_dm/status/1613335125105803266
Rosecruzz,@Rosemar76114844,https://twitter.com/Rosemar76114844/status/1613354516803469312,2023-01-12T01:57:46.000Z,Apagou o videozinho com o miliciano no celular? Já foi enviado pra denuncia.,0,0,7,https://twitter.com/nikolas_dm/status/1613335125105803266
rodrigo silva,@rodrigo67079491,https://twitter.com/rodrigo67079491/status/1613335273701613569,2023-01-12T00:41:18.000Z,Voce usado por Deus !!,0,0,5,https://twitter.com/nikolas_dm/status/1613335125105803266
Jorge cardoso,@Jorgecardosoofc,https://twitter.com/Jorgecardosoofc/status/1613355596891258880,2023-01-12T02:02:03.000Z,Que pressão você nem assumiu seu cargo de deputado,0,0,5,https://twitter.com/nikolas_dm/status/1613335125105803266
Aranha Chapada,@_admaiorem,https://twitter.com/_admaiorem/status/1613335637922291712,2023-01-12T00:42:45.000Z,Vão doutrinar em libras agora,0,1,2,https://twitter.com/nikolas_dm/status/1613335125105803266
Japa Skatista,@marsanzoni,https://twitter.com/marsanzoni/status/1613359442593988609,2023-01-12T02:17:20.000Z,Boa nine! Agiu pelo certo! Mesmo tendo seus projetos ainda manteve um que a minoria curtia,0,0,2,https://twitter.com/nikolas_dm/status/1613335125105803266
FiboRight,@Y0112358132134,https://twitter.com/Y0112358132134/status/1613336283127898117,2023-01-12T00:45:18.000Z,Pressão funciona pra tirar a gente da ditadura?,0,0,2,https://twitter.com/nikolas_dm/status/1613335125105803266
Rita Dos Reis,@Reis5Rita,https://twitter.com/Reis5Rita/status/1613521141011779590,2023-01-12T12:59:52.000Z,"Temos um prrsidente que escuta o povo,agora vai...",0,0,0,https://twitter.com/nikolas_dm/status/1613335125105803266
Antonio Nogueira,@Antonio45536826,https://twitter.com/Antonio45536826/status/1613515273071652871,2023-01-12T12:36:33.000Z,Nunca acabou @nikolas_dm menina pimpona!,0,0,0,https://twitter.com/nikolas_dm/status/1613335125105803266
Yuri Rocha,@YuriRochaR,https://twitter.com/YuriRochaR/status/1613498756330127360,2023-01-12T11:30:55.000Z,"Mentira, só mudou de pasta.",0,0,0,https://twitter.com/nikolas_dm/status/1613335125105803266
Rogério,@assessor3bb,https://twitter.com/assessor3bb/status/1613526118354800640,2023-01-12T13:19:39.000Z,Parabéns 🍾🎉🎊🎈,0,0,0,https://twitter.com/nikolas_dm/status/1613335125105803266
gado do Sport Recife,@efebegomes,https://twitter.com/efebegomes/status/1613516358683066369,2023-01-12T12:40:52.000Z,E isso aqui @nikolas_dm ?,0,0,0,https://twitter.com/nikolas_dm/status/1613335125105803266
MAC,@CollMac,https://twitter.com/CollMac/status/1613342710806478848,2023-01-12T01:10:51.000Z,Vai sobrar pra ti. Fica com medinho,0,0,1,https://twitter.com/nikolas_dm/status/1613335125105803266
Penélope PINK...Democracia INABALÁVEL!!,@analucia3g,https://twitter.com/analucia3g/status/1613525077466701826,2023-01-12T13:15:30.000Z,"Presidente Lula the best! 
Enquanto isso, o Presidente Lula que eu ajudei a eleger, já beneficiou ...",0,0,0,https://twitter.com/nikolas_dm/status/1613335125105803266
Vitor Menezes,@vitormenezes23,https://twitter.com/vitormenezes23/status/1613337298984108033,2023-01-12T00:49:21.000Z,Parafraseando a ex primeira dama: “quem é surdo levanta as mãos”,1,1,16,https://twitter.com/nikolas_dm/status/1613335125105803266
josefy stalen,@henriqu28187504,https://twitter.com/henriqu28187504/status/1613389363559137281,2023-01-12T04:16:14.000Z,"Ué, mas não era ditadura ? que ditadura é essa que pressão funciona ?",0,0,1,https://twitter.com/nikolas_dm/status/1613335125105803266
Enila,@rmaline,https://twitter.com/rmaline/status/1613336547641724928,2023-01-12T00:46:21.000Z,Só acho que vão cortar drasticamente as verbas e ficar lá só pra inglês ver...,0,0,2,https://twitter.com/nikolas_dm/status/1613335125105803266
Paula Alves,@PaulaAl82836793,https://twitter.com/PaulaAl82836793/status/1613372656837095424,2023-01-12T03:09:51.000Z,"Prefiro reescrever sua frase assim Deputado: a oração funcionou! Bora povo, continuaremos firmes nas orações. A impunidade não prevalecerá!",0,0,2,https://twitter.com/nikolas_dm/status/1613335125105803266
caio,@sh4rkinho,https://twitter.com/sh4rkinho/status/1613605244415377442,2023-01-12T18:34:04.000Z,"essa é a diferença de um cara sensato na presidência, e não um moleque mimado, outros 500 né??",0,0,1,https://twitter.com/nikolas_dm/status/1613335125105803266
Dulce Ferreira Naia,@NaiaDulce,https://twitter.com/NaiaDulce/status/1613335488936509440,2023-01-12T00:42:09.000Z,"E há os que insistem com o mantra ""não vai dar em nada"". Essa turma pessimista cansa. Aff.",0,0,8,https://twitter.com/nikolas_dm/status/1613335125105803266
PROFESSOR AURÉLIO (Dep. ESPORTE)) ˢᵖᶠᶜ,@aurelio_jaime,https://twitter.com/aurelio_jaime/status/1613496355699269633,2023-01-12T11:21:23.000Z,UUUUUUI,0,0,1,https://twitter.com/nikolas_dm/status/1613335125105803266
SUMEMOONEGOO,@sumemmonegoo,https://twitter.com/sumemmonegoo/status/1613380076069949440,2023-01-12T03:39:19.000Z,Pressão sempre dá certo chupetinha. Vai perder o diploma 😏😉🤭😂,1,1,6,https://twitter.com/nikolas_dm/status/1613335125105803266
Pont,@marcospont,https://twitter.com/marcospont/status/1613447323174014976,2023-01-12T08:06:32.000Z,Quem foi o ser inteligente que te orientou a ser mais civilizado Jacu? Agradeça a essa pessoa pq só assim tu garante os quatro anos,0,0,0,https://twitter.com/nikolas_dm/status/1613335125105803266
Nilton,@niltoncorreial,https://twitter.com/niltoncorreial/status/1613341283061321728,2023-01-12T01:05:10.000Z,Fala uma vez que Bolsonaro foi flexível por gentileza,0,0,0,https://twitter.com/nikolas_dm/status/1613335125105803266
William,@William71525173,https://twitter.com/William71525173/status/1613337807958773761,2023-01-12T00:51:22.000Z,Parabéns.,0,0,0,https://twitter.com/nikolas_dm/status/1613335125105803266
Elaine,@lainess_n,https://twitter.com/lainess_n/status/1613343154786435074,2023-01-12T01:12:37.000Z,"Greve Geral
* Consumir só o essencial
Se o comércio não parar, quem para somos nós...",0,0,0,https://twitter.com/nikolas_dm/status/1613335125105803266
Ana Claudia,@anazds2,https://twitter.com/anazds2/status/1613347067115540485,2023-01-12T01:28:09.000Z,"Se todos soubessem como fazer uma democracia não tinha necessidade do que meia dúzia de malucos fizeram em Brasília, quer fazer algo e assim.",0,0,0,https://twitter.com/nikolas_dm/status/1613335125105803266
eleitor do lado certo,@Labcooker,https://twitter.com/Labcooker/status/1613389473211117568,2023-01-12T04:16:40.000Z,@alexandre @casacivilbr @FlavioDino @MPF_PGR @AdvocaciaGeral,0,0,0,https://twitter.com/nikolas_dm/status/1613335125105803266
Lorena Rodrigues,@_mulher_aranha_,https://twitter.com/_mulher_aranha_/status/1613369803749851137,2023-01-12T02:58:30.000Z,Acabei de ver o deputado no telejornal.,0,0,0,https://twitter.com/nikolas_dm/status/1613335125105803266
Jair Lula Moraes da Costa Neto,@JairLulasilva,https://twitter.com/JairLulasilva/status/1613342885495054339,2023-01-12T01:11:33.000Z,"Oposição civilizada, cachorrinho. Parabéns",0,0,0,https://twitter.com/nikolas_dm/status/1613335125105803266
Patricia Zonta Santos,@pzsdef2017,https://twitter.com/pzsdef2017/status/1613374519984656384,2023-01-12T03:17:15.000Z,Tem q fazer isso no IR do salário mínimo.,0,0,0,https://twitter.com/nikolas_dm/status/1613335125105803266
maria emilia alves r +,@mariaemiliaalve,https://twitter.com/mariaemiliaalve/status/1613598581079801858,2023-01-12T18:07:35.000Z,"Qdo o Bozo não queria vacina, vc rbm fiscalizou?",0,0,0,https://twitter.com/nikolas_dm/status/1613335125105803266
Luciana Martins Coelho,@Luciana83483593,https://twitter.com/Luciana83483593/status/1613581001233502212,2023-01-12T16:57:44.000Z,👏🏻👏🏻👏🏻👏🏻🙏🏻,0,0,0,https://twitter.com/nikolas_dm/status/1613335125105803266
Pedro Stuart,@Pedro_ArenaMRV,https://twitter.com/Pedro_ArenaMRV/status/1613560508057260033,2023-01-12T15:36:18.000Z,"esperamos dos senhores, mais além de pressão nas redes sociais. Estamos perdendo, sofrendo, por falta de organização, e principalmente, de atitudes dos nossos ""lideres""",0,0,0,https://twitter.com/nikolas_dm/status/1613335125105803266
Neuzinha Cadore Cruz,@NeuzinhaCruz,https://twitter.com/NeuzinhaCruz/status/1614012802292764678,2023-01-13T21:33:33.000Z,Larga de ser idiota menino,0,0,0,https://twitter.com/nikolas_dm/status/1613335125105803266
Evanildo,@evanildo_vilela,https://twitter.com/evanildo_vilela/status/1613600405510062080,2023-01-12T18:14:50.000Z,"seu namorado está com saudades, ele já sabe que vc está fazendo o maior esforço pra ficarem juntinhos?",0,0,0,https://twitter.com/nikolas_dm/status/1613335125105803266
Fernando Castanho,@Castanho50,https://twitter.com/Castanho50/status/1613619564130013194,2023-01-12T19:30:58.000Z,Fake,0,0,0,https://twitter.com/nikolas_dm/status/1613335125105803266
Leila,@Leila73889637,https://twitter.com/Leila73889637/status/1613884726133288960,2023-01-13T13:04:37.000Z,"Nunca ela entrou em pauta para sair da pauta, isso era o que Vcs queriam que acreditassem , por isso , nem deram barda as mens da dama anterior",0,0,0,https://twitter.com/nikolas_dm/status/1613335125105803266
Mi!,@Mi_L_again,https://twitter.com/Mi_L_again/status/1613336947929358336,2023-01-12T00:47:57.000Z,🙏,0,0,3,https://twitter.com/nikolas_dm/status/1613335125105803266
Pirlo,@pirlofloripa,https://twitter.com/pirlofloripa/status/1613520127395250176,2023-01-12T12:55:50.000Z,Quem é ronossalto?,0,0,0,https://twitter.com/nikolas_dm/status/1613335125105803266
Alves,@voellyalves,https://twitter.com/voellyalves/status/1613513945658327040,2023-01-12T12:31:16.000Z,TÁ VINDO! 🚨🚨🚔🚔,0,0,0,https://twitter.com/nikolas_dm/status/1613335125105803266
Thalita,@lita_a,https://twitter.com/lita_a/status/1613506107011665920,2023-01-12T12:00:08.000Z,Tic tac,0,0,0,https://twitter.com/nikolas_dm/status/1613335125105803266
★ O Tal do Dande,@DandePorto,https://twitter.com/DandePorto/status/1613336679695138818,2023-01-12T00:46:53.000Z,"Bom ter um Presidente que reconhece erros e assume né?

Hahaha",1,0,0,https://twitter.com/nikolas_dm/status/1613335125105803266
Rose Gabriela,@RoseGabriela11,https://twitter.com/RoseGabriela11/status/1613518702992932865,2023-01-12T12:50:11.000Z,"Deixa de ser otário chupetinha,  nada foi extinto,  só foram feitas mudanças pra tirar o bando de come quietos que estavam lá e não faziam nada , acha mesmo que uma Primeira Dama Socióloga não vai ajudar né",0,0,0,https://twitter.com/nikolas_dm/status/1613335125105803266
Marco Souza,@IcaroXxi,https://twitter.com/IcaroXxi/status/1613514470160060418,2023-01-12T12:33:21.000Z,🤣🤣🤣🤣,0,0,0,https://twitter.com/nikolas_dm/status/1613335125105803266
hanikastner,@Danisou82256637,https://twitter.com/Danisou82256637/status/1613504412542197764,2023-01-12T11:53:24.000Z,Que alegria! Tomara que o Presidente Lula volte atrás em outras decisões e realmente Governe o Brasil para o rumo da Paz. É preciso rever inocentes: mães e pais de família que só estavam protestando pacificamente estarem encarcerados em presídios.,0,0,0,https://twitter.com/nikolas_dm/status/1613335125105803266
Edson Cunha,@EdsonCu99844806,https://twitter.com/EdsonCu99844806/status/1613479110335922176,2023-01-12T10:12:51.000Z,"Vc não vai tomar posse, vc vai pra cadeia terrorista vagabundo.",0,0,0,https://twitter.com/nikolas_dm/status/1613335125105803266
Lucas Conti Bruno,@LcontiBruno,https://twitter.com/LcontiBruno/status/1613525616464396288,2023-01-12T13:17:39.000Z,já já tu ta preso filhotinho de pedobozo,0,0,0,https://twitter.com/nikolas_dm/status/1613335125105803266
Tiago,@Lordecapitao,https://twitter.com/Lordecapitao/status/1613510504550383616,2023-01-12T12:17:36.000Z,"E aí mamacote, vai explicar qual o interesse do Ronosalto em te doar 100 mil, será que seus eleitores não devem saber?",0,0,0,https://twitter.com/nikolas_dm/status/1613335125105803266
Cecília Kusman,@Ceciliantifa,https://twitter.com/Ceciliantifa/status/1613517236970430465,2023-01-12T12:44:21.000Z,"@nikolas_dm Por que Ronosalto Pereira Neves, investigado pelo recebimento de vantagens indevidas do grupo da JBS, doou 100 mil reais para sua campanha? Vocês são amiguxos? 😥",0,0,0,https://twitter.com/nikolas_dm/status/1613335125105803266
Juliano,@Juliano51432976,https://twitter.com/Juliano51432976/status/1613523713047027713,2023-01-12T13:10:05.000Z,Chupetinha bora falar do golpe ! Vai chamar o povo pra dar o golpe não chupetinha?,0,0,0,https://twitter.com/nikolas_dm/status/1613335125105803266
Felisberto nogueira De sa,@Felisbertonogu3,https://twitter.com/Felisbertonogu3/status/1613520743190364167,2023-01-12T12:58:17.000Z,"É, a coisa tá pegando, tem uns deputados, que incentivaram o terror em Brasília que serão investigados pelo TSE, você sabe quem é o presidente do TSE? Acho que vão ter suas eleições cassadas, bando de antidemocráticos, deveriam estar presos, moleques, cê tá no meio? Não né.",0,0,0,https://twitter.com/nikolas_dm/status/1613335125105803266
"Perdão, Senhor.",@perdaosenhorr,https://twitter.com/perdaosenhorr/status/1613696457646936064,2023-01-13T00:36:31.000Z,"https://noticias.uol.com.br/politica/ultimas-noticias/2023/01/12/gastos-bolsonaro-padaria.htm?utm_source=twitter&utm_medium=social-media&utm_content=geral&utm_campaign=noticias…Vc viu isso, PET?",0,0,0,https://twitter.com/nikolas_dm/status/1613335125105803266
claraboia,@mmacla,https://twitter.com/mmacla/status/1613648987390713863,2023-01-12T21:27:53.000Z,A pressão negativa da sua cabeça burro,0,0,0,https://twitter.com/nikolas_dm/status/1613335125105803266
lukas,@lukas57398168,https://twitter.com/lukas57398168/status/1613769361185189893,2023-01-13T05:26:12.000Z,"Olha o exemplo do Governador do Distrito Federal, e tu babaca é um ratinho perto dele.....fecha essa boca que so faka merda. Pra o teu bem idiota.",0,0,0,https://twitter.com/nikolas_dm/status/1613335125105803266
Artilheiro,@ArlissonGdo,https://twitter.com/ArlissonGdo/status/1613359666326560769,2023-01-12T02:18:13.000Z,Vdd quando ele fez vc ficou quietinho né chupetinha 🤡,0,0,0,https://twitter.com/nikolas_dm/status/1613335125105803266
erenatasp,@erenatasp1,https://twitter.com/erenatasp1/status/1613359893947318274,2023-01-12T02:19:08.000Z,"Bolsonaro,único presidente que não conseguiu se reeleger. INCOMPETÊNCIA CONFIRMADA...",0,0,0,https://twitter.com/nikolas_dm/status/1613335125105803266
Vania Regina Sa,@VaniaReginaSa1,https://twitter.com/VaniaReginaSa1/status/1613338404330311680,2023-01-12T00:53:44.000Z,👊🇧🇷🌻🌻🌻🌻,0,0,0,https://twitter.com/nikolas_dm/status/1613335125105803266
Vivian Luiza (conta alternativa),@VvluizaG,https://twitter.com/VvluizaG/status/1613347638895677441,2023-01-12T01:30:26.000Z,pena que a pressão contra os surdos intelectuais não funcionou e vc continua sem uma assistência adequada. Só te deram chupeta de bolsonazi e mais nada...que absurdo!!!!,0,0,0,https://twitter.com/nikolas_dm/status/1613335125105803266
serginho araujo,@serginhoaraujo3,https://twitter.com/serginhoaraujo3/status/1613345533061472256,2023-01-12T01:22:04.000Z,@nikolas_dm Estão querendo acabar com à direita  mesmo,0,0,0,https://twitter.com/nikolas_dm/status/1613335125105803266
Ariana Fontes,@arianafonttes,https://twitter.com/arianafonttes/status/1613353805277446144,2023-01-12T01:54:56.000Z,Na verdade isso se chama presidente que houve a vontade dos outros… diferente de vcs que só querem fazer o que lhes agrada e quando suas vontades não são feitas saem quebrando tudo… Ai ai,0,0,0,https://twitter.com/nikolas_dm/status/1613335125105803266
joice duarte,@joicealvesduart,https://twitter.com/joicealvesduart/status/1613335642334982145,2023-01-12T00:42:46.000Z,Um terrorista de 10 dias na lista de presos #LulaDitador,0,0,0,https://twitter.com/nikolas_dm/status/1613335125105803266
Sil,@SilvaEngle5,https://twitter.com/SilvaEngle5/status/1613371440220499970,2023-01-12T03:05:00.000Z,"Vai cagar, ze bostinha 🖕🏽",0,0,0,https://twitter.com/nikolas_dm/status/1613335125105803266
Lean,@leanrcores,https://twitter.com/leanrcores/status/1613369190420824072,2023-01-12T02:56:04.000Z,"Parem definitivamente de dar views e palco para o verme Nikolas. Não alimentem esse monstro, ele pode vir ser presidente do país.",0,0,0,https://twitter.com/nikolas_dm/status/1613335125105803266
