nome,usuario,idTweet,dataPublicacao,texto,replies,retweets,likes,tweetPai
Eduardo,@Eduardo193911,https://twitter.com/Eduardo193911/status/1614386390040453120,2023-01-14T22:18:03.000Z,"Se treinar mais , da para dobrar a meta .",0,0,0,https://twitter.com/SargentoFAHUR/status/1614146061848948737
Daniel Donda,@DanielDonda,https://twitter.com/DanielDonda/status/1614295035389923330,2023-01-14T16:15:03.000Z,27 tiros de alerta e 1 de contenção,1,0,27,https://twitter.com/SargentoFAHUR/status/1614146061848948737
Vanderlei Matos,@VanderleiMatos,https://twitter.com/VanderleiMatos/status/1614341682455105537,2023-01-14T19:20:24.000Z,"Fizeram um ótimo trabalho. 
Parabéns aos policiais 👏👏",0,0,0,https://twitter.com/SargentoFAHUR/status/1614146061848948737
Shaïna Amor sò de Deus,@TxiaomyShaina,https://twitter.com/TxiaomyShaina/status/1614647077589458945,2023-01-15T15:33:56.000Z,Vāo ja serem mandandos pra papuda por terem matados os inocentes 🤔😬,0,0,0,https://twitter.com/SargentoFAHUR/status/1614146061848948737
José Raimundo de Medeiros,@Medmaxlimeira,https://twitter.com/Medmaxlimeira/status/1614407046547533824,2023-01-14T23:40:08.000Z,Xandão que mandou apagar arquivos,0,0,0,https://twitter.com/SargentoFAHUR/status/1614146061848948737
RICARDO MARIANO,@MARIANOJose3394,https://twitter.com/MARIANOJose3394/status/1614215473129820161,2023-01-14T10:58:54.000Z,Parabéns,0,0,0,https://twitter.com/SargentoFAHUR/status/1614146061848948737
Cleber R.,@CWoheriton,https://twitter.com/CWoheriton/status/1614404152603414533,2023-01-14T23:28:38.000Z,"Só falta o pessoal dos "" direitos humanos"" aparecer aí, pq nenhum deles foram no campo de concentração de Brasília.",0,0,0,https://twitter.com/SargentoFAHUR/status/1614146061848948737
Leandro,@Leandro7point,https://twitter.com/Leandro7point/status/1614404508741767170,2023-01-14T23:30:03.000Z,Parabéns se for preciso contribuir para o reembolso das munições me manda o pix que é na horaaaaa. 🕊🥰,0,0,0,https://twitter.com/SargentoFAHUR/status/1614146061848948737
luiz,@luiz11644223,https://twitter.com/luiz11644223/status/1614193176654274560,2023-01-14T09:30:18.000Z,"Criminosos são suspeitos, manifestantes são terroristas 🤡 🤡 🤡 🤡 🤡",0,0,0,https://twitter.com/SargentoFAHUR/status/1614146061848948737
Coração Valente,@Andrea_ab_ofi,https://twitter.com/Andrea_ab_ofi/status/1614305924847652864,2023-01-14T16:58:19.000Z,Suspeitos atraíram?? Nossa! Parabéns rota.,0,0,2,https://twitter.com/SargentoFAHUR/status/1614146061848948737
AFC,@Adriana44241166,https://twitter.com/Adriana44241166/status/1614236395668750342,2023-01-14T12:22:02.000Z,Agora o DIREITO MANOS vai proteger os bandidos!,0,1,5,https://twitter.com/SargentoFAHUR/status/1614146061848948737
Inny,@innyBoop,https://twitter.com/innyBoop/status/1614597830869454848,2023-01-15T12:18:15.000Z,Engraçado que quando é terrorista  a polícia não atira,0,0,0,https://twitter.com/SargentoFAHUR/status/1614146061848948737
Rondon72,@Rondon7222,https://twitter.com/Rondon7222/status/1614249353303949315,2023-01-14T13:13:31.000Z,Foi pouco 🚓🔫...meus parabéns representa o estado de São Paulo 🚓🇧🇷👏👏👏👏👏👏👏👏👏👏👏👏,0,1,1,https://twitter.com/SargentoFAHUR/status/1614146061848948737
MAE DE FAMILIA,@vampirabolsonar,https://twitter.com/vampirabolsonar/status/1614503206654181376,2023-01-15T06:02:15.000Z,Podia ter dado mais tiro só acho,0,0,0,https://twitter.com/SargentoFAHUR/status/1614146061848948737
Denise Rigoleto,@Denise_Rigoleto,https://twitter.com/Denise_Rigoleto/status/1614279582332469251,2023-01-14T15:13:38.000Z,O que deve aparecer de representante de direito dos manos,0,0,1,https://twitter.com/SargentoFAHUR/status/1614146061848948737
Marcos Da Siva,@Siva1Marcos,https://twitter.com/Siva1Marcos/status/1616907796330545153,2023-01-21T21:17:13.000Z,Até o 27 o ladrão tava vivo aí veio o vigésimo oitavo pra sanar o problema 👏👏👏,0,0,1,https://twitter.com/SargentoFAHUR/status/1614146061848948737
Thiago Neves,@thiagoneves2011,https://twitter.com/thiagoneves2011/status/1614196016302931968,2023-01-14T09:41:35.000Z,Mas que palhaçada …. A ROTA já foi melhor Einh … só 28 ? Kkkk mínimo era uns 40 pra ter certeza 😎😎😎😎 … vejo os de BIGODE na ROTA minha alma chega a sair do corpo 🤣🤣🤣💦💦💦,2,0,33,https://twitter.com/SargentoFAHUR/status/1614146061848948737
Combatente,@Combatente11072,https://twitter.com/Combatente11072/status/1614242130360156168,2023-01-14T12:44:49.000Z,A ROTA entrega o que promete. Parabéns.,0,0,1,https://twitter.com/SargentoFAHUR/status/1614146061848948737
Tarcizo Filho,@Tarcizobm,https://twitter.com/Tarcizobm/status/1614354206202253314,2023-01-14T20:10:10.000Z,👏👏👏👏👏👏👏👏,0,0,1,https://twitter.com/SargentoFAHUR/status/1614146061848948737
Homem sem rosto,@RealistaRico,https://twitter.com/RealistaRico/status/1614251753326649344,2023-01-14T13:23:03.000Z,"Os cães de rua estão passando fome, ajuda a fazer uma lei pra essa turma virar ração. 
Muito desperdício de carne.",0,0,4,https://twitter.com/SargentoFAHUR/status/1614146061848948737
Henrique,@HenriqueAS84,https://twitter.com/HenriqueAS84/status/1614242944126701568,2023-01-14T12:48:03.000Z,Aí bigode! Anderson Torres foi preso! Não sei se já está sabendo! Sobre isso tem alguma coisa a falar?,0,0,6,https://twitter.com/SargentoFAHUR/status/1614146061848948737
Eduardo de Costas,@EduardoDeCostas,https://twitter.com/EduardoDeCostas/status/1614242225646440449,2023-01-14T12:45:12.000Z,E nenhum terrorista morto em Brasília.,0,0,6,https://twitter.com/SargentoFAHUR/status/1614146061848948737
Priscila santos cardoso,@PriscillaSc25,https://twitter.com/PriscillaSc25/status/1614330257296834560,2023-01-14T18:35:00.000Z,Daqui a pouco aparece o direitos humanos para falar que os coitados não estavam fazendo nada 🤣😃,2,0,0,https://twitter.com/SargentoFAHUR/status/1614146061848948737
Louis Cyphre,@InfantedaUrsal,https://twitter.com/InfantedaUrsal/status/1614425664081338379,2023-01-15T00:54:07.000Z,"E sobre os terroristas, nenhuma palavrinha, vovô?",0,0,2,https://twitter.com/SargentoFAHUR/status/1614146061848948737
Marcelo Feller,@FellerMarcelo,https://twitter.com/FellerMarcelo/status/1614438062729076738,2023-01-15T01:43:23.000Z,"Deputado, pode atirar em criminoso? Polícia deveria ter atirado nos golpistas?
Ou pode atirar só em alguns? Se essa hipótese, qm decide em qm pode atirar? A própria polícia?  Não eleita pra nada? Ou é vc o fiel da balança q decide quem pode morrer ao cometer crime, supostamente?",12,10,685,https://twitter.com/SargentoFAHUR/status/1614146061848948737
Daniel,@Daniel_Bris4,https://twitter.com/Daniel_Bris4/status/1614226101332475904,2023-01-14T11:41:08.000Z,"Certo, mais me responde uma coisa, a policia prioriza o estado ou a populaçao?",5,0,1,https://twitter.com/SargentoFAHUR/status/1614146061848948737
Fernando DeFaria,@fariafrossard,https://twitter.com/fariafrossard/status/1614374124876619778,2023-01-14T21:29:19.000Z,"Escutem uma coisa. Se alguma instituição irá se revelar para salvar o Brasil destes vermes comunistas, será a nossa PM. Escreve o que estou dizendo!",4,0,1,https://twitter.com/SargentoFAHUR/status/1614146061848948737
O carrasco,@carrasco10000,https://twitter.com/carrasco10000/status/1614217442774884353,2023-01-14T11:06:43.000Z,"Claro 28 vezes, quantidade de disparos suficientes pra cessar injusta agressão não é, os suspeitos eram  super-heróis da Marvel",0,0,2,https://twitter.com/SargentoFAHUR/status/1614146061848948737
Sonia Netto,@SoniaNetto7,https://twitter.com/SoniaNetto7/status/1614227802093412352,2023-01-14T11:47:53.000Z,👏🏻👏🏻👏🏻😁,0,0,0,https://twitter.com/SargentoFAHUR/status/1614146061848948737
Orleans Almeida,@OrleansAlmeida3,https://twitter.com/OrleansAlmeida3/status/1614373688421269504,2023-01-14T21:27:35.000Z,"O alvo da ROTA e de outras tropas são outros. Esse ai, depois irão cair rapidinho.",0,0,0,https://twitter.com/SargentoFAHUR/status/1614146061848948737
Claudio,@kriese75,https://twitter.com/kriese75/status/1614263497788981252,2023-01-14T14:09:44.000Z,Parabéns ROTA.,0,0,0,https://twitter.com/SargentoFAHUR/status/1614146061848948737
Adriana Ribeiro Castro,@drika1164,https://twitter.com/drika1164/status/1614388822111830017,2023-01-14T22:27:43.000Z,🤜🏾🤛🏾 parabéns mesmo.,0,0,0,https://twitter.com/SargentoFAHUR/status/1614146061848948737
Tavares Fazueli WO,@tavareres2019,https://twitter.com/tavareres2019/status/1614203966698520577,2023-01-14T10:13:10.000Z,"Nuss, só? Estavam com pouca munição?? Tem que rever isso.",0,0,0,https://twitter.com/SargentoFAHUR/status/1614146061848948737
Marcos Soares,@MarcosS62180384,https://twitter.com/MarcosS62180384/status/1614403088990830594,2023-01-14T23:24:25.000Z,Q absurdo!!Tinha q ser 100,0,0,0,https://twitter.com/SargentoFAHUR/status/1614146061848948737
Débora,@Dbora35911006,https://twitter.com/Dbora35911006/status/1614366478593306624,2023-01-14T20:58:56.000Z,Parabéns ROTA foram fazer o L no inferno,0,0,0,https://twitter.com/SargentoFAHUR/status/1614146061848948737
𝕶𝕄,@km2_br,https://twitter.com/km2_br/status/1614158369241108481,2023-01-14T07:11:59.000Z,Show,0,0,0,https://twitter.com/SargentoFAHUR/status/1614146061848948737
joel felizardo costa,@joelcosta2013,https://twitter.com/joelcosta2013/status/1614275788076883969,2023-01-14T14:58:34.000Z,Estão em contenção de despesa com munição?,0,0,0,https://twitter.com/SargentoFAHUR/status/1614146061848948737
Rabbit,@_Rabbit_Holle_,https://twitter.com/_Rabbit_Holle_/status/1614158868606484486,2023-01-14T07:13:58.000Z,"ABSURDO! COMO ASSIM ATIRARAM 28 vezes???

Só a submetralhadora tem capacidade pra 30 tiros, fora as pistolas. 
Estão economizando munição agora?!",1,0,36,https://twitter.com/SargentoFAHUR/status/1614146061848948737
Francisco Bento,@ChicoBentoReasa,https://twitter.com/ChicoBentoReasa/status/1614318303345795072,2023-01-14T17:47:30.000Z,"Agora estao contando tiros da PM, e dos marginais não vão contar?",0,0,3,https://twitter.com/SargentoFAHUR/status/1614146061848948737
Fatima Oliveira,@FatimaO09665640,https://twitter.com/FatimaO09665640/status/1614374532713746433,2023-01-14T21:30:56.000Z,Desde o começo do ano não vi nenhuma matéria sobre apreensão de drogas.,1,0,4,https://twitter.com/SargentoFAHUR/status/1614146061848948737
Pacificador,@RgdrRogerio,https://twitter.com/RgdrRogerio/status/1614198188201897984,2023-01-14T09:50:13.000Z,"Alguns realmente  cumpre a sua missão, polícia  existe  para pegar bandido  e não para pagar cidadão  de bem .",3,0,32,https://twitter.com/SargentoFAHUR/status/1614146061848948737
Márcio Martins,@mar88ciomartins,https://twitter.com/mar88ciomartins/status/1614328986703724546,2023-01-14T18:29:57.000Z,"Ronda Ostensiva Tobias de Aguiar.
Popular ROTA. Uma das instituições mais respeitadas do país seguramente. Amiga do cidadão de bem e terror para os marginais. Parabéns a ROTA, nenhum agente da lei ferido na operação quanto aos meliantes não me importo com sua integridade física.",2,0,10,https://twitter.com/SargentoFAHUR/status/1614146061848948737
Márcio Martins,@mar88ciomartins,https://twitter.com/mar88ciomartins/status/1614330029889961984,2023-01-14T18:34:06.000Z,"Atiraram o mínimo necessário e suficiente para garantir a integridade física dos policiais. Simples assim. 
Se fosse necessário 80, 100, 200 disparos deveriam fazer sem problemas. 
ZERO feridos entre os homens da Lei. 
Quantos aos meliantes, suas integridade  não me interessam.",2,0,7,https://twitter.com/SargentoFAHUR/status/1614146061848948737
Jone Melo,@JoneMelo1,https://twitter.com/JoneMelo1/status/1614356387835830272,2023-01-14T20:18:50.000Z,"Como é, suspeito ? 

O patriotas no domingo foram chamados d terroristas e agora esses militantes chamam essa turma de ""suspeitos"" ? 

Parabéns a Rota",0,1,17,https://twitter.com/SargentoFAHUR/status/1614146061848948737
Elisangelo Hoff,@ElisangeloHoff,https://twitter.com/ElisangeloHoff/status/1614184293970083845,2023-01-14T08:55:00.000Z,"Definitivamente isto é um ato falho. Não pode se permiti que a policia faça uma coisa destas. 
Pasmem nesta ação quantos tiros em um meliante. Será que era mesmo necessário tudo isso?
Eu ainda acho que podiam ter dividido estas balas melhor e matado uns 10 ou 14 meliantes.....kkk",1,0,10,https://twitter.com/SargentoFAHUR/status/1614146061848948737
Allan,@allan_vpm,https://twitter.com/allan_vpm/status/1614215759114166273,2023-01-14T11:00:02.000Z,"Vocês acham bonito ficar comemorando isso? Foram 28 tiros, deveriam ter arredondado para 30 logo, ou para 60. ☺️",0,0,34,https://twitter.com/SargentoFAHUR/status/1614146061848948737
JOAQUIM FERREIRA COIMBRA,@Drepaminondas,https://twitter.com/Drepaminondas/status/1614254747430621185,2023-01-14T13:34:57.000Z,Que absurdo! Como assim?! 28 vezes?! Pq não arredondaram logo para 30! Detesto números quebrados.,0,0,7,https://twitter.com/SargentoFAHUR/status/1614146061848948737
Maicon Willians,@MaiconW40467441,https://twitter.com/MaiconW40467441/status/1614185905673179142,2023-01-14T09:01:24.000Z,Meu impostos sendo bem aplicado parabéns ROTA!,0,0,4,https://twitter.com/SargentoFAHUR/status/1614146061848948737
Marcelo Lopez,@dobermannss,https://twitter.com/dobermannss/status/1614225200089817088,2023-01-14T11:37:33.000Z,"Rondas Ostensivas Tobias Aguiar, orgulho das pessoas que trabalham!",0,0,3,https://twitter.com/SargentoFAHUR/status/1614146061848948737
Tiamatgeo,@Simonefilo,https://twitter.com/Simonefilo/status/1614430950514884608,2023-01-15T01:15:07.000Z,Esperando mais uma leva de extremistas contra o estado de direito na cadeia!,0,0,2,https://twitter.com/SargentoFAHUR/status/1614146061848948737
juliotarcisio,@juliotarcisio4,https://twitter.com/juliotarcisio4/status/1614148543333138432,2023-01-14T06:32:56.000Z,Exelente notícia !,0,1,9,https://twitter.com/SargentoFAHUR/status/1614146061848948737
Cris Abambres,@AbambresCris,https://twitter.com/AbambresCris/status/1614209021740830721,2023-01-14T10:33:15.000Z,"É isso aí, bateram de frente com a barca de força, saíram peneirados. A Rota só chega pra resolver, a elite da polícia paulista, parabéns!",0,1,3,https://twitter.com/SargentoFAHUR/status/1614146061848948737
Mônica Arjona,@MnicaArjona2,https://twitter.com/MnicaArjona2/status/1614479402003202053,2023-01-15T04:27:39.000Z,"A polícia estava sem bala dia 08?
Art. 366. Tentar, o funcionário público civil ou militar, depor o governo constituído ou impedir o funcionamento das instituições constitucionais: Pena – reclusão, de quatro a doze anos.
São tão criminosos quantos esses aí não?",0,0,3,https://twitter.com/SargentoFAHUR/status/1614146061848948737
Tiago Pegorari Esposito,@TiagoPEsposito,https://twitter.com/TiagoPEsposito/status/1614235705752051712,2023-01-14T12:19:17.000Z,"Não respeitou a ordem de parar, esquecendo tratar-se da ROTA.....o resultado é esse. Que a ROTA volte a ter o respeito e o prestígio de ver a barca na rua e temer a bigodeira.",0,0,4,https://twitter.com/SargentoFAHUR/status/1614146061848948737
Mano Gusta,@gustavo_1308,https://twitter.com/gustavo_1308/status/1614172257995337730,2023-01-14T08:07:10.000Z,"O pior é os cara furtar um carro, sair com 3 revólver na mão, e ainda ser considerado suspeito",1,1,30,https://twitter.com/SargentoFAHUR/status/1614146061848948737
Santi David,@Santi_David1909,https://twitter.com/Santi_David1909/status/1614163987498782720,2023-01-14T07:34:18.000Z,E porque economizara munição???deveriam ter atirado mais…,0,0,20,https://twitter.com/SargentoFAHUR/status/1614146061848948737
Rodrigo Murta Galacini,@MurtaGalacini,https://twitter.com/MurtaGalacini/status/1614244046393802752,2023-01-14T12:52:26.000Z,"Os bandidos eram “suspeitos”, já as pessoas que estavam na frente do QG pacificamente, são terroristas…",2,0,17,https://twitter.com/SargentoFAHUR/status/1614146061848948737
Ines@via,Ines@via,https://twitter.com/ines_viacava/status/1614288711943954434,2023-01-14T15:49:55.000Z,O q mais tem nas ruas das gdes cidades é bandido e os policiais da rota só fazem seu trabalho.,0,0,1,https://twitter.com/SargentoFAHUR/status/1614146061848948737
MÄLDĮTŒ ĪNSĘTØ,@negomiguelix,https://twitter.com/negomiguelix/status/1614679691058905089,2023-01-15T17:43:32.000Z,28 balas gasta do bolso do povo é isso que voce ta parabenizando ? A farra da policia com dinheiro publico,0,0,0,https://twitter.com/SargentoFAHUR/status/1614146061848948737
Samuel Rezende,@SamuelMRezende,https://twitter.com/SamuelMRezende/status/1614228925650976770,2023-01-14T11:52:21.000Z,"Parabéns a ROTA, mas precisam treinar um pouco mais.

Munição é cara e não dá pra ficar desperdiçando com essa gente.",0,0,1,https://twitter.com/SargentoFAHUR/status/1614146061848948737
Bruno Tizzoni,@TizzoniLunas,https://twitter.com/TizzoniLunas/status/1614434395829444610,2023-01-15T01:28:49.000Z,"""Bandido bom é bandido morto"", que tal começar pelos terroristas de Brasília?",0,0,1,https://twitter.com/SargentoFAHUR/status/1614146061848948737
ℳәᡢ৯ৎഽ,@Mikayuscabelos,https://twitter.com/Mikayuscabelos/status/1614234797722988547,2023-01-14T12:15:41.000Z,Os policiais informaram que só atiraram 28 vezes porque a munição acabou,0,0,2,https://twitter.com/SargentoFAHUR/status/1614146061848948737
Monier,@rimonier,https://twitter.com/rimonier/status/1615056318523650053,2023-01-16T18:40:07.000Z,"Parabéns porque não é na porta da sua casa, irresponsável!
Uma das ruas mais movimentadas de São Paulo, e fazem essa maluquice. Vá dar palpite na sua cidade.",0,0,0,https://twitter.com/SargentoFAHUR/status/1614146061848948737
Marcelo rocha,@marcelodiskcap,https://twitter.com/marcelodiskcap/status/1614569923178643456,2023-01-15T10:27:21.000Z,Perfeito!!!🙏,0,0,0,https://twitter.com/SargentoFAHUR/status/1614146061848948737
Ronaldo CPI,@CpintoRonaldo,https://twitter.com/CpintoRonaldo/status/1614539760306950144,2023-01-15T08:27:30.000Z,Bom,0,0,0,https://twitter.com/SargentoFAHUR/status/1614146061848948737
Antonio Nunes Imóveis,@Os_Santo,https://twitter.com/Os_Santo/status/1614436136713179137,2023-01-15T01:35:44.000Z,"Não.
Policiais omissos com o Brasil.",0,0,0,https://twitter.com/SargentoFAHUR/status/1614146061848948737
José luiz santos da silva Luiz,@Josluiz94383241,https://twitter.com/Josluiz94383241/status/1614439141139161088,2023-01-15T01:47:40.000Z,"A adrenalina dura três pentes...
Ou em combate, ou depois dele.",0,0,0,https://twitter.com/SargentoFAHUR/status/1614146061848948737
Carlos Porto,@kaheporto,https://twitter.com/kaheporto/status/1614437318911496193,2023-01-15T01:40:26.000Z,Só 28 vezes? Acabou a munição ou aconteceu alguma coisa pra impedir mais tiros? 👏🏼👏🏼👏🏼👏🏼👏🏼👏🏼👏🏼👏🏼 Parabéns a todos os responsáveis pelos 28... 👏🏼👏🏼👏🏼👏🏼👏🏼👏🏼👏🏼👏🏼👏🏼👏🏼👏🏼👏🏼👏🏼,0,0,0,https://twitter.com/SargentoFAHUR/status/1614146061848948737
foda-se sua opinião,@fodasesuaopini6,https://twitter.com/fodasesuaopini6/status/1614487495009533953,2023-01-15T04:59:49.000Z,Estão economizado  balas até nisso o desgoverno já interferiu,0,0,0,https://twitter.com/SargentoFAHUR/status/1614146061848948737
Só esperando o impeachment!!!,@Erick_Uchoa72,https://twitter.com/Erick_Uchoa72/status/1614431253918359557,2023-01-15T01:16:20.000Z,O Estado tem que investir mais na compra de munições!!!🫢🤣,0,0,0,https://twitter.com/SargentoFAHUR/status/1614146061848948737
Ti_Manca07,@MancaTi,https://twitter.com/MancaTi/status/1614189552343699459,2023-01-14T09:15:54.000Z,"As PMs abandonoram o povo nos lockdowns.
As PFs abandonaram o povo na ditadura do judiciário. 
As Forças Armadas abandonaram o povo no golpe comunista. 

A direita precisa parar de proteger os verdadeiros inimigos...nenhuma ditadura seria possível sem a ajuda da ""lei""",2,0,10,https://twitter.com/SargentoFAHUR/status/1614146061848948737
Vinicius Martin,@vinnymartin2010,https://twitter.com/vinnymartin2010/status/1614445737944961025,2023-01-15T02:13:53.000Z,Peneirinhas no colo do devil!,0,0,0,https://twitter.com/SargentoFAHUR/status/1614146061848948737
Bruno Soares,@supertomada,https://twitter.com/supertomada/status/1614427527065354241,2023-01-15T01:01:31.000Z,Se foram feitos 28 disparos é pq foram necessários 28 disparos.,0,0,0,https://twitter.com/SargentoFAHUR/status/1614146061848948737
Carlos Henrique,@carloshtpe,https://twitter.com/carloshtpe/status/1614219066029252608,2023-01-14T11:13:10.000Z,Mesmo se não tivessem encontrado essas armas eles colocariam armas pra dizer q eram deles pq polícia faz isso muito comum .,6,0,2,https://twitter.com/SargentoFAHUR/status/1614146061848948737
Reginaldo Prata,@blackprata,https://twitter.com/blackprata/status/1614405340606365696,2023-01-14T23:33:22.000Z,Parabéns aos valorosos policiais da ROTA,0,0,1,https://twitter.com/SargentoFAHUR/status/1614146061848948737
Ramonziiin,@Ramonsouzajr,https://twitter.com/Ramonsouzajr/status/1614225426452185088,2023-01-14T11:38:27.000Z,Fechava logo os 30,0,0,1,https://twitter.com/SargentoFAHUR/status/1614146061848948737
Vida,@simplesasim1,https://twitter.com/simplesasim1/status/1614237091147259904,2023-01-14T12:24:48.000Z,"Parabéns nada. Toda a Instituição Militar está manchada no meu entendimento. Viram o que fizeram com os Patriotas em Brasília? Não importa que seja outra corporação. É uma vergonha o que deixaram acontecer no Brasil, isso é irrecuperável.",0,0,1,https://twitter.com/SargentoFAHUR/status/1614146061848948737
M D Morcego,@Tenho1000ideias,https://twitter.com/Tenho1000ideias/status/1614234243101597696,2023-01-14T12:13:29.000Z,@tarcisiogdf Vai fazer o melhor governo que o Estado de São Paulo já teve. Pra cima deles!!,0,0,2,https://twitter.com/SargentoFAHUR/status/1614146061848948737
pedrolucas,@gilmarzin07,https://twitter.com/gilmarzin07/status/1614465472103079937,2023-01-15T03:32:18.000Z,'suspeitos ' com glock e 38,0,0,1,https://twitter.com/SargentoFAHUR/status/1614146061848948737
ReiDosRAIDS,@ReiDosRAIDS,https://twitter.com/ReiDosRAIDS/status/1614326754394398722,2023-01-14T18:21:05.000Z,Só 28?? A Rota precisa voltar aos velhos tempos de 300 tiros,0,0,1,https://twitter.com/SargentoFAHUR/status/1614146061848948737
A Sergio A Castro Castro,@asacscrd,https://twitter.com/asacscrd/status/1614241411846504448,2023-01-14T12:41:58.000Z,Parabéns ROTA ainda temos Políciais de Caráter Coragem e cumprem com seu Dever Já em outras instituições o amarelado é evidente..,0,0,2,https://twitter.com/SargentoFAHUR/status/1614146061848948737
Bas,@BRUNOAL74271259,https://twitter.com/BRUNOAL74271259/status/1614319631153434627,2023-01-14T17:52:47.000Z,"E sobre o pessoal que quebrou tudo em Brasília?

Posta aí rapidinho kkkkkk.",1,0,17,https://twitter.com/SargentoFAHUR/status/1614146061848948737
O Desenvolvedor Libertário,@ODevLibertario,https://twitter.com/ODevLibertario/status/1614296653845995520,2023-01-14T16:21:29.000Z,"'Suspeitos' esse brainwashing para proteção de criminosos é bem efetivo.

Tadinho dos suspeitos.",0,0,2,https://twitter.com/SargentoFAHUR/status/1614146061848948737
Walace Violim,@WalaceViolim9,https://twitter.com/WalaceViolim9/status/1614394839356907522,2023-01-14T22:51:38.000Z,"Simplesmente sensacional, e medalha de ouro para os policiais.",0,0,0,https://twitter.com/SargentoFAHUR/status/1614146061848948737
manoel dos reis,@manoeld52029757,https://twitter.com/manoeld52029757/status/1614430015214735361,2023-01-15T01:11:24.000Z,"EAE deputado vai em frente te amo sou Manoel dos Reis da Paraíba, conhece?",0,0,0,https://twitter.com/SargentoFAHUR/status/1614146061848948737
marcio,@autoconect,https://twitter.com/autoconect/status/1614441480696766465,2023-01-15T01:56:58.000Z,"Sabe de uma coisa: e ainda foi pouco, porque bandido bom é bandido morto!",0,0,0,https://twitter.com/SargentoFAHUR/status/1614146061848948737
Doleta Cristina,@denisaopaulo,https://twitter.com/denisaopaulo/status/1614442827630387201,2023-01-15T02:02:19.000Z,Isso vai ser feito com patriota fira de sampa,0,0,0,https://twitter.com/SargentoFAHUR/status/1614146061848948737
Ivan,@IvanDeLimaCamp1,https://twitter.com/IvanDeLimaCamp1/status/1614467316573507585,2023-01-15T03:39:38.000Z,Parabéns!,0,0,0,https://twitter.com/SargentoFAHUR/status/1614146061848948737
Alexandre PG,@DrAlexandrePG,https://twitter.com/DrAlexandrePG/status/1614433998473957376,2023-01-15T01:27:14.000Z,Tinha 28 policiais.  Cada um deu um único tiro. Não vejo excesso nisso aí não.,0,0,0,https://twitter.com/SargentoFAHUR/status/1614146061848948737
Luiz Gustavo Nogueira Gu Nogueira,@GuNogueira_81,https://twitter.com/GuNogueira_81/status/1614394814648270853,2023-01-14T22:51:32.000Z,"Até agora sem entender isso.... Faltou munição, por isso só 28?????",0,0,0,https://twitter.com/SargentoFAHUR/status/1614146061848948737
JOTA,@Pys_Alfa,https://twitter.com/Pys_Alfa/status/1614385539200737283,2023-01-14T22:14:41.000Z,"Eu só queria saber porque não foi 30 tiros? Eu pago meus impostos pra isso mesmo! Pra não economizar tiros, espero que na próxima vez eles sejam um pouco mais melhor nesse dedo! Fico no aguardo esperando mais tiros!",0,0,0,https://twitter.com/SargentoFAHUR/status/1614146061848948737
André Luiz,@warriorriobr,https://twitter.com/warriorriobr/status/1614504219335352325,2023-01-15T06:06:16.000Z,"Só 28, deviam estar com pouca munição!!! Parabéns aos Guerreiros da ROTA!!!",0,0,0,https://twitter.com/SargentoFAHUR/status/1614146061848948737
God of Eagles,@IvanSan57444136,https://twitter.com/IvanSan57444136/status/1614783954976149505,2023-01-16T00:37:50.000Z,Excelente,0,0,0,https://twitter.com/SargentoFAHUR/status/1614146061848948737
Rodrigo Machado,@Rodrigo26472840,https://twitter.com/Rodrigo26472840/status/1614315936441421827,2023-01-14T17:38:06.000Z,Só 28 vezes ? Por que acabou a munição ?,0,0,0,https://twitter.com/SargentoFAHUR/status/1614146061848948737
Fabio,@fo_slim,https://twitter.com/fo_slim/status/1614343077488910338,2023-01-14T19:25:57.000Z,Quando o pt fizer o desencarceramento em massa é o que vai no salvar..,0,0,0,https://twitter.com/SargentoFAHUR/status/1614146061848948737
AngeladeCamposSalles 4a conta,@aline_csalles,https://twitter.com/aline_csalles/status/1614337149825941504,2023-01-14T19:02:24.000Z,Parabens!,0,0,0,https://twitter.com/SargentoFAHUR/status/1614146061848948737
Faz o L de Ladrão! (Selo azul),@OffRetorno,https://twitter.com/OffRetorno/status/1614269502904041472,2023-01-14T14:33:35.000Z,Poderiam arredondar para 30...,0,0,0,https://twitter.com/SargentoFAHUR/status/1614146061848948737
Soumaria,@smchoh1,https://twitter.com/smchoh1/status/1614312693070004226,2023-01-14T17:25:13.000Z,"Pra isso que serve a polícia, pra proteger a população CONTRA bandidos, e não pra … né?",0,0,0,https://twitter.com/SargentoFAHUR/status/1614146061848948737
𝐍𝐢𝐫𝐥𝐚 𝐌𝐚𝐫𝐪𝐮𝐞𝐬,@nirlamarques,https://twitter.com/nirlamarques/status/1614245434448568322,2023-01-14T12:57:57.000Z,parabéns,0,0,0,https://twitter.com/SargentoFAHUR/status/1614146061848948737
Sr Liberdade,@rtur_seg,https://twitter.com/rtur_seg/status/1614291215700357122,2023-01-14T15:59:52.000Z,Agora tem fiscal de Tiros?,0,0,0,https://twitter.com/SargentoFAHUR/status/1614146061848948737
E=mc2,@QIQESUSTENTA,https://twitter.com/QIQESUSTENTA/status/1614232069781221377,2023-01-14T12:04:51.000Z,FO+🇧🇷; E…Continueeeeee…,0,0,0,https://twitter.com/SargentoFAHUR/status/1614146061848948737
Moisés,@Moiss50428287,https://twitter.com/Moiss50428287/status/1614373555277373440,2023-01-14T21:27:03.000Z,👍,0,0,0,https://twitter.com/SargentoFAHUR/status/1614146061848948737
Marcos,@Marcos33141466,https://twitter.com/Marcos33141466/status/1614304296685932547,2023-01-14T16:51:51.000Z,"Pq 28 vezes?
Acabou as munições?
Aí Tarcísio vamos dobrar a quantidade de munição.",0,0,2,https://twitter.com/SargentoFAHUR/status/1614146061848948737
J.A,@JanioAQUINO34,https://twitter.com/JanioAQUINO34/status/1614236014142279680,2023-01-14T12:20:31.000Z,"Será que podemos confiar nas polícias, hoje já não sei em quem confiar.",0,0,2,https://twitter.com/SargentoFAHUR/status/1614146061848948737
Palmeiras _1942,@1942_palmeiras,https://twitter.com/1942_palmeiras/status/1614250380279291905,2023-01-14T13:17:36.000Z,"Tem que ser presos esses policiais, onde já se viu matar um jovem que só queria roubar para tomar uma cevezinha",0,0,5,https://twitter.com/SargentoFAHUR/status/1614146061848948737
José María,@zm_wild,https://twitter.com/zm_wild/status/1614256656396828678,2023-01-14T13:42:32.000Z,Tem que tirar esse eleitores q não produz nada !!! Esse cpf não machuca mais ninguém!!!!,0,0,2,https://twitter.com/SargentoFAHUR/status/1614146061848948737
Sousa,@Sousa75750123,https://twitter.com/Sousa75750123/status/1614195059628609537,2023-01-14T09:37:47.000Z,Só 28 vezes!!,0,0,2,https://twitter.com/SargentoFAHUR/status/1614146061848948737
Operation Spirit,@OperationSp1rit,https://twitter.com/OperationSp1rit/status/1614166668913119233,2023-01-14T07:44:58.000Z,"Esses ""suspeitos"" eram na verdade uma quadrilha de roubo a residências.",0,0,4,https://twitter.com/SargentoFAHUR/status/1614146061848948737
Arthur Barcellos,@oarthurde84,https://twitter.com/oarthurde84/status/1614444432559857664,2023-01-15T02:08:42.000Z,Se atirar em suspeito fosse lícito você teria morrido na decada de 70,0,0,2,https://twitter.com/SargentoFAHUR/status/1614146061848948737
Nobru,@Nobru_Sednanref,https://twitter.com/Nobru_Sednanref/status/1614176288025051137,2023-01-14T08:23:11.000Z,"Força e honra guerreiros, bateu de frente com a R é vala rasa.",0,0,5,https://twitter.com/SargentoFAHUR/status/1614146061848948737
Vicente Carreiro,@Aanu_bs,https://twitter.com/Aanu_bs/status/1614610202765959170,2023-01-15T13:07:25.000Z,👏👏👏👏....🇧🇷🇧🇷🇧🇷🇧🇷....,0,0,1,https://twitter.com/SargentoFAHUR/status/1614146061848948737
nderson,@Andersonelric,https://twitter.com/Andersonelric/status/1614210077300346882,2023-01-14T10:37:27.000Z,"Absurdo, não tinha mais bala para atirar não 🤣🤣🤣🤣",0,0,3,https://twitter.com/SargentoFAHUR/status/1614146061848948737
Olimpiobf,@Olimpiobf1,https://twitter.com/Olimpiobf1/status/1614847631737630721,2023-01-16T04:50:52.000Z,🤝,0,0,0,https://twitter.com/SargentoFAHUR/status/1614146061848948737
Uelison Amaral,@UelisonAmaral,https://twitter.com/UelisonAmaral/status/1614825500697845760,2023-01-16T03:22:56.000Z,Atiraram 28 vezes nos caras que já estavam mortos? Kkkk,0,0,0,https://twitter.com/SargentoFAHUR/status/1614146061848948737
José godoi,@jmgodoi,https://twitter.com/jmgodoi/status/1614842000838397952,2023-01-16T04:28:29.000Z,Vagabundo beleza noticiam de suspeito. Lá em Brasília tudos que estavam na rua e terrorista,0,0,0,https://twitter.com/SargentoFAHUR/status/1614146061848948737
Elisanja Souza,@SouzaElisanja,https://twitter.com/SouzaElisanja/status/1615417324353294342,2023-01-17T18:34:37.000Z,Parabéns a rota,0,0,0,https://twitter.com/SargentoFAHUR/status/1614146061848948737
Auleci Da Silva,@AuleciS,https://twitter.com/AuleciS/status/1614978188047785985,2023-01-16T13:29:39.000Z,Levando em conta que a Glock tem 17 no pente acho que o motorista não conseguiu atirar kkkkkkk,0,0,0,https://twitter.com/SargentoFAHUR/status/1614146061848948737
Cavalo Inteiro,@GuilhermeReich,https://twitter.com/GuilhermeReich/status/1614216320068849666,2023-01-14T11:02:16.000Z,"Xandão ta chegando, hein... vai?!....",0,0,1,https://twitter.com/SargentoFAHUR/status/1614146061848948737
kaio Lopes ,@KaioLopes_,https://twitter.com/KaioLopes_/status/1614177908540510208,2023-01-14T08:29:38.000Z,Esses caras tão de brincadeira...só 28?,0,0,1,https://twitter.com/SargentoFAHUR/status/1614146061848948737
Fazuélly Iddy Otta ,@bolsoelho,https://twitter.com/bolsoelho/status/1614209162057027586,2023-01-14T10:33:49.000Z,Só 28? Eram dois PM ? Cada um gastou um carregador só.,0,0,1,https://twitter.com/SargentoFAHUR/status/1614146061848948737
Aparecida Marinho,@Cida82marinho,https://twitter.com/Cida82marinho/status/1614337427291934720,2023-01-14T19:03:30.000Z,SÓ 28?,0,0,1,https://twitter.com/SargentoFAHUR/status/1614146061848948737
Erick,@Erick_Jair22,https://twitter.com/Erick_Jair22/status/1614399601833820160,2023-01-14T23:10:33.000Z,"Depois da noticia que policiais da Rota faziam escolta para traficantes, e vendo os bairros cheios deles, e de ladões de cara limpa durante o dia, além dos infernais pancadões destruindo a saúde mental dos trabalhadores, NÃO POSSO APLAUDIR A ROTA E MENOS  AINDA OS OUTROS POLICIAS",0,0,1,https://twitter.com/SargentoFAHUR/status/1614146061848948737
Leonardo - FORA LULA,@LEONARDOPALHAS,https://twitter.com/LEONARDOPALHAS/status/1614795561743405058,2023-01-16T01:23:58.000Z,CPFs cancelados,0,0,0,https://twitter.com/SargentoFAHUR/status/1614146061848948737
Nicolino de carvalho farro,@RecebaSeguros,https://twitter.com/RecebaSeguros/status/1614771101908832257,2023-01-15T23:46:46.000Z,Foi pouco tiros ...28 era clube de baile no centro de sampa,0,0,0,https://twitter.com/SargentoFAHUR/status/1614146061848948737
Marcio Rodrigues Paulino,@marciorp82,https://twitter.com/marciorp82/status/1614792956224966659,2023-01-16T01:13:36.000Z,Parabéns ROTA,0,0,0,https://twitter.com/SargentoFAHUR/status/1614146061848948737
Ricardo Matos,@Ricardo07854928,https://twitter.com/Ricardo07854928/status/1614731690303426560,2023-01-15T21:10:09.000Z,Que pena!,0,0,0,https://twitter.com/SargentoFAHUR/status/1614146061848948737
Lucas Hernandes,@lukas59459,https://twitter.com/lukas59459/status/1614386140244590599,2023-01-14T22:17:04.000Z,"Ainda bem que parou com 28 tiros. Se fossem mais, iam ter que ir estilo carrinho de bate bate.",0,0,1,https://twitter.com/SargentoFAHUR/status/1614146061848948737
Daris,@DarecDaris,https://twitter.com/DarecDaris/status/1614213693822369792,2023-01-14T10:51:49.000Z,Parabéns. Todo apoio às forças de segurança.,0,0,1,https://twitter.com/SargentoFAHUR/status/1614146061848948737
Dexter do beco,@Welingt55245787,https://twitter.com/Welingt55245787/status/1614744184497508355,2023-01-15T21:59:48.000Z,"Sei não, mas esse bigodinho aí...",0,0,0,https://twitter.com/SargentoFAHUR/status/1614146061848948737
T-BAG,@doisfabriicio,https://twitter.com/doisfabriicio/status/1614368370207621121,2023-01-14T21:06:27.000Z,@omaguiss será?,1,0,0,https://twitter.com/SargentoFAHUR/status/1614146061848948737
Milton Santos,@MiltonS94784704,https://twitter.com/MiltonS94784704/status/1614246762235006979,2023-01-14T13:03:14.000Z,Amém,0,0,0,https://twitter.com/SargentoFAHUR/status/1614146061848948737
Lucas edson,@Lucased47187099,https://twitter.com/Lucased47187099/status/1614327687824408578,2023-01-14T18:24:48.000Z,Suspeitos... Engraçado.,0,0,0,https://twitter.com/SargentoFAHUR/status/1614146061848948737
Maurício Coelho,@mcoelho66,https://twitter.com/mcoelho66/status/1614237945254367232,2023-01-14T12:28:11.000Z,"Poxa, podiam ter arredondado para 30 !!!!",0,0,0,https://twitter.com/SargentoFAHUR/status/1614146061848948737
Marcos laerson,@Marcoslaerson,https://twitter.com/Marcoslaerson/status/1614346876773335045,2023-01-14T19:41:03.000Z,Menos q um carregador😌,0,0,0,https://twitter.com/SargentoFAHUR/status/1614146061848948737
EERR,@EronEvaldo,https://twitter.com/EronEvaldo/status/1614366872895356930,2023-01-14T21:00:30.000Z,Belo trabalho!!!!,0,0,0,https://twitter.com/SargentoFAHUR/status/1614146061848948737
Rivaldo,@RivaldoSoaresF,https://twitter.com/RivaldoSoaresF/status/1614173979325124609,2023-01-14T08:14:01.000Z,🥹👏👏👏👏👏🇧🇷,0,0,0,https://twitter.com/SargentoFAHUR/status/1614146061848948737
Graciela da Costa Machado Vituri,@gracielamvituri,https://twitter.com/gracielamvituri/status/1614235811578511360,2023-01-14T12:19:43.000Z,Já já vão acabar com a ROTA!!!,0,0,0,https://twitter.com/SargentoFAHUR/status/1614146061848948737
Thelma Simoes,@tsimoespt,https://twitter.com/tsimoespt/status/1614364389368274944,2023-01-14T20:50:38.000Z,Será  que nesta situação  as ong e direitos humanos irá  aparecer?,0,0,0,https://twitter.com/SargentoFAHUR/status/1614146061848948737
Oliveiro Ramalho,@RamalhoOliveiro,https://twitter.com/RamalhoOliveiro/status/1614380953979310080,2023-01-14T21:56:27.000Z,"Tem é que sentar o aço mesmo!!! Parabéns aos Policiais!!! Continuem assim, fazendo limpeza que a justiça não faz.",0,0,0,https://twitter.com/SargentoFAHUR/status/1614146061848948737
O Patriota,@RankConan,https://twitter.com/RankConan/status/1614332308424691712,2023-01-14T18:43:09.000Z,"Cadê a medalha dos caras? Não dão nem um incentivo. Eu daria era aumento salarial. Cada óbito de bandido, mais 100 reais fixo no vencimento mensal. Em 2 anos, a criminalidade cairia pela metade, certeza.",0,0,0,https://twitter.com/SargentoFAHUR/status/1614146061848948737
Reginaldo Dantas,@Reginal0410,https://twitter.com/Reginal0410/status/1614377741943545856,2023-01-14T21:43:42.000Z,Pô Rota só 28 vezes vcs já foram melhor precisam dobrar essa meta em.,0,0,0,https://twitter.com/SargentoFAHUR/status/1614146061848948737
fabiano faura,@fabianofaura1,https://twitter.com/fabianofaura1/status/1614392778657611778,2023-01-14T22:43:27.000Z,O xandao vai mandar prender a rota. Rsrs,0,0,0,https://twitter.com/SargentoFAHUR/status/1614146061848948737
Marlon pontes,@Marlonpontes16,https://twitter.com/Marlonpontes16/status/1614373654984261635,2023-01-14T21:27:27.000Z,Só 28 vezes eu tenho certeza que os policiais tinham mais munição. Kkkkkkkkk,0,0,0,https://twitter.com/SargentoFAHUR/status/1614146061848948737
V RS,@Valber2022,https://twitter.com/Valber2022/status/1614415783425183745,2023-01-15T00:14:51.000Z,Vamos buscar melhorar! Triplicar a meta,0,0,0,https://twitter.com/SargentoFAHUR/status/1614146061848948737
luciano ribeiro,@lucianoribeiro3,https://twitter.com/lucianoribeiro3/status/1614490314927923200,2023-01-15T05:11:01.000Z,Parabéns à polícia,0,0,0,https://twitter.com/SargentoFAHUR/status/1614146061848948737
Marcel Áquila,@DomMarcel38,https://twitter.com/DomMarcel38/status/1614424788591591427,2023-01-15T00:50:38.000Z,"Foi a época em que confiava nos policiais. Depois de ver como atacaram patriotas em vários estados, perderam todo o respeito e admiração que tinha por eles. São jagunços da ditadura comunista.",0,0,0,https://twitter.com/SargentoFAHUR/status/1614146061848948737
Rodrigo,@STZ_Rodrigo,https://twitter.com/STZ_Rodrigo/status/1614408366553432066,2023-01-14T23:45:23.000Z,Parabéns aos policiais 👏👏👏,0,0,0,https://twitter.com/SargentoFAHUR/status/1614146061848948737
Sergio Marconi,@sergiomarconi,https://twitter.com/sergiomarconi/status/1614600434509021188,2023-01-15T12:28:36.000Z,"Muito tiro pra pouca eficiência. Da pra treinar mais e utilizar melhor a munição... Um disparo uma LIXO a menos, aí sim.",0,0,0,https://twitter.com/SargentoFAHUR/status/1614146061848948737
Mauro De Oliveira Aguiar,@MauroDe53100024,https://twitter.com/MauroDe53100024/status/1614580367226277889,2023-01-15T11:08:51.000Z,"Esses não voltaram a seno do crime, e nem votam mais no pt",0,0,0,https://twitter.com/SargentoFAHUR/status/1614146061848948737
Raquel Coan,@CoanRaquel,https://twitter.com/CoanRaquel/status/1614494181879156736,2023-01-15T05:26:23.000Z,Arma com numeração raspada??? É bandidagem!!! Parabéns policiais!!,0,0,0,https://twitter.com/SargentoFAHUR/status/1614146061848948737
Guilherme Trivelato Centella ∴,@guicentella,https://twitter.com/guicentella/status/1614482276062007296,2023-01-15T04:39:04.000Z,👏🏻👏🏻👏🏻,0,0,0,https://twitter.com/SargentoFAHUR/status/1614146061848948737
𝕷𝖊𝖔𝖓𝖆𝖗𝖉𝖔 𝕭𝖔𝖑𝖘𝖔𝖓𝖆𝖗𝖎𝖘𝖙𝖆,@Leonard84875325,https://twitter.com/Leonard84875325/status/1614483826289385472,2023-01-15T04:45:14.000Z,Booooa tem que garantir que exterminou,0,0,0,https://twitter.com/SargentoFAHUR/status/1614146061848948737
blockchain hunter,@blockchainhunt3,https://twitter.com/blockchainhunt3/status/1614624043352694784,2023-01-15T14:02:24.000Z,It’s marvelous 🇧🇷🇧🇷🇧🇷🇧🇷🇧🇷,0,0,0,https://twitter.com/SargentoFAHUR/status/1614146061848948737
O Coringa do bem !!!,@AndrezaoPunto,https://twitter.com/AndrezaoPunto/status/1614471816935792646,2023-01-15T03:57:31.000Z,👏🏽👏🏽👏🏽...,0,0,0,https://twitter.com/SargentoFAHUR/status/1614146061848948737
Gabz Rez,@GabzVazPerez,https://twitter.com/GabzVazPerez/status/1614478909923368961,2023-01-15T04:25:42.000Z,Por que não fizeram isso com Roberto Jefferson?,0,0,0,https://twitter.com/SargentoFAHUR/status/1614146061848948737
Romeu Carvalho,@romeu_guerreiro,https://twitter.com/romeu_guerreiro/status/1614693067562385411,2023-01-15T18:36:41.000Z,Faltou munição foi?,0,0,0,https://twitter.com/SargentoFAHUR/status/1614146061848948737
Teresa Cristina,@TeresaVirtuosa,https://twitter.com/TeresaVirtuosa/status/1614473412491051009,2023-01-15T04:03:51.000Z,"Mais que coisa, me conta como conseguiu chegar a sargento? Atirar 28 vezes em suspeitos. Ah me poupe.",0,0,0,https://twitter.com/SargentoFAHUR/status/1614146061848948737
Mônica Arjona,@MnicaArjona2,https://twitter.com/MnicaArjona2/status/1614479881965895680,2023-01-15T04:29:34.000Z,"Bandido bom é bandido morto só o preto favelado quando transgride só o Art. 366. Tentar, o funcionário público civil ou militar, depor o governo constituído ou impedir o funcionamento das instituições constitucionais: Pena – reclusão, de quatro a doze anos aí não né?",0,0,0,https://twitter.com/SargentoFAHUR/status/1614146061848948737
Jeffareski,@jeffdomski,https://twitter.com/jeffdomski/status/1614701835922857984,2023-01-15T19:11:32.000Z,Deviam estar em Brasilia dia 08... não ia ter invasão.,0,0,0,https://twitter.com/SargentoFAHUR/status/1614146061848948737
valentim.EV,@valentim_ev,https://twitter.com/valentim_ev/status/1614362314383179776,2023-01-14T20:42:23.000Z,"28 vzs e muito pouco .

Teria como atirar mais vzs por favor rota .aço !!",0,0,1,https://twitter.com/SargentoFAHUR/status/1614146061848948737
Gilson,@Gilson88849114,https://twitter.com/Gilson88849114/status/1614744473829003266,2023-01-15T22:00:57.000Z,👏🏼👏🏼👏🏼,0,0,0,https://twitter.com/SargentoFAHUR/status/1614146061848948737
Nilson S.P.F.C,@NilsonC34170728,https://twitter.com/NilsonC34170728/status/1614211300652990465,2023-01-14T10:42:19.000Z,Ótimo 👏👏👏👏,0,0,1,https://twitter.com/SargentoFAHUR/status/1614146061848948737
Odilon Verlangieri,@didiverlan1748,https://twitter.com/didiverlan1748/status/1614390490111291392,2023-01-14T22:34:21.000Z,Depois ainda foi conferir se estava morto kkk Cruz credo!,1,0,2,https://twitter.com/SargentoFAHUR/status/1614146061848948737
MBRock!,@BluesSquier,https://twitter.com/BluesSquier/status/1614222083927457792,2023-01-14T11:25:10.000Z,Só  ?,0,0,1,https://twitter.com/SargentoFAHUR/status/1614146061848948737
Marcelo,@bastardinfamous,https://twitter.com/bastardinfamous/status/1614163519619960834,2023-01-14T07:32:27.000Z,Oxi tão economizando munição pra que? Kkkkk,0,0,10,https://twitter.com/SargentoFAHUR/status/1614146061848948737
🄻🅄🄰🄽 TRI da LIBERTA,@LuanOctaFla,https://twitter.com/LuanOctaFla/status/1614705393862672386,2023-01-15T19:25:40.000Z,28 tiros só? Estão economizando munição?,0,0,0,https://twitter.com/SargentoFAHUR/status/1614146061848948737
Joao,@joaocascata1,https://twitter.com/joaocascata1/status/1614386115326218242,2023-01-14T22:16:58.000Z,"A rota deveria estar em Brasília no dia 8, agindo desta forma!!",0,0,1,https://twitter.com/SargentoFAHUR/status/1614146061848948737
Edvan,@Edvan_TI,https://twitter.com/Edvan_TI/status/1614415939256127499,2023-01-15T00:15:28.000Z,Rota eu te amo...Espero que tenham ido no carro certificar que não precisava de mais uns 15 cartuchos..,0,0,3,https://twitter.com/SargentoFAHUR/status/1614146061848948737
Regina Mansur,@rcmansur1910,https://twitter.com/rcmansur1910/status/1614264146144464898,2023-01-14T14:12:18.000Z,"Terem feito MENÇÃO.  Mas uma informação mentirosa tentando diplar a verdade como sempre enganando. PARABÉNS aos polícias.  Parece que somente no estado de São que eles serão respeitados. QUE CADA ESTADO MONTE A SUA PM, PF, PRF E TALVEZ ATÉ  SUA FORÇAS ARMADAS.",1,0,1,https://twitter.com/SargentoFAHUR/status/1614146061848948737
Denise Mendonça,@DeniseM64739944,https://twitter.com/DeniseM64739944/status/1614280154984972290,2023-01-14T15:15:55.000Z,Não julgo.,0,0,0,https://twitter.com/SargentoFAHUR/status/1614146061848948737
ACETI ∴,@LuizCarlosAceti,https://twitter.com/LuizCarlosAceti/status/1614199788484038663,2023-01-14T09:56:34.000Z,"Parabéns, Srs. Policiais da ROTA!",0,0,0,https://twitter.com/SargentoFAHUR/status/1614146061848948737
rogerio100,@rogerio10011,https://twitter.com/rogerio10011/status/1614218285310005248,2023-01-14T11:10:04.000Z,notícia gratificante demais,0,0,0,https://twitter.com/SargentoFAHUR/status/1614146061848948737
Anti Ptista,@PtistaAnti,https://twitter.com/PtistaAnti/status/1614345246560731136,2023-01-14T19:34:34.000Z,"Para a polícia reagir assim,eles deveriam estar armados com bandeira nacional e camisa do Brasil.",0,0,0,https://twitter.com/SargentoFAHUR/status/1614146061848948737
Diego campos,@dmonteiro994,https://twitter.com/dmonteiro994/status/1614219098317099010,2023-01-14T11:13:18.000Z,28 disparos para 3 baleados? Na média da menos de 10 disparos pra cada um. Uma boa média para os dias atuais.,0,0,0,https://twitter.com/SargentoFAHUR/status/1614146061848948737
resistência,@sendoumpatriota,https://twitter.com/sendoumpatriota/status/1614319461628010498,2023-01-14T17:52:06.000Z,28 dividido por 3 da menos de 10 tiros pra cada. Que decadência hein Rota kkkk,0,0,0,https://twitter.com/SargentoFAHUR/status/1614146061848948737
Nando Ramos,@Fernand74559211,https://twitter.com/Fernand74559211/status/1614270363860336642,2023-01-14T14:37:01.000Z,"Deve ter acabado a munição, da próxima vez levem  mais munição.",0,0,0,https://twitter.com/SargentoFAHUR/status/1614146061848948737
Herick F Martins,@HerickFernando5,https://twitter.com/HerickFernando5/status/1614215829998141440,2023-01-14T11:00:19.000Z,"Se tem bala , tem que ter certeza. Parabéns Rota.",0,0,0,https://twitter.com/SargentoFAHUR/status/1614146061848948737
Silvio MED.,@SilvioJMedeiros,https://twitter.com/SilvioJMedeiros/status/1614309889106395139,2023-01-14T17:14:04.000Z,"Por enquanto aqui a coisa funciona....bandido armado, resistência e tiro em polícia deve ser revidado....a morte e a consequência da escolha de bandidos pela resistência e agressão contra a polícia.  . Valeu @DerriteSP ..",0,0,0,https://twitter.com/SargentoFAHUR/status/1614146061848948737
Andreia Borrigueiro,@DeiaBorrigueiro,https://twitter.com/DeiaBorrigueiro/status/1614409322846621697,2023-01-14T23:49:11.000Z,Agora o direitos humanos e a imprensa aparece! Ele só foi mais uma vítima da sociedade.🤮😠,0,0,0,https://twitter.com/SargentoFAHUR/status/1614146061848948737
Diomilton Garcia Molina,@DiomiltonGarcia,https://twitter.com/DiomiltonGarcia/status/1614217353515962369,2023-01-14T11:06:22.000Z,Pode esperar a intervenção dos direitos humanos .🤡,0,0,0,https://twitter.com/SargentoFAHUR/status/1614146061848948737
Renato Garcia,@RenatoPGarcia,https://twitter.com/RenatoPGarcia/status/1614264855497768965,2023-01-14T14:15:07.000Z,2 a menos,0,0,0,https://twitter.com/SargentoFAHUR/status/1614146061848948737
Andre,@arnonisss,https://twitter.com/arnonisss/status/1614371474252390400,2023-01-14T21:18:47.000Z,Por isso tem que ter câmera nas fardas!,0,0,0,https://twitter.com/SargentoFAHUR/status/1614146061848948737
Brúnner Oliveira,@BrunnerOlivera8,https://twitter.com/BrunnerOlivera8/status/1614338572412407809,2023-01-14T19:08:03.000Z,Foi pouco ainda 😂🔫,0,0,0,https://twitter.com/SargentoFAHUR/status/1614146061848948737
adiel Gonçalves,@adiel_vieira1,https://twitter.com/adiel_vieira1/status/1614448317643231232,2023-01-15T02:24:08.000Z,"Pode gastar sem dó, é pra isso que pago impostos!",0,0,0,https://twitter.com/SargentoFAHUR/status/1614146061848948737
João da Silva,@joaodelima88,https://twitter.com/joaodelima88/status/1614393324240084992,2023-01-14T22:45:37.000Z,Chumbo no rabo deles!,0,0,0,https://twitter.com/SargentoFAHUR/status/1614146061848948737
Alexandre Ferreira,@Alexandre2339,https://twitter.com/Alexandre2339/status/1614448076483170304,2023-01-15T02:23:11.000Z,"Desperdício de munição!
Se fossem uma de 12 em cada um ,sobraria para mais outros tantos irem de mãos dadas pro inverno",0,0,0,https://twitter.com/SargentoFAHUR/status/1614146061848948737
cassiano nunes,@cassiolilian38,https://twitter.com/cassiolilian38/status/1614292574327504896,2023-01-14T16:05:16.000Z,Foi pouco!!!,0,0,0,https://twitter.com/SargentoFAHUR/status/1614146061848948737
Gustavo Melo,@ogustavomello,https://twitter.com/ogustavomello/status/1614239633675792384,2023-01-14T12:34:54.000Z,Força e honra !,0,0,0,https://twitter.com/SargentoFAHUR/status/1614146061848948737
dantas,@dantas11821725,https://twitter.com/dantas11821725/status/1614196366296629248,2023-01-14T09:42:58.000Z,Parabéns para a rota!,0,0,0,https://twitter.com/SargentoFAHUR/status/1614146061848948737
Enedino Francisco,@EnedinoN,https://twitter.com/EnedinoN/status/1614374748489662465,2023-01-14T21:31:48.000Z,Será que acabou a munição?,0,0,0,https://twitter.com/SargentoFAHUR/status/1614146061848948737
Ednei Bonfim,@edneibonfim,https://twitter.com/edneibonfim/status/1614321384007806976,2023-01-14T17:59:45.000Z,"Só isso 28 ?
Que pena , tinha que ser mais 😁😁😁",0,0,0,https://twitter.com/SargentoFAHUR/status/1614146061848948737
🄻🅄🄸🅉 🄼🄰🅁🅀🅄🄴🅂,@LuizTraderForex,https://twitter.com/LuizTraderForex/status/1614447093053014016,2023-01-15T02:19:16.000Z,"Só 28? PQP, isso sim que é pontaria em! Parabéns heróis, além de nos salvarem, economizaram para o estado! Medalhas urgente!",0,0,0,https://twitter.com/SargentoFAHUR/status/1614146061848948737
Gerson Lara,@GersonL39593690,https://twitter.com/GersonL39593690/status/1614190490177662977,2023-01-14T09:19:37.000Z,Não tinha mais bala???,0,0,0,https://twitter.com/SargentoFAHUR/status/1614146061848948737
Lula,@lcmoura,https://twitter.com/lcmoura/status/1614411564198526976,2023-01-14T23:58:05.000Z,Nazifascista.,0,0,0,https://twitter.com/SargentoFAHUR/status/1614146061848948737
Mario Almeida,@Imoveis_Almeida,https://twitter.com/Imoveis_Almeida/status/1614306138228461568,2023-01-14T16:59:10.000Z,Porque 28?acabaram as munições!!!,0,0,0,https://twitter.com/SargentoFAHUR/status/1614146061848948737
Luciana Brosque,@de_brosque,https://twitter.com/de_brosque/status/1614349737066471426,2023-01-14T19:52:25.000Z,Parabéns 👏,0,0,0,https://twitter.com/SargentoFAHUR/status/1614146061848948737
Messias Ferreira De Almeida,@Messias66490031,https://twitter.com/Messias66490031/status/1614436578591473664,2023-01-15T01:37:29.000Z,"É pra aplaudir de pé!

Pelo menos uma felicidade em meio a tanta decepção, foi por isso que eu votei no sr @tarcisiogdf queremos a ROTA na rua @DerriteSP  força e honra!",0,0,0,https://twitter.com/SargentoFAHUR/status/1614146061848948737
Fabio Oliveira,@drofabio,https://twitter.com/drofabio/status/1614325090719514624,2023-01-14T18:14:28.000Z,Parabéns!!!! Continuem com ótimo trabalho,0,0,0,https://twitter.com/SargentoFAHUR/status/1614146061848948737
