nome,usuario,idTweet,dataPublicacao,texto,replies,retweets,likes,tweetPai
NaniOkada,@NaniOkada,https://twitter.com/NaniOkada/status/1616088818624638976,2023-01-19T15:02:54.000Z,"O problema não é esse, ele não é obeso!",0,0,0,https://twitter.com/cabojunioamaral/status/1615807103628898304
MonteMoriá,@Margare31694622,https://twitter.com/Margare31694622/status/1615807744849678344,2023-01-18T20:26:01.000Z,#PachecoNAO,0,0,0,https://twitter.com/cabojunioamaral/status/1615807103628898304
Elon_fã,@FaElonmusk,https://twitter.com/FaElonmusk/status/1615905698969444352,2023-01-19T02:55:15.000Z,"Não!!!
Ele não é mais obeso!",0,0,0,https://twitter.com/cabojunioamaral/status/1615807103628898304
Vanda_SEP São Miguel Arcanjo defendei-nos,@Vanda_SEP,https://twitter.com/Vanda_SEP/status/1615849246498131969,2023-01-18T23:10:56.000Z,🤣🤣🤣🤣🤣🤣 tô achando que  ofensa pra ele é só a questão do obeso kkkkkkk,0,0,3,https://twitter.com/cabojunioamaral/status/1615807103628898304
Ivan Bonotto,@BonottoIvan,https://twitter.com/BonottoIvan/status/1615810750416814085,2023-01-18T20:37:57.000Z,"Não é comunista???..
Como assim ?????",0,0,3,https://twitter.com/cabojunioamaral/status/1615807103628898304
Luciana,@Lugoulart123,https://twitter.com/Lugoulart123/status/1615822248144674816,2023-01-18T21:23:39.000Z,"Ele quer ser comparado com Henry Cavill? Putz, vai dá não!",0,0,1,https://twitter.com/cabojunioamaral/status/1615807103628898304
Miriam Schimidt,@SchimidtMiriam,https://twitter.com/SchimidtMiriam/status/1615884400788398081,2023-01-19T01:30:37.000Z,"Quem fala a verdade, não merece castigo.",0,0,3,https://twitter.com/cabojunioamaral/status/1615807103628898304
Madalena Russo,@MadalenaRusso2,https://twitter.com/MadalenaRusso2/status/1615887371731406849,2023-01-19T01:42:25.000Z,Qual a retratação?!?,0,0,0,https://twitter.com/cabojunioamaral/status/1615807103628898304
Lih,@iambolsonariana,https://twitter.com/iambolsonariana/status/1615899825362329601,2023-01-19T02:31:54.000Z,"Se IMC estiver acima de 30, estao esta obeso sim. Ou vai discutir com a ciencia. Negacionista",0,0,0,https://twitter.com/cabojunioamaral/status/1615807103628898304
ju,@jufmjules,https://twitter.com/jufmjules/status/1615900779595927552,2023-01-19T02:35:42.000Z,"2 verdades que querem que o povo acredite que é mentira. Porém todos sabem que é verdade a mentira. 
A #EsquerdaCriminosa sempre na mentira. Como foi dito,  ""se não estão roubando, estão mentindo.""",0,1,3,https://twitter.com/cabojunioamaral/status/1615807103628898304
Andrea A. F. Santos,@AndreaAFSantos3,https://twitter.com/AndreaAFSantos3/status/1616022896081793024,2023-01-19T10:40:57.000Z,E eu não sabia que ele não é mais obeso🤷🏻‍♀️Será que ele não se enxerga obeso? Ohhh terapia já pra ele... aí ele aprenderá a se aceitar.,0,0,1,https://twitter.com/cabojunioamaral/status/1615807103628898304
Le Mendonça,@mendonca_leny,https://twitter.com/mendonca_leny/status/1615847517278568449,2023-01-18T23:04:03.000Z,Magrinho comuna kkkkkk,0,0,2,https://twitter.com/cabojunioamaral/status/1615807103628898304
Acpassos,@AdemirCardosod5,https://twitter.com/AdemirCardosod5/status/1615897861107089409,2023-01-19T02:24:06.000Z,Deveria dar exemplo e ser fitness como a Marina ..mas certo que ele não faz parte dos 120 milhões de famintos,0,0,3,https://twitter.com/cabojunioamaral/status/1615807103628898304
Acpassos,@AdemirCardosod5,https://twitter.com/AdemirCardosod5/status/1615898198643441664,2023-01-19T02:25:27.000Z,"Seria fake news dizer "" liberal saradão""",0,0,1,https://twitter.com/cabojunioamaral/status/1615807103628898304
AFerreira,@Anawcferreira,https://twitter.com/Anawcferreira/status/1615864987741741057,2023-01-19T00:13:29.000Z,"Tanto problema no Brasil pra ele resolver e ele vai atrás disso, ele quer que o povo fique mentindo também.",0,0,4,https://twitter.com/cabojunioamaral/status/1615807103628898304
Arlete Novais,@novaarlete10,https://twitter.com/novaarlete10/status/1616379177984462849,2023-01-20T10:16:41.000Z,"Me ajudem internautas , o que é que ele é...?",0,0,0,https://twitter.com/cabojunioamaral/status/1615807103628898304
carla cfigueira,@CCfigueira,https://twitter.com/CCfigueira/status/1616488229380685836,2023-01-20T17:30:01.000Z,Ele é magro demais,0,0,0,https://twitter.com/cabojunioamaral/status/1615807103628898304
Marta Donato,@MartaaDonato,https://twitter.com/MartaaDonato/status/1616513780925759488,2023-01-20T19:11:33.000Z,😅,0,0,0,https://twitter.com/cabojunioamaral/status/1615807103628898304
Ulisses López,@Ulisseslc,https://twitter.com/Ulisseslc/status/1616114912132055056,2023-01-19T16:46:35.000Z,"Precisamos do seu apoio Deputado, p/ cobrar a volta das obras de duplicação da BR-262, principalmente o trecho entre Nova Serrana/MG e Bom Despacho/MG, as obras estão paradas desde 2014, mas a cobrança de pedágio continua, uma vergonha!",0,1,0,https://twitter.com/cabojunioamaral/status/1615807103628898304
Clovis Agena,@AgenaClovis,https://twitter.com/AgenaClovis/status/1616292212828172290,2023-01-20T04:31:07.000Z,"Achei que ele não era
mais gordo.",0,0,0,https://twitter.com/cabojunioamaral/status/1615807103628898304
Maria,@MLourdes1973,https://twitter.com/MLourdes1973/status/1615807809941082151,2023-01-18T20:26:16.000Z,"Será que o Dino vai mandar a Globolixo apagar isso, né? 🤔",1,0,1,https://twitter.com/cabojunioamaral/status/1615807103628898304
Maria Laudelina Goulart,@MariaLaudelina6,https://twitter.com/MariaLaudelina6/status/1615883307304247296,2023-01-19T01:26:16.000Z,"Agora falar verdade também é proibido?
Primeiro tudo era FakeNews,agora o que está claro e evidente,também não se pode falar?",0,0,4,https://twitter.com/cabojunioamaral/status/1615807103628898304
david,@david1968jr,https://twitter.com/david1968jr/status/1616129715462455297,2023-01-19T17:45:25.000Z,"Isto me lembra uma pequena história:
O filho chega  e diz que apanhou na escola, a mãe  vai tirar satisfação  com o agressor, chegando  encontra um garoto e pergunta  por que bateu em meu filho, ele disse me chamou de gordo então  a mãe  fala e batendo nele você vai emagrecer?",0,0,1,https://twitter.com/cabojunioamaral/status/1615807103628898304
Onça*Seguidores do LADRÃO aqui NÃO!,@OncaSedenta,https://twitter.com/OncaSedenta/status/1615809265272295433,2023-01-18T20:32:03.000Z,Pescoço é foda .😁😁😁😁,1,0,3,https://twitter.com/cabojunioamaral/status/1615807103628898304
Gabriela Moraes,@GabiMoraes_BRA,https://twitter.com/GabiMoraes_BRA/status/1615965975211286529,2023-01-19T06:54:46.000Z,Nem que está magro. 😳,0,0,5,https://twitter.com/cabojunioamaral/status/1615807103628898304
Ana Santos,@AnaSScordeir,https://twitter.com/AnaSScordeir/status/1615856922522959873,2023-01-18T23:41:26.000Z,Quando JB era o presidente eles o xingavam de tudo que é coisa é ficava por isso mesmo,0,0,3,https://twitter.com/cabojunioamaral/status/1615807103628898304
Clayton Peres,@ClaytonPeres3d,https://twitter.com/ClaytonPeres3d/status/1615876792601935873,2023-01-19T01:00:23.000Z,"Se eu sou o juiz pergunto:
- o senhor é capitalista🦕não!
- o senhor é magro?🦕não!

Sem mais, julgamento encerrado!",0,0,5,https://twitter.com/cabojunioamaral/status/1615807103628898304
Prof. Valter Batista,@valtergja,https://twitter.com/valtergja/status/1615813776124612635,2023-01-18T20:49:59.000Z,"Sério que isso é motivo de piada? Fosse consigo, V. Sa. ficaria satisfeito pelo livre exercício do direito de opinião? O escárnio com a aparência de outrem é motivo de risos para os que demonstram o caráter pobre e roto. Lamentável!",1,0,1,https://twitter.com/cabojunioamaral/status/1615807103628898304
Ildo Paula,@ildopaula1,https://twitter.com/ildopaula1/status/1616137338849050625,2023-01-19T18:15:42.000Z,Mas onde esta a fake news na fala?,0,0,0,https://twitter.com/cabojunioamaral/status/1615807103628898304
mony!,@monybitenca,https://twitter.com/monybitenca/status/1616026135145365507,2023-01-19T10:53:49.000Z,"Acho q é questão de ""transpeso"", é um obeso que se sente como magro.😁😁😁😁",0,0,0,https://twitter.com/cabojunioamaral/status/1615807103628898304
Carlos Borioli,@carlosborioli,https://twitter.com/carlosborioli/status/1616015267913502720,2023-01-19T10:10:38.000Z,"O Dino ficou #chateado por ter sido chamado de gordo. De comunista ou outra coisa pior, não fica",0,0,0,https://twitter.com/cabojunioamaral/status/1615807103628898304
Verdirene Jaques de Alencar,@Verdirenejaques,https://twitter.com/Verdirenejaques/status/1616002646996918277,2023-01-19T09:20:29.000Z,Tem  que  tirar  a comida  dele  é da pra Marina kkklkk,0,0,0,https://twitter.com/cabojunioamaral/status/1615807103628898304
Ailton Da Silva Ganzela Silva,@da_ganzela,https://twitter.com/da_ganzela/status/1616032960070778881,2023-01-19T11:20:56.000Z,Mas ele não é obeso....,0,0,0,https://twitter.com/cabojunioamaral/status/1615807103628898304
Andréa Machado,@AndrealuzAMBMS,https://twitter.com/AndrealuzAMBMS/status/1616379689672531968,2023-01-20T10:18:43.000Z,É um elefante vermelho,0,0,0,https://twitter.com/cabojunioamaral/status/1615807103628898304
Elimar Oliveira,@ElimarO05077827,https://twitter.com/ElimarO05077827/status/1616099587856416768,2023-01-19T15:45:42.000Z,Comunista obeso,0,0,0,https://twitter.com/cabojunioamaral/status/1615807103628898304
Robson,@Robson39249895,https://twitter.com/Robson39249895/status/1616487998023163908,2023-01-20T17:29:06.000Z,Piada 🥴,0,0,0,https://twitter.com/cabojunioamaral/status/1615807103628898304
Miriam,@Miriam05426401,https://twitter.com/Miriam05426401/status/1616081105769357314,2023-01-19T14:32:15.000Z,🤣🤣🤣🤣🤣🤣 comunista obeso 😂😂😂😂😂😂 comunista obeso,0,0,0,https://twitter.com/cabojunioamaral/status/1615807103628898304
Adriana Ricieri,@AdrianaRicieri1,https://twitter.com/AdrianaRicieri1/status/1616060865605779460,2023-01-19T13:11:49.000Z,"Gente, mas tem alguma mentira nisso?",0,0,0,https://twitter.com/cabojunioamaral/status/1615807103628898304
Paulo Lima,@PauloLima1982,https://twitter.com/PauloLima1982/status/1615904127552208897,2023-01-19T02:49:00.000Z,Kkk,0,0,0,https://twitter.com/cabojunioamaral/status/1615807103628898304
Ana Paula Pekelman,@APekelman,https://twitter.com/APekelman/status/1615821583641190425,2023-01-18T21:21:00.000Z,"Ele pediu retratação por ter sido chamado de gordo, e a depender do q voce  falar aqui sobre isso pode ser obrigado a ter q pagar alguma  indenização para @FlavioDino  também.",0,0,0,https://twitter.com/cabojunioamaral/status/1615807103628898304
Carlos Olivier,@Carlos_Olivier,https://twitter.com/Carlos_Olivier/status/1615832702896283648,2023-01-18T22:05:11.000Z,Quer que chame do que? Conservador esbelto?,0,0,0,https://twitter.com/cabojunioamaral/status/1615807103628898304
O Censurado 22,@Censurado_2022,https://twitter.com/Censurado_2022/status/1615807911132860447,2023-01-18T20:26:40.000Z,Foi pelo comunista ou pelo obeso? Mas ambas estão corretas. Não entendi.,1,0,4,https://twitter.com/cabojunioamaral/status/1615807103628898304
Ivone Kopp,@KoppIvone,https://twitter.com/KoppIvone/status/1615886259896913920,2023-01-19T01:38:00.000Z,Deixou de ser comunista? Kkkkkk,0,0,0,https://twitter.com/cabojunioamaral/status/1615807103628898304
neto,@cerejaoneto,https://twitter.com/cerejaoneto/status/1615807979219210241,2023-01-18T20:26:57.000Z,🤣🤣🤣,0,0,0,https://twitter.com/cabojunioamaral/status/1615807103628898304
FÁBIO COSTA,@SonoEco,https://twitter.com/SonoEco/status/1615828052113596417,2023-01-18T21:46:42.000Z,Porpeta socialista,0,0,0,https://twitter.com/cabojunioamaral/status/1615807103628898304
Valdecir,@ValdecirDom,https://twitter.com/ValdecirDom/status/1615891110982832134,2023-01-19T01:57:17.000Z,kkkkkkkkk,0,0,0,https://twitter.com/cabojunioamaral/status/1615807103628898304
sub tenente da 13,@SUBTENENTE3,https://twitter.com/SUBTENENTE3/status/1615882101370265601,2023-01-19T01:21:29.000Z,Eu não sabia q ele era magro,0,0,0,https://twitter.com/cabojunioamaral/status/1615807103628898304
Rosivaldo,@Rosival36986205,https://twitter.com/Rosival36986205/status/1615866443500851207,2023-01-19T00:19:16.000Z,obeso nada rapaz tá louco?  O a foto do obeso👇,0,0,0,https://twitter.com/cabojunioamaral/status/1615807103628898304
R. Rodrigues,@RRR230210,https://twitter.com/RRR230210/status/1615817715649810432,2023-01-18T21:05:38.000Z,Comunista sarado?😃,0,0,1,https://twitter.com/cabojunioamaral/status/1615807103628898304
PERALTVS,@Peralt_4,https://twitter.com/Peralt_4/status/1615812567653355550,2023-01-18T20:45:11.000Z,"É comuna?
É obeso?",0,0,1,https://twitter.com/cabojunioamaral/status/1615807103628898304
Rodrigo Ferreira,@RoFerreira2022,https://twitter.com/RoFerreira2022/status/1615813101546311681,2023-01-18T20:47:18.000Z,Mas ele não tem foto com foice e martelo? Isso não é ser comunista?,0,0,1,https://twitter.com/cabojunioamaral/status/1615807103628898304
רות,@reffe66,https://twitter.com/reffe66/status/1615876234436550656,2023-01-19T00:58:10.000Z,Virou piada....kkkkk,0,0,1,https://twitter.com/cabojunioamaral/status/1615807103628898304
isha bakshi,@Ishabakshi04,https://twitter.com/Ishabakshi04/status/1615811763185848356,2023-01-18T20:41:59.000Z,Ô Diana você é tão magrinho tá fazendo dieta você mesmo falou que era comunista agora tá reclamando de quê se auto intitulou comunista,0,0,1,https://twitter.com/cabojunioamaral/status/1615807103628898304
Izabel Cristina,@CrisCarvalhobh,https://twitter.com/CrisCarvalhobh/status/1615817099104120832,2023-01-18T21:03:11.000Z,"COMUNISTA ELA JÁ ASSUMIU PUBLICAMENTE QUE É. OBESO NEM PRECISO DIZER QUE ELE É, POIS ELE É. 
ONDE ESTÁ O ERRO???",0,0,1,https://twitter.com/cabojunioamaral/status/1615807103628898304
