nome,usuario,idTweet,dataPublicacao,texto,replies,retweets,likes,tweetPai
luciotannure,@luciotannure,https://twitter.com/luciotannure/status/1615434383913279491,2023-01-17T19:42:25.000Z,"Boa tarde, Deputado! Algum retorno da revogação da portaria 10723?",11,7,20,https://twitter.com/emanuelzinhomt/status/1615415542902579200
Paulo Rubens,@PauloRu24994708,https://twitter.com/PauloRu24994708/status/1615435178624651269,2023-01-17T19:45:34.000Z,"Por favor, nos dê algum parecer sobre tal portaria...",0,1,3,https://twitter.com/emanuelzinhomt/status/1615415542902579200
Cris Antunes,@crisanimas,https://twitter.com/crisanimas/status/1615435425392328707,2023-01-17T19:46:33.000Z,"Boa tarde, deputado! Algum retorno sobre a revogação da portaria 10.723?",0,1,4,https://twitter.com/emanuelzinhomt/status/1615415542902579200
Ana Caroline Alves da Silva,@CarolmedVet34,https://twitter.com/CarolmedVet34/status/1615442078011654144,2023-01-17T20:12:59.000Z,@emanuelzinhomt algum retorno sobre a revogação da portaria 10.723/22 ME?,0,0,1,https://twitter.com/emanuelzinhomt/status/1615415542902579200
Junior Felipe,@Felipejr82,https://twitter.com/Felipejr82/status/1615448226601000995,2023-01-17T20:37:25.000Z,@emanuelzinhomt #revogaportaria10723,0,3,3,https://twitter.com/emanuelzinhomt/status/1615415542902579200
Anna Rafaella Pereira,@AnnaRafaellaPe1,https://twitter.com/AnnaRafaellaPe1/status/1615436050389688325,2023-01-17T19:49:02.000Z,#revogaportaria10723,1,4,5,https://twitter.com/emanuelzinhomt/status/1615415542902579200
Carolina Barth,@CarolinaBarth13,https://twitter.com/CarolinaBarth13/status/1615444188203749377,2023-01-17T20:21:22.000Z,"Por favor, nos ajude com a revogação da portaria 10.723!",0,2,5,https://twitter.com/emanuelzinhomt/status/1615415542902579200
Fausto Monteiro,@FaustoM28130078,https://twitter.com/FaustoM28130078/status/1615438138293248011,2023-01-17T19:57:20.000Z,"Boa tarde, Deputado! Algum retorno da revogação da portaria 10723?",0,0,3,https://twitter.com/emanuelzinhomt/status/1615415542902579200
Priscila Melo,@Priscil45830422,https://twitter.com/Priscil45830422/status/1615418079630004253,2023-01-17T18:37:37.000Z,#revogaportaria10723 @edweck_rj @Sergioemendonca @padilhando,0,2,5,https://twitter.com/emanuelzinhomt/status/1615415542902579200
