nome,usuario,idTweet,dataPublicacao,texto,replies,retweets,likes,tweetPai
Ruy Ribeiro,@Ruy_Ribeiro,https://twitter.com/Ruy_Ribeiro/status/1615875779656572929,2023-01-19T00:56:22.000Z,"Eles estão fazendo o que fazem de melhor, mentir. Mas mentir muito.",2,0,1,https://twitter.com/capalbertoneto/status/1615838110998306826
é sobre isso,@ElenTbt,https://twitter.com/ElenTbt/status/1615926039129255939,2023-01-19T04:16:04.000Z,A Dilma que assessora do e passou os dados pra ela,0,0,0,https://twitter.com/capalbertoneto/status/1615838110998306826
Marcia Neves,@MarciaN44529868,https://twitter.com/MarciaN44529868/status/1615843172805918723,2023-01-18T22:46:47.000Z,Nossa essa mulher é uma vergonha para o Brasil 🤮,0,0,2,https://twitter.com/capalbertoneto/status/1615838110998306826
Milton Cardoso Silva,@S3Cardoso,https://twitter.com/S3Cardoso/status/1616073111207833601,2023-01-19T14:00:29.000Z,"Cap. com certeza o sr. sabe o q é insegurança alimentar, tenho certeza q o sr. sabe q mais da metade da população n sabe se vai almoçar ou jantar, essas pessoas passam fome, se o sr. n tem conhecimento tudo bem, mais se sabe o sr. está prestando desinformação, e sabe  qe verdade.",1,0,0,https://twitter.com/capalbertoneto/status/1615838110998306826
@Moises,@Moises,https://twitter.com/Moisessilva2022/status/1615885484215132161,2023-01-19T01:34:55.000Z,Má fé,0,0,0,https://twitter.com/capalbertoneto/status/1615838110998306826
Eduardo Joab,@EduardoJoab5,https://twitter.com/EduardoJoab5/status/1615924728178302978,2023-01-19T04:10:52.000Z,Fome e sede de justiça,0,0,0,https://twitter.com/capalbertoneto/status/1615838110998306826
Marcel Costa,@MarcelC20692439,https://twitter.com/MarcelC20692439/status/1615904862234877952,2023-01-19T02:51:55.000Z,"Alexandre de Moraes vai dar 48hs para Marina Silva explicar essa ""FAKE NEWS""?",0,0,0,https://twitter.com/capalbertoneto/status/1615838110998306826
"Liberdade, volta?",@VoltaLiberdade,https://twitter.com/VoltaLiberdade/status/1615872614466985984,2023-01-19T00:43:47.000Z,"Há de se preocupar com quem libertou o chefe dela da prisão, o tornou elegível e o decretou presidente, sem legitimidade! Não com essa despreparada que foi beneficiada com a soltura do outro.",0,0,0,https://twitter.com/capalbertoneto/status/1615838110998306826
Cloves,@cloves_rods,https://twitter.com/cloves_rods/status/1617597217635962880,2023-01-23T18:56:44.000Z,https://bit.ly/estrategia-organizacao-crista…,0,0,0,https://twitter.com/capalbertoneto/status/1615838110998306826
Cloves,@cloves_rods,https://twitter.com/cloves_rods/status/1617597217744850945,2023-01-23T18:56:44.000Z,https://bit.ly/estrategia-organizacao-crista…,0,0,0,https://twitter.com/capalbertoneto/status/1615838110998306826
Marcelo Ferreira de Faria,@mffaria1968,https://twitter.com/mffaria1968/status/1616170944229154817,2023-01-19T20:29:14.000Z,"Amigos, vamos dar uma força a este programa Regras e Bom Senso, no YouTube chegar aos 30 mil inscritos? Merece crescer pelo conteúdo diversificado e bom para TODOS. Bora se inscrever no canal e compartilhar? Ink:

Programa Regras e Bom Senso",0,0,0,https://twitter.com/capalbertoneto/status/1615838110998306826
