nome,usuario,idTweet,dataPublicacao,texto,replies,retweets,likes,tweetPai
Cleuza Zambélo,@CZambelo,https://twitter.com/CZambelo/status/1616162170303037474,2023-01-19T19:54:22.000Z,"Boa tarde🌻Segundo o DIEESE o salário mínimo de
2023 deveria ser de R$ 6,6 mil.
Esse salário mínimo que já entrou vigor de
R$ 1.302,00 não atende as necessidades
vítais básicas das famílias.
A Cesta Básica Consome a maior parte
do mesmo.
Em São Paulo a Cesta Básica➡️⬇️",1,0,1,https://twitter.com/PompeodeMattos/status/1615821574514294786
Enaira janete Da silva,@EnairaDa,https://twitter.com/EnairaDa/status/1615944011424092161,2023-01-19T05:27:29.000Z,"Deputado Pompeo de Mattos vamos rever seu projeto que encontra - se parado, PL 7838/2017  precisamos de urgência para reverter essa tabela porque o pobre pagar mais que o rico. Não vamos aceitar.",0,0,0,https://twitter.com/PompeodeMattos/status/1615821574514294786
