nome,usuario,idTweet,dataPublicacao,texto,replies,retweets,likes,tweetPai
Maduuuuuuuuuuuu,@_maducostas,https://twitter.com/_maducostas/status/1615330626206568455,2023-01-17T12:50:07.000Z,"Concordo em parte com a senhora, mas não é tão simples assim. O que ocorreu foi muito ERRADO. O país precisa viver, sim. Precisa andar pra frente, sim. Mas o que ocorreu NÃO pode ser minimizado e nem esquecido",0,0,0,https://twitter.com/RoseanaSarneyM/status/1615314599619837956
Luis Roberto,@LuisRob66943236,https://twitter.com/LuisRob66943236/status/1615317746274779138,2023-01-17T11:58:56.000Z,"Concordo Governadora. Ainda mais porque até o inferno sabe quem mandou praticar atos de vandalismo. Embora o seu pai, e a senhora sejam amigos dessa gente que agora ""ocupa"" o poder, como eles dizem: ""Quem tem fome, tem pressa"", e o país não pode parar. A não ser que.......",0,0,0,https://twitter.com/RoseanaSarneyM/status/1615314599619837956
Ed Figueiredo,@edpaporeto,https://twitter.com/edpaporeto/status/1615321192168304640,2023-01-17T12:12:38.000Z,Não acho que as respostas já vieram. Agora concordo que paralelamente o Brasil precisa correr.,0,0,1,https://twitter.com/RoseanaSarneyM/status/1615314599619837956
Malu Ribas,@MaluRibass,https://twitter.com/MaluRibass/status/1615334084741300226,2023-01-17T13:03:51.000Z,"Pessoas inocentes estão presas injustamente.
Por um governo DITADOR, CORRUPTO, ASSASSINO.

E que o vocês estão fazendo contra essa atrocidade?
Defendam o povo brasileiro.
LIBERTEM OS INOCENTES.",0,0,0,https://twitter.com/RoseanaSarneyM/status/1615314599619837956
