nome,usuario,idTweet,dataPublicacao,texto,replies,retweets,likes,tweetPai
Auro Luiz,@Auroluiz00,https://twitter.com/Auroluiz00/status/1615888159916572672,2023-01-19T01:45:33.000Z,"Ê Emanuelzinho… esse papo não rola mais. Esse argumento é de 10 anos atrás.

No dia que sair da política e ir produzir algo relevante, você entenderá o que é mercado.

Boa sorte! 👍🏽",2,0,1,https://twitter.com/emanuelzinhomt/status/1615815829047676928
Emanuel Pinheiro Neto,@emanuelzinhomt,https://twitter.com/emanuelzinhomt/status/1618458744291217408,2023-01-26T04:00:08.000Z,Vcs estão confundido “rentismo” com investimento produtivo. Eu falei de uma coisas e vcs estão falando de outra,0,0,0,https://twitter.com/emanuelzinhomt/status/1615815829047676928
Ivan Regis Moranski Pietrobom,@IvanPietrobom,https://twitter.com/IvanPietrobom/status/1618282674380230656,2023-01-25T16:20:30.000Z,😂😂😂😂😂😂😂😂😂,0,0,0,https://twitter.com/emanuelzinhomt/status/1615815829047676928
