nome,usuario,idTweet,dataPublicacao,texto,replies,retweets,likes,tweetPai
Breno,@brenoleonileoni,https://twitter.com/brenoleonileoni/status/1615138494766059526,2023-01-17T00:06:39.000Z,imposto de renda somente pra quem ganhar a cima de 10 k reais!,0,0,0,https://twitter.com/PompeodeMattos/status/1615004708476784640
Esquerda do Brasil ☭,@LucianoLandi10,https://twitter.com/LucianoLandi10/status/1615384393631297536,2023-01-17T16:23:46.000Z,So faltou citar que 50 % dos brasileiros ganham menos que um salário mínimo com descontos e 30% trabalhar em trabalho informal e se quer ganhar isso e somente 15 % da população ga há acima de um salário e5%tem salários milionários e não pagam impostos.,1,0,1,https://twitter.com/PompeodeMattos/status/1615004708476784640
Fernando Leite Advogado.,@f3rn4nd8,https://twitter.com/f3rn4nd8/status/1615172312478670848,2023-01-17T02:21:02.000Z,Acho que última correção foi no Governo do PT. Dilma.,0,0,1,https://twitter.com/PompeodeMattos/status/1615004708476784640
Dan #VivaOSUS,@dan_nc,https://twitter.com/dan_nc/status/1615085531066683392,2023-01-16T20:36:12.000Z,Essa não dá para curtir.,2,0,1,https://twitter.com/PompeodeMattos/status/1615004708476784640
"Homem, um ser tecnológico...",@ProfJosLusSilv1,https://twitter.com/ProfJosLusSilv1/status/1615869917374435329,2023-01-19T00:33:04.000Z,#Lulamentiroso,0,0,1,https://twitter.com/PompeodeMattos/status/1615004708476784640
"Homem, um ser tecnológico...",@ProfJosLusSilv1,https://twitter.com/ProfJosLusSilv1/status/1615870206634561536,2023-01-19T00:34:13.000Z,#LULAMENTIROSO,0,0,0,https://twitter.com/PompeodeMattos/status/1615004708476784640
Josimar,@josirsk,https://twitter.com/josirsk/status/1615369477788471298,2023-01-17T15:24:30.000Z,"Pra cima deles, Pompeo! Precisamos de uma solução pra esse absurdo. Essa tabela é um escárnio com o trabalhador.",1,0,1,https://twitter.com/PompeodeMattos/status/1615004708476784640
NemLulaNemBolsonaro.,@GiseleL64206642,https://twitter.com/GiseleL64206642/status/1615071540403474432,2023-01-16T19:40:36.000Z,"A LDO atual, foi o antigo governo que fez. Dura 4 anos.",0,0,1,https://twitter.com/PompeodeMattos/status/1615004708476784640
Erielton Alves,@Erieltonalves12,https://twitter.com/Erieltonalves12/status/1615042890157395968,2023-01-16T17:46:45.000Z,"Parabéns deputado, espero o PDT assim, combativo e propósito.",0,0,1,https://twitter.com/PompeodeMattos/status/1615004708476784640
TiodaBio,@TiodaBio,https://twitter.com/TiodaBio/status/1615111108230094858,2023-01-16T22:17:50.000Z,"Quem barrou a redução no giv. Bolsonaro foi o Pacheco, pois foi aprovado no congresso e ficou parado no Senado.",0,0,1,https://twitter.com/PompeodeMattos/status/1615004708476784640
TiodaBio,@TiodaBio,https://twitter.com/TiodaBio/status/1615111531275984930,2023-01-16T22:19:31.000Z,"PDT sempre lambendo o saco do PT, Brizola deve rolar no caixão.",0,0,0,https://twitter.com/PompeodeMattos/status/1615004708476784640
Janine Lapa,@LapaJanine,https://twitter.com/LapaJanine/status/1615049115024367616,2023-01-16T18:11:29.000Z,"COMO ASSIM ❗❗❗❗NO GOVERNO 💩, NÓS APOSENTADOS TIVEMOS AUMENTO DE 10,16% .
AGORA NO GOVERNO DE VCS 
QUEM GANHA ACIMA DE 1 SALÁRIO MÍNIMO TERÁ 1 AUMENTO DE SÓ 5,93%
E QUEM GANHA 1 MÍNIMO VAI TER 1 AUMENTO DE 7,43% PARA OS $ 1.302 DO 💩.
PÔ❗CADÊ A PROMESSA DE CAMPANHA❓❓❓❓",0,0,2,https://twitter.com/PompeodeMattos/status/1615004708476784640
