nome,usuario,idTweet,dataPublicacao,texto,replies,retweets,likes,tweetPai
Pompeo de Mattos,@PompeodeMattos,https://twitter.com/PompeodeMattos/status/1615412232942415873,2023-01-17T18:14:23.000Z,"O auxílio foi criado por Getúlio Vargas, em 1933, através do Instituto de Aposentadoria e Pensões dos Marítimos. O auxílio era voltado apenas a trabalhadores da navegação. Em 1960, o auxílio foi expandido para a população geral e, desde 1988, é assegurado pela Constituição. 1/10",1,2,9,https://twitter.com/PompeodeMattos/status/1615412231264473092
Pompeo de Mattos,@PompeodeMattos,https://twitter.com/PompeodeMattos/status/1615412234758258688,2023-01-17T18:14:24.000Z,"Trata-se de um benefício financeiro mensal, devido aos dependentes do segurado de baixa renda, que foi preso.
Ou seja, é um benefício pago aos FAMILIARES, do segurado detido, e não para o segurado preso. 2/10",1,2,9,https://twitter.com/PompeodeMattos/status/1615412231264473092
Pompeo de Mattos,@PompeodeMattos,https://twitter.com/PompeodeMattos/status/1615412236494999552,2023-01-17T18:14:24.000Z,"Atualmente, o valor é de um salário-mínimo, R$ 1.302, pago durante o período de reclusão.
Tem direito a receber o auxílio os familiares dos previdenciários que contribuíram mensalmente com o INSS nos 24 meses anteriores à prisão. 3/10",1,2,9,https://twitter.com/PompeodeMattos/status/1615412231264473092
Pompeo de Mattos,@PompeodeMattos,https://twitter.com/PompeodeMattos/status/1615412238231212042,2023-01-17T18:14:25.000Z,"Ou seja, o preso precisa estar contribuindo (empregado) nos 24 meses anteriores ao cometimento do crime. Razão pela qual somente 2,8% da população carcerária cumprem tal requisito. 4/10",1,0,10,https://twitter.com/PompeodeMattos/status/1615412231264473092
Pompeo de Mattos,@PompeodeMattos,https://twitter.com/PompeodeMattos/status/1615412239820853253,2023-01-17T18:14:25.000Z,"Além disso, pela regra, o preso precisa ter tido uma renda média mensal nos últimos 12 meses de até no máximo R$ 1.754,18. 
Se ele recebeu mais do que isso mensalmente, a família não terá direito ao benefício por não se enquadrar como baixa renda. 5/10",1,3,10,https://twitter.com/PompeodeMattos/status/1615412231264473092
Pompeo de Mattos,@PompeodeMattos,https://twitter.com/PompeodeMattos/status/1615412241364357134,2023-01-17T18:14:25.000Z,"Mas, e quem tem direito ao auxílio-reclusão?
Cônjuges, companheiros, filhos menores de 21 anos ou com algum tipo de deficiência se enquadram como beneficiários, a partir da dependência econômica presumida, ou seja, que naturalmente são dependentes do preso. 6/10",1,2,9,https://twitter.com/PompeodeMattos/status/1615412231264473092
Pompeo de Mattos,@PompeodeMattos,https://twitter.com/PompeodeMattos/status/1615412243021107209,2023-01-17T18:14:26.000Z,"Quantos beneficiários recebem esse auxílio?
De acordo com o boletim estatístico da Previdência Social de 2022, o INSS tem 36,4 milhões de beneficiários. Desse total, 23.124 (ou 0,06%) receberam o auxílio-reclusão. 7/10",1,2,10,https://twitter.com/PompeodeMattos/status/1615412231264473092
Pompeo de Mattos,@PompeodeMattos,https://twitter.com/PompeodeMattos/status/1615412244619137029,2023-01-17T18:14:26.000Z,"O último Levantamento Nacional de Informações Penitenciárias do DEPEN (2021), mostrou que o Brasil tem cerca de 880 mil presos sendo que somente 2,8% cumpriam os pré-requisitos para a família receber o auxílio: ter tido emprego com carteira assinada e ser de baixa renda. 8/10",1,2,8,https://twitter.com/PompeodeMattos/status/1615412231264473092
Pompeo de Mattos,@PompeodeMattos,https://twitter.com/PompeodeMattos/status/1615412246527750144,2023-01-17T18:14:27.000Z,"Quando Bolsonaro assumiu a Presidência o auxílio era de R$ 954,00. Ao final do seu mandato, o auxílio está em R$ 1.302,00. Isso porque o valor do benefício é vinculado ao salário mínimo. Bolsonaro nunca propôs acabar ou diminuir o auxílio. Pagou fielmente. 
9/10",1,3,13,https://twitter.com/PompeodeMattos/status/1615412231264473092
Pompeo de Mattos,@PompeodeMattos,https://twitter.com/PompeodeMattos/status/1615412248180101122,2023-01-17T18:14:27.000Z,"Há muitas pessoas espalhando notícias falsas, enganando a população com informações distorcidas ou inverídicas.
Não caia em fake! Divulgue a verdade! 10/10",2,1,14,https://twitter.com/PompeodeMattos/status/1615412231264473092
Pompeo de Mattos,@PompeodeMattos,https://twitter.com/PompeodeMattos/status/1615412254568026132,2023-01-17T18:14:29.000Z,Fontes:https://app.powerbi.com/view?r=eyJrIjoiYWIxYjI3MTktNDZiZi00YjVhLWFjN2EtMDM2NDdhZDM5NjE2IiwidCI6ImViMDkwNDIwLTQ0NGMtNDNmNy05MWYyLTRiOGRhNmJmZThlMSJ9…https://gov.br/trabalho-e-previdencia/pt-br/acesso-a-informacao/dados-abertos/dados-abertos-previdencia/previdencia-social-regime-geral-inss/arquivos/beps022022_final.pdf…https://poder360.com.br/brasil/comprova-auxilio-reclusao-e-garantido-por-lei-desde-1960/…,0,0,5,https://twitter.com/PompeodeMattos/status/1615412231264473092
Cris Luzardo,@CrisLuzardo4,https://twitter.com/CrisLuzardo4/status/1615430732968517639,2023-01-17T19:27:54.000Z,Muito bom o esclarecimento,0,0,0,https://twitter.com/PompeodeMattos/status/1615412231264473092
Renata,@Renata24000869,https://twitter.com/Renata24000869/status/1615414492694777871,2023-01-17T18:23:22.000Z,"Obrigada pela explicação, sempre tive essa dúvida..👍",0,0,0,https://twitter.com/PompeodeMattos/status/1615412231264473092
Ayrton Oliveira,@AyrtonO12824125,https://twitter.com/AyrtonO12824125/status/1615490307872722946,2023-01-17T23:24:38.000Z,👏👏👏👏,0,0,0,https://twitter.com/PompeodeMattos/status/1615412231264473092
Alan Jr,@AlanJr06121980,https://twitter.com/AlanJr06121980/status/1624169704670519320,2023-02-10T22:13:27.000Z,"Bolsa PT, onde tem mais ladrão do que no PT",0,0,0,https://twitter.com/PompeodeMattos/status/1615412231264473092
Ivanilde Terezinha Bról Santos,@BrolIvanilde,https://twitter.com/BrolIvanilde/status/1633946541298728962,2023-03-09T21:43:07.000Z,"Provérbios 15:1 A resposta branda desvia o furor, mas a palavra dura suscita a ira.Não são nas mulheres ,em que são gerados os filhos e por quem em sua maioria são criados? Se queremos filhos pacificos, somos nós que precisamos ser pacificadas ,para pacificar.",0,0,0,https://twitter.com/PompeodeMattos/status/1615412231264473092
