nome,usuario,idTweet,dataPublicacao,texto,replies,retweets,likes,tweetPai
Marli Lessa,@MarliLessa19,https://twitter.com/MarliLessa19/status/1615777623572889612,2023-01-18T18:26:19.000Z,Fazendo o Brasil passar vergonha e envergonhando a classe evangélica.,0,0,4,https://twitter.com/CarolDeToni/status/1615776442960297985
Marcelo Leme,@MarceloLRM,https://twitter.com/MarceloLRM/status/1616026642400387072,2023-01-19T10:55:50.000Z,"Alguém pode explicar, porque um país com ""120 milhões de pessoas passando fome"", o governo destina 10 bilhões para área da cultura ??",2,4,6,https://twitter.com/CarolDeToni/status/1615776442960297985
Caroline Dos Santos,@Carolin46295442,https://twitter.com/Carolin46295442/status/1616102466910658569,2023-01-19T15:57:08.000Z,"Alguém pode explicar porque um país com 120 milhões de pessoas passando fome, destina 10 bilhões para área da cultura🙄🤭😒",1,1,2,https://twitter.com/CarolDeToni/status/1615776442960297985
IaraGB L,@iaragb,https://twitter.com/iaragb/status/1616105363115282432,2023-01-19T16:08:39.000Z,Kibando sem dar autoria Carol⁉️,0,0,1,https://twitter.com/CarolDeToni/status/1615776442960297985
DAVID CARDOSO,@CardosoJrDavid,https://twitter.com/CardosoJrDavid/status/1616234850255527939,2023-01-20T00:43:11.000Z,O Marinão aprendeu rápido. Foi só voltar para os braços do seu mentor. Muito bem adestrada.,1,3,5,https://twitter.com/CarolDeToni/status/1615776442960297985
mariano,@mariano71409800,https://twitter.com/mariano71409800/status/1615777215701991429,2023-01-18T18:24:42.000Z,"Dep tem um instrumento que o parlamento possa entrar com impeachment da ministra de estado do meio ambiente ??? Ela lesou o país,de forma irreparável .",2,0,12,https://twitter.com/CarolDeToni/status/1615776442960297985
orison coelho,@orison1970,https://twitter.com/orison1970/status/1615776783906783249,2023-01-18T18:22:59.000Z,Vai entrar no inquérito do fim do mundo?,0,0,3,https://twitter.com/CarolDeToni/status/1615776442960297985
Leda,@ledacoelho4,https://twitter.com/ledacoelho4/status/1615916194753810432,2023-01-19T03:36:57.000Z,Essa pessoa realmente tem condições de ser ministra?,0,0,2,https://twitter.com/CarolDeToni/status/1615776442960297985
Carlos R Sanches,@SanchesCarlosR,https://twitter.com/SanchesCarlosR/status/1615846096533594113,2023-01-18T22:58:25.000Z,"@CarolDeToni mais do que nunca há necessidade de uma forte oposição com articulações bem focadas, o povo brasileiro conta com todos vocês Patriotas.",0,0,3,https://twitter.com/CarolDeToni/status/1615776442960297985
LOUROSE2,@RosimeryCosta5,https://twitter.com/RosimeryCosta5/status/1616182922075332612,2023-01-19T21:16:50.000Z,Deve ser incluída no inquérito das faknews urgente!,0,0,1,https://twitter.com/CarolDeToni/status/1615776442960297985
Ubiracy,@UbiracyBispo,https://twitter.com/UbiracyBispo/status/1615869098059075586,2023-01-19T00:29:49.000Z,Mais da metade da população?,0,1,2,https://twitter.com/CarolDeToni/status/1615776442960297985
o provocador,@Zueiro964606901,https://twitter.com/Zueiro964606901/status/1616000257602502656,2023-01-19T09:10:59.000Z,Vcs tem que convocar ela e pedir ela pra dar os nomes e onde tá os 120 milhões,0,0,3,https://twitter.com/CarolDeToni/status/1615776442960297985
Bruno,@jacas34,https://twitter.com/jacas34/status/1616527639111520257,2023-01-20T20:06:37.000Z,Vamos trabalhar para chamar essa ministra mentirosa?,0,0,1,https://twitter.com/CarolDeToni/status/1615776442960297985
waldson pinheiro,@WaldsonVivo,https://twitter.com/WaldsonVivo/status/1616104516704940034,2023-01-19T16:05:17.000Z,120 milhões de pessoas passando fome  e em menos de um mês já libera 1 BI para cultura esse governo é uma piada,0,0,1,https://twitter.com/CarolDeToni/status/1615776442960297985
Serginho Tyf 12 cxs,@cxs_tyf,https://twitter.com/cxs_tyf/status/1615794391477792769,2023-01-18T19:32:57.000Z,Essa E.T Deveria Está Presa Junto Com Seu Marido Por Desmatamentos E Desvios De Madeiras Nobres Pro Exterior Com Notas fiscais Frias Eu Sei O Que Vocês Fizeram No Verão Passado,0,1,1,https://twitter.com/CarolDeToni/status/1615776442960297985
LUIZ CARLOS HENRIQUE,@l28henriques,https://twitter.com/l28henriques/status/1615810083480539137,2023-01-18T20:35:18.000Z,"Isso não seria um crime? Ela tem que ser convocada a dar explicações ao congresso, não era assim que a esquerda fazia, então faça",2,0,4,https://twitter.com/CarolDeToni/status/1615776442960297985
Roberto Fakir,@RobertoFakir,https://twitter.com/RobertoFakir/status/1615842703199145990,2023-01-18T22:44:56.000Z,Xandico disse que a Internet deu voz a imbecis e eu digo que DAVOS deu voz a idiotas.,0,0,1,https://twitter.com/CarolDeToni/status/1615776442960297985
Elvis Moreira,@ElvisM0reira,https://twitter.com/ElvisM0reira/status/1615799517164761088,2023-01-18T19:53:19.000Z,"Cabe requerimento para comparecimento a Câmara para explicar pq difama o País perante a comunidade internacional.

Se bem que olhando para ela, a impressão é de que já estamos morrendo...",2,0,1,https://twitter.com/CarolDeToni/status/1615776442960297985
D+_Bolsominion22,@Dridric,https://twitter.com/Dridric/status/1615849272523595776,2023-01-18T23:11:02.000Z,"Ela fez isso só para que todos falassem dela, como o Bolsonaro sem capacete na ponte.",0,0,1,https://twitter.com/CarolDeToni/status/1615776442960297985
Daniel Fachini,@daniel_fachini,https://twitter.com/daniel_fachini/status/1615798546338291713,2023-01-18T19:49:28.000Z,A senhora vai convocá-la para esclarecimentos ou vai só dar notícias sobre o fato?,2,0,3,https://twitter.com/CarolDeToni/status/1615776442960297985
Jmachi,@Jmachi3,https://twitter.com/Jmachi3/status/1615777324447711235,2023-01-18T18:25:08.000Z,"Não estaria a Sra  cometendo algum tipo de crime  da nova ordem, ao se referir a um ex_condenado  como ex_condenado?",0,0,1,https://twitter.com/CarolDeToni/status/1615776442960297985
"Moisés Kalil ,//",@MoisesHerminio,https://twitter.com/MoisesHerminio/status/1616129629017804800,2023-01-19T17:45:04.000Z,A tartaruga 🐢 só fala asneira,0,0,1,https://twitter.com/CarolDeToni/status/1615776442960297985
SobrinhaDoHomem,@SobrinhaH,https://twitter.com/SobrinhaH/status/1615861865569046530,2023-01-19T00:01:04.000Z,Ela entendi é de vender dinossauros.,0,0,1,https://twitter.com/CarolDeToni/status/1615776442960297985
єdvαł łiмα - CєαráSC,@EdvalVozao,https://twitter.com/EdvalVozao/status/1615796411894796310,2023-01-18T19:40:59.000Z,"Marina Silva é muito responsável no que diz , diferente de Bolsonaro que participava de eventos internacionais e mentia sobre dados",5,4,32,https://twitter.com/CarolDeToni/status/1615776442960297985
Um tal de Bruno Sartori,@brunnosarttori,https://twitter.com/brunnosarttori/status/1615979504257699841,2023-01-19T07:48:31.000Z,"Qualquer pessoa com bom senso sabe que não foi feito com má intenção. Esses dados são facilmente verificáveis. Mto provável ela ter confundido com algum dado que estava na cabeça e não percebido na hora. Deixe de ser mau-caráter, dondoca.",8,1,96,https://twitter.com/CarolDeToni/status/1615776442960297985
Carla Marques,@CarlaMa62003798,https://twitter.com/CarlaMa62003798/status/1615779344881696768,2023-01-18T18:33:10.000Z,"Serio? Vc deve achar que é mentira pelo fato de seu presidente dizer que nem fome existia aqui.
Para voce entender que 30% vive com salario minimo. Pq nao tenta viver com isso? Sem contar os outros que nem isso tem...",3,0,13,https://twitter.com/CarolDeToni/status/1615776442960297985
Robson Silva,@Robinho_r21,https://twitter.com/Robinho_r21/status/1615777434317504529,2023-01-18T18:25:34.000Z,Nunca foi tão atual esse vídeo sobre a importância da televisão.,2,10,31,https://twitter.com/CarolDeToni/status/1615776442960297985
FocaNaEstrategia,@estrategia_na,https://twitter.com/estrategia_na/status/1615820850766258177,2023-01-18T21:18:05.000Z,"Deputada, pare de manipulação. A Rede Penssan (Rede Brasileira de Pesquisa em Soberania e Segurança Alimentar e Nutricional) mostrou que mais da metade da população brasileira (cerca de 125,2 milhões) vive com algum tipo de insegurança alimentar.",0,1,3,https://twitter.com/CarolDeToni/status/1615776442960297985
Fabio Rebelo,@rebelofs,https://twitter.com/rebelofs/status/1615786630719094806,2023-01-18T19:02:07.000Z,"Deputada, a boa e velha retórica comunista. Já sabemos disso. É mais do mesmo. O que os políticos de direita e conservadores farão sobre isso?",0,1,3,https://twitter.com/CarolDeToni/status/1615776442960297985
Carmen Rita,@CarmenR89626453,https://twitter.com/CarmenR89626453/status/1615823039936995328,2023-01-18T21:26:47.000Z,Qdo ela vai ser chamada na câmara p dar explicações?,2,0,2,https://twitter.com/CarolDeToni/status/1615776442960297985
Vera Lúcia Carneiro de Almeida,@VeraLciaCarnei4,https://twitter.com/VeraLciaCarnei4/status/1615790618315210752,2023-01-18T19:17:58.000Z,"120 milhões, @MarinaSilva qual a fonte desse dado?? Como conquistar credibilidade?? UFA!!!",1,0,1,https://twitter.com/CarolDeToni/status/1615776442960297985
Eli Pereira,@elipereiracom,https://twitter.com/elipereiracom/status/1615812206486081536,2023-01-18T20:43:45.000Z,Porque não mete um processo civil por injúria e difamação nesta mulher??? Não perceberam ainda que temos o processo legal do nosso lado??? A punição qual seria? O número correto de pessoas com fome em cestas básicas. Assim ela aprender a não mentir mais e passar os dados corretos,1,0,1,https://twitter.com/CarolDeToni/status/1615776442960297985
Mara Selva,@maraselva,https://twitter.com/maraselva/status/1615865149440532482,2023-01-19T00:14:07.000Z,Será que ela esqueceu quem é o pai da mentira? Isso comprova a Palavra: “Não vos enganeis: as más conversações corrompem os bons costumes. (1 Co 15.33).” #MarinaSilva #marinasilvamentirosa,1,0,1,https://twitter.com/CarolDeToni/status/1615776442960297985
Marcin,@MarcinColorado,https://twitter.com/MarcinColorado/status/1615839363010646016,2023-01-18T22:31:39.000Z,Como esperar que vossa senhoria saiba dados sobre alimentação no país se só sabes ler msg de grupo no whats zap de no máximo 50 caracteres? VSFFDP,1,0,4,https://twitter.com/CarolDeToni/status/1615776442960297985
Lucimaravilhosa,@lucimar_gde,https://twitter.com/lucimar_gde/status/1616232429038993408,2023-01-20T00:33:33.000Z,120 milhões eu não sei mas acho que ela deve passar Só tem osso🤔,0,0,0,https://twitter.com/CarolDeToni/status/1615776442960297985
Batatinha Antiimperialista,@aquelxmeninx,https://twitter.com/aquelxmeninx/status/1615908018213773315,2023-01-19T03:04:28.000Z,"""Conforme o estudo, mais da metade (58,7%) da população brasileira convive com a insegurança alimentar em algum grau: leve, moderado ou grave.""

Fonte: https://www12.senado.leg.br/noticias/infomaterias/2022/10/retorno-do-brasil-ao-mapa-da-fome-da-onu-preocupa-senadores-e-estudiosos…O próprio site do senado confirma a fala da Marina, vá trabalhar deputada.",1,0,2,https://twitter.com/CarolDeToni/status/1615776442960297985
TAOQUEY,@taoquey1,https://twitter.com/taoquey1/status/1615788665656983572,2023-01-18T19:10:12.000Z,"Ainda está no site do PT

Bom, alguém está mentindo ou ambos estão mentido, como sempre !",0,0,0,https://twitter.com/CarolDeToni/status/1615776442960297985
Ben Brasil,@Benerval1,https://twitter.com/Benerval1/status/1615908362448781316,2023-01-19T03:05:50.000Z,@BaixaEssa,1,0,0,https://twitter.com/CarolDeToni/status/1615776442960297985
Rui Renato Jacomo,@rui_jacomo,https://twitter.com/rui_jacomo/status/1615846411345559556,2023-01-18T22:59:40.000Z,Anta!!!!,0,0,0,https://twitter.com/CarolDeToni/status/1615776442960297985
cz,@CamposZulmar,https://twitter.com/CamposZulmar/status/1615790408981950464,2023-01-18T19:17:08.000Z,Esse pessoal tem que ser expulso da vida pública.,0,0,0,https://twitter.com/CarolDeToni/status/1615776442960297985
Fátima Lima,@Fatima07021956,https://twitter.com/Fatima07021956/status/1615826454675361793,2023-01-18T21:40:22.000Z,Essa criatura é um meme de mau gosto,0,0,0,https://twitter.com/CarolDeToni/status/1615776442960297985
Claudia Barbosa,@lauddinha,https://twitter.com/lauddinha/status/1615862517443756033,2023-01-19T00:03:40.000Z,Deputada acione o STF . Não é assim q a gazela saltitante sempre fazia,0,0,0,https://twitter.com/CarolDeToni/status/1615776442960297985
Rafael,@RafaelFreire35,https://twitter.com/RafaelFreire35/status/1616094546500222976,2023-01-19T15:25:40.000Z,E o que vai ser feito? Alguma ação?,0,0,0,https://twitter.com/CarolDeToni/status/1615776442960297985
katia,@katia41676584,https://twitter.com/katia41676584/status/1615838942108188672,2023-01-18T22:29:59.000Z,A n a l f a b e t a !!!!!,0,0,0,https://twitter.com/CarolDeToni/status/1615776442960297985
Carlos Batista,@cbatista333,https://twitter.com/cbatista333/status/1616005732566028289,2023-01-19T09:32:45.000Z,"Observando o aspecto raquítico e a dificuldade de falar dessa Senhora, o discurso tornando-se mais credível! É vergonhoso o que à esquerda tem como pano de fundo! Sempre a mentira e a desinformação!!!",0,0,0,https://twitter.com/CarolDeToni/status/1615776442960297985
CFirmino,@CFirmino2,https://twitter.com/CFirmino2/status/1615960277719162882,2023-01-19T06:32:07.000Z,Vamos convoca-la para dar explicações no Congresso? Ou vamos deixar para lá…?,0,0,0,https://twitter.com/CarolDeToni/status/1615776442960297985
LulaHonesto (sátira),@LulaHonestoSati,https://twitter.com/LulaHonestoSati/status/1616074998078402561,2023-01-19T14:07:59.000Z,Mas isso acontece no planeta ET dela,0,0,0,https://twitter.com/CarolDeToni/status/1615776442960297985
Luís Brasil #Bolsonaro 22,@LuisbrasilVet,https://twitter.com/LuisbrasilVet/status/1616427647768166401,2023-01-20T13:29:17.000Z,Já fez o ofício pra convocar a Marina Silva a prestar declarações sobre essas mentiras!!!,0,0,0,https://twitter.com/CarolDeToni/status/1615776442960297985
"Liberdade, volta?",@VoltaLiberdade,https://twitter.com/VoltaLiberdade/status/1615807121873899530,2023-01-18T20:23:32.000Z,"Há de se preocupar com quem libertou o chefe dela da prisão, o tornou elegível e o decretou presidente, sem legitimidade! Não com essa despreparada que foi beneficiada com a soltura do outro.",0,0,0,https://twitter.com/CarolDeToni/status/1615776442960297985
Wagner Benedeti,@WagnerBenedeti,https://twitter.com/WagnerBenedeti/status/1615874376691290114,2023-01-19T00:50:47.000Z,É uma Tartaruga Pinóquio,0,0,0,https://twitter.com/CarolDeToni/status/1615776442960297985
S.Fazolo,@Olozaf1960,https://twitter.com/Olozaf1960/status/1616005470145347585,2023-01-19T09:31:42.000Z,"A psicóloga diz que 90% das mentiras são contadas por proteção ou medo e são importantes para a vida em sociedade. “Uma mentira branca as vezes é necessária para o relacionamento”, comenta. Segundo ela, há momentos em que a verdade pode ser agressiva.",0,0,0,https://twitter.com/CarolDeToni/status/1615776442960297985
Oliveira,@Oliveir47894291,https://twitter.com/Oliveir47894291/status/1616140735698329606,2023-01-19T18:29:12.000Z,"Exatamente Isso..... Essa Desgraça,  tá seguindo o Chefe da Quadrilha....",0,0,0,https://twitter.com/CarolDeToni/status/1615776442960297985
"Alves, SC",@sevla2011,https://twitter.com/sevla2011/status/1616119008432119808,2023-01-19T17:02:52.000Z,🇧🇷🇧🇷🇧🇷🇧🇷,0,0,0,https://twitter.com/CarolDeToni/status/1615776442960297985
raqq,@raqakk,https://twitter.com/raqakk/status/1616024489199894534,2023-01-19T10:47:17.000Z,"A cada voto errado, uma enorme consequência...",0,0,0,https://twitter.com/CarolDeToni/status/1615776442960297985
Paulo Andrade,@Paseand,https://twitter.com/Paseand/status/1615801219817132032,2023-01-18T20:00:05.000Z,"Paulo Guedes vendia as perspectivas de bons investimentos para um Brasil que tinha muito trabalho a se fazer, hoje parecemos um esmoler de sinaleiro pedindo doação para famintos.",0,0,1,https://twitter.com/CarolDeToni/status/1615776442960297985
Bruno Franco,@BrunoTerrivel,https://twitter.com/BrunoTerrivel/status/1616153384469557248,2023-01-19T19:19:28.000Z,Igual o chefe dela...,0,0,0,https://twitter.com/CarolDeToni/status/1615776442960297985
Fabio junior morais,@Fabiojuniormo17,https://twitter.com/Fabiojuniormo17/status/1615861229100081153,2023-01-18T23:58:32.000Z,"Esse povo acha que a gente é burro que não existem internet que a gente vive no tempo nos anos 80 ou até mesmo o começo dos anos 2000, 120 milhões é um número muito absurdo Acredito eu que existe pessoas passando fome né de verdade mas 120 milhões",1,0,1,https://twitter.com/CarolDeToni/status/1615776442960297985
Claudia Regina,@Claudia20925377,https://twitter.com/Claudia20925377/status/1615794130273112069,2023-01-18T19:31:55.000Z,Vocês tem obrigação de convoca-la para presta esclarecimento sobre está mentira. No governo Bolsonaro todo dia a esquerda convocava um ministro. Vamos fazer o mesmo. Querem mentir  então terão que assumir .,1,0,2,https://twitter.com/CarolDeToni/status/1615776442960297985
Pagador de imposto,@opagadordetaxas,https://twitter.com/opagadordetaxas/status/1615780828591828992,2023-01-18T18:39:03.000Z,"Ok Carol, todos nós já lemos a notícia. Mas e aí, nobre parlamentar, vc vai fazer alguma coisa a respeito enquanto deputada? Vai representar contra ela? Ou vai ficar brincando de twiteira?",1,1,5,https://twitter.com/CarolDeToni/status/1615776442960297985
Sandra Rosa,@SandraR00407419,https://twitter.com/SandraR00407419/status/1615850296550334465,2023-01-18T23:15:06.000Z,"Que papelão da ET. Se não sabe, leva uma ""colinha"" pra não pagar este mico em rede mundial.",1,0,1,https://twitter.com/CarolDeToni/status/1615776442960297985
Ninjas do interior de Minas,@ninjadointerior,https://twitter.com/ninjadointerior/status/1615776696300355595,2023-01-18T18:22:38.000Z,"Explique como se gasta 9 mil reais em uma simples ida na padaria, deputada bolsonarista!",4,2,14,https://twitter.com/CarolDeToni/status/1615776442960297985
Gemerson Bonierski,@GemersonLuis,https://twitter.com/GemersonLuis/status/1616046219272523776,2023-01-19T12:13:38.000Z,"Números errados, equivocados? Sim, mas quem tem fome tem fome e não foi feito como no governo anterior onde o ex-presidente falou que nunca viu alguém pedindo comida.",1,0,0,https://twitter.com/CarolDeToni/status/1615776442960297985
Fabio Lopes,@Fabio_lopez29,https://twitter.com/Fabio_lopez29/status/1615778147328458753,2023-01-18T18:28:24.000Z,"Se falassem que eram 10 pessoas passando fome, os Bolsominions iam questionar do mesmo jeito, acham q por não terem pessoas esqueléticas nas ruas, não existe fome no Brasil. Lembrando que existe fome endêmica e epidêmica no país, que o diga índios Yanomami.",7,0,6,https://twitter.com/CarolDeToni/status/1615776442960297985
Thiago Rocha,@thiagonarocha,https://twitter.com/thiagonarocha/status/1616072684839780353,2023-01-19T13:58:47.000Z,E se dizia crente... Que vergonha,2,1,3,https://twitter.com/CarolDeToni/status/1615776442960297985
João,@jhoao,https://twitter.com/jhoao/status/1616080612061855749,2023-01-19T14:30:17.000Z,"Vcs poderiam começar, convocando todos os ministros p uma conversa aí no congresso, como a esquerda fez nos últimos 4 
anos.🤷‍♂️🤷‍♂️🤷‍♂️",0,0,2,https://twitter.com/CarolDeToni/status/1615776442960297985
Alunos da tia Regina Caelli,@DaCaelli,https://twitter.com/DaCaelli/status/1616395668515442691,2023-01-20T11:22:13.000Z,Triste!Cretinos!,0,0,0,https://twitter.com/CarolDeToni/status/1615776442960297985
Citizen,@Brazilis10,https://twitter.com/Brazilis10/status/1615807482693095452,2023-01-18T20:24:58.000Z,Quando a pessoa falta na aula de matemática... dá nisso!,0,1,2,https://twitter.com/CarolDeToni/status/1615776442960297985
Patricia Martins Morais,@PatriciaMorai76,https://twitter.com/PatriciaMorai76/status/1616089486726942720,2023-01-19T15:05:33.000Z,Cretina.. 😡,0,0,0,https://twitter.com/CarolDeToni/status/1615776442960297985
@ednaldo.monica,@ednaldo.monica,https://twitter.com/MonicaEdnaldo/status/1616133189797576705,2023-01-19T17:59:13.000Z,Analfabeta,0,0,0,https://twitter.com/CarolDeToni/status/1615776442960297985
Cristina,@tininleao1,https://twitter.com/tininleao1/status/1616036051675500544,2023-01-19T11:33:13.000Z,Vc sabe o que é insegurança alimentar?,0,0,1,https://twitter.com/CarolDeToni/status/1615776442960297985
DEMOCRACIA SEMPRE!,@gnaldobnunes,https://twitter.com/gnaldobnunes/status/1615881351223189505,2023-01-19T01:18:30.000Z,Que tal ler isso?,0,0,2,https://twitter.com/CarolDeToni/status/1615776442960297985
fannyprice,@fannypricenew,https://twitter.com/fannypricenew/status/1616083584414253059,2023-01-19T14:42:06.000Z,"Melhor a senhoura pedir assessoria aê, o dado está correto, inclusive, publicado pelo Conselho Federal de Nutrição. Toma vergonha!!!",0,0,1,https://twitter.com/CarolDeToni/status/1615776442960297985
Ricardo Morales Wisniewski,@Ricardo29020662,https://twitter.com/Ricardo29020662/status/1616076725703802888,2023-01-19T14:14:51.000Z,Já explicou o motivo de ter votado a favor do Mercadante ir para o BNDES? Se já explicou me passa o link que perdi.,0,0,1,https://twitter.com/CarolDeToni/status/1615776442960297985
Livia Paulo,@Liviae10,https://twitter.com/Liviae10/status/1615823080445693958,2023-01-18T21:26:57.000Z,"Mais da metade da população encontra-se em algum grau de insegurança alimentar. Ou seja, sem previsibilidade de fazer as 3 refeições básicaa diárias. Se conhecesse as pesquisas sobre o Braail profundo, saberia dessa realidade.",2,0,14,https://twitter.com/CarolDeToni/status/1615776442960297985
Francisco Bernandes de Moraes,@DeBernandes,https://twitter.com/DeBernandes/status/1615960307351920640,2023-01-19T06:32:15.000Z,Como é que uma pessoa ao em vez de falar bem do seu país eles acabam com sua reputação? A troco de que? O que está em jogo afinal? Será que estão preparando terreno para fazer a mesma lambança de antes?,1,0,1,https://twitter.com/CarolDeToni/status/1615776442960297985
é sobre isso,@comoehsobreisso,https://twitter.com/comoehsobreisso/status/1616062352130019330,2023-01-19T13:17:44.000Z,"Sua irresponsavel, já tem estudo que fala que 58,7% da população brasileira convive com insegurança alimentar de algum grau: leve, moderado ou grave.
E essa informação está no próprio site do senado que foi divulgado em outubro de 2022.",3,0,9,https://twitter.com/CarolDeToni/status/1615776442960297985
Wilton Santana Ramos,@wilton_r1,https://twitter.com/wilton_r1/status/1615776874453676032,2023-01-18T18:23:21.000Z,Essa Marinassauro não cansa de passar vergonha 🤦🏻‍♂️,0,0,5,https://twitter.com/CarolDeToni/status/1615776442960297985
TUCKA BARULLI,@TBarulli,https://twitter.com/TBarulli/status/1615778375896809492,2023-01-18T18:29:19.000Z,Como é que vamos acabar com a FAKE???,0,0,2,https://twitter.com/CarolDeToni/status/1615776442960297985
MarthaNunes,@MarthaNunes312,https://twitter.com/MarthaNunes312/status/1615778437624381442,2023-01-18T18:29:33.000Z,"@MarinaSilva , não precisa exagerar, o que é isso pastora",0,0,2,https://twitter.com/CarolDeToni/status/1615776442960297985
Lisa Rocha Wood,@LisaRocha77,https://twitter.com/LisaRocha77/status/1615857455690383360,2023-01-18T23:43:33.000Z,Que nojo ler algo desse nível? Vc não sabe o que é fome????,1,0,1,https://twitter.com/CarolDeToni/status/1615776442960297985
Vanda_SEP São Miguel Arcanjo defendei-nos,@Vanda_SEP,https://twitter.com/Vanda_SEP/status/1615776788826701830,2023-01-18T18:23:00.000Z,Sempre lembro dela,0,1,2,https://twitter.com/CarolDeToni/status/1615776442960297985
83YL3 V1C70R,@BeyleVictor,https://twitter.com/BeyleVictor/status/1615867683962081280,2023-01-19T00:24:11.000Z,"""Em números absolutos, são 125,2 milhões de pessoas em insegurança alimentar.""",0,0,6,https://twitter.com/CarolDeToni/status/1615776442960297985
Alvaro,@PolliAlvaro,https://twitter.com/PolliAlvaro/status/1615786204733243392,2023-01-18T19:00:25.000Z,Isso é tipco dela quando jovem morava em um lugar rico em biodiversidades rico em alimentos naturais de origem vegetal e animal e ela fala que passou fome devia ficar dentro do casebre 24 horas dormindo aí acordava com fome.,1,0,1,https://twitter.com/CarolDeToni/status/1615776442960297985
Luzia Luíza Vignati,@LuizaVignati,https://twitter.com/LuizaVignati/status/1615812846675234855,2023-01-18T20:46:17.000Z,"Eles vão pensar que ela está incluída nesses 120 milhões, que estão passando fome.",1,0,1,https://twitter.com/CarolDeToni/status/1615776442960297985
Fernando Miranda,@FMiramda,https://twitter.com/FMiramda/status/1615826436257980425,2023-01-18T21:40:17.000Z,Isto é FakeNews do bem…,0,0,3,https://twitter.com/CarolDeToni/status/1615776442960297985
E=mc2,@QIQESUSTENTA,https://twitter.com/QIQESUSTENTA/status/1615827105958305808,2023-01-18T21:42:57.000Z,"Eu n sei como essas pessoas se surpreendem tanto com essas falsas narrativas! Será que é para justificar talvez algum sentimento de culpa, por ter apoiado o atual presidente(que estava preso ha pouco tempo atras) ? Tem vários videos da senhora Marina silva falando que +",1,0,1,https://twitter.com/CarolDeToni/status/1615776442960297985
marcos cesar,@marcos_albuquer,https://twitter.com/marcos_albuquer/status/1615882126964187137,2023-01-19T01:21:35.000Z,"Dê um desconto a ela, afinal ela não é desse planeta aí a contagem no planeta de onde essa criatura surgiu deve ser diferente.",0,1,1,https://twitter.com/CarolDeToni/status/1615776442960297985
Dener Marques,@Dener_Marques,https://twitter.com/Dener_Marques/status/1615944530469224448,2023-01-19T05:29:33.000Z,Vai fazer alguma representação e pedir pra ministra se explicar?,0,0,2,https://twitter.com/CarolDeToni/status/1615776442960297985
Otávio Vieira ★彡,@tavinhovieira,https://twitter.com/tavinhovieira/status/1616040738415853568,2023-01-19T11:51:51.000Z,"Eu tenho vergonha dessa senhora, além de conta essa mentira ainda diz ser evangélica, é o que me deixa mais chateado. Ela envergonha minha religião. Deus tenha misericórdia da nossa nação.",0,0,2,https://twitter.com/CarolDeToni/status/1615776442960297985
amauryviotti,@amauryviotti,https://twitter.com/amauryviotti/status/1615785052063006721,2023-01-18T18:55:50.000Z,"Perfeita a escolha da nossa Ministra que deverá proteger nossas florestas contra a “ Derrubada das Madeiras “. Com sua invenção de que metade da população brasileira passa fome !
Uma verdadeira “ Cara de Pau “, até combina !",3,0,3,https://twitter.com/CarolDeToni/status/1615776442960297985
Cláudia Martins Correia Cruz,@claudia8martins,https://twitter.com/claudia8martins/status/1615780689571418113,2023-01-18T18:38:30.000Z,discípulo tenta superar o mestre.,1,3,15,https://twitter.com/CarolDeToni/status/1615776442960297985
Julio Neris,@NERIS_Julio,https://twitter.com/NERIS_Julio/status/1615844103446560770,2023-01-18T22:50:29.000Z,"Se o bolsonarismo fosse implacável contra as fake news familiar como é com as não familiar, creio que viveríamos num ambiente mais verdadeiro.",1,0,0,https://twitter.com/CarolDeToni/status/1615776442960297985
Carlos Rocha,@noigandresrocha,https://twitter.com/noigandresrocha/status/1615920672756170752,2023-01-19T03:54:45.000Z,Cadê a bicicleta voadora?,0,0,0,https://twitter.com/CarolDeToni/status/1615776442960297985
Jose Junior,@JoseJunior1057,https://twitter.com/JoseJunior1057/status/1615871905541623809,2023-01-19T00:40:58.000Z,É! Este Governo está sendo tudo que disseram que era o Governo do Presidente Bolsonaro.,0,0,0,https://twitter.com/CarolDeToni/status/1615776442960297985
ᶜʳᶠ RUBRO NEGRO ᶜʳᶠ,@RubroNegro0,https://twitter.com/RubroNegro0/status/1615834705663762432,2023-01-18T22:13:09.000Z,Basta a sra como deputada pedir até que ela seja enquadrada na tal lei da fakenews,0,0,0,https://twitter.com/CarolDeToni/status/1615776442960297985
Douglas Roberto,@Douglas73635135,https://twitter.com/Douglas73635135/status/1615779365773525007,2023-01-18T18:33:15.000Z,😊💙😊🌻🌻,0,0,0,https://twitter.com/CarolDeToni/status/1615776442960297985
@alisson.iat,@alisson.iat,https://twitter.com/AlissonIat/status/1615841564772663296,2023-01-18T22:40:24.000Z,🤣🤣🤣🤣🤣🤣🤣 queria falar algo de interessante,0,0,0,https://twitter.com/CarolDeToni/status/1615776442960297985
Emiliano Della Costa,@EmilianoHDCosta,https://twitter.com/EmilianoHDCosta/status/1615786814715072512,2023-01-18T19:02:51.000Z,Mente que nem sente!,0,0,0,https://twitter.com/CarolDeToni/status/1615776442960297985
Robson Sobrinho,@RobsonSobrinh12,https://twitter.com/RobsonSobrinh12/status/1615875473044799488,2023-01-19T00:55:08.000Z,"Essa Marina nunca enganou.
Alma vendida.",0,0,0,https://twitter.com/CarolDeToni/status/1615776442960297985
Flavinho_66,@Flavinho1966,https://twitter.com/Flavinho1966/status/1616108897860829189,2023-01-19T16:22:41.000Z,"Se juntar os votos válidos do Bolsonaro e do Lula, não dá esse valor imaginário dela. Acho bom ela abrir a porta do guarda roupa e voltar pra Nárnia...",0,0,2,https://twitter.com/CarolDeToni/status/1615776442960297985
Abraão_Matos,@souabraaomatos,https://twitter.com/souabraaomatos/status/1616198091442655232,2023-01-19T22:17:07.000Z,Já era de se esperar. A informação é tão mentirosa que até o @Estadao criticou a Mentira da ministra. Lembremos que o @bancomundialbr (Banco Mundial) cita algo em torno de 11 milhões. Olha só @wagaoprofessor,0,0,2,https://twitter.com/CarolDeToni/status/1615776442960297985
Jean C. Grimm,@JeanCGrimm,https://twitter.com/JeanCGrimm/status/1616262476202496006,2023-01-20T02:32:57.000Z,É uma vergonha esses ministros deste desgoverno... Pior que é só o começo.,0,0,2,https://twitter.com/CarolDeToni/status/1615776442960297985
Izete Anaalves,@IzeteAnaalves,https://twitter.com/IzeteAnaalves/status/1616036108428509184,2023-01-19T11:33:27.000Z,"""Pobreza extrema afeta 137 mil pessoas no estado. É o que aponta o levantamento do Núcleo de Estudo de Economia Catarinense (Necat)..."" Fonte:",1,0,1,https://twitter.com/CarolDeToni/status/1615776442960297985
lord Fla,@fla112233,https://twitter.com/fla112233/status/1615948974044610560,2023-01-19T05:47:12.000Z,"Na Venezuela não tem fome pow ....
Faz o  L......",1,0,2,https://twitter.com/CarolDeToni/status/1615776442960297985
Gisele Moraes Da Silva,@GiseleMoraesDa5,https://twitter.com/GiseleMoraesDa5/status/1615987326760685568,2023-01-19T08:19:36.000Z,"Talvez  vc t molhado o Brasil só pela redes sociais,que tal sair do seu conforto e andar nas periferia",0,0,4,https://twitter.com/CarolDeToni/status/1615776442960297985
Mme B. ,@bridgitba,https://twitter.com/bridgitba/status/1615990458286575616,2023-01-19T08:32:03.000Z,Sério que bolsonarista tá falando de fake news?,0,0,7,https://twitter.com/CarolDeToni/status/1615776442960297985
Vianna & Net,@viannanet,https://twitter.com/viannanet/status/1616130219437617152,2023-01-19T17:47:25.000Z,"Acho que não sei mais geografia. Parece que esse tal brasil fica em algum lugar bem perdido lá no interiro da tal da africa. Será que fica ali por perto da zambia talvez , ou talvez botsuana, ? Quanta gente miserável nesse pais, não.",1,0,1,https://twitter.com/CarolDeToni/status/1615776442960297985
Wleny,@Wleny1,https://twitter.com/Wleny1/status/1615780412814684160,2023-01-18T18:37:24.000Z,"Me diga com quem andas, que eu te direi quem és...",0,0,0,https://twitter.com/CarolDeToni/status/1615776442960297985
Francisco Antonio Vieira Reis,@Francis63400362,https://twitter.com/Francis63400362/status/1615800008623669248,2023-01-18T19:55:16.000Z,Como mentem,0,0,0,https://twitter.com/CarolDeToni/status/1615776442960297985
Adriana s lonardi,@s_lonardi,https://twitter.com/s_lonardi/status/1615802629258629120,2023-01-18T20:05:41.000Z,Desenterram ela p isso??  Aff,0,0,0,https://twitter.com/CarolDeToni/status/1615776442960297985
C.P.Hitzschky,@CricoHitszchky,https://twitter.com/CricoHitszchky/status/1615871435196727296,2023-01-19T00:39:06.000Z,"Olha a fascista passeando na minha tl

Aqui não

É block garantido",0,0,0,https://twitter.com/CarolDeToni/status/1615776442960297985
Fernando Baratella,@fbaratella,https://twitter.com/fbaratella/status/1615829255061143552,2023-01-18T21:51:29.000Z,"Pessoal, vocês não entenderam a fala da ministra. Ela está correta!
O governo atualizou os números que inventa!
De 1° de janeiro de 2023 até hoje, dia 18, o Brasil passou de 33mi (2022) para 120mi de pessoas passando fome.
Ou seja, um aumento de 363,64% em apenas 18 dias!😏🐕🍽",0,0,1,https://twitter.com/CarolDeToni/status/1615776442960297985
Teresinha A Rocha Cavalheiro,@TeresinhaARocha,https://twitter.com/TeresinhaARocha/status/1615836084172201991,2023-01-18T22:18:37.000Z,"A MINISTRA QUER CONSEGUIR MAIS DINHEIRO DO GLOBALISTAS, SÓ PODE SER.",0,0,0,https://twitter.com/CarolDeToni/status/1615776442960297985
Rildo Gerlan,@rildogerlan,https://twitter.com/rildogerlan/status/1615868518032986114,2023-01-19T00:27:30.000Z,O costume do cachimbo deixou a boca torta.,0,0,0,https://twitter.com/CarolDeToni/status/1615776442960297985
Toni Rick Lima,@tonirick,https://twitter.com/tonirick/status/1615896267510390785,2023-01-19T02:17:46.000Z,Será que irá para o inquérito das fake news??? #fakenews,0,0,0,https://twitter.com/CarolDeToni/status/1615776442960297985
MirianCosta,@MirianC89891154,https://twitter.com/MirianC89891154/status/1616080161878806529,2023-01-19T14:28:30.000Z,"Bom… 70% dos brasileiros recebem menos de 2 SM. E se ela estiver certa? Aluguel, condução, remédios e alimentação , será q a conta deles fecha no final do mês?",0,0,1,https://twitter.com/CarolDeToni/status/1615776442960297985
jemima uts ch,@JemimaUts,https://twitter.com/JemimaUts/status/1616112487157358592,2023-01-19T16:36:57.000Z,Sao especialistas em”número” e memórias p os mesmos nao lhes falta 😂😂,0,0,0,https://twitter.com/CarolDeToni/status/1615776442960297985
Osni Quandt,@OsniQuandt,https://twitter.com/OsniQuandt/status/1615856711314669570,2023-01-18T23:40:35.000Z,Esses não cansam de mentir e passar vergonha....como pode isso...gente mente que nem sente.....,0,0,1,https://twitter.com/CarolDeToni/status/1615776442960297985
Artemísia Voadora - Off-Grid,@EdnilceGiacomo,https://twitter.com/EdnilceGiacomo/status/1615862888979390464,2023-01-19T00:05:08.000Z,Eita....os outros  ETs não  quiseram  vir buscar essa daí.....pqp,0,0,1,https://twitter.com/CarolDeToni/status/1615776442960297985
Maria Albuquerque,@hgatinhaalbuq,https://twitter.com/hgatinhaalbuq/status/1616043599610650625,2023-01-19T12:03:13.000Z,"Em 2022, o Segundo Inquérito Nacional sobre Insegurança Alimentar no Contexto da Pandemia de Covid-19 no Brasil apontou que (...) mais da metade (58,7%) da população brasileira convive com a insegurança alimentar em algum grau: leve, moderado ou grave.

Fonte: Agência Senado",1,0,0,https://twitter.com/CarolDeToni/status/1615776442960297985
Claudio Manoel Moura Ramalho,@manoel_m3,https://twitter.com/manoel_m3/status/1615868674807857153,2023-01-19T00:28:08.000Z,"E os institutos de checagem? 
E o G1 Fato ou Fake?",0,0,1,https://twitter.com/CarolDeToni/status/1615776442960297985
patricia rosa,@patrici80300829,https://twitter.com/patrici80300829/status/1616034767383707648,2023-01-19T11:28:07.000Z,Dá vergonha de ser representada por essa mulher. Ficam chorando miséria lá fora!,0,0,1,https://twitter.com/CarolDeToni/status/1615776442960297985
Paulo José Leite,@PauloJosLeite1,https://twitter.com/PauloJosLeite1/status/1615865308882898950,2023-01-19T00:14:45.000Z,É a marca registrada da esquerda não sabe de nada aí conta mentira,0,0,1,https://twitter.com/CarolDeToni/status/1615776442960297985
Carlos alberto Nogueira,@Carlosa99577955,https://twitter.com/Carlosa99577955/status/1615866156061003776,2023-01-19T00:18:07.000Z,"Deve ser uma previsão do que tá por vim, num futuro próximo terá muita gente passando fome com essa política desastrosa do dilmo.",0,0,1,https://twitter.com/CarolDeToni/status/1615776442960297985
Rô leal,@roleal10,https://twitter.com/roleal10/status/1615928328619462656,2023-01-19T04:25:10.000Z,"Censo 2022: prévia revela que o Brasil possui 207,8 milhões de habitantes",0,0,1,https://twitter.com/CarolDeToni/status/1615776442960297985
Divino Marcio Ramos Leiva Junior,@DivinoLeiva,https://twitter.com/DivinoLeiva/status/1615934479616425990,2023-01-19T04:49:37.000Z,Falar mal e mentir é o que eles sabem fazer.o que eles prometeram até agora nada se iniciou.,0,0,1,https://twitter.com/CarolDeToni/status/1615776442960297985
Paula Elisei,@paula0511elisei,https://twitter.com/paula0511elisei/status/1615978505711271937,2023-01-19T07:44:33.000Z,"O governo é tão ruim que o número aumentou assustadoramente em poucos dias. Vou com o Nicolas na resposta... ah, seria muito engraçado se não fosse trágico, a equipe do bafo de cachaça e o próprio.",0,0,1,https://twitter.com/CarolDeToni/status/1615776442960297985
Rian Rodrigues,@RianRodriguesB5,https://twitter.com/RianRodriguesB5/status/1615826005578649601,2023-01-18T21:38:34.000Z,Ela tem carta branca para mentir ??,0,0,1,https://twitter.com/CarolDeToni/status/1615776442960297985
MARCOS FREITAS,@MARCOSVICENTEC2,https://twitter.com/MARCOSVICENTEC2/status/1615852024599576576,2023-01-18T23:21:58.000Z,Esse ET deve estar querendo matar a fome do povo com picanha,0,0,1,https://twitter.com/CarolDeToni/status/1615776442960297985
AnisioSoares,@anisioasoares,https://twitter.com/anisioasoares/status/1615849035012755457,2023-01-18T23:10:05.000Z,Todos Gente Mentirosa e com Mente Doentia.,0,0,1,https://twitter.com/CarolDeToni/status/1615776442960297985
Luis Carlos,@Luiscarlos1703,https://twitter.com/Luiscarlos1703/status/1616012754707517440,2023-01-19T10:00:39.000Z,"Poisé atrás de dinheiro pra roubarem depois e tudo continuará do mesmo jeito, essa é lábia desse povo",0,0,1,https://twitter.com/CarolDeToni/status/1615776442960297985
Luis Carlos,@Luiscarlos1703,https://twitter.com/Luiscarlos1703/status/1616013225727778821,2023-01-19T10:02:31.000Z,"Então me diz pra quem estão indo esse 600 reais de auxílio, é muita lábia mentirosa",0,0,1,https://twitter.com/CarolDeToni/status/1615776442960297985
Alberto Bernardo Neto,@Alberto52357300,https://twitter.com/Alberto52357300/status/1616026675434725378,2023-01-19T10:55:58.000Z,Então  de 15 días pra ca a fomentar aumentou em mais de 200 porcento o lula disse que tenhamos mais de 39 milhoes,0,0,1,https://twitter.com/CarolDeToni/status/1615776442960297985
Daniel Da Silva Mora,@danysm7,https://twitter.com/danysm7/status/1616072314872893449,2023-01-19T13:57:19.000Z,E o retorno do ET de steven spielberg em sua forma maligna,0,0,1,https://twitter.com/CarolDeToni/status/1615776442960297985
Cristiano B. Pereira,@soupexeiro,https://twitter.com/soupexeiro/status/1616093172286820354,2023-01-19T15:20:12.000Z,"essa atordoada não sabe nem o que é 120 milhoes de pessoas, ou.... ela ja ta contatndo toda a Ursal... tem isso",0,0,1,https://twitter.com/CarolDeToni/status/1615776442960297985
Antonio Andrade,@acg_j,https://twitter.com/acg_j/status/1615846291593994240,2023-01-18T22:59:11.000Z,"Teatro esquerdista, o maior produtor de alimentos do mundo tem mais da metade da população passando fome??? Alguém aí falou que o ex marido dela é um dos maiores extratores de madeira ilegal da Amazônia????",0,0,1,https://twitter.com/CarolDeToni/status/1615776442960297985
Eva Lessa,@Lessa5Eva,https://twitter.com/Lessa5Eva/status/1615839996438519809,2023-01-18T22:34:10.000Z,E crime fazer Fake ou só serve par direita?,0,0,1,https://twitter.com/CarolDeToni/status/1615776442960297985
Carla Brum,@leilacarlabrum,https://twitter.com/leilacarlabrum/status/1616131844684263424,2023-01-19T17:53:52.000Z,"Você vive em outro país onde não há problemas de fome, saúde e economia?",0,0,0,https://twitter.com/CarolDeToni/status/1615776442960297985
Renato Lima,@RenatoLima73,https://twitter.com/RenatoLima73/status/1616492714098556928,2023-01-20T17:47:50.000Z,"Como ele mesmo gosta de dizer, uma mentira falada várias vezes acaba se tornando a verdade. Já dizia a mamãe do nine.",0,0,0,https://twitter.com/CarolDeToni/status/1615776442960297985
Ed,@Ed67720405,https://twitter.com/Ed67720405/status/1616503983329185798,2023-01-20T18:32:37.000Z,"Senhora Deputada, não confunda a HONRADA Ministra Marina Silva com o teu PRESIFAKE, cuja característica distintiva é ser um MENTIROSO CONTUMAZ!",0,0,0,https://twitter.com/CarolDeToni/status/1615776442960297985
Gustavo Zamboni,@zamboni_gustavo,https://twitter.com/zamboni_gustavo/status/1615842147709685761,2023-01-18T22:42:43.000Z,Cadê o Xandão para censurar?,0,0,0,https://twitter.com/CarolDeToni/status/1615776442960297985
Salete Neves,@SaleteLneves,https://twitter.com/SaleteLneves/status/1616060837629763586,2023-01-19T13:11:43.000Z,Vergonhoso. Quem é o papai? Tal pai tal filhos. Deus salve o Brasil 🇧🇷,0,0,0,https://twitter.com/CarolDeToni/status/1615776442960297985
Milton Lourenço,@MiltonLoureno6,https://twitter.com/MiltonLoureno6/status/1616022278042435586,2023-01-19T10:38:29.000Z,"E voce seguindo, i futuro condenavel",0,0,0,https://twitter.com/CarolDeToni/status/1615776442960297985
Rubens Takauti,@rtakauti,https://twitter.com/rtakauti/status/1615799156202962944,2023-01-18T19:51:53.000Z,@BaixadorDeVideo,1,0,0,https://twitter.com/CarolDeToni/status/1615776442960297985
Cristina Bella,@CristinaBella11,https://twitter.com/CristinaBella11/status/1615777569617362958,2023-01-18T18:26:06.000Z,🥲🥲🥲,0,0,0,https://twitter.com/CarolDeToni/status/1615776442960297985
@orlando_ssoares,@orlando_ssoares,https://twitter.com/ssoares_orlando/status/1616378395897602049,2023-01-20T10:13:35.000Z,"Vai estudar, fazer algo que enalteça teu pais. Nós não precisamos de ninguém pra pedir esmola de grupos que querem tomar nosso país.",0,0,0,https://twitter.com/CarolDeToni/status/1615776442960297985
Dulcineia Monteiro,@DulcineiaMonte7,https://twitter.com/DulcineiaMonte7/status/1616419490597576707,2023-01-20T12:56:52.000Z,Ministros em Fórum precisam estar bem informados. Não cabe aqui falas inverídicas e sem fundamento. Ainda mais quando se verifica o tamanho de erro nos dados. Isto é uma vergonha!!,0,0,0,https://twitter.com/CarolDeToni/status/1615776442960297985
Vania Maria Souza Freitas,@VaniaFr75713792,https://twitter.com/VaniaFr75713792/status/1617314247913906176,2023-01-23T00:12:19.000Z,Marina mentirosa e cinica,0,0,0,https://twitter.com/CarolDeToni/status/1615776442960297985
Abraão_Matos,@souabraaomatos,https://twitter.com/souabraaomatos/status/1616200516563869696,2023-01-19T22:26:45.000Z,Cadê vocês @aosfatos @estadaoverifica @fatooufake,0,0,0,https://twitter.com/CarolDeToni/status/1615776442960297985
Vianna & Net,@viannanet,https://twitter.com/viannanet/status/1616130635357376513,2023-01-19T17:49:04.000Z,"""Grama é única refeição de crianças em país tomado pela fome
ONU alerta que 4 milhões de pessoas correm risco de vida no Sudão do Sul e pede para ter acesso à região.""
brasil deve ficar ali próximo ao sudão do sul talvez.",0,0,0,https://twitter.com/CarolDeToni/status/1615776442960297985
José Carlos Valsechi,@jcvalsechi,https://twitter.com/jcvalsechi/status/1616020521216364545,2023-01-19T10:31:31.000Z,😂🤣,0,0,0,https://twitter.com/CarolDeToni/status/1615776442960297985
Ana,@FlorestaLucia,https://twitter.com/FlorestaLucia/status/1616067320731811840,2023-01-19T13:37:28.000Z,Essa mulher é uma despreparada! 🤮🤮🤮🤮🤮🤮,0,0,0,https://twitter.com/CarolDeToni/status/1615776442960297985
Tiago Negreiros,@TiagoNegreiro18,https://twitter.com/TiagoNegreiro18/status/1616085913855049728,2023-01-19T14:51:21.000Z,E esses personagens ainda são da Família da Marina Silva kkkkkk,0,0,0,https://twitter.com/CarolDeToni/status/1615776442960297985
Alvaro Amaro de Azevedo,@amarode_a1,https://twitter.com/amarode_a1/status/1616082734954283008,2023-01-19T14:38:44.000Z,A discípula superou o mestre.,0,0,0,https://twitter.com/CarolDeToni/status/1615776442960297985
Eliana Barboza,@ElianaB11476167,https://twitter.com/ElianaB11476167/status/1616025997782007809,2023-01-19T10:53:16.000Z,Cadeia nela esta  promovendo  fake  News,0,0,0,https://twitter.com/CarolDeToni/status/1615776442960297985
M Luiz Neto,@NetoLuizms,https://twitter.com/NetoLuizms/status/1616076201466155011,2023-01-19T14:12:46.000Z,Esse desastre já é o fake em pessoa.,0,0,0,https://twitter.com/CarolDeToni/status/1615776442960297985
Rosangela Carazato,@Rocarazato,https://twitter.com/Rocarazato/status/1616088949965090816,2023-01-19T15:03:25.000Z,🤦‍♀️💩💩💩,0,0,0,https://twitter.com/CarolDeToni/status/1615776442960297985
Carlos Arouche,@AroucheCarlos,https://twitter.com/AroucheCarlos/status/1616114833203818497,2023-01-19T16:46:16.000Z,"É verdade 😂, tá td mundo morrendo de fome",0,0,0,https://twitter.com/CarolDeToni/status/1615776442960297985
Vanila Pinto,@VanilaPinto,https://twitter.com/VanilaPinto/status/1616125510249070602,2023-01-19T17:28:42.000Z,"A Ministra ñ mentiu. Está corretíssimo o dado. Vc q é desinformada. Aliás, como todo patriotário.https://olheparaafome.com.br/wp-content/uploads/2022/06/Relatorio-II-VIGISAN-2022.pdf…",0,0,0,https://twitter.com/CarolDeToni/status/1615776442960297985
Sergio Consolin,@ConsolinSergio,https://twitter.com/ConsolinSergio/status/1616134491076022273,2023-01-19T18:04:23.000Z,essa senhora é alfabetizada ou tem o mesmo grau de instrução do chefe?,0,0,0,https://twitter.com/CarolDeToni/status/1615776442960297985
Live free or die,@Livefreordieskt,https://twitter.com/Livefreordieskt/status/1615874025196064770,2023-01-19T00:49:23.000Z,Inacreditável as coisas que estão acontecendo parece pesadelo,0,0,1,https://twitter.com/CarolDeToni/status/1615776442960297985
Carlos Fabricio Fabricio,@CarlosF88905807,https://twitter.com/CarlosF88905807/status/1616024086072725504,2023-01-19T10:45:41.000Z,Daqui a seis meses desse governo de corruptos vai ser isso mesmo 🤷🤷🤷🤷🤷,0,0,0,https://twitter.com/CarolDeToni/status/1615776442960297985
Betika Debochada,@betikadebochada,https://twitter.com/betikadebochada/status/1616039041270423556,2023-01-19T11:45:06.000Z,Vai trabalhar em prol do povo que você ganha mais!,0,0,0,https://twitter.com/CarolDeToni/status/1615776442960297985
Cleber Teleco,@TelecoCleber,https://twitter.com/TelecoCleber/status/1615869712759488514,2023-01-19T00:32:15.000Z,Essa coisa nunca falou nada que prestasse e continua falando merda,0,0,1,https://twitter.com/CarolDeToni/status/1615776442960297985
Saulo Silva,@SauloSi70012842,https://twitter.com/SauloSi70012842/status/1615893709001834496,2023-01-19T02:07:36.000Z,"Não duvido que em 18 dias pulou de 33 milhões para 120 milhões,  imagine daqui a 4 anos? Vamos ter mais gente passando fome do que a população.",0,0,1,https://twitter.com/CarolDeToni/status/1615776442960297985
Francisco Cardoso,@Muzambas,https://twitter.com/Muzambas/status/1616044920959283201,2023-01-19T12:08:28.000Z,Será que ela tá falando da fome de roubar? Pq eles estão na abstinência e deve ser uma fome e tanto.,0,0,1,https://twitter.com/CarolDeToni/status/1615776442960297985
Hipolita,@MariaHipolitaAS,https://twitter.com/MariaHipolitaAS/status/1616053105682173955,2023-01-19T12:40:59.000Z,¡Qué absurdo! En un país con tanta riqueza que tiene el privilegio de tener muchas cosechas de fruta y verduras durante un año y dice semejante falacia. ¡Cuántos traidores Hay!,0,0,1,https://twitter.com/CarolDeToni/status/1615776442960297985
Edson Amorim,@edsonamorim612,https://twitter.com/edsonamorim612/status/1616095443850502147,2023-01-19T15:29:14.000Z,"Na verdade!
Parece um calango;muda de côr a toda hora.
Quando está ruim pára ela se enfia no penhasco e quando melhora fica falando mentira.
Será que é bipolar não sei?",0,0,1,https://twitter.com/CarolDeToni/status/1615776442960297985
Wilna Conceição Guedes Vicente,@GuedesWilna,https://twitter.com/GuedesWilna/status/1615823528095543297,2023-01-18T21:28:44.000Z,"O país inteiro está passando fome? O que esta idiota quis dizer, que eu pesando 80 quilos estou passando fome?",0,0,1,https://twitter.com/CarolDeToni/status/1615776442960297985
ItamarResende,@resende_itamar,https://twitter.com/resende_itamar/status/1615854358498869250,2023-01-18T23:31:14.000Z,"kkkkkkk
Pior que deve ter gente que acredifa nisso!!",0,0,1,https://twitter.com/CarolDeToni/status/1615776442960297985
Éder Will,@EderWill77,https://twitter.com/EderWill77/status/1615861286004482048,2023-01-18T23:58:46.000Z,Marina Silva é uma Fake News,0,0,1,https://twitter.com/CarolDeToni/status/1615776442960297985
Marco Polo,@mpmarchese1955,https://twitter.com/mpmarchese1955/status/1615793029750849536,2023-01-18T19:27:32.000Z,Sabe ler?,0,0,3,https://twitter.com/CarolDeToni/status/1615776442960297985
Maria Do Carmo Traba Cerban,@DoCerban,https://twitter.com/DoCerban/status/1616009406227021825,2023-01-19T09:47:21.000Z,Vergonha,0,0,0,https://twitter.com/CarolDeToni/status/1615776442960297985
eleniceteixeira73@yahoo.com,eleniceteixeira73@yahoo.com,https://twitter.com/eleniceteixei19/status/1616041213513154561,2023-01-19T11:53:44.000Z,"E vai ser condenada por Faek news . Vão , tirar as redes sociais dela .",0,0,0,https://twitter.com/CarolDeToni/status/1615776442960297985
Henrique Nienow,@nienowhenrique2,https://twitter.com/nienowhenrique2/status/1616053332212338697,2023-01-19T12:41:53.000Z,Continua sendo um 💩,0,0,0,https://twitter.com/CarolDeToni/status/1615776442960297985
PauloBarbosa,@PAdriano,https://twitter.com/PAdriano/status/1616063698313052160,2023-01-19T13:23:05.000Z,https://uol.com.br/vivabem/noticias/redacao/2022/06/08/inseguranca-alimentar-33-milhoes-passam-fome-no-brasil-diz-pesquisa.htm…,0,0,0,https://twitter.com/CarolDeToni/status/1615776442960297985
Neyde Araujo,@NeydeAraujo3,https://twitter.com/NeydeAraujo3/status/1616068998143025152,2023-01-19T13:44:08.000Z,Você e sua fake,0,0,0,https://twitter.com/CarolDeToni/status/1615776442960297985
Neyde Araujo,@NeydeAraujo3,https://twitter.com/NeydeAraujo3/status/1616069070088175616,2023-01-19T13:44:26.000Z,Bla Bla Bla,0,0,0,https://twitter.com/CarolDeToni/status/1615776442960297985
Jane Nazaré Cunha,@JaneNazarCunha,https://twitter.com/JaneNazarCunha/status/1616069664362086401,2023-01-19T13:46:47.000Z,Na minha rua em cada 50 metros tem alguém pedindo comida …acho eu que a ministra subestimou o número …é mais,0,0,0,https://twitter.com/CarolDeToni/status/1615776442960297985
Jose Azzi,@JoseAzzi4,https://twitter.com/JoseAzzi4/status/1616086227882762244,2023-01-19T14:52:36.000Z,Provavelmente confusão mental?,0,0,0,https://twitter.com/CarolDeToni/status/1615776442960297985
Ivete Antonia,@Ivete70084213,https://twitter.com/Ivete70084213/status/1616099439256698880,2023-01-19T15:45:06.000Z,Só se ela que tá passando fome com essa voz de pálida falida,0,0,0,https://twitter.com/CarolDeToni/status/1615776442960297985
Pereira,@Pereira_Joca,https://twitter.com/Pereira_Joca/status/1616101098036817922,2023-01-19T15:51:42.000Z,"pq esta gente da direita merda aparece na minha tl?? pqp, @elonmusk, ve se me esquece",0,0,0,https://twitter.com/CarolDeToni/status/1615776442960297985
ricardo luz,@ricluz68,https://twitter.com/ricluz68/status/1615779376838189058,2023-01-18T18:33:17.000Z,Aprendeu com o chefe,0,0,0,https://twitter.com/CarolDeToni/status/1615776442960297985
SC Amorim,@chenia_amorim,https://twitter.com/chenia_amorim/status/1615799347416862721,2023-01-18T19:52:39.000Z,Será que ela se colocou na lista 🤔🤔🤔🤔🤔🤡🤡🤡🤡🤡🤡,0,0,0,https://twitter.com/CarolDeToni/status/1615776442960297985
Ronaldo de Almeida,@Ronaldo77004272,https://twitter.com/Ronaldo77004272/status/1615840533951176711,2023-01-18T22:36:18.000Z,Eu acredito pois afinal a Marina está pele e osso kkkk,0,0,0,https://twitter.com/CarolDeToni/status/1615776442960297985
Papagaio_Valente,@PapagaioValent,https://twitter.com/PapagaioValent/status/1615959162592296960,2023-01-19T06:27:42.000Z,Carol é mais uma viúva do Bozo kkk...,0,0,0,https://twitter.com/CarolDeToni/status/1615776442960297985
Márcia Regina Pariz,@ParizRegina,https://twitter.com/ParizRegina/status/1615880496608673793,2023-01-19T01:15:06.000Z,Tá gaga,0,0,0,https://twitter.com/CarolDeToni/status/1615776442960297985
Eduardo Joab,@EduardoJoab5,https://twitter.com/EduardoJoab5/status/1615898880671088640,2023-01-19T02:28:09.000Z,Fome e sede de justiça.,0,0,0,https://twitter.com/CarolDeToni/status/1615776442960297985
GEORZILA RICCI,@RICCIGEO,https://twitter.com/RICCIGEO/status/1615819464867446785,2023-01-18T21:12:35.000Z,Ela pode 🤣,0,0,0,https://twitter.com/CarolDeToni/status/1615776442960297985
jkbueno,@baraodovale1954,https://twitter.com/baraodovale1954/status/1615867088073117696,2023-01-19T00:21:49.000Z,"Como em 15 dias a Marina consegue criar 90 milhões de famintos. Está realmente é o lula de saia, O dilmo sempre se gabou de suas mentiras em fórum internacional, mas a Marina. Multiplicou por quatro a mentira do lula.kkk",0,0,1,https://twitter.com/CarolDeToni/status/1615776442960297985
Lúcia Coelho,@lumaconselheira,https://twitter.com/lumaconselheira/status/1615879023430713345,2023-01-19T01:09:15.000Z,Uma despreparada,0,0,0,https://twitter.com/CarolDeToni/status/1615776442960297985
