nome,usuario,idTweet,dataPublicacao,texto,replies,retweets,likes,tweetPai
emanuel andrade,@emanuelofandrad,https://twitter.com/emanuelofandrad/status/1615832456908636160,2023-01-18T22:04:13.000Z,Boa deputado,0,0,0,https://twitter.com/TrzeciakDaniel/status/1615745720832905216
Jasmi,@jasmi_98,https://twitter.com/jasmi_98/status/1617682436636413952,2023-01-24T00:35:22.000Z,e aí? não vai fazer nada para baixar o valor do pedágio RG/PEL??????,0,0,0,https://twitter.com/TrzeciakDaniel/status/1615745720832905216
Jasmi,@jasmi_98,https://twitter.com/jasmi_98/status/1617682475240804356,2023-01-24T00:35:31.000Z,e aí? não vai fazer nada para baixar o valor do pedágio RG/PEL???????,0,0,0,https://twitter.com/TrzeciakDaniel/status/1615745720832905216
Jasmi,@jasmi_98,https://twitter.com/jasmi_98/status/1617682525945745408,2023-01-24T00:35:43.000Z,e aí? não vai fazer nada para baixar o valor do pedágio RG/PEL?????????,0,0,0,https://twitter.com/TrzeciakDaniel/status/1615745720832905216
Kyna,@KynaT,https://twitter.com/KynaT/status/1615760809069785095,2023-01-18T17:19:30.000Z,plano de 100 dias para começar a sumir o dinheiro da duplicação,0,0,0,https://twitter.com/TrzeciakDaniel/status/1615745720832905216
Pérola Negra,@mooreirapamella,https://twitter.com/mooreirapamella/status/1615906246879739905,2023-01-19T02:57:25.000Z,Agora tenho certeza q obras vão voltar a ser prioridade pq temos um ministério comprometido em trabalhar,0,0,1,https://twitter.com/TrzeciakDaniel/status/1615745720832905216
Pitter Johnson,@PitterJohnson,https://twitter.com/PitterJohnson/status/1615825776875642887,2023-01-18T21:37:40.000Z,👏🏻,0,0,0,https://twitter.com/TrzeciakDaniel/status/1615745720832905216
Resistência sempre!!!,@Resistencia13RS,https://twitter.com/Resistencia13RS/status/1615818772543328256,2023-01-18T21:09:50.000Z,A democracia indo para o saco e você fazendo propaganda!kkkkkkk tá louco!,0,0,0,https://twitter.com/TrzeciakDaniel/status/1615745720832905216
Jasmi,@jasmi_98,https://twitter.com/jasmi_98/status/1617345075545272320,2023-01-23T02:14:49.000Z,e aí? não vai fazer nada para baixar o valor do pedágio RG/PEL????,0,0,0,https://twitter.com/TrzeciakDaniel/status/1615745720832905216
