nome,usuario,idTweet,dataPublicacao,texto,replies,retweets,likes,tweetPai
malu,@malukoehler,https://twitter.com/malukoehler/status/1620779120509714434,2023-02-01T13:40:29.000Z,😳Eles estão perdidos.. 🤭,0,0,0,https://twitter.com/cabojunioamaral/status/1615702635771838465
PATRIOTA,@mfbr58,https://twitter.com/mfbr58/status/1615713519768592386,2023-01-18T14:11:36.000Z,SE TEM UMA COISA QUE A ESQUERDA É ESPECIALISTA É  MENTIR OU DAR INFORMAÇÕES SEM QUALQUER FUNDAMENTO,1,2,10,https://twitter.com/cabojunioamaral/status/1615702635771838465
Mike 4°conta,@selvadobrasil,https://twitter.com/selvadobrasil/status/1615704643102998528,2023-01-18T13:36:19.000Z,Só sabem mentir roubar e manipular,0,0,1,https://twitter.com/cabojunioamaral/status/1615702635771838465
neto,@cerejaoneto,https://twitter.com/cerejaoneto/status/1615705089099939840,2023-01-18T13:38:06.000Z,"Primeiro ela diminuiu dez milhões de votos do Bolsonaro, agora ela coloca mais da metade da população passando fome.",0,0,1,https://twitter.com/cabojunioamaral/status/1615702635771838465
Kassia Vasconcelos,@KassiaVasconce1,https://twitter.com/KassiaVasconce1/status/1615857903545552897,2023-01-18T23:45:20.000Z,Ninguém contestou a fala dela??? Que preguiça deste povo. Afffff Sempre assim. E fico só pensando: não tem um com o Google para dar uma olhadinha???,0,0,1,https://twitter.com/cabojunioamaral/status/1615702635771838465
Guto,@jensenguto,https://twitter.com/jensenguto/status/1615735271869251586,2023-01-18T15:38:02.000Z,Onde estão os defensores de fake news??????? Ah esqueci a canhota pode tudo,0,0,2,https://twitter.com/cabojunioamaral/status/1615702635771838465
Coronel Rocha ∴,@coronelrochase,https://twitter.com/coronelrochase/status/1615705397309882369,2023-01-18T13:39:19.000Z,Essa é a vontade do desgoverno do ex-presidiário descondenado e da @MarinaSilva,0,1,11,https://twitter.com/cabojunioamaral/status/1615702635771838465
Marcelo Gonzaga Silva,@Marcelo04599897,https://twitter.com/Marcelo04599897/status/1616192295803682816,2023-01-19T21:54:05.000Z,Nem um na Venezuela.,0,0,0,https://twitter.com/cabojunioamaral/status/1615702635771838465
ZezinhoTretaBR,@ZezinhoTretaBR,https://twitter.com/ZezinhoTretaBR/status/1616065257109159937,2023-01-19T13:29:16.000Z,"Foi aqui que a equipe ministerial do Lula e principalmente a ""crentinha"" @MarinaSilva tiveram aulas de estatísticas após venderem a alma kkk",0,0,0,https://twitter.com/cabojunioamaral/status/1615702635771838465
Luka,@luka_marcia,https://twitter.com/luka_marcia/status/1616623954881384450,2023-01-21T02:29:20.000Z,Marinara está de volta fazendo seus minutos de fama.Usando das mesmas articulações e mentiras do seus companheiros.Ela podia pedir a ministra sem Cultura um pedacinho do bolo dos 10 bilhões pra matar a fome desse povo já que os famosos ruanet são milionários,0,0,0,https://twitter.com/cabojunioamaral/status/1615702635771838465
Andréia Weiss,@weiss_and,https://twitter.com/weiss_and/status/1616026950002446336,2023-01-19T10:57:03.000Z,Que a culpa é do 🐙.,0,0,0,https://twitter.com/cabojunioamaral/status/1615702635771838465
Felipe Alexandre,@FelipeA58260758,https://twitter.com/FelipeA58260758/status/1616042810997870593,2023-01-19T12:00:05.000Z,"No governo do Bolsonaro , segundo os canhotos , eram 33 milhões de pessoas com fome , em 19 dias do governo do molusco já quase quadruplicou , até o final do mês todos do Brasil passarão fome !",0,0,0,https://twitter.com/cabojunioamaral/status/1615702635771838465
Ailton Da Silva Ganzela Silva,@da_ganzela,https://twitter.com/da_ganzela/status/1616034661200797697,2023-01-19T11:27:42.000Z,"Segundo Marina Silva no meu país tem 120 milhões de pessoas passando fome e o governo dela ou seja o governo Lula investiu 1,5 bilhões na agricultura e 10 bilhões na lei rouanet faz o L",0,0,0,https://twitter.com/cabojunioamaral/status/1615702635771838465
SchutzAnd,@Schutz_Anderson,https://twitter.com/Schutz_Anderson/status/1615727786735312896,2023-01-18T15:08:17.000Z,"Dizem combater as FAKENEWS nas redes, calando pessoas, agora em Davos pode?",0,0,2,https://twitter.com/cabojunioamaral/status/1615702635771838465
Ivy Gaudio Logli,@ivygaudio5,https://twitter.com/ivygaudio5/status/1616120385031880724,2023-01-19T17:08:20.000Z,Ela precisa se aposentar... seu raciocinio anda lhe pregando peças 😨,0,0,0,https://twitter.com/cabojunioamaral/status/1615702635771838465
Emile Zola,@EmileZo85444700,https://twitter.com/EmileZo85444700/status/1615757606001180705,2023-01-18T17:06:47.000Z,Mentir é um quesito essencial para ser de esquerda?,0,0,1,https://twitter.com/cabojunioamaral/status/1615702635771838465
Saletinha,@SaleteIi,https://twitter.com/SaleteIi/status/1615769588234424320,2023-01-18T17:54:24.000Z,"Graças a Deus é desigual pq eu não gostaria nem um pouco, ser igual a ela!",1,0,0,https://twitter.com/cabojunioamaral/status/1615702635771838465
Mimimi,@blacknumb3r,https://twitter.com/blacknumb3r/status/1615703326259027968,2023-01-18T13:31:05.000Z,@BaixaEssaPorra,1,0,0,https://twitter.com/cabojunioamaral/status/1615702635771838465
CLEISE SANTANA,@CBS2419,https://twitter.com/CBS2419/status/1616085572271099906,2023-01-19T14:50:00.000Z,Arrombada! Tribufu,0,0,0,https://twitter.com/cabojunioamaral/status/1615702635771838465
Brasil,@sgtcarmo2015,https://twitter.com/sgtcarmo2015/status/1615720629470208002,2023-01-18T14:39:51.000Z,Marina falando essa bobagem e o Haddad estimulando o boicote a empresas com ideologias políticas diferentes da dele. Brasil deve estar sendo alvo de chacota em Davós.,0,0,1,https://twitter.com/cabojunioamaral/status/1615702635771838465
Paulosantos,@Paulosa17664325,https://twitter.com/Paulosa17664325/status/1615828977398030359,2023-01-18T21:50:23.000Z,Ele é especialista em mentiras e tem bons alunos que o Marina Silva,0,0,0,https://twitter.com/cabojunioamaral/status/1615702635771838465
Vanda_SEP São Miguel Arcanjo defendei-nos,@Vanda_SEP,https://twitter.com/Vanda_SEP/status/1615776288609812494,2023-01-18T18:21:01.000Z,Só posso dizer uma coisa....  Como mentem,0,0,0,https://twitter.com/cabojunioamaral/status/1615702635771838465
Guilherme barba,@gbarbaoficial,https://twitter.com/gbarbaoficial/status/1615749506062073858,2023-01-18T16:34:36.000Z,"Junio, na boa vc como deputado precisa oficiar está senhora para apresentar documentação que comprove tal informação e como sabemos que não tem, precisa solicitar via câmara de deputados imediatamente a destituição do cargo por desqualificação para a função.",0,0,0,https://twitter.com/cabojunioamaral/status/1615702635771838465
gente de mal,@gentedemal,https://twitter.com/gentedemal/status/1615790813417455627,2023-01-18T19:18:44.000Z,Para!!,0,0,0,https://twitter.com/cabojunioamaral/status/1615702635771838465
Dhomar,@Dhomar_,https://twitter.com/Dhomar_/status/1615718423094255621,2023-01-18T14:31:05.000Z,🤯lunatica 👽,0,0,0,https://twitter.com/cabojunioamaral/status/1615702635771838465
Wagner Santos,@WagnerS79330270,https://twitter.com/WagnerS79330270/status/1615743249427361793,2023-01-18T16:09:44.000Z,@STF_oficial pode isso?,0,0,0,https://twitter.com/cabojunioamaral/status/1615702635771838465
Zeca,@andiamomeno,https://twitter.com/andiamomeno/status/1615874282126548993,2023-01-19T00:50:25.000Z,Veja!,0,0,0,https://twitter.com/cabojunioamaral/status/1615702635771838465
rogeni,@Luiza67913806,https://twitter.com/Luiza67913806/status/1615991923554291714,2023-01-19T08:37:52.000Z,"Na campanha eleitoral repetiam exaustivamente 30 milhões e agora a Ministra faz a afirmação (desabafo/ denúncia) que o governo do qual ela faz parte da equipe, quadruplicou a fome no Brasil em poucos dias. Preocupante, Deputado. Vergonhoso.",0,0,0,https://twitter.com/cabojunioamaral/status/1615702635771838465
Sid Brazuka,@BrazukaSid,https://twitter.com/BrazukaSid/status/1615738243709902849,2023-01-18T15:49:50.000Z,"Kkkkkkkkkk,  o nível dos ministros do atual desgoverno,  desinformação em cima de desinformação, só Jesus na causa!",0,0,0,https://twitter.com/cabojunioamaral/status/1615702635771838465
Maria eunice,@mariaeunice262,https://twitter.com/mariaeunice262/status/1615720581168521217,2023-01-18T14:39:39.000Z,Vergonha para o povo evangelico,0,0,0,https://twitter.com/cabojunioamaral/status/1615702635771838465
Guto,@jensenguto,https://twitter.com/jensenguto/status/1615734108629368832,2023-01-18T15:33:25.000Z,Que sem vergonha essa senhora dizer uma mentira dessas.... vai ver esta é a meta dela de do larápio para os prox 4 anos....,0,0,0,https://twitter.com/cabojunioamaral/status/1615702635771838465
Larissa Willemann,@larawillemann,https://twitter.com/larawillemann/status/1615916788121837570,2023-01-19T03:39:19.000Z,🤣🤣🤣 Claro que ela tá contabilizando pessoal que vive de dieta!!!!,0,0,0,https://twitter.com/cabojunioamaral/status/1615702635771838465
Nelson_SPAN,@nelson_ansp,https://twitter.com/nelson_ansp/status/1615764947744571392,2023-01-18T17:35:57.000Z,De 33 pra 120 milhões de famintos no Brazil em 15 dias. Um recorde.,0,0,0,https://twitter.com/cabojunioamaral/status/1615702635771838465
Antonio Eloys Garcia,@EloysGarcia,https://twitter.com/EloysGarcia/status/1615804277414563843,2023-01-18T20:12:14.000Z,Só um cara sem noção para questionar a questão da fome no Brasil.,0,0,0,https://twitter.com/cabojunioamaral/status/1615702635771838465
Alejandro Salse,@Alesalse,https://twitter.com/Alesalse/status/1615721088574439427,2023-01-18T14:41:40.000Z,Tá chegando a hora do almoço?,0,0,0,https://twitter.com/cabojunioamaral/status/1615702635771838465
Cleonice,@Cleonic18309121,https://twitter.com/Cleonic18309121/status/1615737408019992579,2023-01-18T15:46:31.000Z,Digo que o pai da mentira é o diabo e que esses seus filhos se não se arrependerem vão morar com seu pai muito breve!”a soberba precede a ruína “- “Deus não se deixa escarnecer…”,0,0,0,https://twitter.com/cabojunioamaral/status/1615702635771838465
Aloy A V,@AloyAV2,https://twitter.com/AloyAV2/status/1615774353295032324,2023-01-18T18:13:20.000Z,"Essa gente mente que nem sente.
PQP! FAÇAM O L.
PRONTO!",0,0,0,https://twitter.com/cabojunioamaral/status/1615702635771838465
Alvaro Amaro de Azevedo,@amarode_a1,https://twitter.com/amarode_a1/status/1615740455458586627,2023-01-18T15:58:38.000Z,"Acho que ela se confundiu. 120 milhões não passam fome, tem sede. Sede de justiça.",0,1,2,https://twitter.com/cabojunioamaral/status/1615702635771838465
Carlos Márcio Soares dos Santos,@CarlosMrcioSoa1,https://twitter.com/CarlosMrcioSoa1/status/1615711730625028096,2023-01-18T14:04:29.000Z,"O Vagabundo gastou 75 milhões no cartão, até produtos eróticos foi gasto 😂😂😂😂😂😂.",0,0,0,https://twitter.com/cabojunioamaral/status/1615702635771838465
Priscila Caleffi,@CaleffiPriscila,https://twitter.com/CaleffiPriscila/status/1615703248052146177,2023-01-18T13:30:47.000Z,Cria do Mula,0,0,2,https://twitter.com/cabojunioamaral/status/1615702635771838465
"O PULSO, NÃO PULSA MAIS! GAME OVER!",@ALVAROBESSAQUE1,https://twitter.com/ALVAROBESSAQUE1/status/1615864257890877441,2023-01-19T00:10:35.000Z,REPTIL!,0,0,0,https://twitter.com/cabojunioamaral/status/1615702635771838465
Vânia Villar,@VniaVillar,https://twitter.com/VniaVillar/status/1615832314864443416,2023-01-18T22:03:39.000Z,Aprendeu com papai Luladrao molusco 🦑,0,0,0,https://twitter.com/cabojunioamaral/status/1615702635771838465
Lidiane Neves ramos,@Lidiane_Ramos11,https://twitter.com/Lidiane_Ramos11/status/1615832974821400593,2023-01-18T22:06:16.000Z,#PachecoNão #PachecoNao,0,0,0,https://twitter.com/cabojunioamaral/status/1615702635771838465
Maria Lucia Gambarini,@MariaLuciaGamb3,https://twitter.com/MariaLuciaGamb3/status/1615863486529286144,2023-01-19T00:07:31.000Z,Comi um pastel hoje. Então agora a noite sai da estatística da Marina!,0,0,0,https://twitter.com/cabojunioamaral/status/1615702635771838465
denisy nobrega,@denisy_nobrega,https://twitter.com/denisy_nobrega/status/1615951305859821568,2023-01-19T05:56:28.000Z,Será que a tartaruga tá querendo profetizar . Pq se este desgoverno continuar isto que acontecerá .,0,0,0,https://twitter.com/cabojunioamaral/status/1615702635771838465
Alexsandre,@AlexsandredeSo2,https://twitter.com/AlexsandredeSo2/status/1615871291981971457,2023-01-19T00:38:32.000Z,Fala irresponsável de senhora que me recuso a chama-la do cargo que ocupa. Vcs precisam sair do Twitter e cobrar desses bostas a verdade. Ela tem que ser responsabilizada por essa fake news.,0,0,0,https://twitter.com/cabojunioamaral/status/1615702635771838465
Ricardo Veiga,@Andreaveigaa,https://twitter.com/Andreaveigaa/status/1615871450459832320,2023-01-19T00:39:09.000Z,"Caraca, em 18 dias, esse desgoverno do Partido das Trevas, colocou 90 milhões de brasileiros na fome......Nas eleições eles falavam que 30 milhões de pessoas passavam fome.",0,0,0,https://twitter.com/cabojunioamaral/status/1615702635771838465
Marcelo Ribeiro,@Marcelo44751589,https://twitter.com/Marcelo44751589/status/1615829434313109504,2023-01-18T21:52:12.000Z,Sera?Acho que não,0,0,0,https://twitter.com/cabojunioamaral/status/1615702635771838465
CVA,@carssis1960,https://twitter.com/carssis1960/status/1615917851818213376,2023-01-19T03:43:32.000Z,Então é por isso que a Marina sempre foi tão esquelética!,0,0,0,https://twitter.com/cabojunioamaral/status/1615702635771838465
Tiago Vargas MS,@tiagovargasms,https://twitter.com/tiagovargasms/status/1615877218877440002,2023-01-19T01:02:05.000Z,120 milhões???? De qual Brasil 🇧🇷 ela está falando🤷🏻🤷🏻🤷🏻🤷🏻🤷🏻,0,0,0,https://twitter.com/cabojunioamaral/status/1615702635771838465
Paulo M,@DarcadiaPaulo,https://twitter.com/DarcadiaPaulo/status/1616006425079152640,2023-01-19T09:35:30.000Z,MG não tem um político em Brasília que  honre sua história. F A T O,0,0,0,https://twitter.com/cabojunioamaral/status/1615702635771838465
Justiça para quem precisa!,@JulioBPJunior,https://twitter.com/JulioBPJunior/status/1615896949068005376,2023-01-19T02:20:29.000Z,Ela é tão fina que o chuveiro da casa dela só tem um furo,0,0,0,https://twitter.com/cabojunioamaral/status/1615702635771838465
Lucyanne,@lucyannesouza,https://twitter.com/lucyannesouza/status/1615749765928476672,2023-01-18T16:35:38.000Z,"E outra , existe uma diferença entre passar necessidade e passar fome.",0,0,1,https://twitter.com/cabojunioamaral/status/1615702635771838465
Wellington,@Welling76587915,https://twitter.com/Welling76587915/status/1615710860390928391,2023-01-18T14:01:02.000Z,É a maior vergonha esses Ministros. Como podemos ser respeitados lá fora tendo gente desde nível!!!!,0,0,1,https://twitter.com/cabojunioamaral/status/1615702635771838465
Luiz Fernando,@LuizAlves1981,https://twitter.com/LuizAlves1981/status/1615704519291060224,2023-01-18T13:35:50.000Z,Essa é a equipe técnica do time dos menines🤷🏻‍♂️💩,0,0,1,https://twitter.com/cabojunioamaral/status/1615702635771838465
Pablo Schimieguel,@PSchimieguel,https://twitter.com/PSchimieguel/status/1616210628678410247,2023-01-19T23:06:56.000Z,Coerente a todos eleitores do Lula. Estão representados substancialmente.,0,0,0,https://twitter.com/cabojunioamaral/status/1615702635771838465
LUIZ DA MATTA,@HARASDIESEL,https://twitter.com/HARASDIESEL/status/1615728080961544195,2023-01-18T15:09:27.000Z,Tem que proibir essas pessoas de falar,0,0,1,https://twitter.com/cabojunioamaral/status/1615702635771838465
Zoraide,@ZPreviero,https://twitter.com/ZPreviero/status/1615831750130769956,2023-01-18T22:01:24.000Z,vc vai para o inverno evangélica mentido até lá fira foi comprada por milhões,0,0,0,https://twitter.com/cabojunioamaral/status/1615702635771838465
Coelho A,@artureconomista,https://twitter.com/artureconomista/status/1616061270553235457,2023-01-19T13:13:26.000Z,"Tão burra essa inferência, que nem vale o comentário...kkkkkk (procura no dicionário).",0,0,0,https://twitter.com/cabojunioamaral/status/1615702635771838465
Sonia,@Soniavelloso22,https://twitter.com/Soniavelloso22/status/1615833306846879744,2023-01-18T22:07:35.000Z,Digo que  o número está  aumentando rápido de mais. Em menos de um mês já  quadriplicou o número de famintos. Imagina até o final do ano?  E do mandato?,0,0,0,https://twitter.com/cabojunioamaral/status/1615702635771838465
,@vovopatria,https://twitter.com/vovopatria/status/1615793764567552004,2023-01-18T19:30:28.000Z,Corja maldita 🐀🐀🐀🐀🐀,0,0,0,https://twitter.com/cabojunioamaral/status/1615702635771838465
"Leco, o cão farejador",@leco_cao,https://twitter.com/leco_cao/status/1615796786819436548,2023-01-18T19:42:28.000Z,"A Marina falou bobagem, mas não satisfeito, veio vc pra ganhar dela!! Parabéns Sr estatístico",0,0,0,https://twitter.com/cabojunioamaral/status/1615702635771838465
viajante,@5olho,https://twitter.com/5olho/status/1615709502682046464,2023-01-18T13:55:38.000Z,Nosso seu planeta et de varginha,0,0,0,https://twitter.com/cabojunioamaral/status/1615702635771838465
Sandra Marques,@SandraM15814283,https://twitter.com/SandraM15814283/status/1615731363294089218,2023-01-18T15:22:30.000Z,Lamentável essa equipe do desgoverno.,0,0,0,https://twitter.com/cabojunioamaral/status/1615702635771838465
arygomes,@arygomesoficial,https://twitter.com/arygomesoficial/status/1615710853696999426,2023-01-18T14:01:00.000Z,Isso é uma previsão futura pra esse novo governo,0,0,0,https://twitter.com/cabojunioamaral/status/1615702635771838465
Maria Guiomar Paulino Barreto,@PaulinoGuiomar,https://twitter.com/PaulinoGuiomar/status/1615763667412189184,2023-01-18T17:30:52.000Z,Isso aí é uma barganha sem tamanho 🤡👺🤮,0,0,0,https://twitter.com/cabojunioamaral/status/1615702635771838465
B4DNewS,@_b4dnews_,https://twitter.com/_b4dnews_/status/1615782556464721920,2023-01-18T18:45:55.000Z,O Bolsonaro deixou 33milhoes de famintos então Em 17 dias o Barba conseguiu a façanha de deixar 90 milhões a mais de famintos 😱,0,0,0,https://twitter.com/cabojunioamaral/status/1615702635771838465
Formiguinha,@aline_michels,https://twitter.com/aline_michels/status/1615715921217085443,2023-01-18T14:21:08.000Z,Na minha casa metade das pessoas estão de dieta... então até que faz sentido.,0,0,0,https://twitter.com/cabojunioamaral/status/1615702635771838465
Lucyanne,@lucyannesouza,https://twitter.com/lucyannesouza/status/1615749585640755200,2023-01-18T16:34:55.000Z,Tá doida!,0,0,0,https://twitter.com/cabojunioamaral/status/1615702635771838465
Indignada,@AneuzaV,https://twitter.com/AneuzaV/status/1615729787074662402,2023-01-18T15:16:14.000Z,"Olhando para ela e ouvindo-a falar, para quem não conhece o Brasil e o atual desgoverno,dá para acreditar mesmo no que ela diz.",0,0,0,https://twitter.com/cabojunioamaral/status/1615702635771838465
Paulo,@PauloCremo,https://twitter.com/PauloCremo/status/1615749358649237505,2023-01-18T16:34:00.000Z,"Avisem ela que isso só vai acontecer, em meados de 2023, por conta do atual governo!",0,0,0,https://twitter.com/cabojunioamaral/status/1615702635771838465
LUIZ DA MATTA,@HARASDIESEL,https://twitter.com/HARASDIESEL/status/1615727852447727621,2023-01-18T15:08:33.000Z,Como pode deixar uma pessoa dessa falar. Isso sim é  um atentado a mais ínfima inteligência,0,0,0,https://twitter.com/cabojunioamaral/status/1615702635771838465
Gilberto Bolsonaro,@gilbertofs27,https://twitter.com/gilbertofs27/status/1615807762855825423,2023-01-18T20:26:05.000Z,"Parece que a ministra Marina Silva aprendeu a lição de casa direitinho, é brincadeira.",0,0,0,https://twitter.com/cabojunioamaral/status/1615702635771838465
Normal 22,@WagnerR36926180,https://twitter.com/WagnerR36926180/status/1615732161935548416,2023-01-18T15:25:40.000Z,Modus operandi q se diz?,0,0,0,https://twitter.com/cabojunioamaral/status/1615702635771838465
Jair Junior,@juniorbernacki,https://twitter.com/juniorbernacki/status/1615725519491702784,2023-01-18T14:59:17.000Z,Está fora de órbita já tem muito tempo!!!,0,0,0,https://twitter.com/cabojunioamaral/status/1615702635771838465
patricia montenegro,@pmontenegro63,https://twitter.com/pmontenegro63/status/1615727883007459328,2023-01-18T15:08:40.000Z,Vírus 🦑… mitômano,0,0,0,https://twitter.com/cabojunioamaral/status/1615702635771838465
Jaqueline 2023,@2023jaq,https://twitter.com/2023jaq/status/1615792483035652096,2023-01-18T19:25:22.000Z,Incompetência,0,0,0,https://twitter.com/cabojunioamaral/status/1615702635771838465
Elucubrador Pesporrente,@Roberto71265386,https://twitter.com/Roberto71265386/status/1615728862242947073,2023-01-18T15:12:34.000Z,Não errou. É uma previsão.,0,0,0,https://twitter.com/cabojunioamaral/status/1615702635771838465
Valeria do Vale Silvano Silvano,@vale_silvano,https://twitter.com/vale_silvano/status/1615757670404718595,2023-01-18T17:07:02.000Z,Para mim nenhuma novidade.,0,0,0,https://twitter.com/cabojunioamaral/status/1615702635771838465
viviane alves,@viviane25947902,https://twitter.com/viviane25947902/status/1615923358796845056,2023-01-19T04:05:25.000Z,Um absurdo,0,0,0,https://twitter.com/cabojunioamaral/status/1615702635771838465
Sônia Prezzotto,@soniaprezzotto,https://twitter.com/soniaprezzotto/status/1615839916423880705,2023-01-18T22:33:51.000Z,Doida!!,0,0,0,https://twitter.com/cabojunioamaral/status/1615702635771838465
Simone Fael,@simone_fael,https://twitter.com/simone_fael/status/1615826931450085376,2023-01-18T21:42:15.000Z,Que é irmã grande mentira,0,0,0,https://twitter.com/cabojunioamaral/status/1615702635771838465
abigail gonçalves,@tiabiga,https://twitter.com/tiabiga/status/1615741932449284101,2023-01-18T16:04:30.000Z,"Vai chutar assim nos infernos viu????
Segue o jogo...Deus é o juiz!",0,0,0,https://twitter.com/cabojunioamaral/status/1615702635771838465
Ataulfo Batista,@AtaulfoBatista,https://twitter.com/AtaulfoBatista/status/1616075450798702592,2023-01-19T14:09:47.000Z,O Prof. Da Marina Silva !  120 milhões de pessoa que passam fome no Brasil!!🤣,0,0,0,https://twitter.com/cabojunioamaral/status/1615702635771838465
Sandra Sancler,@SandraSancler1,https://twitter.com/SandraSancler1/status/1615806452484177920,2023-01-18T20:20:53.000Z,🤮,0,0,0,https://twitter.com/cabojunioamaral/status/1615702635771838465
Walber Vieira,@WalberVieira5,https://twitter.com/WalberVieira5/status/1616023813484945408,2023-01-19T10:44:36.000Z,O Poste fala merda e aí vem a outra e fala bosta,0,0,0,https://twitter.com/cabojunioamaral/status/1615702635771838465
M.A.,@malexgi,https://twitter.com/malexgi/status/1615714691065552900,2023-01-18T14:16:15.000Z,Et minha casa,0,0,0,https://twitter.com/cabojunioamaral/status/1615702635771838465
carme nascimento,@carmenasciment3,https://twitter.com/carmenasciment3/status/1615757970234609664,2023-01-18T17:08:14.000Z,"Aprendeu direitinho a mentir com o patrão dela, misericórdia que vergonha 😞😞.",0,0,0,https://twitter.com/cabojunioamaral/status/1615702635771838465
Vovó VIRTUAL grupo BB22,@arianesp,https://twitter.com/arianesp/status/1615921413206204417,2023-01-19T03:57:41.000Z,Maldita mentirosa,0,0,0,https://twitter.com/cabojunioamaral/status/1615702635771838465
Mara Paulucci,@MaraPaulucci1,https://twitter.com/MaraPaulucci1/status/1615764861513760806,2023-01-18T17:35:37.000Z,Santa idiotice! Afff,0,0,0,https://twitter.com/cabojunioamaral/status/1615702635771838465
NaniOkada,@NaniOkada,https://twitter.com/NaniOkada/status/1615778548756905992,2023-01-18T18:30:00.000Z,Cadê a @GloboNews @NatuzaNery @DanielaLima_ @CNNBrasil pra responder quem mesmo faz Fake News???,0,0,0,https://twitter.com/cabojunioamaral/status/1615702635771838465
Simone Kurotusche,@kurotusche,https://twitter.com/kurotusche/status/1615838590512295937,2023-01-18T22:28:35.000Z,"Está no DNA da esquerda! Mentir é regra! Para eles, tão natural como respirar!",0,0,0,https://twitter.com/cabojunioamaral/status/1615702635771838465
Ester maria Silva almeida,@EstermariaSilv7,https://twitter.com/EstermariaSilv7/status/1615742145243107332,2023-01-18T16:05:21.000Z,Mentirosos,0,0,0,https://twitter.com/cabojunioamaral/status/1615702635771838465
SIDNEY,@Sidfire123,https://twitter.com/Sidfire123/status/1616234050607349763,2023-01-20T00:40:00.000Z,Essa Muié mentirosa e disse que é crente...,0,0,0,https://twitter.com/cabojunioamaral/status/1615702635771838465
Remilson Nery Diniz,@remilson_diniz,https://twitter.com/remilson_diniz/status/1615719503366610944,2023-01-18T14:35:22.000Z,Essa múmia falante só falar M.,0,0,0,https://twitter.com/cabojunioamaral/status/1615702635771838465
Ismael Sbardelotto,@IsmaSbarde,https://twitter.com/IsmaSbarde/status/1615852368704294912,2023-01-18T23:23:20.000Z,Mentirosa escrota!,0,0,0,https://twitter.com/cabojunioamaral/status/1615702635771838465
Marcio Rodrigo Ferreira,@mrferreiratimao,https://twitter.com/mrferreiratimao/status/1615891980491587584,2023-01-19T02:00:44.000Z,Ela só está prevendo o futuro se esses vagabundos continuarem no poder,0,0,0,https://twitter.com/cabojunioamaral/status/1615702635771838465
Marcelo Samuel,@Marcelo51685730,https://twitter.com/Marcelo51685730/status/1615706261722480644,2023-01-18T13:42:45.000Z,"Essa ANTA precisa para de abrir a boca, só sai MERDA, pelo menos no meu Estado, na minha Cidade e no meu Bairro esta estatística está ERRADA.",0,0,0,https://twitter.com/cabojunioamaral/status/1615702635771838465
Davi L C Oliveira,@Davi_Oliveira08,https://twitter.com/Davi_Oliveira08/status/1615703649509941251,2023-01-18T13:32:23.000Z,Uma veia pilantra dessa... mais os jumentos queriam era isso.,0,0,0,https://twitter.com/cabojunioamaral/status/1615702635771838465
Antonio Rogerio,@AntonioReis28,https://twitter.com/AntonioReis28/status/1616850938114842624,2023-01-21T17:31:17.000Z,Meu Deus! Como esses esquerdistas são mentirosos,0,0,0,https://twitter.com/cabojunioamaral/status/1615702635771838465
Felipe Jansen,@FELIPEJANSEN7,https://twitter.com/FELIPEJANSEN7/status/1615823747625222147,2023-01-18T21:29:36.000Z,Canalha essa ministra!,0,0,0,https://twitter.com/cabojunioamaral/status/1615702635771838465
Juliana Lima,@Juero2011,https://twitter.com/Juero2011/status/1616236606167318528,2023-01-20T00:50:09.000Z,"Significa que o Brasil está entregue pra um bando de espertalhões, bandidos, loucos e como se não bastasse burros.....",0,0,0,https://twitter.com/cabojunioamaral/status/1615702635771838465
De Paula,@DePaula28792166,https://twitter.com/DePaula28792166/status/1616481977078513665,2023-01-20T17:05:10.000Z,Idiotas,0,0,0,https://twitter.com/cabojunioamaral/status/1615702635771838465
Josnei Penteado,@JosneiPenteado,https://twitter.com/JosneiPenteado/status/1615774751296819200,2023-01-18T18:14:55.000Z,"A tartaruga estava em estimação, agora voltou Lara se reproduzir com os jumentos, agora vai dar cria de um trtalulamento!!!!",0,0,0,https://twitter.com/cabojunioamaral/status/1615702635771838465
Carlos Márcio Soares dos Santos,@CarlosMrcioSoa1,https://twitter.com/CarlosMrcioSoa1/status/1615711427863498752,2023-01-18T14:03:17.000Z,"É muito mau caratismo desta corja Bolsonarista, aceita que dói menos acabou.",0,0,0,https://twitter.com/cabojunioamaral/status/1615702635771838465
Jams22,@Jams2219,https://twitter.com/Jams2219/status/1615916516347633665,2023-01-19T03:38:14.000Z,Ela sempre quis superar o Lula . Até nas mentiras .,0,0,0,https://twitter.com/cabojunioamaral/status/1615702635771838465
Anderson de Melo,@aandersondemelo,https://twitter.com/aandersondemelo/status/1615707202920103936,2023-01-18T13:46:30.000Z,Fake news do bem,0,0,0,https://twitter.com/cabojunioamaral/status/1615702635771838465
Carlos Alberto Ferreira,@Carlos32841880,https://twitter.com/Carlos32841880/status/1615872312942923777,2023-01-19T00:42:35.000Z,"Essa turma têm a ""mentira"" como doutrina. É coisa de satanás. E essa sujeita se diz evangélica.",0,0,1,https://twitter.com/cabojunioamaral/status/1615702635771838465
AlessandroAdvogado,@AleDeCanoas,https://twitter.com/AleDeCanoas/status/1615896022445879298,2023-01-19T02:16:48.000Z,Tudo verdade. Ela está denunciando que no governo lula a fome no país saltou para 120 milhões. Já no governo Bolsonaro era 33 milhões.,0,0,0,https://twitter.com/cabojunioamaral/status/1615702635771838465
Paulo_de_Melo,@PaulodeMelo_PE,https://twitter.com/PaulodeMelo_PE/status/1615704254936760320,2023-01-18T13:34:47.000Z,Vai caçar um marido,0,0,0,https://twitter.com/cabojunioamaral/status/1615702635771838465
@socrates,@socrates,https://twitter.com/soccrates12345/status/1615714086242734083,2023-01-18T14:13:51.000Z,MENTIROSO VOCÊ.,0,0,0,https://twitter.com/cabojunioamaral/status/1615702635771838465
Tiago S,@TiagoCSacco,https://twitter.com/TiagoCSacco/status/1616000432618500101,2023-01-19T09:11:41.000Z,É uma creatina assim como seu cafetão que se diz presidente.,0,0,0,https://twitter.com/cabojunioamaral/status/1615702635771838465
A”LEI”XANDRE,@SextoPerfil,https://twitter.com/SextoPerfil/status/1615715601556684803,2023-01-18T14:19:52.000Z,Comunistas só sabem mentir e roubar #FORALULADRÃO,0,0,0,https://twitter.com/cabojunioamaral/status/1615702635771838465
VandSilva,@Vanderl63020755,https://twitter.com/Vanderl63020755/status/1615890261946540033,2023-01-19T01:53:54.000Z,Isso é  feio Marina.,0,0,0,https://twitter.com/cabojunioamaral/status/1615702635771838465
Shalimar Carvalho,@ShalimarCarval1,https://twitter.com/ShalimarCarval1/status/1615815933502660628,2023-01-18T20:58:33.000Z,Vovó do Dino. Vai ser burra assim.....🐴🐴🐴🐴🐴🐴🐴🐴🐴,0,0,0,https://twitter.com/cabojunioamaral/status/1615702635771838465
Carlos Augusto,@bingaby,https://twitter.com/bingaby/status/1615720049020473345,2023-01-18T14:37:32.000Z,"Era 33M só foi lula ganhar que subiu pra 120 milhões 
Papai do céu no controle",0,0,0,https://twitter.com/cabojunioamaral/status/1615702635771838465
Alessandro Palmeiras HENDECACAMPEÃO,@AlePalmeiras22,https://twitter.com/AlePalmeiras22/status/1615703567603585025,2023-01-18T13:32:03.000Z,Vag4bundos mesmo. Tá loko.,0,0,0,https://twitter.com/cabojunioamaral/status/1615702635771838465
Maria Terezinha,@MariaTe83717765,https://twitter.com/MariaTe83717765/status/1616092022800015360,2023-01-19T15:15:38.000Z,Marina propaga fake new a nível internacional!!!🤮🤮🤮,0,0,0,https://twitter.com/cabojunioamaral/status/1615702635771838465
cassia pessanha,@cassiapessanha5,https://twitter.com/cassiapessanha5/status/1615823146732621824,2023-01-18T21:27:13.000Z,IdiotaIgnorante,0,0,0,https://twitter.com/cabojunioamaral/status/1615702635771838465
Sônia Prezzotto,@soniaprezzotto,https://twitter.com/soniaprezzotto/status/1615839799541129216,2023-01-18T22:33:23.000Z,Que idiota! Analfabeta Funcional!,0,0,0,https://twitter.com/cabojunioamaral/status/1615702635771838465
Chico,@quemchutoubusca,https://twitter.com/quemchutoubusca/status/1615707810800582657,2023-01-18T13:48:55.000Z,@ddl_vid1,1,0,0,https://twitter.com/cabojunioamaral/status/1615702635771838465
Goes Mascarenhas,@GoesMascarenhas,https://twitter.com/GoesMascarenhas/status/1615739389551804416,2023-01-18T15:54:24.000Z,😅😅😅😅😅,0,0,0,https://twitter.com/cabojunioamaral/status/1615702635771838465
Rafael Lima,@RafaelOranoslob,https://twitter.com/RafaelOranoslob/status/1615923939506626560,2023-01-19T04:07:44.000Z,ELA MESMO SE QUEIMA AO SE UNIR A PARTIDO CORRUPTO. VAMOS RELEMBRAR 2018! 🤦‍♂️👇,0,0,0,https://twitter.com/cabojunioamaral/status/1615702635771838465
Fabio Lopes,@Fabio_lopez29,https://twitter.com/Fabio_lopez29/status/1615780673192607766,2023-01-18T18:38:26.000Z,"Se falassem que eram 10 pessoas passando fome, os Bolsominions iam questionar do mesmo jeito, acham q por não ter pessoas esqueléticas nas ruas, não existe fome no Brasil. Lembrando que existe fome endêmica e epidêmica no país, que o diga índios Yanomami.",0,0,0,https://twitter.com/cabojunioamaral/status/1615702635771838465
R.B,@BingRosane,https://twitter.com/BingRosane/status/1615745938256953344,2023-01-18T16:20:25.000Z,Coloca legenda em inglês e posta lá.,0,0,0,https://twitter.com/cabojunioamaral/status/1615702635771838465
