nome,usuario,idTweet,dataPublicacao,texto,replies,retweets,likes,tweetPai
𝑳𝒆́𝒐 𝑽𝒊𝒍𝒉𝒆𝒏𝒂,@LeoVilhenaReal,https://twitter.com/LeoVilhenaReal/status/1616371915115073541,2023-01-20T09:47:49.000Z,"Sinceramente Deputada, eu acho constrangedor e desnecessário' ter que vir a público explicar o que a senhora faz durante as suas férias.

Mas a senhora tem que posicionar-se, são ""ossos do ofício"" e torna-se um esclarecimento necessário para sepultar narrativas. 

Teu amigo🤜🤛",2,2,8,https://twitter.com/Biakicis/status/1616219709841756160
Lopes Silva,@anlosito,https://twitter.com/anlosito/status/1616241907029479424,2023-01-20T01:11:13.000Z,"E a vida dos que nascem e não tem comida, abrigo, morrem de fome e quando sobrevivem tem um sub emprego ou se viram no crime, o que você faz?",3,0,14,https://twitter.com/Biakicis/status/1616219709841756160
Marcos Carmelo,@CarmeloFloreal,https://twitter.com/CarmeloFloreal/status/1616245856679923712,2023-01-20T01:26:55.000Z,"Não sou de criticar e nem mandar fogo amigo mas o que vejo hoje é que você, Zambelli e tantos outros são iguais a cachorro pequeno, só faz barulho mas na hora do enfrentamento corre.",4,3,22,https://twitter.com/Biakicis/status/1616219709841756160
Fernando (Kabulozo),@Kabulozocensura,https://twitter.com/Kabulozocensura/status/1616378221620232193,2023-01-20T10:12:53.000Z,"Blz...
Foram os americanos que te elegeu , né?🤡",2,0,33,https://twitter.com/Biakicis/status/1616219709841756160
Claudia Mara,@ClaudiaFadia,https://twitter.com/ClaudiaFadia/status/1616272102960828417,2023-01-20T03:11:12.000Z,"Cadê a defesa dos brasileiros com fome, sem vacina, deixaram crianças morrerem de Covid, achando que estão abafando no exterior. O mundo já sabe como foi este governo",1,2,13,https://twitter.com/Biakicis/status/1616219709841756160
Supremo é o Povo!,@tyfhar,https://twitter.com/tyfhar/status/1616513712386637826,2023-01-20T19:11:17.000Z,"Muito legal, mas acho que a senhora tem muito trabalho na câmara pra fazer.",2,2,7,https://twitter.com/Biakicis/status/1616219709841756160
Noela66,@Noela66,https://twitter.com/Noela66/status/1616754798279155720,2023-01-21T11:09:16.000Z,"Blá blá blá! É só o q sabem fazer. O @GayerGus fez mais q vcs em poucos dias. A eleição para PR do senado não é daqui a uns 10 dias? O povo q lutou pela liberdade continua preso? O carniç4 não está desmontando tudo q @jairbolsonaro fez? Então tá. Boa viagem, minha senhora. 🤬",1,0,3,https://twitter.com/Biakicis/status/1616219709841756160
Maysa,@Myocz,https://twitter.com/Myocz/status/1616468791013015553,2023-01-20T16:12:46.000Z,"Deputados nem deveriam ter férias.

Enquanto isso brasileiros estão presos e o que a sra está fazendo por eles?",3,1,5,https://twitter.com/Biakicis/status/1616219709841756160
Sandra D'Agostini,@SandraDAgosti12,https://twitter.com/SandraDAgosti12/status/1616268892413779969,2023-01-20T02:58:27.000Z,Parabéns Bia. Marcha pela vida é crucial nesse momento!,2,0,0,https://twitter.com/Biakicis/status/1616219709841756160
Fantasma do Olavo,@OlavoFantasma,https://twitter.com/OlavoFantasma/status/1616450389641134081,2023-01-20T14:59:39.000Z,"Nada como uma viagem de férias para os EUA com o dinheiro do povo, né?",0,0,3,https://twitter.com/Biakicis/status/1616219709841756160
AdelsonFezoL,@adelson_yawi,https://twitter.com/adelson_yawi/status/1616246221546340353,2023-01-20T01:28:22.000Z,A extrema direita carrega pensamentos da Idade Média! Deuses!!!,1,0,3,https://twitter.com/Biakicis/status/1616219709841756160
Luis Henrique Bianchi,@luishbianchi,https://twitter.com/luishbianchi/status/1616232058745126912,2023-01-20T00:32:05.000Z,Pois é...,2,2,14,https://twitter.com/Biakicis/status/1616219709841756160
Vanessa Cunha,@Vanessa19720102,https://twitter.com/Vanessa19720102/status/1616220874713010184,2023-01-19T23:47:39.000Z,"Muito fofo essa direita🥰.Enquanto isso pessoas inocentes seguem presas em Brasília,  como vcs conseguem dormir meu DEUS!!!",17,3,51,https://twitter.com/Biakicis/status/1616219709841756160
Saida pela Direita,@canhotadireita,https://twitter.com/canhotadireita/status/1616252961084305412,2023-01-20T01:55:09.000Z,"Bia acorda senão irá pro esquecimento como os demais distraídos da direita,a luta contra o aborto é urgente e legitima, mas temos um país descendo ladeira abaixo portanto sua manifestação de apoio para poderia tranquilamente ter sido feita via conferência virtualmente🤡🤡",0,0,0,https://twitter.com/Biakicis/status/1616219709841756160
Saida pela Direita,@canhotadireita,https://twitter.com/canhotadireita/status/1616253964730732544,2023-01-20T01:59:08.000Z,"Independente de vc estar de férias,isso não há isenta de tomar posições e combater a possível reeleição do Pacheco,cobrar do nosso judiciário o direito de ampla defesa dos presos ilegalmente,e estar aqui no seu país nesse momento,não esqueça quem paga suas férias somos nós",0,0,0,https://twitter.com/Biakicis/status/1616219709841756160
Demian Salazar*,@demiansalazar02,https://twitter.com/demiansalazar02/status/1616238316017401856,2023-01-20T00:56:57.000Z,"As mulheres que morrem em partos de Risco, é de boa.
Crianças morrendo por falta de recursos do pais ou as vezes só da mãe, é de boa.
Bebês abandonados em lixeiras, de boa também.
A Hipocrisia dos ""Pró-Vida"" é uma das maiores que já vi...",7,1,26,https://twitter.com/Biakicis/status/1616219709841756160
Carlos Olivier,@Carlos_Olivier,https://twitter.com/Carlos_Olivier/status/1616222258518712320,2023-01-19T23:53:09.000Z,"Ah tadinha, tá de férias, enquanto isso centenas de inocentes, muitos eleitores seus, inclusive, estão de férias forçadas, presos no Lulag.",3,1,28,https://twitter.com/Biakicis/status/1616219709841756160
Eduardo K.,@kelner_eduardo,https://twitter.com/kelner_eduardo/status/1616240409750953985,2023-01-20T01:05:16.000Z,"Os brasileiros patriotas presos em Brasília, tratados como criminosos sem o direito de se defender ,também são indefesos. Eles deveriam concentrar a energia de todos os parlamentares, que prezam os direitos humanos e a justiça.",0,1,2,https://twitter.com/Biakicis/status/1616219709841756160
Creitu,@SaturnoCleiton,https://twitter.com/SaturnoCleiton/status/1616457896908169216,2023-01-20T15:29:29.000Z,A senhora defende proibição absoluta do aborto? Mesmo em casos de estupro e risco de morte para a mãe?,1,0,1,https://twitter.com/Biakicis/status/1616219709841756160
DiDemari,@DioneDemari,https://twitter.com/DioneDemari/status/1616382202266243073,2023-01-20T10:28:42.000Z,"Parabéns, deputada! Ajude o mundo nessa dura luta de humanizar os homens, hoje tão vazios de empatia e solidariedade. O aborto é mais uma porta de destruição da humanidade.",0,0,0,https://twitter.com/Biakicis/status/1616219709841756160
Obsessão por democracia,@abr26944522,https://twitter.com/abr26944522/status/1616221744016281600,2023-01-19T23:51:06.000Z,"Jura que não tem um centavo público nessa micareta fascista aí ?? Mostra aí então , mostra para todo mundo que você é uma pessoa ""honesta"".",2,0,10,https://twitter.com/Biakicis/status/1616219709841756160
Anúbis,@Rolim1958,https://twitter.com/Rolim1958/status/1616229470545010690,2023-01-20T00:21:48.000Z,"A senhora esta sendo omissa, votação para o senado e a senhora quer viajar?",0,0,5,https://twitter.com/Biakicis/status/1616219709841756160
Blibagus,@SOUZAJC68,https://twitter.com/SOUZAJC68/status/1616438813647142913,2023-01-20T14:13:39.000Z,"O Estado brasileiro é uma mãe para a classe politica! Enquanto milhares de brasileiros passam dificuldades por aqui, muitas vezes sem recursos para o básico. Vocês parlamentares gastam o dinheiro publico desta forma? Hipocrisia total. Fazer gracinha com dinheiro alheio é fácil!",1,0,4,https://twitter.com/Biakicis/status/1616219709841756160
Kauã,@Kauangbt,https://twitter.com/Kauangbt/status/1616243529856045056,2023-01-20T01:17:40.000Z,“Sem um centavo público”! Ué suas férias não são remuneradas? Acha pouco quanto um deputado ganha por mês? Conte-me sobre isso. 😅,2,1,9,https://twitter.com/Biakicis/status/1616219709841756160
Carla Justino,@Carla44886931,https://twitter.com/Carla44886931/status/1616496118434603008,2023-01-20T18:01:22.000Z,"Tem pessoas inocentes presas, precisando de kits de higiene, eleição do Senado e Deputado as portas, e acho, só acho que férias poderão ser tiradas ano que vem, o momento é especial demais.",1,2,4,https://twitter.com/Biakicis/status/1616219709841756160
Silvana,@Maktub1619,https://twitter.com/Maktub1619/status/1616220410277773314,2023-01-19T23:45:48.000Z,Blá Blá  bla. Cadê vocês aqui pra protocolar uma ação por estelionato eleitoral do Lule. Cadê vocês aqui pra impedir o revogaço? Cadê vocês???,4,1,17,https://twitter.com/Biakicis/status/1616219709841756160
Geisa A Just,@JustGeisa,https://twitter.com/JustGeisa/status/1616524347807600641,2023-01-20T19:53:32.000Z,Eh pq não tem eleições do Congresso em 10 dias ne ?? Vcs não tem nada pra fazer aqui mesmo .. 😓,0,0,4,https://twitter.com/Biakicis/status/1616219709841756160
ana_tdr,@lucia_imbernon,https://twitter.com/lucia_imbernon/status/1616626971827474432,2023-01-21T02:41:20.000Z,"Olha, não é por nada não, mas vocês tem mais é que se mexer mesmo pq o povo já está lascado e o pessoal que está no poder quer o couro de VOCÊS, políticos, que são os inimigos e sabemos o que eles fazem com os inimigos, né? Agora é questão da  sobrevivência de VOCÊS.",0,0,1,https://twitter.com/Biakicis/status/1616219709841756160
Jcm Medina,@JcmMedina1,https://twitter.com/JcmMedina1/status/1616543067183665152,2023-01-20T21:07:55.000Z,A minha impressão é que o Gustavo Gayer já fez mais em um mês ( e nem assumiu ainda) do que 4 anos dos deputados conservadores .,0,0,2,https://twitter.com/Biakicis/status/1616219709841756160
Clovis Sobrinho,@clovisacs,https://twitter.com/clovisacs/status/1616249153134157829,2023-01-20T01:40:01.000Z,"Vamos convidar a CNBB, será que eles irão participar?
Degradação do ser humano aceitar crime contra criança inocente.
Apoio esse movimento se posicionando.
Só esperamos não haver reação contrária.",0,0,0,https://twitter.com/Biakicis/status/1616219709841756160
Gilcelio Di Renna,@DiGilcelio,https://twitter.com/DiGilcelio/status/1616550283114434562,2023-01-20T21:36:36.000Z,"Parabéns. E espero. Coisa que o ex não fez. Não posso nem dizer que ele estourou o cartão corporativo , pq é ilimitado .",2,0,0,https://twitter.com/Biakicis/status/1616219709841756160
∆™,@enailujribeiro,https://twitter.com/enailujribeiro/status/1616236853849427969,2023-01-20T00:51:08.000Z,👏👏👏👏💕💕💕,0,0,0,https://twitter.com/Biakicis/status/1616219709841756160
Grazi,@FtGraziela,https://twitter.com/FtGraziela/status/1616602621296476162,2023-01-21T01:04:34.000Z,Whatever mas pra mim o mais importante é parlamentar estar aqui ajudando de qq forma os patriotas presos pela ditadura da esquerda,1,1,5,https://twitter.com/Biakicis/status/1616219709841756160
Anselmo Paulo Ramos,@Tchermo,https://twitter.com/Tchermo/status/1616365048498094080,2023-01-20T09:20:32.000Z,"Que tal um “cursinho” com o Randolfe Rodrigues para aprender como se faz oposição de verdade????
Vocês deputags e senatags ficaram 4 anos correndo atrás do próprio rabo enquanto a esquerda pautava a política nacional.
Vocês tem muiiiiiito que aprender…",3,2,17,https://twitter.com/Biakicis/status/1616219709841756160
Senhoranorbiate,@Senhoranorbiat1,https://twitter.com/Senhoranorbiat1/status/1616239710644338689,2023-01-20T01:02:29.000Z,"Marcha pela ""vida"", mas em uma pandemia fez PL para as pessoas não usarem máscara, incentivou o povo de Manaus a ir pras ruas e deu naquela tragédia! Vida? Sei...",2,1,19,https://twitter.com/Biakicis/status/1616219709841756160
Wanderson A Santana,@AppsWss,https://twitter.com/AppsWss/status/1616225531287986176,2023-01-20T00:06:09.000Z,"Enquanto os deputados do PT e PSOL trabalham sem parar avançando suas agendas nefastas e perseguindo opositores a DEPUTAG está curtindo suas férias(Q não são nenhum pouco merecidas) nos Estados Unidos fazendo conexões.
Será que não cansa fazer o povo de TROUXA.",1,2,22,https://twitter.com/Biakicis/status/1616219709841756160
Geisa A Just,@JustGeisa,https://twitter.com/JustGeisa/status/1616523609236975622,2023-01-20T19:50:36.000Z,Vamos levantar a tag #levemospendrives,0,0,0,https://twitter.com/Biakicis/status/1616219709841756160
Rodrigokelvin,@Rodrigokelvin12,https://twitter.com/Rodrigokelvin12/status/1616247536095723521,2023-01-20T01:33:35.000Z,"Esqueceu da marcha pela liberdade no seu pais..!!! 2 meses preocupada com o mandado, sei como é.... 2026 agente coloca mais Fontineles e Silveiras",0,0,0,https://twitter.com/Biakicis/status/1616219709841756160
meta,@Elie10761460,https://twitter.com/Elie10761460/status/1616427335019896832,2023-01-20T13:28:03.000Z,".
O aborto é uma irresponsabilidade contra uma vida prematura e preciosa. Os métodos anticoncepcionais estão ai e devem ser utilizados. Defender esse mal é não pensar que um dia você não estaria lendo esse post se a pessoa que lhe gerou fosse defensora desse assunto.",0,0,0,https://twitter.com/Biakicis/status/1616219709841756160
Eline DAvila,@DavilaEline,https://twitter.com/DavilaEline/status/1616445516648448001,2023-01-20T14:40:17.000Z,"Bla, Bla, Bla ...",0,0,1,https://twitter.com/Biakicis/status/1616219709841756160
Fernando,@wfvfernandes,https://twitter.com/wfvfernandes/status/1616225575546327040,2023-01-20T00:06:19.000Z,"Vc não viajou com dinheiro público, correto?",0,0,1,https://twitter.com/Biakicis/status/1616219709841756160
Jcm Medina,@JcmMedina1,https://twitter.com/JcmMedina1/status/1616543933978365961,2023-01-20T21:11:22.000Z,"Precisou um deputado do PSDB entrar com uma ação , enquanto os deputados conservadores , pra variar , em sono profundo. São muito moles !",0,2,11,https://twitter.com/Biakicis/status/1616219709841756160
Walison Peralta,@walison_peralta,https://twitter.com/walison_peralta/status/1616230576142311427,2023-01-20T00:26:12.000Z,Venha lutar pelos patriotas presos!,0,0,1,https://twitter.com/Biakicis/status/1616219709841756160
Fernanda Losco,@fflosco31,https://twitter.com/fflosco31/status/1616403763430035457,2023-01-20T11:54:23.000Z,"Liberdade sim,presos políticos não!Ainda é permitida a Marcha para Jesus no Brasil?Façam aqui!",0,1,12,https://twitter.com/Biakicis/status/1616219709841756160
Luciana Farias,@lucianarfariass,https://twitter.com/lucianarfariass/status/1616537079818719233,2023-01-20T20:44:08.000Z,"Minha querida acho que não tem necessidade , neste momento precisamos de vcs parlamentares aqui no Brasil 🇧🇷 abraços",0,1,1,https://twitter.com/Biakicis/status/1616219709841756160
Andrea Cotta,@AndreaCotta6,https://twitter.com/AndreaCotta6/status/1616917002299252738,2023-01-21T21:53:48.000Z,"Deputada,  ajuda os presos políticos que estão na cadeia federal. Eles acreditaram e acreditam nos senhores e no Brasil.",0,0,0,https://twitter.com/Biakicis/status/1616219709841756160
Sian,@SianAquino,https://twitter.com/SianAquino/status/1616875275341512707,2023-01-21T19:08:00.000Z,517 crianças Yanomamis mortas: 😑Marcha pela Vida nos EUA: 🤗🤗🤗🤗🤗,0,0,2,https://twitter.com/Biakicis/status/1616219709841756160
Leandro,@LeandroMadurei7,https://twitter.com/LeandroMadurei7/status/1616469808026992641,2023-01-20T16:16:49.000Z,Nem começou e já está dando desgosto tipo aquele merda do Salles.,0,0,1,https://twitter.com/Biakicis/status/1616219709841756160
Sharon P,@Sharon02776164,https://twitter.com/Sharon02776164/status/1616439149430722560,2023-01-20T14:14:59.000Z,É pra rir ou pra chorar?,0,0,2,https://twitter.com/Biakicis/status/1616219709841756160
Guilherme,@Guilher41579922,https://twitter.com/Guilher41579922/status/1616226772516831270,2023-01-20T00:11:05.000Z,"Se a se hora é pro-vida, devo deduzir que é contra a pena de morte. Correto?",1,0,4,https://twitter.com/Biakicis/status/1616219709841756160
Leandro Sanches Tamassia Vicente,@LeandroSanchesT,https://twitter.com/LeandroSanchesT/status/1616220123433410565,2023-01-19T23:44:40.000Z,"Tdo bem Bia, porém, as comissões e as presidências das casas tbem. Sem controle delas, pautas a favor do aborto passarão com facilidade",0,0,9,https://twitter.com/Biakicis/status/1616219709841756160
ibra Azevedo,@ibraazev,https://twitter.com/ibraazev/status/1616971485645766659,2023-01-22T01:30:18.000Z,"Oi deputada, tá bacana a marcha pela vida aí ? Essas crianças também poderiam estar vivas né ? Ah mas como elas já nasceram daí não importa mais.",0,0,0,https://twitter.com/Biakicis/status/1616219709841756160
LéaBolsonaro,@LeaBolsonaro,https://twitter.com/LeaBolsonaro/status/1616640662304161793,2023-01-21T03:35:44.000Z,"Lute também a favor dos patriotas presos injustamente!
Eles não podem ficar esquecidos!
É uma barbárie o que está acontecendo!",0,0,3,https://twitter.com/Biakicis/status/1616219709841756160
Sol,@solange13288679,https://twitter.com/solange13288679/status/1616522832506150912,2023-01-20T19:47:31.000Z,"Alguém tem um post salvo, no qual  essa senhora citava e cobrava golpe com base nesse mesmo artigo que eles deturpam ? Quem tiver  mande para o STF etc",0,0,4,https://twitter.com/Biakicis/status/1616219709841756160
Diva S Nascimento,@DivaNascim,https://twitter.com/DivaNascim/status/1616308437645680640,2023-01-20T05:35:35.000Z,"Besteira 
A luta é  AQUI!",1,1,6,https://twitter.com/Biakicis/status/1616219709841756160
Highlander,@Leahighlander,https://twitter.com/Leahighlander/status/1616528153471586304,2023-01-20T20:08:40.000Z,"Pra mim continua sendo um escárnio com os presos, ter que ver parlamentar de férias, escancarando sorrisos em fotos e ainda se justificando. Os malignos do supremo abriram mão das férias para perseguir seus eleitores.",1,3,12,https://twitter.com/Biakicis/status/1616219709841756160
Henrique Lima - Nóiz de esquerda,@HenriqueLima84,https://twitter.com/HenriqueLima84/status/1616435039536906240,2023-01-20T13:58:39.000Z,"Abortos já acontecem, vcs deveriam tratar muito mais como saúde pública do que como questão religiosa. Cadê a liberdade individual que vcs tanto pregam?",1,0,2,https://twitter.com/Biakicis/status/1616219709841756160
Warlter¯\_(ツ)_/¯,@WGerador,https://twitter.com/WGerador/status/1616399629355982849,2023-01-20T11:37:57.000Z,A trupe da # curtindo as férias adoidado.,0,0,6,https://twitter.com/Biakicis/status/1616219709841756160
Luiz F Moran,@LuizFMoran4,https://twitter.com/LuizFMoran4/status/1616490715940257816,2023-01-20T17:39:54.000Z,"Tem o mesmo efeito das notas de repúdio das FFAA nos últimos 30 anos.
By the way: por que não está aqui no Brasil lutando contra a censura e ajudando o @GugaGayer na eleição para presidência do Senado?",0,0,5,https://twitter.com/Biakicis/status/1616219709841756160
Marky,@MarkyBadger,https://twitter.com/MarkyBadger/status/1616220460391219207,2023-01-19T23:46:00.000Z,A Zamba deve estar numa abstinência terrível sem poder subir hashtag,2,0,18,https://twitter.com/Biakicis/status/1616219709841756160
Nᴀᴛáʟɪᴀ,@__natalia_alves,https://twitter.com/__natalia_alves/status/1616483478475866112,2023-01-20T17:11:08.000Z,"Que retorno tem para as casas que acolhem mulheres vulneráveis aqui no Brasil? Que diferença vai fazer essa marcha se para que muitas dessas casas não fechem, as pessoas precisam fazer rifinhas pra pagar água, luz... ? Se marcha pró-vida impedisse abortos, vocês não estariam aí.",0,0,10,https://twitter.com/Biakicis/status/1616219709841756160
BIANCA WOLLFREED!,@Bia_Wollfreed,https://twitter.com/Bia_Wollfreed/status/1616223298840403969,2023-01-19T23:57:17.000Z,Marcha pela vida? Após ajudar o ex governo a sentenciar mais de 400 mil pessoas a pena de morte na pandemia? A vida de alguém realmente importa?,2,0,20,https://twitter.com/Biakicis/status/1616219709841756160
Tiago Rozas,@TiagoRozas,https://twitter.com/TiagoRozas/status/1616539686167609344,2023-01-20T20:54:29.000Z,"Marcha pela vida,mas só se for no útero, depois que nascer pobre e sem expectativa de vida vira bandido bom, bandido morto. Não precisa ir longe, é só rolar o seu feed pra ver seus pensamentos.",1,1,2,https://twitter.com/Biakicis/status/1616219709841756160
LRW,@opropriolrw,https://twitter.com/opropriolrw/status/1616222701416325121,2023-01-19T23:54:54.000Z,"Prezada Deputada, entendo e admiro as suas pautas, mas diante do que estamos vivendo acha que está na prioridade ir para fora do País participar destas pautas ou agir no BR com ações para embargar de alguma forma (judicial ou pelo legislativo) as atrocidades que estão cometendo?",2,0,16,https://twitter.com/Biakicis/status/1616219709841756160
Josue Lisboa,@lisboajosue10,https://twitter.com/lisboajosue10/status/1616792496683491332,2023-01-21T13:39:04.000Z,Bela causa. Mas eu acho que Deputados de Direita deveriam estar aqui no Brasil 🇧🇷 para poder dar suporte aos presos que não participaram do quebra quebra em Brasília,0,0,0,https://twitter.com/Biakicis/status/1616219709841756160
Santosfc,@Alesfc82,https://twitter.com/Alesfc82/status/1616430261947846657,2023-01-20T13:39:40.000Z,Deputado ter férias é uma das coisas mais absurdas que existe neste país.,0,0,2,https://twitter.com/Biakicis/status/1616219709841756160
BRUNO LUIZ,@BRUNOLUIZANDRA1,https://twitter.com/BRUNOLUIZANDRA1/status/1616228682485452801,2023-01-20T00:18:40.000Z,Então pública uma fakenews aí só pra gente ver!,0,0,2,https://twitter.com/Biakicis/status/1616219709841756160
Luciana Boloti,@BolotiLuciana,https://twitter.com/BolotiLuciana/status/1616239132526923777,2023-01-20T01:00:12.000Z,"Nossa, vida sim, sempre, inclusive para aqueles que deixaram de ser zigotos. Inclusive os criminosos, que a senhora diz que deveriam ser mortos.",0,0,2,https://twitter.com/Biakicis/status/1616219709841756160
Adriana Pracownik,@dricampracownik,https://twitter.com/dricampracownik/status/1616565153159577600,2023-01-20T22:35:41.000Z,"E quais são as sua metas para os nascidos? Como proteger a infância e adolescência dos abusos, trabalho infantil? Isso está nas metas do seu mandato? Ou só vale prós não nascidos?",0,0,1,https://twitter.com/Biakicis/status/1616219709841756160
Claudiney Andrade R.,@Tekabryant,https://twitter.com/Tekabryant/status/1618514684403122177,2023-01-26T07:42:25.000Z,Vc deve ser mais uma kkkk,0,0,0,https://twitter.com/Biakicis/status/1616219709841756160
Ivanilde Pires da Rosa Sampaio,@IvanildePiresd1,https://twitter.com/IvanildePiresd1/status/1618639415508860932,2023-01-26T15:58:04.000Z,Com certeza,0,0,0,https://twitter.com/Biakicis/status/1616219709841756160
olizete freitas,@FreitasOlizete,https://twitter.com/FreitasOlizete/status/1616297856347906048,2023-01-20T04:53:32.000Z,Bia!Desligaram a bonba da transposição do rio São Francisco e NIGUEM fala nada.Tem que ver este crime COMTRA O POVO,3,0,0,https://twitter.com/Biakicis/status/1616219709841756160
Fernanda Ribeiro,@Fernand48047162,https://twitter.com/Fernand48047162/status/1616850670983733249,2023-01-21T17:30:14.000Z,"Isso aqui oque é??
Não é vc que diz que não tem fome no Brasil",0,0,0,https://twitter.com/Biakicis/status/1616219709841756160
Kat,@ViMartins1,https://twitter.com/ViMartins1/status/1616762353718026242,2023-01-21T11:39:17.000Z,Recesso parlamentar eh férias ? Não sabia . Mesmo assim porque entrar no trabalho bem no dia que vai começar as votaçoes mais importantes no senado e Câmara . Talvez pra se hora tanto faz se for escolhido Rodrigo Pacheco . Marcos do Val tá de férias tbm ? Sem saco mais,0,0,2,https://twitter.com/Biakicis/status/1616219709841756160
Sian,@SianAquino,https://twitter.com/SianAquino/status/1616490787935485984,2023-01-20T17:40:11.000Z,CAMBADA DE SEM TER OQUE FAZER!,0,0,0,https://twitter.com/Biakicis/status/1616219709841756160
𝗜𝘀𝗮𝗮𝗰 𝗣𝗲𝘀𝘀𝗮𝗻𝗵𝗮,@IsaacPessanha,https://twitter.com/IsaacPessanha/status/1616719833432743937,2023-01-21T08:50:20.000Z,"Férias? Nesse momento? O nome disso é ingratidão ao salario que recebe
Não estamos em tempos de férias temos uma ditadura acontecendo no Brasil trabalho a ser feito
Lamentável",0,0,0,https://twitter.com/Biakicis/status/1616219709841756160
Ester maria Silva almeida,@EstermariaSilv7,https://twitter.com/EstermariaSilv7/status/1616220975519141888,2023-01-19T23:48:03.000Z,Glória a Deus pela sua vida @Biakicis pelo amor a vida mesmo ANTES de nascer,0,0,0,https://twitter.com/Biakicis/status/1616219709841756160
Diogo Nunes 13,@Thepharmacist39,https://twitter.com/Thepharmacist39/status/1616560349766885376,2023-01-20T22:16:36.000Z,"Antes tua mãe tivesse feito um aborto, o Brasil iria agradecer demais esse presente...",0,0,0,https://twitter.com/Biakicis/status/1616219709841756160
Victor Acqua,@VictorAcquafred,https://twitter.com/VictorAcquafred/status/1616524851560284161,2023-01-20T19:55:32.000Z,"Quem é indefesa, a mulher que foi estuprada e será obrigada a ter o bebê?",0,0,0,https://twitter.com/Biakicis/status/1616219709841756160
Pedro nessi snizek Junior,@pnsnizek,https://twitter.com/pnsnizek/status/1616510462522232841,2023-01-20T18:58:22.000Z,"Cara deputada, comenta por favor os acontecimentos do dia 8 de janeiro?",0,0,0,https://twitter.com/Biakicis/status/1616219709841756160
Dia de Sol,@ClaudiaAlmk,https://twitter.com/ClaudiaAlmk/status/1616467603295191040,2023-01-20T16:08:03.000Z,Mal começou os trabalhos e já entrou de férias?,0,0,0,https://twitter.com/Biakicis/status/1616219709841756160
"Oliveira, Halley",@OliveiraHalley,https://twitter.com/OliveiraHalley/status/1616450588233043971,2023-01-20T15:00:27.000Z,"Como o aborto nunca foi, nem nunca será, um problema para as mulheres ricas, então você está dizendo ser contra as mulheres pobres abortarem. Porém, as complicações causadas por um aborto clandestino sempre vão recair sobre o sistema público de saúde.",0,0,0,https://twitter.com/Biakicis/status/1616219709841756160
anny,@anny03569791,https://twitter.com/anny03569791/status/1616484747454353408,2023-01-20T17:16:11.000Z,Sim deputada !!!!! Os indefesos que não tem@voz,0,0,0,https://twitter.com/Biakicis/status/1616219709841756160
Francisco José,@fjkelsen,https://twitter.com/fjkelsen/status/1616445526886723585,2023-01-20T14:40:20.000Z,Quem tá bancando essa viagem?,0,0,0,https://twitter.com/Biakicis/status/1616219709841756160
Jair geógrafo,@GeografoJair,https://twitter.com/GeografoJair/status/1616449038441758722,2023-01-20T14:54:17.000Z,"Defende o indefeso, mas mete bala em quem atravessar o seu caminho kkkkkk",0,0,0,https://twitter.com/Biakicis/status/1616219709841756160
Giane Baptista,@giane_baptista,https://twitter.com/giane_baptista/status/1616220607334449152,2023-01-19T23:46:35.000Z,"Vamos aproveitar enquanto não proibiram as marchas. Ao menos, ainda não..",1,0,1,https://twitter.com/Biakicis/status/1616219709841756160
Renata Martins de almeida,@m45009319,https://twitter.com/m45009319/status/1616514670956843022,2023-01-20T19:15:05.000Z,"Q lindinha, olha q deputada honesta e engajada, palmas p ela, mas logo logo descobrir se usou o dinheiro dela mesmo ou e a velha conversa de sempre",0,0,0,https://twitter.com/Biakicis/status/1616219709841756160
Odair Leite 56,@OdairLeite56,https://twitter.com/OdairLeite56/status/1617467602988662786,2023-01-23T10:21:42.000Z,Apoio.,0,0,0,https://twitter.com/Biakicis/status/1616219709841756160
julio cesar Cesar,@jcmenon78,https://twitter.com/jcmenon78/status/1617222443310907393,2023-01-22T18:07:31.000Z,Poderíamos agendar uma mega manifestação pela vida contra esta decisão pro aborto.,0,0,0,https://twitter.com/Biakicis/status/1616219709841756160
MajuCavalcante,@Mariade47367817,https://twitter.com/Mariade47367817/status/1617528129047920643,2023-01-23T14:22:12.000Z,Tamojunto,0,0,0,https://twitter.com/Biakicis/status/1616219709841756160
riki,@rikilq,https://twitter.com/rikilq/status/1616235700638126084,2023-01-20T00:46:33.000Z,Precisamos ser contra as armas também... armas são contra a vida.,0,0,0,https://twitter.com/Biakicis/status/1616219709841756160
Janice Pedro Miranda,@JanicePM2,https://twitter.com/JanicePM2/status/1616239992883273730,2023-01-20T01:03:37.000Z,"Vai e pra nossa alegria, fique por la!",0,0,1,https://twitter.com/Biakicis/status/1616219709841756160
Leandro Silva,@Leandro919610,https://twitter.com/Leandro919610/status/1616236845158879234,2023-01-20T00:51:06.000Z,"Ainda fico me perguntando se realmente alguém "" Parlamento Brasileiro "" irá conseguir fazer alguma coisa, por que as atrocidades nós sabemos que tem e que ainda vão acontecer, os políticos só ficam em redes sociais expondo o que acontece e não tomam nenhuma atitude.",1,1,7,https://twitter.com/Biakicis/status/1616219709841756160
Marcos Luís Pretto,@prettolf05,https://twitter.com/prettolf05/status/1616753933787058177,2023-01-21T11:05:50.000Z,Em algum momento você analisaram que ele estão fazendo tudo isso antes da entrada dos novos congressista,0,0,0,https://twitter.com/Biakicis/status/1616219709841756160
Valdirene Goncalves,@ValdireneGonc12,https://twitter.com/ValdireneGonc12/status/1617991848437633025,2023-01-24T21:04:52.000Z,Para Deus todos tem direito a vida!Aí daquele que tirar a vida do próximo vai ter que dá conta com Deus!,0,0,0,https://twitter.com/Biakicis/status/1616219709841756160
Barão de Milgrau,@BaraoDeMilgrau,https://twitter.com/BaraoDeMilgrau/status/1617295406802632706,2023-01-22T22:57:27.000Z,Boa noite deputada 😘 que o Papai do Céu sempre abençoe à sua vida! 👋☺️,0,0,0,https://twitter.com/Biakicis/status/1616219709841756160
Fabinho,@_Fabinho1981,https://twitter.com/_Fabinho1981/status/1616913786207891456,2023-01-21T21:41:02.000Z,#direitacaladayanomamis,0,0,0,https://twitter.com/Biakicis/status/1616219709841756160
FERNANDO,@Fernandosoaris,https://twitter.com/Fernandosoaris/status/1616395683174416386,2023-01-20T11:22:16.000Z,"Então, de férias, sem desenhei público, quer dizer que não irá aparecer notas fiscais de reembolso não né?",0,0,0,https://twitter.com/Biakicis/status/1616219709841756160
Mauricio 7373,@moretto73,https://twitter.com/moretto73/status/1616477264907993094,2023-01-20T16:46:27.000Z,Absurdo e tão grande que uma coisa normal tem que ter voto e marcha …,0,0,0,https://twitter.com/Biakicis/status/1616219709841756160
Helione França,@FrancaHelione,https://twitter.com/FrancaHelione/status/1616784106246791171,2023-01-21T13:05:43.000Z,👏👏,0,0,0,https://twitter.com/Biakicis/status/1616219709841756160
Luiz,@LuizBrasil38,https://twitter.com/LuizBrasil38/status/1616763502412054529,2023-01-21T11:43:51.000Z,Já que vocês amam tanto o Brasil pq não se juntam e fazem uma marcha para vida em uma favela?,0,0,1,https://twitter.com/Biakicis/status/1616219709841756160
Marco Genovez,@marcogenovez15,https://twitter.com/marcogenovez15/status/1616238537183039489,2023-01-20T00:57:50.000Z,Nem aí pra você,0,0,4,https://twitter.com/Biakicis/status/1616219709841756160
TON,@annylton,https://twitter.com/annylton/status/1616510880178442279,2023-01-20T19:00:01.000Z,Teremos urnas auditáveis nas próximas eleições?,0,0,2,https://twitter.com/Biakicis/status/1616219709841756160
Kauã,@Kauangbt,https://twitter.com/Kauangbt/status/1616243250347606019,2023-01-20T01:16:33.000Z,Manda um alô pra Zambelli. Eita que a farra com dinheiro público tá bom heim!,0,1,6,https://twitter.com/Biakicis/status/1616219709841756160
Danielly Jesus,@danielly_jesus1,https://twitter.com/danielly_jesus1/status/1616229060342059011,2023-01-20T00:20:10.000Z,"Eu discordo veementemente da sra e da outra dep terem ido. Temos problemas graves acontecendo aqui. Se a sra quer fazer conexões - o que acho válido - faça por videoconferência. Precisamos de votos para ROGÉRIO MARINHO e a sra, como dep, tem trânsito livre com os senadores.",4,1,32,https://twitter.com/Biakicis/status/1616219709841756160
Tatiana,@Tatiana36069954,https://twitter.com/Tatiana36069954/status/1616589903638175745,2023-01-21T00:14:02.000Z,"Os mais indefesos estão PRESOS em Brasília, minha senhora. Eles, sim, LUTARAM pelo Brasil com a cara e a CORAGEM!!",0,0,3,https://twitter.com/Biakicis/status/1616219709841756160
Tia Paty,@TiaPatyCaetano,https://twitter.com/TiaPatyCaetano/status/1616225490892726272,2023-01-20T00:05:59.000Z,"O brasileiro está de saco cheio desses políticos, enquanto o povo se ferra eles estão de férias. Os mercadores da fé como Marco Feliciano, Silas Malafaia idem, todos nos EUA ao invés de estar aqui orando e lutando pelo povo. Deus nos livre da esquerda e da direita sanguessuga.🤦‍♀️",1,0,3,https://twitter.com/Biakicis/status/1616219709841756160
Poindexter,@OproprioPoindex,https://twitter.com/OproprioPoindex/status/1616365195588255747,2023-01-20T09:21:07.000Z,Enquanto isso os presos políticos continuam.... Presos,0,0,4,https://twitter.com/Biakicis/status/1616219709841756160
HUGO CIDREIRA,@HugoCidreira,https://twitter.com/HugoCidreira/status/1616890404124729346,2023-01-21T20:08:07.000Z,"O salário é seu, mas não é pago com nossos impostos? Ou tirou das suas reservas para passear?
Vocês passaram os 4 anos nessa palhaçada e por isso aconteceu essa desgraça por aqui onde foram eleitos para REPRESENTAR o POVO no BRASIL!",0,0,2,https://twitter.com/Biakicis/status/1616219709841756160
Maria de Lourdes Pinheiro Ferreira,@Mariade00590791,https://twitter.com/Mariade00590791/status/1616785005006422016,2023-01-21T13:09:18.000Z,"Vc está metida nesse esquema @Biakicis ?? Essa é a razão de defender esse sujeito?
Cadê a vergonha??",0,0,3,https://twitter.com/Biakicis/status/1616219709841756160
Maria Albuquerque,@MariaAl14466892,https://twitter.com/MariaAl14466892/status/1616253532339945473,2023-01-20T01:57:25.000Z,"E a votação do senado? Precisa conversar com o girão para retirar a candidatura dele a presidência do Senado, senão ele vai ajudar o Pacheco a se reeleger!",1,5,7,https://twitter.com/Biakicis/status/1616219709841756160
Dineusa Miguel dos Reis,@DineusaDos,https://twitter.com/DineusaDos/status/1617527132955234305,2023-01-23T14:18:15.000Z,"Parabéns aos deputados deputadas e senador Girão! Por defender, a vida dos indefesos.",0,0,0,https://twitter.com/Biakicis/status/1616219709841756160
Olma Berriel,@BerrielOlma,https://twitter.com/BerrielOlma/status/1617834665062305793,2023-01-24T10:40:16.000Z,"Sim a vida, não ao aborto x",0,0,0,https://twitter.com/Biakicis/status/1616219709841756160
Vera Lúcia Gonçalves,@veraesabrina2,https://twitter.com/veraesabrina2/status/1617683300189089793,2023-01-24T00:38:48.000Z,"Nós  que amamos o Brasil, ja sabiamos  que vocês  jamais iriam gastar dinheiro público.  Parabéns BiaKicis. A direita tem vergonha na cara.",0,0,0,https://twitter.com/Biakicis/status/1616219709841756160
Bruno Vieira,@bruno_onv,https://twitter.com/bruno_onv/status/1616448697587437570,2023-01-20T14:52:56.000Z,Quando a Sra. vai começar a trabalhar de verdade?,0,0,1,https://twitter.com/Biakicis/status/1616219709841756160
Lourival José Oliveira Lopes,@Lourolopes16,https://twitter.com/Lourolopes16/status/1617192457359204358,2023-01-22T16:08:22.000Z,Você marchou pela vida dos Yanomamis?,0,0,0,https://twitter.com/Biakicis/status/1616219709841756160
Maria Leite de caldas,@MariaLeitedeca1,https://twitter.com/MariaLeitedeca1/status/1616861216789647360,2023-01-21T18:12:08.000Z,Isso mesmo.,0,0,0,https://twitter.com/Biakicis/status/1616219709841756160
Geni Torchelsen,@girassoldaluas,https://twitter.com/girassoldaluas/status/1616901612311560194,2023-01-21T20:52:39.000Z,Aborto é crime,0,0,0,https://twitter.com/Biakicis/status/1616219709841756160
Geni Torchelsen,@girassoldaluas,https://twitter.com/girassoldaluas/status/1617263390560342017,2023-01-22T20:50:14.000Z,Aborto é genocídio,0,0,0,https://twitter.com/Biakicis/status/1616219709841756160
rodnei augusto,@rodneiaugusto24,https://twitter.com/rodneiaugusto24/status/1616399429753339904,2023-01-20T11:37:09.000Z,"Li um texto que classificava essa deputada, a outra chamada Zambelli e um tal de Nikollas, como cafetões da democracia, a princípio choquei, mas analisando o comportamento acabei aplaudindo.",1,0,0,https://twitter.com/Biakicis/status/1616219709841756160
Lúcia M.Guerra,@LciaMGuerra1,https://twitter.com/LciaMGuerra1/status/1616933963251191810,2023-01-21T23:01:12.000Z,Temos q cuidar das nossas criancas,0,0,0,https://twitter.com/Biakicis/status/1616219709841756160
Katia Sleide,@katiasleide,https://twitter.com/katiasleide/status/1616368792975581184,2023-01-20T09:35:25.000Z,"Pode ficar pelos EUA mesmo. Não faz falta alguma. Mas fique sem gastar o dinheiro público, pq é um desaforo.",0,0,1,https://twitter.com/Biakicis/status/1616219709841756160
Mateus Silva,@Mateussantsil,https://twitter.com/Mateussantsil/status/1616253007766618113,2023-01-20T01:55:20.000Z,"Povo ainda acredita em políticos... as pautas que fazem a diferença o no Brasil só acontecem em anos de eleição, depois disso finge que esta fazendo alguma coisa mas fazem nada como sempre. Dinheiro público no ralo ( bolsos).",0,0,2,https://twitter.com/Biakicis/status/1616219709841756160
Sandra Marques,@SandraM15814283,https://twitter.com/SandraM15814283/status/1616224573489582080,2023-01-20T00:02:20.000Z,Vc nos representa @Biakicis,2,0,0,https://twitter.com/Biakicis/status/1616219709841756160
Flávio,@soaresflavio00,https://twitter.com/soaresflavio00/status/1616450270447140922,2023-01-20T14:59:11.000Z,"Férias!!!
Sempre esteve de férias, tenha santa paciência!!!",0,0,1,https://twitter.com/Biakicis/status/1616219709841756160
Vernini,@AntoniaVernini,https://twitter.com/AntoniaVernini/status/1616304571982270466,2023-01-20T05:20:14.000Z,"Nem sei o que dizer. É tudo tão importante, aqui temos os patriotas presos e a eleição para presidente do senado q se aproxima. Complicado 😥",0,0,2,https://twitter.com/Biakicis/status/1616219709841756160
Júlio César,@jcsa_silva,https://twitter.com/jcsa_silva/status/1616409249021566976,2023-01-20T12:16:11.000Z,🤣🤣🤣🤣🤣🤣🤣🤣🤣🤣🤣🤣🤣🤣🤣🤣🤣🤣🤣🤣🤣🤣🤣🤣🤣🤣🤣🤣🤣🤣🤣🤣🤣🤣🤣🤣🤣🤣🤣🤣🤣🤣🤣🤣🤣🤣🤣🤣🤣🤣🤣🤣🤣🤣🤣🤣🤣🤣🤣🤣🤣🤣🤣🤣🤣🤣🤣🤣🤣🤣🤣🤣🤣🤣🤣🤣🤣🤣🤣🤣🤣🤣🤣🤣🤣🤣🤣🤣🤣🤣🤣🤣🤣🤣🤣🤣🤣🤣🤣🤣🤣🤣🤣🤣🤣🤣🤣🤣🤣🤣🤣🤣🤣🤣🤣🤣🤣🤣🤣🤣🤣🤣🤣🤣🤣🤣🤣🤣🤣🤣🤣🤣🤣🤣🤣🤣🤣🤣🤣🤣,0,0,1,https://twitter.com/Biakicis/status/1616219709841756160
Solrac,@Carlos_Itariri,https://twitter.com/Carlos_Itariri/status/1616434461134180353,2023-01-20T13:56:22.000Z,Eu acredito que ações concretas são mais eficazes do que mero teatro e desfiles.,0,0,1,https://twitter.com/Biakicis/status/1616219709841756160
Mary gomes,@marygomes1903,https://twitter.com/marygomes1903/status/1616584368515866625,2023-01-20T23:52:02.000Z,"Tem gente que não deveria ter nascido, mas nasceu! aí vcs liberam armas pra mata-las e vem defender quem ainda não nasceu, lacração que chama?",0,0,1,https://twitter.com/Biakicis/status/1616219709841756160
ron burr jr.,@ronburrjr1,https://twitter.com/ronburrjr1/status/1616647798727770113,2023-01-21T04:04:05.000Z,Thank you for fighting the children,2,0,0,https://twitter.com/Biakicis/status/1616219709841756160
Juliano Santana,@Juliano62092265,https://twitter.com/Juliano62092265/status/1616235331480698880,2023-01-20T00:45:05.000Z,"São contra o aborto, mas quando nasce uma vida. Vocês estão lixando pra ela né. Vocês são todos elitistas e a única coisa que querem é enriquecer e ter poder,e quando fazem alguma coisa é com o dinheiro do próprio povo e ainda acha que fez muito",0,0,16,https://twitter.com/Biakicis/status/1616219709841756160
VagnerPr,@VagnerPr1,https://twitter.com/VagnerPr1/status/1616423218776100865,2023-01-20T13:11:41.000Z,Foi passear. Só isso.,0,0,0,https://twitter.com/Biakicis/status/1616219709841756160
MariLLimaJB,@MarineteLimma,https://twitter.com/MarineteLimma/status/1616224096118886403,2023-01-20T00:00:27.000Z,E nem está usando avião da fab.,0,0,0,https://twitter.com/Biakicis/status/1616219709841756160
Paulo Street,@paulosstreet,https://twitter.com/paulosstreet/status/1616519109872680970,2023-01-20T19:32:43.000Z,O aborto ja existe sendo ou não legalizado.. faz quem quer! Parem com essa frescura de falsa ideologia e voltem a trabalhar...,0,0,0,https://twitter.com/Biakicis/status/1616219709841756160
Sipimentinha,@Sipimentinha1,https://twitter.com/Sipimentinha1/status/1616226614643130369,2023-01-20T00:10:27.000Z,Força e fé  pre isamos de vc,0,0,0,https://twitter.com/Biakicis/status/1616219709841756160
Marly Martins da Silva,@martinsda5_da,https://twitter.com/martinsda5_da/status/1616503028483297294,2023-01-20T18:28:49.000Z,👏👏👏,0,0,0,https://twitter.com/Biakicis/status/1616219709841756160
Maria Lucicleide,@MariaLu40000038,https://twitter.com/MariaLu40000038/status/1616529848754741253,2023-01-20T20:15:24.000Z,Aborto não💔😭😭,0,0,0,https://twitter.com/Biakicis/status/1616219709841756160
Sandy DeCamargo,@Sandycgod,https://twitter.com/Sandycgod/status/1616434052801916930,2023-01-20T13:54:44.000Z,Estamos juntas! Pro Vida!,0,0,0,https://twitter.com/Biakicis/status/1616219709841756160
Nilza Nascimento,@Na07860133Nilza,https://twitter.com/Na07860133Nilza/status/1616570071970635779,2023-01-20T22:55:14.000Z,Com certeza Senadora 👏👏👏🙏🙏🥰🥰,0,0,0,https://twitter.com/Biakicis/status/1616219709841756160
carmen campos,@CampposCampos,https://twitter.com/CampposCampos/status/1616431567253176321,2023-01-20T13:44:52.000Z,Deputada vai precisar do povo na próxima eleição. Traição o povo nunca esquece.,0,0,4,https://twitter.com/Biakicis/status/1616219709841756160
Sobrevivente,@Sobrevivente_22,https://twitter.com/Sobrevivente_22/status/1616422673801781248,2023-01-20T13:09:31.000Z,"Bia, fiquei sabendo que existe muita burocracia para o homem fazer vasectomia no Sus. Esse sistema de saúde quer que a mulher faça aborto clandestino? É  muito fácil o homem  evitar ter um filho que não quer: camisinha ou vasectomia.",0,0,1,https://twitter.com/Biakicis/status/1616219709841756160
Vini Guimarães -,@visaogeral,https://twitter.com/visaogeral/status/1616436452786831364,2023-01-20T14:04:16.000Z,Não esqueça de levar o pendrive do Bananinha...,0,0,1,https://twitter.com/Biakicis/status/1616219709841756160
Thanos de Pirajuí,@thanosestavaok,https://twitter.com/thanosestavaok/status/1616268033265225729,2023-01-20T02:55:02.000Z,Bla bla bla,0,0,1,https://twitter.com/Biakicis/status/1616219709841756160
Tia Vivi,@vivianemallet,https://twitter.com/vivianemallet/status/1617343743861858305,2023-01-23T02:09:31.000Z,ainda não entendi qual de vocês está grávida,0,0,1,https://twitter.com/Biakicis/status/1616219709841756160
Marcionilo Salvador,@MarcioniloSalv4,https://twitter.com/MarcioniloSalv4/status/1616351708023488512,2023-01-20T08:27:32.000Z,"Se tá de férias me poupe com suas insignificância,a já sei decha que eu pago a conta.",1,0,1,https://twitter.com/Biakicis/status/1616219709841756160
SNAK Plisskem,@correiadinho9,https://twitter.com/correiadinho9/status/1616372210771296256,2023-01-20T09:49:00.000Z,🤣🤣🤣🤣🤣🤣🤣🤣,0,0,1,https://twitter.com/Biakicis/status/1616219709841756160
Marina Komanovic,@CortesAbdala,https://twitter.com/CortesAbdala/status/1616340338641182720,2023-01-20T07:42:21.000Z,"ÁH VÁ BIA ! AUTA É AQUI . O INIMIGO NÃO FOJE À LUTA
 O CAMPO DE CONCENTRAÇÃO ESTÁ LÁ. O ABORTO FOI APROVADO AQUIIIII E VC TEM.NOTICIAS DO CACICQUE SERERE ? CLARO QUE NÃO",0,0,1,https://twitter.com/Biakicis/status/1616219709841756160
Papagaio_Valente,@PapagaioValent,https://twitter.com/PapagaioValent/status/1616446627686002688,2023-01-20T14:44:42.000Z,Está de férias? Nunca trabalhou kkk...,0,0,2,https://twitter.com/Biakicis/status/1616219709841756160
Adalgisa Bandeira,@Adal_bandeira,https://twitter.com/Adal_bandeira/status/1616249543623852039,2023-01-20T01:41:34.000Z,"Incluindo uma passadinha em Orlando pra babar o ""minto"", claro!",0,0,1,https://twitter.com/Biakicis/status/1616219709841756160
flavio tadeu,@flavio_tadeu,https://twitter.com/flavio_tadeu/status/1616242405887381506,2023-01-20T01:13:12.000Z,"Uma senadora inútil! Triste, muito triste a situação do nosso país.",0,0,1,https://twitter.com/Biakicis/status/1616219709841756160
Cleber Tavares,@cle30ber,https://twitter.com/cle30ber/status/1616444807555031042,2023-01-20T14:37:28.000Z,"Aborto não é o principal problema que enfrentamos. Inútil essa pauta ser o seu slogan, além por que só caberá a gestante decidir, ou seja, NÃO É DA SUA CONTA!",0,0,2,https://twitter.com/Biakicis/status/1616219709841756160
C@rlos B1t,C@rlos B1t,https://twitter.com/carlosbit_/status/1616263150902431744,2023-01-20T02:35:38.000Z,"Muito fofo, enquanto entregam flores, seus inimigos planejam sua extinção.",0,0,2,https://twitter.com/Biakicis/status/1616219709841756160
Gil Lima 1708,@1708Gil,https://twitter.com/1708Gil/status/1616235065691840512,2023-01-20T00:44:02.000Z,Hipocrisia é o seu nome.,0,0,7,https://twitter.com/Biakicis/status/1616219709841756160
Ministério das Fake News,@ministeriofake,https://twitter.com/ministeriofake/status/1616415333161762816,2023-01-20T12:40:21.000Z,"Os mais indefesos q ainda não nasceram né, pq os indefesos que já nasceram vcs não tão nem aí.",0,0,2,https://twitter.com/Biakicis/status/1616219709841756160
Fabiano Viana,@invfabianoviana,https://twitter.com/invfabianoviana/status/1616266371154993155,2023-01-20T02:48:26.000Z,Você foi ver oBozo. Tramar alguma coisa contra a atual gestão,0,0,1,https://twitter.com/Biakicis/status/1616219709841756160
Carminha Rodrigues,@Carminha12,https://twitter.com/Carminha12/status/1616265276701700096,2023-01-20T02:44:05.000Z,Foi se encontrar com o parça Bozo? Não precisa dar desculpa de marcha não! Todo mundo sabe o que vc foi fazer nos Estados Unidos.,0,0,4,https://twitter.com/Biakicis/status/1616219709841756160
Flávio Barreto,@bsoaresflavio,https://twitter.com/bsoaresflavio/status/1616231115408408577,2023-01-20T00:28:20.000Z,O QUE VOCÊ FAZ PELAS CRIANÇAS POBRES NOS ORFANATOS? OU É POSE PRA ENGANAR TROUXA PRA VOTAR EM VOCÊ?,0,0,19,https://twitter.com/Biakicis/status/1616219709841756160
L@nn@ Alencar M. Rammacher,L@nn@ Alencar M. Rammacher,https://twitter.com/LnnAlencarMRam1/status/1616351455157583874,2023-01-20T08:26:31.000Z,"Muito bom @Biakicis acho que o que faltou foi comunicação. Veja, depois de todos os acontecimentos as pessoas estão despedaçadas, vendo pessoas inocentes na cadeia e vendo a economia desabar. Na esquerda me parece cada um tem uma função e as coisas andam, na direita falta isso.",0,0,3,https://twitter.com/Biakicis/status/1616219709841756160
Si,@RodrigueSimoneS,https://twitter.com/RodrigueSimoneS/status/1617337483699654659,2023-01-23T01:44:39.000Z,BIA KICIS MÃE DA MENTIRA,0,0,0,https://twitter.com/Biakicis/status/1616219709841756160
Luciana de Lima,@lulim88,https://twitter.com/lulim88/status/1617367212309741569,2023-01-23T03:42:47.000Z,"E para as crianças (já nascidas!) indígenas, NADA, só envenenamento da água, invasão de garimpeiros, fome, morte! Devia ter vergonha desta foto",0,0,0,https://twitter.com/Biakicis/status/1616219709841756160
Murilo,@MuriloSadj,https://twitter.com/MuriloSadj/status/1617328513140379650,2023-01-23T01:09:00.000Z,"BIA KICIS NA CADEIA!
BIA KICIS NA CADEIA!",0,0,0,https://twitter.com/Biakicis/status/1616219709841756160
O Ricardo,@RickFather2girl,https://twitter.com/RickFather2girl/status/1616831644627009536,2023-01-21T16:14:38.000Z,"Não gosto de fofoca , mas o direito de resposta acredito que a srta mereça.",0,0,0,https://twitter.com/Biakicis/status/1616219709841756160
Marcio Stefani,@stefanimarcio,https://twitter.com/stefanimarcio/status/1616221501702766592,2023-01-19T23:50:08.000Z,Foi passear com dinheiro público?,5,0,7,https://twitter.com/Biakicis/status/1616219709841756160
Bia,@ValMoraes17,https://twitter.com/ValMoraes17/status/1617935437468925954,2023-01-24T17:20:42.000Z,Sobres os indios morrendo vc ja fez algum manisfesto??,0,0,0,https://twitter.com/Biakicis/status/1616219709841756160
Marcelo,@Marcelo43679959,https://twitter.com/Marcelo43679959/status/1616226976133529600,2023-01-20T00:11:53.000Z,Não esquece os pen drives..... Força companheira !!!!,0,0,1,https://twitter.com/Biakicis/status/1616219709841756160
Rosana Viviane,@vivianerosana3,https://twitter.com/vivianerosana3/status/1616224064636428288,2023-01-20T00:00:19.000Z,Parabéns a cada um que está nesta luta contra o aborto 👏👏👏👏,1,0,0,https://twitter.com/Biakicis/status/1616219709841756160
ELZABALDO,@ELZA71387465,https://twitter.com/ELZA71387465/status/1616236652594069505,2023-01-20T00:50:20.000Z,👏👏😘,0,0,0,https://twitter.com/Biakicis/status/1616219709841756160
Hugo Weaving,@__CICADA3301,https://twitter.com/__CICADA3301/status/1616524204085583872,2023-01-20T19:52:58.000Z,😂😂😂,0,0,0,https://twitter.com/Biakicis/status/1616219709841756160
Valdir Martins,@ValdirM81113648,https://twitter.com/ValdirM81113648/status/1616536920057843712,2023-01-20T20:43:30.000Z,"Parabéns Bia, Deus te abençoe sempre 👏👏👏👏👏",0,0,0,https://twitter.com/Biakicis/status/1616219709841756160
Luiz Imperador,@LuizImperador2,https://twitter.com/LuizImperador2/status/1616232220724789249,2023-01-20T00:32:44.000Z,Apoiada,0,0,0,https://twitter.com/Biakicis/status/1616219709841756160
Leo da silva,@Leodasi73319683,https://twitter.com/Leodasi73319683/status/1616246514812157953,2023-01-20T01:29:32.000Z,Opa…,0,0,0,https://twitter.com/Biakicis/status/1616219709841756160
Leandro Silva,@Leandrotigraoo1,https://twitter.com/Leandrotigraoo1/status/1616579793130033154,2023-01-20T23:33:51.000Z,"Vocês sempre zoando o povo, pensando que o povo ainda é bobo, vocês junto com Bolsonaro enganaram o povo!",0,0,0,https://twitter.com/Biakicis/status/1616219709841756160
Elza Oliveira Dos Santos Stival,@elza_stival,https://twitter.com/elza_stival/status/1616414751952670720,2023-01-20T12:38:03.000Z,"🌹👏🤜, na verdade nunca estive envolvida em política. Mas votei Exma. Sra. Estou te acompanhando é um prazer.",0,0,0,https://twitter.com/Biakicis/status/1616219709841756160
Ivan Brasileiro,@ivan_brasil1997,https://twitter.com/ivan_brasil1997/status/1616524197018361857,2023-01-20T19:52:56.000Z,"Se você é parlamentar ou foi eleito(a), aja como tal. Se você prefere a militância, ainda mais em outro país, não se candidate para nada na política do seu país. Quando você perde o foco, seus opositores agradecem.⚠️",0,0,0,https://twitter.com/Biakicis/status/1616219709841756160
Carlos Robeto Santos,@RobetoYoga,https://twitter.com/RobetoYoga/status/1616571639482785798,2023-01-20T23:01:27.000Z,"E os nossos Compatriotas presos no dia 08/01, serão lembrados? Terão algum apoio dos Direitistas? 🤔🤔🤔",0,0,0,https://twitter.com/Biakicis/status/1616219709841756160
Mônica,@Moni_Castilho,https://twitter.com/Moni_Castilho/status/1616221165596413953,2023-01-19T23:48:48.000Z,"O inimigo ñ tira férias, só esse detalhe",5,1,26,https://twitter.com/Biakicis/status/1616219709841756160
Luiz Lima,@LuizzzLimaa,https://twitter.com/LuizzzLimaa/status/1616467061487673344,2023-01-20T16:05:54.000Z,"A realidade tá aí nua, crua e perversa enquanto a senhora não fica só em de rede social abrindo sorrisos e nada fazendo em combate aos extremismos da esquerda e seus aliados. Tenha o mínimo de noção.",0,0,0,https://twitter.com/Biakicis/status/1616219709841756160
magnolia,@Magnolia19933,https://twitter.com/Magnolia19933/status/1616384063517908993,2023-01-20T10:36:06.000Z,Não é isso que vejo no store no Instagram vinhos e luxo . nós que sofremos..eles tem dinheiro de EUA quando querem.,0,0,0,https://twitter.com/Biakicis/status/1616219709841756160
"Voyaje, Voyaje",@AnaPauladoStos,https://twitter.com/AnaPauladoStos/status/1616237609654849536,2023-01-20T00:54:09.000Z,"Lutem também pelo @andersongtorres que não tem acesso ao processo dele.
Enquanto ele estava longe,foi Preso e o sr. Dino viu o Perigo do dia 08/01/23 e não fez nada, nem o Nome dele foi citado...!País sem Leis sem Justiça. @marcosdoval CPI DIA 08/01/23👉🆘🆘🆘 #PachecoNAO",0,0,0,https://twitter.com/Biakicis/status/1616219709841756160
Julio Cesar Guevara,@JulioCe55799619,https://twitter.com/JulioCe55799619/status/1616364040032247816,2023-01-20T09:16:32.000Z,Aborto não.,0,0,0,https://twitter.com/Biakicis/status/1616219709841756160
Tia Kleia - Pró-Vida,@TKleeia,https://twitter.com/TKleeia/status/1616225837531156480,2023-01-20T00:07:22.000Z,"Tem cidadãos patriotas presos, ahhh mas eu não os coloquei lá! Tem gente precisando de ajuda, sendo atendidos por advogados,  todas sujas porque não tem absorventes,  ahhh mas eu não posso ajudar. No momento estou de férias!",0,0,0,https://twitter.com/Biakicis/status/1616219709841756160
Tia Kleia - Pró-Vida,@TKleeia,https://twitter.com/TKleeia/status/1616228079650869248,2023-01-20T00:16:16.000Z,"Onde que prenderam 1600 manifestantes?  Brasília?  Cadê os deputados de direita para fazer algo, ajudar os que estão precisando de ajuda? Ahhh não é comigo! Estou de férias! Vou para a maior marcha pro vida do mundo! Mas os brasileiros de bem perdendo a dignidade aqui...",0,0,0,https://twitter.com/Biakicis/status/1616219709841756160
Maria Oliva da Silva Lopes Souza,@MariaOlivadaSi1,https://twitter.com/MariaOlivadaSi1/status/1616227110045061120,2023-01-20T00:12:25.000Z,Não ao aborto deixem nascer as crianças será delas o mundo no futuro,0,0,0,https://twitter.com/Biakicis/status/1616219709841756160
Joséh Helizaldo,@HelizaldoJoseh,https://twitter.com/HelizaldoJoseh/status/1616402772143869952,2023-01-20T11:50:26.000Z,"A hipocrisia aqui, é que nenhum defende a vida de verdade. São parlamentares burgueses, que defendem pautas que nem eles mesmos sabem fundamentar, somente para se manterem no poder e sugar do povo.",0,0,0,https://twitter.com/Biakicis/status/1616219709841756160
Sonia Restello,@restello_sonia,https://twitter.com/restello_sonia/status/1616423990968336385,2023-01-20T13:14:45.000Z,🙏🙏🙏🙏🙏🙏🙌🙌🙌🙌🇧🇷🇧🇷🇧🇷🇧🇷,0,0,0,https://twitter.com/Biakicis/status/1616219709841756160
Leonardo Machado de Bonfim,@L2030875,https://twitter.com/L2030875/status/1616576969763610625,2023-01-20T23:22:38.000Z,#PachecoNÃO,0,0,0,https://twitter.com/Biakicis/status/1616219709841756160
luci correa,@lucicor73368799,https://twitter.com/lucicor73368799/status/1617232546710056963,2023-01-22T18:47:40.000Z,"Muito bom Queridas Bia e Carla, eu me sinto representada por vcs, Deus as abençoe.",0,0,0,https://twitter.com/Biakicis/status/1616219709841756160
Célia Lima,@CeliaRodriLima,https://twitter.com/CeliaRodriLima/status/1618038818296455168,2023-01-25T00:11:30.000Z,"Enquanto isso nossas crianças dos povos tradicionais morrendo a míngua mas elas já nasceram né, agora já pode morrer de fome e de doenças evitáveis",0,0,0,https://twitter.com/Biakicis/status/1616219709841756160
Krlao Lula,@K13PT,https://twitter.com/K13PT/status/1617640524445536256,2023-01-23T21:48:49.000Z,Tem como provar isso?,0,0,0,https://twitter.com/Biakicis/status/1616219709841756160
Sandra Mariaa,@SandraMariaa1,https://twitter.com/SandraMariaa1/status/1616775712404344832,2023-01-21T12:32:22.000Z,"Passando aqui só para lembrar....dia 01/02/2023 teremos eleições para as presidências do SENADO E CAMARA DOS DEPUTADOS!!!!
Só uma lembrança mesmo 🤡",0,0,0,https://twitter.com/Biakicis/status/1616219709841756160
Marcos Papa,@marcos_papa,https://twitter.com/marcos_papa/status/1617704423547113473,2023-01-24T02:02:44.000Z,Por que se calou sobre o Genocídio Yanomami??,0,0,0,https://twitter.com/Biakicis/status/1616219709841756160
Márcia,@marciamar22,https://twitter.com/marciamar22/status/1616871140743323649,2023-01-21T18:51:34.000Z,"Por favor, voltem ao Brasil nesse momento tão importante. As escolhas para Presidente das Casas já está acontecendo.",0,0,0,https://twitter.com/Biakicis/status/1616219709841756160
Luna Patriota,@patriota_luna,https://twitter.com/patriota_luna/status/1616766856475430912,2023-01-21T11:57:11.000Z,"""Está de férias"", com o país em momento crítico e às portas das eleições do Presidente do Senado e viajando com o concorrente??? Tenham o mínimo de vergonha na cara. Já não voto em Eduardo Bolsonaro por causa das palhaçadas e em vc nunca mais também.",0,1,3,https://twitter.com/Biakicis/status/1616219709841756160
Antonio Mejia,@Mejiany2001,https://twitter.com/Mejiany2001/status/1617271991006027777,2023-01-22T21:24:24.000Z,"Fazendo conexões? Duvido que algum de vcs consiga se comunicar em inglês com essas ""conexões"" americanas! Levaram intérpretes, foi?",0,0,0,https://twitter.com/Biakicis/status/1616219709841756160
