nome,usuario,idTweet,dataPublicacao,texto,replies,retweets,likes,tweetPai
RoGeraldes,@RoMRGe,https://twitter.com/RoMRGe/status/1616582263965380608,2023-01-20T23:43:41.000Z,💪💪💪💪👏👏👏👏🌹,0,0,0,https://twitter.com/drluizovando/status/1616530906792984577
Marcelo Berbara,@BarboraMarcelo,https://twitter.com/BarboraMarcelo/status/1616531951766351872,2023-01-20T20:23:45.000Z,Segue firme Deputado 🇧🇷,0,0,1,https://twitter.com/drluizovando/status/1616530906792984577
Claydée Ribeiro,@ClaydeeRibeiro1,https://twitter.com/ClaydeeRibeiro1/status/1616541996868603904,2023-01-20T21:03:40.000Z,"Homens de bem como o senhor @drluizovando, com caráter e fidelidade às virtudes cristãs, sofrerão perseguição. Mas não podem se calar, devem permanecer como guardiões da dignidade qdo ao redor o ardil e a corrupção reinam. Siga firme. Deus é fiel !",0,0,0,https://twitter.com/drluizovando/status/1616530906792984577
Vovó Mafalda,@VovoMafalda9,https://twitter.com/VovoMafalda9/status/1616535189810716674,2023-01-20T20:36:37.000Z,Bravo! 💚💛,0,0,1,https://twitter.com/drluizovando/status/1616530906792984577
LEONEL MOURA,@PRLEONELMOURA,https://twitter.com/PRLEONELMOURA/status/1616618091328278530,2023-01-21T02:06:02.000Z,O MS agradece. 👏🇧🇷👍,0,0,0,https://twitter.com/drluizovando/status/1616530906792984577
Neyde Araujo,@NeydeAraujo3,https://twitter.com/NeydeAraujo3/status/1618340565669793792,2023-01-25T20:10:32.000Z,Não conheço,0,0,0,https://twitter.com/drluizovando/status/1616530906792984577
Anne,@Annlazysc,https://twitter.com/Annlazysc/status/1616539934524932113,2023-01-20T20:55:28.000Z,Se expressar Se tornou perigoso,0,0,1,https://twitter.com/drluizovando/status/1616530906792984577
Juliana Giacometti Piubeli de Andrade,@JulianaPiubeli,https://twitter.com/JulianaPiubeli/status/1616624987623903234,2023-01-21T02:33:27.000Z,👏🏻👏🏻👏🏻👏🏻,0,0,0,https://twitter.com/drluizovando/status/1616530906792984577
Rui Carlos da Silva Aguiar Aguiar,@RuiCarlosdaSil8,https://twitter.com/RuiCarlosdaSil8/status/1619443300670525441,2023-01-28T21:12:25.000Z,"Esse senhor de 74 anos nem se constrange de incitar o crime, vergonha alheia .",0,0,0,https://twitter.com/drluizovando/status/1616530906792984577
Nuvem da Direita,@nuvemdadireita,https://twitter.com/nuvemdadireita/status/1647976368230092801,2023-04-17T14:52:38.000Z,Parabéns pela assinatura da CPMI 8.1.,0,0,2,https://twitter.com/drluizovando/status/1616530906792984577
@sanchesribas,@sanchesribas,https://twitter.com/sanchesribas16/status/1616898029667377153,2023-01-21T20:38:25.000Z,"Não se postre ao sistema, siga firme e direito, por favor não se manche com o comunismo.",0,0,0,https://twitter.com/drluizovando/status/1616530906792984577
Lucinda Santos,@Lucinda84681375,https://twitter.com/Lucinda84681375/status/1618348093958950912,2023-01-25T20:40:27.000Z,O que o senhor chama de antidemocrático?,0,0,0,https://twitter.com/drluizovando/status/1616530906792984577
Alexandre Venancio,@venancio_xande,https://twitter.com/venancio_xande/status/1616563634074963968,2023-01-20T22:29:39.000Z,More cities and states want to kick gas-powered lawn equipment to the curb - Washington Times -,0,0,0,https://twitter.com/drluizovando/status/1616530906792984577
Gardivania Lima,@gardivania,https://twitter.com/gardivania/status/1616607667962916866,2023-01-21T01:24:37.000Z,"Não o conhecia em 2018, mas em 2022 eu, meu marido e minhas filhas  depositamos nossos votos de confiança no senhor e até o momento me sinto bem representada!",0,0,2,https://twitter.com/drluizovando/status/1616530906792984577
Thiago Vital,@tpvital,https://twitter.com/tpvital/status/1616573196265836547,2023-01-20T23:07:39.000Z,Por isso teve meus votos em 2018 e 2022.,0,0,0,https://twitter.com/drluizovando/status/1616530906792984577
Paulo Lima Filho,@PauloLimaFilho3,https://twitter.com/PauloLimaFilho3/status/1616593685013037057,2023-01-21T00:29:04.000Z,"Parabéns, votei e continuarei votando em vc se permanecer essa postura sua.",0,0,1,https://twitter.com/drluizovando/status/1616530906792984577
Izabel Lins,@LinsBel03,https://twitter.com/LinsBel03/status/1617618274904322049,2023-01-23T20:20:25.000Z,👏🏽👏🏽👏🏽👏🏽👏🏽👊🏽🇧🇷,0,0,0,https://twitter.com/drluizovando/status/1616530906792984577
Rafi Gojohnson,@RafaGojo_,https://twitter.com/RafaGojo_/status/1618300982420733955,2023-01-25T17:33:15.000Z,"Com que autoridade em povos originários e com base em que fatos o senhor supõe não serem brasileiros os indígenas yanomami de Roraima?

Espero que seja responsabilizado por negação de um genocídio amplamente alertado por órgãos federais e internacionais.",0,0,0,https://twitter.com/drluizovando/status/1616530906792984577
C@xu1@n@,C@xu1@n@,https://twitter.com/Cxu1n1/status/1616824051309199360,2023-01-21T15:44:27.000Z,"Manda esse nota para o xandão deputado.
E nos dê aqui uma resposta!",0,0,0,https://twitter.com/drluizovando/status/1616530906792984577
Rui Mendes,@RuiMendes51,https://twitter.com/RuiMendes51/status/1616846269636304897,2023-01-21T17:12:44.000Z,Existe isto ? atos antidemocráticos ? 🤡,0,0,0,https://twitter.com/drluizovando/status/1616530906792984577
henrique tartarotti,@henriquetartaro,https://twitter.com/henriquetartaro/status/1618323464305401856,2023-01-25T19:02:35.000Z,Um criminoso.,0,0,0,https://twitter.com/drluizovando/status/1616530906792984577
Doleta Cristina,@denisaopaulo,https://twitter.com/denisaopaulo/status/1616547906239987719,2023-01-20T21:27:09.000Z,"Bom conhecer o Sr.
E se acostume pois só os medíocres se rendem a imprensa marrom e aos corruptos das ongs e instituições.
Conte conosco.",0,0,0,https://twitter.com/drluizovando/status/1616530906792984577
Antonio claudio De paula,@Antonio20158788,https://twitter.com/Antonio20158788/status/1618487122352300035,2023-01-26T05:52:54.000Z,"ALÉM DE TUDO MÉDICO, QUE NOJO",0,0,0,https://twitter.com/drluizovando/status/1616530906792984577
