nome,usuario,idTweet,dataPublicacao,texto,replies,retweets,likes,tweetPai
Eder Guedes,@ederguedes79,https://twitter.com/ederguedes79/status/1616486470700630045,2023-01-20T17:23:02.000Z,só tenho pena da criança por presenciar isto.,0,0,1,https://twitter.com/SargentoFAHUR/status/1616166507309850624
Viviane,@vivirossetto,https://twitter.com/vivirossetto/status/1616258109978157058,2023-01-20T02:15:36.000Z,"E as crianças, ficaram com quem? Que dó das crianças crescerem nesse meio…",23,0,51,https://twitter.com/SargentoFAHUR/status/1616166507309850624
Mel Mesquita,@9876mel,https://twitter.com/9876mel/status/1616545307478708235,2023-01-20T21:16:49.000Z,Só pensei nas crianças vendo essa cena.,1,0,3,https://twitter.com/SargentoFAHUR/status/1616166507309850624
Claudinho Fontoura,@ClaudinhoFutsal,https://twitter.com/ClaudinhoFutsal/status/1616426995172409345,2023-01-20T13:26:42.000Z,"Corrigindo: foi a polícia gaúcha, que o prendeu.",0,0,0,https://twitter.com/SargentoFAHUR/status/1616166507309850624
Lucas Barbosa,@lucasbarbosa_86,https://twitter.com/lucasbarbosa_86/status/1616510626297425921,2023-01-20T18:59:01.000Z,Q coisa linda,0,0,0,https://twitter.com/SargentoFAHUR/status/1616166507309850624
Quartus Victor,@quartus_victor,https://twitter.com/quartus_victor/status/1616256037597712386,2023-01-20T02:07:22.000Z,Preso na frente dos filhos. Que lindo...☻,2,0,3,https://twitter.com/SargentoFAHUR/status/1616166507309850624
weel,@weelPB1978,https://twitter.com/weelPB1978/status/1616244369782194176,2023-01-20T01:21:00.000Z,A turma do amor já devem estar chorando 😭😭😭😭😭😭,1,0,1,https://twitter.com/SargentoFAHUR/status/1616166507309850624
Weslei wmo,@WesleiWmo,https://twitter.com/WesleiWmo/status/1616292858889216002,2023-01-20T04:33:41.000Z,"Adianta nada , em menos de um ano o @STF_oficial  solta ele .",1,0,3,https://twitter.com/SargentoFAHUR/status/1616166507309850624
Fabiana,@fabibarbosa45,https://twitter.com/fabibarbosa45/status/1616490085821861888,2023-01-20T17:37:24.000Z,"o ovo vai mandar prender os policiais por incomodar traficante no almoço com a família, isso é um desrespeito 🙄😁 haaaa relaxa ele sai logo .....",1,0,0,https://twitter.com/SargentoFAHUR/status/1616166507309850624
Edisley,@EdisleyVE,https://twitter.com/EdisleyVE/status/1616505863233015820,2023-01-20T18:40:05.000Z,Ele vai processar o estado por constrangimento esse e o Brasil de hoje,1,0,2,https://twitter.com/SargentoFAHUR/status/1616166507309850624
Fake News Network,@FakeNews38,https://twitter.com/FakeNews38/status/1616538329960382466,2023-01-20T20:49:06.000Z,Presta atenção no momento que vão apreender o celular da mulher. Algo me diz que ela e o policial já se conhecem...,1,0,53,https://twitter.com/SargentoFAHUR/status/1616166507309850624
Marcos,@Marcos33141466,https://twitter.com/Marcos33141466/status/1616508905005191171,2023-01-20T18:52:10.000Z,"Calma daqui pouco tá liberado não estava na porta das FA . 
Crime de tráfico dá nada não.
Crime que dá cadeia e se expressar o que pensa.",0,1,116,https://twitter.com/SargentoFAHUR/status/1616166507309850624
Raanogue,@raanogue,https://twitter.com/raanogue/status/1616517328417525761,2023-01-20T19:25:39.000Z,Daqui a 1 semana o ST5 manda soltar talkei,0,0,25,https://twitter.com/SargentoFAHUR/status/1616166507309850624
Catarina-,@_Catarina_Hofer,https://twitter.com/_Catarina_Hofer/status/1616619768655785984,2023-01-21T02:12:42.000Z,"""na frente do meu filho!!""
Kerida...o policial fez mais pelo seu filho do que vcs dois. Fim.",0,1,20,https://twitter.com/SargentoFAHUR/status/1616166507309850624
Ernani Maia Carneiro,@ernani1971,https://twitter.com/ernani1971/status/1616736452741664770,2023-01-21T09:56:22.000Z,Deixa o Gilmar saber disso que o habeas corpus chega na delegacia antes do marginal,0,1,25,https://twitter.com/SargentoFAHUR/status/1616166507309850624
Walkiria Toledo Veiga Schwab,@SchwabToledo,https://twitter.com/SchwabToledo/status/1616450647632613376,2023-01-20T15:00:41.000Z,"É  chato diante dos filhos, mas bem feito. Quantas famílias destruídas indiretamente por esse traficante.",3,2,17,https://twitter.com/SargentoFAHUR/status/1616166507309850624
Luiz de Jesus,@luizfpjesus,https://twitter.com/luizfpjesus/status/1616487487869784064,2023-01-20T17:27:04.000Z,"Que coisa bonita, almoçando com a família (aparentemente bem estruturada), ao custo de tantas desgraças, pessoas e famílias destruídas pelo produto que ele trafica. A prisão tinha que ser mesmo na frente da família dele!",0,4,16,https://twitter.com/SargentoFAHUR/status/1616166507309850624
Ingrid Beck,@beck_ingrid,https://twitter.com/beck_ingrid/status/1616540946992168975,2023-01-20T20:59:30.000Z,"Pensei aqui.. putz, na frente da família??? Mas, querem saber de uma coisa? Quando trabalhei como foto-jornalista na então Folha Nordeste (Ribeirão Preto) em 1995, tive que engolir uma vagaba irmã de um bandido que foi morto pela polícia quase me agredindo... eu acho é pouco!!",0,0,8,https://twitter.com/SargentoFAHUR/status/1616166507309850624
Edimar Aristides da Silva,@EdimarSilva75,https://twitter.com/EdimarSilva75/status/1616551660964220932,2023-01-20T21:42:04.000Z,"A alegação do STF para soltá-lo.
""É visível aqui nos autos que os Policiais, não se atentaram que o suspeito estava almoçando o que é uma situação sagrada diante disso o mesmo deve ser liberado imediatamente, e os policiais recolhidos a carceragem do presídio da PC.""",1,0,2,https://twitter.com/SargentoFAHUR/status/1616166507309850624
Robson só mais um,@Robson7n,https://twitter.com/Robson7n/status/1616577179667644416,2023-01-20T23:23:28.000Z,👏👏👏,1,4,23,https://twitter.com/SargentoFAHUR/status/1616166507309850624
M. Cristina,@CuonoMonica,https://twitter.com/CuonoMonica/status/1616777005843857409,2023-01-21T12:37:31.000Z,Gilmar solta em poucas horas.,0,2,18,https://twitter.com/SargentoFAHUR/status/1616166507309850624
GeneralDeFerroBrasil,@GenDeFerro,https://twitter.com/GenDeFerro/status/1616465813531230209,2023-01-20T16:00:57.000Z,"Vão soltar ele e ele vai vir à caça do flamenguista e do botafoguense com sangue nos olhos. Se tiver que ser, será na frente dos filhos também. 
Todo policial em operação deveria usar touca ninja.",1,1,19,https://twitter.com/SargentoFAHUR/status/1616166507309850624
Marcão,@ObednegoMarcos,https://twitter.com/ObednegoMarcos/status/1616457275689865216,2023-01-20T15:27:01.000Z,"Enquanto, isto os responsáveis pelo embarque e desembarque dos 40 kgs de pasta base de cocaína no avião da FAB, da comitiva presidencial, continuam impunes. Alguém que acredita que apenas o 3º sgt era o responsável, que não havia mais drogas no avião e foi a primeira vez?",2,0,9,https://twitter.com/SargentoFAHUR/status/1616166507309850624
Doleta Cristina,@denisaopaulo,https://twitter.com/denisaopaulo/status/1616550468561391622,2023-01-20T21:37:20.000Z,Queremos a prisão de Marina Silva e Haddad por prevaricação em cadeia internacional de imprensa,2,6,52,https://twitter.com/SargentoFAHUR/status/1616166507309850624
viajante,@5olho,https://twitter.com/5olho/status/1616255960892461056,2023-01-20T02:07:04.000Z,Tem haver ????,0,6,26,https://twitter.com/SargentoFAHUR/status/1616166507309850624
Lucas Souza,@wsouza_nlucas,https://twitter.com/wsouza_nlucas/status/1616833836427485184,2023-01-21T16:23:20.000Z,"A mulher é tão fiel ao cara que ela até esquece as crianças nem se preocupa em pedir pra alguém cuidar dar crianças, agora com o cara ela corre atrás dele...",0,2,5,https://twitter.com/SargentoFAHUR/status/1616166507309850624
Arma Zen,@Ualahssy,https://twitter.com/Ualahssy/status/1616166852769599488,2023-01-19T20:12:59.000Z,Tava fugindo pra Orlando,3,0,5,https://twitter.com/SargentoFAHUR/status/1616166507309850624
carlos zipperer juni,@czjunior3,https://twitter.com/czjunior3/status/1616167830352977920,2023-01-19T20:16:52.000Z,Daqui uns dias está solto novamente....tomara que não se candidate a presidência da República também,4,1,71,https://twitter.com/SargentoFAHUR/status/1616166507309850624
O PODER EMANA DO POVO,@PoderVemDoPovo1,https://twitter.com/PoderVemDoPovo1/status/1616637259557527552,2023-01-21T03:22:13.000Z,Gilmar Mendes ou Alexandre de Moraes vai libertá-lo em menos de uma semana,1,0,6,https://twitter.com/SargentoFAHUR/status/1616166507309850624
Dr. Mader,@Dr_Mader_,https://twitter.com/Dr_Mader_/status/1616602423585292289,2023-01-21T01:03:47.000Z,A tranquilidade dele é por um STF que irá salvá-lo.,0,0,15,https://twitter.com/SargentoFAHUR/status/1616166507309850624
єdvαł łiмα - CєαráSC,@EdvalVozao,https://twitter.com/EdvalVozao/status/1616471896425435138,2023-01-20T16:25:07.000Z,Acho que vi um twitter mostrando que ele foi um dos financiadores do golpe em Brasília kkk,1,1,12,https://twitter.com/SargentoFAHUR/status/1616166507309850624
Wanderson A Santana,@AppsWss,https://twitter.com/AppsWss/status/1616167955569459215,2023-01-19T20:17:22.000Z,"Enquanto os deputados do PT e PSOL trabalham 24 H para implantar sua agenda nefasta e perseguir oponentes, o deputag fica perdendo tempo com posts inúteis.
Se soubesse o que é o trabalho de parlamentar já teria entrado com 1 pedido de impeachment do Lula e afastamento do Dino.",9,0,32,https://twitter.com/SargentoFAHUR/status/1616166507309850624
Geleiros® Brasil,@GeleirosBrasil,https://twitter.com/GeleirosBrasil/status/1616168569774948356,2023-01-19T20:19:48.000Z,Já que a justiça solta,0,0,16,https://twitter.com/SargentoFAHUR/status/1616166507309850624
.Edilmara Santiago,@edilmarasantiag,https://twitter.com/edilmarasantiag/status/1616175382675263490,2023-01-19T20:46:52.000Z,Já já o Supremo Careca solta.,1,0,17,https://twitter.com/SargentoFAHUR/status/1616166507309850624
RFlores,@FloresCpo,https://twitter.com/FloresCpo/status/1616190264833368065,2023-01-19T21:46:01.000Z,"Infelizmente talvez seja a última vez que veremos uma ação assim.
O ""papi"" vai liberar tudo para os amigos traficantes.",2,0,26,https://twitter.com/SargentoFAHUR/status/1616166507309850624
Vitor Tri,@vitordalcoser,https://twitter.com/vitordalcoser/status/1616191423363047434,2023-01-19T21:50:37.000Z,No inicio da abordagem o policial fala Denarc-RS se chegassem com a camisas de Grêmio e inter chamaria muita atenção.,2,0,23,https://twitter.com/SargentoFAHUR/status/1616166507309850624
Val,@ValriaO60518597,https://twitter.com/ValriaO60518597/status/1616205860769828866,2023-01-19T22:47:59.000Z,Por quanto tempo? Provavelmente até GM ou Fachin ficarem sabendo.,1,3,27,https://twitter.com/SargentoFAHUR/status/1616166507309850624
Melque Camargo,@melquezedeckcam,https://twitter.com/melquezedeckcam/status/1616234677974482945,2023-01-20T00:42:30.000Z,Polícia no Rio hoje fez uma limpa. Vi na TV que pegaram um traficante de MG e em outra operação um do Ceará.,1,0,7,https://twitter.com/SargentoFAHUR/status/1616166507309850624
Alexandre L. Mattos,@Badernacast,https://twitter.com/Badernacast/status/1616188378822676486,2023-01-19T21:38:31.000Z,"Se ele tivesse feito o L, dava tempo de dar um ministério pra ele. Uma pena.",1,0,4,https://twitter.com/SargentoFAHUR/status/1616166507309850624
C. Barcelos,@Barcelos116,https://twitter.com/Barcelos116/status/1616438150775148547,2023-01-20T14:11:01.000Z,"Em breve nas ruas, a atual política é soltar bandido, prender inocentes!",1,0,0,https://twitter.com/SargentoFAHUR/status/1616166507309850624
João Victor Capitão Patria,@capitaopatriaa,https://twitter.com/capitaopatriaa/status/1616551768753688576,2023-01-20T21:42:30.000Z,@BaixaEssa,1,0,1,https://twitter.com/SargentoFAHUR/status/1616166507309850624
Medvirgo,@JMCaetano5,https://twitter.com/JMCaetano5/status/1616418972689391616,2023-01-20T12:54:49.000Z,Hoje deve ser solto. Se estivesse na porta de um Quartel já estaria na penitenciária.,1,0,0,https://twitter.com/SargentoFAHUR/status/1616166507309850624
Jair boeno,@jair_boeno,https://twitter.com/jair_boeno/status/1616241968845312000,2023-01-20T01:11:28.000Z,"jaja xandao solta, ele nao ameaça a democracia e serve o povo de esquerda",1,0,0,https://twitter.com/SargentoFAHUR/status/1616166507309850624
Donny Acaiaba,@Ge_Acaiaba,https://twitter.com/Ge_Acaiaba/status/1616509993158643712,2023-01-20T18:56:30.000Z,Mais um que vai ficar devendo favor para o tribunal vermelho. Infelizmente logo estará nas ruas.,1,0,0,https://twitter.com/SargentoFAHUR/status/1616166507309850624
Valmir,@Valmir38005691,https://twitter.com/Valmir38005691/status/1616520454176493569,2023-01-20T19:38:04.000Z,Isto sim é cumprimento de lei e não aquilo que estamos vendo em Brasília,1,0,1,https://twitter.com/SargentoFAHUR/status/1616166507309850624
Brasileiro Nato,@flavengo_aguiar,https://twitter.com/flavengo_aguiar/status/1616169322396663812,2023-01-19T20:22:48.000Z,"@gilmarmendes solta seu coleguinha aí, @STF_oficial manda soltar o comparsa de vocês.",0,0,3,https://twitter.com/SargentoFAHUR/status/1616166507309850624
Airton1903,@Airton1903,https://twitter.com/Airton1903/status/1616482779625029647,2023-01-20T17:08:22.000Z,Foi a Polícia Civil Gaúcha disfarçada...,0,0,2,https://twitter.com/SargentoFAHUR/status/1616166507309850624
Elias Insta: elias.profissionalcosmetics,@SousaElias40,https://twitter.com/SousaElias40/status/1616563051381264385,2023-01-20T22:27:20.000Z,O STF não soltou ainda ??,0,0,3,https://twitter.com/SargentoFAHUR/status/1616166507309850624
Gladistony Pires,@GladistonyP,https://twitter.com/GladistonyP/status/1616853250392604674,2023-01-21T17:40:29.000Z,Amanhã está solto pelo @STF_oficial,0,0,0,https://twitter.com/SargentoFAHUR/status/1616166507309850624
Tadeu Menezes#BrasilVota22,@TadeuMenezes7,https://twitter.com/TadeuMenezes7/status/1616494106506629131,2023-01-20T17:53:22.000Z,Ow maravilha,0,0,0,https://twitter.com/SargentoFAHUR/status/1616166507309850624
Gugguinha,@Gugguinha22,https://twitter.com/Gugguinha22/status/1616525494194675712,2023-01-20T19:58:06.000Z,"Puta que pariu. Que Tesao em dizer “ não tenta, polícia Civil.” um sonho meter essa bronca!🇧🇷🦅",1,0,0,https://twitter.com/SargentoFAHUR/status/1616166507309850624
Rodrigo Bordallo,@RodrigoBordallo,https://twitter.com/RodrigoBordallo/status/1616466098739617794,2023-01-20T16:02:05.000Z,Gilmar solta,0,0,2,https://twitter.com/SargentoFAHUR/status/1616166507309850624
Dionny,@DionsioDeJesus1,https://twitter.com/DionsioDeJesus1/status/1616821438274539520,2023-01-21T15:34:04.000Z,Que vergonha diante dos filhos .,0,0,0,https://twitter.com/SargentoFAHUR/status/1616166507309850624
TICKING...,@fabricotting,https://twitter.com/fabricotting/status/1616335106909638656,2023-01-20T07:21:34.000Z,"Quanto tempo para o STF mandar soltar e dizer que a prisão foi arbitrária, pois o indivíduo estava almoçando?",1,2,7,https://twitter.com/SargentoFAHUR/status/1616166507309850624
Elias Insta: elias.profissionalcosmetics,@SousaElias40,https://twitter.com/SousaElias40/status/1616563554127171601,2023-01-20T22:29:20.000Z,O mais bonito disso tudo é ver um botafoguense e um flamenguista juntos por um bem comum.🤜🤛😁,0,0,6,https://twitter.com/SargentoFAHUR/status/1616166507309850624
Antonio Prestes,@acfprestes12,https://twitter.com/acfprestes12/status/1616830330463477761,2023-01-21T16:09:24.000Z,"Se ele não estava rezando e cantando o hino nacional em frente aos quartéis, será solto rapidinho.",0,0,1,https://twitter.com/SargentoFAHUR/status/1616166507309850624
NÁDIA LIMA,@NDIADELIMABARR1,https://twitter.com/NDIADELIMABARR1/status/1616804213170012161,2023-01-21T14:25:37.000Z,Qual o ministério que vai ocupar no desgoverno do n!ne?,0,0,0,https://twitter.com/SargentoFAHUR/status/1616166507309850624
Márcio Martins,@mar88ciomartins,https://twitter.com/mar88ciomartins/status/1616840277053915138,2023-01-21T16:48:56.000Z,"Não existe hora e nem circunstância ideais. 
A hora de prender marginais é agora. 
Para estas crianças que presenciaram a cena, mais a frente quando jovens e adultos entenderão que  consequências por atos criminosos é cadeia.",0,0,0,https://twitter.com/SargentoFAHUR/status/1616166507309850624
vitao,@victordassiii,https://twitter.com/victordassiii/status/1616457286439899137,2023-01-20T15:27:04.000Z,ta mas a farda cade?,14,1,2,https://twitter.com/SargentoFAHUR/status/1616166507309850624
Regiane Muniz,@Re__Muniz,https://twitter.com/Re__Muniz/status/1616257527984914432,2023-01-20T02:13:17.000Z,"Mesmo sendo um traficante, existiam crianças na mesa. Poderiam ter feito de uma forma que elas fossem preservadas.",25,1,5,https://twitter.com/SargentoFAHUR/status/1616166507309850624
riva rocha,@rivarocha4,https://twitter.com/rivarocha4/status/1616495307717484546,2023-01-20T17:58:09.000Z,"Será que alguém vai dá um Habeas corpus , alegando que o CEP tava errado, polícia do rio de janeiro estava no Rio grande do Sul.",0,0,1,https://twitter.com/SargentoFAHUR/status/1616166507309850624
Suzana,@Suzana32200431,https://twitter.com/Suzana32200431/status/1616498704843776000,2023-01-20T18:11:38.000Z,Daqui há pouco ta solto,0,0,2,https://twitter.com/SargentoFAHUR/status/1616166507309850624
Katia lisboa oficial,@KATIALISBOA07,https://twitter.com/KATIALISBOA07/status/1616545902658834433,2023-01-20T21:19:11.000Z,Nem sei pra que prender kkkkkk todos são soltos depois só os inocentes é que ficam presos,0,0,0,https://twitter.com/SargentoFAHUR/status/1616166507309850624
Denise Furtado Assumpção,@DeniseFurtadoA1,https://twitter.com/DeniseFurtadoA1/status/1616548023236022277,2023-01-20T21:27:37.000Z,👏👏👏👏👏🇧🇷🇧🇷🇧🇷,0,0,1,https://twitter.com/SargentoFAHUR/status/1616166507309850624
Elder Marcos,@ElderMarcos5,https://twitter.com/ElderMarcos5/status/1616556882348462084,2023-01-20T22:02:49.000Z,STF já deve ter mandado soltar seu cliente e apurar administrativamente pela corregedoria quem mandou prender.,0,0,0,https://twitter.com/SargentoFAHUR/status/1616166507309850624
Lourdes de Senna Senna,@senna_lourdes,https://twitter.com/senna_lourdes/status/1616560798519775267,2023-01-20T22:18:23.000Z,E ficará preso?,0,0,0,https://twitter.com/SargentoFAHUR/status/1616166507309850624
Alex,@Alexajr1972,https://twitter.com/Alexajr1972/status/1616569322822041600,2023-01-20T22:52:15.000Z,Já já o Xandão solta.,0,0,3,https://twitter.com/SargentoFAHUR/status/1616166507309850624
Nilma Lima pinheiro,@NilmaLimapinhe2,https://twitter.com/NilmaLimapinhe2/status/1616589578588012544,2023-01-21T00:12:44.000Z,O supremo já sabe ?,0,0,2,https://twitter.com/SargentoFAHUR/status/1616166507309850624
Alan,@AlahPauliho,https://twitter.com/AlahPauliho/status/1616492819212046336,2023-01-20T17:48:15.000Z,"amanhã ta na rua, só falar que é amigo do Loola",0,0,8,https://twitter.com/SargentoFAHUR/status/1616166507309850624
Tânia Nogueira,@TniaNogueira6,https://twitter.com/TniaNogueira6/status/1616555958372651036,2023-01-20T21:59:09.000Z,Daqui a pouco está solto novamente!,0,0,3,https://twitter.com/SargentoFAHUR/status/1616166507309850624
Gil Alexandre Borges,@bigborges01,https://twitter.com/bigborges01/status/1616571764196233218,2023-01-20T23:01:57.000Z,Em quem vcs apostam que irá soltar o bandido?,0,0,3,https://twitter.com/SargentoFAHUR/status/1616166507309850624
Andréa Mello,@AndraMe18223362,https://twitter.com/AndraMe18223362/status/1616579905294336000,2023-01-20T23:34:18.000Z,Nossa voltaram a trabalhar? Pq ultimamente não víamos absolutamente mais nada além de prender gente inocente no lugar de bandido!,1,0,2,https://twitter.com/SargentoFAHUR/status/1616166507309850624
Lia Maximino,@LiaMaximino,https://twitter.com/LiaMaximino/status/1616778993037983744,2023-01-21T12:45:24.000Z,"Cobra criada,sentiu na hora que entraram,mesmo sentando junto a janela do restaurante para vigiar,só que entraram pelos fundos,foi muito bem feita a operação!",0,0,5,https://twitter.com/SargentoFAHUR/status/1616166507309850624
Auxília Beatriz,@auxilia_beatriz,https://twitter.com/auxilia_beatriz/status/1616861628565184512,2023-01-21T18:13:46.000Z,"Contagem regressiva para o 🥚e cia, soltatem.",0,1,1,https://twitter.com/SargentoFAHUR/status/1616166507309850624
Scarpelini79,@scarpeliniteba,https://twitter.com/scarpeliniteba/status/1616168449478213633,2023-01-19T20:19:19.000Z,Estranho é a mulher do traficante chamando o policial civil pelo nome.,22,0,174,https://twitter.com/SargentoFAHUR/status/1616166507309850624
cicinho marcio,@MarcioCicinho,https://twitter.com/MarcioCicinho/status/1616167367062749184,2023-01-19T20:15:01.000Z,Dois dias o STF solta,0,0,7,https://twitter.com/SargentoFAHUR/status/1616166507309850624
Denizar A. Pereira,@DenizarP,https://twitter.com/DenizarP/status/1616167527016706050,2023-01-19T20:15:40.000Z,me parece que a bordagem policial foi impecavel hein!!!,0,0,6,https://twitter.com/SargentoFAHUR/status/1616166507309850624
Paulo,@Paulo56796062,https://twitter.com/Paulo56796062/status/1616167605282213888,2023-01-19T20:15:58.000Z,AMANHÃ O STF SOLTA,0,0,11,https://twitter.com/SargentoFAHUR/status/1616166507309850624
Simone,@Simone6719,https://twitter.com/Simone6719/status/1616523779785592833,2023-01-20T19:51:17.000Z,Não sei pra que esse trabalho todo se vai ser liberado pelo STF.,0,0,2,https://twitter.com/SargentoFAHUR/status/1616166507309850624
FRANCISCO MACIEL,@QUEIROZMACIEL,https://twitter.com/QUEIROZMACIEL/status/1616866661453242369,2023-01-21T18:33:46.000Z,"Não quero ser estraga prazer, mas logo algum juiz graúdo vai manda-lo pra casa com tornozeleira e os policiais que o prenderam estarão sendo perseguidos.",0,0,0,https://twitter.com/SargentoFAHUR/status/1616166507309850624
Rumo a ética e a democracia,@Madeirapoli,https://twitter.com/Madeirapoli/status/1616887699952091138,2023-01-21T19:57:22.000Z,STF solta,0,0,0,https://twitter.com/SargentoFAHUR/status/1616166507309850624
mãe eu tô na ditadura,@seguedireitape3,https://twitter.com/seguedireitape3/status/1616889539666001923,2023-01-21T20:04:41.000Z,Quanto tempo até Gilmar laxante soltar?,0,0,0,https://twitter.com/SargentoFAHUR/status/1616166507309850624
Fabrício Thomaz,@Fabriiciio_MT,https://twitter.com/Fabriiciio_MT/status/1616185399398776838,2023-01-19T21:26:41.000Z,Vai ficar muito tempo não. Vai ser solto logo logo.,0,0,1,https://twitter.com/SargentoFAHUR/status/1616166507309850624
Ozeas Ribeiro da Silva,@ozeas_ribeiro,https://twitter.com/ozeas_ribeiro/status/1616874992574291969,2023-01-21T19:06:52.000Z,Os dedos da mulher que nem cabe mais jóias...,0,0,0,https://twitter.com/SargentoFAHUR/status/1616166507309850624
Elisio Amorim,@AmorimEli10,https://twitter.com/AmorimEli10/status/1617249413579116545,2023-01-22T19:54:41.000Z,Já foi solto pela injustiça do país?,0,0,0,https://twitter.com/SargentoFAHUR/status/1616166507309850624
Renato Borba,@dezborba,https://twitter.com/dezborba/status/1616527878149279745,2023-01-20T20:07:34.000Z,"Vamos ver até quando fica preso, não vai um mês o Xandão manda soltar !",0,0,4,https://twitter.com/SargentoFAHUR/status/1616166507309850624
Lou Olive,@LouOlive1,https://twitter.com/LouOlive1/status/1616535670805364736,2023-01-20T20:38:32.000Z,Por quantos dias?,0,0,3,https://twitter.com/SargentoFAHUR/status/1616166507309850624
Adriana Ribeiro Castro,@drika1164,https://twitter.com/drika1164/status/1616491742294835219,2023-01-20T17:43:58.000Z,👏🏼👏🏼👏🏼👏🏼👏🏼👏🏼🥰,0,0,0,https://twitter.com/SargentoFAHUR/status/1616166507309850624
Rodrigo ◤✠◢,@Rodrigosgtpm,https://twitter.com/Rodrigosgtpm/status/1616558918565785601,2023-01-20T22:10:55.000Z,Coisa linda!,0,0,0,https://twitter.com/SargentoFAHUR/status/1616166507309850624
Silviam,@thorell_silvia,https://twitter.com/thorell_silvia/status/1616888051048882178,2023-01-21T19:58:46.000Z,Sera Que fica preso?,0,0,0,https://twitter.com/SargentoFAHUR/status/1616166507309850624
Maria Carvalho Bolsonaro Deus Vult!,@mpcarvalho57,https://twitter.com/mpcarvalho57/status/1616181714480414747,2023-01-19T21:12:02.000Z,Nem deixaram ele acabar de comer um salmão na brasa.😋😂,0,0,0,https://twitter.com/SargentoFAHUR/status/1616166507309850624
Militant da e da Pátria,@MilitCruzPatria,https://twitter.com/MilitCruzPatria/status/1616432602319036416,2023-01-20T13:48:58.000Z,👏👏👏👏👏👏,0,0,0,https://twitter.com/SargentoFAHUR/status/1616166507309850624
Elisa Maurente,@Elisa19731955,https://twitter.com/Elisa19731955/status/1616481253515034624,2023-01-20T17:02:18.000Z,O 5Tf manda soltar em breve.,0,0,0,https://twitter.com/SargentoFAHUR/status/1616166507309850624
Dommani,@Feirense007,https://twitter.com/Feirense007/status/1616498159450001418,2023-01-20T18:09:28.000Z,"PODE CONFERIR AQUI, VAI TER ALGUÉM DE BRASÍLIA QUE VAI DAR UMA CANETADA PRA SOLTAR E AINDA VAI PROCESSAR OS POLICIAIS",0,0,0,https://twitter.com/SargentoFAHUR/status/1616166507309850624
Touché,@tuche1204,https://twitter.com/tuche1204/status/1616499972794421256,2023-01-20T18:16:41.000Z,Gilmar mendes ja viu a noticia ???,0,0,0,https://twitter.com/SargentoFAHUR/status/1616166507309850624
Gilberto Carvalho,@GilftCarvalho,https://twitter.com/GilftCarvalho/status/1616845351369015296,2023-01-21T17:09:05.000Z,"Mais um que irá fazer um tour pela cadeia, daqui a pouco estará nas ruas, quiçá perseguindo e matando estes nobres policiais. Triste fim de um país sem lei.",0,0,0,https://twitter.com/SargentoFAHUR/status/1616166507309850624
@Diego82,@Diego82,https://twitter.com/diegoreis82/status/1616446869932056577,2023-01-20T14:45:40.000Z,Ele já deve ter comprado um habeas corpus no STF.,0,0,0,https://twitter.com/SargentoFAHUR/status/1616166507309850624
Gério 65,@RogerioF1965,https://twitter.com/RogerioF1965/status/1616218056589733888,2023-01-19T23:36:27.000Z,"Se tiver cacife, o Gilmar solta.....",0,0,2,https://twitter.com/SargentoFAHUR/status/1616166507309850624
Marcelo Barreto,@Barret0Marcelo,https://twitter.com/Barret0Marcelo/status/1616565533272309764,2023-01-20T22:37:12.000Z,"Camisa de time, boné, descalços, uso de algemas. Prisão invalidada e agentes presos em instantes. Tic tac",0,0,0,https://twitter.com/SargentoFAHUR/status/1616166507309850624
Marcelo SM,@Marcelo13761861,https://twitter.com/Marcelo13761861/status/1616747790385745921,2023-01-21T10:41:25.000Z,Será que os togados vai demorar para soltar ele? Façam suas apostas,0,0,1,https://twitter.com/SargentoFAHUR/status/1616166507309850624
Rivi Eler,@rivieler,https://twitter.com/rivieler/status/1616486079627919387,2023-01-20T17:21:28.000Z,"Por acaso traficante tem direito de ir almoçar com a família em um restaurante?
Muito folgado!",0,0,0,https://twitter.com/SargentoFAHUR/status/1616166507309850624
Rosangela Zanelato,@rose_raoz,https://twitter.com/rose_raoz/status/1616420609960943623,2023-01-20T13:01:19.000Z,Com certeza.,0,0,2,https://twitter.com/SargentoFAHUR/status/1616166507309850624
Cátia Pereira,@CATHIAPEREIRA1,https://twitter.com/CATHIAPEREIRA1/status/1616613670406000642,2023-01-21T01:48:28.000Z,"Estão aprendido com  Chicago PD , brincadeiras a parte. Mas infelizmente tem que ser assim , filhos nem importaram  e a esposa rapidinho pegando pertencer deles e chaves , ela msm se entregou , na vdd vou acompanhar com certeza esse  já e casado com a defesa não tenha dúvida .",1,0,0,https://twitter.com/SargentoFAHUR/status/1616166507309850624
General da Banda,@GeneralEstrelas,https://twitter.com/GeneralEstrelas/status/1616810258885664768,2023-01-21T14:49:39.000Z,"Não verão isso em outros Estados dominados pelo PT. Das duas uma: ou a Polícia combate o Narco, ou estão selecionando quem manda no pedaço.",0,0,1,https://twitter.com/SargentoFAHUR/status/1616166507309850624
Mateus Breda,@MateusPBreda,https://twitter.com/MateusPBreda/status/1616841805194006529,2023-01-21T16:55:00.000Z,Já já o STF solta!,0,0,1,https://twitter.com/SargentoFAHUR/status/1616166507309850624
Francis Mendes,@FrancisleyRodr1,https://twitter.com/FrancisleyRodr1/status/1616248728632844288,2023-01-20T01:38:20.000Z,Já faz 5h que postou isso. A pergunta é: ele já foi solto pelo ST4?,0,0,0,https://twitter.com/SargentoFAHUR/status/1616166507309850624
MARCO AURÉLIO,@MARKOPHER_,https://twitter.com/MARKOPHER_/status/1616802540477370374,2023-01-21T14:18:59.000Z,Tem certeza meu prezado? Já ouviu falar em um tal de ESSETEEFE?,1,0,1,https://twitter.com/SargentoFAHUR/status/1616166507309850624
DG,@____DG_______,https://twitter.com/____DG_______/status/1616167637796487168,2023-01-19T20:16:06.000Z,"Fala FAHUR, se tem 22 é pq cabem 22, certo?",16,3,72,https://twitter.com/SargentoFAHUR/status/1616166507309850624
Santi David,@Santi_David1909,https://twitter.com/Santi_David1909/status/1616175026373369856,2023-01-19T20:45:28.000Z,Quem tomo no fiote com o prejuizo da conta foi o dono do restaurante 😂😂,1,0,84,https://twitter.com/SargentoFAHUR/status/1616166507309850624
Henrique Cunha,@henrique_cunha_,https://twitter.com/henrique_cunha_/status/1616220100503261184,2023-01-19T23:44:34.000Z,Ele foi preso pela Polícia Civil do RS e não do RJ,1,0,2,https://twitter.com/SargentoFAHUR/status/1616166507309850624
TekomAis (Adilson SousA),@tekomaisSousa,https://twitter.com/tekomaisSousa/status/1616224318555361282,2023-01-20T00:01:20.000Z,"O melhor foi ver flamenguista e botafoguense trabalhando juntos, o pior é que sabemos que não fica preso por muito tempo, ainda mais agora que tá tudo liberado.",1,0,3,https://twitter.com/SargentoFAHUR/status/1616166507309850624
Olaí Santos,@OlaiSantos,https://twitter.com/OlaiSantos/status/1616247730535559168,2023-01-20T01:34:22.000Z,"Daí você tira uma conclusão sobre a prisão do Índio dia 12 de dezembro: ""Quando é uma operação (mandando de prisão) séria, a PF/PC sabem exatamente como agir sem fazer tumulto, nem nada"".",2,4,22,https://twitter.com/SargentoFAHUR/status/1616166507309850624
Cano Soares,@cano_soares,https://twitter.com/cano_soares/status/1616249007524745216,2023-01-20T01:39:26.000Z,Prendeu para quê? Daqui a pouco ele está livre e quem o prendeu estará preso. Brasil já é um narco-estado.,2,0,7,https://twitter.com/SargentoFAHUR/status/1616166507309850624
,@ColoradoDonato,https://twitter.com/ColoradoDonato/status/1616249046783369217,2023-01-20T01:39:35.000Z,"Um cara com a camisa do Flamengo PRENDENDO alguém, e não o contrário, foi bem surpreende kkkkkk",0,0,13,https://twitter.com/SargentoFAHUR/status/1616166507309850624
Herbert_Buriti ‍,@Herbert_Buriti,https://twitter.com/Herbert_Buriti/status/1616253414849273856,2023-01-20T01:56:57.000Z,Vai bater o cartão no STF e será solto pra tirar férias em casa,1,0,6,https://twitter.com/SargentoFAHUR/status/1616166507309850624
Ventos Frios,@tiabili,https://twitter.com/tiabili/status/1616398888008814593,2023-01-20T11:35:00.000Z,"Agora a madame preocupa com o filho, papelão.",0,0,6,https://twitter.com/SargentoFAHUR/status/1616166507309850624
Gisele GG,@giselegomesg,https://twitter.com/giselegomesg/status/1616558297955373057,2023-01-20T22:08:27.000Z,Será?😕,0,0,1,https://twitter.com/SargentoFAHUR/status/1616166507309850624
Giseli Zaniboni,@ZaniboniGiseli,https://twitter.com/ZaniboniGiseli/status/1616584821282570240,2023-01-20T23:53:50.000Z,Não dá em nada fiquem tranquilos,0,0,1,https://twitter.com/SargentoFAHUR/status/1616166507309850624
Ian Arthur Sulocki,@ISulocki,https://twitter.com/ISulocki/status/1616884537094557698,2023-01-21T19:44:48.000Z,Gilmar já deve ter soltado,0,0,2,https://twitter.com/SargentoFAHUR/status/1616166507309850624
Dalvinha Rodrigues,@DalvinhaRodrig2,https://twitter.com/DalvinhaRodrig2/status/1617263798225608705,2023-01-22T20:51:51.000Z,O PT vai mandar soltar...,0,0,1,https://twitter.com/SargentoFAHUR/status/1616166507309850624
#DIREITA SEMPRE.,@SoniaSa16368791,https://twitter.com/SoniaSa16368791/status/1616174547622891523,2023-01-19T20:43:33.000Z,stf ja solta,0,0,4,https://twitter.com/SargentoFAHUR/status/1616166507309850624
Jonas Manzzoni PETISTAS NA CADEIA,@JonnasMusk,https://twitter.com/JonnasMusk/status/1616536968371863569,2023-01-20T20:43:41.000Z,"Pena das crianças com esses tipos de pais, mas nem adianta se empolgar, logo, logo vem a canetada de um Super Supremo livrar!",0,0,1,https://twitter.com/SargentoFAHUR/status/1616166507309850624
Rogerio Melo,@RogerioMeloAlb1,https://twitter.com/RogerioMeloAlb1/status/1616538752540704791,2023-01-20T20:50:47.000Z,Fora das ruas até quando????,0,0,1,https://twitter.com/SargentoFAHUR/status/1616166507309850624
Edimar Aristides da Silva,@EdimarSilva75,https://twitter.com/EdimarSilva75/status/1616548663316156416,2023-01-20T21:30:10.000Z,Vamos ver enquanto tempo o STF manda soltá-lo. Que comecem as apostas.,0,0,1,https://twitter.com/SargentoFAHUR/status/1616166507309850624
siloliveeiraO@gmail.com,siloliveeiraO@gmail.com,https://twitter.com/siloliveira810/status/1616555572605616128,2023-01-20T21:57:37.000Z,"Ja ja ta na rua,esqueceu q aqui é BRASIL????",0,0,1,https://twitter.com/SargentoFAHUR/status/1616166507309850624
Park Aniki,@AnikiPark,https://twitter.com/AnikiPark/status/1616559257779949590,2023-01-20T22:12:15.000Z,Gilmar vai mandar soltar.,0,0,2,https://twitter.com/SargentoFAHUR/status/1616166507309850624
José Drummond Drummond,@JosDrummondDru3,https://twitter.com/JosDrummondDru3/status/1616527513202659328,2023-01-20T20:06:07.000Z,"Quem disse que vai ficar preso?
Basta a noticia chegar aos chefes e qualquer deles manda soltar em decisão monocrática, que depois será referendada pelo colegiado. 
No Brasil traficante é rei.
Eles deram o golpe e estão no poder!",0,0,0,https://twitter.com/SargentoFAHUR/status/1616166507309850624
Arleide,@Arleide11543137,https://twitter.com/Arleide11543137/status/1616844792586969088,2023-01-21T17:06:52.000Z,"Com um Supremo advog@do do PCC, uma polícia de joelhos e uma organização criminosa no comando do país como o Brasil. 🇧🇷🇧🇷Qual a diferença de ter mais um traficante nas ruas agindo como país de família.",0,0,0,https://twitter.com/SargentoFAHUR/status/1616166507309850624
Lai,@SmpreBolsonaro,https://twitter.com/SmpreBolsonaro/status/1616417291041705984,2023-01-20T12:48:08.000Z,Esse Gabriel ai é da policia E conhecido da mulher do cara?,1,0,0,https://twitter.com/SargentoFAHUR/status/1616166507309850624
Cissa Rodrigues,@31Cissa,https://twitter.com/31Cissa/status/1629117203336364035,2023-02-24T13:53:03.000Z,"O desespero é porque no celular dele tem fotos de amizade profunda entre o Doval e uma ""primeira dama"", será????😜🔥🔥🔥",0,0,0,https://twitter.com/SargentoFAHUR/status/1616166507309850624
Elton Rangel Junior,@EltonRangelJr,https://twitter.com/EltonRangelJr/status/1616525342495178762,2023-01-20T19:57:29.000Z,O STF já vai soltar. Os ministros não suportam ver um comparsa preso.,0,0,0,https://twitter.com/SargentoFAHUR/status/1616166507309850624
Morais.tom,@moraistom_cbv,https://twitter.com/moraistom_cbv/status/1616530789314822158,2023-01-20T20:19:08.000Z,"Vamos ver quanto tempo ele vai ficar preso né, ou vai ter uma canetada de algum juiz para soltar ele.",0,0,0,https://twitter.com/SargentoFAHUR/status/1616166507309850624
Fora Loola,@LiaFattima,https://twitter.com/LiaFattima/status/1616550395597160448,2023-01-20T21:37:03.000Z,Coisa boa de se ver oxe,0,0,0,https://twitter.com/SargentoFAHUR/status/1616166507309850624
Tatiana Costa,@tati_anacosta,https://twitter.com/tati_anacosta/status/1616574332049981441,2023-01-20T23:12:09.000Z,"STF na escuta, câmbio...",0,0,0,https://twitter.com/SargentoFAHUR/status/1616166507309850624
Adriano,@Adriano1235813,https://twitter.com/Adriano1235813/status/1616595218501087232,2023-01-21T00:35:09.000Z,0:02 👀 💭”a casa caiu” pensou.,0,0,0,https://twitter.com/SargentoFAHUR/status/1616166507309850624
GhostNanne,@ghost_nanne,https://twitter.com/ghost_nanne/status/1616616557718786048,2023-01-21T01:59:57.000Z,Parabéns a todos os envolvidos 👏👏👏,0,0,1,https://twitter.com/SargentoFAHUR/status/1616166507309850624
Helena Galil,@GalilHelena,https://twitter.com/GalilHelena/status/1617017902409842688,2023-01-22T04:34:45.000Z,"Agora,vem um urubu de toga e coloca o estrume na Rua,né @Fachim",0,0,0,https://twitter.com/SargentoFAHUR/status/1616166507309850624
mary xavier,@maryxaviercast,https://twitter.com/maryxaviercast/status/1616512305969172499,2023-01-20T19:05:41.000Z,O ST$ vai soltar já já @SargentoFAHUR,0,0,0,https://twitter.com/SargentoFAHUR/status/1616166507309850624
Alexandre no Texas,@CowboydeDallas1,https://twitter.com/CowboydeDallas1/status/1616490013134290977,2023-01-20T17:37:06.000Z,Que lindo ele tava almoçando @😂😂😂 pagando de bom mocinho ohhhh Meu Deus  😂😂😂😂😂😂,0,0,0,https://twitter.com/SargentoFAHUR/status/1616166507309850624
Edward Aragao,@EdwardAragao,https://twitter.com/EdwardAragao/status/1616811777089486848,2023-01-21T14:55:41.000Z,Falta o Lula !,0,0,0,https://twitter.com/SargentoFAHUR/status/1616166507309850624
Blog Patriotas da Cidade de JUNDIAÍ II,@BlogJundiai,https://twitter.com/BlogJundiai/status/1616560758434811929,2023-01-20T22:18:13.000Z,Perguntas: Vai pro STFPT? Cabeça de ovo cozido solta?,0,0,0,https://twitter.com/SargentoFAHUR/status/1616166507309850624
Caio......,@CaioMacedoB,https://twitter.com/CaioMacedoB/status/1616814629791092742,2023-01-21T15:07:01.000Z,"Besta é quem acha que esse soldado do crime é traficante... Fernandinho Beira-mar deixou claro; sou apenas um pião, o chefe tem mandato e toga...",0,0,0,https://twitter.com/SargentoFAHUR/status/1616166507309850624
WellingtoN\Bolso22,@Welllington1977,https://twitter.com/Welllington1977/status/1616842665097629703,2023-01-21T16:58:25.000Z,É só chegar e falar que é polícia civil tem que mostrar uma identificação não assim para ser certo seus malandros mandar buscar pessoas para matar outro malandro e falar que é polícia tá lascado,0,0,0,https://twitter.com/SargentoFAHUR/status/1616166507309850624
Flavio Lima,@FlavioMSilvaLi1,https://twitter.com/FlavioMSilvaLi1/status/1616400261609623553,2023-01-20T11:40:28.000Z,Merecia prisao perpétuo por fazer os filhos passarem por isso…👍,0,0,0,https://twitter.com/SargentoFAHUR/status/1616166507309850624
JotaJaime,@Jaime19Jota,https://twitter.com/Jaime19Jota/status/1616488798514184216,2023-01-20T17:32:17.000Z,"Calma que o STF está ""atento"".",0,0,0,https://twitter.com/SargentoFAHUR/status/1616166507309850624
Josafa alves dos santos Santos,@Josafaalvesdos1,https://twitter.com/Josafaalvesdos1/status/1616877483294441473,2023-01-21T19:16:46.000Z,AMANHÃ O XANDAO MANDA SOLTAR!!!,0,0,0,https://twitter.com/SargentoFAHUR/status/1616166507309850624
Mané Brasileiro por essência,@WalterL10697579,https://twitter.com/WalterL10697579/status/1616528981800501248,2023-01-20T20:11:57.000Z,👏🏼👏🏼👏🏼👏🏼👏🏼,0,0,0,https://twitter.com/SargentoFAHUR/status/1616166507309850624
Nilton Furtado,@NiltonFurtado8,https://twitter.com/NiltonFurtado8/status/1616813996564254720,2023-01-21T15:04:30.000Z,Parabéns aos Policia,0,0,0,https://twitter.com/SargentoFAHUR/status/1616166507309850624
Helinho Correa,@heliomc65,https://twitter.com/heliomc65/status/1616569900146761730,2023-01-20T22:54:33.000Z,"Em um restaurante de boa no Rio, sabe o que é isso, certeza da impunidade.",0,0,2,https://twitter.com/SargentoFAHUR/status/1616166507309850624
Lobisomi Larápio,@Olobizomi,https://twitter.com/Olobizomi/status/1616436242362798090,2023-01-20T14:03:26.000Z,Um flamenguista e um botafoguense kkkkk que disfarce épico,0,0,0,https://twitter.com/SargentoFAHUR/status/1616166507309850624
Pietro Manuguerra,@pimanu,https://twitter.com/pimanu/status/1616502391582461954,2023-01-20T18:26:17.000Z,Tranquilo. O Gilmar solta.,0,0,0,https://twitter.com/SargentoFAHUR/status/1616166507309850624
jose osvaldo santos,@SupValdo,https://twitter.com/SupValdo/status/1616886993161523201,2023-01-21T19:54:34.000Z,"Estou surpreso, um bandido sendo preso no Brasil? Não!!!!",0,0,0,https://twitter.com/SargentoFAHUR/status/1616166507309850624
"Ore, pq socar as pessoas dá confusão.",@robomiliciana,https://twitter.com/robomiliciana/status/1616620078836891648,2023-01-21T02:13:56.000Z,Ela chama o policial pelo nome? Me parece bem íntima. Ele tenta tirar o celular dela e ela não deixa e fica por isso mesmo? 🤔🤔🤔,0,0,0,https://twitter.com/SargentoFAHUR/status/1616166507309850624
Carol Mardegan,@carol_mardegan,https://twitter.com/carol_mardegan/status/1616696784541126657,2023-01-21T07:18:44.000Z,Gilmarzao já preparou a caneta!!!!,0,0,0,https://twitter.com/SargentoFAHUR/status/1616166507309850624
Fernando Golfar,@fernandogolfar,https://twitter.com/fernandogolfar/status/1616545033712291858,2023-01-20T21:15:44.000Z,"Não me diga que ele estava nas manifestações de Brasília ? Porque se for outro crime, não dá nada.... já deve estar solto.",0,0,0,https://twitter.com/SargentoFAHUR/status/1616166507309850624
Famila vem 1°.,@mondrogo,https://twitter.com/mondrogo/status/1616601392235352066,2023-01-21T00:59:41.000Z,Só eu ou mais alguém Desanimado e desacreditado  com o Brasil  e com a justiça?,0,0,0,https://twitter.com/SargentoFAHUR/status/1616166507309850624
Jane Gabriela,@janegabx,https://twitter.com/janegabx/status/1616707497837953024,2023-01-21T08:01:19.000Z,Pena que já já ta livre…,0,0,0,https://twitter.com/SargentoFAHUR/status/1616166507309850624
WellingtoN\Bolso22,@Welllington1977,https://twitter.com/Welllington1977/status/1616842484365275136,2023-01-21T16:57:42.000Z,A mulher chamou o agente pelo nome,0,0,0,https://twitter.com/SargentoFAHUR/status/1616166507309850624
LEONOR LIMA,@belademinas,https://twitter.com/belademinas/status/1616838847240835073,2023-01-21T16:43:15.000Z,Putz,0,0,0,https://twitter.com/SargentoFAHUR/status/1616166507309850624
Leandro Oliveira,@Leandro3Lionel,https://twitter.com/Leandro3Lionel/status/1616844335105904647,2023-01-21T17:05:03.000Z,Já já titio Gilmar solta.,0,0,0,https://twitter.com/SargentoFAHUR/status/1616166507309850624
Rogério Caetano Bicalho,@RogrioCaetanoB1,https://twitter.com/RogrioCaetanoB1/status/1616548096036454400,2023-01-20T21:27:54.000Z,Judiciário em 3 2 1,0,0,0,https://twitter.com/SargentoFAHUR/status/1616166507309850624
RC,@RC311948,https://twitter.com/RC311948/status/1616550050267828224,2023-01-20T21:35:40.000Z,Vamos ver até quando!🇧🇷,0,0,0,https://twitter.com/SargentoFAHUR/status/1616166507309850624
asartor.br,@asartor_br,https://twitter.com/asartor_br/status/1616560647063457813,2023-01-20T22:17:47.000Z,Logo o STF solta.,0,0,0,https://twitter.com/SargentoFAHUR/status/1616166507309850624
DEKOMITO,@LuizFra11085591,https://twitter.com/LuizFra11085591/status/1616445375891779585,2023-01-20T14:39:44.000Z,Isso é um serviço para o Super.......🤔🤔🤔,0,0,0,https://twitter.com/SargentoFAHUR/status/1616166507309850624
FabiSch,@FabianaSchlind2,https://twitter.com/FabianaSchlind2/status/1616820641679679488,2023-01-21T15:30:54.000Z,Já deve estar solto 😑,0,0,0,https://twitter.com/SargentoFAHUR/status/1616166507309850624
Marcio SDV,@marcio_oficiaI,https://twitter.com/marcio_oficiaI/status/1616838719868211202,2023-01-21T16:42:44.000Z,Isso se o 5TF não soltar né?,0,0,0,https://twitter.com/SargentoFAHUR/status/1616166507309850624
Audrey,@Audrey10430815,https://twitter.com/Audrey10430815/status/1616848659752095745,2023-01-21T17:22:14.000Z,Deu dó das crianças,0,0,0,https://twitter.com/SargentoFAHUR/status/1616166507309850624
OldCrow,@Bogaz41,https://twitter.com/Bogaz41/status/1616477450359263232,2023-01-20T16:47:11.000Z,Da nada..esse ai nem vai esquentar a cela..só esperar chegar no STF..quem sabe já ganha até um cargo no governo.,0,0,0,https://twitter.com/SargentoFAHUR/status/1616166507309850624
itamar de oliveira,@ItamarOSilva,https://twitter.com/ItamarOSilva/status/1616493704503767040,2023-01-20T17:51:46.000Z,"Já será solto. 
""Foi pro STF"".",0,0,0,https://twitter.com/SargentoFAHUR/status/1616166507309850624
Maurício Coelho,@mcoelho66,https://twitter.com/mcoelho66/status/1616503072057860096,2023-01-20T18:29:00.000Z,"Os policiais chegaram vestindo camisas do Flamengo e Botafogo, adorei kkkk",0,0,0,https://twitter.com/SargentoFAHUR/status/1616166507309850624
Rui Amaral Lemos Junior,@RuiAmaralLemos1,https://twitter.com/RuiAmaralLemos1/status/1616503929004789760,2023-01-20T18:32:24.000Z,👏👏👏👏👏,0,0,0,https://twitter.com/SargentoFAHUR/status/1616166507309850624
Tánia,@Marasals1,https://twitter.com/Marasals1/status/1616780313019154434,2023-01-21T12:50:39.000Z,Isso se n ganhar um HC 😉,0,0,0,https://twitter.com/SargentoFAHUR/status/1616166507309850624
Helena Piva,@HelenaLFPiva,https://twitter.com/HelenaLFPiva/status/1616811310649335809,2023-01-21T14:53:50.000Z,Achei um teatro armado !!! Ela já deve estar nas Maldivas esperando o molusco para comemorar!!!,0,0,0,https://twitter.com/SargentoFAHUR/status/1616166507309850624
NOSFERATU,@Loiro883883,https://twitter.com/Loiro883883/status/1616839922890989569,2023-01-21T16:47:31.000Z,Logo o STF solta!,0,0,0,https://twitter.com/SargentoFAHUR/status/1616166507309850624
Eliana Mussato,@MussatoEliana,https://twitter.com/MussatoEliana/status/1616822928032813056,2023-01-21T15:39:59.000Z,Bocão aí da não mandou soltar?,0,0,0,https://twitter.com/SargentoFAHUR/status/1616166507309850624
Lu Evangelista,@Lupeixoto04,https://twitter.com/Lupeixoto04/status/1616200168642121730,2023-01-19T22:25:22.000Z,"A reclamação : na frente dos meus filhos ! Rsrs  se sou responderia: mas, que bom que foi na frente, assim eles aprendem logo cedo que se fizerem coisa errada a polícia leva !!  🫡👊👏",5,12,434,https://twitter.com/SargentoFAHUR/status/1616166507309850624
Ana Vasconcellos,@anacellos21,https://twitter.com/anacellos21/status/1616492557470400512,2023-01-20T17:47:13.000Z,1 real de crédito para o PC Gabriel e a esposa do Traf Ednaaa...,1,0,1,https://twitter.com/SargentoFAHUR/status/1616166507309850624
Heli Graci,@HeliGraci,https://twitter.com/HeliGraci/status/1616270958976978944,2023-01-20T03:06:40.000Z,Acho que o Gabriel tava jogando no campo do adversário!,2,0,2,https://twitter.com/SargentoFAHUR/status/1616166507309850624
Breno Alves,@Brenoallst,https://twitter.com/Brenoallst/status/1616167736882651137,2023-01-19T20:16:30.000Z,"Quando você fala que bandido bom é bandido morto 
Tá englobando político, miliciano e golpista também 

Ou tem viés social?",1,0,0,https://twitter.com/SargentoFAHUR/status/1616166507309850624
Mateus Loubach,@mateusloubach_,https://twitter.com/mateusloubach_/status/1616505270842150912,2023-01-20T18:37:44.000Z,Tenho indicação de um criminoso que está solto mas precisa voltar pra cadeia. Posso mandar aqui o endereço de onde ele está?,1,0,0,https://twitter.com/SargentoFAHUR/status/1616166507309850624
Ezequiel Gregolin Bottezini,@EzequielGregol1,https://twitter.com/EzequielGregol1/status/1616214645664006144,2023-01-19T23:22:53.000Z,Em compensação outro estrume no governo federal,1,0,0,https://twitter.com/SargentoFAHUR/status/1616166507309850624
Antônio F Silva.BJJ.,@antonioufc1,https://twitter.com/antonioufc1/status/1616720121317269504,2023-01-21T08:51:28.000Z,"Semana que vem deve está solto pelo supremo, especificamente pelo Gilmar Mendes. 🤦🏾‍♂️🤦🏾‍♂️🤦🏾‍♂️",0,0,0,https://twitter.com/SargentoFAHUR/status/1616166507309850624
Antônio F Silva.BJJ.,@antonioufc1,https://twitter.com/antonioufc1/status/1616720186341474304,2023-01-21T08:51:44.000Z,E almoçando no mesmo restaurante.,0,0,0,https://twitter.com/SargentoFAHUR/status/1616166507309850624
Lenoar Macedo,@LenoarM,https://twitter.com/LenoarM/status/1616594484560543747,2023-01-21T00:32:14.000Z,"Tem estrume mais difícil da gente se livrar, principalmente depois que o estrume vira político.",1,0,2,https://twitter.com/SargentoFAHUR/status/1616166507309850624
Marco Torrezani,@marco_torrezani,https://twitter.com/marco_torrezani/status/1616396954002460674,2023-01-20T11:27:19.000Z,"Perdão, mas acho que nada disso importa mais. Nas PMs, PF, nos Governos existem tantos que fizeram o L, que parece até absurdo, mas temos que nos perguntar se o cara era bandido mesmo. Na imagem, os policiais se vestem, falam e se comportam como bandidos. Não confio em mais nada!",32,1,53,https://twitter.com/SargentoFAHUR/status/1616166507309850624
Luto SPFC,@rogeriostein,https://twitter.com/rogeriostein/status/1616261898936131585,2023-01-20T02:30:40.000Z,O habeas corpus vai sair mais barato que a conta do almoço que ele deixou pra trás. Ser bandido no Brasil é sempre bom negócio,3,0,5,https://twitter.com/SargentoFAHUR/status/1616166507309850624
Alessandro Danter - P.A,@alesandrodanter,https://twitter.com/alesandrodanter/status/1616247064303751170,2023-01-20T01:31:43.000Z,"Ela conhecia o Policial, não entendi, ela fala o nome dele duas vezes, Gabriel.",7,0,15,https://twitter.com/SargentoFAHUR/status/1616166507309850624
Fábio Pereira,@FbioPer23558056,https://twitter.com/FbioPer23558056/status/1616168248696872968,2023-01-19T20:18:32.000Z,Perfeito! 👏👏👏,0,0,1,https://twitter.com/SargentoFAHUR/status/1616166507309850624
b.,@biawdr,https://twitter.com/biawdr/status/1616169541217681408,2023-01-19T20:23:40.000Z,👏👏👏,0,0,1,https://twitter.com/SargentoFAHUR/status/1616166507309850624
Coelho2023,@CoelhoSmo123,https://twitter.com/CoelhoSmo123/status/1616180981878112266,2023-01-19T21:09:07.000Z,Tem muito estrume q invadiu o Congresso q foi pra Papuda,0,0,3,https://twitter.com/SargentoFAHUR/status/1616166507309850624
Fabricio Bastos,@ffbastos,https://twitter.com/ffbastos/status/1616192109111050240,2023-01-19T21:53:20.000Z,"Daqui a pouco aparecem uns ""poderosos"" para solta-lo.",0,0,1,https://twitter.com/SargentoFAHUR/status/1616166507309850624
Stephan Calandrino,@scalandrino,https://twitter.com/scalandrino/status/1616217382497779712,2023-01-19T23:33:46.000Z,Da hora são os policiais de chinelo e camisa de time kkkk… sensacional!,0,0,3,https://twitter.com/SargentoFAHUR/status/1616166507309850624
Rubens Felix,@RubensFelix_,https://twitter.com/RubensFelix_/status/1616221477677969408,2023-01-19T23:50:02.000Z,"No dia seguinte a prisão dele, o Bpfron fez a maior apreensão de armas e carregadores do ano de 2023! 👏👏👏👏",0,0,1,https://twitter.com/SargentoFAHUR/status/1616166507309850624
Mrcio Meloᴮ ᶠ ᴿ ¹⁹⁰⁴ ✰彡,@BFRmarciosuel,https://twitter.com/BFRmarciosuel/status/1616186201186177035,2023-01-19T21:29:52.000Z,E quem pagou a conta do almoço? O dono deve ter ficado boladão kkkkkk,6,0,10,https://twitter.com/SargentoFAHUR/status/1616166507309850624
miltinhogg tradingg,@miltingg,https://twitter.com/miltingg/status/1616187768706633731,2023-01-19T21:36:06.000Z,"De óculos escuros, bermuda e chinelo .... kkkkk",1,0,4,https://twitter.com/SargentoFAHUR/status/1616166507309850624
Marcos,@Marcosolimma,https://twitter.com/Marcosolimma/status/1616248041601732610,2023-01-20T01:35:36.000Z,União flamengo e Botafogo botando bandido na cadeia kkkkkk,1,0,29,https://twitter.com/SargentoFAHUR/status/1616166507309850624
Luciano Claudino,@LucianoClaudin4,https://twitter.com/LucianoClaudin4/status/1616252575376101376,2023-01-20T01:53:37.000Z,"O nosso João Plenário do 5TF já deve tá trabalhando forte no caso. Vai alegar que o DenarcRS não tinha jurisdição no RJ. Afinal, é assim que estão soltando os bandidos. 😏",3,0,5,https://twitter.com/SargentoFAHUR/status/1616166507309850624
Danilera,@daniloudao,https://twitter.com/daniloudao/status/1616256296411447297,2023-01-20T02:08:24.000Z,"Bom q o povo acha q só preto é bandido! Mas esquecem das regiões do Brasil. No sul como a população é majoritária branca, os bandidos tbm são. Uma prova para os ignorantes, q a bandidagem esta atrelada a questão social e não racial.",1,0,3,https://twitter.com/SargentoFAHUR/status/1616166507309850624
Clebinho Pereira,@ClebePereira01,https://twitter.com/ClebePereira01/status/1616383151021998084,2023-01-20T10:32:28.000Z,"vai sair na audiência de Custódia!! perigosos mesmo são idosos, crianças, senhoras e o presidente Bolsonaro.  esses não podem andar soltos nas ruas.",1,2,132,https://twitter.com/SargentoFAHUR/status/1616166507309850624
Deverly Junior,@Deverly_Jr,https://twitter.com/Deverly_Jr/status/1616394573546242048,2023-01-20T11:17:52.000Z,"Nada. Agora ele vai passar por uma absurda audiência de custódia pra saber se a polícia não foi arbitrária em sua prisão e depois o judiciário, acatando a defesa, vai procurar mil formas de abrandar a segregação dele. Absurdas imposições legais fruto do nosso coitadismo social.",0,0,18,https://twitter.com/SargentoFAHUR/status/1616166507309850624
Cesar Serret,@CesarSerret,https://twitter.com/CesarSerret/status/1616420544378769408,2023-01-20T13:01:04.000Z,"Parabéns aos Policiais Cívis do Rio de Janeiro por mais um serviço realizado com eficiência e segurança, agindo em momento oportuno sem tumulto e com segurança.",1,0,3,https://twitter.com/SargentoFAHUR/status/1616166507309850624
Liiiiiii,@LisiClipes,https://twitter.com/LisiClipes/status/1616425555439632384,2023-01-20T13:20:58.000Z,Como que a mulher do traficante sabia o nome do Policial e ele o dela? E no final ela questiona esse policial e ele justifica dizendo que a oportunidade foi hoje. 🤔,1,1,4,https://twitter.com/SargentoFAHUR/status/1616166507309850624
Samille,@AthaydeSamille,https://twitter.com/AthaydeSamille/status/1616271233087164416,2023-01-20T03:07:45.000Z,"Impressão minha ou ela conhecia o policial? Se referiu a ele duas vezes como “Gabriel”, uma quando ele tentou pegar o celular dela e outra quando reclamou por ter feito a prisão na frente do filho… que estranho! 😳",13,0,54,https://twitter.com/SargentoFAHUR/status/1616166507309850624
