nome,usuario,idTweet,dataPublicacao,texto,replies,retweets,likes,tweetPai
Vanda_SEP São Miguel Arcanjo defendei-nos,@Vanda_SEP,https://twitter.com/Vanda_SEP/status/1616796394144268289,2023-01-21T13:54:33.000Z,@RomeuZema sendo @RomeuZema do partido novo que não tem nada de novo,0,0,1,https://twitter.com/cabojunioamaral/status/1616571493193863169
Carla - MG,@CarlaPatMG,https://twitter.com/CarlaPatMG/status/1616577941973893123,2023-01-20T23:26:30.000Z,"É preciso esclarecer muito bem, talvez o Zema não tenha ciência dessa armação.",0,0,2,https://twitter.com/cabojunioamaral/status/1616571493193863169
Helmo Santos,@helmocoelho,https://twitter.com/helmocoelho/status/1616635068176293891,2023-01-21T03:13:30.000Z,Doidos pra derrubar ele e o Tarcísio.,0,0,0,https://twitter.com/cabojunioamaral/status/1616571493193863169
viajante,@5olho,https://twitter.com/5olho/status/1616661349584539650,2023-01-21T04:57:56.000Z,Secretário do zema quer palco e fez a Nando do partido..será zema http://tem.um traidor ao seu lado?igual bolsonaro teve muitos.ou pt e psol está por trás da maletas de grana,0,0,0,https://twitter.com/cabojunioamaral/status/1616571493193863169
Jair Soares,@JairSoa05331381,https://twitter.com/JairSoa05331381/status/1617121932868046853,2023-01-22T11:28:08.000Z,Às rodovias de minas gerais estão todas destruía,0,0,0,https://twitter.com/cabojunioamaral/status/1616571493193863169
Antonio Nunes,@Antonio56269231,https://twitter.com/Antonio56269231/status/1616575752413286400,2023-01-20T23:17:48.000Z,Se o zema mandou fazer isso foi errado mais o pl não pode votar junto com o pt pra eleger alguém do mdb. q e contra o bolsonaro e aliado do pt. temos q deixa as diferenças de lado e votar nos candidatos de direita não num cara do mdb por favor ne Será q 4 anos não deu pra acorda.,0,0,3,https://twitter.com/cabojunioamaral/status/1616571493193863169
Heldomiro Machado,@Heldomiro,https://twitter.com/Heldomiro/status/1616761501125074944,2023-01-21T11:35:54.000Z,@RomeuZema ???,0,0,0,https://twitter.com/cabojunioamaral/status/1616571493193863169
Mara Lúcia Beria,@Maralberia,https://twitter.com/Maralberia/status/1616596951490772993,2023-01-21T00:42:02.000Z,Será???,0,0,0,https://twitter.com/cabojunioamaral/status/1616571493193863169
ALEXONBH,@alexonbh,https://twitter.com/alexonbh/status/1617519369986408453,2023-01-23T13:47:24.000Z,Apoiar tadeuzinho é referendar toda a política medíocre que governou MG nos últimos 30 anos. Fica a dica junio.,0,0,0,https://twitter.com/cabojunioamaral/status/1616571493193863169
Silva,@AllanJe83805880,https://twitter.com/AllanJe83805880/status/1616573295599521794,2023-01-20T23:08:02.000Z,"Isso ai sem pano , sem 72 hrs",0,0,0,https://twitter.com/cabojunioamaral/status/1616571493193863169
Carla Romeiro,@RomeiroCarla,https://twitter.com/RomeiroCarla/status/1616572314698620929,2023-01-20T23:04:08.000Z,"Não é hora de fogo amigo, hora de união contra os verdadeiros bandidos",0,0,0,https://twitter.com/cabojunioamaral/status/1616571493193863169
Juliane Couto,@Julianevcouto,https://twitter.com/Julianevcouto/status/1616732803986591744,2023-01-21T09:41:52.000Z,Agora começaram a perseguição ao Zema.,0,0,0,https://twitter.com/cabojunioamaral/status/1616571493193863169
oldhemar61,@oldhemar61,https://twitter.com/oldhemar61/status/1616604959415345155,2023-01-21T01:13:52.000Z,jÁ COMEÇARAM À TENTAR DESTRUIR  REPUTAÇÃO DO ZEMA???,0,0,0,https://twitter.com/cabojunioamaral/status/1616571493193863169
Cloves,@cloves_rods,https://twitter.com/cloves_rods/status/1616968251438768129,2023-01-22T01:17:27.000Z,https://youtu.be/9pxvlHctoDU,0,0,0,https://twitter.com/cabojunioamaral/status/1616571493193863169
.,@bemneto31,https://twitter.com/bemneto31/status/1616640268027006976,2023-01-21T03:34:10.000Z,"E é tão facil e sem despesas pegar eles no avião nas ruas e mercados ...
Quando o povo pegar politico e bater com chinelo na bunda ai sim eles vão trabalhar em favor do povo..... e parar com deboche.",0,0,0,https://twitter.com/cabojunioamaral/status/1616571493193863169
Pedro Henrique,@vpedroh,https://twitter.com/vpedroh/status/1616633180458450948,2023-01-21T03:06:00.000Z,"GRAVÍSSIMO
MUITO GRAVE
É COISA DE BANDIDO",0,0,0,https://twitter.com/cabojunioamaral/status/1616571493193863169
