nome,usuario,idTweet,dataPublicacao,texto,replies,retweets,likes,tweetPai
Andrea Torres,@AndreaTYMV,https://twitter.com/AndreaTYMV/status/1617886513722953730,2023-01-24T14:06:18.000Z,"E o loolapalooza tem coragem de dizer: gente deixa ele criar o regime que quiser, cada um governa como acha certo. Vamos aceitar o jeito do fofo. 🤢🤮🤢",0,0,5,https://twitter.com/DepSanderson/status/1617880301472198660
Paul-S,@ps_siena,https://twitter.com/ps_siena/status/1617884628802752513,2023-01-24T13:58:49.000Z,"A partir de fevereiro, os parlamentares deveriam ir até a Espanha entrevistar o ex-chefe do Serviço de Inteligência da Venezuela.
Talvez encontrem aí a solução dos problemas do Brasil atual.",0,0,4,https://twitter.com/DepSanderson/status/1617880301472198660
Fabi,@Fabi60501454,https://twitter.com/Fabi60501454/status/1617880783892680709,2023-01-24T13:43:32.000Z,"Sabe o que é pior?
As pessoas ainda não enxergam, defendem, e vê um lindo futuro cheio de amor e esperança! Cômico se não fosse trágico 🤷🏻🤦🏻‍♀️",0,0,2,https://twitter.com/DepSanderson/status/1617880301472198660
Luis Gustavo,@Gus_Imortal,https://twitter.com/Gus_Imortal/status/1618834979945091072,2023-01-27T04:55:10.000Z,Kkkkkk MDS tá s serviço aí na câmara né ?,0,0,0,https://twitter.com/DepSanderson/status/1617880301472198660
paulo moreno Moreno,@Mor1Paulo,https://twitter.com/Mor1Paulo/status/1617899384511016961,2023-01-24T14:57:27.000Z,"Parabéns  deputado, ela sua atuação  referente a tantos demandos  no país,  a esperança  é a certeza da vitória.",0,0,0,https://twitter.com/DepSanderson/status/1617880301472198660
Simone P J,@SimoneJavorski,https://twitter.com/SimoneJavorski/status/1617888998554480643,2023-01-24T14:16:10.000Z,"Os Deputados precisam se unir para proibir DOAÇÃO dos nossos impostos, via BNDES ou de qualquer outra forma.",0,0,0,https://twitter.com/DepSanderson/status/1617880301472198660
Gesielia Silva,@GeiseSSN,https://twitter.com/GeiseSSN/status/1617912311133655041,2023-01-24T15:48:48.000Z,Como acham que dará certo esse governo !? 🥴,2,0,0,https://twitter.com/DepSanderson/status/1617880301472198660
Barbosanaro Pistola,@desinfluenciei,https://twitter.com/desinfluenciei/status/1618073580117409793,2023-01-25T02:29:38.000Z,A coisa vai mudar,1,0,1,https://twitter.com/DepSanderson/status/1617880301472198660
nei humberto,@neihumberto,https://twitter.com/neihumberto/status/1617995723794178049,2023-01-24T21:20:16.000Z,Deveria estar junto na lista da Interpol como parte da quadrilha de narcotraficante,0,0,1,https://twitter.com/DepSanderson/status/1617880301472198660
Dora Torres,@DoraTor05662641,https://twitter.com/DoraTor05662641/status/1620429261395095553,2023-01-31T14:30:16.000Z,"Daí se vê,  que qualidade tem o presidente que o TSE elegeu.",0,0,0,https://twitter.com/DepSanderson/status/1617880301472198660
Renato Amaral,@RenatoA27880644,https://twitter.com/RenatoA27880644/status/1617894167379861505,2023-01-24T14:36:43.000Z,"Só gente boa fecha com ele , aqui no Brasil ele vai sozinho no complexo do alemão sem escolta da polícia, deve ter bastante amigos lá também",0,0,0,https://twitter.com/DepSanderson/status/1617880301472198660
Daniel Fontana,@danielpfontana,https://twitter.com/danielpfontana/status/1618052734477037568,2023-01-25T01:06:48.000Z,"O deputado, com sua habilidade de camaleão, esconde seus interesses escusos atrás da cortina de ofensas aos adversários. Infeliz, pois sua alma está corrompida pela ambição desmedida.",0,0,0,https://twitter.com/DepSanderson/status/1617880301472198660
Satiko Shimada Franco,@FrancoSatiko,https://twitter.com/FrancoSatiko/status/1617907918241951746,2023-01-24T15:31:21.000Z,Socprro!,0,0,0,https://twitter.com/DepSanderson/status/1617880301472198660
Selma,@SelmaRocc,https://twitter.com/SelmaRocc/status/1617922959573938176,2023-01-24T16:31:07.000Z,"Não precisa da ficha de aliado, basta a ficha do próprio ..saiu da CADEIA e foi nomeado pelo TSE",0,0,0,https://twitter.com/DepSanderson/status/1617880301472198660
larissa nogueira,@larissa23113694,https://twitter.com/larissa23113694/status/1617882315786719238,2023-01-24T13:49:37.000Z,"E ainda dizem que é tudo para defender a ""democracia"".",0,0,2,https://twitter.com/DepSanderson/status/1617880301472198660
Miteck Miteck,@MiteckM,https://twitter.com/MiteckM/status/1618750929297358849,2023-01-26T23:21:11.000Z,"parabéns Deputado.
não se cale diante desse Governo Imoral",0,0,0,https://twitter.com/DepSanderson/status/1617880301472198660
CasCop,@CasCop71,https://twitter.com/CasCop71/status/1617890032949530624,2023-01-24T14:20:17.000Z,Blablabla,0,0,0,https://twitter.com/DepSanderson/status/1617880301472198660
Flavia Olliveira,@FlaviaOlliveir1,https://twitter.com/FlaviaOlliveir1/status/1618003178674618370,2023-01-24T21:49:53.000Z,"Deputado Sanderson nós temos que pressionar por uma CPI do dia 08/01 o mais rápido possível! Temos 1.000 pessoas presas, mais umas 600 com nota de culpa assinada, isso é um absurdo! Somente uma CPI para acabar com as narrativas sobre atos antidemocráticos, golpe e terrorismo!🇧🇷",1,0,0,https://twitter.com/DepSanderson/status/1617880301472198660
Maria Heloisa Timm,@TimmHeloisa,https://twitter.com/TimmHeloisa/status/1617952420189044737,2023-01-24T18:28:11.000Z,Se ele não se cuidar o amigo 9dedos entrega ele pelo prêmio kkkkk quantos mil dólares?,0,0,0,https://twitter.com/DepSanderson/status/1617880301472198660
Eliane Galle Carr,@elianegalle,https://twitter.com/elianegalle/status/1618473527094685696,2023-01-26T04:58:53.000Z,Absurdo,0,0,0,https://twitter.com/DepSanderson/status/1617880301472198660
Henrique Campos,@Henriqagnivega,https://twitter.com/Henriqagnivega/status/1617960543058362385,2023-01-24T19:00:28.000Z,"CPI ref ao 8JAN23, questão fulcral!
Já esqueceram?
O senador Marcos do Val está sozinho nesta empreitada!👊🏻",0,0,0,https://twitter.com/DepSanderson/status/1617880301472198660
maria cleonice,@cleianice,https://twitter.com/cleianice/status/1617947965922103297,2023-01-24T18:10:29.000Z,Tá foda tudo isso..,0,0,0,https://twitter.com/DepSanderson/status/1617880301472198660
Célia Castro,@CliaCastro9,https://twitter.com/CliaCastro9/status/1617944943544393729,2023-01-24T17:58:29.000Z,"Ele que se cuide..
Com essa recompensa  até os contratados pra segurança podem se interessar. 
Se Madura for preso a pirâmide desaba. 
Ele vai puxar a corda.

Valendo tudo isso não deve dormir com 2 olhos fechados.",0,0,1,https://twitter.com/DepSanderson/status/1617880301472198660
Francisca Knapp,@DoiliK,https://twitter.com/DoiliK/status/1618640995041832960,2023-01-26T16:04:20.000Z,Só não viu a quem se associam os q estão obcecados por cargos e os magoadinhos.,0,0,0,https://twitter.com/DepSanderson/status/1617880301472198660
Fatima Pontes,@fpontes0769,https://twitter.com/fpontes0769/status/1618166873778180096,2023-01-25T08:40:21.000Z,CÚMPLICE não CHEFE,0,0,0,https://twitter.com/DepSanderson/status/1617880301472198660
Liane Nabinger,@lianenabinger,https://twitter.com/lianenabinger/status/1618055221745451009,2023-01-25T01:16:41.000Z,"Que vergonha e tristeza para os brasileiros de bem. “ Dize-me com quem andas e dir-te-ei quem és”  é regra sem exceção.  Acordar e lembrar que o descondenado é quem preside o país, depois da experiência que todos vivemos de país avançando , é um pesadelo.",0,0,1,https://twitter.com/DepSanderson/status/1617880301472198660
Agostinho Vioto,@ViotoAgostinho,https://twitter.com/ViotoAgostinho/status/1618227493911298048,2023-01-25T12:41:14.000Z,E o congre$$o dormindo.,0,0,0,https://twitter.com/DepSanderson/status/1617880301472198660
Ernesto,@Ernesto44757704,https://twitter.com/Ernesto44757704/status/1617905273787797506,2023-01-24T15:20:51.000Z,Quem é amigo de bandido é  o que?,0,0,0,https://twitter.com/DepSanderson/status/1617880301472198660
ricardo luz,@ricluz68,https://twitter.com/ricluz68/status/1617880712321040385,2023-01-24T13:43:15.000Z,São os parceiros dele de Mercosur,0,0,0,https://twitter.com/DepSanderson/status/1617880301472198660
Marcos Meneghini Esmeraldo,@MarcosMEOficial,https://twitter.com/MarcosMEOficial/status/1617907558223851523,2023-01-24T15:29:55.000Z,"Porque não questionar juridicamente a proposta de investimento em gasoduto na Argentina, levando -se em consideração que o Brasil precisa deste investimento também. Melhorar nossa infraestrutura e promover geração de empregos.",1,0,0,https://twitter.com/DepSanderson/status/1617880301472198660
Rfa Ghost Rider,@RafaelMN81,https://twitter.com/RafaelMN81/status/1617943713552138240,2023-01-24T17:53:35.000Z,Transforme k saque aniversário em lei ou o governo irá acabar com um seguimento que emprega milhares de brasileiros,0,0,0,https://twitter.com/DepSanderson/status/1617880301472198660
Ana,@FlorestaLucia,https://twitter.com/FlorestaLucia/status/1617940459208478722,2023-01-24T17:40:40.000Z,Quem financia ditadura tem sangue inocente nas mãos.,0,0,0,https://twitter.com/DepSanderson/status/1617880301472198660
Dani Mulinari,@dani_mulinari,https://twitter.com/dani_mulinari/status/1618279359919566848,2023-01-25T16:07:20.000Z,O dinheiro que a esquerda brasileira enviou para que esse ditador continuasse matando e perseguindo seu próprio povo denuncia que há sangue inocente em suas mãos.,0,0,0,https://twitter.com/DepSanderson/status/1617880301472198660
XANDÃO DO BREJO,@Xandao_do_Brejo,https://twitter.com/Xandao_do_Brejo/status/1618686875782516736,2023-01-26T19:06:39.000Z,"Bolsonaro foi condenado pelo tribunal permanente dos povos condenou Jair Bolsonaro como responsável pela morte de pelo menos CEM MIL PESSOAS (BRASILEIROS) INCLUSIVE DO RS. O QUE O ""ILUSTRÍSSIMO"" parlamentar especialista em direto tem a dizer em relação a esse fato?",0,0,0,https://twitter.com/DepSanderson/status/1617880301472198660
Fabizinha1,@Fabiola46102971,https://twitter.com/Fabiola46102971/status/1617883251816955907,2023-01-24T13:53:20.000Z,"Maduro é genocida também , matou milhares de venezuelanos com a sua guarda nacional chavista",0,0,1,https://twitter.com/DepSanderson/status/1617880301472198660
Ignácio Mahfuz,@IgnacioMahfuz,https://twitter.com/IgnacioMahfuz/status/1617926903192780800,2023-01-24T16:46:48.000Z,"Ora, Caro Sanderson, LULADRÃO SEMPRE LULADRÃO SEMPRE BAN-DI-DO E SUA QUADRILHA!",0,0,0,https://twitter.com/DepSanderson/status/1617880301472198660
TODO MAL EMANA DO STF,@Pane_Tone77,https://twitter.com/Pane_Tone77/status/1617880804495101957,2023-01-24T13:43:37.000Z,Petrolao vai ficar do tamanho de um grao de areia perto da pipelula de 50 bi de dolares,0,0,0,https://twitter.com/DepSanderson/status/1617880301472198660
Sergio Fernando Seben,@SebenSergio,https://twitter.com/SebenSergio/status/1618210974829535248,2023-01-25T11:35:35.000Z,🤷🤷jogam no mesmo time!,0,0,0,https://twitter.com/DepSanderson/status/1617880301472198660
Zeca,@andiamomeno,https://twitter.com/andiamomeno/status/1617953040128159744,2023-01-24T18:30:39.000Z,"Genocídio dos Yanomami, Caixa 2, Cartão Corporativo da Presidência na mão de traficante internacional de cocaína. São os 3 mais novos legados de Bolsonaro conhecidos!",0,0,0,https://twitter.com/DepSanderson/status/1617880301472198660
