nome,usuario,idTweet,dataPublicacao,texto,replies,retweets,likes,tweetPai
Laercio Costa Junior,@LaercioCostaJu2,https://twitter.com/LaercioCostaJu2/status/1618159664633643010,2023-01-25T08:11:42.000Z,"A imbecilidade é latente. O Bolsonaro enterrou a Lavajato, ela foi o maior lawfare que existiu no mundo.
A Lavajato sempre foi política, Deltan e Sérgio Moro se elegeram para ter foro privilegiado e não serem presos",0,0,3,https://twitter.com/adriventurasp/status/1617979413324533760
Amigos Da Lava Jato,@AmigosJato,https://twitter.com/AmigosJato/status/1618002349099995137,2023-01-24T21:46:35.000Z,#lulacontinuacondenado,0,0,0,https://twitter.com/adriventurasp/status/1617979413324533760
Antonio A,@Antonio3064,https://twitter.com/Antonio3064/status/1618008553943629842,2023-01-24T22:11:15.000Z,É necessário que a oposição vote CONTRA  MP do lula que criou os 37 Ministérios.,0,0,0,https://twitter.com/adriventurasp/status/1617979413324533760
