nome,usuario,idTweet,dataPublicacao,texto,replies,retweets,likes,tweetPai
Deputado Sanderson,@DepSanderson,https://twitter.com/DepSanderson/status/1617693273505828864,2023-01-24T01:18:26.000Z,"Ver Lula “oferecendo” recursos do povo brasileiro, via BNDES, a países amigos como Argentina, Venezuela, Cuba, é revoltante. Faltando recursos para obras de infraestrutura no Brasil e esse asqueroso tratando dinheiro público como se fosse seu. Não aprendeu nada na cadeia!",131,512,1.474,https://twitter.com/DepSanderson/status/1617691208771600384
Anny Queiroz,@AnaPaul80001117,https://twitter.com/AnaPaul80001117/status/1617960026106396674,2023-01-24T18:58:25.000Z,A NÃO ESQUENTA ELE VAI FAZER NOVAMENTE...,0,0,0,https://twitter.com/DepSanderson/status/1617691208771600384
jose manuel lima ( 22),@josemanuellim10,https://twitter.com/josemanuellim10/status/1617876025509285889,2023-01-24T13:24:37.000Z,"A sociedade tem que acreditar,  que O Congresso, jamais poderá compactuar com esse tipo de operação.
Fazer financiamento para que não paga. O pior: Tem divida vencida e não paga.",0,0,2,https://twitter.com/DepSanderson/status/1617691208771600384
Andrea Fantinel - Eu te amo meu Brasil!,@andrea_fantinel,https://twitter.com/andrea_fantinel/status/1617864333488427008,2023-01-24T12:38:10.000Z,"Deputado vote a favor do pl3019/2022 do deputado Paulo Martins @PauloMartins10 , com esse projeto de lei eles não poderão fazer farra com nosso dinheiro.",0,4,11,https://twitter.com/DepSanderson/status/1617691208771600384
Isa Lima,@belfreitaslima,https://twitter.com/belfreitaslima/status/1617968224192303105,2023-01-24T19:30:59.000Z,"OMG… Façam alguma coisa para esse povo brasileiro pobre e sofrido. Se vcs quiserem salvar o Brasil, esqueçam partidos e se unam. Todos do Legislativo unidos não tem como o AM prender vcs. Peço pelo amor de Deus, faça a Lei e a Constituição prevalecer novamente no Brasil. 🥹🥲",0,1,5,https://twitter.com/DepSanderson/status/1617691208771600384
Evandro Boff,@evandro_boff,https://twitter.com/evandro_boff/status/1618147683667169282,2023-01-25T07:24:06.000Z,Ele voltou com sangue nos olhos e com o boleto na mão. Não sossegará enquanto seu plano de subjulgar o povo brasileiro não entrar em prática,0,1,6,https://twitter.com/DepSanderson/status/1617691208771600384
Rosana,@RosanaA80357793,https://twitter.com/RosanaA80357793/status/1617871641152983041,2023-01-24T13:07:12.000Z,e o congresso não fiscalizou? quem autoriza esses empréstimos? o pr faz isso sem passar pelo CN? TCU?  Não entendo!!!!!,0,0,4,https://twitter.com/DepSanderson/status/1617691208771600384
Marcos Finco,@tucoDF74,https://twitter.com/tucoDF74/status/1618223019494899720,2023-01-25T12:23:27.000Z,"E o que o senhor pretende fazer com relação a isto? Pra reclamar do Twitter,  basta eu.",0,0,0,https://twitter.com/DepSanderson/status/1617691208771600384
Alfredo Scaff Filho,@alfredo_scaff,https://twitter.com/alfredo_scaff/status/1617854506158665729,2023-01-24T11:59:07.000Z,Deputado ; não existe nenhum@controle@prévio do parlamento ? O caixa e livre ? Como pode isso !?,0,0,3,https://twitter.com/DepSanderson/status/1617691208771600384
Isa Lima,@belfreitaslima,https://twitter.com/belfreitaslima/status/1617966873525751810,2023-01-24T19:25:37.000Z,É de chorar! 🥹🥲,0,0,0,https://twitter.com/DepSanderson/status/1617691208771600384
Zulene Reis,@reis_zulene,https://twitter.com/reis_zulene/status/1617907411469340677,2023-01-24T15:29:20.000Z,#ForaLula,0,0,0,https://twitter.com/DepSanderson/status/1617691208771600384
𝓐𝓵𝓰𝓸𝓻𝓲𝓽𝓶𝓸𝓑𝓾𝓻𝓻𝓸𝓣𝓮𝓶𝓐𝓺𝓾𝓲,@pdregulho,https://twitter.com/pdregulho/status/1617874582861672452,2023-01-24T13:18:53.000Z,"𝗙𝗔𝗞𝗘 𝗡𝗘𝗪𝗦!
""Foram desembolsados cerca de US$ 10,5 bilhões, no período entre 1998 e 2017, para empreendimentos em 15 países, sendo que US$ 12,8 bilhões retornaram em pagamentos do valor principal da dívida e juros, até setembro de 2022."" +",7,2,6,https://twitter.com/DepSanderson/status/1617691208771600384
ANA LUCIA MARTINS BRITO Martins,@ANALUCI89210091,https://twitter.com/ANALUCI89210091/status/1617913473845055490,2023-01-24T15:53:26.000Z,A CPI só daria para encontrar o que o PT fez com os brasileiros presos,0,0,0,https://twitter.com/DepSanderson/status/1617691208771600384
João 8:32,@Teca2019,https://twitter.com/Teca2019/status/1617781339176210434,2023-01-24T07:08:22.000Z,É isto será permitido?,0,0,0,https://twitter.com/DepSanderson/status/1617691208771600384
PEDROnãofezoL,@pedrocamargo195,https://twitter.com/pedrocamargo195/status/1617845736191979525,2023-01-24T11:24:16.000Z,Nunca devolverão. Está a fundo perdido.,0,0,0,https://twitter.com/DepSanderson/status/1617691208771600384
Matheus Freire,@MFreireB_,https://twitter.com/MFreireB_/status/1617859380145442819,2023-01-24T12:18:29.000Z,@Pimenta13Br @LulaOficial @FlavioDino,0,0,0,https://twitter.com/DepSanderson/status/1617691208771600384
ECOSilva,@delgrepe,https://twitter.com/delgrepe/status/1617987598731055104,2023-01-24T20:47:58.000Z,"Bem, então argumentos ñ faltam para q se impeça esses empréstimos",0,0,0,https://twitter.com/DepSanderson/status/1617691208771600384
Carlos Alberto Diniz França,@CarlosA47573111,https://twitter.com/CarlosA47573111/status/1617983017196355585,2023-01-24T20:29:46.000Z,E nem vai ser devolvido.,0,0,0,https://twitter.com/DepSanderson/status/1617691208771600384
Carlos Hermida,@Carlosg67293490,https://twitter.com/Carlosg67293490/status/1618040541735956480,2023-01-25T00:18:21.000Z,Deputado não podemos deixar isso cair no esquecimento . O povo brasileiro tem que tomar ciências destas apurações !,0,0,0,https://twitter.com/DepSanderson/status/1617691208771600384
Airton % BOLSONARO,@leitao_airton,https://twitter.com/leitao_airton/status/1618227917775048704,2023-01-25T12:42:55.000Z,"O poder executivo ñ deveria decidir sozinho sobre empréstimos p/qq q seja o país. Esse tipo de decisão deveria ter o aval do congresso. O $$ é dos brasileiros e nós q deveríamos concordar ou ñ c/isso. Se tem $$ p/emprestar, então há $$ p/resolver os nossos problemas sociais 1º.",0,0,1,https://twitter.com/DepSanderson/status/1617691208771600384
maria odila segantin,@modilasegantin,https://twitter.com/modilasegantin/status/1617825093933207552,2023-01-24T10:02:14.000Z,Vamos fazer campanha p eleger Rogério Marinho..,0,1,12,https://twitter.com/DepSanderson/status/1617691208771600384
Lula 13 Colorado,@ColoradoLula13,https://twitter.com/ColoradoLula13/status/1617837897427881985,2023-01-24T10:53:07.000Z,Onde estão as provas?,3,0,0,https://twitter.com/DepSanderson/status/1617691208771600384
Arce,@arce_tb,https://twitter.com/arce_tb/status/1617896203995480066,2023-01-24T14:44:48.000Z,Tem que aprovar lei que prevê passar pelo congresso investimento do BNDS no exterior,0,0,1,https://twitter.com/DepSanderson/status/1617691208771600384
kalel,@Kaleo79875089,https://twitter.com/Kaleo79875089/status/1617706211906056192,2023-01-24T02:09:51.000Z,O molusco tá avisando que vai fazer de novo.,0,1,8,https://twitter.com/DepSanderson/status/1617691208771600384
Cris,@CrisTobias15,https://twitter.com/CrisTobias15/status/1617874916694720513,2023-01-24T13:20:13.000Z,Gsuis 😭😭😭 como deixaram esse doido voltar a cena do crime 😭😭😭😭 e desesperador ver a esquerda de volta,0,0,4,https://twitter.com/DepSanderson/status/1617691208771600384
JENIFER COSTA,@jeny1962,https://twitter.com/jeny1962/status/1617709988918726656,2023-01-24T02:24:51.000Z,E qual providência a ser tomada para que isso não aconteça?🤔Temos que impedir isso gente! Isso é sério demais....esse L só tá fazendo merda...que saudade de Nosso BOLSONARO E PAULO GUEDES!,2,11,67,https://twitter.com/DepSanderson/status/1617691208771600384
Vany,@VilaniSilva11,https://twitter.com/VilaniSilva11/status/1617708792799719425,2023-01-24T02:20:06.000Z,Tem que haver alguma maneira de impedir os estragos  que o descondenado quer fazer.,2,1,24,https://twitter.com/DepSanderson/status/1617691208771600384
𝓐𝓵𝓰𝓸𝓻𝓲𝓽𝓶𝓸𝓑𝓾𝓻𝓻𝓸𝓣𝓮𝓶𝓐𝓺𝓾𝓲,@pdregulho,https://twitter.com/pdregulho/status/1617881362928922627,2023-01-24T13:45:50.000Z,"Está na hora de as mesas da Câmara e do Senado encararem as fake news de parlamentares como quebra do DECORO PARLAMENTAR.
Só fazem agitar a ordem constitucional que deveriam respeitar!
Olho vivo neles, @STF_oficial 
!!!!!",0,0,1,https://twitter.com/DepSanderson/status/1617691208771600384
JorgePatriota-2a conta,@JorgeEd20505061,https://twitter.com/JorgeEd20505061/status/1617827217383526402,2023-01-24T10:10:41.000Z,nem os charutos mandaram...,0,1,4,https://twitter.com/DepSanderson/status/1617691208771600384
Elieu,@elieu_batista,https://twitter.com/elieu_batista/status/1617836340426715137,2023-01-24T10:46:56.000Z,Deputado uma sugestão porque não levantar quantos países além da Venezuela ainda não pagaram os empréstimos feitos nesta época e o tamanho do prejuízo com juros e correção para que a população saiba o tamanho do rombo.,6,5,35,https://twitter.com/DepSanderson/status/1617691208771600384
𝓐𝓵𝓰𝓸𝓻𝓲𝓽𝓶𝓸𝓑𝓾𝓻𝓻𝓸𝓣𝓮𝓶𝓐𝓺𝓾𝓲,@pdregulho,https://twitter.com/pdregulho/status/1617876390896095232,2023-01-24T13:26:04.000Z,"Queria ter para fazer empréstimo em dólares, receber o montante e ±25% a mais de juros e ainda ter mais dólares a receber.
Você não, deputado?",0,0,0,https://twitter.com/DepSanderson/status/1617691208771600384
𝓐𝓵𝓰𝓸𝓻𝓲𝓽𝓶𝓸𝓑𝓾𝓻𝓻𝓸𝓣𝓮𝓶𝓐𝓺𝓾𝓲,@pdregulho,https://twitter.com/pdregulho/status/1617883455039344640,2023-01-24T13:54:09.000Z,"Tenho um conhecido que, sempre que tentavam engambelá-lo, dizia:
𝗢 𝗠𝗔𝗟 𝗗𝗢𝗦 𝗩𝗜𝗚𝗔𝗥𝗜𝗦𝗧𝗔𝗦 𝗘́ 𝗣𝗘𝗡𝗦𝗔𝗥𝗘𝗠 𝗤𝗨𝗘 𝗧𝗢𝗗𝗢𝗦 𝗦𝗔̃𝗢 𝗧𝗥𝗢𝗨𝗫𝗔𝗦!",0,0,0,https://twitter.com/DepSanderson/status/1617691208771600384
𝓐𝓵𝓰𝓸𝓻𝓲𝓽𝓶𝓸𝓑𝓾𝓻𝓻𝓸𝓣𝓮𝓶𝓐𝓺𝓾𝓲,@pdregulho,https://twitter.com/pdregulho/status/1617884583550398464,2023-01-24T13:58:38.000Z,"Se é terreno, quero comprar não, pois se é da Terra não está no céu...
Tens ""céurreno"" para vender?",0,0,0,https://twitter.com/DepSanderson/status/1617691208771600384
Jo3926,@jo3926santi,https://twitter.com/jo3926santi/status/1617933794954313728,2023-01-24T17:14:11.000Z,Passem a PL do Paulo Martins com urgência assim vai barrar o BNDES .,0,0,0,https://twitter.com/DepSanderson/status/1617691208771600384
Mario Marcos de Souza,@MarioMarcos48,https://twitter.com/MarioMarcos48/status/1617844901991047168,2023-01-24T11:20:57.000Z,"Logo que assumiu, o bozo nomeou um diretor com ordens de abrir a ‘caixa preta’ do BNDEs. Depois de algum tempo, o diretor concluiu que não havia caixa preta, nem irregularidades. Tudo correto. O banco não empresta a países, mas a empresas - e com muitas garantias.",2,0,9,https://twitter.com/DepSanderson/status/1617691208771600384
La-Vanda,@la_vandas,https://twitter.com/la_vandas/status/1618038932779982858,2023-01-25T00:11:57.000Z,"Este não é um caso que se resolve, aqui, nas redes sociais! O nobre Deputado já levou ao conhecimento do Congresso, @camaradeputados e @Senado ? Já conversou com os recém eleitos para que se unam e isto não ocorra novamente? Apoio popular vcs terão para isto! è só dar um alô.",0,0,19,https://twitter.com/DepSanderson/status/1617691208771600384
Breno Guerra22!,@Brenoguerraaju,https://twitter.com/Brenoguerraaju/status/1617885753349967874,2023-01-24T14:03:17.000Z,E esse dinheiro financiou mortes e ajudou ditadores a chegar ao poder ...,0,0,0,https://twitter.com/DepSanderson/status/1617691208771600384
Ro Golin,@ro_golin,https://twitter.com/ro_golin/status/1617912822943612929,2023-01-24T15:50:51.000Z,É preciso impedir esses desmandos.,0,0,0,https://twitter.com/DepSanderson/status/1617691208771600384
"Bolsonaro,o Capitão do povo",@XandaonaCadeia,https://twitter.com/XandaonaCadeia/status/1617864388727418881,2023-01-24T12:38:23.000Z,"Bom dia Sr deputado,tendo em vistas essa fortuna que não foi devolvida aos cofres do país , não existe a possibilidade de intervir nesses futuros empréstimos?",0,0,4,https://twitter.com/DepSanderson/status/1617691208771600384
nuvempequena. Nome anterior Dudaluta,@nuvempequena1,https://twitter.com/nuvempequena1/status/1618026448807415808,2023-01-24T23:22:21.000Z,"Até que enfim! 
Temos uma emissora de TV aberta,Record @jornaldarecord que está escancarando,com  temos explícitos, as alucinações do Lula, cedendo nosso dinheiro para projetos na Argentina. Os comentarista convidados estão rasgando o verbo!
Adooooooro e recomendo  @Record",0,3,4,https://twitter.com/DepSanderson/status/1617691208771600384
Maria Teresa Renó,@mariateresareno,https://twitter.com/mariateresareno/status/1618020438701146113,2023-01-24T22:58:28.000Z,"O Legislativo precisa impedir que o executivo empreste dinheiro do BNDES, a fundo pertido, haja visto os calotes, a países estrangeiros! Criem uma Lei!",2,13,25,https://twitter.com/DepSanderson/status/1617691208771600384
Maurício,@MauricioSul,https://twitter.com/MauricioSul/status/1618034744410931200,2023-01-24T23:55:19.000Z,"Ele quer o mesmo ""modus operandi"".",0,0,0,https://twitter.com/DepSanderson/status/1617691208771600384
Wy Lopes,@WyLopes1,https://twitter.com/WyLopes1/status/1617838140789764100,2023-01-24T10:54:05.000Z,"Todo empréstimo para empresas estrangeiras ou para empresas brasileiras que irão prestar serviços no exterior tem que ter o aval de 2/3 do congresso nacional e tem se aprovado tem que ter fiador banco americano, europeu ou dos emirados.",0,10,36,https://twitter.com/DepSanderson/status/1617691208771600384
Wil699,@Furtunato699,https://twitter.com/Furtunato699/status/1617924754517942272,2023-01-24T16:38:15.000Z,"Pergunta de ignorante no assunto, os Deputados e Senadores não podem criar uma lei, para impedir que dinheiro dos brasileiros seja distribuído para outros países?",0,0,1,https://twitter.com/DepSanderson/status/1617691208771600384
André Luiz,@andreluizmeyer,https://twitter.com/andreluizmeyer/status/1617957072427167750,2023-01-24T18:46:40.000Z,E vão fazer o quê agora que o cachaceiro está prestes a fazer tudo de novo??? Já sei! Nada...,0,0,1,https://twitter.com/DepSanderson/status/1617691208771600384
,@MoraesGondim,https://twitter.com/MoraesGondim/status/1618617401540771843,2023-01-26T14:30:35.000Z,"Deputado, porque os bons não estão conseguindo reagir a tudo isso ❓Porque os bons muitas vezes se calam ❓ TENHO CERTEZA, SOMOS MAIORIA  !!",0,0,0,https://twitter.com/DepSanderson/status/1617691208771600384
Andrea Torres,@AndreaTYMV,https://twitter.com/AndreaTYMV/status/1617696327059795968,2023-01-24T01:30:34.000Z,Socorro Deus,0,0,3,https://twitter.com/DepSanderson/status/1617691208771600384
Aline Kerstner,@AlineKerstner,https://twitter.com/AlineKerstner/status/1617692516144513025,2023-01-24T01:15:25.000Z,"É chegada a hora de trabalhar fora das redes sociais. Não basta apresentar o problema, apontem a solução, afinal vocês são os representantes do povo legalmente escolhidos. 
A população está cansada e não sabe mais a quem recorrer.",7,18,152,https://twitter.com/DepSanderson/status/1617691208771600384
Silvia Hammes,@SilviaBrasil67,https://twitter.com/SilviaBrasil67/status/1617722832141815808,2023-01-24T03:15:53.000Z,O que faremos para impedir mais do mesmo?#PachecoNAO,1,2,9,https://twitter.com/DepSanderson/status/1617691208771600384
Porã,@LilliunAzules,https://twitter.com/LilliunAzules/status/1618733965904592898,2023-01-26T22:13:46.000Z,"É sobre isto, vc se calou? VOCÊ VIU? A Dívida Pública (que inclui endividamento interno e externo do Brasil) fechou o ano passado em R$ 5,951 trilhões. Segundo a Secretaria do Tesouro, o valor representou aumento de 6,02% em relação a 2021, quando a dívida estava em R$ 5,614 tri.",0,5,14,https://twitter.com/DepSanderson/status/1617691208771600384
José Roberto,@soaresfortal,https://twitter.com/soaresfortal/status/1617809433895239680,2023-01-24T09:00:01.000Z,Que fim levou essa CPI que de fato mostrou os crimes? Tem alguém na cadeia?,4,4,19,https://twitter.com/DepSanderson/status/1617691208771600384
ThiarlesRock,@Thiarlesm,https://twitter.com/Thiarlesm/status/1617692274405801984,2023-01-24T01:14:28.000Z,Pq nunca foi a aberta essa caixa e mostrado ao povo os absurdos? Oq tem lá que nunca foi divulgado?,0,2,16,https://twitter.com/DepSanderson/status/1617691208771600384
Edinho Pereira de Almeida,@Predinhoalmeida,https://twitter.com/Predinhoalmeida/status/1617904072438468611,2023-01-24T15:16:04.000Z,"E os 120 milhões, passando fome?",0,1,1,https://twitter.com/DepSanderson/status/1617691208771600384
Raquel,@RaquelPaula98,https://twitter.com/RaquelPaula98/status/1617724326110982146,2023-01-24T03:21:49.000Z,"Vives deveriam fazer uma lei impedindo empréstimos para caloteiros ,não somos abrigados a financiar ditaduras",1,1,5,https://twitter.com/DepSanderson/status/1617691208771600384
OLF,@F1Olf,https://twitter.com/F1Olf/status/1617827918503374848,2023-01-24T10:13:28.000Z,"E os Senhores Congressistas ficarão de braços cruzados na plateia, assistindo acontecer isto e não farão nada de forma efetiva novamente? 🤬😤🤡",3,13,56,https://twitter.com/DepSanderson/status/1617691208771600384
Rose Cruz,@Oficinaproducao,https://twitter.com/Oficinaproducao/status/1617918588568109056,2023-01-24T16:13:45.000Z,"Esse é o problema: TODOS SABEM DE TUDO E NÃO FIZERAM NADA PRA MUDAR ISSO!! Se falar em tirar as regalias de vcs, já viu, né?? Tirar assessores, comissionados, verbas... Nem pensar, né?? Mas na internet, ""O que Lula faz é revoltante!"" SEI...",1,2,16,https://twitter.com/DepSanderson/status/1617691208771600384
@verdeamarelou22,@verdeamarelou22,https://twitter.com/verdeamarelou/status/1617991484527218692,2023-01-24T21:03:25.000Z,e aí...ele é dono do BNDES? ou haverá alguma reação por parte dos parlamentares?,0,1,3,https://twitter.com/DepSanderson/status/1617691208771600384
jozelito ☭⃠,@jmonteiro79,https://twitter.com/jmonteiro79/status/1617848079461543936,2023-01-24T11:33:34.000Z,"Proponha um plebiscito sobre a atuação do BNDES. Pode não dar em nada, mas vai trazer a questão pra discussão popular e, no mínimo, mais gente vai ver a desgraça que é o desgoverno mula",3,6,28,https://twitter.com/DepSanderson/status/1617691208771600384
Silvio C. Pires,@SilvioCPires3,https://twitter.com/SilvioCPires3/status/1617881508282531843,2023-01-24T13:46:25.000Z,Mentiroooooso,0,0,0,https://twitter.com/DepSanderson/status/1617691208771600384
Canal de Direita e Games,@EdsonGFJ437,https://twitter.com/EdsonGFJ437/status/1617839575120084992,2023-01-24T10:59:47.000Z,Pra cima deles deputado. Bom dia.,0,0,0,https://twitter.com/DepSanderson/status/1617691208771600384
KGF,@KGF71853656,https://twitter.com/KGF71853656/status/1617991035728297986,2023-01-24T21:01:38.000Z,"Incluindo como pagamento do empréstimo em charutos, como em Cuba.",0,0,0,https://twitter.com/DepSanderson/status/1617691208771600384
THAIS LINHARES,@THAISPLINHARES,https://twitter.com/THAISPLINHARES/status/1618229964188553216,2023-01-25T12:51:03.000Z,"Ele é nosso funcionário, chega e vai destruindo tudo por onde foi construído....Chegou msm com esse intuito e não tem ninguém para pará-lo? Isso é realmente INACREDITÁVEL!",0,0,0,https://twitter.com/DepSanderson/status/1617691208771600384
Fabiola&Adriano,@FabiolaAdrianoB,https://twitter.com/FabiolaAdrianoB/status/1617868474461847554,2023-01-24T12:54:37.000Z,E aí vcs vão deixar de novo? Não tem um jeito do parlamento barrar? Algo tem q ser feito sobre estas alucinações,0,0,0,https://twitter.com/DepSanderson/status/1617691208771600384
Calango,@Calangojjs,https://twitter.com/Calangojjs/status/1618018122774245376,2023-01-24T22:49:16.000Z,Nao podemos deixar isso se repetir!,0,0,0,https://twitter.com/DepSanderson/status/1617691208771600384
Jovimar Freitas,@de_jovimar,https://twitter.com/de_jovimar/status/1618250942926974982,2023-01-25T14:14:25.000Z,"Caro deputado, e por quê ninguém foi preso até hoje por isso?",0,0,1,https://twitter.com/DepSanderson/status/1617691208771600384
Ana,@Ana339090261,https://twitter.com/Ana339090261/status/1617833558017732609,2023-01-24T10:35:52.000Z,E o que pode ser feito? Ou o Congresso vai assistir inerte os saques ao BNDES de novo?,3,3,15,https://twitter.com/DepSanderson/status/1617691208771600384
pauloesilvia,@Silviaepaulora1,https://twitter.com/Silviaepaulora1/status/1617837793618845698,2023-01-24T10:52:42.000Z,Cadê a caixa preta?,0,0,0,https://twitter.com/DepSanderson/status/1617691208771600384
Josenia,@Joseniakk1,https://twitter.com/Joseniakk1/status/1617691726755532801,2023-01-24T01:12:17.000Z,Quem irá impedir esses absurdos????,3,5,37,https://twitter.com/DepSanderson/status/1617691208771600384
Ana Beatriz,@AnaBeat52513934,https://twitter.com/AnaBeat52513934/status/1617691785974935553,2023-01-24T01:12:31.000Z,Tem alguma forma de impedir isso?,1,0,14,https://twitter.com/DepSanderson/status/1617691208771600384
LA Módolo,@LAModolo,https://twitter.com/LAModolo/status/1618001122068955136,2023-01-24T21:41:43.000Z,Como impedir que aconteça de novo?,0,0,0,https://twitter.com/DepSanderson/status/1617691208771600384
Limeira,@Limeiramar,https://twitter.com/Limeiramar/status/1618105349659332608,2023-01-25T04:35:52.000Z,Isso mesmo! Não devemos permitir desta vez! CHEGA!!!,0,0,0,https://twitter.com/DepSanderson/status/1617691208771600384
curitibano,@grilomendigo1,https://twitter.com/grilomendigo1/status/1617872478570971137,2023-01-24T13:10:32.000Z,"Viu o roubo está vendo o roubo novamente e nada faz? Conivente! Bando de comédia todos estes ""debitados""! Que venha o primeiro ""PIX""!",0,0,0,https://twitter.com/DepSanderson/status/1617691208771600384
Girassóis,@barberino_thais,https://twitter.com/barberino_thais/status/1618016423355502592,2023-01-24T22:42:31.000Z,O povo vai permitir que a história se repita?,0,0,0,https://twitter.com/DepSanderson/status/1617691208771600384
Tércio∴,@pterciotorrente,https://twitter.com/pterciotorrente/status/1618098060990746632,2023-01-25T04:06:55.000Z,"Alguém foi preso por causa dessa CPI? Se não foi, não adianta nada ... Tem que dar CADEIA para os ""lesa pátria"" sem direito a condicional, nem a indulto ou perdão.",0,0,0,https://twitter.com/DepSanderson/status/1617691208771600384
Nicézio R. Borges,@NrbjB,https://twitter.com/NrbjB/status/1618043680308465666,2023-01-25T00:30:49.000Z,"Certo, parabéns;
Uma pergunta, o que a Câmara fará agora para impedir que o Ex- Presidiário e sua quadrilha façam o mesmo.
OBrigado.",0,0,0,https://twitter.com/DepSanderson/status/1617691208771600384
MarquesJr,@nanoguardbrasil,https://twitter.com/nanoguardbrasil/status/1618013431738826753,2023-01-24T22:30:38.000Z,Vc mente. Isso não funciona mais.,0,0,0,https://twitter.com/DepSanderson/status/1617691208771600384
ADRIANO SANTOS,@ADRIANO21629575,https://twitter.com/ADRIANO21629575/status/1618392209510010880,2023-01-25T23:35:45.000Z,Com certeza,0,0,0,https://twitter.com/DepSanderson/status/1617691208771600384
Lobo_br,@lobo_paralelo,https://twitter.com/lobo_paralelo/status/1618205718724898819,2023-01-25T11:14:42.000Z,O BNDES era o próximo passo da Lava Jato.  Onde gilmar M estancou!,0,0,0,https://twitter.com/DepSanderson/status/1617691208771600384
Marcia Viana,@Marviana20,https://twitter.com/Marviana20/status/1618030762380660740,2023-01-24T23:39:29.000Z,Nosso suor a serviço da quadrilha. Esse Congresso não pode ser omisso.,0,0,1,https://twitter.com/DepSanderson/status/1617691208771600384
Roberto Martins,@Roberto78691614,https://twitter.com/Roberto78691614/status/1618002692974206976,2023-01-24T21:47:57.000Z,"Para recompensar os maus pagadores, mais dinheiro. Apesar do Brasil ter, segundo a Ministra Marina Silva, 120 milhões de pessoas passando fome.",0,0,1,https://twitter.com/DepSanderson/status/1617691208771600384
Gilberto Neves,@GibaTequila1971,https://twitter.com/GibaTequila1971/status/1617993283879469057,2023-01-24T21:10:34.000Z,E nunca será devolvida,0,0,0,https://twitter.com/DepSanderson/status/1617691208771600384
C.R.P.,@CelsoRP74,https://twitter.com/CelsoRP74/status/1617995167855960064,2023-01-24T21:18:03.000Z,"Sério? E mesmo assim ele está solto? Bom, então vcs não fizeram nada que prestasse...",0,0,0,https://twitter.com/DepSanderson/status/1617691208771600384
PobreBrasil,@VandreRosul,https://twitter.com/VandreRosul/status/1618003765411590145,2023-01-24T21:52:13.000Z,E vão deixar de novo acontecer isso e causar um rombo de prejuízo para nós?,0,0,0,https://twitter.com/DepSanderson/status/1617691208771600384
Monica Lima,@monicalcarmo,https://twitter.com/monicalcarmo/status/1618147143763755008,2023-01-25T07:21:57.000Z,Pelo amor  de Deus !!!! Salvem o nosso país deste mal!!!!,0,0,0,https://twitter.com/DepSanderson/status/1617691208771600384
Jailson Santos,@Jailson69294065,https://twitter.com/Jailson69294065/status/1617815623349989376,2023-01-24T09:24:36.000Z,"tá.. já chorou em rede SOCIAL. 
agora ,oque VC e seus pares de DIREITA farão????????",2,2,9,https://twitter.com/DepSanderson/status/1617691208771600384
Mary,@socorrojara1,https://twitter.com/socorrojara1/status/1617865098265231363,2023-01-24T12:41:12.000Z,"Agora é não e não , ele tem que respeitar o parlamento e o povo brasileiro , e comecem a cobrar estes países caloteiros , o duro é o tanto de dinheiro que  lula já gastou em hospedagem e viagens , e o Brasil 🇧🇷 rumo ao abismo .",0,0,1,https://twitter.com/DepSanderson/status/1617691208771600384
Airton Runschka,@AirtonRunschka,https://twitter.com/AirtonRunschka/status/1617693394180136962,2023-01-24T01:18:55.000Z,"Então Deputado, trabalhem para que o congresso não aprove esse assalto aos cofres públicos novamente, em desfavor dos brasileiros 🇧🇷🙏🏿",2,3,26,https://twitter.com/DepSanderson/status/1617691208771600384
Tin@5454,Tin@5454,https://twitter.com/Tin54541/status/1617881168371929088,2023-01-24T13:45:03.000Z,"Senador, conto cm seu empenho para impedir o pres marginal, de depenar os cofres públicos.",0,0,0,https://twitter.com/DepSanderson/status/1617691208771600384
Sidney Serra,@SidneySerra3,https://twitter.com/SidneySerra3/status/1617724886293839872,2023-01-24T03:24:03.000Z,"Deputado Sanderson, trabalhe no sentido de ser instalada uma CPI Mista pois com certeza vai chegar no Luladrao que arquitetou e mandou fazer a ""quebradeira"" nos três poderes colocando no interior dos prédios os vândalos. Sou Gaúcho e votei no amigo. Abraço.",0,0,0,https://twitter.com/DepSanderson/status/1617691208771600384
Tomé C V Cavalcante,@tomecvc,https://twitter.com/tomecvc/status/1617889467301523458,2023-01-24T14:18:02.000Z,"O TCU o que diz? A JF o que diz? E o CN o que fez além da CPI?
O povo quer ação, chega de demagogia.",0,0,0,https://twitter.com/DepSanderson/status/1617691208771600384
Fidel Coelho,@coelho_fidel,https://twitter.com/coelho_fidel/status/1617842903761719296,2023-01-24T11:13:00.000Z,Ué! E fica por isso mesmo???,0,0,0,https://twitter.com/DepSanderson/status/1617691208771600384
"(Agente DEL) DPFL NOTÍCIAS, INFORMAÇÕES e OPINIÃO",@AgenteDEL1984,https://twitter.com/AgenteDEL1984/status/1617981585831366656,2023-01-24T20:24:05.000Z,Sou testemunha disso,0,0,0,https://twitter.com/DepSanderson/status/1617691208771600384
Giovana,@giovanamoura09,https://twitter.com/giovanamoura09/status/1617872605050212353,2023-01-24T13:11:02.000Z,Então podem deixar que isso aconteça novamente,0,0,0,https://twitter.com/DepSanderson/status/1617691208771600384
Sérgio,@Srgio21305179,https://twitter.com/Srgio21305179/status/1617823021494071296,2023-01-24T09:54:00.000Z,Fake News!,0,0,0,https://twitter.com/DepSanderson/status/1617691208771600384
viajante,@5olho,https://twitter.com/5olho/status/1617713492076924930,2023-01-24T02:38:46.000Z,Não existe Argentina mais esta na mente,0,0,0,https://twitter.com/DepSanderson/status/1617691208771600384
rodolfo vogas,@RodolfoVogas,https://twitter.com/RodolfoVogas/status/1617829046523682816,2023-01-24T10:17:57.000Z,Pelo q eu sei Bolsonaro gastou uma grana com auditoria e não encontrou nada...para de falar asneira...,0,0,0,https://twitter.com/DepSanderson/status/1617691208771600384
Henrique Azevedo,@enriquelazevedo,https://twitter.com/enriquelazevedo/status/1617862953260441600,2023-01-24T12:32:41.000Z,Não foram devolvidos por que os que elegemos são frouxos.,0,0,0,https://twitter.com/DepSanderson/status/1617691208771600384
Candida Leal,@CandidaLeal1,https://twitter.com/CandidaLeal1/status/1618209916904443906,2023-01-25T11:31:23.000Z,🇧🇷😭,0,0,0,https://twitter.com/DepSanderson/status/1617691208771600384
Joselea Pimentel,@JoseleaPimentel,https://twitter.com/JoseleaPimentel/status/1617949141694570496,2023-01-24T18:15:10.000Z,Como parar esse homem sem escrúpulos? Sem valores éticos e morais?,0,1,3,https://twitter.com/DepSanderson/status/1617691208771600384
Filipe Drumond Costa,@costa_drumond,https://twitter.com/costa_drumond/status/1618558596010364929,2023-01-26T10:36:55.000Z,Compete ao Congresso criar uma lei; se já não existe; para barrar empréstimos a outros países sem a aprovação de 2/3 do Congresso.,0,0,1,https://twitter.com/DepSanderson/status/1617691208771600384
marco sozo,@marco_sozo,https://twitter.com/marco_sozo/status/1618045128056385539,2023-01-25T00:36:35.000Z,W,0,0,0,https://twitter.com/DepSanderson/status/1617691208771600384
Dalva P. Machado,@DalvaPMachado1,https://twitter.com/DalvaPMachado1/status/1618740913936957440,2023-01-26T22:41:23.000Z,"É lamentável que colocaram ele no poder para voltar a fazer a doação do dinheiro público, dinheiro dos impostos altíssimos que pagamos para ele e  os Ministros fazerem o que quiser.",0,0,0,https://twitter.com/DepSanderson/status/1617691208771600384
NTOT,@TeatiniNelson,https://twitter.com/TeatiniNelson/status/1617870435139588096,2023-01-24T13:02:24.000Z,"Deputado, parabéns pelo seu trabalho. Como barrar esta tragédia?",0,0,1,https://twitter.com/DepSanderson/status/1617691208771600384
Jorge Maia,@Jorge30376811,https://twitter.com/Jorge30376811/status/1617873130541973509,2023-01-24T13:13:07.000Z,"E temos, novamente, o retorno das velhas práticas. Onde vamos parar ?",0,0,0,https://twitter.com/DepSanderson/status/1617691208771600384
ALEXANDER ROCHA DOS SANTOS,@ALEXAND89902502,https://twitter.com/ALEXAND89902502/status/1617901644364275714,2023-01-24T15:06:25.000Z,"Mostra que não fez nada, pois, está se repetindo.",0,0,0,https://twitter.com/DepSanderson/status/1617691208771600384
Dr Cícero Miranda,@DrCceroMiranda2,https://twitter.com/DrCceroMiranda2/status/1617847849814986753,2023-01-24T11:32:40.000Z,Não é possível o congresso fazer algo para impedir?,0,0,2,https://twitter.com/DepSanderson/status/1617691208771600384
Bernardo Fróes Godolphim,@Bernardofroesg,https://twitter.com/Bernardofroesg/status/1617819773836079106,2023-01-24T09:41:06.000Z,@DepSanderson o único modo de barrar este descalabro é com leis que impeçam o BNDES de financiar obras em paises estrangeiros. BNDES é  p desenvolver o Brasil e não financiar a corrupção.,3,3,31,https://twitter.com/DepSanderson/status/1617691208771600384
Ana,@ajulisbr,https://twitter.com/ajulisbr/status/1618372686253809664,2023-01-25T22:18:10.000Z,"Essa CPI não deu em nada, uma pena.",0,0,6,https://twitter.com/DepSanderson/status/1617691208771600384
Therezinha Rocha,@therezinharocha,https://twitter.com/therezinharocha/status/1617817594228244481,2023-01-24T09:32:26.000Z,E vocês fizeram o que na época? Não deu em nada.,0,0,4,https://twitter.com/DepSanderson/status/1617691208771600384
valdeia bastos donadio,@DonadioBastos,https://twitter.com/DonadioBastos/status/1618099583938334720,2023-01-25T04:12:58.000Z,"E aí, o que fazer? Senta e chora? Reclama na internet? Ou faz algo pra impedir isso?",0,0,2,https://twitter.com/DepSanderson/status/1617691208771600384
Pee Wee,@PeeWeeDelFl,https://twitter.com/PeeWeeDelFl/status/1617937617919836162,2023-01-24T17:29:22.000Z,Bozo falhou até em divulgar isto!,0,0,1,https://twitter.com/DepSanderson/status/1617691208771600384
Waléria Nolasco,@NolascoWaleria,https://twitter.com/NolascoWaleria/status/1618048220541878275,2023-01-25T00:48:52.000Z,E o que pode ser feito para que isso não se repita?,0,0,1,https://twitter.com/DepSanderson/status/1617691208771600384
Daniel,@GayaNonato,https://twitter.com/GayaNonato/status/1617915334505435136,2023-01-24T16:00:49.000Z,Pra isso Deputados e Senadores precisam urgente de projetos que o dinheiro do BNDES é do brasileiro e é pra se utilizar no Brasil ponto e não em outros países! 🔥,0,0,9,https://twitter.com/DepSanderson/status/1617691208771600384
Claudia Regina,@Claudia20925377,https://twitter.com/Claudia20925377/status/1617848315068178434,2023-01-24T11:34:31.000Z,Pois mudem as leis no congresso para evitar a farra com o dinheiro público.,0,0,1,https://twitter.com/DepSanderson/status/1617691208771600384
Monika Sena,@MonikaSena3,https://twitter.com/MonikaSena3/status/1617844804095971329,2023-01-24T11:20:34.000Z,Não permita isso deputado vai pra cima não é justo com a população passar por isso de novo,0,0,1,https://twitter.com/DepSanderson/status/1617691208771600384
Nilton Jung,@nilton_jung,https://twitter.com/nilton_jung/status/1617989948896051200,2023-01-24T20:57:19.000Z,E nem será,0,0,0,https://twitter.com/DepSanderson/status/1617691208771600384
Professora Fátima Arruda Destro,@arruda_destro,https://twitter.com/arruda_destro/status/1617802661381955587,2023-01-24T08:33:06.000Z,#BNDSparaArgentinaNAO,0,0,0,https://twitter.com/DepSanderson/status/1617691208771600384
Luiz A Souza,@LuizASo01385586,https://twitter.com/LuizASo01385586/status/1617906083934392321,2023-01-24T15:24:04.000Z,"Lula só é presidente porque concorreu com o sujeito mais repugnante da República, mas a bilionária roubalheira petista realmente aconteceu",0,0,0,https://twitter.com/DepSanderson/status/1617691208771600384
SoraiaLemos,@SoraiaLemos19,https://twitter.com/SoraiaLemos19/status/1617902878387240960,2023-01-24T15:11:20.000Z,"O Dinheiro do BNDES ñ é dele,é do Povo,p/ ser usado no Desenvolvimento Econômico e Social do Povo brasileiro.Deve ser investido no Brasil em prol da população brasileira.Ñ é para ser dado,doado a outros países como já fez anteriormente.Corruptor voltando a agir.Perigo!Roubo!",0,0,0,https://twitter.com/DepSanderson/status/1617691208771600384
Mané Brasileiro,@Spectro2200,https://twitter.com/Spectro2200/status/1617914440078471170,2023-01-24T15:57:16.000Z,"PARA O QUÊ SERVE ""CPI"" NO BRASIL? SE TUDO ACABA EM PIZZA.",0,0,0,https://twitter.com/DepSanderson/status/1617691208771600384
Dionizio Silva,@DionizioSilva14,https://twitter.com/DionizioSilva14/status/1618051242521145345,2023-01-25T01:00:52.000Z,#PachecoNAO,0,0,0,https://twitter.com/DepSanderson/status/1617691208771600384
debora giglio,@deboragigliojl,https://twitter.com/deboragigliojl/status/1617824521800802305,2023-01-24T09:59:58.000Z,Cd a imprensa para noticiar a farra do bnds?,0,0,0,https://twitter.com/DepSanderson/status/1617691208771600384
Marcelo Henrique ∴,@Marcelo_Henrk,https://twitter.com/Marcelo_Henrk/status/1617823337325146115,2023-01-24T09:55:15.000Z,"Pois é, se em 19 você ficou sabendo e não fez porra nenhuma não adianta reclamar em 23.
Daqui a pouco tu vai é preso por comentários como esse",2,0,10,https://twitter.com/DepSanderson/status/1617691208771600384
Marcelo P. Vicentini,@MarceloPVicent1,https://twitter.com/MarceloPVicent1/status/1617879355438567430,2023-01-24T13:37:51.000Z,Então trabalhe para impedir essa barbárie!,0,0,0,https://twitter.com/DepSanderson/status/1617691208771600384
Roland Franzotti,@FranzottiRoland,https://twitter.com/FranzottiRoland/status/1617917947598757888,2023-01-24T16:11:12.000Z,E nem vai.,0,0,0,https://twitter.com/DepSanderson/status/1617691208771600384
MD - MarizaDelandrea,@Marizadel4,https://twitter.com/Marizadel4/status/1618025293251514370,2023-01-24T23:17:46.000Z,"Então não cruzem os braços, não deixem ele quebrar o Brasil de novo!!",0,0,0,https://twitter.com/DepSanderson/status/1617691208771600384
Rose,@usapaloma,https://twitter.com/usapaloma/status/1617848158914252801,2023-01-24T11:33:53.000Z,@jairbolsonaro @mauriciorocha70 @FlavioBolsonaro,0,0,0,https://twitter.com/DepSanderson/status/1617691208771600384
Geraldo Ferreira,@Geraldo24715029,https://twitter.com/Geraldo24715029/status/1618725664164814858,2023-01-26T21:40:47.000Z,Se conhece tão bem e ficou calado é conivente kkkkkkkkkk,0,0,0,https://twitter.com/DepSanderson/status/1617691208771600384
JCF,@Fonsec1Jcf,https://twitter.com/Fonsec1Jcf/status/1617899328189919234,2023-01-24T14:57:13.000Z,Banco dos ricos... Só grandes conseguem recurso neste banco... Os micros e pequenos tem recorrer a outros bancos...,0,0,0,https://twitter.com/DepSanderson/status/1617691208771600384
genilson almeida,@genilsonalmeida,https://twitter.com/genilsonalmeida/status/1617867700814123008,2023-01-24T12:51:33.000Z,Espero que o congresso não permita este repasse criminoso novamente nos cofres públicos a custa do suor do povo,0,0,0,https://twitter.com/DepSanderson/status/1617691208771600384
Joserlan Sebastião deOliveira,@JoserlanSebast1,https://twitter.com/JoserlanSebast1/status/1618028525835128833,2023-01-24T23:30:36.000Z,A volta a cena do crime...,0,0,0,https://twitter.com/DepSanderson/status/1617691208771600384
Carly Cruz,@carlycruz,https://twitter.com/carlycruz/status/1618022803160313856,2023-01-24T23:07:52.000Z,"Engraçado,  o maléfico mandou todos do BC descobrirem os segredos da cx preta.Ninguém achou nada...",0,0,0,https://twitter.com/DepSanderson/status/1617691208771600384
Marcelo Moreira,@Marcelo29317752,https://twitter.com/Marcelo29317752/status/1617868044147257345,2023-01-24T12:52:54.000Z,E vai causar estrago de novo. Decisão tomada e não voltará atrás. BNDES precisa ser independente do executivo.,0,0,0,https://twitter.com/DepSanderson/status/1617691208771600384
Amelia Bolzani,@bolzani_amelia,https://twitter.com/bolzani_amelia/status/1618417095519408128,2023-01-26T01:14:38.000Z,Contamos com vcs no novo congresso para barrar este desgoverno e não deixar passar estes absurdos.,0,0,0,https://twitter.com/DepSanderson/status/1617691208771600384
silza gavim,@silzagavim,https://twitter.com/silzagavim/status/1618040862335979526,2023-01-25T00:19:37.000Z,"Por isso fiquem alerta, já conhecem o modus operandi dele, vai tentar fazer a mesma coisa, já começou!",0,0,0,https://twitter.com/DepSanderson/status/1617691208771600384
Tanita Leal,@lealtanita1,https://twitter.com/lealtanita1/status/1618008091609694210,2023-01-24T22:09:24.000Z,Estamos nas mãos dos senadores,0,0,0,https://twitter.com/DepSanderson/status/1617691208771600384
Eliane Frison,@elianefrison,https://twitter.com/elianefrison/status/1618237545590185984,2023-01-25T13:21:10.000Z,O que o Parlamento pode fazer pra barrar que isso ocorra novamente?,0,0,0,https://twitter.com/DepSanderson/status/1617691208771600384
Laura Paesi,@LPaesi,https://twitter.com/LPaesi/status/1617837540165419008,2023-01-24T10:51:42.000Z,Então é preciso sair das redes sociais e agir para impedir que isso aconteça novamente.,1,1,2,https://twitter.com/DepSanderson/status/1617691208771600384
Mterezapacheco,@mterezapacheco,https://twitter.com/mterezapacheco/status/1618550336301727747,2023-01-26T10:04:06.000Z,CPI serve para alguma coisa ????,0,0,0,https://twitter.com/DepSanderson/status/1617691208771600384
Ana Camila Festa,@AnaCamilaFesta1,https://twitter.com/AnaCamilaFesta1/status/1617911511611215872,2023-01-24T15:45:38.000Z,Socorro! Quem poderá nos salvar???,0,0,1,https://twitter.com/DepSanderson/status/1617691208771600384
Lydia Venturelli Oficial,@lydiaventurelli,https://twitter.com/lydiaventurelli/status/1617995015313297409,2023-01-24T21:17:27.000Z,#CPI,0,0,0,https://twitter.com/DepSanderson/status/1617691208771600384
Nilza,@nillmarques,https://twitter.com/nillmarques/status/1618204765653200897,2023-01-25T11:10:55.000Z,"O Bolsonaro fez o que com relação a isso? Nada nada nada. Deixou as coisas acontecerem batendo na tecla de voto impresso e blá blá blá. Achou que já estava tudo certo e não mais sairia de lá
 Permitiu o caos. E pra consertar isso agora? Faz o L",1,0,1,https://twitter.com/DepSanderson/status/1617691208771600384
Twitt@!,Twitt@!,https://twitter.com/TwittaSwiss/status/1618242410341093379,2023-01-25T13:40:30.000Z,Ops! I will do it again!,0,0,0,https://twitter.com/DepSanderson/status/1617691208771600384
larissa nogueira,@larissa23113694,https://twitter.com/larissa23113694/status/1617837781937709056,2023-01-24T10:52:39.000Z,Pois é deputado hora de impedir que isso se repita. Aos Senhores cabe essa função pelo bem do país.,0,0,1,https://twitter.com/DepSanderson/status/1617691208771600384
Eva Brasileira Muta,@muta_eva,https://twitter.com/muta_eva/status/1618022800232689668,2023-01-24T23:07:51.000Z,Vamos assistir esse Ripley sem fazer nada?,0,0,0,https://twitter.com/DepSanderson/status/1617691208771600384
Ton O Ton,@w_tonn,https://twitter.com/w_tonn/status/1617834154166726658,2023-01-24T10:38:14.000Z,"São nesses países que ele guarda o dinheiro roubado,só cego não vê que ele usa essa desculpa de ajudar país quebrado pra desviar nosso dinheiro,no primeiro mandato fez várias concessões,abriu as portas do BNDS é só tomamos calotes!",1,0,0,https://twitter.com/DepSanderson/status/1617691208771600384
Salete Catarina Zignani,@SaleteZignani,https://twitter.com/SaleteZignani/status/1617710473729937408,2023-01-24T02:26:47.000Z,"Deputado o trabalho para barrar esses absurdos é de vocês,coloquem esse usurpador o seu devido lugar.",0,0,2,https://twitter.com/DepSanderson/status/1617691208771600384
Paulo S,@PauloSi69137313,https://twitter.com/PauloSi69137313/status/1617832405053865984,2023-01-24T10:31:17.000Z,"Boa hora pra exigir a devolução do nosso dinheiro, não!? Vamos la Deputado! Vai no STF...",1,1,7,https://twitter.com/DepSanderson/status/1617691208771600384
Erika,@ErikaVideira,https://twitter.com/ErikaVideira/status/1617706837830434816,2023-01-24T02:12:20.000Z,Contamos com a oposição dos senhores parlamentares!!!!!!!,0,0,1,https://twitter.com/DepSanderson/status/1617691208771600384
Erika,@ErikaVideira,https://twitter.com/ErikaVideira/status/1617707048019562497,2023-01-24T02:13:10.000Z,Contamos com os senhores para bloquear estes abusos!!!!,0,0,1,https://twitter.com/DepSanderson/status/1617691208771600384
o,@HellenWernz,https://twitter.com/HellenWernz/status/1617859001412386818,2023-01-24T12:16:58.000Z,"Pois é, e vão deixar?? Um brasileiro comum se deve a um banco e não termina de pagar não pode tirar outro empréstimo. Agora essa palhaçada outra vez. Estão devendo para o Brasil e vão ""doar"" dinheiro sofrido do povo. Brasil não merece isso de novo!!!!!",0,0,1,https://twitter.com/DepSanderson/status/1617691208771600384
Silvia Costa,@silviacosta58,https://twitter.com/silviacosta58/status/1618082325950259204,2023-01-25T03:04:23.000Z,"Não cansa de fake News, deputado?
Quem sabe está querendo aquele adereço no tornozelo.
Sabe que mente e continua mentindo e espero que o castigo venha em breve.",0,0,0,https://twitter.com/DepSanderson/status/1617691208771600384
Lia Mei,@LiaMei12,https://twitter.com/LiaMei12/status/1617999156974616579,2023-01-24T21:33:54.000Z,Pois é! Não é justo esse sujeito emprestar nosso dinheiro para outros países.  Isso não pode prosperar.,1,0,23,https://twitter.com/DepSanderson/status/1617691208771600384
Japonês da Federal,@alan_teixeira_,https://twitter.com/alan_teixeira_/status/1617949511909019648,2023-01-24T18:16:38.000Z,"Isso é para ver que CPI não serve para bosta nenhuma

Só barulho e pizza

Não criaram um dispositivo para impedir futuro roubos",0,0,1,https://twitter.com/DepSanderson/status/1617691208771600384
Rogerio,@pernacoelho,https://twitter.com/pernacoelho/status/1617843092031410177,2023-01-24T11:13:45.000Z,Sobre o prejuízo que o seu mito deixou porque não fala nada?,0,0,0,https://twitter.com/DepSanderson/status/1617691208771600384
Wilson Simonal,@WilsonSimonal3,https://twitter.com/WilsonSimonal3/status/1617953758247264256,2023-01-24T18:33:30.000Z,"E o que foi feito? O povo quis a quadrilha  de volta,o povo tem o governo que merece,e não tem nenhum país merecendo esse tipo de governo como o brasil, pensem num povo pilantra.",0,0,0,https://twitter.com/DepSanderson/status/1617691208771600384
Margarida,@Margari63763791,https://twitter.com/Margari63763791/status/1617699216444514304,2023-01-24T01:42:03.000Z,DISSERTE!!!!!!,0,0,0,https://twitter.com/DepSanderson/status/1617691208771600384
MARIA DE FÁTIMA FONS,@fabolafonseca,https://twitter.com/fabolafonseca/status/1617901746747248640,2023-01-24T15:06:50.000Z,Deus do céu e agora então o rombo vai ser institucionalizadi.,0,0,0,https://twitter.com/DepSanderson/status/1617691208771600384
药老,@__Ogum,https://twitter.com/__Ogum/status/1617909470100885504,2023-01-24T15:37:31.000Z,"A americanas do Lehmann, Sucupira e Telles devem mais aos bancos públicos que Venezuela e Cuba juntos. E países grandes fazem investimento em infraestrutura, exemplo EUA e China pelo mundo.",0,0,0,https://twitter.com/DepSanderson/status/1617691208771600384
Idinéia Michalichen,@idineia77,https://twitter.com/idineia77/status/1617842203510079489,2023-01-24T11:10:14.000Z,"Não permitam deputado, temos muitos problemas a serem resolvidos no Brasil.",0,0,0,https://twitter.com/DepSanderson/status/1617691208771600384
Rubilar Castro,@Rubilarcastro1,https://twitter.com/Rubilarcastro1/status/1617845349217075202,2023-01-24T11:22:44.000Z,"Você esquece que bolsonaro gastou 48 milhões para abrir o que ele chamou de caixa preta do BNDES,e não foi encontrado nenhuma irregularidades,e de lambuja inocentou o PT?",0,0,0,https://twitter.com/DepSanderson/status/1617691208771600384
Rubens Vinícius M Silva,@RubensVincius2,https://twitter.com/RubensVincius2/status/1617860248198602755,2023-01-24T12:21:56.000Z,INFELIZMENTE VAI ROLAR DE NOVO! LAMENTÁVEL ESTAMOS NO BICO DO CORVO,0,0,0,https://twitter.com/DepSanderson/status/1617691208771600384
Luis Braga,@bra33461374,https://twitter.com/bra33461374/status/1617864359308558336,2023-01-24T12:38:16.000Z,"Não é o que diz o sítio do BNDES. 

Ao que ali está, as operações realizadas eram seguradas. 

Mas o Sr. Pode comprovar que os cofres públicos não foram ressarcidos!? 
Mas, por favor, com documentos. 

Palavra é vento e o vento leva.

Documentos oficiais com fé-publica.",0,0,0,https://twitter.com/DepSanderson/status/1617691208771600384
eldonir moreira,@MoreiraEldonir,https://twitter.com/MoreiraEldonir/status/1617849725373534208,2023-01-24T11:40:07.000Z,"Esses financiamentos não passam pelo congresso? Se a resposta é não, por que não criar um mecanismo para que todo financiamento com o dinheiro público a nações estrangeiras passe pelo congresso Nacional",0,0,0,https://twitter.com/DepSanderson/status/1617691208771600384
Elizabeth Lindoni,@Lizlindoni,https://twitter.com/Lizlindoni/status/1617851161197039617,2023-01-24T11:45:49.000Z,E nunca será  devolvido!! E nós preparemos porque as comportas do nosso dinheiro foram abertas! Viva o amor.. viva  democracia.. 🐀🤑,0,0,0,https://twitter.com/DepSanderson/status/1617691208771600384
Renildo Campos,@RenildoCampos10,https://twitter.com/RenildoCampos10/status/1617943901612150786,2023-01-24T17:54:20.000Z,Brasil da corrupção,0,0,0,https://twitter.com/DepSanderson/status/1617691208771600384
Sérgio,@SergioN50600357,https://twitter.com/SergioN50600357/status/1617696402783764481,2023-01-24T01:30:52.000Z,Nova CPI DO BNDES JÁ!,2,4,17,https://twitter.com/DepSanderson/status/1617691208771600384
ZéresendeLula,@resendeandrade1,https://twitter.com/resendeandrade1/status/1617840250205896708,2023-01-24T11:02:28.000Z,"BNDES gasta R$ 48 mi com caixa-preta e não acha irregularidade
A abertura da 'caixa-preta' foi uma das missões conferidas por Jair Bolsonaro ao presidente do BNDES, Gustavo Montezano, que tomou posse em julho
Agência Estado
ECONOMIA | por Agência Estado

21/01/2020 - 20H10",1,0,5,https://twitter.com/DepSanderson/status/1617691208771600384
Tomé,@Wrtomee,https://twitter.com/Wrtomee/status/1617871536337354752,2023-01-24T13:06:47.000Z,"Deputado, vossa excelência precisa tomar uma decisão então, mostra porque foi eleito...nos ajudar é a sua missão. Estamos no aguardo.",0,0,0,https://twitter.com/DepSanderson/status/1617691208771600384
#Guilhotina,@AlexM_Paula,https://twitter.com/AlexM_Paula/status/1617953353945976832,2023-01-24T18:31:54.000Z,Onde estão as provas sem vergonha!,0,0,0,https://twitter.com/DepSanderson/status/1617691208771600384
Otavio#MottaVive,@MottaOtavio,https://twitter.com/MottaOtavio/status/1618086112974757889,2023-01-25T03:19:26.000Z,"Deputado, tem de ser criada uma PEC, que esses empréstimos , tenham de passar pelo Congresso e Câmera.
Já vimos esse filme antes.",0,0,0,https://twitter.com/DepSanderson/status/1617691208771600384
Marcos Oliveira,@marcaotop,https://twitter.com/marcaotop/status/1618032564274618370,2023-01-24T23:46:39.000Z,Pq não tomaram providências na ocasião deputado? Parece à época que não encontraram nada!,0,0,0,https://twitter.com/DepSanderson/status/1617691208771600384
Marcus,@MarcusP33612846,https://twitter.com/MarcusP33612846/status/1618090300995678209,2023-01-25T03:36:05.000Z,Teremos repeteco agora,0,0,0,https://twitter.com/DepSanderson/status/1617691208771600384
Carlos Eduardo R Leite,@Cadu1504,https://twitter.com/Cadu1504/status/1617889434674024450,2023-01-24T14:17:54.000Z,"...e o cara está Presidente de novo?!?
SOS Brasil!
Fora Lula e Caterva",0,0,2,https://twitter.com/DepSanderson/status/1617691208771600384
Valdir Basso,@OCiclistass,https://twitter.com/OCiclistass/status/1617900221786361856,2023-01-24T15:00:46.000Z,E a maioria do congresso nacional só pensando no próprio umbigo são 💯 % responsáveis por toda essa tragédia desde deixarem o TSE se intrometer contra o voto impresso até o absurdo que fizeram com a eleição permitiram o STF legislar no lugar dos congressistas.,0,0,3,https://twitter.com/DepSanderson/status/1617691208771600384
Claudia Barros,@Claudiactbarros,https://twitter.com/Claudiactbarros/status/1617870224354848770,2023-01-24T13:01:34.000Z,"A grande pergunta é: o que @camaradeputados e @SenadoFederal podem fazer para acabar com estas ""treslouquices"". O Brasil com sérios problemas na indústria, infraestrutura, saúde, educação e segurança e esse cara mandando o dinheiro dos nossos impostos para os outros?",0,0,8,https://twitter.com/DepSanderson/status/1617691208771600384
PaulaK,@PaulaKah6,https://twitter.com/PaulaKah6/status/1617887742670802946,2023-01-24T14:11:11.000Z,Quem irá frear tanto retrocesso e destruição ?? O país não aguentará um ano com esse gov da maldade.,0,0,1,https://twitter.com/DepSanderson/status/1617691208771600384
Tânia Carvalho,@taniamfcarvalho,https://twitter.com/taniamfcarvalho/status/1618497386606907395,2023-01-26T06:33:41.000Z,Só o legislativo pode impedir essa palhaçada do executivo. Mexam-se,0,0,0,https://twitter.com/DepSanderson/status/1617691208771600384
Angel Santander,@ssdesigner14,https://twitter.com/ssdesigner14/status/1617902670026780675,2023-01-24T15:10:30.000Z,Pergunto por qué não foi condenado o Luladrão????,0,0,1,https://twitter.com/DepSanderson/status/1617691208771600384
jadilson,@jadilso28664665,https://twitter.com/jadilso28664665/status/1618004496453632011,2023-01-24T21:55:07.000Z,Acesse o stf contra mais essa roubalheira.,0,0,0,https://twitter.com/DepSanderson/status/1617691208771600384
Tatiane Freitas,@Tatyfreitaaaas,https://twitter.com/Tatyfreitaaaas/status/1618193448280150018,2023-01-25T10:25:57.000Z,E vocês deputados vão fazer o que sobre isso? Só ficar se aqui falando não vai mudar nada,0,0,0,https://twitter.com/DepSanderson/status/1617691208771600384
R,@RobsonInvasor,https://twitter.com/RobsonInvasor/status/1617860029146869764,2023-01-24T12:21:03.000Z,"Quais países? e Quais contratos? Desde, ainda não conseguiu. Cadê a caixa preta? Só mentiras;",0,0,2,https://twitter.com/DepSanderson/status/1617691208771600384
Sonia Sousa,@ssousaad,https://twitter.com/ssousaad/status/1617909973199257611,2023-01-24T15:39:31.000Z,Que tal legislar proibindo os malditos empréstimos sem garantia e o sigilo dos respectivos contratos???,0,0,0,https://twitter.com/DepSanderson/status/1617691208771600384
Lineu R. Rachevsky,@rachevsky75,https://twitter.com/rachevsky75/status/1617878233084747780,2023-01-24T13:33:24.000Z,O Congresso pode e deve impedir a repetição de erros.,0,0,0,https://twitter.com/DepSanderson/status/1617691208771600384
Osvaldo Pedroso,@Pitiko52,https://twitter.com/Pitiko52/status/1617816862242504712,2023-01-24T09:29:32.000Z,Fortuna q tende a aumentar.,0,0,0,https://twitter.com/DepSanderson/status/1617691208771600384
Cesar,@MarcosCytrangul,https://twitter.com/MarcosCytrangul/status/1617789497454006273,2023-01-24T07:40:47.000Z,"O problema é que os eleitores nem sequer sabem das benesses do BNDES. Só o conhece aquele que dele se beneficia
O Brasil é um país de semianalfabetos funcionais. Infelizmente, é isso.",3,7,54,https://twitter.com/DepSanderson/status/1617691208771600384
Renato Rössler,@RenatoLopesde,https://twitter.com/RenatoLopesde/status/1618025234606739456,2023-01-24T23:17:32.000Z,"Pois é, e aí?????",0,0,0,https://twitter.com/DepSanderson/status/1617691208771600384
XANDÃO DO BREJO,@Xandao_do_Brejo,https://twitter.com/Xandao_do_Brejo/status/1618687674466058241,2023-01-26T19:09:50.000Z,"Ué eu entrei no site da transparência do BNDES e não tem esses fatos narrados pelo parlamentar, não seria cabível também protocolar um pedido de impedimento também contra essas falas visto que não batem com os dados do site do banco",0,0,0,https://twitter.com/DepSanderson/status/1617691208771600384
Roni Romar,@RONI_ROMAR,https://twitter.com/RONI_ROMAR/status/1617836522090430466,2023-01-24T10:47:39.000Z,Oi que vai ser feito?!!?!?!?!??!,0,0,1,https://twitter.com/DepSanderson/status/1617691208771600384
Iolanda Flaviano Pereira,@IolandaFlaviano,https://twitter.com/IolandaFlaviano/status/1617880013944262663,2023-01-24T13:40:28.000Z,"Deputado vocês os representantes do povo estão fazendo OK!!!!!
Só informando o desastre e gastando por conta da desgraça!!!???",0,0,0,https://twitter.com/DepSanderson/status/1617691208771600384
LISA,@LISA_FREIITAS,https://twitter.com/LISA_FREIITAS/status/1617712482939985920,2023-01-24T02:34:46.000Z,Deputado tente algo para impedir essa farra com nosso dinheiro.,0,0,0,https://twitter.com/DepSanderson/status/1617691208771600384
Osmar Aquino,@OsmarAquino57,https://twitter.com/OsmarAquino57/status/1617877320173486088,2023-01-24T13:29:46.000Z,E bom já ir preparando outra CPI do BNDES.,0,0,0,https://twitter.com/DepSanderson/status/1617691208771600384
nãodesista,@paulorsd6691,https://twitter.com/paulorsd6691/status/1617944846198779904,2023-01-24T17:58:05.000Z,"Bora lá deputado
Vai ter muita CPI pela frente;do dia 8 e os desdobramentos 
Da toga
Dos índios na Amazônia/ONGS
Da ministra do turismo
E pelas políticas nas estatais
Vai ter muitas ainda pela frente além destas!",0,0,0,https://twitter.com/DepSanderson/status/1617691208771600384
Edi G,@eg2309,https://twitter.com/eg2309/status/1617920521982861312,2023-01-24T16:21:26.000Z,"Mas é pq o AMOR venceu, deputado…..",0,0,0,https://twitter.com/DepSanderson/status/1617691208771600384
Rico Mäder #shineyournature #disque180,@ricovmader,https://twitter.com/ricovmader/status/1617877236065136640,2023-01-24T13:29:26.000Z,#PacheccoNao #PachecoNuncaMais,0,0,0,https://twitter.com/DepSanderson/status/1617691208771600384
Rita Rahal,@RitaRahal7,https://twitter.com/RitaRahal7/status/1617910413513076736,2023-01-24T15:41:16.000Z,E ninguém faz nada para parar esse bandido,0,0,0,https://twitter.com/DepSanderson/status/1617691208771600384
margarety capovilla,@margaretycapov1,https://twitter.com/margaretycapov1/status/1617917232348270593,2023-01-24T16:08:22.000Z,"Então,mas na campanha do Lulaladrao ninguém falou nada,agora não adianta chorar,vamos ver só os estragos",0,0,0,https://twitter.com/DepSanderson/status/1617691208771600384
Ione Oliveira Costa,@ioneocosta,https://twitter.com/ioneocosta/status/1617702281050460160,2023-01-24T01:54:13.000Z,"No meu entendimento,caberá ao Congresso brecar isso.Dinheiro do povo tem que ser investido em favor do próprio povo que o gerou!",0,0,3,https://twitter.com/DepSanderson/status/1617691208771600384
Ione Oliveira Costa,@ioneocosta,https://twitter.com/ioneocosta/status/1617702759977058304,2023-01-24T01:56:08.000Z,O Congresso tem que bloquear essa possibilidade!,0,0,11,https://twitter.com/DepSanderson/status/1617691208771600384
Themis Scalco,@ThemisScalco,https://twitter.com/ThemisScalco/status/1617881268544483330,2023-01-24T13:45:27.000Z,Fake news!!,0,0,0,https://twitter.com/DepSanderson/status/1617691208771600384
Alee,@MeleeeFox,https://twitter.com/MeleeeFox/status/1617827367996788736,2023-01-24T10:11:16.000Z,"Quando o Brasil tinha a faca e o queijo na mão pra por medo em engravatados com a CPI LavaToga,assassinaram a reputação de todos aqueles que defendiam essa pauta,agora Lula vai fazer festa mesmo com recurso,assim como deu uma ferrovia que Hugo Chavez nunca pagou e afins pra Cuba.",0,0,0,https://twitter.com/DepSanderson/status/1617691208771600384
