nome,usuario,idTweet,dataPublicacao,texto,replies,retweets,likes,tweetPai
Carol Sponza,@carolsponza30,https://twitter.com/carolsponza30/status/1617542024626069504,2023-01-23T15:17:25.000Z,Perfeito. Não é hora de brigar sobre quando isso começou. É hora de achar solução e trabalhar.,0,0,8,https://twitter.com/adriventurasp/status/1617525932843216896
Marcos Fernandes 马克席尔瓦,@marcos_fgs,https://twitter.com/marcos_fgs/status/1617951548734345216,2023-01-24T18:24:43.000Z,"O que vc quer dizer com este post? Que há dificuldades de logística? Deputada, colega, esclareça, por favor?",1,0,1,https://twitter.com/adriventurasp/status/1617525932843216896
Ana Saraiva,@ANALUIZ91808167,https://twitter.com/ANALUIZ91808167/status/1617527496265564160,2023-01-23T14:19:41.000Z,"Tem que investigar se são realmente brasileiros, esqualidos do jeito que estão, provavelmente vieram da Venezuela",0,0,1,https://twitter.com/adriventurasp/status/1617525932843216896
Cdeah,@cdeahill,https://twitter.com/cdeahill/status/1617526909918928898,2023-01-23T14:17:22.000Z,"Afinal, são brasileiros ou venezuelanos? Onde estão os responsáveis, direitos, por essa barbárie?",1,0,1,https://twitter.com/adriventurasp/status/1617525932843216896
Náufrago,@bernronc,https://twitter.com/bernronc/status/1617527250328621056,2023-01-23T14:18:43.000Z,Por favor que seja feito algo prático e não publicitário... Esse povo sofre anos e é usado apenas como bandeira publicitária,0,1,4,https://twitter.com/adriventurasp/status/1617525932843216896
Daniel Ferreira,@dmferreira1984,https://twitter.com/dmferreira1984/status/1617533807648993286,2023-01-23T14:44:46.000Z,"Deputada, seria ideal investigar essas questão de índios da Venezuela, todos devem ser cuidados e respeitados.
Verificar o que existe de fakenews ou não.",0,0,0,https://twitter.com/adriventurasp/status/1617525932843216896
Delma Borges Do Amaral,@delma_a1,https://twitter.com/delma_a1/status/1617886637710798855,2023-01-24T14:06:47.000Z,"Jeito PT de governar!
Usando a desgraça pra se promover e não fazem nada pra mudar a desgraça do povo !
Mas enriquecem os companheiros...tenho vergonha desses políticos.",0,0,0,https://twitter.com/adriventurasp/status/1617525932843216896
My,@MyleCristin,https://twitter.com/MyleCristin/status/1617635831161970688,2023-01-23T21:30:11.000Z,"Algo q não entendo. Num território vasto como o dos yanomamis, não se planta nada, não se cria nada? Eles vivem de cestas básicas? Eles vivem de quê?",0,0,0,https://twitter.com/adriventurasp/status/1617525932843216896
Claudemir Walci,@CWalci,https://twitter.com/CWalci/status/1617543297186074625,2023-01-23T15:22:29.000Z,"Isso é uma questão que o senhores deputados deveriam estar olhando, deveria estar fiscalizando, embora a senhora não é deste estado, mas é obrigação de vocês cobrar e fiscalizar quem é que seja o governo. Pelo que vimos não foi feito papel de vocês.",0,0,0,https://twitter.com/adriventurasp/status/1617525932843216896
mndsjota,@mndsjota,https://twitter.com/mndsjota/status/1617697002565013505,2023-01-24T01:33:15.000Z,Pega os 5Cincão da Claudia Raia que já ajuda pra caramba.,0,0,2,https://twitter.com/adriventurasp/status/1617525932843216896
【Dan】,@libertarioegay,https://twitter.com/libertarioegay/status/1617526414043131905,2023-01-23T14:15:23.000Z,"Isso que dá tratar eles como seres isolados e como animais…
Se tivessem integrado eles na nossa sociedade estariam com condições melhores de vida.",0,0,1,https://twitter.com/adriventurasp/status/1617525932843216896
Francisco Celso Garcia,@Francis73406366,https://twitter.com/Francis73406366/status/1617567095302279169,2023-01-23T16:57:03.000Z,"Parece até que essa situação dos índios começou agora..... eu tenho registros desde o ano 1500  ...

Parem de hipocrisias !! ...",0,0,1,https://twitter.com/adriventurasp/status/1617525932843216896
angela,@angela_renault_,https://twitter.com/angela_renault_/status/1617535166024409091,2023-01-23T14:50:10.000Z,"Adriana, essa situaçao se arrasta há uns 20 anos … está na hora de alguém lecar isso a serio! Nunca, nenhum governo tratou a questão como deve. Nem direita (Bolsonaro) , nem esquerda (Lula e Dilma. Olhe por eles!",1,0,3,https://twitter.com/adriventurasp/status/1617525932843216896
Paulo Strazieri,@PauloStrazieri,https://twitter.com/PauloStrazieri/status/1617689950912401411,2023-01-24T01:05:14.000Z,E que transitam livremente na fronteira Brasil/Venezuela. Juntas as áreas nos dois países somam 178 mil km² (96 no Brasil e 82 na Venezuela). É do tamanho do Uruguai. Um dia vão querer independência.,0,0,0,https://twitter.com/adriventurasp/status/1617525932843216896
Jair Junior,@juniorbernacki,https://twitter.com/juniorbernacki/status/1617543564723904512,2023-01-23T15:23:32.000Z,"Sim, muitos estão do lado da Venezuela!!",0,0,0,https://twitter.com/adriventurasp/status/1617525932843216896
Felipe de lima,@ignus_loki,https://twitter.com/ignus_loki/status/1617532180657315840,2023-01-23T14:38:18.000Z,Pretende fazer alguma investigação sobre isso deputada?,0,0,2,https://twitter.com/adriventurasp/status/1617525932843216896
Débora,@_rizo,https://twitter.com/_rizo/status/1617612668193636354,2023-01-23T19:58:08.000Z,👀,0,0,0,https://twitter.com/adriventurasp/status/1617525932843216896
Ale Pires,@alepiresagente,https://twitter.com/alepiresagente/status/1617597175386472488,2023-01-23T18:56:34.000Z,"A gente eleje 600, que contratam e nomeiam não sei quantos, para ter essa recordação do Brasil, no século 21?",0,0,0,https://twitter.com/adriventurasp/status/1617525932843216896
Fotografias Históricas,@diletante36,https://twitter.com/diletante36/status/1617551340821184512,2023-01-23T15:54:26.000Z,Gosta de história? Quer povoar sua timeline com imagens históricas? Siga meu perfil! Postagens diárias de lugares fantásticos e curiosidades históricas.,0,0,0,https://twitter.com/adriventurasp/status/1617525932843216896
DEPUTADO DO POVO DE DIREITA,@Geovane86980390,https://twitter.com/Geovane86980390/status/1617681100167614464,2023-01-24T00:30:03.000Z,"Ai galera, finalmente o Lula vai acabar com a fome dos pobres 👏🏻Mas a fome dos pobres lá da Argentina e aí depois dos pobres da Venezuela, depois dos pobres, da Bolívia, Perú, Chile, Nicarágua...

Peguei vcs, enganei vcs abestados...🤣",0,0,0,https://twitter.com/adriventurasp/status/1617525932843216896
