nome,usuario,idTweet,dataPublicacao,texto,replies,retweets,likes,tweetPai
Covatti Filho,@CovattiFilho,https://twitter.com/CovattiFilho/status/1617899908761284611,2023-01-24T14:59:32.000Z,"Lula já disse também que ""a Venezuela"", governada com mão de ferro por ditadores comunistas, ""tem democracia até demais"".

O que será de um Brasil governado por quem chama ditadura de democracia e acredita que hiper-inflação e desemprego sejam ""situações privilegiadas""?",4,1,3,https://twitter.com/CovattiFilho/status/1617899906651533314
Vandi Garlet,@VandiGarlet,https://twitter.com/VandiGarlet/status/1650868404826394633,2023-04-25T14:24:34.000Z,🚫 #PL2630Nao estamos de olho.,0,0,0,https://twitter.com/CovattiFilho/status/1617899906651533314
Salete Almeida,@SaleteA97622799,https://twitter.com/SaleteA97622799/status/1620516893949067269,2023-01-31T20:18:29.000Z,"Senhor deputado votei no senhor e toda a minha família, gostaria muito de contar com seu voto pro Marce do partido novo # fora Lira.",0,0,0,https://twitter.com/CovattiFilho/status/1617899906651533314
,@JosianaZs,https://twitter.com/JosianaZs/status/1654557613223231488,2023-05-05T18:44:09.000Z,"Já assinou o PL do Marco temporal???

Vamos fechar... pra que serve?
Só pra mamar?",0,0,0,https://twitter.com/CovattiFilho/status/1617899906651533314
Daniella B,@daniella_s__,https://twitter.com/daniella_s__/status/1650984520521248773,2023-04-25T22:05:58.000Z,"Deputado, OBRIGADA por dizer NÃO à censura e lutar pela LIBERDADE que nossa CF nos garante!#PLdaCensuraNao#censuraNAO#PL2630NAO",0,0,0,https://twitter.com/CovattiFilho/status/1617899906651533314
Adriana S. Simas,@adsimas57,https://twitter.com/adsimas57/status/1636758283255173120,2023-03-17T15:55:58.000Z,#cpiabusoautoridadestfTSE #CPIdoMST #CPMIdo08deJaneiroJa,0,0,0,https://twitter.com/CovattiFilho/status/1617899906651533314
TMission333,@TMission333,https://twitter.com/TMission333/status/1634549252247678976,2023-03-11T13:38:04.000Z,QUER GANHAR R$60 MILHOES ? ASSINE A CPMI !!!,0,0,0,https://twitter.com/CovattiFilho/status/1617899906651533314
