nome,usuario,idTweet,dataPublicacao,texto,replies,retweets,likes,tweetPai
apolo apolo,@apoloap52608501,https://twitter.com/apoloap52608501/status/1617658334630543360,2023-01-23T22:59:36.000Z,"CPI do vandalismo em Brasília dia 08 URGENTE Para apurar responsabilidade ! Foi premeditada? Seria estratégia ?  MP reconhece o filtrados como autores, porque punir o povo inocente ? Quem são os financiadores verdadeiros leza Pátria mandantes dos blackblocs?",0,0,0,https://twitter.com/DepSanderson/status/1617584271304138752
Fernando Collpy,@FCollpy,https://twitter.com/FCollpy/status/1618036325747421188,2023-01-25T00:01:36.000Z,Impeachment sai na sequência,0,0,0,https://twitter.com/DepSanderson/status/1617584271304138752
Thiago Da Silva Alve,@THIAGOALVES233,https://twitter.com/THIAGOALVES233/status/1617598253658411009,2023-01-23T19:00:51.000Z,Quem é a favor da CPI do atos do dia 08/01/2023 ?,0,0,0,https://twitter.com/DepSanderson/status/1617584271304138752
GAÚCHA BOLSONARISTA,@VeraTor61676200,https://twitter.com/VeraTor61676200/status/1619284684437069824,2023-01-28T10:42:08.000Z,CPI SIM!!!!!!!,0,5,25,https://twitter.com/DepSanderson/status/1617584271304138752
Jailson Santos,@jailson_imoveis,https://twitter.com/jailson_imoveis/status/1617586830609879042,2023-01-23T18:15:28.000Z,"Deputado, o casal Ana Priscila e Dom Werneck foram pegos com vários cartões do GSI, seria bom investigá-los.",0,1,3,https://twitter.com/DepSanderson/status/1617584271304138752
marci,@marci90027338,https://twitter.com/marci90027338/status/1617593931352375304,2023-01-23T18:43:41.000Z,Queremos CPI e os verdadeiros culpados na cadeia.,0,0,0,https://twitter.com/DepSanderson/status/1617584271304138752
Andrea Torres,@AndreaTYMV,https://twitter.com/AndreaTYMV/status/1617589905210605569,2023-01-23T18:27:41.000Z,Por favor... Faça isso. Já que o Marcos do Val não resolveu o problema,2,0,1,https://twitter.com/DepSanderson/status/1617584271304138752
CodigodoEleitor,@codigodoeleitor,https://twitter.com/codigodoeleitor/status/1617675921812770818,2023-01-24T00:09:29.000Z,"Esse general Gonçalves Dias como comandante de segurança é um poeta. ""A vida é um combate que aos fracos abate... E o homem que é forte
Não teme da morte;
Só teme fugir.""",0,0,0,https://twitter.com/DepSanderson/status/1617584271304138752
Sebastian,@SebastianSFC13,https://twitter.com/SebastianSFC13/status/1617878601457881095,2023-01-24T13:34:51.000Z,Corretíssimo! 👏🏼👏🏼👏🏼,0,0,0,https://twitter.com/DepSanderson/status/1617584271304138752
Assis,@assis2021brasil,https://twitter.com/assis2021brasil/status/1617654912925732867,2023-01-23T22:46:00.000Z,Com certeza é outro Bolsonarista.,0,0,0,https://twitter.com/DepSanderson/status/1617584271304138752
Vera Neuza Soares Guimarães,@VeraNeuzaSoare2,https://twitter.com/VeraNeuzaSoare2/status/1617748028630401025,2023-01-24T04:56:00.000Z,"Precisa de uma investigação do órgão competente, CPI arrasta-se pelo tempo e não resolve Nda",0,0,0,https://twitter.com/DepSanderson/status/1617584271304138752
Ssol08405CONTA2,@ssol08405,https://twitter.com/ssol08405/status/1617689693793169408,2023-01-24T01:04:12.000Z,Já estão tomando quais atitudes qto a isso.,0,0,0,https://twitter.com/DepSanderson/status/1617584271304138752
miguel,@netofmsn,https://twitter.com/netofmsn/status/1617835533383913472,2023-01-24T10:43:43.000Z,Aproveita que você é o relator do PL 2422/19 e corrija uma injustiça da lei 10.029/00 no art 6º que retirou direitos constitucionalmente assegurados.  Proponha um substituto a esse art retroagindo a tds que prestaram esse serviço aos Estados.,0,0,0,https://twitter.com/DepSanderson/status/1617584271304138752
Elaine Lane,@ElaineVaiano,https://twitter.com/ElaineVaiano/status/1617664103446908928,2023-01-23T23:22:31.000Z,Tem que ter CPI. Temos motivos para crer que essa investigação não será imparcial.,0,1,1,https://twitter.com/DepSanderson/status/1617584271304138752
Ana,@Ana02luc,https://twitter.com/Ana02luc/status/1617615984910831616,2023-01-23T20:11:19.000Z,"Não desista, deputado. Esclarecer esses fatos é essencial, a verdade precisa ser apurada.",0,0,0,https://twitter.com/DepSanderson/status/1617584271304138752
Luis... S.O.S JESUS,@LuismarSilvaLi2,https://twitter.com/LuismarSilvaLi2/status/1618709341493948418,2023-01-26T20:35:55.000Z,Tá porraaaaaa,0,0,0,https://twitter.com/DepSanderson/status/1617584271304138752
Cassiano Rodrigues,@Cassiano240980,https://twitter.com/Cassiano240980/status/1617648280900603905,2023-01-23T22:19:39.000Z,Buenas deputado!! Tu está acompanhando o pessoal que está preso injustamente em Brasília??! Como está a situação desse pessoal? P que tu está fazendo pra ajudar?,0,0,0,https://twitter.com/DepSanderson/status/1617584271304138752
Célia,@celiamatta,https://twitter.com/celiamatta/status/1617584519997161473,2023-01-23T18:06:17.000Z,O sr Acertou,0,0,1,https://twitter.com/DepSanderson/status/1617584271304138752
Jacqueline Silveira,@Jacquel63569481,https://twitter.com/Jacquel63569481/status/1617946852426678272,2023-01-24T18:06:04.000Z,"Precisamos de cpi! Vamos lá, congresso!",0,0,0,https://twitter.com/DepSanderson/status/1617584271304138752
Sandro Luiz Moreno,@SandroMore2,https://twitter.com/SandroMore2/status/1617917138668511232,2023-01-24T16:07:59.000Z,"Vc acredita que vão chegar nos culpados, kkkkkk",0,0,0,https://twitter.com/DepSanderson/status/1617584271304138752
Karina,@Kmgverven,https://twitter.com/Kmgverven/status/1617587701901033473,2023-01-23T18:18:56.000Z,Parabéns deputado! Precisamos esclarecer o que está por trás do dia 8/01.,0,0,0,https://twitter.com/DepSanderson/status/1617584271304138752
ClauRodrigues,@CristianeAuler1,https://twitter.com/CristianeAuler1/status/1617585982647455744,2023-01-23T18:12:06.000Z,"Estão querendo tirar o foco com essa cortina de fumaça atual... Não deixa isso acontecer, não é possível ter acontecido tudo aquilo todos avisados por três dias antes e frente a tanta gravidade em um domingo o chefe do governo viaja mesmo sabendo da situação gravíssima",0,0,3,https://twitter.com/DepSanderson/status/1617584271304138752
ClauRodrigues,@CristianeAuler1,https://twitter.com/CristianeAuler1/status/1617586231935737857,2023-01-23T18:13:05.000Z,E aquele que abriu a janela viu e fechou !,0,0,0,https://twitter.com/DepSanderson/status/1617584271304138752
SOUTO 13@,SOUTO 13@,https://twitter.com/FSoutocell/status/1617618243954577408,2023-01-23T20:20:17.000Z,Uma omissão na vida humana,0,0,0,https://twitter.com/DepSanderson/status/1617584271304138752
Marisa Rodriguez,@maquinasemarisa,https://twitter.com/maquinasemarisa/status/1617655359245815813,2023-01-23T22:47:46.000Z,Tem que ter a CPI o mo-çlusco esta desviand a atençao porque ele nao quer a cpi!!! e do Val? cade a denuncia dele?,0,0,0,https://twitter.com/DepSanderson/status/1617584271304138752
LUIZ CARLOS HENRIQUE,@l28henriques,https://twitter.com/l28henriques/status/1617956415880200192,2023-01-24T18:44:04.000Z,"Concordo, tem que fazer uma cpi pois tem muita gente grande envolvida e tem gente ( velhos, mulheres e crianças) que foram detidos sem terem feito nada e, também, tem que responsabilizar quem deteve essas pessoas em condições precárias, inclusive os PF que cumpriram tal ordem",0,0,0,https://twitter.com/DepSanderson/status/1617584271304138752
Eliete Brandão Dias,@ElietebrandaoD,https://twitter.com/ElietebrandaoD/status/1617624518369107969,2023-01-23T20:45:13.000Z,Generais que colherão o que plantaram.,0,0,0,https://twitter.com/DepSanderson/status/1617584271304138752
Manú,@manuka_rs,https://twitter.com/manuka_rs/status/1619304568093032450,2023-01-28T12:01:08.000Z,#CPI8deJaneirojá,0,0,0,https://twitter.com/DepSanderson/status/1617584271304138752
Justice Justo,@JusticeJusto7,https://twitter.com/JusticeJusto7/status/1619287448907042817,2023-01-28T10:53:07.000Z,"CPI já,pra ontem, queremos uma CPI.",0,0,0,https://twitter.com/DepSanderson/status/1617584271304138752
E.Pahl#OMalVesteToga!,@ErsopaErli,https://twitter.com/ErsopaErli/status/1617913754154594309,2023-01-24T15:54:33.000Z,Junte-se ao senador Marcos do Val. Ele se sente sozinho nesta luta para provar a prevaricação do carniça e do DINOssauro.,0,0,0,https://twitter.com/DepSanderson/status/1617584271304138752
Sérgio,@SergioN50600357,https://twitter.com/SergioN50600357/status/1617585408388521984,2023-01-23T18:09:49.000Z,CPI JÁ!,0,0,0,https://twitter.com/DepSanderson/status/1617584271304138752
Origh International,@OrighInter,https://twitter.com/OrighInter/status/1617610973699014657,2023-01-23T19:51:24.000Z,🇧🇷🛡️ℹ️Brazil,0,1,1,https://twitter.com/DepSanderson/status/1617584271304138752
Mauro Ribeiro,@40Oruam,https://twitter.com/40Oruam/status/1617715924819406849,2023-01-24T02:48:26.000Z,"Deputado, vai pra cima que esses asseclas não podem ter paz cometendo tantos abusos no poder.
E quero lembrar que a dobradinha com o Grupo GLOBO precisa ser investigada ainda mais a fundo, pois o que eles estão fazendo com o povo simples, é crime de envergonhar a praga GOEBBELS.",0,0,0,https://twitter.com/DepSanderson/status/1617584271304138752
thirson gomes,@thirson_gomes,https://twitter.com/thirson_gomes/status/1618700972347518976,2023-01-26T20:02:40.000Z,"cara quando é Bundão é fda né Bolsonaro nao pediu investigação de nada, e um baba memo.",0,0,0,https://twitter.com/DepSanderson/status/1617584271304138752
Sérgio,@Srgio21305179,https://twitter.com/Srgio21305179/status/1617822787758092292,2023-01-24T09:53:04.000Z,Voce é safado seu pilantra você estava no meio também  quer enganar quem?  tua casa vai cair também safado!,0,0,0,https://twitter.com/DepSanderson/status/1617584271304138752
Denise,@denisesimonette,https://twitter.com/denisesimonette/status/1617695696026755073,2023-01-24T01:28:03.000Z,"#CPImanifestacoes08dejaneiro BRASILEIROS CONTINUAM PRESOS SEM O DEVIDO PROCESSO LEGAL #CampoConcentraçãoLula CRIANÇAS E IDOSOS MALTRATADOS POR DIAS, PESSOAS MORRERAM? QUANTAS?? TENTARAM SUICÍDIO??? A VERDADE PRECISA SER DITA 😡😡OS CULPADOS TEM QUE SEREM RESPONSABILIZADOS 😡TODOS",0,0,0,https://twitter.com/DepSanderson/status/1617584271304138752
Hebeth Neves fagundes,@hebeth_neves,https://twitter.com/hebeth_neves/status/1619490267643654145,2023-01-29T00:19:03.000Z,"Parabéns  Investigação  nesse melancia amigo do 9 dedos o famoso pudim de cachaça 
Vcs vão colocar  esses malandros atrás das grades quase ferrou  210.000.000 de bras",0,0,0,https://twitter.com/DepSanderson/status/1617584271304138752
clelia,@kiykkka,https://twitter.com/kiykkka/status/1617690816654499841,2023-01-24T01:08:40.000Z,"Tem que apurar sim, esses vândalos já estavam lá dentro quebrando tudo, tem vídeos espalhados na internet, os patriotas não fizeram nada",0,0,0,https://twitter.com/DepSanderson/status/1617584271304138752
CasCop,@CasCop71,https://twitter.com/CasCop71/status/1617599174387564571,2023-01-23T19:04:31.000Z,O teu alcance midiático é mais curto que coice de porco...,0,0,1,https://twitter.com/DepSanderson/status/1617584271304138752
"Sou Agro, agricultor",@FAZENDAALVORAD2,https://twitter.com/FAZENDAALVORAD2/status/1617645809629270016,2023-01-23T22:09:50.000Z,Fizeram uma emboscada ao povo ordeiro e pacífico...,0,0,0,https://twitter.com/DepSanderson/status/1617584271304138752
Ana Paula Pekelman,@APekelman,https://twitter.com/APekelman/status/1617624722782707712,2023-01-23T20:46:02.000Z,"Trabalho! Sabe o que é isso? Então,  nesta gestão não haverá tempo para ficar nas redes sociais de papinho pro alto não. Se quiser se reeleger, terá que apresentar resultados. A era da VAGABUNDAGEM alá @jairbolsonaro ACABOU.",0,0,0,https://twitter.com/DepSanderson/status/1617584271304138752
Nelson_Santo_André,@Nelson49970720,https://twitter.com/Nelson49970720/status/1620613398835904513,2023-02-01T02:41:58.000Z,#ForaLuladrao #ImpeachmentLula,0,0,0,https://twitter.com/DepSanderson/status/1617584271304138752
,@ElioG_Rocha,https://twitter.com/ElioG_Rocha/status/1617684449185132545,2023-01-24T00:43:22.000Z,"DEIXA VER SE ENTENDI!
Vocês enviam terroristas pra depredarem e roubarem Brasília, os monstros são presos, vocês ficam dia e noite visitando os terroristas na cadeia, mas a culpa de seus terroristas terem quebrado e saqueado Brasília é do Lula?
Tu não têm vergonha não, bicho?",0,0,0,https://twitter.com/DepSanderson/status/1617584271304138752
Cloves,@cloves_rods,https://twitter.com/cloves_rods/status/1617595952415576064,2023-01-23T18:51:43.000Z,https://bit.ly/estrategia-organizacao-crista…,0,0,0,https://twitter.com/DepSanderson/status/1617584271304138752
Mara Valle,@maravalle2019,https://twitter.com/maravalle2019/status/1617919002734624768,2023-01-24T16:15:24.000Z,"Exigir  investigação   para  apurar  omissão   da  segurança   no  Palácio   do  Planalto  é   o  mínimo   que  se  pode  argumentar,a  premeditação   e  prevaricação   de  Faro  Fino  e  Molusco  é   TB  objeto  de  observação,tudo  ""omisso,por  motivação   óbvia.",0,0,0,https://twitter.com/DepSanderson/status/1617584271304138752
Lene Paixão,@LenePaixao1,https://twitter.com/LenePaixao1/status/1617602023922466816,2023-01-23T19:15:50.000Z,#ForaLula #PachecoNAO,0,2,7,https://twitter.com/DepSanderson/status/1617584271304138752
