nome,usuario,idTweet,dataPublicacao,texto,replies,retweets,likes,tweetPai
Roger,@Rogeriol4,https://twitter.com/Rogeriol4/status/1619175176540917760,2023-01-28T03:26:59.000Z,"Babaca, garoto de programa",0,0,1,https://twitter.com/tuliogadelha/status/1618996073829388294
Victória Paz,@VitriaP25020889,https://twitter.com/VitriaP25020889/status/1619359337964765184,2023-01-28T15:38:47.000Z,"Aliás, tão banal quanto ir ali gastar 169 mil numa pequena padaria num único dia...",0,0,0,https://twitter.com/tuliogadelha/status/1618996073829388294
CLELIA,@CleliaEs,https://twitter.com/CleliaEs/status/1620257953617149953,2023-01-31T03:09:33.000Z,Tem que tirar esse título de ex-presidente por que ele nunca foi 😏,0,0,0,https://twitter.com/tuliogadelha/status/1618996073829388294
Gomes Santos,@GomesSa97947704,https://twitter.com/GomesSa97947704/status/1619061820064694272,2023-01-27T19:56:33.000Z,Boa tarde deputado Tulio Gadelha. O mau do ser humano é achar que estão acima da lei.!,0,0,1,https://twitter.com/tuliogadelha/status/1618996073829388294
arthurjanerer23,@arthurjanerer21,https://twitter.com/arthurjanerer21/status/1619275746111012864,2023-01-28T10:06:37.000Z,"""dar golpe"" se fosse algo constitucional e dentro das 4 constitucionais ou seja não é um golpe e sim um impeachment, se eles tentassem um golpe sem ter razão não daria em nada por isso não tentaram, e valdemar depois falou que a frase usada foi uma metáfora, procure pra vc ver",0,0,1,https://twitter.com/tuliogadelha/status/1618996073829388294
Movimento Rede18,@MovimentoRede18,https://twitter.com/MovimentoRede18/status/1619005052546580483,2023-01-27T16:10:58.000Z,Boa tarde  deputado. Gostaria de enviar mensagem privada!,0,0,0,https://twitter.com/tuliogadelha/status/1618996073829388294
simiana leal,@SimianaLeal,https://twitter.com/SimianaLeal/status/1619183577895440385,2023-01-28T04:00:22.000Z,Por esta razão é preciso punir ou jamais seremos uma democracia de fato.,0,0,0,https://twitter.com/tuliogadelha/status/1618996073829388294
Marilise Fronza,@MariliseFronza,https://twitter.com/MariliseFronza/status/1619041517670379521,2023-01-27T18:35:52.000Z,Eu não  entendo  como eles  ainda não  foram pra cadeia.,1,0,0,https://twitter.com/tuliogadelha/status/1618996073829388294
Jussara Dutra,@Jussara54458341,https://twitter.com/Jussara54458341/status/1619148453183098881,2023-01-28T01:40:48.000Z,#SemAnistiaPraGolpistas,0,0,0,https://twitter.com/tuliogadelha/status/1618996073829388294
Renato Santos,@RenatoSantos_te,https://twitter.com/RenatoSantos_te/status/1619274591855321088,2023-01-28T10:02:02.000Z,O que escancara o tamanho da omissão de todos os envolvidos. Cadeia neles...,0,0,0,https://twitter.com/tuliogadelha/status/1618996073829388294
jenairamarleybixo,@jenairamarleyb1,https://twitter.com/jenairamarleyb1/status/1619684457136656386,2023-01-29T13:10:41.000Z,Valdemar Costa Neto e Braga Neto na cadeia,0,0,0,https://twitter.com/tuliogadelha/status/1618996073829388294
Di,@Dimarquesrj,https://twitter.com/Dimarquesrj/status/1619029286513704960,2023-01-27T17:47:16.000Z,"É verdade, e Vão pagar sim!",0,0,1,https://twitter.com/tuliogadelha/status/1618996073829388294
Divino Alvim,@DivinoAlvim2,https://twitter.com/DivinoAlvim2/status/1619330828806553601,2023-01-28T13:45:29.000Z,"E fica tudo na mesma!!! Além de descrever um paspalho, diz que a micheque será candidata à presidência! Onde estão os políticos sérios desse país? Não sobrou ninguém?",0,0,0,https://twitter.com/tuliogadelha/status/1618996073829388294
silva,@luciohugosilva,https://twitter.com/luciohugosilva/status/1619672480616169475,2023-01-29T12:23:06.000Z,Na casa de Rogério marinho será?,0,0,0,https://twitter.com/tuliogadelha/status/1618996073829388294
Susy Pinheiro,@SuzinhaSusy22,https://twitter.com/SuzinhaSusy22/status/1619721785762775040,2023-01-29T15:39:01.000Z,O que falta pra esses caras serem presos heimmm,0,0,0,https://twitter.com/tuliogadelha/status/1618996073829388294
Izabel Vieira,@IzabelV89061251,https://twitter.com/IzabelV89061251/status/1619051012110839809,2023-01-27T19:13:36.000Z,"Precisa varrer com esse povo do Brasil !!! Credo !!! Povo sem limites, manipuladores,dissimulados e muito gananciosos !!!",0,0,0,https://twitter.com/tuliogadelha/status/1618996073829388294
Loreni Oliveira,@Oliveira7Loreni,https://twitter.com/Oliveira7Loreni/status/1620073910766280707,2023-01-30T14:58:14.000Z,#freestylelibreparatodos os diabéticos,0,0,0,https://twitter.com/tuliogadelha/status/1618996073829388294
Bruno Pantoja,@brunobuypantoja,https://twitter.com/brunobuypantoja/status/1619300993531015169,2023-01-28T11:46:56.000Z,"Vide Bananinha falando do Cabo é um soldado para tomar o STF.
 O ANARCOCAPITALISMO é visceral.",0,0,0,https://twitter.com/tuliogadelha/status/1618996073829388294
Carranca Elétrica 2,@2Carranca,https://twitter.com/2Carranca/status/1619013254084452352,2023-01-27T16:43:34.000Z,"DevolvamAEletrobras @LulaOficial @asilveiramg @gleisi @costa_rui @Patrus_Ananias  @Glauber_Braga @paulopaim @senadorjean 
@Dep_ZeCarlosPT@uczai @zeca_dirceu @ColetivoCNE @FNUCUT @urbanitarios_ma @ColetivoSalaPT @ptbrasil @requiaooficial #LulaReestatizeEletrobras",0,0,0,https://twitter.com/tuliogadelha/status/1618996073829388294
Carranca Elétrica 2,@2Carranca,https://twitter.com/2Carranca/status/1619015319124844544,2023-01-27T16:51:46.000Z,@asilveiramg está num governo de base sindical. Respeito.Receba os sindicatos#EletrobrasNãoÉAmericanas #REESTATIZAaELETROBRAS#DesbolsonarizaMME @ikaro_chaves@LulaOficial @gleisi @erikakokay @Glauber_Braga @asilveiramg @senadorjean @JanjaLula #DevolvamAEletrobras,0,0,0,https://twitter.com/tuliogadelha/status/1618996073829388294
Carranca Elétrica 2,@2Carranca,https://twitter.com/2Carranca/status/1619018638446714884,2023-01-27T17:04:57.000Z,@PwCBrasil auditou privatização da Eletrobras.Não viu rombo nas #Americanas#EletrobrasNãoÉAmericanas #REESTATIZAaELETROBRAS#DesbolsonarizaMME @ikaro_chaves@LulaOficial @gleisi @erikakokay @Glauber_Braga @asilveiramg @senadorjean @TCUoficial#DevolvamAEletrobras,0,0,0,https://twitter.com/tuliogadelha/status/1618996073829388294
Carranca Elétrica 2,@2Carranca,https://twitter.com/2Carranca/status/1619067856263745539,2023-01-27T20:20:32.000Z,Ministro.Comandante do Exército já foi.Conivente com bolsonarismo. O senhor quer ir também?Conversar com Lula sobre  reestatização  Eletrobras .@ColetivoCNE  @FNUCUT @asilveiramg @LulaOficia 🇧🇷 #ReestatizaEletrobras @gleisi @senadorjean@Glauber_Braga #DevolvamAEletrobras,0,0,0,https://twitter.com/tuliogadelha/status/1618996073829388294
Brandão Anselmo,@BrandoAnselmo,https://twitter.com/BrandoAnselmo/status/1619021317566767106,2023-01-27T17:15:36.000Z,"Está caracterizado então formação de quadrilha e organização criminosa golpista contra o Estado Democrático e de Direito.
Criou prova confessa contra si mesmo.",0,0,0,https://twitter.com/tuliogadelha/status/1618996073829388294
