nome,usuario,idTweet,dataPublicacao,texto,replies,retweets,likes,tweetPai
♅ Z,@zara__andrade,https://twitter.com/zara__andrade/status/1618669193314078725,2023-01-26T17:56:23.000Z,"Enterra ele em decúbito ventral pra caso ele acorde, vá direto pro colo do capetad",0,0,0,https://twitter.com/SargentoFAHUR/status/1618468156674306054
Imanuely alves,@AlvesImanuely,https://twitter.com/AlvesImanuely/status/1618597186991960064,2023-01-26T13:10:16.000Z,Não estamos aqui como juiz de ninguém,4,0,0,https://twitter.com/SargentoFAHUR/status/1618468156674306054
Pedro Padilha,@phpabreu,https://twitter.com/phpabreu/status/1618653940039684096,2023-01-26T16:55:47.000Z,"Fahur, infelizmente seu personagem ficou tão mas tão lunático, que hj em dia ele lesa mais a sociedade que o próprio Marcola. Ele tá preso cumprindo pena, vc tá todo dia por aí falando atrocidade.",3,0,10,https://twitter.com/SargentoFAHUR/status/1618468156674306054
Betania Carvalho,@BetaniaCarval15,https://twitter.com/BetaniaCarval15/status/1618487501731303424,2023-01-26T05:54:25.000Z,"Calma esses 330 vai ser convertido em 33 horas a caneta do Xandão vai soltá_lo,  anote",2,0,10,https://twitter.com/SargentoFAHUR/status/1618468156674306054
Adryanocruzsp,@Adrianocruzsp,https://twitter.com/Adrianocruzsp/status/1618499055000387590,2023-01-26T06:40:19.000Z,Se duvidar logo logo ele vira um dos ministros do Lula alguém aí duvida,0,0,9,https://twitter.com/SargentoFAHUR/status/1618468156674306054
CARDOSO SILVA,@JosCardosodaS11,https://twitter.com/JosCardosodaS11/status/1618560099458625536,2023-01-26T10:42:53.000Z,Isso já esquema pra depois soltar,0,0,1,https://twitter.com/SargentoFAHUR/status/1618468156674306054
larápio americano,@SamiMartins64,https://twitter.com/SamiMartins64/status/1618573358375006211,2023-01-26T11:35:34.000Z,Promessa de campanha,0,0,1,https://twitter.com/SargentoFAHUR/status/1618468156674306054
Lidia Marette,@LidiaMarette,https://twitter.com/LidiaMarette/status/1618589221190774785,2023-01-26T12:38:36.000Z,Logo logo estará solto.,0,0,1,https://twitter.com/SargentoFAHUR/status/1618468156674306054
EllenMelo,@ellenmelo2,https://twitter.com/ellenmelo2/status/1618680362967928832,2023-01-26T18:40:46.000Z,"Mais perto dos “cumpanheros”,tem hora que acho que estou num pesadelo!😩",0,0,2,https://twitter.com/SargentoFAHUR/status/1618468156674306054
Buddy,@levy_deny,https://twitter.com/levy_deny/status/1618685330735112192,2023-01-26T19:00:31.000Z,@levy_deny 🇧🇷💪 SDV todos os patriotas,0,0,2,https://twitter.com/SargentoFAHUR/status/1618468156674306054
Luiz Henrique Feller Rodrigues da Costa Cavallo,@luizcavalo,https://twitter.com/luizcavalo/status/1618470153498529793,2023-01-26T04:45:28.000Z,"Tinha que deixar esse traste lá, em Brasília estará em casa de novo",2,1,6,https://twitter.com/SargentoFAHUR/status/1618468156674306054
cidagomesa,@cidagomesa1,https://twitter.com/cidagomesa1/status/1618471501006794753,2023-01-26T04:50:50.000Z,"Transferencia publicada e ninguém tentou resgatar? Planos tem pra nova cadeia, xiaxia liberdade, Marcola na rua não dou três meses, e com a anuencia do Estado, será que o diretror da UP acordou com essa transfereência, é pra rir de quem acredita nessa história",0,1,10,https://twitter.com/SargentoFAHUR/status/1618468156674306054
Ananandex,@juhalexandre6,https://twitter.com/juhalexandre6/status/1618480749157691393,2023-01-26T05:27:35.000Z,Será o ministro do crime organizado.,0,0,11,https://twitter.com/SargentoFAHUR/status/1618468156674306054
JOÃO GUIMARÃES,@JOGUIMA,https://twitter.com/JOGUIMA/status/1618536615869313025,2023-01-26T09:09:34.000Z,So cumprindo as promessas de campanha. Sera que ninguém ta vendo?,2,0,19,https://twitter.com/SargentoFAHUR/status/1618468156674306054
Fátima Rosane.,@MotorolaFatima,https://twitter.com/MotorolaFatima/status/1618546870900658183,2023-01-26T09:50:19.000Z,"Levando chefão prá perto. 
Menos de um ano esseteefe solta.",1,0,3,https://twitter.com/SargentoFAHUR/status/1618468156674306054
XôEsquerda,@DehPatriota,https://twitter.com/DehPatriota/status/1618556822180491264,2023-01-26T10:29:52.000Z,Vai estar solto em menos de 6 meses,0,0,4,https://twitter.com/SargentoFAHUR/status/1618468156674306054
Priscila Freire,@Priscil58400138,https://twitter.com/Priscil58400138/status/1618556845928644611,2023-01-26T10:29:58.000Z,Será que vai participar de alguma pasta do governo L ?,0,0,7,https://twitter.com/SargentoFAHUR/status/1618468156674306054
Eduardo Bairral,@BairralEduardo,https://twitter.com/BairralEduardo/status/1618574979150544897,2023-01-26T11:42:01.000Z,"""Amigo é coisa pra se guardar""... Tipo aquela música né...",0,0,7,https://twitter.com/SargentoFAHUR/status/1618468156674306054
Denise GA,@Dedehnet,https://twitter.com/Dedehnet/status/1618595492275048448,2023-01-26T13:03:32.000Z,"Logo, logo será nomeado assessor...",0,0,2,https://twitter.com/SargentoFAHUR/status/1618468156674306054
Lucyborn23,@lucyborn23,https://twitter.com/lucyborn23/status/1618604384535072768,2023-01-26T13:38:52.000Z,Quem sabe não será candidato pelo Pé te!,1,0,7,https://twitter.com/SargentoFAHUR/status/1618468156674306054
Marcão,@ObednegoMarcos,https://twitter.com/ObednegoMarcos/status/1618607169276096512,2023-01-26T13:49:56.000Z,"Marginal da plebe bom, é morto. Da elite, se manda para Orlando com seus rebentos, e fica de lá, rindo dos otários que ficaram três meses acampados, esperando à vinda do ""messias"".",0,0,4,https://twitter.com/SargentoFAHUR/status/1618468156674306054
Lílian Chaves,@ChavesNiebuhr,https://twitter.com/ChavesNiebuhr/status/1618633415905128452,2023-01-26T15:34:13.000Z,Espero q ele fuja. Aí ñ terá Moraes pra retirar a culpa do inerte do Dino. (Pq ele sabia das invasoes em 8/jan e nada fez).,0,0,3,https://twitter.com/SargentoFAHUR/status/1618468156674306054
Alex,@Hellcat1974,https://twitter.com/Hellcat1974/status/1618696122427641856,2023-01-26T19:43:24.000Z,O Luladrão está facilitando a vida dele.👇👇,0,0,3,https://twitter.com/SargentoFAHUR/status/1618468156674306054
Paulo Cottas,@paulocottas,https://twitter.com/paulocottas/status/1618532861648465925,2023-01-26T08:54:39.000Z,Quanto será o auxílio reclusão dele hein?,14,0,8,https://twitter.com/SargentoFAHUR/status/1618468156674306054
wilson souza,@wilsonsouzacdd9,https://twitter.com/wilsonsouzacdd9/status/1618644712419897347,2023-01-26T16:19:07.000Z,"O Cabral tem mais 400 anos tá agora no apartamento em Copacabana de frente pro mar. 
Outra coisa, desfrutando do dinheiro do roubo. 
Não vi nenhuma indignação.",1,0,15,https://twitter.com/SargentoFAHUR/status/1618468156674306054
Luiz Marcondes,@LuizGabrielMa17,https://twitter.com/LuizGabrielMa17/status/1618555657619394560,2023-01-26T10:25:14.000Z,"Deputado, você é Deputado federal, protocole mais propostas para aumento de pena em regime fechado, use emendas para construção de presídios no Paraná e foque mais no fazer e não no postar no Twitter. No último mandato você até fez uma coisa aqui outra ali, nada de mais.",5,0,25,https://twitter.com/SargentoFAHUR/status/1618468156674306054
Andre De Souza,@expressozion,https://twitter.com/expressozion/status/1618471174035603457,2023-01-26T04:49:32.000Z,Ele será ministro de que?,1,0,2,https://twitter.com/SargentoFAHUR/status/1618468156674306054
simone ribeiro,@sisiribeiro69,https://twitter.com/sisiribeiro69/status/1618471240297238530,2023-01-26T04:49:48.000Z,Foi transferido pra ficar perto dos cumpanheiros,0,1,37,https://twitter.com/SargentoFAHUR/status/1618468156674306054
Cristina Stoppa,@StoppaCristina,https://twitter.com/StoppaCristina/status/1618563060737921026,2023-01-26T10:54:39.000Z,Cumprindo promessas?,0,0,1,https://twitter.com/SargentoFAHUR/status/1618468156674306054
Daniel Infante,@DanielI29875281,https://twitter.com/DanielI29875281/status/1618547379283853312,2023-01-26T09:52:21.000Z,É parece que estão reunindo a quadrilha,0,0,1,https://twitter.com/SargentoFAHUR/status/1618468156674306054
Marcio Henrique Silva,@mhsmap,https://twitter.com/mhsmap/status/1618554328889057282,2023-01-26T10:19:57.000Z,Jajá tá solto,0,0,1,https://twitter.com/SargentoFAHUR/status/1618468156674306054
léviton Ferreira,@FerreiraLeviton,https://twitter.com/FerreiraLeviton/status/1618597576131117062,2023-01-26T13:11:48.000Z,Vai ocupar qual ministério?,0,0,1,https://twitter.com/SargentoFAHUR/status/1618468156674306054
Alexandre MacPer,@AlexandreMP11,https://twitter.com/AlexandreMP11/status/1618690512613167104,2023-01-26T19:21:06.000Z,"Calma deputado daqui a pouco ele e ministro da defesa e mandará nas forças armadas, dúvida?",0,0,1,https://twitter.com/SargentoFAHUR/status/1618468156674306054
LIBERDADE !,@liberdade19961,https://twitter.com/liberdade19961/status/1618569747381260289,2023-01-26T11:21:14.000Z,Kkk pode escrever jazim tá na rua .. que nem lula foi solto !,0,0,1,https://twitter.com/SargentoFAHUR/status/1618468156674306054
Marcilista e Vascaino,@MaurinoSouza1,https://twitter.com/MaurinoSouza1/status/1618577039807873025,2023-01-26T11:50:12.000Z,Se o Cabral foi solto imagina o Marcola agora que está junto com os outros do STF.🇧🇷🤣🤣🤣,0,0,1,https://twitter.com/SargentoFAHUR/status/1618468156674306054
Monica Pinheiro da Silva,@MonicaP72178950,https://twitter.com/MonicaP72178950/status/1618590885532561409,2023-01-26T12:45:13.000Z,Os 'papos cabulosos' com o PT irão se intensificar. Parças...,0,0,1,https://twitter.com/SargentoFAHUR/status/1618468156674306054
Ed,@Ed23727691,https://twitter.com/Ed23727691/status/1618618675938103299,2023-01-26T14:35:39.000Z,Será q algum togado vai descondenar ele? 🤔,0,0,1,https://twitter.com/SargentoFAHUR/status/1618468156674306054
Wilson.50,@Wnascimento50,https://twitter.com/Wnascimento50/status/1618546483019780100,2023-01-26T09:48:47.000Z,Deve ser porque PCC significa Primeiro Comando da Capital e a capital é Brasília.,2,0,36,https://twitter.com/SargentoFAHUR/status/1618468156674306054
Elvis Moreira,@ElvisM0reira,https://twitter.com/ElvisM0reira/status/1618470903742103553,2023-01-26T04:48:27.000Z,Kkkkkkk,0,0,1,https://twitter.com/SargentoFAHUR/status/1618468156674306054
Jaboticaboso,@jaboticaboso,https://twitter.com/jaboticaboso/status/1618746544743940097,2023-01-26T23:03:45.000Z,"Não liberaram o Cabral com 400 anos nas costas? Então… prá que tem 330, tá mais fácil. 5TF logo fará uma pirueta jurídica e dará respaldo para mais um absurdo.",0,0,0,https://twitter.com/SargentoFAHUR/status/1618468156674306054
Regimoura,@Regimoura22,https://twitter.com/Regimoura22/status/1618747912271560704,2023-01-26T23:09:11.000Z,"Daí para as ruas, é só questão de tempo.",0,0,0,https://twitter.com/SargentoFAHUR/status/1618468156674306054
Izabel Mansano,@IzabelMansano,https://twitter.com/IzabelMansano/status/1618769147206459399,2023-01-27T00:33:34.000Z,Nao !!!!! Será ministro,0,0,0,https://twitter.com/SargentoFAHUR/status/1618468156674306054
jeferson souza,@souzafefo,https://twitter.com/souzafefo/status/1618774150197420033,2023-01-27T00:53:27.000Z,"Deputado isso é promessa de campanha!!!
A quadrilha tem que estar perto pra se alinhar",0,0,0,https://twitter.com/SargentoFAHUR/status/1618468156674306054
Paula Diaz,@diazpaulinha1,https://twitter.com/diazpaulinha1/status/1619025581177458688,2023-01-27T17:32:33.000Z,"COM CERTEZA !
PENA DE MORTE !",0,0,0,https://twitter.com/SargentoFAHUR/status/1618468156674306054
Lomba,@AndersonLomba7,https://twitter.com/AndersonLomba7/status/1619071648954744834,2023-01-27T20:35:36.000Z,"O Sérgio Cabral foi preso e eram uns trocentos anos que tinha pegado! Cadê ele? Tá na cadeia? Muito triste o que vivemos no Brasil! Se fosse pra França agora, teria vergonha de dizer essas coisas que vivencio em nosso país",0,0,0,https://twitter.com/SargentoFAHUR/status/1618468156674306054
Eugenio Bolsonaro,@Eugenio98808136,https://twitter.com/Eugenio98808136/status/1619324034403164161,2023-01-28T13:18:30.000Z,Se quando Bolsonaro esteve como presidente..isso não foi a frente..imagina agora...agora vai ter e o pena de liberdade ...isso sim..,0,0,0,https://twitter.com/SargentoFAHUR/status/1618468156674306054
Alda Castro,@AldaCas61313212,https://twitter.com/AldaCas61313212/status/1619865552356532226,2023-01-30T01:10:17.000Z,Eu penso que foi um trato pra ele ficar perto da família...,0,0,0,https://twitter.com/SargentoFAHUR/status/1618468156674306054
Eroni Rosa da Silva Bolsonarista,@eroni_rosa,https://twitter.com/eroni_rosa/status/1632140275735752706,2023-03-04T22:05:40.000Z,O Estranho Caso de um Presidente que Consegue Eleger quase toda Base de Senadores Governadores e Deputados federais e estaduais Mas não Consegue Vencer o Opositor que Não Elegeu Ninguém A Fraude estava bem Escancarada Só não Vê quem não quer,0,0,0,https://twitter.com/SargentoFAHUR/status/1618468156674306054
Markowic,@Markowico,https://twitter.com/Markowico/status/1618547391485071361,2023-01-26T09:52:23.000Z,".
E quem vive acha que seriam os primeiros a serem condenados à morte no Brasil se ela fosse indireta hoje?

Com a ""justiça"" brasileira, motorista muito inocente caso houve pena de morte.
Afinal, numa ditadura, os julgamentos são de exceção.",0,0,0,https://twitter.com/SargentoFAHUR/status/1618468156674306054
Mardeni Rodrigues Lacerda,@LacerdaMardeni,https://twitter.com/LacerdaMardeni/status/1618549553048997890,2023-01-26T10:00:59.000Z,Vai ser ministro do Lula,0,0,0,https://twitter.com/SargentoFAHUR/status/1618468156674306054
larápio americano,@SamiMartins64,https://twitter.com/SamiMartins64/status/1618573590777171968,2023-01-26T11:36:30.000Z,@exercitooficial foi para isso que vocês traíram a nação?,0,0,0,https://twitter.com/SargentoFAHUR/status/1618468156674306054
Gina,@GMZD61,https://twitter.com/GMZD61/status/1618625184801652737,2023-01-26T15:01:31.000Z,Será secretário?,0,0,0,https://twitter.com/SargentoFAHUR/status/1618468156674306054
Willya,@Willya_SA,https://twitter.com/Willya_SA/status/1618732112861102081,2023-01-26T22:06:24.000Z,Pera aí Sargento. E os diálogos cabulosos como é que fica.🤔 Cabral foi condenado a mais de 500 e tá solto.,0,0,0,https://twitter.com/SargentoFAHUR/status/1618468156674306054
JoaoPauloRibas,@JoaoPauloRibas4,https://twitter.com/JoaoPauloRibas4/status/1618469103236435968,2023-01-26T04:41:18.000Z,Qual será o plano?,0,0,0,https://twitter.com/SargentoFAHUR/status/1618468156674306054
Luh Lemos,@Luh_llemos,https://twitter.com/Luh_llemos/status/1618544337570402305,2023-01-26T09:40:15.000Z,Brasília tá ficando pesada 🙄...🤡,0,0,0,https://twitter.com/SargentoFAHUR/status/1618468156674306054
Frederico Salles,@fredsalles316,https://twitter.com/fredsalles316/status/1618580065645907968,2023-01-26T12:02:14.000Z,Jaja vai ser solto e sair pela porta da frente. Se o Cabral foi condenado a 400 anos e saiu tranquilamente esse com menos tempo de condenação saíra também. Faz parte dos acordos ante eleições.,0,0,0,https://twitter.com/SargentoFAHUR/status/1618468156674306054
sim 100 or,@WilliansonGuil2,https://twitter.com/WilliansonGuil2/status/1618597845350899713,2023-01-26T13:12:53.000Z,O STF não vai pedir explicações em até 48hrs não?  VTNC.,0,0,0,https://twitter.com/SargentoFAHUR/status/1618468156674306054
Gilvan Nobrega Jr,@Nobr3gaJr,https://twitter.com/Nobr3gaJr/status/1618644006786977792,2023-01-26T16:16:18.000Z,"Olha o respeito, Sargento !   O cara vai ser ministro.",0,0,0,https://twitter.com/SargentoFAHUR/status/1618468156674306054
borges,@BorgesItaly,https://twitter.com/BorgesItaly/status/1618575216875294725,2023-01-26T11:42:58.000Z,"Só faz peso... negativo. 
Ele gera muita despesa e estamos em momento de corte de gastos. 
Se é q vcs me entendendo.",1,0,1,https://twitter.com/SargentoFAHUR/status/1618468156674306054
Hamilton Silva,@Hcoes02,https://twitter.com/Hcoes02/status/1618625542923911170,2023-01-26T15:02:56.000Z,"O que tem demais? 
Ele não causa perigo algum igual aos antidemocráticos que quase deram um golpe de estado pondo em risco a soberania nacional.",1,0,0,https://twitter.com/SargentoFAHUR/status/1618468156674306054
Marquinho Júnior,@MarquinhoJnior4,https://twitter.com/MarquinhoJnior4/status/1618686657343148032,2023-01-26T19:05:47.000Z,Eu quero saber qual o interesse do Governo Federal em transferir essa vítima da sociedade de presídio e colocar justamente no DF. é estranho não?????#TwitterOfTime   @GayerGus @EduGiraoOficial @revistaoeste @adelsoncarvalho @SenadoFederal,1,0,3,https://twitter.com/SargentoFAHUR/status/1618468156674306054
Icaro Paiva,@PaivaIcaro,https://twitter.com/PaivaIcaro/status/1618535069756579843,2023-01-26T09:03:26.000Z,"Foi só o Lula assumir a presidência, e já nomeou o Marcola pra um carguinho em Brasília. Faz o L...",1,0,9,https://twitter.com/SargentoFAHUR/status/1618468156674306054
Mariana Bergamin,@marianarossani,https://twitter.com/marianarossani/status/1618604824991502339,2023-01-26T13:40:37.000Z,"Marcola agora no lugar certo, pertinho da quadrilha, só falta ser solto e ser convidado a integrar a equipe do governo no combate ao crime organizado!",2,0,9,https://twitter.com/SargentoFAHUR/status/1618468156674306054
Ksare171,@ksare171,https://twitter.com/ksare171/status/1618658802479534085,2023-01-26T17:15:06.000Z,Será que ele sabe algo sobre os 39kg de cocaína no avião do bolsonaro?,1,0,7,https://twitter.com/SargentoFAHUR/status/1618468156674306054
Nicolas Kruger,@NicolasKruger5,https://twitter.com/NicolasKruger5/status/1618472159860645890,2023-01-26T04:53:27.000Z,Ganhou um ministério?,0,0,1,https://twitter.com/SargentoFAHUR/status/1618468156674306054
@saao65,@saao65,https://twitter.com/saao65/status/1618472974780334082,2023-01-26T04:56:41.000Z,Esse foi o acordo com o PCC?,0,0,3,https://twitter.com/SargentoFAHUR/status/1618468156674306054
Jonny -só vou reclamar- Ternura,@jonny_bullit,https://twitter.com/jonny_bullit/status/1618474898095046659,2023-01-26T05:04:20.000Z,mas transferiu pra BSB pra assumir algum ministério?,0,0,2,https://twitter.com/SargentoFAHUR/status/1618468156674306054
Ivan,@IvanDeLimaCamp1,https://twitter.com/IvanDeLimaCamp1/status/1618475178564149250,2023-01-26T05:05:27.000Z,"""Os bons companheiros""",0,0,1,https://twitter.com/SargentoFAHUR/status/1618468156674306054
Pimenta Lula da Silva,@Suco_d_Pimenta,https://twitter.com/Suco_d_Pimenta/status/1618476957020348418,2023-01-26T05:12:31.000Z,Terrorismo também daria pena de morte? E genocídio?,0,0,1,https://twitter.com/SargentoFAHUR/status/1618468156674306054
Frida Josana,@FridaJosana,https://twitter.com/FridaJosana/status/1618477831880859650,2023-01-26T05:15:59.000Z,"Hmmm, será que não estão  pretendendo dar um ministério pra ele?",0,0,7,https://twitter.com/SargentoFAHUR/status/1618468156674306054
mauro moreira,@maurodebh,https://twitter.com/maurodebh/status/1618478225952477184,2023-01-26T05:17:33.000Z,Mais um ministério ??,0,0,1,https://twitter.com/SargentoFAHUR/status/1618468156674306054
Magson,@Magson05994709,https://twitter.com/Magson05994709/status/1618482883186036739,2023-01-26T05:36:03.000Z,Vai ser solto ainda este ano. Cabral foi.,0,0,38,https://twitter.com/SargentoFAHUR/status/1618468156674306054
Luiz Alberto,@LuizAlb86374619,https://twitter.com/LuizAlb86374619/status/1618484414710939651,2023-01-26T05:42:09.000Z,Vai ser ministro,0,0,1,https://twitter.com/SargentoFAHUR/status/1618468156674306054
Richard Tognolli,@RichardTognolli,https://twitter.com/RichardTognolli/status/1618507452600979456,2023-01-26T07:13:41.000Z,Pena de morte já,0,0,1,https://twitter.com/SargentoFAHUR/status/1618468156674306054
€ristiano £eopardo,@Pe64696863David,https://twitter.com/Pe64696863David/status/1618512539809370112,2023-01-26T07:33:54.000Z,Eu não tenho pena de morte não,0,0,1,https://twitter.com/SargentoFAHUR/status/1618468156674306054
Christian Wolf,@ChristanWolf,https://twitter.com/ChristanWolf/status/1618520179268517889,2023-01-26T08:04:16.000Z,Vai ficar mais perto do chefe,0,0,1,https://twitter.com/SargentoFAHUR/status/1618468156674306054
Jose Carlos Piffer Jr,@piffer_jr,https://twitter.com/piffer_jr/status/1618522303368941568,2023-01-26T08:12:42.000Z,Consome oxigênio e produz gases.,0,0,1,https://twitter.com/SargentoFAHUR/status/1618468156674306054
Duilio Kubiki,@DuilioKubiki,https://twitter.com/DuilioKubiki/status/1618522705061621760,2023-01-26T08:14:18.000Z,Mais um ministro do Dilmo chegando para tomar posse em Brasilia...,0,0,2,https://twitter.com/SargentoFAHUR/status/1618468156674306054
RAPHAEL LINS,@RAPHAELLINSPE,https://twitter.com/RAPHAELLINSPE/status/1618525581502738432,2023-01-26T08:25:44.000Z,"Não demora muito, em Brasília é tudo ao contrário mesmo. Já já tá solto.",0,0,1,https://twitter.com/SargentoFAHUR/status/1618468156674306054
Marcio Fernando Da Silva Santos,@MarcioF62814038,https://twitter.com/MarcioF62814038/status/1618530402691334144,2023-01-26T08:44:53.000Z,"Sinto muito , mais esse aí vai jaja esta solto",0,0,2,https://twitter.com/SargentoFAHUR/status/1618468156674306054
Mohamed kelinrabah,@Mkelinrabah,https://twitter.com/Mkelinrabah/status/1618534552162668545,2023-01-26T09:01:22.000Z,Devia virar adubo!,0,0,1,https://twitter.com/SargentoFAHUR/status/1618468156674306054
tinabelanda@hotmail.com,tinabelanda@hotmail.com,https://twitter.com/tinabelanda/status/1618536922019946496,2023-01-26T09:10:47.000Z,Acorda Brasil 🇧🇷,0,0,1,https://twitter.com/SargentoFAHUR/status/1618468156674306054
Fabgdy,@Fabgdy,https://twitter.com/Fabgdy/status/1618537984915304448,2023-01-26T09:15:01.000Z,Será que vai comandar a guarda bolivariana de lule?,0,1,3,https://twitter.com/SargentoFAHUR/status/1618468156674306054
Reyzinho,@ReyDamm,https://twitter.com/ReyDamm/status/1618541328534757377,2023-01-26T09:28:18.000Z,Vai trabalhar com Lula.,0,0,2,https://twitter.com/SargentoFAHUR/status/1618468156674306054
Sergio Rego Moura,@SergioRegoMoura,https://twitter.com/SergioRegoMoura/status/1618541351767007232,2023-01-26T09:28:23.000Z,Ele ganhou algum ministério?,0,0,1,https://twitter.com/SargentoFAHUR/status/1618468156674306054
ech0,@ech0295,https://twitter.com/ech0295/status/1618542147543916545,2023-01-26T09:31:33.000Z,Agora tá pertinho pra receber visita íntima e assumir ministério.,0,0,2,https://twitter.com/SargentoFAHUR/status/1618468156674306054
Anderson,@Anderso47356281,https://twitter.com/Anderso47356281/status/1618544488603095040,2023-01-26T09:40:51.000Z,Vai ganhar um ministério???,0,0,1,https://twitter.com/SargentoFAHUR/status/1618468156674306054
Marina Calegari Pagno,@PagnoCalegari,https://twitter.com/PagnoCalegari/status/1618544681851449346,2023-01-26T09:41:37.000Z,Vai assumir qual ministério do Nine? 💩💩💩,0,0,1,https://twitter.com/SargentoFAHUR/status/1618468156674306054
Prof. Olavo de Carvalho sempre teve razão,@ResistenciaBr64,https://twitter.com/ResistenciaBr64/status/1618545753307381763,2023-01-26T09:45:53.000Z,Esse cara vai se tornar chefe do exército ou da guarda nacional?,0,0,4,https://twitter.com/SargentoFAHUR/status/1618468156674306054
João Manuel de Sousa Saraiva,@jmssaraiva,https://twitter.com/jmssaraiva/status/1618546219307134979,2023-01-26T09:47:44.000Z,Vai ser conselheiro ou ministro no novo governo?,0,0,5,https://twitter.com/SargentoFAHUR/status/1618468156674306054
Rubens 5152,@5152Rubens,https://twitter.com/5152Rubens/status/1618547265647566849,2023-01-26T09:51:53.000Z,Agora estão juntos e daqui a pouco solto,0,0,4,https://twitter.com/SargentoFAHUR/status/1618468156674306054
Tiago Biazin,@TiagoBiazin,https://twitter.com/TiagoBiazin/status/1618550547333931009,2023-01-26T10:04:56.000Z,"Normal, transferiram o Lula tbm",0,0,2,https://twitter.com/SargentoFAHUR/status/1618468156674306054
Jeane Nely,@JeaneNely2,https://twitter.com/JeaneNely2/status/1618552461668802561,2023-01-26T10:12:32.000Z,"Eu fico na dúvida e o PT quem comanda o PCC,ou e o PCC quem comanda o PT?",0,0,4,https://twitter.com/SargentoFAHUR/status/1618468156674306054
Erinaldo Barros,@ErinaldoBarros9,https://twitter.com/ErinaldoBarros9/status/1618554877290106881,2023-01-26T10:22:08.000Z,Vai ser ministro de LULA...,0,0,5,https://twitter.com/SargentoFAHUR/status/1618468156674306054
JOÃO 8V32,@ValenteGideao,https://twitter.com/ValenteGideao/status/1618563644681510912,2023-01-26T10:56:59.000Z,Ele vai ser o secretário de segurança do Dino.,0,0,2,https://twitter.com/SargentoFAHUR/status/1618468156674306054
José Geraldo Zichia Júnior,@zichia2765,https://twitter.com/zichia2765/status/1618565132757655553,2023-01-26T11:02:53.000Z,"Em breve estará nas ruas, podem apostar!",0,0,8,https://twitter.com/SargentoFAHUR/status/1618468156674306054
Anderson Kostta,@AndersonKostta,https://twitter.com/AndersonKostta/status/1618565460613816320,2023-01-26T11:04:11.000Z,Logo logo também será descondenado pelos iluminados.,0,0,3,https://twitter.com/SargentoFAHUR/status/1618468156674306054
PERDEMOS UMA NAÇÃO,@AnselmoDeMorae4,https://twitter.com/AnselmoDeMorae4/status/1618566415480680448,2023-01-26T11:07:59.000Z,Lula quer ter amigos próximos a ele.,0,0,3,https://twitter.com/SargentoFAHUR/status/1618468156674306054
orison coelho,@orison1970,https://twitter.com/orison1970/status/1618538002107740160,2023-01-26T09:15:05.000Z,Daqui a pouco tá solto!,0,0,0,https://twitter.com/SargentoFAHUR/status/1618468156674306054
Carla hoyler,@Carlahoyler3,https://twitter.com/Carlahoyler3/status/1618546695364816905,2023-01-26T09:49:37.000Z,🤬🤬🤬🤬,0,0,0,https://twitter.com/SargentoFAHUR/status/1618468156674306054
Josiane,@Direitalivre23,https://twitter.com/Direitalivre23/status/1618552591608320002,2023-01-26T10:13:03.000Z,"Nada @SargentoFAHUR  esse aí ainda vai ser ministro do Lula ,assim como Cabral!No país da impunidade ,quanto mais bandido mais mérito dão!😡😡🤬🤬🤬",0,0,0,https://twitter.com/SargentoFAHUR/status/1618468156674306054
Robson Pinto,@Salu69476573,https://twitter.com/Salu69476573/status/1618647600206581762,2023-01-26T16:30:35.000Z,"É eles tem que cumprir como foi combinado, né ?",0,0,0,https://twitter.com/SargentoFAHUR/status/1618468156674306054
William Mendes,@9710Will,https://twitter.com/9710Will/status/1618649470111199232,2023-01-26T16:38:01.000Z,Vai rolar umas paradas cabulosas!🤡🤡🤡🤡🤡🤡🏴‍☠️,0,0,0,https://twitter.com/SargentoFAHUR/status/1618468156674306054
Conservadorismo cristão,@Conservadoris18,https://twitter.com/Conservadoris18/status/1618650352739549185,2023-01-26T16:41:31.000Z,"Pelo visto, este será o 1º passo de um futuro relaxamento de prisão. Que Deus proteja o povo brasileiro de bem!",0,0,0,https://twitter.com/SargentoFAHUR/status/1618468156674306054
Nubia,@Nubia66989321,https://twitter.com/Nubia66989321/status/1618689236890456064,2023-01-26T19:16:02.000Z,Ele vai ser o chefe da guarda nacional do Dino!,0,0,0,https://twitter.com/SargentoFAHUR/status/1618468156674306054
Cícero M∴ de Oliveira,@LochasRibeiro,https://twitter.com/LochasRibeiro/status/1618720070284476416,2023-01-26T21:18:33.000Z,Cuidado! E capaz de no futuro o Sr ter que prestar continência para o meliante.,0,0,0,https://twitter.com/SargentoFAHUR/status/1618468156674306054
Márcia Miranda .,@mi95590160,https://twitter.com/mi95590160/status/1618723047900585985,2023-01-26T21:30:23.000Z,"ÇEI, e de Brasília ñ se foge. Segurança Máxima.",0,0,0,https://twitter.com/SargentoFAHUR/status/1618468156674306054
Michely Fernandez,@Coroanota1000,https://twitter.com/Coroanota1000/status/1618735752686497795,2023-01-26T22:20:52.000Z,E como do bom e do melhor as nossas custas.,0,0,0,https://twitter.com/SargentoFAHUR/status/1618468156674306054
Fabiano Lima,@fabianotlima,https://twitter.com/fabianotlima/status/1618546686405775360,2023-01-26T09:49:35.000Z,Vai ser ministro? 🤔,0,0,1,https://twitter.com/SargentoFAHUR/status/1618468156674306054
Lana_GNR,@Lana_gnr,https://twitter.com/Lana_gnr/status/1618549999146795010,2023-01-26T10:02:45.000Z,Para ficar mais pertinho do chefe maior,0,0,1,https://twitter.com/SargentoFAHUR/status/1618468156674306054
FAT,@Assis48234279,https://twitter.com/Assis48234279/status/1618551269521784832,2023-01-26T10:07:48.000Z,"Calma, ele vai só assumir um ministéruzinho por ter apoiado o amigo nine",0,0,1,https://twitter.com/SargentoFAHUR/status/1618468156674306054
Gilberto Gandóla,@GandolaGilberto,https://twitter.com/GandolaGilberto/status/1618551444780744704,2023-01-26T10:08:30.000Z,Já já vai virar ministro,0,0,1,https://twitter.com/SargentoFAHUR/status/1618468156674306054
Paulo Reis,@PauloRe08754485,https://twitter.com/PauloRe08754485/status/1618552566090170368,2023-01-26T10:12:57.000Z,Vai ficar mais perto dele.,0,0,1,https://twitter.com/SargentoFAHUR/status/1618468156674306054
vilmar,@vilmarfln,https://twitter.com/vilmarfln/status/1618554476935409664,2023-01-26T10:20:33.000Z,ja ganhou algum ministerio,0,0,1,https://twitter.com/SargentoFAHUR/status/1618468156674306054
Vovô Crefisa Voltou,@MangaVerde1993,https://twitter.com/MangaVerde1993/status/1618554527430619136,2023-01-26T10:20:45.000Z,"Faz sentido.

Brasília seria só construir um muro.",0,0,1,https://twitter.com/SargentoFAHUR/status/1618468156674306054
Janaina Brandão,@JanainaBrando12,https://twitter.com/JanainaBrando12/status/1618555439758835712,2023-01-26T10:24:22.000Z,Nosso próximo ministro 🤦🏼‍♀️,0,0,1,https://twitter.com/SargentoFAHUR/status/1618468156674306054
Grêmio auxiliar tec. difinitivo,@Rodrigo11876785,https://twitter.com/Rodrigo11876785/status/1618555707829387264,2023-01-26T10:25:26.000Z,Pra ficar perto dele,0,0,1,https://twitter.com/SargentoFAHUR/status/1618468156674306054
Geleiros® Brasil,@GeleirosBrasil,https://twitter.com/GeleirosBrasil/status/1618566549216071681,2023-01-26T11:08:31.000Z,"Se houvesse pena de morte, Xandão mandava para o paredão os manifestantes e soltava os assassinos, estupradores e ladrões como já estão fazendo. Se L9 convidou a esposa do chefe do PCC para secretaria, já w soltam ele.",0,0,2,https://twitter.com/SargentoFAHUR/status/1618468156674306054
Vanda,@VandaVa05,https://twitter.com/VandaVa05/status/1618567102264414208,2023-01-26T11:10:43.000Z,Vamos ver quanto tempo demora pra ser solto.,0,0,3,https://twitter.com/SargentoFAHUR/status/1618468156674306054
Estone Benitah,@estonebenitah1,https://twitter.com/estonebenitah1/status/1618568273792229377,2023-01-26T11:15:22.000Z,Lugar dele é junto dos ladroes em Brasília.,0,0,3,https://twitter.com/SargentoFAHUR/status/1618468156674306054
DaniKa,@daniel_viniciu,https://twitter.com/daniel_viniciu/status/1618568358755958785,2023-01-26T11:15:42.000Z,Engraçado essa transferência 🤔Mais um que logo vai pra rua🤨,0,0,3,https://twitter.com/SargentoFAHUR/status/1618468156674306054
Wy Lopes,@WyLopes1,https://twitter.com/WyLopes1/status/1618570029603393542,2023-01-26T11:22:21.000Z,VAMOS VER QUE MINISTÉRIO O XXXXX VAI DAR PARA ELE.,0,0,5,https://twitter.com/SargentoFAHUR/status/1618468156674306054
Rubens/patriota,@Rubenspastor2,https://twitter.com/Rubenspastor2/status/1618576873264644098,2023-01-26T11:49:32.000Z,"deve favor pra ele , por isso transferiu",0,0,3,https://twitter.com/SargentoFAHUR/status/1618468156674306054
@mariac,@mariac,https://twitter.com/mariacrcorrea/status/1618579382477684742,2023-01-26T11:59:31.000Z,Aposta quanto que vai ser solto?,0,0,2,https://twitter.com/SargentoFAHUR/status/1618468156674306054
Milton,@MiltonSilva2022,https://twitter.com/MiltonSilva2022/status/1618579935928668161,2023-01-26T12:01:43.000Z,"Agora ele vai ficar mais próximo dos amigos/sócios dos 3 poderes!
Brasília foi construída para a reunião da bandidagem.",0,0,3,https://twitter.com/SargentoFAHUR/status/1618468156674306054
Marli Freire,@MarliFreire9,https://twitter.com/MarliFreire9/status/1618587250576748545,2023-01-26T12:30:47.000Z,Breve será eleito senador,0,0,3,https://twitter.com/SargentoFAHUR/status/1618468156674306054
Gilberto Mariani,@Gilbert56402780,https://twitter.com/Gilbert56402780/status/1618587953873420291,2023-01-26T12:33:34.000Z,Para qual palácio dos 3 poderes o Marcola foi transferido?,0,1,1,https://twitter.com/SargentoFAHUR/status/1618468156674306054
Leandro Tadeu,@leandroufrgs,https://twitter.com/leandroufrgs/status/1618590828603256832,2023-01-26T12:45:00.000Z,Tem um na Flórida também.,1,0,2,https://twitter.com/SargentoFAHUR/status/1618468156674306054
André Luis,@AndreLuipaz,https://twitter.com/AndreLuipaz/status/1618682328683012096,2023-01-26T18:48:35.000Z,Daqui a pouco ele vai conseguir uma condicional para passar o natal com a familia.,2,0,2,https://twitter.com/SargentoFAHUR/status/1618468156674306054
,@O000406,https://twitter.com/O000406/status/1618468748037591042,2023-01-26T04:39:53.000Z,concordo,0,0,0,https://twitter.com/SargentoFAHUR/status/1618468156674306054
bravocharlie,@andreju94709521,https://twitter.com/andreju94709521/status/1618474755027533824,2023-01-26T05:03:46.000Z,"Kkkkk,ministro de logística e transporte do governo mula, já viu né o que vai ser transportado.",0,0,0,https://twitter.com/SargentoFAHUR/status/1618468156674306054
we the people,@medinasfamily,https://twitter.com/medinasfamily/status/1618476659858108416,2023-01-26T05:11:20.000Z,Amigo do Loola vai fugir jaja,0,0,0,https://twitter.com/SargentoFAHUR/status/1618468156674306054
Denis Horn,@DenisHorn2,https://twitter.com/DenisHorn2/status/1618476832223039489,2023-01-26T05:12:01.000Z,Infelizmente o Brasil nunca terá pena de morte.,0,0,0,https://twitter.com/SargentoFAHUR/status/1618468156674306054
HIRAMCAMPOS,@HIRAMCAMPOS2022,https://twitter.com/HIRAMCAMPOS2022/status/1618477358201307136,2023-01-26T05:14:06.000Z,"Agora esta mais perto do gilmar mendes,em menos de 1 mes ele vai soltar o marcola e deixar a ficha dele mais limpa que de um bebê!
Esqueceu q ele declarou apoio pro ladrao de dentro da cadeia?acha q foi de graça?
Quantos nas favelas ele nao obrigou a votar no ladrao?",0,0,0,https://twitter.com/SargentoFAHUR/status/1618468156674306054
Matheus,@risotinhoo,https://twitter.com/risotinhoo/status/1618477727870509056,2023-01-26T05:15:34.000Z,"Pois é, se vai ficar preso até morrer, pq não mata logo para liberar espaço?",0,0,0,https://twitter.com/SargentoFAHUR/status/1618468156674306054
bruno,@brunonickacio,https://twitter.com/brunonickacio/status/1618492496304300032,2023-01-26T06:14:15.000Z,É um deputado que tem conhecimento zero a respeito da legislação do país.,0,0,0,https://twitter.com/SargentoFAHUR/status/1618468156674306054
João Pedro Almeida,@eujoaopedroalm,https://twitter.com/eujoaopedroalm/status/1618508574774431746,2023-01-26T07:18:09.000Z,Pelo caminhar da carruagem logo ele vora ministro e condena o senhor.,0,0,0,https://twitter.com/SargentoFAHUR/status/1618468156674306054
weel,@weelPB1978,https://twitter.com/weelPB1978/status/1618555940424536064,2023-01-26T10:26:22.000Z,Com certeza.,0,0,1,https://twitter.com/SargentoFAHUR/status/1618468156674306054
Ricardo S.C.,@rscoelho33,https://twitter.com/rscoelho33/status/1618556439584464898,2023-01-26T10:28:21.000Z,Vai assumir qual secretaria ou ministério? Segurança?,0,0,1,https://twitter.com/SargentoFAHUR/status/1618468156674306054
TCHELO SEP,@DeTchelo77,https://twitter.com/DeTchelo77/status/1618556935099547648,2023-01-26T10:30:19.000Z,Será que vão ser ministro ??🤭🤣,0,0,1,https://twitter.com/SargentoFAHUR/status/1618468156674306054
Bruno Simião,@BrSimiao,https://twitter.com/BrSimiao/status/1618558924214661120,2023-01-26T10:38:13.000Z,Ministério do que ele vai assumir?,0,0,1,https://twitter.com/SargentoFAHUR/status/1618468156674306054
Elias Jr,@JrEliasgnjr,https://twitter.com/JrEliasgnjr/status/1618559050026987520,2023-01-26T10:38:43.000Z,Calma logo ele assume um cargo no plenário,0,0,1,https://twitter.com/SargentoFAHUR/status/1618468156674306054
Zanone Tomaz,@ZanoneTomaz,https://twitter.com/ZanoneTomaz/status/1618559467469295616,2023-01-26T10:40:23.000Z,Qual ministério ele vai assumir?,0,0,1,https://twitter.com/SargentoFAHUR/status/1618468156674306054
Cmentário aleatório,@SObserv16820939,https://twitter.com/SObserv16820939/status/1618559499132088320,2023-01-26T10:40:30.000Z,"Mais um presidiário ""famoso"" Brasília. A família tá crescendo rápido heim... olha aí o amor vencendo...",0,0,1,https://twitter.com/SargentoFAHUR/status/1618468156674306054
Fora PT,@acordapov,https://twitter.com/acordapov/status/1618559556652761090,2023-01-26T10:40:44.000Z,"Vai ficar entre amigos lá em Brasília.
Quadrilha está se completando!",0,0,1,https://twitter.com/SargentoFAHUR/status/1618468156674306054
Ivo,@Bolsonaro108,https://twitter.com/Bolsonaro108/status/1618559666065412096,2023-01-26T10:41:10.000Z,Mais fácil ser o candidato do pt/pcc em 2026,0,0,1,https://twitter.com/SargentoFAHUR/status/1618468156674306054
daniel bedin frigeri,@dbedin,https://twitter.com/dbedin/status/1618559926741393408,2023-01-26T10:42:12.000Z,Daqui a pouco vai soltar esse aí também… vai vendo,0,0,1,https://twitter.com/SargentoFAHUR/status/1618468156674306054
Luciano Oliveira,@Luciano63019770,https://twitter.com/Luciano63019770/status/1618526894084980736,2023-01-26T08:30:56.000Z,O cara foi para Brasília? Vai assumir qual ministério?,0,0,0,https://twitter.com/SargentoFAHUR/status/1618468156674306054
MBRock!,@BluesSquier,https://twitter.com/BluesSquier/status/1618527639635128322,2023-01-26T08:33:54.000Z,Sniper..!,0,0,0,https://twitter.com/SargentoFAHUR/status/1618468156674306054
Ronaldo Queiroz,@Ronaldo76466593,https://twitter.com/Ronaldo76466593/status/1618536296569540608,2023-01-26T09:08:18.000Z,Fico aqui imaginando nos ensinamentos do velho e novo testamento.  Onde encaixaria você. Os judeus não aceitam Cristo .O livro divide dois mundos...,0,0,0,https://twitter.com/SargentoFAHUR/status/1618468156674306054
IURY BETA,@IURY65104252,https://twitter.com/IURY65104252/status/1618537781411868672,2023-01-26T09:14:12.000Z,Planalto?,0,0,0,https://twitter.com/SargentoFAHUR/status/1618468156674306054
Charles Bronson Mineiro,@caceres_bass,https://twitter.com/caceres_bass/status/1618540151864717314,2023-01-26T09:23:37.000Z,Parece que vai virar ministro do Lule,0,0,0,https://twitter.com/SargentoFAHUR/status/1618468156674306054
Brasil SEM O PT e sem LULA,@BrasilFeliz7,https://twitter.com/BrasilFeliz7/status/1618544506625994755,2023-01-26T09:40:56.000Z,Todos pertinho um do outro 🤡,0,0,0,https://twitter.com/SargentoFAHUR/status/1618468156674306054
a ovelha marinha,@sorrizoronaldet,https://twitter.com/sorrizoronaldet/status/1618545295964667904,2023-01-26T09:44:04.000Z,"Vcs sabem q o PCC e o Marcola só existem por causa da chacina do Carandiru né? 

Ou seja ... 

Por causa de uma ""pena de morte"" nao declarada hoje vivemos com uma facção criminosa transcontinental.",0,0,0,https://twitter.com/SargentoFAHUR/status/1618468156674306054
GUI COELHO,@gui_coelho87,https://twitter.com/gui_coelho87/status/1618548135491665920,2023-01-26T09:55:21.000Z,"Deputado, ele ""será fugido"" da cadeia. Em pouco tempo nos vamos ler a notícia que ele foi ""resgatado"" . ⌚",0,0,0,https://twitter.com/SargentoFAHUR/status/1618468156674306054
Paulo Lima,@PauloLi37620937,https://twitter.com/PauloLi37620937/status/1618521750031200256,2023-01-26T08:10:30.000Z,"Meu caro deputado....se o crime organizado chegou a suprema corte,o que é uma transferência do chefe desse mesmo crime????coitado de nós.",0,0,0,https://twitter.com/SargentoFAHUR/status/1618468156674306054
Ramalho,@Ramalhok3,https://twitter.com/Ramalhok3/status/1618526080826232839,2023-01-26T08:27:43.000Z,🧐,0,0,0,https://twitter.com/SargentoFAHUR/status/1618468156674306054
Fernando☭⃠,@FernandoFH2022,https://twitter.com/FernandoFH2022/status/1618535157274931201,2023-01-26T09:03:47.000Z,"Quantas famílias já perderam familiares para essa quadrilha que ele é o líder?
Nada mais justo Sargento.",0,0,0,https://twitter.com/SargentoFAHUR/status/1618468156674306054
Pablo,@pablodoliveira1,https://twitter.com/pablodoliveira1/status/1618544365584150528,2023-01-26T09:40:22.000Z,Uai vc e deputado…. Desenrola por lá .,0,0,0,https://twitter.com/SargentoFAHUR/status/1618468156674306054
Fabiano,@Fabianosp75,https://twitter.com/Fabianosp75/status/1618552094411358212,2023-01-26T10:11:05.000Z,O Moraes dono do 🇧🇷 deve tá por trás disso pois foi advogado do PCC então né …,0,0,0,https://twitter.com/SargentoFAHUR/status/1618468156674306054
Gleisson Oliveira,@GleissonOpus,https://twitter.com/GleissonOpus/status/1618552179006279682,2023-01-26T10:11:25.000Z,"Vocês esta falando do Lula, certo?",0,0,0,https://twitter.com/SargentoFAHUR/status/1618468156674306054
JesusF,@fcjffcjf,https://twitter.com/fcjffcjf/status/1618554077880942592,2023-01-26T10:18:58.000Z,"Pena de morte deputado ... com essas instituições que temos? Quem iria morrer? A justiça condenou várias vezes um ex-presidente e depois descondenou ... com todo respeito, discordo veementemente do senhor.",0,0,0,https://twitter.com/SargentoFAHUR/status/1618468156674306054
Renaldo Luis Rohsler,@renaldorohsler,https://twitter.com/renaldorohsler/status/1618555661213921283,2023-01-26T10:25:15.000Z,Agora a quadrinha pode fazer a “Ciranda cirandinha” em Brasilia!!,0,0,0,https://twitter.com/SargentoFAHUR/status/1618468156674306054
Fagner E Queiroz,@Fagner26788463,https://twitter.com/Fagner26788463/status/1618555960238444544,2023-01-26T10:26:26.000Z,Deputado convoque o ministro da justiça para dar explicações .vc tem mandato.,0,0,0,https://twitter.com/SargentoFAHUR/status/1618468156674306054
Jorge Melgarejo,@jorgmelgarejo,https://twitter.com/jorgmelgarejo/status/1618556218485932034,2023-01-26T10:27:28.000Z,Pra equipe de transição,0,0,0,https://twitter.com/SargentoFAHUR/status/1618468156674306054
Elcio Horner,@horner_elcio,https://twitter.com/horner_elcio/status/1618560116709810178,2023-01-26T10:42:57.000Z,Vai ser convidado para assumir a diretoria de Refino e Distribuição da Petrobras.,0,0,1,https://twitter.com/SargentoFAHUR/status/1618468156674306054
só olho,@solho90849099,https://twitter.com/solho90849099/status/1618560888147181569,2023-01-26T10:46:01.000Z,Agora a equipe tá completa!,0,0,1,https://twitter.com/SargentoFAHUR/status/1618468156674306054
POVIA 77,@Povia77,https://twitter.com/Povia77/status/1618561227483148288,2023-01-26T10:47:22.000Z,Transferência pra Brasília? Mais um ministro do Lúcifer?,0,0,1,https://twitter.com/SargentoFAHUR/status/1618468156674306054
Laurici Santhiago,@LauriciSanthia2,https://twitter.com/LauriciSanthia2/status/1618561880397844481,2023-01-26T10:49:58.000Z,Tudo em casa.,0,0,1,https://twitter.com/SargentoFAHUR/status/1618468156674306054
csar_alexandre,@csar_pedreraum,https://twitter.com/csar_pedreraum/status/1618563334768582657,2023-01-26T10:55:45.000Z,Novo ministro?,0,0,1,https://twitter.com/SargentoFAHUR/status/1618468156674306054
Moises Pedrozo,@MoisesPedrozo2,https://twitter.com/MoisesPedrozo2/status/1618563360563531777,2023-01-26T10:55:51.000Z,Mais um bandido pra Brasília junto com a turma dele kkk,0,0,1,https://twitter.com/SargentoFAHUR/status/1618468156674306054
Anderson Rogerio,@adscosta10,https://twitter.com/adscosta10/status/1618563369254129664,2023-01-26T10:55:53.000Z,Pra ficar perto do pai,0,0,1,https://twitter.com/SargentoFAHUR/status/1618468156674306054
Marco Aurélio,@marcoasartori,https://twitter.com/marcoasartori/status/1618563400866623489,2023-01-26T10:56:00.000Z,"Se mandaram pra Brasília,  é para ocupar algum cargo aí na quadrilha....",0,0,1,https://twitter.com/SargentoFAHUR/status/1618468156674306054
Michelangelo CostaPessoa,@MCostapessoa,https://twitter.com/MCostapessoa/status/1618563480982032384,2023-01-26T10:56:19.000Z,Vai já assumir um ministério...,0,0,1,https://twitter.com/SargentoFAHUR/status/1618468156674306054
Fabrício Locatelli Trein,@TreinLocatelli,https://twitter.com/TreinLocatelli/status/1618564680787820545,2023-01-26T11:01:06.000Z,Vai assumir qual ministério?,0,0,1,https://twitter.com/SargentoFAHUR/status/1618468156674306054
Leonardo - FORA LULA,@LEONARDOPALHAS,https://twitter.com/LEONARDOPALHAS/status/1618558970318442496,2023-01-26T10:38:24.000Z,O lugar dele é no ministério da justiça do Lula.,0,0,0,https://twitter.com/SargentoFAHUR/status/1618468156674306054
Monika Sena,@MonikaSena3,https://twitter.com/MonikaSena3/status/1618559014601912322,2023-01-26T10:38:35.000Z,Logo será solto alguém aposta?,0,0,0,https://twitter.com/SargentoFAHUR/status/1618468156674306054
Antonio Veiga,@acveigainvest,https://twitter.com/acveigainvest/status/1618559045266464777,2023-01-26T10:38:42.000Z,Cuidado deputado. Ele vira ministro no &TF e vc se lasca,0,0,0,https://twitter.com/SargentoFAHUR/status/1618468156674306054
Meire Paiva,@MeireregPaiva,https://twitter.com/MeireregPaiva/status/1618559443280728064,2023-01-26T10:40:17.000Z,Aí tem @exercitooficial @GeneralGirao @GeneralMourao @gen_heleno @Gen_VillasBoas @PazuelloGeneral,0,0,0,https://twitter.com/SargentoFAHUR/status/1618468156674306054
Meire Paiva,@MeireregPaiva,https://twitter.com/MeireregPaiva/status/1618559533030445061,2023-01-26T10:40:38.000Z,@CarlosBolsonaro @BolsonaroSP @FlavioBolsonaro,0,0,0,https://twitter.com/SargentoFAHUR/status/1618468156674306054
Meire Paiva,@MeireregPaiva,https://twitter.com/MeireregPaiva/status/1618559599224975362,2023-01-26T10:40:54.000Z,@marcosdoval,0,0,0,https://twitter.com/SargentoFAHUR/status/1618468156674306054
Salome Zamblute,@SalomeZamblute,https://twitter.com/SalomeZamblute/status/1618560097315352577,2023-01-26T10:42:53.000Z,Já sabem qual ministério ele vai ocupar?,0,0,0,https://twitter.com/SargentoFAHUR/status/1618468156674306054
Cariocabob,@douroSpain100,https://twitter.com/douroSpain100/status/1618560174159192064,2023-01-26T10:43:11.000Z,PT = PCC,0,0,0,https://twitter.com/SargentoFAHUR/status/1618468156674306054
Marco Antônio Da Costa Torres,@MarcoAn91908884,https://twitter.com/MarcoAn91908884/status/1618560589357535233,2023-01-26T10:44:50.000Z,"Deputado vc esta aí,nos votamos para que medidas sejam tomadas !!vai pra cima !!",0,0,0,https://twitter.com/SargentoFAHUR/status/1618468156674306054
Luiz Sergio,@LuizSergioAlve,https://twitter.com/LuizSergioAlve/status/1618562694508089347,2023-01-26T10:53:12.000Z,"É o plano de libertar o ""Chefe"". Plano da quadrilha PT-PCC-STF. Espere para ver ele fugindo pela porta da frente.",0,0,0,https://twitter.com/SargentoFAHUR/status/1618468156674306054
Raafaaels,@RaafaaelsH,https://twitter.com/RaafaaelsH/status/1618564791081242626,2023-01-26T11:01:32.000Z,Será que vai ser chefe da guarda nacional?,0,0,1,https://twitter.com/SargentoFAHUR/status/1618468156674306054
DitaduraDoSTF,@Ditadura_do_STF,https://twitter.com/Ditadura_do_STF/status/1618565449675051009,2023-01-26T11:04:09.000Z,Para qual Ministério ele está indo?,0,0,1,https://twitter.com/SargentoFAHUR/status/1618468156674306054
Eduardo,@Grigoleto_edu,https://twitter.com/Grigoleto_edu/status/1618565685042610176,2023-01-26T11:05:05.000Z,Qual ministério vai assumir Fahur?,0,0,1,https://twitter.com/SargentoFAHUR/status/1618468156674306054
Wilkinson,@WilFaltskog,https://twitter.com/WilFaltskog/status/1618566131614371847,2023-01-26T11:06:51.000Z,Vai virar secretario?? 🤣🤣🤣🤣,0,0,1,https://twitter.com/SargentoFAHUR/status/1618468156674306054
ninacintra,@ninacintra1,https://twitter.com/ninacintra1/status/1618566246462787586,2023-01-26T11:07:19.000Z,Agora fudeu mesmo.,0,0,1,https://twitter.com/SargentoFAHUR/status/1618468156674306054
marcos murucci,@murucci_marcos,https://twitter.com/murucci_marcos/status/1618566830842580995,2023-01-26T11:09:38.000Z,Vai morar no Alvorada?,0,0,1,https://twitter.com/SargentoFAHUR/status/1618468156674306054
Vanderlei Monteiro,@DecaSorocaba,https://twitter.com/DecaSorocaba/status/1618567010954403840,2023-01-26T11:10:21.000Z,Vai ser ministro ?,0,0,1,https://twitter.com/SargentoFAHUR/status/1618468156674306054
adrianosteinert@gmai,adrianosteinert@gmai,https://twitter.com/adrianosteinert/status/1618567018399293443,2023-01-26T11:10:23.000Z,Lule levou pra mais perto dos parceiros.,0,0,1,https://twitter.com/SargentoFAHUR/status/1618468156674306054
Leandro Araújo,@Leandro01460650,https://twitter.com/Leandro01460650/status/1618567588870754304,2023-01-26T11:12:39.000Z,Governo Lula? 🤔,0,0,1,https://twitter.com/SargentoFAHUR/status/1618468156674306054
terval,@terval15,https://twitter.com/terval15/status/1618567653941219331,2023-01-26T11:12:54.000Z,Se a quadrilha se reúne em Brasília nada mais coerente.,0,0,1,https://twitter.com/SargentoFAHUR/status/1618468156674306054
Wagner,@Wagnervosch,https://twitter.com/Wagnervosch/status/1618568350757683201,2023-01-26T11:15:41.000Z,Será mais um ministro?,0,0,1,https://twitter.com/SargentoFAHUR/status/1618468156674306054
Odair Sabino,@OdaSabino,https://twitter.com/OdaSabino/status/1618568464528211970,2023-01-26T11:16:08.000Z,Logo logo vai estar comendo picanha e tomando um cervejinha com o @LulaOficial e com o Cabral,0,0,1,https://twitter.com/SargentoFAHUR/status/1618468156674306054
Arthur Bernardes,@abernardes99,https://twitter.com/abernardes99/status/1618568986752585728,2023-01-26T11:18:12.000Z,Para qual ministério ???,0,0,1,https://twitter.com/SargentoFAHUR/status/1618468156674306054
Sidinei Fogliato,@FogliatoSidnei,https://twitter.com/FogliatoSidnei/status/1618569474755690501,2023-01-26T11:20:09.000Z,Logo assume um cargo no governo!,0,0,1,https://twitter.com/SargentoFAHUR/status/1618468156674306054
maninho pqd BFR,@Denilso96805760,https://twitter.com/Denilso96805760/status/1618570192308834304,2023-01-26T11:23:00.000Z,Próximo a ser solto,0,0,1,https://twitter.com/SargentoFAHUR/status/1618468156674306054
Normapinto Gonçalves,@NormapintoG,https://twitter.com/NormapintoG/status/1618571046818566145,2023-01-26T11:26:23.000Z,O dinossauro transferiu pra ficarem juntos.,0,0,1,https://twitter.com/SargentoFAHUR/status/1618468156674306054
PASTA,@MARTIGLIMARCOS,https://twitter.com/MARTIGLIMARCOS/status/1618572381777428485,2023-01-26T11:31:42.000Z,Logo está na rua ... Igual ao Cabral,0,0,1,https://twitter.com/SargentoFAHUR/status/1618468156674306054
Bolsoneiman,@Bolsoneiman86,https://twitter.com/Bolsoneiman86/status/1618574243012411392,2023-01-26T11:39:05.000Z,O que é preciso para implementar a pena de morte no brasil? É uma dúvida,0,0,1,https://twitter.com/SargentoFAHUR/status/1618468156674306054
JR Roque,@JRoquecost,https://twitter.com/JRoquecost/status/1618575071651721219,2023-01-26T11:42:23.000Z,Mais para a cúpula do senado,0,0,1,https://twitter.com/SargentoFAHUR/status/1618468156674306054
