nome,usuario,idTweet,dataPublicacao,texto,replies,retweets,likes,tweetPai
Antony Jojohn,@AntonyJojohn,https://twitter.com/AntonyJojohn/status/1618677331564040193,2023-01-26T18:28:44.000Z,"E a GloboLixo dizendo que grave mesmo é bolsonarista pedindo golpe de estado na frente de quartel, quebrando a sede dos poderes para forçar uma intervenção militar! A propósito, tão mimoso o senhor defendendo o Congresso e o STF, 2023 está lhe fazendo bem.",5,0,27,https://twitter.com/lpbragancabr/status/1618645009473101825
DIREITA SEMPRE,@VirginiaMaria30,https://twitter.com/VirginiaMaria30/status/1618738633632264192,2023-01-26T22:32:19.000Z,IMPEACHAMENT DO MOLUSCO JÁ,0,1,16,https://twitter.com/lpbragancabr/status/1618645009473101825
Gerson Ferreira da S,@Gersonfersfilho,https://twitter.com/Gersonfersfilho/status/1618721759741755393,2023-01-26T21:25:16.000Z,Não vi ninguém do Supremo exigir explicações em 24 ou 48 horas como acontecia com o governo anterior. 😏,1,0,10,https://twitter.com/lpbragancabr/status/1618645009473101825
Robson Lopes - O BRASIL É MAIOR QUE ISSO!,@robsonglopes45,https://twitter.com/robsonglopes45/status/1619007331047735296,2023-01-27T16:20:02.000Z,Quantas horas deu @alexandre a @LulaOficial para explicar a ACUSAÇĀO dele ao CONGRESSO e ao @STF_oficial de GOLPISTAS?,1,0,5,https://twitter.com/lpbragancabr/status/1618645009473101825
Instituto Rothbard,@rothbard_brasil,https://twitter.com/rothbard_brasil/status/1618667419387707392,2023-01-26T17:49:20.000Z,O estado é um golpe aplicado contra o povo!,4,4,48,https://twitter.com/lpbragancabr/status/1618645009473101825
Instituto Rothbard,@rothbard_brasil,https://twitter.com/rothbard_brasil/status/1618683907960094720,2023-01-26T18:54:52.000Z,A agressão “legalizada”,0,3,18,https://twitter.com/lpbragancabr/status/1618645009473101825
Maria Do Socorro,@MariaDo27319800,https://twitter.com/MariaDo27319800/status/1618729948809928715,2023-01-26T21:57:49.000Z,Faz sentido! O Poder Legislativo e o judiciário perseguiu o Bolsonaro durante todo seu mandato. Portanto o impeachment pode ter sido golpe!,1,0,1,https://twitter.com/lpbragancabr/status/1618645009473101825
Mauricio Agnoletti,@mauricioagnolet,https://twitter.com/mauricioagnolet/status/1618653239163109376,2023-01-26T16:52:59.000Z,Agora saberemos se o STF é parcial como tem demonstrado nos últimos 4 anos!,1,1,5,https://twitter.com/lpbragancabr/status/1618645009473101825
Leandro Tissiano,@LeandroTissiann,https://twitter.com/LeandroTissiann/status/1618646152362229760,2023-01-26T16:24:50.000Z,"Esse monstro graças a Deus não fui eu que alimentou. Queria saber o que andam falando pelos corredores todos os isentões e os que apoiaram isso, essa eleição cheia de falhas que deu a vitória a quem não deveria.",5,0,24,https://twitter.com/lpbragancabr/status/1618645009473101825
Jeferson Brasil,@Jeff857802501,https://twitter.com/Jeff857802501/status/1618659554665058304,2023-01-26T17:18:05.000Z,A história se repete por milhares de anos.. as pessoas não percebem porque os modos mudam..  mas sempre foi assim,1,1,3,https://twitter.com/lpbragancabr/status/1618645009473101825
Isabel Cristina,@ciao_Isabel,https://twitter.com/ciao_Isabel/status/1618646678608949251,2023-01-26T16:26:55.000Z,"Lulu não tem a menor condição de administrar ou governar. Ele sonha com uma união soviética latina. Vive no mundinho guerrilheiro de mentiras e golpes. Uma vergonha para qualquer país. Não sabe falar, não tem o respeito de ninguém, e acha que mentir ajuda. É um abismo.",12,3,14,https://twitter.com/lpbragancabr/status/1618645009473101825
Capeta Fio Terra,@hagonistt,https://twitter.com/hagonistt/status/1618655831247175680,2023-01-26T17:03:17.000Z,"Ué, defender q não foi golpe mesmo depois da Dilma ter sido inocentada das acusações é foda né... Aliás, sdd guilhotina",15,0,65,https://twitter.com/lpbragancabr/status/1618645009473101825
Agemor Rodrigues,@AgenorAlves_,https://twitter.com/AgenorAlves_/status/1618650716494757890,2023-01-26T16:42:58.000Z,Tentando criar um bode expiatório para o dia 08 e para o genocídio dos Yanomamis??,1,0,2,https://twitter.com/lpbragancabr/status/1618645009473101825
Sebastião Marques,@stmarques4,https://twitter.com/stmarques4/status/1618856110609543170,2023-01-27T06:19:08.000Z,E um Deputado Federal eleito democraticamente  que vive pregando o fim da nossa República  e a volta da Monarquia? Deixe de hipocrisia !,4,3,34,https://twitter.com/lpbragancabr/status/1618645009473101825
Zelia Fabro22,@zfabrogmailcom,https://twitter.com/zfabrogmailcom/status/1618903306222575616,2023-01-27T09:26:40.000Z,Já entrou com noticia crime contra ele ?,0,2,27,https://twitter.com/lpbragancabr/status/1618645009473101825
JCP,@JosCndi02332166,https://twitter.com/JosCndi02332166/status/1618989853450072065,2023-01-27T15:10:35.000Z,Instituições que estão caladas!,0,0,0,https://twitter.com/lpbragancabr/status/1618645009473101825
ℝ𝕠𝕓𝕤𝕠𝕟 𝔻𝕚𝕒𝕤,@RobDias38,https://twitter.com/RobDias38/status/1618982101268979712,2023-01-27T14:39:46.000Z,"Certamente não foi ""gópi"", agora afirmar que o STF promove golpes, não é algo improvável de se reconhecer não. As últimas eleições são provas disso.",0,0,0,https://twitter.com/lpbragancabr/status/1618645009473101825
Luiz,@Luiz76600279,https://twitter.com/Luiz76600279/status/1618936455119896576,2023-01-27T11:38:23.000Z,Muita prosa pouca ação...,0,0,0,https://twitter.com/lpbragancabr/status/1618645009473101825
Davi Rocha -Pátria amada,@davi_rock22,https://twitter.com/davi_rock22/status/1619021479047471104,2023-01-27T17:16:15.000Z,Golpe mesmo quem deu foi o togado que conduziu o processo.Teve a desfaçatez de preservar os direitos políticos da estocadora de vento! Isso sim foi golpe.,0,1,6,https://twitter.com/lpbragancabr/status/1618645009473101825
Kesy,@KesyCristan,https://twitter.com/KesyCristan/status/1618690249324138496,2023-01-26T19:20:03.000Z,"O Dilmo só está preparando, para na hora que for o impeachment dele, falar que será mais um Golpe.",0,4,21,https://twitter.com/lpbragancabr/status/1618645009473101825
Cleide Viana CENSURADA,@CleideV96489252,https://twitter.com/CleideV96489252/status/1618732085115760641,2023-01-26T22:06:18.000Z,"Isso é fake news, no entanto ninguém de capa se pronunciou. Tudo foi feito com a anuência deles. Já li em algum lugar que o Carniça está batendo nessa tecla para se garantir caso haja pedido de impeachment para ele.",0,1,5,https://twitter.com/lpbragancabr/status/1618645009473101825
Aline,@Aline_lfa,https://twitter.com/Aline_lfa/status/1618992209977835520,2023-01-27T15:19:56.000Z,"Pra quem foi descondenado pelos próprios juízes que acataram a condenação de três instancias, mudar a história do resto dos crimes vai ser baba. País de bandidos que se prende inocentes e soltam bandidos não é uma Nação, é apenas um esgoto fétido.",0,0,5,https://twitter.com/lpbragancabr/status/1618645009473101825
Marcello,@Marcellotb_,https://twitter.com/Marcellotb_/status/1618934213398638594,2023-01-27T11:29:29.000Z,E o que vc pretende fazer? Já judicializou??,0,2,6,https://twitter.com/lpbragancabr/status/1618645009473101825
sergio,@sergiodoveinis,https://twitter.com/sergiodoveinis/status/1618648363007905793,2023-01-26T16:33:37.000Z,"Deram o golpe na Dilma e agora deram o golpe no Bolsonaro, o mesmo pessoal! STF com os políticos de São Paulo!",1,3,6,https://twitter.com/lpbragancabr/status/1618645009473101825
Jcm Medina,@JcmMedina1,https://twitter.com/JcmMedina1/status/1618702543810605056,2023-01-26T20:08:55.000Z,É bom lembrar da ministra do planejamento Simone Tebet que votou a favor e seu vice que apoiou o impeachment. O Lula tem golpistas no governo dele ? Me fala se não é um falastrão de abobrinhas !,0,1,12,https://twitter.com/lpbragancabr/status/1618645009473101825
Nancy Matos,@NancyMa12723236,https://twitter.com/NancyMa12723236/status/1618781824729374721,2023-01-27T01:23:57.000Z,"Hei Lularapio, você foi condenado  em três instâncias, e o #STFVergonhaNacional ,te soltou e o #TSE te  empossou !  Isso sim foi um golpe para o Brasil!",0,1,6,https://twitter.com/lpbragancabr/status/1618645009473101825
Marcelo Barreto,@Barret0Marcelo,https://twitter.com/Barret0Marcelo/status/1618648901208399872,2023-01-26T16:35:45.000Z,E sabe o que vai acontecer? NADA. Absolutamente nada.,2,0,2,https://twitter.com/lpbragancabr/status/1618645009473101825
José J Vieira,@JJVieira6,https://twitter.com/JJVieira6/status/1618692682666360833,2023-01-26T19:29:44.000Z,E até agora o STF não se pronunciou.,2,0,1,https://twitter.com/lpbragancabr/status/1618645009473101825
maria odila segantin,@modilasegantin,https://twitter.com/modilasegantin/status/1618653405286895616,2023-01-26T16:53:39.000Z,Todo mundo é golpista...só lula é top é honesto..o Dr sabe tudo..o Dono do Universo..,1,1,1,https://twitter.com/lpbragancabr/status/1618645009473101825
𝕮larke de 𝕾ouza,@bolsonarobr_pro,https://twitter.com/bolsonarobr_pro/status/1618669708437504001,2023-01-26T17:58:26.000Z,Veja @lpbragancabr https://twitter.com/bolsonarobr_pro/status/1618469308350468097?t=y4XH35CyLPXMfuAoxm7GiQ&s=19…,0,1,1,https://twitter.com/lpbragancabr/status/1618645009473101825
marcelo,@marcelo46063951,https://twitter.com/marcelo46063951/status/1618946036906721283,2023-01-27T12:16:28.000Z,"Afronta maior ao poder institucional , mas , o amor venceu 😵‍💫",0,0,2,https://twitter.com/lpbragancabr/status/1618645009473101825
Rosana,@RosanaA80357793,https://twitter.com/RosanaA80357793/status/1618976079175389186,2023-01-27T14:15:51.000Z,grave foi o fachin anular um processo por causa de um CEP e colocarem o prisioneiro na presidência.,0,1,3,https://twitter.com/lpbragancabr/status/1618645009473101825
Silvana,@Maktub1619,https://twitter.com/Maktub1619/status/1618645713797398528,2023-01-26T16:23:05.000Z,Deputado porque não aciona o STF em relação a isso.,1,0,2,https://twitter.com/lpbragancabr/status/1618645009473101825
Edesio Pellizzaro,@Edepell,https://twitter.com/Edepell/status/1618725931484581889,2023-01-26T21:41:51.000Z,Golpe fez o Lewandowski ao rasgar a CF e permitir que Dilma permanecesse com os direitos políticos.,0,0,4,https://twitter.com/lpbragancabr/status/1618645009473101825
Andreia,@Andreia_Silva9,https://twitter.com/Andreia_Silva9/status/1618696843726319616,2023-01-26T19:46:16.000Z,"É! Parece que o chuchu 'vai brotar'.
Dos males, o menor.",0,0,4,https://twitter.com/lpbragancabr/status/1618645009473101825
Edna Curtolo,@EdnaCurtolo,https://twitter.com/EdnaCurtolo/status/1618735662735441922,2023-01-26T22:20:31.000Z,como se chama tirar um da cadeia e eleger????????? não seria golpe????   tsssssseeeeeesss  ta na critica certa vai fica pianimmmmmmm ....,0,0,2,https://twitter.com/lpbragancabr/status/1618645009473101825
"Liberdade, volta?",@VoltaLiberdade,https://twitter.com/VoltaLiberdade/status/1618688970526969856,2023-01-26T19:14:59.000Z,"Golpe, Temer, Alexandre de Moraes, Lula: Cobra de duas cabeças!!

Se foi golpe, o Moraes é ilegítimo no cargo de ministro, indicado por Temer.
Se não teve golpe, o Moraes é legítimo e tem que agir em desfavor do Lula, por atacar às instituições (Congresso e STF) e a democracia.",0,0,5,https://twitter.com/lpbragancabr/status/1618645009473101825
Tânia Nogueira,@TniaNogueira6,https://twitter.com/TniaNogueira6/status/1618921424118480897,2023-01-27T10:38:40.000Z,"E o AM não vai falar nada?
Nem fazer nada?
Eles são amigues,de esquerda,né?
Eles podem tudo!",0,0,1,https://twitter.com/lpbragancabr/status/1618645009473101825
𝘾𝙤𝙢𝙚𝙣𝙙𝙖𝙙𝙧 𝙎𝙚𝙧𝙧𝙖,@ComendadorSerra,https://twitter.com/ComendadorSerra/status/1619349966098669569,2023-01-28T15:01:32.000Z,"O impeachment da presidente, Dilma, foi dentro da legalidade.
Ele cometeu PEDALADAS FISCAIS e editou CRÉDITOS SUPLEMENTARES sem autorização do Congresso Nacional.

Mas se o ex-presidente, Michel Temer, é golpista. Então o ministro do STF, Alexandre de Moraes, é fruto de golpe❓",0,0,0,https://twitter.com/lpbragancabr/status/1618645009473101825
Francesca Freitas,@FrancescaFrei10,https://twitter.com/FrancescaFrei10/status/1619559042795606018,2023-01-29T04:52:20.000Z,O ministro Ricardo Levandovsky é golpista?,0,0,0,https://twitter.com/lpbragancabr/status/1618645009473101825
Cicero Viana De Araujo,@CiceroVianaDeA1,https://twitter.com/CiceroVianaDeA1/status/1619443721153699840,2023-01-28T21:14:05.000Z,"Está chegando a hora,",0,0,0,https://twitter.com/lpbragancabr/status/1618645009473101825
Doce Brasileira,@docebrasileira,https://twitter.com/docebrasileira/status/1618736202538192896,2023-01-26T22:22:40.000Z,"O melhor dessa fake news do Cachaça, ex-presidiário, é ver que o Lewandowski,que presidiu todo o julgamento do impeachment,  foi chamado de golpista também no atacado.",0,1,1,https://twitter.com/lpbragancabr/status/1618645009473101825
Grazi De A. B.,@after_or,https://twitter.com/after_or/status/1619343384946290688,2023-01-28T14:35:23.000Z,"Afirmar que lula é inocente é igualmente grave, pois ignora julgamentos em instâncias diferentes e condenação cumulativas. Fez diferença? Nenhuma. Canetada e ta ai, solto e falando 💩sem parar, declarado presidente pelos donos da mesma caneta que o tirou da cadeia.",0,0,0,https://twitter.com/lpbragancabr/status/1618645009473101825
Everson Cassol,@eversoncassol,https://twitter.com/eversoncassol/status/1619065414881017856,2023-01-27T20:10:50.000Z,"Tudo depende do ""freguês""...",0,0,0,https://twitter.com/lpbragancabr/status/1618645009473101825
Suhely Bueno,@Suhely_Bueno,https://twitter.com/Suhely_Bueno/status/1619154643149524993,2023-01-28T02:05:24.000Z,"Isso apenas faz parte do teatro! Sem consequências, segue o jogo e que se mantenha a agenda 2030 enquanto outros ficam discutindo algo ""banal""",0,0,0,https://twitter.com/lpbragancabr/status/1618645009473101825
Nelcia Nunes,@nunes_nelcia,https://twitter.com/nunes_nelcia/status/1618985037151744001,2023-01-27T14:51:26.000Z,E foi Golpe mesmo kkkkkk,1,0,0,https://twitter.com/lpbragancabr/status/1618645009473101825
claudia,@claudiacarval18,https://twitter.com/claudiacarval18/status/1618658491690024961,2023-01-26T17:13:52.000Z,Vai ser ótimo vai cair todos,0,0,1,https://twitter.com/lpbragancabr/status/1618645009473101825
Ricardo Stolf,@RicardoStolf,https://twitter.com/RicardoStolf/status/1618647147410522112,2023-01-26T16:28:47.000Z,"Uma ligação do @MichelTemer para alguns Senadores, tira Pacheco da Presidência do Senado com absoluta certeza. Temer é um gênio. Lula é uma besta.",8,3,23,https://twitter.com/lpbragancabr/status/1618645009473101825
®onaldo πoraes,@2Ronaldoomoraes,https://twitter.com/2Ronaldoomoraes/status/1618692326582517760,2023-01-26T19:28:19.000Z,"Dizer que as urnas são fraudadas é opinião, achar que um processo de impeachment foi um golpe político é crime? HAHAHAHAHAHAHAHAHA 

PARA QUE TS FEIO, VAI TRABALHAR QIE TU É PAGO PARA ISSO.",1,0,2,https://twitter.com/lpbragancabr/status/1618645009473101825
Antonio Fidelis,@CapitaoFidelis,https://twitter.com/CapitaoFidelis/status/1618757921374093312,2023-01-26T23:48:58.000Z,"O que diz disso, hein!",0,0,0,https://twitter.com/lpbragancabr/status/1618645009473101825
ASAHEL,@By_Asahel,https://twitter.com/By_Asahel/status/1618647450063110145,2023-01-26T16:29:59.000Z,Se o impeachment é constitucional então não é golpe!,12,0,10,https://twitter.com/lpbragancabr/status/1618645009473101825
Ana Cíntia,@AnaCintiaLemos,https://twitter.com/AnaCintiaLemos/status/1618898007675768833,2023-01-27T09:05:37.000Z,Este senhor se dá  ao direito de falar isso.. sem problema nenhum... pois ele conseguiu ser descondenado... na cabeça dele ele é tão inocente como o impeachment foi golpe...,0,0,0,https://twitter.com/lpbragancabr/status/1618645009473101825
Robson Scardini,@tintureiro1,https://twitter.com/tintureiro1/status/1618927086038814720,2023-01-27T11:01:10.000Z,"Lwla tem permissão do 5TF para atacar as instituições e a democracia. 
É o que diz a omissão do Supremo.",0,0,0,https://twitter.com/lpbragancabr/status/1618645009473101825
Aline Martins,@AlineHumbaline,https://twitter.com/AlineHumbaline/status/1618649562192965632,2023-01-26T16:38:23.000Z,E ninguém faz nada para impedir esse maluco de cometer tantas arbitrariedades!! Ficam só no Twitter!! Não adianta!! Tem que judicializar tudo!!,0,0,0,https://twitter.com/lpbragancabr/status/1618645009473101825
AlciKerber - Conservador,@AlciKerber,https://twitter.com/AlciKerber/status/1618907619082768384,2023-01-27T09:43:48.000Z,"Parece que o molusco anda ""cuspindo no prato onde comeu""",0,0,0,https://twitter.com/lpbragancabr/status/1618645009473101825
OLIVEIRA,@sargentooliver,https://twitter.com/sargentooliver/status/1618702184459440128,2023-01-26T20:07:29.000Z,Cadê o nosso Gestapo Xandão estás horas?,0,0,0,https://twitter.com/lpbragancabr/status/1618645009473101825
Sandro Orsini Silva,@SilvaOrsini,https://twitter.com/SilvaOrsini/status/1619674070009933830,2023-01-29T12:29:25.000Z,"Na minha singela opinião. A direita conservadora precisa aprender muito pra poder brigar de igual pra igual com a esquerda na guerra cultural. E hoje estamos muito em desvantagem, pois eles detém os meios de comunicação de massas !!!",0,0,0,https://twitter.com/lpbragancabr/status/1618645009473101825
Silviam,@thorell_silvia,https://twitter.com/thorell_silvia/status/1619504533318799360,2023-01-29T01:15:44.000Z,E agora???,0,0,0,https://twitter.com/lpbragancabr/status/1618645009473101825
Paulo César,@PauloCs30471038,https://twitter.com/PauloCs30471038/status/1618995722464165891,2023-01-27T15:33:54.000Z,E o xerifão não deve ter tomado conhecimento!,0,0,0,https://twitter.com/lpbragancabr/status/1618645009473101825
Reginaldo Palazzo,@Pqdpalazzo,https://twitter.com/Pqdpalazzo/status/1619299194120073216,2023-01-28T11:39:47.000Z,E eles ligam pra evidências?,0,0,0,https://twitter.com/lpbragancabr/status/1618645009473101825
elizeu dionisio,@elizeudionisi15,https://twitter.com/elizeudionisi15/status/1618928190067732481,2023-01-27T11:05:33.000Z,E a soltura dele foi o que além de um golpe?,0,0,0,https://twitter.com/lpbragancabr/status/1618645009473101825
Andrea Torres,@AndreaTYMV,https://twitter.com/AndreaTYMV/status/1618671465792180225,2023-01-26T18:05:25.000Z,"E você acha que esse povo tem brio? Acha que vão se ofender com isso? 

Só há ação se for algo proferido pelo Bolsonaro ou qualquer pessoa que lhe declare apoio. 
 Já ouviu falar em raça Ariana? Só para essa raça dava tudo certo! Não importa o quê.",0,2,3,https://twitter.com/lpbragancabr/status/1618645009473101825
José Wilson Dias,@JOSEWILSONDIAS2,https://twitter.com/JOSEWILSONDIAS2/status/1618996409625362432,2023-01-27T15:36:38.000Z,"É! Que Dilma errou, não há dúvidas. Agora, quanto ao Congresso e o Senado...",0,0,0,https://twitter.com/lpbragancabr/status/1618645009473101825
FORA ESQUERDA SUJA. esse Pais éd+,@alex_livre2,https://twitter.com/alex_livre2/status/1619041121941987328,2023-01-27T18:34:18.000Z,"Rumos inéditos em nossa política falida ,,
As cortinas caíram todas e a hipocrisia tomou conta de tudo e de todos ,,

Pqp que lástima ,",0,0,0,https://twitter.com/lpbragancabr/status/1618645009473101825
Cida,@ednahuera2,https://twitter.com/ednahuera2/status/1618917421016043520,2023-01-27T10:22:45.000Z,"Infelizmente vai ficar por isso mesmo, o Luladrao já comprou o congresso",0,0,0,https://twitter.com/lpbragancabr/status/1618645009473101825
Juarez Araújo,@juca708,https://twitter.com/juca708/status/1620030670360952833,2023-01-30T12:06:25.000Z,E vc realmente está preocupado com a divisão de votos feita pelo Girão? O momento da eleição para presidente do senado Federal é talvez mais importante do que esta enquetes medíocres. Acorda direita!!!,0,0,0,https://twitter.com/lpbragancabr/status/1618645009473101825
MPK_BR,@BR__MPK,https://twitter.com/BR__MPK/status/1618646408420298752,2023-01-26T16:25:51.000Z,"Com todo respeito, sabe o que falta nos parlamentares ? Hoje mais do que nunca esperamos além de palavras, ATITUDE ! E hoje o povo se sente órfão de LÍDERES, simplesmente por falta de atitude. Muito triste.",1,0,5,https://twitter.com/lpbragancabr/status/1618645009473101825
Brasileiro Nato,@flavengo_aguiar,https://twitter.com/flavengo_aguiar/status/1618678722961494018,2023-01-26T18:34:15.000Z,Foram golpistas @STF_oficial ?,0,0,0,https://twitter.com/lpbragancabr/status/1618645009473101825
M.S.M. - Conta reserva,@mari19992017,https://twitter.com/mari19992017/status/1618736895961481218,2023-01-26T22:25:25.000Z,O peixe morre pela boca..,0,0,0,https://twitter.com/lpbragancabr/status/1618645009473101825
Joselea Pimentel,@JoseleaPimentel,https://twitter.com/JoseleaPimentel/status/1618739710695993344,2023-01-26T22:36:36.000Z,Impeachment em lula já!! Está atirando para todos os lados!,0,0,0,https://twitter.com/lpbragancabr/status/1618645009473101825
Guile Duran,@DuranGuile80,https://twitter.com/DuranGuile80/status/1619070996979535872,2023-01-27T20:33:01.000Z,"Mas isso eles fazem desde a época , e não houve punição a eles gritando ""gorpi""",0,0,0,https://twitter.com/lpbragancabr/status/1618645009473101825
Zinha Hilma,@ZinhaDibai,https://twitter.com/ZinhaDibai/status/1618668305371529216,2023-01-26T17:52:52.000Z,"Fazer falk news a esquerda pode,  nada acontece.",0,0,0,https://twitter.com/lpbragancabr/status/1618645009473101825
Lélia Camargo,@Leliacamargo_,https://twitter.com/Leliacamargo_/status/1618736688452485120,2023-01-26T22:24:35.000Z,O senhor chamaria a atuação da corte de quê desde 2020?,0,0,0,https://twitter.com/lpbragancabr/status/1618645009473101825
Hernandez,@pindorama22,https://twitter.com/pindorama22/status/1618687493653790721,2023-01-26T19:09:06.000Z,"Tá ok. É verdade, vai acontecer O QUE? Como sempre, porra nenhuma. Próximo ✔️",0,0,0,https://twitter.com/lpbragancabr/status/1618645009473101825
PERDEU MANÉ,@MANESEMDENTE,https://twitter.com/MANESEMDENTE/status/1618645928495419393,2023-01-26T16:23:56.000Z,"Uai, já foi “negada” toda a evidência que o Barba roubou o país, negar o impeachment baseado na constituição é moleza",0,0,0,https://twitter.com/lpbragancabr/status/1618645009473101825
larápio americano,@SamiMartins64,https://twitter.com/SamiMartins64/status/1618683344354693123,2023-01-26T18:52:37.000Z,"Se foi GOLPE, Temer e o indicado dele para uma cadeira no STF são golpistas?🤔",0,0,0,https://twitter.com/lpbragancabr/status/1618645009473101825
Duras Verdades,@PROFMONTEIROll,https://twitter.com/PROFMONTEIROll/status/1618901418408304640,2023-01-27T09:19:10.000Z,"Os Ministros da Suprema Corte vão continuar em silêncio, fingindo que o Lule não fez uma declaração gravíssima, ao acusar o Congresso e o próprio Supremo de “Golpe de Estado”?🤔Até agora nenhuma declaração, notinha ou tuíte, nada.",1,12,36,https://twitter.com/lpbragancabr/status/1618645009473101825
Baschiera,@zebasc,https://twitter.com/zebasc/status/1618653074129817600,2023-01-26T16:52:20.000Z,"""A Dilma sofreu um golpe"" é a versão petista de ""as urnas foram fraudadas"".",3,0,12,https://twitter.com/lpbragancabr/status/1618645009473101825
Paulo Bueno,@pbbueno,https://twitter.com/pbbueno/status/1618799781744353282,2023-01-27T02:35:18.000Z,Então deputado vai ficar só nesse Tweet? Se fosse o Psol ou a Rede já tinha protocolado pede de impeachment e ação no STF. Vamos trabalhar deputado falar só não adianta.,1,1,14,https://twitter.com/lpbragancabr/status/1618645009473101825
"Paulo ✪: “eu vi o futuro baby, ele é passado”.",@paulopaulada39,https://twitter.com/paulopaulada39/status/1618721759196512256,2023-01-26T21:25:16.000Z,Aham,0,2,13,https://twitter.com/lpbragancabr/status/1618645009473101825
JOÃO SANCHES ADVOGADO,@joao2608sanches,https://twitter.com/joao2608sanches/status/1618706484602482688,2023-01-26T20:24:34.000Z,É grave agora? Ou já era grave? Ou você está com o estoque de argumento é de assunto no zero?,0,0,5,https://twitter.com/lpbragancabr/status/1618645009473101825
IMPARCIAL. SERÁ?,@catbcatb1,https://twitter.com/catbcatb1/status/1618663150362165248,2023-01-26T17:32:23.000Z,"Prova que foi golpe, foi justamente a anulação dos processos. Atualize-se.",1,0,20,https://twitter.com/lpbragancabr/status/1618645009473101825
Fabiano,@Fabiano_Comuna,https://twitter.com/Fabiano_Comuna/status/1618701698012430336,2023-01-26T20:05:33.000Z,"Vasta evidência só do seu oportunismo, O poder judiciário em todas as instâncias reconheceu que nada havia de irregular mas inspirações feitas.
Foi um golpe sim, e acostume a ouvir mais essa afirmação.",1,0,2,https://twitter.com/lpbragancabr/status/1618645009473101825
conselho do telar,@LeoCorleone25,https://twitter.com/LeoCorleone25/status/1619020962795753472,2023-01-27T17:14:12.000Z,O cidadão acha que faz parte de uma realeza que nem existe mais e acha que sabe alguma coisa de política.,1,0,1,https://twitter.com/lpbragancabr/status/1618645009473101825
Mara A. Araujo,@AraujoAudrea,https://twitter.com/AraujoAudrea/status/1618681345596874752,2023-01-26T18:44:41.000Z,Mas o STF ficará quietinho!! Esse país já está numa ditadura,0,0,0,https://twitter.com/lpbragancabr/status/1618645009473101825
,@jeovalfs,https://twitter.com/jeovalfs/status/1618837054980513792,2023-01-27T05:03:25.000Z,O que será que o STF vai fazer a respeito?,0,0,0,https://twitter.com/lpbragancabr/status/1618645009473101825
Lomba,@AndersonLomba7,https://twitter.com/AndersonLomba7/status/1618822280011993088,2023-01-27T04:04:42.000Z,"O Lula acredita que está acima da lei...também pudera, ele era o chefe de uma quadrilha que roubou muito e hoje com ajuda do STF e grande mídia voltou à Presidência. Depois de tantos crimes impunes, mais um aqui e ali não faz diferença",0,0,0,https://twitter.com/lpbragancabr/status/1618645009473101825
Fausto P. Cortes Jr,@FaustoPCortesJ1,https://twitter.com/FaustoPCortesJ1/status/1618650804285747202,2023-01-26T16:43:19.000Z,"Bom, agora a esquerda e a direita sabemos que o stf é golpista",0,0,0,https://twitter.com/lpbragancabr/status/1618645009473101825
Marli Drumond S.Silva,@drumondsales,https://twitter.com/drumondsales/status/1618788796618932225,2023-01-27T01:51:39.000Z,Pra quem tá  dizendo que ganhou as eleições e diz que é inocente vcs queriam o que,0,0,0,https://twitter.com/lpbragancabr/status/1618645009473101825
Walking man,@AdolfoL45424085,https://twitter.com/AdolfoL45424085/status/1618680530702340097,2023-01-26T18:41:26.000Z,"Se o que ele faz não tem consequências porque o que ele diz haveria de ter ?  Galhofa teatral ao estilo ""Didi Mocó Sonrisol Colesterol Novalgina"": ""Me segura senão eu bato nele"".",0,0,0,https://twitter.com/lpbragancabr/status/1618645009473101825
Cassia Vieira,@cassiavieira22,https://twitter.com/cassiavieira22/status/1618698480410849280,2023-01-26T19:52:46.000Z,"Deixa que diga, que pense, que fale. Não vai mudar nada.",0,0,0,https://twitter.com/lpbragancabr/status/1618645009473101825
Yelda Santana,@maria_yelda_,https://twitter.com/maria_yelda_/status/1618688053832458240,2023-01-26T19:11:20.000Z,#Congresso,0,0,0,https://twitter.com/lpbragancabr/status/1618645009473101825
Nilson Neves,@nilsonneves74,https://twitter.com/nilsonneves74/status/1618726407714250759,2023-01-26T21:43:44.000Z,"E o quê pode ser feito, Dep?
Pq eles podem dizer que foi golpe e nós não? Mesmo com todo tramite respeitado lá e nenhum agora?
A eleição foi ganha no grito e fica tudo por isso mesmo?
Foi roubado, mas td bem?
Como explicar isso para os nossos filhos?
Siga sua luta, LP! Parabens.",0,0,0,https://twitter.com/lpbragancabr/status/1618645009473101825
Ines@via,Ines@via,https://twitter.com/ines_viacava/status/1618726123445309440,2023-01-26T21:42:36.000Z,O lulu ta mais perdido q cego....e atirando sem saber o q quer atingir.,0,0,0,https://twitter.com/lpbragancabr/status/1618645009473101825
Guilherme Melo,@guillmelov,https://twitter.com/guillmelov/status/1618664095062061056,2023-01-26T17:36:08.000Z,Qual foi o crime? Cosplay de príncipe? Fica quietinho fica.,1,0,4,https://twitter.com/lpbragancabr/status/1618645009473101825
Só o Kimi faltava,@rodrigohitu,https://twitter.com/rodrigohitu/status/1618665938144096257,2023-01-26T17:43:27.000Z,"Que evidências foram apresentadas?
Pedalada fiscal?
Bolsonaro tb pedalou!
Sinto lhe dizer, mas foi um golpe mesmo.",1,0,9,https://twitter.com/lpbragancabr/status/1618645009473101825
Marxista.Blog,@BlogMarxista,https://twitter.com/BlogMarxista/status/1618908346798714881,2023-01-27T09:46:42.000Z,Que falta faz uma guilhotina.,0,0,1,https://twitter.com/lpbragancabr/status/1618645009473101825
Sandro Roberto Torres,@SandroRobertoT1,https://twitter.com/SandroRobertoT1/status/1618911430123847680,2023-01-27T09:58:57.000Z,"CALMA, GENTE, NÃO FOI GOLPE NÃO!!! AQUELE ÁUDIO DO ""GRANDE ACORDO NACIONAL, COM O SUPREMO, COM TUDO"" FOI APENAS UM DELÍRIO COLETIVO COMPARTILHADO ENTRE 210 MILHÕES DE BRASILEIROS!!! FOI TUDO APENAS FRUTO DA IMAGINAÇÃO DE TODO MUNDO AO MESMO TEMPO!!! 🇧🇷👍",0,0,2,https://twitter.com/lpbragancabr/status/1618645009473101825
☭ DIVINA COMÉDIA HUMANA ☭,@SolBarros2,https://twitter.com/SolBarros2/status/1618894413798973441,2023-01-27T08:51:20.000Z,"Quais evidências? Por favor relate uma por uma. Foi um golpe. Num grande acordo nacional, com o Supremo, com tudo.",0,0,1,https://twitter.com/lpbragancabr/status/1618645009473101825
Gabriel Vilela,@Gabriel33872170,https://twitter.com/Gabriel33872170/status/1618990423397244929,2023-01-27T15:12:50.000Z,"Deputado, votei no senhor nas duas últimas legislaturas. Peço encarecidamente que não dispute a presidência câmara. Não atrapalhe os acordos para a presidência do Senado, para a eleição de Marinho!",0,0,1,https://twitter.com/lpbragancabr/status/1618645009473101825
Lucia Guedes,@LuSp72,https://twitter.com/LuSp72/status/1618739242028654593,2023-01-26T22:34:44.000Z,"E porque não deixaram ela inelegível por 8 anos, como acontece quando tem impeachment?",1,0,1,https://twitter.com/lpbragancabr/status/1618645009473101825
Fernando Cardoso,@fernandoec18,https://twitter.com/fernandoec18/status/1619079580094189569,2023-01-27T21:07:07.000Z,"Golpe foi ter fatiado o processo, deixando plenos direitos políticos pra Dilmanta.",0,0,1,https://twitter.com/lpbragancabr/status/1618645009473101825
Rodolfo Patriota,@Rodolfo34319391,https://twitter.com/Rodolfo34319391/status/1618808138161074176,2023-01-27T03:08:30.000Z,"Corre aqui, Pinceso 👇👇👇👇Lembra do GRANDE ACORDO NACIONAL????",0,0,1,https://twitter.com/lpbragancabr/status/1618645009473101825
Carlos Furquim,@LCFurquim11,https://twitter.com/LCFurquim11/status/1618777043784859649,2023-01-27T01:04:57.000Z,"Mas cadê o ministro de todas as coisas?
Não se manifestou?
Há, supremo não se manifesta de ofício kkkk",0,0,1,https://twitter.com/lpbragancabr/status/1618645009473101825
carmen,@carmenquirino65,https://twitter.com/carmenquirino65/status/1619697033887227907,2023-01-29T14:00:40.000Z,"Golpe é ser nomeado presidente qdo há vasta evidências q ñ foi eleito pela maioria

Cá estamos golpeados e todos os dias sofremos glopes adicionais

Haja couro de jacaré pra aguentar",0,0,0,https://twitter.com/lpbragancabr/status/1618645009473101825
Sonia Netto,@SoniaNetto7,https://twitter.com/SoniaNetto7/status/1619414547538001920,2023-01-28T19:18:10.000Z,Mas já negaram os crimes da lava jato quando descondenaram quem vocês já sabem,0,0,0,https://twitter.com/lpbragancabr/status/1618645009473101825
sheila gomes bezerra,@sgbbezerra,https://twitter.com/sgbbezerra/status/1619384692570202115,2023-01-28T17:19:32.000Z,Por qual motivo AM esta calado até o momento  ?,0,0,0,https://twitter.com/lpbragancabr/status/1618645009473101825
Paulo Freires,@esmaelpaulo,https://twitter.com/esmaelpaulo/status/1618743097726484484,2023-01-26T22:50:03.000Z,"Pequeno gafanhoto, não houve crime, aliás Dilma Rousseff foi absolvida das acusações que levaram ao impeachemant.

Ora se não tem crime, o impeachemant foi político, logo foi Golpe!!!

Se precisar eu desenho.",3,6,75,https://twitter.com/lpbragancabr/status/1618645009473101825
Luciana Fernandes,@Luciana60075696,https://twitter.com/Luciana60075696/status/1618646170208976898,2023-01-26T16:24:54.000Z,"Sinceramente,  não consigo entender esse eleitores do PT. Um partido criminoso, que só pensa nos hermanos,  enquanto poderia levar o Brasil para o primeiro mundo. Acreditam cegamente em qualquer mentira contada por eles.",2,0,1,https://twitter.com/lpbragancabr/status/1618645009473101825
Irineu Amarins,@irineuamarins,https://twitter.com/irineuamarins/status/1618842158664126464,2023-01-27T05:23:41.000Z,De quais evidências estamos falando?,3,0,0,https://twitter.com/lpbragancabr/status/1618645009473101825
amira,@amira29678729,https://twitter.com/amira29678729/status/1618955313557929984,2023-01-27T12:53:20.000Z,E tudo golpe do Lula todo o mundo fala disso ele carrega o nosso dinheiro pro os amigos,0,0,0,https://twitter.com/lpbragancabr/status/1618645009473101825
O. Palhares,@o_palhares_,https://twitter.com/o_palhares_/status/1618952496629817344,2023-01-27T12:42:08.000Z,Faltou,0,0,0,https://twitter.com/lpbragancabr/status/1618645009473101825
Bel de Tulio,@BelTulio,https://twitter.com/BelTulio/status/1618959749344817154,2023-01-27T13:10:57.000Z,#ImpeachmentLula,0,0,0,https://twitter.com/lpbragancabr/status/1618645009473101825
Gentil Mayca,@MaycaGentil,https://twitter.com/MaycaGentil/status/1618648070266425345,2023-01-26T16:32:27.000Z,"Pois então,como ficamos?
Destruíram a honra deste País!
Lamentável!",0,0,1,https://twitter.com/lpbragancabr/status/1618645009473101825
Wagner Luis Felix,@WagnerLuisFelix,https://twitter.com/WagnerLuisFelix/status/1618645693618601984,2023-01-26T16:23:00.000Z,"O que o Congresso fará, caro deputado?",1,0,1,https://twitter.com/lpbragancabr/status/1618645009473101825
gustavo,@GutoCastello,https://twitter.com/GutoCastello/status/1618759764254806017,2023-01-26T23:56:17.000Z,Acho grave é chamar você de príncipe em um país republicano.,0,0,0,https://twitter.com/lpbragancabr/status/1618645009473101825
tjf,@flamengo3105,https://twitter.com/flamengo3105/status/1618691783998980096,2023-01-26T19:26:09.000Z,"Vc diz uma coisa e o Temer numa entrevista falou isso aí.... fiquei confuso, completamente confuso..",1,3,23,https://twitter.com/lpbragancabr/status/1618645009473101825
Francisco Avner,@franciscoavner,https://twitter.com/franciscoavner/status/1618693725546491904,2023-01-26T19:33:52.000Z,"Ou, meu rei, foi golpe",0,0,0,https://twitter.com/lpbragancabr/status/1618645009473101825
@AsommelierR,@AsommelierR,https://twitter.com/DdemolidorR/status/1618689307245678592,2023-01-26T19:16:19.000Z,"Mas a Constituição foi rasgada ao manterem os privilégios políticos dela, Dilma!",1,0,2,https://twitter.com/lpbragancabr/status/1618645009473101825
MARCO AURÉLIO,@MARKOPHER_,https://twitter.com/MARKOPHER_/status/1618755867691872256,2023-01-26T23:40:48.000Z,"Meu prezado, na atual conjuntura, o certo ou errado vai da cabeça careca de um certo senhor ai, que se autoproclamou ditador supremo do país. Nos resta aceitar e acatar calados, pois perdemos nossa VOZ, DIREITO, ESPERANÇA, FÉ, dentre outras coisas mais ...",0,0,0,https://twitter.com/lpbragancabr/status/1618645009473101825
rochamarco,@rochamarco2,https://twitter.com/rochamarco2/status/1618754095204139013,2023-01-26T23:33:45.000Z,Quem te perguntou?,0,0,0,https://twitter.com/lpbragancabr/status/1618645009473101825
Rafael,@Rafaeelcardozoo,https://twitter.com/Rafaeelcardozoo/status/1618653046359339008,2023-01-26T16:52:14.000Z,Ninguém vai fazer porra nenhuma mesmo.....,0,0,0,https://twitter.com/lpbragancabr/status/1618645009473101825
Monica,@MonicaLndnr,https://twitter.com/MonicaLndnr/status/1618685175050956800,2023-01-26T18:59:54.000Z,Análise o que é mais ou menos grave nisso tudo?! Quem chama o processo de golpe tem moral para isso ou apenas “surfa” na onde imputada pelo seu STF/STE. Pra mim é o dito pelo “maldito”,0,0,0,https://twitter.com/lpbragancabr/status/1618645009473101825
Rodrigo Conceicao,@Rodrigo46385057,https://twitter.com/Rodrigo46385057/status/1618704512436572160,2023-01-26T20:16:44.000Z,"Se foi golpe ou não, eu não sei dizer!
Como presidente ruim demais Deus me livre,deuxa ela quietinha lá já passou tá tudo certo!",0,0,0,https://twitter.com/lpbragancabr/status/1618645009473101825
Ursal_debochado,@Ursal_debochado,https://twitter.com/Ursal_debochado/status/1618795592452554757,2023-01-27T02:18:39.000Z,Foi muito golpe e jogou o país nas trevas. Ah? Não sou petista.,0,0,4,https://twitter.com/lpbragancabr/status/1618645009473101825
Yuri Givago,@GivagoYuri,https://twitter.com/GivagoYuri/status/1618651594295496705,2023-01-26T16:46:27.000Z,"Hum, se foi golpe, o que isso diz sobre o Ministro  do Supremo que foi escolhido para tanto há época?",1,0,2,https://twitter.com/lpbragancabr/status/1618645009473101825
Paulo Pereira,@PAULOPE47367814,https://twitter.com/PAULOPE47367814/status/1618768291568431105,2023-01-27T00:30:10.000Z,foram golpistas! e isso depois da Dilma ser inocentada das pedaladas fica mais evidente!,0,0,4,https://twitter.com/lpbragancabr/status/1618645009473101825
Mauricio Machado™,@Mr_Machado,https://twitter.com/Mr_Machado/status/1618936752022106112,2023-01-27T11:39:34.000Z,Vai estudar!,0,0,3,https://twitter.com/lpbragancabr/status/1618645009473101825
ÂndriaPadilha,@padilha_andria,https://twitter.com/padilha_andria/status/1618767268372185089,2023-01-27T00:26:06.000Z,Além do golpe que navios são esses nós visitando?,0,1,1,https://twitter.com/lpbragancabr/status/1618645009473101825
SandraBarros,@sbarrosbarros,https://twitter.com/sbarrosbarros/status/1618667285987876864,2023-01-26T17:48:49.000Z,"Ô princeso da shopee, até o vampirão declarou que foi golpe. Então, qual é sua dúvida?",0,0,58,https://twitter.com/lpbragancabr/status/1618645009473101825
DRAKOS,@Drakos_EJuices,https://twitter.com/Drakos_EJuices/status/1618673635719512071,2023-01-26T18:14:02.000Z,Gravíssimo!,0,3,5,https://twitter.com/lpbragancabr/status/1618645009473101825
Luiz CALDANI 13,@caldani_luiz,https://twitter.com/caldani_luiz/status/1618772848478392321,2023-01-27T00:48:17.000Z,"FOI GOLPE SIM. 
FOI GOLPE SIM. 
FOI GOLPE SIM. 
FOI GOLPE SIM.",0,2,22,https://twitter.com/lpbragancabr/status/1618645009473101825
marta teresa giusti,@giustinha,https://twitter.com/giustinha/status/1619434569161113600,2023-01-28T20:37:43.000Z,E aí Príncipe o q está fazendo p os patriotas presos??Visitando-Os...ajudando Os???,0,0,0,https://twitter.com/lpbragancabr/status/1618645009473101825
Geomar André Bender,@geomarbender,https://twitter.com/geomarbender/status/1622714788882120723,2023-02-06T21:52:08.000Z,STF não conduz processo de impeachment do Presidente.  Vai estudar um pouquinho.,0,0,0,https://twitter.com/lpbragancabr/status/1618645009473101825
Andre Santana,@AndreLFSantana,https://twitter.com/AndreLFSantana/status/1618690784697667585,2023-01-26T19:22:11.000Z,"Deputado, faça a denuncia ao STF, pelo amor do Brasil!
Não esquece, eles amam a frase ""atentado (*) contra as instituições e o estado democrático de direito!
(*) atroz, dilacerante, ofensivo, vexatório, descabido!",0,0,1,https://twitter.com/lpbragancabr/status/1618645009473101825
Léo Melo,@Leo_Melo80,https://twitter.com/Leo_Melo80/status/1618906642174869506,2023-01-27T09:39:55.000Z,🚨@LulaOficial Pode dizer q impeachment foi golpe? 🤡Muitos jornalistas como @Rconstantino e o ex presidente JB não podem dizer q 🦑é “DESCONDENADO”? @SenadoFederal PF ajudem a reorganizar a NAÇÃO!,0,0,1,https://twitter.com/lpbragancabr/status/1618645009473101825
Vitor Francisco Ferreira,@Vitor34803480,https://twitter.com/Vitor34803480/status/1619087759217655808,2023-01-27T21:39:37.000Z,Foi um grande golpe. Armação imperador das ilhas cagarras.,0,0,0,https://twitter.com/lpbragancabr/status/1618645009473101825
Edson Coelho,@Edsoncoelho1963,https://twitter.com/Edsoncoelho1963/status/1619110876149317632,2023-01-27T23:11:29.000Z,Golpe com leniência do @STF_oficial ? E o @STF_oficial não se manifesta?,0,0,0,https://twitter.com/lpbragancabr/status/1618645009473101825
ANANIAS RA:07331220862-9,@AnaniasJailson,https://twitter.com/AnaniasJailson/status/1619381197079203840,2023-01-28T17:05:38.000Z,DENÚNCIA,0,0,0,https://twitter.com/lpbragancabr/status/1618645009473101825
MARCIA MEGDA,@marcia_megda,https://twitter.com/marcia_megda/status/1619425157273243650,2023-01-28T20:00:19.000Z,O que os deputados podem fazer a respeito? Podem acionar o STF?,0,0,0,https://twitter.com/lpbragancabr/status/1618645009473101825
dannielll,@traucz,https://twitter.com/traucz/status/1618702389799956481,2023-01-26T20:08:18.000Z,"certo, então existiu msm crime(s) que levou e justificou o impeachment? quais?",0,0,1,https://twitter.com/lpbragancabr/status/1618645009473101825
Mandrake,@Mandrake1276,https://twitter.com/Mandrake1276/status/1619463043179753474,2023-01-28T22:30:52.000Z,"A questão não é afirmar, senhor. 
Lula é Lula.
Qual magica vai usar para escapar do crime?",0,0,0,https://twitter.com/lpbragancabr/status/1618645009473101825
Eli moreiravl07,@moreiravl07,https://twitter.com/moreiravl07/status/1620028957008740352,2023-01-30T11:59:36.000Z,Parabéns pela postura nobre Deputado.,0,0,0,https://twitter.com/lpbragancabr/status/1618645009473101825
pedrospar,@pedrosparente,https://twitter.com/pedrosparente/status/1619101697607090181,2023-01-27T22:35:00.000Z,"Ei mane, o mérito da questão foi julgado depois de alguns anos e o processo foi engavetado. Foi um julgamento político. Infelizmente o congresso possui esse instrumento legal de se se juntar e inventar uma coisa, faz um impedimento. Essa é a lei. Mas o mérito não teve julgamento",0,0,0,https://twitter.com/lpbragancabr/status/1618645009473101825
André Alcântara,@AndrAlc22946862,https://twitter.com/AndrAlc22946862/status/1618646084250927106,2023-01-26T16:24:34.000Z,Vindo de quem foi julgado e condenado e num passe de “mágica” foi “descondenado” e hj ocupa o mais alto cargo eletivo conquistado numa eleição parcial por parte das mais alta cortes e sem a materialidade do voto não é de se estranhar!,1,0,15,https://twitter.com/lpbragancabr/status/1618645009473101825
Bored Sato,@BoredSato,https://twitter.com/BoredSato/status/1618649244675747840,2023-01-26T16:37:07.000Z,Quando irão peticionar o impeachment do Dilmo por crime de responsabilidade e atentado às instituiçoes democraticas de direito?,1,0,6,https://twitter.com/lpbragancabr/status/1618645009473101825
Francisco Sá,@fransah11,https://twitter.com/fransah11/status/1618657522017255424,2023-01-26T17:10:01.000Z,"Trabalhar nunca quis, vossa alteza?",0,0,5,https://twitter.com/lpbragancabr/status/1618645009473101825
SERGIO BELLAZZI,@SBBARRA,https://twitter.com/SBBARRA/status/1618658614809600001,2023-01-26T17:14:21.000Z,"Lularápio e todos os parlamentares petistas podem afirmar que o Impeachment Constitucional da Dilma foi UM GOLPE DE ESTADO sem serem presos pelos Min do STF (no mais das vezes nomeados por Luladrão), mas ninguém pode duvidar das Urnas Eletrônicas Inauditáveis sob pena de........",0,3,13,https://twitter.com/lpbragancabr/status/1618645009473101825
Ronei,@S0542Ts,https://twitter.com/S0542Ts/status/1618659293334740994,2023-01-26T17:17:03.000Z,O único golpe que teve no impeachment da anta foi Lewandowski manter seus direitos políticos!,2,0,2,https://twitter.com/lpbragancabr/status/1618645009473101825
Jaalbertogonçalo,@JoaoAlbeG,https://twitter.com/JoaoAlbeG/status/1618699040769855488,2023-01-26T19:54:59.000Z,Hipocrisia! Dilma foi inocentada. Foi Golpe! O golpe de 2016 e quase tivemos o golpe de 2022!,0,0,19,https://twitter.com/lpbragancabr/status/1618645009473101825
O PROVOCADOR,@TangoFox45,https://twitter.com/TangoFox45/status/1618896157811539969,2023-01-27T08:58:16.000Z,"Soltar um condenado da cadeia e o colocar na cadeira presidencial não é mais grave q isso?....se puderam fazer isso, falar isso sobre a Anta é fichinha, aliás até Marcola já está em Brasília para ficar perto dos ""políticos""",0,1,3,https://twitter.com/lpbragancabr/status/1618645009473101825
Landi ☭ Poder Popular e Socialismo ☭,@CamaradaLandi,https://twitter.com/CamaradaLandi/status/1618653128571883520,2023-01-26T16:52:33.000Z,"Não é a mesma coisa que vocês afirmam hoje dessas mesmas instituições, seu salafrário de segunda categoria?",0,0,40,https://twitter.com/lpbragancabr/status/1618645009473101825
Rose Betania,@Rose66590441,https://twitter.com/Rose66590441/status/1618654877068173313,2023-01-26T16:59:30.000Z,"Engraçado o molusco estar com essa narrativa agora, porque ele não esbravejou antes. Está se sentindo o todo poderoso porque sabe que o STF não vai fazer nada. E agora Alexandre? Vai dar quantos dias para as provas do golpe serem apresentadas?",0,0,2,https://twitter.com/lpbragancabr/status/1618645009473101825
Daniel Vasconcelos,@danontuba2,https://twitter.com/danontuba2/status/1618656399780876288,2023-01-26T17:05:33.000Z,E que a administração de Temer foi ilegítima....inclusive a nomeação de Moraes,0,0,2,https://twitter.com/lpbragancabr/status/1618645009473101825
Marcos Lopes,@MarcosCallweb,https://twitter.com/MarcosCallweb/status/1618674723864576001,2023-01-26T18:18:22.000Z,Deixa de besteira. Foi um golpe e todos sabem disso.,1,0,0,https://twitter.com/lpbragancabr/status/1618645009473101825
Arrbeth,@BethArr,https://twitter.com/BethArr/status/1618675180162924545,2023-01-26T18:20:11.000Z,Golpe foi a fr@ude nas urn@as em 2022.,0,0,1,https://twitter.com/lpbragancabr/status/1618645009473101825
Vitor Seabra,@vitorssbc,https://twitter.com/vitorssbc/status/1618677677132750848,2023-01-26T18:30:06.000Z,"Sim, foram.",0,0,1,https://twitter.com/lpbragancabr/status/1618645009473101825
Rafael Trindade,@rafaa_trindade,https://twitter.com/rafaa_trindade/status/1618679181713489920,2023-01-26T18:36:05.000Z,“Vasta evidência” tão vasta que logo depois a Dilma foi totalmente inocentada,0,0,1,https://twitter.com/lpbragancabr/status/1618645009473101825
#ForaRueda,@layon_richard,https://twitter.com/layon_richard/status/1618682456424726528,2023-01-26T18:49:05.000Z,"Vastas evidências = pedalada fiscal
A mesma que foi aprovada 2 dias depois do impeachment.",0,0,1,https://twitter.com/lpbragancabr/status/1618645009473101825
Direito&Avesso,@munhollo,https://twitter.com/munhollo/status/1618683742742282240,2023-01-26T18:54:12.000Z,Evidências de que nesse país uma mulher não é aceita como presidente e acaba perdendo o mandato por “pedaladas” fiscais que os governos seguintes repetem sem nenhuma censura e a conivência das demais instituições?,0,0,4,https://twitter.com/lpbragancabr/status/1618645009473101825
Sherlock Holmes,@sherlock_spfc,https://twitter.com/sherlock_spfc/status/1618687355254345728,2023-01-26T19:08:33.000Z,"Deputado, oficie um pedido de explicações oficial ao @STF_oficial com uma manifestação oficial do tribunal a respeito do assunto. Até porque eles consideram fakenews crime.",0,0,1,https://twitter.com/lpbragancabr/status/1618645009473101825
Jo BR,@JolianeBR,https://twitter.com/JolianeBR/status/1618657333185507328,2023-01-26T17:09:16.000Z,O fará o STF a respeito??? Será imparcial?,0,0,1,https://twitter.com/lpbragancabr/status/1618645009473101825
Rubens Alves Taveira,@rubens_taveira,https://twitter.com/rubens_taveira/status/1618901383226490880,2023-01-27T09:19:02.000Z,Quem fala isso é contra as instituições democráticas.,0,0,0,https://twitter.com/lpbragancabr/status/1618645009473101825
Ferdinando,@FerdinandoMozer,https://twitter.com/FerdinandoMozer/status/1618973870568112129,2023-01-27T14:07:04.000Z,"No dia 22 de dezembro de 2022 a CMO do senado aprovou as contas do governo Dilma. As ""pedaladas fiscais"" foram uma invenção dos golpistas da época! Foi GOLPE, sim, com o congresso e tudo!",0,0,0,https://twitter.com/lpbragancabr/status/1618645009473101825
Soeli Schmitt Gallina,@SoeliGallina,https://twitter.com/SoeliGallina/status/1618976425645854720,2023-01-27T14:17:13.000Z,Kkkkkkk,0,0,0,https://twitter.com/lpbragancabr/status/1618645009473101825
Edir Ponce,@EdirPonce,https://twitter.com/EdirPonce/status/1618999445198344192,2023-01-27T15:48:41.000Z,Penso o mesmo.,0,0,0,https://twitter.com/lpbragancabr/status/1618645009473101825
Nilza alchieri rosatto melo nilza,@RosattoMelo,https://twitter.com/RosattoMelo/status/1619019938819371010,2023-01-27T17:10:08.000Z,E foram de fato,0,0,0,https://twitter.com/lpbragancabr/status/1618645009473101825
Bordin Vânia 22- #RespeitemOPresidente22,@BordinVania,https://twitter.com/BordinVania/status/1619056119359631360,2023-01-27T19:33:54.000Z,Para em enganar nós por favor. chega,0,0,0,https://twitter.com/lpbragancabr/status/1618645009473101825
Edna maria Maranhao,@edna_maranhao,https://twitter.com/edna_maranhao/status/1620651432608432128,2023-02-01T05:13:06.000Z,"Depois que ele concorreu e foi colocado no Planalto, ele pode dizer o que quiser.  É o fim da Democracia no Brasíl",0,0,0,https://twitter.com/lpbragancabr/status/1618645009473101825
MAG,@philophotos,https://twitter.com/philophotos/status/1618758044602757121,2023-01-26T23:49:27.000Z,Que vergonha de relato pseudo-histórico que se apóia em falsas evidências contra evidências de fato.,1,0,0,https://twitter.com/lpbragancabr/status/1618645009473101825
Rezende,@ElcerRezende,https://twitter.com/ElcerRezende/status/1618654372350808068,2023-01-26T16:57:30.000Z,E o qual providência legal Vossa Alteza Real tomará contra o descondenado empossado?,0,0,1,https://twitter.com/lpbragancabr/status/1618645009473101825
Nelson Chlad,@nelson_chlad,https://twitter.com/nelson_chlad/status/1618657622030426112,2023-01-26T17:10:24.000Z,#PachecoNão,0,0,1,https://twitter.com/lpbragancabr/status/1618645009473101825
Conservador,@RAMONEMBC,https://twitter.com/RAMONEMBC/status/1618667663492018178,2023-01-26T17:50:19.000Z,Impeachment já!!!!,0,0,1,https://twitter.com/lpbragancabr/status/1618645009473101825
Fabricio Palmarini Cabrera,@FabricioPalmar1,https://twitter.com/FabricioPalmar1/status/1618692726438105093,2023-01-26T19:29:54.000Z,Atentado contra a democracia não é terrorismo?,0,0,1,https://twitter.com/lpbragancabr/status/1618645009473101825
Finho Casado e Vacinado (2x),@michellkruz,https://twitter.com/michellkruz/status/1618708106795679744,2023-01-26T20:31:01.000Z,"Para estancar a sangria. Um grande acordo nacional. Com o supremo, com tudo.",0,0,1,https://twitter.com/lpbragancabr/status/1618645009473101825
Claudio,@Claudiowolf1968,https://twitter.com/Claudiowolf1968/status/1618914344326299649,2023-01-27T10:10:32.000Z,Mas olha quem tá falando!,0,0,1,https://twitter.com/lpbragancabr/status/1618645009473101825
Rogerio Neuwald,@rogeriomfm,https://twitter.com/rogeriomfm/status/1618963010852384768,2023-01-27T13:23:55.000Z,"Vcs não aprenderam  o que é golpe?  Desde 1889, acontece no Brasil com apoio de imprensa, militares e organizações civis. Estão com memória fraca ou faltou essa aula de história?",0,0,1,https://twitter.com/lpbragancabr/status/1618645009473101825
bruno,@alvescau,https://twitter.com/alvescau/status/1618996308760760320,2023-01-27T15:36:14.000Z,Quais ???,0,0,0,https://twitter.com/lpbragancabr/status/1618645009473101825
Apolonia,@Apoloni00016480,https://twitter.com/Apoloni00016480/status/1619109486978818049,2023-01-27T23:05:57.000Z,"Se o Congresso é golpista, não sei mas, o STF, tenho certeza!",0,0,0,https://twitter.com/lpbragancabr/status/1618645009473101825
Eliane,@moureuk,https://twitter.com/moureuk/status/1619624941456068609,2023-01-29T09:14:11.000Z,Aiai! Pequeno gafanhoto!,0,0,0,https://twitter.com/lpbragancabr/status/1618645009473101825
Renato de Paula,@RenatoPaula,https://twitter.com/RenatoPaula/status/1618709183297359873,2023-01-26T20:35:18.000Z,Evidências que confirmam que foi golpe.,0,0,0,https://twitter.com/lpbragancabr/status/1618645009473101825
Regina Pinho,@ReginaPinho5,https://twitter.com/ReginaPinho5/status/1618801264581820416,2023-01-27T02:41:12.000Z,É fato.,0,0,0,https://twitter.com/lpbragancabr/status/1618645009473101825
Nivagon,@nivaldogon64,https://twitter.com/nivaldogon64/status/1618714202692292608,2023-01-26T20:55:14.000Z,"Eu já sabia .., mas e daí????",0,0,0,https://twitter.com/lpbragancabr/status/1618645009473101825
Glauco Correia Sousa,@Glauco_C_Sousa,https://twitter.com/Glauco_C_Sousa/status/1618767544441262080,2023-01-27T00:27:12.000Z,Seu tataravô tomou um golpe. Alguém na república reconhece isso? É crime dizer que os militares fabricaram vários golpes na história do Brasil? E você apoiou essa última tentativa.,0,0,0,https://twitter.com/lpbragancabr/status/1618645009473101825
Clemilson Soares,@ClemilsonSoare5,https://twitter.com/ClemilsonSoare5/status/1618670278909001729,2023-01-26T18:00:42.000Z,"Impeachment nesse Marginal, Dep. Luiz",0,0,0,https://twitter.com/lpbragancabr/status/1618645009473101825
Silvia Costa .....,@silvia_cst,https://twitter.com/silvia_cst/status/1618750735747022849,2023-01-26T23:20:24.000Z,Mas o STF a absolveu.,0,0,0,https://twitter.com/lpbragancabr/status/1618645009473101825
Mauricio Bueno,@Maurici06335132,https://twitter.com/Maurici06335132/status/1618646518860484608,2023-01-26T16:26:17.000Z,O que será feito da sua parte e da parte do congresso deputado ?,0,0,0,https://twitter.com/lpbragancabr/status/1618645009473101825
Miriam de Souza Dantas,@MiriamSouzaDant,https://twitter.com/MiriamSouzaDant/status/1618682478268674048,2023-01-26T18:49:11.000Z,"Golpes brandos, a nova tendência na América Latina - Revista Consciência
5 DE SETEMBRO DE 2016",0,0,0,https://twitter.com/lpbragancabr/status/1618645009473101825
Miriam de Souza Dantas,@MiriamSouzaDant,https://twitter.com/MiriamSouzaDant/status/1618682558304382976,2023-01-26T18:49:30.000Z,Já leu Guerra Híbrida?,0,0,0,https://twitter.com/lpbragancabr/status/1618645009473101825
Maria Odete Margiotto,@m_margiotto,https://twitter.com/m_margiotto/status/1618719552120193025,2023-01-26T21:16:30.000Z,Concordo plenamente meu voto não perdi,0,0,0,https://twitter.com/lpbragancabr/status/1618645009473101825
Alan Keller de 77,@alankeller77,https://twitter.com/alankeller77/status/1618987269976907776,2023-01-27T15:00:19.000Z,"São pessoas q pensam como vc q tiraram sua família do trono imperial brasileiro.
Pare de passar vergonha.",0,0,0,https://twitter.com/lpbragancabr/status/1618645009473101825
Martins Martins,@WsmMartins,https://twitter.com/WsmMartins/status/1618906497840463872,2023-01-27T09:39:21.000Z,"O AI5 foi ratificado por todas essas instituições, foi golpe ou não?",0,0,0,https://twitter.com/lpbragancabr/status/1618645009473101825
renato_furmiga@hotmail.com,renato_furmiga@hotmail.com,https://twitter.com/FurmigaRenato/status/1618932202737385472,2023-01-27T11:21:30.000Z,Não vira nada o STF é uma sucursal do lula ali agora eles passam pano se fosse o Bolsonaro já era motivo pra uma CPI,0,0,0,https://twitter.com/lpbragancabr/status/1618645009473101825
Ani Ramalho,@RamalhoAni,https://twitter.com/RamalhoAni/status/1618933264143745025,2023-01-27T11:25:43.000Z,"A voz de vocês está circulando somente na nossa bolha.
É preciso ter estratégia para sair efetivamente da bolha como fez a esquerda com os Faria Lovers.",0,0,0,https://twitter.com/lpbragancabr/status/1618645009473101825
Águia Dourada,@SimoneA40626669,https://twitter.com/SimoneA40626669/status/1618934646754131970,2023-01-27T11:31:12.000Z,O que adianta? E a vasta provas que o lula é corrupto e mesmo assim ele tá onde hoje? Eu acho que é por isso que o lula da essas declarações hoje!,0,0,0,https://twitter.com/lpbragancabr/status/1618645009473101825
Eduardo da Cruz,@carledu79,https://twitter.com/carledu79/status/1618935658965499904,2023-01-27T11:35:14.000Z,A República foi um golpe?,0,0,0,https://twitter.com/lpbragancabr/status/1618645009473101825
Aloizio Ripke,@AloizioRipke,https://twitter.com/AloizioRipke/status/1618937975894847489,2023-01-27T11:44:26.000Z,"Mais grave do que tornar um presidiário elegível não é, e fizeram! Mais grave do que tomar o poder em uma eleição cheia de dúvidas não é, e fizeram! Mais grave que novamente mandar nosso dinheiro pra outros países não é, e não só fizeram, como farão novamente, aguarde!",0,0,0,https://twitter.com/lpbragancabr/status/1618645009473101825
Marc,@Mrc_NVG,https://twitter.com/Mrc_NVG/status/1618940188176306176,2023-01-27T11:53:13.000Z,Estamos esperando que o STF aja. Espero que sejam tão rápidos quanto são nos outros,0,0,0,https://twitter.com/lpbragancabr/status/1618645009473101825
escola paraense de medicina,@bruneconunes,https://twitter.com/bruneconunes/status/1618940869280927745,2023-01-27T11:55:56.000Z,Mas foram golpistas ué,0,0,0,https://twitter.com/lpbragancabr/status/1618645009473101825
Luiz Oliveira,@LuizOli10274680,https://twitter.com/LuizOli10274680/status/1618940908371841024,2023-01-27T11:56:05.000Z,"Se o Nine fala mentira, não é punido se Falamos a Verdade perdemos o direito. Deus vai fazer Justiça e não vai tardar, pois ele ama o Brasil. Deus acima de todos. Quem eles pensam que são?",0,0,0,https://twitter.com/lpbragancabr/status/1618645009473101825
