nome,usuario,idTweet,dataPublicacao,texto,replies,retweets,likes,tweetPai
Davidson Lima,@DavidsonLiima,https://twitter.com/DavidsonLiima/status/1618322491017170945,2023-01-25T18:58:43.000Z,Essa Novela termina até  março?,0,0,0,https://twitter.com/carmen_zanotto/status/1618238795924766720
Maezio Lucena,@LucenaMaezio,https://twitter.com/LucenaMaezio/status/1618413483380592641,2023-01-26T01:00:17.000Z,"A enfermagem brasileira continua firme na luta pela dignidade salarial... O governo @LulaOficial fará justiça, e garantirá o piso nacional da enfermagem através da ministra @nisia_trindade 🙌🙏 @Cofen_oficial",0,0,0,https://twitter.com/carmen_zanotto/status/1618238795924766720
Cabbalo Uruguaio © compre Arroz Prato Fino,@zimbabue_xasque,https://twitter.com/zimbabue_xasque/status/1618278787048960001,2023-01-25T16:05:03.000Z,"Deixem de mentir 
Esse piso nunca sairá do papel",0,0,1,https://twitter.com/carmen_zanotto/status/1618238795924766720
Liu,@lmouraso,https://twitter.com/lmouraso/status/1621924591294713858,2023-02-04T17:32:11.000Z,"Acabou! A esperança se foi e o STF acabou aprovando a lei do piso e assim tera mais dinheiro pra seus altos salários, a enfermagem que se acabe!",0,0,0,https://twitter.com/carmen_zanotto/status/1618238795924766720
Claudia Guedes,@docente_cg,https://twitter.com/docente_cg/status/1618254006220132354,2023-01-25T14:26:35.000Z,"@carmen_zanotto, obrigada pela sua dedicação! #pisodaenfermagemnocontracheque",0,0,0,https://twitter.com/carmen_zanotto/status/1618238795924766720
