nome,usuario,idTweet,dataPublicacao,texto,replies,retweets,likes,tweetPai
Evandro Boff,@evandro_boff,https://twitter.com/evandro_boff/status/1628209225301168128,2023-02-22T01:45:04.000Z,"Deputado, alguma justificativa REPUBLICANA pro senhor não ter assinado a CPMI do 08/01?",0,0,2,https://twitter.com/MarcoBertaiolli/status/1618783946610970624
Dri,@DriicaaMR,https://twitter.com/DriicaaMR/status/1620353029529808898,2023-01-31T09:27:21.000Z,"Deputado, o senhor acredita que exista alguma chance este ano de aprovação do projeto q corrige o teto do Simples Nacional? Seria sensacional e necessário!",0,0,1,https://twitter.com/MarcoBertaiolli/status/1618783946610970624
Edith Rodrigues,@EdithRo04117928,https://twitter.com/EdithRo04117928/status/1626420655666126848,2023-02-17T03:17:56.000Z,"Boa noite 
Sou moradora de Guararema  vizinha  cidade de Mogi 
Vi q senhor estz apoiando nosso 
Governador  . PEÇO  AO SENHOR DEPUTADO experiente  político 
Assinar lista  da cpmi  precisamos saber oq aconteceu  no diz 8/1
Agradecida",0,0,1,https://twitter.com/MarcoBertaiolli/status/1618783946610970624
Mateus Robô,@MATEUSCUSATIS,https://twitter.com/MATEUSCUSATIS/status/1620357621432848384,2023-01-31T09:45:36.000Z,"Bom dia Deputado. 
Aqui Mateus Cusatis de Mogi das Cruzes. 
Os senadores do seu partido não votarão no Pachecú . Certo?",0,0,1,https://twitter.com/MarcoBertaiolli/status/1618783946610970624
B3L,@bebell_sp,https://twitter.com/bebell_sp/status/1626167990583427072,2023-02-16T10:33:56.000Z,Deputado estou no aguardo da sua assinatura para a CPMI do dia 8 de janeiro,0,0,1,https://twitter.com/MarcoBertaiolli/status/1618783946610970624
B3L,@bebell_sp,https://twitter.com/bebell_sp/status/1626168726323179524,2023-02-16T10:36:51.000Z,"Deputado espero seu apoio em esclarecer tudo sobre o dia 8 de janeiro, assine para a CPMI pois tem mogiano preso por essa invasão e queremos saber toda a verdade sobre essa invasão",0,0,2,https://twitter.com/MarcoBertaiolli/status/1618783946610970624
B3L,@bebell_sp,https://twitter.com/bebell_sp/status/1627298235545944065,2023-02-19T13:25:07.000Z,Deputado eu e minha família ainda está aguardando ver sua assinatura para a CPMI de 8 de janeiro. Não decepcione seus eleitores. Estamos de olho 👀,0,0,3,https://twitter.com/MarcoBertaiolli/status/1618783946610970624
Sissy G.,@ScyCirce,https://twitter.com/ScyCirce/status/1619862985866096641,2023-01-30T01:00:06.000Z,#PachecoSIM,0,0,0,https://twitter.com/MarcoBertaiolli/status/1618783946610970624
ARD,@AnitaDimarco,https://twitter.com/AnitaDimarco/status/1623589367187898368,2023-02-09T07:47:24.000Z,Por que não assinou?,0,0,0,https://twitter.com/MarcoBertaiolli/status/1618783946610970624
Centro Formador Da Beleza,@ValdiviaPassoni,https://twitter.com/ValdiviaPassoni/status/1623758550546669570,2023-02-09T18:59:41.000Z,"Boa tarde deputado Marco. Peço seu voto na Pec do BNDES. Não podemos permitir que nossos recursos sejam enviados a países inadimplentes ou economicamente enviáveis, até porque o Brasil precisa tem muitas necessidades a serem supridas. Conto com seu voto. Códido 238788878600.",0,0,0,https://twitter.com/MarcoBertaiolli/status/1618783946610970624
Centro Formador Da Beleza,@ValdiviaPassoni,https://twitter.com/ValdiviaPassoni/status/1626542192264200193,2023-02-17T11:20:52.000Z,Pedimos seu voto na PEC do BNDES. Ajude a não deixar nossos recursos irem para países que não iram honrar com suas dívidas. Nosso dinheiro é fruto de muito sacrificio!!!!,0,0,0,https://twitter.com/MarcoBertaiolli/status/1618783946610970624
