nome,usuario,idTweet,dataPublicacao,texto,replies,retweets,likes,tweetPai
Deputado Sanderson,@DepSanderson,https://twitter.com/DepSanderson/status/1618210640283447296,2023-01-25T11:34:16.000Z,"Disse ser a alma mais honesta do país (quando todo mundo sabe, inclusive ele, que não é).

É um mitômano, mentiroso compulsivo e irreparável, sem as mínimas condições de ocupar o Palácio do Planalto.",65,153,726,https://twitter.com/DepSanderson/status/1618207219887280129
Andrea Fantinel - Eu te amo meu Brasil!,@andrea_fantinel,https://twitter.com/andrea_fantinel/status/1618252520522121223,2023-01-25T14:20:41.000Z,Deputado é preciso mandar investigar o uso idevido dos aviões da FAB por alguns ministros. Por favor peça ajuda a seus pares com isso.,0,0,10,https://twitter.com/DepSanderson/status/1618207219887280129
Rumo a ética e a democracia,@Madeirapoli,https://twitter.com/Madeirapoli/status/1618222050052804613,2023-01-25T12:19:36.000Z,"Mais um calote a vista,, socialismo é bom enquanto dura o dinheiro 💸💸💸 dos outros",2,4,10,https://twitter.com/DepSanderson/status/1618207219887280129
Fernando Collpy,@FCollpy,https://twitter.com/FCollpy/status/1618770330507677696,2023-01-27T00:38:16.000Z,O sistema para evitar a reeleição de um cara honesto esculhambou o Brasil.,0,0,0,https://twitter.com/DepSanderson/status/1618207219887280129
Maria Paula,@mariapaularfer,https://twitter.com/mariapaularfer/status/1618353369529356289,2023-01-25T21:01:25.000Z,"Reajam, ou o Brasil será a nova Nicaragua.",1,0,2,https://twitter.com/DepSanderson/status/1618207219887280129
BolsoMita DE DIREITA LIBERDADE,@lialuiz,https://twitter.com/lialuiz/status/1618519530170634241,2023-01-26T08:01:41.000Z,O Xan-deX vai deixar o Nine dar a nossa Gr@na para a Argentina? Acho que o Ilu$tre Ministro vai barrar 🤔🧐. A Argentina deve para o Brasil??,0,0,1,https://twitter.com/DepSanderson/status/1618207219887280129
sheila gomes bezerra,@sgbbezerra,https://twitter.com/sgbbezerra/status/1618366621990649858,2023-01-25T21:54:05.000Z,"Isso é patológico, mesmo você vendo tudo que está acontecendo, o infeliz diz que você não está vendo, que é um contador de histórias.  É por isso que muitas pessoas são tidas como loucas, porque os outros fazem com que elas se sintam assim.",0,0,4,https://twitter.com/DepSanderson/status/1618207219887280129
Eliane Varella,@eliane_varella,https://twitter.com/eliane_varella/status/1618252770926297088,2023-01-25T14:21:40.000Z,"Deputado, precisamos fazer cumprir a Constituição,  Lula não pode usar o BNDES para patrocinar canditaduras de esquerda em países vizinhos...",1,8,27,https://twitter.com/DepSanderson/status/1618207219887280129
fatinha,@fatimalima8,https://twitter.com/fatimalima8/status/1618241553901948928,2023-01-25T13:37:06.000Z,O q vossa excelência está fazendo com seus pares p combater esses absurdos. Queremos q venham ao twitter nos mostrar o q estão fazendo.,2,0,19,https://twitter.com/DepSanderson/status/1618207219887280129
Jo3926,@jo3926santi,https://twitter.com/jo3926santi/status/1618312710529384448,2023-01-25T18:19:51.000Z,"Trabalhem com urgência para que Lula não coloque a mão nos bancos estatais, se vocês deixarem ele fazer isso nosso voto será perdido,tenham responsabilidade sobre o dinheiro do povo senhores .",0,2,4,https://twitter.com/DepSanderson/status/1618207219887280129
RC,@RicardoAndante,https://twitter.com/RicardoAndante/status/1618227824737026048,2023-01-25T12:42:33.000Z,"Se tudo isso é bom para ele, pode ser um perigo para o Brasil e os Brasileiros.",0,0,3,https://twitter.com/DepSanderson/status/1618207219887280129
Ana Cristina,@AnaCris53727087,https://twitter.com/AnaCris53727087/status/1618268279709265921,2023-01-25T15:23:18.000Z,Sabemos disso! O que a @camaradeputados vai fazer para evitar esse desastre? Isso é que os deputados têm que nos falar.,1,0,8,https://twitter.com/DepSanderson/status/1618207219887280129
joao luiz couto anzanello,@AnzanelloJoao,https://twitter.com/AnzanelloJoao/status/1618226157475999745,2023-01-25T12:35:55.000Z,"Lula conseguiu algo importante, não ser levado a sério. Assim tem liberdade para falar. Para outros líderes as falas são dissecadas no microscópio a procura de contradições ou imperfeições",0,2,10,https://twitter.com/DepSanderson/status/1618207219887280129
Toni,@Tonip4Brasil,https://twitter.com/Tonip4Brasil/status/1618207707709992960,2023-01-25T11:22:37.000Z,"O estranho é:
Porque tem que fazer isso?
Porque tanta pressa ?
Porque "" ajudar"" outros países, se aqui no Brasil temos "" Prioridades "" ?",1,0,6,https://twitter.com/DepSanderson/status/1618207219887280129
Tony,@tonyfneto,https://twitter.com/tonyfneto/status/1618208028125433859,2023-01-25T11:23:53.000Z,"E a câmara, junto com o senado, validam tudo.
Uma vergonha, realmente. 
O presidente,  os deputados e os senadores.",0,1,6,https://twitter.com/DepSanderson/status/1618207219887280129
Cláudia Fialho,@CludiaFialho6,https://twitter.com/CludiaFialho6/status/1618432087085977600,2023-01-26T02:14:13.000Z,"A Argentina está bem SIM! Todos políticos Ricos. Quem não é “político”, estão na miséria.",0,0,1,https://twitter.com/DepSanderson/status/1618207219887280129
Carlon Borges,@BorgesCarlon,https://twitter.com/BorgesCarlon/status/1618260868671700992,2023-01-25T14:53:51.000Z,"Deputado, comece  a articular o impeachment deste que liderou o maior assalto aos cofres públicos deste país. Se você conseguir isto já será considerado um herói.",0,3,30,https://twitter.com/DepSanderson/status/1618207219887280129
Rene Furtado,@reneconservador,https://twitter.com/reneconservador/status/1618222348238491651,2023-01-25T12:20:47.000Z,O Foro de São Paulo que controla as caixinhas brancas fazem eleições limpas? Só rindo,2,5,44,https://twitter.com/DepSanderson/status/1618207219887280129
Luiz Carlos Torres,@luizcctorres,https://twitter.com/luizcctorres/status/1618426521651392514,2023-01-26T01:52:06.000Z,E ele é honesto,0,0,0,https://twitter.com/DepSanderson/status/1618207219887280129
MarciaSilva,@marciassilvas,https://twitter.com/marciassilvas/status/1618576801613369347,2023-01-26T11:49:15.000Z,"Triste que ainda tem gente que defende este tipo de político. Por favor,  deputado, não faça parte deste escárnio.",0,0,0,https://twitter.com/DepSanderson/status/1618207219887280129
givaldo freire,@gil1over,https://twitter.com/gil1over/status/1618350839764221959,2023-01-25T20:51:22.000Z,"Mas  não estamos longe deles não deputado, temos centenas de presos politicos  sendo acusada  sem investigação e sem os seus direitos civis serem respeitados, indo direto pra prisão sem investigação ou julgamentos e a maioria da classe politica apoiando  tudo isso.",0,0,0,https://twitter.com/DepSanderson/status/1618207219887280129
VDS,@vitucho77,https://twitter.com/vitucho77/status/1618957668382818305,2023-01-27T13:02:41.000Z,"Para ele este modelo Argentino é o melhor plano de governo. Levar a maioria a miséria e a pobreza. Assim fica eternamente gerando as bolsas de ""auxílio"" 🧨🧨🧨",0,0,0,https://twitter.com/DepSanderson/status/1618207219887280129
Francisco Botelho,@Francis55671251,https://twitter.com/Francis55671251/status/1618416906746363904,2023-01-26T01:13:53.000Z,Concordo plenamente contigo e acho que em 6 meses acabam o Brasil,0,0,0,https://twitter.com/DepSanderson/status/1618207219887280129
Odete Campos,@CamposOdete,https://twitter.com/CamposOdete/status/1618395392684732416,2023-01-25T23:48:24.000Z,Tem muita gente que acredita até em papai Noel né !?,0,0,1,https://twitter.com/DepSanderson/status/1618207219887280129
Selma Drigo,@DrigoSelma,https://twitter.com/DrigoSelma/status/1618584812687851523,2023-01-26T12:21:05.000Z,O cara está alucinando. Vive num universo paralelo. O pior é que ele consegue convencer seus seguidores que aqui é Nárnia e tudo está bem. PQP!,0,0,0,https://twitter.com/DepSanderson/status/1618207219887280129
Fernanda Losco,@fflosco31,https://twitter.com/fflosco31/status/1618390331694940160,2023-01-25T23:28:17.000Z,Tudo que foi proibido de falar na campanha eleitoral...,0,0,1,https://twitter.com/DepSanderson/status/1618207219887280129
Claudio Tex #21,@tex_claudio,https://twitter.com/tex_claudio/status/1618261796594536450,2023-01-25T14:57:32.000Z,"ORCRIM Deputado, ORCRIM !!!",0,0,1,https://twitter.com/DepSanderson/status/1618207219887280129
Nel Pessoa Pedra,@Nelpedra,https://twitter.com/Nelpedra/status/1618415704327475200,2023-01-26T01:09:07.000Z,👏🏻👏🏻👏🏻👏🏻👏🏻👏🏻🦾🦾,0,0,0,https://twitter.com/DepSanderson/status/1618207219887280129
Elis Queridinha,@ElisQueridinha,https://twitter.com/ElisQueridinha/status/1618484945462398984,2023-01-26T05:44:15.000Z,"Queremos ver como ira reagir senado e Camara.
Vote em Pacheco para vê 😡",0,0,0,https://twitter.com/DepSanderson/status/1618207219887280129
MJ MINASSE,@MinasseMj,https://twitter.com/MinasseMj/status/1618280066227765248,2023-01-25T16:10:08.000Z,E vcs irão fazer alguma coisa para impedir esse louco ? Querendo acabar com o nosso país?,0,0,0,https://twitter.com/DepSanderson/status/1618207219887280129
Welcione Oliveira - Sigo todos de volta,@Welcione13,https://twitter.com/Welcione13/status/1618230706261622785,2023-01-25T12:54:00.000Z,Deputado que não tem projetos não tem voz e nem vez com a nação brasileira,0,0,0,https://twitter.com/DepSanderson/status/1618207219887280129
Evandro - O Brasil é para profissionais,@evandro_jara,https://twitter.com/evandro_jara/status/1618271278636609537,2023-01-25T15:35:13.000Z,É o que ele quer e vai fazer aqui,0,0,0,https://twitter.com/DepSanderson/status/1618207219887280129
Jorginho,@GoPrintUV,https://twitter.com/GoPrintUV/status/1618231111859200000,2023-01-25T12:55:37.000Z,esse é o homem que iria salvar a democracia do Brasil 🤡🤡🤡,1,0,0,https://twitter.com/DepSanderson/status/1618207219887280129
Claudio,@Claudio01106657,https://twitter.com/Claudio01106657/status/1618359508891480065,2023-01-25T21:25:49.000Z,"Temos que fazer uma campanha nacional para que o loole deixe a baranga e se re-encontre com a Mariza.
Acho que ela é mais sensata",0,0,0,https://twitter.com/DepSanderson/status/1618207219887280129
Luis Gustavo,@Gus_Imortal,https://twitter.com/Gus_Imortal/status/1618834589602160641,2023-01-27T04:53:37.000Z,Perverso mesmo é esse seu pensamento de camarão.,0,0,0,https://twitter.com/DepSanderson/status/1618207219887280129
Carlos Márcio Soares dos Santos,@CarlosMrcioSoa1,https://twitter.com/CarlosMrcioSoa1/status/1618323201762947073,2023-01-25T19:01:32.000Z,😂😂😂😂😂😂😂😂😂 chora Bolsonarista,0,0,0,https://twitter.com/DepSanderson/status/1618207219887280129
fernanda lossogiglio,@lossogiglio,https://twitter.com/lossogiglio/status/1618293571433689089,2023-01-25T17:03:48.000Z,"Senhor!!!!
Que democrata, sqn",0,0,0,https://twitter.com/DepSanderson/status/1618207219887280129
Joao Augusto Machado da Silva,@JAMachado79,https://twitter.com/JAMachado79/status/1618229609409150976,2023-01-25T12:49:38.000Z,É  esse o plano,0,0,1,https://twitter.com/DepSanderson/status/1618207219887280129
Porta-luvas,@FabioDeMello190,https://twitter.com/FabioDeMello190/status/1618352123632316416,2023-01-25T20:56:28.000Z,Infelizmente com anuência do Congesso.,0,0,1,https://twitter.com/DepSanderson/status/1618207219887280129
Luca Borroni-Biancastelli,@umbertoeco1962,https://twitter.com/umbertoeco1962/status/1618291872916713472,2023-01-25T16:57:03.000Z,Fontes da sua cabeça?,0,0,2,https://twitter.com/DepSanderson/status/1618207219887280129
Deia STRONG!,@BELUDANEU,https://twitter.com/BELUDANEU/status/1618226713821052929,2023-01-25T12:38:08.000Z,"Essa é a ""democracia"" que a esquerda defende",0,1,8,https://twitter.com/DepSanderson/status/1618207219887280129
Ronaldo Henrique,@Ronaldo35555050,https://twitter.com/Ronaldo35555050/status/1618604539409747972,2023-01-26T13:39:29.000Z,"COM RELAÇÃO AS ELEIÇÕES, AS DAQUI FORAM IGUAIS AS DE LÁ . AQUI SÓ NÃO TEVE AS MESMAS CONSEQUENCIAS GRAÇAS AO GENERAIS MELANCIAS COVARDES",0,0,1,https://twitter.com/DepSanderson/status/1618207219887280129
Riba,@RibaSousa13,https://twitter.com/RibaSousa13/status/1618311234058866688,2023-01-25T18:13:59.000Z,"E o Congresso Nacional, Deputado Sanderson, não vai reagir? A Câmara vai reconduzir Lira à Presidência, para continuar submissa ao STF? E o Senado Federal?
Reclamar cabe ao povo, quando insatisfeito com a política; aos Deputados e Senadores, cabe ouvir os anseios do povo e agir!",0,0,4,https://twitter.com/DepSanderson/status/1618207219887280129
Eurides Silva,@Eurides21642656,https://twitter.com/Eurides21642656/status/1618254858829856768,2023-01-25T14:29:58.000Z,"Marisa (milionária da Avon), por favor, nos salve e venha buscar imediatamente seu marido!",1,0,3,https://twitter.com/DepSanderson/status/1618207219887280129
Artemísia Voadora - Off-Grid,@EdnilceGiacomo,https://twitter.com/EdnilceGiacomo/status/1618276091390746624,2023-01-25T15:54:20.000Z,Não  é possível que nada possa ser feito  para evitar isso.,0,0,3,https://twitter.com/DepSanderson/status/1618207219887280129
Alisson,@li_berwian,https://twitter.com/li_berwian/status/1618268280652988419,2023-01-25T15:23:18.000Z,"Projeto Cinturão e Rota, ou Belt and Road. A China está conquistando o planeta todo através deste projeto, e o preço cobrado será o fim da democracia. Comunismo e Democracia não coexistem. A Celac tem papel fundamental neste projeto aqui na América Latina.",1,2,5,https://twitter.com/DepSanderson/status/1618207219887280129
Carlos Alexandre barbosa,@Engcivilbarbos,https://twitter.com/Engcivilbarbos/status/1618213161748017152,2023-01-25T11:44:17.000Z,"E ele também "" ganhou"" uma eleição promovida pelo TSE.",0,0,12,https://twitter.com/DepSanderson/status/1618207219887280129
Verdades que Machucam,@Matheus_alvo,https://twitter.com/Matheus_alvo/status/1618410133750706178,2023-01-26T00:46:59.000Z,"Lula tem a mente perturbada, perversa!!",0,0,0,https://twitter.com/DepSanderson/status/1618207219887280129
Dani Wolff,@daniell16285495,https://twitter.com/daniell16285495/status/1618460402551250944,2023-01-26T04:06:44.000Z,"Tudo desculpa, o objetivo é mandar a maior quantidade de dinheiro do Brasil, para financiar os ""companheiros"". Eles não vão parar até quebrar o País novamente. E ninguém faz nada. Esses representantes,  são os piores!.",0,0,0,https://twitter.com/DepSanderson/status/1618207219887280129
Adriana Los,@AdrianaLos4,https://twitter.com/AdrianaLos4/status/1618565624413970433,2023-01-26T11:04:51.000Z,#pacheconão,0,0,0,https://twitter.com/DepSanderson/status/1618207219887280129
Doleta Cristina,@denisaopaulo,https://twitter.com/denisaopaulo/status/1618415402434072577,2023-01-26T01:07:55.000Z,"Essa é a realidade.
Pacheco e Lyra é a entrada definitiva do totalitarismo",0,0,0,https://twitter.com/DepSanderson/status/1618207219887280129
Daniel Lopes,@DLopes1971,https://twitter.com/DLopes1971/status/1618370966635286528,2023-01-25T22:11:20.000Z,"É, mas o marmitas estão convencidos de que ele não quer nada disso para o Brasil e seu povo",0,0,0,https://twitter.com/DepSanderson/status/1618207219887280129
Ivani de Souza,@Ivanidesouza63,https://twitter.com/Ivanidesouza63/status/1618328528264781825,2023-01-25T19:22:42.000Z,"Esse Lula pode tudo faz tudo não tem um deputado e nem um senador pra impedir as barbaridades dele cadê os representantes do povo,?",0,0,0,https://twitter.com/DepSanderson/status/1618207219887280129
tinabelanda@hotmail.com,tinabelanda@hotmail.com,https://twitter.com/tinabelanda/status/1618535820021084161,2023-01-26T09:06:25.000Z,Acorda Brasil 🇧🇷,0,0,0,https://twitter.com/DepSanderson/status/1618207219887280129
Arte Com carinho,@carinho_arte,https://twitter.com/carinho_arte/status/1618580509520695299,2023-01-26T12:03:59.000Z,Ele não sabe fazer conta..muito menos saber o q é 95%...de inflação.,0,0,0,https://twitter.com/DepSanderson/status/1618207219887280129
Silvania Aparecida da Silva Couto,@silvaniacoutocs,https://twitter.com/silvaniacoutocs/status/1618269898911936514,2023-01-25T15:29:44.000Z,Só piora,0,0,1,https://twitter.com/DepSanderson/status/1618207219887280129
Luiz A Souza,@LuizASo01385586,https://twitter.com/LuizASo01385586/status/1618563368247496705,2023-01-26T10:55:53.000Z,"Lula só é presidente porque concorreu com o sujeito mais repugnante da República, mas a bilionária roubalheira petista realmente aconteceu",0,0,0,https://twitter.com/DepSanderson/status/1618207219887280129
José da Silva,@eagorajose17,https://twitter.com/eagorajose17/status/1618325499830493185,2023-01-25T19:10:40.000Z,"Temos milhares de presos políticos aqui também, deputado. E censura correndo solta.",0,0,1,https://twitter.com/DepSanderson/status/1618207219887280129
Paulo Dias,@eupaulodias1956,https://twitter.com/eupaulodias1956/status/1618287871328133120,2023-01-25T16:41:09.000Z,"Sim! 
A  Venezuela é uma democracia.
Na Nicarágua existe liberdade.
A miséria em Cuba é culpa dos EUA.
A Argentina tem a melhor economia da AL.

E a Rússia nunca invadiu a Ucrânia.",0,2,7,https://twitter.com/DepSanderson/status/1618207219887280129
@ChecadorIndependente,@ChecadorIndependente,https://twitter.com/ChecadorInd/status/1618361454188691456,2023-01-25T21:33:33.000Z,"É estranho porque se a Argentina é um sucesso econômico, por que não paga pela construção dos seus gasodutos?",0,0,2,https://twitter.com/DepSanderson/status/1618207219887280129
andrea d guirelli,@ADGuirelli,https://twitter.com/ADGuirelli/status/1618378580333060097,2023-01-25T22:41:36.000Z,"O Senado , o Congresso  e o STF são funcionários do povo.E tem o dever sim que fazer a vontade do povo.Pena que o Brasil em apenas alguns dias se tornou uma imundície,sem leis e sem Constituição.",0,0,1,https://twitter.com/DepSanderson/status/1618207219887280129
Sarah Cardoso,@Saraheng_art,https://twitter.com/Saraheng_art/status/1618296192382955520,2023-01-25T17:14:13.000Z,Estão todos unidos no mesmo propósito: URSAL.,1,0,1,https://twitter.com/DepSanderson/status/1618207219887280129
Sarah Cardoso,@Saraheng_art,https://twitter.com/Saraheng_art/status/1618295967949934593,2023-01-25T17:13:19.000Z,"Ele sabe o que está fazendo, ele quer unificar a América do Sul para criar UM bloco de países comunistas. O Brasil é o cofre, nosso dinheiro irá financiar esse projeto.",0,1,2,https://twitter.com/DepSanderson/status/1618207219887280129
Isabel,@Isabel01220327,https://twitter.com/Isabel01220327/status/1618401778239942657,2023-01-26T00:13:47.000Z,"@LulaOficial   acha q as pessoas aqui no Brasil não se informam, não estudam, não tem contato ..  esse é o erro dele.",1,0,0,https://twitter.com/DepSanderson/status/1618207219887280129
Silvana Ferreira,@Silvana64654885,https://twitter.com/Silvana64654885/status/1618270535657623552,2023-01-25T15:32:16.000Z,Ele sabe bem que é tudo isso e muito mais. Nem vou falar o que eu penso pra não ser cassada,0,0,3,https://twitter.com/DepSanderson/status/1618207219887280129
Francisco,@Francis30777415,https://twitter.com/Francis30777415/status/1618208014917570561,2023-01-25T11:23:50.000Z,"Eu fico imaginando ele querer trazer esse bem para o Brasil, meu Deus.",0,1,2,https://twitter.com/DepSanderson/status/1618207219887280129
Roberto Urbano,@Robiurbis,https://twitter.com/Robiurbis/status/1618748215159058432,2023-01-26T23:10:24.000Z,É verdade esse bilete,0,0,0,https://twitter.com/DepSanderson/status/1618207219887280129
DAMIAOZARGO,@bocadopovo11,https://twitter.com/bocadopovo11/status/1618927141999247362,2023-01-27T11:01:23.000Z,"Tá faltando trabalho para vossa excelência, eu tenho uma roça pra capinar",0,0,0,https://twitter.com/DepSanderson/status/1618207219887280129
Elaine Lane,@ElaineVaiano,https://twitter.com/ElaineVaiano/status/1618268934721122305,2023-01-25T15:25:54.000Z,"Ele mente o tempo todo, pior que tem quem acredita",0,0,1,https://twitter.com/DepSanderson/status/1618207219887280129
Lylula60,@lylula60,https://twitter.com/lylula60/status/1618925476315303937,2023-01-27T10:54:46.000Z,Quem tem cabeça perversa é quem deixa centenas milhares morrerem sem vacina. Perversidade foi toda trágica e péssima gestão de bolsonaro. Mente perversa é quem financia com dinheiro público o garimpo ilegal atrás de votos dos garimpeiros e desumano cruel com indígenas,0,0,0,https://twitter.com/DepSanderson/status/1618207219887280129
Frau Lu ( Lulista),@LuCassely,https://twitter.com/LuCassely/status/1618653530587533312,2023-01-26T16:54:09.000Z,LULA VOLTOUUU 🇧🇷❤️🇧🇷,0,0,0,https://twitter.com/DepSanderson/status/1618207219887280129
Escorpiana Sincera.,@loren_411,https://twitter.com/loren_411/status/1618796147425820673,2023-01-27T02:20:51.000Z,💩💩💩💩💩💩,0,0,0,https://twitter.com/DepSanderson/status/1618207219887280129
Hugo,@hugofernando676,https://twitter.com/hugofernando676/status/1618706561077227520,2023-01-26T20:24:52.000Z,Kkkkkkk falta do que fazer né!?!? Vamos procurar uma r0l4 pra sentar gostozinho!,0,0,0,https://twitter.com/DepSanderson/status/1618207219887280129
Marcel Marquezini,@MarcelMarquezi1,https://twitter.com/MarcelMarquezi1/status/1618257751326732296,2023-01-25T14:41:28.000Z,"Sr. Sanderson, bom dia! O senhor acaba de ganhar um seguidor!",0,0,1,https://twitter.com/DepSanderson/status/1618207219887280129
Coelho A,@artureconomista,https://twitter.com/artureconomista/status/1618216774935416833,2023-01-25T11:58:38.000Z,"Vai trabalhar deputado, fazer jus ao mandato....ficar postando bobagens na intrrnet nao resolve.",0,0,1,https://twitter.com/DepSanderson/status/1618207219887280129
Stella York,@StellaY96536472,https://twitter.com/StellaY96536472/status/1618377814595731456,2023-01-25T22:38:33.000Z,Ele fala essas coisas porque sabe que a petralhada vai repetir acriticamente,0,0,0,https://twitter.com/DepSanderson/status/1618207219887280129
Fernando Silva,@nandosilvax1025,https://twitter.com/nandosilvax1025/status/1618404821341736962,2023-01-26T00:25:52.000Z,"Caro deputado Sanderson, providencie o quando antes o impeachment deste cidadão. Siga o exemplo do senador @marcosdoval",0,0,0,https://twitter.com/DepSanderson/status/1618207219887280129
GEIR VIEIRA,@VieiraGeir,https://twitter.com/VieiraGeir/status/1618537195983507460,2023-01-26T09:11:53.000Z,Só falta o Brasil ficar igual não vai demorar muito,0,0,0,https://twitter.com/DepSanderson/status/1618207219887280129
Ricardo Oliveira ᶜʳᶠ ¹⁸⁹⁵,@Ricardo_O_Fla,https://twitter.com/Ricardo_O_Fla/status/1618210192084336641,2023-01-25T11:32:29.000Z,"Não adianta extremistas, aceitem que foi menos, ou mordam as costas.@senadorhumberto Seé disso que falo. Extremista por todos os lados , @GloboNews ,@CNNBrasil",0,0,0,https://twitter.com/DepSanderson/status/1618207219887280129
Maria Maciel,@mpaolilo,https://twitter.com/mpaolilo/status/1618218958271975425,2023-01-25T12:07:19.000Z,É inacreditável!,0,0,0,https://twitter.com/DepSanderson/status/1618207219887280129
Djalma Mendes Ribeiro,@DjalmaMendesRi2,https://twitter.com/DjalmaMendesRi2/status/1618519303174905856,2023-01-26T08:00:47.000Z,E pra piorar roubaram a eleição para por um preso no governo,0,0,0,https://twitter.com/DepSanderson/status/1618207219887280129
israel zeferino Esquerdista sim senhor!,@RussoIsrael,https://twitter.com/RussoIsrael/status/1618568633990672385,2023-01-26T11:16:48.000Z,...pode chorar a vontade  kkkkkkkkk,0,0,0,https://twitter.com/DepSanderson/status/1618207219887280129
Cristiano Holanda,@CristianoHolan6,https://twitter.com/CristianoHolan6/status/1618402501119860737,2023-01-26T00:16:39.000Z,Concordo com o senhor 100%,0,0,0,https://twitter.com/DepSanderson/status/1618207219887280129
Célio DSantos,@dionisio_celio,https://twitter.com/dionisio_celio/status/1618300159062077440,2023-01-25T17:29:59.000Z,URGENTE!!! Senhores Deputados e Senadores os recursos do BNDES é para investir no Brasil somente no Brasil estamos de olho nos senhores lembre-se nas próximas eleições os senhores vão nós procurar,0,0,0,https://twitter.com/DepSanderson/status/1618207219887280129
Helena Duarte,@HelenaD92516366,https://twitter.com/HelenaD92516366/status/1618391268211724288,2023-01-25T23:32:01.000Z,PTralhas MENTEM MENTEM MENTEM e Roubam,0,0,0,https://twitter.com/DepSanderson/status/1618207219887280129
Fabiano,@fabgc_,https://twitter.com/fabgc_/status/1618452877852422150,2023-01-26T03:36:50.000Z,Impeachment já!,0,0,0,https://twitter.com/DepSanderson/status/1618207219887280129
jojoba 66,@Pereira1Joelcio,https://twitter.com/Pereira1Joelcio/status/1618363830689730561,2023-01-25T21:42:59.000Z,O Sr já entrou com pedido de impeachment do falastrão que vem atacando as instituições e a democracia?,0,0,0,https://twitter.com/DepSanderson/status/1618207219887280129
Carlos Carvalho,@cepcarvalho,https://twitter.com/cepcarvalho/status/1618561489077678083,2023-01-26T10:48:25.000Z,Insano…. 🤡,0,0,0,https://twitter.com/DepSanderson/status/1618207219887280129
Dilson Menrzes,@drDilsonmenezes,https://twitter.com/drDilsonmenezes/status/1618290812084944896,2023-01-25T16:52:50.000Z,Vamos agir deputado,0,0,0,https://twitter.com/DepSanderson/status/1618207219887280129
Dinaaju,@Dinaaju1,https://twitter.com/Dinaaju1/status/1618444858309607426,2023-01-26T03:04:58.000Z,"Concordo plenamente, o que vai ser feito?",0,0,0,https://twitter.com/DepSanderson/status/1618207219887280129
que tristeza,@GovernoFenderal,https://twitter.com/GovernoFenderal/status/1618216040739254275,2023-01-25T11:55:43.000Z,"isso aí já sabemos, mas e a sua ação vai ser qual em relação a isso?",0,0,0,https://twitter.com/DepSanderson/status/1618207219887280129
Eliane Galle Carr,@elianegalle,https://twitter.com/elianegalle/status/1618472935844614144,2023-01-26T04:56:32.000Z,Quase cai dura qdo ouvi esse homem falar que a Argentina terminou 2022 de forma privilegiada.  Que fiasco o encontro dessa semana.  Fora lula!,0,0,0,https://twitter.com/DepSanderson/status/1618207219887280129
Guilherme,@Guilher10766480,https://twitter.com/Guilher10766480/status/1618549549550960640,2023-01-26T10:00:58.000Z,O velho ta caducando ja kkkkkkkkk,0,0,0,https://twitter.com/DepSanderson/status/1618207219887280129
kaiser,@kaise01,https://twitter.com/kaise01/status/1618575322651439104,2023-01-26T11:43:23.000Z,"Olha o exemplo da Cássia Kiss, está sendo difamada pelos ex colegas só por apoiar uma pauta que eles não apoiam, discordar agora é ser louco, preconceituoso, antidemocrático e muito mais, Lula está correndo para aniquilar seus adversários e o mundo está aplaudindo.",0,0,0,https://twitter.com/DepSanderson/status/1618207219887280129
Luciele Blanco,@blanco_luciele,https://twitter.com/blanco_luciele/status/1618332951892361216,2023-01-25T19:40:17.000Z,"Burro e assim mesmo ,ele tá achando que 100% é de lucro só pode é não de prejuízo .",0,0,0,https://twitter.com/DepSanderson/status/1618207219887280129
PardalCruz*/1,@CruzParda,https://twitter.com/CruzParda/status/1618211777489301505,2023-01-25T11:38:47.000Z,"Esqueceu de mencionar que Fudido, mudou o nome para Situação Privilegiada kkkkkkk",0,0,1,https://twitter.com/DepSanderson/status/1618207219887280129
Lenna87s,@lenna87s,https://twitter.com/lenna87s/status/1618787062660091906,2023-01-27T01:44:46.000Z,Passou pano aqui 👇.,0,0,0,https://twitter.com/DepSanderson/status/1618207219887280129
Lenna87s,@lenna87s,https://twitter.com/lenna87s/status/1618787163889598464,2023-01-27T01:45:10.000Z,Aqui fica calado👇.,0,0,0,https://twitter.com/DepSanderson/status/1618207219887280129
progressistas,@Jason2023ex,https://twitter.com/Jason2023ex/status/1619076638385541124,2023-01-27T20:55:26.000Z,Quem.e vc ?cadê teus projetos cara ?o que fez pelo país?pode falar aqui ?,0,0,0,https://twitter.com/DepSanderson/status/1618207219887280129
gerardo soria martinez,@gerardosoriama1,https://twitter.com/gerardosoriama1/status/1618211865057951744,2023-01-25T11:39:08.000Z,Ortega não só prende dissidentes. Ele os elimina tambem.,0,1,12,https://twitter.com/DepSanderson/status/1618207219887280129
Agnaldo Laia,@LaiaAgnaldo,https://twitter.com/LaiaAgnaldo/status/1618312601322262528,2023-01-25T18:19:25.000Z,Verdadeiro Satanás,0,0,1,https://twitter.com/DepSanderson/status/1618207219887280129
Adivaldo,@Adivald28288643,https://twitter.com/Adivald28288643/status/1618378685391986688,2023-01-25T22:42:01.000Z,Brasileiros de direita para a serpente são terroristas.,0,0,0,https://twitter.com/DepSanderson/status/1618207219887280129
Magnólia Moraes,@MoraesMagnolia,https://twitter.com/MoraesMagnolia/status/1618750919826632704,2023-01-26T23:21:08.000Z,"O cara é um analfabeto, psicopata, doente. Bipolar ,sem estrutura emocional ,e não tem cultural alguma ,um bebedo retardado",0,0,0,https://twitter.com/DepSanderson/status/1618207219887280129
Marcello Callani,@CallaniMarcello,https://twitter.com/CallaniMarcello/status/1618529047482617860,2023-01-26T08:39:30.000Z,"Galera, quem assiste Globo, GloboNews, Band e CNN é tão TRAIDOR quanto os generais melancia que puxaram o tapete do Bolsonaro.",0,0,0,https://twitter.com/DepSanderson/status/1618207219887280129
Elaine COFFONE,@ecoffone66,https://twitter.com/ecoffone66/status/1618237660585414656,2023-01-25T13:21:38.000Z,"Mas na cabeça de comunista é isso que vale, o povo que se lasque",0,0,0,https://twitter.com/DepSanderson/status/1618207219887280129
Knarf Atsoc,@KnarfAtsoc,https://twitter.com/KnarfAtsoc/status/1618264573961973763,2023-01-25T15:08:34.000Z,O cachaceiro tá é senil. É visível a deterioração alcoólica desse MERDA. A cachaça cobra seu preço.,0,0,2,https://twitter.com/DepSanderson/status/1618207219887280129
Paulo Guimarães,@prpguimaraes,https://twitter.com/prpguimaraes/status/1618280468918697984,2023-01-25T16:11:44.000Z,"Deputado essa corja vive num mundo distópico, nada qie enxergamos ou sentimos importa pra eles, apenas poder e luxúria,  são servos das trevas, vivem para mentir, roubar, matar e destruir,  por isso o Mestre Olavo dizia que com comunista não há diálogo, pq eles não tem coerência.",0,0,1,https://twitter.com/DepSanderson/status/1618207219887280129
MarySant - Conservadora - Defensora do Brasil,@MoreiraMaryane,https://twitter.com/MoreiraMaryane/status/1618213306615074818,2023-01-25T11:44:51.000Z,E vcs parlamentares Vai fazer o que pata nos defender ????,1,0,2,https://twitter.com/DepSanderson/status/1618207219887280129
Sandra Maria Martins silveira,@SandraM76492074,https://twitter.com/SandraM76492074/status/1618262915450306562,2023-01-25T15:01:59.000Z,"Ofereça um papo reto. Diga a verdade sobre a pretensão do presidente. Seu objetivo ao fazer isso. Ou vc não sabe? Se não sabe está desqualificada sua representação política . Se não tem coragem, pior.",0,0,0,https://twitter.com/DepSanderson/status/1618207219887280129
Marcio Rodrigues,@MarcioMR22,https://twitter.com/MarcioMR22/status/1618287129356009472,2023-01-25T16:38:12.000Z,E tudo que vc relacionou ele quer implantar no Brasil,0,0,2,https://twitter.com/DepSanderson/status/1618207219887280129
Osvaldo L. da Silva Júnior,@OsvaldoLdaSilva,https://twitter.com/OsvaldoLdaSilva/status/1618233742161768451,2023-01-25T13:06:04.000Z,"Por algum período de 2022, considerar que o Chula estava associado ou era amigo/colega/CUmpanheiro destes verdugos era uma ofensa à sua imagem/índole e considerado c/o fake news por alguns Togados. 

E agora? Como pode ser chamada está democracia canhota?",0,1,3,https://twitter.com/DepSanderson/status/1618207219887280129
Roberto Santos,@Roberto59092996,https://twitter.com/Roberto59092996/status/1618560062859116545,2023-01-26T10:42:45.000Z,O que se esperar de uma mula? Pior que ele foram as mulinhas que nele votaram e a rede globo que envergonha nosso país.,0,0,0,https://twitter.com/DepSanderson/status/1618207219887280129
Raquel PM,@RaquelP04001732,https://twitter.com/RaquelP04001732/status/1618210450994520068,2023-01-25T11:33:31.000Z,Deputados podem impedir mais este roubo milhonario.  Então mãos a obra barrar o ladrão!!,0,0,0,https://twitter.com/DepSanderson/status/1618207219887280129
Célia,@celiamatta,https://twitter.com/celiamatta/status/1618207949444485120,2023-01-25T11:23:34.000Z,O cara e demoniaco como seus clones,0,0,1,https://twitter.com/DepSanderson/status/1618207219887280129
Miguel Araujo,@MiguelAraujoNe1,https://twitter.com/MiguelAraujoNe1/status/1618923206626385923,2023-01-27T10:45:45.000Z,A cabeça do Lula l4drã0 é a mesma de um camarão,0,0,0,https://twitter.com/DepSanderson/status/1618207219887280129
Rhayynney balbino,@rhayynney,https://twitter.com/rhayynney/status/1619024792082055168,2023-01-27T17:29:25.000Z,Vai procura o que faze seu vagabundo,0,0,0,https://twitter.com/DepSanderson/status/1618207219887280129
Antonio Carlos,@Antonio21460197,https://twitter.com/Antonio21460197/status/1618221598183677953,2023-01-25T12:17:48.000Z,O Brasil não consegue se livrar dessa doença chamada esquerdopatia vagabunda aguda.,0,0,0,https://twitter.com/DepSanderson/status/1618207219887280129
Aida Ripplinger,@AidaRipplinger,https://twitter.com/AidaRipplinger/status/1618419835213602816,2023-01-26T01:25:32.000Z,"O Lula assim como o Maduro foram indiciados por Investimentos em Narcotrafico e Guerrilhas que foram feitas no Forum de Sao Paulo, denuncia feita pela Espanha, porque so o Maduro esta sendo procurado pela INTERPOL?",0,0,0,https://twitter.com/DepSanderson/status/1618207219887280129
Ana Maria,@AnaMari66194190,https://twitter.com/AnaMari66194190/status/1618448382993006592,2023-01-26T03:18:58.000Z,"Ele esquece de dizer como esses ditadores são  GENOCIDAS.

LULA VEIO  PARA CUMPRIR O Q PROMETEU ANOS ATRÁS,  ESTÁ  EM FÚRIA PARA Q NADA O IMPEÇA.",0,3,4,https://twitter.com/DepSanderson/status/1618207219887280129
Ivete Guedes,@iveteguedes1,https://twitter.com/iveteguedes1/status/1618396855712514048,2023-01-25T23:54:13.000Z,E ainda se acha o dono do dinheiro. Ele não é.,2,0,1,https://twitter.com/DepSanderson/status/1618207219887280129
Vanessa Carvalho,@vanessasoaresc4,https://twitter.com/vanessasoaresc4/status/1618212575124279296,2023-01-25T11:41:57.000Z,"Perversa?????
Defender um povo q sofreu um genocídio, o desenvolvimento industrial do país e políticas de distribuição de renda é perverso???

Que BIZARROOOOO",0,0,1,https://twitter.com/DepSanderson/status/1618207219887280129
Susana Rouver,@susanaRouver,https://twitter.com/susanaRouver/status/1618269362363957252,2023-01-25T15:27:36.000Z,#BloqueiaLula,0,0,1,https://twitter.com/DepSanderson/status/1618207219887280129
Escorpiana Sincera.,@loren_411,https://twitter.com/loren_411/status/1618796221237284864,2023-01-27T02:21:09.000Z,Terrinha de gadolandia,0,0,0,https://twitter.com/DepSanderson/status/1618207219887280129
Rê-TEAM FABI,@RenataDerib,https://twitter.com/RenataDerib/status/1618217910719352832,2023-01-25T12:03:09.000Z,A cabeça do ladrão é oficina do satanás!,0,1,7,https://twitter.com/DepSanderson/status/1618207219887280129
Belmália Maciel,@belmalia,https://twitter.com/belmalia/status/1618217496846438402,2023-01-25T12:01:30.000Z,"Ele odeia o povo pq sabe q as urnas são batizadas e a maioria não quer ele e muito menos o chuchu no poder, nosso presidente eleito foi outro, sabemos muito bem q Bolsonaro ganhou de lavada desse COMUNISTA DESGRAÇADO!!!",3,0,40,https://twitter.com/DepSanderson/status/1618207219887280129
Pátria Brasil,@patriaamadabr4,https://twitter.com/patriaamadabr4/status/1618208681396690945,2023-01-25T11:26:29.000Z,"Lula é um oponente ferrenho às ditaduras de direita e leniente e alinhado c as ditaduras de esquerda.
Temos q mostrar o quanto q lula fará mal à nossa democracia brasileira.",1,0,1,https://twitter.com/DepSanderson/status/1618207219887280129
sonia m joventino,@SoniaJoventino,https://twitter.com/SoniaJoventino/status/1619559596791844864,2023-01-29T04:54:32.000Z,"Lula é um ser das trevas: criminos$, canalh& e mais não digo. Lixo não reciclável. #lulaladraoseulugarénaprisão",0,0,0,https://twitter.com/DepSanderson/status/1618207219887280129
Cadê as jóias Salnorabo ?,@ClaudBarbosa,https://twitter.com/ClaudBarbosa/status/1618658764739198977,2023-01-26T17:14:57.000Z,"Chora mais, tá pouco ô deputado baixo clero.
Teu nome nem aparece na mídia  :)",0,0,0,https://twitter.com/DepSanderson/status/1618207219887280129
Rosimeire da Silva,@Rosimei31218874,https://twitter.com/Rosimei31218874/status/1618546034812260353,2023-01-26T09:47:00.000Z,"Perversa, doentia e apoiada por quem menos deveria apoiar descondenado na cadeira...",0,0,0,https://twitter.com/DepSanderson/status/1618207219887280129
Ivan R Leite,@irodriguesleite,https://twitter.com/irodriguesleite/status/1618921187593322496,2023-01-27T10:37:43.000Z,"Perverso é vc, imbecil!",0,0,0,https://twitter.com/DepSanderson/status/1618207219887280129
Flavio Eduardo Brand,@BrandFlavio,https://twitter.com/BrandFlavio/status/1618894702430031873,2023-01-27T08:52:29.000Z,E vcs são tudo um bando de bananas,0,0,0,https://twitter.com/DepSanderson/status/1618207219887280129
elda de carvalho,@eldacarvalhobsb,https://twitter.com/eldacarvalhobsb/status/1624490197269217285,2023-02-11T19:26:59.000Z,"O Sr que é perverso, como todo Bolsonarista. Perverso e mentiroso. Ó raça maldita",0,0,0,https://twitter.com/DepSanderson/status/1618207219887280129
LFS_22,@Luiz_FLS22,https://twitter.com/Luiz_FLS22/status/1618207691922616321,2023-01-25T11:22:33.000Z,"Além de 40 % do gás produzido no Brasil não pode ser usado e acaba sendo reinjetado nas reservas por falta de gasoduto. 
Porque?
Propinoduto não carrega gás.",0,0,2,https://twitter.com/DepSanderson/status/1618207219887280129
Adriano Azevedo,@adrianobombeiro,https://twitter.com/adrianobombeiro/status/1618207465535057925,2023-01-25T11:21:39.000Z,"Lula comete crime contra o estado democrático de direito, acusando O parlamento brasileiro e o STF de golpe",0,1,2,https://twitter.com/DepSanderson/status/1618207219887280129
Porã,@LilliunAzules,https://twitter.com/LilliunAzules/status/1618729752579416070,2023-01-26T21:57:02.000Z,"CRIME: Como forma de ajudar o Governo Jair Bolsonaro a melhorar a popularidade, o Banco Central teria mentido sobre os dados de importação e fluxo cambial em 2022. O saldo do ano passado, em um novo relatório, saiu de positivo para negativo. Um erro de bilhões.",1,1,7,https://twitter.com/DepSanderson/status/1618207219887280129
Lene Paixão,@LenePaixao1,https://twitter.com/LenePaixao1/status/1618250263986569217,2023-01-25T14:11:43.000Z,#ForaLula,0,0,2,https://twitter.com/DepSanderson/status/1618207219887280129
Liora Gani,@LioraGani,https://twitter.com/LioraGani/status/1618299124310503431,2023-01-25T17:25:52.000Z,Nos patriotas precisamos nos organizar para impedir que esse desgoverno destrua o Brasil,0,0,0,https://twitter.com/DepSanderson/status/1618207219887280129
Mauricio Anchieta,@MauricioAnchie3,https://twitter.com/MauricioAnchie3/status/1618365412273696768,2023-01-25T21:49:16.000Z,Esses pilantras só querem o dinheiro do BNDES,0,0,0,https://twitter.com/DepSanderson/status/1618207219887280129
junior,@ecolenhago,https://twitter.com/ecolenhago/status/1618415826453041153,2023-01-26T01:09:36.000Z,"Investigaram até o tablet do neto do Lula e não acharam nada e ninguém da família do Lula fugiu. Já a família do Bolsonaro tá no exterior com medo de voltar. Quem não deve não teme, nem foge, né.",0,0,0,https://twitter.com/DepSanderson/status/1618207219887280129
Alexandre Santos,@Alexand44996384,https://twitter.com/Alexand44996384/status/1618277026376601601,2023-01-25T15:58:03.000Z,#ImpeachmentLula,0,0,1,https://twitter.com/DepSanderson/status/1618207219887280129
