nome,usuario,idTweet,dataPublicacao,texto,replies,retweets,likes,tweetPai
Regina,@Bragadioli,https://twitter.com/Bragadioli/status/1618940472369758208,2023-01-27T11:54:21.000Z,"Parabéns 
Vc é forte e guerreira. Acredito que será uma excelente deputada federal.",1,0,1,https://twitter.com/silvyealves/status/1618796176329039872
Silvye Alves,@silvyealves,https://twitter.com/silvyealves/status/1618989748793794562,2023-01-27T15:10:10.000Z,"Agradeço o carinho, a confiança!!! 🙏🏼💜",0,0,1,https://twitter.com/silvyealves/status/1618796176329039872
Francisca de Assis Sousa de Almeida,@Francis23938130,https://twitter.com/Francis23938130/status/1618967832171266049,2023-01-27T13:43:04.000Z,Esperamos deputada,0,0,1,https://twitter.com/silvyealves/status/1618796176329039872
