nome,usuario,idTweet,dataPublicacao,texto,replies,retweets,likes,tweetPai
Suhely Bueno,@Suhely_Bueno,https://twitter.com/Suhely_Bueno/status/1619175312662859777,2023-01-28T03:27:32.000Z,"Cassação da chapa, meu caro! Não adianta queda do bispo e permanecer rei",8,0,23,https://twitter.com/DepSanderson/status/1619174403794952192
Lisa Vieira,@lisa_advogada,https://twitter.com/lisa_advogada/status/1619519560981557248,2023-01-29T02:15:27.000Z,#ImpeachmentLulaJá,0,0,1,https://twitter.com/DepSanderson/status/1619174403794952192
Minion,@MinionDeFerro,https://twitter.com/MinionDeFerro/status/1619293788769513472,2023-01-28T11:18:18.000Z,🍿,0,1,2,https://twitter.com/DepSanderson/status/1619174403794952192
O.S.S.N.,@olimpio_ossn,https://twitter.com/olimpio_ossn/status/1619426177290240000,2023-01-28T20:04:22.000Z,"Se foi golpe o Temer governou de forma ilegítima, então as indicações também são? Só pra saber mesmo.",1,5,27,https://twitter.com/DepSanderson/status/1619174403794952192
Gilson R,@GilsonR16,https://twitter.com/GilsonR16/status/1619777238878281728,2023-01-29T19:19:22.000Z,Golpe não foi não!#ImpeachmentLulaJá#ImpeachmentLulaJA,0,0,0,https://twitter.com/DepSanderson/status/1619174403794952192
Fernando FE,@SouzaFernnan,https://twitter.com/SouzaFernnan/status/1619176738461978624,2023-01-28T03:33:11.000Z,A CPI vai pegar o lula se o Rogério marinho ganhar e ele vai ganhar o Ladrao será impeachmado !,1,0,0,https://twitter.com/DepSanderson/status/1619174403794952192
Ana Speck,@Ana_Speck,https://twitter.com/Ana_Speck/status/1619358371660038146,2023-01-28T15:34:56.000Z,Tem que tirar o chuchu também...,0,0,1,https://twitter.com/DepSanderson/status/1619174403794952192
Shaïna Amor sò de Deus,@TxiaomyShaina,https://twitter.com/TxiaomyShaina/status/1619302089469104128,2023-01-28T11:51:17.000Z,"O PIOR GOLPE FOI O DAS ELEIÇÕES,DAS URNAS E NINGUÉM FEZ NADA😬 NĀO TEM MAIS HOMENS NESSE PAÌS,TEM SÒ FROUXOS QUE TEM MEDO DE PERDEREM CARGOS E POSIÇĀO.😬",0,0,1,https://twitter.com/DepSanderson/status/1619174403794952192
Varlei Francisco,@FranciscoVarlei,https://twitter.com/FranciscoVarlei/status/1619438527330267136,2023-01-28T20:53:27.000Z,E isso vc não acha grave?,0,0,2,https://twitter.com/DepSanderson/status/1619174403794952192
João Flavio Morais,@jfbmorais,https://twitter.com/jfbmorais/status/1620114915121074177,2023-01-30T17:41:10.000Z,Continue Deputado!!! Deus te abençoe!!! O povo está do seu lado!!!,0,0,0,https://twitter.com/DepSanderson/status/1619174403794952192
@emalgumlugar,@emalgumlugar,https://twitter.com/Adrianacoelho70/status/1619825551958753280,2023-01-29T22:31:21.000Z,"Se não houve? Que narrativa é essa? 

Não houve golpe nenhum, o Empachment da idiota da Dilma foi legítimo, o povo foi as ruas. Ela não deveria nem ter sido eleita. Golpe é esse sistema eleitoral brasileiro isso sim. O Lula merece ser preso por esse é todos os crimes que cometeu",0,0,0,https://twitter.com/DepSanderson/status/1619174403794952192
Josi Tanaka,@JosiTanaka,https://twitter.com/JosiTanaka/status/1619490767441133568,2023-01-29T00:21:02.000Z,"Parabéns, Deputado! Não dê moleza para bandido.",0,1,2,https://twitter.com/DepSanderson/status/1619174403794952192
Luiza-,@luyzzag,https://twitter.com/luyzzag/status/1619264527299919872,2023-01-28T09:22:02.000Z,👏👏👏👏👏👏👏,0,0,1,https://twitter.com/DepSanderson/status/1619174403794952192
Márcia,@cristina222222,https://twitter.com/cristina222222/status/1619280504846684167,2023-01-28T10:25:31.000Z,"Não acho que aconteça, mesmo com todas as provas!",0,0,1,https://twitter.com/DepSanderson/status/1619174403794952192
,@fs_fabriciosant,https://twitter.com/fs_fabriciosant/status/1619220921700732928,2023-01-28T06:28:46.000Z,🤡🤡🤡🤡🤡🤡🤡🤡,11,0,3,https://twitter.com/DepSanderson/status/1619174403794952192
Mara Rubia Wenning Welinski,@MaraWenning,https://twitter.com/MaraWenning/status/1619762036472430592,2023-01-29T18:18:57.000Z,#ImpeachmentLulaJA,0,0,0,https://twitter.com/DepSanderson/status/1619174403794952192
gildocampos,@bruks3112,https://twitter.com/bruks3112/status/1619512590136381441,2023-01-29T01:47:45.000Z,"Esse deputado é o mesmo que descredibilizou um caso de assédio, colocando a vítima em dúvida no caso do presidente da caixa , qual credibilidade tem um deputado que apoia o crime de assédio sexual contra a mulher,como acreditar que esse tal bolsonarista fala a verdade",0,0,1,https://twitter.com/DepSanderson/status/1619174403794952192
gildocampos,@bruks3112,https://twitter.com/bruks3112/status/1619512850824982528,2023-01-29T01:48:47.000Z,Esse deputado é o policial que deu apoio ao presidente da caixa no caso de assédio sexual contra a funcionária pra proteger o CRIMINOSO e como ele terá credibilidade,0,0,1,https://twitter.com/DepSanderson/status/1619174403794952192
Donna Brazilis,@DonnaBrazili,https://twitter.com/DonnaBrazili/status/1619640335252193280,2023-01-29T10:15:22.000Z,"Dep. tem como fazer passar pelo crivo das 2 casas, ex: financiamento BNDES, esses médicos de cuba, penalização quem não se vacinar ou duvidar da vacina. Isso da Guarda Nacional. Mudanças tem q acontecer. Essa secretaria da censura. Cortar cordão umbilical do STF c/ Legislativo?",0,0,4,https://twitter.com/DepSanderson/status/1619174403794952192
Donna Brazilis,@DonnaBrazili,https://twitter.com/DonnaBrazili/status/1619643128750964737,2023-01-29T10:26:28.000Z,"Outra coisa.. toda vez que PT, PSOL e esses outros partidos coligados entrarem na justiça em alguma coisa contra algum parlamentar de direita, apoiador, Bolsonaro.. vcs de direita também entram na justiça com o mesmo remédio na justiça. Chega de baixa cabeça. Com os msm métodos",0,0,2,https://twitter.com/DepSanderson/status/1619174403794952192
BolsoMita DE DIREITA LIBERDADE,@lialuiz,https://twitter.com/lialuiz/status/1619255386296684544,2023-01-28T08:45:43.000Z,Cassação da Chapa Nine/Chuchu por favor,1,0,3,https://twitter.com/DepSanderson/status/1619174403794952192
𝘁𝘄𝗶𝗻𝘁𝗲𝗿,@twinter_net,https://twitter.com/twinter_net/status/1619313843079102466,2023-01-28T12:38:00.000Z,"Rapaz, os problemas do nosso estado são muito maiores do que essas fofocas suas. Bora trabalhar! Chega de mimimi!",0,0,2,https://twitter.com/DepSanderson/status/1619174403794952192
Claudio Rocha,@claudiofr,https://twitter.com/claudiofr/status/1619454980225912832,2023-01-28T21:58:49.000Z,"O Bozo mata + de 300 mil por atraso na compra de vacinas, incentiva uso de remédiossem eficácia e faz moticiatas em plena pandemia dando exemplos de ñ se usar máscara e: NADA! Lula diz q/houve golpe contra Dilma e é alvo de pedido de impeachment. Tem gente q/perdeu a vergonha. 🫣",2,2,2,https://twitter.com/DepSanderson/status/1619174403794952192
Fernanda Losco,@fflosco31,https://twitter.com/fflosco31/status/1619357589078421510,2023-01-28T15:31:50.000Z,"Se estudar direitinho td que tem sido feito,terá mais motivos.",0,1,6,https://twitter.com/DepSanderson/status/1619174403794952192
Sergio,@Sergio88315773,https://twitter.com/Sergio88315773/status/1619389652804444161,2023-01-28T17:39:14.000Z,"Correto ! Um brasileiro não pode sair falando acusações contra o seu  país no exterior, não importa o fundamento e a veracidade ou não da acusação, e a mídia internacional divulga isso e coloca nosso Brasil no balaio dos dejetos sociais.",1,0,1,https://twitter.com/DepSanderson/status/1619174403794952192
Bruno Lima Rocha Beaklini,@blimarocha,https://twitter.com/blimarocha/status/1619349922167533569,2023-01-28T15:01:22.000Z,Porque não larga desse palanque fazendo proselitismo de extrema direita e vai combater o contrabando na fronteira?! Tu não é federal? Fez concurso pra quê?!?!,0,0,4,https://twitter.com/DepSanderson/status/1619174403794952192
Louis Cyphre,@InfantedaUrsal,https://twitter.com/InfantedaUrsal/status/1619397591338463239,2023-01-28T18:10:47.000Z,"Vá arrumar algo de útil pra fazer seu mané, porque teu salário é pago pelo povo.",0,0,1,https://twitter.com/DepSanderson/status/1619174403794952192
"(Agente DEL) DPFL NOTÍCIAS, INFORMAÇÕES e OPINIÃO",@AgenteDEL1984,https://twitter.com/AgenteDEL1984/status/1619175552648376321,2023-01-28T03:28:29.000Z,"Simmm
Baseado nos últimos atos.
Temos muitas razões para o processo de impeachment",1,0,4,https://twitter.com/DepSanderson/status/1619174403794952192
Beth P,@hebepalermo,https://twitter.com/hebepalermo/status/1619394588158095360,2023-01-28T17:58:51.000Z,"O que deve ser feito é a cassação da chapa, Lula e Alckmin, já que essa eleição não foi feita de maneira lícita.",2,1,6,https://twitter.com/DepSanderson/status/1619174403794952192
André Aranda,@Andre17121979,https://twitter.com/Andre17121979/status/1619202102869520384,2023-01-28T05:13:59.000Z,Justo.,0,0,11,https://twitter.com/DepSanderson/status/1619174403794952192
Gerson Queiroz,@queiroz_gerson,https://twitter.com/queiroz_gerson/status/1619351508377821190,2023-01-28T15:07:40.000Z,"Tu estás querendo outro golpe né, já não chega o Golpe contra Dilma, a tentativa de golpe contra a Democracia em 08/01 e agora, tu vens com mais uma tentativa de golpear um presidente eleito democraticamente, isto tem nome, picaretagem política.",0,1,6,https://twitter.com/DepSanderson/status/1619174403794952192
Mathias - E eles realmente queriam golpe,@mathiasgeoadm,https://twitter.com/mathiasgeoadm/status/1619340270738472962,2023-01-28T14:23:01.000Z,"Quando Bolsonaro falou que as eleições foram fraudadas, sem provar merda nenhuma, você pediu o impeachment ?Talvez as eleições foram fraldadas (de fralda, por que as acusações não passaram de merdas proferidas)",2,1,30,https://twitter.com/DepSanderson/status/1619174403794952192
Cleonilson,@Nilson_Braz30,https://twitter.com/Nilson_Braz30/status/1619175013818716160,2023-01-28T03:26:20.000Z,Parabéns deputado pelo seu trabalho.,1,1,3,https://twitter.com/DepSanderson/status/1619174403794952192
Leonardo,@leonard32640400,https://twitter.com/leonard32640400/status/1619488799473688577,2023-01-29T00:13:13.000Z,"Precisamos pensar sobre isso, presidente da Câmara vai colocar em pauta ? precisamos saber como pensa o presente.",0,1,7,https://twitter.com/DepSanderson/status/1619174403794952192
Ivy Azevedo,@IvyAz1,https://twitter.com/IvyAz1/status/1619267834223423488,2023-01-28T09:35:10.000Z,Houve um golpe muito recentemente. Será q todos serão punidos? Ou vamos ficar nesta de ditadura..,1,0,5,https://twitter.com/DepSanderson/status/1619174403794952192
gildocampos,@bruks3112,https://twitter.com/bruks3112/status/1619512048983117824,2023-01-29T01:45:36.000Z,"O deputado se omitiu diante do depoimento da vítima. Preferiu desconsiderar a denúncia e exigir provas de um caso que, sabemos, é feito de maneira a não deixar vestígios”, criticou o dirigente da Confederação Nacional dos Trabalhadores do Ramo  financeiro Rafael de Castro.",0,0,0,https://twitter.com/DepSanderson/status/1619174403794952192
ivone nemeth,@ivone77722,https://twitter.com/ivone77722/status/1619678510335029248,2023-01-29T12:47:03.000Z,"E quem seria os golpistas de 2016 ? Os próprios esquerdistas, prá por de novo o PT  ?",0,0,0,https://twitter.com/DepSanderson/status/1619174403794952192
ManfredoRosa,@RosaManfredo,https://twitter.com/RosaManfredo/status/1619622166429073409,2023-01-29T09:03:10.000Z,Não sei se o termo impeachment é aplicável no caso.,0,0,0,https://twitter.com/DepSanderson/status/1619174403794952192
BolsoMita DE DIREITA LIBERDADE,@lialuiz,https://twitter.com/lialuiz/status/1619682007491166209,2023-01-29T13:00:57.000Z,Tem que cassar a Chapa Nine/Chuchu,0,0,0,https://twitter.com/DepSanderson/status/1619174403794952192
Uma army patriota,@Cida11737738,https://twitter.com/Cida11737738/status/1620003945061154816,2023-01-30T10:20:13.000Z,Se houve golpe todas as decisões que ocorreram na época precisam ser revogadas!,0,0,0,https://twitter.com/DepSanderson/status/1619174403794952192
Mavesil,@e_verneque,https://twitter.com/e_verneque/status/1619176241055268865,2023-01-28T03:31:13.000Z,#ImpeachementLulaja,1,0,0,https://twitter.com/DepSanderson/status/1619174403794952192
Ricardo Martinelli,@rimartinelli,https://twitter.com/rimartinelli/status/1619644751996919808,2023-01-29T10:32:55.000Z,"Kkkķkkk
E ainda recebe salário.
Vá trabalhar ""deputado"" buzina de avião... Não serve pra nada.",0,0,0,https://twitter.com/DepSanderson/status/1619174403794952192
Alex,@AlexSeune,https://twitter.com/AlexSeune/status/1619298044180303872,2023-01-28T11:35:13.000Z,Mas é a Liberdade de Expressão! Ele não pode simplesmente achar que foi golpe?! Vcs são uns comédia.,2,0,5,https://twitter.com/DepSanderson/status/1619174403794952192
Vaneil Viveiros.,@VaneilV,https://twitter.com/VaneilV/status/1619859984308908037,2023-01-30T00:48:10.000Z,Fora Lula bandido corrupto!,0,0,0,https://twitter.com/DepSanderson/status/1619174403794952192
Bárbara,@Brbara07406947,https://twitter.com/Brbara07406947/status/1619697019588866050,2023-01-29T14:00:36.000Z,Apoiado,0,0,0,https://twitter.com/DepSanderson/status/1619174403794952192
Adriana Soares Batista Soares Batista,@Adriana53435855,https://twitter.com/Adriana53435855/status/1620527522176987136,2023-01-31T21:00:43.000Z,Concordo plenamente.,0,0,0,https://twitter.com/DepSanderson/status/1619174403794952192
LUIZ CARLOS /abençoado/,@arrudapmgo,https://twitter.com/arrudapmgo/status/1619438684667015168,2023-01-28T20:54:04.000Z,Quebra a blindagem desse cara,0,0,1,https://twitter.com/DepSanderson/status/1619174403794952192
José carlos,@MaccGyyver,https://twitter.com/MaccGyyver/status/1619736939590205442,2023-01-29T16:39:14.000Z,É um dedo na sua ferida né.,0,0,0,https://twitter.com/DepSanderson/status/1619174403794952192
Joel,@Japajoeltlou,https://twitter.com/Japajoeltlou/status/1619201957612355584,2023-01-28T05:13:24.000Z,"👏🏼👏🏼👏🏼👏🏼👏parabéns pela coragem e atitude Deputado, pode ter certeza de uma coisa, que o Povo está contigo nessa!

Que Deus te abençoe e te ajude a nos livrar desse Bandido!",1,0,2,https://twitter.com/DepSanderson/status/1619174403794952192
Vitoria 13,@marcelo_vanda,https://twitter.com/marcelo_vanda/status/1619862834053255168,2023-01-30T00:59:29.000Z,Todo m7ndo já sabe que foi golpe  até  o STF reconheceu.,0,0,0,https://twitter.com/DepSanderson/status/1619174403794952192
hs195810,@hs195810,https://twitter.com/hs195810/status/1619247876781252609,2023-01-28T08:15:52.000Z,"Cara vê se vai trabalhar.
Faça alguma coisa de útil e deixe de bravata.",0,0,1,https://twitter.com/DepSanderson/status/1619174403794952192
Allan Quint,@quint_allan,https://twitter.com/quint_allan/status/1619380983043874816,2023-01-28T17:04:47.000Z,"O golpe foi no STF, na descondenação, depois de ter sido sentenciado em 3 instâncias, sendo 2 colegiados ou não?!",0,0,2,https://twitter.com/DepSanderson/status/1619174403794952192
zack,@potinego34,https://twitter.com/potinego34/status/1619402552357031936,2023-01-28T18:30:30.000Z,"De novo vou te dizer.Para ter impeachment  tem que ter crime e não teve,  nem pedalada nem pasadina o impeachment da Dilma foi golpe.",0,0,1,https://twitter.com/DepSanderson/status/1619174403794952192
Noemi Villa,@noemivilla45,https://twitter.com/noemivilla45/status/1619853396328218624,2023-01-30T00:21:59.000Z,Ja deveria estarforado poder pois ele é inelegível,0,0,0,https://twitter.com/DepSanderson/status/1619174403794952192
Bianca Rosa,@Biancarosabreu,https://twitter.com/Biancarosabreu/status/1619345360362815489,2023-01-28T14:43:14.000Z,#ImpeachmentLulajá#ImpeachmentLulajá,0,0,0,https://twitter.com/DepSanderson/status/1619174403794952192
Ministro dos animes,@otakubrazil,https://twitter.com/otakubrazil/status/1619373358600314881,2023-01-28T16:34:29.000Z,Pq não abre a cpi ?,0,0,0,https://twitter.com/DepSanderson/status/1619174403794952192
maria do carmo de souza,@mcrdesouza,https://twitter.com/mcrdesouza/status/1619342479777763329,2023-01-28T14:31:47.000Z,Com essa presidência na Câmara vai para a gaveta.,0,0,0,https://twitter.com/DepSanderson/status/1619174403794952192
JOÃO DAMACENO FILHO,@filho_damaceno,https://twitter.com/filho_damaceno/status/1619347719423954945,2023-01-28T14:52:36.000Z,Vai trabalhar deputado,0,0,0,https://twitter.com/DepSanderson/status/1619174403794952192
OLDBOY,@Loiro883883,https://twitter.com/Loiro883883/status/1619394788327030785,2023-01-28T17:59:39.000Z,Só conversa fiada!,0,0,0,https://twitter.com/DepSanderson/status/1619174403794952192
Silvia Hammes,@SilviaBrasil67,https://twitter.com/SilviaBrasil67/status/1619353516786724865,2023-01-28T15:15:39.000Z,É#ImpeachmentLula  #PachecoNAO #LiraNAO,0,0,0,https://twitter.com/DepSanderson/status/1619174403794952192
Mario,@marioslater2,https://twitter.com/marioslater2/status/1619422486738907145,2023-01-28T19:49:42.000Z,"Agora sério; Até o senhor mesmo, sabe q isso não vai acontecer… 🤡🤣🤣🤣🤷🏾‍♂️",0,0,0,https://twitter.com/DepSanderson/status/1619174403794952192
foda-se sua opinião,@fodasesuaopini6,https://twitter.com/fodasesuaopini6/status/1619422508758728707,2023-01-28T19:49:48.000Z,Tá faltando o que ?,0,0,0,https://twitter.com/DepSanderson/status/1619174403794952192
Janice Morais,@JaniceMorais7,https://twitter.com/JaniceMorais7/status/1619485283933880321,2023-01-28T23:59:14.000Z,Justo #ImpeachmentDoLulaJa,0,0,0,https://twitter.com/DepSanderson/status/1619174403794952192
Dino Vingador,@RenanAraujo013,https://twitter.com/RenanAraujo013/status/1619313735021256705,2023-01-28T12:37:34.000Z,Deputado (In)sander(sido),0,0,0,https://twitter.com/DepSanderson/status/1619174403794952192
Anisio Paulo Gomes,@AnisioPauloGom1,https://twitter.com/AnisioPauloGom1/status/1619550426021625856,2023-01-29T04:18:06.000Z,Se houve v.s. ainda tem dúvida.,0,0,0,https://twitter.com/DepSanderson/status/1619174403794952192
Eliane Alves,@ElianeA72676451,https://twitter.com/ElianeA72676451/status/1619465504632217602,2023-01-28T22:40:39.000Z,E vão caçar  o cabeça de ovo e Barroso quando?,0,0,0,https://twitter.com/DepSanderson/status/1619174403794952192
Rique,@MariaPezelli,https://twitter.com/MariaPezelli/status/1619455892130529280,2023-01-28T22:02:27.000Z,"BANCO CENTRAL registrou erroneamente em 2022 o valor da saída de dólares como entrada, e ninguém da terraplana pediu o impeachment do traste!!!",0,0,1,https://twitter.com/DepSanderson/status/1619174403794952192
MarquesJr,@nanoguardbrasil,https://twitter.com/nanoguardbrasil/status/1619393022596362242,2023-01-28T17:52:38.000Z,"Mano,  cala essa boca...",0,0,0,https://twitter.com/DepSanderson/status/1619174403794952192
Porta-luvas,@FabioDeMello190,https://twitter.com/FabioDeMello190/status/1619335148356644865,2023-01-28T14:02:39.000Z,"Se o Lira for o presidente da Câmara, vc pode esquecer. Ele vai sentar em cima.",0,0,0,https://twitter.com/DepSanderson/status/1619174403794952192
kk,@Kaka01532423,https://twitter.com/Kaka01532423/status/1619762553906958336,2023-01-29T18:21:01.000Z,"A  CPI da baderna em Brasília , já esqueceram? Vão deixar o chefe livre de novo, como na época do mensalão? Vão sacrificar quem?",0,0,0,https://twitter.com/DepSanderson/status/1619174403794952192
Edu 13asil,@CaxiasEdu,https://twitter.com/CaxiasEdu/status/1619410040888397825,2023-01-28T19:00:15.000Z,VTC,0,0,1,https://twitter.com/DepSanderson/status/1619174403794952192
Denise,@Dlyra5,https://twitter.com/Dlyra5/status/1619351988298469379,2023-01-28T15:09:34.000Z,"O sr vai pedir a prisão do Bolsonaro pelos desmandos e roubalheiras( rachadinhas, cartão corporativo e tal) durante os 4 anos pra tentar ter coerência em alguma coisa?",0,0,2,https://twitter.com/DepSanderson/status/1619174403794952192
Cavaleiro do Apocalipse,@JosdaSil4,https://twitter.com/JosdaSil4/status/1619632946197192705,2023-01-29T09:46:00.000Z,Senhores Deputados Honrem a Constituição 🇧🇷,0,0,2,https://twitter.com/DepSanderson/status/1619174403794952192
Selenap573@ sou Lula e Dilma,Selenap573@ sou Lula e Dilma,https://twitter.com/selenap573/status/1619748594361446402,2023-01-29T17:25:33.000Z,FOI GOLPE SIM!,0,0,0,https://twitter.com/DepSanderson/status/1619174403794952192
Edson Carvalho∴,@EdsonCarvalhoA7,https://twitter.com/EdsonCarvalhoA7/status/1619427298297671681,2023-01-28T20:08:50.000Z,"E vocês acham que o Lira como presidente da Câmara esta pauta vai ser votada? Quá, quá, quá",0,0,0,https://twitter.com/DepSanderson/status/1619174403794952192
Bora Bill,@zacarias202020,https://twitter.com/zacarias202020/status/1619280130735742977,2023-01-28T10:24:02.000Z,#LULANÃOTEVE30MILHÕESDEVOTOS,0,0,1,https://twitter.com/DepSanderson/status/1619174403794952192
Níkolas.,@NikoSilveira90,https://twitter.com/NikoSilveira90/status/1619325575440760838,2023-01-28T13:24:37.000Z,"Ok, já teve seus minutos de fama. Volte ao baixo clero.",0,0,2,https://twitter.com/DepSanderson/status/1619174403794952192
Antonivaldo Cambraia,@AntonivaldoC,https://twitter.com/AntonivaldoC/status/1619491111873183744,2023-01-29T00:22:24.000Z,"E é.  Chora, não vou ligar",0,0,0,https://twitter.com/DepSanderson/status/1619174403794952192
Alexsandro,@alexmathe,https://twitter.com/alexmathe/status/1619322510440538112,2023-01-28T13:12:26.000Z,"Realmente foi um golpe de estado, Bolsonaro por sua vez falou tanta asneira que isso ae é fichinha pro lula. Com certeza não será aceito, perdeu playboy",0,0,0,https://twitter.com/DepSanderson/status/1619174403794952192
Ermelinda Favoretto,@ErmelindaFavor1,https://twitter.com/ErmelindaFavor1/status/1619316518092947461,2023-01-28T12:48:38.000Z,Fora Lula,0,0,0,https://twitter.com/DepSanderson/status/1619174403794952192
Meire,@Meirebechara,https://twitter.com/Meirebechara/status/1620645619173031936,2023-02-01T04:50:00.000Z,Concordo plenamente com o senhor,0,0,0,https://twitter.com/DepSanderson/status/1619174403794952192
denise gouveia,@denisegouveia3,https://twitter.com/denisegouveia3/status/1619695241828917248,2023-01-29T13:53:32.000Z,SDV,0,0,0,https://twitter.com/DepSanderson/status/1619174403794952192
José,@Jos47889320Jose,https://twitter.com/Jos47889320Jose/status/1619735616710926336,2023-01-29T16:33:58.000Z,quando um presidente faz por merecer se elege nas urnas quando é péssimo tenta dar o golpe o povo tem direito de escolher o melhor eleição se ganha nas urnas e não no golpe patriotas são aqueles que vão as urnas não aqueles que vão as ruas praticar crimes pedir golpe,0,0,0,https://twitter.com/DepSanderson/status/1619174403794952192
"Mas, é Possível !",@masepossivel,https://twitter.com/masepossivel/status/1619296462315163648,2023-01-28T11:28:56.000Z,Eu e mais da metade do Brasil que não votamos nele apoiamos o Impeachment .,10,0,8,https://twitter.com/DepSanderson/status/1619174403794952192
Carlos Cardoso,@CarlosC47393762,https://twitter.com/CarlosC47393762/status/1619353825755922433,2023-01-28T15:16:52.000Z,Esse deputado deveria procurar uma enxada para capinar lote baldios para envitar o mosquito da dengue.,0,0,0,https://twitter.com/DepSanderson/status/1619174403794952192
,@fs_fabriciosant,https://twitter.com/fs_fabriciosant/status/1619221065502433280,2023-01-28T06:29:20.000Z,Vcs deveriam ter vergonha na cara de vcs!,0,0,0,https://twitter.com/DepSanderson/status/1619174403794952192
,@fs_fabriciosant,https://twitter.com/fs_fabriciosant/status/1619221564083572737,2023-01-28T06:31:19.000Z,CHAVE DE OURO #FoiGolpe E TODES OS ENVOLVIDOS DEVEM PAGAR POR ISSO!!!,0,0,5,https://twitter.com/DepSanderson/status/1619174403794952192
Sandra Vas...,@Alessan46066175,https://twitter.com/Alessan46066175/status/1619431073498435584,2023-01-28T20:23:50.000Z,"O povo elegeu Lula e o povo é quem decide se ele sair ou ficar, num momento queremos que ele fique , estou falando nós, pois me refiro em todos que nele votou assim como eu...",0,0,1,https://twitter.com/DepSanderson/status/1619174403794952192
r.tag,@RogerioTag,https://twitter.com/RogerioTag/status/1619312545978028036,2023-01-28T12:32:50.000Z,"Parabéns Deputado Sanderson, tenha certeza que essa sua atitude serve de alento aos >50% cidadãos de bem deste país! Que Deus lhe encha do Espírito Santo junto com os demais apoiadores para pelejarem e vencerem contra estes a serviço do encardido 🙏🏻🆘🇧🇷.",4,0,8,https://twitter.com/DepSanderson/status/1619174403794952192
Aurelio Luis pulcinelli,@pulcinelliadv,https://twitter.com/pulcinelliadv/status/1619513550199992320,2023-01-29T01:51:34.000Z,#ImpeachmentLulaJá,0,0,1,https://twitter.com/DepSanderson/status/1619174403794952192
Juan Pablo Fonseca Do Carmo,@JuanPab14569979,https://twitter.com/JuanPab14569979/status/1619421299612479489,2023-01-28T19:44:59.000Z,"Quantos pedidos de impiechement nos quatro anos de desgoverno tu pediu deputado? Mesmo com todas as loucuras e atrocidades de Bolsonaro e agora vem pedir com menos de 1 mês de governo. Cria vergonha na cara e vai trabalhar e caso Lula cometa algum crime , daí sim faça esse pedido",0,0,3,https://twitter.com/DepSanderson/status/1619174403794952192
Rodrigo Mello,@rodrigommello,https://twitter.com/rodrigommello/status/1619531402969772036,2023-01-29T03:02:30.000Z,"Rapaz....o ex presidente em 2019 atacou as urnas, afirmou ter provas de fraude, e ninguém pediu a cabeça dela. Aí o presidente afirmanter sido golpe em 2016...
Um crime...vai trabalhar e para de dar trela para algo sem importância.",0,0,1,https://twitter.com/DepSanderson/status/1619174403794952192
Ruben Kowalski,@RubenKowalski,https://twitter.com/RubenKowalski/status/1619385765162803201,2023-01-28T17:23:47.000Z,"Cara, vc não tem senso do ridículo?
Seja útil, ache o que fazer. Foi eleito, agora trabalhe pelo menos um pouco em favor do país.🌿",0,1,12,https://twitter.com/DepSanderson/status/1619174403794952192
Hildete Carvalho,@HildeteCarvalh2,https://twitter.com/HildeteCarvalh2/status/1619398487531229184,2023-01-28T18:14:21.000Z,#ImpeachmentLulaJá,0,0,1,https://twitter.com/DepSanderson/status/1619174403794952192
José Marconi,@ZeMarconi,https://twitter.com/ZeMarconi/status/1619274153177251840,2023-01-28T10:00:17.000Z,"Foi GOLPE, travestido de Impeachment. 
As pedaladas foram pretexto para botar em prática o PLANO RAIVOSO da oposição para tomar o poder, juntamente com a ""lava-jato"", pois já estavam incomodados com o plano desenvolvedor do Brasil.
A inveja mata...vá procurar trabalhar pelo povo.",0,0,2,https://twitter.com/DepSanderson/status/1619174403794952192
luiz roberto campos pinto da silva,@luizrobertocam4,https://twitter.com/luizrobertocam4/status/1619408459040182275,2023-01-28T18:53:58.000Z,"Perdeu mane..não amola , vai trabalhar.",0,0,1,https://twitter.com/DepSanderson/status/1619174403794952192
Patriota Neves,@TruckerRibas,https://twitter.com/TruckerRibas/status/1619174676479242245,2023-01-28T03:25:00.000Z,"Muito bom, Deputado. Parabéns pela iniciativa. Precisamos de mais deputados combativos.",1,1,4,https://twitter.com/DepSanderson/status/1619174403794952192
EuSouLia,@liamabat,https://twitter.com/liamabat/status/1619480579287973888,2023-01-28T23:40:33.000Z,"O deputado não conhece as várias declarações de Temer admitindo o golpe e dizendo que Dilma é honesta?     Nunca viu a reprodução do diálogo de Jucá, combinando com STF e tudo?",1,0,3,https://twitter.com/DepSanderson/status/1619174403794952192
Vanderleia Araújo,@VanderleiaAraj4,https://twitter.com/VanderleiaAraj4/status/1619199208875266048,2023-01-28T05:02:29.000Z,"Senhor deputado, quero lhe pedir que exija o código fonte para ser apresentado aos brasileiros que tanto anseia pelo resultado! 🇧🇷🇧🇷🇧🇷",6,0,1,https://twitter.com/DepSanderson/status/1619174403794952192
Léo,@Leopozc1993,https://twitter.com/Leopozc1993/status/1619404456826896384,2023-01-28T18:38:04.000Z,O Bolsonaro passou 04 anos falando barbaridades de vítimas de tragédias e pandemias. Onde você estava?,0,0,4,https://twitter.com/DepSanderson/status/1619174403794952192
,@fs_fabriciosant,https://twitter.com/fs_fabriciosant/status/1619221297829134336,2023-01-28T06:30:15.000Z,Ta bom ou quer mais??? Acho que o mandato do sr deveria ser caçado,1,6,39,https://twitter.com/DepSanderson/status/1619174403794952192
Augusto Vilela Pereira,@AugustoVilelaP,https://twitter.com/AugustoVilelaP/status/1619501033050484737,2023-01-29T01:01:49.000Z,"@RubensOtoni @Adriana_Accorsi @Pimenta13Br @padilhando @FlavioDino Quando um deputado fizer um pedido similar atacando a democracia a base de @LulaOficial deveria em contra-ataque protocolar um pedido de cassação do mandato do Dep. Se o processo anda, evita novos pedidos!",0,2,5,https://twitter.com/DepSanderson/status/1619174403794952192
Estelvio,@Estelviojcad,https://twitter.com/Estelviojcad/status/1619257981245480961,2023-01-28T08:56:01.000Z,"Parabéns deputado!
Que mais parlamentares comecem a agir como o Sr, usando a redes para divulgar medidas tomadas e não simplesmente só reclamar sem nada fazer.
Mais uma vez PARABÉNS!!",0,1,2,https://twitter.com/DepSanderson/status/1619174403794952192
ludmila,@Ludmiladias110,https://twitter.com/Ludmiladias110/status/1619736584617869312,2023-01-29T16:37:49.000Z,Exatamente Deputado. Esse sujeito tem mania de falar um monte de asneiras. Tem que colocar limites nas mentiras dele já que para o STF isso não é FAKENEWS,0,0,1,https://twitter.com/DepSanderson/status/1619174403794952192
Ricardo Oliveira ᶜʳᶠ ¹⁸⁹⁵,@Ricardo_O_Fla,https://twitter.com/Ricardo_O_Fla/status/1619302593364398080,2023-01-28T11:53:18.000Z,"Vai fazer algo para o povo no plenário... por isso o país está assim ... vergonha...@ArthurLira_ ,@LulaOficial ,@STF_oficial ;@MPF_PGR",0,0,3,https://twitter.com/DepSanderson/status/1619174403794952192
tia do zap,@AnaCarl27531184,https://twitter.com/AnaCarl27531184/status/1619736019175378945,2023-01-29T16:35:34.000Z,#impeachmntlula,0,0,1,https://twitter.com/DepSanderson/status/1619174403794952192
Ana Camila Festa,@AnaCamilaFesta1,https://twitter.com/AnaCamilaFesta1/status/1619425391067926528,2023-01-28T20:01:15.000Z,"Fora isto, tem os atos do dia 08, se não quer CPI tem coniventes, e outra o Imperador quer cassar deputados. Ora, ora é o que falta cadê está democracia?",0,0,2,https://twitter.com/DepSanderson/status/1619174403794952192
Nivaneide Araújo,@AraujoNivaneide,https://twitter.com/AraujoNivaneide/status/1619431149121716224,2023-01-28T20:24:08.000Z,Foi golpe sim,0,0,2,https://twitter.com/DepSanderson/status/1619174403794952192
Leandro,@leandro22897983,https://twitter.com/leandro22897983/status/1619306851887366144,2023-01-28T12:10:13.000Z,Pra ontem.,0,0,2,https://twitter.com/DepSanderson/status/1619174403794952192
Marcelo Madella,@MarceloMadella,https://twitter.com/MarceloMadella/status/1619364564138868736,2023-01-28T15:59:33.000Z,"@DepSanderson os Yanomanis sendo massacrados pela fome e as doenças e o Sr, numa invejada condição de vida pessoal e de trabalho, preocupação com o que o Lula falou? Prioridades Deputado!",0,0,3,https://twitter.com/DepSanderson/status/1619174403794952192
Augusto Vilela Pereira,@AugustoVilelaP,https://twitter.com/AugustoVilelaP/status/1619492889138176000,2023-01-29T00:29:28.000Z,"Vou começar a sugerir um pedido de cassação do seu mandato também, na hora que um for cassado por fazer esse rupo de brincadeira com a democracia, ficam mais espertos. #CassacaoSanderson",0,0,2,https://twitter.com/DepSanderson/status/1619174403794952192
vinicrf10,@ViNi1027413150,https://twitter.com/ViNi1027413150/status/1619182484360695808,2023-01-28T03:56:01.000Z,Parabéns deputado 👏,1,0,1,https://twitter.com/DepSanderson/status/1619174403794952192
Andre Cafe Peccin,@CafePeccin,https://twitter.com/CafePeccin/status/1619747236535214080,2023-01-29T17:20:09.000Z,👏👏👏👏👏,0,0,0,https://twitter.com/DepSanderson/status/1619174403794952192
Evaniel,@Evaniel78950930,https://twitter.com/Evaniel78950930/status/1619778702094778368,2023-01-29T19:25:11.000Z,#impeachmentlulaladraojá,0,0,0,https://twitter.com/DepSanderson/status/1619174403794952192
Leonardo A Muniz,@LeonardoAMuniz1,https://twitter.com/LeonardoAMuniz1/status/1620065054807949313,2023-01-30T14:23:03.000Z,Vamos ver,0,0,0,https://twitter.com/DepSanderson/status/1619174403794952192
Lorena Sutel,@LorenaSutel,https://twitter.com/LorenaSutel/status/1620618484496617472,2023-02-01T03:02:10.000Z,Concordo plenamente,0,0,0,https://twitter.com/DepSanderson/status/1619174403794952192
Jacqueline De Paula,@Jacknhimi,https://twitter.com/Jacknhimi/status/1619516291123134465,2023-01-29T02:02:27.000Z,#ImpeachmentLulaJá,0,0,0,https://twitter.com/DepSanderson/status/1619174403794952192
Cruviana da Mantiqueira,@MarcosRohsler,https://twitter.com/MarcosRohsler/status/1619500861788651522,2023-01-29T01:01:08.000Z,Me cda cansaço esse tipo. Nem oposição de verdade sabe fazer!! Quem é que cai nesse seu papo furado?,0,0,1,https://twitter.com/DepSanderson/status/1619174403794952192
Lucia Dallmann,@LuciaDallmann84,https://twitter.com/LuciaDallmann84/status/1619543670407180288,2023-01-29T03:51:15.000Z,Aproveita e faz um pra o Bolsonaro por negligência de mais d 600 mil mortes por covid além d atentar e incitar vândalos d dia 08/01/23,0,0,0,https://twitter.com/DepSanderson/status/1619174403794952192
Noel Delamare,@noeldelamare,https://twitter.com/noeldelamare/status/1619596856128045059,2023-01-29T07:22:35.000Z,"Perdeu, Mané! Não amola!",0,0,0,https://twitter.com/DepSanderson/status/1619174403794952192
Vol,@camilobruna22,https://twitter.com/camilobruna22/status/1619374220613664768,2023-01-28T16:37:55.000Z,#foraluladrão,0,0,1,https://twitter.com/DepSanderson/status/1619174403794952192
Luciano costa,@Luciano115605,https://twitter.com/Luciano115605/status/1619533415216484352,2023-01-29T03:10:30.000Z,"E quando o Bozo reuniu os Embaixadores de vários países para tentar por em dúvida a eleição brasileira num Claro ato de preparação ao golpe, isso pode? Vai trabalhar deputado.@LulaOficial  #LulaPresidente",0,0,0,https://twitter.com/DepSanderson/status/1619174403794952192
♧João Marcelo ♧,@jottamarcello,https://twitter.com/jottamarcello/status/1619284838246408194,2023-01-28T10:42:44.000Z,"Vai trabalhar Deputado  faça algo de bom, foi golpe.",0,0,4,https://twitter.com/DepSanderson/status/1619174403794952192
Hélio Jansen,@helio_jansen,https://twitter.com/helio_jansen/status/1619439932963168256,2023-01-28T20:59:02.000Z,"Cadê vossa excelência na época de Bolsonaro com as patuscadas CRIMINOSAS, negligência na pandemia, um dólar por vacina? Ah! Vocês bolsonaristas têm memória seletiva.",0,0,2,https://twitter.com/DepSanderson/status/1619174403794952192
LilianGamba,@GambaLilian,https://twitter.com/GambaLilian/status/1619714640501690368,2023-01-29T15:10:37.000Z,O que o deputado tem a dizer sobre as emendas de relator com recursos do Orçamento Secreto? Esse é o padrão de atuação de quem apoia fascistas,0,0,1,https://twitter.com/DepSanderson/status/1619174403794952192
#LulaVaiCair #AlckminVaiCair,@CludioAbdon5,https://twitter.com/CludioAbdon5/status/1619326025456029707,2023-01-28T13:26:24.000Z,#ImpeachmentLulaJA,0,0,2,https://twitter.com/DepSanderson/status/1619174403794952192
Tutuguri,@Tutuguriyes,https://twitter.com/Tutuguriyes/status/1619306695309807617,2023-01-28T12:09:36.000Z,"Vai procurar o que fazer, ser inútil e desocupado!!!",0,0,2,https://twitter.com/DepSanderson/status/1619174403794952192
Robson Alvaro #Votei 13,@RobsonAlvaro,https://twitter.com/RobsonAlvaro/status/1619266692571602944,2023-01-28T09:30:38.000Z,"Já alcançou os seus 15 minutos de fama... Agora vá trabalhar, pois, este pais, graças àqueles que o Nobre Deputado pelo visto lambe as botas, está em situação precária e inadmissível!!!",0,0,5,https://twitter.com/DepSanderson/status/1619174403794952192
PaiPaulo,@PauloRo78513632,https://twitter.com/PauloRo78513632/status/1619315585346859010,2023-01-28T12:44:55.000Z,"Se houve golpe, deve anular todos os atos praticado por Michel Temer, inclusive nomeações e atos de seus nomeados,  a exemplo do que ocorreu com sentenças de Sérgio Moro. Além disso todos os honorários e despesas para pelo estado devem ser devolvido.",0,0,2,https://twitter.com/DepSanderson/status/1619174403794952192
narrando bichinhos principalmente a Shakira,@bichinhos_a,https://twitter.com/bichinhos_a/status/1619174750953312258,2023-01-28T03:25:18.000Z,Bota pra torar deputado! Parabéns por sua coragem!,1,0,2,https://twitter.com/DepSanderson/status/1619174403794952192
Emerson Eduardo,@eea1983,https://twitter.com/eea1983/status/1619455459681009664,2023-01-28T22:00:44.000Z,"Impeachment sem Crime, oq seria?!",0,0,1,https://twitter.com/DepSanderson/status/1619174403794952192
Kleber Vilela,@klebertuba,https://twitter.com/klebertuba/status/1619417875072307200,2023-01-28T19:31:23.000Z,"Parabéns deputado👍👏👏 
O povo TB pede um CPI das eleições 2022, para apurar qualquer falta de lisura ou parcialidade no processo.",0,0,1,https://twitter.com/DepSanderson/status/1619174403794952192
Marcia pedroza,@marciapedroz,https://twitter.com/marciapedroz/status/1619331119320797189,2023-01-28T13:46:39.000Z,Ganhou mais uma seguidora.,0,0,1,https://twitter.com/DepSanderson/status/1619174403794952192
Demetrius,@Demetri28051164,https://twitter.com/Demetri28051164/status/1619296486453567488,2023-01-28T11:29:02.000Z,"Começa com o nunca eleito Aécio Neves, depois Cunha, Temer e a maioria do congresso. Pronto, já pode investigar.",0,0,1,https://twitter.com/DepSanderson/status/1619174403794952192
Fabiano Pasinato,@fpasinato50,https://twitter.com/fpasinato50/status/1619357911083536385,2023-01-28T15:33:06.000Z,Eu acho que essa tua ideia é bem válida pode crê,0,0,1,https://twitter.com/DepSanderson/status/1619174403794952192
Calma nessa hora.,@tpdcarioca,https://twitter.com/tpdcarioca/status/1619434617500729344,2023-01-28T20:37:55.000Z,Demagogo e irresponsável.,0,0,1,https://twitter.com/DepSanderson/status/1619174403794952192
toninhocl,@toninhocl11,https://twitter.com/toninhocl11/status/1619359407229538306,2023-01-28T15:39:03.000Z,"Como o Brasil, elege umas coisas dessas, isso aí representa o que? NADA",0,0,1,https://twitter.com/DepSanderson/status/1619174403794952192
Murilo Rodrigues,@Murilo_Shion,https://twitter.com/Murilo_Shion/status/1619405579122016263,2023-01-28T18:42:31.000Z,"Se o Bolsonaro q fez merda pra caramba na pandemia não sofreu impeachment, não vai ser uma fala sobre golpe q vai fazer o Lula sair",0,0,1,https://twitter.com/DepSanderson/status/1619174403794952192
Andy,@Andreia73950802,https://twitter.com/Andreia73950802/status/1619320682030190592,2023-01-28T13:05:10.000Z,Pqp! que deputado patético!,0,0,1,https://twitter.com/DepSanderson/status/1619174403794952192
Claudia Helena,@Claudia18295407,https://twitter.com/Claudia18295407/status/1619524015198208001,2023-01-29T02:33:09.000Z,Fora Lula,0,0,0,https://twitter.com/DepSanderson/status/1619174403794952192
nerilive,@nerilive2021,https://twitter.com/nerilive2021/status/1619468500745228288,2023-01-28T22:52:33.000Z,Pra já deputado 👍😳🇧🇷,0,0,0,https://twitter.com/DepSanderson/status/1619174403794952192
Jane Schabatt,@janesilvestrin,https://twitter.com/janesilvestrin/status/1619183159610073088,2023-01-28T03:58:42.000Z,Parabéns deputado,1,0,0,https://twitter.com/DepSanderson/status/1619174403794952192
Marília De Almeida,@MarliaDeAlmeida,https://twitter.com/MarliaDeAlmeida/status/1619769693568667649,2023-01-29T18:49:23.000Z,No mínimo 1 por dia#ImpeachmentLula,0,0,0,https://twitter.com/DepSanderson/status/1619174403794952192
antonio oliveira silva,@danyyy16823937,https://twitter.com/danyyy16823937/status/1619499325108940800,2023-01-29T00:55:02.000Z,"Concordo, vão em frente!!",0,0,0,https://twitter.com/DepSanderson/status/1619174403794952192
LPF2110,@lester02425212,https://twitter.com/lester02425212/status/1619519808881696768,2023-01-29T02:16:26.000Z,Certíssimo,0,0,0,https://twitter.com/DepSanderson/status/1619174403794952192
Rose Andrade,@RoseAnd63316096,https://twitter.com/RoseAnd63316096/status/1619176729247105026,2023-01-28T03:33:09.000Z,"Não sou a favor de impeachment, pois não sabemos se ele foi eleito. 
Queremos o Código Fonte.
E o bando preso. Todos s m excessão, até os de direita traíras.",1,0,0,https://twitter.com/DepSanderson/status/1619174403794952192
Milton Passos,@MiltonPassos8,https://twitter.com/MiltonPassos8/status/1619931136272248832,2023-01-30T05:30:54.000Z,O marginal chamou o impeachment de Dilma de golpe. Então o golpista é Levandowisk. Quanto será que o ministro recebeu para ficar quieto ?,0,0,0,https://twitter.com/DepSanderson/status/1619174403794952192
joselita silva,@joselit62097165,https://twitter.com/joselit62097165/status/1619745319444692992,2023-01-29T17:12:32.000Z,Esse desgoverno tem que cair,0,0,0,https://twitter.com/DepSanderson/status/1619174403794952192
Evandi Higino,@Evandisouza15,https://twitter.com/Evandisouza15/status/1619313233617367040,2023-01-28T12:35:34.000Z,"Quanto a isso, o Lula tá mais tranquilo do que pai de moça feia 😃✌️",0,0,0,https://twitter.com/DepSanderson/status/1619174403794952192
terezabatista,@JOIADO2023,https://twitter.com/JOIADO2023/status/1619426565691146240,2023-01-28T20:05:55.000Z,"fum!!!
alguem peidou",0,0,0,https://twitter.com/DepSanderson/status/1619174403794952192
terezabatista,@JOIADO2023,https://twitter.com/JOIADO2023/status/1619426755802181632,2023-01-28T20:06:40.000Z,"alimentar o gado, sempre",0,0,0,https://twitter.com/DepSanderson/status/1619174403794952192
¸¸¸|_ - Supremacista do Amor,@Bow2PicanhaKing,https://twitter.com/Bow2PicanhaKing/status/1619395638021738496,2023-01-28T18:03:01.000Z,"Nada pode parar o 3º Mandato!
Em breve os inimigos golpistas serão esmagados e a raça dos adeptos do amor triunfarão!

Salve Lula!!! (,,,L)
Salve a Vitória!!!!",0,0,0,https://twitter.com/DepSanderson/status/1619174403794952192
Hendryu Souza,@HendryuSouza1,https://twitter.com/HendryuSouza1/status/1619409466134515712,2023-01-28T18:57:58.000Z,Vamos pra cima com tudo @DepSanderson,0,0,0,https://twitter.com/DepSanderson/status/1619174403794952192
Pam,@pam_zera,https://twitter.com/pam_zera/status/1619352851494621184,2023-01-28T15:13:00.000Z,Descansa militante! -.-,0,0,0,https://twitter.com/DepSanderson/status/1619174403794952192
Roberto Souza,@Roberto43588631,https://twitter.com/Roberto43588631/status/1619458554242686977,2023-01-28T22:13:02.000Z,Se foi golpe foi um golpe de sorte do povo brasileiro!!!!,0,0,0,https://twitter.com/DepSanderson/status/1619174403794952192
Véio de Havana,@PauloGrobe,https://twitter.com/PauloGrobe/status/1619352315491926019,2023-01-28T15:10:52.000Z,Hahaahhaahhahahahahahahaha,0,0,0,https://twitter.com/DepSanderson/status/1619174403794952192
Fabio Cabral Costa,@inspetorcabral,https://twitter.com/inspetorcabral/status/1619346519051886592,2023-01-28T14:47:50.000Z,Em suma: AO TRABALHO!!!,0,0,0,https://twitter.com/DepSanderson/status/1619174403794952192
Jean,@Jean22525925,https://twitter.com/Jean22525925/status/1619386443964751872,2023-01-28T17:26:29.000Z,Porque não abri uma investigação nos gastos do governo passado? Uma cpi do cartão corporativo? Seja justo deputado você é funcionário do povo... esqueci vc é outro bolsominion,0,0,1,https://twitter.com/DepSanderson/status/1619174403794952192
Marcia,@MarciaBiancaN,https://twitter.com/MarciaBiancaN/status/1619410023666577408,2023-01-28T19:00:11.000Z,E o careca do STF não vai falar nada?,0,0,1,https://twitter.com/DepSanderson/status/1619174403794952192
Lilian,@tekapeken22,https://twitter.com/tekapeken22/status/1619184970710548481,2023-01-28T04:05:54.000Z,E como resolver?,1,0,0,https://twitter.com/DepSanderson/status/1619174403794952192
alexandra Botelho,@alexand83859697,https://twitter.com/alexand83859697/status/1619308133867982848,2023-01-28T12:15:19.000Z,O povo está contigo deputado,0,0,1,https://twitter.com/DepSanderson/status/1619174403794952192
Alonso Cavalcante,@AlonsoCavalcan2,https://twitter.com/AlonsoCavalcan2/status/1619347517363355649,2023-01-28T14:51:48.000Z,Só no blá blá blá não resolve. Tome atitude..,0,0,1,https://twitter.com/DepSanderson/status/1619174403794952192
Cláudia B T Arndt,@ClaudiaBTArndt,https://twitter.com/ClaudiaBTArndt/status/1619444879444303873,2023-01-28T21:18:41.000Z,#ImpeachmentLulaJA,0,0,1,https://twitter.com/DepSanderson/status/1619174403794952192
Marcelo Júnior,@marcelojr234,https://twitter.com/marcelojr234/status/1619375165955080194,2023-01-28T16:41:40.000Z,Querem caçar pêlo em ovo. O sr pediu quantas aberturas de impeachment nesses últimos 4 anos fascistas que  vivemos e olha que teve cada coisa cabeluda....,0,0,1,https://twitter.com/DepSanderson/status/1619174403794952192
Dra. Eleni Martins,@eleni_martins08,https://twitter.com/eleni_martins08/status/1619339575889113089,2023-01-28T14:20:15.000Z,Kkkkkkkk canastrão,0,0,1,https://twitter.com/DepSanderson/status/1619174403794952192
caos Brasileiro,@caosileiro,https://twitter.com/caosileiro/status/1619315479440670720,2023-01-28T12:44:30.000Z,Impeachment deputado Sanderson já,0,0,0,https://twitter.com/DepSanderson/status/1619174403794952192
Yara Brilhante,@YaraBrilhante,https://twitter.com/YaraBrilhante/status/1619437958159040513,2023-01-28T20:51:11.000Z,Tag: impeachment do LULA já,0,0,0,https://twitter.com/DepSanderson/status/1619174403794952192
Jorge Andrade,@JJAndrade1978,https://twitter.com/JJAndrade1978/status/1619329233163264001,2023-01-28T13:39:09.000Z,"Infelizmente agora deputados ,governadores e senadores são apenas nomes no governo quem manda de verdade são os petistas",0,0,0,https://twitter.com/DepSanderson/status/1619174403794952192
Alex Barone,@AlexBar46489425,https://twitter.com/AlexBar46489425/status/1619447494173401091,2023-01-28T21:29:05.000Z,VAI TRABALHAR BOLSONINION!,0,0,0,https://twitter.com/DepSanderson/status/1619174403794952192
Matteo,@Matteo67956228,https://twitter.com/Matteo67956228/status/1619362116510826496,2023-01-28T15:49:49.000Z,🤣🤣🤣,0,0,0,https://twitter.com/DepSanderson/status/1619174403794952192
KATAR,@KLEBERSAMPAIOD1,https://twitter.com/KLEBERSAMPAIOD1/status/1619345438771138560,2023-01-28T14:43:33.000Z,"O deputado deveria se incomodar, com o genocídio praticado contra os Povos originários; essa é sua OBRIGAÇÃO, como parlamentar .",0,0,0,https://twitter.com/DepSanderson/status/1619174403794952192
KATAR,@KLEBERSAMPAIOD1,https://twitter.com/KLEBERSAMPAIOD1/status/1619346056147513344,2023-01-28T14:46:00.000Z,"Formado em Direito e, nem parece possuir conhecimentos, de Direito Constitucional. Lamentável...",0,0,0,https://twitter.com/DepSanderson/status/1619174403794952192
Gabriel,@Gabriel07758719,https://twitter.com/Gabriel07758719/status/1619337251317780481,2023-01-28T14:11:01.000Z,Concordo,0,0,0,https://twitter.com/DepSanderson/status/1619174403794952192
MATEUS BRANDL 22,@brandl_mateus,https://twitter.com/brandl_mateus/status/1619276394554609668,2023-01-28T10:09:11.000Z,#ImpeachmentLula,0,0,0,https://twitter.com/DepSanderson/status/1619174403794952192
damasjunior,@josedamasceno22,https://twitter.com/josedamasceno22/status/1619401890076438528,2023-01-28T18:27:52.000Z,Vai caçar um lavado de roupa!!!,0,0,0,https://twitter.com/DepSanderson/status/1619174403794952192
Alexandre Soares,@Alexand71166473,https://twitter.com/Alexand71166473/status/1619650655970287618,2023-01-29T10:56:22.000Z,"Problema é: com os presentes que temos, nada andará",0,0,0,https://twitter.com/DepSanderson/status/1619174403794952192
Samuel da Silva,@samu_silva2006,https://twitter.com/samu_silva2006/status/1619325185345339393,2023-01-28T13:23:04.000Z,"Sanderson... Deixe de choro, eleição só em 2026 agora. Preparem-se pra disputar.",0,0,0,https://twitter.com/DepSanderson/status/1619174403794952192
Luciano Santos,@Luciano77277153,https://twitter.com/Luciano77277153/status/1619327258854047744,2023-01-28T13:31:18.000Z,🤣🤣🤣🤣🤣🤣🤣🤣🤣🤣🤣🤣🤣🤣🤣🤣🤣,0,0,0,https://twitter.com/DepSanderson/status/1619174403794952192
Adauto,@MoraesAdauto,https://twitter.com/MoraesAdauto/status/1619390934936072194,2023-01-28T17:44:20.000Z,"#EleitoresSemPartido Parabéns Deputado.Os constituintes deram a todos os brasileiros o direito d votar e serem votado.
Em pouco tempo, a desmoralização d político,homem público, trouxe os despreparados para exigirem seus direitos na política.
Sem estudos,educação,  caráter,ética",0,0,0,https://twitter.com/DepSanderson/status/1619174403794952192
Orbormes,@Carvamalho369,https://twitter.com/Carvamalho369/status/1619683852699697153,2023-01-29T13:08:17.000Z,"Não cassaram o ex-presidente extremista, vão cassar quem simplesmente opinou o que o povo afirma: ""Golpe contra o mandato de Dilma, por não querer aceitar o esquema de alguns vagabundos do Congresso Nacional, os mesmos do orçamento secreto, e pelo fato de ser mulher.",0,0,0,https://twitter.com/DepSanderson/status/1619174403794952192
Nilza S M Rezende,@nilzasm123,https://twitter.com/nilzasm123/status/1619718567192301575,2023-01-29T15:26:13.000Z,Kkkkkk,0,0,0,https://twitter.com/DepSanderson/status/1619174403794952192
Bastião com unhas e dentes,@BastiaoD,https://twitter.com/BastiaoD/status/1619514371834810368,2023-01-29T01:54:50.000Z,"Um diz que nao tem golpe onde queriam que tivesse(bolsonaro) e outro diz que tem golpe onde queriam que nao tivesse(lula).
kkkkkkkk duas bostas pura",0,0,0,https://twitter.com/DepSanderson/status/1619174403794952192
Emerson Ferreira,@Emerson54694838,https://twitter.com/Emerson54694838/status/1619659862287482881,2023-01-29T11:32:57.000Z,Loola vai continuar falando e fazendo o que ele quiser. O sistema está a favor dele. Chance de impeachment é zero. Infelizmente vamos sofrer na mão desse presidente ilegítimo!!!,0,0,0,https://twitter.com/DepSanderson/status/1619174403794952192
