nome,usuario,idTweet,dataPublicacao,texto,replies,retweets,likes,tweetPai
"No pain, no gain. Sacrifice Yourself. No hesitate.",@ReligareInside,https://twitter.com/ReligareInside/status/1619145613689626624,2023-01-28T01:29:31.000Z,"Deputada, posição correta...

Mas sabe o que nos tem chamado a atenção?

Não conseguimos entender a passividade de vocês diante do avanços de nossos algozes!!!

Se fosse ao contrário, a esquerda estaria esperneando, botando pra quebrar.

Precisam sair de suas zonas de conforto!",17,0,22,https://twitter.com/Biakicis/status/1619142987073703939
The_Date_Tokyo,@the_date_tokyo,https://twitter.com/the_date_tokyo/status/1619182005954170880,2023-01-28T03:54:07.000Z,Apoiado,0,0,1,https://twitter.com/Biakicis/status/1619142987073703939
Sidney,@SidneyGump,https://twitter.com/SidneyGump/status/1619170667534114818,2023-01-28T03:09:04.000Z,"Então a bolsonarista, depois daquela enorme demonstração da falta de um policiamento organizado em Brasília (e que não seja subordinado a um governador conivente com o crime, como foi demonstrado), é contra uma Força Nacional?
Humm...",7,3,45,https://twitter.com/Biakicis/status/1619142987073703939
Lisette L Tex,@LisetteLTex,https://twitter.com/LisetteLTex/status/1619169744804012032,2023-01-28T03:05:24.000Z,"Todo mundo conhece o plano deles e farão de tudo para implementar, chegaram lá estão pouco ligando para o parlamento.",1,0,3,https://twitter.com/Biakicis/status/1619142987073703939
Tony,@Tony2808988,https://twitter.com/Tony2808988/status/1619241015877181441,2023-01-28T07:48:36.000Z,"Você está no Xandaquistão, fia. Congresso não apita mais nada. Se liga.",1,1,15,https://twitter.com/Biakicis/status/1619142987073703939
MARCO,@Marco_CFN,https://twitter.com/Marco_CFN/status/1619290333443153920,2023-01-28T11:04:35.000Z,Justificativa é SIMPLES! IMPLEMENTAÇÃO DO REGIME VENEZUELANO NO BRASIL!........,0,1,3,https://twitter.com/Biakicis/status/1619142987073703939
Dalila Mansur,@DalilaMansur,https://twitter.com/DalilaMansur/status/1619387995672674306,2023-01-28T17:32:39.000Z,"Voce está corretíssima Bia, o problema é esse Executivo trabalhando de mãos dadas com o Judiciário, será que o Legislativo terá força para barrar, espero que sim.🙏🇧🇷🙏🇧🇷",0,1,4,https://twitter.com/Biakicis/status/1619142987073703939
tia do zap,@AnaCarl27531184,https://twitter.com/AnaCarl27531184/status/1619500684495446016,2023-01-29T01:00:26.000Z,Deputada não aceitamos uma guarda nacional.,2,0,12,https://twitter.com/Biakicis/status/1619142987073703939
Como será o amanhã,@Ricardo80505651,https://twitter.com/Ricardo80505651/status/1619148173242699776,2023-01-28T01:39:41.000Z,"NOBRE DEPUTADA, SOU DE MANAUS AM E MINHA TORCIDA PELA SENHORA, PELO NIKOLAS, CARLA ZAMBELLE, E OUTROS GRANDES DEPUTADOS E SENADORES  SÉRIOS PARA QUE NOSSO AMADO BRASIL SAIA DAS GARRAS DESSA SITUAÇÃO HORRÍVEL QUE VIVEMOS E PODE ATÉ PIORAR E MUITO.
DEUS ABENÇOE TODOS VOCÊS 🙏🏼",1,1,6,https://twitter.com/Biakicis/status/1619142987073703939
Anderson Teixeira Gonçalves,@andersonhoje,https://twitter.com/andersonhoje/status/1619677169755770881,2023-01-29T12:41:44.000Z,"23:59 A esquerda defende o fim das polícias.

00:00 A esquerda quer criar uma Guarda Nacional.

...

Nunca foi pelo povo, mas pelo poder.",0,0,0,https://twitter.com/Biakicis/status/1619142987073703939
Jose Roberto,@Zecasalles65,https://twitter.com/Zecasalles65/status/1619143487060054016,2023-01-28T01:21:04.000Z,Espero que todos a acompanhe.,1,0,1,https://twitter.com/Biakicis/status/1619142987073703939
Liliana Medeiros - Lula presidente eleito,@LilianaMedeiros,https://twitter.com/LilianaMedeiros/status/1619345744141639680,2023-01-28T14:44:46.000Z,"Você quis dizer Guarda Nacional, né, mané, porque Força Nacional é o que já existe. A pressa em detonar qualquer manifestação do governo Lula faz isso, até opor-se à criação do que já existe.",6,0,64,https://twitter.com/Biakicis/status/1619142987073703939
Alucia,@ALuciaBG,https://twitter.com/ALuciaBG/status/1619145156678291456,2023-01-28T01:27:42.000Z,https://twitter.com/revistaoeste/status/1619096215232167936?t=M92jGEQi9kzd1K8ysxvuMw&s=19…E prá isso tem justificativa?,1,0,1,https://twitter.com/Biakicis/status/1619142987073703939
janaina,@janaina55265808,https://twitter.com/janaina55265808/status/1619380817456951298,2023-01-28T17:04:08.000Z,"A Sra tem que ajudar essas patriotas, isso é desumano!!!",0,0,0,https://twitter.com/Biakicis/status/1619142987073703939
Regina Neves,@ReginaN21402946,https://twitter.com/ReginaN21402946/status/1619373909098496000,2023-01-28T16:36:41.000Z,👏👏Isso mesmo Deputada um absurdo desse 🙄,0,0,0,https://twitter.com/Biakicis/status/1619142987073703939
Dirce Oliveira,@dloliveira1830,https://twitter.com/dloliveira1830/status/1619457173742030849,2023-01-28T22:07:32.000Z,Isto pode?,0,0,0,https://twitter.com/Biakicis/status/1619142987073703939
Deus acima de tudo!,@MariaJosMaia9,https://twitter.com/MariaJosMaia9/status/1619460754939465730,2023-01-28T22:21:46.000Z,"E alguém liga, para a sua manifestação? Tempos sombrios 😭",0,0,0,https://twitter.com/Biakicis/status/1619142987073703939
Max,@bonfim02021979,https://twitter.com/bonfim02021979/status/1619478862945210369,2023-01-28T23:33:44.000Z,Já existe a força nacional,0,0,0,https://twitter.com/Biakicis/status/1619142987073703939
avante brasil,@avanteBrasil45,https://twitter.com/avanteBrasil45/status/1619376044443828224,2023-01-28T16:45:10.000Z,Ja se esqueceu que nosso exercito é o exercito bananinha. Vao implantar sim,0,0,0,https://twitter.com/Biakicis/status/1619142987073703939
Pérola,@ennes_perola,https://twitter.com/ennes_perola/status/1619433618656608257,2023-01-28T20:33:56.000Z,"Parabéns,  enquanto vcs se manifestam, eles avançam no poder.",0,0,0,https://twitter.com/Biakicis/status/1619142987073703939
Umari Marques Libanori,@MarquesUmari,https://twitter.com/MarquesUmari/status/1619376064857522177,2023-01-28T16:45:15.000Z,"Isso precisa ser aprovado por uma PEC??. Se for, não tem que ser votado.",0,0,0,https://twitter.com/Biakicis/status/1619142987073703939
ArquitetoSam,@ArquitetoSam,https://twitter.com/ArquitetoSam/status/1619382391717478401,2023-01-28T17:10:23.000Z,CADE OS SNIPERS DESSE PAIS??????,0,0,0,https://twitter.com/Biakicis/status/1619142987073703939
Marcão,@ObednegoMarcos,https://twitter.com/ObednegoMarcos/status/1619321883761213447,2023-01-28T13:09:57.000Z,"Também sou contra a criação da Força Nacional. Quem começou com isto (Guarda Pretoriana), foi o 1º imperador de Roma Augusto Cesar, já que havia perdido a confiança nos seus generais. Ela ficou mais poderosa que o exército, como acontece agora com relação ao mesmo, e a PM.",0,0,1,https://twitter.com/Biakicis/status/1619142987073703939
Jeane Rosa,@JeaneRo93627147,https://twitter.com/JeaneRo93627147/status/1621134805810253827,2023-02-02T13:13:51.000Z,Sonho...,0,0,0,https://twitter.com/Biakicis/status/1619142987073703939
Jair Mitto do Brasil Fora Lula Cachaceiro,@jair_mitto,https://twitter.com/jair_mitto/status/1619386557907243014,2023-01-28T17:26:56.000Z,"Tem uma justificativa: 

Criar uma MILÍCIA ARMADA para o PT.",0,0,2,https://twitter.com/Biakicis/status/1619142987073703939
Airton % BOLSONARO,@leitao_airton,https://twitter.com/leitao_airton/status/1619410978030120963,2023-01-28T19:03:59.000Z,Usar como justificativa o dia 08/01 para criar a tal guarda nacional é só uma desculpa esfarrapada p/ fazerem o q já tinham em mente.,0,0,3,https://twitter.com/Biakicis/status/1619142987073703939
Vera Cecília Corgosinho,@CorgosinhoVera,https://twitter.com/CorgosinhoVera/status/1619626980005269504,2023-01-29T09:22:17.000Z,"Já conhecemos a história da Força Nacional na Venezuela, para que repetir aqui no Brasil.",1,0,1,https://twitter.com/Biakicis/status/1619142987073703939
Beto Weig,@betoweig,https://twitter.com/betoweig/status/1619478860256641024,2023-01-28T23:33:43.000Z,Estado armado jamais será vandalizado!,1,0,0,https://twitter.com/Biakicis/status/1619142987073703939
Hemerson. Alfa Foxtrot.,@HemersonSoares7,https://twitter.com/HemersonSoares7/status/1619633574176763904,2023-01-29T09:48:30.000Z,já não temos uma? eles querem é uma guarda nacional nos moldes da Venezuela.,0,0,0,https://twitter.com/Biakicis/status/1619142987073703939
Robson Scardini,@tintureiro1,https://twitter.com/tintureiro1/status/1619158921931005952,2023-01-28T02:22:24.000Z,"Sem necessidade alguma montar mais esta estrutura ""Força Nacional"" colocando mais sobrepeso no Estado.
Um gasto desnecessário.
O Brasil tem polícia o suficiente.",0,0,5,https://twitter.com/Biakicis/status/1619142987073703939
CARDOSO SILVA,@JosCardosodaS11,https://twitter.com/JosCardosodaS11/status/1619338797862506496,2023-01-28T14:17:09.000Z,Quem manda nessa porcaria chamada Brasil é Alexandre de Morais,0,0,1,https://twitter.com/Biakicis/status/1619142987073703939
Sérgio Nepomuceno,@nepomuceno_sr,https://twitter.com/nepomuceno_sr/status/1619355899642126339,2023-01-28T15:25:07.000Z,"Na verdade isso é uma farc brasileira com dois comandos, brasil e argentina...isso sim é golpe",0,0,1,https://twitter.com/Biakicis/status/1619142987073703939
Marcos,@Marcos33141466,https://twitter.com/Marcos33141466/status/1620421754668855297,2023-01-31T14:00:26.000Z,Deputada pq não se candidatou a presidente a câmara dos deputados?,0,0,0,https://twitter.com/Biakicis/status/1619142987073703939
Lu Constantino,@aabrasileira,https://twitter.com/aabrasileira/status/1619153233003581443,2023-01-28T01:59:47.000Z,"Voltou de Miami? Quem sabe agora a Dep. comece a trabalhar de verdade. E a situação dos cidadãos presos injustamente nos atos deploráveis do dia 08/01, como estão?",0,0,3,https://twitter.com/Biakicis/status/1619142987073703939
,@BethBrasil2022,https://twitter.com/BethBrasil2022/status/1619156211504668672,2023-01-28T02:11:37.000Z,Me representa!  💚💚💚,1,0,1,https://twitter.com/Biakicis/status/1619142987073703939
Raul,@rsb1812,https://twitter.com/rsb1812/status/1619345754707087362,2023-01-28T14:44:48.000Z,"E só uma forma de tirar poder do exército, e levar para o lado dos comunas, coloca uns melancia no comando e vai aumentando o orçamento até ter mais investimento que o próprio exército.",0,0,1,https://twitter.com/Biakicis/status/1619142987073703939
,@Divanil59384868,https://twitter.com/Divanil59384868/status/1619313983345033218,2023-01-28T12:38:33.000Z,Lalao pensa que aqui já é Brasilela 😱💪🇧🇷🇧🇷🇧🇷,0,0,0,https://twitter.com/Biakicis/status/1619142987073703939
Jogar dentro das quatro linhas da Const Fed Br 88,@LRobertoLeitao,https://twitter.com/LRobertoLeitao/status/1619317219242172416,2023-01-28T12:51:25.000Z,#FORAPacheco #PachecoFORA,0,0,0,https://twitter.com/Biakicis/status/1619142987073703939
BETINHA,@BethFROSSARD,https://twitter.com/BethFROSSARD/status/1619262521327910913,2023-01-28T09:14:04.000Z,"Deputada, com máximo respeito, mesmo pessoas com 2 neurônios, sabe o porquê desta transferência do articulador de campanhas do L ! É o verdadeiro TOMA LÁ, DA CÁ!!",0,0,0,https://twitter.com/Biakicis/status/1619142987073703939
Lucas,@lucschnai,https://twitter.com/lucschnai/status/1619147500224647168,2023-01-28T01:37:01.000Z,Mas é uma FARSA. Não é seria uma Força.,0,0,0,https://twitter.com/Biakicis/status/1619142987073703939
Aline Costa,@AlineC_Germano,https://twitter.com/AlineC_Germano/status/1619366422010007552,2023-01-28T16:06:56.000Z,O povo de bem está contigo deputada!,0,0,0,https://twitter.com/Biakicis/status/1619142987073703939
Leonardo Haja Luz,@LeoHajaluz,https://twitter.com/LeoHajaluz/status/1619273562266939392,2023-01-28T09:57:56.000Z,"Falar até papagaio fala, quero saber o que de efetivo será feito? Qual medida tomar?",0,0,0,https://twitter.com/Biakicis/status/1619142987073703939
Carlos Cerasoli,@CarlosCerasoli,https://twitter.com/CarlosCerasoli/status/1619313817099571200,2023-01-28T12:37:54.000Z,Grande Bia....parabéns....,0,0,0,https://twitter.com/Biakicis/status/1619142987073703939
𝔅𝔞𝔰𝔢 ℭ𝔬𝔫𝔰𝔢𝔯𝔳𝔞𝔡𝔬𝔯𝔞,@BseConservadora,https://twitter.com/BseConservadora/status/1619146846823415809,2023-01-28T01:34:25.000Z,Votou como mesmo a PEC do Mercadante?,0,0,0,https://twitter.com/Biakicis/status/1619142987073703939
Celia Martins,@CeliaMa71227694,https://twitter.com/CeliaMa71227694/status/1619158384519020545,2023-01-28T02:20:16.000Z,Eu n quero essa guardar nacional…,0,0,0,https://twitter.com/Biakicis/status/1619142987073703939
Fernando De Mattos,@Fernand28565730,https://twitter.com/Fernand28565730/status/1619470730529476608,2023-01-28T23:01:25.000Z,De jeito nenhum.ainda tá em tempo .das exército e anorautica ajir . porque Jô a Marinha . não nós abandonou,0,0,0,https://twitter.com/Biakicis/status/1619142987073703939
LIBERDADE !,@liberdade19961,https://twitter.com/liberdade19961/status/1619163975505301504,2023-01-28T02:42:29.000Z,Desrespeito às nossas forças armadas !!!,0,0,0,https://twitter.com/Biakicis/status/1619142987073703939
Sidenei Souza,@sidenei_souza,https://twitter.com/sidenei_souza/status/1619170339954757635,2023-01-28T03:07:46.000Z,"Eles estão montando o mesmo esquema que Maduro fez na Venezuela, não vai demorar muito para estarmos vivendo o comunismo, só não vê quem não quer!",0,0,0,https://twitter.com/Biakicis/status/1619142987073703939
Plinio Marcos,@Pdamaceno40,https://twitter.com/Pdamaceno40/status/1619171838843813888,2023-01-28T03:13:43.000Z,"deputada, que bom mas esse posicionamento todos já esperavam da senhora. O que precisamos é saber o que a senhora pretende fazer para isso. Lembrando que a eleição (fraudada) já passou e vivemos em um Regime comunista e todos os de oposição se sairem da linha vai pro paredão.",0,0,0,https://twitter.com/Biakicis/status/1619142987073703939
Plinio Marcos,@Pdamaceno40,https://twitter.com/Pdamaceno40/status/1619172208500445187,2023-01-28T03:15:11.000Z,"aproveitando, a senhora está fazendo o que pelos que foram presos pelo Regime implantado por manifestarem e o motivo deles não terem seus direitos constitucionais preservados? Aguardamos esse tipo de posicionamento.",0,0,0,https://twitter.com/Biakicis/status/1619142987073703939
Silvana,@Maktub1619,https://twitter.com/Maktub1619/status/1619167314502627331,2023-01-28T02:55:45.000Z,Pela internet? O Lule nem tem a senha do Twitter dele.,0,0,0,https://twitter.com/Biakicis/status/1619142987073703939
Jarilson Guilherme,@JarilsonBG,https://twitter.com/JarilsonBG/status/1619268609330786305,2023-01-28T09:38:15.000Z,"Há sim, o fetiche dos vermelhos é copiar o modelo venezuelano...",0,0,0,https://twitter.com/Biakicis/status/1619142987073703939
Angela Maria - LIBERDADE -,@angelamdc,https://twitter.com/angelamdc/status/1619342773781676034,2023-01-28T14:32:57.000Z,Vocês precisam impedir isto a qualquer custo!,0,0,0,https://twitter.com/Biakicis/status/1619142987073703939
PERDEU MANÉ,@MANESEMDENTE,https://twitter.com/MANESEMDENTE/status/1619183002512392192,2023-01-28T03:58:05.000Z,O Barba quer e acabou o assunto,0,0,0,https://twitter.com/Biakicis/status/1619142987073703939
Jose Carlos,@ZeCarlos250872,https://twitter.com/ZeCarlos250872/status/1619159165649428480,2023-01-28T02:23:22.000Z,Povo brasileiro é  contra #NaoAForcaNascional,0,0,1,https://twitter.com/Biakicis/status/1619142987073703939
Maria Edsalma da Silva,@edsalma_da,https://twitter.com/edsalma_da/status/1619147373044969472,2023-01-28T01:36:30.000Z,"Quanta ignorância.Eles planejaram,contrataram,pagaram pelo serviço. Missão dada,missão cumprida. Me poupe,eu tenho raciocínio lógico!",0,0,0,https://twitter.com/Biakicis/status/1619142987073703939
Donna Brazilis,@DonnaBrazili,https://twitter.com/DonnaBrazili/status/1619159155490828290,2023-01-28T02:23:19.000Z,"Cada prédio do poder tem uma espécie de QG... no palácio do planalto, no STF, no Congresso, Câmara Senado, itamaraty, ministério Justiça, 24 horassss e inexplicavelmente foram 'dispensados'. NÃO, NÃO PRECISA DE GUARDA NACIONAL",0,0,1,https://twitter.com/Biakicis/status/1619142987073703939
Thiagoroqueiro Conservador B35,@thiagoroqueiro,https://twitter.com/thiagoroqueiro/status/1619157343463411712,2023-01-28T02:16:07.000Z,"Sobe a tag... Se não subir tag, não é a bia...
Vai reclamar sonde agora, deputag? Paris, Roma? Barcelona? Lisboa?
Vá trabalhar...",0,0,2,https://twitter.com/Biakicis/status/1619142987073703939
alffonseca,@alffonseca43,https://twitter.com/alffonseca43/status/1619161151111303169,2023-01-28T02:31:15.000Z,Aguardando pra ver o que vão fazer para impedir isso 🤨 só palavras não basta 😒,0,0,3,https://twitter.com/Biakicis/status/1619142987073703939
Marcos,@Marcoslrsilva,https://twitter.com/Marcoslrsilva/status/1619148518647828481,2023-01-28T01:41:03.000Z,"""Ain, a base bolsonarista é importante, elege o pl""
Taí o resultado, só choradeira nas redes e nenhuma atitude eficaz.",0,0,4,https://twitter.com/Biakicis/status/1619142987073703939
Ze Senna,@Frogsay1900,https://twitter.com/Frogsay1900/status/1619471291064684544,2023-01-28T23:03:38.000Z,Eu sou a favor de tudo que vcs são contra.,0,0,0,https://twitter.com/Biakicis/status/1619142987073703939
Patrícia Alves,@Patygyn777,https://twitter.com/Patygyn777/status/1619388526856110080,2023-01-28T17:34:46.000Z,Parabéns,0,0,0,https://twitter.com/Biakicis/status/1619142987073703939
ordem & progresso,@SomenteEup,https://twitter.com/SomenteEup/status/1619144536353312774,2023-01-28T01:25:14.000Z,"Vcs deveria e estar pressionando para a CPI dos atos de 08 de janeiro. Direita mais desarticulada essa, meu Deus🤦🏽‍♀️ Por isso são triturados pela esquerda.",0,0,9,https://twitter.com/Biakicis/status/1619142987073703939
André Coimbra,@AndreeCoimbra,https://twitter.com/AndreeCoimbra/status/1619183947816243205,2023-01-28T04:01:50.000Z,Uma catástrofe se for adiante essa criação!,0,0,3,https://twitter.com/Biakicis/status/1619142987073703939
"TRI É OS PORCO, CHORA...",@sandrosouzaric1,https://twitter.com/sandrosouzaric1/status/1619301566036705281,2023-01-28T11:49:13.000Z,"Sai da internet criatura, queremos menos internet e mais ações práticas...",0,0,5,https://twitter.com/Biakicis/status/1619142987073703939
Alexandre Jodai,@JodaiHideki,https://twitter.com/JodaiHideki/status/1619422700795207680,2023-01-28T19:50:33.000Z,Meu total apoio#PachecoNuncaMais #PachecoNAO,0,0,3,https://twitter.com/Biakicis/status/1619142987073703939
António Carlos de Castro,@direitaretornar,https://twitter.com/direitaretornar/status/1619663696606949378,2023-01-29T11:48:11.000Z,Apoio e concordo! A Segurança Pública no DF é um milhão de vezes melhor que a do Maranhão e 10 vezes melhor que a de São Paulo. Será que o Xandão sabe??? @alexandre,0,1,1,https://twitter.com/Biakicis/status/1619142987073703939
allyson santos,@allysonsantos27,https://twitter.com/allysonsantos27/status/1619146737830211584,2023-01-28T01:33:59.000Z,Guarda bolivariana nacional aí sim não podemos deixar ser criada,1,0,1,https://twitter.com/Biakicis/status/1619142987073703939
tia lourdes,@tialourdes51,https://twitter.com/tialourdes51/status/1619309977545629697,2023-01-28T12:22:38.000Z,"Bia não adianta votar contra, eles da esquerda vencem em tudo. A direita acabou, nós temos que conformar para não adoecer, fico triste com o rumo que a nação tomou, não existe lei, valores, ética, fé, esperança, espectativas. Acabou! O crime compensa, a corrupção também.",3,1,3,https://twitter.com/Biakicis/status/1619142987073703939
RICARDO DONAMARIA,@RDonamaria,https://twitter.com/RDonamaria/status/1619145810570280960,2023-01-28T01:30:18.000Z,"Qual a intenção disso?????
Fazer uma guarda particular!!!!!!!!",4,0,1,https://twitter.com/Biakicis/status/1619142987073703939
Petrusman,@bruxoneurotico,https://twitter.com/bruxoneurotico/status/1619356394033119232,2023-01-28T15:27:05.000Z,"Tudo que é desenvolvimento, progresso e qualquer forma de melhoria pro país a sra é conta. Desserviço!",0,0,1,https://twitter.com/Biakicis/status/1619142987073703939
Deise Silva Teixeira,@DeiseTeix1,https://twitter.com/DeiseTeix1/status/1619320266450169861,2023-01-28T13:03:31.000Z,"Deputada na boa, a senhora só fica nessa de se manifestar, de se indignar, isso não vai mudar nada!! O que vcs do congresso, da câmara estão fazendo para impedir o avanço do comunismo no Brasil? Pelo jeito nada, ficar reclamando, vai ajudar no que ? Fale menos e aja mais.",6,0,1,https://twitter.com/Biakicis/status/1619142987073703939
Lícia,@jumamarrua13,https://twitter.com/jumamarrua13/status/1619175203992657922,2023-01-28T03:27:06.000Z,Você faz parte do Governo Federal por acaso? Não né? Então recolha-se à sua insignificância. Ninguém perguntou a sua opinião.,4,3,50,https://twitter.com/Biakicis/status/1619142987073703939
beth kaz,@bethcps,https://twitter.com/bethcps/status/1619171000150806528,2023-01-28T03:10:23.000Z,"O Nine quer uma guarda especial pra ele, pois tá com medo..",2,0,1,https://twitter.com/Biakicis/status/1619142987073703939
Bruno Augusto,@brunocomfilo,https://twitter.com/brunocomfilo/status/1619169989000593408,2023-01-28T03:06:22.000Z,Aqui o motivo.,0,0,9,https://twitter.com/Biakicis/status/1619142987073703939
Géde Politico,@gedeontargino,https://twitter.com/gedeontargino/status/1619274153550577665,2023-01-28T10:00:17.000Z,Sabe nem se volta pra Câmara.,0,0,7,https://twitter.com/Biakicis/status/1619142987073703939
Jane Jan,@janemeirelles5,https://twitter.com/janemeirelles5/status/1619318271643365378,2023-01-28T12:55:36.000Z,"""Vasculhamos as contas da campanha de Léo Índio Bolsonaro, que têm doação de Bia Kicis e gastos no mínimo curiosos pagamentos em dinheiro e R$10 mil de Kicis fazem parte das contas do candidato a deputado - que não se elegeu - e primo dos filhos do ex-presidente.""",2,0,0,https://twitter.com/Biakicis/status/1619142987073703939
Jane Jan,@janemeirelles5,https://twitter.com/janemeirelles5/status/1619318576581849089,2023-01-28T12:56:48.000Z,Pq fez doação para Leo índio investigado sobre atos terroristas ??,0,0,5,https://twitter.com/Biakicis/status/1619142987073703939
fabio nascimento,@favieer1,https://twitter.com/favieer1/status/1619196344790568960,2023-01-28T04:51:06.000Z,"Qual a surpresa do seu posicionamento contrário? Sua oposição à tudo que diz respeito a reconstrução da democracia, a tudo que é benéfico pro país já não nos surpreende, afinal, sua intenção é exatamente a da desordem, claro; sempre revestido de “crítica” infundado  e “oposição”.",0,0,2,https://twitter.com/Biakicis/status/1619142987073703939
Esio Neto,@esioneto,https://twitter.com/esioneto/status/1619270968391925761,2023-01-28T09:47:38.000Z,Pq vc apoiou isso aqui?,1,1,22,https://twitter.com/Biakicis/status/1619142987073703939
clei,@Cleidevan_A,https://twitter.com/Cleidevan_A/status/1619147285417570304,2023-01-28T01:36:09.000Z,Ta com medo né ?,1,0,3,https://twitter.com/Biakicis/status/1619142987073703939
"A Ciência voltou, seja bem vindo 2023!",@MGsemcensura,https://twitter.com/MGsemcensura/status/1619300417736966146,2023-01-28T11:44:39.000Z,"Bota essa aí para comandar a ""força desnacional"" do golpe!",0,0,19,https://twitter.com/Biakicis/status/1619142987073703939
JotaPê,@jota_pe13,https://twitter.com/jota_pe13/status/1619332560848551936,2023-01-28T13:52:22.000Z,Ah! Vatománocú!,0,0,6,https://twitter.com/Biakicis/status/1619142987073703939
Frotter,@franzrotter,https://twitter.com/franzrotter/status/1619319062491987969,2023-01-28T12:58:44.000Z,A contaminação política das forças regulares demonstrada no dia 8.01 demonstrou ser necessário tomar esta atitude,0,0,1,https://twitter.com/Biakicis/status/1619142987073703939
Sauro Din,@saurodin,https://twitter.com/saurodin/status/1619168886523572224,2023-01-28T03:01:59.000Z,milicia nacional,0,0,0,https://twitter.com/Biakicis/status/1619142987073703939
Rosa,@762556999L,https://twitter.com/762556999L/status/1619305657248653312,2023-01-28T12:05:28.000Z,"Isso aí Bia, vc corrente como sempre.",0,0,0,https://twitter.com/Biakicis/status/1619142987073703939
AFRamos,@FRamos79377947,https://twitter.com/FRamos79377947/status/1619346677453971456,2023-01-28T14:48:28.000Z,👏🏻👏🏻👏🏻👏🏻,0,0,0,https://twitter.com/Biakicis/status/1619142987073703939
Bruno Paduan,@PaduanBruno,https://twitter.com/PaduanBruno/status/1619153550315245570,2023-01-28T02:01:03.000Z,"Deputada, caso necessário msm, basta criar um batalhão da PM, seria interessante olhar uma proposta com relação a isso. Mas aí eu meu pergunto tbm, pra que que servem as polícias legislativa e judiciária além do BGP tbm",3,1,1,https://twitter.com/Biakicis/status/1619142987073703939
HELIO ABREU FILHO,@helioabreufilho,https://twitter.com/helioabreufilho/status/1619298171062194177,2023-01-28T11:35:43.000Z,"Se focar: 1.Proteger o regime democrático de seus supostos nãoamigos, antidemocráticos, e, políticos. 2.Utilizar informantes, vigilância, busca e apreensão domiciliar e métodos diferenciados. 3.Coordenar alocação dos nãoamigos contidos. 4.Manter, PROTEGER o status quo político...",1,0,0,https://twitter.com/Biakicis/status/1619142987073703939
flaviana scipião,@FlavianaScipiao,https://twitter.com/FlavianaScipiao/status/1619149760296022017,2023-01-28T01:45:59.000Z,A Força Nacional será a confirmação de estarmos vivendo  em uma ditadura.,4,0,1,https://twitter.com/Biakicis/status/1619142987073703939
Luciana de Lima,@lulim88,https://twitter.com/lulim88/status/1619246779970756608,2023-01-28T08:11:31.000Z,"Tem que criar sim! Nós somos testemunhas da maneira como Governador, PM e Exército agiram, inclusive com graves casos de membros coniventes com uma tentativa de golpe, fato muito grave. O Ministro @FlavioDino está agindo na prevenção, como tem que ser, para colocar ordem na casa",2,0,8,https://twitter.com/Biakicis/status/1619142987073703939
Angélica Gomes,@GAngelica1685,https://twitter.com/GAngelica1685/status/1619144098363092995,2023-01-28T01:23:29.000Z,O povo brasileiro tbm vai dizer não.,5,0,0,https://twitter.com/Biakicis/status/1619142987073703939
Filho do ETERNO CRIADOR,@EdsonGulart1,https://twitter.com/EdsonGulart1/status/1619147479311880197,2023-01-28T01:36:56.000Z,"Quanta inércia com as ações desse grupo que está destruindo a nação.
Queremos ações por parte dos deputados e senadores e menos falatório nas redes sociais e vcs são bem pagos para agir com veemência contra meia dúzia de elementos que não cumprem a constituição.
Trabalhem já.",1,0,1,https://twitter.com/Biakicis/status/1619142987073703939
Valquiria dos Santos,@valqsantos13,https://twitter.com/valqsantos13/status/1619171890052075521,2023-01-28T03:13:56.000Z,"Não vê necessidade, as forças policiais de Brasília têm condições de cuidar da segurança! Isso não é contraditório diante do que vimos dia 08? Quem paga o salário da PM de Brasília é a União, então, é justo que crie uma Força Nacional específica para Brasília.",5,1,31,https://twitter.com/Biakicis/status/1619142987073703939
Ricardo Oliveira,@ricardoptb,https://twitter.com/ricardoptb/status/1619473333690703872,2023-01-28T23:11:45.000Z,"O Exército não vai concordar com isso, também! É um absurdo e o Comandate do Exército tem que se manifestar … isso é questão de Segurança/Defesa Nacional!!!",0,0,0,https://twitter.com/Biakicis/status/1619142987073703939
ines mota rodrigues,@ines1965elvis,https://twitter.com/ines1965elvis/status/1619437330993127424,2023-01-28T20:48:42.000Z,"Além da Guarda Nacional, o CN deve sancionar uma lei proibindo o bolsonarismo porque este movimento prejudicou o Brasil de baseado nas ideologias nazista e fascista.",0,0,0,https://twitter.com/Biakicis/status/1619142987073703939
Alfeu Garcia Reginaldo,@ReginaldoAlfeu,https://twitter.com/ReginaldoAlfeu/status/1619659316704980992,2023-01-29T11:30:47.000Z,Tá com medinho..???... XANDÃO olha ela aí XANDÃO mentindo descaradamente como sempre...,0,0,0,https://twitter.com/Biakicis/status/1619142987073703939
JRSantos,@Jurandi96153026,https://twitter.com/Jurandi96153026/status/1619364885154140160,2023-01-28T16:00:49.000Z,Não não e não.,0,0,0,https://twitter.com/Biakicis/status/1619142987073703939
MaryCunhaS,@MaryCunhaS1,https://twitter.com/MaryCunhaS1/status/1619385127557304322,2023-01-28T17:21:15.000Z,Parabéns,0,0,0,https://twitter.com/Biakicis/status/1619142987073703939
Carlos Andrade,@Cepedretti,https://twitter.com/Cepedretti/status/1619474677369573376,2023-01-28T23:17:06.000Z,"Natural que seria contra. O DF recebe recursos e, neste caso, a PM não cumpriu seu papel além de ter sido prejudicada pelo exército. Assunto polêmico para o qual não vejo isenção da Sra em se manifestar",0,0,0,https://twitter.com/Biakicis/status/1619142987073703939
Marcelo Nascimento,@Marcelo_Turbo,https://twitter.com/Marcelo_Turbo/status/1619422065530114048,2023-01-28T19:48:02.000Z,"Você defende o caos, a desordem e o golpe, por isso é contra",0,0,0,https://twitter.com/Biakicis/status/1619142987073703939
Lilian Fischer Muller,@fischer_muller,https://twitter.com/fischer_muller/status/1619777071047401472,2023-01-29T19:18:42.000Z,"Além de dizer NÃO precisa convencer outros a votarem não , se não a sua posição não adiantou em nada. 🥵😎🤔",0,0,0,https://twitter.com/Biakicis/status/1619142987073703939
Zé Democrático,@ZeDemocratico,https://twitter.com/ZeDemocratico/status/1619668328406216704,2023-01-29T12:06:36.000Z,Putz! O efeito da Cloroquina demora passar. Bibimalvadona cada vez mais maluca,0,0,0,https://twitter.com/Biakicis/status/1619142987073703939
Luiz Antonio Da costa,@LuizAntonio_66,https://twitter.com/LuizAntonio_66/status/1619375356158545920,2023-01-28T16:42:26.000Z,"Vergonha, vergonha ver uma deputada federal querendo manipular a massa, pq não se preocupa em trazer algo de bom ao invés que querer portas abertas para destruição!",0,0,1,https://twitter.com/Biakicis/status/1619142987073703939
FIZUELLE,@Lula2022PT,https://twitter.com/Lula2022PT/status/1619320477171998720,2023-01-28T13:04:21.000Z,"Se a invasão e a destruição de prédios dos poderes em Brasília não for motivo, procure seu cérebro perdido!
Se você acha as bizarrices feitas nesses últimos quatro anos, normais! Sinto muito, mas nem precisa procurar seu cérebro, que não vai resolver!",0,3,55,https://twitter.com/Biakicis/status/1619142987073703939
Nayla,@NayPerseverar,https://twitter.com/NayPerseverar/status/1619240523184877570,2023-01-28T07:46:39.000Z,"Deve ser difícil apoiar algo que sabe que não vai dominar. kkkkkkkkkkkkk
É este ponto que incomoda ne.",2,0,34,https://twitter.com/Biakicis/status/1619142987073703939
Sidão,@cataniasidney,https://twitter.com/cataniasidney/status/1619312400012025857,2023-01-28T12:32:16.000Z,"Depois do que aconteceu no dia 08/01,eventos que aliás a Sra incentivou,o governo está certíssimo!",0,0,1,https://twitter.com/Biakicis/status/1619142987073703939
Biozin,@Cleberd01503166,https://twitter.com/Cleberd01503166/status/1619517157217533954,2023-01-29T02:05:54.000Z,"é uma b@b@ca mesmo, apoia o golpe e depois fica falando groselha",0,0,0,https://twitter.com/Biakicis/status/1619142987073703939
crítico de tudo,@crticodetudo1,https://twitter.com/crticodetudo1/status/1619143484556062721,2023-01-28T01:21:03.000Z,Bandido sempre vota contra né,0,0,1,https://twitter.com/Biakicis/status/1619142987073703939
Noemi Villa,@noemivilla45,https://twitter.com/noemivilla45/status/1619849751306067969,2023-01-30T00:07:30.000Z,Por enquanto não somos avenezuela parater força nacional eles que respeitem o nosso exercito,0,0,0,https://twitter.com/Biakicis/status/1619142987073703939
Hamilton Lyra Adriano,@HamiltonLyra222,https://twitter.com/HamiltonLyra222/status/1620688419751071745,2023-02-01T07:40:04.000Z,"Pra quê?   Pra metralhar quem pensar diferente?   Se isso não é ditadura e comunismo, o que será?",0,0,0,https://twitter.com/Biakicis/status/1619142987073703939
Ursal_debochado,@Ursal_debochado,https://twitter.com/Ursal_debochado/status/1619408503663370242,2023-01-28T18:54:09.000Z,O que você tem a dizer sobre isso?,0,0,8,https://twitter.com/Biakicis/status/1619142987073703939
riki,@rikilq,https://twitter.com/rikilq/status/1619513023085051904,2023-01-29T01:49:28.000Z,Pronome pessoal no início da frase...,0,0,0,https://twitter.com/Biakicis/status/1619142987073703939
Tere,@joensen_l,https://twitter.com/joensen_l/status/1619487784204636160,2023-01-29T00:09:11.000Z,🇧🇷👏🇧🇷👏🇧🇷👏🇧🇷👏🇧🇷👏🇧🇷👏🇧🇷👏🇧🇷👏🇧🇷🇧🇷,0,0,0,https://twitter.com/Biakicis/status/1619142987073703939
Segue o Técnico,@SegueoTecnico,https://twitter.com/SegueoTecnico/status/1619154733264158721,2023-01-28T02:05:45.000Z,"Há justificativa sim, inclusive pra o genocida nunca mais achar que pode tramar um golpe de estado e se aparelhar das instituições de Estado como fez aquele corrupto. Olhe que até nas forças armadas tinham golpistas e ajudantes de genocida fazendo o X9.",1,0,4,https://twitter.com/Biakicis/status/1619142987073703939
Paulo,@BetoPaulo12,https://twitter.com/BetoPaulo12/status/1619304125795299330,2023-01-28T11:59:23.000Z,"Não ha justificativa para você estar solta impunimente . Isso é um absurdo 
O Colmeia te aguarda criatura bizarra.",0,0,1,https://twitter.com/Biakicis/status/1619142987073703939
Francineide Alves Pereira,@Francin68194115,https://twitter.com/Francin68194115/status/1619400394878386178,2023-01-28T18:21:55.000Z,Golpistas,0,0,0,https://twitter.com/Biakicis/status/1619142987073703939
Guilherme,@GuiDouAle,https://twitter.com/GuiDouAle/status/1619158788329865216,2023-01-28T02:21:52.000Z,Uma força nacional que pode acabar com vocês e suas mentiras e tentativas de desmantelar a democracia????,0,0,6,https://twitter.com/Biakicis/status/1619142987073703939
Renato Bandeira,@RenatoFB,https://twitter.com/RenatoFB/status/1619194248322232320,2023-01-28T04:42:46.000Z,"Se alguém tinha dúvida se era ou não uma ótima ideia, a dúvida acabou! Força Nacional, já!",0,0,1,https://twitter.com/Biakicis/status/1619142987073703939
Pereira,@Pereira27149077,https://twitter.com/Pereira27149077/status/1619366100931854336,2023-01-28T16:05:39.000Z,Sua opinião não importa.,0,0,0,https://twitter.com/Biakicis/status/1619142987073703939
Osvaldo Bindi Filho Bindi,@BindiFilho,https://twitter.com/BindiFilho/status/1619369407104569344,2023-01-28T16:18:47.000Z,"Mais uma ""patridiota""...",0,0,0,https://twitter.com/Biakicis/status/1619142987073703939
Gomes,@Gomes_0412,https://twitter.com/Gomes_0412/status/1619153446028070918,2023-01-28T02:00:38.000Z,"Eles querem montar sua própria força,daqui a pouco desativam o exército!",1,0,1,https://twitter.com/Biakicis/status/1619142987073703939
Manoel Neto,@xManOox,https://twitter.com/xManOox/status/1619172923058831363,2023-01-28T03:18:02.000Z,Óbvio q a Sra. eh contra.... Não sai nada q presta daí.,0,0,1,https://twitter.com/Biakicis/status/1619142987073703939
J.RENATO BRASIL,@51zilda,https://twitter.com/51zilda/status/1619251950222192640,2023-01-28T08:32:03.000Z,"Seu nome tá incluído no inquérito das fakes news..Talvez não dê tempo nem de vc ocupar sua ""cadeirinha""no parlamento..""EU OUVI UM AMÉM""🙏🙏🙏",0,0,4,https://twitter.com/Biakicis/status/1619142987073703939
Benedicto Diniz,@diniz_benedicto,https://twitter.com/diniz_benedicto/status/1619485054685827073,2023-01-28T23:58:20.000Z,"Bia Kicis sua posição não se sustenta. Guarda Nacional poderá usar Policiais Militares Estaduais,  como sucede com a FSN. A convocação  poderá ser esporádica. O que não deve continuar é contar somente com a PMDF ou utilizar as Forças Armadas -GLO - como aconteceu no RJ.",0,0,0,https://twitter.com/Biakicis/status/1619142987073703939
Luan Fonseca Vieira,@luanvieira_13,https://twitter.com/luanvieira_13/status/1619487493958828033,2023-01-29T00:08:01.000Z,"Força Nacional já existe é o Exercito
Você está falando de GUARDA NACIONAL, o nível de conhecimento dos nossos deputados é muito boa que até o Markin vai se candidatar",0,0,0,https://twitter.com/Biakicis/status/1619142987073703939
Lu Almeida,@almeidanete789,https://twitter.com/almeidanete789/status/1619795552912445440,2023-01-29T20:32:08.000Z,"O atual governo está tentando colocar em prática seu plano de domínio diabólico sobre a não brasileira se espelhando nos seu amigos ditadores. 
Espero que esses novos sejam de fato resistência não convivência.",0,0,0,https://twitter.com/Biakicis/status/1619142987073703939
Tuca Andrada,@TucaAndrada3,https://twitter.com/TucaAndrada3/status/1619175897248194561,2023-01-28T03:29:51.000Z,"Bibi, td que significa construção nesse país vc se opõe. Vc gosta da destruição haja vista o verme q vc apoia",1,2,147,https://twitter.com/Biakicis/status/1619142987073703939
Jaime Brasil,@JaimeBrasil,https://twitter.com/JaimeBrasil/status/1619399583528017921,2023-01-28T18:18:42.000Z,"Força Nacional já existe! Tá perdida né? Mas pelo menos falou civilizadamente, educadamente. Assim pode, democracia é isso. Vai aprendendo aí.",0,0,2,https://twitter.com/Biakicis/status/1619142987073703939
Jean'Marat,@JeanMaratt,https://twitter.com/JeanMaratt/status/1619313459895861250,2023-01-28T12:36:28.000Z,@FlavioDino o senhor sabia da invasão dos três poderes dia 08 e retirou seguranças? A senhora Bia afirma aqui no vídeo veementemente que sim e tem  documentos. Nos explique Ministro,2,0,3,https://twitter.com/Biakicis/status/1619142987073703939
Valdair Silva,@valdair65,https://twitter.com/valdair65/status/1619317834802413568,2023-01-28T12:53:51.000Z,Já soubemos por que você é contrária! Você apoia o vandalismo.,0,0,0,https://twitter.com/Biakicis/status/1619142987073703939
Mariaalc22,@totonhanet,https://twitter.com/totonhanet/status/1619329205048860672,2023-01-28T13:39:02.000Z,Falta vc,0,0,0,https://twitter.com/Biakicis/status/1619142987073703939
Fernando Seneme,@FSeneme,https://twitter.com/FSeneme/status/1619168207478349826,2023-01-28T02:59:18.000Z,Exército paralelo.,0,0,0,https://twitter.com/Biakicis/status/1619142987073703939
Ismar Freitas,@IsmarFreitas1,https://twitter.com/IsmarFreitas1/status/1619337234188214274,2023-01-28T14:10:57.000Z,Cuidou tanto que deixaram os golpistas quebrar tudo no congresso.,0,0,0,https://twitter.com/Biakicis/status/1619142987073703939
Samuca DeSiqueira,@samucabks,https://twitter.com/samucabks/status/1619168752079376392,2023-01-28T03:01:27.000Z,Miolo de pote.,0,0,0,https://twitter.com/Biakicis/status/1619142987073703939
Sian,@SianAquino,https://twitter.com/SianAquino/status/1619376862324744194,2023-01-28T16:48:25.000Z,"A velha tática da Bia Kicis desvendada pelo Fantástico e pelo documentário http://Extremistas.br , pela web a parlamentar mente descaradamente pra daqui a 2 dias vir pedir desculpas pelo ""erro"". Dinheiro entra na conta e instiga seus seguidores bolsonaristas.",0,1,1,https://twitter.com/Biakicis/status/1619142987073703939
CRISTHIE,@cristhiemi,https://twitter.com/cristhiemi/status/1619149239581552640,2023-01-28T01:43:55.000Z,AS FFAA BRASILEIRAS ESTÃO HIBERNANDO EM BERÇO ESPLÊNDIDO.😒,0,1,1,https://twitter.com/Biakicis/status/1619142987073703939
ABVF/SP,@senonebavf,https://twitter.com/senonebavf/status/1619467607777878016,2023-01-28T22:49:00.000Z,"A senhora precisa parar de publicar fake news, parar de assobiar apito de gado.
Quem sabe essa força nacional não seria necessário.
É triste o fim dessas pessoas sendo presas com a ajuda da senhora.",0,0,1,https://twitter.com/Biakicis/status/1619142987073703939
Dona Herminia Sincerona,@maggiegcarvalho,https://twitter.com/maggiegcarvalho/status/1619146354533740544,2023-01-28T01:32:27.000Z,Problema seu!,0,0,2,https://twitter.com/Biakicis/status/1619142987073703939
Eduardo de Costas,@EduardoDeCostas,https://twitter.com/EduardoDeCostas/status/1619147079770865665,2023-01-28T01:35:20.000Z,Seus vídeos no mudo são excelentes.,1,0,4,https://twitter.com/Biakicis/status/1619142987073703939
Pedro Mello,@PedroMe51843635,https://twitter.com/PedroMe51843635/status/1619154718818975746,2023-01-28T02:05:42.000Z,Como se a depugada fizesse alguma diferença.,0,0,10,https://twitter.com/Biakicis/status/1619142987073703939
Alexsander Gebara,@GebaraAlex,https://twitter.com/GebaraAlex/status/1619145523155603456,2023-01-28T01:29:09.000Z,"Você deveria sentir vergonha de ser tão cara de pau! Defendendo a polícia militar do DF… e colocando a culpa nos órgãos federais que informaram tudo o que sabiam. Ainda assim a PF não só não fez nada, mas agiu para facilitar o ocorrido em 8 de janeiro. Sem vergonha!!!",0,0,4,https://twitter.com/Biakicis/status/1619142987073703939
Brasil Democracia,@kalyonatto,https://twitter.com/kalyonatto/status/1619147176273395712,2023-01-28T01:35:43.000Z,"A preocupação e que essa força nacional,eles não pode comprar ou corromper,eu sou a favor ..
Pois depois do absurdo que houve dia 8 de janeiro,pos em descrédito a polícia da DF.",1,0,5,https://twitter.com/Biakicis/status/1619142987073703939
jose monteiro filho monteiro,@josemonteiro65,https://twitter.com/josemonteiro65/status/1619151810077552646,2023-01-28T01:54:08.000Z,"Quem gosta de baderna e apoia golpes como vc tem que ser contra mesmo.
PERDEU MANÉ NÃO AMOLA.",0,0,15,https://twitter.com/Biakicis/status/1619142987073703939
Peixoto-Mao,@MaoPeixoto,https://twitter.com/MaoPeixoto/status/1619156913236881409,2023-01-28T02:14:25.000Z,"Pra começo de conversa não é ""força nacional"", e a parlamentar viu o vídeo que mostra a PM de BSB abrindo caminho para os vândalos??

Volta 10 casas!!",0,0,3,https://twitter.com/Biakicis/status/1619142987073703939
Carlos Alberto Cursino Duque,@cursino_duque,https://twitter.com/cursino_duque/status/1619281724181200896,2023-01-28T10:30:22.000Z,"Aceite, vcs quando tiveram a oportunidade de resolver definitivamente estes problemas que hoje temos, foram covardes, se esconderam dentro das 4 linhas, enquanto o inimigo corria livre, os abutres fizeram o que quizeram, e nada nem ninguem se levantou para impedi-los, perdeu.",1,0,1,https://twitter.com/Biakicis/status/1619142987073703939
Marcio Medeiros Felix,@MarcioMFelix,https://twitter.com/MarcioMFelix/status/1619287285933170690,2023-01-28T10:52:28.000Z,Ninguém se importa!,0,0,3,https://twitter.com/Biakicis/status/1619142987073703939
Fernanda Rosas - SemAnistia,@FERNANDAROSSAS,https://twitter.com/FERNANDAROSSAS/status/1619298678300377088,2023-01-28T11:37:44.000Z,"Tá com medo ?
Kkkkkkkkkkk",0,1,1,https://twitter.com/Biakicis/status/1619142987073703939
Xuliana - ASTRO BRASILIS,@XulianaMello,https://twitter.com/XulianaMello/status/1619373422982889472,2023-01-28T16:34:45.000Z,NINGUÉM SE IMPORTA COM O QUE VC PENSA,0,0,3,https://twitter.com/Biakicis/status/1619142987073703939
Maria celia,@Mariace76934420,https://twitter.com/Mariace76934420/status/1619340633659052032,2023-01-28T14:24:27.000Z,"Bia, essa força nacional é pra implantar o socialismo no Brasil, igual na venezuela, ou o senado reverte isso ou vamos cai num buraco negro",0,0,0,https://twitter.com/Biakicis/status/1619142987073703939
João,@Joo73070472,https://twitter.com/Joo73070472/status/1619286483562807296,2023-01-28T10:49:17.000Z,Kkkkkk  me adimiraria se vc fosse a favor  kkkk   vai trabalhar  tia   e vê se toma vergonha nessa lata!!!,0,0,0,https://twitter.com/Biakicis/status/1619142987073703939
Gabriel Garcia mas nao o Marquez,@garciagabrielrj,https://twitter.com/garciagabrielrj/status/1619300627557019648,2023-01-28T11:45:29.000Z,Estamos nem aí com sua opinião. Next,0,0,0,https://twitter.com/Biakicis/status/1619142987073703939
BrasilDeTodos,@BR_DeTodos200Mi,https://twitter.com/BR_DeTodos200Mi/status/1619152743385665536,2023-01-28T01:57:51.000Z,"Essa criação de Forca Nacional não precisará passar por votação no CN??

Ou Brasil já virou mesmo a casa da mãe Joana??

Já temos guardas municipais,  policiais estaduais (militare/civil) policiais federais,FFAA e Força de Segurança.

Isso e pouco p Lula ??",0,0,0,https://twitter.com/Biakicis/status/1619142987073703939
turistandohd,@turistandohd,https://twitter.com/turistandohd/status/1619272648382640128,2023-01-28T09:54:18.000Z,"Não entendi! Até ontem estava apoiando os idólatras iludidos, na frente de quartel! Esses mesmos que se diziam com apoio de centenas de CACs… esses mesmo que invadiram prédios públicos, atacaram PF e PRF… como não há justificativa, acabei de responder e vc apoiou ou não?",0,0,0,https://twitter.com/Biakicis/status/1619142987073703939
Cleber com C de Corinthians.,@crscorinthians,https://twitter.com/crscorinthians/status/1619201965703188481,2023-01-28T05:13:26.000Z,Bandido tem medo de polícia.,0,0,0,https://twitter.com/Biakicis/status/1619142987073703939
Allan Oliveira,@AllanOlive34,https://twitter.com/AllanOlive34/status/1619315896178339842,2023-01-28T12:46:09.000Z,voto de shit,0,0,0,https://twitter.com/Biakicis/status/1619142987073703939
Ricardo Narle Elmais,@ElmaisNarle,https://twitter.com/ElmaisNarle/status/1619399489256824835,2023-01-28T18:18:19.000Z,"Baseada em que, fala. Vc só posta mentiras e fakes.",0,0,0,https://twitter.com/Biakicis/status/1619142987073703939
Tiago A C,@TiagoAC52,https://twitter.com/TiagoAC52/status/1619299752876859393,2023-01-28T11:42:00.000Z,Pq será?,0,0,0,https://twitter.com/Biakicis/status/1619142987073703939
edson ferreira cespe,@cespe_ferreira,https://twitter.com/cespe_ferreira/status/1619323785945161730,2023-01-28T13:17:30.000Z,Você não entende de nada.Aguarda que estar lá ajudou ao ataque.,0,0,0,https://twitter.com/Biakicis/status/1619142987073703939
Rbbar,@Rebubar,https://twitter.com/Rebubar/status/1619291381327097856,2023-01-28T11:08:44.000Z,"Com tantas ações pela volta da corrupção, em contrapartida, não sofreriam “golpe”. Querem uma polícia deles para deitar e rolar, sem nenhum receio. Um absurdo!",0,0,2,https://twitter.com/Biakicis/status/1619142987073703939
Jose Eudes Messias dos Santos,@J2Eudes,https://twitter.com/J2Eudes/status/1619348868747112458,2023-01-28T14:57:11.000Z,"Sabemos que o atual governo brasileiro sob a direção do ex presidiário será um cópia e cola dos regimes escravocratas de seus companheiros ditadores da América Latina. 
Avisamos!🇧🇷",0,1,2,https://twitter.com/Biakicis/status/1619142987073703939
Angela MHR,@MhrAngela,https://twitter.com/MhrAngela/status/1619350479275950080,2023-01-28T15:03:34.000Z,"Somente o fato de você ser contra, já é um enorme motivos para votar sim.",0,0,2,https://twitter.com/Biakicis/status/1619142987073703939
Roberto! Grêmio ♫ BR,@betinho_23,https://twitter.com/betinho_23/status/1619422618096144384,2023-01-28T19:50:14.000Z,"Mas é claro que você seria contra isso. Porque isso ocorrendo, não acontecera mais a baderna que houve dia 8 em que apoiadores do Bolsonaro vandalizaram os três poderes.",1,0,2,https://twitter.com/Biakicis/status/1619142987073703939
RUBEM RENATO,@RUBEMRENATO1,https://twitter.com/RUBEMRENATO1/status/1619144466895638529,2023-01-28T01:24:57.000Z,"Como se tua opini

ao importasse pra alguém, nem quem votou em vc vem aqui te dá força...Vai trabalhar mulher, foi eleita pra que??/ Mulher  chata, importuna, fakelenta.....",0,0,11,https://twitter.com/Biakicis/status/1619142987073703939
Elias Abensur,@EliasAbensur,https://twitter.com/EliasAbensur/status/1619247659612794880,2023-01-28T08:15:00.000Z,Tua opinião e 💩 é a mesma coisa.,0,3,101,https://twitter.com/Biakicis/status/1619142987073703939
PatriciaF,@patrici45199389,https://twitter.com/patrici45199389/status/1619280787249201152,2023-01-28T10:26:39.000Z,Falando só pra ser do contra e alimentar a estupidez,0,0,6,https://twitter.com/Biakicis/status/1619142987073703939
PatriciaF,@patrici45199389,https://twitter.com/patrici45199389/status/1619280964982808579,2023-01-28T10:27:21.000Z,E o que foi que aconteceu no dia 08/01/23?,0,0,2,https://twitter.com/Biakicis/status/1619142987073703939
Mone,@SimonePTelles,https://twitter.com/SimonePTelles/status/1619145542264819715,2023-01-28T01:29:14.000Z,Vamos ver se ainda existe alguma força no congresso,0,1,3,https://twitter.com/Biakicis/status/1619142987073703939
Ciro Rocha,@CiroDaCostaRoc2,https://twitter.com/CiroDaCostaRoc2/status/1619157665875394561,2023-01-28T02:17:24.000Z,Tão capazes que até escoltaram os golpistas para destruir os palácios,0,0,5,https://twitter.com/Biakicis/status/1619142987073703939
Izzo Maia,@maia_izzo,https://twitter.com/maia_izzo/status/1619146982916001792,2023-01-28T01:34:57.000Z,Se vc é contra é pq deve ser aprovado!! Desserviço é o que tu faz o tempo todo Biafakekics,0,0,2,https://twitter.com/Biakicis/status/1619142987073703939
Marta,@Marta51211279,https://twitter.com/Marta51211279/status/1619147039761391617,2023-01-28T01:35:11.000Z,"Uma justificativa contraditória, uma vez que diz que faltou comando do governo federal para contenção dos atos do dia 08.",0,0,2,https://twitter.com/Biakicis/status/1619142987073703939
Paulo Paiva,@paulopaiva1969,https://twitter.com/paulopaiva1969/status/1619276635483832322,2023-01-28T10:10:09.000Z,"Se você é contra, só pode ser bom. Eu não tinha opinião ainda, agora já sei que sou a favor.",0,0,2,https://twitter.com/Biakicis/status/1619142987073703939
Vitor Moura,@VMF1991,https://twitter.com/VMF1991/status/1619278060519563264,2023-01-28T10:15:49.000Z,"Afinal, é mais uma polícia pra tu se preocupar, né?",0,0,2,https://twitter.com/Biakicis/status/1619142987073703939
Tarcísio Bély,@tarcisiobely,https://twitter.com/tarcisiobely/status/1619296549129064452,2023-01-28T11:29:17.000Z,"Vc e NADA é a mesma coisa, querida. Fica quietinha",0,0,2,https://twitter.com/Biakicis/status/1619142987073703939
Carlos Rocha,@carlosaprocha,https://twitter.com/carlosaprocha/status/1619366111371493379,2023-01-28T16:05:41.000Z,"Alguém pelo amor de Deus fala pra essa mulher sair das redes sociais. Será ela não sabe que ela precisa apresentar propostas e trabalhar. Ela não trabalha, não faz nada. SAIA DA INTERNET, MULHER, VÁ TRABALHAR.",0,0,6,https://twitter.com/Biakicis/status/1619142987073703939
Zeni França,@ZeniFranca,https://twitter.com/ZeniFranca/status/1619662671678427137,2023-01-29T11:44:07.000Z,⛏️🤡💩🤮💪😜🥸,0,0,0,https://twitter.com/Biakicis/status/1619142987073703939
Augusto Galvão Jr,@AugustoGalvoJr1,https://twitter.com/AugustoGalvoJr1/status/1619662719782891521,2023-01-29T11:44:18.000Z,"Antes eu apoiava as FFAA. Entendo agora que não servem para apoiar o povo. O atual governo não os querem.
Quando criarem, e vão criar, essa força nacional, semelhante às da Venezuela, esses Generais (zinhos) pedirão ajuda ao povo.
A dúvida será: o que fazer? Traição não se repara",0,0,0,https://twitter.com/Biakicis/status/1619142987073703939
claudio marques,@claudioextremo,https://twitter.com/claudioextremo/status/1619289494662037504,2023-01-28T11:01:15.000Z,Supostamente? Não sabe ver ou não quer ver o que esses golpistas gravaram nas redes sociais? Ou será que apoia os vândalos do Congresso Nacional? Essas pessoas que a senhora está defendendo pisaram na democracia e seria vergonhoso tê-los na Congresso. ACORDA! #semanistia,0,0,1,https://twitter.com/Biakicis/status/1619142987073703939
Edy Nogueira,@Edynogueira44,https://twitter.com/Edynogueira44/status/1619850271492034560,2023-01-30T00:09:34.000Z,Força nacional bolivariana. Aquela q os ditadures usam para eliminar e/ou minar a força do exercito e trazer o poder absoluto à ditadura. O povo do Brasil não vai aceitar essa vergonha e creio q os deputados e senadores devem ouvir o povo.,0,0,0,https://twitter.com/Biakicis/status/1619142987073703939
Flávio,@FlavioMM1970,https://twitter.com/FlavioMM1970/status/1619509631684071424,2023-01-29T01:35:59.000Z,Se vc é contrária é pq é bom para o Brasil .Isto é Fato.,0,0,0,https://twitter.com/Biakicis/status/1619142987073703939
Fernanda Spelta,@FernandaSpelta,https://twitter.com/FernandaSpelta/status/1619638772450336769,2023-01-29T10:09:09.000Z,"É muita insanidade esse ""des""governo",0,0,0,https://twitter.com/Biakicis/status/1619142987073703939
UmMeroObservador,@Marcel0guerra,https://twitter.com/Marcel0guerra/status/1619317768842772481,2023-01-28T12:53:36.000Z,"A força nacional será uma FARC no futuro, no caso FARB.
A direita se aparelhou com liberação de armas, agora a esquerda que sempre defendeu arma para bandido e nada para o cidadão, quer ""se proteger"".
E olha que sou a favor de porte e posse de arma, mas só para gente de bem.
=>",1,0,0,https://twitter.com/Biakicis/status/1619142987073703939
Geopapas,@Geopapas65,https://twitter.com/Geopapas65/status/1619476246123126785,2023-01-28T23:23:20.000Z,"Se tu é contra, serei A FAVOR.",0,0,0,https://twitter.com/Biakicis/status/1619142987073703939
Osvaldo Aguiar,@osvaldoaguiarrr,https://twitter.com/osvaldoaguiarrr/status/1619475592210190336,2023-01-28T23:20:44.000Z,O melhor é armar a população,0,0,0,https://twitter.com/Biakicis/status/1619142987073703939
Valdilene Cordeiro,@ValdileneCorde6,https://twitter.com/ValdileneCorde6/status/1619477101534662656,2023-01-28T23:26:44.000Z,Energúmena,0,0,0,https://twitter.com/Biakicis/status/1619142987073703939
