nome,usuario,idTweet,dataPublicacao,texto,replies,retweets,likes,tweetPai
Valquiria dos Santos,@valqsantos13,https://twitter.com/valqsantos13/status/1619529733875863559,2023-01-29T02:55:52.000Z,"Agora, negligência e incompetência mudaram de nome? Querem mesmo culpar as ONGs por isso? Essa fala infeliz do Aldo não reflete a realidade que você quer mostrar. Temos ONGs que fazem um trabalho muito sério, mas, impossível fazer qualquer trabalho tendo um governo boicotando.",1,0,12,https://twitter.com/Biakicis/status/1619514017634209792
Patrícia Alves,@Patygyn777,https://twitter.com/Patygyn777/status/1619636375028105217,2023-01-29T09:59:37.000Z,"Nada de surpresa. 
CPI  das ONGS já!",0,0,1,https://twitter.com/Biakicis/status/1619514017634209792
Ivete MNG,@Ivete35601944,https://twitter.com/Ivete35601944/status/1619876896992534528,2023-01-30T01:55:22.000Z,CPI DAS ONGS URGENT 😡😡😡😡,0,0,0,https://twitter.com/Biakicis/status/1619514017634209792
Fábio Lima da Silva,@fabiolima_1971,https://twitter.com/fabiolima_1971/status/1620202232938631168,2023-01-30T23:28:08.000Z,O Sr. Aldo Rebelo é uma pessoa muito centrada.,0,0,0,https://twitter.com/Biakicis/status/1619514017634209792
Marília Cardoso,@MabiCardoso_,https://twitter.com/MabiCardoso_/status/1619695910841356288,2023-01-29T13:56:12.000Z,"A sra continua sem fazer nada, só twittando mesmo?",0,0,0,https://twitter.com/Biakicis/status/1619514017634209792
Raquel PM,@RaquelP04001732,https://twitter.com/RaquelP04001732/status/1620365258631307270,2023-01-31T10:15:57.000Z,Barroso manda investigar omissão do GF Bolsonaro.  Lembra q exército foi pra lá a mando do presidente e PT entrou contra junto ao STF e atenderam . Hoje querem culpar Bolsonaro por erros passados do PT. Querem prender Bolsonaro a todo custo e mentiras!,0,0,0,https://twitter.com/Biakicis/status/1619514017634209792
Robson Scardini,@tintureiro1,https://twitter.com/tintureiro1/status/1619529146442592256,2023-01-29T02:53:32.000Z,"Índios são humanos e os humanos se desenvolvem nas trocas de tecnologias e pensamentos. 
Privar o índio do que a modernidade tem a lhes oferecer é querer condená-los a serem uns eternos selvagens. 
Isto não é justo com eles.
E são eles que têm que decidir a sua vida; não ONGs!",4,0,18,https://twitter.com/Biakicis/status/1619514017634209792
Nilce Manzi,@ManziNilce,https://twitter.com/ManziNilce/status/1620460961311383552,2023-01-31T16:36:14.000Z,"Obrigada Sta Internet, por nós mostrar os hipócritas.",0,0,0,https://twitter.com/Biakicis/status/1619514017634209792
Soninha Dezute,@soniadezute,https://twitter.com/soniadezute/status/1619702788459577347,2023-01-29T14:23:32.000Z,Desde quando ONGS tem competência de governo? Desenterraram esse traste como porta voz e blogs especializados em fake news,1,0,0,https://twitter.com/Biakicis/status/1619514017634209792
Chloé de Rata,@RataChloe,https://twitter.com/RataChloe/status/1619636818986811392,2023-01-29T10:01:23.000Z,"Quando a então ministra @DamaresAlves denunciou o descaso e agressão humanitária aos nativos, foi aquela gritaria e ameaças. Ela só recebeu apoio do Pres @jairbolsonaro.",7,1,5,https://twitter.com/Biakicis/status/1619514017634209792
David@,David@,https://twitter.com/david_martinsb2/status/1619515000221233152,2023-01-29T01:57:19.000Z,"Depois que Bolsonaro contou as verbas que iam para essas ONGs, começou o boicote.",3,0,9,https://twitter.com/Biakicis/status/1619514017634209792
Prevato 22,@PhoPrevato,https://twitter.com/PhoPrevato/status/1619544813669617664,2023-01-29T03:55:47.000Z,Nada me surpreende...,0,0,1,https://twitter.com/Biakicis/status/1619514017634209792
Dirceu O Historiador,@DirceuDiasdaSi6,https://twitter.com/DirceuDiasdaSi6/status/1619517889668878339,2023-01-29T02:08:48.000Z,Fake news a marca de vocês!,0,0,2,https://twitter.com/Biakicis/status/1619514017634209792
Donna Brazilis,@DonnaBrazili,https://twitter.com/DonnaBrazili/status/1619561888865714176,2023-01-29T05:03:38.000Z,well well,2,2,8,https://twitter.com/Biakicis/status/1619514017634209792
Prof. David Calazans,@calazans_prof,https://twitter.com/calazans_prof/status/1619857108471812096,2023-01-30T00:36:44.000Z,O ex-ministro está certíssimo. Essa ironia excelência não te leva a defender a verdade.,0,0,0,https://twitter.com/Biakicis/status/1619514017634209792
mazeaviana,@mazeaviana,https://twitter.com/mazeaviana/status/1619692376347533312,2023-01-29T13:42:09.000Z,"Leo no Pleno News? Amada, nessa fonte planfetaria do bolsonarismo?",0,0,2,https://twitter.com/Biakicis/status/1619514017634209792
OLDBOY,@Loiro883883,https://twitter.com/Loiro883883/status/1620031990958538752,2023-01-30T12:11:40.000Z,"E vocês estão fazendo o que aí?
Só prestam pra ficar com conversa fiada em redes sociais!",0,0,2,https://twitter.com/Biakicis/status/1619514017634209792
єdvαł łiмα - CєαráSC,@EdvalVozao,https://twitter.com/EdvalVozao/status/1619743161953443840,2023-01-29T17:03:57.000Z,"Pleno News kkkk ... Olha as fontes dela , por isso vive passando vergonha divulgando Fake News kkkk",0,0,2,https://twitter.com/Biakicis/status/1619514017634209792
Daniela Corrêa,@DanielaCorra19,https://twitter.com/DanielaCorra19/status/1619532991679832064,2023-01-29T03:08:49.000Z,"As narrativas são sempre usadas , mas para coisas escusas",0,0,2,https://twitter.com/Biakicis/status/1619514017634209792
Fiscal Parlamentar de Direita #PL2630Não,@FiscalDireita,https://twitter.com/FiscalDireita/status/1619514492559458304,2023-01-29T01:55:18.000Z,"Precisamos de posicionamento dos parlamentares, no geral, urgentemente contra essa tentativa dos ministros do STF de interferir no Senado.",5,5,46,https://twitter.com/Biakicis/status/1619514017634209792
Nicole,@nicolemusg,https://twitter.com/nicolemusg/status/1619684022237671424,2023-01-29T13:08:57.000Z,"ONGs funciona a base de verbas, dinheiro - muito dinheiro.
Se resolverem problemas a verba virá???
Portanto, ONGs existem para CRIAREM os problemas e não para solucionar nada!",2,0,1,https://twitter.com/Biakicis/status/1619514017634209792
Daniel Costa,@dan2costa,https://twitter.com/dan2costa/status/1619529217775128576,2023-01-29T02:53:49.000Z,E nada de trabalho em deputag?,0,0,1,https://twitter.com/Biakicis/status/1619514017634209792
Denise Souza,@denisegts,https://twitter.com/denisegts/status/1619707290642440192,2023-01-29T14:41:25.000Z,"No PlenoNews... disseminador de fakenews. Gosta de mentira essa aqui. Depois posta pedindo desculpas, mas aí a tragédia tá feita. 😒",0,0,1,https://twitter.com/Biakicis/status/1619514017634209792
graci grecco advogada,@GracieliGrecco,https://twitter.com/GracieliGrecco/status/1619802309621592064,2023-01-29T20:58:59.000Z,E isso nunca foi visto no governo anterior? Onde estava a ministra ? Ah nas igrejas espalhando mentiras ou divulgando dados de meninas estupradas e que engravidaram,0,0,1,https://twitter.com/Biakicis/status/1619514017634209792
Mike 4°conta,@selvadobrasil,https://twitter.com/selvadobrasil/status/1619514578848866306,2023-01-29T01:55:39.000Z,Ong só que dinheiro 💸,0,0,1,https://twitter.com/Biakicis/status/1619514017634209792
AUA.Conexão_Água #protocoloAgua,@ConexaoAgua,https://twitter.com/ConexaoAgua/status/1620324356663701504,2023-01-31T07:33:25.000Z,"Isso é óbvio e vocês não tomaram providências a tempo????
Estranho, nada óbvio.",0,1,1,https://twitter.com/Biakicis/status/1619514017634209792
Marcus Freitas,@Marcus22076712,https://twitter.com/Marcus22076712/status/1619517344711323650,2023-01-29T02:06:38.000Z,"Toda essa movimentação em torno dos dos índios deve ter um motivo especial para ESQUERDA SOCIALISTA.🫵🏻 Tudo que fazem tem um objetivo futuro de poder.
Os índios estão sendo usado para atingir o plano.",8,4,32,https://twitter.com/Biakicis/status/1619514017634209792
O amor venceu!,@SiFuHell,https://twitter.com/SiFuHell/status/1619557939374854144,2023-01-29T04:47:57.000Z,Li tbm isso.,0,0,1,https://twitter.com/Biakicis/status/1619514017634209792
JuvBifarone,@juvbifarone,https://twitter.com/juvbifarone/status/1619523161065951232,2023-01-29T02:29:45.000Z,"A torcida do Flamengo e a do Corinthians já sabia, e a torcida brasileira também já sabia! Kkkk",0,0,4,https://twitter.com/Biakicis/status/1619514017634209792
antonio ribeiro,@CacauVo,https://twitter.com/CacauVo/status/1619532297619005442,2023-01-29T03:06:03.000Z,🙏🔰⚖️Exatamente,0,0,1,https://twitter.com/Biakicis/status/1619514017634209792
Felipe Sousa,@Lipessousaof,https://twitter.com/Lipessousaof/status/1619744297687060480,2023-01-29T17:08:28.000Z,"Deputada, Mais ação e menos retórica, plena. News ? Nunca ninguém ouviu nem falar sobre esse jornal, pelo amor de Deus deputada, tenha mais dignidade em seu trabalho e propague menos notícias de veículos que diz faz jornalismo.",0,0,2,https://twitter.com/Biakicis/status/1619514017634209792
Miriam Reis,@Miriamreistrini,https://twitter.com/Miriamreistrini/status/1619726678338719744,2023-01-29T15:58:27.000Z,"A fome e o sofrimento são culturais,  segundo as ONGs. Aliás há em média uma ONG para cada 35 indígenas na Amazônia,  qual a justificativa?",0,2,4,https://twitter.com/Biakicis/status/1619514017634209792
MauricioGaucho1,@MauricioGaucho1,https://twitter.com/MauricioGaucho1/status/1619522203925778438,2023-01-29T02:25:57.000Z,Lembro aquele relato que membros da Funai não distribuíam cobertor para os índios por não ser tradicional. 🤔Parece o desgoverno golpista que desfaz tudo que o governo do melhor presidente do Brasil fez. Será que é por dando certo não tem como fazer serviços e distribuir $$$? 🤔,0,1,44,https://twitter.com/Biakicis/status/1619514017634209792
Cris Souza,@Crissouza1305,https://twitter.com/Crissouza1305/status/1619523952891817986,2023-01-29T02:32:54.000Z,Só observando… kkkk,1,0,10,https://twitter.com/Biakicis/status/1619514017634209792
Wrneves.w1@gmail.com,Wrneves.w1@gmail.com,https://twitter.com/WrnevesW/status/1619647907321487362,2023-01-29T10:45:27.000Z,"Ao invés de trabalhar em prol dos índios que morrem por conta do descaso do governo que você fazia parte, você tenta justificar a desgraça e ruína, é imoral e desumano, mas, são suas qualidades.",0,0,2,https://twitter.com/Biakicis/status/1619514017634209792
AnaRibeirocarioca,@ARibeir03113710,https://twitter.com/ARibeir03113710/status/1619532754705870851,2023-01-29T03:07:52.000Z,"Se não me engano,foi Bolsonaro que gastou uma fortuna com uma ONG EVANGÉLICA, é essa a vc está falando? Acho bom vc conferir, pq parece q essa fortuna era pra saúde dos Yanomamis",4,0,19,https://twitter.com/Biakicis/status/1619514017634209792
MarcosS,@MLula2023,https://twitter.com/MLula2023/status/1619526159666130946,2023-01-29T02:41:40.000Z,"Olha a ""fonte"" da disseminadora de fake news",0,0,4,https://twitter.com/Biakicis/status/1619514017634209792
Filipe Silva,@filipedpsilva,https://twitter.com/filipedpsilva/status/1619688981741948930,2023-01-29T13:28:40.000Z,Já passou do tempo dos índios serem tratados como seres humanos e não como uma espécie diferente na natureza. Eles podem e devem evoluir. E a ONG que quer barrar é a mesma que usufrui da tecnologia e evolução. @Biakicis vcs têm o DEVER de lutarem por isso!,3,0,4,https://twitter.com/Biakicis/status/1619514017634209792
Lúcio Felippe,@LucioFelippe,https://twitter.com/LucioFelippe/status/1619674907348209665,2023-01-29T12:32:44.000Z,"Nenhuma novidade. Às ONGs da Amazônia servem apenas seus interesses próprios. Os índios são apenas um detalhe que precisam existir, com todas as suas mazelas, apenas para “justificar” a presença das mesmas. Cadê a CPI das ONGs pra gente abrir essa caixa preta?",2,0,4,https://twitter.com/Biakicis/status/1619514017634209792
Cristiano Abreu,@crstnabreu,https://twitter.com/crstnabreu/status/1619528763934674944,2023-01-29T02:52:01.000Z,Os Yanomamis não conseguem extrair comida de um território que é maior do que diversos países e alguém deve levar essa culpa? Não está certo.,0,1,7,https://twitter.com/Biakicis/status/1619514017634209792
Willis,@Rogesummer,https://twitter.com/Rogesummer/status/1619559848647196672,2023-01-29T04:55:32.000Z,"Como é o nome da ONG dela, mesmo?",0,0,8,https://twitter.com/Biakicis/status/1619514017634209792
Leone Bampi,@leonebampi,https://twitter.com/leonebampi/status/1619676725193093121,2023-01-29T12:39:58.000Z,"Inacreditável, eu não sabia que a Dilma Governou no “Governo” passado! Legal que você agora quer colocar a responsabilidade do Bolsonaro e demais órgão que foi pedido ajuda para os indígenas e não foi feito nada, nada , nada! 

Que poderia esperar de você!",0,0,9,https://twitter.com/Biakicis/status/1619514017634209792
Marcello Brasileiro,@Marcello14HP,https://twitter.com/Marcello14HP/status/1619538663540686849,2023-01-29T03:31:21.000Z,Ficaram 4 anos no poder e deixaram isso acontecer?,1,0,6,https://twitter.com/Biakicis/status/1619514017634209792
Elenir Carvalho,@ElenirCarvalho4,https://twitter.com/ElenirCarvalho4/status/1619841800767930368,2023-01-29T23:35:55.000Z,Quem se lembra das ONGS colocando fogo na Amazônia 🤦‍♀️,0,3,10,https://twitter.com/Biakicis/status/1619514017634209792
Alisson,@li_berwian,https://twitter.com/li_berwian/status/1619578461689085954,2023-01-29T06:09:30.000Z,"Yanomamis querem evoluir e ter melhores condições de vida. Mas as ONGs decidem que isso não é bom pra eles, pois não faz parte da cultura deles. Por que será?",1,4,45,https://twitter.com/Biakicis/status/1619514017634209792
Adri,@aerrocdri,https://twitter.com/aerrocdri/status/1619517680322772992,2023-01-29T02:07:58.000Z,Será que foi essa ONG?,0,1,17,https://twitter.com/Biakicis/status/1619514017634209792
DGMercedes,@DGMercedes,https://twitter.com/DGMercedes/status/1619775677951266816,2023-01-29T19:13:10.000Z,Querida @Biakicis é necessário urgentemente uma CPI dessas malditas ONGs para descancarar logo tudo de uma vez e o colocar inclusive a Europa em cheque.,1,4,9,https://twitter.com/Biakicis/status/1619514017634209792
Maria da Paz de Oliveira Ledo,@MariadaPazdeOl9,https://twitter.com/MariadaPazdeOl9/status/1619660230174085122,2023-01-29T11:34:25.000Z,"A única coisa que realmente eles pretendem é colocar as  ONGS de volta, fingindo que cuida.",0,0,1,https://twitter.com/Biakicis/status/1619514017634209792
Ana Gina Simonelli Afonso,@simonelli_gina,https://twitter.com/simonelli_gina/status/1620374984421163009,2023-01-31T10:54:36.000Z,"Grande novidade … ninguém sabia disso . E agora com esse dinheiro da Alemanha ,adivinhem o q acontecerá ? Quem paga manda …..",0,0,0,https://twitter.com/Biakicis/status/1619514017634209792
Maria Luiza Weege,@luiza_weege,https://twitter.com/luiza_weege/status/1620097773147426817,2023-01-30T16:33:03.000Z,E obedeciam as “ordens” das ONGs?,0,0,0,https://twitter.com/Biakicis/status/1619514017634209792
Marcelinho Wasconcellos,@MarcelinhoWasc2,https://twitter.com/MarcelinhoWasc2/status/1619715691158081539,2023-01-29T15:14:48.000Z,"Pois é, teve uma ONG evangélica que seu MINTO entregou quase 900 MILHÕES e os índios não viram UM único centavo, espero que vc consiga resolver isso, já que tem tanto empenho no caso. Sério! Quem poderia imaginar! Tem treta!",1,0,1,https://twitter.com/Biakicis/status/1619514017634209792
Maria Cristina Glanz Capuano,@marie_glanz,https://twitter.com/marie_glanz/status/1641119302198738962,2023-03-29T16:45:06.000Z,"Essas ONGs são  apenas um monte de desviosde capital. ROUBO na sua grande maioria, apenas precisamos descobrir os beneficiários.",0,0,0,https://twitter.com/Biakicis/status/1619514017634209792
Nizio Roza Monteiro,@nizio_roza,https://twitter.com/nizio_roza/status/1621762915446423552,2023-02-04T06:49:44.000Z,Linda.,0,0,0,https://twitter.com/Biakicis/status/1619514017634209792
Marlon Santos,@mbrenosto,https://twitter.com/mbrenosto/status/1619759040564965376,2023-01-29T18:07:03.000Z,"Sem novidades. Se os índios melhorassem de vida as ONGs não seriam mais necessárias, e assim deixariam de arrecadar milhões em nome dos Índios.",0,0,1,https://twitter.com/Biakicis/status/1619514017634209792
Clarissa cla,@Clarissacla5,https://twitter.com/Clarissacla5/status/1620188815129473028,2023-01-30T22:34:49.000Z,"🤔🤔 então fica a pergunta, melhora pra quem 🥺",0,0,0,https://twitter.com/Biakicis/status/1619514017634209792
joedir Santos,@santos_joedir,https://twitter.com/santos_joedir/status/1620210110869159937,2023-01-30T23:59:27.000Z,"Pois é Bia, e queriam por na conta de Bolsonaro",0,0,0,https://twitter.com/Biakicis/status/1619514017634209792
Valter Antonio De Oliveira,@ValterA76331830,https://twitter.com/ValterA76331830/status/1619791213221281792,2023-01-29T20:14:54.000Z,Temos que rever esse STF tem que ter uma reforma urgente... tem que ser juízes de carreira e concursados com tempo de mandato chega de perpétuar ministros Advogados de facções criminosas,0,0,1,https://twitter.com/Biakicis/status/1619514017634209792
Bolsonaro,@ValdomiraSaosao,https://twitter.com/ValdomiraSaosao/status/1619813011434381314,2023-01-29T21:41:31.000Z,Porque o chefe dos yanomamys nunca jogou isso no ventilador?ja que o chefe deles sempre andou com p lula porque esse indio nunca filmou a tribo para mostrar a situacao da tribo mesmo que esse lider nao tivesse celular ele fez cpanha eleitoral pro lula,0,0,0,https://twitter.com/Biakicis/status/1619514017634209792
LULA meu Presidente,@ANGELICOVANGEL,https://twitter.com/ANGELICOVANGEL/status/1620026140881747968,2023-01-30T11:48:25.000Z,Bia kicis =Fake news,0,0,0,https://twitter.com/Biakicis/status/1619514017634209792
Netjerikhet Djoser,@NetjerikhetGO,https://twitter.com/NetjerikhetGO/status/1619640319586471939,2023-01-29T10:15:18.000Z,"Você tem muito é o que explicar, é ou não é @TSEjusbr @alexandre @PrerrogativaOAB???",0,0,0,https://twitter.com/Biakicis/status/1619514017634209792
Nei Mosaico,@neimosaico15,https://twitter.com/neimosaico15/status/1619655614141186048,2023-01-29T11:16:04.000Z,Ah vá!,0,0,0,https://twitter.com/Biakicis/status/1619514017634209792
Sandro JB22 2022 Galinhagordaagentepeganopoleiro,@SandroCesario3,https://twitter.com/SandroCesario3/status/1619642910085124096,2023-01-29T10:25:35.000Z,Deus está cuidando,0,0,0,https://twitter.com/Biakicis/status/1619514017634209792
zoudin,@yuyaregis,https://twitter.com/yuyaregis/status/1619652864372248578,2023-01-29T11:05:09.000Z,Os globalistas já estão tomando as terras indígenas e estão a todo vapor!🙏🙏👍👍,0,0,0,https://twitter.com/Biakicis/status/1619514017634209792
Mirna de Alcântara Campos,@MirnamAlcantara,https://twitter.com/MirnamAlcantara/status/1619752805564293120,2023-01-29T17:42:17.000Z,"Quatro anos de descaso agrava qualquer situação que envolva necessidades básicas. 

Governo Bolsonaro, não apenas apoiou, mas incentivou a ação criminosa dos responsáveis pela catástrofe.",0,0,0,https://twitter.com/Biakicis/status/1619514017634209792
Tatiana Serra,@tatiserra64,https://twitter.com/tatiserra64/status/1619521994294456323,2023-01-29T02:25:07.000Z,😂😂😂. Pleno News.😂😂😂,0,0,0,https://twitter.com/Biakicis/status/1619514017634209792
Enio Teixeira,@enioteixeira,https://twitter.com/enioteixeira/status/1619691518314561536,2023-01-29T13:38:45.000Z,Obrigado por relatar a verdade.,0,0,0,https://twitter.com/Biakicis/status/1619514017634209792
Gilson Hammes,@GilsonHammes,https://twitter.com/GilsonHammes/status/1619776184639950848,2023-01-29T19:15:11.000Z,Para a surpresa de 0 pessoas... Adivinha em cima de quem essa turma e a velha imprensa tentam jogar este tipo de culpa?,0,0,0,https://twitter.com/Biakicis/status/1619514017634209792
Jean C. Grimm,@JeanCGrimm,https://twitter.com/JeanCGrimm/status/1619862636153438208,2023-01-30T00:58:42.000Z,Essas Ongs indígena é uma mentira,0,0,0,https://twitter.com/Biakicis/status/1619514017634209792
Evani Mamede,@Roberto32909686,https://twitter.com/Roberto32909686/status/1619779920217133057,2023-01-29T19:30:01.000Z,Checou a fonte mentirosa,0,0,0,https://twitter.com/Biakicis/status/1619514017634209792
Nazaré Alfradique,@NazarAlfradiqu1,https://twitter.com/NazarAlfradiqu1/status/1619813748885295104,2023-01-29T21:44:27.000Z,"Deveria existir uma CPI para exterminar com essas Ongs!
Elas recebem granas altas, milhões pra nada fazerem ! É necessário fazer uma filtragem.",0,0,0,https://twitter.com/Biakicis/status/1619514017634209792
R.Martins,@ROBERTOMAIAMAR3,https://twitter.com/ROBERTOMAIAMAR3/status/1619882599006236673,2023-01-30T02:18:02.000Z,Nas ruas da cidade onde vivo aa ruas estão cheias de índios Venezuelanos mendigando.,0,0,0,https://twitter.com/Biakicis/status/1619514017634209792
Neyde Araujo,@NeydeAraujo3,https://twitter.com/NeydeAraujo3/status/1619754240884510722,2023-01-29T17:47:59.000Z,Onges evangélicas,0,0,0,https://twitter.com/Biakicis/status/1619514017634209792
edson,@edsonsegura,https://twitter.com/edsonsegura/status/1619827343278866434,2023-01-29T22:38:28.000Z,Cade o BORRRA BOTAS CAGAO FUJAO,0,0,0,https://twitter.com/Biakicis/status/1619514017634209792
Pega na minha picanha,@PsychoPity,https://twitter.com/PsychoPity/status/1619840027865026563,2023-01-29T23:28:52.000Z,Alguém precisa apurar isso.,0,0,0,https://twitter.com/Biakicis/status/1619514017634209792
Paulo R F Carvalho,@Carvalh3Rf,https://twitter.com/Carvalh3Rf/status/1619653397413785600,2023-01-29T11:07:16.000Z,"Quando morei no Alto Solimoes ja existia essa tragedia , esses indios em sua maioria são venezuelanos",0,0,1,https://twitter.com/Biakicis/status/1619514017634209792
Margarete Dian,@DianMargarete,https://twitter.com/DianMargarete/status/1619672297731923968,2023-01-29T12:22:22.000Z,"Deputada, porque vocês deputados não se juntam, escolhem um bom escritório de advocacia para representa los em todas as esferas e começam a acionar a justiça contra o que esta errado ? Organizem se e usem toda as verbas a que tem direito. Façam.",2,0,0,https://twitter.com/Biakicis/status/1619514017634209792
Fabiano,@Fabiano15464722,https://twitter.com/Fabiano15464722/status/1619664516970852353,2023-01-29T11:51:27.000Z,@showdavida @LulaOficial Em 2015 o líder indígena Anselmo Ianomami já denunciava a situação no senado federal. Quem eram os governantes??? @dilmabr,0,0,1,https://twitter.com/Biakicis/status/1619514017634209792
Orbormes,@Carvamalho369,https://twitter.com/Carvamalho369/status/1619801025103405056,2023-01-29T20:53:53.000Z,"Existe algo que deve ser feito pelos indígenas,  a partir da infância. Mudanças nas políticas que irão impactar concretamente as ncessidades sócioeconomicas das nações indígenas, sem nenhum prejuízo para sua cultura e preservação ambiental sustentável.",1,0,0,https://twitter.com/Biakicis/status/1619514017634209792
Luciara De Oliveira Tenchini Machado,@de_tenchini,https://twitter.com/de_tenchini/status/1619801771827949568,2023-01-29T20:56:51.000Z,O que essas ONGs estão fazendo lá que não auxiliam eles no que precisam?Pra onde vai esse dinheiro das ONGs?Por isso que Bolsonaro queria acabar com o dinheiro dessas ONGs pq ele já sabia que o dinheiro não estava chegando onde deveria.,1,0,0,https://twitter.com/Biakicis/status/1619514017634209792
Cosete Pavani,@CosetePavani,https://twitter.com/CosetePavani/status/1619650115026980864,2023-01-29T10:54:13.000Z,Eles nunca vão assumir oque fizeram 😢💔,0,0,3,https://twitter.com/Biakicis/status/1619514017634209792
RL,@LeiteRaaul,https://twitter.com/LeiteRaaul/status/1619712059725287428,2023-01-29T15:00:22.000Z,Vocês tem que decidir ou tava tudo bem ou não tava..,0,0,1,https://twitter.com/Biakicis/status/1619514017634209792
Thiago Rodrigues,@tthiago_jag,https://twitter.com/tthiago_jag/status/1619517153446871040,2023-01-29T02:05:53.000Z,"Uma ONG ""aprontando"", isso é muito BRASIL.",2,0,2,https://twitter.com/Biakicis/status/1619514017634209792
shalom Aleichem,@MichelePeres84,https://twitter.com/MichelePeres84/status/1619847331700150274,2023-01-29T23:57:53.000Z,"Esquerda só sabe roubar,e é o w estão fazendo ..mais d q nunca",0,0,1,https://twitter.com/Biakicis/status/1619514017634209792
Marcelo Marcengo,@marcelomarcengo,https://twitter.com/marcelomarcengo/status/1619520510064467969,2023-01-29T02:19:13.000Z,ONG da damares?,0,0,2,https://twitter.com/Biakicis/status/1619514017634209792
Marta Alcantara,@AlcantaraMarta,https://twitter.com/AlcantaraMarta/status/1619620264366706688,2023-01-29T08:55:36.000Z,#ForaLula #ForaPT,0,0,0,https://twitter.com/Biakicis/status/1619514017634209792
Akihito Urdiales,@AkihitoUrdiales,https://twitter.com/AkihitoUrdiales/status/1619728008214093825,2023-01-29T16:03:44.000Z,#fakenews vc só sabe desinformar as pessoas??? Não sabe fazer mais nada? Sério???,0,0,0,https://twitter.com/Biakicis/status/1619514017634209792
petita,@petxop,https://twitter.com/petxop/status/1619517117573009410,2023-01-29T02:05:44.000Z,será esta?,2,0,2,https://twitter.com/Biakicis/status/1619514017634209792
communitwitt,@communitwitt,https://twitter.com/communitwitt/status/1619768342470078466,2023-01-29T18:44:01.000Z,Sobejamente conhecido esse assunto por quem se interessa.,0,0,0,https://twitter.com/Biakicis/status/1619514017634209792
MARCUS,@MAVECE1245,https://twitter.com/MAVECE1245/status/1619664962875703299,2023-01-29T11:53:13.000Z,"É logico que impedem, se melhorar como vai sobrar $$$  para as mordomias dos dirigentes cuja maioria  foi Sindicalista ou é PTista.....",0,0,0,https://twitter.com/Biakicis/status/1619514017634209792
Antônio Moretti,@AntnioMoretti5,https://twitter.com/AntnioMoretti5/status/1619692233523105793,2023-01-29T13:41:35.000Z,"Falou a verdade o Lula não fez nada só foi lá agora rola ouro , traficante,e muito mais faz divisa com que pais .no Brasil pôde tudo.",0,0,0,https://twitter.com/Biakicis/status/1619514017634209792
maria helena lima coelho,@limacoelho1907,https://twitter.com/limacoelho1907/status/1619522753559957505,2023-01-29T02:28:08.000Z,Sério😑. Se mexam né😔,0,0,0,https://twitter.com/Biakicis/status/1619514017634209792
Segue o Técnico,@SegueoTecnico,https://twitter.com/SegueoTecnico/status/1619534873949241345,2023-01-29T03:16:18.000Z,Não foi bolsonaro que enviou 870 milhões pra a ong de Damares? O que fizeram com o dinheiro?,0,0,0,https://twitter.com/Biakicis/status/1619514017634209792
wlamir martins,@WlamirMar,https://twitter.com/WlamirMar/status/1619702994488131587,2023-01-29T14:24:21.000Z,"Impedimento do BEM, FAZOÉLi 🤡",0,0,0,https://twitter.com/Biakicis/status/1619514017634209792
"liberdade,Igualdade,Equidade.",@Edy_danca,https://twitter.com/Edy_danca/status/1619745295042228224,2023-01-29T17:12:26.000Z,"O que Pleno???

É fonte dos Patriotários.

Agora entendo as mentiras da Sra.

Kkkkkkk",0,0,0,https://twitter.com/Biakicis/status/1619514017634209792
Josi alves,@Josialvescm,https://twitter.com/Josialvescm/status/1619782800147898368,2023-01-29T19:41:28.000Z,@STF_oficial @policiafederalr por que não levanta uma palha para ajudar os yanomanis?,0,0,0,https://twitter.com/Biakicis/status/1619514017634209792
Marileide Maria,@Marilei63629530,https://twitter.com/Marilei63629530/status/1619823180830613504,2023-01-29T22:21:55.000Z,Imaginável,0,0,0,https://twitter.com/Biakicis/status/1619514017634209792
Eudson Souza,@EudsonSouza3,https://twitter.com/EudsonSouza3/status/1619778025020862465,2023-01-29T19:22:29.000Z,Tem que acabar com essa ingerência das ONGs. Cultura sempre se desenvolve não perder a essência.,0,0,0,https://twitter.com/Biakicis/status/1619514017634209792
Rosemari,@RosemariMerighe,https://twitter.com/RosemariMerighe/status/1619883173575548929,2023-01-30T02:20:19.000Z,Sério?,0,0,0,https://twitter.com/Biakicis/status/1619514017634209792
Marcelo Macedo,@Marcelo67Macedo,https://twitter.com/Marcelo67Macedo/status/1619756302053552129,2023-01-29T17:56:10.000Z,Sabe ler?,0,0,0,https://twitter.com/Biakicis/status/1619514017634209792
Fernando Figueiredo,@fern_figo,https://twitter.com/fern_figo/status/1619788592448167937,2023-01-29T20:04:29.000Z,"Índio não precisa de ONG, no máximo de OG",0,0,0,https://twitter.com/Biakicis/status/1619514017634209792
Ronaldo Gomes Catarino,@RonaldoCatarino,https://twitter.com/RonaldoCatarino/status/1619815692337053696,2023-01-29T21:52:10.000Z,#SÓUMCEGOSURDOEMUDONÃOPODEVEROUVIRESABER!!!,0,0,0,https://twitter.com/Biakicis/status/1619514017634209792
Fabrício Chaves,@fabriciotchaves,https://twitter.com/fabriciotchaves/status/1619852971575222272,2023-01-30T00:20:18.000Z,"Quem adivinhar porquê ganha um doce.
Querem os índios enjaulados para turista ver, como se vivesse no seu habitat natural com a 1700 anos atrás.",0,0,0,https://twitter.com/Biakicis/status/1619514017634209792
ANTONIA DE MARIA BRANDÃO FURTADO,@meustresnetos,https://twitter.com/meustresnetos/status/1620202833915281408,2023-01-30T23:30:32.000Z,Aldo Rabelo caiu na real.,0,0,0,https://twitter.com/Biakicis/status/1619514017634209792
Emanoel Leite,@EmanoelLeite10,https://twitter.com/EmanoelLeite10/status/1619548130948825090,2023-01-29T04:08:58.000Z,Passou da hora de fazer a CPI das ONG'S,0,0,1,https://twitter.com/Biakicis/status/1619514017634209792
Ricardo Gomes,@Ricardo07252148,https://twitter.com/Ricardo07252148/status/1619516125724962816,2023-01-29T02:01:48.000Z,"Sério que uma hora dessas tu não tá fazendo amor ? 
E tá acreditando na fadinha dos dentes ...
Kkkkkkk",0,0,5,https://twitter.com/Biakicis/status/1619514017634209792
Jose irenaldo,@irenaldo8,https://twitter.com/irenaldo8/status/1619791865968230400,2023-01-29T20:17:29.000Z,Anda bem que o 🦖 vai investigar né???😏😏,0,0,2,https://twitter.com/Biakicis/status/1619514017634209792
ARibeiro,@AGBRtest,https://twitter.com/AGBRtest/status/1619563374676971522,2023-01-29T05:09:33.000Z,"Se os indígenas se desenvolvem e ficam autônomos, prósperos e independentes financeiramente e derem um pé na bunda das ONG sanguessugas, o que a esquerda fará ? E se os pobres melhorarem de vida, quem ficará “dependente” do estado e da esquerda !",1,0,2,https://twitter.com/Biakicis/status/1619514017634209792
Kleds.santana,@KledsK,https://twitter.com/KledsK/status/1619683324431323137,2023-01-29T13:06:11.000Z,Ainda tem dúvida disso ?,4,6,18,https://twitter.com/Biakicis/status/1619514017634209792
luis,@Sol87610252,https://twitter.com/Sol87610252/status/1619658520852594691,2023-01-29T11:27:37.000Z,Por fim a 5° conseguiu firmar um bloco coeso. O problema é q adulto infantilizado é cruel.,1,0,0,https://twitter.com/Biakicis/status/1619514017634209792
Marcos Caleiro,@CaleiroE,https://twitter.com/CaleiroE/status/1619640397088833537,2023-01-29T10:15:36.000Z,"A culpa é do PT que tirou a terra dos fazendeiros que sabiam produzir e davam emprego e deram a terra para os índios, sem capacidade produtiva e sem renda.",1,0,0,https://twitter.com/Biakicis/status/1619514017634209792
Marcus Silva,@MarcusFabianoAS,https://twitter.com/MarcusFabianoAS/status/1619625031038042117,2023-01-29T09:14:33.000Z,"Sempre assim, como no Nordeste a ""cultura"" da pobreza garante os votos destes pulhas que se elegeram. Sempre foi assim e assim será",0,0,4,https://twitter.com/Biakicis/status/1619514017634209792
André Cunha #ComCiro12,@cunha_eumesmo,https://twitter.com/cunha_eumesmo/status/1620077925302423552,2023-01-30T15:14:11.000Z,As ONGs Evangélicas que querem CATEQUIZAR os índios. Essas atrapalham para um car@lho e ainda tiveram quase 2 BILHÕES desviados do GOVERNO DO JAIR.,0,0,1,https://twitter.com/Biakicis/status/1619514017634209792
Mauro Soares,@MauroSoares9,https://twitter.com/MauroSoares9/status/1620144278956806144,2023-01-30T19:37:51.000Z,"Pleno News só vivem de fake news, precisa rever suas fontes de informação, pra evitar de espalhar fake não acha?",0,0,0,https://twitter.com/Biakicis/status/1619514017634209792
Marisa Junghähnel,@marisajungh,https://twitter.com/marisajungh/status/1620082889655472128,2023-01-30T15:33:55.000Z,Né? E vão conseguir milhões de euros 💶💶💶💶💶💶💶💶💶💶💶,0,0,0,https://twitter.com/Biakicis/status/1619514017634209792
Gilvan Pina,@gilvan_pina,https://twitter.com/gilvan_pina/status/1620192420297326592,2023-01-30T22:49:09.000Z,"Essas ONGs, são....",0,0,0,https://twitter.com/Biakicis/status/1619514017634209792
Gisele Pinto de Vasconcelos Costa,@GiselePintodeV1,https://twitter.com/GiselePintodeV1/status/1619536993037459457,2023-01-29T03:24:43.000Z,"Elas vivem de doações, quanto mais sensacionalistas forem as manchetes mais eles lucram. Espero todo esse valor repassado possa ajudar realmente a quem precisa.",0,0,1,https://twitter.com/Biakicis/status/1619514017634209792
Fernando Santos,@odnansanf,https://twitter.com/odnansanf/status/1619534684563849217,2023-01-29T03:15:32.000Z,"Tá, vai ficar só no post???",0,0,1,https://twitter.com/Biakicis/status/1619514017634209792
Duiliabianchini,@duiliabianchini,https://twitter.com/duiliabianchini/status/1620113081891422210,2023-01-30T17:33:53.000Z,Isso tem dez do tempo do Luladrao né ?,0,0,0,https://twitter.com/Biakicis/status/1619514017634209792
Cláudio Mendes,@ClaudioMendes75,https://twitter.com/ClaudioMendes75/status/1619520674804137989,2023-01-29T02:19:52.000Z,Pleno News?????😂😂😂😂😂😂😂😂😂,0,0,1,https://twitter.com/Biakicis/status/1619514017634209792
Ana di Minas,@AnadiMinas,https://twitter.com/AnadiMinas/status/1620117507393863680,2023-01-30T17:51:28.000Z,Pois é...,0,0,0,https://twitter.com/Biakicis/status/1619514017634209792
Lauro Nascimento,@lauronascimento,https://twitter.com/lauronascimento/status/1619514801251811328,2023-01-29T01:56:32.000Z,Desfazendo tentativa de imputar ao governo Bolsonaro essa tragédia no norte do Brasil.,0,0,1,https://twitter.com/Biakicis/status/1619514017634209792
Alec Helman,@alechelman,https://twitter.com/alechelman/status/1619600837353017346,2023-01-29T07:38:25.000Z,"Vai espalhar mais fake news de políticos fake no plenário de novo???? Sério??? Pleno news, pqp...",0,0,2,https://twitter.com/Biakicis/status/1619514017634209792
Eziquel dos Santos,@Eziquelcodu,https://twitter.com/Eziquelcodu/status/1619516495582879746,2023-01-29T02:03:16.000Z,"🇧🇷Jair Messias Bolsonaro passou os quatro anos do governo, gestão,falando ""máu"" das ONGs. Éra de criar uma equipe de ""investigadores"",incluindo as FFAA, para saber os ""devidos"",e indevidos,proceder das ONGs,e correlacionados, é evidente.⚖️🙏🏻",1,0,3,https://twitter.com/Biakicis/status/1619514017634209792
Rosana Saboia,@rmsaboia,https://twitter.com/rmsaboia/status/1619536407739129857,2023-01-29T03:22:23.000Z,Parece q isso também não é novidade.,0,0,1,https://twitter.com/Biakicis/status/1619514017634209792
Leonardo Guedes,@Leonard07102324,https://twitter.com/Leonard07102324/status/1619653619317637121,2023-01-29T11:08:09.000Z,Acabei de ler no http://pleno.news kkkkkkk,0,0,1,https://twitter.com/Biakicis/status/1619514017634209792
Silvana Santos,@Silvana29777612,https://twitter.com/Silvana29777612/status/1619635008498716673,2023-01-29T09:54:12.000Z,Deus salve o Brasil 🇧🇷,0,0,1,https://twitter.com/Biakicis/status/1619514017634209792
Fellipe Nuevo,@fellipe_nuevo,https://twitter.com/fellipe_nuevo/status/1619541605744271365,2023-01-29T03:43:03.000Z,"Simples, essas ONG's vão sugar quem depois. Essas ditas ONG's querem a grana né.",0,0,1,https://twitter.com/Biakicis/status/1619514017634209792
petita,@petxop,https://twitter.com/petxop/status/1619517171662716930,2023-01-29T02:05:57.000Z,ou será esta?,1,0,29,https://twitter.com/Biakicis/status/1619514017634209792
Andrea Back to Red,@AndreaS79529927,https://twitter.com/AndreaS79529927/status/1619660899543052288,2023-01-29T11:37:04.000Z,"Até parece que você é alfabetizada, bisa. Engana quem ?",0,0,1,https://twitter.com/Biakicis/status/1619514017634209792
Flamauro,@mauro19261412,https://twitter.com/mauro19261412/status/1619514379992547329,2023-01-29T01:54:51.000Z,"É só assistir cortina de fumaça do Brasil paralelo, está tudo nesse documentário",3,0,6,https://twitter.com/Biakicis/status/1619514017634209792
Lourdes,@Lourdes47824072,https://twitter.com/Lourdes47824072/status/1619730727628853250,2023-01-29T16:14:33.000Z,"CPI, já.",0,0,0,https://twitter.com/Biakicis/status/1619514017634209792
Lourdes Magro,@lourdes_magro,https://twitter.com/lourdes_magro/status/1619732132179615747,2023-01-29T16:20:08.000Z,Quantas ONGs  tem mesmo? Uma para cada índio???,0,0,0,https://twitter.com/Biakicis/status/1619514017634209792
duda fonseca,@duda_fonseka,https://twitter.com/duda_fonseka/status/1619867404309512194,2023-01-30T01:17:39.000Z,Kkkkkkkkk advinha que tem enviou pedidos..? Vcs são uma farsa.,0,0,0,https://twitter.com/Biakicis/status/1619514017634209792
Marcilene Sena,@MarcileneSena7,https://twitter.com/MarcileneSena7/status/1619978684110364672,2023-01-30T08:39:50.000Z,Índios tem tanta terra e não faz nada pra progredir,0,0,0,https://twitter.com/Biakicis/status/1619514017634209792
janaina,@janaina09762303,https://twitter.com/janaina09762303/status/1619847230495793152,2023-01-29T23:57:29.000Z,Pergunta a Damaris deve ter sido  uma ONGs evangelica cheia de gente  de bem que já  ta salva no céu.,0,0,0,https://twitter.com/Biakicis/status/1619514017634209792
Mauricea Pereira,@MauriceaPereir2,https://twitter.com/MauriceaPereir2/status/1619785673900429312,2023-01-29T19:52:53.000Z,É só assistir o Brasil paralelo  ….,0,0,0,https://twitter.com/Biakicis/status/1619514017634209792
Márcia Valle,@marcia_valle11,https://twitter.com/marcia_valle11/status/1619782039968051200,2023-01-29T19:38:27.000Z,Defensora de GENOCIDAS,0,0,0,https://twitter.com/Biakicis/status/1619514017634209792
Eliane da Matta,@ElianeDaMatta22,https://twitter.com/ElianeDaMatta22/status/1619875708800745472,2023-01-30T01:50:39.000Z,Não é quem poderia imaginar?,0,0,0,https://twitter.com/Biakicis/status/1619514017634209792
YouTube Íves Henrique Cruz,@youtuber_ives,https://twitter.com/youtuber_ives/status/1619856804166639617,2023-01-30T00:35:32.000Z,E a @DamaresAlves ? Ela deveria trabalhar por eles tbm…,0,0,0,https://twitter.com/Biakicis/status/1619514017634209792
Cleuza,@Cleuza247224711,https://twitter.com/Cleuza247224711/status/1619766351291371520,2023-01-29T18:36:06.000Z,Né?,0,0,0,https://twitter.com/Biakicis/status/1619514017634209792
Sheila,@Sheila46554253,https://twitter.com/Sheila46554253/status/1619679803199868929,2023-01-29T12:52:11.000Z,Meu Deus,0,0,0,https://twitter.com/Biakicis/status/1619514017634209792
Alexandre Pedroso,@Alessara22,https://twitter.com/Alessara22/status/1619666620221386755,2023-01-29T11:59:48.000Z,Tem q varrer essas ongs . Temos q tomar a Amazônia p o Brasil urgente.,0,0,0,https://twitter.com/Biakicis/status/1619514017634209792
✠sou vasco ✠,@TRABALHOPT10,https://twitter.com/TRABALHOPT10/status/1619652222262071297,2023-01-29T11:02:36.000Z,RAINHA DAS FAKENEWS!,0,0,0,https://twitter.com/Biakicis/status/1619514017634209792
Josi Ribeiro,@Josizezzi,https://twitter.com/Josizezzi/status/1619530104635527170,2023-01-29T02:57:21.000Z,"Gente ísso é bem óbvio, é muita maldade ainda hoje seres humanos viverem isolados, sem televisão, sem celular, sem educação, literalmente largados e pelados no meio da mata, isolados do mundo, ninguém quer mais isso, eles precisam de recursos e liberdade de escolha",0,0,0,https://twitter.com/Biakicis/status/1619514017634209792
Josi Ribeiro,@Josizezzi,https://twitter.com/Josizezzi/status/1619530950098186242,2023-01-29T03:00:42.000Z,"O cuidado que eles precisam é conforto, ter água, luz, internet, vida normal como qualquer um ser humano em pleno 2023 ou ao menos terem escolha de como querem viver, não cabe ao governo ou qualquer merda de ong decidir, lutemos por liberdade para nossos índios",0,0,0,https://twitter.com/Biakicis/status/1619514017634209792
Josi Ribeiro,@Josizezzi,https://twitter.com/Josizezzi/status/1619531631135707137,2023-01-29T03:03:24.000Z,"Indios hoje são reféns de ongs e do governo, eles querem decidir como eles devem viver com a desculpa de preservar a cultura na verdade para ganhar muito dinheiro com isso",0,0,0,https://twitter.com/Biakicis/status/1619514017634209792
CRP,@CRP75711817,https://twitter.com/CRP75711817/status/1619679702276530176,2023-01-29T12:51:47.000Z,Agora que está vendo o que faz de errado para o Brasil o PT e suas ideologias destruidoras kkkkkkkkkklkkk,0,0,0,https://twitter.com/Biakicis/status/1619514017634209792
Carlos Castro,@caacastro_br,https://twitter.com/caacastro_br/status/1619686964080553984,2023-01-29T13:20:39.000Z,Eu nem sabia que a senhora é alfabetizada.,0,0,0,https://twitter.com/Biakicis/status/1619514017634209792
apaoli apaoli,@Apaolii,https://twitter.com/Apaolii/status/1619668774659174405,2023-01-29T12:08:22.000Z,"ACABECOM ESSAS ONGS JA,ONGS CORRUPTAS",0,0,0,https://twitter.com/Biakicis/status/1619514017634209792
Patrik S.,@anjotorto,https://twitter.com/anjotorto/status/1619710812452720640,2023-01-29T14:55:25.000Z,"A Ong da Damares, vc queria o quê...",0,0,0,https://twitter.com/Biakicis/status/1619514017634209792
Luciara De Oliveira Tenchini Machado,@de_tenchini,https://twitter.com/de_tenchini/status/1619801294134448128,2023-01-29T20:54:57.000Z,Ai essas ONGs recebem dinheiro pra ajudar esses indígenas e vem com esse discurso de que não podemos ajudar os indígenas pq se dermos o que eles pedem vms estar ferindo os costumes deles.Mais então pq eles são encontrados desnutridos?Estão passando fome pq essas ONGs não ajudam?,0,0,0,https://twitter.com/Biakicis/status/1619514017634209792
Eloy Fenker,@EloyFenker,https://twitter.com/EloyFenker/status/1619854343670464515,2023-01-30T00:25:45.000Z,"Ao que consta, parece verdade",0,0,0,https://twitter.com/Biakicis/status/1619514017634209792
Sergio Murilo Sell,@sergiosell,https://twitter.com/sergiosell/status/1619765025857470466,2023-01-29T18:30:50.000Z,"Sempre difundindo notícias falsas. Enquanto não responder judicialmente por suas mentiras, não parece que vai parar. Prevejo cassação.",0,0,0,https://twitter.com/Biakicis/status/1619514017634209792
#SemprePeloBrasil,@SemprePeloBR,https://twitter.com/SemprePeloBR/status/1619774694361800707,2023-01-29T19:09:15.000Z,Deveria acolhê-lo nessa ideia não fazer gracejo.,0,0,0,https://twitter.com/Biakicis/status/1619514017634209792
Marcelo Lobo,@marcelofiguei,https://twitter.com/marcelofiguei/status/1619799807111106560,2023-01-29T20:49:03.000Z,Ministério da Louca Damares torra dinheiro em aluguel de guindastes . NÃO HÁ CURA PARA FANÁTICOS BOLSONARISTAS,0,0,0,https://twitter.com/Biakicis/status/1619514017634209792
Cláudio Madruga,@ClaudioMadruga,https://twitter.com/ClaudioMadruga/status/1619755589495672834,2023-01-29T17:53:20.000Z,Tia!!!,0,0,0,https://twitter.com/Biakicis/status/1619514017634209792
Luis Braga,@bra33461374,https://twitter.com/bra33461374/status/1619760894258606086,2023-01-29T18:14:25.000Z,Aldo Rabelo tem se mostrado como realmente é: abjeto!,0,0,0,https://twitter.com/Biakicis/status/1619514017634209792
Fernando van Erven,@ErvenFernando,https://twitter.com/ErvenFernando/status/1619723259255357440,2023-01-29T15:44:52.000Z,atarpqlhavam para depois criminalizar o Bolsonaro,0,0,0,https://twitter.com/Biakicis/status/1619514017634209792
Beth Romão #Eufuivacinada,@romaobeth,https://twitter.com/romaobeth/status/1619883394296614913,2023-01-30T02:21:11.000Z,Sentiu...,0,0,0,https://twitter.com/Biakicis/status/1619514017634209792
Marcelo Francisco Da Silva,@Marcelo45779238,https://twitter.com/Marcelo45779238/status/1619782419292512256,2023-01-29T19:39:57.000Z,"Minha senhora, vai trabalhar e pare de assistir séries!",0,0,0,https://twitter.com/Biakicis/status/1619514017634209792
Edvard lima da silva,@lima_edvard,https://twitter.com/lima_edvard/status/1619919578594955264,2023-01-30T04:44:58.000Z,"Vindo do Aldo remela, é hilário e trágico.",0,0,0,https://twitter.com/Biakicis/status/1619514017634209792
Conservador,@ConservadorLib,https://twitter.com/ConservadorLib/status/1620039275613130758,2023-01-30T12:40:36.000Z,Pessoas que querem que os índios permaneçam em estado de miséria não podem ser considerados seres humanos.,0,0,0,https://twitter.com/Biakicis/status/1619514017634209792
Luighi,@Luighi15772406,https://twitter.com/Luighi15772406/status/1620142498734817280,2023-01-30T19:30:47.000Z,"PL E PRB SAO PARTIDOS DE BANDIDOS , CRIMINOSOS , GOLPISTAS E  NAZISTAS , NAO VOTO EM NINGUEM DESSES PARTIDOS",0,0,0,https://twitter.com/Biakicis/status/1619514017634209792
Mauri Zarref,@70mferraz,https://twitter.com/70mferraz/status/1620222455578251264,2023-01-31T00:48:30.000Z,Fora ONGs da Amazônia brasileira,0,0,0,https://twitter.com/Biakicis/status/1619514017634209792
Right_Wing_Jedi,@Direita_Jedi,https://twitter.com/Direita_Jedi/status/1620002260515450880,2023-01-30T10:13:31.000Z,E que autoridade tem uma ONG?,0,0,0,https://twitter.com/Biakicis/status/1619514017634209792
José Martins,@jcmmartins86,https://twitter.com/jcmmartins86/status/1619776047096172544,2023-01-29T19:14:38.000Z,"Este é  o perfeito exemplo  daqueles políticos  que se auto denominam de direita/conservadores. 
São  um bando de extremistas fanáticos, ignorantes ao extremo.
Desconhecem o real significado de conservadorismo.",1,0,0,https://twitter.com/Biakicis/status/1619514017634209792
Dias. SDV IFB,@Araomatos,https://twitter.com/Araomatos/status/1620009458519900162,2023-01-30T10:42:07.000Z,"Acautelai-vos dos falsos profetas, que se vos apresentam disfarçados em ovelhas, mas por dentro são lobos roubadores.
Mt 7.15",0,0,9,https://twitter.com/Biakicis/status/1619514017634209792
LoKoéPoKo,@priante21,https://twitter.com/priante21/status/1619771870773137408,2023-01-29T18:58:02.000Z,ONG EVANGELICA,1,0,1,https://twitter.com/Biakicis/status/1619514017634209792
Marcos Daltio Vasconcelos,@MarcosDaltio,https://twitter.com/MarcosDaltio/status/1619653816013697025,2023-01-29T11:08:56.000Z,Será que essas ONGs são ONGs mesmo?,0,0,0,https://twitter.com/Biakicis/status/1619514017634209792
Elizabeth Pio,@ElizabethPio101,https://twitter.com/ElizabethPio101/status/1619659280084516865,2023-01-29T11:30:38.000Z,Pq será???,0,0,0,https://twitter.com/Biakicis/status/1619514017634209792
Joao Vianei Soares,@JoaoVianeiS,https://twitter.com/JoaoVianeiS/status/1619709322623164416,2023-01-29T14:49:29.000Z,Perdeu manica,0,0,0,https://twitter.com/Biakicis/status/1619514017634209792
dmb Mané,@DemilsonBose,https://twitter.com/DemilsonBose/status/1619656760079585280,2023-01-29T11:20:38.000Z,"Se os habitantes da Venezuela estão vivendo na penúria, imagina os índios yanomami da Venezuela!",0,0,0,https://twitter.com/Biakicis/status/1619514017634209792
Cristiane B,@tombaxl,https://twitter.com/tombaxl/status/1619672240014135296,2023-01-29T12:22:08.000Z,"Bia, peça uma CPI disso tb.  Essas armações tem que cair por terra!!!",0,0,0,https://twitter.com/Biakicis/status/1619514017634209792
Joana,@Joana41858862,https://twitter.com/Joana41858862/status/1619528771190788096,2023-01-29T02:52:03.000Z,"Se melhorar, estraga a fonte de bilhões...",0,0,0,https://twitter.com/Biakicis/status/1619514017634209792
Any,@eny_braz,https://twitter.com/eny_braz/status/1619525584580919296,2023-01-29T02:39:23.000Z,Tem que denunciar todos os dias.,0,0,0,https://twitter.com/Biakicis/status/1619514017634209792
Gisele Pinto de Vasconcelos Costa,@GiselePintodeV1,https://twitter.com/GiselePintodeV1/status/1619537490939101184,2023-01-29T03:26:42.000Z,"Se. Aldo Rabelo, obrigada pela coragem e honradez em informar a verdade. Precisamos disso para sanar os problemas do país❤️",0,0,0,https://twitter.com/Biakicis/status/1619514017634209792
Francis Patriota,@Lefrancis58,https://twitter.com/Lefrancis58/status/1619640487996182528,2023-01-29T10:15:58.000Z,Essas ONGs …meu Deus até quando.Já levaram a Marina silva lá essa mulher e uma …🇯🇵👵🇧🇷,0,0,0,https://twitter.com/Biakicis/status/1619514017634209792
Patymarques,@patymar82170351,https://twitter.com/patymar82170351/status/1619671080393932800,2023-01-29T12:17:32.000Z,"Poiser a globo  tá  mostrando as imagens  dizendo que é  da pandemia, essa globo lixo 😡",0,0,0,https://twitter.com/Biakicis/status/1619514017634209792
jacques,@jacquesdouglas,https://twitter.com/jacquesdouglas/status/1619668740735643648,2023-01-29T12:08:14.000Z,"ONG evangélicas patrocinadas pelo Bolsonaro (uma inclusive criada pela Senadora Damares), para equipar aviões de Garimpeiros, mais de 850 milhões... Quem poderia imaginar...",0,0,0,https://twitter.com/Biakicis/status/1619514017634209792
Marco Antonio,@Marco588592,https://twitter.com/Marco588592/status/1619517872518369280,2023-01-29T02:08:44.000Z,O difícil é ter um monte de deputados de direita e eles simplesmente ignorarem todo o mal que as ongs fazem ao Brasil e aos brasileiros.,0,0,0,https://twitter.com/Biakicis/status/1619514017634209792
Observador,@fcsprite,https://twitter.com/fcsprite/status/1619574706218336257,2023-01-29T05:54:34.000Z,A ONG evangélica que ganhou 800 milhões do governo?,0,0,0,https://twitter.com/Biakicis/status/1619514017634209792
Da Ferreira,@DaFerreira7,https://twitter.com/DaFerreira7/status/1619682513110335489,2023-01-29T13:02:58.000Z,KD o capitão fujão?,0,0,0,https://twitter.com/Biakicis/status/1619514017634209792
Bella,@Bella76086422,https://twitter.com/Bella76086422/status/1619521429925679104,2023-01-29T02:22:52.000Z,Achei essa matéria de Setembro de 2022.,0,0,0,https://twitter.com/Biakicis/status/1619514017634209792
Bene Prado,@BenePrado5,https://twitter.com/BenePrado5/status/1619517703198486529,2023-01-29T02:08:04.000Z,Esteve lá e nada fez? Sabia e acha isso normal?,0,0,0,https://twitter.com/Biakicis/status/1619514017634209792
MARCIO W L CAUPER,@Marcio_Cauper,https://twitter.com/Marcio_Cauper/status/1619671027088523264,2023-01-29T12:17:19.000Z,Pra surpresa de ninguém....que não lê só narrativas.,0,0,0,https://twitter.com/Biakicis/status/1619514017634209792
Marcos Andrei,@Marcos_andrei01,https://twitter.com/Marcos_andrei01/status/1619680314166755328,2023-01-29T12:54:13.000Z,"Li uma reportagem
Que Funai recebeu cobertores, que os índios estava morrendo de pneumonia
Uma tal ONG
Disse que não poderia dar cobertores aos índios
Pq não fazia parte da cultura deles",0,0,0,https://twitter.com/Biakicis/status/1619514017634209792
Janio C Batista,@janiocbatista,https://twitter.com/janiocbatista/status/1619655142437175297,2023-01-29T11:14:12.000Z,"Faz assim:
Vocês vão atrás dessas ONGs e nós vamos atrás do Bolsonaro que intencionalmente promoveu situações q levaram à tragédia de subnutrição dos yanomamis.
Taokey?",0,0,0,https://twitter.com/Biakicis/status/1619514017634209792
MARCOS Soares,@MarcosLouro10,https://twitter.com/MarcosLouro10/status/1619716543474192384,2023-01-29T15:18:11.000Z,Aldo Rebelo é um dos poucos homens honestos que figuram como colaborador desses últimos governos de esquerda. Temos de reconhecer.,0,0,0,https://twitter.com/Biakicis/status/1619514017634209792
Lourenco Ricardo,@LourencoRicard5,https://twitter.com/LourencoRicard5/status/1619603040952283137,2023-01-29T07:47:10.000Z,Kkkkkkk,0,0,0,https://twitter.com/Biakicis/status/1619514017634209792
Jose Pereira Junior,@JosePereiraJu17,https://twitter.com/JosePereiraJu17/status/1619667044500381697,2023-01-29T12:01:30.000Z,Tragedia mesmo é subir para discursar e mentir,0,0,0,https://twitter.com/Biakicis/status/1619514017634209792
Walter Missaglia,@Walmis53,https://twitter.com/Walmis53/status/1619694150487781377,2023-01-29T13:49:12.000Z,E só ler o relatório da CpI de 2005 também,0,0,0,https://twitter.com/Biakicis/status/1619514017634209792
Cesar,@CesarAugustoCWB,https://twitter.com/CesarAugustoCWB/status/1619661912995958786,2023-01-29T11:41:06.000Z,Melhorias para os índios?  Tipo camisas de futebol?,0,0,0,https://twitter.com/Biakicis/status/1619514017634209792
Ricardo Dultra,@Ricdultra,https://twitter.com/Ricdultra/status/1619514944999018496,2023-01-29T01:57:06.000Z,E sabe ler?,0,0,0,https://twitter.com/Biakicis/status/1619514017634209792
Marcelo Bianchi,@Marcelo80926020,https://twitter.com/Marcelo80926020/status/1619720659554402304,2023-01-29T15:34:32.000Z,"Assim a verba se torna infinita, os brasileiros de bem sabem disso,",0,0,0,https://twitter.com/Biakicis/status/1619514017634209792
AntonioMDS,@AntonioMDS1,https://twitter.com/AntonioMDS1/status/1619531801197965314,2023-01-29T03:04:05.000Z,"""Você que está numa 'ongzinha' aí pegando grana de fora. Vocês sabem que as ONGs, em grande parte, não têm vez comigo, a gente bota para quebrar em cima desse pessoal lá. Não consigo matar esse câncer em grande parte chamado ONG que tem na Amazônia"". Foi o B?",0,0,0,https://twitter.com/Biakicis/status/1619514017634209792
Wagner Azzari,@WagnerAzzari,https://twitter.com/WagnerAzzari/status/1619751221493141505,2023-01-29T17:35:59.000Z,"Essa preocupação toda com os índios tem um motivo, a volta do programa mais médicos cubanos, vc troca o sofrimento dos índios pela escravidão dos médicos e financiamento de ditaduras.",0,0,0,https://twitter.com/Biakicis/status/1619514017634209792
