nome,usuario,idTweet,dataPublicacao,texto,replies,retweets,likes,tweetPai
𝑳𝒆́𝒐 𝑽𝒊𝒍𝒉𝒆𝒏𝒂,@LeoVilhenaReal,https://twitter.com/LeoVilhenaReal/status/1619224349076230144,2023-01-28T06:42:23.000Z,"Morei em Berlim, Deputada, e existe um monumento para as vítimas do Holocausto e tem uma 'vibe' pesada... Não me senti bem ou confortável naquele lugar 😥",1,2,23,https://twitter.com/Biakicis/status/1619167323935621120
Lopes Silva,@anlosito,https://twitter.com/anlosito/status/1619183452158558209,2023-01-28T03:59:52.000Z,Você  zomba dos yanomamis mesmo.,1,0,9,https://twitter.com/Biakicis/status/1619167323935621120
"Eu, Izabela com Z",@izabelac88,https://twitter.com/izabelac88/status/1619167910110597121,2023-01-28T02:58:07.000Z,"Nossa, nunca tinha visto solidariedade seletiva.",1,0,12,https://twitter.com/Biakicis/status/1619167323935621120
Marcão,@ObednegoMarcos,https://twitter.com/ObednegoMarcos/status/1619471559894376449,2023-01-28T23:04:42.000Z,E às 700.000 vítimas do Brasil que morreram por falta de vacinas? Isto não foi também holocausto?,0,0,0,https://twitter.com/Biakicis/status/1619167323935621120
Allêh Jordão,@alefjordao,https://twitter.com/alefjordao/status/1619443268516982784,2023-01-28T21:12:17.000Z,"Quanta demagogia! 

Dizem que a senhora vai aparecer novamente no @showdavida . Logo estará pedindo música.

E quem mais sofre é o povo brasileiro por ter políticos nesse nível...",0,0,3,https://twitter.com/Biakicis/status/1619167323935621120
ALEX GOMES,@alexalvesgomes,https://twitter.com/alexalvesgomes/status/1619169481393340416,2023-01-28T03:04:21.000Z,E as vítima do genocidio do COVID? Também terá homenagem?,4,0,27,https://twitter.com/Biakicis/status/1619167323935621120
MauricioGaucho1,@MauricioGaucho1,https://twitter.com/MauricioGaucho1/status/1619243247133675520,2023-01-28T07:57:28.000Z,Cuidem urgente do nosso campo de concentração. Pessoas já morreram e não há a mínima justificativa pra tal absurdo. Enquanto criminosos de alta periculosidade estão soltos. Estão destruindo vidas de brasileiros honestos que reclamam seu direito a eleições limpas. #CPIdasEleicoes,8,6,13,https://twitter.com/Biakicis/status/1619167323935621120
Guilherme Ferreira,@GuiF3rreir4,https://twitter.com/GuiF3rreir4/status/1619187009930817537,2023-01-28T04:14:00.000Z,Que tal tenta fazer algo a favor dos atuais presos políticos?,10,1,4,https://twitter.com/Biakicis/status/1619167323935621120
André Sarmento,@AndrSarmento4,https://twitter.com/AndrSarmento4/status/1619329977790656513,2023-01-28T13:42:07.000Z,Vc está falando dos yanomamis?,0,0,2,https://twitter.com/Biakicis/status/1619167323935621120
Max,@mauromattosmmp,https://twitter.com/mauromattosmmp/status/1619172543830818819,2023-01-28T03:16:31.000Z,👏👏👏💞,1,0,0,https://twitter.com/Biakicis/status/1619167323935621120
Laercio W Vasconcelos,@laerciovasconc3,https://twitter.com/laerciovasconc3/status/1619337201514586112,2023-01-28T14:10:49.000Z,Falando nisto deputada o que a senhora poderia dizer sobre o holocausto dos ianomâmis pelo governo Bolsonaro e com conivência de todos no PL. @MuseuHolocausto já condenou e a senhora. Vai ajudar na apuração ou vai dizer que são venezuelanos ( e se fossem ? ) mas não são,0,0,2,https://twitter.com/Biakicis/status/1619167323935621120
Santos,@rafa_rds,https://twitter.com/rafa_rds/status/1619322474541510656,2023-01-28T13:12:18.000Z,Mas você é Bolsonarista … que é uma corrente do nazismo no Brasil. Não entendi a homenagem,1,0,20,https://twitter.com/Biakicis/status/1619167323935621120
Magali Giantin,@magali_giantin,https://twitter.com/magali_giantin/status/1619420693644427264,2023-01-28T19:42:35.000Z,Homenageou TB os yanomamis?,0,0,0,https://twitter.com/Biakicis/status/1619167323935621120
Karen Coimbra,@kakacoimbra,https://twitter.com/kakacoimbra/status/1619341750950297604,2023-01-28T14:28:53.000Z,"Fico confusa com seu posicionamento.
Você se manifesta sobre o horror do holocausto, mas é aliada a Bolsonaro que é descaradamente e assumidamente a favor da tortura.
Em qual lado você está!",0,0,5,https://twitter.com/Biakicis/status/1619167323935621120
Rose,@rosepazeamor,https://twitter.com/rosepazeamor/status/1619360542879264768,2023-01-28T15:43:34.000Z,"Vc comparou campo de concentração com o local que os Patriotarios ficaram detidos para averiguação ,entao vê-se que vc nao tem ideia do que foi o holocausto!",0,0,1,https://twitter.com/Biakicis/status/1619167323935621120
Anita,@Anita_Mattos,https://twitter.com/Anita_Mattos/status/1620027284404203522,2023-01-30T11:52:57.000Z,Apoia o genocida e se solidariza com as vítimas do holocausto? Sei.,0,0,0,https://twitter.com/Biakicis/status/1619167323935621120
Marcos,@Marcoslrsilva,https://twitter.com/Marcoslrsilva/status/1619310826216910849,2023-01-28T12:26:00.000Z,Né?,0,0,0,https://twitter.com/Biakicis/status/1619167323935621120
Telefone Vermelho,@SodShelanu,https://twitter.com/SodShelanu/status/1619390284269502466,2023-01-28T17:41:45.000Z,"Linda e justa homenagem, mas, não representa muito se vc apoia um governo genocida, que queria acabar com os povos indígenas.",0,0,0,https://twitter.com/Biakicis/status/1619167323935621120
Geraldo Martins,@Geraldo91120893,https://twitter.com/Geraldo91120893/status/1619368609155018753,2023-01-28T16:15:37.000Z,Deveria haver homenagem às 13 milhões de russos e 8 milhões de alemães mortos na segunda Guerra. Se não há é pq as vidas dos judeus valem mais do que as vidas dos russos e alemães.,0,0,0,https://twitter.com/Biakicis/status/1619167323935621120
iaguito,@httpsiago,https://twitter.com/httpsiago/status/1619357173737476097,2023-01-28T15:30:11.000Z,"Sim, e que todo mundo possa aprender bem quem foram as VÍTIMAS, pra não fazerem qualquer comparação cruel com CRIMINOSOS alimentados, vivos e com acesso até a celular!",0,0,0,https://twitter.com/Biakicis/status/1619167323935621120
Rosania Mesquita,@AleroMesquita,https://twitter.com/AleroMesquita/status/1619183221106933761,2023-01-28T03:58:57.000Z,Parace que aqui tem estamos começando a presenciar uma imitação dessa orenda desgraça... Deus misericórdia 🙏🏻🤔,2,0,2,https://twitter.com/Biakicis/status/1619167323935621120
Maria,@MariaJordo6,https://twitter.com/MariaJordo6/status/1619324662890246144,2023-01-28T13:20:59.000Z,Tinha gente aqui q gostaria de ter feito a mesma coisa com os Yanomamis.,0,0,1,https://twitter.com/Biakicis/status/1619167323935621120
Paulo,@8deagostode1974,https://twitter.com/8deagostode1974/status/1619281775322337283,2023-01-28T10:30:34.000Z,E holocausto yanomami? Silêncio?,0,0,6,https://twitter.com/Biakicis/status/1619167323935621120
Carlos Andre,@cacm1975,https://twitter.com/cacm1975/status/1619365619186667532,2023-01-28T16:03:44.000Z,Faz uma homenagem aos índios mortos pela ingerência bolsonarista,0,0,1,https://twitter.com/Biakicis/status/1619167323935621120
Luiza Silva 08,@LuizaSilva081,https://twitter.com/LuizaSilva081/status/1619364329496932352,2023-01-28T15:58:37.000Z,E esses políticos banalizando a palavra  GENOCÍDIO... isso sim é  CRIME,0,0,0,https://twitter.com/Biakicis/status/1619167323935621120
Luiz Antonio Da costa,@LuizAntonio_66,https://twitter.com/LuizAntonio_66/status/1619378279110283266,2023-01-28T16:54:02.000Z,"Vergonha cada publicação uma vergonha, reveja seus atos e de seu governo!",0,0,0,https://twitter.com/Biakicis/status/1619167323935621120
Cris Sousa,@CrisSou27596436,https://twitter.com/CrisSou27596436/status/1619307575832633344,2023-01-28T12:13:06.000Z,"Faz uma homenagem para os indígenas que vcs não deram assistência, péssimo governo esse de 4 anos atrás",0,0,0,https://twitter.com/Biakicis/status/1619167323935621120
Solanger,@patolaneles,https://twitter.com/patolaneles/status/1620416962261127168,2023-01-31T13:41:24.000Z,"Gente ver-me-ia vão se informar e parem de transmitir o ódio aprendido na mídia e nas Universidades castradoras de inteligência, quem tiver claro!",0,0,0,https://twitter.com/Biakicis/status/1619167323935621120
Vinicius Martin,@vinnymartin2010,https://twitter.com/vinnymartin2010/status/1619309436593635328,2023-01-28T12:20:29.000Z,"Pois é, isso foi genocídio , não as idiotices que falam por aí.",2,0,0,https://twitter.com/Biakicis/status/1619167323935621120
Mario Mello,@mariomello,https://twitter.com/mariomello/status/1619344321278521345,2023-01-28T14:39:06.000Z,"Que hilário, justamente de um ex presidente que chamou Hitler de ""gênio""...vocês mentem tanto que já nem se importam com o tamanho kilométrico do nariz...",0,0,17,https://twitter.com/Biakicis/status/1619167323935621120
Alexandre Lacerda,@AlexandreLacer2,https://twitter.com/AlexandreLacer2/status/1619409081810444291,2023-01-28T18:56:26.000Z,"Soa, no mínimo, como hipocrisia, pois  a sra demonstrou uma fidelidade canina a alguém tão semelhante ao responsável por esse capitulo nefasto da história.",0,0,0,https://twitter.com/Biakicis/status/1619167323935621120
Sérgio Cordeiro,@SrgioCo81858545,https://twitter.com/SrgioCo81858545/status/1619345543020564481,2023-01-28T14:43:58.000Z,"Se não for para ceder homenagens aos yanomami,é hipocrisia!",0,0,0,https://twitter.com/Biakicis/status/1619167323935621120
sandemberg oliveira,@sandembergoliv,https://twitter.com/sandembergoliv/status/1619330840273784834,2023-01-28T13:45:32.000Z,Sério? Que hipocrisia!,0,0,0,https://twitter.com/Biakicis/status/1619167323935621120
Mauro Reis,@mauro_reis,https://twitter.com/mauro_reis/status/1619363658487988229,2023-01-28T15:55:57.000Z,"É, realmente a deputag esta em Nárnia",0,0,0,https://twitter.com/Biakicis/status/1619167323935621120
Matheus Berger,@MatheusBerger4,https://twitter.com/MatheusBerger4/status/1619191572234661891,2023-01-28T04:32:08.000Z,"E as vítimas da Covid? Ah esqueci, o Messias não é coveiro!",1,0,12,https://twitter.com/Biakicis/status/1619167323935621120
Marly ishizaki,@MarlyIshizaki,https://twitter.com/MarlyIshizaki/status/1619186414599688192,2023-01-28T04:11:38.000Z,A foto deveria ser de Brasília.,1,0,0,https://twitter.com/Biakicis/status/1619167323935621120
Jessica Milasauskas,@milarossej,https://twitter.com/milarossej/status/1619253719824232450,2023-01-28T08:39:05.000Z,"Ou a senhora se solidariza com o povo judeu ou é bolsonarista, escolhe um.",0,0,10,https://twitter.com/Biakicis/status/1619167323935621120
rogerio costa,@rogerio07389557,https://twitter.com/rogerio07389557/status/1619525497830133761,2023-01-29T02:39:02.000Z,Do não entendi tantas referências nazistas no governo que VC apoia.,0,0,0,https://twitter.com/Biakicis/status/1619167323935621120
Anna,@Anna52927098,https://twitter.com/Anna52927098/status/1619193816430542851,2023-01-28T04:41:03.000Z,Tristeza,1,0,0,https://twitter.com/Biakicis/status/1619167323935621120
annamiss,@annamis14458500,https://twitter.com/annamis14458500/status/1619677858057850880,2023-01-29T12:44:28.000Z,Uma mancha na história do mundo,0,0,0,https://twitter.com/Biakicis/status/1619167323935621120
Celia Rothier Barbosa,@RothierCelia,https://twitter.com/RothierCelia/status/1619300235507015680,2023-01-28T11:43:55.000Z,Precisamos lembrar dos nossos aí no Brasil. Em pleno 2023!!!!,0,0,2,https://twitter.com/Biakicis/status/1619167323935621120
Paulo A. G. Cardim,@pagc9696,https://twitter.com/pagc9696/status/1619632165100347392,2023-01-29T09:42:54.000Z,SEM DÚVIDA ALGUMA,0,0,0,https://twitter.com/Biakicis/status/1619167323935621120
THAT’S RIGHT,@firme_everton,https://twitter.com/firme_everton/status/1619399308511678464,2023-01-28T18:17:36.000Z,Tem um grupo de mais ou menos mil presos em Brasília,0,0,0,https://twitter.com/Biakicis/status/1619167323935621120
claudia moretto,@claudiamoretto3,https://twitter.com/claudiamoretto3/status/1619344157042176003,2023-01-28T14:38:27.000Z,Neonazista homenageando vítimas do holocausto? Primeira vez na vida que eu vejo.,0,0,2,https://twitter.com/Biakicis/status/1619167323935621120
✠sou vasco ✠,@TRABALHOPT10,https://twitter.com/TRABALHOPT10/status/1619307956230819841,2023-01-28T12:14:36.000Z,Rainha das fakenews!,0,0,0,https://twitter.com/Biakicis/status/1619167323935621120
@GMatos,@GMatos,https://twitter.com/canetaafiada/status/1619263695103856640,2023-01-28T09:18:44.000Z,Faça homenagem  as vítimas da ditadura militar. No quadro abaixo o Vladimir Herzog,0,0,0,https://twitter.com/Biakicis/status/1619167323935621120
hercelia Amaro,@HerceliaA,https://twitter.com/HerceliaA/status/1620207592164454401,2023-01-30T23:49:26.000Z,# FORA PACHECO,0,0,0,https://twitter.com/Biakicis/status/1619167323935621120
hercelia Amaro,@HerceliaA,https://twitter.com/HerceliaA/status/1620207687417094144,2023-01-30T23:49:49.000Z,#FORA PACHECO,1,0,0,https://twitter.com/Biakicis/status/1619167323935621120
cosuety,@cosuety,https://twitter.com/cosuety/status/1619278522467631104,2023-01-28T10:17:39.000Z,🤍,0,0,0,https://twitter.com/Biakicis/status/1619167323935621120
Brazilian Connection,@VoteSim2,https://twitter.com/VoteSim2/status/1619168604196581376,2023-01-28T03:00:52.000Z,"E as vítimas indígenas de genocídio, não vai comentar, né?",2,0,1,https://twitter.com/Biakicis/status/1619167323935621120
Léo Cantor leo,@Cantorleo1Lo,https://twitter.com/Cantorleo1Lo/status/1619479505718099968,2023-01-28T23:36:17.000Z,Pensei que era uma homenagem ao yanomamis..,0,0,0,https://twitter.com/Biakicis/status/1619167323935621120
Rosália Paula Pereira,@RosliaPaulaPer1,https://twitter.com/RosliaPaulaPer1/status/1619673673862094849,2023-01-29T12:27:50.000Z,Bia eu só  peso nas pessoas de presas em Brasília no campo de concentração. Nem durmo direito deste de 08 de janeiro 23. E agora soltando as 80 presas para dar lugar pata essas pessoas do bem ficar surreal!!,0,0,0,https://twitter.com/Biakicis/status/1619167323935621120
Angela Bacelar,@AngelaBacelar3,https://twitter.com/AngelaBacelar3/status/1619578507977424897,2023-01-29T06:09:41.000Z,E o que vcs estão fazendo para libertar os manifestantes de 8 de janeiro???,0,0,0,https://twitter.com/Biakicis/status/1619167323935621120
Anastacio Lacerda,@AnastacioLacerd,https://twitter.com/AnastacioLacerd/status/1619292262449680385,2023-01-28T11:12:15.000Z,"Ué, dos yanomamis que vocês queriam dizimar?",0,0,3,https://twitter.com/Biakicis/status/1619167323935621120
Cremildo Barbosa,@lobaobpf,https://twitter.com/lobaobpf/status/1619783085775781891,2023-01-29T19:42:36.000Z,Em breve teremos o dia de homenagens ao genocídio dos índios brasileiros.,0,0,0,https://twitter.com/Biakicis/status/1619167323935621120
Anti-Destra,@anti_destraGi,https://twitter.com/anti_destraGi/status/1619336024290922496,2023-01-28T14:06:08.000Z,As suas homenagens às vítimas do holocausto são no mínimo sarcásticas! A senhora deve estar comemorando o holocausto.,0,0,3,https://twitter.com/Biakicis/status/1619167323935621120
Gracinha,@Gracinha867,https://twitter.com/Gracinha867/status/1619505981381308417,2023-01-29T01:21:29.000Z,Parabéns Bia,0,0,0,https://twitter.com/Biakicis/status/1619167323935621120
Odorico Paraguassu,@JoaoDoBrasil01,https://twitter.com/JoaoDoBrasil01/status/1619317146269675520,2023-01-28T12:51:07.000Z,MAL CARATER,0,0,0,https://twitter.com/Biakicis/status/1619167323935621120
holnda agape,@AgapeHolnda,https://twitter.com/AgapeHolnda/status/1619274769718972417,2023-01-28T10:02:44.000Z,Como disse o capitão:Como é  facil implantar uma ditadura no Brasil!,0,0,0,https://twitter.com/Biakicis/status/1619167323935621120
Gilbert,@Gilbert46161515,https://twitter.com/Gilbert46161515/status/1619365278730842112,2023-01-28T16:02:23.000Z,Vivi pra ver uma bolsonarista citar Primo Levi.,0,0,0,https://twitter.com/Biakicis/status/1619167323935621120
son of a bitch,@GLLOCK4,https://twitter.com/GLLOCK4/status/1619279574847864832,2023-01-28T10:21:50.000Z,"Essa mulher já comprou a passagem pro inferno, nossa que gente ruim aff",0,0,0,https://twitter.com/Biakicis/status/1619167323935621120
Helio Lima,@HelioDeca,https://twitter.com/HelioDeca/status/1619328442625069057,2023-01-28T13:36:01.000Z,Conseguiremos reavivar o voto auditável????,0,0,0,https://twitter.com/Biakicis/status/1619167323935621120
Hugo Bessa,@hugo_bessa,https://twitter.com/hugo_bessa/status/1619177574600704002,2023-01-28T03:36:31.000Z,"Faz uma homenagem para as vítimas da Covid. Seria hipocrisia, né ?",4,0,11,https://twitter.com/Biakicis/status/1619167323935621120
Marcello Brasileiro,@Marcello14HP,https://twitter.com/Marcello14HP/status/1619536827031121921,2023-01-29T03:24:03.000Z,"E os indígenas, tem alguma homenagem? 
Ñ né, os maus tratos só serviram pra desmascarar vcs.",0,0,0,https://twitter.com/Biakicis/status/1619167323935621120
valdir borges filho,@valdirborgf,https://twitter.com/valdirborgf/status/1619453763428941824,2023-01-28T21:53:59.000Z,Volta urgente para escola.,0,0,0,https://twitter.com/Biakicis/status/1619167323935621120
Eva Santos,@EvaSant24641464,https://twitter.com/EvaSant24641464/status/1619342055012188160,2023-01-28T14:30:06.000Z,Sua hipocrisia causa náuseas 🤮🤮🤮🤮🤮,0,0,0,https://twitter.com/Biakicis/status/1619167323935621120
rodrimor,@andre_moreno1,https://twitter.com/andre_moreno1/status/1619390157345677313,2023-01-28T17:41:14.000Z,Essa senhora é verdadeira como nota de 3 reais,0,0,0,https://twitter.com/Biakicis/status/1619167323935621120
Indalicio Bergamini,@IndalicioB,https://twitter.com/IndalicioB/status/1619328307664916481,2023-01-28T13:35:28.000Z,Holocausto brasileiro.  Diga -se de passagem !!!!,0,0,0,https://twitter.com/Biakicis/status/1619167323935621120
GordoPasFort,@TMendigos,https://twitter.com/TMendigos/status/1619376074076594176,2023-01-28T16:45:17.000Z,"Muita cara de p4u mesmo, ne?",0,0,0,https://twitter.com/Biakicis/status/1619167323935621120
Damacir Silva,@DamacirS,https://twitter.com/DamacirS/status/1619376438360309760,2023-01-28T16:46:44.000Z,E as pessoas que estao presas injustamente pelo stf?,1,0,0,https://twitter.com/Biakicis/status/1619167323935621120
Waldir Lima,@WaldirLima9,https://twitter.com/WaldirLima9/status/1619371593716891648,2023-01-28T16:27:29.000Z,"Bia Kicis: ""Para encerrar o dia, com chave de ouro, nossas homenagens ao holocausto.""",0,0,0,https://twitter.com/Biakicis/status/1619167323935621120
Katiamaria,@Katiamariaa81,https://twitter.com/Katiamariaa81/status/1619284598537736192,2023-01-28T10:41:47.000Z,Meu Deus. O bom te tudo isso é saber que tem um Deus que tudo vê a hipocrisia dessa sinagoga de satanás. Em nenhum momento vi prestando solidariedade as crianças que estão morrendo de fome. Aí Ai,0,0,3,https://twitter.com/Biakicis/status/1619167323935621120
Marcia,@Marcia00804043,https://twitter.com/Marcia00804043/status/1619486865685610497,2023-01-29T00:05:32.000Z,Quando a senhora vai fazer uma homenagem as crianças yanomamis mortas pelo bolsonarista que a senhora tanto defende.,0,0,0,https://twitter.com/Biakicis/status/1619167323935621120
Marcia,@Marcia00804043,https://twitter.com/Marcia00804043/status/1619488243564818432,2023-01-29T00:11:00.000Z,Holocausto praticado pelo bolsonarista que estava no poder.,0,0,1,https://twitter.com/Biakicis/status/1619167323935621120
Cesar Gotaski,@CGotasky,https://twitter.com/CGotasky/status/1619301572646948865,2023-01-28T11:49:14.000Z,😢,0,0,0,https://twitter.com/Biakicis/status/1619167323935621120
Paulão,@peredelski,https://twitter.com/peredelski/status/1619400327786303488,2023-01-28T18:21:39.000Z,"O Brasil está bem perto, falta só um pouquinho",0,0,0,https://twitter.com/Biakicis/status/1619167323935621120
Daniel Vieira,@DanielV61220891,https://twitter.com/DanielV61220891/status/1619280773416366080,2023-01-28T10:26:35.000Z,E as vítimas indígenas alguma homenagem???,0,0,26,https://twitter.com/Biakicis/status/1619167323935621120
"A Ciência voltou, seja bem vindo 2023!",@MGsemcensura,https://twitter.com/MGsemcensura/status/1619418447674478593,2023-01-28T19:33:39.000Z,Auschwitz é aqui!,0,0,6,https://twitter.com/Biakicis/status/1619167323935621120
Glauciene Gonçalves,@GlaucieneGonal6,https://twitter.com/GlaucieneGonal6/status/1619342584668626948,2023-01-28T14:32:12.000Z,"Para encerrar o dia, uma homenagem às vítimas do GENOCÍDIO YANOMAMI, causado pela sua turma.",1,0,3,https://twitter.com/Biakicis/status/1619167323935621120
Da Ferreira,@DaFerreira7,https://twitter.com/DaFerreira7/status/1619170419768172546,2023-01-28T03:08:05.000Z,KD o capitão fujão?????,1,0,3,https://twitter.com/Biakicis/status/1619167323935621120
Claudia Junqueira,@Claudia83606145,https://twitter.com/Claudia83606145/status/1619187866822930433,2023-01-28T04:17:25.000Z,Vergonha na cara. Minha cara!,1,0,7,https://twitter.com/Biakicis/status/1619167323935621120
Nelson José Caraciola,@CaraciolaJose,https://twitter.com/CaraciolaJose/status/1619355937269231617,2023-01-28T15:25:16.000Z,"Quem vê está homenagem, pode até pensar que a senhora é contra tudo o que representou o Nazifascismo, só que NÃO. Demagoga",0,0,12,https://twitter.com/Biakicis/status/1619167323935621120
Soliane Marchioro,@SolianeMarchio1,https://twitter.com/SolianeMarchio1/status/1619168548005494784,2023-01-28T03:00:39.000Z,E as vítimas do dia após o 8/01? Aquelas que ficaram em campo de concentração e até hoje muitas estão presas injustamente? Essas são do nosso país. Aconteceu durante seu mandato político. Dessas você convém nem lembrar né? Não morreram ainda pra virar mártir.,2,0,4,https://twitter.com/Biakicis/status/1619167323935621120
Zèta,@geraldo_zimbra,https://twitter.com/geraldo_zimbra/status/1619247199430512642,2023-01-28T08:13:11.000Z,Aqui também pode ser considerado genocídio?,1,0,29,https://twitter.com/Biakicis/status/1619167323935621120
Raquel,@raquelDrumond2,https://twitter.com/raquelDrumond2/status/1619339092462034945,2023-01-28T14:18:20.000Z,Para encerrar o dia nossa homenagem às vitimas do holocausto. Concorda @jpdoficial1,0,0,27,https://twitter.com/Biakicis/status/1619167323935621120
Raquel,@raquelDrumond2,https://twitter.com/raquelDrumond2/status/1619339996611375104,2023-01-28T14:21:55.000Z,"Para encerrar o dia, nossas homenagens às vítimas do holocausto. @jpdoficial1 concorda?",0,0,14,https://twitter.com/Biakicis/status/1619167323935621120
Paulo Caetano,@paulocaesilva,https://twitter.com/paulocaesilva/status/1619457993485213701,2023-01-28T22:10:48.000Z,Falsiane,0,0,0,https://twitter.com/Biakicis/status/1619167323935621120
Miriam de Aguiar Borges,@MiriamdeAguiar2,https://twitter.com/MiriamdeAguiar2/status/1619475501034401792,2023-01-28T23:20:22.000Z,😔😔😔,0,0,0,https://twitter.com/Biakicis/status/1619167323935621120
Zeca Rodrigues,@ZecaDub,https://twitter.com/ZecaDub/status/1619392626205294592,2023-01-28T17:51:03.000Z,São coisas que jamais devemos esquecer pra jamais repetir. O Holocausto e Bolsonaro.,0,0,2,https://twitter.com/Biakicis/status/1619167323935621120
DanStay,@DaniloR9SPFC,https://twitter.com/DaniloR9SPFC/status/1619303112799551494,2023-01-28T11:55:21.000Z,Pessoas como você não prestam!,0,0,1,https://twitter.com/Biakicis/status/1619167323935621120
Thiagoroqueiro Conservador B35,@thiagoroqueiro,https://twitter.com/thiagoroqueiro/status/1619409472409174017,2023-01-28T18:58:00.000Z,"Pra variar, a deputag homenageando os mortos, de outros países, e ignorando os vivos, q a elegeram, em se país. Vá trabalhar deputag...",0,0,0,https://twitter.com/Biakicis/status/1619167323935621120
Silvânia Ferreira,@Silvnia21766168,https://twitter.com/Silvnia21766168/status/1619263538975084544,2023-01-28T09:18:06.000Z,"Sobre os yanomamis, você não fala nada?",0,0,1,https://twitter.com/Biakicis/status/1619167323935621120
Neide Fernandes,@NeideFolgosi,https://twitter.com/NeideFolgosi/status/1619174780447657986,2023-01-28T03:25:25.000Z,🙏🙏🙏,1,0,0,https://twitter.com/Biakicis/status/1619167323935621120
Carlos Alberto Souza,@CarlosA44500563,https://twitter.com/CarlosA44500563/status/1619499280116625408,2023-01-29T00:54:51.000Z,Petistas irão dizer que não existiu tal fato. Eles acreditam em gnomos!,0,0,0,https://twitter.com/Biakicis/status/1619167323935621120
Gabriel Ferreira ✭,@biehu,https://twitter.com/biehu/status/1619320796098478080,2023-01-28T13:05:37.000Z,Baita homenagem deputada,0,0,0,https://twitter.com/Biakicis/status/1619167323935621120
Dog Djum (3-1),@DjumMk,https://twitter.com/DjumMk/status/1619348171595079681,2023-01-28T14:54:24.000Z,Meio incoerente pra quem recepcionou nazistas,0,0,0,https://twitter.com/Biakicis/status/1619167323935621120
Shirley,@Shirley96667298,https://twitter.com/Shirley96667298/status/1619360773301739520,2023-01-28T15:44:29.000Z,Essa mulher não para de passar vergonha...kkkkk,0,0,0,https://twitter.com/Biakicis/status/1619167323935621120
JuniorCypresS,@HiltonMichiles,https://twitter.com/HiltonMichiles/status/1619325740058816512,2023-01-28T13:25:16.000Z,Hipocrisia!,0,0,0,https://twitter.com/Biakicis/status/1619167323935621120
bruno jesus,@brunje9887,https://twitter.com/brunje9887/status/1619345606165823491,2023-01-28T14:44:13.000Z,E os yanomami,0,0,0,https://twitter.com/Biakicis/status/1619167323935621120
just-rodrigues,@AliceRo05240188,https://twitter.com/AliceRo05240188/status/1619280777749073920,2023-01-28T10:26:36.000Z,"Hipocrisia.
Lamente as vítimas do teu país,
Em primeiro lugar.😡",0,0,1,https://twitter.com/Biakicis/status/1619167323935621120
Dulcinéia Carneiro,@DulceNascimento,https://twitter.com/DulceNascimento/status/1619427844702224384,2023-01-28T20:11:00.000Z,E o nosso holocausto? Que você acha?,0,0,0,https://twitter.com/Biakicis/status/1619167323935621120
Rainer ,@lrainerls,https://twitter.com/lrainerls/status/1619393099658297345,2023-01-28T17:52:56.000Z,Homenagem? Sério? Que tipo de imbecilidade crônica é essa que vocês carregam? Como não sentem vergonha de serem rasteiros?,0,0,0,https://twitter.com/Biakicis/status/1619167323935621120
C@rlos B1t,C@rlos B1t,https://twitter.com/carlosbit_/status/1619175182056439808,2023-01-28T03:27:00.000Z,"Do jeito que vcs se comportam, vamos entender como eles deixaram acontecer brevemente. Não queremos virar bandido, não fomos treinados e não temos armas. Seremos presos por opinião, humilhados, torturados e finalmente ganharemos uma bala diante do paredão.",1,0,1,https://twitter.com/Biakicis/status/1619167323935621120
Nos dias de hoje,@valtole,https://twitter.com/valtole/status/1619174737137266688,2023-01-28T03:25:14.000Z,"Esse dia é pra lembrar que crimes contra a humanidade não devem ser esquecidos, como esse aqui também:",2,1,8,https://twitter.com/Biakicis/status/1619167323935621120
Diogo Mendes,@DiogoMendesPCB,https://twitter.com/DiogoMendesPCB/status/1619370112167055367,2023-01-28T16:21:35.000Z,Nunca esquecer dos heróis sovieticos que libertaram Auschwitz!,0,1,18,https://twitter.com/Biakicis/status/1619167323935621120
Fernando Carvalho,@ptccarvalho,https://twitter.com/ptccarvalho/status/1619191107795173376,2023-01-28T04:30:17.000Z,Já que os bolsonaristas não homenagearam a dizimação dos IANOMAMIS...,1,0,6,https://twitter.com/Biakicis/status/1619167323935621120
Robson Alvaro #Votei 13,@RobsonAlvaro,https://twitter.com/RobsonAlvaro/status/1619272932139892736,2023-01-28T09:55:26.000Z,Quando irá se pronunciar sobre as vítimas que padeceram de COVID 19 graças à condução genocida do desgoverno que a Nobre Deputada apoiava??? Quando irá se pronunciar sobre o genocídio dos povos indígenas que estamos acompanhando???,0,0,3,https://twitter.com/Biakicis/status/1619167323935621120
PL2630 JÀ CHEGA DE MENTIRAS,@VinnyAlmeidaNH,https://twitter.com/VinnyAlmeidaNH/status/1619169624830124032,2023-01-28T03:04:55.000Z,"Dia 08 sera lembrado como o holocausto brasileiro, voce vai esta nos livros de história.",3,0,6,https://twitter.com/Biakicis/status/1619167323935621120
João Sier,@joaosier,https://twitter.com/joaosier/status/1619282459463667712,2023-01-28T10:33:17.000Z,Havia um campo de extermínio de indígenas na terra YANOMAMI. O que você fez a respeito?,0,0,4,https://twitter.com/Biakicis/status/1619167323935621120
Maria da Lús,@mariadalus67,https://twitter.com/mariadalus67/status/1619481019849256960,2023-01-28T23:42:18.000Z,Bia kicis se encontra com deputada nazista:,0,2,2,https://twitter.com/Biakicis/status/1619167323935621120
Gustavo #ForaBolsonaro,@GustavoTelles90,https://twitter.com/GustavoTelles90/status/1619188101204828161,2023-01-28T04:18:21.000Z,Nazifascistas tentando se passar por gente.,1,0,1,https://twitter.com/Biakicis/status/1619167323935621120
Emilene Flores,@Flores1Emilene,https://twitter.com/Flores1Emilene/status/1619264697492185088,2023-01-28T09:22:43.000Z,O Sacrilégio Terrível... A abominável desolação prevista por Daniel... Mateus 24.,0,0,0,https://twitter.com/Biakicis/status/1619167323935621120
Jose luiz Silva,@Joselui90518676,https://twitter.com/Joselui90518676/status/1619287820060987392,2023-01-28T10:54:35.000Z,E sobre o nosso holocausto??????,0,0,0,https://twitter.com/Biakicis/status/1619167323935621120
Márcio A. Oliveira,@ligadonoplaneta,https://twitter.com/ligadonoplaneta/status/1619404780501360641,2023-01-28T18:39:21.000Z,Yanomamis,0,0,0,https://twitter.com/Biakicis/status/1619167323935621120
INTELECTUALX,@lxmc16,https://twitter.com/lxmc16/status/1619496220036317184,2023-01-29T00:42:42.000Z,Entrei só para ver os petistas comparando judeu em campo de concentração com ianomami em sua própria aldeia 🍿🍿,0,0,0,https://twitter.com/Biakicis/status/1619167323935621120
AntonioMDS,@AntonioMDS1,https://twitter.com/AntonioMDS1/status/1619318842970480640,2023-01-28T12:57:52.000Z,"Sra. Deputada
Cria o dia das VÍTIMAS DO GENOCÍDIO DOS POVOS INDÍGENAS BRASILEIROS.
Em 1500
Eram 3.000.000 de indígenas.
Distribuídos em vários povos. Então, houve a invasão do Brasil.
Em 1650
Eram 700.000 indígenas, chegando a 70.000 em 1957.",0,0,0,https://twitter.com/Biakicis/status/1619167323935621120
Flavio,@flabrserr,https://twitter.com/flabrserr/status/1619324171552702466,2023-01-28T13:19:02.000Z,"Mas vcs pregam o holocausto, chega ser  irônico isso.
Todo bolsonarista ama tortura",0,0,0,https://twitter.com/Biakicis/status/1619167323935621120
Paulo Reis,@Paulo_rreis,https://twitter.com/Paulo_rreis/status/1619348903798927360,2023-01-28T14:57:19.000Z,@monark,0,0,0,https://twitter.com/Biakicis/status/1619167323935621120
mgpereira,@mgpereira3,https://twitter.com/mgpereira3/status/1619299968459898882,2023-01-28T11:42:52.000Z,Que essa história de horror nunca seja esquecida e/ou repetida!!! 🙏🙏🙏,1,0,0,https://twitter.com/Biakicis/status/1619167323935621120
fabrizzio soares,@fabrizziosoare3,https://twitter.com/fabrizziosoare3/status/1619205336279445505,2023-01-28T05:26:50.000Z,🙏🙏🙏 isso nunca deve ser esquecido ! 🇮🇱,1,0,0,https://twitter.com/Biakicis/status/1619167323935621120
Herege da família,@Cassio_Jose,https://twitter.com/Cassio_Jose/status/1619361929474232322,2023-01-28T15:49:04.000Z,E sobre os ianomami? Não merecem nem uma postagem sua?,0,0,0,https://twitter.com/Biakicis/status/1619167323935621120
Siso,@Costa6Moacyr,https://twitter.com/Costa6Moacyr/status/1619323052592095232,2023-01-28T13:14:35.000Z,Tá bom! E as vítimas do holocausto Ianomâmis? Nada...Nem uma palavra?,0,0,1,https://twitter.com/Biakicis/status/1619167323935621120
Claudia,@Claudiabio53,https://twitter.com/Claudiabio53/status/1619292302765334529,2023-01-28T11:12:24.000Z,Esperando sua solidariedade ao povo yanomami,0,0,1,https://twitter.com/Biakicis/status/1619167323935621120
Adelmo M. moura,@AdelmoMmoura,https://twitter.com/AdelmoMmoura/status/1619282848489566208,2023-01-28T10:34:50.000Z,Minha percepção que estamos neste mesmo caminho após 08/01/23 com a supressão do ESTADO DE DIREITO e VIOLAÇÃO DOS DIREITOS HUMANOS.,0,0,2,https://twitter.com/Biakicis/status/1619167323935621120
Jota Jota Rousseau,@Pindorama78,https://twitter.com/Pindorama78/status/1619392940752920578,2023-01-28T17:52:18.000Z,Faltou só o cata-vento do cão no braço.,0,0,2,https://twitter.com/Biakicis/status/1619167323935621120
Anderson Sá Marchioro,@asm_eng,https://twitter.com/asm_eng/status/1619167960383496192,2023-01-28T02:58:19.000Z,"Não precisa, já temos o nosso holocausto e nossos campos de concentração para IMPEACHMENT!",0,0,1,https://twitter.com/Biakicis/status/1619167323935621120
Ra Ribeiro,@Raimund43312468,https://twitter.com/Raimund43312468/status/1619174698193141760,2023-01-28T03:25:05.000Z,Quando essa coisa ruim fala ninguém acredita porq e 24h mentindo.,1,0,1,https://twitter.com/Biakicis/status/1619167323935621120
ANDY,@a_pratesk,https://twitter.com/a_pratesk/status/1619291764598181888,2023-01-28T11:10:16.000Z,"Um terrível episódio que também estão tentando reescrever ou esquecer, no contexto do que realmente foi",0,0,1,https://twitter.com/Biakicis/status/1619167323935621120
Nilson Medeiros,@NilsonM60015938,https://twitter.com/NilsonM60015938/status/1619466984584003586,2023-01-28T22:46:32.000Z,"I have watched today a BBC documentary called - ""How the Holocaust Began"" - with a different focus on those times. The reporter sometimes couldn't hold back the tears.",0,0,1,https://twitter.com/Biakicis/status/1619167323935621120
Sonia Galante,@SoniaGalante7,https://twitter.com/SoniaGalante7/status/1619245193965830145,2023-01-28T08:05:13.000Z,"Essa mulher é q bem nota de 3 reais , Jesus",0,0,6,https://twitter.com/Biakicis/status/1619167323935621120
Sg,@SergioR93276413,https://twitter.com/SergioR93276413/status/1619168788846628865,2023-01-28T03:01:36.000Z,Pelo menos não postou outra Fake News,1,0,12,https://twitter.com/Biakicis/status/1619167323935621120
Cleber Tavares,@cle30ber,https://twitter.com/cle30ber/status/1619337028008812544,2023-01-28T14:10:07.000Z,"Além de homenagear o passado, tinha que ter cuidado do povo indígena ianomâmi.",0,0,0,https://twitter.com/Biakicis/status/1619167323935621120
Moraes,@Moraes69006218,https://twitter.com/Moraes69006218/status/1619412915085516800,2023-01-28T19:11:40.000Z,"Ué, muitos de vocês diziam que isso era invenção da esquerda???",0,0,0,https://twitter.com/Biakicis/status/1619167323935621120
Marina Novais Maschietto,@MaNovaisMas,https://twitter.com/MaNovaisMas/status/1620047256010489856,2023-01-30T13:12:19.000Z,#PachecoNAO,0,0,0,https://twitter.com/Biakicis/status/1619167323935621120
Arionor10,@arionor10,https://twitter.com/arionor10/status/1619359729691811840,2023-01-28T15:40:20.000Z,Que tal as vítimas yanomames!,0,0,0,https://twitter.com/Biakicis/status/1619167323935621120
mauri bianchetti,@MauriBianchetti,https://twitter.com/MauriBianchetti/status/1619351493269925889,2023-01-28T15:07:36.000Z,É isso e tudo que vocês fizeram e queriam com o golpe.,0,0,0,https://twitter.com/Biakicis/status/1619167323935621120
Ana vilar,@paul04799736,https://twitter.com/paul04799736/status/1619405524705083393,2023-01-28T18:42:18.000Z,"Poxa podia atualizar e colocar foto dos povos originários em Roraina que  foram encontrados jntos ,wesnutridos e com sua identidade e direitos ,após um desgoverno ao qual a senhora é apoiadores",0,0,0,https://twitter.com/Biakicis/status/1619167323935621120
Pernalonga de Batom Red ᶜʳᶠ,@relyam,https://twitter.com/relyam/status/1619353684974120960,2023-01-28T15:16:19.000Z,Sua atuação na pandemia mais lembram um soldado  nazista do que alguém  que se importa com a VIDA.,0,0,0,https://twitter.com/Biakicis/status/1619167323935621120
Rosa,@762556999L,https://twitter.com/762556999L/status/1619311496323862531,2023-01-28T12:28:40.000Z,"Bia Kicis , uma parlamentar nota mil. Uma mulher que vale por dez.",0,0,0,https://twitter.com/Biakicis/status/1619167323935621120
Luis Leal,@LuisLea45615859,https://twitter.com/LuisLea45615859/status/1619313065094438912,2023-01-28T12:34:54.000Z,"Que loucura, vc postando algo útil.",0,0,0,https://twitter.com/Biakicis/status/1619167323935621120
RICARDO ALEXANDRE,@alexkadu,https://twitter.com/alexkadu/status/1619275669900509187,2023-01-28T10:06:19.000Z,MARCA A FAMILIA BOLSONARO PRA ELES SABEREM O QUE FOI ISSO,0,0,0,https://twitter.com/Biakicis/status/1619167323935621120
Elaene Peña,@ElaenePena,https://twitter.com/ElaenePena/status/1619458803090718721,2023-01-28T22:14:01.000Z,Um brinde a isso,0,0,0,https://twitter.com/Biakicis/status/1619167323935621120
ARTUR ANDRÉ VELAZQUEZ PESSOA,@ArturAndreVP,https://twitter.com/ArturAndreVP/status/1619419647132180485,2023-01-28T19:38:25.000Z,A minha pelas vítimas do Lavajatismo.,0,0,0,https://twitter.com/Biakicis/status/1619167323935621120
"ᴼᶜᵗᵃ Desça desse para-brisa, corno!",@muysensato,https://twitter.com/muysensato/status/1619433822365560832,2023-01-28T20:34:45.000Z,Quanto cinismo!,0,0,0,https://twitter.com/Biakicis/status/1619167323935621120
Luis Augusto,@LuisPinheiroSa,https://twitter.com/LuisPinheiroSa/status/1619297712729636864,2023-01-28T11:33:54.000Z,Onde é isso? Brasilia? Kkk,0,0,0,https://twitter.com/Biakicis/status/1619167323935621120
Tatinha,@CTatinha39,https://twitter.com/CTatinha39/status/1619374962804137985,2023-01-28T16:40:52.000Z,Hipocrisia,0,0,0,https://twitter.com/Biakicis/status/1619167323935621120
Flavia Andrade Ávila,@FlaviaA79027812,https://twitter.com/FlaviaA79027812/status/1619419452969472000,2023-01-28T19:37:39.000Z,"Algo horrível 😞😞 jamais será esquecido!
Genocídio de povos, que coisa grotesca 😭😭",0,0,0,https://twitter.com/Biakicis/status/1619167323935621120
Lucy Anna,@VoderDarth,https://twitter.com/VoderDarth/status/1619506505920950274,2023-01-29T01:23:34.000Z,Que tal homenagear os yanomani vítimas da omissão estatal ?,0,0,0,https://twitter.com/Biakicis/status/1619167323935621120
|Merlo| Vinnie_Burn84,@VBurn84,https://twitter.com/VBurn84/status/1619357851205652480,2023-01-28T15:32:52.000Z,Sua cara não queima??,0,0,0,https://twitter.com/Biakicis/status/1619167323935621120
Tereza Sabo,@tereza_sabo,https://twitter.com/tereza_sabo/status/1619353295059054595,2023-01-28T15:14:46.000Z,Tu és mórbida.,0,0,0,https://twitter.com/Biakicis/status/1619167323935621120
Lutch,@LucianoVital9,https://twitter.com/LucianoVital9/status/1619367036228091904,2023-01-28T16:09:22.000Z,"Sobre as vítimas da Covid,  dos Yanomamis vai homenagear qdo ?",0,0,0,https://twitter.com/Biakicis/status/1619167323935621120
Enio Brandão de Melo,@BrandaoEnio,https://twitter.com/BrandaoEnio/status/1619364677015961600,2023-01-28T15:59:59.000Z,Holocausto do Brasil  fica na PF de  Brasília,0,0,0,https://twitter.com/Biakicis/status/1619167323935621120
Viajando Aê!,@viajandoae,https://twitter.com/viajandoae/status/1619376502474407936,2023-01-28T16:46:59.000Z,Bandida,0,0,0,https://twitter.com/Biakicis/status/1619167323935621120
.,@RobertoBRSL1,https://twitter.com/RobertoBRSL1/status/1619423963054211072,2023-01-28T19:55:34.000Z,"Ninguém aceita a sua homenagem.
Estrema Direita é o Mau.",0,0,0,https://twitter.com/Biakicis/status/1619167323935621120
Doni Jesus,@DoniJesus4,https://twitter.com/DoniJesus4/status/1619234894672187393,2023-01-28T07:24:17.000Z,SINICA,0,0,3,https://twitter.com/Biakicis/status/1619167323935621120
Eddy Assis,@eddy_assis,https://twitter.com/eddy_assis/status/1619327730809737216,2023-01-28T13:33:11.000Z,E os indígenas,0,0,0,https://twitter.com/Biakicis/status/1619167323935621120
Colin Brayton,@ColinMutarjim,https://twitter.com/ColinMutarjim/status/1619681522969382914,2023-01-29T12:59:01.000Z,Achava que vocês fascistas negavam o Holocausto? Ou estou pensando no negacionismo do Gabinete de Ódio sobre os Yanomami? Seu grande patrocinador Trump gosta de  jantar com negacionistas. Cobrado por seguidores judéus ele os chamam de «traidores». A extrema direita: incoerente.,0,0,0,https://twitter.com/Biakicis/status/1619167323935621120
Nazaré Colvero,@NColvero,https://twitter.com/NColvero/status/1619784191083945984,2023-01-29T19:46:59.000Z,"E O HOLOCAUSTO DE BRASILIA  ,ALGUEM EXPLICA ONDE ESTÃO AQUELAS PESSOAS QUE FORAM PRESAS INJUSTAMENTE?💛💚",0,0,0,https://twitter.com/Biakicis/status/1619167323935621120
BIANCA WOLLFREED!,@Bia_Wollfreed,https://twitter.com/Bia_Wollfreed/status/1619168719305060353,2023-01-28T03:01:20.000Z,👇🤫,2,0,22,https://twitter.com/Biakicis/status/1619167323935621120
Citizen,@Brazilis10,https://twitter.com/Brazilis10/status/1619178229226405889,2023-01-28T03:39:07.000Z,Oremos para q a humanidade não incorra no mesmo erro.,1,0,1,https://twitter.com/Biakicis/status/1619167323935621120
Mauricio Sopif,@Mauriciokarhu,https://twitter.com/Mauriciokarhu/status/1619172538738958339,2023-01-28T03:16:30.000Z,A senhora está sempre tão fora da realidade! E os Ianomâmis querida ? Dona @DamaresAlves  Doou a sua cara de pau para uma ong? Foi?,1,0,1,https://twitter.com/Biakicis/status/1619167323935621120
maria odila segantin,@modilasegantin,https://twitter.com/modilasegantin/status/1619366370579464192,2023-01-28T16:06:43.000Z,Bia..estou Boquiaberta porque vcs vão aceitar o lixo lira continuar na presidência da Câmara ? Ele foi culpado da prisão do DSilveira..,0,0,0,https://twitter.com/Biakicis/status/1619167323935621120
Cidadão Brasileiro,@old_fox61,https://twitter.com/old_fox61/status/1619171352459747328,2023-01-28T03:11:47.000Z,"Descanse bem, repouse guerreira, mas amanhã seguimos na campanha nacional juntos, ok? #RogerioMARINHOPresidenteSENADO",1,0,17,https://twitter.com/Biakicis/status/1619167323935621120
Mandrake,@Mandrake1276,https://twitter.com/Mandrake1276/status/1619757800858726403,2023-01-29T18:02:08.000Z,"Lembrança justa. 
Menos de cem anos é muito recente. 
Algo impensável. 
Mas comunistas, de todos os matizes e em vários países, mataram vinte vezes mais.",0,0,0,https://twitter.com/Biakicis/status/1619167323935621120
Instituto Paulinho Pavesi,@PaulinhoPavesi,https://twitter.com/PaulinhoPavesi/status/1619317526936326144,2023-01-28T12:52:38.000Z,Hipócrita,0,0,1,https://twitter.com/Biakicis/status/1619167323935621120
Glen Brandão,@glen_brandao,https://twitter.com/glen_brandao/status/1619411009894227968,2023-01-28T19:04:06.000Z,Vc é muito vaga3unba mesmo.,0,0,0,https://twitter.com/Biakicis/status/1619167323935621120
CRL Volhovade,@vade_ca,https://twitter.com/vade_ca/status/1619444981617561600,2023-01-28T21:19:06.000Z,Ah tá,0,0,0,https://twitter.com/Biakicis/status/1619167323935621120
Tuca Andrada,@TucaAndrada3,https://twitter.com/TucaAndrada3/status/1619175219192799236,2023-01-28T03:27:09.000Z,"A senhora só se interessa pelo holocausto judeu, né? O q acabou de acontecer embaixo das suas ventas,sob um governo do qual vc fez parte, nem um pio, né? Ah, eles eram índios, né?",5,0,39,https://twitter.com/Biakicis/status/1619167323935621120
RAFAEL MARQUES,@RAFA_MARQUES_JF,https://twitter.com/RAFA_MARQUES_JF/status/1619379664727969792,2023-01-28T16:59:33.000Z,"Você não tem um pingo de verhonha na sua cara! Fala tudo da boca pra fora. Um monte de índios morrendo aqui e vem com esse papo furado de homenagem.

Você é um monstro! Feia por dentro e por fora!",0,0,0,https://twitter.com/Biakicis/status/1619167323935621120
Flor dobrada,@FlorDobrada,https://twitter.com/FlorDobrada/status/1619306478699155457,2023-01-28T12:08:44.000Z,"É hora de prestar homenagem aos presos do campo de concentracao que ainda estão nos porões dos presídios ou o medo impede de cita-los como se criminosos fossem? Enquanto criminosos estão nos palacios, nas ruas e favelas causando terror.",0,0,0,https://twitter.com/Biakicis/status/1619167323935621120
M J piqueno,@MariojorgeMarq1,https://twitter.com/MariojorgeMarq1/status/1619313076557463557,2023-01-28T12:34:57.000Z,🤔🤔alguma  fala  sobre isso,0,0,0,https://twitter.com/Biakicis/status/1619167323935621120
Igor Lima,@igrlima,https://twitter.com/igrlima/status/1619321778123476992,2023-01-28T13:09:32.000Z,E as vítimas da COVID que o governo Bolsonaro matou ? Só tinha deboche né,0,0,0,https://twitter.com/Biakicis/status/1619167323935621120
Jane Jan,@janemeirelles5,https://twitter.com/janemeirelles5/status/1619317774249250817,2023-01-28T12:53:37.000Z,Nossa !! Um post sem fake News!! Evoluindo !!,0,0,1,https://twitter.com/Biakicis/status/1619167323935621120
transgressorasertaneja,@netosoryu,https://twitter.com/netosoryu/status/1619721508737396739,2023-01-29T15:37:55.000Z,Vagabunda safada e oportunista,0,0,0,https://twitter.com/Biakicis/status/1619167323935621120
BolsoCrazy,@CrazyBolso,https://twitter.com/CrazyBolso/status/1619286603415044098,2023-01-28T10:49:45.000Z,Vc apoiou um torturador. Não entendi.,0,0,0,https://twitter.com/Biakicis/status/1619167323935621120
BolsoCrazy,@CrazyBolso,https://twitter.com/CrazyBolso/status/1619286916582744064,2023-01-28T10:51:00.000Z,"E isso, pode? Sópq foi na era Bozo?",0,0,0,https://twitter.com/Biakicis/status/1619167323935621120
BolsoCrazy,@CrazyBolso,https://twitter.com/CrazyBolso/status/1619287079015583744,2023-01-28T10:51:39.000Z,E isso aqui? Explique-se,0,0,0,https://twitter.com/Biakicis/status/1619167323935621120
