nome,usuario,idTweet,dataPublicacao,texto,replies,retweets,likes,tweetPai
Avelino Marques #BrasilConsciente,@A_Marques6,https://twitter.com/A_Marques6/status/1619688620314734593,2023-01-29T13:27:14.000Z,"Por quê? porque quer manter a ""narrativa"" de líder que ""cuida"" dos vulneráveis, lutando pelo café, almoço e jantar deles, enquanto ""investe"" em recepção nababesca com todo tipo de convidado, inclusive oportunistas que querem dilapidar o erário. Ato de populista e autoritário.",3,0,9,https://twitter.com/adriventurasp/status/1619296926364758018
Márcio da Amazônia,@MarcioCezarotto,https://twitter.com/MarcioCezarotto/status/1619847956894732288,2023-01-30T00:00:22.000Z,"Depois da nomeação daquelas figuras para ministérios e estatais Barba se preocupa e coloca sigilo na lista de convidados?
Que surpresa poderíamos ter? Fernandinho Beira Mar foi convidado, compareceu e pediu discrição?",0,0,1,https://twitter.com/adriventurasp/status/1619296926364758018
Eduardo,@Eduardo193911,https://twitter.com/Eduardo193911/status/1619452699547951104,2023-01-28T21:49:46.000Z,"Não fez ainda ? Muita falação e nada de execução ,  faz um orçamento paralelo e coloca para podermos ter uma ideia , faz jus ao mandato .",0,0,0,https://twitter.com/adriventurasp/status/1619296926364758018
Carlos Piazza,@CarlosPiazza,https://twitter.com/CarlosPiazza/status/1619570713274490880,2023-01-29T05:38:42.000Z,FAKE NEWS É CRIME!! OS DADOS SOBRE A RECEPÇÃO ESTÃO PUBLICADOS!!,0,0,1,https://twitter.com/adriventurasp/status/1619296926364758018
Marcos Baldassari Guardiano,@GuardianoMarcos,https://twitter.com/GuardianoMarcos/status/1619378819923853317,2023-01-28T16:56:11.000Z,Gostaria de saber em quem irá votar para presidente da Câmara???,0,0,0,https://twitter.com/adriventurasp/status/1619296926364758018
Carlos Piazza,@CarlosPiazza,https://twitter.com/CarlosPiazza/status/1619570297711267840,2023-01-29T05:37:03.000Z,IGNORÂNCIA...A LISTA PERTENCE ÀS EMBAIXADAS!! NUNCA LEU A LGPD?? APROVEITE O DOMINGO E SE INSTRUA.,1,0,3,https://twitter.com/adriventurasp/status/1619296926364758018
Marcel Motta,@MarcelMotta2,https://twitter.com/MarcelMotta2/status/1619821673456480259,2023-01-29T22:15:56.000Z,Festa nababesca,0,0,0,https://twitter.com/adriventurasp/status/1619296926364758018
Tânia Carvalho,@taniamfcarvalho,https://twitter.com/taniamfcarvalho/status/1619503282032087040,2023-01-29T01:10:46.000Z,O gasto deve ter sido incompatível com a festa apresentada,1,0,0,https://twitter.com/adriventurasp/status/1619296926364758018
Tia do Zapp,@Tiadozapp,https://twitter.com/Tiadozapp/status/1619644474518540288,2023-01-29T10:31:48.000Z,Os custos estão no Portal Transparência. Vai lá e vê e para de espalhar mentira,0,0,5,https://twitter.com/adriventurasp/status/1619296926364758018
maria odila segantin,@modilasegantin,https://twitter.com/modilasegantin/status/1619632842937602048,2023-01-29T09:45:35.000Z,Entre com pedido para ver .qto.foi gasto na festa..etc..vcs deputados sabem e podem fazer isso...,0,0,0,https://twitter.com/adriventurasp/status/1619296926364758018
Denise Antonia,@deniseanunesd,https://twitter.com/deniseanunesd/status/1619537268733267968,2023-01-29T03:25:49.000Z,"Os sigilos envolvendo a lista de convidados para a posse de Lula respondem a critérios reais de segurança das delegações estrangeiras! 
E, quanto aos custos do evento, já se sabe que estão disponíveis para acesso! Vai no site da transparência.",0,0,0,https://twitter.com/adriventurasp/status/1619296926364758018
Simone Lopes,@Din2Diniz,https://twitter.com/Din2Diniz/status/1619668809266376704,2023-01-29T12:08:30.000Z,Os gastos não são sigilosos,0,0,1,https://twitter.com/adriventurasp/status/1619296926364758018
Sandra -,@quarti_sandra,https://twitter.com/quarti_sandra/status/1619303909377576961,2023-01-28T11:58:31.000Z,"Menos...ele colocou em sigilo os nomes dos convidados por medida de segurança. Todos os outros dados estão abertos. Menos chilique, por favor. Já estamos com problemas até a testa.",5,3,41,https://twitter.com/adriventurasp/status/1619296926364758018
Alberto Kruschewsky,@betok43,https://twitter.com/betok43/status/1619618530797961216,2023-01-29T08:48:43.000Z,"Pare de passar vergonha. Os gastos estão no Portal da Transparência,  que voltou a funcionar. O sigilo dos nomes foi pedido por quem veio ao Brasil, em função da segurança 
devido ao terrorismo bolsonarista.",1,5,72,https://twitter.com/adriventurasp/status/1619296926364758018
Fábio,@MaX273180,https://twitter.com/MaX273180/status/1619756568744169472,2023-01-29T17:57:14.000Z,"Aqui não tem perigo...Aprenda a olhar o Portal da Transparência, ele existe para isso 😉",0,0,1,https://twitter.com/adriventurasp/status/1619296926364758018
WM ,@messiaswm,https://twitter.com/messiaswm/status/1619400183896473601,2023-01-28T18:21:05.000Z,"Não vi esse espanto, na ala bolsonarista do “NOVO” em 2018.O custo da posse de Lula foi 40% menor do que a de Bolsonaro. A cerimônia de Lula custou R$ 628 mil, enquanto a de Bolsonaro custou mais de R$ 1 milhão, em valores corrigidos pela inflação.E aí deputada ?Oq tem a dizer ?",2,0,4,https://twitter.com/adriventurasp/status/1619296926364758018
Rosalvo Valentim,@DoktorRockso,https://twitter.com/DoktorRockso/status/1619557173419446273,2023-01-29T04:44:54.000Z,"Ai que cansativo... tá tudo lá liberado, gastou 42% menos q o bozo. E sigilo é só para informações sobre as delegações de estados estrangeiros.  Isso é respeitar soberania alheia e a segurança diplomática. Afinal, terroristas nazistas tentaram dar um golpe de estado no Planalto.",0,0,0,https://twitter.com/adriventurasp/status/1619296926364758018
Socorro,@Socorrofpb,https://twitter.com/Socorrofpb/status/1619382391931535361,2023-01-28T17:10:23.000Z,Se informe. Ele colocou sigilo nos convidados porque é um protocolo diplomático. Os gastos já estão no Portal da Transparência.,2,0,6,https://twitter.com/adriventurasp/status/1619296926364758018
Rejane Blanco,@BlancoRejane,https://twitter.com/BlancoRejane/status/1619447515329462272,2023-01-28T21:29:10.000Z,nenhuma novidade desse desgoverno,0,0,1,https://twitter.com/adriventurasp/status/1619296926364758018
Marcos Padilha,@marcospadilha27,https://twitter.com/marcospadilha27/status/1619692941450289155,2023-01-29T13:44:24.000Z,PQP! Foi por causa dessas comparações que estamos nessa merda. São dois pesos que não se põe na mesma balança. 🤦🏻‍♂️,0,0,1,https://twitter.com/adriventurasp/status/1619296926364758018
nilse ph,@NilsePh,https://twitter.com/NilsePh/status/1619448345721966592,2023-01-28T21:32:28.000Z,"Parece q custou 684 mil, por aí. Está no portal da transparência do Gov. 

Sigilo foi só para os nomes, devido a lrr em I de proteção. 

Passam info inverídica sei lá porque.

Verdade é melhor q mentira",1,0,1,https://twitter.com/adriventurasp/status/1619296926364758018
Rosy,@Rosy190278,https://twitter.com/Rosy190278/status/1619526165496225793,2023-01-29T02:41:41.000Z,Qual é o foco que vcs estão querendo desviar com esse assunto do sigilo que não é sigilo?,0,0,3,https://twitter.com/adriventurasp/status/1619296926364758018
Wilson Rodrigues,@WilsonR41272232,https://twitter.com/WilsonR41272232/status/1619359072696029184,2023-01-28T15:37:43.000Z,"Tem que acabar com essa farra de sigilo, Deputada. 
Sigilo tem que ser para assuntos de segurança nacional.",1,0,4,https://twitter.com/adriventurasp/status/1619296926364758018
Roosevelt Roberto,@RooseveltRobe14,https://twitter.com/RooseveltRobe14/status/1619656041683365888,2023-01-29T11:17:46.000Z,"Só ir no portal da transparência e pesquisar, tu sabes o que é isso, preguiçosa?",0,0,3,https://twitter.com/adriventurasp/status/1619296926364758018
Cátia Dias,@CtiaDia11034370,https://twitter.com/CtiaDia11034370/status/1619902556087685120,2023-01-30T03:37:20.000Z,É muita falta de caráter!!! Divulgando notícia errada propositalmente. Baixa.,0,0,0,https://twitter.com/adriventurasp/status/1619296926364758018
Áurea M Barbosa,@ureaMBarbosa1,https://twitter.com/ureaMBarbosa1/status/1619491786505986048,2023-01-29T00:25:05.000Z,Não sei se lamento mais o fato de você ser professora ou deputada.,0,0,1,https://twitter.com/adriventurasp/status/1619296926364758018
Lúcia Saad,@lucia_saad1,https://twitter.com/lucia_saad1/status/1619382583489617921,2023-01-28T17:11:09.000Z,👏👏👏 Boa Adriana.,1,0,1,https://twitter.com/adriventurasp/status/1619296926364758018
brazuka pistola,@BrazukaPistola,https://twitter.com/BrazukaPistola/status/1619997911613599744,2023-01-30T09:56:14.000Z,Quero saber em quem votará para pres. Da camara..,0,0,0,https://twitter.com/adriventurasp/status/1619296926364758018
Jonatas,@jonatas_rg,https://twitter.com/jonatas_rg/status/1619816319469363201,2023-01-29T21:54:39.000Z,"há comitivas internacionais. trate-se de questões diplomáticas.  e foi colocado a lista, não os gastos",0,0,0,https://twitter.com/adriventurasp/status/1619296926364758018
ele mesmo,@ecoimbraf,https://twitter.com/ecoimbraf/status/1619693814578573312,2023-01-29T13:47:52.000Z,"Deputada, uma dúvida: foi feito requerimento de informação na ocorrência do sigilo de 100 anos ao cartão corporativo do ex-PR? E ao sigilo às visitas ao Planalto? Ao cartão vacinação? Talvez ao sigilo dado ao processo do Gen. Pazuello?

Vcs são uma piada. Parcialidade grotesca.",0,0,0,https://twitter.com/adriventurasp/status/1619296926364758018
Saquaremas e Luzias.,@saqualuzia,https://twitter.com/saqualuzia/status/1619528484598214658,2023-01-29T02:50:54.000Z,O quanto custou não ficou escondido,0,0,5,https://twitter.com/adriventurasp/status/1619296926364758018
A justiça partidária era a lava a jato !!!!,@JusPartidaria,https://twitter.com/JusPartidaria/status/1619589954480504832,2023-01-29T06:55:10.000Z,"🤣🤣🤣 daqui uns dias gasta verba pública pra fazer plástica, pq o nariz tá maior que o pinoquio.",0,2,8,https://twitter.com/adriventurasp/status/1619296926364758018
André Ventura,@deoventura,https://twitter.com/deoventura/status/1619307128757563397,2023-01-28T12:11:19.000Z,"Os valores estão acessíveis, trouxa.",2,0,1,https://twitter.com/adriventurasp/status/1619296926364758018
Antonio A,@Antonio3064,https://twitter.com/Antonio3064/status/1619355993363869697,2023-01-28T15:25:29.000Z,"E o Extrato dos Cartões Corporativos de Janeiro, espero, serão públicos em Fevereiro, certo ?
Se é para ter transparência, espero ansiosamente pelos extratos em Fevereiro da Presidência.",1,0,1,https://twitter.com/adriventurasp/status/1619296926364758018
ClaytonBR,@aclaytonbr,https://twitter.com/aclaytonbr/status/1619498836065656833,2023-01-29T00:53:06.000Z,"A mentira sempre usada para tentar lacrar. O custo da recepção nunca entrou em sigilo. 
Não fique dando tantas provas do seu cinismo. 😅",0,0,6,https://twitter.com/adriventurasp/status/1619296926364758018
Rô Ventura,@roventurasp,https://twitter.com/roventurasp/status/1621299850431053825,2023-02-03T00:09:41.000Z,Já me sinto arrependida do meu voto....,0,0,1,https://twitter.com/adriventurasp/status/1619296926364758018
KD,@ronaldotokuno,https://twitter.com/ronaldotokuno/status/1619499917634056193,2023-01-29T00:57:23.000Z,"Existem limites para certos pedidos. Nesses pedidos freestyle, onde claramente a pessoa faz requerimento somente para bagunçar, tem que haver punição também. Espero pela cassação e indenização dessa senhora à União.",0,0,1,https://twitter.com/adriventurasp/status/1619296926364758018
Guilherme Melo,@guillmelov,https://twitter.com/guillmelov/status/1619376414037540866,2023-01-28T16:46:38.000Z,Quanto custou não foi escondido. É muita desonestidade,1,0,8,https://twitter.com/adriventurasp/status/1619296926364758018
XanRoJorge,@TioSan_Jorge,https://twitter.com/TioSan_Jorge/status/1619749961847181312,2023-01-29T17:30:59.000Z,"O sigilo de Bolsonaro já foi removido e se mostrou uma biribinha que os noticiários não puderam usar contra ele, e sobre o sigilo do molusco?",0,0,0,https://twitter.com/adriventurasp/status/1619296926364758018
Marcio PT 13 %,@Marciolopeste,https://twitter.com/Marciolopeste/status/1619498776896630785,2023-01-29T00:52:51.000Z,"Não fica passando vergonha, de uma hora para outra começaram se preocupar com gastos com dinheiro público né ? Onde você estava nesses últimos 4 anos ? Um presidente passou 4 anos brincando de presidente popular com dinheiro público ?",2,1,16,https://twitter.com/adriventurasp/status/1619296926364758018
Jô Souza,@jomaria1745,https://twitter.com/jomaria1745/status/1619696268267208705,2023-01-29T13:57:37.000Z,"Adriana, amada! Vai lá querida, no site e pesquisa tá lá todos os gastos. 
Fica passando vergonha não!",0,1,1,https://twitter.com/adriventurasp/status/1619296926364758018
"acabou, boa sorte...",@TaugyT,https://twitter.com/TaugyT/status/1619628916922277890,2023-01-29T09:29:59.000Z,"Não precisa fazer requerimento. Vai no portal da transparência que tá tudo lá. O sigilo é sobre os nomes das delegações estrangeiras por questões de segurança mas anação de origem dos convidados tem acesso. Existe lei pra isso e você sabe, mas prefere mentir pra enganar trouxas.",0,3,26,https://twitter.com/adriventurasp/status/1619296926364758018
J Veras | PT,@oaraujo1313,https://twitter.com/oaraujo1313/status/1619671638173442048,2023-01-29T12:19:45.000Z,Tá mentindo tá td liberado no portal da transparência... fala qnd tu tiver certeza ok.,0,0,1,https://twitter.com/adriventurasp/status/1619296926364758018
Alex,@descloroquino,https://twitter.com/descloroquino/status/1619648596474994689,2023-01-29T10:48:11.000Z,"Sim, recepção à CHEFES DE ESTADO deve ser regada à água da torneira. Vcs do NOVO são muito ruins...sério",0,1,2,https://twitter.com/adriventurasp/status/1619296926364758018
Helektra,@Helektra6,https://twitter.com/Helektra6/status/1619457213965410304,2023-01-28T22:07:42.000Z,"O que dizer de alguém que comete a burrice de propagar mentira?
Menos, senhora, ou terá que trocar o par de orelhas...",0,0,6,https://twitter.com/adriventurasp/status/1619296926364758018
Flávio S.,@Ojuara_Valente,https://twitter.com/Ojuara_Valente/status/1619665776373567488,2023-01-29T11:56:27.000Z,Por isso a bancada do novo é tão pequena que nem consultada sobre projetos é.,0,0,1,https://twitter.com/adriventurasp/status/1619296926364758018
Leandro Tadeu,@leandroufrgs,https://twitter.com/leandroufrgs/status/1619446552082386945,2023-01-28T21:25:20.000Z,Faz. Quero rir da resposta ao teu requerimento,0,0,1,https://twitter.com/adriventurasp/status/1619296926364758018
Ernani,@Malucblz,https://twitter.com/Malucblz/status/1619319590982660096,2023-01-28T13:00:50.000Z,Não há sigilo sobre os custos da posse. Há sigilo somente sobre a lista de convidados. E não há qualquer simetria com os sigilos de Bolsonaro sobre gastos públicos.,1,0,5,https://twitter.com/adriventurasp/status/1619296926364758018
Paulo S,@PauloSi69137313,https://twitter.com/PauloSi69137313/status/1619711574926843905,2023-01-29T14:58:26.000Z,Será que já começou com um super faturamento da mortadela?,0,0,0,https://twitter.com/adriventurasp/status/1619296926364758018
Eronise Gripa,@EroniseG,https://twitter.com/EroniseG/status/1620184124521578499,2023-01-30T22:16:11.000Z,Maldade a vista,0,0,0,https://twitter.com/adriventurasp/status/1619296926364758018
José Rosa Lima,@JosRosaLima4,https://twitter.com/JosRosaLima4/status/1619682753716584448,2023-01-29T13:03:55.000Z,"Eu votei no Lula no segundo turno,mais defendo o certo, não tem nada que esconder,o livro tem que está sempre aberto pra quem quiser ler e interpretar.",0,0,0,https://twitter.com/adriventurasp/status/1619296926364758018
mndsjota,@mndsjota,https://twitter.com/mndsjota/status/1619324015574917120,2023-01-28T13:18:25.000Z,"Isso é papo de alguns vários milhões 🌽🌽🌽🌽🌽🌽🌽🌽,por isso ele deixa em off.
Mas não adianta,o povo já conhece a manha dele e da galera.",1,0,0,https://twitter.com/adriventurasp/status/1619296926364758018
Augusto Sopas,@AugustoSopas,https://twitter.com/AugustoSopas/status/1621481647349661701,2023-02-03T12:12:05.000Z,Já liberaram a lista com todos os nomes dos convidados. E o valor já estava com acesso disponível no portal da transferência. Satisfeita?,0,0,0,https://twitter.com/adriventurasp/status/1619296926364758018
josecardoso,@josecar15105957,https://twitter.com/josecar15105957/status/1619694871568343040,2023-01-29T13:52:04.000Z,Não passa vergonha !!!,0,0,0,https://twitter.com/adriventurasp/status/1619296926364758018
josecardoso,@josecar15105957,https://twitter.com/josecar15105957/status/1619695076715921411,2023-01-29T13:52:53.000Z,"Faz o requerimento , solicite a uma criança que entre no portal TRANSPARÊNCIA e veja os gastos 😂😂😂",0,0,0,https://twitter.com/adriventurasp/status/1619296926364758018
Yan P.,@yan_pinheiro,https://twitter.com/yan_pinheiro/status/1619902471526121472,2023-01-30T03:37:00.000Z,"Ah... ela é do ""partido novo"", que tistreza!",0,0,0,https://twitter.com/adriventurasp/status/1619296926364758018
Antonio Luz,@antonioluzsbc,https://twitter.com/antonioluzsbc/status/1620003695114194944,2023-01-30T10:19:13.000Z,"Nos faz acreditar que haviam pessoas que não poderiam estar soltos ou proibidos de entrar no País como o Maduro. Cabe a Câmara dos deputados aproveitar esta renovação que o povo fez e fazer sua parte, ou seja, legislar,não é parte do STF",0,0,0,https://twitter.com/adriventurasp/status/1619296926364758018
Adriana Rodrigues,@Dida24314931,https://twitter.com/Dida24314931/status/1619678856146989058,2023-01-29T12:48:26.000Z,"Precisa não fia... é só ir no portal da transparência.Aliás, q voltou a funcionar de novo. Vc quem é? Quer aparecer e eu estou caindo nessa.",0,0,1,https://twitter.com/adriventurasp/status/1619296926364758018
Nicolau Sarquis,@NicolauSarquis,https://twitter.com/NicolauSarquis/status/1619503677731115008,2023-01-29T01:12:20.000Z,"Quem diria. 
Até a Adriana anda mentindo para lacrar em rede social.
Que decepção",0,0,5,https://twitter.com/adriventurasp/status/1619296926364758018
Ana Paula Molnar,@AnaPaula_molnar,https://twitter.com/AnaPaula_molnar/status/1619708184129839106,2023-01-29T14:44:58.000Z,O dinheiro é nosso!!! Temos a obrigação de saber!!! E eles trm a obrigacao de nos informar....,0,0,0,https://twitter.com/adriventurasp/status/1619296926364758018
Donaniva,@niveach,https://twitter.com/niveach/status/1619445101020975104,2023-01-28T21:19:34.000Z,"Visite o Portal da Transparência. Todas as informações estão lá. Aí, depois, você reflete se dá para parar de mentir.",1,0,5,https://twitter.com/adriventurasp/status/1619296926364758018
"Recua, Fascista, Recua!!! ★彡☭",@faberlopesc,https://twitter.com/faberlopesc/status/1619492592282124289,2023-01-29T00:28:17.000Z,"Como uma parlamentar  V. Exa. deveria ter vergonha de disseminar Fake News

Posse de Lula custou R$ 628 mil, 42% menos do que a de Bolsonaro
Cerimônia de posse do ex-presidente custou R$ 859.105,68; corrigido pela inflação, equivale a R$ 1.090.439,39",0,0,1,https://twitter.com/adriventurasp/status/1619296926364758018
Alexandre Andrade,@asandradebr,https://twitter.com/asandradebr/status/1619541957470195715,2023-01-29T03:44:26.000Z,Ridícula a postagem. É só entrar no portal da Transparência. Por essas e outras o seu partido está em extinção.,0,1,1,https://twitter.com/adriventurasp/status/1619296926364758018
Acastro,@Acastro00746865,https://twitter.com/Acastro00746865/status/1619783386251534337,2023-01-29T19:43:48.000Z,"Tal qual costumo falar: não é polarização, é espelhamento...",0,0,0,https://twitter.com/adriventurasp/status/1619296926364758018
Phenix XXI,@XxiPhenix,https://twitter.com/XxiPhenix/status/1619446514820222977,2023-01-28T21:25:11.000Z,"Não seja irresponsável,vc é uma Deputada Federal ,se dê respeito,vc sabe que isso é mentira!",0,1,12,https://twitter.com/adriventurasp/status/1619296926364758018
Aleck Nathan,@Alrossan1,https://twitter.com/Alrossan1/status/1619488834710028290,2023-01-29T00:13:21.000Z,"FAKE,FAKE,FAKE! Está tudo disponível no portal transparência",0,0,2,https://twitter.com/adriventurasp/status/1619296926364758018
roinuj milao,@RoniujMilao,https://twitter.com/RoniujMilao/status/1619466064596975616,2023-01-28T22:42:52.000Z,Presta atenção! A rede de informações distorcidas está sinistra!,0,0,0,https://twitter.com/adriventurasp/status/1619296926364758018
Fabrício Prada,@Cria764728751,https://twitter.com/Cria764728751/status/1619624956706586625,2023-01-29T09:14:15.000Z,Fake news,0,0,0,https://twitter.com/adriventurasp/status/1619296926364758018
Luiz A Souza,@LuizASo01385586,https://twitter.com/LuizASo01385586/status/1619544106031804418,2023-01-29T03:52:59.000Z,Acho que além do Zé Dirceu não havia ninguém pior,0,0,0,https://twitter.com/adriventurasp/status/1619296926364758018
ELIÉZER SILVA,@ELIZERSILVA16,https://twitter.com/ELIZERSILVA16/status/1619512528069087237,2023-01-29T01:47:30.000Z,Deixa de postar mentiras e vai trabalhar,0,0,0,https://twitter.com/adriventurasp/status/1619296926364758018
denilson stankevicz,@DStankevicz,https://twitter.com/DStankevicz/status/1619502766904451072,2023-01-29T01:08:43.000Z,a quadrilha voltou!!!! faz o L!!!,0,0,0,https://twitter.com/adriventurasp/status/1619296926364758018
luly13,@13VAMARO,https://twitter.com/13VAMARO/status/1619544483116486656,2023-01-29T03:54:29.000Z,Procure se informar antes de por comentários.....a turma da vergonha alheia .,0,0,0,https://twitter.com/adriventurasp/status/1619296926364758018
Silvio Soares,@SilvioSoares13,https://twitter.com/SilvioSoares13/status/1619638191975288833,2023-01-29T10:06:51.000Z,"Não fala besteira…procure saber dos fatos antes, precisamos acabar com a disseminação de FAKENEWS! Comece a dar exemplo!",0,0,0,https://twitter.com/adriventurasp/status/1619296926364758018
Laís Matos,@LasMato30525202,https://twitter.com/LasMato30525202/status/1619513562271223811,2023-01-29T01:51:37.000Z,Que eu saiba quem foi que sancionou o sigilo de 100 anos foi a Dilma em 2015 🤔🤔🤔,0,0,0,https://twitter.com/adriventurasp/status/1619296926364758018
Balmick,@professorbalmic,https://twitter.com/professorbalmic/status/1619455533785960448,2023-01-28T22:01:01.000Z,Sim. Os fatos falaram. Não se esqueça de publicar as informações.,0,0,0,https://twitter.com/adriventurasp/status/1619296926364758018
Dornasᶜᵉᶜ,@dudornas,https://twitter.com/dudornas/status/1619554495410900992,2023-01-29T04:34:16.000Z,"Amiga.. não tem sigilo sobre o gasto, e sim sobre as delegações vindas para o país, e isso, é segurança ..",0,0,0,https://twitter.com/adriventurasp/status/1619296926364758018
Andrea Back to Red,@AndreaS79529927,https://twitter.com/AndreaS79529927/status/1619680306579247106,2023-01-29T12:54:11.000Z,Analfabeta.,0,0,1,https://twitter.com/adriventurasp/status/1619296926364758018
Antoninho Bachi,@Toninhobachi,https://twitter.com/Toninhobachi/status/1619366786847358978,2023-01-28T16:08:23.000Z,"Ainda bem que foi só 4, não 100 anos. Mesmo assim, lamentável",1,0,0,https://twitter.com/adriventurasp/status/1619296926364758018
Marcia Dias,@MarciaD46324399,https://twitter.com/MarciaD46324399/status/1619718169404538880,2023-01-29T15:24:39.000Z,Como pode ser professora e ser tão estúpida 😱,0,0,0,https://twitter.com/adriventurasp/status/1619296926364758018
Seu Nono,@DebochadoAlex,https://twitter.com/DebochadoAlex/status/1619664244332707840,2023-01-29T11:50:22.000Z,@alexandre,0,0,0,https://twitter.com/adriventurasp/status/1619296926364758018
Zu,@Zuleica21260940,https://twitter.com/Zuleica21260940/status/1619659174517825538,2023-01-29T11:30:13.000Z,Aproveite o requerimento e descubra isso aqui também. Há muito tempo o povo quer saber.,0,1,2,https://twitter.com/adriventurasp/status/1619296926364758018
Antonio Francisco da Costa Pinto,@Antonio33998839,https://twitter.com/Antonio33998839/status/1619692345666195456,2023-01-29T13:42:02.000Z,"É preciso pesquisar, antes de postar. Não é bem assim. Grato.",0,0,0,https://twitter.com/adriventurasp/status/1619296926364758018
Rubio,@rubiocmoreira,https://twitter.com/rubiocmoreira/status/1619391550609592320,2023-01-28T17:46:47.000Z,"Mas, a pergunta correta é: QUANTO CUSTOU A VINDA DO ""POVO"" NAQUELES TRADICIONAIS  ÔNIBUS DOS ""MOVIMENTOS  SOCIAIS"" PARA ENCHER A ESPLANADA E ENGANAR O 🌏 COMO SE HOUVESSE APOIO POPULAR A 🐙 EM SUA POSSE?
Hipocrisia pura...
Mentiras...
E um TSE que fomentou tudo isso",0,0,1,https://twitter.com/adriventurasp/status/1619296926364758018
maycookie,@maycookie3,https://twitter.com/maycookie3/status/1619681648228052992,2023-01-29T12:59:31.000Z,Que vergonha mulher trabalhar ai não tem como conseguir acessar o portal da transparência e antes porque você não exigiu do seu ídolo o minto ungido.,0,0,2,https://twitter.com/adriventurasp/status/1619296926364758018
Clever,@VieiraClever1,https://twitter.com/VieiraClever1/status/1619697510959960068,2023-01-29T14:02:33.000Z,Como uma mau caráter consegue ser professora?,0,0,0,https://twitter.com/adriventurasp/status/1619296926364758018
Ademir Martins bolsoliso na área,@AdemirM92048671,https://twitter.com/AdemirM92048671/status/1619656782003208192,2023-01-29T11:20:43.000Z,Será que o maduro veio escondido ? Kkkk,0,0,0,https://twitter.com/adriventurasp/status/1619296926364758018
Gina Fontes,@FontesGina,https://twitter.com/FontesGina/status/1619408513926856704,2023-01-28T18:54:11.000Z,Menos . O sigilo e sobre os nomes dos convidados internacionais .,1,0,4,https://twitter.com/adriventurasp/status/1619296926364758018
DeiseCristina(◍•ᴗ•◍),@deisecdf,https://twitter.com/deisecdf/status/1619681686735970304,2023-01-29T12:59:41.000Z,"Fake news da porra,se informa primeiro pra depois não sair escrevendo merda🤬.",0,0,0,https://twitter.com/adriventurasp/status/1619296926364758018
Irma,@Irma45833030,https://twitter.com/Irma45833030/status/1619687351541964801,2023-01-29T13:22:11.000Z,Sigilo só pros outros . Para o “novo” presidente o sigilo é essencial !,0,0,0,https://twitter.com/adriventurasp/status/1619296926364758018
Luciana Barros,@LucianaOBarros,https://twitter.com/LucianaOBarros/status/1619430191599878144,2023-01-28T20:20:19.000Z,FAKE NEWS,1,0,0,https://twitter.com/adriventurasp/status/1619296926364758018
Maria Quiteria Trindade,@MariaQuiteriaT5,https://twitter.com/MariaQuiteriaT5/status/1619709677574709248,2023-01-29T14:50:54.000Z,Explicado  o Cérebro  infantil  do bolsonaristas. Vc fez . Vou fazer também.  Não  sou obrigada  a entender Cérebro  invertido.....,0,0,0,https://twitter.com/adriventurasp/status/1619296926364758018
Claudia Dornelas,@claudiadmcarval,https://twitter.com/claudiadmcarval/status/1619675170859536384,2023-01-29T12:33:47.000Z,Bom ver que está trabalhando deputada se tivesse feito isto com o psicopata,0,0,0,https://twitter.com/adriventurasp/status/1619296926364758018
annamiss,@annamis14458500,https://twitter.com/annamis14458500/status/1619683132739035136,2023-01-29T13:05:25.000Z,"Você está errada laranja 🍊 Bolsonaro nunca fez nada escondido, não merece crédito você",0,0,0,https://twitter.com/adriventurasp/status/1619296926364758018
Eliane,@Vem_logo_Lula,https://twitter.com/Vem_logo_Lula/status/1619692926464045056,2023-01-29T13:44:20.000Z,A Sra está mal informada.,0,0,0,https://twitter.com/adriventurasp/status/1619296926364758018
@evavieira,@evavieira,https://twitter.com/evaviei76202212/status/1619708917873008641,2023-01-29T14:47:53.000Z,Mais uma mentirosa. Povo sem vergonha na cara,0,0,1,https://twitter.com/adriventurasp/status/1619296926364758018
Gabriel Carvalho,@Louvain_Namur,https://twitter.com/Louvain_Namur/status/1619501126440853504,2023-01-29T01:02:12.000Z,Burro ou canalha? A LISTA DE CONVIDADOS ESTÁ EM SIGILO PORQUE SE TRATA DE AUTORIDADES INTERNACIONAIS! ACABEI DE VER NO PORTAL DA TRANSPARÊNCIA E OS DADOS FINANCEIROS ESTÃO LÁ! A POSSE DO LULA CUSTOU MENOS QUE A DO BOZO!,0,0,1,https://twitter.com/adriventurasp/status/1619296926364758018
Headache Collector,@headachecollect,https://twitter.com/headachecollect/status/1619681039969837056,2023-01-29T12:57:06.000Z,Larga de ser arrombada! 🤣 Os gastos estão lá!,0,0,0,https://twitter.com/adriventurasp/status/1619296926364758018
Silvia Regina da Silva Teodoro,@SilviaR54905347,https://twitter.com/SilviaR54905347/status/1619681627462066176,2023-01-29T12:59:26.000Z,"Vces são ridículos. Não é falta de informação, é mal caratismo mesmo.",0,0,0,https://twitter.com/adriventurasp/status/1619296926364758018
luis junior,@Descondenado23,https://twitter.com/Descondenado23/status/1619381580119818240,2023-01-28T17:07:10.000Z,"Estão se apegando apenas a cerimônia no Palácio.  Precisam apurar se o show organizado pela Janja teve financiamento público, se os artistas receberam cachê.",0,0,0,https://twitter.com/adriventurasp/status/1619296926364758018
Wagner Spagnul,@wspagnul,https://twitter.com/wspagnul/status/1619537339507949569,2023-01-29T03:26:05.000Z,o sua Zé Ninguém... Os gastos estão no Portal da Transparência e o sigilo é em relação aos convidados internacionais.  Que tal ir ao proctologista fazer exame de sanidade mental e ver se dá para retirar a mamadeira de piroca enfiada nas tuas hemorroidas cognitivas ?,0,0,0,https://twitter.com/adriventurasp/status/1619296926364758018
Charles Carvalho,@Charles08758314,https://twitter.com/Charles08758314/status/1619652482464104456,2023-01-29T11:03:38.000Z,Mentira tudo foi transparwnte ja começaram as fake news processo pelo qual os golpistas chegaram ao poder,0,0,0,https://twitter.com/adriventurasp/status/1619296926364758018
Bruno@santos,Bruno@santos,https://twitter.com/KiritoAincrand/status/1619707905741324290,2023-01-29T14:43:52.000Z,E vc patriota cagao,0,0,0,https://twitter.com/adriventurasp/status/1619296926364758018
ANISTIA JAMAIS!!!!..BOZO INELEGÍVEL,@celsocortezfer1,https://twitter.com/celsocortezfer1/status/1619657711167377408,2023-01-29T11:24:24.000Z,FRAQUEJADA DO MINTO,0,0,0,https://twitter.com/adriventurasp/status/1619296926364758018
,@olanda_bruno,https://twitter.com/olanda_bruno/status/1621264997320908810,2023-02-02T21:51:11.000Z,Parabéns deputada. 🫡🟠,0,0,0,https://twitter.com/adriventurasp/status/1619296926364758018
Pastor Elizeu Joreen,@ventarolegal,https://twitter.com/ventarolegal/status/1619529747582844929,2023-01-29T02:55:55.000Z,"A festa custou 236,548,76 (duzentos e trinta e sei mi, quinhentos e quarenta e oito reais e setenta e seis centavos) sua mentirosa",0,0,0,https://twitter.com/adriventurasp/status/1619296926364758018
Olhe Agora,@olheagora1,https://twitter.com/olheagora1/status/1619687930599182336,2023-01-29T13:24:29.000Z,"O SIGILO É PARA OS NOMES DOS CHEFES DE ESTADO, IMBECIL!!!",0,0,0,https://twitter.com/adriventurasp/status/1619296926364758018
Matilde Matheus,@matilde_matheus,https://twitter.com/matilde_matheus/status/1619644099967045634,2023-01-29T10:30:19.000Z,"Uma deputada desinformada ou mal intencionada?
O custo está no portal da transparência, não sabia? Ou está querendo difamar o presidente!@LulaOficial  @FlavioDino",0,0,2,https://twitter.com/adriventurasp/status/1619296926364758018
Mario,@marioslater2,https://twitter.com/marioslater2/status/1619543971281408002,2023-01-29T03:52:27.000Z,"Repita comigo: @LulaOficial NÃO colocou em sigilo os gastos da festa da posse. Isso é FAKE, potoca (como chamam na minha terra)! Está tudo disponível no portal da transparência. O que está em sigilo são os nomes das delegações estrangeiras, que pertencem aos outros países.",0,0,1,https://twitter.com/adriventurasp/status/1619296926364758018
LIPRECHAU,@liprechau,https://twitter.com/liprechau/status/1619723697883074561,2023-01-29T15:46:37.000Z,"Tem pergunta tosca..que não cabe resposta! Não basta a falta de inteligência porque a ""burrice""complementa a linha de(nem cabe aqui utilizar""raciocínio"")..idiota mesmo!!!",0,1,1,https://twitter.com/adriventurasp/status/1619296926364758018
Fábio,@MaX273180,https://twitter.com/MaX273180/status/1619756393816547329,2023-01-29T17:56:32.000Z,Sério 😱...Fake News mais suja...,0,0,0,https://twitter.com/adriventurasp/status/1619296926364758018
AldSchumacker,@AldSchumacker,https://twitter.com/AldSchumacker/status/1619688203174428674,2023-01-29T13:25:34.000Z,"O sigilo é da lista de convidados, afinal quem vai querer ser alvo de ataques em aeroporto? O povo do ódio não descansa.
Os gostos estão no portal de transparência.",0,0,0,https://twitter.com/adriventurasp/status/1619296926364758018
Racional num pais de alienados,@pais_num,https://twitter.com/pais_num/status/1619611277420265472,2023-01-29T08:19:54.000Z,"Imbecil, o sigilo é sobre os dados pessoais dos convidados.
Os gastos estão disponibilizados no portal da transparência.",0,0,0,https://twitter.com/adriventurasp/status/1619296926364758018
Devequi,@Wilsonvequi,https://twitter.com/Wilsonvequi/status/1619648241452331011,2023-01-29T10:46:47.000Z,"Deixe de divulgar fake news, leia isto👇",0,0,0,https://twitter.com/adriventurasp/status/1619296926364758018
Handerson Carvalho,@HandersonCarva1,https://twitter.com/HandersonCarva1/status/1619467926591131649,2023-01-28T22:50:16.000Z,"A culpa é de vocês, isentões!",0,0,0,https://twitter.com/adriventurasp/status/1619296926364758018
Lotório Patriota de verdade,@JefCost1,https://twitter.com/JefCost1/status/1619629799571599360,2023-01-29T09:33:30.000Z,Sigilo no nome de pessoas sra. mentirosa... Se quiser saber dos gastos é só ir no portal transparência.,0,0,0,https://twitter.com/adriventurasp/status/1619296926364758018
thecoxx,@cosmeoliveira,https://twitter.com/cosmeoliveira/status/1619665447485575171,2023-01-29T11:55:09.000Z,"Como consegue ser deputada, da ala errada e ainda se chamar de professora? Deus nos livre uma aula sua.",0,0,1,https://twitter.com/adriventurasp/status/1619296926364758018
PandoraBox,@madeliam1,https://twitter.com/madeliam1/status/1619499010469015552,2023-01-29T00:53:47.000Z,Vai estudar!,0,0,0,https://twitter.com/adriventurasp/status/1619296926364758018
Silmara Ferraz,@Leda123654987,https://twitter.com/Leda123654987/status/1619542445141946368,2023-01-29T03:46:23.000Z,Deixa de ser ridícula.,0,0,0,https://twitter.com/adriventurasp/status/1619296926364758018
Ricardo Oliveira ᶜʳᶠ ¹⁸⁹⁵,@Ricardo_O_Fla,https://twitter.com/Ricardo_O_Fla/status/1619576854305972225,2023-01-29T06:03:07.000Z,Isso muda que? Falanfo besteira. Só  poderia ser Bolsonarista .,0,0,0,https://twitter.com/adriventurasp/status/1619296926364758018
Minho Soares,@Minho_Ceule,https://twitter.com/Minho_Ceule/status/1619610686992322560,2023-01-29T08:17:33.000Z,Fake News otaria,0,0,0,https://twitter.com/adriventurasp/status/1619296926364758018
Mary Mary LIBERTEM ANDERSON TORRES,@MaryTrinidade,https://twitter.com/MaryTrinidade/status/1619581261684822016,2023-01-29T06:20:37.000Z,Bolsonaro nunca gostou de sigilo e caso vc tenha dúvidas é só pesquisar o que foi encontrado!,0,0,0,https://twitter.com/adriventurasp/status/1619296926364758018
Agemor Rodrigues,@AgenorAlves_,https://twitter.com/AgenorAlves_/status/1619670014533210112,2023-01-29T12:13:18.000Z,Como é burra 😂😂😂😂,0,0,0,https://twitter.com/adriventurasp/status/1619296926364758018
Agnaldo Pimentel,@AgnaldoPiment12,https://twitter.com/AgnaldoPiment12/status/1619655910447804416,2023-01-29T11:17:15.000Z,"Essa Laranja é vermelha, quer enganar quem discípula do João Amoêdo?",0,0,0,https://twitter.com/adriventurasp/status/1619296926364758018
Cerezo,@Cerezo67989535,https://twitter.com/Cerezo67989535/status/1619909452316164097,2023-01-30T04:04:44.000Z,"Dona Adriana! Tanta coisa pra se preocupar (problema dos indiginas) e Sra preocupada com o sigilo dos convidados de Lula. Faz um favor. Vai trabalhar, vai.",0,0,0,https://twitter.com/adriventurasp/status/1619296926364758018
Marcos Shinohara,@shino_marcos,https://twitter.com/shino_marcos/status/1619306737642917897,2023-01-28T12:09:46.000Z,Já entrou no portal da transparência ou vc só se informa pelo telegram?,1,0,1,https://twitter.com/adriventurasp/status/1619296926364758018
Raphael de barros filho,@Raphaeldebarro4,https://twitter.com/Raphaeldebarro4/status/1619562762325331968,2023-01-29T05:07:07.000Z,"DESMOTANDO FAKE NEWS: Lula colocou em sigilo o nome de autoridades e familiares, muitos estrangeiros, que compareceram a festa da posse, por motivos de segurança e exigência das embaixadas. Os gastos podem ser acessados no portal da transparência",0,0,1,https://twitter.com/adriventurasp/status/1619296926364758018
Rogério B.S patriota 4,@BardenRogerio,https://twitter.com/BardenRogerio/status/1619682170599268354,2023-01-29T13:01:36.000Z,"O v@g@bund0 indicado por corrupto @lex@ndre de m0r@ais,quer impedir a posse de vários deputados eleitos pelo povo. Ministro do stf não pode ser indicado,tem que ser juíz,de carreiar e ter mandato.Só assim evitamos que  v@g@bund$s entrem  no stf no futuro.",0,0,0,https://twitter.com/adriventurasp/status/1619296926364758018
Rogério B.S patriota 4,@BardenRogerio,https://twitter.com/BardenRogerio/status/1619843891062263809,2023-01-29T23:44:13.000Z,Marcel Van Hattem Presidente da Câmara Federal.,0,0,0,https://twitter.com/adriventurasp/status/1619296926364758018
Carrancudo,@carrancaenergia,https://twitter.com/carrancaenergia/status/1620827139833753601,2023-02-01T16:51:18.000Z,Fake news ainda?,0,0,0,https://twitter.com/adriventurasp/status/1619296926364758018
Sara Barbosa,@SaraBar99075705,https://twitter.com/SaraBar99075705/status/1619839250681466880,2023-01-29T23:25:47.000Z,Se atualize o valor está no@portal da transparência!!! Simples não? Deixa de fazer papel de burra.,0,0,0,https://twitter.com/adriventurasp/status/1619296926364758018
MarcioTeacher,@direitaBRAunida,https://twitter.com/direitaBRAunida/status/1619314569670987779,2023-01-28T12:40:53.000Z,Será que o MARCOLA estava na lista? Deve ser pôr isso!,1,0,1,https://twitter.com/adriventurasp/status/1619296926364758018
