nome,usuario,idTweet,dataPublicacao,texto,replies,retweets,likes,tweetPai
josé nascimento,@ze_nascimento,https://twitter.com/ze_nascimento/status/1619793030080528385,2023-01-29T20:22:07.000Z,"""Violação de processo legal""?
FALE MAIS SOBRE OS TERRORISTAS QUE ESTÃO DISCORDANDO DO RESULTADO DAS ELEIÇOES.🤮🤏🏽💩A senhora não tem moral nenhuma pra falar sobre legalidade.👎🏽👎🏽👎🏽👎🏽👎🏽👎🏽",0,0,1,https://twitter.com/Biakicis/status/1619451231436701697
elis criminalização do comunismo já,@elisteresinha,https://twitter.com/elisteresinha/status/1619577020194889731,2023-01-29T06:03:46.000Z,o pt e o xandão querem destruir o brasil  Deus salve o brasil do comunismo,1,0,1,https://twitter.com/Biakicis/status/1619451231436701697
Douglas Bazo,@DouglasBazo,https://twitter.com/DouglasBazo/status/1619480283891503106,2023-01-28T23:39:22.000Z,Mas ainda nao tem nada pra festejar nossos irmaos censurados outros presos inocente passando por privacoes nos presideos,1,0,3,https://twitter.com/Biakicis/status/1619451231436701697
Arcano,@eu_damerica,https://twitter.com/eu_damerica/status/1619507508602896384,2023-01-29T01:27:33.000Z,"Terceira negativa para o Xandão: 
-Telegram 
-Rumble
-PGR
Será que seus dias em: brincar de super poderoso estão por acabar?",1,0,3,https://twitter.com/Biakicis/status/1619451231436701697
Joselma,@JotinhasBrasil,https://twitter.com/JotinhasBrasil/status/1619463018034925568,2023-01-28T22:30:46.000Z,"Parabéns @MPF_PGR @AugustoAras  Pelo ao menos um pouco de Justiça. Estávamos com saudades disso. Alguém pelo ao menos lembrar que existe uma Constituição neste país. Tem gente que quer fazer esquecer, com intuito de fazer outra conforme a Venezuela.",1,6,24,https://twitter.com/Biakicis/status/1619451231436701697
tentando apreender...,@Nandes_86,https://twitter.com/Nandes_86/status/1619514774165008384,2023-01-29T01:56:25.000Z,Bem capaz dele fingir demência e suspender a posse assim mesmo. das coisas q vem acontecendo EU NAO DUVIDO É D+ NADA.,1,0,2,https://twitter.com/Biakicis/status/1619451231436701697
Gabriella Azevedo,@gabimgvazevedo,https://twitter.com/gabimgvazevedo/status/1619455284623331328,2023-01-28T22:00:02.000Z,"Senadora, precisamos da sua ajuda. Isso aqui é absurdo ! É crime!!",12,10,54,https://twitter.com/Biakicis/status/1619451231436701697
Fabrício Romano,@FabricioRomano,https://twitter.com/FabricioRomano/status/1619452191483494400,2023-01-28T21:47:45.000Z,Vcs tem que sofrer cassação dos mandatos no conselho de ética por defender golpe de estado.,49,0,52,https://twitter.com/Biakicis/status/1619451231436701697
Besta¹³,@DevanirJos,https://twitter.com/DevanirJos/status/1619452782700015620,2023-01-28T21:50:06.000Z,É uma vergonha o sinistro receber uma aberração dessas e ter coragem de passar adiante.,0,0,1,https://twitter.com/Biakicis/status/1619451231436701697
Lomba,@AndersonLomba7,https://twitter.com/AndersonLomba7/status/1619459547617447936,2023-01-28T22:16:58.000Z,O camarada disse o óbvio! Mas o Alexandre tinha de tentar né? Vai que cola...O pior é que o Iluministro sabe que está rasgando a Constituição todos os dias...ele está fazendo de propósito,0,0,0,https://twitter.com/Biakicis/status/1619451231436701697
Nelson Mendes Rodrigues,@Nelmrodrigues,https://twitter.com/Nelmrodrigues/status/1619776154088673281,2023-01-29T19:15:03.000Z,"Sub procurador da aula de direito para ministro Alexandre de Moraes ! E diz que se há alguma conduta dos parlamentares eleitos cabe aí conselho de ética da câmara! E não a perseguição que está ocorrendo através dos advogados do MOLUSCO,(grupo prerrogativas )",0,0,2,https://twitter.com/Biakicis/status/1619451231436701697
José Fernando,@JosFern80089113,https://twitter.com/JosFern80089113/status/1619646367655428097,2023-01-29T10:39:20.000Z,"""SUPOSTAS"" As leis brasileiras estão estranhas ultimamente.....",0,0,1,https://twitter.com/Biakicis/status/1619451231436701697
Carla - MG,@CarlaPatMG,https://twitter.com/CarlaPatMG/status/1619457885842604032,2023-01-28T22:10:22.000Z,"Incrível a i9nversão de valores, temos que aguardar uma decisão para ver se o juiz/ministro/procurador seguiu a lei ou a ideologia,",1,2,25,https://twitter.com/Biakicis/status/1619451231436701697
Ze Senna,@Frogsay1900,https://twitter.com/Frogsay1900/status/1619489290848976896,2023-01-29T00:15:10.000Z,"Tem que ser sem anistia e sem blá, blá, blá todos tem de perder o mandato, já!",0,0,0,https://twitter.com/Biakicis/status/1619451231436701697
maria do carmo de souza,@mcrdesouza,https://twitter.com/mcrdesouza/status/1619751715410149377,2023-01-29T17:37:57.000Z,"Verdade @Biakicis ! Estamos vivendo o que chamo não mais de momento sombrio, mas a era das trevas!!",0,0,0,https://twitter.com/Biakicis/status/1619451231436701697
Ricardo Rachid,@Ricardo_CGR,https://twitter.com/Ricardo_CGR/status/1619452753054666752,2023-01-28T21:49:58.000Z,"E qdo q vai pra cadeia, quem vem violando o processo legal e garantias fundamentais?",1,0,2,https://twitter.com/Biakicis/status/1619451231436701697
Oliveira'S,@Joseoliveiramv,https://twitter.com/Joseoliveiramv/status/1619465664452005889,2023-01-28T22:41:17.000Z,A senhora sabe quem é este senhor ?,4,2,6,https://twitter.com/Biakicis/status/1619451231436701697
GeniLson,@genilsonisrael,https://twitter.com/genilsonisrael/status/1619457412414726145,2023-01-28T22:08:29.000Z,Pra mim não é surpresa nenhuma. PGR tem um histórico absurdo de alinhamento com bolsofascismo. Surpresa seria se eles de fato fizessem seu trabalho,16,0,26,https://twitter.com/Biakicis/status/1619451231436701697
maria odila segantin,@modilasegantin,https://twitter.com/modilasegantin/status/1619461300672921602,2023-01-28T22:23:56.000Z,Quem vai ser candidato o presidir a Câmara ? Não aceitamos a reeleição d lira.. é um lixo..,0,0,4,https://twitter.com/Biakicis/status/1619451231436701697
Katinha,@KatiaSo87651080,https://twitter.com/KatiaSo87651080/status/1619692775368425475,2023-01-29T13:43:44.000Z,GOLPISTAS NÃO TOMAM POSSE,1,0,0,https://twitter.com/Biakicis/status/1619451231436701697
Coronel Rocha ∴,@coronelrochase,https://twitter.com/coronelrochase/status/1619492551832244225,2023-01-29T00:28:07.000Z,"Só fiquei com uma dúvida, @Biakicis 

Essa Constituição é nova ou estava em vigor quando da prisão de Deputado Federal Daniel Silveira?",4,6,60,https://twitter.com/Biakicis/status/1619451231436701697
Bernardo Villemon,@Bernard28444113,https://twitter.com/Bernard28444113/status/1619470111949348866,2023-01-28T22:58:57.000Z,"Cassação já dos deputados golpistas , o congresso não merece quem apoiou a destruição dele",2,0,28,https://twitter.com/Biakicis/status/1619451231436701697
Douglas Bazo,@DouglasBazo,https://twitter.com/DouglasBazo/status/1619479889601789952,2023-01-28T23:37:48.000Z,Aos poucos alguma vitoria timida,0,0,4,https://twitter.com/Biakicis/status/1619451231436701697
Lilian Anjos,@LilianAnjos15,https://twitter.com/LilianAnjos15/status/1619455432560615426,2023-01-28T22:00:37.000Z,"Nossa. Eu vou sair do twitter, sempre que entro aqui, fico mais triste com esses desmandos. Oremos Povo, oremos Nação Brasileira. Só a intervenção divina para parar tantas injustiças.",7,0,10,https://twitter.com/Biakicis/status/1619451231436701697
Fernando,@NanandoSilvva,https://twitter.com/NanandoSilvva/status/1619511694715400193,2023-01-29T01:44:11.000Z,"Queremos explicações sobre seu envolvimento com Golpistas que invadiram o congresso. Explique se, pois pagamos seu salário! Você é golpista? Você financiou golpistas?",3,0,9,https://twitter.com/Biakicis/status/1619451231436701697
alffonseca,@alffonseca43,https://twitter.com/alffonseca43/status/1619518091901403137,2023-01-29T02:09:36.000Z,Resta saber se o todo poderoso vai ouvi né 🤷,0,0,2,https://twitter.com/Biakicis/status/1619451231436701697
Lucio Neves,@Lucio19599685,https://twitter.com/Lucio19599685/status/1619466664713801729,2023-01-28T22:45:15.000Z,Pois é...ainda existe o contraditório e ampla defesa.  Chega de arbitrariedades.,0,0,0,https://twitter.com/Biakicis/status/1619451231436701697
Everton Santos,@sabrobalhanorte,https://twitter.com/sabrobalhanorte/status/1619467516715364352,2023-01-28T22:48:38.000Z,"Não conte com isso, imunidade parlamentar não exime ninguém de crime...
Isso já foi decidido...",0,0,3,https://twitter.com/Biakicis/status/1619451231436701697
Gabriella Azevedo,@gabimgvazevedo,https://twitter.com/gabimgvazevedo/status/1619456563751849984,2023-01-28T22:05:07.000Z,Crime??,1,1,11,https://twitter.com/Biakicis/status/1619451231436701697
⊱✿Lídia✿⊰ #ForaLula,@lidialoureir6,https://twitter.com/lidialoureir6/status/1619453342136270848,2023-01-28T21:52:19.000Z,"Alexandre de Moraes já tinha que ter arquivado o pedido só pela autoria do pedido, quanto mais o teor absurdo do pedido.",2,1,19,https://twitter.com/Biakicis/status/1619451231436701697
Claudio Henrique,@Claudio10166242,https://twitter.com/Claudio10166242/status/1619452922802372608,2023-01-28T21:50:39.000Z,@alexandre tá vendo é só respeitar as urnas.,2,0,2,https://twitter.com/Biakicis/status/1619451231436701697
"Liberdade, volta?",@VoltaLiberdade,https://twitter.com/VoltaLiberdade/status/1619494787744407552,2023-01-29T00:37:00.000Z,"AM queria um combustível para fazer sua vontade, mas recebeu água fria.",0,0,1,https://twitter.com/Biakicis/status/1619451231436701697
junior Silva,@AderivaldoSilv3,https://twitter.com/AderivaldoSilv3/status/1619927863138066432,2023-01-30T05:17:54.000Z,Ainda bem isso não aconteceu uma vitória para direita para continuar sendo oposição,0,0,0,https://twitter.com/Biakicis/status/1619451231436701697
"O Brasil, está pouco a pouco SE LIVRANDO dos MALES",@DieguezTinho,https://twitter.com/DieguezTinho/status/1619522294120071168,2023-01-29T02:26:18.000Z,"Não acredito, nunca acreditei, e jamais acreditarei em uma só palavra que esse troço que postou isso, que tenho certeza ser MENTIRA, postou    !!!!!!!",0,1,1,https://twitter.com/Biakicis/status/1619451231436701697
Gê,@G79468273,https://twitter.com/G79468273/status/1619676480807772161,2023-01-29T12:38:59.000Z,A cara nem fica vermelha né dona senadora??? Deixa de ser sem vergonha rapaz,0,0,1,https://twitter.com/Biakicis/status/1619451231436701697
Igor,@igst80,https://twitter.com/igst80/status/1619657962703982592,2023-01-29T11:25:24.000Z,"Vcs esquecem q os PGRs saem e q os processos e crimes duram anos antes de preescreverem.
Estão cantando uma vitória q... Puts!🤦🏽Fiquem tranquilos! Diz a sabedoria popular: ""a Justiça tarda, mas... Não falha""! Principalmente em relação à vcs. Vamos aguardar. 😁",0,0,1,https://twitter.com/Biakicis/status/1619451231436701697
Carpercasccardoso,@Carpercasccard1,https://twitter.com/Carpercasccard1/status/1619626289966743558,2023-01-29T09:19:33.000Z,Lugar de bandido miliciano é na papuda,1,0,2,https://twitter.com/Biakicis/status/1619451231436701697
Jorge Galindo,@JorgeGalindo_10,https://twitter.com/JorgeGalindo_10/status/1619461140530225152,2023-01-28T22:23:18.000Z,"A gente já sabe, deputag. Agora vai trabalhar.",0,0,1,https://twitter.com/Biakicis/status/1619451231436701697
gilsom luis de gois,@GilsomGois,https://twitter.com/GilsomGois/status/1619643616200376320,2023-01-29T10:28:24.000Z,E sério mesmo e vcs não vão fazer nada sobre isso 😒 tá na hora de começar a trabalhar vcs não acham ou vão deixar os que confiram em VCS acontecer ! Isso quer dizer que o meu voto não vale nada o voto todos aqueles foi jogado no lixo pelo jeito e fato que eleição não se ganha,0,0,2,https://twitter.com/Biakicis/status/1619451231436701697
Neto Pontes,@NetoPon55518105,https://twitter.com/NetoPon55518105/status/1619475606361591809,2023-01-28T23:20:47.000Z,"Infelizmente foi uma inversão de valores muito grandes com os acampados, fizeram uma arapuca pro s Patriota sem medidas muita palhaçada além dos resultados das eleições foi uma falcatruas e sacanagem",0,0,2,https://twitter.com/Biakicis/status/1619451231436701697
José Azarito,@AzaritoJose,https://twitter.com/AzaritoJose/status/1619480223145418753,2023-01-28T23:39:08.000Z,"Xandão, o supremo imperador do universo, vai acatar?",0,0,2,https://twitter.com/Biakicis/status/1619451231436701697
Pedro Francisco Molina,@PedroFr42393567,https://twitter.com/PedroFr42393567/status/1620788314164056064,2023-02-01T14:17:01.000Z,Então a bancada do PT está extinta!,0,0,0,https://twitter.com/Biakicis/status/1619451231436701697
Elen,@elenjjesus,https://twitter.com/elenjjesus/status/1619491699797164034,2023-01-29T00:24:44.000Z,Bibi Perigooooosaaaaa,0,0,2,https://twitter.com/Biakicis/status/1619451231436701697
Helio Santos,@HelioSa17074822,https://twitter.com/HelioSa17074822/status/1619455967296626690,2023-01-28T22:02:45.000Z,Começou a contagem regressiva do poder do xandão.,0,0,1,https://twitter.com/Biakicis/status/1619451231436701697
Marli Maria Campos,@MarliMariaCamp2,https://twitter.com/MarliMariaCamp2/status/1619627529102581761,2023-01-29T09:24:28.000Z,Até que enfim acordaram e garantirão o respeito a constituição que rege A TODOS inclusive a ministros que deveriam ser os primeiros a cumprirem,0,0,2,https://twitter.com/Biakicis/status/1619451231436701697
gareth,@gareth_rocha,https://twitter.com/gareth_rocha/status/1619455009795756032,2023-01-28T21:58:57.000Z,🙏🙏🙏🙏,0,0,1,https://twitter.com/Biakicis/status/1619451231436701697
Edweiss Silva,@Edweissms,https://twitter.com/Edweissms/status/1619471180045623296,2023-01-28T23:03:12.000Z,"Não devemos contar com vitória, Xandão ainda pode decidir monocraticamente e bye bye todos!",0,1,1,https://twitter.com/Biakicis/status/1619451231436701697
Maria Adelaide,@MariaAd33499495,https://twitter.com/MariaAd33499495/status/1619711260677005312,2023-01-29T14:57:11.000Z,"Eu não entendo vcs.que são eleitos pelo voto,no regime democrático e qdo eleitos se colocam contra o regime que os elegeu pregando teorias golpistas,antidemocráticas
Muita hipocrisia,o certo é que renunciem o mandato ou não se candidatem pois não acreditam.",2,0,2,https://twitter.com/Biakicis/status/1619451231436701697
Natanael Dx7,@NatanaelDX7,https://twitter.com/NatanaelDX7/status/1620762518938587142,2023-02-01T12:34:31.000Z,"Estão tão desesperados que estão fazendo de tudo pra impedir a posse dos deputados ! Eu vivi pra ver isso acontecer , pois em toda a minha vida eu nunca tinha visto algo desse porte ; 
Deputados sendo impedidos de exercerem seus mandatos .",0,0,0,https://twitter.com/Biakicis/status/1619451231436701697
Natanael Dx7,@NatanaelDX7,https://twitter.com/NatanaelDX7/status/1620762866042433536,2023-02-01T12:35:54.000Z,"Isso pra você ver o quanto o sistema é podre e fajuto , quem roubou nas urnas e fraudou as eleições hoje governa o país novamente , enquanto aos deputados que foram eleitos democraticamente pelo povo estão sendo impedidos de exercerem seu mandato .",0,0,0,https://twitter.com/Biakicis/status/1619451231436701697
Natanael Dx7,@NatanaelDX7,https://twitter.com/NatanaelDX7/status/1620762981020864512,2023-02-01T12:36:21.000Z,"Aí eu pergunto pra vocês ! 

Que país é esse meu Deus do céu !?",0,0,0,https://twitter.com/Biakicis/status/1619451231436701697
Natanael Dx7,@NatanaelDX7,https://twitter.com/NatanaelDX7/status/1620763515974975488,2023-02-01T12:38:29.000Z,"Nesse novo sistema se você não tiver a mesma ideologia que o sistema você sofre todos os tipos de retaliações possíveis , você tem que agir e pensar como o sistema determinar pra ser bem sucedido em seu mandato .",0,0,0,https://twitter.com/Biakicis/status/1619451231436701697
Luiz Carlos,@LuizCar32337623,https://twitter.com/LuizCar32337623/status/1621634328634564608,2023-02-03T22:18:47.000Z,"Hoje o Brasil não tem constituição, quem manda são os ministros. Se eles quizerem prender deputados eles prendem e pronto",0,0,0,https://twitter.com/Biakicis/status/1619451231436701697
Maria do Carmo Ferreira,@Mariado39966491,https://twitter.com/Mariado39966491/status/1620101422091243521,2023-01-30T16:47:33.000Z,PASSOU  DOS LIMITES !,0,0,0,https://twitter.com/Biakicis/status/1619451231436701697
Zeca,@andiamomeno,https://twitter.com/andiamomeno/status/1619492084037320705,2023-01-29T00:26:16.000Z,"Posse de parlamentares terroristas e golpistas é nula: vai contra a Constituição. É como o sujeito que participa da Colação de Grau, mas está reprovado no Curso.",0,0,0,https://twitter.com/Biakicis/status/1619451231436701697
mara marques,@marquesmaram,https://twitter.com/marquesmaram/status/1619497732611231744,2023-01-29T00:48:42.000Z,Continuaremos a ouvir esses loucos falando barbaridades .,0,0,0,https://twitter.com/Biakicis/status/1619451231436701697
isa,@IsabelAragao12,https://twitter.com/IsabelAragao12/status/1619541376517156867,2023-01-29T03:42:08.000Z,Gloria a Deus!!!! Cassa-lós seria inconstitucional porque eles não feriram o condecoro parlamentar.,0,0,0,https://twitter.com/Biakicis/status/1619451231436701697
Ricardo Wendling,@jrrwendling,https://twitter.com/jrrwendling/status/1619474117119602688,2023-01-28T23:14:52.000Z,Quem dá ouvidos à tresloucada?,0,0,0,https://twitter.com/Biakicis/status/1619451231436701697
Helandro Aranha,@HelandroA,https://twitter.com/HelandroA/status/1619453036224561156,2023-01-28T21:51:06.000Z,"Deus, família e Amapá ✅",0,0,0,https://twitter.com/Biakicis/status/1619451231436701697
Marta Alcantara,@AlcantaraMarta,https://twitter.com/AlcantaraMarta/status/1619617296095518725,2023-01-29T08:43:49.000Z,#ForaLula #ForaPT,0,0,0,https://twitter.com/Biakicis/status/1619451231436701697
Netjerikhet Djoser,@NetjerikhetGO,https://twitter.com/NetjerikhetGO/status/1619640446241898499,2023-01-29T10:15:48.000Z,Fale-nos mais sobre isso👇,0,0,0,https://twitter.com/Biakicis/status/1619451231436701697
Dog de Direita,@BlogDoCaca80,https://twitter.com/BlogDoCaca80/status/1619462453208940544,2023-01-28T22:28:31.000Z,"Esquece, ele vai bloquear a posse desses deputados com ou sem PGR",0,0,0,https://twitter.com/Biakicis/status/1619451231436701697
Felipe Santarval,@FelipeSantarval,https://twitter.com/FelipeSantarval/status/1619600779928813569,2023-01-29T07:38:11.000Z,"PGR sempre envolvida com o que n presta, caramba",0,0,0,https://twitter.com/Biakicis/status/1619451231436701697
Elizete Fraga de Souza,@fraga_elizete,https://twitter.com/fraga_elizete/status/1620054919440117761,2023-01-30T13:42:46.000Z,#MarinhoSim,0,0,0,https://twitter.com/Biakicis/status/1619451231436701697
Marco Aurelio Almeida Garcia,@MarcoAu42313481,https://twitter.com/MarcoAu42313481/status/1620076481673318400,2023-01-30T15:08:27.000Z,"O Daniel Silveira foi preso,não teve o registro deferido,para participar das eleições. Qual foi o crime mesmo?e a tal imunidade?p mim é tudo um jogo de interesses,se não o senado,a PGR tinham batido de frente com o STF.",0,0,0,https://twitter.com/Biakicis/status/1619451231436701697
Cristiane Pontes,@Cristia12503070,https://twitter.com/Cristia12503070/status/1620164271777914880,2023-01-30T20:57:18.000Z,🙏🏼🙏🏼🙏🏼🙏🏼🙏🏼🙏🏼,0,0,0,https://twitter.com/Biakicis/status/1619451231436701697
Alexsandro,@Alexsan69031081,https://twitter.com/Alexsan69031081/status/1620862208170422272,2023-02-01T19:10:39.000Z,A PGR ele tem que ficar de olho em lula e companhia,0,0,0,https://twitter.com/Biakicis/status/1619451231436701697
luiz gonzaga,@luizrego13,https://twitter.com/luizrego13/status/1620069301016473602,2023-01-30T14:39:55.000Z,"#Sabe bada, a Senhora e fascista?",0,0,0,https://twitter.com/Biakicis/status/1619451231436701697
Elson Rosa,@ElsonRosa2,https://twitter.com/ElsonRosa2/status/1620436732738179072,2023-01-31T14:59:58.000Z,E roubar nas urnas não é  GOLPE por acaso? Isso sim é  um GOLPE de bandidagem sem precedentes,0,0,0,https://twitter.com/Biakicis/status/1619451231436701697
Celso Gonçalves,@CelsoJgonca,https://twitter.com/CelsoJgonca/status/1619503620176896000,2023-01-29T01:12:06.000Z,"Está parecendo que a coerência voltou ao cenário político, esperamos que não haja manobras inconstitucionais nem retalhacoes.",1,0,4,https://twitter.com/Biakicis/status/1619451231436701697
Edson BH,@EdsonBH52,https://twitter.com/EdsonBH52/status/1619456485721014274,2023-01-28T22:04:48.000Z,"Zero novidade Augusto Aras, não esperava nada diferente desse capacho do Bolsonaro.",0,0,1,https://twitter.com/Biakicis/status/1619451231436701697
carla@hotmail.com guerra barbosa,carla@hotmail.com guerra barbosa,https://twitter.com/carlahotmailc12/status/1619468305823338496,2023-01-28T22:51:47.000Z,Só no Brasil que tem um ministro que manda mais que o presidente e a vontade do povo.,0,0,3,https://twitter.com/Biakicis/status/1619451231436701697
Deusa Santana,@DeusaSantana4,https://twitter.com/DeusaSantana4/status/1619452028714979329,2023-01-28T21:47:06.000Z,AMÉM!🙌🙌🙌,0,0,1,https://twitter.com/Biakicis/status/1619451231436701697
VagnerPr,@VagnerPr1,https://twitter.com/VagnerPr1/status/1619671799180189696,2023-01-29T12:20:23.000Z,Medo q fala?,0,0,0,https://twitter.com/Biakicis/status/1619451231436701697
Helga Murase,@HelgaMurase,https://twitter.com/HelgaMurase/status/1619504069693038594,2023-01-29T01:13:53.000Z,Jjjjjnnjnnj. Nnnjjj nn jnnn.   Nnn.  N knn nn jkNjn jjnnnnnnnkkkk n,0,0,0,https://twitter.com/Biakicis/status/1619451231436701697
Helga Murase,@HelgaMurase,https://twitter.com/HelgaMurase/status/1619504093768343552,2023-01-29T01:13:59.000Z,n n.,0,0,0,https://twitter.com/Biakicis/status/1619451231436701697
Alcides De Sousa,@AlcidesDeSousa5,https://twitter.com/AlcidesDeSousa5/status/1619675169055989761,2023-01-29T12:33:47.000Z,E verdade quem elegeu o s deputados federal foi o povão brasileiros não foi Alexandre de Moraes agora quem elegeu o Lula foi Alexandre de Moraes não o povão brasileiros alterado o resultado das urnas no Brasil,0,0,0,https://twitter.com/Biakicis/status/1619451231436701697
Vera Lúcia de Albuquerque Ervilha,@vera_ervilha,https://twitter.com/vera_ervilha/status/1619453988960886784,2023-01-28T21:54:53.000Z,Ainda bem! Diante de tantos desmandos e injustiça uma boa notícia!!,0,0,0,https://twitter.com/Biakicis/status/1619451231436701697
Fé,@Paz20140824,https://twitter.com/Paz20140824/status/1619454091238998017,2023-01-28T21:55:18.000Z,🙏🙏🇧🇷🇧🇷,0,0,0,https://twitter.com/Biakicis/status/1619451231436701697
Jamir Boscari,@JamirBoscari,https://twitter.com/JamirBoscari/status/1619455481772380160,2023-01-28T22:00:49.000Z,"PGR não deveria nem receber este pedido fora da CF. Xerife não para. Sem freio, só avança.",0,0,0,https://twitter.com/Biakicis/status/1619451231436701697
Elisabeth Saldanha,@beth_saldanha_,https://twitter.com/beth_saldanha_/status/1619458736678113280,2023-01-28T22:13:45.000Z,👍🏽,0,0,0,https://twitter.com/Biakicis/status/1619451231436701697
Nivaldo José Oléa,@nivaldo_olea,https://twitter.com/nivaldo_olea/status/1619820126223876097,2023-01-29T22:09:47.000Z,"Bia, por falar em violações gostaria de perguntar para a senhora  sobre as presas de 08/01/23 em condições sub humanas no DF: 
Onde estão o pessoal dos Direitos Humanos para visitar as presas na Colméia?",0,0,0,https://twitter.com/Biakicis/status/1619451231436701697
LisDosto,@LisDosto,https://twitter.com/LisDosto/status/1619783860530855936,2023-01-29T19:45:41.000Z,Imunidade pra pedir golpe. Kkkkkkkk. Patéticos,0,0,0,https://twitter.com/Biakicis/status/1619451231436701697
Junior Louback,@JuniorLouback1,https://twitter.com/JuniorLouback1/status/1619720469627932673,2023-01-29T15:33:47.000Z,"É só cumprir a lei que podemos viver em harmonia, sem atropelos jurídicos e parcialidades",0,0,0,https://twitter.com/Biakicis/status/1619451231436701697
ILO REICHEL MESQUITA FILHO,@filho_ilo,https://twitter.com/filho_ilo/status/1619681660047622148,2023-01-29T12:59:34.000Z,Muito bem. Começa a aparecer uma luz ao fim do túnel.,0,0,0,https://twitter.com/Biakicis/status/1619451231436701697
Claudia Signori,@ClaudiaSignori8,https://twitter.com/ClaudiaSignori8/status/1619690604354764800,2023-01-29T13:35:07.000Z,"Eleito pelo povo, tem o direito de exercer sua função.",0,0,0,https://twitter.com/Biakicis/status/1619451231436701697
✠sou vasco ✠,@TRABALHOPT10,https://twitter.com/TRABALHOPT10/status/1619689165251309570,2023-01-29T13:29:24.000Z,RAINHA DAS FAKENEWS!,0,0,0,https://twitter.com/Biakicis/status/1619451231436701697
Francisco Bezerra,@franccbezerra,https://twitter.com/franccbezerra/status/1619695086807441414,2023-01-29T13:52:55.000Z,Todos nós sabemos que o PRG é bolsonarista e jamais iria está contra os golpistas,0,0,0,https://twitter.com/Biakicis/status/1619451231436701697
,@Divanil59384868,https://twitter.com/Divanil59384868/status/1619797526693175297,2023-01-29T20:39:59.000Z,Deveria ser assim sem precisar de consulta no STF está na CF,0,0,0,https://twitter.com/Biakicis/status/1619451231436701697
fernando Lopes,@fernand43301037,https://twitter.com/fernand43301037/status/1619685150467723265,2023-01-29T13:13:26.000Z,"As coisas ligadas na terra estão ligadas no céu, e justo que as coisas se realize com honestidade e justiça, pois Deus a de julgar todo homem que  andou sobre a terra.",0,0,0,https://twitter.com/Biakicis/status/1619451231436701697
Miguel Mafra,@MiguelMafra10,https://twitter.com/MiguelMafra10/status/1619660757268041728,2023-01-29T11:36:31.000Z,Só que faltava a PGR dar prosseguimento a mais um dos caprichos do de Alexandre de Morais.,0,0,0,https://twitter.com/Biakicis/status/1619451231436701697
Lagosta Picanheira,@esiteefi,https://twitter.com/esiteefi/status/1619498654242586627,2023-01-29T00:52:22.000Z,"Adianta nada, já era. Um Stfinistro vai passar a mão no telefone, assinar e já era: vovê sinceramente acha que esses 11 respeitam um livro de 1988? Acorda, Senadora!",0,0,0,https://twitter.com/Biakicis/status/1619451231436701697
Rosana Coelho,@RosanaC64026053,https://twitter.com/RosanaC64026053/status/1619464166032703494,2023-01-28T22:35:20.000Z,Orgulhosa dessa medida da PGR… parabéns!!!!,0,0,0,https://twitter.com/Biakicis/status/1619451231436701697
toninbd@hotmail com,toninbd@hotmail com,https://twitter.com/toninbd1/status/1619474524906618881,2023-01-28T23:16:29.000Z,Ainda bem né Bia.,0,0,0,https://twitter.com/Biakicis/status/1619451231436701697
Noemia Morgerote,@noemiamorgerote,https://twitter.com/noemiamorgerote/status/1619485666232123393,2023-01-29T00:00:46.000Z,É o que diz a Lei. Não é?,0,0,0,https://twitter.com/Biakicis/status/1619451231436701697
Ronaldo Mendes,@Ronaldo49817920,https://twitter.com/Ronaldo49817920/status/1619638334774706178,2023-01-29T10:07:25.000Z,#ForaPacheco,0,0,0,https://twitter.com/Biakicis/status/1619451231436701697
Marcos13,@Marcos24368177,https://twitter.com/Marcos24368177/status/1619622194077896704,2023-01-29T09:03:16.000Z,"A tal da ""imunidade parlamentar"" novamente protegendo os canalhas!!!",0,0,0,https://twitter.com/Biakicis/status/1619451231436701697
Adnilton Manoel,@AdniltonManoel,https://twitter.com/AdniltonManoel/status/1619607542258360320,2023-01-29T08:05:03.000Z,"É inacreditável ver como um juiz de suprema corte haje com o senso de vingança contra todos os q,tem opiniões contrária a dele,e o pior dentro de processo ilegal e inconstitucional.isso e só no Brasil msm.",0,0,1,https://twitter.com/Biakicis/status/1619451231436701697
Marcos amorim Amorim,@MarcosamorimAm3,https://twitter.com/MarcosamorimAm3/status/1620445067000578048,2023-01-31T15:33:05.000Z,Bia VC seria uma excelente opção pra presidente da Câmara dos deputados. Assim como foi na CCJ,0,0,0,https://twitter.com/Biakicis/status/1619451231436701697
Eduardo,@Eduardo44102438,https://twitter.com/Eduardo44102438/status/1622643525970952193,2023-02-06T17:08:58.000Z,Exatamente os que iam derrubar eles não é mera coincidência?,0,0,0,https://twitter.com/Biakicis/status/1619451231436701697
Yedda Mello e souza,@e_yedda,https://twitter.com/e_yedda/status/1619689200110170112,2023-01-29T13:29:32.000Z,"Parabéns, à PGR! Parabéns aos verdadeiros procuradores patriotas. Deus os abençoe. Finalmente, uma luz no fim do túnel? 👵🏻🤔🌟⭐️👏👏👏👏👏👏👏👏",0,0,1,https://twitter.com/Biakicis/status/1619451231436701697
Marcia Valentim,@Val1Marcia,https://twitter.com/Val1Marcia/status/1620469037473107969,2023-01-31T17:08:20.000Z,#PACHECONÃO,0,1,1,https://twitter.com/Biakicis/status/1619451231436701697
William Shima,@willshima73,https://twitter.com/willshima73/status/1619625274957791235,2023-01-29T09:15:31.000Z,"Já vimos recentemente que o posicionamento da PGR , se contrário a vontade de um certo Deus ,possui relevância  zero.",0,0,2,https://twitter.com/Biakicis/status/1619451231436701697
JORNAL ATK™ ,@JornalATK,https://twitter.com/JornalATK/status/1619451990437937152,2023-01-28T21:46:57.000Z,"Leo Índio ta cobrando um PIX

Vai rolar??",0,0,14,https://twitter.com/Biakicis/status/1619451231436701697
Wesley,@Wesley60578131,https://twitter.com/Wesley60578131/status/1619966291087081473,2023-01-30T07:50:35.000Z,"Tá aí o resultado que bolsonarro deixou se criar , quem brinca com cobra acaba sendo picado .. deixou criar asas nessa esquerda lixo agora eles vai deitar e rolar.  Hj tenho certeza que nenhum político se 0reocupa com o povo , eles tão preocupados com o salário no fim do mês",0,0,0,https://twitter.com/Biakicis/status/1619451231436701697
S. Palm - Não pagarei selo de comprovação,@SardiPalm,https://twitter.com/SardiPalm/status/1619457816737243137,2023-01-28T22:10:06.000Z,Não esperava menos...,0,0,1,https://twitter.com/Biakicis/status/1619451231436701697
Luiz Gustavo Azz,@Luiz_Azz,https://twitter.com/Luiz_Azz/status/1619457642950443008,2023-01-28T22:09:24.000Z,Aguardando a milionária multa ao Prerrogativas por má-fé... ou Moraes tem lado?!?! 🤔🤔🤔,1,0,2,https://twitter.com/Biakicis/status/1619451231436701697
America Bolsonaro,@AmericaBolsona1,https://twitter.com/AmericaBolsona1/status/1619736706609197056,2023-01-29T16:38:18.000Z,🙌🏼💛💚🇧🇷,0,0,1,https://twitter.com/Biakicis/status/1619451231436701697
IMEA Instituto de Música e Ensino Andrés Segovia,@ImeaTorres,https://twitter.com/ImeaTorres/status/1619531781153386501,2023-01-29T03:04:00.000Z,"A PGR resolveu falar alguma coisa  útil, onde estavam quando foi tiradas as redes sociais dos parlamentares? 

Quando é quem tem poder pra fazer alguma justiça, vai agir nesse país?  O povo não pode nada alem de eleger deputados e senadores... cadê vocês? 

..",0,0,4,https://twitter.com/Biakicis/status/1619451231436701697
Daniel Bondarenco,@danbondBR,https://twitter.com/danbondBR/status/1619682594874097664,2023-01-29T13:03:17.000Z,"Houve um dia na história em que a justiça passou a ser aplicada de acordo com o que estava “escrito” na Lei (positivado). Hoje, nem isso conta. Precisamos dissociar o conceito e o nome “justiça” daquilo que se faz no Brasil, em nome da justiça.",0,0,4,https://twitter.com/Biakicis/status/1619451231436701697
Mix,@Mixx247,https://twitter.com/Mixx247/status/1619469823444148225,2023-01-28T22:57:48.000Z,Aguarde  jaja  irão   da um jeito de tirar o subprocurador do cargo..... só  espera,0,0,2,https://twitter.com/Biakicis/status/1619451231436701697
Najla Gonçalves,@NajlaGonalves3,https://twitter.com/NajlaGonalves3/status/1619505050266796035,2023-01-29T01:17:47.000Z,"Ou seja o documento protege bandidos. Não importa o q crime q vc cometeu, sendo deputado vc tem imunidade inviolável. É isso mesmo q eu entendi? Explica aí em miúdos pra eu entender melhor.",0,0,3,https://twitter.com/Biakicis/status/1619451231436701697
crítico de tudo,@crticodetudo1,https://twitter.com/crticodetudo1/status/1619455163529572354,2023-01-28T21:59:33.000Z,Leo índio e Bia kicis cobrando pix pra doação de acampamento golpista,1,3,4,https://twitter.com/Biakicis/status/1619451231436701697
Val,@Valm07236736,https://twitter.com/Valm07236736/status/1619464290741927936,2023-01-28T22:35:49.000Z,"Esses deputados só não foram presencialmente quebrar o congresso, mas cometeram o mesmos crime excitado incessantemente as pessoas a cometerem o terrorismo no palácio da alvorada. Me poupe PGR dessa desfaçatez.",0,0,4,https://twitter.com/Biakicis/status/1619451231436701697
Dr Dreifke,@DrDreifke,https://twitter.com/DrDreifke/status/1619499636695400449,2023-01-29T00:56:16.000Z,"A bruxa disse:"" censura é deplorável"", mas, só até 31 de outubro pode!",0,0,1,https://twitter.com/Biakicis/status/1619451231436701697
Mil,@Mildes1973,https://twitter.com/Mildes1973/status/1619642605104680960,2023-01-29T10:24:23.000Z,Alguém está começando a falar sozinho e passar vergonha.,0,0,1,https://twitter.com/Biakicis/status/1619451231436701697
AAMML,@aammlourenco,https://twitter.com/aammlourenco/status/1619453268631117825,2023-01-28T21:52:01.000Z,Vamos ver qual será a barbaridade do tirano do STF nos próximos dias,0,0,0,https://twitter.com/Biakicis/status/1619451231436701697
Robson Alicatia,@RAlicatia,https://twitter.com/RAlicatia/status/1619645711959859202,2023-01-29T10:36:43.000Z,Brasil a cima de tudo e Deus a cima de todos...,0,0,0,https://twitter.com/Biakicis/status/1619451231436701697
Marcia Rohm,@RohmMarcia,https://twitter.com/RohmMarcia/status/1619463448383066113,2023-01-28T22:32:28.000Z,"Até que enfim, dentro das 4 linhas!",0,0,0,https://twitter.com/Biakicis/status/1619451231436701697
Cristina Maranhão,@Maran18Cristina,https://twitter.com/Maran18Cristina/status/1619643642230247425,2023-01-29T10:28:30.000Z,"Não devia ser surpresa ,mas ,diante da atual situação sem respeito às leis,é uma surpresa agradável",0,0,0,https://twitter.com/Biakicis/status/1619451231436701697
Flavia Amaral,@FlaviaAmaral10,https://twitter.com/FlaviaAmaral10/status/1619485480701292549,2023-01-29T00:00:01.000Z,Acho pouco !  Facistas não passarão !!,0,0,0,https://twitter.com/Biakicis/status/1619451231436701697
saniel,@samucavasco2023,https://twitter.com/samucavasco2023/status/1619493389279576065,2023-01-29T00:31:27.000Z,Nem tudo podem...,0,0,0,https://twitter.com/Biakicis/status/1619451231436701697
Getulio Dias,@GetulioDias8,https://twitter.com/GetulioDias8/status/1619683152540368897,2023-01-29T13:05:30.000Z,@alexandre,0,0,0,https://twitter.com/Biakicis/status/1619451231436701697
Winston,@WinstonLima1984,https://twitter.com/WinstonLima1984/status/1619685995854843904,2023-01-29T13:16:48.000Z,"E ele irá acatar a decisão da PGR? Se o Boneco de Olinda for reeleito, NÃO!",0,0,0,https://twitter.com/Biakicis/status/1619451231436701697
GILSON MOTA GONÇALVES,@GILSONMOTAGONCa,https://twitter.com/GILSONMOTAGONCa/status/1619710667581431808,2023-01-29T14:54:50.000Z,"@Biakicis  sempre admiro sua coerência e abilidade ímpar ao tratar com objetividade assuntos plenos de valores e pela coletividade. Desejo que tenha o mesmo espírito Cristão em continuidade. 
Fraternos abraços da minha família.",0,0,0,https://twitter.com/Biakicis/status/1619451231436701697
Gilvaci Praxedes,@GilvaciPraxedes,https://twitter.com/GilvaciPraxedes/status/1619793805762519041,2023-01-29T20:25:12.000Z,É fato!!!,0,0,0,https://twitter.com/Biakicis/status/1619451231436701697
Paulo César,@PauloCs60574936,https://twitter.com/PauloCs60574936/status/1619801165818138624,2023-01-29T20:54:27.000Z,O dono do Brasil  não quer a posse dos deputados eleitos pelos eleitores.,0,0,0,https://twitter.com/Biakicis/status/1619451231436701697
Marcelo Businhani,@marbusinhani,https://twitter.com/marbusinhani/status/1619676746625978371,2023-01-29T12:40:03.000Z,Vamos ver agora o que o Xandinho vai inventar....,0,0,0,https://twitter.com/Biakicis/status/1619451231436701697
Dorgival Lima,@Dorgivallima,https://twitter.com/Dorgivallima/status/1619713794728681472,2023-01-29T15:07:16.000Z,Ainda bem que alguns órgãos que compõe a república são imparciais.,0,0,0,https://twitter.com/Biakicis/status/1619451231436701697
Kate Charlote,@Katiasraposo10,https://twitter.com/Katiasraposo10/status/1619912515189886977,2023-01-30T04:16:54.000Z,Graças a Deus 🙏🙌,0,0,0,https://twitter.com/Biakicis/status/1619451231436701697
Vanderlei,@Vanderl39220541,https://twitter.com/Vanderl39220541/status/1619777658325434370,2023-01-29T19:21:02.000Z,É duro comemorar o cumprimento da lei ! 🤦🏽 olha onde chegamos ! Deveríamos não estar preocupados com isso diante de tanto descumprimento ! Eita Brasil 🇧🇷,0,0,0,https://twitter.com/Biakicis/status/1619451231436701697
Nil Tuturiais,@nilceabrandao,https://twitter.com/nilceabrandao/status/1619827713333956608,2023-01-29T22:39:56.000Z,"Eu sempre voto em Carlos Jordy,um homem exemplar, meu vizinho de bairro,",0,0,0,https://twitter.com/Biakicis/status/1619451231436701697
Ivete Delorenzi,@DelorenziIvete,https://twitter.com/DelorenziIvete/status/1619813604831936512,2023-01-29T21:43:52.000Z,Ajudem nossos patriotas gente o que estão fazendo com eles é desumano as mulheres lavando absorvente  emprestando uma a outra o que é isso o povo de bem que reza para o bem do país .,0,0,0,https://twitter.com/Biakicis/status/1619451231436701697
K*D*N,@kdantas261,https://twitter.com/kdantas261/status/1619667112498450432,2023-01-29T12:01:46.000Z,"Se, fosse contra teria que ser contra a nomeação de todos!",0,0,0,https://twitter.com/Biakicis/status/1619451231436701697
Tô aqui.,@Danielle_tx28,https://twitter.com/Danielle_tx28/status/1619666054116151299,2023-01-29T11:57:33.000Z,Péssimo posicionamento. Eles extrapolaram e foram contra o Estado Democrático de Direito. Não merecem representar ninguém... nem mesmo os eleitores fascistas que os elegeram.,0,0,0,https://twitter.com/Biakicis/status/1619451231436701697
Alexandre Severo,@alexsevero22,https://twitter.com/alexsevero22/status/1619529324859908096,2023-01-29T02:54:15.000Z,a mas sensata decisão correta,0,0,0,https://twitter.com/Biakicis/status/1619451231436701697
Monique Carvalho ☭⃠,@Monique14111979,https://twitter.com/Monique14111979/status/1619459585559105536,2023-01-28T22:17:07.000Z,"Glória a Deus Senhora Deputada, algum respeito à democracia é um acalento para uma parcela importante da população",0,0,0,https://twitter.com/Biakicis/status/1619451231436701697
Cid Dinelsoᅠᅠᅠᅠᅠᅠᅠᅠᅠᅠᅠᅠᅠᅠᅠᅠᅠᅠᅠᅠᅠ,@CidAlevi,https://twitter.com/CidAlevi/status/1619467637163192321,2023-01-28T22:49:07.000Z,Faz muito bem ....se culpados que paguem por seus erros....,0,0,0,https://twitter.com/Biakicis/status/1619451231436701697
Cirlene Rabecchini,@CirleneRabecch1,https://twitter.com/CirleneRabecch1/status/1619489575973568513,2023-01-29T00:16:18.000Z,Ate Que enfim se posiciona de forma legal . Aleluia,0,0,0,https://twitter.com/Biakicis/status/1619451231436701697
Patrícia Maluly,@Pmaluly,https://twitter.com/Pmaluly/status/1619690942822481920,2023-01-29T13:36:27.000Z,"De jeito nenhum, a suspensão é necessária. Todos estão optando pelo crime, pela falta de atenção, pelo crime hediondo de corrupção e falsidade ideológica para existir. A tragédia, miséria, morticínios só aumentam ! Os deputados eleitos por São Paulo são lamentáveis e ruins.",0,0,0,https://twitter.com/Biakicis/status/1619451231436701697
Patrícia Maluly,@Pmaluly,https://twitter.com/Pmaluly/status/1619691173081399296,2023-01-29T13:37:22.000Z,"Nikolas, Kim, são adolescentes irresponsáveis! Pagamos um preço muito alto por isso. Nada se resolve!",0,0,0,https://twitter.com/Biakicis/status/1619451231436701697
Andre Santana,@AndreLFSantana,https://twitter.com/AndreLFSantana/status/1619457003763691520,2023-01-28T22:06:52.000Z,"A pergunta que me vem a mente!
O ministro Moraes vai acatar a decisão da PGR?",0,0,0,https://twitter.com/Biakicis/status/1619451231436701697
Paulo Silveira,@Paulo020671,https://twitter.com/Paulo020671/status/1619474522431959040,2023-01-28T23:16:29.000Z,Errado,0,0,0,https://twitter.com/Biakicis/status/1619451231436701697
MARIA COSTA,@MARIACOSTA0127,https://twitter.com/MARIACOSTA0127/status/1619703652809330689,2023-01-29T14:26:58.000Z,"Deus tomará o coração dessas pessoas descente,ainda tem pessoas de bem,eles foram eleitos legitimamente.",0,0,0,https://twitter.com/Biakicis/status/1619451231436701697
Cato_Stoikós,@CatoStoikos,https://twitter.com/CatoStoikos/status/1619472813966102529,2023-01-28T23:09:41.000Z,A exceção da regra....,0,0,0,https://twitter.com/Biakicis/status/1619451231436701697
alexandre cazuti,@cazutidias,https://twitter.com/cazutidias/status/1619708249347088384,2023-01-29T14:45:14.000Z,"Moraes vai dirá eles na canetada e vai ficar por isso mesmo, porque estamos numa ditadura, quem quer fazer uma aposta ai",0,0,0,https://twitter.com/Biakicis/status/1619451231436701697
HELIO ABREU FILHO,@helioabreufilho,https://twitter.com/helioabreufilho/status/1619683098077306880,2023-01-29T13:05:17.000Z,"Qualquer seja a informação que o FACE queira dar, IMPRIME em nós Sua verdade [ditador das Verdades]... sem nosso CONTRAPONTO? Estamos no Campo das OPINIÕES e não dos PARECERES em conversa com Amigos. O FACE INVADE nosso espaço impondo Seus PARECERES, e Suas verdades.",0,0,0,https://twitter.com/Biakicis/status/1619451231436701697
Gilcelino César,@CesarGilcelino,https://twitter.com/CesarGilcelino/status/1619719497384095744,2023-01-29T15:29:55.000Z,"Moraes não sabia disso? Acho um tanto estranho, seria uma forma de intimidação do tipo, ""estou de olho em vcs!"" ? 🤔",0,0,0,https://twitter.com/Biakicis/status/1619451231436701697
Gloria Ferro,@GloriaFerro5,https://twitter.com/GloriaFerro5/status/1619656800688824320,2023-01-29T11:20:47.000Z,Valendo lembrar que eles foram eleito pelo POVO. E…,0,0,0,https://twitter.com/Biakicis/status/1619451231436701697
Marcelo Percivo,@MarceloPercivo,https://twitter.com/MarceloPercivo/status/1619696973451497487,2023-01-29T14:00:25.000Z,Grande PGR. Tem medo do que ele?,0,0,0,https://twitter.com/Biakicis/status/1619451231436701697
Jose Roberto Takahashi,@JoseRobertoTak1,https://twitter.com/JoseRobertoTak1/status/1619679553651372035,2023-01-29T12:51:12.000Z,💪💪💪💪💪💪💪,0,0,0,https://twitter.com/Biakicis/status/1619451231436701697
Caetano Guimarães Gomes,@CaetanoGuimare1,https://twitter.com/CaetanoGuimare1/status/1620238331195060224,2023-01-31T01:51:35.000Z,"Ou as pessoas de bem reagem as atrocidades de violação da CF, ou vamod parar na sargeta do comunismo.",0,0,0,https://twitter.com/Biakicis/status/1619451231436701697
Jerliane Menezes,@MenezesJerliane,https://twitter.com/MenezesJerliane/status/1619472484776165376,2023-01-28T23:08:23.000Z,Eleitos pelo povo!! Que base legal esse iluministro tem para barrar a posse deles?,0,0,1,https://twitter.com/Biakicis/status/1619451231436701697
Marcos Ribeiro,@MarcosR60576918,https://twitter.com/MarcosR60576918/status/1619850391986003968,2023-01-30T00:10:03.000Z,A safada defendendo bandido,0,0,0,https://twitter.com/Biakicis/status/1619451231436701697
Leilianemartins86,@Leilian39300452,https://twitter.com/Leilian39300452/status/1619455606498148353,2023-01-28T22:01:19.000Z,Os petistas tudo doido pra colocar o povo na cadeia 😂 se conforme que o único bandido é o lula e vocês apoiaram isso.,0,0,1,https://twitter.com/Biakicis/status/1619451231436701697
Flavia,@fla_rib_o,https://twitter.com/fla_rib_o/status/1619454086348419073,2023-01-28T21:55:16.000Z,"Que coisa feia, pare de distorcer os fatos. Vamos pressionar o congresso e serão cassados. Quebraram decoro, inclusive você que mentiu na tribuna para acirrar terroristas dizendo de houve morte na PF, queria o que? Invasão na PF como fizeram no caso do falso Indio dia 08???",1,0,17,https://twitter.com/Biakicis/status/1619451231436701697
Jose Gilberto,@JoseGil07895702,https://twitter.com/JoseGil07895702/status/1619641148150263814,2023-01-29T10:18:35.000Z,"Perfeito!! A PGR também dá umas ""derrapadas"", mas dessa vez acertou!!",0,0,0,https://twitter.com/Biakicis/status/1619451231436701697
Paulo Werneck,@PauloWerneckRio,https://twitter.com/PauloWerneckRio/status/1619771894277996545,2023-01-29T18:58:08.000Z,Como você se posicionou em relação ao devido processo legal quando o réu era Luís Ignácio Lula da Silva?,0,0,0,https://twitter.com/Biakicis/status/1619451231436701697
S.O.S Brasil,@sosbrasillll,https://twitter.com/sosbrasillll/status/1619451982611374080,2023-01-28T21:46:55.000Z,O Xandão vai dar uma canetada!,0,0,1,https://twitter.com/Biakicis/status/1619451231436701697
Jose Luiz Zago,@JoseLuizZago,https://twitter.com/JoseLuizZago/status/1619656467875004416,2023-01-29T11:19:28.000Z,E desde qdo o Moraes vai respeitar a recomendação do PGR,0,0,0,https://twitter.com/Biakicis/status/1619451231436701697
Jaime Martins Filho,@JaimeMartinsFi1,https://twitter.com/JaimeMartinsFi1/status/1619708010124943361,2023-01-29T14:44:16.000Z,SEM ANISTIA ao golpistas,0,0,0,https://twitter.com/Biakicis/status/1619451231436701697
Jaime Martins Filho,@JaimeMartinsFi1,https://twitter.com/JaimeMartinsFi1/status/1619708065007411202,2023-01-29T14:44:30.000Z,SEM ANISTIA aos golpistas,0,0,0,https://twitter.com/Biakicis/status/1619451231436701697
Roberto Jardim,@RobertoJardim71,https://twitter.com/RobertoJardim71/status/1619451663261257728,2023-01-28T21:45:39.000Z,O Careca Engraçado tá tentando de tudo contra a direita...,0,0,1,https://twitter.com/Biakicis/status/1619451231436701697
R Mattos,@mattos61750102,https://twitter.com/mattos61750102/status/1620007000615849985,2023-01-30T10:32:21.000Z,Obrigada PGR por nao ceder a ditadura dos q se acham deuses do olimpo,0,0,0,https://twitter.com/Biakicis/status/1619451231436701697
Da Ferreira,@DaFerreira7,https://twitter.com/DaFerreira7/status/1619684128659746829,2023-01-29T13:09:23.000Z,KD o capitão FAROFA?,0,0,0,https://twitter.com/Biakicis/status/1619451231436701697
Sergio Araújo,@sergioaraujo40,https://twitter.com/sergioaraujo40/status/1619681946224975873,2023-01-29T13:00:42.000Z,"Deveriam ser deputados só no caso de uma ditadura, eles não gostam da democracia.",0,0,0,https://twitter.com/Biakicis/status/1619451231436701697
FABIO FRASSETTO RODRIGUES,@FABIOFRASSETTO3,https://twitter.com/FABIOFRASSETTO3/status/1619714133397770240,2023-01-29T15:08:36.000Z,Só pq tem o engavetador da república.,0,0,0,https://twitter.com/Biakicis/status/1619451231436701697
Sergio Leandro,@slmmo,https://twitter.com/slmmo/status/1619648176671318018,2023-01-29T10:46:31.000Z,Esse PGR está lá para isso mesmo: engavetar mais essa.,0,0,0,https://twitter.com/Biakicis/status/1619451231436701697
MNPV ADM,@Monica_CaboFrio,https://twitter.com/Monica_CaboFrio/status/1619660058819964929,2023-01-29T11:33:44.000Z,Calma que ainda virá a decisão do Xandão.,0,0,0,https://twitter.com/Biakicis/status/1619451231436701697
Henrique O Santos,@h_osantos,https://twitter.com/h_osantos/status/1619665913925738499,2023-01-29T11:57:00.000Z,"De repente vocês falam sobre ""violações ao devido processo legal"".",0,0,0,https://twitter.com/Biakicis/status/1619451231436701697
GRG,@GelinskiRodrigo,https://twitter.com/GelinskiRodrigo/status/1619685898786054144,2023-01-29T13:16:25.000Z,Aras é advogado do Palhaço Mor 🤡,0,0,0,https://twitter.com/Biakicis/status/1619451231436701697
freitas lucia,@peperate,https://twitter.com/peperate/status/1619663705574371329,2023-01-29T11:48:13.000Z,Seria um absurdo se  a PGR acatasse uma coisa dessas .,0,0,0,https://twitter.com/Biakicis/status/1619451231436701697
Rony,@Rony30942175,https://twitter.com/Rony30942175/status/1619452163981443072,2023-01-28T21:47:38.000Z,🙏🙏🙏🙏🙏que ótima notícia 👏👏👏👏,0,0,4,https://twitter.com/Biakicis/status/1619451231436701697
Willian Nunes Laia,@GuedesLaia,https://twitter.com/GuedesLaia/status/1619506493581332482,2023-01-29T01:23:31.000Z,É  o básico sendo cumprido !,0,0,1,https://twitter.com/Biakicis/status/1619451231436701697
Marco1983,@Marco198310,https://twitter.com/Marco198310/status/1619500704661671942,2023-01-29T01:00:31.000Z,Só estão perseguindo os mais gatos. Pura inveja!!!,0,0,1,https://twitter.com/Biakicis/status/1619451231436701697
Cláudia B T Arndt,@ClaudiaBTArndt,https://twitter.com/ClaudiaBTArndt/status/1619468871337144322,2023-01-28T22:54:01.000Z,Finalmente alguém com lucidez!🙏,0,0,1,https://twitter.com/Biakicis/status/1619451231436701697
Suzana Aragao,@SuzanaAragao01,https://twitter.com/SuzanaAragao01/status/1619842256982388736,2023-01-29T23:37:43.000Z,Como você disse “ não deveria ser surpresa..” um absurdo estarmos aplaudindo essa manifestação da PGR. Está tudo invertido.,0,0,0,https://twitter.com/Biakicis/status/1619451231436701697
AntonioMDS,@AntonioMDS1,https://twitter.com/AntonioMDS1/status/1620033979289325568,2023-01-30T12:19:34.000Z,"Sim, vamos registrar.
""Brasília um lugar de inocentes""
Vamos até cantar uma canção do LEGIÃO URBANA.
PERFEIÇÃO.",0,0,0,https://twitter.com/Biakicis/status/1619451231436701697
Andre Valve,@AndreCunhaValve,https://twitter.com/AndreCunhaValve/status/1619493451023929345,2023-01-29T00:31:42.000Z,Esses 4 aí não servem nem pra estrume,0,0,1,https://twitter.com/Biakicis/status/1619451231436701697
Alexandre Racchetti,@alexandreracch2,https://twitter.com/alexandreracch2/status/1619697611212201984,2023-01-29T14:02:57.000Z,"Quer apostar que Xandão vai achar um jeito ?? Ele já  criou o ""mandado de prisão em flagrante"" e o ""flagrante perpétuo"", sem dizer o ""inquérito do Fim do Mundo"", que nunca será concluído !!!!",0,0,0,https://twitter.com/Biakicis/status/1619451231436701697
Álisson Pinheiro,@alissonvet1980,https://twitter.com/alissonvet1980/status/1619461836558188544,2023-01-28T22:26:04.000Z,Como pode um Ministro do STF entrar com um pedido desses?? Ele tem obrigação de saber que esse pedido é inadequado.,1,0,5,https://twitter.com/Biakicis/status/1619451231436701697
vilamir Baratieri,@VilamirB,https://twitter.com/VilamirB/status/1619461413302587392,2023-01-28T22:24:23.000Z,Senado congresso ...PGR...exercito são uma vergonha neste país !,0,0,0,https://twitter.com/Biakicis/status/1619451231436701697
patriota,@JairPurunga,https://twitter.com/JairPurunga/status/1619502102707073024,2023-01-29T01:06:04.000Z,cf sendo respeitada pela decisao contra a suspensão,0,0,0,https://twitter.com/Biakicis/status/1619451231436701697
Sergio Almeida,@SergioA91277682,https://twitter.com/SergioA91277682/status/1619485301076017152,2023-01-28T23:59:19.000Z,Deram sorte por que se fosse o irmão do dino já teriam perdido os mandatos.,0,0,0,https://twitter.com/Biakicis/status/1619451231436701697
Rogério Bezerra de Vasconcelos Roger1961,@RRoger1961,https://twitter.com/RRoger1961/status/1619486400914796545,2023-01-29T00:03:41.000Z,"vejo que aqui tem alguns Venezuelano 
arrequeiros do Lula",0,0,0,https://twitter.com/Biakicis/status/1619451231436701697
Lucio Molinari,@LucioMolinari1,https://twitter.com/LucioMolinari1/status/1619502202858659842,2023-01-29T01:06:28.000Z,Denuncie nas plataformas internacionais em inglês,0,0,0,https://twitter.com/Biakicis/status/1619451231436701697
Maria jose Antonia Campos,@Mjcampos1999,https://twitter.com/Mjcampos1999/status/1619453222716063744,2023-01-28T21:51:50.000Z,Parabéns,0,0,0,https://twitter.com/Biakicis/status/1619451231436701697
Sidão,@cataniasidney,https://twitter.com/cataniasidney/status/1619507044461187073,2023-01-29T01:25:43.000Z,"Fazer o que,é a lei e devemos respeitar,mas é uma pena!",0,0,0,https://twitter.com/Biakicis/status/1619451231436701697
Ricardo,@Ricardoacopetti,https://twitter.com/Ricardoacopetti/status/1619451959819522048,2023-01-28T21:46:49.000Z,Daqui a pouco o Xandão vai mandar matar opositores...,0,0,0,https://twitter.com/Biakicis/status/1619451231436701697
Fé com Suzi Souza,@SuziSouzaFe,https://twitter.com/SuziSouzaFe/status/1619467038409510913,2023-01-28T22:46:44.000Z,Enfim um pouco de lucidez 🙏,0,0,0,https://twitter.com/Biakicis/status/1619451231436701697
Alan Mazark,@AlanMazark,https://twitter.com/AlanMazark/status/1619530048847097859,2023-01-29T02:57:07.000Z,"A atual PGR foi indicada pelo GENOCIDA, logo, não merece credibilidade. 
Afastem deputados facistas e não os deixem assumir o mandato.",0,0,0,https://twitter.com/Biakicis/status/1619451231436701697
