nome,usuario,idTweet,dataPublicacao,texto,replies,retweets,likes,tweetPai
Ingrid Constant Oliveira,@constant_ingrid,https://twitter.com/constant_ingrid/status/1619830052199301120,2023-01-29T22:49:14.000Z,"Grupo esquerdista “prerrogativas” que, ao invés de lutar pelas prerrogativas violadas de advogados nos inqueritos inconstitucionais no STF, prefere entrar com ação infundada pedindo medida antidemocrática de impedimento de posse de parlamentares eleitos pelo povo.",0,0,5,https://twitter.com/SargentoFAHUR/status/1619809128213524481
arianna Guzo,@GuzoMarianna,https://twitter.com/GuzoMarianna/status/1619828725134278657,2023-01-29T22:43:57.000Z,Não vejo nenhuma postagem da policia na intenção de prender esse trio... será que é porque eles roubaram 20 Bilhões ao invés de um celular???,1,5,24,https://twitter.com/SargentoFAHUR/status/1619809128213524481
gabryellgmss,@gabryellgmss,https://twitter.com/gabryellgmss/status/1619822055901515777,2023-01-29T22:17:27.000Z,"Será que ele ligou pra eles dizendo que dessa vez não deu pra atender, mas q assim que passar as eleições das mesas diretoras do legislativo, vão poder voltar a carga! Isso é, se o Pacheco ganhar no senado, é claro.",0,0,1,https://twitter.com/SargentoFAHUR/status/1619809128213524481
dantas,@dantas11821725,https://twitter.com/dantas11821725/status/1619811499610099712,2023-01-29T21:35:30.000Z,"O cabeça de ovo está fazendo campanha para Pacheco, aquele que dizem que tem às mãos sujas de sangue e lama...",0,0,1,https://twitter.com/SargentoFAHUR/status/1619809128213524481
Heitor_Petrus_Constantino,@Heitor_Petrus,https://twitter.com/Heitor_Petrus/status/1620123042633646081,2023-01-30T18:13:28.000Z,"Depois dele ter mexido com o telegram a coisa teve uma virada rápida né?
Será que os russos deram uma ligada para o Moraes após saberem que ele queria multa-los e mostrou alguma coisa???",0,0,0,https://twitter.com/SargentoFAHUR/status/1619809128213524481
Tatiana,@Tatiana030122,https://twitter.com/Tatiana030122/status/1619852962179973120,2023-01-30T00:20:16.000Z,"Não foi Moraes que negou suspender a posso dos Deputados,  foi  PGR que não aceitou o pedido .",0,0,3,https://twitter.com/SargentoFAHUR/status/1619809128213524481
Richard Kovansk,@ricakusters,https://twitter.com/ricakusters/status/1619815438686224388,2023-01-29T21:51:09.000Z,Ué mas o Xandão não era o injusto e pericial? Como fica? Devemos criticar por isso?,0,0,1,https://twitter.com/SargentoFAHUR/status/1619809128213524481
Ergonoce.,@Ergonoce4,https://twitter.com/Ergonoce4/status/1620019826126393344,2023-01-30T11:23:19.000Z,Não foi o Xandão é sim a PGR.,0,0,2,https://twitter.com/SargentoFAHUR/status/1619809128213524481
Maldorror,@Maldorror,https://twitter.com/Maldorror/status/1619809396342784000,2023-01-29T21:27:09.000Z,Quando o Careca ceifava maconha no Paraguai os conservadores adoravam...,0,0,1,https://twitter.com/SargentoFAHUR/status/1619809128213524481
Geólogo - Geógrafo UNIFESSPA,@adam70759116,https://twitter.com/adam70759116/status/1619894732351750144,2023-01-30T03:06:15.000Z,"vcs ficaram tão rebaixados diante do Moraes que ate a posso de deputados ficou na maro dele, são uns merdas mesmo😂😂😂😂😂😂",0,0,0,https://twitter.com/SargentoFAHUR/status/1619809128213524481
Pindorama ART,@LuizAlechandre,https://twitter.com/LuizAlechandre/status/1620068738006646786,2023-01-30T14:37:41.000Z,Este sargento defende político que visitou miliciano na prisão por duas vezes e aí  virou presidente mas tinha discurso anticorrupção? Entendi,0,0,0,https://twitter.com/SargentoFAHUR/status/1619809128213524481
João Carlos Moreno,@jcmoreno_crm,https://twitter.com/jcmoreno_crm/status/1620005974433214464,2023-01-30T10:28:17.000Z,Ô coitado,0,0,0,https://twitter.com/SargentoFAHUR/status/1619809128213524481
Neilor Jr Schindler,@neilor_junior,https://twitter.com/neilor_junior/status/1619934837972021248,2023-01-30T05:45:36.000Z,"A PGR engavetou, seu analfabeto.
Vc presta um desserviço para o Brasil seu veiaco.
Vc é um vexame.
Sujeito vil.
Tirar o teu bigode a tapa, seu merda.",0,0,0,https://twitter.com/SargentoFAHUR/status/1619809128213524481
Eder Demarco Ribeiro,@eder_demarco,https://twitter.com/eder_demarco/status/1619861391917080576,2023-01-30T00:53:46.000Z,#PachecoNAO,0,1,1,https://twitter.com/SargentoFAHUR/status/1619809128213524481
Sábio Paulista,@sabiopaulista,https://twitter.com/sabiopaulista/status/1619831436449820673,2023-01-29T22:54:44.000Z,Que pena. Tinha que prender todos esses vagabundos golpistas..,0,0,0,https://twitter.com/SargentoFAHUR/status/1619809128213524481
Vini,@Dm84Vini,https://twitter.com/Dm84Vini/status/1619847139303231489,2023-01-29T23:57:07.000Z,"Daí ô do bigode, as decisões do Alexandre valem ou não?",0,0,0,https://twitter.com/SargentoFAHUR/status/1619809128213524481
Apertem o Cinto ...Vamos dar a partida....,@fernandoh1982,https://twitter.com/fernandoh1982/status/1620107127124803584,2023-01-30T17:10:13.000Z,#pachecocovarde #PachecoNÃO  #PachecoNÃO  #PachecoNÃO  #PachecoNÃO  #PachecoNÃO  #PachecoNÃO  #PachecoNÃO  #PachecoNÃO  #PachecoNÃO  #PachecoNÃO  #PachecoNÃO  #PachecoNÃO  #PachecoNÃO  #PachecoNÃO  #PachecoNÃO  #PachecoNÃO  #PachecoNÃO  #PachecoNÃO  #PachecoNÃO  #PachecoNÃO,0,0,0,https://twitter.com/SargentoFAHUR/status/1619809128213524481
acdisser,@ACDissero,https://twitter.com/ACDissero/status/1619841901351555072,2023-01-29T23:36:19.000Z,"Vou ser honesto o sistema vai fazer de tudo para eleger Pacheco, o povo está acuado mas se uma pessoa você sabe quem e ,vier a público e pedir para o povo ir às ruas e parar tudo até às coisa se resolver ,garanto que o país para ,e as coisas mudam",0,0,0,https://twitter.com/SargentoFAHUR/status/1619809128213524481
