nome,usuario,idTweet,dataPublicacao,texto,replies,retweets,likes,tweetPai
malu,@malukoehler,https://twitter.com/malukoehler/status/1620777621826187265,2023-02-01T13:34:32.000Z,Isso é verdade! #PachecoNAO,0,0,0,https://twitter.com/cabojunioamaral/status/1620200509234905089
Juliana Lima,@Juero2011,https://twitter.com/Juero2011/status/1620568131025641474,2023-01-31T23:42:05.000Z,Você vai votar a favor da CPI do abuso de poder do STF?,0,0,0,https://twitter.com/cabojunioamaral/status/1620200509234905089
Reinaldo,@Reinaldogv_,https://twitter.com/Reinaldogv_/status/1620202309694418944,2023-01-30T23:28:27.000Z,"Dá uma moral na CPI do abuso de autoridade, nobre deputado! 🇧🇷Tamo junto! 👍🏼",0,0,0,https://twitter.com/cabojunioamaral/status/1620200509234905089
Camisetas Diversas,@CamisetaDiversa,https://twitter.com/CamisetaDiversa/status/1620207645897662465,2023-01-30T23:49:39.000Z,#PachecoNAO,0,0,0,https://twitter.com/cabojunioamaral/status/1620200509234905089
Paulo M,@DarcadiaPaulo,https://twitter.com/DarcadiaPaulo/status/1620367538747215872,2023-01-31T10:25:00.000Z,"Sabe quando voto em você? Nunca! Na época do Bolsonaro fez vídeo com arma, depois cagou de medo. Um menino teve mais peito que você.",0,0,0,https://twitter.com/cabojunioamaral/status/1620200509234905089
Maria Lúcia,@JuarezCastella3,https://twitter.com/JuarezCastella3/status/1620201140708315137,2023-01-30T23:23:48.000Z,#PacheccoNao,0,0,0,https://twitter.com/cabojunioamaral/status/1620200509234905089
Pressão Psicológica,@Luciano46709283,https://twitter.com/Luciano46709283/status/1620213246367244288,2023-01-31T00:11:54.000Z,#PachecoSIM,0,0,0,https://twitter.com/cabojunioamaral/status/1620200509234905089
Gravatá,@Gravat19,https://twitter.com/Gravat19/status/1620217878707576832,2023-01-31T00:30:19.000Z,"Xandão ligando para os senadores, pedindo votos para o Pacheco!!! É uma vergonha!!!#STFVergonhaMundial #PachecoNuncaMais",0,0,0,https://twitter.com/cabojunioamaral/status/1620200509234905089
AR¥,@oARl_real,https://twitter.com/oARl_real/status/1620205619306438656,2023-01-30T23:41:36.000Z,E lira é sussa?,0,0,0,https://twitter.com/cabojunioamaral/status/1620200509234905089
Luna,@lua32000748,https://twitter.com/lua32000748/status/1620447672154079232,2023-01-31T15:43:26.000Z,#PachecoNÃO,0,0,0,https://twitter.com/cabojunioamaral/status/1620200509234905089
Edson Alves,@EdsonAl18633007,https://twitter.com/EdsonAl18633007/status/1620537888055377920,2023-01-31T21:41:55.000Z,Juninho o pior é eu para não virar na Dilma votei nesta Mérida patos minas que nao tomou atitude a favor do povo e seus eleitores foi um traidor so espero que os senadores nao venden o povo nao merece triste de nois brasileiros,0,0,0,https://twitter.com/cabojunioamaral/status/1620200509234905089
Bruno Leonardo,@bruno_leo_nardo,https://twitter.com/bruno_leo_nardo/status/1620282101647171584,2023-01-31T04:45:31.000Z,Então vou de Pacheco. É pica no rabo dos golpistas!,0,0,0,https://twitter.com/cabojunioamaral/status/1620200509234905089
Não é UM. São TODOS,@malaquias304,https://twitter.com/malaquias304/status/1620317794238873600,2023-01-31T07:07:20.000Z,Mete o dedo no CU fela da puta,0,0,0,https://twitter.com/cabojunioamaral/status/1620200509234905089
Anderson_swy,@Anderso68994402,https://twitter.com/Anderso68994402/status/1620201885453144064,2023-01-30T23:26:46.000Z,Chora mas gado kķkkk,0,0,0,https://twitter.com/cabojunioamaral/status/1620200509234905089
Adriano,@Aferreira66,https://twitter.com/Aferreira66/status/1620231618471550976,2023-01-31T01:24:54.000Z,😂😂😂,0,0,0,https://twitter.com/cabojunioamaral/status/1620200509234905089
Rosa Jordão,@RosaJordo1,https://twitter.com/RosaJordo1/status/1620240998432673794,2023-01-31T02:02:11.000Z,#PachecoNAO,0,0,0,https://twitter.com/cabojunioamaral/status/1620200509234905089
apolo apolo,@apoloap52608501,https://twitter.com/apoloap52608501/status/1620205394353332225,2023-01-30T23:40:42.000Z,"Ajude Lula libera 11 ministros pra votarem voltando ao congresso. É preciso impugnar Pacheco por prevaricação.. há risco/ defesa do País, #PachecoNuncaMais + 60 pedidos de impeachment/Ale engavetados no Senado, apenas 5 reuniões da CCJ em 2022 pouco trabalho provas com @GayerGus",0,0,0,https://twitter.com/cabojunioamaral/status/1620200509234905089
Rita Lopes,@RitaLop23715070,https://twitter.com/RitaLop23715070/status/1620206777374736384,2023-01-30T23:46:12.000Z,"PELOS IANOMAMIS
PELO ESTADO DEMOCRATICO
PELO FIM DO TERRORISMO
PELO FIM DO BOLSONARISMO
PACHECO SIM
PACHECO SIM
PACHECO SIM
PACHECO SIM
PACHECO SIM
PACHECO SIM
PACHECO SIM
PACHECO SIM
PACHECO SIM
PACHECO SIM",0,0,0,https://twitter.com/cabojunioamaral/status/1620200509234905089
ArthurxFer,@Carthurxfer,https://twitter.com/Carthurxfer/status/1620205598527852545,2023-01-30T23:41:31.000Z,"Para Presidente do Senado e Presidente da Câmara, NÃO HÁ REELEIÇÃO.
Art.57 da Constituição Federal está claro que Presidência de ambas as Casas terão mandato de apenas dois anos, sendo vetado recondução para mesmo cargo na eleição subsequente. Por que pachecuzão concorrendo ???",0,0,0,https://twitter.com/cabojunioamaral/status/1620200509234905089
