nome,usuario,idTweet,dataPublicacao,texto,replies,retweets,likes,tweetPai
Adriele Moita,@drimoita,https://twitter.com/drimoita/status/1620108769060589568,2023-01-30T17:16:45.000Z,Inclusive lhe vi no aeroporto de Brasilia no dia de ontem(domingo). Boa sorte neste 2023 caro deputado.,0,0,0,https://twitter.com/tuliogadelha/status/1620107870087024641
GAMER OVER,@SimoneT67048193,https://twitter.com/SimoneT67048193/status/1621144298489262081,2023-02-02T13:51:34.000Z,"É não foi dessa vez né, mas faz o L!",0,0,0,https://twitter.com/tuliogadelha/status/1620107870087024641
ANACRIS,@anasnitram,https://twitter.com/anasnitram/status/1621244185427824642,2023-02-02T20:28:29.000Z,Merecemos esse reconhecimento!!,0,0,0,https://twitter.com/tuliogadelha/status/1620107870087024641
Luis Felipe Durval,@durvaluisfelipe,https://twitter.com/durvaluisfelipe/status/1620118793094840320,2023-01-30T17:56:35.000Z,Deputado @tuliogadelha e com relação a convocação dos professores aprovados no último? O seu mandato irá cobrar da SEE/PE e da Governadora Raquel Lyra?,1,0,0,https://twitter.com/tuliogadelha/status/1620107870087024641
Thiago Rocha,@thyago92,https://twitter.com/thyago92/status/1620142690762641408,2023-01-30T19:31:32.000Z,Nós deixe atualizando. A que ponto chegou o fim da conversa. Já esperamos de mais. Desde setembro o piso está suspenso.,0,0,0,https://twitter.com/tuliogadelha/status/1620107870087024641
Rafa,@RafaMaDantas,https://twitter.com/RafaMaDantas/status/1620166421253881858,2023-01-30T21:05:50.000Z,"E tua governadora no PE, hein Túlio? Ela tem evitado até tocar nesse assunto...",0,0,0,https://twitter.com/tuliogadelha/status/1620107870087024641
Flavia Giovanna,@Flaviagio,https://twitter.com/Flaviagio/status/1620186196742922241,2023-01-30T22:24:25.000Z,Contamos com o seu apoio.,0,0,0,https://twitter.com/tuliogadelha/status/1620107870087024641
R3n4t0,@RenatoRibeio,https://twitter.com/RenatoRibeio/status/1621247701592559623,2023-02-02T20:42:28.000Z,Ano passado sentia mais o seu protagonismo nessa causa...parece que Sr deu uma desanimada...bora pra cima !!!,0,0,0,https://twitter.com/tuliogadelha/status/1620107870087024641
Edjair Vicente Cabral,@EdjairVicente,https://twitter.com/EdjairVicente/status/1620187934363385856,2023-01-30T22:31:19.000Z,"Senhor, 30 dias de governo e segues mudo sobre Raquel Lyra. Aguardamos seu posicionamento.",0,0,0,https://twitter.com/tuliogadelha/status/1620107870087024641
Renato Oliveira,@_renatoOliveira,https://twitter.com/_renatoOliveira/status/1620109176558194688,2023-01-30T17:18:22.000Z,Alguma previsão de melhoria no cronograma de vacinação?,0,0,0,https://twitter.com/tuliogadelha/status/1620107870087024641
