nome,usuario,idTweet,dataPublicacao,texto,replies,retweets,likes,tweetPai
Assessoria & Jurídico ,@sarilho_dr,https://twitter.com/sarilho_dr/status/1620456180492697601,2023-01-31T16:17:14.000Z,A verdade é essa deputado.🇧🇷O equilíbrio entre os poderes está na eleição para a presidência do senado federal.,0,1,1,https://twitter.com/DepSanderson/status/1620041720552652800
Joaquim,@QuimQueiroz3,https://twitter.com/QuimQueiroz3/status/1620775780753244160,2023-02-01T13:27:13.000Z,"O problema é que há muitos bandidos no congresso nacional e esses tem o rabo preso com os chefes do crime e também com o STF que aliás,  faz tempo ignora os ditames da CF",0,2,2,https://twitter.com/DepSanderson/status/1620041720552652800
Minion,@MinionDeFerro,https://twitter.com/MinionDeFerro/status/1620080963601727490,2023-01-30T15:26:16.000Z,"Irretocável! A lobotomia mundial de certo e errado funciona assim. Depende do grupo.🤠Agora o justo, singular, opinião:",1,1,1,https://twitter.com/DepSanderson/status/1620041720552652800
MonteMoriá,@Margare31694622,https://twitter.com/Margare31694622/status/1620461783789223938,2023-01-31T16:39:30.000Z,"Cada um receberá segundo suas obras. A palavra de Deus é certeira.
Plantar e colher o que plantou.#PachecoNãoNem o Estado dele o aceita",0,0,0,https://twitter.com/DepSanderson/status/1620041720552652800
josue lescano,@josuelescano4,https://twitter.com/josuelescano4/status/1620205149682827266,2023-01-30T23:39:44.000Z,Deputado até a eleição para Presidente eles manipularam o resultado com toda sinceridade o sr. Acha que não fazer o mesmo na eleição do Senado...Acordem gente está tudo dominado,0,0,0,https://twitter.com/DepSanderson/status/1620041720552652800
Marlene Sousa,@lenesousa311071,https://twitter.com/lenesousa311071/status/1620118893716185088,2023-01-30T17:56:59.000Z,#PachecoNAO,0,1,1,https://twitter.com/DepSanderson/status/1620041720552652800
"Rita Penna/SP com Bolsonaro, com o Brasil!",@RitaPenna,https://twitter.com/RitaPenna/status/1620353606619922435,2023-01-31T09:29:39.000Z,Acompanhando cada senador como fazemos desde 2018 com um afinco nunca antes visto!,0,0,0,https://twitter.com/DepSanderson/status/1620041720552652800
OlivinoLud,@OlivinoLud,https://twitter.com/OlivinoLud/status/1620176410278248459,2023-01-30T21:45:32.000Z,Muito bem deputado....👏👏👏.   O que me intriga é a bobagem que o senador Girão está fazendo.   Os poucos votos que ele receberá poderiam ser suficientes para uma vitória certeira do Marinho.,0,0,0,https://twitter.com/DepSanderson/status/1620041720552652800
Maria Paula,@mariapaularfer,https://twitter.com/mariapaularfer/status/1620192391763484673,2023-01-30T22:49:02.000Z,"Deveriam saber também que não é certo reeleger Arthur Lira para a Câmara.
Sabia que ele prometeua CCJ para o petê? Vão deixar?",0,0,1,https://twitter.com/DepSanderson/status/1620041720552652800
Armando MIranda,@DagmarRocha2,https://twitter.com/DagmarRocha2/status/1620445799888089090,2023-01-31T15:35:59.000Z,E o Lira? Vão deixar mesmo ele continuar presidente da Câmara?,0,0,0,https://twitter.com/DepSanderson/status/1620041720552652800
Lea Favato Chaves,@LeaFavato,https://twitter.com/LeaFavato/status/1620225607652245504,2023-01-31T01:01:01.000Z,#PachecoNAO,0,0,0,https://twitter.com/DepSanderson/status/1620041720552652800
Monalisa,@monalisaasila,https://twitter.com/monalisaasila/status/1620384135788302339,2023-01-31T11:30:57.000Z,https://twitter.com/tmuquici/status/1620376322991325185?s=46&t=wA6VRAph5h5-C0cSIC0xQQ…,0,0,0,https://twitter.com/DepSanderson/status/1620041720552652800
Monalisa,@monalisaasila,https://twitter.com/monalisaasila/status/1620384169325989890,2023-01-31T11:31:05.000Z,https://twitter.com/tmuquici/status/1620381572640940032?s=46&t=wA6VRAph5h5-C0cSIC0xQQ…,0,0,0,https://twitter.com/DepSanderson/status/1620041720552652800
Monalisa,@monalisaasila,https://twitter.com/monalisaasila/status/1620384222992015360,2023-01-31T11:31:18.000Z,Olha isso deputado https://twitter.com/tmuquici/status/1620381572640940032?s=46&t=wA6VRAph5h5-C0cSIC0xQQ…,0,1,2,https://twitter.com/DepSanderson/status/1620041720552652800
Geraldo caminha,@CaminhaGeraldo,https://twitter.com/CaminhaGeraldo/status/1620244241204260864,2023-01-31T02:15:04.000Z,#PachecoNAO #PachecoNuncaMais #RogerioMarinhoPresidentedoSenado,0,0,0,https://twitter.com/DepSanderson/status/1620041720552652800
Anderson,@Anderso83047239,https://twitter.com/Anderso83047239/status/1620261449640845313,2023-01-31T03:23:27.000Z,"Mas o @SenadorKajuru sabe que fazer o ""certo"" é votar em agradecimento a favores pessoais e não representando seus eleitores. Vem próxima eleição...",0,2,3,https://twitter.com/DepSanderson/status/1620041720552652800
Mita Guimarães,@mitags,https://twitter.com/mitags/status/1620389462701412352,2023-01-31T11:52:07.000Z,"Os que estão escolhendo Pacheco pensam em seus próprios interesses ,NÃO NO PAÍS OU NO POVO!",0,16,37,https://twitter.com/DepSanderson/status/1620041720552652800
BRASIL NA BEIRA DO ABISMO.,@waldigodinho24,https://twitter.com/waldigodinho24/status/1620222506945892352,2023-01-31T00:48:42.000Z,"ALEXANDRE DE MORAES TEM QUE SER PROCESSADO POR POLITICA PARTIDARIA, ESSE CIDADÃO É NOCIVO A REPÚBLICA.",0,0,1,https://twitter.com/DepSanderson/status/1620041720552652800
Emiliano,@emilianocamped1,https://twitter.com/emilianocamped1/status/1620479245024911360,2023-01-31T17:48:53.000Z,No br só existe um argumento $$$$$$$$$$,0,0,0,https://twitter.com/DepSanderson/status/1620041720552652800
Renato B. Porto,@renatobporto,https://twitter.com/renatobporto/status/1620045208435191809,2023-01-30T13:04:11.000Z,"Pq o certo é somente o que vcs acham, não é assim, vcs tem que respeitar a escolha de voto de cada um, seu candidato bolsonaro perdeu as eleições, faz parte do processo democrático, se conformem, essa oposição ao Brasil não faz bem pra ninguém.",0,0,3,https://twitter.com/DepSanderson/status/1620041720552652800
Franklin Maciel,@frank_maciel,https://twitter.com/frank_maciel/status/1620049636408033280,2023-01-30T13:21:47.000Z,Seu conceito de certo e errado é bastante limitado e interesseiro.,0,0,1,https://twitter.com/DepSanderson/status/1620041720552652800
Vânia Rosa,@vanrosas,https://twitter.com/vanrosas/status/1620240730454396930,2023-01-31T02:01:07.000Z,"Nós, população, EXIGIMOS voto aberto no Senado. 
Vi que o Sr. está defendendo voto secreto. Por quê? O que querem esconder? 
VOTO ABERTO.",1,0,2,https://twitter.com/DepSanderson/status/1620041720552652800
Lucyano Ribeiro,@ribeiro_lucyano,https://twitter.com/ribeiro_lucyano/status/1620153233489694726,2023-01-30T20:13:26.000Z,"E VERGONHOSO VER O @SenadoFederal PEQUENO DIANTE DA GRANDIOSIDADE QUE PODE SER , O @SenadoFederal A MUITO TEMPO DE AJOELHOU PARA A NÃO DEMOCRACIA , QUE TANTO FALAM",0,0,3,https://twitter.com/DepSanderson/status/1620041720552652800
Ruthleia Bicudo,@BicudoRuthleia,https://twitter.com/BicudoRuthleia/status/1620356034228547588,2023-01-31T09:39:17.000Z,#PachecoNao,0,0,0,https://twitter.com/DepSanderson/status/1620041720552652800
Paola,@paola_leocadio,https://twitter.com/paola_leocadio/status/1620201587091054598,2023-01-30T23:25:34.000Z,"obrigada, deputado @DepSanderson ! PelamordeDeus não pare de fazer campanha e aumente a pressão. Estamos com o senhor!",0,0,3,https://twitter.com/DepSanderson/status/1620041720552652800
Rosangela Bolsonaro 22,@RosangelaAndris,https://twitter.com/RosangelaAndris/status/1620564255148998656,2023-01-31T23:26:41.000Z,"É mais do que isso Deputado, como um Senador da República não fica envergonhado com o triste papel desempenhado nesses dois anos? Protagonismo ZERO.",0,0,0,https://twitter.com/DepSanderson/status/1620041720552652800
Roberto Souza,@Roberto43588631,https://twitter.com/Roberto43588631/status/1620270340881661955,2023-01-31T03:58:47.000Z,#PachecoNAO,0,0,0,https://twitter.com/DepSanderson/status/1620041720552652800
maria ivone soares guimaraes,@mariaivonesoar9,https://twitter.com/mariaivonesoar9/status/1620345539148787712,2023-01-31T08:57:35.000Z,Todos os verdadeiros brasileiros realmente sabem que o melhor paro o Brasil é Pacheco e pronto,0,0,0,https://twitter.com/DepSanderson/status/1620041720552652800
Rita Campelo,@RitadeC89113449,https://twitter.com/RitadeC89113449/status/1620370232799023104,2023-01-31T10:35:43.000Z,#PachecoNÃO,0,0,0,https://twitter.com/DepSanderson/status/1620041720552652800
Guaira Pinto,@PintoGuaira,https://twitter.com/PintoGuaira/status/1620109943004336134,2023-01-30T17:21:25.000Z,"Nós teus eleitores contamos com teu voto ao Marinho, por seres justo é que te escolhemos e acreditamos em ti",1,0,0,https://twitter.com/DepSanderson/status/1620041720552652800
viajante,@5olho,https://twitter.com/5olho/status/1620129683802308608,2023-01-30T18:39:51.000Z,O povo só vai votar nos partidos pra prefeitos  e vereadores  que votatem fora Pacheco..será a maior limpeza e paz do Brasil. Vota nao Pacheco e ganha um voto srs partidos,0,2,2,https://twitter.com/DepSanderson/status/1620041720552652800
Marilia Loche,@MariliaLoche,https://twitter.com/MariliaLoche/status/1620136555221491712,2023-01-30T19:07:10.000Z,#PachecoNão,0,1,1,https://twitter.com/DepSanderson/status/1620041720552652800
Airton Valiente,@AirtonValiente,https://twitter.com/AirtonValiente/status/1620066287870418946,2023-01-30T14:27:57.000Z,Só o fato de ser bolsonarista boa coisa não é,1,0,1,https://twitter.com/DepSanderson/status/1620041720552652800
Paulo,@Paulo56796062,https://twitter.com/Paulo56796062/status/1620387162796740612,2023-01-31T11:42:59.000Z,"Não adianta acumular tesouros da impiedade e não ter dignidade para andar de cabeça erguida na rua. Quem se associa a ladrões se cala diante das denúncias, pois é conivente com o erro e parceiro do crime.",0,1,2,https://twitter.com/DepSanderson/status/1620041720552652800
Censura nunca mais!,@Alex__Lemos,https://twitter.com/Alex__Lemos/status/1620042127077171201,2023-01-30T12:51:56.000Z,Parabéns Deputado!,0,1,2,https://twitter.com/DepSanderson/status/1620041720552652800
Francisco Dantas,@AGRIMENSODANTAS,https://twitter.com/AGRIMENSODANTAS/status/1621246685006516225,2023-02-02T20:38:25.000Z,"Só que eles, já devidamente engraxados, fizeram justamente o contrário, e agora pagarão o preço.",0,0,0,https://twitter.com/DepSanderson/status/1620041720552652800
miguel,@netofmsn,https://twitter.com/netofmsn/status/1620052459015266304,2023-01-30T13:33:00.000Z,"Mais errado é o senado aprovar a lei 10.029/00 que em ser art 6º retira direitos constitucionalmente assegurados.  O senhor colo relator da pec 2422/19 pode propor um substituto a esse art. Trabalhei ñ só eu, mais muitos e todos tivemos esse tempo trabalhado negado pela justiça.",0,0,2,https://twitter.com/DepSanderson/status/1620041720552652800
Raul Resende,@RaulResende13,https://twitter.com/RaulResende13/status/1620055636888408067,2023-01-30T13:45:37.000Z,"Vai trabalhar, vai.",0,0,3,https://twitter.com/DepSanderson/status/1620041720552652800
Lucilene Mutão,@Lucilenemutao,https://twitter.com/Lucilenemutao/status/1620376986228236290,2023-01-31T11:02:33.000Z,@Vanderlan_VC  #PachecoNÃO,0,0,1,https://twitter.com/DepSanderson/status/1620041720552652800
Edvânia,@Edvaniakoga,https://twitter.com/Edvaniakoga/status/1620048969035546624,2023-01-30T13:19:07.000Z,Tomem cuidado com o placar para não aparecer números fantasmas !👻👀👀👀,0,1,3,https://twitter.com/DepSanderson/status/1620041720552652800
Marilda Correia,@marildaapc,https://twitter.com/marildaapc/status/1620434872224616454,2023-01-31T14:52:34.000Z,A FAMÍLIA BRASILEIRA AGRADECE O POSICIONAMENTO PARA O BEM DE TODOS.,0,0,1,https://twitter.com/DepSanderson/status/1620041720552652800
LFS_22,@Luiz_FLS22,https://twitter.com/Luiz_FLS22/status/1620064981915172866,2023-01-30T14:22:45.000Z,"Na prática é Mentira e Violência, a Mentira para permitir a Violência Covarde, a Violência  Covarde para esconder a Mentira.
Só, as piores almas da humanidade agiram assim, e todas foram derrotadas.",1,1,3,https://twitter.com/DepSanderson/status/1620041720552652800
Eleise de Paula,@EleiseDe,https://twitter.com/EleiseDe/status/1620241703780372481,2023-01-31T02:04:59.000Z,Entre candidato pro democracia e candidato que apoia quem incentiva golpe... não tem bem dúvida.,0,0,2,https://twitter.com/DepSanderson/status/1620041720552652800
Damien Lockheart,@DamienLockeart,https://twitter.com/DamienLockeart/status/1620078791405228032,2023-01-30T15:17:38.000Z,Quer dizer garantir anistia do @jairbolsonaro capitaneado pelo @rogeriosmarinho no senado em prol dos próprios interesses a sociedade deveria ficar de olho em toda essa movimentação de anistia que estão querendo propor com a eleição dele a presidente do senado.,0,0,3,https://twitter.com/DepSanderson/status/1620041720552652800
Tony,@Tony2808988,https://twitter.com/Tony2808988/status/1620064415084331008,2023-01-30T14:20:30.000Z,"Essa gente não tem valores, têm preços.",0,1,3,https://twitter.com/DepSanderson/status/1620041720552652800
Marcela Silva,@massilvabrasil,https://twitter.com/massilvabrasil/status/1620045966433783809,2023-01-30T13:07:12.000Z,"Precisamos de um HOMEM de verdade liberando a casa mais alto do Brasil.
Chega de Bundões!",1,0,2,https://twitter.com/DepSanderson/status/1620041720552652800
Célia,@celiamatta,https://twitter.com/celiamatta/status/1620043533746081799,2023-01-30T12:57:32.000Z,"Is5:Ai dos q ao mal chamam bem, e ao bem mal;fazem das trevas luz, e da luz trevas;fazem do amargo doce, do doce amargo!Ai dos que são sábios a seus próprios olhosprudentes diante de si mesmos!Ai dos q são poderososDos q justificam ao ímpio por suborno aos justos negam a justiça!",1,1,4,https://twitter.com/DepSanderson/status/1620041720552652800
𝙅𝙤𝙨𝙞𝙖𝙣𝙚 ,@josianezwirtes,https://twitter.com/josianezwirtes/status/1620068005253373953,2023-01-30T14:34:46.000Z,"QUEM É CONTRA.. ESTA SENDO CONTRA AO POVO... 
𝙏𝙍𝘼𝙄𝘿𝙊𝙍𝙀𝙎 𝙉Ã𝙊 𝙋𝘼𝙎𝙎𝘼𝙍Ã𝙊",0,0,0,https://twitter.com/DepSanderson/status/1620041720552652800
Roberto Rosa,@betofrosa,https://twitter.com/betofrosa/status/1620112869995200512,2023-01-30T17:33:03.000Z,Não existe uma lógica neste caso para se estabelecer o que é certo ou errado não?,0,0,0,https://twitter.com/DepSanderson/status/1620041720552652800
Marcelo Alvaro pereira,@MarceloAlvarop2,https://twitter.com/MarceloAlvarop2/status/1620180429537173504,2023-01-30T22:01:30.000Z,Votar em Pacheco é ser coautor de um crime anunciado.,0,0,0,https://twitter.com/DepSanderson/status/1620041720552652800
Ana Patriota,@Anapatriota1977,https://twitter.com/Anapatriota1977/status/1620219313042128898,2023-01-31T00:36:01.000Z,De qualquer forma os eleitores estão atentos aqueles que cometerão erros por benesses. Novas eleições virão e o print da traição é eterno.#ForaPacheco,0,0,0,https://twitter.com/DepSanderson/status/1620041720552652800
Marta Alcantara,@AlcantaraMarta,https://twitter.com/AlcantaraMarta/status/1620172090908508161,2023-01-30T21:28:22.000Z,#MarinhoPresidentedoSenado,0,0,0,https://twitter.com/DepSanderson/status/1620041720552652800
Magda,@MagdaFavareto,https://twitter.com/MagdaFavareto/status/1620208290323116033,2023-01-30T23:52:13.000Z,👏👏👏,0,0,0,https://twitter.com/DepSanderson/status/1620041720552652800
socorro carvalho.,@Socorro05219455,https://twitter.com/Socorro05219455/status/1620179305514033152,2023-01-30T21:57:02.000Z,"Bolsonarismo e Democracia na mesma frase,não combina. Deputado vá trabalhar e deixe de falar asneiras. 👎🤮",0,0,0,https://twitter.com/DepSanderson/status/1620041720552652800
Aline Nunes da Silva,@AlineNu1612,https://twitter.com/AlineNu1612/status/1620044253270523905,2023-01-30T13:00:23.000Z,#ForaPacheco #PachecoNAO,0,0,0,https://twitter.com/DepSanderson/status/1620041720552652800
Deise Di Lascio- Conta 2,@MarissolNunes,https://twitter.com/MarissolNunes/status/1620172579247112197,2023-01-30T21:30:18.000Z,"Concordamos deputado. Por isso, torcemos pela votação aberta, assim, vemos quem é quem",0,0,0,https://twitter.com/DepSanderson/status/1620041720552652800
Edileusa Pereira De Melo,@Edileus88086253,https://twitter.com/Edileus88086253/status/1620239733157933057,2023-01-31T01:57:09.000Z,Estamos vivendo uma situação que só Deus pra ter misericórdia de nós,0,0,1,https://twitter.com/DepSanderson/status/1620041720552652800
Ofertas do Brasil,@Luciano_Cout48,https://twitter.com/Luciano_Cout48/status/1620221200806076417,2023-01-31T00:43:31.000Z,Não precisava o povo estar pedindo pelo amor de Deus pros senadores!!!,0,0,1,https://twitter.com/DepSanderson/status/1620041720552652800
Mariazinha,@luiza_rover,https://twitter.com/luiza_rover/status/1620244482607423489,2023-01-31T02:16:01.000Z,#FORAPACHECO,0,0,1,https://twitter.com/DepSanderson/status/1620041720552652800
crelia leal,@crelialeal,https://twitter.com/crelialeal/status/1620092730381860865,2023-01-30T16:13:01.000Z,"Todos que votaram pelo certo, que mostrem o voto,para podermos mostrar os traidores da pátria",0,1,4,https://twitter.com/DepSanderson/status/1620041720552652800
Luana Soares Porto Camolezi,@Luanacamolezi,https://twitter.com/Luanacamolezi/status/1620154702485942274,2023-01-30T20:19:16.000Z,#PachecoNAO,0,1,1,https://twitter.com/DepSanderson/status/1620041720552652800
Infiltrado na Era do Amor.,@DaSVega_Wil,https://twitter.com/DaSVega_Wil/status/1620042147369205760,2023-01-30T12:52:01.000Z,"Pela primeira vez, existe um chance do Senado parar de ser chantageado pela Justiça e equilibrar um pouco o jogo. Não é possível que vão deixar isso passar. E vamos lembrar das eleições anteriores que apareceram VOTOS FANTASMAS. QUE OS SENADORES FIQUEM SUPER ATENTOS.",0,1,10,https://twitter.com/DepSanderson/status/1620041720552652800
Elayne Rocha,@ElayneRoxha,https://twitter.com/ElayneRoxha/status/1620245422081191936,2023-01-31T02:19:45.000Z,Esperemos bom senso hoje para que o parlamentarismo não seja instinto amanhã !,0,0,1,https://twitter.com/DepSanderson/status/1620041720552652800
Emerson Claudio,@v2nhkd2n2n,https://twitter.com/v2nhkd2n2n/status/1620408436654755841,2023-01-31T13:07:31.000Z,"Mas deixem eles senador, daqui 4 anos boa parte vão ter q procurar emprego na vida privada!!! Vamos descobrir cada um que traiu a constituição federal brasileira 👍 #PachecoNAO 🔥🔥🔥🔥 #ForaPachrco 🤮🤮🤮🤮",0,1,1,https://twitter.com/DepSanderson/status/1620041720552652800
luis,@AsiflorLuis,https://twitter.com/AsiflorLuis/status/1620274904338960385,2023-01-31T04:16:55.000Z,Parabéns senador pela coerência e patriotismo.,0,0,1,https://twitter.com/DepSanderson/status/1620041720552652800
Mari Lima,@Maridiasml,https://twitter.com/Maridiasml/status/1620079792048713728,2023-01-30T15:21:36.000Z,"É a nossa chance de lutar contra tudo o que está por vir e defender o povo brasileiro do caos, fazendo uma oposição forte.#RogerioMarinhoPresidentedoSenado",0,0,1,https://twitter.com/DepSanderson/status/1620041720552652800
Heloiza Zanon,@HeloizaZanon,https://twitter.com/HeloizaZanon/status/1620103627154288640,2023-01-30T16:56:19.000Z,Sábias palavras Deputado!Convençam os Senadores!Esse é o momento!Pelo Brasil e pelo povo brasileiro!🇧🇷🇧🇷,0,0,1,https://twitter.com/DepSanderson/status/1620041720552652800
Sônia Prezzotto,@soniaprezzotto,https://twitter.com/soniaprezzotto/status/1620088588754112513,2023-01-30T15:56:34.000Z,#PacheccoNao pelo bem do Brasil.,0,1,1,https://twitter.com/DepSanderson/status/1620041720552652800
Edlâyne Carvalho,@CarvalhoEdlayne,https://twitter.com/CarvalhoEdlayne/status/1620100867390324737,2023-01-30T16:45:21.000Z,#PacheccoNão #PacheccoNao,0,1,1,https://twitter.com/DepSanderson/status/1620041720552652800
Luiz Pinto,@LuizPin67251456,https://twitter.com/LuizPin67251456/status/1620361974487080962,2023-01-31T10:02:54.000Z,#PachecoNÃO #ForaPacheco,0,0,1,https://twitter.com/DepSanderson/status/1620041720552652800
Lilly,@Lilly92449374,https://twitter.com/Lilly92449374/status/1620168138993336322,2023-01-30T21:12:40.000Z,🤜🤛🙌🍀,0,1,1,https://twitter.com/DepSanderson/status/1620041720552652800
Glaucia Prates,@GlauciaPrates2,https://twitter.com/GlauciaPrates2/status/1620126711777210368,2023-01-30T18:28:03.000Z,"Os senadores não podem dividir os votos com o sen Girão ,vai enfraquecer o lado opositor ao Pacheco",0,0,2,https://twitter.com/DepSanderson/status/1620041720552652800
Leonardo Motta Carvalho,@C1Motta,https://twitter.com/C1Motta/status/1620080366748078081,2023-01-30T15:23:53.000Z,Queremos Rodrigo Pacheco fora da presidência do Senado Federal.,0,9,15,https://twitter.com/DepSanderson/status/1620041720552652800
Luzia Calvo,@CalvoLuzia,https://twitter.com/CalvoLuzia/status/1620686671196090369,2023-02-01T07:33:07.000Z,"Se não votarem Marinho, Senado não existirá mais!",0,0,1,https://twitter.com/DepSanderson/status/1620041720552652800
Ana Maria Rodrigues Sperandeo,@AnaLivre72,https://twitter.com/AnaLivre72/status/1620085315347312640,2023-01-30T15:43:33.000Z,SENADO RESPONSÁVEL VOTA MARINHO !,0,1,2,https://twitter.com/DepSanderson/status/1620041720552652800
Filipe Silva,@FilipeS54485299,https://twitter.com/FilipeS54485299/status/1620105044074053632,2023-01-30T17:01:57.000Z,Excelente,0,0,0,https://twitter.com/DepSanderson/status/1620041720552652800
Giovane Marcelino,@giomarcelino10,https://twitter.com/giomarcelino10/status/1620188687148670977,2023-01-30T22:34:19.000Z,"Verdade, vamos aguardar",0,0,0,https://twitter.com/DepSanderson/status/1620041720552652800
Silvana P G,@silvanapgomes,https://twitter.com/silvanapgomes/status/1620153198098128896,2023-01-30T20:13:18.000Z,#RogerioMarinhoPresidente #RogerioMarinhoPresidente #RogerioMarinhoPresidente #RogerioMarinhoPresidente #RogerioMarinhoPresidente #RogerioMarinhoPresidente,0,0,0,https://twitter.com/DepSanderson/status/1620041720552652800
paulo moreno Moreno,@Mor1Paulo,https://twitter.com/Mor1Paulo/status/1620084001364115458,2023-01-30T15:38:20.000Z,"""Parabéns  deputado,  a sua luta pela democracia  é o desejo de todo cidadão """"",0,0,0,https://twitter.com/DepSanderson/status/1620041720552652800
Rosa Correa Ibarra,@IbarraIbar1,https://twitter.com/IbarraIbar1/status/1620245691460370433,2023-01-31T02:20:50.000Z,Concordo plenamente.,0,0,0,https://twitter.com/DepSanderson/status/1620041720552652800
Marcio Macedo,@nenimacedo,https://twitter.com/nenimacedo/status/1620441159251394562,2023-01-31T15:17:33.000Z,Agora a turma que tentou o golpe quer Falar em Estado Democrático. Estranho.,0,0,0,https://twitter.com/DepSanderson/status/1620041720552652800
Patricia,@Patrici92148197,https://twitter.com/Patrici92148197/status/1620186062139310080,2023-01-30T22:23:53.000Z,"Valeu, dep Sanderson",0,0,0,https://twitter.com/DepSanderson/status/1620041720552652800
Gisele,@nutri1_gimaria,https://twitter.com/nutri1_gimaria/status/1620305359251595267,2023-01-31T06:17:56.000Z,É revoltante ver o que está acontecendo hoje no país!!A única voz que nós sobrou são vcs congressistas!!Mas lidar com bandidos além de ser perigoso exige muita paciência!Deus proteja nosso país 🙏,0,0,0,https://twitter.com/DepSanderson/status/1620041720552652800
keko monteiro,@MonteiroKeko,https://twitter.com/MonteiroKeko/status/1620127081517694977,2023-01-30T18:29:31.000Z,#PacheccoNão,0,0,0,https://twitter.com/DepSanderson/status/1620041720552652800
Lili,@amora720275,https://twitter.com/amora720275/status/1620512505746587648,2023-01-31T20:01:03.000Z,#PachecoNÃO  #lularespondealive,0,0,0,https://twitter.com/DepSanderson/status/1620041720552652800
Edilson Danda,@edilsondanda,https://twitter.com/edilsondanda/status/1620240724381011968,2023-01-31T02:01:05.000Z,Quem são os indecisos?? Estão esperando o quê para se posicionarem publicamente?? Vamos divulgar os nomes e cobrar que se manifestem!!,0,0,0,https://twitter.com/DepSanderson/status/1620041720552652800
Henrymarafon,@henrymarafon,https://twitter.com/henrymarafon/status/1620455186719444994,2023-01-31T16:13:17.000Z,#PachecoNÃO,0,0,0,https://twitter.com/DepSanderson/status/1620041720552652800
Oto Salgues,@OtoSalgues,https://twitter.com/OtoSalgues/status/1620782716001357824,2023-02-01T13:54:46.000Z,"Mas, e a promessa de grana???",0,0,0,https://twitter.com/DepSanderson/status/1620041720552652800
Heli Arraval,@ArravalHeli,https://twitter.com/ArravalHeli/status/1620627822195937281,2023-02-01T03:39:17.000Z,O problema é $$$$$$$$$$. Oops $$$$$$$$ é solução! Kkkkkkkkk kkkkkkk kkkkkkk,0,0,0,https://twitter.com/DepSanderson/status/1620041720552652800
mario Scheidt,@marioScheidt7,https://twitter.com/marioScheidt7/status/1620242389196746753,2023-01-31T02:07:42.000Z,Fim dos políticos.....,0,0,0,https://twitter.com/DepSanderson/status/1620041720552652800
Francisca Rejane Rodrigues,@Francis13059519,https://twitter.com/Francis13059519/status/1620675632769437697,2023-02-01T06:49:16.000Z,Sim e verdade,0,0,0,https://twitter.com/DepSanderson/status/1620041720552652800
Míriam da Cunha da cunha,@MriamdaCunhada1,https://twitter.com/MriamdaCunhada1/status/1620255887112962048,2023-01-31T03:01:21.000Z,#PachecoNAO,0,0,0,https://twitter.com/DepSanderson/status/1620041720552652800
Leandro Dos Santos Rocha,@Leandro95885733,https://twitter.com/Leandro95885733/status/1620254460323991552,2023-01-31T02:55:40.000Z,Kkkkkkkk... Vc só pode ser um fanfarrão kkkkkk....,0,0,0,https://twitter.com/DepSanderson/status/1620041720552652800
Pablo,@pablo_cordeiro,https://twitter.com/pablo_cordeiro/status/1620072780057149442,2023-01-30T14:53:44.000Z,Kkkkk,0,0,1,https://twitter.com/DepSanderson/status/1620041720552652800
Maria Luiza Soares,@MariaLu02767750,https://twitter.com/MariaLu02767750/status/1620067132318044164,2023-01-30T14:31:18.000Z,👍👍🇧🇷🙏🙏🙏,0,1,0,https://twitter.com/DepSanderson/status/1620041720552652800
Cidadão do Mundo,@mundo_cidadao,https://twitter.com/mundo_cidadao/status/1620145683771850753,2023-01-30T19:43:26.000Z,Quanta besteira tu fala... hein???... É impressionante.....,0,0,2,https://twitter.com/DepSanderson/status/1620041720552652800
𝔼𝕕𝕖𝕣𝕤𝕠𝕟 𝕊𝕒𝕝𝕕𝕒𝕟𝕙𝕒,@EDERSONCUNHASJC,https://twitter.com/EDERSONCUNHASJC/status/1620623269836779520,2023-02-01T03:21:11.000Z,#PachecoNAO,0,0,1,https://twitter.com/DepSanderson/status/1620041720552652800
isabelesposito@hotmail.com,isabelesposito@hotmail.com,https://twitter.com/isabel1709031/status/1620567343842861056,2023-01-31T23:38:58.000Z,SENADORES OLHEM PELO POVO. QUEREMOS ROGERIO MARINHO PRESIDENTE SENADO,0,0,0,https://twitter.com/DepSanderson/status/1620041720552652800
Maria do Rocio Neves,@MariadoRocioNe2,https://twitter.com/MariadoRocioNe2/status/1624786014756564997,2023-02-12T15:02:27.000Z,"Mas desde quando o dinheiro olha pro certo ou errado. SENADORES OPORTUNISTA. O que falta e ter vergonha na cara. Espero que tenham feito seu pé de meia ,pq esses não se reelegem mais.",0,0,0,https://twitter.com/DepSanderson/status/1620041720552652800
doncarlospaulista,@domcarlosborba,https://twitter.com/domcarlosborba/status/1620698529361727488,2023-02-01T08:20:15.000Z,Quem apoia canalha é canalha,0,0,0,https://twitter.com/DepSanderson/status/1620041720552652800
Marcos Antonio Portugal,@tamarcosportug1,https://twitter.com/tamarcosportug1/status/1620521469553049600,2023-01-31T20:36:40.000Z,"Sim, com certeza.#RogerioMarinhoSim",0,0,1,https://twitter.com/DepSanderson/status/1620041720552652800
André Coutinho,@AndreCoutinho50,https://twitter.com/AndreCoutinho50/status/1620573721881903110,2023-02-01T00:04:18.000Z,@rogeriosmarinho está virando o jogo.@GayerGus,0,0,0,https://twitter.com/DepSanderson/status/1620041720552652800
Tarcisio cps,@CpsTarcisio,https://twitter.com/CpsTarcisio/status/1620554532727197696,2023-01-31T22:48:03.000Z,Certo pra que cara pálida?,0,0,0,https://twitter.com/DepSanderson/status/1620041720552652800
abde,@Abde12038648,https://twitter.com/Abde12038648/status/1620728656283975681,2023-02-01T10:19:57.000Z,#PachecoNAO,0,1,1,https://twitter.com/DepSanderson/status/1620041720552652800
Maria_Cecilia,@MariaCe50769423,https://twitter.com/MariaCe50769423/status/1620410772521353217,2023-01-31T13:16:48.000Z,#PachecoNAO,0,0,0,https://twitter.com/DepSanderson/status/1620041720552652800
janaina,@janainabal,https://twitter.com/janainabal/status/1620042893405855746,2023-01-30T12:54:59.000Z,"A esquerda sempre foi e é escravocrata, o ESTADO NÃO PASSA de UMA CASA Grande que o POVO E MERO escravo que o único direito do povo e obedece aos SENHORES da casa GRANDE é ficar calado ser não vai preso! Esta e o novo regime do BRASIL! SEM LIBERDADE E SEM SEGURANÇA.",0,0,0,https://twitter.com/DepSanderson/status/1620041720552652800
gilsonandre,@gilsonandre71,https://twitter.com/gilsonandre71/status/1620931532314578945,2023-02-01T23:46:07.000Z,"ISSO SÓ MOSTRA UMA REALIDADE:

OU OS DEPUTADOS E SENADORES DA DIREITA SÃO  MUITO DESORGANIZADOS, OU SE PROSTITUEM COM FACILIDADE...

FICO COM A SEGUNDA OPÇÃO...
VERGONHA...",0,0,0,https://twitter.com/DepSanderson/status/1620041720552652800
Lilika!,@LisaneGloria,https://twitter.com/LisaneGloria/status/1620126143960748032,2023-01-30T18:25:47.000Z,Povo diz #PachecoNão! Façam o CERTO! Elegemos vcs!@SorayaThroncke @JaymeSenador @margabuzetti @soudaniellapb @RomarioOnze @Sen_Oriovisto @_AlessandroSE @maragabrilli @EduardoGomesTO @profdorinha @LucasBarreto_AP @IzalciLucas @nelsinhotrad,0,1,0,https://twitter.com/DepSanderson/status/1620041720552652800
Sofia,@eng_sofiareis,https://twitter.com/eng_sofiareis/status/1620103792082710530,2023-01-30T16:56:58.000Z,"Parabéns por seu incansável esforço para representar seu povo!
#(PACHECO NÃO/LIRA NÃO/CPI DA INVASÃO SIM/CPI DA TOGA SIM/ IMPEACHMENT A MORAES SIM/ CPI DA ELEIÇÃO 2022 SIM/ URNAS AUDITÁVEIS SIM/ DEMOCRACIA SIM/ DITADURA NÃO).",0,0,0,https://twitter.com/DepSanderson/status/1620041720552652800
Becão,@robertosavlis,https://twitter.com/robertosavlis/status/1620158556950650880,2023-01-30T20:34:35.000Z,#PachecoNAO,0,0,0,https://twitter.com/DepSanderson/status/1620041720552652800
LFS_22,@Luiz_FLS22,https://twitter.com/Luiz_FLS22/status/1620065021983330307,2023-01-30T14:22:55.000Z,"Atenção Senadores:
Em quem vai declarar o voto para Presidente do Senado, e para quem vai pedir voto para Prefeito e Vereador em 2024.
Voto não declarado, é do Pachecu. 
Entendeu o recado do Povo.",0,0,0,https://twitter.com/DepSanderson/status/1620041720552652800
Dê Moraes,@moraesde4,https://twitter.com/moraesde4/status/1620106973684596739,2023-01-30T17:09:37.000Z,#PachecoNAO😭25/01/2019😭4 ANOS😭ASSASSINATO😭BRUMADINHO😭270+03CORPOSNÃO ENCONTRADOS😭MARIANA 2015😭PESSOAS MORTAS😭EM UM MAR D LAMA😭ASSASSINA VALE😡🗣️NOS TRAIU 2X🗣️NO SENADO😡VENDEU PRÓPRIA ALMA POR 23PROCESSOS😡🗣️TRAIU MINAS😭🗣️ADVOGA EM DEFESA😡ASSASSINA😡 VALE😡#PachecoNAO,0,1,1,https://twitter.com/DepSanderson/status/1620041720552652800
Drica Oraculista,@DricaOraculista,https://twitter.com/DricaOraculista/status/1620744223694942210,2023-02-01T11:21:49.000Z,#RogerioMarinhoSim #PachecoNAO #PachecoNÃO #PachecoNuncaMais,0,0,1,https://twitter.com/DepSanderson/status/1620041720552652800
Cleusa Dias Cipriani,@cleusa_cipriani,https://twitter.com/cleusa_cipriani/status/1620585738818703360,2023-02-01T00:52:03.000Z,Vamos subir: #PachecoNÃO#PachecoNAO #Pacheconão#Pacheconao#PachecoNão#PachecoNao,0,0,0,https://twitter.com/DepSanderson/status/1620041720552652800
Jogar dentro das quatro linhas da Const Fed Br 88,@LRobertoLeitao,https://twitter.com/LRobertoLeitao/status/1620693446234374144,2023-02-01T08:00:03.000Z,Eles são persistentes e nós #OPOVOBRASILEIRO somos perseverantes.#TorcidaPachecoFORAHoje é dia importante no @SenadoFederal e continuar #NaLutaPelaNossaLIBERDADE é #JogarDentroDasQuatroLinhas da #ConstituiçãoFederalBrasileira AMAMOS O NOSSO BRASIL,0,0,1,https://twitter.com/DepSanderson/status/1620041720552652800
Quis custodiet ipsos custodes?,@WNehrasius,https://twitter.com/WNehrasius/status/1620716362548281346,2023-02-01T09:31:06.000Z,#ForaPacheco #PachecoNAO #PachecoNÃO #PachecoNuncaMais #RogerioMarinhoPresidente #RogerioMarinhoSim #RogerioMarinhoPresidentedoSenado #RogerioMarinhoSim,0,0,0,https://twitter.com/DepSanderson/status/1620041720552652800
Cristina,@EstFati,https://twitter.com/EstFati/status/1620143299049799681,2023-01-30T19:33:57.000Z,Muito democrático 😂😂😂😂😂😂,0,0,1,https://twitter.com/DepSanderson/status/1620041720552652800
Vanessa Tonani,@VTonani,https://twitter.com/VTonani/status/1620249697968599040,2023-01-31T02:36:45.000Z,#LulaExplainsTheTruthCommission #LulaReplytoLive#LulaExplicaAComissaoDaVerdade#LulaRespondeaLivehttp://instagram.com/tv/CoDzedzrGT7…@FlavioBolsonaro @GayerGus @rogeriosmarinho @nikolas_dm @jairbolsonaro @CarlosBolsonaro @BolsonaroSP @DamaresAlves,0,0,0,https://twitter.com/DepSanderson/status/1620041720552652800
João Vitor F. S.,@mat_joaovitor,https://twitter.com/mat_joaovitor/status/1620136111451574272,2023-01-30T19:05:24.000Z,"Semana passada tiraramdezenas de funções gratificadas FCE 04 e 03 dos hospitais Federais, e trocaram coordenações e Divisões por categorias menores fora as que extinguiram. Isso nunca aconteceu antes, nunca foi tão cruel, sem contar os 7anos sem aumento. E o Viva o SUS? SOS #HFRJ",0,0,0,https://twitter.com/DepSanderson/status/1620041720552652800
UNIÃO BRASIL,@notditatura,https://twitter.com/notditatura/status/1620042523174649856,2023-01-30T12:53:31.000Z,https://twitter.com/ATROMBETA3/status/1616419878847528966?t=9jKfQu8rAoat_nHGNN6dvQ&s=19… BOM DIA SENADOR! TUDO JÓIA COM SENHOR? ESTÃO M4T4ND0 NORDESTINO DE CEDE LIBERARAM 4B0RT0 P3D0FILI4 SENHOR COMPACTUA COM ISSO? EXISTE VIDAS INOCENTES ATRÁS DO SEU VOTO PENSE BEM NAS CRIANÇA E FAMÍLIA INOCENTES #PachecoNuncaMais #ForaPacheco #PachecoNÃO 🙏🏻🇧🇷,0,0,0,https://twitter.com/DepSanderson/status/1620041720552652800
Daniel Ferreira,@dmferreira1984,https://twitter.com/dmferreira1984/status/1620110817017602048,2023-01-30T17:24:53.000Z,"Deputado Sanderson, concordo, o pior é ler um reportagem abaixo.",0,0,0,https://twitter.com/DepSanderson/status/1620041720552652800
Sérgio Pimentel,@pimenteldp,https://twitter.com/pimenteldp/status/1620085704058626056,2023-01-30T15:45:06.000Z,"Uma coisa é certa. Se o poder Legislativo não mudar o presidente e a sua forma de legislar, o STF vai governar de forma trágica e surpreendente.",0,0,0,https://twitter.com/DepSanderson/status/1620041720552652800
Giovanni Perrotta,@ggpperrotta,https://twitter.com/ggpperrotta/status/1620390771391332353,2023-01-31T11:57:19.000Z,"O presidente do Brasil desde a Dilma é Gilberto Kassab, este é  a desgraça do Brasil.  Controla todos, temer, xandao, Gilmar Mendes, Pacheco, Lira,  Alckmin,  etc...Kassab é o dono do PSD,  e outros partidos.
Pacheco NÃO,  a pressao tem que ser no Kassab.",0,0,0,https://twitter.com/DepSanderson/status/1620041720552652800
Carla,@Carla72051568,https://twitter.com/Carla72051568/status/1620097181339508741,2023-01-30T16:30:42.000Z,#RogerioMarinhoPresidentedoSenado #RogerioMarinhoSim #PachecoTraidor #PachecoNÃO #PachecoNuncaMais#LiraNAO #ForaLira,0,0,0,https://twitter.com/DepSanderson/status/1620041720552652800
Edinaldo Marques,@EdinaldoMarques,https://twitter.com/EdinaldoMarques/status/1620414682078269445,2023-01-31T13:32:20.000Z,"Senador que não votar em Rogério Marinho para presidência do senado deve receber a REPULSA do povo brasileiro,consciente com o momento político vivido atualmente. Iremos de forma constante,até a próxima eleição,lembrar da TRAIÇÃO de cada senador. #ForaPacheco #PachecoNAO 🇧🇷🇧🇷🇧🇷🇧🇷",0,0,0,https://twitter.com/DepSanderson/status/1620041720552652800
Renildo Campos,@RenildoCampos10,https://twitter.com/RenildoCampos10/status/1620384016385060865,2023-01-31T11:30:29.000Z,FORAPACHECO,0,0,0,https://twitter.com/DepSanderson/status/1620041720552652800
