nome,usuario,idTweet,dataPublicacao,texto,replies,retweets,likes
Alceu Moreira,@Alceu_Moreira,https://twitter.com/Alceu_Moreira/status/1640766377102376998,2023-03-28T17:22:42.000Z,Invasão é crime e ponto. Assunto de polícia. Parabéns às forças de segurança de Goiás.,2,2,8
Alceu Moreira,@Alceu_Moreira,https://twitter.com/Alceu_Moreira/status/1640741120912007172,2023-03-28T15:42:21.000Z,"Atacar o agronegócio brasileiro em plena agenda no exterior com nosso principal parceiro comercial, quando deveria estimular as nossas exportações é o cúmulo da irresponsabilidade. Este senhor não tem noção do peso das suas palavras e nem do cargo que ocupa.",1,1,9
Alceu Moreira,@Alceu_Moreira,https://twitter.com/Alceu_Moreira/status/1640470834551869440,2023-03-27T21:48:20.000Z,"Iniciamos a semana da Marcha dos Prefeitos aqui em Brasília. Época para lembrar com carinho das recordações como prefeito de Osório. Não existe responsabilidade mais digna do que representar sua comunidade. E por esse motivo, meu gabinete está sempre à disposição dos gaúchos.",1,2,12
Alceu Moreira,@Alceu_Moreira,https://twitter.com/Alceu_Moreira/status/1640010888596926464,2023-03-26T15:20:40.000Z,"Mais um soldado que tomba cumprindo o dever de nos proteger da bandidagem. Obrigado, sd. Roniclei Cipolato pela coragem e bravura. E um sentimento profundo de pesar para a sua família e os colegas brigadianos.",1,1,14
Alceu Moreira,@Alceu_Moreira,https://twitter.com/Alceu_Moreira/status/1638990772128174100,2023-03-23T19:47:05.000Z,"O biodiesel não se trata apenas de combustão. É uma política pública que nasce no campo e termina na prateleira do supermercado. É suíno, frango, bovino; movimenta diversas cadeias produtivas. Uma solução altamente qualificada, de grande produtividade e com foco no futuro!",0,2,5
Alceu Moreira,@Alceu_Moreira,https://twitter.com/Alceu_Moreira/status/1638990501750910977,2023-03-23T19:46:01.000Z,"Estamos propondo um Plano Decenal, que será construído com os maiores especialistas sobre o tema. Uma proposta que garanta previsibilidade e segurança aos empreendedores, além de investimentos em pesquisa junto aos institutos e universidades.",0,3,5
Alceu Moreira,@Alceu_Moreira,https://twitter.com/Alceu_Moreira/status/1638990419294863362,2023-03-23T19:45:41.000Z,"O biodiesel requer ambiente de negócios para gerar investimentos no Brasil, e nós da @Fpbiodiesel  firmamos esse compromisso em defesa do emprego, do campo e do desenvolvimento sustentável.",0,4,6
Alceu Moreira,@Alceu_Moreira,https://twitter.com/Alceu_Moreira/status/1638564334405050369,2023-03-22T15:32:35.000Z,A autonomia do Banco Central é inegociável. A economia não permite modelos Jaboticabas. A solução está em melhorar o sistema de produção e consumo e gastar menos do que se arrecada.,0,0,7
Alceu Moreira,@Alceu_Moreira,https://twitter.com/Alceu_Moreira/status/1636040079348047873,2023-03-15T16:22:05.000Z,"As diferenças políticas nunca interferiram em nossa relação de respeito e amizade. Lamento muito a partida do ex-prefeito Eduardo Abrahão. Meus sentimentos à família, amigos e comunidade osoriense.",0,0,4
Alceu Moreira,@Alceu_Moreira,https://twitter.com/Alceu_Moreira/status/1635473823469539329,2023-03-14T02:51:59.000Z,"O MDB perde um grande líder. Seja como ministro, deputado ou à frente da FUG, Padilha sempre se destacou por onde passou. Meus sinceros sentimentos à família.",1,3,13
Alceu Moreira,@Alceu_Moreira,https://twitter.com/Alceu_Moreira/status/1632913056412868608,2023-03-07T01:16:25.000Z,Fiz contato com a Defesa Civil do Estado para assegurar que todo suporte possível seja oferecido às famílias prejudicadas pelas chuvas no litoral e nas regiões Serrana e Nordeste. Estarei atento e à disposição para auxiliar a todos junto às instituições responsáveis.,1,1,9
