nome,usuario,idTweet,dataPublicacao,texto,replies,retweets,likes
André Fernandes,@andrefernm,https://twitter.com/andrefernm/status/1641188527680503810,2023-03-29T21:20:11.000Z,"Aprovamos hoje na CFFC o meu requerimento para coletar oficialmente o depoimento do Sr. Felipe Neto, influenciador digital que hoje ocupa cadeira em grupo de trabalho do governo Lula para “combater o ódio”. Ele ofende, xinga e dissemina ódio nas redes sociais com frequência.",2.181,3.838,"24,2 mil"
André Fernandes,@andrefernm,https://twitter.com/andrefernm/status/1641109329674731524,2023-03-29T16:05:29.000Z,"No dia 07 de janeiro, um dia antes dos ataques de vandalismo em Brasília, o Dino postou que sabia que “atos contra a democracia” aconteceriam e que estaria autorizando a atuação da Força Nacional em face das ameaças.

Dino mentiu ontem na CCJ. Ele sabia de tudo! CPMI urgente!",459,1.435,5.742
André Fernandes,@andrefernm,https://twitter.com/andrefernm/status/1641031423338397699,2023-03-29T10:55:54.000Z,"Deputada do PSOL, Sâmia Bomfim, não só gostou muito dos ataques homofóbicos de Janones como APOIOU!

Essa bancada que está rindo como se não houvesse amanhã é a mesma que processa qualquer outro parlamentar por muito menos! Sâmia Bomfim também deve responder no Cons. de Ética!",2.277,5.468,"17,4 mil"
André Fernandes,@andrefernm,https://twitter.com/andrefernm/status/1640911202808221696,2023-03-29T02:58:12.000Z,"Deputado Janones não fez apenas um ataque homofóbico contra Nikolas Ferreira, mas vários! Ficou atacando várias vezes até ser notado.

Tem que ser cassado! A esquerda não vai reclamar do ataque homofóbico?",1.418,4.245,"14,5 mil"
André Fernandes,@andrefernm,https://twitter.com/andrefernm/status/1640869308032057346,2023-03-29T00:11:43.000Z,"Fala homofóbica contra o deputado Nikolas Ferreira foi proferida por André Janones e todos que estavam presentes na comissão são testemunhas.

Estou entrando em contato com o pres. do Partido Liberal, Valdemar, para ingressarmos com uma ação contra Janones no conselho de ética!",1.695,2.570,"14,7 mil"
André Fernandes,@andrefernm,https://twitter.com/andrefernm/status/1640868369665499138,2023-03-29T00:07:59.000Z,"A “resposta” do Flavio Dino.

Com comunista não tem diálogo! Fugiu de todas as perguntas e debochou do parlamento. Nas próximas serão convocações! Dia 11 tem mais.",739,1.960,8.573
André Fernandes,@andrefernm,https://twitter.com/andrefernm/status/1640848714339155969,2023-03-28T22:49:53.000Z,"Ministro mentiroso merece ouvir na cara que é mentiroso e ponto final!

Flavio Dino hoje aproveitou que a CCJ é presidida por um petista, mas nos veremos na comissão de segurança pública! Não respondeu nenhum questionamento e fugiu do debate sério.",1.220,2.579,"11,5 mil"
André Fernandes,@andrefernm,https://twitter.com/andrefernm/status/1640822119280918528,2023-03-28T21:04:12.000Z,"- PCC & PT
- 8 DE JANEIRO
- AMEAÇA AOS PARLAMENTARES 

Meus questionamentos foram sobre esses três temas, mas Flavio Dino preferiu fugir do assunto e falar que não responde a todos os 277 processos no jusbrasil, pois em alguns ele não é o réu.",2.333,3.109,"11,4 mil"
André Fernandes,@andrefernm,https://twitter.com/andrefernm/status/1640769915542970387,2023-03-28T17:36:46.000Z,"Flavio Dino está muito nervoso aqui na CCJ da Câmara dos Deputados. Chegou fingindo sorriso, mas com uma respiração e olhar de alguém espantado.",2.541,1.888,"15,5 mil"
André Fernandes,@andrefernm,https://twitter.com/andrefernm/status/1640407119206727690,2023-03-27T17:35:09.000Z,"A redução da maioridade penal é assunto que precisa voltar a ser debatido. Um assassino não deixa de ser criminoso por ter 13, 14, 15 anos de idade!",244,1.126,6.401
André Fernandes,@andrefernm,https://twitter.com/andrefernm/status/1640388400485216257,2023-03-27T16:20:46.000Z,Amanhã Flavio Dino estará na CCJ da Câmara dos Deputados. Qual questionamento não pode faltar? Escreva aqui.  👇🏻,2.141,1.335,9.820
André Fernandes,@andrefernm,https://twitter.com/andrefernm/status/1640387376420618240,2023-03-27T16:16:42.000Z,"Arthur Lira está pressionando o Pacheco para que a sessão do Congresso Nacional aconteça quanto antes. Agora com a viagem à China cancelada, fica viável e muito melhor para todos que essa sessão conjunta aconteça logo.",149,1.894,"10,2 mil"
André Fernandes,@andrefernm,https://twitter.com/andrefernm/status/1640366375699984385,2023-03-27T14:53:15.000Z,"O deputado federal Olival Marques (MDB/PA) retirou a assinatura do requerimento da CPMI do 8 de janeiro.

Temos hoje 192 deputados e 37 senadores apoiando a CPMI.

A sessão do Congresso Nacional precisa acontecer quanto antes! 

Lista completa 👇🏻https://drive.google.com/file/d/1aocYug3YQ3P65Y8anLou0g-2CQd4wxp0/view?usp=drivesdk…",424,2.092,6.902
André Fernandes,@andrefernm,https://twitter.com/andrefernm/status/1639796147911897088,2023-03-26T01:07:22.000Z,"Se não haverá mais a viagem à China, a sessão do congresso nacional deveria ser antecipada! O povo clama pela CPMI do 8 de janeiro.",499,2.696,15 mil
André Fernandes,@andrefernm,https://twitter.com/andrefernm/status/1639784191368867843,2023-03-26T00:19:51.000Z,Oficialmente fui indicado para vice-liderança da oposição na Câmara dos Deputados. Em frente!,240,704,7.716
André Fernandes,@andrefernm,https://twitter.com/andrefernm/status/1639366862000607236,2023-03-24T20:41:32.000Z,"Em 2020 tive meu mandado suspenso por pedir ao MP uma investigação sigilosa sobre um suposto envolvimento de um deputado com o PCC.

Agora aparece uma lista de pagamento do PCC escrito: “viagem a Fortaleza reunião com o deputado”.

Ainda posso pedir investigação ou serei punido?",447,4.542,"17,1 mil"
André Fernandes,@andrefernm,https://twitter.com/andrefernm/status/1639360979677986817,2023-03-24T20:18:10.000Z,"O site que me chamou de terrorista, The Intercept Brasil, apareceu na lista de pagamentos do PCC.",363,2.971,"16,1 mil"
André Fernandes,@andrefernm,https://twitter.com/andrefernm/status/1638622173060546561,2023-03-22T19:22:24.000Z,"Acabamos de conversar com o Presidente do Congresso Nacional, Rodrigo Pacheco, para tratar sobre a CPMI do 8 de janeiro.
Ficou acordado que a sessão conjunta acontecerá entre os dias 11 e 14 de abril. Consequentemente o requerimento será lido.

Com: @nikolas_dm e @filipebarrost",2.055,2.773,"14,3 mil"
André Fernandes,@andrefernm,https://twitter.com/andrefernm/status/1638605349123923970,2023-03-22T18:15:33.000Z,É o tal do diálogo cabuloso…,68,209,2.499
André Fernandes,@andrefernm,https://twitter.com/andrefernm/status/1638555828427825153,2023-03-22T14:58:47.000Z,"Acabamos de aprovar vários requerimentos na Comissão de Fiscalização Financeira e Controle da Câmara dos Deputados e 4 ministros do Lula, incluindo o Dino, estarão em abril na comissão para prestar esclarecimentos e responder nossos questionamentos. ✅",190,1.171,6.055
André Fernandes,@andrefernm,https://twitter.com/andrefernm/status/1638310309130645504,2023-03-21T22:43:10.000Z,Eu vou pro STF? Pra quê serve essa tribuna?,1.013,4.690,"21,6 mil"
André Fernandes,@andrefernm,https://twitter.com/andrefernm/status/1638245167814569985,2023-03-21T18:24:19.000Z,Nesse momento estamos deliberando sobre a convocação do Flavio Dino na comissão de segurança pública da Câmara dos Deputados.,169,742,5.402
André Fernandes,@andrefernm,https://twitter.com/andrefernm/status/1638210660122099713,2023-03-21T16:07:12.000Z,"A manchete: ""Moraes envia pra PGR pedido para suspender redes sociais de Nikolas após discurso transfóbico""

Realidade: Deputada do Psol fez o pedido de suspender as redes do Nikolas de forma errada! Deveria ter feito na PGR. Não cabendo ao ministro, encaminhou para a PGR.",123,1.117,6.546
André Fernandes,@andrefernm,https://twitter.com/andrefernm/status/1638209539827793925,2023-03-21T16:02:45.000Z,"O Lula colocou sob sigilo as visitas que recebe no Palácio do Planalto.

E tinha petista achando que o descondenado era contra sigilos... Meu Deeeeeeuls! 🤣",107,1.112,5.682
André Fernandes,@andrefernm,https://twitter.com/andrefernm/status/1638207490247606274,2023-03-21T15:54:36.000Z,"Não é inocência, é mau-caratismo! 

Nosso requerimento da CPMI do 8 de janeiro tem o apoio de 37 Senadores da República, 10 a mais que o necessário. São parlamentares que estão em busca da verdade e da transparência.

Essa ""direita limpinha"" é mais suja que fezes!",186,663,3.560
André Fernandes,@andrefernm,https://twitter.com/andrefernm/status/1638008835720851463,2023-03-21T02:45:13.000Z,"A esquerda nunca se revoltou com pessoas jogando bola com réplicas da cabeça de Jair Bolsonaro e hoje se sentem ofendidos por qualquer coisa que alguém da direita faça. Esses não tem moral alguma para acusar os demais por discurso de ódio.

Conte com meu apoio, @apropriajulia! 🤝🏼",182,965,5.145
André Fernandes,@andrefernm,https://twitter.com/andrefernm/status/1637849614001881089,2023-03-20T16:12:32.000Z,"A cpi no Senado não vai acontecer por falta de assinaturas. Foquemos agora 100% na cpMi do 8 de janeiro. Essa sim tem legitimidade pois envolve as duas casas do Congresso Nacional (Câmara e Senado). E mesmo com a investida do governo contra a cpMi, temos assinaturas suficientes!",377,2.685,"12,6 mil"
André Fernandes,@andrefernm,https://twitter.com/andrefernm/status/1637647157158109187,2023-03-20T02:48:02.000Z,Arrependa-se dos seus pecados e volte para Deus. Ele te ama!,105,285,3.876
André Fernandes,@andrefernm,https://twitter.com/andrefernm/status/1637642478416166912,2023-03-20T02:29:27.000Z,"Regimentalmente deve haver uma sessão do Congresso Nacional toda terceira terça-feira do mês para deliberar sobre vetos. Já estamos indo para a conclusão do segundo mês e Pacheco ainda não convocou a sessão conjunta, pois nela a CPMI será instaurada.

A pauta JÁ ESTÁ travada!",427,2.207,8.483
André Fernandes,@andrefernm,https://twitter.com/andrefernm/status/1637555499569754113,2023-03-19T20:43:50.000Z,"O governo e parte da imprensa estão dizendo que a ‘CPMI do 8 de janeiro’ vai atrasar o Brasil e que ela só interessa aos parlamentares da oposição.

Vamos mostrar que essa CPMI é de interesse popular e que o povo quer a verdade!

Assine e compartilhe: http://change.org/cpmido8dejaneiro…",534,3.803,"12,1 mil"
André Fernandes,@andrefernm,https://twitter.com/andrefernm/status/1637484282200375297,2023-03-19T16:00:50.000Z,"Está rolando muito conteúdo sobre coisas que aconteceram no 8 de janeiro. Na nossa CPMI precisaremos de um grande banco de dados com o máximo de informações possível. Envie TUDO que você tiver sobre esse dia (vídeo, foto, testemunha) para o email cpmido8dejaneiro@gmail.com 🤝🏼👍🏻",344,3.535,"11,8 mil"
André Fernandes,@andrefernm,https://twitter.com/andrefernm/status/1637219739536596994,2023-03-18T22:29:38.000Z,"O Senador Rodrigo Cunha, de Alagoas, também assinou o nosso requerimento de CPMI do 8 de janeiro e alcançamos o número de 37 senadores, quase metade da casa. 

Já são 230 congressistas apoiando a CPMI! A sessão conjunta PRECISA acontecer essa semana, @rodrigopacheco! URGENTE!",362,2.933,"10,8 mil"
André Fernandes,@andrefernm,https://twitter.com/andrefernm/status/1637217554706907137,2023-03-18T22:20:57.000Z,"Governo prefere investigação profunda sobre o MST e seus financiadores do que a CPMI do 8 de janeiro? Governo entregaria a cabeça do MST (forte aliado) em uma bandeja para evitar a verdade sobre os atos de ação e omissão do 8 de janeiro?

Que medo é esse?",236,1.539,4.598
André Fernandes,@andrefernm,https://twitter.com/andrefernm/status/1637147384873451520,2023-03-18T17:42:07.000Z,"Lula levará Joesley e Wesley Batista na sua viagem para a China. Esses são aqueles irmãos que foram presos por corrupção e delataram contra Lula e seu governo, detalhe por detalhe.

Não se assuste se na próxima viagem Lula levar Marcola e Fernandinho Beira-Mar.",401,2.686,"11,6 mil"
André Fernandes,@andrefernm,https://twitter.com/andrefernm/status/1636751184374517760,2023-03-17T15:27:46.000Z,"Nosso pedido foi atendido pelo presidente da Câmara, Arthur Lira, e foi criada a comissão externa para acompanhar e fiscalizar in loco a atual situação da transposição do Rio São Francisco. Estarei me reunindo com os colegas da comissão para definirmos o cronograma. Pra cima!",578,3.569,"13,4 mil"
André Fernandes,@andrefernm,https://twitter.com/andrefernm/status/1636732595957268480,2023-03-17T14:13:54.000Z,É só o começo… ❤️,130,1.100,4.413
André Fernandes,@andrefernm,https://twitter.com/andrefernm/status/1636572903092150273,2023-03-17T03:39:20.000Z,"Pra facilitar, estou deixando aqui uma tabela separada por ESTADO com os nomes dos deputados que assinaram e que NÃO assinaram a CPMI do 8 de janeiro. Está bem fácil e didático: do lado esquerdo não assinou, do lado direito assinou.

VAMOS COBRAR!!! https://drive.google.com/file/d/1bXWejw95Fk3fTdP2ni5Qz7asvu-JiPSd/view?usp=drivesdk…",250,1.968,5.938
André Fernandes,@andrefernm,https://twitter.com/andrefernm/status/1636467487595175961,2023-03-16T20:40:27.000Z,"Lista atualizada da CPMI do 8 de janeiro.

Veja se o nome do seu deputado/senador consta nessa lista. Cobre-o, pois as vezes somente a pressão popular é capaz de gerar resultado!👇🏻https://drive.google.com/file/d/1e4wud6pWp13sFIKwsYN2qLNKpj7uZ72e/view?usp=sharing…",106,731,2.421
André Fernandes,@andrefernm,https://twitter.com/andrefernm/status/1636433526978428949,2023-03-16T18:25:30.000Z,"Entrei com um requerimento de informação ao Ministério da Justiça pedindo os detalhes, motivos e todas as informações acerca da visita do Ministro Flávio Dino a um dos lugares mais perigosos do país sem escolta. O povo quer saber!",313,1.557,5.960
André Fernandes,@andrefernm,https://twitter.com/andrefernm/status/1636420404909621261,2023-03-16T17:33:22.000Z,Recitei meu poema “o amor venceu”… ❤️,821,4.019,16 mil
André Fernandes,@andrefernm,https://twitter.com/andrefernm/status/1636178961074909185,2023-03-16T01:33:57.000Z,"O presidente do Congresso Nacional, @rodrigopacheco, ao optar por não convocar uma Sessão do Congresso (Câmara e Senado) não está apenas postergando a instauração da CPMI, mas também está atrasando toda a pauta do Congresso. Vale atrasar TUDO pra não ter a CPMI? Cadê a sessão?",536,3.694,"12,8 mil"
André Fernandes,@andrefernm,https://twitter.com/andrefernm/status/1636176260840796162,2023-03-16T01:23:13.000Z,"Hoje também recebemos o reforço no Senado da assinatura do senador Alessandro Vieira, de Sergipe.

Sobe para 36 o número de senadores que assinaram a CPMI do 8 de janeiro.

Ei @rodrigopacheco, o que estás esperando para convocar a primeira sessão conjunta? A pauta está travada!",244,1.541,6.268
André Fernandes,@andrefernm,https://twitter.com/andrefernm/status/1636173936823095298,2023-03-16T01:13:59.000Z,"Atualização CPMI:

+3 deputados retiraram a assinatura:
Josimar Maranhãozinho (PL/MA)
Detinha (PL/MA)
Max Lemos (Pros/RJ)

Conseguimos +2 novas assinaturas:
Alex Manente (Cidadania/SP)
Delegado da Cunha (PP/SP)

No total até agora houveram 8 retiradas e 12 adicionadas. Temos 193.",759,2.646,"10,8 mil"
André Fernandes,@andrefernm,https://twitter.com/andrefernm/status/1636142756232929280,2023-03-15T23:10:05.000Z,"Juntamente com os deputados @nikolas_dm e @filipebarrost, entramos com uma representação criminal na PGR contra Lula e Padilha por possíveis crimes de responsabilidade e de atos de improbidade administrativa ao tentar comprar deputados para retirar assinaturas da CPMI do 08/01.",294,1.659,"11,2 mil"
André Fernandes,@andrefernm,https://twitter.com/andrefernm/status/1636019120423555074,2023-03-15T14:58:48.000Z,"Atualização da CPMI: 

+ 1 deputado retirou a assinatura:
Junior Lourenço (PL/MA)

Conseguimos +3 assinaturas:
Paulo Freire (PL/SP)
Olival Marques (MDB/PA)
Pastor Gil (PL/MA) - havia retirado, mas pensando no Brasil assinou novamente 

Sobe para 194 as assinaturas na Câmara.",829,3.016,"13,2 mil"
André Fernandes,@andrefernm,https://twitter.com/andrefernm/status/1635705508198744072,2023-03-14T18:12:37.000Z,Compartilhando aqui a lista atualizada da CPMI do 8 de janeiro:https://drive.google.com/file/d/1EeugJM03VQ7D9wqap-FFzwQjS6hB74xT/view?usp=sharing…192 deputados e 35 senadores.,130,801,2.455
André Fernandes,@andrefernm,https://twitter.com/andrefernm/status/1635686603002720257,2023-03-14T16:57:30.000Z,"Acabamos de conseguir +1 assinatura pra CPMI do 8 de janeiro, trata-se do dep. Alexandre Leite (UNIÃO/SP).

Em tempo: Celso Russomano NÃO retirou a assinatura e o dep. Da Cunha NUNCA assinou.

Então atualizando: somos 192 deputados e 35 senadores. O número só cresce!",612,3.213,"12,3 mil"
André Fernandes,@andrefernm,https://twitter.com/andrefernm/status/1635682432220364802,2023-03-14T16:40:56.000Z,"Alessando Vieira e Kajuru entraram com um mandado de segurança no STF para instalar a CPI da Covid. Barroso atendeu ao pedido.

Senadora Soraya fez o mesmo e pediu a abertura da CPI do 8 de janeiro. Gilmar atendeu.

Entraremos com o mesmo mandado no STF para ser pautada a CPMI.",273,1.355,6.044
André Fernandes,@andrefernm,https://twitter.com/andrefernm/status/1635671231314763777,2023-03-14T15:56:25.000Z,"Não está sendo fácil essa queda de braço com o Governo Federal. Deputados estão receosos de assinarem a CPMI do 8 de janeiro e serem prejudicados.

As vezes falo pouco aqui pois estou trabalhando os bastidores. Se a CPMI não fosse acontecer, o governo não estaria tão desesperado.",262,870,4.403
André Fernandes,@andrefernm,https://twitter.com/andrefernm/status/1635669812213952520,2023-03-14T15:50:47.000Z,"Até agora 4 deputados retiraram suas assinaturas da CPMI do 8 de janeiro:
José Nelto (PP/GO)
Chiquinho Brazão (UNIÃO/RJ)
Pastor Gil (PL/MA)
Celio Silveira (MDB/GO)

Conseguimos novas 6 assinaturas:
Milton Vieira (Republicanos/SP)
Luiz Nishimori (PSD/PR)
Junior Lourenço (PR/MA)…",1.842,6.004,"27,9 mil"
André Fernandes,@andrefernm,https://twitter.com/andrefernm/status/1635652382817243138,2023-03-14T14:41:31.000Z,"A CPI que o Pacheco falou ao STF que não abriria foi a CPI proposta pela senadora Soraya, pois as assinaturas são da legislatura passada e precisam ser revalidadas.

A CPMI segue firme e Pacheco precisa convocar uma sessão conjunta do Congresso. Após isso, instalação automática!",249,1.365,5.681
André Fernandes,@andrefernm,https://twitter.com/andrefernm/status/1635648034808688643,2023-03-14T14:24:15.000Z,Quem não assinou o requerimento da CPMI do 8 de janeiro é o quê?,1.086,644,4.101
André Fernandes,@andrefernm,https://twitter.com/andrefernm/status/1635456211389763585,2023-03-14T01:42:00.000Z,"“Esse é o famoso tomalá dacá!” 

Excelente matéria do Jornal da Record.",240,3.045,9.436
André Fernandes,@andrefernm,https://twitter.com/andrefernm/status/1635368963965358081,2023-03-13T19:55:19.000Z,"• Ortega prende freiras, padres e bispos.
• Ortega proíbe festividades católicas.
• Ortega fecha embaixada do Vaticano em Nicarágua.

- Mais de 50 países na ONU assinaram uma declaração condenando os crimes de Ortega, mas o Brasil não assinou.",63,462,1.559
André Fernandes,@andrefernm,https://twitter.com/andrefernm/status/1635319969444675584,2023-03-13T16:40:38.000Z,"Governo Lula está criando muita cortina de fumaça e infelizmente parte da direita ainda não entendeu que entrar na defensiva é tudo que eles mais querem.

Lembrem-se:
Ministra da milícia, CAGED um fracasso, 8 de janeiro, mais impostos, farra em avião da FAB… Muito mais!",105,723,3.483
André Fernandes,@andrefernm,https://twitter.com/andrefernm/status/1635317321899339778,2023-03-13T16:30:06.000Z,"Essa será uma semana de muito trabalho. Apesar de todo o esforço do governo, não estão conseguindo esvaziar a CPMI do 8 de janeiro, que vai acontecer.

Os parlamentares pressionarão Pacheco para convocar uma sessão conjunta onde será lido o requerimento e instalada a CPMI.",286,921,4.802
André Fernandes,@andrefernm,https://twitter.com/andrefernm/status/1634647687688585216,2023-03-11T20:09:13.000Z,A verdade sendo dita de uma maneira totalmente espontânea! 😂👏🏻,261,2.633,"11,3 mil"
André Fernandes,@andrefernm,https://twitter.com/andrefernm/status/1633909414783582208,2023-03-09T19:15:35.000Z,"Não é transfobia, é defesa das mulheres!
Parabéns, @nikolas_dm.",1.046,4.329,"23,8 mil"
André Fernandes,@andrefernm,https://twitter.com/andrefernm/status/1633826784025382914,2023-03-09T13:47:15.000Z,"Da próxima o Nikolas coloca dinheiro na cueca, vai escandalizar menos…",492,2.231,"25,5 mil"
André Fernandes,@andrefernm,https://twitter.com/andrefernm/status/1633636472833163269,2023-03-09T01:11:01.000Z,Até o GloboNews está trazendo à tona a verdade que a esquerda está dizendo que é mentira. Governo está sim COMPRANDO os deputados para não assinarem a CPMI do 8 de janeiro.,329,3.076,9.057
André Fernandes,@andrefernm,https://twitter.com/andrefernm/status/1633608846252834819,2023-03-08T23:21:14.000Z,Concordo com TUDO que o Lula falou! Mas infelizmente a esquerda não gostou de ouvir o seu chefe…,477,3.515,"14,7 mil"
André Fernandes,@andrefernm,https://twitter.com/andrefernm/status/1633502660019081216,2023-03-08T16:19:17.000Z,"LULA - ""SE O GOVERNO ESTÁ CONTRA A INSTALAÇÃO DA CPI, É PORQUE TEM O RABO PRESO!""",142,1.348,5.282
André Fernandes,@andrefernm,https://twitter.com/andrefernm/status/1633475677222567936,2023-03-08T14:32:04.000Z,"Ontem vários deputados novatos foram até o Palácio do Planalto participar de uma reunião com Padilha, mas não foram para fazer acordo com o governo e sim para contestar e comprovar que realmente o governo está coagindo os Deputados Federais a retirarem suas assinaturas da CPMI.",188,1.210,6.071
André Fernandes,@andrefernm,https://twitter.com/andrefernm/status/1633474881361784835,2023-03-08T14:28:54.000Z,"Estivemos hoje reunidos com o Presidente da Câmara, Arthur Lira, para tratar sobre armas. Levamos as demandas dos CAC’s e de todo o setor de lojas e clubes. Uma forte bancada se levanta a favor do cidadão de bem.
Não é sobre armas, é sobre liberdade!",112,520,3.007
André Fernandes,@andrefernm,https://twitter.com/andrefernm/status/1633200125643313153,2023-03-07T20:17:08.000Z,Por que tanto medo da CPMI do 8 de janeiro? Essa pergunta os deputados do PT não querem responder!,1.614,5.473,"25,6 mil"
André Fernandes,@andrefernm,https://twitter.com/andrefernm/status/1633182215017201664,2023-03-07T19:05:57.000Z,Projeto retirado de pauta!,85,266,2.187
André Fernandes,@andrefernm,https://twitter.com/andrefernm/status/1633100808878190595,2023-03-07T13:42:29.000Z,"Estamos trabalhando para retirar da pauta de hoje o PL 7559/14, que visa, camufladamente, construir um programa de financiamento ao aborto no Brasil. A esquerda está querendo avançar com suas pautas, mas nós não permitiremos!",95,520,2.623
André Fernandes,@andrefernm,https://twitter.com/andrefernm/status/1632895127088685059,2023-03-07T00:05:10.000Z,"Governo Federal oferecendo 13 milhões de emenda pra cada deputado federal que retirar a assinatura da CPMI do 8 de janeiro.

Que desespero é esse?",544,2.863,"10,5 mil"
André Fernandes,@andrefernm,https://twitter.com/andrefernm/status/1632425834903486468,2023-03-05T17:00:22.000Z,"Recebo com enorme felicidade a informação de que ‘Pedrinho Matador’, considerado o maior assassino em série do Brasil, foi assassinado hoje. De acordo com investigações ele tinha matado pelo menos 71 pessoas. Mas agora não matará mais ninguém! Já deve estar no colo do capeta. 👏🏻",222,396,5.042
André Fernandes,@andrefernm,https://twitter.com/andrefernm/status/1632421186918285313,2023-03-05T16:41:54.000Z,"Agora que a imprensa está afirmando que o vírus chinês foi produzido em laboratório da china e que o uso de máscaras durante a pandemia foi inútil, processarei cada veículo da imprensa que me acusou de negacionista por falar as mesmas coisas há três anos. Danos serão reparados!",1.126,4.393,"25,5 mil"
André Fernandes,@andrefernm,https://twitter.com/andrefernm/status/1632420049901297664,2023-03-05T16:37:23.000Z,"Você que votou no Lula, está satisfeito com o governo dele?",645,251,734
André Fernandes,@andrefernm,https://twitter.com/andrefernm/status/1631348215827116032,2023-03-02T17:38:18.000Z,Um governo de recordes.,127,1.198,6.525
André Fernandes,@andrefernm,https://twitter.com/andrefernm/status/1631065241088917506,2023-03-01T22:53:51.000Z,"O pedido de CPMI foi protocolado e está na mesa do Congresso Nacional. Na primeira sessão conjunta (câmara e senado) será lido o requerimento e a CPMI instaurada.

Até o dia anterior da sessão os parlamentares poderão assinar ou retirar assinatura.
Não descansaremos até lá!",176,720,4.701
André Fernandes,@andrefernm,https://twitter.com/andrefernm/status/1631020963016986627,2023-03-01T19:57:55.000Z,"O líder do PT na Câmara afirmou que o Governo está agindo para que os deputados que assinaram a CPMI do 8 de janeiro retirem as assinaturas.

Dois deputados federais retiraram suas assinaturas:

Célio Silveira (MDB/GO)
Chiquinho Brazão (UNIÃO/RJ)",959,3.130,9.888
André Fernandes,@andrefernm,https://twitter.com/andrefernm/status/1631007834522505219,2023-03-01T19:05:45.000Z,"O governo está agindo para retirar assinaturas da CPMI do 8 de janeiro. O líder do PT na Câmara disse que o governo vai conseguir “desarticular” a CPMI.

Anunciarei o nome de todos que por acaso venham a retirar suas assinaturas.",394,2.297,"11,8 mil"
