nome,usuario,idTweet,dataPublicacao,texto,replies,retweets,likes
Célio Studart,@CelioStudart,https://twitter.com/CelioStudart/status/1641545520568041473,2023-03-30T20:58:45.000Z,VITÓRIA! Com recursos enviados pelo nosso mandato!,0,1,17
Célio Studart,@CelioStudart,https://twitter.com/CelioStudart/status/1641209879611289603,2023-03-29T22:45:02.000Z,"Após nosso ofício ao IBAMA e toda a pressão popular, de ativistas e ambientalistas, a ministra Marina Silva pediu ao Ministério da Justiça   apuração para identificar e responsabilizar os caçadores que mataram duas onças-pintadas e exibiram suas cabeças para filhote sob tortura!",0,0,5
Célio Studart,@CelioStudart,https://twitter.com/CelioStudart/status/1641072302992375808,2023-03-29T13:38:21.000Z,Assine o abaixo-assinado que pede ao Congresso a aprovação do fim  da exportação de animais vivos. Um dos projetos de lei é de minha autoria!,0,0,8
Célio Studart,@CelioStudart,https://twitter.com/CelioStudart/status/1640084552201773059,2023-03-26T20:13:23.000Z,"Na última quarta-feira lançamos a Frente Parlamentar em Defesa dos Animais, da qual sou presidente. Confira como foi!",0,0,3
Célio Studart,@CelioStudart,https://twitter.com/CelioStudart/status/1639335494759612434,2023-03-24T18:36:53.000Z,"Após uma semana de muito trabalho em Brasília, com destaque para o lançamento da frente parlamentar em defesa dos animais, segui para Aracaju, onde participo agora de reunião da bancada federal do PSD.",0,0,7
Célio Studart,@CelioStudart,https://twitter.com/CelioStudart/status/1638548750141366272,2023-03-22T14:30:39.000Z,"Eleito hoje para compor a mesa diretora de uma das comissões mais importantes da Câmara dos Deputados - a de Meio Ambiente e Desenvolvimento Sustentável, da qual sou integrante titular desde 2019.",0,0,6
Célio Studart,@CelioStudart,https://twitter.com/CelioStudart/status/1638518880275406849,2023-03-22T12:31:57.000Z,"É hoje às 17h na Câmara dos Deputados! Parlamentares, ativistas e organizações que atuam na causa animal unidos em busca de conquistas!",1,0,7
Célio Studart,@CelioStudart,https://twitter.com/CelioStudart/status/1638322142889627649,2023-03-21T23:30:12.000Z,Lei MARIA da PENHA! Aprovamos agora o projeto que determina a proteção imediata à mulher que denuncia agressão. Temos que garantir todo o suporte e apoio a essas vítimas!,1,1,9
Célio Studart,@CelioStudart,https://twitter.com/CelioStudart/status/1638232191929819139,2023-03-21T17:32:46.000Z,"PISO ENFERMAGEM
Tudo aponta que receberemos a MP do piso da Enfermagem nos próximos dias. Estive semana passada no planalto e fiz essa cobrança. 
É urgente essa injeção de ânimo para a Enfermagem brasileira. Não há mais o que esperar.",4,3,25
Célio Studart,@CelioStudart,https://twitter.com/CelioStudart/status/1637913163608801281,2023-03-20T20:25:03.000Z,"Nesta quarta-feira (22), às 17h, terei a honra de presidir a cerimônia de lançamento da Frente Parlamentar em Defesa dos Animais. Será no Plenário 4 da Câmara dos Deputados. Contaremos com a presença de parlamentares, ativistas e instituições de várias partes do país.",0,0,6
Célio Studart,@CelioStudart,https://twitter.com/CelioStudart/status/1636478618841784320,2023-03-16T21:24:41.000Z,SAÚDE MENTAL seguirá sendo uma prioridade em nosso mandato! Com @AndreJanonesAdv e @tabataamaralsp,1,0,15
Célio Studart,@CelioStudart,https://twitter.com/CelioStudart/status/1636387325742837762,2023-03-16T15:21:55.000Z,"Por incrível que parece, houve deputado que se manifestou contra o projeto de lei de incentivo à adoção de animais! No entanto, o bom senso prevaleceu e o projeto foi aprovado no Plenário e seguirá para o Senado!",1,0,8
Célio Studart,@CelioStudart,https://twitter.com/CelioStudart/status/1636386634211160066,2023-03-16T15:19:10.000Z,A Câmara acaba de aprovar o parecer favorável que apresentei ao projeto de lei do deputado @FredCostaDep que obriga a fixação de cartazes em petshops e clínicas veterinárias incentivando a adoção!,1,0,2
Célio Studart,@CelioStudart,https://twitter.com/CelioStudart/status/1636366297859768321,2023-03-16T13:58:22.000Z,Com a ativista e amiga ⁦@luisamell⁩ e parte da nossa bancada de proteção animal. Vem muita coisa boa por aí!,0,3,13
Célio Studart,@CelioStudart,https://twitter.com/CelioStudart/status/1636351806660812802,2023-03-16T13:00:47.000Z,"Na condição de relator, apresentei parecer favorável a este projeto de lei! Esperamos a aprovação nesta manhã!",0,0,5
Célio Studart,@CelioStudart,https://twitter.com/CelioStudart/status/1635263084704006144,2023-03-13T12:54:35.000Z,Absurdo e lamentável a frequência com que isso ocorre! Estamos pedindo ao Ministério Público investigação deste caso e aplicação das medidas cabíveis! É necessário saber todos os crimes ambientais envolvidos neste ato inaceitável!,1,0,5
Célio Studart,@CelioStudart,https://twitter.com/CelioStudart/status/1635109421285269505,2023-03-13T02:43:59.000Z,E Oscar vai para…,1,0,8
Célio Studart,@CelioStudart,https://twitter.com/CelioStudart/status/1634270874495754240,2023-03-10T19:11:54.000Z,A enfermagem faz hoje uma série de manifestações nas ruas de todo o país. Temos questionado e cobrado a edição da medida provisória que regulamenta a distribuição dos recursos no setor público. A categoria merece e tem pressa! Queremos o piso salarial nos contracheques.,5,8,46
Célio Studart,@CelioStudart,https://twitter.com/CelioStudart/status/1633895058561744913,2023-03-09T18:18:32.000Z,"Apresentei este projeto de lei que aperfeiçoa a Lei da Maria da Penha,  trazendo mais segurança à mulher!",1,0,8
Célio Studart,@CelioStudart,https://twitter.com/CelioStudart/status/1633847236705812487,2023-03-09T15:08:31.000Z,"Reportagem da TV Assembleia destaca nosso projeto de lei que estabelece multa a quem maltratar animais, sem prejuízo da punição com prisão estabelecida pela Lei Sansão! Assista:",0,1,2
Célio Studart,@CelioStudart,https://twitter.com/CelioStudart/status/1633555233858256896,2023-03-08T19:48:12.000Z,"Neste Dia Internacional da Mulher protocolei PL que aperfeiçoa a Lei Maria da Pena estabelecendo que as medidas protetivas de urgência em favor da mulher vítima de violência de gênero tenham prazo indeterminado, vigorando enquanto durar a sua necessidade!",0,0,1
Célio Studart,@CelioStudart,https://twitter.com/CelioStudart/status/1633499553075720193,2023-03-08T16:06:57.000Z,"Neste Dia da MULHER parabenizo todas em nome da MULHER que me trouxe a este mundo, e que é o maior amor que já conheci e o maior exemplo de filha, mãe, esposa, amiga…enfim, MULHER! Feliz dia da MULHER! ❤️🌹",1,0,17
Célio Studart,@CelioStudart,https://twitter.com/CelioStudart/status/1633441852148916225,2023-03-08T12:17:40.000Z,https://revistaceara.com.br/ampliacao-da-clinica-jaco-e-grande-conquista-para-causa-animal-em-fortaleza-diz-celio-studart/…,0,0,1
Célio Studart,@CelioStudart,https://twitter.com/CelioStudart/status/1633103220695265281,2023-03-07T13:52:04.000Z,"Obrigado pelo incentivo, exemplo e apoio sempre, @luisamell 🙏🏼",0,0,6
Célio Studart,@CelioStudart,https://twitter.com/CelioStudart/status/1632846758509248513,2023-03-06T20:52:58.000Z,"Estou na Clínica Jacó, em Fortaleza, para a assinatura da ordem de serviço de ampliação do local, em uma grande vitória para a causa animal!",0,0,16
Célio Studart,@CelioStudart,https://twitter.com/CelioStudart/status/1632772272531337218,2023-03-06T15:56:59.000Z,É hoje! Grande vitória para a causa animal!,0,0,4
Célio Studart,@CelioStudart,https://twitter.com/CelioStudart/status/1631733234991087617,2023-03-03T19:08:14.000Z,"Leia a íntegra da entrevista ao jornal “O Estado”, que destaca a minha trajetória e bandeiras na política, como a causa animal e a defesa da enfermagem!",0,0,2
Célio Studart,@CelioStudart,https://twitter.com/CelioStudart/status/1631703119515009025,2023-03-03T17:08:33.000Z,"Com muito pesar e imensa tristeza no coração recebo a notícia do falecimento da jovem política, 26 anos, presidente da Câmara Municipal de Juazeiro de Norte - CE, Yanny Brena. A mais jovem vereadora eleita pelo município.",1,0,13
Célio Studart,@CelioStudart,https://twitter.com/CelioStudart/status/1631631231992451072,2023-03-03T12:22:54.000Z,"A enfermagem pode continuar contando com minha luta em busca de avanços e conquistas, como o piso salarial efetivamente nos contracheques e as 30h semanais!",1,0,14
Célio Studart,@CelioStudart,https://twitter.com/CelioStudart/status/1631087474473574404,2023-03-02T00:22:12.000Z,Participei hoje de uma reunião com o fórum nacional da enfermagem e parlamentares em busca de providências pela celeridade da MP do piso da enfermagem! Continuarei trabalhando firme até que esta conquista chegue nos contracheques dos profissionais.,0,1,15
Célio Studart,@CelioStudart,https://twitter.com/CelioStudart/status/1630941916463284225,2023-03-01T14:43:48.000Z,Vitória importante para a causa animal! É preciso combater com firmeza essa prática cruel e inaceitável!,1,2,17
