nome,usuario,idTweet,dataPublicacao,texto,replies,retweets,likes
Coronel Ulysses,@coronelulysses,https://twitter.com/coronelulysses/status/1639667691081416707,2023-03-25T16:36:55.000Z,"Situação no Rio Grande do Norte continua tensa. ORCRIMs cobram do Governo os acordos feitos na época da eleição. Como não cumpriu, tá aí o resultado. Mais pessoas vão morrer e mais ônibus serão incendiados. Fazer acordos com o diabo, o resultado é esse. Faz o ""L"".",6,1,6
Coronel Ulysses,@coronelulysses,https://twitter.com/coronelulysses/status/1639536266566926336,2023-03-25T07:54:41.000Z,"O Decreto 11366 visa desarmar o produtor e o cidadão cumpridor de seus deveres, inviabilizando a tutela patrimonial privada. Isso favorece invasões de terras pelo MST e a ampliação do poder de subjugação da sociedade às ORCRIN. O Arsenal bélico da ORCRIN tem origem Internacional",4,1,7
Coronel Ulysses,@coronelulysses,https://twitter.com/coronelulysses/status/1639019671285383171,2023-03-23T21:41:55.000Z,O Governo deveria prestar solidariedade ao Senador Moro e família e tbm ao Promotor (vítimas). Mas preferiu passar pano alegando uma “armação” fortalecendo e dando moral para o crime organizado.,2,1,8
Coronel Ulysses,@coronelulysses,https://twitter.com/coronelulysses/status/1638582399381512193,2023-03-22T16:44:22.000Z,Nosso repúdio em relação a ameaça e atentado contra o Senador Sérgio Moro e a Deputada Rosângela Moro. Nossa solidariedade a essa família.,0,1,4
Coronel Ulysses,@coronelulysses,https://twitter.com/coronelulysses/status/1637504098168717317,2023-03-19T17:19:35.000Z,"Os militares são cidadãos brasileiros e sua participação na política é um direito garantido pela Constituição. A FARDA NÃO EXCLUI A CIDADANIA. No entanto, o PT quer impedir que os militares exerçam esse direito. NÃO ACEITAMOS MORDAÇA NEM REVANCHISMO CONTRA OS MILITARES. #Direita",0,1,6
Coronel Ulysses,@coronelulysses,https://twitter.com/coronelulysses/status/1637503093314052096,2023-03-19T17:15:35.000Z,Militates são cidadãos e sua participação na política é um direito garantido pela Constituição. A FARDA NÃO EXCLUI A CIDADANIA. O PT quer excluir os militares de exercer esse direito. NÃO ACEITAMOS MORDAÇA NEM REVANCHISMOS . #Direita #MilitaresNaPolítica #democracia,0,0,6
Coronel Ulysses,@coronelulysses,https://twitter.com/coronelulysses/status/1635691999868092417,2023-03-14T17:18:57.000Z,"Defendo o AGRO, a agricultura familiar, a geração de emprego. A CF garante o direito à propriedade e o Código Civll dispõe: “O proprietário tem a faculdade de usar, gozar e dispor da coisa, e o direito de reavê-la do poder de quem quer que injustamente a possua ou detenha”.",6,4,15
Coronel Ulysses,@coronelulysses,https://twitter.com/coronelulysses/status/1634976166997278721,2023-03-12T17:54:29.000Z,Exemplo de alguém que mente descaradamente para esconder um cenário catastrófico!!!,3,3,11
Coronel Ulysses,@coronelulysses,https://twitter.com/coronelulysses/status/1633980456579354624,2023-03-09T23:57:53.000Z,"Minha solidariedade ao Deputado Nikolas.@nikolas_dm 
Sua fala está protegida pela Constituição Federal: Art. 53. Os Deputados e Senadores são invioláveis, civil e penalmente, por quaisquer de suas opiniões, palavras e votos.",3,2,8
Coronel Ulysses,@coronelulysses,https://twitter.com/coronelulysses/status/1632959781374664705,2023-03-07T04:22:05.000Z,"O desespero, revanchismo e atitudes antidemocráticas e não republicanas de quem tem algo a esconder. O jogo é bruto. Eles ligaram o TURBO!!!",1,0,9
Coronel Ulysses,@coronelulysses,https://twitter.com/coronelulysses/status/1632820299249995780,2023-03-06T19:07:50.000Z,"Meus pêsames e condolências aos familiares que perderam seus entes queridos no acidente da BR-174, inclusive algumas famílias acreanas vítimas dessa tragédia. Que Deus conceda conforto e consolo a todos.",1,0,6
Coronel Ulysses,@coronelulysses,https://twitter.com/coronelulysses/status/1631437803874648066,2023-03-02T23:34:17.000Z,"Saindo do Ministério dos Transportes, após Reunião da Bancada Federal para tratar da BR-364. Ficou acordado a destinação de 600 milhões para manutenção e reconstrução da BR-364, sendo que 15% desse valor para manutenção da BR-317 e 41 milhões para ponte de Rodrigues Alves.",1,1,7
