nome,usuario,idTweet,dataPublicacao,texto,replies,retweets,likes
CoronelMeira,@coronel_meira,https://twitter.com/coronel_meira/status/1641536719047499790,2023-03-30T20:23:46.000Z,Quem disse que Lula não vai entregar nada para a população? está ai! Inauguração de um letreiro com direito a muita festa paga com dinheiro público.,8,28,71
CoronelMeira,@coronel_meira,https://twitter.com/coronel_meira/status/1641454442313662464,2023-03-30T14:56:50.000Z,Peça para o seu Dep. e o seu Sen. apoiar a CPMI. Código: CD233780788600,7,75,139
CoronelMeira,@coronel_meira,https://twitter.com/coronel_meira/status/1641452403995340805,2023-03-30T14:48:44.000Z,O Brasil amanheceu mais forte!,13,43,215
CoronelMeira,@coronel_meira,https://twitter.com/coronel_meira/status/1641175599266902016,2023-03-29T20:28:49.000Z,"Muitas mentiras foram ditas por Flávio Dino na convocação de ontem (28), mas uma verdade não podemos negar, ele não faz nada sem a cumplicidade de Lula.",11,48,114
CoronelMeira,@coronel_meira,https://twitter.com/coronel_meira/status/1641098046464221187,2023-03-29T15:20:39.000Z,"Diálogos cabulosos, lavagem de dinheiro, atentado contra autoridades, tudo isso será investigado na CPMI do Crime Organizado. Peça para o seu Dep e Sen apoiar.",1,32,80
CoronelMeira,@coronel_meira,https://twitter.com/coronel_meira/status/1640879382293094402,2023-03-29T00:51:45.000Z,"Irei apresentar nesta quarta-feira (29), junto com os Deputados: Delegado Ramagem (PL-RJ), Deltan Dallagnol (PODEMOS-PR) e os Senadores Styvenson Valentim (PODEMOS-RN), Hamilton Mourão (REPUBLICANOS-RS) e Eduardo Girão (NOVO-CE), por meio de coletiva à imprensa, às 15h.",14,90,201
CoronelMeira,@coronel_meira,https://twitter.com/coronel_meira/status/1640872797873266689,2023-03-29T00:25:35.000Z,Teremos oportunidade de descobrir a verdade na Comissão de Segurança Pública. @EduGiraoOficial,55,291,966
CoronelMeira,@coronel_meira,https://twitter.com/coronel_meira/status/1640781114544386049,2023-03-28T18:21:16.000Z,É uma importante vitória para o matuto e para o produtor pernambucano. A data será definida em breve. Agradeço ao prefeito Rodrigo Pinheiro pelo empenho em tornar possível esse evento.,1,5,28
CoronelMeira,@coronel_meira,https://twitter.com/coronel_meira/status/1640755534553907202,2023-03-28T16:39:37.000Z,Agradeço a confiança e estamos abertos a debater sobre o importante e excelente projeto da deputada Paula Belmont,1,12,70
CoronelMeira,@coronel_meira,https://twitter.com/coronel_meira/status/1640374789020741632,2023-03-27T15:26:41.000Z,"O escritor @paulocoelho é o mais novo arrependido e se junta a outros nomes famosos, como Armínio Fraga,Tassio Jereissati, Henrique Meirelles, além de outros. A lista só cresce.",1,11,31
CoronelMeira,@coronel_meira,https://twitter.com/coronel_meira/status/1640161997198180356,2023-03-27T01:21:07.000Z,"A fala da aliança do PT com o PCC foi de um traficante.

Mas, fique tranquilo, Ministro!  Entrei com um Requerimento de CPMI que vamos reformular alinhados com o Senador @EduGiraoOficial e outros parlamentares.

O Parlamento mostrará ao Brasil quem são os verdadeiros canalhas!",25,407,951
CoronelMeira,@coronel_meira,https://twitter.com/coronel_meira/status/1640058990263508994,2023-03-26T18:31:48.000Z,"Vou encaminhar , na próxima segunda (27), uma ""notícia de fato"" à Procuradoria Geral da República (PGR) acerca do presente, um violão, que Lula ganhou da banda Coldplay, avaliado em mais de 20 mil reais.",138,1.444,3.196
CoronelMeira,@coronel_meira,https://twitter.com/coronel_meira/status/1639727710954987522,2023-03-25T20:35:25.000Z,"Em outra grande coincidência, João Muniz Leite ,  suspeito de lavagem de dinheiro do crime organizado, tem escritório no mesmo endereço de Fábio Luís Lula da Silva ( Lulinha). É preciso investigar! CPMI JÀ!",8,65,138
CoronelMeira,@coronel_meira,https://twitter.com/coronel_meira/status/1639656104903823362,2023-03-25T15:50:53.000Z,"No dia 12 de janeiro, o Intercept fez uma falsa acusação de que eu e outros 45 Deputados conservadores, estavamos apoiando o ""T3.rrorism0"".

 Agora, pouco mais de dois meses depois, a Polícia Federal encontra o nome do Intercept em uma suposta lista de pagamentos. CPMI JÁ!",1,27,61
CoronelMeira,@coronel_meira,https://twitter.com/coronel_meira/status/1639330177409851392,2023-03-24T18:15:46.000Z,"Bolsonaro está voltando ao Brasil no próximo dia 30, chegada em Brasília às 7h30. Vamos receber o nosso capitão.",94,591,3.096
CoronelMeira,@coronel_meira,https://twitter.com/coronel_meira/status/1639304577806745602,2023-03-24T16:34:02.000Z,"Protocolamos pedido de convocação do Diretor da Polícia Federal, Andrei Rodrigues, para prestar esclarecimento sobre as falas do Presidente Lula!",6,33,81
CoronelMeira,@coronel_meira,https://twitter.com/coronel_meira/status/1638706573676793856,2023-03-23T00:57:47.000Z,"Nosso Projeto de Lei estabelece que a ""política de redução de danos"" deve ser acompanhada de estudo prévio, monitoramento e relatório de resultados com a devida anotação de responsabilidade técnica. Ou seja: Respeito ao Princípio da Eficiência; Preocupação com a vida humana.",14,66,274
CoronelMeira,@coronel_meira,https://twitter.com/coronel_meira/status/1638694021198659584,2023-03-23T00:07:54.000Z,"Ficou mais próximo da realidade o tão aguardado piso salarial dos Guardas Municipais. O projeto de lei 2298/22 ganhou um novo relator, e após parecer será encaminhado de forma conclusiva para a CCJ. O piso dos Guardas é um compromisso meu, e vou lutar por ele.",1,11,24
CoronelMeira,@coronel_meira,https://twitter.com/coronel_meira/status/1638566598180065280,2023-03-22T15:41:34.000Z,"Apresentei hoje um requerimento de CPMI para investigar as ameaças contra o Senador Sérgio Moro e outras autoridades, e entender a relação dessas facções criminosas com organizações políticas e detentores de cargos públicos.",27,128,300
CoronelMeira,@coronel_meira,https://twitter.com/coronel_meira/status/1638274638001197083,2023-03-21T20:21:26.000Z,A nomeação é uma afronta a sociedade que vem sendo aterrorizada por este grupo terr0rist4. É preciso instaurar com urgência a CPI do MST para descobrirmos quem está lucrando com a indústria de invasões.,0,21,36
CoronelMeira,@coronel_meira,https://twitter.com/coronel_meira/status/1638229059548094511,2023-03-21T17:20:19.000Z,Feliz aniversário Presidente! O Brasil tem uma dívida de gratidão com você!,10,23,222
CoronelMeira,@coronel_meira,https://twitter.com/coronel_meira/status/1637973712359108609,2023-03-21T00:25:39.000Z,"Explica essa Haddad! Como Lula saiu do poder, com 11 contêineres de presentes, sem incorporar ao patrimônio público?""",39,122,276
CoronelMeira,@coronel_meira,https://twitter.com/coronel_meira/status/1637785566245683200,2023-03-20T11:58:02.000Z,"A Juíza disse que acolheu o argumento da defesa dos acusados de que eles eram ""vitimas"" de constrangimento ilegal, por estarem há mais de quatro anos sem terem sido julgados. 

Fonte: Jornal da Cidade Online",4,29,53
CoronelMeira,@coronel_meira,https://twitter.com/coronel_meira/status/1637570748536479745,2023-03-19T21:44:25.000Z,"A Governadora do Estado recebeu policiais da Força Nacional na Avenida Roberto Freire, em Capim Macio. Na oportunidade, os policiais reivindicaram à governadora melhores condições de instalações: “Veja se a senhora consegue uns ventiladores.”",6,23,57
CoronelMeira,@coronel_meira,https://twitter.com/coronel_meira/status/1637206368443588609,2023-03-18T21:36:30.000Z,"Criamos a Frente Parlamentar Mista de Combate à Corrupção para impedir o surgimento de um novo Sérgio Cabral. Seja apoiador!

Presidente - Coronel Meira
Vice-Presidente @delegadoramagem 
2° Vice-Presidência - @Zambelli2210 
Coordenador @DelegadoCaveira",27,138,317
CoronelMeira,@coronel_meira,https://twitter.com/coronel_meira/status/1636868504807669763,2023-03-17T23:13:57.000Z,"As políticas macroeconômicas são prerrogativa do executivo, mas nós, Deputados de de DIREITA, vamos lutar para impedir que o legado do nosso presidente Bolsonaro não seja completamente desfeito.",0,18,35
CoronelMeira,@coronel_meira,https://twitter.com/coronel_meira/status/1636738848066613248,2023-03-17T14:38:45.000Z,Apresentei projeto de lei para garantir um mínimo de três policiais por viatura em patrulhas. Não é aceitável que o policial militar se exponha ao perigo sem efetivo adequado. A medida vai garantir mais proteção para os nossos heróis e mais segurança para a sociedade.,0,10,43
CoronelMeira,@coronel_meira,https://twitter.com/coronel_meira/status/1636414273445560321,2023-03-16T17:09:00.000Z,"Agora é oficial!

O Presidente Artur Lira atendeu ao nosso pedido. Chegou a hora de fiscalizarmos in-loco a transposição do Rio São Francisco. A água parou de chegar para o nordestino e a máfia do caminhão pipa está de volta.",157,2.612,6.560
CoronelMeira,@coronel_meira,https://twitter.com/coronel_meira/status/1636131491594862595,2023-03-15T22:25:20.000Z,"Apresentamos três requerimentos ao Presidente da COMISSÃO DE SEGURANÇA PÚBLICA E COMBATE AO CRIME ORGANIZADO, @deputadosanderson, para que sejam convocados a apresentar esclarecimentos o Min. da Justiça, o Chefe da ABIN e o responsável pela Segurança Institucional da Presidência.",11,71,250
CoronelMeira,@coronel_meira,https://twitter.com/coronel_meira/status/1636081021383745539,2023-03-15T19:04:47.000Z,"Em virtude dos dados, tomei a iniciativa de protocolar a criação da CPI do Mal Súbito, para que possamos investigar as causas e apontar os eventuais culpados.",24,78,230
CoronelMeira,@coronel_meira,https://twitter.com/coronel_meira/status/1635781372454354944,2023-03-14T23:14:05.000Z,"Estive em reunião na tarde de hoje (14 ), com o Ministro da Defesa José Múcio. Na oportunidade pude ouvir do Ministro o compromisso de manter a Escola de Sargentos (ESA) em Pernambuco. Ao todo serão investidos 1 bilhão de reais, e a expectativa é que sejam gerados 5 mil empregos.",0,7,15
CoronelMeira,@coronel_meira,https://twitter.com/coronel_meira/status/1635737656251351045,2023-03-14T20:20:22.000Z,"Não podemos dizer que a notícia é surpreendente, mas com tanta gente mamando nas tetas do Governo, também não vou ficar surpreso se começar a faltar leite de verdade para nossas crianças. Vou acompanhar de perto as produções da EBC e fiscalizar.",1,8,15
CoronelMeira,@coronel_meira,https://twitter.com/coronel_meira/status/1635370448220463105,2023-03-13T20:01:13.000Z,Estamos mais fortes do que nunca! uma vez por semana a DIREITA se encontra para discutir metas e objetivos. Jamais desistiremos do nosso país. Brasil acima de tudo e Deus acima de todos!,8,32,218
CoronelMeira,@coronel_meira,https://twitter.com/coronel_meira/status/1635043037402501121,2023-03-12T22:20:12.000Z,"O ditador Daniel Ortega, da Nicarágua, rompeu relações diplomáticas com o Vaticano, alegando ""t3rrori$mo e ""Fake News"" promovidos pelo Papa Francisco. Com esse ato a Nicarágua se converte no único país latino-americano a não manter relações diplomáticas com o Vaticano.",3,7,28
CoronelMeira,@coronel_meira,https://twitter.com/coronel_meira/status/1634901832005976065,2023-03-12T12:59:06.000Z,"Jorge Zelada, ex-diretor da Petrobras, quer ser julgado pelo novo juiz da operação da Lava Jato, Eduardo Appio, na 13ª Vara Federal de Curitiba. Zelada foi condenado na Justiça estadual do Rio de Janeiro, mas, na sexta-feira 10, pediu ao  STF que o caso seja remetido a Curitiba.",1,17,33
CoronelMeira,@coronel_meira,https://twitter.com/coronel_meira/status/1634593600867651590,2023-03-11T16:34:18.000Z,"Passou da hora do Brasil conhecer a verdade. Que se liberte os inocentes e que conheçamos os culpados e, claro, que eles paguem pelo que fizeram.

""E conhecereis a verdade e a verdade vos libertará"" (João 8:32).",28,287,1.259
CoronelMeira,@coronel_meira,https://twitter.com/coronel_meira/status/1634211942620430339,2023-03-10T15:17:43.000Z,"Protocolei na última segunda-feira (06), um Projeto de Lei que autoriza os municípios brasileiros a regulamentarem a atuação de motociclistas condutores por aplicativo. A proposta foi elaborada pelo vereador de Garanhuns, Thiago Paes (PL/PE).",1,7,23
CoronelMeira,@coronel_meira,https://twitter.com/coronel_meira/status/1633947989914923008,2023-03-09T21:48:52.000Z,"Meu primeiro discurso na Câmara dos Deputados foi feito depois de muito trabalho e mais de 60 proposições aprsentadas.

O motivo é mais que especial: falamos sobre Liberdade! Anunciei no Plenário a libertação de Adilma Maria Cardoso, presa injustamente em Brasília.",6,24,130
CoronelMeira,@coronel_meira,https://twitter.com/coronel_meira/status/1633873329856577551,2023-03-09T16:52:12.000Z,Apresentei projeto de lei para garantir um mínimo de três policiais por viatura em patrulhas. Não é aceitável que o policial militar se exponha ao perigo sem efetivo adequado. A medida vai garantir mais proteção para os nossos heróis e mais segurança para a sociedade.,1,10,34
CoronelMeira,@coronel_meira,https://twitter.com/coronel_meira/status/1633521829049507855,2023-03-08T17:35:28.000Z,"Toda mulher merece respeito e amor é fundamental. Essa frase é da minha mãe, Therezinha Meira de Jesus, 95 anos. Parabéns a todas as mulheres pelo dia ""Dia internacional da Mulher""",6,5,47
CoronelMeira,@coronel_meira,https://twitter.com/coronel_meira/status/1633237017952768000,2023-03-07T22:43:43.000Z,"Já temos mais invasões em 2023 do que em todo Governo Bolsonaro. Vamos descobrir quem está por trás de tudo isso, quem está lucrando e principalmente, punir os culpados!@tencelzucco",31,154,863
CoronelMeira,@coronel_meira,https://twitter.com/coronel_meira/status/1633115085013958663,2023-03-07T14:39:12.000Z,"Não só a ""Claudia Raia"", mas todo artista que captar dinheiro público terá a oportunidade de defender as comunidades tradicionais destinando 10% do valor captado.

Assim colaboramos com a preservação das tradições regionais, da cultura indígena, quilombola, do ribeirinho, etc...",8,12,51
CoronelMeira,@coronel_meira,https://twitter.com/coronel_meira/status/1632876864921378817,2023-03-06T22:52:36.000Z,"Apresentei junto à Câmara Federal, nesta segunda-feira (06), uma emenda à Constituição que acrescenta à Medida Provisória nº 1164, de 2 de março de 2023, mecanismos de proteção ao projeto e penalização para fraudadores do Bolsa Família.",1,4,20
CoronelMeira,@coronel_meira,https://twitter.com/coronel_meira/status/1632517577518858242,2023-03-05T23:04:55.000Z,"Disseram que era fakenews quem associasse Lula a Dit@dur4s, mas pelo jeito não era tão fake assim. Lamento profundamente que o Brasil não tenha assinado a importante declaração da ONU contra o regime ditatorial de Daniel Ortega na Nicarágua.",19,42,133
CoronelMeira,@coronel_meira,https://twitter.com/coronel_meira/status/1631311666016124929,2023-03-02T15:13:04.000Z,"Nas propostas apresentadas pelos parlamentares a gasolina, o gás de cozinha e também o álcool ficam com valor reduzido, todos os combustíveis terão a alíquota zerada, com possibilidade de manutenção da desoneração até dezembro deste ano.",10,21,95
CoronelMeira,@coronel_meira,https://twitter.com/coronel_meira/status/1630999130335051779,2023-03-01T18:31:09.000Z,Criamos a Frente Parlamentar Mista de Combate à Corrupção para trabalhar por um país mais justo e livre de corrupção. Para o lançamento da FRENTE é preciso alcançar 198 assinaturas de Deputados e Senadores .,30,52,328
