nome,usuario,idTweet,dataPublicacao,texto,replies,retweets,likes
Delegado Caveira,@DelegadoCaveira,https://twitter.com/DelegadoCaveira/status/1641446573510123522,2023-03-30T14:25:34.000Z,"O MITO CHEGOU!! 🇧🇷Hoje, reunião na sede do @pl22sp com nosso Presidente @jairbolsonaro , Senador @MagnoMalta , Deputado Federal @DelegadoCaveira e várias outras lideranças políticas.  #JairBolsonaro#OMitoChegou#DelegadoCaveira#DeusPatriaFamiliaLiberdade",3,8,48
Delegado Caveira,@DelegadoCaveira,https://twitter.com/DelegadoCaveira/status/1641375115328856065,2023-03-30T09:41:37.000Z,"GRANDE DIA!! 🇧🇷🇧🇷SEJA BEM VINDO, Presidente Jair Messias Bolsonaro.#JairBolsonaro#DelegadoCaveira#DeusPatriaFamiliaLiberdades",5,8,61
Delegado Caveira,@DelegadoCaveira,https://twitter.com/DelegadoCaveira/status/1641232096763977730,2023-03-30T00:13:19.000Z,"URGENTE!
Protocolamos pedido de impeachment contra Lula! 
No documento consta que Lula cometeu ameaça e coação a representante do poder legislativo, além de desvio de função e quebra de decoro. 🔪💀🇧🇷🇮🇱#ForaLulaeSuaQuadrilha#ForaPTralhas#ImpeachmentDoLulaJa#DELEGADOCAVEIRA",23,44,339
Delegado Caveira,@DelegadoCaveira,https://twitter.com/DelegadoCaveira/status/1641037100014358530,2023-03-29T11:18:28.000Z,"O QUE É CORRETO, NÃO TEM ESPAÇO NESTE DESGOVERNO!

A história nos mostra, que todos aqueles que se levantaram para perseguir o povo de Deus, caíram por terra. 🙏🇧🇷🇮🇱#ForaLulaeSuaQuadrilha#ForaPTralhas#DELEGADOCAVEIRA",5,24,49
Delegado Caveira,@DelegadoCaveira,https://twitter.com/DelegadoCaveira/status/1640327144407543809,2023-03-27T12:17:21.000Z,"Será muito bem vindo, Presidente Bolsonaro. 🤝🤝🇧🇷🇧🇷#JairBolsonaro#DelegadoCaveira#BrasilAcimadeTudo#DeusAcimadeTodos",5,7,47
Delegado Caveira,@DelegadoCaveira,https://twitter.com/DelegadoCaveira/status/1640325044378165250,2023-03-27T12:09:01.000Z,"Indícios robustos indicam possível relação ""macabra"" entre Lula e PCC. Iremos exigir, urgência na apuração desse fato gravíssimo. Se ficar comprovado o vínculo entre o ""presidente descondenado"" e a facção criminosa, a abertura de IMPEACHMENT será obrigação do parlamento!#ForaPt",4,7,33
Delegado Caveira,@DelegadoCaveira,https://twitter.com/DelegadoCaveira/status/1639601598308417536,2023-03-25T12:14:18.000Z,"“VÃO SENTIR SAUDADE DA GENTE…” Disse o Presidente Jair Bolsonaro.

Perseguição contra o Agronegócio, agora chegou a vez da vingança contra caminhoneiros, Nine quer quebrar a nação. A vingança de Lula fará chegarmos no ""padrão Venezuela"".

Impeachment já, o que acham? #ForaLula",2,4,35
Delegado Caveira,@DelegadoCaveira,https://twitter.com/DelegadoCaveira/status/1639228773269909504,2023-03-24T11:32:49.000Z,"NÃO ERA O AMOR QUE TINHA VENCIDO??

Em um dia, Lula promove uma estranha propagação de ódio contra Moro; no dia seguinte é desarticulado um plano do membros PCC para matar o senador Sergio Moro. É preciso apurar com rigor se há relação!#ForaLula#ForaCorruptos#Delegadocaveira",4,19,43
Delegado Caveira,@DelegadoCaveira,https://twitter.com/DelegadoCaveira/status/1638918249407741953,2023-03-23T14:58:54.000Z,"RECUPERAÇÃO DAS RODOVIAS FEDERAIS PARAENSES

Deputado Delegado Caveira, através de ofício ao Ministério dos Transportes, solicita a manutenção das rodovias federais paraenses.

Deixe seu like e compartilhe 🤝🤝🇧🇷#DELEGADOCAVEIRA#congressonacional#JairBolsonaro",1,1,12
Delegado Caveira,@DelegadoCaveira,https://twitter.com/DelegadoCaveira/status/1638866675083751427,2023-03-23T11:33:58.000Z,"PREPARE O BOLSO PARAENSES!

Mesmo gastando centenas de milhares de reais na PA-150, Helder decide, de supetão, ENTREGAR DE BANDEJA mais de 520 km de vias que ligam Marabá a Marituba para a iniciativa privada. Tudo foi empurrado de goela abaixo. ESTRANHO!",3,9,30
Delegado Caveira,@DelegadoCaveira,https://twitter.com/DelegadoCaveira/status/1638747005265534976,2023-03-23T03:38:27.000Z,"A CPMI DO 8 DE JANEIRO JÁ TEM DATA CERTA!

O presidente do Congresso Nacional, senador @rodrigopacheco , afirmou que após chegar da China, convocará na primeira quinzena de abril a sessão conjunta, ocasião que fará a leitura do requerimento da instauração da CPMI DA VERDADE!",1,0,10
Delegado Caveira,@DelegadoCaveira,https://twitter.com/DelegadoCaveira/status/1638685190275887106,2023-03-22T23:32:49.000Z,A pergunta que não quer calar 🤔🤔Quem mandou matar o Senador Sérgio Moro?#ForaPT#ForaLula#DelegadoCaveira#CongressoNacional,2,7,27
Delegado Caveira,@DelegadoCaveira,https://twitter.com/DelegadoCaveira/status/1638130725646921728,2023-03-21T10:49:34.000Z,"Hoje é o Aniversário do melhor Presidente do Brasil 🇧🇷 @jairbolsonaro 

Muitos anos de vida com saúde, sabedoria e paz.

Parabenize você também o nosso presidente! 🎂👏🏽💀🇧🇷🇮🇱#BrasilAcimaDeTudoDeusAcimaDeTodos#DeusPatriaFamiliaLiberdade#JairMessiasBolsonaro#DelegadoCaveira",5,5,42
Delegado Caveira,@DelegadoCaveira,https://twitter.com/DelegadoCaveira/status/1637591357639237632,2023-03-19T23:06:19.000Z,Brasil/Israel,0,1,12
Delegado Caveira,@DelegadoCaveira,https://twitter.com/DelegadoCaveira/status/1637493265162293248,2023-03-19T16:36:32.000Z,"DESFAZUELE!

Será se..... quem fez o L, vai ficar feliz com essa notícia?? 🤔🤔Deixe seu comentário.#ForaPT#ForaLula#ForaCorruptos#Desgoverno#DelegadoCaveira",0,3,15
Delegado Caveira,@DelegadoCaveira,https://twitter.com/DelegadoCaveira/status/1637197303185383427,2023-03-18T21:00:29.000Z,"O AMOR E O DESEMPREGO VENCERAM!

Acumulando erros e sem projetos econômicos, desgoverno Lula caminha para a falência do Brasil nos moldes argentino. 
E no Pará, com a perseguição do agro e pequenas minerações, o desemprego pode atingir patamares alarmantes. Lutamos contra isso!",3,8,26
Delegado Caveira,@DelegadoCaveira,https://twitter.com/DelegadoCaveira/status/1636866015991681025,2023-03-17T23:04:04.000Z,"LULA, O INAUGURADOR DE BOLSONARO! 

Lula e Dino organizaram um MEGAEVENTO, para entregar uma frota de 270 viaturas policiais aos Estados, SÓ ""ESQUECERAM"" DE AVISAR que foram adquiridas em 2022 pelo ex-ministro da Justiça Anderson Torres  na gestão de @jairbolsonaro .",1,6,35
Delegado Caveira,@DelegadoCaveira,https://twitter.com/DelegadoCaveira/status/1636754462319706112,2023-03-17T15:40:47.000Z,"Seria engraçado, se não fosse trágico. 🤦🏻🤡#delegadocaveira#ForaHelder#FazendoOPovoDe🤡",0,7,22
Delegado Caveira,@DelegadoCaveira,https://twitter.com/DelegadoCaveira/status/1636337614398578693,2023-03-16T12:04:23.000Z,"FLAVIO DINO 🦖 NA MARÉ

Ministro da Justiça de Lula, entra no complexo da Maré, com apenas 2 carros sem trocar tiro. Como titular da comissão de segurança pública vou exigir a presença do Ministro nessa casa de leis, para explicar o nível de envolvimento, com o crime organizado",5,20,46
Delegado Caveira,@DelegadoCaveira,https://twitter.com/DelegadoCaveira/status/1635688993756000256,2023-03-14T17:07:00.000Z,"URGENTE - ALEPA APROVA ESPOSA DE HELDER PARA O TCE

A MAIORIA da Alepa acaba de aprovar a indicação de Daniela, esposa do governador à vaga de conselheira do TCE. 36 parlamentares votaram a favor, 2 votaram contra, e 2 deputados se quer comparecerem nessa sessão tão importante.",12,14,43
Delegado Caveira,@DelegadoCaveira,https://twitter.com/DelegadoCaveira/status/1635388235076734977,2023-03-13T21:11:53.000Z,"OBRIGADO PRESIDENTE BOLSONARO!

As obras do Residencial Celina Bezerra foram lançadas por Dilma, como de costume em governos petistas, foram ABANDONADAS, mas RETOMADAS por Jair Messias Bolsonaro.@jairbolsonaro #ObrigadoBolsonaro#DelegadoCaveira#ForaLula#ForaPT",0,7,43
Delegado Caveira,@DelegadoCaveira,https://twitter.com/DelegadoCaveira/status/1635237184310755330,2023-03-13T11:11:40.000Z,"PETISTAS “COBRAM” PICANHA 🥩 DE LULA 🦑Principal promessa de campanha do Nine se transformou em METÁFORA depois da eleição. Em RondonópolisMT, uma plateia formada por petistas “cobrou” picanha do Lula no evento. #CadeaPicanha#ForaLula#ForaPT#DelegadoCaveira#JairBolsonaro",3,6,26
Delegado Caveira,@DelegadoCaveira,https://twitter.com/DelegadoCaveira/status/1635054213163282433,2023-03-12T23:04:36.000Z,"UMA DAS ""PRIORIDADES"" DO NINE FINGERES!

""Pai dos pobres"" tem como ""prioridade"" dar o DINHEIRO DO POVO para vários pseudo “ARTISTAS”, e alguns já milionários, ao invés de amenizar o sofrimento de brasileiros nas filas do INSS. Vergonha! 

Deixe seu comentário.#ForaLula#ForaPT",1,12,41
Delegado Caveira,@DelegadoCaveira,https://twitter.com/DelegadoCaveira/status/1634524298667864065,2023-03-11T11:58:55.000Z,"É INADMISSÍVEL QUERER CALAR UM PARLAMENTAR ELEITO DEMOCRATICAMENTE!

@nikolasferreiradm @nikolas_apoio 
Receba meu apoio e vamos continuar lutando contra esses demônios que querem destruir famílias e o nosso querido Brasil 🫡🇧🇷🇮🇱.#nikolasferreira #nikole #tamojunto",4,14,96
Delegado Caveira,@DelegadoCaveira,https://twitter.com/DelegadoCaveira/status/1634508608565133312,2023-03-11T10:56:34.000Z,Deputado Delegado Caveira assinou a CPI do MST. Precisamos encontrar e responsabilizar os financiadores de invasões de terras e mostrar para o Brasil quem são os verdadeiros TERRORISTAS. #ForaMST#ForaPT#ForaLula#DelegadoCaveira#CongressoNacional,3,10,38
Delegado Caveira,@DelegadoCaveira,https://twitter.com/DelegadoCaveira/status/1634147618048679936,2023-03-10T11:02:07.000Z,"BANDIDOLATRIA

Brasil, o país que idolatra bandido! Não é à toa que vivemos tempos de enaltecimento dos bandidos. A TV e plataformas de filmes sempre mostram a vida de criminosos tentando ""relativizar seus feitos"". #DELEGADOCAVEIRA#congressonacional#foracorruptos",0,12,29
Delegado Caveira,@DelegadoCaveira,https://twitter.com/DelegadoCaveira/status/1633498055801556994,2023-03-08T16:01:00.000Z,"Presidente da câmara @oficialarthurlira recebeu deputados federais que estão preocupados com os cerca de 3 milhões de empregos ligados ao mundos da pólvora. Nossa energia é para solucionar a questão. Até a terça-feira, teremos resultados dessa reunião de hoje dia 08/03/23.",1,3,18
Delegado Caveira,@DelegadoCaveira,https://twitter.com/DelegadoCaveira/status/1633426751761072129,2023-03-08T11:17:39.000Z,"ESTÁVAMOS CORRETOS!!

Narrativas da esquerda, apoiadas pela grande mídia só serviram para duas coisas: lucrar e fazer palanque político para Lula e seus asseclas. Olha quanto dinheiro foi gasto ""atoa"". Quantas vidas salvaríamos aplicando esse dinheiro em tratamentos eficientes.",2,10,39
Delegado Caveira,@DelegadoCaveira,https://twitter.com/DelegadoCaveira/status/1633057113118261255,2023-03-07T10:48:51.000Z,"ABSURDO! GASOLINA PODE CHEGAR A R$ 12,00 POR LITRO!

Caso o ICMS volte a ser cobrado no valor total, a gasolina pode chegar a custar até R$ 12 em alguns lugares do país. Além do ICMS, o governo federal também retomou o PIS e Cofins sobre os combustíveis. Vai ter resposta!",3,7,35
Delegado Caveira,@DelegadoCaveira,https://twitter.com/DelegadoCaveira/status/1632037883879014401,2023-03-04T15:18:47.000Z,"HOJE TEM BOLSONARO E TRUMP!

Acompanhe na página https://facebook.com/delegadocaveira , logo mais as 16:00h, o discurso do presidente Jair Bolsonaro ao lado de Donald Trump no maior evento conservador do mundo! 🇧🇷🇺🇸 

Jair Messias Bolsonaro
Eduardo Bolsonaro
CPAC CPAC Brasil#cpac2023",0,4,18
Delegado Caveira,@DelegadoCaveira,https://twitter.com/DelegadoCaveira/status/1631794747067990021,2023-03-03T23:12:39.000Z,"ESTÁ ESCANCARADA A HIPOCRISIA DE LULA!

Antes, Lula fazia duras críticas aos reajustes do preço dos combustíveis. Hoje, SEM pandemia e SEM ninguém gritando ""fique em casa"", brasileiro está pagando mais caro pela gasolina após este mesmo Lula, determinar aumento do imposto.",2,13,40
Delegado Caveira,@DelegadoCaveira,https://twitter.com/DelegadoCaveira/status/1631636401103011841,2023-03-03T12:43:27.000Z,"REPÚDIO. NAVIOS DE GUERRA DO IRÃ NO BRASIL

Para o PT, o povo perde a cada momento o direito de ter uma arma de fogo, mas navios de guerra Iranianos, repletos de armas, podem atracar no Brasil. O Regime dos Aiatolás tem mais direitos no Brasil do que os próprios brasileiros?",1,15,33
Delegado Caveira,@DelegadoCaveira,https://twitter.com/DelegadoCaveira/status/1631363944777408544,2023-03-02T18:40:48.000Z,"CHEGA DE USAR O MEIO AMBIENTE PARA FAZER PROSELITISMO POLÍTICO!
Nunca quiseram combater o desmatamento. É tudo uma “cortina de fumaça” para criar narrativas de esquerda e perseguir quem produz neste país. O PT, não gosta de trabalhadores! É contra isso que luto! Comente.",4,10,33
Delegado Caveira,@DelegadoCaveira,https://twitter.com/DelegadoCaveira/status/1631246353513816065,2023-03-02T10:53:32.000Z,"JUSTICA AOS INOCENTES, 173 LIBERTOS!

Nunca se teve no Brasil, prisões políticas EM MASSA como as do dia 8 de janeiro. O processo legal foi atropelado. 700 pessoas ainda estão detidas, não queremos aliviar, porém, condutas precisam ser individualizadas pra punir apenas culpados.",4,40,122
