nome,usuario,idTweet,dataPublicacao,texto,replies,retweets,likes
Delegado Marcelo Freitas,@DelegadoFreitas,https://twitter.com/DelegadoFreitas/status/1641182188795207682,2023-03-29T20:55:00.000Z,"“Minas são muitas”, mas bom mesmo é estar ao lado de pessoas de bem, que querem o melhor para nossa gente.

Hoje o dia foi de reunião com nosso governador @RomeuZema buscando soluções junto à bancada mineira para nosso Estado.

“É junto dos bão que a gente fica mió.”",0,0,2
Delegado Marcelo Freitas,@DelegadoFreitas,https://twitter.com/DelegadoFreitas/status/1640857694050344961,2023-03-28T23:25:34.000Z,"O ano mal iniciou e já anunciamos mais de R$ 56 milhões para Minas.

Ao seu lado, alguma obra pode estar sendo executada a partir das ações do nosso mandato. 

As nossas palavras podem ser ouvidas, mas as nossas ações serão sentidas através do trabalho!",0,0,1
Delegado Marcelo Freitas,@DelegadoFreitas,https://twitter.com/DelegadoFreitas/status/1640372520531509256,2023-03-27T15:17:40.000Z,"“A covardia é a pior, a mais pesada, senão a mais degradante e vergonhosa carga que o ser humano pode carregar.""

O covarde ataque a faca ocorrido agora há pouco na E.E. Thomazia Montoro, na Vila Sônia, em São Paulo, tirou a vida de uma professora, deixando vários feridos.",41,176,1.328
Delegado Marcelo Freitas,@DelegadoFreitas,https://twitter.com/DelegadoFreitas/status/1640123800804028416,2023-03-26T22:49:20.000Z,"O caráter humano em seus paradoxos…

Um, em perfeito estado de saúde, escolhe ser um déspota social. O outro, no auge de suas limitações motoras, decide ajudar o próximo, colocando em risco sua própria vida. 

São as nossas escolhas que nos definem… Escolha o lado do bem!",0,1,11
Delegado Marcelo Freitas,@DelegadoFreitas,https://twitter.com/DelegadoFreitas/status/1639994602521350146,2023-03-26T14:15:57.000Z,"Um criminoso foi preso no RN após criar um perfil em uma rede social para ameaçar um massacre na E.E. Oswaldo Lucas Mendes, em nossa querida Taiobeiras/MG.

A página continha referências ao massacre de Columbine, ocorrido em 1999, que vitimou 15 pessoas.

Parabéns à PCMG.",0,1,4
Delegado Marcelo Freitas,@DelegadoFreitas,https://twitter.com/DelegadoFreitas/status/1638968894730694658,2023-03-23T18:20:09.000Z,"Lamentamos profundamente as mortes dos empresários e amigos Bruno Rodrigues da Rocha e Leonardo Rodrigues da Rocha, conhecidos como Bruno e Léo Patativa.

Os irmãos foram vítimas de um trágico acidente aéreo ocorrido na cidade de Goiânia/GO.

Nossos mais profundos sentimentos!",0,0,5
Delegado Marcelo Freitas,@DelegadoFreitas,https://twitter.com/DelegadoFreitas/status/1638924098410512385,2023-03-23T15:22:09.000Z,"Semana de muito trabalho em Brasília. 

Mas a cada agenda, a cada atuação como parlamentar, mais eu firmo os meus passos no compromisso de representar o povo brasileiro. 

Política é missão e ação! 
E é assim que eu renovo a esperança de que estamos no caminho certo.",0,0,5
Delegado Marcelo Freitas,@DelegadoFreitas,https://twitter.com/DelegadoFreitas/status/1638638306610012163,2023-03-22T20:26:31.000Z,"Chega de invasões de terras em nosso país!

O União Brasil encaminha favorável à urgência dos Projetos de Lei 895/2023, a fim de que seja excluído de “qualquer auxílio, benefício ou participação em programas sociais federais”, aqueles que invadirem propriedades privadas…",1,0,3
Delegado Marcelo Freitas,@DelegadoFreitas,https://twitter.com/DelegadoFreitas/status/1638540897498324992,2023-03-22T13:59:27.000Z,"A PF deflagrou hoje uma operação de combate a uma organização criminosa que pretendia realizar ataques contra servidores públicos e autoridades, entre eles Sérgio Moro, Senador pelo União Brasil.

Minha total solidariedade à Moro e sua família!

Parabéns PF, orgulho nacional!",0,0,4
Delegado Marcelo Freitas,@DelegadoFreitas,https://twitter.com/DelegadoFreitas/status/1638281105559244814,2023-03-21T20:47:08.000Z,"A paralisação de atividades, com férias coletivas, em diversas montadoras de veículos, atrelada à desestabilização econômica em razão da alta dos juros, é questão preocupante.

A nosso sentir, o trabalho deve ser a força apta a resgatar o crescimento econômico!",2,0,2
Delegado Marcelo Freitas,@DelegadoFreitas,https://twitter.com/DelegadoFreitas/status/1637906070352822275,2023-03-20T19:56:52.000Z,"Estreitar laços. 

Esse foi o objetivo da reunião que tive com vereadores e pré-candidatos a vereadores aqui de Montes Claros, para as próximas eleições que virão. 

É fundamental o fortalecimento dos partidos para que possamos entregar subsídios de qualidade para a população.",2,0,2
Delegado Marcelo Freitas,@DelegadoFreitas,https://twitter.com/DelegadoFreitas/status/1637555861236113409,2023-03-19T20:45:16.000Z,"Vocês não imaginam a satisfação que tenho de poder contribuir para melhoria da qualidade de vida da população que vive na zona rural. 

Destinei essa entrega para a Associação de MILIVRE, por intermédio da nossa querida amiga vereadora Graça e da presidente da Associação, Mirian",1,0,3
Delegado Marcelo Freitas,@DelegadoFreitas,https://twitter.com/DelegadoFreitas/status/1636935318430535682,2023-03-18T03:39:27.000Z,"O PL 602/23, de nossa autoria, torna obrigatória a gravação de procedimentos em que o paciente receba anestesia ou sedativos, com perda total ou parcial de consciência.

As imagens serão protegidas por sigilo e o acesso será concedido somente mediante ordem judicial.",0,0,6
Delegado Marcelo Freitas,@DelegadoFreitas,https://twitter.com/DelegadoFreitas/status/1636114011275108353,2023-03-15T21:15:52.000Z,"O STF afastou  o governador, de ofício, sem requerimento do MP ou de quem quer que seja.

Nenhuma ação foi proposta!

A pena já foi aplicada!

A decisão de mandar voltar ao cargo escancara os abusos!

O judiciário existe para garantir direitos, não violá-los!",0,1,2
Delegado Marcelo Freitas,@DelegadoFreitas,https://twitter.com/DelegadoFreitas/status/1635976804694470658,2023-03-15T12:10:39.000Z,"A tradicional imprensa noticiando que “PM atira em homem desarmado no Rio”…

Desde quando é preciso que o criminoso esteja armado para repelir injusta agressão? Acaso o policial tem que sair “na mão” com quem vai pra cima dele?",1,0,1
Delegado Marcelo Freitas,@DelegadoFreitas,https://twitter.com/DelegadoFreitas/status/1635848733966450693,2023-03-15T03:41:45.000Z,"Denúncias apresentadas ao STF ignoram as condutas individuais e são redigidas em bloco, com textos idênticos!

Pessoas estão presas sem culpa formada!

Veículos estão apreendidos sem que os proprietários saibam as razões, já que simplesmente fretaram os ônibus!",1,1,5
Delegado Marcelo Freitas,@DelegadoFreitas,https://twitter.com/DelegadoFreitas/status/1635724785618657280,2023-03-14T19:29:13.000Z,"Chegar em casa com essa recepção não tem preço! 
Essa é a Chiquinha (minha filha apelidou de Batatinha), meu xodó! 🐶Nesse Dia Nacional dos Animais, vamos celebrar a diversidade de espécies e lembrar da importância de cuidarmos e protegermos esses seres tão especiais.",0,0,5
Delegado Marcelo Freitas,@DelegadoFreitas,https://twitter.com/DelegadoFreitas/status/1635023425168355330,2023-03-12T21:02:16.000Z,"Retornamos hoje a Rio Pardo de Minas, com menos de 40 dias de mandato, para inaugurar obras importantes e anunciar recurso.

Ao lado dos deputados Arlen e Gil, do Prefeito Tuquinha, do vice Davitt e de nossos vereadores, inauguramos poços artesianos, calçamento rural e UBS.",0,0,4
Delegado Marcelo Freitas,@DelegadoFreitas,https://twitter.com/DelegadoFreitas/status/1634638052499881984,2023-03-11T19:30:56.000Z,"Na vida, é sempre bom fazer novas amizades, porém o melhor que temos a fazer é conservar as antigas que nos lembram quem fomos e aonde podemos chegar!

Amigos da Escola Estadual Professor Plínio Ribeiro, antiga Escola Normal.

E lá se vão 30 anos direto do túnel do tempo…",0,0,3
Delegado Marcelo Freitas,@DelegadoFreitas,https://twitter.com/DelegadoFreitas/status/1633440887588941825,2023-03-08T12:13:50.000Z,"É nosso dever sagrado honrar a vida das mulheres. Sou grato por cada presença feminina na minha vida. Mas, enquanto sociedade, é necessário seguirmos na luta para promover um futuro com mais igualdade, direitos e oportunidades, reconhecendo e capacitando mulheres.",1,0,2
Delegado Marcelo Freitas,@DelegadoFreitas,https://twitter.com/DelegadoFreitas/status/1631980920478523392,2023-03-04T11:32:26.000Z,"Hoje é dia de comemorar o aniversário daquele que nos enche de orgulho por representar o estado de MG e atuar na defesa de todos os brasileiros no Congresso.

É bonito de ver a sua trajetória enquanto delegado da PF e,agora,como dep. sempre pautado na integridade e na justiça.",1,0,4
Delegado Marcelo Freitas,@DelegadoFreitas,https://twitter.com/DelegadoFreitas/status/1631417046217965572,2023-03-02T22:11:48.000Z,"Nesta semana tivemos a retomada das atividades da bancada mineira.  

Meu desejo é que iniciemos os trabalhos com sabedoria e que possamos unir forças em prol das demandas da nossa AMADA Minas!

Na oportunidade, desejo sorte ao Dep Luiz Fernando, eleito  coordenador da bancada.",1,0,2
Delegado Marcelo Freitas,@DelegadoFreitas,https://twitter.com/DelegadoFreitas/status/1631338600846565392,2023-03-02T17:00:05.000Z,"“Chegará um tempo em que,um povo para combater a corrupção,talvez tenha que retroagir uns vinte ou trinta anos no judiciário,pois é nele que se perpetua o mal!” (Maquiavel)

Sinto vontade de vomitar ao ver as decisões que estão sendo tomadas pela cúpula do judiciário brasileiro!",0,0,2
Delegado Marcelo Freitas,@DelegadoFreitas,https://twitter.com/DelegadoFreitas/status/1631043103552425991,2023-03-01T21:25:53.000Z,"O autointitulado MST é um movimento radical que fere o Estado de Direito. 

O MST não apenas invade como ameaça e impõe medo à comunidade rural. É necessário repreender e enfraquecer este grupo. 

Respeito às propriedades públicas e privadas!",0,5,11
