nome,usuario,idTweet,dataPublicacao,texto,replies,retweets,likes
Jefferson Campos,@DepJefferson,https://twitter.com/DepJefferson/status/1641050922011746306,2023-03-29T12:13:23.000Z,"Bom dia! 

A Câmara pode votar hoje MP que limita isenções do Programa de Retomada do Setor de Eventos. 
Também está na pauta a medida provisória que renova regime de tributação para multinacionais brasileiras.

Vamos a luta!",2,0,2
Jefferson Campos,@DepJefferson,https://twitter.com/DepJefferson/status/1640370274427125764,2023-03-27T15:08:44.000Z,"Nossas orações e solidariedade as professoras e aluno que foram esfaqueados essa manhã em uma escola na Vila Sônia em São Paulo. 

""Aprendemos a voar como os pássaros e a nadar como os peixes, mas não aprendemos a conviver como irmãos."" Martin Luther King",0,1,3
Jefferson Campos,@DepJefferson,https://twitter.com/DepJefferson/status/1638881230023278592,2023-03-23T12:31:48.000Z,"Nossa solidariedade ao senador Sérgio Moro e parabéns a Polícia Federal.
 
O crime e a violência não pode prevalecer nunca no Brasil. O diálogo e a paz é o caminho para construirmos uma sociedade melhor.",0,2,4
Jefferson Campos,@DepJefferson,https://twitter.com/DepJefferson/status/1638524406749118465,2023-03-22T12:53:55.000Z,Aprovamos nesta terça-feira (21) projeto de lei que determina a concessão sumária de medidas protetivas de urgência às mulheres a partir da denúncia a qualquer autoridade policial ou a partir de alegações escritas.,1,0,1
Jefferson Campos,@DepJefferson,https://twitter.com/DepJefferson/status/1638199463138189313,2023-03-21T15:22:42.000Z,"O racismo é a negação da humanidade do outro. 

Neste Dia Internacional Contra a Discriminação Racial, reafirmamos nosso compromisso em promover a igualdade, a justiça e o respeito mútuo, e em lutar contra qualquer forma de preconceito que ameace a dignidade humana.",0,0,2
Jefferson Campos,@DepJefferson,https://twitter.com/DepJefferson/status/1633475910870396934,2023-03-08T14:33:00.000Z,"O Ministro de Direitos Humanos, Silvio Almeida, defende descriminalizar drogas para reduzir população carcerária. 😳É cada uma que nem dá para acreditar! Próximo passo, descriminalização da corrupção para diminuir os escândalos? 🤔",1,0,3
Jefferson Campos,@DepJefferson,https://twitter.com/DepJefferson/status/1633456298195812353,2023-03-08T13:15:04.000Z,"Aprovamos também nesta terça-feira (7) a Medida Provisória 1140/22, que institui o Programa de Prevenção e Enfrentamento ao Assédio Sexual, à Violência Sexual e aos demais Crimes contra a Dignidade Sexual. A MP será enviada ao Senado.",0,0,1
Jefferson Campos,@DepJefferson,https://twitter.com/DepJefferson/status/1633453884336218113,2023-03-08T13:05:28.000Z,Aprovamos nesta terça-feira (7) projeto de lei que garante às mulheres o direito de indicar acompanhante durante consultas e exames para os quais haja necessidade de sedação. A proposta será enviada ao Senado.,0,0,1
Jefferson Campos,@DepJefferson,https://twitter.com/DepJefferson/status/1631290793016139782,2023-03-02T13:50:07.000Z,"A chamada linguagem neutra sob pretexto de incluir, exclui milhões de pessoas e ainda tenta normalizar a ideologia de gênero. Eles querem mudar a língua portuguesa para manipular a sociedade em prol da pauta ideológica. 

Nossa luta é contra isso!",0,1,4
Jefferson Campos,@DepJefferson,https://twitter.com/DepJefferson/status/1631243701984059392,2023-03-02T10:43:00.000Z,"“Deus não vê como homem, Ele vê o coração.”",0,1,3
