nome,usuario,idTweet,dataPublicacao,texto,replies,retweets,likes
Dep. Joaquim Passarinho,@depjpassarinho,https://twitter.com/depjpassarinho/status/1640496383558811650,2023-03-27T23:29:51.000Z,Rodovia estadual que liga Acará a Moju explode sob pressão da água e se parte ao meio; não há vítimas. https://colunaolavodutra.com.br/rodovia-estadual-que-liga-acara-a-moju-explode-sob-pressao-da-agua-e-se-parte-ao-meio-nao-ha-vitimas/… Rodovia muito importante para a economia da Região !! Urgente sua recuperação,1,2,4
Dep. Joaquim Passarinho,@depjpassarinho,https://twitter.com/depjpassarinho/status/1639641487398010881,2023-03-25T14:52:48.000Z,"Obras Públicas não precisam ser de péssima qualidade. O dinheiro público é seu, do contribuinte, de todos. Parece que a Orla de Salinas, inaugurada a pouco tempo, está se desfazendo, causando transtornos aos usuários. As empresastem responsabilidade com o serviço. Hora de cobrar",2,3,15
Dep. Joaquim Passarinho,@depjpassarinho,https://twitter.com/depjpassarinho/status/1638153412486344704,2023-03-21T12:19:43.000Z,"Hoje è aniversário de um homem que tem seu nome marcado na vida do Brasil. Alguém que reacendeu a amor à Pátria, a Família e a Liberdade. Com erros e defeitos sim, mas com sinceridade. Parabéns à um líder diferenciado de nossa Nação. Deus abençoe seus caminhos 🙏🙏",1,1,14
Dep. Joaquim Passarinho,@depjpassarinho,https://twitter.com/depjpassarinho/status/1637898942309343232,2023-03-20T19:28:33.000Z,"Mais uma vez o Governo “batendo cabeça” ao tomar atitude impensada, tabelando juros sem dialogar com a área econômica. Resultado: paralização geral dos Empréstimos Consignados, prejudicando Servidores Públicos e Aposentados. Governo sem rumo e sem propostas !",0,2,8
Dep. Joaquim Passarinho,@depjpassarinho,https://twitter.com/depjpassarinho/status/1637787196345184256,2023-03-20T12:04:30.000Z,"Parabéns ao Sindicato Rural de Tucurui e região que rapidamente se mobilizou, junto com as forças de segurança, e evitaram mais uma invasão de terras produtivas no Pará. Somente a união e mobilização do Setor Produtivo, que não aceita mais essas ações, terá resultado efetivo!!",1,4,12
Dep. Joaquim Passarinho,@depjpassarinho,https://twitter.com/depjpassarinho/status/1636360063412568065,2023-03-16T13:33:35.000Z,"IMPRESSIONANTE !!!
Alagamentos em Belém agora em março são culpa do Bolsonaro!! Meu Deus 😨 Até onde vai a “cara do pau” dessa gente ???? Vão trabalhar !! Parem de mentir para esconder suas incompetências !!",0,1,6
Dep. Joaquim Passarinho,@depjpassarinho,https://twitter.com/depjpassarinho/status/1635602924070944768,2023-03-14T11:24:59.000Z,"Governo do Pará instala base fixa da 'Operação Curupira' em Novo Progresso | Agência Pará        Espero que as ações sejam de orientação e legalização e não apenas REPRESSÃO !! Precisamos muito do Estado para ajudar o Produtor, legalizar e não punir apenas",0,1,4
Dep. Joaquim Passarinho,@depjpassarinho,https://twitter.com/depjpassarinho/status/1633787979805147137,2023-03-09T11:13:03.000Z,"Parabéns aos Produtores Rurais Paraenses que acreditam no trabalho do Campo. Parabéns Santarem por sediar esse momento nacional, mostrando o potencial do nosso Estado 👏👏",0,0,6
Dep. Joaquim Passarinho,@depjpassarinho,https://twitter.com/depjpassarinho/status/1633581728924090370,2023-03-08T21:33:29.000Z,"Minha solidariedade a FAEPA e a todos os Produtores Rurais do Pará em virtude da “agressão” gratuita e indevida contra seu Prédio Sede em Belém. O Homem do Campo leva esse País nas costas e alimenta inclusive esse tipo de gente, que não produz nada, nem sua própria comida !!",1,0,5
Dep. Joaquim Passarinho,@depjpassarinho,https://twitter.com/depjpassarinho/status/1633126101470814213,2023-03-07T15:22:59.000Z,"Triste a notícia que corre no Congresso Nacional de que o Governo oferece Recursos Extras para Parlamentares que “retirarem” suas assinaturas da CPMI dos atos de 08 de janeiro. Além disso, ameaçam NÃO pagar Emendas de quem estiver com suas assinaturas na CPMI. Compra? Triste 😞",1,1,8
