nome,usuario,idTweet,dataPublicacao,texto,replies,retweets,likes
Daniel Freitas,@DFDanielFreitas,https://twitter.com/DFDanielFreitas/status/1641157204303593472,2023-03-29T19:15:43.000Z,Acabamos de protocolar um pedido de impeachment em conjunto contra o Lula.,69,449,2.349
Daniel Freitas,@DFDanielFreitas,https://twitter.com/DFDanielFreitas/status/1641148028269494302,2023-03-29T18:39:15.000Z,Coletiva de lançamento da CPMI do Crime Organizado. Vamos pra cima. Peça pro seu deputado e senador assinar o apoio.,3,85,271
Daniel Freitas,@DFDanielFreitas,https://twitter.com/DFDanielFreitas/status/1640788703411839003,2023-03-28T18:51:25.000Z,"Não, não é comum um ministro de Estado entrar sem escolta policial dentro de uma área dominada por narcotraficantes. Nem aqui e nem em qualquer lugar do mundo isso é normal.",8,123,417
Daniel Freitas,@DFDanielFreitas,https://twitter.com/DFDanielFreitas/status/1640392599721713665,2023-03-27T16:37:27.000Z,"Presidente Bolsonaro ao vivo no Pânico confirmou o seu retorno ao Brasil. Ele chega nesta quinta, às 7h da manhã, em Brasília.",9,132,701
Daniel Freitas,@DFDanielFreitas,https://twitter.com/DFDanielFreitas/status/1639689168430198784,2023-03-25T18:02:16.000Z,👍,3,1,21
Daniel Freitas,@DFDanielFreitas,https://twitter.com/DFDanielFreitas/status/1639670095722033152,2023-03-25T16:46:29.000Z,Lula adiou viagem pra China e não tem data certa para ir. Péssimo sábado pra Joesley,6,13,113
Daniel Freitas,@DFDanielFreitas,https://twitter.com/DFDanielFreitas/status/1639013075276660736,2023-03-23T21:15:43.000Z,"Rapaaaz..que lapada 😆Vai pro sol se secar, Renan!",6,26,117
Daniel Freitas,@DFDanielFreitas,https://twitter.com/DFDanielFreitas/status/1639008434707374088,2023-03-23T20:57:16.000Z,Visão de mercado,2,9,46
Daniel Freitas,@DFDanielFreitas,https://twitter.com/DFDanielFreitas/status/1638628376750505984,2023-03-22T19:47:03.000Z,"A CPMI já tem data pra ser instaurada: 
Ficou acordado com o Pacheco que a sessão acontecerá entre os dias 11 e 14 de abril. Logo, o requerimento será lido e a CPMI instalada.

Até lá vão tentar de tudo para que os parlamentares retirem seus apoios. Estamos em vigia, nome a nome.",6,21,94
Daniel Freitas,@DFDanielFreitas,https://twitter.com/DFDanielFreitas/status/1638519216566419456,2023-03-22T12:33:18.000Z,Quem era o mandante da chacina? Quem queria que o Sergio Moro e sua família fossem assassinados?,12,20,136
Daniel Freitas,@DFDanielFreitas,https://twitter.com/DFDanielFreitas/status/1638376614898593793,2023-03-22T03:06:39.000Z,"Aproveitei o final da noite pra assistir o @CriciumaEC pelas quartas do catarinense. O jogo foi para os pênaltis e o resultado foi simplesmente:

Criciúma 14 x Avaí 13

Meu Senhor, eu não tenho mais idade pra isso. Teste pra cardíaco, ta maluco 

Parabéns, Tigre
Bora pra semi 💪",1,2,36
Daniel Freitas,@DFDanielFreitas,https://twitter.com/DFDanielFreitas/status/1638184530124107778,2023-03-21T14:23:22.000Z,"Feliz aniversário, meu presidente. Que Deus siga o abençoando e protegendo contra o mal. Muita saúde, paz e momentos felizes junto aos seus. Tenho muito orgulho de fazer parte do seu time, conte sempre comigo para qualquer batalha. Um forte e sincero abraço.",7,22,166
Daniel Freitas,@DFDanielFreitas,https://twitter.com/DFDanielFreitas/status/1637845379617046528,2023-03-20T15:55:42.000Z,"A CPI do 8 de janeiro da Senadora Soraya Thronicke não conseguiu as assinaturas necessárias. 

Já a CPMI proposta pelo deputado @andrefernm segue no jogo.",1,7,53
Daniel Freitas,@DFDanielFreitas,https://twitter.com/DFDanielFreitas/status/1637151625834815490,2023-03-18T17:58:59.000Z,"Pra quem gosta de pagar impostos pode comemorar, pois o DPVAT vai voltar.",1,19,61
Daniel Freitas,@DFDanielFreitas,https://twitter.com/DFDanielFreitas/status/1636791375101296653,2023-03-17T18:07:28.000Z,O Alckmin é a favor da CPMI do 8 de janeiro?,7,9,53
Daniel Freitas,@DFDanielFreitas,https://twitter.com/DFDanielFreitas/status/1636426349068926978,2023-03-16T17:56:59.000Z,"O deputado @marcelvanhattem desde o início foi um grande parceiro para que aprovássemos a PEC do BNDES, sendo que foi um dos coautores da matéria. 
Seu apoio e de todos que assinaram será primordial para passarmos pelos próprios trâmites. 
Meu agradecimento pela valorosa ajuda.",7,44,247
Daniel Freitas,@DFDanielFreitas,https://twitter.com/DFDanielFreitas/status/1636409629939843098,2023-03-16T16:50:33.000Z,"Conseguimos a nossa primeira vitória com a PEC do BNDES. Eu não tenho medo e não vou parar, doa a quem doer. Imposto dos brasileiros não vai mais pagar obras de ditador que é amigo do rei.",12,127,419
Daniel Freitas,@DFDanielFreitas,https://twitter.com/DFDanielFreitas/status/1636356991915360265,2023-03-16T13:21:23.000Z,ATENÇÃO: acabamos de conseguir as 171 assinaturas pra PEC DO BNDES!!,17,51,336
Daniel Freitas,@DFDanielFreitas,https://twitter.com/DFDanielFreitas/status/1636167445059624961,2023-03-16T00:48:12.000Z,Os anjos que estão tocando o terror no Rio Grande do Norte já recadastraram as suas armas na PF?,5,16,98
Daniel Freitas,@DFDanielFreitas,https://twitter.com/DFDanielFreitas/status/1636131577720713217,2023-03-15T22:25:40.000Z,"Amigos, faltam apenas 5 assinaturas pra iniciarmos a tramitação da PEC do BNDES.",22,39,195
Daniel Freitas,@DFDanielFreitas,https://twitter.com/DFDanielFreitas/status/1636107362242052096,2023-03-15T20:49:27.000Z,Não se negocia com bandido.,2,6,56
Daniel Freitas,@DFDanielFreitas,https://twitter.com/DFDanielFreitas/status/1635708403329769472,2023-03-14T18:24:08.000Z,"Sujeitinho patético, dissimulado.",13,6,32
Daniel Freitas,@DFDanielFreitas,https://twitter.com/DFDanielFreitas/status/1635660929848299521,2023-03-14T15:15:29.000Z,"Pessoal, pra esclarecer: o Pacheco comunicou ao STF que não vai abrir a CPI da Sen. Soraya, não é a ‘nossa’. De fato ela não pode ir adiante pq é da legislatura passada. 

A que defendemos, do deputado @andrefernm , é uma CPMI e está dentro dos conformes legais. Segue o jogo.",4,29,93
Daniel Freitas,@DFDanielFreitas,https://twitter.com/DFDanielFreitas/status/1635424248729567232,2023-03-13T23:35:00.000Z,"O dep. @mfriasoficial publicou a informação de que a Ludmilla receberá quase R$5 milhões da Lei Rouanet para a produção de um programa que será transmitido na televisão. Ele vai contar a história da artista e será apresentado por ela. 

Já foi publicado no Diário Oficial.",7,16,70
Daniel Freitas,@DFDanielFreitas,https://twitter.com/DFDanielFreitas/status/1634937977255391232,2023-03-12T15:22:44.000Z,"Nossa, que relutância. Até parece que estão escondendo alguma coisa",9,13,49
Daniel Freitas,@DFDanielFreitas,https://twitter.com/DFDanielFreitas/status/1634308298114580483,2023-03-10T21:40:36.000Z,"Imagina você chegar ao ponto de REALMENTE acreditar que 200 pessoas estão erradas e você é a ÚNICA mente brilhante no local. 🤣Quando saem da bolha e dão de cara com a vida longe de filtros e bobajadas de internet, desmoronam. 

A bigorna da realidade é implacável.",8,48,236
Daniel Freitas,@DFDanielFreitas,https://twitter.com/DFDanielFreitas/status/1633907605125906436,2023-03-09T19:08:24.000Z,ué,5,15,43
Daniel Freitas,@DFDanielFreitas,https://twitter.com/DFDanielFreitas/status/1633278386863734784,2023-03-08T01:28:06.000Z,"Derrubamos o requerimento de urgência do projeto que propunha uma espécie de programa que financiava o aborto no nosso país. 

Se entrar na pauta de novo, tiraremos mais uma vez. Seguimos em alerta.",9,45,244
Daniel Freitas,@DFDanielFreitas,https://twitter.com/DFDanielFreitas/status/1633104874308005888,2023-03-07T13:58:38.000Z,"🚨ATENÇÃO: Está na pauta de hoje o PL 7559/14, o qual, resumidamente, propõe uma espécie de programa pra financiar aborto no Brasil. Estamos reunidos desde cedo e vamos entrar imediatamente com um requerimento pra que esse absurdo SEQUER seja pautado.",6,40,109
Daniel Freitas,@DFDanielFreitas,https://twitter.com/DFDanielFreitas/status/1632899587164844032,2023-03-07T00:22:54.000Z,"Senador @rodrigopacheco , pq a demora para instaurar a CPMI se já há as assinaturas necessárias?",24,82,378
Daniel Freitas,@DFDanielFreitas,https://twitter.com/DFDanielFreitas/status/1632881578006151169,2023-03-06T23:11:20.000Z,Tem alguém desesperado,4,31,105
Daniel Freitas,@DFDanielFreitas,https://twitter.com/DFDanielFreitas/status/1632875624716017667,2023-03-06T22:47:40.000Z,"Imagina você ser trabalhador honesto e digno e ser chantageado por um vagabundo como o José Rainha? Meus parabéns pro @DerriteSP e
equipes policiais de São Paulo que prenderam esse sem vergonha que extorquia fazendereiros mediante ameaça de invasão das suas propriedades rurais.",3,18,90
Daniel Freitas,@DFDanielFreitas,https://twitter.com/DFDanielFreitas/status/1632529851851718656,2023-03-05T23:53:42.000Z,"O ditador Daniel Ortega da Nicarágua foi denunciado na ONU por crimes contra a humanidade. O Lula se NEGOU a assinar o apoio ao documento. 

Lembrando que isso aqui aconteceu durante a campanha 👇",12,198,451
Daniel Freitas,@DFDanielFreitas,https://twitter.com/DFDanielFreitas/status/1631783558137237505,2023-03-03T22:28:11.000Z,🚨URGENTE: Lista atualizada dos deputados que ainda NÃO assinaram apoio à Pec do BNDES (nesta PEC proponho que toda obra internacional a ser financiada pelo BNDES tenha tbm que ter o aval do Congresso e não somente do presidente):,6,65,204
Daniel Freitas,@DFDanielFreitas,https://twitter.com/DFDanielFreitas/status/1631655571064778752,2023-03-03T13:59:37.000Z,"A pesca industrial da tainha em Santa Catarina acaba de ser proibida pelo governo Lula. 
Quantos pescadores que trabalham com barcos pesqueiros vão ficar a ver navios? E suas famílias, como serão sustentadas?",10,43,115
Daniel Freitas,@DFDanielFreitas,https://twitter.com/DFDanielFreitas/status/1631290903942819843,2023-03-02T13:50:34.000Z,"Lista atualizada de quem assinou ✅ e de quem não ❌ assinou o apoio à PEC do BNDES (nesta PEC proponho que toda obra internacional a ser financiada pelo BNDES tenha tbm que ter o aval do Congresso e não somente do presidente). 
Está separado por estado:",23,54,127
