nome,usuario,idTweet,dataPublicacao,texto,replies,retweets,likes
Enio Verri,@enioverri,https://twitter.com/enioverri/status/1641531239260626953,2023-03-30T20:02:00.000Z,"Volta do PAA. 
Lula recria uma das principais políticas de combate à fome do país e de incentivo à agricultura familiar. A compra dos produtos atende pessoas em situação de insegurança alimentar, à rede pública de saúde e educação, entidades socioassistenciais e outros.",2,21,83
Enio Verri,@enioverri,https://twitter.com/enioverri/status/1641199302025551873,2023-03-29T22:03:00.000Z,"Quem ainda quer realizar o sonho da casa própria?
O Minha Casa e Minha Vida está de volta para fazer a população concretizar o desejo de dar teto para sua família! A previsão é contratar mais de 2 milhões de moradias até 2026.
Gostaram dessa volta?",0,18,66
Enio Verri,@enioverri,https://twitter.com/enioverri/status/1641154880919273473,2023-03-29T19:06:29.000Z,"Parabéns aos curitibanos (as) pelos 330 anos da nossa Curitiba!
É o seu povo que faz a nossa capital com tanta luta, trabalho e histórias. Tenho orgulho de ter Curitiba em nosso Estado, de ter essa cidade com tanta qualidade de vida e do povo que fez dela a capital que é hoje!",0,4,31
Enio Verri,@enioverri,https://twitter.com/enioverri/status/1641062413788119042,2023-03-29T12:59:03.000Z,"FAKE NEWS DESTROEM VIDAS
Em Guarujá-SP, a mãe de Yasmin foi espancada até a morte após ser confundida por conta de fake news. Fatos assim mostram como as fake news despertam o ódio, com consequências irreversíveis.
É hora de promover a união e a reconstrução#Brasilcontrafake",2,13,26
Enio Verri,@enioverri,https://twitter.com/enioverri/status/1640868454101123077,2023-03-29T00:08:19.000Z,"Cerimônia dos novos diretores da Itaipu, Luiz Fernando Ferreira Delazari, diretor jurídico; Renato Sacramento, diretor técnico executivo; Carlos Carboni, diretor de coordenação e Iggor Gomes Rocha, diretor administrativo. 
Gostaram desse cenário maravilhoso?
Foto: Stela Guimarães…",7,18,76
Enio Verri,@enioverri,https://twitter.com/enioverri/status/1640730966305157120,2023-03-28T15:02:00.000Z,"COMEÇOU O PAGAMENTO BOLSA FAMÍLIA CADASTRADOS COM O (NIS) FINAL 7
O valor mínimo é de R$600 mais R$150 por criança até 6 anos! Ao todo, 8,9 milhões de crianças receberão adicional. A partir de junho, serão pagos R$50 por crianças e adolescentes entre 7 e 18 anos e por gestantes.",0,5,14
Enio Verri,@enioverri,https://twitter.com/enioverri/status/1640716994973696003,2023-03-28T14:06:29.000Z,"Parabéns, presidenta @dilmabr. Estamos orgulhosos.",2,17,98
Enio Verri,@enioverri,https://twitter.com/enioverri/status/1640709142561300485,2023-03-28T13:35:17.000Z,Bom dia. Uma boa terça-feira para todo mundo!,0,1,17
Enio Verri,@enioverri,https://twitter.com/enioverri/status/1640454794606268416,2023-03-27T20:44:35.000Z,"Olha a festa que prepararam para mim, aqui na Itaipu!
Agora a tarde, recebi essa surpresa. Os parabéns dos colegas e parceiros na minha nova casa e o termo de posse assinado pelo presidente Lula de presente!
Agradeço o carinho e a atenção de todas e todos! Vai um bolinho?",8,13,161
Enio Verri,@enioverri,https://twitter.com/enioverri/status/1640406771217883138,2023-03-27T17:33:46.000Z,"Atenção, estudantes! MEC divulgou prazos sobre isenção da taxa de inscrição no Enem 2023 e justificar ausência no exame de 2022. De 17 a 28 de abril, acesse: https://enem.inep.gov.br/participante/#!/… , informe o CPF e data de nascimento, além de endereço de e-mail e número de telefone válidos.",0,3,7
Enio Verri,@enioverri,https://twitter.com/enioverri/status/1640370818046648320,2023-03-27T15:10:54.000Z,"Hoje é aniversário, e o trabalho está especial também. Recebo os quatro novos diretores de Itaipu, Luiz Fernando Delazari como diretor jurídico, Renato Sacramento na Diretoria Técnica Executiva, Carlos Carboni diretor de coordenação e Iggor Gomes Rocha diretor administrativo. Um…",7,8,55
Enio Verri,@enioverri,https://twitter.com/enioverri/status/1640358183553355779,2023-03-27T14:20:41.000Z,"A cultura do ódio, do preconceito, da desinformação é extremamente nociva para nossa sociedade. Adoecem jovens e trazem tragédias como a de hoje. Precisamos discutir esse tema com seriedade, sem tentar esconder os problemas que estamos enfrentando.",1,6,27
Enio Verri,@enioverri,https://twitter.com/enioverri/status/1640314138760028161,2023-03-27T11:25:40.000Z,Hoje tem balãozinho aqui! Bom dia!,16,11,66
Enio Verri,@enioverri,https://twitter.com/enioverri/status/1640111164330835971,2023-03-26T21:59:08.000Z,O tema é esse: união e reconstrução.,4,15,77
Enio Verri,@enioverri,https://twitter.com/enioverri/status/1640017663932899331,2023-03-26T15:47:35.000Z,"Estamos voltando a falar de desinformação porque o combate à fake news no Brasil precisa ser levado muito à sério. 

O compartilhamento de fake news podem destruir reputações, pessoas, vidas. Qualquer um pode ser vítima. Vamos unir o #BrasilContraFake.",3,20,50
Enio Verri,@enioverri,https://twitter.com/enioverri/status/1639979800742723585,2023-03-26T13:17:08.000Z,Bom dia! Vamos aproveitar esse domingo!,4,1,28
Enio Verri,@enioverri,https://twitter.com/enioverri/status/1639653496428412929,2023-03-25T15:40:31.000Z,"E a Unila?
Vamos terminar a obra da Universidade. É um compromisso do presidente Lula, e que vamos construir essa parceria com o @min_educacao e @usina_itaipu. Um sonho que une ensino e integração. 📚👩🏽‍🏫🧑🏻‍🏫🧑🏼‍🎓🧑🏿‍🔬Que acham dessa volta da atenção com o ensino superior? #Educação",5,27,106
Enio Verri,@enioverri,https://twitter.com/enioverri/status/1639280407953719302,2023-03-24T14:58:00.000Z,"Caiu pela 3a vez o preço médio do diesel A para as distribuidoras. De R$ 4,02 para R$ 3,84/ litro, - 4,5%. O corte deve chegar às bombas nos próximos dias e pode afetar o frete de produtos, melhorando o preço de alimentos em supermercados, feiras e aliviar o bolso do consumidor.",1,6,42
Enio Verri,@enioverri,https://twitter.com/enioverri/status/1639277364029935617,2023-03-24T14:45:54.000Z,"Parabéns à presidenta Dilma Rousseff pela confirmação do seu nome no comando do banco do Brics. Com a indicação de Lula, @dilmabr terá mandato até julho de 2025. Tenho certeza que será uma gestão séria, de prosperidade e de maior cooperação e integração entre os países membros.",3,14,119
Enio Verri,@enioverri,https://twitter.com/enioverri/status/1639273411032522753,2023-03-24T14:30:12.000Z,"Presidente @LulaOficial, melhoras! E cuide-se, como você cuida do Brasil, que passa mais rápido!",1,0,39
Enio Verri,@enioverri,https://twitter.com/enioverri/status/1639251505432915969,2023-03-24T13:03:09.000Z,Sextou com S de Salve à Cultura!,0,9,34
Enio Verri,@enioverri,https://twitter.com/enioverri/status/1639023305666560002,2023-03-23T21:56:22.000Z,"TBT da terra! O PAA voltou e com ele lembranças de como os produtores locais ocupam espaço importante na economia.
As hortas comunitárias em Maringá, são exemplos que geram emprego e renda para mais de 1,2 mil famílias. Investimos com emendas mais R$ 1,3 milhão. A gente precisa…",0,2,17
Enio Verri,@enioverri,https://twitter.com/enioverri/status/1638916310284337152,2023-03-23T14:51:12.000Z,"Nós vamos fazer Itaipu ser reconhecida pelos seus investimentos no Paraná. Ela já é responsável por grandes obras em benefício da população e desenvolvimento estadual. Nossa capacidade é gigante e isso é ótimo para melhorar a infraestrutura regional. 
O país está em um momento…",3,9,59
Enio Verri,@enioverri,https://twitter.com/enioverri/status/1638873476709908480,2023-03-23T12:01:00.000Z,AO VIVO! Acompanhe minha entrevista na TVPT sobre a função social e desenvolvimentista da @usina_itaipu. Envie seu comentário no chat!,0,3,9
Enio Verri,@enioverri,https://twitter.com/enioverri/status/1638677938056093696,2023-03-22T23:04:00.000Z,Dia de visita e presentes incríveis nesse encontro com o diretor-geral paraguaio Manuel Maria Cáceres. Gostei muito e agradeci por ser tão bem recebido na Itaipu.,1,5,33
Enio Verri,@enioverri,https://twitter.com/enioverri/status/1638613764911300608,2023-03-22T18:49:00.000Z,"Dia Mundial da Água lembramos da importância do uso sustentável da água, da ampliação do acesso como direito fundamental de todos! Em Itaipu, recebi nosso infográfico do Dia Mundial da Água das mãos da Silvana Vitorassi, Leila Alberton, Rodrigo Cupelli e Luciany Franco.",1,8,47
Enio Verri,@enioverri,https://twitter.com/enioverri/status/1638588602463526934,2023-03-22T17:09:00.000Z,Relançamento do Programa de Aquisição de Alimento (PAA) hoje. Lula vai até Recife (PE) para anunciar a volta da compra pública de produtos da agricultura familiar. Um programa que soma no combate à fome e faz o campo gerar renda.,2,7,42
Enio Verri,@enioverri,https://twitter.com/enioverri/status/1638545996920635396,2023-03-22T14:19:43.000Z,"É com profunda tristeza que comunico o falecimento da colega prof. Magda Lúcia Félix de Oliveira. Amiga dos tempos de sala de aula, companheira de militância pela democracia tanto na universidade quanto nos movimentos sociais. 
Minha solidariedade à família e amigos.",2,2,21
Enio Verri,@enioverri,https://twitter.com/enioverri/status/1638529418334175232,2023-03-22T13:13:50.000Z,Começando com mais políticas de combate à fome e à inflação de alimentos voltando. Programa de Aquisição de Alimentos! #PAAvoltouBom dia!,4,11,53
Enio Verri,@enioverri,https://twitter.com/enioverri/status/1638271943563530265,2023-03-21T20:10:43.000Z,As mulheres mães de família sabem melhor do que ninguém o quanto o Bolsa Família é importante para cuidar de seus filhos e estruturar melhor as suas vidas.,1,5,24
Enio Verri,@enioverri,https://twitter.com/enioverri/status/1638243761414078464,2023-03-21T18:18:44.000Z,"Concordo com Lula. Sou economista e penso que, com a economia voltando a crescer, a geração de emprego e renda também voltam a acontecer no país. Além disso, aumentar o poder de compra da classe média aquece o consumo, e exige mais contratações no comércio e maior produção na…",150,81,419
Enio Verri,@enioverri,https://twitter.com/enioverri/status/1638173241608146950,2023-03-21T13:38:31.000Z,"É Dia Internacional pela Eliminação da Discriminação Racial, dia de reafirmar que é preciso ser antirracista, que todo tipo de preconceito não será tolerado, que o racismo deve ser punido. As políticas de igualdade racial são um caminho e a educação também. Diga não ao racismo!",5,7,48
Enio Verri,@enioverri,https://twitter.com/enioverri/status/1638149052503146496,2023-03-21T12:02:24.000Z,Bom dia! Vamos juntos nessa terça-feira!,3,1,27
Enio Verri,@enioverri,https://twitter.com/enioverri/status/1637952659205378050,2023-03-20T23:02:00.000Z,"Tem mais notícia importante hoje. Lançamento do novo Mais Médicos, com contratação de mais 15 mil médicos nessa primeira fase.

Acredito que toda a população que depende da saúde pública espera pela chegada desses profissionais por todo o país.",6,31,98
Enio Verri,@enioverri,https://twitter.com/enioverri/status/1637810660590473221,2023-03-20T13:37:45.000Z,"Bom dia. Vamos de informação. Começam hoje os pagamentos do novo Bolsa Família. São R$ 14 bilhões em investimentos esse mês, contemplando 21 milhões de famílias. Bom dia e confiram o calendário.",0,5,26
Enio Verri,@enioverri,https://twitter.com/enioverri/status/1637580974673240065,2023-03-19T22:25:03.000Z,"Encontrei um irmão um irmão perdido aqui em Itaipu!

Até d. Lucinda, minha mãe, achou o Olivério Pacheco parecido com a gente.

Ele já tem quase 10 anos na Itaipu, trabalhando como motorista de vários diretores. Muito gente boa!

Vocês acham que posso mandar o Olivério no meu…",63,57,1.646
Enio Verri,@enioverri,https://twitter.com/enioverri/status/1637437248005373954,2023-03-19T12:53:56.000Z,"Bom dia! Depois de uma semana muito intensa com a cerimônia de posse, vamos iniciar novos ciclos. Bom domingo!",15,10,183
Enio Verri,@enioverri,https://twitter.com/enioverri/status/1637135981760356357,2023-03-18T16:56:49.000Z,"Também estou junto com o governo Lula nesse gesto de amor à vida.

Vacina é vida #VacinaPraTodos 💉 ❤️",0,10,58
Enio Verri,@enioverri,https://twitter.com/enioverri/status/1637095008816832514,2023-03-18T14:14:00.000Z,Bom dia! Um sábado de tranquilidade para todos!,3,4,34
Enio Verri,@enioverri,https://twitter.com/enioverri/status/1636865230033526789,2023-03-17T23:00:56.000Z,Ninguém vai esquecer desse Oi Lula e dessa declaração de amor.,24,25,234
Enio Verri,@enioverri,https://twitter.com/enioverri/status/1636736218216951810,2023-03-17T14:28:18.000Z,"E vejam quem roubou a cena ontem! Oi, Lula!",62,40,310
Enio Verri,@enioverri,https://twitter.com/enioverri/status/1636709202197454850,2023-03-17T12:40:57.000Z,"Bom dia! Oi Lula, foi ótima a cerimônia de ontem na Itaipu!",6,8,113
Enio Verri,@enioverri,https://twitter.com/enioverri/status/1636478727029760000,2023-03-16T21:25:07.000Z,"Como disse ao @LulaOficial e à @JanjaLula, vou trabalhar para que a Itaipu seja um grande orgulho para os brasileiros e, principalmente, para os paranaenses.@usina_itaipu é grande e fará com que seus propósitos sejam gigantes com mais tecnologia, desenvolvimento e papel social!",4,16,165
Enio Verri,@enioverri,https://twitter.com/enioverri/status/1636417192618246144,2023-03-16T17:20:36.000Z,"Muito feliz com a responsabilidade de dirigir uma empresa de tantas histórias. Hoje, assumi o compromisso de que a Itaipu voltará a ter o papel estratégico no desenvolvimento do Paraná e do Brasil. Obrigado a todos e todas!

Foto: @ricardostuckert",41,161,916
Enio Verri,@enioverri,https://twitter.com/enioverri/status/1636374384310128642,2023-03-16T14:30:30.000Z,"Sua vitória, Presidente Lula, devolve a esperança, que venceu o medo mais uma vez. A democracia derrotou o ódio. Fora da democracia, é o império da barbárie. 

Por isso, vamos em frente, com fé, esperança e fraternidade! A construção do futuro que queremos já começou!",1,14,58
Enio Verri,@enioverri,https://twitter.com/enioverri/status/1636374287065169922,2023-03-16T14:30:07.000Z,"Como diretor-geral brasileiro de Itaipu, me comprometo com a política do Governo do Presidente Lula de resgatar a dignidade e os direitos inalienáveis dos povos originários para garantir todos os direitos às comunidades indígenas da área de influência da usina.",2,6,67
Enio Verri,@enioverri,https://twitter.com/enioverri/status/1636374002792013825,2023-03-16T14:28:59.000Z,"Reitero o compromisso central do Governo Lula: fortalecer o papel estratégico de Itaipu no desenvolvimento. Queremos participar ativamente e subsidiar políticas do Governo Federal, em parceria com os governos estadual e municipais do Paraná.",4,16,88
Enio Verri,@enioverri,https://twitter.com/enioverri/status/1636373725716295681,2023-03-16T14:27:53.000Z,"Presidente Lula, seu governo plantou em Foz do Iguaçu as tamareiras do conhecimento e do saber: o Parque Tecnológico Itaipu, que emergiu de uma parceria com o Campus de Foz do Iguaçu da Unioeste; a Universidade Federal da Integração Latino-Americana, a UNILA; e o IFPR.",3,15,74
Enio Verri,@enioverri,https://twitter.com/enioverri/status/1636372844207837190,2023-03-16T14:24:23.000Z,Falar de Itaipu é falar do triunfo da diplomacia. Itaipu é a materialização do espírito de duas nações soberanas dispostas a inaugurar um novo ciclo no relacionamento entre seus povos.📸Stela Guimarães,7,24,134
Enio Verri,@enioverri,https://twitter.com/enioverri/status/1636372292245794824,2023-03-16T14:22:11.000Z,"A Itaipu voltará a colaborar ativamente com o Governo Federal, com os recursos e a reconhecida excelência técnica dos seus empregados e empregadas para fortalecer as políticas sociais de inclusão e combate a toda forma de desigualdade. 📸Stela Guimarães",2,6,52
Enio Verri,@enioverri,https://twitter.com/enioverri/status/1636370260759838725,2023-03-16T14:14:07.000Z,"Muito feliz de estar nesse momento e iniciar o trabalho que faremos na @usina_itaipu. Obrigado, presidente @LulaOficial !",0,8,31
Enio Verri,@enioverri,https://twitter.com/enioverri/status/1636348698186719232,2023-03-16T12:48:26.000Z,"Nossa solenidade de posse na Itaipu Binacional é hoje. 

No Cineteatro dos Barrageiros, na usina hidrelétrica de Itaipu, com a participação dos presidentes do Brasil, Lula, e do Paraguai, Mario Abdo Benítez.
Ao vivo:",2,4,30
Enio Verri,@enioverri,https://twitter.com/enioverri/status/1636161244431282177,2023-03-16T00:23:33.000Z,"Um encontro com o ex-colega de Bancada e companheiro de pautas na Câmara, o ministro-chefe da Secom @Pimenta13Br.

O ministro estava me contando sobre os novos rumos das políticas de comunicação para unir e reconstruir o Brasil.",1,3,32
Enio Verri,@enioverri,https://twitter.com/enioverri/status/1636099668357554177,2023-03-15T20:18:52.000Z,"Estou conhecendo todos os espaços da Itaipu e encantado com o potencial humano que temos. Nessa minha primeira visita à usina, pude ver os principais desafios da área. Vi muita competência e pessoas com visão muito grande para o futuro. 📸: Rafa Kondlatsch/ @usina_itaipu",8,19,119
Enio Verri,@enioverri,https://twitter.com/enioverri/status/1636017566509330433,2023-03-15T14:52:38.000Z,"Vem chegando para acompanhar nossa história e nosso trabalho por aqui! Segue lá enioverri.

Muito obrigado por formar essa rede junto com a gente!",0,2,25
Enio Verri,@enioverri,https://twitter.com/enioverri/status/1635660653867286529,2023-03-14T15:14:23.000Z,"Começo a semana em Itaipu assinando o livro de posse. Nova missão iniciada com sucesso aqui, em Foz do Iguaçu. 📷 Rubens Fraulini/ Itaipu Binacional.",42,70,642
Enio Verri,@enioverri,https://twitter.com/enioverri/status/1635627460225122306,2023-03-14T13:02:29.000Z,"Bom dia, pessoal! Ótima terça-feira de trabalho a todos e todas.",1,1,27
Enio Verri,@enioverri,https://twitter.com/enioverri/status/1635341859764719616,2023-03-13T18:07:37.000Z,"Hoje, despeço-me do mandato de deputado federal. Uma decisão que não é fácil. Afinal de contas, nossos mandatos foram feitos e voltados para vocês!
Só quero dizer: muito obrigado por construirmos juntos esse projeto! Continuaremos lutando por um PR e um BR cada vez mais justos!",25,36,252
Enio Verri,@enioverri,https://twitter.com/enioverri/status/1635267733251297283,2023-03-13T13:13:04.000Z,Começando a semana com algumas novidades. Boa segunda-feira!,0,1,24
Enio Verri,@enioverri,https://twitter.com/enioverri/status/1634942127389184005,2023-03-12T15:39:13.000Z,Passar a noite de sábado ao som do show de Chico Buarque é sempre uma experiência maravilhosa! Bom domingo!,0,5,59
Enio Verri,@enioverri,https://twitter.com/enioverri/status/1634564821738815489,2023-03-11T14:39:56.000Z,"Faço questão de agradecer novamente ao presidente  Lula por confiar em meu nome para a Diretoria-Geral da Itaipu. Reforço nosso compromisso em estar alinhado ao governo na modernização e democratização do setor energético, além da promoção do desenvolvimento do Paraná e Brasil.",25,32,254
Enio Verri,@enioverri,https://twitter.com/enioverri/status/1634272820581597184,2023-03-10T19:19:38.000Z,"Lula e Dilma, políticas para as mulheres... Essa semana foi cheia de boas notícias!",1,7,38
Enio Verri,@enioverri,https://twitter.com/enioverri/status/1634235689712713728,2023-03-10T16:52:05.000Z,Vamos preparar a picanha e cervejinha para o fim de semana? #FazoL,15,15,73
Enio Verri,@enioverri,https://twitter.com/enioverri/status/1634212538068893700,2023-03-10T15:20:05.000Z,"Lula sabe o caminho para fazer a economia crescer. Investir para gerar emprego, renda, aumentar consumo. O PIB vai crescer e o Brasil vai crescer junto! A vida das pessoas vai melhorar.",206,33,111
Enio Verri,@enioverri,https://twitter.com/enioverri/status/1634197087905632256,2023-03-10T14:18:42.000Z,"Não se esqueçam da declaração! Tudo no prazo, bem joinha!",0,4,22
Enio Verri,@enioverri,https://twitter.com/enioverri/status/1634187371930349570,2023-03-10T13:40:05.000Z,Bom dia! Boa sexta-feira!,2,0,19
Enio Verri,@enioverri,https://twitter.com/enioverri/status/1633960203812044800,2023-03-09T22:37:24.000Z,A vacina contra a Covid-19 que outros milhões de brasileiros tanto esperaram já é uma realidade. Grupos prioritários já podem tomar o reforço bivalente. Vamos proteger e nos unir ao Movimento Nacional pela Vacinação!,3,10,55
Enio Verri,@enioverri,https://twitter.com/enioverri/status/1633884874078601229,2023-03-09T17:38:04.000Z,"Lamento profundamente pela tragédia na região de Apucarana, onde um ônibus da Apae de Jandaia do Sul (PR) foi atingido por um trem no cruzamento. Duas crianças morreram e há mais vítimas estado grave. Minha solidariedade às famílias das crianças e funcionários.",5,8,60
Enio Verri,@enioverri,https://twitter.com/enioverri/status/1633855103953420288,2023-03-09T15:39:46.000Z,"TBT de um dos momentos de luta aqui na Câmara, a liderança da Bancada do PT.

Nosso trabalho durante a pandemia da Covid permitiu que a saúde pública e a população tivessem maior proteção e recursos, além da garantia do auxílio emergencial e das vacinas. Lembrança que dá orgulho.",1,8,45
Enio Verri,@enioverri,https://twitter.com/enioverri/status/1633838309968605184,2023-03-09T14:33:03.000Z,"Só em 2023, 523 pessoas já foram libertadas de trabalho escravo no Brasil e o governo Lula intensifica ações para resgatar mais pessoas. 

Brasil, União e Reconstrução é com trabalho digno e respeito",6,27,60
Enio Verri,@enioverri,https://twitter.com/enioverri/status/1633806577596506113,2023-03-09T12:26:57.000Z,Boa quinta-feira! Qual o TBT seria ideal nesse 9 de março?,4,1,11
Enio Verri,@enioverri,https://twitter.com/enioverri/status/1633603413362483200,2023-03-08T22:59:39.000Z,ABSURDO! Bolsonaro enviou o sargento da Marinha Jairo Moreira da Silva para tentar pegar as joias que entraram ilegalmente no Brasil.,0,9,35
Enio Verri,@enioverri,https://twitter.com/enioverri/status/1633594439863001090,2023-03-08T22:23:59.000Z,"Em nenhum parlamento deve-se admitir ofensas, discriminação, falas criminosas e discursos mentirosos. Esse deputado bolsonarista que usou a tribuna do plenário da Câmara no Dia da Mulher para destilar ódio e preconceito deve responder por seus atos.",3,9,59
Enio Verri,@enioverri,https://twitter.com/enioverri/status/1633544055312244741,2023-03-08T19:03:47.000Z,"Viram que bom ter um #DiaInternacionalDaMulher com Lula presidente? 
Igualdade de salário, combate à violência de gênero, distribuição gratuita de absorventes estão entre as ações anunciadas. Um investimento de R$ 960 milhões do orçamento público! #8M2023",0,2,11
Enio Verri,@enioverri,https://twitter.com/enioverri/status/1633542283222999049,2023-03-08T18:56:44.000Z,Janja na entrega do Prêmio Bertha Lutz no Senado. “Faz parte do meu dia a dia. Acredito que precisamos cada vez mais institucionalizar nossa presença nos espaços de poder e garantir que existam e sejam cumpridas as regras de paridade. 📷 Alessandro Dantas,1,21,113
Enio Verri,@enioverri,https://twitter.com/enioverri/status/1633438645901225986,2023-03-08T12:04:55.000Z,"No Dia da Mulher, além de homenagem, a ideia é promover a igualdade de gênero, destacar lutas e conquistas. E lembrar que existe um longo caminho para garantir direitos das mulheres. Só com vez e voz teremos mais igualdade para elas. Feliz Dia da Mulher!#RespeitoPrasMulheres #8M",0,5,17
Enio Verri,@enioverri,https://twitter.com/enioverri/status/1633221840041648129,2023-03-07T21:43:25.000Z,O resultado da primeira chamada do #prouni2023 já está disponível! A comprovação de informações para a matrícula vai até dia 16 de março. Parabéns aos aprovados!,0,3,10
Enio Verri,@enioverri,https://twitter.com/enioverri/status/1633159823029071880,2023-03-07T17:36:59.000Z,Zé Gotinha voltou com muita força de vontade. Já imunizou 1 milhão de brasileiros com as vacinas bivalentes contra a Covid. Tudo isso em 5 dias!@LulaOficial avisou e cumpriu. Esse governo cuida das pessoas!,1,3,52
Enio Verri,@enioverri,https://twitter.com/enioverri/status/1633099138018467840,2023-03-07T13:35:50.000Z,Muita gente me perguntando sobre o novo Bolsa Família e o site do PT preparou um material ótimo para esclarecer as principais dúvidas. Só acessar a página:,1,17,45
Enio Verri,@enioverri,https://twitter.com/enioverri/status/1633061759182315522,2023-03-07T11:07:18.000Z,"Muito bom ver a volta do BOLSA FAMÍLIA gerando melhorias na vida das famílias que mais precisam. Uma medida incrível de Lula é o valor de R$ 150 a mais para as crianças de até 6 anos. Segundo o MDS, o novo BF chega a mais de 8,9 milhões de crianças em março! Bom dia!",3,9,54
Enio Verri,@enioverri,https://twitter.com/enioverri/status/1632845219380051971,2023-03-06T20:46:51.000Z,"Reunião com o ministro da Casa Civil Rui Costa, com a presidenta do PT, deputada Gleisi Hoffmann e dos deputados estaduais Arilson Chiorato e Luiz Romanelli para falar do modelo de pedágio mais justo para o povo paranaense.",5,9,98
Enio Verri,@enioverri,https://twitter.com/enioverri/status/1632720185542033409,2023-03-06T12:30:01.000Z,"O caso do contrabando de joias tem um fator de destaque: atuação dos servidores públicos da Receita Federal. Mesmo com pressão política, tiveram independência para fazer seu trabalho.",3,17,91
Enio Verri,@enioverri,https://twitter.com/enioverri/status/1632698715583438850,2023-03-06T11:04:42.000Z,Semana começou. Boa segunda-feira a todos! Bom dia!,1,4,37
Enio Verri,@enioverri,https://twitter.com/enioverri/status/1631691608511873035,2023-03-03T16:22:49.000Z,"🚨 Hoje é o último dia para as inscrições no Prouni, que concede bolsas integrais e parciais em universidades privadas para estudantes de todo o país!

 ➡️ As inscrições devem ser feitas pela internet, é só acessar o site http://prounialuno.mec.gov.br 😉",1,1,5
Enio Verri,@enioverri,https://twitter.com/enioverri/status/1631625282154123272,2023-03-03T11:59:16.000Z,"Dia de moradia. Hoje, @LulaOficial entrega 1.440 unidades do Minha Casa Minha Vida, em Rondonópolis (MT). Até 2026, serão 2 milhões de casas contratadas. É dia de sonhar com a casa própria! Bom dia!",2,8,46
Enio Verri,@enioverri,https://twitter.com/enioverri/status/1631277149528129538,2023-03-02T12:55:54.000Z,Lula prometeu e cumpriu! Teremos de volta o maior programa social de combate à extrema pobreza.,6,9,40
Enio Verri,@enioverri,https://twitter.com/enioverri/status/1631092692657532929,2023-03-02T00:42:56.000Z,Acabamos de aprovar na Câmara dos Deputados a MP 1139/22 que aumenta para 72 meses o prazo para pagamento de empréstimos do Pronampe. O apoio aos micros e pequenos empresários é apenas o começo da reestruturação econômica do nosso país!,4,11,55
Enio Verri,@enioverri,https://twitter.com/enioverri/status/1631060392045604865,2023-03-01T22:34:35.000Z,"Tem recurso chegando no Paraná! Uma grande vitória das nossas emendas é poder indicar recursos que sejam ""livres"" para que o município possa escolher, no momento do pagamento da emenda, no que investir.",0,4,30
