nome,usuario,idTweet,dataPublicacao,texto,replies,retweets,likes
Gustavo Gayer,@GayerGus,https://twitter.com/GayerGus/status/1641544196635910146,2023-03-30T20:53:29.000Z,"A situação desse desgoverno é tão ruim que até eu tive que sair em defesa do ladrão 
Deixem o LULA falar!!",430,1.853,9.281
Gustavo Gayer,@GayerGus,https://twitter.com/GayerGus/status/1641527105333633030,2023-03-30T19:45:34.000Z,O atual governo nega ao presidente Bolsonaro o seu direito à segurança. Por quê?,895,1.764,8.422
Gustavo Gayer,@GayerGus,https://twitter.com/GayerGus/status/1641507196247629840,2023-03-30T18:26:27.000Z,Deputada do PT se esqueceu que o amor venceu e tava com muito ódio no coração durante a Comissão de Comunicação,217,2.859,"13,1 mil"
Gustavo Gayer,@GayerGus,https://twitter.com/GayerGus/status/1641499086363799552,2023-03-30T17:54:14.000Z,"Por que o PT determinou a retirada do carro blindado do Bolsonaro??? 
Estão tentando ajudar seus amigos do PCC??",1.732,7.097,"31,5 mil"
Gustavo Gayer,@GayerGus,https://twitter.com/GayerGus/status/1641404525062897667,2023-03-30T11:38:29.000Z,Chegooouuu,2.069,3.551,"49,4 mil"
Gustavo Gayer,@GayerGus,https://twitter.com/GayerGus/status/1641402699655655427,2023-03-30T11:31:14.000Z,Todo mundo com saudades do mito,954,4.533,"26,8 mil"
Gustavo Gayer,@GayerGus,https://twitter.com/GayerGus/status/1641381630223740928,2023-03-30T10:07:30.000Z,O homi já pousou,273,311,5.466
Gustavo Gayer,@GayerGus,https://twitter.com/GayerGus/status/1641242685745905664,2023-03-30T00:55:23.000Z,"Hoje eu conversei com o Procurador-Geral da União, Marcelo Eugenio Feitosa Almeida, sobre o ""Grupo de Trabalho de Defesa da Democracia"", criado na Advocacia Geral da União. ⬇️",51,615,5.176
Gustavo Gayer,@GayerGus,https://twitter.com/GayerGus/status/1641230388155625472,2023-03-30T00:06:31.000Z,Até eu já estou com dó da base desse desgoverno,445,2.254,"11,1 mil"
Gustavo Gayer,@GayerGus,https://twitter.com/GayerGus/status/1641189921007316993,2023-03-29T21:25:43.000Z,Eu vou receber o Mito amanhã! Quem mais vai?,2.543,2.937,"25,1 mil"
Gustavo Gayer,@GayerGus,https://twitter.com/GayerGus/status/1641152710316523540,2023-03-29T18:57:51.000Z,Minha fala na Comissão de Esporte lembrando dos atletas que sofreram com depressão durante a pandemia,29,298,2.148
Gustavo Gayer,@GayerGus,https://twitter.com/GayerGus/status/1641062973639630849,2023-03-29T13:01:17.000Z,Iniciando a Comissão de Educação,46,108,1.520
Gustavo Gayer,@GayerGus,https://twitter.com/GayerGus/status/1640889496857358337,2023-03-29T01:31:56.000Z,"LULA convida criminosos condenados pra representar o Brasil na China. 
E o pior é que são criminosos que deletaram o próprio LULA",421,3.473,"14,4 mil"
Gustavo Gayer,@GayerGus,https://twitter.com/GayerGus/status/1640729637029330946,2023-03-28T14:56:43.000Z,"A doutrinação ideológica é um problema gravíssimo presente na educação brasileira e deve ser tratado com a devida seriedade.
Por este motivo protocolei um requerimento pedindo a criação de uma Subcomissão Permanente na Comissão de Educação para debater esse tema.",317,1.009,5.503
Gustavo Gayer,@GayerGus,https://twitter.com/GayerGus/status/1640438501643632645,2023-03-27T19:39:51.000Z,"20 anos da Tecnoshow Comigo, a maior exposição agropecuária do Centro-Oeste brasileiro, que acontece na cidade de Rio Verde.",79,530,4.024
Gustavo Gayer,@GayerGus,https://twitter.com/GayerGus/status/1640166116340146178,2023-03-27T01:37:29.000Z,"Resumo da semana!
Nunca mais eu digo que político não trabalha",179,741,4.285
Gustavo Gayer,@GayerGus,https://twitter.com/GayerGus/status/1640148369250086913,2023-03-27T00:26:58.000Z,Os pais não podem continuar  excluídos do debate da educação,262,2.203,11 mil
Gustavo Gayer,@GayerGus,https://twitter.com/GayerGus/status/1640125481029599235,2023-03-26T22:56:01.000Z,"Até os mais aguerridos estão pulando fora do barco. 
Esse governo não dura até o fim do ano",519,925,7.668
Gustavo Gayer,@GayerGus,https://twitter.com/GayerGus/status/1640056617235259395,2023-03-26T18:22:22.000Z,"Eu ainda não estou pronto pra desistir. 
E vc?",1.511,3.443,"22,7 mil"
Gustavo Gayer,@GayerGus,https://twitter.com/GayerGus/status/1639981124792320002,2023-03-26T13:22:24.000Z,Esse grupinho aí faz o PCC parecer uma rodinha de crianças no parquinho.,407,1.838,7.855
Gustavo Gayer,@GayerGus,https://twitter.com/GayerGus/status/1639837695789629441,2023-03-26T03:52:28.000Z,Não precisaremos passar nenhuma lei contra a doutrinação se todos os pais começarem a agir dessa forma em defesa dos nossos filhos,320,2.618,"11,4 mil"
Gustavo Gayer,@GayerGus,https://twitter.com/GayerGus/status/1639810016763863040,2023-03-26T02:02:28.000Z,"Obrigado @zoemartinez_05 
Como sempre é uma honra bater um papo com vc",150,792,6.122
Gustavo Gayer,@GayerGus,https://twitter.com/GayerGus/status/1639759510767128576,2023-03-25T22:41:47.000Z,"Uma empresa foi destruida e o dono teve prisão decretada sem nem seuqer uma prova de crime cometido, a outra recebe dinheiro de facção criminosa e nada será feito. 
Brasil",429,4.160,"13,7 mil"
Gustavo Gayer,@GayerGus,https://twitter.com/GayerGus/status/1639465977871048706,2023-03-25T03:15:23.000Z,"Uma homenagem a elas que nos colocam na linha. Mulheres, não seríamos nada sem vocês! Começando por mim sem a dona Ethienne.
Parabéns, @FredRC, pela iniciativa!",38,377,3.161
Gustavo Gayer,@GayerGus,https://twitter.com/GayerGus/status/1639444396658524161,2023-03-25T01:49:38.000Z,"Visitei o Batalhão da ROTAM, a unidade de rondas ostensivas da gloriosa Polícia Militar de Goiás. Obrigado pela recepção, Tenente Coronel Fábio Costa, contem comigo!",35,346,2.969
Gustavo Gayer,@GayerGus,https://twitter.com/GayerGus/status/1639429806902202368,2023-03-25T00:51:39.000Z,"Verificado@Vanderlan_VC  entra com mais um processo contra mim depois da PGR pedir pelo arquivamento da queixa crime na qual ele pedia a minha prisão e que meu mandato fosse cassado.
Que vergonha senador! Vai trabalhar pelo povo de Goiás e pare de agir com um bilionário mimado",238,1.790,8.536
Gustavo Gayer,@GayerGus,https://twitter.com/GayerGus/status/1639412793773285377,2023-03-24T23:44:03.000Z,✌🏼😎http://instagram.com/gusgayerhttp://instagram.com/gusgayerhttp://instagram.com/gusgayer,87,272,3.929
Gustavo Gayer,@GayerGus,https://twitter.com/GayerGus/status/1639297878588882952,2023-03-24T16:07:25.000Z,"""Professores"" doutrinadores surtam com a plataforma de denúncias que criei - Vamos cabar com a doutrinação nas escolashttp://institutonossosfilhos.com.brhttp://institutonossosfilhos.com.br",889,4.683,"19,3 mil"
Gustavo Gayer,@GayerGus,https://twitter.com/GayerGus/status/1639104864679493632,2023-03-24T03:20:27.000Z,"Atenção!!
O Presidente Bolsonaro chegará no aeroporto de Brasília as 7:30 na próxima quinta feira dia 30
Estão todos convocados para a maior recepção do melhor presidente da historia do Brasil",2.300,6.202,"34,1 mil"
Gustavo Gayer,@GayerGus,https://twitter.com/GayerGus/status/1639102959853379585,2023-03-24T03:12:53.000Z,Nosso eterno presidente deixando um recado sobre doutrinação nas escolas @jairbolsonaro,1.454,4.474,"26,6 mil"
Gustavo Gayer,@GayerGus,https://twitter.com/GayerGus/status/1639028851568197632,2023-03-23T22:18:24.000Z,"A esquerda disse que esse negócio de doutrinação não existe e ninguém realmente se importa com isso. 
Bem....",483,2.969,"12,3 mil"
Gustavo Gayer,@GayerGus,https://twitter.com/GayerGus/status/1639019258695897092,2023-03-23T21:40:17.000Z,"O 1° Seminário sobre Doutrinação Ideológica no Ensino foi um sucesso!
Obrigado por não desistirem dos NOSSOS FILHOS, pessoal! 
Estamos só começando",204,1.478,6.707
Gustavo Gayer,@GayerGus,https://twitter.com/GayerGus/status/1638738146442485760,2023-03-23T03:03:15.000Z,"A nossa @barbarapessoal voltouuuuuuuuuuu
Sigam aí galera",146,1.091,7.639
Gustavo Gayer,@GayerGus,https://twitter.com/GayerGus/status/1638689633348493314,2023-03-22T23:50:28.000Z,"O PCC está apenas seguindo as diretrizes do chefe da maior facção criminosa do Brasil 
LULA",1.328,6.230,"28,4 mil"
Gustavo Gayer,@GayerGus,https://twitter.com/GayerGus/status/1638662291238404107,2023-03-22T22:01:49.000Z,"Pra quem dizia que nao rira ter oposição...
Pois essa turma veio com força",334,558,4.403
Gustavo Gayer,@GayerGus,https://twitter.com/GayerGus/status/1638648682785415171,2023-03-22T21:07:45.000Z,Um pequeno avanço para dar voz aos que foram censurados,153,1.325,6.411
Gustavo Gayer,@GayerGus,https://twitter.com/GayerGus/status/1638637856196382720,2023-03-22T20:24:43.000Z,"Hoje na comissão da educação 
A esquerda surta após o meu pedido de uma audiência pública sobre a doutrinação nas escolas.",622,4.619,"19,3 mil"
Gustavo Gayer,@GayerGus,https://twitter.com/GayerGus/status/1638528777285259264,2023-03-22T13:11:17.000Z,"Convidei o Ministro da SECOM, Paulo Pimenta, para comparecer à Comissão de Comunicação e prestar alguns esclarecimentos sobre o “gabinete de combate à desinformação”. O ministro precisa explicar o plano de governo dessa secretaria. Quem vai fiscalizar o Ministério da Verdade?",234,1.498,5.497
Gustavo Gayer,@GayerGus,https://twitter.com/GayerGus/status/1638358551084105730,2023-03-22T01:54:52.000Z,"“Cite os crimes do PT”
Já foram 22 páginas",822,1.522,8.741
Gustavo Gayer,@GayerGus,https://twitter.com/GayerGus/status/1638331178460610561,2023-03-22T00:06:06.000Z,"Essa quinta será lançado o projeto que vai botar medo em todos os militantes travestidos de professores no Brasil. 
Compareça nesse dia 23 no auditório Nereu Ramos dentro do congresso e faça parte do resgate dos NOSSOS FILHOS",213,1.931,6.014
Gustavo Gayer,@GayerGus,https://twitter.com/GayerGus/status/1638306400005652480,2023-03-21T22:27:38.000Z,Lula deixa escapar o real motivo de ter voltado a cena do crime,761,4.811,"20,9 mil"
Gustavo Gayer,@GayerGus,https://twitter.com/GayerGus/status/1638211717476896768,2023-03-21T16:11:24.000Z,"Parabéns para o homem que nos devolveu o amor pelo Brasil. Feliz aniversário, presidente mito @jairbolsonaro! 🇧🇷👍🏼",928,1.937,"18,7 mil"
Gustavo Gayer,@GayerGus,https://twitter.com/GayerGus/status/1638011687511945216,2023-03-21T02:56:33.000Z,"Urgente! Ao invés de treinar com armas para derrotar o ocidente, o exercito chinês será treinado a gritar os pronomes errados e e dizer que só existe dois gêneros no combate contra as forças armadas ocidentais 
O ocidente não terá a menos chance",105,523,6.066
Gustavo Gayer,@GayerGus,https://twitter.com/GayerGus/status/1637994834131599360,2023-03-21T01:49:35.000Z,Pra variar o Rodrigo Pacheco mais uma vez atrasando o Brasil,979,3.911,"15,3 mil"
Gustavo Gayer,@GayerGus,https://twitter.com/GayerGus/status/1637875016019705859,2023-03-20T17:53:28.000Z,Hoje no canal da @zoemartinez_05 no youtube,125,394,2.286
Gustavo Gayer,@GayerGus,https://twitter.com/GayerGus/status/1637609143241437185,2023-03-20T00:16:59.000Z,Acho que tá no hora do LULA ir lá no RN pra ter mais um dialogo cabuloso com seus parceiros,402,2.690,"11,6 mil"
Gustavo Gayer,@GayerGus,https://twitter.com/GayerGus/status/1637574884040536065,2023-03-19T22:00:51.000Z,Precisamos de sua ajuda - Abaixo assinado para que Rodrigo Pacheco instaure a CPMI do 8 de janeirohttp://bit.ly/cpmido8dejaneiro…http://bit.ly/cpmido8dejaneiro…http://bit.ly/cpmido8dejaneiro…,947,4.069,"13,3 mil"
Gustavo Gayer,@GayerGus,https://twitter.com/GayerGus/status/1637494710481608709,2023-03-19T16:42:16.000Z,Se se reclamar vai preso,951,8.006,"27,7 mil"
Gustavo Gayer,@GayerGus,https://twitter.com/GayerGus/status/1637286829757018112,2023-03-19T02:56:14.000Z,Rio Grande do Norte está apenas sentindo a alegria dos eleitores do LULA com sua vitória,630,2.260,9.660
Gustavo Gayer,@GayerGus,https://twitter.com/GayerGus/status/1637286011616067584,2023-03-19T02:52:59.000Z,"LULA saiu de o cara que ia resolver a guerra na Ucrania tomando uma cervejinha para o cara que deixou uma guerra eclodir no seu próprio país 
FAZULEI",282,2.038,"11,1 mil"
Gustavo Gayer,@GayerGus,https://twitter.com/GayerGus/status/1637224312032591874,2023-03-18T22:47:48.000Z,"Minha nossa senhora!!
Olha o nivel desse ""jornalismo""!
 O q q o penis do cidadão tem a ver com o crime de assassinato??? Que obssessão com genitálias é essa do jornalismo hoje??",659,479,4.121
Gustavo Gayer,@GayerGus,https://twitter.com/GayerGus/status/1637177003072790533,2023-03-18T19:39:49.000Z,"Mais um RESUMO DA SEMANA porque quem não gosta de trabalhar é petista 👇🏼➡️ Entrei com uma representação contra Lula no Ministério Público Federal por indício de improbidade administrativa, pois o ex-presidiário estaria tentando comprar parlamentares com cargos e emendas em…",586,2.682,"14,9 mil"
Gustavo Gayer,@GayerGus,https://twitter.com/GayerGus/status/1637139526576373763,2023-03-18T17:10:54.000Z,"Audiência pública para expor a censura no Brasil.
Obrigado, @Biakicis, @zoemartinez_05 e @realpfigueiredo",142,1.918,6.817
Gustavo Gayer,@GayerGus,https://twitter.com/GayerGus/status/1637127608327389187,2023-03-18T16:23:32.000Z,Parece que o amor venceu com força no Rio Grande do Norte heim,285,546,4.773
Gustavo Gayer,@GayerGus,https://twitter.com/GayerGus/status/1636932200179326977,2023-03-18T03:27:03.000Z,"PT INVENTOU A ""INFLAÇÃO DO BEM""
Daqui a pouco virá a Crise do bem
depois a Fome do bem
e por sim a Miséria do bem",674,4.705,"17,6 mil"
Gustavo Gayer,@GayerGus,https://twitter.com/GayerGus/status/1636842837508513794,2023-03-17T21:31:58.000Z,"Já que um dos intuitos da criação dessa procuradoria é o “enfrentamento à desinformação”, o ministro não deve se negar a nos informar alguns detalhes a respeito dela",181,1.196,4.168
Gustavo Gayer,@GayerGus,https://twitter.com/GayerGus/status/1636755373091700740,2023-03-17T15:44:25.000Z,"Assim está o ensino no Brasil.

Dia 23 de março, teremos o 1° Seminário sobre Doutrinação Ideológica no Ensino.
Será no auditório Nereu Ramos da Câmara dos Deputados.",127,671,2.499
Gustavo Gayer,@GayerGus,https://twitter.com/GayerGus/status/1636556004572766208,2023-03-17T02:32:11.000Z,Opaaaaa,497,2.352,6.885
Gustavo Gayer,@GayerGus,https://twitter.com/GayerGus/status/1636515214324531201,2023-03-16T23:50:06.000Z,"Vamos dar voz às vítimas da censura no Brasil. Já confirmaram presença: @camilaabdo_, @allanldsantos, @zoemartinez_05, Bárbara do Te Atualizei e muito mais!",257,1.527,6.149
Gustavo Gayer,@GayerGus,https://twitter.com/GayerGus/status/1636472210398248960,2023-03-16T20:59:13.000Z,Esse é o governo mais rejeitado e fraco na história do Brasil,842,3.859,"19,2 mil"
Gustavo Gayer,@GayerGus,https://twitter.com/GayerGus/status/1636398659393732609,2023-03-16T16:06:57.000Z,"Fogo no parquinho 
Vou trazer as pessoas censuradas no Brasil para falar na câmara dos deputados.",761,3.293,"15,3 mil"
Gustavo Gayer,@GayerGus,https://twitter.com/GayerGus/status/1636174809754157056,2023-03-16T01:17:27.000Z,A liberdade de expressão é a garantia máxima de uma democracia!,194,1.051,5.771
Gustavo Gayer,@GayerGus,https://twitter.com/GayerGus/status/1636121761929392129,2023-03-15T21:46:40.000Z,"CONVITE: Dia 23 de março, na Câmara dos Deputados, teremos o 1° Seminário sobre Doutrinação no Ensino. Auditório Nereu Ramos a partir das 9h.

Se não tratarmos esse mal pela raiz, de nada adiantam os embates políticos",167,714,2.687
Gustavo Gayer,@GayerGus,https://twitter.com/GayerGus/status/1636063547590422533,2023-03-15T17:55:20.000Z,Minha primeira fala na comissão da educação. Deixei clara a minha posição contra a doutrinação na educação brasileira,496,2.027,"11,5 mil"
Gustavo Gayer,@GayerGus,https://twitter.com/GayerGus/status/1636040911950954499,2023-03-15T16:25:24.000Z,"98%!!!!!!!
ou seja, todos os invetidores estão fugindo do Brasil 
Venezuelização do Brasil até o fim do ano",562,2.275,8.154
Gustavo Gayer,@GayerGus,https://twitter.com/GayerGus/status/1636007529686736896,2023-03-15T14:12:45.000Z,"Sou membro titular na Comissão de Educação.
Vamos tirar o monopólio dessa, que é a pauta mais importante de todas, das mãos da esquerda!",402,1.127,6.695
Gustavo Gayer,@GayerGus,https://twitter.com/GayerGus/status/1635689518568288257,2023-03-14T17:09:05.000Z,"1° Seminário sobre Doutrinação Ideológica no Ensino Esse é o momento que vai nos prestigiar no dia 23 de março, no Auditório Nereu Ramos da Câmara dos Deputados, a partir das 9h. Totalmente aberto ao público e entrada franca. Te espero lá!@ToniettoChris @nikolas_dm",314,1.245,4.741
Gustavo Gayer,@GayerGus,https://twitter.com/GayerGus/status/1635448287867150338,2023-03-14T01:10:31.000Z,"O as ideia 
Hahahaha",267,629,3.172
Gustavo Gayer,@GayerGus,https://twitter.com/GayerGus/status/1635412918207479812,2023-03-13T22:49:58.000Z,"Você entrega seu filho na escola e recebe de volta um militante esquerdista.

No dia 23 de março, no Auditório Nereu Ramos da Câmara dos Deputados, vamos dar início ao projeto que vai devolver a autoridade dos pais sobre a educação de seus filhos. 
Espero todos vocês lá, a partir…",839,2.875,"11,7 mil"
Gustavo Gayer,@GayerGus,https://twitter.com/GayerGus/status/1635328419847368704,2023-03-13T17:14:12.000Z,Sem descanso para o crime organizado!,99,134,1.327
Gustavo Gayer,@GayerGus,https://twitter.com/GayerGus/status/1635310743611654144,2023-03-13T16:03:58.000Z,hahhahaa,237,712,3.859
Gustavo Gayer,@GayerGus,https://twitter.com/GayerGus/status/1635300268295483392,2023-03-13T15:22:21.000Z,"Contagem regressiva para o 1° Seminário sobre Doutrinação Ideológica no Ensino.
Anotem aí! Será totalmente gratuito e aberto ao público.",113,317,1.516
Gustavo Gayer,@GayerGus,https://twitter.com/GayerGus/status/1635269861059493891,2023-03-13T13:21:31.000Z,Por mais homens e mulheres com a coragem desse prefeito!,414,3.659,"14,1 mil"
Gustavo Gayer,@GayerGus,https://twitter.com/GayerGus/status/1635069646264209409,2023-03-13T00:05:56.000Z,"Eles fizeram uma petição e já conseguiram 150 mil assinaturas pra cassar o mandato do Nikolas. 
Será que a gente consegue mais? hahahahttps://change.org/p/liberdade-de-express%C3%A3o-a-favor-do-deputado-nikolas-ferreira?signed=true…",2.780,4.150,"23,2 mil"
Gustavo Gayer,@GayerGus,https://twitter.com/GayerGus/status/1635026578567737346,2023-03-12T21:14:48.000Z,"Alguém pode me falar só uma previsão que a especialista na área da economia Marian Leitão disse nos últimos 10 anos que estava certo?
Não consigo encontrar nem uma",184,429,3.837
Gustavo Gayer,@GayerGus,https://twitter.com/GayerGus/status/1635024411408633856,2023-03-12T21:06:11.000Z,Não é pq a pilantragem é normal no governo do PT que a gente tem que aceitar sem fazer nada,1.385,2.617,"12,5 mil"
Gustavo Gayer,@GayerGus,https://twitter.com/GayerGus/status/1635014931421732864,2023-03-12T20:28:31.000Z,Mais  um 👇🏼,71,133,2.131
Gustavo Gayer,@GayerGus,https://twitter.com/GayerGus/status/1634988897339084800,2023-03-12T18:45:04.000Z,Esse é a porcaria de jornalismo que temos no Brasil,267,1.444,6.822
Gustavo Gayer,@GayerGus,https://twitter.com/GayerGus/status/1634617396953595904,2023-03-11T18:08:51.000Z,"Eu sou GAYER e estou fechado com @nikolas_dm 
Hahahahah",720,764,"10,7 mil"
Gustavo Gayer,@GayerGus,https://twitter.com/GayerGus/status/1634602696115093504,2023-03-11T17:10:26.000Z,É sobre isso que o Nikolas Ferreira estava falando - Defender as mulheres hoje virou crime @nikolas_dm,530,1.985,11 mil
Gustavo Gayer,@GayerGus,https://twitter.com/GayerGus/status/1634554168378572803,2023-03-11T13:57:36.000Z,"A receita para acabar com o poder da esquerda, anota aí",349,1.094,5.049
Gustavo Gayer,@GayerGus,https://twitter.com/GayerGus/status/1634336672585244673,2023-03-10T23:33:21.000Z,"Colégio Estadual José Lobo, em Goiânia, promovendo “palestra” e enchendo os alunos de doutrinação ideológica 
Isso precisa acabar!!!",750,1.984,6.613
Gustavo Gayer,@GayerGus,https://twitter.com/GayerGus/status/1634320980830035969,2023-03-10T22:31:00.000Z,"Uma coisa que a doida do BBB disse chamou a atenção. 
200 contra 1 
Pois é exatamente essa a proporção das pessoas que concordam com o @nikolas_dm contra as que não concordam. 
No Brasil seria 200 milhões contra 1 milhão",386,1.180,7.564
Gustavo Gayer,@GayerGus,https://twitter.com/GayerGus/status/1634319145914204160,2023-03-10T22:23:43.000Z,"Hahahahaha
Esse povo não para de passar vergonha. #SomosTodosNikole",1.559,1.747,"16,8 mil"
Gustavo Gayer,@GayerGus,https://twitter.com/GayerGus/status/1634010610731032578,2023-03-10T01:57:42.000Z,"Valeu, pessoal!",239,825,"14,7 mil"
Gustavo Gayer,@GayerGus,https://twitter.com/GayerGus/status/1633975981978312704,2023-03-09T23:40:06.000Z,A lista de cidades onde vou voltar para agradecer pelo apoio e ouvir as demandas está crescendo. Hoje foi dia da minha vizinha Aparecida de Goiânia,62,541,4.780
Gustavo Gayer,@GayerGus,https://twitter.com/GayerGus/status/1633939661222543362,2023-03-09T21:15:47.000Z,"Apresentei um Requerimento de Informação ao MEC cobrando respostas sobre terrenos e imóveis da UnB – uma das maiores proprietárias de terras do DF. Além de formar um exército de militantes, estão usando dinheiro da educação para pagar por salas vazias?",77,766,3.593
Gustavo Gayer,@GayerGus,https://twitter.com/GayerGus/status/1633919641817890816,2023-03-09T19:56:14.000Z,"Meu Deus!!!
Dessa vez eles conseguiram chegar no fundo do fundo do fundo do fundo do poço",441,1.071,6.376
Gustavo Gayer,@GayerGus,https://twitter.com/GayerGus/status/1633886927718871041,2023-03-09T17:46:14.000Z,Hahahahahhaha,525,2.620,"19,2 mil"
Gustavo Gayer,@GayerGus,https://twitter.com/GayerGus/status/1633796084613955584,2023-03-09T11:45:15.000Z,"O primeiro passo para resgatar nossas crianças foi dado!

Envie sua denúncia no e-mail: doutrinacaonao@gmail.com

Dia 23/03, às 9h da manhã, te espero para o 1° Seminário sobre Doutrinação Ideológica no Ensino no auditório Nereu Ramos da Câmara dos Deputados.",277,1.662,6.344
Gustavo Gayer,@GayerGus,https://twitter.com/GayerGus/status/1633631665539907587,2023-03-09T00:51:55.000Z,Sim!! A ideologia de Gênero é a MAIOR VIOLÊNCIA contra as mulheres hoje em dia,525,2.596,"14,2 mil"
Gustavo Gayer,@GayerGus,https://twitter.com/GayerGus/status/1633537621711282182,2023-03-08T18:38:13.000Z,Fortalecer a direita em Goiás! @wildermorais,199,552,5.498
Gustavo Gayer,@GayerGus,https://twitter.com/GayerGus/status/1633531011978911756,2023-03-08T18:11:57.000Z,"Sugeri ao Ministério da Fazenda, através de um Requerimento de Indicação, que pessoas que utilizam medicamentos de uso contínuo tenham os gastos com a medicação abatidos no Imposto de Renda quando eles não forem fornecidos pelo SUS.",226,966,5.880
Gustavo Gayer,@GayerGus,https://twitter.com/GayerGus/status/1633496546456027146,2023-03-08T15:55:00.000Z,A cada dia que passa eu vejo menos motivos para celebrar o DIA DAS MULHERES,257,530,3.744
Gustavo Gayer,@GayerGus,https://twitter.com/GayerGus/status/1633198247148769280,2023-03-07T20:09:40.000Z,"Hoje eu me compadeci com o sofrimento dos deputados do crime organizado 
Não deve ser fácil defender esse desgoverno",989,5.055,"22,4 mil"
Gustavo Gayer,@GayerGus,https://twitter.com/GayerGus/status/1633191353784868864,2023-03-07T19:42:16.000Z,"Acabei de assinar um requerimento pedindo a instauração da CPI das Invasões de Terra de autoria do deputado @rsallesmma. Que o MST seja investigado de acordo com aquilo que realmente é: um grupo terrorista, braço do desgoverno do PT.",393,1.732,8.618
Gustavo Gayer,@GayerGus,https://twitter.com/GayerGus/status/1633150432804577280,2023-03-07T16:59:40.000Z,Conversem com os deputados de vocês para alcançarmos as outras 91 assinaturas que faltam para instalarmos a Frente Parlamentar em Defesa da Educação sem Doutrinação Ideológica.,487,2.725,"10,6 mil"
Gustavo Gayer,@GayerGus,https://twitter.com/GayerGus/status/1633079801178202112,2023-03-07T12:19:00.000Z,Confia 🤞🏽,151,381,3.204
Gustavo Gayer,@GayerGus,https://twitter.com/GayerGus/status/1632912458737242112,2023-03-07T01:14:02.000Z,Apresentei um Requerimento de Informação cobrando questionando o Governo Federal sobre o navio iraniano atracado no Rio dd Janeiro. Lula estava sabendo? Queremos respostas!,576,1.574,7.608
Gustavo Gayer,@GayerGus,https://twitter.com/GayerGus/status/1632886576052043778,2023-03-06T23:31:11.000Z,URGENTE - Governo LULA oferece 3 bilhões para parlamentares retirarem assinaturas da CPMI,2.988,"10,9 mil",37 mil
Gustavo Gayer,@GayerGus,https://twitter.com/GayerGus/status/1632866109752844289,2023-03-06T22:09:52.000Z,Mais facilidade para gerar emprego e renda,57,161,1.360
Gustavo Gayer,@GayerGus,https://twitter.com/GayerGus/status/1632705252246925314,2023-03-06T11:30:40.000Z,"Dia 23 de março, a partir das 9h, vamos realizar o 1° Seminário sobre Doutrinação Ideológica na Câmara dos Deputados, no auditório Nereu Ramos. Esse tipo de sofrimento não pode continuar!
Me envie suas denúncias de tentativa de doutrinação no e-mail:
doutrinacaonao@gmail.com",320,1.147,4.938
Gustavo Gayer,@GayerGus,https://twitter.com/GayerGus/status/1632552985929588736,2023-03-06T01:25:37.000Z,"""Ahhh se o povo soubesse o poder que eles tem""
Parabéns aos envolvidos",1.124,5.256,"34,5 mil"
Gustavo Gayer,@GayerGus,https://twitter.com/GayerGus/status/1632454510642622464,2023-03-05T18:54:19.000Z,"Como é lindo ver o povo se organizando e expulsando os vagabundos do MST de suas terras. 
Isso sim nos enche de esperança",696,2.922,25 mil
Gustavo Gayer,@GayerGus,https://twitter.com/GayerGus/status/1632234240434659329,2023-03-05T04:19:03.000Z,E pensar que eu tive um canal do youtube deletado e meu nome foi parar na CPI da COVID por dizer exatamente isso,440,2.854,"12,4 mil"
Gustavo Gayer,@GayerGus,https://twitter.com/GayerGus/status/1632133747788087298,2023-03-04T21:39:43.000Z,"RESUMO DA SEMANA 

• Em plenário: discursei contra o descaso de Flávio Dino e Janja, que pularam Carnaval enquanto pessoas perdiam a vida na tragédia de SP; critiquei as nomeações de esposas de ministros para cargos vitalícios; e votei pela geração de emprego na MP 1139.",321,825,5.527
Gustavo Gayer,@GayerGus,https://twitter.com/GayerGus/status/1632077560296218625,2023-03-04T17:56:27.000Z,"Mais pessoas voltando para suas famílias. Hoje comemoramos a liberdade, mas ainda estamos acompanhando de perto os que permanecem presos injustamente. Um degrau por vez! 🇧🇷",1.151,2.453,"14,8 mil"
Gustavo Gayer,@GayerGus,https://twitter.com/GayerGus/status/1632026191187066880,2023-03-04T14:32:20.000Z,"Absurdo! Bolsonaro e a joias ""ilegais"" só mostram o desespero da imprensa e do LULA",2.202,6.053,"24,8 mil"
Gustavo Gayer,@GayerGus,https://twitter.com/GayerGus/status/1632022788037804035,2023-03-04T14:18:48.000Z,"Por isso que eu tô vendo as bandeiras e adesivos do LULA sumindo dos carros e janelas por aí. 
Hahahahahahha",860,1.541,7.247
Gustavo Gayer,@GayerGus,https://twitter.com/GayerGus/status/1631785195329183744,2023-03-03T22:34:42.000Z,- Grande dia!,388,1.135,8.300
Gustavo Gayer,@GayerGus,https://twitter.com/GayerGus/status/1631773932352143361,2023-03-03T21:49:57.000Z,"Apresentei um PL para dar ao usuário, que teve o conteúdo removido, o dirieto de saber:

- Quais partes ou trechos da publicação motivaram a remoção do conteúdo?
- Os dispositivos legais e/ou as cláusulas das políticas de uso violados pela publicação?",296,1.670,8.101
Gustavo Gayer,@GayerGus,https://twitter.com/GayerGus/status/1631712087029186561,2023-03-03T17:44:11.000Z,"Acabei de apresentar um Requerimento de Informação direcionado ao Ministro de Estado de Minas e Energia sobre possíveis interferências da presidente do PT, Gleisi Hoffmann, na indicação do Conselho da Petrobrás",307,1.887,7.309
Gustavo Gayer,@GayerGus,https://twitter.com/GayerGus/status/1631458151428943872,2023-03-03T00:55:08.000Z,"Ilustríssimo presi…dente, não deixe o povo brasileiro sem resposta!",216,968,4.742
Gustavo Gayer,@GayerGus,https://twitter.com/GayerGus/status/1631418340735320070,2023-03-02T22:16:57.000Z,Ao vivo com Monark,34,67,492
Gustavo Gayer,@GayerGus,https://twitter.com/GayerGus/status/1631325261311643648,2023-03-02T16:07:05.000Z,Acabo de fazer um requerimento para trazer à tona a máfia das ONGs da Amazônia,689,3.873,"19,5 mil"
Gustavo Gayer,@GayerGus,https://twitter.com/GayerGus/status/1631309522932211713,2023-03-02T15:04:33.000Z,Estarei ao vivo hoje no podcast do Monark às 19:00,132,231,2.037
Gustavo Gayer,@GayerGus,https://twitter.com/GayerGus/status/1631242368044134402,2023-03-02T10:37:42.000Z,Não existe meio termo quando estamos falando de defender nossos filhos,245,995,6.404
Gustavo Gayer,@GayerGus,https://twitter.com/GayerGus/status/1631103736310317058,2023-03-02T01:26:49.000Z,A emergência de agora é pior que uma pandemia. A emergência de agora é sobreviver ao crime organizado na presidência do país,311,2.245,"10,5 mil"
Gustavo Gayer,@GayerGus,https://twitter.com/GayerGus/status/1631079561159929857,2023-03-01T23:50:46.000Z,CPMI em risco - Desesperados LULA e PT já começaram a pressionar deputados pra retirar as assinaturas.,1.076,4.376,"18,6 mil"
