nome,usuario,idTweet,dataPublicacao,texto,replies,retweets,likes
Greyce Elias,@greyceelias,https://twitter.com/greyceelias/status/1641410525719408644,2023-03-30T12:02:19.000Z,"“Portanto, comete pecado a pessoa que sabe fazer o bem e não faz.”
Tiago 4:17",2,0,2
Greyce Elias,@greyceelias,https://twitter.com/greyceelias/status/1639982636511682560,2023-03-26T13:28:24.000Z,"“ O que para alguns é impossível, para nos será um Testemunho, em nome de Jesus. “",1,0,5
Greyce Elias,@greyceelias,https://twitter.com/greyceelias/status/1639367151797583872,2023-03-24T20:42:41.000Z,"Hoje iniciamos a publicação de alguns depoimentos que nos fazem repensar sobre o aeroporto Carlos Prates.  

Acompanhe em nosso instagram e facebook.#voaprates #carlosprates",2,0,1
Greyce Elias,@greyceelias,https://twitter.com/greyceelias/status/1636391997488394240,2023-03-16T15:40:29.000Z,"CPI do MST atinge o numero de assinaturas necessárias para criação.

A instalação precisa ser pautada pelo Presidente da Câmara.",1,0,4
Greyce Elias,@greyceelias,https://twitter.com/greyceelias/status/1633115124666957827,2023-03-07T14:39:22.000Z,Apresentei hoje emenda à medida provisória do Bolsa Família para que mulheres representantes de BPC's titulares de benefícios sociais sejam priorizadas em programas oficiais de financiamento para microempresas.,3,0,0
