nome,usuario,idTweet,dataPublicacao,texto,replies,retweets,likes
Ismael Alexandrino,@IsmAlexandrino,https://twitter.com/IsmAlexandrino/status/1640493490764120067,2023-03-27T23:18:21.000Z,Doenças psiquiátricas estão entre as que mais irão matar nós próximos anos. Por isso a importância de buscar ampliar a rede de atendimento de saúde mental junto ao SUS.,1,0,2
Ismael Alexandrino,@IsmAlexandrino,https://twitter.com/IsmAlexandrino/status/1638624731879579648,2023-03-22T19:32:34.000Z,"#sustentabilidade 
É importante que o agro caminhe junto com a preservação do Cerrado. O bioma é considerado a ""caixa d'água"" do Brasil, pois abriga nove das 12 bacias hidrográficas do País.",2,0,2
Ismael Alexandrino,@IsmAlexandrino,https://twitter.com/IsmAlexandrino/status/1633287700282327042,2023-03-08T02:05:07.000Z,"Agenda intensa hoje em Brasília. A bancada de Goiás esteve reunida com vice-presidente e ministro do @MDICoficial  ,  @geraldoalckmin e o ministro das Relações Institucionais, @padilhando . Em seguida, nos encontramos com o ministro @CamiloSantanaCE , da Educação.",1,0,0
Ismael Alexandrino,@IsmAlexandrino,https://twitter.com/IsmAlexandrino/status/1632728006371278852,2023-03-06T13:01:05.000Z,É agora. Acompanhem pelo https://youtube.com/@JornalOPopularGO/streams…,0,0,0
Ismael Alexandrino,@IsmAlexandrino,https://twitter.com/IsmAlexandrino/status/1632696273282412544,2023-03-06T10:55:00.000Z,"Bom dia. Daqui a pouco, às 10 horas, vou bater um papo com Jackson Abrão em entrevista ao @jornal_opopular  . Acompanhem pelo canal do Youtube do jornal. Uma boa semana a todos.",0,0,0
