nome,usuario,idTweet,dataPublicacao,texto,replies,retweets,likes
Eduardo Bandeira de Mello,@mello_bandeira,https://twitter.com/mello_bandeira/status/1641573256275668992,2023-03-30T22:48:57.000Z,"Uma das emendas recupera o PL 5518/20 que altera a Lei de Gestão de Florestas Públicas, de autoria do ex-deputado Rodrigo Agostinho, que dá maior celeridade ao processo licitatório, flexibilidade aos contratos e atratividade ao modelo de negócio das concessões florestais.",4,10,209
Eduardo Bandeira de Mello,@mello_bandeira,https://twitter.com/mello_bandeira/status/1641074385040601091,2023-03-29T13:46:37.000Z,"Iniciando a quarta-feira na Comissão de Meio Ambiente e Desenvolvimento Sustentável. Apreciação e votação de requerimentos. Daqui a pouco tem Comissão de Minas e Energia e, na parte da tarde, audiência pública com a ministra Ana Moser na Comissão do Esporte.",7,5,251
Eduardo Bandeira de Mello,@mello_bandeira,https://twitter.com/mello_bandeira/status/1640876098429894659,2023-03-29T00:38:42.000Z,"Atento à fala do Ministro da Justiça e Segurança Pública @flaviodino na Comissão de Constituição e Justiça e de Cidadania. 

Parabenizo #FlavioDino que manteve a serenidade e respondeu com inteligência os questionamentos.📸 Chico Ferreira #ccj #camaradosdeputados",206,35,1.171
Eduardo Bandeira de Mello,@mello_bandeira,https://twitter.com/mello_bandeira/status/1640789923044139009,2023-03-28T18:56:16.000Z,"Presença registrada para a sessão desta terça-feira. Na pauta, 8 medidas provisórias entre elas a MP 1151/22, que permite aos concessionários de gestão de florestas públicas aproveitarem créditos de carbono por manter a floresta em pé.",5,5,420
Eduardo Bandeira de Mello,@mello_bandeira,https://twitter.com/mello_bandeira/status/1639603344678219776,2023-03-25T12:21:14.000Z,Obrigado aos amigos que organizaram a comemoração pelos meus 70 anos. A vida é mais feliz com bons amigos. Ainda mais quando eles são rubro-negros 😁 Saudações ⚫️🔴 #bandeira70,84,81,3.085
Eduardo Bandeira de Mello,@mello_bandeira,https://twitter.com/mello_bandeira/status/1639399616947843072,2023-03-24T22:51:41.000Z,Grande Imperador! @A10imperador,48,178,7.748
Eduardo Bandeira de Mello,@mello_bandeira,https://twitter.com/mello_bandeira/status/1639399442737504262,2023-03-24T22:51:00.000Z,"#bandeira70 Obrigado, amigos!",8,9,551
Eduardo Bandeira de Mello,@mello_bandeira,https://twitter.com/mello_bandeira/status/1639305206180593667,2023-03-24T16:36:32.000Z,Com o craque Petković antes da gravação do @canalvegetatv #pet #éopet #flamengo #futebol #sempreflamego,4,4,483
Eduardo Bandeira de Mello,@mello_bandeira,https://twitter.com/mello_bandeira/status/1639281067893874692,2023-03-24T15:00:37.000Z,"Daqui a pouco, às 13h, estarei ao vivo no Canal Vegeta TV, no YouTube. Às 19h, o programa reprisa na TV Max (canal 525 da NET). #flamengo #vegeta #vegetatv",2,4,97
Eduardo Bandeira de Mello,@mello_bandeira,https://twitter.com/mello_bandeira/status/1638707500999483395,2023-03-23T01:01:28.000Z,"Aprovamos hoje, 22, o Projeto de Lei 2419/21, do deputado Luciano Ducci (PSB-PR), que institui a Semana Nacional do Uso Consciente da Água. #agua #sustentabilide #meioambiente",1,0,49
Eduardo Bandeira de Mello,@mello_bandeira,https://twitter.com/mello_bandeira/status/1638706058410573826,2023-03-23T00:55:44.000Z,"Realizamos hoje a 1ª reunião da Comissão do Esporte, da qual fui eleito 3º vice-presidente. Na ocasião, aprovei dois importantes requerimentos. #cespo #esporte #camara #futebol #olimpiadas",1,2,86
Eduardo Bandeira de Mello,@mello_bandeira,https://twitter.com/mello_bandeira/status/1638601836310528004,2023-03-22T18:01:36.000Z,"Comemoração entre uma comissão e outra, organizada pelos assessores de Brasília. Pausa para o bolo temático do Mais Querido! Ainda ganhei uma linda camisa para a minha coleção. 🔴⚫️🎂🥳Obrigado a todos pelo carinho! #bandeira70 #flamengo #aniversario",29,27,878
Eduardo Bandeira de Mello,@mello_bandeira,https://twitter.com/mello_bandeira/status/1638522156236656647,2023-03-22T12:44:58.000Z,"#bandeira70 🥳Muita admiração da trajetória do nosso eterno presidente e atual deputado federal. Hoje te celebramos no RJ, em Brasília e em cada coração flamenguista que bate por aí nesse Brasilzão. Saúde e vida longa! 

Com carinho, equipe e amigos❤️🖤",68,38,1.099
Eduardo Bandeira de Mello,@mello_bandeira,https://twitter.com/mello_bandeira/status/1638277326701056020,2023-03-21T20:32:07.000Z,"Sobre as recentes notícias envolvendo meu nome e o Clube de Regatas do Flamengo: 

Sigo convicto que poder se conquista no voto. O Flamengo tem tradição de aderência aos princípios democráticos.",67,104,2.093
Eduardo Bandeira de Mello,@mello_bandeira,https://twitter.com/mello_bandeira/status/1637879494374465542,2023-03-20T18:11:16.000Z,Debate na @OABRJ_oficial - Futebol e a reparação da escravidão: A nova Lei de Injúria Racial Desportiva - Lei Federal nº 14.532/2023 #futebol #racismo #injuriaracial,0,4,40
Eduardo Bandeira de Mello,@mello_bandeira,https://twitter.com/mello_bandeira/status/1637862316178898945,2023-03-20T17:03:00.000Z,Duas grandes honrarias: ser funcionário do #BNDES por 36 anos e Presidente do #Flamengo por 2 mandatos. #futebol,4,15,474
Eduardo Bandeira de Mello,@mello_bandeira,https://twitter.com/mello_bandeira/status/1637793708086120450,2023-03-20T12:30:23.000Z,Presente no Seminário “Estratégias de Desenvolvimento Sustentável para o Século XXI” no @bndes com a presença do vice-presidente e ministro @geraldoalckmin #meioambiente #desenvolvimento #sustentabilidadr,2,4,102
Eduardo Bandeira de Mello,@mello_bandeira,https://twitter.com/mello_bandeira/status/1637789888778051584,2023-03-20T12:15:12.000Z,"A SAF é um modelo possível, foi o modelo que clubes como Cruzeiro, Botafogo e Vasco adotaram porque estavam em uma situação absolutamente de premência. Se não adotam o modelo da SAF, poderiam ter tido problemas sérios. Foi importante nesse sentido. (1/2)",50,43,974
Eduardo Bandeira de Mello,@mello_bandeira,https://twitter.com/mello_bandeira/status/1637761831291830272,2023-03-20T10:23:43.000Z,"Hoje, 20, a partir das 13h, participo como palestrante do evento Futebol e a reparação da escravidão: A nova Lei de Injúria Racial Desportiva - Lei Federal nº 14.532/2023. Promovido pela @OABRJ_oficial com entrada gratuita e muita gente boa debatendo o tema. #futebol #racismo",2,2,47
Eduardo Bandeira de Mello,@mello_bandeira,https://twitter.com/mello_bandeira/status/1637611046272655361,2023-03-20T00:24:33.000Z,Seremos campeões! Mais uma final garantida. #flamengo #mengao #futebol #flaxflu #flaxvasco #carioca,48,85,3.525
Eduardo Bandeira de Mello,@mello_bandeira,https://twitter.com/mello_bandeira/status/1636827470333632512,2023-03-17T20:30:54.000Z,"Daqui a pouco, às 18h30, estarei ao vivo no Mundo GV Podcast, para uma resenha sobre futebol com o amigo Getúlio Vargas. Acompanhem pelo YouTube: https://youtube.com/@mundogv",3,5,52
Eduardo Bandeira de Mello,@mello_bandeira,https://twitter.com/mello_bandeira/status/1636408250617954304,2023-03-16T16:45:04.000Z,"Site funcionando normalmente (de vez em quando cai), mas conseguimos comprar. Vamos ganhar, Mengo! #flamengo",6,7,219
Eduardo Bandeira de Mello,@mello_bandeira,https://twitter.com/mello_bandeira/status/1636370173526691840,2023-03-16T14:13:46.000Z,Que dificuldade para conseguir comprar um ingresso pro jogo de domingo. Está até dando saudades do site do @Flamengo,51,101,1.786
Eduardo Bandeira de Mello,@mello_bandeira,https://twitter.com/mello_bandeira/status/1636139582138863617,2023-03-15T22:57:29.000Z,"A Frente pretende tratar o futebol não apenas como esporte ou fonte de entretenimento, mas como algo cuja gestão pode servir de exemplo para boa parte da população brasileira que tem no futebol o principal ponto de contato com a realidade.",7,7,108
Eduardo Bandeira de Mello,@mello_bandeira,https://twitter.com/mello_bandeira/status/1636073472055996417,2023-03-15T18:34:47.000Z,Conseguimos! Nossa Frente Parlamentar para Modernização do Futebol foi protocolada na Câmara dos Deputados. #futebol #esporte,7,4,72
Eduardo Bandeira de Mello,@mello_bandeira,https://twitter.com/mello_bandeira/status/1636028382101004288,2023-03-15T15:35:36.000Z,"Já vai começar! 

Programa Os Donos da Bola, ao vivo, às 12h30, na Band Brasília. #futebol #flamengo #esporte",2,2,74
Eduardo Bandeira de Mello,@mello_bandeira,https://twitter.com/mello_bandeira/status/1635947317567053824,2023-03-15T10:13:29.000Z,"É uma questão de justiça. Podemos aproveitar as sinergias e potencialidades que a cidade tem. É no #RJ que está a inteligência do setor de #gás e #petróleo, elétrico e das questões ligadas à mudança #climática, principal agenda da humanidade atualmente.",0,2,52
Eduardo Bandeira de Mello,@mello_bandeira,https://twitter.com/mello_bandeira/status/1635653176761147392,2023-03-14T14:44:40.000Z,"Daqui a pouco, às 13h30, vai ao ar a minha entrevista para o SBT Sports Brasília. Você pode acompanhar através do link: https://youtube.com/live/zAipNmIn5Lk?feature=share…",1,2,21
Eduardo Bandeira de Mello,@mello_bandeira,https://twitter.com/mello_bandeira/status/1635613052740698112,2023-03-14T12:05:14.000Z,Começando a terça-feira com uma excelente entrevista para o SBT Sports. Em breve compartilho com vocês a data que o programa vai ao ar. @sbtbrasilia @sbtrio,7,12,346
Eduardo Bandeira de Mello,@mello_bandeira,https://twitter.com/mello_bandeira/status/1635410059554607104,2023-03-13T22:38:37.000Z,"Desejo pronta recuperação à amiga e Ministra do Meio Ambiente @MarinaSilva internada na tarde desta segunda-feira (13), em Brasília, com suspeita de Malária. Força, Marina! Que muito em breve sua saúde e força estejam restabelecidas.",2,3,146
Eduardo Bandeira de Mello,@mello_bandeira,https://twitter.com/mello_bandeira/status/1635063433862479872,2023-03-12T23:41:15.000Z,"Prestigiando o aniversário da Fla Alvorada, com a participação das torcidas rubro-negras da Zona Oeste, em Santa Cruz. Muito bom encontrar mais uma vez nosso volante Jorginho, campeão da Mercosul e tricampeão carioca e o campeão do mundo e grande ídolo Mozer. #flamengo",6,5,470
Eduardo Bandeira de Mello,@mello_bandeira,https://twitter.com/mello_bandeira/status/1634950482048475148,2023-03-12T16:12:25.000Z,"Nossa luta pela revitalização dos aeroportos do Rio de Janeiro e contra o esvaziamento econômico do nosso estado foi destaque na coluna da Berenice Seara, do Jornal Extra. Tenho certeza que o Ministro @marciofrancasp será um grande aliado nesta batalha.",5,4,106
Eduardo Bandeira de Mello,@mello_bandeira,https://twitter.com/mello_bandeira/status/1634669458571632643,2023-03-11T21:35:44.000Z,"Entrevista para o @congressoemfoco 

Falo sobre Flamengo, SAFs, Governança, mandato como deputado federal e minha proposta da Frente Parlamentar de Modernização do Futebol Brasileiro. Confira!",6,7,133
Eduardo Bandeira de Mello,@mello_bandeira,https://twitter.com/mello_bandeira/status/1634235547123105807,2023-03-10T16:51:31.000Z,Excelente iniciativa. Nossos pequenos craques em campo e na sala de aula. A dobrada perfeita!,0,0,28
Eduardo Bandeira de Mello,@mello_bandeira,https://twitter.com/mello_bandeira/status/1633922993666572289,2023-03-09T20:09:33.000Z,"Com minhas colegas do #BNDES, Fernanda Garavini e Ana Paula de Almeida e Silva, chefe e gerente do Departamento de Gestão do Fundo #Amazônia, que tive o privilégio de chefiar no início da operação desse importante mecanismo de combate ao desmatamento da floresta #amazônica",1,1,117
Eduardo Bandeira de Mello,@mello_bandeira,https://twitter.com/mello_bandeira/status/1633880001815642121,2023-03-09T17:18:43.000Z,"Reunião com integrantes do grupo de pesquisa Ginga, da Universidade Federal Fluminense (UFF), voltado à pesquisa sobre os conflitos de natureza étnico-racial-religiosa.",2,2,71
Eduardo Bandeira de Mello,@mello_bandeira,https://twitter.com/mello_bandeira/status/1633638194666151939,2023-03-09T01:17:51.000Z,"Audiência com o Ministro Caputo Bastos, do Tribunal Superior do Trabalho (TST), Rodrigo Monteiro de Castro e Francisco Mansur, Assessor do Secretário Executivo do Ministério da Fazenda.",4,3,40
Eduardo Bandeira de Mello,@mello_bandeira,https://twitter.com/mello_bandeira/status/1633438022476746752,2023-03-08T12:02:27.000Z,"No Gabinete em Brasília são elas que mandam! 

Neste dia 8 de março, mas não somente nesta data, desejo que as mulheres possam ocupar cada vez mais espaços de poder, dentro ou fora da política.",4,3,131
Eduardo Bandeira de Mello,@mello_bandeira,https://twitter.com/mello_bandeira/status/1633437660848046081,2023-03-08T12:01:00.000Z,Vamos juntos!,2,1,36
Eduardo Bandeira de Mello,@mello_bandeira,https://twitter.com/mello_bandeira/status/1632874389157847040,2023-03-06T22:42:46.000Z,"Na Semana da Mulher, a Câmara dos Deputados pode votar 5 PLs sobre o tema, como a MP que cria um programa de prevenção e combate ao assédio sexual nos sistemas de ensino e o PL que assegura às mulheres o direito a ter acompanhante de sua livre escolha em consultas e exames",2,0,44
Eduardo Bandeira de Mello,@mello_bandeira,https://twitter.com/mello_bandeira/status/1632846275132399619,2023-03-06T20:51:03.000Z,"Rumo a Brasília. Nesta semana, em pauta, expectativa das formações das comissões, votações e importantes reuniões que vou compartilhando com vocês por aqui. 

Vamos em frente, sempre fazendo a coisa certa! Saudações!",14,8,563
Eduardo Bandeira de Mello,@mello_bandeira,https://twitter.com/mello_bandeira/status/1632769004115746817,2023-03-06T15:44:00.000Z,"Rápida entrevista para a Rádio Câmara sobre a minha experiência como gestor na área esportiva e como essa expertise vai colaborar para a proposição de leis e de políticas públicas voltadas não somente para o esporte, mas para melhorar a vida de toda a população.",0,2,51
Eduardo Bandeira de Mello,@mello_bandeira,https://twitter.com/mello_bandeira/status/1631760185050931200,2023-03-03T20:55:19.000Z,Respeito é a base da democracia. Todo nosso apoio e admiração à ministra e grande mulher @MarinaSilva,14,2,184
Eduardo Bandeira de Mello,@mello_bandeira,https://twitter.com/mello_bandeira/status/1631645566043127809,2023-03-03T13:19:52.000Z,"Ídolo de várias gerações, autor de jogadas geniais e gols históricos, nosso Galinho de Quintino completa 70 anos hoje. Vida longa ao nosso eterno craque Zico! #flamengo #zico #CRF #SRN",16,44,1.599
Eduardo Bandeira de Mello,@mello_bandeira,https://twitter.com/mello_bandeira/status/1631376966099017749,2023-03-02T19:32:32.000Z,"Estive presente no 7º encontro do Consórcio de Integração Sul e Sudeste (Cosud), realizado aqui no RJ. O encontro reúne os líderes do Executivo e Legislativo dos sete Estados das duas regiões e é realizado na Fundação Getúlio Vargas (FGV).",1,1,45
Eduardo Bandeira de Mello,@mello_bandeira,https://twitter.com/mello_bandeira/status/1631366928919932928,2023-03-02T18:52:39.000Z,Completamos nosso 1º mês de mandato na Câmara dos Deputados. Agradeço demais a confiança e apoio de vocês para que eu pudesse estar aqui representando o nosso RJ. Clica aí e confere alguns dos comentários que me dão cada vez mais ânimo e a certeza de fazer a coisa certa.,7,4,158
Eduardo Bandeira de Mello,@mello_bandeira,https://twitter.com/mello_bandeira/status/1631340207546019840,2023-03-02T17:06:28.000Z,"Nossa Frente Parlamentar da Modernização do Futebol está prestes a conseguir a quantidade mínima de assinaturas para ser criada na Câmara dos Deputados. O objetivo será, entre outros, debater as SAFs, a Liga, transparência e também a governança nos clubes.",4,2,49
Eduardo Bandeira de Mello,@mello_bandeira,https://twitter.com/mello_bandeira/status/1631082823560855553,2023-03-02T00:03:43.000Z,"Parabéns, Rio de Janeiro, pelos seus 458 anos. 🥳🎉🎂Vamos trabalhar muito para que você seja, realmente, maravilhosa para todos. #rj #errejota #riodejaneiro #parabens #flamengo #turismo #praia",4,11,155
Eduardo Bandeira de Mello,@mello_bandeira,https://twitter.com/mello_bandeira/status/1631007679471575040,2023-03-01T19:05:08.000Z,Mais cedo participei do café da manhã oferecido pela ABSOLAR para demonstrar as potencialidades da energia solar para ajudar o Brasil a atender às metas de redução de CO2 assinadas nos protocolos internacionais.,1,1,52
Eduardo Bandeira de Mello,@mello_bandeira,https://twitter.com/mello_bandeira/status/1630919902021271553,2023-03-01T13:16:20.000Z,Café da Manhã no #FNPE (Fórum Nacional Popular de Educação) debater a #educação é sempre prioridade.,1,0,23
Eduardo Bandeira de Mello,@mello_bandeira,https://twitter.com/mello_bandeira/status/1630910678792847360,2023-03-01T12:39:41.000Z,"Resumo do nosso 1º mês de mandato legislativo. 

Muito obrigado a todos pela confiança e oportunidade de estar na Câmara Federal representando o nosso Rio de Janeiro.#rj #deputadofederal #brasilia #riodejaneiro #flamengo",1,2,57
Eduardo Bandeira de Mello,@mello_bandeira,https://twitter.com/mello_bandeira/status/1630722447761711105,2023-03-01T00:11:43.000Z,Reunião da Liderança do PSB em busca de justiça tributária para nosso país. #reformatributaria,2,0,37
