nome,usuario,idTweet,dataPublicacao,texto,replies,retweets,likes
soududaramos,@soududaramos,https://twitter.com/soududaramos/status/1641114073478709258,2023-03-29T16:24:20.000Z,"Aprovamos há pouco, na Comissão de Viação e Transporte, requerimento de audiência pública para tratarmos dos elevados preços das passagens aéreas na Região Norte do pais, em especial para Roraima.",2,0,1
soududaramos,@soududaramos,https://twitter.com/soududaramos/status/1640742663409344513,2023-03-28T15:48:29.000Z,"Que boa notícia, pessoal! Que alegria ver Boa Vista investindo em seu potencial empreendedor, incentivando a população com programas de estímulo à abertura de novas empresas, de capacitação para empresários e de financiamentos para pessoas jurídicas.",1,0,1
soududaramos,@soududaramos,https://twitter.com/soududaramos/status/1640384884244881408,2023-03-27T16:06:47.000Z,"Recebi com tristeza a informação de um adolescente de 13 anos que matou a professora e feriu outras quatro pessoas, em São Paulo, na manhã de hoje. O agressor do 8º ano, do ensino fundamental, foi apreendido.",1,0,0
soududaramos,@soududaramos,https://twitter.com/soududaramos/status/1640336110931828738,2023-03-27T12:52:59.000Z,"Que sua coragem seja maior que seu medo e que sua força seja tão grande quanto sua fé. Abrace o seu medo e vá com ele realizar seus sonhos. Você só saberá se é possivel, se tentar. 

Uma segunda-feira abençoada! 🙏🏻",0,0,1
soududaramos,@soududaramos,https://twitter.com/soududaramos/status/1639963620363599873,2023-03-26T12:12:50.000Z,"Comece agradecendo a Deus por tudo, e entregue mais um dia nas mãos Dele, que Ele tudo fará. 

Um domingo abençoado a todos nós! 🙏🏻",0,0,1
soududaramos,@soududaramos,https://twitter.com/soududaramos/status/1638511968909705216,2023-03-22T12:04:30.000Z,"Tudo tem o seu tempo determinado, e há tempo para todo propósito debaixo do céu.

Eclesiastes 3:1

Bom dia! 🙏🏻",0,0,1
soududaramos,@soududaramos,https://twitter.com/soududaramos/status/1638200104577384450,2023-03-21T15:25:15.000Z,ORGULHO! Rafaela é exemplo de superação e inspiração. Parabéns! https://roraimaemfoco.com/boxeadora-de-roraima-passa-a-integrar-selecao-olimpica-brasileira/…,0,0,1
soududaramos,@soududaramos,https://twitter.com/soududaramos/status/1638178464351285251,2023-03-21T13:59:16.000Z,"Hoje, duas datas nos trazem à consciência o quanto ainda é necessário lutar para a construção de um mundo mais justo e igualitário. Síndrome de Down e Dia Internacional Contra a Discriminação Racial.",1,0,2
soududaramos,@soududaramos,https://twitter.com/soududaramos/status/1638141557650882564,2023-03-21T11:32:37.000Z,"Busquem, pois, em primeiro lugar o Reino de Deus e a sua justiça, e todas essas coisas serão acrescentadas a vocês.

Mateus 6:33 🙏🏻",0,0,0
soududaramos,@soududaramos,https://twitter.com/soududaramos/status/1639625903310348290,2023-03-25T13:50:52.000Z,"Ontem fiz a entrega de mais de 200 kits escolares para as crianças do bairro Aracelis aqui em Boa Vista.
Essa ação é parte de um trabalho social que eu já desenvolvo há muitos anos. A educação transforma, traz progresso, amplia nossa forma de ver o mundo.",1,1,3
soududaramos,@soududaramos,https://twitter.com/soududaramos/status/1637816945591418881,2023-03-20T14:02:43.000Z,Grande oportunidade! 👏🏻,0,0,1
soududaramos,@soududaramos,https://twitter.com/soududaramos/status/1637806604530720768,2023-03-20T13:21:38.000Z,"Tem vacina disponível! 💉 
O Ministério da Saúde recomendou na última sexta (17), a aplicação da vacina bivalente contra COVID-19 em todas as pessoas consideradas prioritárias. Idosos com mais de 60 anos estão nesse grupo.",1,1,2
soududaramos,@soududaramos,https://twitter.com/soududaramos/status/1637781823718555650,2023-03-20T11:43:09.000Z,"Com fé e gratidão damos início em mais uma semana. Que seja abençoada e repleta de realizações para todos! 

Bom dia! 🙏🏻",0,0,1
soududaramos,@soududaramos,https://twitter.com/soududaramos/status/1637429862850764800,2023-03-19T12:24:35.000Z,"Se há Deus em sua vida, então há certeza de bençãos, há coragem, há força, há confiança há amor e há fé.

Um domingo de muitas bençãos, bom dia! 🙏🏻",0,0,1
soududaramos,@soududaramos,https://twitter.com/soududaramos/status/1636696338137067522,2023-03-17T11:49:50.000Z,"Pai nosso que estás no céu, ilumina nossos passos hoje, amanhã e sempre. Amém! 

Uma sexta-feira abençoada a todos 🙏🏻",1,0,2
soududaramos,@soududaramos,https://twitter.com/soududaramos/status/1636334309639421955,2023-03-16T11:51:15.000Z,"Consagre ao senhor tudo o que você faz, e o seus planos serão bem-sucedidos. 

Provérbios 16:5

Uma ótima quinta-feira! 🙌🏻",0,0,1
soududaramos,@soududaramos,https://twitter.com/soududaramos/status/1636019492013703170,2023-03-15T15:00:17.000Z,"Hoje, é Dia da Escola, e eu estou muito feliz em contribuir com a ação social de entrega de kits escolares para crianças de famílias de baixa renda. É um gesto simples, mas que para muitos deles é a única oportunidade de ter material para estudar.",2,0,1
soududaramos,@soududaramos,https://twitter.com/soududaramos/status/1635999813153046529,2023-03-15T13:42:05.000Z,"Lamentável essa notícia da ANP. Nós sabemos o quanto o alto custo do gás de cozinha afeta a vida do brasileiro, elevando a inflação, e o pior, aumentando a desigualdade social. É fundamental que tenhamos uma solução para essa questão!",1,0,1
soududaramos,@soududaramos,https://twitter.com/soududaramos/status/1635990042983137285,2023-03-15T13:03:16.000Z,"Hoje, aqui na Câmara, teremos as reuniões de instalações dos trabalhos das 30 comissões permanentes e eleições dos presidentes e vice-presidentes.",2,0,1
soududaramos,@soududaramos,https://twitter.com/soududaramos/status/1635974697107046402,2023-03-15T12:02:17.000Z,"Vamos trabalhar na busca pelo desenvolvimento econômico e social, com intuito de melhorar o ambiente de negócios e proporcionar maior segurança júridica. 🤝🏻",0,0,0
soududaramos,@soududaramos,https://twitter.com/soududaramos/status/1635974659643416582,2023-03-15T12:02:08.000Z,"Com muito entusiasmo e responsabilidade, assumo a Coordenação da Frente do Empreendedorismo em Roraima, na Câmara dos Deputados.",0,0,0
soududaramos,@soududaramos,https://twitter.com/soududaramos/status/1635750354448003082,2023-03-14T21:10:49.000Z,"Eu sei como é desafiador empreender em nosso país, principalmente por conta das altas cargas tributárias. 
Pensando nisso, apresentei à Câmara dos Deputados, o PL 1048/23, que altera a Lei do Simples Nacional, concedendo desconto nos três primeiros anos de início do seu negócio.",1,0,0
soududaramos,@soududaramos,https://twitter.com/soududaramos/status/1635615770221637633,2023-03-14T12:16:02.000Z,"Alegrem-se na esperança, sejam pacientes na tribulação, perseverem na oração.

Romanos 12:12

Bom dia! 🙌🏻",1,0,2
soududaramos,@soududaramos,https://twitter.com/soududaramos/status/1635239913896706050,2023-03-13T11:22:31.000Z,"Este é o Deus cujo caminho é perfeito; a palavra do Senhor é comprovadamente genuína. Ele é escudo para todos os que nele se refugiam.

2 Samuel 22:31 

Deus abençoe a nossa semana, amém! 🙏🏻",1,0,3
soududaramos,@soududaramos,https://twitter.com/soududaramos/status/1634744699872223232,2023-03-12T02:34:43.000Z,"Uma entrega que fará a diferença na vida de pequenos agricultores do município de Mucajaí! 🚜🌾 

A patrulha mecanizada chegou à Vila Apiaú, trazendo mais eficiência e agilidade para os agricultores locais.",1,0,2
soududaramos,@soududaramos,https://twitter.com/soududaramos/status/1634744283524628481,2023-03-12T02:33:03.000Z,"Antes mesmo de entrar na política, criei projetos que ajudaram muitas famílias. Agora não seria diferente, vou poder contribuir ainda mais! #KitsEscalares #VoltaàsAulasComDuda",1,0,1
soududaramos,@soududaramos,https://twitter.com/soududaramos/status/1633799934095785987,2023-03-09T12:00:33.000Z,"Esforçai-vos, e ele fortalecerá o vosso coração, vós todos que esperais no Senhor. 

Salmos 31:24

Bom dia! 🙏🏻",0,0,0
soududaramos,@soududaramos,https://twitter.com/soududaramos/status/1633586010159296512,2023-03-08T21:50:30.000Z,"Pessoal, boa notícia!  As obras de recuperação da BR 174 estão a todo vapor! 
Uma rodovia muito importante para o nosso Estado, que liga Roraima ao restante do Brasil.",1,0,0
soududaramos,@soududaramos,https://twitter.com/soududaramos/status/1633542788456366080,2023-03-08T18:58:45.000Z,#NovaFotoDePerfil,0,0,0
soududaramos,@soududaramos,https://twitter.com/soududaramos/status/1633535713974050819,2023-03-08T18:30:38.000Z,"#Enquadramento 
Pessoal, entrei com um pedido de informação à Ministra de Estado de Gestão e da Inovação em Serviços Públicos para saber o motivo da demora da publicação das novas listas de enquadramento com 1.023 nomes de servidores do nosso estado.",1,0,1
soududaramos,@soududaramos,https://twitter.com/soududaramos/status/1633256855366451200,2023-03-08T00:02:33.000Z,"Eu, juntamente com o prefeito @jairoars, senador @meciasdejesus, senador @drhiran_ e o deputado @jhonatandejesus estamos levando recursos para a construção de 300 casas no município de Iracema.",1,0,0
soududaramos,@soududaramos,https://twitter.com/soududaramos/status/1633073389169410050,2023-03-07T11:53:31.000Z,"Sejam bondosos e compassivos uns para com os outros, perdoando-se mutuamente, assim como Deus perdoou vocês em Cristo.

Efésios 4:32

Bom dia! 🙌🏻",1,0,2
soududaramos,@soududaramos,https://twitter.com/soududaramos/status/1632769111309647872,2023-03-06T15:44:26.000Z,"O IBGE divulgou, esta semana, que número de trabalhadores sem carteira assinada no passado bateu recorde da série histórica, iniciada em 2012.",1,0,0
soududaramos,@soududaramos,https://twitter.com/soududaramos/status/1632714535621611520,2023-03-06T12:07:34.000Z,"Que a cada dia sejamos gratos ao Senhor por cada pequeno detalhe. Uma semana abençoada a todos nós, amém! 🤍",0,0,1
soududaramos,@soududaramos,https://twitter.com/soududaramos/status/1632340316685578244,2023-03-05T11:20:33.000Z,"Sobre tudo o que se deve guardar, guarda o teu coração, porque dele procedem as fontes da vida. 

Provérbios 4:23

Um domingo de muitas bençãos! 🙏🏻",0,0,1
soududaramos,@soududaramos,https://twitter.com/soududaramos/status/1631986290596904963,2023-03-04T11:53:47.000Z,"Confiem sempre no Senhor, porque o
Senhor Deus é uma rocha eterna.

Isaías 26:4

Que o nosso final de semana seja protegido e abençoado por Deus! 🙌🏻",0,0,2
soududaramos,@soududaramos,https://twitter.com/soududaramos/status/1631625734916657159,2023-03-03T12:01:04.000Z,"Eu louvo a Deus porque ele não deixou de ouvir a minha oração e nunca me negou o Seu amor.

Salmos 66:20

Uma sexta-feira abençoada para todos nós! 🙏🏻 #DiaMundialdaOração",0,0,1
soududaramos,@soududaramos,https://twitter.com/soududaramos/status/1631411570793168897,2023-03-02T21:50:03.000Z,"Sou coautor da PEC de Imunidade tributária para Igrejas que tramita na Câmara dos Deputados 📝A medida representa um avanço na defesa da liberdade religiosa, representa o fim dos impostos para construção e reformas dos templos e para obras para prestação de serviços.",1,0,0
soududaramos,@soududaramos,https://twitter.com/soududaramos/status/1631310151515795457,2023-03-02T15:07:03.000Z,"Minha solidariedade aos familiares das vítimas da tragédia ocorrida na Grécia, durante a colisão dois trens. Que Deus conforte e guarde os feridos que infelizmente sofrem com estas perdas repentinas. 🙏🏻",0,0,1
soududaramos,@soududaramos,https://twitter.com/soududaramos/status/1631258511123390476,2023-03-02T11:41:51.000Z,"Para tudo há uma ocasião certa; há um tempo certo para cada propósito debaixo do céu.

Eclesiastes 3:1

Bom dia!  🙏🏻",0,0,2
soududaramos,@soududaramos,https://twitter.com/soududaramos/status/1631054951987179523,2023-03-01T22:12:58.000Z,"No gabinete do amigo @MCrivella, estamos conversando sobre uma importante PEC para as igrejas e entidades religiosas. 
Vem notícia importante por aí!",1,0,2
soududaramos,@soududaramos,https://twitter.com/soududaramos/status/1630908715137204224,2023-03-01T12:31:53.000Z,"Gratidão pelo mês que se foi e pelo mês que começa. Que nossos dias sejam de paz, bençãos e conquistas! 

Bem-vindo, Março! 🙏🏻",0,0,1
