nome,usuario,idTweet,dataPublicacao,texto,replies,retweets,likes
Chris Tonietto,@ToniettoChris,https://twitter.com/ToniettoChris/status/1641106851369566209,2023-03-29T15:55:38.000Z,"O que podemos esperar de bom do (des)governo Lula? 
Não temos nem 100 dias de gestão e já estamos em crise. Regredimos no “modo turbo” em diferentes panoramas, político, econômico, moral, intelectual, de saúde, que temos por certo que o dia de hoje será melhor que o de amanhã!",7,26,177
Chris Tonietto,@ToniettoChris,https://twitter.com/ToniettoChris/status/1639612291745193990,2023-03-25T12:56:47.000Z,"Neste Dia do Nascituro, e da Anunciação de Nosso Senhor, precisamos reafirmar nosso compromisso com a dignidade e os direitos da vida intrauterina, para sermos a voz daqueles que ainda não podem se defender.

 Contem sempre conosco nessa luta!

Salvemos as duas vidas!",6,55,230
Chris Tonietto,@ToniettoChris,https://twitter.com/ToniettoChris/status/1639350723098861573,2023-03-24T19:37:24.000Z,"Os promotores da agenda da morte se movimentam maliciosamente para tentar manchar a nossa bandeira com sangue inocente. Não permitiremos! Aqui é Terra de Santa Cruz e esse solo é sagrado! Pró-vidas do Brasil, fiquem atentos!!!",7,28,230
Chris Tonietto,@ToniettoChris,https://twitter.com/ToniettoChris/status/1638962730085281795,2023-03-23T17:55:39.000Z,Estamos unidos aos parlamentares pró-vida da América Latina! @depjpassarinho @DamaresAlves @andrefernm @elidiasborges @EduGiraoOficial @filipebarrost @nikolas_dm #FrenemosElAborto #AmericaLatinaEsProvida,5,13,67
Chris Tonietto,@ToniettoChris,https://twitter.com/ToniettoChris/status/1638241030767013893,2023-03-21T18:07:53.000Z,"Neste Dia Internacional da Síndrome de Down, celebremos o dom da vida em toda a sua variedade, e reforcemos o compromisso de proteger e cuidar de nossos irmãozinhos mais frágeis!",3,9,90
Chris Tonietto,@ToniettoChris,https://twitter.com/ToniettoChris/status/1638241000756768774,2023-03-21T18:07:46.000Z,"Cada vez mais, a cultura eugenista que cresce no Ocidente considera os bebês com Síndrome de Down como indesejáveis e descartáveis.

Não apenas essa condição sequer pode ser considerada uma doença, como nada pode se comparar ao valor de uma vida humana.",5,15,104
Chris Tonietto,@ToniettoChris,https://twitter.com/ToniettoChris/status/1636400789697462274,2023-03-16T16:15:25.000Z,"Trata-se de usar o “gênero” como instrumento político, de disseminar uma ideologia atentatória à natureza humana nas instituições públicas!

Vamos revogar essa Portaria!",9,30,124
Chris Tonietto,@ToniettoChris,https://twitter.com/ToniettoChris/status/1636400714623881222,2023-03-16T16:15:07.000Z,"Quem lê o texto da Portaria n° 230/2023 do Ministério da Saúde, não tem dúvidas de que a palavra “gênero” ali é usada com o sentido que lhe dá a ideóloga Judith Butler, grande propagadora da nefasta “teoria de gênero”.",5,33,131
Chris Tonietto,@ToniettoChris,https://twitter.com/ToniettoChris/status/1635988513077305344,2023-03-15T12:57:11.000Z,"Mas a nova Portaria do desgoverno Lula que oficializa a ideologia de gênero no âmbito do Ministério da Saúde é a prova de que as fantasias acadêmicas da Judith Butler são mais perigosas do que muitos supunham.

Para combatermos esse inimigo, nossa melhor arma é o conhecimento!",21,62,266
Chris Tonietto,@ToniettoChris,https://twitter.com/ToniettoChris/status/1635988087795793920,2023-03-15T12:55:29.000Z,"Muitos dos que, no passado recente, denunciaram com vigor a subversão operada pela “teoria de gênero” na sociedade, foram tachados pela esquerda de “teóricos da conspiração” e de “fanáticos religiosos”.

Gostaríamos de estar errados...",3,24,134
Chris Tonietto,@ToniettoChris,https://twitter.com/ToniettoChris/status/1634538235694022657,2023-03-11T12:54:18.000Z,"🚨 ISSO É GRAVÍSSIMO!

Estamos tomando as devidas providências.

Não podemos nos calar diante de tantos absurdos!!!",160,1.198,2.902
Chris Tonietto,@ToniettoChris,https://twitter.com/ToniettoChris/status/1634178894843486209,2023-03-10T13:06:24.000Z,"Sobre o Nikolas:

A esquerda é tão “democrática” que, se não concordarmos com o seu discurso, ela simplesmente quer cassar o nosso mandato e impedir que tenhamos qualquer manifestação de pensamento.",19,62,365
Chris Tonietto,@ToniettoChris,https://twitter.com/ToniettoChris/status/1633511284984487948,2023-03-08T16:53:34.000Z,"Se você ainda não assistiu à aula inaugural da nossa série especial do Mês das Mulheres, não perca essa oportunidade!

Entre no nosso canal no Youtube para acessar este conteúdo exclusivo e gratuito!

Semana que vem teremos um novo vídeo!",6,23,97
Chris Tonietto,@ToniettoChris,https://twitter.com/ToniettoChris/status/1633248595787890690,2023-03-07T23:29:44.000Z,"Todos sabemos que a ideologia marxista tende a ver os bandidos como ""vítimas da sociedade capitalista"", mas a hipocrisia da equipe que Lula pôs no poder ultrapassa tudo que já se viu nesse país!

Os ""direitos dos manos"" voltaram à moda... quem sofre é o trabalhador.",7,32,150
Chris Tonietto,@ToniettoChris,https://twitter.com/ToniettoChris/status/1631688321473576968,2023-03-03T16:09:45.000Z,"É que também faz parte da ""democracia"" dessa gente instituir a cultura da morte. É curioso que aqueles que dizem combater o ""discurso de ódio"" possam odiar tanto um bebê inocente no ventre de sua mãe...",8,29,166
Chris Tonietto,@ToniettoChris,https://twitter.com/ToniettoChris/status/1631658630540828672,2023-03-03T14:11:46.000Z,"Agora, o Partido das Trevas nos brinda com uma ""liga de inimigos da direita"", liderada por um youtuber, uma comunista e uma ativista pró-ab0rt0.",6,33,224
Chris Tonietto,@ToniettoChris,https://twitter.com/ToniettoChris/status/1631658073201811460,2023-03-03T14:09:34.000Z,"Para o PT, ""democracia"" é sinônimo de discurso único, censura e patrulha ideológica nas instituições públicas: basta ver o ""paraíso democrático"" que é Cuba, menina dos olhos de Lula e seus ""companheiros"".",4,13,76
