nome,usuario,idTweet,dataPublicacao,texto,replies,retweets,likes
Daniel Trzeciak,@TrzeciakDaniel,https://twitter.com/TrzeciakDaniel/status/1641568075022475267,2023-03-30T22:28:22.000Z,"Semana intensa em Brasília em função da marcha dos prefeitos. 
Com a atual sistema tributário, que muito se diz e pouco se faz pra mudar, será sempre assim. Os prefeitos “passando o chapéu” em busca de recursos. O ex-presidente Bolsonaro falou muito “menos Brasília, mais Brasil”",4,0,8
Daniel Trzeciak,@TrzeciakDaniel,https://twitter.com/TrzeciakDaniel/status/1641509833923780612,2023-03-30T18:36:56.000Z,Parceria 🤝 é sempre fundamental na política. Confirmei aos vereadores Renato Ferreira (PSDB) e Claiton Dorneles (PSDB) emenda de R$ 400 mil para a aquisição de uma retroescavadeira ao município de São Jerônimo. @SaoJeronimoRS,0,0,7
Daniel Trzeciak,@TrzeciakDaniel,https://twitter.com/TrzeciakDaniel/status/1641449431068467207,2023-03-30T14:36:55.000Z,"Chuí é a 15ª cidade da Zona Sul do Estado a receber recursos do nosso mandato para pavimentação: R$ 500 mil que vão levar qualidade de vida aos moradores da rua Palestina. Ofício entregue ao prefeito Marco Antonio, nessa boa parceria com os municípios da região.@cidadedochui",0,0,7
Daniel Trzeciak,@TrzeciakDaniel,https://twitter.com/TrzeciakDaniel/status/1641421866253385731,2023-03-30T12:47:23.000Z,O próximo contrato de concessão do Polo Pelotas não pode penalizar a Zona Sul do Estado com o retrocesso e a falta de investimentos. Essa é a nossa luta.,0,0,7
Daniel Trzeciak,@TrzeciakDaniel,https://twitter.com/TrzeciakDaniel/status/1641418178092736512,2023-03-30T12:32:44.000Z,"O Governo Federal apresenta hj detalhes do novo arcabouço fiscal. A proposta substituiu o teto de gastos, que limita o crescimento das despesas à inflação do ano anterior. Basicamente quer mostrar capacidade de controle das contas públicas para ter recursos e investir.",2,0,7
Daniel Trzeciak,@TrzeciakDaniel,https://twitter.com/TrzeciakDaniel/status/1641249199441293320,2023-03-30T01:21:16.000Z,"Crime do bem e agora homofobia do bem? 
É…o amor venceu o ódio 🫣",6,1,12
Daniel Trzeciak,@TrzeciakDaniel,https://twitter.com/TrzeciakDaniel/status/1641181913422393352,2023-03-29T20:53:54.000Z,"Conversa franca hj com a ministra do Esporte, Ana Moser, na Câmara. Meus questionamentos você confere no link a seguir:https://daniel45.com/post/deputado-questiona-ministra-ana-moser-na-comiss%C3%A3o-do-esporte…",0,0,2
Daniel Trzeciak,@TrzeciakDaniel,https://twitter.com/TrzeciakDaniel/status/1641137443045888002,2023-03-29T17:57:11.000Z,"Brasil-Pel x Atlético MG na terceira fase da Copa do Brasil. E aí torcedor Xavante, o que achou do sorteio?  @GEBrasilOficial",4,1,23
Daniel Trzeciak,@TrzeciakDaniel,https://twitter.com/TrzeciakDaniel/status/1641053754794336257,2023-03-29T12:24:39.000Z,O Brasil chega a 700 mil mortes 😥 causadas pela Covid. Por isso é fundamental reforçar: a vacina é a principal forma de prevenir e proteger a população. Informe-se e cheque sua carteira de vacinação.,0,0,7
Daniel Trzeciak,@TrzeciakDaniel,https://twitter.com/TrzeciakDaniel/status/1640819313413181441,2023-03-28T20:53:03.000Z,"Cobrei do diretor-geral da ANTT, Rafael Vitale Rodrigues, soluções para a questão do pedágio no Polo Pelotas. O contrato da Ecosul se encerra em 2026 e a agilidade do próximo processo será fundamental para não criar um vácuo na outorga. A região não pode mais pagar essa conta.",1,1,18
Daniel Trzeciak,@TrzeciakDaniel,https://twitter.com/TrzeciakDaniel/status/1640794070007140373,2023-03-28T19:12:45.000Z,"Três atletas do projeto Remar para o Futuro 🛶, de Pelotas, foram selecionados e irão representar o Brasil na temporada 2023. A iniciativa da Prefeitura tem o apoio do nosso mandato, com emenda para fortalecer o esporte e descobrir novos talentos. Maravilha. @PrefPelotas",1,0,7
Daniel Trzeciak,@TrzeciakDaniel,https://twitter.com/TrzeciakDaniel/status/1640419233241735168,2023-03-27T18:23:17.000Z,"Vai iniciar uma das obras mais aguardadas em Pelotas. A duplicação de 1,3 km da av. Cidade de Lisboa, no Fragata, última grande via de acesso ao município, começa na primeira quinzena de abril. Parceira da Prefeitura e do Governo do RS.  @paulapelotas e @EduardoLeite_",0,0,7
Daniel Trzeciak,@TrzeciakDaniel,https://twitter.com/TrzeciakDaniel/status/1640399628028846082,2023-03-27T17:05:23.000Z,"Governador @EduardoLeite_ anunciou o chamamento de 1.331 servidores para atuarem na segurança pública 🚨 do RS, área estratégica à sociedade gaúcha. Nomeados vão suprir o déficit nas corporações.",0,3,15
Daniel Trzeciak,@TrzeciakDaniel,https://twitter.com/TrzeciakDaniel/status/1640384064002596864,2023-03-27T16:03:32.000Z,"Parabéns à Santa Casa de Pedro Osório pela inauguração das melhorias na estrutura física e de atendimento. Feliz demais em saber que o nosso mandato, junto com outros apoiadores, teve participação direta na conquista que irá beneficiar as comunidades do município e de Cerrito.",1,0,14
Daniel Trzeciak,@TrzeciakDaniel,https://twitter.com/TrzeciakDaniel/status/1640162387989876737,2023-03-27T01:22:40.000Z,"A cena deste pseudo torcedor colorado que invadiu o campo com uma criança no colo para agredir um atleta profissional demonstra que passou da hora de rever os conceitos sobre o comportamento nos estádios. 
É lamentável!Além de ser pseudo torcedor, é um pseudo pai. Deve ser banido",4,0,22
Daniel Trzeciak,@TrzeciakDaniel,https://twitter.com/TrzeciakDaniel/status/1640067440485834755,2023-03-26T19:05:23.000Z,"Domingo de 🎂. Parabéns Porto Alegre. A capital dos gaúchos celebra  251 anos hj.
""Deu pra ti, baixo  astral,  vou pra Porto Alegre, tchau.""",0,0,9
Daniel Trzeciak,@TrzeciakDaniel,https://twitter.com/TrzeciakDaniel/status/1639657477120638976,2023-03-25T15:56:20.000Z,Tem vídeo novo no canal do mandato no YouTube. Segue a gente para ficar bem informado.👉,0,1,5
Daniel Trzeciak,@TrzeciakDaniel,https://twitter.com/TrzeciakDaniel/status/1639358999911882753,2023-03-24T20:10:18.000Z,"Visitei hj as obras de restauro da Torre Norte da Catedral Metropolitana de São Francisco de Paula⛪️, em Pelotas. Serão três meses de intervenções em um dos mais belos patrimônios históricos da cidade, com recursos destinados pelo nosso mandato.",0,0,11
Daniel Trzeciak,@TrzeciakDaniel,https://twitter.com/TrzeciakDaniel/status/1639264393815896068,2023-03-24T13:54:22.000Z,"Que alegria celebrar os 150 anos de Arroio Grande, cidade hospitaleira, uma dos maiores produtoras de arroz do RS e onde recebi, com muito orgulho, a Medalha Barão de Mauá. Parabéns.@Arroio_Grande @Richer_Cunha @RdDifusoraFM",0,1,5
Daniel Trzeciak,@TrzeciakDaniel,https://twitter.com/TrzeciakDaniel/status/1639233365520920576,2023-03-24T11:51:04.000Z,Hj tem aniversário na Zona Sul do Estado. Parabéns🎂 Candiota. Que sua história siga fortalecendo a base de um futuro próspero. @prefcandiotars,0,0,4
Daniel Trzeciak,@TrzeciakDaniel,https://twitter.com/TrzeciakDaniel/status/1638997804734468098,2023-03-23T20:15:02.000Z,"Um dia especial às famílias da rua Carlos Chagas, em São Lourenço do Sul. Anunciei emenda de R$ 500 mil para requalificar a via. Construção coletiva com os vereadores @_paulinhoradio  e @EmersonPieper. Também confirmei uma patrola para a Prefeitura.",0,0,7
Daniel Trzeciak,@TrzeciakDaniel,https://twitter.com/TrzeciakDaniel/status/1638929599668125698,2023-03-23T15:44:01.000Z,"Entreguei nova emenda, de R$ 400 mil, ao Hospital de Caridade de Canguçu. Mais de R$ 1 milhão repassados à casa de saúde do município até hj pelo mandato.",1,1,16
Daniel Trzeciak,@TrzeciakDaniel,https://twitter.com/TrzeciakDaniel/status/1638906570061889537,2023-03-23T14:12:30.000Z,Mais de 300 itens adquiridos por oito CTGs de Canguçu com recursos destinados pelo nosso mandato. O apoio foi fundamental na retomada das entidades no pós-pandemia.,0,2,8
Daniel Trzeciak,@TrzeciakDaniel,https://twitter.com/TrzeciakDaniel/status/1638892456165998598,2023-03-23T13:16:25.000Z,"Dia de muita conversa, prestação de contas e boas notícias do nosso mandato na área da saúde para o município de Canguçu.",0,1,6
Daniel Trzeciak,@TrzeciakDaniel,https://twitter.com/TrzeciakDaniel/status/1638663206054010880,2023-03-22T22:05:27.000Z,"Ao manter a taxa básica em 13,75% 📈, o Banco Central diz o que pensa sobre a recuperação da economia brasileira. Quer sinais mais fortes do Governo @LulaOficial. A Selic não cai na base do grito. Em economia não funciona assim.",5,7,22
Daniel Trzeciak,@TrzeciakDaniel,https://twitter.com/TrzeciakDaniel/status/1638600300318564356,2023-03-22T17:55:29.000Z,"No Dia Mundial da Água, reportagem do @diariopopularRS apresenta um número assustador: a Zona Sul gaúcha perdeu 11.299 hectares de superfície d’água nos últimos 20 anos, o equivalente a 15.825 campos de futebol. @azonasulrs @saneppelotas @PrefPelotas",1,0,5
Daniel Trzeciak,@TrzeciakDaniel,https://twitter.com/TrzeciakDaniel/status/1638547966653878278,2023-03-22T14:27:32.000Z,"A Câmara aprovou o PL 1604/22, que determina a concessão imediata de medidas protetivas a todas as mulheres que fizerem denúncias a qualquer autoridade policial ou a partir de alegações escritas. A iniciativa vai à sanção presidencial. @brigadamilitar_  @PrefPelotas @SSP_RS",0,1,8
Daniel Trzeciak,@TrzeciakDaniel,https://twitter.com/TrzeciakDaniel/status/1638516399415914498,2023-03-22T12:22:06.000Z,"A operação da @policiafederal que investiga uma facção criminosa suspeita de planejar o sequestro e a morte de autoridades, entre elas o senador @SF_Moro e sua família, impediu um verdadeiro atentado contra o Estado Brasileiro. Parabéns à PF e minha solidariedade às vítimas.",3,1,19
Daniel Trzeciak,@TrzeciakDaniel,https://twitter.com/TrzeciakDaniel/status/1638304988127477765,2023-03-21T22:22:02.000Z,"Estar no Poder não é para ser usado como vingança. O Brasil merece um líder com postura, com comportamento pro cargo que ocupa.",17,6,38
Daniel Trzeciak,@TrzeciakDaniel,https://twitter.com/TrzeciakDaniel/status/1638297070543962113,2023-03-21T21:50:34.000Z,"Participei hj de reunião na sede da EBSERH em Brasília, com representantes de Pelotas, para discutir alternativas à falta de médicos anestesistas no HE-UFPel. O serviço é fundamental para a saúde do município e juntos vamos encontrar uma solução. @paulapelotas @UFPel @ebserh",0,1,10
Daniel Trzeciak,@TrzeciakDaniel,https://twitter.com/TrzeciakDaniel/status/1638172475291992068,2023-03-21T13:35:28.000Z,"Enquanto o presidente @LulaOficial afirma que os livros de economia estão ultrapassados, as montadoras VW, GM, Stellantis, Mercedes-Benz e Hyundai paralisam suas produções pq não existe crédito acessível no mercado. Juros altos = desestímulo da economia. Está nos livros.",5,2,11
Daniel Trzeciak,@TrzeciakDaniel,https://twitter.com/TrzeciakDaniel/status/1638165856176709634,2023-03-21T13:09:10.000Z,"Governo do RS repassou R$ 86 milhões a hospitais gaúchos para ampliar o atendimento oncológico. Recursos via termo de cooperação do TJ e a Secretaria da Saúde (SES). Na Metade Sul foram contempladas as Santas Casas de Pelotas, Rio Grande e Bagé, e o HE–UFPel. @EduardoLeite_",0,2,7
Daniel Trzeciak,@TrzeciakDaniel,https://twitter.com/TrzeciakDaniel/status/1637956331414990850,2023-03-20T23:16:35.000Z,No início dos meus dois mandatos destinei o recurso do auxílio-mudança para instituições.,1,1,10
Daniel Trzeciak,@TrzeciakDaniel,https://twitter.com/TrzeciakDaniel/status/1637904390982889474,2023-03-20T19:50:12.000Z,"Daqui três anos, em março de 2026, chegará ao fim o contrato de exploração do Polo Pelotas pela Ecosul. Hoje cruzamos nos pedágios com as mãos para cima: R$ 15,20. Por isso é importante iniciar o debate:✅ Teremos uma nova licitação?✅ Que tipo de contrato teremos e queremos?",1,6,22
Daniel Trzeciak,@TrzeciakDaniel,https://twitter.com/TrzeciakDaniel/status/1637830405159104512,2023-03-20T14:56:12.000Z,"É aguardada para hj a apresentação à Câmara do Deputados do texto do novo arcabouço fiscal pelo Ministério da Fazenda. Decisão busca principalmente evitar os ataques à proposta vindos do PT. Se o próprio partido não se entende, aí fica difícil hein?",0,0,7
Daniel Trzeciak,@TrzeciakDaniel,https://twitter.com/TrzeciakDaniel/status/1637823266105573382,2023-03-20T14:27:50.000Z,"Vai uma reflexão para quem está mais disposto a pensar do que discutir. 
As pessoas no Brasil deveriam estar mais centradas em discutir pautas, argumentar sobre causas. 
Não sobre políticos e partidos políticos. As causas ficam. Os políticos passam.",4,0,18
Daniel Trzeciak,@TrzeciakDaniel,https://twitter.com/TrzeciakDaniel/status/1637796833589067777,2023-03-20T12:42:48.000Z,"ONU divulgou o novo Ranking da Felicidade 😃. Finlândia é o país mais feliz do mundo. Top 5 tem ainda Dinamarca, Islândia, Israel e Holanda. Brasil no 49º lugar. Na América do Sul estamos atrás de Uruguai, Chile, Nicarágua e Guatemala.",0,0,4
Daniel Trzeciak,@TrzeciakDaniel,https://twitter.com/TrzeciakDaniel/status/1637349909245435910,2023-03-19T07:06:53.000Z,Daniel Trzeciak https://youtube.com/@DanielTrzeciak45… via @YouTube,0,0,2
Daniel Trzeciak,@TrzeciakDaniel,https://twitter.com/TrzeciakDaniel/status/1637173263594844160,2023-03-18T19:24:57.000Z,"Já acessou o nosso site hoje? 
Te liga aí nas últimas notícias!",0,0,4
Daniel Trzeciak,@TrzeciakDaniel,https://twitter.com/TrzeciakDaniel/status/1636815013007577088,2023-03-17T19:41:24.000Z,"Nosso mandato acompanhou em Pelotas a entrega da nova sede do Centro de Referência de Atendimento à Mulher em Situação de Violência Professora Cláudia Pinho Hartleben (CRM), serviço da Prefeitura fundamental no suporte à rede de proteção e prevenção. @paulapelotas",1,0,8
Daniel Trzeciak,@TrzeciakDaniel,https://twitter.com/TrzeciakDaniel/status/1636772550092165120,2023-03-17T16:52:40.000Z,"Uma funkeira de 24 anos ironizou o salário dos professores brasileiros (discriminação profissional) e agora acumula shows cancelados.

Três universitárias debocharam da idade da colega de 40 anos (etarismo) e, após a repercussão nacional do caso, abandonaram a graduação.",2,0,10
Daniel Trzeciak,@TrzeciakDaniel,https://twitter.com/TrzeciakDaniel/status/1636740656767856640,2023-03-17T14:45:56.000Z,Falta sensibilidade!,1,0,5
Daniel Trzeciak,@TrzeciakDaniel,https://twitter.com/TrzeciakDaniel/status/1636722830640394240,2023-03-17T13:35:06.000Z,"Brasil: um país com 9 milhões de desempregados (PNAD-IBGE, divulgada hj). Tem prioridade maior do que essa @LulaOficial?",7,1,13
Daniel Trzeciak,@TrzeciakDaniel,https://twitter.com/TrzeciakDaniel/status/1636697783863263233,2023-03-17T11:55:34.000Z,Hoje chegamos à metade do tempo no ano que trabalhamos apenas para pagar impostos. Que país é esse 😩? Eu falo sobre o assunto no vídeo a seguir. Confere lá 👇 e nos segue no YouTube para saber mais.,3,1,5
Daniel Trzeciak,@TrzeciakDaniel,https://twitter.com/TrzeciakDaniel/status/1636467509569134606,2023-03-16T20:40:33.000Z,"Câmara dos Deputados destaca em seu site o projeto de minha autoria que acaba com o Auxílio-Mudança. Políticos não precisam de benefícios e mordomias. O dinheiro é público, é da população.",2,3,21
Daniel Trzeciak,@TrzeciakDaniel,https://twitter.com/TrzeciakDaniel/status/1636409014128115712,2023-03-16T16:48:06.000Z,"Responde aí a interativa do mandato: Quanto o brasileiro deixa de todo o seu rendimento médio para pagar💰 impostos à União, estados e municípios?",1,0,1
Daniel Trzeciak,@TrzeciakDaniel,https://twitter.com/TrzeciakDaniel/status/1636378459915325443,2023-03-16T14:46:41.000Z,"Muitos dias são assim em Brasília. Com a agenda cheia, o almoço 🍽 é ao ar livre, de olho no relógio para não ser atropelado pelos compromissos e 'bora' trabalhar pela Zona Sul.",1,1,11
Daniel Trzeciak,@TrzeciakDaniel,https://twitter.com/TrzeciakDaniel/status/1636349916380315652,2023-03-16T12:53:16.000Z,"O debate sobre a Reforma Tributária na Câmara já começou. Na última reunião, especialistas discutiram modelos que podem ser adotados no Brasil, como os Impostos sobre Valor Agregado (IVA) e sobre Vendas a Varejo (IVV), em substituição a 5 tributos: IPI, Cofins, PIS, ICMS e ISS.",1,2,9
Daniel Trzeciak,@TrzeciakDaniel,https://twitter.com/TrzeciakDaniel/status/1636092533313773572,2023-03-15T19:50:31.000Z,"E a transparência @LulaOficial?

Três ministros do presidente Lula assinaram portaria para estabelecer como será o pagamento de emendas. E adivinhe? O modelo do Palácio do Planalto garante o segredo no nome dos parlamentares que definirão para onde vão os recursos públicos.",7,0,22
Daniel Trzeciak,@TrzeciakDaniel,https://twitter.com/TrzeciakDaniel/status/1636081706804428800,2023-03-15T19:07:30.000Z,"Acompanhei a prefeita @paulapelotas em visita à ministra @nisia_trindade, primeira mulher a chefiar o Ministério da Saúde. Na agenda, os hospitais de Pelotas e o novo HPS.",3,1,17
Daniel Trzeciak,@TrzeciakDaniel,https://twitter.com/TrzeciakDaniel/status/1636021195844775938,2023-03-15T15:07:03.000Z,"Câmara definiu hj suas comissões. Serei titular da Comissão de Fiscalização Financeira e Controle, que tem, entre suas atribuições, fazer a tomada de contas do Presidente da República. 
Também estarei como suplente nas 
Comissões de Turismo e do Esporte.",1,2,13
Daniel Trzeciak,@TrzeciakDaniel,https://twitter.com/TrzeciakDaniel/status/1635983583297912833,2023-03-15T12:37:36.000Z,"Tem oportunidade no RS. Secretaria Estadual da Educação (Seduc) anuncia concurso público para professores 👩‍🏫👨‍🏫 nas áreas Básica, Profissional e Indígena. 1,5 mil vagas nas 30 Coordenadorias. Inscrições até 17 de abril. Bora se inscrever. @EduardoLeite_  @governo_rs",2,0,1
Daniel Trzeciak,@TrzeciakDaniel,https://twitter.com/TrzeciakDaniel/status/1635627893458911234,2023-03-14T13:04:12.000Z,Terça-feira inicia com boas notícias👍 à Metade Sul do RS. O dinheiro para garantir a duplicação da BR-116🛣 durante 2023 já está na conta. Serão aplicados  R$ 234 milhões até dezembro.,2,1,11
Daniel Trzeciak,@TrzeciakDaniel,https://twitter.com/TrzeciakDaniel/status/1635612846825574400,2023-03-14T12:04:25.000Z,"Quem não deve, não teme.
Investigar, apurar fatos, ir em busca de esclarecimentos e ter transparência com o que é público, nunca é demais. 
Por isso, sou a favor de CPIs como a do 8 de janeiro, do MST, das joias…
O meu lado é pelo certo. Não tenho político de estimação. 😉",2,0,15
Daniel Trzeciak,@TrzeciakDaniel,https://twitter.com/TrzeciakDaniel/status/1635472956523528193,2023-03-14T02:48:33.000Z,"Faleceu no final desta segunda-feira o ex-ministro e ex-deputado federal gaúcho Eliseu Padilha, aos 77 anos, considerado um dos politicos mais hábeis da sua geração. Minha solidariedade à família.",2,3,17
Daniel Trzeciak,@TrzeciakDaniel,https://twitter.com/TrzeciakDaniel/status/1635310900780601346,2023-03-13T16:04:36.000Z,Vocês já estão inscritos no nosso canal do YouTube? Bora lá acompanhar o mandato com vídeos inéditos.,1,2,3
Daniel Trzeciak,@TrzeciakDaniel,https://twitter.com/TrzeciakDaniel/status/1634946360138170369,2023-03-12T15:56:02.000Z,Meu domingo e minhas três meninas.,1,0,15
Daniel Trzeciak,@TrzeciakDaniel,https://twitter.com/TrzeciakDaniel/status/1634893698281648128,2023-03-12T12:26:47.000Z,"Há um ano nosso mandato entregava oficialmente as ruas Alberto Bento e Carlos de Carvalho, no bairro Fragata em Pelotas, requalificadas 🚸. E como está a vida dos moradores hj? Confere no nosso vídeo 👇.",2,0,6
Daniel Trzeciak,@TrzeciakDaniel,https://twitter.com/TrzeciakDaniel/status/1634510027997302789,2023-03-11T11:02:13.000Z,"Ainda me surpreendo quando abro as redes sociais e vejo pessoas despejando ódio e raiva por posições políticas contrárias às suas. 
Parece não ter fim esse sentimento que não agrega nada para termos uma sociedade melhor.",2,0,13
Daniel Trzeciak,@TrzeciakDaniel,https://twitter.com/TrzeciakDaniel/status/1634282208344133633,2023-03-10T19:56:56.000Z,"O @Grupo_Tholl irá oferecer em Pelotas oficinas gratuitas de técnicas circenses, a partir de emenda parlamentar destinada pelo nosso mandato para investimento na cultura. São 50 vagas.",1,0,9
Daniel Trzeciak,@TrzeciakDaniel,https://twitter.com/TrzeciakDaniel/status/1634206232599842822,2023-03-10T14:55:02.000Z,"Na GZH de hj você lê meu artigo sobre a Reforma Tributária, a pauta do ano no Congresso. Confere aí 👇:",1,1,4
Daniel Trzeciak,@TrzeciakDaniel,https://twitter.com/TrzeciakDaniel/status/1634203721113403392,2023-03-10T14:45:03.000Z,Parabéns governador @EduardoLeite_ pelo aniversário 🎂 hj. Que a data seja de alegrias e as conquistas uma constante na sua vida. Estamos juntos por um RS melhor para todos os gaúchos.,2,2,99
Daniel Trzeciak,@TrzeciakDaniel,https://twitter.com/TrzeciakDaniel/status/1633954807839850496,2023-03-09T22:15:58.000Z,"Já está sendo feita a sinalização horizontal na rua Padre Felício, em Pelotas. A via foi 100% requalificada com recursos que destinei. Obra de drenagem (não alaga mais), asfalto, acessibilidade e sinalização. 
Mais mobilidade urbana! Mais desenvolvimento pra Pelotas.",2,0,7
Daniel Trzeciak,@TrzeciakDaniel,https://twitter.com/TrzeciakDaniel/status/1633911182485512193,2023-03-09T19:22:37.000Z,Rampa náutica🚤 na praia do Laranjal em Pelotas; nova sede do Corpo de Bombeiros 🚒 em Santa Vitória do Palmar; economia 📉 de mais de R$ 1 milhão. Confere aí 👇 os destaques do nosso boletim de notícias desta semana:,1,2,9
Daniel Trzeciak,@TrzeciakDaniel,https://twitter.com/TrzeciakDaniel/status/1633807388783329282,2023-03-09T12:30:10.000Z,"Um dia especial na literatura gaúcha e brasileira. Hj se comemoram os 158 anos do nascimento do escritor 📖 pelotense João Simões Lopes Neto, principal autor regionalista do RS. Em Pelotas sua estátua é parada obrigatória para uma foto. @PrefPelotas @IJSLN",1,1,16
Daniel Trzeciak,@TrzeciakDaniel,https://twitter.com/TrzeciakDaniel/status/1633794984309665800,2023-03-09T11:40:53.000Z,"Zombar de uma realidade que marginaliza um segmento da sociedade não é papel de cidadão, ainda mais na condição de deputado. A imunidade parlamentar não pode alcançar tais condutas. Vai aqui o meu repúdio para a infeliz e trágica manifestação do deputado Nikolas Ferreira.",3,2,19
Daniel Trzeciak,@TrzeciakDaniel,https://twitter.com/TrzeciakDaniel/status/1633790078144135170,2023-03-09T11:21:23.000Z,"Já me acompanha no YouTube?? 

Daniel Trzeciak https://youtube.com/@DanielTrzeciak45… via @YouTube",1,0,1
Daniel Trzeciak,@TrzeciakDaniel,https://twitter.com/TrzeciakDaniel/status/1633546976766599187,2023-03-08T19:15:23.000Z,"A Apae Guaíba recebeu 11 computadores adquiridos por uma parte da emenda destinada pelo nosso mandato, de R$ 100 mil. Os equipamentos vão melhorar a qualidade dos atendimentos clínicos. Conquista mais do que merecida. #apaeguaiba #deficienciaintelectual #deficienciamultipla",2,0,10
Daniel Trzeciak,@TrzeciakDaniel,https://twitter.com/TrzeciakDaniel/status/1633434820930949120,2023-03-08T11:49:43.000Z,"Parabéns 💐 a todas as mulheres, protagonistas de suas próprias histórias, lutadoras e apaixonadas pelo que fazem. 

Feliz 8 de Março 🧏‍♀️🧏🏿‍♀️.

Confira 👇 a homenagem que preparamos, com as mulheres do nosso Gabinete.",1,2,4
Daniel Trzeciak,@TrzeciakDaniel,https://twitter.com/TrzeciakDaniel/status/1633273034336346112,2023-03-08T01:06:50.000Z,"Alô CBF, faz o Pix. O @xavante está na terceira fase 🤪 da Copa do Brasil. A Baixada pegou fogo 🔥. Rubro-negroooo,  rubro-negrooo....",2,2,43
Daniel Trzeciak,@TrzeciakDaniel,https://twitter.com/TrzeciakDaniel/status/1633173776983531521,2023-03-07T18:32:25.000Z,"O dinheiro público é do cidadão e deve ser usado para investimentos que tragam mais qualidade à vida das pessoas. Não é do político, para garantir privilégios. Confira mais no nosso site:",2,1,9
Daniel Trzeciak,@TrzeciakDaniel,https://twitter.com/TrzeciakDaniel/status/1632799363113132032,2023-03-06T17:44:38.000Z,"Alô torcedoras xavantes 🇹🇹, têm ingresso gratuito para as mulheres no jogo contra a Ponte Preta, pela Copa do Brasil.  São 2.500 ingressos disponíveis na bilheteria do clube. Bora lotar a Baixada 🏹. @xavante",1,2,13
Daniel Trzeciak,@TrzeciakDaniel,https://twitter.com/TrzeciakDaniel/status/1632755824761217027,2023-03-06T14:51:38.000Z,Monitor da estiagem do RS revela a situação delicadíssima causada pela estiagem nos municípios. 356 declararam situação de emergência e 61% da população gaúcha afetada. @EduardoLeite_ @DefesaCivilRS,1,0,6
Daniel Trzeciak,@TrzeciakDaniel,https://twitter.com/TrzeciakDaniel/status/1632551678124621825,2023-03-06T01:20:26.000Z,A Reforma Tributária irá atingir a todos e participar deste processo é fundamental. Pelos próximos meses vamos falar muito sobre as mudanças para tornar o Brasil mais equilibrado. Confira no vídeo abaixo👇 por que a Reforma é estratégica ao país.,3,1,4
Daniel Trzeciak,@TrzeciakDaniel,https://twitter.com/TrzeciakDaniel/status/1632399773729796100,2023-03-05T15:16:49.000Z,"Um indivíduo não precisa ser “bolsonarista” para criticar o PT e o governo do Lula. 
Assim como não precisa ser de esquerda para criticar o Bolsonaro. 
Este indivíduo tem que ser pelo que é correto e justo. É este o lado que realmente importa.",9,0,40
Daniel Trzeciak,@TrzeciakDaniel,https://twitter.com/TrzeciakDaniel/status/1632037153415864320,2023-03-04T15:15:53.000Z,Fim de semana abençoado na Zona Sul. Chove 🌧 na região desde ontem. Ótima notícia principalmente para os produtores e as prefeituras.,1,1,7
Daniel Trzeciak,@TrzeciakDaniel,https://twitter.com/TrzeciakDaniel/status/1631724463250186270,2023-03-03T18:33:22.000Z,"Mais uma conquista do mandato para a praia 🌴 do Laranjal, em Pelotas:👉 A construção de uma rampa náutica de 795 metros quadrados, na avenida Doutor Antônio Augusto de Assumpção Júnior. O contrato foi assinado hj pela prefeita @paulaschild e as obras começam em 30 dias.",2,3,20
Daniel Trzeciak,@TrzeciakDaniel,https://twitter.com/TrzeciakDaniel/status/1631654298994999296,2023-03-03T13:54:34.000Z,A Reforma Tributária trará profundas mudanças em todos os setores da sociedade e isso diz respeito a você. Eu falo mais sobre o assunto no artigo publicado na imprensa. Confira no link 👇 :,2,1,4
Daniel Trzeciak,@TrzeciakDaniel,https://twitter.com/TrzeciakDaniel/status/1631371086972567554,2023-03-02T19:09:11.000Z,"Uma espera de quase 25 anos está próxima de chegar ao fim. Até o final de março o Corpo de Bombeiros 🚒 de Santa Vitória do Palmar irá ocupar sua nova sede, construída com recursos destinados pelo nosso mandato. O projeto beneficia os 19 militares da unidade.@cbmrsoficial",2,2,10
Daniel Trzeciak,@TrzeciakDaniel,https://twitter.com/TrzeciakDaniel/status/1631355586548752394,2023-03-02T18:07:35.000Z,"O papel do Congresso é fiscalizar, dar transparência a atos que atinjam a sociedade brasileira e ajudar na responsabilização de quem, de fato, cometeu algum crime.",3,3,16
Daniel Trzeciak,@TrzeciakDaniel,https://twitter.com/TrzeciakDaniel/status/1631275387694063618,2023-03-02T12:48:54.000Z,Intervenção desastrada! Governo que repele os investimentos.,1,1,9
Daniel Trzeciak,@TrzeciakDaniel,https://twitter.com/TrzeciakDaniel/status/1631088503168573441,2023-03-02T00:26:17.000Z,E o meu Xavante está na segunda fase da Copa do Brasil 2023 ⚽️. Que venha a Ponte Preta. A Baixada vai ferver. Parabéns @xavante.,1,0,12
Daniel Trzeciak,@TrzeciakDaniel,https://twitter.com/TrzeciakDaniel/status/1631080203723186182,2023-03-01T23:53:19.000Z,O estranho que não vejo essa notícia na Globo.,2,0,2
Daniel Trzeciak,@TrzeciakDaniel,https://twitter.com/TrzeciakDaniel/status/1631010807344447488,2023-03-01T19:17:33.000Z,"As declarações xenofóbicas do vereador Sandro Fantinel, de Caxias do Sul, sobre os 207 trabalhadores resgatados em situação análoga à escravidão em Bento Gonçalves, devem ser repudiadas por todos. Sua fala não representa o compromisso do RS no combate à intolerância.",2,2,4
Daniel Trzeciak,@TrzeciakDaniel,https://twitter.com/TrzeciakDaniel/status/1630918785048666113,2023-03-01T13:11:54.000Z,"Dia triste 😢 na Zona Sul do Estado. Faleceu o ex-prefeito de Arroio Grande, Jorge Luiz Cardozo (PSDB). Jorginho esteve à frente da Prefeitura por dois mandatos (2004 a 2012), foi vereador, secretário municipal e presidente da Azonasul. Meus sentimentos à família.

foto: Facebook",0,0,7
Daniel Trzeciak,@TrzeciakDaniel,https://twitter.com/TrzeciakDaniel/status/1630746627181887488,2023-03-01T01:47:48.000Z,"1- Em 2022 eu votei pela redução de impostos de serviços essenciais, como o combustível. E olhem a notícia de dois meses deste Governo…

2- Se no Governo Bolsonaro teve escândalo com aeronave oficial…agora não é diferente. 

Nem de um de lado e nem de outro. Sempre pelo certo!",2,2,12
