nome,usuario,idTweet,dataPublicacao,texto,replies,retweets,likes,tweetPai
Dep. Alencar Santana,@AlencarBraga13,https://twitter.com/AlencarBraga13/status/1630906756074287104,2023-03-01T12:24:06.000Z,Aqui os detalhes no @Pragmatismo_,2,1,7,https://twitter.com/AlencarBraga13/status/1630906470555344902
Paulo Belotti,@paulobelotti81,https://twitter.com/paulobelotti81/status/1632211298724331521,2023-03-05T02:47:53.000Z,Ela foi no hmu ou no hosp geral?,0,0,0,https://twitter.com/AlencarBraga13/status/1630906470555344902
Marisa victorio da silva,@victorio_marisa,https://twitter.com/victorio_marisa/status/1630935525900050432,2023-03-01T14:18:25.000Z,"Orçamento dos EUA para ""Defesa"" em 2023: US$ 858 bilhões🆘""Land of the free"" - Lisa Edwards, 60, quebrou o tornozelo após derrame cerebral.     
Procurou ajuda médica.Foi rejeitada na porta do hospital pq não tinha plano de saúde. Insistiu. Chamaram polícia. Morreu presa +",0,0,0,https://twitter.com/AlencarBraga13/status/1630906470555344902
Marisa victorio da silva,@victorio_marisa,https://twitter.com/victorio_marisa/status/1630935764488921089,2023-03-01T14:19:22.000Z,na viatura. Orçamento dos EUA para Defesa em 2023: US$ 858 bilhões.👎🙃,0,0,0,https://twitter.com/AlencarBraga13/status/1630906470555344902
