nome,usuario,idTweet,dataPublicacao,texto,replies,retweets,likes,tweetPai
AUGUSTO NAZARENO RIBEIRO,@OAruaque,https://twitter.com/OAruaque/status/1631260277789409283,2023-03-02T11:48:52.000Z,"Lula, por si só, não o demitirá. Isso significaria reconhecer um erro, e admitir erros não é uma opção para Lula. Nunca será.",0,0,0,https://twitter.com/adriventurasp/status/1630903188504051712
Luis Bucciarelli,@LuisBucciarelli,https://twitter.com/LuisBucciarelli/status/1630945586970079232,2023-03-01T14:58:24.000Z,"Muito importante zelar pelo dinheiro público.

Aliás, @adriventurasp , você concorda em usar dinheiro público do fundo partidario para pagar candidatos que não se elegeram?

Você ainda não se posicionou.",3,1,27,https://twitter.com/adriventurasp/status/1630903188504051712
Eduardo Guedes C2,@EduardoGuedesC2,https://twitter.com/EduardoGuedesC2/status/1630943255096328194,2023-03-01T14:49:08.000Z,"E o pai dele , seu padrinho político, foi indiciado por mandar assassinar um agiota...",0,0,0,https://twitter.com/adriventurasp/status/1630903188504051712
Lex Mazzini,@LexMazzini,https://twitter.com/LexMazzini/status/1630927648120553474,2023-03-01T13:47:07.000Z,Sabia que o Juros do Fundo Partidário vai pagar cargos comissionados dentro do Novo??,0,0,3,https://twitter.com/adriventurasp/status/1630903188504051712
Um bom político,@1bomP,https://twitter.com/1bomP/status/1630978050132148226,2023-03-01T17:07:23.000Z,"Haverá alguma condenação por causa dessa omissão? Uma penalização certa, rápida, séria e efetiva evitaria que mais situações dessas continuem a acontecer. Melhor que penas ""altas"" é a certeza da punição. No Brasil, a certeza da impunidade é incentivo à corrupção.",0,0,0,https://twitter.com/adriventurasp/status/1630903188504051712
Amigos Da Lava Jato,@AmigosJato,https://twitter.com/AmigosJato/status/1630955340010323969,2023-03-01T15:37:09.000Z,E qtos devem ter iguais a ele!!??,0,0,0,https://twitter.com/adriventurasp/status/1630903188504051712
Pedro,@pedro_enryke,https://twitter.com/pedro_enryke/status/1631005992325447697,2023-03-01T18:58:25.000Z,"Depois acreditam que o Lula é a favor do bem-estar animal. Ele é a favor do bem-estar dele e de seus comparsas, isso sim! Está nem aí pro futuro do país",0,0,0,https://twitter.com/adriventurasp/status/1630903188504051712
Samuel Costa,@samuelscosta,https://twitter.com/samuelscosta/status/1630947844201803776,2023-03-01T15:07:22.000Z,Tá demorando para abrirem pedido de casação. Vão esperar ele sair de fininho sem levar nenhuma punição?,0,0,0,https://twitter.com/adriventurasp/status/1630903188504051712
Marco77,@Marco_apa77,https://twitter.com/Marco_apa77/status/1631088132358537216,2023-03-02T00:24:49.000Z,"Ainda bem que agora o NOVO também vai usar o fundo partidário, assim sobre menos $ pra essas mordomias, nénão?",0,0,0,https://twitter.com/adriventurasp/status/1630903188504051712
Luiz,@luizchatao,https://twitter.com/luizchatao/status/1631017518385987585,2023-03-01T19:44:13.000Z,Já pediu renúncia do ministro? @TCUoficial liberou?,0,0,0,https://twitter.com/adriventurasp/status/1630903188504051712
Mara,@Mara18911880,https://twitter.com/Mara18911880/status/1631213808285786112,2023-03-02T08:44:13.000Z,"Parece que são de um amigo dele
Ele só gosta de cavalos de raça 😂",0,0,0,https://twitter.com/adriventurasp/status/1630903188504051712
Não existe censura numa democracia!,@noemarmol1,https://twitter.com/noemarmol1/status/1631229471817711616,2023-03-02T09:46:27.000Z,"É mesmo?
Todos sabem que este é o estilo FAZOELE de governar!
Amoedo e os ""Novos petistas"", fazendo oposição sistemática a Bolsonaro são cúmplices!",0,0,0,https://twitter.com/adriventurasp/status/1630903188504051712
Ricardo Oliveira ᶜʳᶠ ¹⁸⁹⁵,@Ricardo_O_Fla,https://twitter.com/Ricardo_O_Fla/status/1630983922929500191,2023-03-01T17:30:44.000Z,Fale do governo de seu ursinho de pelúcia agora...,0,0,0,https://twitter.com/adriventurasp/status/1630903188504051712
OCTA BR & TRI Libertadores,@fabioandradebat,https://twitter.com/fabioandradebat/status/1630945762904358914,2023-03-01T14:59:06.000Z,Poderia me explicar.,0,0,0,https://twitter.com/adriventurasp/status/1630903188504051712
Lima _ Cético,@mhmartoni,https://twitter.com/mhmartoni/status/1631104222342131714,2023-03-02T01:28:45.000Z,Corrupção não é Democracia.@LulaOficial é Corrupto e ASSASSINO.@STF_oficial é tribunal do crime organizado.#LulaLadraoSeuLugarENaPrisao #stforganizacaocriminosa #ImpeachmentAlexandreDeMoraes #CensuraNão,0,0,0,https://twitter.com/adriventurasp/status/1630903188504051712
Samuel,@9tif9fany9,https://twitter.com/9tif9fany9/status/1630991557116538882,2023-03-01T18:01:04.000Z,Depois vai comprar beirute de bunda de cavalo com maionese gourmet no cartão da moto rlx e carne de shark tbm com cus cus,0,0,0,https://twitter.com/adriventurasp/status/1630903188504051712
Adriana s lonardi,@s_lonardi,https://twitter.com/s_lonardi/status/1630980942171865088,2023-03-01T17:18:53.000Z,E sabe q eu nao estou surpresa??? Surpresa e puta da cara fiquei com decisoes do stf,0,0,0,https://twitter.com/adriventurasp/status/1630903188504051712
