nome,usuario,idTweet,dataPublicacao,texto,replies,retweets,likes,tweetPai
Dep. Alencar Santana,@AlencarBraga13,https://twitter.com/AlencarBraga13/status/1631456406762053634,2023-03-03T00:48:13.000Z,Racial*,0,0,6,https://twitter.com/AlencarBraga13/status/1631435146992705536
BethK,@BethK32279062,https://twitter.com/BethK32279062/status/1631495297225351168,2023-03-03T03:22:45.000Z,MARIELLE VIVE,0,0,0,https://twitter.com/AlencarBraga13/status/1631435146992705536
Eduardo,@Eduthethruth,https://twitter.com/Eduthethruth/status/1631482276990033921,2023-03-03T02:31:00.000Z,Minha nossa..,0,0,0,https://twitter.com/AlencarBraga13/status/1631435146992705536
Janaína Santos,@JanaSantosjaism,https://twitter.com/JanaSantosjaism/status/1631446373638762496,2023-03-03T00:08:20.000Z,"Governo do presidente @lulaoficial trabalhando para retomar a democracia,  a civilidade, o respeito pelas leis e pela ciência, pela educação e pela cultura, pelo meio ambiente e pelos direitos humanos #lulapresidente #presidentelula ❤️ #UniaoeReconstrução #Lula #LulaGovernoDaVida",0,0,0,https://twitter.com/AlencarBraga13/status/1631435146992705536
Marisa victorio da silva,@victorio_marisa,https://twitter.com/victorio_marisa/status/1631442145482620930,2023-03-02T23:51:32.000Z,#mulheresnegrasnopoder    👏🏽                             ✔️A Ministra da Igualdade Racial @aniellefranco é eleita pela revista @time uma das 12 mulheres do ano. Representatividade negra em todos os lugares é fundamental para construirmos uma sociedade livre do racismo!,0,0,0,https://twitter.com/AlencarBraga13/status/1631435146992705536
