nome,usuario,idTweet,dataPublicacao,texto,replies,retweets,likes,tweetPai
Dep. Alencar Santana,@AlencarBraga13,https://twitter.com/AlencarBraga13/status/1631298545197232131,2023-03-02T14:20:55.000Z,"Além de garantir renda básica para as famílias em situação de pobreza, o Bolsa Família integra políticas públicas, fortalece o acesso dessas famílias a direitos básicos como: saúde, educação e assistência social.",1,7,17,https://twitter.com/AlencarBraga13/status/1631298033341067264
PandoraBox,@madeliam1,https://twitter.com/madeliam1/status/1631319040487567360,2023-03-02T15:42:22.000Z,Foi pra isso q eu fiz o L!,0,0,0,https://twitter.com/AlencarBraga13/status/1631298033341067264
Utopia Brasil,@DistopiaBrazil,https://twitter.com/DistopiaBrazil/status/1631302180010356738,2023-03-02T14:35:22.000Z,Foi exatamente por isso que fiz o L,0,0,1,https://twitter.com/AlencarBraga13/status/1631298033341067264
Marisa victorio da silva,@victorio_marisa,https://twitter.com/victorio_marisa/status/1631308828384935937,2023-03-02T15:01:47.000Z,✔️Hoje o presidente @lulaoficial vai lançar o novo Bolsa Família - o maior programa de transferência de renda do Brasil. O benefício contempla todas as configurações familiares. ⭐✊🍀😀,0,0,0,https://twitter.com/AlencarBraga13/status/1631298033341067264
