nome,usuario,idTweet,dataPublicacao,texto,replies,retweets,likes,tweetPai
Paulo Belotti,@paulobelotti81,https://twitter.com/paulobelotti81/status/1632210197270626304,2023-03-05T02:43:30.000Z,E guarulhos dep? Esqueça o gutine trás casa pra Guarulhos dep,0,0,0,https://twitter.com/AlencarBraga13/status/1631671827004284929
Marisa victorio da silva,@victorio_marisa,https://twitter.com/victorio_marisa/status/1631694741585686528,2023-03-03T16:35:16.000Z,"Rondonópolis (MT)🏠 Bertioga (SP) maior programa habitacional do mundo ⭐✊🍀 ✔️A entrega de unidades do Minha casa Minha vida - MCMV, maior programa habitacional do mundo, é sempre um momento emocionante.                         Nesta sexta-feira (3/3) o presidente +",0,0,0,https://twitter.com/AlencarBraga13/status/1631671827004284929
Marisa victorio da silva,@victorio_marisa,https://twitter.com/victorio_marisa/status/1631695047111344130,2023-03-03T16:36:29.000Z,@lulaoficial estará em Rondonópolis (MT) para entregar 1.440 unidades habitacionais. Na cerimônia será anunciado o retorno de mais de mil obras paralisadas desde 2017.  +,0,0,0,https://twitter.com/AlencarBraga13/status/1631671827004284929
Marisa victorio da silva,@victorio_marisa,https://twitter.com/victorio_marisa/status/1631695319585914902,2023-03-03T16:37:34.000Z,"O vice-presidente, @geraldoalckmin_ ,esteve na quinta-feira  (2/3) em Bertioga (SP) para entregar 600 apartamentos.",0,0,0,https://twitter.com/AlencarBraga13/status/1631671827004284929
