nome,usuario,idTweet,dataPublicacao,texto,replies,retweets,likes,tweetPai
Alex Manente,@AlexManente23,https://twitter.com/AlexManente23/status/1631018625866792968,2023-03-01T19:48:37.000Z,"O governo atual aumentou os impostos da gasolina a partir de hoje e ainda criou um novo imposto de 9,2% sobre a exportação do petróleo cru.

Dessa forma, podemos chegar a um aumento de R$0,69 no preço da gasolina",2,1,6,https://twitter.com/AlexManente23/status/1631018623018909698
Angela Tizzo,@AngelaTizzo,https://twitter.com/AngelaTizzo/status/1631946606017740800,2023-03-04T09:16:05.000Z,E os deputado  o que está fazendo ?????,0,0,0,https://twitter.com/AlexManente23/status/1631018623018909698
bernadete,@bezinha2023,https://twitter.com/bezinha2023/status/1632636058146942978,2023-03-06T06:55:43.000Z,O senhor assinou a CPMI?,0,0,0,https://twitter.com/AlexManente23/status/1631018623018909698
Daniela Fernandes,@Daniela62856922,https://twitter.com/Daniela62856922/status/1636519486802268161,2023-03-17T00:07:05.000Z,#voltaconsignado #consignadodeluto,1,1,1,https://twitter.com/AlexManente23/status/1631018623018909698
wilson sousa lima,@wilsonslima2,https://twitter.com/wilsonslima2/status/1633789468745277444,2023-03-09T11:18:58.000Z,Bom dia deputado.por favor nos explique o motivo de ainda não ter assinado o requerimento da CPMI?  Acredito que grande parte dos seus eleitores  estão esperando por isso!,0,0,0,https://twitter.com/AlexManente23/status/1631018623018909698
douglas,@douglasrbs,https://twitter.com/douglasrbs/status/1640866202464518144,2023-03-28T23:59:23.000Z,Esqueceu que o subsídio era pra ganhar voto? Nem fica vermelho 😉,0,0,0,https://twitter.com/AlexManente23/status/1631018623018909698
Pimahema Mahema,@PMahema,https://twitter.com/PMahema/status/1640964383441403905,2023-03-29T06:29:31.000Z,"Tá se declarando um bolsoloide ...
Quando o ex Zé ninguém era presidente e gasolina a quase 10 reais nem um piu....
Cuidado deputado aqueles 100.000 votos a mais na sua releicao passou muito pela nossa zona leste ....e estamos de olho nessa postura bolsonazista",0,0,0,https://twitter.com/AlexManente23/status/1631018623018909698
Daniela Fernandes,@Daniela62856922,https://twitter.com/Daniela62856922/status/1636519250461626368,2023-03-17T00:06:09.000Z,"São, hoje, 1.7 milhões de correspondentes bancários que podem ficar sem emprego por causa da nova taxa de juros. Além de a medida acabar tendo efeito oposto, se o consignado não tiver viabilidade, leva os aposentados a contratar linhas de crédito com taxas muito maiores,  até 20%",0,0,0,https://twitter.com/AlexManente23/status/1631018623018909698
