nome,usuario,idTweet,dataPublicacao,texto,replies,retweets,likes,tweetPai
Jumentos Unidos da América,@JumentosUnidos,https://twitter.com/JumentosUnidos/status/1631753596692824079,2023-03-03T20:29:08.000Z,L,0,0,0,https://twitter.com/AlencarBraga13/status/1631375998364131332
Jose Ricardo Venâncio,@JoseRicardoVen3,https://twitter.com/JoseRicardoVen3/status/1631681748567306241,2023-03-03T15:43:38.000Z,L,0,0,1,https://twitter.com/AlencarBraga13/status/1631375998364131332
Gabriel PT,@Gabrielpetista,https://twitter.com/Gabrielpetista/status/1631682248041701377,2023-03-03T15:45:37.000Z,Sem fiz o L!,0,1,1,https://twitter.com/AlencarBraga13/status/1631375998364131332
Marisa victorio da silva,@victorio_marisa,https://twitter.com/victorio_marisa/status/1631398394928193537,2023-03-02T20:57:41.000Z,FazoL 😀⭐✊🍀,0,0,0,https://twitter.com/AlencarBraga13/status/1631375998364131332
Janaína Santos,@JanaSantosjaism,https://twitter.com/JanaSantosjaism/status/1631442383723196416,2023-03-02T23:52:29.000Z,❤,0,0,0,https://twitter.com/AlencarBraga13/status/1631375998364131332
Janaína Santos,@JanaSantosjaism,https://twitter.com/JanaSantosjaism/status/1631442412156383235,2023-03-02T23:52:36.000Z,"Governo do presidente @lulaoficial trabalhando para retomar a democracia,  a civilidade, o respeito pelas leis e pela ciência, pela educação e pela cultura, pelo meio ambiente e pelos direitos humanos! #Lula #lulapresidente #presidentelula ❤️ #UniaoeReconstrução #Lula",0,0,0,https://twitter.com/AlencarBraga13/status/1631375998364131332
