nome,usuario,idTweet,dataPublicacao,texto,replies,retweets,likes,tweetPai
Jose Santos,@Josesantos1712,https://twitter.com/Josesantos1712/status/1631163257233833986,2023-03-02T05:23:20.000Z,"Concordo plenamente em número gênero e grau.
Ditadura nunca mais",0,0,0,https://twitter.com/AlencarBraga13/status/1631011308488347668
Maria Souza,@LouriseteSouza,https://twitter.com/LouriseteSouza/status/1631012059306504193,2023-03-01T19:22:32.000Z,Demorou.,0,0,0,https://twitter.com/AlencarBraga13/status/1631011308488347668
Marisa victorio da silva,@victorio_marisa,https://twitter.com/victorio_marisa/status/1631012964219092992,2023-03-01T19:26:08.000Z,#DitaduraNuncaMais ✊GRANDE DIA: exercito decide acabar com a mensagem de aniversário do golpe militar.,0,0,0,https://twitter.com/AlencarBraga13/status/1631011308488347668
