nome,usuario,idTweet,dataPublicacao,texto,replies,retweets,likes,tweetPai
Neu Dias,@neu_dia,https://twitter.com/neu_dia/status/1631737641405169664,2023-03-03T19:25:44.000Z,@casadoviralata,0,0,0,https://twitter.com/AlencarBraga13/status/1631722028796452885
Paulo Belotti,@paulobelotti81,https://twitter.com/paulobelotti81/status/1632209748387942403,2023-03-05T02:41:43.000Z,Isso deputado. Enche de verba Guarulhos. Parabéns lindão. O ceminaldo tá costurando....,0,0,0,https://twitter.com/AlencarBraga13/status/1631722028796452885
Thais,@thaisgotal,https://twitter.com/thaisgotal/status/1631729530502094878,2023-03-03T18:53:30.000Z,"@AlencarBraga13, essa é uma iniciativa que precisa se expandir. Castração gratuita para animais de rua e de famílias de baixa renda, assistência veterinária também. A saúde e bem-estar dos animais precisa ser levada à sério em nosso país, afinal tb é questão de saúde pública. 🙂",0,0,2,https://twitter.com/AlencarBraga13/status/1631722028796452885
Marisa victorio da silva,@victorio_marisa,https://twitter.com/victorio_marisa/status/1631726211087966227,2023-03-03T18:40:19.000Z,direitoanimal ⚖️defensor dos animais - 🐶🐱 protetores dos  animais que atuam no mandato #deputadofederalalencarsantana - se reuniram para acompanhar o andamento da emenda no Departamento de Proteção Animal (DEPAN) #guarulhos outras pautas de proteção animal também +,0,0,0,https://twitter.com/AlencarBraga13/status/1631722028796452885
Marisa victorio da silva,@victorio_marisa,https://twitter.com/victorio_marisa/status/1631726714987454468,2023-03-03T18:42:19.000Z,"foram discutidas 📋✍🏽                                    ✔️O Castramóvel será entregue a Guarulhos a partir da emenda parlamentar de R$ 170 mil. Protetores animais que atuam no mandato se reuniram para acompanhar o andamento da emenda no Departamento de Proteção Animal (DEPAN),+",0,0,0,https://twitter.com/AlencarBraga13/status/1631722028796452885
Marisa victorio da silva,@victorio_marisa,https://twitter.com/victorio_marisa/status/1631727001223536657,2023-03-03T18:43:27.000Z,que garantiu a entrega do Castramóvel. Outras pautas de proteção animal também foram discutidas.,0,0,0,https://twitter.com/AlencarBraga13/status/1631722028796452885
