nome,usuario,idTweet,dataPublicacao,texto,replies,retweets,likes,tweetPai
Mirela Reis,@Mirelacastreis,https://twitter.com/Mirelacastreis/status/1631247633040785410,2023-03-02T10:58:37.000Z,"Desperdício de comida no Brasil é fato, é sobre isso q o presidente tá falando. Mas quem não passa fome ,não sabe. Ainda bem que elegemos o Lula.",0,0,0,https://twitter.com/adriventurasp/status/1631031656579584001
Dados & Cenários,@DadoseCenarios,https://twitter.com/DadoseCenarios/status/1631120314326302720,2023-03-02T02:32:42.000Z,"Deputada, 

Os brasileiros que comem de menos são os trabalhadores da prefeitura de Joinville que estão em condições análogas a escravidão? 

Prefeitura essa comandada pelo @partidonovo30 .",0,0,0,https://twitter.com/adriventurasp/status/1631031656579584001
Fatima Almeida,@Fatial,https://twitter.com/Fatial/status/1631090795032854530,2023-03-02T00:35:24.000Z,"Está difícil, nosso Brasil não merece isso",0,0,1,https://twitter.com/adriventurasp/status/1631031656579584001
Cristine Hobus,@CristineHobus,https://twitter.com/CristineHobus/status/1631037410577375232,2023-03-01T21:03:16.000Z,pelo shape acho que tu és um destes né @lula,0,0,1,https://twitter.com/adriventurasp/status/1631031656579584001
Edmar,@Edmar_Piona,https://twitter.com/Edmar_Piona/status/1631227822923456513,2023-03-02T09:39:54.000Z,Putz falar pro Dilmo qto estas diferenças é explicar equação para camelos.,0,0,0,https://twitter.com/adriventurasp/status/1631031656579584001
Divino Alvim,@DivinoAlvim2,https://twitter.com/DivinoAlvim2/status/1631286897354891265,2023-03-02T13:34:38.000Z,Novo-velho - nanico moral.,0,0,0,https://twitter.com/adriventurasp/status/1631031656579584001
Maria Renata Casella,@mr_casella,https://twitter.com/mr_casella/status/1631083425598668801,2023-03-02T00:06:07.000Z,#LulaGordofobico,0,0,0,https://twitter.com/adriventurasp/status/1631031656579584001
