nome,usuario,idTweet,dataPublicacao,texto,replies,retweets,likes,tweetPai
FIES SEM TETO @fiessemteto,FIES SEM TETO @fiessemteto,https://twitter.com/fiessemteto/status/1632018511919808521,2023-03-04T14:01:49.000Z,#FIESSEMTETO,0,0,0,https://twitter.com/AlencarBraga13/status/1632017135781150724
FIES SEM TETO @fiessemteto,FIES SEM TETO @fiessemteto,https://twitter.com/fiessemteto/status/1632018513773703170,2023-03-04T14:01:49.000Z,#FIES100PORCENTO,0,0,0,https://twitter.com/AlencarBraga13/status/1632017135781150724
Paulo Belotti,@paulobelotti81,https://twitter.com/paulobelotti81/status/1632209301040246784,2023-03-05T02:39:57.000Z,"Faz tempo q vc não anda no Marilena no crepúsculo, faz tempo.",0,0,0,https://twitter.com/AlencarBraga13/status/1632017135781150724
FIES SEM TETO @fiessemteto,FIES SEM TETO @fiessemteto,https://twitter.com/fiessemteto/status/1632018511949078529,2023-03-04T14:01:49.000Z,"Apoie os estudantes baixa renda que utilizam o FIES e os baixa renda que pretendem ingressar no Fies, muitos vão desistir por causa da abusiva coparticipação. Nos ajude, por favor #FIESSEMTETO #FIES100PORCENTO É URGENTE ⚠️",0,0,1,https://twitter.com/AlencarBraga13/status/1632017135781150724
FIES SEM TETO @fiessemteto,FIES SEM TETO @fiessemteto,https://twitter.com/fiessemteto/status/1632018514943918081,2023-03-04T14:01:50.000Z,⚠️VOLTEM COM O FIES 100%. NÃO ESTAMOS CONSEGUINDO PAGAR AS COPARTICIPAÇÕES. É URGENTE 🚨 #fies100porcento #FIESSEMTETO #FIESINTEGRAL #fies100%,0,0,0,https://twitter.com/AlencarBraga13/status/1632017135781150724
Marisa victorio da silva,@victorio_marisa,https://twitter.com/victorio_marisa/status/1632021185029439488,2023-03-04T14:12:26.000Z,"⭐✊Mais uma semana de muito trabalho - Um mandato de resultado ⭐✊✔️Mais uma semana de muito trabalho junto ao governo federal priorizando pautas sociais para a população mais pobre, de baixa renda e que muito precisa do presidente @LulaOficial",0,0,0,https://twitter.com/AlencarBraga13/status/1632017135781150724
