nome,usuario,idTweet,dataPublicacao,texto,replies,retweets,likes,tweetPai
Paulo Belotti,@paulobelotti81,https://twitter.com/paulobelotti81/status/1632207742571016192,2023-03-05T02:33:45.000Z,?,0,0,0,https://twitter.com/AlencarBraga13/status/1632200059117871109
Bastos¹³,@bastosdf13,https://twitter.com/bastosdf13/status/1632206690815823872,2023-03-05T02:29:34.000Z,"Companheiro, alí tem muito mais! É capaz, inclusive, de aqueles diamantes serem parte do pagamento da propina, e tenho certeza que toda empresa estatal vendida no desgoverno teve o mesmo esquema de pagamento de corrupção, com bens sem rastreamento. A @policiafederal tem que agir!",0,1,2,https://twitter.com/AlencarBraga13/status/1632200059117871109
didinutella2023,@DileiaSantos3,https://twitter.com/DileiaSantos3/status/1632339963256643584,2023-03-05T11:19:09.000Z,"E mais uma vez quem saiu na vantagem foi o mercado e os políticos, nada vai acontecer, mais nois população que paga impostos, trabalha que nem escravo só assistimos e ficamos com os prejuízos. Privatização da refinaria foi uma vergonha. Mas e daí ?! Só  indignação mesmo.",0,0,0,https://twitter.com/AlencarBraga13/status/1632200059117871109
Edu2k20,@edu2k20,https://twitter.com/edu2k20/status/1632548231543504899,2023-03-06T01:06:44.000Z,Tudo indica que você é só mais um pilantra plantando narrativas usando suas réguas.,0,0,0,https://twitter.com/AlencarBraga13/status/1632200059117871109
Paulo Belotti,@paulobelotti81,https://twitter.com/paulobelotti81/status/1632208310311985152,2023-03-05T02:36:00.000Z,"Q chato. Chega de bozonaro. Vc tem o ZAP do papo, traz verba pra Guarulhos. Tudo cheio de buraco. Ajude as pessoas q te deram voto. Esqueça o guri TB. Ele pega recurso de Dep nem de guarulhos e. Chatão vc com papo de bozonaro. Eleição acabou",0,0,0,https://twitter.com/AlencarBraga13/status/1632200059117871109
Gleison Ribeiro,@gleison_souzavr,https://twitter.com/gleison_souzavr/status/1632413367133454338,2023-03-05T16:10:50.000Z,Tentando lembrar quem é vc; além de defender presidiário e ser do partido do mensalão e do petrolão,0,0,0,https://twitter.com/AlencarBraga13/status/1632200059117871109
Elmano Brito,@Elmano_Brito,https://twitter.com/Elmano_Brito/status/1632339821912895489,2023-03-05T11:18:35.000Z,O que dilma ganhou pra vender um pedaço da Amazônia?,0,0,0,https://twitter.com/AlencarBraga13/status/1632200059117871109
Marisa victorio da silva,@victorio_marisa,https://twitter.com/victorio_marisa/status/1632233724577296384,2023-03-05T04:17:00.000Z,Tudo indica que o pagamento dessa falcatrua são as jóias apreendidas pela Receita Federal - um órgão PÚBLICO.🔥 tá quente!✔️Agentes políticos (Bolsonaro e Paulo Guedes) apoiadores pelo MERCADO (e eleitos com discurso do combate a corrupção) entregaram uma refinaria ESTATAL  +,0,0,0,https://twitter.com/AlencarBraga13/status/1632200059117871109
Marisa victorio da silva,@victorio_marisa,https://twitter.com/victorio_marisa/status/1632233974121504770,2023-03-05T04:17:59.000Z,para o capital PRIVADO. Tudo indica que o pagamento dessa falcatrua são as jóias apreendidas pela Receita Federal - um órgão PÚBLICO.,0,0,1,https://twitter.com/AlencarBraga13/status/1632200059117871109
Maria Maria,@MariaMa94595384,https://twitter.com/MariaMa94595384/status/1632221212976766976,2023-03-05T03:27:17.000Z,"Sabe dizer se até 2393 algum integrante da famílicia vai ser preso?
Os caras comem o judiciário mole do Brasil com farinha.
Como BANDIDOS, são excelentes!!!
Brazzzzzzzil zilzilzil zil 
ZZZzzzZzzzzZzzzzz",0,0,0,https://twitter.com/AlencarBraga13/status/1632200059117871109
