nome,usuario,idTweet,dataPublicacao,texto,replies,retweets,likes,tweetPai
Marina,@Marina92011959,https://twitter.com/Marina92011959/status/1632811913481531396,2023-03-06T18:34:31.000Z,Os poderes saíram do armário . Perderam a vergonha de VEZ !,0,1,6,https://twitter.com/adriventurasp/status/1632800207804182528
elis criminalização do comunismo já,@elisteresinha,https://twitter.com/elisteresinha/status/1632964399538356227,2023-03-07T04:40:26.000Z,reforma na justiça já  fim de ativismo já fim de cargo vitalicio já fim do foro privilegiado já prisão em 2º estância já quem for contra isso não quer mudanças no brasil,0,0,0,https://twitter.com/adriventurasp/status/1632800207804182528
Lana Diniz,@lanadiniz456,https://twitter.com/lanadiniz456/status/1632831950602870784,2023-03-06T19:54:08.000Z,Vergonhoso! 😡🙈🤡,0,0,0,https://twitter.com/adriventurasp/status/1632800207804182528
Andreia Dos Santos Halliday,@andreiahalliday,https://twitter.com/andreiahalliday/status/1632835434584604679,2023-03-06T20:07:58.000Z,Está cada vez mais difícil confiar na Justiça brasileira.,0,0,0,https://twitter.com/adriventurasp/status/1632800207804182528
EH,@EduardoAHelou,https://twitter.com/EduardoAHelou/status/1632882752528736257,2023-03-06T23:16:00.000Z,Suspeitas nada! Suspeito é o Moro…o Deltan…o Bretas…..os que vão nesses eventos são ACIMA de qualquer suspeita! Reinam absoluto no Olimpo!,0,0,0,https://twitter.com/adriventurasp/status/1632800207804182528
Política Cidadã,@durvalvalladar1,https://twitter.com/durvalvalladar1/status/1633050168768471041,2023-03-07T10:21:15.000Z,"Isto não é crime, mas não tá certo não.

Ética e bom senso foram ignoradas nesta fato.

As tentações são enormes, difícil resistir.

Precisa criar mecanismos que faça a pessoa pensar duas vezes antes de cair na tentação.

A impunidade estimula o erro.",0,0,0,https://twitter.com/adriventurasp/status/1632800207804182528
Evandro Camargo,@EvandroChicabon,https://twitter.com/EvandroChicabon/status/1632806631569235971,2023-03-06T18:13:31.000Z,Supremo Escárnio!,0,0,0,https://twitter.com/adriventurasp/status/1632800207804182528
Johnny,@johnny_glatt,https://twitter.com/johnny_glatt/status/1632801261102718976,2023-03-06T17:52:11.000Z,"Meu Deus. 

O que os fez parar?",0,0,0,https://twitter.com/adriventurasp/status/1632800207804182528
IsadoraD,@IsadoraD4,https://twitter.com/IsadoraD4/status/1632864645651333124,2023-03-06T22:04:03.000Z,@JanjaLula,0,0,0,https://twitter.com/adriventurasp/status/1632800207804182528
Gusha,@OgataGusha,https://twitter.com/OgataGusha/status/1632801486286594050,2023-03-06T17:53:04.000Z,Justiça comprada...,0,0,0,https://twitter.com/adriventurasp/status/1632800207804182528
Jair Junior,@juniorbernacki,https://twitter.com/juniorbernacki/status/1632804975465099267,2023-03-06T18:06:56.000Z,"Imoral e deveria ser ilegal, massss...",0,0,0,https://twitter.com/adriventurasp/status/1632800207804182528
Samuel Costa,@samuelscosta,https://twitter.com/samuelscosta/status/1632801806093778946,2023-03-06T17:54:21.000Z,Mais um motivo para abrir uma CPI da Toga. Tem q pressionar o senado para protocolar logo o pedido.,0,0,1,https://twitter.com/adriventurasp/status/1632800207804182528
Armando Melo armando,@vomandao,https://twitter.com/vomandao/status/1633150070458646535,2023-03-07T16:58:13.000Z,Passa a impressão que a Justiça brasileira está do lado escuro do Brasil.,0,0,0,https://twitter.com/adriventurasp/status/1632800207804182528
Mara,@Mara18911880,https://twitter.com/Mara18911880/status/1632821078639747072,2023-03-06T19:10:56.000Z,"E continuarão
Eles querem viver e ter do bom e do melhor
Ninguém lhes tira os prazeres da vida que lhes garantimos",0,0,0,https://twitter.com/adriventurasp/status/1632800207804182528
Vinicius P Weingaert,@vpweingaertner,https://twitter.com/vpweingaertner/status/1632850234882633729,2023-03-06T21:06:47.000Z,Mafia,0,0,0,https://twitter.com/adriventurasp/status/1632800207804182528
