nome,usuario,idTweet,dataPublicacao,texto,replies,retweets,likes,tweetPai
Eder Silva,@EderSil89338123,https://twitter.com/EderSil89338123/status/1633085358312157188,2023-03-07T12:41:05.000Z,Boaaaa....mantendo a continuidade....parabéns...Do jeitinho q o MITO deixou....PARABÉNS....🤣🤣🤣,0,0,0,https://twitter.com/AlencarBraga13/status/1632715039315509249
Fabiano SCH,@SchimithFabiano,https://twitter.com/SchimithFabiano/status/1632889042021826560,2023-03-06T23:40:59.000Z,GENOCIDA?,0,0,0,https://twitter.com/AlencarBraga13/status/1632715039315509249
Fabiano SCH,@SchimithFabiano,https://twitter.com/SchimithFabiano/status/1632889160179613696,2023-03-06T23:41:28.000Z,GENOCIDA?,0,0,0,https://twitter.com/AlencarBraga13/status/1632715039315509249
Carlos De Sousa,@CarlosD54420421,https://twitter.com/CarlosD54420421/status/1632868976752467968,2023-03-06T22:21:15.000Z,"Juscelino Filho cavalgou em Lula.
E o PT vai alisar o cavalo!

(Agora não é mais “passar o pano",0,0,0,https://twitter.com/AlencarBraga13/status/1632715039315509249
Geraldo,@Geraldo19671,https://twitter.com/Geraldo19671/status/1632878963033767936,2023-03-06T23:00:56.000Z,"APARTIR DE HJ DEIXO DE SER LULISTA, UMA VERGONHA @LulaOficial  @flaviodino @AndreJanonesAdv",0,0,0,https://twitter.com/AlencarBraga13/status/1632715039315509249
Janaína Santos,@JanaSantosjaism,https://twitter.com/JanaSantosjaism/status/1632899569116753924,2023-03-07T00:22:49.000Z,Governo do querido presidente @LulaOficial trabalhando para reconstruir o brasil. #LulaReconstruindoOBrasil #Lula #LulaPresidente #LulaUmBrasilParaTodos #PresidenteLula,0,0,0,https://twitter.com/AlencarBraga13/status/1632715039315509249
Marisa victorio da silva,@victorio_marisa,https://twitter.com/victorio_marisa/status/1632721518688980994,2023-03-06T12:35:19.000Z,"✔️Com o relançamento Bolsa Família, o governo @lulaoficial garantiu que as mulheres continuem sendo as guardiãs para receber os cartões e também as responsáveis por gerir os recursos do benefício.
8M ⭐✊",0,0,0,https://twitter.com/AlencarBraga13/status/1632715039315509249
alexandre pina,@alexand71967835,https://twitter.com/alexand71967835/status/1635388553265037314,2023-03-13T21:13:09.000Z,Reforma tributaria antes da reforma administrativa so picanheiro acredita . Sem diminuir o custo da maquina pública reforma tributária é engodo.,0,0,0,https://twitter.com/AlencarBraga13/status/1632715039315509249
