nome,usuario,idTweet,dataPublicacao,texto,replies,retweets,likes,tweetPai
Sonia Freitas #BrasilDaEsperança,@soalvifreitas,https://twitter.com/soalvifreitas/status/1632196916040683522,2023-03-05T01:50:44.000Z,"Gente, a índole  não mudou,  SP piorou.",0,1,2,https://twitter.com/AlencarBraga13/status/1632172071114399745
Sonia Freitas #BrasilDaEsperança,@soalvifreitas,https://twitter.com/soalvifreitas/status/1632196963897688065,2023-03-05T01:50:55.000Z,*só.,0,0,0,https://twitter.com/AlencarBraga13/status/1632172071114399745
Amos Sousa,@AmosrBSousa055,https://twitter.com/AmosrBSousa055/status/1632174953893179392,2023-03-05T00:23:28.000Z,O  SAFO do Contrabando,0,0,1,https://twitter.com/AlencarBraga13/status/1632172071114399745
SEMAMIGO.com.br,@semamigo,https://twitter.com/semamigo/status/1632356023091486720,2023-03-05T12:22:58.000Z,Narrativa falida.,0,0,0,https://twitter.com/AlencarBraga13/status/1632172071114399745
Fim-do-sistema,@furiatitam,https://twitter.com/furiatitam/status/1633128367045083139,2023-03-07T15:31:59.000Z,Destila do fake news filho da Pμt@!!!,0,0,0,https://twitter.com/AlencarBraga13/status/1632172071114399745
Dulce Azambuja,@DulceAzambuja1,https://twitter.com/DulceAzambuja1/status/1632550896352493569,2023-03-06T01:17:19.000Z,"Jóias da Guiné Equatorial. ??? Onde foram parar, prezad’e.  ??? Telhado de vidro compromete … PREZAD’E",0,0,0,https://twitter.com/AlencarBraga13/status/1632172071114399745
marisa,@Marisa50269906,https://twitter.com/Marisa50269906/status/1632881586050924545,2023-03-06T23:11:22.000Z,"Ladrão nunca mais o Lixo não volte, mais é daqui pra frente e anos e anos nosso PT 🌟❤️❤️🧿🧿🎉🫂🫂🫂🏖️⛅🌦️🌛",0,1,1,https://twitter.com/AlencarBraga13/status/1632172071114399745
CeciliaSpBr...,@SpbrasilCecilia,https://twitter.com/SpbrasilCecilia/status/1632449991749894145,2023-03-05T18:36:22.000Z,VAMOS TRABALHAR???#CARREIRADEMEDICOESTADO#PISONACIONALMEDICO,0,0,0,https://twitter.com/AlencarBraga13/status/1632172071114399745
LHM,@LHM34318888,https://twitter.com/LHM34318888/status/1632338062825979905,2023-03-05T11:11:36.000Z,Se a esquerda não mudar sua comunicação vai ser varrida,0,0,0,https://twitter.com/AlencarBraga13/status/1632172071114399745
Marisa victorio da silva,@victorio_marisa,https://twitter.com/victorio_marisa/status/1632188401733582853,2023-03-05T01:16:54.000Z,"#bolsonaro 🛬🕵️🚓👮‍♂️✔️Como se fosse pouco tudo que já se revelou sobre a corrupção da família Bolsonaro, agora o Brasil inteiro sabe que eles também tiveram um esquema de ROUBO DE JÓIAS! Sim! isso mesmo. Ladrões de jóias! 🤭",0,0,0,https://twitter.com/AlencarBraga13/status/1632172071114399745
Janaína Santos,@JanaSantosjaism,https://twitter.com/JanaSantosjaism/status/1632895922551025664,2023-03-07T00:08:20.000Z,#BolsonaroNaCadeia,0,0,0,https://twitter.com/AlencarBraga13/status/1632172071114399745
