nome,usuario,idTweet,dataPublicacao,texto,replies,retweets,likes,tweetPai
Sergio do agitaço,@serjaoagitaco,https://twitter.com/serjaoagitaco/status/1632879698073067522,2023-03-06T23:03:52.000Z,"Haddad lembrando e valorizando os que sempre correram do lado dele, belo exemplo.",0,0,0,https://twitter.com/AlencarBraga13/status/1632864416461930501
Nilcea De Moura Jardim,@jardim_nilcea,https://twitter.com/jardim_nilcea/status/1632867294249353232,2023-03-06T22:14:34.000Z,Destruição que deixou o Brasil com uma inflação menor que o Estados Unidos e um crescimento maior que a China kkkkkkkkk quero ver com o poste do Haddad o pior prefeito de São Paulo...,1,0,1,https://twitter.com/AlencarBraga13/status/1632864416461930501
Wílliams Carvalho,@WilliCarvalho83,https://twitter.com/WilliCarvalho83/status/1633131119150235652,2023-03-07T15:42:55.000Z,"Quem destruiu o Brasil foi vocês petistas e suas quadrilhas, recuperar o que vocês destruíram, ah, entendi, recuperar o Brasil, kkkk,faz- me rir .",0,0,0,https://twitter.com/AlencarBraga13/status/1632864416461930501
Helena,@helenadesempre,https://twitter.com/helenadesempre/status/1632943408607109120,2023-03-07T03:17:01.000Z,Meu Deus!  É uma piada para idiotas?,0,0,0,https://twitter.com/AlencarBraga13/status/1632864416461930501
MRC,@MRC1738,https://twitter.com/MRC1738/status/1632903608751513602,2023-03-07T00:38:52.000Z,#LULAGENOCIDA,0,0,0,https://twitter.com/AlencarBraga13/status/1632864416461930501
Luiz Casagrande,@luizcasagra,https://twitter.com/luizcasagra/status/1633102364965060610,2023-03-07T13:48:40.000Z,"4 anos sem nenhuma corrupção, menor inflação que os USA e UE, maior crescimento que a China, superávit de 124 bilhões de reais, 5,5 milhões de empregos criados,  esse foi o governo Bolsonaro .",0,0,0,https://twitter.com/AlencarBraga13/status/1632864416461930501
Janaína Santos,@JanaSantosjaism,https://twitter.com/JanaSantosjaism/status/1632899817293725698,2023-03-07T00:23:48.000Z,Governo do querido presidente @LulaOficial trabalhando para reconstruir o brasil. #LulaReconstruindoOBrasil #Lula #LulaPresidente #LulaUmBrasilParaTodos #PresidenteLula,0,0,0,https://twitter.com/AlencarBraga13/status/1632864416461930501
Marisa victorio da silva,@victorio_marisa,https://twitter.com/victorio_marisa/status/1632870265444003848,2023-03-06T22:26:23.000Z,"Destruição Bolsonaro & Guedes✔️ Reunião hoje com o ministro @Haddad_Fernando da Fazenda. O desafio pra recuperar o Brasil da destruição causada por Bolsonaro e Guedes é enorme, mas já estamos colhendo frutos do fim da política ultraneoliberal.",0,0,0,https://twitter.com/AlencarBraga13/status/1632864416461930501
