nome,usuario,idTweet,dataPublicacao,texto,replies,retweets,likes,tweetPai
Marcelo Quintao,@marceloqes,https://twitter.com/marceloqes/status/1632485322138304513,2023-03-05T20:56:45.000Z,"O planeta dos trouxas, seus seguidores.",0,0,0,https://twitter.com/AlencarBraga13/status/1632450882297004036
Arcangelo Libos,@cacofatofobia,https://twitter.com/cacofatofobia/status/1632480438001213441,2023-03-05T20:37:21.000Z,"Esta descolamento da realidade, chama-se globotomia!
Em casos mais severos, a pessoa torna-se um bozolóide.
Passa a usar amarelo e ranger os dentes ao ser contrariado.
São muitos, Nelson Rodrigues se assustaria em constatar quantos!",0,0,0,https://twitter.com/AlencarBraga13/status/1632450882297004036
Jerryabati@gmail3.com.br Abati,Jerryabati@gmail3.com.br Abati,https://twitter.com/jerryabati/status/1632678043226370049,2023-03-06T09:42:33.000Z,"Você  falando em ditadura kkkkkkkkkkkkkkk
Aliás...lembra ""ditadura sempre""OPS""  KKKKKK",0,0,0,https://twitter.com/AlencarBraga13/status/1632450882297004036
Elmano Brito,@Elmano_Brito,https://twitter.com/Elmano_Brito/status/1632455233564561408,2023-03-05T18:57:11.000Z,Por falar em golpe. Pq o presidente cachaceiro não condenou as atrocidades do ditador da Nicarágua?,0,0,1,https://twitter.com/AlencarBraga13/status/1632450882297004036
Marisa victorio da silva,@victorio_marisa,https://twitter.com/victorio_marisa/status/1632461299849347075,2023-03-05T19:21:18.000Z,Em que planeta esse povo vive?! Do que eles se alimentam e o que tomam?!✔️O incrível caso da oposição que tentou dar um golpe para instalar uma ditadura e agora diz que defende direitos fundamentais.🙄🙃,0,0,0,https://twitter.com/AlencarBraga13/status/1632450882297004036
Marisa victorio da silva,@victorio_marisa,https://twitter.com/victorio_marisa/status/1632461622391308290,2023-03-05T19:22:35.000Z,Em que planeta esse povo vive?! Do que eles se alimentam e o que tomam?!,0,0,0,https://twitter.com/AlencarBraga13/status/1632450882297004036
