nome,usuario,idTweet,dataPublicacao,texto,replies,retweets,likes,tweetPai
Marina,@Marina92011959,https://twitter.com/Marina92011959/status/1632831892151042050,2023-03-06T19:53:54.000Z,Vai Deputada 👏👏👏👏,0,0,1,https://twitter.com/adriventurasp/status/1632769537824247808
Wilson Messias,@wilsonmessias01,https://twitter.com/wilsonmessias01/status/1632774509303300106,2023-03-06T16:05:53.000Z,"Alguém tem que aprovar as contas feitas por eles e seus ""amigos"".
....

Triste",0,0,0,https://twitter.com/adriventurasp/status/1632769537824247808
Lana Diniz,@lanadiniz456,https://twitter.com/lanadiniz456/status/1633055072052559876,2023-03-07T10:40:44.000Z,👏🏻👏🏻,0,0,0,https://twitter.com/adriventurasp/status/1632769537824247808
Maria Wilma,@MariaWi52428549,https://twitter.com/MariaWi52428549/status/1632848505969467394,2023-03-06T20:59:55.000Z,Assino sem titubear!,0,0,0,https://twitter.com/adriventurasp/status/1632769537824247808
Vanessa Lima,@VanessaLimaRosa,https://twitter.com/VanessaLimaRosa/status/1633092314678558726,2023-03-07T13:08:43.000Z,Bora assinar,0,0,0,https://twitter.com/adriventurasp/status/1632769537824247808
Maris Stella,@MarisSt44598218,https://twitter.com/MarisSt44598218/status/1632848044289867776,2023-03-06T20:58:05.000Z,"Apoiado!
Mas não fiquem só no nepotismo nos tribunais de contas
Tem muito mais pra se fazer",0,0,0,https://twitter.com/adriventurasp/status/1632769537824247808
Evandro Camargo,@EvandroChicabon,https://twitter.com/EvandroChicabon/status/1632801473561083905,2023-03-06T17:53:01.000Z,"É assim que se perpetuam no poder!
Supremo Escárnio!",0,0,0,https://twitter.com/adriventurasp/status/1632769537824247808
M&M,@KunderaMeM,https://twitter.com/KunderaMeM/status/1633069288339775494,2023-03-07T11:37:13.000Z,Excelente iniciativa,0,0,0,https://twitter.com/adriventurasp/status/1632769537824247808
SMDJBRAZIL,@SDMJDBRAZIL,https://twitter.com/SDMJDBRAZIL/status/1632787534546714624,2023-03-06T16:57:38.000Z,"Muito bem,da trabalho mas a pegada é essa.",0,0,0,https://twitter.com/adriventurasp/status/1632769537824247808
Amigos Da Lava Jato,@AmigosJato,https://twitter.com/AmigosJato/status/1632773336785616898,2023-03-06T16:01:13.000Z,Apoiado totalmente!!,0,0,0,https://twitter.com/adriventurasp/status/1632769537824247808
CleberMiranda,@cle_r_miranda,https://twitter.com/cle_r_miranda/status/1632770565546049537,2023-03-06T15:50:12.000Z,"Há algo que a impeça de  divulgará lista de quem são? Caso contrário, aguardamos. Obrigado!",0,0,0,https://twitter.com/adriventurasp/status/1632769537824247808
BarretoFC70,@flavio_cbarreto,https://twitter.com/flavio_cbarreto/status/1632863480045793282,2023-03-06T21:59:25.000Z,"Conselheiro de tribunal de contas tem que ser concursado. Não adianta tentar impedir o nepotismo somente pq eles, os políticos, sempre dão um jeito de contornar a lei.",0,0,1,https://twitter.com/adriventurasp/status/1632769537824247808
Ingrid Fuchs,@ingridpfuchs,https://twitter.com/ingridpfuchs/status/1633068982159790081,2023-03-07T11:36:00.000Z,"Política Hereditária? Cargo Vitalício, alto salário e não precisa comprovar competência",0,0,0,https://twitter.com/adriventurasp/status/1632769537824247808
airton parente,@airton_parente,https://twitter.com/airton_parente/status/1633065951896715265,2023-03-07T11:23:58.000Z,Órgãos técnicos governamentais já diz tudo. O Governo não pode abrir mão para não se formar refém do tecnoburocrata.,0,0,0,https://twitter.com/adriventurasp/status/1632769537824247808
BrasileiraAntiBolsolula,@gracinhaluder,https://twitter.com/gracinhaluder/status/1632771437114130434,2023-03-06T15:53:40.000Z,Seria possível colher assinaturas entre o povo brasileiro?,0,0,0,https://twitter.com/adriventurasp/status/1632769537824247808
Jair Junior,@juniorbernacki,https://twitter.com/juniorbernacki/status/1632884500114862080,2023-03-06T23:22:57.000Z,É a famosa carreta furacão!!!,0,0,0,https://twitter.com/adriventurasp/status/1632769537824247808
Adriano Dai Prai,@adrianodaiprai,https://twitter.com/adrianodaiprai/status/1632773980321992705,2023-03-06T16:03:47.000Z,"Além do nepotismo, acrescente-se aí as indicações políticas. Chega disso tudo!!",0,0,0,https://twitter.com/adriventurasp/status/1632769537824247808
Jeanne Miranda C. Nunes,@jeannemirandac1,https://twitter.com/jeannemirandac1/status/1632809865235120130,2023-03-06T18:26:22.000Z,"Parabéns pela iniciativa. Esse tipo de indicação sempre me incomodou essa indicação de  parentes. Sou do Piauí, aqui o governador indicou a esposa. Mais uma atitude de faz de contas, como esses coselheiros vão julgar contas de seus parentes e amigos? Corrupçao venceu.",0,0,2,https://twitter.com/adriventurasp/status/1632769537824247808
BrasileiraAntiBolsolula,@gracinhaluder,https://twitter.com/gracinhaluder/status/1632771205882052609,2023-03-06T15:52:45.000Z,"Pense numa porcaria, um prostíbulo antinacionalista.",0,0,0,https://twitter.com/adriventurasp/status/1632769537824247808
Carol PL2630NÃO,@acarollina10,https://twitter.com/acarollina10/status/1632835091452817410,2023-03-06T20:06:37.000Z,👏🏼👏🏼👏🏼👏🏼👏🏼,0,0,0,https://twitter.com/adriventurasp/status/1632769537824247808
