nome,usuario,idTweet,dataPublicacao,texto,replies,retweets,likes,tweetPai
Mariete Rodrigues,@marietefrts_,https://twitter.com/marietefrts_/status/1637967572841758720,2023-03-21T00:01:15.000Z,Fies sem teto,0,1,1,https://twitter.com/AlencarBraga13/status/1633831797619318784
Mariete Rodrigues,@marietefrts_,https://twitter.com/marietefrts_/status/1637967609277579269,2023-03-21T00:01:24.000Z,Fiessemteto,0,0,0,https://twitter.com/AlencarBraga13/status/1633831797619318784
ᘜIᗷᗩᒍᖇ ᖇᗴᑕIᖴᗴ,@MenezeGilberto,https://twitter.com/MenezeGilberto/status/1633839811437146114,2023-03-09T14:39:00.000Z,Um exemplo tenho uma filha que estudou no público e com 17 anos tirou nota 800 no primeiro enem e disse a mim pai vou fazer novamente estudar mas vou ser médica . Detalhes passou pra engenheira civil na federal mas vai tentar http://novamente.Eu sei bem o que é isso 👏🏻👏🏻👏🏻 .…,1,0,1,https://twitter.com/AlencarBraga13/status/1633831797619318784
Mariete Rodrigues,@marietefrts_,https://twitter.com/marietefrts_/status/1637967523785129984,2023-03-21T00:01:04.000Z,Olhem pelo fies . O fies não está cumprindo sua função social. Nao estamos dando conta de pagar a coparticipação absurda das universidades . @CamiloSantanaCE @LulaOficial @Haddad_Fernando @IzoldaCelaCe @FernandaPaco_ @GuilhermeBoulos @dep_padrejoao @RogerioCorreia_,0,0,0,https://twitter.com/AlencarBraga13/status/1633831797619318784
FIES SEM TETO @fiessemteto,FIES SEM TETO @fiessemteto,https://twitter.com/fiessemteto/status/1633834910984310785,2023-03-09T14:19:32.000Z,"VOLTEM COM O FIES 100%
VOLTEM COM O FIES 100% 
VOLTEM COM O FIES 100% 
VOLTEM COM O FIES 100% 
VOLTEM COM O FIES 100% 
VOLTEM COM O FIES 100% 
É URGENTE ⚠️🚨 BAIXA RENDA NÃO FAZ FIES. O FIES ESTÁ INJUSTO E EXCLUDENTE 🚨⚠️#FIESSEMTETO",0,0,3,https://twitter.com/AlencarBraga13/status/1633831797619318784
FIES SEM TETO @fiessemteto,FIES SEM TETO @fiessemteto,https://twitter.com/fiessemteto/status/1633835291160231937,2023-03-09T14:21:03.000Z,"Esse relato deve ter sido quando o FIES era 100%. Hoje, filho de pobre não consegue pagar as coparticipações injustas. No curso de medicina as coparticipações ultrapassam o valor de 3k. O FIES é INJUSTO e excludente. Precisamos do #FIESSEMTETO URGENTEMENTE",0,0,3,https://twitter.com/AlencarBraga13/status/1633831797619318784
FIES SEM TETO @fiessemteto,FIES SEM TETO @fiessemteto,https://twitter.com/fiessemteto/status/1633837139397062658,2023-03-09T14:28:23.000Z,"Atualmente, filho de pobre que utiliza o FIES, precisa abandonar o curso pois não consegue pagar as ABUSIVAS COPARTICIPAÇÕES. É URGENTE A VOLTA DO FIES 100% #FIESSEMTETO",0,0,3,https://twitter.com/AlencarBraga13/status/1633831797619318784
Marisa victorio da silva,@victorio_marisa,https://twitter.com/victorio_marisa/status/1633841963576475649,2023-03-09T14:47:34.000Z,"#respeitoprasmulheres mudar a própria história - sonhar - ""Filho de pobre vai ser doutor  - sim! #8M😀 2023 👆✔️Essa frase do presidente @LulaOficial mudou a vida da Beatriz Nunes, um desde criança sonhava em ser médica e por meio do FIES conseguiu mudar a própria história.",0,0,0,https://twitter.com/AlencarBraga13/status/1633831797619318784
Marisa victorio da silva,@victorio_marisa,https://twitter.com/victorio_marisa/status/1633842300345544705,2023-03-09T14:48:54.000Z,"""Filho de pobre vai ser doutor, sim!""😍✊⭐✊",0,0,0,https://twitter.com/AlencarBraga13/status/1633831797619318784
Janaína Santos,@JanaSantosjaism,https://twitter.com/JanaSantosjaism/status/1634001333983367170,2023-03-10T01:20:50.000Z,"Governo do presidente @lulaoficial trabalhando pelo bem do Brasil, com seriedade e justiça social. #Lula #lulapelaeducação #LulaDoBrasilEDoMundo #lulapresidente #LulaUmBrasilParaTodos #UniaoeReconstrução #vamosreconstruirobrasilcomlulapresidente13❤️💚💛🇧🇷🇧🇷🇧🇷🇧🇷🇧🇷🇧🇷🇧🇷",0,0,0,https://twitter.com/AlencarBraga13/status/1633831797619318784
