nome,usuario,idTweet,dataPublicacao,texto,replies,retweets,likes,tweetPai
ᘜIᗷᗩᒍᖇ ᖇᗴᑕIᖴᗴ,@MenezeGilberto,https://twitter.com/MenezeGilberto/status/1633873232645476352,2023-03-09T16:51:49.000Z,Se até os intitulados homem de Deus ganharam presente pra pedir votos quanto mas o povo .,0,0,1,https://twitter.com/AlencarBraga13/status/1633854027581771776
Patrícia Freitas,@Patrcia17246477,https://twitter.com/Patrcia17246477/status/1634543291038412803,2023-03-11T13:14:23.000Z,Gente vamos pensar no país esquece o jb ele perdeu tá morando fora esquece,0,0,0,https://twitter.com/AlencarBraga13/status/1633854027581771776
Edilson Guimaraes,@Edilson55162140,https://twitter.com/Edilson55162140/status/1633854702516420610,2023-03-09T15:38:11.000Z,O PowerPoint da facção criminosa bolsonica do Jair ladrão fujão.,0,0,0,https://twitter.com/AlencarBraga13/status/1633854027581771776
Edilson Guimaraes,@Edilson55162140,https://twitter.com/Edilson55162140/status/1633855071581777923,2023-03-09T15:39:39.000Z,A facção criminosa bolsonica do Jair ladrão fujão tentando passar com propina. Joias 💎 💎.,0,0,0,https://twitter.com/AlencarBraga13/status/1633854027581771776
Edilson Guimaraes,@Edilson55162140,https://twitter.com/Edilson55162140/status/1633855462759100416,2023-03-09T15:41:12.000Z,O chefe da facção criminosa bolsonica gosta de joias 💎 💎 como propina.,0,0,0,https://twitter.com/AlencarBraga13/status/1633854027581771776
Edilson Guimaraes,@Edilson55162140,https://twitter.com/Edilson55162140/status/1633855896576200706,2023-03-09T15:42:55.000Z,A facção criminosa bolsonica do Jair ladrão fujão tentando pegar a propina joias 💎 💎.,0,0,0,https://twitter.com/AlencarBraga13/status/1633854027581771776
Marisa victorio da silva,@victorio_marisa,https://twitter.com/victorio_marisa/status/1633888470287495169,2023-03-09T17:52:22.000Z,"Que coisa,hein? Devolver o presente 🙄 O esquema! 🕵️""Lembrou""  ✔️O esquema de contrabando e roubo de jóias para Bolsonaro e Michelle fez a consciência de muita gente pensar. Quatro anos depois de receber um relógio de luxo, Caio Megale, que era da equipe do Paulo Guedes, +",0,0,0,https://twitter.com/AlencarBraga13/status/1633854027581771776
Marisa victorio da silva,@victorio_marisa,https://twitter.com/victorio_marisa/status/1633889215430705170,2023-03-09T17:55:19.000Z,"se ""Lembrou"" de devolver o presente indevido que recebeu. Que coisa, hein?  - em Câmara dos deputados

Novelão 🕵️👮‍♂️Filme de Terror ☠️",0,0,0,https://twitter.com/AlencarBraga13/status/1633854027581771776
