nome,usuario,idTweet,dataPublicacao,texto,replies,retweets,likes,tweetPai
Fátima Leal,@mariade57438723,https://twitter.com/mariade57438723/status/1633237344777011202,2023-03-07T22:45:01.000Z,Lula pegou um país completamente destruído,0,0,1,https://twitter.com/AlencarBraga13/status/1633195063630020609
Gerson Guszak,@GersonGuszak,https://twitter.com/GersonGuszak/status/1633650530189713408,2023-03-09T02:06:52.000Z,"Kkkkkk sério mesmo,a se o povo tivesse noção do tamanho da narrativa,",0,0,0,https://twitter.com/AlencarBraga13/status/1633195063630020609
val corona,@val_corona_,https://twitter.com/val_corona_/status/1633255855943479297,2023-03-07T23:58:35.000Z,Que os partidos do centro tbm apoiem a mudança #uniãoereconstrução !,0,0,0,https://twitter.com/AlencarBraga13/status/1633195063630020609
Dona Ema esquerdista,@RoseliA38989921,https://twitter.com/RoseliA38989921/status/1633227262441996288,2023-03-07T22:04:57.000Z,Concordo.#fizoLpraisso.❤️❤️😌😌,0,0,0,https://twitter.com/AlencarBraga13/status/1633195063630020609
Leonardo Santana,@Leonard30848055,https://twitter.com/Leonard30848055/status/1633207217007599616,2023-03-07T20:45:18.000Z,Infelizmente o Ministro da Educação está jogando contra.,0,0,0,https://twitter.com/AlencarBraga13/status/1633195063630020609
"Leandro Brasil acima de todos,incluso o governo",@Sergio64029292,https://twitter.com/Sergio64029292/status/1633539862556033024,2023-03-08T18:47:07.000Z,Sim...é mesmo...ladeira abaixo...,0,0,0,https://twitter.com/AlencarBraga13/status/1633195063630020609
Dani Guido,@DaniGuido6,https://twitter.com/DaniGuido6/status/1633318452290002951,2023-03-08T04:07:19.000Z,Pelo amor de Deus... muda essa fala!! Para de tampar o sol com a peneira!! Esse governo está numa derrocada só!! Um DESGOVERNO! FAÇA seu Trabalho decentemente uma vez só na vida! Jornalista e jornalismo vendido... era sua fã... que Lástima ver onde vc chegou,0,0,0,https://twitter.com/AlencarBraga13/status/1633195063630020609
Edgar Passos,@EdgarPassos4,https://twitter.com/EdgarPassos4/status/1633497461762187265,2023-03-08T15:58:38.000Z,Porque será,0,0,0,https://twitter.com/AlencarBraga13/status/1633195063630020609
CLAUDINEI SERGIO SOU BRASIL,@claudineijipa38,https://twitter.com/claudineijipa38/status/1633221985105788929,2023-03-07T21:43:59.000Z,é uma piada ? só pode né?,0,0,0,https://twitter.com/AlencarBraga13/status/1633195063630020609
Маркус Винисюс,@sucramattom,https://twitter.com/sucramattom/status/1633435037512134658,2023-03-08T11:50:35.000Z,"Grande diferença mesmo, conseguiram piorar tudo.",0,0,0,https://twitter.com/AlencarBraga13/status/1633195063630020609
Leonardo Cirilo,@leonardocirilo,https://twitter.com/leonardocirilo/status/1633298535083802624,2023-03-08T02:48:10.000Z,Piso Salarial da Enfermagem é Prioridade. Medida provisoria ja!,0,0,0,https://twitter.com/AlencarBraga13/status/1633195063630020609
Luiz Casagrande,@luizcasagra,https://twitter.com/luizcasagra/status/1633463921192636423,2023-03-08T13:45:21.000Z,"SÃO PAULO, SP (FOLHAPRESS) - O ex-presidente Lula afirmou a parlamentares do PSOL com quem se reuniu no Rio que o relógio Piaget (80 mil) que aparece em uma foto dele na internet foi um presente que ganhou quando ainda era presidente. Esse relógio passou na alfandega ?",0,0,0,https://twitter.com/AlencarBraga13/status/1633195063630020609
Marisa victorio da silva,@victorio_marisa,https://twitter.com/victorio_marisa/status/1633201814492332032,2023-03-07T20:23:50.000Z,"#uniãoereconstrução 🤜🤛                                         ✔️A jornalista @miriamleitao7, que sempre foi crítica aos governos do PT, reconheceu: ""estamos no 3º mês de governo e a diferença é enorme"".                        
+",0,0,0,https://twitter.com/AlencarBraga13/status/1633195063630020609
Marisa victorio da silva,@victorio_marisa,https://twitter.com/victorio_marisa/status/1633201956314292224,2023-03-07T20:24:24.000Z,"O presidente @lulaoficial avisou que iria trabalhar dia e noite para reconstruir esse país. Do
Faz o L! ⭐✊",0,0,0,https://twitter.com/AlencarBraga13/status/1633195063630020609
Michael,@Michael77242404,https://twitter.com/Michael77242404/status/1633196971476262916,2023-03-07T20:04:35.000Z,Falou a verdade mas é falsiane.,0,0,0,https://twitter.com/AlencarBraga13/status/1633195063630020609
