nome,usuario,idTweet,dataPublicacao,texto,replies,retweets,likes,tweetPai
J Veras | PT,@oaraujo1313,https://twitter.com/oaraujo1313/status/1633200420599353346,2023-03-07T20:18:18.000Z,"Não esqueceu, vez d propósito. Criando fake News.",0,0,0,https://twitter.com/AlencarBraga13/status/1633188997932408832
Luiz Alberto,@Luiz25101972,https://twitter.com/Luiz25101972/status/1633210645364584449,2023-03-07T20:58:56.000Z,Gostaria saber quantas propostas de ajuda ao povo brasileiro esse povo já enviou para aprovação . E tem gente que continua votando nessas pessoas. Depois ficam falando vc está torcendo contra . Vai entender,0,0,0,https://twitter.com/AlencarBraga13/status/1633188997932408832
Tulpen - Sou parte da natureza,@holandbr,https://twitter.com/holandbr/status/1633201118107893761,2023-03-07T20:21:04.000Z,"Aqui no interior do RS baixou e voltou a R$ 5,65",0,0,0,https://twitter.com/AlencarBraga13/status/1633188997932408832
BethK,@BethK32279062,https://twitter.com/BethK32279062/status/1633288039718875137,2023-03-08T02:06:28.000Z,Eduardo Bolsonaro só tem que explicar as RACHADINHAS,0,0,0,https://twitter.com/AlencarBraga13/status/1633188997932408832
Antonio claudio De paula,@Antonio20158788,https://twitter.com/Antonio20158788/status/1633546310690152456,2023-03-08T19:12:44.000Z,DEPUTADO VOCÊ QUERIA O QUE DESSA CRIATURA,0,0,0,https://twitter.com/AlencarBraga13/status/1633188997932408832
Carlos Allan Tabosa,@AllanTabosa,https://twitter.com/AllanTabosa/status/1633457500895821824,2023-03-08T13:19:51.000Z,"O que vale é a intenção... Do aumento da gasolina por conta do aumento de impostos ....eu entendi ...mas e você ,?",0,0,0,https://twitter.com/AlencarBraga13/status/1633188997932408832
Marisa victorio da silva,@victorio_marisa,https://twitter.com/victorio_marisa/status/1633205403436695552,2023-03-07T20:38:06.000Z,Faz o B. E não é de bacana.🤣,0,0,0,https://twitter.com/AlencarBraga13/status/1633188997932408832
