nome,usuario,idTweet,dataPublicacao,texto,replies,retweets,likes,tweetPai
Dep. Alencar Santana,@AlencarBraga13,https://twitter.com/AlencarBraga13/status/1633900465652940808,2023-03-09T18:40:02.000Z,"por aliados de Maurício Macri, agora ela enfrenta uma tentativa de proscrição política, numa pena ilegal, autoritária e absurda. Espero que a Argentina não repita os erros da mafiosa #LavaJato e que os juízes deixem de atuar como militantes partidários.#BastaDeProscripción",1,17,72,https://twitter.com/AlencarBraga13/status/1633900462779793409
silvinalit,@silvinalit,https://twitter.com/silvinalit/status/1634016109094486017,2023-03-10T02:19:33.000Z,"Obrigada, Deputado, por defender a Cristina!#TodosConCristina",0,0,1,https://twitter.com/AlencarBraga13/status/1633900462779793409
AmandaLevy,@AmandaLevy5,https://twitter.com/AmandaLevy5/status/1633906153410183174,2023-03-09T19:02:38.000Z,"Cuando los jueces tienen  el poder absoluto,  es muy difícil actuar. Sus fallos son partidarios, parciales, está comprobado que reciben  dádivas,  pero están atornillados en sus puestos. Esperemos que el juicio politico  a la suprema  corte, cambie esta situación.",0,2,6,https://twitter.com/AlencarBraga13/status/1633900462779793409
Almiro Alves,@almiro_alves,https://twitter.com/almiro_alves/status/1635963506246795268,2023-03-15T11:17:49.000Z,Çei! Roubaram a Argentina até chegar onde estão e vem falar essa baboseira.,0,0,0,https://twitter.com/AlencarBraga13/status/1633900462779793409
Marisa victorio da silva,@victorio_marisa,https://twitter.com/victorio_marisa/status/1633933644082421768,2023-03-09T20:51:52.000Z,👀Na Argentina muito similar ao que ocorreu contra Lula no Brasil 👀,0,0,2,https://twitter.com/AlencarBraga13/status/1633900462779793409
maria sabysa,@MSabysa,https://twitter.com/MSabysa/status/1634028087053516800,2023-03-10T03:07:09.000Z,"https://youtube.com/watch?v=ZNfA2GUC8ds…Oi, DELTAN E MORO
CADÊ O POWER POINT E A CPI DAS ARABIAS???
viram que um ex-ministro do Bolsonaro tentou passar com esse pedalinho na alfândega sem declarar pra Receita Federal? Ele disse que era um presente da Arábia Saudita pra Michele!",0,0,0,https://twitter.com/AlencarBraga13/status/1633900462779793409
