nome,usuario,idTweet,dataPublicacao,texto,replies,retweets,likes,tweetPai
astro11mar,@astro11mar,https://twitter.com/astro11mar/status/1633832635968663557,2023-03-09T14:10:30.000Z,"A coragem dele é só pra ofender e ameaçar mulheres.
Pior ele deixou diversos discipulos de sua covardia, ontem vimos Nikole na camara dos deputados destilando seu ódio.",1,0,2,https://twitter.com/AlencarBraga13/status/1633821848587608066
MarcoS,@MarcoSansone19,https://twitter.com/MarcoSansone19/status/1633929345638060036,2023-03-09T20:34:47.000Z,BOLSONARO LADRÃO,0,0,0,https://twitter.com/AlencarBraga13/status/1633821848587608066
Darkside,@SandraL07883042,https://twitter.com/SandraL07883042/status/1633897562015948801,2023-03-09T18:28:29.000Z,#BOLSONAROLADRÃO,0,0,0,https://twitter.com/AlencarBraga13/status/1633821848587608066
Guilherme Castro #Lula13,@GCastroAidi,https://twitter.com/GCastroAidi/status/1633860402894217218,2023-03-09T16:00:50.000Z,"BOLSONARO LADRÃO NA CADEIA
E CASSAÇÃO JÁ PARA NIKOLAS FERREIRA",0,0,0,https://twitter.com/AlencarBraga13/status/1633821848587608066
Marisa victorio da silva,@victorio_marisa,https://twitter.com/victorio_marisa/status/1633833142816735234,2023-03-09T14:12:31.000Z,"Bolsonaro ladrão de jóias. Ponto final.✔️O sujeito que armava cena pra mostrar que comia frango com farofa tentou roubar jóias de R$16,5 milhões até a véspera de fugir do Brasil,depois de passar 4 anos se dizendo corajoso.

Bolsonaro ladrão de jóias. Ponto final.🙃☠️",0,0,1,https://twitter.com/AlencarBraga13/status/1633821848587608066
