nome,usuario,idTweet,dataPublicacao,texto,replies,retweets,likes,tweetPai
Divino André,@DivinoAndre02,https://twitter.com/DivinoAndre02/status/1634547375824949248,2023-03-11T13:30:37.000Z,Lula ladrao,0,0,0,https://twitter.com/AlencarBraga13/status/1633917382216282124
Fábio,@MaX273180,https://twitter.com/MaX273180/status/1634130447016898561,2023-03-10T09:53:53.000Z,As outras jóias só passaram por ser masculina...Veio no pulso de alguém ou em qualquer outra parte do corpo...,2,0,0,https://twitter.com/AlencarBraga13/status/1633917382216282124
Bia,@BiaC37522495,https://twitter.com/BiaC37522495/status/1634144590843334658,2023-03-10T10:50:06.000Z,BOLSONARO LADRÃO,1,0,0,https://twitter.com/AlencarBraga13/status/1633917382216282124
ᘜIᗷᗩᒍᖇ ᖇᗴᑕIᖴᗴ,@MenezeGilberto,https://twitter.com/MenezeGilberto/status/1634021469347893248,2023-03-10T02:40:51.000Z,Silas maracutaia já deu chilique. Só não combinou a fala cada um com uma versão .,1,0,5,https://twitter.com/AlencarBraga13/status/1633917382216282124
goku black,@otaku_jackson,https://twitter.com/otaku_jackson/status/1634419182614740993,2023-03-11T05:01:13.000Z,#NikolasFerreiraCassado,0,0,0,https://twitter.com/AlencarBraga13/status/1633917382216282124
Prof° Paulo Nano,@GentilCamargo,https://twitter.com/GentilCamargo/status/1634007415728242688,2023-03-10T01:45:00.000Z,#BolsonaroNaCadeia,0,0,2,https://twitter.com/AlencarBraga13/status/1633917382216282124
Douglas Klug,@KlugDouglas,https://twitter.com/KlugDouglas/status/1634389144708292609,2023-03-11T03:01:52.000Z,https://google.com/amp/s/odebateon.com.br/corrupcao-relembre-os-principais-escandalos-nos-governos-de-lula-e-dilma/amp/…,0,0,0,https://twitter.com/AlencarBraga13/status/1633917382216282124
Kekeono,@keke_ono,https://twitter.com/keke_ono/status/1634228521911345152,2023-03-10T16:23:36.000Z,#BolsonaroOrgulhoDoBrasil,0,1,1,https://twitter.com/AlencarBraga13/status/1633917382216282124
Sandra,@SanewsAzul,https://twitter.com/SanewsAzul/status/1634516319876923392,2023-03-11T11:27:13.000Z,"Roubar mais que o Lularápio, impossível!",0,0,0,https://twitter.com/AlencarBraga13/status/1633917382216282124
Revista Leste,@fre64565370,https://twitter.com/fre64565370/status/1633934498206187521,2023-03-09T20:55:16.000Z,#BolsonaroLadrão,0,0,1,https://twitter.com/AlencarBraga13/status/1633917382216282124
Catarina Monteiro,@catmonteiro28,https://twitter.com/catmonteiro28/status/1633987725643730945,2023-03-10T00:26:46.000Z,Nem só de jóias....,0,1,3,https://twitter.com/AlencarBraga13/status/1633917382216282124
Alexandre Klein,@RagnerSkoll,https://twitter.com/RagnerSkoll/status/1634689697434796038,2023-03-11T22:56:09.000Z,Queremos notícias da CPMI do dia 8. Queremos saber sobre os infiltrados do PT.,0,0,0,https://twitter.com/AlencarBraga13/status/1633917382216282124
Carlos antonio barbosa,@Carlosa82741059,https://twitter.com/Carlosa82741059/status/1633985673341304836,2023-03-10T00:18:37.000Z,"""Se fossem pobres e pretos, envolvidos nesse ""contrabando"" de joias, já estariam todos em prisão temporária, para não combinarem versões que atrapalhassem as investigações.""",1,0,1,https://twitter.com/AlencarBraga13/status/1633917382216282124
JUNIOR,@ProfSousaJr,https://twitter.com/ProfSousaJr/status/1634227566201511941,2023-03-10T16:19:48.000Z,Que tal aproveitar e investigar a compra de Passadina também e os valores gastos na Comperj...,0,1,2,https://twitter.com/AlencarBraga13/status/1633917382216282124
Isa Cordeiro,@isacleudes_isa,https://twitter.com/isacleudes_isa/status/1633991986381291520,2023-03-10T00:43:42.000Z,Passou muita coisa neste avião Presidencial ✈️🧳🐀💰🇧🇷tráfego Contrabando!!,0,0,1,https://twitter.com/AlencarBraga13/status/1633917382216282124
Ernani Simoni Filho,@manosimoni,https://twitter.com/manosimoni/status/1634209011066105858,2023-03-10T15:06:05.000Z,Vejam quanto valia a refinaria e cobrem deles porque ele roubou muito não trabalhou mas o que roubou não tem fim,1,0,0,https://twitter.com/AlencarBraga13/status/1633917382216282124
antonioribeiro1998,@antonio07194123,https://twitter.com/antonio07194123/status/1634181189727600648,2023-03-10T13:15:31.000Z,BOLSONARO LADRÃO,1,0,0,https://twitter.com/AlencarBraga13/status/1633917382216282124
Mauro Rocha,@mauraorocha,https://twitter.com/mauraorocha/status/1634236143859384321,2023-03-10T16:53:53.000Z,Que publicação ridícula 🤢🤢🤢,0,0,0,https://twitter.com/AlencarBraga13/status/1633917382216282124
Sarah Lorena,@sarahlorena777,https://twitter.com/sarahlorena777/status/1633958865296404481,2023-03-09T22:32:05.000Z,Eu entendo sua dor! Culpada!,0,0,0,https://twitter.com/AlencarBraga13/status/1633917382216282124
Márcia Nogueira,@margatt,https://twitter.com/margatt/status/1634135497973923841,2023-03-10T10:13:58.000Z,É por essas e outras q ele precisava se reeleger a QQ custo!,0,0,0,https://twitter.com/AlencarBraga13/status/1633917382216282124
Anderson Santos,@Anderso25983930,https://twitter.com/Anderso25983930/status/1633991441612414976,2023-03-10T00:41:32.000Z,"Ninguém quer ser algo ruim sozinho, sempre tenta incriminar os outros para tentar minimizar seus erros ... 
E olha que, como diz o dito popular ... "" Nem farelo ele come""",0,0,0,https://twitter.com/AlencarBraga13/status/1633917382216282124
Btyy,@Alessan24448268,https://twitter.com/Alessan24448268/status/1634170175917379584,2023-03-10T12:31:46.000Z,"E já sabemos que, o nível de DEMÊNCIA dos bolsonaristas é tamanha que, o único argumento de defesa do mito deles é dizer que :
"" Lula é ladrão """,0,0,0,https://twitter.com/AlencarBraga13/status/1633917382216282124
Paulo Roberto,@PauloRobertoSSA,https://twitter.com/PauloRobertoSSA/status/1634120010967728128,2023-03-10T09:12:25.000Z,"BOLSONARO LADRÃO

BOLSONARO LADRÃO

BOLSONARO LADRÃO",0,0,0,https://twitter.com/AlencarBraga13/status/1633917382216282124
Scheilla Maria Soares Rocha,@scheilla_rocha,https://twitter.com/scheilla_rocha/status/1634240955829108741,2023-03-10T17:13:01.000Z,"BOLSONARO LADRÃO
BOLSONARO LADRÃO 
BOLSONARO LADRÃO 
BOLSONARO LADRÃO 
BOLSONARO LADRÃO",0,0,0,https://twitter.com/AlencarBraga13/status/1633917382216282124
Lucas Buzz,@lucasbuzz4,https://twitter.com/lucasbuzz4/status/1634242771996295179,2023-03-10T17:20:14.000Z,Dúvida cruel mesmo.,0,0,0,https://twitter.com/AlencarBraga13/status/1633917382216282124
Li SAGI,@Lililembra,https://twitter.com/Lililembra/status/1634145685145624576,2023-03-10T10:54:26.000Z,Desde quando comissão faz algo de útil? Querem aparecer ou obstruir? É caso para polícia e justiça!,0,0,0,https://twitter.com/AlencarBraga13/status/1633917382216282124
Janaína Santos,@JanaSantosjaism,https://twitter.com/JanaSantosjaism/status/1633983250988244993,2023-03-10T00:08:59.000Z,#BolsonaroCorrupto #BolsonaroNaCadeia,0,0,0,https://twitter.com/AlencarBraga13/status/1633917382216282124
Báh,@Bh81134407,https://twitter.com/Bh81134407/status/1633946354387935234,2023-03-09T21:42:22.000Z,"Calma... vai aparecer mais, o Cara é ninja pra surrupiar...",0,0,1,https://twitter.com/AlencarBraga13/status/1633917382216282124
MarcoS,@MarcoSansone19,https://twitter.com/MarcoSansone19/status/1633928353164951552,2023-03-09T20:30:50.000Z,BOLSONARO LADRÃO,0,0,2,https://twitter.com/AlencarBraga13/status/1633917382216282124
Sueli Cavendish,@cavendish_sueli,https://twitter.com/cavendish_sueli/status/1643084481308372993,2023-04-04T02:54:02.000Z,"TEM RELAÇÃO SIM, ASSIM COMO TEM RELAÇÃO DO OURO DA AMAZÔNIA COM A ARÁBIA SAUDITA",0,0,0,https://twitter.com/AlencarBraga13/status/1633917382216282124
Dri @pt13democracia,@pt13democracia,https://twitter.com/adrianasp63/status/1634138037213904898,2023-03-10T10:24:03.000Z,"Ladrão de tudo que pode roubar. 
Preso é pouco p esse bandido.",0,0,2,https://twitter.com/AlencarBraga13/status/1633917382216282124
FernandoSilveira,@Fernand39031330,https://twitter.com/Fernand39031330/status/1633919987575300100,2023-03-09T19:57:36.000Z,"As claras ele vendeu a ELETROBRAS. Os rios e lagos de milhares de quilômetros foram vendidos. Nosso solo, nossa água. Privatizada à preço de banana. O safado do Guedes, tesoureiro da quadrilha deveria ser preso tb.",0,0,0,https://twitter.com/AlencarBraga13/status/1633917382216282124
Ana Aquino,@AnaAquino59,https://twitter.com/AnaAquino59/status/1633981444530814978,2023-03-10T00:01:48.000Z,Bolsonaro Ladrão.,0,0,1,https://twitter.com/AlencarBraga13/status/1633917382216282124
José oseias Mathiazo,@MathiazoJose,https://twitter.com/MathiazoJose/status/1634614767984820228,2023-03-11T17:58:25.000Z,"Tentam de tudo,  para desviar o foco!, Todos sabem quem realmente è o ladrão.",0,0,0,https://twitter.com/AlencarBraga13/status/1633917382216282124
Jorjor,@JorjorFF,https://twitter.com/JorjorFF/status/1633959679939301382,2023-03-09T22:35:19.000Z,Bolsonaro Ladrão,0,0,2,https://twitter.com/AlencarBraga13/status/1633917382216282124
AdsonAraujo,@adsonaraujo7,https://twitter.com/adsonaraujo7/status/1634178413157122048,2023-03-10T13:04:29.000Z,Petrolão e mensalão é o que? Vocês não cansam de passar vergonha 🤣,0,0,0,https://twitter.com/AlencarBraga13/status/1633917382216282124
Rogerio Lubk,@RogerioLubk,https://twitter.com/RogerioLubk/status/1633948573627817984,2023-03-09T21:51:11.000Z,O problema é que quem comanda é um bolsonazista,0,0,0,https://twitter.com/AlencarBraga13/status/1633917382216282124
Neca Ribeiro,@RibeiroNeca,https://twitter.com/RibeiroNeca/status/1634176592787259395,2023-03-10T12:57:15.000Z,Cadeia neles!!!,0,0,0,https://twitter.com/AlencarBraga13/status/1633917382216282124
IVAN R. PAULA,@IVANROD49405637,https://twitter.com/IVANROD49405637/status/1634556257783693313,2023-03-11T14:05:55.000Z,Em caso negativo desejaria ver retratação de todos acusadores .... difícil né.,0,0,0,https://twitter.com/AlencarBraga13/status/1633917382216282124
Adilson Louro,@Adilson_Louro,https://twitter.com/Adilson_Louro/status/1634296124260401153,2023-03-10T20:52:14.000Z,e ainda aguardamos ... recordar ...,0,0,0,https://twitter.com/AlencarBraga13/status/1633917382216282124
RCFCR,@9s52c6x57r,https://twitter.com/9s52c6x57r/status/1633999737148825602,2023-03-10T01:14:30.000Z,Mais ladrao q o Luladrão impossível rs,0,0,0,https://twitter.com/AlencarBraga13/status/1633917382216282124
Marcos Santos2022,@SalgadosMarcos,https://twitter.com/SalgadosMarcos/status/1634149024721690627,2023-03-10T11:07:43.000Z,https://twitter.com/SalgadosMarcos/status/1634136748543418369?s=20…,0,0,0,https://twitter.com/AlencarBraga13/status/1633917382216282124
Dibunita,@Dibunita2,https://twitter.com/Dibunita2/status/1634167527449284608,2023-03-10T12:21:14.000Z,Bolsonaro ladrão,0,0,0,https://twitter.com/AlencarBraga13/status/1633917382216282124
lia,@LLbrasolin,https://twitter.com/LLbrasolin/status/1634202078800216068,2023-03-10T14:38:32.000Z,Vc é patético! Vai se informar quem deu as joias e quem comprou o refinaria. Aproveita e investiga isso também👇.,2,2,8,https://twitter.com/AlencarBraga13/status/1633917382216282124
Luna Lula da Silva,@Luna10279855,https://twitter.com/Luna10279855/status/1633954766865793024,2023-03-09T22:15:48.000Z,Bonsonaro ladrão.,0,0,0,https://twitter.com/AlencarBraga13/status/1633917382216282124
PRIVATIZATIONTERMINATORCORP.,@PRV10Z1TERMINA2,https://twitter.com/PRV10Z1TERMINA2/status/1634005849889710080,2023-03-10T01:38:47.000Z,"Tem que investigar também o #bento e a privatização ""quase"" criminosa da Eletrobrás #ReestatizaEletrobrasJá @Glauber_Braga @erikakokay @requiaooficial @jandira_feghali @samiabomfim @jorgemessiasagu @AdvocaciaGeral @CGUonline @FlavioDino @policiafederal",1,2,6,https://twitter.com/AlencarBraga13/status/1633917382216282124
Joana da Paz,@JoanadaPaz,https://twitter.com/JoanadaPaz/status/1634057839038681090,2023-03-10T05:05:22.000Z,"Dêem RT para ajudar a @DayaraBrito1AJUDE DAYARA
LIBEREM A MEDICAÇÃO DA DAYARA

AJUDE A DAYARA
LIBEREM A MEDICAÇÃO DA DAYARA

AJUDE A DAYARA
LIBEREM A MEDICAÇÃO DA DAYARA

AJUDE A DAYARA
LIBEREM A MEDICAÇÃO DA DAYARA

AJUDE A DAYARA
LIBEREM A MEDICAÇÃO DA DAYARA",0,1,0,https://twitter.com/AlencarBraga13/status/1633917382216282124
Duzolane,@Duzolina1,https://twitter.com/Duzolina1/status/1634001282384920576,2023-03-10T01:20:38.000Z,"Durante seus dois primeiros mandatos, Lula incorporou 559 presentes ao acervo pessoal antes de decisão do TCU

Os presentes foram entregues ou encaminhados para Lula durante visitas para os países.",0,0,0,https://twitter.com/AlencarBraga13/status/1633917382216282124
Marisa victorio da silva,@victorio_marisa,https://twitter.com/victorio_marisa/status/1633930802315534336,2023-03-09T20:40:34.000Z,"💎💍 jóias & venda de refinaria😲😯😳✔️""Comissão do Senado vai apurar se há relação entre jóias e venda de refinaria"".
Bolsonaro ladrão de jóias não vai escapar e por isso que seus militontos estão desesperados.",0,0,4,https://twitter.com/AlencarBraga13/status/1633917382216282124
Carlos Magno,@CarlosM17244219,https://twitter.com/CarlosM17244219/status/1633965258019618817,2023-03-09T22:57:29.000Z,#BolsonaroEAliadosNaCadeia,0,0,0,https://twitter.com/AlencarBraga13/status/1633917382216282124
EDU,@TARJACOLOR,https://twitter.com/TARJACOLOR/status/1634212757837889539,2023-03-10T15:20:58.000Z,KKKKKKKKKKKKKK E DA TABATA DESVIANDO DINHEIRO PRO NAMORADO ? VAI TMB ?,0,0,0,https://twitter.com/AlencarBraga13/status/1633917382216282124
EDU,@TARJACOLOR,https://twitter.com/TARJACOLOR/status/1634213241608974337,2023-03-10T15:22:53.000Z,"A ESQUERDA PIRA !! KKKKKKKKKKKKK
A REJEIÇÃO DO BANDIDAO ESTÁ MEGA !!
KKKKKKKK
AÍ VEM OS OTÁRIOS FICAR TENTANDO E UM BANDO DE RAIVOSINHOS",0,0,0,https://twitter.com/AlencarBraga13/status/1633917382216282124
EDU,@TARJACOLOR,https://twitter.com/TARJACOLOR/status/1634213533150838787,2023-03-10T15:24:03.000Z,MAS APOIAM O BANDIDAO MESMO SE ENTREGANDO KKKKKKKKKKK,0,0,0,https://twitter.com/AlencarBraga13/status/1633917382216282124
