nome,usuario,idTweet,dataPublicacao,texto,replies,retweets,likes,tweetPai
Marcelo Pimentel JS,@marcelopjs,https://twitter.com/marcelopjs/status/1633787833398829059,2023-03-09T11:12:28.000Z,"Já pensou em perguntar para o Secretário de Segurança Pública do Rio de Janeiro em 2018?

Talvez uma audiência pública no Congresso Nacional ajude a esclarecer essa questão de elevadíssimo interesse público.",2,6,96,https://twitter.com/BohnGass/status/1633784893908869122
Samuel,@9tif9fany9,https://twitter.com/9tif9fany9/status/1633802917231599616,2023-03-09T12:12:24.000Z,Tenho outra filha agora,1,0,0,https://twitter.com/BohnGass/status/1633784893908869122
Aline,@Aline_kzk,https://twitter.com/Aline_kzk/status/1633789011809513472,2023-03-09T11:17:09.000Z,@brumelianebrum faz essa mesmíssima pergunta há exatos 1821 dias…,0,0,1,https://twitter.com/BohnGass/status/1633784893908869122
Pedro Gandy,@pedrogandy1,https://twitter.com/pedrogandy1/status/1633963211023056898,2023-03-09T22:49:21.000Z,"General Braga Neto, interventor da GLO.",0,0,0,https://twitter.com/BohnGass/status/1633784893908869122
Pedro Gandy,@pedrogandy1,https://twitter.com/pedrogandy1/status/1633964000026284032,2023-03-09T22:52:29.000Z,Pergunta ao Interventor Federal General Braga Netto.,0,0,0,https://twitter.com/BohnGass/status/1633784893908869122
CassiaBarbosa,@cassiab73341872,https://twitter.com/cassiab73341872/status/1633976642082095110,2023-03-09T23:42:43.000Z,Pois queria saber que gente já sabe,0,0,0,https://twitter.com/BohnGass/status/1633784893908869122
Tica GomesL 13,@TicaGomes2,https://twitter.com/TicaGomes2/status/1633823278493057024,2023-03-09T13:33:19.000Z,Acho que éais que amigo,0,0,0,https://twitter.com/BohnGass/status/1633784893908869122
ednyr santos,@EdnyrSantos,https://twitter.com/EdnyrSantos/status/1633902303823446047,2023-03-09T18:47:20.000Z,🤣🤣🤣🤣🤣🤣🤣🤣🤣🤣🤣🤣só fala besteira aff!!!,0,0,0,https://twitter.com/BohnGass/status/1633784893908869122
Alberto Souza,@Betto_Brasil,https://twitter.com/Betto_Brasil/status/1633906915666214941,2023-03-09T19:05:39.000Z,O mesmo que mandou matar Celso Daniel,0,0,0,https://twitter.com/BohnGass/status/1633784893908869122
