nome,usuario,idTweet,dataPublicacao,texto,replies,retweets,likes,tweetPai
Sofia Cavedon,@sofiacavedonPT,https://twitter.com/sofiacavedonPT/status/1633638088466374659,2023-03-09T01:17:26.000Z,"Defender a vida das mulheres é uma luta de todos! Vamos juntas, juntos e juntes!",0,0,2,https://twitter.com/BohnGass/status/1633451432752951296
Margarida Salomão,@JFMargarida,https://twitter.com/JFMargarida/status/1633479207241109504,2023-03-08T14:46:06.000Z,"Obrigada pelo carinho, querido!
Viva as mulheres!",0,2,4,https://twitter.com/BohnGass/status/1633451432752951296
Sagat B,@RapperSagatB,https://twitter.com/RapperSagatB/status/1633513770298351621,2023-03-08T17:03:26.000Z,"No dia Internacional da mulher, quero parabenizar todas as mulheres do Brasil, e reforçar a importância da luta contra o feminicídio atravez dessa bela homenagem poética.🌺🌺🌺🌺🌺🌺🌺🌺🌺🌺🌺🌺🌺🌺🌺🌺🌺",0,0,0,https://twitter.com/BohnGass/status/1633451432752951296
