nome,usuario,idTweet,dataPublicacao,texto,replies,retweets,likes,tweetPai
Westbird25,@westbird25,https://twitter.com/westbird25/status/1633555558086197248,2023-03-08T19:49:29.000Z,DESGOVERNO da mentira da enganação da farsa e da FARRA com o dinheiro do Povo Brasileiro,0,0,0,https://twitter.com/AlencarBraga13/status/1633553196671959040
CeciliaSpBr...,@SpbrasilCecilia,https://twitter.com/SpbrasilCecilia/status/1633555861028360197,2023-03-08T19:50:41.000Z,"MAS AS IDOSAS PENSIONISTAS DO SERVICO PUBLICO FEDERAL ESQUECIDAS
A 7 ANOS OU MAIS
UMA MEDICA 30 ANOS DE TRABALHO RECEBE 5880.00 BRUTO ISSO É .RESPEITO??",0,0,0,https://twitter.com/AlencarBraga13/status/1633553196671959040
Marisa victorio da silva,@victorio_marisa,https://twitter.com/victorio_marisa/status/1633669054547349504,2023-03-09T03:20:29.000Z,"""Obrigatoriedade de cumprir a lei para que definitivamente ninguém ganhe menos pelo fato de ser mulher!""#8M2023 ⭐✊✔️No dia da Mulher, @LulaOficial discursa sobre Igualdade salarial entre homens e mulheres, o PL garante paridade salarial e propõe mecanismos de fiscalização.",0,0,0,https://twitter.com/AlencarBraga13/status/1633553196671959040
Marisa victorio da silva,@victorio_marisa,https://twitter.com/victorio_marisa/status/1633669576973008897,2023-03-09T03:22:33.000Z,"""Obrigatoriedade de cumprir a lei para que definitivamente ninguém ganhe menos pelo fato de ser mulher!"" - Lula.⭐✊😍✊",0,0,0,https://twitter.com/AlencarBraga13/status/1633553196671959040
