nome,usuario,idTweet,dataPublicacao,texto,replies,retweets,likes,tweetPai
BethK,@BethK32279062,https://twitter.com/BethK32279062/status/1633652227633041415,2023-03-09T02:13:37.000Z,MARIELLE VIVE,0,0,0,https://twitter.com/AlencarBraga13/status/1633507344612044800
regina lopes,@reginaclopes,https://twitter.com/reginaclopes/status/1633518789533868051,2023-03-08T17:23:23.000Z,"Quem mandou matar Marielle?
Marielle presente. Sempre.",0,0,1,https://twitter.com/AlencarBraga13/status/1633507344612044800
Érica Martins,@erikinhamagic,https://twitter.com/erikinhamagic/status/1637125101001777154,2023-03-18T16:13:35.000Z,O AMOR VENCEU ❤️,0,0,0,https://twitter.com/AlencarBraga13/status/1633507344612044800
Carla abreu #foracamposneto,@aaaa10149982,https://twitter.com/aaaa10149982/status/1633516082139914240,2023-03-08T17:12:37.000Z,🤩🤩🤩,0,0,0,https://twitter.com/AlencarBraga13/status/1633507344612044800
Jose Santos,@Josesantos1712,https://twitter.com/Josesantos1712/status/1633508799498657792,2023-03-08T16:43:41.000Z,Marielle franco presente,0,0,0,https://twitter.com/AlencarBraga13/status/1633507344612044800
UNIDOS SEM PICANHA,@JOOREGI1,https://twitter.com/JOOREGI1/status/1633810632158879744,2023-03-09T12:43:04.000Z,💩💩💩💩💩💩💩💩💩💩💩💩💩💩💩💩💩💩💩💩💩💩💩💩💩💩💩💩💩💩💩💩💩💩💩💩💩💩💩💩💩💩💩💩💩💩💩💩💩💩💩💩💩💩💩💩💩💩💩💩💩💩💩💩💩💩💩💩💩💩💩💩💩💩💩💩💩💩💩💩💩💩💩💩💩💩,0,0,0,https://twitter.com/AlencarBraga13/status/1633507344612044800
Karl Marx Pipador,@RomaoDuart,https://twitter.com/RomaoDuart/status/1633672405078908929,2023-03-09T03:33:48.000Z,São Paulo está bem representado:,0,0,0,https://twitter.com/AlencarBraga13/status/1633507344612044800
Karl Marx Pipador,@RomaoDuart,https://twitter.com/RomaoDuart/status/1633672658305929223,2023-03-09T03:34:48.000Z,"Tem outras coisas para cuidar, deputado.",0,0,0,https://twitter.com/AlencarBraga13/status/1633507344612044800
dike_neryII,@Nery_Dike,https://twitter.com/Nery_Dike/status/1633623835516837888,2023-03-09T00:20:48.000Z,"Kkkkkķkkkk que piada. Mulheres presas na colmeia sendo maltratadas como se fossem assassinas, e nada foi feito pelo molusque e pela canja. Cambada de hipócritas.",0,0,0,https://twitter.com/AlencarBraga13/status/1633507344612044800
wish,@Patrick_OM01,https://twitter.com/Patrick_OM01/status/1633512739246153736,2023-03-08T16:59:20.000Z,Deus me livre se for pra colocar nome em dia da mulher que seja da professora que morreu queimada  salvando crianças que realmente sim foi um ato heroico,0,0,0,https://twitter.com/AlencarBraga13/status/1633507344612044800
Luiz Casagrande,@luizcasagra,https://twitter.com/luizcasagra/status/1633646328306696195,2023-03-09T01:50:11.000Z,"Já em dez de 2003, a então primeira-dama do país, Marisa Letícia Lula da Silva , acompanhou a comitiva presidencial aos Emirados Árabes e também recebeu um conjunto completo de jóias de ouro, com brincos, colar, pulseira e anel por parte da Rainha Fátima. Cadê essas joias ?",0,0,0,https://twitter.com/AlencarBraga13/status/1633507344612044800
