nome,usuario,idTweet,dataPublicacao,texto,replies,retweets,likes,tweetPai
Padre João,@dep_padrejoao,https://twitter.com/dep_padrejoao/status/1633581636410306564,2023-03-08T21:33:07.000Z,A prova de mais um crime.,6,0,8,https://twitter.com/AlencarBraga13/status/1633506999332741121
BethK,@BethK32279062,https://twitter.com/BethK32279062/status/1633598966997610496,2023-03-08T22:41:59.000Z,Família Rachadinha vai acabar em Bangu,1,0,2,https://twitter.com/AlencarBraga13/status/1633506999332741121
Carlos Fernandes,@CacoFernandes,https://twitter.com/CacoFernandes/status/1633691046562414592,2023-03-09T04:47:52.000Z,E aí?,2,2,19,https://twitter.com/AlencarBraga13/status/1633506999332741121
anna Leonardo,@annaLeonardo12,https://twitter.com/annaLeonardo12/status/1633549518242476032,2023-03-08T19:25:29.000Z,Essa familicia não dá uma dentro..,3,0,2,https://twitter.com/AlencarBraga13/status/1633506999332741121
Fátima Leal,@mariade57438723,https://twitter.com/mariade57438723/status/1633508717156081679,2023-03-08T16:43:21.000Z,Os larápios bolsonaristas,2,0,4,https://twitter.com/AlencarBraga13/status/1633506999332741121
Shel,@michel_1987,https://twitter.com/michel_1987/status/1633805560217849858,2023-03-09T12:22:54.000Z,Por que senhor na explica isso aqui 👇👇👇👇👇👇🤔,0,0,0,https://twitter.com/AlencarBraga13/status/1633506999332741121
nadja gonçalves,@BurcaAzul,https://twitter.com/BurcaAzul/status/1633801357952991232,2023-03-09T12:06:12.000Z,Não diz nada,0,0,1,https://twitter.com/AlencarBraga13/status/1633506999332741121
humberto,@humbert67624818,https://twitter.com/humbert67624818/status/1633811128315723778,2023-03-09T12:45:02.000Z,"🤣🤣🤣🤣, quanta mentira. Depois vão ficar com o rabinho atrás das pernas quando forem desmentidos kkkkk",0,0,0,https://twitter.com/AlencarBraga13/status/1633506999332741121
Jose Santos,@Josesantos1712,https://twitter.com/Josesantos1712/status/1633508415283625984,2023-03-08T16:42:09.000Z,"Logo logo todos estarão fechado com Bolsonaro.
Atrás das grades inclusive",6,0,3,https://twitter.com/AlencarBraga13/status/1633506999332741121
Marcinho beija flor,@MarcioElias15,https://twitter.com/MarcioElias15/status/1633522958420287490,2023-03-08T17:39:57.000Z,Cadeia Nele..,2,0,4,https://twitter.com/AlencarBraga13/status/1633506999332741121
Bill,@SeveWander,https://twitter.com/SeveWander/status/1633676998278012930,2023-03-09T03:52:03.000Z,Cuidado kkkkk pode vira contra o feiticeiro tendeu kkkk,1,0,0,https://twitter.com/AlencarBraga13/status/1633506999332741121
Dico Nascimento,@joder_nasciment,https://twitter.com/joder_nasciment/status/1633509795415089153,2023-03-08T16:47:39.000Z,Querendo dar a famosa carteirada...,2,0,6,https://twitter.com/AlencarBraga13/status/1633506999332741121
,@JarleyLeite,https://twitter.com/JarleyLeite/status/1633622239919632387,2023-03-09T00:14:27.000Z,"Conhece esse cidadão, @Leticiland61 ? 👆👆👆",1,0,0,https://twitter.com/AlencarBraga13/status/1633506999332741121
,@neDaTuaContaNao,https://twitter.com/neDaTuaContaNao/status/1633576433388756992,2023-03-08T21:12:26.000Z,"A velha máxima da direita.
""Acuse-os de que faz.
Chame-os do que você é!""",1,0,2,https://twitter.com/AlencarBraga13/status/1633506999332741121
Drika_Inês,@drika_bernardo,https://twitter.com/drika_bernardo/status/1633507858791690240,2023-03-08T16:39:57.000Z,"Larápio, é o que essa família é formada! Conhecimento de causa!",3,1,9,https://twitter.com/AlencarBraga13/status/1633506999332741121
Fafa,@mfatimapassos,https://twitter.com/mfatimapassos/status/1633519895664275456,2023-03-08T17:27:47.000Z,"Essa Familícia, adora chamar os outros do que eles são.",1,0,4,https://twitter.com/AlencarBraga13/status/1633506999332741121
Carlos Faria Café,@cafe_faria,https://twitter.com/cafe_faria/status/1633534341450981393,2023-03-08T18:25:11.000Z,O que esperar de um deputado desqualificado igual a esse?,1,0,4,https://twitter.com/AlencarBraga13/status/1633506999332741121
Gilvan Nobrega Jr,@Nobr3gaJr,https://twitter.com/Nobr3gaJr/status/1633603547181842432,2023-03-08T23:00:11.000Z,Os deputados do PT não são larápios ?,0,0,0,https://twitter.com/AlencarBraga13/status/1633506999332741121
luiz henrique,@LuizAsgarf,https://twitter.com/LuizAsgarf/status/1633805751113097217,2023-03-09T12:23:40.000Z,"Parece que eu vi o termo incorporação.
Incorporação não seria para entrar no acervo do Estado?",1,0,4,https://twitter.com/AlencarBraga13/status/1633506999332741121
Romneygalo,@GALAODA13,https://twitter.com/GALAODA13/status/1633673427377696768,2023-03-09T03:37:51.000Z,Há vários documentos da previdência indicando que a joia seria para o acervo! Mas a primeira dama tinha todo o direito de usar! Mais engraçado é que um cofre do banco do Brasil o Lula tinha guardado vários objetos valiosos!,2,0,15,https://twitter.com/AlencarBraga13/status/1633506999332741121
Sergio Nascimento de castro,@SergioN54726779,https://twitter.com/SergioN54726779/status/1633672050047852545,2023-03-09T03:32:23.000Z,"Narrativa de um deputado de esquerda sem fundamento, para onde seria destinado o objeto?",1,0,3,https://twitter.com/AlencarBraga13/status/1633506999332741121
Sergio Nascimento de castro,@SergioN54726779,https://twitter.com/SergioN54726779/status/1633673957944483840,2023-03-09T03:39:58.000Z,"Ficou com raiva porque não vai
Dar pra lularapio encher o caminhão",0,0,3,https://twitter.com/AlencarBraga13/status/1633506999332741121
Douglas Ribeiro,@Douglasmarreta6,https://twitter.com/Douglasmarreta6/status/1634920654175887360,2023-03-12T14:13:53.000Z,Bananinha um lixo,0,0,0,https://twitter.com/AlencarBraga13/status/1633506999332741121
Mach,@nesiaomachado,https://twitter.com/nesiaomachado/status/1633609483149537285,2023-03-08T23:23:46.000Z,"Não vi nada de banana não, será que o deputado não sentou na bananinha e ela sumiu",0,0,1,https://twitter.com/AlencarBraga13/status/1633506999332741121
Tulpen - Sou parte da natureza,@holandbr,https://twitter.com/holandbr/status/1633574222369902592,2023-03-08T21:03:39.000Z,"Sempre é assim, o bandido ataca pra se defender do seu próprio crime, é  visto.",0,0,1,https://twitter.com/AlencarBraga13/status/1633506999332741121
Divino André,@DivinoAndre02,https://twitter.com/DivinoAndre02/status/1633859541501898753,2023-03-09T15:57:24.000Z,Fake news,0,0,0,https://twitter.com/AlencarBraga13/status/1633506999332741121
Rosilene Leal,@rosileneleal520,https://twitter.com/rosileneleal520/status/1633676501433327616,2023-03-09T03:50:04.000Z,Comunista além de mentiroso é...,0,0,0,https://twitter.com/AlencarBraga13/status/1633506999332741121
House Abusado,@Houseoretorno,https://twitter.com/Houseoretorno/status/1633739324284887040,2023-03-09T07:59:42.000Z,Como roubo? Se foram oferecidas são deles. Roubo é o que o lula e seus ladrões estão fazendo e vcs apoiando isso. Vcs estão com um medo danado se cagando nas calças porque sabem que quando ele regresar a coisa vai mudar e ficar feio para vcs,0,0,0,https://twitter.com/AlencarBraga13/status/1633506999332741121
Antônio Pretensão,@AlexOli03501288,https://twitter.com/AlexOli03501288/status/1633906304119914496,2023-03-09T19:03:14.000Z,Mais um espantalho do lesa pátria Lula e seu (Foro De São Paulo) no Brasil de décadas de políticas públicas Socialistas.🚨🚩✊🚩🚨😏,0,0,0,https://twitter.com/AlencarBraga13/status/1633506999332741121
Patrícia Vasconcelos,@patriciavasc20,https://twitter.com/patriciavasc20/status/1633793511714586625,2023-03-09T11:35:02.000Z,"Que legal que ele não conseguiu..
Que pena que o PT CONSEGUIU ROUBAR e o pior...foi durante 14 anos...🤡Esquerdista não tem nenhuma moral pra falar de roubo ou CORRUPÇÃO...",0,0,4,https://twitter.com/AlencarBraga13/status/1633506999332741121
Van,@VaniseBonna,https://twitter.com/VaniseBonna/status/1633688158104633346,2023-03-09T04:36:24.000Z,De novo? Já estão todos os oficios públicos. Pelo amor....,0,0,0,https://twitter.com/AlencarBraga13/status/1633506999332741121
Ricardo Thompson,@Ricardo77372069,https://twitter.com/Ricardo77372069/status/1634201245932978176,2023-03-10T14:35:13.000Z,Lula fez pior!!!,0,0,0,https://twitter.com/AlencarBraga13/status/1633506999332741121
BethK,@BethK32279062,https://twitter.com/BethK32279062/status/1633599040393732096,2023-03-08T22:42:16.000Z,Eduardo Bolsonaro só tem que explicar as RACHADINHAS,1,0,1,https://twitter.com/AlencarBraga13/status/1633506999332741121
Salve a ELETROBRAS,@Bentevibentivi,https://twitter.com/Bentevibentivi/status/1633587364021915648,2023-03-08T21:55:52.000Z,Meus Deus! Estão esperando o que pra esses milicianos estarem presos? Ladrões da Pátria! Reestatizem tudo! #lulareestatizaeletrobrasjá @LulaOficial @MPF_PGR @ThiagoResiste,2,0,2,https://twitter.com/AlencarBraga13/status/1633506999332741121
Sergio Adriano Marchi,@SergioAdrianoM5,https://twitter.com/SergioAdrianoM5/status/1633764444168757249,2023-03-09T09:39:32.000Z,FAKE NEWS o petista vagabundo mentiroso. Você é um político ladrão corrupto.,0,0,0,https://twitter.com/AlencarBraga13/status/1633506999332741121
isaias De Araujo Silva,@isaias4721,https://twitter.com/isaias4721/status/1633915168211058695,2023-03-09T19:38:27.000Z,"PT é a escória da política, que por si já sao um monte de desisnestos.
Vamos deixar as apurações vir. Bolsonaro estará vindo dos EUA para desvendar esse embrolio",0,0,0,https://twitter.com/AlencarBraga13/status/1633506999332741121
Adriana Cavalcante,@Adriana19249936,https://twitter.com/Adriana19249936/status/1633970198490279936,2023-03-09T23:17:07.000Z,"Vcs são Larápios, corruptos, envergonham nosso país, são aplaudidos por miseráveis,  enganam a população e vivem vidas nababescas, noja, ranço e muita revolta, falta de caráter de políticos deste país, onde o crime compensa e tem fãs....",0,0,0,https://twitter.com/AlencarBraga13/status/1633506999332741121
Sil_vana,@Silvana_Lin1,https://twitter.com/Silvana_Lin1/status/1633725283864829952,2023-03-09T07:03:55.000Z,"Alô,  @BolsonaroSP @jairbolsonaro , cabe um belo processo aqui por calúnia e difamação!!!!!",0,0,0,https://twitter.com/AlencarBraga13/status/1633506999332741121
Aninha,@Aninha83232354,https://twitter.com/Aninha83232354/status/1633985209786855428,2023-03-10T00:16:46.000Z,"Engraçado deveria de ficar calado  esse partido de esquerda você olha de lado olha pro outro jorra corrupção  maioria população já não aguenta mais e vcs preocupado com jóias o passado e o presente desse  governo está um desastre , Deus salve o Brasil 🙏",0,0,0,https://twitter.com/AlencarBraga13/status/1633506999332741121
Graça Ceppa,@ceppa_graca,https://twitter.com/ceppa_graca/status/1633530534235127808,2023-03-08T18:10:03.000Z,"Cadeia para #LulaLadrao.
Roubou o Brasil com mensalão  e Petrolão e ainda é Presidente . Só no Brasil que políticos bandidos são soltos e inocentes estão presos na Colmeia sem inquérito #ForaLuladraoBandidoCorrupto",1,0,2,https://twitter.com/AlencarBraga13/status/1633506999332741121
Jonatas Morais,@Jonatas17956118,https://twitter.com/Jonatas17956118/status/1633824062202937344,2023-03-09T13:36:26.000Z,😂ULA😂ARAPIO😂OROTA😂UDIBRIADOR😂ASCADO😂ADRÃO😂😂😂😂😂😂😂😂😂😂😂😂,0,0,0,https://twitter.com/AlencarBraga13/status/1633506999332741121
Aparecida Rodrigues,@zinzorodrigues,https://twitter.com/zinzorodrigues/status/1633648496174678018,2023-03-09T01:58:47.000Z,Não vejo a hora de ver essa familicia na cadeia,1,0,0,https://twitter.com/AlencarBraga13/status/1633506999332741121
Niel,@daniell_rey,https://twitter.com/daniell_rey/status/1633572611811684352,2023-03-08T20:57:15.000Z,"Deus, Pátria e Família.",2,0,0,https://twitter.com/AlencarBraga13/status/1633506999332741121
lu lima,@lu_595,https://twitter.com/lu_595/status/1633881774060077086,2023-03-09T17:25:45.000Z,Resumo: Lula é ladrão.,0,0,0,https://twitter.com/AlencarBraga13/status/1633506999332741121
Cavaleiro do Apocalipse,@JosdaSil4,https://twitter.com/JosdaSil4/status/1633667451769565188,2023-03-09T03:14:07.000Z,Hipocritas.. Fariseus... haverá choro e ranger de dentes.....,0,8,14,https://twitter.com/AlencarBraga13/status/1633506999332741121
Rosemeire Moura,@RosemeireMour13,https://twitter.com/RosemeireMour13/status/1633615961025544193,2023-03-08T23:49:30.000Z,Melhor bananinha do que bandidinho.,0,0,0,https://twitter.com/AlencarBraga13/status/1633506999332741121
Rosemeire Moura,@RosemeireMour13,https://twitter.com/RosemeireMour13/status/1633616205675220992,2023-03-08T23:50:29.000Z,Pare de ser idiota esta fala não diz nada com nada .,0,0,0,https://twitter.com/AlencarBraga13/status/1633506999332741121
Rosemeire Moura,@RosemeireMour13,https://twitter.com/RosemeireMour13/status/1633616714431692802,2023-03-08T23:52:30.000Z,Esta e a prova kkkkkkkkkkk procurando chifre em cabeça de cavalo.,0,0,0,https://twitter.com/AlencarBraga13/status/1633506999332741121
Rosemeire Moura,@RosemeireMour13,https://twitter.com/RosemeireMour13/status/1633616875715280900,2023-03-08T23:53:08.000Z,Ridículo e esta a prova kkkkkkkk,0,0,0,https://twitter.com/AlencarBraga13/status/1633506999332741121
marisa,@Marisa50269906,https://twitter.com/Marisa50269906/status/1633827282090598408,2023-03-09T13:49:13.000Z,"Já eram pra estarem presos ,olhem quantos ladrões esse Bolsonaro tem,muitos e muitas ladras",0,0,0,https://twitter.com/AlencarBraga13/status/1633506999332741121
RaquelLLu,@RaquelS25242921,https://twitter.com/RaquelS25242921/status/1633811584974716928,2023-03-09T12:46:51.000Z,Por isso ele estava recluso. Pensando nas sujeiras dele que iaM  aparecer. Ser Servidor Federal efetivo é uma benção. Você pode denunciar e se recusar a participar de maracutaia e não ser demitido. Diferente se fossem terceirizados. NUNCA PODEM MEXER COM NOSSA ESTABILIDADE,0,0,0,https://twitter.com/AlencarBraga13/status/1633506999332741121
Fatima Neto,@FatimaNeto19,https://twitter.com/FatimaNeto19/status/1633798699611574279,2023-03-09T11:55:39.000Z,Bolsonaro Ladrão e Corrupto.,0,0,0,https://twitter.com/AlencarBraga13/status/1633506999332741121
horjana prakseda,@PHorjana,https://twitter.com/PHorjana/status/1633745798822232066,2023-03-09T08:25:26.000Z,"Assisti ontem à sessão da Câmara. Resumindo, NINGUÉM TRABALHA !",0,0,0,https://twitter.com/AlencarBraga13/status/1633506999332741121
Daniel Bravo,@daniellbravo,https://twitter.com/daniellbravo/status/1633760939777437697,2023-03-09T09:25:36.000Z,"A revolta de vocês é devido a forma como tudo transcorreu? Na conversa falam em documentos oficiais, bem diferente de outrora quando os bens eram apreendidos na cueca. 🤦🏻‍♂️",0,0,0,https://twitter.com/AlencarBraga13/status/1633506999332741121
Larissa,@larasr2009,https://twitter.com/larasr2009/status/1633820479101317123,2023-03-09T13:22:11.000Z,Bolsonaro corrupto#BolsonaroNaCadeia,0,0,0,https://twitter.com/AlencarBraga13/status/1633506999332741121
CLAUDINEI SERGIO SOU BRASIL,@claudineijipa38,https://twitter.com/claudineijipa38/status/1633853784140001281,2023-03-09T15:34:32.000Z,"estão igualzinho os esquerdistas Petistas ja , mais é assim , no brasil o que derruba uma quadrilha é só outra quadrilha , porque justição não existe , na verdade a justiçã protege uma quadrilha ou a outra, mais são todos bandidos",0,0,0,https://twitter.com/AlencarBraga13/status/1633506999332741121
Luciana N H,@heringer_n,https://twitter.com/heringer_n/status/1633569396072259590,2023-03-08T20:44:28.000Z,Imbecilidade,0,0,2,https://twitter.com/AlencarBraga13/status/1633506999332741121
Cicero Barros,@Med176,https://twitter.com/Med176/status/1633842367492132873,2023-03-09T14:49:10.000Z,O desespero da quadrilha para liberar as jóias milionária era grande.🤣🤣🤣🤣👇👇,0,0,0,https://twitter.com/AlencarBraga13/status/1633506999332741121
Pedro Prieto,@Pprieto2Prieto,https://twitter.com/Pprieto2Prieto/status/1634915175105953792,2023-03-12T13:52:07.000Z,@LulaOficial @Glauber_Braga @Haddad_Fernando @gleisi @FlavioDino salvem os trabalhadores da Eletrobrás que foi vendida para ajudar na reeleição do pilantra miliciano é um crime de Lesa Pátria,0,0,0,https://twitter.com/AlencarBraga13/status/1633506999332741121
Ana Cláudia,@rodolfo_claudia,https://twitter.com/rodolfo_claudia/status/1633525411014426625,2023-03-08T17:49:42.000Z,"Deputado nem vou dizer que esse ser é uma piada,por que piada nos traz alegria.Agora se as pessoas começarem a prestar a atenção nele e nos apoiadores do ser,verão que eles estão retratando o governo que apoiam.",3,0,5,https://twitter.com/AlencarBraga13/status/1633506999332741121
Marisa victorio da silva,@victorio_marisa,https://twitter.com/victorio_marisa/status/1633523845595267073,2023-03-08T17:43:28.000Z,queriam roubar e não conseguiram graças a servidores públicos da Receita Federal em Guarulhos.,1,0,7,https://twitter.com/AlencarBraga13/status/1633506999332741121
Luiz Casagrande,@luizcasagra,https://twitter.com/luizcasagra/status/1633539836312182799,2023-03-08T18:47:01.000Z,"SÃO PAULO, SP (FOLHAPRESS) - O ex-presidente Lula afirmou a parlamentares do PSOL com quem se reuniu no Rio que o relógio Piaget (80 mil) que aparece em uma foto dele na internet foi um presente que ganhou quando ainda era presidente. Esse relógio passou na alfandega ?",1,0,0,https://twitter.com/AlencarBraga13/status/1633506999332741121
Marisa victorio da silva,@victorio_marisa,https://twitter.com/victorio_marisa/status/1633523489972838408,2023-03-08T17:42:04.000Z,Não conseguiram graças  a servidores públicos da Receita Federal em Guarulhos SP ✔️Ontem o Bananinha deu xilique na Câmara e chamou deputados de esquerda de larápios. Menos de 24 horas depois apareceu vídeo do assessor de Bolsonaro tentando recuperar as jóias que eles +,1,0,2,https://twitter.com/AlencarBraga13/status/1633506999332741121
