nome,usuario,idTweet,dataPublicacao,texto,replies,retweets,likes,tweetPai
ᘜIᗷᗩᒍᖇ ᖇᗴᑕIᖴᗴ,@MenezeGilberto,https://twitter.com/MenezeGilberto/status/1633456634117738496,2023-03-08T13:16:24.000Z,Mulher significa vida e prosperidade …parabéns às mulheres a minha mãe Dona socorro que faz aniversário hoje .,0,0,0,https://twitter.com/AlencarBraga13/status/1633439864392757250
Marisa victorio da silva,@victorio_marisa,https://twitter.com/victorio_marisa/status/1633444571421048832,2023-03-08T12:28:28.000Z,"#respeitoprasmulheres😍✊ pelo fim do machismo, da misoginia e da exploração #8M ⭐✊ só teremos um Brasil melhor com respeito às Mulheres! #DiaInternacionalDaMulher 😍✊ 8 de março - todo dia! 
 #respeito 😍✊ todo dia! ✔️Pelo fim do machismo, da misoginia e da exploração.
+",0,0,0,https://twitter.com/AlencarBraga13/status/1633439864392757250
Marisa victorio da silva,@victorio_marisa,https://twitter.com/victorio_marisa/status/1633444755806855171,2023-03-08T12:29:12.000Z,"Só teremos um Brasil melhor com respeito às mulheres!

8 de Março - Dia Internacional da Mulher⭐✊😍✊",0,0,0,https://twitter.com/AlencarBraga13/status/1633439864392757250
