nome,usuario,idTweet,dataPublicacao,texto,replies,retweets,likes,tweetPai
FIES SEM TETO @fiessemteto,FIES SEM TETO @fiessemteto,https://twitter.com/fiessemteto/status/1633786593688289282,2023-03-09T11:07:32.000Z,"VOLTEM COM O FIES 100%
VOLTEM COM O FIES 100% 
VOLTEM COM O FIES 100% 
VOLTEM COM O FIES 100% 
VOLTEM COM O FIES 100% 
VOLTEM COM O FIES 100% 
É URGENTE ⚠️🚨 BAIXA RENDA NÃO FAZ FIES. O FIES ESTÁ INJUSTO E EXCLUDENTE 🚨⚠️#FIESSEMTETO",0,0,0,https://twitter.com/AlencarBraga13/status/1633462614855491584
Marisa victorio da silva,@victorio_marisa,https://twitter.com/victorio_marisa/status/1633475679915331585,2023-03-08T14:32:05.000Z,"Confira uma série de políticas públicas integradas para as mulheres ➡️                                        ✔️O Dia Internacional das mulheres simboliza a história e luta de todas as mulheres por respeito, contra a violência e as mais diferentes formas de preconceito.   +",0,0,0,https://twitter.com/AlencarBraga13/status/1633462614855491584
Marisa victorio da silva,@victorio_marisa,https://twitter.com/victorio_marisa/status/1633475861989998594,2023-03-08T14:32:48.000Z,"O Governo Federal respeita, cuida e celebra todas as brasileiras! Confira uma série de políticas públicas integradas para as mulheres ➡️😍✊⭐✊",0,0,0,https://twitter.com/AlencarBraga13/status/1633462614855491584
