nome,usuario,idTweet,dataPublicacao,texto,replies,retweets,likes,tweetPai
Adriana Ventura,@adriventurasp,https://twitter.com/adriventurasp/status/1633148869700644876,2023-03-07T16:53:27.000Z,@Oficialluizlima @deltanmd @Maubmarcon @gilson__marques,1,3,39,https://twitter.com/adriventurasp/status/1633148867968397313
Weliton Oliveira,@WelitonInfo,https://twitter.com/WelitonInfo/status/1633465398275211264,2023-03-08T13:51:13.000Z,Essa é a nossa situação na bahia @adriventurasp,0,0,0,https://twitter.com/adriventurasp/status/1633148867968397313
GabyMalves,@GabyMalves,https://twitter.com/GabyMalves/status/1633162054163918873,2023-03-07T17:45:51.000Z,Deita na cama porque sentada vc vai cansar.,0,0,4,https://twitter.com/adriventurasp/status/1633148867968397313
Elen Torres,@ElenTorres10,https://twitter.com/ElenTorres10/status/1633154404344819715,2023-03-07T17:15:27.000Z,Parabéns pela iniciativa!,0,0,6,https://twitter.com/adriventurasp/status/1633148867968397313
Priscila Freire,@Priscil58400138,https://twitter.com/Priscil58400138/status/1633150761377955840,2023-03-07T17:00:58.000Z,"Lula não vai tomar nenhuma medida ,o MST é parceirão dele ,e eles tem o salve geral liberado do papai",1,0,3,https://twitter.com/adriventurasp/status/1633148867968397313
Bertely,@Beth5antos,https://twitter.com/Beth5antos/status/1633438202403991553,2023-03-08T12:03:09.000Z,Apresente requerimento convocando o ministro a prestar esclarecimentos na Câmara.,0,0,0,https://twitter.com/adriventurasp/status/1633148867968397313
ClaudioX,@cau_fla,https://twitter.com/cau_fla/status/1633163942984818688,2023-03-07T17:53:21.000Z,"O larápio é ""irmão"" desse bandido, desde 1997...",0,0,0,https://twitter.com/adriventurasp/status/1633148867968397313
julio coutinho,@jclagreca,https://twitter.com/jclagreca/status/1633282516730757121,2023-03-08T01:44:31.000Z,Todos roubam e ficam impunes.,0,0,0,https://twitter.com/adriventurasp/status/1633148867968397313
Gisele,@nutri1_gimaria,https://twitter.com/nutri1_gimaria/status/1633240195381317632,2023-03-07T22:56:21.000Z,Gostaria de saber com que moral esse senhor vai tomar providências!! Baseado nas próprias referências e currículo fico imaginando a conversa dele com o Jucelino da FAB e com o MST!!,0,0,1,https://twitter.com/adriventurasp/status/1633148867968397313
Fred Pereira,@FredPer72881165,https://twitter.com/FredPer72881165/status/1633169588530696195,2023-03-07T18:15:47.000Z,Requerimento para Inglês vê??? Se quiser pergunte no pré primeiro que os meninos respondem.,0,0,1,https://twitter.com/adriventurasp/status/1633148867968397313
Farid Libos Junior,@FaridLibos,https://twitter.com/FaridLibos/status/1633481943936368640,2023-03-08T14:56:58.000Z,Escola do PT,0,0,0,https://twitter.com/adriventurasp/status/1633148867968397313
Waldir Aroche,@aroche_nh,https://twitter.com/aroche_nh/status/1633574809928908803,2023-03-08T21:05:59.000Z,Eu sou mto conservador. Acho que invasão de propriedade privada se resolve na bala!,0,0,0,https://twitter.com/adriventurasp/status/1633148867968397313
Edmar,@Edmar_Piona,https://twitter.com/Edmar_Piona/status/1633161563656912896,2023-03-07T17:43:54.000Z,"Nem direita nem esquerda, fez errado tem q ser enquadrado na lei e ser punido, o país tá uma bagunça, sem exemplos, parece q temos 2 times políticos e uma rivalidade q deixa todos cegos, fanáticos, inconsequentes etc, enquanto o país vai para o buraco.",0,0,7,https://twitter.com/adriventurasp/status/1633148867968397313
Bruna Bertagnolli,@BrunaBertagn,https://twitter.com/BrunaBertagn/status/1633264760845156354,2023-03-08T00:33:58.000Z,👏🏻👏🏻👏🏻👏🏻👏🏻,0,0,0,https://twitter.com/adriventurasp/status/1633148867968397313
Palmeiras _1942,@1942_palmeiras,https://twitter.com/1942_palmeiras/status/1633156750063857664,2023-03-07T17:24:46.000Z,"E qual a novidade nisso? A senhora acha que ele vive de que? Quem vive de terra é minhoca
Como eu disse, se investigar o Rainha, dá para dar terra para toda reforma agrária e ainda sobra 
Fora o dinheiro",1,0,2,https://twitter.com/adriventurasp/status/1633148867968397313
IsadoraD,@IsadoraD4,https://twitter.com/IsadoraD4/status/1633461677126725639,2023-03-08T13:36:26.000Z,@JanjaLula @2022_moro @nikolas_dm,0,0,0,https://twitter.com/adriventurasp/status/1633148867968397313
Edson Hottum,@EdsonHottum,https://twitter.com/EdsonHottum/status/1633220437118205952,2023-03-07T21:37:50.000Z,Imagino que a única medida possível a ser tomada por Lula será exigir no minimo 10% desses 2 milhões.,1,0,3,https://twitter.com/adriventurasp/status/1633148867968397313
Joker,@DanielM07_SC,https://twitter.com/DanielM07_SC/status/1633405883819368454,2023-03-08T09:54:44.000Z,Oiaaaa achei que queria “prantar”… mais quer eh extorquir…. Fofinhos o mst,0,0,0,https://twitter.com/adriventurasp/status/1633148867968397313
Nicolau Sarquis,@NicolauSarquis,https://twitter.com/NicolauSarquis/status/1633827153732304900,2023-03-09T13:48:43.000Z,"Adriana, não vi seu pedido de cassaçao do deputado que cometeu crime ontem no plenário.",0,0,0,https://twitter.com/adriventurasp/status/1633148867968397313
PAULO AJUZ,@AjuzPaulo,https://twitter.com/AjuzPaulo/status/1633230366080212992,2023-03-07T22:17:17.000Z,ORCRIM 😡,0,0,0,https://twitter.com/adriventurasp/status/1633148867968397313
Luiz Antonio GUINSKI,@guinski_one,https://twitter.com/guinski_one/status/1633193531094204420,2023-03-07T19:50:55.000Z,Eu sempre me pergunto que poder tem um político eleito por meio do voto obrigatório.,0,0,0,https://twitter.com/adriventurasp/status/1633148867968397313
Luciano,@Luciano86349777,https://twitter.com/Luciano86349777/status/1633155973144539148,2023-03-07T17:21:41.000Z,Nada será feito,0,0,1,https://twitter.com/adriventurasp/status/1633148867968397313
Fernando Lemos da Silva Lemos,@FelesLemosd3,https://twitter.com/FelesLemosd3/status/1633403307266826244,2023-03-08T09:44:30.000Z,"Partido Novo, né?? cei.....",0,0,0,https://twitter.com/adriventurasp/status/1633148867968397313
VICTOR VITÓRIA,@VICTORVITRIA2,https://twitter.com/VICTORVITRIA2/status/1633254900661362688,2023-03-07T23:54:47.000Z,$2mi dá pra se defender muito bem ! 😏💥💥💥,0,0,0,https://twitter.com/adriventurasp/status/1633148867968397313
Workaholic202,@_FreeCapital_,https://twitter.com/_FreeCapital_/status/1634533264453951488,2023-03-11T12:34:33.000Z,Você finge que isso realmente vai fazer algo e a gente finge que acredita.,0,0,0,https://twitter.com/adriventurasp/status/1633148867968397313
iurk,@iurk,https://twitter.com/iurk/status/1633257147550031874,2023-03-08T00:03:43.000Z,E as provas?,0,0,0,https://twitter.com/adriventurasp/status/1633148867968397313
Carlos A F Andrade,@poder_quarto,https://twitter.com/poder_quarto/status/1633415937050259456,2023-03-08T10:34:41.000Z,"Será que o ""CAuKE"" não fazia o mesmo? Poderia investigar",0,0,0,https://twitter.com/adriventurasp/status/1633148867968397313
silveira,@silveira60,https://twitter.com/silveira60/status/1633172022665568258,2023-03-07T18:25:27.000Z,Não adianta esperar nenhuma medida desse Desgoverno,0,0,1,https://twitter.com/adriventurasp/status/1633148867968397313
Rubio,@rubiocmoreira,https://twitter.com/rubiocmoreira/status/1633436438950731776,2023-03-08T11:56:09.000Z,"Ninguém vai falar da ""proteção"" do STF?
Barroso está  legislando sobre o assunto.
Parece que há até previsão de uma ""COMISSÃO"", a fim de estabelecer prazo sair após a invasão. Pode isso?
Agora, já se sabe a que se refere tal ""comissão""",0,0,2,https://twitter.com/adriventurasp/status/1633148867968397313
JujuMiliterno,@judithforjaz,https://twitter.com/judithforjaz/status/1633149549517631489,2023-03-07T16:56:09.000Z,Affff pois se ele e o CHEF de toda essa bagunça q está o BRASIL,0,0,2,https://twitter.com/adriventurasp/status/1633148867968397313
Dirceu Pinheiro,@DirceuRP30,https://twitter.com/DirceuRP30/status/1633167610400448515,2023-03-07T18:07:55.000Z,"Sim, pq esses requerimentos de informações já foram muito úteis no passado recente.",0,0,1,https://twitter.com/adriventurasp/status/1633148867968397313
Ana Claudia Stringhini,@AnaStringhini,https://twitter.com/AnaStringhini/status/1633152222715342850,2023-03-07T17:06:47.000Z,#vaipracima,0,0,0,https://twitter.com/adriventurasp/status/1633148867968397313
Neia De Lazzari,@NeiaLazzari,https://twitter.com/NeiaLazzari/status/1633181973794500608,2023-03-07T19:05:00.000Z,"Cria de bandido é assim, né...",0,0,1,https://twitter.com/adriventurasp/status/1633148867968397313
Mara,@Mara18911880,https://twitter.com/Mara18911880/status/1633149439278739456,2023-03-07T16:55:43.000Z,"Nenhuma.
Rainha ainda é amicelo",0,0,0,https://twitter.com/adriventurasp/status/1633148867968397313
elis criminalização do comunismo já,@elisteresinha,https://twitter.com/elisteresinha/status/1633510834549792786,2023-03-08T16:51:46.000Z,crimnalização do comunismo já fora petralhada corrupta,0,0,0,https://twitter.com/adriventurasp/status/1633148867968397313
Alessandro Leal,@Alessan43553490,https://twitter.com/Alessan43553490/status/1633170387335823360,2023-03-07T18:18:57.000Z,"Como assim, devolver a fazenda  aí proprietário? Chamar a banda  pau e choque  para resolver o caso",0,0,0,https://twitter.com/adriventurasp/status/1633148867968397313
Luiz Flo,@flo_luiz,https://twitter.com/flo_luiz/status/1633174748522766336,2023-03-07T18:36:17.000Z,Padrão !,0,0,0,https://twitter.com/adriventurasp/status/1633148867968397313
Walter Henrique Bernardelli,@whbernardelli,https://twitter.com/whbernardelli/status/1633453156960030721,2023-03-08T13:02:35.000Z,Lula e corriola irá aplaudir esse bandido!,0,0,0,https://twitter.com/adriventurasp/status/1633148867968397313
Scaquiles#200+,@sebasti75948309,https://twitter.com/sebasti75948309/status/1634081310674173952,2023-03-10T06:38:38.000Z,Nepotismo na cara dura e ninguém faz nada pra impedir. Só criticar não resolve. Bandido e corrupto não liga pra críticas.,0,0,0,https://twitter.com/adriventurasp/status/1633148867968397313
Rico Mäder #shineyournature #disque180,@ricovmader,https://twitter.com/ricovmader/status/1633231441021530118,2023-03-07T22:21:34.000Z,MARAVILHA!!!! Ação sem descanso para essa narco corja #clePTocrata da tornoseleira hipócrita jurídica sindicalista nacional,0,0,0,https://twitter.com/adriventurasp/status/1633148867968397313
Fez o L? Votou nulo? Agora chora!!!,@Robianchi79,https://twitter.com/Robianchi79/status/1633149577682362371,2023-03-07T16:56:16.000Z,Este é o mesmo método p retirar as assinaturas da CPMI! Cambada de lixos!,0,1,2,https://twitter.com/adriventurasp/status/1633148867968397313
Thalles,@Thalles40997686,https://twitter.com/Thalles40997686/status/1634181187932389378,2023-03-10T13:15:31.000Z,"PT organização criminosa 
MST organização criminosa #BrazilWasStolenDitadura do judiciário #esquerdacriminosa",0,0,0,https://twitter.com/adriventurasp/status/1633148867968397313
Alan Santos,@alansan79865485,https://twitter.com/alansan79865485/status/1633165245202984986,2023-03-07T17:58:31.000Z,"É sério isso?, louvável sua atitude, pois o ministro como autoridade tem o dever de tomar medidas a altura do problema, mas nós sabemos que esse governo apoia essa célula terrorista, inclusive é um dos financiadores dos atos dos mesmos, sendo assim eu não espero nada",0,0,0,https://twitter.com/adriventurasp/status/1633148867968397313
Flavio Evangelista,@Fevangelista60,https://twitter.com/Fevangelista60/status/1633417834834345988,2023-03-08T10:42:13.000Z,"Parabéns pela iniciativa,  deputado.",0,0,0,https://twitter.com/adriventurasp/status/1633148867968397313
Jaca Paladium,@DfVozdaRua,https://twitter.com/DfVozdaRua/status/1633197673703514113,2023-03-07T20:07:23.000Z,E as joias 💎 💍? Não vai criar um powerpoint para explicar didaticamente o que aconteceu?,0,0,1,https://twitter.com/adriventurasp/status/1633148867968397313
