nome,usuario,idTweet,dataPublicacao,texto,replies,retweets,likes,tweetPai
Marli Dondoka,@DondokaMarli,https://twitter.com/DondokaMarli/status/1647712736875368455,2023-04-16T21:25:04.000Z,"Acho que vc esta falando da pessoa errada, o maior l@dr@o e c0rrupt0 da história é  o lul@",0,0,0,https://twitter.com/AlencarBraga13/status/1634298081549090818
Dulce Azambuja,@DulceAzambuja1,https://twitter.com/DulceAzambuja1/status/1634521017702817799,2023-03-11T11:45:53.000Z,"Narrativa esquerdopata corruPTa , de mira no espelho , distorce a imagem e projeta em Bolsonaro , a imagem do Lulaláprio … Lugar do Luladrão é na PRISÃO 🤬🤬🤬🤬",0,0,0,https://twitter.com/AlencarBraga13/status/1634298081549090818
MRC,@MRC1738,https://twitter.com/MRC1738/status/1634366172345901058,2023-03-11T01:30:35.000Z,#LULAGENOCIDA,0,0,0,https://twitter.com/AlencarBraga13/status/1634298081549090818
Marisa victorio da silva,@victorio_marisa,https://twitter.com/victorio_marisa/status/1634315355022655488,2023-03-10T22:08:39.000Z,"#BolsonaroLadrão🤡 acumula escândalos de corrupção  (fez o povo sofrer muito) ✔️Jair Bolsonaro: o maior corrupto da história do Brasil. 
Nesse vídeo, uma amostra do que o ladrão, genocida e arregão acumula  de escândalos de corrupção nos últimos anos.",0,0,0,https://twitter.com/AlencarBraga13/status/1634298081549090818
