nome,usuario,idTweet,dataPublicacao,texto,replies,retweets,likes,tweetPai
Zorro47,@NeyLeite9,https://twitter.com/NeyLeite9/status/1634450862700363776,2023-03-11T07:07:06.000Z,Resolução feita nas Nárdegas...,0,0,0,https://twitter.com/BohnGass/status/1634307263862120449
Umbrios,@umbrios,https://twitter.com/umbrios/status/1634321075105349632,2023-03-10T22:31:23.000Z,Primeira vez que  vejo pesquisa de twitter  com mais de 5 votos e em 0/100%,0,0,0,https://twitter.com/BohnGass/status/1634307263862120449
Cláudia Mendes,@CludiaM45459949,https://twitter.com/CludiaM45459949/status/1634321222463807491,2023-03-10T22:31:58.000Z,Ministro Nardes quer q as  joias fique de herança pros filhos de bozo,0,0,0,https://twitter.com/BohnGass/status/1634307263862120449
MW,@mariolosmaier,https://twitter.com/mariolosmaier/status/1634309561543716876,2023-03-10T21:45:38.000Z,"Este Nardes é o mesmo aqueles dos áudios a favor da depredação dos três poderes de 8 janeiro 2023, que apoiou abertamente os deliquentes do Bozofascismo?",0,0,0,https://twitter.com/BohnGass/status/1634307263862120449
Claudia 13,@clauregsil,https://twitter.com/clauregsil/status/1634327529874939904,2023-03-10T22:57:02.000Z,Esse Nardes nem devia estar no TCU mais. Golpista!,0,0,0,https://twitter.com/BohnGass/status/1634307263862120449
