nome,usuario,idTweet,dataPublicacao,texto,replies,retweets,likes,tweetPai
Madru Tinho,@TinhoMadru,https://twitter.com/TinhoMadru/status/1634582060672204800,2023-03-11T15:48:26.000Z,Nomes das fazendas e dos donos,1,0,0,https://twitter.com/BohnGass/status/1634576650930208768
Bohn Gass,@BohnGass,https://twitter.com/BohnGass/status/1634669153515700224,2023-03-11T21:34:31.000Z,Ainda não foram divulgados.,0,0,0,https://twitter.com/BohnGass/status/1634576650930208768
ABI,@ABII32561483,https://twitter.com/ABII32561483/status/1634631309267009536,2023-03-11T19:04:08.000Z,"Não pode deixar um folgado como o tal @filipebarrost ficar falando mentira em rede nacional, quem não tem moral para falar de corrupção é ele, não teve uma única ""prova"" contra o Lulla, o ""presidente"" do partido dele, do PL, é um condenado a mais de 9 anos por corrupção",1,0,0,https://twitter.com/BohnGass/status/1634576650930208768
Adriana,@Darianalemos,https://twitter.com/Darianalemos/status/1634580525896671232,2023-03-11T15:42:21.000Z,Reforma agrária sem direito a indenização.,0,0,0,https://twitter.com/BohnGass/status/1634576650930208768
Sgt_Pimenta 4 - URSAL - Anjo Subversivo!,@Sgt_Pimenta4,https://twitter.com/Sgt_Pimenta4/status/1634578457840451585,2023-03-11T15:34:08.000Z,"Quer a solução?
Testada pela resistência negra aos colonizadores .

Duvido que qdo esse método começar a ser aplicado pelos trabalhadores escravizados, isso para.",0,0,2,https://twitter.com/BohnGass/status/1634576650930208768
Joao Carlos,@Joao_Papel_Jac,https://twitter.com/Joao_Papel_Jac/status/1634612072158752768,2023-03-11T17:47:42.000Z,"Caraca, que absurdo, mais e mais trabalho escravo.",0,0,1,https://twitter.com/BohnGass/status/1634576650930208768
Lúcia,@LuciaLeitao2021,https://twitter.com/LuciaLeitao2021/status/1634610671387045888,2023-03-11T17:42:08.000Z,"O RS vai mal, não? Que pena.",0,0,0,https://twitter.com/BohnGass/status/1634576650930208768
MÁRIO MAGALHÃES,@MARIOSA59048622,https://twitter.com/MARIOSA59048622/status/1634624475172839426,2023-03-11T18:36:59.000Z,Triste ver quer existência desse tipo de trabalho,0,0,1,https://twitter.com/BohnGass/status/1634576650930208768
Paola,@PAOLA12665600,https://twitter.com/PAOLA12665600/status/1634576994720415744,2023-03-11T15:28:19.000Z,"S o.s amigos nosso abrigo precisa de ajuda  Estamos sem ração e devendo da semana passada e para pedir novamente temos que pagar no mínimo 30% do total. Além da ração temos muitas necessidades urgentes  qualquer valor ajuda muito
Pix 41996768866",0,1,2,https://twitter.com/BohnGass/status/1634576650930208768
