nome,usuario,idTweet,dataPublicacao,texto,replies,retweets,likes,tweetPai
Dulce Azambuja,@DulceAzambuja1,https://twitter.com/DulceAzambuja1/status/1634640469081698305,2023-03-11T19:40:32.000Z,Cês tão morrendo de saudades dêle … eu também … MITO. MITO. MITO 🙏🇧🇷🗽,0,0,0,https://twitter.com/AlencarBraga13/status/1634541202111430657
Deise Cristina Siqueli,@DSiqueli,https://twitter.com/DSiqueli/status/1634545450396053504,2023-03-11T13:22:58.000Z,A PF ainda estuda pedir a prisão de Bolsonaro? O que mais precisa acontecer ou vir à tona? Já passou da hora!#BolsonaroNaCadeia,0,0,0,https://twitter.com/AlencarBraga13/status/1634541202111430657
Janaína Santos,@JanaSantosjaism,https://twitter.com/JanaSantosjaism/status/1634680336826204161,2023-03-11T22:18:57.000Z,#BolsonaroNaCadeia,0,0,0,https://twitter.com/AlencarBraga13/status/1634541202111430657
BethK,@BethK32279062,https://twitter.com/BethK32279062/status/1634673522298482688,2023-03-11T21:51:53.000Z,BOLSONARO COVARDE E FUJÃO NA PRISÃO,0,0,0,https://twitter.com/AlencarBraga13/status/1634541202111430657
Westbird25,@westbird25,https://twitter.com/westbird25/status/1634557514523070466,2023-03-11T14:10:54.000Z,"CHAME-O DO QUE VOCÊ É, ACUSE-O DO QUE VOCÊ FAZ.",0,0,0,https://twitter.com/AlencarBraga13/status/1634541202111430657
celso andré de souza,@celsoandrdesou1,https://twitter.com/celsoandrdesou1/status/1634608141517090817,2023-03-11T17:32:05.000Z,Qual o crime? Não esquece que o maior ladrão está governando !,0,0,0,https://twitter.com/AlencarBraga13/status/1634541202111430657
Elmano Brito,@Elmano_Brito,https://twitter.com/Elmano_Brito/status/1634602883747307521,2023-03-11T17:11:11.000Z,Crime de estar em outro país?,0,0,0,https://twitter.com/AlencarBraga13/status/1634541202111430657
Erick Santos,@Erick_Mcp,https://twitter.com/Erick_Mcp/status/1634909970419310592,2023-03-12T13:31:26.000Z,Só lembrando aos corruptos ladrões.,0,0,0,https://twitter.com/AlencarBraga13/status/1634541202111430657
Tai,@TaisaAdv,https://twitter.com/TaisaAdv/status/1634604037260673024,2023-03-11T17:15:46.000Z,"Você já ajudou alguém hoje?
Ajude Dayara a vencer o câncer de mama!
Abrace essa campanha para a vida!",0,0,0,https://twitter.com/AlencarBraga13/status/1634541202111430657
Marisa victorio da silva,@victorio_marisa,https://twitter.com/victorio_marisa/status/1634560372697886720,2023-03-11T14:22:16.000Z,"""PF estuda pedir prisão de Bolsonaro se ele não voltar ao Brasil até abril"" 🛬👮‍♂️🚓🤔✔️ Só queria lembrar aos apoiadores do fujão que o alerta da Interpol para  foragidos internacionais é VERMELHO.",0,0,0,https://twitter.com/AlencarBraga13/status/1634541202111430657
Marisa victorio da silva,@victorio_marisa,https://twitter.com/victorio_marisa/status/1634561876284649477,2023-03-11T14:28:14.000Z,"""PF estuda pedir prisão de Bolsonaro se ele não voltar ao Brasil até abril""https://noticias.uol.com.br/colunas/carolina-brigido/2023/03/11/pf-estuda-pedir-prisao-de-bolsonaro-se-ele-nao-voltar-ao-brasil-ate-abril.htm… via @carolabrigido @UOLNoticias",0,0,0,https://twitter.com/AlencarBraga13/status/1634541202111430657
