nome,usuario,idTweet,dataPublicacao,texto,replies,retweets,likes,tweetPai
Utopia Brasil,@DistopiaBrazil,https://twitter.com/DistopiaBrazil/status/1634247239567646720,2023-03-10T17:37:59.000Z,BOLSONARO CORRUPTO,0,1,1,https://twitter.com/AlencarBraga13/status/1634174249769267202
Tereza de oliveira,@Terezadeolive,https://twitter.com/Terezadeolive/status/1634180251801534464,2023-03-10T13:11:48.000Z,Será que esses 54 colares serão usados para se fantasiar de Carmem Miranda no próximo carnaval?,0,0,0,https://twitter.com/AlencarBraga13/status/1634174249769267202
Marisa victorio da silva,@victorio_marisa,https://twitter.com/victorio_marisa/status/1634181249706127360,2023-03-10T13:15:46.000Z,"👂TCU íntima Bolsonaro... 🪑💍💎🪑✔️TCU íntima Bolsonaro a depor 
e 
o proíbe de usar ou vender joias

Ex-presidente responderá sobre tributos não pagos e pressão sobre Receita (O Globo)",0,0,0,https://twitter.com/AlencarBraga13/status/1634174249769267202
