nome,usuario,idTweet,dataPublicacao,texto,replies,retweets,likes,tweetPai
Jucélio Bruzzi,@BruzziJucelio,https://twitter.com/BruzziJucelio/status/1634812724159848448,2023-03-12T07:05:01.000Z,"Inclusive as de grelo duro, como definiu certa feita o ex-presidiário?",0,0,0,https://twitter.com/AlencarBraga13/status/1634675572210032648
Westbird25,@westbird25,https://twitter.com/westbird25/status/1634697764226441217,2023-03-11T23:28:12.000Z,"KKKK PIADA PRONTA KKKKK
DESGOVERNO da mentira, da enganação, e da farsa.",0,0,0,https://twitter.com/AlencarBraga13/status/1634675572210032648
Xandão na prisão!,@Rei035465,https://twitter.com/Rei035465/status/1634753448095744002,2023-03-12T03:09:28.000Z,"Verdade: mulher deve apanhar bastante de outra ""mulher"" principalmente se outra for Trans...",1,0,0,https://twitter.com/AlencarBraga13/status/1634675572210032648
AlexaTheGreat,@barbiegirl2002,https://twitter.com/barbiegirl2002/status/1634764762318794752,2023-03-12T03:54:26.000Z,"Dê um exemplo real onde uma mulher que executa exatamente o mesmo trabalho de um homem e ganha menos que ele? Mas tem que ser o mesmo tipo de trabalho, mesma quantidade de horas e mesmas atividades! Nunca vi isso em nenhum lugar onde trabalhei. Isso é mais uma mentira esquerdista",0,0,0,https://twitter.com/AlencarBraga13/status/1634675572210032648
Marisa victorio da silva,@victorio_marisa,https://twitter.com/victorio_marisa/status/1634682755970744321,2023-03-11T22:28:34.000Z,#Lula equiparação salarial mulher e homens #LulaPresidente união e reconstrução ⭐✊ #governofederal políticas públicas - programas para melhorar a vida do povo brasileiro #mulheres 8M2023!👆⭐✊ ✔️Contra todo e qualquer tipo de violência contra as mulheres!,0,0,0,https://twitter.com/AlencarBraga13/status/1634675572210032648
Janaína Santos,@JanaSantosjaism,https://twitter.com/JanaSantosjaism/status/1634677125813878784,2023-03-11T22:06:12.000Z,Governo do presidente @LulaOficial trabalhando pelo bem do Brasil. Faz o L ❤️ #LulaReconstruindoOBrasil #Lula #LulaOMelhorPresidenteDoBrasil #presidentelula #LulaMulheresComDireitos,0,1,1,https://twitter.com/AlencarBraga13/status/1634675572210032648
