nome,usuario,idTweet,dataPublicacao,texto,replies,retweets,likes,tweetPai
Eric Campos,@ericeti,https://twitter.com/ericeti/status/1634965761327513605,2023-03-12T17:13:08.000Z,😢🙏🏻🙌🏻,0,0,1,https://twitter.com/AlencarBraga13/status/1634963012800110594
Alberto de Oliveira Junior,@Albertoniorjr,https://twitter.com/Albertoniorjr/status/1634963457115295751,2023-03-12T17:03:58.000Z,Já assistir a grandes peças dirigidas por ele. Diretor talentoso. Uma pena!,0,0,0,https://twitter.com/AlencarBraga13/status/1634963012800110594
Luiz Casagrande,@luizcasagra,https://twitter.com/luizcasagra/status/1635283936145461250,2023-03-13T14:17:27.000Z,"4 anos sem nenhuma corrupção, menor inflação que os USA e UE, maior crescimento que a China, superávit de 124 bilhões de reais, 5,5 milhões de empregos criados,  esse foi o governo Bolsonaro .",0,0,0,https://twitter.com/AlencarBraga13/status/1634963012800110594
Marisa victorio da silva,@victorio_marisa,https://twitter.com/victorio_marisa/status/1634969428650790914,2023-03-12T17:27:42.000Z,"Antonio Pedro🌱😞 presente!✔️ Triste com a notícia da morte do ator, diretor e roteirista, Antônio Pedro. 
Um grande artista que deixa pra história da dramaturgia trabalhos inesquecíveis. Meus sentimentos aos familiares e amigos.",0,0,0,https://twitter.com/AlencarBraga13/status/1634963012800110594
MoisesTemplario,@MoisesTemplar,https://twitter.com/MoisesTemplar/status/1635236105124712448,2023-03-13T11:07:23.000Z,Aos poucos os lixos estão embarcando,0,0,0,https://twitter.com/AlencarBraga13/status/1634963012800110594
