nome,usuario,idTweet,dataPublicacao,texto,replies,retweets,likes,tweetPai
Zeze Valente 13,@MariaVa70489407,https://twitter.com/MariaVa70489407/status/1634548541191225346,2023-03-11T13:35:15.000Z,😥😥😥,0,0,0,https://twitter.com/AlencarBraga13/status/1634543858984820737
Claudio JAVÉ JESUS CRISTO O DEUS BRASILEIRO AO,@jesusclaudio777,https://twitter.com/jesusclaudio777/status/1634561586701410305,2023-03-11T14:27:05.000Z,"""EU TRAGO NUVENS""
O BRASIL ESTÁ AMALDIÇOADO A PALAVRA DA MINHA BOCA É MALDIÇÃO.
MEU CAMINHO É VENDAVAL E TEMPESTADE 
NO BRASIL TUDO VAI PERECER 
EU TRAGO TÚMULOS EU TRAGO AS TREVAS A PALAVRA QUE SAÍ DA MINHA BOCA NÃO SAIRÁ EM VÃO.
OS CÉUS E A TERRA PASSARÃO, ""MINHAS PALAVRAS NÃO.",0,0,0,https://twitter.com/AlencarBraga13/status/1634543858984820737
Marisa victorio da silva,@victorio_marisa,https://twitter.com/victorio_marisa/status/1634558398103719937,2023-03-11T14:14:25.000Z,"Perdemos a convivência de uma grande lutadora. Nilza Fiuza, presente! 🌱😞 Agora e sempre!",0,0,0,https://twitter.com/AlencarBraga13/status/1634543858984820737
