nome,usuario,idTweet,dataPublicacao,texto,replies,retweets,likes,tweetPai
Monica,@Monica89535836,https://twitter.com/Monica89535836/status/1634419222200700931,2023-03-11T05:01:23.000Z,"E vc do novo sabe o que é democracia? Sem políticas públicas não ha democracia no Brasil, aprenda!",0,0,0,https://twitter.com/adriventurasp/status/1634290903610187776
Gustavo Bononi,@Gustavo_Bononi,https://twitter.com/Gustavo_Bononi/status/1635272102612959235,2023-03-13T13:30:25.000Z,Podemos começar pela CPI contra o MST aqui no Brasil.,0,0,0,https://twitter.com/adriventurasp/status/1634290903610187776
Bruno César,@BrunoCzarian,https://twitter.com/BrunoCzarian/status/1635214713398362113,2023-03-13T09:42:23.000Z,"Deputada, o que a senhora acha de criar medidas para frear a perda de intelecto do nosso pais? Me refiro aos estudantes graduados que deixam o Brasil, acredito que isenção de alguns impostos para quem exerce a função graduada já ajudaria.",1,0,0,https://twitter.com/adriventurasp/status/1634290903610187776
Os Brutos Também Amam,@lavorero,https://twitter.com/lavorero/status/1634686870599749633,2023-03-11T22:44:55.000Z,Lula não é democrata.,0,0,0,https://twitter.com/adriventurasp/status/1634290903610187776
Valeria Moro,@Valeria_Moro_,https://twitter.com/Valeria_Moro_/status/1634566581081583619,2023-03-11T14:46:56.000Z,👏👏👏👏,0,0,0,https://twitter.com/adriventurasp/status/1634290903610187776
cristina c frança,@vidaemedicina,https://twitter.com/vidaemedicina/status/1635303319467065344,2023-03-13T15:34:28.000Z,"Deputada, por favor assina o pedido de CPI contra o MST. Codigo: CD232728150200. Obrigada",0,0,0,https://twitter.com/adriventurasp/status/1634290903610187776
Edson Casado,@CasadoEdson,https://twitter.com/CasadoEdson/status/1635258012582678528,2023-03-13T12:34:26.000Z,"Prezada Deputada, precisamos que seja aprovada a CPI do MST. As invasões precisam parar, e é necessário que haja uma investigação séria sobre esses atos criminosos. O povo conta com o seu voto favorável. Estamos de olho.",0,0,0,https://twitter.com/adriventurasp/status/1634290903610187776
Renata Martins,@R2909Martins,https://twitter.com/R2909Martins/status/1635251652205895681,2023-03-13T12:09:10.000Z,"Cara deputada, 

Peço que assine a CPI para investigar o MST protocolada por Kim Kataguiri. É necessário investigar as últimas invasões ocorridas na Bahia.
Obrigada!",0,0,0,https://twitter.com/adriventurasp/status/1634290903610187776
Edson Leal,@TocaDoJr,https://twitter.com/TocaDoJr/status/1635253739778084869,2023-03-13T12:17:27.000Z,"Deputada Adriana, você assinou a CPI do MST? Precisamos de investigações pra acabar com a farra dos invasores Código: CD232728150200",0,0,0,https://twitter.com/adriventurasp/status/1634290903610187776
Luis Fernando Mendes,@LuisFer66492831,https://twitter.com/LuisFer66492831/status/1634551504894935040,2023-03-11T13:47:01.000Z,Lula e Dirceu jamais foram democratas. Só alienado nunca viu isso,0,0,0,https://twitter.com/adriventurasp/status/1634290903610187776
Edmar,@Edmar_Piona,https://twitter.com/Edmar_Piona/status/1634305818265829379,2023-03-10T21:30:45.000Z,"Este é o conceito de democracia da esquerda, Maduro, Ortega são democratas, aqui não temos Democracia, claro se for para se nivelar com Venezuela, Nicarágua, Cuba etc, prefiro ainda viver nesta ""ditadura"" brasileira, espero q todos da esquerda migrem pra lá.",0,0,0,https://twitter.com/adriventurasp/status/1634290903610187776
llRobll,@__lSimplel__,https://twitter.com/__lSimplel__/status/1635251115347546112,2023-03-13T12:07:02.000Z,"Deputada, peço encarecidamente que assine a CPI contra os terroristas do MST, protocolada pelo deputado Kim Kataguiri, para facilitar na pesquisa o código é esse: CD232728150200, caso deseje consultar no sistema",0,0,0,https://twitter.com/adriventurasp/status/1634290903610187776
Pedro,@pedro_enryke,https://twitter.com/pedro_enryke/status/1634294042358947840,2023-03-10T20:43:58.000Z,"Deputada Adriana, você assinou a CPI do MST? Precisamos de investigações pra acabar com a farra dos invasores",0,0,1,https://twitter.com/adriventurasp/status/1634290903610187776
Adriano Soldan,@adriano_soldan,https://twitter.com/adriano_soldan/status/1634388387871309828,2023-03-11T02:58:51.000Z,Queria entender quem tu é e qual teu posicionamento político pra tecer qualquer comentário,0,0,0,https://twitter.com/adriventurasp/status/1634290903610187776
Jucão Santana,@JucaoSantana,https://twitter.com/JucaoSantana/status/1634308682329497603,2023-03-10T21:42:08.000Z,"E de concreto, o que se pode fazer em relação a isso?
Partido nanico, sem representatividade, ganhava todas no STF e não deixava Bolsonaro governar. 
E aí? Algo será feito, deputada? Votei na senhora e quero me orgulhar!
Boa legislatura!",0,0,0,https://twitter.com/adriventurasp/status/1634290903610187776
Armando Melo armando,@vomandao,https://twitter.com/vomandao/status/1634337909653360641,2023-03-10T23:38:16.000Z,"É Lula sendo Lula, simples assim.
Ele não tem nada a misturar pra dar.",0,0,0,https://twitter.com/adriventurasp/status/1634290903610187776
João Luiz,@profquiroga,https://twitter.com/profquiroga/status/1634409240616894464,2023-03-11T04:21:43.000Z,"Até hoje nunca vi nenhum repórter perguntar a Lula que ele acha de Orban na Hungria, e do Salman na Arábia Saudita. Só vi perguntar sobre Maduro e Ortega! Se alguém já viu me avise!",0,0,1,https://twitter.com/adriventurasp/status/1634290903610187776
elis criminalização do comunismo já,@elisteresinha,https://twitter.com/elisteresinha/status/1634387279509594112,2023-03-11T02:54:27.000Z,a ideologia do lula é a foice e o martelo  só votou no pt quem comeu capim ou fumou maconha a ideologia do pt é comunista o livro de cabeceira do pt é o decalago de lenin,0,0,0,https://twitter.com/adriventurasp/status/1634290903610187776
Mateus Siemianko,@MateusSiemianko,https://twitter.com/MateusSiemianko/status/1635390651541123074,2023-03-13T21:21:30.000Z,"Olá deputada.
Por favor assinei a CPI do MST, invasão de propriedade privada é crime!",0,0,0,https://twitter.com/adriventurasp/status/1634290903610187776
Thiago Rodrigues,@Twi_advoz,https://twitter.com/Twi_advoz/status/1634531600519118848,2023-03-11T12:27:56.000Z,"Come on... to nem aí para a Nicarágua. 
Esse definitivamente ñ é um problema meu.",0,0,0,https://twitter.com/adriventurasp/status/1634290903610187776
Roberto Sobral CRVG,@Roberto98699230,https://twitter.com/Roberto98699230/status/1634385202456805377,2023-03-11T02:46:12.000Z,"Sem passar pano neste assunto. Deplorável. Esquerdismo infantil e ultrapassado. Apoiar noriega???em que isso favorece o avanço democrático da América Latina,? Isso serve como argumento razoável.para a direita. Vade retro!!!",0,0,0,https://twitter.com/adriventurasp/status/1634290903610187776
Marcelo Laprano,@Mlaprano,https://twitter.com/Mlaprano/status/1634533150297604096,2023-03-11T12:34:05.000Z,São estelionatários eleitorais iguais aos anteriores. Só que estes já estiveram na cena do crime.,0,0,0,https://twitter.com/adriventurasp/status/1634290903610187776
Amigos Da Lava Jato,@AmigosJato,https://twitter.com/AmigosJato/status/1634420015599329280,2023-03-11T05:04:32.000Z,Lula eh um Mentiroso  igual ao outro que saiu! Ele so nao consegue implantar o Socialismo no Brasil pq as Forças Armadas  nao o apoiam!!,0,0,1,https://twitter.com/adriventurasp/status/1634290903610187776
Victor Couto,@Vitotosocouto,https://twitter.com/Vitotosocouto/status/1635276573774602244,2023-03-13T13:48:11.000Z,"Deputada, peço encarecidamente que o senhor assine a CPI contra os terroristas do MST, protocolada pelo deputado Kim Kataguiri, para facilitar na pesquisa o código é esse: CD232728150200, caso deseje consultar no sistema. VAMOS FAZER A DIFERENÇA",0,0,0,https://twitter.com/adriventurasp/status/1634290903610187776
