nome,usuario,idTweet,dataPublicacao,texto,replies,retweets,likes,tweetPai
Dino Presidente,@Sidinei78666694,https://twitter.com/Sidinei78666694/status/1634729818221674496,2023-03-12T01:35:35.000Z,Ela é inglesa? Porque parece imigrante tb...,0,0,1,https://twitter.com/AlencarBraga13/status/1634713798622826497
Johnny Bigode,@JohnnyBigodes1,https://twitter.com/JohnnyBigodes1/status/1634855392344719361,2023-03-12T09:54:34.000Z,Vergonha é um país não ter um controlo de imigração e deixar todos entrar.,0,0,0,https://twitter.com/AlencarBraga13/status/1634713798622826497
Marisa victorio da silva,@victorio_marisa,https://twitter.com/victorio_marisa/status/1634751659996848129,2023-03-12T03:02:22.000Z,"Agora trata a imigração como um crime😲✔️Vergonha. Vergonha mundial absoluta de uma nação que invadiu,colonizou,saqueou, promoveu genocidos e estimulou conflitos internos para favorecer seus interesses econômicos e agora trata a imigração como um crime. +",0,0,0,https://twitter.com/AlencarBraga13/status/1634713798622826497
Marisa victorio da silva,@victorio_marisa,https://twitter.com/victorio_marisa/status/1634751925525569536,2023-03-12T03:03:25.000Z,"Shame on you,@ukhomeoffice",0,0,0,https://twitter.com/AlencarBraga13/status/1634713798622826497
Marisa victorio da silva,@victorio_marisa,https://twitter.com/victorio_marisa/status/1634766838537109504,2023-03-12T04:02:41.000Z,Você devia se envergonhar 🤔,0,0,0,https://twitter.com/AlencarBraga13/status/1634713798622826497
