nome,usuario,idTweet,dataPublicacao,texto,replies,retweets,likes,tweetPai
Zilda Antonia,@ZizyTonya7,https://twitter.com/ZizyTonya7/status/1635668891224489984,2023-03-14T15:47:07.000Z,"Sinto - me enormemente honrada por ser seguida pelo Deputado mais querido e simpático do Parlamento.
Obrigada .",1,0,1,https://twitter.com/BohnGass/status/1635662724372807681
Bohn Gass,@BohnGass,https://twitter.com/BohnGass/status/1635682039339921415,2023-03-14T16:39:22.000Z,"Sua gentileza e confiança só fazem aumentar minha responsabilidade. E muito me honram, saiba. Abraço fraterno.",1,0,1,https://twitter.com/BohnGass/status/1635662724372807681
#LULATUDO,@anulatudo1,https://twitter.com/anulatudo1/status/1635733686644789248,2023-03-14T20:04:36.000Z,#JusticaPorMarielleeAnderson,0,0,1,https://twitter.com/BohnGass/status/1635662724372807681
Cavalheira Esperanza,@Cavalheira,https://twitter.com/Cavalheira/status/1635672593599537155,2023-03-14T16:01:50.000Z,Bolsonaro's family 👪,0,0,1,https://twitter.com/BohnGass/status/1635662724372807681
Wagner Spagnul,@wspagnul,https://twitter.com/wspagnul/status/1635825641378422785,2023-03-15T02:09:59.000Z,Basta dar uma pesquisada rápida sobre intenção de voto para o Senado Federal realizada antes dela ser assassinada e verá que  estava a frente de outros candidatos...,0,0,0,https://twitter.com/BohnGass/status/1635662724372807681
LA Vieira,@LuizAntVieir,https://twitter.com/LuizAntVieir/status/1635664976974348289,2023-03-14T15:31:34.000Z,Mandante: B.... N...,0,0,1,https://twitter.com/BohnGass/status/1635662724372807681
Segetto,@segetto,https://twitter.com/segetto/status/1635803155236548608,2023-03-15T00:40:38.000Z,"Tem uma ministra ligada a milícia no atual governo. Tem um ladrão descondenado no atual governo, tem vários criminosos nos ministérios do atual governo. Vamos dar nome aos bois?",0,0,0,https://twitter.com/BohnGass/status/1635662724372807681
Nikolas me representa,@alzy16570197,https://twitter.com/alzy16570197/status/1635733755494301696,2023-03-14T20:04:52.000Z,"Olhaa temos um especialista aqui? Diz ""Cherloque homes"" quem mandou matar Celso Daniel? Quem tinha motivos? E que motivos quem vc acusa de matar Mariele teriam para matar ela, essa mulher era insignificante até morrer",1,0,0,https://twitter.com/BohnGass/status/1635662724372807681
TEREZINHA NOGUEIRA,@TEREZINHANOGU16,https://twitter.com/TEREZINHANOGU16/status/1635762775178854407,2023-03-14T22:00:11.000Z,PARA MIM É EVIDENTE MAS ... NÃO POSSO FAZER OU FALAR MAIS NADA DO QUE SINTO. A JUSTIÇA PRECISA DECIDIR. É O ÓRGÃO COMPETENTE PARA ISTO. SE NÃO FAZ???????,0,0,1,https://twitter.com/BohnGass/status/1635662724372807681
