nome,usuario,idTweet,dataPublicacao,texto,replies,retweets,likes,tweetPai
Marcos Ruas,@marcosruasviana,https://twitter.com/marcosruasviana/status/1635604782843920384,2023-03-14T11:32:22.000Z,"Mais da metade do que pagamos em impostos, vai pra uma meia dúzia de rentistas da dívida. E tem gente que acha isto normal.",0,0,0,https://twitter.com/BohnGass/status/1635596940090982401
Antônia De Maria,@antoniadm12,https://twitter.com/antoniadm12/status/1635640940688752643,2023-03-14T13:56:03.000Z,"Uma pergunta, deputado, a receita federal sempre cobrou juros das parcelas do imposto a pagar?",0,0,0,https://twitter.com/BohnGass/status/1635596940090982401
Eduardo Lenz,@edvonlenz,https://twitter.com/edvonlenz/status/1635652174758674435,2023-03-14T14:40:42.000Z,Mas os bancos não estão quebrando em função do juro alto?,1,0,0,https://twitter.com/BohnGass/status/1635596940090982401
Paola,@PAOLA12665600,https://twitter.com/PAOLA12665600/status/1635597501737697280,2023-03-14T11:03:27.000Z,"Amigos esgotou a ração, precisamos de ajuda. Está cada dia mais difícil as pessoas se importarem com a causa animal, ninguém ajuda mas querem que nós protetores façamos milagres, sem ajuda não existe causa, é exaustivo pedir por 1 real mas p/ nos já faz diferença
Pix 41996768866",0,0,0,https://twitter.com/BohnGass/status/1635596940090982401
