nome,usuario,idTweet,dataPublicacao,texto,replies,retweets,likes,tweetPai
Wilker,@wilkerasilva,https://twitter.com/wilkerasilva/status/1636013099550375936,2023-03-15T14:34:53.000Z,Cadê o piso da enfermagem?,0,0,0,https://twitter.com/AlencarBraga13/status/1635732822030790656
vanystm,@vanystm1,https://twitter.com/vanystm1/status/1636077202650324996,2023-03-15T18:49:36.000Z,Isso é mais uma cortina de fumaça do PT pra desviar o foco da CPI.,0,0,0,https://twitter.com/AlencarBraga13/status/1635732822030790656
Andre Farias,@AndreFa14331440,https://twitter.com/AndreFa14331440/status/1635741402654015511,2023-03-14T20:35:15.000Z,E ele sabe que nesse pais de bundoes nada de serio e bem geito sera feito contra ele assim como o caso mariele .nao cai na conta dele numca  a nao ser que ela diga.,0,0,0,https://twitter.com/AlencarBraga13/status/1635732822030790656
Isaias de Maranhão,@MaranhaoIsaias,https://twitter.com/MaranhaoIsaias/status/1635826015049064449,2023-03-15T02:11:28.000Z,"DE ACORDO COM AS TRETAS DE JOGO SUJO DO ATOR SOCIAL NOMEADO POR UM COVIL DE INTOLERANTE IGNÓBIL E SEM INSIGNIA DE HONRA PARA SER INTRODUZIDO NA POLÍTICA MUNDIAL, TUDO PODE ACABAR EM MORTE DE LIBERDADE E VIDA DOS TOLERANTES GUARDIÕES DA DEMOCRACIA...",0,0,0,https://twitter.com/AlencarBraga13/status/1635732822030790656
Victor Alberto Danich Danich,@DanichVictor,https://twitter.com/DanichVictor/status/1636000530190196736,2023-03-15T13:44:56.000Z,Tudo o que Bolsonaro faz têm um toque criminoso. DNA de miliciano!,0,0,0,https://twitter.com/AlencarBraga13/status/1635732822030790656
vanystm,@vanystm1,https://twitter.com/vanystm1/status/1636076695823196160,2023-03-15T18:47:35.000Z,Deixa de ser palhaço e pra isso que serve a ABIN investigar secretamente principalmente os desafetos do presidente isso é segurança nacional em todos os governos é feito isso sempre foi feito e sempre será.,0,0,0,https://twitter.com/AlencarBraga13/status/1635732822030790656
Marisa victorio da silva,@victorio_marisa,https://twitter.com/victorio_marisa/status/1635972138883489794,2023-03-15T11:52:07.000Z,"Um atentado à privacidade e à liberdade individual! ✔️Arapongagem é crime! A abin de Bolsonaro usava um aplicativo espião para controlar os passos de milhares de cidadãos, tudo de forma ILEGAL e sem autorização. Um atentado à privacidade e à liberdade individual!",0,0,0,https://twitter.com/AlencarBraga13/status/1635732822030790656
