nome,usuario,idTweet,dataPublicacao,texto,replies,retweets,likes,tweetPai
Coronel Amaro (R1),@Amaro_Coronel,https://twitter.com/Amaro_Coronel/status/1635853792737386496,2023-03-15T04:01:51.000Z,"Claro! Vendemos quando estava dando lucro...
Agora que está dando prejuízo recompra...
Na ótica petista faz todo sentido!
POR ISSO COMPRARAM PASSADENA E ENTREGARAM UM BILHÃO DE DÓLARES PARA OS AMERICANOS!",0,0,10,https://twitter.com/AlencarBraga13/status/1635609801039265794
Claudinei Correa,@Claudin23672715,https://twitter.com/Claudin23672715/status/1635942947400175616,2023-03-15T09:56:07.000Z,"isso, Parabens ao Molusco 3 meses no poder e o que acontece é isso.
Um governo que visa sabotar empresas só porque são contra a idologia deles ou porque o outro governo privatizou, só poderia acabar assim.

uma salva de palmas!!!",0,0,0,https://twitter.com/AlencarBraga13/status/1635609801039265794
paulo xisto,@pauloxisto,https://twitter.com/pauloxisto/status/1635831448597872644,2023-03-15T02:33:04.000Z,Pelo menos o prejuízo não é agora do Estado.,0,0,0,https://twitter.com/AlencarBraga13/status/1635609801039265794
Armando Garcia,@agrego63,https://twitter.com/agrego63/status/1635672010201128962,2023-03-14T15:59:31.000Z,"A União tem que retomar o poder de votos de 43% de participação, e não o limite absurdo de 10% impostos pela lei maluca da privatização.",0,0,0,https://twitter.com/AlencarBraga13/status/1635609801039265794
Jorge Furtado,@Jorgefurtadopai,https://twitter.com/Jorgefurtadopai/status/1636037142307561473,2023-03-15T16:10:25.000Z,Mais uma da serie: Privatiza que melhora...?!,0,0,0,https://twitter.com/AlencarBraga13/status/1635609801039265794
Maria Helena Gama Dos Santos,@MariaHelenaGam7,https://twitter.com/MariaHelenaGam7/status/1635964549089067008,2023-03-15T11:21:57.000Z,TADINHO... PATÉTICO!!!,0,0,0,https://twitter.com/AlencarBraga13/status/1635609801039265794
Rodrigo Cesar,@rodscesar,https://twitter.com/rodscesar/status/1635613306152005633,2023-03-14T12:06:15.000Z,"Privatiza que melhora, era o que falavam... já já a conta chega pro consumidor. #ReestatizaEletrobrasJa",0,1,4,https://twitter.com/AlencarBraga13/status/1635609801039265794
*&^,@tambarcelos,https://twitter.com/tambarcelos/status/1635709566934450197,2023-03-14T18:28:45.000Z,"Estado se livrou de uma ""boa""!",1,0,0,https://twitter.com/AlencarBraga13/status/1635609801039265794
FerGaPer,@fgamaperes,https://twitter.com/fgamaperes/status/1635678198129106946,2023-03-14T16:24:06.000Z,Privatizar dá prejuízo!#ReestatizaEletrobrasJa,0,1,1,https://twitter.com/AlencarBraga13/status/1635609801039265794
Leonardo,@Leonard68939712,https://twitter.com/Leonard68939712/status/1636035201909379076,2023-03-15T16:02:42.000Z,"É  só privatizar pra eles ganhar, porque  a Eletrobrás eles vão  afundar.  Reestatização já.",0,0,1,https://twitter.com/AlencarBraga13/status/1635609801039265794
Sapo Barbudo,@EconomistaRent1,https://twitter.com/EconomistaRent1/status/1635809685923086339,2023-03-15T01:06:35.000Z,3 bi de lucro no ano.,0,0,0,https://twitter.com/AlencarBraga13/status/1635609801039265794
Esquerdista Sempre,@PoetaDuduVieira,https://twitter.com/PoetaDuduVieira/status/1635617449822371842,2023-03-14T12:22:42.000Z,"Lemman não dá mole, já embolsou! Vai falir a empresa e depois o governo reassume. E o mercado segue ensinando o que ele nunca aprende: ganhar dinheiro corretamente!",0,0,6,https://twitter.com/AlencarBraga13/status/1635609801039265794
DukeKahanamoku1968,@kahanamoku1968,https://twitter.com/kahanamoku1968/status/1635797534529687552,2023-03-15T00:18:18.000Z,Pagando pdv dos funça. Faxina.,0,0,0,https://twitter.com/AlencarBraga13/status/1635609801039265794
Edna,@ednaiagher,https://twitter.com/ednaiagher/status/1635669394553552896,2023-03-14T15:49:07.000Z,😂😂😂😂😂😂😂😂😂😂😂😂😂😂😂😂😂😂😂😂😂😂😂😂😂😂😂😂😂😂😂😂😂😂😂😂😂😂😂😂,0,0,0,https://twitter.com/AlencarBraga13/status/1635609801039265794
Heronides C.,@HeronidesAraujo,https://twitter.com/HeronidesAraujo/status/1637543074380365824,2023-03-19T19:54:27.000Z,#ReestatizaEletrobrasJá,0,1,2,https://twitter.com/AlencarBraga13/status/1635609801039265794
Rodrigo Maia,@Rodrigo22566544,https://twitter.com/Rodrigo22566544/status/1635670119673217028,2023-03-14T15:52:00.000Z,"Reestatiza já, Lula!!!@LulaOficial",0,1,2,https://twitter.com/AlencarBraga13/status/1635609801039265794
Marcelo Franco,@marcelolfranco,https://twitter.com/marcelolfranco/status/1635617298777030658,2023-03-14T12:22:06.000Z,Acredita nisso? Isso aí é mentira pra forçar aumento das tarifas.,0,0,3,https://twitter.com/AlencarBraga13/status/1635609801039265794
Adriano Amorim75,@AdrianoAmorim75,https://twitter.com/AdrianoAmorim75/status/1635711836023664640,2023-03-14T18:37:46.000Z,"Já foi efeito da criatura… no poder… 

Tudo será PIOR, até o PIB ser -15% e a Inflaçāo sair do controle… 🤦🏼‍♂️🤦🏼‍♂️🤦🏼‍♂️",0,0,0,https://twitter.com/AlencarBraga13/status/1635609801039265794
GILIARD F D SILVA,@Gilizera,https://twitter.com/Gilizera/status/1635636745571127297,2023-03-14T13:39:23.000Z,"O pessoal não sabe a diferença entre desestatizacao e privatização? Kkkkk

O governo federal segue com 40% da empresa ""Privatizada""",0,0,0,https://twitter.com/AlencarBraga13/status/1635609801039265794
LulistaPetista,@LulistaPetista,https://twitter.com/LulistaPetista/status/1635699003693191168,2023-03-14T17:46:46.000Z,"@LulaOficial@gleisi@jeanpaulprates@Glauber_Braga@erikakokay@zeca_dirceu@brasil247@paulopaim@ColetivoCNE@asilveiramg🇧🇷 #ReestatizaEletrobrasJá 🇧🇷🇧🇷 #LulaMulheresComDireitos 🇧🇷Dia  #15M (15 DE MARÇO) MANIFESTAÇÃO PELA REESTATIZAÇÃO DA ELETROBRAS EM FRENTE AO MME, DF.",0,0,0,https://twitter.com/AlencarBraga13/status/1635609801039265794
Lucena.jr,@JrWaldez,https://twitter.com/JrWaldez/status/1635673720948768770,2023-03-14T16:06:19.000Z,A Eletrobras piorou com a privatização. #LulaReestatizaEletrobrasJá @gleisi @jeanpaulprates @AlencarBraga13 @Haddad_Fernando @costa_rui @requiaooficial @erikakokay @Glauber_Braga @LulaOficial @JanjaLula @SalveAEnergia @asilveiramg,0,0,0,https://twitter.com/AlencarBraga13/status/1635609801039265794
Marisa victorio da silva,@victorio_marisa,https://twitter.com/victorio_marisa/status/1635615856418869251,2023-03-14T12:16:23.000Z,#ReestatizaEletrobrasJá⭐✊✔️Eletrobrás tem prejuízo de R$479 milhões no quarto trimestre de 2022. Não era só privatizar?!,0,0,1,https://twitter.com/AlencarBraga13/status/1635609801039265794
Thor o Magnífico,@MagnificoThor,https://twitter.com/MagnificoThor/status/1635779835107631106,2023-03-14T23:07:58.000Z,"Tem ladrao por todos os lados..
cafajeste..patifes é quadrilheiros saindo pelo poros",0,0,0,https://twitter.com/AlencarBraga13/status/1635609801039265794
