nome,usuario,idTweet,dataPublicacao,texto,replies,retweets,likes,tweetPai
DOUGLAS VERZOLA,@douglas_verzola,https://twitter.com/douglas_verzola/status/1635722356197916683,2023-03-14T19:19:34.000Z,"Deus - Pátria - Família 

E muitos diamantes.....💎💰🪙💍",0,0,0,https://twitter.com/AlencarBraga13/status/1635366704804159490
Sandra Thiele,@SandraThiele9,https://twitter.com/SandraThiele9/status/1635367243466047489,2023-03-13T19:48:29.000Z,A gente sabe como !!,0,0,0,https://twitter.com/AlencarBraga13/status/1635366704804159490
Marisa victorio da silva,@victorio_marisa,https://twitter.com/victorio_marisa/status/1635384342775205888,2023-03-13T20:56:25.000Z,#FazoL ⭐✊#governoLula⭐✊ Momento histórico do presidente @LulaOficial em Roraima honrando seu compromisso de cuidar dos povos originários.,0,0,0,https://twitter.com/AlencarBraga13/status/1635366704804159490
Aquilez Nilson,@AquilezN,https://twitter.com/AquilezN/status/1635390617252683777,2023-03-13T21:21:21.000Z,O Fundo Constitucional do DF está sendo desviado criminosamente. É  verba FEDERAL. Investigue,0,0,0,https://twitter.com/AlencarBraga13/status/1635366704804159490
