nome,usuario,idTweet,dataPublicacao,texto,replies,retweets,likes,tweetPai
Emerson do PT,@Emersonbalzac,https://twitter.com/Emersonbalzac/status/1636202386153693185,2023-03-16T03:07:02.000Z,O Governo Lula trabalha com transparência e respeito ao Povo Brasileiro.,0,0,0,https://twitter.com/BohnGass/status/1635952172868173828
kakah,@kakahmenina,https://twitter.com/kakahmenina/status/1636158745200807936,2023-03-16T00:13:37.000Z,"E a Eletrobras? Precisa ser retomada deputado, antes q eles terminem de arruinar com o país.",0,0,1,https://twitter.com/BohnGass/status/1635952172868173828
Fernando LINS DE LIMA,@FernandoLINSDE9,https://twitter.com/FernandoLINSDE9/status/1635956811118280704,2023-03-15T10:51:13.000Z,"Mudou, e muito, corrigido os erros de percurso e está a altura de minhas expectativas. Fez mais em 3 meses do nos 14 anos anteriores. Votei em Lua pela sexta vez mas achava que tinha que mudar e mudou.👊👍",0,0,0,https://twitter.com/BohnGass/status/1635952172868173828
Elton Cesar Paulo ⓟ,@eltoncpaulo,https://twitter.com/eltoncpaulo/status/1635952358591954946,2023-03-15T10:33:31.000Z,Mudou e mudou para melhor!!!,1,1,5,https://twitter.com/BohnGass/status/1635952172868173828
leumaS - Samuel,@gO_leumaS,https://twitter.com/gO_leumaS/status/1635995799883591680,2023-03-15T13:26:08.000Z,Corrupto sempre será corrupto. Nisso ele deve ter evoluído.,0,0,0,https://twitter.com/BohnGass/status/1635952172868173828
