nome,usuario,idTweet,dataPublicacao,texto,replies,retweets,likes,tweetPai
tatimandelli,@tatianamandelli,https://twitter.com/tatianamandelli/status/1635731958843015187,2023-03-14T19:57:44.000Z,Esta é a ideia 💡….. sempre prejudicar os pobres,1,0,2,https://twitter.com/adriventurasp/status/1635731430129975298
Graci Grecco,@GracieliGrecco,https://twitter.com/GracieliGrecco/status/1635975421484322818,2023-03-15T12:05:10.000Z,"Deveria ver o que os estrangeiros acham do Brasil. Quem quer viajar, vai com visto ou sem. Temos que discutir segurança pública.",0,0,1,https://twitter.com/adriventurasp/status/1635731430129975298
Alice Castro,@AliceCa26892235,https://twitter.com/AliceCa26892235/status/1636089936012103683,2023-03-15T19:40:12.000Z,Sério que a alguém pense que uma decisão dessa é tomada por capricho?,0,0,0,https://twitter.com/adriventurasp/status/1635731430129975298
Vera.mena,@Veralcsmena,https://twitter.com/Veralcsmena/status/1636015172446740481,2023-03-15T14:43:07.000Z,Que viagem!,0,0,0,https://twitter.com/adriventurasp/status/1635731430129975298
Luiz Carlos Lima,@oliveira2010201,https://twitter.com/oliveira2010201/status/1636071052248768515,2023-03-15T18:25:10.000Z,Esses trabalhadores dos EUA estão sendo prejudicados?,0,0,0,https://twitter.com/adriventurasp/status/1635731430129975298
Mauricio Galvao,@MMGalvao65,https://twitter.com/MMGalvao65/status/1636444856238129170,2023-03-16T19:10:32.000Z,Acho q não sabe o q sigfica reprocidade,0,0,0,https://twitter.com/adriventurasp/status/1635731430129975298
Otto Emil Müller,@ottoemul,https://twitter.com/ottoemul/status/1635807642567229440,2023-03-15T00:58:28.000Z,A reciprocidade diplomática é a base do respeito entre nações.,0,0,1,https://twitter.com/adriventurasp/status/1635731430129975298
airton parente,@airton_parente,https://twitter.com/airton_parente/status/1635981479955103751,2023-03-15T12:29:14.000Z,Pais nenhum não se entra sem o Visto. É norma internacional para a segurança do Estado Nacional.,0,0,0,https://twitter.com/adriventurasp/status/1635731430129975298
Erik Torbent,@eriktorbent,https://twitter.com/eriktorbent/status/1635735246984413186,2023-03-14T20:10:48.000Z,"O plano é destruir a economia, para deixar o povo à mercê das esmolas.",0,0,1,https://twitter.com/adriventurasp/status/1635731430129975298
Divino Alvim,@DivinoAlvim2,https://twitter.com/DivinoAlvim2/status/1635784407222042629,2023-03-14T23:26:08.000Z,Quantos % de aumento de turistas americanos o Brasil teve com a liberação de visto?,0,0,0,https://twitter.com/adriventurasp/status/1635731430129975298
