nome,usuario,idTweet,dataPublicacao,texto,replies,retweets,likes,tweetPai
Dep. Alencar Santana,@AlencarBraga13,https://twitter.com/AlencarBraga13/status/1635018930770288640,2023-03-12T20:44:24.000Z,Detalhes com o nosso ministro @marciofrancasp👇🏽👇🏽👇🏽,5,5,68,https://twitter.com/AlencarBraga13/status/1635018651924570112
Grupo Betel Púlpito SDV PT aqui não!,@BETELPULPITOS,https://twitter.com/BETELPULPITOS/status/1635133353874829312,2023-03-13T04:19:05.000Z,Para a Venezuela?,0,3,19,https://twitter.com/AlencarBraga13/status/1635018651924570112
Gabriel Saraiva,@gabriel39670876,https://twitter.com/gabriel39670876/status/1635261476775792642,2023-03-13T12:48:12.000Z,"Alencar esse filme já conhecemos, apenas mudou alguns atores!",0,0,0,https://twitter.com/AlencarBraga13/status/1635018651924570112
Rosângela Nunes,@Rosngel27629037,https://twitter.com/Rosngel27629037/status/1635354218948358147,2023-03-13T18:56:43.000Z,Só trouxa pra acreditar 😏,0,0,0,https://twitter.com/AlencarBraga13/status/1635018651924570112
Janoninho,@_Janoninho,https://twitter.com/_Janoninho/status/1635079865971134465,2023-03-13T00:46:33.000Z,Eita que orgulho de ter feito L. Em 2026 é Lula de novo,10,12,123,https://twitter.com/AlencarBraga13/status/1635018651924570112
Ezequiel,@Zequi_2022,https://twitter.com/Zequi_2022/status/1635370771429347328,2023-03-13T20:02:30.000Z,"Está aí mais um engana trouxa... Ou você acha mesmo que as empresas aéreas vão oferecer passagens baratas assim, facinho? Alguém vai pagar a conta...",0,0,2,https://twitter.com/AlencarBraga13/status/1635018651924570112
Rivi Eler,@rivieler,https://twitter.com/rivieler/status/1635303837702688770,2023-03-13T15:36:32.000Z,"Nossa que legal,quem vai pagar a diferença para às empresas aéreas?
Ah,claro eu e todos os brasileiros pagadores de impostos 👍🏽",0,0,0,https://twitter.com/AlencarBraga13/status/1635018651924570112
NEILSON LEAO COSTA,@neilsonleao,https://twitter.com/neilsonleao/status/1635134611801116673,2023-03-13T04:24:05.000Z,De São Paulo pra Campinas?,0,0,1,https://twitter.com/AlencarBraga13/status/1635018651924570112
Wellington Santos,@WellingtonWSW,https://twitter.com/WellingtonWSW/status/1635099618039193600,2023-03-13T02:05:02.000Z,"Com aumento de combustíveis, alimentos e transporte o pobre vai viajar de avião sim 🤡👍🏽Pra que pensar na educação, saúde ou em mais empregos né?

Tem q ser muito mau caráter pra festejar",0,0,1,https://twitter.com/AlencarBraga13/status/1635018651924570112
Cláudia,@ClauCarabaRs,https://twitter.com/ClauCarabaRs/status/1635456426238701569,2023-03-14T01:42:51.000Z,"Tem que ser muito idiota para não saber que isso só vai tirar mais dinheiro do povo. Governo nao tem dinheiro , o dinheiro que lá está provém do trabalho da população, então todos irão pagar caro para que numa canetada uma passagem aérea custe 200. Isso quebrará empresas.",0,0,0,https://twitter.com/AlencarBraga13/status/1635018651924570112
Ricardo,@Ricardo91951077,https://twitter.com/Ricardo91951077/status/1635340114892296192,2023-03-13T18:00:41.000Z,"Tem sim, o projeto de lascar ainda mais com o contribuinte, no intuito de salvar empresas aéreas, como sempre mais uma conta a ser paga pelo povo.",0,0,0,https://twitter.com/AlencarBraga13/status/1635018651924570112
Lena Saraiva Leão,@LenaSaraivaLeao,https://twitter.com/LenaSaraivaLeao/status/1635064349286109186,2023-03-12T23:44:53.000Z,Eu quero ver bolsominion desviando de pobre nos aeroportos kkkkkkk,5,0,2,https://twitter.com/AlencarBraga13/status/1635018651924570112
Walter Farias,@Walbarf,https://twitter.com/Walbarf/status/1635483066880729089,2023-03-14T03:28:43.000Z,"Bem,  quase 200 reais é o que se paga na bagagem excedente... vamos ver como isso vai ser resolvido. Todo cidadão tem que viajar mesmo, do mais rico ao mais pobre, mas nós sabemos que no final alguém acaba pagando por essa terra na lua.",0,0,0,https://twitter.com/AlencarBraga13/status/1635018651924570112
"Deus, Pátria, Família e Liberdade",@romulo8118,https://twitter.com/romulo8118/status/1635412120807542784,2023-03-13T22:46:48.000Z,Ele quer quebra as empresas aéreas.,0,0,0,https://twitter.com/AlencarBraga13/status/1635018651924570112
Sandra,@MouraRisso,https://twitter.com/MouraRisso/status/1635377674716864516,2023-03-13T20:29:56.000Z,?,0,0,1,https://twitter.com/AlencarBraga13/status/1635018651924570112
NEIDE ZEBA,@neidhara56,https://twitter.com/neidhara56/status/1635115309886767104,2023-03-13T03:07:23.000Z,Estou esperando começar para me espalhar nesse país.,0,0,1,https://twitter.com/AlencarBraga13/status/1635018651924570112
Tamara Camburão,@TamaraCamburao,https://twitter.com/TamaraCamburao/status/1635246600674217984,2023-03-13T11:49:05.000Z,"Será que a projeto é como o Trem de Guarulhos que o senhor fazia campanha pra todo lado, e foi esta vergonha que temos. Um trem pro aeroporto que não chega ao destino final. A passagem vai ser pra quantos metros de viagem?? kkkk",0,0,2,https://twitter.com/AlencarBraga13/status/1635018651924570112
Claret Jr,@aclareto,https://twitter.com/aclareto/status/1635046192378773507,2023-03-12T22:32:44.000Z,Adivinha a principal consequência? Aumento absurdo nas passagens. Faz o L! Kkkkk,11,0,67,https://twitter.com/AlencarBraga13/status/1635018651924570112
Aline Gonzaga,@AlineGonzaga_,https://twitter.com/AlineGonzaga_/status/1635363818514829312,2023-03-13T19:34:52.000Z,"Esses dias estava comentando com minha familia, que esperava o Lula baixar as passagens de avião para eu poder voltar a viajar de novo. Faço o L com gosto.😎😎😎😎😎",0,0,1,https://twitter.com/AlencarBraga13/status/1635018651924570112
ᘜIᗷᗩᒍᖇ ᖇᗴᑕIᖴᗴ,@MenezeGilberto,https://twitter.com/MenezeGilberto/status/1635087076705333248,2023-03-13T01:15:12.000Z,Sem medo de ser feliz! Obg @LulaOficial .,1,0,1,https://twitter.com/AlencarBraga13/status/1635018651924570112
Fatima Costa,@FatimaC28403140,https://twitter.com/FatimaC28403140/status/1635352243338874880,2023-03-13T18:48:52.000Z,Nunca fiz o L na vida. Tá bom de já ir embora. kkkkk,1,0,0,https://twitter.com/AlencarBraga13/status/1635018651924570112
Bell,@Simply_Bell_,https://twitter.com/Simply_Bell_/status/1635320738214477824,2023-03-13T16:43:41.000Z,"O conteúdo certo do projeto; se não vão pensar que o Governo vai dar as passagens e pelo contrário; será 200 reais as passagens de sobras que geralmente são 20% em todo vôo. 
Tô com tendinite de tanto fazer o L 😍",1,0,1,https://twitter.com/AlencarBraga13/status/1635018651924570112
thaissampaiods,@Thaissampaiods,https://twitter.com/Thaissampaiods/status/1635322426547634183,2023-03-13T16:50:23.000Z,Minha chance de ir para nova york,1,0,0,https://twitter.com/AlencarBraga13/status/1635018651924570112
Rick Tupi,@RickTupi,https://twitter.com/RickTupi/status/1635057280877211648,2023-03-12T23:16:48.000Z,"Vou desenhar, talvez os imbecis acordem.

Exemplo hipotético: você tem um voo de 200 lugares. Uma passagem deveria custar R$ 1.000,00. Se você vender 100 passagens por R$ 200,00, você precisa vender as outras 100 passagens por R$ 1.800,00, senão a empresa quebra!

Genial, né?! 🤡",5,0,12,https://twitter.com/AlencarBraga13/status/1635018651924570112
Sônia Salino,@soniasallino,https://twitter.com/soniasallino/status/1635042756937789441,2023-03-12T22:19:05.000Z,Com essa o Paulo Guedes INFARTA! Kkkkkk,2,1,5,https://twitter.com/AlencarBraga13/status/1635018651924570112
"Eu sou Mah,tb",@demarlily54,https://twitter.com/demarlily54/status/1635768632889298946,2023-03-14T22:23:27.000Z,Vai querer subornar o povão com avião? Kkkkkkkkk pilotos vacinados?,0,0,0,https://twitter.com/AlencarBraga13/status/1635018651924570112
Assis 100 % Brasil Assis Eurípedes de Oliveira,@AssisEurpedesd4,https://twitter.com/AssisEurpedesd4/status/1635724379223982086,2023-03-14T19:27:36.000Z,"Dr esse dinheiro vai sair do povo claro , as empresas aeroviárias não serão prejudicadas, sairá de algum lugar, como sempre dos impostos que pagamos portanto dinheiro do povo, acorda.",0,0,0,https://twitter.com/AlencarBraga13/status/1635018651924570112
carlos lima,@crmalima,https://twitter.com/crmalima/status/1635256567590436866,2023-03-13T12:28:41.000Z,Ele precisa criar meios de melhorar a educação pública do país! Isso sim vai melhorar a vida do povo! Esse tipo de post que vc lança já caiu no ridículo! O povo quer é menos corrupção e mais educação! Acredito que com isso o povo vai ter dignidade suficiente pra comprar passagem!,0,0,1,https://twitter.com/AlencarBraga13/status/1635018651924570112
Marco Helou,@dr_marcohelou,https://twitter.com/dr_marcohelou/status/1635318696062353409,2023-03-13T16:35:34.000Z,Vai criar a “AeroBrás”?,0,0,0,https://twitter.com/AlencarBraga13/status/1635018651924570112
PL2630? QUEM VAI SER O DITADOR DO BRASIL?,@Fabiano32779690,https://twitter.com/Fabiano32779690/status/1635313704949661696,2023-03-13T16:15:44.000Z,Aí vc acordou todo cagado!,0,0,0,https://twitter.com/AlencarBraga13/status/1635018651924570112
Rony Locher,@rony_locher,https://twitter.com/rony_locher/status/1635322401671233536,2023-03-13T16:50:18.000Z,Hahahahah! Tá parecendo um jardim da infância de idéias aí!,0,0,0,https://twitter.com/AlencarBraga13/status/1635018651924570112
Bruno Barcelos,@BrunoBa44701974,https://twitter.com/BrunoBa44701974/status/1635406459763851265,2023-03-13T22:24:19.000Z,Tem que ser muito itiotizado para acreditar em uma asneira dessas.,0,0,0,https://twitter.com/AlencarBraga13/status/1635018651924570112
Henri Yuri Yoshida,@henri_yoshida,https://twitter.com/henri_yoshida/status/1635312688707547136,2023-03-13T16:11:42.000Z,"Ele só não disse que o benefício é para aposentados e servidores públicos, se você não faz parte deste grupo, você vai pagar a conta.",0,0,0,https://twitter.com/AlencarBraga13/status/1635018651924570112
Anete Lima,@AneteLima4,https://twitter.com/AneteLima4/status/1635361495805751297,2023-03-13T19:25:38.000Z,"Agora eu volto a viajar de avião, fazendo o L sempre",0,0,0,https://twitter.com/AlencarBraga13/status/1635018651924570112
PATRICK RIBEIRO,@DYLANPPR,https://twitter.com/DYLANPPR/status/1635299190250278917,2023-03-13T15:18:04.000Z,"Imagina quem vai pagar a conta, esse DESGOVERNO é uma piada!!!!",0,0,0,https://twitter.com/AlencarBraga13/status/1635018651924570112
Paulo Gutierrez,@pfgutz07,https://twitter.com/pfgutz07/status/1635370386950066176,2023-03-13T20:00:58.000Z,Agora vão quebrar as empresas aéreas....,0,0,0,https://twitter.com/AlencarBraga13/status/1635018651924570112
Magda Ferreira,@MagdafelixdaSi1,https://twitter.com/MagdafelixdaSi1/status/1635492846970064896,2023-03-14T04:07:35.000Z,Eu tenho projeto para sair do Brasil por 4 anos!,0,0,0,https://twitter.com/AlencarBraga13/status/1635018651924570112
Roseh Pedro Guirelli,@RosehPedro,https://twitter.com/RosehPedro/status/1635047271397216257,2023-03-12T22:37:01.000Z,Tomara hein deputado... Quero conhecer a Escócia.,2,0,1,https://twitter.com/AlencarBraga13/status/1635018651924570112
Juliana Mara,@Juliana_Mara,https://twitter.com/Juliana_Mara/status/1635059341735919618,2023-03-12T23:24:59.000Z,Nosso sonho,2,0,0,https://twitter.com/AlencarBraga13/status/1635018651924570112
P. tavares,@ptavares0,https://twitter.com/ptavares0/status/1635093899776757760,2023-03-13T01:42:18.000Z,"Um projeto que futuramente vai é quebrar as empresas aéreas.. 
200reais não cobre o custo com combustível e funcionários entre outros gasto de uma Cia aérea",2,0,2,https://twitter.com/AlencarBraga13/status/1635018651924570112
Raphael Costa,@raphaelcosta76,https://twitter.com/raphaelcosta76/status/1635098235571417090,2023-03-13T01:59:32.000Z,É do campo de marte pra Congonhas né? Podiam fazer neste valor pra Pyongyang. Tem muita gente que adora lá e ainda não teve a oportunidade de conhecer,0,0,1,https://twitter.com/AlencarBraga13/status/1635018651924570112
SD-#2OutForabolsonaro,@OUROGOLD1,https://twitter.com/OUROGOLD1/status/1635322212462006277,2023-03-13T16:49:32.000Z,200 reais ou 400 reais.,1,0,0,https://twitter.com/AlencarBraga13/status/1635018651924570112
Israel prado,@prado_istael,https://twitter.com/prado_istael/status/1635738240257851423,2023-03-14T20:22:41.000Z,FINGE QUE ME ENGANA QUE EU FINJO QUE ACREDITO...,0,0,0,https://twitter.com/AlencarBraga13/status/1635018651924570112
Conradooficial,@OficialConrado2,https://twitter.com/OficialConrado2/status/1635971408156061697,2023-03-15T11:49:13.000Z,Lembra da Varig? Isso vai da o mesmo segmentos falência,0,0,0,https://twitter.com/AlencarBraga13/status/1635018651924570112
Claudio Luiz Nunes Gomes,@claudiolgomes,https://twitter.com/claudiolgomes/status/1635151652436209664,2023-03-13T05:31:48.000Z,Xiiii... mais gastos com isenções para pagador de impostos pagar a conta....kkk,0,0,2,https://twitter.com/AlencarBraga13/status/1635018651924570112
Printei e nunca usei o print,@CoisaCarlos,https://twitter.com/CoisaCarlos/status/1635116965793796096,2023-03-13T03:13:58.000Z,Isso não pode ser sério... tem dinheiro público pra mudar eata realidade da educação no Brasil?,0,0,1,https://twitter.com/AlencarBraga13/status/1635018651924570112
Marley Natanael,@marley_natanael,https://twitter.com/marley_natanael/status/1635218040844587009,2023-03-13T09:55:36.000Z,Agora vai ter meia entrada até em avião?? Quem entende um pouco de economia sabe que a ideia não é tão boa como vc está vendendo.,0,0,3,https://twitter.com/AlencarBraga13/status/1635018651924570112
Silvia Prestes,@SilviaPrestes5,https://twitter.com/SilviaPrestes5/status/1635284918115926018,2023-03-13T14:21:21.000Z,Kkkkk aham sei. Tipo chuva de picanha.,0,0,0,https://twitter.com/AlencarBraga13/status/1635018651924570112
itacir dutra,@ItacirDutra,https://twitter.com/ItacirDutra/status/1635268529909006338,2023-03-13T13:16:14.000Z,"Ta certo! Que nem R$ 18,00 para o salário minimo, IR quem ganha menos, picanha e cervejinha são algumas das promessas acontecidas",0,0,0,https://twitter.com/AlencarBraga13/status/1635018651924570112
Cristiano Baltar ,@CriBaltar,https://twitter.com/CriBaltar/status/1635292655600177157,2023-03-13T14:52:06.000Z,Mas projeto pra roubar 🤦🏽🤦🏽🤦🏽,0,0,0,https://twitter.com/AlencarBraga13/status/1635018651924570112
Ricardo Caseiro,@RicardoCaseiro7,https://twitter.com/RicardoCaseiro7/status/1635595872158318592,2023-03-14T10:56:58.000Z,L de Loser: perdedor,0,0,0,https://twitter.com/AlencarBraga13/status/1635018651924570112
Carlos Eduardo de Melo Soares,@CarlosMeloS3,https://twitter.com/CarlosMeloS3/status/1635487540160413696,2023-03-14T03:46:30.000Z,Kkk economia não é consultada! Essa matemática vai dar ruim... não tem mágica...,0,0,0,https://twitter.com/AlencarBraga13/status/1635018651924570112
Simone,@Simone02712000,https://twitter.com/Simone02712000/status/1635310790428459009,2023-03-13T16:04:09.000Z,Para de mentir!,0,0,0,https://twitter.com/AlencarBraga13/status/1635018651924570112
Valéria de A. Gomes,@ValriaG37707042,https://twitter.com/ValriaG37707042/status/1635316630959030274,2023-03-13T16:27:22.000Z,Igual a solução que ele deu para baixar a conta de luz em seu mandato anterior? Acho que a experiência mostrou que esse sistema não dá muito certo.,0,0,0,https://twitter.com/AlencarBraga13/status/1635018651924570112
Felipe Couto,@coutofelipeof,https://twitter.com/coutofelipeof/status/1635077073495785473,2023-03-13T00:35:27.000Z,Ainda acreditam em almoço grátis...,1,0,8,https://twitter.com/AlencarBraga13/status/1635018651924570112
José Luiz,@jluizfagundes1,https://twitter.com/jluizfagundes1/status/1635436235614298114,2023-03-14T00:22:38.000Z,"Até agora, pão e circo",0,0,0,https://twitter.com/AlencarBraga13/status/1635018651924570112
Fazuelle Neto,@Fazuelidesouza,https://twitter.com/Fazuelidesouza/status/1635107728816488455,2023-03-13T02:37:16.000Z,"É a picanha aérea!!! Gol e azul quebrando em 3,2…..",0,0,4,https://twitter.com/AlencarBraga13/status/1635018651924570112
Brasil Black Belt,@brazuKblackbelt,https://twitter.com/brazuKblackbelt/status/1635228660298039296,2023-03-13T10:37:48.000Z,De onde vão roubar esse dinheiro?,0,0,0,https://twitter.com/AlencarBraga13/status/1635018651924570112
isaias ladislau,@Isaiasladislau,https://twitter.com/Isaiasladislau/status/1635104638977593349,2023-03-13T02:24:59.000Z,Não paga nem o custo da tripulação e taxiagem da aeronave...,0,0,0,https://twitter.com/AlencarBraga13/status/1635018651924570112
Rosi,@rosirodriguesd1,https://twitter.com/rosirodriguesd1/status/1635092863439745024,2023-03-13T01:38:11.000Z,La vamos nós,0,0,0,https://twitter.com/AlencarBraga13/status/1635018651924570112
Thaisi A. B. de Andrade,@thaisiaa,https://twitter.com/thaisiaa/status/1635040650453471232,2023-03-12T22:10:43.000Z,❤️,0,0,0,https://twitter.com/AlencarBraga13/status/1635018651924570112
Leonir Becker,@leonir_becker,https://twitter.com/leonir_becker/status/1635219878549524485,2023-03-13T10:02:54.000Z,Além de mentiroso é milagreiro também?,0,0,0,https://twitter.com/AlencarBraga13/status/1635018651924570112
Política Ambiental pra valer,@fiscaldoibama2,https://twitter.com/fiscaldoibama2/status/1635123577405190144,2023-03-13T03:40:14.000Z,Populismo barato de meia tigela. Vai destruir o setor aéreo,0,0,0,https://twitter.com/AlencarBraga13/status/1635018651924570112
Ana Galdino,@anagaldino02,https://twitter.com/anagaldino02/status/1635133416395128832,2023-03-13T04:19:20.000Z,"Investir em consumo é tacar 🔥 fogo num palheiro e quando o fogo apagar alguém vai pagar as contas lá adiante, mas ñ são os ricos.",0,0,0,https://twitter.com/AlencarBraga13/status/1635018651924570112
Douglas Nascimento,@douglasnatal7,https://twitter.com/douglasnatal7/status/1635236797012930560,2023-03-13T11:10:08.000Z,Voo com destino a Cuba,0,0,0,https://twitter.com/AlencarBraga13/status/1635018651924570112
Brazilnewsrn,@Brazilnewsrn2,https://twitter.com/Brazilnewsrn2/status/1635247990167470081,2023-03-13T11:54:36.000Z,Bilhete pra PAPUDA?,0,0,0,https://twitter.com/AlencarBraga13/status/1635018651924570112
Brazilnewsrn,@Brazilnewsrn2,https://twitter.com/Brazilnewsrn2/status/1635248346083504130,2023-03-13T11:56:01.000Z,Primeiramente cumpra  com a picanha com certeza PETRALHA ass@ssino,0,0,0,https://twitter.com/AlencarBraga13/status/1635018651924570112
TELES de Oliveira,@telesrobertodeo,https://twitter.com/telesrobertodeo/status/1635032556189134850,2023-03-12T21:38:33.000Z,Ele é dono de empresa de transporte aéreo?,0,0,1,https://twitter.com/AlencarBraga13/status/1635018651924570112
Iza Ferreira Albino,@iza_albino,https://twitter.com/iza_albino/status/1635463632942137345,2023-03-14T02:11:30.000Z,😅😅😅,0,0,0,https://twitter.com/AlencarBraga13/status/1635018651924570112
Tiago Lume,@_8052,https://twitter.com/_8052/status/1635037477210836993,2023-03-12T21:58:06.000Z,Adivinhem quem vai pagar a diferença kkkkkkk. NÃO EXISTE ALMOÇO GRÁTIS,0,0,9,https://twitter.com/AlencarBraga13/status/1635018651924570112
Sanai Matsuzaki,@sanai_nai,https://twitter.com/sanai_nai/status/1635036341468794881,2023-03-12T21:53:35.000Z,Obaaaaaa!,0,0,1,https://twitter.com/AlencarBraga13/status/1635018651924570112
Lila Ribeiro Tv,@LilaRibeiroTv1,https://twitter.com/LilaRibeiroTv1/status/1635065058828091393,2023-03-12T23:47:42.000Z,"Dale LULA
LLLLLLLLLLL",1,0,1,https://twitter.com/AlencarBraga13/status/1635018651924570112
O Libertário,@olibertariobr,https://twitter.com/olibertariobr/status/1635050671476199425,2023-03-12T22:50:32.000Z,Novamente o governo interferindo nos mercados. A bomba vai estourar a longo prazo.,0,0,1,https://twitter.com/AlencarBraga13/status/1635018651924570112
Ana Saraiva,@ANALUIZ91808167,https://twitter.com/ANALUIZ91808167/status/1635110704096350209,2023-03-13T02:49:05.000Z,"Ah é, tudo caro, a gente se virando do avesso para pagar as contas e vocês querendo que as pessoas viagem, pra onde cara, vão pagar a hospedagem também? Vão trabalhar para facilitar a vida do povo e parem de aumentar impostos",0,0,0,https://twitter.com/AlencarBraga13/status/1635018651924570112
SEMAMIGO.com.br,@semamigo,https://twitter.com/semamigo/status/1635057823104253955,2023-03-12T23:18:57.000Z,Passagem mais caro para todos os pobres. kkkkk,0,0,0,https://twitter.com/AlencarBraga13/status/1635018651924570112
Cristiane,@Crisfarias38,https://twitter.com/Crisfarias38/status/1635603016450469892,2023-03-14T11:25:21.000Z,Esse desgoverno quer fazer a revisão do saneamento é isso?,0,0,0,https://twitter.com/AlencarBraga13/status/1635018651924570112
Luiz Marcelo Cabral,@luizmarcelocb,https://twitter.com/luizmarcelocb/status/1635111534086213632,2023-03-13T02:52:23.000Z,🤦‍♂️,0,0,1,https://twitter.com/AlencarBraga13/status/1635018651924570112
Thiago manoel,@ventosul86,https://twitter.com/ventosul86/status/1635206077951414272,2023-03-13T09:08:04.000Z,Conta pro povo quem vai pagar a conta?,0,0,0,https://twitter.com/AlencarBraga13/status/1635018651924570112
Anderson sabino,@Anderso56547996,https://twitter.com/Anderso56547996/status/1635267458973200386,2023-03-13T13:11:58.000Z,Terceira idade☘️,0,0,0,https://twitter.com/AlencarBraga13/status/1635018651924570112
Ricardo,@RicardoAlvaroV,https://twitter.com/RicardoAlvaroV/status/1635691479623512092,2023-03-14T17:16:53.000Z,"FODENDO o bolso do pagador de imposto novamente. 
BANDO DE LIXO",0,0,0,https://twitter.com/AlencarBraga13/status/1635018651924570112
Claudio Ulian,@ClaudioUlian30,https://twitter.com/ClaudioUlian30/status/1635448294724849666,2023-03-14T01:10:33.000Z,"Se liga eleitores,  Acorda 🇧🇷 🇧🇷 🇧🇷!!",0,0,0,https://twitter.com/AlencarBraga13/status/1635018651924570112
Marcelo R. C.,@celokrm,https://twitter.com/celokrm/status/1635695796736733186,2023-03-14T17:34:02.000Z,"Esquerdista não deveria existir, sério msmo, o dano que a burrice desses caras causa é incalculável.

NÃO EXISTE ISSO DE PASSAGENS A 200 REAIS, O AVIÃO NÃO LEVANTA VOOU DE GRAÇA, A SOMA DOS CUSTOS É O QUE DEFINE O PREÇO DA PASSAGEM, NÃO A VONTADE DOS PETISTAS ACÉFALOS.",0,0,0,https://twitter.com/AlencarBraga13/status/1635018651924570112
Marcelo R. C.,@celokrm,https://twitter.com/celokrm/status/1635700532940505091,2023-03-14T17:52:51.000Z,"Pra vocês terem uma idéia do quão idiota foi esse projeto, o próprio Lula ficou revoltado. E se Lula achou essa idéia uma m3rda... KKKKKKKKKK Aí tem gente aqui defendendo, vocês enchergam o quão retardad0s vocês são?",0,0,0,https://twitter.com/AlencarBraga13/status/1635018651924570112
Claudinho Mello VILLARS,@MelloVillars,https://twitter.com/MelloVillars/status/1635826117595525120,2023-03-15T02:11:53.000Z,"Quem vai pagar,? Oferecer  eh phoda",0,0,0,https://twitter.com/AlencarBraga13/status/1635018651924570112
edy1976 ramos,@EdDe0209,https://twitter.com/EdDe0209/status/1635587602404319232,2023-03-14T10:24:06.000Z,"Deram 18,00 de aumento no salário mínimo,dizem que agora o pobre vai andar de avião...
Mas o pobre paga aluguel,água,luz e ainda tem que pôr comida na mesa e lá vai ter dinheiro para andar de avião??? Vocês estão de sacanagem...faz a reforma tributária,corta os juros e impostos",0,0,0,https://twitter.com/AlencarBraga13/status/1635018651924570112
Westbird25,@westbird25,https://twitter.com/westbird25/status/1635033661627318273,2023-03-12T21:42:57.000Z,"KKK PIADA PRONTA KKKKK
Esse seu DESGOVERNO da mentira, da enganação, e da FARSA! Só tem promessas mentirosas.",0,0,1,https://twitter.com/AlencarBraga13/status/1635018651924570112
Paulo Bastos,@PauloBa19262160,https://twitter.com/PauloBa19262160/status/1635026696247312386,2023-03-12T21:15:16.000Z,"Agora que os metidos  a rico, vão morder o ombro, de tanto ciúmes em ver o pobre viajando de asa dura.",2,0,0,https://twitter.com/AlencarBraga13/status/1635018651924570112
Regina Sartoretto,@ReginaSatereza,https://twitter.com/ReginaSatereza/status/1635421953883508738,2023-03-13T23:25:53.000Z,"É piada? Quem serão os beneficiados ? Esquemão PT, o “ pai dos pobres” vai proporcionar viagens de avião pros filhos?",0,0,0,https://twitter.com/AlencarBraga13/status/1635018651924570112
BONFIMFRAGA,@Fraga_jb,https://twitter.com/Fraga_jb/status/1635691452964515852,2023-03-14T17:16:46.000Z,MAMADOR DO SACO DO #LulaLadrao,0,0,0,https://twitter.com/AlencarBraga13/status/1635018651924570112
Canêdo Canêdo,@CanedoCando,https://twitter.com/CanedoCando/status/1635167275211980808,2023-03-13T06:33:53.000Z,Kkkkkkkkkkkkkkkk como pode alguém acreditar no Alibaba e seu 513 ladrões,0,0,0,https://twitter.com/AlencarBraga13/status/1635018651924570112
Sincrom,@Sincromm,https://twitter.com/Sincromm/status/1635085799745273859,2023-03-13T01:10:07.000Z,"Ebaaaaaa!!!
Com picanha e cervejinha no vôo.",0,0,0,https://twitter.com/AlencarBraga13/status/1635018651924570112
Lucio Gomes,@luciohlgomes,https://twitter.com/luciohlgomes/status/1635345374234972162,2023-03-13T18:21:35.000Z,E vá para a pqp!,0,0,0,https://twitter.com/AlencarBraga13/status/1635018651924570112
Ademir,@adbarrete2016,https://twitter.com/adbarrete2016/status/1635321108147863553,2023-03-13T16:45:09.000Z,O lanche da viagem e de picanha?,0,0,0,https://twitter.com/AlencarBraga13/status/1635018651924570112
Diego Fabio,@DiegoFabio29,https://twitter.com/DiegoFabio29/status/1635122259596836865,2023-03-13T03:35:00.000Z,Vixi vai roubar oq sera,0,0,0,https://twitter.com/AlencarBraga13/status/1635018651924570112
Ricardo Caseiro,@RicardoCaseiro7,https://twitter.com/RicardoCaseiro7/status/1635219234455429127,2023-03-13T10:00:21.000Z,"Que projeto, seu imbecil? Ela será impeachmado antes de junho de 2023...R.I.P. Luladrão",0,0,0,https://twitter.com/AlencarBraga13/status/1635018651924570112
Erik Wick,@erikperes136,https://twitter.com/erikperes136/status/1635723092965163014,2023-03-14T19:22:30.000Z,Onde esse ladrão se mete tem roubo!,0,0,0,https://twitter.com/AlencarBraga13/status/1635018651924570112
EspíritoConservador,@EspritoConserv1,https://twitter.com/EspritoConserv1/status/1635324725277917184,2023-03-13T16:59:32.000Z,"Deputado, explica o aumento de 18 reais de salário mínimo, o aumento dos combustíveis e o aumento dos salários dos deputados? Obrigado.",0,0,0,https://twitter.com/AlencarBraga13/status/1635018651924570112
Sad Ana,@SadAna0416437,https://twitter.com/SadAna0416437/status/1635382471939481600,2023-03-13T20:48:59.000Z,KKKKKKKKKKKKK. ME ENGANA QUE EU NAO GOSTO PASPALHO PETISTA. KKKKKKK,0,0,0,https://twitter.com/AlencarBraga13/status/1635018651924570112
Wagner Santos,@WAGNER_MANAGER,https://twitter.com/WAGNER_MANAGER/status/1635379481241341952,2023-03-13T20:37:06.000Z,"E a diferença nós pobres mortais pagamos.
Picaretas, safados 🤮🤮🤮",0,0,0,https://twitter.com/AlencarBraga13/status/1635018651924570112
Henrique Araujo,@hmca04,https://twitter.com/hmca04/status/1635271080448512000,2023-03-13T13:26:22.000Z,"Aí você paga os duzentos e o governo Federal paga o resto, com o meu dinheiro e o de muitos outros, que pagamos os impostos, enquanto isso você paga os 200 e não esquece da hospedagem, alimentação e outras coisinhas.",0,0,0,https://twitter.com/AlencarBraga13/status/1635018651924570112
Sergio,@Sergio61116297,https://twitter.com/Sergio61116297/status/1635338789974593537,2023-03-13T17:55:25.000Z,E vai gastar mais 200 pra chegar no aeroporto com o preço da gasolina,0,0,0,https://twitter.com/AlencarBraga13/status/1635018651924570112
Marcelo Lirio,@MarceloLirio51,https://twitter.com/MarceloLirio51/status/1635268524129280004,2023-03-13T13:16:12.000Z,O Guedes não vai gostar ele não quer ver empregadas domésticas viajando para Disney.,0,0,0,https://twitter.com/AlencarBraga13/status/1635018651924570112
Anderson Cardoso,@Anderso71905367,https://twitter.com/Anderso71905367/status/1635377043742547975,2023-03-13T20:27:25.000Z,VAI VIAJAR E VAI TER QUE LEVAR 10 MIL PARA COMPRAR COMIDA 🤣.,0,0,0,https://twitter.com/AlencarBraga13/status/1635018651924570112
Rogério Wisniewski Junior,@Rogeriowisjr,https://twitter.com/Rogeriowisjr/status/1635640458314481667,2023-03-14T13:54:08.000Z,Desse jeito???,0,0,0,https://twitter.com/AlencarBraga13/status/1635018651924570112
Elsio L Coelho,@ElsioCoelho23,https://twitter.com/ElsioCoelho23/status/1635357181280407552,2023-03-13T19:08:30.000Z,"Kkkkkk

Só tem imbecil nesse governo ......",0,0,0,https://twitter.com/AlencarBraga13/status/1635018651924570112
Marcelo Ribeiro,@Marcelo42911112,https://twitter.com/Marcelo42911112/status/1635643048385298433,2023-03-14T14:04:26.000Z,Acabou com a guerra 🤔🤔🤔 🤣🤣🤣🤣🤣🤣🤣🤣🤣🤣🤣🤣🤣o comédia é vergonha mundial 🤣🤣🤣🤣,0,0,0,https://twitter.com/AlencarBraga13/status/1635018651924570112
DotHung,@dothung2022xxx,https://twitter.com/dothung2022xxx/status/1635101081142427648,2023-03-13T02:10:51.000Z,Uhuuuuu... aeroporto virando rodoviária de novo para o pavor da elite nojenta. Fazuele!!! Uhuuuuuuu,0,0,0,https://twitter.com/AlencarBraga13/status/1635018651924570112
Emerson Juliano,@HreciukE,https://twitter.com/HreciukE/status/1635097116770201600,2023-03-13T01:55:05.000Z,Picaretagem pura!,0,0,0,https://twitter.com/AlencarBraga13/status/1635018651924570112
silvio yamamoto,@kibojp,https://twitter.com/kibojp/status/1635128096033767424,2023-03-13T03:58:11.000Z,"Está preparado pra ver as companhias aéreas vazando do país? 
Para haver redução nos preços, deve haver concorrência. 
É a lei de mercado.",0,0,0,https://twitter.com/AlencarBraga13/status/1635018651924570112
older alfa,@older814546961,https://twitter.com/older814546961/status/1635090585794256897,2023-03-13T01:29:08.000Z,Piada,0,0,0,https://twitter.com/AlencarBraga13/status/1635018651924570112
Fábio Guerra,@FbioGuerra9,https://twitter.com/FbioGuerra9/status/1635188298120577029,2023-03-13T07:57:25.000Z,"Deve ser uma viagem do tipo, picanha mais barata, só que ninguém explica que a picanha barata é a fatiada, e picanha fatiada já deixou de ser picanha, mas pra quem é, tá bom pacas.
O Brasil só vai melhorar quando mentirosos como vc, desaparecerem!!!",0,0,0,https://twitter.com/AlencarBraga13/status/1635018651924570112
Giampaolo Albieri Junior,@AlbieriJunior,https://twitter.com/AlbieriJunior/status/1635109113268174848,2023-03-13T02:42:46.000Z,#LuladraoDesgracaEDestruicao,0,0,0,https://twitter.com/AlencarBraga13/status/1635018651924570112
Brasileira,@MONICANUNESDAS6,https://twitter.com/MONICANUNESDAS6/status/1635095336648859648,2023-03-13T01:48:01.000Z,"#CPIde08dejaneiro 
O senhor tem alguma informação de como anda?
O senhor é a favor do esclarecimento que essa CPI trará para todos os brasileiros?
O que o senhor tem a falar sobre o comportamento de @LulaOficial oferecendo dinheiro e cargos para quem retirar o nome da lista?",0,0,0,https://twitter.com/AlencarBraga13/status/1635018651924570112
Mari,@never_turn_left,https://twitter.com/never_turn_left/status/1635122986637463553,2023-03-13T03:37:53.000Z,"Eu não sei quem é mais imbecil: quem acredita numa merda dessa ou quem faz propaganda achando que alguém vai acreditar!?!?
De qualquer forma, os dois são imbecis.",0,0,0,https://twitter.com/AlencarBraga13/status/1635018651924570112
Mac Allister,@MacAllister5,https://twitter.com/MacAllister5/status/1635252377975681026,2023-03-13T12:12:03.000Z,Kkkkkkkk vou morrer de rir aqui,0,0,0,https://twitter.com/AlencarBraga13/status/1635018651924570112
@laisco 10,@laisco 10,https://twitter.com/lairton_ripardo/status/1635340881619460096,2023-03-13T18:03:43.000Z,"Baratinho mesmo...sendo pago pelo próprio povo , com 18 reais de aumento do salário mínimo, voltando os impostos em tudo... parabéns pra qem fez o L ,de ladrão!!!!",0,0,0,https://twitter.com/AlencarBraga13/status/1635018651924570112
Nicolly Dias,@Nicolly69493456,https://twitter.com/Nicolly69493456/status/1635264595177930752,2023-03-13T13:00:35.000Z,"Kkkkkkkkkkkkkkkkkkkkkkkkkkkkkkkkkkkkkkkkkkkkkkkkkkkkkkkk jumento, nao cumpriu nem o que prometeu",0,0,0,https://twitter.com/AlencarBraga13/status/1635018651924570112
Antonio Cordeiro Trin,@an821995171,https://twitter.com/an821995171/status/1635271085066432512,2023-03-13T13:26:23.000Z,É o pão e circo do molusco pra enganar os pobres!!! Kkkkkkkkkkk,0,0,0,https://twitter.com/AlencarBraga13/status/1635018651924570112
Ary miorim Nobrega,@AryMiorim,https://twitter.com/AryMiorim/status/1635310574820278272,2023-03-13T16:03:18.000Z,"Kkkkkkkkkk!!!!

Virou comediante @AlencarBraga13 !!!

Vagabundo…",0,0,0,https://twitter.com/AlencarBraga13/status/1635018651924570112
Carlos H Cheers,@carlos_H_cheers,https://twitter.com/carlos_H_cheers/status/1635655963968430082,2023-03-14T14:55:45.000Z,"preparasse para o novo Confins, que no final vai torna as passagens inviáveis para a galera fora do grupo, e empurra todas essas pessoas para os ônibus,",0,0,0,https://twitter.com/AlencarBraga13/status/1635018651924570112
Alexandre F Aldecoa,@AFAldecoa,https://twitter.com/AFAldecoa/status/1635260553777250304,2023-03-13T12:44:32.000Z,Inicialmente olha a saúde financeira das empresas aéreas…,0,0,0,https://twitter.com/AlencarBraga13/status/1635018651924570112
Maria2,@il_za,https://twitter.com/il_za/status/1635251708153716737,2023-03-13T12:09:23.000Z,"Enquanto isso Vários bairros e comunidades sem saneamento básico sem água  . Quando irão tratar do que realmente o povo precisa 🤔Faz o L
Façam o L
O Brasil com Lula e PT é Ladeira abaixo",0,0,2,https://twitter.com/AlencarBraga13/status/1635018651924570112
Artur,@arturcordeiro,https://twitter.com/arturcordeiro/status/1635347463036104704,2023-03-13T18:29:53.000Z,Virou vidente deputado? Um projeto burro de um governo burro que não entende de economia.,0,0,0,https://twitter.com/AlencarBraga13/status/1635018651924570112
Anderson lozovoi,@AndersonLozovoi,https://twitter.com/AndersonLozovoi/status/1635135024243806208,2023-03-13T04:25:43.000Z,"Quantos projetos o lula tem e quantos ele realizou.
Cara de pau",0,0,0,https://twitter.com/AlencarBraga13/status/1635018651924570112
Fernndo,@fernandoquadros,https://twitter.com/fernandoquadros/status/1635076965890949120,2023-03-13T00:35:01.000Z,"E quem paga a conta animal???? PT sempre sendo PT...
Se apropriando do alheio para fortalecer o populismo.",0,0,0,https://twitter.com/AlencarBraga13/status/1635018651924570112
vanystm,@vanystm1,https://twitter.com/vanystm1/status/1635090715213717504,2023-03-13T01:29:39.000Z,É o resultado é que o povo vai pagar esse conta não existe almoço grátis agora o preço dás passagens vai dobrar prá cobrir esse benefício.,0,0,0,https://twitter.com/AlencarBraga13/status/1635018651924570112
Estágio da Lokura,@Estagiodalokura,https://twitter.com/Estagiodalokura/status/1635103145142652932,2023-03-13T02:19:03.000Z,"Puta que pariu, kkkkkkk só petista mesmo.",0,0,0,https://twitter.com/AlencarBraga13/status/1635018651924570112
ALCz,@alexandrecruzzz,https://twitter.com/alexandrecruzzz/status/1635070806631018497,2023-03-13T00:10:33.000Z,Vc vai pagar o dobro no seu imposto.,0,0,0,https://twitter.com/AlencarBraga13/status/1635018651924570112
luis junior,@Descondenado23,https://twitter.com/Descondenado23/status/1635077386009186304,2023-03-13T00:36:41.000Z,Quem pagará o restante do valor da passagem?,0,0,0,https://twitter.com/AlencarBraga13/status/1635018651924570112
Agente da TVA,@AParrudao,https://twitter.com/AParrudao/status/1635094420344430592,2023-03-13T01:44:23.000Z,kkkkkkkkk é tão fácil enganar trouxa nesse pais....,0,0,0,https://twitter.com/AlencarBraga13/status/1635018651924570112
Eleusa Marques vanin,@MarquesEleusa,https://twitter.com/MarquesEleusa/status/1635728412492038144,2023-03-14T19:43:38.000Z,Com milhões  de  pessoas  passando  fome  estão  preocupados  com  passagens  aéreas    acham  que  somos  burro  acham .né,0,0,0,https://twitter.com/AlencarBraga13/status/1635018651924570112
+ um Brasileiro,@umbrasileiro01,https://twitter.com/umbrasileiro01/status/1635099655670472704,2023-03-13T02:05:11.000Z,Qual empresa vai quebrar agora? Não bastou a Varig?,0,0,0,https://twitter.com/AlencarBraga13/status/1635018651924570112
Junior,@Jrlorr,https://twitter.com/Jrlorr/status/1635365327658954752,2023-03-13T19:40:52.000Z,É muita ignorância apoiar isso,0,0,0,https://twitter.com/AlencarBraga13/status/1635018651924570112
cesar lebon voltemos a programação normal,@cesarlebon,https://twitter.com/cesarlebon/status/1635302598222970890,2023-03-13T15:31:36.000Z,Ufa!! Vou poder mandar esses comunistas tudo pra Venezuela 🇻🇪 Cuba 🇨🇺 e Nicarágua; só passagem de ida!!,0,0,0,https://twitter.com/AlencarBraga13/status/1635018651924570112
Fernando Bueno,@FehBuenoo,https://twitter.com/FehBuenoo/status/1635326286519500806,2023-03-13T17:05:44.000Z,Conta pra gente de onde vai sair esse dinheiro deputado,0,0,0,https://twitter.com/AlencarBraga13/status/1635018651924570112
Rumual Eqiça,@fazoelifdp,https://twitter.com/fazoelifdp/status/1635311196609089538,2023-03-13T16:05:46.000Z,"Dinheiro pro translado, hospedagem e alimentação, tiram do cu, né? Hahahahaa",0,0,0,https://twitter.com/AlencarBraga13/status/1635018651924570112
Laine Iar,@LaineIar,https://twitter.com/LaineIar/status/1635249321078837248,2023-03-13T11:59:54.000Z,Igual a picanha kkkkkk q era de soja.,0,0,0,https://twitter.com/AlencarBraga13/status/1635018651924570112
Wilson Junior,@wilsonnevesjr,https://twitter.com/wilsonnevesjr/status/1635071690530234368,2023-03-13T00:14:03.000Z,"Só os fanáticos da seita que passaram pano para as rachadinhas, o cheque de Queiroz para a primeira-dama, os imóveis comprados com dinheiro vivo, o orçamento secreto - acreditam na salvação de Bolsonaro. Sua imagem de homem simples e honesto está destruída",0,0,0,https://twitter.com/AlencarBraga13/status/1635018651924570112
Matias - Meu Koo continua o mesmo,@matiaslopes,https://twitter.com/matiaslopes/status/1635370633679994882,2023-03-13T20:01:57.000Z,"Lula é um grande mentiroso, mais de dois meses de governo e nada de fechar as igrejas evangêlicas dos pastores charlatões, nada de implantar o comunismo em busca de uma sociedade igualitária. Cade os banheiros unissex? Pô assim não dá , não cumpre nada que eu ouvi dizer no zap rs",0,0,0,https://twitter.com/AlencarBraga13/status/1635018651924570112
José Gomes,@JoseRibamarGF,https://twitter.com/JoseRibamarGF/status/1635560754320482305,2023-03-14T08:37:25.000Z,"Meus Caros Irmãos Brasileiros, Vocês já perceberam que os ""Bozonauros"", são pessoas que apresentam um comportamento anormal? São: narcisistas, hipócritas, psicopatas, golpistas, ostentam o que não teem, preconceituosas e sempre destilando ódio?",0,0,0,https://twitter.com/AlencarBraga13/status/1635018651924570112
Marisa victorio da silva,@victorio_marisa,https://twitter.com/victorio_marisa/status/1635053440803155969,2023-03-12T23:01:32.000Z,"✈️Arruma a mala e faz o L! 😃👏🏽✔️ Governo @LulaOficial tem projeto para oferecer passagens aéreas a 200 reais! 
Arruma a mala e faz o L!",2,0,3,https://twitter.com/AlencarBraga13/status/1635018651924570112
Janaína Santos,@JanaSantosjaism,https://twitter.com/JanaSantosjaism/status/1635435713754804226,2023-03-14T00:20:33.000Z,"Governo do presidente @lulaoficial trabalhando para retomar a democracia, a civilidade, o respeito pelas leis e pela ciência, pela educação e pela cultura, pelo meio ambiente e pelos direitos humanos #lulapresidente #presidentelula ❤️ #UniaoeReconstrução #Lula #LulaGovernoDaVida",0,0,0,https://twitter.com/AlencarBraga13/status/1635018651924570112
@cadaorossi,@cadaorossi,https://twitter.com/cadaorossi1/status/1635255790700486657,2023-03-13T12:25:36.000Z,O Brasil está sendo novamente administrado por um ladrão e sua quadrilha #ForaLula,0,0,0,https://twitter.com/AlencarBraga13/status/1635018651924570112
Charle Lima,@CharleLima5,https://twitter.com/CharleLima5/status/1635303344003751936,2023-03-13T15:34:34.000Z,"Não existe almoço gratis, alguém pagará esta conta.",0,0,0,https://twitter.com/AlencarBraga13/status/1635018651924570112
Brasileiro,@benedito_n2,https://twitter.com/benedito_n2/status/1635250360037285888,2023-03-13T12:04:01.000Z,"Quanta idiotice. Fosse assim, que tal as lojas e restaurantes venderem mais barato, aquilo que não venderam?",0,0,0,https://twitter.com/AlencarBraga13/status/1635018651924570112
