nome,usuario,idTweet,dataPublicacao,texto,replies,retweets,likes,tweetPai
Aquilez Nilson,@AquilezN,https://twitter.com/AquilezN/status/1635568127370035201,2023-03-14T09:06:43.000Z,O Fundo Constitucional do DF está sendo desviado criminosamente. É  verba FEDERAL. Investigue,0,0,0,https://twitter.com/AlencarBraga13/status/1635389037212229632
Marisa victorio da silva,@victorio_marisa,https://twitter.com/victorio_marisa/status/1635396539786104833,2023-03-13T21:44:53.000Z,"⭐✊Frente Nacional dos Prefeitos⭐✊✔️Na 84ª Reunião da Frente Nacional dos Prefeitos, em Reconstruir o Brasil é uma tarefa coletiva e os  municípios serão fundamentais nesse desafio! 
Todo apoio aos prefeitos e prefeitas! 
PS: nosso presidente do @PTPaulista13  e colega +",0,0,0,https://twitter.com/AlencarBraga13/status/1635389037212229632
Marisa victorio da silva,@victorio_marisa,https://twitter.com/victorio_marisa/status/1635396855503917056,2023-03-13T21:46:09.000Z,de bancada @kikoceleguim  aqui também. - em centro de convenções,0,0,0,https://twitter.com/AlencarBraga13/status/1635389037212229632
