nome,usuario,idTweet,dataPublicacao,texto,replies,retweets,likes,tweetPai
Adail Filho,@adailfilhoam,https://twitter.com/adailfilhoam/status/1635445518481387521,2023-03-14T00:59:31.000Z,"Aposentados, funcionários públicos e estudantes com salário de até R$ 6.800 serão beneficiados, mas ressalto a importância disso para os estudantes.O estudo muda vidas, e a possibilidade de viajar a preço mais acessível aumenta o acesso a concursos em diferentes localidades.",1,0,2,https://twitter.com/adailfilhoam/status/1635445514870087683
Adail Filho,@adailfilhoam,https://twitter.com/adailfilhoam/status/1635445523543908353,2023-03-14T00:59:32.000Z,"E para nós, da região Norte, que a tempos sofremos com o aumento astronômico das passagens aereas, isso vai ser um divisor de águas.
Que tudo dê certo e o programa seja lançado o mais breve possível.",1,0,4,https://twitter.com/adailfilhoam/status/1635445514870087683
Emanu,@emanotrigueiro,https://twitter.com/emanotrigueiro/status/1635732080037613568,2023-03-14T19:58:12.000Z,É incrível a falta de visão que vcs tem ! Passagem abaixo do custo para alguém vai gerar passagem muito acima do preço justo para os demais … Não existe almoço grátis nobre deputado !!,1,0,0,https://twitter.com/adailfilhoam/status/1635445514870087683
Adail Filho,@adailfilhoam,https://twitter.com/adailfilhoam/status/1635747242970603520,2023-03-14T20:58:28.000Z,O plano é para preencher a ociosidade dos espaços. Os 20% que não são vendidos pelas companhias aereas e permanecem vazios.,0,0,0,https://twitter.com/adailfilhoam/status/1635445514870087683
