nome,usuario,idTweet,dataPublicacao,texto,replies,retweets,likes,tweetPai
Murilo Oliveira,@MuriloO05111008,https://twitter.com/MuriloO05111008/status/1635734860080861184,2023-03-14T20:09:15.000Z,kd o porteiro??? da mansão dos horrores no condominio da milicia,0,0,0,https://twitter.com/BohnGass/status/1635734548016234501
NilMouraP,@NilMouraP1,https://twitter.com/NilMouraP1/status/1635786327957413897,2023-03-14T23:33:46.000Z,#QuemMandouMatarMarielle,0,1,0,https://twitter.com/BohnGass/status/1635734548016234501
Segetto,@segetto,https://twitter.com/segetto/status/1635801222958415874,2023-03-15T00:32:57.000Z,Muito boa pergunta. Vamos melhorar. Quem mandou Adélio tentar matar Bolsonaro? Quem mandou matar Celso Daniel?,0,0,0,https://twitter.com/BohnGass/status/1635734548016234501
Dallagnol: CHUPA QUE A CANA É DOCE!,@CarlosMarquesL3,https://twitter.com/CarlosMarquesL3/status/1635844153119522831,2023-03-15T03:23:33.000Z,"O DESGOVERNO DOS MILICOS BOLSONARISTAS: Meliantes, ladrões, bandidos fardados e narcotraficantes! Genocidas! Generais e coronéis ""mulas"" de joias roubados do povo, mentirosos e abjetos na corrupção de vacinas! Malta fardada suja e branca racista, homofóbica e golpista! Vendidos!",0,0,0,https://twitter.com/BohnGass/status/1635734548016234501
Aquilez Nilson,@AquilezN,https://twitter.com/AquilezN/status/1635779924890877953,2023-03-14T23:08:20.000Z,O Fundo Constitucional do DF está sendo desviado criminosamente. É  verba FEDERAL. Investigue,0,0,0,https://twitter.com/BohnGass/status/1635734548016234501
