nome,usuario,idTweet,dataPublicacao,texto,replies,retweets,likes,tweetPai
Elizabeth Barreto,@Bethscarlett29,https://twitter.com/Bethscarlett29/status/1635901259986214918,2023-03-15T07:10:28.000Z,Precisa ver pra onde vai porque sabemos que o $ sai do nosso bolso!,0,0,16,https://twitter.com/AlencarBraga13/status/1635433746106073088
Joaquim,@QuimQueiroz3,https://twitter.com/QuimQueiroz3/status/1635972621828276225,2023-03-15T11:54:02.000Z,"Ser funcionário público no Brasil,  em termos salariais é um privilégio. Enquanto o assalariado CLT ganha reajuste de R$ 18,00, o funcionário público ganha também o bolsa passagem.",0,0,0,https://twitter.com/AlencarBraga13/status/1635433746106073088
Roberto Sampaio Doria,@betodoria71,https://twitter.com/betodoria71/status/1635796748408061954,2023-03-15T00:15:11.000Z,Só esqueceram de combinar com as empresas aéreas!!! Mais uma papagaiada desse governo atrasado e amador! Mais uma bobagem que não vai sair do lugar. Tá igual a picanha…kkkkk,0,0,0,https://twitter.com/AlencarBraga13/status/1635433746106073088
Alex Silva,@prof_alexsilva,https://twitter.com/prof_alexsilva/status/1635741293082017801,2023-03-14T20:34:49.000Z,Isso é uma piada né ? 🤡🤡🤡,1,0,25,https://twitter.com/AlencarBraga13/status/1635433746106073088
VLOGDOLISBOA,@VlogdoLisboa,https://twitter.com/VlogdoLisboa/status/1635716040469381134,2023-03-14T18:54:28.000Z,Quem vai pagar essa conta ?? Não existe Almoço 🥗 de Graça kkkk,12,13,445,https://twitter.com/AlencarBraga13/status/1635433746106073088
Flavio,@FlavioG2C,https://twitter.com/FlavioG2C/status/1635999404099358721,2023-03-15T13:40:27.000Z,Mais uma irresponsabilidade,0,0,1,https://twitter.com/AlencarBraga13/status/1635433746106073088
Rodrigo Silva,@RodrigoBRMG2,https://twitter.com/RodrigoBRMG2/status/1635718730687578139,2023-03-14T19:05:10.000Z,Funcionário público??? Que legal socializar com grama alheia,1,0,74,https://twitter.com/AlencarBraga13/status/1635433746106073088
Rafa - 777,@Rafa777Xbox,https://twitter.com/Rafa777Xbox/status/1635765000353587200,2023-03-14T22:09:01.000Z,"Opa! Como funciona? As companhias aéreas pagaram o restante? Ou o governo? Se for o governo, de onde vem o dinheiro? Mais impostos?",4,0,2,https://twitter.com/AlencarBraga13/status/1635433746106073088
BigWaveⓅ,@GrandeOndaX,https://twitter.com/GrandeOndaX/status/1636115027378708481,2023-03-15T21:19:54.000Z,"Vai ser igual o esquema de ingressos de meia entrada... 
Quem paga o valor cheio, cobrirá o custo dos meia entrada.... 

Se preparem para as passagens subirem de valor",0,0,1,https://twitter.com/AlencarBraga13/status/1635433746106073088
Jean_Marc Conta Reserva,@Jean_Marc_Nit,https://twitter.com/Jean_Marc_Nit/status/1635574273350803457,2023-03-14T09:31:08.000Z,"Quem está assim são as Cias. Aéreas, devem formar o “Clube das Aéreas”, vendendo passagens a $200 e o Governo paga $2 mil. Depois, devolvem parte disso em propina ou financiam campanhas de bandidos (lembra do Petrolão?). 33 milhões passando fome (???), mas a prioridade é voar…",2,17,191,https://twitter.com/AlencarBraga13/status/1635433746106073088
MATEUS,@mateus_scu,https://twitter.com/mateus_scu/status/1635718366756208648,2023-03-14T19:03:43.000Z,Foi por isso que fiz o L,3,4,34,https://twitter.com/AlencarBraga13/status/1635433746106073088
@Silbeto2023,@Silbeto2023,https://twitter.com/SilBeto2022/status/1636017804150177796,2023-03-15T14:53:34.000Z,Kkkkkkkkkkk kkkkkkkkkkk kkkkkkkkkkk kkkkkkkkkkk kkkkkkkkkkk Vai dar certo.,0,0,0,https://twitter.com/AlencarBraga13/status/1635433746106073088
C.L.@.R.K,C.L.@.R.K,https://twitter.com/Clark_1000/status/1635612675442081794,2023-03-14T12:03:44.000Z,Promete e não cumpre nada,0,1,3,https://twitter.com/AlencarBraga13/status/1635433746106073088
pr. Haroldo.,@haroljs,https://twitter.com/haroljs/status/1635726419748585473,2023-03-14T19:35:43.000Z,Avião da FAB? Como fez o ministro que veio ao interior de sp pra acompanhar apresentação de cavalos?,0,0,8,https://twitter.com/AlencarBraga13/status/1635433746106073088
Baianinha,@baianinhaa5,https://twitter.com/baianinhaa5/status/1635791523932413952,2023-03-14T23:54:25.000Z,Tem que lançar pra quem tem bolsa família tb,0,0,0,https://twitter.com/AlencarBraga13/status/1635433746106073088
Najla Chamon,@ChamonNajla,https://twitter.com/ChamonNajla/status/1635711561959342098,2023-03-14T18:36:41.000Z,"Quem paga? Outros passageiros, se tiver é claro.",0,0,7,https://twitter.com/AlencarBraga13/status/1635433746106073088
mariano,@mariano71409800,https://twitter.com/mariano71409800/status/1635842295911030787,2023-03-15T03:16:10.000Z,Petralha atualiza !!!,0,0,0,https://twitter.com/AlencarBraga13/status/1635433746106073088
Alexandre Racchetti,@alexandreracch2,https://twitter.com/alexandreracch2/status/1635606394593484800,2023-03-14T11:38:47.000Z,"R$200 na passagem aérea, subsidiada pela criação de mais um imposto !!! No final, quem paga essa passagem mesmo ?",0,2,46,https://twitter.com/AlencarBraga13/status/1635433746106073088
Rony Locher,@rony_locher,https://twitter.com/rony_locher/status/1635676797344923648,2023-03-14T16:18:32.000Z,"""Vai"" é verbo no infinitivo caro senhor! Dá pra mudar o tempo do verbo?",0,1,4,https://twitter.com/AlencarBraga13/status/1635433746106073088
Maurício G Graciano,@giusepegraciano,https://twitter.com/giusepegraciano/status/1635683861991501828,2023-03-14T16:46:36.000Z,"🤭🤭🤭 Quero ver de onde sairá os subsídios para garantir essa desastrosa viagem. O encantador de jumentos atacando de novo, se não cumpriu com a picanha, quem dirá com passagens a 200,00$  Façam o L jumentada!",0,1,8,https://twitter.com/AlencarBraga13/status/1635433746106073088
Luiz Carlos Romani,@LuizCarlosRom11,https://twitter.com/LuizCarlosRom11/status/1635718812757524499,2023-03-14T19:05:29.000Z,Preparem seus bolsos contribuintes. Mais 1 programa cheio de demagogia e que já deu errado.,0,4,159,https://twitter.com/AlencarBraga13/status/1635433746106073088
Cristiano,@Cristia30960891,https://twitter.com/Cristia30960891/status/1635722826052169728,2023-03-14T19:21:26.000Z,"Advinha quem vai ser o otário que vai pagar a conta, vou dar uma dica não vai ser a @Ludmilla @ClaudiaRaia e muito menos a swingueira da @xuxameneghel 
O Brasil 🇧🇷 do PeTê fede 💩!!!",0,0,4,https://twitter.com/AlencarBraga13/status/1635433746106073088
Jô Cristina,@jocristina_prof,https://twitter.com/jocristina_prof/status/1635724649668521985,2023-03-14T19:28:41.000Z,"Já que vocês tem dinheiro sobrando pra enfiar no 👌🏻dos ""artistas"" acho justo vcs pagarem a hospedagem também!!
Isso aí é Esmola!!!!!!!!!!!",0,0,5,https://twitter.com/AlencarBraga13/status/1635433746106073088
NEILSON LEAO COSTA,@neilsonleao,https://twitter.com/neilsonleao/status/1635750156720037888,2023-03-14T21:10:02.000Z,Que massa tava até querendo conhecer a Disney,0,0,1,https://twitter.com/AlencarBraga13/status/1635433746106073088
MundoFla,@Presida2022,https://twitter.com/Presida2022/status/1635942338429059072,2023-03-15T09:53:42.000Z,O populismo quebrando mais empresas!,0,0,1,https://twitter.com/AlencarBraga13/status/1635433746106073088
Marcio o Matuto,@marciowestin,https://twitter.com/marciowestin/status/1636021406449188877,2023-03-15T15:07:53.000Z,"Pqp, vão criar mais impostos para subsidiar viagens de servidor público... 
Esse é o brasil progressista",0,0,1,https://twitter.com/AlencarBraga13/status/1635433746106073088
SCHINKDH,@SCHINKDH7,https://twitter.com/SCHINKDH7/status/1635682039180537869,2023-03-14T16:39:22.000Z,KKK TEM PASSAGEM A 139 SE LIGA PUXA SACO DE LARÁPIO,0,0,4,https://twitter.com/AlencarBraga13/status/1635433746106073088
Fernando de Paula,@Fernand04362108,https://twitter.com/Fernand04362108/status/1635696556006420503,2023-03-14T17:37:03.000Z,"O brasileiro pobre deveria está triste, pois é ele que irá pagar a fatura.",0,0,4,https://twitter.com/AlencarBraga13/status/1635433746106073088
Lauro Dessoy,@dessoy_lauro,https://twitter.com/dessoy_lauro/status/1635748965994975232,2023-03-14T21:05:18.000Z,"E o trabalhador brasileiro, que rala 5 meses por ano só pra pagar impostos, vai bancar essa imoralidade de novo. Aviões lotados de caipiras desocupados, todos eleitores do partido das trevas.",0,0,1,https://twitter.com/AlencarBraga13/status/1635433746106073088
AntonioGarciaS. Deus - Pátria - Família,@AGarciaS1611,https://twitter.com/AGarciaS1611/status/1636057266116763648,2023-03-15T17:30:23.000Z,"Por 200 reais você não viaja de avião de Guarulhos a Campinas, ou Campinas a Guarulhos.

É a história da picanha recauchutada.",0,0,0,https://twitter.com/AlencarBraga13/status/1635433746106073088
Raulita Freitas,@RaulitaF,https://twitter.com/RaulitaF/status/1635754678976757763,2023-03-14T21:28:00.000Z,"Vcs não tem vergonha de apoiar um governo que  usa cargos públicos como moeda de troca pra retirar os nomes da CPMI DE 08 DE JANEIRO?
Isso não é uma indecência, é uma indecência ao quadrado!",1,1,22,https://twitter.com/AlencarBraga13/status/1635433746106073088
FORA,@Soares71Nelcy,https://twitter.com/Soares71Nelcy/status/1635780235265294341,2023-03-14T23:09:34.000Z,"Amarrar servidor público, estudantes, e aposentados no pé da cadeira, é garantia de cabresto eterno!? Não mais será! Hj trabalhamos incansavelmente para conscientizar as pessoas do golpe socialista de vcs!",0,1,1,https://twitter.com/AlencarBraga13/status/1635433746106073088
Cavaleiro do Apocalipse,@JosdaSil4,https://twitter.com/JosdaSil4/status/1635794575276089344,2023-03-15T00:06:32.000Z,Senhores Militares Honrem a Constituição 🇧🇷,0,0,1,https://twitter.com/AlencarBraga13/status/1635433746106073088
Gabriel Saraiva,@gabriel39670876,https://twitter.com/gabriel39670876/status/1635676134401617927,2023-03-14T16:15:54.000Z,"Olha que Maravilha, mas eu já vi esse filme antes, depois a dívida quem paga é o povo!",0,1,3,https://twitter.com/AlencarBraga13/status/1635433746106073088
Rose,@rosescapim,https://twitter.com/rosescapim/status/1635704994258202624,2023-03-14T18:10:35.000Z,Varig Varig Varig ✈️✈️✈️  😂😂😂😂🤡🤡🤡🤡🤡🤡🤡,0,0,2,https://twitter.com/AlencarBraga13/status/1635433746106073088
Luiz Augusto #DesculpeJairMasEuFui ®,@soubelemlz,https://twitter.com/soubelemlz/status/1635706084122820632,2023-03-14T18:14:55.000Z,"O cidadão que realmente precisa usar as cias aéreas vão amargar com o aumento das passagens porque petista não sabe ou faz-de-conta que não sabe, que não existe almoço grátis.",0,3,108,https://twitter.com/AlencarBraga13/status/1635433746106073088
Mardeni Rodrigues Lacerda,@LacerdaMardeni,https://twitter.com/LacerdaMardeni/status/1635715147703386117,2023-03-14T18:50:55.000Z,"E o trabalhador de verdade,pelo que eu sei aposentados , estudantes e servidor público não gera receita,e aí.",1,1,4,https://twitter.com/AlencarBraga13/status/1635433746106073088
Older,@santbet3761,https://twitter.com/santbet3761/status/1635719249304879108,2023-03-14T19:07:13.000Z,Vem ai o AEROLÃO o novo escândalo político do governo carniça 3,0,0,2,https://twitter.com/AlencarBraga13/status/1635433746106073088
_caa_ Robot com CPF.,@_Cesar_Aug,https://twitter.com/_Cesar_Aug/status/1635746868972929026,2023-03-14T20:56:58.000Z,Deixe de burrice. Não há nada mais caro do que aquilo que o governo te dá de graça.,0,0,10,https://twitter.com/AlencarBraga13/status/1635433746106073088
Alberto A. Silva,@Betoa7Alves,https://twitter.com/Betoa7Alves/status/1635738750020976673,2023-03-14T20:24:43.000Z,"Esse Desgoverno so tem corrupto, Para fazer parte do desgoverno currículo tem que conter no mínimo un 10 crimes por corrupcao desvios de dinheiro publico ou coisas dessa natureza. O Brasil esta quebrado em 3 messes de Baderna.",1,0,27,https://twitter.com/AlencarBraga13/status/1635433746106073088
Adriana Ribeiro Castro,@drika1164,https://twitter.com/drika1164/status/1635783393068630028,2023-03-14T23:22:06.000Z,"Só quem tá fazendo o L é a elite de corruptos de plantão.
De resto o povo já sofre com a hipocrisia de vcs e preços autos em tudo .
Tapar o sol com a peneira não vai impedir a queda.",0,0,8,https://twitter.com/AlencarBraga13/status/1635433746106073088
Marcela,@MarcelaL_Ceara,https://twitter.com/MarcelaL_Ceara/status/1635790013643333632,2023-03-14T23:48:25.000Z,"Quem vai subsidiar o valor referente a outra parte da passsagem, pequeno gafanhoto?!
O descondenado é que não será, não é mesmo?! 🤡",1,0,12,https://twitter.com/AlencarBraga13/status/1635433746106073088
Samuelson,@SamuelsonFelix,https://twitter.com/SamuelsonFelix/status/1635653998060396545,2023-03-14T14:47:56.000Z,"Kkkkkkkkkkkkkkkkkkkkkkkkkkkkkkkkkkkkkkkkkkkkkkkkkkkkkkkkkkkkk
Só tem uma coisa a dizer:
NÃO EXISTE ALMOÇO GRÁTIS!
Prepara o bolso povão!",0,3,182,https://twitter.com/AlencarBraga13/status/1635433746106073088
Sonia de Lima,@SoniadeLima1,https://twitter.com/SoniadeLima1/status/1635717557905653760,2023-03-14T19:00:30.000Z,"Assistam o caso da Varig ,na Brasil Paralelo. 🤷‍♂️🥲🇧🇷🤬",0,3,17,https://twitter.com/AlencarBraga13/status/1635433746106073088
Analítico,@Bluflag_22,https://twitter.com/Bluflag_22/status/1635718893783089175,2023-03-14T19:05:49.000Z,Pq funcionários públicos? A privilegiada classe que já tem estabilidade? Não entendo o porquê disso.,2,1,15,https://twitter.com/AlencarBraga13/status/1635433746106073088
Mirani,@Miranineves,https://twitter.com/Miranineves/status/1635724709584093185,2023-03-14T19:28:55.000Z,Tem sem uns 🤡🤡🤡🤡que vai bancar essa farra.,0,1,1,https://twitter.com/AlencarBraga13/status/1635433746106073088
Jornal da Direita Online,@JornalBrasilOn2,https://twitter.com/JornalBrasilOn2/status/1635729446278922240,2023-03-14T19:47:45.000Z,Foi assim que o governo da época fez a Vasp quebrar,0,1,20,https://twitter.com/AlencarBraga13/status/1635433746106073088
paulo xisto,@pauloxisto,https://twitter.com/pauloxisto/status/1635668512533368833,2023-03-14T15:45:37.000Z,"Os idosos estão aguardando a gratuidade nas passagens aéreas, algo  que é Lei e não é obedecido.",1,0,5,https://twitter.com/AlencarBraga13/status/1635433746106073088
RoseSouza,@RoseSouzaII,https://twitter.com/RoseSouzaII/status/1636008891992383489,2023-03-15T14:18:10.000Z,E assim conseguiram quebrar a Varig e prontos para quebrarem outras empresas aéreas 🤔🤔🤦🏼😅😅,0,0,0,https://twitter.com/AlencarBraga13/status/1635433746106073088
PCezatti,@PCezatti,https://twitter.com/PCezatti/status/1635766579685203971,2023-03-14T22:15:18.000Z,Vai falir as Cias Aéreas como faliu a VARIG e abrir o mercado para a Air China.,0,0,1,https://twitter.com/AlencarBraga13/status/1635433746106073088
Ivan Ricardo,@IvanRic5,https://twitter.com/IvanRic5/status/1635803288884097025,2023-03-15T00:41:10.000Z,kkkkkkkkk Viu a bronca que o Nine deu no ministros fanfarrão!,0,0,1,https://twitter.com/AlencarBraga13/status/1635433746106073088
Betinha,@tiadozap22,https://twitter.com/tiadozap22/status/1635705139418759173,2023-03-14T18:11:09.000Z,😂😂😂😂😂😂 tem que ser muito muitoooooo otário pra acreditar nesse …,0,0,1,https://twitter.com/AlencarBraga13/status/1635433746106073088
C.V.A.P.,@vandre_c,https://twitter.com/vandre_c/status/1635719225527369765,2023-03-14T19:07:08.000Z,Caraca dinheiro do contribuinte para pagar passagem funcionário público. É o fim do mundo. Q venha o meteoro.,0,0,1,https://twitter.com/AlencarBraga13/status/1635433746106073088
LIBERTA QUAE SERA TAMEN,@ElsonFabriJuni2,https://twitter.com/ElsonFabriJuni2/status/1636013102192816128,2023-03-15T14:34:53.000Z,A pergunta que fica é quem vai pagar pela benevolência do Excelentíssimo Senhor Presidente com o dinheiro alheio?,0,0,0,https://twitter.com/AlencarBraga13/status/1635433746106073088
Marcelo Martins,@Marceloflnsc,https://twitter.com/Marceloflnsc/status/1636018730902736896,2023-03-15T14:57:15.000Z,Vai voar nos aviões da FAB?,0,0,0,https://twitter.com/AlencarBraga13/status/1635433746106073088
PL2630? QUEM VAI SER O DITADOR DO BRASIL?,@Fabiano32779690,https://twitter.com/Fabiano32779690/status/1636026571377999874,2023-03-15T15:28:25.000Z,Até o @LulaOficial já deu uma Bronca no Ministro que falou tamanha bobagem! Governo Fake/ Narrativa e Cortina de Fumaça!,0,0,0,https://twitter.com/AlencarBraga13/status/1635433746106073088
André,@andreccaldeira,https://twitter.com/andreccaldeira/status/1636026722356281346,2023-03-15T15:29:01.000Z,"Politicagem eleitoreira!
Não existe almoço grátis.",0,0,0,https://twitter.com/AlencarBraga13/status/1635433746106073088
Nacionalista_NE,@mouraedu2,https://twitter.com/mouraedu2/status/1635710127226355720,2023-03-14T18:30:59.000Z,Funcionários Publicos ?? Porque eles são melhores que funcionários de empresas privadas ?,0,0,12,https://twitter.com/AlencarBraga13/status/1635433746106073088
Helena,@helena_xav,https://twitter.com/helena_xav/status/1635725638609915906,2023-03-14T19:32:37.000Z,"Funcionários públicos??  Olha só: um afago? E por que eles, se já gozam de estabilidade no emprego e boa remuneração? “Mesmo o político ladrão é mais digno que um funcionário público concursado” Lule",0,0,27,https://twitter.com/AlencarBraga13/status/1635433746106073088
Alexandre Jodai,@JodaiHideki,https://twitter.com/JodaiHideki/status/1635772436024025096,2023-03-14T22:38:34.000Z,"Não existe almoço grátis, assim como não existe meia entrada, alguém vai ter que pagar o subsídio, quem será? 
O POVO.
Acertou, miserável!🤡🤡🤡🤡",0,1,6,https://twitter.com/AlencarBraga13/status/1635433746106073088
꧁☬ LIS ☬꧂,@LisLins22,https://twitter.com/LisLins22/status/1635711662475943937,2023-03-14T18:37:05.000Z,"O cara paga 200 no bilhete de 500 e qdo voo atrasa por questões, até de segurança, ele quer quebrar td e processar a Cia aérea como se “pagar”fosse suficiente. Então, benefício seria investir em EDUCAÇÃO. Assim, ngm ia precisar de esmola e o Gov n ia precisar quebrar a Cia Aérea.",0,0,7,https://twitter.com/AlencarBraga13/status/1635433746106073088
Ayeska Carrião,@Ayeskacarriao1,https://twitter.com/Ayeskacarriao1/status/1635731708526964737,2023-03-14T19:56:44.000Z,"Essa é a ideia mais idiota que poderia se ter, e olha que vcs tem diversas.
Todos vão pagar a conta disso.
O povo q precisaria não consegue bancar o resto da viajem e quem pode bancar vai pagar menos... ""genius""",0,0,10,https://twitter.com/AlencarBraga13/status/1635433746106073088
Ana G.,@Ana_Ghr,https://twitter.com/Ana_Ghr/status/1635772528420605952,2023-03-14T22:38:56.000Z,"Para estudantes = Não trabalham
Aposentados = Não trabalham (muitos já trabalharam, neste caso ok). 
Funcionários públicos = Não trabalham

Quem paga a conta? Quem de fato trabalha, quem faz a máquina girar pra sustentar vagabundo.",0,0,5,https://twitter.com/AlencarBraga13/status/1635433746106073088
MATEUS,@mateus_scu,https://twitter.com/mateus_scu/status/1635718317376667682,2023-03-14T19:03:31.000Z,Foi por isso que fiz o L,0,1,1,https://twitter.com/AlencarBraga13/status/1635433746106073088
Myrian M.M.,@MyrianMourao,https://twitter.com/MyrianMourao/status/1635710938710982656,2023-03-14T18:34:12.000Z,E quanto vão aumentar de imposto para pagar essa conta?,0,2,6,https://twitter.com/AlencarBraga13/status/1635433746106073088
Mauricio,@Maurici92990011,https://twitter.com/Maurici92990011/status/1635683693569163264,2023-03-14T16:45:56.000Z,"Todo mundo sabe que isso não vai sair do papel, e se sair podem ter certeza que tem coisa errada por trás.",0,0,9,https://twitter.com/AlencarBraga13/status/1635433746106073088
A verdade liberta,@Bonoro77,https://twitter.com/Bonoro77/status/1635629255617830912,2023-03-14T13:09:37.000Z,"Pão e circo, a conta vem depois 🤡",0,0,3,https://twitter.com/AlencarBraga13/status/1635433746106073088
Maria Gorete,@Mariagoreteo,https://twitter.com/Mariagoreteo/status/1636313120003031042,2023-03-16T10:27:03.000Z,Esse governo é um desastre,0,0,0,https://twitter.com/AlencarBraga13/status/1635433746106073088
Gio Cecco #SUPREMOÉOPOVO #Liberdade,@GiovanaCeccone1,https://twitter.com/GiovanaCeccone1/status/1636328692711321601,2023-03-16T11:28:56.000Z,#foralula,0,0,0,https://twitter.com/AlencarBraga13/status/1635433746106073088
Henrique jorge,@Henriqu74807830,https://twitter.com/Henriqu74807830/status/1636385775502921730,2023-03-16T15:15:46.000Z,Quem não pertencer a esses grupos vai passar a pagar o dobro do preço para compensar a companhia...,0,0,0,https://twitter.com/AlencarBraga13/status/1635433746106073088
karl920,@karl9202,https://twitter.com/karl9202/status/1635733856710975488,2023-03-14T20:05:16.000Z,Tem que falar com Rui Cosa pprimeiro.O Sr não está autorizado a dar este tipo de noticia,0,0,1,https://twitter.com/AlencarBraga13/status/1635433746106073088
Cribc,@Cribc51,https://twitter.com/Cribc51/status/1635999781729214466,2023-03-15T13:41:58.000Z,E o trabalhador da iniciativa privada que ganha no mínimo 2 salários mínimos?? Não terão direito??,0,0,0,https://twitter.com/AlencarBraga13/status/1635433746106073088
Luis... S.O.S JESUS,@LuismarSilvaLi2,https://twitter.com/LuismarSilvaLi2/status/1635681149404971017,2023-03-14T16:35:50.000Z,Que desgraça,0,0,1,https://twitter.com/AlencarBraga13/status/1635433746106073088
Eduardo Black,@Eduardo12383988,https://twitter.com/Eduardo12383988/status/1635688918120013825,2023-03-14T17:06:42.000Z,"Não vai apagar isso, seu chefe está bravo",0,0,2,https://twitter.com/AlencarBraga13/status/1635433746106073088
Débora Salessim,@dsales64,https://twitter.com/dsales64/status/1635727089272864769,2023-03-14T19:38:23.000Z,"As prioridades do governo PT:
- Churras de Picanha (de segunda)
- Passagem aérea
Quem está sem casa, sem alimento, sem água, sem segurança, sem saneamento, sem saúde, sem educação, podem esperar...",0,0,1,https://twitter.com/AlencarBraga13/status/1635433746106073088
Edu Q - Deus acima de tudo e de todos!,@cebritto,https://twitter.com/cebritto/status/1635745531233222662,2023-03-14T20:51:39.000Z,"quem carrega o país nas cotas são os pagadores de impostos, os empreendedores, os micro empresários, os grandes tb obviamente, mas servidor público ter essa benesse ??? VTNC",0,0,1,https://twitter.com/AlencarBraga13/status/1635433746106073088
Nerd_Supremo_Forever,@nerdsupremo_,https://twitter.com/nerdsupremo_/status/1635748058909622272,2023-03-14T21:01:42.000Z,advinha quem vai pagar a conta?,0,0,1,https://twitter.com/AlencarBraga13/status/1635433746106073088
Valegério,@JoseValegerio,https://twitter.com/JoseValegerio/status/1635717683730579477,2023-03-14T19:01:00.000Z,"Isso aí pros políticos se chama oba-oba,tem intenção porém nunca acontece",0,0,0,https://twitter.com/AlencarBraga13/status/1635433746106073088
AleMagnoni,@Alexand50687436,https://twitter.com/Alexand50687436/status/1635765789293789190,2023-03-14T22:12:09.000Z,Aspeta!!,0,0,0,https://twitter.com/AlencarBraga13/status/1635433746106073088
Jabesmar Guimarães,@JabesmarG,https://twitter.com/JabesmarG/status/1635728946259013632,2023-03-14T19:45:45.000Z,"Alguém vai ter que pagar essa conta, e imagino que seja até mesmo o pobre que nunca andou de avião.",0,0,0,https://twitter.com/AlencarBraga13/status/1635433746106073088
Roberto Luís Costa,@Robertoluiscost,https://twitter.com/Robertoluiscost/status/1635677647534448641,2023-03-14T16:21:55.000Z,E quem vai pagar mais essa conta?,0,0,0,https://twitter.com/AlencarBraga13/status/1635433746106073088
Marcelo O Nardo,@MarceloONardo1,https://twitter.com/MarceloONardo1/status/1635725814229598212,2023-03-14T19:33:19.000Z,Quem paga essa conta?,0,0,0,https://twitter.com/AlencarBraga13/status/1635433746106073088
Marlene Salgado de Lima,@Marlene33542659,https://twitter.com/Marlene33542659/status/1635737613804920832,2023-03-14T20:20:12.000Z,Kkkkkkkk,0,0,0,https://twitter.com/AlencarBraga13/status/1635433746106073088
Roni Delicoli,@DelicoliRoni,https://twitter.com/DelicoliRoni/status/1635769135194947584,2023-03-14T22:25:27.000Z,Quem vai pagar essa conta depois em.,0,0,0,https://twitter.com/AlencarBraga13/status/1635433746106073088
PAULO LILIO,@lilio_paulo,https://twitter.com/lilio_paulo/status/1635762789774942208,2023-03-14T22:00:14.000Z,"Gostaria de ver os 120 milhões de brasileiros famintos viajando pelo BRASIL de avião  e  sendo servidos pelas comissárias,felizes! Mais uma  do MENTIROSO, maior que a da picanha!",1,0,3,https://twitter.com/AlencarBraga13/status/1635433746106073088
Tatiane Oliveira,@Tatiane27186234,https://twitter.com/Tatiane27186234/status/1635727992319094784,2023-03-14T19:41:58.000Z,"Kkkkkkkk sério que vc está comemorando isso? Me diga, por gentileza, que tipo classe ele está favorecendo?  Seja sincero!",0,0,0,https://twitter.com/AlencarBraga13/status/1635433746106073088
EDINILSON CALDAS DOS REIS,@CaldasEdinilson,https://twitter.com/CaldasEdinilson/status/1635779663988498433,2023-03-14T23:07:17.000Z,acabou de falar que não vai fazer esse desgoverno tá pior,0,0,0,https://twitter.com/AlencarBraga13/status/1635433746106073088
Marcos Resende,@MarcosR86374365,https://twitter.com/MarcosR86374365/status/1635788050310504449,2023-03-14T23:40:37.000Z,"O Brasil tá uma M.... de novo, isso sim.",0,0,0,https://twitter.com/AlencarBraga13/status/1635433746106073088
J.MACEDO_2022Fortuna Audaces Sequitur,@2022Macedo,https://twitter.com/2022Macedo/status/1635793584325632000,2023-03-15T00:02:36.000Z,"E quem vai pagar a diferença, ""jêniu""? 
O Dilmo?",0,0,0,https://twitter.com/AlencarBraga13/status/1635433746106073088
Dantas 22,@dantasnight,https://twitter.com/dantasnight/status/1635809194543570948,2023-03-15T01:04:38.000Z,Agora vai quebrar as companhias aéreas. 🤦🏽‍♂️@azulinhasaereas @VoeGOLoficial @LATAM_BRA,0,0,0,https://twitter.com/AlencarBraga13/status/1635433746106073088
Carlos PATRIA AMADA,@CarlosR28097841,https://twitter.com/CarlosR28097841/status/1635737879887446025,2023-03-14T20:21:15.000Z,"Ouve o que o povo fala, vcs estão indo na contramão.",0,0,0,https://twitter.com/AlencarBraga13/status/1635433746106073088
WederAlex17,@wederalex17,https://twitter.com/wederalex17/status/1635786916934164483,2023-03-14T23:36:07.000Z,E para quem canta até um salário mínimo continua sem viagem.hehehehhe,0,0,0,https://twitter.com/AlencarBraga13/status/1635433746106073088
Telma,@Telmacsal,https://twitter.com/Telmacsal/status/1635793606874370048,2023-03-15T00:02:42.000Z,Parece q deu ruim né?,0,0,0,https://twitter.com/AlencarBraga13/status/1635433746106073088
Roça do Lipão,@felipepasquoto1,https://twitter.com/felipepasquoto1/status/1635826040785326082,2023-03-15T02:11:34.000Z,Kkkkkkkkkkkkkk mentira ! Fake news,0,0,0,https://twitter.com/AlencarBraga13/status/1635433746106073088
Alexandre Siqueira,@ssicca1,https://twitter.com/ssicca1/status/1635648032921231360,2023-03-14T14:24:14.000Z,#cumplice,0,0,0,https://twitter.com/AlencarBraga13/status/1635433746106073088
Tony Carvalho,@TonyCar14479431,https://twitter.com/TonyCar14479431/status/1635824746066501635,2023-03-15T02:06:26.000Z,Não existe almoço grátis. Com certeza pagaremos a conta. Políticos desse nível pensam que somos idiotas.,0,0,1,https://twitter.com/AlencarBraga13/status/1635433746106073088
Leão Patrick.,@patrickdaouiza,https://twitter.com/patrickdaouiza/status/1635727176279490569,2023-03-14T19:38:43.000Z,"As companhias aéreas não vai baixar os preços.
Aqueles que não tiverem acesso a essas passagens terão que pagar o restante.",0,0,2,https://twitter.com/AlencarBraga13/status/1635433746106073088
A verdade liberta,@Bonoro77,https://twitter.com/Bonoro77/status/1635629135937634305,2023-03-14T13:09:09.000Z,Quem vai pagar a conta para essa galera?,0,0,2,https://twitter.com/AlencarBraga13/status/1635433746106073088
humberto,@humbert67624818,https://twitter.com/humbert67624818/status/1635646095979167745,2023-03-14T14:16:32.000Z,Onde? Não tô vendo ninguém feliz,0,0,3,https://twitter.com/AlencarBraga13/status/1635433746106073088
Meire Schūller,@MeireSchuller,https://twitter.com/MeireSchuller/status/1635725030259654669,2023-03-14T19:30:12.000Z,Ouvindo isto só me lembro de uma cia - Varig ! Um gigante que foi destruído pelo intervencionismo estatal . Tem funcionário que perdeu TUDO . Anos de trabalho a fio .,2,1,38,https://twitter.com/AlencarBraga13/status/1635433746106073088
Robson Popinhak Almeida,@PopinhakRobson,https://twitter.com/PopinhakRobson/status/1635697311878610945,2023-03-14T17:40:03.000Z,"Você acha que só tua mãe fez filho inteligente?!?! Não existe almoço de graça. Você acha que as cias vão fazer isso para todo mundo deixar para comprar de ultima hora e pegar passagem a R$200,00. Fico me perguntando se é hipocrisia ou mau-caratismo. Do the L 🤡",1,1,9,https://twitter.com/AlencarBraga13/status/1635433746106073088
Laura Brani,@laurabrani,https://twitter.com/laurabrani/status/1635696825066717199,2023-03-14T17:38:07.000Z,E a passagem vai aumentar para os restantes. Não estou vendo vantagem nenhuma nisso.,1,1,11,https://twitter.com/AlencarBraga13/status/1635433746106073088
Samuel Fagundes,@samuel_fagundes,https://twitter.com/samuel_fagundes/status/1635714576565010459,2023-03-14T18:48:39.000Z,Isso é enganação. O Brasil é corrupto mesmo. Emprego só despenca.,0,0,1,https://twitter.com/AlencarBraga13/status/1635433746106073088
Felix De sousa nunes,@agsousanunes,https://twitter.com/agsousanunes/status/1635739370828300301,2023-03-14T20:27:11.000Z,Vai quebrar as linhas aérea igual fez com a vasp e a Varig,0,0,1,https://twitter.com/AlencarBraga13/status/1635433746106073088
Roberto - @robertuns2,Roberto - @robertuns2,https://twitter.com/robertuns2/status/1635703716400472064,2023-03-14T18:05:30.000Z,"Não existe almoço grátis, isso aí as companhias vão repassar ao bolso do trabalhador o que vai  atrapalhar essa classe de viajar de avião, aí sim cai o turismo e o faturamento das empresas, efeito dominó retrógrado ao país, modus operandis PT de ser... Fazueli.",0,0,1,https://twitter.com/AlencarBraga13/status/1635433746106073088
Teo,@teoandre,https://twitter.com/teoandre/status/1635713248870662144,2023-03-14T18:43:23.000Z,Vai sair daonde? Fazueli.,0,0,0,https://twitter.com/AlencarBraga13/status/1635433746106073088
Sandro Xavier,@SandroJXavier,https://twitter.com/SandroJXavier/status/1635727855417020417,2023-03-14T19:41:25.000Z,Piada,0,0,0,https://twitter.com/AlencarBraga13/status/1635433746106073088
Gilson,@gilson10313597,https://twitter.com/gilson10313597/status/1635728099437322240,2023-03-14T19:42:23.000Z,Dinheiro dos impostos vão pagar essa conta........,0,0,0,https://twitter.com/AlencarBraga13/status/1635433746106073088
Marciano Real,@MarcianoOReal,https://twitter.com/MarcianoOReal/status/1635776688226197505,2023-03-14T22:55:28.000Z,Governo dando o dinheiro que não é deles,0,0,0,https://twitter.com/AlencarBraga13/status/1635433746106073088
Sil Mar,@SlviaMarcon2,https://twitter.com/SlviaMarcon2/status/1635932471949680641,2023-03-15T09:14:30.000Z,Quem vai pagar a diferença?,0,0,0,https://twitter.com/AlencarBraga13/status/1635433746106073088
JEFFERSON CUSINATO,@jeffcusinato,https://twitter.com/jeffcusinato/status/1635773633321639938,2023-03-14T22:43:20.000Z,Isso vão quebrar as companhias aéreas como fizeram com a saudosa VARIG.👏🏻👏🏻👏🏻👏🏻👏🏻,0,0,0,https://twitter.com/AlencarBraga13/status/1635433746106073088
Giselda Santos,@BandeiraGiselda,https://twitter.com/BandeiraGiselda/status/1635746002647883777,2023-03-14T20:53:32.000Z,🤣🤣🤣🤣🤣🤥🤥🤥,0,0,0,https://twitter.com/AlencarBraga13/status/1635433746106073088
RaboPreso,@RaboPreso2,https://twitter.com/RaboPreso2/status/1635759092567355395,2023-03-14T21:45:33.000Z,"Tudo lindo.
Não tem almoço grátis banditroxa. 
O povo vai pagar a diferença.",0,0,0,https://twitter.com/AlencarBraga13/status/1635433746106073088
Edi,@edi_2217,https://twitter.com/edi_2217/status/1635957991730995202,2023-03-15T10:55:54.000Z,kkkkkkkk,0,0,0,https://twitter.com/AlencarBraga13/status/1635433746106073088
Alexandre Caruso,@AlexandreCarus4,https://twitter.com/AlexandreCarus4/status/1635737084492218389,2023-03-14T20:18:06.000Z,Alguém acredita nisto ? Óbvio diferença será bancada com os nossos impostos . Mas uma armação para desviarem dinheiro 🤮🤮,0,0,2,https://twitter.com/AlencarBraga13/status/1635433746106073088
Rafael Ribeiro,@RafaelV18378311,https://twitter.com/RafaelV18378311/status/1635635590061326337,2023-03-14T13:34:47.000Z,Populismo barato. Só falta a elite do funcionárismo publico pagar 200 reais.,0,0,3,https://twitter.com/AlencarBraga13/status/1635433746106073088
Luanda Sousza,@luanda_sousza,https://twitter.com/luanda_sousza/status/1635785289862979586,2023-03-14T23:29:39.000Z,"Vai dar super sertu... Paulo freire está de parabéns, vcs estão bem avançados na qualificação. 😆💩",0,0,1,https://twitter.com/AlencarBraga13/status/1635433746106073088
Adriano Amorim75,@AdrianoAmorim75,https://twitter.com/AdrianoAmorim75/status/1635698677065940993,2023-03-14T17:45:29.000Z,"Vamos pagar as FÉRIAS dos outros 😂😂😂😂Já tá bom a INFLACĀO corroendo nosso dinheiro… 

PIB NEGATIVO 🤦🏼‍♂️🤦🏼‍♂️🤦🏼‍♂️",0,0,1,https://twitter.com/AlencarBraga13/status/1635433746106073088
Ary Mattos,@Ary_Mattos_,https://twitter.com/Ary_Mattos_/status/1635694672835227648,2023-03-14T17:29:34.000Z,"nunca antes, na história deste planeta, isso foi feito.
aqui, vai dar certo!
certeza...",0,1,4,https://twitter.com/AlencarBraga13/status/1635433746106073088
fcardenas,@Fernand89922807,https://twitter.com/Fernand89922807/status/1635712834070781952,2023-03-14T18:41:44.000Z,"Outros locais/serviços ociosos que podem servir para projetos do Dilmo: sala de aula, locadora de carro, zona, senado, clínica de implante capilar.",0,0,1,https://twitter.com/AlencarBraga13/status/1635433746106073088
kleber,@kleber01031969,https://twitter.com/kleber01031969/status/1635718301111156751,2023-03-14T19:03:27.000Z,Ah sim! Feliz de novo! SQN,0,1,3,https://twitter.com/AlencarBraga13/status/1635433746106073088
Fernanda Campos,@Fernanda_scampo,https://twitter.com/Fernanda_scampo/status/1635738991419949073,2023-03-14T20:25:40.000Z,"Partiu fazer matrícula EAD, c isso universidades ganham,viajaremos c passagem a 200 e as aviações quebram.",0,0,2,https://twitter.com/AlencarBraga13/status/1635433746106073088
Fabio,@FabioLuis2005,https://twitter.com/FabioLuis2005/status/1635744080792526849,2023-03-14T20:45:54.000Z,"Vai seguir a mesma linha da meia-entrada em eventos culturais e esportivos, ou seja, quem não se enquadra nesses perfis - e que nem sempre é privilegiado financeiramente- irá pagar 2, 3 ou 4x mais.",0,0,2,https://twitter.com/AlencarBraga13/status/1635433746106073088
Mauricio Falcão Junior,@J1Falcao,https://twitter.com/J1Falcao/status/1635744644544724992,2023-03-14T20:48:08.000Z,"Passagem aérea enche barriga ?
Tira a fome da população ?
Narrativas vazias não resolvem os problemas que vocês estão criando.",0,0,1,https://twitter.com/AlencarBraga13/status/1635433746106073088
Sheila,@sheilasoares23,https://twitter.com/sheilasoares23/status/1635643234637553698,2023-03-14T14:05:10.000Z,Quem vai pagar essa conta???,0,0,2,https://twitter.com/AlencarBraga13/status/1635433746106073088
Andrei Izidro,@andreiizidro,https://twitter.com/andreiizidro/status/1635723845108928512,2023-03-14T19:25:29.000Z,"Já estão indo:
UBER, Ifood, 99...

Agora vão embora as companhias aéreas.

Aproveitem hoje, amanhã estará muito pior!",0,0,3,https://twitter.com/AlencarBraga13/status/1635433746106073088
J.Lindem,@Linden_Junior,https://twitter.com/Linden_Junior/status/1635732037733879809,2023-03-14T19:58:02.000Z,"O pobre não consegue pagar a ""ovocanha"", o Desgoverno Federal não  consegue dinheiro nem para ajudar os desabrigados das chuvas pelo Brasil, vai pagar viajem a 200tinho como, se só a bagagem custa mais de 200tinho?🤣",0,0,2,https://twitter.com/AlencarBraga13/status/1635433746106073088
Dogooder,@dogooderjohn,https://twitter.com/dogooderjohn/status/1635751769417584640,2023-03-14T21:16:27.000Z,"Quando o Brasil sair do penúltima lugar em educação e darmos saneamento básico para a metade da população que ainda não tem, daí talvez a gente possa comemorar vôos por 200 reais.",0,0,2,https://twitter.com/AlencarBraga13/status/1635433746106073088
dils santos,@Dils_santos,https://twitter.com/Dils_santos/status/1635765686319415296,2023-03-14T22:11:45.000Z,Esse Cara Quebrou a Petrobrás Agora Quer Destruir e QUEBRAR Também  a Aviação!!!!,0,0,2,https://twitter.com/AlencarBraga13/status/1635433746106073088
Ricardo Politica,@PoliticRicardo,https://twitter.com/PoliticRicardo/status/1635767681570816000,2023-03-14T22:19:41.000Z,Eu sou funcionário público e o povo que pague mais uma kkkk fazueli !,0,0,1,https://twitter.com/AlencarBraga13/status/1635433746106073088
Vini FlaTT,@FlattVini,https://twitter.com/FlattVini/status/1635773125840257026,2023-03-14T22:41:19.000Z,"Populismo é um câncer… mundo entrando em recessão, inflação descontrolada, mas o brasileiro tá feliz pq vai fazer dois voos no ano por 200 reais, nem sabendo das consequências disso pro futuro",0,0,2,https://twitter.com/AlencarBraga13/status/1635433746106073088
Mais Copero,@MaisCopero,https://twitter.com/MaisCopero/status/1635773731275517959,2023-03-14T22:43:43.000Z,Show de bola!!! Vai dar pra trocar as passagens por comida? Não? Então que bela bosta,0,0,1,https://twitter.com/AlencarBraga13/status/1635433746106073088
Sonia Marchi,@SoniaMarchi4,https://twitter.com/SoniaMarchi4/status/1635780627407552515,2023-03-14T23:11:07.000Z,Que piada! Hahahaha,0,0,1,https://twitter.com/AlencarBraga13/status/1635433746106073088
Thamiris,@ThamirisS2Aylla,https://twitter.com/ThamirisS2Aylla/status/1635785068483338241,2023-03-14T23:28:46.000Z,Esse desgoverno é uma piada… onde vamos parar…,0,0,1,https://twitter.com/AlencarBraga13/status/1635433746106073088
elias generi,@EliasGeneri,https://twitter.com/EliasGeneri/status/1635993908499869696,2023-03-15T13:18:37.000Z,Igual a história da picanha e IR de renda kkkkkkk,0,0,0,https://twitter.com/AlencarBraga13/status/1635433746106073088
Rodrigo Pimentel,@_rod_pimentel,https://twitter.com/_rod_pimentel/status/1635966603589304320,2023-03-15T11:30:07.000Z,Quem vai pagar esse rombo?,0,0,0,https://twitter.com/AlencarBraga13/status/1635433746106073088
Rose,@Rose62547972,https://twitter.com/Rose62547972/status/1635975580012118018,2023-03-15T12:05:47.000Z,"O cala boca , para os imbecís",0,0,0,https://twitter.com/AlencarBraga13/status/1635433746106073088
joão helias silva,@jooheliassilva1,https://twitter.com/jooheliassilva1/status/1635995790119247877,2023-03-15T13:26:06.000Z,"E a população pobre? 
Porque Funcionário público tem esse direito, será porque ele tem emprego com estabilidade, tem 13º salário, 14º e alguns até 15º, fora férias proporcionais , vale refeição maior que 2 bolsa família,e estudante o porque deste benefício ele ñ gira economia",0,0,0,https://twitter.com/AlencarBraga13/status/1635433746106073088
Rejane Rodrigues,@rainharejane,https://twitter.com/rainharejane/status/1636003551317991425,2023-03-15T13:56:56.000Z,"Se a ideia é quebrar o Brasil, parabéns, vocês estão no caminho certo!",0,0,0,https://twitter.com/AlencarBraga13/status/1635433746106073088
patricia costa,@PatriciaVasc81,https://twitter.com/PatriciaVasc81/status/1636551783198728192,2023-03-17T02:15:25.000Z,Os militontos vão a loucura...,0,0,0,https://twitter.com/AlencarBraga13/status/1635433746106073088
Ari Souza,@AriSSouza22,https://twitter.com/AriSSouza22/status/1635745052860325900,2023-03-14T20:49:45.000Z,"Pergunta 1 - qual a razão de mais esse privilégio para o funcionalismo público?

Pergunta 2 - como o governo vai subsidiar a diferença nas passagens?

Pergunta 3 - já perguntaram ao povo se eles aceitam pagar essa diferença?",0,0,5,https://twitter.com/AlencarBraga13/status/1635433746106073088
Guilherme,@guiinogueiira_,https://twitter.com/guiinogueiira_/status/1635748106724671489,2023-03-14T21:01:54.000Z,"então vc aumenta o preço da gasolina que todo mundo usa todos os dias pra abaixar o preço das passagens aéreas de alguns e contar vantagem? boa estratégia Lula, mas n me engana",0,0,4,https://twitter.com/AlencarBraga13/status/1635433746106073088
Marco Daher,@MarcoDaher,https://twitter.com/MarcoDaher/status/1635827464986411008,2023-03-15T02:17:14.000Z,E tu que vai pagar a diferença... ou você acha que vai ficar por isso mesmo?,0,0,0,https://twitter.com/AlencarBraga13/status/1635433746106073088
Bob Mendes,@BobMendes49,https://twitter.com/BobMendes49/status/1635875738053214209,2023-03-15T05:29:03.000Z,Duvido e faço pouco. Essa conta não fecha.,0,0,0,https://twitter.com/AlencarBraga13/status/1635433746106073088
Manu Woiciek,@ManuWoiciek,https://twitter.com/ManuWoiciek/status/1635718716846374940,2023-03-14T19:05:06.000Z,Pura enganação,0,0,0,https://twitter.com/AlencarBraga13/status/1635433746106073088
Montanha - Marido de mulher original!,@wmontanha,https://twitter.com/wmontanha/status/1635781304334557187,2023-03-14T23:13:48.000Z,"R$200.00 o trecho????? Um absurdo. Vai vendo, pra ir de porto alegre a salvador vai sair por 600.00 ou mais. Hoje custa 500.00.",0,0,0,https://twitter.com/AlencarBraga13/status/1635433746106073088
Daisy Medeiros 22,@Daisy_Medeiros,https://twitter.com/Daisy_Medeiros/status/1635741490029756442,2023-03-14T20:35:36.000Z,Só esmolas,0,0,0,https://twitter.com/AlencarBraga13/status/1635433746106073088
Pátria Amada,@valerio_elza,https://twitter.com/valerio_elza/status/1635792267406393345,2023-03-14T23:57:22.000Z,"Funcionário público já rouba tanto e ainda quer regalias, ainda mais sendo petista.",0,0,0,https://twitter.com/AlencarBraga13/status/1635433746106073088
@Moises,@Moises,https://twitter.com/Moisessilva2022/status/1635720651297128479,2023-03-14T19:12:48.000Z,Kkkkk sai daí seguidor do Ali baba,0,0,0,https://twitter.com/AlencarBraga13/status/1635433746106073088
Walter Henrique De Oliveira,@WalterH69595956,https://twitter.com/WalterH69595956/status/1635771493580693505,2023-03-14T22:34:49.000Z,Explica aí que é duas no ano inteiro.,0,0,0,https://twitter.com/AlencarBraga13/status/1635433746106073088
Daisy Rhosa,@DekhaRhosa,https://twitter.com/DekhaRhosa/status/1635726066550546435,2023-03-14T19:34:19.000Z,Misericórdia! Isso não vai prestar!,0,0,0,https://twitter.com/AlencarBraga13/status/1635433746106073088
silva,@silva82849179,https://twitter.com/silva82849179/status/1635767147652694017,2023-03-14T22:17:33.000Z,Vocês tem certeza que seus eleitores são idiotas mesmo? Não é possível 🙆🏽🙆🏽🙆🏽,0,0,0,https://twitter.com/AlencarBraga13/status/1635433746106073088
Marcelo O Nardo,@MarceloONardo1,https://twitter.com/MarceloONardo1/status/1635725931229609987,2023-03-14T19:33:46.000Z,Eles estão cagando para quem paga. A conta,0,0,0,https://twitter.com/AlencarBraga13/status/1635433746106073088
60tão,@Ctec5,https://twitter.com/Ctec5/status/1635764564011765762,2023-03-14T22:07:17.000Z,"Sim, direto para Nárnia e sem escala.... Escreve aí somente o valor da taxa de embarque, pode ser a  nacional.",0,0,0,https://twitter.com/AlencarBraga13/status/1635433746106073088
Joselma,@JotinhasBrasil,https://twitter.com/JotinhasBrasil/status/1635765746528575492,2023-03-14T22:11:59.000Z,"Promessas, promessas e promessas.",0,0,0,https://twitter.com/AlencarBraga13/status/1635433746106073088
Nalizando!,@SiqRic,https://twitter.com/SiqRic/status/1635697082420822044,2023-03-14T17:39:08.000Z,Kkkk. Piada.,0,0,0,https://twitter.com/AlencarBraga13/status/1635433746106073088
Leonor Maria Viana lopes,@LeonorVianalo,https://twitter.com/LeonorVianalo/status/1635725342588694528,2023-03-14T19:31:26.000Z,"Eh todo mundo que recebe salario mínimo com aumento de. $18 com certeza agora pode pagar passagens a $200, comprar picanha que baixou $ 0,68. Vc é o cara das notícias boas. Valeu",0,0,0,https://twitter.com/AlencarBraga13/status/1635433746106073088
Faby,@labiolafasantos,https://twitter.com/labiolafasantos/status/1635726835869777940,2023-03-14T19:37:22.000Z,"Funcionários públicos que ganham ate 6 mil reais, não é rico mais também não é baixa renda kkkkkkk vcs são patéticos",0,0,0,https://twitter.com/AlencarBraga13/status/1635433746106073088
PERDEU MANÉ,@MANESEMDENTE,https://twitter.com/MANESEMDENTE/status/1635794136631742470,2023-03-15T00:04:48.000Z,Alguém vai pagar a conta. Estão fazendo caridade com o chapéu dos outros. Pura demagogia,0,0,0,https://twitter.com/AlencarBraga13/status/1635433746106073088
Catia Maria,@CatiaMa11191507,https://twitter.com/CatiaMa11191507/status/1635780646076383235,2023-03-14T23:11:12.000Z,Isso só pode ser pegadinha. O povo não tem dinheiro pra picanha vai ter dinheiro pra viajar kkkkk. Vai procurar algo útil pra fazer.,0,0,0,https://twitter.com/AlencarBraga13/status/1635433746106073088
Marco ABᅠᅠᅠᅠᅠᅠᅠᅠᅠᅠᅠᅠᅠᅠᅠᅠᅠᅠᅠᅠᅠᅠᅠᅠᅠᅠᅠᅠᅠᅠᅠᅠᅠᅠᅠᅠ,@mbuslins,https://twitter.com/mbuslins/status/1635728005807964160,2023-03-14T19:42:01.000Z,Vai ser uma quebradeira dos infernos.,0,0,0,https://twitter.com/AlencarBraga13/status/1635433746106073088
Miriam Chiavegato,@MimiChiavegato,https://twitter.com/MimiChiavegato/status/1635730481516871689,2023-03-14T19:51:51.000Z,Quando?????,0,0,0,https://twitter.com/AlencarBraga13/status/1635433746106073088
José Carlos Dantas Júnior,@JosCarlosDanta6,https://twitter.com/JosCarlosDanta6/status/1635767990326099970,2023-03-14T22:20:54.000Z,"Muito bom , mas quem vai pagar a diferença ?",0,0,0,https://twitter.com/AlencarBraga13/status/1635433746106073088
LulaHonesto (sátira),@LulaHonestoSati,https://twitter.com/LulaHonestoSati/status/1635777166645370882,2023-03-14T22:57:22.000Z,Quem vai pagar isso???,0,0,0,https://twitter.com/AlencarBraga13/status/1635433746106073088
PoA,@poarsmara,https://twitter.com/poarsmara/status/1635773609678450688,2023-03-14T22:43:14.000Z,Por que não tem para quem paga impostos????,0,0,0,https://twitter.com/AlencarBraga13/status/1635433746106073088
Chaves,@ElisabethMirkai,https://twitter.com/ElisabethMirkai/status/1635734636822233094,2023-03-14T20:08:22.000Z,Jura? jura que vão facilitar para que parte da população fuja dessa m. tomada pelo crime em um golpe-de-Estado?,0,0,0,https://twitter.com/AlencarBraga13/status/1635433746106073088
J.Woolf,@WoolfJoana,https://twitter.com/WoolfJoana/status/1635754936435703809,2023-03-14T21:29:02.000Z,Governo q acabou com a Varig,0,0,0,https://twitter.com/AlencarBraga13/status/1635433746106073088
Marco Lacerda,@MarcoLacerda15,https://twitter.com/MarcoLacerda15/status/1635756355175759879,2023-03-14T21:34:40.000Z,Quem vai bancar?,0,0,0,https://twitter.com/AlencarBraga13/status/1635433746106073088
Leduard,@leduard,https://twitter.com/leduard/status/1635772452339961858,2023-03-14T22:38:38.000Z,E vai um block porque de besteira este ano já gastou a cota.,0,0,0,https://twitter.com/AlencarBraga13/status/1635433746106073088
Alba,@Alba12013105,https://twitter.com/Alba12013105/status/1635786093327949828,2023-03-14T23:32:50.000Z,É o famoso “dá com uma mão e retira com a outra”.,0,0,0,https://twitter.com/AlencarBraga13/status/1635433746106073088
Reginaldo dos Santos,@DomReginaldoSam,https://twitter.com/DomReginaldoSam/status/1635765528454217728,2023-03-14T22:11:07.000Z,Burro!,0,0,0,https://twitter.com/AlencarBraga13/status/1635433746106073088
Jefferson,@Jeefferson_87,https://twitter.com/Jeefferson_87/status/1635714908237987851,2023-03-14T18:49:58.000Z,Grande merd4...,0,0,0,https://twitter.com/AlencarBraga13/status/1635433746106073088
Sergio do agitaço,@serjaoagitaco,https://twitter.com/serjaoagitaco/status/1635453088839479296,2023-03-14T01:29:36.000Z,"Os outros não tem direito, precisa ser igualdade para todos, !!!",0,0,1,https://twitter.com/AlencarBraga13/status/1635433746106073088
Thaty Brandao,@ThatyBrandao7,https://twitter.com/ThatyBrandao7/status/1635615234109915137,2023-03-14T12:13:54.000Z,🤡🤣🤣🤣 mas o ônibus tem que pagar?,0,0,1,https://twitter.com/AlencarBraga13/status/1635433746106073088
Erlesson,@erlessoneng,https://twitter.com/erlessoneng/status/1635704610768683019,2023-03-14T18:09:03.000Z,A Varig nesse momento está se mexendo no túmulo @avioesemusicas,0,0,1,https://twitter.com/AlencarBraga13/status/1635433746106073088
Daniella Estrela,@DaniellaBem,https://twitter.com/DaniellaBem/status/1635719060355678216,2023-03-14T19:06:28.000Z,🤣🤣🤣🤣🤣🤣🤣🤣🤣🤣,0,0,1,https://twitter.com/AlencarBraga13/status/1635433746106073088
marcos silva,@marcoss76310026,https://twitter.com/marcoss76310026/status/1635725177035141122,2023-03-14T19:30:47.000Z,CONVERSA PRA OTARIO DORMIR KKK IGUAL A PICANHA E A CERVEJINHA 🤡🤡,0,0,1,https://twitter.com/AlencarBraga13/status/1635433746106073088
Thiago Rodrigues,@thiarqui,https://twitter.com/thiarqui/status/1635725716422823936,2023-03-14T19:32:55.000Z,e dale imposto,0,0,1,https://twitter.com/AlencarBraga13/status/1635433746106073088
Eduardo Pandeló,@epandelo,https://twitter.com/epandelo/status/1635727035778695191,2023-03-14T19:38:10.000Z,Mas pera aí... Não tinha R$ 200 reais para completar os R$600 do Auxílio Brasil ! Agora vai bancar a diferença para vender passagens a R$200 ?  De onde vem essa grana? O Céu é o Limite!?,0,0,1,https://twitter.com/AlencarBraga13/status/1635433746106073088
ligia,@lijolie3d,https://twitter.com/lijolie3d/status/1636006783343796224,2023-03-15T14:09:47.000Z,O coiado n vai comer nem um cafe c pao de queijo no aeroporto,0,0,0,https://twitter.com/AlencarBraga13/status/1635433746106073088
Day Lima,@daylima843,https://twitter.com/daylima843/status/1636014106791628802,2023-03-15T14:38:53.000Z,Eu imagino como não será esses voos,0,0,0,https://twitter.com/AlencarBraga13/status/1635433746106073088
clauson de souza,@clausons,https://twitter.com/clausons/status/1636016641069776899,2023-03-15T14:48:57.000Z,Funcionário público???????????????????????,0,0,0,https://twitter.com/AlencarBraga13/status/1635433746106073088
Innó Luiz,@ArteInno,https://twitter.com/ArteInno/status/1636020173923573767,2023-03-15T15:02:59.000Z,Lá vem mentira de novo. Não se cansam.,0,0,0,https://twitter.com/AlencarBraga13/status/1635433746106073088
"sidney E,sas3₩",@sidneyp68386006,https://twitter.com/sidneyp68386006/status/1636024552638619649,2023-03-15T15:20:23.000Z,"Quem cai pagar a conta ???
Não existe almoço grátis",0,0,0,https://twitter.com/AlencarBraga13/status/1635433746106073088
Levi Ribeiro,@eu_leviribeiro,https://twitter.com/eu_leviribeiro/status/1636025169876779009,2023-03-15T15:22:51.000Z,"O Brasil que não é estudante, idoso nem funcionário público… se deixassem funcionários públicos de fora até que eu concordaria !!!",0,0,0,https://twitter.com/AlencarBraga13/status/1635433746106073088
Dig@o...,Dig@o...,https://twitter.com/RodrigoMartinR7/status/1636030332586606592,2023-03-15T15:43:21.000Z,"Eita  que beleza,  e essa conta quem vai pagar??? O sr @AlencarBraga13 poderia explicar??",0,0,0,https://twitter.com/AlencarBraga13/status/1635433746106073088
Thus Frick,@thusfrick,https://twitter.com/thusfrick/status/1636035858859016195,2023-03-15T16:05:19.000Z,E nós vamos pagar a conta.,0,0,0,https://twitter.com/AlencarBraga13/status/1635433746106073088
Anderson Figueira Fidelis,@andersonff1951,https://twitter.com/andersonff1951/status/1636044203611373587,2023-03-15T16:38:29.000Z,Vem aí o bolsa avião? Quem vai pagar a conta?,0,0,0,https://twitter.com/AlencarBraga13/status/1635433746106073088
cleoborba,@cleoborba,https://twitter.com/cleoborba/status/1636066474816045057,2023-03-15T18:06:58.000Z,e nós quem pagamos. seus abestados.,0,0,0,https://twitter.com/AlencarBraga13/status/1635433746106073088
GEO`S,@georgee1981,https://twitter.com/georgee1981/status/1636079776493338627,2023-03-15T18:59:50.000Z,"ESSAS COMPANHA VAI ACABAR Q NEM A VARIG E VASP , ESSE GOVERNO DE LADRÕES",0,0,0,https://twitter.com/AlencarBraga13/status/1635433746106073088
Eduardo Gaio,@gaioeduardo1,https://twitter.com/gaioeduardo1/status/1636081968327835649,2023-03-15T19:08:32.000Z,E quebra as empresas aéreas .. exemplo a Varig… taxação de preços da passagens e demais imposições … logo falência …. Caminhando bem ….,0,0,0,https://twitter.com/AlencarBraga13/status/1635433746106073088
julio c de araujo,@juliojcda,https://twitter.com/juliojcda/status/1636092875548008454,2023-03-15T19:51:53.000Z,"Alguém paga essa conta, quem será?",0,0,0,https://twitter.com/AlencarBraga13/status/1635433746106073088
Leandro Mcquade,@mcquaidsoares1,https://twitter.com/mcquaidsoares1/status/1636096578053177344,2023-03-15T20:06:36.000Z,"Qual seria o destino, Cuba ou Venezuela? 🙄🤦🏻‍♂️",0,0,0,https://twitter.com/AlencarBraga13/status/1635433746106073088
Renato Klein,@RenatoK13567968,https://twitter.com/RenatoK13567968/status/1636106756613914632,2023-03-15T20:47:02.000Z,Seria melhor salario minimo a 1900 reais do que passagens aéreas o povo nao vive de viagens nao se come passagem,0,0,0,https://twitter.com/AlencarBraga13/status/1635433746106073088
Manoel Trabuco,@manoel_trabuco,https://twitter.com/manoel_trabuco/status/1636148180927512576,2023-03-15T23:31:39.000Z,"Um, dois, três, CIA Aérea quebrando.",0,0,0,https://twitter.com/AlencarBraga13/status/1635433746106073088
Soldado Banido,@SoldadoBanido,https://twitter.com/SoldadoBanido/status/1636170596026286082,2023-03-16T01:00:43.000Z,"E quem disse que eu quero passagem aérea barata, eu quero é médicos para me atender e fazer minha cirurgia o mais rápido possível e não ouvir que só terá médico em junho para saber se eu serei atendido, e com previsão de fazer a cirurgia daqui a 5 anos.",0,0,0,https://twitter.com/AlencarBraga13/status/1635433746106073088
Jurema,@Jurema24762334,https://twitter.com/Jurema24762334/status/1636174173927100420,2023-03-16T01:14:56.000Z,Pago pra ver 😂😂😂😂,0,0,0,https://twitter.com/AlencarBraga13/status/1635433746106073088
Fábio Prado,@FbioPrado18,https://twitter.com/FbioPrado18/status/1636185902123761664,2023-03-16T02:01:32.000Z,Me pergunto quem vai pagar a diferença! A cia aérea não vai ficar com a conta.,0,0,0,https://twitter.com/AlencarBraga13/status/1635433746106073088
Júnior Ferreira,@JniorFe89829360,https://twitter.com/JniorFe89829360/status/1636303842638790656,2023-03-16T09:50:11.000Z,Eu trabalhador informal vou pagar pra esse povo me fudi ! Que não sou aposentado nem funcionário público e não sou estudante tomei no koooooooooooolllllll,0,0,0,https://twitter.com/AlencarBraga13/status/1635433746106073088
isabelpauline_oficial,@Isabelpauline_,https://twitter.com/Isabelpauline_/status/1636353548773384195,2023-03-16T13:07:42.000Z,E para os outros vai aumentar pq de algum lugar vai ter que sair esse custo! Toda vez que reduz algo indevidamente de algum lugar aumenta! Que burrice!,0,0,0,https://twitter.com/AlencarBraga13/status/1635433746106073088
Ivonete santos,@Simone09601821,https://twitter.com/Simone09601821/status/1636380419120832514,2023-03-16T14:54:29.000Z,Kkkkk. É tantos idiotas que não da pra comentar,0,0,0,https://twitter.com/AlencarBraga13/status/1635433746106073088
Paulo Zenha,@PauloZenha2,https://twitter.com/PauloZenha2/status/1636407500693180417,2023-03-16T16:42:05.000Z,"Kkkkk mais uma porta aberta para a propina , cias aéreas estão super felizes , vão vender a 3000 reais",0,0,0,https://twitter.com/AlencarBraga13/status/1635433746106073088
