nome,usuario,idTweet,dataPublicacao,texto,replies,retweets,likes,tweetPai
Evandro - O Brasil é para profissionais,@evandro_jara,https://twitter.com/evandro_jara/status/1635627845023145984,2023-03-14T13:04:01.000Z,Rica ? São todas geração Paulo freire e usam bolsa,0,0,0,https://twitter.com/BohnGass/status/1635593376241164288
Sônia Emerick,@EmerickSonia,https://twitter.com/EmerickSonia/status/1635600045746663424,2023-03-14T11:13:33.000Z,"Será que essa menina já aprendeu a se limpar e lavar as calcinhas? 
Ou será a empregada é que lava??",0,0,0,https://twitter.com/BohnGass/status/1635593376241164288
SEM ANISTIA PRA GOLPISTAS,@CrisCristeca,https://twitter.com/CrisCristeca/status/1635608665112674306,2023-03-14T11:47:48.000Z,Eu não levo a sério nem escuto opiniões de quem não paga pelas próprias calcinhas!,0,0,0,https://twitter.com/BohnGass/status/1635593376241164288
Cachorro louco Revolucionário,@wagnerpereiracu,https://twitter.com/wagnerpereiracu/status/1635596549253222400,2023-03-14T10:59:39.000Z,"A minha esposa se formou com 53 anos, bacharel em Direito",0,1,3,https://twitter.com/BohnGass/status/1635593376241164288
Denise da Costa,@Denisesquerda13,https://twitter.com/Denisesquerda13/status/1635659734878494721,2023-03-14T15:10:44.000Z,Mais rápido do que ela imagina ela mesma terá 40 anos. A vida passa num instante.,0,0,0,https://twitter.com/BohnGass/status/1635593376241164288
Maria Claudia,@MariaCl2021,https://twitter.com/MariaCl2021/status/1635624988504932355,2023-03-14T12:52:40.000Z,Comecei a minha com 41 e fui muito bem acolhida.,0,0,0,https://twitter.com/BohnGass/status/1635593376241164288
