nome,usuario,idTweet,dataPublicacao,texto,replies,retweets,likes,tweetPai
NÃO DÊ PALCO PRA GOLPISTA!!!!,@M4rco4T0N,https://twitter.com/M4rco4T0N/status/1635994159545819141,2023-03-15T13:19:37.000Z,Santa Catarina virou antro da extrema direita... o que sustenta aquilo lá é o turismo... pelo bem da democracia acho que a população deveria pensar 2x antes de ir pra lá e alimentar o obscurantismo,32,2,18,https://twitter.com/BohnGass/status/1635955592199127045
Efrem Mol Peixoto,@EfremMol,https://twitter.com/EfremMol/status/1636030297786527744,2023-03-15T15:43:13.000Z,Parabens A todos os Vereadores,0,0,9,https://twitter.com/BohnGass/status/1635955592199127045
Eduardo Andrade,@DrDuduAndrade,https://twitter.com/DrDuduAndrade/status/1636062642384035841,2023-03-15T17:51:45.000Z,Estamos cansados dessa idolatria por ícones corruptos decaídos!!!,0,0,0,https://twitter.com/BohnGass/status/1635955592199127045
Alex Silva,@prof_alexsilva,https://twitter.com/prof_alexsilva/status/1636187608064696322,2023-03-16T02:08:19.000Z,"O fato não é constrangedor … 
A câmara simplesmente não se rendeu à lacração …",1,1,39,https://twitter.com/BohnGass/status/1635955592199127045
André Sarmento,@AndrSarmento4,https://twitter.com/AndrSarmento4/status/1635957788672245763,2023-03-15T10:55:06.000Z,"Essa semana o Instituto Federal da Bahia, excelência em formação, pesquisa e extensão, concedeu a Gil o título de Doutor Honores Causa. Acho que é mais importante do que um título de uma câmara de vereadores.",23,0,19,https://twitter.com/BohnGass/status/1635955592199127045
Eduardo Andrade,@DrDuduAndrade,https://twitter.com/DrDuduAndrade/status/1636062767126855690,2023-03-15T17:52:14.000Z,"Na Bahia? Ah, sim…",0,0,2,https://twitter.com/BohnGass/status/1635955592199127045
Fernando Mayrink,@fernandomayrink,https://twitter.com/fernandomayrink/status/1636305675977388035,2023-03-16T09:57:28.000Z,Parabéns Câmara de Vereadores de Florianópolis. Isso tem um nome: Autonomia.,0,0,7,https://twitter.com/BohnGass/status/1635955592199127045
Junia Santos,@SantosJunia,https://twitter.com/SantosJunia/status/1635964333007024128,2023-03-15T11:21:06.000Z,"Dizem que a maioria dos sulistas é preconceituosa.Uma pena. A maioria são europeus e descendentes, que vieram em busca de uma vida melhor por aqui, foram bem recebidos, mas já quiseram até se separar do restante do país. Bem ingratos!",14,0,15,https://twitter.com/BohnGass/status/1635955592199127045
Moisés Fernandes de Lima,@MoissFe64074488,https://twitter.com/MoissFe64074488/status/1636007517833555977,2023-03-15T14:12:42.000Z,"Se até hoje esse cidadão não tomou vergonha na cara, aliás promoveu muitos escândalos usando o dinheiro público, então os vereadores estão certos, não tem da aquilo que é honroso a uma pessoa que não respeita nem a se próprio #DeusPatriaFamiliaLiberdade",5,4,58,https://twitter.com/BohnGass/status/1635955592199127045
Mateus Tofanin,@mateus_tofanin,https://twitter.com/mateus_tofanin/status/1636014015603245056,2023-03-15T14:38:31.000Z,Esse aí foi o ministro da cultura envolvido numa probleminhas com dinheiro público né?,2,2,54,https://twitter.com/BohnGass/status/1635955592199127045
Tânia C. B. Cabral,@Tania_Cabral,https://twitter.com/Tania_Cabral/status/1636011051966689281,2023-03-15T14:26:45.000Z,"No que se tornou Santa Catarina, particularmente, Florianópolis: lugar de células de direita extremistas. Estão por toda parte, mas nos estados que formam a região Sul, a situação é pior. Até trabalho escravo no Rio Grande do Sul está sendo denunciado.",37,0,20,https://twitter.com/BohnGass/status/1635955592199127045
Nina545 - 13 Sem anistia!,@naimar_da,https://twitter.com/naimar_da/status/1636010942860328960,2023-03-15T14:26:19.000Z,Essa cidade tá uma vergonha. Gil é um dos convidados p/ a semana cultural q acontecerá a partir do dia 23 de março. E esses políticos fazendo politicagem. Moro em floripa. Mas tenho vergonha desse momento….,12,0,6,https://twitter.com/BohnGass/status/1635955592199127045
riva rocha,@rivarocha4,https://twitter.com/rivarocha4/status/1635994074581745666,2023-03-15T13:19:17.000Z,"Canta fazer algumas músicas , ganhar dinheiro   com isso significa ser gênio , a palavra gênio tá ficando sem significado.",8,1,49,https://twitter.com/BohnGass/status/1635955592199127045
Carina Belomé,@CarinaBelome,https://twitter.com/CarinaBelome/status/1636135247858237442,2023-03-15T22:40:15.000Z,O que ele fez por Florianópolis? NADA,18,12,334,https://twitter.com/BohnGass/status/1635955592199127045
Ivan Veloso,@IvanVeloso3,https://twitter.com/IvanVeloso3/status/1636133659462778880,2023-03-15T22:33:56.000Z,"Artista não é cientista. Não é gênio. O que o gil fez na vida foi fumar maconha e compor música, lógico que era para ganhar dinheiro, ""bem ao estilo capitalista"". O que isso contribuiu para o engrandecimento do Brasil?",1,0,0,https://twitter.com/BohnGass/status/1635955592199127045
Fernando B.P,@FernandoBP19,https://twitter.com/FernandoBP19/status/1636152070800658436,2023-03-15T23:47:06.000Z,🤣🤣🤣🤣👎,0,0,1,https://twitter.com/BohnGass/status/1635955592199127045
Luiz Guimaraes,@leduardo990,https://twitter.com/leduardo990/status/1636185960097382400,2023-03-16T02:01:46.000Z,Esse é uma das coisas ruins de adotar capitalismo pra si e comunismo para o povo!,0,0,1,https://twitter.com/BohnGass/status/1635955592199127045
Mirdo Zicolau,@MZicolau,https://twitter.com/MZicolau/status/1636272324134543360,2023-03-16T07:44:57.000Z,Na minha opinião foi constrangedor para a militância!,0,0,1,https://twitter.com/BohnGass/status/1635955592199127045
Graça Galvão,@GracaMGalvao1,https://twitter.com/GracaMGalvao1/status/1635965136274849794,2023-03-15T11:24:17.000Z,Melhor para Gil. Já pensou receber honrarias de Nazistas?,16,2,14,https://twitter.com/BohnGass/status/1635955592199127045
Rodrigo Carvalho,@Rodrigopedra36,https://twitter.com/Rodrigopedra36/status/1635968723696734208,2023-03-15T11:38:33.000Z,Uma imagem que diz tudo:,3,2,28,https://twitter.com/BohnGass/status/1635955592199127045
Nordestina Antifascista,@DrikaNordestina,https://twitter.com/DrikaNordestina/status/1635974990334943232,2023-03-15T12:03:27.000Z,Eu quero não iria querer me tornar cidadão de uma cidade formada por NAZISTAS. Seria uma macula para imagem de Gil,15,0,2,https://twitter.com/BohnGass/status/1635955592199127045
ALCIMAR TORRES DALUZ,@torrescapitain,https://twitter.com/torrescapitain/status/1636006054814183424,2023-03-15T14:06:53.000Z,O que é Florianópolis para quem cantou toda menina Baiana com Kofi Annan.,1,0,4,https://twitter.com/BohnGass/status/1635955592199127045
"Marcos, com O.",@MVieira_al,https://twitter.com/MVieira_al/status/1636047540826288128,2023-03-15T16:51:44.000Z,Florianópolis sendo Florianópolis. Nada de novo por ali...,1,0,4,https://twitter.com/BohnGass/status/1635955592199127045
Luiz Augusto #DesculpeJairMasEuFui ®,@soubelemlz,https://twitter.com/soubelemlz/status/1636155425581088768,2023-03-16T00:00:26.000Z,"Para quem está comentando a rejeição desse sujeito, parece que te incomodou e muito.
Agora é ir chorar debaixo da cama.😂😂😂😂😂😂😂😂",0,1,15,https://twitter.com/BohnGass/status/1635955592199127045
Bia,@Bia_gaa_,https://twitter.com/Bia_gaa_/status/1636159351734845441,2023-03-16T00:16:02.000Z,Parabéns Florianópolis! Nossa lindíssima capital nunca nos decepciona! 👏👏👏👏👏,0,0,0,https://twitter.com/BohnGass/status/1635955592199127045
Elektra É Jair ou Jair,@ELEKTRA42282505,https://twitter.com/ELEKTRA42282505/status/1636033498921279488,2023-03-15T15:55:56.000Z,"Floripa é a verdadeira cidade maravilhosa! 
Parabéns 💚",0,1,31,https://twitter.com/BohnGass/status/1635955592199127045
JR ORIONI,@zeonirio,https://twitter.com/zeonirio/status/1636101762758180867,2023-03-15T20:27:12.000Z,"Meus parabéns para os vereadores de Floripa, correta decisão!!!",0,0,2,https://twitter.com/BohnGass/status/1635955592199127045
rosangela moura,@rosange06227716,https://twitter.com/rosange06227716/status/1636126474154438656,2023-03-15T22:05:23.000Z,"Ele não fez nada de por  SC, apoia Ladrão e ainda desviu verbas quando era  ministro da Cultura. 
Corrupto não merece homenagem,  merece CADEIA.",0,0,12,https://twitter.com/BohnGass/status/1635955592199127045
Cleber,@c_guirelli,https://twitter.com/c_guirelli/status/1636183609798213633,2023-03-16T01:52:26.000Z,"Genialidade conta mas moral e honestidade também. Tendo sido ministro do governo mais corrupto e incompetente da história, que alias está de volta, fica na sua imaginação se acha correto Florianópolis homenagear esse tipo de pessoa",0,1,10,https://twitter.com/BohnGass/status/1635955592199127045
MBispo,@MBispo10,https://twitter.com/MBispo10/status/1637246570142769154,2023-03-19T00:16:15.000Z,Parabéns aos vereadores de Florianópolis. Não se deve tá homenageando esses usuários de cannabis.,0,0,0,https://twitter.com/BohnGass/status/1635955592199127045
PAULO FERNANDO,@DJPAULOFERNANDO,https://twitter.com/DJPAULOFERNANDO/status/1636129418417504258,2023-03-15T22:17:05.000Z,"Baiano que não mora na Bahia, mora no Rio de Janeiro, no Leblon.
Cidadão honorário de onde?
Vetado. De novo.
FAZ!!",0,0,12,https://twitter.com/BohnGass/status/1635955592199127045
Robson Caetano,@caetanodasilva8,https://twitter.com/caetanodasilva8/status/1636323988287758338,2023-03-16T11:10:14.000Z,PARABÉNS  VEREADORES,0,0,0,https://twitter.com/BohnGass/status/1635955592199127045
marquinho,@marquin47191834,https://twitter.com/marquin47191834/status/1636020111139061761,2023-03-15T15:02:44.000Z,"Constrangedor é um cara que vive de uma lei que beneficia artistas em detrimento do povo, querer ter um título desses.",2,1,78,https://twitter.com/BohnGass/status/1635955592199127045
Vinicius Militão,@vinicius_milito,https://twitter.com/vinicius_milito/status/1636053824363278336,2023-03-15T17:16:42.000Z,Floripa tá certíssima. Esse foi o “gênio” q pela Rouanet escancarou os cofres públicos quando foi ministro da cultura. Tem nada de homenagem não. A homenagem já está no bolso dele faz tempo…,2,1,29,https://twitter.com/BohnGass/status/1635955592199127045
Michel,@MichelTSB,https://twitter.com/MichelTSB/status/1636538503478607873,2023-03-17T01:22:39.000Z,"Não, Péssimo Gass. Ele não fez nada por Florianópolis.",0,0,0,https://twitter.com/BohnGass/status/1635955592199127045
Adriane N V k,@Adriane42764191,https://twitter.com/Adriane42764191/status/1636116015036739587,2023-03-15T21:23:50.000Z,Achei pouco. O que este sujeito tem com Floripa. ??? Nada.  Gil é  da Bahia vá p lá receber sei lá que .,0,0,0,https://twitter.com/BohnGass/status/1635955592199127045
Chico,@Chico7lagoas,https://twitter.com/Chico7lagoas/status/1636136533680967681,2023-03-15T22:45:22.000Z,"PIOR É TER ESSA REJEIÇÃO NO SEU CURRICULO:

""CANTOR BAHIANO GILBERTO GIL É REJEITADO POR UMA PARTE DA POPULAÇÃO BRASILEIRA QUE PREFERE UM REPRESENTANTE MAIS PROXIMO DO POVO, DA FAMILIA, DA PATRIA E DE DEUS.""",0,0,1,https://twitter.com/BohnGass/status/1635955592199127045
João Medero,@JoaoMedero,https://twitter.com/JoaoMedero/status/1636166837648932865,2023-03-16T00:45:47.000Z,Ninguém e obrigado a reverenciar ninguem,0,0,0,https://twitter.com/BohnGass/status/1635955592199127045
GILVAN,@gillvaan,https://twitter.com/gillvaan/status/1636310348104957952,2023-03-16T10:16:02.000Z,Parabéns. Merecido,0,0,0,https://twitter.com/BohnGass/status/1635955592199127045
Lila Rosa,@lilarosa7591,https://twitter.com/lilarosa7591/status/1636152393246048258,2023-03-15T23:48:23.000Z,"FEZ MUITO BEM FLORIANÓPOLIS...
OS IDIOTAS MUNDIAIS RECONHECERAM O QUE NELE?😂😂😂😂😂",0,0,0,https://twitter.com/BohnGass/status/1635955592199127045
Everton1972 Bolsonaro até 2022.,@Everton19721,https://twitter.com/Everton19721/status/1636303356758032385,2023-03-16T09:48:15.000Z,Kkkkkkkkkkk. Besta. Achei foi pouco,0,0,0,https://twitter.com/BohnGass/status/1635955592199127045
Queen Andréa,@aandreavcl,https://twitter.com/aandreavcl/status/1636025579316076544,2023-03-15T15:24:28.000Z,"Sou do Rio, mas já amo Florianópolis ❤️🫶🏻👏🏻👏🏻👏🏻👏🏻🇧🇷",0,0,0,https://twitter.com/BohnGass/status/1635955592199127045
Cassio Erison,@CassioErison,https://twitter.com/CassioErison/status/1636063057540415489,2023-03-15T17:53:24.000Z,O brasileiro tá cansado de bancar esses artistas.,0,0,7,https://twitter.com/BohnGass/status/1635955592199127045
Carlos Alexandre barbosa,@Engcivilbarbos,https://twitter.com/Engcivilbarbos/status/1636149738515881988,2023-03-15T23:37:50.000Z,Nem tudo que é bom para o mundo não quer dizer que é bom para mim🤡🤡🤡 Parabéns Florianópolis..,0,0,3,https://twitter.com/BohnGass/status/1635955592199127045
Jabesmar Guimarães,@JabesmarG,https://twitter.com/JabesmarG/status/1636173657578807296,2023-03-16T01:12:53.000Z,Parabéns aos vereadores de Floripa!,0,0,1,https://twitter.com/BohnGass/status/1635955592199127045
PATRIOTA,@Gabriela6986177,https://twitter.com/Gabriela6986177/status/1636222979506937858,2023-03-16T04:28:52.000Z,"Não aceitar Gilberto Gil como cidadão honorário, é constrangedor para Floripa kkkkkkkkkkkkk conta outra!",0,0,0,https://twitter.com/BohnGass/status/1635955592199127045
PATRIOTA,@Gabriela6986177,https://twitter.com/Gabriela6986177/status/1636223064965881856,2023-03-16T04:29:12.000Z,Quem lacra não lucra!,0,0,0,https://twitter.com/BohnGass/status/1635955592199127045
AntonioGarciaS. Deus - Pátria - Família,@AGarciaS1611,https://twitter.com/AGarciaS1611/status/1636023882195820545,2023-03-15T15:17:44.000Z,"Nem tudo que presta para a esquerda é bom para o país.

Essa esquerda quando não está se promovendo, está tomando dinheiro através da lei Rouanet, ou está roubando.",1,4,40,https://twitter.com/BohnGass/status/1635955592199127045
Angel.S.,@AngelCard25,https://twitter.com/AngelCard25/status/1636292426951274497,2023-03-16T09:04:50.000Z,Parabéns Florianópolis…👏🏻👏🏻👏🏻….título da por mérito.,0,0,2,https://twitter.com/BohnGass/status/1635955592199127045
FORAMOLUSCO,@Excluido03000,https://twitter.com/Excluido03000/status/1636055831966777347,2023-03-15T17:24:41.000Z,Aquele ponto depois do constrangedor não existe,0,0,5,https://twitter.com/BohnGass/status/1635955592199127045
Fábio Mendes,@FbioMen07508020,https://twitter.com/FbioMen07508020/status/1636103031711309827,2023-03-15T20:32:14.000Z,"Kkkkk Bem Feito...Sou Baiano,Mas Gilberto Gil Não Me Representa. Parabéns ao Povo Catarinense...😂😂✌✌👏👏",8,0,21,https://twitter.com/BohnGass/status/1635955592199127045
* Diaz *,@Dmpalmeira,https://twitter.com/Dmpalmeira/status/1636117324104081411,2023-03-15T21:29:02.000Z,Tá certo o vereadores de Florianópolis.,0,0,3,https://twitter.com/BohnGass/status/1635955592199127045
wiliam,@WiliamBamBam,https://twitter.com/WiliamBamBam/status/1636113639848460292,2023-03-15T21:14:23.000Z,Que corra o mundo atrás de reconhecimento e de título então 🤷‍♂️🤷‍♂️🤷‍♂️🤷‍♂️🤷‍♂️🤷‍♂️🤷‍♂️🤷‍♂️🤷‍♂️,0,0,2,https://twitter.com/BohnGass/status/1635955592199127045
Eduardo Fontes,@LemmyAraya,https://twitter.com/LemmyAraya/status/1636013397094400000,2023-03-15T14:36:04.000Z,"E o que Giberto Gil fez em prol da cidade para receber tal título? Ser petista? Em Floripa, isso não funciona.
Se fosse em qualquer cidade do Nordeste, a Cuba brasileira, onde a grande maioria da população é desinformada e necessitada, ele conseguiria facilmente esse título.",3,2,55,https://twitter.com/BohnGass/status/1635955592199127045
Eduardo Braga Filho,@EduBragaFilho,https://twitter.com/EduBragaFilho/status/1636013514262208512,2023-03-15T14:36:32.000Z,"Sinceramente... Gil nem precisa disso. É um favor que os vereadores de Florianópolis fez a ele. 
Lugar lindo, pessoas incríveis, porém mal representados. 
Força Floripa.",3,0,8,https://twitter.com/BohnGass/status/1635955592199127045
Raquel Fioretti,@raquel_fioretti,https://twitter.com/raquel_fioretti/status/1636030455089594368,2023-03-15T15:43:51.000Z,Quais atos de “relevante interesse social” na cidade de Florianópolis foram atribuídos a este cidadão para tal indicação?!!,0,0,3,https://twitter.com/BohnGass/status/1635955592199127045
JSebastiaoBach,@SebastiaoBach,https://twitter.com/SebastiaoBach/status/1636040034850684933,2023-03-15T16:21:55.000Z,Ele apoiou um condenado por corrupção. Isso mancha sua biografia.,0,0,3,https://twitter.com/BohnGass/status/1635955592199127045
Celina Ferreira,@ferreira_celina,https://twitter.com/ferreira_celina/status/1636040003347267596,2023-03-15T16:21:47.000Z,Parabéns para essa câmara 👏🏻👏🏻👏🏻👏🏻,0,0,2,https://twitter.com/BohnGass/status/1635955592199127045
Olga Cavalcante,@olgacavalcantes,https://twitter.com/olgacavalcantes/status/1636059634153734145,2023-03-15T17:39:47.000Z,Parabéns aos vereadores de Florianópolis! 👏🏻👏🏻👏🏻,0,0,3,https://twitter.com/BohnGass/status/1635955592199127045
Pedro Ferrenha Cerqueira Jr,@FerrenhaJr,https://twitter.com/FerrenhaJr/status/1636098591432364035,2023-03-15T20:14:36.000Z,"O que este cara contribuiu para o Brasil? Ficou milionário as custas do dinheiro público, da lei Rouanet Etc",0,0,4,https://twitter.com/BohnGass/status/1635955592199127045
OriChan,@ori_chan59,https://twitter.com/ori_chan59/status/1636099064935612417,2023-03-15T20:16:28.000Z,Parabéns para a Câmara de vereadores de Florianópolis.,0,0,2,https://twitter.com/BohnGass/status/1635955592199127045
ManfredoRosa,@RosaManfredo,https://twitter.com/RosaManfredo/status/1636103977094852616,2023-03-15T20:36:00.000Z,Lulistas dão títulos a lulistas. Ou não?,0,0,4,https://twitter.com/BohnGass/status/1635955592199127045
Márcio de Azevedo Almeida,@MrciodeAzevedo4,https://twitter.com/MrciodeAzevedo4/status/1636192063686340610,2023-03-16T02:26:01.000Z,"Parabéns a câmara, temos que respeitar a cultura de cada região, essa imposição não é democracia, respeito o Gil como irmão e cidadão brasileiro mas, não o vejo como bom exemplo cultural e ponto.",0,0,4,https://twitter.com/BohnGass/status/1635955592199127045
Ruth Tomazi,@RuthTomazi,https://twitter.com/RuthTomazi/status/1636226058193084419,2023-03-16T04:41:06.000Z,Qual foi o mérito dele? Parabéns aos Vereadores de Florianópolis.,0,0,2,https://twitter.com/BohnGass/status/1635955592199127045
Boni Machado,@bonissauro,https://twitter.com/bonissauro/status/1636005321557565440,2023-03-15T14:03:58.000Z,"Citando Nelson Rodrigues, “de gente burra eu só quero as vaias”. Gil é eterno.🥰",2,0,6,https://twitter.com/BohnGass/status/1635955592199127045
꧁☬ LIS ☬꧂,@LisLins22,https://twitter.com/LisLins22/status/1636053601788256257,2023-03-15T17:15:49.000Z,Mas o que Gil fez por Florianópolis que o Brasil não está sabendo?! Melhor explicar ….,1,2,11,https://twitter.com/BohnGass/status/1635955592199127045
Junior_,@baidekk,https://twitter.com/baidekk/status/1636004266082021377,2023-03-15T13:59:47.000Z,"Nem na Bahia ele ganhou esse título, pq seria bom ganhar em Florianópolis?",3,1,19,https://twitter.com/BohnGass/status/1635955592199127045
Rodrigo patriota,@SilvanoPatriota,https://twitter.com/SilvanoPatriota/status/1636315334016638981,2023-03-16T10:35:51.000Z,Será que esse cara já fez alguma coisa em pro de Florianópolis??? Vergonha e se eles tivesse aprovado,0,0,1,https://twitter.com/BohnGass/status/1635955592199127045
General da Banda,@GeneralEstrelas,https://twitter.com/GeneralEstrelas/status/1636343883276615682,2023-03-16T12:29:18.000Z,"Ainda temos decência no parlamento. Vamos crescer esse sentimento de Justiça e Democracia revertendo a enganação da esquerda. O nosso Brasil não será vermelho. Não é pelo Gil, é pela Moral. Min. Se reunindo c traficante, é repugnante. Tudo que vem deles, é para glória do mal.",0,0,1,https://twitter.com/BohnGass/status/1635955592199127045
Daiany Gomes,@DaianyG34914232,https://twitter.com/DaianyG34914232/status/1636426074983743489,2023-03-16T17:55:54.000Z,"Kkkk quem é Gil na fila do pão!?!?!
Me poupe ....",0,0,1,https://twitter.com/BohnGass/status/1635955592199127045
paulo xisto,@pauloxisto,https://twitter.com/pauloxisto/status/1636019993669246978,2023-03-15T15:02:16.000Z,"Homenagear esses lacradores, não faz sentido.",0,0,2,https://twitter.com/BohnGass/status/1635955592199127045
Neuza Vinhal Jaime Cameron,@AgroquimicaB,https://twitter.com/AgroquimicaB/status/1636016008115679232,2023-03-15T14:46:26.000Z,"Estamos cansados de artistas militantes, que só pensam em seus bolsos.",0,0,1,https://twitter.com/BohnGass/status/1635955592199127045
Lau Sartoratto,@LauSartoratto,https://twitter.com/LauSartoratto/status/1636077758827704323,2023-03-15T18:51:49.000Z,Fizeram muito bem! 👏👏👏,0,0,1,https://twitter.com/BohnGass/status/1635955592199127045
,@NanaAlm29601596,https://twitter.com/NanaAlm29601596/status/1636026483775873033,2023-03-15T15:28:04.000Z,"Parabéns aos vereadores de Florianópolis 👏👏👏 muito cidadão honesto e importante para o país que merecem vários títulos, não só este . Hora de reconhecer realmente pessoas importantes",1,0,8,https://twitter.com/BohnGass/status/1635955592199127045
Paty,@Patiimg26,https://twitter.com/Patiimg26/status/1636007774210408449,2023-03-15T14:13:43.000Z,"Acho que Gil ia passar por coisas desnecessárias com esse título. Florianópolis não está preparada pra ter um Gil da vida, ele é gigante demais pra cidade.",7,0,2,https://twitter.com/BohnGass/status/1635955592199127045
S o l o n J r. ,@SolonJunior12,https://twitter.com/SolonJunior12/status/1636043058113380354,2023-03-15T16:33:55.000Z,"Vendo os comentários a gente percebe o. Ovelha desse povo, Lewis Hamilton não é brasileiro nem mora aqui não passa férias aqui mas hj é um cidadão brasileiro e tantos outros artistas desportistas mas o catarinense não pode homenagear o Gilberto Gil 🤡",4,0,1,https://twitter.com/BohnGass/status/1635955592199127045
M. A.,@TORREALIZANO,https://twitter.com/TORREALIZANO/status/1636075523276242944,2023-03-15T18:42:56.000Z,"Vamos aguardar mais notícias a respeito.....
Lembre-se: nosso país é um continente.
O brasileiro não ler livros, tem vários preconceitos, discriminação.
É um país formado por machistas e feministas, além de culturalmente e politicamente está anos luz atrasados socialmente.",2,0,0,https://twitter.com/BohnGass/status/1635955592199127045
Bia Pereira ＼⁠(⁠^⁠o⁠^⁠)⁠／,@Biatrue,https://twitter.com/Biatrue/status/1636241019673952256,2023-03-16T05:40:33.000Z,Parabéns aos vereadores de Florianópolis 👏👏👏,0,0,0,https://twitter.com/BohnGass/status/1635955592199127045
Jane Maciel,@macieljane57,https://twitter.com/macieljane57/status/1636315100960129026,2023-03-16T10:34:55.000Z,Meus parabéns a cidade onde o povo tem coerência. Aliás conhecido mundialmente só se for na sua cabeça.,0,0,0,https://twitter.com/BohnGass/status/1635955592199127045
wil,@wilon_martins,https://twitter.com/wilon_martins/status/1636078690621698052,2023-03-15T18:55:31.000Z,uma bosta baiana esta fedendo mais do que devia,0,0,0,https://twitter.com/BohnGass/status/1635955592199127045
Draiton Lima,@DraitonLima1,https://twitter.com/DraitonLima1/status/1636229324645847040,2023-03-16T04:54:05.000Z,"pois eu acho que foi ótimo pro Gil.
Imagina ser homenageado por Nazistas.",2,0,4,https://twitter.com/BohnGass/status/1635955592199127045
kratosfc507,@kratosfc507,https://twitter.com/kratosfc507/status/1636092485284900864,2023-03-15T19:50:20.000Z,porque o povo é obrigado a gostar de gilberto gil ? eu nao gosto,0,0,0,https://twitter.com/BohnGass/status/1635955592199127045
Ainos,@sonialimapires,https://twitter.com/sonialimapires/status/1636141339078213632,2023-03-15T23:04:27.000Z,"Aqui em Santa Catarina, não tem PT.",0,0,0,https://twitter.com/BohnGass/status/1635955592199127045
FÁBIO DIAS FORA LULA LADRÃO.,@fabio26964116,https://twitter.com/fabio26964116/status/1635988853184929792,2023-03-15T12:58:32.000Z,"Se vivo fosse, Hitler aplaudiria sua postagem.",0,0,0,https://twitter.com/BohnGass/status/1635955592199127045
@quisuco,@quisuco,https://twitter.com/Quisuco12/status/1636163295194259457,2023-03-16T00:31:42.000Z,"Só porque um ou dois querem, não quer dizer que a cidade toda quer. O Brasil acordou!",0,0,0,https://twitter.com/BohnGass/status/1635955592199127045
ARGÔLO,@ARGLO10,https://twitter.com/ARGLO10/status/1636190210026348547,2023-03-16T02:18:39.000Z,Parabéns Catarinenses.,0,0,0,https://twitter.com/BohnGass/status/1635955592199127045
Heloiza,@heloizavalle,https://twitter.com/heloizavalle/status/1636190605242974209,2023-03-16T02:20:13.000Z,Orgulho de Florianópolis...aqui não se cria comuna,0,0,0,https://twitter.com/BohnGass/status/1635955592199127045
Will,@WiliamFAB,https://twitter.com/WiliamFAB/status/1636134889920577540,2023-03-15T22:38:50.000Z,Parabéns aos Catarinenses. 👏👏👏👏,0,0,0,https://twitter.com/BohnGass/status/1635955592199127045
Anthony Hopes,@AnthonyHopes3,https://twitter.com/AnthonyHopes3/status/1636212718091862016,2023-03-16T03:48:06.000Z,constrangedor por que? O que têm a ver ku com calça??,0,0,0,https://twitter.com/BohnGass/status/1635955592199127045
Jorge,@JorgeLFJorge,https://twitter.com/JorgeLFJorge/status/1637086859187613697,2023-03-18T13:41:37.000Z,Parabéns ao nobres vereadores !!!!!,0,0,0,https://twitter.com/BohnGass/status/1635955592199127045
Tchê Leal,@TchLeal,https://twitter.com/TchLeal/status/1637968530418069510,2023-03-21T00:05:04.000Z,Parabens aos vereadores!!!👏🏻👏🏻👏🏻👏🏻👏🏻👏🏻👏🏻👏🏻👏🏻,0,0,0,https://twitter.com/BohnGass/status/1635955592199127045
@WDani_,@WDani_,https://twitter.com/DWG_eu/status/1636202070343548930,2023-03-16T03:05:47.000Z,Sai fora. O cara foi alguém. Hoje é um senhor comum. E graças a cultura que temos ninguém com 18 anos ou menos sabe quem é. Prefere TikTok ou Felipe Feto.,0,0,0,https://twitter.com/BohnGass/status/1635955592199127045
Tetela Pont (ex @EstelaPont),Tetela Pont (ex @EstelaPont),https://twitter.com/DalTetela/status/1636030204551340034,2023-03-15T15:42:51.000Z,Fizeram muito bem. Cidadão honorário se dá a quem fez alguma coisa que seja relevante para aquela cidade ou para seus habitantes. O que ele fez de tão importante assim? Ah! Fez o L e vendeu CDs para a população. Nooossaa!! Grande contribuição para o bolso dele. Idiotice tem hora.,0,0,0,https://twitter.com/BohnGass/status/1635955592199127045
A CORRUPÇÃO VOLTOU.(FEZ O L?/GUENTA! Pobreficado,@Andre2207set,https://twitter.com/Andre2207set/status/1636060833212932099,2023-03-15T17:44:33.000Z,"Sim, um Deus.",0,0,0,https://twitter.com/BohnGass/status/1635955592199127045
Fabi Andrade,@oifabiandrade,https://twitter.com/oifabiandrade/status/1636147699027156995,2023-03-15T23:29:44.000Z,O Sul nunca decepciona! ❤️,0,0,0,https://twitter.com/BohnGass/status/1635955592199127045
OConservador,@OconservadorRS,https://twitter.com/OconservadorRS/status/1636121221136875520,2023-03-15T21:44:31.000Z,Orgulho destes vereadores,0,0,0,https://twitter.com/BohnGass/status/1635955592199127045
Sandro Penedo,@sandro_penedo,https://twitter.com/sandro_penedo/status/1635996375220363264,2023-03-15T13:28:25.000Z,"Qdo Gil foi preso em Floripa, a mãe do nosso vizinho artista plástico Alan Cardozo que tirou ele da delegacia e me lembro qdo ele subindo a nossa rua sorria pra todos...",1,0,4,https://twitter.com/BohnGass/status/1635955592199127045
Raffaela Torres,@torresraffaela1,https://twitter.com/torresraffaela1/status/1636008800636264454,2023-03-15T14:17:48.000Z,Santa Catarina tornou-se uma vergonha p o Brasil!!,4,0,2,https://twitter.com/BohnGass/status/1635955592199127045
Oldsmobile-Series 76 - 1948,@AbudSchibel,https://twitter.com/AbudSchibel/status/1636027556733370369,2023-03-15T15:32:20.000Z,"Qual contribuição esse ""Gil"" deu à cidade que justifique receber alguma honraria dos moradores?
Qual sua importância para o município?
Alguma vez ajudou algum hospital, asilo, escola?
Alguma canção de sua autoria elogia a cidade?

Ou a deferência apenas possui viés político?",5,2,63,https://twitter.com/BohnGass/status/1635955592199127045
Marco Meira,@mmeira_marco,https://twitter.com/mmeira_marco/status/1635959596979310596,2023-03-15T11:02:17.000Z,"Precisamos passar o rodo nos nazistas deste estado. E vou dizer , RS e SC , na sua maioria, e principalmente no interior, sente orgulho dessa postura fascista . Triste realidade.",1,0,5,https://twitter.com/BohnGass/status/1635955592199127045
Luna Moreira,@lunnamoreira,https://twitter.com/lunnamoreira/status/1635999349334220801,2023-03-15T13:40:14.000Z,O Gilberto Gil está precisando desse título? Acredito que não. Eu não gostaria de receber nada de uma capital neonazista.,1,0,3,https://twitter.com/BohnGass/status/1635955592199127045
Willow Maravilha // Santos FC // Dallas Mavericks,@Neverfight,https://twitter.com/Neverfight/status/1636009119533477889,2023-03-15T14:19:04.000Z,Sorte do Gil não ser homenageado por quem facilmente daria essa honraria para Hitler e Coronel Ustra.,0,0,3,https://twitter.com/BohnGass/status/1635955592199127045
francirosy,@Francirosy,https://twitter.com/Francirosy/status/1635958521412960259,2023-03-15T10:58:00.000Z,Florianópolis um lugar não habitável.,0,0,8,https://twitter.com/BohnGass/status/1635955592199127045
LuizPLuiz,@LuizpLuiz_P,https://twitter.com/LuizpLuiz_P/status/1636066778341167105,2023-03-15T18:08:11.000Z,"Deixa eu ver se entendi, é obrigatório todas as cidades do Brasil dar tal honraria?? As vezes é que o cantor foi poucas vezes na cidade, nunca fez nada para ajudar as pessoas que aí vivem, não vejo qual o problema.",0,0,5,https://twitter.com/BohnGass/status/1635955592199127045
Rafael Oliveira,@RafaelOwo,https://twitter.com/RafaelOwo/status/1636017940767047682,2023-03-15T14:54:07.000Z,"Mas Gilberto Gil é Baiano, ele deve ser homenageado pelo povo da sua terra natal.
Assim como os ""Manezinhos da ilha"" devem homenagear seus artistas locais.

Tá tudo certo, eu não vejo problema nenhum nisso.",3,2,77,https://twitter.com/BohnGass/status/1635955592199127045
RenatoSantos,@RenatoSantos368,https://twitter.com/RenatoSantos368/status/1636211880850075648,2023-03-16T03:44:46.000Z,Talvez em Florianópolis tenha pessoas que deram contribuiçōes mais significativas para a cidade.,0,0,0,https://twitter.com/BohnGass/status/1635955592199127045
Zaira Ling,@LingZaira,https://twitter.com/LingZaira/status/1636311017641635841,2023-03-16T10:18:42.000Z,Constrangedor é ficar preso ao passado bola pra frente tem coisas melhores por aí!!!,0,0,0,https://twitter.com/BohnGass/status/1635955592199127045
Leodecio Tietbohl,@Tietbo2Leodecio,https://twitter.com/Tietbo2Leodecio/status/1636413598535933959,2023-03-16T17:06:19.000Z,"Estão certos, o que tem é o que ele fez por Florianópolis?
Nada.",0,0,0,https://twitter.com/BohnGass/status/1635955592199127045
Carvalho Neto,@Francisco501999,https://twitter.com/Francisco501999/status/1636033998072737792,2023-03-15T15:57:55.000Z,"Ariano Suassuna, numa de suas inesquecíveis intervenções que ficaram registradas, disse que a língua portuguesa seria seu material de trabalho e se usasse a palavra genial com o guitarrista Ximbinha o que ele poderia dizer de Beethoven. Vale o mesmo para Gilberto Gil.",0,0,0,https://twitter.com/BohnGass/status/1635955592199127045
PrudaSC,@CwbMaestro,https://twitter.com/CwbMaestro/status/1636150812035497984,2023-03-15T23:42:06.000Z,"Barroso ja disse que vai revogar a decisao, alias, como  é de costume do STF, interferir nas decisoes democraticas de outros poderes",0,0,0,https://twitter.com/BohnGass/status/1635955592199127045
Celso Negrão,@RJCelsoBR,https://twitter.com/RJCelsoBR/status/1636174119069687812,2023-03-16T01:14:43.000Z,"Mas do que certo, gastar dinheiro público em benefício próprio é vergonhoso.",0,0,0,https://twitter.com/BohnGass/status/1635955592199127045
José Carlos Dantas Júnior,@JosCarlosDanta6,https://twitter.com/JosCarlosDanta6/status/1636174662060191746,2023-03-16T01:16:52.000Z,"Esse Gil é aquele q discursou na ONU e disse :
A Corrupção é normal em países em desenvolvimento .",0,0,0,https://twitter.com/BohnGass/status/1635955592199127045
Marcos Ramos,@Marcosrcfaria,https://twitter.com/Marcosrcfaria/status/1636326062601691136,2023-03-16T11:18:29.000Z,Tá certo! Cidade de gente honesta não dá título de cidadão para pseudo socialista mamador da lei Rouanet.,0,0,0,https://twitter.com/BohnGass/status/1635955592199127045
Helder Lima,@HelderSilvadeL1,https://twitter.com/HelderSilvadeL1/status/1636058378752389121,2023-03-15T17:34:48.000Z,É o preço por andar com o pt. Acaba com qualquer biografia,0,0,0,https://twitter.com/BohnGass/status/1635955592199127045
@Friedrich,@Friedrich,https://twitter.com/luisflaviofrie1/status/1635989074543620106,2023-03-15T12:59:25.000Z,"Sua memória está dando sinas de alzheimer.
Gilberto Gil foi condenado a ""devolver"" 1 Milhão de reais que usou da lei Rouanet, para fazer a festa de casamento de sua filha.
Acho que essa festa foi em Florianópolis...
Se cuida, procura tratamento.",1,0,7,https://twitter.com/BohnGass/status/1635955592199127045
vera araujo,@veluc111,https://twitter.com/veluc111/status/1636016307723272194,2023-03-15T14:47:38.000Z,"Só prova que infelizmente a cidade elegeu uma câmara de maioria muito ruim.
Se não amam nossos  artistas,vão amar quem ? Imagina o cidadão comum, como será tratado por eles.",3,0,6,https://twitter.com/BohnGass/status/1635955592199127045
Madame Bovary,@ProfessoraIrni2,https://twitter.com/ProfessoraIrni2/status/1635991474759139331,2023-03-15T13:08:57.000Z,Pior é q Floripa é uma cidade em que mta gente preza pela cultura musical e brasileira. Mta gente n se sente representada por essa câmara de vereadores retrógrada e culturalmente birrenta mas vai ter q engolir aberrações como essa.,3,0,9,https://twitter.com/BohnGass/status/1635955592199127045
Sandro Penedo,@sandro_penedo,https://twitter.com/sandro_penedo/status/1635997767804878848,2023-03-15T13:33:57.000Z,"E na mesma Sessão, aprovaram a maior honraria para mulheres lutadoras, inovadoras e a frente do seu tempo medalha Antonieta de Barros uma mulher negra, professora e a primeira deputada SC, a uma deputada da extrema direita...ABSURDO",0,0,1,https://twitter.com/BohnGass/status/1635955592199127045
Atenabrasil13,@AtenaSemJoias,https://twitter.com/AtenaSemJoias/status/1636018164944236545,2023-03-15T14:55:00.000Z,"E na mesma sessão aprovaram a entrega da medalha ANTONIETA DE BARROS p a deputada Bolsonarista Ana Campagnollo;A medalha de uma mulher negra, feminista, educadora à frente de seu tempo para uma conservadora, anti feminista e defensora da ESCOLA SEM PARTIDO! VERGONHA E IGNORÂNCIA",3,0,8,https://twitter.com/BohnGass/status/1635955592199127045
Eduardo Nogueira,@nogueiraduddu,https://twitter.com/nogueiraduddu/status/1636016278182739970,2023-03-15T14:47:31.000Z,Quem sabe onde fica Floripa?,1,0,0,https://twitter.com/BohnGass/status/1635955592199127045
Janaína Santos,@JanaSantosjaism,https://twitter.com/JanaSantosjaism/status/1636042013261930503,2023-03-15T16:29:46.000Z,Pedimos desculpas ao @gilbertogil por este ato de fascismo. Te amo @gilbertogil,0,0,1,https://twitter.com/BohnGass/status/1635955592199127045
LULA É LADRÃO,@Vieira13244719,https://twitter.com/Vieira13244719/status/1635991597249617921,2023-03-15T13:09:26.000Z,👏👏👏👏👏👏👏👏,0,0,3,https://twitter.com/BohnGass/status/1635955592199127045
João Goulart,@JoaogoulartJoao,https://twitter.com/JoaogoulartJoao/status/1635958029265825792,2023-03-15T10:56:03.000Z,Gil já está rindo na Austrália!!,1,1,6,https://twitter.com/BohnGass/status/1635955592199127045
Thiago Oliveira,@pthiagooliveira,https://twitter.com/pthiagooliveira/status/1635976390439829504,2023-03-15T12:09:01.000Z,"Esses títulos são apenas “baba ovo” do legislativos das cidades… cidadão honorário deveria ser aquele que fez algo por esta cidade… não pq ele é artista, esportista ou qualquer coisa assim!",0,0,5,https://twitter.com/BohnGass/status/1635955592199127045
Clovis Sobrinho,@clovisacs,https://twitter.com/clovisacs/status/1636030481270468611,2023-03-15T15:43:57.000Z,"Verdade, uma pena não é.
Que genealidade, agora porque não homenageai um trabalhador de verdade.",0,0,1,https://twitter.com/BohnGass/status/1635955592199127045
Janice,@Janice67088102,https://twitter.com/Janice67088102/status/1635961548723175433,2023-03-15T11:10:02.000Z,Sorte do Gil. Gigante pra essa provinciazinha nazi.,0,0,1,https://twitter.com/BohnGass/status/1635955592199127045
Roberto Colella,@RColellaroberto,https://twitter.com/RColellaroberto/status/1635973243000479745,2023-03-15T11:56:30.000Z,Um estado nazifascista.   Uma. Vergonha brasileira,0,0,1,https://twitter.com/BohnGass/status/1635955592199127045
Metrazumcafezim,@urnaemtranse,https://twitter.com/urnaemtranse/status/1635983504650522624,2023-03-15T12:37:17.000Z,"Cidade bonita, mas com tanta gente esaquisita, que, p/ Gil, é um livramento.",0,0,1,https://twitter.com/BohnGass/status/1635955592199127045
Victor Mango,@VictorMango7,https://twitter.com/VictorMango7/status/1635986479238242307,2023-03-15T12:49:06.000Z,Gil é maior que toda região nazifascista do sul!,0,0,1,https://twitter.com/BohnGass/status/1635955592199127045
AnistiaNuncaMais,@terezandrade,https://twitter.com/terezandrade/status/1635987468880162821,2023-03-15T12:53:02.000Z,Neonazifascistas agem assim!,1,0,0,https://twitter.com/BohnGass/status/1635955592199127045
Eduardo,@EdLima55,https://twitter.com/EdLima55/status/1635990114932252675,2023-03-15T13:03:33.000Z,"Não diga, lá em santacatareich?",0,0,1,https://twitter.com/BohnGass/status/1635955592199127045
Carlos Roberto Andrade Costa,@carloskakay2020,https://twitter.com/carloskakay2020/status/1635993012634304513,2023-03-15T13:15:04.000Z,Aquele povo é um ....,0,0,1,https://twitter.com/BohnGass/status/1635955592199127045
Frank Drebin do Pq Sao Jorge,@AdolfEsquerdoso,https://twitter.com/AdolfEsquerdoso/status/1635995042840993795,2023-03-15T13:23:08.000Z,Me parece um claro caso de raquitismo,0,0,1,https://twitter.com/BohnGass/status/1635955592199127045
Luiz Carlos Gonzaga,@LuizinhoMENGOOO,https://twitter.com/LuizinhoMENGOOO/status/1635996395239796738,2023-03-15T13:28:30.000Z,"Hahahhahahahajahaja deve ser por causa do dvd pirata do tropa de elite que vc chama ele de genial hahahhahaha afinal ver antes de todos e em casa não no cinema, i daí que era pirata, hahahahaha",0,0,1,https://twitter.com/BohnGass/status/1635955592199127045
Neto Fernandes,@eliseuneto1988,https://twitter.com/eliseuneto1988/status/1636012681483239425,2023-03-15T14:33:13.000Z,Sim…SC passa tanta vergonha… que tem o MENOR desemprego do BR…,0,0,2,https://twitter.com/BohnGass/status/1635955592199127045
Aluisio Lopes,@AluisioLopes57,https://twitter.com/AluisioLopes57/status/1636014140077531139,2023-03-15T14:39:01.000Z,Parabéns Florianópolis 👍 👏👏👏👏👏👏👏,0,0,12,https://twitter.com/BohnGass/status/1635955592199127045
joana teresa,@joanaouteresa,https://twitter.com/joanaouteresa/status/1636017047799836673,2023-03-15T14:50:34.000Z,Santa Catarina quer perpetuar o nazismo !,0,0,1,https://twitter.com/BohnGass/status/1635955592199127045
miriamjesus10,@MiriamMmagno,https://twitter.com/MiriamMmagno/status/1636032465163767811,2023-03-15T15:51:50.000Z,Parabéns a Florianópolis 👏🏾👏🏾👏🏾 lugar lindo onde um dia quero ir morar pois este Sr só esbanjou talento com dinheiro público mais nada!!,0,0,1,https://twitter.com/BohnGass/status/1635955592199127045
PlenoPedal,@DosMargino,https://twitter.com/DosMargino/status/1636046614807691279,2023-03-15T16:48:03.000Z,"KKK Cidadão, teu ""ídolo"" foi preso com drogas em Florianópolis em 1976. Belo exemplo para nossos jovens e crianças! Aqui temos nossos valores éticos bem definidos! Na capital e no Estado, somos ordeiros, trabalhadores, respeitamos Deus, pátria, família e liberdade!",0,0,1,https://twitter.com/BohnGass/status/1635955592199127045
Pedro,@Pedro86784483,https://twitter.com/Pedro86784483/status/1636047278883368960,2023-03-15T16:50:42.000Z,"Parabéns Floripa, pois esse cara não representa em nada Florianópolis, só esteve aqui 1 vez, nos anos 80, e foi PRESO por portar drogas no hotel onde estava hospedado.  Na época era crime grave. Se tinha alguém que ser homenageado era o Delegado Eloy, que cumpriu suas funções.",0,0,3,https://twitter.com/BohnGass/status/1635955592199127045
Julio F.,@JulioF17037282,https://twitter.com/JulioF17037282/status/1636051383706173458,2023-03-15T17:07:00.000Z,Vergonhoso é ele e a família mamar milhões do pobre povo brasileiro pela Rouanet. Parabéns Santa Catarina,0,0,1,https://twitter.com/BohnGass/status/1635955592199127045
Débora Soares,@DboraSo75684489,https://twitter.com/DboraSo75684489/status/1636065619211612161,2023-03-15T18:03:34.000Z,Pessoal gosta de gastar o tempo e o dinheiro públicos com inutilidades! Tantos projetos necessários sem propostas ou resoluções….,0,0,1,https://twitter.com/BohnGass/status/1635955592199127045
Novach,@novach,https://twitter.com/novach/status/1636065963677212678,2023-03-15T18:04:57.000Z,"Um músico mais ou menos.
Um artista simples.
Um político corrupto.
Um gênio em drenar dinheiro público para amigos,  parentes e asseclas.
Será que isso define esse cidadão?",0,0,3,https://twitter.com/BohnGass/status/1635955592199127045
airton moreira pinto,@clienteinsati,https://twitter.com/clienteinsati/status/1636073123157102593,2023-03-15T18:33:23.000Z,Parabéns aos vereadores de Floripa,0,0,2,https://twitter.com/BohnGass/status/1635955592199127045
Patricia Almeida,@Patrici44176012,https://twitter.com/Patrici44176012/status/1636121178275184640,2023-03-15T21:44:21.000Z,Parabéns ao povo de Florianópolis 👏🏻👏🏻👏🏻,0,0,3,https://twitter.com/BohnGass/status/1635955592199127045
Fidélis,@Fidlis02305549,https://twitter.com/Fidlis02305549/status/1636054222218174464,2023-03-15T17:18:17.000Z,"Parabéns aos vereadores, e população de Florianópolis. Excelente decisão.",0,0,5,https://twitter.com/BohnGass/status/1635955592199127045
Junior Sax,@GentilSax2023,https://twitter.com/GentilSax2023/status/1636105602064699401,2023-03-15T20:42:27.000Z,Sinal que a câmara de lá e verdadeiramente representante de um povo de bem.,0,0,3,https://twitter.com/BohnGass/status/1635955592199127045
Salvador Felipe,@SalvadorFelip12,https://twitter.com/SalvadorFelip12/status/1635987682055581697,2023-03-15T12:53:53.000Z,"Meu Deus!
Santa Catarina é uma vergonha!
Seria por racismo?",1,0,4,https://twitter.com/BohnGass/status/1635955592199127045
Wagner Gasparini,@GaspariniWagner,https://twitter.com/GaspariniWagner/status/1636012196328099840,2023-03-15T14:31:17.000Z,A mediocridade politica do cidadão Gilberto Gil foi mais ala que a artística!,2,0,2,https://twitter.com/BohnGass/status/1635955592199127045
Ivanir A Madjarof,@imadjarof,https://twitter.com/imadjarof/status/1636015781354827779,2023-03-15T14:45:32.000Z,Azar de Floripa,0,0,3,https://twitter.com/BohnGass/status/1635955592199127045
ReneRRuas,@RuasRene,https://twitter.com/RuasRene/status/1636016164240347136,2023-03-15T14:47:03.000Z,"Sem meias palavras, FODACI Florianópolis",1,0,1,https://twitter.com/BohnGass/status/1635955592199127045
Rudimar Lima,@RudimarLima7,https://twitter.com/RudimarLima7/status/1636093240502779905,2023-03-15T19:53:20.000Z,"Chamam nós de Nazista e ainda querem ganhar títulos, parabéns aos vereadores de Florianópolis",0,0,11,https://twitter.com/BohnGass/status/1635955592199127045
ana l m lins,@kbileravermelha,https://twitter.com/kbileravermelha/status/1635970257343979522,2023-03-15T11:44:38.000Z,"Uma cidade tão linda e tão apodrecida 🤢*lembrando que foi alí que Gil foi preso por porte de maconha numa turnê dos Doces Bárbaros
( há vídeo da audiência..essa, sim, é mto constrangedora) tem essa imagem no doc. sobre os DB",3,0,9,https://twitter.com/BohnGass/status/1635955592199127045
Martha Queiroz,@MarthaQueiroz3,https://twitter.com/MarthaQueiroz3/status/1635988135308926976,2023-03-15T12:55:41.000Z,Florianópolis não cansa de passar vergonha.,2,0,1,https://twitter.com/BohnGass/status/1635955592199127045
Desliguem os Aparelhos,@DDesliguem,https://twitter.com/DDesliguem/status/1636202172437127171,2023-03-16T03:06:11.000Z,Coisa linda.,0,0,0,https://twitter.com/BohnGass/status/1635955592199127045
Mestre do Xadrez 4D.,@HDCase2,https://twitter.com/HDCase2/status/1636289979306352641,2023-03-16T08:55:06.000Z,"Parabéns, Florianópolis.",0,0,0,https://twitter.com/BohnGass/status/1635955592199127045
Marlon(AP-Brasil),@marlon30maciel,https://twitter.com/marlon30maciel/status/1636306443052752897,2023-03-16T10:00:31.000Z,Kskskksks a cidade não tá nem aí pra esse cara....kskskkskskskskkskz,0,0,0,https://twitter.com/BohnGass/status/1635955592199127045
Paulo Zimer,@paulo_zimer1968,https://twitter.com/paulo_zimer1968/status/1636381032936255488,2023-03-16T14:56:55.000Z,Batemos palmas pra floripa.,0,0,0,https://twitter.com/BohnGass/status/1635955592199127045
Telma Rubia,@TelmaRubia,https://twitter.com/TelmaRubia/status/1636240510321827840,2023-03-16T05:38:32.000Z,"Comunista não é cidadão, é opressor. No caso, ainda, é  comedor da lei Rouanet.",0,0,0,https://twitter.com/BohnGass/status/1635955592199127045
Hermes de souza,@Hermesdesouza51,https://twitter.com/Hermesdesouza51/status/1636532571268947969,2023-03-17T00:59:04.000Z,A genialidade  dessa besta.,0,0,0,https://twitter.com/BohnGass/status/1635955592199127045
Nubia Miyahara,@nubiamiyahara,https://twitter.com/nubiamiyahara/status/1636723616640299010,2023-03-17T13:38:13.000Z,"Ah simmmm 
Mérito de ter criado a MAFIA DO DENDÊ",0,0,0,https://twitter.com/BohnGass/status/1635955592199127045
Izabel Mansano,@IzabelMansano,https://twitter.com/IzabelMansano/status/1636259459935752195,2023-03-16T06:53:50.000Z,"Parabens, Florianópolis!!!! Para que uma porcaria, para sujar essa cidade tão linda !???",0,0,0,https://twitter.com/BohnGass/status/1635955592199127045
ThePreacher †,@PreacherSavior,https://twitter.com/PreacherSavior/status/1636302577397649408,2023-03-16T09:45:10.000Z,GILJAERA! kkkk o cara arregou a carreira pra politica! Se vendeu!,0,0,0,https://twitter.com/BohnGass/status/1635955592199127045
MN24..................................,@nmiano24,https://twitter.com/nmiano24/status/1636318096825765891,2023-03-16T10:46:50.000Z,"Se você o ama tanto, escuta essa musiquinha aí. Depois me diz o que acha da letra.",0,0,0,https://twitter.com/BohnGass/status/1635955592199127045
Ronan De Oliveira Souza,@RonanDe07755457,https://twitter.com/RonanDe07755457/status/1636121227587727362,2023-03-15T21:44:32.000Z,😂😂😂😂😂😂😂😂😂😂😂😂😂😂😂😂😂😂😂😂😂😂😂😂😂😂😂😂😂😂😂😂😂😂😂😂😂😂😂😂😂😂😂😂😂😂😂😂,0,0,0,https://twitter.com/BohnGass/status/1635955592199127045
Thiago Gois Tomaz,@GoisTomaz,https://twitter.com/GoisTomaz/status/1636515740672053249,2023-03-16T23:52:12.000Z,Grande dia e parabéns aos vereadores 💪🏻👏🏻👏🏻👏🏻👏🏻,0,0,0,https://twitter.com/BohnGass/status/1635955592199127045
Marcelo Martins,@Marceloflnsc,https://twitter.com/Marceloflnsc/status/1636015595413028866,2023-03-15T14:44:48.000Z,Fizeram mais do que certo! Constrangedor seria dar algo a esse senhor que se bobear não sabe nem onde fica Florianópolis! Vocês não cansam de passar vergonha!,0,0,0,https://twitter.com/BohnGass/status/1635955592199127045
S.A.C.C.H.I@E.D.E.R,S.A.C.C.H.I@E.D.E.R,https://twitter.com/Eder8Silva/status/1636044578414379013,2023-03-15T16:39:58.000Z,Vai homenagear a pqtp,0,0,0,https://twitter.com/BohnGass/status/1635955592199127045
paulo rezende,@paulore71273651,https://twitter.com/paulore71273651/status/1636036404663705600,2023-03-15T16:07:29.000Z,kkkkkk mundialmente ? Angola kkkkk menos!,0,0,0,https://twitter.com/BohnGass/status/1635955592199127045
alencar,@asilvabk,https://twitter.com/asilvabk/status/1636136258010329090,2023-03-15T22:44:16.000Z,Kkkkkkkkkkkkkk,0,0,0,https://twitter.com/BohnGass/status/1635955592199127045
Dimitriuns Delta,@Dimitriuns0602,https://twitter.com/Dimitriuns0602/status/1636121249364471808,2023-03-15T21:44:38.000Z,"Esse Gilberto é racista e misógino!
A música ""Minha Nega na Janela"" é a prova disso!",0,0,0,https://twitter.com/BohnGass/status/1635955592199127045
Junior,@junoca,https://twitter.com/junoca/status/1636014558866296834,2023-03-15T14:40:41.000Z,Santa Catarina nunca decepciona,0,0,0,https://twitter.com/BohnGass/status/1635955592199127045
José Nildo,@JosNild91622528,https://twitter.com/JosNild91622528/status/1636043403761786880,2023-03-15T16:35:18.000Z,"Gilberto Gil é um gigante do Brasil, não cabe neste estado um dos embrião do nazifascismo",3,0,1,https://twitter.com/BohnGass/status/1635955592199127045
Cleber Spolavori #familicia_e_cupinchas_na_cadeia,@CleberAS,https://twitter.com/CleberAS/status/1636029995490455554,2023-03-15T15:42:01.000Z,"Certo q Gil se ne frega com isso, o interessante é ver a representatividade do povo na câmara de Floripa. Isso é Brasil, não é característica de SC... embora as regiões S e SE lacrem mais na direita podre, o Brasil é podre, só olhar os legislativos eleitos, o 2° turno eleitoral.",2,0,2,https://twitter.com/BohnGass/status/1635955592199127045
Fátima Maranhao,@FtimaMaranhao2,https://twitter.com/FtimaMaranhao2/status/1635958029542649858,2023-03-15T10:56:03.000Z,Gil não perde nada para esses ignorantes.,1,0,1,https://twitter.com/BohnGass/status/1635955592199127045
Malu Serodio,@malu_serodio,https://twitter.com/malu_serodio/status/1636021832997384193,2023-03-15T15:09:35.000Z,Santa Catarina não para de passar vergonha!,1,0,0,https://twitter.com/BohnGass/status/1635955592199127045
Russo,@Senatorinho,https://twitter.com/Senatorinho/status/1636028259761520640,2023-03-15T15:35:07.000Z,esperar o que de gente que prefere nadar na merda do que assumir e resolver os problemas?,0,0,0,https://twitter.com/BohnGass/status/1635955592199127045
Marcelo R. C.,@celokrm,https://twitter.com/celokrm/status/1636164529326288903,2023-03-16T00:36:36.000Z,F0000da-se,0,0,0,https://twitter.com/BohnGass/status/1635955592199127045
Fátima Diniz,@DinizMercurio,https://twitter.com/DinizMercurio/status/1636040069025873923,2023-03-15T16:22:03.000Z,Racistas,0,0,0,https://twitter.com/BohnGass/status/1635955592199127045
𝕁𝕆𝕋𝔸ℍ𝔼𝕃𝕃,@JORGEHELENO4,https://twitter.com/JORGEHELENO4/status/1636097520215498753,2023-03-15T20:10:20.000Z,"É a esquerda querendo resgatar. GG foi preso e condenado em floripa durante um show. Há 46 anos, por porte de maconha.",0,0,0,https://twitter.com/BohnGass/status/1635955592199127045
RBDLiveInRio,@rbd_rio,https://twitter.com/rbd_rio/status/1636033900194439173,2023-03-15T15:57:32.000Z,Graças à Deus! Nosso Gil não quer e nem merece reconhecimento de cidade na*ist@! Ele é do bem!!!,0,0,0,https://twitter.com/BohnGass/status/1635955592199127045
Neusa Del Conte,@neusadel,https://twitter.com/neusadel/status/1636011756240752641,2023-03-15T14:29:32.000Z,É livramento ( e estou dizendo isso pq sou do sul ),0,0,0,https://twitter.com/BohnGass/status/1635955592199127045
Regina Cembranelli Aliandro,@rcaliandro,https://twitter.com/rcaliandro/status/1636031215776964609,2023-03-15T15:46:52.000Z,Mimimi,0,0,0,https://twitter.com/BohnGass/status/1635955592199127045
Paulo Silveira,@Paulo020671,https://twitter.com/Paulo020671/status/1636167598441103361,2023-03-16T00:48:48.000Z,Nazistas racistas xenófobos,0,0,0,https://twitter.com/BohnGass/status/1635955592199127045
Ademar Brito Gomes,@AdemarBritoGom4,https://twitter.com/AdemarBritoGom4/status/1636243423127543808,2023-03-16T05:50:06.000Z,Florianópolis não se rendeu a uma pessoa nefelibata como este sr,0,0,0,https://twitter.com/BohnGass/status/1635955592199127045
Tatiana,@Tatiana16765958,https://twitter.com/Tatiana16765958/status/1636430715616149518,2023-03-16T18:14:20.000Z,Tem e homenagear pai mãe de família q da duro pra sustentar sua família não esse povo q adoro leis que permite eles gastarem dinheiro do povo pra fazer show,0,0,0,https://twitter.com/BohnGass/status/1635955592199127045
77.007 pessoas,@ThiagodaSFreit2,https://twitter.com/ThiagodaSFreit2/status/1636179462021603329,2023-03-16T01:35:57.000Z,Kkkkkkkkkkk,0,0,0,https://twitter.com/BohnGass/status/1635955592199127045
Breno Gloves,@louco_sonhador1,https://twitter.com/louco_sonhador1/status/1636232893079904256,2023-03-16T05:08:16.000Z,Parabéns a todos os envolvidos 👏🏼🥳,0,0,0,https://twitter.com/BohnGass/status/1635955592199127045
Helcio,@oZeColmeia,https://twitter.com/oZeColmeia/status/1636285379106992129,2023-03-16T08:36:49.000Z,Genialidade artística?,0,0,0,https://twitter.com/BohnGass/status/1635955592199127045
Neemias Bertynos,@NBertynos,https://twitter.com/NBertynos/status/1636099307567808519,2023-03-15T20:17:26.000Z,Meus a cidade de Florianópolis,0,0,0,https://twitter.com/BohnGass/status/1635955592199127045
Guilherme A de P e Silva,@GuilhermeAdePe1,https://twitter.com/GuilhermeAdePe1/status/1636010724240551938,2023-03-15T14:25:26.000Z,Isso foi um prêmio para Gil.,0,0,0,https://twitter.com/BohnGass/status/1635955592199127045
Ciro Paulo Silveira,@cirobonitao,https://twitter.com/cirobonitao/status/1636022152439779331,2023-03-15T15:10:51.000Z,Parabéns aos edis da câmara municipal! Valorizar quem merece respeito e muito mais inteligente!,0,0,0,https://twitter.com/BohnGass/status/1635955592199127045
Marcia Prado,@MarciaP68293088,https://twitter.com/MarciaP68293088/status/1636050639183659017,2023-03-15T17:04:03.000Z,Cada coisa,0,0,0,https://twitter.com/BohnGass/status/1635955592199127045
Thaty Brandao,@ThatyBrandao7,https://twitter.com/ThatyBrandao7/status/1636100470044278789,2023-03-15T20:22:03.000Z,👏🏻👏🏻👏🏻👏🏻👏🏻👏🏻,0,0,0,https://twitter.com/BohnGass/status/1635955592199127045
"momento.zero. Fake, não. Discreto.",@zero_momento,https://twitter.com/zero_momento/status/1636020323429564417,2023-03-15T15:03:35.000Z,Santa Catarina!,0,0,0,https://twitter.com/BohnGass/status/1635955592199127045
Kleber Baião,@KleberABaiao,https://twitter.com/KleberABaiao/status/1636153454023393283,2023-03-15T23:52:36.000Z,Não vale um peido.,0,0,0,https://twitter.com/BohnGass/status/1635955592199127045
Aninha Athayde,@AnaMariaASilvei,https://twitter.com/AnaMariaASilvei/status/1636396189464645633,2023-03-16T15:57:08.000Z,????????????,0,0,0,https://twitter.com/BohnGass/status/1635955592199127045
Sérgio Luis,@SrgioLu00100263,https://twitter.com/SrgioLu00100263/status/1636416563300683776,2023-03-16T17:18:06.000Z,Gil deve estar ficando com os cabelos pretos de preocupação com essa câmara de vereadores nazifascista,0,0,0,https://twitter.com/BohnGass/status/1635955592199127045
Douglas Silva,@Douglas69369997,https://twitter.com/Douglas69369997/status/1635998105131974656,2023-03-15T13:35:18.000Z,Cada um com sua opinião. Eu não gosto de sua arte. Simples opinião.,0,0,1,https://twitter.com/BohnGass/status/1635955592199127045
ALEX ALVES,@ALEXALV59484231,https://twitter.com/ALEXALV59484231/status/1636004308599570434,2023-03-15T13:59:57.000Z,"Foi democrático e ponto final. Gil não precisa de Floripa , e Floripa não precisa de Gil .",0,0,1,https://twitter.com/BohnGass/status/1635955592199127045
Tag Lima,@tag_lima,https://twitter.com/tag_lima/status/1636006716557885440,2023-03-15T14:09:31.000Z,Florianópolis? Quem liga?,0,0,1,https://twitter.com/BohnGass/status/1635955592199127045
Sergio Miranda,@SergioDMiranda2,https://twitter.com/SergioDMiranda2/status/1636007109224480768,2023-03-15T14:11:05.000Z,"É uma pena que cidades tão interessantes ao sul do Brasil sejam um celeiro de fascistóides e mesmos de filhotes do nazismo, Gil não perde nada. Perdem os cidadãos de Florianópolis que não rastejam nessa lama.",0,0,1,https://twitter.com/BohnGass/status/1635955592199127045
