nome,usuario,idTweet,dataPublicacao,texto,replies,retweets,likes,tweetPai
AUGUSTO NAZARENO RIBEIRO,@OAruaque,https://twitter.com/OAruaque/status/1635777610243244032,2023-03-14T22:59:08.000Z,"Ou, como o PT está lutando para impedir a CPI, entra em cena aquele outro ditado: Quem tem c*, tem medo.",0,0,0,https://twitter.com/adriventurasp/status/1635701237243838476
Mordomia_SC,@MORDOMIA_SC,https://twitter.com/MORDOMIA_SC/status/1635716982094823440,2023-03-14T18:58:13.000Z,"Deputada, vamos cranear, pela lógica dos que apóiam a CPMI, o governador-DF,o secretário da Justiça, e/ou o ministro da justiça, DEVERIAM ter PRENDIDO todos os lideres, e influenciadores, acampados em frente ao QG, além de ter IMPEDIDO todos os onibus a entrar no DF, já no dia 7.",1,0,1,https://twitter.com/adriventurasp/status/1635701237243838476
MarquesJr,@nanoguardbrasil,https://twitter.com/nanoguardbrasil/status/1635763187860512768,2023-03-14T22:01:49.000Z,Vcs ainda não entenderam que tudo o que Lula quer é essa CPI...,0,0,0,https://twitter.com/adriventurasp/status/1635701237243838476
Prof. Dr. Alê Ribeiro,@profvitoria1535,https://twitter.com/profvitoria1535/status/1635773080240033792,2023-03-14T22:41:08.000Z,"@adriventurasp 
Prefiro congresso focado em reformas, novas leis e aperfeiçoamento das que existem.

Uma CPI para o momento não seria bom. 
Além disso, parece que o assunto está sendo bem investigado e provavelmente já tenham provas/respostas necessárias.",0,0,0,https://twitter.com/adriventurasp/status/1635701237243838476
Mauricio Galvao,@MMGalvao65,https://twitter.com/MMGalvao65/status/1636180996780335106,2023-03-16T01:42:03.000Z,simplesmente não faz sentido CPI quando isso já esta sendo investigado por outros órgãos... mas teorias da cospiracionistas e alinhados da extrema burrice(direita) brasileira seguem associando isso a um suposto medo..,0,0,0,https://twitter.com/adriventurasp/status/1635701237243838476
Amigos Da Lava Jato,@AmigosJato,https://twitter.com/AmigosJato/status/1635707201497997314,2023-03-14T18:19:21.000Z,Quem deve.. teme ne!!??@LulaOficial @cbnbrasilia @BandJornalismo @GloboNews @recordtvoficial,0,0,1,https://twitter.com/adriventurasp/status/1635701237243838476
Carlos Henrique,@CarlosH49891154,https://twitter.com/CarlosH49891154/status/1635964447368912896,2023-03-15T11:21:33.000Z,Quem JOIAS não CARTAO CORPORATIVO deve RACHADINHAS não GOLPE teme 51 IMÓVEIS EM DINHEIRO.,0,0,1,https://twitter.com/adriventurasp/status/1635701237243838476
Carla Vianna Prates,@vianna_prates,https://twitter.com/vianna_prates/status/1635715141974085632,2023-03-14T18:50:54.000Z,"E quem não bebe, não treme!",0,0,0,https://twitter.com/adriventurasp/status/1635701237243838476
airton parente,@airton_parente,https://twitter.com/airton_parente/status/1635981821279358977,2023-03-15T12:30:35.000Z,Se você não tiver o visto americano lá não entra.,0,0,0,https://twitter.com/adriventurasp/status/1635701237243838476
Armando Melo armando,@vomandao,https://twitter.com/vomandao/status/1635743250433597442,2023-03-14T20:42:36.000Z,"Parece que eles devem, por isso temem muito.",0,0,1,https://twitter.com/adriventurasp/status/1635701237243838476
elis criminalização do comunismo já,@elisteresinha,https://twitter.com/elisteresinha/status/1635894169255264256,2023-03-15T06:42:18.000Z,só acredita na petezada quem comeu capim  fora petezada criminalização do comunismo já,0,0,0,https://twitter.com/adriventurasp/status/1635701237243838476
Lima _ Cético,@mhmartoni,https://twitter.com/mhmartoni/status/1636006303179874304,2023-03-15T14:07:52.000Z,Corrupção não é Democracia.@LulaOficial é Corrupto e ASSASSINO.@STF_oficial é tribunal do crime organizado.#LulaLadraoSeuLugarENaPrisao #stforganizacaocriminosa #ImpeachmentAlexandreDeMoraes #CensuraNão @FlavioDino é chefe da Milícia petista.,0,0,0,https://twitter.com/adriventurasp/status/1635701237243838476
Humberto Maia,@MaiaHumberto,https://twitter.com/MaiaHumberto/status/1636400296774475779,2023-03-16T16:13:28.000Z,"Acabou, pôrra!
Perdeu, Mané!
Haja dor de corno!
E muito cocô na cabeça!😂🤣😢😅😂🤣😢😅😂🤣😢😅😂🤣😢😅😂🤣😢😅😂🤣😢😅😂🤣😢😅😂🤣😢😅😂🤣😢😅😂🤣",0,0,0,https://twitter.com/adriventurasp/status/1635701237243838476
tica,@TicaTicabvieira,https://twitter.com/TicaTicabvieira/status/1636003295440371713,2023-03-15T13:55:55.000Z,"Até pq a prioridade do Novo não é o povo, mas continuar criando factóides pra atrapalhar 🤡",0,0,0,https://twitter.com/adriventurasp/status/1635701237243838476
