nome,usuario,idTweet,dataPublicacao,texto,replies,retweets,likes,tweetPai
Marta teodora,@Martateodora3,https://twitter.com/Martateodora3/status/1635546169395888130,2023-03-14T07:39:28.000Z,"Correto a prisão ?s/prova de crime , sem inquérito , por crime coletivo , s/ HC , só ocorre em regime de exceção,em 2017 teve invasão no congresso ninguém preso , MST invadiu o ministério de agricultura zero prisão todas com depredação do patrimônio público .",0,0,0,https://twitter.com/BohnGass/status/1635339826248708096
Cesar Spadoni,@cesar_spadoni,https://twitter.com/cesar_spadoni/status/1635465778458755073,2023-03-14T02:20:01.000Z,"Fique tranquilo, a CPI vai elucidar tudo.",0,0,0,https://twitter.com/BohnGass/status/1635339826248708096
Adayl,@Adayl3,https://twitter.com/Adayl3/status/1635379806652227585,2023-03-13T20:38:24.000Z,Mas falta chegar aos patrocinadores e os militares,1,0,3,https://twitter.com/BohnGass/status/1635339826248708096
whataboutthemapples,@whataboutthema,https://twitter.com/whataboutthema/status/1635583991855173633,2023-03-14T10:09:45.000Z,Bait.,0,0,0,https://twitter.com/BohnGass/status/1635339826248708096
Phalf,@Jakhalf17,https://twitter.com/Jakhalf17/status/1635346238056067073,2023-03-13T18:25:01.000Z,Tomara ...,0,0,2,https://twitter.com/BohnGass/status/1635339826248708096
Paulo Fernando Zago,@pfzago,https://twitter.com/pfzago/status/1635527178585554946,2023-03-14T06:24:00.000Z,"Te falta vergonha na cara, pilantra. Foi salvo pela politicagem de ser preso a alguns anos. Tu é uma vergonha para o RS. Político medíocre de baixíssimo clero!",0,0,0,https://twitter.com/BohnGass/status/1635339826248708096
Fábio Blassioli,@FabioBlassioli,https://twitter.com/FabioBlassioli/status/1635404228134072320,2023-03-13T22:15:26.000Z,"Sim sim seu parasita!!!
Vai se preparando porque a CPMI vem aí!!!
Logo logo vamos saborear um ""porco no rolete"". Avisa o Dino!!!",0,0,0,https://twitter.com/BohnGass/status/1635339826248708096
Yvonne Fhernnan,@smillefer,https://twitter.com/smillefer/status/1635466120634281985,2023-03-14T02:21:23.000Z,"O luladrão e sua quadrilha é quem pagou os verdadeiros VÂNDALOS...
Porque será que o luladrão não quer a CPMI? ELE TEM MEDO DO QUE?",0,0,0,https://twitter.com/BohnGass/status/1635339826248708096
Olimpio szablak,@Olimpioszablak,https://twitter.com/Olimpioszablak/status/1635645893490647040,2023-03-14T14:15:44.000Z,Pra ser menos idiota só colocar uma carroça pra vc puchar!!!,0,0,0,https://twitter.com/BohnGass/status/1635339826248708096
ednyr santos,@EdnyrSantos,https://twitter.com/EdnyrSantos/status/1635599369180160001,2023-03-14T11:10:52.000Z,É só abrir a CPMI Do dia 8,0,0,0,https://twitter.com/BohnGass/status/1635339826248708096
Eliel Miranda Tavare,@Elimita10,https://twitter.com/Elimita10/status/1635361504353726465,2023-03-13T19:25:40.000Z,"""O Anistiado (ANS) não está contemplado para contratar empréstimo consignado com base no disposto no parágrafo 2º do artigo 1º do Decreto 8.690 de 11/03/2016"".  
Decreto que dificulta a vida dos Anistiados Políticos. Proibidos de fazer empréstimos consignados. 
Remova decreto já!",0,0,0,https://twitter.com/BohnGass/status/1635339826248708096
Aquilez Nilson,@AquilezN,https://twitter.com/AquilezN/status/1635391684455579650,2023-03-13T21:25:36.000Z,O Fundo Constitucional do DF está sendo desviado criminosamente. É  verba FEDERAL. Investigue,0,0,0,https://twitter.com/BohnGass/status/1635339826248708096
