nome,usuario,idTweet,dataPublicacao,texto,replies,retweets,likes,tweetPai
Srta,@srta_0013,https://twitter.com/srta_0013/status/1635398103506513921,2023-03-13T21:51:06.000Z,Bolsonaristas utilizarão disso como guerrinha de narrativas vão conseguir manter o foragido foragido e invisibilizar os feitos do governo Lula. Bingo!,1,0,0,https://twitter.com/BohnGass/status/1635394717105164288
Bohn Gass,@BohnGass,https://twitter.com/BohnGass/status/1635404826900312064,2023-03-13T22:17:49.000Z,Não vão!,1,0,0,https://twitter.com/BohnGass/status/1635394717105164288
Nikolas me representa,@alzy16570197,https://twitter.com/alzy16570197/status/1635795057008869376,2023-03-15T00:08:27.000Z,E pq o governo não quer a CPMI????,0,0,0,https://twitter.com/BohnGass/status/1635394717105164288
Iza Ferreira Albino,@iza_albino,https://twitter.com/iza_albino/status/1635795539366236160,2023-03-15T00:10:22.000Z,Tem provas?,0,0,0,https://twitter.com/BohnGass/status/1635394717105164288
Iza Ferreira Albino,@iza_albino,https://twitter.com/iza_albino/status/1635795637466791938,2023-03-15T00:10:46.000Z,🤬🤬🤬,0,0,0,https://twitter.com/BohnGass/status/1635394717105164288
Iza Ferreira Albino,@iza_albino,https://twitter.com/iza_albino/status/1635795814881583105,2023-03-15T00:11:28.000Z,😡😡😡,0,0,0,https://twitter.com/BohnGass/status/1635394717105164288
Roberto Luís Costa,@Robertoluiscost,https://twitter.com/Robertoluiscost/status/1635425450834161664,2023-03-13T23:39:46.000Z,"Falando aquele que mama na teta do dinheiro do contribuinte a vida toda ,nunca fez nada de bom pelo povo, uma inutilidade ,um peso morto pro contribuinte.",0,0,0,https://twitter.com/BohnGass/status/1635394717105164288
Aquilez Nilson,@AquilezN,https://twitter.com/AquilezN/status/1635452394480844800,2023-03-14T01:26:50.000Z,O Fundo Constitucional do DF está sendo desviado criminosamente. É  verba FEDERAL. Investigue,0,0,0,https://twitter.com/BohnGass/status/1635394717105164288
