nome,usuario,idTweet,dataPublicacao,texto,replies,retweets,likes,tweetPai
jacques oliveira,@falaefaz,https://twitter.com/falaefaz/status/1636556598536445952,2023-03-17T02:34:33.000Z,Kkkkkkkk miauuuu,0,0,0,https://twitter.com/BohnGass/status/1636491530750812160
Antonio Marcos Souza,@Antonio70276145,https://twitter.com/Antonio70276145/status/1636739374661394434,2023-03-17T14:40:50.000Z,"Os patriotas podem tudo, afinal, são conservadores abençoados pelos Malafaias da vida!",0,0,0,https://twitter.com/BohnGass/status/1636491530750812160
Jaca Paladium,@DfVozdaRua,https://twitter.com/DfVozdaRua/status/1636533355347886082,2023-03-17T01:02:11.000Z,Moro Marreco e seu fiel escudeiro Deltan Powerpoint a dupla mais INÚTIL do Brasil!,1,1,3,https://twitter.com/BohnGass/status/1636491530750812160
Emily souza,@emmysza,https://twitter.com/emmysza/status/1636722288748896256,2023-03-17T13:32:57.000Z,Vergonha PARANAENSE!!!,0,0,2,https://twitter.com/BohnGass/status/1636491530750812160
Lauro Silva,@arqlaurosilva,https://twitter.com/arqlaurosilva/status/1636820484766482433,2023-03-17T20:03:08.000Z,O idiota. Lula foi condenado em 3 instâncias! 3 três!! Inclusive com aumento da pena inicial. Provas sobradas.,0,0,0,https://twitter.com/BohnGass/status/1636491530750812160
