nome,usuario,idTweet,dataPublicacao,texto,replies,retweets,likes,tweetPai
Anderson,@anscrf,https://twitter.com/anscrf/status/1636177176805482497,2023-03-16T01:26:52.000Z,"É inacreditável que deputados do PL estejam fazendo isso
Traidores",2,1,23,https://twitter.com/andrefernm/status/1636173936823095298
John Ryder,@opressor1972,https://twitter.com/opressor1972/status/1636298962960367621,2023-03-16T09:30:48.000Z,Parabéns deputado.,0,0,0,https://twitter.com/andrefernm/status/1636173936823095298
Médicos Pela Liberdade,@MedicoLiberdade,https://twitter.com/MedicoLiberdade/status/1636181174933417991,2023-03-16T01:42:45.000Z,Todos os caminhos levam ao Maranhão. Grande Maranhão...,5,4,72,https://twitter.com/andrefernm/status/1636173936823095298
MOISÉS PEREIRA,@pereiraovelhade,https://twitter.com/pereiraovelhade/status/1636180440443768836,2023-03-16T01:39:50.000Z,2 Deputados do PL retiraram assinatura. É isso mesmo?,0,1,10,https://twitter.com/andrefernm/status/1636173936823095298
ff.faillace,@dmsfp73,https://twitter.com/dmsfp73/status/1636180292082778118,2023-03-16T01:39:15.000Z,Parece... que o Dino tá conseguindo que seus conterrâneos do PL retirem suas assinaturas.,1,1,24,https://twitter.com/andrefernm/status/1636173936823095298
Edson Santos,@989Edson,https://twitter.com/989Edson/status/1636304791130238976,2023-03-16T09:53:57.000Z,Esses deputados do MA são uma vergonha mesmo !,0,0,0,https://twitter.com/andrefernm/status/1636173936823095298
Eduardo Black,@Eduardo12383988,https://twitter.com/Eduardo12383988/status/1636176304667238400,2023-03-16T01:23:24.000Z,👏👏👏😎,0,0,1,https://twitter.com/andrefernm/status/1636173936823095298
Dina,@Dina27315798,https://twitter.com/Dina27315798/status/1636453000616001537,2023-03-16T19:42:53.000Z,Porque $era????,0,0,0,https://twitter.com/andrefernm/status/1636173936823095298
AFRamos,@FRamos79377947,https://twitter.com/FRamos79377947/status/1636351803447967745,2023-03-16T13:00:46.000Z,"ABSURDO algum deputado ou senador do @plnacional_ não assinar ou retirar sua assinatura da CPMI de 08/01, político assim tá indo contra o que defende seus eleitores e o partido PL. Parlamentares do PL que não integrarem essa CPMI devem uma explicação plausível ou serem expulsos.",1,0,2,https://twitter.com/andrefernm/status/1636173936823095298
jorge ferreira,@JferreiraJorge,https://twitter.com/JferreiraJorge/status/1636389557850771467,2023-03-16T15:30:47.000Z,E quando começa?,0,0,0,https://twitter.com/andrefernm/status/1636173936823095298
Marcia Perutti,@PeruttiMarcia,https://twitter.com/PeruttiMarcia/status/1636429100167381010,2023-03-16T18:07:55.000Z,Força… contamos com vcs 👏🏼👏🏼👏🏼,0,0,0,https://twitter.com/andrefernm/status/1636173936823095298
JbP,@joabosper,https://twitter.com/joabosper/status/1636408830463471618,2023-03-16T16:47:22.000Z,"Pachecuzaaaão vai ganhar tempo até o molusco oferecer cargos e grana suficientes para os parlamentares ""negociáveis"" 🤡🤡🤡👎",0,0,0,https://twitter.com/andrefernm/status/1636173936823095298
Heberth Arruda,@heberth_arruda,https://twitter.com/heberth_arruda/status/1636179783154384898,2023-03-16T01:37:13.000Z,"Agora vai ficar nesse jogo.
Coloca assinatura na CPMI para receber proposta de dinheiro do governo, e após retiram a assinatura. 🤡Posso estar enganado, mas é oque está parecendo, só colocando assinatura até receber proposta e após isso retiramos a assinatura.",1,0,5,https://twitter.com/andrefernm/status/1636173936823095298
ｍａｃｌｏｖｉｎ,@Eduardo03745166,https://twitter.com/Eduardo03745166/status/1636401136977563650,2023-03-16T16:16:48.000Z,Força deputado!!,0,0,0,https://twitter.com/andrefernm/status/1636173936823095298
Geni Santos,@GeniFreitasdos3,https://twitter.com/GeniFreitasdos3/status/1636394317177831424,2023-03-16T15:49:42.000Z,QUANDO VÃO COMEÇAR A CPMI??? Porque não cobram o Pacheco??? Porque a demora?? Vão ficar só na dança das cadeiras??,0,0,0,https://twitter.com/andrefernm/status/1636173936823095298
TRADER WR 2,@wiltonr613,https://twitter.com/wiltonr613/status/1636178954263441411,2023-03-16T01:33:56.000Z,"Sinceramente! a situação que estamos vendo, PR de mãos dadas com criminosos, agora vem ministro fazendo acordo com marginais, e marginal de 3° categoria, aí você ver um congresso com 584 deputados e só 194 assina a cpi, então o resto dos deputados é tudo bandido.",0,0,1,https://twitter.com/andrefernm/status/1636173936823095298
Hanna tome Alice,@HannatomeAlice1,https://twitter.com/HannatomeAlice1/status/1636345792754483200,2023-03-16T12:36:53.000Z,Esses do PL tem que ser expulsos,1,0,1,https://twitter.com/andrefernm/status/1636173936823095298
,@Maria491091542,https://twitter.com/Maria491091542/status/1636468738756059225,2023-03-16T20:45:26.000Z,"Isso tá virando novela mexicana.

Abre logo isso.",0,0,0,https://twitter.com/andrefernm/status/1636173936823095298
Karol Brasil,@ksrezen,https://twitter.com/ksrezen/status/1636492484640403458,2023-03-16T22:19:47.000Z,"Eu estou contando as horas para começar essa investigação tão necessária, questão de honra aos Patriotas que foram chamados de golpistas, terroristas e outras coisas mais. Mais de um ano de manifestações pacíficas para acontecer isso, precisamos das respostas.",0,0,2,https://twitter.com/andrefernm/status/1636173936823095298
Zeuda,@zeeuda,https://twitter.com/zeeuda/status/1636183148785442817,2023-03-16T01:50:36.000Z,"O Pachecú tá precisando de aperto, já deu e digo mais , se depender dele, não vai ter cpmi é nunca",0,0,2,https://twitter.com/andrefernm/status/1636173936823095298
Chadia A. Ahmad,@ManhaBella,https://twitter.com/ManhaBella/status/1636177213283266562,2023-03-16T01:27:01.000Z,"Ministro @DepJuscelino trabalhando arduamente com seus companheiros para se manter no cargo, e esvaziar a CPMI. Não a toa, apenas os maranhenses estão retirando as assinaturas. Vai ser um revezamento até o dia 28/03. Não podemos esquecer do vendido @rodrigopacheco.",1,7,34,https://twitter.com/andrefernm/status/1636173936823095298
Jenny,@Jenifer22711941,https://twitter.com/Jenifer22711941/status/1636176022751133696,2023-03-16T01:22:17.000Z,"@CostaNetoPL  QUE PALHAÇADA É ESSA DE DEPUTADOS DO PL RETIRANDO A ASSINATURA?? 
O SR. NÃO VI FAZER NADA?",0,3,6,https://twitter.com/andrefernm/status/1636173936823095298
Leo Kasura |,@leokasura,https://twitter.com/leokasura/status/1636175033788669953,2023-03-16T01:18:21.000Z,@DacunhaDelegado ficou com medo de virar um novo Fruta ou Peppa da política kkk,1,1,3,https://twitter.com/andrefernm/status/1636173936823095298
Leo Kasura |,@leokasura,https://twitter.com/leokasura/status/1636179196996202497,2023-03-16T01:34:53.000Z,OS COVARDES QUE NAO QUEREM A VERDADE E QUE TANTO FAZ OS INOCENTES PRESOS@detinhaslz @josimarPL22@maxlemosoficial@josenelto19 @BrazaoChiquinho @csilveira4599,0,2,3,https://twitter.com/andrefernm/status/1636173936823095298
MTF2,@MTF220,https://twitter.com/MTF220/status/1636192409158668289,2023-03-16T02:27:23.000Z,"Que absurdo, deputados do PL, o que esses caras estão fazendo no partido?",0,0,1,https://twitter.com/andrefernm/status/1636173936823095298
Marcia Costa,@MarciaC50520655,https://twitter.com/MarciaC50520655/status/1636273230255202304,2023-03-16T07:48:33.000Z,"Até que enfim @DacunhaDelegado teve o prazer de assinar deixar seus eleitores felizes.
Agora Sr @rodrigopacheco tem que acordar do 😴😴😴profundo é começar a trabalhar",0,0,1,https://twitter.com/andrefernm/status/1636173936823095298
Patricia C. M. S.,@PatriciaCMS_,https://twitter.com/PatriciaCMS_/status/1636311924542455809,2023-03-16T10:22:18.000Z,"Mas escuta, esses deputados do PL estão se vendendo? Ou tem rabo preso em processos no STF e estão sendo ameaçados?",0,0,1,https://twitter.com/andrefernm/status/1636173936823095298
,@DanielDHSQAP,https://twitter.com/DanielDHSQAP/status/1636175259031175169,2023-03-16T01:19:15.000Z,"Interessante, JUSTO do Maranhão?🤔",0,0,10,https://twitter.com/andrefernm/status/1636173936823095298
Carlos Prado,@carprado,https://twitter.com/carprado/status/1636177421044011010,2023-03-16T01:27:50.000Z,Esses 2 deputados do PL deveriam ser expulsos do partido,0,1,3,https://twitter.com/andrefernm/status/1636173936823095298
Josiane Gonçalves De Freitas,@JosianeGFreitas,https://twitter.com/JosianeGFreitas/status/1636176390272741377,2023-03-16T01:23:44.000Z,"@CostaNetoPL onde está a articulação do PL?
Por qual motivo temos parlamentares do próprio partido retirando as assinaturas?",2,5,54,https://twitter.com/andrefernm/status/1636173936823095298
Naylton,@nayltonf,https://twitter.com/nayltonf/status/1636314191102373888,2023-03-16T10:31:19.000Z,"Quero fazer Justiça e parabenizar o @DacunhaDelegado por assinar a lista e não se vender a corrupção proposta p Governo. 

O Brasil aguarda as apurações e a condenação dos envolvidos.

Valeu Da Cunha 👏👏",0,0,7,https://twitter.com/andrefernm/status/1636173936823095298
Naylton,@nayltonf,https://twitter.com/nayltonf/status/1636314621668720642,2023-03-16T10:33:01.000Z,"@plnacional_ ?????

A porta é a serventia da rua!!

Não faz sentindo manter esses políticos no partido.",0,1,3,https://twitter.com/andrefernm/status/1636173936823095298
Divallu,@Divalluu,https://twitter.com/Divalluu/status/1636174761427361800,2023-03-16T01:17:16.000Z,O que falta pra essa CPMI acontecer vai chegar nas 200 assinatura e nada,2,1,18,https://twitter.com/andrefernm/status/1636173936823095298
,@BethBrasil2022,https://twitter.com/BethBrasil2022/status/1636175962067935232,2023-03-16T01:22:02.000Z,CPI  do dia 8 de janeiro urgente!!!,0,1,7,https://twitter.com/andrefernm/status/1636173936823095298
ester,@EsterlaineAvila,https://twitter.com/EsterlaineAvila/status/1636292914333511681,2023-03-16T09:06:46.000Z,Vejam a traidora que vendeu o povo por cargos no governo . Vamos perguntar  a esta Judas se ela faria o mesmo se a mãe dela tivesse sido presa.,0,4,2,https://twitter.com/andrefernm/status/1636173936823095298
RosaMar,@RosanaMMSoares,https://twitter.com/RosanaMMSoares/status/1636174399903522819,2023-03-16T01:15:50.000Z,Houve 8 retiradas e 12 adicionadas? Ainda estamos em vantagem. Ótimo.,1,1,14,https://twitter.com/andrefernm/status/1636173936823095298
Cris Ribeiro,@Mcmlxxxivbr,https://twitter.com/Mcmlxxxivbr/status/1636203193532030982,2023-03-16T03:10:15.000Z,Até quando o Capacheco vai enrolar para ver se mais alguém retira assinatura?,0,1,2,https://twitter.com/andrefernm/status/1636173936823095298
Marta Tricolor,@MartaMattos1967,https://twitter.com/MartaMattos1967/status/1636175269064048645,2023-03-16T01:19:17.000Z,Tem que entrar com uma representação no STF para pedir que o presidente do senado cumpra com o seu dever!!!!,2,2,16,https://twitter.com/andrefernm/status/1636173936823095298
Doutor em ciências ocultas,@horiphotos,https://twitter.com/horiphotos/status/1636176198983098368,2023-03-16T01:22:59.000Z,"Vou arrumar aqui a chamada.

+3 deputados VENDERAM a assinatura:
Josimar Maranhãozinho (PL/MA)
Detinha (PL/MA)
Max Lemos (Pros/RJ)",1,1,2,https://twitter.com/andrefernm/status/1636173936823095298
ester,@EsterlaineAvila,https://twitter.com/EsterlaineAvila/status/1636328042707468295,2023-03-16T11:26:21.000Z,"@AlexManente23 obrigada, deputado por fazer o que é certo! Milhares de familias estão sofrendo pela injustiça que estão sofrendo . Obrigada por não virar as costas a elas! @camaradeputados",0,1,1,https://twitter.com/andrefernm/status/1636173936823095298
Didinali,@FerreiraCardin,https://twitter.com/FerreiraCardin/status/1636366958097739777,2023-03-16T14:00:59.000Z,"Pessoal do Maranhão,roendo a carne,dedo do dinoperalta.
PL deveria expulsar",0,0,4,https://twitter.com/andrefernm/status/1636173936823095298
Christus Vincit Christus Rex!,@ravache_sylvia,https://twitter.com/ravache_sylvia/status/1636471689927172100,2023-03-16T20:57:09.000Z,O Delegado DaCunha reassinou?  Dosset que ele tinha retirado?,1,0,1,https://twitter.com/andrefernm/status/1636173936823095298
C.,@cristin91524525,https://twitter.com/cristin91524525/status/1636331903094497282,2023-03-16T11:41:41.000Z,Não entendo essa demora pra começar essa CPMI. Alguém pode me dizer? Por favor,0,0,4,https://twitter.com/andrefernm/status/1636173936823095298
Miquéias Pereira,@one_legionary,https://twitter.com/one_legionary/status/1636174843342102531,2023-03-16T01:17:35.000Z,Inadmissível parlamentares do PL que surfaram a onda Bolsonaro se venderem ao sistema.,5,7,118,https://twitter.com/andrefernm/status/1636173936823095298
𝙅𝙤𝙨𝙞𝙖𝙣𝙚 ,@josianezwirtes,https://twitter.com/josianezwirtes/status/1636177923198836736,2023-03-16T01:29:50.000Z,#𝙄𝙣𝙨𝙩𝙖𝙪𝙧𝙖𝘼𝘾𝙋𝙈𝙄,0,1,1,https://twitter.com/andrefernm/status/1636173936823095298
Rosana Santos,@zana210466,https://twitter.com/zana210466/status/1636177913182670848,2023-03-16T01:29:47.000Z,"E quando vai  iniciar,  o que falta pra leitura, fala ai...todos vamos ajudar, o que precisamos fazer  ?",0,0,5,https://twitter.com/andrefernm/status/1636173936823095298
Katia Zachi,@KatiaZachi,https://twitter.com/KatiaZachi/status/1636181924430372864,2023-03-16T01:45:44.000Z,Parabéns @AlexManente23 o povo de São Bernardo agradece.,0,1,1,https://twitter.com/andrefernm/status/1636173936823095298
Marta Tricolor,@MartaMattos1967,https://twitter.com/MartaMattos1967/status/1636175012431265795,2023-03-16T01:18:16.000Z,"Tá complicado hein.
Menos 1 desde a última atualização",0,0,3,https://twitter.com/andrefernm/status/1636173936823095298
Alexsandro,@VrAlexsandro,https://twitter.com/VrAlexsandro/status/1636177947412295680,2023-03-16T01:29:56.000Z,"@Sgt_portugal, assina por favor.",0,1,1,https://twitter.com/andrefernm/status/1636173936823095298
Aurora,@AuroraCtaReserv,https://twitter.com/AuroraCtaReserv/status/1636175478305243137,2023-03-16T01:20:07.000Z,Vergonhoso! Estes parlamentares corrompidos usaram as suas assinaturas para se venderem à canalhice sistêmica do desgoverno.,0,1,4,https://twitter.com/andrefernm/status/1636173936823095298
Vinicius V,@VTTi84,https://twitter.com/VTTi84/status/1636190809379807232,2023-03-16T02:21:02.000Z,Muito bem senhor deputado @DacunhaDelegado ! Esperamos que você trabalhe sempre buscando a justiça em todas as situações. Parabéns!,0,0,8,https://twitter.com/andrefernm/status/1636173936823095298
Ângela Bastos,@Angela_Bast,https://twitter.com/Angela_Bast/status/1636177764427464704,2023-03-16T01:29:12.000Z,"Que vergonha esses deputados do PL, hein? Vendidos ou chantageados?",0,1,3,https://twitter.com/andrefernm/status/1636173936823095298
Almirante CRVG✠,@gabrielmarley37,https://twitter.com/gabrielmarley37/status/1636174560939634689,2023-03-16T01:16:28.000Z,"Os PILANTRAS do Maranhão estão todos retirando. Todos comem nas mãos do DINOssauro.
Por isso q é o ESTADO mais POBRE da Federação.",1,1,14,https://twitter.com/andrefernm/status/1636173936823095298
Darcilene Souza,@PedroLimaSouza5,https://twitter.com/PedroLimaSouza5/status/1636852063282819073,2023-03-17T22:08:37.000Z,@silascamara_ já assinou? 🤔,0,1,1,https://twitter.com/andrefernm/status/1636173936823095298
Luci_neide,@LuciaSi47327441,https://twitter.com/LuciaSi47327441/status/1636180333442867200,2023-03-16T01:39:24.000Z,"OXE PELAS AS CARIDADES, TÁ NA HORA DO @plnacional_ EXPULSAR ESSES PARLAMENTARES FROUXO DO PARTIDO QUE SE VENDE POR MÍSEROS CENTAVOS 🤷‍♀️",0,1,2,https://twitter.com/andrefernm/status/1636173936823095298
Link221,@Link22134,https://twitter.com/Link22134/status/1636176915097608192,2023-03-16T01:25:49.000Z,Explica para nós leigos oque falta para abrir a cpi.,0,1,2,https://twitter.com/andrefernm/status/1636173936823095298
Weltonmoreira,@weltonmoreira15,https://twitter.com/weltonmoreira15/status/1636174236585689088,2023-03-16T01:15:11.000Z,Não tem Prazo para instaurar essa CPMI?,0,1,3,https://twitter.com/andrefernm/status/1636173936823095298
eduardogomes,@eduardidu,https://twitter.com/eduardidu/status/1636177275329601537,2023-03-16T01:27:15.000Z,"Que demora é essa para a CPMI começar, dando tempo para acabarem com a CPMI?",0,1,9,https://twitter.com/andrefernm/status/1636173936823095298
Nathalia Viana,@Nathalia_lv05,https://twitter.com/Nathalia_lv05/status/1636176944852086784,2023-03-16T01:25:57.000Z,O pessoal do PL/MA são bem traidores né? Todos se elegeram nas costas do Bolsonaro e agora estão pulando do barco. Vergonhoso.,4,1,42,https://twitter.com/andrefernm/status/1636173936823095298
Maria Lucia,@MariaMariaUnica,https://twitter.com/MariaMariaUnica/status/1636181857791361027,2023-03-16T01:45:28.000Z,E pacheco otimista,0,0,0,https://twitter.com/andrefernm/status/1636173936823095298
Margareth Gatti,@gatti_margareth,https://twitter.com/gatti_margareth/status/1636290337143418880,2023-03-16T08:56:31.000Z,Grupo aqui do abc deu ultimato Alex manente 👋👋👋 ele assinou,0,0,0,https://twitter.com/andrefernm/status/1636173936823095298
𝒪𝓊𝓇 𝒫𝑒𝑜𝓅𝓁𝑒,@_mandalorian_Z,https://twitter.com/_mandalorian_Z/status/1636189728461447174,2023-03-16T02:16:44.000Z,Em 2026 temos q varrer esses deputados do antigo PL. 🙏🇧🇷,0,0,0,https://twitter.com/andrefernm/status/1636173936823095298
Flávio Jaime,@flaviojaime,https://twitter.com/flaviojaime/status/1636357613255368704,2023-03-16T13:23:51.000Z,"Oxi!
Mas o da Cunha não tinha retirado?
Voltou a assinar de novo?
Eu li em algum lugar que o pastor Gil voltou a assinar depois de ter retirado.",1,0,0,https://twitter.com/andrefernm/status/1636173936823095298
ANA LUCIA MARTINS BRITO Martins,@ANALUCI89210091,https://twitter.com/ANALUCI89210091/status/1636179398133940231,2023-03-16T01:35:41.000Z,Vamos fazendo o bolo e colocando fermento e batendo para só cresce,0,0,0,https://twitter.com/andrefernm/status/1636173936823095298
Flavio,@Flavio49999331,https://twitter.com/Flavio49999331/status/1636336577918926850,2023-03-16T12:00:16.000Z,"O Pl que disse que seria oposição ao governo, está tirando assinaturas? Nesse caroço tem angu!",0,0,0,https://twitter.com/andrefernm/status/1636173936823095298
т¡ค,@tttamaio,https://twitter.com/tttamaio/status/1636179832286453764,2023-03-16T01:37:25.000Z,🇧🇷🤜🤛🇧🇷🤝🤝🤝,0,0,0,https://twitter.com/andrefernm/status/1636173936823095298
José Maria,@Jose_Maria_67,https://twitter.com/Jose_Maria_67/status/1636184910401531905,2023-03-16T01:57:36.000Z,"ANDRÉ, ESTES LARAPIOS QUE RETIRAM SUAS  ASSINATURAS NÃO SUPORTARAM A TENTAÇÃO DE UM BOM GARGO OU UMA BOLADA BOA DE DINHEIRO. TRAIRAM O POVO BRASILEIRO .SE FOR CARGO NÃO VAI SER FELIZ COM ELE, SE FOR DINHEIRO SERÁ AMALDIÇOADO POR DEUS .
DINHEIRO SUJO E MALDIÇÃO ! DEUS É JUSTIÇA .",0,0,0,https://twitter.com/andrefernm/status/1636173936823095298
Gilmar,@araujocarioca,https://twitter.com/araujocarioca/status/1636175894619250691,2023-03-16T01:21:46.000Z,Vai ser mais fácil o boi voar do que acontecer essa CPMI.,0,0,0,https://twitter.com/andrefernm/status/1636173936823095298
Helena Araújo,@helenamsa29,https://twitter.com/helenamsa29/status/1636198762371506177,2023-03-16T02:52:38.000Z,"@deputado André Fernandes, vocês tem que pressionar o Pacheco ou correr atrás do impeatchment dele.",0,0,0,https://twitter.com/andrefernm/status/1636173936823095298
sempreadireita,@sempreadireita3,https://twitter.com/sempreadireita3/status/1636443027840352260,2023-03-16T19:03:16.000Z,Deus é conosco,0,0,0,https://twitter.com/andrefernm/status/1636173936823095298
+1brasileira,@mais1brasileir4,https://twitter.com/mais1brasileir4/status/1636357699263668227,2023-03-16T13:24:12.000Z,Por que os politicos do PL estão retirando assinaturas? São infiltrados dentro do partido @plnacional_ ?,0,0,0,https://twitter.com/andrefernm/status/1636173936823095298
MariaeAna,@MariaeAna0903,https://twitter.com/MariaeAna0903/status/1636187377474338819,2023-03-16T02:07:24.000Z,"@rodrigopacheco o que vc está  esperando? 
A sua cassação?",0,0,0,https://twitter.com/andrefernm/status/1636173936823095298
Pedro,@Pedro03027048,https://twitter.com/Pedro03027048/status/1636213213866999808,2023-03-16T03:50:04.000Z,Que jogo é esse?,0,0,0,https://twitter.com/andrefernm/status/1636173936823095298
felipenb,@felipenb6,https://twitter.com/felipenb6/status/1636177246070231041,2023-03-16T01:27:08.000Z,"Cara, Pacheco ta igual aquele juiz que nao acaba o jogo ate o time dele virar. Meados de março e nada de sessao conjunta. Pq nao peticionam no STF?",1,2,7,https://twitter.com/andrefernm/status/1636173936823095298
BAL PA7RIO7A,@BalPatriota,https://twitter.com/BalPatriota/status/1636463117709221905,2023-03-16T20:23:05.000Z,Do @plnacional_ @valdemarcostaneto,0,0,0,https://twitter.com/andrefernm/status/1636173936823095298
Didinali,@FerreiraCardin,https://twitter.com/FerreiraCardin/status/1636366646720995330,2023-03-16T13:59:45.000Z,Tamos aqui,0,0,0,https://twitter.com/andrefernm/status/1636173936823095298
hallem,@hallemmv,https://twitter.com/hallemmv/status/1636338779051945986,2023-03-16T12:09:01.000Z,"Mas se o Pacheco não acatar, não vai adiantar nada, não é mesmo?",1,0,0,https://twitter.com/andrefernm/status/1636173936823095298
Claumari.,@Claud565637,https://twitter.com/Claud565637/status/1636176306327912448,2023-03-16T01:23:24.000Z,Enquanto esperam quais são os seus projetos para 2023 ?,0,0,1,https://twitter.com/andrefernm/status/1636173936823095298
Carlos,@camriba,https://twitter.com/camriba/status/1636336152121602048,2023-03-16T11:58:34.000Z,"Um deputado que firma um documento  tão  importante como esse e depois retira sua firma , se arrepende, sei lá  o quê,  deve muitas explicações  para seus eleitores, porém  duvido que se preocupem com isso!",0,0,1,https://twitter.com/andrefernm/status/1636173936823095298
DIEGO DE SOUZA,@sdiegosouzas,https://twitter.com/sdiegosouzas/status/1636182155960229888,2023-03-16T01:46:39.000Z,PL tirando assinaturas é a maior sacanagem...,0,0,1,https://twitter.com/andrefernm/status/1636173936823095298
CPMI S. FRANCISCO URGENTE!,@angelan59870880,https://twitter.com/angelan59870880/status/1636303512408584193,2023-03-16T09:48:53.000Z,"E o sobre o pacheco, como vão ajudamos a população nessa pressão popular!!!",0,0,0,https://twitter.com/andrefernm/status/1636173936823095298
amhr,@_adrianamhr,https://twitter.com/_adrianamhr/status/1636345093333344263,2023-03-16T12:34:06.000Z,Se não pressionarem essa CPI não sairá do papel.,0,0,0,https://twitter.com/andrefernm/status/1636173936823095298
Maura lourenzetti,@lorenzutt1,https://twitter.com/lorenzutt1/status/1636214226988548098,2023-03-16T03:54:05.000Z,👏🏼👏🏼👏🏼,0,0,1,https://twitter.com/andrefernm/status/1636173936823095298
RBZatti,@rbzatti,https://twitter.com/rbzatti/status/1636194369509240833,2023-03-16T02:35:11.000Z,"Pacheco, como sempre, trabalhando contra o interesse popular. Descobrir a vdd não convém a ele e ao chefe do executivo. Queremos a CPMI. #CPMIdo08deJaneiroJa #CPMI08dejaneiro #CPMI8DEJANEIROJA #CPMIdo08deJaneiroJá",0,0,1,https://twitter.com/andrefernm/status/1636173936823095298
Edson Rosa,@_edsonrosa,https://twitter.com/_edsonrosa/status/1636226248501239808,2023-03-16T04:41:51.000Z,"Houveram é triste. HOUVE, Deputado!",0,0,0,https://twitter.com/andrefernm/status/1636173936823095298
Ana Lúcia #Bolsonaro,@AnabakerVet,https://twitter.com/AnabakerVet/status/1636489861380075521,2023-03-16T22:09:22.000Z,E o PL vai fazer o que com os traíras?,0,0,0,https://twitter.com/andrefernm/status/1636173936823095298
dkk11,@dkk115,https://twitter.com/dkk115/status/1636287816865927168,2023-03-16T08:46:30.000Z,Maranhão nunca falha😳😳,0,0,0,https://twitter.com/andrefernm/status/1636173936823095298
Cleomilson Lima,@Cleomilsonn,https://twitter.com/Cleomilsonn/status/1636191069514657793,2023-03-16T02:22:04.000Z,Ue.. alardeiam por ai que @DacunhaDelegado retirou assinatura ?? Procede ?,1,0,1,https://twitter.com/andrefernm/status/1636173936823095298
"VictorSilverPatria, Familia, Deus e LIBERDADE!",@VictorHugoASil3,https://twitter.com/VictorHugoASil3/status/1636479827283681283,2023-03-16T21:29:29.000Z,PL? 🤔🤐,0,0,0,https://twitter.com/andrefernm/status/1636173936823095298
Marcos Ferreira,@mtsferreira,https://twitter.com/mtsferreira/status/1636562330715561986,2023-03-17T02:57:20.000Z,Depois manda a relação dos traíras com as respectivas redes sociais,0,0,0,https://twitter.com/andrefernm/status/1636173936823095298
Marcos Ferreira,@mtsferreira,https://twitter.com/mtsferreira/status/1636562842504527873,2023-03-17T02:59:22.000Z,E aí @plnacional_ @valdemarcosta ?,0,0,0,https://twitter.com/andrefernm/status/1636173936823095298
"Deus, Pátria, Família e Liberdade",@romulo8118,https://twitter.com/romulo8118/status/1636508408118427648,2023-03-16T23:23:04.000Z,Obrigado pela luta @andrefernm 👏👏👏,0,0,0,https://twitter.com/andrefernm/status/1636173936823095298
Dari Garcia,@darigarcia78,https://twitter.com/darigarcia78/status/1636408708157653002,2023-03-16T16:46:53.000Z,"Quem são os goianos que retiraram?!
Vou colocar a 'cara' deles no observatório político de Goiás.",0,0,0,https://twitter.com/andrefernm/status/1636173936823095298
Pedro Henrique,@Phma__,https://twitter.com/Phma__/status/1636413845374746640,2023-03-16T17:07:18.000Z,"Quantos deputados e senadores, no total?",0,0,0,https://twitter.com/andrefernm/status/1636173936823095298
Raul Simas,@RaulSimas,https://twitter.com/RaulSimas/status/1636403413377318916,2023-03-16T16:25:51.000Z,Estão assinando para entrar na divisão do butim. Aí depois retiram,0,0,0,https://twitter.com/andrefernm/status/1636173936823095298
Cid,@nonato_cid,https://twitter.com/nonato_cid/status/1637451390325751809,2023-03-19T13:50:08.000Z,Quando vai sair esse negócio???,0,0,0,https://twitter.com/andrefernm/status/1636173936823095298
Ca,@CAMILAXSAMORI,https://twitter.com/CAMILAXSAMORI/status/1636416220101591040,2023-03-16T17:16:44.000Z,E quando começa essa bagaça?,0,0,0,https://twitter.com/andrefernm/status/1636173936823095298
Karina VS,@KarinaDVS22,https://twitter.com/KarinaDVS22/status/1636363190983376896,2023-03-16T13:46:01.000Z,👏👏boa!,0,0,0,https://twitter.com/andrefernm/status/1636173936823095298
Luis,@Luis55962330,https://twitter.com/Luis55962330/status/1636182295408173056,2023-03-16T01:47:12.000Z,"O problema é que tem ""alguem"" dando cobertura para esse senador de araque ficar bloqueando essa cpmi,  acredito que o referido vai ganhar um cargo vitalício, pois como político é atualmente um dos mais odiados do Brasil. Parabéns deputado.",0,0,1,https://twitter.com/andrefernm/status/1636173936823095298
DaniR._,@euDaniR_,https://twitter.com/euDaniR_/status/1636357403779256322,2023-03-16T13:23:01.000Z,Deputados do PL que retiram suas assinaturas deveriam ser expulsos do partido.,0,0,0,https://twitter.com/andrefernm/status/1636173936823095298
Marcello Callani,@CallaniMarcello,https://twitter.com/CallaniMarcello/status/1636176858210344962,2023-03-16T01:25:36.000Z,"Esse Molusco só 
t. o. m. a.   no   cool!",0,0,0,https://twitter.com/andrefernm/status/1636173936823095298
MCNavegador,@MCNAVEGADOR,https://twitter.com/MCNAVEGADOR/status/1636276497366278144,2023-03-16T08:01:32.000Z,O engraçado é o pessoal do PL retirando as assinaturas e o Waldemar calado!!,0,0,0,https://twitter.com/andrefernm/status/1636173936823095298
Roberto Silva,@Roberto38845366,https://twitter.com/Roberto38845366/status/1636310781292675072,2023-03-16T10:17:46.000Z,Parabéns Deputados 👏👏👏👏👏👏👏,0,0,0,https://twitter.com/andrefernm/status/1636173936823095298
Ribeiro,@Ribeiro81382482,https://twitter.com/Ribeiro81382482/status/1636302709916565504,2023-03-16T09:45:41.000Z,"Uma vergonha,  deputados do PL retirando assinaturas, ambos do Maranhão.",0,0,0,https://twitter.com/andrefernm/status/1636173936823095298
Macilene Pires,@MacilenePires,https://twitter.com/MacilenePires/status/1636202632309096449,2023-03-16T03:08:01.000Z,"Quando que começa, deputado? Acredito que não só eu, mas milhões de brasileiros estão ansiosos por essa CPMI #CPMIdo08deJaneiroJa",0,0,0,https://twitter.com/andrefernm/status/1636173936823095298
Andréa,@100pacienciahj,https://twitter.com/100pacienciahj/status/1636188063868018688,2023-03-16T02:10:07.000Z,Pressionem para que deem início  logo. Pelo amor de Deus. Não dá  pra ter sossego com esses caras.,0,0,0,https://twitter.com/andrefernm/status/1636173936823095298
Paulo Rios,@Paulo_Itagiba,https://twitter.com/Paulo_Itagiba/status/1636205920035151873,2023-03-16T03:21:05.000Z,Sacanagem deputados do PL retirarem assinaturas,0,0,0,https://twitter.com/andrefernm/status/1636173936823095298
maicon,@maicon_pizzetti,https://twitter.com/maicon_pizzetti/status/1636326195452157953,2023-03-16T11:19:01.000Z,Pq os deputados do PL estão tirando assinatura? Porra tão ficando loucos?,0,0,0,https://twitter.com/andrefernm/status/1636173936823095298
Habib Paraty,@HabibParaty,https://twitter.com/HabibParaty/status/1636251352346030081,2023-03-16T06:21:37.000Z,PL sendo PL 🤮,0,0,0,https://twitter.com/andrefernm/status/1636173936823095298
Vinicius V,@VTTi84,https://twitter.com/VTTi84/status/1636190996823257088,2023-03-16T02:21:47.000Z,"@andrefernm , seu trabalho está sendo excelente. Parabéns, rapaz! Muita saúde e força para continuar nesse caminho!",0,0,3,https://twitter.com/andrefernm/status/1636173936823095298
John Spartan,@demolidor_1984,https://twitter.com/demolidor_1984/status/1636363384605265922,2023-03-16T13:46:47.000Z,E pq ainda não foi instaurada? O que falta?,0,0,0,https://twitter.com/andrefernm/status/1636173936823095298
Ana,@a_lisnete,https://twitter.com/a_lisnete/status/1636175069809451008,2023-03-16T01:18:29.000Z,Senhor deputado há esperança dessa CPMI ser instaurada antes desse desgoverno conseguir o que quer?,2,2,8,https://twitter.com/andrefernm/status/1636173936823095298
Tiago César,@tiagol5,https://twitter.com/tiagol5/status/1636533460222242816,2023-03-17T01:02:36.000Z,"Ótimo! Mas o correto é *houve* e não ""houveram""",0,0,0,https://twitter.com/andrefernm/status/1636173936823095298
era uma vez - d3,@d3llteixeira,https://twitter.com/d3llteixeira/status/1636535580757483522,2023-03-17T01:11:02.000Z,Sustenta.,0,0,0,https://twitter.com/andrefernm/status/1636173936823095298
Mi!,@Mi_L_again,https://twitter.com/Mi_L_again/status/1636191263971000320,2023-03-16T02:22:50.000Z,"Deputado, se a esquerda não quer é sinal de que tem culpa!
E quem retira a assinatura é cumplice ou 'vendido'? 

É houve, deputado! 
Verbo haver no sentido de existir, verbo impessoal (3a pessoa do singular).
Houve 8 retiradas e 12 adicionadas! #Iuhuuuuuu#CPMIdo08deJaneiroJa",2,6,24,https://twitter.com/andrefernm/status/1636173936823095298
@jbonizol,@jbonizol,https://twitter.com/jbonizol11/status/1636200960149139457,2023-03-16T03:01:22.000Z,"Já são 3 do PL, cadê o Waldemar?",0,0,1,https://twitter.com/andrefernm/status/1636173936823095298
William Azevedo,@William21653137,https://twitter.com/William21653137/status/1636176002782048266,2023-03-16T01:22:12.000Z,Pra cima deles,0,0,1,https://twitter.com/andrefernm/status/1636173936823095298
Antonia Regina,@Antonia02206541,https://twitter.com/Antonia02206541/status/1636376242491658241,2023-03-16T14:37:53.000Z,OBRIGADA DEPUTADO DA CUNHA🙏,0,0,0,https://twitter.com/andrefernm/status/1636173936823095298
Vinícius Midlej S. Ramos #Agro,@ViniciusMidlej5,https://twitter.com/ViniciusMidlej5/status/1636392154045239298,2023-03-16T15:41:06.000Z,"Esses que retiraram a assinatura, nós sabemos o real motivo.",0,0,1,https://twitter.com/andrefernm/status/1636173936823095298
theborges,@theborgesrj,https://twitter.com/theborgesrj/status/1636301632743907328,2023-03-16T09:41:24.000Z,PL mostrando sua verdadeira face,0,0,0,https://twitter.com/andrefernm/status/1636173936823095298
Sisifo,@sisifoid,https://twitter.com/sisifoid/status/1636233064106917889,2023-03-16T05:08:56.000Z,"Vários deputados do PL retirando as assinaturas, será que logo vai virar uma espécie de União Brasil?",0,0,0,https://twitter.com/andrefernm/status/1636173936823095298
gareth,@gareth_rocha,https://twitter.com/gareth_rocha/status/1636326177445904385,2023-03-16T11:18:56.000Z,Covardes (8).,0,0,0,https://twitter.com/andrefernm/status/1636173936823095298
Luciana,@Luciana44478055,https://twitter.com/Luciana44478055/status/1636206173123649536,2023-03-16T03:22:05.000Z,Porque tanta demora pra instaurar essa CPMI  se já tem assinaturas suficientes? Cada dia que passa mais articulações acontecem... não dá pra correr mais riscos.,0,0,0,https://twitter.com/andrefernm/status/1636173936823095298
Angela Maria - LIBERDADE -,@angelamdc,https://twitter.com/angelamdc/status/1636352216784158720,2023-03-16T13:02:25.000Z,Deveria ser proibido retirar assinaturas depois do protocolo.,0,0,0,https://twitter.com/andrefernm/status/1636173936823095298
O Desagregador,@Markuz_Santos,https://twitter.com/Markuz_Santos/status/1636360251476779009,2023-03-16T13:34:20.000Z,Alguém conhece um deputado que ensina seus eleitores a rasparem o kool?,0,0,0,https://twitter.com/andrefernm/status/1636173936823095298
Hanna,@Hanna_The4,https://twitter.com/Hanna_The4/status/1636338525309222915,2023-03-16T12:08:00.000Z,Mais tarde vou mostrar a 'tela' dos 3 c@n@lh@s.,0,0,0,https://twitter.com/andrefernm/status/1636173936823095298
mariano,@mariano71409800,https://twitter.com/mariano71409800/status/1636221225725747200,2023-03-16T04:21:54.000Z,"Dep André ,seria muito bom atualizar todos os dias,no final do expediente legislativo ,como o dep mesmo falou,está havendo muita fake news com nomes de parlamentares que tiraram assinatura e os que assinaram !!🤔",0,0,0,https://twitter.com/andrefernm/status/1636173936823095298
mariano,@mariano71409800,https://twitter.com/mariano71409800/status/1636221504235925505,2023-03-16T04:23:00.000Z,A água no Maranhão não faz bem !!!,0,0,0,https://twitter.com/andrefernm/status/1636173936823095298
"Will Cast ""JB²² """,@RealWill1975,https://twitter.com/RealWill1975/status/1636174606837923843,2023-03-16T01:16:39.000Z,Tem que pegar todos os que retiraram a assinatura e expulsar do partido e tomar o mandato!,0,2,82,https://twitter.com/andrefernm/status/1636173936823095298
Grazi,@FtGraziela,https://twitter.com/FtGraziela/status/1636177806353629185,2023-03-16T01:29:22.000Z,Parlamentares do PL 😒Deveriam ser expulsos do Partido,0,2,30,https://twitter.com/andrefernm/status/1636173936823095298
JOS,@MRJOS1942,https://twitter.com/MRJOS1942/status/1636187977331232771,2023-03-16T02:09:47.000Z,"Tem que colocar as @ dos vendidos.

E dar os parabéns aos que assinaram.",1,1,30,https://twitter.com/andrefernm/status/1636173936823095298
Cibele,@Cibe_lissima,https://twitter.com/Cibe_lissima/status/1636174918004998145,2023-03-16T01:17:53.000Z,"Gente, mas está na hora do senhor Valdemar da Costa dar uma prensa nesses vendidos do PL, que putcha oposição essa, hein?!",0,1,53,https://twitter.com/andrefernm/status/1636173936823095298
Paulo_cearaPE,@paulo_cearaPe,https://twitter.com/paulo_cearaPe/status/1636177571002892291,2023-03-16T01:28:26.000Z,"O que falta para protocolar, André?",0,1,2,https://twitter.com/andrefernm/status/1636173936823095298
Gi,@GildaTeixeira7,https://twitter.com/GildaTeixeira7/status/1636200434531553281,2023-03-16T02:59:17.000Z,Até qdo Pacheco vai ficar embromando pra marcar essa sessão?! Ele está querendo ganhar tempo para os traíras retirarem as assinaturas.,0,1,11,https://twitter.com/andrefernm/status/1636173936823095298
Dan Gaiden,@dan_gaiden,https://twitter.com/dan_gaiden/status/1636177275778392066,2023-03-16T01:27:15.000Z,Quando finalmente vai ser instalada essa CPMI? Não era automática após conseguir as assinaturas?,1,3,23,https://twitter.com/andrefernm/status/1636173936823095298
Zelia Fabro22,@zfabrogmailcom,https://twitter.com/zfabrogmailcom/status/1636234511204638720,2023-03-16T05:14:41.000Z,Mais 2 do PL ? O Waldemar tem que expulsar do partido.,0,3,13,https://twitter.com/andrefernm/status/1636173936823095298
HiroKun,@FujiRenato,https://twitter.com/FujiRenato/status/1636175825694494720,2023-03-16T01:21:30.000Z,"A pergunta é, estão assinando em pró Brasil ou pra ganhar algo do luladrão 🫢🫢",0,1,3,https://twitter.com/andrefernm/status/1636173936823095298
Thiagosgc20,@thiagosgc20,https://twitter.com/thiagosgc20/status/1636176213638103045,2023-03-16T01:23:02.000Z,"PL do Maranhão tá de sacanagem né, a maioria do PL do maranhão não assinou",1,1,4,https://twitter.com/andrefernm/status/1636173936823095298
Josélia Salgado,@joselia_salgado,https://twitter.com/joselia_salgado/status/1636176694976339970,2023-03-16T01:24:57.000Z,Josemar  e a esposa Detinha kkk esses dois no Maranhão kkk nem se fala,0,1,1,https://twitter.com/andrefernm/status/1636173936823095298
Felipi Azambuja,@FelipiAzambuja,https://twitter.com/FelipiAzambuja/status/1636186378676367362,2023-03-16T02:03:26.000Z,Porque a maioria dos deputados que retiram as assinaturas são do nordeste?🤔,0,1,1,https://twitter.com/andrefernm/status/1636173936823095298
Monica Nienchoter da Silva,@Nicanienchotter,https://twitter.com/Nicanienchotter/status/1636175794757050369,2023-03-16T01:21:22.000Z,Esse PL  que decepção,0,1,1,https://twitter.com/andrefernm/status/1636173936823095298
cassio luis,@CassioGuido,https://twitter.com/CassioGuido/status/1636494358663790592,2023-03-16T22:27:14.000Z,"Uma pergunta para os deputados do MA @josimarPL22 e @detinhaslz , vcs tem medo do Flávio Dino Sauro por isso que retiraram as assinaturas?
Parabéns @DacunhaDelegado respondeu aos mais de 180.000 eleitores de maneira positiva.
""Valeu Pedra 90""",0,0,2,https://twitter.com/andrefernm/status/1636173936823095298
jadson Jardim,@jadsonJardim8,https://twitter.com/jadsonJardim8/status/1636175227506814977,2023-03-16T01:19:07.000Z,PL/MA TERRA DO DINOSSAURO,0,1,1,https://twitter.com/andrefernm/status/1636173936823095298
Soraya Alb,@SorayaLimaAlbu1,https://twitter.com/SorayaLimaAlbu1/status/1636175863677870080,2023-03-16T01:21:39.000Z,Traidores! Anotem os nomes para as próximas eleições.,0,1,2,https://twitter.com/andrefernm/status/1636173936823095298
Eu converso sem ofender com xingamentos.,@vaidarouvaitoma,https://twitter.com/vaidarouvaitoma/status/1636176300753788928,2023-03-16T01:23:23.000Z,"Esses do PL precisam acordar com suas cabeças no espeto em praça pública, sem alarde, anônimo, só aparece.",0,1,2,https://twitter.com/andrefernm/status/1636173936823095298
ALE RANZIN,@AleRanzin,https://twitter.com/AleRanzin/status/1636176463295655943,2023-03-16T01:24:02.000Z,"Coincidência tantos deputados do MARANHÃO retirando, justamente o estado do atual Ministro da Justiça. Interessante… o mesmo que fez visitinha na comunidade da Maré sem nenhum esquema de segurança. 🤔",3,4,43,https://twitter.com/andrefernm/status/1636173936823095298
Silvinho,@djscdias,https://twitter.com/djscdias/status/1636176808469987328,2023-03-16T01:25:24.000Z,"Não entendo essa demoraaaaa
Os caras não tão pra brincadeira, tão investindo firme pra não ter. Bora apertar o Pacheco.",0,1,2,https://twitter.com/andrefernm/status/1636173936823095298
Vasques,@Vasques3535,https://twitter.com/Vasques3535/status/1636181036139683840,2023-03-16T01:42:12.000Z,Que vergonha@josimarPL22 @maxlemosoficial,0,1,1,https://twitter.com/andrefernm/status/1636173936823095298
Clériston Santana,@CCSantana73,https://twitter.com/CCSantana73/status/1636582870402711552,2023-03-17T04:18:57.000Z,O PL não vai fazer nada com esses q retiraram as assinaturas!!???,0,0,1,https://twitter.com/andrefernm/status/1636173936823095298
Bem Menininha,@BemMeni34636656,https://twitter.com/BemMeni34636656/status/1636174707627008004,2023-03-16T01:17:03.000Z,"Deputado, é inacreditável ver os deputados do  PL tirando assinaturas.
Os cidadãos de bem, não esqueceram esses traidores.",0,0,2,https://twitter.com/andrefernm/status/1636173936823095298
Ademir Pereira,@AdemirP85080918,https://twitter.com/AdemirP85080918/status/1636837617638539271,2023-03-17T21:11:13.000Z,"Verdade, tá demorando muito, CPMI, não depende do Pacheco Trava, já conseguiram Assinatura suficiente... Vamos pra cima, essa Bandidagem não pode continuar destruindo o País... Impeachment JÁ,!!",0,0,1,https://twitter.com/andrefernm/status/1636173936823095298
Kaio Eduardo,@KaioEdu100,https://twitter.com/KaioEdu100/status/1636176467691274241,2023-03-16T01:24:03.000Z,Pq os deputados do PL estão tirando ?,0,1,1,https://twitter.com/andrefernm/status/1636173936823095298
Matheus Felipe,@___Matheus___F,https://twitter.com/___Matheus___F/status/1636174128922218496,2023-03-16T01:14:45.000Z,@plnacional_  isso é pra expulsar do partido.,1,5,53,https://twitter.com/andrefernm/status/1636173936823095298
Mone,@SimonePTelles,https://twitter.com/SimonePTelles/status/1636175463155474433,2023-03-16T01:20:03.000Z,Instala ou não instala essa CPMI ?,0,0,2,https://twitter.com/andrefernm/status/1636173936823095298
Jorge Assumpção,@JorgeAssumpo3,https://twitter.com/JorgeAssumpo3/status/1636300275899150337,2023-03-16T09:36:01.000Z,Volto à afirmar: o PL tem que ir atrás destes que estão retirando . É interesse do Partido esclarecer o ocorrido.  O PT é seu governo não vão engolir tranquilos o fato do PL ter ganho as últimas eleições.,1,0,1,https://twitter.com/andrefernm/status/1636173936823095298
Suelen,@Sudadalt,https://twitter.com/Sudadalt/status/1636190247011622912,2023-03-16T02:18:48.000Z,@AlexManente23 já deveria ter assinado faz tempo!,0,1,1,https://twitter.com/andrefernm/status/1636173936823095298
Luiz Vera,@LuizVera14,https://twitter.com/LuizVera14/status/1636180504897519618,2023-03-16T01:40:05.000Z,"O que estes deputados do @liberal22_rs estão fazendo ???
Indo contra aqueles que neles votaram ????",0,1,3,https://twitter.com/andrefernm/status/1636173936823095298
Mariana Carvalho,@Mariana52844160,https://twitter.com/Mariana52844160/status/1636174898744705024,2023-03-16T01:17:49.000Z,@plnacional_ o povo espera um atitude com os traidores da pátria @detinhaslz @josimarPL22,1,6,23,https://twitter.com/andrefernm/status/1636173936823095298
Manaus com Bolsonaro,@DIREITAMANAUS22,https://twitter.com/DIREITAMANAUS22/status/1636295000756568064,2023-03-16T09:15:03.000Z,"Engraçado , se está visivel a compra de politicos para retirarem assinaturas da CPMI , pq ninguém prende esse presidente bandido ????",0,0,0,https://twitter.com/andrefernm/status/1636173936823095298
Anderson,@Anderson6929,https://twitter.com/Anderson6929/status/1636180406029393924,2023-03-16T01:39:42.000Z,"Do jeito que está indo a demora para instalar essa CPMI, não duvido que esses novos deputados assinaram só pra poder aumentar seu preço, e depois retirar a sua assinatura.",0,0,0,https://twitter.com/andrefernm/status/1636173936823095298
Robertojc,@Roberto03331165,https://twitter.com/Roberto03331165/status/1636340366373732354,2023-03-16T12:15:19.000Z,Continuar assim tá ótimo.,0,0,0,https://twitter.com/andrefernm/status/1636173936823095298
Uilton Vargas,@uiltonvargas,https://twitter.com/uiltonvargas/status/1636177753333460993,2023-03-16T01:29:09.000Z,"Maranhão é uma vergonha mesmo, tudo comprado esses deputados",0,0,0,https://twitter.com/andrefernm/status/1636173936823095298
Leandro Felippe,@LeandroFelippe1,https://twitter.com/LeandroFelippe1/status/1636188578484027398,2023-03-16T02:12:10.000Z,Como tem gente do PL retirando assinatura.,0,0,0,https://twitter.com/andrefernm/status/1636173936823095298
Elielma Silva,@Elielma41159149,https://twitter.com/Elielma41159149/status/1636343553721868291,2023-03-16T12:27:59.000Z,Esses candidatos do PL retiraram e vai ficar por isso mesmo? Cadê a liderança do partido?,0,0,0,https://twitter.com/andrefernm/status/1636173936823095298
Mauricio,@pyinho,https://twitter.com/pyinho/status/1636196194266361863,2023-03-16T02:42:26.000Z,"A estratégia do Pacheco está funcionando, digamos que até bem, está enrolando o máximo possível pra conseguir retirada de assinatura, de nada for feito, irá vencer pelo ""can$aço"".",0,0,0,https://twitter.com/andrefernm/status/1636173936823095298
Politica Aleatória,@pltcaltr,https://twitter.com/pltcaltr/status/1636179919041380357,2023-03-16T01:37:46.000Z,Eu não acredito que isso ta acontecendo 😠,0,0,0,https://twitter.com/andrefernm/status/1636173936823095298
Vladimir,@Vladimi99981169,https://twitter.com/Vladimi99981169/status/1636176646750257152,2023-03-16T01:24:45.000Z,"Desculpe minha ingenuidade, mas pq os deputados do PL estão retirando as suas assinaturas?",0,0,0,https://twitter.com/andrefernm/status/1636173936823095298
Rafael,@Rafaelbaco2021,https://twitter.com/Rafaelbaco2021/status/1636198520754515970,2023-03-16T02:51:41.000Z,Da cunha teve que tomar uma pressão na internet pra assinar...,0,0,0,https://twitter.com/andrefernm/status/1636173936823095298
Renata Reh Brasileira,@RehBrasileira,https://twitter.com/RehBrasileira/status/1636474297815277575,2023-03-16T21:07:31.000Z,Essa matemática tá maravilhosa! Que continue assim! 💪🏻🇧🇷,0,1,0,https://twitter.com/andrefernm/status/1636173936823095298
Nunez,@Altemir2022,https://twitter.com/Altemir2022/status/1636491923367002118,2023-03-16T22:17:33.000Z,"Tem que ir urgente ao STF para forçar a instauração da CPMI antes que Pacheco instaura a CPI da Soraya Tronic, porque a CPI será só no Senado e favorece ao governo",0,0,1,https://twitter.com/andrefernm/status/1636173936823095298
Will 2.0,@2_will,https://twitter.com/2_will/status/1636315408310456321,2023-03-16T10:36:09.000Z,"O tempo q vcs ficam procurando assinaturas q sabemos quem são os culpados, era melhor se vc tivesse fzd algo útil pelo país.",0,0,1,https://twitter.com/andrefernm/status/1636173936823095298
Eliomar Antonio Limeira,@EliomarLimeira,https://twitter.com/EliomarLimeira/status/1636406418432729090,2023-03-16T16:37:47.000Z,@rodrigopacheco e @ArthurLira_ estão fazendo de tudo para não instalar a CPMI,0,0,1,https://twitter.com/andrefernm/status/1636173936823095298
Jefferson Santos,@jeffpsantos,https://twitter.com/jeffpsantos/status/1636354575421566977,2023-03-16T13:11:47.000Z,O que está acontecendo com o PL? Esses parlamentares que retiraram a assinatura da CPMI devem ser expulsos do partido. São traidores da nação e do partido.,1,0,0,https://twitter.com/andrefernm/status/1636173936823095298
Lidia Machado Pereira,@machadolidia,https://twitter.com/machadolidia/status/1636474516422418433,2023-03-16T21:08:23.000Z,"Parabéns, deputados guerreiros!!!",0,0,1,https://twitter.com/andrefernm/status/1636173936823095298
AlexaTheGreat,@barbiegirl2002,https://twitter.com/barbiegirl2002/status/1636350487594250240,2023-03-16T12:55:32.000Z,"O @plnacional_ precisa rever esses fulanos comprados pelo Petê, que retiraram suas assinaturas da lista! Se não tem o mesmo modo de pensamento, pra trabalhar pelo bem do país e de seu povo, se não prezam pela justiça, se não condenam a corrupção, deveriam ser expulsos do partido",1,0,0,https://twitter.com/andrefernm/status/1636173936823095298
Fora Marcos Braz,@Leandro27519351,https://twitter.com/Leandro27519351/status/1636174496431316994,2023-03-16T01:16:13.000Z,Até quando ele vai adiar a abertura? Qual prazo ?,0,1,2,https://twitter.com/andrefernm/status/1636173936823095298
Alexandre Silva,@Xandy01,https://twitter.com/Xandy01/status/1636183916510838784,2023-03-16T01:53:39.000Z,"Cariocas e fluminenses, comentem no Twitter do Deputado @maxlemosoficial . Vamos ver se ele explica o porquê retirou a assinatura.",0,1,1,https://twitter.com/andrefernm/status/1636173936823095298
Lene Paixão,@LenePaixao1,https://twitter.com/LenePaixao1/status/1636306669255655427,2023-03-16T10:01:25.000Z,#CPMIdo8deJaneiro,0,0,2,https://twitter.com/andrefernm/status/1636173936823095298
Ana,@ajulisbr,https://twitter.com/ajulisbr/status/1636219279279284225,2023-03-16T04:14:10.000Z,Mais 3 deputados comprados pelo molusco,0,0,1,https://twitter.com/andrefernm/status/1636173936823095298
fabio silva,@fabiosilvagv,https://twitter.com/fabiosilvagv/status/1642495165544767488,2023-04-02T11:52:18.000Z,"Que bom, porque em vez de perder estamos ganhando mais assinaturas!!!👏👏👏👏👏👏",0,0,0,https://twitter.com/andrefernm/status/1636173936823095298
Paulo Roberto parpinelli,@PeruCarrascos,https://twitter.com/PeruCarrascos/status/1637937423261786115,2023-03-20T22:01:27.000Z,"Parabéns aos que aderiram e meus sentimentos aos que retiraram as assinaturas, vcs serão cobrados e vão arcar com as consequências",0,0,0,https://twitter.com/andrefernm/status/1636173936823095298
Rodrigo Silva Silva,@Rodrigo40490705,https://twitter.com/Rodrigo40490705/status/1636176458417684480,2023-03-16T01:24:01.000Z,🫡🇧🇷,0,0,1,https://twitter.com/andrefernm/status/1636173936823095298
Alberton Viana,@albertonviana,https://twitter.com/albertonviana/status/1636175069847203841,2023-03-16T01:18:29.000Z,Maranhao tem que Investigar isso aí muito suspeito.,0,0,1,https://twitter.com/andrefernm/status/1636173936823095298
Cleide Ita- É .22 em 2022,@cleide_ita,https://twitter.com/cleide_ita/status/1636176304943890433,2023-03-16T01:23:24.000Z,"Parabens, Deputado , mantenho-nos informados!",0,0,1,https://twitter.com/andrefernm/status/1636173936823095298
Fernando Ferreira Gomes,@Fernandbolsonar,https://twitter.com/Fernandbolsonar/status/1636179353104007168,2023-03-16T01:35:31.000Z,"Esses deputados do PL, já serão expulso?",0,0,1,https://twitter.com/andrefernm/status/1636173936823095298
Thiago,@Thiagosramos27,https://twitter.com/Thiagosramos27/status/1636182088939368449,2023-03-16T01:46:23.000Z,"""Houveram"" não deputado🤔",1,0,0,https://twitter.com/andrefernm/status/1636173936823095298
Victor Pires,@victorpires86,https://twitter.com/victorpires86/status/1636184185260965891,2023-03-16T01:54:43.000Z,Pra cimaaaaa deles,0,0,1,https://twitter.com/andrefernm/status/1636173936823095298
Wrneves.w1@gmail.com,Wrneves.w1@gmail.com,https://twitter.com/WrnevesW/status/1636365507736801282,2023-03-16T13:55:13.000Z,"O deputado @andrefernm é investigado nos atos do 8 de janeiro...e está propondo uma CPI, tá certo?!",0,0,0,https://twitter.com/andrefernm/status/1636173936823095298
Espírito que anda,@EspiritoQue,https://twitter.com/EspiritoQue/status/1636715543913791488,2023-03-17T13:06:09.000Z,Maranhão não é a terrinha do Ministro da Justiça?,0,0,0,https://twitter.com/andrefernm/status/1636173936823095298
Monica Drummond,@MonicaD52077454,https://twitter.com/MonicaD52077454/status/1636902550073901057,2023-03-18T01:29:14.000Z,#CPMIdo08deJaneiroJá,0,0,0,https://twitter.com/andrefernm/status/1636173936823095298
Cristina Marcante,@CrisMarcant,https://twitter.com/CrisMarcant/status/1636358562237808640,2023-03-16T13:27:37.000Z,"Kkkkkk, tira um, consegue 10, já dizia o @nikolas_dm",0,0,0,https://twitter.com/andrefernm/status/1636173936823095298
Macunaíma,@O_Macunaima,https://twitter.com/O_Macunaima/status/1636390245699846146,2023-03-16T15:33:31.000Z,"""Houveram""????

Eis o nível de quem é eleito nesse país!!!",0,0,0,https://twitter.com/andrefernm/status/1636173936823095298
Gustavo Magalhães,@cscgustavo,https://twitter.com/cscgustavo/status/1636424560340787200,2023-03-16T17:49:53.000Z,Parece que essa cpmi não vai sair mesmo viu.....,0,0,0,https://twitter.com/andrefernm/status/1636173936823095298
ANTICRIME,@JuridicaPestana,https://twitter.com/JuridicaPestana/status/1636781201410211859,2023-03-17T17:27:02.000Z,"André meu lindo, esta CPMI sai ou não? Vc sabe dizer?",0,0,0,https://twitter.com/andrefernm/status/1636173936823095298
roseli lenzi,@Lenziroh,https://twitter.com/Lenziroh/status/1636548909437681667,2023-03-17T02:04:00.000Z,Expulsar os deputados traidores  do povo 3  do PL,0,0,0,https://twitter.com/andrefernm/status/1636173936823095298
mrodrigues,@marcoan59291567,https://twitter.com/marcoan59291567/status/1636348617316265986,2023-03-16T12:48:06.000Z,pq demora em abrir cpi?,0,0,0,https://twitter.com/andrefernm/status/1636173936823095298
Ricardo Oliveira,@Ricardo42521851,https://twitter.com/Ricardo42521851/status/1636821619241828352,2023-03-17T20:07:39.000Z,Vergonhoso sao os políticos do PL retirarem assinatura!,0,0,0,https://twitter.com/andrefernm/status/1636173936823095298
Jefferson,@Jeefferson_87,https://twitter.com/Jeefferson_87/status/1636194882363564032,2023-03-16T02:37:13.000Z,Da Cunha tremeu ? Russomano vai seguir firme na traição tenho certeza...,0,0,0,https://twitter.com/andrefernm/status/1636173936823095298
Brasildeverdade,@verdadeiracs,https://twitter.com/verdadeiracs/status/1636178944230584324,2023-03-16T01:33:53.000Z,@maxlemosoficial qual motivo ? Deixar de apoiar os inocentes e punir os culpados,0,0,0,https://twitter.com/andrefernm/status/1636173936823095298
Maria Paula,@Pa30211176Maria,https://twitter.com/Pa30211176Maria/status/1636185044279611392,2023-03-16T01:58:08.000Z,E pensar que eu ingenuamente achei que o @plnacional_  seria oposição....,0,0,0,https://twitter.com/andrefernm/status/1636173936823095298
Thiago Costa,@Thiagonc99,https://twitter.com/Thiagonc99/status/1636176760378212352,2023-03-16T01:25:13.000Z,Ê Maranhão covarde!🤡🤡🤡,0,0,0,https://twitter.com/andrefernm/status/1636173936823095298
Pablo Gustavo Beis Irigoyen,@BeisIrigoyen,https://twitter.com/BeisIrigoyen/status/1636297117256896513,2023-03-16T09:23:28.000Z,"Houveram, não!!! Houve, pelo amor de Deus",0,0,0,https://twitter.com/andrefernm/status/1636173936823095298
Osni Quandt,@OsniQuandt,https://twitter.com/OsniQuandt/status/1636177808165666817,2023-03-16T01:29:22.000Z,E o Pachequim ...?,0,0,0,https://twitter.com/andrefernm/status/1636173936823095298
DOOFFY,@DUFFYPANI,https://twitter.com/DUFFYPANI/status/1636178811094966276,2023-03-16T01:33:21.000Z,Tem os e-mails e telefones dos gabinetes dos traíras?,0,0,0,https://twitter.com/andrefernm/status/1636173936823095298
francisco,@laurafranca2209,https://twitter.com/laurafranca2209/status/1636179533446488064,2023-03-16T01:36:14.000Z,"Estamos de olho, esses não serão perdoados",0,0,0,https://twitter.com/andrefernm/status/1636173936823095298
DireitaSempreMg,@JosiDireita,https://twitter.com/JosiDireita/status/1636182116164616192,2023-03-16T01:46:29.000Z,👏👏👏👏,0,0,0,https://twitter.com/andrefernm/status/1636173936823095298
nilvia Vieira,@nilvia_vieira,https://twitter.com/nilvia_vieira/status/1636183881492602882,2023-03-16T01:53:30.000Z,Os eleitores estão de olho,0,0,0,https://twitter.com/andrefernm/status/1636173936823095298
