nome,usuario,idTweet,dataPublicacao,texto,replies,retweets,likes,tweetPai
Subversiva,@dyana_ferrer,https://twitter.com/dyana_ferrer/status/1636654228671287299,2023-03-17T09:02:30.000Z,A expulsão do BBB não deveria ser só para os que assediaram mas também aos que abriram a mala da mexicana .,0,0,0,https://twitter.com/BohnGass/status/1636549859292467202
Cibele é Lula,@kyaya_,https://twitter.com/kyaya_/status/1636552205212721152,2023-03-17T02:17:06.000Z,"Finalmente, alguma providência foi tomada. A próxima bem bacana seria acabar com o programa. 👌",1,0,3,https://twitter.com/BohnGass/status/1636549859292467202
AquinoMaranhao,@sonhador_itz,https://twitter.com/sonhador_itz/status/1636556147690815489,2023-03-17T02:32:46.000Z,"É muita lacração, o MC Guimê apenas passou a mão nas costas da convidada, isso lhe custou eliminação, é muita lacração.

Por isso um lutador japonês não abraçou uma jovem depois de uma competição que ele foi vencedor 🏆, teria sido acusado de assédio, em outra competição.",1,0,0,https://twitter.com/BohnGass/status/1636549859292467202
Gmagno,@Gmagnoc,https://twitter.com/Gmagnoc/status/1636551281786404864,2023-03-17T02:13:25.000Z,Sumariamente ou depois que internautas caíram de pau na eminente passada de pano?🤔,0,0,1,https://twitter.com/BohnGass/status/1636549859292467202
Eriston Mattos ® SEM ANISTIA,@eristonmattos,https://twitter.com/eristonmattos/status/1636565472580608005,2023-03-17T03:09:49.000Z,Pressão nas redes e a presença do MP... 🥴,0,0,1,https://twitter.com/BohnGass/status/1636549859292467202
ANDRE_ENCINAS - LULA,@andreencinasON,https://twitter.com/andreencinasON/status/1636712287686860801,2023-03-17T12:53:12.000Z,👏👏👏,0,0,0,https://twitter.com/BohnGass/status/1636549859292467202
