nome,usuario,idTweet,dataPublicacao,texto,replies,retweets,likes,tweetPai
Emerson do PT,@Emersonbalzac,https://twitter.com/Emersonbalzac/status/1636982772869758977,2023-03-18T06:48:01.000Z,Lula atuando pela preservação do Meio Ambiente.,0,0,0,https://twitter.com/BohnGass/status/1636823549124984856
Lucas Gil Jung,@lucasjung,https://twitter.com/lucasjung/status/1637409121333919745,2023-03-19T11:02:10.000Z,"E o combustível no Brasil cada vez mais caro e de menor qualidade. Quem paga a conta, como sempre, é o povo.",0,0,0,https://twitter.com/BohnGass/status/1636823549124984856
Economista_Zalewski,@NilsZalewski,https://twitter.com/NilsZalewski/status/1636825336087232516,2023-03-17T20:22:25.000Z,"Estão errando feio meu caro deputado. O biodiesel polui mais, entope bombas injetoras e filtros quando a mistura ultrapassa 10%. Os fabricantes possuem engenheiros qualificados que já alertaram isso.",0,0,0,https://twitter.com/BohnGass/status/1636823549124984856
Eduardo,@EduardoPersona4,https://twitter.com/EduardoPersona4/status/1637426804213313537,2023-03-19T12:12:26.000Z,"Estão errando feio meu caro deputado. O biodiesel polui mais, entope bombas injetoras e filtros quando a mistura ultrapassa 10%. Os fabricantes possuem engenheiros qualificados que já alertaram isso.",0,0,0,https://twitter.com/BohnGass/status/1636823549124984856
Adilson Barbosa sdv FB,@barbosacamp,https://twitter.com/barbosacamp/status/1636874192942505991,2023-03-17T23:36:33.000Z,So nao pode encarecer o diesel. Caminhões estão parados por não compensar rodar.,0,0,2,https://twitter.com/BohnGass/status/1636823549124984856
Aquilez Nilson,@AquilezN,https://twitter.com/AquilezN/status/1636833719242702851,2023-03-17T20:55:44.000Z,O Fundo Constitucional do DF está sendo desviado criminosamente. É  verba FEDERAL. Investigue,0,0,0,https://twitter.com/BohnGass/status/1636823549124984856
