nome,usuario,idTweet,dataPublicacao,texto,replies,retweets,likes,tweetPai
Egle Figueiredo,@Eglef,https://twitter.com/Eglef/status/1636150050844704768,2023-03-15T23:39:04.000Z,Não era spray nasal?,0,0,0,https://twitter.com/BohnGass/status/1636114432077221888
Emerson do PT,@Emersonbalzac,https://twitter.com/Emersonbalzac/status/1636207358643716096,2023-03-16T03:26:48.000Z,"BOLSONARO NA CADEIA
ANISTIA NUNCA
ANISTIA JAMAIS",0,0,0,https://twitter.com/BohnGass/status/1636114432077221888
simiana leal,@SimianaLeal,https://twitter.com/SimianaLeal/status/1636312122882772992,2023-03-16T10:23:05.000Z,O povo precisa saber,0,0,0,https://twitter.com/BohnGass/status/1636114432077221888
matheus salvany,@MatSalvany,https://twitter.com/MatSalvany/status/1636115561540190208,2023-03-15T21:22:02.000Z,Investiguem o Heleno.,0,0,1,https://twitter.com/BohnGass/status/1636114432077221888
regina villas,@rvillasb,https://twitter.com/rvillasb/status/1636405478887505922,2023-03-16T16:34:03.000Z,"Só espero q ñ parem as investigações qdo atingirem ""pessoas de interesse""!",0,0,0,https://twitter.com/BohnGass/status/1636114432077221888
Jorge R de Freitas,@JorgeRdeFreitas,https://twitter.com/JorgeRdeFreitas/status/1636357738363068416,2023-03-16T13:24:21.000Z,Próxima.,0,0,0,https://twitter.com/BohnGass/status/1636114432077221888
