nome,usuario,idTweet,dataPublicacao,texto,replies,retweets,likes,tweetPai
AUGUSTO NAZARENO RIBEIRO,@OAruaque,https://twitter.com/OAruaque/status/1636762118396555264,2023-03-17T16:11:13.000Z,"O povo quis assim. Elegeu patife, sabendo que é patife, é porque é mais patife ainda. Agora, aceita que dói menos. Como diz um certo super intelectual da mais nova cultura brasileira: Receba!",0,0,0,https://twitter.com/adriventurasp/status/1636739885737361408
elis criminalização do comunismo já,@elisteresinha,https://twitter.com/elisteresinha/status/1636773647049277448,2023-03-17T16:57:01.000Z,"faz o L e não lamente  essa culpa eu não carrego criminalização do comunismo já reforma no judiciário já 
sem reformar a justiça não tem como fazer mudanças no brasil",0,0,0,https://twitter.com/adriventurasp/status/1636739885737361408
Fernanda2002,@Fernand73786943,https://twitter.com/Fernand73786943/status/1636835104852004864,2023-03-17T21:01:14.000Z,"O André Mendonça peito e tomou de volta e mandou a plenário, ou seja a ação do Lewandowski também não tá valendo. Agora eles tem que julgar em plenário presencial e ao vivo e só depois o que for decidido irá valer.",0,0,0,https://twitter.com/adriventurasp/status/1636739885737361408
Evandro Camargo,@EvandroChicabon,https://twitter.com/EvandroChicabon/status/1636768511157583879,2023-03-17T16:36:37.000Z,E alguém ainda dúvida a quem servem vários ministros do STF?!,0,0,1,https://twitter.com/adriventurasp/status/1636739885737361408
Bruno Rocha,@brubarocha,https://twitter.com/brubarocha/status/1636770333226340352,2023-03-17T16:43:51.000Z,"E vocês vão deixar isso acontecer?

Votei em você para resolver esse tipo de problema.

Não nos deixe nas mãos desses bandidos, é só o que eu te peço.",0,0,1,https://twitter.com/adriventurasp/status/1636739885737361408
populista é mentiroso.,@SjcamposSp,https://twitter.com/SjcamposSp/status/1636842388911009799,2023-03-17T21:30:11.000Z,@SenadoFederal existe? Demitam estes do STF desfazendo leis.,0,0,1,https://twitter.com/adriventurasp/status/1636739885737361408
Ivone Maria V Ramos,@VIvoner,https://twitter.com/VIvoner/status/1636781536807731205,2023-03-17T17:28:22.000Z,"Adriana, uma pergunta sincera: - para que serve, hoje em dia, o Congresso? Vocês não podem fazer nada? O Jurídico está nos mostrando que não precisamos de deputados e senadores. Eles estão mandando no país.",0,0,1,https://twitter.com/adriventurasp/status/1636739885737361408
Tili Morel Neto,@TiliNeto,https://twitter.com/TiliNeto/status/1636747771540643841,2023-03-17T15:14:12.000Z,"E alguém tinha dúvida que isso iria acontecer com a eleição do Lula? são as consequências chegando ,a conta chega depois .",0,0,2,https://twitter.com/adriventurasp/status/1636739885737361408
Luciano Chequini,@lucianochequini,https://twitter.com/lucianochequini/status/1637258448738893824,2023-03-19T01:03:27.000Z,E tu queres privatizar. Aí privatizar como fizeram nos últimos 4anos e o povo paga.,0,0,0,https://twitter.com/adriventurasp/status/1636739885737361408
Kátia Schmidt Filgueras,@FilguerasKatia,https://twitter.com/FilguerasKatia/status/1636749721808130050,2023-03-17T15:21:57.000Z,"Ainda mais que o PT perdeu prefeituras, estados e sindicatos. Precisam acomodar muito mais gente do que em 2002.",0,0,1,https://twitter.com/adriventurasp/status/1636739885737361408
somara,@somara19,https://twitter.com/somara19/status/1636782136521900060,2023-03-17T17:30:45.000Z,"Alguém ainda duvida de que o novo ""ão"" está a caminho?",0,0,1,https://twitter.com/adriventurasp/status/1636739885737361408
elis criminalização do comunismo já,@elisteresinha,https://twitter.com/elisteresinha/status/1636774153301946378,2023-03-17T16:59:02.000Z,bolsonaro foi um dos melhores presidente teve erros mas teve muitos acertos  as pessoas acreditam nessa midia foice e martelo faz o L,0,0,0,https://twitter.com/adriventurasp/status/1636739885737361408
"GEN EULINO ZAPHI фаусто, Fausto",@faustoguimarae7,https://twitter.com/faustoguimarae7/status/1637099516615696384,2023-03-18T14:31:55.000Z,"Verdade!??? Vc só descobriu isto agora ??? Quando o vagabundo genocida colocou milhares de militares, ha maioria não entendia o que estavam fazendo la em cargos comissionados não vi vc ruminando ! Que coisa né? Seletiva cerebral que chama isto ?",0,0,0,https://twitter.com/adriventurasp/status/1636739885737361408
Júlio César,@juliodrigues,https://twitter.com/juliodrigues/status/1636835774858493956,2023-03-17T21:03:54.000Z,Tudo denovo. Brasileiro gosta de se ferrar.,0,0,0,https://twitter.com/adriventurasp/status/1636739885737361408
