nome,usuario,idTweet,dataPublicacao,texto,replies,retweets,likes,tweetPai
𝒪𝓊𝓇 𝒫𝑒𝑜𝓅𝓁𝑒,@_mandalorian_Z,https://twitter.com/_mandalorian_Z/status/1636733548567601152,2023-03-17T14:17:41.000Z,O amor venceu 💞,0,0,1,https://twitter.com/andrefernm/status/1636732595957268480
Malya,@MrciaRo99063017,https://twitter.com/MrciaRo99063017/status/1636755119327924227,2023-03-17T15:43:24.000Z,Bem assim o enredo!!!,0,0,0,https://twitter.com/andrefernm/status/1636732595957268480
Marcão,@ObednegoMarcos,https://twitter.com/ObednegoMarcos/status/1636831024830193668,2023-03-17T20:45:01.000Z,"Nunca o vi defender os nordestinos que são escravizados em todo o país, como aqueles baianos no RS. Olhe o que Bolsonaro disse de vcs:",0,0,0,https://twitter.com/andrefernm/status/1636732595957268480
Bernardo Villemon,@Bernard28444113,https://twitter.com/Bernard28444113/status/1636936014554882048,2023-03-18T03:42:13.000Z,"Vão chorar até quando ? Perdeu mané , não amola",0,0,0,https://twitter.com/andrefernm/status/1636732595957268480
Sérgio Donizeti,@SrgioDonizeti1,https://twitter.com/SrgioDonizeti1/status/1636735621992464384,2023-03-17T14:25:56.000Z,NÓS JÁ ESTAVA ESPERANDO ISSO KKKK E A TENDÊNCIA É SÓ PIORAR COM O TEMPO,0,0,0,https://twitter.com/andrefernm/status/1636732595957268480
@antonioivolemos,@antonioivolemos,https://twitter.com/antonioivolemos/status/1636786268108652544,2023-03-17T17:47:10.000Z,Despiorou,0,0,0,https://twitter.com/andrefernm/status/1636732595957268480
Papini,@papinipops,https://twitter.com/papinipops/status/1636747099424591873,2023-03-17T15:11:32.000Z,"Esse Desgoverno é ""bão"" mesmo.
Tá subindo tudo.",0,2,5,https://twitter.com/andrefernm/status/1636732595957268480
Ro13erto Kuppe,@rkuppe,https://twitter.com/rkuppe/status/1636737665952260097,2023-03-17T14:34:03.000Z,O desemprego só não caiu na familia Bolsonaro....,3,0,9,https://twitter.com/andrefernm/status/1636732595957268480
Vanda_SEP São Miguel Arcanjo defendei-nos,@Vanda_SEP,https://twitter.com/Vanda_SEP/status/1636738907822751744,2023-03-17T14:38:59.000Z,Mas isto não é nada diante do amor que venceu!!!!,2,2,8,https://twitter.com/andrefernm/status/1636732595957268480
Sil,@chanandlerb0nng,https://twitter.com/chanandlerb0nng/status/1636897887656333314,2023-03-18T01:10:43.000Z,"Vontade de ir lá no tweet do Estadão, para ver os vermelhos chamando o jornaleco de bolsonarista, dizendo que querem prejudicar o governo mavilindo do molusco.",1,0,1,https://twitter.com/andrefernm/status/1636732595957268480
fala fragoso,@fragoso73ana,https://twitter.com/fragoso73ana/status/1636738306607050752,2023-03-17T14:36:36.000Z,"Por mais que eu não esperasse nada de bom desse desgoverno, tô assustada com a rapidez que tanta coisa negativa tá acontecendo",1,1,17,https://twitter.com/andrefernm/status/1636732595957268480
R Braga,@RaimundoBraga12,https://twitter.com/RaimundoBraga12/status/1636744031643353088,2023-03-17T14:59:21.000Z,"É o ""amor"" mandando a conta",0,0,0,https://twitter.com/andrefernm/status/1636732595957268480
Rosana Santos,@zana210466,https://twitter.com/zana210466/status/1636743960445046786,2023-03-17T14:59:04.000Z,"Tá, mas e a CPMI , vai sair  ??",0,0,1,https://twitter.com/andrefernm/status/1636732595957268480
Jr.,@MattarNeif,https://twitter.com/MattarNeif/status/1636733307529338881,2023-03-17T14:16:44.000Z,Muito AMOR,0,0,0,https://twitter.com/andrefernm/status/1636732595957268480
Adenauer,@adenauersampaio,https://twitter.com/adenauersampaio/status/1636733656591917057,2023-03-17T14:18:07.000Z,"Ainda bem que ""o amor venceu""!",0,1,2,https://twitter.com/andrefernm/status/1636732595957268480
Leandro Tissiano,@LeandroTissiann,https://twitter.com/LeandroTissiann/status/1636732772826992643,2023-03-17T14:14:36.000Z,Parabéns,1,1,7,https://twitter.com/andrefernm/status/1636732595957268480
Jefferson torres,@jeffersontltv,https://twitter.com/jeffersontltv/status/1636736057558327297,2023-03-17T14:27:39.000Z,"Acho da hora tripudiar sobre a merda toda , mas a população vai ficar mas pobre e vai ter pagar impostos que nem pra sistema completamente corrupto!",0,0,3,https://twitter.com/andrefernm/status/1636732595957268480
Zac.,@____Zac_____,https://twitter.com/____Zac_____/status/1637357973134606336,2023-03-19T07:38:56.000Z,"Trimestre encerrado em janeiro, ou seja 2 meses de governo bolsonaro e um do governo Lula. Quem seria o maior culpado? Fã ou Hater do Lula? Kk",0,0,0,https://twitter.com/andrefernm/status/1636732595957268480
Fabrício Thomaz,@Fabriiciio_MT,https://twitter.com/Fabriiciio_MT/status/1636735762317049857,2023-03-17T14:26:29.000Z,"E a previsão era de 8,2%. 

Cara, e nem está perto de terminar o mandato do larápio. Imagina só a destruição que ele causará no Brasil.

Eu tento não ser pessimista, mas com cenário que vimos na corrida eleitoral e até antes, fica difícil acreditar na lisura do pleito. 

8 anos!",2,1,8,https://twitter.com/andrefernm/status/1636732595957268480
alexgreis,@alexgreis,https://twitter.com/alexgreis/status/1636739350821060609,2023-03-17T14:40:45.000Z,Olha o lacrador aí kkk,0,0,0,https://twitter.com/andrefernm/status/1636732595957268480
livia littaely,@littaely,https://twitter.com/littaely/status/1637051437191512067,2023-03-18T11:20:52.000Z,""" encerrando em janeiro"" ou seja,  governo do mito ainda!",0,0,0,https://twitter.com/andrefernm/status/1636732595957268480
Xavi Lima,@XaviLima5,https://twitter.com/XaviLima5/status/1636766939472068609,2023-03-17T16:30:22.000Z,"Mas o base de cálculo foi
NOVEMBRO/DEZEMBRO - BOLSONARO e JANEIRO -LULA  Sabemos que esse trimestre é sazonal, se contrata,entretanto demite muito.O bom foi que as empresas demitiram menos-menor taxa desde de 2015
Nao precisa ser Miriam Leitão, é o óbvio, que VOCE TAMBÉM SABE!",0,0,3,https://twitter.com/andrefernm/status/1636732595957268480
DR,@Diogenesrege08,https://twitter.com/Diogenesrege08/status/1636828016511729684,2023-03-17T20:33:04.000Z,Infelizmente,0,0,0,https://twitter.com/andrefernm/status/1636732595957268480
@miguel_hta,@miguel_hta,https://twitter.com/Miguelhta2Hta/status/1636874612549070848,2023-03-17T23:38:13.000Z,O Brasil ladeira abaixo...😔,0,0,0,https://twitter.com/andrefernm/status/1636732595957268480
Antonio Martins,@naturezaeartes,https://twitter.com/naturezaeartes/status/1636870212556341248,2023-03-17T23:20:44.000Z,Culpa do Bolsonaro lógico,0,0,0,https://twitter.com/andrefernm/status/1636732595957268480
Jeffs,@JeffsAndrade,https://twitter.com/JeffsAndrade/status/1636793294284783627,2023-03-17T18:15:06.000Z,"Infelizmente é.... vai piorar muito mais ...
Mas fizeram o L , com muito amor",0,2,3,https://twitter.com/andrefernm/status/1636732595957268480
JOSAFAR .,@FLY_AMOR,https://twitter.com/FLY_AMOR/status/1636736333300334592,2023-03-17T14:28:45.000Z,Foda é ver o país derretendo e ver a justiça totalmente contra uma nação inteira😪,0,0,0,https://twitter.com/andrefernm/status/1636732595957268480
Fabricio Oliveira,@fabricioque,https://twitter.com/fabricioque/status/1636788210322792449,2023-03-17T17:54:54.000Z,Novo normal. Desemprego do amor. ❤️🤡,0,0,0,https://twitter.com/andrefernm/status/1636732595957268480
Sonia Guimaraes,@SoniaGu27826565,https://twitter.com/SoniaGu27826565/status/1637161110049550338,2023-03-18T18:36:40.000Z,Infelizmente.,0,0,0,https://twitter.com/andrefernm/status/1636732595957268480
User,@user07091822,https://twitter.com/user07091822/status/1636734338829103105,2023-03-17T14:20:50.000Z,O amor vencendo❤️,0,0,0,https://twitter.com/andrefernm/status/1636732595957268480
shinigami no shi,@shinigami2018,https://twitter.com/shinigami2018/status/1636754372741742593,2023-03-17T15:40:26.000Z,Essa e a parte mais triste. É só o começo. Lembro do governo dilma o movimento das lojas caiu muito ali em 2013 e depois não  melhou mais foi só ladeira abaixo até entra o Temer e depois o Bolsonaro. As demissões daquela época foram enormes. E pelo jeito estamos indo repetir.,0,0,2,https://twitter.com/andrefernm/status/1636732595957268480
Akhenaton131065,@akhenaton131065,https://twitter.com/akhenaton131065/status/1636952697747263490,2023-03-18T04:48:30.000Z,Vcs contavam com escravos?,0,0,0,https://twitter.com/andrefernm/status/1636732595957268480
Emerson Luiz Bonko,@mersobonko,https://twitter.com/mersobonko/status/1636733001206845440,2023-03-17T14:15:31.000Z,"Fonte: Estadão 
Kkkkkkkkkkkkkk",0,0,0,https://twitter.com/andrefernm/status/1636732595957268480
Marilia Loche,@MariliaLoche,https://twitter.com/MariliaLoche/status/1636741186655342592,2023-03-17T14:48:02.000Z,E a carreta furacão ainda nem passou a segunda. Pobre Brasil!!!,0,0,0,https://twitter.com/andrefernm/status/1636732595957268480
Tia do zap,@adri_cnd,https://twitter.com/adri_cnd/status/1636733215971917825,2023-03-17T14:16:22.000Z,Parabéns aos que fizeram o L,0,0,1,https://twitter.com/andrefernm/status/1636732595957268480
Leonardo Duraes,@leodduraes,https://twitter.com/leodduraes/status/1636754128075386880,2023-03-17T15:39:28.000Z,Temos que admitir. Este governo deixa o mês atual melhor que o próximo mês. #oamorvenceu,0,0,0,https://twitter.com/andrefernm/status/1636732595957268480
Hugo Coelho,@hlcoelhomed3,https://twitter.com/hlcoelhomed3/status/1636891361512239107,2023-03-18T00:44:47.000Z,Faz o elen,0,0,0,https://twitter.com/andrefernm/status/1636732595957268480
TheBruce,@thebruceoficial,https://twitter.com/thebruceoficial/status/1636737621777850368,2023-03-17T14:33:52.000Z,Pfize O'Eli,0,0,0,https://twitter.com/andrefernm/status/1636732595957268480
Ricardo de Grandi,@ricardoand010,https://twitter.com/ricardoand010/status/1636758619076141060,2023-03-17T15:57:18.000Z,"Tá subindo, MAAASSSSSSS tá baixo",0,0,0,https://twitter.com/andrefernm/status/1636732595957268480
Humberto Freire,@HumbertoFrei17,https://twitter.com/HumbertoFrei17/status/1636884042766336000,2023-03-18T00:15:42.000Z,Calma vai piorar,0,0,0,https://twitter.com/andrefernm/status/1636732595957268480
Junior Sampaio,@juniorssampaio,https://twitter.com/juniorssampaio/status/1636736356519903238,2023-03-17T14:28:51.000Z,Fumo de Arapiraca kkkkkkkkkkk,0,0,1,https://twitter.com/andrefernm/status/1636732595957268480
Ricardo N,@RGN316,https://twitter.com/RGN316/status/1636733481207185411,2023-03-17T14:17:25.000Z,Tendência é só aumentar se continuar com esse desgoverno e com um poste que não sabe oq faz no cargo atual.,0,0,0,https://twitter.com/andrefernm/status/1636732595957268480
Cristina,@EstFati,https://twitter.com/EstFati/status/1636829333112102913,2023-03-17T20:38:18.000Z,Segundo o IBGE foi a menor taxa desde 2015 .,0,0,0,https://twitter.com/andrefernm/status/1636732595957268480
luis augusto cardoso,@acardoso1960,https://twitter.com/acardoso1960/status/1637066033318993924,2023-03-18T12:18:52.000Z,economia vai colapsar,0,0,0,https://twitter.com/andrefernm/status/1636732595957268480
LFS_22,@Luiz_FLS22,https://twitter.com/Luiz_FLS22/status/1637054925094912006,2023-03-18T11:34:43.000Z,"00:00 - Senhores passageiros esse é o voo Brasil com destino a 2026.
00:30 - Senhores passageiros perdemos o motor 4, nossa viagem continua.
01:00 - Senhores, perdemos o motor 1, nossa viagem continua.
02:00 - Srs perdemos o motor 2, continuamos com 1 motor, pode confiar.",0,0,1,https://twitter.com/andrefernm/status/1636732595957268480
Jonny Santos,@JonnyAS_,https://twitter.com/JonnyAS_/status/1636849332958765058,2023-03-17T21:57:46.000Z,"Pera ai, pera ai, pera ai...
Se o ano começa em janeiro, qual trimestre termina em janeiro?",0,0,0,https://twitter.com/andrefernm/status/1636732595957268480
ᴀɴᴅʀᴇᴀ ғᴏʟᴛᴢ,@AndreaFoltz3,https://twitter.com/AndreaFoltz3/status/1636766261358252033,2023-03-17T16:27:41.000Z,O começo sem o desfaqueado contrabandista é o início do bem!,0,0,1,https://twitter.com/andrefernm/status/1636732595957268480
JPFargiorgio,@JpFargiorgio,https://twitter.com/JpFargiorgio/status/1636934826203783168,2023-03-18T03:37:30.000Z,Volta a dar seu curso de depilação !,0,0,0,https://twitter.com/andrefernm/status/1636732595957268480
Falcon,@Falconctbmf,https://twitter.com/Falconctbmf/status/1637077317385068544,2023-03-18T13:03:42.000Z,👏🏻👏🏻👏🏻👏🏻👏🏻🤡,0,0,0,https://twitter.com/andrefernm/status/1636732595957268480
Gabriel Pereira,@Gah_Pereira,https://twitter.com/Gah_Pereira/status/1636952957835943936,2023-03-18T04:49:32.000Z,O amor venceu kkkkkkk,0,0,0,https://twitter.com/andrefernm/status/1636732595957268480
Cidadão de Mal,@edua_dnz,https://twitter.com/edua_dnz/status/1636884859854438400,2023-03-18T00:18:57.000Z,Dois meses aí são culpa do Pandemito,0,0,0,https://twitter.com/andrefernm/status/1636732595957268480
Amélie,@AnaPatriciaVen6,https://twitter.com/AnaPatriciaVen6/status/1636738181805535232,2023-03-17T14:36:06.000Z,"Por gentileza,  dê-nos retorno sobre a fiscalização da transposição do Rio São Francisco.",0,0,2,https://twitter.com/andrefernm/status/1636732595957268480
Benedita Aparecida de Fátima Distefano Tavella,@Benedit72545730,https://twitter.com/Benedit72545730/status/1636845119805575169,2023-03-17T21:41:02.000Z,Zero surpresa!!!!,0,0,0,https://twitter.com/andrefernm/status/1636732595957268480
Marcio Amaral,@MarcioA10459193,https://twitter.com/MarcioA10459193/status/1636742981926494214,2023-03-17T14:55:10.000Z,Calma que daqui a pouco a Miriam Leitão vai explicar como o desemprego é bom para o trabalhador,0,0,1,https://twitter.com/andrefernm/status/1636732595957268480
Esbanjanja - O Amor venceu! Pode fazer o Pix Tio L,@TchelloSP2018,https://twitter.com/TchelloSP2018/status/1636889121464496128,2023-03-18T00:35:53.000Z,O STF vai caçar esse jornal em breve.,0,0,0,https://twitter.com/andrefernm/status/1636732595957268480
Alvaro Correia Jr,@correiaal,https://twitter.com/correiaal/status/1636893861892202499,2023-03-18T00:54:43.000Z,Lesemprego lolta a lubir lo Laís após lez ledas leguidas,0,0,0,https://twitter.com/andrefernm/status/1636732595957268480
Jac,@Jacquel06245595,https://twitter.com/Jacquel06245595/status/1636821221202354176,2023-03-17T20:06:04.000Z,Vocês torcem contra ou a favor dos brasileiros e brasileiras?,0,0,0,https://twitter.com/andrefernm/status/1636732595957268480
"petista de direita Deus, Patria, Familia",@Petistadireito,https://twitter.com/Petistadireito/status/1637114646489333765,2023-03-18T15:32:02.000Z,Efeito  L do midas ao contrario,0,0,0,https://twitter.com/andrefernm/status/1636732595957268480
Sol_Albuq,@SOLANGE58156854,https://twitter.com/SOLANGE58156854/status/1636804073918693398,2023-03-17T18:57:56.000Z,"esquerda MALIGNA no poder, só caos!",0,0,1,https://twitter.com/andrefernm/status/1636732595957268480
Sunshine,@MsSunshine03,https://twitter.com/MsSunshine03/status/1636918326608756736,2023-03-18T02:31:56.000Z,Mentira!,0,0,0,https://twitter.com/andrefernm/status/1636732595957268480
Sérgio Cezar,@Sercem2022,https://twitter.com/Sercem2022/status/1636737379871473664,2023-03-17T14:32:55.000Z,"Brasil, um trem desgovernado e sem freios.
FAZUÉLI",0,0,5,https://twitter.com/andrefernm/status/1636732595957268480
Dan Ferry,@Danilo_mma,https://twitter.com/Danilo_mma/status/1636804177341841429,2023-03-17T18:58:20.000Z,Por falar em emprego o filho mais novo do Bolsonaro conseguiu sem experiência em porra nenhuma um emprego de 9 mil reais !,0,0,5,https://twitter.com/andrefernm/status/1636732595957268480
JEduardoT,@JEduardoT3,https://twitter.com/JEduardoT3/status/1637434518532501504,2023-03-19T12:43:05.000Z,O #DesgovernoDoLula segue sua cartilha socialista !!!!!,0,0,0,https://twitter.com/andrefernm/status/1636732595957268480
@Jairo Magno oficial,@Jairo Magno oficial,https://twitter.com/JairoMagnoofic1/status/1636774387826446337,2023-03-17T16:59:58.000Z,🤡🤡🤡,0,0,0,https://twitter.com/andrefernm/status/1636732595957268480
Levi Queiroz,@LeviQueiroz888,https://twitter.com/LeviQueiroz888/status/1636733315695747073,2023-03-17T14:16:46.000Z,#FazOL,0,0,0,https://twitter.com/andrefernm/status/1636732595957268480
Eu já sabia !!,@vimver12,https://twitter.com/vimver12/status/1636732700240355329,2023-03-17T14:14:19.000Z,Amarrem o demônio !!,0,0,0,https://twitter.com/andrefernm/status/1636732595957268480
ali2b77,@ali2b7764481,https://twitter.com/ali2b7764481/status/1637221729591255043,2023-03-18T22:37:33.000Z,"O pior de tudo é que finalmente quando esse país tava tomando rumo certo, eles botam retrocesso para atrasar nosso país em 20 anos. Ai depois vão querer que alguém de direita concerte essa desgraça novamente e não vão ter paciência pra aceitar 4 anos de concerto.",0,0,0,https://twitter.com/andrefernm/status/1636732595957268480
Well Paul,@wellpaul,https://twitter.com/wellpaul/status/1636734671382798337,2023-03-17T14:22:09.000Z,Dólar hoje,0,0,0,https://twitter.com/andrefernm/status/1636732595957268480
Antonio luciano Fortunato,@Antonio25375105,https://twitter.com/Antonio25375105/status/1636837574982397952,2023-03-17T21:11:03.000Z,Se não acontece nada vai piorar mais pois este cachaceiro só pensa em afundar o país,0,0,0,https://twitter.com/andrefernm/status/1636732595957268480
João Paulo,@jppaullim,https://twitter.com/jppaullim/status/1636824720082386945,2023-03-17T20:19:58.000Z,"Incrivel o nivel desse deputado!

E é por que vive dentro da igreja! Um desejo de vê o pais no fundo.

Só por que o guru dele não ganhou! 

Mais tenho fé em Deus que vocês vão quebrar a cara. 

fariseu!",0,0,0,https://twitter.com/andrefernm/status/1636732595957268480
CARVALHO,@CLEMENTEGOMESD1,https://twitter.com/CLEMENTEGOMESD1/status/1636902390157791232,2023-03-18T01:28:36.000Z,"@tabataamaralsp quando vai começar a trabalhar ...
Acorda deputada",0,0,0,https://twitter.com/andrefernm/status/1636732595957268480
joseval Albuquerque,@josevalAlbuque1,https://twitter.com/josevalAlbuque1/status/1636745542800666624,2023-03-17T15:05:21.000Z,Faz o LLLLL vagabundos,0,0,0,https://twitter.com/andrefernm/status/1636732595957268480
Thiago Ribeirão,@thiagoribeirao,https://twitter.com/thiagoribeirao/status/1636878959261413376,2023-03-17T23:55:30.000Z,Cara…vc tem certeza que sabe ler e interpretar as frases?!! Tá escrito ali.. “no trimestre encerrado em janeiro”! Vou te ajudar a entender…! 3 meses com final em janeiro começou qdo? Novembro não é?!! Quem era o presidente em novembro? Me mata de vergonha um deputado desse..🤦🏻‍♂️,1,1,0,https://twitter.com/andrefernm/status/1636732595957268480
Xand,@_Alexand_1,https://twitter.com/_Alexand_1/status/1636859601499959296,2023-03-17T22:38:35.000Z,a conta que o Bolsonaro deixou ta chegando...,0,0,0,https://twitter.com/andrefernm/status/1636732595957268480
"Diego Nascimento - Direito, Política e Música",@DyegoNascymento,https://twitter.com/DyegoNascymento/status/1636756220005498881,2023-03-17T15:47:46.000Z,Torcendo para que tudo possa dar errado. Esse é o Patriota de merda que ama o Brasil e os brasileiros. Lixo 🤮,0,0,0,https://twitter.com/andrefernm/status/1636732595957268480
Zeca,@Zeca_ITPV,https://twitter.com/Zeca_ITPV/status/1636820374594678784,2023-03-17T20:02:42.000Z,"Tem gente que não corre o risco, né ? De quanto é a teta mesmo ? 9,5k ?",0,0,0,https://twitter.com/andrefernm/status/1636732595957268480
Allan Alves,@allanalvesbra,https://twitter.com/allanalvesbra/status/1636758929542709252,2023-03-17T15:58:32.000Z,Parelhas RN pede socorro!,0,0,0,https://twitter.com/andrefernm/status/1636732595957268480
Weslei Oliveira,@WesleiO26922197,https://twitter.com/WesleiO26922197/status/1636733147135057921,2023-03-17T14:16:05.000Z,Está desmelhorando Deputado @JovemPanNews @CNNBrasil @UOL @bandnewstv @sbtnews @recordnews,0,0,0,https://twitter.com/andrefernm/status/1636732595957268480
José do Rosario dos Santos Sousa,@JosdoRosariodo1,https://twitter.com/JosdoRosariodo1/status/1636733260851019779,2023-03-17T14:16:33.000Z,Faz o L,0,0,0,https://twitter.com/andrefernm/status/1636732595957268480
Militonto Lacrador,@fabioteles007,https://twitter.com/fabioteles007/status/1636733229351813120,2023-03-17T14:16:25.000Z,Tá torcendo pelo pior?,0,0,0,https://twitter.com/andrefernm/status/1636732595957268480
Mineiro 2022,@mineirotchotcho,https://twitter.com/mineirotchotcho/status/1636808029935943686,2023-03-17T19:13:39.000Z,ENTRA COM UMA AÇÃO NESSE TRIBUNAL PARA PEDIR INDENIZAÇÃO PARA CADA UM DOS PRESOS POLÍTICOS BRASILEIROS,0,1,2,https://twitter.com/andrefernm/status/1636732595957268480
Simone,@Simone16669452,https://twitter.com/Simone16669452/status/1636734811942404099,2023-03-17T14:22:42.000Z,https://twitter.com/JornalOGlobo/status/1636725463912681473?t=cgTx-043vKhWWtqXQXEmRw&s=19…Depende ......depende,0,0,0,https://twitter.com/andrefernm/status/1636732595957268480
Rafael Felipe,@inphonerafael,https://twitter.com/inphonerafael/status/1636739272232382469,2023-03-17T14:40:26.000Z,Não seja um mentiroso. Bolsonaro aumentou a informalidade em numeros recordes de desemprego.,0,0,0,https://twitter.com/andrefernm/status/1636732595957268480
SuperPetista,@PetistaSuper,https://twitter.com/PetistaSuper/status/1637071923845689349,2023-03-18T12:42:16.000Z,Faz o L,0,0,0,https://twitter.com/andrefernm/status/1636732595957268480
Ricarlo,@Ricarlo51937155,https://twitter.com/Ricarlo51937155/status/1637170241271627776,2023-03-18T19:12:57.000Z,Fora bozonaro e seus espermatozóides podres 🤢🤮,0,0,0,https://twitter.com/andrefernm/status/1636732595957268480
@SOS_RIO,@SOS_RIO,https://twitter.com/SOS_RIO/status/1636744777306722306,2023-03-17T15:02:18.000Z,Xooooooooooooo urubu!,1,0,1,https://twitter.com/andrefernm/status/1636732595957268480
Lucas Natalio,@Lucas_Natalio,https://twitter.com/Lucas_Natalio/status/1636733345307455490,2023-03-17T14:16:53.000Z,"Rodrigo Pacheco está HUMILHANDO vcs na cara dura e ninguém fala sobre isso...

Ele está tentando a todo custo instaurar a CPI da Soraya Thronicke e deixar a CPMI prejudicada... se acontecer vcs todos ficarão com cara de trouxa e ainda teremos q aguentar mais uma CPI à lá Covid.",0,0,0,https://twitter.com/andrefernm/status/1636732595957268480
Andréa,@Andreadireita22,https://twitter.com/Andreadireita22/status/1636733976730640384,2023-03-17T14:19:23.000Z,Esperar o quê com este ministro????,0,2,2,https://twitter.com/andrefernm/status/1636732595957268480
darwin 4,@darwin49,https://twitter.com/darwin49/status/1636787133460389889,2023-03-17T17:50:37.000Z,"😂😂😂😂😂 coitados kkk lula 8 anos, vcs vão passar raiva demais.",0,0,0,https://twitter.com/andrefernm/status/1636732595957268480
Lucia Guedes,@LuSp72,https://twitter.com/LuSp72/status/1636840068580098048,2023-03-17T21:20:58.000Z,"Se a taxa é referente a trimestre que encerrou em janeiro, então o aumento é responsabilidade do governo anterior. Rsrs",0,0,0,https://twitter.com/andrefernm/status/1636732595957268480
jocy escobedo,@JocyMaris,https://twitter.com/JocyMaris/status/1636772371272028160,2023-03-17T16:51:57.000Z,Estão acabando com o nosso país @andrefernm 😢,0,0,0,https://twitter.com/andrefernm/status/1636732595957268480
Mano Drigo,@MANOCAVACO,https://twitter.com/MANOCAVACO/status/1636735642347470848,2023-03-17T14:26:00.000Z,É só o começo é? Cuidado que vc faz parte da classe podre política do Brasil e a culpa será sua também 🤣🤣🤣,0,0,0,https://twitter.com/andrefernm/status/1636732595957268480
Andiamomeno,@Andiamomeno1,https://twitter.com/Andiamomeno1/status/1636918779606183936,2023-03-18T02:33:44.000Z,"Seguindo seu DNA ditatorial, a Direita Nazi-fascista segue no crime, na mentira, na lavagem cerebral, no ódio às leis, ao Estado de Direito, ao STF e seus Ministros. Hitler e Mussolini fizeram o mesmo. As consequências a história chora até hoje!",0,0,0,https://twitter.com/andrefernm/status/1636732595957268480
DesGoverno MULA,@DaviCurti,https://twitter.com/DaviCurti/status/1636755124591767554,2023-03-17T15:43:25.000Z,"https://poder360.com.br/economia/taxa-de-desemprego-vai-a-84-e-atinge-9-milhoes/…Desemprego subiu 7,9% em Dezembro para 8,4 em Janeiro 2023

FAZ o L FAZ   🤡🤡🤡",0,1,1,https://twitter.com/andrefernm/status/1636732595957268480
Yofhio,@Yoshio1611,https://twitter.com/Yoshio1611/status/1636764714746126336,2023-03-17T16:21:32.000Z,"Vacinas vencidas!
Ministro se encontrando com a chefia do tráfico na Maré (CPX)!#CPMI08dejaneiro #CPMIdo08deJaneiro #CPMIdo08deJaneiroJa #CPMIdo8deJaneiro#CPIdoMST #DinoTraficante #PEC16_2019#PEC16_2019",0,0,0,https://twitter.com/andrefernm/status/1636732595957268480
