nome,usuario,idTweet,dataPublicacao,texto,replies,retweets,likes,tweetPai
Maria Rita,@MariaRita,https://twitter.com/MariaRita/status/1636911379696214017,2023-03-18T02:04:19.000Z,gratidão…,0,0,61,https://twitter.com/BohnGass/status/1636870674626093056
Emerson do PT,@Emersonbalzac,https://twitter.com/Emersonbalzac/status/1636975143535738881,2023-03-18T06:17:42.000Z,"Elis Regina é a Maior Cantora do Brasil em Todos os Tempos...Seguida por Bethânia, Gal e Marisa Monte...Amo esse quarteto fantástico.",0,1,11,https://twitter.com/BohnGass/status/1636870674626093056
𝗠𝗮𝘂𝗿𝗼 𝗖𝗲𝘀𝗮𝗿 #𝗔𝗻𝘁𝗶𝗳𝗮𝘀𝗰𝗶𝘀𝘁𝗮,@maurocesarPA,https://twitter.com/maurocesarPA/status/1637257071010762752,2023-03-19T00:57:59.000Z,"A maior cantora desse país completaria 78 anos. Era só um menino de colo quando ela partiu, mas a sensação é de ter vivenciado a carreira dela inteira ao vivo. Te amo Elis. ❤️",0,1,3,https://twitter.com/BohnGass/status/1636870674626093056
Odair,@Odair00221563,https://twitter.com/Odair00221563/status/1636987388961382401,2023-03-18T07:06:21.000Z,Elis emoção para sempre,0,0,1,https://twitter.com/BohnGass/status/1636870674626093056
Gil / CPA 20,@G2Investimento,https://twitter.com/G2Investimento/status/1637044685939040256,2023-03-18T10:54:02.000Z,"Simplesmente "" Elis Regina "" A síntese da Música Brasileira 👏👏👏",0,0,1,https://twitter.com/BohnGass/status/1636870674626093056
.,@SadS2GiRl02,https://twitter.com/SadS2GiRl02/status/1637149901082570752,2023-03-18T17:52:07.000Z,"Sim, sempre.",0,0,0,https://twitter.com/BohnGass/status/1636870674626093056
Sergio Afonso,@AfonsoSerosnofa,https://twitter.com/AfonsoSerosnofa/status/1636871607607083008,2023-03-17T23:26:17.000Z,Elis era completa,0,0,1,https://twitter.com/BohnGass/status/1636870674626093056
César Bento,@Ccesarbento,https://twitter.com/Ccesarbento/status/1636928570021797888,2023-03-18T03:12:38.000Z,A maior de todas,0,0,1,https://twitter.com/BohnGass/status/1636870674626093056
Lena Volta,@lenavolta,https://twitter.com/lenavolta/status/1637096773771571202,2023-03-18T14:21:01.000Z,Maravilhosa !!! Assisti a todos os seus shows.  Amo.🥰😍,0,0,1,https://twitter.com/BohnGass/status/1636870674626093056
Roberto Sobral CRVG,@Roberto98699230,https://twitter.com/Roberto98699230/status/1636918126662041602,2023-03-18T02:31:08.000Z,Obrigado por esta linda lembrança.,0,0,1,https://twitter.com/BohnGass/status/1636870674626093056
caroLLine,@idontknowuser,https://twitter.com/idontknowuser/status/1637126541661417472,2023-03-18T16:19:18.000Z,Que loucura! Acordei com uma música dela na cabeça e nem sabia que era o aniversário da rainha.,0,0,1,https://twitter.com/BohnGass/status/1636870674626093056
fraterno_humanismo,@deLuccaRafael,https://twitter.com/deLuccaRafael/status/1637078710414106626,2023-03-18T13:09:14.000Z,"""... Manchas torturadas...
... Que sufoco!... 
... Louco!... 
... Choram Marias e Clarices...""",0,1,2,https://twitter.com/BohnGass/status/1636870674626093056
La Ultima Jacobina,@ultima_jacobina,https://twitter.com/ultima_jacobina/status/1636943900047704067,2023-03-18T04:13:33.000Z,Amo,0,0,1,https://twitter.com/BohnGass/status/1636870674626093056
Marco CRS,@saraiva_marco,https://twitter.com/saraiva_marco/status/1637102122268340224,2023-03-18T14:42:16.000Z,"Pra mim, a mais bela voz. Inesquecível",0,0,1,https://twitter.com/BohnGass/status/1636870674626093056
Paulo Camargo,@PauloFFCamargo,https://twitter.com/PauloFFCamargo/status/1636962391937241091,2023-03-18T05:27:02.000Z,Elis vive em cada um de nós,0,0,1,https://twitter.com/BohnGass/status/1636870674626093056
Phalf,@Jakhalf17,https://twitter.com/Jakhalf17/status/1636877057207541761,2023-03-17T23:47:56.000Z,👏👏👏👏🇧🇷🚩🇧🇷,0,0,1,https://twitter.com/BohnGass/status/1636870674626093056
mabi,@mabitoio,https://twitter.com/mabitoio/status/1637092271270031366,2023-03-18T14:03:07.000Z,"EI, TÁ NO TÉDIO?
Vem ver live! Faço live de aula de inglês, arte, jogos etc.
Twitch:http://twitch.tv/amatolioAprenda inglês comigo: 
VEM DE ZAP:https://wa.me/message/QSPYPBOT2FU6A1… 
Deposite seu RT",0,0,0,https://twitter.com/BohnGass/status/1636870674626093056
