nome,usuario,idTweet,dataPublicacao,texto,replies,retweets,likes,tweetPai
Ruth Tomazi,@RuthTomazi,https://twitter.com/RuthTomazi/status/1637082829543690240,2023-03-18T13:25:36.000Z,"São os que produzem ""comida com veneno"" que pagam o seu salário e mordomias. Esses aí, só servem para fazer propaganda e iludir gente estúpida. Não compro nada de quem não respeita a propriedade alheia.",0,0,10,https://twitter.com/BohnGass/status/1636859339943165952
Diana Raidan,@diana_raidan,https://twitter.com/diana_raidan/status/1637129799868076033,2023-03-18T16:32:15.000Z,"Exemplo de agricultura,  deveria ser exemplo para os demais agricultores. Bem melhor que se tornasse lei para todos os produtores!",1,0,1,https://twitter.com/BohnGass/status/1636859339943165952
Emerson do PT,@Emersonbalzac,https://twitter.com/Emersonbalzac/status/1636971277817724929,2023-03-18T06:02:20.000Z,Viva a Agricultura Familiar...Viva o PT...Viva Lula e Dilma...Viva o MST.,0,0,7,https://twitter.com/BohnGass/status/1636859339943165952
Adalberto Cristovão,@AdalbertoCris19,https://twitter.com/AdalbertoCris19/status/1637069876501049345,2023-03-18T12:34:08.000Z,🤡🤡🤡🤣🤣🤣,0,0,1,https://twitter.com/BohnGass/status/1636859339943165952
tonny,@tonny_coxa,https://twitter.com/tonny_coxa/status/1637117897649553410,2023-03-18T15:44:57.000Z,Produzem comida pra ricos? Cuidado que logo vão invadir esse agro-PT pra capitalistas.,0,0,2,https://twitter.com/BohnGass/status/1636859339943165952
JH da Onça,@JosHenr19495539,https://twitter.com/JosHenr19495539/status/1637110060512845824,2023-03-18T15:13:49.000Z,"Deputado, interessante que uma galera do agro tá querendo carona na comitiva pra China. Tem que selecionar bem essa turma pra não entrar bolsonaristas golpistas.",1,0,4,https://twitter.com/BohnGass/status/1636859339943165952
antonio abonizio sob,@juniorabonizio,https://twitter.com/juniorabonizio/status/1637066760133156868,2023-03-18T12:21:45.000Z,"De quem é a colheitadeira que aparece na foto?? Pela fotografia,  tem muitos hectares para ser agricultura familiar..qual o tamanho da propriedade da foto??",2,0,4,https://twitter.com/BohnGass/status/1636859339943165952
mariano,@mariano71409800,https://twitter.com/mariano71409800/status/1637213280560205825,2023-03-18T22:03:58.000Z,"Agora já tem fazenda e lojas para serem invadidas,será como se comportariam em uma eventual invasão terrorista ???🤣🤣🤣🤣🤣",1,0,0,https://twitter.com/BohnGass/status/1636859339943165952
Ana Souza,@AnaMari76976222,https://twitter.com/AnaMari76976222/status/1637067022868553729,2023-03-18T12:22:48.000Z,Que maravilha...viva a agricultura sustentável.,2,0,2,https://twitter.com/BohnGass/status/1636859339943165952
LFS_22,@Luiz_FLS22,https://twitter.com/Luiz_FLS22/status/1637033582941069312,2023-03-18T10:09:55.000Z,"O MST NÃO TEM NEM CNPJ, COMO PODE PRODIZIR ALGUMA COISA. 
Queria ver a carteira de trabalho dessa turma da cooperativa.",5,0,10,https://twitter.com/BohnGass/status/1636859339943165952
Jorge D'Ambrosio,@JorgeDAmbrosio1,https://twitter.com/JorgeDAmbrosio1/status/1637538830210170883,2023-03-19T19:37:35.000Z,Invasores que roubam terras e equipamentos dos fazendeiros.,0,0,0,https://twitter.com/BohnGass/status/1636859339943165952
Josisley Costa,@CostaJosisley,https://twitter.com/CostaJosisley/status/1637254877922426881,2023-03-19T00:49:16.000Z,Que bosta isso não ajuda em nada o pais kkkk,0,0,0,https://twitter.com/BohnGass/status/1636859339943165952
Paulo Jose,@PauloJo91655435,https://twitter.com/PauloJo91655435/status/1637398845494792198,2023-03-19T10:21:20.000Z,"Vamos partir para o agro ecológico, fazer igual aoa Sri Lanka.",0,0,0,https://twitter.com/BohnGass/status/1636859339943165952
Anna Lyra,@annalyra320,https://twitter.com/annalyra320/status/1637220160372195328,2023-03-18T22:31:18.000Z,"Ainda bem que o MST não invade, nem destrói
essas propriedades ! 😉",0,0,0,https://twitter.com/BohnGass/status/1636859339943165952
Maroca,@Maroc71586220,https://twitter.com/Maroc71586220/status/1637401502208671744,2023-03-19T10:31:54.000Z,"Maior piada da história,conten que isso ai é financiado pelo povo e que só dá prejuízo para o mesmo",0,0,0,https://twitter.com/BohnGass/status/1636859339943165952
Tatiana,@Tatiana16765958,https://twitter.com/Tatiana16765958/status/1637295698923192321,2023-03-19T03:31:28.000Z,Pegam terra das pessoas ainda acham q e lindo q fazem,0,0,0,https://twitter.com/BohnGass/status/1636859339943165952
Marinhomoraes,@georgemoraesma,https://twitter.com/georgemoraesma/status/1637075574584745989,2023-03-18T12:56:47.000Z,festa da HIPÓCRISIA,0,0,2,https://twitter.com/BohnGass/status/1636859339943165952
R P,@RPcomVC,https://twitter.com/RPcomVC/status/1637177075529314306,2023-03-18T19:40:06.000Z,"MST é uma organização que
Invade propriedade privada, pode isto?
Não seria ato anti constitucional?",0,0,3,https://twitter.com/BohnGass/status/1636859339943165952
Ana Aranda,@Anaelvira60,https://twitter.com/Anaelvira60/status/1637063470934814722,2023-03-18T12:08:41.000Z,Alimento rico e saudável para o povo. Parabéns MST,8,0,5,https://twitter.com/BohnGass/status/1636859339943165952
Zwetsch,@FabricioZwetsch,https://twitter.com/FabricioZwetsch/status/1637255250330484739,2023-03-19T00:50:45.000Z,0.005% da produção nacional..,0,0,0,https://twitter.com/BohnGass/status/1636859339943165952
Eduardo Xavier,@Eduardo14792310,https://twitter.com/Eduardo14792310/status/1637089670621265921,2023-03-18T13:52:47.000Z,São o novo agro negócio,0,0,2,https://twitter.com/BohnGass/status/1636859339943165952
Julia Caster,@casterjulia1,https://twitter.com/casterjulia1/status/1637239903162359808,2023-03-18T23:49:46.000Z,Quando ganha terra continua sendo MST? Não deveria virar agricultor? Ou a terra não pertence  ninguém?,0,0,0,https://twitter.com/BohnGass/status/1636859339943165952
Diogenes,@brasildiogenes,https://twitter.com/brasildiogenes/status/1637062137469173766,2023-03-18T12:03:23.000Z,"Parabéns! Precisamos de alimentos limpo e sem agrotóxicos.
Os recalcados vão ficar com dor de cotovelo, mas faz parte, porque é difícil crescer sem incomodar a indústria do Agro.",3,0,3,https://twitter.com/BohnGass/status/1636859339943165952
Carlos Alberto Fidelles,@CaFidelles,https://twitter.com/CaFidelles/status/1637071733755617286,2023-03-18T12:41:31.000Z,"E que todos vão comer, porque assim Jesus nos ensinou.",0,0,1,https://twitter.com/BohnGass/status/1636859339943165952
Jefferson,@jeffssaints,https://twitter.com/jeffssaints/status/1637203676501626881,2023-03-18T21:25:48.000Z,Qual o nome da marca que vocês vendem.?,0,0,1,https://twitter.com/BohnGass/status/1636859339943165952
Davi Paladini,@davipaladinni,https://twitter.com/davipaladinni/status/1639286590760529925,2023-03-24T15:22:34.000Z,Parabéns!,0,0,0,https://twitter.com/BohnGass/status/1636859339943165952
Jlmi,@jlmmuli,https://twitter.com/jlmmuli/status/1638151279779225607,2023-03-21T12:11:15.000Z,"Ótimo !! Boa !!!
Deveria ser considerado  crime, colocar  agrotóxico nas lavouras.",0,0,0,https://twitter.com/BohnGass/status/1636859339943165952
Tharkun,@Tharkun2048,https://twitter.com/Tharkun2048/status/1637446057763262464,2023-03-19T13:28:57.000Z,Quanto vaga sem trabalhar kkkk,0,0,0,https://twitter.com/BohnGass/status/1636859339943165952
Galt Brasileiro,@GaltBrasileiro,https://twitter.com/GaltBrasileiro/status/1637473100437618690,2023-03-19T15:16:24.000Z,Se toda a agricultura fosse gerida assim 50% passaria fome,0,0,0,https://twitter.com/BohnGass/status/1636859339943165952
JACKSON,@JACKPRAIA,https://twitter.com/JACKPRAIA/status/1637042540590297088,2023-03-18T10:45:31.000Z,Parabéns companheiros e companheiras.,2,0,6,https://twitter.com/BohnGass/status/1636859339943165952
Douglas De aquino,@AquinoBereti,https://twitter.com/AquinoBereti/status/1637148559060398081,2023-03-18T17:46:47.000Z,Olhem a mentira,0,0,0,https://twitter.com/BohnGass/status/1636859339943165952
paulo rezende,@paulore71273651,https://twitter.com/paulore71273651/status/1637207805592584193,2023-03-18T21:42:13.000Z,zzzzzzzzzz,0,0,0,https://twitter.com/BohnGass/status/1636859339943165952
Claudio Diogo,@ClaudioDiogo4,https://twitter.com/ClaudioDiogo4/status/1637089642045480960,2023-03-18T13:52:40.000Z,Quero saber o prevo desse arroz organico,0,0,0,https://twitter.com/BohnGass/status/1636859339943165952
@j.freitas,@j.freitas,https://twitter.com/jorgefr12484510/status/1637186778351255553,2023-03-18T20:18:40.000Z,Esse Arroz aí foi tomado de alguma fazendo produtiva?,0,0,0,https://twitter.com/BohnGass/status/1636859339943165952
Marcuse,@mandeimandei,https://twitter.com/mandeimandei/status/1637177248808673281,2023-03-18T19:40:48.000Z,Na terra de quem?,0,0,0,https://twitter.com/BohnGass/status/1636859339943165952
Carlos Cesar de Oliveira Andrade,@CesarAndradeRS,https://twitter.com/CesarAndradeRS/status/1637093978712465411,2023-03-18T14:09:54.000Z,Narrativa mentirosa e desonesta,0,0,0,https://twitter.com/BohnGass/status/1636859339943165952
E=mc2,@QIQESUSTENTA,https://twitter.com/QIQESUSTENTA/status/1637053903731564544,2023-03-18T11:30:40.000Z,Festa de um modelo de invasões criminosas e vandalismo…🤌🏾🚨,0,0,0,https://twitter.com/BohnGass/status/1636859339943165952
@leomora,@leomora,https://twitter.com/leomora08393206/status/1637197072192380928,2023-03-18T20:59:34.000Z,Deve ser igual as cisternas do bolos!!!,0,0,0,https://twitter.com/BohnGass/status/1636859339943165952
Dr.Anderson de Andrade,@DrAnderson2022,https://twitter.com/DrAnderson2022/status/1637082752917942279,2023-03-18T13:25:18.000Z,Qual a marca do arroz? Para eu nunca comprar. Bandidos,0,0,0,https://twitter.com/BohnGass/status/1636859339943165952
Mary a,@sobralmary2,https://twitter.com/sobralmary2/status/1637113576639934464,2023-03-18T15:27:47.000Z,Çei...,0,0,0,https://twitter.com/BohnGass/status/1636859339943165952
Eliane,@Elianecf27,https://twitter.com/Elianecf27/status/1637151293088178177,2023-03-18T17:57:39.000Z,Esqueceu de falar da roubalheira e corrupção desse partido.,0,0,0,https://twitter.com/BohnGass/status/1636859339943165952
Alessandro,@Alessan31909287,https://twitter.com/Alessan31909287/status/1637147831449288706,2023-03-18T17:43:54.000Z,Poderia dizer qual o valor do kg desse ao qual nunca ao qual nunca irá  chegar a mesa do trabalhador.E quem compra esse produto e aquela famosa elite que esses tanto dizem combater e só final das contas a ironia e a hipocrisia....,0,0,0,https://twitter.com/BohnGass/status/1636859339943165952
Tarcisio Ferreira,@tarcisio0803,https://twitter.com/tarcisio0803/status/1637210140767318016,2023-03-18T21:51:30.000Z,Pura patifaria!!!,0,0,0,https://twitter.com/BohnGass/status/1636859339943165952
marcio luiz Blazius,@Blaziusmluiz,https://twitter.com/Blaziusmluiz/status/1637104073890582528,2023-03-18T14:50:01.000Z,Agora vai baixar o preço do arroz,0,0,0,https://twitter.com/BohnGass/status/1636859339943165952
E dai?,@BoraRemar,https://twitter.com/BoraRemar/status/1637167969036894210,2023-03-18T19:03:55.000Z,"Esse tem que ser o Brasil do futuro, para todos!",0,0,0,https://twitter.com/BohnGass/status/1636859339943165952
sandro valmir,@sandrovalmir1,https://twitter.com/sandrovalmir1/status/1637515988785590273,2023-03-19T18:06:49.000Z,Tu come o que te servem e come feliz e depois vem fazer o puxa saco,0,0,0,https://twitter.com/BohnGass/status/1636859339943165952
Jeff Souza,@JeffSou25130141,https://twitter.com/JeffSou25130141/status/1637534276852776961,2023-03-19T19:19:30.000Z,"É contra este trabalho modelo pro mundo que os robots bozonazistas tem medo. E por isso falam em CPI do MST. Deve ser ""Comemoração Pelo Inventivo ao Cooperativismo. Mas aí, incomoda a bancada do AGRO neh? e agro é pop. No bolso deles que mandam o que é de melhor pra fora do país.",0,0,0,https://twitter.com/BohnGass/status/1636859339943165952
John T,@dukeofsalvador,https://twitter.com/dukeofsalvador/status/1637422846610735104,2023-03-19T11:56:43.000Z,Isso não alimenta nem um estado,0,0,0,https://twitter.com/BohnGass/status/1636859339943165952
Fátima Diniz,@DinizMercurio,https://twitter.com/DinizMercurio/status/1637555548219424768,2023-03-19T20:44:01.000Z,Maravilha 👏🏾👏🏾👏🏾,0,0,0,https://twitter.com/BohnGass/status/1636859339943165952
Beatriz Silva Freire,@beatrizsfreire,https://twitter.com/beatrizsfreire/status/1637546004714078211,2023-03-19T20:06:06.000Z,"R$19,90 o kg. Arroz pra rico comer, HIPÓCRITAS!",0,0,0,https://twitter.com/BohnGass/status/1636859339943165952
Rogeria Acipreste,@RogeriaAcipres1,https://twitter.com/RogeriaAcipres1/status/1637217352336003072,2023-03-18T22:20:09.000Z,Essa área tem que ser invadida.,0,0,0,https://twitter.com/BohnGass/status/1636859339943165952
Suzani Cassiani,@Suzanicassiani,https://twitter.com/Suzanicassiani/status/1637437608090300416,2023-03-19T12:55:22.000Z,Parabéns ao MST!! Deveria ter local pra vender em cada município.,0,0,0,https://twitter.com/BohnGass/status/1636859339943165952
Godes Nascimento,@Rogerson1973,https://twitter.com/Rogerson1973/status/1637106904366215168,2023-03-18T15:01:16.000Z,Essa agricultura sustenta o Brasil?,1,0,2,https://twitter.com/BohnGass/status/1636859339943165952
Marco & Monica,@MarcoMonica5,https://twitter.com/MarcoMonica5/status/1637453418020372481,2023-03-19T13:58:11.000Z,Mst tô fora. Xoooo,0,0,0,https://twitter.com/BohnGass/status/1636859339943165952
Cristina Araujo,@araujovitorio12,https://twitter.com/araujovitorio12/status/1637385532584984576,2023-03-19T09:28:26.000Z,Parabéns para vocês,0,0,0,https://twitter.com/BohnGass/status/1636859339943165952
Alemanha do Nordeste,@alemanhasport,https://twitter.com/alemanhasport/status/1637079790145372160,2023-03-18T13:13:32.000Z,"Mentira,invadiram plantação de outros e estão dizendo que é orgânico",2,0,7,https://twitter.com/BohnGass/status/1636859339943165952
Luiza,@CALUDAC,https://twitter.com/CALUDAC/status/1637240742555860992,2023-03-18T23:53:06.000Z,"Arroz orgânico uma fortuna 
Absurdo.
Festa para para os empresário.  Que se beneficiam com isso @LulaOficial  queremos também consumir desse arroz saudável mais com esse preço impossível",0,0,1,https://twitter.com/BohnGass/status/1636859339943165952
Edgar Neves,@EdgarNe87553819,https://twitter.com/EdgarNe87553819/status/1637450529881161728,2023-03-19T13:46:43.000Z,Não é q possívi... mais coisa.,0,0,0,https://twitter.com/BohnGass/status/1636859339943165952
Sandro Alberto,@SandroA34719629,https://twitter.com/SandroA34719629/status/1636954033213644802,2023-03-18T04:53:49.000Z,Kkkkkk....,0,0,0,https://twitter.com/BohnGass/status/1636859339943165952
FelipeCampos,@mrfelipecampos,https://twitter.com/mrfelipecampos/status/1637125174892851202,2023-03-18T16:13:52.000Z,Hahaha delerobos fulano0786 eeila o que 6785 hahahaha. Para-bens!,0,0,0,https://twitter.com/BohnGass/status/1636859339943165952
Felipe,@felipedantasofc,https://twitter.com/felipedantasofc/status/1637142529953918976,2023-03-18T17:22:50.000Z,"Se a turma do transgênico está triste, o Brasil tem motivo pra sorrir.",0,0,0,https://twitter.com/BohnGass/status/1636859339943165952
fertjorge8,@fertjorge8,https://twitter.com/fertjorge8/status/1637099554481864704,2023-03-18T14:32:04.000Z,"Piada, uma máquina para uma demanda que se dependessemos desses arruaceiros não daria nem para um dia de consumo!",0,0,0,https://twitter.com/BohnGass/status/1636859339943165952
Bella,@Bella76086422,https://twitter.com/Bella76086422/status/1637109934805381123,2023-03-18T15:13:19.000Z,"Vai chegar na mesa dos humildes, a que preço?",0,0,0,https://twitter.com/BohnGass/status/1636859339943165952
sueli ruzene fontana,@RuzeneSueli,https://twitter.com/RuzeneSueli/status/1638281519700627467,2023-03-21T20:48:46.000Z,Movimento dos SEM...SEM..SEM TERRA ...ué e tá plantando.....tem algo errado aí!!! Ou não???? Ou sim????,0,0,0,https://twitter.com/BohnGass/status/1636859339943165952
André,@AndreBjjLopes,https://twitter.com/AndreBjjLopes/status/1637066635608563716,2023-03-18T12:21:15.000Z,"O que diferencia esse modelo do agronegócio? Estão usando colheitadeira, cadê as foices? Quem garante que esse arroz não teve produtos químicos?",5,0,8,https://twitter.com/BohnGass/status/1636859339943165952
Carina Belomé,@CarinaBelome,https://twitter.com/CarinaBelome/status/1637163464253661185,2023-03-18T18:46:01.000Z,"Legal, mas o agro alimenta bilhões mundo a fora. Só pra lembrar",1,1,24,https://twitter.com/BohnGass/status/1636859339943165952
Sandra Moraes,@SandraMoraes25,https://twitter.com/SandraMoraes25/status/1637234217531633669,2023-03-18T23:27:10.000Z,Bom saber para não comprar arroz orgânico do MST.,0,0,0,https://twitter.com/BohnGass/status/1636859339943165952
Patricia Araujo,@Patriciahanriot,https://twitter.com/Patriciahanriot/status/1637036216188010497,2023-03-18T10:20:23.000Z,👏👏👏👏👏👏👏,0,0,2,https://twitter.com/BohnGass/status/1636859339943165952
Carina Belomé,@CarinaBelome,https://twitter.com/CarinaBelome/status/1637165375732187137,2023-03-18T18:53:37.000Z,"Sou sobrinha da Celoni Lemes. Desde novinha lembro de ti lá em casa. DEPUTADO, por que o INCRA disponibiliza somente 3 milhões para aquisição de terras e a pasta da cultura 10 BI para artistas? Não seria o ideal inverter esses valores? Apoio a segurança alimentar",0,1,3,https://twitter.com/BohnGass/status/1636859339943165952
Floristela Nascimento,@FloristelaNasc1,https://twitter.com/FloristelaNasc1/status/1637215460314710018,2023-03-18T22:12:38.000Z,Só o MST faz e produz arroz argânico,0,0,0,https://twitter.com/BohnGass/status/1636859339943165952
Claudio Daniel Paiva de Loureiro,@CDPL1953,https://twitter.com/CDPL1953/status/1637581241649078272,2023-03-19T22:26:07.000Z,"Entao o MST virou capitalista .Comprar, vender e ter lucro .",0,0,0,https://twitter.com/BohnGass/status/1636859339943165952
VIÚVA DO CONSÓRCIO,@ViuvaConsorcio,https://twitter.com/ViuvaConsorcio/status/1637436388349026305,2023-03-19T12:50:31.000Z,"PLENAMENTE SUSTENTÁVEL. É TRANQUILO PRODUZIR ALIMENTOS PARA O PLANETA DESTA FORMA.
EU VEJO ISSO QUANDO VOU COMPRAR UMA VERDURA ORGÂNICA. VALORES SUPER ACESSÍVEIS...",0,0,0,https://twitter.com/BohnGass/status/1636859339943165952
Hamilton Fernando,@Hamilto34540109,https://twitter.com/Hamilto34540109/status/1638349266958598147,2023-03-22T01:17:58.000Z,Piada. Kkkkk enquanto isso...,0,0,0,https://twitter.com/BohnGass/status/1636859339943165952
PC,@paulocacciari,https://twitter.com/paulocacciari/status/1637087035302330368,2023-03-18T13:42:19.000Z,"Produção eziqua, impossível de ser feita em grandes extensões por não tolerar ataques de pragas",0,0,0,https://twitter.com/BohnGass/status/1636859339943165952
Tati FRib,@tatiferreirarib,https://twitter.com/tatiferreirarib/status/1637228127951699969,2023-03-18T23:02:58.000Z,"Viva o capitalismo q trás dinheiro para o país, enqto a esquerda populista só suga.",0,0,0,https://twitter.com/BohnGass/status/1636859339943165952
Betu Carvalho,@betucarvalho,https://twitter.com/betucarvalho/status/1637168973086064643,2023-03-18T19:07:54.000Z,"Vai lá falar pro pobre pagar o triplo no ""arroz orgânico""!! Kkkkkkkkkkkkkkk Não conheço ninguém que morreu ou teve problemas de saúde por comer arroz convencional!",0,0,0,https://twitter.com/BohnGass/status/1636859339943165952
Diego Guarino,@DiegoGuarino83,https://twitter.com/DiegoGuarino83/status/1637170770232131584,2023-03-18T19:15:03.000Z,Colheu 2 saco de arroz,0,0,0,https://twitter.com/BohnGass/status/1636859339943165952
Flavio Quiroga,@FlavioQuiroga,https://twitter.com/FlavioQuiroga/status/1637218534609526786,2023-03-18T22:24:51.000Z,Bandidos!,0,0,0,https://twitter.com/BohnGass/status/1636859339943165952
Dani Araujo #SouLula #VSFfascista,@profdanisl,https://twitter.com/profdanisl/status/1637098949122088966,2023-03-18T14:29:39.000Z,Viva o MST e o povo de luta!,2,1,3,https://twitter.com/BohnGass/status/1636859339943165952
Cida Ferrari,@CidaFerrari4,https://twitter.com/CidaFerrari4/status/1637156416862519297,2023-03-18T18:18:01.000Z,Tem método!!! Entre na lojinha do MST e veja o absurdo dos preços👍👀✔️,4,1,6,https://twitter.com/BohnGass/status/1636859339943165952
Claudenir Dias ,@Leytynho10,https://twitter.com/Leytynho10/status/1637122255590248449,2023-03-18T16:02:16.000Z,O MST tem colhedeira porque será que eles invadem terra se tem condições só comprar terra para parar de invadir .,0,0,1,https://twitter.com/BohnGass/status/1636859339943165952
Joe,@JoelisonFreitas,https://twitter.com/JoelisonFreitas/status/1637091364025368576,2023-03-18T13:59:31.000Z,Celso Rigo chora no banho,0,0,1,https://twitter.com/BohnGass/status/1636859339943165952
Nelson C Ferraz F,@ncferrazf,https://twitter.com/ncferrazf/status/1637105450595262464,2023-03-18T14:55:30.000Z,🤡o circo voltou...,0,0,1,https://twitter.com/BohnGass/status/1636859339943165952
Paulo Cesar,@PauloCe14316564,https://twitter.com/PauloCe14316564/status/1636867969182466050,2023-03-17T23:11:50.000Z,Viva o MST.,0,0,7,https://twitter.com/BohnGass/status/1636859339943165952
Cristiano Rizo,@RizoCristiano,https://twitter.com/RizoCristiano/status/1637159027414122496,2023-03-18T18:28:23.000Z,"VALOR DO ARROZ DO AGRONEGOCIO: (TIO JOAO 1KG 6,79)

VALOR DO ARROZ DO MST, CULTIVADO EM TERRAS INVADIDAS QUE VCS CHAMAM DE ""ASSENTAMENTO DA REFORMA AGRARIA"": 19,90 (RAIZES DO CAMPO 1kg) 

ONDE ESTA O BENEFICIO PARA O POBRE ? 
MST É SÓ FACHADA MESMO !",0,1,7,https://twitter.com/BohnGass/status/1636859339943165952
Dariane Silva,@DarianeSilva19,https://twitter.com/DarianeSilva19/status/1637475408835670022,2023-03-19T15:25:34.000Z,Vocês são demais!! ❤❤,0,0,0,https://twitter.com/BohnGass/status/1636859339943165952
NauR1b,@NauR1b,https://twitter.com/NauR1b/status/1637347765742358528,2023-03-19T06:58:22.000Z,Ministro andando com bandidos é coisa normal do PT.,0,0,0,https://twitter.com/BohnGass/status/1636859339943165952
Navarone,@Navarone07,https://twitter.com/Navarone07/status/1637139370510630912,2023-03-18T17:10:17.000Z,"Mas afinal, quem sustenta tudo isso?",0,0,0,https://twitter.com/BohnGass/status/1636859339943165952
A Y M,@AYM_Coml,https://twitter.com/AYM_Coml/status/1637083962731372544,2023-03-18T13:30:06.000Z,"E como é de se desconfiar, são plantações negociadas com serviço público, onde deve ser investigado o valor negociado, com certeza deve estar superfaturado. 
Td que vêm de aliados do PT é de se desconfiar, pois sempre estão envolvidos em maracutaia, e fazem de td pra enganar vcs.",0,0,0,https://twitter.com/BohnGass/status/1636859339943165952
maria aparecida,@coimbramariap,https://twitter.com/coimbramariap/status/1637179848455073793,2023-03-18T19:51:07.000Z,👏👏👏👏👏👏👏👏👏,0,0,0,https://twitter.com/BohnGass/status/1636859339943165952
Beatriz,@Beatriz91940136,https://twitter.com/Beatriz91940136/status/1637090401608769537,2023-03-18T13:55:42.000Z,Muito bommm,0,0,0,https://twitter.com/BohnGass/status/1636859339943165952
Marco Reis,@marcoreis_mr,https://twitter.com/marcoreis_mr/status/1637132337614925825,2023-03-18T16:42:20.000Z,👏👏👏,0,0,0,https://twitter.com/BohnGass/status/1636859339943165952
Luis_RosetaSantaClara,@Roseta_PaiPasso,https://twitter.com/Roseta_PaiPasso/status/1637231606237732871,2023-03-18T23:16:47.000Z,"Você não têm noção do que está falando. O Japão utiliza agrotóxicos 10 x mais e a expectativa de vida de lá é uma das maiores do mundo. Não vêm falar de veneno em nossas lavouras de arroz,soja,milho,etc...",0,0,1,https://twitter.com/BohnGass/status/1636859339943165952
Carlos,@Carlos90552739,https://twitter.com/Carlos90552739/status/1637102148210110465,2023-03-18T14:42:22.000Z,Viva ao PT e quem toma iniciativas assim,0,0,1,https://twitter.com/BohnGass/status/1636859339943165952
Carlos,@Carlos90552739,https://twitter.com/Carlos90552739/status/1637103008260423681,2023-03-18T14:45:47.000Z,"Obrigado meu, nosso deputado pelas iniciativas e apoio aos agricultores que produzam alimentos orgânico",0,0,2,https://twitter.com/BohnGass/status/1636859339943165952
Cássia,@chartilek,https://twitter.com/chartilek/status/1637467619954511873,2023-03-19T14:54:37.000Z,"Não compro nada que venha desse grupo usurpador de propriedade alheia. Esse papinho de bla bla bla orgânico, não me engana 🤢🤮🤮🤮🤮🤮🤮🤮🤮",0,0,0,https://twitter.com/BohnGass/status/1636859339943165952
Jorge Caneja,@ajcaneja,https://twitter.com/ajcaneja/status/1637205421067845638,2023-03-18T21:32:44.000Z,Em qual fazenda você trabalha?,0,0,1,https://twitter.com/BohnGass/status/1636859339943165952
Stela Monteiro,@StelaMonteiro8,https://twitter.com/StelaMonteiro8/status/1637203641047171075,2023-03-18T21:25:40.000Z,Produto do MST ? Não compraria jamais são fora da Lei.,0,0,0,https://twitter.com/BohnGass/status/1636859339943165952
Jorge Cavalcanti,@AviculturaUFRN,https://twitter.com/AviculturaUFRN/status/1637532338077810688,2023-03-19T19:11:47.000Z,"Sabe quanto custa 1,0 kg de arroz orgânico e do outro arroz??? O pobre tem condições de comprar qual do dois tipo de arroz???",0,0,0,https://twitter.com/BohnGass/status/1636859339943165952
leofortalce,@leofortalce,https://twitter.com/leofortalce/status/1636892930370568194,2023-03-18T00:51:01.000Z,👏👏👏👏👏,0,0,1,https://twitter.com/BohnGass/status/1636859339943165952
Márcia platt,@marciaplatt71,https://twitter.com/marciaplatt71/status/1637177232383680513,2023-03-18T19:40:44.000Z,"Deputado, o MST tem que divulgar os endereços de onde podemos comprar esse arroz, já perguntei várias vezes e nunca me respondem!",0,0,0,https://twitter.com/BohnGass/status/1636859339943165952
Dayse,@Dayse62300316,https://twitter.com/Dayse62300316/status/1636880198909022210,2023-03-18T00:00:25.000Z,👏👏👏👏👏,0,0,3,https://twitter.com/BohnGass/status/1636859339943165952
kratosfc507,@kratosfc507,https://twitter.com/kratosfc507/status/1637215545123565569,2023-03-18T22:12:58.000Z,Pois é invadem destroem matam animais em propriedades privadas pra depois festejar #CPIdoMST,0,0,0,https://twitter.com/BohnGass/status/1636859339943165952
Gilmar Democracia e Liberdade!,@Gilmar_Curitiba,https://twitter.com/Gilmar_Curitiba/status/1637229099595845635,2023-03-18T23:06:50.000Z,O agro é que alimenta o Brasil e o mundo. MST é invasor de terras produtivas. MST é organização terrorista.#LulaLadraoSeuLugarENaPrisao,0,0,0,https://twitter.com/BohnGass/status/1636859339943165952
Mr Good Friend Friend,@MrGoodFriend10,https://twitter.com/MrGoodFriend10/status/1637041380655616001,2023-03-18T10:40:54.000Z,"Arroz de rico, coisa de petista. Agro  estatal, é tipo sindicato, sempre haverá uma oligarquia comandando os ""pobres"", que sem controle jamais farão a revolução. Ou seja, o comunistão quer apenas o poder.",0,0,1,https://twitter.com/BohnGass/status/1636859339943165952
Daniel Sarafian,@Sarafian22,https://twitter.com/Sarafian22/status/1637250355917365248,2023-03-19T00:31:18.000Z,Movimento mais criminoso do Brasil!,0,0,0,https://twitter.com/BohnGass/status/1636859339943165952
MARLUCE COLARES MATOS,@ColaresMarluce,https://twitter.com/ColaresMarluce/status/1639271541459353607,2023-03-24T14:22:46.000Z,Esses vadios tem mais é  que trabalhar,0,0,0,https://twitter.com/BohnGass/status/1636859339943165952
@leomora,@leomora,https://twitter.com/leomora08393206/status/1637198955153899521,2023-03-18T21:07:03.000Z,"Só lembrando que arroz orgânico representa 0.5% da produção nacional, portanto uma gota d'água no oceano!!",0,0,0,https://twitter.com/BohnGass/status/1636859339943165952
Daniel Rodrigo,@DanielR49550919,https://twitter.com/DanielR49550919/status/1637179495944708097,2023-03-18T19:49:43.000Z,"Já viram o preço de alimentos orgânicos?  Só come quem é riquinho.

Já viu a produção? 
Não da pra produzir em larga escala. 

Já viu os novos agrotóxicos mais modernos? Informem- se antes de ficar babando ovo pra político mentiroso.",0,0,0,https://twitter.com/BohnGass/status/1636859339943165952
André Sanford Carneiro,@ASanfordCarneir,https://twitter.com/ASanfordCarneir/status/1637051797649997824,2023-03-18T11:22:18.000Z,"Festa dos verdadeiros terroristas, que arrumaram uma pequena desculpa pra justificar os atos terroristas q fazem no Brasil todo!!!",0,0,2,https://twitter.com/BohnGass/status/1636859339943165952
Mezzomo,@Mezzomo22,https://twitter.com/Mezzomo22/status/1637076931878305794,2023-03-18T13:02:10.000Z,A CPI DO MST VEM AÍ 🐀😂🤣,0,0,0,https://twitter.com/BohnGass/status/1636859339943165952
S.K.C.D,@skcdsoueu,https://twitter.com/skcdsoueu/status/1637056797721722890,2023-03-18T11:42:10.000Z,"Qual valor do quilo??? É acessível para uma pessoa baixa renda ???

Assim só curiosidade mesmo 🤷🏻‍♂️",0,0,0,https://twitter.com/BohnGass/status/1636859339943165952
S.K.C.D,@skcdsoueu,https://twitter.com/skcdsoueu/status/1637057911095541760,2023-03-18T11:46:35.000Z,A uma muito importante....daria pra alimentar quantas pessoas com a produção???🤔🤔🤔 200 milhões de pessoas pelo menos ??,0,0,0,https://twitter.com/BohnGass/status/1636859339943165952
José Drummond Drummond,@JosDrummondDru3,https://twitter.com/JosDrummondDru3/status/1637096031061000195,2023-03-18T14:18:04.000Z,"Pare de conversar fiado,ô H2S(gás do peido).
O MST é um movimento de bandidos  invasores de propriedades alheias.
A produção do MST é irrisória, só pra efeito de propaganda.
Bolsonaro distribuiu 100 mil títulos de terras e vocês  só distribuem ilusão. 
Estão no poder pela fraude!",0,0,0,https://twitter.com/BohnGass/status/1636859339943165952
Só Para Tweetar,@SoPara_Twittar,https://twitter.com/SoPara_Twittar/status/1637132803857891329,2023-03-18T16:44:11.000Z,MST=BANDIDOS USURPADAORES DE TERRAS DOS OUTROS,0,0,0,https://twitter.com/BohnGass/status/1636859339943165952
miltintt,@MiltinEb,https://twitter.com/MiltinEb/status/1637074090560299008,2023-03-18T12:50:53.000Z,"Você acredita que plantando somente arroz orgânico, daria para alimentar a população em geral????😂",0,0,0,https://twitter.com/BohnGass/status/1636859339943165952
Ney Bolsonarista,@ReinischRonei,https://twitter.com/ReinischRonei/status/1637092651638964224,2023-03-18T14:04:38.000Z,"MST bando de Grileiros, terroriza  e vc que apoia essa raça, se inclui nesses adjetivos. Vagabundos, grileiros, terroristas",0,0,0,https://twitter.com/BohnGass/status/1636859339943165952
Jefferson Abreu,@jeffsoundsinger,https://twitter.com/jeffsoundsinger/status/1637386281842778114,2023-03-19T09:31:25.000Z,"Arroz sequeiro é capim, é uma praga usada para recuperar pastagens e dá um arroz de péssima qualidade, não tem investimento e nem trabalho. O MST já roubou mais de 4 milhões de hectares e apresenta produção de arroz de 2 mil hectares. Bando de vagabundos, terroristas.",0,0,0,https://twitter.com/BohnGass/status/1636859339943165952
Fabricio Jordão,@fabriciojordo,https://twitter.com/fabriciojordo/status/1637334307680272389,2023-03-19T06:04:53.000Z,MST o mesmo que invade terras bando de bandidos igual seu presidente,0,0,0,https://twitter.com/BohnGass/status/1636859339943165952
Fábio Henrique Rossi,@FbioHenriqueR13,https://twitter.com/FbioHenriqueR13/status/1637293449761177601,2023-03-19T03:22:32.000Z,MST bando de vagabundos!!!,0,0,0,https://twitter.com/BohnGass/status/1636859339943165952
Cléto Valduga,@cletovalduga,https://twitter.com/cletovalduga/status/1637069537437704192,2023-03-18T12:32:47.000Z,Isso aí é um teatro. Que tiveram que sustentar após a fala do ladrão! MST trabalhando? Piada.,0,0,0,https://twitter.com/BohnGass/status/1636859339943165952
Francesco Palermo,@Frances72529294,https://twitter.com/Frances72529294/status/1637066098553020417,2023-03-18T12:19:07.000Z,Organização Terrorista!,0,0,0,https://twitter.com/BohnGass/status/1636859339943165952
Maroca,@Maroc71586220,https://twitter.com/Maroc71586220/status/1637402203735425024,2023-03-19T10:34:41.000Z,Entendam a farsa do arroz orgânico do MST,0,0,0,https://twitter.com/BohnGass/status/1636859339943165952
Fran Silva,@SilvaFranbeleza,https://twitter.com/SilvaFranbeleza/status/1637081526293651457,2023-03-18T13:20:26.000Z,SEU CPF SERÁ CANCELADO EM BREVE ⚰️ ⚰️ ⚰️ ⚰️ ⚰️ ⚰️ ⚰️ ⚰️ ⚰️ ⚰️ ⚰️ ⚰️ ⚰️ ⚰️ ⚰️ ⚰️ ⚰️ ⚰️ ⚰️ ⚰️ ⚰️ ⚰️ ⚰️ ⚰️ ⚰️ ⚰️ ⚰️ ⚰️ ⚰️ ⚰️ ⚰️ ⚰️ ⚰️,0,0,0,https://twitter.com/BohnGass/status/1636859339943165952
Lizzie SantAna Torres,@LizzieSantAnaT2,https://twitter.com/LizzieSantAnaT2/status/1637187626208772100,2023-03-18T20:22:02.000Z,Deixa de tentar enganar os incautos! Arroz orgânico do MST eu nunca compraria! Aposto que isto é uma fazenda qualquer que vocês estão usando para justificar estes terroristas e seus atos de terror! Estes são terroristas!!,0,0,0,https://twitter.com/BohnGass/status/1636859339943165952
OEF,@Octavio310163,https://twitter.com/Octavio310163/status/1637183344512204809,2023-03-18T20:05:01.000Z,"Arroz orgánico.
. Tá de brincadeira????!!!!! 1
Arroz de rico ... Caríssimo e ocupa muito mais terra que o R
Arroz adubado ... Manipulador de mentes desgraçado !",0,0,0,https://twitter.com/BohnGass/status/1636859339943165952
Fazueli,@vtncpt,https://twitter.com/vtncpt/status/1637070576861827076,2023-03-18T12:36:55.000Z,kkkk tu é retard... demais...para de passar vergonha cumpanheiro!,0,0,0,https://twitter.com/BohnGass/status/1636859339943165952
Inacio Vacchiano,@inaciovacchiano,https://twitter.com/inaciovacchiano/status/1636886996403515392,2023-03-18T00:27:26.000Z,"Não segui este bandido esquerdista. Hackeou meu perfil privado. 
BLOQUEADO...",0,0,0,https://twitter.com/BohnGass/status/1636859339943165952
Clarice von der Aa,@ClariceVon,https://twitter.com/ClariceVon/status/1637214305392246785,2023-03-18T22:08:03.000Z,Festa da quadrilha de gente terrorista que ficam velhos e não deixam de usar pessoas pobres para viverem no bem bom . Tudo que se planta colhe e se não aqui na outra dimensão,0,0,1,https://twitter.com/BohnGass/status/1636859339943165952
JoséHF,@JoseHFac,https://twitter.com/JoseHFac/status/1637218312986689537,2023-03-18T22:23:58.000Z,"Pode ser orgânico, mas agroecológico é falácia. Ocupa terra e exige irrigação quanto qualquer outra lavoura. A máquina tem materiais 100% resultantes da mineração para sua construção e operação. E imagino que a produtividade seja bem mais baixa que a lavoura convencional.",0,0,0,https://twitter.com/BohnGass/status/1636859339943165952
Lugano,@Luganooribeiro,https://twitter.com/Luganooribeiro/status/1637215660043386880,2023-03-18T22:13:26.000Z,Tu apoia terrorista de extrema esquerda.,0,0,0,https://twitter.com/BohnGass/status/1636859339943165952
Hugo de Almeida Dan,@HugodeAlmeidaD1,https://twitter.com/HugodeAlmeidaD1/status/1637170025999085572,2023-03-18T19:12:06.000Z,Por favor não coma outros alimentos então. Já que não são saudáveis. Come só arroz do MST. Será uma satisfação não atende-lo. Não fazemos questão do seu gosto ou ideologia.,0,0,0,https://twitter.com/BohnGass/status/1636859339943165952
jojoba 66,@Pereira1Joelcio,https://twitter.com/Pereira1Joelcio/status/1636867422136172548,2023-03-17T23:09:39.000Z,Quanto custa o quilo desse arroz pra gente ver quem consegue comprar.,0,0,2,https://twitter.com/BohnGass/status/1636859339943165952
ATLASREVOLTADO,@ATLASREVOLTADO1,https://twitter.com/ATLASREVOLTADO1/status/1637078043226193925,2023-03-18T13:06:35.000Z,invasores de merda!,0,0,0,https://twitter.com/BohnGass/status/1636859339943165952
Marcelo Joris,@MarceloJoris,https://twitter.com/MarceloJoris/status/1637181081207074821,2023-03-18T19:56:01.000Z,"A colheita é muito maior que a facção MST,o agro é o Brasil,o MST é o câncer.",0,0,0,https://twitter.com/BohnGass/status/1636859339943165952
Marcelo João,@joo19_joao,https://twitter.com/joo19_joao/status/1637212989219536897,2023-03-18T22:02:49.000Z,Só faltou informar qual o valor para produção de 1k por hectare. Com certeza pobre não vai comer.,0,0,0,https://twitter.com/BohnGass/status/1636859339943165952
henrique destro,@henriquedestro3,https://twitter.com/henriquedestro3/status/1637414107572740096,2023-03-19T11:21:59.000Z,Hilários!,0,0,0,https://twitter.com/BohnGass/status/1636859339943165952
Maria,@melhornaoser,https://twitter.com/melhornaoser/status/1637582262597296128,2023-03-19T22:30:10.000Z,Melhor não misturar as coisas. Festa da invasão de propriedade e da impunidade também? Pois agricultura orgânica não é privilégio dos “agentes” do MST e é perfeitamente praticada por gente honesta que respeita às leis de propriedade!,0,0,0,https://twitter.com/BohnGass/status/1636859339943165952
eokiko,@eokikobrasil,https://twitter.com/eokikobrasil/status/1637081035862163458,2023-03-18T13:18:29.000Z,Arroz orgânico para os pobres. Faz o L,0,0,0,https://twitter.com/BohnGass/status/1636859339943165952
"JR. Gugu - Brasil Vencerá, Fora Lula!!",@AdemildoJnior1,https://twitter.com/AdemildoJnior1/status/1660393018602536964,2023-05-21T21:11:58.000Z,"Orgânico é sinal de fome, pobre não compra orgânico, custa alto, não tem escala, por tanto não tem preço.    Sem falar que nao se tem garantias da qualidade, da veracidade fa informação.",0,0,0,https://twitter.com/BohnGass/status/1636859339943165952
Weliton Oliveira,@WelitonInfo,https://twitter.com/WelitonInfo/status/1637169330004586499,2023-03-18T19:09:20.000Z,E muito bom tudo isso. Agora só não pode e abandonar ou dividir o Brasil. Muitos agricultores está sofrendo por falto de segurança e por ataques terrorista. Essa é uma das fazendas na Bahia encafifas. @jaqueswagner @Jeronimoba13 @costa_rui @JusticaGovBR,0,0,0,https://twitter.com/BohnGass/status/1636859339943165952
MI recanello,@MiRecanello,https://twitter.com/MiRecanello/status/1636948996718559232,2023-03-18T04:33:48.000Z,Essa fazenda pode ser invadida pelos fazendeiros do MS ?,0,0,0,https://twitter.com/BohnGass/status/1636859339943165952
Denise,@Denise98870719,https://twitter.com/Denise98870719/status/1637152126156648449,2023-03-18T18:00:58.000Z,CPI DO MST JÁ!,0,0,0,https://twitter.com/BohnGass/status/1636859339943165952
Denise,@Denise98870719,https://twitter.com/Denise98870719/status/1637152201670811651,2023-03-18T18:01:16.000Z,FORA COMUNISTAS!,0,0,0,https://twitter.com/BohnGass/status/1636859339943165952
Denise,@Denise98870719,https://twitter.com/Denise98870719/status/1637152331551715330,2023-03-18T18:01:47.000Z,FORA DESGOVERNO LULA!,0,0,0,https://twitter.com/BohnGass/status/1636859339943165952
Denise,@Denise98870719,https://twitter.com/Denise98870719/status/1637152575257554945,2023-03-18T18:02:45.000Z,CPI DO MST JÁ!!,0,0,0,https://twitter.com/BohnGass/status/1636859339943165952
Denise,@Denise98870719,https://twitter.com/Denise98870719/status/1637152737128267776,2023-03-18T18:03:24.000Z,CPI DO MST JÁ!!!,0,0,0,https://twitter.com/BohnGass/status/1636859339943165952
"Mel Bustamante Foco, Fibra, Força e Fé",@melbustamante,https://twitter.com/melbustamante/status/1637434202097344512,2023-03-19T12:41:50.000Z,"DEIXE DE PAPINHO FURADO E DEMAGOGO‼️Que esse seu povinho VÁ TRABALHAR p/COMPRAR SUA TERRA E PARE DE INVADIR A TERRA Q O OUTRO TRABALHOU DURO p/ COMPRAR, GERAR PRODUÇAO!☝️Q o “L” DEVOLVA o $ de seu ROUBO, e DEIXE DE DAR $ do povo  p/DITADORES E DÊ p/ESSA GENTE COMPRAR SUA TERRA!",0,0,2,https://twitter.com/BohnGass/status/1636859339943165952
MarciaH,@marcia_hmc,https://twitter.com/marcia_hmc/status/1637165877186396162,2023-03-18T18:55:36.000Z,Só alegria. Viva o @MST_Oficial,0,0,0,https://twitter.com/BohnGass/status/1636859339943165952
marli,@marli50042322,https://twitter.com/marli50042322/status/1637167448498614275,2023-03-18T19:01:51.000Z,"Vocês invadiram terras, não são confiáveis 🤬",0,0,0,https://twitter.com/BohnGass/status/1636859339943165952
marli,@marli50042322,https://twitter.com/marli50042322/status/1637167509508968448,2023-03-18T19:02:06.000Z,Mentiroso 🤬,0,0,0,https://twitter.com/BohnGass/status/1636859339943165952
marli,@marli50042322,https://twitter.com/marli50042322/status/1637167743186137088,2023-03-18T19:03:01.000Z,"Vocês são invasores de terras produtivas, matam gado, batem nos donos de terra 🤬",0,0,0,https://twitter.com/BohnGass/status/1636859339943165952
@cadaorossi,@cadaorossi,https://twitter.com/cadaorossi1/status/1637136018867384321,2023-03-18T16:56:58.000Z,O Brasil está sendo novamente administrado por um ladrão e sua quadrilha #ForaLula,0,0,0,https://twitter.com/BohnGass/status/1636859339943165952
Sergio,@thomsergio,https://twitter.com/thomsergio/status/1637160516014440448,2023-03-18T18:34:18.000Z,É viável? Quanto custa para produzir? Quem financia? Ou isso é só teatro com dinheiro dos outros?,0,0,0,https://twitter.com/BohnGass/status/1636859339943165952
Carlos Magno,@CarlosM17244219,https://twitter.com/CarlosM17244219/status/1637157509772222465,2023-03-18T18:22:21.000Z,#lulaGovernoDeInclusão,0,0,2,https://twitter.com/BohnGass/status/1636859339943165952
