nome,usuario,idTweet,dataPublicacao,texto,replies,retweets,likes,tweetPai
Silas Sindra Ribeiro,@luanssribeiro,https://twitter.com/luanssribeiro/status/1636782437035393058,2023-03-17T17:31:57.000Z,👏👏👏👏👏👏👏👏👏👏👏👏👏👏👏👏👏👏👏👏👏👏👏👏👏👏👏👏👏👏👏👏👏👏👏👏👏👏👏👏👏👏👏👏👏👏👏👏👏👏👏👏👏👏👏👏👏👏👏👏👏👏👏👏👏👏👏👏👏👏👏👏👏👏👏👏👏👏👏👏👏👏👏👏👏👏👏👏,0,0,0,https://twitter.com/andrefernm/status/1636420404909621261
Vitor,@vitorvpst,https://twitter.com/vitorvpst/status/1636456936550854656,2023-03-16T19:58:32.000Z,Mito sagrado,0,0,0,https://twitter.com/andrefernm/status/1636420404909621261
Abe_,@Abgf_Brasil,https://twitter.com/Abgf_Brasil/status/1636496332872466433,2023-03-16T22:35:05.000Z,"Parabéns André, pela sua postura e maturidade na Câmara dos Deputados! 
Força 🇧🇷👊",0,0,2,https://twitter.com/andrefernm/status/1636420404909621261
fullone,@fabiofullone,https://twitter.com/fabiofullone/status/1636668054955347968,2023-03-17T09:57:26.000Z,@ddl_vid1,1,0,0,https://twitter.com/andrefernm/status/1636420404909621261
DDLVid Bot,@ddl_vid1,https://twitter.com/ddl_vid1/status/1636668092179787776,2023-03-17T09:57:35.000Z,@fabiofullone ✨ Hello @fabiofullone your download link is ready https://ddlvid.com/?id=1636420404909621261…,0,0,0,https://twitter.com/andrefernm/status/1636420404909621261
Adriana Pizelli,@AP3009,https://twitter.com/AP3009/status/1636498712850583554,2023-03-16T22:44:32.000Z,👏👏👏👏👏👏,0,0,1,https://twitter.com/andrefernm/status/1636420404909621261
Seu Vagem,@SeiQsouSeuVagem,https://twitter.com/SeiQsouSeuVagem/status/1636422007305715716,2023-03-16T17:39:44.000Z,CARA DE PAU,6,0,18,https://twitter.com/andrefernm/status/1636420404909621261
Flavio Vieira,@FlavioV07952537,https://twitter.com/FlavioV07952537/status/1636422904891015169,2023-03-16T17:43:18.000Z,"VOCÊ É PAGO PRA ESCREVER POEMAS????????????????????
DESDE QUANDO????????????",9,0,5,https://twitter.com/andrefernm/status/1636420404909621261
Eduardo Black,@Eduardo12383988,https://twitter.com/Eduardo12383988/status/1636434271391891462,2023-03-16T18:28:28.000Z,👏👏👏😎,0,0,7,https://twitter.com/andrefernm/status/1636420404909621261
Cílios Malafaia,@gggeraldojr,https://twitter.com/gggeraldojr/status/1636472816831807488,2023-03-16T21:01:38.000Z,"Só lacrando hein amado, trabalhar que é bom, nada né ? 😎😎😎😎😎😎",3,0,14,https://twitter.com/andrefernm/status/1636420404909621261
KPMusic Radio Gospel,@LOC_ADALBERTO,https://twitter.com/LOC_ADALBERTO/status/1636679666428698626,2023-03-17T10:43:35.000Z,"A picanha vem de #MetaVerso, é virtual. 😁 @nikolas_dm",2,0,1,https://twitter.com/andrefernm/status/1636420404909621261
𝑀𝑢𝑟𝑖𝑛ℎ𝑜,@MurinhoVlogreal,https://twitter.com/MurinhoVlogreal/status/1636424471895523329,2023-03-16T17:49:32.000Z,"@andrefernm,  chama nóis aí inbox que eu tenho uns poemas pra você recitar lá... Tem pro Supreme Talibã Federel, pra globo, de comportamento... Tem pra todo gosto... Chama nóis aí.
Um exemplo aí, compartilha galera: https://murinhovlog.com.br/2021/08/globo-critica-social.html…",2,1,5,https://twitter.com/andrefernm/status/1636420404909621261
Li Liberdade,@Li22liberdade,https://twitter.com/Li22liberdade/status/1636428102275416064,2023-03-16T18:03:57.000Z,Genial 👏🏼👏🏼👏🏼,0,0,10,https://twitter.com/andrefernm/status/1636420404909621261
Marcos Vieira,@Markito_beta,https://twitter.com/Markito_beta/status/1636900770225299458,2023-03-18T01:22:10.000Z,"Me lembro como se fosse hoje, quando meu pai me deu dinheiro pra eu pagar a conta de luz, eu estava indo paga-la , quando vi um sorteio de um carro, e com esse dinheiro comprei um numero, voltei para casa e contei pra ele o que fiz, ele me bateu e me xingou ate a 6° geração...",3,0,1,https://twitter.com/andrefernm/status/1636420404909621261
R Luiz,@RLuiz_72,https://twitter.com/RLuiz_72/status/1636464435031056400,2023-03-16T20:28:20.000Z,"Belo poema, mas a CPMI tem q sair logo!! Já estão fazendo terrorismo no país!!",0,0,0,https://twitter.com/andrefernm/status/1636420404909621261
Cadê o dinheiro que estava aqui?,@DennisonSiquei1,https://twitter.com/DennisonSiquei1/status/1636731185513594881,2023-03-17T14:08:18.000Z,Perfeito !!,0,0,0,https://twitter.com/andrefernm/status/1636420404909621261
Claudio,@Claudiohilarioo,https://twitter.com/Claudiohilarioo/status/1636427831088390148,2023-03-16T18:02:52.000Z,Arrasou.,0,0,9,https://twitter.com/andrefernm/status/1636420404909621261
aparecida,@CiddaJorge,https://twitter.com/CiddaJorge/status/1637118002469453825,2023-03-18T15:45:22.000Z,Faz outro em homenagem ao Rio Grande do Norte e sua governadora,0,0,1,https://twitter.com/andrefernm/status/1636420404909621261
Sueli Figueiredo,@SueliFigueired,https://twitter.com/SueliFigueired/status/1636453287925784578,2023-03-16T19:44:02.000Z,👏🏻👏🏻👏🏻👏🏻👏🏻👏🏻👏🏻👏🏻😄😄😄,0,0,0,https://twitter.com/andrefernm/status/1636420404909621261
Karina,@karinagdani,https://twitter.com/karinagdani/status/1636422946477441024,2023-03-16T17:43:28.000Z,"Excelente! Pode investir na carreira, André!",0,1,18,https://twitter.com/andrefernm/status/1636420404909621261
Pedro Silva,@PedroSi09853477,https://twitter.com/PedroSi09853477/status/1636440709338222592,2023-03-16T18:54:03.000Z,Aprendeu com o grande Patativa. Parabéns.,0,0,3,https://twitter.com/andrefernm/status/1636420404909621261
Caio,@CaioLMacedo,https://twitter.com/CaioLMacedo/status/1636422226336464897,2023-03-16T17:40:36.000Z,Sensacional kkkkkk,0,1,22,https://twitter.com/andrefernm/status/1636420404909621261
Jenny,@Jenifer22711941,https://twitter.com/Jenifer22711941/status/1636430256432136205,2023-03-16T18:12:31.000Z,👏👏👏,0,1,2,https://twitter.com/andrefernm/status/1636420404909621261
Silvana,@Maktub1619,https://twitter.com/Maktub1619/status/1636661986833440769,2023-03-17T09:33:20.000Z,Eu vi um discurso do Boulos falando super bem. Espero que um dia vocês parem de palhaçada. Porque o pobre vai continuar votando no cara que fala que o rico tem que pagar mais imposto. Do que o povo que discursa de peruca ou faz poema.,8,0,10,https://twitter.com/andrefernm/status/1636420404909621261
Ale Gonsalves,@AleGonsalvesV,https://twitter.com/AleGonsalvesV/status/1636439948495671297,2023-03-16T18:51:01.000Z,Me representa! 🥰,0,0,10,https://twitter.com/andrefernm/status/1636420404909621261
Mau Santos,@msantosoriginal,https://twitter.com/msantosoriginal/status/1636631079820853248,2023-03-17T07:30:31.000Z,"Faltou vc fechar a poesia assim:

""SOU DO CEARA, TERRA DO MANDACARU

A MINHA FAMA GANHEI PELO YOUTUBE 

ENSINANDO DEPILAR  O C*U*""",6,1,19,https://twitter.com/andrefernm/status/1636420404909621261
Edu,@edukalt,https://twitter.com/edukalt/status/1636669717342478338,2023-03-17T10:04:03.000Z,Quando vai sair do twitter e propor algum projeto que ajuda o povo?,1,0,7,https://twitter.com/andrefernm/status/1636420404909621261
Fabrício Thomaz,@Fabriiciio_MT,https://twitter.com/Fabriiciio_MT/status/1636422953083498498,2023-03-16T17:43:29.000Z,"Tenho orgulho de ter votado no André. Tá me representando muito bem. Junto com o Nikolas, vai fazer muita diferença no congresso nacional. 

Poema maravilhoso! 👏👏👏👏👏",3,1,77,https://twitter.com/andrefernm/status/1636420404909621261
Flavio,@Flavio49999331,https://twitter.com/Flavio49999331/status/1636488927916720132,2023-03-16T22:05:39.000Z,Esse e meu deputado federal!,0,0,0,https://twitter.com/andrefernm/status/1636420404909621261
Célia Silva,@CliaSil97315479,https://twitter.com/CliaSil97315479/status/1637944769497247745,2023-03-20T22:30:39.000Z,Parabéns 👏👏👏👏👏,0,0,1,https://twitter.com/andrefernm/status/1636420404909621261
Wesley,@Wesleybrandao89,https://twitter.com/Wesleybrandao89/status/1636651789926686720,2023-03-17T08:52:48.000Z,Parabéns @andrefernm  tá dando show.,0,0,0,https://twitter.com/andrefernm/status/1636420404909621261
mari,@marinogs,https://twitter.com/marinogs/status/1636559019815960579,2023-03-17T02:44:10.000Z,Só verdades! 👏👏👏👏👏👏,0,0,1,https://twitter.com/andrefernm/status/1636420404909621261
Ana Lucia,@AnaLuci23264158,https://twitter.com/AnaLuci23264158/status/1636753832070750209,2023-03-17T15:38:17.000Z,Melhor poema que já ouvi.🇧🇷🇧🇷,0,0,1,https://twitter.com/andrefernm/status/1636420404909621261
OLIVEIRA,@sargentooliver,https://twitter.com/sargentooliver/status/1636778591361941517,2023-03-17T17:16:40.000Z,Parabéns,0,0,0,https://twitter.com/andrefernm/status/1636420404909621261
Antônio Hamilton,@AntnioHamilton7,https://twitter.com/AntnioHamilton7/status/1636459879136108548,2023-03-16T20:10:13.000Z,Parabéns. O amor Venceu.... Vamos ver até quando.,0,0,0,https://twitter.com/andrefernm/status/1636420404909621261
Lenice Monteiro Arruda,@arruda_lenice,https://twitter.com/arruda_lenice/status/1636646898458148865,2023-03-17T08:33:22.000Z,"Parabéns , André Fernandes !!! Você mostrando a que veio , e não foi pra brincadeira , deixa o PT com receio , e no Dilmo , dá ""canseira"" ! kkkkk 🇧🇷",0,0,0,https://twitter.com/andrefernm/status/1636420404909621261
Alice Souza22Bolsonaro,@AliceSo57171703,https://twitter.com/AliceSo57171703/status/1636422709717483521,2023-03-16T17:42:31.000Z,Poema realista  parabéns  André Fernandes  nosso  querido  relator da CPMI.,0,0,53,https://twitter.com/andrefernm/status/1636420404909621261
Junior,@Junior35429146,https://twitter.com/Junior35429146/status/1636441737513058336,2023-03-16T18:58:08.000Z,"@andrefernm explica pra gente o que tá acontecendo realmente com a CPMI,  estou vendo vídeos que @rodrigopacheco vai instalar a CPI da Soraya trambique",2,1,9,https://twitter.com/andrefernm/status/1636420404909621261
Elisa,@Elisa53771644,https://twitter.com/Elisa53771644/status/1636436739303587844,2023-03-16T18:38:16.000Z,Ja ri muito com este poema Deputado! 👏🤣,0,0,17,https://twitter.com/andrefernm/status/1636420404909621261
Luiza Maia,@LuizaMa53414948,https://twitter.com/LuizaMa53414948/status/1636511487924617217,2023-03-16T23:35:18.000Z,"Já mostrei a 3 pessoas e cada vez assisto de novo. Muito bom, Deputado, não deixou nada de fora. Parabéns @andrefernm",0,0,47,https://twitter.com/andrefernm/status/1636420404909621261
Jayme Lima Jr,@jaymelimaACP,https://twitter.com/jaymelimaACP/status/1636501431376117760,2023-03-16T22:55:20.000Z,Manda ai seu poema para gente amigo André.,0,0,4,https://twitter.com/andrefernm/status/1636420404909621261
MNascimento,@MNascim16293210,https://twitter.com/MNascim16293210/status/1636700253389717505,2023-03-17T12:05:23.000Z,A câmara realmente virou picadeiro!🤮🤮🤮🤮,0,0,3,https://twitter.com/andrefernm/status/1636420404909621261
Odlavison Azevedo,@odlavisonazeved,https://twitter.com/odlavisonazeved/status/1636423075133620225,2023-03-16T17:43:59.000Z,Vc me representa deputado Deus te abençoe,0,0,8,https://twitter.com/andrefernm/status/1636420404909621261
JoaoPauloRibas,@JoaoPauloRibas4,https://twitter.com/JoaoPauloRibas4/status/1636453287900618761,2023-03-16T19:44:02.000Z,"Hahahaha sensacional , André!!!! Imagino a cara dos quadrilheiros depois disso 😂😂😂😂😂",0,0,25,https://twitter.com/andrefernm/status/1636420404909621261
Helena Martins,@HelenaM11921279,https://twitter.com/HelenaM11921279/status/1636435955958595602,2023-03-16T18:35:10.000Z,"👏👏👏👏👏👏 Arrasouuuu na Literatura de Cordel Cearanês, Conterrâneo Deputado. Que DEUS te abençoe e continue te inspirando nessa luta tão assimétrica. 🇧🇷🤝",0,0,47,https://twitter.com/andrefernm/status/1636420404909621261
catarinareis,@catarinareisKt,https://twitter.com/catarinareisKt/status/1636700470944182272,2023-03-17T12:06:15.000Z,Mto bom @andrefernm! Parabéns pelo trabalho que o senhor está fazendo! Nada melhor do que a ironia pra falar verdades....,1,0,3,https://twitter.com/andrefernm/status/1636420404909621261
Fernando FE,@SouzaFernnan,https://twitter.com/SouzaFernnan/status/1636432505241780244,2023-03-16T18:21:27.000Z,É para aplaudir de pé deputado 👏🏻👏🏻👏🏻👏🏻,0,0,1,https://twitter.com/andrefernm/status/1636420404909621261
Purple_Person,@Purple_person19,https://twitter.com/Purple_person19/status/1636788674007269381,2023-03-17T17:56:44.000Z,@BaixaEssa,1,0,0,https://twitter.com/andrefernm/status/1636420404909621261
Josenia,@Joseniakk1,https://twitter.com/Joseniakk1/status/1636492789176233985,2023-03-16T22:21:00.000Z,@BaixaEssa,1,0,2,https://twitter.com/andrefernm/status/1636420404909621261
Dener Pereira,@DenerRicardo1,https://twitter.com/DenerRicardo1/status/1636534384768557058,2023-03-17T01:06:17.000Z,"Mano, esse cara é demais, ele e o Nikolas são os melhores 😂",3,2,29,https://twitter.com/andrefernm/status/1636420404909621261
Mônica Rocha,@monicapcrl,https://twitter.com/monicapcrl/status/1636591642349039620,2023-03-17T04:53:48.000Z,@sendvidbot,1,0,0,https://twitter.com/andrefernm/status/1636420404909621261
Marly,@Marlycarla1,https://twitter.com/Marlycarla1/status/1636471829400305664,2023-03-16T20:57:42.000Z,Eitaaa!!👏👏👏👏👏👏👏👏👏👏🇧🇷🇧🇷,0,0,1,https://twitter.com/andrefernm/status/1636420404909621261
Pedro,@Pedro03027048,https://twitter.com/Pedro03027048/status/1636422577613619209,2023-03-16T17:42:00.000Z,👏🏼👏🏼👏🏼👏🏼👏🏼🎯🎯,0,0,1,https://twitter.com/andrefernm/status/1636420404909621261
Viviane Damasceno,@Viviane32794959,https://twitter.com/Viviane32794959/status/1636429224675295391,2023-03-16T18:08:25.000Z,Parabéns arrasou no poema.👏👏👏,0,0,1,https://twitter.com/andrefernm/status/1636420404909621261
Iza Oliveira,@izinharrfellice,https://twitter.com/izinharrfellice/status/1636499575845404672,2023-03-16T22:47:58.000Z,"Parabéns @andrefernm, linda poesia com muita realidade nos versos. ""O amor venceu!"". #SQN👏👏👏👏👏👏",0,0,1,https://twitter.com/andrefernm/status/1636420404909621261
Delma,@delmamtv,https://twitter.com/delmamtv/status/1636540654271561729,2023-03-17T01:31:12.000Z,Parabéns !! Mostrou como o amor venceu de uma forma linda kkkkkk👏👏👏👏👏👏👏,0,0,0,https://twitter.com/andrefernm/status/1636420404909621261
R. R. Ramlow,@RRRamlow,https://twitter.com/RRRamlow/status/1636446632345477152,2023-03-16T19:17:35.000Z,Se alguém souber uma boa receita de churrasco de metáfora poste aí!,4,0,15,https://twitter.com/andrefernm/status/1636420404909621261
Sérgio Donizeti,@SrgioDonizeti1,https://twitter.com/SrgioDonizeti1/status/1636423386141212673,2023-03-16T17:45:13.000Z,TEMOS QUE ACREDITAR SEMPRE NO AMOR E PRINCIPALMENTE EM VOCÊS QUE NOS DEFENDEM AÍ EM BRASÍLIA,0,0,0,https://twitter.com/andrefernm/status/1636420404909621261
Wagner leao,@Wagnerleao19,https://twitter.com/Wagnerleao19/status/1636440543935774777,2023-03-16T18:53:23.000Z,@baixaessa,1,0,0,https://twitter.com/andrefernm/status/1636420404909621261
Thiago dos santos,@bensant22,https://twitter.com/bensant22/status/1636703210005045248,2023-03-17T12:17:08.000Z,@BaixaEssa,1,0,0,https://twitter.com/andrefernm/status/1636420404909621261
Tiago,@Tiago85130907,https://twitter.com/Tiago85130907/status/1636535372938194945,2023-03-17T01:10:12.000Z,Top demais 😃 @BaixaEssa,1,0,0,https://twitter.com/andrefernm/status/1636420404909621261
Germano,@Germanopicui,https://twitter.com/Germanopicui/status/1636689817604898819,2023-03-17T11:23:55.000Z,Já raspou o caneco?,0,0,0,https://twitter.com/andrefernm/status/1636420404909621261
Stanley Silva,@StanleySilvaAm,https://twitter.com/StanleySilvaAm/status/1636470119349010434,2023-03-16T20:50:55.000Z,Escorreu a lágrima....,0,0,0,https://twitter.com/andrefernm/status/1636420404909621261
Letícia Frota,@AnaNathliaPinh1,https://twitter.com/AnaNathliaPinh1/status/1636664921667641344,2023-03-17T09:44:59.000Z,"André, votei em vc para isso!!! Sensacional!!👏🏻👏🏻👏🏻👏🏻👏🏻👏🏻",0,0,0,https://twitter.com/andrefernm/status/1636420404909621261
Elizabete,@Elizabemanfrin,https://twitter.com/Elizabemanfrin/status/1636435882356949013,2023-03-16T18:34:52.000Z,Que poema 👏🏼👏🏼👏🏼👏🏼,0,0,4,https://twitter.com/andrefernm/status/1636420404909621261
Nina,@KatianaArajo6,https://twitter.com/KatianaArajo6/status/1636421646599766027,2023-03-16T17:38:18.000Z,Amei o poema ❤️⚘👏👏👏,0,0,13,https://twitter.com/andrefernm/status/1636420404909621261
Vany,@VilaniSilva11,https://twitter.com/VilaniSilva11/status/1636889413446692866,2023-03-18T00:37:02.000Z,Sensacional 😂😂😂😂😂😂😂,0,0,2,https://twitter.com/andrefernm/status/1636420404909621261
Pina_01,@Pauline_Pina01,https://twitter.com/Pauline_Pina01/status/1636700188646559746,2023-03-17T12:05:08.000Z,"Infelizmente preciso dizer: que texto excelente!!!! 
Só digo infelizmente pq é nossa triste realidade e nós de mãos atadas não podemos fazer nada, a não ser rir de nervoso ou chorar de desgosto...",0,1,3,https://twitter.com/andrefernm/status/1636420404909621261
Adriana,@Adriana89341558,https://twitter.com/Adriana89341558/status/1636426578698678275,2023-03-16T17:57:54.000Z,"Votei em você deputado e estou muito satisfeita, parabéns por ser um verdadeiro patriota e lutar pelo povo👏👏🇧🇷🇧🇷",0,0,5,https://twitter.com/andrefernm/status/1636420404909621261
Josimar dos Santos,@Josimar70669494,https://twitter.com/Josimar70669494/status/1636567772246204417,2023-03-17T03:18:57.000Z,Pense num deputado fraco! Uma piada .  Uma pena que o Brasil  não  saiba escolher seus representantes.  É  muito triste ver o dinheiro  do contribuinte  sendo jogado fora.  Pelo bem do Brasil  renuncie  o seu cargo  deputado.,0,0,4,https://twitter.com/andrefernm/status/1636420404909621261
Marcelo,@Marcelojoau,https://twitter.com/Marcelojoau/status/1636662254673207296,2023-03-17T09:34:23.000Z,"A polícia subindo nos postes para destruir as câmeras, por isso o medo da CPMI.",0,1,11,https://twitter.com/andrefernm/status/1636420404909621261
