nome,usuario,idTweet,dataPublicacao,texto,replies,retweets,likes,tweetPai
Acácio Favacho,@AcacioFavacho,https://twitter.com/AcacioFavacho/status/1636795378447048704,2023-03-17T18:23:23.000Z,"Como cidadão e, acima de tudo, como pai me faltam palavras para expressar a indignação a respeito de um crime tão bárbaro. 
Não pode ser mais um número! Não pode ser mais um crime! Temos que dar um BASTA à violência contra nossas crianças!",3,0,0,https://twitter.com/AcacioFavacho/status/1636795301804797955
Susana Santos,@lorenjohnson09,https://twitter.com/lorenjohnson09/status/1653199891814920195,2023-05-02T00:49:03.000Z,"DEPUTADO POR FAVOR MUDE SEU VOTO, HONRE AS PESSOAS O ELEGEU, NAO VAI CONTRAS SEUS ELEITORES, AJUDE O NOSSO PAÍS,  NÃO A PL DA CENSURA, ESTÃO TENTANDO CALAR O POVO BRASILEIRO, NAO FAÇA PARTE DISSO.",0,0,0,https://twitter.com/AcacioFavacho/status/1636795301804797955
Menino do MEP (selo azul),@bob73115463,https://twitter.com/bob73115463/status/1653801163077107713,2023-05-03T16:38:18.000Z,"O DECLINIO DA LIBERDADE DE UM PAÍS É O DECLÍNIO DE SUA PRÓPRIA PROSPERIDADE. 
DIGA NÃO A #PL2630NAO #PL2630NAO #PL2630NAO",0,0,0,https://twitter.com/AcacioFavacho/status/1636795301804797955
