nome,usuario,idTweet,dataPublicacao,texto,replies,retweets,likes,tweetPai
adriano tavares,@Adrianrtavares,https://twitter.com/Adrianrtavares/status/1636170397325377537,2023-03-16T00:59:55.000Z,Assinou a cpmi ou não? Na lista não está seu nome,0,0,3,https://twitter.com/AlexManente23/status/1636017984169754624
Deise maritzan placido,@DeiseMaritzan,https://twitter.com/DeiseMaritzan/status/1636187207739269121,2023-03-16T02:06:43.000Z,Que bom que o senhor assinou a #CPMI08dejaneiro . A justiça precisa ser feita e a verdade prevalecer .,0,0,3,https://twitter.com/AlexManente23/status/1636017984169754624
Alexandre Perrotte,@arperrotte,https://twitter.com/arperrotte/status/1636318131516735488,2023-03-16T10:46:58.000Z,"Um dos nossos maiores interesses é a CPMI do 8 de Janeiro. Quem estiver realmente ao lado de seus eleitores é a favor da abertura da CPMI. O resto é só conversa de político, que não caímos mais.",0,1,3,https://twitter.com/AlexManente23/status/1636017984169754624
Durval,@DurvalJR10,https://twitter.com/DurvalJR10/status/1636695964005089284,2023-03-17T11:48:20.000Z,Obrigado por ter assinado a CPMI do 08 de Janeiro,0,0,0,https://twitter.com/AlexManente23/status/1636017984169754624
Daniela Fernandes,@Daniela62856922,https://twitter.com/Daniela62856922/status/1636523427820630017,2023-03-17T00:22:44.000Z,#voltaconsignado #consignadodeluto,1,1,1,https://twitter.com/AlexManente23/status/1636017984169754624
DALTON,@DALTONRSANTOS,https://twitter.com/DALTONRSANTOS/status/1636664485648781312,2023-03-17T09:43:15.000Z,"Bom dia Sr. Alex, e aí, o senhor já assinou a CPI ???",0,0,1,https://twitter.com/AlexManente23/status/1636017984169754624
BETÃO CRÍTICO,@BetaoCritic0,https://twitter.com/BetaoCritic0/status/1636317088028540930,2023-03-16T10:42:49.000Z,"Desapontado com você ..
Joguei meu voto no lixo . .
Cpmi para você não vale nada.",0,0,0,https://twitter.com/AlexManente23/status/1636017984169754624
Deise maritzan placido,@DeiseMaritzan,https://twitter.com/DeiseMaritzan/status/1636797651940147209,2023-03-17T18:32:25.000Z,"#CPMI08dejaneiro , cadê sua assinatura? Não quer saber a verdade? Não quer justiçaS inocentes que foram presos?",0,0,0,https://twitter.com/AlexManente23/status/1636017984169754624
Nelson F. Witkowski,@NelsonWitkowski,https://twitter.com/NelsonWitkowski/status/1636165317373165569,2023-03-16T00:39:44.000Z,Assinou a CPMI? Ou preferiu 30 moedas?,0,0,0,https://twitter.com/AlexManente23/status/1636017984169754624
ditabruta,@ditabruta,https://twitter.com/ditabruta/status/1637919395216334848,2023-03-20T20:49:49.000Z,"Oi, canalhão, vais para a comitiva de Lula na China? Não deveria ir, não, hein?",0,0,0,https://twitter.com/AlexManente23/status/1636017984169754624
Vascaíno a base de calmantes ✠,@Eduardo82374991,https://twitter.com/Eduardo82374991/status/1636412753580814337,2023-03-16T17:02:58.000Z,"Meus parabéns, deputado! 👏Obrigado por apoiar a CPMI. TMJ",0,0,0,https://twitter.com/AlexManente23/status/1636017984169754624
Rreis,@Rreis83,https://twitter.com/Rreis83/status/1636691302816309248,2023-03-17T11:29:49.000Z,"Pq não assinou a CPI dos ataques ao congresso? Só não assinou quem faz esquema com esse governo corrupto, parabéns 🤡",0,0,0,https://twitter.com/AlexManente23/status/1636017984169754624
DanielKGM,@Danielzin2727,https://twitter.com/Danielzin2727/status/1636493075806552064,2023-03-16T22:22:08.000Z,"Parabéns pelo posicionamento recente sobre a CPMI, deputado. Contamos com o sr.",0,0,0,https://twitter.com/AlexManente23/status/1636017984169754624
Edirvalente,@Edirvalente21,https://twitter.com/Edirvalente21/status/1636965199256207361,2023-03-18T05:38:11.000Z,"Sou de SBC, este é o Alex Manente Deputado por São Paulo que não assinou a CPMI do dia 08 de janeiro , é ficou do lado do Luladrão. Pessoal de SBCampo vms  compartilhar, esse vagabundo, outro traidor.",0,0,0,https://twitter.com/AlexManente23/status/1636017984169754624
Daniela Fernandes,@Daniela62856922,https://twitter.com/Daniela62856922/status/1636523292361121794,2023-03-17T00:22:12.000Z,"São, hoje, 1.7 milhões de correspondentes bancários que podem ficar sem emprego por causa da nova taxa de juros. Além de a medida acabar tendo efeito oposto, se o consignado não tiver viabilidade, leva os aposentados a contratar linhas de crédito com taxas muito maiores,  até 20%",0,0,0,https://twitter.com/AlexManente23/status/1636017984169754624
#MudançasNosRegimentosDoCongresso,@CCConservador,https://twitter.com/CCConservador/status/1636533940830732288,2023-03-17T01:04:31.000Z,#cpmi08janeiro2023 Obrigado a todos os deputados federais e senadores que assinaram!! Um obrigado especial ao deputado @andrefernm  André Fernandes. Estamos muito orgulhosos do senhor. Obrigado ao políticos que apoiaram. #CPMI08dejaneiro,0,0,0,https://twitter.com/AlexManente23/status/1636017984169754624
#MudançasNosRegimentosDoCongresso,@CCConservador,https://twitter.com/CCConservador/status/1636534097802608642,2023-03-17T01:05:08.000Z,"Lista atualizada da CPMI do 8 de janeiro.  Veja se o nome do seu deputado/senador consta nessa lista. Cobre-o, pois as vezes somente a pressão popular é capaz de gerar resultado!  👇🏻  https://drive.google.com/file/d/1e4wud6pWp13sFIKwsYN2qLNKpj7uZ72e/view?usp=sharing… atualização 16 de março de 2023.  @andrefernm",0,0,0,https://twitter.com/AlexManente23/status/1636017984169754624
Luisa Marques,@marquesluissa,https://twitter.com/marquesluissa/status/1653278236942426112,2023-05-02T06:00:22.000Z,"Deputado Alex contamos com você para aprovação da PL2630. Vote SIM para a provação da PL das Fake News. Contamos com você, chega de impunidade!
Se você votar contra leis mais duras na internet iremos lembrar e será teu último mandato! #PL2630SIM",0,0,0,https://twitter.com/AlexManente23/status/1636017984169754624
Euler Taveira,@Eulerdt,https://twitter.com/Eulerdt/status/1636033456885964802,2023-03-15T15:55:46.000Z,"Nossa Família de São Bernardo e Santo Andre, votamos no ALEX.MANENTE 23 para Dep.Federal, para representar o ABC.
Estamos aguardando nossa representação na Assinatura sa CPMI 08 de janeiro.
Vamos Manente, tem que ajudar. Cumpra seu compromisso com seus eleitores",0,0,0,https://twitter.com/AlexManente23/status/1636017984169754624
Elvis Silveira,@elsilveira90,https://twitter.com/elsilveira90/status/1638703829477646337,2023-03-23T00:46:53.000Z,"Sr deputado, ajude a barrar e extinção dos consignados PDL N• 76 de 2023
*CÓDIGO* CD233475464200📱 https://infolegmovel.page.link/gMGFDWrbKpXkjf… 

Agradecemos o apoio!",0,0,0,https://twitter.com/AlexManente23/status/1636017984169754624
