nome,usuario,idTweet,dataPublicacao,texto,replies,retweets,likes,tweetPai
Tininha Souza,@tininhasouzarj,https://twitter.com/tininhasouzarj/status/1636433916071403520,2023-03-16T18:27:03.000Z,Procure Caxias na busca tt. Veja isso .,4,14,29,https://twitter.com/andrefernm/status/1636433526978428949
Médicos Pela Liberdade,@MedicoLiberdade,https://twitter.com/MedicoLiberdade/status/1636433935084208138,2023-03-16T18:27:08.000Z,"Deputado, a manobra que o senador Pacheco está tentando de reviver a CPI do 08/01 da Soraya pode inviabilizar a CPMI que o sr propôs?",1,2,12,https://twitter.com/andrefernm/status/1636433526978428949
R Luiz,@RLuiz_72,https://twitter.com/RLuiz_72/status/1636463196943818780,2023-03-16T20:23:24.000Z,Desarmar e q não foi !!,0,0,0,https://twitter.com/andrefernm/status/1636433526978428949
Seiquebrasiledireita,@Seiquebrasile22,https://twitter.com/Seiquebrasile22/status/1636449747106930692,2023-03-16T19:29:58.000Z,"Manter a pressão, isso aí 🫡🇧🇷",0,0,0,https://twitter.com/andrefernm/status/1636433526978428949
Karina,@karinagdani,https://twitter.com/karinagdani/status/1636434173182263303,2023-03-16T18:28:05.000Z,Queremos mesmo!,0,0,0,https://twitter.com/andrefernm/status/1636433526978428949
Fabiana,@NascimentoBibi,https://twitter.com/NascimentoBibi/status/1636656713771122689,2023-03-17T09:12:22.000Z,"Não desvie do foco, queremos mesmo é a CPI do dia 08 de janeiro, é possível iniciar ainda em março, o que falta?",0,0,0,https://twitter.com/andrefernm/status/1636433526978428949
Roselaine Claudete dos Santos,@RoselaineClaud1,https://twitter.com/RoselaineClaud1/status/1636436585104195621,2023-03-16T18:37:40.000Z,E hj começou ataques lá no Rio  coincidência isso né,0,0,0,https://twitter.com/andrefernm/status/1636433526978428949
JbP,@joabosper,https://twitter.com/joabosper/status/1636444494542323736,2023-03-16T19:09:05.000Z,Devem estar querendo uma intervenção para tirar o foco e o fôlego da CPMI!! 🦖🦖🦖🦖🦖,0,1,1,https://twitter.com/andrefernm/status/1636433526978428949
@IroneGuedes,@IroneGuedes,https://twitter.com/GuedesIrone/status/1636664035725680640,2023-03-17T09:41:28.000Z,Parabéns.,0,0,0,https://twitter.com/andrefernm/status/1636433526978428949
Mallarmé,@HMallarme,https://twitter.com/HMallarme/status/1636436025210699778,2023-03-16T18:35:26.000Z,"Omi, vá procurar uma lavagem de roupa kkkkk",0,0,0,https://twitter.com/andrefernm/status/1636433526978428949
IzaMariaDietrichJaw,@IzaMDJ,https://twitter.com/IzaMDJ/status/1636538130969817090,2023-03-17T01:21:10.000Z,Passagem livre no do Alemão também.,1,1,2,https://twitter.com/andrefernm/status/1636433526978428949
Geni Santos,@GeniFreitasdos3,https://twitter.com/GeniFreitasdos3/status/1636524721553457152,2023-03-17T00:27:53.000Z,Quando vai começar a sessão da CPMI??? Pacheco está fazendo corpo mole e quer dar um jeito de colocar a CPI da Soraya!!!,0,0,0,https://twitter.com/andrefernm/status/1636433526978428949
Sávio Siqueira,@saviosiqueira,https://twitter.com/saviosiqueira/status/1636677756506329088,2023-03-17T10:35:59.000Z,"Kkkkk! Que oposição mais mequetrefe! Parece um monte de ventríloquo! A geração ""copia-cola"". Mas um deputadozinho teletubby de rede social. Precisam melhorar e muito.",0,0,2,https://twitter.com/andrefernm/status/1636433526978428949
Adriana Assumpção,@AdrianaAssumpo6,https://twitter.com/AdrianaAssumpo6/status/1636444065775403025,2023-03-16T19:07:23.000Z,No Rio de Janeiro está acontecendo uma ação orquestrada hj.,0,1,1,https://twitter.com/andrefernm/status/1636433526978428949
AméliaDoBolsonaro,@AmBolsonaro22,https://twitter.com/AmBolsonaro22/status/1636532359322271746,2023-03-17T00:58:14.000Z,"Ótimo trabalho, @andrefernm",0,0,0,https://twitter.com/andrefernm/status/1636433526978428949
João Carlos Forni ∴,@jotaforni,https://twitter.com/jotaforni/status/1636439208767176707,2023-03-16T18:48:05.000Z,"Pode até inventar algum motivo para a visita... a questão é justificar COMO CONSEGUIU ENTRAR sem segurança condizente com o risco... Quem é do Rio sabe o barril de pólvora que é o lugar, para os agentes de segurança do Estado... Quem garantiu a passagem? Como se deu a negociação?",5,4,5,https://twitter.com/andrefernm/status/1636433526978428949
Nicole,@nicolemusg,https://twitter.com/nicolemusg/status/1636688786980581377,2023-03-17T11:19:49.000Z,"Tem que convocar pra Câmara dos Deputados.
Para que se explique para todos",0,0,0,https://twitter.com/andrefernm/status/1636433526978428949
Marina Di Freitas,@DiFreita1,https://twitter.com/DiFreita1/status/1636497916444524544,2023-03-16T22:41:22.000Z,É isso mesmo deputado. N dê descanso a eles. Admiro muito vc e Nikolas. Parabéns,0,0,1,https://twitter.com/andrefernm/status/1636433526978428949
Mordomia_SC,@MORDOMIA_SC,https://twitter.com/MORDOMIA_SC/status/1636462760916557853,2023-03-16T20:21:40.000Z,"Não assistiu a entrevista do ministro?..... Vai pagar mico na cara dura ein. Capaz de virar ""meme"".",2,1,7,https://twitter.com/andrefernm/status/1636433526978428949
Luizhenrique041,@Luizheads041,https://twitter.com/Luizheads041/status/1636699974908952577,2023-03-17T12:04:17.000Z,Foi recolher a grana da biqueira só pode,0,0,0,https://twitter.com/andrefernm/status/1636433526978428949
Leandro Tissiano,@LeandroTissiann,https://twitter.com/LeandroTissiann/status/1636435307116544012,2023-03-16T18:32:35.000Z,🤬🎯,0,3,4,https://twitter.com/andrefernm/status/1636433526978428949
Edgleison,@Edsamail,https://twitter.com/Edsamail/status/1636440541532438528,2023-03-16T18:53:23.000Z,"Ele vai dizer ""fui pq quis"" e vai ficar por isso msm.",2,0,0,https://twitter.com/andrefernm/status/1636433526978428949
Didinali,@FerreiraCardin,https://twitter.com/FerreiraCardin/status/1636496918250438664,2023-03-16T22:37:24.000Z,"Estás porcarias não podem ter um minuto de sossego.
Parabéns",0,0,1,https://twitter.com/andrefernm/status/1636433526978428949
C.,@cristin91524525,https://twitter.com/cristin91524525/status/1636457263589105668,2023-03-16T19:59:50.000Z,Foi dar carta branca?,0,0,1,https://twitter.com/andrefernm/status/1636433526978428949
Claumari.,@Claud565637,https://twitter.com/Claud565637/status/1636437590428532749,2023-03-16T18:41:39.000Z,"Não interessa, o problema  é dele.
Agora o que eu quero saber é, como vai ficar a roubalheira das joias .",0,0,0,https://twitter.com/andrefernm/status/1636433526978428949
Leandro ocsemberg,@leandrocsemberg,https://twitter.com/leandrocsemberg/status/1636565056182796290,2023-03-17T03:08:09.000Z,Acordo comercial.,0,0,0,https://twitter.com/andrefernm/status/1636433526978428949
ℳәᡢ৯ৎഽ,@Mikayuscabelos,https://twitter.com/Mikayuscabelos/status/1636488276277067776,2023-03-16T22:03:04.000Z,"É isso aí, deputado 👏🏾👏🏾👏🏾Tem que usar os mesmos métodos que a esquerda usou nos últimos 4 anos. Tem que partir pra cima. Tem que Judicializar, convocar para esclarecimentos no congresso e usar os artifícios que esta na lei. Vamos usar as mesmas armas que eles usavam.",2,1,2,https://twitter.com/andrefernm/status/1636433526978428949
CPMI S. FRANCISCO URGENTE!,@angelan59870880,https://twitter.com/angelan59870880/status/1636842434691837954,2023-03-17T21:30:22.000Z,"Parabéns 
Mas KD A CPMI DE 8/01??",0,0,0,https://twitter.com/andrefernm/status/1636433526978428949
Marcelo Rodrigues Deus Acima de Tudo,@marceloshalomdf,https://twitter.com/marceloshalomdf/status/1636433719396319251,2023-03-16T18:26:16.000Z,Obrigado Deputado André.... Vamos pra cima,2,0,2,https://twitter.com/andrefernm/status/1636433526978428949
Abigail Silva,@Abigailsilxa,https://twitter.com/Abigailsilxa/status/1636445365929910312,2023-03-16T19:12:33.000Z,"Agora a CPMI tem  que feita rápida pq estão fazendo de td pra barrar ela,com td isso que está acontecendo no RN e agora RJ depois da visitinha do dinossauro,certeza que é pra uma intervenção",2,1,1,https://twitter.com/andrefernm/status/1636433526978428949
Zeca,@Zeca_ITPV,https://twitter.com/Zeca_ITPV/status/1636448728142716930,2023-03-16T19:25:55.000Z,"Carvalho, povo mala. Vai trabalhar,  porra.",0,0,1,https://twitter.com/andrefernm/status/1636433526978428949
Danny,@DanielaSJlle,https://twitter.com/DanielaSJlle/status/1636447839092875276,2023-03-16T19:22:23.000Z,👏👏👏👏,0,0,1,https://twitter.com/andrefernm/status/1636433526978428949
Francisco Bento,@ChicoBentoReasa,https://twitter.com/ChicoBentoReasa/status/1636444867613040640,2023-03-16T19:10:34.000Z,Foi combinar o dia de hoje...,0,0,3,https://twitter.com/andrefernm/status/1636433526978428949
Seu Boston,@SeuBostonn,https://twitter.com/SeuBostonn/status/1636707970489761793,2023-03-17T12:36:03.000Z,Olha a prioridade do deputado 👍🏻Alô povo do Ceará 👀,0,0,0,https://twitter.com/andrefernm/status/1636433526978428949
Rutyana Sobrinho costuras,@RutyanaSobrinho,https://twitter.com/RutyanaSobrinho/status/1636480846763892737,2023-03-16T21:33:32.000Z,"É isso aí, não dá mole não, porque se fosse o contrário eles já estariam fazendo coisa pior.",1,2,4,https://twitter.com/andrefernm/status/1636433526978428949
Marcelo Bueno,@Marcello_Buenno,https://twitter.com/Marcello_Buenno/status/1636532261297192960,2023-03-17T00:57:51.000Z,"Enquanto isso, o Ministro em questão, usa do cargo público que ocupa para AMEAÇAR cidadãos brasileiros que ousaram o questionar! Abuso de poder e assédio processual contra o povo brasileiro! Ele é uma figura pública e está agindo como um DITADOR! 👇",1,3,6,https://twitter.com/andrefernm/status/1636433526978428949
Terra Redonda,@michaelpavoni2,https://twitter.com/michaelpavoni2/status/1636514571685855232,2023-03-16T23:47:33.000Z,Adora fazer fofoquinha?,0,0,0,https://twitter.com/andrefernm/status/1636433526978428949
Alexandre De Souza,@Souza1669,https://twitter.com/Souza1669/status/1636481172908785664,2023-03-16T21:34:50.000Z,"Vc conhece o projeto PAC (programa de aceleração do crescimento)? Pq ele ficou para no governo Bolsonaro e ninguém tomou uma atitude contra tal fato? Se o governo atual vai aonde o povo está é criticado, senão vai é criticado da mesma forma.",0,0,0,https://twitter.com/andrefernm/status/1636433526978428949
JelMaisk 𝔽𝕝𝕒𝕞𝕖𝕟𝕘𝕠𝔽𝕝𝕒𝕥𝕧,@jelmaisk,https://twitter.com/jelmaisk/status/1636540304751747073,2023-03-17T01:29:48.000Z,PCC financiou campanha de Lula do @PT,0,0,0,https://twitter.com/andrefernm/status/1636433526978428949
Ricardão,@RicardoWagnere1,https://twitter.com/RicardoWagnere1/status/1636470120900853761,2023-03-16T20:50:55.000Z,"FICO PREOCUPADO AGORA...
Estamos presos em casa, com medo de andarmos, pelas ruas do Rio de Janeiro.",0,1,1,https://twitter.com/andrefernm/status/1636433526978428949
Maria,@Mariade22201993,https://twitter.com/Mariade22201993/status/1636445746181316609,2023-03-16T19:14:04.000Z,Não de um dia de sossego ao governo deputado.,0,0,0,https://twitter.com/andrefernm/status/1636433526978428949
Marcia Andrade,@MarciaA02722830,https://twitter.com/MarciaA02722830/status/1636439792463298583,2023-03-16T18:50:24.000Z,E agora pelo que fiquei sabendo ta um caos,0,0,0,https://twitter.com/andrefernm/status/1636433526978428949
Van,@VaniseBonna,https://twitter.com/VaniseBonna/status/1636570256608051202,2023-03-17T03:28:49.000Z,E o Rio virou bagunça depois dessa visita. Tem que explicar muito.,0,0,0,https://twitter.com/andrefernm/status/1636433526978428949
Rodrigo Abreu,@rodrigobabh,https://twitter.com/rodrigobabh/status/1636521859402420230,2023-03-17T00:16:31.000Z,Kkkkkkkkkk cortina de fumaça. Jóia? 💎💎💎💎💎,0,0,0,https://twitter.com/andrefernm/status/1636433526978428949
Vinicius V,@VTTi84,https://twitter.com/VTTi84/status/1636494486732693504,2023-03-16T22:27:44.000Z,👏🏻👏🏻👏🏻,0,0,0,https://twitter.com/andrefernm/status/1636433526978428949
viNick_elback,@trismegisto_,https://twitter.com/trismegisto_/status/1636434576808525834,2023-03-16T18:29:41.000Z,kkkk a oposição mais patética que um governo ja teve,0,0,6,https://twitter.com/andrefernm/status/1636433526978428949
"Te Informei, Brasil!",@eunicebrandao_,https://twitter.com/eunicebrandao_/status/1636568859787313155,2023-03-17T03:23:16.000Z,"Amiga, é só ir no Portal da Transparência. Nem precisava a senhora fazer esse circo todo, gata.

Kkkkkkkkk",0,0,0,https://twitter.com/andrefernm/status/1636433526978428949
Adriana carvalho,@Adriana73036466,https://twitter.com/Adriana73036466/status/1636483612609589248,2023-03-16T21:44:32.000Z,"É isso André,tem que usar as mesmas armas e ser rápido,aproveite para acionar o STF e pergunta se o caos faz parte do acordo feito com o molusco,se eles estão gostando do que está acontecendo.",0,1,2,https://twitter.com/andrefernm/status/1636433526978428949
"Diego Nascimento - Direito, Política e Música",@DyegoNascymento,https://twitter.com/DyegoNascymento/status/1636471822953725957,2023-03-16T20:57:41.000Z,Esse Deputado é otário mesmo! hahaha Flávio Dino agora está de conluio com facção criminosa? É isso que vc quer dizer? Lembre do que aconteceu com seu amigo Gabriel Monteiro que acusou um ex-coronel da polícia de ligação com o tráfico.,0,0,1,https://twitter.com/andrefernm/status/1636433526978428949
Fernanda Di Genio,@FernandaDiGenio,https://twitter.com/FernandaDiGenio/status/1636631738867761153,2023-03-17T07:33:08.000Z,Foi recrutar a guarda nacional.,0,0,0,https://twitter.com/andrefernm/status/1636433526978428949
Josi Ribeiro,@Josizezzi,https://twitter.com/Josizezzi/status/1636489763933790210,2023-03-16T22:08:58.000Z,"Tem que se explicar mesmo, e pq a imprensa não pode participar da visita???? Não de sossego a eles por nós",0,1,1,https://twitter.com/andrefernm/status/1636433526978428949
Sophos... e das galáxias,@dasgalaxias2,https://twitter.com/dasgalaxias2/status/1636726318959042560,2023-03-17T13:48:58.000Z,tu é maluco desgraça? o cara não tem mais o direito e ir e vir?,0,0,0,https://twitter.com/andrefernm/status/1636433526978428949
Direito de Resposta,@cassiadirresp,https://twitter.com/cassiadirresp/status/1636522972692226051,2023-03-17T00:20:56.000Z,"Gostaria de sugerir q o deputado comece a trabalhar. Este tipo de informação não é trabalho, insinuar q moradores de favelas são todos bandidos não vai ajudar a eleger-se ou, no seu estado não tem favela.",0,0,2,https://twitter.com/andrefernm/status/1636433526978428949
Amorim,@Amorim1951,https://twitter.com/Amorim1951/status/1636758223540682754,2023-03-17T15:55:44.000Z,"Falta de projetos sérios e próprios leva deputado atrás de fofocas, este legislativo precisa ser repensado, precisa fixar nas necessidades do povo e principalmente da classe trabalhadora deste país. ACORDA LEGISLATIVO, O BRASIL ESPERA TRABALHO E NÃO INTRIGAS  DE COMADRES.",0,0,0,https://twitter.com/andrefernm/status/1636433526978428949
marcos smith,@marcos8193,https://twitter.com/marcos8193/status/1637492831982854144,2023-03-19T16:34:48.000Z,Vc é simplesmente uma piada que elegeram,0,0,0,https://twitter.com/andrefernm/status/1636433526978428949
Vinicius Ferreira de Oliveira,@Viniciu57424069,https://twitter.com/Viniciu57424069/status/1636758657638572032,2023-03-17T15:57:28.000Z,"Compra direto do fornecedor, petralhada na fissura, kkkkk",0,0,0,https://twitter.com/andrefernm/status/1636433526978428949
Wemerson Marreiro,@_wemerson,https://twitter.com/_wemerson/status/1636473468416933891,2023-03-16T21:04:13.000Z,Pra mim tem muito a ver com essa 'visita ilustre'... Ma um hora o jogo vira...,0,0,0,https://twitter.com/andrefernm/status/1636433526978428949
Tulleh Gracco,@tullehgracco,https://twitter.com/tullehgracco/status/1636499442579783684,2023-03-16T22:47:26.000Z,Tá tudo joia.....gillete,0,0,0,https://twitter.com/andrefernm/status/1636433526978428949
Edson Dias,@dias_ecostadias,https://twitter.com/dias_ecostadias/status/1636516704862842881,2023-03-16T23:56:02.000Z,"Não será fácil arrancar dele qualquer justificativa dessa visita, mesmo mentindo.#CPMIdo08deJaneiroJa",0,0,0,https://twitter.com/andrefernm/status/1636433526978428949
Edson Dias,@dias_ecostadias,https://twitter.com/dias_ecostadias/status/1636517095851606017,2023-03-16T23:57:35.000Z,Vai ficar por isso mesmo?,0,1,1,https://twitter.com/andrefernm/status/1636433526978428949
s.schu,@suelyschuab,https://twitter.com/suelyschuab/status/1636437322076962824,2023-03-16T18:40:35.000Z,Fazer o caos para atrasar o congresso,0,2,4,https://twitter.com/andrefernm/status/1636433526978428949
Cléa Ribeiro Ribeiro,@AlcicleaGuimara,https://twitter.com/AlcicleaGuimara/status/1636438452236369924,2023-03-16T18:45:05.000Z,"Tomara que venha uma resposta verdadeira e convincente, né?👏👏",0,0,0,https://twitter.com/andrefernm/status/1636433526978428949
CLA,@CTaiba12,https://twitter.com/CTaiba12/status/1636497226833752064,2023-03-16T22:38:38.000Z,Eu tava assistindo um vídeo no YouTube uma vidente tinha falado que o Flavio dino foi na comunidade fazer aliança com o chefe do tráfico e  a vidente falou outra coisas a mais. Quem quiser ver o vídeo está no YouTube o nome da vidente e aninha da Paraíba,0,0,0,https://twitter.com/andrefernm/status/1636433526978428949
daniel vicente,@danielvicente77,https://twitter.com/danielvicente77/status/1636751751754706946,2023-03-17T15:30:01.000Z,"Bem simples, pq é bandido também, fim da história.",0,0,0,https://twitter.com/andrefernm/status/1636433526978428949
Ivan Monte,@IvanMon89560644,https://twitter.com/IvanMon89560644/status/1636546120028397570,2023-03-17T01:52:55.000Z,KKKKKKKKKKKKKKKKKKKKKKKKKKKKKKKKKK,0,0,0,https://twitter.com/andrefernm/status/1636433526978428949
Miriã Costa,@essenciadelivro,https://twitter.com/essenciadelivro/status/1636866924574384132,2023-03-17T23:07:40.000Z,"O povo quer q a Constituição seja cumprida e que esse bando de bandidos vulgo ""ministres"" saiam do poder.",0,0,0,https://twitter.com/andrefernm/status/1636433526978428949
Teixeira Carvalho,@AngelatCarvalho,https://twitter.com/AngelatCarvalho/status/1636563395448131584,2023-03-17T03:01:34.000Z,"Vou agu@rdar com ans!edade pela r£sposta, claro a verd@deira.",0,0,0,https://twitter.com/andrefernm/status/1636433526978428949
NoFearLady,@ItsMeAgainBR,https://twitter.com/ItsMeAgainBR/status/1636459348120444930,2023-03-16T20:08:07.000Z,"Será q eles vão ignorar ou vão criar mais cortina de fumaça ,como na CPI 8 de Jan?",0,1,1,https://twitter.com/andrefernm/status/1636433526978428949
Rosa Vicente,@Rosavicente2015,https://twitter.com/Rosavicente2015/status/1637076773769814016,2023-03-18T13:01:32.000Z,Parabéns... Pelo menos está tentando,0,0,0,https://twitter.com/andrefernm/status/1636433526978428949
Flavio Vieira,@FlavioV07952537,https://twitter.com/FlavioV07952537/status/1636529495124344835,2023-03-17T00:46:51.000Z,EU ACHO QUE VOCÊ TEM DE IR LÁ PESSOALMENTE PRA VERIFICAR ESSA HISTÓRIA TODA.,0,0,2,https://twitter.com/andrefernm/status/1636433526978428949
#MudançasNosRegimentosDoCongresso,@CCConservador,https://twitter.com/CCConservador/status/1636441572949540869,2023-03-16T18:57:29.000Z,👏👏👏👏👏👏,0,0,1,https://twitter.com/andrefernm/status/1636433526978428949
#MudançasNosRegimentosDoCongresso,@CCConservador,https://twitter.com/CCConservador/status/1636441997056589830,2023-03-16T18:59:10.000Z,Sou da teoria: explicação judiciais sempre!!! 🎯🎯🎯🎯🎯Tem como pedir explicações por via judicial?  ( em qualquer coisa que desgoverno faça).,0,3,6,https://twitter.com/andrefernm/status/1636433526978428949
Marcelo Garcia,@garciarlk,https://twitter.com/garciarlk/status/1636931236852559872,2023-03-18T03:23:14.000Z,"Eles fizeram acordo com o tráfico, e agora, a conta chegou para eles pagarem. O bone do CPX não foi de graça.",0,0,0,https://twitter.com/andrefernm/status/1636433526978428949
André Viana,@AndreAViana2710,https://twitter.com/AndreAViana2710/status/1636763321180516354,2023-03-17T16:16:00.000Z,Queremos saber! Parabéns,0,0,0,https://twitter.com/andrefernm/status/1636433526978428949
Tiberio Amorim,@TCarrah,https://twitter.com/TCarrah/status/1636733429210394624,2023-03-17T14:17:13.000Z,"Vai te lascar, mah..  
Procura uma serventia pro teu emprego.",0,0,0,https://twitter.com/andrefernm/status/1636433526978428949
sempre na critica,@elonbosta,https://twitter.com/elonbosta/status/1636543146753490946,2023-03-17T01:41:06.000Z,Só fazendo fan fic pra eleitor de QI baixo!,0,0,0,https://twitter.com/andrefernm/status/1636433526978428949
Eni Felicio Ferreira,@FelicioEni,https://twitter.com/FelicioEni/status/1636464000350167077,2023-03-16T20:26:36.000Z,Precisa saber também porque misteriosamente após a visita dele Bairros de Duque de Caxias no Rio de Janeiro sobe ataques da facção do Comando Vermelho! Estão queimando ônibus em vários bairros e na Avenida Washington Luiz!!! J,1,2,4,https://twitter.com/andrefernm/status/1636433526978428949
Felipe Correia,@felipeerogerio,https://twitter.com/felipeerogerio/status/1636566972874870784,2023-03-17T03:15:46.000Z,Respeito é pra quem tem rapa caneco.,0,0,0,https://twitter.com/andrefernm/status/1636433526978428949
DÉBORABAHIA,@dheborabahia,https://twitter.com/dheborabahia/status/1636506767013060608,2023-03-16T23:16:32.000Z,Parabéns Deputado! Você representa o povo Nordestino. 👏👏👏👏👏,0,0,1,https://twitter.com/andrefernm/status/1636433526978428949
alexandre ituassu,@ALEXIRON2,https://twitter.com/ALEXIRON2/status/1636548332708405255,2023-03-17T02:01:42.000Z,"Vc tem medo de ir pq milícia e tráfico não se bicam, procura a agenda do ministro, e faz a sua, duvido que tem coragem. Projeto de miliciano.",0,0,0,https://twitter.com/andrefernm/status/1636433526978428949
Mario Porto,@mampor53,https://twitter.com/mampor53/status/1636742566551977989,2023-03-17T14:53:31.000Z,Ao invés de discriminar toda comunidade vá com o ministro numa próxima visita e que vossa excia apresente propostas para melhorias no local.,0,0,0,https://twitter.com/andrefernm/status/1636433526978428949
J.ALVES,@JairAlv26638784,https://twitter.com/JairAlv26638784/status/1636467483480563729,2023-03-16T20:40:26.000Z,Um dos lugares mais perigosos do país ? Esqueceu do complexo da milícia VIVENDAS DA BARRA ?,0,1,4,https://twitter.com/andrefernm/status/1636433526978428949
Paulo Soares,@PauloSoares2011,https://twitter.com/PauloSoares2011/status/1636576345856548864,2023-03-17T03:53:01.000Z,"Rapa caneco, vai trabalhar!",0,0,0,https://twitter.com/andrefernm/status/1636433526978428949
PATRIOTARIO MILITAR,@Pedr0L0b0,https://twitter.com/Pedr0L0b0/status/1636436538740359171,2023-03-16T18:37:29.000Z,VOU REQUERER UMA ANALISE DO VÍDEO PATRIOTA DE COMO RAPAR O TOBA KKKKKKKKKKKKK KKKKKKKKK KKKKKKKKK KKKKKKKKK,2,0,3,https://twitter.com/andrefernm/status/1636433526978428949
jevanallen,@jevanallen1,https://twitter.com/jevanallen1/status/1636525575878635526,2023-03-17T00:31:17.000Z,A vergonha do Ceará...,0,0,0,https://twitter.com/andrefernm/status/1636433526978428949
NoFearLady,@ItsMeAgainBR,https://twitter.com/ItsMeAgainBR/status/1636459437584949260,2023-03-16T20:08:28.000Z,"Mas obrigada ,precisamos que se mantenham firme !",0,0,0,https://twitter.com/andrefernm/status/1636433526978428949
André luiz Andrade,@Andrlui09813354,https://twitter.com/Andrlui09813354/status/1636464095586033676,2023-03-16T20:26:59.000Z,"Deveria pedir ao STF a quebra de todo sigilo para saber o que ocorreu antes, durante e depois daquele episódio ridículo para o Brasil",0,0,0,https://twitter.com/andrefernm/status/1636433526978428949
#MudançasNosRegimentosDoCongresso,@CCConservador,https://twitter.com/CCConservador/status/1636441550493237255,2023-03-16T18:57:23.000Z,👏👏👏👏👏👏👏,0,0,0,https://twitter.com/andrefernm/status/1636433526978428949
castro,@castro478014595,https://twitter.com/castro478014595/status/1636477871374958594,2023-03-16T21:21:43.000Z,"Cadê o STF, sumiu....tomou doriu...",0,0,0,https://twitter.com/andrefernm/status/1636433526978428949
Miriam Farias,@MiriamF08221107,https://twitter.com/MiriamF08221107/status/1636517732194590721,2023-03-17T00:00:07.000Z,"Ele está com as milícias, são amigos dele.",0,0,0,https://twitter.com/andrefernm/status/1636433526978428949
@henriqueriboli,@henriqueriboli,https://twitter.com/henriqueriboli2/status/1636444339550208001,2023-03-16T19:08:28.000Z,Uma visita bem suspeita.,0,0,0,https://twitter.com/andrefernm/status/1636433526978428949
Paulo Cesar Cardoso Pereira,@PauloCe03482355,https://twitter.com/PauloCe03482355/status/1636500362080157696,2023-03-16T22:51:05.000Z,"Acho que ele deveria ir na frente todas as vezes que a polícia fizer uma operação.
Ele sabe como fazer.",0,0,0,https://twitter.com/andrefernm/status/1636433526978428949
Margareth Brazil Was Stolen,@Margareth_Bolso,https://twitter.com/Margareth_Bolso/status/1636437898470801439,2023-03-16T18:42:53.000Z,Isso mesmo! Não dêem sossego pra esse DESGOVERNO COMUNISTA POSTO!,0,0,0,https://twitter.com/andrefernm/status/1636433526978428949
Ronaldo_spbr,@RonaldoSpbr,https://twitter.com/RonaldoSpbr/status/1636485059766099969,2023-03-16T21:50:17.000Z,Poxa,0,0,0,https://twitter.com/andrefernm/status/1636433526978428949
Francisco Anisio de Sousa Sousa,@FranciscoAnis19,https://twitter.com/FranciscoAnis19/status/1636539116585197569,2023-03-17T01:25:05.000Z,"ACHO QUE FOI FALAR, COM O CHEFÃO DO TRAFICO ,DE DROGAS QUE BOLSONARO ESTA FAZENDO, CONCORRENCIA COM A FACÇÃO....🤣😂🤣😂🤣😂🤣😂",0,0,0,https://twitter.com/andrefernm/status/1636433526978428949
Ironilda Martins Pereira,@IronildaMartins,https://twitter.com/IronildaMartins/status/1636479700364062720,2023-03-16T21:28:59.000Z,Obrigada deputado por nos representar 🇧🇷👏,0,0,0,https://twitter.com/andrefernm/status/1636433526978428949
Crenilda Maria Lopes Borges,@BorgesCrenilda,https://twitter.com/BorgesCrenilda/status/1636518112282439682,2023-03-17T00:01:37.000Z,E AS JÓIAS JÁ PROCUROU SABER???,0,0,0,https://twitter.com/andrefernm/status/1636433526978428949
Bruno de Oliveira,@brunodoliveira_,https://twitter.com/brunodoliveira_/status/1636467303574282255,2023-03-16T20:39:43.000Z,"É isso, deputado! 👏",0,0,0,https://twitter.com/andrefernm/status/1636433526978428949
Marilia Loche,@MariliaLoche,https://twitter.com/MariliaLoche/status/1636448238831017984,2023-03-16T19:23:58.000Z,Explicações detalhadas é o mínimo que o povo deve ter.,0,0,0,https://twitter.com/andrefernm/status/1636433526978428949
Fernando César Ribeiro de Faria,@F_Cesar_Faria,https://twitter.com/F_Cesar_Faria/status/1636511064505430016,2023-03-16T23:33:37.000Z,"Cara, ele só foi fazer turismo. Conhecer favela. Algum problema?",0,0,0,https://twitter.com/andrefernm/status/1636433526978428949
Irineu Macedo Jr,@Irineumacedo,https://twitter.com/Irineumacedo/status/1636559602727698435,2023-03-17T02:46:29.000Z,Q piada,0,0,0,https://twitter.com/andrefernm/status/1636433526978428949
Maria Adelaide,@MariaAd33499495,https://twitter.com/MariaAd33499495/status/1636497406056357895,2023-03-16T22:39:20.000Z,"Como você sabe,deputado ,que a Maré é um dos lugares mais perigosos do país? Já morou lá?",0,0,0,https://twitter.com/andrefernm/status/1636433526978428949
Márcio Corsini Tourino,@MarcioTourino,https://twitter.com/MarcioTourino/status/1636843954741051392,2023-03-17T21:36:24.000Z,A agenda doinistro é publica,0,0,0,https://twitter.com/andrefernm/status/1636433526978428949
Herycles Campos,@CamposHerycles,https://twitter.com/CamposHerycles/status/1636453805175742483,2023-03-16T19:46:05.000Z,Fogo neles,0,0,0,https://twitter.com/andrefernm/status/1636433526978428949
Gi,@GildaTeixeira7,https://twitter.com/GildaTeixeira7/status/1636435962132668416,2023-03-16T18:35:11.000Z,Excelente trabalho deputado👏 Pra cima deles!,0,1,2,https://twitter.com/andrefernm/status/1636433526978428949
Dulcinéia Carneiro,@DulceNascimento,https://twitter.com/DulceNascimento/status/1636994097931010048,2023-03-18T07:33:01.000Z,Eu queria saber dessa visita também,0,0,1,https://twitter.com/andrefernm/status/1636433526978428949
marcia iara k harmenon,@MHarmenon,https://twitter.com/MHarmenon/status/1636436083289325568,2023-03-16T18:35:40.000Z,👏🏻👏🏻,0,1,1,https://twitter.com/andrefernm/status/1636433526978428949
Ismar Freitas,@IsmarFreitas1,https://twitter.com/IsmarFreitas1/status/1636530171904704512,2023-03-17T00:49:32.000Z,Tenha vergonha e respeite a maioria das pessoas de bem que moram nas comunidades.,0,0,3,https://twitter.com/andrefernm/status/1636433526978428949
Ederson Rodolfo,@RodolfoEderson,https://twitter.com/RodolfoEderson/status/1636499651103805440,2023-03-16T22:48:16.000Z,"Vc pediu informações sobre as jóias, e outras coisitas da familicia?",0,0,1,https://twitter.com/andrefernm/status/1636433526978428949
Fátima Mazza Lessa,@MazzaLessa,https://twitter.com/MazzaLessa/status/1636544320374206465,2023-03-17T01:45:46.000Z,"Parabéns, jogue duro! 👏👏👏🌻",0,0,1,https://twitter.com/andrefernm/status/1636433526978428949
Liliana Medeiros - Lula presidente eleito,@LilianaMedeiros,https://twitter.com/LilianaMedeiros/status/1637042228248948738,2023-03-18T10:44:16.000Z,"Você está querendo segurar e chacoalhar pra ele, quando ele for ao banheiro, só pode.

Com tantas visitas suspeitas para o Bozo, no Palácio do Planalto, você questiona quando um político visita a favela fora do período de eleições?

Respeita a favela! Respeita o ministro!",1,8,16,https://twitter.com/andrefernm/status/1636433526978428949
Jackson,@Jackson62357231,https://twitter.com/Jackson62357231/status/1636498336512462854,2023-03-16T22:43:02.000Z,"Até agora não fizeram nada para a população, só fazem atacar o governo. Desçam do palanque…",0,0,3,https://twitter.com/andrefernm/status/1636433526978428949
Lili,@lilian_n_c,https://twitter.com/lilian_n_c/status/1636445104125747200,2023-03-16T19:11:31.000Z,Queremos saber mesmo 👏👏👏,0,0,0,https://twitter.com/andrefernm/status/1636433526978428949
Adriano Melo,@meloadriano8,https://twitter.com/meloadriano8/status/1636433955384700933,2023-03-16T18:27:13.000Z,"Você continua raspando o caneco, deputado? Ta esperando a nikole?",0,0,0,https://twitter.com/andrefernm/status/1636433526978428949
Pedonic,@pieroduonijin,https://twitter.com/pieroduonijin/status/1636542912870723585,2023-03-17T01:40:10.000Z,O povo quer saber da CPmi do dia 08 de janeiro.,0,0,0,https://twitter.com/andrefernm/status/1636433526978428949
Luis... S.O.S JESUS,@LuismarSilvaLi2,https://twitter.com/LuismarSilvaLi2/status/1636436437540192288,2023-03-16T18:37:04.000Z,"Tá rolando vários vídeos que só foi ele sair de lá que começaram a atear fogo em veículos e ônibus.

O que houve?
Acordo não cumprido?
Ou foi essa a ordem emanada pelo Dinossauro?",0,0,1,https://twitter.com/andrefernm/status/1636433526978428949
Lisa Herrmann,@lisaherrmann444,https://twitter.com/lisaherrmann444/status/1636725209834061825,2023-03-17T13:44:33.000Z,Queremos saber,0,0,0,https://twitter.com/andrefernm/status/1636433526978428949
Sâmia Petruceli,@GarzedimPetru,https://twitter.com/GarzedimPetru/status/1636454689343414279,2023-03-16T19:49:36.000Z,Ele só precisou conversar com os cumpanheru...,0,0,0,https://twitter.com/andrefernm/status/1636433526978428949
Elder Barroso,@ElderBarroso4,https://twitter.com/ElderBarroso4/status/1636673880315011074,2023-03-17T10:20:35.000Z,O cara é amigo dos amigos.,0,0,0,https://twitter.com/andrefernm/status/1636433526978428949
Catarina Vilhena,@catyvilhena23,https://twitter.com/catyvilhena23/status/1636700990391963649,2023-03-17T12:08:19.000Z,E a CPMI como fica????,0,0,0,https://twitter.com/andrefernm/status/1636433526978428949
Ana Marques,@marquesana_1,https://twitter.com/marquesana_1/status/1636541348659580929,2023-03-17T01:33:57.000Z,Não deem um minuto de sossego a essa gente. Ssbemos quem são. Contamos com vcs.,0,0,0,https://twitter.com/andrefernm/status/1636433526978428949
Diomedes Júnior,@DiomedesJnior1,https://twitter.com/DiomedesJnior1/status/1636916359253688321,2023-03-18T02:24:07.000Z,Vou procurar o q fazer....,0,0,0,https://twitter.com/andrefernm/status/1636433526978428949
Nunes,@Cb64_Nunes,https://twitter.com/Cb64_Nunes/status/1636436705556193280,2023-03-16T18:38:08.000Z,"É isso aí Deputado, não pode dar um minuto d descanso às maracutaias dessa quadrilha PT q voltou a governar o país! Questione tudo! Exatamente ou mais pesada do q essa quadrilha fez com Bolsonaro. E também convoque os outros deputados, alinhados, a questionar tudo! Pressão!",0,0,0,https://twitter.com/andrefernm/status/1636433526978428949
Maria Luiza,@29Rebelatto,https://twitter.com/29Rebelatto/status/1636441153959542789,2023-03-16T18:55:49.000Z,👏👏👏👏,0,0,0,https://twitter.com/andrefernm/status/1636433526978428949
Partido Liberal Passo Fundo RS,@PL_PassoFundo,https://twitter.com/PL_PassoFundo/status/1636487194800947201,2023-03-16T21:58:46.000Z,CPX cupinxa,0,0,0,https://twitter.com/andrefernm/status/1636433526978428949
JC Gonçalves,@JCGonalves3,https://twitter.com/JCGonalves3/status/1637909348839047169,2023-03-20T20:09:54.000Z,"Ué, ruminante ,vai lá na favela. Tá com medo.",0,0,0,https://twitter.com/andrefernm/status/1636433526978428949
Marcia Maria Lopes De Oliveira,@MarciaMariaLo10,https://twitter.com/MarciaMariaLo10/status/1636475957547614215,2023-03-16T21:14:07.000Z,Parabéns! Seja o @randolfeap da direita.,0,0,0,https://twitter.com/andrefernm/status/1636433526978428949
Vinicius,@Biclicius,https://twitter.com/Biclicius/status/1636565267827367939,2023-03-17T03:09:00.000Z,O povo ou o rebanho de gados do bozo quer saber?,0,0,0,https://twitter.com/andrefernm/status/1636433526978428949
Kelly Sena,@KellySe45045829,https://twitter.com/KellySe45045829/status/1636437526251487236,2023-03-16T18:41:24.000Z,Vcs tem que ir no stf la eles resolve,0,0,0,https://twitter.com/andrefernm/status/1636433526978428949
DairleyA,@DairleyA,https://twitter.com/DairleyA/status/1636716133175762946,2023-03-17T13:08:29.000Z,O povo já sabe!! 🤝,0,0,0,https://twitter.com/andrefernm/status/1636433526978428949
m___&,@luz__parameuspe,https://twitter.com/luz__parameuspe/status/1636676233130921985,2023-03-17T10:29:56.000Z,Parabéns 👏👏👏👏,0,0,0,https://twitter.com/andrefernm/status/1636433526978428949
Cris Bolsonaro,@CrisBolsonaro22,https://twitter.com/CrisBolsonaro22/status/1636439409456234526,2023-03-16T18:48:53.000Z,E aí @STF_oficial não vão dar um prazo a esse ministro não??,0,0,0,https://twitter.com/andrefernm/status/1636433526978428949
𝑮 𝒂 𝒗 𝒂 𝒏 𝒔 𝒌 𝒚,@Gavansky,https://twitter.com/Gavansky/status/1636461184814657537,2023-03-16T20:15:25.000Z,Parabéns pelo trabalho que vem realizando! 🙏🏼👏🏻👏🏻,0,1,1,https://twitter.com/andrefernm/status/1636433526978428949
Ana Paula,@AnaPr1981,https://twitter.com/AnaPr1981/status/1637209703032795137,2023-03-18T21:49:45.000Z,Isso!!!,0,0,0,https://twitter.com/andrefernm/status/1636433526978428949
Nysse Olivetto,@NysseOlivetto,https://twitter.com/NysseOlivetto/status/1636537429346725895,2023-03-17T01:18:23.000Z,Um bom governo trabalha junto às necessidades do seu povo.  Parabéns ministro Dino!,0,0,0,https://twitter.com/andrefernm/status/1636433526978428949
Edilson Saboia SEP,@EdilsonSaboia,https://twitter.com/EdilsonSaboia/status/1636436719602991104,2023-03-16T18:38:12.000Z,"Meu caro amigo , fácil esta, foi lá receber mais ordens ! No Brasil , sendo sincero , O CRIME COMPENSA!",0,1,2,https://twitter.com/andrefernm/status/1636433526978428949
Jobson Moura,@JobsonMoura2,https://twitter.com/JobsonMoura2/status/1637126722666606592,2023-03-18T16:20:01.000Z,Pra cima desses larápios irmão...,0,0,0,https://twitter.com/andrefernm/status/1636433526978428949
Julimar,@JGPLtricolor,https://twitter.com/JGPLtricolor/status/1636513536732954626,2023-03-16T23:43:26.000Z,Que isso pessoal! O Seu Barriga foi só cobrar o aluguel.,0,0,0,https://twitter.com/andrefernm/status/1636433526978428949
Marco Berrêdo,@berredo_marco,https://twitter.com/berredo_marco/status/1636458949502181382,2023-03-16T20:06:32.000Z,Parabéns!!! É isso que a direita tem que fazer...👏👏👏👏,0,0,0,https://twitter.com/andrefernm/status/1636433526978428949
ISOLSOUZA,@IVENSSOLER,https://twitter.com/IVENSSOLER/status/1636469549301112833,2023-03-16T20:48:39.000Z,👏👏👏👏👏🙏,0,0,0,https://twitter.com/andrefernm/status/1636433526978428949
CDBS,@cinaradebemsil2,https://twitter.com/cinaradebemsil2/status/1636434208561217552,2023-03-16T18:28:13.000Z,É uma troca entre comparsas!? Misericórdia só no Brasil !?😳😳😳,0,0,0,https://twitter.com/andrefernm/status/1636433526978428949
PERDEU MANÉ,@MANESEMDENTE,https://twitter.com/MANESEMDENTE/status/1636536040771969025,2023-03-17T01:12:52.000Z,Vão dizer que não sabiam de nada,0,0,0,https://twitter.com/andrefernm/status/1636433526978428949
Carolwin,@Carolwin7,https://twitter.com/Carolwin7/status/1636445317879963662,2023-03-16T19:12:22.000Z,Parabéns Deputado André Fernandes.. 👏👏👏,0,0,4,https://twitter.com/andrefernm/status/1636433526978428949
rleitefilho,@rleitefilho1,https://twitter.com/rleitefilho1/status/1636433992491646983,2023-03-16T18:27:21.000Z,"Pqp, kkkkkkkkk. A direita brasileira ""trabalhando""",0,0,1,https://twitter.com/andrefernm/status/1636433526978428949
PATRIOTARIO MILITAR,@Pedr0L0b0,https://twitter.com/Pedr0L0b0/status/1636437088273874974,2023-03-16T18:39:40.000Z,E A DIREITA CONSEGUIU ELEGER OS MAIS IDIOTAS PRA FAZER OPOSIÇÃO AO LULA KKKKKKKKKKK PROXIMA ELEIÇÃO É 2030 VIU,0,0,17,https://twitter.com/andrefernm/status/1636433526978428949
Michele Melo,@Michele33878914,https://twitter.com/Michele33878914/status/1636478917388169216,2023-03-16T21:25:52.000Z,"Esse desgoverno não dá trégua, não tem um dia de paz, misericórdia.",0,1,2,https://twitter.com/andrefernm/status/1636433526978428949
Dora Porto Ferreira,@DoraPortoFerre1,https://twitter.com/DoraPortoFerre1/status/1636441634307989504,2023-03-16T18:57:43.000Z,"Os bandidos depois da visita, estão colocando o terror no RJ",2,1,2,https://twitter.com/andrefernm/status/1636433526978428949
Origh International,@OrighInter,https://twitter.com/OrighInter/status/1636495935051005955,2023-03-16T22:33:30.000Z,🇧🇷🛡️ℹ️Brazil,0,1,1,https://twitter.com/andrefernm/status/1636433526978428949
Edneia Santos,@EdneiaScanto,https://twitter.com/EdneiaScanto/status/1636463921199456283,2023-03-16T20:26:17.000Z,Parabéns 🇧🇷,0,0,3,https://twitter.com/andrefernm/status/1636433526978428949
Teresa Monteiro,@tessmonte,https://twitter.com/tessmonte/status/1637072231917338624,2023-03-18T12:43:30.000Z,Isso! Continue fazendo essa bosta de oposição.,0,0,0,https://twitter.com/andrefernm/status/1636433526978428949
Klebãão Moreira,@KlebaaoMoreira,https://twitter.com/KlebaaoMoreira/status/1636496240933232643,2023-03-16T22:34:43.000Z,"Dino foi lá pra desarmar os Cupinxas... será?
Hahahahahahaha 😁Rir pra não infartar 
Onde tem PT,  Esquerdopatas e petralhas só tem coisas erradas e muitos prejuízos pra população de bem. Esquerda adora a pobreza, ela se alimenta dela",0,2,3,https://twitter.com/andrefernm/status/1636433526978428949
Liliana Medeiros - Lula presidente eleito,@LilianaMedeiros,https://twitter.com/LilianaMedeiros/status/1637043022083891201,2023-03-18T10:47:25.000Z,"O deputado golpista vai usar o mandato para amplificar fakes e teorias da conspiração?
Inútil, nefasto, não pagamos teu salário para que fique encenando!",0,0,0,https://twitter.com/andrefernm/status/1636433526978428949
Henri Victor,@HenriVictor13,https://twitter.com/HenriVictor13/status/1638125811038408704,2023-03-21T10:30:02.000Z,Que tal você trabalhar e deixar de ser um inútil ?,0,0,0,https://twitter.com/andrefernm/status/1636433526978428949
Carlos Augusto Grion,@cgrion,https://twitter.com/cgrion/status/1636440666640138242,2023-03-16T18:53:53.000Z,"Sim, exatamente. 
QUEREMOS FAZER SABER O QUE UM FUNCIONÁRIO PAGO COM MEU DINHEIRO ESTA FAZENDO EM LOCAL COMUMENTE FREQUENTADO POR NARCOTRAFICANTES.",0,0,1,https://twitter.com/andrefernm/status/1636433526978428949
Cris,@CrisTobias15,https://twitter.com/CrisTobias15/status/1636507925056217092,2023-03-16T23:21:08.000Z,"Deputado vcs foram eleitos para salvaguarda do nosso país, por favor nos salvem dessa desgraça de esquerda maldita",0,0,0,https://twitter.com/andrefernm/status/1636433526978428949
Maria Jane de souza,@MariaJanedesou5,https://twitter.com/MariaJanedesou5/status/1636535361345138694,2023-03-17T01:10:10.000Z,Como diz o meu querido Dino ele não tem medo miliciano milicianinho Enem puxa saco de miliciano vai te catar vai trabalhar pro povo que paga muito bem a vcs chega de palhaçada .,0,0,0,https://twitter.com/andrefernm/status/1636433526978428949
Valdilei Correia,@ValdileiCorrei2,https://twitter.com/ValdileiCorrei2/status/1636510078093209600,2023-03-16T23:29:42.000Z,"Sobre o vizinho do Bolsonaro que matou a Mariele depois de sair da casa do Bozo, você fez algum requerimento?",0,0,0,https://twitter.com/andrefernm/status/1636433526978428949
Iolanda Pereira de Souza,@Iolanda95295758,https://twitter.com/Iolanda95295758/status/1636677500724998144,2023-03-17T10:34:58.000Z,O povo sabe o que ele foi fazer.,0,0,0,https://twitter.com/andrefernm/status/1636433526978428949
Elizabeth,@elizabe23716458,https://twitter.com/elizabe23716458/status/1636443304886665216,2023-03-16T19:04:22.000Z,"Urgente!! Urgente!! A visita do Dinossauro, já surtiu efeitos👀 Bairros de Duque de Caxias no Rio de Janeiro sobe ataques da facção do Comando Vermelho! Estão queimando ônibus em vários bairros e na Avenida Washington Luiz!!! Já são varios ônibus queimados🚨🚨😳😳",0,1,3,https://twitter.com/andrefernm/status/1636433526978428949
Luiz Lemos,@LuizLem34195627,https://twitter.com/LuizLem34195627/status/1636517295093604354,2023-03-16T23:58:22.000Z,Vai trabalhar homem! Aproveita que agora você tem um Presidente de verdade . Aprenda o máximo. Não perca tempo!,0,0,1,https://twitter.com/andrefernm/status/1636433526978428949
Felipe Cortes Moura,@FelipeCortesIII,https://twitter.com/FelipeCortesIII/status/1638683828041515008,2023-03-22T23:27:24.000Z,Só acessar o site do governo federal que lá explica o motivo da visita ao complexo da maré. Só ler notícias e sair do mundo da alienação como por exemplo depilação dos canais foçais.,0,0,0,https://twitter.com/andrefernm/status/1636433526978428949
Silvio,@silviort,https://twitter.com/silviort/status/1636691513601056768,2023-03-17T11:30:39.000Z,"Traficante é tudo de ruim, mas não é burro. Ele quer sossego para sua região. A troco de quê vai atirar em um ministro federal?",0,0,0,https://twitter.com/andrefernm/status/1636433526978428949
Vitor Souza,@vs062785,https://twitter.com/vs062785/status/1636463254414172168,2023-03-16T20:23:38.000Z,"A PF tbm qr sabe a sua participação no dia 8 de janeiro, criminoso 💎 💎 💎 💎",0,1,1,https://twitter.com/andrefernm/status/1636433526978428949
JB,@BarbJanny,https://twitter.com/BarbJanny/status/1636434206715723821,2023-03-16T18:28:13.000Z,Certíssimo. Os comunistas não poderão ter sossego.,0,0,0,https://twitter.com/andrefernm/status/1636433526978428949
EU NÃO VOTEI EM LADRÃO!,@Limaolo80,https://twitter.com/Limaolo80/status/1636454200493080576,2023-03-16T19:47:39.000Z,"Será que foi ""acertar"" o cumprimento das promessas de campanha feitas ao CPX?
Lembrando que a @PMERJ só entra nesses locais em seus caveirões blindados!
E o Ministro @FlavioDino , um alvo daquele tamanho, passeia tranquilo, sem escolta nenhuma? Aí tem!",0,0,0,https://twitter.com/andrefernm/status/1636433526978428949
TA TODO MUNDO DOIDO OBA,@GIBA1966,https://twitter.com/GIBA1966/status/1636454465199808517,2023-03-16T19:48:43.000Z,O povo quer saber das Joias Mane,0,0,0,https://twitter.com/andrefernm/status/1636433526978428949
JB da esquerda.,@Joaofilho1210,https://twitter.com/Joaofilho1210/status/1636480248647757824,2023-03-16T21:31:10.000Z,"Vai trabalhar pelo povo,para com essa picuinha.",0,0,0,https://twitter.com/andrefernm/status/1636433526978428949
Mayckon Prado,@mayckonprado,https://twitter.com/mayckonprado/status/1636456235745550361,2023-03-16T19:55:45.000Z,"Levantem hashtags, precisamos pressionar por tudo! #dinonocpxpq #dinonamarepq #dinonamare #cadeacpmi #pachecoacpmi",0,0,0,https://twitter.com/andrefernm/status/1636433526978428949
Daniel Maia,@DanielMaia1979,https://twitter.com/DanielMaia1979/status/1636437378473574408,2023-03-16T18:40:49.000Z,Deveria ter aberto um requerimento para investigar as armas encontradas no condomínio que o genocida morava,0,0,0,https://twitter.com/andrefernm/status/1636433526978428949
Carvalho Nunes,@carvalho_nunes2,https://twitter.com/carvalho_nunes2/status/1636454689926701056,2023-03-16T19:49:36.000Z,#obrasilfoiroubado,0,0,0,https://twitter.com/andrefernm/status/1636433526978428949
Joao Do Canto,@JoaoDoCanto4,https://twitter.com/JoaoDoCanto4/status/1636471151227535360,2023-03-16T20:55:01.000Z,"Ele foi trabalhar, porque o estado tem o dever de trabalhar nas comunidades tbm, e você vá trabalhar vagabundo, eu sei que você não tem capacidade de porra nem uma pra fazer um projeto, deixa os outros trabalhar.",0,0,1,https://twitter.com/andrefernm/status/1636433526978428949
Scott 7♤,@Oliveir51727602,https://twitter.com/Oliveir51727602/status/1636977862195523584,2023-03-18T06:28:30.000Z,Ele já respondeu imbecil..,0,0,0,https://twitter.com/andrefernm/status/1636433526978428949
Cloves Reges,@Regesmaia,https://twitter.com/Regesmaia/status/1636698916056907779,2023-03-17T12:00:04.000Z,O preconceito dos fascistas com pobre é uma coisa nojenta. Graças a Deus essa corja não conseguiu sucesso na reeleição do Cbozo. #BolsonaroNaCadeia,0,0,1,https://twitter.com/andrefernm/status/1636433526978428949
Feitosa Melo,@FeitosaMelo1959,https://twitter.com/FeitosaMelo1959/status/1636477142929211397,2023-03-16T21:18:49.000Z,"Só lembrar ao deputado rapacú, que o sr. ministro não lhe deve explicações,...
Já você, ainda não explicou seu apoio aos atos terroristas do 8 de janeiro... 
O XANDÃO LHE AGUARDA!",1,0,0,https://twitter.com/andrefernm/status/1636433526978428949
WILSON RILDO,@WilsonRildo,https://twitter.com/WilsonRildo/status/1636456107336933383,2023-03-16T19:55:14.000Z,Quanta imbecilidade não?,0,0,1,https://twitter.com/andrefernm/status/1636433526978428949
Fábio Amaral Machado,@AmaralmachadoF,https://twitter.com/AmaralmachadoF/status/1637047868887318528,2023-03-18T11:06:41.000Z,Vc é um nada.,0,0,0,https://twitter.com/andrefernm/status/1636433526978428949
Ailton Lopes,@ailtonlopes77,https://twitter.com/ailtonlopes77/status/1636499157304090624,2023-03-16T22:46:18.000Z,"Vai trabalhar vagabundo, o que vc fez até hoje pelo Ceará??!! Mostra os projetos aprovados, alguma coisa que vc fez em prol do povo cearense seu babaca!!",0,0,0,https://twitter.com/andrefernm/status/1636433526978428949
DH,@HelerDimitri,https://twitter.com/HelerDimitri/status/1636504533235843072,2023-03-16T23:07:40.000Z,"Quem trabalha pelo país precisa ir, olhar, conhecer e ver a realidade, e não ficar no escritório... Se trabalhasse saberia que bandido não sai matando autoridades na frente de todo mundo. E o senhor, já trabalhou por mais empregos, contra a fome, pela educação e pela saúde hoje?",0,0,0,https://twitter.com/andrefernm/status/1636433526978428949
Domm,@DomDotado,https://twitter.com/DomDotado/status/1636713311826739203,2023-03-17T12:57:16.000Z,"Quem é vc, imbecil? ninguém nunca ouviu falar de vc.",0,0,0,https://twitter.com/andrefernm/status/1636433526978428949
Xand,@_Alexand_1,https://twitter.com/_Alexand_1/status/1636514922593935361,2023-03-16T23:48:57.000Z,e daí? ele andar em comunidades? qual o problema?,0,0,0,https://twitter.com/andrefernm/status/1636433526978428949
JEFERSON MEDEIROS,@JEFERSO78441756,https://twitter.com/JEFERSO78441756/status/1636502307092193280,2023-03-16T22:58:49.000Z,Quanta inutilidade. Quem quer saber é a extrema-direita que ainda não digeriu a derrota. Vaza!,0,0,0,https://twitter.com/andrefernm/status/1636433526978428949
taquepariu #perdeumane,@Tatratratrata,https://twitter.com/Tatratratrata/status/1636532143974129669,2023-03-17T00:57:23.000Z,Vai trabalhar vagabundo,0,0,0,https://twitter.com/andrefernm/status/1636433526978428949
fala turminha,@Robson52586138,https://twitter.com/Robson52586138/status/1636506437776994310,2023-03-16T23:15:14.000Z,Ainda dá aula de como raspa o c kkkkkk Brasil merece esses políticos,0,0,0,https://twitter.com/andrefernm/status/1636433526978428949
@GambePolitizado,@GambePolitizado,https://twitter.com/EvertonSantAlme/status/1636673038581153793,2023-03-17T10:17:14.000Z,PEDINDO EXPLICAÇÕES POR UM POLÍTICO TER IDO EM UM LUGAR ONDE TODOS VOCÊS MAMADORES DEVERIAM ESTAR DIARIAMENTE.,0,0,0,https://twitter.com/andrefernm/status/1636433526978428949
Bela,@Belagardo,https://twitter.com/Belagardo/status/1636513779239231490,2023-03-16T23:44:24.000Z,Entendo. TUDO JÓIA,0,0,0,https://twitter.com/andrefernm/status/1636433526978428949
