nome,usuario,idTweet,dataPublicacao,texto,replies,retweets,likes,tweetPai
Marcelo,@de_corenza,https://twitter.com/de_corenza/status/1637772412564504576,2023-03-20T11:05:46.000Z,"E o pix tem taxa!  

Bom dia.",0,0,0,https://twitter.com/BohnGass/status/1637767355240534017
ABI,@ABII32561483,https://twitter.com/ABII32561483/status/1637867970524225537,2023-03-20T17:25:28.000Z,"O Br há mais de 15 anos tem excesso de médicos, nunca faltou médico no interior, desde que houvesse condições de trabalho e pagamento garantido, os prefeitos ofereciam salário ""alto"" e depois de um mês paravam de pagar, contratar Cubanos é corrupção, que seja com Brasileiros",0,0,0,https://twitter.com/BohnGass/status/1637767355240534017
Humberto de Alencar,@HumbertodeAlen4,https://twitter.com/HumbertodeAlen4/status/1637768867924660224,2023-03-20T10:51:41.000Z,🤩👏,0,0,0,https://twitter.com/BohnGass/status/1637767355240534017
ABI,@ABII32561483,https://twitter.com/ABII32561483/status/1637868360833589258,2023-03-20T17:27:02.000Z,"Agora o programa tem muito a melhorar, tem que haver melhor interação com hospitais, o médico não pode ser ""avaliado"" ou ""supervisionado"" (!) por enfermeiros, isso é o maior absurdo, outra, 50% das faculdades do país são de péssima qualidade e deveriam ser fechadas",0,0,0,https://twitter.com/BohnGass/status/1637767355240534017
