nome,usuario,idTweet,dataPublicacao,texto,replies,retweets,likes,tweetPai
PC,@paulocacciari,https://twitter.com/paulocacciari/status/1637267899516583936,2023-03-19T01:41:00.000Z,"Imagina o tanto que a JBS vai fazer de negócios! Mas antes de ir podiam pagar o Bilhão que ofereceram em acordo judicial por corrupção no governo do PT, não acha?",0,0,1,https://twitter.com/BohnGass/status/1637092911132147714
Juney Reis,@juneyreis,https://twitter.com/juneyreis/status/1637180373812625409,2023-03-18T19:53:13.000Z,"Ele está levando os irmãos Joesley ""campeões nacionais"" junto? Parece que sim né! O corrupto não aprendeu nada em Curitiba, vai voltar rapidinho.",0,0,0,https://twitter.com/BohnGass/status/1637092911132147714
NEY@GOMES,NEY@GOMES,https://twitter.com/NEYGOME13366332/status/1637274767144230919,2023-03-19T02:08:18.000Z,Piada... Ladrão que rouba ladrão tem cem anos de perdão.,0,0,0,https://twitter.com/BohnGass/status/1637092911132147714
joaquim,@quimrj,https://twitter.com/quimrj/status/1637151787416264704,2023-03-18T17:59:37.000Z,"Com certeza, os irmãos Batista agradecem.",0,0,1,https://twitter.com/BohnGass/status/1637092911132147714
Eduardo,@EduardoPersona4,https://twitter.com/EduardoPersona4/status/1637423687837052929,2023-03-19T12:00:03.000Z,"Ele está levando os irmãos Joesley ""campeões nacionais"" junto? Parece que sim né! O corrupto não aprendeu nada em Curitiba, vai voltar rapidinho.",0,0,0,https://twitter.com/BohnGass/status/1637092911132147714
Os Brutos Também Amam,@lavorero,https://twitter.com/lavorero/status/1637273805105004544,2023-03-19T02:04:28.000Z,Vocês vão vender o Brasil na bacia das almas só pra levar propina. É Histórico.,0,0,0,https://twitter.com/BohnGass/status/1637092911132147714
MenteLiberdade,@Menteliberdade,https://twitter.com/Menteliberdade/status/1637407178741936128,2023-03-19T10:54:27.000Z,"Isso, é uma democracia, não poluem, não desmatam, respeitam os direitos dos trabalhadores e os direitos humanos. Sem contar a liberdade de imprensa. Se não fosse assim o lulopetismo com certeza criticaria.",0,0,0,https://twitter.com/BohnGass/status/1637092911132147714
ivanovitchstos,@ivanovitchstos,https://twitter.com/ivanovitchstos/status/1637246122178625537,2023-03-19T00:14:28.000Z,Blog do Ivanovitch 2: (CANDIDATO AO PRÊMIO NOBEL DE LITERATURA): os deuses do mercado estão nus: http://blogdoivanovitch.blogspot.com/2023/03/os-deuses-do-mercado-estao-nus.html…,0,0,0,https://twitter.com/BohnGass/status/1637092911132147714
