nome,usuario,idTweet,dataPublicacao,texto,replies,retweets,likes,tweetPai
Fabi,@FabiSantiago8,https://twitter.com/FabiSantiago8/status/1637239900062859264,2023-03-18T23:49:45.000Z,Obrigada @RodrigoCunhaAL,0,0,1,https://twitter.com/andrefernm/status/1637219739536596994
Eduardo Black,@Eduardo12383988,https://twitter.com/Eduardo12383988/status/1637222216977752064,2023-03-18T22:39:29.000Z,Pra cima! 👊 🇧🇷🇧🇷🇧🇷,0,0,0,https://twitter.com/andrefernm/status/1637219739536596994
Priscila Prestes,@priiprestes,https://twitter.com/priiprestes/status/1637269558460313601,2023-03-19T01:47:36.000Z,"E não tem como os deputados e senadores recorrer ao judiciário? O não já tem dos togados, mas bora incomodar esses caras",0,1,2,https://twitter.com/andrefernm/status/1637219739536596994
Cadê o dinheiro que estava aqui?,@DennisonSiquei1,https://twitter.com/DennisonSiquei1/status/1637226934332452864,2023-03-18T22:58:14.000Z,Pacheco está 💩,0,0,0,https://twitter.com/andrefernm/status/1637219739536596994
Sueli Figueiredo,@SueliFigueired,https://twitter.com/SueliFigueired/status/1637226588105326594,2023-03-18T22:56:51.000Z,👏🏻👏🏻👏🏻👏🏻👏🏻👏🏻👏🏻👏🏻👏🏻👏🏻👏🏻👏🏻👏🏻👏🏻👏🏻👏🏻👏🏻👏🏻👏🏻👏🏻👏🏻👏🏻👏🏻👏🏻🇧🇷🇧🇷🇧🇷🇧🇷🇧🇷🇧🇷🗽🗽🗽🗽🗽🗽🗽🗽🗽🗽🗽😈😈😈😈    Vade retro !!!!     ✝️✝️✝️✝️✝️🙏🏻🙏🏻🙏🏻🙏🏻🙏🏻,0,0,0,https://twitter.com/andrefernm/status/1637219739536596994
C@rl@P,C@rl@P,https://twitter.com/PescadorCarla/status/1637459736172847110,2023-03-19T14:23:18.000Z,Queremos a verdade 🙏🇧🇷💚,0,0,0,https://twitter.com/andrefernm/status/1637219739536596994
Chadia A. Ahmad,@ManhaBella,https://twitter.com/ManhaBella/status/1637228093155803140,2023-03-18T23:02:50.000Z,"@SenadoFederal @rodrigopacheco @ArthurLira_ 
Vcs são mandatários, e não mandantes. Cumpram a vontade popular, especialmente senhor @rodrigopacheco. Foi eleito prometendo que haveria apuração dos atos do dia 08/01. Cumpra.",3,3,23,https://twitter.com/andrefernm/status/1637219739536596994
𝕸𝖆𝖗𝖎𝖘𝖆,@10Liberdade,https://twitter.com/10Liberdade/status/1637548916957741058,2023-03-19T20:17:40.000Z,"André, Pacheco está pedindo 142 ao STF para o RN e enquanto isso estiver acontecendo não poderá acontecer a CPMI, procede??? 😳",0,0,0,https://twitter.com/andrefernm/status/1637219739536596994
Malya,@MrciaRo99063017,https://twitter.com/MrciaRo99063017/status/1637237404099657732,2023-03-18T23:39:50.000Z,Será que seria esse o motivo P Rodrigo Pacheco continuar omisso?,0,0,0,https://twitter.com/andrefernm/status/1637219739536596994
JbP,@joabosper,https://twitter.com/joabosper/status/1637224548125818882,2023-03-18T22:48:45.000Z,"Pachecuzaaaão está ganhando tempo para o molusco oferecer mais dindin e cargos para os parlamentares ""negociáveis""!💰💸Quem já assinou não pode aceitar mais essa artimanha. Ou tem CPMI, ou estará comprovada a suspeita de inutilidade do Congresso.",1,2,11,https://twitter.com/andrefernm/status/1637219739536596994
Jorge Damasceno,@onecroj,https://twitter.com/onecroj/status/1637229252083961858,2023-03-18T23:07:26.000Z,"Pacheco já  pode ser responsabilizado pelo que vier acontecer de mal, no país.   Seu comportamento nos parece CONLUIO com quem  não  quer buscar  VERDADES.  Está  muito claro  isso.  Está tentando, com manobras, acabar com a CPMI.  Isso  pode não acabar bem.",1,0,5,https://twitter.com/andrefernm/status/1637219739536596994
Bateraverde,@bateraverde,https://twitter.com/bateraverde/status/1637224264305704962,2023-03-18T22:47:37.000Z,"O fogo no ministério da defesa, será q eles não queriam queimar alguma prova q poderiam incriminar eles? Muito estranho aquele fogo!",2,0,2,https://twitter.com/andrefernm/status/1637219739536596994
Chadia A. Ahmad,@ManhaBella,https://twitter.com/ManhaBella/status/1637229653348818944,2023-03-18T23:09:02.000Z,"@rodrigopacheco @ArthurLira_ 
Vão esperar outros ministérios pegarem fogo? Vão dizer que são BOLSONARISTAS queimando provas?",1,1,5,https://twitter.com/andrefernm/status/1637219739536596994
"B22My Name Is Eastewood, Clint Eastwood",@Daniel98951737,https://twitter.com/Daniel98951737/status/1637230246872203267,2023-03-18T23:11:23.000Z,E aí @rodrigopacheco vai enrolar até quando???,0,0,4,https://twitter.com/andrefernm/status/1637219739536596994
Josiane Gonçalves De Freitas,@JosianeGFreitas,https://twitter.com/JosianeGFreitas/status/1637222150066020354,2023-03-18T22:39:13.000Z,#CPMIdo08deJaneiroJa,0,1,3,https://twitter.com/andrefernm/status/1637219739536596994
Força Brasil,@RogPatriota,https://twitter.com/RogPatriota/status/1637220839572553729,2023-03-18T22:34:00.000Z,"Quando terminou a contagem de votos para presidente do senado, pelos vídeos nós vimos muita coisa suspeita. Pela forma que foram contado os votos eu falei, ""tivemos a maioria dos votos"". Hoje estou tendo certeza disso. Temos a maioria no senado.",1,9,43,https://twitter.com/andrefernm/status/1637219739536596994
BrasilDeTodos,@BR_DeTodos200Mi,https://twitter.com/BR_DeTodos200Mi/status/1637238082909921280,2023-03-18T23:42:32.000Z,"Parabéns. 

Todos os congressistas que assinaram a #CPMI08dejaneiro serão lembrando pela história do Brasil, os parlamentares q ajudaram a descobrir o q realmente aconteceu em 08/01.

E quando @rodrigopacheco @SenadoFederal irá lê o pedido??@ArthurLira_",2,3,14,https://twitter.com/andrefernm/status/1637219739536596994
Elisa,@Elisa53771644,https://twitter.com/Elisa53771644/status/1637220283093327877,2023-03-18T22:31:48.000Z,Urgente! Queremos a verdade!,0,1,6,https://twitter.com/andrefernm/status/1637219739536596994
Marco Aurélio,@zandorsantosbol,https://twitter.com/zandorsantosbol/status/1637496862134378496,2023-03-19T16:50:49.000Z,"Vamos pra cima do guardião do PT e do STF, Rodrigo Pacheco.",0,0,1,https://twitter.com/andrefernm/status/1637219739536596994
"Liberdade, volta?",@VoltaLiberdade,https://twitter.com/VoltaLiberdade/status/1637248122853244928,2023-03-19T00:22:25.000Z,"Está faltando o que mesmo para a instalação da CPMI? Como cidadão, gostaria de saber?",3,0,4,https://twitter.com/andrefernm/status/1637219739536596994
"(Agente DEL) DPFL NOTÍCIAS, INFORMAÇÕES e OPINIÃO",@AgenteDEL1984,https://twitter.com/AgenteDEL1984/status/1637284985198526468,2023-03-19T02:48:54.000Z,Tu é o cara 🧑‍💻🇧🇷seguiremos acompanhando a repercussão e cobrando #CPMIdo08deJaneiroJaConvido todos a me seguir @AgenteDEL1984Tamo junto com vocês!!!!,0,0,4,https://twitter.com/andrefernm/status/1637219739536596994
canja,@crollem2,https://twitter.com/crollem2/status/1637220423464108032,2023-03-18T22:32:21.000Z,Assim como Pacheco se não arrumar um canto no STF para o senado só se for com os votos da esquerda,1,1,7,https://twitter.com/andrefernm/status/1637219739536596994
LEILIANE,@LEILIAN86421495,https://twitter.com/LEILIAN86421495/status/1637225877644689408,2023-03-18T22:54:02.000Z,O Brasil aguarda essas respostas das casas do povo!Muitos fatos a serem esclarecidos!Urgentissimo.,0,0,5,https://twitter.com/andrefernm/status/1637219739536596994
Sirlene Almeida,@Sirlene_89,https://twitter.com/Sirlene_89/status/1637222224942727168,2023-03-18T22:39:31.000Z,"@SenadoFederal @rodrigopacheco  @ArthurLira_ chega de prevaricar, não cabe mais as senhores, a decisão é dos parlamentares e do povo!! Não se deixem levar por esse desgoverno desmoralizado, a situação da país vai ficar pior com esse governo. Tenham consciência disso.",0,6,46,https://twitter.com/andrefernm/status/1637219739536596994
Sandra Marques,@SandraM15814283,https://twitter.com/SandraM15814283/status/1637220635964211202,2023-03-18T22:33:12.000Z,"Por favor @rodrigopacheco, não deixe o povo que o elegeu sem respostas, tenho pedido a Deus para tocar seu coração, pois sabemos que não pode ser escondido de Deus e que um dia iremos prestar contas com o Senhor, por favor o povo está clamando por justiça.",2,0,7,https://twitter.com/andrefernm/status/1637219739536596994
Fabiana Lima,@slima_fabiana,https://twitter.com/slima_fabiana/status/1637227378593218561,2023-03-18T22:59:59.000Z,"Estamos aguardando Senador !! 
O povo Brasileiro quer uma resposta.",0,0,2,https://twitter.com/andrefernm/status/1637219739536596994
Tatiany Samayra,@TatianySbp,https://twitter.com/TatianySbp/status/1637369351270432768,2023-03-19T08:24:08.000Z,"Senhor deputado espero sua resposta, essa CPMI vai investigar o envolvimento dos senhores deputados e senadores de direita que incentivaram direta ou indiretamente os atos do dia 8/01 ?",0,1,1,https://twitter.com/andrefernm/status/1637219739536596994
Lenita Castro,@LenitaCastro10,https://twitter.com/LenitaCastro10/status/1637286772571881475,2023-03-19T02:56:00.000Z,"Se não acontecer a sessão conjunta e @rodrigopacheco continuar com o apoio a não instalar a CPMI, não votem mais nada que beneficie a esquerda.",0,0,2,https://twitter.com/andrefernm/status/1637219739536596994
Elon_fã,@FaElonmusk,https://twitter.com/FaElonmusk/status/1637281728883556352,2023-03-19T02:35:58.000Z,#CPMIdo08deJaneiroate24-março,0,0,1,https://twitter.com/andrefernm/status/1637219739536596994
RomárioAlberto,@romarioalbert10,https://twitter.com/romarioalbert10/status/1637309517292552192,2023-03-19T04:26:23.000Z,Queremos a CPMI instaurada Já @rodrigopacheco,0,0,0,https://twitter.com/andrefernm/status/1637219739536596994
Maria Hnd,@maria_hnd,https://twitter.com/maria_hnd/status/1637235618227929088,2023-03-18T23:32:44.000Z,Tomara que começa logo essa CPMI,0,0,0,https://twitter.com/andrefernm/status/1637219739536596994
Josiane Ferreira,@Josiane00419292,https://twitter.com/Josiane00419292/status/1637222727823114241,2023-03-18T22:41:31.000Z,Não entendi porque até agora ainda não foi instalado essa CPMi#CPMIdo08deJaneiroJa,1,1,5,https://twitter.com/andrefernm/status/1637219739536596994
Jenny,@Jenifer22711941,https://twitter.com/Jenifer22711941/status/1637268910167715840,2023-03-19T01:45:01.000Z,"@rodrigopacheco   HORA DE FAZER A LEITURA, ACORDA",0,0,0,https://twitter.com/andrefernm/status/1637219739536596994
Alex Duarte,@asbduarte,https://twitter.com/asbduarte/status/1637513467002253312,2023-03-19T17:56:48.000Z,"Faça algo relevante, apresente algum projeto para gerar emprego, algum projeto para acabar com a pobreza. Pobre não tá nem aí com 8 de Janeiro.",0,0,0,https://twitter.com/andrefernm/status/1637219739536596994
Fontel,@jcandidojryaho1,https://twitter.com/jcandidojryaho1/status/1637578293141536768,2023-03-19T22:14:24.000Z,Tem alguma notícia sobre as jóias que Bolsonaro tentou 08 vezes ficar com elas??🤔🤔🤔😎😎😎😎,0,0,0,https://twitter.com/andrefernm/status/1637219739536596994
Fontel,@jcandidojryaho1,https://twitter.com/jcandidojryaho1/status/1637578576164683777,2023-03-19T22:15:31.000Z,O ladrão tentou 08 vezes ficar com às jóias!!🤔🤔🤔😎😎😎😎,0,0,0,https://twitter.com/andrefernm/status/1637219739536596994
sempreadireita,@sempreadireita3,https://twitter.com/sempreadireita3/status/1637241402324140033,2023-03-18T23:55:43.000Z,"Precisa acontecer com urgencia,se o PT nao quer e porque deve algo nao?",0,0,1,https://twitter.com/andrefernm/status/1637219739536596994
João BF,@DamascenoJayron,https://twitter.com/DamascenoJayron/status/1637535040862035974,2023-03-19T19:22:32.000Z,Ja passou da hora !,0,0,0,https://twitter.com/andrefernm/status/1637219739536596994
willian 008,@williants08,https://twitter.com/williants08/status/1637480522363314176,2023-03-19T15:45:54.000Z,Entra com prevaricação!,0,0,0,https://twitter.com/andrefernm/status/1637219739536596994
MudaBrasil,@MoMudaBrasil,https://twitter.com/MoMudaBrasil/status/1637246882064760833,2023-03-19T00:17:29.000Z,"Deve ocorrer a CPMI, Pacheco está tentando seguir somente com a CPI para deixar de foram os deputados.",0,0,1,https://twitter.com/andrefernm/status/1637219739536596994
Nelson Harter,@Nelson_Harter,https://twitter.com/Nelson_Harter/status/1637593045519548416,2023-03-19T23:13:01.000Z,🇧🇷🇧🇷🇧🇷🇧🇷🇧🇷🇧🇷🇧🇷,0,0,0,https://twitter.com/andrefernm/status/1637219739536596994
Marcia Andrade,@MarciaA02722830,https://twitter.com/MarciaA02722830/status/1637222513682857984,2023-03-18T22:40:40.000Z,Vamos cobrar o pacheco,0,0,1,https://twitter.com/andrefernm/status/1637219739536596994
Isabel,@Isabel01220327,https://twitter.com/Isabel01220327/status/1637434991561916417,2023-03-19T12:44:58.000Z,Pacheco hora de trabalhar!! Faça pelo menos o que não fez até agora.,0,0,0,https://twitter.com/andrefernm/status/1637219739536596994
Jefferson Pereira,@Jeffersonluissp,https://twitter.com/Jeffersonluissp/status/1637508118333538307,2023-03-19T17:35:33.000Z,"Se não usar mesma tática da esquerda, entrar de sola, essa CPI não vai sair da fase das assinaturas. Tem que colocar o Pacheco na parede. A direita é muito certinha. Cheia de frescuras. Na guerra tem que usar de todas as armas. Senão...",0,0,0,https://twitter.com/andrefernm/status/1637219739536596994
jcabral,@jcabral65499843,https://twitter.com/jcabral65499843/status/1637256565291098112,2023-03-19T00:55:58.000Z,"@rodrigopacheco boa noite  nobre senador,O BRASIL PRECISA SABER.",0,0,1,https://twitter.com/andrefernm/status/1637219739536596994
Cirlene Ponce,@CirlenePonce,https://twitter.com/CirlenePonce/status/1637428417921531906,2023-03-19T12:18:51.000Z,"Façam a CPI dos infiltrados, urgente. Pressão no Lira e no Pacheco.   Acionem o regimento da casa.",0,0,1,https://twitter.com/andrefernm/status/1637219739536596994
Lílian Maria Varella Pessoa da Silva,@LlianMariaVare2,https://twitter.com/LlianMariaVare2/status/1637434787928461314,2023-03-19T12:44:10.000Z,Partiu…,0,0,0,https://twitter.com/andrefernm/status/1637219739536596994
Adauto,@MoraesAdauto,https://twitter.com/MoraesAdauto/status/1637224391854501890,2023-03-18T22:48:07.000Z,"#EleitoresSemPartido não convocaram o Povo. Este dominho seria perfeito para o povo ser convidado para um café na Praça de cada cidade. 
( levar o café e o bolo)
Mas quando tivermos o #VOTODISTRITAL , os políticos não serão reeleitos e atenderão o POVO.#FimdaReeleiçãoPolitica",0,0,2,https://twitter.com/andrefernm/status/1637219739536596994
Bruno Tarnoviski,@brtarnoviski,https://twitter.com/brtarnoviski/status/1637221924660019201,2023-03-18T22:38:19.000Z,Manda a lista de senadores que faltam !,0,0,2,https://twitter.com/andrefernm/status/1637219739536596994
Tito Paulo Siqueira,@SiqueiraTito,https://twitter.com/SiqueiraTito/status/1637250037389443075,2023-03-19T00:30:02.000Z,"Essa CPMI não ia ser automática, sem interferência dos inúteis do Pacheco e do Lira ? Se depender deles não sai nunca",1,0,3,https://twitter.com/andrefernm/status/1637219739536596994
Luis... S.O.S JESUS,@LuismarSilvaLi2,https://twitter.com/LuismarSilvaLi2/status/1637220167653416960,2023-03-18T22:31:20.000Z,Bora @rodrigopacheco cadê a Sessão Conjunta do Congresso Nacional?,1,6,10,https://twitter.com/andrefernm/status/1637219739536596994
A.J.S.,@muitobomissoaki,https://twitter.com/muitobomissoaki/status/1637221699270656000,2023-03-18T22:37:25.000Z,"Os deputados e senadores sao eleitos pelo povo, inclusive o Rodrigo Pacheco e o Arthur Lira, por que eles nao ouvem a mensagem dos representantes do povo que querem a abertura da CPMI??? É pedir demais???",0,0,5,https://twitter.com/andrefernm/status/1637219739536596994
Gertrudes D'Aguiar,@gertrudaguiar,https://twitter.com/gertrudaguiar/status/1637257184609173504,2023-03-19T00:58:26.000Z,"Então 1 representante do povo pode controlar 230 representantes? Ficar no lenga-lenga o tempo que quiser, sem dar nenhuma explicação para o povo, e impedindo uma CPMI importante como essa? Nada que os congressistas possam fazer para contornar esse um, único que escolhe o q fazer?",0,0,2,https://twitter.com/andrefernm/status/1637219739536596994
canja,@crollem2,https://twitter.com/crollem2/status/1637220242261782529,2023-03-18T22:31:38.000Z,Quem tirar assinatura não se reelege nem para síndico de prédio,2,2,42,https://twitter.com/andrefernm/status/1637219739536596994
Jô,@JoseliMarisa,https://twitter.com/JoseliMarisa/status/1637221570048294913,2023-03-18T22:36:55.000Z,Vão colocar 🔥 no 🇧🇷 pra evitar isso 😔,0,0,2,https://twitter.com/andrefernm/status/1637219739536596994
Adriano Amorim75,@AdrianoAmorim75,https://twitter.com/AdrianoAmorim75/status/1637261383820619785,2023-03-19T01:15:07.000Z,"A turma dele abriu a CPI do Circo no meio de uma PANDEMIA, disse, com pessoas morrendo precisando do Governo e a oposição desconcentrando o governo…  com a CPI

Agora, com tudo tranquilo, sem nenhuma votação NÃO QUER ABRIR

VOCÊS PRECISAM SE POSICIONAR FORTEMENTE!@GayerGus",6,2,2,https://twitter.com/andrefernm/status/1637219739536596994
cesarpillon,@cesarpillon1,https://twitter.com/cesarpillon1/status/1637232890395099136,2023-03-18T23:21:54.000Z,E quantas assinaturas  tem na CPI da Soraia?,1,0,0,https://twitter.com/andrefernm/status/1637219739536596994
Bruno Tarnoviski,@brtarnoviski,https://twitter.com/brtarnoviski/status/1637221859040145408,2023-03-18T22:38:03.000Z,Vamos pra cima!,0,0,1,https://twitter.com/andrefernm/status/1637219739536596994
Fátima Mazza Lessa,@MazzaLessa,https://twitter.com/MazzaLessa/status/1637244756181876739,2023-03-19T00:09:03.000Z,Atenda  @rodrigopacheco,0,1,2,https://twitter.com/andrefernm/status/1637219739536596994
"Sarcasmo, o melhor remedio!",@JMarquesMito,https://twitter.com/JMarquesMito/status/1637220909948760067,2023-03-18T22:34:17.000Z,"@andrefernm , não deixem que abram uma CPI… tem que ser CPMI! 
Pra cima deles",1,0,7,https://twitter.com/andrefernm/status/1637219739536596994
JORGE L S RIBEIRO,@coljorgevolley,https://twitter.com/coljorgevolley/status/1637270065031827456,2023-03-19T01:49:37.000Z,Parabéns Deputado. Continue firme. Força e fé.  Que Deus continue lhes abençoando.,1,0,0,https://twitter.com/andrefernm/status/1637219739536596994
Lucas Calheiros,@LucasCa20707418,https://twitter.com/LucasCa20707418/status/1637237727149060097,2023-03-18T23:41:07.000Z,Finalmente um Alagoano....,0,0,1,https://twitter.com/andrefernm/status/1637219739536596994
ANIOLE,@anioleabc,https://twitter.com/anioleabc/status/1637220819892858881,2023-03-18T22:33:56.000Z,.,0,0,1,https://twitter.com/andrefernm/status/1637219739536596994
Wesley Menotti.,@wesleystamonica,https://twitter.com/wesleystamonica/status/1637222220899536897,2023-03-18T22:39:30.000Z,@andrefernm e @rodrigopacheco  Queremos a CPMI urgente ante que o Lula destrua o Brasil. Queremos Saber a Verdade doa quem doer.,1,1,10,https://twitter.com/andrefernm/status/1637219739536596994
STB,@RSantiniTB,https://twitter.com/RSantiniTB/status/1637520509440065536,2023-03-19T18:24:47.000Z,"@rodrigopacheco 
Deputado @GayerGus  não tem como pedir o afastamento do Pacheco por prevaricação e iniciar a CPMI?",0,0,1,https://twitter.com/andrefernm/status/1637219739536596994
Cl@uFlorid@,Cl@u,https://twitter.com/Claudiotuck2017/status/1639840305728847872,2023-03-26T04:02:50.000Z,Tmj!!! Seguindo meus 60 milhoes !!🇧🇷👊patriotas!!,0,0,1,https://twitter.com/andrefernm/status/1637219739536596994
Antonio Tassio Simão,@Tassiosimao,https://twitter.com/Tassiosimao/status/1637888368548651025,2023-03-20T18:46:32.000Z,"Não tem nada que obrigue essa cpmi será instalada?? Pelo visto não né. Estão esquecendo que, quem manda no Brasil é Lula e Alexandre de Morais?",0,0,0,https://twitter.com/andrefernm/status/1637219739536596994
Đ€N!ŁŞØN CΔMΔŘGØ,@denilsonproter,https://twitter.com/denilsonproter/status/1637567774351343622,2023-03-19T21:32:36.000Z,Parabéns pelo seu trabalho e pela atuação da parte consciente do Congresso... Nada passará desapercebido por nós eleitores.,0,0,0,https://twitter.com/andrefernm/status/1637219739536596994
Vivian Ribeiro,@VivianRibeiroA,https://twitter.com/VivianRibeiroA/status/1637878005430116352,2023-03-20T18:05:21.000Z,"Nos eleitores, não queremos mais essa novela ridícula que vocês chamam de CPI. 
É preciso transparência e consistência nos atos políticos. 
Precisamos de esforços para retomarmos a credibilidade nos representantes da nação. Não se esqueçam a quem vocês representam.",0,0,0,https://twitter.com/andrefernm/status/1637219739536596994
Ana Harumi,@ana_harumi10,https://twitter.com/ana_harumi10/status/1638206374986358786,2023-03-21T15:50:10.000Z,"O que é que o digníssimo Pacheco está esperando??? Perdeu, mané!!! A verdade virá à tona, ele querendo ou não!",0,0,0,https://twitter.com/andrefernm/status/1637219739536596994
Henrique Mordon,@HenriMordom,https://twitter.com/HenriMordom/status/1637779994205118465,2023-03-20T11:35:53.000Z,"Manda a lista completa ai, pra eu ver um negócio",0,0,0,https://twitter.com/andrefernm/status/1637219739536596994
Guilherme A de P e Silva,@GuilhermeAdePe1,https://twitter.com/GuilhermeAdePe1/status/1637554206432272386,2023-03-19T20:38:41.000Z,"Vão provar com eficiência a baderna e terrorismo que os patriotas fizeram, inclusive com o apoio do deputado André Fernandes.",0,0,0,https://twitter.com/andrefernm/status/1637219739536596994
Edgar de Souza Junior,@EdgardeSouzaJu8,https://twitter.com/EdgardeSouzaJu8/status/1637890798686445579,2023-03-20T18:56:11.000Z,"Excelente trabalho, deputado! Enquanto o desgoverno procura distrair a mídia vendida, vá ampliando as adesões à necessária e urgente CPMI do 8 de Janeiro! As investigações chegarão no Executivo Federal e no Judiciário! 💪🇧🇷",0,0,0,https://twitter.com/andrefernm/status/1637219739536596994
@NaniOliveira,@NaniOliveira,https://twitter.com/NaniOli72172163/status/1637540976007708674,2023-03-19T19:46:07.000Z,Pq ainda não começaram essa cpmi?,0,0,0,https://twitter.com/andrefernm/status/1637219739536596994
Tânia Marino,@TniaMarino1,https://twitter.com/TniaMarino1/status/1637561780040769539,2023-03-19T21:08:47.000Z,"Pacheco diz que não é urgente.
Ele merece uma resposta dura por parte de seus pares. Entendedores entenderão.",0,0,0,https://twitter.com/andrefernm/status/1637219739536596994
izakelu,@izakelu,https://twitter.com/izakelu/status/1637543186707955713,2023-03-19T19:54:54.000Z,Cpmi agora!! @rodrigopacheco eu quero saber o q de fato aconteceu!!,0,0,0,https://twitter.com/andrefernm/status/1637219739536596994
Reginaldo Rossi,@Reginal23007236,https://twitter.com/Reginal23007236/status/1637284396729237504,2023-03-19T02:46:34.000Z,Estão destruindo provas no ministério.....fica a dica,0,0,0,https://twitter.com/andrefernm/status/1637219739536596994
Marcia Costa,@MarciaC50520655,https://twitter.com/MarciaC50520655/status/1637242844015411201,2023-03-19T00:01:27.000Z,"Sr @rodrigopacheco tem obrigação de pautar CPMI antes de ir passear na China com mais 299 convidados do Molusco, para surpresa de tds os irmãos Batista, JBS tb irão como convidados do Larápio.
Turma td voltando para cena do crime",0,0,0,https://twitter.com/andrefernm/status/1637219739536596994
Caçador De Canalhas,@CacandoCanalhas,https://twitter.com/CacandoCanalhas/status/1637220502082125825,2023-03-18T22:32:40.000Z,Quando vai ser a próxima sessão conjunta?,0,0,0,https://twitter.com/andrefernm/status/1637219739536596994
Vilma,@Vilma68587881,https://twitter.com/Vilma68587881/status/1637229652803567627,2023-03-18T23:09:02.000Z,"Deus Te ouça, Parabéns CPMI JÁ,",0,0,0,https://twitter.com/andrefernm/status/1637219739536596994
Robson Scardini,@tintureiro1,https://twitter.com/tintureiro1/status/1637282648023244803,2023-03-19T02:39:37.000Z,"Pressão em Pacheco.
É apenas o trabalho dele.",0,0,0,https://twitter.com/andrefernm/status/1637219739536596994
A verdade liberta,@Bonoro77,https://twitter.com/Bonoro77/status/1637281279291928578,2023-03-19T02:34:10.000Z,Crime de prevaricação cometido por esse senador,0,0,0,https://twitter.com/andrefernm/status/1637219739536596994
Habib Paraty,@HabibParaty,https://twitter.com/HabibParaty/status/1637330940136439808,2023-03-19T05:51:30.000Z,Pra CIMA deles..... @rodrigopacheco O Brasil tá de OLHO 👁🇧🇷👁,0,0,0,https://twitter.com/andrefernm/status/1637219739536596994
Alessandra Campos,@Ales_Alessandra,https://twitter.com/Ales_Alessandra/status/1637380150852460546,2023-03-19T09:07:03.000Z,Cutuca o bicho preguiça mesmo!! Tem que se mexer!!!,0,0,0,https://twitter.com/andrefernm/status/1637219739536596994
Marise Saldanha,@MariseSaldanha,https://twitter.com/MariseSaldanha/status/1637221391438077954,2023-03-18T22:36:12.000Z,CPMI É URGENTE  !!!,0,0,0,https://twitter.com/andrefernm/status/1637219739536596994
Dollynho Político ,@dollynhoPltico,https://twitter.com/dollynhoPltico/status/1637256107885309954,2023-03-19T00:54:09.000Z,"Estão colecionando assinaturas? 
Cadê a pressão no @rodrigopacheco, esse cidadão está rindo da cara do Brasileiro!!!",0,0,0,https://twitter.com/andrefernm/status/1637219739536596994
J Maria Bolsonaro,@Jmmendes1970,https://twitter.com/Jmmendes1970/status/1638656506282274816,2023-03-22T21:38:50.000Z,Parabéns pelo trabalho.,0,0,0,https://twitter.com/andrefernm/status/1637219739536596994
julio maciel,@juliomacielmac1,https://twitter.com/juliomacielmac1/status/1637410826863665155,2023-03-19T11:08:57.000Z,Idem a mesma pressão que Randolfe usou para aprovar a inacreditável CPI de tudo menos covid.,0,0,1,https://twitter.com/andrefernm/status/1637219739536596994
Amanda Moraes,@AmandaMShibata,https://twitter.com/AmandaMShibata/status/1637330767318601729,2023-03-19T05:50:49.000Z,"Esse é mais um dos planos bolsonaristas q tem tudo para dar errado para eles mesmo ...
Tudo mundo avisando isso não vai dar bom e eles fazendo birra para fazer ..Vamos assistir eles vão acabar todos casados , seguindo exemplos dos patriotas q quebravam as câmera e postaram na Net",0,1,2,https://twitter.com/andrefernm/status/1637219739536596994
Maria N Dias de Souza (Neri),@MariaNDiasdeSo2,https://twitter.com/MariaNDiasdeSo2/status/1637247226014572544,2023-03-19T00:18:51.000Z,"Só orgulho de vc,do Nikolas,do Gustavo G,do Jodi entre outros guerreiros da direita que estão nos trazendo esperança que o Brasil vai sobreviver a essa catástrofe chamado governo Lula,obrigado por não ter vendido a alma pro diabo de 9 dedos.",2,0,2,https://twitter.com/andrefernm/status/1637219739536596994
DamarizMaga,@DamarizMaga,https://twitter.com/DamarizMaga/status/1637257718380494848,2023-03-19T01:00:33.000Z,"Sugestão 🤔 toda fala dentro do congresso começar com ""O POVO QUER A LEITURA CPMI JÁ"" ........ discursa, vota, defende etc sobre outros assuntos e terminar com a mesma frase 🤗 todos todos os dias. #OpovoQuerAleituraCPMIjá",0,1,4,https://twitter.com/andrefernm/status/1637219739536596994
Matheus Cesar,@mathcesars,https://twitter.com/mathcesars/status/1637232129758093312,2023-03-18T23:18:52.000Z,"Denuncia o presidente do senado por prevaricação ueh, chega de diplomacia",1,0,1,https://twitter.com/andrefernm/status/1637219739536596994
DrºHigorLeandroNevesTurchiari,@higor_turchiari,https://twitter.com/higor_turchiari/status/1637234474491555840,2023-03-18T23:28:11.000Z,O fogo de hoje no ministério da justiça do ministro Dino deve ter uma coisa haver… pode ter queimado imagens do dia 08,1,0,2,https://twitter.com/andrefernm/status/1637219739536596994
Marceloᶜʳᶠ ¹⁸⁹⁵,@Flacellao,https://twitter.com/Flacellao/status/1637233563497005057,2023-03-18T23:24:34.000Z,Pressão nesse PREVARICADOR,1,0,1,https://twitter.com/andrefernm/status/1637219739536596994
Dulce Ferreira Naia,@NaiaDulce,https://twitter.com/NaiaDulce/status/1637491752150999042,2023-03-19T16:30:31.000Z,"Bora, Pacheco. O Brasil tem pressa em saber toda a verdade e não deixar nenhum culpado impune.",0,0,1,https://twitter.com/andrefernm/status/1637219739536596994
Coração de Lata,@marciatere05,https://twitter.com/marciatere05/status/1637240377290764290,2023-03-18T23:51:39.000Z,O inimigo do Brasil 👇,0,0,4,https://twitter.com/andrefernm/status/1637219739536596994
Ilza Guedes,@guedes_ilza,https://twitter.com/guedes_ilza/status/1638357892532240386,2023-03-22T01:52:15.000Z,Viva!!!,0,0,0,https://twitter.com/andrefernm/status/1637219739536596994
Origh International,@OrighInter,https://twitter.com/OrighInter/status/1637254695000371200,2023-03-19T00:48:32.000Z,🇧🇷🛡️ℹ️Brazil,0,2,2,https://twitter.com/andrefernm/status/1637219739536596994
Mallarmé,@HMallarme,https://twitter.com/HMallarme/status/1637220250683932679,2023-03-18T22:31:40.000Z,Mas você é um dos investigados por financiamento e incitação. Vai ser preso dentro das dependências do Congresso. Kkkkk,1,0,0,https://twitter.com/andrefernm/status/1637219739536596994
METACAPITALISTA,@metacapitalista,https://twitter.com/metacapitalista/status/1637220531245047820,2023-03-18T22:32:47.000Z,"Porque os acusados querem investigação e os ""prejudicados"", não? Será que tu sabe kkkkkkk",2,0,0,https://twitter.com/andrefernm/status/1637219739536596994
OlivinoLud,@OlivinoLud,https://twitter.com/OlivinoLud/status/1637473951780683777,2023-03-19T15:19:47.000Z,Quero ver quando esse cara vai ler a CPMI.,0,0,0,https://twitter.com/andrefernm/status/1637219739536596994
PC escoteiro 28,@PCEscoteiro28,https://twitter.com/PCEscoteiro28/status/1637535943430135810,2023-03-19T19:26:07.000Z,Queremos a CPMI de 08 de janeiro e não a CPI do Senado que será manipulada por Pacheco e o PT🇧🇷🇧🇷🇧🇷,0,2,1,https://twitter.com/andrefernm/status/1637219739536596994
CARDOSO SILVA,@JosCardosodaS11,https://twitter.com/JosCardosodaS11/status/1637224411781648385,2023-03-18T22:48:12.000Z,PACHECUZÃO é covarde e fraco não vai fazer CPMI não,0,0,2,https://twitter.com/andrefernm/status/1637219739536596994
Macilene Pires,@MacilenePires,https://twitter.com/MacilenePires/status/1637245541628166146,2023-03-19T00:12:10.000Z,"@rodrigopacheco Somos + de 50 milhões aguardando a CPMI do dia 08 de janeiro, você não pode ignorar. #CPMIdo08deJaneiroJa",0,0,0,https://twitter.com/andrefernm/status/1637219739536596994
Silvio Reis,@SilvioR37730736,https://twitter.com/SilvioR37730736/status/1637325624191725568,2023-03-19T05:30:23.000Z,PARABÉNS  POR  SEU  BELO  TRABALHO  E  DEDICAÇÃO  DEPUTADO 🇧🇷🙏,0,0,0,https://twitter.com/andrefernm/status/1637219739536596994
carla pinho 100%Bolsonaro,@carlapinho20,https://twitter.com/carlapinho20/status/1637241218991005696,2023-03-18T23:54:59.000Z,"Infelizmente o presidente da casa está a serviço do lado negro. É uma pena que ele não tenha amor ao país, ao povo brasileiro nem ao futuro de seus próprios filhos.",0,0,2,https://twitter.com/andrefernm/status/1637219739536596994
Casal Zimmer a serviço do Brasil,@FelipZimmer,https://twitter.com/FelipZimmer/status/1637228625828126722,2023-03-18T23:04:57.000Z,Os brasileiros querem a #CPMIdo08deJaneiroJa !,0,0,0,https://twitter.com/andrefernm/status/1637219739536596994
Re,@ReginaP87155429,https://twitter.com/ReginaP87155429/status/1637564084693397506,2023-03-19T21:17:56.000Z,"Pena que vcs não conseguem fazer com que o irresponsável por pautar essa merdha assine e comece logo  a investigar e colocar os verdadeiros bandidos na cadeia. Mas isso seria no mundo ideal, no nosso país vai dar em nada e os bandidos sairão rindo pra continuarem acabando com o p",0,0,0,https://twitter.com/andrefernm/status/1637219739536596994
Vovó Mafalda,@VovoMafalda9,https://twitter.com/VovoMafalda9/status/1637225405982670848,2023-03-18T22:52:09.000Z,Ain….Já estou começando a achar que o povo tá assinando pq sabem que não vai vingar 😢 será??,0,0,0,https://twitter.com/andrefernm/status/1637219739536596994
Danielle Baptista,@DaniDani_1976,https://twitter.com/DaniDani_1976/status/1647235991109869571,2023-04-15T13:50:39.000Z,É safado esse Pacheco nojento 🤢,0,0,0,https://twitter.com/andrefernm/status/1637219739536596994
Brandão Vera-,@brandaovera,https://twitter.com/brandaovera/status/1637323413244059648,2023-03-19T05:21:36.000Z,"Se não fizer nada, pra cima dele. Peçam seu afastamento por prevaricação.",0,0,1,https://twitter.com/andrefernm/status/1637219739536596994
Vanessa Mara #bolsonaroreeleito,@Vanessa85835155,https://twitter.com/Vanessa85835155/status/1637412941526970368,2023-03-19T11:17:21.000Z,O deputado @ArthurLira_ no não assinou ? Porque ?,0,0,0,https://twitter.com/andrefernm/status/1637219739536596994
Airton,@airtongm67,https://twitter.com/airtongm67/status/1637228548875247616,2023-03-18T23:04:38.000Z,😎 👍👊,0,0,0,https://twitter.com/andrefernm/status/1637219739536596994
Valéria Novás -,@Valria868196371,https://twitter.com/Valria868196371/status/1637221628579905539,2023-03-18T22:37:09.000Z,Terrorista ..... QUEREMOS JUSTIÇA,0,0,0,https://twitter.com/andrefernm/status/1637219739536596994
paixãoVerde,@AnaMessias22,https://twitter.com/AnaMessias22/status/1637327342845427713,2023-03-19T05:37:13.000Z,"Esse 👖💩 do @rodrigopacheco é literalmente um poste comandado e vendido, capacho do desse desgoverno",0,0,0,https://twitter.com/andrefernm/status/1637219739536596994
Rosana Fernandes,@RosanaF1970,https://twitter.com/RosanaF1970/status/1637378084692172807,2023-03-19T08:58:51.000Z,Vc acredita nisto? Agora com o ladrão indo pra China com empresários e vários parlamentares? Inclusive com@o Lira. Vcs irão ficar parecendo aqueles vendedores de assinatura de revista. Pede assinatura pra tudo e nada!!!,0,0,0,https://twitter.com/andrefernm/status/1637219739536596994
Alan,@Alan_Di_Sousa,https://twitter.com/Alan_Di_Sousa/status/1637224139818762241,2023-03-18T22:47:07.000Z,Esse Pachecoolzão parece que está com o rabo preso. 🤔,1,0,1,https://twitter.com/andrefernm/status/1637219739536596994
Luci antonio,@Luciantonio4,https://twitter.com/Luciantonio4/status/1637445170856591360,2023-03-19T13:25:25.000Z,"O povo quer a verdade,CPMI de 8 de janeiro, nunca tantos brasileiros inocentes foram tão humilhados",0,0,1,https://twitter.com/andrefernm/status/1637219739536596994
Cassiano,@Cassian91125471,https://twitter.com/Cassian91125471/status/1637536865677967363,2023-03-19T19:29:47.000Z,Como esses bolsominions são podres. Um QG cheio de paramilitares e alienados cheio de de super informações permitiram tantos infiltrados de esquerda. Vcs não tem vergonha de divulgar a burrice de vcs. Povo Idiota.,0,0,0,https://twitter.com/andrefernm/status/1637219739536596994
Maria Zélia Alves Silveira,@MariaZliaAlves3,https://twitter.com/MariaZliaAlves3/status/1637529803623374848,2023-03-19T19:01:43.000Z,"Vão pra cima. Desses marginais , não deixam esses comunistas ordinários transformar o nosso Brasil em uma Venezuela contamos com os senhores e senhoras deputados e deputadas senadores e senadoras pelo amor de Deus agem enquanto há tempo.",0,0,0,https://twitter.com/andrefernm/status/1637219739536596994
Diego Costa,@Diegocosta0610,https://twitter.com/Diegocosta0610/status/1637508036867633155,2023-03-19T17:35:14.000Z,Espero que Minas Gerais veja quem é o Sen Rodrigo Pacheco e de qual lado ele está !,0,0,0,https://twitter.com/andrefernm/status/1637219739536596994
esquerda atuante,@Luciene14191397,https://twitter.com/Luciene14191397/status/1637906667881783298,2023-03-20T19:59:15.000Z,Para depois punir vcs .,0,0,0,https://twitter.com/andrefernm/status/1637219739536596994
Geremias,@Jeremia36061258,https://twitter.com/Jeremia36061258/status/1637267197780271106,2023-03-19T01:38:13.000Z,"ESTAMOS JUNTOS.
QUE DEUS AJUDE A VOCÊS, A ESCLARECER A VERDADE.",1,0,0,https://twitter.com/andrefernm/status/1637219739536596994
Mari Pinheiro,@MariPin27667326,https://twitter.com/MariPin27667326/status/1637576282270466048,2023-03-19T22:06:25.000Z,"Não vejo a hora da CPMI, ser instaurada🫰🇧🇷",0,0,0,https://twitter.com/andrefernm/status/1637219739536596994
Silvia Helena Del Borrello,@SilviaBorrello,https://twitter.com/SilviaBorrello/status/1637378145627021312,2023-03-19T08:59:05.000Z,"Gente já não passou da hora de uma rebelião  contra esse merda do PACHECO?????? PASSEM TRATORANDO ELE.. Não se faz faz mais nada dentro da normalidade. SE VOCÊS NAO AGIREM IMEDIATAMENTE  , ELES VAO BARRAR ESSA CPMI  E TODOS FICARÃO  CHUPANDO OS DEDOS.",0,0,0,https://twitter.com/andrefernm/status/1637219739536596994
UthantPim,@UthantP,https://twitter.com/UthantP/status/1637405058382831616,2023-03-19T10:46:02.000Z,👉E  O  VOTO  IMPRESSO  AUDITAVEL  NA  URNA  ELETRÔNICA❓JA  CAIU  NO  ESQUECIMENTO❓,0,0,0,https://twitter.com/andrefernm/status/1637219739536596994
Fabio,@Fabio85049707,https://twitter.com/Fabio85049707/status/1637445970114781186,2023-03-19T13:28:36.000Z,Muuuuuu,0,0,0,https://twitter.com/andrefernm/status/1637219739536596994
