nome,usuario,idTweet,dataPublicacao,texto,replies,retweets,likes,tweetPai
Fabiana Barroso,@fabifbbr,https://twitter.com/fabifbbr/status/1637862252106637321,2023-03-20T17:02:45.000Z,💪🏻,3,0,86,https://twitter.com/andrefernm/status/1637849614001881089
SOUL,@Scarlet73289052,https://twitter.com/Scarlet73289052/status/1637854007128387584,2023-03-20T16:29:59.000Z,Vejam que os infiltrados não passaram pela revista. #CPMI8deJaneiroJá #CPMIdo08deJaneiroJá,1,4,9,https://twitter.com/andrefernm/status/1637849614001881089
maria do carmo de souza,@mcrdesouza,https://twitter.com/mcrdesouza/status/1637851589745467399,2023-03-20T16:20:23.000Z,Estamos aguardando a instalação.,0,0,7,https://twitter.com/andrefernm/status/1637849614001881089
Dani L,@DanielaLeporati,https://twitter.com/DanielaLeporati/status/1637851898249093122,2023-03-20T16:21:37.000Z,"Já demorou demais para iniciar a CPMI, mais de 20 dias, chegou a hora de exigirem essa convocação!",1,1,32,https://twitter.com/andrefernm/status/1637849614001881089
Bernardo Villemon,@Bernard28444113,https://twitter.com/Bernard28444113/status/1637861613154754582,2023-03-20T17:00:13.000Z,"Essa CPMI é patética , querem descobrir pelo em ovo . Na verdade querem bagunçar a votação de pautas importantes como a reforma tributária.",0,0,8,https://twitter.com/andrefernm/status/1637849614001881089
Malya,@MrciaRo99063017,https://twitter.com/MrciaRo99063017/status/1637894826090811401,2023-03-20T19:12:11.000Z,"Estão foi a do ""senado"" q foi derrubada p ex detento?🤔",1,2,7,https://twitter.com/andrefernm/status/1637849614001881089
Claumari.,@Claud565637,https://twitter.com/Claud565637/status/1637862648816517120,2023-03-20T17:04:20.000Z,"Em frente deputado. 
Queremos saber.",0,0,4,https://twitter.com/andrefernm/status/1637849614001881089
Rosana Santos,@zana210466,https://twitter.com/zana210466/status/1637851406458662912,2023-03-20T16:19:39.000Z,"Estamos cansados de saber disso, a pergunta é quando vai iniciar ?  Esperar pacheCÃO se manifestar por vontade própria é uma piada , deboche com a cara dos eleitores.",0,0,32,https://twitter.com/andrefernm/status/1637849614001881089
Marcia Costa,@MarciaC50520655,https://twitter.com/MarciaC50520655/status/1637868264708530191,2023-03-20T17:26:39.000Z,Sr @rodrigopacheco irá acordar qdo do sono profundo?????,0,0,2,https://twitter.com/andrefernm/status/1637849614001881089
Marcia Costa,@MarciaC50520655,https://twitter.com/MarciaC50520655/status/1637868820172791810,2023-03-20T17:28:51.000Z,Sr está prevaricando @rodrigopacheco ??????,0,0,2,https://twitter.com/andrefernm/status/1637849614001881089
@evavieira,@evavieira,https://twitter.com/evaviei76202212/status/1638137114410856456,2023-03-21T11:14:57.000Z,Enrolaçao com. Seus eleitores continua. 😂😂😂😂,0,0,1,https://twitter.com/andrefernm/status/1637849614001881089
João Luis Coelho de Magalhães,@SentaPua75,https://twitter.com/SentaPua75/status/1637850199358951424,2023-03-20T16:14:51.000Z,"Pressão para a convocação do congresso nacional.

Bora !!!!",1,2,20,https://twitter.com/andrefernm/status/1637849614001881089
Beth P,@hebepalermo,https://twitter.com/hebepalermo/status/1637852100519419906,2023-03-20T16:22:25.000Z,Façam pressão travando outras pautas para o Pacheco abrir logo essa CPMI.,3,3,29,https://twitter.com/andrefernm/status/1637849614001881089
Ricardo Alencar Malh,@RicardoMalh,https://twitter.com/RicardoMalh/status/1637850003849854978,2023-03-20T16:14:05.000Z,Parabéns Deputado André Fernandes ! 🇧🇷,0,0,2,https://twitter.com/andrefernm/status/1637849614001881089
Luk30719643,@luk307196432,https://twitter.com/luk307196432/status/1637870309394075648,2023-03-20T17:34:46.000Z,"Com essa balbúrdia no RN, se for decretada intervenção federal, não irá paralisar toda e qualquer  cpi/cpmi? Se positivo, vejam as movimentações do Pachecú, enviando pedido de intervenção, que recebeu, ao Mula. Pressionem esse sujeito.",1,0,1,https://twitter.com/andrefernm/status/1637849614001881089
ceruliansky,@ceruliansky1,https://twitter.com/ceruliansky1/status/1637852468905230337,2023-03-20T16:23:53.000Z,Acho bom q saia de cena a CPI da Soraya. Mas pq o pt iria trabalhar contra a CPI do senado?twitter.com/TerraBrasilnot/status/1637846208357060609?t=hdLdR6f4AA87CtOcaMDaBQ&s=19…,1,0,4,https://twitter.com/andrefernm/status/1637849614001881089
Hiago Almeida,@HiagoAl11158879,https://twitter.com/HiagoAl11158879/status/1637850007276584960,2023-03-20T16:14:06.000Z,"Pra cima, CPMI já!",0,0,5,https://twitter.com/andrefernm/status/1637849614001881089
Eduardo Black,@Eduardo12383988,https://twitter.com/Eduardo12383988/status/1637851184403734528,2023-03-20T16:18:46.000Z,"Pra cima, não vamos desistir!",0,0,1,https://twitter.com/andrefernm/status/1637849614001881089
Geni Santos,@GeniFreitasdos3,https://twitter.com/GeniFreitasdos3/status/1637930115299528705,2023-03-20T21:32:25.000Z,É AMANHÃ TERÇA FEIRA 21/03/23 que o Pacheco vai abrir a sessão e fazer a leitura!!! Façam um escândalo se ele enrolar!,0,0,1,https://twitter.com/andrefernm/status/1637849614001881089
Sávio Siqueira,@saviosiqueira,https://twitter.com/saviosiqueira/status/1637858592605757457,2023-03-20T16:48:13.000Z,"Xiii, agora vão trabalhar, né?",0,0,1,https://twitter.com/andrefernm/status/1637849614001881089
Amanda M | BOLSONARO PRA SEMPRE,@amandamoraes500,https://twitter.com/amandamoraes500/status/1637899057694904320,2023-03-20T19:29:00.000Z,Começa quando?,0,0,1,https://twitter.com/andrefernm/status/1637849614001881089
MTF2,@MTF220,https://twitter.com/MTF220/status/1637950947300081666,2023-03-20T22:55:12.000Z,Quero saber quando o Boneco de Olinda irá abrir a sessão no Congresso.,1,0,0,https://twitter.com/andrefernm/status/1637849614001881089
Albertina Conservadora.,@Alberti00175972,https://twitter.com/Alberti00175972/status/1637853268419149824,2023-03-20T16:27:03.000Z,Vai pra cima deles André.,0,0,1,https://twitter.com/andrefernm/status/1637849614001881089
Rogerio Oliveira Oficial 22,@Rogerio71109647,https://twitter.com/Rogerio71109647/status/1638136221527359489,2023-03-21T11:11:24.000Z,Nós da direita estamos é passando vergonha pois não impomos nada nem mesmo sendo maioria.,2,0,0,https://twitter.com/andrefernm/status/1637849614001881089
Nando Antony,@fernandoantony,https://twitter.com/fernandoantony/status/1637850730663927808,2023-03-20T16:16:58.000Z,Posta o link do abaixo assinado,0,0,1,https://twitter.com/andrefernm/status/1637849614001881089
Leila Moreira,@moreira7270,https://twitter.com/moreira7270/status/1638203153010106368,2023-03-21T15:37:22.000Z,"Ok...e vai começar  quando?
Pacheco tem poder total para poder resistir ao maximo de tempo possivel?
Eu pensei que era para ontem ja, mas acho que pacheco vai enrolar tanto que vai acabar em pizza.
Por falta de chamada nele não  é,  porque  então  a demora?",0,0,2,https://twitter.com/andrefernm/status/1637849614001881089
Balbinaabg Bal,@balbinaabg,https://twitter.com/balbinaabg/status/1638316447607734274,2023-03-21T23:07:34.000Z,"E p q vai servir mesmo a cpmi do dia 08/01? P dar palco p mentiras? Ate onde sei ha uma investigação da PF sobre o assunto, o q torna a cpmi completamente dispensável.  Mas o foco e tirar o foco do culpado, ne nao?",0,0,0,https://twitter.com/andrefernm/status/1637849614001881089
NaniOkada,@NaniOkada,https://twitter.com/NaniOkada/status/1637980405474250752,2023-03-21T00:52:15.000Z,Não se deixem enrolar por Pacheco!,0,0,0,https://twitter.com/andrefernm/status/1637849614001881089
R Luiz,@RLuiz_72,https://twitter.com/RLuiz_72/status/1637876319399583758,2023-03-20T17:58:39.000Z,Então pq o Pacheco nao da prosseguimento?? Kd esse traíra??,0,0,0,https://twitter.com/andrefernm/status/1637849614001881089
Rodrigo Amorim,@drigoofc38,https://twitter.com/drigoofc38/status/1638197744077611009,2023-03-21T15:15:53.000Z,@andrefernm não existe uma forma de punir o Pacheco por omissão ou negligência? Caso o contrário ele não vai fazer o pronunciamento.,0,0,0,https://twitter.com/andrefernm/status/1637849614001881089
JbP,@joabosper,https://twitter.com/joabosper/status/1637887519457943575,2023-03-20T18:43:09.000Z,"Qual a desculpa do pachecuzaaaão para essa demora em pautar, já que já tem assinaturas necessárias ⁉️",0,0,0,https://twitter.com/andrefernm/status/1637849614001881089
Cadê o dinheiro que estava aqui?,@DennisonSiquei1,https://twitter.com/DennisonSiquei1/status/1637860102907518980,2023-03-20T16:54:13.000Z,"E o pacheco, a pressão tem de ser sobre ele né?",0,0,0,https://twitter.com/andrefernm/status/1637849614001881089
@lermen,@lermen,https://twitter.com/lermenLermen/status/1637870710142951440,2023-03-20T17:36:22.000Z,Minha opinião é é que não devemos nos iludir..... a CPMI não vai acontecer....,0,0,0,https://twitter.com/andrefernm/status/1637849614001881089
Diogo Arruda,@DiogoAr24433164,https://twitter.com/DiogoAr24433164/status/1638162623119147010,2023-03-21T12:56:19.000Z,"Bora deputado coloca pra tirar nesses salafrários, Pacheco é só um nome de farmácia",0,0,0,https://twitter.com/andrefernm/status/1637849614001881089
Geraldo Morais,@Gerald_Morais_,https://twitter.com/Gerald_Morais_/status/1637933111488004097,2023-03-20T21:44:19.000Z,E porque não começou ainda?,0,0,0,https://twitter.com/andrefernm/status/1637849614001881089
+1brasileira,@mais1brasileir4,https://twitter.com/mais1brasileir4/status/1638044090649509893,2023-03-21T05:05:19.000Z,Até quando vamos precisar esperar até que vocês façam alguma coisa para o @rodrigopacheco trabalhar e parar de prevaricar? Por que não enfiam um processo na fuça dele? Ele não merece o cargo que ocupa!,0,0,0,https://twitter.com/andrefernm/status/1637849614001881089
+1brasileira,@mais1brasileir4,https://twitter.com/mais1brasileir4/status/1638044826812702721,2023-03-21T05:08:14.000Z,"Bora agir, gente! Vocês não tem advogados para orientar o grupo de vcs? Pelo amor de Deus! As vezes parece um bando de amadores!",0,0,0,https://twitter.com/andrefernm/status/1637849614001881089
Carioca do Porto .'.,@CariocadoPorto,https://twitter.com/CariocadoPorto/status/1637878091220410368,2023-03-20T18:05:41.000Z,E o que está faltando para começar???,0,0,0,https://twitter.com/andrefernm/status/1637849614001881089
sempreadireita,@sempreadireita3,https://twitter.com/sempreadireita3/status/1637883187715006465,2023-03-20T18:25:57.000Z,Queremos a CPMI urgente,0,0,0,https://twitter.com/andrefernm/status/1637849614001881089
Jenny,@Jenifer22711941,https://twitter.com/Jenifer22711941/status/1637850018089426947,2023-03-20T16:14:08.000Z,👏 seguimos firmes para pressionar o Pacheco para a leitura,0,0,0,https://twitter.com/andrefernm/status/1637849614001881089
Djan,@Djan00392004,https://twitter.com/Djan00392004/status/1637884349386203143,2023-03-20T18:30:33.000Z,Pacheco tem que ser cobrado dia e noite.,1,0,1,https://twitter.com/andrefernm/status/1637849614001881089
tridico,@tridico6,https://twitter.com/tridico6/status/1637909828021485572,2023-03-20T20:11:48.000Z,"É  pra quando ????
Vai ou não  vai?#CPMIdo08deJaneiroJa",0,0,0,https://twitter.com/andrefernm/status/1637849614001881089
∆™,@enailujribeiro,https://twitter.com/enailujribeiro/status/1637861698286542849,2023-03-20T17:00:33.000Z,Bora 👏👏👏,0,0,0,https://twitter.com/andrefernm/status/1637849614001881089
Nilda Silva II,@SilvanildaII,https://twitter.com/SilvanildaII/status/1637852228823154688,2023-03-20T16:22:55.000Z,"Mas, e aí, só vai ficar nisso mesmo!???  É de total responsabilidade de VCS, representantes do povo, darem seguimentos ou melhor, prosseguimentos ...... Quanta demora!!🥱🤡Queremos cpmi já!!",1,0,2,https://twitter.com/andrefernm/status/1637849614001881089
Frederico Salles,@fredsalles316,https://twitter.com/fredsalles316/status/1637858797535256600,2023-03-20T16:49:01.000Z,Vai dar certo 👏💪🇧🇷🙏,0,0,0,https://twitter.com/andrefernm/status/1637849614001881089
Juan Valencia,@juancgval,https://twitter.com/juancgval/status/1638116885727199232,2023-03-21T09:54:34.000Z,"Já estou ansioso aguardando a convocação dos generais, majores, coronéis p sentar naquela cadeira e se borrar de medo. 
Ñ só militares! Convocação de políticos q incentivaram os atos terroristas, patrocinadores e pastores.",0,0,0,https://twitter.com/andrefernm/status/1637849614001881089
Faz Welly Stiller,@fwstiller,https://twitter.com/fwstiller/status/1637850964773175299,2023-03-20T16:17:54.000Z,Preparam uma queixa-crime contra o Pacheco caso ele descumpra o regimento e deixe de convocar a obrigatória sessão do Congresso essa semana.,1,1,16,https://twitter.com/andrefernm/status/1637849614001881089
shinigami no shi,@shinigami2018,https://twitter.com/shinigami2018/status/1637863738932879364,2023-03-20T17:08:40.000Z,Parabéns André Fernandes é a todos os Senadores e deputados que assinaram essa importante cpmi.,0,1,3,https://twitter.com/andrefernm/status/1637849614001881089
Lailson Alves,@lailsonssj,https://twitter.com/lailsonssj/status/1638116818245021699,2023-03-21T09:54:18.000Z,"Eu não entendi uma coisa. Dizia que a cpmi não precisa da autorização dos presidentes das casas,  para instalar a cpmi do dia 8, e essa demora é só esperando a autorização do Rodrigo Pacheco é isso mesmo ?!🤔",1,0,0,https://twitter.com/andrefernm/status/1637849614001881089
Rivelino Jose Da Silva,@Riva_doSBC8,https://twitter.com/Riva_doSBC8/status/1637852989896417287,2023-03-20T16:25:57.000Z,"Por favor, nos mantenha informado sob a transposição do Rio São Francisco, gostaríamos de saber se as comportas já foram abertas.",0,0,2,https://twitter.com/andrefernm/status/1637849614001881089
EDU,@CinicoEduardo,https://twitter.com/CinicoEduardo/status/1637933672451158016,2023-03-20T21:46:33.000Z,"A sensação que começo a ter é que tem muita gente agitando, mas no fundo estão só ganhando tempo, esperando a canetada do STF para barrar a CPMI 8J.
Infelizmente é a sensação que tenho.",1,0,1,https://twitter.com/andrefernm/status/1637849614001881089
Germano Rabelo,@Germano97648841,https://twitter.com/Germano97648841/status/1638113060089913350,2023-03-21T09:39:22.000Z,"Me responde uma coisa, porque os senadores da sua base Bolsonarista, não estão na lista de assinatura? Exemplo, Flávio Bolsonaro e outros.",1,0,0,https://twitter.com/andrefernm/status/1637849614001881089
kelvi,@kelvymrs,https://twitter.com/kelvymrs/status/1637904429822164995,2023-03-20T19:50:21.000Z,"CPMI esta q vários dos deputados q a assinaram instigaram os atos do dia 08/01, o que esperar? diferentemente dos inúmeros escândalos do governo passado (no min. da educação e saúde) os fatos do dia 8 já estão sendo investigados pelo MPF e PF. pq à direita não pede CPI das joias?",2,0,0,https://twitter.com/andrefernm/status/1637849614001881089
Renato Sugahara ,@Sugahara80,https://twitter.com/Sugahara80/status/1637877488079478788,2023-03-20T18:03:18.000Z,"SENADORES E DEPUTADOS
PROTESTEM NA FRENTE DE PACHECO
PEÇAM VOCÊS O INÍCIO DA CPMI DE 08/JAN",0,0,9,https://twitter.com/andrefernm/status/1637849614001881089
Marcia Maria Lopes De Oliveira,@MarciaMariaLo10,https://twitter.com/MarciaMariaLo10/status/1637875901353402369,2023-03-20T17:56:59.000Z,"Deputado o Pacheco tem que convocar sessão conjunta está semana, porque ele está no trem da alegria do Lula para a China, na próxima semana.",0,2,10,https://twitter.com/andrefernm/status/1637849614001881089
Maria José Silva Dos Anjos,@MariaJo55818973,https://twitter.com/MariaJo55818973/status/1637969821152182275,2023-03-21T00:10:12.000Z,Deus seja louvado. #CPMI080123Ja,0,0,0,https://twitter.com/andrefernm/status/1637849614001881089
nona.viana,@nonaviana1,https://twitter.com/nonaviana1/status/1637850590473601025,2023-03-20T16:16:25.000Z,👏👏👏👏,0,0,0,https://twitter.com/andrefernm/status/1637849614001881089
junior Silva,@AderivaldoSilv3,https://twitter.com/AderivaldoSilv3/status/1637859821633273856,2023-03-20T16:53:06.000Z,Parabéns deputado,0,0,0,https://twitter.com/andrefernm/status/1637849614001881089
Demetrius De Maria ♡,@Demetri57091185,https://twitter.com/Demetri57091185/status/1637977676634898434,2023-03-21T00:41:24.000Z,"Com certeza!
Está quadrilha do sistema,Tem que cair fora!",0,0,0,https://twitter.com/andrefernm/status/1637849614001881089
Ana Clara,@sa_anacla,https://twitter.com/sa_anacla/status/1637926582982508544,2023-03-20T21:18:23.000Z,Porque a demora para a CPMI de 8/1 @rodrigopacheco,0,0,0,https://twitter.com/andrefernm/status/1637849614001881089
Marina Brasil oitava conta,@MayaraR16649459,https://twitter.com/MayaraR16649459/status/1637879359947063297,2023-03-20T18:10:44.000Z,Go 👊👊👊,0,0,0,https://twitter.com/andrefernm/status/1637849614001881089
junior araujo,@juniora77524294,https://twitter.com/juniora77524294/status/1637986265827098624,2023-03-21T01:15:32.000Z,🇧🇷🇧🇷💪🏻💪🏻👏🏻👏🏻👏🏻,0,0,0,https://twitter.com/andrefernm/status/1637849614001881089
Aldo Santos,@c76c893119704ce,https://twitter.com/c76c893119704ce/status/1638180735746965506,2023-03-21T14:08:17.000Z,"Será, que ninguém percebeu, que a corrupção está escancarada....lula criou o ""programa mais médicos "" para lavagem de dinheiro e  financiar os Amigos ditadores de Cuba.",0,0,0,https://twitter.com/andrefernm/status/1637849614001881089
Greicy Toledo,@dragreicy,https://twitter.com/dragreicy/status/1637901370136363009,2023-03-20T19:38:12.000Z,👏🏼👏🏼👏🏼👏🏼,0,0,0,https://twitter.com/andrefernm/status/1637849614001881089
Celeste Censurada,@CelesteBlocked1,https://twitter.com/CelesteBlocked1/status/1637912018454818818,2023-03-20T20:20:30.000Z,"Pra cima do senado e Câmara deputado,  o povo está assinando ,exigimos que a CPMI SEJA FEITA, QUEREMOS JUSTIÇA!",0,0,0,https://twitter.com/andrefernm/status/1637849614001881089
Danny,@DanielaSJlle,https://twitter.com/DanielaSJlle/status/1637891371150221315,2023-03-20T18:58:28.000Z,e pq ainda não aconteceu:???,0,0,0,https://twitter.com/andrefernm/status/1637849614001881089
Nelio,@Nando55639606,https://twitter.com/Nando55639606/status/1637852316429692933,2023-03-20T16:23:16.000Z,Acho difícil,0,0,0,https://twitter.com/andrefernm/status/1637849614001881089
Junior,@Junior35429146,https://twitter.com/Junior35429146/status/1637859947827404800,2023-03-20T16:53:36.000Z,Deputado encosta pachecuzão na parece,0,0,0,https://twitter.com/andrefernm/status/1637849614001881089
Carlos Ruy,@Ruy0803,https://twitter.com/Ruy0803/status/1638012369988100098,2023-03-21T02:59:16.000Z,Engole o choro...🤣🤣🤣🤣🤣🤣🤣,0,0,0,https://twitter.com/andrefernm/status/1637849614001881089
Juliana Inacio,@Juliana29069629,https://twitter.com/Juliana29069629/status/1637889523878076436,2023-03-20T18:51:07.000Z,CPMI DO DIA 08/01 JÁ 🇧🇷,0,0,0,https://twitter.com/andrefernm/status/1637849614001881089
Adriana carvalho,@Adriana73036466,https://twitter.com/Adriana73036466/status/1637879998953431050,2023-03-20T18:13:16.000Z,"Cassação do Pacheco,já sabíamos que iria acontecer isso #cassacaopachecoja",0,0,0,https://twitter.com/andrefernm/status/1637849614001881089
AuroEsmeraldo Reaca,@auroesmeraldo,https://twitter.com/auroesmeraldo/status/1638200404969156611,2023-03-21T15:26:27.000Z,Bando de vendidos,0,0,0,https://twitter.com/andrefernm/status/1637849614001881089
Givonaldo Santos,@GivonaldoSanto1,https://twitter.com/GivonaldoSanto1/status/1638135649713659905,2023-03-21T11:09:08.000Z,"""Nossos representantes no senado"", não estão preocupados com o povo e a nação.",0,0,0,https://twitter.com/andrefernm/status/1637849614001881089
yuri Tanaka,@tan20002162,https://twitter.com/tan20002162/status/1637867792564117513,2023-03-20T17:24:46.000Z,"Confiram na lista do deputado André Fernandes, pq tem muita gente q não assinou,  principalmente os do União Brasil!!",0,0,0,https://twitter.com/andrefernm/status/1637849614001881089
Carlos Gomes,@carlosgomesce,https://twitter.com/carlosgomesce/status/1638573139490684932,2023-03-22T16:07:34.000Z,Kkkkkkkkkkkkk,0,0,0,https://twitter.com/andrefernm/status/1637849614001881089
Gustavo Magalhães,@cscgustavo,https://twitter.com/cscgustavo/status/1637859786212401164,2023-03-20T16:52:57.000Z,"Eu inocentemente achando que seria instalado a cpmi ""automaticamente"", meu Deus, já tô até com medo de não sair.",0,0,1,https://twitter.com/andrefernm/status/1637849614001881089
Anderson Aragão,@AGMAragao,https://twitter.com/AGMAragao/status/1638197496554872834,2023-03-21T15:14:54.000Z,Vergonhoso. Para que servem? Só servem para gastar o tributos pagos pelos contribuintes.,0,0,0,https://twitter.com/andrefernm/status/1637849614001881089
Bruno,@jacas34,https://twitter.com/jacas34/status/1637850756622475271,2023-03-20T16:17:04.000Z,@felipemartinorj,1,0,0,https://twitter.com/andrefernm/status/1637849614001881089
Osmarilda Dona,@OsmarildaD,https://twitter.com/OsmarildaD/status/1638200640370245634,2023-03-21T15:27:23.000Z,Tomara,0,0,0,https://twitter.com/andrefernm/status/1637849614001881089
olga primo,@primo_olga,https://twitter.com/primo_olga/status/1638209749882744834,2023-03-21T16:03:35.000Z,Todos rendidos!,0,0,0,https://twitter.com/andrefernm/status/1637849614001881089
bet,@bet53413670,https://twitter.com/bet53413670/status/1638210121154084867,2023-03-21T16:05:04.000Z,"Pq será que o presidente ze pinguinha,não essa CPI?",0,0,0,https://twitter.com/andrefernm/status/1637849614001881089
Roger Soares Treino Intenso com Resultados,@RogerIntenso,https://twitter.com/RogerIntenso/status/1638193695617851395,2023-03-21T14:59:47.000Z,A luz deve sobrepujar a escuridão. Minha resposta.,0,0,0,https://twitter.com/andrefernm/status/1637849614001881089
Sandra Marques,@SandraM15814283,https://twitter.com/SandraM15814283/status/1637856088258142221,2023-03-20T16:38:15.000Z,Deus os abençoe 🙏 e que @rodrigopacheco instaure a CPMI o povo merece saber Sr. Pacheco.,0,0,1,https://twitter.com/andrefernm/status/1637849614001881089
carolcarolzr,@carolcarolzr,https://twitter.com/carolcarolzr/status/1637883038473363456,2023-03-20T18:25:21.000Z,"André,  porque esta CPMI não foi implementada ainda??? 
É automática,  não é?
A aceitação do Pacheco é indiferente,  não é?
Por favor,  esclareça para nós o que está faltando!!
Obrigada!",1,0,0,https://twitter.com/andrefernm/status/1637849614001881089
Marcos Faria,@Marcossfsfaria,https://twitter.com/Marcossfsfaria/status/1638206227942367233,2023-03-21T15:49:35.000Z,#CPMI08dejaneiro #CPMIdo08deJaneiroJa,0,0,0,https://twitter.com/andrefernm/status/1637849614001881089
aura bueno,@aurabueno9,https://twitter.com/aurabueno9/status/1638161743493976072,2023-03-21T12:52:49.000Z,Isso demonstra que o congresso e Senado serve para que mesmo.,0,0,0,https://twitter.com/andrefernm/status/1637849614001881089
Nilson,@Nilson52621018,https://twitter.com/Nilson52621018/status/1638164909274923013,2023-03-21T13:05:24.000Z,"Se ela não acontecer, vai ser uma escancarada canalhice do sistema.",0,0,0,https://twitter.com/andrefernm/status/1637849614001881089
Leoni Hatzenberger,@LeoniHatzenber1,https://twitter.com/LeoniHatzenber1/status/1638178447402074114,2023-03-21T13:59:12.000Z,Nesse país de vendidos NADA VAI PRA FRENTE,0,0,0,https://twitter.com/andrefernm/status/1637849614001881089
Maria Teresa Maggiotto Sabrá,@TeresaSabra,https://twitter.com/TeresaSabra/status/1638179115114299397,2023-03-21T14:01:51.000Z,👏👏👏👏,0,0,0,https://twitter.com/andrefernm/status/1637849614001881089
Rita De Cassia,@RitaDeC60073755,https://twitter.com/RitaDeC60073755/status/1638178156116078594,2023-03-21T13:58:02.000Z,Graças a Deus.  Vamos vencer com a CPMI,0,0,0,https://twitter.com/andrefernm/status/1637849614001881089
Dorilda Meus Pereira,@meuspereira,https://twitter.com/meuspereira/status/1638162881395998721,2023-03-21T12:57:21.000Z,Deus salve o Brasil 🇧🇷🇧🇷,0,0,0,https://twitter.com/andrefernm/status/1637849614001881089
Marilia Loche,@MariliaLoche,https://twitter.com/MariliaLoche/status/1637867671583612947,2023-03-20T17:24:17.000Z,Queremos a CPMI#CPMIdo08deJaneiroJá,0,0,1,https://twitter.com/andrefernm/status/1637849614001881089
Ivone,@Ivonepatriota,https://twitter.com/Ivonepatriota/status/1637850607640772612,2023-03-20T16:16:29.000Z,Estamos juntos 🇧🇷💚💛💙Você é uma gota de água em um oceano de bandidos. Avante💐,0,0,1,https://twitter.com/andrefernm/status/1637849614001881089
Bruno Albuquerque,@BrunoAl79663672,https://twitter.com/BrunoAl79663672/status/1638744684771278848,2023-03-23T03:29:13.000Z,"Vcs deveriam agradecer ao governo, por barrar essa CPI, afinal com CPI os crimes golpistas do @jairbolsonaro seriam descobertos ele seria preso.",0,0,0,https://twitter.com/andrefernm/status/1637849614001881089
Fujão Bundão,@GislaineDeAlm11,https://twitter.com/GislaineDeAlm11/status/1637852589898301441,2023-03-20T16:24:21.000Z,"André, não pode entrar com um mandado de segurança para instauração da CPMI do dia 08??",0,0,1,https://twitter.com/andrefernm/status/1637849614001881089
MarcosHK,@KobMarcos,https://twitter.com/KobMarcos/status/1637851779424559106,2023-03-20T16:21:08.000Z,"Deputado iniciem os trabalhos
Façam a lista das provas q o Marcos do Val alega ter
1-vídeo de x min mostrando os reais terrostas chegando as yh wmin
2-imagens do gordo chegando no MJ antes da depredação
3-ofícios do GSI para o luladrão
4-
Estão sob sigilo só para serem mostrados",1,2,8,https://twitter.com/andrefernm/status/1637849614001881089
Thais Carvalho,@ThaisCa89161705,https://twitter.com/ThaisCa89161705/status/1637860893252804610,2023-03-20T16:57:21.000Z,"Já tem um mês isso. Qnd q vai começar, de fato???",0,0,1,https://twitter.com/andrefernm/status/1637849614001881089
Albino Ferreira,@AlbinoFerreir10,https://twitter.com/AlbinoFerreir10/status/1637875919288188928,2023-03-20T17:57:04.000Z,"Incrível que para o exercício do bem maior tudo é dificultoso nesse mundo, mas desistir não é a melhor opção.",1,0,1,https://twitter.com/andrefernm/status/1637849614001881089
Alexandre P elizari,@ElizariP,https://twitter.com/ElizariP/status/1637853710456872963,2023-03-20T16:28:49.000Z,Deputado tem que randolfizar no @STF_oficial pra que seja instalada imediatamente,0,0,3,https://twitter.com/andrefernm/status/1637849614001881089
Esther Azuos,@tetesousah,https://twitter.com/tetesousah/status/1637856938279985169,2023-03-20T16:41:38.000Z,"Já que o Pacheco está extrapolando sua autoridade, vocês não podem iniciar sem ele?",1,1,2,https://twitter.com/andrefernm/status/1637849614001881089
Lene Paixão,@LenePaixao1,https://twitter.com/LenePaixao1/status/1637989909234343936,2023-03-21T01:30:01.000Z,#CPMIdo08deJaneiroJá Isso é o que o Brasil quer,0,0,1,https://twitter.com/andrefernm/status/1637849614001881089
Wesley Menotti.,@wesleystamonica,https://twitter.com/wesleystamonica/status/1637851350540091392,2023-03-20T16:19:26.000Z,Deputado não pode passar dessa semana,0,0,2,https://twitter.com/andrefernm/status/1637849614001881089
𝑹𝒐𝒅𝒐𝒍𝒇𝒐 𝑫'𝑶𝒓𝒍𝒆𝒚,@rcsbrpt,https://twitter.com/rcsbrpt/status/1637860290845876224,2023-03-20T16:54:57.000Z,"E mesmo assim, o que fazem nossos valorosos deputados que não pressionaram o @rodrigopacheco até agora? Enquanto isso a esquerda se articula e deve estar com 30 cartas na manga. As vezes, a inaptidão de alguns me impressiona. Já adianto que não é seu caso.",0,1,4,https://twitter.com/andrefernm/status/1637849614001881089
Francisco J. Silva,@Francis21947211,https://twitter.com/Francis21947211/status/1637864176688193545,2023-03-20T17:10:24.000Z,"Na boa, vcs vão acabar ficando sem essa CPMI",0,0,1,https://twitter.com/andrefernm/status/1637849614001881089
Sandro Pacheco,@sepacheco,https://twitter.com/sepacheco/status/1637997850859642880,2023-03-21T02:01:34.000Z,"onda bem , pois sabemos que o senado está 70% vendido para a quadrilha e uma CPI do senado seria terrível. Se o senado fosse confiavel, Alexandre, Gilmar, Carmem  Lewandowski e Barroso já teriam sido chutados do STF!",0,0,0,https://twitter.com/andrefernm/status/1637849614001881089
,@Horle5,https://twitter.com/Horle5/status/1637878286930919426,2023-03-20T18:06:28.000Z,"Na real, tava me lixando pra essa CPI da onça falida. Que venha a CPMI! 👊",0,0,0,https://twitter.com/andrefernm/status/1637849614001881089
cleide calasans,@CleideCalasans,https://twitter.com/CleideCalasans/status/1638143570317131777,2023-03-21T11:40:37.000Z,"Tem que ser aqueles que se sente mulher, uai eles tem mais força, isso não dá pra discutir, e fato.",0,0,0,https://twitter.com/andrefernm/status/1637849614001881089
Valdirio Nicoletti,@ValdirioN,https://twitter.com/ValdirioN/status/1637954992861577216,2023-03-20T23:11:16.000Z,acho que está demorando demais isso aí,0,0,0,https://twitter.com/andrefernm/status/1637849614001881089
,@cacaucacau009,https://twitter.com/cacaucacau009/status/1637891350443044864,2023-03-20T18:58:23.000Z,Cpmi 8 janeiro 🙏👏👏👏🇧🇷🇧🇷🇧🇷🇧🇷,0,0,0,https://twitter.com/andrefernm/status/1637849614001881089
katia lima,@katialima060578,https://twitter.com/katialima060578/status/1638029494006042624,2023-03-21T04:07:19.000Z,Eles sabem a verdade por isto não querem CPMI,0,0,0,https://twitter.com/andrefernm/status/1637849614001881089
VS. gaúcha,@VeraB1975,https://twitter.com/VeraB1975/status/1637996930910367746,2023-03-21T01:57:55.000Z,Vamos lá 🙏,0,0,0,https://twitter.com/andrefernm/status/1637849614001881089
Elismar Geraldo Dos Anjos,@anjos_elismar,https://twitter.com/anjos_elismar/status/1637933888118079489,2023-03-20T21:47:24.000Z,Se tem as ass pq o lira não instala ela?,0,0,0,https://twitter.com/andrefernm/status/1637849614001881089
Rosangela Pontes,@Rosange76581699,https://twitter.com/Rosange76581699/status/1637862696652529679,2023-03-20T17:04:31.000Z,Cadê o PACHÊCO q não abre logo essa CPMI? Pacheco está atrasando a porque?,0,0,0,https://twitter.com/andrefernm/status/1637849614001881089
𝙼𝚎𝚗𝚝𝚊𝚕𝚒𝚜𝚝𝚊 ,@neuroprogram,https://twitter.com/neuroprogram/status/1637859317469573120,2023-03-20T16:51:05.000Z,"Que haverá a CPI eu não duvido.
O que eu duvido é que vá dar em alguma punição de fato!",0,0,1,https://twitter.com/andrefernm/status/1637849614001881089
Cássio M Papini,@cmpapini,https://twitter.com/cmpapini/status/1637901338863362051,2023-03-20T19:38:04.000Z,Essa ñ tinha que sair mesmo. Vamos para de fazer fumaça. 🤷🏻‍♂️🤷🏻‍♂️🤷🏻‍♂️🤷🏻‍♂️,0,0,1,https://twitter.com/andrefernm/status/1637849614001881089
Vi,@Vi_Massa9,https://twitter.com/Vi_Massa9/status/1637853502293565455,2023-03-20T16:27:59.000Z,Fora o abaixo assinado,0,1,0,https://twitter.com/andrefernm/status/1637849614001881089
Kravus19,@FernandoCravei9,https://twitter.com/FernandoCravei9/status/1638139454521999360,2023-03-21T11:24:15.000Z,"Se o Povo não for às Ruas por essa do 8Janeiro, nem essa vai sair. O sistema tem tudo minado e vai fazer de tudo para impedir. Olho vivo que eles estão vindo com o sangue nos olhos e a manha de sempre",0,0,1,https://twitter.com/andrefernm/status/1637849614001881089
Elza Camelo da Silva,@elzacamelo,https://twitter.com/elzacamelo/status/1637967116929212417,2023-03-20T23:59:27.000Z,#CPMIdo08deJaneiroJa,0,1,1,https://twitter.com/andrefernm/status/1637849614001881089
Mezzomo,@Mezzomo22,https://twitter.com/Mezzomo22/status/1637919058229116936,2023-03-20T20:48:29.000Z,VAI ASSINAR A CPMI @paulambelmonte,0,0,0,https://twitter.com/andrefernm/status/1637849614001881089
Jose luiz Bezerra,@Bezer12Joseluiz,https://twitter.com/Bezer12Joseluiz/status/1637862891612168211,2023-03-20T17:05:18.000Z,#forapacheco,0,0,0,https://twitter.com/andrefernm/status/1637849614001881089
Sergio Polo,@spsergiopolo,https://twitter.com/spsergiopolo/status/1637880933570191378,2023-03-20T18:16:59.000Z,Tem assinatura suficiente mas não anda ..,0,0,0,https://twitter.com/andrefernm/status/1637849614001881089
JbP,@joabosper,https://twitter.com/joabosper/status/1637887972233060361,2023-03-20T18:44:57.000Z,⚠️👇,0,0,0,https://twitter.com/andrefernm/status/1637849614001881089
Luana Malheiro,@LuanaMalheiro4,https://twitter.com/LuanaMalheiro4/status/1637852837219581953,2023-03-20T16:25:20.000Z,"Chama o congresso , veículos de televisão , lives, vão ter q nos ouvir ....@rodrigopacheco tá esperando o q?? Essa população de bem que paga seu salário quer respostas",0,0,1,https://twitter.com/andrefernm/status/1637849614001881089
Vovó Mafalda,@VovoMafalda9,https://twitter.com/VovoMafalda9/status/1637852320762298370,2023-03-20T16:23:17.000Z,"Deus nos ajude, pq o Pacheco não vai!",0,1,3,https://twitter.com/andrefernm/status/1637849614001881089
Gisele T,@gigiba02,https://twitter.com/gigiba02/status/1637883613759807504,2023-03-20T18:27:38.000Z,Andre por gentileza foquem nessa e DIVULGUEM A CPI DO ABUSO DE AUTORIDADE.,0,0,0,https://twitter.com/andrefernm/status/1637849614001881089
ester,@EsterlaineAvila,https://twitter.com/EsterlaineAvila/status/1638332873013903364,2023-03-22T00:12:50.000Z,"Deputado, alguem tem que enquadrar o fdp do Pacheco!! Já deu!!",0,0,0,https://twitter.com/andrefernm/status/1637849614001881089
LELEO SAYONARA,@kebrandonaslet1,https://twitter.com/kebrandonaslet1/status/1638197266472218630,2023-03-21T15:13:59.000Z,"Rapaz, como é fácil fazer bolsonarista de TROUXA HAUHSUAHAHAHAHSHHSUAHAHAYA PQP Q GENTE BURRA",0,0,0,https://twitter.com/andrefernm/status/1637849614001881089
sudive,@suelichi,https://twitter.com/suelichi/status/1637852621737189382,2023-03-20T16:24:29.000Z,"Vc e outros senadores/deputados deveriam ficar na porta da prisão até que todos os patriotas sejam soltos! Mostrem que o Brasil não aguenta mais abusos de poder! Deitem no chão, sejam arrastados para prisão, mostrem ao mundo que os homens de bem não aguentam mais esta situação",1,0,0,https://twitter.com/andrefernm/status/1637849614001881089
Caminhao Carga,@CaminhaoCarga,https://twitter.com/CaminhaoCarga/status/1638209265121869824,2023-03-21T16:01:39.000Z,"DEPSENADODEPUTADOSRES QUE Ñ  ASSINAREM,  DEVERÃO SOFRER PRESSÄO DOS ELEITORES QUE OS CONDUZIRAM AOS CARGOS...NÃO PASSAM DE CANALHAS TRAIDORES DA POPULAÇÃO.",0,0,0,https://twitter.com/andrefernm/status/1637849614001881089
José,@opulodomacaco,https://twitter.com/opulodomacaco/status/1637937248464240641,2023-03-20T22:00:46.000Z,"Cara de pau! Tu é o investigado que quer ser o investigador... Cadê, continua raspando o caneco com o espelho no chão?",0,0,0,https://twitter.com/andrefernm/status/1637849614001881089
Jefferson,@Jeefferson_87,https://twitter.com/Jeefferson_87/status/1637995553710587905,2023-03-21T01:52:27.000Z,"Triste ver um senado vendido...
Como a maquininha infraudavel é justa...
Como um país chega a cogitar um descondenado a ser presidente da sua nação,  como chegamos até aqui.
Deus pode zerar essa merd4, cagamos com tudo...",0,0,0,https://twitter.com/andrefernm/status/1637849614001881089
Henri Victor,@HenriVictor13,https://twitter.com/HenriVictor13/status/1638122037884473345,2023-03-21T10:15:03.000Z,Vá trabalhar parasita. Serviço não falta !!,0,0,0,https://twitter.com/andrefernm/status/1637849614001881089
DebQuintans,@Deborahsmf,https://twitter.com/Deborahsmf/status/1638124729386119168,2023-03-21T10:25:45.000Z,"Calma tchutchuca, daqui a pouco as investigações chega no cabeça da arruaça, o fugitivo … 🤣🤣🤣🤣🤣🤣",0,0,0,https://twitter.com/andrefernm/status/1637849614001881089
BritoJames2984,@Britojames29,https://twitter.com/Britojames29/status/1637943522073497600,2023-03-20T22:25:41.000Z,SENADO FEDERAL TOTALMENTE ACOVARDADO E SUBMISSO AO STF.,0,0,1,https://twitter.com/andrefernm/status/1637849614001881089
Carcamano II,@mradv22,https://twitter.com/mradv22/status/1637882035803922436,2023-03-20T18:21:22.000Z,"Vcs são moleques. 
Ou instaura de ofício ou algo não está certo. 
Enfie o abaixo assinado no 👌🏼Essa merd@ não tem poder de polícia e só serve de palanque. 
Já temos as polícias pra isso, inste-as.",1,0,1,https://twitter.com/andrefernm/status/1637849614001881089
Milson Santos,@ire_rocha01,https://twitter.com/ire_rocha01/status/1638180679598096384,2023-03-21T14:08:04.000Z,"Vai trabalhar coça toba, deixa de tá causando confusão e querendo criar algo que existe na rua cabeça e dos criminosos que tu apóia, tu foi um dos que incitou os atos e agora vem com essa, vá ga bUn do",0,0,0,https://twitter.com/andrefernm/status/1637849614001881089
Ana Pontes,@OracoesB,https://twitter.com/OracoesB/status/1637852755023765505,2023-03-20T16:25:01.000Z,É verdade esse BILHETE ⬇️❓,1,0,0,https://twitter.com/andrefernm/status/1637849614001881089
