nome,usuario,idTweet,dataPublicacao,texto,replies,retweets,likes,tweetPai
Emerson do PT,@Emersonbalzac,https://twitter.com/Emersonbalzac/status/1637716977559953408,2023-03-20T07:25:29.000Z,Bolsonaro é a Morte Propriamente Dita.,0,0,1,https://twitter.com/BohnGass/status/1637624925631524865
Marcos Antonio,@Marcos_Alves01,https://twitter.com/Marcos_Alves01/status/1637626002393161729,2023-03-20T01:23:59.000Z,"Não esquecer que foram autorizadas pelo exército, conivente e cúmplice de tudo!",0,0,2,https://twitter.com/BohnGass/status/1637624925631524865
Alberton Viana,@albertonviana,https://twitter.com/albertonviana/status/1637627319987716097,2023-03-20T01:29:13.000Z,Por gentileza me responde tu gostaria de mudar pros EUA?,1,0,0,https://twitter.com/BohnGass/status/1637624925631524865
Undefeatteam 2,@Undefeatteam,https://twitter.com/Undefeatteam/status/1637824919009370113,2023-03-20T14:34:24.000Z,jura? e como os bandidos matavam e roubavam antes??? me diz ai...,0,0,0,https://twitter.com/BohnGass/status/1637624925631524865
Rodolfo de Souza,@Rodolfo15set,https://twitter.com/Rodolfo15set/status/1637682856586559488,2023-03-20T05:09:54.000Z,Muitos crimes atribuídos a cacs encheram os noticiários. E até hoje a coisa não parou. Não concebo a ideia do cão dos infernos sair impune de tudo o que fez contra este país.,0,0,1,https://twitter.com/BohnGass/status/1637624925631524865
ABI,@ABII32561483,https://twitter.com/ABII32561483/status/1637687912316715013,2023-03-20T05:29:59.000Z,"Bolsoladrão e os falsos ""generais"" têm que irem presos",0,0,0,https://twitter.com/BohnGass/status/1637624925631524865
FALEI -Frente Ampla Legal e Independente,@LeiMaiorCF1988,https://twitter.com/LeiMaiorCF1988/status/1637644935754072065,2023-03-20T02:39:13.000Z,"O GOVERNO NÃO DEVE ACEITAR AGIOTAS DE ECONOMIA MISTA . Quando BANCOS pagam 0,5% de poupança e cobram criminosos juros estão roubando AUXÍLIOS/ Aposentadorias/Casa própria e Dignidade. Nao podem cobrar dos pobres juros acima de 30% do que pagam na poupança.",0,0,0,https://twitter.com/BohnGass/status/1637624925631524865
