nome,usuario,idTweet,dataPublicacao,texto,replies,retweets,likes,tweetPai
Ainos,@sonialimapires,https://twitter.com/sonialimapires/status/1637886018207490048,2023-03-20T18:37:11.000Z,Apologia a arte morte? PRIMEIRO DESARMEM OS TRAFICANTES.,0,0,0,https://twitter.com/BohnGass/status/1637608902941351936
Leni Alvarez,@SirleniGallardo,https://twitter.com/SirleniGallardo/status/1638129674944389120,2023-03-21T10:45:24.000Z,CASSAÇÃO E JÚLIA NA CADEIA,0,0,1,https://twitter.com/BohnGass/status/1637608902941351936
Lula Presidente do BRASIL!,@ncsa65_19,https://twitter.com/ncsa65_19/status/1637754462176526336,2023-03-20T09:54:26.000Z,#CassacaoJuliaZanattaSC,0,1,0,https://twitter.com/BohnGass/status/1637608902941351936
Beto,@Beto1berto,https://twitter.com/Beto1berto/status/1638151662157066242,2023-03-21T12:12:46.000Z,"A imagem, na camisa, tem uma mensagem p/ o grupo da externa direita. Ela realizou uma ameaça, não resta dúvida. O q a @camaradeputados fará a respeito disso? Sr @ArthurLira_ não incorra nos mesmos erros, da década de 90, qdo não puniram um Deputado q tbm ameaçou outro presidente.",0,0,0,https://twitter.com/BohnGass/status/1637608902941351936
Moira A. Cunha,@CunhaMoira,https://twitter.com/CunhaMoira/status/1637969455291547648,2023-03-21T00:08:44.000Z,"é matadora profissional então,?",0,0,1,https://twitter.com/BohnGass/status/1637608902941351936
Márcia,@MarciaSil_,https://twitter.com/MarciaSil_/status/1637935104923238405,2023-03-20T21:52:15.000Z,JÚLIA NA CADEIA!!!!,0,0,0,https://twitter.com/BohnGass/status/1637608902941351936
Emerson do PT,@Emersonbalzac,https://twitter.com/Emersonbalzac/status/1637725633915637761,2023-03-20T07:59:53.000Z,Essa Armamentista Bolsonarista só podia ser de Santa Catarina.,1,0,2,https://twitter.com/BohnGass/status/1637608902941351936
Barbosa,@Barbosa64332501,https://twitter.com/Barbosa64332501/status/1637777286446317568,2023-03-20T11:25:08.000Z,"Blá-blá-blá,  vai trabalhar,           vaga 6und0!",1,0,3,https://twitter.com/BohnGass/status/1637608902941351936
Márcio da Silva,@Mrcioda03365895,https://twitter.com/Mrcioda03365895/status/1637914175140757504,2023-03-20T20:29:04.000Z,Sério mesmo ?????,0,0,0,https://twitter.com/BohnGass/status/1637608902941351936
medusa,@gfojudice,https://twitter.com/gfojudice/status/1637610188722020352,2023-03-20T00:21:08.000Z,Não é trabalho. É cometimento de crime.,0,1,4,https://twitter.com/BohnGass/status/1637608902941351936
Claudia 13,@clauregsil,https://twitter.com/clauregsil/status/1637934947821395968,2023-03-20T21:51:37.000Z,"JULIA NA CADEIA

Que trabalho? Fez pohrra nenhuma pelo país até hoje.",0,0,0,https://twitter.com/BohnGass/status/1637608902941351936
Hilário Merico Jr,@MericoJr,https://twitter.com/MericoJr/status/1637956597782642690,2023-03-20T23:17:39.000Z,#JULIANACADEIA,0,0,0,https://twitter.com/BohnGass/status/1637608902941351936
Lanis,@LanaVianna2,https://twitter.com/LanaVianna2/status/1638272134425214978,2023-03-21T20:11:29.000Z,"Cassada por vida, bens embargados e presa. A impunidade tem que acabar",0,0,0,https://twitter.com/BohnGass/status/1637608902941351936
Let me Free,@MosesLula2022,https://twitter.com/MosesLula2022/status/1637698196670382082,2023-03-20T06:10:51.000Z,Tem q cassar o mandato dela.,0,0,0,https://twitter.com/BohnGass/status/1637608902941351936
Carlos,@Carlos90552739,https://twitter.com/Carlos90552739/status/1637778861512425472,2023-03-20T11:31:23.000Z,#cassaçãoJa,0,0,0,https://twitter.com/BohnGass/status/1637608902941351936
N. Rubinstein,@NDaSilva6,https://twitter.com/NDaSilva6/status/1637916718189215745,2023-03-20T20:39:11.000Z,JÚLIA NA CADEIA,0,0,0,https://twitter.com/BohnGass/status/1637608902941351936
Martha Queiroz,@MarthaQueiroz3,https://twitter.com/MarthaQueiroz3/status/1637616197528174594,2023-03-20T00:45:01.000Z,Falou tudo Deputado John Gás e.,1,0,0,https://twitter.com/BohnGass/status/1637608902941351936
Ana Bonini,@AnaBonini14,https://twitter.com/AnaBonini14/status/1637954485434609664,2023-03-20T23:09:15.000Z,#JULIACASSADA,0,0,0,https://twitter.com/BohnGass/status/1637608902941351936
Stela Monteiro,@StelaMonteiro8,https://twitter.com/StelaMonteiro8/status/1637940750452158466,2023-03-20T22:14:41.000Z,"Não é apologia à morte, não. É apologia à liberdade. Em Cuba o povo armado é proibido assim não podem se revoltar e colocar pra fora os governos comunistas que representa  o atraso e a falta de liberdade . Qdo tem oportunidade fogem pra Flórida .",0,0,0,https://twitter.com/BohnGass/status/1637608902941351936
MenteLiberdade,@Menteliberdade,https://twitter.com/Menteliberdade/status/1637763767286001665,2023-03-20T10:31:24.000Z,Cale a boca gasoso.,0,0,0,https://twitter.com/BohnGass/status/1637608902941351936
denisebastos,@deniseb73504395,https://twitter.com/deniseb73504395/status/1637950847760887808,2023-03-20T22:54:48.000Z,Julia na cadeia @ArthurLira_ 👀,0,0,0,https://twitter.com/BohnGass/status/1637608902941351936
Quidaniro Mourao,@mouraoabadias99,https://twitter.com/mouraoabadias99/status/1637948102664396800,2023-03-20T22:43:53.000Z,"Quebra de decoro um caralho, e aqueles traficantes do morro com suas armas legalizadas matando inocentes, que nome que da a isso?",0,0,0,https://twitter.com/BohnGass/status/1637608902941351936
Daurizete Sousa,@DaurizeteSousa,https://twitter.com/DaurizeteSousa/status/1638322109221945347,2023-03-21T23:30:04.000Z,"Verdade.  Coisa horrível ter que chamar uma acéfala dessa de "" deputada""",0,0,0,https://twitter.com/BohnGass/status/1637608902941351936
Felipe Macedo,@Felipejfm2019,https://twitter.com/Felipejfm2019/status/1637812435657666565,2023-03-20T13:44:48.000Z,"é o trabalho deles. Sem isso não têm mais nada  a oferecer ao país. Adoram ""lacrar"" e apenas isso.",0,0,0,https://twitter.com/BohnGass/status/1637608902941351936
trago boas notícias #semanistia,@diasmelhoresbr,https://twitter.com/diasmelhoresbr/status/1637673400930906113,2023-03-20T04:32:19.000Z,"Informo que essa sujeita é uma Zé ninguém com uma biografia ridícula e está adorando que o nome dela fique conhecido... Ou ajam pra realmente cassar ou não fiquem dando declaração em vão, deputado",0,0,0,https://twitter.com/BohnGass/status/1637608902941351936
Ri 2018,@Ri2018,https://twitter.com/Ri2018/status/1637971885483802624,2023-03-21T00:18:24.000Z,"Quebra de decoro e tirar um FDP condenado pilantra corrupto parasita verme da cadeia e colocá-lo como presidente!
O povo brasileiro é muito pacífico! Tinha que invadir o congresso armado quando todos esses fdps estivessem lá ! PT podre !",0,0,0,https://twitter.com/BohnGass/status/1637608902941351936
Cino Silva,@AlvesMercino,https://twitter.com/AlvesMercino/status/1637767348869386241,2023-03-20T10:45:38.000Z,"O  compa eu sei q a senhora já me ajudou e agradeço de coração. Eu fiz uma rifinha c prêmio 100 reais p quem ganhar, p eu comprar uma feirinha. Se possível compra um bilhete na minha rifa. Desculpa pedi",0,0,0,https://twitter.com/BohnGass/status/1637608902941351936
