nome,usuario,idTweet,dataPublicacao,texto,replies,retweets,likes,tweetPai
Professor Carlos Barros,@profcabarros,https://twitter.com/profcabarros/status/1637642955384057859,2023-03-20T02:31:21.000Z,Parabéns pelo trabalho Deputado. Temos uma longa batalha pela frente.,0,0,15,https://twitter.com/andrefernm/status/1637642478416166912
SIF,@LSRC73,https://twitter.com/LSRC73/status/1637682624444375041,2023-03-20T05:08:58.000Z,"Precisamos pressionar esse vendido!!! Não dá mais para protelar!!!! Tá muito escancarado essa canalhice toda!!!! Acreditamos em vcs, contamos com vcs! Não vamos deixar passar!!!! 🙏🏾🇧🇷🙏🏾🇧🇷🙏🏾🇧🇷🙏🏾",0,0,6,https://twitter.com/andrefernm/status/1637642478416166912
Patricia Cabral,@Patriciarcabral,https://twitter.com/Patriciarcabral/status/1637650021364518913,2023-03-20T02:59:25.000Z,E vocês ficarão refém da boa vontade do Pachecao? Ou vão agir e denunciar ele por prevaricação?,1,1,11,https://twitter.com/andrefernm/status/1637642478416166912
+1brasileira,@mais1brasileir4,https://twitter.com/mais1brasileir4/status/1637644565912977408,2023-03-20T02:37:45.000Z,@rodrigopacheco prevaricando! Entrem com processo!,1,0,5,https://twitter.com/andrefernm/status/1637642478416166912
Betania,@BetaniaUSA2022,https://twitter.com/BetaniaUSA2022/status/1637674529223852033,2023-03-20T04:36:48.000Z,Então fala para o Lira cobrar dele. 😡,0,1,1,https://twitter.com/andrefernm/status/1637642478416166912
Anderson,@anscrf,https://twitter.com/anscrf/status/1637645658654908422,2023-03-20T02:42:05.000Z,"Pacheco deveria ser cassado
Ele já trouxe enormes prejuízos ao país",1,3,44,https://twitter.com/andrefernm/status/1637642478416166912
Viviane Damasceno,@Viviane32794959,https://twitter.com/Viviane32794959/status/1637654754733051904,2023-03-20T03:18:14.000Z,Pacheco tinha que ser cassado por omissão.,0,0,4,https://twitter.com/andrefernm/status/1637642478416166912
General Girão Monteiro,@GeneralGirao,https://twitter.com/GeneralGirao/status/1637775475585040386,2023-03-20T11:17:56.000Z,Não deixar a pauta dormir na gaveta do Sr. Pacheco; essa é a missão! 💪🇧🇷,7,5,130,https://twitter.com/andrefernm/status/1637642478416166912
João Luis Coelho de Magalhães,@SentaPua75,https://twitter.com/SentaPua75/status/1637644071987556352,2023-03-20T02:35:47.000Z,"Ou seja .....
As MPs do governo vão perder a validade caso não seja convocado o congresso.
Não tem cpmi e não tem 37 Ministérios.
O caos nas portas do Lula",0,1,13,https://twitter.com/andrefernm/status/1637642478416166912
Beth Prado,@BethPrado4,https://twitter.com/BethPrado4/status/1637670031319285766,2023-03-20T04:18:56.000Z,"André, o Coronel da PM do DF, tá escancarando as Tretas . E o Pacheco Prevaricando?",11,24,61,https://twitter.com/andrefernm/status/1637642478416166912
Cadê o dinheiro que estava aqui?,@DennisonSiquei1,https://twitter.com/DennisonSiquei1/status/1637802638019383302,2023-03-20T13:05:52.000Z,"Isso se chama falta de caráter e rabo preso do presidente do Congresso. Fora Pacheco, se ele não cumpre as suas obrigações que seja retirado do cargo né?",0,0,0,https://twitter.com/andrefernm/status/1637642478416166912
Maria Paula,@mariapaularfer,https://twitter.com/mariapaularfer/status/1637859015920082961,2023-03-20T16:49:54.000Z,Travem!,0,0,0,https://twitter.com/andrefernm/status/1637642478416166912
Miguel Santos,@MiguelS64033814,https://twitter.com/MiguelS64033814/status/1637800280442953728,2023-03-20T12:56:30.000Z,"Força Guerreiro, Saúde e Paz, Estamos Juntos, Parabéns pelo Belo Desempenho Legislativo.",0,0,0,https://twitter.com/andrefernm/status/1637642478416166912
Lucimaravilhosa,@lucimar_gde,https://twitter.com/lucimar_gde/status/1637809311651975169,2023-03-20T13:32:23.000Z,Já está tudo combinado!  O BRASIL JÁ ERA!,0,0,0,https://twitter.com/andrefernm/status/1637642478416166912
@lermen,@lermen,https://twitter.com/lermenLermen/status/1637865249788289042,2023-03-20T17:14:40.000Z,"A pauta está travada e assim vai ficar, infelizmente",0,0,0,https://twitter.com/andrefernm/status/1637642478416166912
VOU PEDIR MAIS UMA,@VouPedirMaisUma,https://twitter.com/VouPedirMaisUma/status/1637934998572650496,2023-03-20T21:51:49.000Z,Congresso vendido. Reelegeram esse Pacheco.  @rogeriosmarinho nós estamos com vc.,0,0,0,https://twitter.com/andrefernm/status/1637642478416166912
Karina,@karinagdani,https://twitter.com/karinagdani/status/1637824380163047424,2023-03-20T14:32:16.000Z,"Bora @rodrigopacheco, bora trabalhar",0,0,1,https://twitter.com/andrefernm/status/1637642478416166912
Emilia Gauna,@EmiliaGauna11,https://twitter.com/EmiliaGauna11/status/1637777420768903168,2023-03-20T11:25:40.000Z,O que temos que fazer? Pra apura essa cpmi!,0,0,0,https://twitter.com/andrefernm/status/1637642478416166912
Dani L,@DanielaLeporati,https://twitter.com/DanielaLeporati/status/1637769663818989570,2023-03-20T10:54:50.000Z,Vocês deputados e senadores precisam exigir essa assinatura.,0,0,2,https://twitter.com/andrefernm/status/1637642478416166912
José Maria,@Jose_Maria_67,https://twitter.com/Jose_Maria_67/status/1637869615089868805,2023-03-20T17:32:01.000Z,"André se os Dep. e Sen. não fuzerem Preção pracima do Pacheco ? Ele vai Ficar Enrrolando Até Desistir dessa CPMI .Não é atoa que ele está enrrolando ! Tem Alguma Coiza Por Traz disto. Algo Está Errado .Deputados e Senadores , o Povo Brasileiro Esta Esperando a Resposta ?
 CADÊ ?",0,0,0,https://twitter.com/andrefernm/status/1637642478416166912
Inielly Alves,@AlvesInielly,https://twitter.com/AlvesInielly/status/1637646355706331138,2023-03-20T02:44:51.000Z,"SENADORES E SENADORA, caso o Pacheco não fizer a leitura da CPMI, vocês parlamentares entra com um processo de prevaricação contra ele.@rogeriosmarinho @astro_pontes @cleitinhotmj @DamaresAlves @MagnoMalta @marcosdoval @SF_Moro @ciro_nogueira @EduGiraoOficial @GeneralMourao",1,2,11,https://twitter.com/andrefernm/status/1637642478416166912
Cláudia,@Cludia420422741,https://twitter.com/Cludia420422741/status/1637773062954205185,2023-03-20T11:08:21.000Z,PacheCU trabalha pra quem afinal ???,0,0,0,https://twitter.com/andrefernm/status/1637642478416166912
"Kaká, humano de humanas",@luizmoura123,https://twitter.com/luizmoura123/status/1637852311580991488,2023-03-20T16:23:15.000Z,"Engraçado... Por 4 anos o Lira sentou em quase todas as propostas da oposição (esquerda), não via essa reclamação.
Por mim, tinha de instaurar logo a CPI e convocar o boso e todos ligados a ele que organizaram a tentativa de golpe.",2,0,1,https://twitter.com/andrefernm/status/1637642478416166912
Sandra - Conta Reserva,@Sandra89140053,https://twitter.com/Sandra89140053/status/1637757890269249538,2023-03-20T10:08:03.000Z,Pensei que para uma CPMI não precisasse da aprovação do PT.,0,0,2,https://twitter.com/andrefernm/status/1637642478416166912
Geni Santos,@GeniFreitasdos3,https://twitter.com/GeniFreitasdos3/status/1637749213030150146,2023-03-20T09:33:34.000Z,"Porque não judicializam?? Vão todos ao STF PESSOALMENTE! Protestem, faça alguma coisa! Estes ataques terroristas no país é para decretarem intervenção federal e parar tudo de uma vez?",0,0,0,https://twitter.com/andrefernm/status/1637642478416166912
Geni Santos,@GeniFreitasdos3,https://twitter.com/GeniFreitasdos3/status/1637749639104299008,2023-03-20T09:35:16.000Z,Os nobres parlamentares vão ficar esperando o Pacheco fazer a sessão até quando? Vão todos cobrar o Pacheco!!,0,0,0,https://twitter.com/andrefernm/status/1637642478416166912
Geni Santos,@GeniFreitasdos3,https://twitter.com/GeniFreitasdos3/status/1637751118347358209,2023-03-20T09:41:09.000Z,"Pelo jeito, se depender do Pacheco ninguém vai trabalhar este ano, congresso pra que?? Melhor acabar com tudo! Parece ser a intenção do Pacheco esperando intervenção federal com os ataques orquestrados!",0,0,0,https://twitter.com/andrefernm/status/1637642478416166912
Paulo Zimer,@paulo_zimer1968,https://twitter.com/paulo_zimer1968/status/1637955805772148736,2023-03-20T23:14:30.000Z,Nao podem processa lo por prevaricação?,0,0,0,https://twitter.com/andrefernm/status/1637642478416166912
Luís Santos,@LusFern56329051,https://twitter.com/LusFern56329051/status/1637773153144283138,2023-03-20T11:08:42.000Z,Porque não levam à comissão de ética?,0,0,0,https://twitter.com/andrefernm/status/1637642478416166912
Inielly Alves,@AlvesInielly,https://twitter.com/AlvesInielly/status/1637644883497295872,2023-03-20T02:39:00.000Z,"Deputados e Deputadas, caso o Pacheco não fizer a leitura da CPMI, vocês parlamentares entra com um processo de prevaricação contra ele.@paulobilynskyj1 @silviawaiapi @tencelzucco @ToniettoChris @Zambelli2210 @marcelvanhattem @danielagrobom @andrefernm @carlosjordy @cabogilberto",1,1,3,https://twitter.com/andrefernm/status/1637642478416166912
Didinali,@FerreiraCardin,https://twitter.com/FerreiraCardin/status/1637807078264782850,2023-03-20T13:23:31.000Z,Há chances de responsabilizá-lo de prevaricação?,0,1,2,https://twitter.com/andrefernm/status/1637642478416166912
Mario Filho,@MarioJSF1,https://twitter.com/MarioJSF1/status/1637644803163693056,2023-03-20T02:38:41.000Z,"Mandado de segurança no STF, tá esperando o quê....",0,2,2,https://twitter.com/andrefernm/status/1637642478416166912
Tavares CNC,@aleextavaress,https://twitter.com/aleextavaress/status/1637642837067018242,2023-03-20T02:30:52.000Z,"Regimento e o precedentes do STF não se aplica?

Ahhhh não se aplica agora, MAS já se aplicou 🤡🤐",0,0,10,https://twitter.com/andrefernm/status/1637642478416166912
Rosana Santos,@zana210466,https://twitter.com/zana210466/status/1637778048509530112,2023-03-20T11:28:09.000Z,"E o que irão fazer ?? É impossível que tenham que se sujeitar a isso.
 Os votos que tiveram pra que serve,  se basta o pacheCÃO não querer e pronto",0,0,5,https://twitter.com/andrefernm/status/1637642478416166912
Fabio,@fo_slim,https://twitter.com/fo_slim/status/1637644022310137856,2023-03-20T02:35:35.000Z,"E se fizerem a cpmi, ficar provado que o pt fez tudo e não der em nada?",0,0,4,https://twitter.com/andrefernm/status/1637642478416166912
Paulo Cesar Rodrigues Dos Reis,@PauloCe20200866,https://twitter.com/PauloCe20200866/status/1637726319495598081,2023-03-20T08:02:36.000Z,"Vergonha, paralisar o Congresso para oportunizar o ditador comprar algumas almas penadas, visando a não instalação de CPMI e CPI. Isso não irá terminar bem e o Pacheco fará parte dessa história triste da nação brasileira, mais uma vez ! Mensalão de novo.",0,0,6,https://twitter.com/andrefernm/status/1637642478416166912
larápio americano,@SamiMartins64,https://twitter.com/SamiMartins64/status/1637693563831046144,2023-03-20T05:52:27.000Z,"Então que trave logo tudo, até que o blinda toga paute a CPMI. 200 deputados tem esse poder",0,1,1,https://twitter.com/andrefernm/status/1637642478416166912
Paulo Guimarães,@prpguimaraes,https://twitter.com/prpguimaraes/status/1637758620229042176,2023-03-20T10:10:57.000Z,"A permanência dessa criatura vil na presidência da casa é um total acinte, uma indecência. Abram processos contra ele, conselho de ética e criminal.
Esse regimento urge ser alterado, NÃO SE PODE DAR PLENOS PODERES A QUEM PRESIDE, TANTO NO SENADO COMO NA CÂMARA, MUDEM ISSO.",0,0,3,https://twitter.com/andrefernm/status/1637642478416166912
"Deus, Pátria, Família e Liberdade",@romulo8118,https://twitter.com/romulo8118/status/1637644580458754053,2023-03-20T02:37:48.000Z,"Acusa logo Pacheco de crime de prevaricação,  não adianta fica falando, precisa da a resposta imediata. (Gostaria de ter escrito da o tiro certo, mas poderiam acha q eu estaria falando em mata Pacheco 😂😂😂).",0,2,24,https://twitter.com/andrefernm/status/1637642478416166912
hippolyto brum jr,@hbrumjunior,https://twitter.com/hbrumjunior/status/1637648957105922049,2023-03-20T02:55:12.000Z,"Estão esperando o que para judicializar , por mais q não creio seja a solução na prática , mas irá expor muito o q está por trás. Aprendam do Randolfe, judicializem. @GeneralGirao @EduGiraoOficial @marcelvanhattem @Biakicis @GayerGus @nikolas_dm",2,4,28,https://twitter.com/andrefernm/status/1637642478416166912
alagoana sertaneja,@AnaluciaCaval19,https://twitter.com/AnaluciaCaval19/status/1637658983849656320,2023-03-20T03:35:02.000Z,Deputados Deus no comando. Ti admiro muito que Deus ti proteja e todos  os Deputados jovens como vc. Lutando por nois Brasileiro. Especialmente  os nordestino. Um abração,0,0,1,https://twitter.com/andrefernm/status/1637642478416166912
Luciene Rodrigues,@lucienelucastro,https://twitter.com/lucienelucastro/status/1637817023244673025,2023-03-20T14:03:02.000Z,Não tem como enquadrar ele por prevaricação não André?,0,0,1,https://twitter.com/andrefernm/status/1637642478416166912
Inielly Alves,@AlvesInielly,https://twitter.com/AlvesInielly/status/1637643651714101248,2023-03-20T02:34:07.000Z,"@andrefernm SR. DEPUTADO ANDRÉ FERNANDES, caso o Pacheco não fizer a leitura da CPMI, você parlamentar entra com um processo de prevaricação contra ele.",1,3,24,https://twitter.com/andrefernm/status/1637642478416166912
.'.𝐇𝐞𝐧𝐫𝐢𝐪𝐮𝐞 𝐑𝐚𝐦𝐨𝐬®.'.,@Henferra,https://twitter.com/Henferra/status/1638162938023276544,2023-03-21T12:57:34.000Z,O que você está esperando para derrubá-lo??,0,0,0,https://twitter.com/andrefernm/status/1637642478416166912
Cristiane,@Cristia12519865,https://twitter.com/Cristia12519865/status/1637642795618914307,2023-03-20T02:30:43.000Z,Estamos ansiosos pra ver essa CPMI instaurada com sucesso!,0,0,3,https://twitter.com/andrefernm/status/1637642478416166912
Jefferson Pereira,@Jeffersonluissp,https://twitter.com/Jeffersonluissp/status/1637812603673034753,2023-03-20T13:45:28.000Z,"Caro parlamentar. Se os senhores não baterem na porta do gabinete do Sr Pacheco, diariamente, cobrando a abertura da sessão, este homem, a mando  do STF, governo, etc não irá se mexer. Simples assim!",0,0,1,https://twitter.com/andrefernm/status/1637642478416166912
Cristina,@Cristina140914,https://twitter.com/Cristina140914/status/1637650503797465088,2023-03-20T03:01:20.000Z,Não entendo pq ainda não judicializou o pedido.,0,0,2,https://twitter.com/andrefernm/status/1637642478416166912
Nuvem da Direita,@nuvemdadireita,https://twitter.com/nuvemdadireita/status/1637643562429939713,2023-03-20T02:33:45.000Z,Alguns advogados querem acionar o STF para obrigar Pacheco.,0,0,13,https://twitter.com/andrefernm/status/1637642478416166912
gloria azevedo,@gloriaazevedo20,https://twitter.com/gloriaazevedo20/status/1638539053581713408,2023-03-22T13:52:07.000Z,Pacheco esta com medo pois pode sobrar pra ele,0,0,0,https://twitter.com/andrefernm/status/1637642478416166912
Noely Passos,@NoelyPassos,https://twitter.com/NoelyPassos/status/1638727875942662145,2023-03-23T02:22:26.000Z,Estamos de olho Deputado. O presidente do congresso É PREVARICADOR desde sempre.,0,0,0,https://twitter.com/andrefernm/status/1637642478416166912
Gisele,@nutri1_gimaria,https://twitter.com/nutri1_gimaria/status/1637721302982074368,2023-03-20T07:42:40.000Z,Leve o pedido para o STF igual Randolfe Rodrigues faz?!,0,1,4,https://twitter.com/andrefernm/status/1637642478416166912
Inielly Alves,@AlvesInielly,https://twitter.com/AlvesInielly/status/1637644210592440320,2023-03-20T02:36:20.000Z,"Deputados e Deputadas, caso o Pacheco não fizer a leitura da CPMI, vocês parlamentares entra com um processo de prevaricação contra ele.@andrefernm @apropriajulia @Biakicis @BolsonaroSP @cabogilberto @carlosjordy @DepSanderson @FlavioBolsonaro @GayerGus @GeneralGirao @nikolas_dm",0,1,6,https://twitter.com/andrefernm/status/1637642478416166912
Inielly Alves,@AlvesInielly,https://twitter.com/AlvesInielly/status/1637646483095801858,2023-03-20T02:45:22.000Z,"SENADORES E SENADORA, caso o Pacheco não fizer a leitura da CPMI, vocês parlamentares entra com um processo de prevaricação contra ele.@rogeriosmarinho @astro_pontes @cleitinhotmj @DamaresAlves @MagnoMalta @marcosdoval @SF_Moro @ciro_nogueira @EduGiraoOficial @GeneralMourao .",0,1,3,https://twitter.com/andrefernm/status/1637642478416166912
Elaine_correa_lorena_,@Elainecorrealo1,https://twitter.com/Elainecorrealo1/status/1637984295007444996,2023-03-21T01:07:42.000Z,"CONGRESSO, A CASA DO POVO ONDE O MESMO NÃO TEM VOZ. PARABÉNS PARLAMENTARES. 🤡",0,0,1,https://twitter.com/andrefernm/status/1637642478416166912
Adauto,@MoraesAdauto,https://twitter.com/MoraesAdauto/status/1637693076557766659,2023-03-20T05:50:30.000Z,"#EleitoresSemPartido 
Com a pauta TRAVADA, convoque o POVO para as praças das cidades tomar café comunitário( café com bolo) e conversar sobre o Brasil e a CPMI.@rodrigopacheco será convidado.@rogeriosmarinho @andrefernm @SigaGazetaBR @SenadoFederal @JornalDaCidadeO",0,1,2,https://twitter.com/andrefernm/status/1637642478416166912
Lili,@lilian_n_c,https://twitter.com/lilian_n_c/status/1637778022408306688,2023-03-20T11:28:03.000Z,"@ArthurLira_ @rodrigopacheco vamos trabalhar nessa CPMI esta semana, aguardamos esclarecimentos",0,0,1,https://twitter.com/andrefernm/status/1637642478416166912
Mirian Santos,@ValeraMirian16,https://twitter.com/ValeraMirian16/status/1637759461824536577,2023-03-20T10:14:18.000Z,"Eu não sei se os políticos da oposição se fazem de inocentes ou são otarios mesmo… óbvio que o Pacheco iria travar, não contaram com isso? Não sabiam que o governo iria pra cima? Aí, vão dizer: nós tentamos 😐",0,0,6,https://twitter.com/andrefernm/status/1637642478416166912
Márcia Wladimirski Ciriaco,@marcia_ciriaco,https://twitter.com/marcia_ciriaco/status/1637642902825234435,2023-03-20T02:31:08.000Z,Tem que ter uma forma desse cara fazer a parte dele... tem que emparedá-lo...,0,0,2,https://twitter.com/andrefernm/status/1637642478416166912
Maria Leticia Ballesteros López,@le40747700,https://twitter.com/le40747700/status/1637814143796346880,2023-03-20T13:51:35.000Z,Vocês têm que ter algum poder independente do @rodrigopacheco . Não é a primeira vez que esse senhor trabalha contra a população brasileira,0,0,1,https://twitter.com/andrefernm/status/1637642478416166912
LFS_22,@Luiz_FLS22,https://twitter.com/Luiz_FLS22/status/1637811744931291137,2023-03-20T13:42:03.000Z,"O Pacheco se coloca como cúmplice do que será descoberto nessa CPMI, se ele não fosse conivente,  porque estaria atrasando e dando oportunidade para o desgoverno de Lula comprar a retirada de assinaturas?",0,3,4,https://twitter.com/andrefernm/status/1637642478416166912
Sobrevivente,@Sobrevivente_22,https://twitter.com/Sobrevivente_22/status/1637747479935418368,2023-03-20T09:26:41.000Z,"O que vc vai fazer a respeito? Cassar o mandato dele por estar sendo antidemocrático,  contra o povo? Vcs deveriam fazer isso.  Vai dizer que não pode? Então, é  melhor fechar o Congresso e assumir de vez que não vivemos numa democracia,  somos todos manés.",0,0,5,https://twitter.com/andrefernm/status/1637642478416166912
LUIZ CARLOS HENRIQUE,@l28henriques,https://twitter.com/l28henriques/status/1637775261751033861,2023-03-20T11:17:05.000Z,"Se o regimento manda que se faça isso e o Pacheco não obedece o regimento vcs tem que arrumar alguma forma de processar ele no conselho de ética do senado ou, se possível, no da câmara mesmo, não se pode ficar passando por cima do regimento sem haver punição.....",0,4,31,https://twitter.com/andrefernm/status/1637642478416166912
Daniel Lima,@daniellima3112,https://twitter.com/daniellima3112/status/1637643717937856512,2023-03-20T02:34:22.000Z,"Faça como o senador Saltitante bata nas portas do STF
 
Ou será que neste assunto eles não podem se manifestar( porquê não é conveniente para eles) e vão dizer que é assunto interna corporis",1,1,34,https://twitter.com/andrefernm/status/1637642478416166912
Lucas Reis,@LucasReisteam,https://twitter.com/LucasReisteam/status/1637741910646300672,2023-03-20T09:04:33.000Z,Vai no Nunes Marques e pede deliberação direto dele. O saltitante não ia sempre no Ditador! Faça o mesmo!,0,4,35,https://twitter.com/andrefernm/status/1637642478416166912
JORGE L S RIBEIRO,@coljorgevolley,https://twitter.com/coljorgevolley/status/1637776493068664833,2023-03-20T11:21:59.000Z,Isso Deputado. Travem completamente a pauta. Só assim ele irá ceder.,0,0,1,https://twitter.com/andrefernm/status/1637642478416166912
Izabel Lins,@LinsBel03,https://twitter.com/LinsBel03/status/1637827863121481728,2023-03-20T14:46:06.000Z,"Já podemos levantar a hashtag#PachecoCovarde  ? Pacheco não respeita os eleitores dele, muito menos a maioria do povo brasileiro. Vai vendo 👁️!",0,0,1,https://twitter.com/andrefernm/status/1637642478416166912
Lene Paixão,@LenePaixao1,https://twitter.com/LenePaixao1/status/1637770355677732866,2023-03-20T10:57:35.000Z,#CPMIdo08deJaneiroJá Isso é o que o Brasil quer 🤝🏻,0,0,1,https://twitter.com/andrefernm/status/1637642478416166912
"petista de direita Deus, Patria, Familia",@Petistadireito,https://twitter.com/Petistadireito/status/1637643480364138499,2023-03-20T02:33:26.000Z,Prevaricando e nada acontece,0,0,11,https://twitter.com/andrefernm/status/1637642478416166912
Weslei Oliveira,@WesleiO26922197,https://twitter.com/WesleiO26922197/status/1637656252778987520,2023-03-20T03:24:11.000Z,Deveriam fazer uma forma de protesto na Câmara. Como não votar nada no plenário e em comissões enquanto o Pacheco não chamar a sessão do Congresso.,3,2,29,https://twitter.com/andrefernm/status/1637642478416166912
Sergio Cardoso,@Verdesserg,https://twitter.com/Verdesserg/status/1637664775336337409,2023-03-20T03:58:03.000Z,"Será que isso provocará o impedimento do presidente do senado? Quórum não deve ter, mas bastava uma arguição de alguém que ...",0,0,6,https://twitter.com/andrefernm/status/1637642478416166912
Ana,@ana_tumelero,https://twitter.com/ana_tumelero/status/1637933341486858240,2023-03-20T21:45:14.000Z,@rodrigopacheco querendo a CPMI oque o Sr está esperando pra dar a abertura?,0,0,0,https://twitter.com/andrefernm/status/1637642478416166912
Marcelo Costaᅠᅠᅠᅠᅠᅠᅠᅠᅠᅠᅠᅠᅠᅠᅠᅠᅠᅠᅠᅠᅠᅠᅠᅠᅠᅠᅠᅠᅠᅠᅠᅠ,@marcelocostabh,https://twitter.com/marcelocostabh/status/1637972627850420225,2023-03-21T00:21:21.000Z,Seu chefe já devolveu as joias?,0,0,0,https://twitter.com/andrefernm/status/1637642478416166912
_ʑυℓєiкα_,@_Zu_Brand_,https://twitter.com/_Zu_Brand_/status/1638044757761875970,2023-03-21T05:07:58.000Z,"Nada pode ser feito contra esse sujeito? Se ele tem todo esse poder e nada pode ser feito contra ele, vocês se tornam meros figurantes. Isso é um absurdo!",0,0,0,https://twitter.com/andrefernm/status/1637642478416166912
Marcos Ferreira,@mtsferreira,https://twitter.com/mtsferreira/status/1637995405257461760,2023-03-21T01:51:51.000Z,"E o impeachment dele não foi pedido, por quê?",0,0,0,https://twitter.com/andrefernm/status/1637642478416166912
Andréa,@100pacienciahj,https://twitter.com/100pacienciahj/status/1637967438753964038,2023-03-21T00:00:44.000Z,"Pressionem o Pacheco. Isso que ele faz é  um absurdo total. Por conta de todo esse comportamento por interesses diversos dele, que estamos nessa situação  preocupante.  Os adoradores de ditadores não tem freios.",0,0,0,https://twitter.com/andrefernm/status/1637642478416166912
Silvana Andrea,@silvanaappio,https://twitter.com/silvanaappio/status/1637974153423724545,2023-03-21T00:27:24.000Z,"Se o PACHECO NÃO QUER TRABALHAR, por que precisamos PAGAR O SALÁRIO DELE????? 🚫",0,0,0,https://twitter.com/andrefernm/status/1637642478416166912
Wilma Vaz,@WilmaVaz6,https://twitter.com/WilmaVaz6/status/1638148764341792768,2023-03-21T12:01:15.000Z,"CPMI URGENTE! É um direito nosso , queremos saber a verdade dos fatos!",0,0,0,https://twitter.com/andrefernm/status/1637642478416166912
Christian,@chrisgentil77,https://twitter.com/chrisgentil77/status/1637947818768826369,2023-03-20T22:42:46.000Z,O que Randolfe faria?,0,0,0,https://twitter.com/andrefernm/status/1637642478416166912
Manoel,@Manoballa15,https://twitter.com/Manoballa15/status/1637881117624639496,2023-03-20T18:17:43.000Z,"Deputado! E só o senhor e os demais deputados não votar mais nada até a CPMI ser instaurada! Simples! Trava tudo que for pauta não só na câmara, no senado também principalmente no senado que lá e que tem maioria aí eu quero ver se as coisas não evoluem",0,0,0,https://twitter.com/andrefernm/status/1637642478416166912
Dawson Brandão,@dawsonbrandao,https://twitter.com/dawsonbrandao/status/1637889539879346187,2023-03-20T18:51:11.000Z,"Estou acompanhando pela Internet, @andrefernm. É o REQ. 270/2023 acessório do REQ. 28/2023? Confirme, por favor.",0,0,0,https://twitter.com/andrefernm/status/1637642478416166912
Leo Kasura |,@leokasura,https://twitter.com/leokasura/status/1637654839529275392,2023-03-20T03:18:34.000Z,"Ele deve estar pensando que é em Dezembro, só pode.",0,0,0,https://twitter.com/andrefernm/status/1637642478416166912
OoO,@dkclrm,https://twitter.com/dkclrm/status/1637818522754531329,2023-03-20T14:08:59.000Z,Vai levar até o final do ano?!,0,0,0,https://twitter.com/andrefernm/status/1637642478416166912
Fábio,@LuciusmartinsRS,https://twitter.com/LuciusmartinsRS/status/1637795343327739907,2023-03-20T12:36:53.000Z,Não era automático a CPMI começa e pronto!,0,0,0,https://twitter.com/andrefernm/status/1637642478416166912
Luta contra o comunismo,@JamersonCardos9,https://twitter.com/JamersonCardos9/status/1637746411016970241,2023-03-20T09:22:26.000Z,"Meu nobre o que estão esperando para judicializar? Será que ainda não perceberam que a esquerda joga sujo?

Vocês pecam por esperar algo dentro da legislação pela esquerda esse é o erro, e eles vão ganhando tempo.",0,0,0,https://twitter.com/andrefernm/status/1637642478416166912
Demetrius De Maria ♡,@Demetri57091185,https://twitter.com/Demetri57091185/status/1637783353893048320,2023-03-20T11:49:14.000Z,"https://youtube.com/shorts/WMOKAazDwcY?feature=share…Mais provas que estas,
Tem que enquadrar Rodrigo Pacheco!
Sei que a elite está esperando que nos patriotas,venham fazer justiça com a próprias mãos!
Isto não vai acontecer!
Pelo MENOS comigo,estou com os meus dois joelhos no chão!
Deus o abençoe sempre!",0,0,0,https://twitter.com/andrefernm/status/1637642478416166912
Cristina Crepaldi,@criscrepaldi195,https://twitter.com/criscrepaldi195/status/1637793326672822272,2023-03-20T12:28:52.000Z,Pacheco com culpa no cartório vai arrastar o máximo que puder. Tem que ser muito ordinário para se vender aos olhos de todos.,0,0,0,https://twitter.com/andrefernm/status/1637642478416166912
Carcará Astuto,@carcarastuto,https://twitter.com/carcarastuto/status/1637780112648151042,2023-03-20T11:36:21.000Z,"Então trave as demais sessões. Se ele não tem compromisso com o regimento e age em benefício do desgoverno, obstrua todos os atos das 2 casas até ele tomar vergonha naquela cara cínica dele e convocar a CPMI. É inevitável, a cada assinatura tirada vem outra. Dilmo não tem saida",0,0,0,https://twitter.com/andrefernm/status/1637642478416166912
Marina Brasil oitava conta,@MayaraR16649459,https://twitter.com/MayaraR16649459/status/1637767461700349953,2023-03-20T10:46:05.000Z,Obstruir a pauta! Só resolve assim!,0,0,0,https://twitter.com/andrefernm/status/1637642478416166912
Anderson,@GirelliLira,https://twitter.com/GirelliLira/status/1637643860389011457,2023-03-20T02:34:56.000Z,"Não haverá CPMI, sinto muito!",0,0,0,https://twitter.com/andrefernm/status/1637642478416166912
Dark Angel,@BuscarinKaryna,https://twitter.com/BuscarinKaryna/status/1637824012616179713,2023-03-20T14:30:48.000Z,"Precisam agir contra o Pacheco...enqto ele estiver no ""poder"", nd vai andar....",0,0,0,https://twitter.com/andrefernm/status/1637642478416166912
victor naia,@victornaia1,https://twitter.com/victornaia1/status/1637763471411404800,2023-03-20T10:30:14.000Z,"Não há nada a ser feito nesse caso?
Um só pode para o congresso?",0,0,1,https://twitter.com/andrefernm/status/1637642478416166912
Marta,@Marta89979537,https://twitter.com/Marta89979537/status/1637650790935326720,2023-03-20T03:02:29.000Z,"@rodrigopacheco @ArthurLira_ vamos desenrolar com isso, essa semana, trabalhar né, queremos a clareza dos fatos.",0,1,2,https://twitter.com/andrefernm/status/1637642478416166912
Origh International,@OrighInter,https://twitter.com/OrighInter/status/1637643082244972545,2023-03-20T02:31:51.000Z,"Fight for truth, whole truth & nothin but!🇧🇷🛡️ℹ️Brazil",0,1,3,https://twitter.com/andrefernm/status/1637642478416166912
Marcell BR,@Marcelo38616962,https://twitter.com/Marcelo38616962/status/1637823516375498753,2023-03-20T14:28:50.000Z,Ele está prevaricando ... O que estão esperando pra ferrar com esse corrupto safado?,0,0,0,https://twitter.com/andrefernm/status/1637642478416166912
W.Luis !°,@WELBERLUIS,https://twitter.com/WELBERLUIS/status/1637645465670877187,2023-03-20T02:41:19.000Z,O PacheCú não vai deixar...#CPMIdo08deJaneiroJa #CPMIdo08deJaneiroJá #CPMI08dejaneiro,0,0,0,https://twitter.com/andrefernm/status/1637642478416166912
Jose luiz Bezerra,@Bezer12Joseluiz,https://twitter.com/Bezer12Joseluiz/status/1637864329256001582,2023-03-20T17:11:00.000Z,#forapacheco,0,0,1,https://twitter.com/andrefernm/status/1637642478416166912
R Luiz,@RLuiz_72,https://twitter.com/RLuiz_72/status/1637643758647869440,2023-03-20T02:34:32.000Z,Está na hora de enquadrar esse Pacheco..ele e um paria neste país!! Insuportável!!😡,0,0,0,https://twitter.com/andrefernm/status/1637642478416166912
Marcelo,@chavesmarcelo_,https://twitter.com/chavesmarcelo_/status/1637712012292521984,2023-03-20T07:05:45.000Z,@rodrigopacheco vai trabalhar ou não seu pilantra?,0,0,0,https://twitter.com/andrefernm/status/1637642478416166912
RACHELLE,@Nair84792776,https://twitter.com/Nair84792776/status/1638015806977069056,2023-03-21T03:12:55.000Z,Tá na hora  de começar  rolar cabeça dás  🐍 peçonhenta  congresso  de homens bananas 🍌,0,0,1,https://twitter.com/andrefernm/status/1637642478416166912
Dr Klebinho,@AprigioKlebinho,https://twitter.com/AprigioKlebinho/status/1637650588472074240,2023-03-20T03:01:41.000Z,"Pacheco é um vendido. Não podemos esquecer dos Senadores elegeram ele Presidente do Senado,  todos cúmplices!!!‼️",0,0,0,https://twitter.com/andrefernm/status/1637642478416166912
NaniOkada,@NaniOkada,https://twitter.com/NaniOkada/status/1637892965480669184,2023-03-20T19:04:48.000Z,@rodrigopacheco deixe de ser covarde!,0,0,0,https://twitter.com/andrefernm/status/1637642478416166912
Compositora Simone,@Compositora96,https://twitter.com/Compositora96/status/1638050140643573760,2023-03-21T05:29:21.000Z,"@rodrigopacheco queremos a CPMI do dia 8 de janeiro
Deixar de ser omisso
A sua omissão está levando o Brasil a ruínas",0,0,0,https://twitter.com/andrefernm/status/1637642478416166912
Su.(Lk),@lksolveig,https://twitter.com/lksolveig/status/1637770619298168833,2023-03-20T10:58:38.000Z,Vocês tem que achar um jeito de destituir esse traste por negligência. Não é possível que um funcionário do Estado aja dessa maneira. Se fosse empresa privada já teria sido demitido por justa causa.,0,0,1,https://twitter.com/andrefernm/status/1637642478416166912
Um cidadão,@PorNossosNetos,https://twitter.com/PorNossosNetos/status/1637763817017950210,2023-03-20T10:31:36.000Z,"Esse vagabundo caga na boca de todo mundo, e todo mundo fica inerte, esse país é uma merda democrática...",0,0,0,https://twitter.com/andrefernm/status/1637642478416166912
Joana Oliveira Dias,@JoanaOl86368439,https://twitter.com/JoanaOl86368439/status/1637792479381540866,2023-03-20T12:25:30.000Z,URGENTE! SOBRINHA DE DEPUTADO ESTADUAL DO RN FOI PRESA JUNTO COM SEU NAMORADO NA PB POR AMBOS OS 3 ESTARIAM ENVOLVIDOS NOS ATENTADOS TERRORISTAS NO ESTADO.,0,0,0,https://twitter.com/andrefernm/status/1637642478416166912
Patricia C. M. S.,@PatriciaCMS_,https://twitter.com/PatriciaCMS_/status/1637753493556543489,2023-03-20T09:50:35.000Z,"@rodrigopacheco queremos a sessão do Congresso. Pare de enrolar #cpmi08dejaneiro2023 está dando tempo pro Lula, Dino e Xandão destruírem provas?",0,0,0,https://twitter.com/andrefernm/status/1637642478416166912
Alex A Campos.'.,@AlexACamposRJ,https://twitter.com/AlexACamposRJ/status/1637764384880558088,2023-03-20T10:33:52.000Z,Para tudo!! pressão no ladrão,0,0,0,https://twitter.com/andrefernm/status/1637642478416166912
Fernando Dielle,@FernandoDielle,https://twitter.com/FernandoDielle/status/1637738422730194945,2023-03-20T08:50:42.000Z,"Vão ficar olhando até,lul comprar ou STF ameaçar todo mundo.
Direita fraca   individualista e incapaz",0,0,0,https://twitter.com/andrefernm/status/1637642478416166912
Janaina Correa,@JanainaCorreaBr,https://twitter.com/JanainaCorreaBr/status/1637663792631894016,2023-03-20T03:54:09.000Z,"Bora assinar a petição Pessoas 
Acessem:http://change.org/cmpido8dejaneiro…Entra lá, assinem e repassem.",0,0,0,https://twitter.com/andrefernm/status/1637642478416166912
CPMI S. FRANCISCO URGENTE!,@angelan59870880,https://twitter.com/angelan59870880/status/1637795203040829442,2023-03-20T12:36:19.000Z,"E amanhã vcs vão despachar de onde?

Cadê o @ArthurLira_ ?
Pq ele não faz a parte dele como presidente da Câmara?",0,1,1,https://twitter.com/andrefernm/status/1637642478416166912
Marcia Costa,@MarciaC50520655,https://twitter.com/MarciaC50520655/status/1637757315985072134,2023-03-20T10:05:46.000Z,"@rodrigopacheco faz o favor   acorda do sonho profundo e convoque a sessão.
Faça isso antes de ir passear na China com turma do amor nesse grupinho de 300 pessoas estarão a bordo os irmãos Batista da JBS, vc lembra quem são?
Tds juntos e misturados🤣🤣🤣🤣🤣🤣",0,0,1,https://twitter.com/andrefernm/status/1637642478416166912
Luiza Maia,@LuizaMa53414948,https://twitter.com/LuizaMa53414948/status/1637679340027518977,2023-03-20T04:55:55.000Z,Esse sujeito é um lixo!,0,0,0,https://twitter.com/andrefernm/status/1637642478416166912
Marcio,@MarcioRanierys,https://twitter.com/MarcioRanierys/status/1637674737450070017,2023-03-20T04:37:38.000Z,Pacheco tenta proteger descaradamente o ladrão de 9 dedos .... A cpmi precisa investigar o STF por prender inocentes ......,0,0,0,https://twitter.com/andrefernm/status/1637642478416166912
Margareth Brazil Was Stolen,@Margareth_Bolso,https://twitter.com/Margareth_Bolso/status/1637769782991749121,2023-03-20T10:55:19.000Z,Processem esse capacho da VALE DAS MORTES!,0,0,0,https://twitter.com/andrefernm/status/1637642478416166912
Dollynho Político ,@dollynhoPltico,https://twitter.com/dollynhoPltico/status/1637645299022798849,2023-03-20T02:40:39.000Z,"Cara  o único jeito é colocar o 'empregado do Ladrao' contra a parede, porquê ele n vai fazer nada que prejudique o chefinho dele. 
Oque mais me indigna é ter brasileiro que votou nesse LIXO",0,0,0,https://twitter.com/andrefernm/status/1637642478416166912
jcabral,@jcabral65499843,https://twitter.com/jcabral65499843/status/1637842953119977474,2023-03-20T15:46:04.000Z,"Vai no ministro NUNES MARQUES e faz um salseiro, o brasileiro precisa saber da verdade, e por os culpados no ninho do marimbondo.",0,0,1,https://twitter.com/andrefernm/status/1637642478416166912
JaneMM,@jmmadeira,https://twitter.com/jmmadeira/status/1637807098410029057,2023-03-20T13:23:35.000Z,Tem que ouvir esse amigo desse desgoverno e o Moraes.,0,0,2,https://twitter.com/andrefernm/status/1637642478416166912
Eng Marco Antonio,@EngMarcoAntonio,https://twitter.com/EngMarcoAntonio/status/1637980228113842176,2023-03-21T00:51:33.000Z,"Fiz uma pergunta para Deputada Federal Carla Zambelli, o travamento da pauta CPMI, que é propositadamente feito pelo Pacheco em descumprimento da norma estabelecida pelo próprio Congresso, não caracteriza prevaricação?????",0,0,0,https://twitter.com/andrefernm/status/1637642478416166912
Sérgio Cezar,@Sercem2022,https://twitter.com/Sercem2022/status/1637754963274153989,2023-03-20T09:56:25.000Z,"Não é possível que esse vagabundo do Pacheco não possa ser responsabilizado por isso.
Como pode alguém sozinho ter mais força do que 513 Deputados Federais e 81 Senadores?",0,1,1,https://twitter.com/andrefernm/status/1637642478416166912
Maria Celeste,@MariaCe26119185,https://twitter.com/MariaCe26119185/status/1638561364732985344,2023-03-22T15:20:47.000Z,"Vagabundo, nunca mais vai se eleger  pra nada, puxa saco de bandido!",0,1,1,https://twitter.com/andrefernm/status/1637642478416166912
Marcelo Lemos,@Marcelo40464992,https://twitter.com/Marcelo40464992/status/1637749442919948288,2023-03-20T09:34:29.000Z,"Deputado @andrefernm , o que pode ser feito para forçar o Pacheco a convocar a sessão? O desrespeito ao regimento não pode gerar um mandato de segurança no STF? Ou um pedido de afastamento em algum órgão do Senado? Conselho de ética?…. Se formos esperar, daqui a pouco é Natal🤦🏻‍♂️",0,0,1,https://twitter.com/andrefernm/status/1637642478416166912
Marcelo Lemos,@Marcelo40464992,https://twitter.com/Marcelo40464992/status/1637789179244314624,2023-03-20T12:12:23.000Z,"Deputado, que ação conjunta a oposição pode tomar para forçar Pacheco a marcar a sessão do Congresso? Obstrução da pauta por completo? Mandato de segurança no STF?…… vocês precisam se reunir e traçar um plano de ação",0,0,0,https://twitter.com/andrefernm/status/1637642478416166912
Graça Verdini,@mariazinhaip,https://twitter.com/mariazinhaip/status/1637819740168110085,2023-03-20T14:13:49.000Z,Acho que Pacheco covarde vai esperar🦑 voltar da China em 30/03. Tudo serve de desculpa para sentar em cima da CPMI,0,1,1,https://twitter.com/andrefernm/status/1637642478416166912
Silvio porto,@Silvioporto028,https://twitter.com/Silvioporto028/status/1637833508281262081,2023-03-20T15:08:32.000Z,ATENÇÃO- FUSEX - FUNDO DE SAÚDE DO EXÉRCITO encontra-se fechado por falta de recursos. Nossas FFAA estão de joelhos diante de um governo de ladrões e bandidos. 😡😡😡,0,0,0,https://twitter.com/andrefernm/status/1637642478416166912
Niv Al,@AlvaNive,https://twitter.com/AlvaNive/status/1637645560546041856,2023-03-20T02:41:42.000Z,"O desgoverno tá totalmente perdido, continuem que o povo tá apoiando vcs,  parabéns pelo trabalho e vou fazer campanha de graça pra vcs o resto dos meus dias",0,0,1,https://twitter.com/andrefernm/status/1637642478416166912
Louis Stone,@LouisSt44802066,https://twitter.com/LouisSt44802066/status/1637882274224939025,2023-03-20T18:22:19.000Z,"Cria-se a narrativa da Vitória e Corroboram nas Urnas FRAUDADAS!  
Assim tomaram o poder e assim vão se perpetuar.

Vão aprofundar a fraude em 2024 e em 2026, com o EXTERMÍNIO DA DIREITA! 🤔Até qd vão continuar brincando de DEMOCRACIA com o DIABO? 😈",0,0,0,https://twitter.com/andrefernm/status/1637642478416166912
AP,@AssisPerim,https://twitter.com/AssisPerim/status/1637842392672772096,2023-03-20T15:43:50.000Z,"Procurem outras vias legais. Tentem achar brechas no regimento, etc. Tem que fazer pressão,  se querem conseguir  alcançar  seus objetivos",0,1,1,https://twitter.com/andrefernm/status/1637642478416166912
José Paulo Vieira Duque,@JosPauloVieir13,https://twitter.com/JosPauloVieir13/status/1637851158780731393,2023-03-20T16:18:40.000Z,STF:  deslumbrados com o imenso poder que os políticos  -- acusando-se uns aos outros-- lhes foram outorgando! E estão empenhados em ser uns árbitros PARCIAIS pois comprometidos com o Globalismo e a Agenda 2030 !,0,0,0,https://twitter.com/andrefernm/status/1637642478416166912
Mateus ×S× Vanderley,@MateusVanderle7,https://twitter.com/MateusVanderle7/status/1637646752953106437,2023-03-20T02:46:26.000Z,"Vamos todos colocar o CPMI de 08 de Janeiro nos assuntos do momento para pressionar o Pacheco, e se continuar o mesmo, pressionaremos através dos contatos dele, pressionaremos até cansarmos.#CPMI08dejaneiro #CPMIdo08deJaneiroJá #CPMI8deJaneiroJá #CPMIJá#CPMIdo8deJaneiro",2,3,5,https://twitter.com/andrefernm/status/1637642478416166912
