nome,usuario,idTweet,dataPublicacao,texto,replies,retweets,likes,tweetPai
Bohn Gass,@BohnGass,https://twitter.com/BohnGass/status/1637439574791143424,2023-03-19T13:03:11.000Z,"Com a volta do PAA, escolas, universidades, Forças Armadas, hospitais públicos e outros vão comprar alimentos diretamente da agricultura familiar. Isso garante mercado, emprego e renda para quem produz. E segurança nutricional para quem consome.",0,24,96,https://twitter.com/BohnGass/status/1637439573314658307
Emerson do PT,@Emersonbalzac,https://twitter.com/Emersonbalzac/status/1637583615914590210,2023-03-19T22:35:33.000Z,"Em tão pouco tempo de Governo, Lula está revolucionando de forma gratificante e recompensadora esse País.",0,0,1,https://twitter.com/BohnGass/status/1637439573314658307
Marcos Ruas,@marcosruasviana,https://twitter.com/marcosruasviana/status/1637454053360713729,2023-03-19T14:00:43.000Z,"Agora esperamos pela volta da atuação da Conab para garantir preços remuneração justa ao produtor e preços estáveis para quem mora na cidade. Tem muita coisa pra ser reconstruída neste país, mas somos fortes e vamos à luta.",0,2,12,https://twitter.com/BohnGass/status/1637439573314658307
Marcos Ruas,@marcosruasviana,https://twitter.com/marcosruasviana/status/1637453346041634816,2023-03-19T13:57:54.000Z,"Eu lembro como o PAA melhorou muito a alimentação das crianças aqui em minha cidade, e ajudou muito os pequenos agricultores também. Era um programa lindo, que infelizmente foi mais um dos desmontados pelo governo do coisa ruim.",0,5,17,https://twitter.com/BohnGass/status/1637439573314658307
Alberton Viana,@albertonviana,https://twitter.com/albertonviana/status/1637637968927006723,2023-03-20T02:11:32.000Z,Ta deixa eu explicar como funciona Gov federal manda dinheiro pros Estados ai os govenadores mandam pros municipios,0,0,0,https://twitter.com/BohnGass/status/1637439573314658307
Let me Free,@MosesLula2022,https://twitter.com/MosesLula2022/status/1637557608339972096,2023-03-19T20:52:12.000Z,"Exato. Alimentação saída. 
Manda o governo federal fazer propaganda nas TVs sobre alimentação com frutas e verduras 3 legumes",0,0,2,https://twitter.com/BohnGass/status/1637439573314658307
FMart - Sempre a esquerda!,@flaviomartins6,https://twitter.com/flaviomartins6/status/1637467425523355648,2023-03-19T14:53:51.000Z,Comprar produtos da agricultura familiar e pequenos produtores. Dar aos alunos uma alimentação de qualidade e também incentiva a economia local,0,4,12,https://twitter.com/BohnGass/status/1637439573314658307
M Portelas @RedeLula,M Portelas @RedeLula,https://twitter.com/MariPortelass/status/1637487058200436738,2023-03-19T16:11:52.000Z,E isso q quero!! Crianças bem alimentadas 😍🤩😍🤩,0,1,4,https://twitter.com/BohnGass/status/1637439573314658307
Hussein - Justiça #FreeAssangeNOW,@HusseinBrasil,https://twitter.com/HusseinBrasil/status/1637469745363705856,2023-03-19T15:03:04.000Z,Parece que o regime militar com Bolsonaro que queria crianças pobres ficassem obesas e tivessem mais chance de adquirir câncer .,0,0,1,https://twitter.com/BohnGass/status/1637439573314658307
Paulo César S. Torres,@PauloCs15472294,https://twitter.com/PauloCs15472294/status/1637805341885837318,2023-03-20T13:16:37.000Z,O vice do Lula é especialista em merenda escolar... Ele resolve,0,0,0,https://twitter.com/BohnGass/status/1637439573314658307
Fabio Olivare,@olivarefabi,https://twitter.com/olivarefabi/status/1637520943961481227,2023-03-19T18:26:31.000Z,😜👍😍👏👏👏,0,0,1,https://twitter.com/BohnGass/status/1637439573314658307
Cino Silva,@AlvesMercino,https://twitter.com/AlvesMercino/status/1637605554372657153,2023-03-20T00:02:44.000Z,"Compas, pelo amor de Deus compre um bilhete na minha rifa ou me ajuda q seja pouquinho eu tô passando por a pior situação, perdão seu q tds estão com dificuldades. Agradeço de coração pela força, apoio e confiança a tds vcs meu amigos! 
Pix 33991756922Cel.",0,0,0,https://twitter.com/BohnGass/status/1637439573314658307
