nome,usuario,idTweet,dataPublicacao,texto,replies,retweets,likes,tweetPai
O Observador,@observ1972,https://twitter.com/observ1972/status/1637572945458462720,2023-03-19T21:53:09.000Z,E quem usou um general como mula? Esse tempo foi triste para os militares,0,1,0,https://twitter.com/BohnGass/status/1637507470993108997
Tiago Farias,@TiagoFarias13,https://twitter.com/TiagoFarias13/status/1637577884490399744,2023-03-19T22:12:47.000Z,"Não deem palco pra essa turma! Militar é só empregado público e fim de papo! Eles não são de categoria nenhuma, primeiro que isso não deve existir e de primeira é que não são... 🤣🤣🤣🤣... Só faltava essa!",0,0,0,https://twitter.com/BohnGass/status/1637507470993108997
Zana,@ZanaRat20467806,https://twitter.com/ZanaRat20467806/status/1637509131547340800,2023-03-19T17:39:35.000Z,"Mourão sabe disso, só está querendo biscoito como bom biscoiteiro que é",0,0,1,https://twitter.com/BohnGass/status/1637507470993108997
Sandra Heller,@SandraH32194852,https://twitter.com/SandraH32194852/status/1637652842872725505,2023-03-20T03:10:38.000Z,"O fascista politizou as FAB e também  grande parte das forças  de segurança  pública dos Estados .Mourão é  um hipócrita pois é perigoso o acesso de militar da ativa na política, pois o estado democrático pode ser tomado à força  .",0,0,1,https://twitter.com/BohnGass/status/1637507470993108997
jacques oliveira,@falaefaz,https://twitter.com/falaefaz/status/1637597352826478594,2023-03-19T23:30:08.000Z,Ver um PT chamar outro de corrupto é de doer a boca do estômago kkkkkkk,0,0,1,https://twitter.com/BohnGass/status/1637507470993108997
Rony Locher,@rony_locher,https://twitter.com/rony_locher/status/1637607720231501824,2023-03-20T00:11:20.000Z,"Senhor Gass, existe outra narrativa de ataque, ou vocês combinam tudo num estilo conluio?",0,0,1,https://twitter.com/BohnGass/status/1637507470993108997
marco antonio silva,@marcoan76267334,https://twitter.com/marcoan76267334/status/1637616179442327552,2023-03-20T00:44:57.000Z,Perfeito.,0,0,1,https://twitter.com/BohnGass/status/1637507470993108997
Rubilar Castro,@Rubilarcastro1,https://twitter.com/Rubilarcastro1/status/1637761988850860033,2023-03-20T10:24:20.000Z,"Se transformar em segunda categoria,terá promovido os militares já que bolsonaro os transformou em subalternos de miliciano.",0,0,0,https://twitter.com/BohnGass/status/1637507470993108997
PC,@paulocacciari,https://twitter.com/paulocacciari/status/1637567690012229634,2023-03-19T21:32:16.000Z,"Verdade, bom mesmo é enfermeira em cargo vitalicio no TCU",0,0,1,https://twitter.com/BohnGass/status/1637507470993108997
Marcilon M. Gouveia,@Marcilon12,https://twitter.com/Marcilon12/status/1637744431716524032,2023-03-20T09:14:34.000Z,O cidadão é tão alienado que usa argumentos ridículos de Viagra e prótese peniana. A realidade dos fatos vão se impor um hora.,0,0,0,https://twitter.com/BohnGass/status/1637507470993108997
maykon alves,@maykallves93,https://twitter.com/maykallves93/status/1637808505586327552,2023-03-20T13:29:11.000Z,Acho que ele fala isso para que os militares bolsonaristas pense que é verdade é se revolte ...,0,0,0,https://twitter.com/BohnGass/status/1637507470993108997
Adayl,@Adayl3,https://twitter.com/Adayl3/status/1637608799291727873,2023-03-20T00:15:37.000Z,Além de comprar muitos generais,0,0,0,https://twitter.com/BohnGass/status/1637507470993108997
Carlos Fernandes,@CarlosF31848958,https://twitter.com/CarlosF31848958/status/1637599713166782473,2023-03-19T23:39:31.000Z,O problema do Mourão é recalque e que ele é cidadão de segunda categoria lambedor de botas de Milicianos e Genocida.,0,1,0,https://twitter.com/BohnGass/status/1637507470993108997
Rodrigor73SEM ANISTIA PRA FASCISTA!,@rodrigor73,https://twitter.com/rodrigor73/status/1637770419439632384,2023-03-20T10:57:50.000Z,"Aliás, tem uns envolvidos na lambança q transformar em cidadão d 2ª categoria seria promoção!",0,0,0,https://twitter.com/BohnGass/status/1637507470993108997
NANDO,@CaBBaLLeRoDF,https://twitter.com/CaBBaLLeRoDF/status/1637620131563012097,2023-03-20T01:00:39.000Z,Os militares se colocaram nessa condição. Votamos no PT para que ele puna o exército/forças armadas com rigor. Não votamos em Lula para ele passar a mão na cabeça de instituição golpista e que ameaça todo dia a nossa democracia.,0,1,0,https://twitter.com/BohnGass/status/1637507470993108997
Sandra Maria Mueller,@SandraMMueller,https://twitter.com/SandraMMueller/status/1637604552890359809,2023-03-19T23:58:45.000Z,É isso aí,0,0,0,https://twitter.com/BohnGass/status/1637507470993108997
Punhetinha de verão,@Renato19375670,https://twitter.com/Renato19375670/status/1637584470571114497,2023-03-19T22:38:57.000Z,Chupa q a cana é doce @GeneralMourao 😂😂,0,0,0,https://twitter.com/BohnGass/status/1637507470993108997
Dayse,@Dayse62300316,https://twitter.com/Dayse62300316/status/1637631354107056129,2023-03-20T01:45:15.000Z,👏👏👏👏,0,0,0,https://twitter.com/BohnGass/status/1637507470993108997
Cátia Mesquita,@CtiaMesquita4,https://twitter.com/CtiaMesquita4/status/1637749298304544769,2023-03-20T09:33:55.000Z,👏 🤲 🙌 👏 🤲 🙌 👏 🤲 🙌,0,0,0,https://twitter.com/BohnGass/status/1637507470993108997
Kleber_mil,@Kleber_duarte_,https://twitter.com/Kleber_duarte_/status/1637701433133768704,2023-03-20T06:23:43.000Z,Falou em CORRUPÇÃO um deputado do PT citado no escândalo de 80milhoes do pronaf 🤦🏻‍♂️🤦🏻‍♂️🤦🏻‍♂️😂😂😂😂😂😂😂😂😂😂😂😂😂😂😂😂😂O Brasil não é um país sério!!,0,0,0,https://twitter.com/BohnGass/status/1637507470993108997
Francesco Palermo,@Frances72529294,https://twitter.com/Frances72529294/status/1637674503969951744,2023-03-20T04:36:42.000Z,LulaOficial na verdade é um Ladrão e ex-presidiario condenado por nove juízes em três instância da justiça por unanimidade pelos crimes de Corrupção Passiva e Lavagem de Dinheiro e foi apontando como Chefe da Organização Criminosa chama PT. Fato!,0,0,0,https://twitter.com/BohnGass/status/1637507470993108997
Antonio Carlos #VACINA JÁ,@carlitos2185,https://twitter.com/carlitos2185/status/1637580811024171008,2023-03-19T22:24:24.000Z,@GeneralMourao é um bosta que só abre a boca para falar merda!,0,0,0,https://twitter.com/BohnGass/status/1637507470993108997
Carmen Ligia,@CarmenLigiaPe,https://twitter.com/CarmenLigiaPe/status/1637810230640689152,2023-03-20T13:36:02.000Z,"Como vc é pequeno!!! Deprimente!  Velho! Vai morrer sem saber o que é falar a verdade! Sem saber o que é honra! Dignidade!  Como descarga, apertou , descarrega. Fala o que sabe que não é verdade!",0,0,0,https://twitter.com/BohnGass/status/1637507470993108997
Guto Bender,@gutobender,https://twitter.com/gutobender/status/1637656816820662272,2023-03-20T03:26:25.000Z,"Ladrões, muambeiros, traficantes, golpistas e estelionatários! O @GeneralMourao acrescenta a própria burrice a essa lista de ""virtudes""...",0,0,0,https://twitter.com/BohnGass/status/1637507470993108997
Dirceu honorato LULA More,@DirceuhonoratoM,https://twitter.com/DirceuhonoratoM/status/1637586154953363459,2023-03-19T22:45:38.000Z,"Os militares no Brasil são párias, eles nunca defenderam o país, o que sempre fizeram foi pilhá-lo.
Cara, tomei nojo de milico.",0,0,0,https://twitter.com/BohnGass/status/1637507470993108997
Vera Regina Leite Lopes,@LwiteVera,https://twitter.com/LwiteVera/status/1638116296821821440,2023-03-21T09:52:14.000Z,Exato deputado. Nosso Lula reconstruindo a desgraceira do desgoverno do doido.,0,0,0,https://twitter.com/BohnGass/status/1637507470993108997
Rājnatodp,@BraSilcomESSE,https://twitter.com/BraSilcomESSE/status/1637770190753525761,2023-03-20T10:56:56.000Z,"Mourão é como uma espécie de malafaia verde oliva dos milicos: só sabe exalar medo e ódio pelos poros, transmitindo-os igual virus para os seus.
Usam o medo como palanque - ou púlpito, se preferir - enquanto seus 'subordinados' lhes servem fartos banquetes em bandejas de ouro.",0,0,0,https://twitter.com/BohnGass/status/1637507470993108997
Beto Moreira,@bbetomoreira1,https://twitter.com/bbetomoreira1/status/1637661032771379200,2023-03-20T03:43:11.000Z,Deixa de falar bosta! Vai trabalhar braço curto,0,0,0,https://twitter.com/BohnGass/status/1637507470993108997
Zeno Kochhann,@KochhannK,https://twitter.com/KochhannK/status/1637589912827449345,2023-03-19T23:00:34.000Z,"Mourão de segunda classe.. fascistóide direitalha golpista da familícia do bando bosoasno lesa-pátria..!!
Cadeia..!!
Votos contra vergonha gaúcha..!!",1,2,3,https://twitter.com/BohnGass/status/1637507470993108997
Lauro Borba,@LauroBorbax,https://twitter.com/LauroBorbax/status/1637522898079416322,2023-03-19T18:34:17.000Z,"Inacreditável a hipocrisia desta esquerdalha ,  inventam narrativas absurdas que não se sustentam um minuto, nas insistem em continuar mentindo!!! Falta de Caráter é foda!!!",0,0,1,https://twitter.com/BohnGass/status/1637507470993108997
kitty caty,@b92kyunn,https://twitter.com/b92kyunn/status/1637624184124604417,2023-03-20T01:16:45.000Z,"me ajudem a encontrar um lar amoroso para a Lili! eu estou disposta a pagar o táxi dog até vc, se vc for de outra cidade de sp 🥺",0,0,0,https://twitter.com/BohnGass/status/1637507470993108997
ToRyBa,@A_ToRyBa,https://twitter.com/A_ToRyBa/status/1637597830356320257,2023-03-19T23:32:02.000Z,"A HISTÓRIA NINGUÉM CASSA.

OS MILITARES DESDE A DITADURA POR FALTA DE
PUNIÇÃO SEMPRE FORAM SEGUNDA CATEGORIA.

PIOROU NOS ÚLTIMOS TEMPOS COMO ILUSTROU
RESUMIDAMENTE A GRANDE @HILDE_ANGEL 
ALCANÇANDO A DÉCIMA-QUINTA.

LOTT DEVE ESTAR ROLANDO NA TUMBA.",0,0,0,https://twitter.com/BohnGass/status/1637507470993108997
Guilherme Castro #Lula13,@GCastroAidi,https://twitter.com/GCastroAidi/status/1637740772110811137,2023-03-20T09:00:02.000Z,Mourão e outros generais transformaram o exército em elemento nocivo à Segurança Nacional.,0,0,0,https://twitter.com/BohnGass/status/1637507470993108997
eder1118,@eder11181,https://twitter.com/eder11181/status/1637581807934636033,2023-03-19T22:28:22.000Z,"Um exército de brochas, esse é o Brasil.",0,0,0,https://twitter.com/BohnGass/status/1637507470993108997
Na Estrada,@Rimanof_Klein,https://twitter.com/Rimanof_Klein/status/1637608610514493445,2023-03-20T00:14:52.000Z,"Não vai conseguir, infelizmente, enquanto nas forças armadas tivermos elementos da categoria desse senhor, continuará sendo uma instituição de quinta!",0,0,0,https://twitter.com/BohnGass/status/1637507470993108997
Cino Silva,@AlvesMercino,https://twitter.com/AlvesMercino/status/1637585766841720834,2023-03-19T22:44:06.000Z,"Compas, pelo amor de Deus compre um bilhete na minha rifa ou me ajuda q seja pouquinho eu tô passando por a pior situação, perdão seu q tds estão com dificuldades. Agradeço de coração pela força, apoio e confiança a tds vcs meu amigos! 
Pix 33991756922Cel.",0,0,0,https://twitter.com/BohnGass/status/1637507470993108997
