nome,usuario,idTweet,dataPublicacao,texto,replies,retweets,likes,tweetPai
Egle Figueiredo,@Eglef,https://twitter.com/Eglef/status/1637457594468933634,2023-03-19T14:14:47.000Z,"Assim como a fome melhora o sabor de qualquer prato, o governo anterior aumentou, exponencialmente, a visão de como estamos melhor com Lula.",0,0,1,https://twitter.com/BohnGass/status/1637453475863822338
BABE,@GleysedeFranca,https://twitter.com/GleysedeFranca/status/1638021266031669248,2023-03-21T03:34:37.000Z,"Júlia na cadeia Júlia na cadeia 
Júlia na cadeia Júlia na cadeia 
Júlia na cadeia Júlia na cadeia 
Júlia na cadeia Júlia na cadeia 
Júlia na cadeia Júlia na cadeia 
Júlia na cadeia Júlia na cadeia 
Júlia na cadeia Júlia na cadeia 
Júlia na cadeia Júlia na cadeia",0,0,0,https://twitter.com/BohnGass/status/1637453475863822338
Thiago Balada,@ThiagoCesar0099,https://twitter.com/ThiagoCesar0099/status/1637456121035214848,2023-03-19T14:08:56.000Z,🤣🤣🤣🤣🤣🤣🤣,0,0,0,https://twitter.com/BohnGass/status/1637453475863822338
Maria Tereza,@MariaTe17986324,https://twitter.com/MariaTe17986324/status/1637454255521951745,2023-03-19T14:01:31.000Z,É Lula13!,0,0,0,https://twitter.com/BohnGass/status/1637453475863822338
jojoba 66,@Pereira1Joelcio,https://twitter.com/Pereira1Joelcio/status/1637574980115263493,2023-03-19T22:01:14.000Z,"Pagando bem, é melhor do que todos juntos.",0,0,0,https://twitter.com/BohnGass/status/1637453475863822338
Willian Wallace Freedom,@Rodrigo87337379,https://twitter.com/Rodrigo87337379/status/1637637705801539585,2023-03-20T02:10:29.000Z,A emissora do Dilmo disse que os próximos 3 meses serão um desastre. Fonte? O Governo.,0,0,0,https://twitter.com/BohnGass/status/1637453475863822338
