nome,usuario,idTweet,dataPublicacao,texto,replies,retweets,likes,tweetPai
Odisseu,@leon_no_deserto,https://twitter.com/leon_no_deserto/status/1637930898409545732,2023-03-20T21:35:32.000Z,Será mesmo necessário contrapor essa parte podre da mídia fora da bolha deles?,0,0,1,https://twitter.com/BohnGass/status/1637874120745537536
#ColetivoSalaPT.,@ColetivoSalaPT,https://twitter.com/ColetivoSalaPT/status/1637951574768226304,2023-03-20T22:57:41.000Z,Exatamente. Elegemos @LulaOficial presidente exatamente pra isso.,0,0,5,https://twitter.com/BohnGass/status/1637874120745537536
"PASTORA de matilha, Lula13 Presidente",@Adote1Amigo,https://twitter.com/Adote1Amigo/status/1637962500879646721,2023-03-20T23:41:06.000Z,"Gente, vamos deixar de consumir @folha , @Estadao , @OGloboPolitica e nos FOCAR NAS REDES SOCIAIS??",0,0,3,https://twitter.com/BohnGass/status/1637874120745537536
edson braga,@Edsonbrag,https://twitter.com/Edsonbrag/status/1637939512276910085,2023-03-20T22:09:45.000Z,"Gostei da parte do salário melhor, faltou falar do compromisso de levar o imposto de renda para 5.000.",0,0,0,https://twitter.com/BohnGass/status/1637874120745537536
O_Twittlósofo,@twittlosopher,https://twitter.com/twittlosopher/status/1638145529065422850,2023-03-21T11:48:24.000Z,Talve se dissesse isso na propaganda já seria um bom argumento. É preciso construir esse consenso...,0,0,1,https://twitter.com/BohnGass/status/1637874120745537536
Graça Galvão,@GracaMGalvao1,https://twitter.com/GracaMGalvao1/status/1638008756918272000,2023-03-21T02:44:55.000Z,A Imprensa Brasileira prefere a marca da Morte. Sente saudade do Genocida,0,0,1,https://twitter.com/BohnGass/status/1637874120745537536
Rodolfo de Souza,@Rodolfo15set,https://twitter.com/Rodolfo15set/status/1637882251609358336,2023-03-20T18:22:13.000Z,"Impressionante, deputado, é como a mídia não comenta abertamente o trabalho de reconstrução do Brasil. Não fala que Lula tem que fazer milagres para salvar um país em ruínas.",0,0,1,https://twitter.com/BohnGass/status/1637874120745537536
Maria de Fátima Sousa,@Mariade45794415,https://twitter.com/Mariade45794415/status/1638101682910363649,2023-03-21T08:54:10.000Z,A imprensa  representa  o  mercado  financeiro,0,0,0,https://twitter.com/BohnGass/status/1637874120745537536
Sandra Sipp,@pisselise,https://twitter.com/pisselise/status/1637955640478818305,2023-03-20T23:13:51.000Z,Tem q requentar mesmo tudo q o governo do inominável congelou. Viva Lula!!!,0,0,3,https://twitter.com/BohnGass/status/1637874120745537536
José Luiz Gomes,@JosLiuz1,https://twitter.com/JosLiuz1/status/1638136917765046272,2023-03-21T11:14:10.000Z,Bohn gass eles acham que o governo tem que governar é pra eles.,0,0,0,https://twitter.com/BohnGass/status/1637874120745537536
Dayse,@Dayse62300316,https://twitter.com/Dayse62300316/status/1637945472563257344,2023-03-20T22:33:26.000Z,👏👏👏👏👏,0,0,1,https://twitter.com/BohnGass/status/1637874120745537536
Maria Claudia,@MariaCl2021,https://twitter.com/MariaCl2021/status/1637875406429736960,2023-03-20T17:55:01.000Z,"Para quem nunca passou fome, sempre teve onde morar, estudou em boas escolas e tem saúde privada, os programas sociais não passam de ""choro de pobre"".",0,0,1,https://twitter.com/BohnGass/status/1637874120745537536
Rony Locher,@rony_locher,https://twitter.com/rony_locher/status/1638215393482293248,2023-03-21T16:26:01.000Z,Vc virou um puxa saco de primeira! Se liga senhor Gass! Tá beirando o ridículo!,0,0,0,https://twitter.com/BohnGass/status/1637874120745537536
AngeladeCamposSalles 4a conta,@aline_csalles,https://twitter.com/aline_csalles/status/1638199231352586240,2023-03-21T15:21:47.000Z,"So que ele nao esta fazendo nada disso ..... se voce nao ve, deve ir ao oculista.... o cara ainda esta no palanque falando mal do antecessor sem parar.... governar que e bom NADA..... esta trazendo de volta o trabalho escravo para enviar dinheiro pra ditaduras autoritarias.",0,0,0,https://twitter.com/BohnGass/status/1637874120745537536
Augusto R. Tin Pires,@augusto_tin,https://twitter.com/augusto_tin/status/1638203364864294912,2023-03-21T15:38:13.000Z,Estão aqui o resultado dos 100dias de desgoverno!!!,0,0,0,https://twitter.com/BohnGass/status/1637874120745537536
George Leitão,@georgefl,https://twitter.com/georgefl/status/1637929235674443777,2023-03-20T21:28:55.000Z,Mas o orçamento secreto acabou. Confirma?,0,0,0,https://twitter.com/BohnGass/status/1637874120745537536
Marcia felipe,@reginamax3,https://twitter.com/reginamax3/status/1637916757376610304,2023-03-20T20:39:20.000Z,"Por que a imprensa não ficava em cima das falcatruas do lixo, quando estava no poder, e fica em cima igual urubu na carniça, quando se trata das melhorias que o presidente Lula faz para o povo, povinho lixo, esses jornalistas e imprensa",0,0,1,https://twitter.com/BohnGass/status/1637874120745537536
Marileia Bolsonaro na Cadeia. TIC TAC,@LeiaRump,https://twitter.com/LeiaRump/status/1638008868365033472,2023-03-21T02:45:21.000Z,"Tem que levantar o tapete dessa mídia! Tem mto lixo escondido, mto prêmio, brinde, concessão... se investigar direitinho 🔥",0,0,1,https://twitter.com/BohnGass/status/1637874120745537536
JJ,@JJ41215193,https://twitter.com/JJ41215193/status/1638120560507879426,2023-03-21T10:09:11.000Z,Kkk,0,0,0,https://twitter.com/BohnGass/status/1637874120745537536
LULAFLA!,@Carlo15557023,https://twitter.com/Carlo15557023/status/1637917396403990536,2023-03-20T20:41:52.000Z,"EXATAMENTE!🎯FOI PRA ISSO QUE FIZEMOS O L!
RECONSTRUIR O QUE DEU CERTO NOS GOVERNOS PASSADOS DO PT E DESTRUÍDO PELO GOLPE!
E SER RESTABELECIDO EM APENAS 100 DIAS É UM MARCO!
SÓ RECONHECE QUEM AMA O BRASIL DE VERDADE...POIS SABE O QUANTO ISSO É IMPORTANTE PRO PAÍS!
LULA É FERA!",0,0,2,https://twitter.com/BohnGass/status/1637874120745537536
MarciaH,@marcia_hmc,https://twitter.com/marcia_hmc/status/1638168159139012610,2023-03-21T13:18:19.000Z,Sem dúvida nenhuma,0,2,1,https://twitter.com/BohnGass/status/1637874120745537536
Cino Silva,@AlvesMercino,https://twitter.com/AlvesMercino/status/1637957073844551680,2023-03-20T23:19:32.000Z,"Amigos quem puder me dê uma ajudinha q seja qualquer valorzinho eu peço pelo amor de nessa situação q tô passando, mas respeito e entendo as dificuldades de tds. Se alguém puder me ajudar agradeço muito de coração cd um de vcs meus amigos! 
Pix 33991756922Cel.Obg",0,0,0,https://twitter.com/BohnGass/status/1637874120745537536
