nome,usuario,idTweet,dataPublicacao,texto,replies,retweets,likes,tweetPai
Flávia Leão,@FlviaLeo16,https://twitter.com/FlviaLeo16/status/1637522361879523331,2023-03-19T18:32:09.000Z,Parabéns pelo empenho @andrefernm .,2,7,115,https://twitter.com/andrefernm/status/1637484282200375297
André Fernandes,@andrefernm,https://twitter.com/andrefernm/status/1637646046992973825,2023-03-20T02:43:38.000Z,"É nossa obrigação! Forte abraço, Flávia.",3,2,81,https://twitter.com/andrefernm/status/1637484282200375297
Ralph,@Ralph_Brazil,https://twitter.com/Ralph_Brazil/status/1637492224395993089,2023-03-19T16:32:24.000Z,"@andrefernm , utilize outra conta eletrônica para manter sua base de dados segura pois a atual não é.",1,1,39,https://twitter.com/andrefernm/status/1637484282200375297
Hiago Almeida,@HiagoAl11158879,https://twitter.com/HiagoAl11158879/status/1637485256751173633,2023-03-19T16:04:42.000Z,"Quebrar o sigilo das imagens do dia 8 de janeiro, é imprescindível para chegar na verdade!",3,5,57,https://twitter.com/andrefernm/status/1637484282200375297
Priscila Prestes,@priiprestes,https://twitter.com/priiprestes/status/1637510888361000965,2023-03-19T17:46:33.000Z,"Andre entra com pedido no judiciário contra o @rodrigopacheco ele precisa iniciar logo isso, cadê os outros deputados e senadores para forçar isso",1,1,21,https://twitter.com/andrefernm/status/1637484282200375297
Ro13erto Kuppe,@rkuppe,https://twitter.com/rkuppe/status/1637493289090797570,2023-03-19T16:36:37.000Z,O Xandão disse que vai enviar informações....kkkk,4,0,8,https://twitter.com/andrefernm/status/1637484282200375297
Cadê o dinheiro que estava aqui?,@DennisonSiquei1,https://twitter.com/DennisonSiquei1/status/1637549248676864000,2023-03-19T20:18:59.000Z,Pacheco não vai deixar acontecer.,0,0,0,https://twitter.com/andrefernm/status/1637484282200375297
Naor,@Naor26878743,https://twitter.com/Naor26878743/status/1637535540584087556,2023-03-19T19:24:31.000Z,👍🏾,0,0,0,https://twitter.com/andrefernm/status/1637484282200375297
LELEO SAYONARA,@kebrandonaslet1,https://twitter.com/kebrandonaslet1/status/1637509047623593987,2023-03-19T17:39:15.000Z,Quer que eu mande a foto do parente do bolsonaro entre os terroristas ou essa vcs já tem?,8,0,6,https://twitter.com/andrefernm/status/1637484282200375297
Beatleriano,@let_it_be_uai,https://twitter.com/let_it_be_uai/status/1637492240732807168,2023-03-19T16:32:27.000Z,"Ué, mas não é você quem está enrolado no MPF e PF por ter incitado os atos golpistas e terroristas de 08/01? Agora quer coordenar a CPMI? 🤔🤔",2,0,9,https://twitter.com/andrefernm/status/1637484282200375297
O Casca Grossa,@CascaGrossaReal,https://twitter.com/CascaGrossaReal/status/1637643577533636608,2023-03-20T02:33:49.000Z,"Nesse dia eu estava copulando e embriagado.
Devo enviar nudes?",0,0,24,https://twitter.com/andrefernm/status/1637484282200375297
Cleideviuva,@cleideviuva,https://twitter.com/cleideviuva/status/1637499972672184322,2023-03-19T17:03:11.000Z,Elis estão presizaoo separa cada asao deste povos,1,0,0,https://twitter.com/andrefernm/status/1637484282200375297
Alan Barbosa,@AlanOBarbosa,https://twitter.com/AlanOBarbosa/status/1637632873271287812,2023-03-20T01:51:17.000Z,"Tudo foi muito simples no dia 08/01/23, um bando de golpistas  presentes a praça dos três poderes e mais uma cambada de golpistas incitando eles e Agora querendo CPI. Seus golpistas, simples assim!",0,0,1,https://twitter.com/andrefernm/status/1637484282200375297
+1brasileira,@mais1brasileir4,https://twitter.com/mais1brasileir4/status/1637497183594246144,2023-03-19T16:52:06.000Z,@wallaceolive_r,0,0,1,https://twitter.com/andrefernm/status/1637484282200375297
SOUL,@Scarlet73289052,https://twitter.com/Scarlet73289052/status/1637625005776293888,2023-03-20T01:20:01.000Z,Cada figura sinistra. Com certeza não é patriota,1,0,1,https://twitter.com/andrefernm/status/1637484282200375297
Geni Santos,@GeniFreitasdos3,https://twitter.com/GeniFreitasdos3/status/1637492262799040514,2023-03-19T16:32:33.000Z,CPMI URGENTE!!!!Nao deixem o Pacheco enrolar para começar a sessão!,0,0,1,https://twitter.com/andrefernm/status/1637484282200375297
Dawson Brandão,@dawsonbrandao,https://twitter.com/dawsonbrandao/status/1637504538759294976,2023-03-19T17:21:20.000Z,"Queridão @andrefernm (olha eu, cheio de intimidade. Hahahaha!): o protocolo da CPMI é o REQ. 28/2023? Quero acompanhar o trâmite pela Internet e estou confuso. O senhor pode esclarecer, por favor? Muito obrigado.",1,2,24,https://twitter.com/andrefernm/status/1637484282200375297
FG,@Fbgandara,https://twitter.com/Fbgandara/status/1637638099764166658,2023-03-20T02:12:03.000Z,"Nesta semana em um grupo falaram sobre a prisão  por conta do 08/01 da Débora Santos que seria da PM. 
Fui olhar no G1 e aparece noticia das prisões e não identifica Debora Santos como PM mas mostra que também foi preso Erlon Paliota Ferrite
que é ex-servidor público de Penápolis",1,0,0,https://twitter.com/andrefernm/status/1637484282200375297
Papini,@papinipops,https://twitter.com/papinipops/status/1637591501587849219,2023-03-19T23:06:53.000Z,"Valeu!!
Teve muita gente filmando por lá.
Certeza que irão contribuir.",0,0,2,https://twitter.com/andrefernm/status/1637484282200375297
Marcelo SM,@Marcelo13761861,https://twitter.com/Marcelo13761861/status/1637485277047300097,2023-03-19T16:04:47.000Z,"Cpmi que nunca ocorrerá? Se fosse para acontecer já estaria rolando. Nada aconteceu ainda porque nos bastidores estão planejando e traçando tudo. Se acontecer será para fazerem mais um teatro, pois tudo será como o sistema deseja. Infelizmente 99% dos políticos são corruptos",0,1,8,https://twitter.com/andrefernm/status/1637484282200375297
JonneBrazil,@BrazilJonne,https://twitter.com/BrazilJonne/status/1637515783927373824,2023-03-19T18:06:01.000Z,Caro @andrefernm a CPI da CLDF teria pedido informações  ao STF e teriam sido negadas.,0,0,2,https://twitter.com/andrefernm/status/1637484282200375297
Leo Kasura |,@leokasura,https://twitter.com/leokasura/status/1637484885018304514,2023-03-19T16:03:14.000Z,O @marcosdoval disse ter alguns terabytes de dados kkk,0,0,5,https://twitter.com/andrefernm/status/1637484282200375297
Alice Num País Petralha,@Van_Democracia,https://twitter.com/Van_Democracia/status/1637870899515777024,2023-03-20T17:37:07.000Z,"Nossa, enviamos todas, não guardaram?",0,0,0,https://twitter.com/andrefernm/status/1637484282200375297
Janaina Correa,@JanainaCorreaBr,https://twitter.com/JanainaCorreaBr/status/1637579436701671428,2023-03-19T22:18:57.000Z,"Chegada nas prisões em 11 de janeiro.
Quem filma, ironiza!",1,3,15,https://twitter.com/andrefernm/status/1637484282200375297
Alcione Londe ☭⃠,@AlcioneLonde,https://twitter.com/AlcioneLonde/status/1637579654990123016,2023-03-19T22:19:49.000Z,Tenho esse,0,1,6,https://twitter.com/andrefernm/status/1637484282200375297
Alcione Londe ☭⃠,@AlcioneLonde,https://twitter.com/AlcioneLonde/status/1637740981087764480,2023-03-20T09:00:52.000Z,"Consegui mais este , para mim é inédito.",0,3,6,https://twitter.com/andrefernm/status/1637484282200375297
sempreadireita,@sempreadireita3,https://twitter.com/sempreadireita3/status/1637538680804974593,2023-03-19T19:37:00.000Z,"Enviem povo,quem tiver videos,provas...",0,0,1,https://twitter.com/andrefernm/status/1637484282200375297
"B22My Name Is Eastewood, Clint Eastwood",@Daniel98951737,https://twitter.com/Daniel98951737/status/1637813665284988930,2023-03-20T13:49:41.000Z,"Vc está sendo um GIGANTE rapaz, meus Parabéns 👏🏻👏🏻👏🏻",0,0,1,https://twitter.com/andrefernm/status/1637484282200375297
Oliveira,@Abacatone,https://twitter.com/Abacatone/status/1637514345734193153,2023-03-19T18:00:18.000Z,"Esse pseudo deputado quer apenas tumultuar com essa CPMI montar um novo circo de embate político, até porque a PGR, PF e o supremo já investiga esses atos.",9,0,2,https://twitter.com/andrefernm/status/1637484282200375297
Chadia A. Ahmad,@ManhaBella,https://twitter.com/ManhaBella/status/1637576210258751490,2023-03-19T22:06:07.000Z,@CelsoEduardoLi4  o drone das imagens do dia 08/01 são suas? Precisamos saber se o carniça participou da baderna,1,0,3,https://twitter.com/andrefernm/status/1637484282200375297
Alec,@OIluministro,https://twitter.com/OIluministro/status/1637506932184367104,2023-03-19T17:30:50.000Z,"Uma boa estratégia é começar por quem filmou ao vivo e tem todas as imagens guardadas desde a caminhada em direcao a praca dos 3 poderes, infiltrados com armas e todo desenrolar da invasão.@GayerGus  @andrefernm entrem em contato com o Didi Redpill.",3,13,34,https://twitter.com/andrefernm/status/1637484282200375297
Claumari.,@Claud565637,https://twitter.com/Claud565637/status/1637495551481593856,2023-03-19T16:45:37.000Z,Enviando.,0,0,12,https://twitter.com/andrefernm/status/1637484282200375297
CPMI S. FRANCISCO URGENTE!,@angelan59870880,https://twitter.com/angelan59870880/status/1637611577162575910,2023-03-20T00:26:40.000Z,"Até enviariamos, mas precisamos de segurança, pois vão buscar remetentes e vc sabe que conseguem penetrar na individualidade!
Lembra o caso do whats do veio da Havana! Teremos proteção a testemunha? Os ""ducolax"" estão babando por forma de fazer mais prisões a titulo de amedrontar",0,0,2,https://twitter.com/andrefernm/status/1637484282200375297
Demetrius De Maria ♡,@Demetri57091185,https://twitter.com/Demetri57091185/status/1637507341275758596,2023-03-19T17:32:28.000Z,"Cada dia é precioso...
O mundo por um fio da 3 G mundial...sYbErNeTc...
O tranca...tranca...
Agenda verde...
Agenda carbone!
Lula está a ser o fantoche...agenda 2030
Tem que cair logo!",0,0,2,https://twitter.com/andrefernm/status/1637484282200375297
Vanda Mendes,@VandaMe43534141,https://twitter.com/VandaMe43534141/status/1637536376332910592,2023-03-19T19:27:50.000Z,Há um rapaz que tem imagens inéditas que ele fez com um drone. Ele postou uma vez aqui no Twiter e disse q só iria tirar do drone para fornecer se a cpmi solicitasse dele pq ao retirar ele perderia as imagens( não entendo disso) mas sei q ele está guardando. Eh só vc anunciar,3,0,10,https://twitter.com/andrefernm/status/1637484282200375297
Daniela Loheder da Silva,@LohederDa,https://twitter.com/LohederDa/status/1637885077467045901,2023-03-20T18:33:27.000Z,#CPMIdo08deJaneiroJa,0,0,0,https://twitter.com/andrefernm/status/1637484282200375297
Mateus ×S× Vanderley,@MateusVanderle7,https://twitter.com/MateusVanderle7/status/1637523944671436802,2023-03-19T18:38:26.000Z,@misteriouspavao @EdRaposo_ @brom_elisa @ACatracaBR @9876mel @mspbra @karinamichelin @LuizCamargoVlog @VanLiberdade @VisaoPatria @DaAcervo @cacabylima @Carolmph @Luaultrafiel @rodrigolimamdh @crisdemarchii @HeyHipocrita @GrazielaPoli @SpaceLiberdade @wallaceolive_r,0,0,1,https://twitter.com/andrefernm/status/1637484282200375297
Roberto Silva,@Roberto38845366,https://twitter.com/Roberto38845366/status/1637628620020514816,2023-03-20T01:34:23.000Z,Vamos apoiar o banco de dados da CPMI,0,1,2,https://twitter.com/andrefernm/status/1637484282200375297
cassiana,@AguirreKassiana,https://twitter.com/AguirreKassiana/status/1637783924049956865,2023-03-20T11:51:30.000Z,Boa ideia!,0,0,0,https://twitter.com/andrefernm/status/1637484282200375297
hippolyto brum jr,@hbrumjunior,https://twitter.com/hbrumjunior/status/1637629838813978627,2023-03-20T01:39:13.000Z,"@GayerGus @marcelvanhattem @EduGiraoOficial @GeneralGirao  CPMI do 8 d janeiro , Pacheco sentiu em cima e não anda , fechando 20 dias. VAI JUDICIALIZAR QUANDO? Por mais q eu não acredite em resultado judicial positivo, é preciso judicializar e divulgar a exaustão, há precedentes.",0,0,3,https://twitter.com/andrefernm/status/1637484282200375297
shinigami no shi,@shinigami2018,https://twitter.com/shinigami2018/status/1637502327115374592,2023-03-19T17:12:32.000Z,Eu devia ter salvado o que vi no dia. Antes de sairem apagando tudo. Tinha gente quebrandontido dentro do congresso antes da entrada do povo. Mas deixo claro que alguns bem poucos mesmo que chegaram depois tb quebraram alguams coisas não sei se eram infiltrados.,4,1,10,https://twitter.com/andrefernm/status/1637484282200375297
Habib Paraty,@HabibParaty,https://twitter.com/HabibParaty/status/1637538083531898883,2023-03-19T19:34:37.000Z,Pra CIMA deles.......@rodrigopacheco O Brasil tá de OLHO 👁🇧🇷👁,0,0,1,https://twitter.com/andrefernm/status/1637484282200375297
Tony Aragão,@TonyAragao01,https://twitter.com/TonyAragao01/status/1637957657435729922,2023-03-20T23:21:51.000Z,"Até agora acham que o STF não vai enterrar essa CPMI... são bobos ou vão fingir surpresa se ""eles"" arrumarem junto con a mídia o termo antidemocrático e inconstitucional , só estão armando a matéria bombástica do ""Fantástico"" , o múmia Pacheco só tá seguindo roteiro.",0,0,0,https://twitter.com/andrefernm/status/1637484282200375297
Marcia Andrade,@MarciaA02722830,https://twitter.com/MarciaA02722830/status/1637519378101960704,2023-03-19T18:20:18.000Z,Quem tiver mande ajuda,0,0,3,https://twitter.com/andrefernm/status/1637484282200375297
Norma Póvoa,@povoa_norma,https://twitter.com/povoa_norma/status/1637578608431579136,2023-03-19T22:15:39.000Z,👏👏,0,0,0,https://twitter.com/andrefernm/status/1637484282200375297
Mateus ×S× Vanderley,@MateusVanderle7,https://twitter.com/MateusVanderle7/status/1637666480652206080,2023-03-20T04:04:50.000Z,https://twitter.com/GilsonF99529677/status/1637263996565835778?t=mp0ApWqO4xwvs_MYjT0Ndg&s=19…,0,0,0,https://twitter.com/andrefernm/status/1637484282200375297
heliefelix,@heliefelix,https://twitter.com/heliefelix/status/1637774346247610368,2023-03-20T11:13:27.000Z,Q Cpi??,0,0,0,https://twitter.com/andrefernm/status/1637484282200375297
Alexandre De Souza,@Souza1669,https://twitter.com/Souza1669/status/1637568705142960130,2023-03-19T21:36:18.000Z,Serve a foto de um sobrinho do ex presidente? E uma pergunta o que políticos que são apoiadores do ex presidente estavam fazendo lá?,0,0,0,https://twitter.com/andrefernm/status/1637484282200375297
Allan Quint,@quint_allan,https://twitter.com/quint_allan/status/1637550939241365504,2023-03-19T20:25:42.000Z,"Organizem bem. Na sequência cronológica. Levantem q estava d serviço no STF e no CN. Lá no Planalto, vejam quem deu as autorizações p/ o pessoal do quebra-quebra entrar. Quem quebrou, quem contratou e financiou, qto recebeu, qdo chegou e d quem recebeu ordens.",0,0,1,https://twitter.com/andrefernm/status/1637484282200375297
Ana beijaflor,@beijaflor_ana,https://twitter.com/beijaflor_ana/status/1637807685377687555,2023-03-20T13:25:55.000Z,#golpistasnaopassarao,0,0,0,https://twitter.com/andrefernm/status/1637484282200375297
SamuelAzevedo,@SamuelA33417530,https://twitter.com/SamuelA33417530/status/1637797213827940357,2023-03-20T12:44:19.000Z,Andre aprovem o porte para os cacs e fuzil a pronto uso nós cartas.,0,0,0,https://twitter.com/andrefernm/status/1637484282200375297
Luiz Lima,@LuizzzLimaa,https://twitter.com/LuizzzLimaa/status/1637527026750857222,2023-03-19T18:50:41.000Z,Total apoio a sua virtude e determinação.,0,0,0,https://twitter.com/andrefernm/status/1637484282200375297
Wander Filho,@WanderF46708474,https://twitter.com/WanderF46708474/status/1637485250312826881,2023-03-19T16:04:41.000Z,O Senador Marcos Durval tem um bom conteúdo em mãos.,1,0,12,https://twitter.com/andrefernm/status/1637484282200375297
ROSA,@ROSA31292181,https://twitter.com/ROSA31292181/status/1637894075528495104,2023-03-20T19:09:12.000Z,"Deputado, deveria ter o mesmo empenho para abrir a CPI das JÓIAS.
Só blá, blá, blá.",0,0,0,https://twitter.com/andrefernm/status/1637484282200375297
Raquel Da Cunha Alexandre,@RaquelDaCunhaA1,https://twitter.com/RaquelDaCunhaA1/status/1637505303833980929,2023-03-19T17:24:22.000Z,Guardem este rosto.,0,0,4,https://twitter.com/andrefernm/status/1637484282200375297
Teixeira Carvalho,@AngelatCarvalho,https://twitter.com/AngelatCarvalho/status/1637546777673867267,2023-03-19T20:09:10.000Z,Busc@r a verd@de e lib£rtar nossos manif£st@ntes é nosso unico obj£tivo. Muito obrigada Depudado Andre Fernandes.,0,0,5,https://twitter.com/andrefernm/status/1637484282200375297
Kirsten,@ZagrebKirsten,https://twitter.com/ZagrebKirsten/status/1637629800155054082,2023-03-20T01:39:04.000Z,PATRIOTAS  SENDO OBRIGADOS A ENTRAR NO ÔNIBUS,2,1,15,https://twitter.com/andrefernm/status/1637484282200375297
E d u G u e d e s,@eduguedes0903,https://twitter.com/eduguedes0903/status/1637515282653626369,2023-03-19T18:04:01.000Z,"Bora compartilhar pessoal !
Sei que não é preciso, mas eu preferi PRINTAR para facilitar compartilhamentos em outras mídias!",0,2,11,https://twitter.com/andrefernm/status/1637484282200375297
Ramon Bento,@RamonBento11,https://twitter.com/RamonBento11/status/1637490675150192642,2023-03-19T16:26:14.000Z,Gmail não né filho. Crie uma conta em serviço de email criptografado como o Proton Mail. @ProtonMail,2,3,26,https://twitter.com/andrefernm/status/1637484282200375297
Luis... S.O.S JESUS,@LuismarSilvaLi2,https://twitter.com/LuismarSilvaLi2/status/1637485297901481986,2023-03-19T16:04:52.000Z,Olha aí galera,0,10,11,https://twitter.com/andrefernm/status/1637484282200375297
Samuel,@Samuellima2345,https://twitter.com/Samuellima2345/status/1637491846438965248,2023-03-19T16:30:53.000Z,"Parabéns, deputado, pela sua iniciativa dessa CPMI. Continue firme!🇧🇷✊🙏",0,1,7,https://twitter.com/andrefernm/status/1637484282200375297
Beatriz Guimarães,@Beatriz65321814,https://twitter.com/Beatriz65321814/status/1637559558506700800,2023-03-19T20:59:57.000Z,É pra mandar fotos suas também?,2,0,2,https://twitter.com/andrefernm/status/1637484282200375297
Clara Mendes,@ClaraMe20120276,https://twitter.com/ClaraMe20120276/status/1637561845899837440,2023-03-19T21:09:03.000Z,Com certeza vou enviar,0,0,0,https://twitter.com/andrefernm/status/1637484282200375297
drika,@drika95981922,https://twitter.com/drika95981922/status/1637599708536270848,2023-03-19T23:39:30.000Z,Tem que ter a cpmi !,0,0,0,https://twitter.com/andrefernm/status/1637484282200375297
Domingos Francisco,@Domingo35307094,https://twitter.com/Domingo35307094/status/1637664254852513794,2023-03-20T03:55:59.000Z,Todo quartel do Exército tem câmeras de segurança em suas entradas é só ir lá e pegar as filmagens das câmeras eu tenho certeza que quem invadiu no dia 8 não foi as pessoas que estavam concentradas nas portarias dos quartéis do Exército ..... E no congresso TB tem câmeras .,0,0,0,https://twitter.com/andrefernm/status/1637484282200375297
Rita Costa,@rc06021960,https://twitter.com/rc06021960/status/1637826239216975873,2023-03-20T14:39:39.000Z,"Gostaria de agradecer aqui, publicamente, a todos os Senadores e Deputados que não se venderam e não entregaram sua alma ao diabo, traindo o povo brasileiro, não retirando suas assinaturas da CPMI. Obrigada a todos vocês, e fiquem certos de que nos lembraremos de todos os trairas",0,0,0,https://twitter.com/andrefernm/status/1637484282200375297
Daniele Silva,@DanieleDetrich,https://twitter.com/DanieleDetrich/status/1638861800153268226,2023-03-23T11:14:36.000Z,Nós apoiamos com toda certeza essa CPMI queremos saber da verdade.,0,0,0,https://twitter.com/andrefernm/status/1637484282200375297
Daniele Silva,@DanieleDetrich,https://twitter.com/DanieleDetrich/status/1638862504544677889,2023-03-23T11:17:24.000Z,Nossa era justamente o que eu estava pensando sobre levantar provas desse dia para embazar essa CPMI . Parabéns. 👏👏👏👏,0,0,0,https://twitter.com/andrefernm/status/1637484282200375297
Karol B,@karolbacelo,https://twitter.com/karolbacelo/status/1637556088865280001,2023-03-19T20:46:10.000Z,Sugiro nao usar gmail.,0,0,0,https://twitter.com/andrefernm/status/1637484282200375297
luz da vida,@ang24012013,https://twitter.com/ang24012013/status/1637630856750571520,2023-03-20T01:43:16.000Z,@JohnStark3D,0,0,0,https://twitter.com/andrefernm/status/1637484282200375297
Marcílio ponts,@marciliomao7,https://twitter.com/marciliomao7/status/1637770147095101441,2023-03-20T10:56:46.000Z,"A Verdade sempre prevalece. Há mais de 2000 anos, tentam de tudo esconder a Verdade, mas jamais conseguirão.",0,0,0,https://twitter.com/andrefernm/status/1637484282200375297
Valeria Moura,@Valeria93806242,https://twitter.com/Valeria93806242/status/1637871069489946639,2023-03-20T17:37:47.000Z,É só pegar as imagens do celulares dos bolsominius e você terá todas as respostas.  Eles  filmaram tudo.,0,0,0,https://twitter.com/andrefernm/status/1637484282200375297
Geovah Miranda,@GeovahMiranda,https://twitter.com/GeovahMiranda/status/1637978645741314048,2023-03-21T00:45:15.000Z,Muito importante enviar materiais verdadeiros do dia 8/01/23. Dia que antecedeu as prisões ilegais de patriotas inocentes que estavam protestando contra o comunismo e a favor da democracia no Brasil.,0,0,0,https://twitter.com/andrefernm/status/1637484282200375297
Geovah Miranda,@GeovahMiranda,https://twitter.com/GeovahMiranda/status/1637985388408057857,2023-03-21T01:12:03.000Z,🤝👍,0,0,0,https://twitter.com/andrefernm/status/1637484282200375297
@laurodolabela,@laurodolabela,https://twitter.com/laurodolabela/status/1638998497985810450,2023-03-23T20:17:47.000Z,Chamaaaa...,0,0,0,https://twitter.com/andrefernm/status/1637484282200375297
Flavia Oliveira,@Flaviaminion,https://twitter.com/Flaviaminion/status/1637490605713506304,2023-03-19T16:25:58.000Z,@JulianaGaiosoMS,0,0,1,https://twitter.com/andrefernm/status/1637484282200375297
Clodoaldo Armelin,@ClodoaldoArmel1,https://twitter.com/ClodoaldoArmel1/status/1638303896295600128,2023-03-21T22:17:41.000Z,"Sugestão: informe mais endereços de e-mail, se possível com maior segurança.",0,0,1,https://twitter.com/andrefernm/status/1637484282200375297
Tereza Cristina,@TerezaCris59,https://twitter.com/TerezaCris59/status/1637755632270077955,2023-03-20T09:59:05.000Z,Interessante. A verdade esclarece.,0,0,0,https://twitter.com/andrefernm/status/1637484282200375297
Almir Rogério de Jesus,@AlmirRjesus,https://twitter.com/AlmirRjesus/status/1637626604556894208,2023-03-20T01:26:22.000Z,"Crie um site ou página para subirem os vídeos
Mas rápido e pratico",0,0,1,https://twitter.com/andrefernm/status/1637484282200375297
Claudio Evooo,@ClaudioEvooo,https://twitter.com/ClaudioEvooo/status/1637568603187707905,2023-03-19T21:35:54.000Z,Apoio total,0,0,0,https://twitter.com/andrefernm/status/1637484282200375297
Agamenom Medeiros,@AgamenomM,https://twitter.com/AgamenomM/status/1637641817758871552,2023-03-20T02:26:49.000Z,"Os peixões vai cair também,kkkkkkkkkkkk",0,0,0,https://twitter.com/andrefernm/status/1637484282200375297
Flavio Vieira,@FlavioV07952537,https://twitter.com/FlavioV07952537/status/1637599910580084736,2023-03-19T23:40:18.000Z,🤡🤡🤡🤡🤡🤡🤡🤡🤡🤡🤡🤡🤡🤡🤡🤡🤡🤡🤡🤡🤡🤡🤡🤡🤡🤡🤡🤡🤡🤡🤡🤡🤡🤡🤡🤡🤡🤡🤡🤡🤡🤡🤡🤡🤡🤡🤡🤡🤡🤡🤡🤡🤣🤣🤣🤣🤣🤣🤣🤣🤣🤣🤣🤣🤣🤣🤣🤣🤣🤣🤣🤣🤣🤣🤣🤣🤣🤣🤣🤣🤣🤣🤣🤣🤣🤣🤣🤣🤣🤣🤣🤣🤣🤣🤣🤣🤣🤣🤣🤣🤣🤣🤣🤣,0,0,0,https://twitter.com/andrefernm/status/1637484282200375297
#MudançasNosRegimentosDoCongresso,@CCConservador,https://twitter.com/CCConservador/status/1637596552553193475,2023-03-19T23:26:57.000Z,Genial ideia vamos divulgar!! Faz backups!!,0,0,1,https://twitter.com/andrefernm/status/1637484282200375297
Maíse Anomal Azevedo,@MaiseAnomal,https://twitter.com/MaiseAnomal/status/1637546437297811456,2023-03-19T20:07:49.000Z,@deilsonANOMAL,0,0,0,https://twitter.com/andrefernm/status/1637484282200375297
Mauro Henrique Scheibe,@mauro_scheibe,https://twitter.com/mauro_scheibe/status/1637829420265209856,2023-03-20T14:52:17.000Z,Sugiro ouvir os manifestantes que foram liberados,0,0,1,https://twitter.com/andrefernm/status/1637484282200375297
Jane,@jane62psi,https://twitter.com/jane62psi/status/1637753193152106497,2023-03-20T09:49:23.000Z,"Então vsa excelência não vêem que os hackers podem entrar e destruir tudo?? Panes podem acontecer nos computadores. Não teria sido mais sábio, pedir as provas sem divulgar?? Os senhores sabem que esse sistema sempre tem um plano na surdina.?? Vigiem.🇧🇷💛💚",0,0,0,https://twitter.com/andrefernm/status/1637484282200375297
Eleonore K. Rempel,@EleonoreRempel,https://twitter.com/EleonoreRempel/status/1637819736502272004,2023-03-20T14:13:49.000Z,"Enviando hoje! Obrigada pelo trabalho! Mesmo sabendo que ""é obrigação de vocés"", admiro e sou grata pela coragem, integridade e garra de cada um que luta aí! Estamos com vocês! Que Deus os guarde e abençoe!",0,0,0,https://twitter.com/andrefernm/status/1637484282200375297
FATIMA BUHATEM,@BuhatemFatima,https://twitter.com/BuhatemFatima/status/1637835145666347015,2023-03-20T15:15:02.000Z,"Depurado, não se admire se o local onde estão armazenadas essas informações sofrer um ""incêndio acidental"". Previna-se.",0,0,1,https://twitter.com/andrefernm/status/1637484282200375297
Berbela Moh,@IzabelMohana,https://twitter.com/IzabelMohana/status/1637833708760707074,2023-03-20T15:09:20.000Z,Manda o n⁰ do zap. Fica mais fácil e mais rápido. 👍,0,0,0,https://twitter.com/andrefernm/status/1637484282200375297
Berbela Moh,@IzabelMohana,https://twitter.com/IzabelMohana/status/1637834577380081664,2023-03-20T15:12:47.000Z,Contém imagens que a mídia esconde.,0,0,1,https://twitter.com/andrefernm/status/1637484282200375297
ملك الموت,@VanessaMileneE1,https://twitter.com/VanessaMileneE1/status/1637800778990514178,2023-03-20T12:58:29.000Z,E de brinde ganhe uma tornozeleira do XANDÃO,0,0,0,https://twitter.com/andrefernm/status/1637484282200375297
V A G N E R,@VAGNER08026084,https://twitter.com/VAGNER08026084/status/1637819492985192452,2023-03-20T14:12:50.000Z,"Que cpi, maluco?",0,0,0,https://twitter.com/andrefernm/status/1637484282200375297
Rodrigo Zanella,@RodrigoZanella5,https://twitter.com/RodrigoZanella5/status/1637506824436867072,2023-03-19T17:30:25.000Z,Vamos compartilhar pessoal,0,0,1,https://twitter.com/andrefernm/status/1637484282200375297
Pedro Henrique,@PedroH_Patos,https://twitter.com/PedroH_Patos/status/1637652129618837512,2023-03-20T03:07:48.000Z,"André, eu tinha VÁRIOS vídeos, muitos eram importantes.
Porém uma pessoa próxima a mim foi presa, e todo mundo que ela enviou os vídeos, tiveram seus celulares invadidos pela polícia, que apagaram tudo, mensagens, vídeos, fotos ...",2,0,0,https://twitter.com/andrefernm/status/1637484282200375297
Lc,@LyviaCm,https://twitter.com/LyviaCm/status/1637518861737115652,2023-03-19T18:18:14.000Z,@brom_elisa @VanLiberdade @gutbsb @OnePaul87,1,0,1,https://twitter.com/andrefernm/status/1637484282200375297
Raul,@GondimRaul,https://twitter.com/GondimRaul/status/1637524779279286274,2023-03-19T18:41:45.000Z,Preso por golpismo recebeu dinheiro do deputado André Fernandes. O sujeito pagou presos no crime e quer investigar os crimes. É esperteza demais.,0,0,2,https://twitter.com/andrefernm/status/1637484282200375297
Raul,@GondimRaul,https://twitter.com/GondimRaul/status/1637526793635733504,2023-03-19T18:49:46.000Z,"O senhor estava presente, como disse que estaria, no dia 8? Ou seu chamado para a esculhambação golpista foi uma arapuca?",0,0,2,https://twitter.com/andrefernm/status/1637484282200375297
Igor Nemésio,@IgorNemesio,https://twitter.com/IgorNemesio/status/1637959516976193539,2023-03-20T23:29:15.000Z,"Caro Deputado, sugiro utilizar um email que não seja de bigtech. Uma sugestão é um email da @ProtonMail . Servidor fora do radar . Mantém privacidade @ProtonPrivacy .",0,0,1,https://twitter.com/andrefernm/status/1637484282200375297
Link221,@Link22134,https://twitter.com/Link22134/status/1637609988540575746,2023-03-20T00:20:21.000Z,Alexandre vai mandar bloquear esse email,0,0,0,https://twitter.com/andrefernm/status/1637484282200375297
Rafael,@RafaelBResende,https://twitter.com/RafaelBResende/status/1637652011427454977,2023-03-20T03:07:20.000Z,Tem que postar aqui tmb pra toda população ter acesso,0,0,0,https://twitter.com/andrefernm/status/1637484282200375297
Debora Desenzi,@cddesenzi,https://twitter.com/cddesenzi/status/1637662875144552449,2023-03-20T03:50:30.000Z,Eles estão ganhando tempo para apagar provas e escondê-las,0,0,0,https://twitter.com/andrefernm/status/1637484282200375297
Ronaldo Oliveira,@Ronaldo15451093,https://twitter.com/Ronaldo15451093/status/1637619287958405120,2023-03-20T00:57:18.000Z,Vai trabalhar!!,0,0,0,https://twitter.com/andrefernm/status/1637484282200375297
Valdir,@Valdir52539013,https://twitter.com/Valdir52539013/status/1637504995422617600,2023-03-19T17:23:08.000Z,Bora pra cima!!!!!!!!,0,0,0,https://twitter.com/andrefernm/status/1637484282200375297
Sullivan Fernandes,@Sullivan001,https://twitter.com/Sullivan001/status/1637539037677248518,2023-03-19T19:38:25.000Z,Quando essa CPMI será instalada?,0,0,0,https://twitter.com/andrefernm/status/1637484282200375297
Raul,@GondimRaul,https://twitter.com/GondimRaul/status/1637524390664364036,2023-03-19T18:40:13.000Z,https://diariodonordeste.verdesmares.com.br/pontopoder/amp/cearense-preso-em-brasilia-por-ataques-recebeu-r-2-mil-de-andre-fernandes-para-acoes-de-campanha-1.3333952…Para o arquivo do golpismo: preso no dia 8 de Jan. recebeu dinheiro público pago por sua campanha.,0,0,0,https://twitter.com/andrefernm/status/1637484282200375297
Donizete Silva,@Donizet56213349,https://twitter.com/Donizet56213349/status/1637589275712663554,2023-03-19T22:58:02.000Z,"Essa cpmi sai mesmo,ou vai ficar so na conversa? Acho que o pachego e o lira vão atrasar a abertura até a maioria ser comprada,retirando as assinaturas, ai adeus cpmi!",0,0,0,https://twitter.com/andrefernm/status/1637484282200375297
Ramon Bento,@RamonBento11,https://twitter.com/RamonBento11/status/1637497295645147136,2023-03-19T16:52:33.000Z,Aprenda com quem sabe. 😉👍,0,0,3,https://twitter.com/andrefernm/status/1637484282200375297
Eli moreiravl07,@moreiravl07,https://twitter.com/moreiravl07/status/1637631140243595264,2023-03-20T01:44:24.000Z,Enviarei o que eu tiver,0,0,0,https://twitter.com/andrefernm/status/1637484282200375297
Jane Ribeiro,@JaneRib77992533,https://twitter.com/JaneRib77992533/status/1637894587120341002,2023-03-20T19:11:14.000Z,"André , agradecida por estar lutando pelos inocentes, EXISTEM muitas filmagens e irá ter bastante material. Eu não entendo políticos que precisam trabalhar para o povo estão dificultando. Transparencia por favor, direito do povo",0,0,0,https://twitter.com/andrefernm/status/1637484282200375297
Junior Sampaio,@juniorssampaio,https://twitter.com/juniorssampaio/status/1637485355682213888,2023-03-19T16:05:06.000Z,👏🏻👏🏻👏🏻👏🏻👏🏻👏🏻👏🏻👏🏻👏🏻,0,0,3,https://twitter.com/andrefernm/status/1637484282200375297
Marcio Galeazzi,@MarcioGaleazzi,https://twitter.com/MarcioGaleazzi/status/1637491855288946688,2023-03-19T16:30:56.000Z,@andrefernm disponibilizem um site para receber vídeos e fotos e se possível anonimamente. O e-mail tem limitação de arquivo e para vídeo não serve! Tem que ser anônimo!,0,0,0,https://twitter.com/andrefernm/status/1637484282200375297
Junior Goncalves,@JuniorG96895978,https://twitter.com/JuniorG96895978/status/1637643523351617536,2023-03-20T02:33:36.000Z,E vai ter mesmo essa CPMI? Pq tanta demora?,0,0,0,https://twitter.com/andrefernm/status/1637484282200375297
Giana,@Gianamonteggia,https://twitter.com/Gianamonteggia/status/1637535258294853633,2023-03-19T19:23:24.000Z,Excelente iniciativa 👊🏻💚💚💚💚,0,0,0,https://twitter.com/andrefernm/status/1637484282200375297
Ju Barros,@JuBarro58727531,https://twitter.com/JuBarro58727531/status/1637485848315699200,2023-03-19T16:07:03.000Z,"André o cara do massapê que foi preso e que na verdade era um infiltrado, ainda continua sumido, a família está acabando que matar4m ele",1,0,5,https://twitter.com/andrefernm/status/1637484282200375297
J.O.S TRICOLOR,@Jeferso69554676,https://twitter.com/Jeferso69554676/status/1637534945882132480,2023-03-19T19:22:09.000Z,Uai achei que tinha provas kkkk,0,0,0,https://twitter.com/andrefernm/status/1637484282200375297
Ju Ferreira,@Juferr60649097,https://twitter.com/Juferr60649097/status/1637500517860376576,2023-03-19T17:05:21.000Z,"Se impedirem a CPMI investiguem por conta própria,mas não deixem essa injustiça por isso mesmo!",0,0,5,https://twitter.com/andrefernm/status/1637484282200375297
clelia,@kiykkka,https://twitter.com/kiykkka/status/1637520295698345992,2023-03-19T18:23:56.000Z,"É isso aí, parabéns, tá cheio de provar por ai",0,0,1,https://twitter.com/andrefernm/status/1637484282200375297
Luciano AG,@LucianoSPJard,https://twitter.com/LucianoSPJard/status/1637605829988831235,2023-03-20T00:03:49.000Z,Foi tudo programado pelo atual governo?,0,0,0,https://twitter.com/andrefernm/status/1637484282200375297
Maria Bernardes,@MariaBe23837193,https://twitter.com/MariaBe23837193/status/1637515986826850306,2023-03-19T18:06:49.000Z,CPMI 8/1,0,0,0,https://twitter.com/andrefernm/status/1637484282200375297
O Behaviorista Hobbesiano,@empiristarazor,https://twitter.com/empiristarazor/status/1637510253460815873,2023-03-19T17:44:02.000Z,"Sim, envie fotos e vídeos do dep André ""raspa boga"" Fernandes apoiando a baderna...",0,0,0,https://twitter.com/andrefernm/status/1637484282200375297
Gisele F,@GiseleFranca10,https://twitter.com/GiseleFranca10/status/1639971178730201089,2023-03-26T12:42:52.000Z,Não se esqueça das URNAS AUDITÁVEIS senão 2026 será o escolhido pelo stf! Vocês precisam aprovar voto impresso visualizável!,0,0,1,https://twitter.com/andrefernm/status/1637484282200375297
Danielle Mesquita,@dani_ka08,https://twitter.com/dani_ka08/status/1637488836715462656,2023-03-19T16:18:56.000Z,Olha Val.  @valeriascher,0,1,3,https://twitter.com/andrefernm/status/1637484282200375297
ANA LIGIA PORTO,@ANALIGIAPORTO29,https://twitter.com/ANALIGIAPORTO29/status/1637823956710309895,2023-03-20T14:30:35.000Z,Os celulares nao foram apreendidos pelo DPF?,0,0,0,https://twitter.com/andrefernm/status/1637484282200375297
Fernando Lt,@FernandoLt9,https://twitter.com/FernandoLt9/status/1637794009438384130,2023-03-20T12:31:35.000Z,Essa cpmi vai rolar mesmo ou vão travar tbm ? Pelo tempo que colheram as assinaturas e o Pachequinho nada de agir ....,0,0,1,https://twitter.com/andrefernm/status/1637484282200375297
RAIMUNDO REGO,@RAIMUNDOREGO1,https://twitter.com/RAIMUNDOREGO1/status/1637778344216350723,2023-03-20T11:29:20.000Z,André entre em contato com os advogados da OACB.,0,0,1,https://twitter.com/andrefernm/status/1637484282200375297
Odair Sousa,@odairsousa,https://twitter.com/odairsousa/status/1637755625655468034,2023-03-20T09:59:03.000Z,"Essa servi?? 

Manual de como raspar o briocu com André Fernandes.",0,0,0,https://twitter.com/andrefernm/status/1637484282200375297
Benedicto Diniz,@diniz_benedicto,https://twitter.com/diniz_benedicto/status/1637548071620845568,2023-03-19T20:14:19.000Z,"André Fernandes. É isto. Deputados não tem competência nem instrumentos para investigação de crimes. Ficam pedindo ajuda a qualquer zé ruela. Deixem isto com a Polícia, que sabe como é que se investiga. Tem meios, pessoal, equipamentos, técnica, experi|ência. Deputados tabacudos.",1,0,0,https://twitter.com/andrefernm/status/1637484282200375297
MarcosHK,@KobMarcos,https://twitter.com/KobMarcos/status/1637555766662922245,2023-03-19T20:44:53.000Z,"Parabéns deputado

Iniciem os trabalhos como se a CPMI já estivesse instalada
Façam a lista dos convocados
Enumerem as provas já obtidas - O Marcos do Val, diz q tem provas q derrubam o ladrão. Que ele cite o q é sem mostrar, para q o povo saiba e inicie as manifestações",0,0,4,https://twitter.com/andrefernm/status/1637484282200375297
Flávio Augusto Menezes Filho,@flaviomanofilho,https://twitter.com/flaviomanofilho/status/1637496763958407168,2023-03-19T16:50:26.000Z,Você faz um brilhante e corajoso trabalho; até aqui honra o voto que lhe dei.,0,0,3,https://twitter.com/andrefernm/status/1637484282200375297
sergio millan,@sergiosonico,https://twitter.com/sergiosonico/status/1637686054156132352,2023-03-20T05:22:36.000Z,"Deputado, precisamos nos atualizar quanto ao fechamento (OU NÃO?) das águas do Véio Chico. Nenhum jornalista da ala conservadora dá qqr nota sobre o ocorrido... Ou é tudo fake news? Please, nos informe a verdade! O caso é igualmente grave ao 8/1/23!!!",0,0,1,https://twitter.com/andrefernm/status/1637484282200375297
Maurício Almeida,@MauricioSAlmei,https://twitter.com/MauricioSAlmei/status/1637791000159563783,2023-03-20T12:19:37.000Z,👍👍👍👏👏👏,0,0,0,https://twitter.com/andrefernm/status/1637484282200375297
Marco Antonio,@MarcoMtonis,https://twitter.com/MarcoMtonis/status/1637543690796163073,2023-03-19T19:56:54.000Z,#CPMIdo08deJaneiroJá,0,1,1,https://twitter.com/andrefernm/status/1637484282200375297
Cadorno Teles,@Cadorno,https://twitter.com/Cadorno/status/1637785489112551425,2023-03-20T11:57:43.000Z,"Sério, posso mesmo?",0,0,0,https://twitter.com/andrefernm/status/1637484282200375297
Lene Paixão,@LenePaixao1,https://twitter.com/LenePaixao1/status/1637517221630033921,2023-03-19T18:11:43.000Z,#CPMIdo08deJaneiroJá 🤝🏻,0,1,3,https://twitter.com/andrefernm/status/1637484282200375297
Hououin Kyouma,@ElPsyKongroo_HK,https://twitter.com/ElPsyKongroo_HK/status/1637499530806476805,2023-03-19T17:01:26.000Z,@gmail? Anota os dados num guardanapo que é melhor.,0,1,2,https://twitter.com/andrefernm/status/1637484282200375297
Sérgio Villela,@villela5010,https://twitter.com/villela5010/status/1637501341646966785,2023-03-19T17:08:37.000Z,"Corretíssimo, até porque não sabemos com as notícias que estão chegando, o que foi apagado. 👏👏👏",0,0,2,https://twitter.com/andrefernm/status/1637484282200375297
rosa,@rosa16461998,https://twitter.com/rosa16461998/status/1637506103914135553,2023-03-19T17:27:33.000Z,Tenta achar Didi Red Pill. Ele falou no ultimo vídeo que tem dezenas de provas.,0,0,0,https://twitter.com/andrefernm/status/1637484282200375297
,@Marina32155278,https://twitter.com/Marina32155278/status/1637605456917962753,2023-03-20T00:02:20.000Z,👏🙌💕,0,0,0,https://twitter.com/andrefernm/status/1637484282200375297
ML,@Marcelo71494593,https://twitter.com/Marcelo71494593/status/1637555459652722688,2023-03-19T20:43:40.000Z,Você vai as investigar ?😂😂😂,0,0,0,https://twitter.com/andrefernm/status/1637484282200375297
Bruna Matias,@brunadecezare,https://twitter.com/brunadecezare/status/1637813249549672448,2023-03-20T13:48:02.000Z,@ariellediasbr é esse email aqui ☝🏼,0,0,0,https://twitter.com/andrefernm/status/1637484282200375297
𝑹𝒐𝒅𝒐𝒍𝒇𝒐 𝑫'𝑶𝒓𝒍𝒆𝒚,@rcsbrpt,https://twitter.com/rcsbrpt/status/1637495249122607107,2023-03-19T16:44:25.000Z,Gmail vai cair de tanta mensagen! 📧🤯,0,1,9,https://twitter.com/andrefernm/status/1637484282200375297
Rosali Veiga,@RosaliVeiga,https://twitter.com/RosaliVeiga/status/1637828527998263296,2023-03-20T14:48:45.000Z,O Senador MARCOS D VAL TEM UM MONTE DE INFORMAÇOES.PELO QUE ELE MESMO DIZ.,0,0,0,https://twitter.com/andrefernm/status/1637484282200375297
Romison Amaral,@RomisonAmaral,https://twitter.com/RomisonAmaral/status/1637762401863909380,2023-03-20T10:25:59.000Z,É verdade que você votou a favor do projeto para o fim do ministério do trabalho?,0,0,0,https://twitter.com/andrefernm/status/1637484282200375297
Luz3s De V4rs0vi4,@luz3sd3v4rs0vi4,https://twitter.com/luz3sd3v4rs0vi4/status/1637485429413883904,2023-03-19T16:05:24.000Z,@BolsonaroSP @carlosjordy @GayerGus @jairbolsonaro @nikolas_dm @paulobilynskyj1 @rodrigolimamdh @apropriajulia @Biakicis @andrefernm @marcosdoval @delegadoramagem @marcelvanhattem @EduGiraoOficial @GeneralGirao @a_jessicao @FlavioBolsonaro @movadvdireitabr @AdvogadosOacb,0,6,15,https://twitter.com/andrefernm/status/1637484282200375297
Luz3s De V4rs0vi4,@luz3sd3v4rs0vi4,https://twitter.com/luz3sd3v4rs0vi4/status/1637485468546658305,2023-03-19T16:05:33.000Z,@OnePaul87 @WillLisil @VanLiberdade @DanieleGouveaa1 @DanVitorPH @odanielscott @TMuquici @GrazielaPoli @GabiLapouble @allanldsantos @realpfigueiredo @Rconstantino @alertatotal @rmotta2 @revistaoeste @AnaPaulaVolei @augustosnunes @AugustoNPistola @brom_elisa @EdRaposo_ @a_jessicao,0,6,14,https://twitter.com/andrefernm/status/1637484282200375297
CarlosAntonio Casagrande,@CarlosACasa,https://twitter.com/CarlosACasa/status/1637647177143971850,2023-03-20T02:48:07.000Z,"Aliás, porque está demorando tanto a tal da CPI????....",0,0,0,https://twitter.com/andrefernm/status/1637484282200375297
claudio sergio teixeira coelho,@claudiosergiot1,https://twitter.com/claudiosergiot1/status/1637573712265330689,2023-03-19T21:56:12.000Z,Pacheco está há dois meses sem trabalhar,0,0,0,https://twitter.com/andrefernm/status/1637484282200375297
Encantadora de Animais,@soniab06514977,https://twitter.com/soniab06514977/status/1637810654731030530,2023-03-20T13:37:43.000Z,Convocar todos os presos políticos.,0,0,0,https://twitter.com/andrefernm/status/1637484282200375297
xForza360 honk honk,@xForza360,https://twitter.com/xForza360/status/1637553329831124998,2023-03-19T20:35:12.000Z,Pode rolar cabeça de ministro?,0,0,0,https://twitter.com/andrefernm/status/1637484282200375297
Fabio,@PjsFabio,https://twitter.com/PjsFabio/status/1637959385283428353,2023-03-20T23:28:43.000Z,👏🏼👏🏼👏🏼🇧🇷🇧🇷🇧🇷,0,0,0,https://twitter.com/andrefernm/status/1637484282200375297
Rose,@roseanemsoares2,https://twitter.com/roseanemsoares2/status/1637493752154521607,2023-03-19T16:38:28.000Z,Quando vão iniciar essa CPMI André?,0,0,0,https://twitter.com/andrefernm/status/1637484282200375297
Iraci,@IracemaCB1,https://twitter.com/IracemaCB1/status/1637487065037242368,2023-03-19T16:11:54.000Z,Atenção,0,0,2,https://twitter.com/andrefernm/status/1637484282200375297
kymy,@nkkmir,https://twitter.com/nkkmir/status/1637486664971870209,2023-03-19T16:10:18.000Z,Força aí! O Brasil e o mundo apoiaremos a sua liderança!,0,0,15,https://twitter.com/andrefernm/status/1637484282200375297
Marcelo Moraes,@Marcelospg29,https://twitter.com/Marcelospg29/status/1637552245251162112,2023-03-19T20:30:54.000Z,Parabéns,0,0,1,https://twitter.com/andrefernm/status/1637484282200375297
MantisMeister,@MantisMeister_,https://twitter.com/MantisMeister_/status/1637846054476431362,2023-03-20T15:58:23.000Z,Que cpmi?,0,0,0,https://twitter.com/andrefernm/status/1637484282200375297
CELSO SANTANA BEZERRA,@celsosantanab,https://twitter.com/celsosantanab/status/1637784043134541824,2023-03-20T11:51:59.000Z,"Olha deputado, aquele incêndio no prédio do MD parece que as provas ali jaz!!",0,0,0,https://twitter.com/andrefernm/status/1637484282200375297
Capitão Fanfarrão,@capfanfarra,https://twitter.com/capfanfarra/status/1637612506725138432,2023-03-20T00:30:21.000Z,Isso aí #Bolsonaronacadeia,0,0,0,https://twitter.com/andrefernm/status/1637484282200375297
Sérgio Mota,@Sergio18082013,https://twitter.com/Sergio18082013/status/1637897376122773509,2023-03-20T19:22:19.000Z,Tem que começar logo antes que o PT compre gente e derrube a CPMI!,0,0,0,https://twitter.com/andrefernm/status/1637484282200375297
ET De Varginha,@ETDeVarginha10,https://twitter.com/ETDeVarginha10/status/1637861021837582350,2023-03-20T16:57:52.000Z,"Sou petista , fiz e faço o L quero muito esta CPI vamos levar vcs as barras dos tribunais e seus patrocinadores também. Quero ver até onde vai esta coragem de vcs.",0,0,0,https://twitter.com/andrefernm/status/1637484282200375297
Ester_Manieri,@ManieriEster,https://twitter.com/ManieriEster/status/1637644397259964416,2023-03-20T02:37:04.000Z,👍👋👋👋👋,0,0,0,https://twitter.com/andrefernm/status/1637484282200375297
Rosemeire Souza,@Rosemei91260447,https://twitter.com/Rosemei91260447/status/1637520112033906689,2023-03-19T18:23:13.000Z,👏👏👏👏👊👊👊,0,0,1,https://twitter.com/andrefernm/status/1637484282200375297
Mario Evangelista,@evangelistabr,https://twitter.com/evangelistabr/status/1637608807600734210,2023-03-20T00:15:39.000Z,👍👍🙏,0,0,1,https://twitter.com/andrefernm/status/1637484282200375297
#crisRock,@Cristia65977381,https://twitter.com/Cristia65977381/status/1637541749383114752,2023-03-19T19:49:11.000Z,Deus👑abençoe nossos planos🙏🏻🇧🇷💎🌻💚💛🙌🏻,0,0,0,https://twitter.com/andrefernm/status/1637484282200375297
#crisRock,@Cristia65977381,https://twitter.com/Cristia65977381/status/1637541810133401600,2023-03-19T19:49:26.000Z,Amém🙏🏻🇧🇷💚💛🌻💎🙌🏻,0,0,0,https://twitter.com/andrefernm/status/1637484282200375297
Deleide,@Deleide9,https://twitter.com/Deleide9/status/1637504760491171843,2023-03-19T17:22:12.000Z,🙏🏻,0,0,0,https://twitter.com/andrefernm/status/1637484282200375297
Elza Camelo da Silva,@elzacamelo,https://twitter.com/elzacamelo/status/1637517557505589252,2023-03-19T18:13:03.000Z,👍🤝👊🤜🤛,0,0,0,https://twitter.com/andrefernm/status/1637484282200375297
Origh International,@OrighInter,https://twitter.com/OrighInter/status/1637572345635192834,2023-03-19T21:50:46.000Z,🇧🇷🛡️ℹ️Brazil,0,1,1,https://twitter.com/andrefernm/status/1637484282200375297
SOUL,@Scarlet73289052,https://twitter.com/Scarlet73289052/status/1637589618286555136,2023-03-19T22:59:24.000Z,Queremos saber dos infiltrados profissionais! #CPMI8deJaneiroJá #CPMIdo08deJaneiroJá,0,0,1,https://twitter.com/andrefernm/status/1637484282200375297
Cruz lima,@Cruzlima23,https://twitter.com/Cruzlima23/status/1637540952293212161,2023-03-19T19:46:01.000Z,"Tem imagem dos policiais legislativos empurrando viatura pro espelho de água , fica duro não deixa passar nada",0,0,1,https://twitter.com/andrefernm/status/1637484282200375297
R Luiz,@RLuiz_72,https://twitter.com/RLuiz_72/status/1637528626735316992,2023-03-19T18:57:03.000Z,"Com certeza..pois os vagabundos, tem q pagar!!",0,0,0,https://twitter.com/andrefernm/status/1637484282200375297
Casal Zimmer a serviço do Brasil,@FelipZimmer,https://twitter.com/FelipZimmer/status/1637501534966632450,2023-03-19T17:09:23.000Z,"Alexandre de Moraes se recusa a enviar informações para a CPI que acontece na Câmara Legislativa do Distrito Federal.
Já tô até vendo como ele vai se comportar com a CPMI.",0,0,1,https://twitter.com/andrefernm/status/1637484282200375297
Roberto Soares,@soaresmilano,https://twitter.com/soaresmilano/status/1637499494932574209,2023-03-19T17:01:17.000Z,"Convide este rapaz, se ainda estiver vivo ….",0,0,4,https://twitter.com/andrefernm/status/1637484282200375297
Roberto Soares,@soaresmilano,https://twitter.com/soaresmilano/status/1637498581702651904,2023-03-19T16:57:39.000Z,Encontre essa mulher que várias “coisas” serão esclarecidas.,0,5,10,https://twitter.com/andrefernm/status/1637484282200375297
vovòcris سلام,@crisserafim31,https://twitter.com/crisserafim31/status/1637492358815129600,2023-03-19T16:32:56.000Z,"O que garante a nossa segurança para enviar essas imagens ? Afinal@tem imagens  envolvendo todo o sistema , 🤔",0,0,0,https://twitter.com/andrefernm/status/1637484282200375297
