nome,usuario,idTweet,dataPublicacao,texto,replies,retweets,likes,tweetPai
José Reghelin,@JoseReghelin,https://twitter.com/JoseReghelin/status/1638717734396493827,2023-03-23T01:42:08.000Z,"Tudo articulado pelo vice prefeito...
Ele é o homem da propina e dos endinheirados...",0,0,0,https://twitter.com/BohnGass/status/1638674173517078528
Júlio Silva Santos,@JlioSanto3,https://twitter.com/JlioSanto3/status/1638849597337395201,2023-03-23T10:26:07.000Z,Governo federal está ótimo né 😂😂😂😂😂😂,0,0,0,https://twitter.com/BohnGass/status/1638674173517078528
Edson tuca,@facundo_edson,https://twitter.com/facundo_edson/status/1638682540083904512,2023-03-22T23:22:17.000Z,Sulista tem que tomar no col mesmo acho bom,0,0,1,https://twitter.com/BohnGass/status/1638674173517078528
