nome,usuario,idTweet,dataPublicacao,texto,replies,retweets,likes,tweetPai
Armando Garcia,@agrego63,https://twitter.com/agrego63/status/1638842832243896322,2023-03-23T09:59:14.000Z,Furnas é do Brasil,0,1,2,https://twitter.com/BohnGass/status/1638635446128328706
Vitor Sarno é 134,@vitorsarno,https://twitter.com/vitorsarno/status/1639028202935840769,2023-03-23T22:15:49.000Z,#ReestatizaEletrobrasJá,0,1,2,https://twitter.com/BohnGass/status/1638635446128328706
Marcelo Alencar,@magoalencar,https://twitter.com/magoalencar/status/1638699393036476416,2023-03-23T00:29:15.000Z,#EletrobrasPúblicaJá,0,1,5,https://twitter.com/BohnGass/status/1638635446128328706
Eng.mecânico,@NicezioE,https://twitter.com/NicezioE/status/1638687004345917441,2023-03-22T23:40:01.000Z,"#ReestatizaEletrobrasJá 
Reestatiza a Eletrobras já, Lula!!!@LulaOficia#ReestatizaEletrobrasJá",0,1,5,https://twitter.com/BohnGass/status/1638635446128328706
Michaela Dellabianca,@MauraMichaela,https://twitter.com/MauraMichaela/status/1638960447238942721,2023-03-23T17:46:35.000Z,"Um absurdo inconstitucional que teve a cumplicidade de parte do congresso, num show de horrores de toma lá, dá cá. Mas o governo @LulaOficial ode e deve atuar para corrigir esse mal. #ReestatizaEletrobrasJá",0,1,6,https://twitter.com/BohnGass/status/1638635446128328706
Rodrigo Maia,@Rodrigo22566544,https://twitter.com/Rodrigo22566544/status/1638706530676768768,2023-03-23T00:57:37.000Z,"Reestatize a Eletrobras já, Lula!!!@LulaOficial @gleisi @Glauber_Braga",0,1,2,https://twitter.com/BohnGass/status/1638635446128328706
LulistaPetista,@LulistaPetista,https://twitter.com/LulistaPetista/status/1638689692051812352,2023-03-22T23:50:42.000Z,"Para evitar o rombo de R$ 500 bilhões, PEDIMOS que o MINISTRO @asilveiramgse REÚNA com o @ColetivoCNEPARA DISCUTIR:🇧🇷 #ReestatizaEletrobrasJá 🇧🇷🇧🇷 #LulaGovernoDeInclusão 🇧🇷@LulaOficial@gleisi@jeanpaulprates@Glauber_Braga@erikakokay@zeca_dirceu@asilveiramg@paulopaim .",0,0,0,https://twitter.com/BohnGass/status/1638635446128328706
Furnas Diário #ReestatizaEletrobras,@FurnasDiario,https://twitter.com/FurnasDiario/status/1638879804727631872,2023-03-23T12:26:09.000Z,"É preciso punir o crime lesa-pátria que foi privatizar a Eletrobras e REESTATIZAR!

Devolver para o país sua maior empresa de energia!!!#ReestatizaEletrobras#EletrobrasPública#LulaReestatizaEletrobrasJa@LulaOficial @JanjaLula @JornalOGlobo @MetroJornal_RJ",0,0,0,https://twitter.com/BohnGass/status/1638635446128328706
Roney José Pereira,@RoneyJosPereir2,https://twitter.com/RoneyJosPereir2/status/1638901664508682240,2023-03-23T13:53:00.000Z,"ELETROBRAS é sinônimo de Ciência,  Tecnologia,  Desenvolvimento social, Cultura, Garantia da manutenção e controle energético,  Respeito ao povo brasileiro, Distribuição de Renda e contra a Concentração de Renda EXCLUSIVA DOS INVESTIDORES.",0,0,0,https://twitter.com/BohnGass/status/1638635446128328706
Pedro Prieto,@Pprieto2Prieto,https://twitter.com/Pprieto2Prieto/status/1638705718009159681,2023-03-23T00:54:23.000Z,@requiaooficial @Pimenta13Br @FlavioDino @AlencarBraga13 @erikakokay @brasil247 salvem o Brasil salvem a Eletrobrás do crime de Lesa Pátria,0,0,1,https://twitter.com/BohnGass/status/1638635446128328706
