nome,usuario,idTweet,dataPublicacao,texto,replies,retweets,likes,tweetPai
Alex Manente,@AlexManente23,https://twitter.com/AlexManente23/status/1638967228258471936,2023-03-23T18:13:32.000Z,Fala de Lula:,2,1,5,https://twitter.com/AlexManente23/status/1638967226299478031
Alex Manente,@AlexManente23,https://twitter.com/AlexManente23/status/1638967230426763264,2023-03-23T18:13:32.000Z,Fala de Flávio Dino:,1,0,8,https://twitter.com/AlexManente23/status/1638967226299478031
Alex Manente,@AlexManente23,https://twitter.com/AlexManente23/status/1638967232234418191,2023-03-23T18:13:33.000Z,A contradição é clara,5,0,9,https://twitter.com/AlexManente23/status/1638967226299478031
Maria Cê,@MammyCe,https://twitter.com/MammyCe/status/1638970540927905794,2023-03-23T18:26:42.000Z,"Já cansei da impunidade...conto com o vc para atuar nesse sentido. E não é para defender A ou B, para defesa de qualquer cidadão brasileiro.",0,0,0,https://twitter.com/AlexManente23/status/1638967226299478031
Vladimir Ribeiro,@Vladimi25898925,https://twitter.com/Vladimi25898925/status/1638970047539343367,2023-03-23T18:24:44.000Z,"A mentira tem pernas curtas!
Não é mesmo!!!",0,0,0,https://twitter.com/AlexManente23/status/1638967226299478031
TAMER LEOPOLDO,@tamerleopoldo,https://twitter.com/tamerleopoldo/status/1639230503587807233,2023-03-24T11:39:42.000Z,"O povo de São Bernardo precisa de saúde, educação e mais empregos. Não precisa de fofoca, nem de “disse que disse.”
Vamos trabalhar, deputado?",0,0,0,https://twitter.com/AlexManente23/status/1638967226299478031
Douglas Valle,@dododfdv,https://twitter.com/dododfdv/status/1638968528328880131,2023-03-23T18:18:42.000Z,"""Eu não vou ficar atacando ninguém sem ter provas. Eu acho que é mais uma armação e, se for mais uma armação, ele vai ficar mais desmascarado ainda.""

Imagine se ele estivesse atacando...",0,0,1,https://twitter.com/AlexManente23/status/1638967226299478031
Nivaldo de Agustini,@NivaldoAgustini,https://twitter.com/NivaldoAgustini/status/1639264462686367746,2023-03-24T13:54:38.000Z,Tudo farinha do mesmo saco.,0,0,0,https://twitter.com/AlexManente23/status/1638967226299478031
matheus_valadao,@matheus_valadao,https://twitter.com/matheus_valadao/status/1639221040168554497,2023-03-24T11:02:05.000Z,Vai abdicar da presença na reunião do Conselho Político do Governo Lula ?,0,0,0,https://twitter.com/AlexManente23/status/1638967226299478031
Alfredo,@AuditorFera,https://twitter.com/AuditorFera/status/1639421333724332032,2023-03-25T00:17:59.000Z,Os dois estão mentindo.,0,0,0,https://twitter.com/AlexManente23/status/1638967226299478031
Dario C Dias,@DarioCDias1,https://twitter.com/DarioCDias1/status/1638978309479362568,2023-03-23T18:57:34.000Z,E o senhor ainda vai pra China com lula deputado?,0,0,0,https://twitter.com/AlexManente23/status/1638967226299478031
Rafaelle,@RafaMoro7,https://twitter.com/RafaMoro7/status/1639415700576952320,2023-03-24T23:55:36.000Z,Fato,0,0,0,https://twitter.com/AlexManente23/status/1638967226299478031
@policialsincero,@policialsincero,https://twitter.com/policialliberal/status/1638970194037993492,2023-03-23T18:25:19.000Z,"Lula saiu em defesa do PCC.

Disse que a organização é “vítima” de armação do Moro.
Ele é bom em narrativas.
Esquece que estão envolvidos o MPESP, a PF e diversas outras autoridades.",0,0,1,https://twitter.com/AlexManente23/status/1638967226299478031
Antonio Souza,@AntonioSous,https://twitter.com/AntonioSous/status/1639211668587814913,2023-03-24T10:24:51.000Z,O ex-presidiário segue um roteiro previsível em todos os sentidos.  Quem perde é o Brasil. A solução é  o inevitável #impeachmentlula .,0,1,1,https://twitter.com/AlexManente23/status/1638967226299478031
