nome,usuario,idTweet,dataPublicacao,texto,replies,retweets,likes,tweetPai
Julianna M. Z. Martins,@JuliannaLulaMar,https://twitter.com/JuliannaLulaMar/status/1638909129602236418,2023-03-23T14:22:40.000Z,Bidú!,0,0,0,https://twitter.com/BohnGass/status/1638675277466464257
baixem os JUROS,@queremopas,https://twitter.com/queremopas/status/1638695373555245059,2023-03-23T00:13:17.000Z,BC odeia pobre,0,0,2,https://twitter.com/BohnGass/status/1638675277466464257
edson almeida,@edsonalmeida,https://twitter.com/edsonalmeida/status/1638827129604395008,2023-03-23T08:56:50.000Z,"@LulaOficial tem que editar uma MP e tirar a exclusividade do Bacen sobre a taxa Selic. 
Ela é crucial para o desenvolvimento e o Bacen deve ter peso 1 nessa decisão e não peso 10. 
Ora, ora... @Haddad_Fernando está dormindo???",0,0,2,https://twitter.com/BohnGass/status/1638675277466464257
Eduardo Oliveira,@1105garibaldi,https://twitter.com/1105garibaldi/status/1638874672920944641,2023-03-23T12:05:45.000Z,"Um total anacronismo com a realidade social e econômica  nacional!!!
Vejam esse caso : tenho um amigo que penssa em modernizar um equipamento médico (mamógrafo) e está esperando a boa vontade desse elemento. Tenha paciência!@LulaOficial e uns bons perfis do  @PTnoSenado e base A",0,0,0,https://twitter.com/BohnGass/status/1638675277466464257
Walter Mocking,@MockingWalter,https://twitter.com/MockingWalter/status/1638698636803465216,2023-03-23T00:26:15.000Z,"Exato,  deputado!
Então,  que o Partido dos Trabalhadores pressione a Presidência da República a tomar medidas práticas para que o BACEN baixe já os juros!
Ou é isto, ou o Gov. Lula corre o risco de acabar no segundo semestre de 2023!",0,1,1,https://twitter.com/BohnGass/status/1638675277466464257
Maria de Fátima,@Mariade13075576,https://twitter.com/Mariade13075576/status/1638714082088853506,2023-03-23T01:27:37.000Z,Até quando esse ordinário permanece como presidente do BC??,1,0,1,https://twitter.com/BohnGass/status/1638675277466464257
Carlos,@Carlos90552739,https://twitter.com/Carlos90552739/status/1638677043498950660,2023-03-22T23:00:26.000Z,"Com uma taxa de juros alto o país não tem como desenvolver o que poderia , o justo seria a taxa de juros ser o mesmo que a inflação, em torno de 6%.
Fica impossível trabalhar com linha de crédito com taxa de 13.75 as empresas não tem como investir e gerar empregos",0,1,3,https://twitter.com/BohnGass/status/1638675277466464257
Maria de Fátima,@Mariade13075576,https://twitter.com/Mariade13075576/status/1638714328093163524,2023-03-23T01:28:36.000Z,Bozo mesmo não eleito continua sabotando o país,0,0,1,https://twitter.com/BohnGass/status/1638675277466464257
sylvio.sirangelo,@SylvioSirangelo,https://twitter.com/SylvioSirangelo/status/1638852908212158465,2023-03-23T10:39:16.000Z,É sabotagem!,0,0,0,https://twitter.com/BohnGass/status/1638675277466464257
Dayse,@Dayse62300316,https://twitter.com/Dayse62300316/status/1638894517930582019,2023-03-23T13:24:36.000Z,Exonerar ele é  o melhor  caminho,1,0,0,https://twitter.com/BohnGass/status/1638675277466464257
"Festa da Selma, 08 de Janeiro",@gleyseviana_,https://twitter.com/gleyseviana_/status/1638754808550264834,2023-03-23T04:09:27.000Z,"@BancoCentralBR Campos neto não é independente!!! Ele é bolsonarista ferrenho!!! Quer sabotar o governo... pq sabe que sabotar a economia monetária do governo é mais fácil pra fazer campanha contra o governo, mais fácil derrubar , né? Isso é criminoso. Vocês só pensam em si mesmo",0,1,0,https://twitter.com/BohnGass/status/1638675277466464257
Thiago Nascimento De Souza,@Thiagonsam,https://twitter.com/Thiagonsam/status/1638859036954185730,2023-03-23T11:03:37.000Z,"Tem que aumentar os juros. governo péssimo e gastador. Dando dinheiro pra Argentina, artistas ricos, cheio de mamata",0,0,0,https://twitter.com/BohnGass/status/1638675277466464257
regina villas,@rvillasb,https://twitter.com/rvillasb/status/1639019139661549571,2023-03-23T21:39:49.000Z,"Só quem sai ganhando com esta taxa alta são os banqueiros, os rentistas: ""rentistas são pessoas que, por terem riquezas acumuladas, vivem das rendas que suas posses resultam, sem produzir para o desenvolvimento do país"", são parasitas, sanguessugas etc.",0,0,2,https://twitter.com/BohnGass/status/1638675277466464257
Júlio Silva Santos,@JlioSanto3,https://twitter.com/JlioSanto3/status/1638848067607711745,2023-03-23T10:20:02.000Z,😂😂😂😂😂,0,0,1,https://twitter.com/BohnGass/status/1638675277466464257
Chewbacca,@Chewbac92042390,https://twitter.com/Chewbac92042390/status/1638684617195626502,2023-03-22T23:30:32.000Z,#JurosBaixosJá #ForaCamposNeto,0,0,0,https://twitter.com/BohnGass/status/1638675277466464257
Auditoria Cidadã da Dívida,@AuditoriaCidada,https://twitter.com/AuditoriaCidada/status/1638945211694067713,2023-03-23T16:46:03.000Z,"Desde o ano passado a Auditoria Cidadã da Dívida vem denunciando que a cada 1% de aumento na taxa Selic pelo Banco Central (BC), o rombo no orçamento federal causado pelos gastos com a dívida pública aumenta, sacrificando a população com privatizações, contrarreformas e cortes..",0,2,5,https://twitter.com/BohnGass/status/1638675277466464257
Solon SM,@Solon_SM,https://twitter.com/Solon_SM/status/1638903447968788480,2023-03-23T14:00:06.000Z,"@BohnGass @LulaOficial @MinFazenda é necessário taxar os lucros e dividendos via decreto, mesmo que temporário, eles querem lucrar com a mais alta taxa de juros do planeta? Então que sejam taxados também!!",0,0,0,https://twitter.com/BohnGass/status/1638675277466464257
Hussein - Justiça #FreeAssangeNOW,@HusseinBrasil,https://twitter.com/HusseinBrasil/status/1638678466483879939,2023-03-22T23:06:06.000Z,"Campos Neto é um terrorista econômico e social. 

Parece seguir a fórmula de Eduardo Cunha e Aécio Neves, que destruíram o Brasil e a economia do país para remover a Dilma Rousseff da presidência.",0,2,1,https://twitter.com/BohnGass/status/1638675277466464257
Adilson Barbosa sdv FB,@barbosacamp,https://twitter.com/barbosacamp/status/1638853749983592450,2023-03-23T10:42:37.000Z,Pior. Ele vai aumentar.,0,0,0,https://twitter.com/BohnGass/status/1638675277466464257
