nome,usuario,idTweet,dataPublicacao,texto,replies,retweets,likes,tweetPai
Érica Martins,@erikinhamagic,https://twitter.com/erikinhamagic/status/1638541676518973440,2023-03-22T14:02:32.000Z,"O nome é Estado Democrático de Direito. No final das contas, Lula salvou a vida do próprio algoz.",0,1,4,https://twitter.com/BohnGass/status/1638537624888524804
Murilo Oliveira,@MuriloO05111008,https://twitter.com/MuriloO05111008/status/1638542794426908674,2023-03-22T14:06:59.000Z,o Moro já sabendo disso jogou a conversa que a fala do Lula colocava sua família em perigo.,0,0,0,https://twitter.com/BohnGass/status/1638537624888524804
Wally A. Santos,@WallyASantos,https://twitter.com/WallyASantos/status/1638710053506039808,2023-03-23T01:11:37.000Z,"Você tenta enganar as pessoas, transmitindo a falsa ideia de que a Polícia Federal é um fantoche do Lula e do Flávio Dino.",0,0,0,https://twitter.com/BohnGass/status/1638537624888524804
Regina Poa,@RegPoa,https://twitter.com/RegPoa/status/1638668721081155588,2023-03-22T22:27:22.000Z,"Graças ao MPF/SP que Moro não foi assassinado. Foi o MPF que investigou, frustrando os planos de Lula. Flávio Dino está bancando o sonso agora.",0,0,0,https://twitter.com/BohnGass/status/1638537624888524804
Regina Poa,@RegPoa,https://twitter.com/RegPoa/status/1638669036362821633,2023-03-22T22:28:37.000Z,Lula e Flávio Dino devem estar se mordendo de raiva porque o MP de São Paulo evitou o assassinato do Moro.,0,0,0,https://twitter.com/BohnGass/status/1638537624888524804
Maria Claudia,@MariaCl2021,https://twitter.com/MariaCl2021/status/1638569016523358209,2023-03-22T15:51:11.000Z,"O Youssef doleiro reaparece e, de repente, o marreco esganiçado é ""ameaçado"" pelo PCC? Me poupe!",0,1,1,https://twitter.com/BohnGass/status/1638537624888524804
Charlles Roney,@roney_charlles,https://twitter.com/roney_charlles/status/1638711318617157633,2023-03-23T01:16:38.000Z,"Quanta bobagem. A PF é do Estado e não de ""governo"" A ou B.",0,0,0,https://twitter.com/BohnGass/status/1638537624888524804
Darkside,@SandraL07883042,https://twitter.com/SandraL07883042/status/1638564136501096450,2023-03-22T15:31:47.000Z,O Governo do Lula é justo e respeita a vida até mesmo de seus desafetos.  #LulaSalvouAVidaDoMoro,0,0,0,https://twitter.com/BohnGass/status/1638537624888524804
ednyr santos,@EdnyrSantos,https://twitter.com/EdnyrSantos/status/1638551229532979202,2023-03-22T14:40:30.000Z,Petistas tinham planos p matar Sérgio Moro,0,0,0,https://twitter.com/BohnGass/status/1638537624888524804
