nome,usuario,idTweet,dataPublicacao,texto,replies,retweets,likes,tweetPai
Alex Silva,@prof_alexsilva,https://twitter.com/prof_alexsilva/status/1638341572541440004,2023-03-22T00:47:24.000Z,Perfeito 👏👏👏👏,1,0,27,https://twitter.com/andrefernm/status/1638310309130645504
Luiz,@lgondim,https://twitter.com/lgondim/status/1638344675416236033,2023-03-22T00:59:44.000Z,👏🏻👏🏻👏🏻👏🏻👏🏻👏🏻👏🏻,0,0,0,https://twitter.com/andrefernm/status/1638310309130645504
Vinicius Aith,@viniciusaithsp,https://twitter.com/viniciusaithsp/status/1638423558559879169,2023-03-22T06:13:11.000Z,👏👏👏👏👏👏👏👏👏,0,0,5,https://twitter.com/andrefernm/status/1638310309130645504
Robert Szymanski,@RobertSzymansky,https://twitter.com/RobertSzymansky/status/1638322946815979520,2023-03-21T23:33:23.000Z,"Esse é bicho bão.
Me representa 🇧🇷🇧🇷🇧🇷🇧🇷🇧🇷🇧🇷🇧🇷🇧🇷🇧🇷🇧🇷🇧🇷🇧🇷@andrefernm siga firme que o povo de bem do Brasil está com você 🤗🤗",4,2,66,https://twitter.com/andrefernm/status/1638310309130645504
Novata,@NovataNaRede,https://twitter.com/NovataNaRede/status/1638312115906772996,2023-03-21T22:50:21.000Z,Sensacional!!! Muitos parabéns!!!! 👏👏👏👏,0,0,9,https://twitter.com/andrefernm/status/1638310309130645504
PARAIBANA PATRIOTA,@Kk_Melo22,https://twitter.com/Kk_Melo22/status/1638311400073207809,2023-03-21T22:47:30.000Z,Botando pra lascar como sempre! 👏🏻👏🏻👏🏻👏🏻👏🏻👏🏻👏🏻👏🏻👏🏻👏🏻👏🏻👏🏻,0,0,22,https://twitter.com/andrefernm/status/1638310309130645504
Força Brasil,@RogPatriota,https://twitter.com/RogPatriota/status/1638312117303488514,2023-03-21T22:50:21.000Z,"Se não for feito algo urgente o sistema acaba com tudo. Dino processando deputados, Lula f*dendo com Moro e o povo de direita. Temos que ir às ruas antes que fique pior.",1,3,14,https://twitter.com/andrefernm/status/1638310309130645504
Vaniaabreusodre,@vaniaabreusodre,https://twitter.com/vaniaabreusodre/status/1638316486895730689,2023-03-21T23:07:43.000Z,Me REPRESENTA!!!!!! 🇧🇷🇧🇷🇧🇷🇧🇷🇧🇷🇧🇷👏👏👏👏👏👏👏👏👏👏👏👏👏👏👏👏👏👏👏👏👏👏👏👏👏👏👏👏👏👏👏👏👏👏👏👏👏👏👏👏👏👏👏👏👏👏👏👏👏👏👏👏👏👏👏👏👏👏👏👏👏👏👏👏👏👏👏👏👏👏👏👏👏👏👏👏👏👏👏👏👏👏👏👏👏👏👏👏👏👏👏👏👏👏👏👏👏👏👏👏👏👏👏👏👏👏👏👏👏👏👏👏,0,1,5,https://twitter.com/andrefernm/status/1638310309130645504
Maristela de Melo,@maristelademelo,https://twitter.com/maristelademelo/status/1638452506626859009,2023-03-22T08:08:13.000Z,"O que acontecerá quando as milícias e os narcotraficantes se enfrentarem nas comunidades de onde saem os políticos das esquerdas, como já estão identificadas nas divergências nos acordos do desgoverno?",1,0,10,https://twitter.com/andrefernm/status/1638310309130645504
Marinhoaine,@marinhoedii82,https://twitter.com/marinhoedii82/status/1638676494368100352,2023-03-22T22:58:16.000Z,"Rapaz, tu é brabo. Parabéns pelo discurso. Tenho acompanhado e ficado bem satisfeita.🇧🇷",0,0,1,https://twitter.com/andrefernm/status/1638310309130645504
Rosa Bolsonaro,@RosaMariaAssi12,https://twitter.com/RosaMariaAssi12/status/1638361764294193155,2023-03-22T02:07:38.000Z,👏👏👏👏👏👏👏👏👏👏👏👏👏👏👏👏👏👏👏👏,0,0,2,https://twitter.com/andrefernm/status/1638310309130645504
Регіна і Уілс @rebellarj 2,Регіна і Уілс @rebellarj 2,https://twitter.com/ReginaeWilson1/status/1638508860632625152,2023-03-22T11:52:09.000Z,Vivendo num NARCODESGOVERNO.,0,0,1,https://twitter.com/andrefernm/status/1638310309130645504
Pagina Aberta 22,@Paginaaberta22,https://twitter.com/Paginaaberta22/status/1638326920159850496,2023-03-21T23:49:11.000Z,Aparelhamento do sistema serve para isso mesmo deputado.,0,1,1,https://twitter.com/andrefernm/status/1638310309130645504
La-Vanda,@la_vandas,https://twitter.com/la_vandas/status/1638346931498893313,2023-03-22T01:08:42.000Z,"Ninguem entende, Deputado! André Fernandes@andrefernm . Enfim um Deputado Federal se manifesta. O Congresso está omisso!",1,0,2,https://twitter.com/andrefernm/status/1638310309130645504
Pablo,@PabloRicarese10,https://twitter.com/PabloRicarese10/status/1638380484961943554,2023-03-22T03:22:01.000Z,"Show de bola, arrasou 👍🏼👏",0,0,2,https://twitter.com/andrefernm/status/1638310309130645504
Daniel Cohim,@cohim_daniel,https://twitter.com/cohim_daniel/status/1638513513885843456,2023-03-22T12:10:38.000Z,"André, vc me representa!!! Parabéns!!!",0,0,1,https://twitter.com/andrefernm/status/1638310309130645504
MissjocelinasilvaMendes,@MJocelinasilva,https://twitter.com/MJocelinasilva/status/1638773778359386112,2023-03-23T05:24:50.000Z,Eu penso o mesmo que você.,0,0,1,https://twitter.com/andrefernm/status/1638310309130645504
João Luis Coelho de Magalhães,@SentaPua75,https://twitter.com/SentaPua75/status/1638310838363648000,2023-03-21T22:45:16.000Z,"Deputado....

A única coisa que importa é pressão no Pacheco pra chamar o congresso nacional.

CPMI JÁ!!!",0,2,21,https://twitter.com/andrefernm/status/1638310309130645504
Marcelo Otero,@motero2,https://twitter.com/motero2/status/1638320545572724737,2023-03-21T23:23:51.000Z,Vejam a lei que querem passar em Israel e como enquadrar de vez o judiciário. O congresso e o poder mais forte da República comportem-se como tal. O Brasil depende da coragem e atitude de vocês. O povo colocou vocês aí para defender o Brasil e sua Constituição.,0,0,4,https://twitter.com/andrefernm/status/1638310309130645504
Emerson silva,@Emerson26992179,https://twitter.com/Emerson26992179/status/1638311123563732993,2023-03-21T22:46:24.000Z,Pq o senhor não vai trabalhar ? Eu só queria saber isso,53,0,44,https://twitter.com/andrefernm/status/1638310309130645504
Alvaro,@Alvaro_R_Ennes,https://twitter.com/Alvaro_R_Ennes/status/1638321767834869766,2023-03-21T23:28:42.000Z,"Procure saber dos detalhes de onde fernandinho beira mar está  preso neste momento, e se houve transferência de presídio logo após o ""passeio"" do ministro da (in)justiça.",0,0,1,https://twitter.com/andrefernm/status/1638310309130645504
Marcelo Oliveira,@Marcelo79566326,https://twitter.com/Marcelo79566326/status/1638324500847534082,2023-03-21T23:39:34.000Z,👏🏻👏🏻👏🏻👏🏻👏🏻🇧🇷,0,0,1,https://twitter.com/andrefernm/status/1638310309130645504
Vera Livia,@VeraLivia2022,https://twitter.com/VeraLivia2022/status/1638326252493832193,2023-03-21T23:46:31.000Z,👏👏👏👏👏👏👏👏👏👏,0,0,1,https://twitter.com/andrefernm/status/1638310309130645504
RSilva,@amigodoRei1964,https://twitter.com/amigodoRei1964/status/1638360272006938627,2023-03-22T02:01:42.000Z,"Corretíssimo deputado, o senhor é a nossa voz.",0,0,1,https://twitter.com/andrefernm/status/1638310309130645504
#MudançasNosRegimentosDoCongresso,@CCConservador,https://twitter.com/CCConservador/status/1638329378416345088,2023-03-21T23:58:57.000Z,#cpmi08janeiro2023 Obrigado a todos os deputados federais e senadores que assinaram e continuam apoiando. Um obrigado especial ao deputado @andrefernm  André Fernandes. Estamos muito orgulhosos do senhor e dos politicos que estão apoiando!!#cpmi08dejaneiro  #CPMI8DEJANEIROJA,0,0,1,https://twitter.com/andrefernm/status/1638310309130645504
#MudançasNosRegimentosDoCongresso,@CCConservador,https://twitter.com/CCConservador/status/1638928320698908672,2023-03-23T15:38:56.000Z,Presidente viaja e o mundo não para. Presidente do senado deveria ser igual!! Data? Ele assinou ou foi somente verbal? não poderia ser feito antes. Sou da teoria: explicações judiciais sempre!!! 🎯🎯Tem como pedir explicações por via judicial?   #Cpmide08dejaneiroJá  #cpmi,0,0,0,https://twitter.com/andrefernm/status/1638310309130645504
Narcibele,@Narcibele1,https://twitter.com/Narcibele1/status/1639043774121906177,2023-03-23T23:17:42.000Z,"Gostei. Você é 22, como eu.👍😍🇧🇷😎",0,0,0,https://twitter.com/andrefernm/status/1638310309130645504
Jovana JÔ,@JoJ51308505,https://twitter.com/JoJ51308505/status/1639056366479212550,2023-03-24T00:07:44.000Z,"Que sabedoria para defender o Brasil, e o nosso Presidente Bolsonaro 🇧🇷",0,0,0,https://twitter.com/andrefernm/status/1638310309130645504
jonybala,@jonybala3,https://twitter.com/jonybala3/status/1639018199302766593,2023-03-23T21:36:04.000Z,Mandou a real,0,0,0,https://twitter.com/andrefernm/status/1638310309130645504
marcos natal,@marcosnatal13,https://twitter.com/marcosnatal13/status/1638321008280051713,2023-03-21T23:25:41.000Z,Tudo normal no Rio Grande do Norte kkkkkkkk,7,7,34,https://twitter.com/andrefernm/status/1638310309130645504
Tony Pontes,@pontesce,https://twitter.com/pontesce/status/1638314283317510146,2023-03-21T22:58:58.000Z,Boa mah!,0,0,1,https://twitter.com/andrefernm/status/1638310309130645504
Karina,@karinagdani,https://twitter.com/karinagdani/status/1638315061897822212,2023-03-21T23:02:03.000Z,"Boa, garoto!!!!",0,0,1,https://twitter.com/andrefernm/status/1638310309130645504
Cruz lima,@Cruzlima23,https://twitter.com/Cruzlima23/status/1638327699889332224,2023-03-21T23:52:16.000Z,"Tem que Gritar mais alto , muitos ali não tá ouvindo",0,0,1,https://twitter.com/andrefernm/status/1638310309130645504
Fátima Mazza Lessa,@MazzaLessa,https://twitter.com/MazzaLessa/status/1638344024976248836,2023-03-22T00:57:09.000Z,👏👏👏👏👏👏👏👏👏👏👏👏👏👏👏👏 Orgulho! 🇧🇷,0,0,1,https://twitter.com/andrefernm/status/1638310309130645504
Marco Antonio,@marcostaxint,https://twitter.com/marcostaxint/status/1638338977055797249,2023-03-22T00:37:05.000Z,"A guerra e feia sao meia duzia contra 94 a desproporção e muito grande, a quantidade de bandidos e maior",0,0,1,https://twitter.com/andrefernm/status/1638310309130645504
Ana,@Ana05878238,https://twitter.com/Ana05878238/status/1642621077804269569,2023-04-02T20:12:38.000Z,"Parabéns por seu discurso,vc foi bastante corajoso.Falou por nossa toda nação.....muito obrigada 🇧🇷🇧🇷🇧🇷🇧🇷🇧🇷🇧🇷🇧🇷🇧🇷🇧🇷🇧🇷",0,0,0,https://twitter.com/andrefernm/status/1638310309130645504
Jonatas Morais,@Jonatas17956118,https://twitter.com/Jonatas17956118/status/1638314602197819394,2023-03-21T23:00:14.000Z,Comando Vermelho continua COMANDANDO né @FlavioDino Sauro  panda hipopótamo,2,8,39,https://twitter.com/andrefernm/status/1638310309130645504
Robert Headford Jr 22,@HeadfordJr,https://twitter.com/HeadfordJr/status/1638318840550420480,2023-03-21T23:17:04.000Z,👏👏👏👏👏👏,0,0,0,https://twitter.com/andrefernm/status/1638310309130645504
GL,@Gl1Lcia,https://twitter.com/Gl1Lcia/status/1638528213755240450,2023-03-22T13:09:03.000Z,BOA PERGUNTA!!!!!!,0,0,0,https://twitter.com/andrefernm/status/1638310309130645504
PL2630? QUEM VAI SER O DITADOR DO BRASIL?,@Fabiano32779690,https://twitter.com/Fabiano32779690/status/1638583520183345152,2023-03-22T16:48:49.000Z,Parabéns Deputado!,0,0,0,https://twitter.com/andrefernm/status/1638310309130645504
celia sisti,@celiasisti,https://twitter.com/celiasisti/status/1638322068721750017,2023-03-21T23:29:54.000Z,Eu não consigo entender pq no governo Bolsonaro era Ministro atrás de Ministros sendo convocados p explicações. O que mudou?????,1,0,5,https://twitter.com/andrefernm/status/1638310309130645504
Gi Nunes,@patriotadolar,https://twitter.com/patriotadolar/status/1638378535499755520,2023-03-22T03:14:17.000Z,"Parabéns André! A sua indignação tbm é a nossa, eles querem nos intimidar, aterrorizante e nos desmoralizar! Ainda bem que temos políticos com vc! Gratidão por nós representar!",1,0,7,https://twitter.com/andrefernm/status/1638310309130645504
Tereza sou de corpo e alma :,@TerezaFelipeGo,https://twitter.com/TerezaFelipeGo/status/1638370233390964736,2023-03-22T02:41:17.000Z,👏👏👏👏,0,0,0,https://twitter.com/andrefernm/status/1638310309130645504
Lilinho,@WLilinho,https://twitter.com/WLilinho/status/1638486747758706689,2023-03-22T10:24:16.000Z,"Vc errou quando deixou a Maria do Horror proibir os deputados de chegar perto da tribuna que segundo ela foi danificada, o microfone não teve avaria, aquilo foi um delírio da cabeça oca dela.",0,0,0,https://twitter.com/andrefernm/status/1638310309130645504
R Luiz,@RLuiz_72,https://twitter.com/RLuiz_72/status/1638318207311175680,2023-03-21T23:14:33.000Z,Falou tudo..só q não dá nada pra esquerda!!,0,0,0,https://twitter.com/andrefernm/status/1638310309130645504
Vovó Mafalda,@VovoMafalda9,https://twitter.com/VovoMafalda9/status/1638329069015015425,2023-03-21T23:57:43.000Z,🤜🏼🤛🏼👊🏼,0,0,0,https://twitter.com/andrefernm/status/1638310309130645504
Van,@VANESSAS2022,https://twitter.com/VANESSAS2022/status/1638318942073528321,2023-03-21T23:17:28.000Z,André Fernandes tem um futuro brilhante na política 🥰,3,0,27,https://twitter.com/andrefernm/status/1638310309130645504
kássio Constantino,@konstantino78,https://twitter.com/konstantino78/status/1638331289915781121,2023-03-22T00:06:32.000Z,É isso mesmo Deputado @andrefernm 👏👏👏👏👏👏👏👏👏👏👏🇧🇷✅,0,1,9,https://twitter.com/andrefernm/status/1638310309130645504
MariLLimaJB,@MarineteLimma,https://twitter.com/MarineteLimma/status/1638322976364830720,2023-03-21T23:33:30.000Z,"#DeputadoAndreFernandes 👏👏👏👏👏👏👏👏👏👏👏👏👏👏👏Urgente um projeto de Lei que mude essa composição do STF com 100% de INDICAÇÃO POLÍTICA. 
Enquanto o supremo substituir o CN, os órgãos de justiça,  a polícia,  o executivo,  o país viverá sob o julgo  da opressão.",0,0,8,https://twitter.com/andrefernm/status/1638310309130645504
glaucia marotta,@glaucia_marotta,https://twitter.com/glaucia_marotta/status/1638322683141148677,2023-03-21T23:32:20.000Z,Gostando demais desse deputado! Parabéns pela coragem Dep André Fernandes,1,0,3,https://twitter.com/andrefernm/status/1638310309130645504
BrasilDeTodos,@BR_DeTodos200Mi,https://twitter.com/BR_DeTodos200Mi/status/1638321225771409408,2023-03-21T23:26:33.000Z,"Comecem a convocar os ministros do ex-presidiário pra se explicar.

Façam como eles faziam na gestão do PR Bolsonaro. Toda hora convocavam um ministro e usava o ato como palanque. #CPMIdo08deJaneiroJá",0,1,9,https://twitter.com/andrefernm/status/1638310309130645504
Jairo Santos O MANÉ SQN,@JairoSantosTC,https://twitter.com/JairoSantosTC/status/1638317383633731584,2023-03-21T23:11:17.000Z,"Parabéns nobre Deputado pela coragem e respeito pelos seus eleitores!
Teria o meu voto se eu fosse do seu estado!
Deus o abençoe!",0,0,16,https://twitter.com/andrefernm/status/1638310309130645504
GlaucoJ bloqueado por:Bolsonaro,@AiresGlauco,https://twitter.com/AiresGlauco/status/1638312118230437888,2023-03-21T22:50:22.000Z,Só não entendo porque precisa gritar na tribuna 😜Aproveitando ressarcirá a Câmara por ter danificado o microfone ?,8,0,17,https://twitter.com/andrefernm/status/1638310309130645504
Elisa Brom,@brom_elisa,https://twitter.com/brom_elisa/status/1638415352026767361,2023-03-22T05:40:34.000Z,Excelente discurso. O duplo padrão está escancarado.,3,13,150,https://twitter.com/andrefernm/status/1638310309130645504
rleitefilho,@rleitefilho1,https://twitter.com/rleitefilho1/status/1638310599099596801,2023-03-21T22:44:19.000Z,"Mas tu ama esse teatro, gera mais engajamento.",2,0,5,https://twitter.com/andrefernm/status/1638310309130645504
JURÍDICO PHD,@JuridicoPhd,https://twitter.com/JuridicoPhd/status/1638310693416890372,2023-03-21T22:44:42.000Z,"Adolescente sai em defesa de NIKOLAS!
A juventude brasileira tem esperança! 🙏",2,10,61,https://twitter.com/andrefernm/status/1638310309130645504
Josué Oliveira #FechadoComBolsonaro,@josueoliveiraa,https://twitter.com/josueoliveiraa/status/1638483273272754176,2023-03-22T10:10:28.000Z,Já esperava que fosse combativo como está sendo. Como brasileiro me sinto representado por figuras da estirpe de @andrefernm @DepCapitaoalden. O parlamento brasileiro tem homens de coragem.,0,0,1,https://twitter.com/andrefernm/status/1638310309130645504
jefferson,@jefferson1958,https://twitter.com/jefferson1958/status/1638693979821600768,2023-03-23T00:07:44.000Z,Esperar o que de um congresso que se colocou de joelhos e deixou que td acontecesse ao bel prazer da justica André?,0,0,0,https://twitter.com/andrefernm/status/1638310309130645504
Cida Valois,@ValoisCida,https://twitter.com/ValoisCida/status/1638320930752454656,2023-03-21T23:25:23.000Z,EXCELENTE!! 👏👏👏👏👏👏👏👏👏👏👏👏👏👏👏,0,0,1,https://twitter.com/andrefernm/status/1638310309130645504
PATRIOTABS,@JosEraldoBS1,https://twitter.com/JosEraldoBS1/status/1638770887410286592,2023-03-23T05:13:21.000Z,🇧🇷🇧🇷🇧🇷🇧🇷🙏👏👏👏👏👍,0,0,0,https://twitter.com/andrefernm/status/1638310309130645504
Mauricio,@Maurici92990011,https://twitter.com/Maurici92990011/status/1638318550593961986,2023-03-21T23:15:55.000Z,"Será que se falar da mansão do Paulo Pimenta que ele nunca declarou ao TSE, eles também vão ao STF?",0,0,3,https://twitter.com/andrefernm/status/1638310309130645504
Fran,@Fran_cisco_BR,https://twitter.com/Fran_cisco_BR/status/1638361436568076288,2023-03-22T02:06:20.000Z,Excelente trabalho 👏👏👏👏,0,0,1,https://twitter.com/andrefernm/status/1638310309130645504
Claudia Gonçalves,@Claud_68,https://twitter.com/Claud_68/status/1638673287780655109,2023-03-22T22:45:31.000Z,Falou tudo!!!,0,0,0,https://twitter.com/andrefernm/status/1638310309130645504
Marcão,@ObednegoMarcos,https://twitter.com/ObednegoMarcos/status/1638680191605297152,2023-03-22T23:12:57.000Z,"Vc é nordestino, miscigenado e não fez nenhuma  manifestação contra os ""empresários do agro negócio"" que mantém seus conterrâneos como escravos, em várias regiões do Brasil. Mas se os cearenses o elegeram como o deputado mais votado do Ceará, o merecem.",0,0,0,https://twitter.com/andrefernm/status/1638310309130645504
Valdir Pontes De Farias,@ValdirPontesDe1,https://twitter.com/ValdirPontesDe1/status/1638696135362588677,2023-03-23T00:16:18.000Z,👏,0,0,0,https://twitter.com/andrefernm/status/1638310309130645504
Roberto Silva,@Roberto38845366,https://twitter.com/Roberto38845366/status/1638679753841586178,2023-03-22T23:11:13.000Z,Parabéns Deputado 👏👏👏👏👏👏,0,0,0,https://twitter.com/andrefernm/status/1638310309130645504
Luis... S.O.S JESUS,@LuismarSilvaLi2,https://twitter.com/LuismarSilvaLi2/status/1638317067131658241,2023-03-21T23:10:01.000Z,"O vingador do passado...
O amor venceu 💕💕💖",0,0,0,https://twitter.com/andrefernm/status/1638310309130645504
#MudançasNosRegimentosDoCongresso,@CCConservador,https://twitter.com/CCConservador/status/1638329356505235456,2023-03-21T23:58:51.000Z,#Cpmide08dejaneiroJá  #cpmi08dejaneiro2023 #cpmi08janeiro2023,0,0,0,https://twitter.com/andrefernm/status/1638310309130645504
#MudançasNosRegimentosDoCongresso,@CCConservador,https://twitter.com/CCConservador/status/1638329411068997632,2023-03-21T23:59:04.000Z,"Lista atualizada da CPMI do 8 de janeiro.  Veja se o nome do seu deputado/senador consta nessa lista. Cobre-o, pois as vezes somente a pressão popular é capaz de gerar resultado!  👇🏻  https://drive.google.com/file/d/1e4wud6pWp13sFIKwsYN2qLNKpj7uZ72e/view?usp=sharing… atualização 16 de março de 2023.  @andrefernm",0,0,0,https://twitter.com/andrefernm/status/1638310309130645504
"Fala aí, camarada!",@falaaicamarada,https://twitter.com/falaaicamarada/status/1638335957232435201,2023-03-22T00:25:05.000Z,Isso é o que dá eleger deputado um moleque youtuber que ganhava a vida na internet ensinando a raspas o foresvi,1,0,3,https://twitter.com/andrefernm/status/1638310309130645504
Souza,@Souzafurioso,https://twitter.com/Souzafurioso/status/1638318765074006016,2023-03-21T23:16:46.000Z,Esse cara mereceu os votos que deram nele!,0,0,0,https://twitter.com/andrefernm/status/1638310309130645504
Rose.,@rosiar10,https://twitter.com/rosiar10/status/1638323175061684229,2023-03-21T23:34:18.000Z,Isso aí Deputado.,0,0,0,https://twitter.com/andrefernm/status/1638310309130645504
𝕋𝕆𝕄 𝕊𝕀𝕃𝕍𝔸 𝕄𝕀ℕ𝔻𝕊𝔼𝕋,@TomS1LV4,https://twitter.com/TomS1LV4/status/1638334584638111745,2023-03-22T00:19:38.000Z,Tribuna é lugar de pão e circo.  E ganhar muito dinheiro facil.,0,0,0,https://twitter.com/andrefernm/status/1638310309130645504
Tessaprávida,@tessapravida,https://twitter.com/tessapravida/status/1638337104835932160,2023-03-22T00:29:39.000Z,"Vai logo deputado, pq a carreta furacão chega na sua frente e protocola que a CPMI é um ato antidemocrático?",0,0,0,https://twitter.com/andrefernm/status/1638310309130645504
Demetrius De Maria ♡,@Demetri57091185,https://twitter.com/Demetri57091185/status/1638615161786212352,2023-03-22T18:54:33.000Z,"Avante valentes guerreiros e guerreiras patriotas...
Pra cima
Pra cima 
Pra cima 
Luis Inácio Lula da Silva  a mais de 20 anos,
Não me representa!!!",0,0,0,https://twitter.com/andrefernm/status/1638310309130645504
Fran,@franfmn,https://twitter.com/franfmn/status/1638358085893758976,2023-03-22T01:53:01.000Z,👏🏽👏🏽👏🏽👏🏽👏🏽👏🏽👏🏽👏🏽,0,0,0,https://twitter.com/andrefernm/status/1638310309130645504
Luiz Carlos de Bourbon e Silva -,@LuizApometria,https://twitter.com/LuizApometria/status/1638478383586705409,2023-03-22T09:51:02.000Z,"Por enquanto, serve para discursos vazios...",0,0,0,https://twitter.com/andrefernm/status/1638310309130645504
giselda fontoura,@FontouraGiselda,https://twitter.com/FontouraGiselda/status/1638623602374221847,2023-03-22T19:28:05.000Z,@randolfeap,0,0,0,https://twitter.com/andrefernm/status/1638310309130645504
VS,@VictorSousa1972,https://twitter.com/VictorSousa1972/status/1638368914873675783,2023-03-22T02:36:03.000Z,"Jogue duro @andrefernm !!!!
Parabéns 👏👏👏👏TMJ",0,0,0,https://twitter.com/andrefernm/status/1638310309130645504
Lou Toma,@LouTTomm,https://twitter.com/LouTTomm/status/1638339282321522690,2023-03-22T00:38:18.000Z,Caraca! Já tinha esquecido do episódio das meninas venezuelas expostas! Vou procurar saber como acabou o escândalo!,2,0,7,https://twitter.com/andrefernm/status/1638310309130645504
Roberlane Maria,@maria_roberlane,https://twitter.com/maria_roberlane/status/1638351635419209731,2023-03-22T01:27:23.000Z,Pra quê?,0,0,0,https://twitter.com/andrefernm/status/1638310309130645504
Odlavison Azevedo,@odlavisonazeved,https://twitter.com/odlavisonazeved/status/1638363732072964096,2023-03-22T02:15:27.000Z,Deus te abençoe sempre!!!,0,0,0,https://twitter.com/andrefernm/status/1638310309130645504
A CULPA DE TUDO ISSO É DO STF,@Joselindao2022,https://twitter.com/Joselindao2022/status/1638447888488448001,2023-03-22T07:49:52.000Z,"Tem como entrar com mandato de segurança contra o carniça?
O que ele falou não é categorizado como ameaça a vida de Sérgio Moro?",0,0,0,https://twitter.com/andrefernm/status/1638310309130645504
Junior Silva,@amor_erivaldo,https://twitter.com/amor_erivaldo/status/1638501410995052544,2023-03-22T11:22:32.000Z,👏👏👏👏,0,0,0,https://twitter.com/andrefernm/status/1638310309130645504
Nivaldo Cordeiro,@Nivas190,https://twitter.com/Nivas190/status/1638563514724806657,2023-03-22T15:29:19.000Z,Esse merece respeito em suas palavras corajosas é isso aí e todos das trevas ficam maquinando o que iram falar em suas narrativas que não colam mais na nação brasileira.,0,0,0,https://twitter.com/andrefernm/status/1638310309130645504
Fabrício Thomaz,@Fabriiciio_MT,https://twitter.com/Fabriiciio_MT/status/1638336706125389828,2023-03-22T00:28:04.000Z,"Eu sempre disse que essa dobradinha STF/Executivo, vai ser uma pedra no sapato da oposição. 

O desgoverno do larápio não chegou nem nos 100 dias. Tecer críticas e fazer perguntas pertinentes virou praticamente um crime. 

Estamos numa falsa democracia e fomentada pela mídia.",0,0,6,https://twitter.com/andrefernm/status/1638310309130645504
Luiza-,@luyzzag,https://twitter.com/luyzzag/status/1638353963476033537,2023-03-22T01:36:38.000Z,Pra que servem os deputados e senadores!!!!???? Coloque ordem e respeito nesta casa @ArthurLira_,0,0,3,https://twitter.com/andrefernm/status/1638310309130645504
Lenice Monteiro Arruda,@arruda_lenice,https://twitter.com/arruda_lenice/status/1638770636473376768,2023-03-23T05:12:21.000Z,"Parabéns , Deputado André Fernandes ! Sigo você há mais de 4 anos , ainda um menino , mas sempre mostrou a sua força , coerência , preparo político e maturidade ! Vocês , e a 'nova safra"" , fazendo muita diferença pra melhor no Congresso ! Tem todo o nosso apoio ! 🇧🇷😎💚💛🇧🇷",0,0,0,https://twitter.com/andrefernm/status/1638310309130645504
Rod Campos,@rodolfo318,https://twitter.com/rodolfo318/status/1638311700800720899,2023-03-21T22:48:42.000Z,"Eu gostei do questionamento, mas acho desnecessário essa gritaria, não é nada bom, mesmo que seja num momento de revolta.",6,0,1,https://twitter.com/andrefernm/status/1638310309130645504
Girlane Ojeda,@OjedaGirlane,https://twitter.com/OjedaGirlane/status/1638365964008927232,2023-03-22T02:24:19.000Z,"Infelizmente estamos vivendo num país sem lei , o comunismo batendo na nossa porta",2,0,3,https://twitter.com/andrefernm/status/1638310309130645504
Aloizio Ripke,@AloizioRipke,https://twitter.com/AloizioRipke/status/1638323820028219392,2023-03-21T23:36:51.000Z,"Não sou do nordeste, mas este Deputado me representa!",1,0,12,https://twitter.com/andrefernm/status/1638310309130645504
marcia therezinhamac,@MTherezinhamac,https://twitter.com/MTherezinhamac/status/1638312974266793987,2023-03-21T22:53:46.000Z,Parabéns!! E pode gritar sim!!,0,0,3,https://twitter.com/andrefernm/status/1638310309130645504
Anti Racista/Anti fascista,@querovacinasemp,https://twitter.com/querovacinasemp/status/1638512460930924547,2023-03-22T12:06:27.000Z,Débil,0,0,1,https://twitter.com/andrefernm/status/1638310309130645504
Cianechaves_77,@Ciane_77,https://twitter.com/Ciane_77/status/1638311781117440002,2023-03-21T22:49:01.000Z,Pra cima deles Deputado! Não se cale pra bandidos.,0,0,1,https://twitter.com/andrefernm/status/1638310309130645504
Obsessão por democracia,@abr26944522,https://twitter.com/abr26944522/status/1638318433619124226,2023-03-21T23:15:27.000Z,"Rapazzzzzz, deputado raspa Ku estava brabo.

Geeeeeeeente",0,0,1,https://twitter.com/andrefernm/status/1638310309130645504
Helder Milhome,@helder_milhome,https://twitter.com/helder_milhome/status/1638513350425427972,2023-03-22T12:09:59.000Z,👍👏👏👏👏👏👏👏👏👏👏,0,0,1,https://twitter.com/andrefernm/status/1638310309130645504
Denis Palma,@denispalma,https://twitter.com/denispalma/status/1638513435355881473,2023-03-22T12:10:19.000Z,"Como todas as instituições estão falidas, o único objetivo dessa tribuna é manter o espetáculo. O circo não pode acabar. É triste!! 🤷‍♂️",0,0,1,https://twitter.com/andrefernm/status/1638310309130645504
Cicero Araujo,@ciceroaraujopb,https://twitter.com/ciceroaraujopb/status/1638526398955388929,2023-03-22T13:01:50.000Z,Deputado nos morros também há pessoas de bem. Não só tem gente boa e nobre nos bairros ricos e na classe dos políticos.,0,0,1,https://twitter.com/andrefernm/status/1638310309130645504
@antonioivolemos,@antonioivolemos,https://twitter.com/antonioivolemos/status/1638527608399835142,2023-03-22T13:06:38.000Z,"O RASPA , tem que pagar pelo microfone ! Cassação do mandato dele!",0,0,1,https://twitter.com/andrefernm/status/1638310309130645504
Mario Celso Toloto,@MarioToloto,https://twitter.com/MarioToloto/status/1638546841368244226,2023-03-22T14:23:04.000Z,"Parabéns, acaba com esse mimimi de ir toda hora pro STF, existem parados 10.000 processos lá, estão ancorando a justiça do Brasil, e os deputados e senadores com esse mania de judiailizar coisas de plenário.",0,0,1,https://twitter.com/andrefernm/status/1638310309130645504
@edmarlos,@edmarlos,https://twitter.com/Edmarlos/status/1638566468144046081,2023-03-22T15:41:03.000Z,"Kkkkk perderam, estão atormentados com as investigações em andamento. Kkkk vamos ter 4 anos de parlamentares de oposição sem trabalhar!! Que País é esse???",0,0,1,https://twitter.com/andrefernm/status/1638310309130645504
Adriana carvalho,@Adriana73036466,https://twitter.com/Adriana73036466/status/1638567922451857409,2023-03-22T15:46:50.000Z,"Não vai demorar muito e vão anular de vez a autonomia do Senado e Congresso,aliás já está anulada porque tem dois representantes das casas que pensam apenas em seus próprios interesses e o povo está sofrendo com as situações que estão ocorrendo,pra eles pouco importa a população.",0,0,1,https://twitter.com/andrefernm/status/1638310309130645504
Pedro Wilson,@Coandoo,https://twitter.com/Coandoo/status/1638599893286526987,2023-03-22T17:53:52.000Z,Jóia,0,0,1,https://twitter.com/andrefernm/status/1638310309130645504
Ruthy Barreto,@RuthyBarreto4,https://twitter.com/RuthyBarreto4/status/1638612046022320133,2023-03-22T18:42:10.000Z,"Falou o que muitos brasileiros de boa índole queriam falar, meu parabéns. Sempre ativo e corajoso que Deus te abençoe sempre.",0,0,1,https://twitter.com/andrefernm/status/1638310309130645504
Paulo Silva,@paulosi12700001,https://twitter.com/paulosi12700001/status/1638369873104388098,2023-03-22T02:39:51.000Z,👏🏻👏🏻👏🏻👏🏻,0,0,0,https://twitter.com/andrefernm/status/1638310309130645504
∆™,@enailujribeiro,https://twitter.com/enailujribeiro/status/1638557260178702341,2023-03-22T15:04:28.000Z,"Tu é excelente,força na caminhada 👏👏👏👏👏",0,0,0,https://twitter.com/andrefernm/status/1638310309130645504
Ana Beatriz Ribeiro,@AnaBeat68009580,https://twitter.com/AnaBeat68009580/status/1638316037664899073,2023-03-21T23:05:56.000Z,👏👏👏👏👏👏,0,0,0,https://twitter.com/andrefernm/status/1638310309130645504
Sonia Cristina,@SoniaCr72863806,https://twitter.com/SoniaCr72863806/status/1638499120007589888,2023-03-22T11:13:26.000Z,Parabéns pela coragem de enfrentar esses bandidos,0,0,0,https://twitter.com/andrefernm/status/1638310309130645504
giselda fontoura,@FontouraGiselda,https://twitter.com/FontouraGiselda/status/1638623699942121476,2023-03-22T19:28:28.000Z,#LulaGenocida,0,0,0,https://twitter.com/andrefernm/status/1638310309130645504
Francine Landim,@fran4325,https://twitter.com/fran4325/status/1638555186607144961,2023-03-22T14:56:14.000Z,"Parabéns pelo discurso, André Fernandes!",0,0,0,https://twitter.com/andrefernm/status/1638310309130645504
Marco Lacerda,@MarcoLacerda15,https://twitter.com/MarcoLacerda15/status/1638348410703998977,2023-03-22T01:14:34.000Z,Parabéns deputado!,0,0,0,https://twitter.com/andrefernm/status/1638310309130645504
Maria Aparecida teixeira,@MariaAp20344606,https://twitter.com/MariaAp20344606/status/1638341397005705216,2023-03-22T00:46:42.000Z,👏👏👏👏👏👏👏👏,0,0,0,https://twitter.com/andrefernm/status/1638310309130645504
Tania Vieira,@vi28245441,https://twitter.com/vi28245441/status/1638465158149287936,2023-03-22T08:58:29.000Z,"Caro Fernandes, o molusco e seus já demonstraram que o dialogo é ""CABULOSO"", então está dentro do programa de governo deles",0,0,0,https://twitter.com/andrefernm/status/1638310309130645504
Ana Clara,@sa_anacla,https://twitter.com/sa_anacla/status/1638467708307005441,2023-03-22T09:08:37.000Z,"Parabéns pela coragem, não daremos paz a esse desgoverno",0,0,0,https://twitter.com/andrefernm/status/1638310309130645504
Marco Antonio,@MarcoMtonis,https://twitter.com/MarcoMtonis/status/1638395435688550401,2023-03-22T04:21:26.000Z,Eu sou a favor de uma CPI das Joias do Bolsonaro dos 11 Containers de Presente do Lula e dos Presentes e Obras de Arte da Dilma Investigar TUDO!!!,0,0,0,https://twitter.com/andrefernm/status/1638310309130645504
Elvis Moreira,@ElvisM0reira,https://twitter.com/ElvisM0reira/status/1638372976427950083,2023-03-22T02:52:11.000Z,10,0,0,0,https://twitter.com/andrefernm/status/1638310309130645504
Osvaldir Pinda,@osvaldir_gamba,https://twitter.com/osvaldir_gamba/status/1638644824420016131,2023-03-22T20:52:25.000Z,👏🏻👏🏻👏🏻,0,0,0,https://twitter.com/andrefernm/status/1638310309130645504
Flavia CChaves,@FlaviaCChaves,https://twitter.com/FlaviaCChaves/status/1638356133952774152,2023-03-22T01:45:16.000Z,Tenho orgulho das vozes que se levantam para defender nossos direitos e liberdades. Parabéns @andrefernm 👏👏🇧🇷,0,0,0,https://twitter.com/andrefernm/status/1638310309130645504
ISOLSOUZA,@IVENSSOLER,https://twitter.com/IVENSSOLER/status/1638358398474354688,2023-03-22T01:54:16.000Z,É muita indignação!!!,0,0,0,https://twitter.com/andrefernm/status/1638310309130645504
Shirlei de Figueiredo Ribeiro Lemos,@shirlei_lemos,https://twitter.com/shirlei_lemos/status/1638619677940400128,2023-03-22T19:12:29.000Z,"Sábias palavras! Apoiado!!
Vamos colocar freio nesta quadrilha de corja!",0,0,0,https://twitter.com/andrefernm/status/1638310309130645504
Dr Klebinho,@AprigioKlebinho,https://twitter.com/AprigioKlebinho/status/1638355158873546754,2023-03-22T01:41:23.000Z,Já postado no status 👏👏👏🇧🇷,0,0,0,https://twitter.com/andrefernm/status/1638310309130645504
Juneilson Coelho ⓟ,@JuneilsonC,https://twitter.com/JuneilsonC/status/1638541269587709958,2023-03-22T14:00:55.000Z,"É issooooo po..a! 
Sou seu fã!🇧🇷",0,0,0,https://twitter.com/andrefernm/status/1638310309130645504
Elizabeth,@elizabe23716458,https://twitter.com/elizabe23716458/status/1638374730574049283,2023-03-22T02:59:09.000Z,Bravo!!!,0,0,0,https://twitter.com/andrefernm/status/1638310309130645504
viNick_elback,@trismegisto_,https://twitter.com/trismegisto_/status/1638319627464744960,2023-03-21T23:20:12.000Z,pensei que você era da turma do anti mimimi mas só consegui ouvir mimimi,0,0,1,https://twitter.com/andrefernm/status/1638310309130645504
Ismael Neto,@Ismael47786682,https://twitter.com/Ismael47786682/status/1638322617261121536,2023-03-21T23:32:05.000Z,"Os parlamentares estão colhendo o que eles mesmos plantaram, jogaram o deputado DANIEL  na cova dos leões togados!",0,0,1,https://twitter.com/andrefernm/status/1638310309130645504
Valeria MM,@Valelamendes23,https://twitter.com/Valelamendes23/status/1638326885821161473,2023-03-21T23:49:02.000Z,👏👏👏👏👏👏👏,0,0,1,https://twitter.com/andrefernm/status/1638310309130645504
"Beth de Brasília Democrata, esquerdista",@BethgirlBC,https://twitter.com/BethgirlBC/status/1638331959440035840,2023-03-22T00:09:12.000Z,Ainda bem que essa fase passou...,0,0,1,https://twitter.com/andrefernm/status/1638310309130645504
Li,@Ligoncalves08,https://twitter.com/Ligoncalves08/status/1638333995434778624,2023-03-22T00:17:17.000Z,👏🏼👏🏼👏🏼👏🏼👏🏼👏🏼,0,0,1,https://twitter.com/andrefernm/status/1638310309130645504
Junior Aluisio + Father of 2,@junioraluisio,https://twitter.com/junioraluisio/status/1638336300217430016,2023-03-22T00:26:27.000Z,E isso ai ❣️💥💪🏼🤜🏼🤛🏼,0,0,1,https://twitter.com/andrefernm/status/1638310309130645504
Fábio Bastos,@Fabiobastos1980,https://twitter.com/Fabiobastos1980/status/1638346838192340992,2023-03-22T01:08:19.000Z,Parabéns! Representou  o povo brasileiro  do bem.,0,0,1,https://twitter.com/andrefernm/status/1638310309130645504
isabel penella,@misabelpen,https://twitter.com/misabelpen/status/1638349558848602112,2023-03-22T01:19:08.000Z,VC TEM QUE FALAR:   DESGOVERNO DO AMOR RECHEADO DE ÓDIO,0,0,1,https://twitter.com/andrefernm/status/1638310309130645504
BAND NET NEWS (OFICIAL),@bnn_oficial,https://twitter.com/bnn_oficial/status/1638352821220155392,2023-03-22T01:32:06.000Z,Esse Cearense é muito capiau. 😂 Ele tem medo dos livros e das canetas 😂 Até quem fim esse Zé do Caixão cortou as suas unhas preta e com terra. 😂,0,0,1,https://twitter.com/andrefernm/status/1638310309130645504
Rogério Schell Benck,@schell_benck,https://twitter.com/schell_benck/status/1638353820232171521,2023-03-22T01:36:04.000Z,Parabéns deputado pelo belo e verdadeiro discurso.,0,0,1,https://twitter.com/andrefernm/status/1638310309130645504
Leandro,@Leandrus83,https://twitter.com/Leandrus83/status/1638350364410888192,2023-03-22T01:22:20.000Z,É revoltante... Só mesmo socando o microfone!,0,0,0,https://twitter.com/andrefernm/status/1638310309130645504
Maria Crítica,@Critica_marcia,https://twitter.com/Critica_marcia/status/1638473908834775041,2023-03-22T09:33:15.000Z,👏👏👏👏👏👏👏,0,0,0,https://twitter.com/andrefernm/status/1638310309130645504
Vania,@Vanialulima,https://twitter.com/Vanialulima/status/1638489295706103808,2023-03-22T10:34:24.000Z,Falou tudo. É pura canalhice. Aproveita porque ainda está dando pra falar.,0,0,0,https://twitter.com/andrefernm/status/1638310309130645504
Edwirges Nantes,@NantesRibeiro,https://twitter.com/NantesRibeiro/status/1638505865752846338,2023-03-22T11:40:15.000Z,Nosssa que orgulho de você! Parabéns pelo seu posicionamento! É  de homens assim que precisamos!,0,0,0,https://twitter.com/andrefernm/status/1638310309130645504
IsabelaGentil,@IsabelaGentil8,https://twitter.com/IsabelaGentil8/status/1638527855956041728,2023-03-22T13:07:37.000Z,Orgulho do meu voto!!,0,0,0,https://twitter.com/andrefernm/status/1638310309130645504
silvio cavalheiro,@sec362_silvio,https://twitter.com/sec362_silvio/status/1638544033671794689,2023-03-22T14:11:54.000Z,👏👏👏👏👏👏👏👏👏👏👏👏👏👏👏👏👏👏👏👏👏👏👏👏👏👏,0,0,0,https://twitter.com/andrefernm/status/1638310309130645504
alex’molll2,@alex_mol64,https://twitter.com/alex_mol64/status/1638636070525861891,2023-03-22T20:17:38.000Z,Bravo 👏🏻👏🏻👏🏻👏🏻,0,0,0,https://twitter.com/andrefernm/status/1638310309130645504
Lourival Junior,@juniorjuk,https://twitter.com/juniorjuk/status/1638619620557856771,2023-03-22T19:12:16.000Z,"Se prontificou a criticar o governo e o fez, mas a defesa do antigo governo foi um fiasco não acham ?",0,0,0,https://twitter.com/andrefernm/status/1638310309130645504
𝑳𝒊𝒅𝒊⁷ 𝑴𝒐𝒓𝒂𝒊𝒔,@lidiannemoraiss,https://twitter.com/lidiannemoraiss/status/1638335521268039680,2023-03-22T00:23:21.000Z,Não votei  errado!,0,0,0,https://twitter.com/andrefernm/status/1638310309130645504
Márcia GomesBolsonaro22DeusPátriaFamilia,@piemarcy,https://twitter.com/piemarcy/status/1638344355894140930,2023-03-22T00:58:28.000Z,"Bravo, Deputado André Fernandes!👏🏼👏🏼👏🏼👏🏼👏🏼👏🏼👏🏼👏🏼",0,0,0,https://twitter.com/andrefernm/status/1638310309130645504
@ndy_Zimmerman«KM»,@ndy_Zimmerman,https://twitter.com/ndZimmerQ/status/1638321609353076736,2023-03-21T23:28:04.000Z,"é sério q essa coisa recebe 39 mil reais + um monte de benesses + um monte de benefícios pra falar tanta besteira, sem hor...",0,0,0,https://twitter.com/andrefernm/status/1638310309130645504
"Beth de Brasília Democrata, esquerdista",@BethgirlBC,https://twitter.com/BethgirlBC/status/1638332175031365633,2023-03-22T00:10:03.000Z,Não dura até 2026 🤣. Brasília não é pra amadores.,0,0,0,https://twitter.com/andrefernm/status/1638310309130645504
Gilson Omar,@GilsonFochesato,https://twitter.com/GilsonFochesato/status/1638344099680976896,2023-03-22T00:57:26.000Z,Bolsonaro na prisão.,0,0,0,https://twitter.com/andrefernm/status/1638310309130645504
Ana Maria Pasqualin,@anipasqualin,https://twitter.com/anipasqualin/status/1638375052289744896,2023-03-22T03:00:26.000Z,👏👏👏🇧🇷🇧🇷🇧🇷,0,0,1,https://twitter.com/andrefernm/status/1638310309130645504
joanaceu,@joanaceu1,https://twitter.com/joanaceu1/status/1638377154625798147,2023-03-22T03:08:47.000Z,"Parabéns 👏 👏 👏 
Este deputado me representa",0,0,1,https://twitter.com/andrefernm/status/1638310309130645504
Lucélia Pacheco,@lucelia_pacheco,https://twitter.com/lucelia_pacheco/status/1638392684455895041,2023-03-22T04:10:30.000Z,Este me representa.,0,0,1,https://twitter.com/andrefernm/status/1638310309130645504
freitas lucia,@peperate,https://twitter.com/peperate/status/1638426963160203264,2023-03-22T06:26:43.000Z,Parabéns pela sua coragem 👏👏👍CERTÍSSIMO!!,0,0,1,https://twitter.com/andrefernm/status/1638310309130645504
𝘼𝙙𝙧𝙞𝙖𝙣𝙖,@dra_adrianam,https://twitter.com/dra_adrianam/status/1638477972230291457,2023-03-22T09:49:24.000Z,Vote 👇🏼👇🏼👇🏼👇🏼,0,0,0,https://twitter.com/andrefernm/status/1638310309130645504
𝘼𝙙𝙧𝙞𝙖𝙣𝙖,@dra_adrianam,https://twitter.com/dra_adrianam/status/1638484781900988417,2023-03-22T10:16:28.000Z,Senta o DEDO E VOTA MUITOOOOO!!!! Retuíta também!!!!!!,0,1,0,https://twitter.com/andrefernm/status/1638310309130645504
Marcos Azevedo,@MarcosA55392307,https://twitter.com/MarcosA55392307/status/1638489642092593154,2023-03-22T10:35:46.000Z,"Parabéns deputado, não se cale, precisamos de pessoas de coragem como o senhor, precisamos que alguém fale por nós,pois não temos voz.",0,0,1,https://twitter.com/andrefernm/status/1638310309130645504
Adriana carvalho,@Adriana73036466,https://twitter.com/Adriana73036466/status/1638567468661702656,2023-03-22T15:45:02.000Z,"Perfeito,Andre!! Mas sabemos que quem está no poder agora manda e desmanda com aval  e proteção do judiciário.A pergunta é Quem resolverá essa situação ? Quem vai colocar o país de novo nos trilhos?",0,0,0,https://twitter.com/andrefernm/status/1638310309130645504
Adriana carvalho,@Adriana73036466,https://twitter.com/Adriana73036466/status/1638568783257149442,2023-03-22T15:50:15.000Z,"E vocês que estão na linha de frente tem que ser rápidos como eles são. Qualquer coisinha,a esquerda entra com processo, representação e tudo que for possível,a oposição tem que fazer a mesma coisa mesmo sabendo que não existe direitos iguais nessas situações.",0,0,0,https://twitter.com/andrefernm/status/1638310309130645504
Adriana carvalho,@Adriana73036466,https://twitter.com/Adriana73036466/status/1638569446909378570,2023-03-22T15:52:53.000Z,"Você é um guerreiro,um dos poucos representantes da população que não concorda com o que está acontecendo,espero que continues firme e forte,porque as batalhas não cessarão.",0,0,0,https://twitter.com/andrefernm/status/1638310309130645504
Marcelo 22,@marcelo50924163,https://twitter.com/marcelo50924163/status/1638618133026971661,2023-03-22T19:06:21.000Z,Belo discurso,0,0,1,https://twitter.com/andrefernm/status/1638310309130645504
Valdinei Veloso,@dineiveloso6,https://twitter.com/dineiveloso6/status/1638633002623447040,2023-03-22T20:05:26.000Z,"André Fernandes 👏🏻👏🏻👏🏻👏🏻  você é o tipo de pessoa que nos representa, o certo é que nenhuma pessoa de bem irá repudiar a sua fala.",0,0,1,https://twitter.com/andrefernm/status/1638310309130645504
Celinia Britto Maiolino,@BrittoCelinia,https://twitter.com/BrittoCelinia/status/1639748923102310400,2023-03-25T21:59:42.000Z,👏👏👏👏,0,0,0,https://twitter.com/andrefernm/status/1638310309130645504
Leni Vieira,@LeniVieira11,https://twitter.com/LeniVieira11/status/1640034261603319809,2023-03-26T16:53:32.000Z,Parabéns você é o orgulho do brasileiro que luta por um Brasil melhor este governo atual eu tenho vergonha tenho nojo são mentirosos são mal fala uma coisa e a biologia é outra a minha alma chora 😭,0,0,0,https://twitter.com/andrefernm/status/1638310309130645504
Leni Vieira,@LeniVieira11,https://twitter.com/LeniVieira11/status/1640038105410334722,2023-03-26T17:08:49.000Z,Parabéns pela pessoa que você é você é o nosso orgulho do brasileiro que luta pelo um país melhor e transparente esse governo atual eu tenho vergonha nojo são mentirosos mostra uma ideologia e fala e faz outra a minha alma chora,0,0,0,https://twitter.com/andrefernm/status/1638310309130645504
Theo Becker Dodói,@TheoDodoi,https://twitter.com/TheoDodoi/status/1638866963744038914,2023-03-23T11:35:07.000Z,"Raspacu, você precisa voltar a raspar seu cool, tá muito nervosinho ☺️",0,0,1,https://twitter.com/andrefernm/status/1638310309130645504
Alê_Feijo,@Alexandr_FC,https://twitter.com/Alexandr_FC/status/1638315204026019840,2023-03-21T23:02:37.000Z,"Perfeito, o STF está acabando com o parlamento brasileiro.
Hora de rever urgente esses desmandos da Constituição.",1,3,67,https://twitter.com/andrefernm/status/1638310309130645504
Geni Santos,@GeniFreitasdos3,https://twitter.com/GeniFreitasdos3/status/1638359127091978240,2023-03-22T01:57:09.000Z,QUANDO VAI COMEÇAR A CPMI??,0,0,1,https://twitter.com/andrefernm/status/1638310309130645504
natalyaosorio_,@natalyaosorio_,https://twitter.com/natalyaosorio_/status/1638365064326529025,2023-03-22T02:20:45.000Z,"@denisbarros_ assiste esse, tudooooooo! Sou fã desse cara!",0,0,1,https://twitter.com/andrefernm/status/1638310309130645504
André.S,@andreptgalo,https://twitter.com/andreptgalo/status/1638337577487876097,2023-03-22T00:31:31.000Z,fala disso aqui amanhã,1,1,1,https://twitter.com/andrefernm/status/1638310309130645504
Babi,@barbararecados,https://twitter.com/barbararecados/status/1638310936103583758,2023-03-21T22:45:40.000Z,"Tu ganhou meu respeito e admiração com seu poema "" o amor venceu""
AMEI!! 👏👏",0,0,7,https://twitter.com/andrefernm/status/1638310309130645504
Sérgio Donizeti,@SrgioDonizeti1,https://twitter.com/SrgioDonizeti1/status/1638311248478498816,2023-03-21T22:46:54.000Z,NÃO VEJO A HORA DE COMEÇAR ESSA CPMI E PRENDER OS VERDADEIROS RESPONSÁVEIS PELAS QUEBRADEIRA LÁ EM BRASÍLIA,0,0,2,https://twitter.com/andrefernm/status/1638310309130645504
Teresa Monteiro,@tessmonte,https://twitter.com/tessmonte/status/1638312298824495105,2023-03-21T22:51:05.000Z,A esquerda está certa!,0,1,16,https://twitter.com/andrefernm/status/1638310309130645504
Josemar Araujo,@JosemarAraujo10,https://twitter.com/JosemarAraujo10/status/1638312524381659141,2023-03-21T22:51:58.000Z,"Boa noite Deputado,
Não temos como barrar as indicações de Governadores na prática de Nepotismo, acionem o STF..
Abraço",0,0,2,https://twitter.com/andrefernm/status/1638310309130645504
Clissi,@Cleidirduda,https://twitter.com/Cleidirduda/status/1638312700886368257,2023-03-21T22:52:40.000Z,Arrasou caro amigo @andrefernanm.,0,0,2,https://twitter.com/andrefernm/status/1638310309130645504
Flávio F Homônimo,@FF_Homonimo,https://twitter.com/FF_Homonimo/status/1638533376217870336,2023-03-22T13:29:34.000Z,@roxmo @kimpaim @taoquei1 @Rconstantino @GFiuza_Oficial @jrguzzofatos @bernardokuster2 @Bernarditv @filipesabara @flaviogordon @oiIuiz @JoseMedeirosMT @MagnoMalta @marcofeliciano @Fa1ryNight @N_Carvalheira @silvionavarro @PastorMalafaia @viniciuscfp82 @bibonunes1 @gen_heleno PSC,0,0,0,https://twitter.com/andrefernm/status/1638310309130645504
"Diego Nascimento - Direito, Política e Música",@DyegoNascymento,https://twitter.com/DyegoNascymento/status/1638324131627147264,2023-03-21T23:38:06.000Z,Não cansa de passar vergonha,0,0,3,https://twitter.com/andrefernm/status/1638310309130645504
sara Pereira,@saraPer29330434,https://twitter.com/saraPer29330434/status/1638529974377369601,2023-03-22T13:16:02.000Z,#EsquerdaCriminosa    #ImpeachmentDoLulaJa      #CPMI08dejaneiroja,0,0,0,https://twitter.com/andrefernm/status/1638310309130645504
Wallamy Bernardo,@WallamyB,https://twitter.com/WallamyB/status/1638544971178311682,2023-03-22T14:15:38.000Z,"Deixa intimidar deputado, o Brasil está com você",0,0,0,https://twitter.com/andrefernm/status/1638310309130645504
Talita Carvalho,@Talita__5,https://twitter.com/Talita__5/status/1638548766692089857,2023-03-22T14:30:43.000Z,pois é,0,0,0,https://twitter.com/andrefernm/status/1638310309130645504
Rafael magno,@RafaelM11tpro,https://twitter.com/RafaelM11tpro/status/1638572550035734529,2023-03-22T16:05:13.000Z,"Excelente discurso , não se pode falar desse governo que vai pro STF isso por que é o governo do amor",0,0,0,https://twitter.com/andrefernm/status/1638310309130645504
Andre Ode,@AndreOdee,https://twitter.com/AndreOdee/status/1638575621113536512,2023-03-22T16:17:25.000Z,"Doido, mas bonitinho. Adorei a cena dele empurrando o microfone.. 🤣🤣",0,0,0,https://twitter.com/andrefernm/status/1638310309130645504
Gielson,@Gielson60806000,https://twitter.com/Gielson60806000/status/1638576555155759108,2023-03-22T16:21:08.000Z,"Parabéns pela coragem.  Um dia esses bandidos coligados com o crime e tráfico terão que dar conta de suas ações que hoje são ""protegidos"" pelo STF.",0,0,0,https://twitter.com/andrefernm/status/1638310309130645504
Suely Lopes De Oliveira Gomes,@SuelyLopesDeOl2,https://twitter.com/SuelyLopesDeOl2/status/1638584509389053970,2023-03-22T16:52:45.000Z,Bolsonaro perdeu mané! Esqueça mané! Perdeu!,0,0,0,https://twitter.com/andrefernm/status/1638310309130645504
ADEBYZE,@JAMESRO46448088,https://twitter.com/JAMESRO46448088/status/1638521518505205761,2023-03-22T12:42:26.000Z,"PROTESTE, NAO QUEBRE.",0,0,0,https://twitter.com/andrefernm/status/1638310309130645504
Elmiton Santos,@ElmitonEjs,https://twitter.com/ElmitonEjs/status/1638585922869501955,2023-03-22T16:58:22.000Z,Me representa!,0,0,0,https://twitter.com/andrefernm/status/1638310309130645504
Marla krewer,@MarlaKrewer,https://twitter.com/MarlaKrewer/status/1638588423136059411,2023-03-22T17:08:18.000Z,Impeachment do Lula já! #impeachmentlula,0,0,0,https://twitter.com/andrefernm/status/1638310309130645504
Wr Atual,@AtualWr,https://twitter.com/AtualWr/status/1638589928324964404,2023-03-22T17:14:17.000Z,Vergonha isso para nós brasileiros,0,0,0,https://twitter.com/andrefernm/status/1638310309130645504
Rodrigo Rafael,@Rodrigo03437321,https://twitter.com/Rodrigo03437321/status/1638593786371612711,2023-03-22T17:29:36.000Z,Bolsonaro não te quer não. A fruta que ele gosta e outra😅😅😅,0,0,0,https://twitter.com/andrefernm/status/1638310309130645504
Flavio Cristão Conservador,@FlavioF02797281,https://twitter.com/FlavioF02797281/status/1638594526028734485,2023-03-22T17:32:33.000Z,CPI do dia 8 de janeiro já,0,0,0,https://twitter.com/andrefernm/status/1638310309130645504
LuizaLP,@LuizaLourdesPi1,https://twitter.com/LuizaLourdesPi1/status/1638607321780592651,2023-03-22T18:23:24.000Z,💪👊👏🏼👏🏼👏🏼👏🏼👏🏼Esse é o meu Deputado Federal 👏🏼👏🏼👏🏼Parabéns @andrefernm,0,0,0,https://twitter.com/andrefernm/status/1638310309130645504
Junior )(,@helinhojjrj,https://twitter.com/helinhojjrj/status/1638614550386733056,2023-03-22T18:52:07.000Z,STF tbm não serve p nada!,0,0,0,https://twitter.com/andrefernm/status/1638310309130645504
Levi Queiroz,@LeviQueiroz888,https://twitter.com/LeviQueiroz888/status/1638615230539497472,2023-03-22T18:54:49.000Z,Palhaçada do carai. Vão tudo pagar. Pode esperar!,0,0,0,https://twitter.com/andrefernm/status/1638310309130645504
Opinista Social,@Opinista_Social,https://twitter.com/Opinista_Social/status/1638615295425126422,2023-03-22T18:55:05.000Z,"Parece um muleke que deixou cair a chupeta... não faltou se jogar no chão e chorar !!
Desequilibrado total.",0,0,0,https://twitter.com/andrefernm/status/1638310309130645504
Sant'Anna,@SantAnn68671036,https://twitter.com/SantAnn68671036/status/1640792142061658113,2023-03-28T19:05:05.000Z,Quero ver colocar na íntegra a lição de hoje!! Kkkkkk,0,0,0,https://twitter.com/andrefernm/status/1638310309130645504
Ҝ€ŁŁ¥ŇĦΔ € VΔŇĐ€ŘŞØŇ,@fkellynha,https://twitter.com/fkellynha/status/1640803322700374017,2023-03-28T19:49:31.000Z,"Os verdadeiros apoiadores de Bolsonario,  quando sobe p falar, da orgulho,  muito orgulho mesmo!!!👏🏽👏🏽👏🏽👏🏽👏🏽👏🏽",0,0,0,https://twitter.com/andrefernm/status/1638310309130645504
Conservador tradicional da Família Brasileira,@FranzimGregore,https://twitter.com/FranzimGregore/status/1638623246923988992,2023-03-22T19:26:40.000Z,Essa galera só anda com raiva. Na época que andava com Cool raspado era mais feliz. Por que será?,0,0,0,https://twitter.com/andrefernm/status/1638310309130645504
ACS WOOD FLOORS LLC,@acs_wood,https://twitter.com/acs_wood/status/1638548699436527617,2023-03-22T14:30:27.000Z,Top 👏🏽👏🏽👏🏽,0,0,0,https://twitter.com/andrefernm/status/1638310309130645504
Rosângela vieira,@Rosange38429128,https://twitter.com/Rosange38429128/status/1638553259143995392,2023-03-22T14:48:34.000Z,Disse tudooooo,0,0,0,https://twitter.com/andrefernm/status/1638310309130645504
helio noleto,@HelioNoleto,https://twitter.com/HelioNoleto/status/1638554738940674054,2023-03-22T14:54:27.000Z,"Quero ver a CPI do dia 8 de janeiro,  que sejam presos os mandantes e os invasores.",0,0,0,https://twitter.com/andrefernm/status/1638310309130645504
Severno Duarte,@DuarteSeverno,https://twitter.com/DuarteSeverno/status/1638581089546510340,2023-03-22T16:39:09.000Z,"O André,os caras são manso não estão nem aí pra nada de interesse do povo",0,0,0,https://twitter.com/andrefernm/status/1638310309130645504
miriam miranda,@miriam9x2,https://twitter.com/miriam9x2/status/1638637462229757952,2023-03-22T20:23:10.000Z,Gastar bilhões e bilhões todo ano,0,0,0,https://twitter.com/andrefernm/status/1638310309130645504
Daniel,@danielbcm1952,https://twitter.com/danielbcm1952/status/1638646545544347652,2023-03-22T20:59:15.000Z,DEMOCRACIA cadê você estamos em um regime de exceção onde um previdente fala em destruir um senador da República cadê a DEMOCRACIA que o PT tanto fala,0,0,0,https://twitter.com/andrefernm/status/1638310309130645504
benilson de jesus,@jesus_benilson,https://twitter.com/jesus_benilson/status/1638606705826070529,2023-03-22T18:20:57.000Z,Valta para seu bueiro ondem vieram,0,0,0,https://twitter.com/andrefernm/status/1638310309130645504
