nome,usuario,idTweet,dataPublicacao,texto,replies,retweets,likes,tweetPai
Fabiana Barroso,@fabifbbr,https://twitter.com/fabifbbr/status/1638556595058622464,2023-03-22T15:01:49.000Z,Excelente trabalho 👏🏻👏🏻,2,1,71,https://twitter.com/andrefernm/status/1638555828427825153
Um Bruxo,@brushoXPTO,https://twitter.com/brushoXPTO/status/1638580707931856896,2023-03-22T16:37:38.000Z,Excelente! Ótimo trabalho!,0,0,0,https://twitter.com/andrefernm/status/1638555828427825153
Marcia Zanella Baldissera,@Marcia10373035,https://twitter.com/Marcia10373035/status/1638557433986441225,2023-03-22T15:05:09.000Z,Ótimo 👏👏👏👏👏,0,0,0,https://twitter.com/andrefernm/status/1638555828427825153
R Luiz,@RLuiz_72,https://twitter.com/RLuiz_72/status/1638559120495194114,2023-03-22T15:11:51.000Z,"Precisa mesmo, pois crimes e q não faltam!! CPMI já!! Onde está Deputado??",0,0,1,https://twitter.com/andrefernm/status/1638555828427825153
𝒪𝓊𝓇 𝒫𝑒𝑜𝓅𝓁𝑒,@_mandalorian_Z,https://twitter.com/_mandalorian_Z/status/1638565795876810757,2023-03-22T15:38:23.000Z,"Deputado, e a CPMI?",0,0,1,https://twitter.com/andrefernm/status/1638555828427825153
Fabiana,@NascimentoBibi,https://twitter.com/NascimentoBibi/status/1638597011074154508,2023-03-22T17:42:25.000Z,Nada de fazer a abertura da CPMi do dia 08 de janeiro de 23...,0,0,1,https://twitter.com/andrefernm/status/1638555828427825153
Sueli Figueiredo,@SueliFigueired,https://twitter.com/SueliFigueired/status/1638579262813814784,2023-03-22T16:31:54.000Z,"A vida desses bandidos não pode ser fácil   , o povo tem que estar atento e dando todo apoio !!!!!!     👏🏻👏🏻👏🏻👏🏻👏🏻Se cuide , vc já provou do que são capazes !!!!!!!!!!   🙏🏼🙏🏼🙏🏼🙏🏼🙏🏼🇧🇷",0,0,0,https://twitter.com/andrefernm/status/1638555828427825153
Vanda_SEP São Miguel Arcanjo defendei-nos,@Vanda_SEP,https://twitter.com/Vanda_SEP/status/1638560184963411969,2023-03-22T15:16:05.000Z,"Aeeeeeeeeee 😃🤩🙏🏻👏🏻Isto mesmo, sem trégua!!!",0,0,1,https://twitter.com/andrefernm/status/1638555828427825153
Rosana Santos,@zana210466,https://twitter.com/zana210466/status/1638562871574507522,2023-03-22T15:26:46.000Z,"E a CPMI do dia 08, foi só fogo de palha. ??
Estão perdendo a credibilidade 🤡",0,0,1,https://twitter.com/andrefernm/status/1638555828427825153
Valdeci correia,@Valdeci_1977,https://twitter.com/Valdeci_1977/status/1638571547181842432,2023-03-22T16:01:14.000Z,"Deputado! Muito cuidado nesse momento, você viu o que aconteceu com o Sérgio moro ontem, e hoje se concretizou o que ladrão falou.",1,0,1,https://twitter.com/andrefernm/status/1638555828427825153
Sidney,@liberdade2972,https://twitter.com/liberdade2972/status/1638565580084051968,2023-03-22T15:37:32.000Z,Tem que convocar e não convidar no tempo que estávamos no poder o STF mandava depor debaixo de vara quem lembra.,0,0,1,https://twitter.com/andrefernm/status/1638555828427825153
LEONEL MOURA,@PRLEONELMOURA,https://twitter.com/PRLEONELMOURA/status/1638827268649754629,2023-03-23T08:57:23.000Z,👏👊,0,0,0,https://twitter.com/andrefernm/status/1638555828427825153
Eu,@AlexSandro2601,https://twitter.com/AlexSandro2601/status/1638859929149665282,2023-03-23T11:07:10.000Z,"Deveriam também, é encher o STF de pedidos, judicializar tudo. Igual fizeram nos 4 anos de Bolsonaro. Só pra deixar claro o duplo padrão. Fazer os mesmo pedidos que foram aceitos pelo STF e divulgar os resultados.@nikolas_dm @BolsonaroSP @mfriasoficial @Zambelli2210 @MagnoMalta",0,0,0,https://twitter.com/andrefernm/status/1638555828427825153
Habib Paraty,@HabibParaty,https://twitter.com/HabibParaty/status/1638871272141770752,2023-03-23T11:52:14.000Z,Pra CIMA deles.....o BRASIL está de OLHO 👁🇧🇷👁,0,0,0,https://twitter.com/andrefernm/status/1638555828427825153
Marcelo Bueno,@Marcello_Buenno,https://twitter.com/Marcello_Buenno/status/1638564593952858115,2023-03-22T15:33:36.000Z,"Abril????? 
A Deputado, sinceramente, ontem levaram um “olé” da mesa Diretora com a ordem do dia. 
Tem que continuar focado e cobrando a leitura e instalação da CPMI, pq daqui a pouco aprova esses requerimentos soltos e perde-se o objeto da CPMI.",0,0,3,https://twitter.com/andrefernm/status/1638555828427825153
Van Azevedo,@VanAzevedo1,https://twitter.com/VanAzevedo1/status/1638564923411251200,2023-03-22T15:34:55.000Z,Tem q ir pra cima o tempo todo!! Todo dia!! O dia inteiro!! Perturbar muito!! Exigir tudo!! Sejam um pedregulho na vida de cada um deles!!!,3,3,7,https://twitter.com/andrefernm/status/1638555828427825153
Luciana,@Luciana44478055,https://twitter.com/Luciana44478055/status/1638565576430829568,2023-03-22T15:37:31.000Z,Olha isso Deputado!,0,0,1,https://twitter.com/andrefernm/status/1638555828427825153
Hilário Júnior,@HilarioJuniorCe,https://twitter.com/HilarioJuniorCe/status/1638726534302167041,2023-03-23T02:17:06.000Z,Mi mi mi mi mi .....,0,0,0,https://twitter.com/andrefernm/status/1638555828427825153
ROSENY J.,@RosenyJulio,https://twitter.com/RosenyJulio/status/1638584907327840258,2023-03-22T16:54:19.000Z,Ótimo!👏👏👏,0,0,0,https://twitter.com/andrefernm/status/1638555828427825153
Obsessão por democracia,@abr26944522,https://twitter.com/abr26944522/status/1638556456172527616,2023-03-22T15:01:16.000Z,Valeu raspa Ku. Tmj 🤟,0,0,0,https://twitter.com/andrefernm/status/1638555828427825153
M. T*,@M4Tosc,https://twitter.com/M4Tosc/status/1638576058554535936,2023-03-22T16:19:10.000Z,Já pode fazer esse sinal? 🤔,0,0,0,https://twitter.com/andrefernm/status/1638555828427825153
Nicole,@nicolemusg,https://twitter.com/nicolemusg/status/1638653461322518530,2023-03-22T21:26:44.000Z,PARABENS!,0,0,0,https://twitter.com/andrefernm/status/1638555828427825153
Gouvêa MR,@gouveamrg,https://twitter.com/gouveamrg/status/1638614128741990401,2023-03-22T18:50:26.000Z,"Eles não respondem, eles inventam.",0,0,0,https://twitter.com/andrefernm/status/1638555828427825153
Pedro,@Pedro03027048,https://twitter.com/Pedro03027048/status/1638591300990640144,2023-03-22T17:19:44.000Z,Boa,0,0,0,https://twitter.com/andrefernm/status/1638555828427825153
MariaeAna,@MariaeAna0903,https://twitter.com/MariaeAna0903/status/1638570072082903041,2023-03-22T15:55:23.000Z,Deputado a CPMI,0,0,0,https://twitter.com/andrefernm/status/1638555828427825153
Sergio,@Sergio88315773,https://twitter.com/Sergio88315773/status/1638580589505781767,2023-03-22T16:37:10.000Z,"Vai esperando... Mas senta porque de pé vai cansar ... André, vc como todos nós patriotas da Direita sempre acreditamos na justiça e na honestidade dos propósitos, mas estamos lidando com marginais ,corruptos e ladrões! Somos de uma ingenuidade que dá pena ...",0,0,0,https://twitter.com/andrefernm/status/1638555828427825153
Mr. Soares,@oasoares,https://twitter.com/oasoares/status/1638588024454881286,2023-03-22T17:06:43.000Z,Eu fico imaginando o nível das perguntas. Kkkkk,0,0,0,https://twitter.com/andrefernm/status/1638555828427825153
Tiago,@meuscentavos,https://twitter.com/meuscentavos/status/1638567797503455235,2023-03-22T15:46:20.000Z,"Pergunta a ele pq ele se refere a quem votou em Bolsonaro como ""essa gente"". É uma forma amorosa??",0,0,0,https://twitter.com/andrefernm/status/1638555828427825153
Flavio Yui,@FlavioYui,https://twitter.com/FlavioYui/status/1638699738643021830,2023-03-23T00:30:37.000Z,"Se for convite não irão. Tem que ser convocado, intimado.",0,0,0,https://twitter.com/andrefernm/status/1638555828427825153
Borges -10° conta,@borges82864038,https://twitter.com/borges82864038/status/1638643928869265408,2023-03-22T20:48:51.000Z,"Os ministros foram convocados ou convidados?
Se foram convidados, esquece, não vai aparecer ninguém.",0,0,0,https://twitter.com/andrefernm/status/1638555828427825153
Vitória,@AnglicaMar1,https://twitter.com/AnglicaMar1/status/1638578366050717697,2023-03-22T16:28:20.000Z,Excelente!👏🏾👏🏾👏🏾,0,0,0,https://twitter.com/andrefernm/status/1638555828427825153
Junior,@Junior35429146,https://twitter.com/Junior35429146/status/1638571793991467009,2023-03-22T16:02:13.000Z,Mas a #CPMI08dejaneiroja já esqueceram!? Não é possível puta enrolação do baralho meu!!! 🤬,0,0,0,https://twitter.com/andrefernm/status/1638555828427825153
Silvio Reis,@SilvioR37730736,https://twitter.com/SilvioR37730736/status/1638594809010036749,2023-03-22T17:33:40.000Z,E  A  CPMI  NADA  NÉ  ?????,0,0,0,https://twitter.com/andrefernm/status/1638555828427825153
.'.𝐇𝐞𝐧𝐫𝐢𝐪𝐮𝐞 𝐑𝐚𝐦𝐨𝐬®.'.,@Henferra,https://twitter.com/Henferra/status/1638595982068785172,2023-03-22T17:38:20.000Z,"Isso, se o mundo não acabar até lá ..!!!",0,0,0,https://twitter.com/andrefernm/status/1638555828427825153
CelsoFlavyo,@CelsoFlavyo,https://twitter.com/CelsoFlavyo/status/1638562181066248192,2023-03-22T15:24:01.000Z,Parabéns,0,0,0,https://twitter.com/andrefernm/status/1638555828427825153
Manoel,@Manoel57679351,https://twitter.com/Manoel57679351/status/1638686324965142528,2023-03-22T23:37:19.000Z,"Toma Lá, Dá Cá

2007 ‧ Comédia ‧ 3 temporadas",0,0,0,https://twitter.com/andrefernm/status/1638555828427825153
Raquel Jesus salve o Brasil!,@RaquelAcredita,https://twitter.com/RaquelAcredita/status/1638572189313056769,2023-03-22T16:03:47.000Z,Estes mentirosos tiram tudo dw letra,0,0,0,https://twitter.com/andrefernm/status/1638555828427825153
MarquesWalker,@Marques43221106,https://twitter.com/Marques43221106/status/1638599665011630080,2023-03-22T17:52:58.000Z,"Deputado, por acaso, já estariam pedindo o IMPEDIMENTO do Lula?
Tome a frente nessa luta .",0,0,0,https://twitter.com/andrefernm/status/1638555828427825153
Gisele,@nutri1_gimaria,https://twitter.com/nutri1_gimaria/status/1638621398561071110,2023-03-22T19:19:20.000Z,Parabéns deputado pergunta sobre os 100 milhões que o Dino mandou para os terroristas do Rio grande do Norte dinheiro suado dinheiro do trabalho dos brasileiros pagadores de impostos!!,0,0,0,https://twitter.com/andrefernm/status/1638555828427825153
Francimário Bezerra,@FrancimrioBeze1,https://twitter.com/FrancimrioBeze1/status/1638556004664111109,2023-03-22T14:59:29.000Z,Pra cima deputado,0,0,2,https://twitter.com/andrefernm/status/1638555828427825153
Paulo,@Paulo34756375,https://twitter.com/Paulo34756375/status/1638710652607840260,2023-03-23T01:14:00.000Z,Espreme.o Dino👍,0,0,0,https://twitter.com/andrefernm/status/1638555828427825153
MARK,@oficiallmark,https://twitter.com/oficiallmark/status/1638561436858212358,2023-03-22T15:21:04.000Z,Parabéns deputado,0,0,0,https://twitter.com/andrefernm/status/1638555828427825153
Alê Patriota,@semog_ela__,https://twitter.com/semog_ela__/status/1638563917763936256,2023-03-22T15:30:55.000Z,Parabéns deputado e obrigado 🙌🏽,0,0,0,https://twitter.com/andrefernm/status/1638555828427825153
@femauriciocruz,@femauriciocruz,https://twitter.com/mauriziocruzz/status/1638596429756153856,2023-03-22T17:40:07.000Z,É assim que tem de ser 👍😃,0,0,0,https://twitter.com/andrefernm/status/1638555828427825153
Elias Soares,@EliasSo51702633,https://twitter.com/EliasSo51702633/status/1638664307142455300,2023-03-22T22:09:50.000Z,"DINO E PCC,  CONSPIRAM PRA MATAR SÉRGIO MORO.",0,0,0,https://twitter.com/andrefernm/status/1638555828427825153
Bem Menininha,@BemMeni34636656,https://twitter.com/BemMeni34636656/status/1638560220522639360,2023-03-22T15:16:14.000Z,🚀🚀,0,0,0,https://twitter.com/andrefernm/status/1638555828427825153
#MudançasNosRegimentosDoCongresso,@CCConservador,https://twitter.com/CCConservador/status/1638576788849795076,2023-03-22T16:22:04.000Z,👏👏👏👏🔝,0,0,0,https://twitter.com/andrefernm/status/1638555828427825153
#MudançasNosRegimentosDoCongresso,@CCConservador,https://twitter.com/CCConservador/status/1638576845657448464,2023-03-22T16:22:17.000Z,Sou da teoria: explicações judiciais sempre!!! 🎯🎯🎯🎯🎯  Tem como pedir explicações por via judicial?  ( em qualquer coisa que desgoverno faça).,0,0,1,https://twitter.com/andrefernm/status/1638555828427825153
Pandinha,@euursinhapanda,https://twitter.com/euursinhapanda/status/1638575055280955395,2023-03-22T16:15:11.000Z,Parabéns pelo trabalho 👏👏👏👏,0,0,1,https://twitter.com/andrefernm/status/1638555828427825153
Saramar104,@Saramar104,https://twitter.com/Saramar104/status/1638756975717789697,2023-03-23T04:18:04.000Z,Quais são os projetos já apresentados pelo senhor na Câmara para cuidar dos interesses dos cidadãos?,0,0,0,https://twitter.com/andrefernm/status/1638555828427825153
Cléa Ribeiro Ribeiro,@AlcicleaGuimara,https://twitter.com/AlcicleaGuimara/status/1638688381625327616,2023-03-22T23:45:30.000Z,"Vamos ver,né? Acredito em Deus!",0,0,0,https://twitter.com/andrefernm/status/1638555828427825153
Luiz Lira,@LuizLir80701559,https://twitter.com/LuizLir80701559/status/1638616011799683072,2023-03-22T18:57:55.000Z,Aperta o Dino !!,0,0,0,https://twitter.com/andrefernm/status/1638555828427825153
pátria amada Brasil,@fabio_suman7,https://twitter.com/fabio_suman7/status/1638556331350056961,2023-03-22T15:00:46.000Z,"Parabéns, apliquem o mesmo método que essa corja, ocupem a mídia com notícias e pressionem o Dilmo",0,0,1,https://twitter.com/andrefernm/status/1638555828427825153
CarlosONS,@OnsCarlos,https://twitter.com/OnsCarlos/status/1638560897562992641,2023-03-22T15:18:55.000Z,E a CPMI?,0,0,2,https://twitter.com/andrefernm/status/1638555828427825153
Mariano Junior ☭,@mfbjuniorr,https://twitter.com/mfbjuniorr/status/1638874610148974594,2023-03-23T12:05:30.000Z,"Calma gado....só mais 72 horas
Tic tac tic tac!!!",0,0,1,https://twitter.com/andrefernm/status/1638555828427825153
Observador,@Elto05961399,https://twitter.com/Elto05961399/status/1638893558257143808,2023-03-23T13:20:48.000Z,"Porque vocês não vão fazer algo de útil?, Propor algum tipo de projetos que tenha impactos positivos na nossa vida?, Porque vocês não diminuem as regalias de vocês, que já ganham tão bem?",0,0,1,https://twitter.com/andrefernm/status/1638555828427825153
A.J.S.,@muitobomissoaki,https://twitter.com/muitobomissoaki/status/1638611825251033089,2023-03-22T18:41:17.000Z,"Otimo deputado. Pra Cima deles, sem tregua. A Camara e Senado nao sao lugar de dialogos cabulosos...",0,0,0,https://twitter.com/andrefernm/status/1638555828427825153
Pena Fla 811922,@pena_fla,https://twitter.com/pena_fla/status/1638592701049315358,2023-03-22T17:25:18.000Z,"Dino trouxe Marcola do PCC pra Bsb;
Lula disse q queria foder o Moro;
Dino visita favela sem escolta policial;
Plano pra matar Moro
Tem caroço nesse angú",0,0,0,https://twitter.com/andrefernm/status/1638555828427825153
Mayck Lopes,@Mayck_lopes,https://twitter.com/Mayck_lopes/status/1638603681972080646,2023-03-22T18:08:56.000Z,Parabéns Deputado,0,0,0,https://twitter.com/andrefernm/status/1638555828427825153
Adriano Goes,@AdrianoGoes7,https://twitter.com/AdrianoGoes7/status/1638614979757891585,2023-03-22T18:53:49.000Z,convidados ou convocados? se foram convidados vcs sabem q não vão ne.,0,0,0,https://twitter.com/andrefernm/status/1638555828427825153
Ricardo Portela,@rpjr85,https://twitter.com/rpjr85/status/1638597498766852099,2023-03-22T17:44:22.000Z,Boa Deputado. 👏🏼👏🏼👏🏼🔝🔝🔝,0,0,0,https://twitter.com/andrefernm/status/1638555828427825153
Mone,@SimonePTelles,https://twitter.com/SimonePTelles/status/1638603940517257223,2023-03-22T18:09:57.000Z,Duvido,0,0,0,https://twitter.com/andrefernm/status/1638555828427825153
Heloisa Teixeira,@Heloisa46008072,https://twitter.com/Heloisa46008072/status/1638600201534316552,2023-03-22T17:55:06.000Z,"Parabéns deputado, a união da direita neste momento é questão de sobrevivência,  não sair da cola dos comunistas, corruptos e bandidos, é  o caminho  pra tirar a organização criminosa do poder.",0,0,0,https://twitter.com/andrefernm/status/1638555828427825153
Vania Rocha,@VaniaRo07467616,https://twitter.com/VaniaRo07467616/status/1639418543161724929,2023-03-25T00:06:54.000Z,Não vi tanto empenho para investigar Bolsonaro e seus ministros.Haja parcialidade!,0,1,1,https://twitter.com/andrefernm/status/1638555828427825153
R,@R5468821,https://twitter.com/R5468821/status/1638565798271766528,2023-03-22T15:38:24.000Z,VAMOS PARA CIMA DA QUADRILHA! PARABÉNS!,0,0,0,https://twitter.com/andrefernm/status/1638555828427825153
ADRIANA,@ADRIANA28362764,https://twitter.com/ADRIANA28362764/status/1638572309979058178,2023-03-22T16:04:16.000Z,"Que não vai dar em nada, assim como todas as ações que vcs entram! Triste dizer isso mas é o que vem acontecendo com tudo que vcs fazem!",0,0,0,https://twitter.com/andrefernm/status/1638555828427825153
Time Grande Não Cai!,@spmoreira,https://twitter.com/spmoreira/status/1638571076765601793,2023-03-22T15:59:22.000Z,"Vcs tem que pedir o #impeachment do ex presidiário, o cara promete F**** a vida do #Moro ( o que já é gravíssimo) e no dia seguinte descobre q uma facção tinha um plano pra matar ele e sua família.",0,0,0,https://twitter.com/andrefernm/status/1638555828427825153
John Doe,@DetCocq,https://twitter.com/DetCocq/status/1638566977168875523,2023-03-22T15:43:05.000Z,Convite ou convocação?,0,0,0,https://twitter.com/andrefernm/status/1638555828427825153
Brunno F C,@BrunnoF59194103,https://twitter.com/BrunnoF59194103/status/1638590242662883368,2023-03-22T17:15:32.000Z,Bom mesmo era o Ministro da Justiça do Bolsonaro que está curtindo um xilindró gostoso! Será que o Bolsonaro continua cagando de medo do Xandão?,0,0,0,https://twitter.com/andrefernm/status/1638555828427825153
Reginaldo Franklin,@reginaldo192,https://twitter.com/reginaldo192/status/1638556470978674688,2023-03-22T15:01:20.000Z,"Boa deputado, mas e a CPMI vai rolar ou não  ?",0,0,0,https://twitter.com/andrefernm/status/1638555828427825153
alessandro8P,@Alessandro8P,https://twitter.com/Alessandro8P/status/1638562024220160000,2023-03-22T15:23:24.000Z,Esse é o deputado RASPA Cuu?,0,0,0,https://twitter.com/andrefernm/status/1638555828427825153
Josy Braga Braga,@JosyBragaBraga1,https://twitter.com/JosyBragaBraga1/status/1638574468942516228,2023-03-22T16:12:51.000Z,"Orgulho de ter votado em você meu deputado federal...Parabéns vc está fazendo um excelente trabalho,pra cima desses comunas.",0,0,0,https://twitter.com/andrefernm/status/1638555828427825153
Junior Sampaio,@juniorssampaio,https://twitter.com/juniorssampaio/status/1638557146714341376,2023-03-22T15:04:01.000Z,"Pau na máquina deputado 👏🏻👏🏻👏🏻👏🏻👏🏻 sou do Pernambuco, e queria um deputado igual a você aqui . Majs temos o @CoronelMeiraPE  que tá fazendo um trabalho bacana também .",0,0,0,https://twitter.com/andrefernm/status/1638555828427825153
Luis... S.O.S JESUS,@LuismarSilvaLi2,https://twitter.com/LuismarSilvaLi2/status/1638592407187988487,2023-03-22T17:24:08.000Z,Pra riba!!!,0,0,0,https://twitter.com/andrefernm/status/1638555828427825153
Isa,@IsabelZanardi,https://twitter.com/IsabelZanardi/status/1638580673769349124,2023-03-22T16:37:30.000Z,Blz... mas cadê a #CPMI08deJaneiroJá ???,0,0,0,https://twitter.com/andrefernm/status/1638555828427825153
Ismar Freitas,@IsmarFreitas1,https://twitter.com/IsmarFreitas1/status/1638575667204726786,2023-03-22T16:17:36.000Z,Sem ter o que fazer vai ficar quatro anos fazendo requerimentos kkkkkk,0,0,0,https://twitter.com/andrefernm/status/1638555828427825153
LeonamRibeiro,@LeonamRibeiro17,https://twitter.com/LeonamRibeiro17/status/1638563230166425601,2023-03-22T15:28:11.000Z,Vai forte pra cima deles,0,0,0,https://twitter.com/andrefernm/status/1638555828427825153
FORA LULA,@Rodolfo19382574,https://twitter.com/Rodolfo19382574/status/1638560066373599233,2023-03-22T15:15:37.000Z,Parabéns Deputado o BRASIL que respostas,0,0,0,https://twitter.com/andrefernm/status/1638555828427825153
Beto Cruz,@BetoCru96861517,https://twitter.com/BetoCru96861517/status/1638571458392719363,2023-03-22T16:00:53.000Z,🇧🇷👏🏻🇧🇷👏🏻,0,0,0,https://twitter.com/andrefernm/status/1638555828427825153
Katherine Mazzeo,@MazzeoKatherine,https://twitter.com/MazzeoKatherine/status/1638582326161547277,2023-03-22T16:44:04.000Z,🙏🇧🇷,0,0,0,https://twitter.com/andrefernm/status/1638555828427825153
Valdir Basso,@OCiclistass,https://twitter.com/OCiclistass/status/1638587388791332879,2023-03-22T17:04:11.000Z,👍🇧🇷👍🇧🇷🦾👍🇧🇷💪🏾,0,0,0,https://twitter.com/andrefernm/status/1638555828427825153
Murilo,@Murilo234822212,https://twitter.com/Murilo234822212/status/1638586791178510363,2023-03-22T17:01:49.000Z,Parabéns deputado parabéns,0,0,0,https://twitter.com/andrefernm/status/1638555828427825153
Egidio Batista,@EgidioBatista1,https://twitter.com/EgidioBatista1/status/1638582036444192774,2023-03-22T16:42:55.000Z,"Parabens deputado,ta sendo muito atuante",0,0,0,https://twitter.com/andrefernm/status/1638555828427825153
Luz3s De V4rs0vi4,@luz3sd3v4rs0vi4,https://twitter.com/luz3sd3v4rs0vi4/status/1638567001999253504,2023-03-22T15:43:11.000Z,Excelente !,0,0,0,https://twitter.com/andrefernm/status/1638555828427825153
Leila pereira,@LeilaPe18259578,https://twitter.com/LeilaPe18259578/status/1638575069101191171,2023-03-22T16:15:14.000Z,Parabéns 👏🏻,0,0,0,https://twitter.com/andrefernm/status/1638555828427825153
Edson Martins,@EdsonDM65,https://twitter.com/EdsonDM65/status/1638565940106346496,2023-03-22T15:38:57.000Z,IMPEACHMENT JÁ !!!,0,0,0,https://twitter.com/andrefernm/status/1638555828427825153
Sergio Sabino,@SergioS00881979,https://twitter.com/SergioS00881979/status/1638556971149283329,2023-03-22T15:03:19.000Z,"Ótimo, parabéns",0,0,0,https://twitter.com/andrefernm/status/1638555828427825153
O Censurado 22,@Censurado_2022,https://twitter.com/Censurado_2022/status/1638668684343365632,2023-03-22T22:27:13.000Z,"Parte pra cima, acaba com a corja desse desgoverno.",0,0,0,https://twitter.com/andrefernm/status/1638555828427825153
Cristiany Guimaraes,@CristianyGuima3,https://twitter.com/CristianyGuima3/status/1638590272157147136,2023-03-22T17:15:39.000Z,Parabéns e quanto  CPMFI DE 08/01 que não sai nunca??,0,0,0,https://twitter.com/andrefernm/status/1638555828427825153
Francisco,@BntoFrancisco,https://twitter.com/BntoFrancisco/status/1638593179678122000,2023-03-22T17:27:12.000Z,Foi convite?Nao irão,0,0,0,https://twitter.com/andrefernm/status/1638555828427825153
Lex,@Lexlinhares,https://twitter.com/Lexlinhares/status/1638563022829486080,2023-03-22T15:27:22.000Z,Deputado me diz: Qual é o motivo ou motivos das convocações???,0,0,0,https://twitter.com/andrefernm/status/1638555828427825153
Gloria Boelter,@BoelterGloria,https://twitter.com/BoelterGloria/status/1638561133811453954,2023-03-22T15:19:51.000Z,Duvido.,0,0,0,https://twitter.com/andrefernm/status/1638555828427825153
Sérgio Villela,@villela5010,https://twitter.com/villela5010/status/1638586034215690250,2023-03-22T16:58:48.000Z,"Boa, é assim que se trabalha deputado, que todos que fizeram o mesmo, publiquem aqui para que possamos , agradecer. 🇧🇷🇧🇷🇧🇷👏👏👏",0,0,0,https://twitter.com/andrefernm/status/1638555828427825153
ISOLSOUZA,@IVENSSOLER,https://twitter.com/IVENSSOLER/status/1638584270229839872,2023-03-22T16:51:48.000Z,👏👏👏👏👏,0,0,0,https://twitter.com/andrefernm/status/1638555828427825153
KIM JU MENTO,@silva_gova,https://twitter.com/silva_gova/status/1638765821110484993,2023-03-23T04:53:13.000Z,Convoca Alexandre de Moraes.....,0,0,0,https://twitter.com/andrefernm/status/1638555828427825153
Mazé Candu,@CanduMaze,https://twitter.com/CanduMaze/status/1638726462839635969,2023-03-23T02:16:49.000Z,Será que vão?,0,0,0,https://twitter.com/andrefernm/status/1638555828427825153
Pedro Guimaraes,@parapedro1962,https://twitter.com/parapedro1962/status/1638858320244080641,2023-03-23T11:00:46.000Z,Chupa que é de uva,0,0,0,https://twitter.com/andrefernm/status/1638555828427825153
Marcos Cesar Alcalá,@MarcosAlcala6,https://twitter.com/MarcosAlcala6/status/1638557964243009537,2023-03-22T15:07:16.000Z,"Sem urnas com voto impresso e auditavel, td que fizerem, independente do que seja, vai pro ralo nas próximas eleiçoes.
Já foi, uma boa parte.
Não precisa nem comentarios, vide tds países de esquerda, não devolvem o poder.
Se, não conseguirem ao menos isso, td será em vão.",0,0,1,https://twitter.com/andrefernm/status/1638555828427825153
Priya,@Cristia23931229,https://twitter.com/Cristia23931229/status/1638565244367785984,2023-03-22T15:36:11.000Z,"So em abril... 
Tudo a favor do povo é uma demora sem fim. Kd a CPMI?",0,0,1,https://twitter.com/andrefernm/status/1638555828427825153
Benvindos à ditadura da Banânia!,@AngellAlms,https://twitter.com/AngellAlms/status/1638659006653771776,2023-03-22T21:48:46.000Z,"Estou gostando muito dessa leva nova que entrou na câmara e no senado, sangue novo, sangue bom. Continuem nesse ritimo",0,0,0,https://twitter.com/andrefernm/status/1638555828427825153
Alex Cezimbra,@CezimbraAlex,https://twitter.com/CezimbraAlex/status/1638887751700582402,2023-03-23T12:57:43.000Z,Deputado é imprescindível que é tudo seja público. O povo precisa saber a verdade,0,0,0,https://twitter.com/andrefernm/status/1638555828427825153
@meloni07.com,@meloni07.com,https://twitter.com/Meloni07C/status/1638617377167253509,2023-03-22T19:03:21.000Z,Foco na cpmi de 08 janeiro!,0,0,0,https://twitter.com/andrefernm/status/1638555828427825153
hugahuga coelho,@HugahugaCoelho,https://twitter.com/HugahugaCoelho/status/1638654362653274115,2023-03-22T21:30:19.000Z,Será Será Será,0,0,0,https://twitter.com/andrefernm/status/1638555828427825153
Efraim Franco Morais,@efraimrz,https://twitter.com/efraimrz/status/1638558911820185600,2023-03-22T15:11:02.000Z,Pra cima deles!!!,0,0,0,https://twitter.com/andrefernm/status/1638555828427825153
Geleiros® Brasil,@GeleirosBrasil,https://twitter.com/GeleirosBrasil/status/1638575615845474304,2023-03-22T16:17:24.000Z,Para prestar esclarecimentos ou mentir mais?,0,0,1,https://twitter.com/andrefernm/status/1638555828427825153
Francisco J. Silva,@Francis21947211,https://twitter.com/Francis21947211/status/1638608707323039744,2023-03-22T18:28:54.000Z,E a CPMI quando sai,0,0,0,https://twitter.com/andrefernm/status/1638555828427825153
Ghoc,@Ghoc15,https://twitter.com/Ghoc15/status/1638638226771509250,2023-03-22T20:26:12.000Z,"Tá fod@ essa casa, tudo é abril",0,0,0,https://twitter.com/andrefernm/status/1638555828427825153
@Cícero bass,@Cícero bass,https://twitter.com/MauriArajo1/status/1638729300525604865,2023-03-23T02:28:06.000Z,Calma rapá caneco,0,0,0,https://twitter.com/andrefernm/status/1638555828427825153
joao Batista Raupp,@joao231101,https://twitter.com/joao231101/status/1639226075623374848,2023-03-24T11:22:06.000Z,"Deputado, o pimenta tbm, sobre a casa em Brasília!",0,0,0,https://twitter.com/andrefernm/status/1638555828427825153
Marco Medeiros,@MarcoAn35431335,https://twitter.com/MarcoAn35431335/status/1638579565760061452,2023-03-22T16:33:06.000Z,E eles chegam até abril no Poder? Espero que não!,0,0,0,https://twitter.com/andrefernm/status/1638555828427825153
Cicero Marcio,@CiceroMarcio,https://twitter.com/CiceroMarcio/status/1638601678072029186,2023-03-22T18:00:58.000Z,"Tu sabe porr@ nenhuma, vai trabalhar que é melhor, duvido tu cobrar as joias do fujão....",0,0,0,https://twitter.com/andrefernm/status/1638555828427825153
Murihel,@pacheco_murihel,https://twitter.com/pacheco_murihel/status/1638562989837103105,2023-03-22T15:27:14.000Z,Até la o Stf da um jeitinho para ele nao ir .,0,0,0,https://twitter.com/andrefernm/status/1638555828427825153
Boanerges Junior,@Boanerges45,https://twitter.com/Boanerges45/status/1638567384578498560,2023-03-22T15:44:42.000Z,Show 👏🏻👏🏻👏🏻,0,0,0,https://twitter.com/andrefernm/status/1638555828427825153
,@jalinrabeisim,https://twitter.com/jalinrabeisim/status/1638556516889382912,2023-03-22T15:01:31.000Z,"Você é zika, continue continue 👏👏👏👏",0,0,8,https://twitter.com/andrefernm/status/1638555828427825153
Adriano Amorim75,@AdrianoAmorim75,https://twitter.com/AdrianoAmorim75/status/1638607003093180441,2023-03-22T18:22:08.000Z,"IMPOSSÍVEL!

Nenhum Ministro do Governo vai a qualquer sabatina no Congresso

Mesmo com 90% de assinatura dow deputados

No governo @jairbolsonaro até estagiario da Camara ja fazia seus Ministros virem",0,0,0,https://twitter.com/andrefernm/status/1638555828427825153
CRISLÂNIO CAVALCANTE DA SILVA,@Crislanio12,https://twitter.com/Crislanio12/status/1638700284095479809,2023-03-23T00:32:47.000Z,"Prq cima deles, já estou mais animado com o jogo, mas não pode achar que tá ganho, aliás eles tem até os juizes, literalmente, do lado deles, então tem que fazer o gol de fora da área, vão precisar correr muito ainda, o jogo só começou, e só acaba quando os juizes apitam",0,0,0,https://twitter.com/andrefernm/status/1638555828427825153
Tio Pikka,@NQuezonda,https://twitter.com/NQuezonda/status/1638561180049371136,2023-03-22T15:20:02.000Z,"STF anula. Vc acorda.
Tenha um Bom Dia.",0,0,0,https://twitter.com/andrefernm/status/1638555828427825153
Cida Valois,@ValoisCida,https://twitter.com/ValoisCida/status/1638557229015093255,2023-03-22T15:04:20.000Z,🙏👏👏👏👏💪,0,0,0,https://twitter.com/andrefernm/status/1638555828427825153
maria aparecida,@S2_cida,https://twitter.com/S2_cida/status/1638635290003734534,2023-03-22T20:14:32.000Z,👏👏👏,0,0,0,https://twitter.com/andrefernm/status/1638555828427825153
Isabel B,@IsabelB93097424,https://twitter.com/IsabelB93097424/status/1638587576234778658,2023-03-22T17:04:56.000Z,"Espero que em abril, eles já não estejam mais no poder, governo",0,0,0,https://twitter.com/andrefernm/status/1638555828427825153
@SOS_RIO,@SOS_RIO,https://twitter.com/SOS_RIO/status/1638576933402189824,2023-03-22T16:22:38.000Z,Quando foi a última vez que voces aprovaram algo para beneficiar o povo??? 🤔,0,0,0,https://twitter.com/andrefernm/status/1638555828427825153
Mary San,@balaiodamary,https://twitter.com/balaiodamary/status/1638598659716546561,2023-03-22T17:48:58.000Z,"Bora, emparedar essa esquerdalha",0,0,0,https://twitter.com/andrefernm/status/1638555828427825153
Luci antonio,@Luciantonio4,https://twitter.com/Luciantonio4/status/1638861974137192451,2023-03-23T11:15:17.000Z,Queremos agora foco na CPI de 8 de janeiro,0,0,0,https://twitter.com/andrefernm/status/1638555828427825153
RICARDO SOUZA,@Rico19791888,https://twitter.com/Rico19791888/status/1638575444067794944,2023-03-22T16:16:43.000Z,E a cpmi o que há de ser dela já foi caducada,0,0,0,https://twitter.com/andrefernm/status/1638555828427825153
antonio sergio gomes,@sergiotonni1,https://twitter.com/sergiotonni1/status/1638617577541738539,2023-03-22T19:04:09.000Z,"DEPUTADO PROVOCA O STF SOBRE CPMI, NÃO FICA ESPERANDO O PACHECUZAO.",0,0,0,https://twitter.com/andrefernm/status/1638555828427825153
Uelton,@Uelton33812340,https://twitter.com/Uelton33812340/status/1638559218117509123,2023-03-22T15:12:15.000Z,E a CPMI?,0,0,0,https://twitter.com/andrefernm/status/1638555828427825153
Tuca Shou,@XavierTuca,https://twitter.com/XavierTuca/status/1638589240933064727,2023-03-22T17:11:33.000Z,Tu vai é preso.,0,0,0,https://twitter.com/andrefernm/status/1638555828427825153
Lucas Roberto Ferreira da Silva,@LucasRobertoF11,https://twitter.com/LucasRobertoF11/status/1638752363916804097,2023-03-23T03:59:44.000Z,"Nossa que grandes feitos, projetos para o povo não tem né.  É só lacrar para ganhar mídia né deputado que ensina como raspar o Coool!",0,0,0,https://twitter.com/andrefernm/status/1638555828427825153
Oliver Arte,@oliver_arte,https://twitter.com/oliver_arte/status/1639086812491554816,2023-03-24T02:08:43.000Z,"André, CUIDADO com o CAPACHECO 🍌 tra*dor VRNDIDO.

Ele vai pa$$ear na China com a facção e um bando de mafio$*$.🤬Vão armar MIL PLANOS para BOICOTAR a CPMI. 

Com tra*dor comunista NÃO SE NEGOCIA.
CUIDADO 👀@filipebarrost@GayerGus@BolsonaroSP@EduGiraoOficial @marcosdoval",0,0,0,https://twitter.com/andrefernm/status/1638555828427825153
Rafael B.,@RafaelBot34,https://twitter.com/RafaelBot34/status/1638589981131251712,2023-03-22T17:14:29.000Z,🤣🤣🤣🤣👏🏻👏🏻👏🏻👏🏻👏🏻👏🏻,0,0,0,https://twitter.com/andrefernm/status/1638555828427825153
claudia,@claudiacarval18,https://twitter.com/claudiacarval18/status/1638609403208404993,2023-03-22T18:31:40.000Z,"Queremos #CPMIdo08deJaneiroJa , estão esperando o que? @rodrigopacheco instaura essa cpmi,para de enrolar merda.",0,0,0,https://twitter.com/andrefernm/status/1638555828427825153
Zangadão,@LuizWaldemir,https://twitter.com/LuizWaldemir/status/1638564777646497795,2023-03-22T15:34:20.000Z,"Já depilou o seu CU, hoje?",0,0,0,https://twitter.com/andrefernm/status/1638555828427825153
Ana vilar,@paul04799736,https://twitter.com/paul04799736/status/1638601682148794372,2023-03-22T18:00:59.000Z,"Cobra tb um posicionamento sobre os gastos absurdos e abusivos do ex presidente com o cartão corporativo e seus desmandos fiscais em prol de sua reeleição. 
E de uma cretinice que dá nojo
Vai fazer algo de útil pro povo pra isso a gente paga seus salários",0,0,0,https://twitter.com/andrefernm/status/1638555828427825153
Jorge,@JorgeMarcelo_22,https://twitter.com/JorgeMarcelo_22/status/1638583118826283024,2023-03-22T16:47:13.000Z,Cabuloso,0,0,0,https://twitter.com/andrefernm/status/1638555828427825153
Capitão Vanne,@capitao_vanne,https://twitter.com/capitao_vanne/status/1638576167698538502,2023-03-22T16:19:36.000Z,"Mais uma caçada dessas e vocês perdem a credibilidade com o povo. 

Que estória é essa de convite para o Silva Sauro????   O Bolsonaro iniciou sua queda assim,  amarelado.",1,0,0,https://twitter.com/andrefernm/status/1638555828427825153
Jwls,@Jwls28835440,https://twitter.com/Jwls28835440/status/1638564934408712193,2023-03-22T15:34:58.000Z,Você não é mais imbecil porque é um só,1,0,0,https://twitter.com/andrefernm/status/1638555828427825153
MotörKratos®,@DemoKratos78,https://twitter.com/DemoKratos78/status/1638567979536338944,2023-03-22T15:47:04.000Z,"Lixo. 

Vocês são inocuos. Estão na tribuna só pra tomar café e gastar $$ público. 

Não servem pra nada. 
Incapazes. 
Inaptos.",0,0,0,https://twitter.com/andrefernm/status/1638555828427825153
Pelé é Rei,@1pelerei,https://twitter.com/1pelerei/status/1638566269094965248,2023-03-22T15:40:16.000Z,"Ei raspa cu , tudo jóia 👍?",0,0,0,https://twitter.com/andrefernm/status/1638555828427825153
são Luis com bolsonaro,@lobodamantilha,https://twitter.com/lobodamantilha/status/1638676553189011456,2023-03-22T22:58:30.000Z,Já se prepararam para eles apresentarem atestado médico ou dizer que estão em viajem para o exterior?,0,0,0,https://twitter.com/andrefernm/status/1638555828427825153
Milene Rêgo,@MMMRgo,https://twitter.com/MMMRgo/status/1638870601568866305,2023-03-23T11:49:34.000Z,"PARABÉNS... O DEPUTADO ATUANTE TEM O RESPEITO DOS BRASILEIROS DO BEM...👍👏 CONTINUE SEMPRE ASSIM, FIRME E CADA DIA MAIS FORTE E DETERMINADO.👍👏🙏",0,0,0,https://twitter.com/andrefernm/status/1638555828427825153
João Jokeim,@JoaoJokeim,https://twitter.com/JoaoJokeim/status/1638962108921442317,2023-03-23T17:53:11.000Z,Você é inútil sem noção,0,0,0,https://twitter.com/andrefernm/status/1638555828427825153
Suely Camargo,@SuelyCamargo8,https://twitter.com/SuelyCamargo8/status/1638571992696627202,2023-03-22T16:03:00.000Z,DEMORÔ DEPUTADO,0,0,0,https://twitter.com/andrefernm/status/1638555828427825153
Rosy Mary,@rosyfarias,https://twitter.com/rosyfarias/status/1638563566499377152,2023-03-22T15:29:31.000Z,👏🏽👏🏽👏🏽👏🏽,0,0,0,https://twitter.com/andrefernm/status/1638555828427825153
Marcelo Lemos,@Marcelo40464992,https://twitter.com/Marcelo40464992/status/1638611130397409281,2023-03-22T18:38:32.000Z,Prá cima da vagabundagem! Ótima medida👏🏻👏🏻👏🏻🇧🇷🇧🇷🇧🇷,0,0,0,https://twitter.com/andrefernm/status/1638555828427825153
JbP,@joabosper,https://twitter.com/joabosper/status/1638557782545760257,2023-03-22T15:06:32.000Z,Esse desgoverno tem até um dinossauro 🦖 com acesso VIP em áreas dominadas!🦖,0,0,0,https://twitter.com/andrefernm/status/1638555828427825153
PAU NOS RATOS!,@paunosratos,https://twitter.com/paunosratos/status/1638569079110770689,2023-03-22T15:51:26.000Z,"Perfeito,.... penso que LULA deveria ser convocado para explicar as AMEAÇAS que fez ao Sergio Moro.",0,0,1,https://twitter.com/andrefernm/status/1638555828427825153
suelen Mayara Santos,@suelenMayaraS10,https://twitter.com/suelenMayaraS10/status/1638571258307551233,2023-03-22T16:00:05.000Z,FAÇO Faxina por 20 reais por comodo preciso  DE LEITE pra minha filha E ALIMENTOS me chama Preciso urgente trabalhar se alguém puder me contratar ou doar leite irá ajuda muito sou de Franco da rocha sp bairro jardim alice rua Milton José Mourão 400 fundo pix CPF 48246206869,0,0,0,https://twitter.com/andrefernm/status/1638555828427825153
El ZORRO,@ElZORRO32333230,https://twitter.com/ElZORRO32333230/status/1638583651163045888,2023-03-22T16:49:20.000Z,"Todos Sabe q,o PT é uma Organização Criminosa,e q Tem Relação Cabulosas com as Facções Criminosas,Narcotraficantes
Infelizmente,Membros d Judiciário,MP,TSE,Imprensa Jornalistas,Artistas,tem Ligações com o PT,as Declarações d #LulaLadrão,d q quer Vingança,é preocupante,e um alerta",0,0,0,https://twitter.com/andrefernm/status/1638555828427825153
Nivea Veiga,@NiveaVeiga2,https://twitter.com/NiveaVeiga2/status/1638583716384501760,2023-03-22T16:49:36.000Z,Mais um motivo para continuarmos pedindo a CPMI do dia 08/01.#CPMIdo08deJaneiroJa #CPMI08dejaneiro,0,0,0,https://twitter.com/andrefernm/status/1638555828427825153
Highlander,@Leahighlander,https://twitter.com/Leahighlander/status/1638608512728047633,2023-03-22T18:28:07.000Z,Os parlamentares de direita não deveriam estar fazendo mais nada além de lutar para cancelar a eleição. Lamentável ver que vcs simplesmente aceitaram o resultado e seguem a vida de olho nas próximas eleições. Deveriam pensar que os eleitores de vcs nunca mais irão às urnas.,0,0,0,https://twitter.com/andrefernm/status/1638555828427825153
Anderson,@BrunelModolon,https://twitter.com/BrunelModolon/status/1638576027550076929,2023-03-22T16:19:02.000Z,"Sobre a CPMI ao fato de Lula estar dificultando a mesma e ter retirado acesso às câmeras, não significa crime por ocultação de provas? É equivalente a um traficante armado dizer que não tem armas e nem drogas em casa mas não deixar ninguém entrar na casa para revistar",0,0,0,https://twitter.com/andrefernm/status/1638555828427825153
Rojuara,@raolliver,https://twitter.com/raolliver/status/1638628357427408898,2023-03-22T19:46:59.000Z,"E o que isso vai ajudar na retomada do crescimento econômico e da melhora da qualidade de vida do 🇧🇷?????

Vcs deveriam parar com essas atitudes levianas e irresponsáveis e buscar algo propositivo para se envolverem.",0,0,0,https://twitter.com/andrefernm/status/1638555828427825153
Mateus ×S× Vanderley,@MateusVanderle7,https://twitter.com/MateusVanderle7/status/1638590895250448424,2023-03-22T17:18:07.000Z,@rodrigopacheco #CPMI08deJaneiroJá #CPMIdodia08deJaneiroAGORA #ImpeachmentRodrigoPacheco#ImpeachmentDeRodrigoPacheco#ImpeachmentDePacheco#ImpeachmentDoLulaJa #ImpeachmentLuladrão#ImpeachmentJá,0,0,0,https://twitter.com/andrefernm/status/1638555828427825153
Jogar dentro das quatro linhas da Const Fed Br 88,@LRobertoLeitao,https://twitter.com/LRobertoLeitao/status/1638588741110431744,2023-03-22T17:09:34.000Z,"Quando teremos a 1°sessão de abertura do CongressoNacional, @SenadoFederal @camaradeputados,para a leitura do requerimento de implantação da #CPMIdo08deJaneiroJá,que é um instrumento legal,institucional, um dever cívico e moral?
Nós #OPOVOBRASILEIRO CLAMANOS em defesa da #CFB88.",0,0,0,https://twitter.com/andrefernm/status/1638555828427825153
Valéria,@Valria66710284,https://twitter.com/Valria66710284/status/1638589195588444162,2023-03-22T17:11:22.000Z,"Lula , o ex-presidiário, com sua declaração de fuder com o Senador Sergio Moro, torna-se o suspeito numero 1 da tentativa de assassinato do senador!",0,0,0,https://twitter.com/andrefernm/status/1638555828427825153
José Gomes,@JoseRibamarGF,https://twitter.com/JoseRibamarGF/status/1638670025870520320,2023-03-22T22:32:33.000Z,"VIVA nossa QUERIDA 1a. Dama JANJA LULA,  mulher GUERREIRA, LINDA, INTELIGENTE, HUMANA e COMPANHEIRA.",0,0,0,https://twitter.com/andrefernm/status/1638555828427825153
