nome,usuario,idTweet,dataPublicacao,texto,replies,retweets,likes,tweetPai
Claumari.,@Claud565637,https://twitter.com/Claud565637/status/1638347982906044417,2023-03-22T01:12:52.000Z,"E a deputada acha que ficou  caro agora?
Não  Sra. No desgoverno do Bolsonaro já era realidade.",0,0,0,https://twitter.com/adriventurasp/status/1638284344568565768
Tunico De Biase,@AntonioDeBias15,https://twitter.com/AntonioDeBias15/status/1638550437644075008,2023-03-22T14:37:21.000Z,"Isso é uma mentira! Deputada do Novo, meu partido, sendo leviana desta forma????",0,0,0,https://twitter.com/adriventurasp/status/1638284344568565768
marcio kuwakino,@KuwakinoMarcio,https://twitter.com/KuwakinoMarcio/status/1638490403358797827,2023-03-22T10:38:48.000Z,Lula só foi eleito por conta das bizarrices de Bolsonaro. Agora cabe ao congresso menos fanatismo de Bolsonarista e mais oposição. Bolsopetismo é atraso,0,0,0,https://twitter.com/adriventurasp/status/1638284344568565768
Ghi,@GhiBordin,https://twitter.com/GhiBordin/status/1638284787050741761,2023-03-21T21:01:45.000Z,Boa Adri! A verdade é que ele governará pra ele mesmo (e sua patota).,0,0,0,https://twitter.com/adriventurasp/status/1638284344568565768
