nome,usuario,idTweet,dataPublicacao,texto,replies,retweets,likes,tweetPai
Júlia Zanatta,@apropriajulia,https://twitter.com/apropriajulia/status/1638230635671068683,2023-03-21T17:26:35.000Z,Que lamentável 😞,0,2,37,https://twitter.com/andrefernm/status/1638207490247606274
Um Bruxo,@brushoXPTO,https://twitter.com/brushoXPTO/status/1638309447385722880,2023-03-21T22:39:45.000Z,"Quem não se suja, é porque não estava no ringue, no campo de batalha.",1,0,0,https://twitter.com/andrefernm/status/1638207490247606274
Liana Santa Ritta,@RittaLiana,https://twitter.com/RittaLiana/status/1638213867196100609,2023-03-21T16:19:57.000Z,Esse Abraham vomita fezes todos os dias ……. Vai acabar morrendo sufocado.,0,2,12,https://twitter.com/andrefernm/status/1638207490247606274
Gabriel Saraiva,@gabriel39670876,https://twitter.com/gabriel39670876/status/1638232005794996225,2023-03-21T17:32:01.000Z,"André é por isso que estamos aqui, para acabar com as narrativas e mentiras da esquerda, sabemos quantos Senadores e Deputados já assinaram e quantos se retiraram!",0,1,1,https://twitter.com/andrefernm/status/1638207490247606274
Chadia A. Ahmad,@ManhaBella,https://twitter.com/ManhaBella/status/1638210330265305089,2023-03-21T16:05:53.000Z,Quem é ele para falar alguma coisa? A minha percepção é a seguinte: esses insignificantes conseguem atenção se pendurando no Bolsonaro.,0,1,12,https://twitter.com/andrefernm/status/1638207490247606274
Andreia Sousa,@AndreiaArmada,https://twitter.com/AndreiaArmada/status/1638212686675603456,2023-03-21T16:15:15.000Z,Liga não esse povo ai precisa de biscoito para sair da irrelevância...,0,0,1,https://twitter.com/andrefernm/status/1638207490247606274
Karina,@karinagdani,https://twitter.com/karinagdani/status/1638230225191313409,2023-03-21T17:24:57.000Z,"Olha, como eu tô decepcionada com os Weintraubs 😕",2,0,3,https://twitter.com/andrefernm/status/1638207490247606274
Arthur Weintraub,@ArthurWeint,https://twitter.com/ArthurWeint/status/1638305580598145027,2023-03-21T22:24:23.000Z,"Mais sujo que fezes é a ""direita"" que ensina a depilar o cy.",8,2,52,https://twitter.com/andrefernm/status/1638207490247606274
Léo,@LeoCamposLP,https://twitter.com/LeoCamposLP/status/1638339828101070850,2023-03-22T00:40:28.000Z,Já depilou o ânus hoje?,1,0,6,https://twitter.com/andrefernm/status/1638207490247606274
Flávio José Linhares,@aquiflavio,https://twitter.com/aquiflavio/status/1638535980486369281,2023-03-22T13:39:54.000Z,O que aconteceu com eles?,0,0,1,https://twitter.com/andrefernm/status/1638207490247606274
Adriana Turrini - Brasil Acima de Tudo,@thykadri,https://twitter.com/thykadri/status/1638220732940296205,2023-03-21T16:47:14.000Z,"sei que é experiente, @andrefernm , mas se me permite um conselho:
- Não de moral a quem não tem.
É o caso deste sr, um despeitado que só quer voltar a ser comentado, pq sozinho, não consegue sair do ostracismo que se enfiou.",2,2,28,https://twitter.com/andrefernm/status/1638207490247606274
Zelia Fabro22,@zfabrogmailcom,https://twitter.com/zfabrogmailcom/status/1638451802847805443,2023-03-22T08:05:25.000Z,Tem uma outra postagem deste canalha acusando o Presidente de roubo.,1,0,4,https://twitter.com/andrefernm/status/1638207490247606274
Kitti Wolf,@KittiCristiane,https://twitter.com/KittiCristiane/status/1638216024045527045,2023-03-21T16:28:31.000Z,Esquece a CPI... Foco na CPMI. Muito mais confiável com as duas casas investigando,2,0,2,https://twitter.com/andrefernm/status/1638207490247606274
Lélia Camargo,@Leliacamargo_,https://twitter.com/Leliacamargo_/status/1638249850897592324,2023-03-21T18:42:56.000Z,"Senador,boa tarde!
O senhor ainda dá atenção ao Poder 360 (jornal de esquerda) e Weintraub?
Porém em relação a CPi eles estão certos e não queremos a CPI... Queremos a CPMI presidida por Vossa Excelência.
Não nos importamos com a CPI.",1,0,6,https://twitter.com/andrefernm/status/1638207490247606274
Pedro,@Pedro03027048,https://twitter.com/Pedro03027048/status/1638467454023131136,2023-03-22T09:07:36.000Z,Esse dai tá no limbo faz tempos. Para aparecer e ser lembrado ele usa de mau-caratismo mesmo. Se alimenta de cólera e rancor. Ele nunca vai esquecer que o Bolsonaro escolheu Tarcísio a ele. Imagina se tivesse escolhido ele?,0,0,0,https://twitter.com/andrefernm/status/1638207490247606274
Zoro (ZV),@Zoro_ZV,https://twitter.com/Zoro_ZV/status/1638208365510774786,2023-03-21T15:58:05.000Z,"Patati merece ser ignorado...
Ele sabe que fazendo isso, as pessoas notarão e ele terá mais ""tiazinhas' deslumbradas votando nele... 
Talvez na próxima eleição ele chegue a 6 mil votos... 🤣",1,2,33,https://twitter.com/andrefernm/status/1638207490247606274
Michèlle,@MichelleSouquet,https://twitter.com/MichelleSouquet/status/1638210895259025408,2023-03-21T16:08:08.000Z,É dor de cotovelo que chama?,0,0,6,https://twitter.com/andrefernm/status/1638207490247606274
Highlander,@Leahighlander,https://twitter.com/Leahighlander/status/1638344918845251584,2023-03-22T01:00:42.000Z,Os parlamentares de direita não deveriam estar fazendo mais nada além de lutar para cancelar a eleição. Lamentável ver que vcs simplesmente aceitaram o resultado e seguem a vida de olho nas próximas eleições. Deveriam pensar que os eleitores de vcs nunca mais irão às urnas.,0,0,1,https://twitter.com/andrefernm/status/1638207490247606274
MTF2,@MTF220,https://twitter.com/MTF220/status/1638208676140908545,2023-03-21T15:59:19.000Z,É impressionante no que esses caras se tornaram. Não duvido nada se se juntarem a Joice e o Fruta.,1,0,23,https://twitter.com/andrefernm/status/1638207490247606274
Jocy Ferreira,@FerreiraJocy,https://twitter.com/FerreiraJocy/status/1638226784792485920,2023-03-21T17:11:16.000Z,Ele é um carente de tudo só assim se sobressai. Ridículo,0,0,3,https://twitter.com/andrefernm/status/1638207490247606274
Erik Silva,@oeriksilva,https://twitter.com/oeriksilva/status/1638351820094406656,2023-03-22T01:28:07.000Z,"“Direita limpinha""? Eu acho que o termo tá correto, viu?  Já que os Weintraub não tem uma SUSPEITA, uma SUPOSIÇÃO de corrupção sequer. 

Já a família Bolsonaro? CENTENAS, inclusive com depoimentos de vários ex-assessores deles confirmando os esquemas.",2,2,7,https://twitter.com/andrefernm/status/1638207490247606274
Regis Cunha,@MarkRuffles2K,https://twitter.com/MarkRuffles2K/status/1638228311674441728,2023-03-21T17:17:20.000Z,"Fezes podem ser reaproveitadas como adubo, esses aí são chorume.",0,0,6,https://twitter.com/andrefernm/status/1638207490247606274
𝐻𝑎𝑐𝑘𝑒𝑟 𝐹𝑢𝑙𝑙 𝑝𝑖𝑠𝑡𝑜𝑙𝑎;B͜͡𝟐𝟐,@pr_bolsonaro,https://twitter.com/pr_bolsonaro/status/1638250689338961927,2023-03-21T18:46:16.000Z,O dois irmãos são um bando de rancorosos.,1,0,1,https://twitter.com/andrefernm/status/1638207490247606274
Claudia,@Claudia64472763,https://twitter.com/Claudia64472763/status/1638211765036105729,2023-03-21T16:11:35.000Z,"Esse devia ser processado por chamar os patriotas de Leprosos. Mas acredito na lei do retorno e o que é dele está guardado, Deus não falha, age na hora certa.",1,2,10,https://twitter.com/andrefernm/status/1638207490247606274
Ronny Gentil ◤✠◢,@rgentil16,https://twitter.com/rgentil16/status/1638341961017966594,2023-03-22T00:48:57.000Z,"Ai eu pergunto, qual a função dos outros 80 senadores? Sugar nosso dinheiro pois pelo visto ou único senador da República federativa do Brasil chama-se Pacheco pois é o único que tem poder nessa republiqueta. O mesmo vale para outra casa!",0,0,1,https://twitter.com/andrefernm/status/1638207490247606274
Paulo Eneas,@pauloeneas,https://twitter.com/pauloeneas/status/1638332350621794304,2023-03-22T00:10:45.000Z,"O que você quer dizer com ""limpinha""? Sugere então que a direita tem que ser suja mesmo, fazer certos acordos com a esquerda que não são justificados às claras e acusar de mau-caratismo quem cobra os que, como você, são pagos com dinheiro público para representar os eleitores?",12,8,62,https://twitter.com/andrefernm/status/1638207490247606274
The Wolf (ZV),@TheWolf999563,https://twitter.com/TheWolf999563/status/1638245846012624896,2023-03-21T18:27:01.000Z,"André, por qual motivo o Pacheco ainda não abriu a seção conjunta das casas? Vcs vão deixar este imundo travando o processo nessa passividade toda? Qual o próximo passo?",0,0,2,https://twitter.com/andrefernm/status/1638207490247606274
Maria José Araújo,@MariaJosArajo10,https://twitter.com/MariaJosArajo10/status/1638208277518352389,2023-03-21T15:57:44.000Z,"Cara é um frustrado, pensou que era popular..",0,0,14,https://twitter.com/andrefernm/status/1638207490247606274
Nelmagarcia,@Nelmagarcia69,https://twitter.com/Nelmagarcia69/status/1638229332391763975,2023-03-21T17:21:24.000Z,CPMI urgente. Já não vamos mais cair nestas armadilhas.,0,0,1,https://twitter.com/andrefernm/status/1638207490247606274
Gisele,@nutri1_gimaria,https://twitter.com/nutri1_gimaria/status/1638264178187042816,2023-03-21T19:39:52.000Z,E isso aí deputado parabéns 👏👏👏👏,0,0,2,https://twitter.com/andrefernm/status/1638207490247606274
Ana,@ajulisbr,https://twitter.com/ajulisbr/status/1638216635537301508,2023-03-21T16:30:57.000Z,"Para mim, isso não é direita. É esquerda até a alma.",0,0,3,https://twitter.com/andrefernm/status/1638207490247606274
Faz Welly Stiller,@fwstiller,https://twitter.com/fwstiller/status/1638214720195797000,2023-03-21T16:23:20.000Z,"Isso que vc chama pejorativamente de ""direita limpinha"", como se ser limpo fosse demérito, está errada nesse caso, mas está certa em muitos outros. Há muito maucaratismo no bolsonarismo. Foque na CPMI e pare de caçar briga c/ quem ñ tem mandato.",1,0,2,https://twitter.com/andrefernm/status/1638207490247606274
Ari Chain,@ari_chain,https://twitter.com/ari_chain/status/1638380089564856320,2023-03-22T03:20:27.000Z,Só esperar 72 horas que o Pacheco vai abrir 😂😂🤣  @ceara59 @YaiaSobreira@uraniaflores @jb5estrela1 @A_Bizarra @And697Viloria @jb5estrela1 @AlcidesMagalha6 @alexand34398946 @almapother @KlingerEriceira @alice396970361 @Amafrancy1 @And697Viloria @pinho_ray @valfachi,0,0,1,https://twitter.com/andrefernm/status/1638207490247606274
Ismael Santos,@ismaeltucandira,https://twitter.com/ismaeltucandira/status/1638240024935243781,2023-03-21T18:03:53.000Z,A turma do batatismo faz inveja à esquerda work.,0,0,1,https://twitter.com/andrefernm/status/1638207490247606274
@logadoBR,@logadoBR,https://twitter.com/AdenarSantana/status/1638271852421234688,2023-03-21T20:10:21.000Z,O PATATI @AbrahamWeint não cansa de passar vergonha . O traíra do século que ganhou da PEPPA,0,0,1,https://twitter.com/andrefernm/status/1638207490247606274
EfectoTowanda,@EfectoTowanda,https://twitter.com/EfectoTowanda/status/1638253818369437709,2023-03-21T18:58:42.000Z,"Não existe a tal ""direita limpinha"", eles são agentes da esquerda que se passam como de direita para criar discórdia, brigas sem pé nem cabeça. O patatismo cultural é de esquerda.",0,0,1,https://twitter.com/andrefernm/status/1638207490247606274
Mércia Mel,@merciamelmulher,https://twitter.com/merciamelmulher/status/1638344436890443779,2023-03-22T00:58:47.000Z,"Agora eu descobri o pq Bolsonaro entregou ele de bandeja...não vale nada!... Perdão, Capitão! Vc sempre esteve certíssimo!! Felizmente as máscaras dos lobos estão caindo.",1,0,0,https://twitter.com/andrefernm/status/1638207490247606274
George Yoshinaga,@YoshinagaGeorge,https://twitter.com/YoshinagaGeorge/status/1638934162232016896,2023-03-23T16:02:08.000Z,Vai chegar Dezembro e vai estar nesse lenga lenga,0,0,0,https://twitter.com/andrefernm/status/1638207490247606274
Creusa Alves,@CreusaAlves10,https://twitter.com/CreusaAlves10/status/1638209193860530182,2023-03-21T16:01:22.000Z,"Felizmente Deputado , vc veio com os números exatos .. keep walking 💪🏻",0,1,1,https://twitter.com/andrefernm/status/1638207490247606274
Mauricio Armede,@mauricioarmede,https://twitter.com/mauricioarmede/status/1638210363790426114,2023-03-21T16:06:01.000Z,Alguém está mentindo então…,2,0,0,https://twitter.com/andrefernm/status/1638207490247606274
Camila Quintano,@camila_quintano,https://twitter.com/camila_quintano/status/1638231631528861727,2023-03-21T17:30:32.000Z,Essa CPI vai sair ou não,0,0,1,https://twitter.com/andrefernm/status/1638207490247606274
ML,@Marcelo71494593,https://twitter.com/Marcelo71494593/status/1638365379616464897,2023-03-22T02:22:00.000Z,Eu acho que não kkk,0,0,1,https://twitter.com/andrefernm/status/1638207490247606274
Alec,@OIluministro,https://twitter.com/OIluministro/status/1638217789918814212,2023-03-21T16:35:32.000Z,Nem perca seu tempo!,0,0,2,https://twitter.com/andrefernm/status/1638207490247606274
Brasil Right,@Brasil_Right,https://twitter.com/Brasil_Right/status/1638272412759347213,2023-03-21T20:12:35.000Z,Direita de verdade. Vocês são os que aceitam qualquer coisa pelo poder. Bolsoleprismo mesmo.,0,0,4,https://twitter.com/andrefernm/status/1638207490247606274
Caco Monego,@caco362,https://twitter.com/caco362/status/1638213353913868296,2023-03-21T16:17:54.000Z,"Gente, a CPI apenas no Senado atrapalha a CPMI.
Focar em uma apenas",0,0,8,https://twitter.com/andrefernm/status/1638207490247606274
Caio Vinicius,@vini_caiorj,https://twitter.com/vini_caiorj/status/1638214970214064129,2023-03-21T16:24:20.000Z,"4 anos pagando salário absurdo pra um deputado q em vez de trabalhar pro povo fica 24h no twtter de mimimi pq perdeu eleição.

"" o povo parece pela ignorância """,0,0,1,https://twitter.com/andrefernm/status/1638207490247606274
Sebastião -,@masterligador02,https://twitter.com/masterligador02/status/1638237302886395947,2023-03-21T17:53:04.000Z,Cpmi não CPI,0,0,1,https://twitter.com/andrefernm/status/1638207490247606274
Pedro Silva,@PedroSi09853477,https://twitter.com/PedroSi09853477/status/1638218216278294529,2023-03-21T16:37:14.000Z,O sr sabe dizer se já denunciaram o montanha?,0,0,0,https://twitter.com/andrefernm/status/1638207490247606274
Seiquebrasiledireita,@Seiquebrasile22,https://twitter.com/Seiquebrasile22/status/1638238144158900225,2023-03-21T17:56:25.000Z,"Deputado, essa CPI não foi encomendada pela Soraya trambique?",0,0,0,https://twitter.com/andrefernm/status/1638207490247606274
Obsessão por democracia,@abr26944522,https://twitter.com/abr26944522/status/1638224894470045697,2023-03-21T17:03:46.000Z,"É nois raspa Ku, bota para torar.",0,0,0,https://twitter.com/andrefernm/status/1638207490247606274
Amin Abdallah,@aminmayef,https://twitter.com/aminmayef/status/1638491118043115521,2023-03-22T10:41:38.000Z,Ué se está tão tranquilo quanto a isso o  por que dá violência????,0,0,0,https://twitter.com/andrefernm/status/1638207490247606274
yuri Tanaka,@tan20002162,https://twitter.com/tan20002162/status/1638244369307168795,2023-03-21T18:21:09.000Z,"A CPMI do deputado André Fernandes eh a verdadeira, a da Soraya Thronicke tinha assinatura do Renan e quadrilha, pressionem seus senadores e deputados, os meus (Mario Frias e Ricardo Salles e Marcos Pontes) assinaram, e os seus? União Brasil não assinaram...",0,0,0,https://twitter.com/andrefernm/status/1638207490247606274
Julio Festi,@festi_julio,https://twitter.com/festi_julio/status/1638542850114703362,2023-03-22T14:07:12.000Z,"Eles tiram a assinatura pelo fato o velho larápio pagou eles , e os mesmo não tem vergonha na cara",0,0,0,https://twitter.com/andrefernm/status/1638207490247606274
Warshawsky Conservador,@Akallanatta25,https://twitter.com/Akallanatta25/status/1638226294428016671,2023-03-21T17:09:20.000Z,"Limpinha não...FRUFRU.
É o q digo, SOU CONSERVADOR, pode ter aqueles que não concordem 100% comigo? Td bem, discordar nunca será ofensa, AGORA...
Aqueles q se diziam de direita e NA HORA H se abstiveram ou pregaram voto """"LULO"""" merecem e muito levar + PICANHA do Lula no rabo.",0,0,0,https://twitter.com/andrefernm/status/1638207490247606274
Canja com chato,@Berimbal4,https://twitter.com/Berimbal4/status/1638433867748057093,2023-03-22T06:54:09.000Z,Os irmãos traíra chora no banheiro porque foram esquecidos. Kkkkk,0,0,0,https://twitter.com/andrefernm/status/1638207490247606274
Ney,@Edsoncida19,https://twitter.com/Edsoncida19/status/1638243100966416388,2023-03-21T18:16:07.000Z,Está cpi e da senadora Soraia tronik,0,0,0,https://twitter.com/andrefernm/status/1638207490247606274
BRASIL,@Direita1971,https://twitter.com/Direita1971/status/1638213024694583296,2023-03-21T16:16:36.000Z,Dá nome aos bois,0,0,0,https://twitter.com/andrefernm/status/1638207490247606274
Tâmara Albuquerque,@TmaraAlbuquerq7,https://twitter.com/TmaraAlbuquerq7/status/1638519763004448768,2023-03-22T12:35:28.000Z,Parabéns deputado André Fernandes Deus eh contigo e os patriotas Brasileiros do bem,0,0,0,https://twitter.com/andrefernm/status/1638207490247606274
FMPedroso ∴,@fabio_pedr,https://twitter.com/fabio_pedr/status/1638273255386628097,2023-03-21T20:15:56.000Z,"Deputado o indivíduo morreu para a política e faz tempo.
Faz parte dos insepultos.
Não vale o que come, portanto não de corda para essa gente.
Parabéns pelo trabalho que V.Exa vem fazendo.
Obrigado.",0,0,0,https://twitter.com/andrefernm/status/1638207490247606274
R,@R5468821,https://twitter.com/R5468821/status/1638230463222259742,2023-03-21T17:25:53.000Z,Vamos para cima da quadrilha!,0,0,0,https://twitter.com/andrefernm/status/1638207490247606274
Bugrello,@Welling21495702,https://twitter.com/Welling21495702/status/1638291056620982275,2023-03-21T21:26:40.000Z,"Esse cara nem merece atenção, ele é carente.",0,0,0,https://twitter.com/andrefernm/status/1638207490247606274
DinoDanado,@Ahumahamalai,https://twitter.com/Ahumahamalai/status/1638223855276662796,2023-03-21T16:59:38.000Z,Posso dar uma risadinha?,0,0,0,https://twitter.com/andrefernm/status/1638207490247606274
Cristiane Alves Aquino Pizzoli,@PizzoliAquino,https://twitter.com/PizzoliAquino/status/1638887418152493057,2023-03-23T12:56:24.000Z,Mas o que interessa mesmo para nós os brasileiros que estão caminhando juntos da justiça é a CPMI. Não CPI.,0,0,0,https://twitter.com/andrefernm/status/1638207490247606274
Ari Chain,@ari_chain,https://twitter.com/ari_chain/status/1638379384481488896,2023-03-22T03:17:39.000Z,Mentira,0,0,0,https://twitter.com/andrefernm/status/1638207490247606274
Marilia Loche,@MariliaLoche,https://twitter.com/MariliaLoche/status/1638292184100208644,2023-03-21T21:31:09.000Z,#CPMIdo08deJaneiroJá,0,0,0,https://twitter.com/andrefernm/status/1638207490247606274
ムスファゾリン,@msfasolin,https://twitter.com/msfasolin/status/1638485579213029379,2023-03-22T10:19:38.000Z,Pq demora CPMI?,0,0,0,https://twitter.com/andrefernm/status/1638207490247606274
Maristella Mendonça,@Marismoura1401,https://twitter.com/Marismoura1401/status/1638881491181531137,2023-03-23T12:32:51.000Z,Essa turma não cansa de passar vergonha.,0,0,0,https://twitter.com/andrefernm/status/1638207490247606274
Flávio De Ross,@Ed_Zeppeliano,https://twitter.com/Ed_Zeppeliano/status/1638534500534607872,2023-03-22T13:34:02.000Z,O falta pra ser instaurada?,0,0,0,https://twitter.com/andrefernm/status/1638207490247606274
Lígia,@Lgia19311826,https://twitter.com/Lgia19311826/status/1638331256613007360,2023-03-22T00:06:24.000Z,O BRASIL QUER A CPMI,0,0,0,https://twitter.com/andrefernm/status/1638207490247606274
BrasilVigilante,@BrasilVigilant,https://twitter.com/BrasilVigilant/status/1638332976093118465,2023-03-22T00:13:14.000Z,"Não perca tempo com “ninguém”, isso ele é um ninguém muito ingrato, pois estaria preso se não fosse o Bolso.",0,0,0,https://twitter.com/andrefernm/status/1638207490247606274
@CRF SEMPRE,@CRF SEMPRE,https://twitter.com/GilvanBorges18/status/1638353683715899396,2023-03-22T01:35:31.000Z,Projeto em prol do povo brasileiro quer bom nada mas ficar disseminando fakenews isso é bom!!!!,0,0,0,https://twitter.com/andrefernm/status/1638207490247606274
Júnior,@condominio905,https://twitter.com/condominio905/status/1638642957719949312,2023-03-22T20:45:00.000Z,Acho que o jornal estava falando da CPI e não da CPMI.,0,0,0,https://twitter.com/andrefernm/status/1638207490247606274
Albino Ferreira,@AlbinoFerreir10,https://twitter.com/AlbinoFerreir10/status/1638334161059565569,2023-03-22T00:17:57.000Z,Decepção total esse ex ministro do MEC.,0,0,0,https://twitter.com/andrefernm/status/1638207490247606274
Ilza Guedes,@guedes_ilza,https://twitter.com/guedes_ilza/status/1638359500921946113,2023-03-22T01:58:38.000Z,"Esse é um m..
..... total. Rivotril urgente.",0,0,0,https://twitter.com/andrefernm/status/1638207490247606274
Domênico Andreatta,@OProfessorXX,https://twitter.com/OProfessorXX/status/1638270154999046144,2023-03-21T20:03:37.000Z,"Ignora esse sujeito. Ele só quer holofotes. A votação dele nas últimas eleições diz muito sobre a relevância dele. 

Aproveitando o gancho, parabéns por sua atuação deputado. Vc está sendo um verdadeiro guerreiro.",0,0,0,https://twitter.com/andrefernm/status/1638207490247606274
Nanati,@Nanati77149179,https://twitter.com/Nanati77149179/status/1638281156989800461,2023-03-21T20:47:20.000Z,Weintraub chegou ao fundo do esgoto. Não sai mais.,0,0,0,https://twitter.com/andrefernm/status/1638207490247606274
Fernanda Gomes,@NandagoFernanda,https://twitter.com/NandagoFernanda/status/1638208453243031553,2023-03-21T15:58:26.000Z,"O Patati está sumido,quer biscoito ele. Siga em frente deputado. 👍",0,0,0,https://twitter.com/andrefernm/status/1638207490247606274
Racv,@Racv83696621,https://twitter.com/Racv83696621/status/1638301956199391235,2023-03-21T22:09:59.000Z,"André tem que fazer greve de fome no plenário ou obstruir tudo, se não for assim não vai abrir a cpmi, acorda",0,0,0,https://twitter.com/andrefernm/status/1638207490247606274
Pedonic,@pieroduonijin,https://twitter.com/pieroduonijin/status/1638210932240265216,2023-03-21T16:08:17.000Z,"@andrefernm por quê vocês não são mais veementes na cobrança com o @rodrigopacheco ?
Por quê vocês não se deslocam até o gabinete dele em massa e só saiam de lá quando ele marcar a data?  Ou convocar a sessão?
Vocês são muito permissivos, ficam deixando, ficam só reclamando no TT",0,0,0,https://twitter.com/andrefernm/status/1638207490247606274
Pedonic,@pieroduonijin,https://twitter.com/pieroduonijin/status/1638211728960880640,2023-03-21T16:11:27.000Z,"@andrefernm 
Aprendam a fazer pressão que nem a esquerda faz. Vocês já judicilizaram está CpMi?
O quê estão esperando? Não dêem sossego ao Pacheco, não dêem sossego para o STF.Precisamos de um Randolf Rodrigues na direita.Imagine oque o Randolf estaria fazendo se fosse com ele?",0,0,0,https://twitter.com/andrefernm/status/1638207490247606274
Vivian Pereira,@VivianPereiraBR,https://twitter.com/VivianPereiraBR/status/1638289153493221377,2023-03-21T21:19:06.000Z,"O ""Weintrouble"" continua querendo aparecer?!🤦🏻‍♀️",0,0,0,https://twitter.com/andrefernm/status/1638207490247606274
João Carlos Moreno,@jcmoreno_crm,https://twitter.com/jcmoreno_crm/status/1638261869214421001,2023-03-21T19:30:41.000Z,"Tranquilo tranquilo facinho de resolver, na próxima eleição #NaoReelejaNenhumSenador",0,0,0,https://twitter.com/andrefernm/status/1638207490247606274
Deus acima de Todos!!,@kika_Brasil10,https://twitter.com/kika_Brasil10/status/1638260483332493330,2023-03-21T19:25:11.000Z,Tá com tempo né @AbrahamWeint ..😏😏,0,0,0,https://twitter.com/andrefernm/status/1638207490247606274
rafael,@rafa_rafisi,https://twitter.com/rafa_rafisi/status/1638212793550663680,2023-03-21T16:15:41.000Z,Abra apenas revela o que estava guardado no coração dele: um cara espúrio de atitudes. Rancoroso e sem moral.,0,0,0,https://twitter.com/andrefernm/status/1638207490247606274
Mi,@MiriamVieirado4,https://twitter.com/MiriamVieirado4/status/1638367037410951169,2023-03-22T02:28:35.000Z,Isso aí não é  direita.,0,0,0,https://twitter.com/andrefernm/status/1638207490247606274
Evandro Blesa,@evandro_blesa,https://twitter.com/evandro_blesa/status/1638613295895826433,2023-03-22T18:47:08.000Z,"Espero que você não se corrompa, más, o sistema tentará te engolir.",0,0,0,https://twitter.com/andrefernm/status/1638207490247606274
Evandro Blesa,@evandro_blesa,https://twitter.com/evandro_blesa/status/1638613487932014592,2023-03-22T18:47:54.000Z,Você está lutando com o inimigo errado.,0,0,0,https://twitter.com/andrefernm/status/1638207490247606274
joao Batista Raupp,@joao231101,https://twitter.com/joao231101/status/1638352681524658180,2023-03-22T01:31:33.000Z,Peticiona no STF a obrigação de abrir!,0,0,0,https://twitter.com/andrefernm/status/1638207490247606274
Bruna,@Su36457267Bruna,https://twitter.com/Su36457267Bruna/status/1638208178147016705,2023-03-21T15:57:20.000Z,"A tal Direita limpinha tem método.Hj eles estão incitando o povo falando sobre os parlamentares de Direita.
Já vi vários perfis e a galera caindo como patinho.
Não aprendem nunca .Por isso que a esquerda tá anos luz na frente",1,1,8,https://twitter.com/andrefernm/status/1638207490247606274
Clarissa Zanchet Fagan,@FaganClarissa,https://twitter.com/FaganClarissa/status/1638211641429876738,2023-03-21T16:11:06.000Z,#CPMI08dejaneiro #CPMIdo08deJaneiroJa,0,0,1,https://twitter.com/andrefernm/status/1638207490247606274
Ivani Alves,@IvaniAl10904096,https://twitter.com/IvaniAl10904096/status/1639013981481304066,2023-03-23T21:19:19.000Z,"cada t seu pensamento e mas gestões do PT tu lembras e agora,03 ,meses olhe e escute querem acabar com o Brasil.",0,0,0,https://twitter.com/andrefernm/status/1638207490247606274
Lari,@Marise47318113,https://twitter.com/Marise47318113/status/1638268255591706625,2023-03-21T19:56:04.000Z,Esse aí foi o Judas do século.,0,0,1,https://twitter.com/andrefernm/status/1638207490247606274
Sergio Cardoso,@Verdesserg,https://twitter.com/Verdesserg/status/1638215239933075456,2023-03-21T16:25:24.000Z,"O diversionismo é uma arma de guerra senhor Congressista. Confundir, dividir para minar o moral e desviar o foco. Os adversários são vis.
Se as normas não dão seguidas cabe aos bons argumentar e impetrar medidas. Esgotar as vias legais. Um dia algo ocorre.",2,2,4,https://twitter.com/andrefernm/status/1638207490247606274
Lucélia Pacheco,@lucelia_pacheco,https://twitter.com/lucelia_pacheco/status/1638393238821167104,2023-03-22T04:12:42.000Z,"Nojo dos :""Patati e Patatá"".🤢",0,0,1,https://twitter.com/andrefernm/status/1638207490247606274
veronica modolo,@veronica_modolo,https://twitter.com/veronica_modolo/status/1638298437333528586,2023-03-21T21:56:00.000Z,"Quem diria, ridículo,  so agiu por interesse próprio.",0,0,0,https://twitter.com/andrefernm/status/1638207490247606274
𝒪𝓊𝓇 𝒫𝑒𝑜𝓅𝓁𝑒,@_mandalorian_Z,https://twitter.com/_mandalorian_Z/status/1638209757205889032,2023-03-21T16:03:37.000Z,E pensar q esse ser asqueroso fez parte do Governo do Presidente Bolsonaro. 😡,0,0,3,https://twitter.com/andrefernm/status/1638207490247606274
Valter Ribeiro,@ValterRibeiroM1,https://twitter.com/ValterRibeiroM1/status/1638228660762058752,2023-03-21T17:18:44.000Z,Deixem esse lixo se decompor sozinho.,0,0,0,https://twitter.com/andrefernm/status/1638207490247606274
Tony Pontes,@pontesce,https://twitter.com/pontesce/status/1638281235859472384,2023-03-21T20:47:39.000Z,Esse cara é um idiota. Nem merece atenção.,0,0,2,https://twitter.com/andrefernm/status/1638207490247606274
JBaioco,@baioco_j,https://twitter.com/baioco_j/status/1638326026781573120,2023-03-21T23:45:38.000Z,"Desculpe discordar com você deputado esse vagabundo de barba nunca foi de direita, era um esquerdista comunista infiltrado assim como aquele pessoal do MBL.@andrefernm.
Não se preocupe mais cedo ou mais tarde a CPMI vai ter que sair.
Quanto mais demorar pior para eles",0,0,0,https://twitter.com/andrefernm/status/1638207490247606274
Bernadete Marinho,@BernadeteM57,https://twitter.com/BernadeteM57/status/1638289822795067392,2023-03-21T21:21:46.000Z,Que doença atacou os dois irmãos? Vaca louca?🤔,0,0,0,https://twitter.com/andrefernm/status/1638207490247606274
Selma O R,@Selma1965,https://twitter.com/Selma1965/status/1638234631785816064,2023-03-21T17:42:27.000Z,"Esses weinfrauds são asquerosos , tiveram 5 mil votos e se acham os maiorais .
Nojo de Weintraub ( 2 )",0,0,0,https://twitter.com/andrefernm/status/1638207490247606274
ana_tdr,@lucia_imbernon,https://twitter.com/lucia_imbernon/status/1638314391715053569,2023-03-21T22:59:24.000Z,"O W são feitos do mesmo material que o lula, arrogantes, vaidosos e invejosos",0,0,0,https://twitter.com/andrefernm/status/1638207490247606274
Jotta Ramos SDV Raíz Tweet com ANTÔNIMOS,@JottaRamos2,https://twitter.com/JottaRamos2/status/1638216895521234949,2023-03-21T16:31:59.000Z,Patatismo tentando ressurgir após a vergonha dos 6 mil votos dos irmãos Patati Patatá @ArthurWeint @AbrahamWeint,0,0,0,https://twitter.com/andrefernm/status/1638207490247606274
Wilson Silva,@WilsonSilva38,https://twitter.com/WilsonSilva38/status/1638233048838709248,2023-03-21T17:36:10.000Z,Merd@ é mais limpo que o Boca de Farofa.,0,0,4,https://twitter.com/andrefernm/status/1638207490247606274
Nicole,@nicolemusg,https://twitter.com/nicolemusg/status/1638488819853926402,2023-03-22T10:32:30.000Z,"Wentraub é tão bosta que mente sem vergonha, naquela cara de trouxa dele.",0,0,0,https://twitter.com/andrefernm/status/1638207490247606274
Winston,@1984chegou,https://twitter.com/1984chegou/status/1638322779379445761,2023-03-21T23:32:43.000Z,O patatismo é um mbl de velhos.,0,0,0,https://twitter.com/andrefernm/status/1638207490247606274
Léo Uchôa,@LoUcha74197485,https://twitter.com/LoUcha74197485/status/1638369349785337857,2023-03-22T02:37:47.000Z,"Esse hvagahbundo hcahnalha não tem vergonha na cara, pois ele não passa de um zero a esquerda 🤡🤡🤡",0,0,0,https://twitter.com/andrefernm/status/1638207490247606274
Geo.Com,@GeoConectado50,https://twitter.com/GeoConectado50/status/1638285788377931779,2023-03-21T21:05:44.000Z,"Tu és um Mau Caráter,, um Baba Ovo de Miliciano Corrupto.. porquê teu Apelido é RASPA CU?! é verdade que tu vazia Vídeos Raspando o 👌 Caneco?? Não tem Vergonha na cara seu Idiota?? Tu és uma Vergonha",0,0,1,https://twitter.com/andrefernm/status/1638207490247606274
Mara Bolsonaro,@Mara21Castro,https://twitter.com/Mara21Castro/status/1638216896276209668,2023-03-21T16:31:59.000Z,"Esse aí, cavou a própria cova e se enterrou.",0,1,4,https://twitter.com/andrefernm/status/1638207490247606274
Rodrigo,@rocs83,https://twitter.com/rocs83/status/1638580307036184581,2023-03-22T16:36:03.000Z,Esse waitraumby é doente mental. Quem era esse bosta antes do bolsonaro?,0,0,0,https://twitter.com/andrefernm/status/1638207490247606274
Lucinei Fontoura,@LucineiFontour2,https://twitter.com/LucineiFontour2/status/1638912389465636870,2023-03-23T14:35:37.000Z,"Isso é o quê?????
CPMI jaaáaaaaaaaaaaaaaaaaaasssaaaaaa",0,0,0,https://twitter.com/andrefernm/status/1638207490247606274
Abacatinho verdinho,@Abacatinhoverdi,https://twitter.com/Abacatinhoverdi/status/1638310056201527303,2023-03-21T22:42:10.000Z,"O briefing agora é se apoiar na CPMI? Kkkkkkkkkkkk
Quando o Lula que vcs bostejam a toda hora conseguir barra essa CPMI, vcs falaram oq? Frouxonaristas",0,0,2,https://twitter.com/andrefernm/status/1638207490247606274
@femauriciocruz,@femauriciocruz,https://twitter.com/mauriziocruzz/status/1638245199552946177,2023-03-21T18:24:27.000Z,"Mau caráter é pouco, seres desumanos",0,0,1,https://twitter.com/andrefernm/status/1638207490247606274
NeuLonCan,@nflcancian,https://twitter.com/nflcancian/status/1638329870269775875,2023-03-22T00:00:54.000Z,André deixe esse Sr no ostracismo. É insignificante.,0,0,0,https://twitter.com/andrefernm/status/1638207490247606274
Jumaedorafa (Ju - mãe - do - Rafa),@jumaedorafa,https://twitter.com/jumaedorafa/status/1638327781565112320,2023-03-21T23:52:36.000Z,Mau caratismo de vcs! Lave a boca p falar dos Weintraub!!!,0,1,3,https://twitter.com/andrefernm/status/1638207490247606274
Eduardo Povoa,@profeduardoluis,https://twitter.com/profeduardoluis/status/1638208183729639428,2023-03-21T15:57:22.000Z,Esse ai tem credibilidade zero!!!,0,0,2,https://twitter.com/andrefernm/status/1638207490247606274
ale Livre,@livre_ale,https://twitter.com/livre_ale/status/1638383599824130049,2023-03-22T03:34:24.000Z,"Esse jumento Boca de Farofa do Weintraub é um recalcado e invejoso!!! Queria sr ""Guvernador' de SP arrotando Farofa com bosta!!",0,0,0,https://twitter.com/andrefernm/status/1638207490247606274
Fernando,@Fernand07200754,https://twitter.com/Fernand07200754/status/1638353579202301952,2023-03-22T01:35:07.000Z,"Só temos políticos bolsonaristas bobalhões, lixos. Não agregam em nada, não propõem nada p a população. Povo tem q se Fu..der mesmooo",0,0,0,https://twitter.com/andrefernm/status/1638207490247606274
odraude awasokoy,@MZA1972LHP,https://twitter.com/MZA1972LHP/status/1638349244544454656,2023-03-22T01:17:53.000Z,"Esses irmãos são apenas um nada , o cara perdeu tudo , só ganha xingamentos são os piores trairas  do governo Bolsonaro !!",0,0,0,https://twitter.com/andrefernm/status/1638207490247606274
Erik Silva,@oeriksilva,https://twitter.com/oeriksilva/status/1638353336486199299,2023-03-22T01:34:09.000Z,"Quem é você para atacar os Weintraub? Você sequer pode questionar algo dentro do Bolsonarismo, tem que sempre dizer SIM para o “mito"" e para o um ex-presidiário do mensalão! 

Os Weintraub machucam muito a direita puxa-saca, a direita centrão, a direita limpa c*! 😂😂😂",0,0,1,https://twitter.com/andrefernm/status/1638207490247606274
Raphael Pizziolo,@RaphaelPizziol2,https://twitter.com/RaphaelPizziol2/status/1638242881537208329,2023-03-21T18:15:14.000Z,Raspa cú ahahahah.,0,1,7,https://twitter.com/andrefernm/status/1638207490247606274
Junior,@Junior35429146,https://twitter.com/Junior35429146/status/1638208927153233922,2023-03-21T16:00:19.000Z,@rodrigopacheco vai ler hj? E a@andrefernm que pé tá a #CPMI08dejaneiro?,0,0,0,https://twitter.com/andrefernm/status/1638207490247606274
Dênia תודה לאל,@Denia82679443,https://twitter.com/Denia82679443/status/1638215439711870977,2023-03-21T16:26:12.000Z,Suja é  a esquerda....,0,0,0,https://twitter.com/andrefernm/status/1638207490247606274
Arnaldo L Rodrigues-,@ArnaldoLBR,https://twitter.com/ArnaldoLBR/status/1638219301705359363,2023-03-21T16:41:32.000Z,"Este cara é um rancoroso mau caráter, passa destilando ódio por onde circula. Graças ao presidente não foi preso e hoje inventa absurdos contra o Bolsonaro. Deveria ser processado de tanta loucura que joga ao vento.",0,0,0,https://twitter.com/andrefernm/status/1638207490247606274
Flavio Brito,@FlavioBrito007,https://twitter.com/FlavioBrito007/status/1638258920232742933,2023-03-21T19:18:58.000Z,Esses patetas não tem moral nenhuma cm a direita.,0,0,0,https://twitter.com/andrefernm/status/1638207490247606274
Liah Campese Brasil,@BrasilSpol,https://twitter.com/BrasilSpol/status/1638254808351010833,2023-03-21T19:02:38.000Z,Esse palhaço mau caráter é puro ressentimento. Por isso se destruiu sozinho.,0,0,0,https://twitter.com/andrefernm/status/1638207490247606274
Maria Vita Teodoro,@MariaVitaTeodo,https://twitter.com/MariaVitaTeodo/status/1638208408447852544,2023-03-21T15:58:15.000Z,"Olha o cunservadô raíz, subestimou a inteligência do povo.",0,0,0,https://twitter.com/andrefernm/status/1638207490247606274
DOOFFY,@DUFFYPANI,https://twitter.com/DUFFYPANI/status/1638256187010592768,2023-03-21T19:08:06.000Z,Boquita de farofa traidor da nação,0,0,0,https://twitter.com/andrefernm/status/1638207490247606274
Solange De Paula Carneiro,@Solange84497499,https://twitter.com/Solange84497499/status/1638259220523937835,2023-03-21T19:20:10.000Z,"Esquerdalha mentirosa,cara de pau!!",0,0,0,https://twitter.com/andrefernm/status/1638207490247606274
Guilherme Ongaratto,@guilheon90,https://twitter.com/guilheon90/status/1638238251151507456,2023-03-21T17:56:50.000Z,"Weintraub tem que cair no ostracismo, quanto mais vocês replicarem o infeliz, mais gente que odeia a direita vai seguir.",0,0,0,https://twitter.com/andrefernm/status/1638207490247606274
Fátima Alvarez,@FtimaAl61370212,https://twitter.com/FtimaAl61370212/status/1638272782671794183,2023-03-21T20:14:03.000Z,"O povo está de olho , para verificar onde está a sujeira.?",0,0,0,https://twitter.com/andrefernm/status/1638207490247606274
Xand,@_Alexand_1,https://twitter.com/_Alexand_1/status/1638268336449396736,2023-03-21T19:56:23.000Z,cpi do circo,0,0,0,https://twitter.com/andrefernm/status/1638207490247606274
Sandra Portella,@SandraPortella6,https://twitter.com/SandraPortella6/status/1638276934676226048,2023-03-21T20:30:33.000Z,"Pobre criatura, esse Sr @AbrahamWeint , tenho pena desse Sr.  que só quer chamar atenção. 
Tenho vergonha de um dia tê-lo defendido.",0,0,0,https://twitter.com/andrefernm/status/1638207490247606274
Claudia Barros,@Claudiactbarros,https://twitter.com/Claudiactbarros/status/1638253662894977039,2023-03-21T18:58:05.000Z,"Estamos ansiosos. O que @rodrigopacheco está esperando? Um meteoro? O sol nascer no oeste e se pôr no leste? A próxima passagem do cometa Halley? Que coisa! Membros do @SenadoFederal que assinaram, o que está faltando? Vamos pressionar#QueremosCPMI",0,0,0,https://twitter.com/andrefernm/status/1638207490247606274
Xavante 22,@xavante21,https://twitter.com/xavante21/status/1638241963051741194,2023-03-21T18:11:35.000Z,"Um homem que toma um pé na bunda como o @AbrahamWeint é  mil vezes mais ressentido que qq mulher na mesma situação. 
Jamais supera!!!!",0,0,0,https://twitter.com/andrefernm/status/1638207490247606274
A CORRUPÇÃO VOLTOU.(FEZ O L?/GUENTA! Pobreficado,@Andre2207set,https://twitter.com/Andre2207set/status/1638215544523436035,2023-03-21T16:26:37.000Z,Ele não perdeu? Kkkk,0,0,0,https://twitter.com/andrefernm/status/1638207490247606274
Stella Pertel,@StellaPertel,https://twitter.com/StellaPertel/status/1638239695824990209,2023-03-21T18:02:35.000Z,Mau caratismo mesmo.,0,0,0,https://twitter.com/andrefernm/status/1638207490247606274
Capitão Vanne,@capitao_vanne,https://twitter.com/capitao_vanne/status/1638262678102724617,2023-03-21T19:33:54.000Z,"Esse cara é um vagabundo filho da puta. Bolsonaro estava errado, quando confiou nesse picareta.",0,0,0,https://twitter.com/andrefernm/status/1638207490247606274
𝔽𝕝𝕒𝕧𝕚𝕠 ℝ𝕠𝕔𝕙𝕒 Ⓟ,@F_Rocha_Oficial,https://twitter.com/F_Rocha_Oficial/status/1638623963105337354,2023-03-22T19:29:31.000Z,"Esse merd1nha não canção de passar vergonha, da uma olhada na cutucada q dei nele:",0,0,0,https://twitter.com/andrefernm/status/1638207490247606274
Jão,@JaoRochaDosSan1,https://twitter.com/JaoRochaDosSan1/status/1638315259504017412,2023-03-21T23:02:50.000Z,"Esse aí, o André Guedes, o Nando Moura, o Kim Cataguire e todo o MBL são piores que os esquerdistas.

Na verdade eles são piores que fezes, são pessoas sem caráter, só lhes restou o rancor",0,0,0,https://twitter.com/andrefernm/status/1638207490247606274
Joao Marcelo,@jmlc86_joao,https://twitter.com/jmlc86_joao/status/1638360723813179394,2023-03-22T02:03:30.000Z,Esquece esse defunto político,0,0,0,https://twitter.com/andrefernm/status/1638207490247606274
Joandson Meneses,@JoandsonMeneses,https://twitter.com/JoandsonMeneses/status/1638244640754204672,2023-03-21T18:22:14.000Z,"Esse cara nem direita é, um maluco que perdeu credibilidade em todas as instância da direita, até entre os conservadores. Lata do lixo da história já uma realidade para ele.",0,0,0,https://twitter.com/andrefernm/status/1638207490247606274
contra-manada,@rone_sbo,https://twitter.com/rone_sbo/status/1638222573614800906,2023-03-21T16:54:32.000Z,Pare de dar atenção para essa múmia ninguém lembrava mais dele,0,0,0,https://twitter.com/andrefernm/status/1638207490247606274
Thiagoroqueiro Conservador B35,@thiagoroqueiro,https://twitter.com/thiagoroqueiro/status/1638403648479809536,2023-03-22T04:54:04.000Z,"O cara depilou o toba com ferro em brasa... Ta com o maior fogo na bunda...
Pqp.",0,0,0,https://twitter.com/andrefernm/status/1638207490247606274
Coração de Lata,@marciatere05,https://twitter.com/marciatere05/status/1638297499126439936,2023-03-21T21:52:16.000Z,"Ele está pior que mulher tr@ida, ele é insignificante.",0,0,0,https://twitter.com/andrefernm/status/1638207490247606274
Eu_jorocha,@EJorocha,https://twitter.com/EJorocha/status/1638210433558388737,2023-03-21T16:06:18.000Z,isso Burrisse mesmo ele n deve saber que estão falando CPI da Trambike.,0,0,0,https://twitter.com/andrefernm/status/1638207490247606274
,@Horle5,https://twitter.com/Horle5/status/1638283516478738434,2023-03-21T20:56:42.000Z,"Esse nunca foi da direita. É um oportunista e mau caráter, nem vale a menção.",0,0,0,https://twitter.com/andrefernm/status/1638207490247606274
Pegasus,@Pegasus99700037,https://twitter.com/Pegasus99700037/status/1638341736538726405,2023-03-22T00:48:03.000Z,É você é a suposta direita sujinha? Entre o limpo e o sujo acredito que as pessoas sensatas escolherão a limpinha. Ou  ice quis dizer que a direita sujinha passa aquela que lambe as bolas do Frouxo? Vai trabalhar IMBECIL,0,0,0,https://twitter.com/andrefernm/status/1638207490247606274
TODO MAL EMANA DO STF,@Pane_Tone77,https://twitter.com/Pane_Tone77/status/1638207868498239489,2023-03-21T15:56:06.000Z,"STF TEM DE SER EXTINTO !!!

Forjaram um golpe de estado para justificar o inquerito ilegal do fim do mundo.

STF tribunal de Hitler !",0,0,0,https://twitter.com/andrefernm/status/1638207490247606274
PAU NOS RATOS!,@paunosratos,https://twitter.com/paunosratos/status/1638328313990066179,2023-03-21T23:54:43.000Z,Ótimo trabalho!!!!!,0,0,1,https://twitter.com/andrefernm/status/1638207490247606274
Edson Jose,@EdsonJo52297475,https://twitter.com/EdsonJo52297475/status/1638210989651812352,2023-03-21T16:08:31.000Z,"Hoje em São Paulo
Agora ferrou tudo uma melancia por apenas 59,99 🫣🫣🫣🫣🫣Mamão tamanho de uma laranja 7,00 reais 😭😭😭Vamos fazer o L",0,0,0,https://twitter.com/andrefernm/status/1638207490247606274
Jefferson Francisco,@JENEGRO,https://twitter.com/JENEGRO/status/1638208408393244674,2023-03-21T15:58:15.000Z,"Desafio aos eleitores derrotados
Pq os senadores Bolsonaristas não assinaram a CPI??.",0,0,1,https://twitter.com/andrefernm/status/1638207490247606274
Zorro,@zorrogs62,https://twitter.com/zorrogs62/status/1638241415493742615,2023-03-21T18:09:25.000Z,"Bosta💩naro espera passagem de 200 reais pra voltar ao Brasil! @sensacionalista!
Avisa que não inclui transporte de animais e nem JÓIAS!",0,0,1,https://twitter.com/andrefernm/status/1638207490247606274
Jogar dentro das quatro linhas da Const Fed Br 88,@LRobertoLeitao,https://twitter.com/LRobertoLeitao/status/1638445925520531457,2023-03-22T07:42:04.000Z,"Ao @SenadoFederal @camaradeputadosA #CPMI08deJaneiroJá, é um Instrumento Legal e Institucional.
Nós #OPOVOBRASILEIRO #CLAMANDOPELAVERDADE que é um Dever Cívico e Moral em Defesa da #ConstituiçãoFederalBrasileira #NaLutaPelaNossaLIBERDADE. VAMOS TODOS #JogarDentroDasQuatroLinhas!",0,0,0,https://twitter.com/andrefernm/status/1638207490247606274
Cloves bit.ly/brasilcristao,@cloves_rods,https://twitter.com/cloves_rods/status/1638284971402993664,2023-03-21T21:02:29.000Z,"CARA FAMILIA WEITRAUB DO TWITTER SAO MARIGUELAS

ELES LEVARAM O POVO DO QUEBRA QUEBRA NO DIA 8

ENGANAM TODOS, SAO CRACOLANDIA DO TWITER 

ACORDEM, DEIXEM DE SER INOCENTES",0,0,0,https://twitter.com/andrefernm/status/1638207490247606274
UNIÃO BRASIL,@notditatura,https://twitter.com/notditatura/status/1638295249045921792,2023-03-21T21:43:20.000Z,Meu amigo corra faça acontecer,0,0,0,https://twitter.com/andrefernm/status/1638207490247606274
#MudançasNosRegimentosDoCongresso,@CCConservador,https://twitter.com/CCConservador/status/1638233645096771600,2023-03-21T17:38:32.000Z,Precisamos de sua ajuda - ajude!! Abaixo assinado para que Rodrigo Pacheco instaure a CPMI do 8 de janeiro https://change.org/p/pela-instala%C3%A7%C3%A3o-da-cpmi-do-8-de-janeiro-no-congresso-nacional…  #CPMI08dejaneiro #cpmi08dejaneiro2023 #CPMIdo08deJaneiro,0,0,2,https://twitter.com/andrefernm/status/1638207490247606274
José Gomes,@JoseRibamarGF,https://twitter.com/JoseRibamarGF/status/1638481004330377217,2023-03-22T10:01:27.000Z,"Os Fascistas Bolsonaristas (EXTREMA DIREITA RAIVOSA), insistem em suas FAKE NEWS (MENTIRAS), mais a População agora está vacinada ou menos propensa a EMBARCAR nessas CANOAS FURADAS.",0,0,0,https://twitter.com/andrefernm/status/1638207490247606274
Oslec Filho,@FilhoOslec,https://twitter.com/FilhoOslec/status/1638249109478862860,2023-03-21T18:39:59.000Z,"Não demora vão ser chamados de  Irmãos     pediculoses-pubianas, vulgo chatos-no-saco.",0,0,0,https://twitter.com/andrefernm/status/1638207490247606274
