nome,usuario,idTweet,dataPublicacao,texto,replies,retweets,likes,tweetPai
Mordomia_SC,@MORDOMIA_SC,https://twitter.com/MORDOMIA_SC/status/1638239918970339329,2023-03-21T18:03:28.000Z,"Deputada, VC TEM QUE SER CLARA, o Lula convidou mais de 50 empresários ligados ao agro, deveria deixar de fora quem?? só a dupla de pilantras da JBS? ou incrementar nossas exportações, DEVE ser segundo plano? E quem ja foi investigado e/ou preso, deve ser carta fora do baralho?",1,1,0,https://twitter.com/adriventurasp/status/1638235108481048586
Mordomia_SC,@MORDOMIA_SC,https://twitter.com/MORDOMIA_SC/status/1638240588809007104,2023-03-21T18:06:08.000Z,"E o que vc disse quando via o Hang, junto com o Bolsonaro em viagens? sabia que ele já foi condenado no mesmo tribunal (TRF-4) que o Lula? Ou para os do Novo, essas ""coisinhas"" SÓ VALEM se for do PT?.. aproveita, e diz se vc tb é a favor da EXTINÇÃO do MPT, como o Marcel.",0,0,0,https://twitter.com/adriventurasp/status/1638235108481048586
carlos morales,@carloshmorales,https://twitter.com/carloshmorales/status/1638274492282679296,2023-03-21T20:20:51.000Z,Faz Wesley,0,0,0,https://twitter.com/adriventurasp/status/1638235108481048586
Amigos Da Lava Jato,@AmigosJato,https://twitter.com/AmigosJato/status/1638965564730142727,2023-03-23T18:06:55.000Z,Foram investigados e condenados!!!@LulaOficial,0,0,0,https://twitter.com/adriventurasp/status/1638235108481048586
Markus,@ubagunda,https://twitter.com/ubagunda/status/1638265956744015872,2023-03-21T19:46:56.000Z,Institucional,0,0,0,https://twitter.com/adriventurasp/status/1638235108481048586
Cleuza B. Baptista Silva,@beatrizcleuza1,https://twitter.com/beatrizcleuza1/status/1638265549057662977,2023-03-21T19:45:19.000Z,A ORCRIM vai à China.,0,0,0,https://twitter.com/adriventurasp/status/1638235108481048586
Armando Melo armando,@vomandao,https://twitter.com/vomandao/status/1638578505964191744,2023-03-22T16:28:53.000Z,"É são os "" parças"" reunidos novamente e liderados por Lula.",0,0,0,https://twitter.com/adriventurasp/status/1638235108481048586
tadeu de souza,@tsouza45,https://twitter.com/tsouza45/status/1638590103919501313,2023-03-22T17:14:58.000Z,Somente condenados aguardando decisões das n instancias,0,0,0,https://twitter.com/adriventurasp/status/1638235108481048586
Claumari.,@Claud565637,https://twitter.com/Claud565637/status/1638237995407929368,2023-03-21T17:55:49.000Z,"Tem razão  deputada esse país é uma vergonha.
Sai de uma desgraça de um genocida, gatuno,envolvido com rachadinhas, com tal de Queiroz para  politicos envolvidos em corrupção. 
Quando vamos ter políticos que preste.",0,0,0,https://twitter.com/adriventurasp/status/1638235108481048586
luiz Carlos Silvestre,@luizCar35229093,https://twitter.com/luizCar35229093/status/1638375718462668800,2023-03-22T03:03:05.000Z,$$$$$$$$$$$$$$$$$$$,0,0,0,https://twitter.com/adriventurasp/status/1638235108481048586
Sonia Santos,@Sonia_Pers1,https://twitter.com/Sonia_Pers1/status/1638305672700874759,2023-03-21T22:24:45.000Z,https://estadao.com.br/politica/joesley-e-wesley-batista-delatores-da-jf-entram-na-comitiva-do-agronegocio-do-brasil-a-china/…JOESLEY ESTÁ NA COMITIVA PARA CAPTAR ÁUDIOS ENTRE LULA E HADDAD kkkkkkkkk🤣🤣😂ISTO É SUCO BRASIL @LulaOficial @ptbrasil @nytimes @GloboNews @CNNBrasil @FMouraBrasil @Josiasdesouz @UOL @DoraKramer,0,0,0,https://twitter.com/adriventurasp/status/1638235108481048586
