nome,usuario,idTweet,dataPublicacao,texto,replies,retweets,likes,tweetPai
Teresinha,@Teresin53806529,https://twitter.com/Teresin53806529/status/1638615574841376769,2023-03-22T18:56:11.000Z,Exatamente !,0,0,2,https://twitter.com/BohnGass/status/1638614196764942346
Chico Camargo,@chicocraze,https://twitter.com/chicocraze/status/1638630447797157888,2023-03-22T19:55:17.000Z,"A mídias se faz representar pelos papagaios de piratas. O mercado é  o Pirata. Pirata não tem pátria é o delapilador do lugar que ocupa, cultua as grandes nações que os patrocinam e não têm cultura. Se quiser chamar de mercado ok, mas são Piratas mesmo!",0,0,1,https://twitter.com/BohnGass/status/1638614196764942346
Frederico de Oliveira,@fafo1975,https://twitter.com/fafo1975/status/1638644061677518851,2023-03-22T20:49:23.000Z,"Não, são mercadeiros, porque carregam o ditado do mercado a todo canto onde houver um microfone",0,0,1,https://twitter.com/BohnGass/status/1638614196764942346
Sandro Múcio,@SandroMucio,https://twitter.com/SandroMucio/status/1638685202460430337,2023-03-22T23:32:52.000Z,O nome correto é canalha.,0,0,1,https://twitter.com/BohnGass/status/1638614196764942346
Francisco Lima,@TchescoLima,https://twitter.com/TchescoLima/status/1638614680363999249,2023-03-22T18:52:38.000Z,Com toda certeza. São mercadistas dos mercadores  burgueses dos tempos modernos.,0,0,2,https://twitter.com/BohnGass/status/1638614196764942346
