nome,usuario,idTweet,dataPublicacao,texto,replies,retweets,likes,tweetPai
André Fernandes,@andrefernm,https://twitter.com/andrefernm/status/1638211071663120386,2023-03-21T16:08:50.000Z,E pra completar: o discurso não foi transfóbico.,17,107,1.406,https://twitter.com/andrefernm/status/1638210660122099713
Júlia Zanatta,@apropriajulia,https://twitter.com/apropriajulia/status/1638217729567076352,2023-03-21T16:35:17.000Z,KKKKK muito boa,1,4,110,https://twitter.com/andrefernm/status/1638210660122099713
Um Bruxo,@brushoXPTO,https://twitter.com/brushoXPTO/status/1638305679239786497,2023-03-21T22:24:46.000Z,"A ação desta tal deputada só demonstra o óbvio: o quanto a Esquerda escatológica depende do apadrinhamento político e atalhos, ao invés de sentar a bunda e estudar o devido processo e rito do que é certo.",0,0,0,https://twitter.com/andrefernm/status/1638210660122099713
Mauricio Souza,@Dumexpro,https://twitter.com/Dumexpro/status/1638211730420449283,2023-03-21T16:11:27.000Z,A muito se sabe que o STF é um puxadinho dos partidos de esquerda.,1,0,6,https://twitter.com/andrefernm/status/1638210660122099713
Gabriel Saraiva,@gabriel39670876,https://twitter.com/gabriel39670876/status/1638234142469922823,2023-03-21T17:40:31.000Z,"é que nem o filho que briga no colégio e toma uma surra, ai vem correndo para seus ""amiguinhos"" pedindo ajuda, mas quem é o responsáveis ""LEGAIS"" são seus País!",0,0,0,https://twitter.com/andrefernm/status/1638210660122099713
Bel Rodrigues,@Bellrjunior,https://twitter.com/Bellrjunior/status/1638227764900667416,2023-03-21T17:15:10.000Z,O pior erro nessa história é pedir para censurar um deputado que deveria estar protegido pelo artigo 53 da Constituição.,1,7,107,https://twitter.com/andrefernm/status/1638210660122099713
Mouro gajo,@GajoMouro,https://twitter.com/GajoMouro/status/1638838464605978627,2023-03-23T09:41:52.000Z,"E ele enviou para a PGR,q o local devido,mas não fazia isso,ele mesmo decidia e sempre contra a direita, o q mudou, ele não, foi a política,há agora outros interesses em jogo.",0,0,0,https://twitter.com/andrefernm/status/1638210660122099713
NEY@GOMES,NEY@GOMES,https://twitter.com/NEYGOME13366332/status/1638219160940363781,2023-03-21T16:40:59.000Z,A Suprema corte do crime organizado vai atender o pedido dos seus clientes VIPs,0,0,0,https://twitter.com/andrefernm/status/1638210660122099713
Lord Bolsonaro,@LordBolsonaro,https://twitter.com/LordBolsonaro/status/1638223720681447434,2023-03-21T16:59:06.000Z,"Eles estão disfarçando, pq antes, várias vezes, o tal Moraes bloqueou insconstitucionalmente as redes de @nikolas_dm sem uso da PGR... Agora ele tá fazendo o certo? Não me engana essa pose não...",0,6,65,https://twitter.com/andrefernm/status/1638210660122099713
Mauro Bassi,@DrDrmaurobassi,https://twitter.com/DrDrmaurobassi/status/1638281382165184512,2023-03-21T20:48:13.000Z,"Na verdade, os partidecos de ultra/extrema esquerda estão usando o stf como cartório de mera homologação dos pleitos.",0,1,3,https://twitter.com/andrefernm/status/1638210660122099713
Chadia A. Ahmad,@ManhaBella,https://twitter.com/ManhaBella/status/1638214558857699328,2023-03-21T16:22:42.000Z,"PSOL, PT, PDT se acostumaram a ir direto ao STF, e sempre foi acatado. Espero que seja distribuído para o Fux....ele não vê problema em usar peruca.😂",1,1,34,https://twitter.com/andrefernm/status/1638210660122099713
Helena,@helena_xav,https://twitter.com/helena_xav/status/1638225938767814676,2023-03-21T17:07:55.000Z,"Se o STF não fosse um mero puxadinho do PT, sequer receberia esses pedidos descabidos, feitos pela esquerda. É inacreditável a parcialidade dessa “corte”. 0 advogado do larapio manejou mais de 400 recursos em sua defesa. O dep Daniel Silveira foi limitado para apresentar recurso.",0,0,2,https://twitter.com/andrefernm/status/1638210660122099713
Fabiana,@NascimentoBibi,https://twitter.com/NascimentoBibi/status/1638228442272374788,2023-03-21T17:17:52.000Z,"Muita distração enquanto esperamos ansiosamente pela CPMi do 08 de janeiro de 23, que estão esperando? Exigimos a soltura dos presos políticos e do cacique Tsereré!",1,1,10,https://twitter.com/andrefernm/status/1638210660122099713
Obsessão por democracia,@abr26944522,https://twitter.com/abr26944522/status/1638225804222930950,2023-03-21T17:07:23.000Z,E ??,0,0,0,https://twitter.com/andrefernm/status/1638210660122099713
Andrea JB presidente,@deaviddl,https://twitter.com/deaviddl/status/1638293833221025793,2023-03-21T21:37:42.000Z,Parece até o advogado deles...,0,0,0,https://twitter.com/andrefernm/status/1638210660122099713
Gi Nunes,@patriotadolar,https://twitter.com/patriotadolar/status/1638214710687309831,2023-03-21T16:23:18.000Z,"Ela se sentiu um Randolfe Rodrigues, foi bater na porta do Xerxes, deu pra notar a insignificância da ser? Tantos foram usados como massa de manobra, e agora ficam pra escanteio! Mas o ""sinistro"" agiu certo enviando o pedido a PGR. E E NÃO HOUVE NADA DE TRANSFÓFICO!",1,2,23,https://twitter.com/andrefernm/status/1638210660122099713
Wagner,@WagnerLja,https://twitter.com/WagnerLja/status/1638232988616892416,2023-03-21T17:35:56.000Z,"Se fosse a alguns dias atrás, ele não pediria a opinião da PGR, o que mudou?
Existiu alguma mudança na lei neste período, voltou-se a cumprir a lei ou antes não se cumpria a lei e agora está???",1,1,6,https://twitter.com/andrefernm/status/1638210660122099713
luiz henrique,@LuizAsgarf,https://twitter.com/LuizAsgarf/status/1638223610262200328,2023-03-21T16:58:40.000Z,Ele deveria não conhecer o pedido de suspensão e não corrigir o erro da deputada. Se fosse com o Sr ele agiria da mesma forma?,0,0,0,https://twitter.com/andrefernm/status/1638210660122099713
Rose.,@rosiar10,https://twitter.com/rosiar10/status/1638353480912961536,2023-03-22T01:34:43.000Z,"Eles sabem que o pedido deve ser feito a PGR, mas, enviam para o STF, pra ver atropelando a lei.",0,0,0,https://twitter.com/andrefernm/status/1638210660122099713
Terra Redonda,@michaelpavoni2,https://twitter.com/michaelpavoni2/status/1638307247917789188,2023-03-21T22:31:00.000Z,Importante ele não ter rede . O Brasil merece maus momentos melhores !,0,0,0,https://twitter.com/andrefernm/status/1638210660122099713
Dark Angel,@BuscarinKaryna,https://twitter.com/BuscarinKaryna/status/1638264560002949121,2023-03-21T19:41:23.000Z,"Mas se fosse o saltitante, xands já dava cabnetada🫢",0,2,3,https://twitter.com/andrefernm/status/1638210660122099713
The Mechanic,@TheMechanic_22,https://twitter.com/TheMechanic_22/status/1638530423872536576,2023-03-22T13:17:50.000Z,"Mais escancarado impossível! Os ""iluminados"" nem escondem mais para quem estão trabalhando. E os manés bancando a farra, sem sequer poder criticar. A tal ""democracia bolivariana"" e o ""estrago democrático de direito"". 🤷🏻‍♂️",0,0,0,https://twitter.com/andrefernm/status/1638210660122099713
Training_Fabin,@Fabinmrky,https://twitter.com/Fabinmrky/status/1638256118618112001,2023-03-21T19:07:50.000Z,"Sério ! Ele não fazia a mesma coisa, sem nada de PGR.",0,0,1,https://twitter.com/andrefernm/status/1638210660122099713
Clapton SRN,@JCK_22,https://twitter.com/JCK_22/status/1638243650692841472,2023-03-21T18:18:18.000Z,Randolfe discorda dessa forma.,0,0,2,https://twitter.com/andrefernm/status/1638210660122099713
Charles Maximiliano,@CharlesMaximil6,https://twitter.com/CharlesMaximil6/status/1638222224380293120,2023-03-21T16:53:09.000Z,Me lembrou q o procurador até pouco tempo era o Randoufe. Olha só como essa CPMI assustou esses canalhas!!!,1,2,27,https://twitter.com/andrefernm/status/1638210660122099713
Geraldo Rodrigues,@GERALDO04339407,https://twitter.com/GERALDO04339407/status/1638644348870070272,2023-03-22T20:50:31.000Z,"É porque aprenderam com o procurador geral da esquerda, g. Saltitante 😀😀😀😀",0,0,0,https://twitter.com/andrefernm/status/1638210660122099713
ilis naize brasil,@ilis21970898,https://twitter.com/ilis21970898/status/1638743931021058051,2023-03-23T03:26:14.000Z,"O ministro não teria que devolver ao deputadona mesma hora, já que era errado e assim o deputado mandar pra PGR? É uma bagunça esse país.",0,0,0,https://twitter.com/andrefernm/status/1638210660122099713
Bruno,@B_Nino_,https://twitter.com/B_Nino_/status/1638211512861962243,2023-03-21T16:10:35.000Z,Era exatamente isso que o Alexandre de Moraes deveria ter feito desde o começo... encaminhar para a PGR.,1,9,138,https://twitter.com/andrefernm/status/1638210660122099713
#MudançasNosRegimentosDoCongresso,@CCConservador,https://twitter.com/CCConservador/status/1638233318465347604,2023-03-21T17:37:14.000Z,https://pt.wikipedia.org/wiki/Lawfare novo tipo de guerra. Quem não usa essas armas perde essa guerra. Depois não adianta ficar triste . O jogo mudou!,0,0,1,https://twitter.com/andrefernm/status/1638210660122099713
Paulo Cesar Jacomo,@JacomoCesar,https://twitter.com/JacomoCesar/status/1638231961993879581,2023-03-21T17:31:51.000Z,"Isso tem método, eles sabem que indo direto ao STF, a vitória é quase certa.",0,1,3,https://twitter.com/andrefernm/status/1638210660122099713
@RAÍEstranho na sociedade,@RAÍ,https://twitter.com/raicompositor/status/1638237623058591749,2023-03-21T17:54:20.000Z,"É notório q a esquerda tem um pacto ou algo do tipo com esse ministro do STF, como q algo q deveria passar por um órgão responsável, eles vão logo a esse ilustríssimo careca‽ É uma falta de vergonha na cara sem fim.",0,0,0,https://twitter.com/andrefernm/status/1638210660122099713
de volta ao o passado saudades,@VoltaPassado,https://twitter.com/VoltaPassado/status/1638451514107740160,2023-03-22T08:04:16.000Z,A suprema corte do país virou puxadinho da esquerda.,0,0,0,https://twitter.com/andrefernm/status/1638210660122099713
Ismeralda Rocha,@IsmeraldaRocha,https://twitter.com/IsmeraldaRocha/status/1638296216369856514,2023-03-21T21:47:10.000Z,O pedido dela tbem está errado.Pedindo pra censurar um deputado Federal que manifestou seu pensamento na tribuna do congresso,0,0,0,https://twitter.com/andrefernm/status/1638210660122099713
#MudançasNosRegimentosDoCongresso,@CCConservador,https://twitter.com/CCConservador/status/1638233248286269441,2023-03-21T17:36:57.000Z,Muito boas essa explicações! Obrigado!,0,0,0,https://twitter.com/andrefernm/status/1638210660122099713
#MudançasNosRegimentosDoCongresso,@CCConservador,https://twitter.com/CCConservador/status/1638233277528940561,2023-03-21T17:37:04.000Z,#Cpmide08dejaneiroJá  #cpmi08dejaneiro2023 #cpmi08janeiro2023,0,0,0,https://twitter.com/andrefernm/status/1638210660122099713
Luis Borges,@Luisborges2849,https://twitter.com/Luisborges2849/status/1638329045615034369,2023-03-21T23:57:37.000Z,"O que está acontecendo com AM. Antes bloqueava direto, agora manda para PGR?",0,0,0,https://twitter.com/andrefernm/status/1638210660122099713
Rosangela Oliveira,@rosangelacvo,https://twitter.com/rosangelacvo/status/1639340316112060441,2023-03-24T18:56:03.000Z,Ué mudaram as regras e esqueceram de avisar o pisool... Kkkkkkkkk,0,0,0,https://twitter.com/andrefernm/status/1638210660122099713
Uelton,@Uelton33812340,https://twitter.com/Uelton33812340/status/1638210913269366785,2023-03-21T16:08:12.000Z,Complicado,0,0,0,https://twitter.com/andrefernm/status/1638210660122099713
Rufus_CRF,@rufus_crf,https://twitter.com/rufus_crf/status/1638222239144222737,2023-03-21T16:53:13.000Z,é porque eles mandam no stf entao pra eles é só descarregar la,0,0,1,https://twitter.com/andrefernm/status/1638210660122099713
José Filho,@RibamarFilho13,https://twitter.com/RibamarFilho13/status/1638220591613321216,2023-03-21T16:46:40.000Z,"Nas eleições até funcionou indo direto pro STF, mas agora não é mais assim... Antes o propósito era só retirar Bolsonaristas. Agora o PSOL que se vire para manter o desgoverno pq os Globalistas está só esperando a hora pra agir",0,2,7,https://twitter.com/andrefernm/status/1638210660122099713
"Setreali, De Vril",@Setrealidevril,https://twitter.com/Setrealidevril/status/1638871519903318018,2023-03-23T11:53:13.000Z,São muitos afoitos kkkk,0,0,1,https://twitter.com/andrefernm/status/1638210660122099713
"Liberdade, volta?",@VoltaLiberdade,https://twitter.com/VoltaLiberdade/status/1638261795306590216,2023-03-21T19:30:24.000Z,"Será que Morás vai atender o pedido? Depois da confirmação das assinaturas da CPMI, Morás está diferente,até soltou presos inocentes, devolveu monetização de canais da direita, devolveu perfis do pessoal da direita, arquivou processos contra a direita. Eita CPMI que faz milagres.",4,2,13,https://twitter.com/andrefernm/status/1638210660122099713
Mônica Neves,@monicafneves13,https://twitter.com/monicafneves13/status/1638215939022790659,2023-03-21T16:28:11.000Z,"Tira casaco, bota casaco, tira casaco bota casaco kkk",0,0,4,https://twitter.com/andrefernm/status/1638210660122099713
RoseSouza,@RoseSouzaII,https://twitter.com/RoseSouzaII/status/1638213914784571405,2023-03-21T16:20:08.000Z,"Se acostumaram a recorrer no escritório de advocacia, esqueceram que lá é só para garantir alvará para corrupção 🤣",0,1,1,https://twitter.com/andrefernm/status/1638210660122099713
Renato,@renato13fogao,https://twitter.com/renato13fogao/status/1638212459562516481,2023-03-21T16:14:21.000Z,Estavam acostumados a dobradinha...,0,0,3,https://twitter.com/andrefernm/status/1638210660122099713
Ricardo N,@RGN316,https://twitter.com/RGN316/status/1638218761420283904,2023-03-21T16:39:24.000Z,"Para STF e PSOL, atual PGR é o Randolfe...",0,0,2,https://twitter.com/andrefernm/status/1638210660122099713
Dirce Oliveira,@dloliveira1830,https://twitter.com/dloliveira1830/status/1638524139207274496,2023-03-22T12:52:51.000Z,Ouvir a população sobre estas agendas imundas ninguém quer!,0,0,0,https://twitter.com/andrefernm/status/1638210660122099713
Volneylima,@Volneylimavcl,https://twitter.com/Volneylimavcl/status/1638603690771709952,2023-03-22T18:08:58.000Z,O TWITTER e o TELEGRAM vão dar ouvidos ?,0,0,1,https://twitter.com/andrefernm/status/1638210660122099713
ASQR,@Aninha25052632,https://twitter.com/Aninha25052632/status/1638277435409027089,2023-03-21T20:32:32.000Z,O cão agora segue as regras???,0,0,1,https://twitter.com/andrefernm/status/1638210660122099713
Mariazinha,@luiza_rover,https://twitter.com/luiza_rover/status/1638214363059200008,2023-03-21T16:21:55.000Z,#CPMIdo08dejaneiroAGORA,0,1,3,https://twitter.com/andrefernm/status/1638210660122099713
Ricardo Ribeiro,@ricardoramosri9,https://twitter.com/ricardoramosri9/status/1638319041491136513,2023-03-21T23:17:52.000Z,Será que teremos 20minutos a respeito da entrevista de Lula hoje na globonews em pauta?,0,0,0,https://twitter.com/andrefernm/status/1638210660122099713
Arthur Filho,@arthurlf,https://twitter.com/arthurlf/status/1638233393702879232,2023-03-21T17:37:32.000Z,"Então e portanto tem que fazer como foi feito com o lula, errou o cep acaba o processo.",0,0,0,https://twitter.com/andrefernm/status/1638210660122099713
Carlaadriana 88,@Carlaadri22,https://twitter.com/Carlaadri22/status/1638234161033912328,2023-03-21T17:40:35.000Z,"É querido,  mas Xande quando quer o PGR ñ existe.",0,0,0,https://twitter.com/andrefernm/status/1638210660122099713
Carlos,@Carlos14051518,https://twitter.com/Carlos14051518/status/1638483820331532288,2023-03-22T10:12:38.000Z,"Sua correção ainda está errada e incompleta, faltou o nome da deputada.",0,0,0,https://twitter.com/andrefernm/status/1638210660122099713
Conceição Lage,@ConceioLage3,https://twitter.com/ConceioLage3/status/1638239781522927622,2023-03-21T18:02:55.000Z,Que vergonha tanta coisa séria acontecendo e esse povo preocupado com rede social... é o fim...,0,0,0,https://twitter.com/andrefernm/status/1638210660122099713
FazuÉLI CPMI Já,@AndreEmPaz,https://twitter.com/AndreEmPaz/status/1638252297154097172,2023-03-21T18:52:39.000Z,Jornalista é biscoiteiro.,0,0,0,https://twitter.com/andrefernm/status/1638210660122099713
Emanuel de Oliveira,@SEmaOliveira,https://twitter.com/SEmaOliveira/status/1638532794832896000,2023-03-22T13:27:15.000Z,Deputada incopetente querendo narrativa!!!,0,0,0,https://twitter.com/andrefernm/status/1638210660122099713
Cassia SOUZA,@RitaDeC26792874,https://twitter.com/RitaDeC26792874/status/1638527005124710405,2023-03-22T13:04:15.000Z,Se calarem o Nicolas td mundo vai continuar falando por ele,0,0,0,https://twitter.com/andrefernm/status/1638210660122099713
Ronnald,@Rondgm,https://twitter.com/Rondgm/status/1638220884082147328,2023-03-21T16:47:50.000Z,"Mas é impressão minha ou o xandão não quis tirar logo de cara, em outros tempo bastasse qualquer ze ruela pedir ele atendia",0,0,1,https://twitter.com/andrefernm/status/1638210660122099713
"Pronto, falamos!",@biacristalina,https://twitter.com/biacristalina/status/1638954846689853441,2023-03-23T17:24:20.000Z,"Penso não ser papel de Ministro encaminhar pedido de ninguém a lugar nenhum, afinal, não se trata de conflito de competência entre juízes, mas de endereçamento da ação. O Ministro deveria indeferir a petição inicial e extinguir o processo sem resolução de mérito. Fim.",0,0,0,https://twitter.com/andrefernm/status/1638210660122099713
avante brasil,@avanteBrasil45,https://twitter.com/avanteBrasil45/status/1638239528853831681,2023-03-21T18:01:55.000Z,"Ue falar a verdade é crime agora. Estão mudando a história. Se é assim estou ultrapassado quem descobriu o Brasil atualmente, foi Lula",0,3,14,https://twitter.com/andrefernm/status/1638210660122099713
Maria Fatima Braga,@mfbl19,https://twitter.com/mfbl19/status/1638355952834420736,2023-03-22T01:44:32.000Z,"É o gazela saltitante anda sumido, aquele senador DPVAT. E vamos Nikolasnizar o Brasil. Por muitos Nikolas Ferreira no nosso país.",0,1,2,https://twitter.com/andrefernm/status/1638210660122099713
Joelcio ( A Lenda! ),@joelcioliveira,https://twitter.com/joelcioliveira/status/1638253815605362688,2023-03-21T18:58:41.000Z,"""Eu já me senti preso dentro de um corpo de mulher...              Depois eu nasci""",0,1,7,https://twitter.com/andrefernm/status/1638210660122099713
Sede Vacante,@alexandrefatec,https://twitter.com/alexandrefatec/status/1638232892504416298,2023-03-21T17:35:33.000Z,"Enviou ao PGR pois não interessou ao ser supremo.
Se a divindade quisesse já teria tirado do ar, multado e o PGR nem iria ficar sabendo.",0,0,4,https://twitter.com/andrefernm/status/1638210660122099713
Pedro Guimaraes,@parapedro1962,https://twitter.com/parapedro1962/status/1638512747569618944,2023-03-22T12:07:35.000Z,Chupa que é de uva,0,0,0,https://twitter.com/andrefernm/status/1638210660122099713
Inad,@Daniele65288687,https://twitter.com/Daniele65288687/status/1638224241526034433,2023-03-21T17:01:10.000Z,Agora ele está seguindo o rito correto?! 🤔,0,1,1,https://twitter.com/andrefernm/status/1638210660122099713
Veja os fatos e desmascarem as falácias .,@emerson111673,https://twitter.com/emerson111673/status/1638528233531404292,2023-03-22T13:09:07.000Z,"Alexandre de Moraes tá servindo a esquerda de bandeja. É bom ter um dossiê sobre quantas vezes membros do PSOL e Randolfe Rodrigues foram até Moraes e foram atendidos, tragam isso para as redes sociais e falem no congresso nacional",0,0,2,https://twitter.com/andrefernm/status/1638210660122099713
André,@Andr79919539,https://twitter.com/Andr79919539/status/1638221363830743047,2023-03-21T16:49:44.000Z,E o costume de correr pro stf,0,0,1,https://twitter.com/andrefernm/status/1638210660122099713
joao Batista Raupp,@joao231101,https://twitter.com/joao231101/status/1638703317025947649,2023-03-23T00:44:51.000Z,Devia não reconhecer e mandar arquivar o pedido. Ponto,0,0,0,https://twitter.com/andrefernm/status/1638210660122099713
Marcelo de Carvalho,@Carv16De,https://twitter.com/Carv16De/status/1638254237011308553,2023-03-21T19:00:22.000Z,E desde quando os membros desse partidinho se importam em fazer a coisa certa. Pau que nasce torto morre torto.,0,1,3,https://twitter.com/andrefernm/status/1638210660122099713
Alê_Feijo,@Alexandr_FC,https://twitter.com/Alexandr_FC/status/1638479537242603520,2023-03-22T09:55:37.000Z,"Sempre esse ""ser"" nos conflitos políticos do País, até quando?😡😡😡😡",0,0,0,https://twitter.com/andrefernm/status/1638210660122099713
mgpereira,@mgpereira3,https://twitter.com/mgpereira3/status/1638266573856157696,2023-03-21T19:49:23.000Z,Esse é o jornalismo no Brasil!!!,0,0,0,https://twitter.com/andrefernm/status/1638210660122099713
Jakeline Fátima,@Jakeline1970,https://twitter.com/Jakeline1970/status/1638373340040527874,2023-03-22T02:53:38.000Z,Repúdio a fala desta deputada . Não se sente ou não é  mulher?,0,0,0,https://twitter.com/andrefernm/status/1638210660122099713
Clarissa Zanchet Fagan,@FaganClarissa,https://twitter.com/FaganClarissa/status/1638212384220127234,2023-03-21T16:14:03.000Z,Vergonha alheia 🙈😂,0,0,3,https://twitter.com/andrefernm/status/1638210660122099713
Primo da Filó,@pr_zito,https://twitter.com/pr_zito/status/1638368543593967616,2023-03-22T02:34:34.000Z,Ela quer assumir o lugar do Randolph...,0,0,0,https://twitter.com/andrefernm/status/1638210660122099713
fabi,@Fernandesfabi22,https://twitter.com/Fernandesfabi22/status/1638229513824772099,2023-03-21T17:22:07.000Z,"Tudo é tão rápido quando o lado a punir é a direita, pergunta é se eles só trabalham pra isso ?",1,3,38,https://twitter.com/andrefernm/status/1638210660122099713
Patriot,@Patriot05544155,https://twitter.com/Patriot05544155/status/1638219489656569856,2023-03-21T16:42:17.000Z,Mas até mês passado quem decidia ilegalmente sobre isso era o fdp do AM,0,0,0,https://twitter.com/andrefernm/status/1638210660122099713
Evandro Boff,@evandro_boff,https://twitter.com/evandro_boff/status/1638221417861853185,2023-03-21T16:49:57.000Z,E o Montanha heim?,0,1,0,https://twitter.com/andrefernm/status/1638210660122099713
Walace Violim,@WalaceViolim9,https://twitter.com/WalaceViolim9/status/1638218816902627329,2023-03-21T16:39:37.000Z,São muito burros.,0,0,0,https://twitter.com/andrefernm/status/1638210660122099713
Misteralpha666,@misteralpha666,https://twitter.com/misteralpha666/status/1638291562303037441,2023-03-21T21:28:41.000Z,"Não é deputada, é travesti.",0,0,0,https://twitter.com/andrefernm/status/1638210660122099713
André Andrade,@PaizaoAndre,https://twitter.com/PaizaoAndre/status/1638232610580078616,2023-03-21T17:34:25.000Z,Tran**bia de c# é roll@,0,0,0,https://twitter.com/andrefernm/status/1638210660122099713
Gisele,@nutri1_gimaria,https://twitter.com/nutri1_gimaria/status/1638262258634575884,2023-03-21T19:32:14.000Z,Levou uma rasteira feia essa babaca!!Quem ela pensa que é?? Randolfe Rodrigues??? kkkkkkkkkk,0,0,0,https://twitter.com/andrefernm/status/1638210660122099713
Jean Carlos Da Costa,@JeanCar00840188,https://twitter.com/JeanCar00840188/status/1638212166883979265,2023-03-21T16:13:11.000Z,É! Infelizmente OS IDIOTAS estão conquistando o Brasil através do super supremo...,0,0,2,https://twitter.com/andrefernm/status/1638210660122099713
Jaco Da luz lopes,@JacoDaluzlopes2,https://twitter.com/JacoDaluzlopes2/status/1638212521445171210,2023-03-21T16:14:36.000Z,Essa esquerda todos eles. São. Bandidos e tem de acabar com essa safadeza quelquer. Peido. Esses vagabundo. Levam pra ministro.  Ministros. Tem de respeita primeiro o ministério público. Bando de vagabundo que. Não respeita. O povo,0,0,3,https://twitter.com/andrefernm/status/1638210660122099713
Thiago Henrique,@ThiagoH09024468,https://twitter.com/ThiagoH09024468/status/1638490969203933184,2023-03-22T10:41:03.000Z,Esse cabeça de piroca é um filho da poota mesmo,0,0,0,https://twitter.com/andrefernm/status/1638210660122099713
Flavia Guimaraes,@Flaviaggrossi,https://twitter.com/Flaviaggrossi/status/1638318352010444807,2023-03-21T23:15:08.000Z,@STF_oficial vocês nos envergonham,0,0,0,https://twitter.com/andrefernm/status/1638210660122099713
Hipólito José Pereira Neto,@HiplitoJosPere1,https://twitter.com/HiplitoJosPere1/status/1638214515455148034,2023-03-21T16:22:31.000Z,"Pior é o xande não atender de batepronto , o que tá acontecendo com o magnânimo super ministro de decisões monocromática e convicto.???",0,0,0,https://twitter.com/andrefernm/status/1638210660122099713
Gih.m.carv77,@GMiscolin,https://twitter.com/GMiscolin/status/1638375067234062336,2023-03-22T03:00:30.000Z,Ele poderia olhar essa denúncia tbm,0,0,0,https://twitter.com/andrefernm/status/1638210660122099713
Jorge Ribeiro,@Jorge06Ribeiro,https://twitter.com/Jorge06Ribeiro/status/1638511738701115404,2023-03-22T12:03:35.000Z,"Meu Deus. É muito burro esse deputado. O ministro sempre pede a manifestação do PGR em ações que envolvem parlamentares ou o presidente da República.  Sempre pediu, e não se preocupe.  Nas suas também vai pedir. É de praxe.  Vai pesquisar um pouco antes de passar vergonha.",0,0,0,https://twitter.com/andrefernm/status/1638210660122099713
Valéria F de Castro,@LiroPimenta2,https://twitter.com/LiroPimenta2/status/1638508958166949888,2023-03-22T11:52:32.000Z,O Reino Unido está com o @nikolas_dm @WillLisil,0,0,0,https://twitter.com/andrefernm/status/1638210660122099713
Xavi Lima,@XaviLima5,https://twitter.com/XaviLima5/status/1638267394287194122,2023-03-21T19:52:38.000Z,"Nada de errado ! Se Moraes recebeu, envia para o PGR para análise  VOCE SABE DISSO !",0,0,0,https://twitter.com/andrefernm/status/1638210660122099713
Jobson Moura,@JobsonMoura2,https://twitter.com/JobsonMoura2/status/1638327873609121793,2023-03-21T23:52:58.000Z,Infelizmente teremos que suportar por 4 anos esse povo mimizento que à única coisa que sabem fazer é militar com pautas esdrúxulas esquerdistas de censura e intimidação....aff,0,0,0,https://twitter.com/andrefernm/status/1638210660122099713
Deni,@denixav,https://twitter.com/denixav/status/1638238920746909696,2023-03-21T17:59:30.000Z,E nem foi nas redes sociais.,0,0,0,https://twitter.com/andrefernm/status/1638210660122099713
gimenes,@boletinMovase,https://twitter.com/boletinMovase/status/1638518303453839360,2023-03-22T12:29:40.000Z,Rapa cu não envergonha o CE calado,0,0,0,https://twitter.com/andrefernm/status/1638210660122099713
Ludy,@Lourdes72413965,https://twitter.com/Lourdes72413965/status/1638229700748222464,2023-03-21T17:22:52.000Z,Nojoooo dessa corja PT  PSOL e puxadinhos das Trevas,0,0,0,https://twitter.com/andrefernm/status/1638210660122099713
ᴀɴᴅʀᴇᴀ ғᴏʟᴛᴢ,@AndreaFoltz3,https://twitter.com/AndreaFoltz3/status/1638220898464415745,2023-03-21T16:47:53.000Z,E daí? Não vai mudar o crime!,0,0,0,https://twitter.com/andrefernm/status/1638210660122099713
Silvia Benite,@SilviaBenite1,https://twitter.com/SilviaBenite1/status/1638517184749096960,2023-03-22T12:25:13.000Z,"Hj o @STF_oficial virou uma pastelaria de esquerda, uma vergonha",0,0,0,https://twitter.com/andrefernm/status/1638210660122099713
Fabiano,@Fabiano231554,https://twitter.com/Fabiano231554/status/1638534945172799488,2023-03-22T13:35:48.000Z,"Bicha burra nem sabe o trâmite das coisas, cheio de gente no gabinete dessa mulher pra fazer merda nenhuma, ou então o Moraes viciou esse pessoal de forma errada.",0,0,0,https://twitter.com/andrefernm/status/1638210660122099713
Wendlus Costa,@CostaWendlus,https://twitter.com/CostaWendlus/status/1638230437439873032,2023-03-21T17:25:47.000Z,O Xandão lembrou que o MP existe kkkkkk,0,0,0,https://twitter.com/andrefernm/status/1638210660122099713
Rodrigo Zanella,@RodrigoZanella5,https://twitter.com/RodrigoZanella5/status/1638312024802304000,2023-03-21T22:49:59.000Z,"Só pode que  foi a relaxada e burra da @fernandapsol além de burra, relaxada, tá acabadinha da Silva.

Pq ela não fala com o ladrão de estimação dela e vê se a finada dona Marisa não deixou nada da Avon pra ela usar?",0,0,1,https://twitter.com/andrefernm/status/1638210660122099713
rleitefilho,@rleitefilho1,https://twitter.com/rleitefilho1/status/1638210933880156169,2023-03-21T16:08:17.000Z,"A oposição de direita que vai deixar Lula desesperado:  André Fernandes, @GayerGus e @nikolas_dm kkkkkkkkkkkkkkkkkkkkk, Youtubers de direita",1,0,1,https://twitter.com/andrefernm/status/1638210660122099713
Philipejuca,@philipejuca,https://twitter.com/philipejuca/status/1638511226438205443,2023-03-22T12:01:33.000Z,Um absurdo o que esse ministro vem fazendo com o Brasil!!!,0,0,0,https://twitter.com/andrefernm/status/1638210660122099713
#crisRock,@Cristia65977381,https://twitter.com/Cristia65977381/status/1638242391617601536,2023-03-21T18:13:17.000Z,Que a ira de Deus👑caia sobre os maus🙌🏻🇧🇷💚💛🌻,0,0,0,https://twitter.com/andrefernm/status/1638210660122099713
Marcos Bianchini,@BIANCHII67,https://twitter.com/BIANCHII67/status/1638843234070790146,2023-03-23T10:00:49.000Z,"vcs ditos de ""direita"" tem sido mais hípocritas do que a própria esquerda, teatrinho de tesouras, cadê algum projeto sério para acabar com os desmandos do stf? do parlamento? do senado?",0,0,0,https://twitter.com/andrefernm/status/1638210660122099713
Zorro,@zorrogs62,https://twitter.com/zorrogs62/status/1638251466400886808,2023-03-21T18:49:21.000Z,"O Niver de Bosta💩naro!
É pique, é pique, é pique...
É hora, é hora....
Rá, tim, bum!
Papuda, Papuda, Papuda!
Tá rico, tá milionário rindo de nós.
Será que mandará um pedacinho de bolo para os presos Patriótarios?
Será que ele ganhou um relógio de diamantes de algum amiguinho?",0,0,0,https://twitter.com/andrefernm/status/1638210660122099713
Brazilian Connection,@VoteSim2,https://twitter.com/VoteSim2/status/1638623977689186304,2023-03-22T19:29:35.000Z,"Xenofobico, transfobico, racista e sem noção!",0,0,0,https://twitter.com/andrefernm/status/1638210660122099713
pianogospel,@pianogospel,https://twitter.com/pianogospel/status/1638232939065384976,2023-03-21T17:35:44.000Z,O senado já deveria ter colocado um freio nesse morais faz tempo.,0,0,0,https://twitter.com/andrefernm/status/1638210660122099713
UNIÃO BRASIL,@notditatura,https://twitter.com/notditatura/status/1638258395139436546,2023-03-21T19:16:53.000Z,DEUS PÁTRIA LIVRE FAMÍLIA É LIBERDADE 🙏🏻🇧🇷 #CPMIDO8DEJANEIROJÁ#FORALULALADRAO #DESLIGUEAGLOBOLIXO #FORÇASARMADASCOVARDES#CPMIDOMST,0,0,0,https://twitter.com/andrefernm/status/1638210660122099713
Cris V. Quiroz,@MaraCristianaV2,https://twitter.com/MaraCristianaV2/status/1638232656100859922,2023-03-21T17:34:36.000Z,👏🏼👏🏼👏🏼👏🏼👏🏼 @ErikakHilton @DudaSalabert,0,0,0,https://twitter.com/andrefernm/status/1638210660122099713
Cris V. Quiroz,@MaraCristianaV2,https://twitter.com/MaraCristianaV2/status/1638234154981531651,2023-03-21T17:40:34.000Z,@alexandre,0,0,0,https://twitter.com/andrefernm/status/1638210660122099713
Lucia Guedes,@LuSp72,https://twitter.com/LuSp72/status/1638244092105703425,2023-03-21T18:20:03.000Z,"Aff. É encaminhado para o STF, que envia a PGR se aceita ou não.
Ele tem foro privilegiado, portanto é caso para o STF",0,0,0,https://twitter.com/andrefernm/status/1638210660122099713
José Gomes,@JoseRibamarGF,https://twitter.com/JoseRibamarGF/status/1638356039597797384,2023-03-22T01:44:53.000Z,"O que o tal rapaz do BC Independente, bolsonarista Roberto Campos quer, trabalhando contra o Brasil a favor dos rentistas q ñ produzem um prego? Esse energúmeno tem q ser afastado urgente.",0,0,0,https://twitter.com/andrefernm/status/1638210660122099713
Lucia Guedes,@LuSp72,https://twitter.com/LuSp72/status/1638245997816999939,2023-03-21T18:27:37.000Z,"Nossa, você como Deputado deveria saber que nesses casos é enviado ao STF que encaminha a PGR.",2,0,1,https://twitter.com/andrefernm/status/1638210660122099713
