nome,usuario,idTweet,dataPublicacao,texto,replies,retweets,likes,tweetPai
Emerson do PT,@Emersonbalzac,https://twitter.com/Emersonbalzac/status/1638449014340198402,2023-03-22T07:54:20.000Z,LULA defende o Patrimônio do Brasil.,0,0,0,https://twitter.com/BohnGass/status/1638187143250968578
Marta teodora,@Martateodora3,https://twitter.com/Martateodora3/status/1638453718726131714,2023-03-22T08:13:02.000Z,"Rumo a destruição do país , mais estatais p/distribuir cargos  entre os comparsas ,sem ajuste fiscal só gastos sem previsão de receita ,quem paga o brasileiro com aumento de impostos ,inflação e juros altos p/conter o descontrole ,mas já arrumou alguém p/culpar o BC.",0,0,1,https://twitter.com/BohnGass/status/1638187143250968578
Érica Martins,@erikinhamagic,https://twitter.com/erikinhamagic/status/1638244093456265217,2023-03-21T18:20:03.000Z,"LULA é um GIGANTE na defesa do Brasil e do povo brasileiro. 

LULA NO 247",0,4,8,https://twitter.com/BohnGass/status/1638187143250968578
Daniel Santos,@s79255040,https://twitter.com/s79255040/status/1638207301210308611,2023-03-21T15:53:51.000Z,"Lula está coberto de razão, a privatização da Petrobras foi um crime.",0,0,6,https://twitter.com/BohnGass/status/1638187143250968578
Diovani Oliveira,@DiovaniOlivei11,https://twitter.com/DiovaniOlivei11/status/1638506268686966785,2023-03-22T11:41:51.000Z,"Não tem como roubar mais e nem indicar a ""cumpanherada"" pra cargos comissionados.",0,0,1,https://twitter.com/BohnGass/status/1638187143250968578
Diovani Oliveira,@DiovaniOlivei11,https://twitter.com/DiovaniOlivei11/status/1638506399234760704,2023-03-22T11:42:22.000Z,Nunca esquecerei do PETROLÃO,0,0,0,https://twitter.com/BohnGass/status/1638187143250968578
wanderlei (Deco),@wanderleiwr,https://twitter.com/wanderleiwr/status/1638261565626503178,2023-03-21T19:29:29.000Z,Foi pra isso que eu votei no @LulaOficial que continua arrumando tudo que o genocida vez contra os brasileiros.,0,1,4,https://twitter.com/BohnGass/status/1638187143250968578
Satti revolucionária |Z|,@lucasmo81957144,https://twitter.com/lucasmo81957144/status/1638257964782952448,2023-03-21T19:15:10.000Z,Reverter essa privatização é uma obrigação.,0,0,2,https://twitter.com/BohnGass/status/1638187143250968578
Edna Gabriel,@dnagab7,https://twitter.com/dnagab7/status/1638219326703411204,2023-03-21T16:41:38.000Z,O presidente @LulaOficial  fala a língua do povo. 🌟,0,0,1,https://twitter.com/BohnGass/status/1638187143250968578
Lanis,@LanaVianna2,https://twitter.com/LanaVianna2/status/1638266377315266560,2023-03-21T19:48:36.000Z,Revertam isso,0,0,0,https://twitter.com/BohnGass/status/1638187143250968578
Sergio Lima,@Sergio83467191,https://twitter.com/Sergio83467191/status/1638219312748961793,2023-03-21T16:41:35.000Z,LULA NO 247,0,1,4,https://twitter.com/BohnGass/status/1638187143250968578
Sandro Jucão,@Jucones,https://twitter.com/Jucones/status/1638199623650099200,2023-03-21T15:23:21.000Z,Reestatização da Eletrobras!,0,0,1,https://twitter.com/BohnGass/status/1638187143250968578
Rodrigo Maia,@Rodrigo22566544,https://twitter.com/Rodrigo22566544/status/1638202443178602500,2023-03-21T15:34:33.000Z,"AGU entrou mesmo,Deputado? O Lula tem certeza?@LulaOficial @BohnGass",0,0,2,https://twitter.com/BohnGass/status/1638187143250968578
roberto umild,@robertumild,https://twitter.com/robertumild/status/1638254485909696518,2023-03-21T19:01:21.000Z,sim,0,0,1,https://twitter.com/BohnGass/status/1638187143250968578
Luis Gustavo Eifert Garcia,@eifert_luis,https://twitter.com/eifert_luis/status/1638273987045126145,2023-03-21T20:18:50.000Z,"Mas é lógicooooooooooooo! Vcs querem é cabide de emprego para alojar seus ""compadres"" e ..................... já sabemos o final.",1,0,1,https://twitter.com/BohnGass/status/1638187143250968578
Geni De Aquino Lago,@geni_lago,https://twitter.com/geni_lago/status/1638220797620768768,2023-03-21T16:47:29.000Z,Te apoio Lula.,0,0,1,https://twitter.com/BohnGass/status/1638187143250968578
João Medero,@JoaoMedero,https://twitter.com/JoaoMedero/status/1638371872008970240,2023-03-22T02:47:48.000Z,Assim como está fica difícil de roubar né?,0,0,0,https://twitter.com/BohnGass/status/1638187143250968578
Desmentindo os Canhotos,@Cristia85545350,https://twitter.com/Cristia85545350/status/1638272178666852361,2023-03-21T20:11:39.000Z,Então vamos falar sobre crimes…,0,0,0,https://twitter.com/BohnGass/status/1638187143250968578
jadilson,@jadilso28664665,https://twitter.com/jadilso28664665/status/1638231752530448386,2023-03-21T17:31:01.000Z,Realmente vcs querem a pobreza do dos brasileiros.,0,0,0,https://twitter.com/BohnGass/status/1638187143250968578
GAMER OVER,@SimoneT67048193,https://twitter.com/SimoneT67048193/status/1638266365940301826,2023-03-21T19:48:33.000Z,"E vcs ,  Foderam  com a Petrobras e com o Brasil !",0,0,0,https://twitter.com/BohnGass/status/1638187143250968578
Assis Euripedes de Oliveira,@AssisEuripedes1,https://twitter.com/AssisEuripedes1/status/1638291981649551362,2023-03-21T21:30:21.000Z,QUER MAIS UMA ESTATAL PARA BRINCAR NÉ?,0,0,0,https://twitter.com/BohnGass/status/1638187143250968578
Hugo de Almeida Dan,@HugodeAlmeidaD1,https://twitter.com/HugodeAlmeidaD1/status/1638300757827940353,2023-03-21T22:05:13.000Z,Kkk. Vocês querem cabide de emprego para troca de favores políticos. Bem a cara do PT.  Compra de volta do mercado ou acionistas. Compra.,0,0,0,https://twitter.com/BohnGass/status/1638187143250968578
Luis Carlos Alberto Molz,@luis_molz,https://twitter.com/luis_molz/status/1638530642798428160,2023-03-22T13:18:42.000Z,LULADRÃO negacionista.,0,0,0,https://twitter.com/BohnGass/status/1638187143250968578
Reinaldo,@Reinald24018660,https://twitter.com/Reinald24018660/status/1638536649016594436,2023-03-22T13:42:34.000Z,"O descondenado representa atraso. 
Não aprendeu nada",0,0,0,https://twitter.com/BohnGass/status/1638187143250968578
Ricardo,@ricpeternella,https://twitter.com/ricpeternella/status/1638557962611441666,2023-03-22T15:07:15.000Z,"E viva a Petrobrás, o pixuleco é nosso",0,0,0,https://twitter.com/BohnGass/status/1638187143250968578
João Paulo,@jotapinno,https://twitter.com/jotapinno/status/1638256920652832768,2023-03-21T19:11:01.000Z,Tem que privatizar todas as estatais do Brasil e também extinguir todos os sindicatos.,0,0,0,https://twitter.com/BohnGass/status/1638187143250968578
Charlles Roney,@roney_charlles,https://twitter.com/roney_charlles/status/1638377753828270080,2023-03-22T03:11:10.000Z,Crime de lesa-pátria foi o PeTrolão. 🤥🤥🤥🤥,0,0,0,https://twitter.com/BohnGass/status/1638187143250968578
Zemar,@zemarjc14,https://twitter.com/zemarjc14/status/1638327522516426753,2023-03-21T23:51:34.000Z,Crime e o que este governo está fazendo,0,0,0,https://twitter.com/BohnGass/status/1638187143250968578
todo bolsominion é corno,@i6odasmk,https://twitter.com/i6odasmk/status/1638525002424131586,2023-03-22T12:56:17.000Z,"entrar na mesma justiça que autorizou a privatização?

Lula é inocente ou tá jogando pra torcida?

privatização criminosa resolve com um decreto presidencial..só precisa querer",0,0,0,https://twitter.com/BohnGass/status/1638187143250968578
Alberto Luiz Zamith,@alz962,https://twitter.com/alz962/status/1638484685520003073,2023-03-22T10:16:05.000Z,foi lesa PT,0,0,0,https://twitter.com/BohnGass/status/1638187143250968578
ANDRE_ENCINAS - LULA,@andreencinasON,https://twitter.com/andreencinasON/status/1638227098308427776,2023-03-21T17:12:31.000Z,LULA NO 247,0,0,0,https://twitter.com/BohnGass/status/1638187143250968578
LulistaPetista,@LulistaPetista,https://twitter.com/LulistaPetista/status/1638201515734081538,2023-03-21T15:30:52.000Z,"Para evitar o rombo de R$ 500 bilhões, PEDIMOS que o MINISTRO @asilveiramgse REÚNA com o @ColetivoCNEPARA DISCUTIR:🇧🇷 #ReestatizaEletrobrasJá 🇧🇷🇧🇷 #LulaGovernoDeInclusão 🇧🇷 @LulaOficial@gleisi@jeanpaulprates@Glauber_Braga@erikakokay@zeca_dirceu@brasil247@paulopaim .",0,2,2,https://twitter.com/BohnGass/status/1638187143250968578
LulistaPetista,@LulistaPetista,https://twitter.com/LulistaPetista/status/1651720861387313155,2023-04-27T22:51:55.000Z,Passaram mais de 02 meses e  @AdvocaciaGeral não apresentou relatório a @LulaOficial sobre a privatização da Eletrobras#ReestatizaEletrobrasJá #LulaOBrasilEoMundoRespeitam#OBrasilVoltou@gleisi @Glauber_Braga @AlencarBraga13 @erikakokay @ColetivoCNE@zeca_dirceu .,0,0,0,https://twitter.com/BohnGass/status/1638187143250968578
Salve a ELETROBRAS,@Bentevibentivi,https://twitter.com/Bentevibentivi/status/1638280256422400026,2023-03-21T20:43:45.000Z,"ELETROBRAS Pública a serviço do Brasil, cumprindo o seu papel social, desenvolvimentista e de Segurança Energética! #ReestatizaEletrobrasJá @LulaOficial @JanjaLula",0,0,1,https://twitter.com/BohnGass/status/1638187143250968578
Pedro Prieto,@Pprieto2Prieto,https://twitter.com/Pprieto2Prieto/status/1638306044790145025,2023-03-21T22:26:13.000Z,@LulaOficial @Haddad_Fernando @Pimenta13Br @FlavioDino @requiaooficial @costa_rui @rfalcao13 @SenadorKajuru salvem o Brasil salvem a Eletrobrás do crime de Lesa Pátria,0,0,0,https://twitter.com/BohnGass/status/1638187143250968578
Marco A C Silva,@MarcoACSilva3,https://twitter.com/MarcoACSilva3/status/1638633487715430402,2023-03-22T20:07:22.000Z,Vocês  quadrilheiros falando em lesa-pátria?,0,0,0,https://twitter.com/BohnGass/status/1638187143250968578
PRIVATIZATIONTERMINATORCORP.,@PRV10Z1TERMINA2,https://twitter.com/PRV10Z1TERMINA2/status/1638343075528421378,2023-03-22T00:53:22.000Z,#ReestatizaEletrobrasJá @Ana_Flor @AlencarBraga13 @requiaooficial @erikakokay @gleisi @AttuchLeonardo @feltrinoficial @BitucaSalim @Johndabahiaa @CORECON_RJ @Ilumina_org @AdvocaciaGeral @GloboNews @ikaro_chaves @Tolmasquim,0,2,2,https://twitter.com/BohnGass/status/1638187143250968578
ilsonpoeta,@ilsonpoeta,https://twitter.com/ilsonpoeta/status/1638250364213293081,2023-03-21T18:44:58.000Z,"Lula LITERALMENTE disse que os 100 primeiros dias de governo seriam pra reconstruir tudo o que o GOLPE e o Bolsonaro destruíram.

Mas a velha imprensa que apoiou Bolsonaro diz que ele está ""reciclando programas velhos"".

Preferem o povo sem médicos, sem casa e sem comida.",0,1,2,https://twitter.com/BohnGass/status/1638187143250968578
DÁDIVA,@DADIVAHD,https://twitter.com/DADIVAHD/status/1638266784980652037,2023-03-21T19:50:13.000Z,#REESTATIZAÇÃODAELETROBRAS JÁ,0,1,1,https://twitter.com/BohnGass/status/1638187143250968578
nLaud R,@laud1_r,https://twitter.com/laud1_r/status/1638395734662819840,2023-03-22T04:22:37.000Z,#LulaReconstruindoOBrasil,0,0,0,https://twitter.com/BohnGass/status/1638187143250968578
Davi Bernardo,@davibernardo84,https://twitter.com/davibernardo84/status/1638486975979167745,2023-03-22T10:25:11.000Z,O cara só quer se vingar dos opositores e não governar o país. Típico de um canalha! Faz o L 🤡🤣🤣🤣,0,0,0,https://twitter.com/BohnGass/status/1638187143250968578
