nome,usuario,idTweet,dataPublicacao,texto,replies,retweets,likes,tweetPai
Amigos Da Lava Jato,@AmigosJato,https://twitter.com/AmigosJato/status/1638871281679364100,2023-03-23T11:52:16.000Z,O Brasil está em decadência...,1,0,0,https://twitter.com/adriventurasp/status/1638584304182730752
Nicolau Sarquis,@NicolauSarquis,https://twitter.com/NicolauSarquis/status/1638654206218235904,2023-03-22T21:29:42.000Z,"E vocês do Novo ainda não admitiram o erro de apoiar o governo que nos levou a esses índices.
Uma pena o Novo ter se vendido tão fácil à extrema direita corrupta.",0,0,0,https://twitter.com/adriventurasp/status/1638584304182730752
DanielKGM,@Danielzin2727,https://twitter.com/Danielzin2727/status/1638813983133118465,2023-03-23T08:04:35.000Z,"Bom dia deputada! Só queria te parabenizar pela ótima atuação no cargo, definitivamente uma das melhores, se não a melhor.",0,0,0,https://twitter.com/adriventurasp/status/1638584304182730752
Silvia Nascimento,@SilviaN50269083,https://twitter.com/SilviaN50269083/status/1638943764843749377,2023-03-23T16:40:18.000Z,"Adriana, vc ajudou tanto no PL da saboaria, q agora empacou no Senado; vc não pode ajudar? tem alguém do seu partido no Senado q pode nos ajudar?",0,0,0,https://twitter.com/adriventurasp/status/1638584304182730752
