nome,usuario,idTweet,dataPublicacao,texto,replies,retweets,likes,tweetPai
J Veras | PT,@oaraujo1313,https://twitter.com/oaraujo1313/status/1638858734196727809,2023-03-23T11:02:25.000Z,Meu amigo precisamos daquele apoio contra a lei do marco ilegal do saneamento do Bolsonaro ....,0,1,1,https://twitter.com/BohnGass/status/1638855092571914240
Monier,@rimonier,https://twitter.com/rimonier/status/1638952573225803781,2023-03-23T17:15:18.000Z,"Sim, a banda podre da medicina. Rentistas, empresariado que abandonou a carreira, molecada sem noção. Ainda não vi um médico de família especializado criticando o programa, muito pelo contrário, sendo que os médicos de família é que na teoria concorreriam com os médicos cubanos.",1,1,2,https://twitter.com/BohnGass/status/1638855092571914240
Lúcia,@LuciaLeitao2021,https://twitter.com/LuciaLeitao2021/status/1638887121951014914,2023-03-23T12:55:13.000Z,E dos mesmos médicos que não querem sair das metrópoles.,0,0,1,https://twitter.com/BohnGass/status/1638855092571914240
James Lobo,@alphaalkatheya,https://twitter.com/alphaalkatheya/status/1639071138738237440,2023-03-24T01:06:26.000Z,Combatia sim! Ficou provado pelo Japão!,0,0,0,https://twitter.com/BohnGass/status/1638855092571914240
Jaime Moura,@jaimemoura024,https://twitter.com/jaimemoura024/status/1638860498224463876,2023-03-23T11:09:25.000Z,Se não me engano o teve um senador que queria receitar clorofila para outro senador e teve senador do Amapá querendo honenagear um grupo de médicos que estariam usando o medicamento e salvando vida em seu estado. Seriam essas as pessoas??,0,0,0,https://twitter.com/BohnGass/status/1638855092571914240
Jorge R de Freitas,@JorgeRdeFreitas,https://twitter.com/JorgeRdeFreitas/status/1639245013044412416,2023-03-24T12:37:21.000Z,Você é adepto ao fique em casa até ter falta de ar???,0,0,0,https://twitter.com/BohnGass/status/1638855092571914240
Claudia Araujo,@CBvp16,https://twitter.com/CBvp16/status/1638867608945455107,2023-03-23T11:37:41.000Z,Exatamente.,0,0,0,https://twitter.com/BohnGass/status/1638855092571914240
Star Knight,@Z0X1W2Y3,https://twitter.com/Z0X1W2Y3/status/1638856383155109894,2023-03-23T10:53:04.000Z,"O importante é que o amor ❤️ venceu. Não importa se a condição desses 🧑‍⚕️ é precária e que outros países tenham se posicionado indicando que esse programa explora os 🧑‍⚕️ cubanos. Seguimos firmes nesse desgoverno 🦑.#ForçaGerreiro#FazueliAbraço!!!
Segue aí, #StarKnight 🚀👨‍🚀🦄",1,0,0,https://twitter.com/BohnGass/status/1638855092571914240
CantMaria,@cantmaria16,https://twitter.com/cantmaria16/status/1638865525714345986,2023-03-23T11:29:24.000Z,"No país dos juízes marrecos, pastores fariseus e médicos cloroquinas, quando se tem um programa social que pensa no pobre, as críticas são fartas.",0,0,0,https://twitter.com/BohnGass/status/1638855092571914240
Carlos H Souza,@CarloschssouzaH,https://twitter.com/CarloschssouzaH/status/1638855915775356929,2023-03-23T10:51:13.000Z,Pensei que era dos médicos que atendem os rincões mais pobres e distantes do Brasil.,0,0,0,https://twitter.com/BohnGass/status/1638855092571914240
NADIA MARIA SARAIVA,@nadiamsaraiva2,https://twitter.com/nadiamsaraiva2/status/1638876357407932416,2023-03-23T12:12:27.000Z,Exatoooooooooooo,0,0,0,https://twitter.com/BohnGass/status/1638855092571914240
Geni De Aquino Lago,@geni_lago,https://twitter.com/geni_lago/status/1638893075433922564,2023-03-23T13:18:53.000Z,"Não são médicos , são assassinos.",0,0,0,https://twitter.com/BohnGass/status/1638855092571914240
Sonia Paes,@sbspsp,https://twitter.com/sbspsp/status/1638937817886887939,2023-03-23T16:16:40.000Z,"clao, nunca falha. Os vermes bolsominions mostrando a falta de caráter.",0,0,0,https://twitter.com/BohnGass/status/1638855092571914240
