nome,usuario,idTweet,dataPublicacao,texto,replies,retweets,likes,tweetPai
Ed Raposo,@EdRaposo_,https://twitter.com/EdRaposo_/status/1638623158797324288,2023-03-22T19:26:19.000Z,"Qual a justificativa dele pra essa demora? Admiro muito os três deputados, mas tá na cara que ele tá só ganhando tempo. Ele só vai marcar quando conseguir o que quer. Judicializem, por favor.",43,104,749,https://twitter.com/andrefernm/status/1638622173060546561
Um Bruxo,@brushoXPTO,https://twitter.com/brushoXPTO/status/1638661109610852352,2023-03-22T21:57:08.000Z,Judicializem. Pois até lá o governo só está ganhando tempo para minar e fazer com que vocês percam assinaturas. É só ver o que o Pacheco fez com o pedido de CPI da Soraya. Ele só está ganhando tempo para armar uma justificativa pra desistir.,0,0,1,https://twitter.com/andrefernm/status/1638622173060546561
Derlin.’.Rodrigues,@DerlinRod,https://twitter.com/DerlinRod/status/1638639821877833731,2023-03-22T20:32:32.000Z,"A pergunta é: Por que a morosidade? Esse episódio é de interesse público e das pessoas de bem. Não tem porque demorar tanto, ainda mais sabendo que o 🦑 está fazendo de tudo para barrar isso. O tempo só os dará oportunidade para tentarem mais e mais. Nós não confiamos neles!",0,2,14,https://twitter.com/andrefernm/status/1638622173060546561
BUSTER GUNSLINGER,@BusterScruggs12,https://twitter.com/BusterScruggs12/status/1638623763666182174,2023-03-22T19:28:44.000Z,Aproveita e fala da CPI do MEC dos Pastores Dourados pois ele prometeu abrir a CPI depois das eleições!,7,2,93,https://twitter.com/andrefernm/status/1638622173060546561
Allan Garcês,@AllanGarcs1,https://twitter.com/AllanGarcs1/status/1638719718386286592,2023-03-23T01:50:01.000Z,"Parabéns @andrefernm, vc está fazendo um excelente mandato. 👏🏼👏🏼👏🏼",0,0,16,https://twitter.com/andrefernm/status/1638622173060546561
Carlos Fersenascci,@OProprioCarlao,https://twitter.com/OProprioCarlao/status/1638628445583228933,2023-03-22T19:47:20.000Z,Kkkkkk vai 🍕 aí ?,0,0,1,https://twitter.com/andrefernm/status/1638622173060546561
Plinio Goncalves,@pliniogoncalves,https://twitter.com/pliniogoncalves/status/1638632815313944578,2023-03-22T20:04:42.000Z,"11 de abril., 😒",0,0,1,https://twitter.com/andrefernm/status/1638622173060546561
⊱✿Lídia✿⊰ #ForaLula,@lidialoureir6,https://twitter.com/lidialoureir6/status/1638645352281587712,2023-03-22T20:54:31.000Z,"Já ouvi senador dizendo que sessão conjunta acontece uma vez por mês.
Por que Pacheco não fará a sessão do mês de março?
Ele está enrolando todo mundo. #CPMIdo08deJaneiroJa",1,4,13,https://twitter.com/andrefernm/status/1638622173060546561
Mr.Spy #JairBolsonaro #ForaLULA,@MrSpyBR,https://twitter.com/MrSpyBR/status/1638625411176210434,2023-03-22T19:35:16.000Z,Caraca. Entre 11 e 14 de Abril? Mas isso dá um tempo enorme para essa máfia desgraçada aprontar um monte para paralisar de vez a Câmara e o senado.,5,10,61,https://twitter.com/andrefernm/status/1638622173060546561
+1brasileira,@mais1brasileir4,https://twitter.com/mais1brasileir4/status/1638622299346575370,2023-03-22T19:22:54.000Z,Glória a Deus! Será que podemos confiar nesse cara?!,3,0,2,https://twitter.com/andrefernm/status/1638622173060546561
Rosa Cunha - jornalista,@Conservadora191,https://twitter.com/Conservadora191/status/1638638443487199234,2023-03-22T20:27:04.000Z,"Pacheco está nitidamente ganhando tempo para que a violência no Brasil fique insustentável e o Lula decrete o Estado de Sítio.
Só não vê quem não quer.",7,23,121,https://twitter.com/andrefernm/status/1638622173060546561
Iracema Horta,@IracemaHorta,https://twitter.com/IracemaHorta/status/1638627739010736128,2023-03-22T19:44:31.000Z,"Pq esperar mais? 🤔🤔🤔Pra retirar mais assinaturas?
Mais cortinas de fumaça?
Ou tempo pra fugas?",3,21,112,https://twitter.com/andrefernm/status/1638622173060546561
Josiane Gonçalves De Freitas,@JosianeGFreitas,https://twitter.com/JosianeGFreitas/status/1638627595490324481,2023-03-22T19:43:57.000Z,"Ou seja, não teremos CPMI porque até lá o Partido das Trevas vai conseguir inviabilizar o processo conseguindo a retirada das assinaturas.",2,2,23,https://twitter.com/andrefernm/status/1638622173060546561
J.Woolf,@WoolfJoana,https://twitter.com/WoolfJoana/status/1638629678033555457,2023-03-22T19:52:14.000Z,"Bora judializar!!!
Ele não vai fazer nada.",5,0,18,https://twitter.com/andrefernm/status/1638622173060546561
janine colombi dalsasso,@JanineDalsasso,https://twitter.com/JanineDalsasso/status/1638625989419737089,2023-03-22T19:37:34.000Z,Agora vai,1,0,0,https://twitter.com/andrefernm/status/1638622173060546561
Cloves Reges,@Regesmaia,https://twitter.com/Regesmaia/status/1638629774871363584,2023-03-22T19:52:37.000Z,"Inacreditável como o povo cearense vota num desqualificado desse. O problema no Brasil é esse tipo de gente que mandamos para o Congresso. Os caras tentam o golpe, fracassam, e aí querem se safar conturbando o processo. Cadeia para golpistas é pouco!",8,0,4,https://twitter.com/andrefernm/status/1638622173060546561
Direita Maranhao 2023 MA,@NossaRenovacao,https://twitter.com/NossaRenovacao/status/1638623270541860906,2023-03-22T19:26:46.000Z,VC CONFIA NO PACHECO ?,1,0,10,https://twitter.com/andrefernm/status/1638622173060546561
Léia BRASIL !,@LeiaRachor,https://twitter.com/LeiaRachor/status/1638631003924189189,2023-03-22T19:57:30.000Z,Meu Deus SOMENTE EM 12 de ABRIL😱😱😱😱😱😱😱😱😱,0,1,5,https://twitter.com/andrefernm/status/1638622173060546561
Carioca do Porto .'.,@CariocadoPorto,https://twitter.com/CariocadoPorto/status/1638649790895624192,2023-03-22T21:12:09.000Z,"Se fosse para ferrar com o povo seria hoje de madrugada...
Não há pressa para questões importantes...",0,0,1,https://twitter.com/andrefernm/status/1638622173060546561
In the Name of Jesus,@dazulay2,https://twitter.com/dazulay2/status/1638628548264210433,2023-03-22T19:47:44.000Z,🤡🤡🤡 perdendo tempo com o mentiroso do @rodrigopacheco,1,0,2,https://twitter.com/andrefernm/status/1638622173060546561
José Rodrigues,@Jrodrigues1954,https://twitter.com/Jrodrigues1954/status/1638630431149916162,2023-03-22T19:55:13.000Z,"PARABÉNS, Deputado André Fernandes @andrefernm 
SEGUINDO, aqui de Curitiba-PR. 
Será uma gigantesca honra, ser seguido de volta. 
Acompanho o EXCELENTE trabalho do SR. Deus o abençoe!",0,2,13,https://twitter.com/andrefernm/status/1638622173060546561
Micael,@MicaelB16,https://twitter.com/MicaelB16/status/1638622492796264472,2023-03-22T19:23:41.000Z,"Não sei como vcs acredita, nesse sorrisinho, podre dele.",0,0,5,https://twitter.com/andrefernm/status/1638622173060546561
José Roberto Marques,@Marquesanjo01,https://twitter.com/Marquesanjo01/status/1638632382583521281,2023-03-22T20:02:58.000Z,O Paxheco ta com cara de deboche. O requerimento deveria ser lido já na segunda da semana que vem.,0,1,2,https://twitter.com/andrefernm/status/1638622173060546561
Keli,@KeliVeronezi,https://twitter.com/KeliVeronezi/status/1638657338771947526,2023-03-22T21:42:09.000Z,"Parece uma mãe, falando pro filho, que "" na volta a gente compra"" 😂😂😂",0,1,4,https://twitter.com/andrefernm/status/1638622173060546561
Jose Brasil Patriota Raiz,@joselidermmn1,https://twitter.com/joselidermmn1/status/1638697656871444480,2023-03-23T00:22:21.000Z,Não entendo essa demora... daqui a pouco acaba o ano e não saiu a cpmi,0,0,4,https://twitter.com/andrefernm/status/1638622173060546561
gelson da silva,@gsilvasb,https://twitter.com/gsilvasb/status/1638627272105000966,2023-03-22T19:42:40.000Z,Não envergonhe o país Pacheco pois todos nós estamos indignados com suas atitudes!,0,0,3,https://twitter.com/andrefernm/status/1638622173060546561
Novata,@NovataNaRede,https://twitter.com/NovataNaRede/status/1638628102183038980,2023-03-22T19:45:58.000Z,AINDA???????????????????,0,0,4,https://twitter.com/andrefernm/status/1638622173060546561
CarlosAndre,@CAndre51,https://twitter.com/CAndre51/status/1638628685602254848,2023-03-22T19:48:17.000Z,Só em abril,0,0,6,https://twitter.com/andrefernm/status/1638622173060546561
Isabel Pontes,@IsabelPontes12,https://twitter.com/IsabelPontes12/status/1638652867199262720,2023-03-22T21:24:22.000Z,Oremos !🙏,0,0,1,https://twitter.com/andrefernm/status/1638622173060546561
Luiza,@Luiza22Brasil,https://twitter.com/Luiza22Brasil/status/1638625220620591175,2023-03-22T19:34:31.000Z,Hoje ainda é 22 de março. O que ele está esperando??,2,4,37,https://twitter.com/andrefernm/status/1638622173060546561
Edemc2,@ed_emc18,https://twitter.com/ed_emc18/status/1638924162482724864,2023-03-23T15:22:24.000Z,Vai lá... confia....,0,0,0,https://twitter.com/andrefernm/status/1638622173060546561
Coringa Opressor (ZV),@CoringOpressor,https://twitter.com/CoringOpressor/status/1638648039190437888,2023-03-22T21:05:11.000Z,Parabéns a todos envolvidos em especial o deputado André Fernandes pelo grande trabalho de campo realizado!,1,1,9,https://twitter.com/andrefernm/status/1638622173060546561
Syrena,@B22Syrena,https://twitter.com/B22Syrena/status/1638648071600082944,2023-03-22T21:05:19.000Z,AINDA em abril!???? Porque tanta demora meu Deus??? Para sumirem com as provas????🤬🤬🤬🤬🤬,1,0,2,https://twitter.com/andrefernm/status/1638622173060546561
Novata,@NovataNaRede,https://twitter.com/NovataNaRede/status/1638628695857405952,2023-03-22T19:48:19.000Z,"Deveriam ter exigido mais agilidade, está ganhando tempo. Que decepção.",1,0,8,https://twitter.com/andrefernm/status/1638622173060546561
Syrena,@B22Syrena,https://twitter.com/B22Syrena/status/1638627332154900492,2023-03-22T19:42:54.000Z,"Pqp….. AINDA dia 11 e 14 de ABRIL, ABRIL ABRILLLL???????????????",0,0,4,https://twitter.com/andrefernm/status/1638622173060546561
Vania Barra,@Barravania,https://twitter.com/Barravania/status/1638639415927898114,2023-03-22T20:30:55.000Z,Por que a demora?,0,0,1,https://twitter.com/andrefernm/status/1638622173060546561
L@nn@ Alencar M. Rammacher,L@nn@ Alencar M. Rammacher,https://twitter.com/LnnAlencarMRam1/status/1638692890640515072,2023-03-23T00:03:25.000Z,"Por que essa demora, ele quer dar tempo para o PT conseguir retirar assinaturas?",0,0,2,https://twitter.com/andrefernm/status/1638622173060546561
Ester Pena,@EsterPena17,https://twitter.com/EsterPena17/status/1638889977684557824,2023-03-23T13:06:34.000Z,"Ele assinou algum documento? Caso contrário, vai em empurrar com a barriga até desistirem. Confia!",0,0,1,https://twitter.com/andrefernm/status/1638622173060546561
Pagina Aberta 22,@Paginaaberta22,https://twitter.com/Paginaaberta22/status/1642975312102273027,2023-04-03T19:40:14.000Z,"Pois é deputado.
Creioque precisa aprenderum pouco mais sobre caráter. Para saber lidar com os que não tem.
Acreditar no presidente do Senado só o fez ganhar mais tempo.",0,0,1,https://twitter.com/andrefernm/status/1638622173060546561
Rosangela Doelinger,@RDoelinger,https://twitter.com/RDoelinger/status/1638663834486308864,2023-03-22T22:07:57.000Z,Precisa desse cara ler o requerimento?,1,2,4,https://twitter.com/andrefernm/status/1638622173060546561
eliane,@ElianeAlfano,https://twitter.com/ElianeAlfano/status/1638625753968287771,2023-03-22T19:36:38.000Z,"Não entendo pq abril , passou da hora , tinha que ser já 🤔",0,1,13,https://twitter.com/andrefernm/status/1638622173060546561
Douglas Michelan,@Douglas34Reis,https://twitter.com/Douglas34Reis/status/1638626729760530432,2023-03-22T19:40:31.000Z,"Aí vocês acreditam em papai Noel também?
Ave maria, praticamente mas uma mês?@rodrigopacheco e contra o Brasil, sôo",0,3,28,https://twitter.com/andrefernm/status/1638622173060546561
Patrick Folena,@PatrickFolena2,https://twitter.com/PatrickFolena2/status/1638635880314175489,2023-03-22T20:16:52.000Z,"Só entre os dias 11 e 14 de abril?
Pq tão longe?
Vão enrolar vcs e a CPMI não sairá, espero eu estar errado!",0,0,20,https://twitter.com/andrefernm/status/1638622173060546561
Leonel Ferreira . ' .,@Prof_leonelfer,https://twitter.com/Prof_leonelfer/status/1638650042939502592,2023-03-22T21:13:09.000Z,E QUE NÃO APAREÇA NADA PARA EMBAÇAR ESSA  CPMI ! O PT E MESTRE NESTAS ARTIMANHAS 🆗  ?,0,2,13,https://twitter.com/andrefernm/status/1638622173060546561
MarquesWalker,@Marques43221106,https://twitter.com/Marques43221106/status/1638623051586609167,2023-03-22T19:25:54.000Z,"Vocês acreditaram no Pacheco?
Ele vai melar essa CPMI, anota aí.",2,5,87,https://twitter.com/andrefernm/status/1638622173060546561
Vitor Lemos,@Vitorlemoscgr,https://twitter.com/Vitorlemoscgr/status/1638625278179024915,2023-03-22T19:34:45.000Z,"Tomara q Pacheco honre esse acordo. Acho difícil, até pq, fosse ele honrado, muito, dessa bandalheira q acontece no Brasil, não estaria ocorrendo. Acho q vai enrolar, tanto q continuo pedindo aos senadores: Pacheco tem q ser DESTITUÍDO. Em todo o caso, acredito em vcs. Esperemos.",4,0,23,https://twitter.com/andrefernm/status/1638622173060546561
Charles Maximiliano,@CharlesMaximil6,https://twitter.com/CharlesMaximil6/status/1638623742380199936,2023-03-22T19:28:38.000Z,Tá doido...como vocês concordaram com isso???,1,1,9,https://twitter.com/andrefernm/status/1638622173060546561
claudia,@claudiacarval18,https://twitter.com/claudiacarval18/status/1638623908856250368,2023-03-22T19:29:18.000Z,"@nikolas_dm me admira vcs deixarem esse tempo todo,o cara tá ganhando tempo é muita inocência, sacanagem isso.",0,3,9,https://twitter.com/andrefernm/status/1638622173060546561
AntonioGarciaS. Deus - Pátria - Família,@AGarciaS1611,https://twitter.com/AGarciaS1611/status/1638653367835676674,2023-03-22T21:26:22.000Z,"Qual a justificativa dessa demora, se já tem o número de assinaturas suficiente?",0,1,3,https://twitter.com/andrefernm/status/1638622173060546561
M_Odete_Bolsonaro (DM NÃO),@Modete22,https://twitter.com/Modete22/status/1638654042367827968,2023-03-22T21:29:03.000Z,"Porque tanta demora?
Não poderia ler antes?
Pacheco é um inútil e está empurrando a CPMI com a barriga.",0,1,3,https://twitter.com/andrefernm/status/1638622173060546561
Eduardo Rosa Tannuri,@tannuridudinka,https://twitter.com/tannuridudinka/status/1638630230335078400,2023-03-22T19:54:25.000Z,Admiro vcs..bons parlamentares e inteligentes..parece q jogam em infanto juvenil porra.Vcs estão lhe dando com o que há de pior em solo brasileiro.Olha o exemplo do Bolsonaro porra.,0,0,1,https://twitter.com/andrefernm/status/1638622173060546561
Eduardo Rosa Tannuri,@tannuridudinka,https://twitter.com/tannuridudinka/status/1638637269006565376,2023-03-22T20:22:23.000Z,"Enquanto não chega o dia ,vcs deveriam todo o santo dia subir na tribuna e dizer...O Pacheco nos prometeu que dia x vai fazer a leitura da CPI esperamos que não faça igual aos processos de impeachment dos togados pq sabemos que ele se beneficiou em milhões pq tem processo no StF",0,0,2,https://twitter.com/andrefernm/status/1638622173060546561
Léo Maranhão,@LeoMaranhao22,https://twitter.com/LeoMaranhao22/status/1638622878785478673,2023-03-22T19:25:13.000Z,Pra cima!!!,2,2,56,https://twitter.com/andrefernm/status/1638622173060546561
Pri Rodrigues,@pri_rodriguess_,https://twitter.com/pri_rodriguess_/status/1638653628251553793,2023-03-22T21:27:24.000Z,Por que tanta demora 🙆🏻‍♀️,0,0,1,https://twitter.com/andrefernm/status/1638622173060546561
Gabriel (Gahbb) Pensador,@_Gahbb,https://twitter.com/_Gahbb/status/1638656213163585536,2023-03-22T21:37:40.000Z,Quero ver se ele vai cumprir o acordo.,0,0,1,https://twitter.com/andrefernm/status/1638622173060546561
R Luiz,@RLuiz_72,https://twitter.com/RLuiz_72/status/1638658359682297857,2023-03-22T21:46:12.000Z,"Ainda em Abr?? Tá de rosca essa CPMI!! Com certeza o PT, vira aí..",0,0,1,https://twitter.com/andrefernm/status/1638622173060546561
Alan,@Alan_Di_Sousa,https://twitter.com/Alan_Di_Sousa/status/1638625419023753237,2023-03-22T19:35:18.000Z,Já enrola na instauração da comissão há quase um mês e agora agora vai enrolar por mais quatro semanas. Ou mais.,0,0,7,https://twitter.com/andrefernm/status/1638622173060546561
TiadoZap Patriota #BOLSO2026 (SDV),@tiadozapatriota,https://twitter.com/tiadozapatriota/status/1638631133901381633,2023-03-22T19:58:01.000Z,"Mas gente, pra que demorar tanto? Não tá vendo que o desespero dos vermelhos pode trazer muito problema?
Não dá pra entender uma demora dessa!",0,1,4,https://twitter.com/andrefernm/status/1638622173060546561
José Francisco,@JosFranVilela,https://twitter.com/JosFranVilela/status/1639150753309773824,2023-03-24T06:22:48.000Z,Qual será a cortina de fumaça agora para barrar a cpmi.,1,0,2,https://twitter.com/andrefernm/status/1638622173060546561
maria do carmo de souza,@mcrdesouza,https://twitter.com/mcrdesouza/status/1638629737483436034,2023-03-22T19:52:28.000Z,É o que esperamos!!!,0,0,1,https://twitter.com/andrefernm/status/1638622173060546561
Grazi De A. B.,@after_or,https://twitter.com/after_or/status/1638654516802248704,2023-03-22T21:30:56.000Z,Três semanas? Da tempo de sobra para novos “incêndios” para acabarem com as provas…,0,0,1,https://twitter.com/andrefernm/status/1638622173060546561
Chadia A. Ahmad,@ManhaBella,https://twitter.com/ManhaBella/status/1638688981528215554,2023-03-22T23:47:53.000Z,"Por qual motivo essa demora? ""Entre 11 e 14/04""? As imagens estão sob sigilo. Vamos acordar! Ou peçam as provas em medida cautelar, ou o PT põe fogo em tudo. Há uma sessão marcada para o dia 28/03/23. Não faz sentido empurrar até o dia 15/04/2023. Tem gente PRESA.",1,0,4,https://twitter.com/andrefernm/status/1638622173060546561
Rosa Bolsonaro,@RosaMariaAssi12,https://twitter.com/RosaMariaAssi12/status/1638623277630341120,2023-03-22T19:26:48.000Z,"Se for homem de palavras.......
Então vamos aguardar!",0,0,3,https://twitter.com/andrefernm/status/1638622173060546561
Débora Franco,@Debbimf73,https://twitter.com/Debbimf73/status/1638624886816907276,2023-03-22T19:33:11.000Z,Pqp..,0,0,3,https://twitter.com/andrefernm/status/1638622173060546561
Jean Palmeir@s,Jean Palmeir@s,https://twitter.com/JeanPalmeiras1/status/1638625266049097738,2023-03-22T19:34:42.000Z,Não confiem nesse bananão,0,1,1,https://twitter.com/andrefernm/status/1638622173060546561
ThawayMi,@msp3msp,https://twitter.com/msp3msp/status/1638627326899437570,2023-03-22T19:42:53.000Z,"Pq tanto tempo ainda????
Qual o regimento???",0,0,6,https://twitter.com/andrefernm/status/1638622173060546561
Elson Santos,@ElsonSa78970603,https://twitter.com/ElsonSa78970603/status/1638628110684790793,2023-03-22T19:46:00.000Z,"Pacheco não é confiável.
Mas esperamos as senas dos próximos capítulos.",0,0,2,https://twitter.com/andrefernm/status/1638622173060546561
DelMSz 15/03,@DelmiraMathias,https://twitter.com/DelmiraMathias/status/1638628635794890752,2023-03-22T19:48:05.000Z,Nossa...todo esse tempo ainda!? Por quê a demora? Vc acreditou no que ele disse? Só acredito depois que acontecer. Esse cara é matreiro. Desconfie.,0,0,1,https://twitter.com/andrefernm/status/1638622173060546561
Papini,@papinipops,https://twitter.com/papinipops/status/1638622852176814084,2023-03-22T19:25:06.000Z,"UFA!!!
Se ele falou. Tá ""falido"".",2,0,12,https://twitter.com/andrefernm/status/1638622173060546561
Carlos Cruz,@CarlosC34248361,https://twitter.com/CarlosC34248361/status/1638623344068010019,2023-03-22T19:27:04.000Z,"Caramba! Esse adiamento é inadmissível. 
Acaba dando mais tempo para manobras.",0,5,98,https://twitter.com/andrefernm/status/1638622173060546561
Lenice Ribeiro,@LeniceRibeiro16,https://twitter.com/LeniceRibeiro16/status/1638637516277551106,2023-03-22T20:23:22.000Z,Ainda???,0,0,2,https://twitter.com/andrefernm/status/1638622173060546561
Tony,@Tony2808988,https://twitter.com/Tony2808988/status/1638640356970332162,2023-03-22T20:34:40.000Z,"Não confiamos em Pacheco, deputado. Esperar pra ver. 🙏🙏🙏🙏",0,1,3,https://twitter.com/andrefernm/status/1638622173060546561
7 Lagos 22,@Pacheco7Lagos1,https://twitter.com/Pacheco7Lagos1/status/1638643204340826113,2023-03-22T20:45:59.000Z,"Desde de quando o pachekuzao tem palavra?,aguarde.",0,0,2,https://twitter.com/andrefernm/status/1638622173060546561
Lhucyenn,@Luciene2222,https://twitter.com/Luciene2222/status/1638644627866517504,2023-03-22T20:51:38.000Z,Vamos ver se Pacheco não inventa mais uma desculpa!,0,1,4,https://twitter.com/andrefernm/status/1638622173060546561
@joatrindade_conta2,@joatrindade_conta2,https://twitter.com/joatrindade_2/status/1638681458524016640,2023-03-22T23:17:59.000Z,"Desculpem, mas porque não se instaura logo?
Já temos as assinaturas, o Brasil espera e tem pressa para os esclarecer dos atos do 8jan. 
Não corramos o risco do gov interferir comprando dep, distribuindo cargos, etc. Não sejam bonzinhos ,por favor.",0,1,3,https://twitter.com/andrefernm/status/1638622173060546561
Plinio P.P.,@PlinioPei1,https://twitter.com/PlinioPei1/status/1638622924973154305,2023-03-22T19:25:24.000Z,Muito demorada,0,0,1,https://twitter.com/andrefernm/status/1638622173060546561
Jean Palmeir@s,Jean Palmeir@s,https://twitter.com/JeanPalmeiras1/status/1638626173457408004,2023-03-22T19:38:18.000Z,"Agora fiquem espertos com as futuras manobras escabrosas da esquerda. Não fiquem acomodados , pois até lá muita coisa pode acontecer , chantagem, acordão etc...fiquem de olho nos ""maleáveis"" , pois a investida do desgoverno vai vir pesado.",0,0,1,https://twitter.com/andrefernm/status/1638622173060546561
Vanda Mascitelli,@MascitelliVanda,https://twitter.com/MascitelliVanda/status/1638628659199090697,2023-03-22T19:48:11.000Z,"Não confiem nesse crápula, está apenas ganhando tempo .",0,0,3,https://twitter.com/andrefernm/status/1638622173060546561
Wagner Rezende,@WagnerRezende18,https://twitter.com/WagnerRezende18/status/1638639305181609986,2023-03-22T20:30:29.000Z,Acredito! E também que o coelhinho da páscoa bota ovos de chocolate! O dito Pacheco  só tá ganhando tempo pra melar tudo! Kkkkkk,0,0,3,https://twitter.com/andrefernm/status/1638622173060546561
Rosa,@Rosalia_Francoo,https://twitter.com/Rosalia_Francoo/status/1638899902871662593,2023-03-23T13:46:00.000Z,Oremos!,0,0,0,https://twitter.com/andrefernm/status/1638622173060546561
karl920,@karl9202,https://twitter.com/karl9202/status/1638630578198118403,2023-03-22T19:55:48.000Z,Ainda?....Com a esquerda era tão rápido,0,0,2,https://twitter.com/andrefernm/status/1638622173060546561
Jordy,@JSCANELA,https://twitter.com/JSCANELA/status/1638630927831113729,2023-03-22T19:57:12.000Z,Não era dia 28/3?,1,0,1,https://twitter.com/andrefernm/status/1638622173060546561
Leandro,@leandro22897983,https://twitter.com/leandro22897983/status/1638636132987461632,2023-03-22T20:17:53.000Z,Não acredito que vai acontecer.,0,0,1,https://twitter.com/andrefernm/status/1638622173060546561
Mari_ssa,@Mari26910508,https://twitter.com/Mari26910508/status/1638649375697129478,2023-03-22T21:10:30.000Z,"Praticamente daqui há um mês???
Que p0rr∆ é essa???",0,0,7,https://twitter.com/andrefernm/status/1638622173060546561
YGGOR STRAUSSMANN,@konigyggor,https://twitter.com/konigyggor/status/1638675002848337921,2023-03-22T22:52:20.000Z,Ótima notícia💪💪💪,0,1,0,https://twitter.com/andrefernm/status/1638622173060546561
RITA,@conservadora_a,https://twitter.com/conservadora_a/status/1638679875518119938,2023-03-22T23:11:42.000Z,"🧐🧐🧐🧐🧐🧐🧐Não baixem a guarda!!!!
Fiquem atentos à formação da mesa e da comissão!!!!
Pacheco não é confiável!!!!",0,0,1,https://twitter.com/andrefernm/status/1638622173060546561
André Luís,@AndrLus99932257,https://twitter.com/AndrLus99932257/status/1639055467895828481,2023-03-24T00:04:10.000Z,"Taí, duvido que saia, se sair, duvido que seja correta.",0,0,0,https://twitter.com/andrefernm/status/1638622173060546561
+1brasileira,@mais1brasileir4,https://twitter.com/mais1brasileir4/status/1638622448839958533,2023-03-22T19:23:30.000Z,Ele disse por que está enrolando isso há 30 dias?,0,0,1,https://twitter.com/andrefernm/status/1638622173060546561
Edêmea Rocha,@EdemeaR,https://twitter.com/EdemeaR/status/1638633581412233220,2023-03-22T20:07:44.000Z,"Qual a razão ponderável de agendar  datas prováveis tão distantes??? Já desconfiamos, mas seria honesto por parte de @rodrigopacheco vir a público explicar.",1,1,7,https://twitter.com/andrefernm/status/1638622173060546561
,@katiaduarte,https://twitter.com/katiaduarte/status/1638630537672753160,2023-03-22T19:55:39.000Z,"11 de abril … pq prorrogar? 

“Antes tarde do que nunca”? 

CrenDeuspai",0,0,8,https://twitter.com/andrefernm/status/1638622173060546561
JOS,@MRJOS1942,https://twitter.com/MRJOS1942/status/1638631148862537734,2023-03-22T19:58:04.000Z,Se eles não conseguirem derrubar as assinaturas..,0,0,7,https://twitter.com/andrefernm/status/1638622173060546561
forte e paziente 22,@RosaMar19305421,https://twitter.com/RosaMar19305421/status/1638634851816587265,2023-03-22T20:12:47.000Z,"Nãos podem ser ingênuo, esse tempo será suficiente para aprontar, não confie.",0,0,9,https://twitter.com/andrefernm/status/1638622173060546561
𝕯𝖆𝖓𝖆 𝕭𝖚𝖙𝖑𝖊𝖗,@DanaButlerr,https://twitter.com/DanaButlerr/status/1638644993694003200,2023-03-22T20:53:05.000Z,Quase mês para o desgoverno convencer Parlamentares a retirarem a assinatura...,1,0,4,https://twitter.com/andrefernm/status/1638622173060546561
RoGazola,@rosanagazola,https://twitter.com/rosanagazola/status/1638638139521499136,2023-03-22T20:25:51.000Z,Ahhhh... fala sério que vocês acordaram com este traíra!? Daqui pra lá vão 🔥🔥🔥 o país!,1,0,4,https://twitter.com/andrefernm/status/1638622173060546561
Sayo,@Sayonara_Lima,https://twitter.com/Sayonara_Lima/status/1638622733561896974,2023-03-22T19:24:38.000Z,A cara do Pacheco tá dizendo:  eu vou estragar tudo!,1,0,5,https://twitter.com/andrefernm/status/1638622173060546561
Gustavo Gomes,@Gustavo18287207,https://twitter.com/Gustavo18287207/status/1638629091245977602,2023-03-22T19:49:54.000Z,"Parabéns pelo excelente trabalho, deputado André. Vc dá esperança aos patriotas …",2,1,2,https://twitter.com/andrefernm/status/1638622173060546561
Juliano Kemmerich,@Juliano_Kemm,https://twitter.com/Juliano_Kemm/status/1638630870159425537,2023-03-22T19:56:58.000Z,"Meu Deus do céu como vcs aceitam isso ? Já vi q não vai acontecer nunca essa CPMI, pq não sugeriram a ele instaurar em dezembro ? Talvez dê mais tempo pro crime organizado eliminar mais gente da direita 🤦🤦🤦🤦",1,4,35,https://twitter.com/andrefernm/status/1638622173060546561
BrasilDeTodos,@BR_DeTodos200Mi,https://twitter.com/BR_DeTodos200Mi/status/1638636681275363334,2023-03-22T20:20:03.000Z,"Nossa! O Brasil inteiro ficará esperando mais um mês p o @rodrigopacheco @SenadoFederal  lê o requerimento da #CPMIdo8deJaneiro ??

Precisamos urgente da abertura da CPMI, vai que facções criminosas estão envolvidos nas depredações do dia 08 ??",0,3,8,https://twitter.com/andrefernm/status/1638622173060546561
RealMarcellusBerro,@MarcellusBerro1,https://twitter.com/MarcellusBerro1/status/1638644348509204484,2023-03-22T20:50:31.000Z,"@camaradeputados 

O presidente DO @SenadoFederal NÃO É CONFIÁVEL.... ELE É UM INÚTIL 👍🏻",0,0,1,https://twitter.com/andrefernm/status/1638622173060546561
Jacqueline K.,@Jkristie22,https://twitter.com/Jkristie22/status/1638628133082374144,2023-03-22T19:46:05.000Z,Que imagem linda. Pra cimaaa 🚀🚀🚀,0,0,1,https://twitter.com/andrefernm/status/1638622173060546561
Maria Lucia,@MariaMariaUnica,https://twitter.com/MariaMariaUnica/status/1638631373261926413,2023-03-22T19:58:58.000Z,Daqui a mais TRÊS semanas! Surreal!!!,0,0,1,https://twitter.com/andrefernm/status/1638622173060546561
Lenita Castro,@LenitaCastro10,https://twitter.com/LenitaCastro10/status/1638644759928471553,2023-03-22T20:52:09.000Z,👏 Só com muitaaaa pressão.,0,0,1,https://twitter.com/andrefernm/status/1638622173060546561
Lourdes Eccher,@LourdesEccher,https://twitter.com/LourdesEccher/status/1638657740548501507,2023-03-22T21:43:44.000Z,Esperando esta CPMI.,0,0,3,https://twitter.com/andrefernm/status/1638622173060546561
Malú Sokolowski,@mlsokolowski,https://twitter.com/mlsokolowski/status/1638677164600991745,2023-03-22T23:00:55.000Z,"Ainda?
Isso é pra dar tempo de mais parlamentares retirarem a assinatura?",0,0,2,https://twitter.com/andrefernm/status/1638622173060546561
Chico Massuci,@CMassuci,https://twitter.com/CMassuci/status/1639229451446697985,2023-03-24T11:35:31.000Z,"Acho que não vai acontecer, eles irão dar um jeito de decretar intervenção federal em algum estado. Que tal RN.",0,0,0,https://twitter.com/andrefernm/status/1638622173060546561
junior Silva,@AderivaldoSilv3,https://twitter.com/AderivaldoSilv3/status/1638623271586242580,2023-03-22T19:26:46.000Z,O que será molusco vai fazer aumentar para 70 milhões  aposta para ver mais deputados tira  as assinaturas,0,0,2,https://twitter.com/andrefernm/status/1638622173060546561
Maria da Conceição - MG,@CnoronhaDa,https://twitter.com/CnoronhaDa/status/1638624499959472137,2023-03-22T19:31:39.000Z,Por que a demora?,0,0,2,https://twitter.com/andrefernm/status/1638622173060546561
Mônica Giusti,@DraMonicaGiusti,https://twitter.com/DraMonicaGiusti/status/1638624807548756011,2023-03-22T19:32:52.000Z,"Pq essas datas distantes?
Pra dar tempo aí do songa monga armar algo contra a CPMI?",0,0,3,https://twitter.com/andrefernm/status/1638622173060546561
WANIA PATRIOTA22,@ALCANTARAWANIA,https://twitter.com/ALCANTARAWANIA/status/1638721632654053376,2023-03-23T01:57:37.000Z,"PRESSÃO NESSE SUJEITO... NÃO SEI QUEM É PIOR, ELE OU O DESASTROSO ALCOLUMBRE...",0,0,0,https://twitter.com/andrefernm/status/1638622173060546561
₣ΔŦƗΜΔ,@fatimar42020232,https://twitter.com/fatimar42020232/status/1638841000603922435,2023-03-23T09:51:57.000Z,"Putz, porque td isso?",0,0,0,https://twitter.com/andrefernm/status/1638622173060546561
Miriam Celeste Del,@miriamdelpomo,https://twitter.com/miriamdelpomo/status/1638625411247513624,2023-03-22T19:35:16.000Z,Ainda ?!,1,0,1,https://twitter.com/andrefernm/status/1638622173060546561
Rinaldo Alves Obst,@AlvesObst,https://twitter.com/AlvesObst/status/1638625939323256833,2023-03-22T19:37:22.000Z,Porra este preguiça do cacete a mando do sistema quer atrasar porque??,0,1,1,https://twitter.com/andrefernm/status/1638622173060546561
#PL2630NÃO #PLDACENSURA,@KelliCristinaR8,https://twitter.com/KelliCristinaR8/status/1638627748024311815,2023-03-22T19:44:34.000Z,"Essa demora e inaceitável,.tem gente inocente presa.",0,0,1,https://twitter.com/andrefernm/status/1638622173060546561
#PL2630NÃO #PLDACENSURA,@KelliCristinaR8,https://twitter.com/KelliCristinaR8/status/1638627858540052480,2023-03-22T19:45:00.000Z,Está parecendo mais uma enrolação.,0,0,2,https://twitter.com/andrefernm/status/1638622173060546561
Iracema Teles,@TelesIracema,https://twitter.com/TelesIracema/status/1638637494160834562,2023-03-22T20:23:17.000Z,"Esse Pacheco não é uma pessoa confiável. 14/04 é sexta-feira, o Senado funciona às sextas? Eles trabalham apenas 3 dias da semana. Imaginei, terça, quarta e quinta.",0,0,4,https://twitter.com/andrefernm/status/1638622173060546561
#MudançasNosRegimentosDoCongresso,@CCConservador,https://twitter.com/CCConservador/status/1638755431458717697,2023-03-23T04:11:56.000Z,Data certa? Ele assinou algo ou foi só verbalmente?,0,0,0,https://twitter.com/andrefernm/status/1638622173060546561
newton chicati,@NChicati,https://twitter.com/NChicati/status/1638897095946956800,2023-03-23T13:34:51.000Z,Até lá ele já deu um jeitinho. Como sempre.,0,0,2,https://twitter.com/andrefernm/status/1638622173060546561
Chadia A. Ahmad,@ManhaBella,https://twitter.com/ManhaBella/status/1638767506771902464,2023-03-23T04:59:55.000Z,"Quantos ""influencers"" cretinos ficaram pilhando que a CPMI seria instalada dentro de ""alguns dias"", que o Moraes estava com medo.. Um disse que iria até Brasília e traria revelações sobre, e iam fazer e acontecer. Não fizeram NADA além de tic tac.",0,0,0,https://twitter.com/andrefernm/status/1638622173060546561
SCHEILA - EU ACREDITO NA JUSTIÇA DIVINA,@SCRREAL,https://twitter.com/SCRREAL/status/1638697088245551107,2023-03-23T00:20:06.000Z,Pq tão longe?,0,0,0,https://twitter.com/andrefernm/status/1638622173060546561
Marcos,@Marcos33141466,https://twitter.com/Marcos33141466/status/1638703786871889923,2023-03-23T00:46:43.000Z,Coelhinho da páscoa tá logo aí.,0,0,0,https://twitter.com/andrefernm/status/1638622173060546561
Marcello,@MarcelloMello74,https://twitter.com/MarcelloMello74/status/1638633887705251842,2023-03-22T20:08:57.000Z,"Deputados, não confiem, judicializem se necessário. 
Estão lidando com bandidos e estes por sua vez não tem palavra confiável.
Vou dar um palpite, antes disso teremos uma intervenção federal em um dos Rios e os senhores serão apenas passageiros da nossa agonia.",0,1,2,https://twitter.com/andrefernm/status/1638622173060546561
Sandro Alfredo Mendes,@SandroAlfredoMe,https://twitter.com/SandroAlfredoMe/status/1638833801710252032,2023-03-23T09:23:21.000Z,Ótimo trabalho.,0,0,0,https://twitter.com/andrefernm/status/1638622173060546561
Simone,@SFL6913,https://twitter.com/SFL6913/status/1638624485711421465,2023-03-22T19:31:36.000Z,"Considerando o tipo de ser que é esse Pacheco, duvido muito que ele fará isso. Com certeza, ele inventará alguma desculpa, quem sabe não virá uma decisão do @STF_oficial mandando suspender a leitura.",0,1,3,https://twitter.com/andrefernm/status/1638622173060546561
+1brasileira,@mais1brasileir4,https://twitter.com/mais1brasileir4/status/1643258306750828545,2023-04-04T14:24:45.000Z,Cadê?,0,0,0,https://twitter.com/andrefernm/status/1638622173060546561
Mirani,@Miranineves,https://twitter.com/Miranineves/status/1638633239114907648,2023-03-22T20:06:23.000Z,Força!!!! Não desistam.,0,0,3,https://twitter.com/andrefernm/status/1638622173060546561
Jose irenaldo,@irenaldo8,https://twitter.com/irenaldo8/status/1638635561236742145,2023-03-22T20:15:36.000Z,#ImpeachmentDoLulaJa,0,1,1,https://twitter.com/andrefernm/status/1638622173060546561
Iracema Teles,@TelesIracema,https://twitter.com/TelesIracema/status/1638636682890321920,2023-03-22T20:20:04.000Z,Para que tanta demora?,0,0,1,https://twitter.com/andrefernm/status/1638622173060546561
Carina,@Carina_ferikisu,https://twitter.com/Carina_ferikisu/status/1638623297242800150,2023-03-22T19:26:52.000Z,"Longe pra cacete, ate la ja era",0,0,8,https://twitter.com/andrefernm/status/1638622173060546561
Carlos C. P.,@procmar,https://twitter.com/procmar/status/1638644216426274823,2023-03-22T20:50:00.000Z,Até lá da pra fazer um buraco que atravessa lá no Japão... é muito tempo. Poderia ser terça!,0,0,2,https://twitter.com/andrefernm/status/1638622173060546561
Eu_Pry,@Eu_Pry2023,https://twitter.com/Eu_Pry2023/status/1638627661369995266,2023-03-22T19:44:13.000Z,"Vão correr esse risco? 
Qual a garantia que nenhum outro Deputado/Senador vá retirar o nome da lista até lá?!",1,0,1,https://twitter.com/andrefernm/status/1638622173060546561
Simone Kurotusche,@kurotusche,https://twitter.com/kurotusche/status/1638639328082513920,2023-03-22T20:30:34.000Z,Muito longe! Por que a demora? @rodrigopacheco Dando tempo pro Dilmo negociar?,0,1,1,https://twitter.com/andrefernm/status/1638622173060546561
Isabel Duque,@Isabelgdugue,https://twitter.com/Isabelgdugue/status/1638681304492326915,2023-03-22T23:17:22.000Z,Qual a justificativa dele?,0,0,2,https://twitter.com/andrefernm/status/1638622173060546561
Roberto,@Roberto39797088,https://twitter.com/Roberto39797088/status/1638623835577524239,2023-03-22T19:29:01.000Z,"Pelo menos temos uma data, porém muita coisa pode ocorrer para inviabiliza-la até lá...temos que permanecer na pressão.",0,0,4,https://twitter.com/andrefernm/status/1638622173060546561
Ayeska Carrião,@Ayeskacarriao1,https://twitter.com/Ayeskacarriao1/status/1638627552519389185,2023-03-22T19:43:47.000Z,"Nossa 1 mês praticamente. 
Será q ele tá esperando o alckmin assumir????
Pq do jeito q andam as coisas.... não vai precisar nem de cpmi",0,0,10,https://twitter.com/andrefernm/status/1638622173060546561
Luiz C. Canevassi,@LCCanevassi,https://twitter.com/LCCanevassi/status/1638628927269683200,2023-03-22T19:49:15.000Z,Precisariam explicar porque um prazo tão longo. A leitura não estava marcada para próxima sexta-feira?,0,0,2,https://twitter.com/andrefernm/status/1638622173060546561
Cris,@CrisTobias15,https://twitter.com/CrisTobias15/status/1638638546964606986,2023-03-22T20:27:28.000Z,"Gsuis pq tanta demora? O que mais precisa para isso acontecer? O povo quer a CPMI para ontem, chega de tanta enrolação, qual o medo que esse parlamentares tem?",0,0,2,https://twitter.com/andrefernm/status/1638622173060546561
JuaraDias01,@JuaraDias01,https://twitter.com/JuaraDias01/status/1638719834224459776,2023-03-23T01:50:29.000Z,"Vcs estão sendo ingênuos, não percebe que é mais uma forma de aquietar vcs? Depois ele tira uma licença, ou acha outro pretesto e vai empurrando com a barriga até que desistam. ESSA CPMI TEM QUE SER PRA ONTEM",0,0,1,https://twitter.com/andrefernm/status/1638622173060546561
Ise ... direita - SDV,@IseMMCA,https://twitter.com/IseMMCA/status/1638774665567956992,2023-03-23T05:28:21.000Z,🤡🍕🍕🍕🍕🍕🍕🍕🍕🍕,0,0,1,https://twitter.com/andrefernm/status/1638622173060546561
MariaNSV 22,@Mnsv14458067,https://twitter.com/Mnsv14458067/status/1638893328505634820,2023-03-23T13:19:53.000Z,Ele está enrolando todo mundo. Aff🙄,0,0,1,https://twitter.com/andrefernm/status/1638622173060546561
ceruliansky,@ceruliansky1,https://twitter.com/ceruliansky1/status/1638623700185391104,2023-03-22T19:28:28.000Z,tá  enrolando .....,0,0,1,https://twitter.com/andrefernm/status/1638622173060546561
Marcia Costa,@MarciaC50520655,https://twitter.com/MarciaC50520655/status/1638677589555388416,2023-03-22T23:02:37.000Z,"Tb acredito em papai noel, coelhinho da páscoa🤣🤣🤣🤣",0,0,1,https://twitter.com/andrefernm/status/1638622173060546561
Joaquim Teiner,@JoaquimTeiner,https://twitter.com/JoaquimTeiner/status/1638943491681124353,2023-03-23T16:39:13.000Z,"E o tempo se esvazia e as ameaças aos familiares dos deputados.vai ser feroz...aguardem,o mods OPERANDS destes é ameaçar e matar quem tiver no caminho...ACORDEM",0,0,0,https://twitter.com/andrefernm/status/1638622173060546561
José Oscar,@JosOsca04280505,https://twitter.com/JosOsca04280505/status/1639013031731658752,2023-03-23T21:15:32.000Z,Mesmo sabendo que tipo é o cara estão acreditando nele?   Inocentes.,0,0,0,https://twitter.com/andrefernm/status/1638622173060546561
Maria Amelia,@MariaAmelia2056,https://twitter.com/MariaAmelia2056/status/1638629977011757056,2023-03-22T19:53:25.000Z,Quantas narrativas e escândalos vão  surgir até  lá?,0,0,1,https://twitter.com/andrefernm/status/1638622173060546561
Jo3926,@jo3926santi,https://twitter.com/jo3926santi/status/1638659529574428675,2023-03-22T21:50:51.000Z,"Que absurdo, abril?",0,0,1,https://twitter.com/andrefernm/status/1638622173060546561
Cristiane R Ilg,@cristiane_ilg,https://twitter.com/cristiane_ilg/status/1638901509504253953,2023-03-23T13:52:23.000Z,#pachecoprevaricador ESSE CARA NÃO É CONFIÁVEL!,0,0,1,https://twitter.com/andrefernm/status/1638622173060546561
Silvana,@Maktub1619,https://twitter.com/Maktub1619/status/1638624339774808088,2023-03-22T19:31:01.000Z,ABRIL ? vocês deveriam ter vergonha na cara de combinar algo que vai acontecer daqui a quase 30 dias,0,0,1,https://twitter.com/andrefernm/status/1638622173060546561
CharlieMartins,@CharlieAM1975,https://twitter.com/CharlieAM1975/status/1638729850134339591,2023-03-23T02:30:17.000Z,"Só dia 14 de Abril? Estão de brincadeira e deixando esse Pacheco pisar em vcs. Não vou chama-los de moles porque acompanho os trabalhos de vcs, mas esse Pacheco já deu o que tinha que dar. Já está extrapolando. 
Chego a pensar que ele tem algo a esconder.",0,0,3,https://twitter.com/andrefernm/status/1638622173060546561
Kathya Theresa Gelbcke,@CatharynnaTer,https://twitter.com/CatharynnaTer/status/1638677756505366528,2023-03-22T23:03:16.000Z,Queremos CPMI do dia 08 de Janeiro,0,0,0,https://twitter.com/andrefernm/status/1638622173060546561
Francisco Bento,@ChicoBentoReasa,https://twitter.com/ChicoBentoReasa/status/1638681773076008960,2023-03-22T23:19:14.000Z,"https://twitter.com/opropriolavo/status/1156658528775495680?s=20…Risinho do Pacheco, a resposta do Professor Olavo",0,0,0,https://twitter.com/andrefernm/status/1638622173060546561
Lenice Monteiro Arruda,@arruda_lenice,https://twitter.com/arruda_lenice/status/1638730670011817986,2023-03-23T02:33:32.000Z,"FIQUEM de olho !!! Até lá , ""muita água passará debaixo da ponte"" ... Menos a do São Francisco , certo ??? Muito sucesso nassa luta, André Fernandes & Cia !!! 🇧🇷🇧🇷🇧🇷🙏🏼",0,0,0,https://twitter.com/andrefernm/status/1638622173060546561
Adilson,@AdilsonMafraSc,https://twitter.com/AdilsonMafraSc/status/1638875396572626944,2023-03-23T12:08:38.000Z,Acho que não se pode confiar nisso.,0,0,0,https://twitter.com/andrefernm/status/1638622173060546561
Juntos,@Carvalh56734087,https://twitter.com/Carvalh56734087/status/1638883191418134529,2023-03-23T12:39:36.000Z,"SÃO TOMÉ!
Essa CPMI seria uma 💣bomba no núcleo do crime organizado. 
Por isso, só acredito vendo!",0,0,0,https://twitter.com/andrefernm/status/1638622173060546561
Carlos R. Bastelli,@crbastelli,https://twitter.com/crbastelli/status/1638938106039509000,2023-03-23T16:17:49.000Z,PacheCUZÃO,0,0,0,https://twitter.com/andrefernm/status/1638622173060546561
gareth,@gareth_rocha,https://twitter.com/gareth_rocha/status/1638625062742794246,2023-03-22T19:33:53.000Z,Não confio nesse sujeito.,0,0,1,https://twitter.com/andrefernm/status/1638622173060546561
Janaína Santos,@JananaS95786572,https://twitter.com/JananaS95786572/status/1638628610251653120,2023-03-22T19:47:59.000Z,Olha o risinho sórdido do Pacheco!,0,0,1,https://twitter.com/andrefernm/status/1638622173060546561
Carlos,@camriba,https://twitter.com/camriba/status/1638804706972581888,2023-03-23T07:27:44.000Z,Que dificuldade  para esse funcionário público cumprir com suas obrigações!,0,0,0,https://twitter.com/andrefernm/status/1638622173060546561
Adalberto Costa,@Adalber32762623,https://twitter.com/Adalber32762623/status/1638674214981910529,2023-03-22T22:49:12.000Z,"Rodrigo Pacheco esta adiando tudo o que pode pra ver se nos bastidores consegue convencer deputados e senadores a retirarem suas assinaturas, não vai conseguir.",0,0,0,https://twitter.com/andrefernm/status/1638622173060546561
Marcele Luzia,@LuziaMarcele,https://twitter.com/LuziaMarcele/status/1638678048500228102,2023-03-22T23:04:26.000Z,P q tão longe?,0,0,0,https://twitter.com/andrefernm/status/1638622173060546561
Luciana,@LucianaPartata,https://twitter.com/LucianaPartata/status/1638705011734597634,2023-03-23T00:51:35.000Z,Porquê ainda demorará quase 15 dias? Qual a desculpa?,0,0,0,https://twitter.com/andrefernm/status/1638622173060546561
SMDJBRAZIL,@SDMJDBRAZIL,https://twitter.com/SDMJDBRAZIL/status/1638735453326295040,2023-03-23T02:52:32.000Z,"E os senhores acreditaram?
Olha a cara dele na foto .",0,0,0,https://twitter.com/andrefernm/status/1638622173060546561
André Lyra,@lyra0702,https://twitter.com/lyra0702/status/1638847785276526592,2023-03-23T10:18:54.000Z,Vcs são ingênuos ou sem noção mesmo??,0,0,0,https://twitter.com/andrefernm/status/1638622173060546561
Paulo Santos,@PauloSa23567871,https://twitter.com/PauloSa23567871/status/1638902278911344640,2023-03-23T13:55:27.000Z,"ESTAMOS CONFIANTES NESSE ACONTECIMENTO QUE SERÁ ELUCIDATIVO PARA AS FAMÍLIAS DO NOSSO BRASIL.
CPMI, JÁ....
NÓS NÃO QUEREMOS VINGANÇA 
MAIS JUSTIÇA CONTRA OS DESORDEIROS QUE LÁ ESTIVERAM E APRONTARAM A DESTRUIÇÃO EM 08/01/2023.",0,0,0,https://twitter.com/andrefernm/status/1638622173060546561
Kdinei,@Kdinei1,https://twitter.com/Kdinei1/status/1638902451477819392,2023-03-23T13:56:08.000Z,"Kkkkkkkkkkkkk já vi que vcs tem tempo sobrando para perder,acham mesmo que Pacheco irá acatar um pedido de vcs,parem vcs são mais inteligentes que isso.",0,0,0,https://twitter.com/andrefernm/status/1638622173060546561
luci,@Estrele7Luci,https://twitter.com/Estrele7Luci/status/1638625174810402873,2023-03-22T19:34:20.000Z,Demora demais,0,0,1,https://twitter.com/andrefernm/status/1638622173060546561
Vera L. Batista Neves,@veraluneves,https://twitter.com/veraluneves/status/1638675385515757568,2023-03-22T22:53:51.000Z,Esse Rodrigo Pacheco 🤦‍♀️,0,0,0,https://twitter.com/andrefernm/status/1638622173060546561
Elisa,@Elisa53771644,https://twitter.com/Elisa53771644/status/1638623511764672536,2023-03-22T19:27:44.000Z,Muita demora Deputado!,0,0,1,https://twitter.com/andrefernm/status/1638622173060546561
𝒪𝓊𝓇 𝒫𝑒𝑜𝓅𝓁𝑒,@_mandalorian_Z,https://twitter.com/_mandalorian_Z/status/1638628258806734849,2023-03-22T19:46:35.000Z,"Até lá, luta pra conseguir mais assinaturas.🙏",0,0,1,https://twitter.com/andrefernm/status/1638622173060546561
sempreadireita,@sempreadireita3,https://twitter.com/sempreadireita3/status/1638627954375663622,2023-03-22T19:45:23.000Z,"E dale protelar,interessante que a CPI da pandemia saiu assim num piscar de olhos...So pra atrapalhar o governo Bolsonaro",0,0,2,https://twitter.com/andrefernm/status/1638622173060546561
Marcio Roberto da Silva,@MarcioRS1980,https://twitter.com/MarcioRS1980/status/1638664793413554177,2023-03-22T22:11:46.000Z,"Ele já havia dito que seria na última semana do mês de Março, agora adiou para Abril, acho que vcs já deveriam ter judicializado isso aí",0,0,1,https://twitter.com/andrefernm/status/1638622173060546561
MarcioAraujo #B22,@MarcioAraujo61,https://twitter.com/MarcioAraujo61/status/1638678157346709504,2023-03-22T23:04:52.000Z,Ou destruírem mais provas.,0,0,1,https://twitter.com/andrefernm/status/1638622173060546561
PATRIOTABS,@JosEraldoBS1,https://twitter.com/JosEraldoBS1/status/1638770581377101824,2023-03-23T05:12:08.000Z,🇧🇷🇧🇷🇧🇷🇧🇷🙏🙏🙏⚖️⚖️⚖️,0,0,1,https://twitter.com/andrefernm/status/1638622173060546561
Edglê Motorista Delivery,@Edgle38,https://twitter.com/Edgle38/status/1638645281674735618,2023-03-22T20:54:14.000Z,A cara dele de deboche não trás confiança nenhuma,0,0,1,https://twitter.com/andrefernm/status/1638622173060546561
litoral,@rcoelholitoral,https://twitter.com/rcoelholitoral/status/1639043142816251907,2023-03-23T23:15:11.000Z,"e vcd acreditaram, meu deus, me engana que eu gosto..pacheco ta querendo grana do lula.",0,0,0,https://twitter.com/andrefernm/status/1638622173060546561
Pierangeli Sampaio,@PierangeliSamp2,https://twitter.com/PierangeliSamp2/status/1638643577520631808,2023-03-22T20:47:28.000Z,Porque toda essa demora 🤦,0,0,1,https://twitter.com/andrefernm/status/1638622173060546561
Maria,@madrilenha,https://twitter.com/madrilenha/status/1638653683658358784,2023-03-22T21:27:37.000Z,"O Pacheco está só sabotando.Mas parabéns pra vcs.Pra cima deles mesmo que a balança da justiça só tenha  um lado,o esquerdo.",0,0,1,https://twitter.com/andrefernm/status/1638622173060546561
Klesia Pimentel de Araujo,@klesiapimentel1,https://twitter.com/klesiapimentel1/status/1638627234780000256,2023-03-22T19:42:31.000Z,3 Homens e 1 c@n@lh@,0,0,1,https://twitter.com/andrefernm/status/1638622173060546561
Fore Lule!,@MarcoSo21382673,https://twitter.com/MarcoSo21382673/status/1638656930712555520,2023-03-22T21:40:31.000Z,Quase um mês de tempo para ser instalado???,0,0,1,https://twitter.com/andrefernm/status/1638622173060546561
pedreira,@pedreiradaPB,https://twitter.com/pedreiradaPB/status/1638642119215824897,2023-03-22T20:41:40.000Z,"Duvido essa múmia do @ptbrasil, o @rodrigopacheco, cumprir com a palavra. É só mais um embromation. @andrefernm @nikolas_dm @efraimfilho @rogeriosmarinho  @alertatotal @marcelvanhattem @marcosdoval @deltanmd @SF_Moro @carlosfportinho @ArthurLira_ @Heinzeoficial @jairbolsonaro",0,0,1,https://twitter.com/andrefernm/status/1638622173060546561
Junior,@Junior35429146,https://twitter.com/Junior35429146/status/1638636680663154688,2023-03-22T20:20:03.000Z,"Sinto muito,  mas isso faz com  que pensemos que não estão com muita vontade de descobrir os verdadeiros culpados",0,0,1,https://twitter.com/andrefernm/status/1638622173060546561
Madruga Bolado (Conta reserva),@bolado_madruga,https://twitter.com/bolado_madruga/status/1638665257622093824,2023-03-22T22:13:37.000Z,Pqp,0,0,1,https://twitter.com/andrefernm/status/1638622173060546561
Claudia Regina,@ClaudiaRPistola,https://twitter.com/ClaudiaRPistola/status/1638893763241156608,2023-03-23T13:21:36.000Z,Vai demorar isto tudo ainda? Era pra ser pra ontem esse sujeito que está na presidência da República precisa de um IMPEACHMENT e o Dino PRESO,0,0,1,https://twitter.com/andrefernm/status/1638622173060546561
CARDOSO SILVA,@JosCardosodaS11,https://twitter.com/JosCardosodaS11/status/1638644589677408261,2023-03-22T20:51:29.000Z,PACHECUZÃO não vai cumprir o acordo feito porque ele não tem palavra,0,0,1,https://twitter.com/andrefernm/status/1638622173060546561
Mara Bolsonaro,@Mara21Castro,https://twitter.com/Mara21Castro/status/1638626964276649984,2023-03-22T19:41:27.000Z,👏👏👏👏👏,0,0,1,https://twitter.com/andrefernm/status/1638622173060546561
R P,@RPcomVC,https://twitter.com/RPcomVC/status/1638639959564488704,2023-03-22T20:33:05.000Z,"Será mesmo.@rodrigopacheco teremos a CPMI?
QUANDO SERÁ LIDO O REQUERIMENTO?",0,1,0,https://twitter.com/andrefernm/status/1638622173060546561
Edna Tavares,@EdnaToledo80,https://twitter.com/EdnaToledo80/status/1638657750568714241,2023-03-22T21:43:47.000Z,"Pelo menos agendaram né,  mas que demora viu.",0,0,0,https://twitter.com/andrefernm/status/1638622173060546561
Karla,@KarlaKarioca,https://twitter.com/KarlaKarioca/status/1638638646118039552,2023-03-22T20:27:52.000Z,"ABRIL????? PQ TAO DISTANTE? Gente, tem gente inocente em presídio",0,0,0,https://twitter.com/andrefernm/status/1638622173060546561
Eduardo Rosa Tannuri,@tannuridudinka,https://twitter.com/tannuridudinka/status/1638624392820170767,2023-03-22T19:31:14.000Z,Vcs são muito inocentes..porra daqui até lá...kkkkkk,0,0,0,https://twitter.com/andrefernm/status/1638622173060546561
Vanderli,@vanderli_aquino,https://twitter.com/vanderli_aquino/status/1638627911212187649,2023-03-22T19:45:12.000Z,Ainda! É muita enrolação!,0,0,0,https://twitter.com/andrefernm/status/1638622173060546561
Valdemir,@MontanValdemir,https://twitter.com/MontanValdemir/status/1638629466770649091,2023-03-22T19:51:23.000Z,"É, parece que ninguém trabalha por aí. Num mês com 31 dias, em pleno dia 22, só teremos alguma ação em meados de abril 🤦.",0,0,0,https://twitter.com/andrefernm/status/1638622173060546561
.'.𝐇𝐞𝐧𝐫𝐢𝐪𝐮𝐞 𝐑𝐚𝐦𝐨𝐬®.'.,@Henferra,https://twitter.com/Henferra/status/1638630711803490308,2023-03-22T19:56:20.000Z,Ao que tudo indica??,0,0,0,https://twitter.com/andrefernm/status/1638622173060546561
Anne Gomes,@anne_gomes,https://twitter.com/anne_gomes/status/1638630896956735488,2023-03-22T19:57:04.000Z,"Esse cara gosta de uma morosidade… enrola pra dar tempo de outra desculpa pra adiantar. 
Me lembrou o Nhonho…",0,0,0,https://twitter.com/andrefernm/status/1638622173060546561
gilmara,@gilmara2512,https://twitter.com/gilmara2512/status/1638632842807881732,2023-03-22T20:04:48.000Z,"Na boa,essa cordialidade que vcs tem com bandidos dentro da câmara, da não",0,0,0,https://twitter.com/andrefernm/status/1638622173060546561
Divane Brito,@divanebrito,https://twitter.com/divanebrito/status/1638635373923540992,2023-03-22T20:14:52.000Z,"A questão que fica, é porque esse ""entre"" seria prazo pra novas estratégias?
Gostaria muito que o dia fosse definido, o assunto pede.
Parece que essa resposta do xecăo, aparenta agenda sem planejamento.
Mas deve fazer parte do plano .",0,0,0,https://twitter.com/andrefernm/status/1638622173060546561
kleber loureiro,@kleberloureiro8,https://twitter.com/kleberloureiro8/status/1638638932622548998,2023-03-22T20:29:00.000Z,Palhaçada. Hoje ainda são 22…,0,0,0,https://twitter.com/andrefernm/status/1638622173060546561
Cristiana Nóbrega,@crismnobrega,https://twitter.com/crismnobrega/status/1638677564662202368,2023-03-22T23:02:31.000Z,"Devemos ficar de olhos bem abertos com os Deputados e Senadores que irão para a China no trem da alegria do (Des) Governo, são muitas horas de conversas para o convencimento na retirada de assinaturas, se é que vocês me  entendem. 💸💸💸💸",0,0,1,https://twitter.com/andrefernm/status/1638622173060546561
Fabi da Pavuna,@babipatriota22,https://twitter.com/babipatriota22/status/1638842332685701121,2023-03-23T09:57:14.000Z,Poha jogaram lá pro meado de abril... Mas se fosse aumento de salário...,0,0,1,https://twitter.com/andrefernm/status/1638622173060546561
Marco A S Maria,@masm2010,https://twitter.com/masm2010/status/1638678622696361984,2023-03-22T23:06:43.000Z,"Eu não confio nesse senador, ele vai para a China com o nome é vai arrumar algum jeito de não ler o requerimento",0,0,1,https://twitter.com/andrefernm/status/1638622173060546561
Gertrudes D'Aguiar,@gertrudaguiar,https://twitter.com/gertrudaguiar/status/1639055878018965506,2023-03-24T00:05:48.000Z,"E nós, representados por vocês, podemos saber o motivo da CPMI ser postergada por tanto tempo? Por que a espera? Por que não aconteceu ainda? E se ele concordou que a “sessão conjunta” aconteça entre 11 e 14 de abril, por que não entre 28 e 31 de março? Qual o motivo do segredo?",1,0,1,https://twitter.com/andrefernm/status/1638622173060546561
Rosana por um Brasil Livre,@Rosana_Rodni,https://twitter.com/Rosana_Rodni/status/1638665925149749253,2023-03-22T22:16:16.000Z,Esse Pacheco é um lesma. Porque tanta demora?,0,0,1,https://twitter.com/andrefernm/status/1638622173060546561
Maicon39 Pelegrino,@Maicon39P,https://twitter.com/Maicon39P/status/1638622584378892295,2023-03-22T19:24:02.000Z,"SO GANHANDO TEMPO, ESSA CPMI E URGENTE NÃO PODE MAIS ESPERAR🤡",1,0,31,https://twitter.com/andrefernm/status/1638622173060546561
ElaineRM,@Elaine32593846,https://twitter.com/Elaine32593846/status/1638622615484108802,2023-03-22T19:24:10.000Z,Me parece enrolação da parte dele,0,0,11,https://twitter.com/andrefernm/status/1638622173060546561
ORO Heraldo8866,@HeraldoVieira,https://twitter.com/HeraldoVieira/status/1638623897535881216,2023-03-22T19:29:15.000Z,"Cuidado André, esse velhaco está te enrolando 🤨🤨🤨",0,0,2,https://twitter.com/andrefernm/status/1638622173060546561
Rosana Santos,@zana210466,https://twitter.com/zana210466/status/1638624715097907208,2023-03-22T19:32:30.000Z,"Fala sério, pq tão longe ?? É inacreditável a submissão a esse capacho  🤡",0,0,10,https://twitter.com/andrefernm/status/1638622173060546561
