nome,usuario,idTweet,dataPublicacao,texto,replies,retweets,likes,tweetPai
"O mundo muda, só não mudam meus princípios!",@vando_correia,https://twitter.com/vando_correia/status/1638651844774772737,2023-03-22T21:20:19.000Z,"Um monte dessas igrejas são empresas que comercializam diversos produtos, e assim precisam recolher seus impostos como qualquer outra empresa.",0,0,4,https://twitter.com/BohnGass/status/1638618671118688256
Sandra,@SandraL11291780,https://twitter.com/SandraL11291780/status/1638620923174739969,2023-03-22T19:17:26.000Z,"Não concordo. E tem que incluir nessa PEC que eles não podem se envolver em política, como declarar candidato  e fazer campanha",0,0,2,https://twitter.com/BohnGass/status/1638618671118688256
Rita Antipática,@ritaantipatica,https://twitter.com/ritaantipatica/status/1638625222244040704,2023-03-22T19:34:31.000Z,"Ops, era não.",0,0,1,https://twitter.com/BohnGass/status/1638618671118688256
Daniel William,@DanielWilliamV2,https://twitter.com/DanielWilliamV2/status/1639670989284835329,2023-03-25T16:50:02.000Z,Não concordo deputado.,0,0,0,https://twitter.com/BohnGass/status/1638618671118688256
Sandro Múcio,@SandroMucio,https://twitter.com/SandroMucio/status/1638684882585935873,2023-03-22T23:31:35.000Z,A igreja nunca comprova a renda obtida de doações e agora não quer pagar impostos. Vira o templo perfeito pra lavagem de dinheiro.,0,0,1,https://twitter.com/BohnGass/status/1638618671118688256
QLhatiffa,@QLathiffa,https://twitter.com/QLathiffa/status/1638725113930743808,2023-03-23T02:11:27.000Z,Na minha opinião cristã somente os custos de propagação da fé (publicidade) deveria ter imunidade.,0,0,0,https://twitter.com/BohnGass/status/1638618671118688256
Lasso Sant'Anna,@Lasso_Santanna,https://twitter.com/Lasso_Santanna/status/1638665385586364416,2023-03-22T22:14:07.000Z,"Não é uma questão simples. Quando pensamos em uma igrejinha isso poderia ser muito válido, mas certamente quem vai se beneficiar dessa PEC não é a igrejinha e sim a Igreja Universal, a Igreja Mundial, a Igreja da Graça, a Vitória em Cristo e igrejas e denominações análogas.",0,0,1,https://twitter.com/BohnGass/status/1638618671118688256
SEM ANISTIA,@filho_eloi,https://twitter.com/filho_eloi/status/1638622804873732104,2023-03-22T19:24:55.000Z,"Essa PEC fere a CF, pois o Estado não pode subvencionar cultos. Na minha modesta opinião a imunidade prevista na CF não pode ir além do prédio do templo em si! STF extendeu essa imunidade de modo contrário a vários princípios constitucionais",0,0,2,https://twitter.com/BohnGass/status/1638618671118688256
Glaucia,@Glaucijuca,https://twitter.com/Glaucijuca/status/1639051973914951680,2023-03-23T23:50:17.000Z,NÃO,0,0,0,https://twitter.com/BohnGass/status/1638618671118688256
