nome,usuario,idTweet,dataPublicacao,texto,replies,retweets,likes,tweetPai
Whiterabbit,@LittleJohn1776,https://twitter.com/LittleJohn1776/status/1639478003422965760,2023-03-25T04:03:10.000Z,"Que não são de Curitiba,  o Marreco é de Maringá,  e o Deltan de Pato Branco.  A dupla pato e marreco envergonhando o bom nome da capital paranaense.",1,0,0,https://twitter.com/BohnGass/status/1639444885043281924
Bohn Gass,@BohnGass,https://twitter.com/BohnGass/status/1639593607425392641,2023-03-25T11:42:32.000Z,"Vc tem razão @LittleJohn1776. Curitiba não tem nada com isso, mas por ter sido o palco para esta patacoada (perdão pelo trocadilho) toda, levou a fama.",0,0,1,https://twitter.com/BohnGass/status/1639444885043281924
Marcos dos Santos,@Marcosd18171558,https://twitter.com/Marcosd18171558/status/1639962722283450368,2023-03-26T12:09:16.000Z,Moro tá tentando criminalizar o PT e o PT não vai fazer nada?,0,0,0,https://twitter.com/BohnGass/status/1639444885043281924
Maria Maria,@MariaMa94595384,https://twitter.com/MariaMa94595384/status/1639754790304358401,2023-03-25T22:23:01.000Z,"Fiquem só nos avisinhos, na história julgará... pra vcs verem?!?
KD polícia federal?
KD ministério da justiça?
KD prisões com provas fartas?
Estaria faltando convicção?",0,0,0,https://twitter.com/BohnGass/status/1639444885043281924
Cosa Nos7ra,@Cosanos7ra,https://twitter.com/Cosanos7ra/status/1639811561853206529,2023-03-26T02:08:37.000Z,Os fatos eram falsos kkkk o dinheiro devolvido também,0,0,0,https://twitter.com/BohnGass/status/1639444885043281924
Zé Carlos FORA CAMPOS NETO!,@JosCarlosSampa,https://twitter.com/JosCarlosSampa/status/1639502690693660673,2023-03-25T05:41:16.000Z,"E por isso estão tentando vincular o @TheInterceptBr   ao PCC.
Clara tentativa de desacreditar a Vaza Jato como se o PCC tivesse pago pela Vaza Jato para beneficiar o Presidente @LulaOficial. E isso tudo às vésperas do depoimento do @TaclaDuran .",0,0,0,https://twitter.com/BohnGass/status/1639444885043281924
Dallagnol: CHUPA QUE A CANA É DOCE!,@CarlosMarquesL3,https://twitter.com/CarlosMarquesL3/status/1639764920999788548,2023-03-25T23:03:17.000Z,"Na GANGUE a defesa mútua é lei. Perpetrado o CRIME, mantenha a VERSÃO a todo custo! É o caso do GOLPE de 2016, dos 580 dias de @LulaOficial na CADEIA (para não ser eleito), obra de MORO em CO-AUTORIA com a MÍDIA mais vil e venal do mundo e da FAK(E)ADA. Caso PCC/MORO é IGUALZINHO",0,0,0,https://twitter.com/BohnGass/status/1639444885043281924
leonir santini,@leonirsantini,https://twitter.com/leonirsantini/status/1639742021454667780,2023-03-25T21:32:17.000Z,"Alô @gleisi ,@randolfeap  @FlavioDino",0,0,0,https://twitter.com/BohnGass/status/1639444885043281924
