nome,usuario,idTweet,dataPublicacao,texto,replies,retweets,likes,tweetPai
Dayane Tentardini,@Daytentardini,https://twitter.com/Daytentardini/status/1639034562792570886,2023-03-23T22:41:06.000Z,Justiça demorou.... mas condenou,1,0,2,https://twitter.com/BohnGass/status/1639030417943670785
Cláudia #Lula,@tuira0906,https://twitter.com/tuira0906/status/1639031081868623873,2023-03-23T22:27:16.000Z,"Tardou... tardou demais, Bê",1,0,2,https://twitter.com/BohnGass/status/1639030417943670785
DeniseValdez,@Denise87401709,https://twitter.com/Denise87401709/status/1639053624834768896,2023-03-23T23:56:50.000Z,Eu achei pouco já que não vai cumprir a pena completa,0,0,4,https://twitter.com/BohnGass/status/1639030417943670785
Ivana Emerick,@ivanaemerick,https://twitter.com/ivanaemerick/status/1639052565919809538,2023-03-23T23:52:38.000Z,Justiça!,0,0,1,https://twitter.com/BohnGass/status/1639030417943670785
Herly Lula da Silva,@HerlyPereira,https://twitter.com/HerlyPereira/status/1639043002059374593,2023-03-23T23:14:38.000Z,"BERNARDO VIVE!

Justiça sendo feita... mais pra ser sincero acho q 31 anos foi pouco... crime bárbaro!!!",0,0,4,https://twitter.com/BohnGass/status/1639030417943670785
Wilminha,@Wilminhamfs,https://twitter.com/Wilminhamfs/status/1639044479075360770,2023-03-23T23:20:30.000Z,Muito pouco para uma pessoa que mata um ser indefeso,0,0,1,https://twitter.com/BohnGass/status/1639030417943670785
Leon Liñares,@xenotar31,https://twitter.com/xenotar31/status/1639037567365414913,2023-03-23T22:53:02.000Z,Excelente.,0,0,0,https://twitter.com/BohnGass/status/1639030417943670785
