nome,usuario,idTweet,dataPublicacao,texto,replies,retweets,likes,tweetPai
Ana | Anti-Partido Fardado,@anaclaporto,https://twitter.com/anaclaporto/status/1639321361108566020,2023-03-24T17:40:44.000Z,💪💪💪💪,0,0,1,https://twitter.com/BohnGass/status/1639320856349253632
Sonia #PTSempreEPraSempre,@somel62,https://twitter.com/somel62/status/1639325971898675200,2023-03-24T17:59:03.000Z,Estaremos 👏🏽👏🏽👏🏽👏🏽👏🏽,0,0,1,https://twitter.com/BohnGass/status/1639320856349253632
Cláudia #Lula,@tuira0906,https://twitter.com/tuira0906/status/1639322481910579203,2023-03-24T17:45:11.000Z,"Tb, será q vai transmitir?",0,0,0,https://twitter.com/BohnGass/status/1639320856349253632
Orivaldir,@orivaldir,https://twitter.com/orivaldir/status/1639350511018074112,2023-03-24T19:36:34.000Z,"Faça primeiro a lição de casa e seja atento ao ""seu"" Governo...",0,0,0,https://twitter.com/BohnGass/status/1639320856349253632
MarcusV,@m_f_vieira,https://twitter.com/m_f_vieira/status/1639380388987412481,2023-03-24T21:35:17.000Z,"Por favor, faça isso.",0,0,1,https://twitter.com/BohnGass/status/1639320856349253632
,@ElioG_Rocha,https://twitter.com/ElioG_Rocha/status/1639369405745319936,2023-03-24T20:51:38.000Z,"Se os cúmplices do TRF4 não arranjarem algum atalho para impedir antes.

Estamos lidando com gente criminosa, que a tudo corre, pra evitar a exposição de seus CRIMES.",0,0,0,https://twitter.com/BohnGass/status/1639320856349253632
Carlos Roberto Moraes Magalhaes,@carlosmoraes21,https://twitter.com/carlosmoraes21/status/1639396191291994119,2023-03-24T22:38:05.000Z,Cadê o Zucolotto ?,0,0,2,https://twitter.com/BohnGass/status/1639320856349253632
Cleide Ciriacos,@PortellaChe12,https://twitter.com/PortellaChe12/status/1639454504520220673,2023-03-25T02:29:48.000Z,Ansiosíssima!!,0,0,0,https://twitter.com/BohnGass/status/1639320856349253632
Carlos Bastos,@CarlosB51061569,https://twitter.com/CarlosB51061569/status/1639323637932072961,2023-03-24T17:49:47.000Z,Vamos juntos,0,0,0,https://twitter.com/BohnGass/status/1639320856349253632
Geni De Aquino Lago,@geni_lago,https://twitter.com/geni_lago/status/1639358158836490251,2023-03-24T20:06:57.000Z,Eu também estarei atenta.,0,0,1,https://twitter.com/BohnGass/status/1639320856349253632
lina fortes,@linafortes3,https://twitter.com/linafortes3/status/1639408343415390214,2023-03-24T23:26:22.000Z,Vc  e todo mundo .espero q ele tenha uma bomba pro marreco ....,0,0,0,https://twitter.com/BohnGass/status/1639320856349253632
Eliel Miranda Tavare,@Elimita10,https://twitter.com/Elimita10/status/1639344440538980355,2023-03-24T19:12:26.000Z,"Moro está criando um biombo, uma proteção diante do depoimento de Tacla Duram na segunda feira, pois vai ser uma bomba e essa espuma de Moro e pra criar a narrativa de que a esquerda e o governo lhe persegue.",0,0,0,https://twitter.com/BohnGass/status/1639320856349253632
