nome,usuario,idTweet,dataPublicacao,texto,replies,retweets,likes,tweetPai
Regina Salomo,@ReginaSalomo,https://twitter.com/ReginaSalomo/status/1639640456039366657,2023-03-25T14:48:42.000Z,Dilma tem luz própria e é qualificadíssima. Lula mandou foi bem em indicá-la. Não teria ninguém melhor pro cargo,0,0,3,https://twitter.com/BohnGass/status/1639599649995497473
Carlos Cesar de Oliveira Andrade,@CesarAndradeRS,https://twitter.com/CesarAndradeRS/status/1639818036050898944,2023-03-26T02:34:20.000Z,E eu sou o coelhinho da Páscoa! ...kkkk,0,0,0,https://twitter.com/BohnGass/status/1639599649995497473
El Bigodon de Zappa,@bigodon_de,https://twitter.com/bigodon_de/status/1639647036264837122,2023-03-25T15:14:51.000Z,"Foi voto impresso e auditável? Se não for, vão dar 72 horas para resolver essa irregularidade, não vão?
Meu caro senador, como dizia o nada saudoso EX PRESIDENTE, isso tudo é INVEJA da DILMA CORAÇÃO VALENTE!",1,0,3,https://twitter.com/BohnGass/status/1639599649995497473
Eliana,@ElianadaCruzRo1,https://twitter.com/ElianadaCruzRo1/status/1639684979851403264,2023-03-25T17:45:37.000Z,Parabéns a Dilma.,0,0,1,https://twitter.com/BohnGass/status/1639599649995497473
Douglas Silva,@Douglas_casdo,https://twitter.com/Douglas_casdo/status/1639818260236337152,2023-03-26T02:35:14.000Z,Fala sério o Lula não impôs e sim a Dilma quer sumir do holofote de tanta merda que ela fala.A propósito qual idioma que ela se comunicar só uma curiosidade porque nem inglês ela fala...,0,0,0,https://twitter.com/BohnGass/status/1639599649995497473
Monier,@rimonier,https://twitter.com/rimonier/status/1639792404931788800,2023-03-26T00:52:29.000Z,"A mulher boa deu situação de Pleno Emprego tecnicamente, ou seja quase zerou desemprego e a gente via que pobre escolhia onde queria trabalhar.
Ela quase nos deu uma Policia Federal técnica e isenta. Deixou o pessoal trabalhar, infelizmente surgiu um câncer chamado Moro e Deltan.",0,2,8,https://twitter.com/BohnGass/status/1639599649995497473
Matheus Eduardo,@Thews_Edu,https://twitter.com/Thews_Edu/status/1639790516299612161,2023-03-26T00:44:59.000Z,"Mas o mais importante para a imprensa terrivelmente brasileira: quanto Dilma vai receber? 

Depois se perguntam como a extrema-direita e o fascismo batem à porta do Brasil diariamente.",0,0,0,https://twitter.com/BohnGass/status/1639599649995497473
Marcos Maxx lula da silva,@TopreSoTemUm,https://twitter.com/TopreSoTemUm/status/1639788467310690306,2023-03-26T00:36:51.000Z,❤️,0,0,0,https://twitter.com/BohnGass/status/1639599649995497473
Sergio Zakia the casuist,@SergioZakia,https://twitter.com/SergioZakia/status/1640038021050277890,2023-03-26T17:08:29.000Z,Critérios tão “capitalistas”,0,0,0,https://twitter.com/BohnGass/status/1639599649995497473
Pedro Vasconcelos,@Iluminismohuman,https://twitter.com/Iluminismohuman/status/1639774959835725824,2023-03-25T23:43:10.000Z,Coisas grandes com pés de barro .,0,0,0,https://twitter.com/BohnGass/status/1639599649995497473
SD-#2OutForabolsonaro,@OUROGOLD1,https://twitter.com/OUROGOLD1/status/1639733770826706944,2023-03-25T20:59:30.000Z,Exatamente.,0,0,0,https://twitter.com/BohnGass/status/1639599649995497473
Celso Silva,@celsoapsil,https://twitter.com/celsoapsil/status/1639798556432162816,2023-03-26T01:16:56.000Z,Mulher honesta honrada competente é Dilma Rousseff,0,0,0,https://twitter.com/BohnGass/status/1639599649995497473
Cleide Ciriacos,@PortellaChe12,https://twitter.com/PortellaChe12/status/1639621576080470018,2023-03-25T13:33:41.000Z,"A ex-presidente Dilma é super competente e honesta por isso é que foi tirada do poder pelos larápios!
A imprensa golpista morre de inveja do seu brilho!!
Parabéns @dilmabr !",0,0,6,https://twitter.com/BohnGass/status/1639599649995497473
"Sérgio Prado, #EsquerdistasSeguemEsquerdistas",@sprado68,https://twitter.com/sprado68/status/1639816601724747776,2023-03-26T02:28:38.000Z,A maravilhosa volta a brilhar.,0,0,0,https://twitter.com/BohnGass/status/1639599649995497473
Gabriel Martins,@gabilmartins,https://twitter.com/gabilmartins/status/1639696142987395072,2023-03-25T18:29:59.000Z,#ForaCamposNeto,0,0,2,https://twitter.com/BohnGass/status/1639599649995497473
Bere Schneider,@BereSchneider,https://twitter.com/BereSchneider/status/1639660965141651456,2023-03-25T16:10:12.000Z,"E o que vão falar dela agora??? Muito orgulho dessa MULHER, tentaram desqualificá-la de todas maneiras. Nunca perdeu a classe, a educação e a dignidade.",0,0,4,https://twitter.com/BohnGass/status/1639599649995497473
sedy,@sedy2009,https://twitter.com/sedy2009/status/1639661621021745156,2023-03-25T16:12:48.000Z,Só poderosos.,0,0,1,https://twitter.com/BohnGass/status/1639599649995497473
cmos hangcross,@CmosHangcross,https://twitter.com/CmosHangcross/status/1639722814948225024,2023-03-25T20:15:58.000Z,India is now 5th largest economy in the world,0,0,0,https://twitter.com/BohnGass/status/1639599649995497473
Mari Venturini,@MarinetiV,https://twitter.com/MarinetiV/status/1639847993116426243,2023-03-26T04:33:23.000Z,"O governo dessa vez é da esquerda gostem ou não,kkkkkhttps://youtu.be/h834_-7tBtA",0,0,0,https://twitter.com/BohnGass/status/1639599649995497473
Mário Cecílio Jr,@MarioCecilioJr,https://twitter.com/MarioCecilioJr/status/1639684502808133633,2023-03-25T17:43:43.000Z,"Funcionou assim: Galera dos Brics, aprovem a Dilma como presidente do Banco e garanto a vcs q poderão se esbaldar com as riquesas do Brasil a vontade. Assinado: Sapo Barbudo Bandido",0,0,0,https://twitter.com/BohnGass/status/1639599649995497473
Rafael R,@R033121,https://twitter.com/R033121/status/1639685066174464002,2023-03-25T17:45:58.000Z,Iii não vem querer tirar a responsabilidade do lula em por dilma no cargo kkkkkk,0,0,0,https://twitter.com/BohnGass/status/1639599649995497473
EDU,@EScarabottol,https://twitter.com/EScarabottol/status/1639647179223474177,2023-03-25T15:15:25.000Z,"Você pode apoiar o que bem entender, mas sabe que se ela fizer merda lá pode nos trazer inúmeros problemas né?",0,0,0,https://twitter.com/BohnGass/status/1639599649995497473
isabel cristina amorim,@belaamorim04,https://twitter.com/belaamorim04/status/1639955689886953473,2023-03-26T11:41:20.000Z,"Coronga pra nós, Dilma pra eles.
We win!",0,0,0,https://twitter.com/BohnGass/status/1639599649995497473
Brandão Anselmo,@BrandoAnselmo,https://twitter.com/BrandoAnselmo/status/1639798875815911424,2023-03-26T01:18:12.000Z,"Putin deixou a Rússia de joelhos p/ China que transformará a Rússia em colônia. China não dá camisa pra ninguém.
Já tentaram isso no passado e faliram, e quem às ajudou foi a CE e os USA, vão quebrar de novo ingratos.
Que o Brasil não perca a oportunidade de ficar do lado certo.",0,0,0,https://twitter.com/BohnGass/status/1639599649995497473
IZABEL CARVALHO LEITE LEITE,@IZABELC97106193,https://twitter.com/IZABELC97106193/status/1639804449253097481,2023-03-26T01:40:21.000Z,👏👏👏👏👏,0,0,1,https://twitter.com/BohnGass/status/1639599649995497473
Cino Silva,@AlvesMercino,https://twitter.com/AlvesMercino/status/1639739865171369990,2023-03-25T21:23:43.000Z,"Amigos por tudo de mais sagrado me ajuda a inteirar 390 reais eu tenho 140. Sei das dificuldades de tds e já peço desculpas, mas quem puder me ajude nesse momento tão difícil p mim. Muito obrigado de coração a tds vcs!",0,0,0,https://twitter.com/BohnGass/status/1639599649995497473
