nome,usuario,idTweet,dataPublicacao,texto,replies,retweets,likes,tweetPai
Soninha Dezute,@soniadezute,https://twitter.com/soniadezute/status/1639820496735723520,2023-03-26T02:44:07.000Z,O PCC só tem gratidão a ele,0,0,3,https://twitter.com/BohnGass/status/1639810388966494215
baixem os JUROS,@queremopas,https://twitter.com/queremopas/status/1639819663893749760,2023-03-26T02:40:48.000Z,Moro = Russo,0,0,1,https://twitter.com/BohnGass/status/1639810388966494215
Edimar Robson De Lírio,@edimar_lirio,https://twitter.com/edimar_lirio/status/1640079193139474434,2023-03-26T19:52:05.000Z,Bom mesmo é o Dino que disse que as armas ILEGAIS dos traficantes não é uma questão de segurança pública.,0,0,0,https://twitter.com/BohnGass/status/1639810388966494215
Maria Maria,@MariaMa94595384,https://twitter.com/MariaMa94595384/status/1639810890177314818,2023-03-26T02:05:57.000Z,"A republiqueta de Curitiba atrapalhou investigação séria da PF.
A serviço de quem a quadrilha lavajatista americana está?",0,0,3,https://twitter.com/BohnGass/status/1639810388966494215
Vani Da Col,@vanidacol,https://twitter.com/vanidacol/status/1639962460659625985,2023-03-26T12:08:14.000Z,"E realmente a questão não era de segurança, mas sim de acordo com os fabricantes de arma$.",0,0,0,https://twitter.com/BohnGass/status/1639810388966494215
Canhoteiro,@ernani_neto,https://twitter.com/ernani_neto/status/1639965073513885696,2023-03-26T12:18:37.000Z,Pois é. Por que o PCC mataria um pai desses?,0,0,0,https://twitter.com/BohnGass/status/1639810388966494215
LA Vieira,@LuizAntVieir,https://twitter.com/LuizAntVieir/status/1639820829419614209,2023-03-26T02:45:26.000Z,Moro = lixo!,0,0,2,https://twitter.com/BohnGass/status/1639810388966494215
trago boas notícias #semanistia,@diasmelhoresbr,https://twitter.com/diasmelhoresbr/status/1639885593621430273,2023-03-26T07:02:47.000Z,"Hipócrita, incompetente, burro, preguiçoso e arrogante. No mínimo!",0,0,0,https://twitter.com/BohnGass/status/1639810388966494215
