nome,usuario,idTweet,dataPublicacao,texto,replies,retweets,likes,tweetPai
Aldi pereira veloso Veloso,@veloso_aldi,https://twitter.com/veloso_aldi/status/1640000116617621507,2023-03-26T14:37:52.000Z,@Pimenta13Br bom dia ministro você tem que mudar essa comunicação  do governo  ei sou apenas  eleitora  mas Felipe neto  estão reclamando que não tá tendo  uma comunicação  direta  com público todo mundo estão perdendo  isso eu estava assistindo  a cnn todo programa.,0,0,0,https://twitter.com/AlencarBraga13/status/1639960396542140416
Aldi pereira veloso Veloso,@veloso_aldi,https://twitter.com/veloso_aldi/status/1640001226266796033,2023-03-26T14:42:16.000Z,@Pimenta13Br  todo programa anuncia  do governo  a CNN crítica  todo mundo estão  percebendo  isso  o desmascarando estão  tem percebendo  isso  abre o canal  direto  com  o público  eles quer a volta de bolsonaro e da extrema direita  eu só  tô avisando,0,0,0,https://twitter.com/AlencarBraga13/status/1639960396542140416
Aldi pereira veloso Veloso,@veloso_aldi,https://twitter.com/veloso_aldi/status/1640002656985833476,2023-03-26T14:47:57.000Z,@Pimenta13Br  Magazine  luiza e outras empresas  estão perdendo  competitividade  e  valor de  mercado faz alguma coisa  pelo amor de Deus.,0,0,0,https://twitter.com/AlencarBraga13/status/1639960396542140416
Aldi pereira veloso Veloso,@veloso_aldi,https://twitter.com/veloso_aldi/status/1640004462155640834,2023-03-26T14:55:08.000Z,"@Pimenta13Br  este campo  neto estão querendo  quebra  o pais e  colocar  a culpa  no governo.  
Depois vai ter baixar popularidade o povo vai querer  bater panela  na rua tem que  construir uma comunicação  muito massiva  para o publico.",0,0,0,https://twitter.com/AlencarBraga13/status/1639960396542140416
Aldi pereira veloso Veloso,@veloso_aldi,https://twitter.com/veloso_aldi/status/1640005125434425345,2023-03-26T14:57:46.000Z,@Pimenta13Br tem que ir em rede nacional  anunciar  logo os programas  que o governo  vai fazer .porque só né rede institucional  não chega na nas massas trabalhadoras .,0,0,0,https://twitter.com/AlencarBraga13/status/1639960396542140416
Aldi pereira veloso Veloso,@veloso_aldi,https://twitter.com/veloso_aldi/status/1640006994374324230,2023-03-26T15:05:11.000Z,"@Pimenta13Br  este senador  cleitinho e outros estão usando palavras  de baixo calão para xingar o governo  tem isolar esses caras.
Entra com uma questão de  ordem Casa tem regimento  em cada casa se não eles toma conta mesmo.",0,0,0,https://twitter.com/AlencarBraga13/status/1639960396542140416
Aldi pereira veloso Veloso,@veloso_aldi,https://twitter.com/veloso_aldi/status/1640003610506403842,2023-03-26T14:51:45.000Z,"Só apenas uma  eleitora .
Abre uma  comunicação  com a sociedade. 
Desde de  já  agradeço  sua  atenção. 
Peço  desculpas  se  falei palavras  fortes. 
Mas isso que estou  sentindo.",0,0,0,https://twitter.com/AlencarBraga13/status/1639960396542140416
Aldi pereira veloso Veloso,@veloso_aldi,https://twitter.com/veloso_aldi/status/1640002164264239110,2023-03-26T14:46:00.000Z,@Pimenta13Br eu estava assistindo  o Leonardo attuch  ontem  Guido manteiga estão tendo a mesma  percepção  esse Campos Neto está colocando  uma bomba atômica  no colo do governo  se não mobilizar  Câmera   e senado o país vai quebrar.,0,0,0,https://twitter.com/AlencarBraga13/status/1639960396542140416
Edu,@EduardoTommasi1,https://twitter.com/EduardoTommasi1/status/1640115167965982724,2023-03-26T22:15:02.000Z,Pena que é muito ruim. No tiktok ficará entre os 10 bottom,0,0,0,https://twitter.com/AlencarBraga13/status/1639960396542140416
,@PereiraConsult2,https://twitter.com/PereiraConsult2/status/1640019810514878469,2023-03-26T15:56:07.000Z,"Paulo Pimenta, em vez de responder o questionamento, resolveu diminuir a jornalista, levantando dúvidas sobre sua formação acadêmica. 4 meses atrás, um ministro fazer isso seria motivo para revolta, e a misoginia estaria clara, mas como é ministro do Lula, então tudo bem.",1,1,2,https://twitter.com/AlencarBraga13/status/1639960396542140416
Guina Moschioni,@guinamoschioni,https://twitter.com/guinamoschioni/status/1640010767012356098,2023-03-26T15:20:11.000Z,Avisa o Dilmo @LulaOficial pra segurar as mentiras e parar de falar asneiras 🙂👍,0,0,3,https://twitter.com/AlencarBraga13/status/1639960396542140416
Pai_do_Dilmo,@SSoulsss_sss,https://twitter.com/SSoulsss_sss/status/1639994127801540610,2023-03-26T14:14:04.000Z,Você nao tem controle pela própria comunicação do governo!,1,0,1,https://twitter.com/AlencarBraga13/status/1639960396542140416
Edson MS Curitiba,@EdsonMSCuritiba,https://twitter.com/EdsonMSCuritiba/status/1639989403262107650,2023-03-26T13:55:17.000Z,Misógino e Machista... atacou uma repórter porque fez pergunta sobre o PCC...#LulaLadrão @LulaOficial@ptbrasil,1,0,1,https://twitter.com/AlencarBraga13/status/1639960396542140416
F.P.QUINTO.,@5Infernos,https://twitter.com/5Infernos/status/1640288812394856448,2023-03-27T09:45:02.000Z,Sei,0,0,0,https://twitter.com/AlencarBraga13/status/1639960396542140416
Aldi pereira veloso Veloso,@veloso_aldi,https://twitter.com/veloso_aldi/status/1640006026496802819,2023-03-26T15:01:21.000Z,"@Pimenta13Br  coloca  a secon para funcionar  logo minhas  irmãs mesmo  já está falando  vamos entra em abrir e nada de anúncio em rede nacional  estão muitos  atrasados. 
Olha a extrema  direita  já está desconstruindo que o governo  anuncia.",0,0,0,https://twitter.com/AlencarBraga13/status/1639960396542140416
Fim-do-sistema,@furiatitam,https://twitter.com/furiatitam/status/1640076377679339520,2023-03-26T19:40:54.000Z,Me diz se essa fake!!  Vc é uma piada.,0,0,0,https://twitter.com/AlencarBraga13/status/1639960396542140416
Marcos,@eumarcos0livei,https://twitter.com/eumarcos0livei/status/1640014245805846529,2023-03-26T15:34:00.000Z,Pilantra 🤮🤮🤮🤮🤮🤮🤮🤮🤮,0,0,1,https://twitter.com/AlencarBraga13/status/1639960396542140416
Marisa victorio da silva,@victorio_marisa,https://twitter.com/victorio_marisa/status/1639976756999274496,2023-03-26T13:05:02.000Z,"#BrasilContraFake 🤔 - 🤥🤥🤥 - 👎✔️Seu amigo, seu filho, você, qualquer um pode ser vítima de uma fake news. Vamos nos unir contra a desinformação. 
Antes de repassar um post por aqui,  cheque os fatos e suas fontes.
Brasil contra Fake news",1,0,0,https://twitter.com/AlencarBraga13/status/1639960396542140416
Carlos Alberto Lopes,@carlos03370337,https://twitter.com/carlos03370337/status/1639989634900869123,2023-03-26T13:56:13.000Z,"BRAZIL-PT IS IN CHINA MAKING WHAT TYPES OF AGREEMENTS UNDER THE CLOTHES?
BE CAREFUL, BECAUSE THESE PT PEOPLE WITH THE HELP OF JOSÉ DIRCEU SELL THEIR SOUL TO THE DEVIL TO MAKE OUR COUNTRY COMMUNIS",1,0,0,https://twitter.com/AlencarBraga13/status/1639960396542140416
Luiz Souza ★彡,@luizccsouza,https://twitter.com/luizccsouza/status/1640000142181818368,2023-03-26T14:37:58.000Z,"A direita vai sempre ignorar as campanhas. Não sofrem punições e continuarão destruindo a democracia. Os crimes são cometidos nas grandes redes de TV e Rádio, assim como nas redes sociais. O governo tem que fortalecer a rede de comunicação da EBC ,oferecendo o jornalismo ético.",0,1,2,https://twitter.com/AlencarBraga13/status/1639960396542140416
