nome,usuario,idTweet,dataPublicacao,texto,replies,retweets,likes,tweetPai
André,@AndreEing,https://twitter.com/AndreEing/status/1639837310505107457,2023-03-26T03:50:56.000Z,🤔  Marreco,0,0,0,https://twitter.com/BohnGass/status/1639763389466460160
Celso Silva,@celsoapsil,https://twitter.com/celsoapsil/status/1639975329665089536,2023-03-26T12:59:22.000Z,"E aquela 
Se começar nesses termos vamos ter problemas. 
Os termos",0,0,0,https://twitter.com/BohnGass/status/1639763389466460160
Celso Silva,@celsoapsil,https://twitter.com/celsoapsil/status/1639975525346160641,2023-03-26T13:00:09.000Z,Um fato notório,0,0,0,https://twitter.com/BohnGass/status/1639763389466460160
Zé Carlos FORA CAMPOS NETO!,@JosCarlosSampa,https://twitter.com/JosCarlosSampa/status/1639788309558771712,2023-03-26T00:36:13.000Z,"Ele deve ter gostado porque a falsificadora, a tal da Érika Marena, responsável pela morte do reitor Cancellier, foi pra Brasília trabalhar com então ministro do governo fascista.",0,0,0,https://twitter.com/BohnGass/status/1639763389466460160
Eduardo Oliveira,@1105garibaldi,https://twitter.com/1105garibaldi/status/1640026965288574978,2023-03-26T16:24:33.000Z,"Elementos hostis ao Estado democrático e que devem ser alcançados pelo judiciário sob pena da reincidência criminosa achar zona de conforto por essas bandas?

Lava jato é ou não é uma organização criminosa nas entranhas institucionais?",0,0,0,https://twitter.com/BohnGass/status/1639763389466460160
Klinger Ericeira,@KlingerEriceira,https://twitter.com/KlingerEriceira/status/1640019549977292801,2023-03-26T15:55:05.000Z,"APENAS MAIS UMA CONSPIRAÇÃO PARA ALAVANCAR A IMAGEM DO MARRECO! E, de novo, com o apoio dos comparsas do TRF4.#MoroNaCadeia!
Ele e seus comparsas do TRF4!#DallagnolNaCadeia!
Ele e seus comparsas do MPF-PR!#AnselmoNaCadeia!
Ele e seus comparsas da PF-PR!",0,0,0,https://twitter.com/BohnGass/status/1639763389466460160
