nome,usuario,idTweet,dataPublicacao,texto,replies,retweets,likes,tweetPai
Erik Silva,@oeriksilva,https://twitter.com/oeriksilva/status/1639017139670593538,2023-03-23T21:31:52.000Z,Aí ele não vai querer 😂😂😂😂 Golaço deputada!,0,0,1,https://twitter.com/adriventurasp/status/1639016670734979072
Charles Irajá Mota,@charlesiraja,https://twitter.com/charlesiraja/status/1639298482648367105,2023-03-24T16:09:49.000Z,Adriana respeito muito o seu trabalho mas o Novo acabou.. pelo menos para mim! Abraços,0,0,0,https://twitter.com/adriventurasp/status/1639016670734979072
Antonio A,@Antonio3064,https://twitter.com/Antonio3064/status/1639723670670303233,2023-03-25T20:19:22.000Z,A oposição não deveria aprovar as MPs do lula.  A criação de mais de 30 Ministérios com o dinheiro do povo não é correta.  NÃO APROVEM AS MEDIDAS PROVISÓRIAS do lula.,0,0,0,https://twitter.com/adriventurasp/status/1639016670734979072
LGPRADO,@luizpradovet,https://twitter.com/luizpradovet/status/1639686459224473601,2023-03-25T17:51:30.000Z,"Votei em vc se conhecê-la, acho que acertei. Sugestão para acabar com a roubalheira: Todo projeto de construção só seja aprovado se tiver um seguro garantidor(seguradora com capital e idoneidade.",0,0,0,https://twitter.com/adriventurasp/status/1639016670734979072
Marisa,@marisamontanha,https://twitter.com/marisamontanha/status/1639058400188219402,2023-03-24T00:15:49.000Z,Obrigada! 👏🏻👏🏻👏🏻👏🏻👏🏻,0,0,1,https://twitter.com/adriventurasp/status/1639016670734979072
Jonas Federighi,@jonas_federighi,https://twitter.com/jonas_federighi/status/1639248886689681408,2023-03-24T12:52:45.000Z,Excelente Adriana @adriventurasp !,0,0,1,https://twitter.com/adriventurasp/status/1639016670734979072
Luciana Mello,@HMCSLuciana,https://twitter.com/HMCSLuciana/status/1639246199759708163,2023-03-24T12:42:04.000Z,Muito bom!,0,0,1,https://twitter.com/adriventurasp/status/1639016670734979072
Monica,@Monica809294111,https://twitter.com/Monica809294111/status/1639022949268180993,2023-03-23T21:54:57.000Z,Segue a melhor opção de partidos do Brasil 👏🏼👏🏼👏🏼,0,0,1,https://twitter.com/adriventurasp/status/1639016670734979072
croque,@Croque1961,https://twitter.com/Croque1961/status/1639227177496621056,2023-03-24T11:26:29.000Z,Parabéns....vcs deviam questionar o Ministro dos Direitos Humanos como chama mesmo ???,0,0,0,https://twitter.com/adriventurasp/status/1639016670734979072
Bruna Bertagnolli,@BrunaBertagn,https://twitter.com/BrunaBertagn/status/1639081454817918976,2023-03-24T01:47:26.000Z,👏🏻👏🏻👏🏻👏🏻👏🏻👏🏻👏🏻,0,0,1,https://twitter.com/adriventurasp/status/1639016670734979072
Denise Paulus de Campos Franzoni,@paulus_campos,https://twitter.com/paulus_campos/status/1639062567506124800,2023-03-24T00:32:23.000Z,Excelente medida,0,0,1,https://twitter.com/adriventurasp/status/1639016670734979072
Amigos Da Lava Jato,@AmigosJato,https://twitter.com/AmigosJato/status/1639229954431787009,2023-03-24T11:37:31.000Z,Apoiado,0,0,1,https://twitter.com/adriventurasp/status/1639016670734979072
Marcelo Laprano,@Mlaprano,https://twitter.com/Mlaprano/status/1639093067536818177,2023-03-24T02:33:34.000Z,Parabens e assim que tem que agir,0,0,1,https://twitter.com/adriventurasp/status/1639016670734979072
Ailton Tadeu Souza,@ailton_tadeu,https://twitter.com/ailton_tadeu/status/1639065971137875968,2023-03-24T00:45:54.000Z,Parabéns pela ação.,0,0,1,https://twitter.com/adriventurasp/status/1639016670734979072
"Nenna,",@Nena51344002,https://twitter.com/Nena51344002/status/1639253318655684609,2023-03-24T13:10:21.000Z,Tem certeza que vc defendem o povo??? Pergunta retórica,0,0,1,https://twitter.com/adriventurasp/status/1639016670734979072
Humberto Maia,@MaiaHumberto,https://twitter.com/MaiaHumberto/status/1639242459015266306,2023-03-24T12:27:12.000Z,"Acabou, pôrra!
Perdeu, Mané!
Haja dor de corno!
E muito cocô na cabeça!😂🤣😢😅😂🤣😢😅😂🤣😢😅😂🤣😢😅😂🤣😢😅😂🤣😢😅😂🤣😢😅😂🤣😢😅😂🤣😢😅😂🤣😂🤣😢😅😂🤣😢😅😂🤣😢😅😂🤣😢😅😂🤣😢😅😂🤣😢😅😂🤣😢😅😂🤣😢😅😂🤣😢😅😂🤣😂🤣😢😅😂🤣😢😅😂🤣😢😅😂🤣😢😅😂🤣😢😅😂🤣😢😅😂😂🤣",0,0,0,https://twitter.com/adriventurasp/status/1639016670734979072
