nome,usuario,idTweet,dataPublicacao,texto,replies,retweets,likes,tweetPai
paschoal vanti filho,@paschoalvantifi,https://twitter.com/paschoalvantifi/status/1639597774038499330,2023-03-25T11:59:06.000Z,Piada!,0,0,0,https://twitter.com/AlencarBraga13/status/1639462116359847936
Dayse,@Dayse62300316,https://twitter.com/Dayse62300316/status/1639466609403211781,2023-03-25T03:17:54.000Z,É uma pena que muitos não respeitem,0,0,0,https://twitter.com/AlencarBraga13/status/1639462116359847936
PL2630? QUEM VAI SER O DITADOR DO BRASIL?,@Fabiano32779690,https://twitter.com/Fabiano32779690/status/1639572153510121472,2023-03-25T10:17:17.000Z,A CF foi rasgada e usada como PAPEL HIGIÊNICO por ministros do @STF_oficial graças à SUBMISSÃO do @SenadoFederal e o seu garoto de recado @rpsenador Rodrigo Pacheco.,0,0,0,https://twitter.com/AlencarBraga13/status/1639462116359847936
Mauricio Mauricio filho.,@Mauriciommfilho,https://twitter.com/Mauriciommfilho/status/1639583213688352769,2023-03-25T11:01:14.000Z,"Pcc e PT
Quem mandou matar Sérgio Moro?",0,0,0,https://twitter.com/AlencarBraga13/status/1639462116359847936
joelsilvestre3@gmail.com Silvestre,joelsilvestre3@gmail.com Silvestre,https://twitter.com/joelsilvestre31/status/1639476066572967936,2023-03-25T03:55:28.000Z,Essa constituição é uma verdadeira prostituta veia e sem dente. Toda mal escrita sem harmonia,0,0,0,https://twitter.com/AlencarBraga13/status/1639462116359847936
ednyr santos,@EdnyrSantos,https://twitter.com/EdnyrSantos/status/1639554028970311685,2023-03-25T09:05:16.000Z,Ahhhhhhh se a esquerdalha cumprisse o que determina a nossa Carta Magna!! O Brasil estaria maravilhoso.,0,0,0,https://twitter.com/AlencarBraga13/status/1639462116359847936
Marisa victorio da silva,@victorio_marisa,https://twitter.com/victorio_marisa/status/1639577895730290689,2023-03-25T10:40:06.000Z,"Primeira Carta Constitucional do Brasil ✉️⚖️✔️Hoje, 25 de março, é Dia da Constituição. A data faz referência à primeira Carta Constitucional do Brasil, que garante os direitos fundamentais do povo.",0,0,0,https://twitter.com/AlencarBraga13/status/1639462116359847936
