nome,usuario,idTweet,dataPublicacao,texto,replies,retweets,likes,tweetPai
𝖍𝖊𝖝𝖆𝖌𝖗𝖆𝖒𝖒𝖆𝖙𝖔𝖓,@hexagrammaton_,https://twitter.com/hexagrammaton_/status/1639279863428259840,2023-03-24T14:55:50.000Z,"só de bobeira já achei 3 desses nas replies
sem fazer esforço kkk

mas engraçado que ninguém postou o link da matéria falando sobre seja lá o que foi que o Lula roubou 🤥vale print do Telegram também, glr kkkk 🤪",1,0,1,https://twitter.com/AlencarBraga13/status/1639245704475598850
Miguel Goes,@Miguel_WGoes,https://twitter.com/Miguel_WGoes/status/1639252069059051521,2023-03-24T13:05:23.000Z,"“Macaco senta no próprio rabo para falar mal do rabo dos outros”

Em 2016, Lula havia devolvido só 9 de 568 presentes de chefes de Estado, indicou TCU...",0,0,3,https://twitter.com/AlencarBraga13/status/1639245704475598850
Alexandre Cap. Campos,@xandecapitao,https://twitter.com/xandecapitao/status/1639426662948388866,2023-03-25T00:39:10.000Z,"devolver os artigos apropriados é parte do processo, mas deve ser acompanhado da devida punição, se não vamos abrir prescedente pra todo ladrão devolver o fruto do roubo e querer ficar livre",0,0,0,https://twitter.com/AlencarBraga13/status/1639245704475598850
Conservador Raiz,@cesar123695,https://twitter.com/cesar123695/status/1639248661757526019,2023-03-24T12:51:51.000Z,"Falta Lula e Dilma devolver os seus, vamos esperar e cobrar das autoridades.",2,0,3,https://twitter.com/AlencarBraga13/status/1639245704475598850
Raulita Freitas,@RaulitaF,https://twitter.com/RaulitaF/status/1639255801419145217,2023-03-24T13:20:13.000Z,"Tanta manobra com duplo twist carpado pra poder passar pano para as falas de Lula, atacando a PF.",0,0,1,https://twitter.com/AlencarBraga13/status/1639245704475598850
Maria Crítica,@Critica_marcia,https://twitter.com/Critica_marcia/status/1639261104328122369,2023-03-24T13:41:17.000Z,Pergunta que não quer calar: o L devolveu os 11 containers cheios de itens valiosissimos que levou ao deixar o Planalto em 2011? 🤔,0,0,1,https://twitter.com/AlencarBraga13/status/1639245704475598850
@Erbl,@Erbl,https://twitter.com/Erbl1958/status/1639271747336785927,2023-03-24T14:23:35.000Z,São as verdadeiras?,0,0,0,https://twitter.com/AlencarBraga13/status/1639245704475598850
Besta¹³,@DevanirJos,https://twitter.com/DevanirJos/status/1639424287420428288,2023-03-25T00:29:43.000Z,Se refere a estes?,0,0,0,https://twitter.com/AlencarBraga13/status/1639245704475598850
Pikles Thorne,@PiklesT,https://twitter.com/PiklesT/status/1639280729308758021,2023-03-24T14:59:16.000Z,"Aínda não acabou, excelência!",0,0,1,https://twitter.com/AlencarBraga13/status/1639245704475598850
Lauriano,@Lauriano0604,https://twitter.com/Lauriano0604/status/1639252513126862848,2023-03-24T13:07:09.000Z,"Nunca vi roubar o que se ganha de presente, mas os que o teu chefe larápio não devolveu? Alguma indignação ou comentário? A acusação contra a PF e o senador, alguma indgnação?",0,0,2,https://twitter.com/AlencarBraga13/status/1639245704475598850
@rickpeternella,@rickpeternella,https://twitter.com/rickpeternella/status/1639270718385926153,2023-03-24T14:19:30.000Z,"Tenha certeza q o cep tá correto deputado, como sempre indignação seletiva que vergonha",0,0,0,https://twitter.com/AlencarBraga13/status/1639245704475598850
antonio carlos,@antonio85961820,https://twitter.com/antonio85961820/status/1639265425778171911,2023-03-24T13:58:28.000Z,Abobado ... Lula e Dilma roubaram centenas de itens e não devolveram até hoje ... aliás alguns a lava jato pegou devolta do Lula ... pq senão NUNCA MAIS IAM ACHAR !,0,0,0,https://twitter.com/AlencarBraga13/status/1639245704475598850
Felipe Mattavelli,@FLPNoris,https://twitter.com/FLPNoris/status/1639257865461399557,2023-03-24T13:28:25.000Z,kkkkkkk surrupiou foi o seu redondo filho,0,0,0,https://twitter.com/AlencarBraga13/status/1639245704475598850
Santos Paraíba,@Santos_Paraiba,https://twitter.com/Santos_Paraiba/status/1639256738984779776,2023-03-24T13:23:57.000Z,"Então de agora em diante, TODO CONTRABANDISTA/LADRÃO que for pego é só devolver o material do crime que não vai para a prisão???

Legalizaram o CONTRABANDO agora @policiafederal @FlavioDino @STF_oficial ???",0,0,3,https://twitter.com/AlencarBraga13/status/1639245704475598850
Elton Pátria Amada,@eltonacunha,https://twitter.com/eltonacunha/status/1639478256029007878,2023-03-25T04:04:10.000Z,B@b@c@.,0,0,0,https://twitter.com/AlencarBraga13/status/1639245704475598850
claudio ricci,@claudioricci001,https://twitter.com/claudioricci001/status/1639247528792137731,2023-03-24T12:47:21.000Z,"Nossa, voltou nisso? Fale um pouco sobre o presidente atual...",2,0,2,https://twitter.com/AlencarBraga13/status/1639245704475598850
Vitor Emanuel,@Em23243620Vitor,https://twitter.com/Em23243620Vitor/status/1639247845403557888,2023-03-24T12:48:36.000Z,Kkkkkkkkkkk,0,0,0,https://twitter.com/AlencarBraga13/status/1639245704475598850
Josimar Dantas,@JosimarDantas6,https://twitter.com/JosimarDantas6/status/1639246280865075202,2023-03-24T12:42:23.000Z,#BolsonaroNaCadeia,0,0,0,https://twitter.com/AlencarBraga13/status/1639245704475598850
jota cbf,@CbfJota,https://twitter.com/CbfJota/status/1639381892490297345,2023-03-24T21:41:16.000Z,Cala boca Bolsopetista de 💩,0,0,0,https://twitter.com/AlencarBraga13/status/1639245704475598850
PL2630? QUEM VAI SER O DITADOR DO BRASIL?,@Fabiano32779690,https://twitter.com/Fabiano32779690/status/1639435344062869505,2023-03-25T01:13:39.000Z,Vira o disco! Não muda de assunto! O Ladrão de estimação ataca o próprio DESGOVERNO CLEPTOCRATA ao arfimar que o Senador @SF_Moro está de armação com a @policiafederal e o próprio ministro da Justiça @FlavioDino,0,0,0,https://twitter.com/AlencarBraga13/status/1639245704475598850
jadilson,@jadilso28664665,https://twitter.com/jadilso28664665/status/1639384757212512256,2023-03-24T21:52:39.000Z,Entendo.,0,0,0,https://twitter.com/AlencarBraga13/status/1639245704475598850
Valdiva B.Woguel,@VWoguel,https://twitter.com/VWoguel/status/1639427162791895040,2023-03-25T00:41:09.000Z,Quando  o Lula  vai devolver  mais de 500 objetos  valiosos e as   obras de arte milionárias?,0,0,0,https://twitter.com/AlencarBraga13/status/1639245704475598850
Graça Ceppa,@ceppa_graca,https://twitter.com/ceppa_graca/status/1639317547756535841,2023-03-24T17:25:35.000Z,"Bolsonaro devolveu o presente, enquanto #LulaLadrão levou escondido, mas foi pego pela PF#ForaLulaBandidoCorrupto",0,0,0,https://twitter.com/AlencarBraga13/status/1639245704475598850
Familia Alves,@RasRelton,https://twitter.com/RasRelton/status/1639360672981999664,2023-03-24T20:16:56.000Z,"Sobre o ladrao de celular de Brasília, temos alguma novidade ?",0,0,0,https://twitter.com/AlencarBraga13/status/1639245704475598850
Adriana Cavalcante,@Adriana19249936,https://twitter.com/Adriana19249936/status/1639293367900143616,2023-03-24T15:49:30.000Z,O seu presidente ladrão descondenado já devolveu os presentes que roubou do palacio da alvorada e a espada cravejado de diamantes e rubis que ganhou do Sheik tbm? Cínico.,0,0,0,https://twitter.com/AlencarBraga13/status/1639245704475598850
altair Andrade dos Santos,@pretocorintiano,https://twitter.com/pretocorintiano/status/1639299361547988993,2023-03-24T16:13:19.000Z,Ladrão está poder seu larápio,0,0,0,https://twitter.com/AlencarBraga13/status/1639245704475598850
altair Andrade dos Santos,@pretocorintiano,https://twitter.com/pretocorintiano/status/1639299556692180995,2023-03-24T16:14:05.000Z,Fala pro Lula ladrão devolver os contêiner de presente,0,0,0,https://twitter.com/AlencarBraga13/status/1639245704475598850
altair Andrade dos Santos,@pretocorintiano,https://twitter.com/pretocorintiano/status/1639299902202101760,2023-03-24T16:15:28.000Z,Pt facção criminosa,0,0,0,https://twitter.com/AlencarBraga13/status/1639245704475598850
Fabiano SCH,@SchimithFabiano,https://twitter.com/SchimithFabiano/status/1639296654976139267,2023-03-24T16:02:33.000Z,"Vc disse ladrão???

Aqui também tem ladrões de jóias e artefatos.",0,0,0,https://twitter.com/AlencarBraga13/status/1639245704475598850
Alberton Viana,@albertonviana,https://twitter.com/albertonviana/status/1639302100759859201,2023-03-24T16:24:12.000Z,Aos desinformando arcevo pessoal é no Planalto até o nine sabia que tinha lá dentro funcionario fofoqueiro é o que mais tem Acervo Pessoal não Fica na casa do Presidente.,0,0,0,https://twitter.com/AlencarBraga13/status/1639245704475598850
Mario Figueiredo,@Marujo98160982,https://twitter.com/Marujo98160982/status/1639254250680139778,2023-03-24T13:14:03.000Z,O fato de ter devolvido as joias não isenta o genocida nazifascista de de as ter roubado. Continua a ser ladrão e precisa ser preso por mais esse crime.,0,0,0,https://twitter.com/AlencarBraga13/status/1639245704475598850
Guga Davila,@Osvaldogdavila,https://twitter.com/Osvaldogdavila/status/1639283427181490177,2023-03-24T15:10:00.000Z,Quadrilha tem o pt!,0,0,0,https://twitter.com/AlencarBraga13/status/1639245704475598850
Erick Santos,@Erick_Mcp,https://twitter.com/Erick_Mcp/status/1639327927480221706,2023-03-24T18:06:49.000Z,Se tem um ladrão condenado em três instâncias esse ladrão é o Lula e não adianta vocês falarem porque o povo sabe quem é o maior corrupto bandido desse país,0,0,0,https://twitter.com/AlencarBraga13/status/1639245704475598850
Erick Santos,@Erick_Mcp,https://twitter.com/Erick_Mcp/status/1639327992160583695,2023-03-24T18:07:05.000Z,Acho engraçado que você não fala do Acervo que o Lulinha tem guardado diz para Dilma devolver as joias diz para o Lula ladrão devolver tudo aquilo que ele roubou do país,0,0,0,https://twitter.com/AlencarBraga13/status/1639245704475598850
Ana,@Ana19606,https://twitter.com/Ana19606/status/1639292776050302976,2023-03-24T15:47:09.000Z,TUDO JÓIA 💎? PTRALHA 🐴,0,0,0,https://twitter.com/AlencarBraga13/status/1639245704475598850
Klinger Ericeira,@KlingerEriceira,https://twitter.com/KlingerEriceira/status/1639278245051871233,2023-03-24T14:49:24.000Z,#SemAnistia#SemAnistiaParaLadrões#SemAnistiaParaGolpistas#SemAnistiaParaMilicosCorruptos#SemAnistiaParaTraficantesDeArmas#SemAnistiaParaTraficantesDeDrogas#SemAnistiaParaGenocidas (covid-19)#SemAnistiaParaGenocidas (Ianomâmis),0,0,0,https://twitter.com/AlencarBraga13/status/1639245704475598850
ednyr santos,@EdnyrSantos,https://twitter.com/EdnyrSantos/status/1639291154825879553,2023-03-24T15:40:42.000Z,Quem tu acha q vai pegar uma cadeia??? Kkkkkkkkkkkk olha o currículo...so falta a PF encarcerar cada um dessa esquerda!!,0,0,0,https://twitter.com/AlencarBraga13/status/1639245704475598850
Antonio C Alcântara,@TonyAlcantara70,https://twitter.com/TonyAlcantara70/status/1639480479614226432,2023-03-25T04:13:01.000Z,Além de cobrar dele os impostos e multas devidas pela omissão na declaração de bens.,0,0,0,https://twitter.com/AlencarBraga13/status/1639245704475598850
Marisa victorio da silva,@victorio_marisa,https://twitter.com/victorio_marisa/status/1639249702116794371,2023-03-24T12:55:59.000Z,Agora restam outras 621 razões pra prender Bolsonaro e sua quadrilha 🚓 🛬👮‍♂️🚔✔️O ladrão de joias foi flagrado no crime e não teve jeito: devolveu o que surrupiou pra não ir pra cadeia por esse motivo. Agora restam outras 621 razões pra prender Bolsonaro e sua quadrilha. +,0,0,0,https://twitter.com/AlencarBraga13/status/1639245704475598850
