nome,usuario,idTweet,dataPublicacao,texto,replies,retweets,likes,tweetPai
RO,@RO11857554243,https://twitter.com/RO11857554243/status/1640210826404454400,2023-03-27T04:35:09.000Z,Estou na torcida pela nossa conquista,0,0,0,https://twitter.com/AlencarBraga13/status/1639718799891898369
Mauricio Mauricio filho.,@Mauriciommfilho,https://twitter.com/Mauriciommfilho/status/1639785724965789697,2023-03-26T00:25:57.000Z,Quem mandou matar Sérgio Moro?,0,0,0,https://twitter.com/AlencarBraga13/status/1639718799891898369
jose santos santos,@josesan25611995,https://twitter.com/josesan25611995/status/1639874958124892160,2023-03-26T06:20:32.000Z,Fora Lula,0,0,0,https://twitter.com/AlencarBraga13/status/1639718799891898369
ednyr santos,@EdnyrSantos,https://twitter.com/EdnyrSantos/status/1639949833506107398,2023-03-26T11:18:03.000Z,Vai começar a farra da rouanet,0,0,0,https://twitter.com/AlencarBraga13/status/1639718799891898369
Marisa victorio da silva,@victorio_marisa,https://twitter.com/victorio_marisa/status/1639726675402321934,2023-03-25T20:31:18.000Z,"🎭Viva a cultura!✔️""Que ninguém mais ouse desmontar a experiência e a prática cultural do povo brasileiro!"" O presidente @lula sabe que investir em cultura é investir em emprego e crescimento para o Brasil.",0,0,0,https://twitter.com/AlencarBraga13/status/1639718799891898369
