nome,usuario,idTweet,dataPublicacao,texto,replies,retweets,likes,tweetPai
但Esperança Lula da Silva,@hopeluta_,https://twitter.com/hopeluta_/status/1639452567007641601,2023-03-25T02:22:06.000Z,"Nunca pararam, deputado.  E aparecem nas trends com as palavras Dilmo, Janjo ou Nine, pensando que ofendem Lula com isso. Viva nossa coração valente  Dilma",0,0,4,https://twitter.com/BohnGass/status/1639449996108939265
Professor Cicero Barros,@CiceroProfessor,https://twitter.com/CiceroProfessor/status/1639619015764058112,2023-03-25T13:23:30.000Z,"O governo Lula o Brasil deixou de ser uma nação isolada do mundo. Agora voltou a ser #protagonista internacional. Nesta terceira viagem para a China 🇨🇳 e internacional do Lula 3 meses de governo, serão tratados assuntos de interesse internacionais entre as 2 nações. #LulaNaChina",0,0,0,https://twitter.com/BohnGass/status/1639449996108939265
Marcos Amarante,@marcosamarante,https://twitter.com/marcosamarante/status/1639450539661328386,2023-03-25T02:14:02.000Z,"“Tamo junto!”
“Para frente, e avante!”",0,0,2,https://twitter.com/BohnGass/status/1639449996108939265
Barbara LulaMonteiro,@BLulamonteiro,https://twitter.com/BLulamonteiro/status/1639522284338593792,2023-03-25T06:59:08.000Z,Eles estão  enloquecidos..mas tem muito robô  tbm,0,0,1,https://twitter.com/BohnGass/status/1639449996108939265
Miguel Bichara,@fachoalto,https://twitter.com/fachoalto/status/1639749926551732225,2023-03-25T22:03:42.000Z,"Deixem os bancos de fora! A solução é simples! Um aplicativo que permita que aposentados “emprestem” a aposentados.
Detalhes da ideia 👇",0,0,0,https://twitter.com/BohnGass/status/1639449996108939265
ToRyBa,@A_ToRyBa,https://twitter.com/A_ToRyBa/status/1639619505465729025,2023-03-25T13:25:27.000Z,SEM MAIS DELONGAS.,0,0,0,https://twitter.com/BohnGass/status/1639449996108939265
Holandina,@HolandinaS,https://twitter.com/HolandinaS/status/1639726915031375874,2023-03-25T20:32:15.000Z,"Exato.O PT continua fechando os olhos p uma das pastas mais importante: a Comunicação.Estamos perdendo feio e ninguém faz nada. Esta eleição se deve a 3 situações: militância petista lulista raiz, Janones e a nobre deputada Maria do Rosário. E se continuarem, vamos ter problemas.",0,2,2,https://twitter.com/BohnGass/status/1639449996108939265
