nome,usuario,idTweet,dataPublicacao,texto,replies,retweets,likes,tweetPai
Joana,@Jo27090123,https://twitter.com/Jo27090123/status/1639076874205708291,2023-03-24T01:29:14.000Z,"Emocionante!!! Ela falou por todos nós!!!!   O Museu Nacional renascerá,  assim como o Brasil  !!!",0,0,0,https://twitter.com/AlencarBraga13/status/1639054244392173574
Sérgio La-Rocque,@SrgiodeLaRocque,https://twitter.com/SrgiodeLaRocque/status/1639140429231792128,2023-03-24T05:41:46.000Z,"Sem síndrome de vira lata, deputado.
Arriba!.",0,0,0,https://twitter.com/AlencarBraga13/status/1639054244392173574
gil leite,@gilleite9,https://twitter.com/gilleite9/status/1639217069123141632,2023-03-24T10:46:19.000Z,Caiu um cisco  no meu olho 🥰🥰🥰,0,0,0,https://twitter.com/AlencarBraga13/status/1639054244392173574
Graça Ceppa,@ceppa_graca,https://twitter.com/ceppa_graca/status/1639062435502931970,2023-03-24T00:31:51.000Z,"Qual política pública? A que Bolsonaro deixou?
Agradeça a ele. #ForaLulaBandidoCorrupto",0,0,0,https://twitter.com/AlencarBraga13/status/1639054244392173574
Marisa victorio da silva,@victorio_marisa,https://twitter.com/victorio_marisa/status/1639063064229326848,2023-03-24T00:34:21.000Z,#uniãoereconstrução Havard -👩🏻‍🎓 filha de uma família de agricultores ✔️ Emocionante! A primeira mulher doutoranda de uma família de agricultores analfabetos vai para Havard mês que vem. As políticas públicas de @LulaOficial mudaram e vão continuar mudando +,0,0,1,https://twitter.com/AlencarBraga13/status/1639054244392173574
Marisa victorio da silva,@victorio_marisa,https://twitter.com/victorio_marisa/status/1639063505801293824,2023-03-24T00:36:06.000Z,a vida de muitas pessoas e o rumo desse país.👩🏻‍🎓Luana Braga - Baiana ⭐✊ Parabéns!,0,0,1,https://twitter.com/AlencarBraga13/status/1639054244392173574
