nome,usuario,idTweet,dataPublicacao,texto,replies,retweets,likes,tweetPai
Alex,@Aleexxaexlvesss,https://twitter.com/Aleexxaexlvesss/status/1640807277912379411,2023-03-28T20:05:14.000Z,O legal é que Flávio é doutor em Direito além de juiz! Então ele dá uma surra nos bolsominions com tanta maestria! Adoroooo,1,2,213,https://twitter.com/AlencarBraga13/status/1640785575971004425
Sávio Secco,@saviosecco,https://twitter.com/saviosecco/status/1640911488742293506,2023-03-29T02:59:20.000Z,"Vale lembrar que, no concurso que o Moro passou para juíz, Dino passou também. Em primeiro lugar.",5,3,74,https://twitter.com/AlencarBraga13/status/1640785575971004425
AntiPT,@corruPTNaCadeia,https://twitter.com/corruPTNaCadeia/status/1640850718302011392,2023-03-28T22:57:51.000Z,"Hilário????? VERGONHOSO

Responder ele não conseguiu. Apelou!!!
Responda Flávio Dino!!!!!",17,0,6,https://twitter.com/AlencarBraga13/status/1640785575971004425
Vera Fazueli,@Verasmgomes,https://twitter.com/Verasmgomes/status/1640841541701758977,2023-03-28T22:21:23.000Z,👏🏼👏🏼👏🏼👏🏼,0,0,1,https://twitter.com/AlencarBraga13/status/1640785575971004425
Junior.Bigu,@bigu_junior,https://twitter.com/bigu_junior/status/1640790541657952259,2023-03-28T18:58:44.000Z,Mitou...,0,1,4,https://twitter.com/AlencarBraga13/status/1640785575971004425
PalasAthenada,@palas_athenada,https://twitter.com/palas_athenada/status/1640910510345408512,2023-03-29T02:55:26.000Z,"Como tem idiotas, vestidos de deputados, na oposição. Isso é uma afronta!",0,0,1,https://twitter.com/AlencarBraga13/status/1640785575971004425
Profª Edjane Patrícia,@fadinhadoPT,https://twitter.com/fadinhadoPT/status/1640815149098455043,2023-03-28T20:36:31.000Z,@BaixadorDeVideo,1,0,1,https://twitter.com/AlencarBraga13/status/1640785575971004425
Wendell Santos,@Wendell_JRS,https://twitter.com/Wendell_JRS/status/1640798326902620162,2023-03-28T19:29:40.000Z,Dino debochado. 🤣🤣🤣,0,1,53,https://twitter.com/AlencarBraga13/status/1640785575971004425
Liliane Rosa,@LilianeRosa_,https://twitter.com/LilianeRosa_/status/1640840174518059010,2023-03-28T22:15:57.000Z,"""Eu sei ler.""  🤣🤣🤣🤣🤣🤣🤣",0,0,5,https://twitter.com/AlencarBraga13/status/1640785575971004425
Sérgio Siebra,@sergio_siebra,https://twitter.com/sergio_siebra/status/1640816549618413571,2023-03-28T20:42:04.000Z,"Esse “debate” é como se eu pegasse o Messi e o obrigasse a jogar com os jogadores do Ibis. É sacanagem com o Messi. Colocar o Flávio Dino pra trocar ideia com gente do mais baixo nível intelectual, cultural, é dureza. Mas, a democracia é isso. O Messi tem que jogar com o Ibis",3,3,122,https://twitter.com/AlencarBraga13/status/1640785575971004425
Marta teodora,@Martateodora3,https://twitter.com/Martateodora3/status/1641009183339282432,2023-03-29T09:27:32.000Z,"Momento hilário foi o Sr Dino que sabia de nada , mas já tinha um documento p/o presidente assinar decretando intervenção em Brasília.",0,0,0,https://twitter.com/AlencarBraga13/status/1640785575971004425
Fábio,@MaX273180,https://twitter.com/MaX273180/status/1640829785151553538,2023-03-28T21:34:40.000Z,Adorei...Fake News não se cria se vacina 👏🏻👏🏻👏🏻👏🏻👏🏻👏🏻👏🏻👏🏻👏🏻👏🏻👏🏻👏🏻,0,0,2,https://twitter.com/AlencarBraga13/status/1640785575971004425
Fátima Gonçalves,@ftima_gonalves,https://twitter.com/ftima_gonalves/status/1640799359494246412,2023-03-28T19:33:46.000Z,O Flávio Dino está jantando os bolsonaristas. kkkk,0,5,96,https://twitter.com/AlencarBraga13/status/1640785575971004425
Paesana,@FabianaSandri1,https://twitter.com/FabianaSandri1/status/1640798960032808963,2023-03-28T19:32:11.000Z,"""Novas novidades"",deputado???",0,0,0,https://twitter.com/AlencarBraga13/status/1640785575971004425
Carla abreu #foracamposneto,@aaaa10149982,https://twitter.com/aaaa10149982/status/1640793973194145793,2023-03-28T19:12:22.000Z,Interpretação de texto é tudo na vida rs,0,1,58,https://twitter.com/AlencarBraga13/status/1640785575971004425
eliane,@ElianeAlfano,https://twitter.com/ElianeAlfano/status/1640854859531587589,2023-03-28T23:14:18.000Z,"Lógico que não ele tem que proteger a velha imprensa , deveria vc não acha ?",0,0,0,https://twitter.com/AlencarBraga13/status/1640785575971004425
chururu,@PauloRMarkoski,https://twitter.com/PauloRMarkoski/status/1641148601563742215,2023-03-29T18:41:32.000Z,@ArlenFernandes9 As bolsonaristas que usam tiara de flores na cabeça mas não sabem ler! kkkkkk,1,0,0,https://twitter.com/AlencarBraga13/status/1640785575971004425
T.Z.M(Leonardo// quero e treta fiz o L.,@LeonardoSabrin3,https://twitter.com/LeonardoSabrin3/status/1640808202123071512,2023-03-28T20:08:54.000Z,@FlavioDino vc tá trabalhando no SEX HOT ? Tá fodendo eles demais 🤣🤣🤣👉👌,0,0,8,https://twitter.com/AlencarBraga13/status/1640785575971004425
Marial Luiza Vicente,@VicenteMarial,https://twitter.com/VicenteMarial/status/1640818937347837956,2023-03-28T20:51:34.000Z,"Vai ter muita gente no dep médico hoje: enxaqueca, hematoma, depressão.",0,0,21,https://twitter.com/AlencarBraga13/status/1640785575971004425
Denise,@DeRessem67,https://twitter.com/DeRessem67/status/1640943789438038017,2023-03-29T05:07:41.000Z,"Dino deu show, acho que depois disso a oposição nunca mais vai chamá-lo , kkkk",0,0,5,https://twitter.com/AlencarBraga13/status/1640785575971004425
Su Alves,@DaSueleni,https://twitter.com/DaSueleni/status/1640824357592371201,2023-03-28T21:13:06.000Z,"Flavio Dino é  maravilhoso, dando uma goleada  nesses deputados.",0,1,8,https://twitter.com/AlencarBraga13/status/1640785575971004425
Ataner,@Ataner_S2,https://twitter.com/Ataner_S2/status/1640797549656170503,2023-03-28T19:26:35.000Z,"Nossa, ele humilha muito kkkkk Da até gosto de ver",1,3,209,https://twitter.com/AlencarBraga13/status/1640785575971004425
ᘜIᗷᗩᒍᖇ ᖇᗴᑕIᖴᗴ,@MenezeGilberto,https://twitter.com/MenezeGilberto/status/1640892690244984832,2023-03-29T01:44:38.000Z,Só invertida de Flávio Dino parabéns.,0,0,12,https://twitter.com/AlencarBraga13/status/1640785575971004425
Sergio do agitaço,@serjaoagitaco,https://twitter.com/serjaoagitaco/status/1640792900157034504,2023-03-28T19:08:06.000Z,"Depois e o Serjao, que tem que ter calma, né.
kkkkkk",0,0,8,https://twitter.com/AlencarBraga13/status/1640785575971004425
Lucio Lamonica,@LucioLamonica,https://twitter.com/LucioLamonica/status/1641090902276882434,2023-03-29T14:52:15.000Z,@analamonica,0,0,1,https://twitter.com/AlencarBraga13/status/1640785575971004425
Cavalcanti,@dicavalcanti,https://twitter.com/dicavalcanti/status/1640859052258340865,2023-03-28T23:30:58.000Z,"Só faltou dizer: ""não sou analfabeto funcional como vocês"" kkkk.",0,0,1,https://twitter.com/AlencarBraga13/status/1640785575971004425
Rita Lopes,@RitaLop23715070,https://twitter.com/RitaLop23715070/status/1640823382399758336,2023-03-28T21:09:14.000Z,Jkkkkk,0,0,0,https://twitter.com/AlencarBraga13/status/1640785575971004425
lucya,@Lucya091,https://twitter.com/Lucya091/status/1640841914185392132,2023-03-28T22:22:52.000Z,"Está turma de fraudas q está neste congresso sinceramente eu  , passo a  , acreditar que brasileiros tem q ser estudo não e possível a política q e uma coisa q define os rumos de toda vida de uma sociedade estejam neste nível vergonhoso estou aqui  fora do🇧🇷",0,0,1,https://twitter.com/AlencarBraga13/status/1640785575971004425
#ikarochaves,@ikaro_chaves,https://twitter.com/ikaro_chaves/status/1641016470359474176,2023-03-29T09:56:29.000Z,Kkkkkkk,0,0,0,https://twitter.com/AlencarBraga13/status/1640785575971004425
diga não ao facismo,@FrancinilsonOl4,https://twitter.com/FrancinilsonOl4/status/1640816958731063302,2023-03-28T20:43:42.000Z,Boa ministro,0,0,0,https://twitter.com/AlencarBraga13/status/1640785575971004425
Ana flor,@FlordoRein58427,https://twitter.com/FlordoRein58427/status/1640819931683098628,2023-03-28T20:55:31.000Z,Bolsonaristas estão todos levando na cara kkkkk,0,0,0,https://twitter.com/AlencarBraga13/status/1640785575971004425
Ana flor,@FlordoRein58427,https://twitter.com/FlordoRein58427/status/1640820520093462532,2023-03-28T20:57:51.000Z,A gadaiada só toma no rabo kkkkkk,0,0,0,https://twitter.com/AlencarBraga13/status/1640785575971004425
Roberto Soares,@Roberttoso,https://twitter.com/Roberttoso/status/1641054981586403328,2023-03-29T12:29:31.000Z,"Um dos maiores problemas dos bolsonaristas, não saber lê, e sim não sabem é interpretar .",0,0,1,https://twitter.com/AlencarBraga13/status/1640785575971004425
Psiquê,@psyke_news,https://twitter.com/psyke_news/status/1640925540746928128,2023-03-29T03:55:10.000Z,Tô passada com a inteligência do Dino 😂😂😂😂,0,0,0,https://twitter.com/AlencarBraga13/status/1640785575971004425
manoela marinho,@manulunar,https://twitter.com/manulunar/status/1640872512887177216,2023-03-29T00:24:27.000Z,Adoro!,0,0,0,https://twitter.com/AlencarBraga13/status/1640785575971004425
bobinho,@arrobabobe,https://twitter.com/arrobabobe/status/1640874197046968321,2023-03-29T00:31:09.000Z,on fiiiiiiireeeee,0,0,0,https://twitter.com/AlencarBraga13/status/1640785575971004425
Valduca Santana,@SantanaValduca,https://twitter.com/SantanaValduca/status/1640834467643179010,2023-03-28T21:53:16.000Z,vadio esse dino,0,0,0,https://twitter.com/AlencarBraga13/status/1640785575971004425
Marcia Santos,@MarciaS17365101,https://twitter.com/MarciaS17365101/status/1640992835284480001,2023-03-29T08:22:34.000Z,Muito bom kkkkkkk,0,0,0,https://twitter.com/AlencarBraga13/status/1640785575971004425
Marcos Moraes,@AdvMarcosMoraes,https://twitter.com/AdvMarcosMoraes/status/1640813451546185756,2023-03-28T20:29:46.000Z,Kkkkkkkkkkkk,0,0,1,https://twitter.com/AlencarBraga13/status/1640785575971004425
Geni Xavier,@Gegexa,https://twitter.com/Gegexa/status/1641069550895595524,2023-03-29T13:27:25.000Z,"A deputada q. Fez a pergunta, nada mais nda. Menos q. A conje",0,0,0,https://twitter.com/AlencarBraga13/status/1640785575971004425
Gessica,@geleibond,https://twitter.com/geleibond/status/1640895786853474305,2023-03-29T01:56:56.000Z,Eu sei ler hahahaha,0,0,1,https://twitter.com/AlencarBraga13/status/1640785575971004425
## CHUCK ##,@CHUCK60015297,https://twitter.com/CHUCK60015297/status/1640882156229521409,2023-03-29T01:02:46.000Z,Na cara não @FlavioDino  na cara não,0,0,0,https://twitter.com/AlencarBraga13/status/1640785575971004425
Janes Correa Lopes,@janes_correa,https://twitter.com/janes_correa/status/1641069677760638977,2023-03-29T13:27:55.000Z,I num tá bom,0,0,0,https://twitter.com/AlencarBraga13/status/1640785575971004425
mauri mendes,@maurimendes11,https://twitter.com/maurimendes11/status/1640901405270581251,2023-03-29T02:19:16.000Z,"Querem falar o que um professor constitucionalista tem que processar ou não, eles não sabem o conhecimento que o Flávio dino tem sobre direito, aí ficam passando essas vergonhas",0,0,8,https://twitter.com/AlencarBraga13/status/1640785575971004425
Marcos Maxx lula da silva,@TopreSoTemUm,https://twitter.com/TopreSoTemUm/status/1640887383167205381,2023-03-29T01:23:33.000Z,Ler e saber interpretar um texto são coisas que parece ser bem difícil pra extrema direita... Estranho não!!,0,1,7,https://twitter.com/AlencarBraga13/status/1640785575971004425
Jonas Ferro,@JonasFerro4,https://twitter.com/JonasFerro4/status/1640841094349959168,2023-03-28T22:19:36.000Z,"Flávio Dino, esse cara é demais. Educado, inteligente e muito articulado.",0,0,13,https://twitter.com/AlencarBraga13/status/1640785575971004425
MotoKa #MariellePresente,@ColaresMaira,https://twitter.com/ColaresMaira/status/1640836722438164481,2023-03-28T22:02:14.000Z,o outro lá atrás tentando tomar o café sem cuspir kkkkkkkkkkk,0,2,136,https://twitter.com/AlencarBraga13/status/1640785575971004425
Lineu Silva Fake,@TONYMON53103367,https://twitter.com/TONYMON53103367/status/1640885729441251329,2023-03-29T01:16:58.000Z,"Enquanto isso a China e os EUA discutem a tecnologia 7G, educação... é triste o nível da nossa política.",1,1,29,https://twitter.com/AlencarBraga13/status/1640785575971004425
Filho de Rás Gonguila,@campelo_beijafl,https://twitter.com/campelo_beijafl/status/1640817899932712960,2023-03-28T20:47:26.000Z,"Meu Deus como o Flávio Dino destroçou esses porcos hahahaha

Peço desculpa aos porcos",0,1,64,https://twitter.com/AlencarBraga13/status/1640785575971004425
Louise Costa,@LouiseC22342040,https://twitter.com/LouiseC22342040/status/1640810277024288805,2023-03-28T20:17:09.000Z,Dino é divertidamente inteligente…tá jantando de babeiro/babador tantos burros e desinformados da direita😂😂😂😂,1,0,131,https://twitter.com/AlencarBraga13/status/1640785575971004425
Marcelo Caires,@maccaires,https://twitter.com/maccaires/status/1640892788169375747,2023-03-29T01:45:01.000Z,Quem era a deputada? Era a Marreca de Curitiba?,0,0,9,https://twitter.com/AlencarBraga13/status/1640785575971004425
Conservachoro,@conservachoro,https://twitter.com/conservachoro/status/1640817834191093761,2023-03-28T20:47:11.000Z,"@AlencarBraga13, Não chame a extrema-direita de quinta série, pois isso é uma ofensa a quem está na quinta série (ou sexto ano, a depender de onde for).",0,0,21,https://twitter.com/AlencarBraga13/status/1640785575971004425
Annaguisil,@CarolGuimas0,https://twitter.com/CarolGuimas0/status/1640821587266904068,2023-03-28T21:02:06.000Z,Faltou dizer “ eu sei ler e interpretar” pq eles não sabem os dois.,0,0,130,https://twitter.com/AlencarBraga13/status/1640785575971004425
delminha,@delminha15,https://twitter.com/delminha15/status/1640866927529607169,2023-03-29T00:02:16.000Z,Já quero como candidato quero vê debate com deboxe kkkk,0,0,1,https://twitter.com/AlencarBraga13/status/1640785575971004425
Carla abreu #foracamposneto,@aaaa10149982,https://twitter.com/aaaa10149982/status/1640793629278052359,2023-03-28T19:11:00.000Z,coitado do Dino tem que perder tempo com essa gente kkkk,2,5,183,https://twitter.com/AlencarBraga13/status/1640785575971004425
,@MaraLQV,https://twitter.com/MaraLQV/status/1640807138376425473,2023-03-28T20:04:41.000Z,Adoro! 🤣🤣🤣🤣,0,0,1,https://twitter.com/AlencarBraga13/status/1640785575971004425
Elmano Brito,@Elmano_Brito,https://twitter.com/Elmano_Brito/status/1640789332209311771,2023-03-28T18:53:55.000Z,Mas deu explicação sobre a ida na maré?,0,0,0,https://twitter.com/AlencarBraga13/status/1640785575971004425
Ingrid,@ingridmollin,https://twitter.com/ingridmollin/status/1640871488717815808,2023-03-29T00:20:23.000Z,Eu sei ler. Ahahahah,0,0,1,https://twitter.com/AlencarBraga13/status/1640785575971004425
Lourdes Ferreira,@Lourdes08574485,https://twitter.com/Lourdes08574485/status/1641378465071996929,2023-03-30T09:54:56.000Z,"Dino maravilhoso, essa cambada de patriotarios aínda não entenderam que são manés e que perderam.",0,0,1,https://twitter.com/AlencarBraga13/status/1640785575971004425
Lourdes Ferreira,@Lourdes08574485,https://twitter.com/Lourdes08574485/status/1641378607254601728,2023-03-30T09:55:29.000Z,Bola pra frente Dino.,0,0,0,https://twitter.com/AlencarBraga13/status/1640785575971004425
fɪxgu,@fixxxgu,https://twitter.com/fixxxgu/status/1640875151116959747,2023-03-29T00:34:56.000Z,@_amandinhanog,0,0,1,https://twitter.com/AlencarBraga13/status/1640785575971004425
Nemão.,@PROFONESIMO,https://twitter.com/PROFONESIMO/status/1641116014480900096,2023-03-29T16:32:02.000Z,Kkk. Eu sou obrigado a ler a folha... Kkkkkk. Lacrouuu.,0,0,0,https://twitter.com/AlencarBraga13/status/1640785575971004425
servidora assediada,@servidoraassedi,https://twitter.com/servidoraassedi/status/1640818993723310081,2023-03-28T20:51:47.000Z,Te amo @FlavioDino,0,0,2,https://twitter.com/AlencarBraga13/status/1640785575971004425
Waleria sei lá do que.,@Walerialouca,https://twitter.com/Walerialouca/status/1640804987088392223,2023-03-28T19:56:08.000Z,"Nesse vídeo, eu sou o cara tomando café 😂😸😂😂",2,1,29,https://twitter.com/AlencarBraga13/status/1640785575971004425
Hercília Mariana M.,@Herciliamariana,https://twitter.com/Herciliamariana/status/1640847705336430593,2023-03-28T22:45:53.000Z,Uma vergonha para o Brasil é essa extrema-direita 5ª série.,0,0,3,https://twitter.com/AlencarBraga13/status/1640785575971004425
Teca Gama,@GamaTecagama,https://twitter.com/GamaTecagama/status/1641093648908517376,2023-03-29T15:03:10.000Z,"Arrasou, sabe ler e interpretar o texto.",0,0,1,https://twitter.com/AlencarBraga13/status/1640785575971004425
El Moda,@modafocka_,https://twitter.com/modafocka_/status/1640809783597977625,2023-03-28T20:15:11.000Z,Quem era a deputada?,0,0,4,https://twitter.com/AlencarBraga13/status/1640785575971004425
Jonatas be Yashiro,@Jonatas_PS,https://twitter.com/Jonatas_PS/status/1641031195013021696,2023-03-29T10:55:00.000Z,É assim q tem q ser!! Humilhar com elegância e acabar com essas patifarias,0,0,1,https://twitter.com/AlencarBraga13/status/1640785575971004425
Vera,@VeraVeravet,https://twitter.com/VeraVeravet/status/1640880237939421184,2023-03-29T00:55:09.000Z,Gente eu necessito ver essa reunião na íntegra . Sabem onde encontro?,1,0,0,https://twitter.com/AlencarBraga13/status/1640785575971004425
EsquerdalhaFora,@EsquerdalhaFora,https://twitter.com/EsquerdalhaFora/status/1640998909941014528,2023-03-29T08:46:43.000Z,Só sabe ser debochado responder perguntas nada respondeu,1,0,0,https://twitter.com/AlencarBraga13/status/1640785575971004425
Renata,@Renata33943420,https://twitter.com/Renata33943420/status/1640839579547598851,2023-03-28T22:13:35.000Z,Que coragem de quem tá na frente do cara q tá tomando café. Kkkkkk,0,0,2,https://twitter.com/AlencarBraga13/status/1640785575971004425
Washington Sousa,@WSNatal,https://twitter.com/WSNatal/status/1640907297525211136,2023-03-29T02:42:40.000Z,Que circo!!! E o ministro perdendo tempo .#FlavioDinoNaCCJ,0,0,2,https://twitter.com/AlencarBraga13/status/1640785575971004425
Fafa,@mfatimapassos,https://twitter.com/mfatimapassos/status/1640887620338335744,2023-03-29T01:24:29.000Z,"Agora eu estou torcendo pela CPI do dia 8,com o nível dos deputados bolsonaristas,eles vão sair derretidos.",0,0,1,https://twitter.com/AlencarBraga13/status/1640785575971004425
Willian De Souza,@wobson_lml,https://twitter.com/wobson_lml/status/1640845706356195329,2023-03-28T22:37:56.000Z,"@FlavioDino foi circurgico nas palavras, INCLUSIVE a tropa bolsonarista não acredita o que a imprensa diz más gosta e como gosta de usar a favor deles.... né Nikole (@nikolas_dm) sua voz saiu no fundo.... seu moleque de jardim de infância...e assim a sua oposição???",0,0,2,https://twitter.com/AlencarBraga13/status/1640785575971004425
Jeane Fazuelle L,@Jeane12047050,https://twitter.com/Jeane12047050/status/1640854216406368256,2023-03-28T23:11:45.000Z,#FlavioDinoNaCCJ ❤️👏👏👏👏,0,0,1,https://twitter.com/AlencarBraga13/status/1640785575971004425
Papo de Galo,@PapodeGalo1,https://twitter.com/PapodeGalo1/status/1641041013845241856,2023-03-29T11:34:01.000Z,"ELA DEVE SER UM TÍPICO EXEMPLAR DOS SEGUIDORES E SEGUIDORAS DO MICO BOÇAL NARO, QUE SÃO UMAS VERDADEIRAS BESTAS QUADRADAS AO TRIPLO!",0,0,1,https://twitter.com/AlencarBraga13/status/1640785575971004425
Mais Copero,@MaisCopero,https://twitter.com/MaisCopero/status/1641057301103534082,2023-03-29T12:38:44.000Z,Qual série estaria a pessoa pra chamar um outro deputado de chupetinha?,0,0,2,https://twitter.com/AlencarBraga13/status/1640785575971004425
regina villas,@rvillasb,https://twitter.com/rvillasb/status/1640854985805287424,2023-03-28T23:14:48.000Z,Q máximo!,0,0,1,https://twitter.com/AlencarBraga13/status/1640785575971004425
Sana,@nissanapix100,https://twitter.com/nissanapix100/status/1640922535561658368,2023-03-29T03:43:14.000Z,não leio a folha. sou obrigado a ler a folha????? ahahahahaha,0,0,3,https://twitter.com/AlencarBraga13/status/1640785575971004425
Sana,@nissanapix100,https://twitter.com/nissanapix100/status/1640923110160334850,2023-03-29T03:45:30.000Z,"ninguem le a folha, nem a extrema direita, mas eles não leem a folha tb, pq eles mandam a pauta pra folha",0,0,1,https://twitter.com/AlencarBraga13/status/1640785575971004425
Lucas Messias,@LukTheMess,https://twitter.com/LukTheMess/status/1640842019118497792,2023-03-28T22:23:17.000Z,Sou mto Flávio Dinner,0,0,2,https://twitter.com/AlencarBraga13/status/1640785575971004425
Rafael Morandini,@RafaMorandini,https://twitter.com/RafaMorandini/status/1640844317735501826,2023-03-28T22:32:25.000Z,Gente que pau esse @nikolas_dm tomou. Kkkkk que vareio de bola do Ministro,0,0,3,https://twitter.com/AlencarBraga13/status/1640785575971004425
Laisa Leão,@laileoa,https://twitter.com/laileoa/status/1640864632259657730,2023-03-28T23:53:08.000Z,"Esse querido de óculos, com certeza, foi o que mais se divertiu mais nesse debate kkkkk minha gente, ele não para de rir",1,0,19,https://twitter.com/AlencarBraga13/status/1640785575971004425
LucasBell,@Mateso04507313,https://twitter.com/Mateso04507313/status/1640856342603890688,2023-03-28T23:20:12.000Z,hahahahahah. Tome!,0,0,0,https://twitter.com/AlencarBraga13/status/1640785575971004425
Leandro.,@lanoCunha,https://twitter.com/lanoCunha/status/1640927975469199361,2023-03-29T04:04:50.000Z,Qual foi esse deputada?,0,0,0,https://twitter.com/AlencarBraga13/status/1640785575971004425
Miria cruz,@miriatherezacr,https://twitter.com/miriatherezacr/status/1640897559332880389,2023-03-29T02:03:59.000Z,Esse Dino é divino!👏👏👏👏👏,0,0,0,https://twitter.com/AlencarBraga13/status/1640785575971004425
Hilcélia,@Hilcelia6,https://twitter.com/Hilcelia6/status/1640863796209090562,2023-03-28T23:49:49.000Z,Kkkkkkkk,0,0,0,https://twitter.com/AlencarBraga13/status/1640785575971004425
jobson almeida oliveira,@jobsonjr13,https://twitter.com/jobsonjr13/status/1641094495335768066,2023-03-29T15:06:32.000Z,"Dino sincero, verdadeiro, sereno e sarcástico.",0,0,0,https://twitter.com/AlencarBraga13/status/1640785575971004425
Nosbor_55,@AntnioJoseSilv7,https://twitter.com/AntnioJoseSilv7/status/1640814250980524033,2023-03-28T20:32:56.000Z,Eu tô amando!!!,0,0,0,https://twitter.com/AlencarBraga13/status/1640785575971004425
Andre Aranda,@AndreAranda11,https://twitter.com/AndreAranda11/status/1640837864777818113,2023-03-28T22:06:46.000Z,@FreitasLeandro_,0,0,0,https://twitter.com/AlencarBraga13/status/1640785575971004425
Edilson nascimento pantera,@edilson_pantera,https://twitter.com/edilson_pantera/status/1641115529984327685,2023-03-29T16:30:07.000Z,"So tem duas opções pra @FlavioDino  ! depois de lula, virar presidente,ou ser um ministro do supremo .",0,0,0,https://twitter.com/AlencarBraga13/status/1640785575971004425
oulala remix,@srflupi,https://twitter.com/srflupi/status/1640847000336756736,2023-03-28T22:43:05.000Z,Kkkkkkkkkkkkkkkjkkkkkkkkkkk,0,0,0,https://twitter.com/AlencarBraga13/status/1640785575971004425
Jane Oliveira,@JaneOli77280346,https://twitter.com/JaneOli77280346/status/1641033996048953344,2023-03-29T11:06:08.000Z,"Eu sei ler❤️ ah, Flávio Dino, tratando esse povo da extrema direita, ignorante de tudo, como deve ser😅👊👏👏👏",0,0,0,https://twitter.com/AlencarBraga13/status/1640785575971004425
Tom Souza,@tom_souzas,https://twitter.com/tom_souzas/status/1640888857297321984,2023-03-29T01:29:24.000Z,O cara é professor há anos e ainda dá aula! Essa é a diferença!,0,0,3,https://twitter.com/AlencarBraga13/status/1640785575971004425
viviane perr,@PerrViv,https://twitter.com/PerrViv/status/1640826311785558019,2023-03-28T21:20:52.000Z,um dia interin perdido pro pobi do ministro. parece quando a gente tem aquelas reunioes de trabalho q poderiam ser um email,0,0,14,https://twitter.com/AlencarBraga13/status/1640785575971004425
ignorância artificial,@arashelen,https://twitter.com/arashelen/status/1640907630246805504,2023-03-29T02:44:00.000Z,@gustaverse,1,0,0,https://twitter.com/AlencarBraga13/status/1640785575971004425
Antonio Sergio 安藤,@Sergio_CPS,https://twitter.com/Sergio_CPS/status/1640803920971812882,2023-03-28T19:51:54.000Z,"Dino é paciente, sabe lidar com crianças. 😆",1,3,32,https://twitter.com/AlencarBraga13/status/1640785575971004425
Alba,@minerva_rafaela,https://twitter.com/minerva_rafaela/status/1640831950280597504,2023-03-28T21:43:16.000Z,O homem culto desse perder tempo com esse ignorantes é demais. Porém eu amei.,0,0,43,https://twitter.com/AlencarBraga13/status/1640785575971004425
Paulo Marcio,@Paulo_M_Furtado,https://twitter.com/Paulo_M_Furtado/status/1640845080763269122,2023-03-28T22:35:27.000Z,Total apoio a oposição para chamar o Flávio Dino na câmara pelo menos 1 vez a cada 15 dias.,2,4,195,https://twitter.com/AlencarBraga13/status/1640785575971004425
Red Shirt But Not A Trekkie,@chriscanto,https://twitter.com/chriscanto/status/1640834146636316674,2023-03-28T21:52:00.000Z,Hj o dia rendeu.. huahuahua,0,0,1,https://twitter.com/AlencarBraga13/status/1640785575971004425
J0hn Wh0 - Game Photographer,@joao_tamar,https://twitter.com/joao_tamar/status/1640879221093310466,2023-03-29T00:51:07.000Z,Agora imagina uma CPI com essa nata aí. Credo,0,0,1,https://twitter.com/AlencarBraga13/status/1640785575971004425
Izabel Lemos,@Lemos9Izabel,https://twitter.com/Lemos9Izabel/status/1641109579877556225,2023-03-29T16:06:28.000Z,poucos conseguiriam aguentar tanto tempo. Atuação admirável. Educação impecável. Humor irretocável! parabéns  @FlavioDino,0,0,2,https://twitter.com/AlencarBraga13/status/1640785575971004425
João,@Joo81455256,https://twitter.com/Joo81455256/status/1640887118204657664,2023-03-29T01:22:29.000Z,Esses campeões de voto 😱😱 sinceramente. Banânia está phudida. O ministro Kagou na cabeça deles.,0,0,2,https://twitter.com/AlencarBraga13/status/1640785575971004425
LiviaJotha,@LiviaJotha,https://twitter.com/LiviaJotha/status/1641101300870914052,2023-03-29T15:33:34.000Z,É a escolinha do professor Raimundo!?,0,0,0,https://twitter.com/AlencarBraga13/status/1640785575971004425
Karkov,@Karkov13,https://twitter.com/Karkov13/status/1641097287941124096,2023-03-29T15:17:38.000Z,😂😂😂😂,0,0,0,https://twitter.com/AlencarBraga13/status/1640785575971004425
Ritta,@Ritta59309168,https://twitter.com/Ritta59309168/status/1641039497449046016,2023-03-29T11:27:59.000Z,Adoroooooo a acidez de @FlavioDino E assim que se trata bolsonarista 👏🏾👏🏾👏🏾👏🏾👏🏾👏🏾🤣🤣🤣🤣🤣🤣,0,0,0,https://twitter.com/AlencarBraga13/status/1640785575971004425
Érika,@erikad2010,https://twitter.com/erikad2010/status/1640942922022494208,2023-03-29T05:04:14.000Z,"Impressionante, né? O nível de indigência intelectual dos bolsonaristas e moristas supera até as mais baixas expectativas! A gente sabia que era ruim, mas PQP! 🤦‍♀️😂😂😂",0,0,0,https://twitter.com/AlencarBraga13/status/1640785575971004425
Adriana Cavalcante,@Adriana19249936,https://twitter.com/Adriana19249936/status/1641055606420250625,2023-03-29T12:32:00.000Z,"Afirmou sim, não é Hilário, vcs não tem compromissso com a verdade, deveriam se envergonhar, deboche e cinismo não é postura dos homens públicos que desejamos, uma vergonha para nosso país....",0,0,0,https://twitter.com/AlencarBraga13/status/1640785575971004425
Rsn,@Neto_Sanitaaa,https://twitter.com/Neto_Sanitaaa/status/1641258506475937792,2023-03-30T01:58:15.000Z,"Ja ja esse leitão volta pra casa, comer toda a comida do Maranhão.",0,0,0,https://twitter.com/AlencarBraga13/status/1640785575971004425
jadilson,@jadilso28664665,https://twitter.com/jadilso28664665/status/1640803185479634971,2023-03-28T19:48:58.000Z,Tamanha incompetência.,0,0,0,https://twitter.com/AlencarBraga13/status/1640785575971004425
mourapaiva,@mourapaiva2,https://twitter.com/mourapaiva2/status/1641084636402008070,2023-03-29T14:27:21.000Z,O que ele falou? Eu nada entendi,0,0,0,https://twitter.com/AlencarBraga13/status/1640785575971004425
Erick Nunes,@ErickNunesMM,https://twitter.com/ErickNunesMM/status/1640857777370177537,2023-03-28T23:25:54.000Z,@BaixadorDeVideo,0,0,0,https://twitter.com/AlencarBraga13/status/1640785575971004425
Claudio L Souza Bonifacio,@ClaudioLSouzaB2,https://twitter.com/ClaudioLSouzaB2/status/1641088737391067136,2023-03-29T14:43:39.000Z,"Tem vergonha n, seu 💩?",0,0,0,https://twitter.com/AlencarBraga13/status/1640785575971004425
juan iglesias,@juanigl32733525,https://twitter.com/juanigl32733525/status/1641137116284321812,2023-03-29T17:55:54.000Z,MMMMhhhhh e agora com a info do diputado Japinha....????? Acho que o Ministro vai ter que ir dar explicações mais uma vez....,0,0,0,https://twitter.com/AlencarBraga13/status/1640785575971004425
Paula,@paula_tecuida,https://twitter.com/paula_tecuida/status/1641160858158940162,2023-03-29T19:30:14.000Z,Mente que nem sente!,0,0,0,https://twitter.com/AlencarBraga13/status/1640785575971004425
,@Xonado22,https://twitter.com/Xonado22/status/1641113966654148610,2023-03-29T16:23:54.000Z,PT uma piada retrocesso.,0,0,0,https://twitter.com/AlencarBraga13/status/1640785575971004425
FuiBloqueadoMasVoltei,@Foda_seXandao,https://twitter.com/Foda_seXandao/status/1641036177347166208,2023-03-29T11:14:48.000Z,"O POVO BRASILEIRO SABE BEM O QUE VCS SABEM FAZER. O meu Jurídico me impede de falar, mesmo sendo a pura verdade",0,0,0,https://twitter.com/AlencarBraga13/status/1640785575971004425
chururu,@PauloRMarkoski,https://twitter.com/PauloRMarkoski/status/1641149566291509248,2023-03-29T18:45:22.000Z,Esta não sabe Ler... provavelmente passará em concurso pra juiz no Paraná e dará aula ainda 😂😂😂😂,0,0,0,https://twitter.com/AlencarBraga13/status/1640785575971004425
varella tv,@tv_varella,https://twitter.com/tv_varella/status/1641193401923276801,2023-03-29T21:39:33.000Z,Os trle jornais vao ser animados.... ate vou pra casa🤣,0,0,0,https://twitter.com/AlencarBraga13/status/1640785575971004425
Mônica Torres,@MonicaTorresMFT,https://twitter.com/MonicaTorresMFT/status/1640920131101511680,2023-03-29T03:33:40.000Z,Respeita a 5a série! Esse povo nem alfabetizado foi.,0,0,0,https://twitter.com/AlencarBraga13/status/1640785575971004425
Fernando,@Fernand79316151,https://twitter.com/Fernand79316151/status/1641032341324791809,2023-03-29T10:59:33.000Z,Outro comentário de quem tem sérios problemas mentais,0,0,0,https://twitter.com/AlencarBraga13/status/1640785575971004425
Zeze Valente 13,@MariaVa70489407,https://twitter.com/MariaVa70489407/status/1641222536133263361,2023-03-29T23:35:19.000Z,"JANONES EU AUTORIZO
JANONES EU AUTORIZO
JANONES EU AUTORIZO
JANONES EU AUTORIZO
JANONES EU AUTORIZO
JANONES EU AUTORIZO
JANONES EU AUTORIZO
JANONES EU AUTORIZO
JANONES EU AUTORIZO
JANONES EU AUTORIZO
JANONES EU AUTORIZO
JANONES EU AUTORIZO",0,0,0,https://twitter.com/AlencarBraga13/status/1640785575971004425
vini.,@MENGOPOP,https://twitter.com/MENGOPOP/status/1640886004964892675,2023-03-29T01:18:04.000Z,kkkkkkkkkkkkkkkkkk,0,0,0,https://twitter.com/AlencarBraga13/status/1640785575971004425
Conservador tradicional da Família Brasileira,@FranzimGregore,https://twitter.com/FranzimGregore/status/1640813155092779008,2023-03-28T20:28:35.000Z,"Rapaz, depois dessa a direita não chama o Dino para mais nada! Esse homi é bruto, sabe brincar não 🤣🤣🤣",0,0,1,https://twitter.com/AlencarBraga13/status/1640785575971004425
Baiano,@dotado_sagatiba,https://twitter.com/dotado_sagatiba/status/1640865030416596993,2023-03-28T23:54:43.000Z,"Flávio Dino: ""...eu sei ler"".",0,0,1,https://twitter.com/AlencarBraga13/status/1640785575971004425
Pat Suburbana,@patsuburbana,https://twitter.com/patsuburbana/status/1640838693815549952,2023-03-28T22:10:04.000Z,"De onde saem tantos obtusos fazendo essas perguntas cr3tinas, meu Deus?
Quanta vergonha alheia.",0,0,7,https://twitter.com/AlencarBraga13/status/1640785575971004425
Sidnei Cunico,@sidneicunico,https://twitter.com/sidneicunico/status/1640835804904714241,2023-03-28T21:58:35.000Z,Gosto muito do Flávio Dino !👍,2,0,4,https://twitter.com/AlencarBraga13/status/1640785575971004425
Francisco Lima,@TchescoLima,https://twitter.com/TchescoLima/status/1641037851558133760,2023-03-29T11:21:27.000Z,Triste o país que tem essa composição em seu parlamento.,0,0,0,https://twitter.com/AlencarBraga13/status/1640785575971004425
Dayton Nardelli,@DaytonNardelli,https://twitter.com/DaytonNardelli/status/1640813014218690562,2023-03-28T20:28:02.000Z,Esse camarada eh muito bom,0,0,12,https://twitter.com/AlencarBraga13/status/1640785575971004425
Cris Vilarim,@belvilarim,https://twitter.com/belvilarim/status/1640787160822325263,2023-03-28T18:45:18.000Z,eu amo o Dino,0,1,15,https://twitter.com/AlencarBraga13/status/1640785575971004425
Fatima,@Fatima61620464,https://twitter.com/Fatima61620464/status/1640892613543821312,2023-03-29T01:44:20.000Z,“Eu sei ler” Toma!!’,0,0,0,https://twitter.com/AlencarBraga13/status/1640785575971004425
Cirse Lima,@CirseL,https://twitter.com/CirseL/status/1641106649577402368,2023-03-29T15:54:50.000Z,Incrível como falta cognitividade a essa gente.,0,0,1,https://twitter.com/AlencarBraga13/status/1640785575971004425
Sim Seremos,@Sim_seremos,https://twitter.com/Sim_seremos/status/1640860880479854598,2023-03-28T23:38:14.000Z,Kkkkkk a serenidade do Ministro diante de tanta loucura que já foi juiz e ambientado àquelas audiências 'gostosas',0,0,15,https://twitter.com/AlencarBraga13/status/1640785575971004425
Potipoty Dias,@RusyDias,https://twitter.com/RusyDias/status/1640871455087894529,2023-03-29T00:20:15.000Z,"Aí! ""Eu sei ler! Que orgulho de ter um ministro como Flávio Dino, gente?! É isto compreensão e Interpretação de texto passa longe dos bozominion, precisam imediatamente voltar ao ensino fundamental.",0,1,13,https://twitter.com/AlencarBraga13/status/1640785575971004425
Simplão,@ValmirJosBarbo2,https://twitter.com/ValmirJosBarbo2/status/1641067501969702913,2023-03-29T13:19:16.000Z,O ministro Flávio Dino expôs toda a mediocridade dos deputados da oposição. Realmente tá crítico o nível intelectual do Congresso.,0,0,3,https://twitter.com/AlencarBraga13/status/1640785575971004425
JOSÉ COLOMÉ G. JUNI,@jcolomejunior,https://twitter.com/jcolomejunior/status/1641387636102242304,2023-03-30T10:31:22.000Z,O melhor ministro deste Governo.,0,0,0,https://twitter.com/AlencarBraga13/status/1640785575971004425
daniella amaral,@daniellaamaral,https://twitter.com/daniellaamaral/status/1640804572628242437,2023-03-28T19:54:29.000Z,Ahahahah adoro @FlavioDino,0,0,4,https://twitter.com/AlencarBraga13/status/1640785575971004425
ana cristina burgos,@ACRIBU,https://twitter.com/ACRIBU/status/1641053434991325186,2023-03-29T12:23:22.000Z,👏👏👏👏👏👏👏👏👏👏👏👏,0,0,1,https://twitter.com/AlencarBraga13/status/1640785575971004425
Edu Ribeiro,@dailyeduribeiro,https://twitter.com/dailyeduribeiro/status/1640827604784513027,2023-03-28T21:26:00.000Z,Eu sei ler🤣🤣🤣,0,0,1,https://twitter.com/AlencarBraga13/status/1640785575971004425
Felipe,@felimoura,https://twitter.com/felimoura/status/1640805219511554061,2023-03-28T19:57:03.000Z,"""eu sei ler..""",0,0,3,https://twitter.com/AlencarBraga13/status/1640785575971004425
JH da Onça,@JosHenr19495539,https://twitter.com/JosHenr19495539/status/1640799359099863040,2023-03-28T19:33:46.000Z,E interpretar também 👏👏🇧🇷,0,1,2,https://twitter.com/AlencarBraga13/status/1640785575971004425
Iara,@Iara71904614,https://twitter.com/Iara71904614/status/1641098266174529537,2023-03-29T15:21:31.000Z,"Ministro Flávio está torturando os adversários,e lógico a pedido deles mesmo...😃",0,0,2,https://twitter.com/AlencarBraga13/status/1640785575971004425
.,@jucesah,https://twitter.com/jucesah/status/1640878634931036162,2023-03-29T00:48:47.000Z,Alencar pelo amor de Deus vem ser prefeito de Guarulhos,0,0,0,https://twitter.com/AlencarBraga13/status/1640785575971004425
Ana ⓟauLa,@AnaDeSant,https://twitter.com/AnaDeSant/status/1640876276276682753,2023-03-29T00:39:24.000Z,Uma das especialidades dos bolsominons é passar vergonha kkkkkkkkkkkkk,0,0,0,https://twitter.com/AlencarBraga13/status/1640785575971004425
JARBAS VASCONCELOS,@VascSantos,https://twitter.com/VascSantos/status/1640797822546071560,2023-03-28T19:27:40.000Z,"E a lição de direito, civilidade e fina ironia que o ministro levou ao menino que quebrou o microfone....",0,0,0,https://twitter.com/AlencarBraga13/status/1640785575971004425
Cleber Rios CPX,@CleberRios_,https://twitter.com/CleberRios_/status/1640883852452175875,2023-03-29T01:09:31.000Z,Cada fala dele bota fascista nas cordas.,0,0,0,https://twitter.com/AlencarBraga13/status/1640785575971004425
avasconcelos,@avasconcelos___,https://twitter.com/avasconcelos___/status/1640881845838520320,2023-03-29T01:01:32.000Z,"Os deputados bolsonaristas saíram zonzos da sessão, 🤣🤣🤣.",0,0,0,https://twitter.com/AlencarBraga13/status/1640785575971004425
Solivier Rr,@RrSolivier,https://twitter.com/RrSolivier/status/1640836362650755072,2023-03-28T22:00:48.000Z,Sessão de humilhação,0,0,0,https://twitter.com/AlencarBraga13/status/1640785575971004425
Déa - SEM ANISTIA,@DeBizzotto,https://twitter.com/DeBizzotto/status/1640843250855542785,2023-03-28T22:28:11.000Z,Eu sei ler 🤣🤣🤣🤣🤣🤣,0,0,0,https://twitter.com/AlencarBraga13/status/1640785575971004425
Gabi Barbosa CPX,@Gabibar06633717,https://twitter.com/Gabibar06633717/status/1640820116362350598,2023-03-28T20:56:15.000Z,Eles pedem,0,0,0,https://twitter.com/AlencarBraga13/status/1640785575971004425
Jujubinha,@juliana50499434,https://twitter.com/juliana50499434/status/1640796895428726795,2023-03-28T19:23:59.000Z,🤣🤣🤣,0,0,0,https://twitter.com/AlencarBraga13/status/1640785575971004425
Patrícia Augusto,@PatrciaAugusto1,https://twitter.com/PatrciaAugusto1/status/1640816343988535297,2023-03-28T20:41:15.000Z,"Nossa o velório vai ser de caixão fechado, pq tá destruindo a cara da turma da direita kkkk",0,0,0,https://twitter.com/AlencarBraga13/status/1640785575971004425
Czar,@CzarHammer1,https://twitter.com/CzarHammer1/status/1640828358274473984,2023-03-28T21:29:00.000Z,“Eu sei ler!” 😜👊🏻,0,0,0,https://twitter.com/AlencarBraga13/status/1640785575971004425
dave,@dave_sza,https://twitter.com/dave_sza/status/1640871460355842048,2023-03-29T00:20:16.000Z,Dino é sinônimo de show de elegância,0,0,0,https://twitter.com/AlencarBraga13/status/1640785575971004425
Edson de Brito Souza,@EdsondeBritoSo1,https://twitter.com/EdsondeBritoSo1/status/1641038534633979904,2023-03-29T11:24:10.000Z,😂😂😂🤡🤡🤡🤡🤥🤥🤥🤥,0,0,0,https://twitter.com/AlencarBraga13/status/1640785575971004425
Eliane Maldonado,@Eamaldonas,https://twitter.com/Eamaldonas/status/1640838792306196480,2023-03-28T22:10:28.000Z,👏👏👏🤣🤣🤣 Parabéns Ministro @FlavioDino ❤️,0,0,0,https://twitter.com/AlencarBraga13/status/1640785575971004425
Lia Ne Lima,@Lia_LimaCarioca,https://twitter.com/Lia_LimaCarioca/status/1641076222741344256,2023-03-29T13:53:55.000Z,Hahahhahhaha essa zueira do Flávio Dino é histórica,0,0,0,https://twitter.com/AlencarBraga13/status/1640785575971004425
Isabel Ramos( Prof) Pedagoga,@IsabelRamos15,https://twitter.com/IsabelRamos15/status/1640898443605417987,2023-03-29T02:07:30.000Z,Esse Ministro é Feraaaa💪,0,0,0,https://twitter.com/AlencarBraga13/status/1640785575971004425
Shâmia Salem,@shamia_salem,https://twitter.com/shamia_salem/status/1640828616459026432,2023-03-28T21:30:01.000Z,"Deboches, ironias e piadas a parte, eu só consigo pensar no baixo nível de alguns parlamentares...",0,0,6,https://twitter.com/AlencarBraga13/status/1640785575971004425
Cheimar,@cheimardasilva,https://twitter.com/cheimardasilva/status/1640796908087136263,2023-03-28T19:24:02.000Z,"Hilário mesmo, que faaaaaaaaase Brasil.",0,2,15,https://twitter.com/AlencarBraga13/status/1640785575971004425
feliz Páscoa,@lukinhascais,https://twitter.com/lukinhascais/status/1640880838211411968,2023-03-29T00:57:32.000Z,"""EU SEI LER"" 🗣🗣🗣🗣",0,0,2,https://twitter.com/AlencarBraga13/status/1640785575971004425
Laercio Costa,@Laercio39210204,https://twitter.com/Laercio39210204/status/1641105415046852608,2023-03-29T15:49:55.000Z,Excêntrico,0,0,0,https://twitter.com/AlencarBraga13/status/1640785575971004425
|\|€¥,@neycesarfreitas,https://twitter.com/neycesarfreitas/status/1640894815117164546,2023-03-29T01:53:04.000Z,Quem era a analfabeta?,0,0,0,https://twitter.com/AlencarBraga13/status/1640785575971004425
Reyluap,@Reyluap1,https://twitter.com/Reyluap1/status/1640895347034660864,2023-03-29T01:55:11.000Z,"Em, dia 11 não vai ter o @rfalcao13 homofóbico presidente, será que ele vai ser esse bichão todo?🤡🤡🤡",0,0,0,https://twitter.com/AlencarBraga13/status/1640785575971004425
Silvestre Stalone,@stalones576,https://twitter.com/stalones576/status/1640894506772905985,2023-03-29T01:51:51.000Z,Flávio Dino (DINÃO) jantou os bolsonaristas.,0,0,0,https://twitter.com/AlencarBraga13/status/1640785575971004425
Prof. Miguel dos Anjos,@SamurayjesusA,https://twitter.com/SamurayjesusA/status/1641064002502443012,2023-03-29T13:05:22.000Z,Kkkkk se ferraram bando de burro!,0,0,0,https://twitter.com/AlencarBraga13/status/1640785575971004425
Prof. Miguel dos Anjos,@SamurayjesusA,https://twitter.com/SamurayjesusA/status/1641064388445569030,2023-03-29T13:06:54.000Z,Bando de jumento!@FlavioDino Tudo idiotas meu Ministro!,0,0,0,https://twitter.com/AlencarBraga13/status/1640785575971004425
Pri,@libriana_comuna,https://twitter.com/libriana_comuna/status/1640877324433256449,2023-03-29T00:43:34.000Z,"Tentaram enquadrar o Flávio Dino,mas esses asnos não sabem interpretar textos, se alimentam de fakenews, são muito burros!",0,0,0,https://twitter.com/AlencarBraga13/status/1640785575971004425
Evaneide Silva,@Evaneid32316451,https://twitter.com/Evaneid32316451/status/1641111218889928706,2023-03-29T16:12:59.000Z,Flávio Dino e um bandido vagabundo.,0,0,0,https://twitter.com/AlencarBraga13/status/1640785575971004425
R_M&M,@windmitter,https://twitter.com/windmitter/status/1641264201355218951,2023-03-30T02:20:53.000Z,Hilário não debochado.,0,0,0,https://twitter.com/AlencarBraga13/status/1640785575971004425
Eu Sou Brasileiro com Orgulho,@antoniocatalan9,https://twitter.com/antoniocatalan9/status/1641479782180311046,2023-03-30T16:37:31.000Z,Kkkk,0,0,0,https://twitter.com/AlencarBraga13/status/1640785575971004425
Wilson figueiredo,@wilsonjr1313,https://twitter.com/wilsonjr1313/status/1641022846762729475,2023-03-29T10:21:50.000Z,"Ué, e quando ele comprou os respiradores num site de maconha e disse que não sabia porque não entendia inglês  !!??",0,0,0,https://twitter.com/AlencarBraga13/status/1640785575971004425
rooh row,@Rodrigo88830611,https://twitter.com/Rodrigo88830611/status/1640878299923591168,2023-03-29T00:47:27.000Z,sabe ler mas não leu... teve que ouvir ela ler de novo pq é burro e não sabe interpretar um texto... so sabe comer igual um boi q é,0,0,0,https://twitter.com/AlencarBraga13/status/1640785575971004425
Cledir Da Mota,@CledirMota,https://twitter.com/CledirMota/status/1640949837234421762,2023-03-29T05:31:43.000Z,Dale Flávio Dino!,0,0,0,https://twitter.com/AlencarBraga13/status/1640785575971004425
Carla abreu #foracamposneto,@aaaa10149982,https://twitter.com/aaaa10149982/status/1640791700925829131,2023-03-28T19:03:20.000Z,"Vou assistir no gravado, quero ver as respostas do Dino pra esses abestados 🤣",0,0,2,https://twitter.com/AlencarBraga13/status/1640785575971004425
Jonas Armindo,@armindo_jonas,https://twitter.com/armindo_jonas/status/1641135637393702924,2023-03-29T17:50:01.000Z,Ministro vagamundo,0,0,0,https://twitter.com/AlencarBraga13/status/1640785575971004425
Luiz,@Luiz34586605,https://twitter.com/Luiz34586605/status/1641056789981544448,2023-03-29T12:36:42.000Z,Esse homem é inteligente demais !!!parabéns ao governo Lula por tê-lo posto no Ministério e no cargo que ocupa.👏👏👏👏👏👏👏👏👏👏,0,0,0,https://twitter.com/AlencarBraga13/status/1640785575971004425
Tito Neto,@TitoNeto13,https://twitter.com/TitoNeto13/status/1641085179824332803,2023-03-29T14:29:31.000Z,Só imbecil pra acreditar no Dilmo!!!,0,0,0,https://twitter.com/AlencarBraga13/status/1640785575971004425
Claudia Martins,@Claudiamm51,https://twitter.com/Claudiamm51/status/1640969288914808833,2023-03-29T06:49:00.000Z,"Quinta série é muito adiantada pra essa malta desvairada. Talvez o jardim da infância chamando ""tia"" sem parar.  Aff!
Mas Flavio Dino deu show!",0,0,0,https://twitter.com/AlencarBraga13/status/1640785575971004425
RICARDO,@RITESTAO,https://twitter.com/RITESTAO/status/1641131023864938508,2023-03-29T17:31:41.000Z,"Vcs pensam que o povo é idiota?? Vote pela CPMI então, vamos ver .... estão com medo do que?",0,0,0,https://twitter.com/AlencarBraga13/status/1640785575971004425
WILSON FLAVIO QJ,@WILSON8599,https://twitter.com/WILSON8599/status/1641212323682549761,2023-03-29T22:54:44.000Z,Não adianta fingir!,0,0,0,https://twitter.com/AlencarBraga13/status/1640785575971004425
Fernando Barbosa,@Fernand33469730,https://twitter.com/Fernand33469730/status/1640874044579782656,2023-03-29T00:30:32.000Z,GOVERNO FAKE.,0,0,0,https://twitter.com/AlencarBraga13/status/1640785575971004425
Goddess Sunny,@_GoddessSunny_,https://twitter.com/_GoddessSunny_/status/1640921219082928128,2023-03-29T03:38:00.000Z,"E.I.P extrema direita que já estava na UTI, hoje nos despedimos de ti. Vai deixar saudades dos memes e piadas protagonizados 🥲",0,0,0,https://twitter.com/AlencarBraga13/status/1640785575971004425
