nome,usuario,idTweet,dataPublicacao,texto,replies,retweets,likes,tweetPai
Maria Cristina Santos (Cris),@MaraCri40407638,https://twitter.com/MaraCri40407638/status/1640728800345354248,2023-03-28T14:53:23.000Z,#JAIRPEGOUOROLEX,0,0,1,https://twitter.com/AlencarBraga13/status/1640706420046962688
Geraldo Sales,@geraldosales02,https://twitter.com/geraldosales02/status/1640718957324689408,2023-03-28T14:14:17.000Z,"Deputado, O @jairbolsonaro trocou a refinaria por joias? É muita joia presenteada. Não acha? @STF_oficial @MPF_PGR @TCUoficial @policiafederal",0,0,0,https://twitter.com/AlencarBraga13/status/1640706420046962688
"momento.zero. Fake, não. Discreto.",@zero_momento,https://twitter.com/zero_momento/status/1640721881195003906,2023-03-28T14:25:54.000Z,"Imagina só a 'simplicidade' do larápio: ao comer, ele joga farofa pra fora da bacia.",1,0,0,https://twitter.com/AlencarBraga13/status/1640706420046962688
Leila,@Leila_Durja,https://twitter.com/Leila_Durja/status/1640706998810599424,2023-03-28T13:26:46.000Z,Não por acaso está há 3 meses foragido. Kkkk,0,0,1,https://twitter.com/AlencarBraga13/status/1640706420046962688
Ricardo vidal,@Ricardo24063334,https://twitter.com/Ricardo24063334/status/1640851517195296769,2023-03-28T23:01:01.000Z,Faqueiro de ouro que o Lula roubou do acervo presidencial,0,0,0,https://twitter.com/AlencarBraga13/status/1640706420046962688
Mara_nava_pdl22/20_Lula13,@maraguinava,https://twitter.com/maraguinava/status/1640715792550608896,2023-03-28T14:01:42.000Z,"O pilantra tem muitos outros ""pacotinhos"" escondidos e enterrados. Saberemos? Talvez! Mas eu sei que tem!",0,0,1,https://twitter.com/AlencarBraga13/status/1640706420046962688
fabiano,@fabiano06265201,https://twitter.com/fabiano06265201/status/1640752985931218951,2023-03-28T16:29:30.000Z,@jairbolsonaro kkkkkkkkkkkkkk,0,0,0,https://twitter.com/AlencarBraga13/status/1640706420046962688
Janaína Santos,@JanaSantosjaism,https://twitter.com/JanaSantosjaism/status/1640884139183460352,2023-03-29T01:10:39.000Z,#bolsonaroladrao,0,0,0,https://twitter.com/AlencarBraga13/status/1640706420046962688
Marisa victorio da silva,@victorio_marisa,https://twitter.com/victorio_marisa/status/1640712147218100225,2023-03-28T13:47:13.000Z,"Jair pegou o Rolex!#devolvebolsonaro 🎁  ladrão ✔️Rolex e ouro branco com diamante, avaliado em mais de R$500 mil . E tem besta achando que o ladrão de joias é ""um cara simples e humilde"".
Chapéu de otario é marreta, diriam os antigos.",0,0,0,https://twitter.com/AlencarBraga13/status/1640706420046962688
