nome,usuario,idTweet,dataPublicacao,texto,replies,retweets,likes,tweetPai
FORA LULA,@ANTIESQUERDA777,https://twitter.com/ANTIESQUERDA777/status/1640806023656099851,2023-03-28T20:00:15.000Z,"Quando ele me mostrar fotos de CAC,s andando de Fuzil na rua eu elogio ele, é cada absurdo que esses deputado fala que eu vou te contar viu.",0,0,3,https://twitter.com/AlencarBraga13/status/1640782265020981270
BaliBahia,@BaliBahia1,https://twitter.com/BaliBahia1/status/1641029093494775808,2023-03-29T10:46:39.000Z,"Vdd. E quando nasce, descobre que tem pai e família do que antes, era chamada de oposição?!",0,0,0,https://twitter.com/AlencarBraga13/status/1640782265020981270
Viviana Rezende,@mvvrezende,https://twitter.com/mvvrezende/status/1640937870121680898,2023-03-29T04:44:10.000Z,"Boa, Gervasinho.",0,0,0,https://twitter.com/AlencarBraga13/status/1640782265020981270
Eriston Mattos ® SEM ANISTIA,@eristonmattos,https://twitter.com/eristonmattos/status/1640827237757747202,2023-03-28T21:24:33.000Z,"Boa Deputado!! Pena não ser tão fácil conhecer pessoalmente, os políticos que representam nossa Paraíba... 🤝 O fascismo continua à espreita.",0,0,0,https://twitter.com/AlencarBraga13/status/1640782265020981270
Ivone Armelin,@armelin_ivone,https://twitter.com/armelin_ivone/status/1640918909787205632,2023-03-29T03:28:49.000Z,Deputado Parabéns a sua fala é respeito aos votos q senhor recebeu...gente de bem ...!,0,0,0,https://twitter.com/AlencarBraga13/status/1640782265020981270
Silvio Darlan,@SilvioDarlan,https://twitter.com/SilvioDarlan/status/1640807437912494108,2023-03-28T20:05:52.000Z,Gostei ! Hahaha,0,0,0,https://twitter.com/AlencarBraga13/status/1640782265020981270
Breno Porto,@brenoportorj,https://twitter.com/brenoportorj/status/1640935706372472833,2023-03-29T04:35:34.000Z,Que 💩 hein???,0,0,3,https://twitter.com/AlencarBraga13/status/1640782265020981270
VINGADOR OBESO,@giovannegigio,https://twitter.com/giovannegigio/status/1640938567290564609,2023-03-29T04:46:56.000Z,"Nunca vô tanta burrice , só podem comer bosta",0,0,1,https://twitter.com/AlencarBraga13/status/1640782265020981270
Geraldo Rodrigues,@GERALDO04339407,https://twitter.com/GERALDO04339407/status/1641054320371150850,2023-03-29T12:26:53.000Z,"Ilustríssimo deputado, parabéns pelo vídeo, aguardamos sua assinatura e de toda a esquerda no relatório cpmi do dia 08/01, vamos FUDER esses terroristas da direita.",0,0,0,https://twitter.com/AlencarBraga13/status/1640782265020981270
Sil Sea,@gilbertovieirav,https://twitter.com/gilbertovieirav/status/1640847467011883012,2023-03-28T22:44:56.000Z,Segurança das urnas kkkkkkkkkkkkkkkkkkkkkkkkkkk #ForaLulaLadraoGolpista,0,0,1,https://twitter.com/AlencarBraga13/status/1640782265020981270
zilda #foralula,@zildasiqueiram2,https://twitter.com/zildasiqueiram2/status/1640982037757677568,2023-03-29T07:39:40.000Z,"Quem autorizou a entrada,  ministro? Responda à pergunta do Nicholas.",0,0,0,https://twitter.com/AlencarBraga13/status/1640782265020981270
claudio ricci,@claudioricci001,https://twitter.com/claudioricci001/status/1640901905009242115,2023-03-29T02:21:15.000Z,"Só pelegos de sujeitos desclassificados, escória....",0,0,1,https://twitter.com/AlencarBraga13/status/1640782265020981270
Rob Donato,@Rob7Bastos,https://twitter.com/Rob7Bastos/status/1645864173597872143,2023-04-11T18:59:32.000Z,Você não sabe nem falar seu analfabeto,0,0,0,https://twitter.com/AlencarBraga13/status/1640782265020981270
Máximus Costa,@MaximusCosta22,https://twitter.com/MaximusCosta22/status/1640929580365037568,2023-03-29T04:11:13.000Z,O menino,0,0,0,https://twitter.com/AlencarBraga13/status/1640782265020981270
Supernaro,@supernaro10,https://twitter.com/supernaro10/status/1640886232325447682,2023-03-29T01:18:58.000Z,Pois é vcs devem ter pensado bem mesmo!,0,0,0,https://twitter.com/AlencarBraga13/status/1640782265020981270
Niv Al,@AlvaNive,https://twitter.com/AlvaNive/status/1640908309120049155,2023-03-29T02:46:42.000Z,Tá chegando a hora,0,0,1,https://twitter.com/AlencarBraga13/status/1640782265020981270
José Gomes,@JoseRibamarGF,https://twitter.com/JoseRibamarGF/status/1641042416298872835,2023-03-29T11:39:35.000Z,"Os bolsonaristas esquecem, que quem tem as informações quentinhas (verdadeiras), em dias e agora, é o nosso QUERIDO PRESIDENTE LULA.",0,0,0,https://twitter.com/AlencarBraga13/status/1640782265020981270
Luciane Maria Gurski,@GurskiLuciane,https://twitter.com/GurskiLuciane/status/1645865675494248464,2023-04-11T19:05:30.000Z,"Eu gostaria muito que este ser que se diz DEPUTADO, passe-se pelo processo de inscrição de um CAC. Isso é RIDÍCULO. Não sabe, não conhece, portanto não tem AUTORIDADE de falar NADA. Vai passar pelo processo para depois vir falar algo. E se precisar de lencinho pra limpar bu@da 🦕",0,0,0,https://twitter.com/AlencarBraga13/status/1640782265020981270
Marisa victorio da silva,@victorio_marisa,https://twitter.com/victorio_marisa/status/1640884198431944712,2023-03-29T01:10:53.000Z,"#FlavioDinoNaCCJ ...menino que levou 4 anos pra nascer...✔️Ótima fala do deputado @gervasiomaia na audiência CCJ com o ministro @FlavioDino ""O 8 de janeiro foi um menino que levou 4 anos pra nascer""",0,0,0,https://twitter.com/AlencarBraga13/status/1640782265020981270
VR.Milor,@BrdaVanuza,https://twitter.com/BrdaVanuza/status/1640895944513183746,2023-03-29T01:57:34.000Z,A roubalheira do Lule,0,0,1,https://twitter.com/AlencarBraga13/status/1640782265020981270
Cino Silva,@AlvesMercino,https://twitter.com/AlvesMercino/status/1641044267350085633,2023-03-29T11:46:57.000Z,"Meus amigos por tudo de mais sagrado me ajudem só dessa vez. Que seja c 1 real mais quem puder me dê essa ajudinha neste momento tão difícil p mim. Perdão pelo incômodo e muito obrigado a tds vcs compas! 
Pix 33991756922Cel.Obg",0,0,0,https://twitter.com/AlencarBraga13/status/1640782265020981270
MAXUEL SHAKA,@MaxuelShaka,https://twitter.com/MaxuelShaka/status/1640800870655995904,2023-03-28T19:39:46.000Z,#SO #MENTIRA #CONTRA #FATOS,0,0,1,https://twitter.com/AlencarBraga13/status/1640782265020981270
