nome,usuario,idTweet,dataPublicacao,texto,replies,retweets,likes,tweetPai
Marco Gaia,@MarcoGaia10,https://twitter.com/MarcoGaia10/status/1640293934298460160,2023-03-27T10:05:23.000Z,"Taxa de desemprego no Brasil tem 1ª alta em um ano e vai a 8,4% no tri até janeiro",0,0,0,https://twitter.com/AlencarBraga13/status/1640081187468132353
Lucas Calvi,@LucasCalvi8,https://twitter.com/LucasCalvi8/status/1640754040391827457,2023-03-28T16:33:41.000Z,Kkkkk,0,0,0,https://twitter.com/AlencarBraga13/status/1640081187468132353
Edimarcia Leão,@EdimarciaLeao,https://twitter.com/EdimarciaLeao/status/1640446991384584216,2023-03-27T20:13:35.000Z,🤮🤮,0,0,0,https://twitter.com/AlencarBraga13/status/1640081187468132353
João Fernandes da Costa,@JooFernandesda3,https://twitter.com/JooFernandesda3/status/1640159658307465221,2023-03-27T01:11:49.000Z,"É, cada um se orgulha daquilo que quer. O intelectual, Paulo Coelho diz que errou. O último que sair que apague a luz.",0,0,1,https://twitter.com/AlencarBraga13/status/1640081187468132353
Vinicius Zanini,@Zannix,https://twitter.com/Zannix/status/1640380240915582976,2023-03-27T15:48:20.000Z,"Faz o L. Agora faz o P, o C e outro C...",0,0,0,https://twitter.com/AlencarBraga13/status/1640081187468132353
Mah Ferreira,@MahFerr79833996,https://twitter.com/MahFerr79833996/status/1640367250753347585,2023-03-27T14:56:43.000Z,"Cara, se eu fosse você teria vergonha de postar isso.",0,0,0,https://twitter.com/AlencarBraga13/status/1640081187468132353
John Souza,@JohnSouza1991,https://twitter.com/JohnSouza1991/status/1640288059982766080,2023-03-27T09:42:03.000Z,"E orgulho de saber que nunca será pego, porque o Brasil é o país da impunidade!!!",0,0,1,https://twitter.com/AlencarBraga13/status/1640081187468132353
Maria da graca Fantuzzi,@FantuzziGraca,https://twitter.com/FantuzziGraca/status/1640154446305869824,2023-03-27T00:51:07.000Z,L,0,0,0,https://twitter.com/AlencarBraga13/status/1640081187468132353
Com a nossa…,@DouPq,https://twitter.com/DouPq/status/1640325705580834816,2023-03-27T12:11:38.000Z,Queremos medidas concretas ✊🏾,0,0,0,https://twitter.com/AlencarBraga13/status/1640081187468132353
Gil Magalhães Vigor da Silva,@GilMori40,https://twitter.com/GilMori40/status/1640145664964263936,2023-03-27T00:16:13.000Z,Tmj companheiro,0,0,0,https://twitter.com/AlencarBraga13/status/1640081187468132353
Carlos Farias,@CarlosFarias57,https://twitter.com/CarlosFarias57/status/1640147101106536449,2023-03-27T00:21:56.000Z,Pqp so bloqueando mesmo oh livramento,0,0,0,https://twitter.com/AlencarBraga13/status/1640081187468132353
Fabiano Trevisan Zac,@FabianoZac,https://twitter.com/FabianoZac/status/1640330666943434755,2023-03-27T12:31:21.000Z,Abóbora 🎃🎃🎃,0,0,0,https://twitter.com/AlencarBraga13/status/1640081187468132353
Breno Porto,@brenoportorj,https://twitter.com/brenoportorj/status/1640374393283936256,2023-03-27T15:25:06.000Z,Que 💩 hein???,0,0,1,https://twitter.com/AlencarBraga13/status/1640081187468132353
Eu Sou Brasileiro com Orgulho,@antoniocatalan9,https://twitter.com/antoniocatalan9/status/1640146999101063168,2023-03-27T00:21:31.000Z,"Olha tem uma galera triste, falando diferente.",0,0,0,https://twitter.com/AlencarBraga13/status/1640081187468132353
Mauricio Mauricio filho.,@Mauriciommfilho,https://twitter.com/Mauriciommfilho/status/1640096665951428608,2023-03-26T21:01:31.000Z,Time do PCC,0,0,1,https://twitter.com/AlencarBraga13/status/1640081187468132353
ZANINELLI,@zanenilli,https://twitter.com/zanenilli/status/1640296637279920128,2023-03-27T10:16:08.000Z,Sei,0,0,0,https://twitter.com/AlencarBraga13/status/1640081187468132353
Roberto Melo,@Roberto05269932,https://twitter.com/Roberto05269932/status/1640295892640051202,2023-03-27T10:13:10.000Z,Bloqueio fácil.,0,0,0,https://twitter.com/AlencarBraga13/status/1640081187468132353
Kairon,@kaironfg,https://twitter.com/kaironfg/status/1640296575007178753,2023-03-27T10:15:53.000Z,Orgulho de só fazer merda em quase 3 meses? Que doido.,0,0,0,https://twitter.com/AlencarBraga13/status/1640081187468132353
Cansei de ser sexy,@kk56127215,https://twitter.com/kk56127215/status/1640453517210185737,2023-03-27T20:39:31.000Z,🤮🤮🤮🤮🤮🤮🤮🤮,0,0,0,https://twitter.com/AlencarBraga13/status/1640081187468132353
Carlos Teixeira - SP Capital,@betoteixeira60,https://twitter.com/betoteixeira60/status/1640400774705430535,2023-03-27T17:09:56.000Z,"Enquanto uns entram, melhores saem.",0,0,0,https://twitter.com/AlencarBraga13/status/1640081187468132353
Augusto¯\_(ツ)_/¯,@FLAocta64,https://twitter.com/FLAocta64/status/1640377439959367682,2023-03-27T15:37:13.000Z,Arrependometro só faz crescer,0,0,0,https://twitter.com/AlencarBraga13/status/1640081187468132353
Augusto¯\_(ツ)_/¯,@FLAocta64,https://twitter.com/FLAocta64/status/1640378045545472002,2023-03-27T15:39:37.000Z,Faz o L,0,0,0,https://twitter.com/AlencarBraga13/status/1640081187468132353
Bebeco Silva,@bebecosilva,https://twitter.com/bebecosilva/status/1640196599740506114,2023-03-27T03:38:37.000Z,😂😂😂😂😂😂😂😂😂😂,0,0,0,https://twitter.com/AlencarBraga13/status/1640081187468132353
Elmano Brito,@Elmano_Brito,https://twitter.com/Elmano_Brito/status/1640082447944515584,2023-03-26T20:05:01.000Z,Time do lula mentiroso,0,0,1,https://twitter.com/AlencarBraga13/status/1640081187468132353
DANIEL DOMINGUES,@DANIELD20172338,https://twitter.com/DANIELD20172338/status/1640307420193759233,2023-03-27T10:58:59.000Z,"Se MORO pode PHODER o BRASIL...
O BRASIL pode PHODER o MORO!!",0,0,0,https://twitter.com/AlencarBraga13/status/1640081187468132353
Andréa,@Andreadireita22,https://twitter.com/Andreadireita22/status/1640107653606125569,2023-03-26T21:45:11.000Z,#LuladraoDesgracaEDestruicao,0,0,0,https://twitter.com/AlencarBraga13/status/1640081187468132353
ednyr santos,@EdnyrSantos,https://twitter.com/EdnyrSantos/status/1640083471996534786,2023-03-26T20:09:05.000Z,Se prepara p ficar desempregado,0,0,0,https://twitter.com/AlencarBraga13/status/1640081187468132353
Ricardo vidal,@Ricardo24063334,https://twitter.com/Ricardo24063334/status/1640128555135774727,2023-03-26T23:08:14.000Z,"Um integrante do Primeiro Comando da Capital (PCC), que planejava assassinar o senador Sergio Moro (União-PR) e outras autoridades, usava o e-mail “http://lulalivre1063.icloud.com” para se comunicar com os comparsas — uma referência ao presidente Luiz Inácio Lula da Silva.",0,0,0,https://twitter.com/AlencarBraga13/status/1640081187468132353
José Gomes,@JoseRibamarGF,https://twitter.com/JoseRibamarGF/status/1640358469877342208,2023-03-27T14:21:50.000Z,"O ex-juízeco Moro, corrupto (Marrecão CONGE), quer inventar uma facada para se transformar num ""MINTO"", às custas de idiotas e bolsonaristas",0,0,0,https://twitter.com/AlencarBraga13/status/1640081187468132353
FALEI -Frente Ampla Legal e Independente,@LeiMaiorCF1988,https://twitter.com/LeiMaiorCF1988/status/1640097492623605760,2023-03-26T21:04:48.000Z,"REPASSEM ESTE AVISO DE DOMINGO A DOMINGO PARA O LULA.  - Dizem que tem seres humanos que são similares aquele ""JUDAS""  da BÍBLIA e estão em todos os cantos. Até em canais que PT/Lula muito confiam podem ter EXPERTS ARMADORES, que leigos e  amadores não conseguem  descobrir nada.",0,0,0,https://twitter.com/AlencarBraga13/status/1640081187468132353
Marisa victorio da silva,@victorio_marisa,https://twitter.com/victorio_marisa/status/1640087840657666051,2023-03-26T20:26:27.000Z,#LulaPresidente⭐✊🍀😀 o amor venceu 😍❤️ #TimeDoLula⚽🥅 😀🍀 orgulho de fazer o L 👆 e integrar o time do Presidente @lulaoficial ✔️Orgulho de fazer o L e integrar o time do Presidente @LulaOficial!,0,0,0,https://twitter.com/AlencarBraga13/status/1640081187468132353
Carlos Magno,@CarlosM17244219,https://twitter.com/CarlosM17244219/status/1640122321548525568,2023-03-26T22:43:28.000Z,#LulaTemRazãoÉARMAÇÃO,0,0,0,https://twitter.com/AlencarBraga13/status/1640081187468132353
