nome,usuario,idTweet,dataPublicacao,texto,replies,retweets,likes,tweetPai
Pedro Ronchi,@PedroRonchi2,https://twitter.com/PedroRonchi2/status/1640334033375592449,2023-03-27T12:44:44.000Z,Aviso não faltou.,1,0,13,https://twitter.com/AlencarBraga13/status/1640320477611839488
Nilson Ramos,@NilsonR23834882,https://twitter.com/NilsonR23834882/status/1640331607415435265,2023-03-27T12:35:05.000Z,"Quem mais fala combater mentiras na internet é quem mais propaga !!
Sabemos muito bem com quem o PCC tem muita, muita, muita sintonia. Vão ter que se esforçar um pouco mais para continuar enganando o povo.

Acuse-os do que somos !!",0,0,0,https://twitter.com/AlencarBraga13/status/1640320477611839488
