nome,usuario,idTweet,dataPublicacao,texto,replies,retweets,likes,tweetPai
Profª Edjane Patrícia,@fadinhadoPT,https://twitter.com/fadinhadoPT/status/1640737291986427904,2023-03-28T15:27:08.000Z,"DEVOLVA O ROLEX, JAIR LADRÃO",0,1,2,https://twitter.com/BohnGass/status/1640670119633248256
Eduardo Almeida,@Eduardo07905172,https://twitter.com/Eduardo07905172/status/1640845674324303873,2023-03-28T22:37:48.000Z,É tem uma coisas diferentes...,0,0,0,https://twitter.com/BohnGass/status/1640670119633248256
Eduardo Almeida,@Eduardo07905172,https://twitter.com/Eduardo07905172/status/1640845753558921217,2023-03-28T22:38:07.000Z,Como político a tanto tempo deveria conhecer. Mas já que não conhece aprenda...,0,0,0,https://twitter.com/BohnGass/status/1640670119633248256
Marta teodora,@Martateodora3,https://twitter.com/Martateodora3/status/1640735096159326209,2023-03-28T15:18:24.000Z,"Mais cortina de fumaça p/não expor a incompetência deste desgoverno , só verificar o cofre da finada Letícia com acervo roubado do palácio já q Cristo barroco não foi presente pessoal .",0,0,15,https://twitter.com/BohnGass/status/1640670119633248256
Hemerson. Alfa Foxtrot.,@HemersonSoares7,https://twitter.com/HemersonSoares7/status/1640769619383164946,2023-03-28T17:35:35.000Z,conta mais essa história aqui 👇 também.,0,2,13,https://twitter.com/BohnGass/status/1640670119633248256
Hemerson. Alfa Foxtrot.,@HemersonSoares7,https://twitter.com/HemersonSoares7/status/1640770491781619725,2023-03-28T17:39:03.000Z,o Lula levou um dois contêiner de presentes. e tinha jóias e obras de arte também.,0,1,12,https://twitter.com/BohnGass/status/1640670119633248256
vicrba,@vicrba,https://twitter.com/vicrba/status/1640848404946333699,2023-03-28T22:48:39.000Z,"Crime continuado....meu Deus, a hipocrisia assolou de vez o Brasil.",0,0,1,https://twitter.com/BohnGass/status/1640670119633248256
F Dm.UBL(União de Brasileiros Legítimos) .,@Francisdemocrac,https://twitter.com/Francisdemocrac/status/1640869802599227392,2023-03-29T00:13:41.000Z,Bolsonaro Na Cadeia.,0,0,0,https://twitter.com/BohnGass/status/1640670119633248256
PalasAthenada,@palas_athenada,https://twitter.com/palas_athenada/status/1640686556338876416,2023-03-28T12:05:32.000Z,Fora os outros q não vamos ter conhecimento que o Ladrão de joias levou,0,0,0,https://twitter.com/BohnGass/status/1640670119633248256
beto,@robertotebotre,https://twitter.com/robertotebotre/status/1640710136191758337,2023-03-28T13:39:14.000Z,Bolsonaro é um depósito de jóias,0,0,0,https://twitter.com/BohnGass/status/1640670119633248256
Rose Amorim,@Rose_Amorim_,https://twitter.com/Rose_Amorim_/status/1640768025711312913,2023-03-28T17:29:15.000Z,Estou com medo de saber o que ele deu em troca para receber tantos presentes da Arábia.,0,0,0,https://twitter.com/BohnGass/status/1640670119633248256
Clebson Jose,@Clebson1988,https://twitter.com/Clebson1988/status/1640750836077809664,2023-03-28T16:20:57.000Z,"Na sua foto limpa o canto da boca, esta escorrendo...",0,0,0,https://twitter.com/BohnGass/status/1640670119633248256
chpilz - ame a Deus acima de tudo,@CarlosHPilz,https://twitter.com/CarlosHPilz/status/1640805254345248772,2023-03-28T19:57:11.000Z,"vixe! Até dar 11 contêiners, tem chão!! Continue tentando….",0,0,0,https://twitter.com/BohnGass/status/1640670119633248256
dannielll,@traucz,https://twitter.com/traucz/status/1640816650541727744,2023-03-28T20:42:29.000Z,"os tais 11 containers ngm tem provas, já das joias árabes 😬😬….. cada dia uma nova leva de joias aparece, minions já tão ficando sem pano💎",0,0,0,https://twitter.com/BohnGass/status/1640670119633248256
BRASIL DA ESPERANÇA,@DBonisen,https://twitter.com/DBonisen/status/1641252735696662528,2023-03-30T01:35:19.000Z,"Quantos Kits há de vir
???????",0,0,0,https://twitter.com/BohnGass/status/1640670119633248256
Monier,@rimonier,https://twitter.com/rimonier/status/1640706209358438400,2023-03-28T13:23:37.000Z,"Imagine o tanto de jóia que tinha naquele avião da FAB que partiu pra Orlando na calada da noite. 
Uns 39 kg de jóia.",3,1,3,https://twitter.com/BohnGass/status/1640670119633248256
Tiago Bernardes,@Tiago_B_Santos,https://twitter.com/Tiago_B_Santos/status/1640897451748933638,2023-03-29T02:03:33.000Z,"Não sei pq, quando ouço seu nome deputado, associo inconscientemente a isso",0,0,0,https://twitter.com/BohnGass/status/1640670119633248256
Hugo Dias,@hugosdias_,https://twitter.com/hugosdias_/status/1640776152330510338,2023-03-28T18:01:33.000Z,AHHhhh tem mais coisa heim!,0,0,0,https://twitter.com/BohnGass/status/1640670119633248256
Valinor Catafesta,@_catafesta,https://twitter.com/_catafesta/status/1640747325680230403,2023-03-28T16:07:00.000Z,Isso é pra comprovar que o Desgoverno foi JÓIA 💎,0,0,0,https://twitter.com/BohnGass/status/1640670119633248256
BOLSONARO x SISTEMA,@BTropicos,https://twitter.com/BTropicos/status/1640785186907365379,2023-03-28T18:37:27.000Z,"E os ""presentes"" que o Lularápio não devolveu????? Isso não é crime também???",0,0,0,https://twitter.com/BohnGass/status/1640670119633248256
poliania Alberto,@AlbertoApolonia,https://twitter.com/AlbertoApolonia/status/1640675403651067904,2023-03-28T11:21:13.000Z,Cadeia nele . O que falta pra ele ser preso ? Afinal  são tantos crimes,0,0,0,https://twitter.com/BohnGass/status/1640670119633248256
Lulu Silva Telles,@lulusilvatelles,https://twitter.com/lulusilvatelles/status/1640795453833740288,2023-03-28T19:18:15.000Z,Cadê o Lula?,0,0,0,https://twitter.com/BohnGass/status/1640670119633248256
Shima♕,@shima7218,https://twitter.com/shima7218/status/1640868340515188736,2023-03-29T00:07:52.000Z,Sr… mas e os contêiners de lula? E o sítio de Atibaia ? E o triplex do lula no Guarujá ? Que foram “presentes” não contam?,0,0,0,https://twitter.com/BohnGass/status/1640670119633248256
Maria Nency,@MariaNency2,https://twitter.com/MariaNency2/status/1640741458553470977,2023-03-28T15:43:41.000Z,E os 11 contêineres que o Lula ganhou já devolveu ? Se o Bolsonaro tem que devolver presentes o Lula e a Dilma também.,0,0,1,https://twitter.com/BohnGass/status/1640670119633248256
Silvana Gibrail,@GibrailSilvana,https://twitter.com/GibrailSilvana/status/1640728134055084032,2023-03-28T14:50:45.000Z,"Não sou a favor de  ir guem, mas me.parece que a forma da notícia não está correta. Sejamos verdadeiros se queremos justiça, de verdade.",0,0,0,https://twitter.com/BohnGass/status/1640670119633248256
Marcos dos Santos,@Marcosd18171558,https://twitter.com/Marcosd18171558/status/1640754703989456897,2023-03-28T16:36:19.000Z,Os pacotes do Jair,0,0,0,https://twitter.com/BohnGass/status/1640670119633248256
Otavio de Carvalho,@Dococ01,https://twitter.com/Dococ01/status/1640712470720577537,2023-03-28T13:48:30.000Z,Em concurso material,0,0,0,https://twitter.com/BohnGass/status/1640670119633248256
Andressa,@AndressaARSPDS,https://twitter.com/AndressaARSPDS/status/1640858311191846912,2023-03-28T23:28:01.000Z,Esse Bolsonaro incomoda,0,0,0,https://twitter.com/BohnGass/status/1640670119633248256
Alexandre,@bgigarcia,https://twitter.com/bgigarcia/status/1640728270088945666,2023-03-28T14:51:17.000Z,E uma vergonha esse ex-presidente,0,0,0,https://twitter.com/BohnGass/status/1640670119633248256
Maria L Perez,@malucia_p,https://twitter.com/malucia_p/status/1640702861712433152,2023-03-28T13:10:19.000Z,🙄🤔mmm...como se chama alguém que é reincidente em levar  uma coisa que não lhe pertence? Ladrão sem escrúpulos????,2,0,2,https://twitter.com/BohnGass/status/1640670119633248256
Ivete da Silva,@Iveteda93643165,https://twitter.com/Iveteda93643165/status/1641198624683044870,2023-03-29T22:00:18.000Z,#SemAnistiaPraGolpistas,0,0,0,https://twitter.com/BohnGass/status/1640670119633248256
ladybug,@ladybugpersiste,https://twitter.com/ladybugpersiste/status/1640717508964663297,2023-03-28T14:08:31.000Z,Por que será que a Arábia Saudita dá tantas joias ao Bolsonaro?,0,0,1,https://twitter.com/BohnGass/status/1640670119633248256
murilo sergio,@muriloxx,https://twitter.com/muriloxx/status/1640836877711294467,2023-03-28T22:02:51.000Z,Pelo menos e de bom gosto ..! Coisa fina heim,0,0,0,https://twitter.com/BohnGass/status/1640670119633248256
Murilo Oliveira,@MuriloO05111008,https://twitter.com/MuriloO05111008/status/1640670994615468033,2023-03-28T11:03:41.000Z,quer dizer que enquanto os patriotários ficavam na chuva o ladrão ali ba bozo se lambuzava com jóias?,0,0,0,https://twitter.com/BohnGass/status/1640670119633248256
Ricardo Brand,@RickW7B75,https://twitter.com/RickW7B75/status/1640836110908628994,2023-03-28T21:59:48.000Z,"E os 11 containers que o 'descondenado' levou são o que? Para de hipocrisia rapá! Ta ficando feio, muito feio...",0,0,0,https://twitter.com/BohnGass/status/1640670119633248256
Marcos Faria,@Marcossfsfaria,https://twitter.com/Marcossfsfaria/status/1640755942034661376,2023-03-28T16:41:15.000Z,Campeão da CORRUPÇÃO...,0,0,0,https://twitter.com/BohnGass/status/1640670119633248256
Mariza,@Mltresende,https://twitter.com/Mltresende/status/1640741588044337156,2023-03-28T15:44:12.000Z,Quando ele vai ser preso? Não é crime se apropriar dessas joias? Não é crime que elas tenham entrado no país na surdinas?,0,0,0,https://twitter.com/BohnGass/status/1640670119633248256
Maria Perissotto Joest,@mahperissotto,https://twitter.com/mahperissotto/status/1640765099479629826,2023-03-28T17:17:38.000Z,E os do Lula???  Pegou muuuito mais…,0,0,0,https://twitter.com/BohnGass/status/1640670119633248256
Oliveira Cavalcante,@OliveiraCavalc8,https://twitter.com/OliveiraCavalc8/status/1640695251072425984,2023-03-28T12:40:05.000Z,** O sujeito é terrível...!,0,0,1,https://twitter.com/BohnGass/status/1640670119633248256
Emílio Rios,@RiosEmilioS,https://twitter.com/RiosEmilioS/status/1640807842687905792,2023-03-28T20:07:29.000Z,"Blz, mas descobriram como? No livro de registro? Então estavam devidamente registradas? Não tô entendendo....isso parece mais uma tentativa de distrair a população das trapalhadas e desmandos do governo do PT!!!",0,0,0,https://twitter.com/BohnGass/status/1640670119633248256
margo,@margari65307525,https://twitter.com/margari65307525/status/1640790189583769629,2023-03-28T18:57:20.000Z,desinformação essas joias foi pra acervo pessoal e documentado para de propagar fake.,0,0,2,https://twitter.com/BohnGass/status/1640670119633248256
CecilSva,@ceciliedite,https://twitter.com/ceciliedite/status/1640731243674230786,2023-03-28T15:03:06.000Z,Pede os contêineres de lula.,0,0,0,https://twitter.com/BohnGass/status/1640670119633248256
Vitor Piovezam,@vitorpiovezam,https://twitter.com/vitorpiovezam/status/1640727086594703362,2023-03-28T14:46:35.000Z,"""Estadão revela"" kkkkklkkkkk",0,0,0,https://twitter.com/BohnGass/status/1640670119633248256
Marcelo Turra,@MarceloTurra5,https://twitter.com/MarceloTurra5/status/1640876125126643713,2023-03-29T00:38:48.000Z,Já tem mais jóias que a Hebe Camargo tinha. Misericórdia 😱,0,0,0,https://twitter.com/BohnGass/status/1640670119633248256
Terezinha Pinheiro,@TerePinheiro55,https://twitter.com/TerePinheiro55/status/1640766703616360472,2023-03-28T17:24:00.000Z,Alguma dúvida ainda sobre peculato?,0,0,0,https://twitter.com/BohnGass/status/1640670119633248256
Valéria Ferreira,@valmariferreira,https://twitter.com/valmariferreira/status/1640886357269655553,2023-03-29T01:19:28.000Z,Presente é presente.Bolsonaro melhor presidente do Brasil,0,0,0,https://twitter.com/BohnGass/status/1640670119633248256
Roseanne Farias,@RoseanneFarias2,https://twitter.com/RoseanneFarias2/status/1640759273759047680,2023-03-28T16:54:29.000Z,Que tirar o foco do desgoverno é?,0,0,1,https://twitter.com/BohnGass/status/1640670119633248256
Claudia 13,@clauregsil,https://twitter.com/clauregsil/status/1640682343487733760,2023-03-28T11:48:47.000Z,SÓ NÃO SURGE A CADEIA NÉ?,0,0,0,https://twitter.com/BohnGass/status/1640670119633248256
Eduardo Ferraz,@edfer1313,https://twitter.com/edfer1313/status/1640767183818043392,2023-03-28T17:25:55.000Z,"Se ele recebeu, pegou, guardou, como é que Vc sabe??? Como é que Vc tem uma foto??? Muito estranho!",0,0,2,https://twitter.com/BohnGass/status/1640670119633248256
mana Ara,@DanielliArauj16,https://twitter.com/DanielliArauj16/status/1640818234621562880,2023-03-28T20:48:46.000Z,"Foi mesmo ,o mito é mesmo muito querido ,vale ouro esse homem !!!!Se eu tivesse grana daria muitos presentes !!!",0,0,0,https://twitter.com/BohnGass/status/1640670119633248256
Marcelle - Pecuária Orgânica,@MarcelleRenata2,https://twitter.com/MarcelleRenata2/status/1640699405710786560,2023-03-28T12:56:35.000Z,Tá e daí? Vontade uma nova. E pergunto o que foi ou será feito?,0,0,0,https://twitter.com/BohnGass/status/1640670119633248256
Lúcia,@LuciaLeitao2021,https://twitter.com/LuciaLeitao2021/status/1640718384550776838,2023-03-28T14:12:00.000Z,Vai montar uma joalheria…,0,0,0,https://twitter.com/BohnGass/status/1640670119633248256
ValentimBR,@profvalentimbr,https://twitter.com/profvalentimbr/status/1640675486824112128,2023-03-28T11:21:32.000Z,🗣️📢 JAIR PEGOU O ROLEX,0,3,4,https://twitter.com/BohnGass/status/1640670119633248256
Buga,@bugaloo83822448,https://twitter.com/bugaloo83822448/status/1640745522628554755,2023-03-28T15:59:50.000Z,Garimpo puro essa famiglia hein,1,0,0,https://twitter.com/BohnGass/status/1640670119633248256
Miche Cruz,@MiCruzetta,https://twitter.com/MiCruzetta/status/1640764394752671754,2023-03-28T17:14:50.000Z,"Curiosidade. Se ele é ladrão, todos que fizeram igual tb são?",0,0,1,https://twitter.com/BohnGass/status/1640670119633248256
Sandro Luiz Moreno,@SandroMore2,https://twitter.com/SandroMore2/status/1640879772703105025,2023-03-29T00:53:18.000Z,"O Lula deve estar contente,  quando mudar do Palácio,kkkkkkkk",0,0,0,https://twitter.com/BohnGass/status/1640670119633248256
Maria Maria,@arretada13,https://twitter.com/arretada13/status/1640853732790353920,2023-03-28T23:09:50.000Z,O MANDADO DE PRISÃO JÁ FOI EXPEDIDO?,1,0,0,https://twitter.com/BohnGass/status/1640670119633248256
marcelo freitas,@Marfre99Freitas,https://twitter.com/Marfre99Freitas/status/1640878449483972608,2023-03-29T00:48:03.000Z,Kkkkkk is 11 containers de presentes que o Lula surrupiou foram presentes né??,0,0,0,https://twitter.com/BohnGass/status/1640670119633248256
Fernando Pereira,@Fernand55459020,https://twitter.com/Fernand55459020/status/1641154541121929232,2023-03-29T19:05:08.000Z,Veja como estou me sentindo...,0,0,0,https://twitter.com/BohnGass/status/1640670119633248256
Fica_Dica #ficadica,@Fica_Dica_D_D,https://twitter.com/Fica_Dica_D_D/status/1640856595704733696,2023-03-28T23:21:12.000Z,#CPMI08dejaneiroja #LulaNaCadeia #Governolixo,0,0,0,https://twitter.com/BohnGass/status/1640670119633248256
Romeiro Guedes,@RomeiroGuedes,https://twitter.com/RomeiroGuedes/status/1640843234032189440,2023-03-28T22:28:07.000Z,Se fosse o Lularápio...,0,0,0,https://twitter.com/BohnGass/status/1640670119633248256
Vera Baptistella,@VeraBaptistell1,https://twitter.com/VeraBaptistell1/status/1640828190028431364,2023-03-28T21:28:20.000Z,#bolsonaroladrao,0,0,0,https://twitter.com/BohnGass/status/1640670119633248256
Carlos roberto cerqu,@cerqu_roberto,https://twitter.com/cerqu_roberto/status/1640724911466463234,2023-03-28T14:37:56.000Z,"Por que ninguém denuncia ele??? MPF, TCU, POLÍCIA FEDERAL!!!",1,0,0,https://twitter.com/BohnGass/status/1640670119633248256
Acácia Lula da Silva,@AAndradeBrito,https://twitter.com/AAndradeBrito/status/1640800275572334592,2023-03-28T19:37:24.000Z,Tem que ver se essas joias não já foram trocadas por joias falsas.,1,0,0,https://twitter.com/BohnGass/status/1640670119633248256
Chris,@Chris05579897,https://twitter.com/Chris05579897/status/1640847081391771656,2023-03-28T22:43:24.000Z,Isso é crime ou presentes🎁,0,0,0,https://twitter.com/BohnGass/status/1640670119633248256
Paulo Pereira,@PauloPe70017782,https://twitter.com/PauloPe70017782/status/1640747692392427523,2023-03-28T16:08:28.000Z,"Tentou não , se apropriou e agora tem que ser desapropriado",0,1,1,https://twitter.com/BohnGass/status/1640670119633248256
joao garcez,@joaozinhogarcez,https://twitter.com/joaozinhogarcez/status/1640861247175290882,2023-03-28T23:39:41.000Z,"Outro apaixonado pelo Mito, vamos falar do bandido mais conhecido do mundo.🤣🤣🤣🤣",0,0,0,https://twitter.com/BohnGass/status/1640670119633248256
Leonardo Barros,@Leosb12Leonardo,https://twitter.com/Leosb12Leonardo/status/1640820191037739014,2023-03-28T20:56:33.000Z,"Só falam do ex presidente, esqueceram de trabalhar. Desgoverno que chama.",0,0,0,https://twitter.com/BohnGass/status/1640670119633248256
RBotelho,@botelhorobson1,https://twitter.com/botelhorobson1/status/1640856831982551041,2023-03-28T23:22:09.000Z,"Propina a prestação 1+4, se não tiver mais!",0,0,0,https://twitter.com/BohnGass/status/1640670119633248256
Otto,@ottovay,https://twitter.com/ottovay/status/1640752152623607810,2023-03-28T16:26:11.000Z,"Quantos mais existirão?!?
‾\_(シ)_/￣",1,0,0,https://twitter.com/BohnGass/status/1640670119633248256
Sergio Mello,@Sergiomcmello,https://twitter.com/Sergiomcmello/status/1640721136903225344,2023-03-28T14:22:56.000Z,"JAIR PEGOU O ROLEX
JAIR PEGOU O ROLEX
JAIR PEGOU O ROLEX
JAIR PEGOU O ROLEX
JAIR PEGOU O ROLEX
JAIR PEGOU O ROLEX",0,1,2,https://twitter.com/BohnGass/status/1640670119633248256
Graça,@graciiiinha,https://twitter.com/graciiiinha/status/1640756993932623895,2023-03-28T16:45:25.000Z,Pagamento sobre oque?????????,0,0,1,https://twitter.com/BohnGass/status/1640670119633248256
GMiranda,@odontogel,https://twitter.com/odontogel/status/1641112007725252611,2023-03-29T16:16:07.000Z,Será que essas joias cabem no cofre do lulinha???,0,0,0,https://twitter.com/BohnGass/status/1640670119633248256
Só Para Tweetar,@SoPara_Twittar,https://twitter.com/SoPara_Twittar/status/1640842478046543874,2023-03-28T22:25:06.000Z,Cuidado com o FBI hein...,0,0,1,https://twitter.com/BohnGass/status/1640670119633248256
Pessé,@PaunukoodoPT13,https://twitter.com/PaunukoodoPT13/status/1640890036806639616,2023-03-29T01:34:05.000Z,EXEMPLOS DE FAKENEWS,0,0,0,https://twitter.com/BohnGass/status/1640670119633248256
paranaence raiz,@simonmartis2,https://twitter.com/simonmartis2/status/1641022440544272384,2023-03-29T10:20:13.000Z,Seu vagabundo PT destruindo o país e vcs atrás de acusações que não c sustenta i segundo seu palhaço,0,0,0,https://twitter.com/BohnGass/status/1640670119633248256
Júlio Bomfim Jaymovich,@Eduardo05852573,https://twitter.com/Eduardo05852573/status/1640863729339301888,2023-03-28T23:49:33.000Z,"PT ,NINGUÉM ACREDITA NAS MANOBRAS DE VCS!
PT = Frajola 
Todo plano não dá certo",0,0,0,https://twitter.com/BohnGass/status/1640670119633248256
Claudinei Correa,@Claudin23672715,https://twitter.com/Claudin23672715/status/1641014584239587328,2023-03-29T09:49:00.000Z,"Porque ele deveria devolver um presente? pelo valor?

que crime é este?",0,0,0,https://twitter.com/BohnGass/status/1640670119633248256
angela,@angelaromani,https://twitter.com/angelaromani/status/1640764223088197657,2023-03-28T17:14:09.000Z,Ainda falando disso! Falam e falam. Mas nunca provam nada 🤣😂🤣😂 que vergonha alheia. Vai criticar esta bosta de governo.,0,0,1,https://twitter.com/BohnGass/status/1640670119633248256
Rachel,@RaquelAb9,https://twitter.com/RaquelAb9/status/1640799137544253441,2023-03-28T19:32:53.000Z,"Crime continuado é o praticado por lula e seus ladrões. Décadas roubando o Brasil e vocês fingindo demência... Não, peraí, vocês são dementes.",0,0,1,https://twitter.com/BohnGass/status/1640670119633248256
Victorhmm,@victorhmmachado,https://twitter.com/victorhmmachado/status/1641025880637022208,2023-03-29T10:33:53.000Z,Será que ele consegue alcançar o recorde de 19 contêiners?,0,0,0,https://twitter.com/BohnGass/status/1640670119633248256
Jesus Cristo,@estou_voltando,https://twitter.com/estou_voltando/status/1640890741474951176,2023-03-29T01:36:53.000Z,Os mais de 11 containeres do Ex-presidiário alguém vai buscar também? Só para saber 🙃,0,0,0,https://twitter.com/BohnGass/status/1640670119633248256
Francesco Palermo,@Frances72529294,https://twitter.com/Frances72529294/status/1640834023810379778,2023-03-28T21:51:31.000Z,"Bom saber! Artigo 71 do Código Penal.
Anota aí Polícia Federal...",0,0,0,https://twitter.com/BohnGass/status/1640670119633248256
Rebelato Advocacia,@RebelatoAdv1,https://twitter.com/RebelatoAdv1/status/1640826921410805761,2023-03-28T21:23:17.000Z,O LULA É LADRAO E NÃO ADIANTA DIZER QUE NÃO,0,0,0,https://twitter.com/BohnGass/status/1640670119633248256
Cilas Oliveira,@CilasOliveira2,https://twitter.com/CilasOliveira2/status/1640891213678264320,2023-03-29T01:38:46.000Z,"A esquerda que levar os presentes do mito ,o povo malandro!",0,0,0,https://twitter.com/BohnGass/status/1640670119633248256
Ronaldo,@KollerRonaldo,https://twitter.com/KollerRonaldo/status/1640795425195081731,2023-03-28T19:18:08.000Z,"Ou esqueceu o roubo que seu partido  aplicou no povo. Deixe de fofoca e mostre trabalho, sobre.o risco de seu emprego não se renovar na próxima eleição.  TRABALHE por aqueles que acreditaram no Senhor.",0,0,0,https://twitter.com/BohnGass/status/1640670119633248256
Ronaldo,@KollerRonaldo,https://twitter.com/KollerRonaldo/status/1640796344225878017,2023-03-28T19:21:47.000Z,"E a história de desvio do Pronaf, o Senhor já devolveu os valores?",0,0,0,https://twitter.com/BohnGass/status/1640670119633248256
Célia Nacarato,@CeliaNacarato,https://twitter.com/CeliaNacarato/status/1640753459321348096,2023-03-28T16:31:23.000Z,Eu gostaria de saber como este senhor aparece com frequencia na minha tl se não o sigo?,0,0,0,https://twitter.com/BohnGass/status/1640670119633248256
Kleber_mil,@Kleber_duarte_,https://twitter.com/Kleber_duarte_/status/1640770544449495063,2023-03-28T17:39:16.000Z,"Uiiiii, crime continuado na sua ótica.. a pilantr@gem da postagem, coincide com a chegada do ex presidente.. 🤡🤡",0,0,0,https://twitter.com/BohnGass/status/1640670119633248256
Alan Carlos,@AlanPatriota,https://twitter.com/AlanPatriota/status/1640742594727538695,2023-03-28T15:48:12.000Z,De roubo petista entende bem,0,0,0,https://twitter.com/BohnGass/status/1640670119633248256
LM68,@Ladym1468,https://twitter.com/Ladym1468/status/1640790937717690395,2023-03-28T19:00:18.000Z,"Documentado , mais uma narrativa  da esquerda sendo desmascarada.",0,0,0,https://twitter.com/BohnGass/status/1640670119633248256
Desmentindo os Canhotos,@Cristia85545350,https://twitter.com/Cristia85545350/status/1640733703545520134,2023-03-28T15:12:52.000Z,Cortina de fumaça para esconder o que está acontecer com a economia e a segurança pública. Algum comentário sobre a economia e segurança pública?,0,0,0,https://twitter.com/BohnGass/status/1640670119633248256
Marcos Faria,@Marcossfsfaria,https://twitter.com/Marcossfsfaria/status/1640755578971594754,2023-03-28T16:39:48.000Z,Tche aproveita e vê tambem dos onze contâiners que lula se apropriou no final do seu governo. E isso foi dito por ele mesmo,0,0,0,https://twitter.com/BohnGass/status/1640670119633248256
Marcos Faria,@Marcossfsfaria,https://twitter.com/Marcossfsfaria/status/1640755737675661327,2023-03-28T16:40:26.000Z,Só cortina de fumaça...,0,0,0,https://twitter.com/BohnGass/status/1640670119633248256
Marcio Dias,@MarcioA_Dias,https://twitter.com/MarcioA_Dias/status/1640826633656446976,2023-03-28T21:22:09.000Z,Tem mais... muito mais...#QuemMandouMatarMarielle,0,0,0,https://twitter.com/BohnGass/status/1640670119633248256
Cristiana Vieira,@Cristiana_Cunha,https://twitter.com/Cristiana_Cunha/status/1640838661196349442,2023-03-28T22:09:56.000Z,"Ele recebeu não roubou igual seu ladrão de estimação, e devolveu agora o ex presidiário nada de devolução até hoje o Sr deveria ter vergonha de um Twitter desse",0,0,0,https://twitter.com/BohnGass/status/1640670119633248256
voto 22,@FernandoPaler12,https://twitter.com/FernandoPaler12/status/1640722739278258185,2023-03-28T14:29:18.000Z,"De acordo com o jornal, os itens do que compõem a caixa de joias foram especificados, um a um, no formulário de encaminhamento de presentes para o presidente. Globo. Cadê o roubo?",0,0,0,https://twitter.com/BohnGass/status/1640670119633248256
Netjerikhet Djoser,@NetjerikhetGO,https://twitter.com/NetjerikhetGO/status/1640766302338908199,2023-03-28T17:22:25.000Z,Lavagem de dinheiro!,0,0,0,https://twitter.com/BohnGass/status/1640670119633248256
Osvaldo José costa,@OsvaldoJoscost3,https://twitter.com/OsvaldoJoscost3/status/1640733448183730177,2023-03-28T15:11:52.000Z,"Ele o PR ganhou as joias,não roubou.São presentes personalismos, ninguém daria joias para este Brasil de um povo tão pequeno e medíocre.Não merecem,não merecemos.",0,0,0,https://twitter.com/BohnGass/status/1640670119633248256
Marli,@Marli99996239,https://twitter.com/Marli99996239/status/1640787975637438464,2023-03-28T18:48:32.000Z,Devolve ladrão genocida ou vai Partilhar com o juiz,0,0,0,https://twitter.com/BohnGass/status/1640670119633248256
Valdenir Paulino,@PaulinoValdenir,https://twitter.com/PaulinoValdenir/status/1640762378462658576,2023-03-28T17:06:49.000Z,"Se isso te preocupa, imagina os caminhões cheios de objetos preciosos que Lula levou do Alvorada, que seriam,obras de artes, Esmeralda, sabe-se lá mais o que né?",0,0,0,https://twitter.com/BohnGass/status/1640670119633248256
Marcus Silva,@MarcusFabianoAS,https://twitter.com/MarcusFabianoAS/status/1641011233934520321,2023-03-29T09:35:41.000Z,"Fake News deputado. Os meninos de recado do descondenado estão criando mais esta narrativa para abafar a vergonha de dino. Mas a CPMI vem aí. Em tempo, devia rever suas fontes",0,0,0,https://twitter.com/BohnGass/status/1640670119633248256
Margarida Oliveira,@margoliver5,https://twitter.com/margoliver5/status/1640755983168225281,2023-03-28T16:41:24.000Z,Lugar de ladrão é  na cadeia,0,0,0,https://twitter.com/BohnGass/status/1640670119633248256
ₗᵤ𝒸ᵢₐₙₒ ᶜᵒʳᶦⁿᵗʰᶦᵃⁿˢ,@esquerdante,https://twitter.com/esquerdante/status/1640864199864721409,2023-03-28T23:51:25.000Z,E PQ DIABOS NÃO PRENDEM O VAGABUNDO LADRÃO DE JÓIAS?!,0,0,2,https://twitter.com/BohnGass/status/1640670119633248256
notícias da internet,@jaison_manke,https://twitter.com/jaison_manke/status/1640759745551237120,2023-03-28T16:56:21.000Z,A o larápio pode 🤪😂🤪😂🤪😂🤪🤪🤪🤪🤪🤪🤪,0,0,0,https://twitter.com/BohnGass/status/1640670119633248256
Diego de Barros,@DiegodeBarros86,https://twitter.com/DiegodeBarros86/status/1640867881805135877,2023-03-29T00:06:03.000Z,Ele recebeu ou roubou?,0,0,0,https://twitter.com/BohnGass/status/1640670119633248256
Melissa,@melissa02219239,https://twitter.com/melissa02219239/status/1640815789178601473,2023-03-28T20:39:03.000Z,🥱🥱🥱🥱,0,0,0,https://twitter.com/BohnGass/status/1640670119633248256
Sil Sea,@gilbertovieirav,https://twitter.com/gilbertovieirav/status/1640753029342281728,2023-03-28T16:29:40.000Z,Se é por isso o ex PRESIDIÁRIO está na frente..saiu do governo carregando ONZE containers de presentes..dentre eles..joais..telas etc,0,0,0,https://twitter.com/BohnGass/status/1640670119633248256
Sil Sea,@gilbertovieirav,https://twitter.com/gilbertovieirav/status/1640753171864715275,2023-03-28T16:30:14.000Z,IMPEACHMENT JÁ ao Narco DESCONDENADO,0,0,0,https://twitter.com/BohnGass/status/1640670119633248256
Eliana,@Eliana44717913,https://twitter.com/Eliana44717913/status/1640758629727862784,2023-03-28T16:51:55.000Z,BOLSONARO NA CADEIA,0,0,0,https://twitter.com/BohnGass/status/1640670119633248256
Ronaldo,@KollerRonaldo,https://twitter.com/KollerRonaldo/status/1640795099503251461,2023-03-28T19:16:50.000Z,"Sr Bohn o senhor foi eleito por alguns gaúcho para ser o Deputado Federal que atrai empregos, investimentos, melhor qualidade de vida ao seu eleitores, no entanto o Senhor como  FUNCIONARIO do POVO ficar dando uma de fofoqueiro barato.",0,0,0,https://twitter.com/BohnGass/status/1640670119633248256
"Festa da Selma, 08 de Janeiro",@gleyseviana_,https://twitter.com/gleyseviana_/status/1640698070206758912,2023-03-28T12:51:17.000Z,"JAIR PEGOU O ROLEX
JAIR PEGOU O ROLEX
JAIR PEGOU O ROLEX
JAIR PEGOU O ROLEX
JAIR PEGOU O ROLEX
JAIR PEGOU O ROLEX
JAIR PEGOU O ROLEX
JAIR PEGOU O ROLEX
JAIR PEGOU O ROLEX
JAIR PEGOU O ROLEX
JAIR PEGOU O ROLEX
JAIR  PEGOU O ROLEX
JAIR PEGOU O ROLEX
JAIR PEGOU O ROLEX 
JAIR PEGOU O",0,0,0,https://twitter.com/BohnGass/status/1640670119633248256
Mr. Grinch,@antifa1965,https://twitter.com/antifa1965/status/1640751935161597962,2023-03-28T16:25:19.000Z,Esperando o JAIR PEGOU O ROLEX roubar um miojo para ter um clima para ser preso.,0,0,0,https://twitter.com/BohnGass/status/1640670119633248256
Paulo Vidal,@prv7177,https://twitter.com/prv7177/status/1640849245312778249,2023-03-28T22:52:00.000Z,Não diga membro da organização Criminosa do PT 👍,0,0,0,https://twitter.com/BohnGass/status/1640670119633248256
Denise Prestes,@DenisePrestes4,https://twitter.com/DenisePrestes4/status/1640894806468579328,2023-03-29T01:53:02.000Z,#JAIRPEGOUOROLEX #JAIRPEGOUOROLEX #JAIRPEGOUOROLEX #JAIRPEGOUOROLEX,0,0,0,https://twitter.com/BohnGass/status/1640670119633248256
Julio Rodrigues,@JulioUnB,https://twitter.com/JulioUnB/status/1640744127267569665,2023-03-28T15:54:18.000Z,🌎Passar🐮BOIjóiasADAS 💎🇧🇷🌎🐮,0,0,0,https://twitter.com/BohnGass/status/1640670119633248256
Ridis Ribeiro,@ridis_ribeiro,https://twitter.com/ridis_ribeiro/status/1640815180832706563,2023-03-28T20:36:38.000Z,"Amizade  árabe petrolífera ""Refinada"".Melhor Jair devolvendo o Rolex.",0,0,0,https://twitter.com/BohnGass/status/1640670119633248256
NobreComentador,@CidadaniaSec21,https://twitter.com/CidadaniaSec21/status/1640683769903341569,2023-03-28T11:54:27.000Z,vai pedir música no Fantástico pela décima vez #bolsonaroladrão #joias #joia #negóciodasarábias #emirados #arábiasaudita #mito #bolsonaro #deuspátriafamília #agro #brasil #brazil #globolixo #cnnlixo #soubrasileiro #ouro #dividendos,0,0,0,https://twitter.com/BohnGass/status/1640670119633248256
Eduardo Amaral,@AmaralPeribe,https://twitter.com/AmaralPeribe/status/1640745418681114624,2023-03-28T15:59:26.000Z,Consertou seu vibrador?,0,0,1,https://twitter.com/BohnGass/status/1640670119633248256
Marco Vinicio,@VinicioDoctor,https://twitter.com/VinicioDoctor/status/1641368120513241092,2023-03-30T09:13:49.000Z,"O engraçado é que vários presidentes receberam presentes, mas joias exóticas como relógios de ouro branco e diamantes, colares de pedras preciosas, relógios raros com pulseira de couro de jacaré,...só o Bolsonaro. Quem ele teve que vender pra ser tão bem recompensado?",0,0,0,https://twitter.com/BohnGass/status/1640670119633248256
Jayme Lula Presidente,@jayme02724602,https://twitter.com/jayme02724602/status/1640752126702878725,2023-03-28T16:26:05.000Z,"#MoroNaCadeia #ZaninNoSTF 
Tacla Duran o terror do marreco
JAIR PEGOU O ROLEX",0,0,0,https://twitter.com/BohnGass/status/1640670119633248256
Luiz Casagrande,@luizcasagra,https://twitter.com/luizcasagra/status/1640747912585003015,2023-03-28T16:09:20.000Z,"4 anos sem nenhuma corrupção, menor inflação que os USA e UE, maior crescimento que a China, superávit de 54 bilhões de reais, 5,5 milhões de empregos criados,  esse foi o governo Bolsonaro .",0,0,0,https://twitter.com/BohnGass/status/1640670119633248256
Tai,@TaisaAdv,https://twitter.com/TaisaAdv/status/1640754243232579585,2023-03-28T16:34:29.000Z,"Oi, tudo joia?💎💎💍💍😂😂😂",0,0,0,https://twitter.com/BohnGass/status/1640670119633248256
Pedro Orlando Bertoni,@bertoni_orlando,https://twitter.com/bertoni_orlando/status/1640707295326662657,2023-03-28T13:27:56.000Z,"BOLSONARO NA CADEIA 
BOZO CANTANDO: ""NÃO PRECISO DE NINGUÉM PRA FAZER MERDA COMIGO"" É SÓ ROUBAR JOIAS DAS ARABIAS",1,1,1,https://twitter.com/BohnGass/status/1640670119633248256
Mauna Loa,@gamorimhot,https://twitter.com/gamorimhot/status/1640725950231896068,2023-03-28T14:42:04.000Z,Tentou não…..se apropriou,0,0,0,https://twitter.com/BohnGass/status/1640670119633248256
Felipepestana2022@outlook.pt,Felipepestana2022@outlook.pt,https://twitter.com/Felipepestana23/status/1640872087387602944,2023-03-29T00:22:46.000Z,"Quem foi que negociou com o tráfico, a ida do Dino ao complexo da Maré!? #PTfaccaoCriminosa",0,0,0,https://twitter.com/BohnGass/status/1640670119633248256
