nome,usuario,idTweet,dataPublicacao,texto,replies,retweets,likes,tweetPai
Dep. Alencar Santana,@AlencarBraga13,https://twitter.com/AlencarBraga13/status/1640419899196731393,2023-03-27T18:25:56.000Z,"O bullying é um problema antigo cujas causas são complexas. Entretanto, é inegável que ele foi agravado pela propagação dos discursos de ódio e preconceito em escala industrial, através da Internet e como método político da extrema-direita. A promoção da cultura de violência e
+",2,1,14,https://twitter.com/AlencarBraga13/status/1640419499857051648
Dep. Alencar Santana,@AlencarBraga13,https://twitter.com/AlencarBraga13/status/1640420078176055296,2023-03-27T18:26:38.000Z,"das armas como solução de qualquer problema precisa ser estancada com urgência se quisermos realmente, como sociedade, combater esse fenômeno que estamos vendo crescer nas escolas e nas ruas em geral.
+",2,2,11,https://twitter.com/AlencarBraga13/status/1640419499857051648
Dep. Alencar Santana,@AlencarBraga13,https://twitter.com/AlencarBraga13/status/1640421014164127750,2023-03-27T18:30:21.000Z,"A escola precisa ser um lugar de acolhimento, de integração de cuidado, de convivência harmoniosa e de comunhão para nossas crianças e adolescentes, bem como para todas as pessoas envolvidas no processo educacional. Não podemos perder essa premissa de vista. 🙏🏽",1,2,11,https://twitter.com/AlencarBraga13/status/1640419499857051648
Douglas Roberto,@Douglas73635135,https://twitter.com/Douglas73635135/status/1640428500279541796,2023-03-27T19:00:06.000Z,😚😚,0,0,0,https://twitter.com/AlencarBraga13/status/1640419499857051648
Niv Al,@AlvaNive,https://twitter.com/AlvaNive/status/1640420135230926848,2023-03-27T18:26:52.000Z,Escola cívico-militar é a solução pra educação brasileira,0,0,0,https://twitter.com/AlencarBraga13/status/1640419499857051648
Niv Al,@AlvaNive,https://twitter.com/AlvaNive/status/1640420312666783753,2023-03-27T18:27:34.000Z,Vão proibir as facas????? Escolas cívico-militar é a solução pra educação brasileira,0,0,0,https://twitter.com/AlencarBraga13/status/1640419499857051648
Marisa victorio da silva,@victorio_marisa,https://twitter.com/victorio_marisa/status/1640430037735186452,2023-03-27T19:06:13.000Z,Antes de qualquer coisa - minha solidariedade à família da professora 👩‍🏫Elizabeth Terreiro - 71 anos - vítima do ataque à escola🏫 Thomazia Montoro🌱😞 - na Vila Sônia - em São Paulo. Solidariedade também as demais vítimas e ao conjunto da comunidade escolar +,0,0,0,https://twitter.com/AlencarBraga13/status/1640419499857051648
