nome,usuario,idTweet,dataPublicacao,texto,replies,retweets,likes,tweetPai
Ghi,@GhiBordin,https://twitter.com/GhiBordin/status/1640865332339388417,2023-03-28T23:55:55.000Z,👏🏽👏🏽👏🏽👏🏽👏🏽👏🏽,0,0,1,https://twitter.com/adriventurasp/status/1640843387376107520
Antonio A,@Antonio3064,https://twitter.com/Antonio3064/status/1640974948486508544,2023-03-29T07:11:30.000Z,A oposição precisa votar CONTRA todas as MPs do lula.   O povo não deveria pagar por mais de 31 Ministérios.  Nem por mais secretarias e empregos públicos.   Votem NÃO nas MPs que serão apresentadas ao Congresso.,0,0,0,https://twitter.com/adriventurasp/status/1640843387376107520
LAORICARDO,@LAORICARDO1,https://twitter.com/LAORICARDO1/status/1641122651132379154,2023-03-29T16:58:25.000Z,"É mais fácil, tirar o sofá da sala!!  Melhor não dar ideia... vão acabar roubando até a mobília!!  Triste país...",0,0,0,https://twitter.com/adriventurasp/status/1640843387376107520
Edmar,@Edmar_Piona,https://twitter.com/Edmar_Piona/status/1640850203224817664,2023-03-28T22:55:48.000Z,"Este tipo de atitude é típico de desespero, não tem competência para administrar a situação e parte para apelar, ocultar os fatos, oprimir, é uma ditadura junto a mídia, cadê a liberdade e Democracia ?",0,0,0,https://twitter.com/adriventurasp/status/1640843387376107520
Oscar Fettermann,@oscarfettermann,https://twitter.com/oscarfettermann/status/1641049712894541824,2023-03-29T12:08:35.000Z,O mau caráter não tem receio de mentir e enganar...,0,0,0,https://twitter.com/adriventurasp/status/1640843387376107520
Humberto Maia,@MaiaHumberto,https://twitter.com/MaiaHumberto/status/1641036036733009923,2023-03-29T11:14:14.000Z,"Acabou, pôrra!
Perdeu, Mané!
Haja dor de corno!
E muito cocô na cabeça!😂🤣😢😅😂🤣😢😅😂🤣😢😅😂🤣😢😅😂🤣😢😅😂🤣😢😅😂🤣😢😅😂🤣😢😅😂🤣😢😅😂🤣😂🤣😢😅😂🤣😢😅😂🤣😢😅😂🤣😢😅😂🤣😢😅😂🤣😢😅😂🤣😢😅😂🤣😢😅😂🤣😢😅😂🤣😂🤣😢😅😂🤣😢😅😂🤣😢😅😂🤣😢😅😂🤣😢😅😂🤣😢😅😂😂🤣",0,0,0,https://twitter.com/adriventurasp/status/1640843387376107520
