nome,usuario,idTweet,dataPublicacao,texto,replies,retweets,likes,tweetPai
Pedro Andrade,@PedroAn35306242,https://twitter.com/PedroAn35306242/status/1640503759401828354,2023-03-27T23:59:09.000Z,"MORO NA CADEIA 
MORO NA CADEIA
MORO NA CADEIA 
MORO NA CADEIA 
MORO NA CADEIA
MORO NA CADEIA 
MORO NA CADEIA",0,1,3,https://twitter.com/BohnGass/status/1640501002800439298
Bia Mori,@mori_bia,https://twitter.com/mori_bia/status/1640531444463271937,2023-03-28T01:49:10.000Z,"MORO CASSADO E PRESO
MORO CASSADO E PRESO
MORO CASSADO E PRESO",0,0,1,https://twitter.com/BohnGass/status/1640501002800439298
Zana,@ZanaRat20467806,https://twitter.com/ZanaRat20467806/status/1640501893712453632,2023-03-27T23:51:45.000Z,"Me parece que o relator das denúncias do Tacla Duran será o Lewandowski, que irá se aposentar em abril. Já pararam pra pensar se Lula indicar o Cristiano Zanin à vaga dele no STF? A Terra plana está capotando com a velocidade de uma esfera",1,0,3,https://twitter.com/BohnGass/status/1640501002800439298
Eduardo,@EdLima55,https://twitter.com/EdLima55/status/1640518662963580928,2023-03-28T00:58:23.000Z,"MORO NA CADEIA 
Com certeza é grave a denuncia e pelo visto as provas são robustas.",0,0,2,https://twitter.com/BohnGass/status/1640501002800439298
francisco accioly,@Borachico,https://twitter.com/Borachico/status/1640512328524349440,2023-03-28T00:33:13.000Z,#MoroNaCadeia,0,0,0,https://twitter.com/BohnGass/status/1640501002800439298
Alex Muniz,@AlexMun09549511,https://twitter.com/AlexMun09549511/status/1640704675706986498,2023-03-28T13:17:32.000Z,Moronacadeia,0,0,0,https://twitter.com/BohnGass/status/1640501002800439298
Clovis R. Tonolli,@Clovis_Tonolli,https://twitter.com/Clovis_Tonolli/status/1640665070127464450,2023-03-28T10:40:09.000Z,"Só narrativas, estratégias criadas para tentar fazer ""parecer"" que existe algo de provas, e assim tentar transformar uma MENTIRA em fato. Povo acordou.",0,0,0,https://twitter.com/BohnGass/status/1640501002800439298
Chewbacca,@Chewbac92042390,https://twitter.com/Chewbac92042390/status/1640502315621687296,2023-03-27T23:53:25.000Z,"TACLA DURAN
CAPOTA TERRA PLANA 
MORO NA CADEIA",0,0,1,https://twitter.com/BohnGass/status/1640501002800439298
Alcides Soares,@agrocidoca,https://twitter.com/agrocidoca/status/1640530270368481281,2023-03-28T01:44:30.000Z,Ele é petista. Simples assim.,1,0,0,https://twitter.com/BohnGass/status/1640501002800439298
"Festa da Selma, 08 de Janeiro",@gleyseviana_,https://twitter.com/gleyseviana_/status/1640519619587760131,2023-03-28T01:02:11.000Z,"Lula está se recuperando... já desejou melhoras pra ele???? Quando Bolsonaro disse que não era coveiro; vocês aplaudiram de pé
MORO NA CADEIA 
MORO NA CADEIA 
MORO NA CADEIA
MORO NA CADEIA 
MORO NA CADEIA 
MORO NA CADEIA 
MORO NA CADEIA 
MORO NA CADEIA 
MORO NA CADEIA 
MORO NA",0,0,0,https://twitter.com/BohnGass/status/1640501002800439298
Cino Silva,@AlvesMercino,https://twitter.com/AlvesMercino/status/1640668709696970752,2023-03-28T10:54:37.000Z,"Ohh meus companheiros por favor me ajudem q seja só dessa vez por favor mais q nunca foi uma situação tão difícil e complicada p mim.q seja qualquer pouco quem puder me ajude. Muito obrigado perdão c9mpas por inconveniência! 
Pix 33991756922Cel.Obg.",0,0,0,https://twitter.com/BohnGass/status/1640501002800439298
