nome,usuario,idTweet,dataPublicacao,texto,replies,retweets,likes,tweetPai
Maria,@MAngelaCampos,https://twitter.com/MAngelaCampos/status/1640500852891832324,2023-03-27T23:47:37.000Z,"Eu já vi “pato no tucupi”, mas vou ver pela primeira vez “marreco com uc entupido”, não deve tá passando nem sinal de Wi-Fi quem dirá uma agulha 🤣🤣🤣🤣🤣🤣OBRIGADA DEUS!🙏🏻🙏🏻🙏🏻🙏🏻🫶🏻🫶🏻🫶🏻🫶🏻🇧🇷🇧🇷🇧🇷🌵🌵🌵🌵🌵🙏🏻🙏🏻🙏🏻🙏🏻🙏🏻",0,0,2,https://twitter.com/BohnGass/status/1640499748099481602
Sandra,@SandraL11291780,https://twitter.com/SandraL11291780/status/1640500301957406724,2023-03-27T23:45:25.000Z,MORO NA CADEIA,0,0,1,https://twitter.com/BohnGass/status/1640499748099481602
Alex Muniz,@AlexMun09549511,https://twitter.com/AlexMun09549511/status/1640729831984775169,2023-03-28T14:57:29.000Z,Moronacadeia,0,0,0,https://twitter.com/BohnGass/status/1640499748099481602
Chewbacca,@Chewbac92042390,https://twitter.com/Chewbac92042390/status/1640500812920262656,2023-03-27T23:47:27.000Z,"TACLA DURAN
CAPOTA TERRA PLANA 
MORO NA CADEIA",0,0,0,https://twitter.com/BohnGass/status/1640499748099481602
Clovis R. Tonolli,@Clovis_Tonolli,https://twitter.com/Clovis_Tonolli/status/1640665099353440256,2023-03-28T10:40:16.000Z,"Não foi um juiz. 
""TODOS juizes de TODAS as instancias o CONDENARAM. 
A VERDADE. Nua e crua.
1-Condenado por 10 Juízes concursados, de carreira, legalistas, julgam fatos diante da lei
2-DEScondenado por ministros do STF, ex advogados, indicados POLITICAMENTE pelo proprio RÉU Lula",0,0,0,https://twitter.com/BohnGass/status/1640499748099481602
