nome,usuario,idTweet,dataPublicacao,texto,replies,retweets,likes,tweetPai
░▒ comunantifa ▒░☭ᴛ★☭4ª Internacional,@comunantifa,https://twitter.com/comunantifa/status/1640146594770087937,2023-03-27T00:19:55.000Z,@AlencarBraga13 é gente da gente. Na luta pela democracia em Brasília.,0,0,1,https://twitter.com/AlencarBraga13/status/1640133619770621952
Marisa victorio da silva,@victorio_marisa,https://twitter.com/victorio_marisa/status/1640138137870512132,2023-03-26T23:46:19.000Z,⭐✊,0,0,0,https://twitter.com/AlencarBraga13/status/1640133619770621952
Cino Silva,@AlvesMercino,https://twitter.com/AlvesMercino/status/1640361079929815042,2023-03-27T14:32:12.000Z,"Compas tenho 155 reais, quem puder me ajude q seja c 1 real p eu inteirar 390. Por favor quem puder me ajude compas neste momento tão difícil q tô enfrentado, mas sei das dificuldades suas tbm. Muito obrigado amigos! 
Pix 33991756922Cel.Obg",0,0,0,https://twitter.com/AlencarBraga13/status/1640133619770621952
