nome,usuario,idTweet,dataPublicacao,texto,replies,retweets,likes,tweetPai
Micaela Tanaru,@FalscheRepublik,https://twitter.com/FalscheRepublik/status/1640705142793334784,2023-03-28T13:19:23.000Z,O @paulocoelho não vai gostar de saber disso...,0,0,1,https://twitter.com/BohnGass/status/1640165235507044352
CARLOS CARVALHO,@NixDjoei,https://twitter.com/NixDjoei/status/1640167626545545216,2023-03-27T01:43:29.000Z,"O povo subindo a Rampa , @Cristianozaninm no @STF_oficial e as vitórias diárias, é como virar o 7 a 1.",0,1,6,https://twitter.com/BohnGass/status/1640165235507044352
Jamon Jamos,@jamonjamos,https://twitter.com/jamonjamos/status/1640474877139509249,2023-03-27T22:04:23.000Z,"@paulocoelho Paulo, dá uma olhada nessa info. abraço",0,0,2,https://twitter.com/BohnGass/status/1640165235507044352
Rafael Lula 2022,@rlbarreto,https://twitter.com/rlbarreto/status/1640288987603521536,2023-03-27T09:45:44.000Z,Mas o @paulocoelho acha que o voto dele não valeu a pena...,1,0,8,https://twitter.com/BohnGass/status/1640165235507044352
Eduardo Nogueira,@nogueiraduddu,https://twitter.com/nogueiraduddu/status/1640318031778791425,2023-03-27T11:41:09.000Z,Qual ministério encabeça as ações!,0,0,0,https://twitter.com/BohnGass/status/1640165235507044352
embaura,@embaura1,https://twitter.com/embaura1/status/1640393290561339415,2023-03-27T16:40:12.000Z,Investigações começaram em 2022,0,0,0,https://twitter.com/BohnGass/status/1640165235507044352
Jonas Laico,@JonasLaico,https://twitter.com/JonasLaico/status/1640392744618033152,2023-03-27T16:38:01.000Z,"Jornal, TV, internet, rede social, fascista, evangélico, tudo contra o povo e pró rico, contra trabalhador e pró patrão escravagista, contra índio, floresta, minoria, Brasil, tem até esquerda contra, tá difícil, porém Lula já venceu antes, isso que chama?#OBrasilVotouEVoltou",0,1,2,https://twitter.com/BohnGass/status/1640165235507044352
