nome,usuario,idTweet,dataPublicacao,texto,replies,retweets,likes,tweetPai
Luiz carlos Ribeiro,@IsoLucari,https://twitter.com/IsoLucari/status/1641955854135033856,2023-04-01T00:09:16.000Z,GOVERNO LULA EM AÇÃO!!,0,0,0,https://twitter.com/AlencarBraga13/status/1640050989452410881
Montanha,@Montanh55411907,https://twitter.com/Montanh55411907/status/1640281210210463745,2023-03-27T09:14:50.000Z,"Mas estão buscando a todo custo destrui-lo. Com mentiras, armações e tantas outras artimanhas que pensei existir apenas em filmes. Canalhas que não se preocupam com o povo brasileiro, não se importam em manchar a imagem do país perante o mundo.",0,0,0,https://twitter.com/AlencarBraga13/status/1640050989452410881
Kazuaki Nishiuchi ju,@KazuakiJu,https://twitter.com/KazuakiJu/status/1640856925373079554,2023-03-28T23:22:31.000Z,Esperança de comer abóbora!😂😂😂😂😂,0,0,0,https://twitter.com/AlencarBraga13/status/1640050989452410881
Nilson Ramos,@NilsonR23834882,https://twitter.com/NilsonR23834882/status/1640053299201155074,2023-03-26T18:09:11.000Z,"Kkkkkkkkkkkkkkkkkkkkkkkkkkkkkkkkkkkkkkkkkkkkkkkkkkkk

Deputado, vossa excelência acha mesmo que aqui tem idiota ?
Com certeza sua resposta é sim, afinal de contas o senhor foi eleito kkkkkkkkkkkkk",1,0,0,https://twitter.com/AlencarBraga13/status/1640050989452410881
Jerryabati@gmail3.com.br Abati,Jerryabati@gmail3.com.br Abati,https://twitter.com/jerryabati/status/1640401565465952286,2023-03-27T17:13:05.000Z,"Ditadura sempre ""opa"". Kkkk",0,0,0,https://twitter.com/AlencarBraga13/status/1640050989452410881
Nivaldo Roberto,@NivaldoRoberto2,https://twitter.com/NivaldoRoberto2/status/1640069558026248193,2023-03-26T19:13:48.000Z,#LulaLadrao,0,0,0,https://twitter.com/AlencarBraga13/status/1640050989452410881
Mosca na Sopa,@ADRIANOSILVAAV1,https://twitter.com/ADRIANOSILVAAV1/status/1640131689908170755,2023-03-26T23:20:41.000Z,"Desde 2019 que não havia aumentos dos servidores públicos. 
FAZ O L   🔝 🔝  1️⃣3️⃣",0,0,0,https://twitter.com/AlencarBraga13/status/1640050989452410881
José Gomes,@JoseRibamarGF,https://twitter.com/JoseRibamarGF/status/1640358797498544128,2023-03-27T14:23:08.000Z,"O ex-juízeco Moro, corrupto (Marrecão CONGE), quer inventar uma facada para se transformar num ""MINTO"", às custas de idiotas e bolsonaristas",0,0,0,https://twitter.com/AlencarBraga13/status/1640050989452410881
Marisa victorio da silva,@victorio_marisa,https://twitter.com/victorio_marisa/status/1640059894379212800,2023-03-26T18:35:24.000Z,Ainda bem que @LulaOficial voltou e trouxe a esperança para o Brasil 😀😍⭐✊🍀                                           ✔️Esse meu presidente trabalha duro. Não vive em motociata fazendo arminha com a mão. Ainda bem que @lulaoficial voltou e trouxe a esperança para o Brasil!,0,0,0,https://twitter.com/AlencarBraga13/status/1640050989452410881
Janaína Santos,@JanaSantosjaism,https://twitter.com/JanaSantosjaism/status/1640548302352416771,2023-03-28T02:56:09.000Z,"Presidente @LulaOficial trabalhando por justiça social, pelo bem do Brasil #LulaReconstruindoOBrasil #LulaGovernoDeInclusao #LulaPresidenteDoPovo",0,0,0,https://twitter.com/AlencarBraga13/status/1640050989452410881
Cino Silva,@AlvesMercino,https://twitter.com/AlvesMercino/status/1640142853371310080,2023-03-27T00:05:03.000Z,"Compas tenho 155 reais, quem puder me ajude q seja c 1 real p eu inteirar 390. Por favor quem puder me ajude compas neste momento tão difícil q tô enfrentado, mas sei das dificuldades suas tbm. Muito obrigado amigos! 
Pix 33991756922Cel.Obg",0,0,0,https://twitter.com/AlencarBraga13/status/1640050989452410881
