nome,usuario,idTweet,dataPublicacao,texto,replies,retweets,likes,tweetPai
Regina Salomo,@ReginaSalomo,https://twitter.com/ReginaSalomo/status/1640506925052751873,2023-03-28T00:11:44.000Z,"li por aqui na TL q Zanin teria q se considerar suspeito,claro",0,0,0,https://twitter.com/BohnGass/status/1640503661053788273
Zana,@ZanaRat20467806,https://twitter.com/ZanaRat20467806/status/1640505671593472000,2023-03-28T00:06:45.000Z,"Sim, tenho certeza disso. Mas que é gostoso imaginar essa situação, isso é",0,0,0,https://twitter.com/BohnGass/status/1640503661053788273
Lucas Vieira,@lucasovie,https://twitter.com/lucasovie/status/1640574372170674176,2023-03-28T04:39:45.000Z,"Acho q se acontecer, o Zanin deverá se declarar suspeito. Acabariam as críticas a sua indicação. Se ñ fizer isso, por mais evidente que sejam os crimes cometidos pelo moro e seu crush, a narrativa dos facho vai ser que Zanin agiu por vingança. Alguma dúvida de que moro dirá isso?",0,0,2,https://twitter.com/BohnGass/status/1640503661053788273
Elton Cesar Paulo ⓟ,@eltoncpaulo,https://twitter.com/eltoncpaulo/status/1640504945064411137,2023-03-28T00:03:52.000Z,"Não tem nem comparação, Zanin já provou ser uma pessoa decente, jamais usaria o mesmo expediente do ex juiz",0,0,4,https://twitter.com/BohnGass/status/1640503661053788273
trago boas notícias #semanistia,@diasmelhoresbr,https://twitter.com/diasmelhoresbr/status/1640687117901737988,2023-03-28T12:07:46.000Z,"Precisamos pedir um ministro do Supremo com CONSCIÊNCIA SOCIAL. O resto é resto, deputado",0,0,1,https://twitter.com/BohnGass/status/1640503661053788273
Mirton teixeira,@TeixeiraMirton,https://twitter.com/TeixeiraMirton/status/1640504974667833346,2023-03-28T00:03:59.000Z,Além de se auto declarar impedido!!,0,0,1,https://twitter.com/BohnGass/status/1640503661053788273
Lúcia,@LuciaLeitao2021,https://twitter.com/LuciaLeitao2021/status/1640517544510468098,2023-03-28T00:53:56.000Z,"Sim, mas aplicaria a lei com o rigor (da lei) que lhe é próprio.",0,0,0,https://twitter.com/BohnGass/status/1640503661053788273
Fabrício Locatelli Trein,@TreinLocatelli,https://twitter.com/TreinLocatelli/status/1640574895326101504,2023-03-28T04:41:50.000Z,Quanta mentira vc consegue propalar em tão pouco espaço.,0,0,0,https://twitter.com/BohnGass/status/1640503661053788273
Na Transversal do Tempo Horror é política,@na_transversal,https://twitter.com/na_transversal/status/1640534105916833792,2023-03-28T01:59:45.000Z,provavelmente se declararia suspeito.,0,0,0,https://twitter.com/BohnGass/status/1640503661053788273
Carlos Roberto Moraes Magalhaes,@carlosmoraes21,https://twitter.com/carlosmoraes21/status/1640516757080162304,2023-03-28T00:50:48.000Z,"Pois e meu caro o mundo capotando bem na nossa frente!
Nenhum roteirista imaginaria!",0,0,0,https://twitter.com/BohnGass/status/1640503661053788273
jose neves,@elbarba2010,https://twitter.com/elbarba2010/status/1640575956984164353,2023-03-28T04:46:03.000Z,"Pena, mas Zanin estaria impedido para o julgamento por ter sido advogado do Lula perante a vara presidida então pelo moro.",0,0,0,https://twitter.com/BohnGass/status/1640503661053788273
Andressa,@AndressaPTche,https://twitter.com/AndressaPTche/status/1640526920537260035,2023-03-28T01:31:12.000Z,Um sonho 🙏🏼,0,0,2,https://twitter.com/BohnGass/status/1640503661053788273
carla gastal,@carlagastal,https://twitter.com/carlagastal/status/1640747722541072392,2023-03-28T16:08:35.000Z,primeiro pode declarar-se suspeito para julgar essa causa,0,0,0,https://twitter.com/BohnGass/status/1640503661053788273
Clovis R. Tonolli,@Clovis_Tonolli,https://twitter.com/Clovis_Tonolli/status/1640664682699669504,2023-03-28T10:38:37.000Z,Tudo fala bonita ditas por lobis em pele de cordeiro. Só engana gado tanso.,0,0,0,https://twitter.com/BohnGass/status/1640503661053788273
Eduardo Lacerda,@Eduardo33867333,https://twitter.com/Eduardo33867333/status/1640536140049522688,2023-03-28T02:07:50.000Z,"Nem pensar Zanin, seria uma burrice sem tamanho, teria pressão para a suspeição e o processo iria para sorteio correndo o risco de cair no colo de ministro lavajatistas ou bolsonarista, Lula tem a chance na mão de colocar está gangue na cadeia, Zanin que espere a outra vaga.",0,0,1,https://twitter.com/BohnGass/status/1640503661053788273
Fazuelyson,@casaforte44,https://twitter.com/casaforte44/status/1640505265953947649,2023-03-28T00:05:09.000Z,"Seria o maior erro do Lula na guerra contra Moro. Zanin será impedido e a ação seria sorteada. Poderia até cair nas mãos dos ministros bolsonaristas, que sentariam nessa ação até prescrever o crime.",0,0,1,https://twitter.com/BohnGass/status/1640503661053788273
Leon Liñares,@xenotar31,https://twitter.com/xenotar31/status/1640509959401095168,2023-03-28T00:23:48.000Z,O maior medo do Zanin é ele ter acesso integral aos 72T da Vaza Jato e descobrir quem mais participou da patifaria,0,1,0,https://twitter.com/BohnGass/status/1640503661053788273
Eliel Miranda Tavare,@Elimita10,https://twitter.com/Elimita10/status/1640701221915836417,2023-03-28T13:03:48.000Z,"""O Anistiado (ANS) não está contemplado para contratar empréstimo consignado com base no disposto no parágrafo 2º do artigo 1º do Decreto 8.690 de 11/03/2016"".  
Decreto que dificulta a vida dos Anistiados Políticos. Proibidos de fazer empréstimos consignados. 
Remova decreto já!",0,0,0,https://twitter.com/BohnGass/status/1640503661053788273
Cino Silva,@AlvesMercino,https://twitter.com/AlvesMercino/status/1640530804043399170,2023-03-28T01:46:37.000Z,"Ohh meus companheiros por favor me ajudem q seja só dessa vez por favor mais q nunca foi uma situação tão difícil e complicada p mim.q seja qualquer pouco quem puder me ajude. Muito obrigado perdão c9mpas por inconveniência! 
Pix 33991756922Cel.Obg.",0,0,0,https://twitter.com/BohnGass/status/1640503661053788273
