nome,usuario,idTweet,dataPublicacao,texto,replies,retweets,likes,tweetPai
Alex Manente,@AlexManente23,https://twitter.com/AlexManente23/status/1640399204747993088,2023-03-27T17:03:42.000Z,"Minha total solidariedade às vítimas e suas famílias, especialmente à família da professora Elisabeth Tenreiro, de 71 anos, que morreu tentando defender um aluno do agressor",0,0,4,https://twitter.com/AlexManente23/status/1640399202504130567
Nivaldo de Agustini,@NivaldoAgustini,https://twitter.com/NivaldoAgustini/status/1640667539993767937,2023-03-28T10:49:58.000Z,"É preciso que o Senado vote o projeto de redução da maioridade penal. Não resolve tudo, mas, já é alguma coisa, ou será preciso sofrer na carne para se tomar uma atitude. Essa demora em aprovações é pura falta de empatia, seguida de incompetência.",0,0,0,https://twitter.com/AlexManente23/status/1640399202504130567
Luisa Marques,@marquesluissa,https://twitter.com/marquesluissa/status/1653278183280586754,2023-05-02T06:00:09.000Z,"Deputado Alex contamos com você para aprovação da PL2630. Vote SIM para a provação da PL das Fake News. Contamos com você, chega de impunidade!
Se você votar contra leis mais duras na internet iremos lembrar e será teu último mandato! #PL2630SIM",0,0,0,https://twitter.com/AlexManente23/status/1640399202504130567
