nome,usuario,idTweet,dataPublicacao,texto,replies,retweets,likes,tweetPai
Formiguinha,@FormiguinhaDM,https://twitter.com/FormiguinhaDM/status/1641856515924426770,2023-03-31T17:34:32.000Z,O ministro que não entendi nada sobre economia está destruindo o Brasil muito rapidamente.,0,0,1,https://twitter.com/padilhando/status/1641498761783287808
PauloCosta_Oficial,@PauloCostaOfic2,https://twitter.com/PauloCostaOfic2/status/1641759423835119619,2023-03-31T11:08:43.000Z,"Plano de avestruz. É melhor enfiar a cabeça na terra. Aumento de tributos. Não falou nada de concreto. Tem absoluta repulsa pelo assunto. Afinal, não entende porra nenhuma de Economia. Vai colocar em sua equipe o Pimentel. Marido da mulher das quentinhas em Penitenciárias.",0,0,1,https://twitter.com/padilhando/status/1641498761783287808
PauloCosta_Oficial,@PauloCostaOfic2,https://twitter.com/PauloCostaOfic2/status/1641760289098985472,2023-03-31T11:12:10.000Z,"O que aconteceu em uma semana que possa ter cortado mais de R$ 50 bilhões de déficit sem que, entre o dia 22 e o dia 30, nada de mirabolante tenha se passado na economia?",0,0,0,https://twitter.com/padilhando/status/1641498761783287808
tales,@tales_muradas,https://twitter.com/tales_muradas/status/1641514952073568269,2023-03-30T18:57:17.000Z,Plano de voo de galinha né? limitando os investimentos e crescimento do país com teto de gastos,1,0,4,https://twitter.com/padilhando/status/1641498761783287808
Cadê o dinheiro que estava aqui?,@DennisonSiquei1,https://twitter.com/DennisonSiquei1/status/1641843791119122448,2023-03-31T16:43:58.000Z,Calabouço fiscal?,0,0,0,https://twitter.com/padilhando/status/1641498761783287808
Tininha Souza,@tininhasouzarj,https://twitter.com/tininhasouzarj/status/1641612755143622658,2023-03-31T01:25:55.000Z,Plano ?,1,1,2,https://twitter.com/padilhando/status/1641498761783287808
Elisa Gomes,@elisagomes1970,https://twitter.com/elisagomes1970/status/1641626763288616967,2023-03-31T02:21:34.000Z,"Será que ao colar nos 2 meses que cursou de economia, deu pra aprender pelo menos o que é  arcabouço fiscal??? Que pesadelo!😜😂",2,0,2,https://twitter.com/padilhando/status/1641498761783287808
#DIREITA SEMPRE.,@SoniaSa16368791,https://twitter.com/SoniaSa16368791/status/1641865993881280516,2023-03-31T18:12:11.000Z,"o mulista anunciou mais um esqueminha de roubo , comece a planta logo as abóboras antes que eles te roubem as sementes.",0,0,0,https://twitter.com/padilhando/status/1641498761783287808
Roni Delicoli,@DelicoliRoni,https://twitter.com/DelicoliRoni/status/1641833070050390018,2023-03-31T16:01:22.000Z,Até vcs sabem que não vai dar certo isso aí.,0,0,0,https://twitter.com/padilhando/status/1641498761783287808
LuRibeiro,@ribei85973477,https://twitter.com/ribei85973477/status/1641778271233638401,2023-03-31T12:23:37.000Z,TAXAHADAD.KKKK,0,0,0,https://twitter.com/padilhando/status/1641498761783287808
Renato,@RenatoDeNovo,https://twitter.com/RenatoDeNovo/status/1641835072746561536,2023-03-31T16:09:19.000Z,"Nunca se viu um ministério com tantos ineptos, para não falar dos que respondem a justiça.
Esse desgoverno não completa um ano!",0,0,0,https://twitter.com/padilhando/status/1641498761783287808
val Santos,@valSant84399785,https://twitter.com/valSant84399785/status/1641755675473633283,2023-03-31T10:53:50.000Z,É uma fábrica de mentiras mesmo.,0,0,0,https://twitter.com/padilhando/status/1641498761783287808
Najla Chamon,@ChamonNajla,https://twitter.com/ChamonNajla/status/1641834035008753664,2023-03-31T16:05:12.000Z,Já nasceu sem trem de pouso.,0,0,0,https://twitter.com/padilhando/status/1641498761783287808
ACMARTINSS,@acmartinss_1,https://twitter.com/acmartinss_1/status/1641500315450064896,2023-03-30T17:59:07.000Z,Só foi o homi botar o pé aqui e arcabouço apareceu.. kkkk,1,0,4,https://twitter.com/padilhando/status/1641498761783287808
Marcia Costa,@MarciaC50520655,https://twitter.com/MarciaC50520655/status/1641720735269019648,2023-03-31T08:34:59.000Z,Único voo será para Argentina,0,0,0,https://twitter.com/padilhando/status/1641498761783287808
"""O Exército é a pior estatal brasileira""",@Avillmac,https://twitter.com/Avillmac/status/1641787330167025664,2023-03-31T12:59:37.000Z,Já decolou..,0,0,0,https://twitter.com/padilhando/status/1641498761783287808
꧁☬ LIS ☬꧂,@LisLins22,https://twitter.com/LisLins22/status/1641859780858740736,2023-03-31T17:47:30.000Z,… e qual o plano??? Affff…. Bla bla bla bla 🤦🏼‍♀️,0,0,0,https://twitter.com/padilhando/status/1641498761783287808
Somdasaguas,@somdasaguas,https://twitter.com/somdasaguas/status/1641856913292812288,2023-03-31T17:36:07.000Z,Kkkkkkk voo?,0,0,0,https://twitter.com/padilhando/status/1641498761783287808
Antonio Figueiredo,@Figueiredo0960,https://twitter.com/Figueiredo0960/status/1641739287472349184,2023-03-31T09:48:42.000Z,Vôo de galinha ?,0,0,0,https://twitter.com/padilhando/status/1641498761783287808
dfugit,@dfugita,https://twitter.com/dfugita/status/1641831805052493832,2023-03-31T15:56:20.000Z,Plano de Voo de Galinha.,0,0,0,https://twitter.com/padilhando/status/1641498761783287808
22 Rosangela Bertelli,@robertelli23,https://twitter.com/robertelli23/status/1641576899775279112,2023-03-30T23:03:26.000Z,Kkkkkkkkkkkkkkkk desgoverno,0,0,0,https://twitter.com/padilhando/status/1641498761783287808
gleydsonamorim7,@gleydsonamorim7,https://twitter.com/gleydsonamorim7/status/1641582637461704704,2023-03-30T23:26:14.000Z,Nunca vi um ministro tão bu rro 😂😂,0,0,0,https://twitter.com/padilhando/status/1641498761783287808
Elson Santos,@ElsonSa78970603,https://twitter.com/ElsonSa78970603/status/1641774207351631873,2023-03-31T12:07:28.000Z,Esse é o voo Padilha ?,0,0,0,https://twitter.com/padilhando/status/1641498761783287808
Ander Bia,@anderbiamori,https://twitter.com/anderbiamori/status/1641582292438007809,2023-03-30T23:24:52.000Z,Brasil ladeira abaixo..esgoto vazando,0,0,0,https://twitter.com/padilhando/status/1641498761783287808
Ana Lima,@Analima_alef,https://twitter.com/Analima_alef/status/1641514240124043264,2023-03-30T18:54:27.000Z,"Gestor competente,d uma inteligência excepcional.
Incansável,aponta caminho p baixar a inflação.
Ele apresentou um arcabouço fiscal c diretrizes claras, transparentes, que suscitou elogios até d oposição. 
Mas o presidente  do BC, destruidor do Brasil, planeja dobrar a inflação.",5,0,0,https://twitter.com/padilhando/status/1641498761783287808
Adair Bognato,@ABognato,https://twitter.com/ABognato/status/1641850761993760768,2023-03-31T17:11:40.000Z,@padilhando,0,0,0,https://twitter.com/padilhando/status/1641498761783287808
Lyon Silva,@LoCarva36011170,https://twitter.com/LoCarva36011170/status/1641829754444587008,2023-03-31T15:48:11.000Z,Ministro patético,0,0,0,https://twitter.com/padilhando/status/1641498761783287808
Eliane Carvalho,@Eliane_Carv22,https://twitter.com/Eliane_Carv22/status/1641836002246262784,2023-03-31T16:13:01.000Z,🤣🤣🤣🤣🤣,0,0,0,https://twitter.com/padilhando/status/1641498761783287808
Futura Censurada,@Rachesherachata,https://twitter.com/Rachesherachata/status/1641859524695932928,2023-03-31T17:46:29.000Z,Quando eu vejo que isso é real … que esse cara está na pasta da economia. Pqp,0,0,0,https://twitter.com/padilhando/status/1641498761783287808
BaliBahia,@BaliBahia1,https://twitter.com/BaliBahia1/status/1641850766494138380,2023-03-31T17:11:41.000Z,De voo? É plano de pouso de marcha a ré! Incompetência que não acaba mais!,0,0,0,https://twitter.com/padilhando/status/1641498761783287808
André,@SilverAndre147,https://twitter.com/SilverAndre147/status/1641734753995960320,2023-03-31T09:30:41.000Z,Flopou é esse seu ministério de meia tigela,0,0,0,https://twitter.com/padilhando/status/1641498761783287808
Rony Locher,@rony_locher,https://twitter.com/rony_locher/status/1641738035900346369,2023-03-31T09:43:44.000Z,Vôo tem acento ortográfico senhor ministro!,0,0,1,https://twitter.com/padilhando/status/1641498761783287808
Rodrigo Silva,@birtto12,https://twitter.com/birtto12/status/1641843464093433861,2023-03-31T16:42:40.000Z,"Agente já sabe como vai ser ......inflação, desemprego e imposto",0,0,0,https://twitter.com/padilhando/status/1641498761783287808
Roberto Silva,@Roberto03830678,https://twitter.com/Roberto03830678/status/1641966484795604993,2023-04-01T00:51:30.000Z,Piada pronta?,0,0,0,https://twitter.com/padilhando/status/1641498761783287808
Erica Marques,@ericapnz,https://twitter.com/ericapnz/status/1641848664040538143,2023-03-31T17:03:20.000Z,Tá falando do power point de ontem?,0,0,0,https://twitter.com/padilhando/status/1641498761783287808
Cida Decas,@aafsco_decastro,https://twitter.com/aafsco_decastro/status/1641858711827144711,2023-03-31T17:43:15.000Z,Deus tenha misericórdia do povo brasileiro! Só Deus para salvar o Brasil.,0,0,0,https://twitter.com/padilhando/status/1641498761783287808
ANA PAULA BARTHOLOMEU FERNANDES,@paulabartho,https://twitter.com/paulabartho/status/1641953445446840320,2023-03-31T23:59:42.000Z,Vai flopar…..,0,0,0,https://twitter.com/padilhando/status/1641498761783287808
Maurício Francisco dos Santos,@Maurcio15337816,https://twitter.com/Maurcio15337816/status/1641851981705641999,2023-03-31T17:16:31.000Z,Voo de galinha… morta!,0,0,0,https://twitter.com/padilhando/status/1641498761783287808
Valdir Vani,@valdirmac,https://twitter.com/valdirmac/status/1641906103507099650,2023-03-31T20:51:34.000Z,"Kkkkkk senhor ""todes"", esse plano tá mais para ""porão no fundo do poço"" que arcabouço! Nem vcs acreditam nisso!",0,0,0,https://twitter.com/padilhando/status/1641498761783287808
Jose Luiz Rodrigues Sedrez,@luiz_sedrez,https://twitter.com/luiz_sedrez/status/1641849811635695617,2023-03-31T17:07:53.000Z,Uma coisa e o blá blá blá ou palavrinhas que tentam impressionar outra são os resultados e parece que até agora a economia está em direção ao precipício!,0,0,0,https://twitter.com/padilhando/status/1641498761783287808
Americo Gomes,@AmericoGomes16,https://twitter.com/AmericoGomes16/status/1641996314220150784,2023-04-01T02:50:02.000Z,So rindo.,0,0,0,https://twitter.com/padilhando/status/1641498761783287808
Adriano Esposito,@AdrianoEsposi10,https://twitter.com/AdrianoEsposi10/status/1642141627790553088,2023-04-01T12:27:28.000Z,😂😂😂😂,0,0,0,https://twitter.com/padilhando/status/1641498761783287808
Valdemir Lopes,@Valdemi43459959,https://twitter.com/Valdemi43459959/status/1641773826315788289,2023-03-31T12:05:57.000Z,"O plano que tem um piso, mas não tem teto... Licença para gastar!!!",0,0,0,https://twitter.com/padilhando/status/1641498761783287808
Jacomino Br,@JacominoBass,https://twitter.com/JacominoBass/status/1641556884241956864,2023-03-30T21:43:54.000Z,Estamos ferrados...,0,0,0,https://twitter.com/padilhando/status/1641498761783287808
Edilaine Dragone,@EdilaineDragone,https://twitter.com/EdilaineDragone/status/1641617991811969026,2023-03-31T01:46:43.000Z,"É... pelo jeito você estava ouvindo o "" CALABOUÇO FISCAL "" do Haddad  e não viu que o seu desejo não realizou . A chegada do Presidente ao Brasil foi um su ce sso e nem um décimo vi algo assim para o seu chefe desde a eleição, tenho assistido vaias .",0,0,0,https://twitter.com/padilhando/status/1641498761783287808
Leticia Albuquerque,@Leticiland61,https://twitter.com/Leticiland61/status/1641765335291371522,2023-03-31T11:32:13.000Z,Oi ?,0,0,0,https://twitter.com/padilhando/status/1641498761783287808
Anderson,@Anderso17787392,https://twitter.com/Anderso17787392/status/1641811623592558593,2023-03-31T14:36:09.000Z,Voo da galinha,0,0,0,https://twitter.com/padilhando/status/1641498761783287808
Jason G. Soares,@JasonGouveiaSo1,https://twitter.com/JasonGouveiaSo1/status/1641608854092890117,2023-03-31T01:10:25.000Z,Ladeira abaixo no desgoverno do ex presidiário.,0,0,0,https://twitter.com/padilhando/status/1641498761783287808
Edson Wag Lima,@edswaglima,https://twitter.com/edswaglima/status/1641733271837876225,2023-03-31T09:24:48.000Z,"Kkkkkkkkkkkkk
Kkkkkkkkkkkkk",0,0,0,https://twitter.com/padilhando/status/1641498761783287808
Farmer,@Farmer53234795,https://twitter.com/Farmer53234795/status/1641620466639962115,2023-03-31T01:56:33.000Z,Eu vi o “plano” . Faz o L e acaba mais o Brasil. Bando de irresponsáveis,0,0,0,https://twitter.com/padilhando/status/1641498761783287808
Götterdämmerung,@gottrdammerung,https://twitter.com/gottrdammerung/status/1641499302785605644,2023-03-30T17:55:06.000Z,Boring.,0,0,0,https://twitter.com/padilhando/status/1641498761783287808
Alex.Afr,@Afr7Afr,https://twitter.com/Afr7Afr/status/1642673172460838913,2023-04-02T23:39:38.000Z,Em uma palavra: Medo,0,0,0,https://twitter.com/padilhando/status/1641498761783287808
Marco Aurélio,@MarcoAu55763677,https://twitter.com/MarcoAu55763677/status/1641811191147249669,2023-03-31T14:34:26.000Z,Plano de voo se for da maneira que o nove dedos quer esse volta vai ser turbulento e terá uma queda imensa,0,0,0,https://twitter.com/padilhando/status/1641498761783287808
Marco Aurélio,@MarcoAu55763677,https://twitter.com/MarcoAu55763677/status/1641811929147531269,2023-03-31T14:37:21.000Z,Já deu pra ter uma ideia de como será esse voo,0,0,0,https://twitter.com/padilhando/status/1641498761783287808
Julio,@Julioc1980,https://twitter.com/Julioc1980/status/1641783952149995520,2023-03-31T12:46:11.000Z,"Rombo de 41 bilhoes em fevereiro.
Quanta incompetência desse Desgoverno hein?!?!?!",0,0,0,https://twitter.com/padilhando/status/1641498761783287808
Sergio Morais,@sergiomoraisadv,https://twitter.com/sergiomoraisadv/status/1641857362699903000,2023-03-31T17:37:54.000Z,Vc acha que  o PT consegue gastar menos que arrecada? Risível kkkk,0,0,0,https://twitter.com/padilhando/status/1641498761783287808
Eder,@EderMartinsb,https://twitter.com/EderMartinsb/status/1641605319221542914,2023-03-31T00:56:22.000Z,Plano de vôo só se for vôo de galinha,0,0,0,https://twitter.com/padilhando/status/1641498761783287808
Geraldo Sandoval,@ghsandovalwin,https://twitter.com/ghsandovalwin/status/1642173301182066688,2023-04-01T14:33:19.000Z,Pombo voa bem????😂😂😂😂😂,0,0,0,https://twitter.com/padilhando/status/1641498761783287808
joel wash,@wash_joel,https://twitter.com/wash_joel/status/1641829894517665793,2023-03-31T15:48:45.000Z,kkkkkkkkk,0,0,0,https://twitter.com/padilhando/status/1641498761783287808
JCM,@mendonca3157,https://twitter.com/mendonca3157/status/1641852404822835201,2023-03-31T17:18:12.000Z,É só um Zé Ruela.,0,0,0,https://twitter.com/padilhando/status/1641498761783287808
ASSOMBRADO.,@SURFTODODIA,https://twitter.com/SURFTODODIA/status/1641854988765765632,2023-03-31T17:28:28.000Z,Muito bem explicado o CALABOUÇO FISCAL prende o cidadão num emaranhado de impostos enquanto os petralhas ficam livres para torrar a grana.,0,0,0,https://twitter.com/padilhando/status/1641498761783287808
Svp.adri,@adri_svp,https://twitter.com/adri_svp/status/1641570245151186944,2023-03-30T22:37:00.000Z,Vixe! Estamos perdidos!,0,0,0,https://twitter.com/padilhando/status/1641498761783287808
Cesar Priori,@cepriori,https://twitter.com/cepriori/status/1641872529370300417,2023-03-31T18:38:10.000Z,Calabouço fiscal ?,0,0,0,https://twitter.com/padilhando/status/1641498761783287808
Cesar Priori,@cepriori,https://twitter.com/cepriori/status/1641874234640064529,2023-03-31T18:44:56.000Z,Queremos ver esse calabouço funcionando na pratica..☠️💸,0,0,0,https://twitter.com/padilhando/status/1641498761783287808
Luiz Alberto Marchioro,@LuizAlb45105852,https://twitter.com/LuizAlb45105852/status/1641623582110367745,2023-03-31T02:08:56.000Z,Plano de vôo...me poupe... cê tá Loko..,0,0,0,https://twitter.com/padilhando/status/1641498761783287808
QAS,@Francis00665428,https://twitter.com/Francis00665428/status/1641859271536041996,2023-03-31T17:45:29.000Z,Kkkkkkkkkkkkkkkk 😂😎,0,0,0,https://twitter.com/padilhando/status/1641498761783287808
"Rodrigo,",@RMR04041977,https://twitter.com/RMR04041977/status/1641652753381351424,2023-03-31T04:04:51.000Z,Voo de galinha ! Vai até ali e cai ...,0,0,0,https://twitter.com/padilhando/status/1641498761783287808
Vantuir,@Vantuir83868125,https://twitter.com/Vantuir83868125/status/1642476732501352448,2023-04-02T10:39:03.000Z,Estão surpreendendo !!! Estão sendo mais incompetentes do que o esperado. Brasil ladeira abaixo rapidamente...,0,0,0,https://twitter.com/padilhando/status/1641498761783287808
Claudio N,@Claudio72922032,https://twitter.com/Claudio72922032/status/1641848599892852745,2023-03-31T17:03:04.000Z,Que Ministro??? Isso aí é um poste,0,0,0,https://twitter.com/padilhando/status/1641498761783287808
Alex_Revoltado,@AllexSan6,https://twitter.com/AllexSan6/status/1641801193478406144,2023-03-31T13:54:42.000Z,O discurso do Haddad é para Leigos. Muito blá blá blá.  Muita enrolação. É explícito que o cara não sabe nada de economia. O mercado financeiro está apavorado com a falta de tato do Haddad com o mercado. Resultado: fuga de investidores e investimentos estrangeiro.💸💸💸💸💸💸💸🇧🇷,2,0,0,https://twitter.com/padilhando/status/1641498761783287808
Alex_Revoltado,@AllexSan6,https://twitter.com/AllexSan6/status/1642882533393068032,2023-04-03T13:31:33.000Z,Deus é Deus. 👍🏻🇧🇷🙏🏻,0,0,0,https://twitter.com/padilhando/status/1641498761783287808
Armando Moraes,@santosdebronex,https://twitter.com/santosdebronex/status/1641859557499580416,2023-03-31T17:46:37.000Z,Também vou usar: o arcabouço😃flopou!,0,0,0,https://twitter.com/padilhando/status/1641498761783287808
Ustra,@Ustra16,https://twitter.com/Ustra16/status/1641511514690539520,2023-03-30T18:43:37.000Z,Idiota,0,0,4,https://twitter.com/padilhando/status/1641498761783287808
Emilio,@Emilio82632629,https://twitter.com/Emilio82632629/status/1641851977452617739,2023-03-31T17:16:30.000Z,Aumentar imposto não é plano de governo.,0,0,0,https://twitter.com/padilhando/status/1641498761783287808
ronaldo de macedo,@ronaldodemaced8,https://twitter.com/ronaldodemaced8/status/1641880852643696650,2023-03-31T19:11:14.000Z,"É um avacalho e deboche com a coisa mais séria na economia. Só pode gastar o que tem. Se não tem vai pedir ao Banco e ele mete a mão no juros. Assim funciona o banqueiro, quanto pior as contas mais ele vai lucrar nos empréstimos. Banqueiro não gosta de gente, gosta de dinheiro.",0,0,0,https://twitter.com/padilhando/status/1641498761783287808
Wanderson,@Wandersonlog82,https://twitter.com/Wandersonlog82/status/1641847095207264292,2023-03-31T16:57:06.000Z,MINHA ABÓBORA MINHA VIDA,0,0,0,https://twitter.com/padilhando/status/1641498761783287808
ROSENY J.,@RosenyJulio,https://twitter.com/RosenyJulio/status/1641830634053091328,2023-03-31T15:51:41.000Z,"Só me interessa da onde ele vai tirar tanto dinheiro, ou será que os impostos vão para as alturas? Esse ""calabouço fiscal"", não tem a origem de onde vai surgir tanto dinheiro.
Que saudades do Dr. Paulo Guedes, esse sim, entende de economia.",1,0,2,https://twitter.com/padilhando/status/1641498761783287808
Oriadne,@Oriadne2,https://twitter.com/Oriadne2/status/1641862596918738945,2023-03-31T17:58:42.000Z,"A palavra arcabouço pode significar esqueleto e de esqueleto no armário o PT entende, estamos salvos.😐",0,0,0,https://twitter.com/padilhando/status/1641498761783287808
Cidinha Silva,@CidinhaSilvah,https://twitter.com/CidinhaSilvah/status/1641518855276077067,2023-03-30T19:12:47.000Z,😂😂😂😂😂😂😂😂😂🤡🤡🤡🤡🤡,0,0,4,https://twitter.com/padilhando/status/1641498761783287808
Margareth Braz,@MargoGimper,https://twitter.com/MargoGimper/status/1641500010247254021,2023-03-30T17:57:54.000Z,Esses ministros não sabem nem o que estão falando 🗣️ kkk,0,0,8,https://twitter.com/padilhando/status/1641498761783287808
Meg Silva,@MaidenSilva,https://twitter.com/MaidenSilva/status/1641615991867097090,2023-03-31T01:38:46.000Z,Flopou??? A inveja é uma dor constante no PT!!,1,0,0,https://twitter.com/padilhando/status/1641498761783287808
Green Star,@SuzanaChaib,https://twitter.com/SuzanaChaib/status/1641848815765291011,2023-03-31T17:03:56.000Z,Calabouço fiscal sem limite para gastança e aumento de tributação. É sério isso? Os juros nunca irão abaixar e a inflação vai comer solta,1,0,1,https://twitter.com/padilhando/status/1641498761783287808
Rubens Amarante Filho Amarante,@Amarante27,https://twitter.com/Amarante27/status/1641863636728594432,2023-03-31T18:02:50.000Z,Putz!!! Que falta que faz o Paulo Guedes!!!!,0,0,0,https://twitter.com/padilhando/status/1641498761783287808
Tania Deschamps,@TaniaDeschampsC,https://twitter.com/TaniaDeschampsC/status/1641887096217522182,2023-03-31T19:36:03.000Z,A organização é só se preparar para aumentar tudo...desgoverno dos infernos.,0,0,0,https://twitter.com/padilhando/status/1641498761783287808
Junior Ignacio,@PatriotaSampa,https://twitter.com/PatriotaSampa/status/1641549231780421634,2023-03-30T21:13:30.000Z,ha ha ha ha ha ha ha ha ha ha ha ha ha ha ha ha ha ha ha ha ha ha ha ha ha ha ha ha ha ha ha ha ha ha ha ha ha ha... falacioso!,1,0,13,https://twitter.com/padilhando/status/1641498761783287808
Junior Ignacio,@PatriotaSampa,https://twitter.com/PatriotaSampa/status/1641822098023694336,2023-03-31T15:17:46.000Z,FALSTRÕES...,1,0,4,https://twitter.com/padilhando/status/1641498761783287808
Jonatas Morais,@Jonatas17956118,https://twitter.com/Jonatas17956118/status/1641531554806505486,2023-03-30T20:03:15.000Z,"DESGOVERNO DILMO3 SEGUE DESGOVERNADO pica-nha voadora
Pica-nha abóbora 🎃🤣🤣🤣🤣🤣",1,3,18,https://twitter.com/padilhando/status/1641498761783287808
PauloCosta_Oficial,@PauloCostaOfic2,https://twitter.com/PauloCostaOfic2/status/1641761084557127680,2023-03-31T11:15:19.000Z,"Se o Governo pretende melhorar razoavelmente o resultado primário; o gasto, clara e assumidamente, vai aumentar, a única explicação possível para fechar a conta é ter um aumento significativo da receita. 
E isto somente se faz com aumento de tributos.
Fazuelli",0,0,0,https://twitter.com/padilhando/status/1641498761783287808
PauloCosta_Oficial,@PauloCostaOfic2,https://twitter.com/PauloCostaOfic2/status/1641761736511348737,2023-03-31T11:17:55.000Z,"O Governo tem que mostrar os números para ser convincente. No dia 30, não mostrou. Esperamos que, ao apresentar a LDO, o faça.
Do contrário é mais uma mentira contada, das milhões que já foram contadas pelo ex presidiário.",0,0,1,https://twitter.com/padilhando/status/1641498761783287808
Birrento,@Opressorbirrent,https://twitter.com/Opressorbirrent/status/1641775369345810435,2023-03-31T12:12:05.000Z,O Brasil quer saber!,0,0,0,https://twitter.com/padilhando/status/1641498761783287808
LionThundera22,@LionThundera22,https://twitter.com/LionThundera22/status/1641946572215791617,2023-03-31T23:32:23.000Z,"Calabouço Fiscal ou Arapuca Fiscal
Tu escolhe picanheiro de Abóbora",0,0,0,https://twitter.com/padilhando/status/1641498761783287808
Marco Minafra,@MarcoMinafra,https://twitter.com/MarcoMinafra/status/1649402938551422978,2023-04-21T13:21:19.000Z,"Isso Alexandre Quadrilha... Isso deveria estar pronto antes da posse... Quando a carreta furacão iniciou sua jornada pra acabar com o Brasil .. 4 meses e esse ""arcacomseubolso"" nem pronto está.... Faz o L. . kkkkk",0,0,0,https://twitter.com/padilhando/status/1641498761783287808
Sergion,@SergioFona,https://twitter.com/SergioFona/status/1641509578964623377,2023-03-30T18:35:56.000Z,Chora aí kkkkkkk,0,1,3,https://twitter.com/padilhando/status/1641498761783287808
@kevinmamarme5,@kevinmamarme5,https://twitter.com/kevinmamarme5/status/1641577235936161792,2023-03-30T23:04:46.000Z,100 dias pra vir com essa,0,0,1,https://twitter.com/padilhando/status/1641498761783287808
Márcia,@marciapira,https://twitter.com/marciapira/status/1641554847789903880,2023-03-30T21:35:48.000Z,O q flopou foi esse desgoverno do PT. Aeroporto de Brasília estava lotado esperando o Mito! Chora mais Padilha! Plantaram Lula e vão colher Xuxu! 😂😂😂😂😂😂,0,0,2,https://twitter.com/padilhando/status/1641498761783287808
Marcia,@Marcia_Ctno,https://twitter.com/Marcia_Ctno/status/1641565082772467715,2023-03-30T22:16:29.000Z,"pobre Brasil, rumo ao precipício. Volta Paulo Guedes!!!!",0,0,1,https://twitter.com/padilhando/status/1641498761783287808
Sandro Santos,@SStorion,https://twitter.com/SStorion/status/1643992953738899456,2023-04-06T15:03:58.000Z,"PT é desumano, coitado desse senhor!",0,0,0,https://twitter.com/padilhando/status/1641498761783287808
Marco Sfair,@SfairMarco,https://twitter.com/SfairMarco/status/1641556597485850624,2023-03-30T21:42:46.000Z,Até abril de que ano?,0,0,1,https://twitter.com/padilhando/status/1641498761783287808
Pedro Forell,@ForellPedro,https://twitter.com/ForellPedro/status/1641841918806982662,2023-03-31T16:36:32.000Z,"Voo econômico? Voando rumo ao chão, bando de incompetente.",0,0,0,https://twitter.com/padilhando/status/1641498761783287808
Liberdade,@MauroAlvesZL,https://twitter.com/MauroAlvesZL/status/1641857377359020032,2023-03-31T17:37:57.000Z,"Kkkkk, dói vagabundos , essa ameba nunca trabalhou na vida, nunca estudou",0,0,0,https://twitter.com/padilhando/status/1641498761783287808
Cleverton Souza,@Clevert46042645,https://twitter.com/Clevert46042645/status/1641842599219671040,2023-03-31T16:39:14.000Z,"O RECADO É, VAMOS CRIAR MAIS IMPOSTOS, SÓ NÃO VAMOS FALAR ONDE, POR ENQUANTO...
VAMOS CONTINUAR AUMENTANDO AS DESPESAS,POIS NÃO SABEMOS COMO REDUZILAS...

E CLARO QUE A POPULAÇÃO, PAGARÁ A CONTA",0,0,0,https://twitter.com/padilhando/status/1641498761783287808
kote_Brasil,@Kote_Brasil,https://twitter.com/Kote_Brasil/status/1641840005214621696,2023-03-31T16:28:55.000Z,plano de voo de GALINHA...,0,0,0,https://twitter.com/padilhando/status/1641498761783287808
PAÍS DOS PETRALHAS,@PPetralhas,https://twitter.com/PPetralhas/status/1641570377070460928,2023-03-30T22:37:31.000Z,Foto oficial após reunião.....,0,0,0,https://twitter.com/padilhando/status/1641498761783287808
Evandro Boff,@evandro_boff,https://twitter.com/evandro_boff/status/1641582136791650304,2023-03-30T23:24:15.000Z,Carreta furacão vai ter que rebolar muito pra ver aprovado no Congresso. Vão virar tchutchuca do Centrão,0,0,0,https://twitter.com/padilhando/status/1641498761783287808
Brasileirinho,@TERRASANTA51,https://twitter.com/TERRASANTA51/status/1641850983822000136,2023-03-31T17:12:33.000Z,KkKk,0,0,0,https://twitter.com/padilhando/status/1641498761783287808
Brasileirinho,@TERRASANTA51,https://twitter.com/TERRASANTA51/status/1641851925367750664,2023-03-31T17:16:17.000Z,"Padilha, se fopow... flopou...",0,0,0,https://twitter.com/padilhando/status/1641498761783287808
Fabio Gongora,@Fabio_Gongora,https://twitter.com/Fabio_Gongora/status/1641850778456293404,2023-03-31T17:11:44.000Z,Desastre anunciado...,0,0,0,https://twitter.com/padilhando/status/1641498761783287808
Fabiano Brasil,@FabianoDoCarm15,https://twitter.com/FabianoDoCarm15/status/1642323852192628736,2023-04-02T00:31:33.000Z,#CalabouçoDoPT,0,0,0,https://twitter.com/padilhando/status/1641498761783287808
Elio Freitas Magnus,@ElioMagnus,https://twitter.com/ElioMagnus/status/1641842815364628492,2023-03-31T16:40:05.000Z,Plano de voo de galinha. ontem a bolsa subiu mas hoje está despencando.,0,0,0,https://twitter.com/padilhando/status/1641498761783287808
Joao Volmir,@Midodjsom,https://twitter.com/Midodjsom/status/1641859864702902284,2023-03-31T17:47:50.000Z,Com todo respeito 👇,0,0,0,https://twitter.com/padilhando/status/1641498761783287808
Ana Paula Mecucci ze,@AnaMecucci,https://twitter.com/AnaMecucci/status/1641833595059724289,2023-03-31T16:03:27.000Z,Desgoverno comunista nefasto.,0,0,0,https://twitter.com/padilhando/status/1641498761783287808
Lucio Gomes,@luciohlgomes,https://twitter.com/luciohlgomes/status/1641810790712999937,2023-03-31T14:32:50.000Z,Plano de voo? PQP!,0,0,0,https://twitter.com/padilhando/status/1641498761783287808
Valter Orioli,@OrioliValt17572,https://twitter.com/OrioliValt17572/status/1641804839423295490,2023-03-31T14:09:11.000Z,"Ó coitado,
Nem ele acredita",0,0,0,https://twitter.com/padilhando/status/1641498761783287808
Klaus,@klausmartins123,https://twitter.com/klausmartins123/status/1641754753146187776,2023-03-31T10:50:10.000Z,"em resumo aumento de gasto, inflação a e quebra do país pelo PT!
Não vimos nada em corte de despesa e corte de cargos!#ForaPT #foralula #foraEsquerda",0,0,0,https://twitter.com/padilhando/status/1641498761783287808
Luiselianemiani,@luiselianemiani,https://twitter.com/luiselianemiani/status/1641583709966024704,2023-03-30T23:30:30.000Z,"Tendo boa vontade, conseguimos chamar de vôo de galinha.😉",0,0,0,https://twitter.com/padilhando/status/1641498761783287808
elis criminalização do comunismo já,@elisteresinha,https://twitter.com/elisteresinha/status/1641635116710608898,2023-03-31T02:54:46.000Z,impostos empobrece a classe média o lula e a esquerda odeia a classe média  impostos é empobrecimentos todos na merda  comida mais cara remedio mais caro passagem de onibos mais caro gás mais caro agua luz tudo mais caro,0,0,0,https://twitter.com/padilhando/status/1641498761783287808
Beatriz,@beatrizfonte5,https://twitter.com/beatrizfonte5/status/1641745792992960516,2023-03-31T10:14:33.000Z,#FORALULA B@NDIDO CRIMINOSO,0,0,0,https://twitter.com/padilhando/status/1641498761783287808
~ADRIANA~,@AdrianaMaMoSi,https://twitter.com/AdrianaMaMoSi/status/1641772236213219328,2023-03-31T11:59:38.000Z,"Vai dar certo sim, ‘podi crê’ !",0,0,0,https://twitter.com/padilhando/status/1641498761783287808
Ido Ribeiro,@ribeiro_ido,https://twitter.com/ribeiro_ido/status/1641787740814467076,2023-03-31T13:01:15.000Z,"QUERIDO MINISTRO LADRÃO, JÁ DEVOLVEU OS 3 MILHÃO!?

Poema fofinho pro senhor",0,0,0,https://twitter.com/padilhando/status/1641498761783287808
Raymundo Rolim,@FoyerCompositor,https://twitter.com/FoyerCompositor/status/1641858533749579777,2023-03-31T17:42:33.000Z,"CALABOUÇO FISCAL!
O país preso ao passado que não deu certo.",0,0,0,https://twitter.com/padilhando/status/1641498761783287808
L C M,@LCM38424172,https://twitter.com/LCM38424172/status/1641857108424491008,2023-03-31T17:36:53.000Z,QUADRILHEIRO PETRALHA.,0,0,0,https://twitter.com/padilhando/status/1641498761783287808
Carolina Kalu,@kalu_carolina,https://twitter.com/kalu_carolina/status/1641856436270399491,2023-03-31T17:34:13.000Z,Vcs vão Acabar c Esse País...Brasil em Queda Livre no Precipício!,0,0,0,https://twitter.com/padilhando/status/1641498761783287808
José Carlos,@JoseB2022,https://twitter.com/JoseB2022/status/1641855462831161348,2023-03-31T17:30:21.000Z,"CALABOUÇO FISCAL.
VAI FALTAR LUGAR PARA ESSA GENTE ...",0,0,0,https://twitter.com/padilhando/status/1641498761783287808
Selmo Bergamin,@selmobergamin,https://twitter.com/selmobergamin/status/1641858321836564484,2023-03-31T17:41:42.000Z,Plano de vôo dele é enfiar a economia na lama!!!,0,0,0,https://twitter.com/padilhando/status/1641498761783287808
Renato D'Arienzo,@AlvesArienzo,https://twitter.com/AlvesArienzo/status/1641842229529411591,2023-03-31T16:37:46.000Z,"""Plano de Voo"" do PT e seus esquerdopatas:

- Vou gastar mais, só ñ sei de onde nem qnto.
- Você mais pagar mais sempre q possível.
- Roubamos e iremos Roubar nas mais diversas instituições.
- Seu direito é zero, a não ser de pagar impostos.
- Somos tds bandidos.

Mãos pro alto!",0,0,1,https://twitter.com/padilhando/status/1641498761783287808
Gilberto Baeta,@GilbertoBaeta,https://twitter.com/GilbertoBaeta/status/1641863178425360386,2023-03-31T18:01:00.000Z,"Plano de vôo de galinha, bate asas e não sai do lugar. 

O governo na piada pronta, todos sabiam que seria ISSO. Este governo não evolui e ainda está no ano de 2002.

E o pior, acha que todo mundo é idiota.",0,0,0,https://twitter.com/padilhando/status/1641498761783287808
Ryk Carvalho,@RickChaz,https://twitter.com/RickChaz/status/1641866004786470923,2023-03-31T18:12:14.000Z,Plano de voo do desgoverno atual hahahahahahahahahahahaha,0,0,0,https://twitter.com/padilhando/status/1641498761783287808
Brasileira,@MONICANUNESDAS6,https://twitter.com/MONICANUNESDAS6/status/1641863559310200834,2023-03-31T18:02:31.000Z,"Plano do desGoverno.
4,3,2,1
Bum..

Adeus Brasil!",0,0,0,https://twitter.com/padilhando/status/1641498761783287808
Storm,@Stormbras,https://twitter.com/Stormbras/status/1641508696906776576,2023-03-30T18:32:25.000Z,"Só mane caiu #, péssimo o arcabouço",0,0,1,https://twitter.com/padilhando/status/1641498761783287808
Luiz Alves dos Santos Junior,@LuizAlv84892025,https://twitter.com/LuizAlv84892025/status/1641605333050114048,2023-03-31T00:56:25.000Z,PARABÉNS!! QUE ROMBO... BOLSONARO SALVE O BRASIL!!,0,0,0,https://twitter.com/padilhando/status/1641498761783287808
Giovanni,@giovanni150,https://twitter.com/giovanni150/status/1641742487424229376,2023-03-31T10:01:25.000Z,"Se o governo provesse uma boa EDUCAÇÃO, SAUDE , SEGURANÇA, talvez nao precisássemos contratar um PLANO DE SAUDE, ESCOLA PARTICULAR E PAGAR SEGUROS DE TUDO QUANTO É ESPECIE...simples..fica mais facil pagar imposto",0,0,0,https://twitter.com/padilhando/status/1641498761783287808
Pereira,@PereiraDSillva,https://twitter.com/PereiraDSillva/status/1641774968877854721,2023-03-31T12:10:29.000Z,"Se nem esse imbecil acredita naquilo que ele mesmo fala, quem irá acreditar???#LulaDestruindoOBrasil",0,0,0,https://twitter.com/padilhando/status/1641498761783287808
Ronaldo Santos de sousa,@Ronaldo28347199,https://twitter.com/Ronaldo28347199/status/1641580378828730368,2023-03-30T23:17:16.000Z,Bolsonaro salvando o país de novo,0,0,0,https://twitter.com/padilhando/status/1641498761783287808
Armando Guerra dos Santos,@ALEXAND78312582,https://twitter.com/ALEXAND78312582/status/1641636892029378564,2023-03-31T03:01:49.000Z,Esse plano é um voo de galinha!😂😂,0,0,0,https://twitter.com/padilhando/status/1641498761783287808
Rosangela Rodrigues jorge,@Rosange04975506,https://twitter.com/Rosange04975506/status/1641731798815191041,2023-03-31T09:18:57.000Z,Chooooooolaaaaaas cnlh,0,0,0,https://twitter.com/padilhando/status/1641498761783287808
Rolando Lero da Depressão,@Rolando39983921,https://twitter.com/Rolando39983921/status/1641847422778212370,2023-03-31T16:58:24.000Z,Arcapoço fiscal do Haddad.,0,0,0,https://twitter.com/padilhando/status/1641498761783287808
Daniel Ferreira,@dmferreira1984,https://twitter.com/dmferreira1984/status/1641856495519137810,2023-03-31T17:34:27.000Z,O plano que quer excluir as pedaladas fiscais 🤔🤔🤔🤔🤔,0,0,0,https://twitter.com/padilhando/status/1641498761783287808
Monica Pinheiro da Silva,@MonicaP72178950,https://twitter.com/MonicaP72178950/status/1641534884991606825,2023-03-30T20:16:29.000Z,"Menos blá-blá-blá e mais ação. Anota aí, GASTANÇAS irresponsáveis não podem continuar.",0,0,2,https://twitter.com/padilhando/status/1641498761783287808
Simone,@Simone6719,https://twitter.com/Simone6719/status/1641582640674250757,2023-03-30T23:26:15.000Z,https://twitter.com/reneconservador/status/1641538994394611717?t=m3ACgQROIU6f7P0iSpo4vA&s=19…Toma a sua vergonha aqui🤣🤣🤣🤣🤣,0,0,1,https://twitter.com/padilhando/status/1641498761783287808
Paulo Jr,@i9serv,https://twitter.com/i9serv/status/1641523464023449613,2023-03-30T19:31:06.000Z,Haddad explicando economia é a msm coisa que a Dilma falando mandarim,0,0,1,https://twitter.com/padilhando/status/1641498761783287808
Bruno Alves,@BrunoAl94241159,https://twitter.com/BrunoAl94241159/status/1641500240267075596,2023-03-30T17:58:49.000Z,Isso ai é burro pra cacete kkkk,0,0,2,https://twitter.com/padilhando/status/1641498761783287808
Protetora,@SNemeth_,https://twitter.com/SNemeth_/status/1641531493989097486,2023-03-30T20:03:01.000Z,MEUUUU DEUSSSS CADEEEEEE NOSSOOOO PAULOOOOOO GUEDESSSSSSS PRA EXPLICAR COM VERDADES IQUE ESTÁ ACONTECENDO COM NOSSA CASA.,0,0,4,https://twitter.com/padilhando/status/1641498761783287808
herbert barbosa,@herbertbarbosa,https://twitter.com/herbertbarbosa/status/1641559969500745731,2023-03-30T21:56:10.000Z,Esse plano já nasceu flopado...kkkk#FAZoL,0,0,1,https://twitter.com/padilhando/status/1641498761783287808
Fernando,@fpossa1,https://twitter.com/fpossa1/status/1641614017603985410,2023-03-31T01:30:56.000Z,CALABOUÇO FISCAL,0,0,0,https://twitter.com/padilhando/status/1641498761783287808
M.A,@malexgi7,https://twitter.com/malexgi7/status/1641839642273103873,2023-03-31T16:27:29.000Z,Vamos para o inferno com estes l4dr03s,0,0,0,https://twitter.com/padilhando/status/1641498761783287808
favoritams favoritams,@FFavoritoDF,https://twitter.com/FFavoritoDF/status/1641834554427158529,2023-03-31T16:07:16.000Z,Simplesmente um rombo no país junto ao desestímulo populacional.. desgoverno negacionista fascistas terraplanistas Lulistas,0,0,0,https://twitter.com/padilhando/status/1641498761783287808
Familia Alves,@RasRelton,https://twitter.com/RasRelton/status/1641607714634620928,2023-03-31T01:05:53.000Z,Resumo : Temos plano de voo ✈️ só não temos piloto 🤣🤣🤣,0,0,0,https://twitter.com/padilhando/status/1641498761783287808
Luiz Fernando Novaes,@LuizFNovaes,https://twitter.com/LuizFNovaes/status/1641571705444286465,2023-03-30T22:42:48.000Z,"Mayday, mayday",0,0,0,https://twitter.com/padilhando/status/1641498761783287808
Maris,@MarisaA75774184,https://twitter.com/MarisaA75774184/status/1641782283978801152,2023-03-31T12:39:33.000Z,Vocês são patéticos. Acham que enganam quem?,0,0,0,https://twitter.com/padilhando/status/1641498761783287808
Janaina,@Janaina18592677,https://twitter.com/Janaina18592677/status/1641747247221047297,2023-03-31T10:20:20.000Z,Calabouço fiscal p o povo!,0,0,0,https://twitter.com/padilhando/status/1641498761783287808
#CriminalizaçãoDoComunismo FORA LULA,@JLBIASE,https://twitter.com/JLBIASE/status/1641797670606962689,2023-03-31T13:40:42.000Z,O voo nem decolou e já caiu.,0,0,0,https://twitter.com/padilhando/status/1641498761783287808
Andréa JMB,@AMorelatti,https://twitter.com/AMorelatti/status/1641604327893499904,2023-03-31T00:52:25.000Z,"Jesus,  nem ele sabe o que fala.  INCOMPETENTE",0,0,0,https://twitter.com/padilhando/status/1641498761783287808
