nome,usuario,idTweet,dataPublicacao,texto,replies,retweets,likes,tweetPai
junior Soluz,@carqueijajr,https://twitter.com/carqueijajr/status/1641104409219280896,2023-03-29T15:45:56.000Z,"Joinville-SC  3° lugar
Salvador BA   47°
Minha querida Itabuna BA nem aparece",0,0,0,https://twitter.com/adriventurasp/status/1641076162125352961
Tom Ribeiro,@TomRibeiro18,https://twitter.com/TomRibeiro18/status/1641106775729635328,2023-03-29T15:55:20.000Z,"São Paulo, donde partiram os bandeirantes que expandiram o nosso território. Desde sempre São Paulo é o lugar onde as coisas primeiro acontecem!",0,0,0,https://twitter.com/adriventurasp/status/1641076162125352961
Luiz,@luizchatao,https://twitter.com/luizchatao/status/1641078066016317443,2023-03-29T14:01:15.000Z,"Bom dia deputada,  qual calendário de votações essa semana na @camaradeputados ? Ou @ArthurLira_ não vai trabalhar pra variar?",0,0,0,https://twitter.com/adriventurasp/status/1641076162125352961
