nome,usuario,idTweet,dataPublicacao,texto,replies,retweets,likes,tweetPai
BethK,@BethK32279062,https://twitter.com/BethK32279062/status/1641855244060459043,2023-03-31T17:29:29.000Z,Deve estar com o RECEPTADOR,0,0,0,https://twitter.com/AlencarBraga13/status/1641533666277859350
OLHO DE MÁGICO,@OlhodeMagico,https://twitter.com/OlhodeMagico/status/1641868196297728035,2023-03-31T18:20:57.000Z,"Deputado, até agora ninguém foi preso.
O que aconteceu com esses contrabandistas, porque os produtos que vem do exterior e entra ilegalmente no Brasil, é chamado pela receita federal de contrabando, pois bem, se acontecesse com 1 q não tem costa quente, sairia do aeroporto preso.",0,0,0,https://twitter.com/AlencarBraga13/status/1641533666277859350
Jeone ribeiro,@Jeonerc,https://twitter.com/Jeonerc/status/1641927796166479872,2023-03-31T22:17:46.000Z,Comedinho da volta de Bolsonaro.,0,0,0,https://twitter.com/AlencarBraga13/status/1641533666277859350
Peter Oposição 22,@PetersonMendon5,https://twitter.com/PetersonMendon5/status/1641836714963476481,2023-03-31T16:15:51.000Z,Chora pnc kkk,0,0,0,https://twitter.com/AlencarBraga13/status/1641533666277859350
Dayse,@Dayse62300316,https://twitter.com/Dayse62300316/status/1641538269589454848,2023-03-30T20:29:56.000Z,Boa...👏👏👏👏,0,0,0,https://twitter.com/AlencarBraga13/status/1641533666277859350
Policarpo patriota 22,@PolicarpoCosta2,https://twitter.com/PolicarpoCosta2/status/1641876538592223247,2023-03-31T18:54:06.000Z,O desastre tá só  começando,0,0,0,https://twitter.com/AlencarBraga13/status/1641533666277859350
Iara Pag,@IaraPaganelli,https://twitter.com/IaraPaganelli/status/1641926434934407168,2023-03-31T22:12:22.000Z,E o seu político condenado devolveu tudo que roubou dos brasileiros??? Olhem o rabo antes de falar asneiras.,0,0,0,https://twitter.com/AlencarBraga13/status/1641533666277859350
Davi Bernardo,@davibernardo84,https://twitter.com/davibernardo84/status/1641845131748704274,2023-03-31T16:49:18.000Z,Faz o L 🤡🤣🤣🤣,0,0,0,https://twitter.com/AlencarBraga13/status/1641533666277859350
Davi Bernardo,@davibernardo84,https://twitter.com/davibernardo84/status/1641845186685997056,2023-03-31T16:49:31.000Z,Faz o L 🤡🤣🤣,0,0,0,https://twitter.com/AlencarBraga13/status/1641533666277859350
Marisa victorio da silva,@victorio_marisa,https://twitter.com/victorio_marisa/status/1641537180777455638,2023-03-30T20:25:36.000Z,"#oFujãoVoltou  TudoJoia? Trouxe mais joias? 🎁🎁🎁✔️ Alguém tinha que fazer essa pergunta e decidi fazer da tribuna da Câmara... afinal, o fujão trouxe mais joias surrupiadas do povo brasileiro na bagagem dos Estados Unidos?",0,0,0,https://twitter.com/AlencarBraga13/status/1641533666277859350
