nome,usuario,idTweet,dataPublicacao,texto,replies,retweets,likes,tweetPai
Brasil Livre,@BrasilLivre20,https://twitter.com/BrasilLivre20/status/1641423511641022464,2023-03-30T12:53:56.000Z,"Bom dia!
Fiz o L",0,0,0,https://twitter.com/AlencarBraga13/status/1641422712529715201
Erivelto,@eriveltonroch11,https://twitter.com/eriveltonroch11/status/1641883653348237314,2023-03-31T19:22:22.000Z,"Destruir para o PT é evolução, kkkkkkkkkkkkkkkk",0,0,0,https://twitter.com/AlencarBraga13/status/1641422712529715201
BLOG DO SERVIÇO POSTAL,@tecnicopostal,https://twitter.com/tecnicopostal/status/1641469159287521281,2023-03-30T15:55:19.000Z,A previdência,0,0,0,https://twitter.com/AlencarBraga13/status/1641422712529715201
odilabueno,@odilabueno1,https://twitter.com/odilabueno1/status/1641451330693926917,2023-03-30T14:44:28.000Z,Lava a boca pra falar do Bolsonaro seu pilantra. Joias? Todas catalogadas e registradas burrão. Mas explica aí o monte d obras d arte q o seu ladrão d estimação roubou qdo saiu da presidência. Vcs mentem e ñ prestam.,0,0,0,https://twitter.com/AlencarBraga13/status/1641422712529715201
Nilson Ramos,@NilsonR23834882,https://twitter.com/NilsonR23834882/status/1641558881414381570,2023-03-30T21:51:50.000Z,"Nem todo mundo nesse país é mau caráter e ou ignorante excelentíssimo.
O Ladrão está derretendo, logo mais os parasitas que o circundam vam largar ele.",0,0,0,https://twitter.com/AlencarBraga13/status/1641422712529715201
Paulo Roberto Moraes,@PauloRo76099020,https://twitter.com/PauloRo76099020/status/1641770461879992321,2023-03-31T11:52:35.000Z,"Arcabouço fiscal de Haddad é mais uma mentira do PT. Diz que vai colocar mais sonegadores para dentro do sistema. Quando comprovada a enganação, a dívida estará ainda maior. Aumento de impostos para pagar despesas sem freios vem por aí!",0,0,0,https://twitter.com/AlencarBraga13/status/1641422712529715201
Marisa victorio da silva,@victorio_marisa,https://twitter.com/victorio_marisa/status/1641437430401073153,2023-03-30T13:49:14.000Z,"😀E o país está retornando o protagonismo na política mundial 😀✔️O presidente @LulaOficial está reconstruindo tudo aquilo que Bolsonaro destruiu.
Voltaram os programas sociais, investimento na cultura, educação e saúde. E o país está retornando o protagonismo na política +",0,0,0,https://twitter.com/AlencarBraga13/status/1641422712529715201
Marisa victorio da silva,@victorio_marisa,https://twitter.com/victorio_marisa/status/1641437873537953794,2023-03-30T13:51:00.000Z,"mundial.

Confira o recado da presidenta do  @ptbrasil, @gleisi.",0,0,0,https://twitter.com/AlencarBraga13/status/1641422712529715201
