nome,usuario,idTweet,dataPublicacao,texto,replies,retweets,likes,tweetPai
Waldir Wagner,@waldirinfor,https://twitter.com/waldirinfor/status/1641483553320869889,2023-03-30T16:52:31.000Z,O PT organizou o maior escândalo de corrupção da história brasileira!,0,0,0,https://twitter.com/adriventurasp/status/1641438566344691715
Henrique Coelho,@henri_coelho,https://twitter.com/henri_coelho/status/1641465521953488897,2023-03-30T15:40:52.000Z,Zema que o diga! Novo é velho,0,0,0,https://twitter.com/adriventurasp/status/1641438566344691715
Amigos Da Lava Jato,@AmigosJato,https://twitter.com/AmigosJato/status/1641470006755033088,2023-03-30T15:58:41.000Z,Sao sempre assim..MENTEM e fazem o contrário do que pregam!!,0,0,2,https://twitter.com/adriventurasp/status/1641438566344691715
somara,@somara19,https://twitter.com/somara19/status/1641632503826972679,2023-03-31T02:44:23.000Z,"Esses partidecos são braços do corruPTo partido para determinados assuntos, normalmente não políticos, como esse, de interesse de atuais ou futuros patrocinadores",0,0,1,https://twitter.com/adriventurasp/status/1641438566344691715
Hilda Martins,@HildaMa43968933,https://twitter.com/HildaMa43968933/status/1641499624929148929,2023-03-30T17:56:22.000Z,Essa falsa esquerda e o pior lixo da história  e o pior é ver um verme bandido LADRÃO CONDENADO  SIM na presidência  e ter gente que defende esse CORJA o país virou um circo dos horrores em manchetes internacionais  hoje eu tenho vergonha  de dizer que moro no Brasil,0,0,0,https://twitter.com/adriventurasp/status/1641438566344691715
Жулио Вaиcмaн,@Jotta_Vaisman,https://twitter.com/Jotta_Vaisman/status/1641737952618242052,2023-03-31T09:43:24.000Z,"Agora a narrativa ficou muito clara e de fácil entendimento para A população brasileira

pode continuar",0,0,0,https://twitter.com/adriventurasp/status/1641438566344691715
