nome,usuario,idTweet,dataPublicacao,texto,replies,retweets,likes
Alfredo Gaspar,@Alfredogaspar_,https://twitter.com/Alfredogaspar_/status/1623118898873638912,2023-02-08T00:37:56.000Z,O descaso na saúde de Alagoas.,1,5,30
Alfredo Gaspar,@Alfredogaspar_,https://twitter.com/Alfredogaspar_/status/1623117648341921794,2023-02-08T00:32:58.000Z,"O presidente Lula autorizou a Marinha do Brasil a afundar o porta-aviões São Paulo, mesmo sabendo dos danos que essa ação causará ao meio ambiente, envenenando os ecossistemas com metais pesados e matando animais e plantas.",0,6,42
Alfredo Gaspar,@Alfredogaspar_,https://twitter.com/Alfredogaspar_/status/1622641278516068355,2023-02-06T17:00:02.000Z,"Acabei de assinar, em coautoria, o Projeto de Decreto Legistativo - PDL 03/2023. Atividade de CAC não é criminosa e emprega milhares de pessoas. Contem comigo!",5,9,51
Alfredo Gaspar,@Alfredogaspar_,https://twitter.com/Alfredogaspar_/status/1622286442281013250,2023-02-05T17:30:03.000Z,"“Político não pode ser sinônimo de corrupto, não pode usar o mandato para praticar crimes e permanecer na impunidade”, 1° discurso na Câmara dos Deputados.",2,9,46
Alfredo Gaspar,@Alfredogaspar_,https://twitter.com/Alfredogaspar_/status/1621633201507532800,2023-02-03T22:14:18.000Z,"MEDIDA PROVISÓRIA DO COMBUSTÍVEL - Emenda à medida provisória 1157/2023 que solicita a ampliação no prazo de redução a zero das alíquotas de combustíveis até o dia 31/12/2023. Ou seja, COMBUSTIVEL MAIS BARATO.",3,6,39
Alfredo Gaspar,@Alfredogaspar_,https://twitter.com/Alfredogaspar_/status/1621633010180276227,2023-02-03T22:13:32.000Z,"PELO FIM DO FORO PRIVILEGIADO - Para incluir na Ordem do Dia, a proposta de Emenda à Constituição N° 333, de 2017 que propõe fim do Foro de Prerrogativa de Função.",3,9,37
