nome,usuario,idTweet,dataPublicacao,texto,replies,retweets,likes
Altineu Côrtes,@Altineu,https://twitter.com/Altineu/status/1625312476781858816,2023-02-14T01:54:25.000Z,"Estou em Brasília acompanhando a situação das fortes chuvas que caíram em São Gonçalo. Estou em contato com o prefeito Capitão Nelson e coloquei o nosso mandato à disposição para ajudar no que for preciso. 

Contem comigo!",15,3,27
Altineu Côrtes,@Altineu,https://twitter.com/Altineu/status/1624546173083127808,2023-02-11T23:09:24.000Z,"Atenção!!
Pessoal, voltou a chover no nosso Estado. Fiquem atentos aos alertas da Defesa Civil. Mantenham-se em local seguro e evitem deslocamento. 

Em caso de emergência, ligue:
193 - Bombeiros / 199- Defesa Civil",2,0,10
Altineu Côrtes,@Altineu,https://twitter.com/Altineu/status/1622929566103703552,2023-02-07T12:05:35.000Z,"Mais de 5 mil pessoas morreram depois do terremoto que abalou a Turquia e a Síria. Uma grande tragédia! 

Toda minha solidariedade e oração aos povos turcos e sírios. Que Deus dê forças a esses povos!",3,1,10
Altineu Côrtes,@Altineu,https://twitter.com/Altineu/status/1621149550953267203,2023-02-02T14:12:27.000Z,"O dia começou com a triste notícia da morte da jornalista Glória Maria, uma das maiores referências na sua profissão. Uma grande perda para o país. 

Que Deus conforte o coração dos amigos e familiares neste momento.",0,0,6
Altineu Côrtes,@Altineu,https://twitter.com/Altineu/status/1620946734536101888,2023-02-02T00:46:31.000Z,"Quero parabenizar o deputado @ArthurLira_ pela reeleição para a presidência da Câmara dos Deputados. Desejo sucesso nessa missão. 

Juntos iremos trabalhar em prol do Brasil! Que Deus lhe abençoe!",1,0,4
