nome,usuario,idTweet,dataPublicacao,texto,replies,retweets,likes
Aluisio Mendes,@aluisiomendesma,https://twitter.com/aluisiomendesma/status/1628860207353790469,2023-02-23T20:51:50.000Z,"Quero me solidarizar à população de São Benedito do Rio Preto, em especial à comunidade Santo Antônio, região mais atingida pelas fortes chuvas. Me coloco à disposição do prefeito Wallas para ações que possam amenizar os problemas causados pelas enchentes.",0,0,3
Aluisio Mendes,@aluisiomendesma,https://twitter.com/aluisiomendesma/status/1628078403952775168,2023-02-21T17:05:14.000Z,"Acabo de ler uma notícia absurda de abuso contra criança no Maranhão. É revoltante a crescente violência que ataca a quem mais precisa de proteção, as crianças e adolescentes. Neste ano legislativo vamos nos debruçar fortalecendo as políticas de proteção às crianças brasileiras.",3,0,3
Aluisio Mendes,@aluisiomendesma,https://twitter.com/aluisiomendesma/status/1627377588304764930,2023-02-19T18:40:26.000Z,"🚨É muito importante alertar: os
casos de violência contra as mulheres aumentam durante esse feriado prolongado. Denuncie qualquer tipo de importunação sexual ou outra forma de violência contra a mulher, disque 180 ou 190.",0,0,0
Aluisio Mendes,@aluisiomendesma,https://twitter.com/aluisiomendesma/status/1627344301645565952,2023-02-19T16:28:10.000Z,"No Maranhão e em todo o Brasil, os blocos arrastam multidões e as forças de segurança trabalham diuturnamente  por um Carnaval mais seguro. Desejo aos foliões maranhenses uma festa segura e de muita alegria. A todos os policiais do Maranhão, desejo operações de muito sucesso!",0,0,2
Aluisio Mendes,@aluisiomendesma,https://twitter.com/aluisiomendesma/status/1625510504356618241,2023-02-14T15:01:19.000Z,"Cumprimento a amiga e governadora interina do MA, Iracema Vale, que assumiu o gov. na ausência do gov. Brandão e seu vice Felipe Camarão. Iracema é a dep. estadual mais votada, a 1ª mulher a presidir a Alema e a 2ª a governar o MA. Sucesso minha amiga! Parabéns!",3,2,7
Aluisio Mendes,@aluisiomendesma,https://twitter.com/aluisiomendesma/status/1621128995533119490,2023-02-02T12:50:46.000Z,"Presto minha solidariedade aos fãs, familiares e amigos da jornalista e apresentadora Glória Maria, falecida na manhã de hoje (2), no Rio de Janeiro, por complicações de um câncer no cérebro. Glória Maria deixa duas filhas, Maria, de 15 anos, e Laura, de 14.",1,0,1
Aluisio Mendes,@aluisiomendesma,https://twitter.com/aluisiomendesma/status/1620896424379678720,2023-02-01T21:26:37.000Z,"Cumprimento o senador Rodrigo Pacheco pela eleição como presidente do Senado Federal. Que sua gestão seja exitosa na missão de legislar em favor da população brasileira, da democracia e da nossa Constituição.",1,0,0
Aluisio Mendes,@aluisiomendesma,https://twitter.com/aluisiomendesma/status/1620857272955207682,2023-02-01T18:51:02.000Z,"Decisão acertada a do prefeito de Raposa, Eudes Barros, que nomeou a Chefe da Guarda Municipal, Rafaela Neves, 1ª mulher a exercer o cargo na região metropolitana maranhense. Tenho total compromisso com as guardas municipais e estou à disposição. 🤝🏻",0,0,1
