nome,usuario,idTweet,dataPublicacao,texto,replies,retweets,likes
Daiana Santos,@daianasantospoa,https://twitter.com/daianasantospoa/status/1630318805187477506,2023-02-27T21:27:47.000Z,"Respeitem a democracia! 

De forma grotesca, a Câmara de Vereadores de Porto Alegre aprovou uma moção de solidariedade ao Impeachment do Lula. 🤦🏾‍♀️O Lula está eleito, golpista!
Respeitem a voz das urnas!",13,35,415
Daiana Santos,@daianasantospoa,https://twitter.com/daianasantospoa/status/1630314117738135554,2023-02-27T21:09:10.000Z,🚨🚨 URGENTE 🚨🚨Matéria exclusiva do jornal @_pioneiro informa que policiais militares acobertavam e até se envolviam em coações a trabalhadores submetidos a trabalho análogo à escravidão na colheita da uva.,61,490,1.750
Daiana Santos,@daianasantospoa,https://twitter.com/daianasantospoa/status/1630209037802373120,2023-02-27T14:11:37.000Z,"O Zé Gotinha voltou!💧Hoje começa o Movimento Nacional Pela Vacinação!

Vá ao posto de saúde mais próximo e vacine-se. 

Vacinas salvam vidas, faça a sua parte! ✊🏾❤️💉",0,12,67
Daiana Santos,@daianasantospoa,https://twitter.com/daianasantospoa/status/1630201213722525696,2023-02-27T13:40:31.000Z,"Mas gente, olha tá cada dia mais difícil, coragem. Tô aqui em um misto de raivas RACISMO REVERSO não existe querida!",1,3,42
Daiana Santos,@daianasantospoa,https://twitter.com/daianasantospoa/status/1629598463586344961,2023-02-25T21:45:24.000Z,"Racista nojento aqui não vai se criar. Não adianta vir falar do meu cabelo. Porque a verdade é que vocês tremem quando a negrada passa exalando orgulho, resistência e poder.

Toma o teu B.O.",23,92,1.327
Daiana Santos,@daianasantospoa,https://twitter.com/daianasantospoa/status/1629172807404773376,2023-02-24T17:34:00.000Z,"24 de fevereiro é o Dia da Conquista do Voto Feminino ✅Vamos celebrar os 91 anos dessa conquista tão importante para nós mulheres, que lutamos contra um patriarcado que nos oprime e mata, 

Seguimos na luta para que mais mulheres possam ocupar espaços políticos no Brasil! ✊🏾",0,18,164
Daiana Santos,@daianasantospoa,https://twitter.com/daianasantospoa/status/1628879339633745920,2023-02-23T22:07:52.000Z,Exigimos que as vinícolas e terceirizadas sejam responsabilizadas por este crime contra as trabalhadoras e trabalhadores.,1,9,51
Daiana Santos,@daianasantospoa,https://twitter.com/daianasantospoa/status/1628878925194571778,2023-02-23T22:06:13.000Z,"O Vinho que tem o sabor amargo da escravidão. 

Triste e inadmissível. Operação da PF resgatou trabalhadores em situação análoga à escravidão em Bento Gonçalves, no RS. Cerca de 150  trabalhadores foram resgatados de alojamento de empresa que terceirizava mão de obra de vinícolas",54,533,2.615
Daiana Santos,@daianasantospoa,https://twitter.com/daianasantospoa/status/1628756822432616448,2023-02-23T14:01:01.000Z,RS pede socorro contra a estiagem! 🚨A estiagem vem atingindo drasticamente a vida da população gaúcha. 🧶,3,6,49
Daiana Santos,@daianasantospoa,https://twitter.com/daianasantospoa/status/1628731389699936256,2023-02-23T12:19:58.000Z,"VAI TER QUE RESPONDER NA JUSTIÇA! 🚨Pessoal, atualizando voces sobre esse video repleto de ódio e discriminação que viralizou no final de semana.",7,15,147
Daiana Santos,@daianasantospoa,https://twitter.com/daianasantospoa/status/1628499621889601536,2023-02-22T20:59:00.000Z,Viva o Samba! Viva a Cultura Popular Brasileira!,0,2,33
Daiana Santos,@daianasantospoa,https://twitter.com/daianasantospoa/status/1628391415389593602,2023-02-22T13:49:02.000Z,Começando o dia com uma notícia muito emocionante do convite de @silviolual a nossa querida camarada @ManuelaDavila para presidir o Grupo de Trabalho de estratégias de combate ao ódio e ao extremismo e para a proposição de políticas públicas em direitos humanos sobre o tema.,1,5,104
Daiana Santos,@daianasantospoa,https://twitter.com/daianasantospoa/status/1628097338995507211,2023-02-21T18:20:28.000Z,"O punho cerrado é um símbolo da luta antirracista por direitos e valorização de nossa cultura. Respeite a história do povo negro. Racistas no Carnaval, não! ✊🏾🥁",8,17,260
Daiana Santos,@daianasantospoa,https://twitter.com/daianasantospoa/status/1628039546104315904,2023-02-21T14:30:49.000Z,"Toda a minha solidariedade ao Fred Nicacio, participante do programa BBB, e a todos os povos de matriz africana no país. 

Não podemos aceitar e permitir atos de intolerância religiosa, isso é crime! 
A minha Mandata seguirá combativa na luta contra a intolerância religiosa. Axé!",2,5,76
Daiana Santos,@daianasantospoa,https://twitter.com/daianasantospoa/status/1627714925664641025,2023-02-20T17:00:54.000Z,"Toda a minha solidariedade as pessoas afetadas pela queda da Ponte Pênsil, em Torres, na madrugada desta segunda-feira. Três pessoas ainda seguem desaparecidas.

Seguimos acompanhando as investigações das autoridades para saber os motivos que causaram esta tragédia.",3,4,50
Daiana Santos,@daianasantospoa,https://twitter.com/daianasantospoa/status/1627481069791465472,2023-02-20T01:31:38.000Z,"URGENTE 🚨Temporal no litoral norte de São Paulo causa deslizamentos e mortes. Uma tragédia para os moradores da região. 

Nossa solidariedade às vítimas e àquelas/es atingidas/os. Lula já anunciou a visita às áreas afetadas. Que todas as medidas necessárias sejam tomadas!",1,8,96
Daiana Santos,@daianasantospoa,https://twitter.com/daianasantospoa/status/1626732677549158400,2023-02-17T23:57:48.000Z,"Genocida e covarde! 

Enquanto espalhava Fake News sobre a vacina, Bolsonaro tomou a dose única da Janssen. Milhares de pessoas morreram por conta das mentiras e negligência do seu governo. Que ele responda por ter destruído famílias no Brasil.",0,12,73
Daiana Santos,@daianasantospoa,https://twitter.com/daianasantospoa/status/1626301555665149955,2023-02-16T19:24:40.000Z,"""Quando falamos de educação, o Presidente Lula não deixa falarmos em gasto, é investimento!"", Luciana Santos, Ministra da Ciência, Tecnologia e Inovação. 

O que temos agora é um projeto de investimento no conhecimento e no seu povo! 🔥✊🏾",1,12,69
Daiana Santos,@daianasantospoa,https://twitter.com/daianasantospoa/status/1626299912676671488,2023-02-16T19:18:09.000Z,"Participando desse evento histórico, ouvindo nossa Ministra da Ciência, Tecnologia e Inovação @lucianasantos, que anuncia o aumento das Bolsas de Pesquisa. 

Voltamos a ter um governo que reconhece a importância da ciência e pesquisa para o desenvolvimento do nosso povo! ✊🏾",0,5,51
Daiana Santos,@daianasantospoa,https://twitter.com/daianasantospoa/status/1626278024030179328,2023-02-16T17:51:10.000Z,"Os novos valores das Bolsas de Estudo no Gov. Lula ⬆️IC* no Ensino Médio: de R$100 > R$300 
IC na Graduação: R$ 400,00 > R$700,00
Mestrado: R$1.500 > R$2.100
Doutorado: R$2.200 > R$3.100
Pós-Doutorado: R$4.100 > R$ 5.200,00

FAZ O L! ❤️📚(IC* = Iniciação Científica)",1,16,100
Daiana Santos,@daianasantospoa,https://twitter.com/daianasantospoa/status/1625857544475512832,2023-02-15T14:00:20.000Z,"A privatização da CEEE sempre foi uma tragédia anunciada! 
Quando chove em Porto Alegre é garantido que parte da cidade fica horas, ou até dias, sem luz. Várias regiões da cidade sofrem um verdadeiro apagão!",6,31,209
Daiana Santos,@daianasantospoa,https://twitter.com/daianasantospoa/status/1625596044225679360,2023-02-14T20:41:13.000Z,#JurosBaixosJá,0,7,62
Daiana Santos,@daianasantospoa,https://twitter.com/daianasantospoa/status/1625548745306783761,2023-02-14T17:33:16.000Z,"MINHA CASA MINHA VIDA VOLTOU! 🏡✊🏾Hoje, Lula lança o novo Minha Casa, Minha Vida. Depois de 4 anos de descaso, o Brasil volta a ter uma política de moradia para o povo mais pobre.

Criado em 2009, ele é revolucionário no acesso a moradia digna para milhões de brasileiras/os.",1,14,140
Daiana Santos,@daianasantospoa,https://twitter.com/daianasantospoa/status/1625468450075189248,2023-02-14T12:14:12.000Z,Triste! Isso é inadmissível com nós mulheres. Até quando vamos continuar morrendo?,3,20,166
Daiana Santos,@daianasantospoa,https://twitter.com/daianasantospoa/status/1625220289939361793,2023-02-13T19:48:06.000Z,"Porto Alegre deve ser a capital mais quente do Brasil nesta segunda e a gente quer saber cadê o ar-condicionado que o Melo prometeu na frota??

A cidade tá pegando fogo e o povo que depende do transporte público ou trabalha nas linhas sendo submetido à condições INSALUBRES! 🚨",1,19,132
Daiana Santos,@daianasantospoa,https://twitter.com/daianasantospoa/status/1624426183998820355,2023-02-11T15:12:37.000Z,"E o dia começou ao lado do nosso grande mestre, ministro e governador, Olívio Dutra! 

Uma ótima conversa sobre Orçamento Participativo, cidadania e democracia.",19,68,1.340
Daiana Santos,@daianasantospoa,https://twitter.com/daianasantospoa/status/1624196890932703234,2023-02-11T00:01:29.000Z,"SEM FORO PRIVILEGIADO! 🚨A Ministra Cármen Lúcia, do STF, enviou hoje para 1ª instância pedidos de investigação contra o ex-presidente. 

Não adianta mais se esconder nos EUA! 🔥",3,6,67
Daiana Santos,@daianasantospoa,https://twitter.com/daianasantospoa/status/1624108915305725952,2023-02-10T18:11:54.000Z,"Dilma será a presidenta do Banco de Desenvolvimento dos BRICS! 🚩No dia em que o PT celebra seus 43 anos, o BR obteve apoio integral dos países do bloco para o nome de @dilmabr ao cargo. 

Parabéns a nossa guerreira e a esse partido q sempre esteve com a gente ao lado do povo!",1,10,126
Daiana Santos,@daianasantospoa,https://twitter.com/daianasantospoa/status/1623692229171720192,2023-02-09T14:36:08.000Z,"As cenas do Rio Gravataí tomado de lixo são uma VERGONHA. Com as chuvas, há perigo desse tapete tóxico ir direto para o Guaíba.

Essa é a soma do descaso do Poder Público com a falta de consciência da população. Vamos cobrar uma solução urgente das autoridades responsáveis.",3,6,95
Daiana Santos,@daianasantospoa,https://twitter.com/daianasantospoa/status/1623335883725209600,2023-02-08T15:00:09.000Z,"Visita da promotora do MP-BA, Livia Sant’Anna Vaz, e a procuradora do município de Salvador e presidenta da Associação Nacional de Procuradores Municipais, Lilian Azevedo.",1,1,38
Daiana Santos,@daianasantospoa,https://twitter.com/daianasantospoa/status/1623328454421651457,2023-02-08T14:30:38.000Z,"ESSA GURIA VAI LONGE📻Parabéns, Rádio Gaúcha! 
Meus parabéns para todas/os profissionais e ouvintes pelos 96 anos da rádio, que é referência no jornalismo brasileiro. Um grande abraço desta ouvinte! #RádioGaúcha @gzhdigital",2,2,25
Daiana Santos,@daianasantospoa,https://twitter.com/daianasantospoa/status/1623303572245848071,2023-02-08T12:51:45.000Z,"Um abraço ao povo baiano! Povo amigo, hospitaleiro, e o mais importante, RESPEITOSO! 

E o meu apoio a todos imigrantes haitianos, que fugiram de uma grave crise política e humanitária em seu país. Sintam-se acolhidos por nós! ✊🏾🇭🇹",0,3,48
Daiana Santos,@daianasantospoa,https://twitter.com/daianasantospoa/status/1623273342567415813,2023-02-08T10:51:38.000Z,"Já protocolei aqui na Câmara das Deputadas e Deputados, a criação do Orçamento Participativo Nacional, é preciso fortalecer a democracia no país e darmos protagonismo para o povo. 

Vamos trabalhar para que o Brasil seja referência na participação popular! ✊🏾",4,10,50
Daiana Santos,@daianasantospoa,https://twitter.com/daianasantospoa/status/1622649674451517468,2023-02-06T17:33:24.000Z,"A FILA DO SUS VAI DIMINUIR

Hoje, às 15h, o governo Lula lança o Programa Nacional de Redução de Filas na rede pública de saúde.

É o Brasil saindo das trevas do antigo governo, com cuidado com a sua população, principalmente a mais negra e pobre, que depende desses serviços.",0,8,41
Daiana Santos,@daianasantospoa,https://twitter.com/daianasantospoa/status/1622577897314590720,2023-02-06T12:48:11.000Z,"Dei uma olhadinha nas notícias do #Grammys e duas coisas me deixaram bem feliz:

- 🏳️‍⚧️Kim Petra, primeira mulher trans a ganhar o prêmio;

- ✊🏿A nossa Queen B, Beyonce, se tornando a maior vencedora da história da premiação, com 32 estatuetas.",0,0,19
Daiana Santos,@daianasantospoa,https://twitter.com/daianasantospoa/status/1622575078545162241,2023-02-06T12:36:59.000Z,"Toda a minha solidariedade ao povo turco e sírio. A população dos dois países sofre com um #terremoto, que já deixou mais de 1.500 mortos, com uma escala de 7.5. Ainda nesta manhã, um novo tremor foi registrado.",1,12,85
Daiana Santos,@daianasantospoa,https://twitter.com/daianasantospoa/status/1621220486469279744,2023-02-02T18:54:19.000Z,"Como representatividade importa! Obrigada por tudo, Glória Maria ❤️",2,4,75
Daiana Santos,@daianasantospoa,https://twitter.com/daianasantospoa/status/1621179410165501952,2023-02-02T16:11:06.000Z,"BOLSONARO QUERIA DAR GOLPE!

É muito grave a denúncia do senador Marcos do Val, afirmando ter se reunido com Bolsonaro e Daniel Silveira para criar uma armadilha contra Alexandre de Moraes, para dar um GOLPE contra a democracia.

O caminho da prisão do genocida se aproxima.",1,2,19
Daiana Santos,@daianasantospoa,https://twitter.com/daianasantospoa/status/1621150414271041539,2023-02-02T14:15:52.000Z,Esperamos que todos estejam bem!,0,0,6
Daiana Santos,@daianasantospoa,https://twitter.com/daianasantospoa/status/1621117694677504001,2023-02-02T12:05:51.000Z,"Glória Maria foi um ícone do jornalismo brasileiro e um símbolo de representatividade para nós mulheres negras e jovens oriundos das periferias. Uma perda irreparável para a comunicação. Meus sentimentos aos familiares, amigos e fãs. Descanse em paz, Glória Maria.🕊",1,25,176
Daiana Santos,@daianasantospoa,https://twitter.com/daianasantospoa/status/1620883781212344321,2023-02-01T20:36:22.000Z,7 mulheres maravilhosas de olhando 🥰,21,47,918
Daiana Santos,@daianasantospoa,https://twitter.com/daianasantospoa/status/1620780099011510272,2023-02-01T13:44:22.000Z,A nossa luta é alegre e colorida ❤️💙 Falta pouco pra minha vez!,16,26,691
Daiana Santos,@daianasantospoa,https://twitter.com/daianasantospoa/status/1620779810984439808,2023-02-01T13:43:14.000Z,Família é a base ❤️,3,3,141
Daiana Santos,@daianasantospoa,https://twitter.com/daianasantospoa/status/1620773254607831041,2023-02-01T13:17:11.000Z,Essa nega vai tomar posse! Já acharam as tranças aí no meio?,2,3,84
