nome,usuario,idTweet,dataPublicacao,texto,replies,retweets,likes
Dayany do Capitão,@dayanydocapitao,https://twitter.com/dayanydocapitao/status/1630335419802894336,2023-02-27T22:33:48.000Z,"Desde a decisão do STF no sentido de que determinadas medidas atípicas são constitucionais, identificamos diversas decisões judiciais que nos preocupou muito. Por isso apresentamos o Projeto para que isso fique claro na Lei e não seja alterado por decisões judiciais.",1,1,12
Dayany do Capitão,@dayanydocapitao,https://twitter.com/dayanydocapitao/status/1629175910854164481,2023-02-24T17:46:20.000Z,"91 anos da conquista do voto feminino no Brasil. É com orgulho que represento as mulheres cearenses, na Câmara dos Deputados. Trabalharei com muita garra para assegurar os nossos direitos e defenderei as nossas conquistas. Juntas, seguiremos avançando!",1,0,7
Dayany do Capitão,@dayanydocapitao,https://twitter.com/dayanydocapitao/status/1628065784462295043,2023-02-21T16:15:05.000Z,"Ato criminoso! 😭Fico me perguntando o que leva uma pessoa a maltratar um animal indefeso. Por essa e por outras é que precisamos fortalecer as nossas leis para quem comete estes atos, e já adianto que estamos trabalhando para fortalecer a pena para estes criminosos.",2,0,6
Dayany do Capitão,@dayanydocapitao,https://twitter.com/dayanydocapitao/status/1627767853658132494,2023-02-20T20:31:13.000Z,"Mais uma tragédia, decorrente de fortes chuvas, dessa vez no litoral norte de São Paulo. Estamos em oração pelos familiares das vítimas e por aqueles que tiveram que deixar suas casas.",0,0,3
Dayany do Capitão,@dayanydocapitao,https://twitter.com/dayanydocapitao/status/1626646436191342608,2023-02-17T18:15:06.000Z,"Muito me preocupa o futuro dos brasileiros em relação a esta medida. Com todo esse bloqueio, como seguirão? Como pagarão a dívida? Em meio a tudo isso, o que me chama atenção é que o rigor com pessoas que cometem crimes, não é o mesmo. 😕",1,1,4
Dayany do Capitão,@dayanydocapitao,https://twitter.com/dayanydocapitao/status/1625915298858643458,2023-02-15T17:49:49.000Z,"⚠️ O Câncer é a primeira causa de morte por doença em crianças, no Brasil. Hoje, no dia internacional de luta contra o câncer infantil, anuncio que faço parte da Frente Parlamentar da Prevenção e Combate do Câncer infantil. O diagnóstico precoce é a principal janela para a cura.",1,0,3
Dayany do Capitão,@dayanydocapitao,https://twitter.com/dayanydocapitao/status/1625554843522695169,2023-02-14T17:57:30.000Z,"Quando falamos que o crime organizado domina o Estado, essa é mais uma prova de que o que falamos é verdade!  🥺Além de dominarem bairros e cidades, o crime tá tão organizado que, agora, invade as terras indígenas. ❌Falta ação e sobra incompetência! 😡",1,0,5
Dayany do Capitão,@dayanydocapitao,https://twitter.com/dayanydocapitao/status/1624138444527083526,2023-02-10T20:09:14.000Z,"✅Assinamos a PEC do BNDES! Lula afirmou que o BNDES voltaria a emprestar dinheiro para vários países, mas acontece que estes países ainda não pagaram as dívidas anteriores. O dinheiro do Brasil pertence aos brasileiros, Lula. E é obrigação passar pelo crivo do Congresso.",0,1,16
Dayany do Capitão,@dayanydocapitao,https://twitter.com/dayanydocapitao/status/1623329112885428227,2023-02-08T14:33:15.000Z,"Sigilo por que e para quê, Lula? Por qual razão você não quer que as imagens sejam divulgadas? 🤔 
Assinei CPMI do 8 de janeiro! É do interesse de todos que os culpados sejam identificados e punidos. Quem não deve não teme, meus amigos.",0,1,10
Dayany do Capitão,@dayanydocapitao,https://twitter.com/dayanydocapitao/status/1622951223350693889,2023-02-07T13:31:39.000Z,Grave e chocante a catástrofe ocorrida na Turquia e na Síria em razão do terremoto. Luto pelas milhares de mortes e um apelo para às autoridades competentes para que possam lutar contra o tempo e resgatar mais vítimas.,0,0,4
Dayany do Capitão,@dayanydocapitao,https://twitter.com/dayanydocapitao/status/1621125015600250880,2023-02-02T12:34:57.000Z,"É com imenso pesar que recebemos a triste notícia do falecimento da jornalista Glória Maria, um ícone do noticiário brasileiro e do mundo. 
Meus sentimentos aos familiares, amigos e fãs.",1,0,6
Dayany do Capitão,@dayanydocapitao,https://twitter.com/dayanydocapitao/status/1620809903354032128,2023-02-01T15:42:48.000Z,"#Empossada #DeputadaFederal 

Cearenses, vocês terão em mim a mulher que não foge à luta e que, todos os dias, batalhará por um futuro digno para todos. 🙌🏽🇧🇷",1,0,15
