nome,usuario,idTweet,dataPublicacao,texto,replies,retweets,likes
Padre João,@dep_padrejoao,https://twitter.com/dep_padrejoao/status/1630163787574591488,2023-02-27T11:11:48.000Z,Vacina para todos. Vacina salva. Viva a ciência.,2,7,45
Padre João,@dep_padrejoao,https://twitter.com/dep_padrejoao/status/1628907130357940229,2023-02-23T23:58:18.000Z,Putin está avaliando proposta de Lula para paz na Ucrânia. #Lula 🕊♥️,7,12,53
Padre João,@dep_padrejoao,https://twitter.com/dep_padrejoao/status/1628793772858286080,2023-02-23T16:27:51.000Z,O Boca de Ouro brilha sempre.,2,3,7
Padre João,@dep_padrejoao,https://twitter.com/dep_padrejoao/status/1628786286642307072,2023-02-23T15:58:06.000Z,Familia acima de tudo. Alguém tem alguma notícia da filha/neta de Bozo que nasceu nos EUA?  O Carluxo e a madastra dos cheques estão cuidando disto?,1,5,18
Padre João,@dep_padrejoao,https://twitter.com/dep_padrejoao/status/1628736235203067904,2023-02-23T12:39:13.000Z,"Campanha da Fraternidade 2023
“Fraternidade e fome”, e o lema “Dai-lhes vós mesmos de comer” (Mt 14,16). Assista a mensagem do Mensagem do Papa Francisco",2,5,32
Padre João,@dep_padrejoao,https://twitter.com/dep_padrejoao/status/1628366035970580480,2023-02-22T12:08:11.000Z,Internet para a verdade. Há quanto o Brasil e o mundo não sabem o que é isto.,1,4,24
Padre João,@dep_padrejoao,https://twitter.com/dep_padrejoao/status/1627296023784611841,2023-02-19T13:16:20.000Z,Marisa (lojas) não está pagando nem o aluguéis. Rombo na Americanas sobe a cada dia e já passa de 48 bilhões. E o mercado segue calmo.,9,15,47
Padre João,@dep_padrejoao,https://twitter.com/dep_padrejoao/status/1627073349196341248,2023-02-18T22:31:30.000Z,Chega de guerra. O mundo precisa de paz.,3,10,60
Padre João,@dep_padrejoao,https://twitter.com/dep_padrejoao/status/1626982262716727296,2023-02-18T16:29:33.000Z,"Genocida, mentiroso e hipócrita.",1,5,23
Padre João,@dep_padrejoao,https://twitter.com/dep_padrejoao/status/1626960722386161664,2023-02-18T15:03:58.000Z,Que lindo.,0,0,7
Padre João,@dep_padrejoao,https://twitter.com/dep_padrejoao/status/1626907951825838082,2023-02-18T11:34:16.000Z,"Olha o suco de caju... ei Bolsonaro, vai tomar... Ei Moro, vai tomar....",5,18,95
Padre João,@dep_padrejoao,https://twitter.com/dep_padrejoao/status/1626638544516091909,2023-02-17T17:43:45.000Z,Examinem o gráfico. Uma tragédia. Tudo por causa da alta taxa de juros do BC. Isto é que o BC pagou.(Valor Econômico).,4,13,39
Padre João,@dep_padrejoao,https://twitter.com/dep_padrejoao/status/1626574688947212288,2023-02-17T13:30:00.000Z,Tempos atrás se falava que o BNDES era uma caixa preta. Hoje a caixa preta é o BC.,0,15,62
Padre João,@dep_padrejoao,https://twitter.com/dep_padrejoao/status/1626550991863545856,2023-02-17T11:55:50.000Z,"Agiotagem do Banco Central arrebenta o país. Erro de contabilidade de 14,5 bilhões de dólares, compra de 129 toneladas de ouro escondido e agora, balanço de 2022 revela saldo negativo de 298 bilhões. Fruto da alta taxa de juros...",4,45,78
Padre João,@dep_padrejoao,https://twitter.com/dep_padrejoao/status/1626329060572860417,2023-02-16T21:13:58.000Z,Durante 4 anos o governo e o BC foram fantoches do mercado. Agora só tem o BC.,1,2,26
Padre João,@dep_padrejoao,https://twitter.com/dep_padrejoao/status/1626260003144232961,2023-02-16T16:39:33.000Z,Olha isto aí Roberto Campos Neto.,1,4,16
Padre João,@dep_padrejoao,https://twitter.com/dep_padrejoao/status/1626184408377049088,2023-02-16T11:39:10.000Z,"Na veia. Aloízio Mercadante, presidente do BNDES, disse que o rombo na Americanas seja resolvido pelos três sócios da Ambev.",3,20,58
Padre João,@dep_padrejoao,https://twitter.com/dep_padrejoao/status/1625482821031657472,2023-02-14T13:11:19.000Z,Graças a Deus. Que bênção para nosso povo. Os programas estão voltando e o Brasil sendo reconstruído.,3,5,16
Padre João,@dep_padrejoao,https://twitter.com/dep_padrejoao/status/1625473730938867717,2023-02-14T12:35:11.000Z,2.745 casas entregues só hoje na Bahia. Obras paradas nos últimos quatros anos do desgoverno anterior.,2,4,14
Padre João,@dep_padrejoao,https://twitter.com/dep_padrejoao/status/1625459191627350018,2023-02-14T11:37:25.000Z,Dependência total ao mercado. Mercado financeiro especulativo.,4,10,36
Padre João,@dep_padrejoao,https://twitter.com/dep_padrejoao/status/1625448271316414464,2023-02-14T10:54:01.000Z,O Brasil voltou. A democracia voltou. O Minha Casa Minha Vida voltou. Começou a reconstrução do Brasil.,2,11,65
Padre João,@dep_padrejoao,https://twitter.com/dep_padrejoao/status/1625137570236571648,2023-02-13T14:19:24.000Z,O BC está de olho nisso???,1,0,2
Padre João,@dep_padrejoao,https://twitter.com/dep_padrejoao/status/1625130302703038467,2023-02-13T13:50:32.000Z,É hoje.  Parabéns! Juntos pela reconstrução do Brasil.,3,4,17
Padre João,@dep_padrejoao,https://twitter.com/dep_padrejoao/status/1625116751938592769,2023-02-13T12:56:41.000Z,E o homem trabalha. Nada de fake News e cercadinho.,2,2,16
Padre João,@dep_padrejoao,https://twitter.com/dep_padrejoao/status/1624136454258495515,2023-02-10T20:01:20.000Z,"Shirley Fioraso, presente! Quanta história. Quanta luta. Quanto tempo

Assista: https://fb.watch/iCklo9QSDQ/?mibextid=qC1gEa…Nota de pesar📝 https://padrejoao.com.br/shirley-fioraso-presente/…",5,1,5
Padre João,@dep_padrejoao,https://twitter.com/dep_padrejoao/status/1623725667090067456,2023-02-09T16:49:01.000Z,"BC é instituição do estado? Não. É do mercado. Mercado nervoso, descontrolado.",3,10,58
Padre João,@dep_padrejoao,https://twitter.com/dep_padrejoao/status/1623715326222368770,2023-02-09T16:07:55.000Z,"O bezerro de ouro. Idolatria. Destruição e mortes. Banco Central comprou 129 toneladas de ouro escondido: 4 carretas carregadas. PF captura 78k de ouro, em malas,  escoltados pela PM de São Paulo, em Sorocaba. Lavagem de dinheiro? Ouro no MEC, com pastores...",6,29,69
Padre João,@dep_padrejoao,https://twitter.com/dep_padrejoao/status/1623693715838537733,2023-02-09T14:42:03.000Z,"O Banco Central comprou 129 toneladas de ouro. Tudo escondido. Isto dá quatros carretas carregadas. Haja terra, rios, florestas, mercúrio e vidas destruídas. Lavagem de dinheiro?????",26,241,714
Padre João,@dep_padrejoao,https://twitter.com/dep_padrejoao/status/1623672244751802373,2023-02-09T13:16:44.000Z,"Mais um crime. Depois da morte das carpas do espelho d'agua do Palácio da Alvorada, esvaziado para roubar as moedas, agora são as emas. Duas morreram por falta de alimentação adequada. O Brasil ficou conhecendo as Emas com a caixa de cloroquina nas mãos do Bozo.",5,4,58
Padre João,@dep_padrejoao,https://twitter.com/dep_padrejoao/status/1623624699933499392,2023-02-09T10:07:48.000Z,"BC cometeu um errinho contábil de 14,5 bilhões de dólares; comprou 129 toneladas de ouro escondido... 
Independência é uma farsa. Tá a serviço da especulação financeira.",85,995,4.746
Padre João,@dep_padrejoao,https://twitter.com/dep_padrejoao/status/1623408694393282561,2023-02-08T19:49:28.000Z,"Americanas, Light, Ambev e agora, Marisa. Não estão respeitando o teto de gastos e nem a responsabilidade fiscal... KKK. Rombo por todo lado.",12,66,224
Padre João,@dep_padrejoao,https://twitter.com/dep_padrejoao/status/1623400199048536064,2023-02-08T19:15:43.000Z,Alô Banco Central. Alô mercado. Taxa de juros não é dogma para controle da inflação.,2,8,26
Padre João,@dep_padrejoao,https://twitter.com/dep_padrejoao/status/1623353739535867907,2023-02-08T16:11:06.000Z,"Boa notícia. Ministro Gilmar Mendes, do STF, intima Banco Central e Agência Nacional de Mineração a prestarem esclarecimentos. Garimpo ilegal na Amazônia vende ouro apenas com documento de boa fé. E o BC comprou 129 toneladas de ouro escondido.",2,47,115
Padre João,@dep_padrejoao,https://twitter.com/dep_padrejoao/status/1623315123556294664,2023-02-08T13:37:39.000Z,Eu nunca vi tanta aula de economia com uma frase só. Terrorismo do mercado e do BC.,5,6,29
Padre João,@dep_padrejoao,https://twitter.com/dep_padrejoao/status/1623294748877377540,2023-02-08T12:16:42.000Z,"Não ao terrorismo, fascismo, nazismo, golpe e baderna. Sim à democracia, sempre.",3,2,9
Padre João,@dep_padrejoao,https://twitter.com/dep_padrejoao/status/1623070974907236352,2023-02-07T21:27:30.000Z,Alguém tem alguma notícia do outro balão que diziam estar sobrevoando a América Latina? Sumiu? Caiu? kkkk,1,1,12
Padre João,@dep_padrejoao,https://twitter.com/dep_padrejoao/status/1623022644818808834,2023-02-07T18:15:27.000Z,Oi... o Banco Central precisa de orientação para usar a planilha do Excel.  Era fácil de detectar aquele errinho de contabilidade de 72 bilhões de reais.,1,3,37
Padre João,@dep_padrejoao,https://twitter.com/dep_padrejoao/status/1623015545674014720,2023-02-07T17:47:14.000Z,"Banco Central escondeu compra de 129 toneladas de ouro: valor, 39 bilhões de reais. Garimpo ilegal em terra Yanomami ????  Transparência zero.",6,31,64
Padre João,@dep_padrejoao,https://twitter.com/dep_padrejoao/status/1622965277528064002,2023-02-07T14:27:30.000Z,"Do jeito que estão indo as coisas, vão eleger Jorge Paulo Lemann para declarar de uma vez por todas a independência do Banco Central. O mercado tem que ser feliz. Nada de nervosismo. Estresse.",5,10,48
Padre João,@dep_padrejoao,https://twitter.com/dep_padrejoao/status/1622906512447266816,2023-02-07T10:33:59.000Z,"Erro contábil do Banco Central foi de 14,5 bilhões de dólares. Colocaram em dólar para não parecer muito grande.  O erro tranquilizou o mercado.",8,36,99
Padre João,@dep_padrejoao,https://twitter.com/dep_padrejoao/status/1622628036968386562,2023-02-06T16:07:25.000Z,Nossas orações e conforto da parte de Deus 🙏🏼,2,0,9
Padre João,@dep_padrejoao,https://twitter.com/dep_padrejoao/status/1621992322199179267,2023-02-04T22:01:19.000Z,"Jair Renan, o 04, roubava vinhos da adega do Alvorada. Michelle trancou a adega. O Bozo quebrou a porta e tudo continuou normal.  ( Site Metrópoles).",21,63,321
Padre João,@dep_padrejoao,https://twitter.com/dep_padrejoao/status/1621918254795988999,2023-02-04T17:07:00.000Z,Nem chegaram ainda as festas juninas e os balões já estão aí... O padre Kelmon vai fazer os casamentos? Nada de assustar o Pentágono. O Roberto Jefferson já está controlado.,6,11,73
Padre João,@dep_padrejoao,https://twitter.com/dep_padrejoao/status/1621849790874062849,2023-02-04T12:34:57.000Z,"Michelle Bolsonaro recebia envelopes com dinheiro da amiga Rosimary Cardoso Cordeiro, assessora de um senador da república. ""Rachadinha"" está no DNA da família de Bozo.",7,56,132
Padre João,@dep_padrejoao,https://twitter.com/dep_padrejoao/status/1621525682625937408,2023-02-03T15:07:03.000Z,"""Diante da gravidade do que se verifica no Norte do País, das mortes, principalmente de crianças e de idosos, sejam apontados os responsáveis, para que a justiça prevaleça. O genocídio dos Yanomamis seja capítulo nunca esquecido na história do Brasil...""",4,5,13
Padre João,@dep_padrejoao,https://twitter.com/dep_padrejoao/status/1621452951561568258,2023-02-03T10:18:03.000Z,"Bom dia. Hoje é dia de São Brás, protetor das gargantas. Que usemos bem nossa voz para louvar e fazer o bem, espalhar a verdade e não a mentira.",14,21,113
Padre João,@dep_padrejoao,https://twitter.com/dep_padrejoao/status/1621267945300041731,2023-02-02T22:02:54.000Z,"O golpe teve campanha massiva, panfletagem. Valdemar Costa Neto recebeu uma minuta do golpe  no aeroporto. Ele falou que todo mundo já tinha uma em casa. Mas pegou assim mesmo... kkk",0,10,50
Padre João,@dep_padrejoao,https://twitter.com/dep_padrejoao/status/1621173837605011457,2023-02-02T15:48:57.000Z,"Do jeito que está indo a coisa, o próximo rombo/roubo  será na Eletrobrás?",3,8,33
Padre João,@dep_padrejoao,https://twitter.com/dep_padrejoao/status/1621113220252733440,2023-02-02T11:48:05.000Z,Polícia Federal prendeu agorinha o ex-deputado federal Daniel Silveira. O bombadão e rasgador de placa de Marielle Franco. Acabou o foro. Acabou a farra golpista e terrorista.,12,14,138
Padre João,@dep_padrejoao,https://twitter.com/dep_padrejoao/status/1621111213211127809,2023-02-02T11:40:06.000Z,"E o mercado tá feliz da vida. Um rombo na Americanas de 47 bilhões e agora mais um na Ambev de 30 bilhões. Irresponsabilidade fiscal, furando o teto de gastos. kkk. Roubo, fraude e trambique.",18,95,381
Padre João,@dep_padrejoao,https://twitter.com/dep_padrejoao/status/1620895327191711745,2023-02-01T21:22:15.000Z,"Rodrigo Pacheco é reeleito presidente do Senado Federal e do Congresso Nacional, por 49 a 32 votos.  Parabéns! O Brasil segue firme na preservação da democracia, da liberdade e contra o terrorismo, o extremismo e o nazismo.",10,18,144
Padre João,@dep_padrejoao,https://twitter.com/dep_padrejoao/status/1620744253260599297,2023-02-01T11:21:56.000Z,"Bom dia. Daqui a pouco, às 10h, tomo posse para o exercício de mais um mandato. Junto com Lula, vamos reconstruir o Brasil: mais dignidade, trabalho, direitos e comida na mesa de todos os brasileiros. Democracia sempre e não ao ódio e a destruição.",6,5,89
