nome,usuario,idTweet,dataPublicacao,texto,replies,retweets,likes
Daniel Freitas,@DFDanielFreitas,https://twitter.com/DFDanielFreitas/status/1630301447752495109,2023-02-27T20:18:49.000Z,"Juscelino Filho alegou compromisso 'urgente' para solicitar aeronave da Força Aérea, mas teve compromissos oficiais só por duas horas e meia em São Paulo ao longo de quatro dias.",23,201,505
Daniel Freitas,@DFDanielFreitas,https://twitter.com/DFDanielFreitas/status/1630294129417547777,2023-02-27T19:49:44.000Z,"Imagens que vão ficar na memória. Quanto que já tá o litro hoje na sua cidade? 

Obs: foto tirada em 5 de setembro de 2022 em Imbituba, SC.",19,46,243
Daniel Freitas,@DFDanielFreitas,https://twitter.com/DFDanielFreitas/status/1629274532585381888,2023-02-25T00:18:13.000Z,#URGENTE : vai ter CPMI do dia 8 de janeiro. Acabamos de conseguir as assinaturas necessárias. Que tudo seja esclarecido.,4,24,148
Daniel Freitas,@DFDanielFreitas,https://twitter.com/DFDanielFreitas/status/1629224208336142337,2023-02-24T20:58:15.000Z,Chegamos em 103 assinaturas pra PEC do BNDES. Adianto que todos os deputados conservadores e que apoiam o presidente Bolsonaro já assinaram. Agora estamos atrás das assinaturas dos colegas mais ao centro. Estou certo de que chegaremos nas 171. Em breve publico a lista atualizada.,3,36,119
Daniel Freitas,@DFDanielFreitas,https://twitter.com/DFDanielFreitas/status/1629117461965438980,2023-02-24T13:54:05.000Z,O silêncio dos atores da Marvel é ensurdecedor,476,2.020,7.253
Daniel Freitas,@DFDanielFreitas,https://twitter.com/DFDanielFreitas/status/1626384367072296961,2023-02-17T00:53:44.000Z,Ué,28,40,261
Daniel Freitas,@DFDanielFreitas,https://twitter.com/DFDanielFreitas/status/1625932603436957726,2023-02-15T18:58:35.000Z,R$18 não paga nem o gelo do Whisky do Lula,6,5,57
Daniel Freitas,@DFDanielFreitas,https://twitter.com/DFDanielFreitas/status/1625587092204969997,2023-02-14T20:05:39.000Z,"Estamos no plenário recolhendo assinaturas daqueles que ainda não apoiaram a PEC do BNDES. 
Caro colega deputado, precisamos de você! Com essa PEC faremos com que os empréstimos estrangeiros via BNDES tb tenham que ter o nosso aval aqui no Congresso, e não apenas do presidente!",27,327,1.391
Daniel Freitas,@DFDanielFreitas,https://twitter.com/DFDanielFreitas/status/1625242125884350464,2023-02-13T21:14:53.000Z,"Encaminhei no início desse mês um ofício pra Anvisa pedindo que a Resolução que OBRIGA o uso de máscaras em aviões e aeroportos, seja revogada. 
Não faz o menor sentido que ainda sejamos obrigados a isso enquanto milhares se apertam em bloquinhos de carnaval e afins.",17,37,240
Daniel Freitas,@DFDanielFreitas,https://twitter.com/DFDanielFreitas/status/1623771327352958977,2023-02-09T19:50:27.000Z,A Justiça acaba de decidir soltar Sérgio Cabral (ele tinha sido condenado a mais de 430 anos de cadeia e estima-se que tenha desviado cerca de R$ 220 milhões dos cofres públicos). Os Desembargadores do TRF2 optaram por  substituir a prisão domiciliar pela tornozeleira eletrônica.,12,13,79
Daniel Freitas,@DFDanielFreitas,https://twitter.com/DFDanielFreitas/status/1623748147586424832,2023-02-09T18:18:20.000Z,Lista atualizada!,40,103,404
Daniel Freitas,@DFDanielFreitas,https://twitter.com/DFDanielFreitas/status/1623346133312339968,2023-02-08T15:40:53.000Z,"Assinei o apoio para a instauração da CPMI do 8 de janeiro o quanto antes.

Mas creio que não teremos problemas para conseguir essas assinaturas, afinal de contas, quem em sã consciência seria contra investigar MINUCIOSAMENTE este atentado à nossa democracia?",17,47,253
Daniel Freitas,@DFDanielFreitas,https://twitter.com/DFDanielFreitas/status/1623115045382115328,2023-02-08T00:22:37.000Z,Lista atualizada. Temos muito chão pela frente ainda até os 171 nomes. Vamos conseguir!,68,383,1.409
Daniel Freitas,@DFDanielFreitas,https://twitter.com/DFDanielFreitas/status/1623007490416816146,2023-02-07T17:15:14.000Z,"Cuba e Venezuela captaram nos governos da Dilma e do Lula um montante de 2,2 bilhões de dólares via BNDES, mas não honraram com a dívida toda e ainda devem quase 1 bilhão de dólares.

A PEC do BNDEs que proponho é urgente. Já passamos de 50 assinaturas, mas precisamos de 171.",32,72,225
Daniel Freitas,@DFDanielFreitas,https://twitter.com/DFDanielFreitas/status/1622632964633907200,2023-02-06T16:27:00.000Z,"""E se o Uber sair? Problema do Uber. Não estou preocupado."" Luiz Marinho, Ministro do Trabalho do governo do Lula.",12,26,172
Daniel Freitas,@DFDanielFreitas,https://twitter.com/DFDanielFreitas/status/1621176330732863489,2023-02-02T15:58:51.000Z,"A derrota de ontem desanimou muitos e é claro que eu também estou preocupado, mas o que eu não vou fazer nunca é desistir. Por isso, peço que vocês me ajudem pedindo aos seus deputados que assinem o apoio. Precisamos inicialmente de 171 assinaturas. 👉 O código é CD 238788878600",15,71,265
Daniel Freitas,@DFDanielFreitas,https://twitter.com/DFDanielFreitas/status/1621165781248798722,2023-02-02T15:16:56.000Z,?,27,39,192
Daniel Freitas,@DFDanielFreitas,https://twitter.com/DFDanielFreitas/status/1620917781695971328,2023-02-01T22:51:29.000Z,É realmente inacreditável a quantidade de imbecil. Não à toa moramos num país que na caixa de ovo está escrito “contém ovo”.,2,13,80
Daniel Freitas,@DFDanielFreitas,https://twitter.com/DFDanielFreitas/status/1620899062978338816,2023-02-01T21:37:06.000Z,Tínhamos supostamente 38 votos “certos”. Rogério Marinho obteve 32. Quem são esses 6 que roeram a corda?,877,1.388,11 mil
Daniel Freitas,@DFDanielFreitas,https://twitter.com/DFDanielFreitas/status/1620894849867321345,2023-02-01T21:20:21.000Z,Pacheco reeleito.,13,1,33
Daniel Freitas,@DFDanielFreitas,https://twitter.com/DFDanielFreitas/status/1620870799317139456,2023-02-01T19:44:47.000Z,🚨Senador Girão acaba de desistir de sua candidatura e declarar voto ao Senador Rogério Marinho.,7,19,158
Daniel Freitas,@DFDanielFreitas,https://twitter.com/DFDanielFreitas/status/1620813414678548480,2023-02-01T15:56:45.000Z,"Posse finalizada, agora o foco é na votação de logo mais. Pela boca de urna, o senador @rogeriosmarinho já passou e tem fortes chances de vencer já no 1º turno. 
O Congresso não suporta mais um mandato do Pacheco, o estado democrático de direito brasileiro precisa do Marinho.",8,30,182
