nome,usuario,idTweet,dataPublicacao,texto,replies,retweets,likes
Domingos Neto,@Domingos_Neto,https://twitter.com/Domingos_Neto/status/1630283271262068740,2023-02-27T19:06:35.000Z,Drone tripulado como solução pras nossas cidades. Teria medo ou encarava?,0,0,3
Domingos Neto,@Domingos_Neto,https://twitter.com/Domingos_Neto/status/1629951901755121668,2023-02-26T21:09:51.000Z,Com o CEO da Huawei levando tecnologia pro nosso sertão! 🌵📱,0,1,15
Domingos Neto,@Domingos_Neto,https://twitter.com/Domingos_Neto/status/1629483992964644864,2023-02-25T14:10:32.000Z,Kkkkk motivacional do dia!,0,0,2
Domingos Neto,@Domingos_Neto,https://twitter.com/Domingos_Neto/status/1627614129983725569,2023-02-20T10:20:22.000Z,A nota 10 vai pro bloco dos profissionais da limpeza urbana que trabalha duro durante o carnaval para deixar nossas cidades 100%. Nas fotos estão os trabalhadores da nossa querida Tauá!,0,0,3
Domingos Neto,@Domingos_Neto,https://twitter.com/Domingos_Neto/status/1627394800319098880,2023-02-19T19:48:50.000Z,Quando você lembra que o carnaval vai acabar 😂,0,0,4
Domingos Neto,@Domingos_Neto,https://twitter.com/Domingos_Neto/status/1626223564201541634,2023-02-16T14:14:46.000Z,Matéria sobre o nosso PL que garante segurança aos aplicativos:,0,0,0
Domingos Neto,@Domingos_Neto,https://twitter.com/Domingos_Neto/status/1626166193244495873,2023-02-16T10:26:47.000Z,🎙️Entrevista daqui a pouco às 8h na @RadioCamara sobre o projeto para garantir mais segurança aos aplicativos bancários. Vamos falar também de dicas para evitar cair na ação de quadrilhas durante o carnaval. Ao vivo no link ou sintonizado na rádio.,0,0,0
Domingos Neto,@Domingos_Neto,https://twitter.com/Domingos_Neto/status/1625632307947110400,2023-02-14T23:05:19.000Z,Minha namorada ❤️,0,0,1
Domingos Neto,@Domingos_Neto,https://twitter.com/Domingos_Neto/status/1625592221318668299,2023-02-14T20:26:02.000Z,"Carnaval chegando, sempre bom reforçar as dicas de segurança pra não cair em golpe de aplicativo bancário! 

1- Se for levar o celular, apague os aplicativos dos bancos. Isso diminui o risco dos ladrões usarem os apps para fazer PIX, transferências e usar seu nome pra empréstimos",1,0,1
Domingos Neto,@Domingos_Neto,https://twitter.com/Domingos_Neto/status/1624383875853041664,2023-02-11T12:24:30.000Z,É sobre isso!,0,0,5
Domingos Neto,@Domingos_Neto,https://twitter.com/Domingos_Neto/status/1623463788493041664,2023-02-08T23:28:24.000Z,"Prestigiei o lançamento do livro ""Nova Lei de Improbidade Administrativa: inspirações e desafios"", coordenado pelo ministro @GilmarMendes e Rafael de Alencar Araripe. A obra é um compilado para gestores públicos, advogados e quem mais se interessar pelo tema. Recomendo!",2,0,9
Domingos Neto,@Domingos_Neto,https://twitter.com/Domingos_Neto/status/1622691886631686144,2023-02-06T20:21:08.000Z,Hoje tem filme cearense na telinha da Globo: Baião de Dois na Tela Quente!,1,1,8
Domingos Neto,@Domingos_Neto,https://twitter.com/Domingos_Neto/status/1622647580084535300,2023-02-06T17:25:05.000Z,Manifesto aqui minha solidariedade aos irmãos da Turquia e Síria que sofrem com esse terremoto. O Brasil está com vocês! 🙏🏽,0,0,0
Domingos Neto,@Domingos_Neto,https://twitter.com/Domingos_Neto/status/1621968485696815105,2023-02-04T20:26:36.000Z,"Vamos respeitar nosso forró viral, gente! Banda Takitá! 😂😂😂",0,1,4
Domingos Neto,@Domingos_Neto,https://twitter.com/Domingos_Neto/status/1620921602215927809,2023-02-01T23:06:39.000Z,Parabéns aos amigos @ArthurLira_ e @rodrigopacheco pelas eleições que os reconduziram à presidência da Câmara e Senado. Prevaleceu a democracia e o respeito a essa grande instituição que é o Congresso Nacional. 🙌,1,0,0
Domingos Neto,@Domingos_Neto,https://twitter.com/Domingos_Neto/status/1620814928679669760,2023-02-01T16:02:46.000Z,Dou conta?,0,0,1
Domingos Neto,@Domingos_Neto,https://twitter.com/Domingos_Neto/status/1620808104635158528,2023-02-01T15:35:39.000Z,❤️❤️❤️,0,0,6
Domingos Neto,@Domingos_Neto,https://twitter.com/Domingos_Neto/status/1620807961378689025,2023-02-01T15:35:05.000Z,"Empossado deputado federal pela quarta vez. Obrigado, meu povo!",1,0,3
