nome,usuario,idTweet,dataPublicacao,texto,replies,retweets,likes
Gilberto Abramo,@gilbertoabramo,https://twitter.com/gilbertoabramo/status/1629069346424123393,2023-02-24T10:42:53.000Z,"Bom dia 
Viva cada dia com gratidão!",5,0,1
Gilberto Abramo,@gilbertoabramo,https://twitter.com/gilbertoabramo/status/1626190583566852097,2023-02-16T12:03:42.000Z,"Bom dia

Quando algo ruim acontece, você tem três escolhas: deixar isso definir você, deixar isso destruir você ou fazer isso te deixar mais forte.",8,1,4
Gilberto Abramo,@gilbertoabramo,https://twitter.com/gilbertoabramo/status/1625822011149672451,2023-02-15T11:39:08.000Z,"Se eu tivesse seis horas para derrubar uma árvore, passaria as primeiras quatro afiando o machado.

Abraham Lincoln",4,0,2
Gilberto Abramo,@gilbertoabramo,https://twitter.com/gilbertoabramo/status/1625452474738900993,2023-02-14T11:10:44.000Z,"Não importa qual seja a dificuldade, sempre haverá uma maneira de superá-la.",2,0,4
Gilberto Abramo,@gilbertoabramo,https://twitter.com/gilbertoabramo/status/1625115926591856645,2023-02-13T12:53:24.000Z,Tenha foco e acredite nos seus sonhos. Tudo que vale a pena leva tempo.,2,0,1
Gilberto Abramo,@gilbertoabramo,https://twitter.com/gilbertoabramo/status/1624013921542709250,2023-02-10T11:54:26.000Z,"Bom dia
O sonho inspira, mas é a ação que realiza!",1,0,1
Gilberto Abramo,@gilbertoabramo,https://twitter.com/gilbertoabramo/status/1623646075247550465,2023-02-09T11:32:44.000Z,"Bom dia 
O êxito é a somatória dos pequenos esforços repetidos diariamente.",1,0,4
