nome,usuario,idTweet,dataPublicacao,texto,replies,retweets,likes
Guilherme Boulos,@GuilhermeBoulos,https://twitter.com/GuilhermeBoulos/status/1630307544244580352,2023-02-27T20:43:02.000Z,"MILICIANOS NO PODER. Documentos internos revelam que o chefe da inteligência da Receita Federal de Bolsonaro acessou ""sem motivo"" e fez cópias de dados sigilosos de adversários do genocida. Quem será que ordenou essa espionagem? 🤔",105,232,1.355
Guilherme Boulos,@GuilhermeBoulos,https://twitter.com/GuilhermeBoulos/status/1630225146127556615,2023-02-27T15:15:37.000Z,"Hoje começa a vacinação bivalente contra Covid em todo o Brasil. 

Sim, é isso mesmo.

Ele voltou.",874,1.302,21 mil
Guilherme Boulos,@GuilhermeBoulos,https://twitter.com/GuilhermeBoulos/status/1630220425119531009,2023-02-27T14:56:52.000Z,"- 2020: chefe da comunicação de Bolsonaro promete para vizinhos de luxo do litoral norte que ligaria para o presidente da Caixa. Caixa nega financiamento de 400 casas para áreas de risco no local.
- 2023: 65 vítimas das chuvas.

O bolsonarismo é literalmente um projeto de morte.",89,413,2.984
Guilherme Boulos,@GuilhermeBoulos,https://twitter.com/GuilhermeBoulos/status/1629978364378316800,2023-02-26T22:55:00.000Z,"Novo episódio de #CaféComBoulos no ar: Como Evitar as Próximas Tragédias?
Assista no Youtube:",22,23,228
Guilherme Boulos,@GuilhermeBoulos,https://twitter.com/GuilhermeBoulos/status/1629943797768417280,2023-02-26T20:37:38.000Z,"Domingo de trabalho em Guarulhos! Visitamos a comunidade Maria da Penha, com @EdianeMariaMTST, para tratar do novo Minha Casa Minha Vida e das iniciativas do nosso Mandato. Conheci também o projeto Quebrada Agroecológica, do @mtst, premiado pela ONU!",43,128,1.585
Guilherme Boulos,@GuilhermeBoulos,https://twitter.com/GuilhermeBoulos/status/1629843959672446977,2023-02-26T14:00:55.000Z,O Movimento Nacional pela Vacinação do Ministério da Saúde é uma política fundamental para marcar o fim definitivo da era antivacina no governo e retomar a posição do Brasil como exemplo de vacinação para o mundo👇🏻,62,169,1.709
Guilherme Boulos,@GuilhermeBoulos,https://twitter.com/GuilhermeBoulos/status/1629828790464438275,2023-02-26T13:00:39.000Z,O POÇO NÃO TEM FUNDO! Anderson Torres agora está sendo investigado por comércio ilegal de aves silvestres. O IBAMA encontrou 60 pássaros mantidos na casa do ex-ministro da JUSTIÇA.,448,782,9.145
Guilherme Boulos,@GuilhermeBoulos,https://twitter.com/GuilhermeBoulos/status/1629218640976379905,2023-02-24T20:36:08.000Z,Apresentamos um requerimento de urgência à Câmara para agilizar a votação do PL que institui auxílio emergencial às vítimas de enchentes e secas. É preciso garantir que as famílias afetadas pelos deslizamentos consigam reconstruir suas vidas depois da tragédia.,73,101,1.080
Guilherme Boulos,@GuilhermeBoulos,https://twitter.com/GuilhermeBoulos/status/1629096061443637250,2023-02-24T12:29:02.000Z,VOLTA DA DIPLOMACIA! A proposta do governo Lula de criar um grupo de nações para mediar a paz entre Rússia e Ucrânia foi bem recebida pelos dois países. Essa é mais uma mostra de que o Brasil pode - e deve - ter um papel de destaque no mundo.,228,284,3.765
Guilherme Boulos,@GuilhermeBoulos,https://twitter.com/GuilhermeBoulos/status/1628848829146472449,2023-02-23T20:06:38.000Z,Não vão nos intimidar! Miliciano vai responder no banco dos réus!,272,356,3.915
Guilherme Boulos,@GuilhermeBoulos,https://twitter.com/GuilhermeBoulos/status/1629942631852646401,2023-02-26T20:33:00.000Z,"Minha solidariedade a @livialagatto, alvo de ataques por um influencer bolsonarista. Que a Justiça seja feita e o covarde que a ameaçou arque com as consequências de sua agressão misógina e fascista.",18,79,1.036
Guilherme Boulos,@GuilhermeBoulos,https://twitter.com/GuilhermeBoulos/status/1628787057291059200,2023-02-23T16:01:10.000Z,ABSURDO! Grupo de moradores de casas de luxo de Maresias pediram para a prefeitura suspender a construção de moradias populares que visam atender famílias que viviam em áreas de risco. A segregação é cúmplice da tragédia.,593,1.871,"17,5 mil"
Guilherme Boulos,@GuilhermeBoulos,https://twitter.com/GuilhermeBoulos/status/1628737342222606338,2023-02-23T12:43:37.000Z,"Prioridades invertidas! Enquanto os países mais ricos já destinaram quase US$ 120 bilhões para a guerra na Ucrânia, a ONU avisa que com US$ 40 bilhões por ano seria possível combater a fome no mundo até 2030.",562,914,5.305
Guilherme Boulos,@GuilhermeBoulos,https://twitter.com/GuilhermeBoulos/status/1628722106698432513,2023-02-23T11:43:05.000Z,BOA NOTÍCIA! O governo Lula está trabalhando para retomar uma política nacional de chips semi-condutores. Temos de avançar na inovação para garantir empregos e indústrias no país. O Brasil não pode se limitar a exportar commodities enquanto importa tecnologia de ponta!,126,413,4.775
Guilherme Boulos,@GuilhermeBoulos,https://twitter.com/GuilhermeBoulos/status/1628527165133189129,2023-02-22T22:48:27.000Z,A desinformação é um problema crônico do bolsonarismo. Esse resolveu cobrar HOJE uma medida que Lula anunciou 2 dias atrás. Ignorância ou má fé?,3.865,5.419,"64,8 mil"
Guilherme Boulos,@GuilhermeBoulos,https://twitter.com/GuilhermeBoulos/status/1628500651679354880,2023-02-22T21:03:06.000Z,"A Prevenção de riscos é URGENTE no Brasil! Atualmente, cerca de 4 milhões de pessoas vivem em mais de 13 mil áreas de risco mapeadas em todo o país. É hora de priorizar a vida dessas pessoas para evitar tragédias futuras.",50,81,743
Guilherme Boulos,@GuilhermeBoulos,https://twitter.com/GuilhermeBoulos/status/1628484637218553856,2023-02-22T19:59:27.000Z,Uma simples partida de bilhar terminou com a morte de 6 pessoas no Mato Grosso. Temos de restringir o acesso da população civil às armas de fogo para que esse tipo de tragédia não se repita e a violência deixe de ser normalizada no nosso país.,401,395,4.969
Guilherme Boulos,@GuilhermeBoulos,https://twitter.com/GuilhermeBoulos/status/1628442608862208002,2023-02-22T17:12:27.000Z,"Excelente notícia, @ManuelaDavila!",34,40,604
Guilherme Boulos,@GuilhermeBoulos,https://twitter.com/GuilhermeBoulos/status/1628426500876951560,2023-02-22T16:08:27.000Z,"Depois de quase 5 anos sem avanços sob Bolsonaro, o ministro da Justiça Flávio Dino determinou à PF que investigue quem mandou matar Marielle Franco. A VERDADE VIRÁ À TONA!",491,623,7.574
Guilherme Boulos,@GuilhermeBoulos,https://twitter.com/GuilhermeBoulos/status/1628413765992448000,2023-02-22T15:17:50.000Z,Importantíssima a participação de @felipeneto no fórum da Unesco que debateu o combate às fake news nas redes sociais e a regulamentação digital para garantir a liberdade de expressão. Não podemos permitir a continuidade do mundo invertido bolsonarista!,279,440,4.951
Guilherme Boulos,@GuilhermeBoulos,https://twitter.com/GuilhermeBoulos/status/1628397981849247746,2023-02-22T14:15:07.000Z,"Tem gente vendendo um litro de água a 93 reais para as famílias que perderam tudo com as chuvas no litoral norte. Esse é o resultado da ganância e do ""cada um por si"" a qualquer custo.",172,227,2.920
Guilherme Boulos,@GuilhermeBoulos,https://twitter.com/GuilhermeBoulos/status/1628114820120600577,2023-02-21T19:29:56.000Z,"O orçamento que Bolsonaro deixou para enfrentamento a riscos e desastres foi pífio: R$671 milhões. O governo Lula aumentou esse valor em quase 3 vezes: R$1,7 bilhão. O problema não é simplesmente a chuva. É falta de investimentos para lidar com a tragédia anunciada!",278,272,3.094
Guilherme Boulos,@GuilhermeBoulos,https://twitter.com/GuilhermeBoulos/status/1627724309811560489,2023-02-20T17:38:11.000Z,Exemplo de solidariedade no Litoral Norte de SP! 👏👏👏,302,721,"11,4 mil"
Guilherme Boulos,@GuilhermeBoulos,https://twitter.com/GuilhermeBoulos/status/1627711486326874113,2023-02-20T16:47:14.000Z,A diferença de ter um Presidente humano!,5.549,4.609,"36,5 mil"
Guilherme Boulos,@GuilhermeBoulos,https://twitter.com/GuilhermeBoulos/status/1627479961912180737,2023-02-20T01:27:14.000Z,Estamos acompanhando o impacto devastador das chuvas no Litoral Norte de SP. Minha solidariedade às vítimas e aos desabrigados. Esperamos ação rápida do Poder Público de apoio a toda a região.,97,185,2.613
Guilherme Boulos,@GuilhermeBoulos,https://twitter.com/GuilhermeBoulos/status/1627448235659866115,2023-02-19T23:21:10.000Z,Crueldade sem limites. Assista o novo episódio do #CafeComBoulos:,16,25,245
Guilherme Boulos,@GuilhermeBoulos,https://twitter.com/GuilhermeBoulos/status/1626954177908801538,2023-02-18T14:37:58.000Z,Quebra do sigilo indica que Bolsonaro se vacinou escondido no meio da segunda onda de COVID enquanto milhares de brasileiros morriam por dia. Quantos dos 700 mil mortos morreram porque ouviram o genocida e não se vacinaram?,730,941,8.525
Guilherme Boulos,@GuilhermeBoulos,https://twitter.com/GuilhermeBoulos/status/1626906099688284160,2023-02-18T11:26:55.000Z,"VALORIZAÇÃO DO SERVIDOR! Todos os servidores públicos federais receberão, já a partir de março, um aumento de 8% no salário e de 43% no auxílio-alimentação. São cerca de 560 mil servidores beneficiados pela proposta do presidente Lula.",1.245,946,"11,9 mil"
Guilherme Boulos,@GuilhermeBoulos,https://twitter.com/GuilhermeBoulos/status/1626641182720725014,2023-02-17T17:54:14.000Z,"VITÓRIA! A juiza da 7ª Vara acabou de aceitar nosso pedido e proibiu a remoção de barracas e pertences da população em situação de rua pela prefeitura de Ricardo Nunes. Os sem-teto precisam de moradia, não de violência e desumanidade!",91,282,3.098
Guilherme Boulos,@GuilhermeBoulos,https://twitter.com/GuilhermeBoulos/status/1626589498598621190,2023-02-17T14:28:51.000Z,MAIS UMA VITÓRIA! O Conselho Nacional do Meio Ambiente está de volta! O CONAMA é o principal órgão consultivo e de participação social do Ministério do Meio Ambiente e havia sido destruído na gestão anterior.,28,134,1.582
Guilherme Boulos,@GuilhermeBoulos,https://twitter.com/GuilhermeBoulos/status/1626393763676299264,2023-02-17T01:31:04.000Z,De Brasília pra Itaquera!,299,267,5.395
Guilherme Boulos,@GuilhermeBoulos,https://twitter.com/GuilhermeBoulos/status/1626328971158642691,2023-02-16T21:13:37.000Z,A Justiça bloqueou R$ 2 BILHÕES de empresas acusadas de contrabando de ouro da Amazônia durante o governo Bolsonaro. A farra do garimpo ilegal vai acabar!,58,227,2.482
Guilherme Boulos,@GuilhermeBoulos,https://twitter.com/GuilhermeBoulos/status/1626298912217747456,2023-02-16T19:14:10.000Z,FIM DO PESADELO! O governo Lula anuncia hoje um reajuste médio de 40% nas bolsas para pesquisadores de mestrado e doutorado da Capes e do CNPQ. Uma vitória da ciência diante do obscurantismo bolsonarista! Vamos em frente!,120,253,3.923
Guilherme Boulos,@GuilhermeBoulos,https://twitter.com/GuilhermeBoulos/status/1626257825306402816,2023-02-16T16:30:54.000Z,Não vamos aceitar essa covardia com a população mais vulnerável de São Paulo.,94,201,1.678
Guilherme Boulos,@GuilhermeBoulos,https://twitter.com/GuilhermeBoulos/status/1626222477176356866,2023-02-16T14:10:26.000Z,"A BARBARIDADE que Ricardo Nunes está fazendo com as pessoas que vivem nas ruas de SP tem de parar! Junto do Padre Júlio Lancellotti, Movimento Nacional da População em Situação de Rua e outras lideranças, acionamos a Justiça para interromper a remoção absurda de barracas. (1/7)",61,278,2.396
Guilherme Boulos,@GuilhermeBoulos,https://twitter.com/GuilhermeBoulos/status/1625875348062625792,2023-02-15T15:11:04.000Z,Não há nada que explique a crueldade da prefeitura de São Paulo!,2.404,1.288,9.548
Guilherme Boulos,@GuilhermeBoulos,https://twitter.com/GuilhermeBoulos/status/1625871820216799232,2023-02-15T14:57:03.000Z,"PRA CIMA! O presidente Lula deve anunciar em maio um novo reajuste do salário mínimo, que deve chegar a R$ 1.320,00. Esse é só o começo. A reconstrução do Brasil exige o aumento da renda dos trabalhadores. Seguiremos avançando!",3.177,625,8.405
Guilherme Boulos,@GuilhermeBoulos,https://twitter.com/GuilhermeBoulos/status/1625612246087831554,2023-02-14T21:45:36.000Z,"Vamos trabalhar muito em parceria com Lula para aprovar o novo Minha Casa Minha Vida. Moradia digna não é favor, é direito.",491,669,7.454
Guilherme Boulos,@GuilhermeBoulos,https://twitter.com/GuilhermeBoulos/status/1625565492713820178,2023-02-14T18:39:49.000Z,Hoje a Polícia Federal fez as primeiras prisões de políticos diretamente  envolvidos na tentativa de golpe de 8 de janeiro. SEM ESQUECIMENTO! SEM ANISTIA! A hora da familícia também está chegando.,491,610,7.527
Guilherme Boulos,@GuilhermeBoulos,https://twitter.com/GuilhermeBoulos/status/1625495749365743616,2023-02-14T14:02:41.000Z,Já passou da hora: os juros precisam cair pra que o Brasil volte a crescer! #JurosBaixosJá,108,183,1.222
Guilherme Boulos,@GuilhermeBoulos,https://twitter.com/GuilhermeBoulos/status/1625473081908072448,2023-02-14T12:32:37.000Z,"Hoje o presidente Lula lança o novo Minha Casa, Minha Vida. Foram 4 anos sem política habitacional para os mais pobres. Agora voltaremos a ter instrumentos para avançar na moradia digna e no direito à cidade!",442,392,5.546
Guilherme Boulos,@GuilhermeBoulos,https://twitter.com/GuilhermeBoulos/status/1625270512053108740,2023-02-13T23:07:40.000Z,"O Banco Central tem um infiltrado. Assista o #CafeComBoulos, no Youtube:",24,49,323
Guilherme Boulos,@GuilhermeBoulos,https://twitter.com/GuilhermeBoulos/status/1625154358571589634,2023-02-13T15:26:07.000Z,"OS MANDANTES VÃO PAGAR! A Advocacia Geral da União acaba de pedir a condenação dos financiadores do 8 de janeiro. As pessoas e empresas que bancaram os atos terroristas pagarão pela destruição. Ainda tem muito golpista pra responder, inclusive parlamentares, mas é um bom começo.",503,457,5.020
Guilherme Boulos,@GuilhermeBoulos,https://twitter.com/GuilhermeBoulos/status/1624805685140639744,2023-02-12T16:20:37.000Z,REVOLTANTE! Repostagem mostra que Bolsonaro soube da fome dos ianomâmis e mesmo assim CORTOU O ENVIO DE COMIDA para os indígenas. O genocida tem de ir pra cadeia!,819,948,8.977
Guilherme Boulos,@GuilhermeBoulos,https://twitter.com/GuilhermeBoulos/status/1624785322289598464,2023-02-12T14:59:42.000Z,Vamos atuar juntos contra a desumanidade da prefeitura com a população em situação de rua!@pejulio,415,675,7.606
Guilherme Boulos,@GuilhermeBoulos,https://twitter.com/GuilhermeBoulos/status/1624754583036723203,2023-02-12T12:57:33.000Z,"Começando o domingo com o @pejulio para tratarmos da ação absurda da Prefeitura de São Paulo de retirada das barracas da população em situação de rua, sem oferecer alternativas.",262,423,7.397
Guilherme Boulos,@GuilhermeBoulos,https://twitter.com/GuilhermeBoulos/status/1624192823720398848,2023-02-10T23:45:19.000Z,DEMOROU MUITO! Ronnie Lessa está preso há 4 anos pelo assassinato da Marielle e só hoje foi expulso da PM do Rio de Janeiro. Agora falta descobrir e prender também os mandantes desse crime brutal. Quem mandou matar Marielle?,738,1.344,"15,8 mil"
Guilherme Boulos,@GuilhermeBoulos,https://twitter.com/GuilhermeBoulos/status/1624087293899202560,2023-02-10T16:45:59.000Z,"Nas mãos de Tarcísio, o Estado mais rico do Brasil tem dinheiro para:

Aumentar o salário do próprio governador ✅Distribuir absorventes em escolas ❌A população vulnerável nunca foi a prioridade do herdeiro do bolsonarismo.",258,833,6.368
Guilherme Boulos,@GuilhermeBoulos,https://twitter.com/GuilhermeBoulos/status/1624055591017537537,2023-02-10T14:40:01.000Z,"Em vez de trabalhar por São Paulo,  o prefeito Ricardo Nunes me ataca por denunciar sua política desumana para a população em situação de rua. Reitero: quem promete arrancar barracas e usar munição química contra sem-teto não tem condições de gerir a maior cidade do Brasil.",235,746,7.348
Guilherme Boulos,@GuilhermeBoulos,https://twitter.com/GuilhermeBoulos/status/1623760637456162825,2023-02-09T19:07:58.000Z,"Estamos juntos, @pejulio!",45,64,725
Guilherme Boulos,@GuilhermeBoulos,https://twitter.com/GuilhermeBoulos/status/1623757010498879493,2023-02-09T18:53:33.000Z,"Hoje, nós da bancada do PSOL protocolamos um pedido de cassação imediata do mandato de Damares Alves! Está claro que a ex-ministra de Bolsonaro prevaricou e foi omissa diante do genocídio Yanomami. Damares é co-responsável pela tragédia que já levou tantas vidas indígenas.",1.052,1.268,"13,2 mil"
Guilherme Boulos,@GuilhermeBoulos,https://twitter.com/GuilhermeBoulos/status/1623749041858158592,2023-02-09T18:21:54.000Z,A Cozinha Solidária será política pública! Obrigado ao ministro Wellington Dias pela parceria. Vamos fazer a nossa parte no Congresso!,38,133,1.008
Guilherme Boulos,@GuilhermeBoulos,https://twitter.com/GuilhermeBoulos/status/1623669061207875585,2023-02-09T13:04:05.000Z,"Não custa lembrar: tal qual seu amigo Paulo Guedes, Roberto Campos Neto manteve empresas em paraísos fiscais depois de assumir a Presidência do Banco Central e lucrou com a alta do dólar durante o governo Bolsonaro.",352,1.112,6.606
Guilherme Boulos,@GuilhermeBoulos,https://twitter.com/GuilhermeBoulos/status/1623474444051132416,2023-02-09T00:10:44.000Z,Hoje se completa um mês da tentativa de golpe de estado em Brasília. Não esqueceremos: Bolsonaro e sua corja de golpistas têm que ir pra cadeia!,712,996,8.432
Guilherme Boulos,@GuilhermeBoulos,https://twitter.com/GuilhermeBoulos/status/1623369135852847105,2023-02-08T17:12:17.000Z,O trabalho não para! Encontro hoje com o Presidente @LulaOficial e os líderes da base de apoio ao Governo. Vamos juntos reconstruir o Brasil! 📸 @ricardostuckert,341,324,7.351
Guilherme Boulos,@GuilhermeBoulos,https://twitter.com/GuilhermeBoulos/status/1623324576741572608,2023-02-08T14:15:13.000Z,GRAVE! O partido de Bolsonaro quer indicar Ricardo Salles para comandar a Comissão de Meio Ambiente da Câmara. Vamos lutar pra que o traficante de madeira fique bem longe do órgão e cumpra seu mandato onde lhe cabe: na cadeia. Vamos pra cima!,680,1.233,"10,8 mil"
Guilherme Boulos,@GuilhermeBoulos,https://twitter.com/GuilhermeBoulos/status/1623282787049504768,2023-02-08T11:29:10.000Z,"Nas eleições, Bolsonaro orientou seus eleitores a votarem com a camisa da seleção. Adivinha com que roupa o presidente ""independente"" do Banco Central foi votar? 🤡",2.080,2.038,15 mil
Guilherme Boulos,@GuilhermeBoulos,https://twitter.com/GuilhermeBoulos/status/1623102964276625409,2023-02-07T23:34:37.000Z,"As enchentes em São Paulo são uma tragédia anunciada. Mais uma vez, milhares de paulistanos sofrem as consequências da falta de uma política de prevenção. Toda solidariedade às famílias das vítimas da irresponsabilidade da prefeitura. É preciso exigir providências urgentes!",73,139,1.429
Guilherme Boulos,@GuilhermeBoulos,https://twitter.com/GuilhermeBoulos/status/1623081926360723456,2023-02-07T22:11:01.000Z,"Vamos pedir a convocação de Campos Neto, Presidente do BC, para dar esclarecimentos na Câmara sobre a manutenção dos juros elevados. Pra cima!",1.975,2.066,"12,7 mil"
Guilherme Boulos,@GuilhermeBoulos,https://twitter.com/GuilhermeBoulos/status/1622975369396494343,2023-02-07T15:07:36.000Z,"BC mantém SELIC a 13,75%.

O Brasil paga R$ 36 bilhões (meio Bolsa Família) em juros da dívida pública a cada ponto da SELIC.

Juros da dívida são pagos em sua maioria para bancos e instituições financeiras.

Presidente do BC trabalhou 17 anos no Santander.

Precisa desenhar?",2.002,2.845,"15,6 mil"
Guilherme Boulos,@GuilhermeBoulos,https://twitter.com/GuilhermeBoulos/status/1622935019915206663,2023-02-07T12:27:16.000Z,"INDEPENDENTE? Banco Central nas mãos de Roberto Campos Neto não tem NENHUMA independência, continua totalmente vinculado ao bolsonarismo. Ou temos alguma dúvida que o presidente do BC é alguém que Bolsonaro deixou infiltrado lá?",528,1.116,4.761
Guilherme Boulos,@GuilhermeBoulos,https://twitter.com/GuilhermeBoulos/status/1622904341085528064,2023-02-07T10:25:21.000Z,Lula foi eleito Presidente da República por mais de 60 milhões de brasileiros. Quem elegeu Campos Neto para Presidente do Banco Central?,8.445,3.641,33 mil
Guilherme Boulos,@GuilhermeBoulos,https://twitter.com/GuilhermeBoulos/status/1622675438618157056,2023-02-06T19:15:47.000Z,"DESUMANO! O novo subprefeito da Sé prometeu retirar barracas e estuda usar MUNIÇÃO QUÍMICA contra a população em situação de rua. Ao recorrer à violência, a Prefeitura admite a própria incompetência em resolver a tragédia social em SP!",152,563,4.614
Guilherme Boulos,@GuilhermeBoulos,https://twitter.com/GuilhermeBoulos/status/1622604607514968065,2023-02-06T14:34:19.000Z,"O presidente Lula está certíssimo ao questionar a ""independência"" do Banco Central.  Se o BC não precisa prestar contas à sociedade brasileira, ele responde a quem? Dica: o Brasil tem a maior taxa de juro real DO MUNDO. Quem ganha com isso?",2.478,3.504,"31,1 mil"
Guilherme Boulos,@GuilhermeBoulos,https://twitter.com/GuilhermeBoulos/status/1622603160387829762,2023-02-06T14:28:34.000Z,ESSA CONTA NÃO FECHA! São Paulo nunca teve tanto dinheiro em caixa e ao mesmo tempo a cidade nunca foi tão suja e maltratada. Pra onde está indo o dinheiro público já que não é pra cuidar da cidade?,231,645,4.606
Guilherme Boulos,@GuilhermeBoulos,https://twitter.com/GuilhermeBoulos/status/1622573787139960832,2023-02-06T12:31:51.000Z,"Paulo Guedes quer abrir uma ""escolinha"" de liberalismo para perpetuar seu ""legado"".

O legado:

- 33 milhões de pessoas passando fome
- 40% dos trabalhadores são informais e precarizados
- Quase 80% dos brasileiros têm dívidas 
- Renda do trabalho com o pior desempenho em 10 anos",394,1.001,6.777
Guilherme Boulos,@GuilhermeBoulos,https://twitter.com/GuilhermeBoulos/status/1622346237704867845,2023-02-05T21:27:39.000Z,Terminando o domingo com uma grande assembleia em Santo André para tratar do novo Minha Casa Minha Vida. Pra cima! 👊,58,143,2.819
Guilherme Boulos,@GuilhermeBoulos,https://twitter.com/GuilhermeBoulos/status/1622253273527762944,2023-02-05T15:18:15.000Z,"Mesmo com uma lesão no punho, nossa guerreira Rayssa Leal arrepiou nos Emirados Árabes e agora é campeã mundial de skate street. Parabéns, fadinha, você é motivo de orgulho para todos os brasileiros!",38,206,5.125
Guilherme Boulos,@GuilhermeBoulos,https://twitter.com/GuilhermeBoulos/status/1622238163308519428,2023-02-05T14:18:12.000Z,"ABSURDO! Quem merece punição são os nazistas, não quem os denuncia! Toda minha solidariedade à vereadora Maria Tereza Capra, que teve seu mandato cassado arbitrariamente por denunciar Bolsonaristas fazendo saudação nazista nos atos golpistas em São Miguel do Oeste/SC.",641,1.318,"15,6 mil"
Guilherme Boulos,@GuilhermeBoulos,https://twitter.com/GuilhermeBoulos/status/1621979043594633216,2023-02-04T21:08:33.000Z,"Michelle Bolsonaro mandou matar as carpas do Palácio da Alvorada para pegar moedas jogadas por turistas no espelho d'água. Definitivamente, a família de milicianos saqueou tudo que viu pela frente!",5.793,6.162,"61,1 mil"
Guilherme Boulos,@GuilhermeBoulos,https://twitter.com/GuilhermeBoulos/status/1621905412113956866,2023-02-04T16:15:58.000Z,Quem era o presidente em dezembro de 2022?,2.868,3.286,"42,4 mil"
Guilherme Boulos,@GuilhermeBoulos,https://twitter.com/GuilhermeBoulos/status/1621627416228642818,2023-02-03T21:51:19.000Z,"A CASA TÁ CAINDO! O STF mandou investigar Marcos do Val depois que ele voltou atrás das acusações de golpismo contra Bolsonaro. Se ficar, o bicho pega - se correr, o bicho come!",330,506,7.948
Guilherme Boulos,@GuilhermeBoulos,https://twitter.com/GuilhermeBoulos/status/1621293946998591488,2023-02-02T23:46:13.000Z,SEM ANISTIA! Acionamos o Ministério Público Federal para que Bolsonaro e seu comparsa Daniel Silveira sejam investigados por atentado contra a democracia. Os golpistas precisam voltar para o esgoto de onde vieram!,365,773,8.051
Guilherme Boulos,@GuilhermeBoulos,https://twitter.com/GuilhermeBoulos/status/1621256018452701186,2023-02-02T21:15:30.000Z,"1. Marcos do Val resolveu abrir a boca sobre o convite de Bolsonaro para participar do golpe. 

2. Flavio Bolsonaro correu pra encontrar com ele.

3. Ele mudou o discurso e isentou Jair Bolsonaro.

Muito estranho...",1.094,1.578,"18,8 mil"
Guilherme Boulos,@GuilhermeBoulos,https://twitter.com/GuilhermeBoulos/status/1621170656602886146,2023-02-02T15:36:19.000Z,"CRUELDADE! Nesse exato momento, na periferia de Osasco, a Tropa de Choque da GCM está arrancando mais de 90 famílias de suas casas. A ação truculenta de despejo, que acontece a mando da prefeitura de Osasco, é desumana e precisa ser barrada imediatamente!",142,542,4.645
Guilherme Boulos,@GuilhermeBoulos,https://twitter.com/GuilhermeBoulos/status/1621153280536764418,2023-02-02T14:27:16.000Z,MAIS UM CRIME! Bolsonaro orientou senador a gravar ministro do STF para tentar anular eleições. O chefe do golpismo no país tem nome e sobrenome e precisa ir pra cadeia!,412,854,9.194
Guilherme Boulos,@GuilhermeBoulos,https://twitter.com/GuilhermeBoulos/status/1621124060817104896,2023-02-02T12:31:09.000Z,"Perdemos hoje uma das personalidades mais reconhecidas da TV. Mais do que isso: uma das primeiras mulheres negras a ter protagonismo e destaque nos lares de milhões de brasileiros. Descanse em paz, Glória Maria. Aos familiares e amigos, meus sentimentos.",22,306,6.473
Guilherme Boulos,@GuilhermeBoulos,https://twitter.com/GuilhermeBoulos/status/1621112199274979328,2023-02-02T11:44:01.000Z,Grande dia! 👍,219,643,"12,3 mil"
Guilherme Boulos,@GuilhermeBoulos,https://twitter.com/GuilhermeBoulos/status/1620788644624867328,2023-02-01T14:18:20.000Z,"Chegando no congresso! Vamos juntos, pra cima deles! ✊",1.790,1.497,"22,3 mil"
Guilherme Boulos,@GuilhermeBoulos,https://twitter.com/GuilhermeBoulos/status/1620776202763116544,2023-02-01T13:28:53.000Z,Chegando de Celtinha pra tomar posse na Câmara dos Deputados!,7.236,5.204,97 mil
Guilherme Boulos,@GuilhermeBoulos,https://twitter.com/GuilhermeBoulos/status/1620772816059764736,2023-02-01T13:15:26.000Z,POVO NO PODER! Daqui a pouco tomaremos posse para honrar os mais de 1 milhão de votos recebidos pelo nosso mandato e dar início a nossa luta na Câmara por mais direitos e justiça social. Teremos muito trabalho pela frente. Contem comigo!,121,230,4.170
