nome,usuario,idTweet,dataPublicacao,texto,replies,retweets,likes
Luiz Philippe de Orleans e Bragança,@lpbragancabr,https://twitter.com/lpbragancabr/status/1629140895546089472,2023-02-24T15:27:12.000Z,Monitorem,209,2.705,8.036
Luiz Philippe de Orleans e Bragança,@lpbragancabr,https://twitter.com/lpbragancabr/status/1628892744465743872,2023-02-23T23:01:08.000Z,"“Os termos capitalismo de estado, fascismo econômico, capitalismo planejado e, sua última versão, capitalismo progressista significam a mesma coisa...” confira no artigo Publicado:",18,217,1.249
Luiz Philippe de Orleans e Bragança,@lpbragancabr,https://twitter.com/lpbragancabr/status/1627007846570237953,2023-02-18T18:11:13.000Z,Reforma tributária: pergunta chave para avaliar qualquer proposta é se ela serve para o governo arrecadar e controlar mais ou se serve para facilitar e desonerar a vida do eleitor. Dica: o governo quer a PEC 45 & 110 e não quer a PEC 7/2020.,49,345,2.535
Luiz Philippe de Orleans e Bragança,@lpbragancabr,https://twitter.com/lpbragancabr/status/1625925927753351170,2023-02-15T18:32:04.000Z,A culpa dos juros altos é do governo. Querem operar sem teto de gastos e agora não conseguem financiadores de suas contas mirabolantes…ao menos não no atual patamar de juros.,84,582,4.121
Luiz Philippe de Orleans e Bragança,@lpbragancabr,https://twitter.com/lpbragancabr/status/1624405781394194432,2023-02-11T13:51:32.000Z,"Só através da política o desqualificado, notoriamente incompetente e condenado por improbidade consegue comandar trilhões em recursos e nomear seus semelhantes para comandar outros bilhões.",188,1.034,7.401
Luiz Philippe de Orleans e Bragança,@lpbragancabr,https://twitter.com/lpbragancabr/status/1623715052690804739,2023-02-09T16:06:50.000Z,Em 2004 foram feitos vários ajustes no poder judiciário.   Agora nossa proposta surge para dar sequência a esses ajustes e contamos com apoio de juízes.  Abaixo os deputados que já assinaram:,154,660,3.102
Luiz Philippe de Orleans e Bragança,@lpbragancabr,https://twitter.com/lpbragancabr/status/1623473626384039936,2023-02-09T00:07:29.000Z,"Marcos Troyjo, atual presidente do banco dos BRICS, é qualificado internacionalmente, articulado e pensador estrategista. Querem sua substituição para manter a média cognitiva do governo.",111,643,4.926
Luiz Philippe de Orleans e Bragança,@lpbragancabr,https://twitter.com/lpbragancabr/status/1623289507393990656,2023-02-08T11:55:52.000Z,"Governo que gasta mais que arrecada aumenta risco de não pagamento de suas dívidas e esse risco aumenta juros. Ao invés do governo gastar o que arrecada, ou menos, eles acham que controlando o Banco Central e os juros o problema desaparece. É tudo ao contrário na cabeça deles.",148,882,5.321
Luiz Philippe de Orleans e Bragança,@lpbragancabr,https://twitter.com/lpbragancabr/status/1623120280359927809,2023-02-08T00:43:25.000Z,É aflitivo ver um desavisado enfiar o dedo numa tomada. É a mesma sensação ver o presidilmo querendo controle do banco central. Não é nosso objetivo mas nossas críticas preservam o governo de sua própria ignorância.,150,768,6.648
Luiz Philippe de Orleans e Bragança,@lpbragancabr,https://twitter.com/lpbragancabr/status/1622992012340350976,2023-02-07T16:13:44.000Z,O fóssil impôs sigilo nas imagens do dia 8 de janeiro e não quer CPI dos atos anti-instituições.  Deve ter boas razões.,749,2.845,"18,4 mil"
Luiz Philippe de Orleans e Bragança,@lpbragancabr,https://twitter.com/lpbragancabr/status/1622620253468360705,2023-02-06T15:36:29.000Z,Artista faz da arte seu meio de vida. Com a Lei Rouanet artista vira um funcionário público que diz que faz arte para manter recursos.,177,1.105,8.015
Luiz Philippe de Orleans e Bragança,@lpbragancabr,https://twitter.com/lpbragancabr/status/1622206553943154689,2023-02-05T12:12:36.000Z,Essa semana foi recriado os conselhos populares que foram rejeitados no governo Dilma. Esses conselhos são uma forma de definir políticas públicas tirando legitimidade do debate no Congresso e concentrando mais poder no executivo. Autocracia é a nova democracia.,247,1.133,6.397
Luiz Philippe de Orleans e Bragança,@lpbragancabr,https://twitter.com/lpbragancabr/status/1622079099773517824,2023-02-05T03:46:08.000Z,EUA derruba balão chinês que monitorava seu país. Parece que existe balão chinês monitorando a América Latina também. Mas não temos como abatê-lo pois não investimos em tecnologia para proteger nossa soberania aeroespacial pois “não temos inimigos” não é mesmo?,882,2.150,"17,1 mil"
Luiz Philippe de Orleans e Bragança,@lpbragancabr,https://twitter.com/lpbragancabr/status/1621291752362491904,2023-02-02T23:37:30.000Z,"Há alguns projetos do “novo governo” que não se revertem, afetam a todos, demoram para implementar e determinam se teremos um país próspero ou miserável. A reforma tributária é um desses. Foco.",49,262,2.761
Luiz Philippe de Orleans e Bragança,@lpbragancabr,https://twitter.com/lpbragancabr/status/1621221383127633925,2023-02-02T18:57:53.000Z,"Sinal bom não é. Surpreenderia se o mercado tivesse comprado todos títulos do governo a juros mais baixos. Mas depois de 30 dias de desordem o sinal ficou claro, o governo não sabe governar e ninguém compra bagunça.",24,239,1.159
