nome,usuario,idTweet,dataPublicacao,texto,replies,retweets,likes
Lucas Ramos,@LucasRamosPE,https://twitter.com/LucasRamosPE/status/1626282467685548032,2023-02-16T18:08:49.000Z,"A valorização da Ciência e Educação é determinante para o desenvolvimento do Brasil. Os reajustes nas bolsas da Capes e CNPq, além de um reparo histórico, mostram que estamos acelerados e no caminho certo de reconstrução do nosso País.",1,1,1
Lucas Ramos,@LucasRamosPE,https://twitter.com/LucasRamosPE/status/1625898669806391296,2023-02-15T16:43:45.000Z,O Brasil com S está de volta e a Marca Brasil veio pra ficar!#brasilcoms #EmbraturBrasil,0,0,0
Lucas Ramos,@LucasRamosPE,https://twitter.com/LucasRamosPE/status/1622660494736916480,2023-02-06T18:16:24.000Z,"Recebemos com imensa tristeza a notícia da morte de um jovem de 19 anos, vítima de deslizamento de barreira em Olinda. Que Deus conforte familiares e amigos de Israel Campelo dos Santos, e dê forças para todas as pessoas feridas e desabrigadas.",1,0,2
Lucas Ramos,@LucasRamosPE,https://twitter.com/LucasRamosPE/status/1622582058232037376,2023-02-06T13:04:43.000Z,"Toda nossa solidariedade à população da Turquia e da Síria. Até o momento, mais de 1.500 vidas foram perdidas, neste que é o maior terremoto dos últimos cem anos. A cooperação internacional, com a participação efetiva do Brasil, é fundamental para reconstrução dos países.",0,0,1
