nome,usuario,idTweet,dataPublicacao,texto,replies,retweets,likes
Murilo Galdino,@murilogaldinopb,https://twitter.com/murilogaldinopb/status/1629451120622854144,2023-02-25T11:59:55.000Z,"Você sabe o que é o Ministério das Comunicações (Mcom)? Ele é responsável pela gestão de serviços de telecomunicação, radiodifusão e serviços postais. E hoje completa 56 anos de sua criação. A comunicação é o pilar mais importante da evolução humana!👏🏻",0,1,4
Murilo Galdino,@murilogaldinopb,https://twitter.com/murilogaldinopb/status/1629093253789241344,2023-02-24T12:17:53.000Z,"Você conhece Celina Guimarães Vianna?🤔Hoje é o Dia da Conquista do Voto Feminino no Brasil. A data é muito importante, como um marco na conquista dos direitos das mulheres. Celina foi a primeira mulher eleitora no Brasil.",1,0,3
Murilo Galdino,@murilogaldinopb,https://twitter.com/murilogaldinopb/status/1627770854447763457,2023-02-20T20:43:08.000Z,Gostaria de desejar meus sentimentos a todas as famílias que perderam pessoas que amavam com as fortes chuvas no litoral de São Paulo. Toda ajuda é valida e aqui está uma forma de doar para ajudar a população da região atingida.,2,0,3
Murilo Galdino,@murilogaldinopb,https://twitter.com/murilogaldinopb/status/1627649780854685698,2023-02-20T12:42:02.000Z,"Hoje é o Dia Mundial da Justiça Social. A data foi criada com o objetivo de reflexão sobre a necessidade do enfrentamento da pobreza, da discriminação e do desemprego. Precisamos remover as barreiras que ainda separam as pessoas!",3,0,2
Murilo Galdino,@murilogaldinopb,https://twitter.com/murilogaldinopb/status/1627301040159694848,2023-02-19T13:36:16.000Z,"🚴‍♀️O Dia do Esportista é comemorado hoje. A data tem o objetivo de incentivar e homenagear a prática de esportes, para o desenvolvimento de uma vida muito mais saudável.
Seja qual for o esporte, o importante é praticar!🏃‍♂️💙",0,0,2
Murilo Galdino,@murilogaldinopb,https://twitter.com/murilogaldinopb/status/1626927018771111942,2023-02-18T12:50:02.000Z,Hoje é o Dia Nacional de Combate ao Alcoolismo. A data busca conscientizar sobre os malefícios e doenças que o consumo excessivo de bebidas alcoólicas pode causar. Lembre-se: dia de se conscientizar é todo dia!,1,1,3
Murilo Galdino,@murilogaldinopb,https://twitter.com/murilogaldinopb/status/1626688986658885641,2023-02-17T21:04:11.000Z,"#Sextou já em clima de carnaval!🥳🎉Depois de dois anos, as festividades carnavalescas com tradições e manifestações populares estão de volta, e ainda mais animadas. É muito bom ver a felicidade e a energia do povo nessa época.🫶🏻",1,0,4
Murilo Galdino,@murilogaldinopb,https://twitter.com/murilogaldinopb/status/1626673072798326804,2023-02-17T20:00:57.000Z,"Obrigado, meu Deus! 🙌🏻💙Mais uma semana de trabalho chegando ao fim e o sentimento é de gratidão. Vamos descansar e recuperar as energias nesse final de semana!🤩",0,1,5
Murilo Galdino,@murilogaldinopb,https://twitter.com/murilogaldinopb/status/1626277239766544392,2023-02-16T17:48:03.000Z,"O Governo Federal publicou a Medida Provisória Nº 1.162, de 2023, que retoma o Programa Minha Casa, Minha Vida, o qual tem como finalidade proporcionar o direito à moradia para famílias de baixa renda.",1,0,6
Murilo Galdino,@murilogaldinopb,https://twitter.com/murilogaldinopb/status/1625910777512177673,2023-02-15T17:31:51.000Z,"Recebi em meu gabinete representantes da saúde do Governo do Estado, o secretário de Saúde, Dr. Jhony Bezerra e o diretor administrativo do Hospital de Trauma de Campina Grande, Dr. André Pinto Villarim.",1,0,3
Murilo Galdino,@murilogaldinopb,https://twitter.com/murilogaldinopb/status/1625828049408208897,2023-02-15T12:03:08.000Z,"15 de fevereiro é o Dia Internacional da Luta Contra  o Câncer Infantil. 💛A data é muito importante para a conscientização e educação sobre prevenção, melhores condições de tratamento e medicamentos. Lembrem sempre: o diagnóstico precoce pode salvar vidas!🙌🏻",0,0,2
Murilo Galdino,@murilogaldinopb,https://twitter.com/murilogaldinopb/status/1625099418532732928,2023-02-13T11:47:48.000Z,"Bom dia a todos!☀️💙Mais uma semana começando, que Deus nos abençoe grandemente, com muitas realizações.🙌🏻",0,0,6
Murilo Galdino,@murilogaldinopb,https://twitter.com/murilogaldinopb/status/1624013478322110466,2023-02-10T11:52:40.000Z,"Hoje é o Dia do Atleta Profissional. Gostaria de parabeniza-lós por fazerem da vida uma prova de superação, nos emocionando em cada conquista.",0,0,3
Murilo Galdino,@murilogaldinopb,https://twitter.com/murilogaldinopb/status/1623423419675992067,2023-02-08T20:47:59.000Z,"No dia de hoje a Confederação Nacional de Municípios completa 43 anos, consolidando o movimento municipalista. Parabenizo em nome do Presidente da CNM, Paulo Ziulkoski, a todos que fazem parte da confederação lutando e conquistando o fortalecimento dos municípios.",0,0,7
Murilo Galdino,@murilogaldinopb,https://twitter.com/murilogaldinopb/status/1623122761705988097,2023-02-08T00:53:17.000Z,"O deputado Murilo tá on! ✅Participei da primeira reunião da bancada da Paraíba. Lá discutimos quais serão as prioridades e planos para melhorias do nosso Estado. 

Simbora que vem muito trabalho por aí. 🙌🏻#MGDeputadoFederal #MuriloGaldinoDeputadoFederal #Paraíba",0,0,5
Murilo Galdino,@murilogaldinopb,https://twitter.com/murilogaldinopb/status/1623088965065625601,2023-02-07T22:38:59.000Z,"Participando da Sessão Extraordinária Deliberativa, no Plenário Ulysses Guimarães. Desejo um bom trabalho a todos e que a nossa semana seja muito feliz e produtiva. Abraço!👊🏻",0,0,6
Murilo Galdino,@murilogaldinopb,https://twitter.com/murilogaldinopb/status/1622563118831247363,2023-02-06T11:49:27.000Z,"No dia de hoje é comemorado o Dia do Agente de Defesa Ambiental. 
Profissional responsável pela proteção do nosso meio ambiente e pelo desenvolvimento sustentável. Parabéns a todos esses profissionais que cuidam da nossa natureza.",0,0,4
Murilo Galdino,@murilogaldinopb,https://twitter.com/murilogaldinopb/status/1622244998916841473,2023-02-05T14:45:22.000Z,"Hoje é o Dia do Dermatologista. É a área da medicina que cuida e trata das doenças de pele, cabelos e unhas. Parabéns à todos os profissionais pela dedicação ao tratamento médico, à beleza e à conscientização!👏🏻",0,0,3
Murilo Galdino,@murilogaldinopb,https://twitter.com/murilogaldinopb/status/1621878039687708673,2023-02-04T14:27:12.000Z,"“Ou somos irmãos ou tudo desaba.” Papa Francisco 
Hoje é o Dia Internacional da Fraternidade Humana. Data que tem como objetivo promover a tolerância cultural e religiosa. Devemos caminhar um ao lado do outro, para alcançarmos a paz e a justiça.🤝🏻",0,0,6
Murilo Galdino,@murilogaldinopb,https://twitter.com/murilogaldinopb/status/1621540052516962304,2023-02-03T16:04:09.000Z,No dia de hoje a Polícia Militar da Paraíba comemora 191 anos de criação. Venho parabenizar a todos que integram a corporação e destaco sua importância em garantir a segurança da população do nosso Estado.,1,0,2
Murilo Galdino,@murilogaldinopb,https://twitter.com/murilogaldinopb/status/1621122641401892864,2023-02-02T12:25:31.000Z,"Notícia muito triste. A jornalista Glória Maria, lenda do jornalismo brasileiro, falece aos 73 anos. Uma mulher à frente do seu tempo que será sempre lembrada. Descanse em paz. 🥀",0,0,1
Murilo Galdino,@murilogaldinopb,https://twitter.com/murilogaldinopb/status/1621112692042862594,2023-02-02T11:45:59.000Z,"Hoje é comemorado o Dia do Agente Fiscal. Profissional que representa e aplica a lei de fiscalização da cobrança de impostos, dando suporte as ações do governo. Parabéns a todos!👏🏻",0,0,0
Murilo Galdino,@murilogaldinopb,https://twitter.com/murilogaldinopb/status/1620933821343621120,2023-02-01T23:55:13.000Z,"Hoje é o Dia do Publicitário. Profissionais responsáveis por elaborar e desenvolver campanhas para promover ideias, lugares, empresas… Parabéns para eles que tem a criatividade como marca registrada.📲💙",0,0,1
Murilo Galdino,@murilogaldinopb,https://twitter.com/murilogaldinopb/status/1620849595176849408,2023-02-01T18:20:32.000Z,"Meu irmão @adrianogaldino foi reeleito, por unanimidade, para comandar a @Assembleia_PB nos próximos dois biênios. 

Meu desejo é que Deus o abençoe e dê forças para que ele siga trabalhando pelo povo paraibano. Meu orgulho e exemplo.",0,1,2
Murilo Galdino,@murilogaldinopb,https://twitter.com/murilogaldinopb/status/1620791144526524417,2023-02-01T14:28:16.000Z,"Chegou a hora de tomar posse para 57ª Legislatura, no Plenário Ulysses Guimarães. Neste momento, fazendo o juramento. Pela Paraíba, assim eu prometo!",4,1,11
