nome,usuario,idTweet,dataPublicacao,texto,replies,retweets,likes
Pinheirinho - Deputado Federal,@pinheirinhomg,https://twitter.com/pinheirinhomg/status/1628055434702594048,2023-02-21T15:33:58.000Z,Toda minha solidariedade às famílias e vítimas atingidas pelas fortes chuvas no litoral de São Paulo. Foi o maior registro de chuvas em 24h na história do Brasil. Dados do governo estadual apontam 44 mortes e várias pessoas desaparecidas.,6,1,3
Pinheirinho - Deputado Federal,@pinheirinhomg,https://twitter.com/pinheirinhomg/status/1626670845228621825,2023-02-17T19:52:06.000Z,"Vitória na ciência e na educação! O Governo Federal anunciou reajuste de 40% nas bolsas para os alunos do mestrado e doutorado, de 27% para os do pós-doutorado e de 75% para a iniciação científica e docência. A educação é a melhor forma de investimento para o avanço do país.",0,1,4
Pinheirinho - Deputado Federal,@pinheirinhomg,https://twitter.com/pinheirinhomg/status/1623707953722261565,2023-02-09T15:38:37.000Z,"Consternado com o aumento no número de vítimas atingidas pelo terremoto na Síria e na Turquia nessa última segunda-feira (6).

Na última quarta-feira o Brasil autorizou ajuda humanitária aos países vitimados. Seguimos em oração e acompanhando essa triste tragédia.",2,0,3
Pinheirinho - Deputado Federal,@pinheirinhomg,https://twitter.com/pinheirinhomg/status/1621601222850486276,2023-02-03T20:07:14.000Z,"Acompanhei com muita indignação e dor, o que foi e ainda está sendo noticiado sobre os povos Yanomami. Sempre fui a favor dos direitos humanos e da dignidade para todos os cidadãos, conforme manda a Constituição.",3,0,2
Pinheirinho - Deputado Federal,@pinheirinhomg,https://twitter.com/pinheirinhomg/status/1621158263504109573,2023-02-02T14:47:04.000Z,Hoje o jornalismo brasileiro sofre uma grande perda. Glória Maria foi uma varguardista na sua era! Certamente deixou um grande legado. Toda minha solidariedade aos seus familiares e amigos!,0,1,4
