nome,usuario,idTweet,dataPublicacao,texto,replies,retweets,likes
Ricardo Ayres,@RicardoAyres_TO,https://twitter.com/RicardoAyres_TO/status/1630220630686564352,2023-02-27T14:57:41.000Z,"Apresentei Indicação ao ministro da Fazenda, @Haddad_Fernando, solicitando a prorrogação da desoneração de impostos federais sobre a gasolina e o etanol até 31/12. Não é o momento de aumentar os custos da população.",3,6,24
Ricardo Ayres,@RicardoAyres_TO,https://twitter.com/RicardoAyres_TO/status/1626554228096266246,2023-02-17T12:08:42.000Z,"Fruto de uma emenda da Comissão de Educação ao orçamento, o Governo oficializou o reajuste em 40% nos valores de bolsas de pós-graduação, 75% nas de formação de professores e 200 % nas de iniciação científica. Educação não é gasto, é investimento no presente e no futuro do país📚",2,1,10
Ricardo Ayres,@RicardoAyres_TO,https://twitter.com/RicardoAyres_TO/status/1626170508277342208,2023-02-16T10:43:56.000Z,Apresentei emenda à MP 1162/2023 para incluir mulheres vítimas de violência doméstica no rol de prioridades do Programa Minha Casa Minha Vida. Muitas não conseguem sair do ciclo de violência em razão da falta de moradia. Precisamos dar a elas condições de reconstruir suas vidas.,1,0,6
Ricardo Ayres,@RicardoAyres_TO,https://twitter.com/RicardoAyres_TO/status/1625637992462274560,2023-02-14T23:27:54.000Z,"Hoje foi dia de conhecer a Margaux, uma Golden Retriever que faz parte do time da Polícia Legislativa da Câmara dos Deputados. Muito dócil e inteligente, ela ajuda com a segurança da Casa. 🐶🚨",1,0,17
Ricardo Ayres,@RicardoAyres_TO,https://twitter.com/RicardoAyres_TO/status/1625487884433096704,2023-02-14T13:31:26.000Z,"Recebendo em Brasília o prefeito de Paraíso do Tocantins, Celso Morais. Parceria firmada! Vamos trabalhar muito pela cidade!",0,0,3
Ricardo Ayres,@RicardoAyres_TO,https://twitter.com/RicardoAyres_TO/status/1625466957657956353,2023-02-14T12:08:17.000Z,"Bom dia! Já estamos em Brasília para mais uma semana de muito trabalho. Hoje damos destaque para o retorno do programa habitacional Minha Casa, Minha Vida, que prevê financiar 2 milhões de unidades até 2026.",1,0,2
Ricardo Ayres,@RicardoAyres_TO,https://twitter.com/RicardoAyres_TO/status/1623681132309934081,2023-02-09T13:52:03.000Z,Já estão disponíveis no site do Inep as notas do Exame Nacional do Ensino Médio do ano de 2022. A divulgação do resultado do Enem foi antecipada para hoje. Desejo sucesso a todos os estudantes nesta nova etapa acadêmica!  http://enem.inep.gov.br/participante,2,0,0
Ricardo Ayres,@RicardoAyres_TO,https://twitter.com/RicardoAyres_TO/status/1623029851916537893,2023-02-07T18:44:05.000Z,"O plenário realiza sessão deliberativa nesta tarde para votar acordos internacionais. Tratados nas áreas de defesa, transporte e auxílio jurídico estão previstos. #RicardoAyres",1,0,5
Ricardo Ayres,@RicardoAyres_TO,https://twitter.com/RicardoAyres_TO/status/1621120571315744769,2023-02-02T12:17:17.000Z,Recebemos com tristeza a notícia da morte da jornalista e apresentadora Glória Maria. Ela estava internada tratando um câncer. Glória deixa um lindo legado ao jornalismo mundial.,1,0,4
Ricardo Ayres,@RicardoAyres_TO,https://twitter.com/RicardoAyres_TO/status/1620894712956854274,2023-02-01T21:19:48.000Z,Com muita honra aceitei a missão de ser vice-líder do @republicanos10 na Câmara. Um partido forte e coeso. Trabalhei muito pelos interesses do país e do Tocantins.,3,0,14
Ricardo Ayres,@RicardoAyres_TO,https://twitter.com/RicardoAyres_TO/status/1620761351533789188,2023-02-01T12:29:53.000Z,"Mais tarde, às 16h30, começa a sessão destinada à eleição do novo presidente e da Mesa Diretora para o biênio 2023/2024. O nosso apoio será à chapa liderada pelo deputado @ArthurLira_ e pelo amigo republicano @marcospereira04.",1,0,0
Ricardo Ayres,@RicardoAyres_TO,https://twitter.com/RicardoAyres_TO/status/1620760905121411073,2023-02-01T12:28:06.000Z,#PosseRicardoAyres - O Tocantins bem representado - Acompanhe ao vivo a Cerimônia de Posse da 57º Legislatura.,0,0,1
Ricardo Ayres,@RicardoAyres_TO,https://twitter.com/RicardoAyres_TO/status/1620757268190081024,2023-02-01T12:13:39.000Z,"Já estamos chegando no Plenário da Câmara, onde às 10h tomarei posse como deputado federal. Sinto muito orgulho da nossa trajetória e tenho certeza que, juntos, faremos muito mais pelo Tocantins e pelo Brasil. #PosseRicardoAyres",0,1,5
Ricardo Ayres,@RicardoAyres_TO,https://twitter.com/RicardoAyres_TO/status/1620575599436890112,2023-02-01T00:11:46.000Z,Amanhã tomaremos posse como representantes do Tocantins na Câmara dos Deputados. Estou confiante de que faremos um excelente trabalho pelos tocantinenses. Força de vontade e dedicação não vão faltar.,1,0,16
