nome,usuario,idTweet,dataPublicacao,texto,replies,retweets,likes
Silvia Waiãpi,@silviawaiapi,https://twitter.com/silviawaiapi/status/1629584615420690434,2023-02-25T20:50:23.000Z,"Iremos desvendar todas as mazelas, omissões e mentiras do Governo Lula nesse episódio de 08 de Janeiro.

Será uma peça importante para darmos uma resposta aos brasileiros, sobre o que realmente aconteceu e seus verdadeiros culpados.",169,1.699,8.176
Silvia Waiãpi,@silviawaiapi,https://twitter.com/silviawaiapi/status/1629251896304189441,2023-02-24T22:48:16.000Z,"Isso é fruto de um Governo de esquerda. Que deixa perder a essência e o valor da família. 

Prática essa que ultrapassa os costumes dentro da sociedade e da religião. Um alerta para que, no Congresso, eu e meus pares, trabalhemos para tornar esse ato repulsivo em crime no Brasil.",15,169,597
Silvia Waiãpi,@silviawaiapi,https://twitter.com/silviawaiapi/status/1629158530191179778,2023-02-24T16:37:16.000Z,"24 de fevereiro: Há 91 anos a força feminina conquistava o direito do voto na escolha dos seus representantes políticos.

Nós, mulheres, ganhamos voz dentro e fora do processo político.

Muito já avançamos, porém, a luta continua árdua por mais representatividade!",26,122,741
Silvia Waiãpi,@silviawaiapi,https://twitter.com/silviawaiapi/status/1628492466897690625,2023-02-22T20:30:34.000Z,Lutar pela democracia é lutar pelo BRASIL 🇧🇷,24,397,1.327
Silvia Waiãpi,@silviawaiapi,https://twitter.com/silviawaiapi/status/1628425282985115651,2023-02-22T16:03:36.000Z,https://oantagonista.uol.com.br/brasil/lula-defende-regulacao-das-redes-sociais-em-carta-para-unesco…Isso é nítida censura!!! Ele quer nivelar o Brasil a países autoritários onde não há garantia à liberdade de expressão. Seria um salto para o fim da nossa democracia!!!,20,100,355
Silvia Waiãpi,@silviawaiapi,https://twitter.com/silviawaiapi/status/1628106932882898949,2023-02-21T18:58:36.000Z,"Áreas de risco precisam ser temas de debates no Congresso Nacional, para evitarmos tragédias como essa, e garantirmos a integridade física de todos. 

Cuidem do seu Povo e de sua gente. Eu estou cuidando do meu!!",5,18,210
Silvia Waiãpi,@silviawaiapi,https://twitter.com/silviawaiapi/status/1628106421240725518,2023-02-21T18:56:34.000Z,"Estou a trabalho pelos municípios de Pracuúba, Amapá, Calçoene, Ferreira Gomes e amanhã, em Porto Grande cuidando das necessidades do meu Estado!",11,36,467
Silvia Waiãpi,@silviawaiapi,https://twitter.com/silviawaiapi/status/1626544688290299904,2023-02-17T11:30:48.000Z,"Só R$ 18. Esse é o exato aumento pífio dado por Lula ao salário mínimo. E a tal picanha prometida aos pobres? 

Mais uma ilusão das suas promessas eleitorais vendida aos brasileiros. Lula é o pai da mentira!!!",23,92,539
Silvia Waiãpi,@silviawaiapi,https://twitter.com/silviawaiapi/status/1626230823338004481,2023-02-16T14:43:36.000Z,"Sou completamente contra a saidões para datas comemorativas, que aliás, devem ser comemoradas pelos cidadãos de bem, e não pelos bandidos.",98,1.192,4.493
