nome,usuario,idTweet,dataPublicacao,texto,replies,retweets,likes
Silvio Costa Filho,@Silvio_CFilho,https://twitter.com/Silvio_CFilho/status/1630196329652670464,2023-02-27T13:21:07.000Z,"Gostaria de desejar boa sorte a prefeita de Serra Talhada,@PrefeitaMarciaC, na nova missão de presidir a Associação Municipalista de Pernambuco (Amupe). Márcia, você pode contar com o nosso trabalho no Congresso Nacional.",0,0,0
Silvio Costa Filho,@Silvio_CFilho,https://twitter.com/Silvio_CFilho/status/1630196289877995521,2023-02-27T13:20:57.000Z,"Juntos, ao lado de todos prefeitos e prefeitas de Pernambuco, vamos trabalhar pelo fortalecimento da agenda municipalista do Brasil, buscando o crescimento econômico e das cidades.",0,0,1
Silvio Costa Filho,@Silvio_CFilho,https://twitter.com/Silvio_CFilho/status/1630003717360451584,2023-02-27T00:35:44.000Z,"É com profundo pesar que recebemos a notícia do falecimento de Cyro Ferreira da Costa, aos 92 anos. Cyro foi um dos maiores empresários do varejo, que muito contribuiu para a economia do Estado. Aos familiares, nossos sentimentos e que Deus conforte nesse momento de dor.",2,0,7
Silvio Costa Filho,@Silvio_CFilho,https://twitter.com/Silvio_CFilho/status/1628518145383141377,2023-02-22T22:12:36.000Z,"Uma excelente notícia para os municípios de Pernambuco. Por unanimidade, o STF manteve os números do censo 2018 para efeito de cálculo do Fundo de Participação dos Municípios (FPM), impedindo a queda de receitas de diversas cidades pernambucanas.",0,0,1
Silvio Costa Filho,@Silvio_CFilho,https://twitter.com/Silvio_CFilho/status/1628518097584881664,2023-02-22T22:12:25.000Z,Fico muito feliz de saber que a Corte atendeu um pleito que nós reivindicamos muito em Brasília. A manutenção dos recursos para os municípios é essencial para preservação dos serviços básicos das cidades.,0,0,1
Silvio Costa Filho,@Silvio_CFilho,https://twitter.com/Silvio_CFilho/status/1626649809984622592,2023-02-17T18:28:31.000Z,Toda nação desenvolvida investe fortemente em ciência e tecnologia. A decisão do presidente @LulaOficial de reajustar as bolsas de pesquisas foi acertada pois valoriza e estimula os cientistas na busca de soluções que visem melhorar o dia-a-dia do brasileiros.,0,0,1
Silvio Costa Filho,@Silvio_CFilho,https://twitter.com/Silvio_CFilho/status/1626566038199365632,2023-02-17T12:55:38.000Z,"Gostaria de manifestar toda minha solidariedade a Jacilda, Izabel Urquiza e todos os familiares  do ex-deputado Hélio Urquiza que, lamentavelmente, faleceu hoje aos 82 anos. Hélio teve sua vida pública pautada pela defesa do povo pernambucano. Uma grande perda.",0,0,2
Silvio Costa Filho,@Silvio_CFilho,https://twitter.com/Silvio_CFilho/status/1625807493925416960,2023-02-15T10:41:27.000Z,Gostaria de parabenizar o presidente @LulaOficial pela iniciativa de relançar o programa Minha Casa Minha Vida. O programa é importante para a promoção da cidadania facilitando o crédito e dando oportunidade para milhões de brasileiros poderem ter acesso a sua moradia.,1,1,6
Silvio Costa Filho,@Silvio_CFilho,https://twitter.com/Silvio_CFilho/status/1625807459058171905,2023-02-15T10:41:18.000Z,É fundamental investimentos como esse para o desenvolvimento econômico do país. Parabéns,0,0,2
Silvio Costa Filho,@Silvio_CFilho,https://twitter.com/Silvio_CFilho/status/1623783588557688836,2023-02-09T20:39:10.000Z,"É com muita tristeza que recebemos hoje a notícia do falecimento do amigo Cintra Galvão, ex-deputado estadual e ex-prefeito de Belo Jardim.",0,0,1
Silvio Costa Filho,@Silvio_CFilho,https://twitter.com/Silvio_CFilho/status/1623783549366140933,2023-02-09T20:39:01.000Z,"Um homem sério, trabalhador que tinha espírito público e, sem dúvida alguma, foi um grande defensor de Belo Jardim e do Agreste de Pernambuco, seja na prefeitura ou quando atuou no Legislativo estadual. Que Deus conforte a sua família nesse momento de dor.",0,0,0
Silvio Costa Filho,@Silvio_CFilho,https://twitter.com/Silvio_CFilho/status/1623076627574915072,2023-02-07T21:49:57.000Z,O presidente @LulaOficial convidou o  ex-governador @PauloCamara40 para presidir o BNB. Gostaria de parabenizar o presidente pela excelente escolha. Paulo Câmara é um quadro qualificado que reúne todas as credenciais para o cargo e vai ajudar no desenvolvimento do NE e do Brasil.,6,1,18
Silvio Costa Filho,@Silvio_CFilho,https://twitter.com/Silvio_CFilho/status/1622925414501953537,2023-02-07T11:49:05.000Z,"Manhã de muita tristeza. Acabei de tomar conhecimento do falecimento do ex-deputado estadual Ricardo Costa, um amigo que construi na vida pública. Convivi com Ricardo por anos na Alepe onde pude aprender muito. Um deputado que sempre lutou pelos interesses do povo pernambucano.",0,0,8
Silvio Costa Filho,@Silvio_CFilho,https://twitter.com/Silvio_CFilho/status/1622925176118693889,2023-02-07T11:48:09.000Z,Não tenho dúvida que fará muita falta para a política do Estado. Quero manifestar meus sentimentos a todos os seus familiares.,0,0,5
Silvio Costa Filho,@Silvio_CFilho,https://twitter.com/Silvio_CFilho/status/1622584211751284743,2023-02-06T13:13:16.000Z,"A APAC renovou o alerta de fortes chuvas hoje no Grande Recife e na Zona da Mata do Estado. Estamos acompanhando a situação, mas pedimos a todos pernambucanos os devidos cuidados neste momento. Em caso de situação de risco, procurem a Defesa Civil pelos telefones 199 ou 3181.2490",0,1,3
Silvio Costa Filho,@Silvio_CFilho,https://twitter.com/Silvio_CFilho/status/1621127399571349505,2023-02-02T12:44:25.000Z,"O jornalismo brasileiro teve uma perda irreparável nesta manhã. Aos 73 anos, faleceu a jornalista da TV Globo, Glória Maria. Ícone e referência da TV, Glória foi pioneira dos telejornais. Se destacou por matérias especiais em mais de 100 países. Aos familiares, nossos sentimentos",0,0,5
Silvio Costa Filho,@Silvio_CFilho,https://twitter.com/Silvio_CFilho/status/1621114688661786624,2023-02-02T11:53:55.000Z,Parabéns deputado @ArthurLira_ pela reeleição como presidente da Câmara Federal. Esta votação histórica representa o trabalho que você vem fazendo. Desejo boa sorte na condução dos trabalhos na Casa.,0,0,1
Silvio Costa Filho,@Silvio_CFilho,https://twitter.com/Silvio_CFilho/status/1621114647125590019,2023-02-02T11:53:45.000Z,"Eu não tenho dúvida que Vossa Excelência continuará conduzindo a Casa com muita seriedade, compromisso e fortalecendo a democracia.",1,0,2
