nome,usuario,idTweet,dataPublicacao,texto,replies,retweets,likes
Adriana Ventura,@adriventurasp,https://twitter.com/adriventurasp/status/1641525622634602502,2023-03-30T19:39:41.000Z,"O ministro da Justiça de Lula, Flávio Dino, defendeu regular a liberdade de expressão.

O absurdo aconteceu numa audiência pública no STF.

A esquerda agora quer regular até o que o cidadão pode ou não dizer. Retrocesso do mais alto nível!",11,29,225
Adriana Ventura,@adriventurasp,https://twitter.com/adriventurasp/status/1641438566344691715,2023-03-30T13:53:45.000Z,"A esquerda nos acusa de fazer política pelos grandes empresários.

Mas foi o Psol, PCdoB e o Solidariedade que pediram ao STF pra suspender o pagamento das multas dos acordos de leniência de empresas investigadas pela Lava Jato.

Defendam empreendimentos, mas não corrupção!",9,67,340
Adriana Ventura,@adriventurasp,https://twitter.com/adriventurasp/status/1641076162125352961,2023-03-29T13:53:41.000Z,"São Paulo é a cidade mais empreendedora do Brasil!

O resultado é do Índice de Cidades Empreendedoras, produzido pela Escola Nacional de Administração Pública, e abrange as 101 cidades mais populosas do país.

Viva a força de vontade e coragem de pôr a mão na massa de São Paulo!",3,9,73
Adriana Ventura,@adriventurasp,https://twitter.com/adriventurasp/status/1640843387376107520,2023-03-28T22:28:43.000Z,"Ministros do STF insistem em mais regulação das redes sociais.

Um deles ligou o 8 de janeiro ao “uso abusivo da internet"".

Mas não se culpa o instrumento pelo mal uso de alguns. Seria o mesmo que restringir carros porque alguns dirigem bêbados. Sigo pela liberdade de expressão!",8,43,231
Adriana Ventura,@adriventurasp,https://twitter.com/adriventurasp/status/1640443449207050240,2023-03-27T19:59:30.000Z,"Na Europa e nos Estados Unidos, cresce a visão de que o Brasil se alinha à China e à Rússia.

“Parabéns” ao presidente Lula por reafirmar mais uma vez o país como um anão diplomático.

O Brasil deveria se firmar como um país democrático, contrário às invasões e guerras.",14,46,282
Adriana Ventura,@adriventurasp,https://twitter.com/adriventurasp/status/1640392156731916305,2023-03-27T16:35:41.000Z,"60 mil filhas solteiras de ex-servidores públicos recebem até R$ 39 mil por mês em pensão.

Um privilégio em si absurdo, e que ainda tem 4 mil pessoas que o recebem irregularmente.

Como o estado brasileiro ama ser um Robin Hood às avessas, que tira dos pobres para dar aos ricos!",11,52,248
Adriana Ventura,@adriventurasp,https://twitter.com/adriventurasp/status/1640369285708099589,2023-03-27T15:04:48.000Z,"Chocante o ataque acontecido na manhã de hoje em escola da Vila Sônia, na capital paulista!

Meus sentimentos à família da professora que morreu e minha solidariedade às outras vítimas...",0,3,50
Adriana Ventura,@adriventurasp,https://twitter.com/adriventurasp/status/1639235628469727233,2023-03-24T12:00:04.000Z,"O novo presidente da Petrobras disse que a Diretoria de Governança e Conformidade, criada em 2014 pra evitar fraudes e desvios de recursos, é entulho da Lava Jato na estatal.

Ele é filiado ao PT. O PT fez o esquema de corrupção Petrolão.

Curioso ele ser contra a diretoria, né?",5,52,235
Adriana Ventura,@adriventurasp,https://twitter.com/adriventurasp/status/1639016670734979072,2023-03-23T21:30:00.000Z,"Se depender do NOVO, não terá dinheiro do pagador de impostos pra ditadura socialista!

Apresentamos uma emenda pra proibir contratar médicos por intermediários, como era no Mais Médicos.

Se Lula quiser contratar médicos de Cuba, terá que pagar diretamente aos profissionais!",19,52,299
Adriana Ventura,@adriventurasp,https://twitter.com/adriventurasp/status/1638999936065851400,2023-03-23T20:23:30.000Z,"O presidente Lula perdeu totalmente o senso!

A PF prendeu 12 pessoas que queriam matar Moro e tinham outros servidores e autoridades como alvo, mas Lula acha que não passa de uma “armação do Moro”.

Declaração gravíssima do chefe do Executivo e indigna de um presidente!",40,90,648
Adriana Ventura,@adriventurasp,https://twitter.com/adriventurasp/status/1638584304182730752,2023-03-22T16:51:56.000Z,"O Brasil caiu 11 posições no ranking da felicidade da ONU, e está na posição 49.

Entre os itens questionados aos entrevistados, estão o PIB per capita, a expectativa de vida saudável, liberdade e percepção de corrupção.

Coisas que o Brasil precisa melhorar urgente!",5,7,51
Adriana Ventura,@adriventurasp,https://twitter.com/adriventurasp/status/1638536425904717826,2023-03-22T13:41:41.000Z,"Lula revelou que na prisão dizia que só ficaria bem após f*der com Moro.

A vingança de Lula e o enterro da Lava Jato custa caro aos brasileiros.

Pra mostrar quem manda, Lula até voltou com os irmãos Batista e quer retomar os financiamentos suspeitos do BNDES. Absurdo!",15,70,315
Adriana Ventura,@adriventurasp,https://twitter.com/adriventurasp/status/1638284344568565768,2023-03-21T21:00:00.000Z,"Tá caro pagar a escola do seu filho e outros serviços?

Lula parece achar os impostos baratos. Em vez de cortar gastos para liberar orçamento, com a reforma tributária, ele pode aumentar os impostos sobre serviços, em até 210% no caso das escolas.

Nunca foi pelos brasileiros!",7,36,174
Adriana Ventura,@adriventurasp,https://twitter.com/adriventurasp/status/1638235108481048586,2023-03-21T17:44:21.000Z,"A comitiva de Lula à China tem nomes que foram investigados por pagamentos ilegais.

Entre eles os irmãos Batista, famosos pelas descobertas da Lava Jato.

Vergonha internacional! Mais uma de Lula que reafirma o Brasil como um anão diplomático e como a terra da impunidade.",12,35,204
Adriana Ventura,@adriventurasp,https://twitter.com/adriventurasp/status/1638178219814952963,2023-03-21T13:58:18.000Z,"Mais um ministro de Lula envolvido em escândalo!

Paulo Pimenta, da Secom, omitiu de sua declaração de bens em 3 eleições a casa em que ele mora em Brasília.

Ele declarou ter R$ 192,8 mil em bens, mas a casa vale R$ 5 milhões. Talvez ele diga que a casa era de um amigo…",31,119,558
Adriana Ventura,@adriventurasp,https://twitter.com/adriventurasp/status/1636739885737361408,2023-03-17T14:42:52.000Z,"O ministro do STF Ricardo Lewandowski atendeu o PCdoB: liberou de vez políticos no comando das estatais.

Lula vai ampliar a Codevasf, estatal do centrão, pra dar mais cargos a políticos.

A farra do PT nas estatais tá só começando. Alguém ainda duvida a quem servem as estatais?",20,82,392
Adriana Ventura,@adriventurasp,https://twitter.com/adriventurasp/status/1636070617127460864,2023-03-15T18:23:26.000Z,"O Ministério da Saúde deixou vencer 39 milhões de vacinas contra Covid avaliadas em R$ 2 bilhões.

Fizemos um RIC para que a Saúde torne públicas as informações sobre os estoques das vacinas. Precisamos de transparência para evitar que desperdícios como esses aconteçam novamente!",9,15,126
Adriana Ventura,@adriventurasp,https://twitter.com/adriventurasp/status/1636004712389419011,2023-03-15T14:01:33.000Z,"Mais um caso de nepotismo na republiqueta!

A esposa do governador do Pará foi escolhida como conselheira do tribunal de contas do Estado. Cargo vitalício com salário de R$ 35 mil.

Pela aprovação urgente da PEC do NOVO contra o nepotismo em tribunais de contas!",12,48,261
Adriana Ventura,@adriventurasp,https://twitter.com/adriventurasp/status/1635731430129975298,2023-03-14T19:55:38.000Z,"Ao exigir visto de americanos, Lula só prejudica os trabalhadores.

Taxistas, garçons, funcionários de hotéis, ubers e todos os profissionais do turismo...

Quanto mais estrangeiros no Brasil gastando, melhor.",11,18,162
Adriana Ventura,@adriventurasp,https://twitter.com/adriventurasp/status/1635701237243838476,2023-03-14T17:55:39.000Z,"O vice-presidente do PT confirmou que o governo Lula seguirá investindo pesado contra a CPI de 8 de janeiro.

A CPI pede investigação para saber se as autoridades foram ou não omissas na defesa dos Três Poderes.

Como diz o velho ditado popular, “quem não deve, não teme”.",18,33,202
Adriana Ventura,@adriventurasp,https://twitter.com/adriventurasp/status/1635661448536895491,2023-03-14T15:17:33.000Z,"O ministro de Portos e Aeroportos disse que o governo Lula quer passagens aéreas a R$ 200 pra aposentados, estudantes e servidores com salário de até R$ 6,8 mil.

Interferência indevida no mercado que aumentaria as passagens aéreas.

O privilégio de alguns sai do bolso de outros.",11,22,135
Adriana Ventura,@adriventurasp,https://twitter.com/adriventurasp/status/1634290903610187776,2023-03-10T20:31:29.000Z,"Lula não assinou a declaração de 54 países contra a ditadura de Ortega na Nicarágua.

Agora a mídia divulga que isso dividiu a base do governo, principalmente por Alckmin.

E quem apoia Lula pela democracia? Ações importam mais que palavras. Ser democrata é mais que se dizer ser.",26,51,276
Adriana Ventura,@adriventurasp,https://twitter.com/adriventurasp/status/1634199024860266496,2023-03-10T14:26:24.000Z,"O procurador-geral da República mudou sua posição sobre a Lei das Estatais logo antes do julgamento do STF sobre.

Agora Aras é contra as vedações a políticos no comando das estatais. 

E quem será a favor dos brasileiros e contra a politicagem? Que o STF decida com sabedoria!",35,61,298
Adriana Ventura,@adriventurasp,https://twitter.com/adriventurasp/status/1633943348439584770,2023-03-09T21:30:26.000Z,"Apurar o que aconteceu sobre as joias destinadas a ex-primeira dama é fundamental. Punir qualquer político que queira usar de seu cargo para obter privilégios terá o meu apoio, e claro: TRANSPARÊNCIA SEMPRE, seja na CPMI de 8 de janeiro, nas invasões do MST e neste caso das joias",7,17,143
Adriana Ventura,@adriventurasp,https://twitter.com/adriventurasp/status/1633928257535090691,2023-03-09T20:30:28.000Z,"Além de pagar dezenas de milhões de reais em emendas, Lula está oferecendo cargos de 2º escalão pra convencer deputados a retirarem os nomes da CPMI de 8 de janeiro.
Estranho Lula se empenhar tanto pra abafar as informações.
É importante que os deputados não se vendam!",10,66,287
Adriana Ventura,@adriventurasp,https://twitter.com/adriventurasp/status/1633907661627375652,2023-03-09T19:08:37.000Z,"Desrespeito com as instituições públicas!
A mulher do ministro da Casa Civil e ex-governador da Bahia foi eleita para o Tribunal de Contas dos Municípios no Estado.
Cada vez mais a aprovação da PEC do Fim do Nepotismo, feita pela Bancada do @partidonovo30, se torna mais urgente!",3,24,149
Adriana Ventura,@adriventurasp,https://twitter.com/adriventurasp/status/1633148867968397313,2023-03-07T16:53:27.000Z,"José Rainha estaria extorquindo fazendeiros em SP.

Teria cobrado R$ 2 milhões pra devolver uma fazenda.

Junto com outros deputados, fiz um requerimento de informação ao ministro do Desenvolvimento Agrário pra saber que medidas o governo Lula terá contra as invasões de terras!",60,167,964
Adriana Ventura,@adriventurasp,https://twitter.com/adriventurasp/status/1632800207804182528,2023-03-06T17:48:00.000Z,"Empresas com causas de quase R$ 160 bilhões estão patrocinando eventos pros magistrados com shows exclusivos e baladas.

O Conselho Nacional de Justiça obrigava os juízes a declararem sua ida a eventos até 2021, mas parou.

E assim a Justiça segue com tantas decisões suspeitas!",16,51,271
Adriana Ventura,@adriventurasp,https://twitter.com/adriventurasp/status/1632769537824247808,2023-03-06T15:46:07.000Z,"De 232 conselheiros dos tribunais de contas, 30% são parentes de políticos.

Muitos foram nomeados por irmãos ou cônjuges.

Estou recolhendo assinaturas para protocolar a PEC do NOVO contra o nepotismo em tribunais de contas. Chega de politicagem em órgãos técnicos!",22,97,476
Adriana Ventura,@adriventurasp,https://twitter.com/adriventurasp/status/1631671553711566848,2023-03-03T15:03:08.000Z,"Lula diz que Zanin, seu advogado da Lava Jato, merece ser indicado ao STF e que “todo mundo compreenderia”. 

Conflito de interesses! Por isso a PEC 225/2019 do meu colega do Novo Ganime é importante. 

Precisamos de mais rigor técnico e menos politicagem nas indicações pro STF!",24,89,450
Adriana Ventura,@adriventurasp,https://twitter.com/adriventurasp/status/1631418604221767680,2023-03-02T22:18:00.000Z,"O MST invadiu 3 fazendas de cultivo de eucalipto e mais uma outra fazenda no sul da Bahia.

Além de ferir o direito de propriedade, o MST também traz insegurança jurídica e desestimula os investimentos no país.

Os aliados invasores de Lula devem ser parados pelo rigor da Lei!",25,38,417
Adriana Ventura,@adriventurasp,https://twitter.com/adriventurasp/status/1631388285451771923,2023-03-02T20:17:31.000Z,"O ministro das Comunicações de Lula pressiona a Codevasf a mandar milhões de reais de emendas a uma empreiteira suspeita no MA.

Ela é ligada a políticos e está num cartel especializado em desviar recursos da Codevasf.

Chega de usar a máquina pública pra interesses particulares!",10,32,165
Adriana Ventura,@adriventurasp,https://twitter.com/adriventurasp/status/1631031656579584001,2023-03-01T20:40:24.000Z,"“Se tem gente com fome, alguém está comendo mais do que deveria”, disse o presidente Lula na cerimônia de recriação do Conselho Nacional de Segurança Alimentar e Nutricional.

Riqueza gera mais riqueza, ela não tira a fatia dos pobres.

Lula, economia não é jogo de soma zero!",8,13,90
Adriana Ventura,@adriventurasp,https://twitter.com/adriventurasp/status/1630903188504051712,2023-03-01T12:09:55.000Z,"Sabe o ministro de Lula que usou 4 diárias e um avião da Força Aérea pra ir em leilões de cavalos? Que usou dinheiro público pra asfaltar a estrada da própria fazenda?

Ele escondeu do TSE R$ 2,2 milhões em cavalos de raça.

Exemplo claro do que NÃO deve ocorrer numa democracia!",17,40,297
