nome,usuario,idTweet,dataPublicacao,texto,replies,retweets,likes
Alfredo Gaspar,@Alfredogaspar_,https://twitter.com/Alfredogaspar_/status/1638980690443108352,2023-03-23T19:07:02.000Z,"Lula está doente ou age com cinismo extremo. Na sua fala, de uma só vez, desmoralizou Judiciário, MP e PF. Minha solidariedade aos ameaçados, e às famílias das milhares de vítimas do crime organizado.",47,34,257
Alfredo Gaspar,@Alfredogaspar_,https://twitter.com/Alfredogaspar_/status/1638869468657901570,2023-03-23T11:45:04.000Z,Estou no parlamento lutando contra as facções criminosas que querem dominar nosso país. Essa onda de terror não pode continuar. Vamos para cima do crime organizado!,15,28,154
Alfredo Gaspar,@Alfredogaspar_,https://twitter.com/Alfredogaspar_/status/1638594614545326097,2023-03-22T17:32:54.000Z,"O enfrentamento ao crime organizado tem que ser permanente. Foi o que fiz na minha trajetória profissional, como promotor de justiça, atuando como Presidente Nacional do Grupo de Combate às Organizações Criminosas e na função de Secretário de Segurança.",11,15,79
Alfredo Gaspar,@Alfredogaspar_,https://twitter.com/Alfredogaspar_/status/1638594308180779039,2023-03-22T17:31:41.000Z,"O trabalho na Câmara dos Deputados está apenas começando. Teremos muitos desafios pela frente, mas saibam que seguirei firme com meus princípios e coragem para honrar cada alagoana e alagoano de bem que confiou em mim. Seguirei lutando por Alagoas e pelo meu país.",5,15,68
Alfredo Gaspar,@Alfredogaspar_,https://twitter.com/Alfredogaspar_/status/1635961897114562560,2023-03-15T11:11:25.000Z,"Com alegria e senso de responsabilidade, fui indicado para assumir a vice-liderança da bancada do partido União Brasil na Câmara dos Deputados! Agradeço aos alagoanos pela confiança, vocês me trouxeram até aqui. 
Deus está no comando dessa jornada!",6,8,54
Alfredo Gaspar,@Alfredogaspar_,https://twitter.com/Alfredogaspar_/status/1635957570325053442,2023-03-15T10:54:14.000Z,"Aumento de tempo de cadeia para assassinos de agentes públicos - Apresentei o Projeto de Lei 1112/2023 que acrescenta, na Lei de Execução Penal, a necessidade de cumprimento mínimo de 80% da pena para progressão de regime.",2,5,39
Alfredo Gaspar,@Alfredogaspar_,https://twitter.com/Alfredogaspar_/status/1635957370021969920,2023-03-15T10:53:26.000Z,"Fiz um duro pronunciamento contra o crime organizado, lembrando o assassinato do juiz Antônio Machado, em São Paulo, há 20 anos, praticado pelo banditismo do PCC.",1,4,32
Alfredo Gaspar,@Alfredogaspar_,https://twitter.com/Alfredogaspar_/status/1633627137683992578,2023-03-09T00:33:55.000Z,Também cobrei informações sobre o afundamento do solo nos bairros de Maceió. Precisamos saber se houve estabilização do solo e se há risco de afetar novos bairros.,0,0,23
Alfredo Gaspar,@Alfredogaspar_,https://twitter.com/Alfredogaspar_/status/1633627069614637061,2023-03-09T00:33:39.000Z,"Estive no Ministério da Integração e
Desenvolvimento Regional para cobrar o retorno da operação carro-pipa em Alagoas.",0,1,12
Alfredo Gaspar,@Alfredogaspar_,https://twitter.com/Alfredogaspar_/status/1633626814865199104,2023-03-09T00:32:38.000Z,Estive com a Ministra da Saúde para cobrar a implantação do piso da enfermagem.,1,2,14
Alfredo Gaspar,@Alfredogaspar_,https://twitter.com/Alfredogaspar_/status/1633626369069391872,2023-03-09T00:30:52.000Z,"Combate à violência contra a mulher - Assinei como coautor o Projeto de Lei que propõe uma nova hipótese de prisão preventiva, para os homens que ameacem mulheres nos casos de violência doméstica.",1,1,14
Alfredo Gaspar,@Alfredogaspar_,https://twitter.com/Alfredogaspar_/status/1633625775042592768,2023-03-09T00:28:30.000Z,Lista tríplice para PGR - Propus uma PEC para introduzir na Constituição Federal a lista tríplice no processo de escolha do Procurador-Geral da República.,1,1,10
Alfredo Gaspar,@Alfredogaspar_,https://twitter.com/Alfredogaspar_/status/1633625640204214275,2023-03-09T00:27:58.000Z,"Dia Internacional da Mulher - As mulheres merecem nosso respeito, reconhecimento, amor e oportunidades iguais. Contem comigo todos os dias nessa luta.",0,0,9
Alfredo Gaspar,@Alfredogaspar_,https://twitter.com/Alfredogaspar_/status/1631625340383535105,2023-03-03T11:59:29.000Z,"Cinco anos se passaram da maior tragédia ambiental que atingiu Alagoas. Até hoje, milhares de maceioenses sofrem as consequências devastadoras da ação gananciosa da Braskem.",2,2,27
