nome,usuario,idTweet,dataPublicacao,texto,replies,retweets,likes
Amália Barros,@amaliabarros,https://twitter.com/amaliabarros/status/1641558346296705024,2023-03-30T21:49:43.000Z,"Jorge Viana foi à China promover exportações, mas ataca o Agro nacional, relacionando problemas ambientais à nossa produção de grãos e à pecuária. O amigo do Lula mostra que é irresponsável e não sabe que o Agro é locomotiva que gera 20 milhões de empregos e R$ 700 BILHÕES no PIB",1,13,97
Amália Barros,@amaliabarros,https://twitter.com/amaliabarros/status/1641528287477350400,2023-03-30T19:50:16.000Z,"Os empregos gerados em fevereiro deste ano, tiveram uma queda de 31,56% na comparação com fevereiro de 2022, quando o saldo foi de 353,2 mil. Com Lula na presidência o Brasil está caindo em queda live!!!",1,7,57
Amália Barros,@amaliabarros,https://twitter.com/amaliabarros/status/1641464877666508800,2023-03-30T15:38:18.000Z,"Bolsonaro veio para o Brasil em avião comercial e foi aclamado pelos passageiros. Além disso, cidadãos que lotaram o saguão do aeroporto, cantaram o hino nacional para recebê-lo. Alguém já viu isso acontecer com o Lula?",13,37,296
Amália Barros,@amaliabarros,https://twitter.com/amaliabarros/status/1641414162008997889,2023-03-30T12:16:46.000Z,"Na companhia de Michelle Bolsonaro, indo encontrar o nosso líder. 
O capitão voltou!!!!",108,1.236,9.905
Amália Barros,@amaliabarros,https://twitter.com/amaliabarros/status/1641396287311421446,2023-03-30T11:05:45.000Z,"Bom dia. Hoje o Brasil acordou mais verde e amarelo do que nunca!! 
O nosso capitão chegou!! 🇧🇷",6,14,166
Amália Barros,@amaliabarros,https://twitter.com/amaliabarros/status/1641159691223875586,2023-03-29T19:25:36.000Z,"Assinei pedido de impeachment contra o presidente Lula! Quando falou que está no Governo para ""se vingar dessa gente"", Lula cometeu crime de responsabilidade por ameaça e coação a um representante da nação. Crime que é previsto na nossa Constituição!",15,78,442
Amália Barros,@amaliabarros,https://twitter.com/amaliabarros/status/1641146327760347136,2023-03-29T18:32:30.000Z,"🚨 DENÚNCIA: Flávio Dino foi avisado UM DIA antes pelo Diretor-Geral da Polícia Federal sobre a previsão de violência e vandalismo durante atos do dia 08 de janeiro. Assim, Dino se OMITIU como Ministro e ainda MENTIU ontem na sessão da CCJ.",4,25,152
Amália Barros,@amaliabarros,https://twitter.com/amaliabarros/status/1641116230818971667,2023-03-29T16:32:54.000Z,"Lembram dos gastos de R$ 216 mil de hospedagem em Brasília e R$ 379 mil em compra de móveis para o Alvorada? A Câmara investigará esses gastos!

Você confiaria entregar um cheque em branco na mão do Lula? Eu não!",5,13,110
Amália Barros,@amaliabarros,https://twitter.com/amaliabarros/status/1640848609443717121,2023-03-28T22:49:28.000Z,"Hoje cobrei do ministro da Justiça, Flávio Dino, respostas que todo brasileiro quer saber!",20,107,503
Amália Barros,@amaliabarros,https://twitter.com/amaliabarros/status/1640780463835848712,2023-03-28T18:18:41.000Z,"Dino diz: “Respeitem a polícia deste país”. Ele deve estar falando isso para o presidente dele, né? Que desconfia do trabalho da Polícia Federal...",2,6,59
Amália Barros,@amaliabarros,https://twitter.com/amaliabarros/status/1640768673211187222,2023-03-28T17:31:50.000Z,"Flávio Dino acabou de chegar na CCJ, temos muitas perguntas e queremos esclarecimentos! 

Acompanhe ao vivo: https://www2.camara.leg.br/atividade-legislativa/comissoes/comissoes-permanentes/ccjc…",6,10,90
Amália Barros,@amaliabarros,https://twitter.com/amaliabarros/status/1640742951415431172,2023-03-28T15:49:37.000Z,"Por unanimidade, TJ decide que plano de saúde não pode se negar a custear o tratamento indicado ao paciente, sob a justificativa de não inclusão no rol da ANS!",1,12,56
Amália Barros,@amaliabarros,https://twitter.com/amaliabarros/status/1640730848025559044,2023-03-28T15:01:32.000Z,"Hoje Flávio Dino será ouvido na Comissão de Constituição e Justiça - CCJ, para explicar as ações do governo federal durante os atos de 8 de janeiro. E peço a todos que acompanhem meu discurso em Plenário nesta tarde, onde questionarei o ministro sobre toda sua gestão ABSURDA!",3,10,69
Amália Barros,@amaliabarros,https://twitter.com/amaliabarros/status/1640465301719613440,2023-03-27T21:26:20.000Z,"Para não esclarecer as falas injustificáveis de Lula, ministro desqualifica uma profissional do jornalismo. Que vergonha!",6,10,115
Amália Barros,@amaliabarros,https://twitter.com/amaliabarros/status/1640434630292545537,2023-03-27T19:24:28.000Z,"Mato Grosso e mais 3 estados encerraram o ano passado 2022 em pleno emprego, ou seja, com taxas de desemprego muito inferiores à média nacional. Viva o agro!",2,7,109
Amália Barros,@amaliabarros,https://twitter.com/amaliabarros/status/1640383140437925889,2023-03-27T15:59:52.000Z,Lamento profundamente a tragédia que aconteceu hoje em uma escola em SP. Destaco o ato de heroísmo das professoras que juntas conseguiram desarmar o adolescente e evitar assim que mais pessoas fossem machucadas. Que Deus console as famílias!,0,10,80
Amália Barros,@amaliabarros,https://twitter.com/amaliabarros/status/1639377162636591105,2023-03-24T21:22:28.000Z,"Sobre o tal “pai dos pobres”: aumentou o preço da gasolina, quer voltar o DPVAT, acabou com consignados do BPC, taxa lojas como Shein, Shopee e AliExpress… Afinal, quando Lula vai começar a cumprir as promessas de ""salvar o Brasil"" e parar de atrapalhar a vida do brasileiro?",10,24,133
Amália Barros,@amaliabarros,https://twitter.com/amaliabarros/status/1639343067042918401,2023-03-24T19:06:59.000Z,"Dilma Rousseff, aquela que foi protagonista de impeachment em 2016 por cometer crimes de responsabilidade, agora será presidente do Banco dos BRICS até 2025 com salário de mais de R$ 200 mil por mês!

Torno a repetir, INFELIZMENTE parece que no Brasil o crime ainda compensa…",8,24,164
Amália Barros,@amaliabarros,https://twitter.com/amaliabarros/status/1639299736837431301,2023-03-24T16:14:48.000Z,"A política tem que ser um lugar de pessoas comuns. Não precisa ser super-herói ou ""filho de alguém"" para mudar a vida da população. São pessoas comuns, mulheres comuns que fazem o nosso mundo ser melhor.",4,20,169
Amália Barros,@amaliabarros,https://twitter.com/amaliabarros/status/1638919205893406727,2023-03-23T15:02:42.000Z,"Um descondenado retorna para a presidência, assume sua sede por VINGANÇA, faz AMEAÇAS a um senador - ex-juiz que o condenou - a maior organização criminosa do Brasil arma um plano contra a vida deste senador, e ainda assim tem gente querendo justificar o injustificável??!",7,46,329
Amália Barros,@amaliabarros,https://twitter.com/amaliabarros/status/1638902518477475844,2023-03-23T13:56:24.000Z,"Todo o esforço que Lula têm feito para barrar a CPMI do dia 08/01 e a CPMI do MST, é um tanto quanto suspeito… Por que será o PT não quer que investiguemos as ações desses invasores?",8,15,93
Amália Barros,@amaliabarros,https://twitter.com/amaliabarros/status/1638615064658714635,2023-03-22T18:54:10.000Z,"Em 22 de março de 2021, o presidente Bolsonaro sancionou a Lei Amália Barros, que reconhece legalmente as pessoas com visão monocular como deficiente. Garantindo assim, acesso a todos os direitos e garantias constitucionais previstos agora por lei.",12,16,111
Amália Barros,@amaliabarros,https://twitter.com/amaliabarros/status/1638606724734111744,2023-03-22T18:21:01.000Z,"A vida do descondenado não será fácil com a nossa bancada do PL, comandaremos 5 importantes comissões: Fiscalização Financeira e Controle;  Saúde; Segurança Pública e Combate ao Crime Organizado; Esporte; e de Previdência, Assistência Social, Infância, Adolescência e Família.",12,30,208
Amália Barros,@amaliabarros,https://twitter.com/amaliabarros/status/1638564717537918976,2023-03-22T15:34:06.000Z,"Desde 2021 ressignifiquei a data do meu aniversário. Hoje comemoro não só mais um ano de vida, mas também a sanção da Lei Amália Barros! 👁️💛",31,47,541
Amália Barros,@amaliabarros,https://twitter.com/amaliabarros/status/1638326205723058177,2023-03-21T23:46:20.000Z,"Posse da nossa agora presidente do PL Mulher no Brasil, Michelle Bolsonaro! Eu sou suspeita para falar, mas pra mim não tem nome melhor para liderar as mulheres do PL em todo o país e mostrar a importância que temos na política! 

Parabéns nossa eterna primeira-dama! 💛",18,125,971
Amália Barros,@amaliabarros,https://twitter.com/amaliabarros/status/1638165719845154817,2023-03-21T13:08:37.000Z,"Hoje é dia dele, que tanto trabalhou pelo bem do nosso país. Que concedeu mais de 400 MIL TÍTULOS de terras, reduziu impostos federais, sancionou a lei Amália Barros - que reconheceu o monocular como pessoa com deficiência. Obrigada capitão Jair Bolsonaro!! Feliz aniversário!!",4,15,144
Amália Barros,@amaliabarros,https://twitter.com/amaliabarros/status/1638138341500616704,2023-03-21T11:19:50.000Z,"Hoje é dia do meu líder, Jair Messias Bolsonaro. Feliz aniversário capitão, que Deus te abençoe!",17,71,1.100
Amália Barros,@amaliabarros,https://twitter.com/amaliabarros/status/1637950181168541696,2023-03-20T22:52:09.000Z,"🌾| Hoje é dia de parabenizar o trabalho dos nossos agricultores, que cultivam a terra e garantem alimento para o Brasil e o mundo. Vocês são motivo de orgulho! E na câmara já estou trabalhando na defesa do setor. Contem comigo!",1,6,28
Amália Barros,@amaliabarros,https://twitter.com/amaliabarros/status/1637853097853612032,2023-03-20T16:26:23.000Z,"Lutarei na Câmara Federal para diminuir a violência doméstica e os feminicídios. Precisamos de mais delegacias da mulher, ampliar o número de Casas da Mulher Brasileira e capacitar agentes policiais e do Poder Judiciário para lidarem cada vez melhor com essa triste situação!",1,4,45
Amália Barros,@amaliabarros,https://twitter.com/amaliabarros/status/1637830722181365762,2023-03-20T14:57:28.000Z,"AGRO:  com a safra estimada em 44 milhões de toneladas, meu Mato Grosso se tornou o 3 maior produtor de soja do MUNDO, 30% a mais que a Argentina. Respeita o nosso Agro!",0,10,98
Amália Barros,@amaliabarros,https://twitter.com/amaliabarros/status/1636792630729375745,2023-03-17T18:12:27.000Z,"Hoje faz 9 anos desde a mega operação contra corrupção, Lava Jato. Resultado: políticos envolvidos em corrupção soltos e Lula presidente. Triste saber que no Brasil o crime INFELIZMENTE ainda compensa!!!",5,9,63
Amália Barros,@amaliabarros,https://twitter.com/amaliabarros/status/1636773391704244224,2023-03-17T16:56:01.000Z,"O PL 1126/23, de minha autoria, deve garantir a todos os monoculares, que utilizam planos de saúde, a cobertura integral dos custos clínicos e cirúrgicos relacionados a implantes, ajustes ou à retirada de próteses oculares e lentes esclerais.",6,28,281
Amália Barros,@amaliabarros,https://twitter.com/amaliabarros/status/1636512319084560384,2023-03-16T23:38:36.000Z,"Meu Deus, mais uma vez MT é palco dessa barbaridade de um homem tirar a vida da ex-companheira. E o pior: na frente do filho de apenas 4 aninhos! Que Deus dê forças para a família, que essa criança consiga superar esse trauma. E que a justiça seja feita com esse criminoso!",3,5,55
Amália Barros,@amaliabarros,https://twitter.com/amaliabarros/status/1636461128996757517,2023-03-16T20:15:11.000Z,"🚨RN está sob ataque de facções há 3 dias, prédios públicos, comércios, veículos estão sendo queimados, 38 cidades já foram alvo. No RJ, criminosos fecham hoje a rodovia, fazem tentativa de arrastão, e ateiam fogo em ônibus. 

O Brasil vive um caos de uma nação desgovernada!",14,15,110
Amália Barros,@amaliabarros,https://twitter.com/amaliabarros/status/1636393916252450816,2023-03-16T15:48:07.000Z,"Após oferecer R$ 60 milhões, agora Lula começa a liberar cargos de 2° escalão, para deputados retirarem assinaturas da CPMI do dia 8/1. 

Por que tanto medo da CPMI? 
Seria isso uma confissão de culpa?",17,329,1.388
Amália Barros,@amaliabarros,https://twitter.com/amaliabarros/status/1636144271655854080,2023-03-15T23:16:07.000Z,"🇧🇷 | CPI DO MST JÁ! 

Conseguimos as assinaturas necessárias e a CPI já foi protocolada. Vamos investigar as ações dos invasores de terras, queremos saber o que está por trás, quem realmente se beneficia com esses atos.",5,17,128
Amália Barros,@amaliabarros,https://twitter.com/amaliabarros/status/1636039778834554881,2023-03-15T16:20:54.000Z,"Aumento na gasolina, discussões internas, ministro com suspeita de corrupção, apoio a ditaduras... A avaliação de Lula pelo mercado financeiro não teria como ser diferente: 🔻1% Confiam 🔻94% Confiam pouco ou nada 🔶 4% Confiam mais ou menos 

Genial/Quest",4,23,93
Amália Barros,@amaliabarros,https://twitter.com/amaliabarros/status/1635777909158825987,2023-03-14T23:00:19.000Z,"Nos últimos 4 anos, tivemos a MENOR taxa de desemprego desde 2015!! Bastou o Lula tomar o poder que nosso país começou a desandar. Se em janeiro de 2022 tivemos 167 mil brasileiros com empregos formais, no desgoverno deste ano (em janeiro), houve apenas 83 mil empregos formais.",1,20,91
Amália Barros,@amaliabarros,https://twitter.com/amaliabarros/status/1635719054571733031,2023-03-14T19:06:27.000Z,"A irresponsabilidade de Lula em não assinar o documento da ONU condenando a ditadura na Nicarágua envergonha o Brasil e alimenta mais ainda os absurdos de seu amigo Ortega. O ditador, conhecido pela perseguição aos cristãos, agora mandou fechar a embaixada do Vaticano do país!",2,13,70
Amália Barros,@amaliabarros,https://twitter.com/amaliabarros/status/1635712553568305172,2023-03-14T18:40:37.000Z,"Sim! Teremos a Frente Parlamentar em Defesa dos Direitos das Pessoas com Deficiência!

Tivemos mais assinatura do que era necessário para a instalação da Frente. Então, muito obrigada a todos os parlamentares que assinaram! 💛",25,163,1.362
Amália Barros,@amaliabarros,https://twitter.com/amaliabarros/status/1635321251672768519,2023-03-13T16:45:43.000Z,"Michelle Bolsonaro foi processada por gravar mensagem parabenizando as mães do Brasil e divulgar ações do governo em favor da mulher. Já a Janja, pode apresentar live, usar os estúdios e equipamentos da EBC, e ter o seu ‘programa’ transmitido pela emissora oficial, TV Brasil.",14,39,310
Amália Barros,@amaliabarros,https://twitter.com/amaliabarros/status/1635267623813541889,2023-03-13T13:12:37.000Z,Assine o abaixo-assinado contra o pedido de cassação do deputado @nikolas_dm https://change.org/p/liberdade-de-express%C3%A3o-a-favor-do-deputado-nikolas-ferreira…,13,20,108
Amália Barros,@amaliabarros,https://twitter.com/amaliabarros/status/1635019773473075201,2023-03-12T20:47:45.000Z,Humberto Costa (PT-PE) disse que o governo Lula vai investir ‘pesadamente’ para impedir a abertura da CPMI dos atos do 8 de janeiro. Esse desespero do PT para que não tenha investigações tá estranho demais… DEMAIS!!,10,30,182
Amália Barros,@amaliabarros,https://twitter.com/amaliabarros/status/1634307678666104837,2023-03-10T21:38:09.000Z,"A pergunta que não quer calar: afinal, por que o Luiz Inácio Lula da Silva quer tanto barrar essa CPMI???",16,206,970
Amália Barros,@amaliabarros,https://twitter.com/amaliabarros/status/1634265434252890137,2023-03-10T18:50:17.000Z,"3 meses de (des)governo: relativização de temas como aborto e desarmamento, invasões do MST, apoio às ditaduras, avião da FAB usado para benefício próprio, tentativas de suborno para que não haja a CPMI… Bastou o PT tomar o poder, que o clima de insegurança voltou ao país.",9,40,198
Amália Barros,@amaliabarros,https://twitter.com/amaliabarros/status/1634223250392641536,2023-03-10T16:02:39.000Z,"Assinei a CPI do MST, de autoria do dep. @tencelzucco, para que seja investigado o que e/ou quem está por trás das invasões de terra. Queremos saber quais são os verdadeiros interesses por trás desses atos de vandalismo.",9,18,181
Amália Barros,@amaliabarros,https://twitter.com/amaliabarros/status/1633873870372610049,2023-03-09T16:54:21.000Z,"O cancelamento dos empréstimos consignados para as pessoas com deficiência e maiores de 60 anos, que são vulneráveis, é de uma maldade sem precedentes. Farei meu papel, por todos aqueles que infelizmente são prejudicados por essa canetada!",35,241,1.149
Amália Barros,@amaliabarros,https://twitter.com/amaliabarros/status/1633796207158992899,2023-03-09T11:45:44.000Z,"Qual a necessidade disso? Tirar o poder de fala dos deputados por serem homens? Isso está errado! Eu sempre lutei para que todos tenham seus direitos respeitados, TODOS!",413,1.788,9.317
Amália Barros,@amaliabarros,https://twitter.com/amaliabarros/status/1633600605032775681,2023-03-08T22:48:29.000Z,"Sou mulher e concordo com o deputado @nikolas_dm, mulheres perdem espaço sim, para homens que se sentem mulheres. A esquerda que tanto prega igualdade, é a mesma que não aceita diferença de pensamento.",839,5.482,"25,7 mil"
Amália Barros,@amaliabarros,https://twitter.com/amaliabarros/status/1633283497459687424,2023-03-08T01:48:25.000Z,"Hoje na reunião da liderança do PL fomos unânimes na batalha contra o aborto. A luta deu certo, e conseguimos a retirada da urgência do projeto que subsidiava esse ato terrível.",7,48,339
Amália Barros,@amaliabarros,https://twitter.com/amaliabarros/status/1633267011064086528,2023-03-08T00:42:54.000Z,"URGENTE: Lula põe fim aos consignados do BPC. 

São milhões de pessoas com DEFICIÊNCIA e/ou IDOSA em situação miséria que perderão oportunidade de pagar suas despesas básicas e médicas. Procurarei todos os meios legais e jurídicos possíveis para reverter essa MP da crueldade!",11,51,174
Amália Barros,@amaliabarros,https://twitter.com/amaliabarros/status/1633235206017613826,2023-03-07T22:36:31.000Z,"Eu não tenho medo de retaliação porque o Parlamento NÃO É BALCÃO DE NEGÓCIOS! Mas o PT prefere prejudicar o povo ao invés de investigar os atos!

Porque será, hein?!",25,361,1.007
Amália Barros,@amaliabarros,https://twitter.com/amaliabarros/status/1633138444233850884,2023-03-07T16:12:02.000Z,"ABSURDO! Mesmo com uma série de denúncias contra o ministro das Comunicações, Juscelino Filho (as quais já expus em Plenário), Lula prefere manter o ministro no cargo para ""fazer média"" com o União Brasil. Quem perde? A população, é claro.",1,18,97
Amália Barros,@amaliabarros,https://twitter.com/amaliabarros/status/1633089944255184896,2023-03-07T12:59:18.000Z,As emendas são GARANTIDAS aos deputados para que possamos encaminhar aos Estados conforme a necessidade local. Mas Lula prefere prejudicar estados e municípios por vingança ao deputado que não aceitou se vender. Quem não entra no jogo desonesto acaba sem ter o que é de direito!,4,12,69
Amália Barros,@amaliabarros,https://twitter.com/amaliabarros/status/1633089694446518276,2023-03-07T12:58:19.000Z,PARLAMENTO NÃO É BALCÃO DE NEGÓCIOS!,3,28,95
Amália Barros,@amaliabarros,https://twitter.com/amaliabarros/status/1632892846905737216,2023-03-06T23:56:07.000Z,"Apesar das denúncias de corrupção, Lula mantém Juscelino Filho no cargo de Ministro das Comunicações. A história se repete…",3,7,63
Amália Barros,@amaliabarros,https://twitter.com/amaliabarros/status/1632870417026232321,2023-03-06T22:26:59.000Z,"55 países assinaram a declaração da ONU que denuncia as violações de direitos humanos da Nicarágua, que executa opositores, expulsa padres, freiras e acusa a igreja de ser  uma “máfia organizada”. Já o Brasil, (des)governado por Lula, se recusa a assinar contra a ditadura.",3,16,59
Amália Barros,@amaliabarros,https://twitter.com/amaliabarros/status/1632761665367277568,2023-03-06T15:14:50.000Z,"Sem o governo do PT, foram batidos recordes de entrega de documentos para regularização de terras, cerca de 400 mil ao longo dos últimos 4 anos. Já com a volta do PT, em menos de 3 meses de (des)governo Lula, o MST voltou a invadir terras com força total.",3,24,128
Amália Barros,@amaliabarros,https://twitter.com/amaliabarros/status/1631747635534069770,2023-03-03T20:05:27.000Z,"Voltei a cobrar na tribuna um posicionamento do Ministro das Comunicações, Juscelino Filho. Como deputada federal, não vou me calar e permitir que o governo Lula, no qual já sabemos bem o histórico, use do dinheiro público sem responsabilidade. 

Nós queremos respostas!",5,26,168
Amália Barros,@amaliabarros,https://twitter.com/amaliabarros/status/1630960894719959041,2023-03-01T15:59:13.000Z,"URGENTE: Apresentei requerimento convocando o ministro das Comunicações, Juscelino Filho, para prestar esclarecimentos sobre o vôo da FAB que custou 140 MIL REAIS e outras situações que foram divulgadas, que podem inclusive ser consideradas atos de IMPROBIDADE ADMINISTRATIVA.",15,120,439
