nome,usuario,idTweet,dataPublicacao,texto,replies,retweets,likes
Junio Amaral,@cabojunioamaral,https://twitter.com/cabojunioamaral/status/1641417281434533888,2023-03-30T12:29:10.000Z,"Seja bem vindo, Presidente @jairbolsonaro 🇧🇷",11,49,430
Junio Amaral,@cabojunioamaral,https://twitter.com/cabojunioamaral/status/1641148491123523595,2023-03-29T18:41:06.000Z,"Flávio Dino, além de desrespeitar os parlamentares juntamente com seus aliados, mente ao dizer que não houve omissão do Gov. Federal e nós iremos provar isso com a CPMI do dia 8 de janeiro.",10,134,540
Junio Amaral,@cabojunioamaral,https://twitter.com/cabojunioamaral/status/1640801900021927965,2023-03-28T19:43:52.000Z,"Flávio Dino está, neste momento, na CCJ respondendo os questionamentos sobre suas ações.",15,35,170
Junio Amaral,@cabojunioamaral,https://twitter.com/cabojunioamaral/status/1640379111607529472,2023-03-27T15:43:51.000Z,"Meus mais profundos sentimentos aos familiares e amigos da professora vítima do ataque dentro de uma escola em São Paulo. E meus parabéns para a professora que, heroicamente, desarmou o criminoso impedindo que a tragédia fosse ainda maior…",17,82,433
Junio Amaral,@cabojunioamaral,https://twitter.com/cabojunioamaral/status/1640353923218173953,2023-03-27T14:03:46.000Z,"Pra começo de conversa, em um país sério ele não seria nem candidato. Nem da cadeia deveria ter saído. Diante da sua incompetência, seus ataques ao BC, seu desejo de vingança contra um senador e outras mais, já passou da hora de pedirmos: #ImpeachmentDoLulaJá",7,49,213
Junio Amaral,@cabojunioamaral,https://twitter.com/cabojunioamaral/status/1640333940157472769,2023-03-27T12:44:21.000Z,"Quem ainda puder marcar o montanha, ops, o Paulo Pimenta, faça por favor. Ele deveria bloquear o pessoal da ODEBRECHT que deu o apelido, não eu. @secomvc",17,102,584
Junio Amaral,@cabojunioamaral,https://twitter.com/cabojunioamaral/status/1639667208711225344,2023-03-25T16:35:00.000Z,"Durante as eleições, Jair Bolsonaro foi taxado de mentiroso ao dizer que o PCC e o PT eram aliados. Em pouquíssimo tempo as coisas vão se esclarecendo, provando mais uma vez o lado da verdade.",18,168,843
Junio Amaral,@cabojunioamaral,https://twitter.com/cabojunioamaral/status/1639649019835162627,2023-03-25T15:22:44.000Z,PT e PCC nos assuntos mais comentados do Twitter. Coincidências cabulosas.,4,46,238
Junio Amaral,@cabojunioamaral,https://twitter.com/cabojunioamaral/status/1639617324092211201,2023-03-25T13:16:47.000Z,Nós avisamos que Lula era o candidato do crime organizado. PT e PCC possuem diálogos cabulosos.,33,170,622
Junio Amaral,@cabojunioamaral,https://twitter.com/cabojunioamaral/status/1639424402549882883,2023-03-25T00:30:11.000Z,Fds chegando. Nada melhor que um violão e uma picanha trans.  Com @caporezzodm,11,50,319
Junio Amaral,@cabojunioamaral,https://twitter.com/cabojunioamaral/status/1639290995652042753,2023-03-24T15:40:04.000Z,"Essa é a Dilma, que vai receber um salário de R$ 220 mil por mês como presidente do banco dos Brics. Se ela conseguiu, você também consegue.",15,45,183
Junio Amaral,@cabojunioamaral,https://twitter.com/cabojunioamaral/status/1639021766847741952,2023-03-23T21:50:15.000Z,"As declarações criminosas de Lula colocam em risco a segurança de Moro e seus familiares. Enquanto isso, gente como o Nelipe Feto, insiste em defender esse crápula.",3,61,347
Junio Amaral,@cabojunioamaral,https://twitter.com/cabojunioamaral/status/1639003895182532609,2023-03-23T20:39:14.000Z,Tudo ocorrendo conforme o esperado. 😂,6,27,188
Junio Amaral,@cabojunioamaral,https://twitter.com/cabojunioamaral/status/1638980710206717952,2023-03-23T19:07:06.000Z,"Quero ver qual vai ser a narrativa do Nelipe Feto, agora que o chefe dele disse que o plano contra Moro era armação do próprio Moro. Segundo o cancelador oficial da República, foi esse daí no vídeo que salvou a vida do Senador.",6,42,172
Junio Amaral,@cabojunioamaral,https://twitter.com/cabojunioamaral/status/1638957042969747484,2023-03-23T17:33:04.000Z,"Parabéns à Câmara de Vereadores de Contagem que serviu como escudo da população contra a ofensiva da Sra. Marília Campos, do PT. O povo de Contagem espera por mais reações do tipo. 

Completo aqui: https://bityli.com/TBJ9Yl",2,19,92
Junio Amaral,@cabojunioamaral,https://twitter.com/cabojunioamaral/status/1638896583583358978,2023-03-23T13:32:49.000Z,Os delegados dos inquéritos e os demais agentes públicos que investigaram e combateram as tretas do Lula já estão tomando tarja preta para dormir? Esse criminoso não poderia nunca ocupar qualquer função de poder.,13,70,223
Junio Amaral,@cabojunioamaral,https://twitter.com/cabojunioamaral/status/1638620030018494464,2023-03-22T19:13:53.000Z,"Trecho da minha entrevista de hoje, 22/03, na CNN. Assista completo no YouTube, - https://youtu.be/4kn-D7b9THY",2,25,151
Junio Amaral,@cabojunioamaral,https://twitter.com/cabojunioamaral/status/1638589498211672067,2023-03-22T17:12:34.000Z,A única pergunta que faço em meio a descoberta de um plano para ma*tar Sérgio Moro é: o que o PCC ganharia com isso? Pensem com profundidade.,18,87,338
Junio Amaral,@cabojunioamaral,https://twitter.com/cabojunioamaral/status/1638566809543532545,2023-03-22T15:42:25.000Z,"Transformado em convite, por acordo na comissão, foi aprovado nosso requerimento para que o ministro Flávio Dino preste esclarecimentos acerca dos últimos acontecimentos. Em especial a sua visita no Complexo da Maré, no Rio de Janeiro.",11,27,118
Junio Amaral,@cabojunioamaral,https://twitter.com/cabojunioamaral/status/1638521268776448000,2023-03-22T12:41:27.000Z,"Lula dizia que só ficaria bem quando f*desse com Moro. Hoje, em operação da Polícia Federal contra o PCC, que tinha planos de matar autoridades, foi descoberto que Moro era um dos alvos. Alguém vai ser ingênuo o suficiente para achar apenas uma coincidência?",45,132,719
Junio Amaral,@cabojunioamaral,https://twitter.com/cabojunioamaral/status/1638303363941933057,2023-03-21T22:15:34.000Z,"Atearam fogo em um boneco do presidente do Banco Central, Roberto Campos Neto, durante um “protesto”, nesta terça-feira (21). Seria um ato terrorista e antidemocrático também ou se estiver vestido de vermelho tá liberado? 🤔",28,91,364
Junio Amaral,@cabojunioamaral,https://twitter.com/cabojunioamaral/status/1638280635293880354,2023-03-21T20:45:15.000Z,“Comenta magoa” … se fosse o Bolsonaro o mínimo que vcs teriam dito seria: “Bolsonaro ameaça Moro”. Vcs são muito canalhas @JornalOGlobo!,22,27,263
Junio Amaral,@cabojunioamaral,https://twitter.com/cabojunioamaral/status/1638232774082437144,2023-03-21T17:35:04.000Z,"“Só vai ficar bem quando eu f* esse Moro” disse Lula. Mais uma vez demonstrando que seu objetivo maior é sua vingança pessoal. A mesma imprensa militante que dizia que o Bolsonaro só “destilava ódio”, ficou aos risos com essa fala.",34,128,409
Junio Amaral,@cabojunioamaral,https://twitter.com/cabojunioamaral/status/1638203219011575809,2023-03-21T15:37:38.000Z,"Feliz aniversário, Presidente @jairbolsonaro. Que Deus te abençoe e abençoe nosso país para, o quanto antes, nos vermos livres destes que aí estão.",8,38,570
Junio Amaral,@cabojunioamaral,https://twitter.com/cabojunioamaral/status/1638180304887185409,2023-03-21T14:06:35.000Z,"Não é dia de tbt, mas vou repostar esse vídeo aqui pq a @GloboNews apagou o mesmo da página deles. Na época, para incentivarem o carnaval, fizeram pouco caso das chuvas que vieram a causar a tragédia em SP.",3,58,114
Junio Amaral,@cabojunioamaral,https://twitter.com/cabojunioamaral/status/1638161787546742784,2023-03-21T12:53:00.000Z,Já estão enlouquecendo vendo que as promessas não serão cumpridas. 🤷🏻‍♂️,7,41,177
Junio Amaral,@cabojunioamaral,https://twitter.com/cabojunioamaral/status/1637977583236022273,2023-03-21T00:41:02.000Z,"Não se preocupem com a taxação de sites como Shopee, AliExpress e Shein. Quando forem finalizar uma compra, utilizem o cupom “FAZOL13”. 👍🏻",26,129,733
Junio Amaral,@cabojunioamaral,https://twitter.com/cabojunioamaral/status/1637921651458285568,2023-03-20T20:58:47.000Z,"O imóvel fica no Lago Norte, bairro nobre da capital federal, e não entrou em nenhuma relação patrimonial apresentada pelo ministro nas eleições de 2014, 2018 e 2022, segundo o jornal Folha de S.Paulo.",16,128,475
Junio Amaral,@cabojunioamaral,https://twitter.com/cabojunioamaral/status/1637469743878754306,2023-03-19T15:03:04.000Z,Dos mesmos criadores de “despiora” vem aí a “inflação do bem”. É incrível a falta de vergonha na cara dessa gente.,11,48,331
Junio Amaral,@cabojunioamaral,https://twitter.com/cabojunioamaral/status/1637221994125991936,2023-03-18T22:38:36.000Z,Os mesmos irmãos que delataram Lula e Dilma irão viajar para a China com o atual presidente deste desgoverno. É daqui que vai sair a picanha?,7,45,255
Junio Amaral,@cabojunioamaral,https://twitter.com/cabojunioamaral/status/1636794771753807872,2023-03-17T18:20:58.000Z,Iniciativa que nos inspira. Vale a pena conhecer.,3,19,105
Junio Amaral,@cabojunioamaral,https://twitter.com/cabojunioamaral/status/1636759145394176001,2023-03-17T15:59:24.000Z,"Amigo de Lula, Andrés Sanchez afirmou que ""ROUBAR É UM DIREITO"". Vindo de um ex-deputado petista não me assusta, apenas comprova que eles gostam mesmo é de bandido.",47,121,394
Junio Amaral,@cabojunioamaral,https://twitter.com/cabojunioamaral/status/1636083737380241408,2023-03-15T19:15:34.000Z,Flávio Dino entra no Complexo da Maré (RJ) sem escolta policial. Parece que os integrantes do governo têm acessos que nem mesmo a polícia possui. Será que foi recadastrar as armas dos traficantes?,45,260,985
Junio Amaral,@cabojunioamaral,https://twitter.com/cabojunioamaral/status/1636065022680997888,2023-03-15T18:01:12.000Z,Continuo como membro titular da Comissão de Segurança Pública e serei suplente nas Comissões de Fiscalização Financeira e Controle e Direitos Humanos. Contem comigo para propor melhorias e fiscalizar o atual desgoverno nessas Comissões.,2,10,61
Junio Amaral,@cabojunioamaral,https://twitter.com/cabojunioamaral/status/1635976747739906049,2023-03-15T12:10:26.000Z,Esse daqui é para os concursados que votaram nele. Nem de vocês ele gosta. 👍,8,68,268
Junio Amaral,@cabojunioamaral,https://twitter.com/cabojunioamaral/status/1635741450322280473,2023-03-14T20:35:27.000Z,"Já podemos chamar de tchutchuca do centrão? Sobre a tentativa de barrar a CPMI, é aquele ditado: quem não deve, não teme.",24,86,289
Junio Amaral,@cabojunioamaral,https://twitter.com/cabojunioamaral/status/1634637493193637889,2023-03-11T19:28:43.000Z,"Calma, o importante é o que o amor venceu. Seus boletos também podem estar vencidos, mas o que importa é o amor.",5,48,181
Junio Amaral,@cabojunioamaral,https://twitter.com/cabojunioamaral/status/1634514965792161793,2023-03-11T11:21:50.000Z,A mulher que cobra respeito com as mulheres. 👇,24,246,836
Junio Amaral,@cabojunioamaral,https://twitter.com/cabojunioamaral/status/1634284191125757952,2023-03-10T20:04:49.000Z,Ele era tão bom que ninguém além dele mesmo quis disputar (contém ironia).,3,22,117
Junio Amaral,@cabojunioamaral,https://twitter.com/cabojunioamaral/status/1634205343285665798,2023-03-10T14:51:30.000Z,"Eis aqui dois discursos transfóbicos, um recente e um antigo. Ambos lustrados com o pano da esquerda extremista e da esquerda caviar.",4,61,254
Junio Amaral,@cabojunioamaral,https://twitter.com/cabojunioamaral/status/1634162145473490944,2023-03-10T11:59:51.000Z,O grupo de combate ao extremismo criado pelo desgoverno vai investigar e condenar isso daqui?,21,43,200
Junio Amaral,@cabojunioamaral,https://twitter.com/cabojunioamaral/status/1633869520657080321,2023-03-09T16:37:04.000Z,"Como “boa” - na verdade, péssima - feminista que é, ainda culpou um homem por ter sido assaltada. Do ladrão mesmo ela não falou. 🤷🏻‍♂️ 

Faz o L aí.",10,26,121
Junio Amaral,@cabojunioamaral,https://twitter.com/cabojunioamaral/status/1633505806753701890,2023-03-08T16:31:48.000Z,"A bancada conservadora teve hoje uma importante reunião com o presidente da Câmara dos Deputados, na qual reforçamos a necessidade de revogar os decretos e portarias desarmamentistas de Lula e pautar para votação os Projetos de Decretos Legislativos…",9,55,278
Junio Amaral,@cabojunioamaral,https://twitter.com/cabojunioamaral/status/1633118009676951552,2023-03-07T14:50:50.000Z,Posse do Lula custou quase R$ 7 milhões. A picanha para o pobre enquanto isso:,10,40,168
Junio Amaral,@cabojunioamaral,https://twitter.com/cabojunioamaral/status/1633115801979854849,2023-03-07T14:42:03.000Z,"Mais de R$6,6 milhões. Esse é o custo total da recepção de autoridades e convidados para o coquetel oferecido pelo presidente Luiz Inácio Lula da Silva no Palácio do Itamaraty, sede do ministério de Relações Exteriores, no dia 1º de janeiro, data da posse presidencial…",11,61,212
Junio Amaral,@cabojunioamaral,https://twitter.com/cabojunioamaral/status/1632767839693144064,2023-03-06T15:39:22.000Z,"O ladrão que rouba celular só para tomar uma cervejinha, agora vai ter que roubar mais ainda por causa do aumento do imposto sobre as bebidas. Seu final de semana vai ser com picanha de metáfora e cerveja tributada. Faz o L! 👍",3,24,163
Junio Amaral,@cabojunioamaral,https://twitter.com/cabojunioamaral/status/1632727513917976576,2023-03-06T12:59:08.000Z,Para mais informações:https://instagram.com/p/CpcsNjcrWYZ/?igshid=NzAzN2Q1NTE=…,3,12,54
Junio Amaral,@cabojunioamaral,https://twitter.com/cabojunioamaral/status/1632405457393397761,2023-03-05T15:39:24.000Z,"Não se preocupem, hoje estamos melhores que semana que vem. 👍",14,57,225
Junio Amaral,@cabojunioamaral,https://twitter.com/cabojunioamaral/status/1632015149568610310,2023-03-04T13:48:27.000Z,Diga-me com quem tu andas.,209,1.692,4.797
Junio Amaral,@cabojunioamaral,https://twitter.com/cabojunioamaral/status/1631735927847415809,2023-03-03T19:18:56.000Z,"O governo não irá mais pagar o 13º do bolsa família. Bolsonaro havia instituído o pagamento desde o seu primeiro ano de mandato. E você aí, acreditando na Miriam Leitão dizendo que aumentar impostos é bom para o pobre. 👍",13,78,483
Junio Amaral,@cabojunioamaral,https://twitter.com/cabojunioamaral/status/1631663040482402310,2023-03-03T14:29:18.000Z,"Infelizmente, os justos pagam pelos pecadores. Falta de aviso não foi.",18,76,283
Junio Amaral,@cabojunioamaral,https://twitter.com/cabojunioamaral/status/1631449457794400261,2023-03-03T00:20:36.000Z,Explicando de forma didática para os negacionistas da inflação como o aumento dos impostos sobre os combustíveis afeta a vida de todo mundo.,9,107,474
Junio Amaral,@cabojunioamaral,https://twitter.com/cabojunioamaral/status/1631315430873653250,2023-03-02T15:28:01.000Z,"Entrega a domicílio! Uma vítima de assalto invadiu um quartel da PM em SP para pedir socorro. Os criminosos, que estavam no caminhão, foram presos.",4,46,232
Junio Amaral,@cabojunioamaral,https://twitter.com/cabojunioamaral/status/1630926322510839813,2023-03-01T13:41:51.000Z,Chega no frentista e consulte o desconto especial pra quem fez o L.,12,61,265
