nome,usuario,idTweet,dataPublicacao,texto,replies,retweets,likes
Padre João,@dep_padrejoao,https://twitter.com/dep_padrejoao/status/1641576758003613697,2023-03-30T23:02:52.000Z,"Pra quem andava de moto, sem capacete, com tudo pago com dinheiro público, não tem nenhum sentido exigir carro agora.  Só se for de camburão???",0,5,25
Padre João,@dep_padrejoao,https://twitter.com/dep_padrejoao/status/1641528210843115529,2023-03-30T19:49:58.000Z,Investimento só em títulos do tesouro. Parem de produzir.,5,0,7
Padre João,@dep_padrejoao,https://twitter.com/dep_padrejoao/status/1641496607286779910,2023-03-30T17:44:23.000Z,"Chega de violência, mortes e preconceito.",3,1,11
Padre João,@dep_padrejoao,https://twitter.com/dep_padrejoao/status/1641418392585289728,2023-03-30T12:33:35.000Z,Cadê o mito?,9,24,97
Padre João,@dep_padrejoao,https://twitter.com/dep_padrejoao/status/1641402634841079810,2023-03-30T11:30:58.000Z,"TCU mandou as Forças Armadas devolverem R$ 27.800,00 pela compra superfaturada de Viagra. Corrupção para todo lado no governo do Bozo.",1,2,19
Padre João,@dep_padrejoao,https://twitter.com/dep_padrejoao/status/1641385386852089857,2023-03-30T10:22:26.000Z,"Bom dia, nosso presidente. Bom trabalho e boa recuperação.",4,3,11
Padre João,@dep_padrejoao,https://twitter.com/dep_padrejoao/status/1640823295271378945,2023-03-28T21:08:53.000Z,"A cultura está de volta! Acabo de sair de uma reunião com a ministra, @MagaAfroPop, e tive acesso em primeira mão aos recursos da Lei Paulo Gustavo para Minas. Serão mais de R$ 182 milhões para diversos municípios mineiros. Viva a cultura, viva Minas, viva o governo @LulaOficial!",6,10,38
Padre João,@dep_padrejoao,https://twitter.com/dep_padrejoao/status/1640693280143732736,2023-03-28T12:32:15.000Z,Mais um estojo de joias surrupiado pelo capitão fujão. Mas este brilho funestos das joias não pode ofuscar o depoimento de Tacla Duran contra a lavanderia do Moro.,3,5,18
Padre João,@dep_padrejoao,https://twitter.com/dep_padrejoao/status/1640690906926919680,2023-03-28T12:22:49.000Z,Mais mercado para nossos produtos. O Brasil no caminho certo.,3,1,7
Padre João,@dep_padrejoao,https://twitter.com/dep_padrejoao/status/1640296264456712195,2023-03-27T10:14:39.000Z,Hoje o Brasil vai começar a ver a sujeira da Lava Jato...,14,44,310
Padre João,@dep_padrejoao,https://twitter.com/dep_padrejoao/status/1639656793922994180,2023-03-25T15:53:37.000Z,"Força aí, nosso presidente. Vamos remarcar esta viagem para a China.",1,0,11
Padre João,@dep_padrejoao,https://twitter.com/dep_padrejoao/status/1639603734123511808,2023-03-25T12:22:47.000Z,Mais uma fraude da Farsa a Jato...,8,21,117
Padre João,@dep_padrejoao,https://twitter.com/dep_padrejoao/status/1639309622002561024,2023-03-24T16:54:05.000Z,"E a juíza do ""copia e cola,""  como vai?",0,1,11
Padre João,@dep_padrejoao,https://twitter.com/dep_padrejoao/status/1639296193984360454,2023-03-24T16:00:43.000Z,"Dilma foi eleita a presidenta do Banco dos BRICS. O banco é composto pelos países:  Brasil, Rússia,  Índia, China e  África do Sul. Parabéns!  O Brasil retomando a capacidade de investimentos, desenvolvimento, com mais força com estes parceiros.",1,3,17
Padre João,@dep_padrejoao,https://twitter.com/dep_padrejoao/status/1639280463234695168,2023-03-24T14:58:13.000Z,"DIESEL E GÁS ➕ BARATOS
O governo @LulaOficial age pra minorar efeitos da política de preços dos combustíveis adotada pelo golpista Temer e piorada por Bolsonaro, que levou a gasolina a R$10 em 2022:🚛⛽ Imposto zero sobre diesel e gás♨️🎫 Vale-Gás para 9,5 milhões de famílias",0,3,8
Padre João,@dep_padrejoao,https://twitter.com/dep_padrejoao/status/1639262711014989826,2023-03-24T13:47:40.000Z,O mercado é rentista. Quer ganhar dinheiro sem investir em produção.,0,6,17
Padre João,@dep_padrejoao,https://twitter.com/dep_padrejoao/status/1638954480505856002,2023-03-23T17:22:53.000Z,O capitalismo funciona assim: o lucro é privatizado e os prejuízos socializados. Até os moradores de rua acudidos pelo padre Júlio Lancellotti  pagam para o mercado financeiro...,0,5,13
Padre João,@dep_padrejoao,https://twitter.com/dep_padrejoao/status/1638950371354615813,2023-03-23T17:06:33.000Z,"Tudo armação. E a pior de todas 
foi em Juiz de Fora.",7,3,60
Padre João,@dep_padrejoao,https://twitter.com/dep_padrejoao/status/1638680936677007361,2023-03-22T23:15:55.000Z,Este país vive de mentiras e armações. Desde bolinhas de papel em carecas...,0,5,9
Padre João,@dep_padrejoao,https://twitter.com/dep_padrejoao/status/1638613349532565504,2023-03-22T18:47:21.000Z,"Vitória. O Instituto do Patrimônio Histórico e Artístico Nacional (Iphan) suspendeu a licença prévia que permitia a empresa Tamisa minerar na Serra do Curral/BH. Continuamos na luta pela preservação da vida, das águas e de nosso patrimônio natural e cultural. Chega de destruição.",1,0,16
Padre João,@dep_padrejoao,https://twitter.com/dep_padrejoao/status/1638548516619337731,2023-03-22T14:29:43.000Z,"Diesel mais barato de novo. Petrobrás reduz preço do diesel em 4,47% para as distribuidoras. Preço cai de 4,02 para 3,84 reais. A segunda queda em 2023. Faz o L aí.",1,1,3
Padre João,@dep_padrejoao,https://twitter.com/dep_padrejoao/status/1638538328420102144,2023-03-22T13:49:14.000Z,"Dom Lauro, Bispo de Colatina, reza na foz do Rio Doce, no dia mundial da água. A bacia do Rio Doce foi destruída pelo crime da Vale/Samarco/BHP no rompimento da Barragem do Fundão, em Mariana, 05/11/2015. Águas para a vida e não para a morte.",3,2,10
Padre João,@dep_padrejoao,https://twitter.com/dep_padrejoao/status/1638534164885520386,2023-03-22T13:32:42.000Z,"Hoje é mais um grande dia. Lula vai relançar o Programa de Aquisição de Alimentos - PAA. É mais alimento para acabarmos com a fome em nosso país. ""Dai-lhes vós mesmos de comer""- Campanha da Fraternidade de 2023, CNBB.",1,1,4
Padre João,@dep_padrejoao,https://twitter.com/dep_padrejoao/status/1638511002307244032,2023-03-22T12:00:39.000Z,"Hoje é dia mundial da água. Vamos proteger, preservar, não poluir, não envenenar nossas águas. Vamos plantar água. Nosso projeto de lei 3715/2020 cria o Programa Barraginhas para reter água da chuva no solo, reabastecendo o lençol freático, revitalizando e perenizando nascentes..",0,1,4
Padre João,@dep_padrejoao,https://twitter.com/dep_padrejoao/status/1638301184640405505,2023-03-21T22:06:55.000Z,"Agora vai. Fala tudo, Tacla Duran. Abra o bico.",0,0,7
Padre João,@dep_padrejoao,https://twitter.com/dep_padrejoao/status/1638188088462569475,2023-03-21T14:37:31.000Z,Abaixo a agiotagem e o rentismo.,0,0,3
Padre João,@dep_padrejoao,https://twitter.com/dep_padrejoao/status/1638155364339204098,2023-03-21T12:27:28.000Z,"Chega de agiotagem, rentismo e especulação financeira.",3,6,18
Padre João,@dep_padrejoao,https://twitter.com/dep_padrejoao/status/1638133384659566592,2023-03-21T11:00:08.000Z,Taxa de juros do BC é agiotagem.,1,2,10
Padre João,@dep_padrejoao,https://twitter.com/dep_padrejoao/status/1637805388492951560,2023-03-20T13:16:48.000Z,"Um Brasil com mais dignidade e respeito, sem fome. Comida no prato, vacina no braço e criança na escola.",0,1,11
Padre João,@dep_padrejoao,https://twitter.com/dep_padrejoao/status/1637144262822207488,2023-03-18T17:29:43.000Z,"Qual foi o juiz que expediu o mandado de prisão contra Putin? Foi o juiz da Lava Jato de Curitiba, o conje? Quem vai cumprir a execução? O Japa da federal?",1,2,20
Padre João,@dep_padrejoao,https://twitter.com/dep_padrejoao/status/1637104252748177414,2023-03-18T14:50:44.000Z,"Governo anterior criou muitos postos de trabalho. De trabalho escravo. O número de resgate em 2023 já bateu recorde.  Até o vinho do sul, não tinha nada de santo.",9,15,108
Padre João,@dep_padrejoao,https://twitter.com/dep_padrejoao/status/1636815326712086543,2023-03-17T19:42:39.000Z,"Iniciamos mais um mandato de muito trabalho. Estamos presentes nas seguintes Comissões Permanentes da @camaradeputados. 

Continua no próximo Tweeet#PadreJoão #Comissões #Câmara",3,3,13
Padre João,@dep_padrejoao,https://twitter.com/dep_padrejoao/status/1636709776775053313,2023-03-17T12:43:14.000Z,O Brasil precisa crescer e se desenvolver.  Abaixo o rentismo especulador.,4,5,27
Padre João,@dep_padrejoao,https://twitter.com/dep_padrejoao/status/1636417282766258187,2023-03-16T17:20:58.000Z,"Estivemos reunidos na CeasaMinas, juntamente com Paulo Teixeira, Ministro do Desenvolvimento Agrário e as entidades ligadas à Ceasa e trabalhadores. Não à privatização da Ceasa. Segurança Alimentar e Nutricional para o nosso povo, com abastecimento e preço mais barato.",4,16,37
Padre João,@dep_padrejoao,https://twitter.com/dep_padrejoao/status/1636346431685509121,2023-03-16T12:39:25.000Z,"Depois do SVB e Signature Bank dos EUA, a quebradeira agora ronda o Credit Suisse que já pediu socorro ao Banco Central Europeu. Por aqui, o BC continua com a agiotagem.",2,3,14
Padre João,@dep_padrejoao,https://twitter.com/dep_padrejoao/status/1635739388226273308,2023-03-14T20:27:15.000Z,"Pedimos ao MPF e Estadual que apurem denúncia de venda das ações do Estado na empresa de mineração e planta de processamento químico de lítio para empresas que tem apenas R$ 1.200,00 de capital. Já não temos mais o nióbio e Zema doa o lítio.",8,12,36
Padre João,@dep_padrejoao,https://twitter.com/dep_padrejoao/status/1635664589533716480,2023-03-14T15:30:01.000Z,"Hoje é dia de luta contra as barragens, pelas águas e pela vida. Para nunca mais esquecermos Mariana e Brumadinho e tantos outros crimes.",5,3,11
Padre João,@dep_padrejoao,https://twitter.com/dep_padrejoao/status/1635619114164027393,2023-03-14T12:29:19.000Z,"Lá nos EUA os juros baixos, vão baixar ainda mais depois da quebradeira. Aqui, o BC continua com a mesma agiotagem: 13,75%.",8,4,21
Padre João,@dep_padrejoao,https://twitter.com/dep_padrejoao/status/1635579058644721665,2023-03-14T09:50:09.000Z,Quem mandou matar Marielle Franco e Anderson Gomes? Hoje faz 5 anos. Sem resposta. O Brasil e mundo precisam saber.,3,10,37
Padre João,@dep_padrejoao,https://twitter.com/dep_padrejoao/status/1635575589632462848,2023-03-14T09:36:22.000Z,Até 70 vezes 7. Perdão sem limites.,3,0,9
Padre João,@dep_padrejoao,https://twitter.com/dep_padrejoao/status/1635302407084318720,2023-03-13T15:30:50.000Z,Com a reforma tributária o Brasil cresce e todos ganham! Arrasta pro lado e entenda dos pontos positivos 😉 #ReformaTributária #Lula #GovernoFederal➡️ Segue o Tweet ➡️,3,2,9
Padre João,@dep_padrejoao,https://twitter.com/dep_padrejoao/status/1635262886242291712,2023-03-13T12:53:48.000Z,"Banco SVB dos Estados Unidos quebrou. Não aguentou a taxa de juros de lá que é de 4,5%. Aqui, o BC segue com agiotagem: 13,75%.  Até quando?",319,108,190
Padre João,@dep_padrejoao,https://twitter.com/dep_padrejoao/status/1634997193760456705,2023-03-12T19:18:02.000Z,"Michelle, a viúva do vivo fujão, disse que está morando de aluguel. Onde estão os 107 imóveis do Jair, dos quais, 51 foram comprados em dinheiro vivo?",28,61,284
Padre João,@dep_padrejoao,https://twitter.com/dep_padrejoao/status/1634914256213929986,2023-03-12T13:48:28.000Z,Mãos à Obra. Mais uma iniciativa para fazer o Brasil andar. @LulaOficial; @lelecopimentel_,4,7,37
Padre João,@dep_padrejoao,https://twitter.com/dep_padrejoao/status/1634329219843989505,2023-03-10T23:03:45.000Z,"Mais alimento, mais energia, mais aprendizado, mais futuro para nossas crianças.",2,22,86
Padre João,@dep_padrejoao,https://twitter.com/dep_padrejoao/status/1634243278697578500,2023-03-10T17:22:15.000Z,"Trabalhando sem parar pelo bem do povo brasileiro. Nada de xingamentos, estresses... de reunião secreta.",2,0,9
Padre João,@dep_padrejoao,https://twitter.com/dep_padrejoao/status/1634203314475741186,2023-03-10T14:43:26.000Z,E a média dos salários também cresceu. Mais renda e dignidade para nosso povo.,7,8,32
Padre João,@dep_padrejoao,https://twitter.com/dep_padrejoao/status/1634161251373785088,2023-03-10T11:56:18.000Z,"Mais uma bomba. Além de joias, Bolsonaro trouxe em avião da FAB um fuzil e uma pistola que ganhou de presente do príncipe árabe. Fuzil customizado. É muita amizade...kkkk.  Tráfico de armas?",4,24,93
Padre João,@dep_padrejoao,https://twitter.com/dep_padrejoao/status/1633942544487776258,2023-03-09T21:27:14.000Z,O Brasil começou a andar pra frente.  Em janeiro de 2023 foram criados 83.297 vagas de trabalho com carteira assinada. Na carteira azul. E a renda média dos salários cresceu.,7,4,16
Padre João,@dep_padrejoao,https://twitter.com/dep_padrejoao/status/1633907485894426692,2023-03-09T19:07:55.000Z,O PT não deve e não treme. Fui pra cima dos bolsonaristas!,9,14,54
Padre João,@dep_padrejoao,https://twitter.com/dep_padrejoao/status/1633899029393227796,2023-03-09T18:34:19.000Z,Já passou de hora. Ninguém aguenta mais esta agiotagem.,3,3,10
Padre João,@dep_padrejoao,https://twitter.com/dep_padrejoao/status/1633825553039101955,2023-03-09T13:42:21.000Z,"Prazo para inscrição no FIES termina amanhã, dia 10/03/2023. Corre lá.",2,2,5
Padre João,@dep_padrejoao,https://twitter.com/dep_padrejoao/status/1633595905906556930,2023-03-08T22:29:49.000Z,O Papa Francisco faz homenagem às mulheres.,5,4,10
Padre João,@dep_padrejoao,https://twitter.com/dep_padrejoao/status/1633576444872753161,2023-03-08T21:12:29.000Z,"Ontem nos reunimos com o ministro Renan Filho, dos Transportes, e ele garantiu que  o problema da faixa de domínio em Manhuaçu será resolvido. Demolições e multas serão suspensas.  Será construído um anel rodoviário na BR 262. Uma vitória.",3,8,35
Padre João,@dep_padrejoao,https://twitter.com/dep_padrejoao/status/1633439635492728834,2023-03-08T12:08:51.000Z,"Mais um pacote de joias entregue a Bolsonaro. Coisa pouca, valor de 400 mil reais. Propina. Corrupção.",11,3,27
Padre João,@dep_padrejoao,https://twitter.com/dep_padrejoao/status/1633414514598092801,2023-03-08T10:29:02.000Z,"Bom dia especial a todas as mulheres do Brasil e do mundo. Estamos juntos na luta por igualdade, respeito, contra todas as formas de violência, machismo, preconceito e mortes/feminicídio. Todo dia é dia da mulher.",3,3,44
Padre João,@dep_padrejoao,https://twitter.com/dep_padrejoao/status/1633094726533406722,2023-03-07T13:18:18.000Z,"Corrupção. Barras de ouro no MEC, 16,5 milhões em joias retidas em aeroporto, Banco Central comprou 129 toneladas de ouro escondido. Suborno e propina em metais preciosos. Inovação do último governo.",14,18,35
Padre João,@dep_padrejoao,https://twitter.com/dep_padrejoao/status/1632836074484400128,2023-03-06T20:10:31.000Z,"Parabéns, Sônia Guajajara.",4,2,18
Padre João,@dep_padrejoao,https://twitter.com/dep_padrejoao/status/1632728705511354370,2023-03-06T13:03:52.000Z,"Contrabando do Jair. Corrupção. Trambique. O presente não era de grego. O cavalo não tinha soldado. Tinha joias, pedras preciosas. Propina.",5,12,50
Padre João,@dep_padrejoao,https://twitter.com/dep_padrejoao/status/1631970548518379520,2023-03-04T10:51:13.000Z,Contrabandista de jóias.,11,12,52
Padre João,@dep_padrejoao,https://twitter.com/dep_padrejoao/status/1631279925561892866,2023-03-02T13:06:56.000Z,"Distribuiu lucro de 188,3 bilhões em 2022 para os acionistas. E o povo ficou sem nenhum centavo para investimento em saúde, educação, assistência social, meio ambiente, segurança pública....",5,4,16
Padre João,@dep_padrejoao,https://twitter.com/dep_padrejoao/status/1631265413781762051,2023-03-02T12:09:16.000Z,"Parabéns, CNBB. Reunir, debater e agir em favor do povo do campo, das águas, das florestas. Fortalecer a agricultura familiar, produzir alimentos limpos, livres de agrotóxicos, com produção orgânica e agroecológica. Preservar a vida.  Esta é nossa luta.",3,2,11
Padre João,@dep_padrejoao,https://twitter.com/dep_padrejoao/status/1630957797385879553,2023-03-01T15:46:55.000Z,CNBB emite nota sobre trabalho escravo nas vinícolas do Rio Grande do Sul e recomenda as igrejas do Brasil a substituir o vinho canônico utilizados nas celebrações litúrgicas. Que não sejam produtos desta infâmia humana.,6,34,70
Padre João,@dep_padrejoao,https://twitter.com/dep_padrejoao/status/1630949032330768385,2023-03-01T15:12:05.000Z,Aprovamos ontem requerimentos na Comissão Externa para realização de audiência pública para debater e situação dos pescadores profissionais artesanais na Bacia do Rio Doce e sobre a situação das barragens em MG.,1,2,5
