nome,usuario,idTweet,dataPublicacao,texto,replies,retweets,likes
João Daniel,@depjoaodanielpt,https://twitter.com/depjoaodanielpt/status/1641579988007768065,2023-03-30T23:15:42.000Z,"Recebemos hoje em nosso gabinete o prefeito Weldo Mariano de #Canindé do São Francisco, juntamente com o vice-prefeito Pank, esteve hj em nosso gabinete apresentando projetos e ações, em busca de recursos para benefício do município em parceria com nosso Mandato Popular #Sergipe",1,0,5
João Daniel,@depjoaodanielpt,https://twitter.com/depjoaodanielpt/status/1641565836413652992,2023-03-30T22:19:28.000Z,"☕⭐ Hoje de manhã, na qualidade de coordenador do Núcleo Agrário, participei do café da manhã com os Parlamentares do Núcleo Agrário da nossa bancada e com a nova diretoria da CONAB - Companhia Nacional de Abastecimento, liderada pelo Presidente Edegar Pretto.",1,3,7
João Daniel,@depjoaodanielpt,https://twitter.com/depjoaodanielpt/status/1641545698805178368,2023-03-30T20:59:27.000Z,"🗣️REIVINDICAÇÕES DE SERGIPE COM A MINISTRA DO TURISMO

Articulamos uma importante reunião com a ministra do Turismo, Daniela Carneiro, e prefeitos do Estado de #Sergipe.",1,2,5
João Daniel,@depjoaodanielpt,https://twitter.com/depjoaodanielpt/status/1641499670298984449,2023-03-30T17:56:33.000Z,"🗣️🎙️Em discurso na tribuna da Câmara dos Deputados, destaquei a reunião que tivemos com demais parlamentares do Núcleo Agrário e a nova diretoria da CONAB, coordenada pelo presidente Edegar Pretto. 

Confira!",0,2,5
João Daniel,@depjoaodanielpt,https://twitter.com/depjoaodanielpt/status/1641481440817827842,2023-03-30T16:44:07.000Z,"✨🛍️ Recebemos com muito carinho das mãos de Mônica, que é Secretária de Jovens da Contag, e de Nadrielle Rocha, Secretária de Jovens da FETASE, e dos representantes da Juventude Rural, uma maravilhosa cesta com produtos provenientes da agricultura familiar.  #JuventudeRural",1,1,7
João Daniel,@depjoaodanielpt,https://twitter.com/depjoaodanielpt/status/1641454781591064576,2023-03-30T14:58:11.000Z,"🌳✨ Recebemos em nosso apartamento, em Brasília, a companheira vereadora @angelamelo_13 , juntamente com as demais companheiras representantes da Associação de Catadoras e Catadores de Mangaba Padre Luiz Lemper.   #Mangabeiras #Sergipe #Sustentabilidade #Sergipe",1,0,1
João Daniel,@depjoaodanielpt,https://twitter.com/depjoaodanielpt/status/1641439195297353729,2023-03-30T13:56:15.000Z,"📑 Nesta quarta-feira (29), recebemos a visita do prefeito Jean de Gerino , acompanhados de vereadores, secretários e ex-prefeito Painho, para discutir parcerias em prol do desenvolvimento do Feira Nova.  #Sergipe",1,2,4
João Daniel,@depjoaodanielpt,https://twitter.com/depjoaodanielpt/status/1641423252932141063,2023-03-30T12:52:54.000Z,"📑Na última terça-feira (28), participei de uma audiência com o presidente da CODEVASF, Marcelo Andrade, para discutir temas importantes para Sergipe, como o Canal do Xingó e os perímetros irrigados. Estamos trabalhando para fortalecer e expandir as ações da Companhia no estado.",1,2,3
João Daniel,@depjoaodanielpt,https://twitter.com/depjoaodanielpt/status/1641258346433900546,2023-03-30T01:57:37.000Z,"🗣️🎙️ Durante meu discurso na tribuna da Câmara dos Deputados, parabenizei o Governo do Presidente @LulaOficial e seus Ministros pela sua postura democrática e popular.",0,3,3
João Daniel,@depjoaodanielpt,https://twitter.com/depjoaodanielpt/status/1641229035609944068,2023-03-30T00:01:09.000Z,"✊🏾✊🏼✊🏿 ⛓️💥  NÚCLEO AGRÁRIO DISCUTE TRABALHO ANÁLOGO À ESCRAVIDÃO 

Nesta última terça-feira (28), participamos de uma importante reunião do Núcleo Agrário, um importante debate sobre o trabalho análogo à escravidão.",1,4,10
João Daniel,@depjoaodanielpt,https://twitter.com/depjoaodanielpt/status/1641222349759365120,2023-03-29T23:34:35.000Z,"🏘️✨ Estive hoje ao lado do Prefeito Mário Lucena, do município de #Aquidabã, em uma reunião com a Caixa Econômica Federal. O objetivo foi garantir a construção de moradias destinadas ao povo aquidabãense.",0,2,5
João Daniel,@depjoaodanielpt,https://twitter.com/depjoaodanielpt/status/1641200484135346180,2023-03-29T22:07:42.000Z,"Estivemos hoje ao lado do Prefeito@PrefPadreInaldo do município de Nossa Senhora do Socorro, em reunião com representantes da Caixa Econômica Federal, para assegurar uma grande conquista para os habitantes de Socorro: a construção de novas moradias para aqueles que necessitam.",0,1,3
João Daniel,@depjoaodanielpt,https://twitter.com/depjoaodanielpt/status/1641182296358174732,2023-03-29T20:55:25.000Z,"▶️ Recebemos em nosso Gabinete Popular em Brasília os vereadores Artur do PT, do Partido dos Trabalhadores, e Misael Dantas de Estância, juntamente com o Prefeito Gilson Andrade e o vice-prefeito Andre Graça.  #Estância #Sergipe",1,3,6
João Daniel,@depjoaodanielpt,https://twitter.com/depjoaodanielpt/status/1641101100265754626,2023-03-29T15:32:47.000Z,"⭐ ✅ Companheirada, nesta semana em Brasília/DF recebemos em nosso Gabinete Popular diversos prefeitos e prefeitas, vice-prefeitos, secretários e secretárias municipais e vereadores de diversos municípios do Estado de #Sergipe, que vieram para a XXIV Marcha dos Prefeit@s.",2,3,7
João Daniel,@depjoaodanielpt,https://twitter.com/depjoaodanielpt/status/1640897096717938689,2023-03-29T02:02:08.000Z,"👥🚩 Hoje, tivemos a honra de receber no espaço Mário Covas, na Câmara dos Deputados, o 4º Festival Nacional da Juventude Rural e a exposição ""Juventude Rural: Semeando Resistência e Cultivando Novo"", que teve início hoje, dia 28, e se estenderá até o dia 30 de março.",1,2,4
João Daniel,@depjoaodanielpt,https://twitter.com/depjoaodanielpt/status/1640878675250880519,2023-03-29T00:48:56.000Z,"👩🏾‍🌾✊🏿✊🏼 Estive presente no 4º Festival Nacional da Juventude Rural e da exposição intitulada ""Juventude Rural: Semeando Resistência e Cultivando o Novo"". Junto a nós, participou a Secretária de Jovens da FETASE #SERGIPE, Nadriele Rocha, representando a juventude rural sergipana.",0,0,5
João Daniel,@depjoaodanielpt,https://twitter.com/depjoaodanielpt/status/1640841620508614658,2023-03-28T22:21:42.000Z,"🗣️🎙️ Na tribuna da Câmara dos Deputados, sair em defesa do Presidente @LulaOficial e do povo brasileiro contra os ataques de ódio feitos pelo bolsonarismo e pela direita brasileira.  #Lula",1,1,2
João Daniel,@depjoaodanielpt,https://twitter.com/depjoaodanielpt/status/1640824909298384904,2023-03-28T21:15:18.000Z,"🗣️🎙️ Acabei de fazer um discurso na tribuna do plenário da Câmara dos Deputados saudando todos os prefeitos do Brasil que estão em Brasília, em nome dos prefeitos e prefeitas do estado de Sergipe que estão aqui presentes. #Prefeitos #Prefeitas #Sergipe #Lula",1,1,2
João Daniel,@depjoaodanielpt,https://twitter.com/depjoaodanielpt/status/1640700105949958144,2023-03-28T12:59:22.000Z,"🎉🎂 Hoje celebramos um marco histórico no querido município de Muribeca: os 85 anos de sua emancipação política.

Há exatos 85 anos, #Muribeca se torna independente e conquista sua autonomia política. #Sergipe",1,1,2
João Daniel,@depjoaodanielpt,https://twitter.com/depjoaodanielpt/status/1640694415617392650,2023-03-28T12:36:45.000Z,"Feliz aniversário, #Itaporanga d'Ajuda! 🎈🎂🎉Hoje é um dia muito especial para essa cidade incrível de Sergipe, que completa 169 anos de história política, tradição e cultura. #Sergipe",1,2,5
João Daniel,@depjoaodanielpt,https://twitter.com/depjoaodanielpt/status/1640688433680056325,2023-03-28T12:12:59.000Z,"Hoje é um dia muito especial para todos os indiarobenses pelos 85 anos de história e tradição do município.

É uma honra poder ter contribuído com o desenvolvimento do município, com uma riqueza cultural imensa e uma beleza natural que encanta a todos. 🎉🎂 #indiaroba #sergipe",1,1,9
João Daniel,@depjoaodanielpt,https://twitter.com/depjoaodanielpt/status/1640358216402870273,2023-03-27T14:20:49.000Z,"👩🏾‍🌾🧑🏽‍🌾 Parabéns, CEASA Aracaju, pelos seus 50 anos de História 🎊✨Estive na manhã de hoje na CEASA de Aracaju, onde encontrei o companheiro de Santa Rosa de Lima, José Alves, que comercializava seus produtos na CEASA local.",1,1,4
João Daniel,@depjoaodanielpt,https://twitter.com/depjoaodanielpt/status/1639807861059473410,2023-03-26T01:53:54.000Z,"✊🏾✊🏼🚩 Neste sábado, estive presente no IV Encontro Estadual do Movimento Organizado dos Trabalhadores Urbanos (MOTU) , cujo tema foi ""Organizar a Diversidade do Povo e Reivindicar o que é Nosso"".",1,2,6
João Daniel,@depjoaodanielpt,https://twitter.com/depjoaodanielpt/status/1638941634942345224,2023-03-23T16:31:50.000Z,"🗣️‼️  Hoje, em minha fala na tribuna, abordei um tema crucial para o povo brasileiro, o qual, inclusive, não foi discutido pela oposição ao governo do Presidente @LulaOficial , nem mesmo no plenário ou nos meios de comunicação que costumamos acompanhar.",0,5,7
João Daniel,@depjoaodanielpt,https://twitter.com/depjoaodanielpt/status/1638882788416925698,2023-03-23T12:38:00.000Z,"🚩⭐🎦 Hoje, às 14h35, participarei de um debate sobre o pedido infundado de CPI criminos@ contra o @MST_Oficial . Como deputado federal por Sergipe e um dos fundadores do movimento pela reforma agrária, tenho o orgulho de defender a causa da luta pela terra e da justiça social",0,1,3
João Daniel,@depjoaodanielpt,https://twitter.com/depjoaodanielpt/status/1638696148734017536,2023-03-23T00:16:22.000Z,Lançamento da Frente Parlamentar Mista pela Reestatização da Eletrobras.#EletrobrasPublica #EmpresaPublica,7,34,47
João Daniel,@depjoaodanielpt,https://twitter.com/depjoaodanielpt/status/1638685919007080450,2023-03-22T23:35:43.000Z,"💡⚡✊🏾 Lançamento da Frente Parlamentar Mista pela Reestatização da Eletrobras

Hoje ocorreu o lançamento oficial da Frente Parlamentar pela reestatização da Eletrobras, da qual sou coordenador na região Nordeste.

 #Eletrobras  #EmpresaPública",6,28,43
João Daniel,@depjoaodanielpt,https://twitter.com/depjoaodanielpt/status/1638660640305733632,2023-03-22T21:55:16.000Z,"🌱💡 Hoje pela manhã, participei da reunião da Comissão de Agricultura, Pecuária, Abastecimento e Desenvolvimento Rural (CAPADR) e nos colocamos à disposição para debates de alto nível, em defesa da agroecologia e do desenvolvimento sustentável da agricultura brasileira.",1,0,4
João Daniel,@depjoaodanielpt,https://twitter.com/depjoaodanielpt/status/1638649107395870725,2023-03-22T21:09:26.000Z,"🌱⭐ Hoje, o governo do Presidente Lula, em conjunto com o Ministério do Desenvolvimento e Assistência Social, Família e Combate à Fome (MDS) e o Ministério do Desenvolvimento Agrário e Agricultura Familiar (MDA), reestabeleceu o Programa de Aquisição de Alimentos (PAA).  

(+)",1,0,6
João Daniel,@depjoaodanielpt,https://twitter.com/depjoaodanielpt/status/1638567270606569473,2023-03-22T15:44:15.000Z,"O Programa de Aquisição de Alimentos (PAA) fortalece a agricultura familiar e assegura alimentos saudáveis p/ as populações vulneráveis. O relançamento do PAA, em conjunto com o MDS e MDA, pelo presidente @LulaOficial, é uma excelente notícia p/ a luta contra a fome no país.",0,4,7
João Daniel,@depjoaodanielpt,https://twitter.com/depjoaodanielpt/status/1638536977589981188,2023-03-22T13:43:52.000Z,🌎💧 Neste Dia Mundial da Água conscientizamos as pessoas sobre a importância da água para a vida humana e para o planeta. Devemos valorizar a água e a importância de sua preservação e uso sustentável dos recursos hídricos como um direito de todos.  #diamundialdaagua,1,4,4
João Daniel,@depjoaodanielpt,https://twitter.com/depjoaodanielpt/status/1638341403292860416,2023-03-22T00:46:44.000Z,"🚫✊🏼 João Daniel discute combate ao trabalho escravo no Brasil

Leia mais acessando -",0,1,2
João Daniel,@depjoaodanielpt,https://twitter.com/depjoaodanielpt/status/1638336537107546112,2023-03-22T00:27:23.000Z,"🗣️ Na tribuna da Câmara dos Deputados, destaquei a importância da campanha de regulamentação do Artigo 243 da Constituição Federal para combater o trabalho análogo a escravidão no campo.   #CombateaoTrabalhoEscravo #direitoshumanos #Artigo243",1,2,5
João Daniel,@depjoaodanielpt,https://twitter.com/depjoaodanielpt/status/1638313211454803968,2023-03-21T22:54:42.000Z,"🗣️ Não podemos aceitar que tais ameaças ao Presidente Lula seja naturalizada nesse país.

Usei minha voz na tribuna da Câmara para denunciar a deputada que ameaçou o presidente @LulaOficial . Vamos lutar pela paz e pelo respeito mútuo em nossa instituição.

 #CâmaraDosDeputados",1,7,18
João Daniel,@depjoaodanielpt,https://twitter.com/depjoaodanielpt/status/1638197634321006595,2023-03-21T15:15:26.000Z,"Hoje tivemos a visita de João Daldegan, perito federal do INCRA e presidente do Sindicato Nacional dos Peritos Agrários, ao Núcleo Agrário p/ apresentar a campanha de regulamentação do Artigo 243 da Constituição Federal,  (+) #CombateaoTrabalhoEscravo",1,2,8
João Daniel,@depjoaodanielpt,https://twitter.com/depjoaodanielpt/status/1638175599419359232,2023-03-21T13:47:53.000Z,"Hoje é o Dia Internacional Contra a Discriminação Racial, uma data criada pela ONU em memória às vítimas do ""Massacre de Sharpeville"" em 1966. Um dia triste marcado na História e nos fazem refletir sobre a importância de combater a discriminação racial em nosso país. (+)",1,25,81
João Daniel,@depjoaodanielpt,https://twitter.com/depjoaodanielpt/status/1638115255996891138,2023-03-21T09:48:06.000Z,"🎊🎉 Parabéns, Boquim!

Hoje é um dia muito especial para essa cidade incrível de Sergipe, que completa mais um ano de história e tradição. Que essa data seja comemorada com muita alegria, paz e fraternidade entre todos os seus habitantes.#Boquim #Sergipe",0,0,5
João Daniel,@depjoaodanielpt,https://twitter.com/depjoaodanielpt/status/1637834860856332294,2023-03-20T15:13:54.000Z,"Excelente notícia! 🩺O Presidente @LulaOficial relançou o programa Mais Médicos Para o Brasil com a presença da Ministra da Saúde, Nísia Trindade. Isso terá um grande impacto positivo na saúde pública em todo o país, especialmente em Sergipe. #MaisMédicos  #VivaoSus",1,1,3
João Daniel,@depjoaodanielpt,https://twitter.com/depjoaodanielpt/status/1637828191824773120,2023-03-20T14:47:24.000Z,"Acompanhe a cerimônia de lançamento do programa Mais Médicos para o Brasil, com a presença do Presidente Lula e a Ministra da Saúde, Nísia Trindade. 

Venha conhecer essa importante iniciativa que trouxe mais médicos para atender a população brasileira.",0,3,5
João Daniel,@depjoaodanielpt,https://twitter.com/depjoaodanielpt/status/1637797182622388226,2023-03-20T12:44:11.000Z,"⚽🚩 Neste último domingo, tive a honra de estar presente no décimo torneio de futebol pela Reforma Agrária no assentamento Jacaré Curituba organizado pelo companheiro Roberto Araújo.  #MST",1,0,3
João Daniel,@depjoaodanielpt,https://twitter.com/depjoaodanielpt/status/1637790884522610688,2023-03-20T12:19:10.000Z,"⭐🚩 Ontem pela tarde, estivemos junto ao companheiro Rildo , visitando o assentamento Jacaré Curituba e comemoramos seus 27 anos de história junto aos companheiros que permanecem firmes na luta desde o início. #MST",2,4,26
João Daniel,@depjoaodanielpt,https://twitter.com/depjoaodanielpt/status/1637788677974679553,2023-03-20T12:10:24.000Z,"✝️ Na manhã deste domingo (19), participei da missa ao lado do companheiro vereador Alisson em Malhador, foi uma importante oportunidade de comunhão em busca de um mundo mais justo e igualitário.  #DiadeSãoJosé  #Malhador",1,1,5
João Daniel,@depjoaodanielpt,https://twitter.com/depjoaodanielpt/status/1637233626701090818,2023-03-18T23:24:49.000Z,📰🎓 Hoje gostaria de compartilhar essa matéria que foi tema de debate sobre o atual cenário das escolas estaduais e o desenvolvimento dos alunos no Brasil.  Segue o 🧶  #novoensinomedio https://www1.folha.uol.com.br/educacao/2023/03/escolas-estaduais-ofertam-ao-menos-1526-disciplinas-no-novo-ensino-medio.shtml?pwgt=l40ke4bhcb3tydfkga2czwb6ffbwi8vwcpoeim236mc3xcsi&utm_source=whatsapp&utm_medium=social&utm_campaign=compwagift…,1,3,12
João Daniel,@depjoaodanielpt,https://twitter.com/depjoaodanielpt/status/1636861169775288320,2023-03-17T22:44:48.000Z,⭐️Parabenizamos o companheiro deputado federal @jilmartatto pela sua nomeação como novo secretário de comunicação social da câmara dos deputados. Acreditamos que sua trajetória de luta serão fundamentais para garantir uma comunicação mais justa e democrática na casa legislativa.,0,2,6
João Daniel,@depjoaodanielpt,https://twitter.com/depjoaodanielpt/status/1636859108430053378,2023-03-17T22:36:37.000Z,"O Brasil está disposto a voltar a sua posição como líder global em campanhas de vacinação! Nós, do Mandato Popular e a bancada do PT, estamos unidos ao governo do presidente @LulaOficial nessa ação de valorização da vida. 

A vacinação é um direito à vida.  #VacinaPraTodos",0,3,6
João Daniel,@depjoaodanielpt,https://twitter.com/depjoaodanielpt/status/1636747405616922624,2023-03-17T15:12:45.000Z,"CAIXA FEDERAL FORTE E POPULAR! ✊🏼 
Estivemos juntamente com o @SenadorRogerio  visitando a presidenta nacional da Caixa Econômica Federal e toda sua equipe de assessoria.#Sergipe  #caixaeconomica",1,2,7
João Daniel,@depjoaodanielpt,https://twitter.com/depjoaodanielpt/status/1636581748480917509,2023-03-17T04:14:29.000Z,"⭐ Hoje a capital sergipana, nossa amada Aracaju, completa 168 anos. A história da nossa capital é resultado dos esforços de todo povo sergipano e pessoas de outros estados que fazem de Aracaju seu lar.#Aracaju  #168AnosDeHistória  #Aracaju168Anos",1,1,9
João Daniel,@depjoaodanielpt,https://twitter.com/depjoaodanielpt/status/1636484496903098368,2023-03-16T21:48:03.000Z,"Acompanhamos com muita preocupação os atos criminosos que acontecem no Rio Grande do Norte!

Não tenho nenhuma dúvida sobre o papel a coragem do governo da companheira @fatimabezerra, que age de forma comprometida com a segurança, com um projeto de desenvolvimento nacional…",1,1,9
João Daniel,@depjoaodanielpt,https://twitter.com/depjoaodanielpt/status/1636437578235691036,2023-03-16T18:41:36.000Z,"🦺⚡Companheirada, recebi hoje com grande satisfação o colete dos eletricitários das mãos do Coletivo de Eletricitários em agradecimentos ao nosso apoio à luta em defesa da Eletrobras como empresa estatal.   #eletrobraspública #ELETROBRAS #eletricitários",6,29,58
João Daniel,@depjoaodanielpt,https://twitter.com/depjoaodanielpt/status/1636407336666546176,2023-03-16T16:41:26.000Z,"🫱🏻‍🫲🏼🩺⭐ REUNIÃO COM A MINISTRA DA SAÚDE!

Tivemos uma excelente reunião com a ministra @nisia_trindade e sua equipe, formada pelo secretário-executivo do ministério, Swedenberger Barbosa, e o seu assessor parlamentar Chico D’Ângelo.
 #reuniao #ministeriodasau",1,3,7
João Daniel,@depjoaodanielpt,https://twitter.com/depjoaodanielpt/status/1636392923746140161,2023-03-16T15:44:10.000Z,"📷🌟 Registro ao lado da jornalista Basília Rodrigues durante a nossa participação no CNN Debate desta quinta-feira, 16. 

Uma grande oportunidade para desmistificarmos o papel do MST e dos movimentos populares junto ao povo brasileiro.

 #CNNBrasil #entrevista",0,1,10
João Daniel,@depjoaodanielpt,https://twitter.com/depjoaodanielpt/status/1636379399225491457,2023-03-16T14:50:25.000Z,"Com muito orgulho, anuncio minha participação no debate no programa CNN Dois Lados, sobre o pedido de uma CPI criminosa que, na verdade, é um ataque ao MST.

É hora de mostrar a importância do movimento e combater os ataques injustos que sofremos.https://youtube.com/watch?v=dagWkjS2MMo…",1,1,7
João Daniel,@depjoaodanielpt,https://twitter.com/depjoaodanielpt/status/1636353896103780357,2023-03-16T13:09:05.000Z,"🌏 🌡️ Hoje, 16 de março, celebra-se o Dia Nacional de Conscientização sobre as Mudanças Climáticas. É crucial lembrar que essa crise global afeta a todos nós, impactando de forma mais grave a população mais pobre. #mudancasclimaticas #climatechange",1,5,7
João Daniel,@depjoaodanielpt,https://twitter.com/depjoaodanielpt/status/1636335506630868993,2023-03-16T11:56:01.000Z,"Hoje, logo mais às 11h20, do programa CNN Dois Lados para debater sobre o pedido de CPI do MST. Como deputado federal por Sergipe e um dos fundadores do @MST_Oficial , tenho orgulho em defender a luta pela terra e pela justiça social.",1,5,8
João Daniel,@depjoaodanielpt,https://twitter.com/depjoaodanielpt/status/1636135297921458176,2023-03-15T22:40:27.000Z,"7️⃣5️⃣🎂⚡ Hoje, em minha fala na tribuna da Câmara dos Deputados, prestei uma justa homenagem aos 75 anos da CHESF, uma empresa estratégica que desempenha um papel fundamental no desenvolvimento do Brasil, sobretudo na região Nordeste.#CHESF #75Anos",2,6,8
João Daniel,@depjoaodanielpt,https://twitter.com/depjoaodanielpt/status/1636097630865444864,2023-03-15T20:10:47.000Z,"🎦 ⭐ A bancada do Partido dos Trabalhadores participou da eleição e da posse das Comissões. Nosso mandato popular estará presente em quatro comissões, sendo duas como titulares nas áreas de Agricultura, Desenvolvimento Nacional e Amazônia.

Confira!",0,2,7
João Daniel,@depjoaodanielpt,https://twitter.com/depjoaodanielpt/status/1636074941320687617,2023-03-15T18:40:37.000Z,"Na última terça-feira, 14, reunimos as entidades ligadas ao Campo Unitário para discussão das pautas que precisam ser encaminhadas junto com o Núcleo Agrário – NA, no Congresso Nacional e no Governo Federal.

Confira a matéria completa:",0,1,4
João Daniel,@depjoaodanielpt,https://twitter.com/depjoaodanielpt/status/1636064218804879361,2023-03-15T17:58:01.000Z,"Hoje celebramos os 146 anos de emancipação política do município de #Gararu em #Sergipe!

Esse fato histórico representa muito mais do que um reconhecimento político, ela simboliza a força e a experiência do povo gararuense em buscar melhores condições de vida p/ a comunidade.",1,2,5
João Daniel,@depjoaodanielpt,https://twitter.com/depjoaodanielpt/status/1636027747486015488,2023-03-15T15:33:05.000Z,"Participando, nesta manhã de hoje, da Solenidade em Homenagem póstuma à Vereadora Marielle Franco, realizada no plenário Ulisses Guimarães.  #JustiçaPorMarielleeAnderson",1,2,7
João Daniel,@depjoaodanielpt,https://twitter.com/depjoaodanielpt/status/1636010545630281729,2023-03-15T14:24:44.000Z,"🌱🌳💧Durante a reunião do Núcleo Agrário ocorrida na última terça-feira, em conjunto com as entidades do Campo, das Florestas e das Águas, recebi das mãos de Francisco Nonato, representante da entidade, esta publicação contendo as atividades do Conselho Pastoral dos Pescadores.",1,2,4
João Daniel,@depjoaodanielpt,https://twitter.com/depjoaodanielpt/status/1635770117244977153,2023-03-14T22:29:21.000Z,"⚖️ No meu discurso na Câmara dos Deputados, parabenizei o Ministro da Justiça, @flaviodino, e o Presidente @LulaOficial , que uniram esforços para desvendar quem mandou matar Marielle Franco e Anderson Gomes.#JustiçaPorMarielleeAnderson",2,15,31
João Daniel,@depjoaodanielpt,https://twitter.com/depjoaodanielpt/status/1635757220548812800,2023-03-14T21:38:06.000Z,"🎦🎙️ Hoje, na tribuna da Câmara dos Deputados, prestei homenagem aos 27 anos de ocupação da CHESF no Alto Sertão Sergipano pelo @MST_Oficial, que se tornou um marco na história da luta de classes em Sergipe.#MST",2,1,7
João Daniel,@depjoaodanielpt,https://twitter.com/depjoaodanielpt/status/1635743728794054656,2023-03-14T20:44:30.000Z,"🫱🏻‍🫲🏽⭐ 🏥 É com muita gratidão que recebemos os agradecimentos do presidente do Hospital de Amor, Henrique Prata, pelas Emendas Parlamentares indicadas em 2021 e 2022 pelo nosso mandato popular.",1,1,5
João Daniel,@depjoaodanielpt,https://twitter.com/depjoaodanielpt/status/1635670317929562115,2023-03-14T15:52:47.000Z,"Marielle Franco era uma defensora dos Direitos Humanos, uma voz poderosa para as minorias e um símbolo de esperança para muitos.  #MariellePresente #AndersonPresente",1,4,6
João Daniel,@depjoaodanielpt,https://twitter.com/depjoaodanielpt/status/1635655124323368960,2023-03-14T14:52:25.000Z,"Hoje, completam-se 5 anos do assassinato brutal de Marielle Franco e Anderson Gomes que segue impune, mas a luta por justiça é uma pauta importante no Governo do Presidente @LulaOficial .#MariellePresente  #AndersonPresente    #MarielleFrancoDiaNacional",1,3,16
João Daniel,@depjoaodanielpt,https://twitter.com/depjoaodanielpt/status/1635614150142357508,2023-03-14T12:09:36.000Z,"🇧🇷⭐ O governo do presidente @LulaOficial comprovou que é possível governar priorizando as necessidades das pessoas. Um exemplo disso é o #DesenrolaBrasil, um programa que concederá 10 bilhões de reais para auxiliar as famílias a renegociarem suas dívidas. #Lula #JustiçaSocial",1,15,27
João Daniel,@depjoaodanielpt,https://twitter.com/depjoaodanielpt/status/1635607774276059136,2023-03-14T11:44:16.000Z,"No Dia dos Animais a lembrança e a mensagem que ficam é a de preservação da nossa natureza, de combate aos maus tratos e acima de tudo do respeito.

Viva a nossa fauna! 🐶🐎🐄.
.#DiadosAnimais",0,0,7
João Daniel,@depjoaodanielpt,https://twitter.com/depjoaodanielpt/status/1635369310733365254,2023-03-13T19:56:42.000Z,"🎦🇧🇷⭐ Hoje o presidente Lula participa da 52ª Assembleia Geral dos Povos Indígenas de Roraima, em Raposa Serra do Sol, para reforçar seu compromisso com os povos originários e a preservação ambiental. #FizoLparaIsso  #PresidenteLula",0,2,3
João Daniel,@depjoaodanielpt,https://twitter.com/depjoaodanielpt/status/1635288233209888778,2023-03-13T14:34:31.000Z,"✝️✨O Papa Francisco, um ser iluminado e de uma coragem sem precedentes, toma posições firmes dentro da própria Igreja e leva ao mundo a sua mensagem de paz e de inconformismo com as injustiças, levando a sua fé e confiança na humanidade.",1,1,12
João Daniel,@depjoaodanielpt,https://twitter.com/depjoaodanielpt/status/1634882985026781186,2023-03-12T11:44:12.000Z,"🚩✨ Hoje faz exatamente 27 anos que acontecia a ocupação da CHESF, um marco para a história da luta de classe em #Sergipe.   

Segue esse fio histórico 🧶",2,9,16
João Daniel,@depjoaodanielpt,https://twitter.com/depjoaodanielpt/status/1634592206341193729,2023-03-11T16:28:45.000Z,"🇧🇷⭐🚩 Neste dia lembramos o aniversário do companheiro que deu novos rumos à história política de Sergipe e do país: Marcelo Déda, que completaria 63 anos.  #MarceloDeda63Anos #DedaPresente",1,3,8
João Daniel,@depjoaodanielpt,https://twitter.com/depjoaodanielpt/status/1634289847304179713,2023-03-10T20:27:17.000Z,"🎙️🎦 Nesta última quinta-feira, na tribuna da Câmara dos Deputados, defendi a reestatização da #Petrobras como empresa de desenvolvimento nacional. 🇧🇷⭐⛽💣 Na ocasião aproveitei para pautar os impactos que a empresa sofreu durante o desgoverno bolsonarista.",0,4,5
João Daniel,@depjoaodanielpt,https://twitter.com/depjoaodanielpt/status/1634233503351963649,2023-03-10T16:43:24.000Z,"📰🎙️ Acompanhe agora no Jornal da Xodó a entrevista com @HenriqueFontana , nosso Secretário-Geral do @ptbrasil .  

 ▶️ Acompanhe ao vivo!🎦 https://youtube.com/watch?v=Iis7sC88DEM…",0,0,4
João Daniel,@depjoaodanielpt,https://twitter.com/depjoaodanielpt/status/1634229577290530825,2023-03-10T16:27:48.000Z,"Recebendo o secretário-geral do PT @HenriqueFontana  ! 🫱🏼‍🫲🏽🌟Junto aos companheiros da federação, presidentes do PV, Reynaldo Nunes, e do PCdoB, Edival Goes, além do presidente do Solidariedade, @VovoMonteiro, recebemos o secretário-geral do PT para um diálogo produtivo.",1,1,22
João Daniel,@depjoaodanielpt,https://twitter.com/depjoaodanielpt/status/1634177278732120064,2023-03-10T12:59:59.000Z,"▶️ Nesta sexta-feira (12), @HenriqueFontana, nosso Secretário-Geral do Partido das Trabalhadoras e dos Trabalhadores (PT) estará participando da entrevista na Xodó Estadual.▶️ Não perca!! 🎧https://youtube.com/@redexodofm/streams…https://xodofm.com.br",0,1,3
João Daniel,@depjoaodanielpt,https://twitter.com/depjoaodanielpt/status/1633923573529165825,2023-03-09T20:11:51.000Z,"Nesta quinta-feira, usei a tribuna da Câmara dos Deputados, para parabenizar todas as mulheres neste dia 8 de março. 

 Aproveitei a ocasião para repudiar e pedir punição as falas desrespeitosas feitas no parlamento nesses últimos dias.  #CâmaradosDeputados #DiadaMulher",0,4,10
João Daniel,@depjoaodanielpt,https://twitter.com/depjoaodanielpt/status/1633446085661163521,2023-03-08T12:34:29.000Z,"Neste Dia Internacional da Mulher, conheça algumas mulheres que são exemplos de força, coragem e resistência diária.  
São mulheres com histórias e vivências diferentes com força de luta e superação admirável! #diainternacionaldamulher  #8demarço #diadamulher",1,1,5
João Daniel,@depjoaodanielpt,https://twitter.com/depjoaodanielpt/status/1633218978570031108,2023-03-07T21:32:02.000Z,"Hoje, durante a minha fala, meia dúzia de bolsonaristas e terroristas tentaram tumultuar o debate na Câmara dos Deputados com infantilidades e com as já conhecidas atitudes antidemocráticas de sempre.

NÃO VÃO ME CALAR!",5,7,16
João Daniel,@depjoaodanielpt,https://twitter.com/depjoaodanielpt/status/1633125364288323584,2023-03-07T15:20:03.000Z,"Situação absurda agora em Brasília! 

O governador Fábio Mitidieri coordenou uma reunião com a bancada federal de Sergipe para decidir o novo coordenador sergipano, mas nem eu e nem o @SenadorRogerio  fomos convidados a participar.",10,16,94
João Daniel,@depjoaodanielpt,https://twitter.com/depjoaodanielpt/status/1632551918907056129,2023-03-06T01:21:23.000Z,Amanhã teremos mais uma semana de trabalho intenso dedicado ao povo brasileiro! ⭐️🚩🇧🇷,0,2,8
João Daniel,@depjoaodanielpt,https://twitter.com/depjoaodanielpt/status/1632040264641511424,2023-03-04T15:28:15.000Z,"Lamentamos profundamente o falecimento da professora Marieta Barbosa Oliveira.

Conheci a professora Marieta Barbosa desde que foi secretária municipal em Estância, depois na Secretaria Estadual de Educação e também como secretária de Nossa Senhora do Socorro.",1,1,12
João Daniel,@depjoaodanielpt,https://twitter.com/depjoaodanielpt/status/1631956500372398084,2023-03-04T09:55:24.000Z,"A LUTA VALEU A PENA! ✊🏽O professor @ilzver foi nomeado professor da @ufs. Foram anos de luta e de combate a esse caso absurdo de racismo sem precedentes que gerou o adiamento da sua nomeação.

Denunciamos diversas vezes e hoje estamos felizes em ver que a justiça foi feita!",0,4,10
João Daniel,@depjoaodanielpt,https://twitter.com/depjoaodanielpt/status/1631319543996874753,2023-03-02T15:44:22.000Z,"Estamos no lançamento do Bolsa Família, que é o mais sério e abrangente programa de combate a fome e miséria do país.

É o gov. do presidente Lula comprometido com a justiça social para as famílias brasileiras.",0,0,3
João Daniel,@depjoaodanielpt,https://twitter.com/depjoaodanielpt/status/1631301822437523461,2023-03-02T14:33:57.000Z,"👏🏼✨A Igreja Católica abriu o período da Quaresma com o lançamento da CAMPANHA DA FRATERNIDADE 2023, com lema: “Fraternidade e Fome”.

Assistam aí, moçada! ⏯",1,3,7
João Daniel,@depjoaodanielpt,https://twitter.com/depjoaodanielpt/status/1631291052073140228,2023-03-02T13:51:09.000Z,"Recebemos diversos companheiros de vários municípios sergipanos. 

Entre eles o vice-prefeito de Canindé de São Francisco, Pank; o vereador André do PT; O prefeito de São Cristóvão, Marcos Santana e a secretária Pahola;",1,1,6
João Daniel,@depjoaodanielpt,https://twitter.com/depjoaodanielpt/status/1630932571956682754,2023-03-01T14:06:41.000Z,"Mandato popular e democrático reestabelecido! 

Weldo Mariano foi reconduzido ao cargo de prefeito de Canindé de São Francisco após decisão do desembargador do TJ, Diógenes Barreto.

Uma importante vitória para o povo trabalhador de Canindé e de todo o sertão!",0,4,10
João Daniel,@depjoaodanielpt,https://twitter.com/depjoaodanielpt/status/1630921285973823489,2023-03-01T13:21:50.000Z,"Esteve conosco ontem no Núcleo Agrário do @PTnaCamara o presidente do INCRA indicado pelo presidente @LulaOficial, César Aldrighi, que foi buscar o nosso apoio p/ a defesa da Reforma Agrária e do INCRA no Congresso Nacional,  (+)",1,2,12
