nome,usuario,idTweet,dataPublicacao,texto,replies,retweets,likes
Rosana Valle,@DepRosanaValle,https://twitter.com/DepRosanaValle/status/1641530384792821769,2023-03-30T19:58:36.000Z,Confiram agora a tarde meu debate na CNN sobre a volta do Presidente @jairbolsonaro ao Brasil,5,3,33
Rosana Valle,@DepRosanaValle,https://twitter.com/DepRosanaValle/status/1641106941458907137,2023-03-29T15:55:59.000Z,"De volta p/ casa! Após viagem ao Japão, estou finalmente em solo brasileiro! Trago na bagagem exemplos de sucesso no gerenciamento adequado de resíduos, prevenção de enchentes, projetos p/ a educação e tecnologia, além de pautas para ajudar brasileiros que residem no Japão.",6,5,40
Rosana Valle,@DepRosanaValle,https://twitter.com/DepRosanaValle/status/1640788005303599104,2023-03-28T18:48:39.000Z,Estamos em oração por sua pronta recuperação @tarcisiogdf,0,3,34
Rosana Valle,@DepRosanaValle,https://twitter.com/DepRosanaValle/status/1640361550656720897,2023-03-27T14:34:04.000Z,"Mais um ataque a uma escola. Desta vez, em São Paulo, deixando rastro de sofrimento, uma morte e feridos. Não podemos mais falar em Educação no Brasil sem associar a ela a Segurança Pública. O apoio psicológico a alunos e educadores também não deve ser exceção, mas uma constante.",9,8,52
Rosana Valle,@DepRosanaValle,https://twitter.com/DepRosanaValle/status/1640353870537715713,2023-03-27T14:03:33.000Z,"É com muita tristeza que acompanho as notícias do ataque a alunos e professores em uma escola estadual, na Vila Sônia, em SP. Minha solidariedade e orações para as vítimas e suas famílias.",0,4,34
Rosana Valle,@DepRosanaValle,https://twitter.com/DepRosanaValle/status/1640119993940705280,2023-03-26T22:34:13.000Z,Mais um absurdo vindo aí!! Petrobras estuda aumento de quase 44% para seus diretores!!,7,7,29
Rosana Valle,@DepRosanaValle,https://twitter.com/DepRosanaValle/status/1639567716855193601,2023-03-25T09:59:40.000Z,"Mais médicos, sim… mas sem exploração, nem dinheiro para ditaduras! Queremos que o pagamento dos médicos seja feito sem diferenciação entre brasileiros e estrangeiros. Essa foi a emenda que protocolamos na Câmara Federal.",15,15,99
Rosana Valle,@DepRosanaValle,https://twitter.com/DepRosanaValle/status/1638989961797177345,2023-03-23T19:43:52.000Z,"Uma “armação” de Moro? A afirmação vem de quem só pode ter perdido a noção do cargo que ocupa e da responsabilidade que tem como gestor de uma nação.  É uma lástima, não sei aonde iremos parar.",9,11,50
Rosana Valle,@DepRosanaValle,https://twitter.com/DepRosanaValle/status/1638684370738479105,2023-03-22T23:29:33.000Z,"Com os parlamentares brasileiros em viagem oficial ao Japão, atrás o prédio do parlamento Japonês.",6,5,35
Rosana Valle,@DepRosanaValle,https://twitter.com/DepRosanaValle/status/1638228826328305664,2023-03-21T17:19:23.000Z,https://cutt.ly/W4zYeFY,3,0,28
Rosana Valle,@DepRosanaValle,https://twitter.com/DepRosanaValle/status/1636499508442873856,2023-03-16T22:47:42.000Z,“Lewandowski suspende regra que proíbe indicação para estatais de ministros e secretários de governo. Mais um retrocesso cometido pelo STF.”,7,6,33
Rosana Valle,@DepRosanaValle,https://twitter.com/DepRosanaValle/status/1636096744525004801,2023-03-15T20:07:15.000Z,"“Discurso de Nikolas é justo”, diz Rosana Valle",11,5,57
Rosana Valle,@DepRosanaValle,https://twitter.com/DepRosanaValle/status/1635835172292624384,2023-03-15T02:47:52.000Z,"Dessa vez, foi o trecho norte do Rodoanel, mas eu ainda vou ver o nosso Governador @tarcisiogdf bater o martelo pra obra mais esperada da Baixada Santista : a ligação seca entre Santos e Guarujá! https://instagram.com/reel/CpyF67APSdF/?igshid=YmMyMTA2M2Y=…",2,7,23
Rosana Valle,@DepRosanaValle,https://twitter.com/DepRosanaValle/status/1634516112166592514,2023-03-11T11:26:23.000Z,Lamentável ler isso. Mais uma vez o povo paga conta. Anos e anos de calote e só agora eles dizem ter “disposição” para pagar uma dívida bilionária.,12,13,65
Rosana Valle,@DepRosanaValle,https://twitter.com/DepRosanaValle/status/1633424961216888832,2023-03-08T11:10:32.000Z,"👠 8 de março, Dia Internacional da Mulher! Multitarefas, sensíveis e capazes. Determinadas, firmes e resilientes 💪 Essas somos nós, mulheres cuidadoras, que amam ❤️, sorriem e possuem força nas adversidades. Um bom dia especial para todas as mulheres 🥰http://bit.ly/3T202Yf",3,3,20
Rosana Valle,@DepRosanaValle,https://twitter.com/DepRosanaValle/status/1632913979885461506,2023-03-07T01:20:05.000Z,"Caso seja verdadeira a matéria, sinal de que o PT tem o que esconder.",7,10,54
Rosana Valle,@DepRosanaValle,https://twitter.com/DepRosanaValle/status/1632342672227684353,2023-03-05T11:29:55.000Z,Um estudo para privatizar a SABESP se torna essencial. Precisamos pensar em mecanismos para que  a população tenha um serviço cada vez mais efetivo. Parabéns ao governador @tarcisiogdf pela iniciativa.,13,19,99
Rosana Valle,@DepRosanaValle,https://twitter.com/DepRosanaValle/status/1631965120241729536,2023-03-04T10:29:39.000Z,"Invasão do MST em terras produtivas na Bahia. Quantas pessoas foram presas em flagrante até agora? Qual é mesmo o crime no Código Penal? “Aos amigos… os favores, aos inimigos, os rigores da lei”.",9,24,118
