nome,usuario,idTweet,dataPublicacao,texto,replies,retweets,likes
Deputado Rodrigo,@DepRodrigo_,https://twitter.com/DepRodrigo_/status/1641511416883470360,2023-03-30T18:43:14.000Z,"O #Brasil acordou mais esperançoso e feliz: Bolsonaro voltou à pátria e vai liderar a #Direita, reacendendo a chama da esperança nos corações de todos os brasileiros apaixonados por esta terra! 🇧🇷🙏🏻Deus, pátria, família e liberdade!#Bolsonaro #direitabrasil #direita",2,0,15
Deputado Rodrigo,@DepRodrigo_,https://twitter.com/DepRodrigo_/status/1641428233903063041,2023-03-30T13:12:41.000Z,"Seja bem vindo, meu eterno Presidente!

O Brasil te ama! ❤️🇧🇷@jairmessiasbolsonaro",3,3,44
Deputado Rodrigo,@DepRodrigo_,https://twitter.com/DepRodrigo_/status/1641191689892114435,2023-03-29T21:32:45.000Z,"Estou muito feliz e honrado em ter sido eleito 3º vice-presidente da Comissão de Comunicações na Câmara, uma importante posição.

Vamos trabalhar duro para criar um ambiente que aprimore a legislação e garanta que as comunicações no Brasil sejam #LIVRES e #DEMOCRÁTICAS.",1,0,8
Deputado Rodrigo,@DepRodrigo_,https://twitter.com/DepRodrigo_/status/1641143968569217024,2023-03-29T18:23:07.000Z,"REQUERIMENTOS APROVADOS: HADDAD E TEBET TERÃO QUE EXPLICAR!

Foi aprovado hoje na Câmara o nosso requerimento que convida o ministro da Fazenda, Fernando Haddad, e a ministra do Planejamento, Simone Tebet, a prestarem esclarecimentos aqui no Congresso sobre alguns temas.",2,2,25
Deputado Rodrigo,@DepRodrigo_,https://twitter.com/DepRodrigo_/status/1641105479718846466,2023-03-29T15:50:11.000Z,"Solidariedade a Nikolas Ferreira!

Não toleramos o comportamento inapropriado do deputado Janones ao chamar o deputado @nikolas_dm de chupetinha.

Queremos deixar claro que apoiaremos as sanções propostas pelo conselho de ética contra essa falta de respeito!",0,0,6
Deputado Rodrigo,@DepRodrigo_,https://twitter.com/DepRodrigo_/status/1640855545400762368,2023-03-28T23:17:02.000Z,"Ministro Flávio Dino deve responder aos nossos questionamentos na CCJ! 💬 

Confira nossas perguntas sobre segurança pública, política e até um pequeno toque sobre homofobia. 🤔",4,12,29
Deputado Rodrigo,@DepRodrigo_,https://twitter.com/DepRodrigo_/status/1640529730284789763,2023-03-28T01:42:21.000Z,"CAOS NA PONTE QUE LIGA ARACAJU À BARRA DOS COQUEIROS 

Quem precisa atravessar a ponte sabe muito bem a situação caótica a qual me refiro, devido a uma obra mal planejada que está acontecendo no local.

Que os órgãos competentes tome as devidas providências urgentemente!",0,1,5
Deputado Rodrigo,@DepRodrigo_,https://twitter.com/DepRodrigo_/status/1638961789722562560,2023-03-23T17:51:55.000Z,"Que absurdo! Após declarar publicamente o seu ódio pelo senador Sérgio Moro, Lula afirma, em meio a sorrisos, que o plano do PCC para matar Moro ""é uma armação"" do ex-juíz, colocando em dúvida o trabalho da PF que deflagrou uma operação com 120 agentes.",1,4,12
Deputado Rodrigo,@DepRodrigo_,https://twitter.com/DepRodrigo_/status/1638537476808515584,2023-03-22T13:45:51.000Z,"INACREDITÁVEL! Um dia após Lula confessar desejo de ving@nça contra Sérgio Moro, a PF desmonta um plano do ‘PCC’ para assassin@r o senador e sua família. 

O caso é sério e precisa ser investigado. 

Que Deus proteja Sérgio Moro e que a justiça seja feita! 🙏🏻",2,2,18
Deputado Rodrigo,@DepRodrigo_,https://twitter.com/DepRodrigo_/status/1633862817702121472,2023-03-09T16:10:26.000Z,"O Prefeito de Aracaju @EdvaldoNogueira veio a Brasília e visitou diversos parlamentares de Sergipe em busca de recursos. Infelizmente o prefeito não nos procurou. Em que pese termos sido adversário nas últimas eleições,  acredito que nossa divergência política deva ficar apenas",3,2,19
Deputado Rodrigo,@DepRodrigo_,https://twitter.com/DepRodrigo_/status/1633577373051281408,2023-03-08T21:16:10.000Z,"Deputado @nikolas_dm está sendo tolhido em seu direito de livre fala como Deputado. Após sua fala, foi atacado por diversos deputados esquerdistas e não estão permitindo que ele se defenda. Fiz um apelo à presidente e nada. Gravíssimo o que estão fazendo com o Deputado.",0,1,6
Deputado Rodrigo,@DepRodrigo_,https://twitter.com/DepRodrigo_/status/1633292699158577152,2023-03-08T02:24:59.000Z,"Quero me solidarizar com o Deputado Estadual Luizão Dona Trampi que, de maneira corajosa, expôs episódios de racismo que sofreu por membros da esquerda. Na ocasião, ele debatia com uma Deputada do PSOL e esses episódios que ele relatou pouco importaram pra Deputada, cujo partido",1,0,7
