nome,usuario,idTweet,dataPublicacao,texto,replies,retweets,likes
Deputado Sanderson,@DepSanderson,https://twitter.com/DepSanderson/status/1641042633588916226,2023-03-29T11:40:27.000Z,"Apresentei mais uma representação contra o presidente Lula. Ao afirmar, em fala oficial e pública, que a operação da PF que prendeu 9 faccionados q queriam assassinar um senador foi uma armação, esse senhor comete mais um crime, por isso acionei a PGR para as providências legais.",123,1.039,3.151
Deputado Sanderson,@DepSanderson,https://twitter.com/DepSanderson/status/1640527184698679299,2023-03-28T01:32:15.000Z,"Dia trágico numa escola de São Paulo, quando um aluno de 13 anos atacou covardemente professoras e alunos. Mais um caso em q o agressor deve sair impune, graças à benevolência penal brasileira. Passou da hora de discutirmos a diminuição da maioridade penal para todos os crimes.",30,175,755
Deputado Sanderson,@DepSanderson,https://twitter.com/DepSanderson/status/1640011346946211841,2023-03-26T15:22:29.000Z,"Assumindo a Comissão de Segurança e Combate ao Crime da @camaradeputados nos deparamos com ação da PF q frustrou assassinatos de autoridades, dentre elas do DepFed @coroneltelhada membro titular da Comissão. Situação muito preocupante q será pela CSPCCO enfrentada com todo rigor.",15,186,743
Deputado Sanderson,@DepSanderson,https://twitter.com/DepSanderson/status/1639825645554266112,2023-03-26T03:04:35.000Z,"Os indícios são
realmente fortes apontando para uma possível relação oculta entre Lula e o PCC. Urgência na apuração dessa situação é o mínimo que vamos exigir. Se porventura for comprovado o vínculo entre o presidente da república e a ORCRIM a abertura do impeachment é um dever.",247,1.217,4.393
Deputado Sanderson,@DepSanderson,https://twitter.com/DepSanderson/status/1639660490010787844,2023-03-25T16:08:18.000Z,"A falta de respeito é tanta que, ao invés de vir a público pedir desculpas a Moro, à Polícia Federal e à nação brasileira, Lula preferiu, malandramente, sair do ar e tentar esfriar o caso. O fato é q os indícios são realmente fortes apontando para uma relação entre Lula e o PCC.",204,1.351,4.564
Deputado Sanderson,@DepSanderson,https://twitter.com/DepSanderson/status/1639352904145330177,2023-03-24T19:46:04.000Z,"Será que o Conselho do Banco dos BRICS foi cientificado pelo governo Lula que Dilma Rousseff, que irá comandar o banco até 2025, foi legalmente destituída da presidência do Brasil pelo Congresso Nacional por ter cometido crime de responsabilidade?",31,188,909
Deputado Sanderson,@DepSanderson,https://twitter.com/DepSanderson/status/1639073370397368320,2023-03-24T01:15:18.000Z,"Ao mesmo tempo que faltam ao atual presidente da república: decoro, decência, ética e compostura; sobram-lhe arrogância, descaramento, hipocrisia e ignorância. Inaceitáveis os ataques feitos contra um senador, à Polícia Federal e a própria democracia brasileira!",14,107,430
Deputado Sanderson,@DepSanderson,https://twitter.com/DepSanderson/status/1638970430064132096,2023-03-23T18:26:15.000Z,Desastrosa e covarde a fala do presidente Lula acusando o senador Sérgio Moro de ter armado as ameaças de morte q vem sofrendo. A presidência da CSPCCO está buscando dados sobre a operação da PF que prendeu 9 integrantes de  facção que planejava assassinar autoridades.,31,170,866
Deputado Sanderson,@DepSanderson,https://twitter.com/DepSanderson/status/1638531310892335104,2023-03-22T13:21:21.000Z,"As prisões de criminosos q queriam assassinar autoridades, dentre elas o Senador Sérgio Moro, pode ser a ponta do iceberg num esquema que a PF precisa rapidamente apurar, sobretudo por ameaças q vieram a público contra o senador, disparadas por um ex-condenado do então juíz Moro.",118,440,1.661
Deputado Sanderson,@DepSanderson,https://twitter.com/DepSanderson/status/1638392872486436867,2023-03-22T04:11:15.000Z,Tirania pode ser definida como aquilo que é legal para o governo mas ilegal para o cidadão.,26,107,451
Deputado Sanderson,@DepSanderson,https://twitter.com/DepSanderson/status/1638128694441963522,2023-03-21T10:41:30.000Z,"Hoje, as 13:00, a Comissão de Segurança Pública e Combate ao Crime Organizado da @camaradeputados terá sua 1ª sessão deliberativa da 57ª legislatura. Entre outras proposições, 16 requerimentos de “convocação” do atual Ministro da Justiça serão objeto de votação. Acompanhem!",55,536,1.662
Deputado Sanderson,@DepSanderson,https://twitter.com/DepSanderson/status/1637883501767696385,2023-03-20T18:27:11.000Z,"O deputado federal Ubiratan Sanderson (PL/RS), que preside a Comissão de Segurança Pública na Câmara, requereu à Procuradoria-Geral da República investigação para apurar possível cooptação de parlamentares para retirarem seus nomes do pedido de abertura da CPMI do 8 de janeiro.",73,693,2.394
Deputado Sanderson,@DepSanderson,https://twitter.com/DepSanderson/status/1637189953686740994,2023-03-18T20:31:17.000Z,Governo Lula pretende voltar com cobrança do seguro DPVAT. Tudo isso foi avisado! Quem votou nesse sujeito acaba sendo co-autor desses disparates todos.,35,205,905
Deputado Sanderson,@DepSanderson,https://twitter.com/DepSanderson/status/1636728630398124033,2023-03-17T13:58:09.000Z,"QUANTO MAIS FRACO SE MOSTRAR O ESTADO, MAIS AUDACIOSO SERÁ O CRIME ORGANIZADO. POR ISSO A COMISSÃO DE SEGURANÇA PÚBLICA VAI PRIORIZAR AS AÇÕES E PROJETOS VOLTADOS A FORTALECER A ATUAÇÃO DAS FORÇAS DE SEGURANÇA, ÚNICA SAÍDA PARA DE FATO CONTERMOS O AVANÇO DA CRIMINALIDADE NO PAÍS.",36,175,750
Deputado Sanderson,@DepSanderson,https://twitter.com/DepSanderson/status/1636564793698971649,2023-03-17T03:07:07.000Z,"Das 50 cidades mais violentas do mundo, 10 são brasileiras, sendo 9 do Nordeste. Dessas 9 cidades, 2 estão no Rio Grande do Norte, Estado onde justamente nos últimos dias o crime organizado tem aterrorizado a população, atirando em postos da polícia e incendiando veículos.",26,276,1.168
Deputado Sanderson,@DepSanderson,https://twitter.com/DepSanderson/status/1636208417042845697,2023-03-16T03:31:00.000Z,"Assumi hoje mais um grande compromisso com o país ao ser eleito presidente da Comissão de Segurança Pública da @camaradeputados CD. Muito obrigado pela confiança de todos, em especial do líder @altineucortesrj e do @plnacional22 pelo apoio à minha candidatura. Ao trabalho!",40,119,813
Deputado Sanderson,@DepSanderson,https://twitter.com/DepSanderson/status/1635798645433044993,2023-03-15T00:22:43.000Z,"Que honra ter meu nome indicado a presidir a Comissão de Segurança Pública da Câmara. Muito obrigado pela confiança do @plnacional_ , do líder @Altineu , de colegas como  @BolsonaroSP e tantos outros. Desde já à disposição de todos para tratar da Segurança Pública do nosso país.",29,160,833
Deputado Sanderson,@DepSanderson,https://twitter.com/DepSanderson/status/1635779863389917185,2023-03-14T23:08:05.000Z,"Das 1.398 pessoas presas por ordem do ministro Alexandre de Moraes há 65 dias em Brasília,  ainda seguem presas 359, sendo 79 mulheres e 280 homens. Na CPMI vamos tratar dessas prisões, especialmente quanto à legalidade das realizadas no acampamento, fora de situação flagrancial.",49,230,838
Deputado Sanderson,@DepSanderson,https://twitter.com/DepSanderson/status/1635675155593588736,2023-03-14T16:12:01.000Z,"O fato do presidente do Senado ter dito que não irá instalar a CPI do 8 de janeiro (da Sen Soraya) não tem relação alguma com a CPMI (mista, do Dep @andrefernm ), pq não é atribuição dele autorizar ou não Comissões MISTAS de Inquérito.  Então, teremos CPMI do 8 de janeiro sim.",103,547,1.897
Deputado Sanderson,@DepSanderson,https://twitter.com/DepSanderson/status/1635361545495646208,2023-03-13T19:25:50.000Z,"Numa democracia de verdade LIBERDADE DE EXPRESSÃO é algo indiscutível, sem margem para questionamentos. Relativizar as liberdades de expressão e opinião seria um retrocesso inominável, uma canalhice, algo que os congressistas que realmente valorizam a democracia jamais aceitarão.",23,66,367
Deputado Sanderson,@DepSanderson,https://twitter.com/DepSanderson/status/1635266533864898562,2023-03-13T13:08:18.000Z,"Quem não deve não teme, o que significa dizer que só quem deve tem medo da verdade. Por isso a CPMI do 8 de janeiro precisa ser o quanto antes instalada. @andrefernm @rodrigopacheco",51,165,671
Deputado Sanderson,@DepSanderson,https://twitter.com/DepSanderson/status/1634557430427275265,2023-03-11T14:10:34.000Z,"Está na cara que o objetivo de Lula insistir tanto em colocar Dilma na presidência do Banco dos BRICs é vê-la bem longe do Planalto. Em 70 dias não vimos nada que presta, mas essa de trocar Marcos Troyjo (respeitado mundo afora) por alguém como Dilma não tem o menor cabimento.",40,163,873
Deputado Sanderson,@DepSanderson,https://twitter.com/DepSanderson/status/1634285871133327360,2023-03-10T20:11:29.000Z,"“Tias do Zap”, idosas, estão há 60 dias presas, incomunicáveis, com alimentação horrível. Absurdo nunca visto na história do Brasil.",78,413,1.144
Deputado Sanderson,@DepSanderson,https://twitter.com/DepSanderson/status/1633981124459233281,2023-03-10T00:00:32.000Z,"Hoje visitamos os 481 homens que permanecem detidos na Papuda, verificando a situação dos detentos e a condição das instalações do presídio, situações q serão por nós encaminhadas às autoridades competentes. Amanhã iremos ao presídio feminino. @depheliolopes @coroneltelhada",44,388,1.372
Deputado Sanderson,@DepSanderson,https://twitter.com/DepSanderson/status/1633534351894798356,2023-03-08T18:25:13.000Z,"Para o desespero da esquerda, do governo petista e dos capachos do establishment, teremos CPMI e com esse potente instrumento de investigação parlamentar saberemos exatamente tudo o que ocorreu no dia 08 de janeiro. Quem não deve não teme!",560,2.140,8.160
Deputado Sanderson,@DepSanderson,https://twitter.com/DepSanderson/status/1632889661520588801,2023-03-06T23:43:27.000Z,"Recebi a informação de que emissários do gov Lula estão oferecendo R$ 60 milhões em emendas para quem retirar a assinatura do requerimento para instalação da CPMI do 8 de janeiro. Em confirmando, vou buscar responsabilizar os envolvidos pela prática de corrupção ativa e passiva.",939,3.710,"14,9 mil"
Deputado Sanderson,@DepSanderson,https://twitter.com/DepSanderson/status/1632701934879506433,2023-03-06T11:17:30.000Z,"Iniciando a semana, é preciso assinalar que na próxima sessão do Congresso o requerimento de instalação da CPMI deve ser lido, abrindo-se prazo para os partidos indicarem os parlamentares que comporão a Comissão. Teremos CPMI e verdade real sobre o 8 de janeiro virá à tona!",68,264,1.078
Deputado Sanderson,@DepSanderson,https://twitter.com/DepSanderson/status/1632499431953031171,2023-03-05T21:52:49.000Z,"Quando em 2019 @jairbolsonaro indicou o nome de Augusto Aras para a PGR desconsiderando a “lista tríplice” foi muito criticado, sendo injustamente acusado de promover “retrocesso democrático”. Agora não vejo ninguém criticando Lula por não levar em conta a tal lista tríplice.",34,226,1.379
Deputado Sanderson,@DepSanderson,https://twitter.com/DepSanderson/status/1631722262284886016,2023-03-03T18:24:37.000Z,"VEJAM OS NÚMEROS DAS INVASÕES DE
PROPRIEDADE RURAL PELO MST NOS ÚLTIMOS GOVERNOS. A DIFERENÇA DOS NÚMEROS DO GOVERNO @jairmessiasbolsonaro É ABSURDA, O QUE COMPROVA A NOSSA TESE DE QUE AS INVASÕES (TODAS CRIMINOSAS) ERAM INCENTIVADAS E/OU PATROCINADAS PELOS GOVERNOS DE ESQUERDA.",23,296,768
Deputado Sanderson,@DepSanderson,https://twitter.com/DepSanderson/status/1631343876026822656,2023-03-02T17:21:03.000Z,"Os fatores que justificaram a isenção de PIS/Cofins sobre a gasolina seguem existindo. Ainda estamos no pós-pandemia e a guerra no leste europeu infelizmente não cessou. Além do mais, o argumento de que não há recursos para programas sociais é uma mentira deslavada da esquerda.",11,69,317
Deputado Sanderson,@DepSanderson,https://twitter.com/DepSanderson/status/1631134334944935939,2023-03-02T03:28:25.000Z,Cobrem seus deputados federais a assinarem o requerimento de urgência da deputada @apropriajulia para com isso levarmos o PDL 03/23 de minha autoria ao plenário da @camaradeputados para revogar o decreto de Lula contra os CACs.,44,473,1.369
Deputado Sanderson,@DepSanderson,https://twitter.com/DepSanderson/status/1630899884877398018,2023-03-01T11:56:47.000Z,"Nos governos petista o Brasil chegou a ter 62 mil homicídios ano, a maior taxa do planeta. Com Bolsonaro, os índices despencaram e chegaram as menores taxas: 40 mil. O plano era reduzir a 20 mil até 2026, mas o retorno da esquerda ao poder deve infelizmente impedir isso.",18,95,400
Deputado Sanderson,@DepSanderson,https://twitter.com/DepSanderson/status/1630765845214294019,2023-03-01T03:04:10.000Z,"A Câmara de Porto Alegre aprovou ontem uma Moção de Apoio ao pedido de impeachment de Lula movido pelo deputado federal SANDERSON em 25.01. A Moção é de autoria dos vereadores Comandante Nádia, Mônica Leal, Fernanda Barth, Bobadra, Pablo Melo, Ramiro Rosário e Jessé Sangalli.👏👏",32,146,784
