nome,usuario,idTweet,dataPublicacao,texto,replies,retweets,likes
Domingos Neto,@Domingos_Neto,https://twitter.com/Domingos_Neto/status/1638321216749436933,2023-03-21T23:26:31.000Z,"Muito orgulho de assumir hoje a função de Corregedor Parlamentar da Câmara dos Deputados. Vamos construir um acordo de pacificação. Nós não podemos  trazer para o plenário essas guerras que a gente vê nas redes sociais, ultrapassando o decoro parlamentar e a ética.",2,1,7
Domingos Neto,@Domingos_Neto,https://twitter.com/Domingos_Neto/status/1638167781873967105,2023-03-21T13:16:49.000Z,Hoje às 18h ocorrerá a posse na Corregedoria Parlamentar com coletiva de imprensa depois.,1,2,8
Domingos Neto,@Domingos_Neto,https://twitter.com/Domingos_Neto/status/1637813559588540416,2023-03-20T13:49:16.000Z,Agradecer a todos que mandaram mensagem cumprimentando pelo nosso novo desafio. Me sinto preparado e confiante com o apoio. Vamos que vamos!,0,0,8
Domingos Neto,@Domingos_Neto,https://twitter.com/Domingos_Neto/status/1636822838899351552,2023-03-17T20:12:30.000Z,"É com muita alegria que fui designado pelo presidente @ArthurLira_ para o cargo de Corregedor Parlamentar da Câmara dos Deputados. Sou ciente da responsabilidade, principalmente neste momento de divisão do país em que embates ideológicos levam à extrapolação do decoro parlamentar",1,2,3
Domingos Neto,@Domingos_Neto,https://twitter.com/Domingos_Neto/status/1636717954485088256,2023-03-17T13:15:43.000Z,Minha solidariedade às vítimas das fortes chuvas em Aratuba. As informações são que as forças de segurança e Defesa Civil prestam apoio na região. Meus sentimentos a todos e estamos disponíveis para o que precisar junto às iniciativas federais,0,0,1
Domingos Neto,@Domingos_Neto,https://twitter.com/Domingos_Neto/status/1636131188648599553,2023-03-15T22:24:07.000Z,"Maior orgulho receber hoje aqui em Brasília minha irmã, deputada estadual Gabriella Aguiar, defensora da causa dos idosos e Direitos Humanos!",0,0,4
Domingos Neto,@Domingos_Neto,https://twitter.com/Domingos_Neto/status/1631695329346174978,2023-03-03T16:37:36.000Z,O Ceará está em luto pela perda precoce da vereadora Yanny Brenda. Deixo aqui minha solidariedade ao colega de bancada  @yurydoparedao e toda sua família 😔,0,0,3
