nome,usuario,idTweet,dataPublicacao,texto,replies,retweets,likes
ERIKA HILTON,@ErikakHilton,https://twitter.com/ErikakHilton/status/1641472966721433601,2023-03-30T16:10:27.000Z,"Gestão Ricardo Nunes deixa trabalhadores responsáveis pelo CadÚnico SEM SALÁRIO!

Os funcionários que inserem quem mais precisa no CadÚnico, sistema dos benefícios como o Bolsa Família, estão sem pagamento.

Com isso,  eles não tem condições de realizar seu trabalho essencial +👇🏾",22,182,933
ERIKA HILTON,@ErikakHilton,https://twitter.com/ErikakHilton/status/1641429954377252864,2023-03-30T13:19:32.000Z,"Um trem descarrilhou hoje na linha 8-Diamante pela manhã. Não houve feridos mas a vida da população paulistana não pode continuar dependendo da sorte!  Os acidentes aumentaram 600% desde a privatização. 
Vão consertar quando tivermos um acidente grave e dizer que lamentam?",39,200,985
ERIKA HILTON,@ErikakHilton,https://twitter.com/ErikakHilton/status/1641424324367118338,2023-03-30T12:57:09.000Z,"Bolsonaro retornou ao Brasil.

Seu objetivo será o mesmo de sempre: tumultuar o país e atacar as nossas instituições democráticas.

E nós o lembraremos: pela primeira vez em mais de 30 anos, Bolsonaro não tem um cargo político pra usar como escudo.",20,134,1.387
ERIKA HILTON,@ErikakHilton,https://twitter.com/ErikakHilton/status/1641416401964396545,2023-03-30T12:25:40.000Z,"Nem todo herói usa capa. 
Enquanto Bolsonaro, cagão, fugiu e desembarcou por outra saída, esse ícone passou pelo gado fazendo o L.",414,1.221,"18,4 mil"
ERIKA HILTON,@ErikakHilton,https://twitter.com/ErikakHilton/status/1641237115756240901,2023-03-30T00:33:15.000Z,Hoje na Premiação Mulheres Inspiradoras do Ano! Gostaram do look?,95,104,3.830
ERIKA HILTON,@ErikakHilton,https://twitter.com/ErikakHilton/status/1641168244223406085,2023-03-29T19:59:35.000Z,"REGULA BIG TECHS 👇🏾A Sleeping Giants Brasil começa hoje sua campanha pela regulamentação das Big Techs

Pessoas estão morrendo no Brasil sendo vítimas de discurso de ódio e fake news. E as big techs estão lucrando com isso

Isso não pode continuar assim",23,238,913
ERIKA HILTON,@ErikakHilton,https://twitter.com/ErikakHilton/status/1641155332016599043,2023-03-29T19:08:17.000Z,"Expectativa: fazer uma motociata quando voltar pro Brasil.

Realidade: vai depor pra PF por roubar joias.",13,75,968
ERIKA HILTON,@ErikakHilton,https://twitter.com/ErikakHilton/status/1641127643784396806,2023-03-29T17:18:15.000Z,"Nós, parlamentares do PSOL-SP na Câmara dos Deputados, ALESP e Câmara Municipal de São Paulo nos unimos em uma carta aberta.

Pedimos à Faculdade de Direito da USP a retirada do nome de Amâncio de Carvalho de uma de suas salas.

Amâncio de Carvalho foi um eugenista  e racista +👇🏾",2,42,359
ERIKA HILTON,@ErikakHilton,https://twitter.com/ErikakHilton/status/1641072016835878919,2023-03-29T13:37:13.000Z,"O ministro da fazendo @Haddad_Fernando prepara uma MP para resolver o problema dos sites de apostas esportivas.

Eles são sediados em paraísos fiscais, não pagam impostos no Brasil e patrocinam centenas de clubes de futebol

É um mercado que precisa ser urgentemente regulamentado",38,311,4.129
ERIKA HILTON,@ErikakHilton,https://twitter.com/ErikakHilton/status/1640837422433943561,2023-03-28T22:05:01.000Z,"O dia de luta seguiu em Araraquara.
Depois das mobilizações por mais refeições e dignidade de trabalho no R.U da Unesp, os estudantes se uniram aos secundaristas em um ato pedindo a revogação do Novo Ensino Médio. 

Todo apoio à luta dos estudantes, pela revogação imediata do NEM",2,61,386
ERIKA HILTON,@ErikakHilton,https://twitter.com/ErikakHilton/status/1640774682210082827,2023-03-28T17:55:43.000Z,"O Estadão acabou de revelar onde Bolsonaro escondia os presentes que recebia:

Enquanto livros, cartas e presentes de baixo valor iam para o Arquivo Nacional

As jóias iam ilegalmente para a fazenda de seu apoiador Nelson Piquet

Piquet doou R$501 mil para a campanha de Bolsonaro",26,268,1.568
ERIKA HILTON,@ErikakHilton,https://twitter.com/ErikakHilton/status/1640768838865223708,2023-03-28T17:32:29.000Z,"As escolas estaduais de São Paulo estão sem atendimento psicológico!

Ontem, enviei ofício questionando o cumprimento da Lei 13.935, que prevê psicólogos e assistentes sociais nas escolas.

Hoje, o G1 soltou a manchete:
Não tem psicólogo atendendo a rede faz mais de um mês. +👇🏾",33,265,1.638
ERIKA HILTON,@ErikakHilton,https://twitter.com/ErikakHilton/status/1640748488559345665,2023-03-28T16:11:37.000Z,Hoje a UNESP Araraquara está em mobilização! Os estudantes merecem RU justo para se manter na universidade e um futuro enquanto professores que o Novo Ensino Médio não possibilita! Todo apoio à luta dos estudantes de Araraquara e que a luta cresça!,6,90,409
ERIKA HILTON,@ErikakHilton,https://twitter.com/ErikakHilton/status/1640715649310945284,2023-03-28T14:01:08.000Z,"Apropriação de bens do estado é crime! Damares e Cristiane Brito ainda tem muito a responder, não somente pelos presentes mas também pelo desrespeito a Lei de Acesso à Informação.

Muito acertada a representação ao MP, feita pela colega @_lucavalcante do PSOL.",9,63,567
ERIKA HILTON,@ErikakHilton,https://twitter.com/ErikakHilton/status/1640699760003756032,2023-03-28T12:58:00.000Z,"De acordo com o Estadão, Bolsonaro pegou pra si outro conjunto de joias avaliado em R$500 mil

Os presentes chegaram a ir pro acervo histórico. Mas antes do fim do mandato, Bolsonaro pediu pra ter eles em mãos e então foi embora do país

Como é o nome disso na cidade de vocês?",63,238,1.862
ERIKA HILTON,@ErikakHilton,https://twitter.com/ErikakHilton/status/1640498462088220673,2023-03-27T23:38:07.000Z,"Psicólogos nas Escolas de SP 👇🏾Acabo de enviar ofício ao Secretário de Educação de SP pedindo informações sobre o cumprimento da Lei 13.935

A lei determina que escolas públicas tenham psicólogos

Porém, há reclamações constantes  que essa não é a realidade da rede estadual +",71,444,3.116
ERIKA HILTON,@ErikakHilton,https://twitter.com/ErikakHilton/status/1640356186036883457,2023-03-27T14:12:45.000Z,"Uma professora morta, duas crianças e três professores feridos.

O que ocorreu hoje na Vila Sônia em SP não pode continuar se repetindo, precisamos combater todas as formas de violência em nossas escolas.

Minha solidariedade e apoio às vítimas, familiares e comunidade escolar.",63,397,4.205
ERIKA HILTON,@ErikakHilton,https://twitter.com/ErikakHilton/status/1640011349701820416,2023-03-26T15:22:30.000Z,"TRABALHO ESCRAVO NO LOLLAPALOOZA DENUNCIADO 👇🏾Me somei aos esforços do Ministério Público do Trabalho e da Superintendência Regional do Trabalho de SP contra o trabalho escravo no Lollapalooza

O festival foi flagrado com pessoas escravizadas trabalhando em sua montagem +🧶",112,1.761,13 mil
ERIKA HILTON,@ErikakHilton,https://twitter.com/ErikakHilton/status/1639701738293714944,2023-03-25T18:52:13.000Z,Saco 🤧🤒,84,29,2.751
ERIKA HILTON,@ErikakHilton,https://twitter.com/ErikakHilton/status/1639284471995285509,2023-03-24T15:14:09.000Z,"Todo apoio ao companheiro @esuplicy e à oposição em SP!

Suplicy tentou impedir a farra das CPIs na @AssembleiaSP usando a Lei 10.741 de 2003, o Estatuto do Idoso. Foi impedido pela base bolsonarista, acampada há dias para blindar o @GovernoSP de qualquer fiscalização.",8,123,1.223
ERIKA HILTON,@ErikakHilton,https://twitter.com/ErikakHilton/status/1639268777131909120,2023-03-24T14:11:47.000Z,"💖 DILMA ROUSSEF É PRESIDENTA DE NOVO!

Agora, do Banco do BRICS.

Dilma foi aprovada por sabatina dos Ministros da Economia da África do Sul, China, Índia e Rússia.

Com isso, ela será responsável por projetos de infraestrutura e desenvolvimento sustentável nos países do bloco.",30,249,3.147
ERIKA HILTON,@ErikakHilton,https://twitter.com/ErikakHilton/status/1638991365743824903,2023-03-23T19:49:27.000Z,"O Lollapalooza acaba de ser alvo de uma operação de resgate de TRABALHADORES ESCRAVIZADOS

É a 4a edição seguida em que o festival é flagrado com condições irregulares e ilegais de trabalho na montagem.

Os trabalhadores eram obrigados a trabalhar 12h por dia e dormir no local.",615,"10,5 mil","59,3 mil"
ERIKA HILTON,@ErikakHilton,https://twitter.com/ErikakHilton/status/1638874339108962304,2023-03-23T12:04:25.000Z,"Todo apoio à luta dos metroviários!

O Governo do Estado precisa cumprir as responsabilidades e obrigações com os metroviários.

Mas ao invés disso, Tarcísio de Freitas só fala em seu sonho cruel de privatizar todas as linhas aos moldes da linha 8 e 9.

Precisamos dar um basta!",21,143,1.343
ERIKA HILTON,@ErikakHilton,https://twitter.com/ErikakHilton/status/1638667077237248000,2023-03-22T22:20:50.000Z,"Absurdo o Banco Central usar os problemas bancários dos EUA e Europa como justificativa pra manter sua taxa de juros exorbitante.

Europa e EUA não regulam seus bancos e a gente, aqui no Brasil, tem que pagar mais caro num financiamento?",12,53,447
ERIKA HILTON,@ErikakHilton,https://twitter.com/ErikakHilton/status/1638647249826877440,2023-03-22T21:02:03.000Z,"🚨🏳️‍⚧️ RETIFICAÇÃO DE NOME E GÊNERO:

A Procuradoria Federal dos Direitos do Cidadão pediu ao CNJ que a retificação do nome e gênero e a emissão de novo RG sejam GRATUITAS.

Se o pedido for aceito, inúmeras pessoas trans, travestis, não binárias e intersexuais serão beneficiadas.",19,250,1.376
ERIKA HILTON,@ErikakHilton,https://twitter.com/ErikakHilton/status/1638630344155856898,2023-03-22T19:54:52.000Z,"Querem lucrar até quando morremos!

A privatização dos 22 cemitérios municipais de SP aumentou o preço de velórios e sepultamentos em mais de 400%

Há relatos que uma das empresas está obrigando clientes a comprar serviços adicionais pra poderem enterrar seus entes queridos",16,114,882
ERIKA HILTON,@ErikakHilton,https://twitter.com/ErikakHilton/status/1638555102368636931,2023-03-22T14:55:53.000Z,"A ÁGUA É DIREITO, NÃO MERCADORIA

Hoje é Dia Mundial da Água, instituído pela Conferência da ONU sobre Meio Ambiente e proposto aqui no Brasil, durante a Rio-92.

Mas se há 31 anos aqui no Brasil se falava da água como direito humano básico, hoje as coisas não andam bem assim +👇🏾",25,323,1.833
ERIKA HILTON,@ErikakHilton,https://twitter.com/ErikakHilton/status/1638270979779461120,2023-03-21T20:06:53.000Z,"PACOTE PELA IGUALDADE RACIAL 

Hoje, no Dia Internacional Contra a Discriminação Racial, o Presidente Lula e a Ministra @AnielleFranco anunciaram um pacote de medidas para a igualdade racial no Brasil.

Bora ver o que rolou? Segue a thread 🧶👇🏾",4,94,867
ERIKA HILTON,@ErikakHilton,https://twitter.com/ErikakHilton/status/1638219261473615872,2023-03-21T16:41:23.000Z,"O Conselho Federal de Medicina não se incomodou com Bolsonaro praticando charlatanismo no meio de uma pandemia, incinerando medicamentos de alto custo e se recusando a comprar vacinas

Mas investimento na saúde pública e contratação de mais médicos? Com isso eles se incomodam",289,1.403,8.671
ERIKA HILTON,@ErikakHilton,https://twitter.com/ErikakHilton/status/1638175973911977986,2023-03-21T13:49:22.000Z,"Hoje é o Dia Internacional pela Eliminação da Discriminação Racial

A data foi instituída pela ONU em memória as vítimas do Massacre de Sharperville.

Em 21 de Março 1960, a polícia Sul-Africana avançou letalmente contra 20 mil negros que protestavam contra o apartheid +👇🏾",2,69,447
ERIKA HILTON,@ErikakHilton,https://twitter.com/ErikakHilton/status/1638142194694455296,2023-03-21T11:35:09.000Z,"COMISSÕES 👇🏾É com enorme disposição que venho anunciar que, nesse primeiro biênio, serei membra das Comissão de Direitos Humanos, Minorias e Igualdade Racial e da Comissão de Defesa dos Direitos das Mulheres.",95,281,4.050
ERIKA HILTON,@ErikakHilton,https://twitter.com/ErikakHilton/status/1637911743329456129,2023-03-20T20:19:25.000Z,"Recebo com revolta e indignação a notícia da morte de um usuário do Centro de Acolhida Água Rasa ao escorregar da escada

Há tempos que é denunciada a falta de estrutura do albergue

A Folha revelou neste mês que, entre diversos problemas, o local não tinha corrimão adequado",3,27,265
ERIKA HILTON,@ErikakHilton,https://twitter.com/ErikakHilton/status/1637902000255041537,2023-03-20T19:40:42.000Z,Mas a administração do presídio vai deixar o Bolsonaro andar de moto lá dentro???,32,64,958
ERIKA HILTON,@ErikakHilton,https://twitter.com/ErikakHilton/status/1637881446344826896,2023-03-20T18:19:01.000Z,"Os mesmos que chamam a volta do Mais Médicos de “gasto” são os que se calam sobre as 1 milhão de canetas de insulina que Bolsonaro incinerou.

Por ano, 214 mil pessoas morrem de diabetes no Brasil.",18,252,1.477
ERIKA HILTON,@ErikakHilton,https://twitter.com/ErikakHilton/status/1637843584136232960,2023-03-20T15:48:34.000Z,"+ MÉDICOS PARA O BRASIL 🇧🇷O Presidente @LulaOficial acaba de relançar o programa Mais Médicos.

Serão + de 15 mil profissionais contratados!

Atendimento capacitado para TODOS, em especial para quem mais precisa, em cidades pobres nos rincões de todo país.",104,526,6.193
ERIKA HILTON,@ErikakHilton,https://twitter.com/ErikakHilton/status/1637836245899309060,2023-03-20T15:19:25.000Z,"👩🏿‍⚕️ O Mais Médicos voltou! 🧑🏾‍⚕️Hoje o presidente @LulaOficial anunciou um investimento de R$ 712 milhões para a contratação de 28 mil profissionais até o final do ano. Com isso 96 milhões de brasileiros terão atendimento garantido!

Faz o L!",132,512,5.873
ERIKA HILTON,@ErikakHilton,https://twitter.com/ErikakHilton/status/1637159048750432258,2023-03-18T18:28:28.000Z,"FAZ O L!

O BNDES bloqueou R$25 milhões financiamentos de 58 propriedades rurais após detectar que elas continham áreas desmatadas ilegalmente.

O Presidente do BNDES afirmou que a partir de agora bloqueios a quem desmata serão a regra.",317,1.258,"12,9 mil"
ERIKA HILTON,@ErikakHilton,https://twitter.com/ErikakHilton/status/1636817329135730706,2023-03-17T19:50:36.000Z,RESUMO DA SEMANA 💥Segue a thread do resumo do que rolou no meu Mandato em mais uma semana cheia de trabalho 👇🏾,10,38,421
ERIKA HILTON,@ErikakHilton,https://twitter.com/ErikakHilton/status/1636555306573471744,2023-03-17T02:29:25.000Z,Assédio e importunação sexual são crimes.,10,280,2.147
ERIKA HILTON,@ErikakHilton,https://twitter.com/ErikakHilton/status/1636549572167073792,2023-03-17T02:06:38.000Z,"Corretíssima a decisão pela expulsão. Mas, em prol da vítima, a forma como foi feita passou longe do ideal.",113,1.135,"12,9 mil"
ERIKA HILTON,@ErikakHilton,https://twitter.com/ErikakHilton/status/1636452794545610756,2023-03-16T19:42:04.000Z,"Boa notícia! 🚨Procuradoria Geral Eleitoral de MG identifica transfobia na fala de Nikolas e pede abertura de investigação criminal ao Ministerio Público Federal. 

A matéria é de @igorgadelham, do @Metropoles.",367,846,8.732
ERIKA HILTON,@ErikakHilton,https://twitter.com/ErikakHilton/status/1636401551261712384,2023-03-16T16:18:27.000Z,"Decisão importantíssima:

O STJ julgou que médicos não podem quebrar o sigilo profissional e denunciar pacientes pra polícia por “suspeita de aborto”

Mulheres vão presas com base apenas em denúncias assim, o que a Corte Inter Americana já decidiu que viola os Direitos Humanos",15,254,2.646
ERIKA HILTON,@ErikakHilton,https://twitter.com/ErikakHilton/status/1636370816282800130,2023-03-16T14:16:19.000Z,"Parece meme, mas não é! Deputado que se diz herdeiro da """"""família real"""""" quer extinguir o Ministério Público do Trabalho depois das denúncias de trabalho escravo! 

O que ele quer com isso?",244,933,"10,6 mil"
ERIKA HILTON,@ErikakHilton,https://twitter.com/ErikakHilton/status/1636156885387583498,2023-03-16T00:06:14.000Z,"Hoje, pela 1ª vez na história, uma travesti presidiu uma Sessão na @CamaraDeputados.

Que somente em 2023 tenhamos chegado a esse espaço, é uma séria debilidade de nossa democracia, que ainda ataca e exclui mulheres, negras, LGBTQIA+, das periferias, dos espaços de poder.",261,1.106,"11,5 mil"
ERIKA HILTON,@ErikakHilton,https://twitter.com/ErikakHilton/status/1636093196110274560,2023-03-15T19:53:09.000Z,"Participo agora de reunião com a Ministra @AnielleFranco e o Presidente @ArthurLira_, sobre e agenda política do Ministério da @IgualRacial_gov, em especial a criação de um Dia Nacional Marielle Franco de combate à violência politica e a revisão da Lei de Cotas.",2,35,321
ERIKA HILTON,@ErikakHilton,https://twitter.com/ErikakHilton/status/1636005677012340737,2023-03-15T14:05:23.000Z,"AO VIVO | Estou ao vivo presidindo uma sessão solene em homenagem a Marielle Franco e Anderson Gomes na Câmara dos Deputados. 

Acompanhe aqui  https://fb.watch/jhx58imTY5/",107,340,3.950
ERIKA HILTON,@ErikakHilton,https://twitter.com/ErikakHilton/status/1635774248818974720,2023-03-14T22:45:46.000Z,5 anos sem resposta! Queremos justiça já para Marielle e Anderson! #5AnosSemRespostas #JusticaPorMarielleeAnderson,9,64,593
ERIKA HILTON,@ErikakHilton,https://twitter.com/ErikakHilton/status/1635740532864417822,2023-03-14T20:31:48.000Z,"Hoje dei entrevista para o @estudioi na @GloboNews, sobre os 5 anos sem resposta do assassinato de Marielle Franco e Anderson e violência política de gênero. Assista na íntegra:#5AnosSemRespostas #MarielleFranco #MariellePresente #MarielleVive",11,68,548
ERIKA HILTON,@ErikakHilton,https://twitter.com/ErikakHilton/status/1635712717678837776,2023-03-14T18:41:16.000Z,"Vem, gente! 

Ao vivo no @estudioi @GloboNews com  @AndreiaSadi e @flaviaol",13,10,214
ERIKA HILTON,@ErikakHilton,https://twitter.com/ErikakHilton/status/1635702980216233991,2023-03-14T18:02:35.000Z,"Daqui a pouco entro ao vivo no Estúdio i, da @GloboNews, para uma entrevista com a querida @AndreiaSadi sobre Marielle Franco, o cenário político nacional, a luta contra transfobia e outros assuntos! 

Não percam!",12,26,383
ERIKA HILTON,@ErikakHilton,https://twitter.com/ErikakHilton/status/1635677448212717573,2023-03-14T16:21:07.000Z,5 anos é tempo demais! Bela homenagem do @inst_marielle.#JusticaPorMarielleeAnderson #5AnosSemRespostas #MariellePresente,1,85,376
ERIKA HILTON,@ErikakHilton,https://twitter.com/ErikakHilton/status/1635645436034797568,2023-03-14T14:13:55.000Z,"5 anos sem Marielle e Anderson.

5 anos querendo saber: Quem mandou matar Marielle Franco e Anderson Gomes? E Por quê?",162,606,2.949
ERIKA HILTON,@ErikakHilton,https://twitter.com/ErikakHilton/status/1635641054299914249,2023-03-14T13:56:30.000Z,"São 5 anos sem respostas, e nós queremos saber quem mandou matar Marielle e Anderson? 

Queremos justiça! A impunidade não pode prevalecer.#5AnosSemRespostas #JustiçaPorMarielleEAnderson",7,51,278
ERIKA HILTON,@ErikakHilton,https://twitter.com/ErikakHilton/status/1635433098639814656,2023-03-14T00:10:10.000Z,"Violência na tribuna, violência nas redes ❌Desde o dia 8 de Março tem sido assim. As declarações de Nikolas seguem desinformado e gerando ondas de ódio e violência. Basta ver o que seus seguidores têm espalhado pelas redes sociais.",111,327,2.733
ERIKA HILTON,@ErikakHilton,https://twitter.com/ErikakHilton/status/1635389873082499073,2023-03-13T21:18:24.000Z,Agradeço aos movimentos e entidades que estão trabalhando pra que o STF puna a transfobia ✊🏾🏳️‍⚧️ Seguimos colhendo assinaturas do abaixo-assinado em http://foranikolas.com 🖊️,85,147,1.580
ERIKA HILTON,@ErikakHilton,https://twitter.com/ErikakHilton/status/1635277870162677773,2023-03-13T13:53:20.000Z,"O Congresso não pode mais se omitir na produção legislativa acerca dos direitos da comunidade LGBT. 

Nunca foi aprovada, nem na Câmara, nem no Senado, uma lei sequer que garanta a inclusão e direitos de gays, lésbicas, bissexuais e travestis.

Coube ao Supremo Tribunal Federal…",70,433,3.500
ERIKA HILTON,@ErikakHilton,https://twitter.com/ErikakHilton/status/1635052328402432000,2023-03-12T22:57:07.000Z,"Mais uma vez, o bolsonarismo usa robôs para tentar impor uma agenda de violência e exclusão. Já conhecemos seus métodos. http://foranikolas.com 🖊Não nos usarão de escada para lides nas Redes sociais e crescerem politicamente com transfobia e misoginia. Cassação, já!",796,831,5.940
ERIKA HILTON,@ErikakHilton,https://twitter.com/ErikakHilton/status/1634706365229744128,2023-03-12T00:02:23.000Z,"Seguimos!
Reunir nossas forças para evitar a impunidade da transfobia e da misoginia.

Assine: http://foranikolas.com 🖊",408,976,5.268
ERIKA HILTON,@ErikakHilton,https://twitter.com/ErikakHilton/status/1634656752950968321,2023-03-11T20:45:15.000Z,"Enquanto eles desferem o ódio, nós fazemos luta que transforma a sociedade!! ☀️ Vem ser PSOL!➡️ Filie-se em https://timepsol.com.br/?utm_source=&utm_medium=organico&utm_campaign=filiacao--time-psol_twitter_filiacao--psol_criativo_organico_trafego&utm_content=IJC-IG0-00Y-JSK-DM0-0PP-HDB-ORG-AMB…",146,202,3.150
ERIKA HILTON,@ErikakHilton,https://twitter.com/ErikakHilton/status/1634589240532058112,2023-03-11T16:16:58.000Z,Bom sábado pra todo mundo!http://foranikolas.com 🖊,103,306,1.477
ERIKA HILTON,@ErikakHilton,https://twitter.com/ErikakHilton/status/1634542171276689408,2023-03-11T13:09:56.000Z,"Obrigada, @wcasagrandejr!

A incitação ao ódio não pode passar impune, pois reforçará um ciclo de intolerância, exclusão e violência.🏳️‍⚧️ Assine: http://foranikolas.com 🖊",601,573,8.394
ERIKA HILTON,@ErikakHilton,https://twitter.com/ErikakHilton/status/1634334277260197888,2023-03-10T23:23:50.000Z,"Hoje, no #SemFiltro, do @Universa_UOL, Camila me perguntou porque é importante que Nikolas seja punido. 

Eu explico. E peço sua ajuda. 👇🏿Assine em http://foranikolas.com 🖊",70,172,804
ERIKA HILTON,@ErikakHilton,https://twitter.com/ErikakHilton/status/1634295971021553671,2023-03-10T20:51:37.000Z,CHEGAMOS AS 200 MIL ASSINATURAS!http://foranikolas.com 🖊Vamos dobrar a meta? Assinem e compartilhem!,275,1.191,5.065
ERIKA HILTON,@ErikakHilton,https://twitter.com/ErikakHilton/status/1634279149505335298,2023-03-10T19:44:47.000Z,"Lula acaba de anunciar o aumento do repasse para a Merenda Escolar.

O valor vai aumentar em R$1.5 Bilhões.

Bolsonaro havia vetado aumentos e estava repassando apenas R$0,36 pra cada estudantes dos ensinos fundamental e médio comer.",31,132,1.593
ERIKA HILTON,@ErikakHilton,https://twitter.com/ErikakHilton/status/1634247475669135361,2023-03-10T17:38:55.000Z,O @Metropoles também esta acompanhando a nossa luta. Em breve chegaremos em 200 mil assinaturas! https://metropoles.com/brasil/peticao-por-cassacao-de-nikolas-supera-150-mil-assinaturas-em-24h…👉🏿 http://foranikolas.com 🖊,75,154,1.212
ERIKA HILTON,@ErikakHilton,https://twitter.com/ErikakHilton/status/1634236059033772033,2023-03-10T16:53:33.000Z,"💥 SOMOS MAIS DE 150 MIL! #ForaNikolasA petição http://foranikolas.com ficará aberta até semana que vem, quando protocolares TODAS as assinaturas com o pedido de cassação unitário dos partidos na @camaradeputados.

Assinem, divulguem! 🖊",1.059,2.032,"11,5 mil"
ERIKA HILTON,@ErikakHilton,https://twitter.com/ErikakHilton/status/1634228241476009989,2023-03-10T16:22:29.000Z,"Amores, VOLTAMOS!

Driblamos os ataques hackers e o site está de volta ao ar. 

Ajude a gente a ultrapassar as 150 mil assinaturas. http://foranikolas.com",150,807,3.179
ERIKA HILTON,@ErikakHilton,https://twitter.com/ErikakHilton/status/1634215029783384068,2023-03-10T15:30:00.000Z,"Nossa petição se aproxima de 150 mil assinaturas pela Cassação de Nikolas Ferreira.

Estamos sofrendo instabilidade por ataques de bolsonaristas, mas logo logo será resolvido. 

Não passarão!",156,492,5.295
ERIKA HILTON,@ErikakHilton,https://twitter.com/ErikakHilton/status/1634208819197751296,2023-03-10T15:05:19.000Z,Chega de transfobia! Ontem conversei com a @bandnewstv sobre o crime de transfobia praticado pelo Deputado Nicolas Ferreira.▶️Assine o abaixo assinado pela sua cassação: https://foranikolas.com,23,69,507
ERIKA HILTON,@ErikakHilton,https://twitter.com/ErikakHilton/status/1634129244866396160,2023-03-10T09:49:07.000Z,Bom dia! ☀️Já somos mais de 100 mil! Bora dobrar a meta?➡️ http://foranikolas.com  🖊,369,1.612,6.702
ERIKA HILTON,@ErikakHilton,https://twitter.com/ErikakHilton/status/1634048819389251584,2023-03-10T04:29:32.000Z,"O @Correio Braziliense noticia que somos mais de 90 mil pessoas pela Cassação de Nikolas Ferreira, em menos de 12h. ➡️ Assine: http://foranikolas.com 🖊",2.749,2.737,"20,4 mil"
ERIKA HILTON,@ErikakHilton,https://twitter.com/ErikakHilton/status/1633972374977626112,2023-03-09T23:25:46.000Z,"Em apenas 5 horas, já somos mais de 50 mil pela Cassação de Nikolas Ferreira. 

Assine: http://foranikolas.com",577,1.489,9.232
ERIKA HILTON,@ErikakHilton,https://twitter.com/ErikakHilton/status/1633943895171035137,2023-03-09T21:32:36.000Z,"Já somos mais de 30 mil!

Assine: http://foranikolas.com",39,305,1.479
ERIKA HILTON,@ErikakHilton,https://twitter.com/ErikakHilton/status/1633894433912438796,2023-03-09T18:16:03.000Z,"Transfobia é crime! 

Assine o abaixo assinado pela Cassação de Nikolas Ferreira. http://foranikolas.com",437,4.263,"11,6 mil"
ERIKA HILTON,@ErikakHilton,https://twitter.com/ErikakHilton/status/1633885968204742657,2023-03-09T17:42:25.000Z,"A CNN hoje repercutiu minhas ações contra o crime de transfobia ocorrido na tribuna da Câmara

Bora assistir? 👇🏾",22,166,1.643
ERIKA HILTON,@ErikakHilton,https://twitter.com/ErikakHilton/status/1633871238660771842,2023-03-09T16:43:53.000Z,"Obrigada pelo apoio, @desenhosdonando! 💓",129,1.095,"15,8 mil"
ERIKA HILTON,@ErikakHilton,https://twitter.com/ErikakHilton/status/1633846443894005760,2023-03-09T15:05:22.000Z,Hoje pela manhã dei entrevista para a @CBNoficial sobre os últimos acontecimentos e a transfobia na câmara.,14,54,366
ERIKA HILTON,@ErikakHilton,https://twitter.com/ErikakHilton/status/1633802942267420674,2023-03-09T12:12:30.000Z,"Transfobia é crime. 

Além de pedir a cassação de Nikolas Ferreira, enviamos uma notícia crime ao Supremo Tribunal Federal pelo cometimento do crime de transfobia.",122,785,6.951
ERIKA HILTON,@ErikakHilton,https://twitter.com/ErikakHilton/status/1633617372211736576,2023-03-08T23:55:07.000Z,"Finalmente conseguindo dar uma palavrinha com vocês, cara a cara. 👇🏿",174,835,7.104
ERIKA HILTON,@ErikakHilton,https://twitter.com/ErikakHilton/status/1633596538218860546,2023-03-08T22:32:20.000Z,"Essa foi a minha 1ª fala na tribuna da Câmara. Logo após, o bolsonarista protagonizou seus crimes de transfobia.

É notória a nossa diferença. Eu não cheguei aqui para destruir, dividir e propagar ódio. 

Chego na @camaradeputados para construir e romper com a violência que…",899,6.936,"44,1 mil"
ERIKA HILTON,@ErikakHilton,https://twitter.com/ErikakHilton/status/1633591170617032708,2023-03-08T22:11:00.000Z,A Avenida Paulista mesmo debaixo de chuva tomada neste #8M para lutar pela vida e direitos de todas as mulheres! #8deMarço,0,74,802
ERIKA HILTON,@ErikakHilton,https://twitter.com/ErikakHilton/status/1633556779345870848,2023-03-08T19:54:20.000Z,"A estratégia dos bolsonaristas e transfóbicos é antiga:
Usam nossas vidas de escada para se construir.

Agradeço o apoio de todos.

Hoje mesmo eu, o PSOL, e deputadas de diversos partidos acionaremos o Conselho de Ética contra Nikolas Ferreira e enviaremos notícia crime ao STF.",461,1.616,"16,7 mil"
ERIKA HILTON,@ErikakHilton,https://twitter.com/ErikakHilton/status/1633529764731314200,2023-03-08T18:07:00.000Z,8 de Março: Nenhuma mulher fica para trás! ♀️,88,961,6.826
ERIKA HILTON,@ErikakHilton,https://twitter.com/ErikakHilton/status/1633501429309612036,2023-03-08T16:14:24.000Z,"DIA INTERNACIONAL DA MULHER

Hoje no Planalto, vários Projetos de Lei, decretos e medidas foram anunciados e assinados pelas Ministras de Governo e pelo Presidente Lula.

Bora ver o que rolou e o que vai mudar? +👇🏾",6,155,1.095
ERIKA HILTON,@ErikakHilton,https://twitter.com/ErikakHilton/status/1633479509377687554,2023-03-08T14:47:18.000Z,"Chegamos no @planalto para o evento do 8 de Março! 

Acompanhar os projetos do executivo e entregar em mãos nosso PL Licença Maria da Penha ao Presidente @LulaOficial e à Ministra @CidaMulheres.",6,65,1.678
ERIKA HILTON,@ErikakHilton,https://twitter.com/ErikakHilton/status/1633418923071643653,2023-03-08T10:46:33.000Z,"Bom dia, mulheres! 
Respeito e Direitos, para todas nós! 

Hoje estaremos nas ruas com os movimentos feministas e no @planalto com presidente @LulaOficial e Ministras @CidaMulheres @aniellefranco construindo outro futuro para as mulheres brasileiras!",7,82,907
ERIKA HILTON,@ErikakHilton,https://twitter.com/ErikakHilton/status/1633229522945421315,2023-03-07T22:13:56.000Z,"Os dados do Ministério do Trabalho sobre os escravizados resgatados em Bento Gonçalves (RS) são dilacerantes

95% eram negros

93% nasceram na Bahia. À eles, destinavam exclusivamente as agressões físicas

56% tinham entre 18 e 29 anos. A idade da maioria dos que lerão esse tweet",9,164,906
ERIKA HILTON,@ErikakHilton,https://twitter.com/ErikakHilton/status/1633164009871405076,2023-03-07T17:53:37.000Z,"Ontem estreou Falas Femininas - Histórias Impossíveis na Globo

Um especial emocionante, que através da relação empregada e patroa, escancara diferenças entre mulheres brancas e negras na sociedade brasileira

Meus parabéns à @Recine12, Grace Passô e Jaqueline Souza pela autoria",3,17,174
ERIKA HILTON,@ErikakHilton,https://twitter.com/ErikakHilton/status/1633118069462540290,2023-03-07T14:51:04.000Z,"O TCU revelou que Bolsonaro incinerou 1,9 milhões de doses de vacinas contra a COVID doadas pelos EUA

Receberam a doação, não fizeram nada com ela ainda gastaram R$1 milhão pra colocar fogo

Quantas vidas podiam ter sido salvas se não fosse o ódio de Bolsonaro à saúde do povo?",62,825,4.733
ERIKA HILTON,@ErikakHilton,https://twitter.com/ErikakHilton/status/1633101348903190528,2023-03-07T13:44:37.000Z,"LICENÇA MARIA DA PENHA

Protocolei o Projeto de Lei ""Licença Maria da Penha"", que prevê uma Licença remunerada às mulheres vítimas de violência.

Entregarei meu projeto amanhã ao Presidente @LulaOficial  e à Ministra da Mulher, @CidaMulheres , no Palácio do Planalto. +👇🏾",94,573,5.612
ERIKA HILTON,@ErikakHilton,https://twitter.com/ErikakHilton/status/1632895965492387842,2023-03-07T00:08:30.000Z,"""É pra nós um indício muito claro de corrupção, é um indício de que algo não está certo como tudo no antigo governo Bolsonaro"" 

Estou ao vivo agora no @CanalMyNews ao lado da @janaviscardi, @EdianeMariaMTST e @crisfibe! ➡️ Assista: https://youtube.com/live/jB9E6tHsLyg?feature=share…",3,12,176
ERIKA HILTON,@ErikakHilton,https://twitter.com/ErikakHilton/status/1632813058698428419,2023-03-06T18:39:04.000Z,Porque será???,4,3,181
ERIKA HILTON,@ErikakHilton,https://twitter.com/ErikakHilton/status/1632151379878768643,2023-03-04T22:49:47.000Z,Fizemos o L pra isso! Igualdade Salarial para as mulheres! Vamos à luta para aprovar essa lei!,1,19,270
ERIKA HILTON,@ErikakHilton,https://twitter.com/ErikakHilton/status/1632082291198443525,2023-03-04T18:15:15.000Z,"A @GloboNews repercutiu a Notícia-Crime apresentada por mim contra MAIS UM caso de corrupção de Jair e Michelle Bolsonaro.

Eles  tentaram trazer ilegalmente ao Brasil 16,5 MILHÕES de reais em joias recebidas após negócios feitos pelo ex-presidente na Arábia Saudita.",19,108,842
ERIKA HILTON,@ErikakHilton,https://twitter.com/ErikakHilton/status/1632074771134382081,2023-03-04T17:45:22.000Z,"É CORRUPÇÃO! 🚨Diamantes de 16,5 milhões da Michelle Bolsonaro escondidos na mochila de assessor do governo Bolsonaro são propina por contratos bilionários fechados por Bolsonaro com o Príncipe da Arabia Saudita. (Via @Estadao)",85,427,2.919
ERIKA HILTON,@ErikakHilton,https://twitter.com/ErikakHilton/status/1632029095453138944,2023-03-04T14:43:52.000Z,"Muito triste com a morte de Paulo Caruso, renomado cartunista brasileiro, que retratou boa parte da história do Brasil moderno pela ponta de suas canetas. 

Resgato uma das charges que fez na minha participação no @RodaViva, em 2021.",4,52,992
ERIKA HILTON,@ErikakHilton,https://twitter.com/ErikakHilton/status/1631801953247281154,2023-03-03T23:41:17.000Z,"Não, meus amores... E a manhã de hoje?

Vem aí! 💓 @NatuzaNery 💓 @tatibernardi 💓",12,11,719
ERIKA HILTON,@ErikakHilton,https://twitter.com/ErikakHilton/status/1631791098321330176,2023-03-03T22:58:09.000Z,"🚨 EITA!

Matéria da @AFernandes e @AndreBorges_JOR no Estadão acaba de revelar que Bolsonaro tentou contrabandear R$16,5 milhões em joias.

Um militar as trouxe da Arabia Saudita dizendo que eram de Michelle. A Receita apreendeu

Bolsonaro fez de tudo pra consegui-las +👇🏾",48,528,2.737
ERIKA HILTON,@ErikakHilton,https://twitter.com/ErikakHilton/status/1631761748691656709,2023-03-03T21:01:32.000Z,"CCR QUER O MONOPÓLIO DA CPTM👇🏾Nessa semana, a empresa CCR divulgou aos investidores que planeja administrar todas as linhas da CPTM

Ela já administra as linhas 8-Diamante e 9-Esmeralda

Desde que foram privatizadas para a CCR, o número de falhas nas linhas de trem cresceu 600%",13,33,130
ERIKA HILTON,@ErikakHilton,https://twitter.com/ErikakHilton/status/1631736125814456320,2023-03-03T19:19:43.000Z,"Ontem tive uma reunião com a ANVISA e o Ministério da Saúde pra tratar do aumento abusivo nos preços do Deposteron

O medicamento é utilizado pra reposição hormonal e por homens trans e pessoas transmasculinas em tratamento hormonal

Dá um play aqui vídeo e vê como foi 👇🏾",43,167,1.081
ERIKA HILTON,@ErikakHilton,https://twitter.com/ErikakHilton/status/1631690068568989699,2023-03-03T16:16:42.000Z,"Nessa semana, o Prefeito de SP, Ricardo Nunes, publicou um texto na Folha defendendo a retirada de barracas da População em Situação de Rua

Como argumento, o Prefeito fala de uma infraestrutura de acolhimento imaginária

Bora entender a real situação dessa população em SP? +🧶👇🏾",9,140,873
ERIKA HILTON,@ErikakHilton,https://twitter.com/ErikakHilton/status/1631688130641133569,2023-03-03T16:09:00.000Z,Hoje o Blocos de Rua de São Paulo pediram uma uma reunião com a Prefeitura e a Secretaria de Cultura para fazer uma avaliação do Carnaval de rua de 2023 que tiveram muitos problemas. (+) 👇🏾,4,9,155
ERIKA HILTON,@ErikakHilton,https://twitter.com/ErikakHilton/status/1631655962304995330,2023-03-03T14:01:10.000Z,"É escandaloso que empresas flagradas com trabalhadores submetidos a condições análogas a escravidão tenham seus produtos circulando livremente e diretores minimizando seus crimes!

Elas precisam ser responsabilizadas já!",10,61,432
ERIKA HILTON,@ErikakHilton,https://twitter.com/ErikakHilton/status/1631410360388399105,2023-03-02T21:45:14.000Z,"AUTONOMIA DOS CORPOS 👇🏾Entrou em vigor hoje a lei que acaba com o ultrapassado “aval do cônjuge” para a realização de laqueaduras e vasectomias.

Na prática, ela impedia que mulheres pudessem fazer laqueaduras sem o aval de um homem.

A idade mínima também caiu pra 21 anos.",12,120,941
ERIKA HILTON,@ErikakHilton,https://twitter.com/ErikakHilton/status/1631382362012393482,2023-03-02T19:53:59.000Z,"A pesquisa ""Visível e Invisível: A Vitimização de Mulheres no Brasil"" mostra dados assustadores! No ano passado 50,6 mil mulheres foram vítimas de violência no Brasil, sendo que 48% são mulheres negras.",3,33,225
ERIKA HILTON,@ErikakHilton,https://twitter.com/ErikakHilton/status/1631335007019991040,2023-03-02T16:45:49.000Z,"📑AMPLIAÇÃO DO PRONAMPE APROVADA 👇🏾Aprovamos ontem na Câmara a ampliação dos prazos de pagamento do PRONAMPE

O programa dá crédito a micro e pequenas empresas, com a contrapartida de que as empresas mantenham seus funcionários

Com a MP, o prazo do empréstimo sobe pra 72 meses",1,4,63
ERIKA HILTON,@ErikakHilton,https://twitter.com/ErikakHilton/status/1631322517037101059,2023-03-02T15:56:11.000Z,"Lula assina MP do novo Bolsa Família!

Agora, os R$600 mensais são o mínimo que as famílias beneficiárias vão receber

Haverá um adicional de R$150 para cada criança de até 6 anos, e R$50 para as entre 7 e 18 anos

E as famílias terão que manter as crianças na escola e vacinadas.",80,124,1.326
ERIKA HILTON,@ErikakHilton,https://twitter.com/ErikakHilton/status/1631297187786137603,2023-03-02T14:15:32.000Z,"A nossa Ministra de Igualdade Racial, @AnielleFranco, é uma das Mulheres do Ano da TIME!

Que a luta e as conquistas do nosso povo pelos nossos direitos, pela igualdade, pelo fim do genocídio, tome cada vez mais o noticiário.

Orgulho demais ✊🏾✊🏾✊🏾",3,29,319
ERIKA HILTON,@ErikakHilton,https://twitter.com/ErikakHilton/status/1631056091118174208,2023-03-01T22:17:30.000Z,"Vem pro PSOL! Um partido necessário! 

Filie-se online usando o link:https://timepsol.com.br/?utm_source=&utm_medium=organico&utm_campaign=filiacao--time-psol_twitter_filiacao--psol_criativo_organico_trafego&utm_content=IJC-IG0-00Y-JSK-DM0-0PP-HDB-ORG-AMB…",0,6,83
ERIKA HILTON,@ErikakHilton,https://twitter.com/ErikakHilton/status/1631043982200373250,2023-03-01T21:29:23.000Z,SOCORRO! Vem acompanhar esse corre 👇🏿,40,57,899
ERIKA HILTON,@ErikakHilton,https://twitter.com/ErikakHilton/status/1631017494155591681,2023-03-01T19:44:08.000Z,"Parece que a resposta fácil para Tarcísio é sempre a mesma: concessões. 

Água é um direito e ele quer vender a Sabesp. Transporte? Antes de administrar de verdade linhas do metrô que já existe, prefere entregar mais linhas a beira do caos.",16,49,405
ERIKA HILTON,@ErikakHilton,https://twitter.com/ErikakHilton/status/1630978675167330315,2023-03-01T17:09:52.000Z,"Festivais são muito bons! Mas a recente escalada de preços de algo que já não era para todes mostra a necessidade do trabalho que o Ministério da Cultura têm feito

Destravar as verbas destinadas à área é colocar o povo vivenciando sua própria cultura de forma acessível",7,45,424
ERIKA HILTON,@ErikakHilton,https://twitter.com/ErikakHilton/status/1630968099955433473,2023-03-01T16:27:51.000Z,Obrigada por fazerem o mínimo do mínimo.,2,19,191
ERIKA HILTON,@ErikakHilton,https://twitter.com/ErikakHilton/status/1630946690747301888,2023-03-01T15:02:47.000Z,Bora ver o que rolou nesses 2 meses de Governo Lula? É só seguir a thread  🧵👇🏾,62,608,3.987
