nome,usuario,idTweet,dataPublicacao,texto,replies,retweets,likes
Amom Mandel,@eusouamom,https://twitter.com/eusouamom/status/1640087663733604354,2023-03-26T20:25:45.000Z,"Em memória de todos os que perderam as suas casas e tudo o que tinham na vida, peço que você assista a esse vídeo e nos ajude a cobrar para que esse tipo de omissão nunca mais aconteça.",13,23,117
Amom Mandel,@eusouamom,https://twitter.com/eusouamom/status/1639648729421471744,2023-03-25T15:21:34.000Z,Parei pra assistir de novo esse vídeo e fiquei espantado com o Dumbo que encarnou em mim 😬,8,3,39
Amom Mandel,@eusouamom,https://twitter.com/eusouamom/status/1638889870520197121,2023-03-23T13:06:08.000Z,"Garantismo para os mais ricos, punitivismo para os mais pobres. É basicamente a mensagem que o Congresso Nacional passou para a sociedade ontem (22/03/2023)",5,1,37
Amom Mandel,@eusouamom,https://twitter.com/eusouamom/status/1637295486100025350,2023-03-19T03:30:38.000Z,Hoje fiz a doação da primeira metade do que recebi do auxílio mudança. 14 mil reais foram doados para a AMA (Amigos dos Autistas no Amazonas). Não acho justo que deputados recebam isso sem ter necessidade da forma como fizeram.,30,12,309
Amom Mandel,@eusouamom,https://twitter.com/eusouamom/status/1637117312800112640,2023-03-18T15:42:38.000Z,De volta a Manaus 🎯,10,0,49
Amom Mandel,@eusouamom,https://twitter.com/eusouamom/status/1636565524225163266,2023-03-17T03:10:01.000Z,"A UEA foi invadida por bandidos. Diante disso, estou cobrando o governador para que, dentre várias outras medidas, acelere a obra do quartel da ROCAM pela eficiência esperada após a conclusão.",46,29,225
Amom Mandel,@eusouamom,https://twitter.com/eusouamom/status/1636167479247400961,2023-03-16T00:48:20.000Z,"Acaba de ser formada a comissão externa de fiscalização de obras paradas e inacabadas. A partir de agora, passarei a ser o responsável direto por fiscalizar obras com verba federal no Brasil.",15,5,133
Amom Mandel,@eusouamom,https://twitter.com/eusouamom/status/1633634499601809408,2023-03-09T01:03:10.000Z,"Acabei de saber da babaquice feita em plenário por outro deputado com cunho preconceituoso. Não apoio esse tipo de atitude e deixo aqui o meu repúdio e apoio, nesse caso, das iniciativas para que ele seja punido pela postura.",53,5,201
Amom Mandel,@eusouamom,https://twitter.com/eusouamom/status/1632390194442772484,2023-03-05T14:38:45.000Z,Apagão de internet em Manaus?,98,58,516
