nome,usuario,idTweet,dataPublicacao,texto,replies,retweets,likes
gabrielmotarr,@gabrielmotarr,https://twitter.com/gabrielmotarr/status/1641210408416452609,2023-03-29T22:47:08.000Z,"✅PARCERIA UIRAMUTÃ
Hoje recebemos aqui na Câmara dos Deputados o prefeito Benísio, do Uiramutã, e os vereadores Ribamar, Cricya Raposo, Leonardo Rodrigues e Max Lobão. Contem sempre com o meu apoio, principalmente no suporte à saúde do município! 🤝🏻🤝🏻",0,0,1
gabrielmotarr,@gabrielmotarr,https://twitter.com/gabrielmotarr/status/1641132640085344274,2023-03-29T17:38:06.000Z,"Aprovamos hoje na Comissão de Agricultura o meu requerimento solicitando a realização de audiência pública para debater a situação das rodovias do estado de Roraima, bem como os impactos no agronegócio e na agricultura familiar. https://instagram.com/reel/CqYTh17ANsM/?igshid=MDJmNzVkMjY=…",0,1,4
gabrielmotarr,@gabrielmotarr,https://twitter.com/gabrielmotarr/status/1640814955199967233,2023-03-28T20:35:44.000Z,"✅Fui entrevistado pela jornalista Gabriela Vital para o programa Em Pauta, da TV Assembleia de Roraima, onde falei sobre as expectativas para o novo mandato, dentre outros temas.https://instagram.com/reel/CqWIP2bgkI4/?igshid=MDJmNzVkMjY=… https://instagram.com/reel/CqWIP2bgkI4/?igshid=YTgzYjQ4ZTY=…",0,0,1
gabrielmotarr,@gabrielmotarr,https://twitter.com/gabrielmotarr/status/1639259400341798916,2023-03-24T13:34:31.000Z,"AGRICULTURA FAMILIAR

Como membro titular da Comissão de Agricultura, Pecuária, Abastecimento e Desenvolvimento Rural, fui designado relator do Projeto de Lei 3954/2019, de autoria do ex-deputado Julio Cesar Ribeiro.

Saiba mais 👇🏻https://instagram.com/p/CqI2sR-uymy/?igshid=YTgzYjQ4ZTY=…",0,1,2
gabrielmotarr,@gabrielmotarr,https://twitter.com/gabrielmotarr/status/1639259051455311873,2023-03-24T13:33:08.000Z,"✅Concedi entrevista ao programa Palavra Aberta, da TV Câmara, para falar sobre as perspectivas do meu mandato. Durante a conversa com o apresentador Marcelo Westphalem, falei também sobre a situação da invasão de terras no país.",0,1,3
gabrielmotarr,@gabrielmotarr,https://twitter.com/gabrielmotarr/status/1638882294449467397,2023-03-23T12:36:02.000Z,"Gabriel Mota demonstrou preocupação com os 25 procedimentos de reivindicação territorial indígena em Roraima e com o processo de “retomada” da Terra Indígena Manoá-Pium, denominado por lideranças da etnia, em Bonfim",0,0,0
gabrielmotarr,@gabrielmotarr,https://twitter.com/gabrielmotarr/status/1636767298819178513,2023-03-17T16:31:48.000Z,"🗓️ Participei do evento de boas-vindas da CHERR Soluções em Máquinas, representante da XCMG Brasil que acaba de chegar aqui em Roraima.✅Investir no agronegócio e na agricultura de Roraima é sinônimo de crescimento e desenvolvimento do nosso estado.",0,1,2
gabrielmotarr,@gabrielmotarr,https://twitter.com/gabrielmotarr/status/1635410612858793984,2023-03-13T22:40:49.000Z,"AÇÃO PARLAMENTAR

*Em reunião com ministro, Gabriel Mota cobra resolução para BR 174, imigração e internet*",0,1,3
gabrielmotarr,@gabrielmotarr,https://twitter.com/gabrielmotarr/status/1635349092095365120,2023-03-13T18:36:21.000Z,Meu gabinete na @camaradeputados está de portas abertas!,0,1,2
gabrielmotarr,@gabrielmotarr,https://twitter.com/gabrielmotarr/status/1634202498310234113,2023-03-10T14:40:12.000Z,"É uma grande satisfação poder dizer agora que sou deputado federal por Roraima. 

Agradeço a todos que sempre acreditaram no nosso trabalho e confiaram na nossa palavra. https://instagram.com/p/CpiyBMlOhZh/?igshid=YmMyMTA2M2Y=…",0,0,0
