nome,usuario,idTweet,dataPublicacao,texto,replies,retweets,likes
José Airton Cirilo,@JoseAirtonPT,https://twitter.com/JoseAirtonPT/status/1641060691908886528,2023-03-29T12:52:13.000Z,"FAKE NEWS DESTROEM VIDAS

Em Guarujá-SP, a mãe de Yasmin foi espancada até a morte após ser confundida por conta de fake news. Fatos assim mostram como as fake news despertam o ódio, com consequências irreversíveis.
É hora de promover a união e a reconstrução#Brasilcontrafake",1,11,37
José Airton Cirilo,@JoseAirtonPT,https://twitter.com/JoseAirtonPT/status/1640780900311916545,2023-03-28T18:20:25.000Z,"Nós já vimos como a desinformação pode destruir pessoas e ameaçar a democracia. Tá na hora de barrar o ódio. O Governo lançou o http://gov.br/brasilcontrafake… para você verificar fatos. Antes de compartilhar um post suspeito, acesse e cheque se é verdade. #BrasilContraFake",0,0,0
José Airton Cirilo,@JoseAirtonPT,https://twitter.com/JoseAirtonPT/status/1640778571785334784,2023-03-28T18:11:10.000Z,"É hora de barrar o ódio, parar de repassar informações falsas. Antes de compartilhar um fato, verifique a fonte. Que tal começar pela sua timeline? Acesse http://gov.br/brasilcontrafake… e cheque a verdade  #BrasilContraFake",0,0,0
José Airton Cirilo,@JoseAirtonPT,https://twitter.com/JoseAirtonPT/status/1636723784789925888,2023-03-17T13:38:53.000Z,Oi Lula!,0,1,4
José Airton Cirilo,@JoseAirtonPT,https://twitter.com/JoseAirtonPT/status/1635983627430375427,2023-03-15T12:37:46.000Z,José Airton Cirilo denuncia desrespeito a parlamentares cearenses,0,1,1
José Airton Cirilo,@JoseAirtonPT,https://twitter.com/JoseAirtonPT/status/1635655452326232064,2023-03-14T14:53:43.000Z,"A morte da vereadora Marielle Franco (Psol-RJ) e do motorista Anderson Gomes completa 5 anos nesta terça-feira. Durante toda sua vida e trajetória, Marielle denunciou o racismo estrutural do Estado, responsável pelo genocídio da juventude negra.",1,0,4
José Airton Cirilo,@JoseAirtonPT,https://twitter.com/JoseAirtonPT/status/1633540385862475810,2023-03-08T18:49:12.000Z,"Recebei a Comenda ""Dr. José Ubirajara de Souza Coelho Timm"", pelo relevante serviço prestado a pesca e a aquicultura brasileira.",0,0,2
José Airton Cirilo,@JoseAirtonPT,https://twitter.com/JoseAirtonPT/status/1633539808168402974,2023-03-08T18:46:54.000Z,"Com o Ministro @FlavioDino, apresentei questões importantes a respeito da segurança pública nas cidades de Pentecoste, assim como de Aracati e Icapuí, as quais fazem divisa com o Estado do Rio Grande do Norte.",0,0,1
José Airton Cirilo,@JoseAirtonPT,https://twitter.com/JoseAirtonPT/status/1633539608989294598,2023-03-08T18:46:07.000Z,Tive uma reunião no FNDE para tratar sobre o fortalecimento dos laços em prol do aumento de investimentos na educação do Ceará,0,0,3
