nome,usuario,idTweet,dataPublicacao,texto,replies,retweets,likes
Julio Cesar Ribeiro,@JulioCesarRib,https://twitter.com/JulioCesarRib/status/1641195686539546625,2023-03-29T21:48:38.000Z,"Estamos atentos aos casos de ameaças e violência no ambiente escolar no DF. Precisamos trabalhar com os alunos, levando para as escolas um pacote de ações de combate à violência. É fundamental ouvir os pais, alunos e professores e procurar medidas eficazes para o problema.",0,0,5
Julio Cesar Ribeiro,@JulioCesarRib,https://twitter.com/JulioCesarRib/status/1640528324425310209,2023-03-28T01:36:46.000Z,"Lamento c/ imensa tristeza o ocorrido na escola em SP, onde um aluno matou sua professora com uma faca e feriu outros. A tragédia só não foi pior, graças a uma prof. de Educação Física que mobilizou o agressor. Deixo os meus pêsames aos familiares e amigos da prof. Elisabete.",1,0,0
Julio Cesar Ribeiro,@JulioCesarRib,https://twitter.com/JulioCesarRib/status/1639284336091340801,2023-03-24T15:13:36.000Z,"Vitória para as mulheres! A Associação Mundial de Atletismo, proibiu mulheres trans de competir em eventos internacionais. A decisão foi tomada com o objetivo de proteger a categoria feminina.",0,1,6
Julio Cesar Ribeiro,@JulioCesarRib,https://twitter.com/JulioCesarRib/status/1638905311338569731,2023-03-23T14:07:30.000Z,"Participei, ao lado do ministro das comunicações, Juscelino Filho, da cerimônia de entrega de 300 equipamentos do Programa Computadores para Inclusão. Por meio da inclusão digital teremos inclusão social, reduzindo as desigualdades e levando qualidade de vida para os brasileiros.",0,0,0
Julio Cesar Ribeiro,@JulioCesarRib,https://twitter.com/JulioCesarRib/status/1637819006437433348,2023-03-20T14:10:54.000Z,"Foi-se o tempo que o idoso remetia a imagem de um velhinho  de bengala, cadeira de balanço ou aposentadoria. A pesquisa feita pelo (IPEDF), mostra que no DF, temos mais de 356 mil idosos, que trabalham como autônomo.",1,1,2
Julio Cesar Ribeiro,@JulioCesarRib,https://twitter.com/JulioCesarRib/status/1636094207721963527,2023-03-15T19:57:10.000Z,"Recebo com muita alegria a notícia do retorno do nosso gov. Ibaneis Rocha ao comando do Executivo do DF. A revogação da medida consolida a vontade e soberania popular, que democraticamente o escolheram no último dia 02 de outubro.",0,1,4
Julio Cesar Ribeiro,@JulioCesarRib,https://twitter.com/JulioCesarRib/status/1635976156884107265,2023-03-15T12:08:05.000Z,O único dia fácil foi ontem !!!!!,0,1,2
Julio Cesar Ribeiro,@JulioCesarRib,https://twitter.com/JulioCesarRib/status/1635256025585680384,2023-03-13T12:26:32.000Z,"Estive no Centro Olímpico e Paralímpico de Planaltina e conversei com os alunos da natação e do judô. É muito importante ter o Feedback de quem é atendido nas instalações dos (COP). Junto com a comunidade, vamos continuar trabalhando em prol do esporte no DF.",0,1,5
Julio Cesar Ribeiro,@JulioCesarRib,https://twitter.com/JulioCesarRib/status/1633940931203284992,2023-03-09T21:20:49.000Z,"A Câmara dos Deputados aprovou o Projeto de Lei 81/2022, de minha autoria que assegura às mulheres, o direito a ter acompanhante de sua livre escolha em consultas e exames para os quais haja necessidade de sedação. Essa é mais uma medida do nosso mandato, em Defesa das Mulheres.",0,1,4
Julio Cesar Ribeiro,@JulioCesarRib,https://twitter.com/JulioCesarRib/status/1631625755594485761,2023-03-03T12:01:08.000Z,"Lamentavelmente, mais uma mulher aqui do DF foi vítima de feminicídio. Rayane Ferreira, (18 anos), foi assassinada pelo ex-companheiro no Riacho Fundo 2. O Brasil é o quinto país que mais mata mulheres no mundo, e isso precisa acabar! Vamos juntos, nos unir contra o feminicídio.",0,0,1
Julio Cesar Ribeiro,@JulioCesarRib,https://twitter.com/JulioCesarRib/status/1631336987985682443,2023-03-02T16:53:41.000Z,"Aprovamos hoje o PL 1883/2021, que cria mecanismos de facilitação do crédito a microempresas e empresas de pequeno porte controladas e dirigidas por mulheres e a microempreendedoras individuais. A matéria segue para análise do Senado.",0,1,3
