nome,usuario,idTweet,dataPublicacao,texto,replies,retweets,likes
Kim Kataguiri,@KimKataguiri,https://twitter.com/KimKataguiri/status/1641553068293488640,2023-03-30T21:28:44.000Z,Lula QUER TAXAR suas COMPRAS na SHEIN e na SHOPEE!▶️ https://youtu.be/g1EvPwUmqdg,204,112,892
Kim Kataguiri,@KimKataguiri,https://twitter.com/KimKataguiri/status/1641458338260193281,2023-03-30T15:12:19.000Z,Vai ser CASSADO? o MEDO de Dino da CPI!▶️ https://youtu.be/BJ2ZOhnppVg,259,262,1.836
Kim Kataguiri,@KimKataguiri,https://twitter.com/KimKataguiri/status/1641204614979788800,2023-03-29T22:24:06.000Z,"Flávio Dino foi alertado sobre a gravidade dos atos dia 8 e tomou medidas insuficientes. O Ministro da Justiça precisa ser responsabilizado por sua negligência criminosa que culminou nas cenas que vimos. 

Baixe o vídeo em: http://t.me/kimkataguiri",243,401,2.444
Kim Kataguiri,@KimKataguiri,https://twitter.com/KimKataguiri/status/1641186344318775297,2023-03-29T21:11:30.000Z,COMPROVADO: MENTIRA e OMISSÃO CRIMINOSA de FLAVIO DINO!▶️ https://youtu.be/9jOeA9Qb6cg,197,243,1.487
Kim Kataguiri,@KimKataguiri,https://twitter.com/KimKataguiri/status/1641163940683042816,2023-03-29T19:42:29.000Z,"PAU QUE DÁ EM CHICO DÁ EM FRANCISCO SIM!

Se tem algo que ninguém pode me acusar é de ficar passando pano pra bolsonarista e petista. Tenho orgulho da minha posição independente, coisa que só quem não tem rabo preso com seu bandido preferido pode ter. Vamos pra cima!",276,463,4.077
Kim Kataguiri,@KimKataguiri,https://twitter.com/KimKataguiri/status/1641120143848742915,2023-03-29T16:48:27.000Z,"Mostrei o documento que PROVA que Flavio Dino MENTIU e se OMITIU! 

Download do vídeo: http://t.me/kimkataguiri",313,824,4.624
Kim Kataguiri,@KimKataguiri,https://twitter.com/KimKataguiri/status/1641116714577412099,2023-03-29T16:34:49.000Z,"Literalmente no tweet mostrando o meu trabalho de fiscalização... Gado só mudou de cor mesmo, os argumentos são os mesmo.",128,106,2.117
Kim Kataguiri,@KimKataguiri,https://twitter.com/KimKataguiri/status/1641092892902019073,2023-03-29T15:00:10.000Z,"Importante a pergunta do @danieljosebr. Dino disse na comissão que não faz nada sem a anuência do líder Lula. Portanto, se ele se omitiu de proteger a Praça dos Três Poderes foi com anuência do @LulaOficial. #DinoMentiu",165,415,2.721
Kim Kataguiri,@KimKataguiri,https://twitter.com/KimKataguiri/status/1641089637149024258,2023-03-29T14:47:14.000Z,"É assim que se faz oposição de verdade: correndo atrás dos documentos, convocando e questionando os ministros tecnicamente, apontando as hipocrisias e obstruindo o que vier de ruim desse governo.

Não é com lacração e mitadas na internet que vamos combatê-los. #DinoMentiu",536,631,5.421
Kim Kataguiri,@KimKataguiri,https://twitter.com/KimKataguiri/status/1641085793669115906,2023-03-29T14:31:57.000Z,"Como demonstrei para o @paulomathias e toda a bancada do @jpmorningshow, o ministro @FlavioDino sabia que haveria invasões e depredação no dia 8 de janeiro. Por isso estou entrando com uma denúncia por crime de responsabilidade do Min. da Justiça.

Segue o fio pra entender tudo🧶",419,881,7.373
Kim Kataguiri,@KimKataguiri,https://twitter.com/KimKataguiri/status/1641082721630912512,2023-03-29T14:19:45.000Z,ESCÂNDALO: documento PROVA que FLAVIO DINO SABIA DE TUDO!▶️ https://youtu.be/Ug3zSaJ_4pw,153,338,1.759
Kim Kataguiri,@KimKataguiri,https://twitter.com/KimKataguiri/status/1641062513000210436,2023-03-29T12:59:27.000Z,"Questionei ontem na CCJ da Câmara o Ministro Flávio Dino sobre a OMISSÃO do Governo Federal nos atos golpistas do dia 8 de janeiro. Por que LULA NÃO QUER a CPI? 

Download do vídeo: http://t.me/kimkataguiri",260,458,3.689
Kim Kataguiri,@KimKataguiri,https://twitter.com/KimKataguiri/status/1641057687206019082,2023-03-29T12:40:16.000Z,"💣BOMBA!

Daqui a pouco no @jpmorningshow vou revelar uma bomba sobre os atos do dia 8 que o Flavio Dino não quer que o Brasil saiba! NÃO PERCA!! 

Compartilhem esse link pro máximo de pessoas possível!",145,184,1.407
Kim Kataguiri,@KimKataguiri,https://twitter.com/KimKataguiri/status/1641032517108023296,2023-03-29T11:00:15.000Z,"Bom dia meus amigos, às 10h estarei no Morning Show! Conto com a sua audiência!",85,52,762
Kim Kataguiri,@KimKataguiri,https://twitter.com/KimKataguiri/status/1640863744203825152,2023-03-28T23:49:37.000Z,"Simplesmente o Congresso parou para se debruçar sobre o vídeo do Nikolas Ferreira sendo chamado de chupetinha. Assessores, jornalistas e deputados se perguntam quem foi que o chamou disso?",1.224,507,5.528
Kim Kataguiri,@KimKataguiri,https://twitter.com/KimKataguiri/status/1640858450979635200,2023-03-28T23:28:35.000Z,Gleisi segue na missão de bater no espantalho do BC. A necessidade brutal que esse governo tem de procurar alguém pra culpar por sua própria incompetência só demonstra o desespero deles.,115,175,1.730
Kim Kataguiri,@KimKataguiri,https://twitter.com/KimKataguiri/status/1640851338111205377,2023-03-28T23:00:19.000Z,QUESTIONEI o Flavio DINO: por que LULA NÃO QUER a CPI?▶️ https://youtu.be/YDz1ABjPjJA,72,73,624
Kim Kataguiri,@KimKataguiri,https://twitter.com/KimKataguiri/status/1640834623008645127,2023-03-28T21:53:54.000Z,"PT TEM LIGAÇÃO COM O PCC?

Baixe o vídeo em nosso telegram: http://t.me/kimkataguiri",123,101,789
Kim Kataguiri,@KimKataguiri,https://twitter.com/KimKataguiri/status/1640732561918836736,2023-03-28T15:08:20.000Z,IMPOSSÍVEL não se REVOLTAR contra isso!!▶️ https://youtu.be/jJGaSDItFSk,11,16,162
Kim Kataguiri,@KimKataguiri,https://twitter.com/KimKataguiri/status/1640504176936452096,2023-03-28T00:00:49.000Z,"Precisamos reduzir a maioridade penal urgentemente, para que crimes hediondos como esses sejam punidos no rigor da lei.

Espalhem esse vídeo e vamos fazer isso acontecer.
Download do vídeo em: http://t.me/kimkataguiri",297,340,2.806
Kim Kataguiri,@KimKataguiri,https://twitter.com/KimKataguiri/status/1640459799346257929,2023-03-27T21:04:29.000Z,COINCIDÊNCIAS? As ligações entre PT e PCC!▶️ https://youtu.be/9dPu9FLya54,89,83,462
Kim Kataguiri,@KimKataguiri,https://twitter.com/KimKataguiri/status/1640392719292850176,2023-03-27T16:37:55.000Z,Tiburi PERDE pra MIM e chama JUSTIÇA de FA5C1STA!▶️ https://youtu.be/D2mGOY5sozQ,27,49,650
Kim Kataguiri,@KimKataguiri,https://twitter.com/KimKataguiri/status/1640354328786419713,2023-03-27T14:05:22.000Z,"O dia começa com uma notícia extremamente triste. Três professoras e um aluno foram esfaqueados essa manhã em uma escola na Vila Sônia, São Paulo. Uma das professoras faleceu.

O infrator, menor de idade, está detido. Que pague pelo seu crime. Meus sentimentos aos familiares das…",265,131,3.120
Kim Kataguiri,@KimKataguiri,https://twitter.com/KimKataguiri/status/1640345023358070786,2023-03-27T13:28:24.000Z,Alguém sabe em qual ação tenho que investir pra surfar na alta de venda de panos?,207,116,1.907
Kim Kataguiri,@KimKataguiri,https://twitter.com/KimKataguiri/status/1640128090566279169,2023-03-26T23:06:23.000Z,As maiores TRETAS da Câmara - respondendo perguntas do ZAP!▶️ https://youtu.be/zZOTsaFYm7k,12,14,165
Kim Kataguiri,@KimKataguiri,https://twitter.com/KimKataguiri/status/1640058462599086080,2023-03-26T18:29:42.000Z,"Juca Chaves se vai aos 84 anos. 

Tinha formação completa em música erudita e a verve do humor judaico. Já fazia o que hoje chamam de stand up comedy. Mas sempre sentado, com um copo de whisky na mão e uma viola.

Meus sentimentos à família desse ícone do humor nacional",29,77,1.601
Kim Kataguiri,@KimKataguiri,https://twitter.com/KimKataguiri/status/1640013658183852032,2023-03-26T15:31:40.000Z,TRETA: Lira e Pacheco entram em GU3RRA!▶️ https://youtu.be/DcQL-G2H4y4,9,18,156
Kim Kataguiri,@KimKataguiri,https://twitter.com/KimKataguiri/status/1639735691436236802,2023-03-25T21:07:08.000Z,Felipe Neto tenta INTIMIDAR DEPUTADO e PERDEU na JUSTIÇA!▶️ https://youtu.be/9rw3_4wbmxg,42,106,1.244
Kim Kataguiri,@KimKataguiri,https://twitter.com/KimKataguiri/status/1639373855515983872,2023-03-24T21:09:19.000Z,DEBATE com PETISTA: Lula vs Moro - foi ARMAÇÃO?▶️ https://youtu.be/sNSk6f37vDc,29,25,213
Kim Kataguiri,@KimKataguiri,https://twitter.com/KimKataguiri/status/1639282231607799816,2023-03-24T15:05:15.000Z,REVOLTANTE: Lula e Lewandowski PERDERAM A VERGONHA!▶️ https://youtu.be/SIh96dcZEuI,22,43,285
Kim Kataguiri,@KimKataguiri,https://twitter.com/KimKataguiri/status/1639281933812224001,2023-03-24T15:04:04.000Z,Querem SOLTAR os CR1M1N050S mais PER1GO5O5 do Brasil!▶️ https://youtu.be/S8qeW3UQDt8,14,28,198
Kim Kataguiri,@KimKataguiri,https://twitter.com/KimKataguiri/status/1638994320672935948,2023-03-23T20:01:11.000Z,"Quem está MENTINDO, @LulaOficial?Você ou o seu Ministro da Justiça @FlavioDino? É lamentável que o país tenha trocado um POPULISTA IRRESPONSÁVEL nas suas falas por OUTRO IGUALZINHO!

Download do vídeo: http://t.me/kimkataguiri",283,434,2.643
Kim Kataguiri,@KimKataguiri,https://twitter.com/KimKataguiri/status/1638960037065310208,2023-03-23T17:44:57.000Z,"Oi @LulaOficial, além do Moro, o seu vice também era alvo do PCC. Mesmo assim mantém que foi uma armação do Moro com a PF?",99,253,2.344
Kim Kataguiri,@KimKataguiri,https://twitter.com/KimKataguiri/status/1638959441046302736,2023-03-23T17:42:35.000Z,Parece que o seu presidente não acha isso...,28,96,1.331
Kim Kataguiri,@KimKataguiri,https://twitter.com/KimKataguiri/status/1638957925078118400,2023-03-23T17:36:34.000Z,"Milhões de paulistanos estão sofrendo as consequências de um bando de grevistas que só atrapalham os trabalhadores, mas a culpa é do Tarcísio, né? 

Enquanto isso os usuários das linhas 4 e 5 (LINHAS PRIVATIZADAS) do metrô seguem se locomovendo. Isso nos dá ideias!",134,177,2.025
Kim Kataguiri,@KimKataguiri,https://twitter.com/KimKataguiri/status/1638956008885342208,2023-03-23T17:28:57.000Z,"Lula e Bolsonaro, os dois a 80km/h. Quem cria mais crises no governo falando com jornalistas?",253,185,2.025
Kim Kataguiri,@KimKataguiri,https://twitter.com/KimKataguiri/status/1638955285501845513,2023-03-23T17:26:05.000Z,"A timeline dessa semana está digna de série da Netflix🕐Terça: Lula fala que queria f* Moro que já foi o juiz que o prendeu na Lava Jato. Pegou mal o tom vingativo.🕑Quarta: PF desarticula tentativa de assassinato a Moro. Governo Lula comemora, diz que não é vingativo e que…",270,565,5.270
Kim Kataguiri,@KimKataguiri,https://twitter.com/KimKataguiri/status/1638952571522916367,2023-03-23T17:15:17.000Z,"Petistas: Tá vendo, o Lulinha salvou a vida do Sergio Moro

Lula: Moro armou ataque do PCC contra a vida dele mesmo",82,165,1.447
Kim Kataguiri,@KimKataguiri,https://twitter.com/KimKataguiri/status/1638952103740600320,2023-03-23T17:13:26.000Z,Eu não tenho nem palavras pra descrever o absurdo que é essa fala do Lula. Insinuar que um Senador teria combinado com a PF uma simulação de assassinato contra a vida dele mesmo é GRAVÍSSIMO.,1.337,1.009,9.305
Kim Kataguiri,@KimKataguiri,https://twitter.com/KimKataguiri/status/1638922859236978726,2023-03-23T15:17:14.000Z,UÉ???,234,243,2.495
Kim Kataguiri,@KimKataguiri,https://twitter.com/KimKataguiri/status/1638922530244247552,2023-03-23T15:15:55.000Z,DERROTA do GOVERNO: os MINISTROS vão ter que se EXPLICAR!▶️ https://youtu.be/MLfM6B_crHA,6,18,176
Kim Kataguiri,@KimKataguiri,https://twitter.com/KimKataguiri/status/1638906398779092995,2023-03-23T14:11:49.000Z,Hahahahaha,29,27,713
Kim Kataguiri,@KimKataguiri,https://twitter.com/KimKataguiri/status/1638647503728914432,2023-03-22T21:03:04.000Z,O PCC queria M4T4R o MORO!▶️ https://youtu.be/c-o54hfqU2Q,48,36,361
Kim Kataguiri,@KimKataguiri,https://twitter.com/KimKataguiri/status/1638556795433041928,2023-03-22T15:02:37.000Z,Lula CANCELADO por GORDOFOB1A!▶️ https://youtu.be/-Qyw1wWcbh4,10,17,126
Kim Kataguiri,@KimKataguiri,https://twitter.com/KimKataguiri/status/1638551082166108161,2023-03-22T14:39:55.000Z,"DIÁLOGO CABULOSO: membro do PCC já reclamou do @SF_Moro e disse que preferia o PT.

Download do vídeo: http://t.me/kimkataguiri",224,564,2.704
Kim Kataguiri,@KimKataguiri,https://twitter.com/KimKataguiri/status/1638548515822395395,2023-03-22T14:29:43.000Z,"Parabéns à PF pela ação que desarticulou um plano do PCC para matar servidores incluindo o @SF_Moro. Como membro da Comissão de Segurança Pública esse ano, trabalharei para que o crime organizado seja combatido com DUREZA. Não vai ter DIÁLOGO CABULOSO nenhum com criminoso!",387,381,4.193
Kim Kataguiri,@KimKataguiri,https://twitter.com/KimKataguiri/status/1638278925741707275,2023-03-21T20:38:28.000Z,"Pelo menos ele mantém a liturgia do cargo, né? Sei...

Falar que queria f*der com um juiz que o condenou já é ruim. Mas pior ainda é f*der com o país inteiro voltando a ser Presidente!",648,501,3.674
Kim Kataguiri,@KimKataguiri,https://twitter.com/KimKataguiri/status/1638261213028143109,2023-03-21T19:28:05.000Z,"Na campanha era “ciência isso”, “livros aquilo”…

No governo, se os livros forem sobre economia, aí não tem ciência nem políticas baseada em fatos ou evidências. Vale tudo pra GASTAR sem freio!

Download do vídeo: http://t.me/kimkataguiri",47,170,1.197
Kim Kataguiri,@KimKataguiri,https://twitter.com/KimKataguiri/status/1638259388510007313,2023-03-21T19:20:50.000Z,"Lula na campanha era contra o SIGILO. Agora no GOVERNO o SIGILO virou regra! Vamos DERRUBAR esses SIGILOS um por um!

Download do vídeo: http://t.me/kimkataguiri",169,325,2.003
Kim Kataguiri,@KimKataguiri,https://twitter.com/KimKataguiri/status/1638194273764925440,2023-03-21T15:02:05.000Z,Lula se CALA e vira VENGONHA MUNDIAL!▶️ https://youtu.be/1-pfAC9EBQI,27,21,166
Kim Kataguiri,@KimKataguiri,https://twitter.com/KimKataguiri/status/1638188224110632960,2023-03-21T14:38:03.000Z,"Segundo a PM, em meio a uma desavença política, o lulista teria sacado uma arma de fogo e disparado no bolsonarista.

Só peço a Deus que nosso país se livre o mais rápido possível do petismo e do bolsonarismo. Chega de ódio!",230,187,2.196
Kim Kataguiri,@KimKataguiri,https://twitter.com/KimKataguiri/status/1638187173064130566,2023-03-21T14:33:52.000Z,"A esquerda na pandemia se dizia a favor da ciência. Mas quando a ciência é na economia aí dane-se a ciência, os livros e as experiências baseadas em fatos e evidências.",337,416,3.110
Kim Kataguiri,@KimKataguiri,https://twitter.com/KimKataguiri/status/1638168818534035457,2023-03-21T13:20:56.000Z,"A tese dos ""especialistas"" é que se concentrar a alta de preços nos combustíveis e na energia elétrica, a inflação não chega nos alimentos.

Ah sim porque a produção de alimentos é escoada pelo Brasil inteiro de charrete, né? Os mercados não usam energia, né? JÊNIOS!",64,129,1.372
Kim Kataguiri,@KimKataguiri,https://twitter.com/KimKataguiri/status/1637928718831321089,2023-03-20T21:26:52.000Z,Governo está PERDIDO e agora vai TENTAR COMPRAR uma BASE!▶️ https://youtu.be/BcxcMJB3cZE,56,49,309
Kim Kataguiri,@KimKataguiri,https://twitter.com/KimKataguiri/status/1637923479251984390,2023-03-20T21:06:03.000Z,INACREDITÁVEL!!!,251,161,1.225
Kim Kataguiri,@KimKataguiri,https://twitter.com/KimKataguiri/status/1637915322249256969,2023-03-20T20:33:38.000Z,"É bait, né?",198,66,1.364
Kim Kataguiri,@KimKataguiri,https://twitter.com/KimKataguiri/status/1637805270226149377,2023-03-20T13:16:20.000Z,"Sabe que isso poderia ser evitado? Se Bolsonaro não tivesse vetado a lei que limita decisões liminares monocráticas de Ministros do Supremo, mas como vocês preferiram passar pano…",507,337,2.816
Kim Kataguiri,@KimKataguiri,https://twitter.com/KimKataguiri/status/1637798266170482690,2023-03-20T12:48:30.000Z,"Um monte de investigado na Lava-Jato indo pro gabinete do Ministro do STF - que está para se aposentar - pedir anulação de ações. 

- Os condenados estão sendo soltos um a um;
- Lula, o maior réu, hoje é Presidente;
- Um admirador seu hoje é o juiz da https://veja.abril.com.br/coluna/radar/a-romaria-de-investigados-da-lava-jato-ao-gabinete-de-lewandowski/……",384,443,2.318
Kim Kataguiri,@KimKataguiri,https://twitter.com/KimKataguiri/status/1637198850111807490,2023-03-18T21:06:38.000Z,"O PT na campanha adorava apontar que Bolsonaro tinha entregue o governo ao centrão e que adotava o orçamento secreto para a compra de uma base parlamentar. Agora que voltaram ao governo fazem exatamente o mesmo. Distribuição de cargos e de emendas pouco transparentes. 

A…",361,427,2.932
Kim Kataguiri,@KimKataguiri,https://twitter.com/KimKataguiri/status/1636788884662104066,2023-03-17T17:57:34.000Z,"O @nikolas_dm tem que ser CASSADO pelo seu discurso? 

Download do vídeo: http://t.me/kimkataguiri",798,273,4.023
Kim Kataguiri,@KimKataguiri,https://twitter.com/KimKataguiri/status/1636752588262473729,2023-03-17T15:33:21.000Z,"Não será o Lula, que só se livrou da sua condenação por MANOBRA PROCESSUAL, que dará um basta na CORRUPÇÃO!

Download do vídeo: http://t.me/kimkataguiri",313,331,3.453
Kim Kataguiri,@KimKataguiri,https://twitter.com/KimKataguiri/status/1636383619269939200,2023-03-16T15:07:12.000Z,A FARRA VOLTOU: preparem seus BOLSOS!▶️ https://youtu.be/I5MRx3tZcvQ,53,39,293
Kim Kataguiri,@KimKataguiri,https://twitter.com/KimKataguiri/status/1636379990404255744,2023-03-16T14:52:46.000Z,"O maior problema não é o Flavio Dino encontrar lideranças comunitárias no Complexo da Maré em uma agenda amplamente divulgada pela imprensa.

O maior problema é ele continuar formulando políticas públicas de segurança ineficientes que foram a tônica dos governos do PT. É manter…",282,219,1.968
Kim Kataguiri,@KimKataguiri,https://twitter.com/KimKataguiri/status/1636355354207350785,2023-03-16T13:14:53.000Z,"Porque tanto medo da CPI do dia 8?

Download do vídeo: http://t.me/kimkataguiri",64,126,962
Kim Kataguiri,@KimKataguiri,https://twitter.com/KimKataguiri/status/1636129174040485889,2023-03-15T22:16:07.000Z,"VENCEMOS! Ontem eu, @rsallesmma e @tencelzucco unificamos nossos pedidos de CPI. Hoje conseguimos as 171 assinaturas necessárias! PRA CIMA DELES!",426,370,4.612
Kim Kataguiri,@KimKataguiri,https://twitter.com/KimKataguiri/status/1636123451042803715,2023-03-15T21:53:23.000Z,"STF quer se meter na regulação das redes.

Download do vídeo no telegram: http://t.me/kimkataguiri",35,47,361
Kim Kataguiri,@KimKataguiri,https://twitter.com/KimKataguiri/status/1636122636890636288,2023-03-15T21:50:08.000Z,"Um político notoriamente corrupto, com dezenas de condenações que somam centenas de anos de prisão. Agora que está solto, chora e chama a justiça de fascista. COMOVENTE. Só que não.

Download desse vídeo: http://t.me/kimkataguiri",94,169,1.533
Kim Kataguiri,@KimKataguiri,https://twitter.com/KimKataguiri/status/1636113528040964098,2023-03-15T21:13:57.000Z,DEBATE com PETISTA: a IMORALIDADE de Janja na TV Lula!▶️ https://youtu.be/raoOMMZ8pAs,15,16,143
Kim Kataguiri,@KimKataguiri,https://twitter.com/KimKataguiri/status/1636103898300657664,2023-03-15T20:35:41.000Z,"Hoje me despeço da Presidência da Comissão de Educação. Foi um ano de muito aprendizado e de muito trabalho.

Como legado, aprovamos projetos importantes como o de busca ativa para combater a evasão escolar e o reajuste da merenda escolar.

Fiscalizamos também os escândalos de…",106,92,1.936
Kim Kataguiri,@KimKataguiri,https://twitter.com/KimKataguiri/status/1636085163548352513,2023-03-15T19:21:14.000Z,Alô galerinha chata que acha obesidade lindo: o Lula falou o óbvio aqui. Vão chamá-lo de gordofóbico também? Ou vão parar de glamourizar uma doença?,292,396,3.828
Kim Kataguiri,@KimKataguiri,https://twitter.com/KimKataguiri/status/1636066952404672514,2023-03-15T18:08:52.000Z,"O @cauemoura não entendeu nada sobre como funciona o comunismo.

Download do vídeo no telegram: https://t.me/KimKataguiri",95,101,1.443
Kim Kataguiri,@KimKataguiri,https://twitter.com/KimKataguiri/status/1636066404314013696,2023-03-15T18:06:42.000Z,Nepotisme contra o fascisme.,43,114,1.538
Kim Kataguiri,@KimKataguiri,https://twitter.com/KimKataguiri/status/1636040918666027011,2023-03-15T16:25:25.000Z,"Em 2020 eu estava criticando o uso político da EBC por parte do Bolsonaro.

Hoje é a vez de Janja fazer propaganda pra Lula no canal estatal. 

Pau que dá em Chico, dá em Francisco. Os dois cometeram a mesma IMORALIDADE.  E sabe o que é pior? O povo que banca essa TV que ninguém…",22,67,805
Kim Kataguiri,@KimKataguiri,https://twitter.com/KimKataguiri/status/1636038994092802049,2023-03-15T16:17:46.000Z,"Todo POPULISTA, especialmente os de ESQUERDA, elege um inimigo externo pra culpar pelos seus próprios erros.

Esse aqui exagerou no “externo”.",43,67,792
Kim Kataguiri,@KimKataguiri,https://twitter.com/KimKataguiri/status/1636037928840318976,2023-03-15T16:13:33.000Z,"UNIFICAMOS as CPIs do MST!

Vamos investigar os financiadores dessa milícia terrorista que vem levando terror ao campo, bem como apurar os reais interesses por trás dessas invasões. Com CRIMINOSO não há diálogo, HÁ CADEIA!

Download do vídeo: http://t.me/kimkataguiri",96,115,958
Kim Kataguiri,@KimKataguiri,https://twitter.com/KimKataguiri/status/1635803730078515200,2023-03-15T00:42:55.000Z,"UNIFICAMOS OS PEDIDOS DE CPI DO MST!

Eu, juntamente com os deputados @tencelzucco e @rsallesmma, anunciamos hoje na Câmara a unificação dos pedidos de CPI do MST em busca da rápida instalação da comissão que vai investigar quem financia e quais os interesses políticos por trás…",775,460,5.587
Kim Kataguiri,@KimKataguiri,https://twitter.com/KimKataguiri/status/1635800297468469248,2023-03-15T00:29:17.000Z,URGENTE: CPI do MST está MUITO PERTO de ser PROTOCOLADA!▶️ https://youtu.be/6Wk8tsjKn10,86,63,763
Kim Kataguiri,@KimKataguiri,https://twitter.com/KimKataguiri/status/1635790782291492866,2023-03-14T23:51:28.000Z,Imaginem quando o @GuilhermeBoulos ver as coisas que os caras desse canal fazem. Vai ficar simplesmente maluco.,305,247,3.826
Kim Kataguiri,@KimKataguiri,https://twitter.com/KimKataguiri/status/1635776305923776515,2023-03-14T22:53:57.000Z,Bananinha passa VERGONHA na INTERNET!▶️ https://youtu.be/jz8w9Q3BTzg,23,13,154
Kim Kataguiri,@KimKataguiri,https://twitter.com/KimKataguiri/status/1635738902601367560,2023-03-14T20:25:19.000Z,"Faleceu ontem Kenzaburo Oe, vencedor do premio Nobel de literatura e grande romancista. É uma perda inestimável de um representante da cultura Nikkei no mundo. Que descanse em paz, suas obras não serão jamais esquecidas.",29,31,653
Kim Kataguiri,@KimKataguiri,https://twitter.com/KimKataguiri/status/1635667064823197698,2023-03-14T15:39:52.000Z,"A maior frente parlamentar da Câmara, a da agropecuária, está apoiando oficialmente a CPI do MST! Continue pedindo para os deputados do seu Estado assinarem! Vamos impor essa DERROTA ao PT!

Download do vídeo: http://t.me/kimkataguiri",243,220,1.557
Kim Kataguiri,@KimKataguiri,https://twitter.com/KimKataguiri/status/1635660655616196608,2023-03-14T15:14:24.000Z,"O presidente Lula quer Zanin (seu advogado pessoal, diga-se de passagem) no STF.

O vice defende uma mulher negra no STF.

Elenco tá rachado, hein?",113,54,568
Kim Kataguiri,@KimKataguiri,https://twitter.com/KimKataguiri/status/1635657384012967938,2023-03-14T15:01:24.000Z,CPI do MST: Lula pode SOFRER DERROTA HUMILHANTE!▶️ https://youtu.be/5ybDSSE4E1A,95,34,370
Kim Kataguiri,@KimKataguiri,https://twitter.com/KimKataguiri/status/1635389542353244160,2023-03-13T21:17:05.000Z,ESCÂNDALO: indicação de ZANIN é JOGADA de Lula pra CONTROLAR o STF!▶️https://youtu.be/IFC0qKBBekQ,564,166,896
Kim Kataguiri,@KimKataguiri,https://twitter.com/KimKataguiri/status/1635305981830733824,2023-03-13T15:45:03.000Z,"Minha CPI do MST já tem 48 assinaturas! Ainda faltam 123! Preciso da ajuda de vocês! Peça para os deputados do seu Estado assinarem!

Já passou da hora de frearmos essa milícia terrorista que vem levando o terror ao campo invadindo terras produtivas. https://chat.whatsapp.com/Erxw2lqlFRfF2S1iy7Rfd5……",349,249,1.877
Kim Kataguiri,@KimKataguiri,https://twitter.com/KimKataguiri/status/1635292785992683523,2023-03-13T14:52:37.000Z,"PSOLISTA foi defender o MST e eu RESPONDI!

Download do vídeo: http://t.me/kimkataguiri",84,89,863
Kim Kataguiri,@KimKataguiri,https://twitter.com/KimKataguiri/status/1635284432293875713,2023-03-13T14:19:25.000Z,".@GuilhermeBoulos falando da grande inovação do MTST, a cisterna. Isso, aquela caixa d'água que pega água da chuva e que existe desde a Mesopotâmia.",1.168,952,7.253
Kim Kataguiri,@KimKataguiri,https://twitter.com/KimKataguiri/status/1635280938518323202,2023-03-13T14:05:32.000Z,"PRA CIMA DELES. Boa semana a todos! 

Download do vídeo: http://t.me/kimkataguiri",105,80,817
Kim Kataguiri,@KimKataguiri,https://twitter.com/KimKataguiri/status/1634902061140647937,2023-03-12T13:00:01.000Z,"Em 2009 Lula indicou Toffoli para o STF. Ele tinha sido advogado do PT nas campanhas de 98, 2002 e 2006.

Agora Lula quer indicar Zanin (SEU ADVOGADO PESSOAL) para a Suprema Corte.

O Senado vai deixar mais esse ESCÁRNIO acontecer?",717,362,2.821
Kim Kataguiri,@KimKataguiri,https://twitter.com/KimKataguiri/status/1634676498165579777,2023-03-11T22:03:42.000Z,"VITÓRIA PARA AS NOSSAS CRIANÇAS! Aprovamos ano passado na Comissão de Educação o REAJUSTE DA MERENDA ESCOLAR. Aprovamos na Comissão Mista de Orçamento e derrubamos o veto de Bolsonaro. Sinceramente não me importa que Lula, agora queira aparecer e tentar http://t.me/kimkataguiri…",305,193,1.468
Kim Kataguiri,@KimKataguiri,https://twitter.com/KimKataguiri/status/1634633117947363328,2023-03-11T19:11:19.000Z,🔥🎡,65,50,769
Kim Kataguiri,@KimKataguiri,https://twitter.com/KimKataguiri/status/1634612187917438976,2023-03-11T17:48:09.000Z,"Passa pano aí pro Aras, gado. É o xadrez 4D do mito ainda?",133,117,1.419
Kim Kataguiri,@KimKataguiri,https://twitter.com/KimKataguiri/status/1634373106222395392,2023-03-11T01:58:08.000Z,"É isso, @heliobeltrao! No que depender de mim, vamos investigar tudo!",41,76,1.022
Kim Kataguiri,@KimKataguiri,https://twitter.com/KimKataguiri/status/1634298330174877697,2023-03-10T21:01:00.000Z,CPI do MST: DEBATE com PSOLISTA!▶️ https://youtu.be/AaPnMy-XvZk,21,20,261
Kim Kataguiri,@KimKataguiri,https://twitter.com/KimKataguiri/status/1634285594904875016,2023-03-10T20:10:24.000Z,"A NOSSA LUTA VALEU A PENA!

Ano passado, como Presidente da Comissão de Educação, lutei para que aprovássemos o REAJUSTE da MERENDA ESCOLAR que estava há 7 sem reajuste (eram R$0,39 por aluno).

Aprovamos ano passado, Bolsonaro vetou e conseguimos derrubar o veto. Agora Lula…",691,538,6.454
Kim Kataguiri,@KimKataguiri,https://twitter.com/KimKataguiri/status/1634265256104022037,2023-03-10T18:49:34.000Z,O @cauemoura destilou todo o seu EXTREMISMO e discurso de ÓDIO! Fiz uma denúncia ao Grupo de Trabalho comandado pelo @felipeneto e @ManuelaDavila. Será que vão tomar alguma atitude ou esse grupo foi criado apenas para PERSEGUIR os OPOSITORES do http://t.me/kimkataguiri…,596,548,4.992
Kim Kataguiri,@KimKataguiri,https://twitter.com/KimKataguiri/status/1634252142885363714,2023-03-10T17:57:28.000Z,"E aí, @felipeneto e @ManuelaDavila, o @cauemoura pode ser EXTREMISTA e fazer discurso de ÓDIO? O grupo de trabalho de vocês só serve pra vigiar e punir críticos e opositores do Lula?",78,152,1.995
Kim Kataguiri,@KimKataguiri,https://twitter.com/KimKataguiri/status/1634218924152856576,2023-03-10T15:45:28.000Z,"Picanha e cervejinha pro povo não sei se vai rolar, mas pras esposas dos Ministros do Lula...",175,236,1.876
Kim Kataguiri,@KimKataguiri,https://twitter.com/KimKataguiri/status/1634214638253400066,2023-03-10T15:28:26.000Z,"Xi Jinping foi reeleito pelo Partido Comunista Chinês a Presidente da China. O placar foi 2952 x 0.

E na boa, os chineses não podem reclamar do Governo dele. Não é nem que ele seja um grande líder, amante da democracia e dos direitos humanos...É QUE NÃO PODEM RECLAMAR MESMO.",500,478,5.036
Kim Kataguiri,@KimKataguiri,https://twitter.com/KimKataguiri/status/1634208039673667584,2023-03-10T15:02:13.000Z,Vamos criar a CPI do MST!▶️ https://youtu.be/Z5FrJg6HbuA,47,29,408
Kim Kataguiri,@KimKataguiri,https://twitter.com/KimKataguiri/status/1633970905717039108,2023-03-09T23:19:56.000Z,"Quem diria que Lula prometeu PICANHA e CERVEJA só pra VENCER as ELEIÇÕES, né?

Download do vídeo: http://t.me/kimkataguiri",82,129,928
Kim Kataguiri,@KimKataguiri,https://twitter.com/KimKataguiri/status/1633943939790127104,2023-03-09T21:32:47.000Z,TRETA no PT: Gleisi e Haddad entram em GU3RRA!▶️ https://youtu.be/FGeBAxSyo-s,37,12,170
Kim Kataguiri,@KimKataguiri,https://twitter.com/KimKataguiri/status/1633943105769545732,2023-03-09T21:29:28.000Z,DENUNCIEI o CAUÊ MOURA por EXTREMISMO e ÓDIO!▶️ https://youtu.be/8DFh73CnpCw,108,40,821
Kim Kataguiri,@KimKataguiri,https://twitter.com/KimKataguiri/status/1633924692686909441,2023-03-09T20:16:18.000Z,Já passou da hora de frearmos as ações criminosas dessas milícias terroristas como o MST e apurar as responsabilidades pelas invasões. Precisamos investigar também se todas as autoridades agiram de acordo com a lei ou foram cúmplices!,157,175,2.179
Kim Kataguiri,@KimKataguiri,https://twitter.com/KimKataguiri/status/1633841198552203271,2023-03-09T14:44:31.000Z,"Já que o Lula roubou, o Bolsonaro também pode. É isso?",152,167,2.085
Kim Kataguiri,@KimKataguiri,https://twitter.com/KimKataguiri/status/1633602011038883846,2023-03-08T22:54:04.000Z,"Entrei com ação contra JANJA na TV LULA!

Download do vídeo: http://t.me/kimkataguiri",330,208,1.608
Kim Kataguiri,@KimKataguiri,https://twitter.com/KimKataguiri/status/1633586899901136896,2023-03-08T21:54:02.000Z,Entrei com AÇÃO contra JANJA na TV LULA!▶️ https://youtu.be/pBn_DHOs33I,51,43,365
Kim Kataguiri,@KimKataguiri,https://twitter.com/KimKataguiri/status/1633525154234900480,2023-03-08T17:48:40.000Z,"hahaha, vocês conhecem o @fausttinorn ?

Feliz dia internacional das mulheres @Amandavettorazz !",94,92,1.689
Kim Kataguiri,@KimKataguiri,https://twitter.com/KimKataguiri/status/1633490560420925440,2023-03-08T15:31:13.000Z,Até a ESQUERDA GLOBAL tá p... com o LULA!▶️ https://youtu.be/aDQQnHAjP6Y,34,22,184
Kim Kataguiri,@KimKataguiri,https://twitter.com/KimKataguiri/status/1633469127653224450,2023-03-08T14:06:03.000Z,Coaches afirmaram que os Senadores precisam mudar seus mindsets.,30,21,314
Kim Kataguiri,@KimKataguiri,https://twitter.com/KimKataguiri/status/1633465628450234368,2023-03-08T13:52:08.000Z,"Lula: criou a TV Brasil;
Bolsonaro: chamou-a de TV Lula, prometeu fechá-la, não fechou e a usou pra fazer propaganda do governo igual Lula;
Janja Lula: estreou como apresentadora;

VOCÊ: banca essa emissora estatal que ninguém assiste.",174,175,1.732
Kim Kataguiri,@KimKataguiri,https://twitter.com/KimKataguiri/status/1633213787061866497,2023-03-07T21:11:25.000Z,Lula está DESESPERADO com CPI dos atos GOLPISTAS!▶️ https://youtu.be/XU-rVcNlPII,78,31,329
Kim Kataguiri,@KimKataguiri,https://twitter.com/KimKataguiri/status/1633212890885881857,2023-03-07T21:07:51.000Z,"Lula está DESESPERADO com a possibilidade de CPI dos atos golpistas do dia 8!

Download do vídeo: http://t.me/kimkataguiri",353,240,1.842
Kim Kataguiri,@KimKataguiri,https://twitter.com/KimKataguiri/status/1633125930934710272,2023-03-07T15:22:18.000Z,O @astro_pontes é um CANIBAL? O @marcelvanhattem CONGELOU? - Rolê na Dinamarca (PARTE FINAL)▶️ https://youtu.be/Ix4H2kvRUIA,9,10,104
Kim Kataguiri,@KimKataguiri,https://twitter.com/KimKataguiri/status/1633111982571175945,2023-03-07T14:26:53.000Z,"Oi, @LulaOficial, viu isso aqui?",429,605,5.783
Kim Kataguiri,@KimKataguiri,https://twitter.com/KimKataguiri/status/1633086031862943745,2023-03-07T12:43:45.000Z,"Bateu o desespero, Lula? Qual o medo? Por que não investigar os atos golpistas do dia 8 de janeiro? Houve omissão do seu governo? Por que colocar as imagens em sigilo?",437,417,3.317
Kim Kataguiri,@KimKataguiri,https://twitter.com/KimKataguiri/status/1632852298043912194,2023-03-06T21:14:59.000Z,TÁ PROVADO: AGU me disse que LULA PODE MENTIR!▶️ https://youtu.be/I62ISthSctI,65,57,397
Kim Kataguiri,@KimKataguiri,https://twitter.com/KimKataguiri/status/1632823479782211587,2023-03-06T19:20:28.000Z,Mujica já é fascista na Austrália.,79,140,1.865
Kim Kataguiri,@KimKataguiri,https://twitter.com/KimKataguiri/status/1632822412847853568,2023-03-06T19:16:14.000Z,"Cuba é DITADURA!
Venezuela é DITADURA!
Nicarágua é DITADURA!

No PT basta alguém falar a verdade pra causar mal-estar.",256,161,1.827
Kim Kataguiri,@KimKataguiri,https://twitter.com/KimKataguiri/status/1632773866706567171,2023-03-06T16:03:19.000Z,"04/10/22 - TSE manda remover da internet posts que associam Lula a Daniel Ortega, ditador da Nicarágua.

03/03/23 - Governo Lula não assina na ONU uma declaração conjunta de 55 países que denuncia os crimes de Ortega.

Agora já pode associar?",564,814,5.731
Kim Kataguiri,@KimKataguiri,https://twitter.com/KimKataguiri/status/1631711426720014358,2023-03-03T17:41:34.000Z,"Estado forte = máquina pública mais cara
Indutor da economia = subsídios pagos por você
Empresas poderosas = amigos do rei, campeões nacionais como Oi, JBS Friboi, Odebrecht etc

Se o privado não funciona, seus concorrentes o quebram. Se o público não funciona, mais caro custará.",457,273,2.279
Kim Kataguiri,@KimKataguiri,https://twitter.com/KimKataguiri/status/1631402185429794818,2023-03-02T21:12:45.000Z,FIM DA LINHA: o TRISTE FIM de Kim Kataguiri!▶️ https://youtu.be/WAvO11lhq5Q,11,6,114
Kim Kataguiri,@KimKataguiri,https://twitter.com/KimKataguiri/status/1631336991487926280,2023-03-02T16:53:42.000Z,"Olha aí @RenanSantosMBL, não precisa fazer implante.",22,11,334
Kim Kataguiri,@KimKataguiri,https://twitter.com/KimKataguiri/status/1631331550124965888,2023-03-02T16:32:04.000Z,"A Casa Civil é a pasta mais política de todas. A ABIN, órgão de inteligência de Estado, não pode ficar subordinada a interesses políticos. Precisa ser mais institucional. O GSI, onde hoje fica a ABIN, sempre foi um órgão técnico e institucional.",275,149,1.795
Kim Kataguiri,@KimKataguiri,https://twitter.com/KimKataguiri/status/1631038969348497408,2023-03-01T21:09:28.000Z,Serei candidato a prefeito de SP?▶️ https://youtu.be/BdgHI5Wjhbk,84,10,204
Kim Kataguiri,@KimKataguiri,https://twitter.com/KimKataguiri/status/1630931665093533697,2023-03-01T14:03:04.000Z,"Toda a minha solidariedade ao @renato_battista . A culpa da fome não é dele, como Lula fez parecer.",86,40,956
Kim Kataguiri,@KimKataguiri,https://twitter.com/KimKataguiri/status/1630916303174217731,2023-03-01T13:02:02.000Z,"O vereador de Caxias do Sul Sandro Fantinel deve ter quebrado na noite de ontem o recorde de mais bosta falada em tão pouco tempo. 

Cerca de 200 trabalhadores baianos foram resgatados de uma vinícola no Rio Grande do Sul em condições análogas à escravidão.",215,196,1.859
