nome,usuario,idTweet,dataPublicacao,texto,replies,retweets,likes
Leo Prates,@leopratesba,https://twitter.com/leopratesba/status/1637066184058191875,2023-03-18T12:19:28.000Z,"Recentemente operações tem trazido à luz, uma realidade que por tempos o Brasil ignorou. O trabalho escravo em pleno 2023 é inadimssível! Peço pressa ao Congresso na apreciação do PL 282/23, da minha autoria, que veda benefícios fiscais para empresas condenadas por esta prática.",1,0,6
Leo Prates,@leopratesba,https://twitter.com/leopratesba/status/1636006588711403521,2023-03-15T14:09:00.000Z,"Vocês viram o tanto que o chikungunya cresceu? Neste início de ano, os casos de chikungunya cresceram 110% no Brasil. A Bahia também teve alta. E aí eu chamo a atenção para um dado: desde 2019 as diretrizes de enfrentamento às arboviroses não são atualizadas pela Saúde nacional.",1,1,2
Leo Prates,@leopratesba,https://twitter.com/leopratesba/status/1635308606215294976,2023-03-13T15:55:28.000Z,"Hoje recebi com enorme pesar a notícia de falecimento do amigo Antoniel Ribeiro Santos, o Niel, que atuou como assessor do ex-prefeito de Inhambupe, Leônidas. Niel foi um parceiro na minha trajetória. Lamento esta perda. Meus sinceros sentimentos à família e amigos.",0,0,2
Leo Prates,@leopratesba,https://twitter.com/leopratesba/status/1631327293053206528,2023-03-02T16:15:09.000Z,"A partir deste mês começa a valer a nova lei da laqueadura, que traz importantes avanços para as mulheres. Olha esse antes e depois:",2,8,19
