nome,usuario,idTweet,dataPublicacao,texto,replies,retweets,likes
Leur Lomanto Jr,@LeurLomantoJr,https://twitter.com/LeurLomantoJr/status/1640325709544431617,2023-03-27T12:11:39.000Z,O Brasil perdeu ontem um dos grandes nomes do humor e das sátiras aos fatos do nosso país. O cantor e humorista Juca Chaves foi um carioca que virou baiano e que a exemplo do seu amigo Vinícius de Moraes se eternizou em Itapuã. Descanse em paz.🙏🏼,0,0,1
Leur Lomanto Jr,@LeurLomantoJr,https://twitter.com/LeurLomantoJr/status/1631739114021085189,2023-03-03T19:31:35.000Z,"Lamentáveis as invasões de terra no sul da Bahia. As invasões as terras produtivas são inaceitáveis, pois causam insegurança jurídica, elevam a tensão política, geram prejuízos econômicos e violência.",0,0,1
Leur Lomanto Jr,@LeurLomantoJr,https://twitter.com/LeurLomantoJr/status/1631417796377694208,2023-03-02T22:14:47.000Z,"Depois do esforço que nós, deputados fizemos para desonerar os combustíveis, o Governo federal lamentavelmente decidiu voltar com a tributação. Infelizmente essa é uma medida que impacta negativamente no bolso do consumidor. Esperamos soluções!",0,0,1
Leur Lomanto Jr,@LeurLomantoJr,https://twitter.com/LeurLomantoJr/status/1631018053419823105,2023-03-01T19:46:21.000Z,"Lamentável o pronunciamento do vereador de Caxias do Sul, Sandro Fantinel contra os baianos. Foi uma manifestação inaceitável. Somos um povo vocacionado ao trabalho e à alegria, um povo que sabe ir à luta e enfrentar com criatividade os tempos difíceis.   Xenofobia é crime.",2,1,1
