nome,usuario,idTweet,dataPublicacao,texto,replies,retweets,likes
Lucas Ramos,@LucasRamosPE,https://twitter.com/LucasRamosPE/status/1636880560248217600,2023-03-18T00:01:51.000Z,"O projeto de lei votado e aprovado no Plenário da Câmara dos Vereadores feriu de morte a autonomia da FACAPE, sem que fosse oportunizada uma discussão profunda. Acompanhado ainda de um corte desumano nos salários dos profissionais da instituição.",2,0,1
Lucas Ramos,@LucasRamosPE,https://twitter.com/LucasRamosPE/status/1632797687727661059,2023-03-06T17:37:59.000Z,"Três ataques de tubarão em 15 dias, sendo dois nas últimas 24h, no litoral do Grande Recife. É urgente a revisão dos protocolos e controle de acesso de banhistas às praias de Olinda, Recife e Jaboatão.",1,0,1
Lucas Ramos,@LucasRamosPE,https://twitter.com/LucasRamosPE/status/1631051575799037952,2023-03-01T21:59:33.000Z,Desrespeita o povo e desonra o cargo que ocupa. Merece severa punição.,0,1,2
Lucas Ramos,@LucasRamosPE,https://twitter.com/LucasRamosPE/status/1631051529212903426,2023-03-01T21:59:22.000Z,"Xenofobia é crime! O vereador de Caxias do Sul (RS) que ofendeu os nordestinos tenta criminalizar as vítimas, mas só reforça o preconceito e a desumanidade que este caso revoltante escancarou para o país. E ainda usou a tribuna da Câmara para vociferar o discurso de ódio.",0,1,2
Lucas Ramos,@LucasRamosPE,https://twitter.com/LucasRamosPE/status/1630936150352314370,2023-03-01T14:20:54.000Z,"Xenofobia é crime! O vereador de Caxias do Sul (RS) que ofendeu os nordestinos tenta criminalizar as vítimas, mas só reforça o preconceito e a desumanidade que este caso revoltante escancarou para o país. (+)",1,0,2
