nome,usuario,idTweet,dataPublicacao,texto,replies,retweets,likes
Marcos Pereira,@marcospereira04,https://twitter.com/marcospereira04/status/1640332680263876609,2023-03-27T12:39:21.000Z,"Dentro do tema Liberdade de Expressão, no Manifesto Político do Republicanos, defendemos a presunção de inocência no tratamento das informações investigativas. Ninguém deve ser considerado culpado antes da sentença penal condenatória. Assistam ao vídeo:",51,11,31
Marcos Pereira,@marcospereira04,https://twitter.com/marcospereira04/status/1637796768216674304,2023-03-20T12:42:32.000Z,"Começamos hoje a tratar do tema Liberdade de Expressão, tópico que compõe o Manifesto Político do Republicanos. Defendemos uma imprensa livre e responsável e somos contra a regulação da mídia. Vejam os detalhes no vídeo:",35,15,48
Marcos Pereira,@marcospereira04,https://twitter.com/marcospereira04/status/1635603919706398721,2023-03-14T11:28:57.000Z,NOTA DE PESAR,13,9,52
Marcos Pereira,@marcospereira04,https://twitter.com/marcospereira04/status/1635258632525983745,2023-03-13T12:36:54.000Z,"Estamos começando mais uma semana e quero sugerir que conheçam todo o Manifesto Político do Republicanos. Ao longo dos meus últimos vídeos já abordei 9 temas e, em breve, vou tratar de Liberdade de Expressão. Bom dia a todos!",28,24,160
Marcos Pereira,@marcospereira04,https://twitter.com/marcospereira04/status/1632721972764311552,2023-03-06T12:37:07.000Z,"Iremos celebrar o Dia Internacional da Mulher. No Republicanos, mulher não é uma cota, mas sim uma necessidade. Vocês poderão contar com o meu apoio na luta por mais mulheres na política e por mais valorização. Vejam a minha mensagem semanal no vídeo.",16,9,40
