nome,usuario,idTweet,dataPublicacao,texto,replies,retweets,likes
Marcel van Hattem,@marcelvanhattem,https://twitter.com/marcelvanhattem/status/1641410993992392704,2023-03-30T12:04:11.000Z,"Já passou da hora do impeachment do Lula. Os crimes de responsabilidade se sucedem diariamente. Com autoria de @lpbragancabr, nosso pedido conta com a assinatura de mais de 30 parlamentares. É hora do povo voltar às ruas e do impeachment do Lula!",3.902,6.296,"32,2 mil"
Marcel van Hattem,@marcelvanhattem,https://twitter.com/marcelvanhattem/status/1641401477414506498,2023-03-30T11:26:22.000Z,Também já assinei!,211,1.271,8.113
Marcel van Hattem,@marcelvanhattem,https://twitter.com/marcelvanhattem/status/1641159901090070535,2023-03-29T19:26:26.000Z,Anunciada comissão parlamentar mista de combate ao crime organizado. Estamos juntos por um Brasil de paz!,806,3.760,"23,9 mil"
Marcel van Hattem,@marcelvanhattem,https://twitter.com/marcelvanhattem/status/1640821707836383236,2023-03-28T21:02:34.000Z,Flávio Dino espalha fake news e ameaça parlamentares. Lula afirma que possível atentando contra Sérgio Moro não passou de armação. Onde está o STF?,1.094,4.976,"21,5 mil"
Marcel van Hattem,@marcelvanhattem,https://twitter.com/marcelvanhattem/status/1640343891588136963,2023-03-27T13:23:54.000Z,"O Senado não precisa mais de senadores. É o que fica claro quando seu presidente, Pacheco, pede a Lewandowski e ""especialistas"" para redigirem uma nova Lei de Impeachment. Mais um ataque à democracia: legisladores eleitos pelo povo servem, então, pra quê?",1.857,5.978,"23,6 mil"
Marcel van Hattem,@marcelvanhattem,https://twitter.com/marcelvanhattem/status/1639389223747715072,2023-03-24T22:10:23.000Z,"Já passaram mais de 24h desde a estapafúrdia fala de Lula atacando judiciário e PF sugerindo ""armação do @SF_Moro "" a frustração de um plano de matá-lo e não vi manifestação NENHUMA de Alexandre de Moraes ou outro ""Supremo"" a respeito. Ou alguém aí viu e eu que estou enganado?",1.970,5.105,27 mil
Marcel van Hattem,@marcelvanhattem,https://twitter.com/marcelvanhattem/status/1639378397322264579,2023-03-24T21:27:22.000Z,"Representamos contra @LulaOficial na PGR por crime de prevaricação - se ele sabia que a ação contra Moro foi armação, por que não informou as autoridades em vez de fazer bravata aos quatro ventos? Que o PGR agora avalie e tome providências!",1.248,3.896,"20,7 mil"
Marcel van Hattem,@marcelvanhattem,https://twitter.com/marcelvanhattem/status/1639322910572826625,2023-03-24T17:46:53.000Z,"A situação é simples: Lula prevaricou. Se realmente entende que foi armação de Moro e das autoridades, depois de termos visto tudo o que aconteceu nesta semana, ele deveria ter informado às autoridades competentes antes de levar as informações a público.",246,1.022,7.442
Marcel van Hattem,@marcelvanhattem,https://twitter.com/marcelvanhattem/status/1639097790759333891,2023-03-24T02:52:20.000Z,"Alguém viu declaração recente do ministro @alexandre de Moraes sobre os ataques de Lula às instituições e ao trabalho da PF no caso PCC/Moro? Aliás, os ministros do STF ainda têm conta no Twitter? Não dão mais entrevista sobre a Presidência da República?",2.082,7.201,"31,7 mil"
Marcel van Hattem,@marcelvanhattem,https://twitter.com/marcelvanhattem/status/1639095848784019456,2023-03-24T02:44:37.000Z,Hahahahahahahahahaha,331,599,5.647
Marcel van Hattem,@marcelvanhattem,https://twitter.com/marcelvanhattem/status/1639088396323676161,2023-03-24T02:15:01.000Z,"A pergunta correta é: o que aconteceu com quase toda imprensa que fez de conta durante os últimos quatro anos que Lula não é quem ele realmente é? Estão surpresos agora, depois de terem feito o L? Foram cúmplices de um desastre anunciado...",448,1.831,"10,9 mil"
Marcel van Hattem,@marcelvanhattem,https://twitter.com/marcelvanhattem/status/1638962612422737920,2023-03-23T17:55:11.000Z,"Armação é você, @LulaOficial, que deveria estar cumprindo pena na cadeia em vez de ficar caçoando da vida de quem combateu o crime quando juiz e hoje é perseguido por criminosos de todo tipo!",953,2.686,"16,8 mil"
Marcel van Hattem,@marcelvanhattem,https://twitter.com/marcelvanhattem/status/1638655144974843910,2023-03-22T21:33:25.000Z,"É muito grave o que estamos presenciando no Brasil: num dia um Lula rancoroso afirmando que deseja vingança contra Moro para ""ficar tudo bem""; no outro, a revelação de um plano do PCC para matar o ex-juiz. Chega a ser surreal a coincidência.",868,2.825,"18,1 mil"
Marcel van Hattem,@marcelvanhattem,https://twitter.com/marcelvanhattem/status/1638305287990915073,2023-03-21T22:23:13.000Z,"Lula quer sobretudo se vingar, nada de paz e amor. Tratei disso há pouco mais de um mês na minha coluna semanal da @gazetadopovo e hoje veio a cabal confirmação em entrevista. O sistema está ajudando. Só com oposição forte e povo na rua para detê-lo.",1.234,3.475,"17,5 mil"
Marcel van Hattem,@marcelvanhattem,https://twitter.com/marcelvanhattem/status/1636882949701267457,2023-03-18T00:11:21.000Z,ATENÇÃO TOTAL! Já temos 122 assinaturas para protocolarmos a CPI DO ABUSO DE AUTORIDADE DO STF E DO TSE! Não podemos correr o risco de ficar na lista de espera das CPIs. Conto com o seu apoio. Peça ao seu deputado para assinar pelo Infoleg com o código CD238240934700. #CPIJá,451,3.242,"12,3 mil"
Marcel van Hattem,@marcelvanhattem,https://twitter.com/marcelvanhattem/status/1636861457240293379,2023-03-17T22:45:57.000Z,"This is how DRAMATIC the situation in Brazil is now: a comedian is being sent to jail by Justice Moraes of the Supreme Court for allegedely ""attacking"" democracy. Ironically, it means precisely the opposite: we do not live in a democracy anymore.",460,3.482,"12,3 mil"
Marcel van Hattem,@marcelvanhattem,https://twitter.com/marcelvanhattem/status/1636786318561918982,2023-03-17T17:47:23.000Z,URGENTE! Preciso da sua ajuda para conseguir as assinaturas necessárias para protocolarmos novamente a CPI DO ABUSO DE AUTORIDADE DO STF E DO TSE! Peça ao seu deputado que assine o requerimento de forma online pelo aplicativo Infoleg com o código de apoiamento CD238240934700,712,6.685,"20,3 mil"
Marcel van Hattem,@marcelvanhattem,https://twitter.com/marcelvanhattem/status/1636728254416445443,2023-03-17T13:56:39.000Z,"Denúncia gravíssima! Ministro @alexandre mandou prender Anderson Torres e comandante da PM/DF em decisão de 9 laudas redigida e publicada, teoricamente, em menos de 40min. E mais: o diretor-geral da PF que pediu a prisão foi indicado para o cargo por @FlavioDino. Inadmissível!",1.810,8.309,30 mil
Marcel van Hattem,@marcelvanhattem,https://twitter.com/marcelvanhattem/status/1635789704489496576,2023-03-14T23:47:11.000Z,"Invasão do MST é caso de polícia! Apresentei requerimento de urgência para que seja analisado projeto que dá plenas condições para que a polícia possa retirar os invasores das propriedades, bastando apenas a apresentação da escritura pública que comprove a propriedade do imóvel.",397,2.031,"11,3 mil"
Marcel van Hattem,@marcelvanhattem,https://twitter.com/marcelvanhattem/status/1632432002291957763,2023-03-05T17:24:53.000Z,"Enquanto deficiente com laudo médico e auxílio-doença foi preso pelo Alexandre de Moraes (como vi com meus próprios olhos na Papuda) e é chamado de terrorista pelo PT e a imprensa, o MST invade e governo diz que deve ""negociar"". País da injustiça e da inversão de valores!",562,2.405,"11,9 mil"
Marcel van Hattem,@marcelvanhattem,https://twitter.com/marcelvanhattem/status/1631046456034426881,2023-03-01T21:39:13.000Z,"Nos dois primeiros dias de missão oficial aqui na Dinamarca, tivemos importantes reuniões com representantes do Ministério da Indústria e Comércio e também no Parlamento dinamarquês, na Comissão de Indústria e Comércio.",128,239,3.262
