nome,usuario,idTweet,dataPublicacao,texto,replies,retweets,likes
Maria do Rosário,@mariadorosario,https://twitter.com/mariadorosario/status/1641576812265259008,2023-03-30T23:03:05.000Z,Fake news é crime e mata! Não repasse informação sem checar a veracidade e denuncie quando ver alguém compartilhar notícia sabidamente falsa. Ajude a construir um ambiente saudável para todos na internet.,59,57,220
Maria do Rosário,@mariadorosario,https://twitter.com/mariadorosario/status/1641521160801210373,2023-03-30T19:21:57.000Z,"Apresentado o novo arcabouço fiscal, parabenizo todo o governo e o ministro @Haddad_Fernando pelo trabalho. Reconstruir o Brasil exige mais do que discursos, é necessário vontade política e viabilidade econômica, e é nisso que o governo está focado. (+)",44,86,479
Maria do Rosário,@mariadorosario,https://twitter.com/mariadorosario/status/1641512579754254363,2023-03-30T18:47:51.000Z,"O #tbt de hoje é de alguns anos atrás, quando ainda iniciava minha vida política na Câmara Federal. Hoje, como parte integrante da Mesa Diretora da Câmara dos Deputados e Deputadas, posso dizer do orgulho imenso em contribuir com o Brasil ao longo deste anos. Viva a democracia!",17,25,153
Maria do Rosário,@mariadorosario,https://twitter.com/mariadorosario/status/1641487513616363529,2023-03-30T17:08:15.000Z,"Deputada @caroldartora13 ñ precisa “tomar remedinho”.
Deputado q disse isso pra ela é q precisa “tomar vergonha”.https://instagram.com/reel/Cqats-egaNR/?igshid=YmMyMTA2M2Y=…Minha solidariedade à @caroldartora13Essa semana, a @camaradeputados lançou campanha p/enfrentar a violência política. Ñ da pra aceitar.",1,16,84
Maria do Rosário,@mariadorosario,https://twitter.com/mariadorosario/status/1641458006507364352,2023-03-30T15:11:00.000Z,Lula é esperança. A diferença é gritante e mostra que o povo brasileiro quer e apoia a mudança que já está em curso. Bolsonaro Flopou!,3.093,649,3.439
Maria do Rosário,@mariadorosario,https://twitter.com/mariadorosario/status/1641436885888421890,2023-03-30T13:47:04.000Z,"Excelente decisão do governo @LulaOficial de zerar impostos sobre painéis solares até 2026! Vamos incentivar as energias renováveis e criar novos negócios no setor, gerando empregos e impulsionando a economia de forma sustentável. Um outro Brasil está nascendo. 💚",1.145,733,3.468
Maria do Rosário,@mariadorosario,https://twitter.com/mariadorosario/status/1641404739337306116,2023-03-30T11:39:20.000Z,Bolsonaro desembarcou no Brasil. Espero que ele tenha entendido a mensagem clara que a presidenta @gleisi transmitiu. Que preste contas pelos crimes que cometeu. O que não pode voltará é o período trágico e obscuro em que ele devastou nosso país.,520,374,1.651
Maria do Rosário,@mariadorosario,https://twitter.com/mariadorosario/status/1641246909351297025,2023-03-30T01:12:10.000Z,"O momento em que a palavra Cultura volta à Esplanada dos Ministérios. 

Muita emoção, vida, esperança.
 @MagaAfroPop , temos muito pra fazer, mas o Brasil já está mudando pra melhor!
Viva a cultura!!! @marciotsantos @JanjaLula @LulaOficial #Cultura",0,14,83
Maria do Rosário,@mariadorosario,https://twitter.com/mariadorosario/status/1641232003306516481,2023-03-30T00:12:56.000Z,"A Cultura voltou e, espera-se, para nunca mais sair! Um símbolo do compromisso do governo com a valorização da arte e da diversidade cultural no Brasil. Vamos trabalhar juntos para fortalecer ainda mais a cultura nacional e as trabalhadoras e trabalhadores do setor! #minCvoltou",166,186,1.122
Maria do Rosário,@mariadorosario,https://twitter.com/mariadorosario/status/1641220191223775232,2023-03-29T23:26:00.000Z,"Mil vezes possamos denunciar a corrupção de Moro por condenar Lula, o façamos. O Brasil deve lembrar sempre quem cometeu injustiças, ajudou a eleger Bolsonaro e causou caos no país. Parabéns ao Senador @ContaratoSenado pela firmeza e coragem.",406,485,2.278
Maria do Rosário,@mariadorosario,https://twitter.com/mariadorosario/status/1641183366371479553,2023-03-29T20:59:40.000Z,"Hj me reuni com o novo Presidente dos @correiosBR  Fabiano Silva e apresentei a ideia de lançar numa parceria da Câmara com os Correios, selos comemorativos em homenagem aos 35 anos da Constituição, valorizando a história da democracia brasileira. (+)",17,28,246
Maria do Rosário,@mariadorosario,https://twitter.com/mariadorosario/status/1641165786193461248,2023-03-29T19:49:49.000Z,"Atenção! Bolsonaro nem pisou no Brasil e já tem compromisso firmado com a Polícia Federal. Foram intimadas mais duas pessoas de sua equipe, e que terão que responder pela posse dos três conjuntos de joias sauditas.",190,351,1.620
Maria do Rosário,@mariadorosario,https://twitter.com/mariadorosario/status/1641150285195116549,2023-03-29T18:48:13.000Z,"A violência política de gênero recebe destaque a cada dia. É preciso união entre mulheres dentro e fora da política. Hj estive no evento Mulheres em Ação do Instituto IEJA e falamos das mudanças estruturais e culturais necessárias. Ninguém pode nos definir, a não ser nós mesma!💜",12,20,135
Maria do Rosário,@mariadorosario,https://twitter.com/mariadorosario/status/1641104647493484546,2023-03-29T15:46:52.000Z,"Fui questionada pela @gzhdigital se Bolsonaro teria condições de reunir a oposição à @LulaOficial. 

Respondi que ele estará muito ocupado tratando dos processos que correm na Justiça contra si. Certamente, se reunirá mais com seus advogados, do que com líderes políticos.",15,17,138
Maria do Rosário,@mariadorosario,https://twitter.com/mariadorosario/status/1641077757215150081,2023-03-29T14:00:01.000Z,"Em Guarujá-SP, a mãe de Yasmin foi espancada até a morte após ser confundida por conta de fake news. Fatos assim mostram como as fake news despertam o ódio, com consequências irreversíveis.
É hora de promover a união e a reconstrução.#Brasilcontrafake",22,74,293
Maria do Rosário,@mariadorosario,https://twitter.com/mariadorosario/status/1641058016635092992,2023-03-29T12:41:35.000Z,"Ministro @flaviodino deu um show de civilidade e respeito à constituição ontem ao comparecer na CCJ da Câmara. Apesar de atacado pelos representantes da extrema-direita, Dino manteve o foco ao tratar de segurança pública: dignidade e proteção ao povo brasileiro.",195,218,1.250
Maria do Rosário,@mariadorosario,https://twitter.com/mariadorosario/status/1641031895809966081,2023-03-29T10:57:47.000Z,"Ainda de @FlavioDino: 
Aqui, uma aula de democracia sobre a relação entre “governantes” e as favelas e vilas no Brasil. 
De aplaudir de pé.",0,138,850
Maria do Rosário,@mariadorosario,https://twitter.com/mariadorosario/status/1640843712136908802,2023-03-28T22:30:01.000Z,"A Câmara lança hoje a publicação ""O que é a violência política contra a mulher"" e o anúncio de um protocolo para ser aplicado em todo o país, nas câmaras e assembleias. É a reafirmação do compromisso com o direito de todas as mulheres à igualdade política.",24,53,295
Maria do Rosário,@mariadorosario,https://twitter.com/mariadorosario/status/1640826490097991681,2023-03-28T21:21:34.000Z,"Hoje tivemos o Encontro das Parlamentares Petistas 2023, com deputadas federais e estaduais, prefeitas e vice-prefeitas, vereadoras e importantes lideranças do partido. Oportunidade para debates sobre desafios e conquistas das mulheres brasileiras neste governo com Lula.",5,14,100
Maria do Rosário,@mariadorosario,https://twitter.com/mariadorosario/status/1640796144295989250,2023-03-28T19:20:59.000Z,"Acompanho agora o ministro @FlavioDino na CCJ, onde traz temas essenciais para um trabalho eficaz junto ao presidente Lula, através de propostas para o Ministério. Há muito trabalho a ser feito e nós estaremos ao lado a lado para reerguer e reorganizar o Brasil.",203,105,838
Maria do Rosário,@mariadorosario,https://twitter.com/mariadorosario/status/1640767472537042944,2023-03-28T17:27:04.000Z,"O ministro @FlavioDino estará hj na CCJ, p/ falar sobre ações do governo na justiça e segurança pública. Ele desenvolve um brilhante trabalho frente ao ministério, como a defesa da democracia, o desmonte da política armamentista e os Yanomami. Isto só pra começar. Acompanhem!",12,31,178
Maria do Rosário,@mariadorosario,https://twitter.com/mariadorosario/status/1640722937194979329,2023-03-28T14:30:06.000Z,"E a @dilmabr que chegou feliz e sorridente em Xangai para seu primeiro dia de trabalho no Novo Banco de Desenvolvimento (NDB), onde foi muito bem recebida. A posse oficial como presidenta do Brics acontece amanhã. Que orgulho ver a garra dessa mulher de coração valente! ⭐️",2.544,786,6.269
Maria do Rosário,@mariadorosario,https://twitter.com/mariadorosario/status/1640697291018321920,2023-03-28T12:48:11.000Z,"Mais um conjunto de joias da Arábia Saudita, desta vez, entregue direto nas mãos de Bolsonaro! É o 3º kit e este foi colocado em seu ""acervo privado"".  Não era o ""governante q não teve um caso de corrupção"" em sua gestão?!

Já perdemos as contas de quantos foram...",63,224,940
Maria do Rosário,@mariadorosario,https://twitter.com/mariadorosario/status/1640549279143010304,2023-03-28T03:00:02.000Z,"Professora Elizabeth Tenreiro, 71 anos. Morta em sala de aula.

Leio q ela amava a educação…

É + q urgente refletir sobre a violência nas escolas e dar fim ao ódio q deforma mentes.

Hj, toda escola do Br é Thomazia Montoro e cada professora é Elizabeth",0,15,112
Maria do Rosário,@mariadorosario,https://twitter.com/mariadorosario/status/1640528700494995458,2023-03-28T01:38:16.000Z,Dia de conquista para as mulheres do RS que após 4 anos conseguem recompor e empossar o Conselho Estadual. Parabéns pela luta. Políticas públicas se constrói com participação!A foto diz tudo!,12,23,134
Maria do Rosário,@mariadorosario,https://twitter.com/mariadorosario/status/1640428701656465434,2023-03-27T19:00:54.000Z,"Só 85 dias desde a posse e já vimos tantas boas notícias... isso é reconstrução, é o Brasil voltando a sorrir 😍 @lulaoficial conte comigo pra tudo.",3.613,225,1.106
Maria do Rosário,@mariadorosario,https://twitter.com/mariadorosario/status/1640401486600454157,2023-03-27T17:12:46.000Z,"Amanhã será lançada a 4ª edição da campanha de combate à violência política contra mulheres, realizada pela @camaradeputados, e junto com ela a cartilha ""O que é Violência Política contra a Mulher"", publicação com a qual tive a honra de contribuir. Acompanhe nas nossas redes!",4,9,50
Maria do Rosário,@mariadorosario,https://twitter.com/mariadorosario/status/1640383254862741507,2023-03-27T16:00:19.000Z,"Que orgulho da Beatriz Ferreira, que virou bicampeã mundial de boxe ontem 🤯 A melhor do mundo é brasileira e tem chegado à final em todos os grandes eventos do boxe mundial nos últimos 4 anos. Um daqueles grandes nomes do nosso esporte 🇧🇷 Parabéns, Beatriz!",17,22,245
Maria do Rosário,@mariadorosario,https://twitter.com/mariadorosario/status/1640338653707657216,2023-03-27T13:03:05.000Z,"É com pesar que leio nos noticiários a triste notícia do ataque na Escola Thomazia Montoro, em SP, onde um adolescente feriu professores e alunos com uma faca. Meu solidariedade a todas as pessoas atingidas por esse ato de violência, e meu desejo de pronta recuperação.",38,51,339
Maria do Rosário,@mariadorosario,https://twitter.com/mariadorosario/status/1640334788446810113,2023-03-27T12:47:44.000Z,"Notícia maravilhosa! Bolsa Família impulsionará o PIB em 2023 e tirará 3 milhões da extrema pobreza. Comida no prato, vacina no braço e a alegria de volta aos lares do Brasil. @LulaOficial reconstruindo o país e trazendo esperança em um futuro melhor para todas e todos! ❤️",122,200,901
Maria do Rosário,@mariadorosario,https://twitter.com/mariadorosario/status/1640143212743385089,2023-03-27T00:06:28.000Z,"Comemorando o aniversário de 251 anos da linda Porto Alegre em um dos espaços mais democráticos, o Parque da Redenção. Estar ao lado do povo é o q torna ainda mais especial esse momento. Entre buscas e lutas, sinto q estamos unidos e unidas por uma cidade melhor. Viva Poa! 🥳❤️",20,44,393
Maria do Rosário,@mariadorosario,https://twitter.com/mariadorosario/status/1640052243859750915,2023-03-26T18:05:00.000Z,"Trago essa foto da eleição de 2008 para lembrar da Porto Alegre que sonhamos. Que os próximos 251 anos da nossa cidade sejam de democracia, de participação e de combate às desigualdades. Que a cidade possa ser do povo e para o povo. #PortoAlegre251anos",89,45,656
Maria do Rosário,@mariadorosario,https://twitter.com/mariadorosario/status/1639945882920534026,2023-03-26T11:02:21.000Z,"Parabéns, Porto Alegre! 251 anos de muita história, beleza e acolhimento. Vamos abraçar nossa cidade e transformá-la em um lugar ainda melhor para se viver. Cuidemos de nossa capital com carinho e amor. Que venham muitos anos de desenvolvimento e prosperidade! #PortoAlegre251Anos",14,36,223
Maria do Rosário,@mariadorosario,https://twitter.com/mariadorosario/status/1639749002076758021,2023-03-25T22:00:01.000Z,"Se aprovada, a proposta de paridade salarial do governo Lula beneficiará principalmente mulheres negras, que atualmente tem 46% a menos de ganho salarial em relação aos homens brancos. É uma parcela enorme da sociedade brasileira que é historicamente desrespeitada.",57,169,784
Maria do Rosário,@mariadorosario,https://twitter.com/mariadorosario/status/1639693829858025474,2023-03-25T18:20:47.000Z,"A cada 6 horas uma mulher é assassinada pelo simples fato de ser mulher no BR. Saúdo o @levantefeminista q hj faz 2 anos de luta. Reitero o compromisso com a aprovação do PL q cria o Dia de Levante Nacional Contra o Feminicídio. Vida longa ao Levante, vida longa às mulheres!🌻",17,48,248
Maria do Rosário,@mariadorosario,https://twitter.com/mariadorosario/status/1639688605206712321,2023-03-25T18:00:02.000Z,"Fotão, hein? Semana passada estive com @olivio_dutra na festa da Colheita do Arroz em Viamão, e o fotógrafo Alex Glaser registrou esse clic espontâneo e charmoso. Bons momentos de companheirismo e de celebração da agricultura familiar, do @MST_Oficial  gaúcho. 🌾✊",86,134,905
Maria do Rosário,@mariadorosario,https://twitter.com/mariadorosario/status/1639674967607443458,2023-03-25T17:05:50.000Z,"Conversei com a diretora da Unidade Cuidativa da UFPel,Julieta Fripp, sobre o trabalho desenvolvido na entidade, a formação da Frente Parlamentar pelos Cuidados Paliativos e possíveis ações na Câmara com políticas públicas p/ o setor. A garantia de cuidado e direitos é p/ todos.",10,21,161
Maria do Rosário,@mariadorosario,https://twitter.com/mariadorosario/status/1639644344515788800,2023-03-25T15:04:09.000Z,"Na 9º Conferência Municipal de Saúde de Poa, reafirmando o compromisso e luta pela valorização dos agentes comunitários de saúde, combate às endemias, recomposição da estratégia de saúde da família e valorização de categorias que atuam na ponta das políticas públicas de saúde.",17,35,244
Maria do Rosário,@mariadorosario,https://twitter.com/mariadorosario/status/1639379057602359296,2023-03-24T21:30:00.000Z,"Que encontro! Lula e Chris Martin unidos na defesa do meio ambiente. Mal posso esperar para ver o que essa parceria trará! Ah, e falando nisso, cadê as pulseiras do Coldplay que foram distribuídas? Devolvam aí, pessoal! 😜",101,147,1.142
Maria do Rosário,@mariadorosario,https://twitter.com/mariadorosario/status/1639331398422081538,2023-03-24T18:20:37.000Z,"Feliz e ansiosa após o encontro que tive nesta quinta-feira (23), com a ministra @CidaMulheres que sugeriu conversar com a @simonetebetbr para ampliar ainda mais o número de crianças a serem atendidas pelo PL 976/2022 que busca beneficiar órfãs e órfãos pelo feminicídio.",10,31,153
Maria do Rosário,@mariadorosario,https://twitter.com/mariadorosario/status/1639282686467383296,2023-03-24T15:07:03.000Z,"O governo @LulaOficial age pra minorar efeitos da política de preços dos combustíveis adotada pelo golpista Temer e piorada por Bolsonaro, que levou a gasolina a R$10 em 2022:🚛⛽ Imposto zero sobre diesel e gás♨️🎫 Vale-Gás para 9,5 milhões de famílias",27,41,179
Maria do Rosário,@mariadorosario,https://twitter.com/mariadorosario/status/1639276242527453184,2023-03-24T14:41:27.000Z,"Orgulho em ver Dilma eleita Presidenta do BRICS. Sua liderança durante a criação do bloco, em 2014, mostrou sua competência e visão global, além do compromisso com a cooperação internacional e com o desenvolvimento nacional. Parabéns Presidenta @dilmabr, muito sucesso!",67,165,978
Maria do Rosário,@mariadorosario,https://twitter.com/mariadorosario/status/1639247264844480512,2023-03-24T12:46:18.000Z,"Desejo uma rápida recuperação ao presidente @LulaOficial, diagnosticado com pneumonia leve. Estou confiante de que ele receberá os cuidados necessários e logo estará de volta às suas atividades com a saúde e a energia de sempre!",588,242,3.066
Maria do Rosário,@mariadorosario,https://twitter.com/mariadorosario/status/1639240051123974147,2023-03-24T12:17:38.000Z,Essa linda mensagem do @ajmiguelvicente nos mostra o quanto a cultura e a educação pode mudar um país. A Cultura voltou!,23,97,600
Maria do Rosário,@mariadorosario,https://twitter.com/mariadorosario/status/1639038797311619072,2023-03-23T22:57:55.000Z,"Nova condenação de Leandro Boldrini , mentor intelectual da morte do filho, o menino Bernardo, em 2014. Um crime cruel e com agravantes pela covardia dos assassinos. Bernardo pediu ajuda e não encontrou. Luto todos os dias para que isto nunca mais aconteça",20,76,1.076
Maria do Rosário,@mariadorosario,https://twitter.com/mariadorosario/status/1639032021686296576,2023-03-23T22:31:00.000Z,"Nesse #tbt divido a foto com mulheres da política portoalegrense de anos atrás. Eu ainda frequento a Câmara Municipal, no momento como deputada, e me alegra ver cada vez mais de nós atuando no espaço - mulheres, mulheres negras, mulheres das nossas periferias, mulheres de luta ✊",10,17,116
Maria do Rosário,@mariadorosario,https://twitter.com/mariadorosario/status/1639015513035796481,2023-03-23T21:25:24.000Z,"Me reuni com a Ministra @CidaMulheres para conversar sobre PL's que protocolei voltados ao combate à violência contra mulheres, assédio no trabalho e violência política de gênero, e q posso dizer, foram mt bem recebidos. Momento importante de diálogo e trabalho Por Todas Nós!💜",11,26,175
Maria do Rosário,@mariadorosario,https://twitter.com/mariadorosario/status/1638999460347891819,2023-03-23T20:21:37.000Z,"Os primeiros meses do governo @LulaOficial tem sido marcados por conquistas, como a igualdade salarial entre homens e mulheres e o retorno do Bolsa Família. Fazemos parte destas vitórias com a aprovação do PL 976/2022 q garante benefício aos órfãos do feminicídio, aprovado no #8M",81,100,551
Maria do Rosário,@mariadorosario,https://twitter.com/mariadorosario/status/1638964362453872661,2023-03-23T18:02:09.000Z,"Aprovamos o PL 2099/19, de @rjlauracarneiro, onde sou co-autora, q atualiza o ECA e permite notificação e busca imediata de desaparecidos no Cadastro Nacional de Crianças e Adolescentes Desaparecidos. Vai p/ a sanção do presidencial. Vitória p/ as crianças, famílias e sociedade.",13,35,141
Maria do Rosário,@mariadorosario,https://twitter.com/mariadorosario/status/1638931820040409091,2023-03-23T15:52:50.000Z,"Ontem aprovamos a urgência, e hoje, junto com a autora, deputada @rjlauracarneiro aprovamos o mérito dessa matéria importante e que contribui para a busca imediata de crianças e adolescentes que estejam desaparecidos/as. O Projeto segue agora para sanção presidencial. 💛",4,12,85
Maria do Rosário,@mariadorosario,https://twitter.com/mariadorosario/status/1638903675690053638,2023-03-23T14:01:00.000Z,"A violência política de gênero e o assédio moral que ela carrega não podem ser naturalizados. 

Solidariedade com as mulheres que fazem política todos os dias com dedicação e respeito, desafiando a realidade machista que nos cerca.",31,66,324
Maria do Rosário,@mariadorosario,https://twitter.com/mariadorosario/status/1638895232514138113,2023-03-23T13:27:27.000Z,"Encaminhei ao presidente da Câmara de POA meu repúdio às posturas do vereador Marcelo Sgarbossa (sem partido) em relação a 2 servidoras do nosso mandato, desrespeitadas por ele qndo estavam a serviço naquela Casa. Peço responsabilização. Violência política de gênero é inaceitável",7,38,215
Maria do Rosário,@mariadorosario,https://twitter.com/mariadorosario/status/1638875185368408064,2023-03-23T12:07:47.000Z,"O presidente Lula reforçou ontem o compromisso com o piso salarial da enfermagem. A intenção do governo é criar um subsídio para as Santas Casas para viabilizar o pagamento. Com um governo que valoriza as trabalhadoras e trabalhadores, estamos cada dia mais perto desta conquista.",100,121,819
Maria do Rosário,@mariadorosario,https://twitter.com/mariadorosario/status/1638739783076704256,2023-03-23T03:09:45.000Z,"Banco Central autônomo mantém o Brasil com a mais alta taxa de juros do mundo, 13.75. 

Isso é sabotar a economia e o desenvolvimento do país. 

Campos Neto chega ao absurdo de apontar a possiblidade de alta maior. Ñ é possível isso. #JurosBaixosJa",0,138,605
Maria do Rosário,@mariadorosario,https://twitter.com/mariadorosario/status/1638691502845992964,2023-03-22T23:57:54.000Z,"Justamente no #DiaMundialdaÁgua, o prefeito de Porto Alegre @SebastiaoMelo, decidiu levar adiante o processo de concessão do @dmaepoa. Só pode ser um deboche. Poa, sucumbe ao atraso. Vamos lutar para tentar impedir tamanho descaso. Água é direito do povo! #NãoÀPrivatizaçãoDoDmae",16,38,138
Maria do Rosário,@mariadorosario,https://twitter.com/mariadorosario/status/1638647998799396867,2023-03-22T21:05:02.000Z,"Acabamos de aprovar na Câmara o PRC 31/23, q possibilita às deputadas gestantes, a partir da 30ª semana de gestação, que possam votar de forma remota nas sessões do plenário e comissões. Feliz em relatar a matéria que tem autoria das deputadas @depsorayasantos e Luísa Canziani.",8,9,102
Maria do Rosário,@mariadorosario,https://twitter.com/mariadorosario/status/1638647889613189120,2023-03-22T21:04:36.000Z,"Promovendo o encontro entre a palavra de @LeonardoBoff e parlamentares. Palavras tão importantes para este período, justo hoje, Dia Mundial da água, reforçando a ideia que nos move. Não é sobre o lucro. É sobre solidariedade e esperança em um mundo melhor. Obrigada professor!",7,20,111
Maria do Rosário,@mariadorosario,https://twitter.com/mariadorosario/status/1638634775148732417,2023-03-22T20:12:29.000Z,"Aprovado o requerimento de urgência ao nosso PL 2099/19, que tem autoria da deputada @rjlauracarneiro e minha coautoria. O PL busca ampliar a divulgação de informações sobre crianças e adolescentes desaparecidos.",2,10,64
Maria do Rosário,@mariadorosario,https://twitter.com/mariadorosario/status/1638612790616137741,2023-03-22T18:45:07.000Z,"A verdade é que enquanto Moro mandou Lula para a prisão, mesmo sem qualquer crime, e cometeu as maiores das injustiças, a PF em pleno governo @LulaOficial protegeu a vida de Sérgio Moro ao desarticular um atentado.

É assim que quem tem coragem e caráter age.

Aprenda Moro.",642,366,2.246
Maria do Rosário,@mariadorosario,https://twitter.com/mariadorosario/status/1638610388437839873,2023-03-22T18:35:35.000Z,"Ontem o companheiro de luta @EdegarPretto foi aprovado como presidente da Conab. Alguém que vem da agricultura familiar, Edegar saberá ajudar no combate à fome e a luta pela segurança alimentar no Brasil. Parabéns, meu amigo, e bom trabalho!",24,100,534
Maria do Rosário,@mariadorosario,https://twitter.com/mariadorosario/status/1638586586685218840,2023-03-22T17:01:00.000Z,"Hoje o presidente @lulaoficial relança o Programa de Aquisição de Alimento (PAA), que investe na agricultura familiar para combater a fome em todo o país. É a agricultura familiar voltando a ter o protagonismo que merece na segurança alimentar do Brasil.",12,36,162
Maria do Rosário,@mariadorosario,https://twitter.com/mariadorosario/status/1638565499368865794,2023-03-22T15:37:12.000Z,"ÁGUA NÃO É MERCADORIA!💧E, infelizmente, é vista como uma fonte de lucro e uma engrenagem nas lógicas de mercado. No #DiaMundialDaAgua, que possamos trazer à superfície debates para conscientizar e reforçar a luta em defesa do mais valoroso recurso natural. Água é direito humano!",48,102,497
Maria do Rosário,@mariadorosario,https://twitter.com/mariadorosario/status/1638365396028858368,2023-03-22T02:22:04.000Z,"O Ministro @luizmarinhopt visitou hoje em Porto Alegre a Cooperativa Univens -Unidas Venceremos!

Mulheres na Economia Solidária transformando suas vidas e o mundo! Eu acredito neste projeto❤️Viva a economia solidária!
Sim ao trabalho decente e justo! @UnisolBrasil",0,11,80
Maria do Rosário,@mariadorosario,https://twitter.com/mariadorosario/status/1638331807480381442,2023-03-22T00:08:36.000Z,"O programa Mais Médicos voltou para amparar quem mais precisa. São 96 milhões de pessoas que terão seu direito à Saúde garantido com a contratação de 28 mil novos profissionais até o fim do ano. Isso é reconstrução do Brasil, é governo Lula. #DefendaoSUS #MaisMédicos",150,164,1.023
Maria do Rosário,@mariadorosario,https://twitter.com/mariadorosario/status/1638309179189256193,2023-03-21T22:38:41.000Z,"Aprovamos no plenario da Câmara o PL 1604/22, de autoria da então Senadora @simonetebetbr. O PL determina q medidas protetivas de urgência devem ser concedidas sumariamente às mulheres a partir do momento da denúncia. Proteger a vida das mulheres é prioridade. O PL vai à sanção!",56,115,705
Maria do Rosário,@mariadorosario,https://twitter.com/mariadorosario/status/1638286133007208449,2023-03-21T21:07:06.000Z,Inadmissível que qualquer parlamentar utilize a tribuna e exerça violência contra o patrimônio da Câmara ao fazer uso da palavra. Presido os trabalhos e represento a casa na condição de 2ª Secretaria. Repreendi o deputado e pedirei responsabilização e restauro do bem danificado.,2.195,971,5.657
Maria do Rosário,@mariadorosario,https://twitter.com/mariadorosario/status/1638258865882951692,2023-03-21T19:18:45.000Z,"A pedido do nosso mandato o Presidente da @Ebserh_Gov, Arthur Chioro, recebeu hj representantes da @UFPel para tratar da grave questão do déficit de atendimentos no Hospital Escola da cidade. Na reunião, o presidente Chioro garantiu que vão trabalhar para que não ocorram mais (+)",14,20,121
Maria do Rosário,@mariadorosario,https://twitter.com/mariadorosario/status/1638257214300332032,2023-03-21T19:12:11.000Z,"Tive a oportunidade de convidar a ministra @nisia_trindade e a equipe do @minsaude para uma visita a Porto Alegre, para conversar com as comunidades sobre o Mais Médicos e outros programas da área da Saúde. Um trabalho em conjunto com o governo federal para cuidar do povo do RS!",13,32,173
Maria do Rosário,@mariadorosario,https://twitter.com/mariadorosario/status/1638162847711518721,2023-03-21T12:57:13.000Z,"Em menos de 90 dias o presidente Lula já mostrou a que veio. E nas ruas, as brasileiras e brasileiros já percebem a mudança: 57% deles aprova a forma de Lula governar, segundo IPEC ⭐ @lulaoficial",174,233,1.017
Maria do Rosário,@mariadorosario,https://twitter.com/mariadorosario/status/1637942968450527233,2023-03-20T22:23:29.000Z,"Junto com o Ministro do Trabalho, @luizmarinhopt , que está no Rio Grande do Sul para verificar e combater o trabalho análogo à escravidão. Este é o governo Lula, atuando para garantir direitos e proteger os trabalhadores e trabalhadoras!",54,102,578
Maria do Rosário,@mariadorosario,https://twitter.com/mariadorosario/status/1637923059125612546,2023-03-20T21:04:23.000Z,"Gravíssimo o atentado contra a advogada Laura Cardoso de Pelotas, que atua em ação contra violência obstétrica. Seu carro foi destruído. Na 39 semana de gestação, tendo que sair da cidade para viver. Oab/RS atuando para que nao haja impunidade. Nossa solidariedade.",12,162,771
Maria do Rosário,@mariadorosario,https://twitter.com/mariadorosario/status/1637898915507761152,2023-03-20T19:28:26.000Z,"Hoje na AL, junto da deputada estadual @StelaFarias , debatemos os nossos Projetos de Lei ""Não é Não"" e ""Não se Cale"", q desencadearam uma série de propostas semelhantes por vereadoras e vereadores do estado. É pela segurança e pela vida das mulheres!Saiba+https://bit.ly/3JxlzDM",14,13,63
Maria do Rosário,@mariadorosario,https://twitter.com/mariadorosario/status/1637848260567093249,2023-03-20T16:07:09.000Z,"""O que importa para nós não é saber a nacionalidade do médico, é saber a nacionalidade do paciente.""@LulaOficial ao assinar a recriação do Mais Médicos, deixando evidente sua preocupação em cuidar das pessoas. Bem diferente de seu antecessor, né? 

Faz o L❤️",137,170,1.112
Maria do Rosário,@mariadorosario,https://twitter.com/mariadorosario/status/1637826877011247108,2023-03-20T14:42:11.000Z,"Hoje na Assembleia Legislativa do RS, junto da deputada estadual @StelaFarias, debatemos os nossos Projetos de Lei ""Não é Não"" e ""Não se Cale"", que desencadearam uma série de propostas semelhantes por vereadoras e vereadores do estado. É pela segurança e pela vida das mulheres ✊🏼",11,31,139
Maria do Rosário,@mariadorosario,https://twitter.com/mariadorosario/status/1637812748124864519,2023-03-20T13:46:02.000Z,"Daqui a pouco o Presidente @LulaOficial lança o novo Mais Médicos, q conta com 15 mil novas vagas. Até o final de 2023 serão 28 mil médicos em todo o país, principalmente em áreas de extrema pobreza e comunidades tradicionais. E a gente fica muito alegre em dar essa notícia!",112,126,801
Maria do Rosário,@mariadorosario,https://twitter.com/mariadorosario/status/1637677117969248257,2023-03-20T04:47:06.000Z,"Ameaça de estupro e morte da filha do Dep. @LeonelRadde . O objetivo é calar o Leonel, dizendo q se ele seguir atacando criminosos e fascistas, ela será estuprada e jogada em uma vala.  

Solidariedade e indignação! Vamos chegar ao autor  desse crime. https://instagram.com/p/Cp-3bfEONur/?igshid=YmMyMTA2M2Y=…",1,73,608
Maria do Rosário,@mariadorosario,https://twitter.com/mariadorosario/status/1637574416296194048,2023-03-19T21:59:00.000Z,"“Afagar a terra
Conhecer os desejos da terra
Cio da terra, propícia estação
E fecundar o chão”

Linda foto de sexta-feira, na Festa da Colheita do Arroz. Uma boa semana para todas e todos nós! ⭐ 📷  Fabio Klein Junges",252,221,2.504
Maria do Rosário,@mariadorosario,https://twitter.com/mariadorosario/status/1637519534595751942,2023-03-19T18:20:55.000Z,"Hoje comemoramos em todo o Brasil o Dia do Artesão e da Artesã, data escolhida por ser dia de São José, seu santo padroeiro. Na Câmara lá em 2015, tive a honra de ser relatora da Lei que regulamentou a profissão, e que hoje já sancionada pela ex-presidenta Dilma, é uma realidade.",14,26,253
Maria do Rosário,@mariadorosario,https://twitter.com/mariadorosario/status/1637268734623596544,2023-03-19T01:44:19.000Z,"Grave crime.
Óbvia incitação à violência contra pessoa específica, o Presidente @LulaOficial.
Notem os tiros na mão.
Quando a vítima recebe tiros na mão é pq tentou se defender de um atentado à vida.
Taí a metralhadora.
Conduta incompatível c/parlamentar e com a @camaradeputados",0,152,849
Maria do Rosário,@mariadorosario,https://twitter.com/mariadorosario/status/1637264238463840256,2023-03-19T01:26:28.000Z,"O crime organizado no RN é enfrentado com coragem pela Governadora @fatimabezerra !

Todo apoio à Fátima e solidariedade aos trabalhadores da segurança pública e população. 

Com apoio do Gov Lula, @FlavioDino , a violência ñ vencerá. Leia nota do PT.",0,40,220
Maria do Rosário,@mariadorosario,https://twitter.com/mariadorosario/status/1637213746941636610,2023-03-18T22:05:49.000Z,"Nosso governo está comprometido com os investimentos na saúde para garantir que os povos indígenas recebam assistência médica e que, além da consulta, do exame, além do hospital, tenham medicamentos para que todos sejam tratados com dignidade.",125,128,764
Maria do Rosário,@mariadorosario,https://twitter.com/mariadorosario/status/1637168303306166277,2023-03-18T19:05:15.000Z,"Isso tudo em menos de 100 dias. Agora sim, com @LulaOficial e com democracia, o Brasil tem um futuro brilhante e cheio de políticas públicas para nossa gente.  ⭐🇧🇷",106,164,616
Maria do Rosário,@mariadorosario,https://twitter.com/mariadorosario/status/1637070962368696320,2023-03-18T12:38:27.000Z,"Foi incrível participar da 20ª Festa da Colheita do Arroz Agroecológico. São + de 10 anos do @MST_Oficial como maior produtor de arroz orgânico do Brasil. Parabéns pelo incrível trabalho! Ao lado do @LulaOficial, vamos tirar o Brasil do Mapa da Fome. Viva o MST e a luta popular!",235,397,2.492
Maria do Rosário,@mariadorosario,https://twitter.com/mariadorosario/status/1636843390460461058,2023-03-17T21:34:10.000Z,"Antes de fechar 3 meses de gov, Lula já abasteceu as reservas internacionais brasileiras em +14.2 bilhões de dólares. Em 4 anos do governo anterior, Bolsonaro desfalcou esta reserva em mais de 65 bilhões, ou seja, deixou a PR com um número baixíssimo mesmo para tempos de crise.",33,102,416
Maria do Rosário,@mariadorosario,https://twitter.com/mariadorosario/status/1636790616901451777,2023-03-17T18:04:27.000Z,"Participei da linda festa do @MST_Oficial, hoje pela manhã. A 20ª Festa da Colheita do Arroz Agroecológico, ocorreu no assentamento Filhos de Sepé, em Viamão. Há mais de 10 anos o MST-RS lidera a lista de maiores produtores de arroz orgânico no Brasil e América Latina. 🌾❤️",468,209,1.471
Maria do Rosário,@mariadorosario,https://twitter.com/mariadorosario/status/1636751812194709505,2023-03-17T15:30:16.000Z,"O dia tá bonito aqui em Águas Claras-RS, para a festa da Colheita do Arroz! Muita gente envolvida num trabalho lindo a ser celebrado ☀️❤️ @MST_Oficial  #festadacolheita",25,46,502
Maria do Rosário,@mariadorosario,https://twitter.com/mariadorosario/status/1636728055069655043,2023-03-17T13:55:51.000Z,"Aprovamos na última semana nosso PL 976/22, que institui pensão especial às crianças e adolescentes órfãs de vítimas do feminicídio. Estamos mobilizadas e na expectativa de que o Senado vote a matéria o quanto antes, para criar condições dignas para nossas crianças e adolescentes",15,40,189
Maria do Rosário,@mariadorosario,https://twitter.com/mariadorosario/status/1636708123208474624,2023-03-17T12:36:39.000Z,"A decisão da equipe do BBB de expulsar os 2 participantes acusados de assédio sexual reforça: precisamos de responsabilização. Não é a primeira vez, é necessário uma mudança cultural na sociedade brasileira e o programa sabe do papel que cumpre. #NãoÉNão",107,68,830
Maria do Rosário,@mariadorosario,https://twitter.com/mariadorosario/status/1636484697550200833,2023-03-16T21:48:50.000Z,"Ao mesmo tempo, acompanhamos as acusações de assédio de dois participantes do BBB com Diana Mendez, mexicana q está na casa. Se em rede nacional há homens capazes de atitudes como essas, o q dizer de milhares de casos q não são gravados? Gravíssimo! Não é Não! #RespeitoasMulheres",59,54,435
Maria do Rosário,@mariadorosario,https://twitter.com/mariadorosario/status/1636477394918817792,2023-03-16T21:19:49.000Z,"Justiça para as mulheres em Viamão, no RS! Foi aprovada agora há pouco por unanimidade a cassação do vereador Fabrício Ollermann pela acusação de estupro de vulnerável contra uma estagiária de 22 anos em dezembro passado. Abusadores não ficarão impunes! Vitória!",37,211,1.365
Maria do Rosário,@mariadorosario,https://twitter.com/mariadorosario/status/1636473037829578752,2023-03-16T21:02:31.000Z,"Fico contente sempre que uma mulher entra na luta política. Tenho companheiras que são vereadoras, dep estaduais, federais, sempre aceitando desafios e conquistando espaços. Que a política seja composta cada vez por + mulheres diversas. Vamos movimentar o futuro do Brasil.",9,28,263
Maria do Rosário,@mariadorosario,https://twitter.com/mariadorosario/status/1636444962026844161,2023-03-16T19:10:57.000Z,"Estamos acompanhando a situação da comunidade Tekoá Karanda'ty, na região metropolitana de Porto Alegre que hoje se encontra em situação precária, apoiada apenas pela sociedade civil e por entidades.",10,40,136
Maria do Rosário,@mariadorosario,https://twitter.com/mariadorosario/status/1636424889333579780,2023-03-16T17:51:11.000Z,"Na posse da Itaipu Binacional, uma criança surpreendeu Lula. Veja que momento lindo! ❤️",764,563,5.273
Maria do Rosário,@mariadorosario,https://twitter.com/mariadorosario/status/1636416711393169411,2023-03-16T17:18:41.000Z,"Ouvi dizer que o preço da carne já caiu nos mercados do Brasil e o povo tá é comemorando 👀 🤭 Os créditos são todos teus, @LulaOficial.",463,139,1.453
Maria do Rosário,@mariadorosario,https://twitter.com/mariadorosario/status/1636323030250004481,2023-03-16T11:06:26.000Z,"TCU determina que Bolsonaro devolva joias e armas que ganhou no oriente médio. O Brasil já perdeu as contas de quantos crimes Bolsonaro cometeu. 

Enquanto acusava Lula, Bolsonaro desviava atenção dos delitos que cometia. 

Devolve as joias, Bolsonaro!",87,36,299
Maria do Rosário,@mariadorosario,https://twitter.com/mariadorosario/status/1636127237308030979,2023-03-15T22:08:25.000Z,"Hoje foi um dia especial. Dia de planejar e reestruturar nosso mandato, com essa galera dedicada, e que faz um ótimo trabalho nos gabinetes de Porto Alegre e Brasília. O mandato segue cada dia mais unido e forte para trabalhar pelo Rio Grande do Sul e por todo Brasil.",7,13,113
Maria do Rosário,@mariadorosario,https://twitter.com/mariadorosario/status/1636087345316282370,2023-03-15T19:29:54.000Z,"Cumprimento também as queridas companheiras @LuizianneLinsPT, nova Presidenta da Comissão de Direitos Humanos, Minorias e Igualdade Racial, e @celiaxakriaba, Presidenta da Comissão da Amazônia e dos Povos Originários e Tradicionais.  Um excelente trabalho!💐",7,27,192
Maria do Rosário,@mariadorosario,https://twitter.com/mariadorosario/status/1636067383004610562,2023-03-15T18:10:35.000Z,"Cumprimento o deputado @rfalcao13, q assume a presidência da CCJ, e também os companheiros @deppauloguedes e @FaleiroAirton, q assumem respectivamente as Comissões de Finanças e Trabalho. Um excelente mandato e q possamos aprovar matérias importantes para a reconstrução do Brasil",10,20,94
Maria do Rosário,@mariadorosario,https://twitter.com/mariadorosario/status/1636064663711408131,2023-03-15T17:59:47.000Z,"O Gov @LulaOficial anunciou a liberação de R$ 234 milhões p/as obras de duplicação da BR-116, entre Guaíba e Pelotas.Uma demanda antiga q agora poderá ser concretizada. O valor será utilizado p/retomar os  trechos q estavam parados e tb p/dar continuidade ao que já está em curso.",65,102,655
Maria do Rosário,@mariadorosario,https://twitter.com/mariadorosario/status/1635998932617527301,2023-03-15T13:38:35.000Z,"Hoje é aniversário do amigo e companheiro de longa data, Senador @paulopaim. Desejo muitas alegrias neste novo ciclo de vida, com muita força e garra para continuar lutando com amor e sensibilidade pelos direitos de cada brasileiro e brasileira. Felicidades! 🥳😍",38,31,393
Maria do Rosário,@mariadorosario,https://twitter.com/mariadorosario/status/1635992113069391877,2023-03-15T13:11:29.000Z,"Entrevista que concedi ao jornal argentino @pagina12 sobre a iniciativa de alteração do artigo 142, que assino junto com o deputado @CarlosZarattini. Um debate fundamental ao Brasil, à nossa democracia, e que precisa estar na ordem do dia do Parlamento.",10,13,56
Maria do Rosário,@mariadorosario,https://twitter.com/mariadorosario/status/1635973129842376704,2023-03-15T11:56:03.000Z,"Hoje é o Dia Nacional da Escola e a gente celebra esse dia com a alegria de ter novamente um governo que valoriza e investe na educação, uma janela pra todos os outros mundos possíveis. Viva a educação brasileira! ⭐📚",57,94,445
Maria do Rosário,@mariadorosario,https://twitter.com/mariadorosario/status/1635720422053249040,2023-03-14T19:11:53.000Z,"Hj, durante reunião ministerial, o presidente @LulaOficial, ao lado da ministra @aniellefranco, homenageou Marielle Franco e reforçou o compromisso com a investigação sobre a morte da Vereadora e de Anderson Gomes. Um momento emocionante. Marielle, presente. Ontem, hoje e sempre!",44,60,310
Maria do Rosário,@mariadorosario,https://twitter.com/mariadorosario/status/1635689290251350038,2023-03-14T17:08:11.000Z,"Presidente @lulaoficial deve lançar o projeto Voa Brasil para q estudantes, aposentados, pensionistas e servidores públicos com renda mensal até R$6,8 mil viajem por R$200. São novas oportunidades p/ beneficiários, além de movimentar o setor e economia do Brasil. Partiu viajar?🛩️",138,121,566
Maria do Rosário,@mariadorosario,https://twitter.com/mariadorosario/status/1635642185340141575,2023-03-14T14:01:00.000Z,"O Brasil voltou. Após queda no preço da carne vermelha de 1,22% em fevereiro, a maior queda nos últimos 15 meses, pessoas fazem a festa e saem de mãos cheias em um supermercado de Campina Grande (PB). É esse o país que a gente quer ver! Valeu, @Lulaoficial!",4.930,437,1.440
Maria do Rosário,@mariadorosario,https://twitter.com/mariadorosario/status/1635614988000714754,2023-03-14T12:12:56.000Z,"A frase ""Quem mandou matar Marielle Franco e por que?"" ainda ecoa pelo Brasil. O governo do Presidente Lula está agindo com determinação para responde-la. Recentemente o min. @FlavioDino determinou que a PF instaure inquérito para apurar ""todas as circunstâncias"" do assassinato.",179,349,1.281
Maria do Rosário,@mariadorosario,https://twitter.com/mariadorosario/status/1635612137258369024,2023-03-14T12:01:36.000Z,"Meus sentimentos e solidariedade à esposa, filhos e amigos do ex-ministro Eliseu Padilha. Com quase 60 anos de vida política, deixa seu nome marcado na história do Rio Grande do Sul e do Brasil.",8,12,162
Maria do Rosário,@mariadorosario,https://twitter.com/mariadorosario/status/1635439541401145347,2023-03-14T00:35:46.000Z,"O presidente @Lulaoficial lançou o programa Mãos à Obra e garante que, ao lado de prefeitos e governadores, vai retomar as mais de 14 mil obras paradas no Brasil. É mais uma ação do governo para reerguer o país. Orgulho de um presidente empenhado em cuidar de cada um de nós! ⭐",249,144,895
Maria do Rosário,@mariadorosario,https://twitter.com/mariadorosario/status/1635379494847496195,2023-03-13T20:37:10.000Z,Fico muito feliz com a repercussão que nosso projeto tomou nos mais diversos veículos de comunicação. Isso demonstra o quanto essas crianças e adolescentes que serão beneficiados precisam de ajuda e merecem nossa atenção.,17,65,361
Maria do Rosário,@mariadorosario,https://twitter.com/mariadorosario/status/1635332222038470656,2023-03-13T17:29:19.000Z,"Márcia Santana marcou significativamente a vida de muitas pessoas, comigo não foi diferente. Juntas, coordenamos uma comissão parlamentar que investigou as redes de exploração sexual de mulheres, crianças e adolescentes. Construímos um mandato potente com ela à frente do gabinete",6,27,220
Maria do Rosário,@mariadorosario,https://twitter.com/mariadorosario/status/1635289670153285634,2023-03-13T14:40:14.000Z,"Hoje celebramos os dez anos do papado de Francisco, por quem tenho grande admiração pelo trabalho na mobilização em defesa dos oprimidos, dos que pouco tem e dos excluídos. Francisco é orgulho para o mundo, e para todos que lutam contra a injustiça social.",28,55,483
Maria do Rosário,@mariadorosario,https://twitter.com/mariadorosario/status/1635247529658040320,2023-03-13T11:52:47.000Z,Bom dia e uma ótima semana para todos nós! ⭐️🇧🇷,129,66,597
Maria do Rosário,@mariadorosario,https://twitter.com/mariadorosario/status/1635038205161398277,2023-03-12T22:01:00.000Z,"Mais uma conquista encabeçada pelo governo Lula: aumento de 39% no valor destinado às merendas escolares na rede pública de todo o país. Valorizar a Educação é isso, cuidar das nossas crianças e adolescentes é isso, combater a desigualdade é isso.",68,102,700
Maria do Rosário,@mariadorosario,https://twitter.com/mariadorosario/status/1634962707337318402,2023-03-12T17:01:00.000Z,"Cerca de 8 milhões de pessoas serão contempladas no Programa de Proteção e Promoção da Dignidade Menstrual, do @minsaude. Uma reivindicação antiga da nossa luta que se tornará realidade com o governo Lula! ✊💜 #8M2023",79,103,552
Maria do Rosário,@mariadorosario,https://twitter.com/mariadorosario/status/1634887210217492481,2023-03-12T12:01:00.000Z,"Que satisfação estar do lado certo da história. Com Lula, com a confiança dos brasileiros e das brasileiras ⭐❤️",806,249,2.233
Maria do Rosário,@mariadorosario,https://twitter.com/mariadorosario/status/1634675569483821058,2023-03-11T22:00:01.000Z,"Tive a honra de presidir a sessão na Câmara no #8M, data de reverberação da luta das mulheres. Debatemos ideias, homenageamos companheiras e aprovamos projetos, incluindo nosso PL de auxílio a órfãos do feminicídio, e diversos outros que garantem direitos às mulheres brasileiras.",49,57,572
Maria do Rosário,@mariadorosario,https://twitter.com/mariadorosario/status/1634600076084666375,2023-03-11T17:00:02.000Z,"Democracia é substantivo feminino. Sem as mulheres, o mundo para de girar, mas ainda assim temos que batalhar diariamente contra um sistema que separa, oprime e exclui. O Brasil que sonhamos, com Lula, carrega os valores da nossa luta: justiça, respeito e dignidade. 💜✊",29,36,216
Maria do Rosário,@mariadorosario,https://twitter.com/mariadorosario/status/1634531238512869376,2023-03-11T12:26:30.000Z,"#Sabadou. Vejam um pouquinho da semana em Brasília, de muito trabalho, projetos aprovados e homenagens ao Dia  Internacional das Mulheres. Vamos juntas e juntos reconstruir o Brasil com muita luta, igualdade e direitos.",44,42,383
Maria do Rosário,@mariadorosario,https://twitter.com/mariadorosario/status/1634345865446866944,2023-03-11T00:09:53.000Z,"O ⁦@MPT_RS⁩ resgatou 56 pessoas trabalhando em condições análogas à escravos em lavouras de arroz, em Uruguaiana -RS. Destas, DEZ ADOLESCENTES. 

Grave violação aos Direitos Humanos e crime hediondo,m tipificado no Código Penal e na Const Federal. 

 https://prt4.mpt.mp.br/procuradorias/ptm-uruguaiana/11827-operacao-conjunta-resgata-56-pessoas-em-condicoes-analogas-a-escravidao-em-uruguaiana…",7,29,135
Maria do Rosário,@mariadorosario,https://twitter.com/mariadorosario/status/1634329518318972935,2023-03-10T23:04:56.000Z,"Participei do Café com as Mulheres da Vila Pinto, em Porto Alegre, ao qual me orgulho de estar presenta há pelo menos 20 anos, antigamente a convite da matriarca Marli Medeiros e agora de suas filhas Maninha, Paula e Gabriela Medeiros.",8,25,273
Maria do Rosário,@mariadorosario,https://twitter.com/mariadorosario/status/1634328223075954688,2023-03-10T22:59:47.000Z,"Importante opinião de @bernardomf, publicada em sua coluna. Já fomos muito tolerantes com a intolerância no Parlamento. A Câmara não pode fingir que não vê esse tipo de atitude indecorosa.",26,46,220
Maria do Rosário,@mariadorosario,https://twitter.com/mariadorosario/status/1634306553535688708,2023-03-10T21:33:40.000Z,"O governo @LulaOficial começou a transformar o Brasil combatendo a desigualdade. Reajustou o valor da merenda em 39%. Uma notícia q muito me alegra, já que sou professora, e sei que agora nossas crianças estão recebendo atenção e cuidados do governo federal. É pra isso q fiz o L!",755,313,2.465
Maria do Rosário,@mariadorosario,https://twitter.com/mariadorosario/status/1634304506581196801,2023-03-10T21:25:32.000Z,"E atenção: a picanha já tá baixando o preço… 
EFEITO @LulaOficial .
Falou, acontece.",0,58,287
Maria do Rosário,@mariadorosario,https://twitter.com/mariadorosario/status/1634289446735564800,2023-03-10T20:25:42.000Z,"Trecho da entrevista q concedi há pouco p BandNews explicando o PL 976/22, q institui pensão especial às crianças e adolescentes órfãos e órfãs, em razão da mãe ter sido vítima de feminicídio. A matéria segue ao Senado, e nós seguiremos acompanhando e lutando por sua aprovação.",8,34,175
Maria do Rosário,@mariadorosario,https://twitter.com/mariadorosario/status/1634277971606265856,2023-03-10T19:40:06.000Z,"Governo @LulaOficial soluciona rapidamente drama dos estados e recompensa perdas do ICMS, herança maldita de Bolsonaro. Quase 27 bi ajudarão o país, incluindo meu RS. Esse aumento de receita pode permitir a reversão de medidas extremas e inadequadas, como a privatização da Corsan",12,24,165
Maria do Rosário,@mariadorosario,https://twitter.com/mariadorosario/status/1634254868415385600,2023-03-10T18:08:18.000Z,"Nos nossos governos, o Estado foi um indutor de desenvolvimento que impulsionou o país, gerou empregos, e trouxe avanços ao BR e às pessoas.É isto que Lula propõe novamente. Um Brasil que gere empregos, movimente a economia e pense nos mais pobres. Estamos reconstruindo o Brasil.",43,35,234
Maria do Rosário,@mariadorosario,https://twitter.com/mariadorosario/status/1634194566403194882,2023-03-10T14:08:41.000Z,"Q alegria ver a repercussão que nosso projeto está tomando.
Foi pensado com muito amor e carinho p/ beneficiar cada criança e adolescente que perderam suas mães vítimas do feminicídio. Agora, aguardamos a votação no Senado p/ q possa finalmente ser sancionado pelo presidente Lula",29,48,278
Maria do Rosário,@mariadorosario,https://twitter.com/mariadorosario/status/1634158708480528384,2023-03-10T11:46:11.000Z,"Mentira deslavada! Na tentativa de se apossar das joias, governo Bolsonaro ENGANOU inclusive o governo saudita sobre o destino do presente. Pior. O inominável em posse de um segundo pacote não declarado à RF. Isso é ROUBO!",32,83,428
Maria do Rosário,@mariadorosario,https://twitter.com/mariadorosario/status/1633970136808824839,2023-03-09T23:16:52.000Z,"Muito obrigada, líder @guimaraes13PT . Sua contribuição para aprovação desse projeto foi essencial. Ele beneficiará crianças órfãs do feminicídio, das famílias mais pobres, que perderam a mãe, o pai e ainda o arrimo de família. Elas ñ ficarão abandonadas.",0,17,113
Maria do Rosário,@mariadorosario,https://twitter.com/mariadorosario/status/1633963548987604993,2023-03-09T22:50:42.000Z,"Para o #tbt de hj vem essa imagem direto dos arquivos. Em 2010, um ato de combate à violência contra a mulher em Porto Alegre ao lado da @telianegrao, do @EdegarPretto e, com especial carinho, da Marcia Santana, valorosa companheira que já completa quase dez anos de saudade.",11,15,219
Maria do Rosário,@mariadorosario,https://twitter.com/mariadorosario/status/1633942279286054912,2023-03-09T21:26:11.000Z,"Lamento q a sessão de ontem ñ tenha ficado conhecida no BR pelos efeitos dos projetos q aprovamos, mas pelo absurdo cometido por alguns deputados. Esse breve vídeo mostra o alerta q fiz à eles sobre as consequências de seus atos. Agora, cabe à Câmara tomar providências p o decoro",180,155,1.502
Maria do Rosário,@mariadorosario,https://twitter.com/mariadorosario/status/1633915261060362243,2023-03-09T19:38:49.000Z,"Aprovamos hoje o PL 976/22, de minha autoria, que garante uma pensão às crianças e adolescentes cujas mães foram vítimas de feminicídio. Compartilho com vocês o registro do momento da aprovação e minha emoção ao falar sobre as mães que são vítimas deste crime cruel.",262,913,7.576
Maria do Rosário,@mariadorosario,https://twitter.com/mariadorosario/status/1633857809879121921,2023-03-09T15:50:32.000Z,Uma importante vitória que garante direitos para as órfãs e órfãos do feminicídio. Honrada em ser autora desta matéria que vai beneficiar as crianças e adolescentes vítimas dessa tragédia. O Projeto de Lei agora segue para apreciação do Senado.,15,45,203
Maria do Rosário,@mariadorosario,https://twitter.com/mariadorosario/status/1633838826014797824,2023-03-09T14:35:06.000Z,"Participei hoje da cerimônia de posse de Arthur Chioro como Presidente da Ebserh, que presta amplos serviços para a saúde e educação pública no Brasil. Desejo sucesso nesta nova jornada na certeza de q estaremos juntos trabalhando por melhorias no desenvolvimento destes setores.",9,29,147
Maria do Rosário,@mariadorosario,https://twitter.com/mariadorosario/status/1633828513294983173,2023-03-09T13:54:07.000Z,"Hj na pauta o PL 976/22, de minha autoria, q institui pensão especial destinada às crianças e adolescentes órfãs por feminicídio. Dados dão conta de que o Brasil teve, somente em 2021, mais de 2300 órfãos e órfãs por feminicídio. O Estado precisa dar uma resposta a essa tragédia.",6,36,158
Maria do Rosário,@mariadorosario,https://twitter.com/mariadorosario/status/1633625177274630145,2023-03-09T00:26:08.000Z,"VITÓRIA! 

Aprovada urgência ao nosso PL 976/2022, q cria pensão especial p/ crianças e adolescentes órfãs e órfãos do feminicídio. É preciso enfrentar o feminicídio, e também proteger as vítimas indiretas, familiares e a própria sociedade. Amanhã votaremos o mérito da proposta.",23,68,353
Maria do Rosário,@mariadorosario,https://twitter.com/mariadorosario/status/1633598508874842114,2023-03-08T22:40:09.000Z,"Mais um avanço na garantia da dignidade das mulheres com a aprovação do PL 4534/21 de @tabataamaralsp. Projeto que criminaliza  a exigência de favor sexual para acessar direitos, e que tive a honra de relatar na CCJ.#8M2023",3,9,96
Maria do Rosário,@mariadorosario,https://twitter.com/mariadorosario/status/1633583281709932548,2023-03-08T21:39:39.000Z,Criminosa a postura de Bolsonaro e seus capangas ao tentar colocar as mãos nas joias retidas no Aeroporto de Guarulhos. Precisa ser responsabilizado por isto. E parabéns ao funcionário público que não se intimidou e teve postura corretíssima diante da tentativa de intimidação.,75,139,1.079
Maria do Rosário,@mariadorosario,https://twitter.com/mariadorosario/status/1633572176426160129,2023-03-08T20:55:31.000Z,"Mais uma conquista histórica ao lado do Presidente @lulaoficial, que assinou hoje o projeto de lei de Igualdade Salarial entre mulheres e homens e que agora, será encaminhado ao congresso. #8M #8M2023",18,45,268
Maria do Rosário,@mariadorosario,https://twitter.com/mariadorosario/status/1633538446022041615,2023-03-08T18:41:29.000Z,"Neste #8M2023, ao abrir a sessão da Câmara, fiz uma saudação a todas as mulheres do Brasil. Sobretudo neste momento, com a maior bancada feminina da história, q esta casa sirva a igualdade e ao respeito. As mulheres vão transformar a política em um lugar mais humano e justo. 💜",10,26,164
Maria do Rosário,@mariadorosario,https://twitter.com/mariadorosario/status/1633508215735427073,2023-03-08T16:41:22.000Z,"Este 8 de março marca a retomada na luta pelo respeito às mulheres. Com o Presidente @lulaoficial, estamos garantindo políticas públicas p/ igualdade econômica e social, e tb o combate a todos os tipos de violência contra mulheres. Por todas as Marielles, Márcias..Por Todas Nós💜",17,25,216
Maria do Rosário,@mariadorosario,https://twitter.com/mariadorosario/status/1633489535811067904,2023-03-08T15:27:08.000Z,"""Se dependesse do nosso governo, a desigualdade acabaria hj por decreto. Mas é preciso mudar políticas, mentalidades e todo sistema construído p perpetuar privilégios dos homens. Isso só é possível com luta. Todos avanços foram conquistados com mta luta.""@LulaOficial no #8M2023",13,22,104
Maria do Rosário,@mariadorosario,https://twitter.com/mariadorosario/status/1633487782092972032,2023-03-08T15:20:10.000Z,"""Houve um tempo em q o 8 de março era comemorado com distribuição de flores p mulheres, enquanto os outros 364 dias do ano eram marcados pela discriminação, o machismo e a violência. Hj, comemoramos a data com o respeito que as mulheres exigem.""@LulaOficial agora no #8M2023",9,10,102
Maria do Rosário,@mariadorosario,https://twitter.com/mariadorosario/status/1633477525841014784,2023-03-08T14:39:25.000Z,"O presidente @LulaOficial e ministras anunciam, neste momento, um conjunto de ações e participam da cerimônia de celebração do Dia Internacional das Mulheres. #DiaDasMulheres",7,32,107
Maria do Rosário,@mariadorosario,https://twitter.com/mariadorosario/status/1633464368804532224,2023-03-08T13:47:08.000Z,"Participei da sessão de entrega do Diploma Bertha Lutz, no Plenário do Senado, onde a primeira-dama @JanjaLula foi contemplada como destaque na defesa dos direitos da mulher e questões de gênero. Parabéns, querida Janja! Que seu trabalho ecoe para todas as mulheres do Brasil! 💜",108,177,1.156
Maria do Rosário,@mariadorosario,https://twitter.com/mariadorosario/status/1633440929238466563,2023-03-08T12:14:00.000Z,"Nossas palavras e nossos atos valem! Juntas, podemos transformar o mundo! O #8M representa a luta diária pela vida e direitos das mulheres.

Feliz dia das Mulheres para todas as guerreiras do nosso Brasil! 💜🌸",17,33,233
Maria do Rosário,@mariadorosario,https://twitter.com/mariadorosario/status/1633290460436258818,2023-03-08T02:16:05.000Z,"Pronunciamento da Ministra Cida Gonçalves para todos os brasileiros e brasileiras. 
Neste 8 de Março temos um governo que respeita as mulheres e apresenta políticas públicas para proteger e melhorar nossas vidas!",0,42,284
Maria do Rosário,@mariadorosario,https://twitter.com/mariadorosario/status/1633231355369627648,2023-03-07T22:21:13.000Z,"MARÇO DAS MULHERES! 

Aprovamos agora na Câmara o PL 81/22, que garante a todas as mulheres o direito a ter acompanhante em consultas e exames, inclusive os ginecológicos, nos estabelecimentos públicos e privados. Direito fundamental pela dignidade das mulheres.#8M2023 #8M",9,27,202
Maria do Rosário,@mariadorosario,https://twitter.com/mariadorosario/status/1633225104418111489,2023-03-07T21:56:23.000Z,"Este é um retrato da luta das mulheres como protagonistas na política do Brasil. Somos 91 mulheres deputadas federais – o maior quórum da história da Câmara – que, independente do partido, buscam ecoar suas vozes e de todas as brasileiras e brasileiros. #MulheresNaPolítica",40,91,717
Maria do Rosário,@mariadorosario,https://twitter.com/mariadorosario/status/1633179830362464258,2023-03-07T18:56:29.000Z,"Hj estive com o Min. da Educação @CamiloSantanaCE, onde tivemos um debate sobre o novo Ensino Médio. Sugeri q o MEC dialogue com quem será impactado pela mudança, como educadores(as), estudantes e profissionais do setor das redes estaduais e municipais e amplo diálogo com os IFs.",42,63,367
Maria do Rosário,@mariadorosario,https://twitter.com/mariadorosario/status/1633138196274970629,2023-03-07T16:11:02.000Z,"Me emocionei na entrevista ao programa Painel Eletrônico da Rádio Câmara hoje pela manhã. Em motivo do 8 de Março #8M, falamos sobre feminicídios no Brasil e a questão dos órfãos.",9,24,103
Maria do Rosário,@mariadorosario,https://twitter.com/mariadorosario/status/1633086248263753730,2023-03-07T12:44:37.000Z,"A partir de hj a Câmara dos Deputados se torna palco dos debates sobre 8 de Março. Nosso PL 03/2023, q cria o “Protocolo Não é Não”, ganhou destaque. Prevê o atendimento às mulheres em situação de assédio e violência sexual em bares, eventos festivos e estabelecimento comerciais.",15,36,189
Maria do Rosário,@mariadorosario,https://twitter.com/mariadorosario/status/1632861370797441025,2023-03-06T21:51:02.000Z,"Parabéns à escola Estado Maior da Restinga pela grande vitória do Carnaval de Porto Alegre pela Série Ouro. Com o enredo ""Bendita és Tu, Anastácia, Negra dos Olhos Azuis"", homenageou uma mulher negra escravizada símbolo de força e luta contra o racismo. Foi lindo e merecido!🏆",4,15,212
Maria do Rosário,@mariadorosario,https://twitter.com/mariadorosario/status/1632833316695965698,2023-03-06T19:59:33.000Z,"O Dia Internacional da Mulher – 8M – existe para nos lembrar que o mundo também é das mulheres. Que a democracia está incompleta sem que estejamos todas representadas em equidade. Os cuidados são direitos das mulheres, e não sua obrigação provê-los em lugar do estado.",11,35,163
Maria do Rosário,@mariadorosario,https://twitter.com/mariadorosario/status/1632824132067786756,2023-03-06T19:23:04.000Z,"Hoje é aniversário do querido companheiro e amigo de longa data e lutas @tarsogenro. Desejo um novo ciclo de cheio de esperança e garra para que possamos continuar reconstruindo o Brasil. Saúde e felicidades. Parabéns, eterno governador! 🥳",46,72,972
Maria do Rosário,@mariadorosario,https://twitter.com/mariadorosario/status/1632777117292277761,2023-03-06T16:16:14.000Z,"Participei em POA de reunião com prefeitos, prefeitas e vices do PT/RS, além de colegas parlamentares, para tratar das principais demandas dos municípios e da contribuição através de nossa atuação política em Brasília encaminhando pautas ao Governo Federal.",17,29,300
Maria do Rosário,@mariadorosario,https://twitter.com/mariadorosario/status/1632746433647370243,2023-03-06T14:14:19.000Z,"Atenção Mulheres!

Na pauta desta semana, dedicada ao #8M2023, entre as propostas está o requerimento de urgência ao nosso PL 03/23, que cria o ""Protocolo Não é Não"" de atendimento à mulher vítima de violência sexual ou assédio em estabelecimentos noturnos e outros. Acompanhem!",9,28,131
Maria do Rosário,@mariadorosario,https://twitter.com/mariadorosario/status/1632715540107067393,2023-03-06T12:11:33.000Z,"No relançamento do Bolsa Família, as mulheres seguem como guardiãs para receber o cartão e gerenciar os recursos do benefício. Autonomia é dignidade, é combate à violência, e é um direito. @lulaoficial está trabalhando para garantir direitos às mulheres.",27,76,330
Maria do Rosário,@mariadorosario,https://twitter.com/mariadorosario/status/1632495701476388864,2023-03-05T21:38:00.000Z,"Janja reforça o compromisso do governo e do próprio Presidente Lula no combate à violência contra as mulheres. Estaremos tanto no governo, quanto na Câmara, lutando para garantir direitos e avançar nas pautas em defesa das mulheres. 

Uma boa semana para todas e todos nós.",349,305,2.565
Maria do Rosário,@mariadorosario,https://twitter.com/mariadorosario/status/1632379264124239873,2023-03-05T13:55:19.000Z,"Hoje é aniversário do nosso querido ministro @wdiaspi. Meus sinceros desejos de saúde e felicidade, e de êxito no lindo trabalho que fez e continuará fazendo pelo Brasil. Felicidades companheiro!",8,12,142
Maria do Rosário,@mariadorosario,https://twitter.com/mariadorosario/status/1632374402401591297,2023-03-05T13:36:00.000Z,"O Bolsa Família voltou! A história da Isamara da Silva nos emocionou e mostrou o quanto o programa já mudou e vai continuar mudando a vida dos brasileiros e brasileiras. É mais renda, mais educação e mais saúde.",61,94,642
Maria do Rosário,@mariadorosario,https://twitter.com/mariadorosario/status/1632100849991180288,2023-03-04T19:29:00.000Z,"O verdadeiro triplex!  3 vezes Lula, 3 vezes luta! ❤️",1.085,424,6.245
Maria do Rosário,@mariadorosario,https://twitter.com/mariadorosario/status/1632010252865372161,2023-03-04T13:29:00.000Z,"As mulheres garantiram a vitória de Lula, e valeu a pena. Quem mais ai está orgulhosa de ter feito o L? #8M",246,224,2.590
Maria do Rosário,@mariadorosario,https://twitter.com/mariadorosario/status/1631996382302052352,2023-03-04T12:33:53.000Z,"Faleceu o cartunista Paulo Caruso, que junto com uma geração de artistas marcou época no enfrentamento irreverente à ditadura feito pelo Pasquim, e ao longo dos anos pelo trabalho como chargista no @rodaviva, da TV Cultura. Meus sentimentos à família e amigos.",21,131,1.105
Maria do Rosário,@mariadorosario,https://twitter.com/mariadorosario/status/1631776470279528452,2023-03-03T22:00:02.000Z,"O #Sextou é com a alegria de dizer que a Redenção é nossa e continuará sendo esse espaço acolhedor e democrático de lazer. Tenho orgulho de viver em Porto Alegre e ter sido acolhida por ela. A cidade é de todas e todos, e junto com Lula, vamos trazer alegria de volta para cá.",23,24,390
Maria do Rosário,@mariadorosario,https://twitter.com/mariadorosario/status/1631744343689101318,2023-03-03T19:52:22.000Z,"Hj estive com o @Cpersoficial e profissionais do setor na defesa e busca de direitos dos educadores e educadoras, estudantes e funcionários das escolas pela valorização da educação pública, q é parte da minha vida política e fundamental nas minhas lutas. União pela reconstrução!",14,18,226
Maria do Rosário,@mariadorosario,https://twitter.com/mariadorosario/status/1631655815642742785,2023-03-03T14:00:35.000Z,"Novos sonhos sendo realizados. @lulaoficial garantindo mais uma vez o direito à moradia para mais 1.440 famílias através do Minha Casa, Minha Vida. Esse é só o começo de um projeto que vai beneficiar mais de 2 milhões de brasileiros e brasileiras. ⭐🏡",26,41,264
Maria do Rosário,@mariadorosario,https://twitter.com/mariadorosario/status/1631624397252435970,2023-03-03T11:55:45.000Z,"O Bolsa Família, relançado ontem pelo Presidente @LulaOficial é mais que auxílio financeiro. É também acesso a direitos básicos como saúde, educação e assistência social. É começando por aí que vamos reconstruir o Brasil.⭐",21,52,347
Maria do Rosário,@mariadorosario,https://twitter.com/mariadorosario/status/1631407600540565509,2023-03-02T21:34:16.000Z,"Porto Alegre resiste. É uma vitória da nossa cidade a desistência da prefeitura de entregar a Redenção, um espaço democrático e tão lindo, à iniciativa privada pelos próximos 30 anos. O direito à cidade e seus espaços, também é um direito humano. Viva!",8,29,214
Maria do Rosário,@mariadorosario,https://twitter.com/mariadorosario/status/1631368128083943441,2023-03-02T18:57:25.000Z,"Dia de #tbt recente por aqui. Essa semana em Brasília está sendo de muito trabalho e fortes emoções, com o início do Mês das Mulheres, e encontros com pessoas e entidades incríveis q trabalham unidas por um Brasil justo, digno e democrático. Quantos momentos incríveis. 🥹💜",33,30,330
Maria do Rosário,@mariadorosario,https://twitter.com/mariadorosario/status/1631333317315375104,2023-03-02T16:39:06.000Z,"Nos últimos 12 meses, 28,9% (18,6 milhões) das mulheres relataram ter sido vítima de algum tipo de violência ou agressão no Brasil segundo o @forumseguranca. Isso é uma epidemia de vitimização das mulheres, que vamos enfrentar com políticas públicas. Chega da machismo!",3,16,79
Maria do Rosário,@mariadorosario,https://twitter.com/mariadorosario/status/1631308577326395401,2023-03-02T15:00:47.000Z,"O Presidente @Lulaoficial anuncia neste momento, a retomada oficial do Bolsa Família no Brasil, que contará com bolsa de R$ 600 por família, extra de R$ 150 por criança e R$50 para jovens. Mais um passo para a reconstrução do Brasil.",2,19,123
Maria do Rosário,@mariadorosario,https://twitter.com/mariadorosario/status/1631297880777535494,2023-03-02T14:18:17.000Z,"A Ministra @aniellefranco foi eleita uma das mulheres do ano pela revista @TIME. Uma mulher negra, potência na política antirracista e feminista. O Brasil tem orgulho de tê-la na linha de frente do governo e com projeção internacional. Demais!",75,154,1.662
Maria do Rosário,@mariadorosario,https://twitter.com/mariadorosario/status/1631284982613262343,2023-03-02T13:27:02.000Z,"Absurda iniciativa, governador @EduardoLeite_, de retomar estudos para pedagiar a RS-118, em Gravataí. O termo assinado na campanha se comprometendo de não colocar cobrança na rodovia não vale mais??#PedágioNa118Não",7,30,124
Maria do Rosário,@mariadorosario,https://twitter.com/mariadorosario/status/1631262767586979843,2023-03-02T11:58:45.000Z,"Ontem @LulaOficial recebeu o querido Pepe Mujica, ex-presidente do Uruguai, em Brasília. O presidente ainda presenteou Pepe com fotos dos dois no seu famoso fusca azul na última visita ao Uruguai.Essa é uma amizade de milhões. Quantas curtidas eles merecem?!💙📸 @ricardostuckert",79,134,1.981
Maria do Rosário,@mariadorosario,https://twitter.com/mariadorosario/status/1631043483812130817,2023-03-01T21:27:24.000Z,"A Câmara dos Deputados é do povo brasileiro. Os Diálogos Pela Democracia ocorrem com o protagonismo das mulheres, sinais de que o Brasil está mudando. Neste início do mês de março, é preciso ressaltar o papel das mulheres em especial. Estamos juntas nesta luta, por todas nós!💜",26,13,148
Maria do Rosário,@mariadorosario,https://twitter.com/mariadorosario/status/1631029259606142976,2023-03-01T20:30:53.000Z,"Que alegria para as Pelúcias e Resistências de todo Brasil! Essa é uma luta de longa data, que permite avançarmos com a pauta de garantia de direitos para todos os seres. Grande atitude do presidente @LulaOficial, que determinou ainda que a ação entre em vigor imediatamente.",9,29,246
Maria do Rosário,@mariadorosario,https://twitter.com/mariadorosario/status/1631014191267041280,2023-03-01T19:31:00.000Z,"Que orgulho ver um governo com mulheres fortes, engajadas e determinadas, que trabalham juntas para enfrentar as desigualdades. Terão nosso apoio nesta caminhada. Por Todas Nós! 💜",59,51,465
Maria do Rosário,@mariadorosario,https://twitter.com/mariadorosario/status/1630999677595271168,2023-03-01T18:33:20.000Z,"Hj celebramos o Dia das Catadoras e dos Catadores de Materiais Recicláveis. Dados revelam q cerca de 800 mil trabalhadores estão em atividade. Para além da profissão, eles travam uma luta por justiça social e preservação do planeta. Meu registro de reconhecimento e apoio à luta.",37,32,336
Maria do Rosário,@mariadorosario,https://twitter.com/mariadorosario/status/1630964633984024577,2023-03-01T16:14:05.000Z,"O Exército divulgou que não fará a divulgação da mensagem de aniversário do golpe militar de 1964 neste ano. A democracia vence novamente.

Que viremos, de uma vez por todas, esta ""página infeliz da nossa história"".#DItaduraNuncaMais #MemoriaVerdadeeJustiça",13,19,192
Maria do Rosário,@mariadorosario,https://twitter.com/mariadorosario/status/1630939019038142464,2023-03-01T14:32:18.000Z,"Com a bancada da educação na Câmara e com Fórum Nacional Popular de Educação (#FNPE), empenhados em reconstruir um Brasil que defenda a educação pública e popular, com gestão pública, gratuita, democrática, laica, inclusiva e de qualidade social para todas e todos. Vamos à luta!",9,28,102
Maria do Rosário,@mariadorosario,https://twitter.com/mariadorosario/status/1630919726237900800,2023-03-01T13:15:38.000Z,".@LulaOficial é o presidente do povo. Em 60 dias de governo, já mostrou para que veio. É por isso que me orgulho de fazer o L! ⭐♥️Se vc também tem, deixe o ""L"" aqui nos comentários!",3.190,813,8.653
