nome,usuario,idTweet,dataPublicacao,texto,replies,retweets,likes
Maria Arraes,@mariaarraespe,https://twitter.com/mariaarraespe/status/1641171346116706307,2023-03-29T20:11:55.000Z,FINALMENTE! Bolsonaro foi intimado pela Polícia Federal e vai ter que explicar o caso das joias sauditas que foram trazidas ilegalmente para o Brasil.,0,1,38
Maria Arraes,@mariaarraespe,https://twitter.com/mariaarraespe/status/1640453311420682247,2023-03-27T20:38:42.000Z,"FOI PRA ISSO QUE EU FIZ O L! Bolsa Família dará empurrão no PIB em 2023 e vai tirar três milhões de pessoas da extrema pobreza. Economistas projetam aumento da renda total das famílias de 3,5% neste ano.",0,4,34
Maria Arraes,@mariaarraespe,https://twitter.com/mariaarraespe/status/1640433582945476609,2023-03-27T19:20:18.000Z,"Uma professora ser assassinada, por um aluno, dentro de uma sala de aula, é uma tragédia que reflete o quanto falhamos como sociedade. Toda solidariedade às vítimas, seus colegas e familiares. Precisamos debater porquê casos como esse têm se tornado mais frequentes no Brasil.",3,3,27
Maria Arraes,@mariaarraespe,https://twitter.com/mariaarraespe/status/1639320905758154754,2023-03-24T17:38:55.000Z,Desejo melhoras e uma pronta recuperação ao presidente Lula. Estou certa de que ele rapidamente estará de volta em sua missão de reconstruir esse país❤️,0,0,35
Maria Arraes,@mariaarraespe,https://twitter.com/mariaarraespe/status/1638652354676371457,2023-03-22T21:22:20.000Z,"Muito feliz em trazer Lula de volta ao nosso Pernambuco, pela primeira vez, depois de ter sido eleito presidente de novo.",2,9,185
Maria Arraes,@mariaarraespe,https://twitter.com/mariaarraespe/status/1638614836366942227,2023-03-22T18:53:15.000Z,"Chegamos, Recife! Lula já está em terras pernambucanas ❤️Assim que pousamos, o presidente ligou para Marília, que está cuidando de Maria Magdalena e não pôde nos acompanhar.📸 @ricardostuckert",1,11,116
Maria Arraes,@mariaarraespe,https://twitter.com/mariaarraespe/status/1638595620620443648,2023-03-22T17:36:54.000Z,"Logo mais teremos o relançamento do Programa de Aquisição de Alimento (PAA), em uma cerimônia com a presença de Lula e os ministros Paulo Teixeira e Wellington Dias. É a agricultura familiar voltando a ter o protagonismo que merece na segurança alimentar do Brasil!",0,3,11
Maria Arraes,@mariaarraespe,https://twitter.com/mariaarraespe/status/1638595156189356064,2023-03-22T17:35:03.000Z,Chegamos no Recife! O presidente Lula já está em terras pernambucanas ❤️,0,1,13
Maria Arraes,@mariaarraespe,https://twitter.com/mariaarraespe/status/1638554440285265921,2023-03-22T14:53:16.000Z,"Hoje tem Lula em Pernambuco! Estou acompanhando a comitiva do presidente desde cedo. No momento, estamos em Campina Grande, na Paraíba, e logo mais seguiremos para o Recife. É o nordeste voltando a ter o protagonismo que merece no Governo Federal!",0,5,32
Maria Arraes,@mariaarraespe,https://twitter.com/mariaarraespe/status/1638257758603472902,2023-03-21T19:14:21.000Z,"O Brasil foi o último país a abolir a escravidão nas Américas, e até os dias atuais a nossa sociedade carrega o racismo estrutural. Não existe um futuro justo e democrático, sem a luta antirracista. A luta contra a discriminação racial é todos os dias.",0,2,20
Maria Arraes,@mariaarraespe,https://twitter.com/mariaarraespe/status/1637825579780022272,2023-03-20T14:37:02.000Z,"Uma semana que começa com o início do pagamento do novo Bolsa Família e com a volta do Mais Médicos, não tem como ser ruim! Boa semana pra todos nós! ❤️",2,5,30
Maria Arraes,@mariaarraespe,https://twitter.com/mariaarraespe/status/1637093205760942086,2023-03-18T14:06:50.000Z,"A escola deve ser um local de aprendizagem e acolhimento. As diversas denúncias de assédio sexual feitas pelas alunas do EREM Fernando Bezerra, em Ouricuri, são revoltantes. Que as vítimas sejam devidamente amparadas e que o assediador seja efetivamente punido. NÃO PASSARÃO!",1,7,42
Maria Arraes,@mariaarraespe,https://twitter.com/mariaarraespe/status/1636565750331604994,2023-03-17T03:10:55.000Z,"Importunação sexual é CRIME. Álcool NÃO É desculpa. A decisão da Globo em expulsar os dois participantes foi acertada, eles precisam responder pelos seus atos. Toda solidariedade a Dania! Que ela seja amparada e protegida nesse momento. #BBB23",0,6,41
Maria Arraes,@mariaarraespe,https://twitter.com/mariaarraespe/status/1636456646376321024,2023-03-16T19:57:23.000Z,O Nordeste tem potencial para ser o grande condutor do desenvolvimento do Brasil. Conversamos com o vice-presidente e ministro da Indústria e Comércio @geraldoalckmin e o ministro de Relações Institucionais @padilhando sobre as pautas de interesse da nossa região.,0,6,97
Maria Arraes,@mariaarraespe,https://twitter.com/mariaarraespe/status/1636392484472516608,2023-03-16T15:42:25.000Z,"60 pessoas foram assassinadas em Pernambuco durante o carnaval desse ano. Em média, 15 pessoas foram mortas por dia. Tivemos um aumento de 66,6% em relação ao último carnaval, em 2020. Agora tá explicado porque a governadora Raquel Lyra não queria mostrar esses números.",2,5,28
Maria Arraes,@mariaarraespe,https://twitter.com/mariaarraespe/status/1636074917165772804,2023-03-15T18:40:31.000Z,"BOLSONARO TEM 5 DIAS PARA DEVOLVER OS “PRESENTES”

Além disso, o TCU decidiu que se faça uma auditoria completa de tudo que ele ganhou entre 2019 e 2022",1,3,11
Maria Arraes,@mariaarraespe,https://twitter.com/mariaarraespe/status/1636070532448677889,2023-03-15T18:23:06.000Z,"Marielle, presente! #5AnosSemRespostas",0,6,130
Maria Arraes,@mariaarraespe,https://twitter.com/mariaarraespe/status/1636017690941833217,2023-03-15T14:53:07.000Z,A irresponsabilidade e o negacionismo do governo Bolsonaro deixaram vencer R$ 39 milhões de vacinas contra a Covid. Um desperdício de cerca de R$ 2 BILHÕES para os cofres públicos. Quantas vidas poderiam ter sido salvas?,1,3,3
Maria Arraes,@mariaarraespe,https://twitter.com/mariaarraespe/status/1635982347827806211,2023-03-15T12:32:41.000Z,"A Chesf é parte da identidade do povo nordestino, uma de suas maiores referências e estrutura fundamental na redução das desigualdades regionais. #ReestatizaEletrobrasJá",7,17,48
Maria Arraes,@mariaarraespe,https://twitter.com/mariaarraespe/status/1635981916422778881,2023-03-15T12:30:58.000Z,"A privatização da Eletrobras, e consequentemente da Chesf, foi concretizada no desgoverno entreguista de Bolsonaro, que colocou em mãos privadas a gestão do setor elétrico e dos rios onde estão instaladas as usinas hidrelétricas. #ReestatizaEletrobrasJá",7,34,80
Maria Arraes,@mariaarraespe,https://twitter.com/mariaarraespe/status/1635981791352815616,2023-03-15T12:30:28.000Z,"O controle das grandes usinas hidrelétricas é estratégico. Nenhum país de base hidroelétrica importante privatiza o setor elétrico. Até nos Estados Unidos, a propriedade e operação das grandes hidrelétricas pertencem a entidades públicas. #ReestatizaEletrobrasJá",4,26,53
Maria Arraes,@mariaarraespe,https://twitter.com/mariaarraespe/status/1635719056178151457,2023-03-14T19:06:27.000Z,"Marielle Franco se tornou um símbolo de enfrentamento à violência política de raça e gênero. Hoje completamos exatos 5 anos do seu assassinato brutal. 1826 dias sem resposta. Quem mandou matar Marielle e Anderson?

JUSTIÇA PARA MARIELLE E ANDERSON!#5AnosSemRespostas",0,4,19
Maria Arraes,@mariaarraespe,https://twitter.com/mariaarraespe/status/1634934781166383109,2023-03-12T15:10:02.000Z,"Viva Olinda! Viva Recife! As cidades irmãs de cultura, tradição e muita beleza ❤️ #recife #olinda",0,4,49
Maria Arraes,@mariaarraespe,https://twitter.com/mariaarraespe/status/1634657831944110082,2023-03-11T20:49:32.000Z,"Formalizei o meu compromisso em trazer recursos para o Hospital de Câncer de Pernambuco (HCP), uma instituição filantrópica e sem fins lucrativos que acolhe mais de 50% das pessoas com câncer do nosso estado.",4,8,84
Maria Arraes,@mariaarraespe,https://twitter.com/mariaarraespe/status/1634346778337091584,2023-03-11T00:13:31.000Z,"O governo federal tem se empenhado para acelerar a implementação do piso salarial de enfermagem, sendo uma das prioridades do Ministério de Saúde. Enquanto isso, a governadora de Pernambuco ignora o apelo da categoria, proíbe a greve e determina uma pena diária de R$ 50 mil.",6,10,42
Maria Arraes,@mariaarraespe,https://twitter.com/mariaarraespe/status/1634173858226814979,2023-03-10T12:46:23.000Z,"Muito triste com a notícia da partida de Rebeca, esposa do secretário de Turismo e Lazer de Pernambuco, Daniel Coelho. Meus sentimentos e solidariedade a ele, seus filhos e todos os familiares que enfrentam esta dor sem precedentes. Muita força e fé 🖤",0,5,44
Maria Arraes,@mariaarraespe,https://twitter.com/mariaarraespe/status/1633577218319286273,2023-03-08T21:15:33.000Z,Foi repugnante o discurso que o deputado bolsonarista fez no plenário da Câmara. Não podemos aceitar qualquer tipo de violência contra a mulher. Transfobia é crime e ultrapassa todos os limites de imunidade parlamentar e liberdade de expressão. Esse sujeito precisa ser CASSADO!,1,6,53
Maria Arraes,@mariaarraespe,https://twitter.com/mariaarraespe/status/1633531193458057217,2023-03-08T18:12:40.000Z,"A sensação de ver ao vivo o presidente Lula assinar mais de 20 ações promovendo políticas em defesa das mulheres, depois de assistir por 6 anos as nossas pautas serem deixadas de lado, é indescritível. Como é bom viver em um governo que respeita as mulheres.",3,11,193
Maria Arraes,@mariaarraespe,https://twitter.com/mariaarraespe/status/1632757768477192193,2023-03-06T14:59:21.000Z,"Nós proclamamos a República antes mesmo do Brasil. Desde a Revolução de 1817, homenageada hoje, somos reconhecidos pela força, garra e coragem de enfrentar injustiças em nome da liberdade. Viva a insurgência do povo pernambucano! Viva o nosso país Pernambuco! 💙❤️💛💚 #DataMagna",1,11,39
Maria Arraes,@mariaarraespe,https://twitter.com/mariaarraespe/status/1631825056807387140,2023-03-04T01:13:06.000Z,"Quando a gente acha que não podia piorar… PIORA!

Bolsonaro tentou trazer ilegalmente colar e brincos de diamante de R$ 16,5 milhões para Michelle Bolsonaro. Jair ainda mandou um ofício para Receita Federal devolver as jóias e até avião da FAB para buscar.",3,11,52
Maria Arraes,@mariaarraespe,https://twitter.com/mariaarraespe/status/1631723273842049025,2023-03-03T18:28:39.000Z,"A Dengue é um problema que aflige Pernambuco e toda a nossa região. Hoje, a Anvisa aprovou o registro de mais uma vacina contra essa doença. Viva a ciência! 💉❤️",2,5,35
Maria Arraes,@mariaarraespe,https://twitter.com/mariaarraespe/status/1631713698422173697,2023-03-03T17:50:36.000Z,"Com a assinatura da MP que retoma o Bolsa Família, o governo Lula traz de volta um programa vitorioso no combate à fome e à desigualdade no Brasil. Também melhora indicadores como a frequência escolar, acompanhamento pré-Natal e vacinação, requisitos para ter acesso ao benefício.",0,4,38
Maria Arraes,@mariaarraespe,https://twitter.com/mariaarraespe/status/1631283931692560390,2023-03-02T13:22:51.000Z,"Parabéns à ministra da Igualdade Racial, @AnielleFranco, eleita pela revista Time como uma das mulheres do ano em 2023. No governo de todas as mulheres, vamos avançar no combate ao racismo e em políticas públicas que promovam justiça social e equidade de gênero e raça.",3,14,65
Maria Arraes,@mariaarraespe,https://twitter.com/mariaarraespe/status/1630969867103764487,2023-03-01T16:34:52.000Z,"O vereador de Caxias do Sul Sandro Fatinel usa a tribuna de uma instituição pública para fazer discurso racista e xenófobo contra nordestinos, além de defender trabalho análogo à escravidão. Só podia ser bolsonarista! Que seja punido com o rigor da lei e cassado. É inaceitável!",1,5,40
Maria Arraes,@mariaarraespe,https://twitter.com/mariaarraespe/status/1630942750605471744,2023-03-01T14:47:07.000Z,"A troco de quê o governo do Estado quer abafar as estatísticas sobre a violência no Carnaval de Pernambuco? Por que tanto esconde-esconde? Sem os dados oficiais, ficamos sem um dos indicadores essenciais para avaliar a segurança pública.",3,13,65
Maria Arraes,@mariaarraespe,https://twitter.com/mariaarraespe/status/1630914523728158722,2023-03-01T12:54:58.000Z,"""Nunca fomos 11 ministras, nunca houve duas presidentas dos bancos públicos do País e nunca um governo deu tanta importância para as vidas das mulheres.” Cida Gonçalves, ministra das Mulheres.",1,6,45
