nome,usuario,idTweet,dataPublicacao,texto,replies,retweets,likes
Mauricio Neves,@MauricioNeves_,https://twitter.com/MauricioNeves_/status/1641151232445120516,2023-03-29T18:51:59.000Z,Todas nossas orações pelo Papa Francisco. 🙏  Rezo a Deus para sua pronta recuperação desta infecção respiratória.  🛐📿,1,1,3
Mauricio Neves,@MauricioNeves_,https://twitter.com/MauricioNeves_/status/1641078032923258884,2023-03-29T14:01:07.000Z,"Mais uma conquista! Nesse momento estou na Comissão de indústria, comércio e serviço, e acabo de conseguir a aprovação da minha proposta para criar a Subcomissão Permanente de apoio e Desenvolvimento das Micro e Pequenas Empresas.🧵👇",1,1,3
Mauricio Neves,@MauricioNeves_,https://twitter.com/MauricioNeves_/status/1641046844800212992,2023-03-29T11:57:11.000Z,"Gol Contra! Um absurdo o que fez o presidente da agência responsável por promover os produtos brasileiros no exterior.
Usou o dinheiro dos nossos impostos para criticar o agronegócio brasileiro na China. Vamos cobrar explicações!",0,0,0
Mauricio Neves,@MauricioNeves_,https://twitter.com/MauricioNeves_/status/1640812185734598663,2023-03-28T20:24:44.000Z,Muito obrigado deputada @leticiaaguiarsp Chegou a hora de acabar com essa impunidade no campo!,0,0,2
Mauricio Neves,@MauricioNeves_,https://twitter.com/MauricioNeves_/status/1640779639390969856,2023-03-28T18:15:24.000Z,"O Presidente da Câmara dos Deputados, @ArthurLira_ acaba de confirmar instalação da nossa CPI, que vai investigar as invasões de terra promovidas pelo MST. 
Não vamos aceitar que criminosos atrapalhem a produção agrícola brasileira. @Progressistas11 @TerezaCrisMS",2,0,5
Mauricio Neves,@MauricioNeves_,https://twitter.com/MauricioNeves_/status/1640778338254946305,2023-03-28T18:10:14.000Z,"O Presidente da Câmara dos Deputados, Arthur Lira acaba de confirmar instalação da nossa CPI, que vai investigar as invasões de terra promovidas pelo MST. 
Não vamos aceitar que criminosos atrapalhem a produção agrícola brasileira.",1,1,2
Mauricio Neves,@MauricioNeves_,https://twitter.com/MauricioNeves_/status/1640391392957440002,2023-03-27T16:32:39.000Z,"Nosso Governador Tarcísio de Freitas suspendeu compromissos em Londres devido a crise renal.
Desejo a ele pronta recuperação. São Paulo precisa dele com saúde e disposto para avançar. 🙏 #tarcísio",0,1,5
Mauricio Neves,@MauricioNeves_,https://twitter.com/MauricioNeves_/status/1640321888487342081,2023-03-27T11:56:28.000Z,"Três professores e um aluno foram esfaqueados agora dentro da Escola Estadual Thomazia Montoro, em São Paulo.
Precisamos repensar nosso modelo educacional! Esse tipo de crime está aumentando. Os pais deixam seus filhos nas escolas, e vão trabalhar temendo a segurança dos filhos.",0,1,3
Mauricio Neves,@MauricioNeves_,https://twitter.com/MauricioNeves_/status/1640320077978320899,2023-03-27T11:49:16.000Z,"O jornal Valor Econômico mostrou que o mercado de trabalho para os jovens é pior do que a média. Aqui na Câmara estou trabalhando para ampliar crédito e novos financiamentos para ajudar os jovens empreendedores.
O jovem quer empreender, o que falta é incentivo! #empreendebrasil",0,1,1
Mauricio Neves,@MauricioNeves_,https://twitter.com/MauricioNeves_/status/1640316706710081536,2023-03-27T11:35:53.000Z,Construindo um futuro sólido e próspero para todos os paulistas com o Governador @tarcisiogdf @ciro_nogueira @TerezaCrisMS @DelegadoOlim @DerriteSP #juntosporSãoPaulo #acreditesempre,1,2,3
Mauricio Neves,@MauricioNeves_,https://twitter.com/MauricioNeves_/status/1640314876135370752,2023-03-27T11:28:36.000Z,"O BNDES criou linhas de crédito para impulsionar a agropecuária brasileira. O governo pretende reduzir esses recursos. Vou cobrar explicações e solicitar que esses recursos que financiam nossa agricultura sejam mantidos.
O #Agro é a riqueza e a força do Brasil! #acreditesempre",0,0,4
Mauricio Neves,@MauricioNeves_,https://twitter.com/MauricioNeves_/status/1638862464803655681,2023-03-23T11:17:14.000Z,"Tolerância Zero com invasores! 
Fui um dos primeiros deputados a assinar a CPI para investigar quem está financiando as invasões de terras no Brasil.
Precisamos de paz no campo. Nossos agricultores não podem conviver com criminosos que não respeitam a propriedade privada.",0,3,7
Mauricio Neves,@MauricioNeves_,https://twitter.com/MauricioNeves_/status/1638860562737115140,2023-03-23T11:09:41.000Z,"Boa notícia para o nosso #agronegócio. O Governo chinês acaba de suspender o embargo à importação de carne bovina brasileira. 
Somos um dos maiores produtores de carne do mundo. Na Câmara dos Deputados estou trabalhando para que o setor possa crescer ainda mais. #AgroMercados",0,1,4
Mauricio Neves,@MauricioNeves_,https://twitter.com/MauricioNeves_/status/1638505437002596352,2023-03-22T11:38:32.000Z,Externo minha solidariedade ao Senador Sergio Moro. É inaceitável que facções criminosas planejem retaliar aqueles que trabalham para cumprir a lei. @SF_Moro,0,2,6
Mauricio Neves,@MauricioNeves_,https://twitter.com/MauricioNeves_/status/1638487493719760898,2023-03-22T10:27:14.000Z,"A Agência Câmara, publicou sobre o Projeto de Lei, que apresentei e determina que 30% dos recursos captados por bancos públicos sejam destinados a linhas de crédito para micro e pequenos empreendedores ao custo máximo equivalente a 50% da taxa Selic.",1,1,3
Mauricio Neves,@MauricioNeves_,https://twitter.com/MauricioNeves_/status/1638486979003179008,2023-03-22T10:25:12.000Z,"A Agência Câmara, publicou sobre o Projeto de Lei, que apresentei e  determina que 30% dos recursos captados por bancos públicos sejam destinados a linhas de crédito para micro e pequenos empreendedores ao custo máximo equivalente a 50% da taxa Selic.",0,1,2
Mauricio Neves,@MauricioNeves_,https://twitter.com/MauricioNeves_/status/1637927012945002496,2023-03-20T21:20:05.000Z,"Acabo de ver um estudo, realizado pelo advogado Hamilton Dias de Souza, que prevê que a Reforma tributária do Governo eleva carga sobre serviços em 210%.
Junto com minha equipe vamos estudar os dados, mas posso afirmar a vocês: NÃO aprovaremos aumento de impostos! #menosimpostos",1,1,3
Mauricio Neves,@MauricioNeves_,https://twitter.com/MauricioNeves_/status/1637428642631352322,2023-03-19T12:19:45.000Z,"Os jornais de hoje relatam a força do agronegócio brasileiro.
Esse ano o agro deve crescer 10%.
Fim das invasões de terras, ampliar o crédito agrícola e modernizar os processos de licenciamento, são as propostas que estou defendendo na Câmara dos Deputados. #agronegócio",0,1,4
Mauricio Neves,@MauricioNeves_,https://twitter.com/MauricioNeves_/status/1636671731283767297,2023-03-17T10:12:03.000Z,"Nós do @Progressistas11 defendemos um marco fiscal que garanta o equilíbrio das contas públicas, reduza o endividamento do Brasil e que melhore a eficiência do gasto público. 
Só assim venceremos a inflação, vamos  atrair novos investimentos e gerar empregos.",1,1,4
Mauricio Neves,@MauricioNeves_,https://twitter.com/MauricioNeves_/status/1636481938948063237,2023-03-16T21:37:53.000Z,"Chega de invasão de terras!
Conseguimos as assinaturas necessárias para instalação da CPI do MST.
Tolerância Zero com invasão de terras! Defender a propriedade privada e nossos agricultores é fundamental para garantir a paz e a produtividade no campo. #agro #diganãoainvasão",0,1,4
Mauricio Neves,@MauricioNeves_,https://twitter.com/MauricioNeves_/status/1635745929734045697,2023-03-14T20:53:14.000Z,"Parabéns Governador Tarcísio!
Leilão realizado com sucesso. O fundo de investimentos que arrematou o Rodoanel Mário Covas, investirá R$3,4 bi, gerando 15 mil empregos.
Com o leilão o trecho norte do Rodoanel, ficará pronto em junho de 2026.",0,2,5
Mauricio Neves,@MauricioNeves_,https://twitter.com/MauricioNeves_/status/1635680695874904064,2023-03-14T16:34:02.000Z,"O MST acaba de  invadir mais uma fazenda no interior da Bahia. Chegou a hora da Câmara dos Deputados dar um basta nesses atos criminosos. 
A volta da insegurança no campo, prejudica nossa agricultura. 
Se o Governo não toma providências, o poder legislativo tem que agir.",0,1,1
Mauricio Neves,@MauricioNeves_,https://twitter.com/MauricioNeves_/status/1635599751612710912,2023-03-14T11:12:23.000Z,"Morreu na noite desta segunda-feira (13), aos 77 anos, o ex-ministro Eliseu Padilha. Externo meus sentimentos e solidariedade aos familiares.",0,1,1
Mauricio Neves,@MauricioNeves_,https://twitter.com/MauricioNeves_/status/1635285287151747073,2023-03-13T14:22:49.000Z,"O perigo da inflação volta a assombrar a vida dos brasileiros. 
Já passou da hora do Governo apresentar uma proposta de controle dos gastos e medidas emergências para controlar a elevação dos preços.   
O boletim Focus divulgado hoje, prevê um aumento do IPCA para 5,96%.",0,1,1
Mauricio Neves,@MauricioNeves_,https://twitter.com/MauricioNeves_/status/1635281846706774016,2023-03-13T14:09:08.000Z,"Hoje (13), o Papa Francisco completa 10 anos de pontificado. Nessa década, Francisco tem marcado a realidade com sua presença. Sempre anunciando o Evangelho e convidando à fraternidade, à proximidade e à ternura, a exemplo de Jesus, como ele mesmo costuma dizer.#papafrancisco",0,0,0
Mauricio Neves,@MauricioNeves_,https://twitter.com/MauricioNeves_/status/1634330203399782402,2023-03-10T23:07:39.000Z,"Estou acompanhando as consequências da forte chuva que cai sobre Sorocaba. Diversos pontos da cidade estão alagados. Várias casas foram inundadas. 
Já coloquei nosso gabinete à disposição das autoridades locais para buscar recursos nos governos federal e estadual. #sorocaba",0,1,2
Mauricio Neves,@MauricioNeves_,https://twitter.com/MauricioNeves_/status/1634226288209674240,2023-03-10T16:14:44.000Z,"Estou muito feliz por receber essa honraria e a partir de hoje me tornar um cidadão Capão-Bonitense.
Confesso que tenho uma naturalidade afetiva com Capão Bonito, uma naturalidade do coração, é como se algo dentro de mim, pedisse para ser conterrâneo de todos os moradores.",1,1,2
Mauricio Neves,@MauricioNeves_,https://twitter.com/MauricioNeves_/status/1634166270579949572,2023-03-10T12:16:14.000Z,"Acaba de sair a inflação. infelizmente a elevação dos preços  acelerou a 0,84% em fevereiro.
O Governo precisa agir com urgência. Chegou a hora de menos discursos e mais ações para combater a inflação.",0,0,0
Mauricio Neves,@MauricioNeves_,https://twitter.com/MauricioNeves_/status/1633430243045195777,2023-03-08T11:31:32.000Z,As mulheres fazem a diferença diariamente em nossas vidas. Um feliz dia da mulher! #mulher #diadasmulheres #acreditesempre,0,1,1
Mauricio Neves,@MauricioNeves_,https://twitter.com/MauricioNeves_/status/1633410508656189441,2023-03-08T10:13:07.000Z,"Boa notícia! Duas semanas após as fortes chuvas, a rodovia Mogi -Bertioga foi liberada.
A cada novo dia, vamos reerguendo nosso litoral. Estamos trabalhando para liberar os recursos para construção das casas e do crédito para reerguer a  economia do litoral.",0,1,1
Mauricio Neves,@MauricioNeves_,https://twitter.com/MauricioNeves_/status/1633408245762072577,2023-03-08T10:04:07.000Z,"Sou radicalmente contra as invasões de terras. A polícia militar cumpriu as liminares de reintegração de posse dadas pela justiça e expulsou os invasores do MST, que há oito dias ocupavam três fazendas de reflorestamento da Suzano.
Não vamos aceitar que criminosos fiquem impunes.",0,1,2
Mauricio Neves,@MauricioNeves_,https://twitter.com/MauricioNeves_/status/1633211755584159744,2023-03-07T21:03:20.000Z,"Acaba de ser divulgado pelo Sebrae um estudo sobre o empreendedorismo feminino.
Os dados apontam que o número de donas de negócios alcançou 10,3 milhões no Brasil. É um recorde! Parabéns as mulheres que revelam a força do empreendedorismo brasileiro. #diadamulher #empreendedoras",0,1,1
Mauricio Neves,@MauricioNeves_,https://twitter.com/MauricioNeves_/status/1633064427376214018,2023-03-07T11:17:55.000Z,"Não vamos aceitar que o MST invada propriedades rurais. 
Vou cobrar ações concretas do Governo. 
Invasão de terra é crime. Esse desrespeito ao direito a propriedade privada é inaceitável. Nossa agricultura gera emprego, renda e paga impostos. É dever do Estado cumprir a lei!",0,1,4
Mauricio Neves,@MauricioNeves_,https://twitter.com/MauricioNeves_/status/1632722942172733442,2023-03-06T12:40:58.000Z,Nosso presidente @ciro_nogueira foi preciso na análise! Precisamos aglutinar forças para impedir o avanço do radicalismo na cidade de São Paulo. Somente uma ampla aliança permitirá nossa vitória nas eleições do próximo ano.,2,1,4
Mauricio Neves,@MauricioNeves_,https://twitter.com/MauricioNeves_/status/1632701035343933441,2023-03-06T11:13:55.000Z,"Boa notícia! Os esforços de todos começam a dar resultados. As aulas serão retomadas hoje nas escolas de São Sebastião. Ainda temos 1,5 mil alunos que não terão as aulas, já que as unidades escolares serviram de abrigos para moradores. Vamos juntos reconstruir nosso litoral!",1,1,5
Mauricio Neves,@MauricioNeves_,https://twitter.com/MauricioNeves_/status/1631339354101620751,2023-03-02T17:03:05.000Z,Mais um pedido atendido! Obrigado Governador Tarcísio por postergar o pagamento de ICMS das empresas do Litoral.,0,1,2
Mauricio Neves,@MauricioNeves_,https://twitter.com/MauricioNeves_/status/1631338776759812096,2023-03-02T17:00:47.000Z,Quero agradecer ao Governador Tarcísio por atender nosso pedido de postergar o pagamento de ICMS das empresas do litoral.,0,0,2
Mauricio Neves,@MauricioNeves_,https://twitter.com/MauricioNeves_/status/1631266961588985856,2023-03-02T12:15:25.000Z,"O IBGE acaba de divulgar o PIB de 2022, crescemos 2,9%. Vale destacar o papel dos empreendedores do setor de serviços, que cresceu 4,2%.
Crédito e o efeito reabertura impulsionaram bares, restaurantes, salões de beleza e turismo. Chegou a hora de reduzir os juros! #pib2022",0,0,2
Mauricio Neves,@MauricioNeves_,https://twitter.com/MauricioNeves_/status/1631266440253693952,2023-03-02T12:13:21.000Z,"O IBGE acaba de divulgar o PIB de 2022, crescemos 2,9%. Vale destacar que o papel dos empreendedores do setor de serviços, que cresceu 4,2%.
Crédito e o efeito reabertura impulsionaram bares, restaurantes, salões de beleza e turismo. Chegou a hora de reduzir os juros! #pib2022",0,0,0
Mauricio Neves,@MauricioNeves_,https://twitter.com/MauricioNeves_/status/1631245369723027461,2023-03-02T10:49:37.000Z,"Os desabrigados e desalojados pelas chuvas no litoral norte serão acomodados em hotéis e pousadas da região.
120 pousadas oferecerão 4100 leitos, tudo será custeado pela iniciativa privada.
Quero agradecer aos empresários e parabenizar o Governador Tarcísio pela liderança.",0,1,2
Mauricio Neves,@MauricioNeves_,https://twitter.com/MauricioNeves_/status/1630911768900894722,2023-03-01T12:44:01.000Z,"Os brasileiros que foram abastecer hoje, já perceberam o aumento de R$ 0,34 por litro de gasolina com a volta da cobrança de impostos.
Infelizmente, com mais impostos teremos mais inflação e manutenção dos juros altos.",0,1,2
