nome,usuario,idTweet,dataPublicacao,texto,replies,retweets,likes
Max Lemos,@maxlemosoficial,https://twitter.com/maxlemosoficial/status/1641536922433495048,2023-03-30T20:24:35.000Z,"Tendo em vista evitar casos de maus tratos a animais, como o crime cruel contra onças-pintadas que viralizou nesta semana, protocolei na Câmara um PL que altera a legislação vigente e visa aumentar a punição pela morte de animais silvestres da nossa fauna. A luta é de todos!",9,2,4
Max Lemos,@maxlemosoficial,https://twitter.com/maxlemosoficial/status/1641258330956898306,2023-03-30T01:57:33.000Z,Hoje também foi um dia importante na Comissão de Minas e Energia. Protocolamos o nosso requerimento solicitando realização de audiência pública a fim de discutir o vazamento radioativo da Eletronuclear em Angra dos Reis – RJ.,7,0,2
Max Lemos,@maxlemosoficial,https://twitter.com/maxlemosoficial/status/1641257919172730884,2023-03-30T01:55:55.000Z,"Criação de um programa de estado para estas localidades, criação de um documento que trate de estimular as prefeituras a gerarem este comportamento de buscar resolver de uma vez por todas esta dívida social que existe nestes locais, entre diversas outras ações.",0,0,0
Max Lemos,@maxlemosoficial,https://twitter.com/maxlemosoficial/status/1641257791800107009,2023-03-30T01:55:25.000Z,Nosso principal objetivo com essa inciativa é fazer um diagnóstico minucioso destas regiões; apresentar um documento ao governo federal para que haja uma definição para inclusão no orçamento da união para investimento anual nestas regiões;,0,0,2
Max Lemos,@maxlemosoficial,https://twitter.com/maxlemosoficial/status/1641257709918986241,2023-03-30T01:55:05.000Z,"Hoje, lançamos com grande alegria na Câmara Federal a nossa Frente Parlamentar Mista de Apoio à Habitação de Interesse Social, Regularização Fundiária, Urbanização e Saneamento para Favelas e Assentamentos Precários.",0,0,1
Max Lemos,@maxlemosoficial,https://twitter.com/maxlemosoficial/status/1639456808178704387,2023-03-25T02:38:57.000Z,Foi lindo o evento que marcou o nosso retorno ao PDT . Nada como estar em casa novamente… Saudações trabalhistas!,5,5,37
Max Lemos,@maxlemosoficial,https://twitter.com/maxlemosoficial/status/1638139893338578944,2023-03-21T11:26:00.000Z,"Nesta quinta-feira (23), será a nossa filiação no PDT, a partir das 18h, na ABI. Retornando às origens após 28 anos. Ansioso em poder voltar a fazer parte das fileiras do partido de Leonel Brizola. Espero vocês lá! Saudações trabalhistas!",7,22,151
Max Lemos,@maxlemosoficial,https://twitter.com/maxlemosoficial/status/1636713532233326596,2023-03-17T12:58:09.000Z,"Deu na mídia e é verdade. Após 28 anos, estamos voltando para o PDT, meu primeiro partido político. Filiação no próximo dia 23 na Associação Brasileira de Imprensa. Aguardo vcs lá!",11,1,9
Max Lemos,@maxlemosoficial,https://twitter.com/maxlemosoficial/status/1636712875086471168,2023-03-17T12:55:32.000Z,A reforma tributária é aguardada há muitos anos no Brasil. O ambiente está sendo construído e até o fim deste ano devemos votá-la na Câmara.,0,0,2
Max Lemos,@maxlemosoficial,https://twitter.com/maxlemosoficial/status/1636712828781436928,2023-03-17T12:55:21.000Z,"O sistema tributário atual dificulta o crescimento econômico e social do país, pois eleva os custos das empresas, prejudica a competitividade, penaliza os investimentos e traz insegurança jurídica.",0,0,2
Max Lemos,@maxlemosoficial,https://twitter.com/maxlemosoficial/status/1636712771122233345,2023-03-17T12:55:07.000Z,"Temos que descomplicar a questão dos tributos no Brasil. Nos países desenvolvidos, a quantidade de imposto é menor. Esse é um debate que deve se estender ao longo desse ano, pois não é uma coisa que se resolve da noite para o dia.",0,0,1
Max Lemos,@maxlemosoficial,https://twitter.com/maxlemosoficial/status/1636712701245153280,2023-03-17T12:54:51.000Z,"Está em tramitação na Câmara duas PECs sobre a reforma tributária. Os impostos sobre consumo respondem por quase a metade da arrecadação e a reforma quer unificar cinco deles (IPI, ICMS, ISS, Cofins e PIS) em um único imposto que será cobrado no destino final do bem ou serviço.",0,0,2
Max Lemos,@maxlemosoficial,https://twitter.com/maxlemosoficial/status/1636385792875716617,2023-03-16T15:15:50.000Z,"Nesta semana, as comissões permanentes da Câmara dos Deputados escolheram seus presidentes e membros. E, nós tivemos a felicidade de já no primeiro mandato como Deputado Federal ter assento em colegiados importantes para o futuro do Brasil e, especialmente, para o estado do RJ.",20,0,2
