nome,usuario,idTweet,dataPublicacao,texto,replies,retweets,likes
Murilo Galdino,@murilogaldinopb,https://twitter.com/murilogaldinopb/status/1639597654651838464,2023-03-25T11:58:37.000Z,"Hoje é o Dia Nacional do Oficial de Justiça. Com muita coragem, abnegação e determinação, os oficiais de justiça atuam para fazer a justiça acontecer. 
Parabéns a todos os profissionais!👊🏻",0,0,1
Murilo Galdino,@murilogaldinopb,https://twitter.com/murilogaldinopb/status/1639230675956953089,2023-03-24T11:40:23.000Z,"Hoje é o Dia Mundial de Combate à Tuberculose.  É uma doença infectocontagiosa que afeta principalmente os pulmões, mas ela TEM cura!
Então se atente aos sintomas: 
Tosse por mais de duas semanas, presença de secreção ao tossir, falta de apetite e cansaço intenso.",1,0,2
Murilo Galdino,@murilogaldinopb,https://twitter.com/murilogaldinopb/status/1638923904495304705,2023-03-23T15:21:23.000Z,"Hoje é o Dia Nacional do Piso Salarial dos Professores. A profissão que forma todas as outras profissões, merece ser devidamente valorizada e que os seus direitos sejam garantidos!👊🏻",0,0,1
Murilo Galdino,@murilogaldinopb,https://twitter.com/murilogaldinopb/status/1638922771182014464,2023-03-23T15:16:53.000Z,"O maior bairro de Campina Grande está
completando mais um ano no dia de hoje. São 40 anos de muita história. Desejo que o bairro continue crescendo e se desenvolvendo cada vez mais. Parabéns, Malvinas!👏🏻💙",0,0,1
Murilo Galdino,@murilogaldinopb,https://twitter.com/murilogaldinopb/status/1638649083438170112,2023-03-22T21:09:20.000Z,"Entrarei ao vivo na Arapuan FM!🎙️⏰18:15

Você não pode perder ⬇️https://youtube.com/live/4G-WnnkmjY8?feature=share…",0,0,1
Murilo Galdino,@murilogaldinopb,https://twitter.com/murilogaldinopb/status/1638514227131428865,2023-03-22T12:13:28.000Z,"Hoje é o Dia Mundial da Água. 🚰A água é fonte de vida, e devemos sempre lembrar a importância da preservação dela para a sobrevivência de todos os ecossistemas do planeta 🌎 , resgatando a pauta de conscientização e boas práticas de preservação. Sem água não há vida!💧",0,0,1
Murilo Galdino,@murilogaldinopb,https://twitter.com/murilogaldinopb/status/1637437308138930177,2023-03-19T12:54:11.000Z,"Hoje é o Dia do Cuscuz, prato reconhecido como patrimônio imaterial da humanidade e um clássico delicioso no prato de nós nordestinos. Não precisa de nenhuma data especial para comer um bom prato de cuscuz. Por aqui, no meu café da manhã, eu já comi. E você, já comeu também?😋",0,0,3
Murilo Galdino,@murilogaldinopb,https://twitter.com/murilogaldinopb/status/1636332567438802946,2023-03-16T11:44:20.000Z,"Ontem, assumi a titularidade de uma das principais e mais importantes comissões da Câmara dos Deputados, a Comissão de Constituição de Justiça (CCJ), responsável por analisar se as propostas em tramitação estão em conformidade com o texto constitucional.",1,0,2
Murilo Galdino,@murilogaldinopb,https://twitter.com/murilogaldinopb/status/1636331920542842881,2023-03-16T11:41:46.000Z,"Na tarde de ontem, estive com José de Lima , Procurador-Geral do Trabalho; Gláucio Araújo, Subprocurador-Geral e Diretor-Geral do MPT; Janine Miranda, Procuradora e Secretária de Assuntos Legislativos do MPT e Ivan Sérgio Camargo, Procurador de Secretário de Assuntos Legislativos",1,0,2
Murilo Galdino,@murilogaldinopb,https://twitter.com/murilogaldinopb/status/1634877109914030083,2023-03-12T11:20:52.000Z,"Hoje é o Dia do Bibliotecário, cuja importância vai muito além de apenas manter uma biblioteca em ordem, ele trabalha para o progresso cultural do país. Parabéns a todos os bibliotecários paraibanos!",0,0,2
Murilo Galdino,@murilogaldinopb,https://twitter.com/murilogaldinopb/status/1634540541881843714,2023-03-11T13:03:28.000Z,"No mesmo dia de hoje, em 2020, a COVID-19 foi declarada pandemia. Nós não imaginávamos tudo o que aconteceria nos anos que se seguiriam.",1,0,3
Murilo Galdino,@murilogaldinopb,https://twitter.com/murilogaldinopb/status/1633065482390589440,2023-03-07T11:22:06.000Z,"O Dia do Fuzileiro Naval é comemorado hoje. São militares, parte integrante da Marinha do Brasil. Sua existência é fundamental para a resolução de conflitos e garantia do bem-estar da população, em qualquer lugar do mundo. Parabéns a todos!👏🏻",0,0,3
Murilo Galdino,@murilogaldinopb,https://twitter.com/murilogaldinopb/status/1630896723672399872,2023-03-01T11:44:14.000Z,"Hoje começa março e junto com ele um período de atenção especial à saúde da mulher. É o Mês da Conscientização e Combate ao Câncer de Colo de Útero, que é a quarta maior causa de morte de mulheres por câncer no Brasil, segundo o Instituto Nacional de Câncer (INCA).",1,0,2
