nome,usuario,idTweet,dataPublicacao,texto,replies,retweets,likes
Olival Marques,@OlivalMarquesOf,https://twitter.com/OlivalMarquesOf/status/1639332549099921409,2023-03-24T18:25:11.000Z,"Minha solidariedade às famílias das vítimas do grave acidente envolvendo um micro-ônibus e uma carreta bitrem na PA-150 entre Marabá e Nova Ipixuna. Que nesse momento de tristeza que haja paz, coragem e amor.",404,8,3
Olival Marques,@OlivalMarquesOf,https://twitter.com/OlivalMarquesOf/status/1635235315823833093,2023-03-13T11:04:15.000Z,"Eu te louvarei, Senhor, de todo o coração; diante dos deuses cantarei louvores a ti. (Salmos 138:1)

Desejo uma semana abençoada a todos!",236,11,9
Olival Marques,@OlivalMarquesOf,https://twitter.com/OlivalMarquesOf/status/1634516777781669888,2023-03-11T11:29:02.000Z,"Os que confiam no 
Senhor
são como o monte Sião, 
que não se pode abalar, mas permanece para sempre.
(Salmos 125:1)

Bom dia a todos.",51,0,2
Olival Marques,@OlivalMarquesOf,https://twitter.com/OlivalMarquesOf/status/1633780851816243200,2023-03-09T10:44:43.000Z,"Deem graças ao 
Senhor
porque ele é bom; 
o seu amor dura para sempre.
(Salmos. 118:1).

Bom dia a todos!",16,1,2
Olival Marques,@OlivalMarquesOf,https://twitter.com/OlivalMarquesOf/status/1633063288849289221,2023-03-07T11:13:23.000Z,"Senhor, quero dar-te graças de todo o coração e falar de todas as tuas maravilhas. (Salmos 9:1)

Bom dia a todos.",8,0,3
Olival Marques,@OlivalMarquesOf,https://twitter.com/OlivalMarquesOf/status/1632874450633752576,2023-03-06T22:43:01.000Z,"Continuamos a nossa agenda, me reuni com a Secretária de Estado de Planeamento e Administração - SEPLAD, Eliete. Conversamos diversos assuntos que irão beneficiar a população do nosso Estado.
O federal a serviço do povo!#deputadofederalolivalmarques",12,0,2
Olival Marques,@OlivalMarquesOf,https://twitter.com/OlivalMarquesOf/status/1632874114397478913,2023-03-06T22:41:40.000Z,"Em reunião com o vereador @emiliomonteiro do município de Bragança, dialogamos e firmamos parceria em favor do povo bragantino e colocamos o nosso mandato à disposição.",4,0,3
Olival Marques,@OlivalMarquesOf,https://twitter.com/OlivalMarquesOf/status/1632873694472159233,2023-03-06T22:40:00.000Z,"Hoje foi dia de receber @pastorcarlosdejesus e @cantoraraquelveras no
programa HDC com Olival Marques no @qgu.Web.
Ocasal de amigos paraense residem em Goiânia há 30 anos.",3,1,0
Olival Marques,@OlivalMarquesOf,https://twitter.com/OlivalMarquesOf/status/1632727510692536326,2023-03-06T12:59:07.000Z,"Bom dia pessoal.
Daqui a pouquinho estaremos ao vivo na @qgu.web",3,0,0
Olival Marques,@OlivalMarquesOf,https://twitter.com/OlivalMarquesOf/status/1631793468195438592,2023-03-03T23:07:34.000Z,"O mês de março é marcado pela realização da campanha Março Lilás, uma mobilização que visa a conscientização da população ao combate do câncer de colo de útero.
O câncer de colo uterino está entre os mais incidentes entre as mulheres brasileiras. Nós apoiamos está causa.",0,0,0
