nome,usuario,idTweet,dataPublicacao,texto,replies,retweets,likes
Orlando Silva,@orlandosilva,https://twitter.com/orlandosilva/status/1641539941724479488,2023-03-30T20:36:35.000Z,"Chegamos ao final do dia. O ladrão de joias voltou e SÓ SE FALA EM OUTRA COISA!

Que maravilha é ver o ocaso desse marginal!",10,8,75
Orlando Silva,@orlandosilva,https://twitter.com/orlandosilva/status/1641471517434302466,2023-03-30T16:04:41.000Z,"Cumprimentos ao ministro @Haddad_Fernando e à ministra @simonetebetbr pela criatividade na construção da nova âncora fiscal, que deixará de ser um entrave ao desenvolvimento nacional.

O exótico “teto de gastos” definitivamente é passado. Que cheguem logo os bons tempos!",6,10,73
Orlando Silva,@orlandosilva,https://twitter.com/orlandosilva/status/1641418116574920704,2023-03-30T12:32:29.000Z,"Cuidado redobrado com relógios, aneis, correntes e pulseiras.",4,8,52
Orlando Silva,@orlandosilva,https://twitter.com/orlandosilva/status/1641395979550072837,2023-03-30T11:04:31.000Z,"Bolsonaro desembarcou no Brasil.

Prepare a cela, Bob Jeff, tem visita chegando em breve.",5,6,81
Orlando Silva,@orlandosilva,https://twitter.com/orlandosilva/status/1641384574042120193,2023-03-30T10:19:12.000Z,"Hoje é dia de lamento e esperança.

Lamento pelo retorno ao país do pior governante que tivemos em todos os tempos. Bolsonaro, um cafajeste que zombou da morte e da fome do nosso povo.

Esperança, porque é o primeiro passo para que ele pague por seus crimes e termine na cadeia!",7,15,92
Orlando Silva,@orlandosilva,https://twitter.com/orlandosilva/status/1641181514053431298,2023-03-29T20:52:19.000Z,"A Michelle já disse que não quer passar nem perto do aeroporto para receber o Coiso.

A Polícia Federal já marcou depoimento de Bolsonaro no dia 5, para explicar o furto das joias.

Esse vai ficar sem visita quando estiver em cana...",4,12,122
Orlando Silva,@orlandosilva,https://twitter.com/orlandosilva/status/1641128007740932116,2023-03-29T17:19:42.000Z,"Hoje pela manhã, falei à @CBNoficial sobre o PL 2630 e os desafios para combater a desinformação. As plataformas não podem lavar as mãos diante de conteúdos ilegais e nem ajudar a promovê-los. Elas têm o dever de cuidado.

Agradeço à @cassiagodoy e @miltonjung pela oportunidade.",3,9,48
Orlando Silva,@orlandosilva,https://twitter.com/orlandosilva/status/1641108785371521028,2023-03-29T16:03:19.000Z,"🚨 VITÓRIA DA CIÊNCIA! O presidente @LulaOficial assinou hoje a liberação do FNDCT para o Ministério de Ciência e Tecnologia.

São mais de 4 bilhões que deixam de ser represados e passam a ser investidos no desenvolvimento científico e econômico do país.",0,9,43
Orlando Silva,@orlandosilva,https://twitter.com/orlandosilva/status/1641067470638161921,2023-03-29T13:19:09.000Z,"O ministro @FlavioDino submeteu a oposição a um massacre de inteligência e bom humor na sessão da CCJ.

Nossa tática agora vai ser a seguinte: quando a situação estiver tensa, a base governista convoca o Dino para outro show.

Te cuida, @DinoDebochado, teu emprego tá em risco.",5,25,403
Orlando Silva,@orlandosilva,https://twitter.com/orlandosilva/status/1641060786108866564,2023-03-29T12:52:35.000Z,"O @jornalnacional repercutiu a audiência pública do STF sobre a constitucionalidade do Art. 19 do Marco Civil da Internet. 

Falei sobre a necessidade de dar transparência aos algoritmos. Não é possível aceitar modelos de negócios que incentivam extremismos e conteúdos de ódio.",13,16,73
Orlando Silva,@orlandosilva,https://twitter.com/orlandosilva/status/1641027828199071744,2023-03-29T10:41:37.000Z,Agora na @CBNoficial. Acompanhem!,0,1,5
Orlando Silva,@orlandosilva,https://twitter.com/orlandosilva/status/1641017584035282946,2023-03-29T10:00:55.000Z,"Bom dia! Às 7h30 da manhã estarei ao vivo na @CBNoficial falando sobre o Marco Civil da Internet, Lei das Fake News e outros assuntos. Acompanhem!",3,1,32
Orlando Silva,@orlandosilva,https://twitter.com/orlandosilva/status/1640838207905361922,2023-03-28T22:08:08.000Z,"Participei da audiência pública no STF sobre a constitucionalidade do Art. 19 do MCI. Falei sobre o debate que travamos na Câmara sobre responsabilidade e transparência das plataformas, questões fundamentais para a garantia da liberdade de expressão. Venceremos a desinformação!",9,14,52
Orlando Silva,@orlandosilva,https://twitter.com/orlandosilva/status/1640830340431216640,2023-03-28T21:36:52.000Z,"O ministro @FlavioDino compareceu à CCJC falou dos planos do Ministério da Justiça e enquadrou os bolsonaristas, com classe.

Só faltou a oposição implorar para que a reunião acabasse logo…",6,16,131
Orlando Silva,@orlandosilva,https://twitter.com/orlandosilva/status/1640802860299440128,2023-03-28T19:47:41.000Z,É sério que funcionários do governo Bolsonaro viajaram CENTO E CINQUENTA vezes para a Arábia Saudita em 4 anos? Está cada vez mais estranha essa relação...,7,43,236
Orlando Silva,@orlandosilva,https://twitter.com/orlandosilva/status/1640739784279703556,2023-03-28T15:37:02.000Z,"Ciro Nogueira disse que Bolsonaro ""não tem cara de ladrão"". Cabe a pergunta: qual seria o estereótipo de ladrão para o senador? Sabemos a opinião da casa-grande sobre isso.

Não interessa a cara e sim a conduta tipificada. No caso de Bolsonaro, PECULATO. Artigo 312 do Cod. Penal.",12,39,185
Orlando Silva,@orlandosilva,https://twitter.com/orlandosilva/status/1640724669077639171,2023-03-28T14:36:58.000Z,"Bonito ver os estudantes abraçando a escola, pedindo paz e manifestando solidariedade às vítimas do ataque que ceifou a vida da professora Elisabeth. O ódio se combate com amor, a intolerância se combate com luta por uma escola inclusiva. Parabéns!",4,3,21
Orlando Silva,@orlandosilva,https://twitter.com/orlandosilva/status/1640702737846337536,2023-03-28T13:09:50.000Z,"Participo da audiência pública no STF sobre os Recursos Extraordinários que debatem a constitucionalidade do Art. 19 do Marco Civil da Internet.

O pano de fundo da questão é a responsabilização das plataformas sobre conteúdos postados. Acompanhem aqui:",1,5,16
Orlando Silva,@orlandosilva,https://twitter.com/orlandosilva/status/1640669355020107784,2023-03-28T10:57:11.000Z,"Pergunta sincera e que deveria estar no cardápio da investigação da Polícia Federal: a troco de que um chefe de Estado presentearia outro com 3 conjuntos de joias que valem quase 20 milhões de reais?

Basta saber quais presentes foram ofertados a outros. Rotineiro não parece ser.",3,13,52
Orlando Silva,@orlandosilva,https://twitter.com/orlandosilva/status/1640662889617866760,2023-03-28T10:31:29.000Z,"🚨 ATENÇÃO! Segundo o Estadão, Bolsonaro recebeu e furtou um terceiro estojo de joias, com um relógio Rolex cravejado de diamantes. As peças são avaliadas em mais de R$500 mil.

Bolsonaro é um bandido contumaz, só não levou as paredes  do Alvorada porque não cabiam no caminhão.",10,30,134
Orlando Silva,@orlandosilva,https://twitter.com/orlandosilva/status/1640523949585866752,2023-03-28T01:19:23.000Z,"Histórica a programação da @TVBrasil sobre democracia, numa leitura do golpe militar e desafios do nosso tempo.

Comovente ver a participação de @felipeneto !

Muito bom!",31,69,839
Orlando Silva,@orlandosilva,https://twitter.com/orlandosilva/status/1640455558825226242,2023-03-27T20:47:38.000Z,Fiquei orgulhoso do diálogo de minha pequena Maria com nosso senador @esuplicy sobre o significado do chamado “novo ensino médio” e o que faz ela ter uma visão crítica desse projeto.,1,7,67
Orlando Silva,@orlandosilva,https://twitter.com/orlandosilva/status/1640366067515105281,2023-03-27T14:52:01.000Z,"Minha solidariedade às famílias das vítimas e à toda a comunidade escolar. É dilacerante o que aconteceu na Escola Estadual Thomazia Montoro, na Vila Sônia (SP).

A escola deve ser um lugar seguro e não violento.👇🏿",2,6,49
Orlando Silva,@orlandosilva,https://twitter.com/orlandosilva/status/1640322918935588865,2023-03-27T12:00:34.000Z,"🚨 URGENTE! Na manhã desta segunda, um adolescente de 13 anos atacou a facadas três professores e um colega, em uma escola estadual da zona oeste paulistana. Não há notícia de vítimas fatais. 

A informação é da CBN. A motivação ainda não é conhecida.",0,4,21
Orlando Silva,@orlandosilva,https://twitter.com/orlandosilva/status/1640316157377884160,2023-03-27T11:33:42.000Z,"Uma tragédia que se abate sobre nossa juventude. Há uma década que o Brasil está no atoleiro econômico. Sem crescimento, nem mestres e doutores conseguem oportunidades de trabalho e acabam migrando para paises ricos. Reindustrializar o país é urgente!",3,12,46
Orlando Silva,@orlandosilva,https://twitter.com/orlandosilva/status/1639666352519618561,2023-03-25T16:31:36.000Z,"Infelizmente, @LulaOficial teve que cancelar a viagem à China, em virtude da pneumonia. Seria importante para a economia e uma demonstração da postura altiva do Brasil, que dialoga com o mundo.

Mas não dá para brincar com questões de saúde. Força, Lula!",4,12,154
Orlando Silva,@orlandosilva,https://twitter.com/orlandosilva/status/1639315499749195781,2023-03-24T17:17:26.000Z,"Em Buenos Aires, participei da marcha em memória aos mais de 30 mil mortos e desaparecidos políticos vitimados pela ditadura Argentina. Em 2023, completam-se 43 anos da redemocratização. Lembrar é resistir! Viva a democracia!",0,5,49
Orlando Silva,@orlandosilva,https://twitter.com/orlandosilva/status/1639290999942836232,2023-03-24T15:40:05.000Z,Desejo sucesso à presidenta @dilmabr na desafiadora responsabilidade de conduzir o Banco dos BRICs. Trabalhar pelo desenvolvimento é uma honrosa e importante missão!,2,7,60
Orlando Silva,@orlandosilva,https://twitter.com/orlandosilva/status/1639285722493464576,2023-03-24T15:19:07.000Z,"Encerrou-se ontem (23) o Encontro Parlamentar ""Direitos Humanos e Políticas Públicas na América Latina"", organizado pelo Instituto MERCOSUL de Políticas Públicas em Direitos Humanos (IPPDH - @ippdhmercosur) e pela Comissão de Cidadania e Direitos Humanos do @parlasur. 👇🏿",2,4,21
Orlando Silva,@orlandosilva,https://twitter.com/orlandosilva/status/1639246136954216449,2023-03-24T12:41:49.000Z,"🚨 URGENTE!!! Em votação apertada, os Metroviários acabam de decidir pelo ENCERRAMENTO DA GREVE!

Com cerca de 3 mil votantes, a proposta venceu por menos de 30 votos de diferença. 

Parabenizo a categoria pela luta!",1,3,37
Orlando Silva,@orlandosilva,https://twitter.com/orlandosilva/status/1639238818946490370,2023-03-24T12:12:44.000Z,"Acaba de sair o IPCA-15, uma prévia da inflação divulgada pelo IBGE. 

Aumento de 0,69% em março, queda acentuada em relação ao 0,9% do março de 2022 e também em relação a fevereiro/23. Anualizada, a inflação está na casa de 5% e recuando.

Ou seja: SELIC A 13,75% É SABOTAGEM!",14,40,159
Orlando Silva,@orlandosilva,https://twitter.com/orlandosilva/status/1639226413562601472,2023-03-24T11:23:27.000Z,"ATENÇÃO! A CBN acaba de informar que o presidente @LulaOficial foi diagnosticado com pneumonia e adiará o embarque para a viagem à China.

Desejo pronto restabelecimento ao presidente e a execução dessa agenda fundamental para a economia do país. Saúde, Lula!",3,5,113
Orlando Silva,@orlandosilva,https://twitter.com/orlandosilva/status/1639212224312147970,2023-03-24T10:27:04.000Z,"Eu não sei se entendi direito. O Ministério Público do Trabalho propõe em conciliação que o Metrô pague o abono em 3 parcelas de R$2.500 aos Metroviários. Ou seja, R$7.500. A ""contraproposta"" da empresa é pagar apenas R$2.000. É uma provocação?",3,16,80
Orlando Silva,@orlandosilva,https://twitter.com/orlandosilva/status/1639202308440424448,2023-03-24T09:47:39.000Z,Bom dia! A greve no Metrô continua na manhã desta sexta-feira. A intransigência e falta de compromisso do governo estadual não deixa outra opção aos trabalhadores para buscar seus direitos. Espero que hoje a empresa aceite a proposta do MP e a greve acabe.,0,7,46
Orlando Silva,@orlandosilva,https://twitter.com/orlandosilva/status/1639084143622365184,2023-03-24T01:58:07.000Z,"🚨 GREVE NO METRÔ! São inúmeras idas e vindas, mas há uma constante: a falta de compromisso do governo Tarcísio com os direitos dos trabalhadores e, principalmente, com a população.

Até que se negocie com seriedade, a greve continua amanhã! Parabéns à categoria!",1,6,43
Orlando Silva,@orlandosilva,https://twitter.com/orlandosilva/status/1638950490259230720,2023-03-23T17:07:01.000Z,"No programa de TV do @pcdob_oficial, levamos a esperança de um futuro melhor para o povo brasileiro. É hora de reconstrução, tempo de ver nossa gente feliz de novo. É para isso que lutamos!",0,6,28
Orlando Silva,@orlandosilva,https://twitter.com/orlandosilva/status/1638923235696824325,2023-03-23T15:18:43.000Z,"Ontem, no Fórum Mundial de Direitos Humanos, tive o privilégio de participar do lançamento da fotobiografia de Marielle Franco ao lado do meu amigo e ministro @silviolual. Enaltecer a trajetória de negros e negras que deram suas vidas pelo povo é lutar pela igualdade. ✊🏿",1,5,44
Orlando Silva,@orlandosilva,https://twitter.com/orlandosilva/status/1638878040318148608,2023-03-23T12:19:08.000Z,"À matilha bolsonarista, que tem espalhado mentiras absurdas para criminalizar o governo que IMPEDIU O ATENTADO, é bom que saibam que a facção criminosa planejava atacar o vice-presidente @geraldoalckmin.",0,16,55
Orlando Silva,@orlandosilva,https://twitter.com/orlandosilva/status/1638866751403311106,2023-03-23T11:34:16.000Z,"🚨 ATENÇÃO!!! O Metrô acaba de aceitar a sugestão do Sindicato dos Metroviários e a operação vai voltar a funcionar com CATRACA LIVRE. Assim, as negociações podem continuar sem prejudicar a população.",1,29,144
Orlando Silva,@orlandosilva,https://twitter.com/orlandosilva/status/1638848734992928768,2023-03-23T10:22:41.000Z,"ATENÇÃO!!! Metrô e monotrilho de São Paulo estão em greve na manhã desta quinta-feira, em virtude de falta de acordo quanto a direitos dos trabalhadores. 

Os metroviários propuseram trabalhar com catraca livre para não prejudicar a população, mas o governo do estado não aceitou.",9,13,77
Orlando Silva,@orlandosilva,https://twitter.com/orlandosilva/status/1638769929011843075,2023-03-23T05:09:32.000Z,"A decisão do Banco Central de manter a Selic em pornográficos 13,75% demonstra a captura do Estado pelo rentismo. 

Não há justificativa técnica, não há padrão internacional. O que há é uma espécie de politização às avessas: se o país pede água, o BC dá vinagre. SABOTAGEM!",11,68,268
Orlando Silva,@orlandosilva,https://twitter.com/orlandosilva/status/1638695737562218499,2023-03-23T00:14:43.000Z,"Participo do Fórum Mundial de Direitos Humanos, em Buenos Aires (Argentina). 

Registros da sessão de parlamentares pela democracia, direitos humanos e
paz e do reencontro com a querida vereadora carioca @monica_benicio.",1,3,27
Orlando Silva,@orlandosilva,https://twitter.com/orlandosilva/status/1638642920726175746,2023-03-22T20:44:51.000Z,"Todo dia 22 de março, o Brasil celebra a vida do gênio carioca @jorgebenjoroficial. A voz que marca gerações, começou a se dedicar à música aos 13 anos e, embora quisesse ser jogador de futebol, a carreira como cantor logo deslanchou. 👇🏿",1,2,16
Orlando Silva,@orlandosilva,https://twitter.com/orlandosilva/status/1638613487164293120,2023-03-22T18:47:53.000Z,"Encontrei @ManuelaDavila em Buenos Aires. Viemos para o Fórum Mundial de Direitos Humanos.

Manu é garantia de conversa inteligente sobre a vida, política e futuro.

Vale a lição de Gonzaguinha: “fé no que virá, nós podemos tudo, nós podemos mais, vamos lá fazer o que será.”",2,4,203
Orlando Silva,@orlandosilva,https://twitter.com/orlandosilva/status/1638562119405694977,2023-03-22T15:23:46.000Z,"Bolsonaro tinha prometido voltar com pompa e circunstância ao Brasil no dia 29 de março. Já deu pra trás. 

Agora, vai continuar vadiando nos EUA e depois fazer um tour no convescote dos fascistas na Europa.  

Isso é medo de ir em cana! A real é que Bolsonaro é covarde e fujão.",1,8,47
Orlando Silva,@orlandosilva,https://twitter.com/orlandosilva/status/1638547616500785152,2023-03-22T14:26:09.000Z,"Hoje é dia mundial da água, mas infelizmente há poucos motivos para a Nação que tem a maior reserva de água potável no mundo comemorar.

Segundo o Ranking do Saneamento, cerca de 35 milhões de brasileiros não têm acesso à água tratada, 100 milhões não têm coleta de esgoto. 👇🏿",5,12,42
Orlando Silva,@orlandosilva,https://twitter.com/orlandosilva/status/1638530871148904448,2023-03-22T13:19:36.000Z,"Bolsonaro levou fome, destruição e morte ao povo yanomami. Lula leva comida, reconstrução e vida. Genocídio nunca mais!",0,4,30
Orlando Silva,@orlandosilva,https://twitter.com/orlandosilva/status/1638521135594602496,2023-03-22T12:40:55.000Z,"A Polícia Federal desbaratou planos de uma facção criminosa para atacar autoridades públicas.

Parabéns, ministro @FlavioDino! Isso mostra o valor de uma PF profissional, como órgão de Estado. 

A proteção da integridade das pessoas não pode e não deve ter razões políticas.",1,10,36
Orlando Silva,@orlandosilva,https://twitter.com/orlandosilva/status/1638490741298065408,2023-03-22T10:40:09.000Z,"Hoje, o Copom anuncia a nova Selic, a taxa básica de juros. Se o BC optar por uma decisão técnica e racional, reduzirá a taxa e anunciará um ciclo de cortes. 

Os cenários interno e externo indicam que a Selic a 13,75% é injustificável. Manter é sabotar a retomada econômica.",2,31,147
Orlando Silva,@orlandosilva,https://twitter.com/orlandosilva/status/1638344364752617473,2023-03-22T00:58:30.000Z,"Fiquei feliz por saber pela imprensa que o presidente Lula encaminhou um pacote de medidas pela igualdade racial.

Fiquei triste ao saber pela imprensa que equipe do presidente Lula não mobilizou parlamentares negros que lutam contra o racismo para se alinhar com as iniciativas.",3,8,50
Orlando Silva,@orlandosilva,https://twitter.com/orlandosilva/status/1638300981493391360,2023-03-21T22:06:06.000Z,"O presidente @LulaOficial e @aniellefranco lançaram um pacote de medidas de promoção da igualdade neste Dia Internacional Contra a Discriminação Racial. Garantia de 30% para negros em cargos comissionados, programas para jovens e quilombolas.
Mais do que palavras, AÇÕES! Viva!✊🏿",1,4,47
Orlando Silva,@orlandosilva,https://twitter.com/orlandosilva/status/1638298988968329216,2023-03-21T21:58:11.000Z,"Meu amigo @_almeidacastro estava inspirado para celebrar o Dia Mundial da Poesia. Que talento, Kakay! Dá-lhe!",0,2,17
Orlando Silva,@orlandosilva,https://twitter.com/orlandosilva/status/1638265912498311169,2023-03-21T19:46:45.000Z,"As chagas do racismo e da desigualdade, legado de séculos de escravidão, marcam nossos corpos e nossas almas. Lutar por uma sociedade antirracista é o que nos move. Viva o Dia da Luta Contra a Discriminação Racial! Venceremos!✊🏿",4,17,57
Orlando Silva,@orlandosilva,https://twitter.com/orlandosilva/status/1638211123634642944,2023-03-21T16:09:03.000Z,"Falei ao UOL sobre o surto coletivo provocado pelos fantasmas espalhados por Bolsonaro.

A propaganda anticomunista sempre foi arma dos covardes contra quem luta por justiça social. Se houvesse essa perspectiva, o Brasil seria mais democrático e inclusivo.",4,8,33
Orlando Silva,@orlandosilva,https://twitter.com/orlandosilva/status/1638191432874840064,2023-03-21T14:50:48.000Z,"Para quem é ególatra, não ter mais o poder para submeter o país a suas raras deve doer na alma. 

Varrido para o lixo da história e com a vagabundice que lhe é peculiar, Bolsonaro não trabalha e não deixa trabalhar. Melhor para o Brasil.",2,1,17
Orlando Silva,@orlandosilva,https://twitter.com/orlandosilva/status/1638116018051506178,2023-03-21T09:51:08.000Z,"Bom dia! Logo mais, às 8:30, estarei no programa Café da Manhã, do @DCM_online, para conversar sobre o PL de Combate às Fakenews. Acompanhem pelo link: https://youtube.com/live/fWiWMB1-q18…",0,1,11
Orlando Silva,@orlandosilva,https://twitter.com/orlandosilva/status/1637900239347621889,2023-03-20T19:33:42.000Z,"A volta do Mais Médicos, anunciada hoje por @LulaOficial, é a resposta a um dos mais criminosos retrocessos que o Brasil teve durante o desgoverno Bolsonaro. Por pura guerra ideológica, deixaram milhares de brasileiros sem atendimento médico. É a reconstrução nacional em marcha!",2,12,53
Orlando Silva,@orlandosilva,https://twitter.com/orlandosilva/status/1637867750524608521,2023-03-20T17:24:36.000Z,"Flávio Bolsonaro debocha da inteligência dos brasileiros ao dizer que podia ser ""um copo d'água"" dentro do estojo com joias que seu pai tentou furtar do patrimônio público.

Alguém deixa colocarem algo sem saber o que é na bagagem em viagem internacional? É de RACHAR a cara!",2,10,48
Orlando Silva,@orlandosilva,https://twitter.com/orlandosilva/status/1637841108314079232,2023-03-20T15:38:44.000Z,"Morreu precocemente a CPI do Golpe, que os parlamentares bolsonaristas queriam usar como armadilha política contra Lula. 

Vitória do governo, que vai se ajeitando e arrumando a base no Congresso.",9,14,196
Orlando Silva,@orlandosilva,https://twitter.com/orlandosilva/status/1637818473190490113,2023-03-20T14:08:47.000Z,"Inacreditável! Bolsonaro deve ter chamado o Pazzuello e ordenado: General, vai lá e destrói tudo que puder. Ele respondeu: um manda, o outro obedece.",8,59,159
Orlando Silva,@orlandosilva,https://twitter.com/orlandosilva/status/1637465595187699716,2023-03-19T14:46:35.000Z,"Considerando o país em ruínas herdado de Bolsonaro e a polarização política, a pesquisa IPEC é alentadora para o governo Lula. 

Para além dos 41% de bom/ótimo e 30% de regular, a rejeição de apenas 24% mostra refluxo do bolsonarismo. Essa é a grande notícia da pesquisa. 👇🏿",4,13,115
Orlando Silva,@orlandosilva,https://twitter.com/orlandosilva/status/1637121617196089344,2023-03-18T15:59:44.000Z,"Hoje pela manhã estive em Jaguariúna, debatendo a conjuntura política com a diretoria do Sindicato dos Metalúrgicos da região. 

Agradeço ao amigo Buiu, presidente da entidade, a vereadora Silvinha Forato, e o presidente do Sindicato dos Metalúrgicos de Batatais, o grande Sabará.",1,3,30
Orlando Silva,@orlandosilva,https://twitter.com/orlandosilva/status/1636857690050777091,2023-03-17T22:30:59.000Z,"Nesta tarde, fiz uma conversa muito produtiva com @richardgingras, vice-presidente global do Google para notícias. Falamos sobre os desafios do mundo digital, as enormes possibilidades abertas pela internet e como tornar esse ambiente livre de desinformação e discurso de ódio.",1,8,30
Orlando Silva,@orlandosilva,https://twitter.com/orlandosilva/status/1636766894828179456,2023-03-17T16:30:12.000Z,"Você é gigante, irmão! Um exemplo de atleta e agora de gestor público. Parabéns!",2,2,56
Orlando Silva,@orlandosilva,https://twitter.com/orlandosilva/status/1636755089888083968,2023-03-17T15:43:17.000Z,"Nesta manhã, estive na Escola Estadual Aroldo de Azevedo, na zona leste de São Paulo, para falar aos estudantes sobre o PL 2630. A educação para o uso das redes é fundamental para vencer a desinformação e as Fakenews. Ótima participação e consciência dos jovens sobre o tema.👇🏿",1,4,22
Orlando Silva,@orlandosilva,https://twitter.com/orlandosilva/status/1636680573191090178,2023-03-17T10:47:11.000Z,"🚨 URGENTE!!! A Polícia Federal está nas ruas para cumprir 32 mandados de prisão e 46 de busca e apreensão na Operação Lesa-Pátria contra os criminosos da tentativa de golpe em 8/1.

Os golpistas terão que pagar por seus crimes contra o Estado Democrático de Direito!",16,28,195
Orlando Silva,@orlandosilva,https://twitter.com/orlandosilva/status/1636678264901992448,2023-03-17T10:38:01.000Z,"🚨 IMPORTANTE! O Ministério Público Federal abriu procedimento para investigar Bolsonaro e Michelle pelo crime de peculato - que é afanar bem público - no caso das joias. A informação é da Folha.

Desmoralizado e sem poder, Bolsonaro pagará por seus crimes. É o começo do fim!",32,21,119
Orlando Silva,@orlandosilva,https://twitter.com/orlandosilva/status/1636402819975589890,2023-03-16T16:23:29.000Z,"Agora o ex-ministro Anderson Torres diz que a minuta do golpe era  ""folclórica"", coronel diz que golpistas viviam ""mundo paralelo"" e por aí vai. 

Não caiam nessa! Como deu ruim, os criminosos ridicularizam e se fingem de loucos para fugir. Não! Lugar de golpistas é na cadeia!",16,30,110
Orlando Silva,@orlandosilva,https://twitter.com/orlandosilva/status/1636315692151472129,2023-03-16T10:37:16.000Z,"INCOMPETÊNCIA ASSASSINA!!! Dados obtidos pela Folha mostram que o governo Bolsonaro queimou remédios de alto custo no valor de de R$13 milhões, que seriam destinados a pacientes com câncer e doenças raras. Somados a vacinas contra a COVID e insumos, são 215 milhões jogados fora.",21,9,64
Orlando Silva,@orlandosilva,https://twitter.com/orlandosilva/status/1636109206456614912,2023-03-15T20:56:46.000Z,"Hoje,em Brasília, participei de mais um importante debate sobre regulamentação das plataformas digitais e combate às Fakenews e discurso de ódio. Estou convencido, é preciso combinar liberdade, responsabilidade e transparência nas redes. A internet não é terra sem lei!",220,16,69
Orlando Silva,@orlandosilva,https://twitter.com/orlandosilva/status/1636046534511939584,2023-03-15T16:47:44.000Z,Nem 3 meses de governo e já com esse ataque de pelanca. Recomendo fortemente maracujina e virar a página do bolsonarismo.,2.995,168,737
Orlando Silva,@orlandosilva,https://twitter.com/orlandosilva/status/1635967980524785666,2023-03-15T11:35:36.000Z,"Volta, Bolsonaro! Tem uma suíte preparada para você em Bangu 8. Coisa fina, tranca vizinha ao Bob Jeff.",8,3,38
Orlando Silva,@orlandosilva,https://twitter.com/orlandosilva/status/1635959546538491907,2023-03-15T11:02:05.000Z,"Hoje é dia de posse da nova legislatura na @AssembleiaSP . Desejo um ótimo trabalho aos parlamentares, particularmente à minha querida amiga e parceira @lecibrandao, que representará o nosso @pcdob_oficial com brilho e dedicação.",1,0,37
Orlando Silva,@orlandosilva,https://twitter.com/orlandosilva/status/1635738712398069763,2023-03-14T20:24:34.000Z,"Basicamente, o ex-ministro quer que acreditemos que ele foi utilizado como mula por Bolsonaro, mas foi sem querer. Acharam que era um estojo de lápis. As OITO tentativas de recuperar as joias também foram sem saber o conteúdo. E o cara nem fica vermelho...",4,7,42
Orlando Silva,@orlandosilva,https://twitter.com/orlandosilva/status/1635654641718288386,2023-03-14T14:50:30.000Z,"Lutar pelo simbólico e pela representatividade segue uma tarefa central para a construção de uma democracia verdadeira, em que nosso povo se reconheça na história contada nos livros, monumentos e próprios públicos. Lamentável a decisão do governo de SP.",4,3,16
Orlando Silva,@orlandosilva,https://twitter.com/orlandosilva/status/1635630107170684929,2023-03-14T13:13:00.000Z,"GRAVÍSSIMO!!! De maneira ilegal e clandestina, Bolsonaro colocou a ABIN para espionar cidadãos e monitorar suas localizações pelos celulares.

A arapongagem seguia até 10 mil pessoas. Quem e por que? Com que direito? É mais um crime contra os direitos e garantias individuais!",12,47,179
Orlando Silva,@orlandosilva,https://twitter.com/orlandosilva/status/1635604149629857794,2023-03-14T11:29:51.000Z,"Completam-se 5 anos do brutal assassinato de Marielle Franco e Anderson Gomes. Há 5 anos, uma pergunta que paira: quem mandou matar e por que? 

A força de Marielle sobrevive em cada mulher negra, em cada jovem da periferia que luta por um Brasil justo. MARIELLE VIVE! ✊🏿",12,25,110
Orlando Silva,@orlandosilva,https://twitter.com/orlandosilva/status/1635593448299569152,2023-03-14T10:47:20.000Z,"ATENÇÃO!!! O vereador gaúcho Sandro Fantinel, que ofendeu trabalhadores escravizados por vinícolas do estado, foi indiciado pelo crime de racismo. 

O caso demonstra que a imunidade parlamentar não pode ser usada para acobertar crimes. Além do processo penal, deve ser cassado! ✊🏿",8,66,459
Orlando Silva,@orlandosilva,https://twitter.com/orlandosilva/status/1635320912731082752,2023-03-13T16:44:23.000Z,"Toda solidariedade ao querido @pejulio, mais uma vez hostilizado por cumprir sua missão cristã de amar o próximo e fazer o bem. Força, amigo! Seu exemplo inspira e é muito maior do que o ódio deles.",8,19,103
Orlando Silva,@orlandosilva,https://twitter.com/orlandosilva/status/1635295042851205124,2023-03-13T15:01:35.000Z,"Sergio Moro agora deu para cornetar possíveis indicações de @LulaOficial ao STF. 

Logo ele, juiz suspeito, que condenou e prendeu sem provas para tirar o ex-presidente da eleição de 2018 e depois foi ministro de Bolsonaro. Aí não tinha conflito ético. 

Moro calado é um poeta.",8,23,120
Orlando Silva,@orlandosilva,https://twitter.com/orlandosilva/status/1635251096448040960,2023-03-13T12:06:57.000Z,"Queria colocar o Palácio da Alvorada no ""acervo particular"" também?",7,10,65
Orlando Silva,@orlandosilva,https://twitter.com/orlandosilva/status/1634683154253373447,2023-03-11T22:30:09.000Z,"Assisto Palmeiras x São Bernardo no YouTube, show de transmissão.

Vi agora que já tem um milhão de aparelhos conectados simultaneamente.

Parabéns a @FPF_Oficial e ao amigo Reinaldo Carneiro Bastos.",2,1,14
Orlando Silva,@orlandosilva,https://twitter.com/orlandosilva/status/1634640490439081988,2023-03-11T19:40:37.000Z,"Hoje (11) participei da aula pública da Frente Nacional de Luta (FNL), na Ocupação Carlos Marighella II, em Parelheiros. 

Na última semana, os líderes da FNL José Rainha e Luciano de Lima foram presos. Trata-se de uma tentativa de criminalizar a luta pela reforma agrária.",1,9,47
Orlando Silva,@orlandosilva,https://twitter.com/orlandosilva/status/1634540775747862530,2023-03-11T13:04:23.000Z,"A coisa só piora. Agora, uma funcionária revela que foi pressionada a lançar as joias como patrimônio do acervo presidencial e desfazer a operação para burlar a Receita. Está mais do que provado: Bolsonaro praticou crime de peculato. Surrupiou as joias.",4,11,130
Orlando Silva,@orlandosilva,https://twitter.com/orlandosilva/status/1634516895943606273,2023-03-11T11:29:30.000Z,Churrasquinho de fim de semana vai voltar. Faz o L!https://www1.folha.uol.com.br/amp/mercado/2023/03/preco-da-carne-tem-maior-queda-em-15-meses-picanha-foi-a-que-mais-barateou.shtml…,4,5,43
Orlando Silva,@orlandosilva,https://twitter.com/orlandosilva/status/1634200698232471552,2023-03-10T14:33:03.000Z,"A internet não perdoa. Tudo jóia, Jair?",3,12,42
Orlando Silva,@orlandosilva,https://twitter.com/orlandosilva/status/1634154833031593986,2023-03-10T11:30:47.000Z,"ATENÇÃO!!! Nesta sexta-feira, o presidente @LulaOficial deve anunciar o reajuste de 39% no valor da merenda escolar.

Lembremos que o ladrão de joias vetou o aumento no ano passado.

Como é bom voltar a ter um governo preocupado com o povo. O Brasil está de volta!",6,23,150
Orlando Silva,@orlandosilva,https://twitter.com/orlandosilva/status/1633992063447363584,2023-03-10T00:44:00.000Z,"ATENÇÃO!!! TCU determina que Bolsonaro preste depoimento e não use ou venda as jóias.

O cerco vai se fechando porque não há possibilidade de explicação. Ou Bolsonaro praticou - e confessou - peculato, ou fez coisa pior, que o Senado quer investigar.

Como diria alguém, Tic-tac.",2,12,67
Orlando Silva,@orlandosilva,https://twitter.com/orlandosilva/status/1633917886208135170,2023-03-09T19:49:15.000Z,"Cantei essa bola aqui ontem. Ao assumir que está com parte das jóias, não tem para onde correr: Bolsonaro confessa crime de peculato na modalidade furto. 

A tag BOLSONARO LADRÃO que subiram no Twitter está imprecisa em juridiquês, mas em bom português...",6,38,153
Orlando Silva,@orlandosilva,https://twitter.com/orlandosilva/status/1633903277254295589,2023-03-09T18:51:12.000Z,Eis que a palavra antes não dita começa a povoar o noticiário. Vai se criando um clima terrível...,4,11,53
Orlando Silva,@orlandosilva,https://twitter.com/orlandosilva/status/1633891307947999251,2023-03-09T18:03:38.000Z,"Transfobia é crime!

A melhor forma de se contrapor ao discurso deplorável, preconceituoso e criminoso do deputado Nikolas é dar visibilidade a quem ele quis invisibilizar e calar. No vídeo, a deputada @DudaSalabert rebate a transfobia. Uma aula contra o discurso de ódio!",2,17,48
Orlando Silva,@orlandosilva,https://twitter.com/orlandosilva/status/1633813381042806784,2023-03-09T12:53:59.000Z,"Flávio Bolsonaro já saiu em defesa do papi. ""Presente personalíssimo. Não há ilegalidade,não há dolo"", disse o senador.

Com advogados assim, Bolsonaro está perdido. Imagino o conselho:

""Jóias? Pode trazer, pai. Não vai dar nada. Chegando aqui, a gente faz uma rachadinha"".",2,14,84
Orlando Silva,@orlandosilva,https://twitter.com/orlandosilva/status/1633786522578173952,2023-03-09T11:07:15.000Z,"Conhece alguém que fez isso?

Art. 312 - Apropriar-se o funcionário público de dinheiro, valor ou qualquer outro bem móvel, público ou particular, de que tem a posse em razão do cargo, ou desviá-lo, em proveito próprio ou alheio: 

Pena - reclusão, de dois a doze anos, e multa.",7,29,128
Orlando Silva,@orlandosilva,https://twitter.com/orlandosilva/status/1633585613600432133,2023-03-08T21:48:55.000Z,"Em homenagem ao Dia Internacional de Luta das Mulheres, tive a alegria de ceder minhas redes sociais para D. Maria ampliar o alcance de sua mensagem feminista. E vejam a coisa maravilhosa que ficou. Orgulho define! Obrigado, filha! #DiaInternacionaldasMulheres #8M2023",1,7,53
Orlando Silva,@orlandosilva,https://twitter.com/orlandosilva/status/1633575336502804481,2023-03-08T21:08:05.000Z,"Inacreditável a audácia do comparsa de Bolsonaro. ""Não pode deixar nada de um pra outro. É a burocracia"".

Não! O Brasil não acaba a cada 4 anos. Bolsonaro queria é afanar patrimônio público!",1,9,56
Orlando Silva,@orlandosilva,https://twitter.com/orlandosilva/status/1633532597044224001,2023-03-08T18:18:15.000Z,"Para @LulaOficial, a igualdade salarial entre homens e mulheres que exercem a mesma função é questão de justiça e dignidade. Bolsonaro dizia que mulher tinha que ganhar menos por ter filhos. É a diferença entre um presidente e um estrupício.",0,4,23
Orlando Silva,@orlandosilva,https://twitter.com/orlandosilva/status/1633479107223732228,2023-03-08T14:45:42.000Z,"Que possamos construir uma sociedade livre de preconceitos, violências e opressões. Viva a luta das mulheres por igualdade de direitos! Viva o #8M2023 #DiaInternacionaldasMulheres",0,2,16
Orlando Silva,@orlandosilva,https://twitter.com/orlandosilva/status/1633459019502456880,2023-03-08T13:25:53.000Z,"ATENÇÃO! Agora que sabemos que Bolsonaro está na posse de parte das jóias, temos as seguintes hipóteses:

1) Muito grave: O presente era personalíssimo (não parece ser o caso) e Bolsonaro cometeu ""só"" o crime de descaminho (ART. 334, CP). Pena: Reclusão de 1 a 4 anos. 👇🏿",3,14,91
Orlando Silva,@orlandosilva,https://twitter.com/orlandosilva/status/1633421342945992705,2023-03-08T10:56:10.000Z,"O 8 de Março é a marca da histórica luta das mulheres por igualdade de gênero e contra o machismo.

O governo lançará um pacote de medidas voltadas às mulheres. Punir a discriminação e a violência e garantir paridade salarial são passos efetivos rumo à igualdade. Viva o #8M2023!",0,1,22
Orlando Silva,@orlandosilva,https://twitter.com/orlandosilva/status/1633270094963810306,2023-03-08T00:55:09.000Z,Então há um segundo estojo de jóias que foi entregue em mãos e Bolsonaro simplesmente afanou?,4,7,51
Orlando Silva,@orlandosilva,https://twitter.com/orlandosilva/status/1633217864076345344,2023-03-07T21:27:37.000Z,"Sempre que você se sentir um fracasso completo, lembre que o Bananinha passou essa vergonha aqui no crédito, no débito e no pix.",3,19,97
Orlando Silva,@orlandosilva,https://twitter.com/orlandosilva/status/1633191603568246785,2023-03-07T19:43:16.000Z,O abismo de caráter que diferencia duas lideranças honestas e republicanas de um picareta patrimonialista.,7,18,67
Orlando Silva,@orlandosilva,https://twitter.com/orlandosilva/status/1633145004049723392,2023-03-07T16:38:05.000Z,Foi o governo Lula lançar a campanha de vacinação que as milícias digitais voltaram com tudo. Eu insisto: combater as Fakenews e debater a responsabilidade das plataformas é um imperativo para defender a democracia e a saúde pública. A hora é agora!,1,23,81
Orlando Silva,@orlandosilva,https://twitter.com/orlandosilva/status/1633107117623201796,2023-03-07T14:07:33.000Z,"O governo Bolsonaro jogou no lixo, queimou, 1,9 milhão de doses de vacina contra a COVID por não tê-las distribuído ao estados até a data de validade.

É uma irresponsabilidade criminosa. Quantas vidas foram perdidas pela sabotagem assassina?",1,18,95
Orlando Silva,@orlandosilva,https://twitter.com/orlandosilva/status/1633079746933260288,2023-03-07T12:18:47.000Z,"Logo mais, às 11h, participo desta mesa de debates sobre o PL de Combate às Fakenews, que relato na Câmara. É um tema central para a democracia e que ganhou a agenda global. Acompanhem pelo link: https://youtube.com/watch?v=NAfPTPagsGc…",0,5,34
Orlando Silva,@orlandosilva,https://twitter.com/orlandosilva/status/1632803184002445313,2023-03-06T17:59:49.000Z,"Entre uma reunião e outra, eu e João vamos aprendendo um com o outro. É bonito ver o desenvolvimento do meu garoto. É bom aproveitar, porque o tempo voa.",0,1,52
Orlando Silva,@orlandosilva,https://twitter.com/orlandosilva/status/1632346965722669058,2023-03-05T11:46:58.000Z,"Essa semana perdemos Paulo Caruso, um dos nossos mais brilhantes chargistas. O humor refinado e a irreverência de seus traços marcaram a vida nacional em diversas áreas, inclusive a política. Tive a honra de ser personagem de seus desenhos. Obrigado, Caruso!",1,2,75
Orlando Silva,@orlandosilva,https://twitter.com/orlandosilva/status/1632118537929076736,2023-03-04T20:39:17.000Z,"Minha solidariedade ao @galodeluta, que denuncia ter sido torturado em uma delegacia há dias atrás. Indignação e luta nunca foram crimes. Bandidos são os que espancam trabalhadores que ganham consciência política. Estamos aqui para o que precisar!",3,6,72
Orlando Silva,@orlandosilva,https://twitter.com/orlandosilva/status/1632082232109154304,2023-03-04T18:15:01.000Z,"Vejam a gravidade da situação. O presidente da República, mesmo que seja um néscio como Bolsonaro, representa o país. A primeira-dama ganha um presente de 17 MILHÕES DE REAIS e ele tenta trazer o ""mimo"" ilegalmente, para virar patrimônio pessoal. É ladrão, na menos pior hipótese.",10,23,195
Orlando Silva,@orlandosilva,https://twitter.com/orlandosilva/status/1632041196922060802,2023-03-04T15:31:57.000Z,"O governo Lula tem ombudsman político. Curioso, né?!

Além de Base de Apoio e Oposição, já tínhamos os Independentes, agora aparece a ombudsman política.

 Surreal! Coisas do Brasil.",3,2,25
Orlando Silva,@orlandosilva,https://twitter.com/orlandosilva/status/1631978898614304768,2023-03-04T11:24:24.000Z,Além de tudo contrabandista? O governo sem corrupção era um verdadeiro passeio pelo Código Penal.,4,13,81
Orlando Silva,@orlandosilva,https://twitter.com/orlandosilva/status/1631801864399335424,2023-03-03T23:40:56.000Z,"Boa noite! Daqui a pouco, às 22h45, estarei na @GloboNews falando sobre o PL de Combate às Fakenews. Sextou com debate sobre política e democracia!",2,4,43
Orlando Silva,@orlandosilva,https://twitter.com/orlandosilva/status/1631737469598158851,2023-03-03T19:25:03.000Z,"“ZICO!” Foi minha resposta numa entrevista ao jornal O Globo sobre quem teria sido o maior jogador de futebol que vi jogar.

Dias depois encontrei o Galinho de Quintino no aeroporto e ele chegou logo falando: “Pô, ministro! Que responsabilidade!”👇🏿",3,3,55
Orlando Silva,@orlandosilva,https://twitter.com/orlandosilva/status/1631732471808098320,2023-03-03T19:05:12.000Z,"Com o Bolsa Família de volta, o Brasil vai erradicar a fome novamente. Parabéns, presidente @LulaOficial !",0,5,29
Orlando Silva,@orlandosilva,https://twitter.com/orlandosilva/status/1631701607837466645,2023-03-03T17:02:33.000Z,"ABSURDO! A vice-procuradora geral da República, Lindora Araújo, mulher branca e da cúpula do Min. Público, fazendo falsa equivalência para relativizar o peso do racismo que nós, negros, sofremos há séculos. Não, racismo não é ""privilégio"", é um crime que humilha e dói na alma.",4,15,55
Orlando Silva,@orlandosilva,https://twitter.com/orlandosilva/status/1631660384980443137,2023-03-03T14:18:45.000Z,"Inacreditável o ódio de Bolsonaro contra os nordestinos. Ele acabou com o programa de cisternas, tendo reduzido 96% do orçamento em seu governo. 

Esse programa, criado na primeira passagem de Lula, entregou mais de 1 milhão de cisternas para captação d'água.

Bolsonaro é sádico!",3,13,58
Orlando Silva,@orlandosilva,https://twitter.com/orlandosilva/status/1631612224203530240,2023-03-03T11:07:22.000Z,"Bolsonaro assumiu o país com a 9ª maior economia do mundo. Entregou como a 12ª, atrás do Irã.

Por essas e outras, Paulo Guedes era aplaudido nos supermercados. Viva o neoliberalismo. 🤡",0,21,107
Orlando Silva,@orlandosilva,https://twitter.com/orlandosilva/status/1631605833988448257,2023-03-03T10:41:59.000Z,"Bom dia! A Anvisa aprovou a primeira vacina de uso amplo contra a dengue. 

É uma notícia espetacular para um país como o Brasil, que sofre com milhares de casos da doença todos os anos. Muitas vidas serão salvas. Viva a ciência!",3,26,168
Orlando Silva,@orlandosilva,https://twitter.com/orlandosilva/status/1631402329931907073,2023-03-02T21:13:20.000Z,"Hoje, às 19h40, volto a falar sobre as propostas para combater as Fakenews que temos trabalhado no PL 2630. É na @tvgazetaoficial com a querida @DeniseCToledo8. Assista e fique por dentro desse tema central para a nossa democracia. #FakeNewsNão #PL2630",0,1,12
Orlando Silva,@orlandosilva,https://twitter.com/orlandosilva/status/1631375748513538061,2023-03-02T19:27:42.000Z,"A volta do Bolsa Família é uma dádiva. Programa bem desenhado, com critérios definidos, capaz de envolver a família e o futuro das crianças, através do estudo, para dar perspectiva ao povo mais pobre. Parabéns, presidente @LulaOficial por sua maior obra: livrar o Brasil da fome!",2,7,49
Orlando Silva,@orlandosilva,https://twitter.com/orlandosilva/status/1631360746494779397,2023-03-02T18:28:05.000Z,As plataformas digitais precisam entender que o Brasil não é terra sem lei. Por que na Europa elas respeitam as normas e aqui não aceitam nem falar do assunto? Elas devem ter sede aqui e obedecer a legislação brasileira. Não aceitaremos chantagem!,5,16,73
Orlando Silva,@orlandosilva,https://twitter.com/orlandosilva/status/1631312452083122176,2023-03-02T15:16:11.000Z,A Petrobrás fechou 2022 com o maior lucro da história das empresas brasileiras. Que esse capital seja revertido em investimentos produtivos para que o país volte a refinar petróleo e busque soberania energética. O que não pode é só virar dividendos bilionários para estrangeiros.,0,7,45
Orlando Silva,@orlandosilva,https://twitter.com/orlandosilva/status/1631291018317365250,2023-03-02T13:51:01.000Z,"Falei ao Jornal da Cultura sobre a responsabilização das plataformas digitais quanto a conteúdos criminosos. Atentar contra a democracia ou a saúde são atos tipificados no Código Penal, não podem ser difundidos nas redes. Os modelos de negócios não podem impulsionar o extremismo.",1,8,45
Orlando Silva,@orlandosilva,https://twitter.com/orlandosilva/status/1631254656033669120,2023-03-02T11:26:31.000Z,"O BRASIL ESTÁ DE VOLTA! O Comandante do Exército decidiu que não haverá mensagem de ordem do dia em comemoração ao golpe militar de 1964. 

A infâmia tinha voltado no governo do puxa-saco de torturador e agora, nos marcos da democracia, volta a ser uma página sombria da história.",1,8,79
Orlando Silva,@orlandosilva,https://twitter.com/orlandosilva/status/1631067700079259649,2023-03-01T23:03:38.000Z,"ATENÇÃO!!! Converso agora com o grande jornalista @luisnassif sobre o PL de Combate às Fakenews, na TV GGN. Acompanhem pelo link:",0,1,19
Orlando Silva,@orlandosilva,https://twitter.com/orlandosilva/status/1631033834115309570,2023-03-01T20:49:03.000Z,"Esse racista sórdido pode e deveria ser cassado politicamente e processado criminalmente. Sabem por que? Porque a imunidade parlamentar NÃO ABARCA cometimento de crimes, nem na tribuna e NEM NAS REDES SOCIAIS.",0,16,80
Orlando Silva,@orlandosilva,https://twitter.com/orlandosilva/status/1630954847984836612,2023-03-01T15:35:12.000Z,"Que Bolsonaro comandou um governo criminoso já sabíamos, mas agora provas aparecem de todos os lados. O Corregedor da Receita afirmou categoricamente que foi obrigado a passar pano para um servidor que quebrou sigilos fiscais de desafetos do então presidente. Coisa de MAFIOSO!",1,9,64
Orlando Silva,@orlandosilva,https://twitter.com/orlandosilva/status/1630905908157882370,2023-03-01T12:20:43.000Z,"Em entrevista ao @Estadao, falei sobre o andamento do PL 2630, que pretendemos aprovar nesse semestre. As plataformas não podem ser sócias na propagação de fakenews, lavando as mãos para as consequências. Os modelos de negócio não podem incentivar o extremismo.",4,20,100
Orlando Silva,@orlandosilva,https://twitter.com/orlandosilva/status/1630888416224202754,2023-03-01T11:11:13.000Z,"O combate às Fakenews é uma agenda das maiores democracias do mundo. Há condições de aprovarmos o PL 2630, porque a tentativa de golpe de 8/1 uniu a sociedade e as instituições do país para defender a democracia e o Estado de direito. 👇🏿",1,9,59
