nome,usuario,idTweet,dataPublicacao,texto,replies,retweets,likes
Osmar Terra,@OsmarTerra,https://twitter.com/OsmarTerra/status/1641459340472090626,2023-03-30T15:16:18.000Z,"O Prefeito de Porto Alegre, Sebastiao Melo, escreveu sobre inovação e tecnologia de uma maneira diferente. Ontem, no texto “Inovação: o poder da transformação social” Melo mostra uma enorme sensibilidade e humanidade ao dizer que o mundo tecnológico não é só criar produtos…",7,89,442
Osmar Terra,@OsmarTerra,https://twitter.com/OsmarTerra/status/1641399980588949505,2023-03-30T11:20:25.000Z,Data certa é 29/03,5,78,232
Osmar Terra,@OsmarTerra,https://twitter.com/OsmarTerra/status/1641391356483366915,2023-03-30T10:46:09.000Z,"Pois é a aprovação do Eduardo Leite de 26% no primeiro turno, enquanto muitos governadores se reelegiam, mostrou insatisfação da população!",10,19,125
Osmar Terra,@OsmarTerra,https://twitter.com/OsmarTerra/status/1641382367234326533,2023-03-30T10:10:26.000Z,Benvindo Bolsonaro!,20,55,798
Osmar Terra,@OsmarTerra,https://twitter.com/OsmarTerra/status/1641375183964368897,2023-03-30T09:41:53.000Z,"Dados do dia 29/04/2023. Comparando as regiões do planeta. A América do Sul, que mais vacinou no mundo(86%),tem a maior mortalidade/milhão de habitantes. A África que menos vacinou no mundo(36%), tem a menor mortalidade..",73,1.274,3.090
Osmar Terra,@OsmarTerra,https://twitter.com/OsmarTerra/status/1641372448602968066,2023-03-30T09:31:01.000Z,"Curioso, no meu Estado o Bolsonaro não pode comandar a estratégia de combate à COVID. Quem decidiu tudo foi o Governador Eduardo Leite. Fechou lojas, restaurantes , escolas (por mais de 2 anos) ameaçou Prefeitos, e o resultado foi uma mortalidade maior que a média do Brasil. Se o…",162,556,4.194
Osmar Terra,@OsmarTerra,https://twitter.com/OsmarTerra/status/1641369980263362561,2023-03-30T09:21:13.000Z,É ilegal e fruto da ignorância. Que essa empresa apresente prova que qualquer uma das  diversas vacinas da COVID impediram o contágio e a doença … Não tem !,10,106,476
Osmar Terra,@OsmarTerra,https://twitter.com/OsmarTerra/status/1641209136082829312,2023-03-29T22:42:04.000Z,É mesmo..?!! Me parecia tão isenta e preocupada com a ciência….,37,355,1.260
Osmar Terra,@OsmarTerra,https://twitter.com/OsmarTerra/status/1641141533436006400,2023-03-29T18:13:27.000Z,Estranhas vacinas para Covid que não protegeram mais os países mais vacinados (e continentes ) da morte atribuída à Covid … fonte: http://ourworldindata.org/explorers/ coronavirus,5,96,320
Osmar Terra,@OsmarTerra,https://twitter.com/OsmarTerra/status/1641087751587000320,2023-03-29T14:39:44.000Z,"Comparada com países da OCDE,(maiores economias capitalistas) A Suécia se saiu excepcionalmente bem durante a pandemia de COVID-19.Ela não fechou empresas nem escolas e assim evidenciou o dano do “fecha tudo e fique em casa” na COVID.Vejam dados no artigo:",3,109,483
Osmar Terra,@OsmarTerra,https://twitter.com/OsmarTerra/status/1641050124699705345,2023-03-29T12:10:13.000Z,Tudo está sendo feito às pressas e de uma forma absurda…,6,60,201
Osmar Terra,@OsmarTerra,https://twitter.com/OsmarTerra/status/1641016696574967808,2023-03-29T09:57:23.000Z,"Lamentável postura do Presidente da CCJ, na sua manifestação  agressiva, tentando desqualificar o Deputado @nikolas_dm, uma das mais gratas revelações da nova geração de políticos brasileiros !!",23,264,975
Osmar Terra,@OsmarTerra,https://twitter.com/OsmarTerra/status/1640879399028371464,2023-03-29T00:51:49.000Z,"Esse é o baixo nível de quem devia dar exemplo de conduta, nem que fosse pela idade!! Vergonha…",78,505,2.061
Osmar Terra,@OsmarTerra,https://twitter.com/OsmarTerra/status/1640878289324523520,2023-03-29T00:47:24.000Z,"No inicio da legalização da maconha no Uruguai, o Julio Calzada, encarregado da política sobre drogas lá, chegou a anunciar que havia zerado o número de homicídios  no país. Mas o tempo, como pai da verdade, mostrou que era um grande engano, e os homicídios explodiram!",20,480,1.368
Osmar Terra,@OsmarTerra,https://twitter.com/OsmarTerra/status/1640847985146753029,2023-03-28T22:46:59.000Z,Uruguai legalizou a maconha em 2013.Prometia que com isso ia reduzir o tráfico e a violência.ERROU!Na prática aumentou o tráfico e quadruplicaram os homicídios.Agora virou entreposto dos traficantes p exportar drogas para Europa! Com a palavra o Mujica!!,7,275,805
Osmar Terra,@OsmarTerra,https://twitter.com/OsmarTerra/status/1640835461760393216,2023-03-28T21:57:13.000Z,"Minha intervenção,hoje, na Comissão de Segurança da Câmara dos Deputados, defendendo o voto de repúdio à postura e fala do Presidente Lula sobre a ação do crime organizado contra autoridades!",6,37,313
Osmar Terra,@OsmarTerra,https://twitter.com/OsmarTerra/status/1640659753318662152,2023-03-28T10:19:01.000Z,"A censura virá se deixarmos o governo dizer o que é Fake News ou não . Nosso lema é liberdade de opinião, mesmo que o governo não goste dessa opinião. #Brasilcontracensura!",13,177,803
Osmar Terra,@OsmarTerra,https://twitter.com/OsmarTerra/status/1640506592834486274,2023-03-28T00:10:25.000Z,"Hoje a Câmara Federal realizou Sessão Solene para os 251 anos de Porto Alegre, a capital de todos os gaúchos! Tive a honra de presidir o evento.",4,54,468
Osmar Terra,@OsmarTerra,https://twitter.com/OsmarTerra/status/1640356474693079041,2023-03-27T14:13:54.000Z,Obrigado Adriles!,5,13,101
Osmar Terra,@OsmarTerra,https://twitter.com/OsmarTerra/status/1640335734010675200,2023-03-27T12:51:29.000Z,"Difícil, como vocês podem ver neste debate da CNN, colocar em dúvida o saldo positivo deixado pelo Governo Bolsonaro na Economia, graças à competência de Paulo Guedes!",22,228,859
Osmar Terra,@OsmarTerra,https://twitter.com/OsmarTerra/status/1640333812319109126,2023-03-27T12:43:51.000Z,"Será que Lula e alguns de seus Ministros não veem a gravidade de não reconhecer a importante ação da PF na desarticulação de um plano criminoso,que envolvia inclusive o sequestro e, quem sabe, o assassinato do próprio vice presidente Alckmim. Tentar atribuir tudo a “uma armação…",81,446,3.851
Osmar Terra,@OsmarTerra,https://twitter.com/OsmarTerra/status/1640319863020191746,2023-03-27T11:48:25.000Z,"A fala do Vice Presidente desautoriza ao discurso do Lula, e de alguns Ministros, dizendo que era “armação do Moro” !",110,686,2.644
Osmar Terra,@OsmarTerra,https://twitter.com/OsmarTerra/status/1640319564994207744,2023-03-27T11:47:14.000Z,"A fala do Vice Presidente desautoriza ao discurso do Lula, e de alguns Ministros, dizendo que era “armação do Moro” !",30,212,851
Osmar Terra,@OsmarTerra,https://twitter.com/OsmarTerra/status/1640302311682592770,2023-03-27T10:38:41.000Z,"Se isso for verdade, a situação é mais grave ainda! “Treta pesada: Flávio Dino foi ao Palácio do Alvorada defender operação da PF contra PCC e saiu de lá ""corrido"" - Terra Brasil Notícias”",104,663,3.171
Osmar Terra,@OsmarTerra,https://twitter.com/OsmarTerra/status/1640115092124467202,2023-03-26T22:14:44.000Z,"Como naquele conto holandês em que um menino evitou o rompimento de um dique gigantesco, colocando o dedo num furo que iniciava a jorrar a água represada, até que viesse o socorro para tapa-lo, a questão das drogas começa com a inocente “ liberação para fins medicinais” . A…",184,1.127,3.518
Osmar Terra,@OsmarTerra,https://twitter.com/OsmarTerra/status/1640108380525146116,2023-03-26T21:48:04.000Z,"Afinal toda pneumonia tem um principio , um meio e um fim,como todas as doenças. Mas não deixa de ser uma pneumonia, com a gravidade que essa infecção carrega, ainda mais numa pessoa com mais de 70 anos….",35,188,925
Osmar Terra,@OsmarTerra,https://twitter.com/OsmarTerra/status/1640067839087329282,2023-03-26T19:06:58.000Z,Depois que Portugal praticamente descriminalizou o uso de drogas o consumo disparou e o número de vítimas também!! “Droga: esgotos revelam que Lisboa é uma das cidades onde mais se consome cetamina e onde o uso de cocaína mais aumentou na UE - Expresso”,5,214,800
Osmar Terra,@OsmarTerra,https://twitter.com/OsmarTerra/status/1640048071038980100,2023-03-26T17:48:25.000Z,"Inflação ficou controlada no Brasil no período do Governo Bolsonaro até o início deste ano, mesmo com Pandemia e guerra na Europa!",52,1.043,2.705
Osmar Terra,@OsmarTerra,https://twitter.com/OsmarTerra/status/1639973122647420928,2023-03-26T12:50:36.000Z,A queda de homicídios em El Salvador!,3,58,306
Osmar Terra,@OsmarTerra,https://twitter.com/OsmarTerra/status/1639961096017653763,2023-03-26T12:02:48.000Z,Califórnia,514,1.905,5.274
Osmar Terra,@OsmarTerra,https://twitter.com/OsmarTerra/status/1639943689995792384,2023-03-26T10:53:39.000Z,"O soldado da Brigada Militar do RS, Roniclei Cipolato, foi morto com um tiro no tórax na noite de sábado, cumprindo uma missão da inteligência da BM. Roniclei é mais um herói que deu a vida para defender as nossas vidas. Optou pela profissão mais difícil, importante e generosa da…",216,1.431,8.391
Osmar Terra,@OsmarTerra,https://twitter.com/OsmarTerra/status/1639829511247200256,2023-03-26T03:19:56.000Z,"O Ministro de Lula tenta explicar o inexplicável! Que, que segundo Lula,uma investigação  exaustiva,envolvendo Ministerio Público, Polícia Civil, Polícia Federal, sobre um Plano do crime organizado de sequestro e eliminação de um Senador, sua família e várias autoridades, seria…",53,350,2.056
Osmar Terra,@OsmarTerra,https://twitter.com/OsmarTerra/status/1639790946228264961,2023-03-26T00:46:42.000Z,Até que enfim!,18,158,1.326
Osmar Terra,@OsmarTerra,https://twitter.com/OsmarTerra/status/1639779792659570688,2023-03-26T00:02:22.000Z,"Até o Felipe Neto sabia em 2020, que a lei das Fake News é uma forma de se controlar a informação e tolher a liberdade",11,204,634
Osmar Terra,@OsmarTerra,https://twitter.com/OsmarTerra/status/1639664066758160384,2023-03-25T16:22:31.000Z,Surpreso??!!,6,34,241
Osmar Terra,@OsmarTerra,https://twitter.com/OsmarTerra/status/1639649555229671425,2023-03-25T15:24:51.000Z,And the Africans?,0,0,42
Osmar Terra,@OsmarTerra,https://twitter.com/OsmarTerra/status/1639649367299616769,2023-03-25T15:24:07.000Z,And the Africans?,2,4,52
Osmar Terra,@OsmarTerra,https://twitter.com/OsmarTerra/status/1639398379011579909,2023-03-24T22:46:46.000Z,"Não terá problema nenhum, o Ministro não precisa ficar preocupado, afinal, segundo o Presidente, é só uma “armação do Moro”. Porque a aflição? https://twitter.com/jeessicaveiga/status/1639373867624833027…",9,94,648
Osmar Terra,@OsmarTerra,https://twitter.com/OsmarTerra/status/1639366750423728130,2023-03-24T20:41:05.000Z,Correto!!,14,166,723
Osmar Terra,@OsmarTerra,https://twitter.com/OsmarTerra/status/1639339304089681920,2023-03-24T18:52:02.000Z,"Até que enfim uma palavra do Governo Federal contra o crime organizado!! “Governo de Lula não se curvará diante de ameaças criminosas, afirma Alckmin”",92,55,353
Osmar Terra,@OsmarTerra,https://twitter.com/OsmarTerra/status/1639307287255990274,2023-03-24T16:44:48.000Z,"Lula não fala como chefe de Estado!Fala como indivíduo,sedento de vingança,a ponto de desprezar investigação da PF.Ela desvendou plano d sequestro e morte de um Senador,sua família,e várias autoridades!Ele contraria seu Min.da Justiça que valorizou o feito",13,139,614
Osmar Terra,@OsmarTerra,https://twitter.com/OsmarTerra/status/1639071885743800322,2023-03-24T01:09:24.000Z,Pois é… e vc sabe a resposta!,10,66,367
Osmar Terra,@OsmarTerra,https://twitter.com/OsmarTerra/status/1639069193877291008,2023-03-24T00:58:42.000Z,"Lula,sem qualquer sentimento de solidariedade diz que o sequestro e assassinato planejados por criminosos, da família do Senador Moro, seria uma armação dele, Moro. Então seria uma armação envolvendo a Polícia Federal, Min.Público, Juíza e naturalmente o Crime organizado junto……",67,602,2.945
Osmar Terra,@OsmarTerra,https://twitter.com/OsmarTerra/status/1639033516192321538,2023-03-23T22:36:56.000Z,"Esperava-se um gesto de humildade e de solidariedade do Presidente da República para com um Senador da República ameaçado de sequestro e morte. E Lula fez exatamente o contrário! “Moro: Se acontecer algo com minha família, responsabilidade é de Lula”",19,155,931
Osmar Terra,@OsmarTerra,https://twitter.com/OsmarTerra/status/1639022375592251395,2023-03-23T21:52:40.000Z,Meu pronunciamento sobre a gravidade do momento que vivemos ….,5,71,361
Osmar Terra,@OsmarTerra,https://twitter.com/OsmarTerra/status/1638875241895329793,2023-03-23T12:08:01.000Z,E essa..!!!,0,3,36
Osmar Terra,@OsmarTerra,https://twitter.com/OsmarTerra/status/1638852473178734592,2023-03-23T10:37:32.000Z,Isso tudo é muito grave. Nunca na história do Brasil um presidente disse publicamente que ia “f…. “um Senador da República que o prendeu por corrupção. Como também nunca houve um ex presidiário re-eleito presidente. E também nunca houve uma ação do crime organizado visando…,89,755,3.030
Osmar Terra,@OsmarTerra,https://twitter.com/OsmarTerra/status/1638841528067190787,2023-03-23T09:54:03.000Z,Bem lembrado !,22,356,1.173
Osmar Terra,@OsmarTerra,https://twitter.com/OsmarTerra/status/1638544484123176960,2023-03-22T14:13:42.000Z,"Ao contrário do que diz a ZH,assinei a CPI do dia 08/01/23 e minha posição já foi manifestada em plenário.Bastava conferir a lista de quem assinou pela investigação!Estranho muito o comportamento d Gov. Federal q se diz vítima de tentativa de golpe e age para não sair o inquérito",31,416,1.739
Osmar Terra,@OsmarTerra,https://twitter.com/OsmarTerra/status/1638525412975181824,2023-03-22T12:57:55.000Z,"É o horror máximo!!Quem seria o mandante?O governo tem q tomar medidas duras e exemplares,para que isso sequer seja cogitado por bandidos! “AGORA: PF acaba de prender criminosos que planejavam sequestrar e matar senador Sergio Moro - Terra Brasil Notícias”",235,531,2.126
Osmar Terra,@OsmarTerra,https://twitter.com/OsmarTerra/status/1638522628544626689,2023-03-22T12:46:51.000Z,Aonde está o Governo do Estado? Sumiu? “Crise se agrava no RN: Criminosos atearam fogo em van escolar com crianças dentro e só após mandaram elas descerem do veículo; VEJA VÍDEO ☛ https://terrabrasilnoticias.com/2023/03/crise-se-agrava-no-rn-criminosos-atearam-fogo-em-van-escolar-com-criancas-dentro-e-so-apos-mandaram-elas-descerem-do-veiculo-veja-video/…“,11,99,301
Osmar Terra,@OsmarTerra,https://twitter.com/OsmarTerra/status/1638387535851167744,2023-03-22T03:50:02.000Z,"Isso é liderar um país ? Se algo acontecesse (acredito que não acontecerá) com o Senador Sérgio Moro e sua família, seria o fim da justiça, tal como imaginamos que deva ser no nosso país.Seria uma situação insuportável para todos os homens e mulheres de bem do Brasil!!",69,345,969
Osmar Terra,@OsmarTerra,https://twitter.com/OsmarTerra/status/1638331590823559168,2023-03-22T00:07:44.000Z,"Mais uma mudança de discurso do Eduardo Leite, depois da eleição..!!",33,278,811
Osmar Terra,@OsmarTerra,https://twitter.com/OsmarTerra/status/1638315890788691970,2023-03-21T23:05:21.000Z,"O Lula acha que a memória do povo é tão curta que esqueceu tudo que aconteceu no país, nas últimas décadas. Agora quer se vingar da justiça e do juíz… aonde vamos parar..!!",91,630,1.983
Osmar Terra,@OsmarTerra,https://twitter.com/OsmarTerra/status/1638312282378649604,2023-03-21T22:51:01.000Z,Interessante!,4,85,336
Osmar Terra,@OsmarTerra,https://twitter.com/OsmarTerra/status/1637852853048844288,2023-03-20T16:25:24.000Z,"Só para contribuir com a informação da funcionária do Governo americano que coordenou ações na COVID: Nesse Grupo Hospitalar do RS(GHC), o maior do Sul do país, os vacinados foram 89% dos óbitos na vigência da cepa Ômicron e suas sub-variantes…",4,50,189
Osmar Terra,@OsmarTerra,https://twitter.com/OsmarTerra/status/1637753289881137153,2023-03-20T09:49:46.000Z,"Isso tudo é muito grave, e confirma o que eu e muitos pesquisadores vem alertando há mais de um ano!É sobre a ineficácia das vacinas!!",20,452,1.302
Osmar Terra,@OsmarTerra,https://twitter.com/OsmarTerra/status/1637600093351079937,2023-03-19T23:41:02.000Z,"Além do absurdo, é de uma covardia monstruosa essa história de trans disputando com mulheres biológicas! E não existe trans disputando com homens biológicos, o que comprova o desatino da proposta.",91,458,1.784
Osmar Terra,@OsmarTerra,https://twitter.com/OsmarTerra/status/1637590511438508037,2023-03-19T23:02:57.000Z,Olhe a antiga encarregada do enfrentamento à COVID do Governo americano diz sobre a ineficácia das vacinas. E o comentário do âncora da Fox News!,76,2.116,4.909
Osmar Terra,@OsmarTerra,https://twitter.com/OsmarTerra/status/1637576148707164162,2023-03-19T22:05:53.000Z,"Estou falando da tese absurda de competidores trans em disputas femininas. Se ela não é trans, menos mal, mas a tese vale inclusive para esse aqui…",8,21,142
Osmar Terra,@OsmarTerra,https://twitter.com/OsmarTerra/status/1637444338111086593,2023-03-19T13:22:07.000Z,"“A inflação dará alívio a pobres e pesará mais na classe média”….Ah o que seria da comédia no Brasil se não fossem os “especialistas”da grande mídia brasileira..!! Mas seria cômico se não fosse trágico, no bolso de todos,a cada mês…",30,172,595
Osmar Terra,@OsmarTerra,https://twitter.com/OsmarTerra/status/1637407417498497024,2023-03-19T10:55:24.000Z,"Vídeo didático e extraordinário  feito em Harvard, sobre o vício! https://instagram.com/reel/CnHmvMJh53G/?igshid=YmMyMTA2M2Y=…",2,17,91
Osmar Terra,@OsmarTerra,https://twitter.com/OsmarTerra/status/1637393916298252289,2023-03-19T10:01:45.000Z,A mídia passando pano no desgoverno errático !,66,717,2.539
Osmar Terra,@OsmarTerra,https://twitter.com/OsmarTerra/status/1637391669275381760,2023-03-19T09:52:49.000Z,Mesmo que viva 100 anos ainda não verei tudo! A grande mídia encontrando uma vantagem na inflação para justificar o desgoverno…!!!,107,744,2.980
Osmar Terra,@OsmarTerra,https://twitter.com/OsmarTerra/status/1637382832707235840,2023-03-19T09:17:43.000Z,Assustador!,28,300,938
Osmar Terra,@OsmarTerra,https://twitter.com/OsmarTerra/status/1637201220292018182,2023-03-18T21:16:03.000Z,"Não é o cúmulo do absurdo o Governo Lula preocupado em desarmar as pessoas que legalmente tem registro e porte de armas, e não falar nada do armamento ilegal,pesado, na mão do crime organizado. Quais as ações pensadas pelo governo para desarmar o crime? Você sabe? Eu não..",80,605,1.724
Osmar Terra,@OsmarTerra,https://twitter.com/OsmarTerra/status/1637185814336614401,2023-03-18T20:14:50.000Z,Tudo como dantes!! Parece que a população toda deve esquecer todos os escândalos de corrupção e trabalhar como se tivesse ocorrido nada. “Joesley e Wesley Batista estarão em comitiva de Lula na China | Brasil | http://Pleno.News”,35,204,686
Osmar Terra,@OsmarTerra,https://twitter.com/OsmarTerra/status/1637158067350413314,2023-03-18T18:24:34.000Z,Olha só…! E o Lula passando pano no ditador!,6,97,423
Osmar Terra,@OsmarTerra,https://twitter.com/OsmarTerra/status/1637107893957808132,2023-03-18T15:05:12.000Z,Concordo!!!,5,33,293
Osmar Terra,@OsmarTerra,https://twitter.com/OsmarTerra/status/1637060460405989379,2023-03-18T11:56:43.000Z,"Recordando os absurdos impostos a pop. na esteira do medo,diante de um surto pandêmico de um vírus respiratório (na COVID). Isso foi em 6 de julho de 2020, no auge do pânico criado pela mídia e das reações disparatadas de gestores públicos. Arame farpado nos bancos de praça ..!!",19,297,918
Osmar Terra,@OsmarTerra,https://twitter.com/OsmarTerra/status/1636817524309278722,2023-03-17T19:51:23.000Z,"Espero que esse Prefeito tenha voltado atrás dessa demissão absurda, ou devidamente processado para provar a eficácia do certificado de vacinação para a COVID ! Ele deveria saber que as vacinas não protegem do contágio…",5,105,392
Osmar Terra,@OsmarTerra,https://twitter.com/OsmarTerra/status/1636707564250447872,2023-03-17T12:34:26.000Z,No Brasil o apavoramento geral e o lockdown foram tratados dessa forma. NUNCA ESQUEÇAMOS DISSO. E adiantou algo? Que mídia foi essa? Que especialistas eram esses? Adiantou? Provem que funcionou. Deem as devidas explicações para o povo que tanto apavoraram!! Estamos esperando……,84,908,2.487
Osmar Terra,@OsmarTerra,https://twitter.com/OsmarTerra/status/1636687967946170369,2023-03-17T11:16:34.000Z,O modelo do governo Lula!,3,30,126
Osmar Terra,@OsmarTerra,https://twitter.com/OsmarTerra/status/1636685266067890177,2023-03-17T11:05:50.000Z,"Se não provarem uma razão científica para isso, como a existência de proteção para o contágio das duas doses da vacina, tem que processar por crime..!",1,65,228
Osmar Terra,@OsmarTerra,https://twitter.com/OsmarTerra/status/1636600420788305923,2023-03-17T05:28:41.000Z,"O pavor colocado na população pela mídia, durante a pandemia da COVID, foi responsável pelo adiamento de milhões de “check ups” e tratamentos para doenças graves. Isso  piorou a mortalidade por outras causas que não a pandemia!!",13,242,936
Osmar Terra,@OsmarTerra,https://twitter.com/OsmarTerra/status/1636598103536017411,2023-03-17T05:19:29.000Z,"Na Pandemia “a política infectou a ciência”(Michael Levitt, prêmio Nobel de química de 2013),",5,90,306
Osmar Terra,@OsmarTerra,https://twitter.com/OsmarTerra/status/1636592632422907904,2023-03-17T04:57:44.000Z,Os chats vazados do ministro da saúde inglês e italiano revelam a manipu... https://youtu.be/4d0vH5KjITk via @YouTube,2,58,201
Osmar Terra,@OsmarTerra,https://twitter.com/OsmarTerra/status/1636528906860634114,2023-03-17T00:44:31.000Z,"Araraquara e Chapecó, municípios com pop. semelhante,tiveram estratégias diferentes p redução de casos e mortes p COVID a partir do dia 12/04/2021.Chapecó,que tinha + óbitos,acabou com o lockdown,e Araraquara intensificou. De la para cá Chapecó teve 25% menos mortes q Araraquara!",9,258,765
Osmar Terra,@OsmarTerra,https://twitter.com/OsmarTerra/status/1636398618553856004,2023-03-16T16:06:48.000Z,Vocês acham que o crime organizado vai aumentar ou diminuir seu tamanho no governo Lula?,83,257,1.072
Osmar Terra,@OsmarTerra,https://twitter.com/OsmarTerra/status/1636376716062130180,2023-03-16T14:39:46.000Z,Por que será..?!   Pesquisa: 94% do mercado diz que não confia em Lula,33,95,513
Osmar Terra,@OsmarTerra,https://twitter.com/OsmarTerra/status/1636345289060626434,2023-03-16T12:34:53.000Z,O que Eduardo Leite promete na campanha e o que ele faz depois …,117,871,2.286
Osmar Terra,@OsmarTerra,https://twitter.com/OsmarTerra/status/1636269306412511233,2023-03-16T07:32:57.000Z,"Estamos no menor número de óbitos/dia (média semanal) por COVID, em todo o mundo, desde 20 de março de 2020!! Veja no gráfico do ourworldindata.",10,57,339
Osmar Terra,@OsmarTerra,https://twitter.com/OsmarTerra/status/1636072555290271745,2023-03-15T18:31:08.000Z,"Eduardo Leite não é confiável politicamente!Diz uma coisa,faz outra.Renunciou ao Governo dizendo que não concorreria novamente,e concorreu..Disse que não aumentaria imposto e agora quer aumentar imposto de combustível..Quando acreditar?",329,1.300,4.109
Osmar Terra,@OsmarTerra,https://twitter.com/OsmarTerra/status/1636065339996864512,2023-03-15T18:02:28.000Z,O lockdown e o “fique em casa”funcionou ou não na Pandemia? Veja a fala esclarecedora de @AdrillesRJorge no Morning Show!,4,44,193
Osmar Terra,@OsmarTerra,https://twitter.com/OsmarTerra/status/1636037408943665152,2023-03-15T16:11:29.000Z,Nada como o tempo passando para valorizar fatos e não narrativas vazias. Grato @AdrillesRJorge !,1,24,109
Osmar Terra,@OsmarTerra,https://twitter.com/OsmarTerra/status/1635808117014364164,2023-03-15T01:00:21.000Z,"Recordar é viver, afinal com os dados do primeiro mês da pandemia somados aos das pandemias anteriores não se podia pensar muito diferente . Veja novamente o vídeo!",16,339,1.031
Osmar Terra,@OsmarTerra,https://twitter.com/OsmarTerra/status/1635629347410264064,2023-03-14T13:09:59.000Z,"Teste: olhando nesses gráficos o sobe e desce da taxa contágio da COVID no Brasil,em 3 anos, assinale onde a vacinação teve impacto para imunizar e proteger do contágio e doença. E se não teve, qual a força oculta que provocou, desde o início, cada queda nas curvas de contágio?",16,148,479
Osmar Terra,@OsmarTerra,https://twitter.com/OsmarTerra/status/1635401476536414210,2023-03-13T22:04:30.000Z,"Existem vacinas e vacinas! Só ter nome de vacina,não é garantia de nada.É como dar nome de Jesus a alguém,e crer que,por isso,ele vai salvar o mundo!Existem vacinas eficazes (varíola,pólio).E as da COVID, + de 12 produtos diferentes,c pouco tempo de testagem p um vírus mutante.",41,257,1.321
Osmar Terra,@OsmarTerra,https://twitter.com/OsmarTerra/status/1635241109155901445,2023-03-13T11:27:16.000Z,Vocês imaginam a política brasileira se fosse como no filme “tudo em todo lugar ao mesmo tempo”? O Lula seria destruído politicamente por ele mesmo ..!!!,5,85,456
Osmar Terra,@OsmarTerra,https://twitter.com/OsmarTerra/status/1635216959993434112,2023-03-13T09:51:18.000Z,Esse poderia ser o Lula 1.0 denunciando o Lula 4.0…?!,10,175,762
Osmar Terra,@OsmarTerra,https://twitter.com/OsmarTerra/status/1635122882027089921,2023-03-13T03:37:28.000Z,Miguel Thomé no Instagram: “@nancyrmace no vídeo.”,1,12,39
Osmar Terra,@OsmarTerra,https://twitter.com/OsmarTerra/status/1634952625664954370,2023-03-12T16:20:56.000Z,"É Luiz Antônio, essa facilidade é que deve nos preocupar..!!",3,31,172
Osmar Terra,@OsmarTerra,https://twitter.com/OsmarTerra/status/1634903554098954241,2023-03-12T13:05:56.000Z,"As cepas da COVID tiveram uma grande diferença nos danos que causaram aos contaminados.A cepa Gama (amazônica),foi muito mais mortífera que a cepa original de Wuhan.O fator mais importante p redução de mortes nesse final de surto tem muito a ver com a baixa letalidade da ômicron!",22,76,583
Osmar Terra,@OsmarTerra,https://twitter.com/OsmarTerra/status/1634898302834733056,2023-03-12T12:45:04.000Z,"A qualquer momento a OMS deve decretar o fim do surto pandêmico da COVID 19. O número de casos no mundo e no Brasil permanecem baixos e , nas últimas 24 horas chegaram ao menor número de casos e mortes em 3 anos.",37,261,973
Osmar Terra,@OsmarTerra,https://twitter.com/OsmarTerra/status/1634703751918280705,2023-03-11T23:52:00.000Z,Essa senhora continua defendendo o lockdown e o uso de máscaras !,80,107,570
Osmar Terra,@OsmarTerra,https://twitter.com/OsmarTerra/status/1634564802445037568,2023-03-11T14:39:52.000Z,Esse estudo publicado mostra que a força muscular de uma mulher biológica é em media 63% da força muscular de um homem biológico. A capacidade aeróbica da mulher é 30% menor. Como competir de igual para igual..?!! Por isso não existe trans nas competições masculinas..,113,1.192,3.024
Osmar Terra,@OsmarTerra,https://twitter.com/OsmarTerra/status/1634561340118368257,2023-03-11T14:26:06.000Z,"O comovente dessa foto não está no beijo entre os dois trans vencedores da competição,e sim na mulher biológica que venceria, se não fosse contra dois homens biológicos, que marcou o momento com uma de suas diferenças biológicas, colocando seu filho no colo!!",59,336,1.083
Osmar Terra,@OsmarTerra,https://twitter.com/OsmarTerra/status/1634516368312655872,2023-03-11T11:27:24.000Z,"Inacreditável q uma ideologia vá ao extremo de ignorar a base biológica humana,diferenças físicas entre os sexos,a ponto de crer que um atleta biologicamente masculino seja igual a uma atleta feminina.Então como explicar a inexistência d trans disputando competições masculinas ?!",90,432,2.118
Osmar Terra,@OsmarTerra,https://twitter.com/OsmarTerra/status/1634501743642918917,2023-03-11T10:29:17.000Z,"Essa decisão da NCAA, (National Collegiate Athletic Association), de permitir que homens biológicos disputem competições com mulheres biológicas, de igual para igual, está acabando com as competições esportivas femininas nos EUA. Ela mostra o absurdo da negação do mundo real !",59,505,1.683
Osmar Terra,@OsmarTerra,https://twitter.com/OsmarTerra/status/1634154173972332544,2023-03-10T11:28:10.000Z,"Alexandre Garcia, hoje!",5,49,202
Osmar Terra,@OsmarTerra,https://twitter.com/OsmarTerra/status/1634131419025817600,2023-03-10T09:57:45.000Z,"A previsão  era 3 milhões de mortes por COVID,nno Brasil, até agosto de 2020, para o apavoramento geral ..! Era isso ou ficar 3 meses (porque 3 meses???) todo mundo fechado em casa que a epidemia terminava( @oatila ). Veja o vídeo do escolhido pela mídia para combater fakenews!",121,770,2.523
Osmar Terra,@OsmarTerra,https://twitter.com/OsmarTerra/status/1634111375902490624,2023-03-10T08:38:06.000Z,Isso é tão absurdo que não acredito na possibilidade!,30,152,691
Osmar Terra,@OsmarTerra,https://twitter.com/OsmarTerra/status/1634015425792036865,2023-03-10T02:16:50.000Z,Vocês lembram dessa crítica ao lockdown em 2020..?!,46,673,1.967
Osmar Terra,@OsmarTerra,https://twitter.com/OsmarTerra/status/1633850040824344576,2023-03-09T15:19:39.000Z,"Hoje, na tribuna, prestei homenagem a  Tatiana Topala,como uma mulher vítima inocente da violência que existe no Brasil. Violência alimentada pela frouxidão das leis, e pelo discurso ideológico do desencarceramento de criminosos!",15,86,505
Osmar Terra,@OsmarTerra,https://twitter.com/OsmarTerra/status/1633606489272360960,2023-03-08T23:11:52.000Z,"Minha amiga,Tatiana Topala,aparece nesse vídeo ao ser atacada e assassinada perto de onde residia, em Porto Alegre,no período do carnaval.Ela tinha 63 anos e o assassino tinha fugido da prisão após uma “saidinha”de natal..E o Ministro Silvio Almeida querendo esvaziar os presídios",75,658,1.974
Osmar Terra,@OsmarTerra,https://twitter.com/OsmarTerra/status/1633601831480995841,2023-03-08T22:53:22.000Z,"Pois é a ANVISA  autorizou e desautorizou em 3 meses. Isso pode acontecer, mas deixa claro que não existe garantia de eficácia de produtos para a COVID. Seja medicamento ou sobre  vacinas.Por que não avaliar a eficácia destas também?!  Manter a população bem informada é obrigação",7,113,394
Osmar Terra,@OsmarTerra,https://twitter.com/OsmarTerra/status/1633577478848499712,2023-03-08T21:16:36.000Z,"Olha só ! O preço da picanha no Supermercado (1,5kg). Como será a distribuição que o govern Lula fará?",328,871,3.862
Osmar Terra,@OsmarTerra,https://twitter.com/OsmarTerra/status/1633502034719645699,2023-03-08T16:16:48.000Z,"Por falar em interferência da política e da rede na informação científica para a sociedade,são interessantes esses questionamentos feitos aos representantes do Twitter no Congresso americano.Afinal, a população tem ou não tem direito à informação abrangente, sem censura?!",3,44,196
Osmar Terra,@OsmarTerra,https://twitter.com/OsmarTerra/status/1633445260306030593,2023-03-08T12:31:12.000Z,Postei esse Tweet em 4 de abril de 2020! Há 3 anos. Alertando que o lockdown e o “fique em casa” não evitariam o contágio em massa. Na época o Twitter censurou e reduziu o alcance das minhas postagens.Após 3 anos ficou claro onde estava a ciência e o Twitter não censura mais!,26,137,524
Osmar Terra,@OsmarTerra,https://twitter.com/OsmarTerra/status/1633421845494898688,2023-03-08T10:58:10.000Z,"Há 7 anos atrás,no dia 8 de março, foi aprovado no Congresso Nacional o Marco Legal da Primeira Infância,que amplia as políticas públicas voltadas para o início da vida! Tive a honra de articular o esforço de muitos parlamentares e instituições na construção dessa proposta!",3,44,222
Osmar Terra,@OsmarTerra,https://twitter.com/OsmarTerra/status/1633161385604444188,2023-03-07T17:43:11.000Z,"Concordo plenamente.A posição do Ministro só ajuda a piorar o consumo de drogas e a violência em todo país.É preciso melhorar e ampliar os presídios,enquanto houver necessidade,e ter leis duras que desencorajem o crime organizado.Sem progressão nem”saidinhas”para crimes violentos",20,111,428
Osmar Terra,@OsmarTerra,https://twitter.com/OsmarTerra/status/1633060386105589760,2023-03-07T11:01:51.000Z,"Existem coisas que tenho dificuldade de entender.. Se foi uma tentativa de golpe contra o Governo Lula, feita por extremistas de direita, por que não dar transparência e apurar com uma CPI?Qual é o prejuízo político para o Governo?A não ser que existam segredos inconvenientes..",98,708,2.474
Osmar Terra,@OsmarTerra,https://twitter.com/OsmarTerra/status/1633029675655090179,2023-03-07T08:59:49.000Z,"O óbvio! Se as vacinas não impedem o contágio da COVID, a queda dos números de casos/dia, que acontece em todo mundo revela a existência de outro tipo de imunidade,ignorada pela mídia, que cresce e diminui o contágio: a imunidade natural! Ela é mais completa que a da vacina!",46,653,2.213
Osmar Terra,@OsmarTerra,https://twitter.com/OsmarTerra/status/1632940449185792003,2023-03-07T03:05:16.000Z,"Excelente notícia! Continua queda de casos e mortes  por COVID no mundo.É a menor média semanal /dia de óbitos no mundo, desde março de 2020(3anos): 556 óbitos /dia. No Brasil ocorre o mesmo, com 38 óbitos/dia. A imunidade natural tem peso decisivo nisso!",17,152,690
Osmar Terra,@OsmarTerra,https://twitter.com/OsmarTerra/status/1632771401672273923,2023-03-06T15:53:32.000Z,???????????????,18,223,755
Osmar Terra,@OsmarTerra,https://twitter.com/OsmarTerra/status/1632768429294747651,2023-03-06T15:41:43.000Z,Será uma herança permanente do lockdown ?,1,13,101
Osmar Terra,@OsmarTerra,https://twitter.com/OsmarTerra/status/1632738247133605889,2023-03-06T13:41:47.000Z,"“Assustar até as calças de todos com as novas cepas…!! “ esses são trechos das mensagens entre o Ministro da Saúde do Reino Unido e um assessor! Lá, onde começou o lockdown no mundo, para enfrentar a COVID, a preocupação não era explicar e orientar. Foi só assustar e impor…",24,481,1.216
Osmar Terra,@OsmarTerra,https://twitter.com/OsmarTerra/status/1632732360620883970,2023-03-06T13:18:24.000Z,"Pois é, não é que o @AdrillesRJorge tinha razão! E agora?",22,310,1.182
Osmar Terra,@OsmarTerra,https://twitter.com/OsmarTerra/status/1632706257940369408,2023-03-06T11:34:40.000Z,"O lockdown com o “fique em casa” foram invenções sem base científica no trato da pandemia. O “Daily Telegraph” publicou mensagens entre o Ministro da Saúde do Reino Unido( onde a ideia do “fique em casa” começou), revelando o viés político e irresponsável das medidas tomadas!",32,638,1.921
Osmar Terra,@OsmarTerra,https://twitter.com/OsmarTerra/status/1632688535521177600,2023-03-06T10:24:15.000Z,"Valente com as ex colônias, Mácron “pia fino”com os países europeus e o G20. Principalmente com a Itália…",13,133,815
Osmar Terra,@OsmarTerra,https://twitter.com/OsmarTerra/status/1632679825231040512,2023-03-06T09:49:38.000Z,Alguém explica para o Lula que não precisa aumentar o preço da gasolina para estimular os idosos a caminhar. Eles sempre que podem o fazem. E quando não podem?,126,393,1.610
Osmar Terra,@OsmarTerra,https://twitter.com/OsmarTerra/status/1632673662984650753,2023-03-06T09:25:09.000Z,Fábrica de mentiras?,23,243,906
Osmar Terra,@OsmarTerra,https://twitter.com/OsmarTerra/status/1632520078137720833,2023-03-05T23:14:52.000Z,“Erro monumental em escala global”. Postagem feita há um ano. Desde o início da pandemia alertei para esse erro do lockdown!O #lockdownfiles mostra como foram tomadas as decisões erradas sobre isso nos países europeus. No Brasil governadores imitaram sem base qualquer científica!,9,200,622
Osmar Terra,@OsmarTerra,https://twitter.com/OsmarTerra/status/1632410202023637002,2023-03-05T15:58:15.000Z,Mais um argumento consistente e crítico à vacinação da bivalente!,14,149,467
Osmar Terra,@OsmarTerra,https://twitter.com/OsmarTerra/status/1632385191707566081,2023-03-05T14:18:52.000Z,"Mas se você colocar numa base de vacinados e não, de toda população, não só os dessa amostra,verá que não há diferença.Tanto faz estar vacinado ou não..!! A redução de mortes se dá mais pela característica da cepa(baixa letalidade),e aumento da imunidade natural dos contaminados!",8,56,287
Osmar Terra,@OsmarTerra,https://twitter.com/OsmarTerra/status/1632378403713056768,2023-03-05T13:51:54.000Z,"Se queremos comparar eficácia da vacina temos que considerar o total de vacinados, ppte com 2 doses ou mais,com os não vacinados e a taxa de mortes de cada grupo. Se proporção for a mesma da do total da população o efeito preventivo não existe. Tanto faz. Parece q risco é o mesmo",9,59,267
Osmar Terra,@OsmarTerra,https://twitter.com/OsmarTerra/status/1632339135955337216,2023-03-05T11:15:52.000Z,"Em 2021 a narrativa:“vacinas imunizam,acabam a pandemia”.Elas se mostraram pouco eficazes,e em 2022 aumentou a transmissão.Então  a narrativa mudou!”Não imunizam,mas previnem mortes”,omitindo que novas cepas já eram menos letais.Aí o % de vacinados nos óbitos desmentiu narrativas",39,428,1.485
Osmar Terra,@OsmarTerra,https://twitter.com/OsmarTerra/status/1632319693800235008,2023-03-05T09:58:36.000Z,Prove,25,39,397
Osmar Terra,@OsmarTerra,https://twitter.com/OsmarTerra/status/1632112243927142406,2023-03-04T20:14:16.000Z,"Temos que considerar o % do da população,vacinada ou não.Assim para os vacinados com 2 doses ou + a média foi de 79%.Nos óbitos do GHC,o total dos vacinados c 2 ou + doses foi d 79%.Então os óbitos mantém proporção para vacinados ou não que existe na sociedade.Vacinar não altera!",6,35,201
Osmar Terra,@OsmarTerra,https://twitter.com/OsmarTerra/status/1631845206420074497,2023-03-04T02:33:10.000Z,Pois é!,26,304,1.204
Osmar Terra,@OsmarTerra,https://twitter.com/OsmarTerra/status/1631722394405543957,2023-03-03T18:25:09.000Z,"Calcule comigo: no Grupo Hospitalar Conceição (o maior do Sul do Brasil),nos últimos 14 meses, internaram 1.484 pessoas com COVID. Dessas 1.358 haviam sido vacinadas e 126 não. E 232 morreram,207 vacinadas( 89,2%}e 25 não(10,8%). As vacinas fizeram diferença?",234,1.948,5.009
Osmar Terra,@OsmarTerra,https://twitter.com/OsmarTerra/status/1631541310828998657,2023-03-03T06:25:35.000Z,"O que têm em comum o Reino Unido, que foi o primeiro lugar do mundo a vacinar contra a COVID, o Chile que é o país que mais vacinou no mundo e os Estados Unidos? Todos têm maior proporção de mortes/milhão de habitantes,na Pandemia,que o Brasil. Serão eles “genocidas”?!",29,443,1.203
Osmar Terra,@OsmarTerra,https://twitter.com/OsmarTerra/status/1631245868685819907,2023-03-02T10:51:36.000Z,"Depois de muita denúncia e pressão a Anvisa acabou com da obrigatoriedade do uso de máscaras em aviões! Agora, aeroporto de Brasília em 032/03/2023, 90% das pessoas no aeroporto sem máscaras e aliviadas.Desde hoje não vamos mais passar pelo ridículo do uso obrigatório de máscaras",151,914,5.183
Osmar Terra,@OsmarTerra,https://twitter.com/OsmarTerra/status/1631217061702651905,2023-03-02T08:57:08.000Z,"Exigir passaporte vacinal para entrar no Brasil é outra medida ineficaz e para lá de ridícula, em se tratando de uma vacina que não protege do contágio..!!",17,116,700
Osmar Terra,@OsmarTerra,https://twitter.com/OsmarTerra/status/1631071184749035520,2023-03-01T23:17:28.000Z,Funcionaram as denúncias do ridículo que passávamos ao usar máscaras só dentro de aviões. A Anvisa voltou atrás e aboliu seu uso!,72,691,3.898
Osmar Terra,@OsmarTerra,https://twitter.com/OsmarTerra/status/1631059664862412801,2023-03-01T22:31:42.000Z,Tem razão!,33,666,2.344
Osmar Terra,@OsmarTerra,https://twitter.com/OsmarTerra/status/1630954033098764288,2023-03-01T15:31:57.000Z,Não me canso de rever essa aula maravilhosa da Dra.Gracian Li Pereira sobre vacinas. Assistam! ´Ninguém tem o direito de obrigar alguém a tomar vacina por meio de coação estatal´ 20/10/2021 - YouTube,10,159,497
Osmar Terra,@OsmarTerra,https://twitter.com/OsmarTerra/status/1630931020122927104,2023-03-01T14:00:31.000Z,"Veja esse vídeo.Encaminhei pedido de informação ao M. da saúde sobre eficácia da “nova vacina” bivalente para “sub-variantes”da ômicron (COVID),que não estão mais circulando,segundo o Lab. de genômica da Fiocruz. Serão bilhões de reais gastos inutilmente? https://youtu.be/9TZOjF-XgIo",25,246,882
Osmar Terra,@OsmarTerra,https://twitter.com/OsmarTerra/status/1630891801593753600,2023-03-01T11:24:40.000Z,"Encaminhei pedido de informação ao Ministério da Saúde, para que ele nos demonstre a eficácia da vacina bivalente que está sendo aplicada na população brasileira.Dados que tenho mostram sua inutilidade, por isso deve nos esclarecer! https://youtu.be/9TZOjF-XgIo via @YouTube",34,566,1.744
