nome,usuario,idTweet,dataPublicacao,texto,replies,retweets,likes
Paulo Teixeira,@pauloteixeira13,https://twitter.com/pauloteixeira13/status/1640910164571181056,2023-03-29T02:54:04.000Z,Juíz pede que a Polícia Federal investigue Sérgio Moro a partir das denúncias de Tacla Duran.,20,73,390
Paulo Teixeira,@pauloteixeira13,https://twitter.com/pauloteixeira13/status/1640808953071259844,2023-03-28T20:11:53.000Z,"“Precisamos de detector de emoções e não de detector de metais”, diz líder estudantil no enterro da professora Elisabeth Tenreiro.",10,21,159
Paulo Teixeira,@pauloteixeira13,https://twitter.com/pauloteixeira13/status/1640699953059180544,2023-03-28T12:58:46.000Z,Testemunha aponta extorsão da quadrilha Moro/Dallagnol e é imediatamente colocada em programa de proteção. Juíz teme pela sua segurança após divulgação. Denúncias evidenciam a faceta corrupta daquela “página infeliz da nossa história “.,9,54,256
Paulo Teixeira,@pauloteixeira13,https://twitter.com/pauloteixeira13/status/1640513550316609536,2023-03-28T00:38:04.000Z,"Certa feita, diante de inúmeras testemunhas, perguntei ao Deltan Dallagnol: - por que você não ouve o Tacla Duran? Ele respondeu: porque ele está foragido. Eu disse: eu te levo até o Tacla Duran. Dallagnol respondeu: isso é papel da justiça. Eu disse: eu quero ajudar a justiça!",48,136,932
Paulo Teixeira,@pauloteixeira13,https://twitter.com/pauloteixeira13/status/1640412766560190466,2023-03-27T17:57:35.000Z,"Minha solidariedade à família e aos educadores colegas da educadora Elisabete Tenreiro, assassinada por um adolescente na escola Thomazia Montoro, na Vila Sônia, cidade de São Paulo. Por uma cultura de paz!",4,20,168
Paulo Teixeira,@pauloteixeira13,https://twitter.com/pauloteixeira13/status/1638686037588230144,2023-03-22T23:36:11.000Z,O presidente do Banco Central vai ficar pra história como quem elevou o brasil à condição de campeão mundial das maiores taxas de juros do mundo!,33,41,268
Paulo Teixeira,@pauloteixeira13,https://twitter.com/pauloteixeira13/status/1638492977352826880,2023-03-22T10:49:02.000Z,"Indo pra Recife, junto com o presidente @LulaOficial , para o Lançamento do PAA- Programa de Aquisição de Alimentos da agricultura familiar.",27,23,184
Paulo Teixeira,@pauloteixeira13,https://twitter.com/pauloteixeira13/status/1638321330155126785,2023-03-21T23:26:58.000Z,"Presidente Lula, por meio do Incra, entrega títulos para 5 áreas remanescentes de quilombos em Minas Gerais e Sergipe.",4,24,193
Paulo Teixeira,@pauloteixeira13,https://twitter.com/pauloteixeira13/status/1637900600116477954,2023-03-20T19:35:08.000Z,“Juro no Brasil é ‘chocante’ e equivale a ‘pena de morte’ diz Joseph Stiglitz.,13,69,266
Paulo Teixeira,@pauloteixeira13,https://twitter.com/pauloteixeira13/status/1636886144775323648,2023-03-18T00:24:03.000Z,Herança maldita: mais 200 trabalhadores são resgatados do trabalho análogo ao trabalho escravo em Minas Gerais e em Goias.:,28,96,358
Paulo Teixeira,@pauloteixeira13,https://twitter.com/pauloteixeira13/status/1636815185548550144,2023-03-17T19:42:05.000Z,"Conselho Nacional de Política Energetica decidiu, com o nosso voto, que a mistura de biodiesel no diesel será de 12% em abril, 13% em 2024, 14% em 2025 , 15% em 2026 e que aumentará a participação do nordeste de 10% para 20% nesse período. Viva a agricultura familiar.",5,24,113
Paulo Teixeira,@pauloteixeira13,https://twitter.com/pauloteixeira13/status/1639312643524640773,2023-03-24T17:06:05.000Z,Tchau querida: Dilma presidenta do Brics!,7,12,191
Paulo Teixeira,@pauloteixeira13,https://twitter.com/pauloteixeira13/status/1639267452335927298,2023-03-24T14:06:31.000Z,"Afinal, o casal devolveu as joias. Caso o TCU não tivesse exigido, eles teriam surrupiado as joias.",23,30,232
Paulo Teixeira,@pauloteixeira13,https://twitter.com/pauloteixeira13/status/1636403844203659275,2023-03-16T16:27:34.000Z,"Em visita ao Ceasa Minas Gerais, que tem 15 mil agricultores familiares vendendo seus produtos e 70 mil pessoas dia comprando, com 60% da agricultura familiar.",5,17,134
Paulo Teixeira,@pauloteixeira13,https://twitter.com/pauloteixeira13/status/1636073963808800771,2023-03-15T18:36:44.000Z,"Devolve as joias, Bolsonaro!",13,11,95
Paulo Teixeira,@pauloteixeira13,https://twitter.com/pauloteixeira13/status/1636015526303473664,2023-03-15T14:44:31.000Z,"Senhor governador @tarcisiogdf . Não é boa política revolver o passado. A homenagem feita ao educador Paulo Freire, o maior educador do brasil, deve ser respeitada. Caso contrário, abre-se uma garrafa, de onde sairão ressentimentos e disputas.",23,30,206
Paulo Teixeira,@pauloteixeira13,https://twitter.com/pauloteixeira13/status/1635957805139079168,2023-03-15T10:55:10.000Z,5 anos sem Marielle. Marielle vive! Quem mandou matar Marielle?,10,15,130
Paulo Teixeira,@pauloteixeira13,https://twitter.com/pauloteixeira13/status/1635768854478573573,2023-03-14T22:24:20.000Z,"Senhor governador @tarcisio_sao . Mudar nome de estação do Metrô é destampar uma garrafa de onde sairão mágoas e ressentimentos. Sugiro manter a estação do metrô com o nome do Paulo Freire, maior educador brasileiro.",25,45,320
Paulo Teixeira,@pauloteixeira13,https://twitter.com/pauloteixeira13/status/1635462687881670658,2023-03-14T02:07:44.000Z,"Recebi  Senhor Cem Ozdemir, ministro da alimentação e da agricultura da Alemanha. Vamos fazer grandes parcerias.",8,15,115
Paulo Teixeira,@pauloteixeira13,https://twitter.com/pauloteixeira13/status/1635010054813540352,2023-03-12T20:09:08.000Z,"Viva o Papa Francisco, que hoje comemora 10 anos do seu pontificado, que tem sido um exemplo para o mundo e estimulado uma verdadeira renovação da igreja na direção dos que mais precisam!@Pontifex_pt",10,24,275
Paulo Teixeira,@pauloteixeira13,https://twitter.com/pauloteixeira13/status/1634667247619694595,2023-03-11T21:26:57.000Z,"Agora foi na lavoura do arroz, em Uruguaiana, Rio Grande do Sul. Foram encontrados 56 trabalhadores em condições de trabalho análogas ao trabalho escravo. O governo Bolsonaro desmontou a fiscalização.  Lula resgata esses trabalhadores para lhes assegurar dignidade.",31,95,463
Paulo Teixeira,@pauloteixeira13,https://twitter.com/pauloteixeira13/status/1634324517311987719,2023-03-10T22:45:03.000Z,"O slogan era “Picanha, cerveja e Lula 22”. Promessa cumprida!",54,58,348
Paulo Teixeira,@pauloteixeira13,https://twitter.com/pauloteixeira13/status/1634321459316240385,2023-03-10T22:32:54.000Z,Lula cumpre a promessa: Picanha foi a carne com a maior queda de preço em fevereiro.,41,27,251
Paulo Teixeira,@pauloteixeira13,https://twitter.com/pauloteixeira13/status/1634296406646087683,2023-03-10T20:53:21.000Z,"O mundo perdeu o cientista Rafael Mechoulan, que juntamente com o Professor Elisvaldo Carlini, pesquisou o uso medicinal da cannabis. Que o brasil aprove o PL 399 que regulamenta o uso medicinal da cannabis no Brasil.",3,22,136
Paulo Teixeira,@pauloteixeira13,https://twitter.com/pauloteixeira13/status/1634252904432279572,2023-03-10T18:00:30.000Z,"Viva a estabilidade no serviço público! Parabéns aos servidores públicos que não se dobraram e não entregaram as joias para o Bolsonaro. Quanto ao ex-presidente, ele terá que devolver as demais joias que escondeu para entrar no Brasil.",6,24,234
Paulo Teixeira,@pauloteixeira13,https://twitter.com/pauloteixeira13/status/1633879461744476186,2023-03-09T17:16:34.000Z,"Meu adeus ao Jorge Beloqui, um dos desbravadores das lutas de combate à Aids no Brasil.",4,6,99
Paulo Teixeira,@pauloteixeira13,https://twitter.com/pauloteixeira13/status/1633639881661358086,2023-03-09T01:24:34.000Z,"Hoje instituímos uma mesa de negociações da empresa Suzano com o MST, para negociar a superação do conflito no Sul Da Bahia.",16,15,151
Paulo Teixeira,@pauloteixeira13,https://twitter.com/pauloteixeira13/status/1633162885244284929,2023-03-07T17:49:09.000Z,"Agradeço o Governador de Bahia @Jeronimoba13 ,o chefe da Casa Civil @AfonsoFlorence e @osnicardoso13 por terem ajudado na mediação.",7,13,71
Paulo Teixeira,@pauloteixeira13,https://twitter.com/pauloteixeira13/status/1633162284070498323,2023-03-07T17:46:45.000Z,"MST deixa área pertencente à empresa Suzano de Papel e Celulose.-
Amanhã, recebo representantes do MST e da empresa Suzano de Papel e Celulose para recuperar o acordo firmado em 2015.",10,24,171
Paulo Teixeira,@pauloteixeira13,https://twitter.com/pauloteixeira13/status/1632773107676065792,2023-03-06T16:00:18.000Z,O sujeito que tentou liberar as joias da Dona Michelle ganhou um cargo em Paris. Tem maracutaia aí!,46,59,376
Paulo Teixeira,@pauloteixeira13,https://twitter.com/pauloteixeira13/status/1632012179103727616,2023-03-04T13:36:39.000Z,Nosso adeus ao cartunista Paulo Caruso. Seguimos com a tua arte na lembrança.,4,25,218
Paulo Teixeira,@pauloteixeira13,https://twitter.com/pauloteixeira13/status/1631835660762898432,2023-03-04T01:55:14.000Z,Uma joia de R$ 16 milhões em troca de uma refinaria?,49,106,591
Paulo Teixeira,@pauloteixeira13,https://twitter.com/pauloteixeira13/status/1631685797387665411,2023-03-03T15:59:44.000Z,Nokia e Nasa querem levar internet para a lua. Não seria melhor levar internet para os assentamentos e para a agricultura familiar?,30,50,414
Paulo Teixeira,@pauloteixeira13,https://twitter.com/pauloteixeira13/status/1631460115306934273,2023-03-03T01:02:57.000Z,"Parabéns ministra @aniellefranco , a única brasileira como “mulher do ano” da revista Time!",4,23,156
Paulo Teixeira,@pauloteixeira13,https://twitter.com/pauloteixeira13/status/1631318032197861376,2023-03-02T15:38:21.000Z,"O presidente @LulaOficial juntamente com o ministro @wdiaspi lançam o novo Bolsa Família, com o valor de R$ 600,00, mais R$ 150,00 por cada filho até 6 anos, mais R$ 50,00 por cada filho até 18 anos. Junto com o Bolsa Família vêm 32 programas para superação da pobreza.",10,10,136
Paulo Teixeira,@pauloteixeira13,https://twitter.com/pauloteixeira13/status/1631091841222230016,2023-03-02T00:39:33.000Z,Tribunal de Contas do Municipio de São Paulo finalmente faz justiça e aprova as contas da grande prefeita @luizaerundina .,8,19,110
Paulo Teixeira,@pauloteixeira13,https://twitter.com/pauloteixeira13/status/1630759055378591745,2023-03-01T02:37:11.000Z,Gol de placa: Lula retoma o Consea- Conselho Nacional de  Segurança Alimentar e Nutricional.,6,22,155
