nome,usuario,idTweet,dataPublicacao,texto,replies,retweets,likes
Pompeo de Mattos,@PompeodeMattos,https://twitter.com/PompeodeMattos/status/1641547345195311104,2023-03-30T21:06:00.000Z,A redução do juros do empréstimo consignado para os aposentados é uma vitória e juntos nós vamos vencer outras batalhas em favor dos aposentados e pensionistas do nosso país.,3,1,13
Pompeo de Mattos,@PompeodeMattos,https://twitter.com/PompeodeMattos/status/1641508086698352640,2023-03-30T18:30:00.000Z,Nesta senana aconteceu em Brasília a XXIV Marcha dos Prefeitos. Evento importante para aproximar os municípios da administração federal e desenvolver projetos fundamentais para a pauta municipalista.,0,0,0
Pompeo de Mattos,@PompeodeMattos,https://twitter.com/PompeodeMattos/status/1641478839531450368,2023-03-30T16:33:47.000Z,"Os aposentados cobram, com razão, a antecipação do 13º para maio além da aprovação do 14º salário que é um projeto da minha autoria.
São medidas necessárias e urgentes que fazem justiça com quem carregou o Brasil nas costas por todo esse tempo. #14salário #aposentados",2,3,8
Pompeo de Mattos,@PompeodeMattos,https://twitter.com/PompeodeMattos/status/1641210051628072962,2023-03-29T22:45:43.000Z,"A polarização extrema na política, prejudica o debate de projetos e assim todos nós perdemos.",3,5,19
Pompeo de Mattos,@PompeodeMattos,https://twitter.com/PompeodeMattos/status/1641118558745772038,2023-03-29T16:42:09.000Z,"Taxa de juros brasileira assusta até vencedor do Nobel de Economia. 
Segundo Joseph Stiglitz, economista e professor da Universidade Columbia, o atual patamar da Selic é “chocante” e uma taxa de juros como a brasileira “vai matar qualquer economia”.",5,38,88
Pompeo de Mattos,@PompeodeMattos,https://twitter.com/PompeodeMattos/status/1640789872557301769,2023-03-28T18:56:04.000Z,Subscrevi o pedido para instalar subcomissão de apoio à Micro e Pequenas Empresas. São mais de 17 milhões de micro e pequenas empresas no Brasil que garantem milhões de empregos. 🧶...,1,0,9
Pompeo de Mattos,@PompeodeMattos,https://twitter.com/PompeodeMattos/status/1640767925362589739,2023-03-28T17:28:52.000Z,"Está é uma VITÓRIA DO PDT e do Min. ⁦@CarlosLupiPDT⁩  Ainda que não seja o juro de 1.70% desejado, também não será os 2,14% que era. Como ninguém propôs isso antes, os aposentados foram as grande vítimas da usura.",28,13,108
Pompeo de Mattos,@PompeodeMattos,https://twitter.com/PompeodeMattos/status/1640386668715819012,2023-03-27T16:13:53.000Z,"Em Montevidéu para posse e reunião do @PARLASUR, juntamente com o @afonso_motta, @depchinaglia e @heitorschuch.

Nosso mandato está presente para levantar pautas fundamentais para o Brasil, fomentar o desenvolvimento e o processo de integração entre os países da América do Sul.🧶",1,3,16
Pompeo de Mattos,@PompeodeMattos,https://twitter.com/PompeodeMattos/status/1640006923859763203,2023-03-26T15:04:55.000Z,"Embarco agora para Montevidéu onde tomarei posse amanhã como parlamentar do Mercosul (@PARLASUR)
Nosso mandato está presente para levantar pautas fundamentais para o Brasil, fomentar o desenvolvimento e o processo de integração entre os países da América do Sul.",2,4,33
Pompeo de Mattos,@PompeodeMattos,https://twitter.com/PompeodeMattos/status/1639967940085702660,2023-03-26T12:30:00.000Z,"Parabéns, minha querida Porto Alegre!
251 anos de história.",0,2,8
Pompeo de Mattos,@PompeodeMattos,https://twitter.com/PompeodeMattos/status/1639678701926326272,2023-03-25T17:20:40.000Z,"Em CAPELA DE SANTANA no niver do meu amigo é primo LUIZ CAPELARI.
Bonito encontro e grandes parcerias. Parabéns meu irmão camarada.",0,1,8
Pompeo de Mattos,@PompeodeMattos,https://twitter.com/PompeodeMattos/status/1639028640674631680,2023-03-23T22:17:34.000Z,"No RIO no ato de filiação do Dep MAX LEMOS no PDT. “O bom filho à casa retorna”. Grande aquisição, um quadro de raiz e tradição. Agora somos 18 Deputados Federais do PDT em defesa do trabalhismo de Brizola",1,4,28
Pompeo de Mattos,@PompeodeMattos,https://twitter.com/PompeodeMattos/status/1638914134048665600,2023-03-23T14:42:33.000Z,"Sou filho de assentado e defendo a reforma agrária mas não é com invasões que vamos garantir esse direito. 
O governo precisa agir para assentar as famílias sem terra e garantir o direito de todos.",1,8,24
Pompeo de Mattos,@PompeodeMattos,https://twitter.com/PompeodeMattos/status/1638586735780134913,2023-03-22T17:01:35.000Z,"Na eunião da EXEC.NACIONAL com BANCADA FEDERAL e PRES. ESTADUAIS debatendo a federalização do PDT c/PSB e SDD. Ideia é realizar estudos pelas direções estaduais até Julho pra ver as realidades locais e após tomar uma decisão. Até Setembro decide.
Foi aprovado bloco parlamentar",16,11,77
Pompeo de Mattos,@PompeodeMattos,https://twitter.com/PompeodeMattos/status/1638575917663498240,2023-03-22T16:18:36.000Z,É necessário o aperfeiçoamento da Lei Maria da Penha para garantir a aplicação da lei nos casos em que ainda hoje ocorre a impunidade. Precisamos acabar com a violência contra a mulher.,0,1,11
Pompeo de Mattos,@PompeodeMattos,https://twitter.com/PompeodeMattos/status/1638524800766205957,2023-03-22T12:55:29.000Z,"Não é só um recurso natural, é muito mais do que isso. Ela é essencial! 
Por isso, mais que um dia de celebração, hoje é um dia de reflexão.",0,0,2
Pompeo de Mattos,@PompeodeMattos,https://twitter.com/PompeodeMattos/status/1638309397972623362,2023-03-21T22:39:33.000Z,"A amiga não esta acompanhando bem a minha luta de muito tempo contra os juros altos, especialmente os juros absurdos do consignado que atinge os aposentados. Hoje reafirmei minha posição na tribuna da Câmara dos Deputados",4,3,16
Pompeo de Mattos,@PompeodeMattos,https://twitter.com/PompeodeMattos/status/1638285854509506564,2023-03-21T21:06:00.000Z,"Hoje é o Dia Mundial da Poesia, dia de celebrar a beleza e o poder das palavras. A poesia captura a essência da vida e das emoções em versos que tocam a alma. Que possamos sempre encontrar a poesia em nosso cotidiano e deixá-la nos guiar em nossa jornada pela vida.",0,1,6
Pompeo de Mattos,@PompeodeMattos,https://twitter.com/PompeodeMattos/status/1638239801424900108,2023-03-21T18:03:00.000Z,Um dia para celebrar a diversidade e promover a inclusão em todas as esferas da vida.,0,1,7
Pompeo de Mattos,@PompeodeMattos,https://twitter.com/PompeodeMattos/status/1638203558976733185,2023-03-21T15:38:59.000Z,"A luta contra a discriminação racial não é apenas uma questão de justiça social, mas também de direitos humanos e dignidade humana. É essencial que cada um de nós se comprometa a combater o racismo e a promover a igualdade e a justiça para todos.",1,2,14
Pompeo de Mattos,@PompeodeMattos,https://twitter.com/PompeodeMattos/status/1636727554831794176,2023-03-17T13:53:52.000Z,"Registrei na tribuna da Câmara meu agradecimento ao Ministro @CarlosLupiPDT que reduziu as taxas de juros do empréstimo consignado para até 1,70%. 

Mais uma batalha vitoriosa do PDT em defesa dos aposentados. 
Vamos cobrar a @FEBRABAN a efetivação da redução na ponta.",7,35,157
Pompeo de Mattos,@PompeodeMattos,https://twitter.com/PompeodeMattos/status/1636718936048762880,2023-03-17T13:19:37.000Z,"Empréstimos consignados para aposentados estavam com juros extorsivos. A decisão do Conselho da Previdência, ministro @CarlosLupiPDT, em reduzir a taxa é mais do que acertada.
E nós não vamos ceder à chantagem dos bancos. Essa suspensão não vai perdurar. Vamos cobrar a @FEBRABAN.",10,42,164
Pompeo de Mattos,@PompeodeMattos,https://twitter.com/PompeodeMattos/status/1636714590791770113,2023-03-17T13:02:21.000Z,"A alta dos juros precisa ser combatida e a Caixa e o BB tem papel fundamental:
Passa por eles a abertura da concorrência e barateamento do crédito.
Hoje ambos fazem parte do cartel q acha pouco cobrar juros de 20,4% ao ano no consignado do aposentado. Absurdo, não dá pra aceitar!",1,29,112
Pompeo de Mattos,@PompeodeMattos,https://twitter.com/PompeodeMattos/status/1636704121133645825,2023-03-17T12:20:45.000Z,"Após Ministro @CarlosLupiPDT acertadamente reduzir o teto de juros dos empréstimos consignados, os bancos privados se negaram a fornecer novos empréstimos.

Agora, os bancos públicos, Caixa e o BB, que poderiam abraçar toda a demanda e abrir concorrência também se negam.",44,147,619
Pompeo de Mattos,@PompeodeMattos,https://twitter.com/PompeodeMattos/status/1636466903651590160,2023-03-16T20:38:08.000Z,"Caro João Amoedo, em que lugar do mundo há rendimento de 25% ao ano sem risco como este?
O desconto é em folha, garantido pelo INSS. 
Esse juro é mais do que abusivo. Acerta o Ministro @CarlosLupiPDT!",17,53,296
Pompeo de Mattos,@PompeodeMattos,https://twitter.com/PompeodeMattos/status/1636349544031047681,2023-03-16T12:51:47.000Z,"Hoje é aniversário do meu grande amigo, @CarlosLupiPDT. 
Ministro da Previdência Social, Lupi é nosso líder na luta em defesa da democracia, dos trabalhadores e aposentados brasileiros. 
Desejo muita saúde, paz e que siga sendo o grande lutador que és.",2,1,23
Pompeo de Mattos,@PompeodeMattos,https://twitter.com/PompeodeMattos/status/1636061975611408385,2023-03-15T17:49:06.000Z,"Presidi nesta manhã a instalação da Comissão de Indústria, Comércio e Serviços e a eleição de presidente e vice da mesma. Sou membro titular desta importante Comissão na Câmara.

Vamos fazer nosso papel e trabalhar para o crescimento da indústria e do comércio no país",1,1,3
Pompeo de Mattos,@PompeodeMattos,https://twitter.com/PompeodeMattos/status/1636008169603321856,2023-03-15T14:15:17.000Z,"Com muita tristeza recebi a notícia do falecimento do amigo, colega de trabalho e companheiro pedetista, Eduardo Abrahão. 

Abrahão era advogado, foi vereador e  prefeito de Osório por dois mandatos, teve grande aprovação e reconhecimento da população pelo trabalho desempenhado.",2,1,5
Pompeo de Mattos,@PompeodeMattos,https://twitter.com/PompeodeMattos/status/1635781328959406080,2023-03-14T23:13:54.000Z,"Em reunião agora com a Bancada do PDT na Câmara para tratar da aproximação do PDT com PSB e Solidariedade.  

Inicialmente a ideia é formar um bloco parlamentar, posteriormente uma federação e futuramente uma construção maior entre os partidos.",12,3,45
Pompeo de Mattos,@PompeodeMattos,https://twitter.com/PompeodeMattos/status/1635619943696809984,2023-03-14T12:32:37.000Z,"NOTA DE PESAR

Com tristeza recebi a notícia do falecimento do amigo Elizeu Padilha, um dos mais articulados políticos do Brasil. 

Era um homem público de exemplo, um dos grandes políticos gaúchos. 

Meus sentimentos a toda sua família e amigos neste momento de dor.",0,1,4
Pompeo de Mattos,@PompeodeMattos,https://twitter.com/PompeodeMattos/status/1635449927047233538,2023-03-14T01:17:02.000Z,"Depois do fim da prova de vida, mais uma vitória dos Aposentados e Pensionistas!
Parabéns ao Ministro @CarlosLupiPDT que reduziu as taxas de juros do empréstimo consignado para até 1,70%. 
Mais uma batalha vitoriosa do PDT em defesa dos aposentados",3,5,28
Pompeo de Mattos,@PompeodeMattos,https://twitter.com/PompeodeMattos/status/1635246857780854788,2023-03-13T11:50:06.000Z,"Recebi a triste notícia do falecimento do ator e companheiro de PDT, Antônio Pedro.
Um grande talento artístico e cultural brasileiro. 
Deixa um grande legado profissional e uma rica história pelo grande ser humano que foi.  
Que Deus possa acolhê-lo e confortar família e amigos.",0,1,15
Pompeo de Mattos,@PompeodeMattos,https://twitter.com/PompeodeMattos/status/1633590163225059328,2023-03-08T22:07:00.000Z,"Mais do que comemorar o 8 de março, precisamos de atitude, ações e trabalho em defesa das mulheres e seus direitos  🌹 👩",2,0,3
Pompeo de Mattos,@PompeodeMattos,https://twitter.com/PompeodeMattos/status/1633524451894517779,2023-03-08T17:45:53.000Z,"Minha homenagem às Mulheres guerreiras e trabalhadoras gaúchas e brasileiras. 

Feliz dia das Mulheres!",1,0,2
Pompeo de Mattos,@PompeodeMattos,https://twitter.com/PompeodeMattos/status/1633495690872512512,2023-03-08T15:51:36.000Z,"Apresentei na data de hoje, 8 de março de 2023, Dia Internacional da Mulher, o PL 979/2023 para conceder tramitação prioritária automática aos processos protocolados em qualquer juízo ou tribunal, cuja parte seja mulher vítima de violência física.",1,0,2
Pompeo de Mattos,@PompeodeMattos,https://twitter.com/PompeodeMattos/status/1633454400076169218,2023-03-08T13:07:31.000Z,"Desejo toda sorte e uma excelente gestão à minha amiga Deisi Maranata que assume a Secretaria de Políticas para Mulheres, Família e Direitos Humanos, neste dia 8 de março, Dia Internacional da Mulher, em Guaíba. 

É um grande desafio e uma honrosa missão. Parabéns e sucesso!",0,0,3
Pompeo de Mattos,@PompeodeMattos,https://twitter.com/PompeodeMattos/status/1633270966351712257,2023-03-08T00:58:37.000Z,Em BSB na posse da nova diretoria da FRENTE PARLAMENTAR DA AGROPECUÁRIA. É o Parlamento Nacional apoiando e valorizando o AGRO brasileiro,2,0,5
Pompeo de Mattos,@PompeodeMattos,https://twitter.com/PompeodeMattos/status/1631703792822386729,2023-03-03T17:11:14.000Z,"Deixo aqui a minha manifestação sobre a fala xenofóbica do Vereador, Sandro Fontinel.

A fala do Vereador é lamentável e não representa o povo gaúcho.",2,3,15
Pompeo de Mattos,@PompeodeMattos,https://twitter.com/PompeodeMattos/status/1631628934403043330,2023-03-03T12:13:46.000Z,"Não bastasse o Banco Central impor ao Brasil o maior juro real do mundo, nesta semana nos deparamos com mais esse absurdo.
O Banco Central não pode sequer ser objeto de questionamento conforme os preceitos do art. 50 da Constituição. 
Banco Central virou o 4º poder. Que vergonha!",5,13,46
Pompeo de Mattos,@PompeodeMattos,https://twitter.com/PompeodeMattos/status/1631626378184654849,2023-03-03T12:03:37.000Z,"Petrobras abre mão de reinvestir lucro na atividade-fim e faz a festa dos acionistas com uma política que distribui mais dividendos do q o usual no mercado.
Incríveis 43% estão indo para satisfazer a sanha rentista de investidores estrangeiros. Até quando?",0,4,8
Pompeo de Mattos,@PompeodeMattos,https://twitter.com/PompeodeMattos/status/1630991656156626958,2023-03-01T18:01:27.000Z,"O governo federal apoia financeiramente Estados e Municípios para que adquiram e mantenham veículos necessários ao transporte de alunos.

Entretanto, é vedado que os veículos sejam utilizados para outras finalidades que não o transporte de alunos. 
... 🧶",3,0,10
