nome,usuario,idTweet,dataPublicacao,texto,replies,retweets,likes
Prof. Reginaldo Veras,@ReginaldoVeras,https://twitter.com/ReginaldoVeras/status/1641506395408277505,2023-03-30T18:23:17.000Z,A escola necessita de profissionais capacitados que atendam casos graves de alunos com problemas emocionais e estudantes vítimas de bullying. Só uma equipe especializada e multidisciplinar poderá fazer um trabalho preventivo visando o combate à violência escolar.,3,3,20
Prof. Reginaldo Veras,@ReginaldoVeras,https://twitter.com/ReginaldoVeras/status/1634548462845845505,2023-03-11T13:34:56.000Z,"Sem contar nos milhares de profissionais da educação, nomeados esta semana na Secretaria de Educação do DF, que foram meus alunos e minhas alunas. #professorcomorgulho",8,0,18
Prof. Reginaldo Veras,@ReginaldoVeras,https://twitter.com/ReginaldoVeras/status/1634547716255633409,2023-03-11T13:31:58.000Z,"Durante a inauguração do Batalhão Esplanada, em Brasília, encontrei dezenas de ex-alunos - hoje policiais militares. Isso não tem preço. Nem R$ 70 mil, #mcpipokinha. Estou deputado e toda a minha formação eu devo à educação pública. Sou o que sou graças aos meus professores.",1,0,20
Prof. Reginaldo Veras,@ReginaldoVeras,https://twitter.com/ReginaldoVeras/status/1633201072356446214,2023-03-07T20:20:53.000Z,"Parabéns aos 2953 profissionais da #SEDF nomeados. A educação só ganha com a chegada de vocês. Nosso trabalho muda a vida de crianças, jovens e de famílias inteiras. Viva a nossa categoria! Viva a educação pública de qualidade!",2,1,23
Prof. Reginaldo Veras,@ReginaldoVeras,https://twitter.com/ReginaldoVeras/status/1630952844193873920,2023-03-01T15:27:14.000Z,"A espera acabou! Nomeações da #sedf garantidas para os cargos de monitor, apoio e secretário escolar. Nossa luta valeu a pena! Parabéns a vocês, concursandos, à governadora interina @celinaleao e à secretaria @helviaparanagua. Viva a educação pública de qualidade!",6,1,10
