nome,usuario,idTweet,dataPublicacao,texto,replies,retweets,likes
Renilce Nicodemos,@RenilceOficial,https://twitter.com/RenilceOficial/status/1641417300216561666,2023-03-30T12:29:15.000Z,"Bom dia, pessoal! ☀️Olhem que vista mais linda aqui da janela do nosso gabinete, o 822, em Brasília. Que hoje seja mais um dia de muito trabalho, com grandes vitórias. Que Deus abençoe a todos nós! 🥰😍💙#RenilceNicodemos #DeputadaFederal#AForçaDaMulherParaense #ElaNãoPara",2,2,10
Renilce Nicodemos,@RenilceOficial,https://twitter.com/RenilceOficial/status/1640401001537576961,2023-03-27T17:10:50.000Z,"O Ver-O-Peso, a nossa maior feira livre da América Latina, completa nesta segunda-feira 396 anos. 🎉🥳🎈Viva o Veropa! 🥰😍😘#RenilceNicodemos #DeputadaFederal#AForçaDaMulherParaense #ElaNãoPara #Brasília #Pará #CamaraDosDeputados #EmDefesaDaSaúdeDasMulheres",2,0,10
Renilce Nicodemos,@RenilceOficial,https://twitter.com/RenilceOficial/status/1640012008404709376,2023-03-26T15:25:07.000Z,"Bom dia, povo do meu amado Pará!
Abençoado domingo a todos!#PazNosCampos",2,1,16
Renilce Nicodemos,@RenilceOficial,https://twitter.com/RenilceOficial/status/1639394371530260481,2023-03-24T22:30:51.000Z,"Estou estarrecida! Acabo de receber um vídeo com imagens de um crime contra uma mulher, ocorrido em Marapanim, minha cidade natal. Já entrei em contato com o prefeito Anderson Dias e pedi para que ele acompanhe de perto para que este caso não fique impune. +",1,1,10
Renilce Nicodemos,@RenilceOficial,https://twitter.com/RenilceOficial/status/1639266475906048002,2023-03-24T14:02:38.000Z,"É com muita tristeza que recebo a notícia do acidente que ocorreu nesta sexta-feira, na PA-150, em Nova Ipixuna do Pará, onde um caminhão colidiu de frente com um micro-ônibus. Neste momento de dor, peço a Deus que conforte os corações de todos os familiares e amigos das vítimas.",1,0,4
Renilce Nicodemos,@RenilceOficial,https://twitter.com/RenilceOficial/status/1638579405969661962,2023-03-22T16:32:28.000Z,"Com muita responsabilidade e transparência, iniciamos o nosso trabalho aqui na Comissão de Constituição e Justiça e de Cidadania. 

Com as bençãos de Deus, estamos pronto para essa nova missão! #DeputadaFederal#AForçaDaMulherParaense #ElaNãoPara #Brasília #CamaraDosDeputados",2,1,11
Renilce Nicodemos,@RenilceOficial,https://twitter.com/RenilceOficial/status/1638264064555077637,2023-03-21T19:39:25.000Z,"Estou revoltada, indignada e triste com a notícia do pai que estuprou a própria filha. É inadmissível o que ocorreu no município de Bagre, no Marajó, um vereador embebedar e abusar da própria filha. Segundo a Polícia Civil do Pará, +",4,0,14
Renilce Nicodemos,@RenilceOficial,https://twitter.com/RenilceOficial/status/1637969055389822978,2023-03-21T00:07:09.000Z,"Tanta coisa me faz feliz. 🥰 Entre elas, minha família, meu trabalho em cuidar da população, o carinho e o amor que recebo de cada um de vocês. ❤️ o que te faz transbordar de felicidade? #DeputadaFederal#AForçaDaMulherParaense #ElaNãoPara #Brasília #Pará #CamaraDosDeputados",0,1,7
Renilce Nicodemos,@RenilceOficial,https://twitter.com/RenilceOficial/status/1637819906279329792,2023-03-20T14:14:29.000Z,"Juntamente com o governador @helderbarbalho participo na manhã desta segunda-feira, da troca do novo comando do Corpo de Bombeiros Militar do Pará. Desejo sucesso ao novo comandante-geral, Coronel Jayme de Aviz Benjó.",1,1,8
Renilce Nicodemos,@RenilceOficial,https://twitter.com/RenilceOficial/status/1636488394229391360,2023-03-16T22:03:32.000Z,"Meus amigos do nosso amado Pará, é com imenso prazer e orgulho que assumo a vaga de 1ª Titular da Comissão de Constituição e Justiça e de Cidadania (CCJ). 

Essa é uma das principais comissões da Câmara Federal, pois analisa os aspectos constitucional, legal, jurídico, +",4,1,13
Renilce Nicodemos,@RenilceOficial,https://twitter.com/RenilceOficial/status/1636432349868048384,2023-03-16T18:20:50.000Z,"""Te adorar é o que sustenta-me de pé...""  🙏🙏🙏",2,0,5
Renilce Nicodemos,@RenilceOficial,https://twitter.com/RenilceOficial/status/1636414155069739008,2023-03-16T17:08:32.000Z,"Com o leilão da concessão rodoviária do Pará, estamos movimentando a economia, gerando empregos e garantindo estrada segura e de qualidade para nosso povo! Para o alto e avante, Pará!",0,0,4
Renilce Nicodemos,@RenilceOficial,https://twitter.com/RenilceOficial/status/1635774158586933248,2023-03-14T22:45:25.000Z,"Um dia de muito trabalho na Câmara Federal!
O trabalho não pára!",4,2,10
Renilce Nicodemos,@RenilceOficial,https://twitter.com/RenilceOficial/status/1635490079719268352,2023-03-14T03:56:35.000Z,"Recebo com pesar a notícia do falecimento do ex-ministro e ex-deputado federal Eliseu Padilha. Um grande articulador político que contribuiu muito para o Brasil. Neste momento de luto, peço a Deus que conforte os corações dos familiares e amigos.",1,2,7
Renilce Nicodemos,@RenilceOficial,https://twitter.com/RenilceOficial/status/1635422412547190784,2023-03-13T23:27:42.000Z,"Aqui na Câmara dos Deputados, provei o famoso café da Dona Maria. Vocês sabem que eu sou fã de um café quentinho e Dona Maria já conquistou meu coração. E vocês, gostam de café? 🥰#RenilceNicodemos #DeputadaFederal#AForçaDaMulherParaense #ElaNãoPara #Brasília #Pará",0,2,4
Renilce Nicodemos,@RenilceOficial,https://twitter.com/RenilceOficial/status/1635374438886830080,2023-03-13T20:17:04.000Z,"Aprovado, o PL3792/19 sugere que empresas tenham um selo que implicará que tal empresa não possui como administradores homens que tenham tido qualquer tipo de envolvimento de violência doméstica/familiar. Vamos mudar a História desse país com mais dignidade e proteção às mulheres",0,2,5
Renilce Nicodemos,@RenilceOficial,https://twitter.com/RenilceOficial/status/1635341744584929281,2023-03-13T18:07:09.000Z,"🚨🚨Chega de casos de assédios, estupros e violências contra as mulheres dentro dos hospitais! 
Aprovamos mais uma importante medida na Câmara: o PL 81/22 garante que a mulher tenha direito a acompanhante durante consultas e exames para os quais haja necessidade de sedação. 🚨🚨",0,3,4
Renilce Nicodemos,@RenilceOficial,https://twitter.com/RenilceOficial/status/1632918030274404354,2023-03-07T01:36:11.000Z,"Boa noite, pessoal! Fui vítima de crime cibernético. Meu número de telefone foi clonado. Já fiz boletim de ocorrência e estou tomando as providências para resolver o problema. Fiquem atentos a pedidos de doações, nunca pedi e não estou pedindo.",1,3,8
Renilce Nicodemos,@RenilceOficial,https://twitter.com/RenilceOficial/status/1631692443128147969,2023-03-03T16:26:08.000Z,"Gol do Pará! Rony, o craque do futebol de Magalhães Barata irá defender a nossa seleção brasileira, jogando com a camisa verde e amarela no próximo amistoso do Brasil contra o Marrocos. A torcida do Pará está com você. Vamos juntos, Rony! Rumo à vitória!",1,0,5
Renilce Nicodemos,@RenilceOficial,https://twitter.com/RenilceOficial/status/1631687295660171268,2023-03-03T16:05:41.000Z,Lugar de mulher é onde ela quiser. Uma por todas e todas por uma. Vamos juntas! 💙,1,4,6
