nome,usuario,idTweet,dataPublicacao,texto,replies,retweets,likes
Ricardo Ayres,@RicardoAyres_TO,https://twitter.com/RicardoAyres_TO/status/1641551554233630720,2023-03-30T21:22:43.000Z,Aprovamos a MP que estimula o mercado de créditos de carbono na gestão de florestas. O contrato de concessão passa a prever o direito de comercializar créditos de carbono e produtos e serviços florestais não madeireiros. 🌿🌱🍃,2,1,9
Ricardo Ayres,@RicardoAyres_TO,https://twitter.com/RicardoAyres_TO/status/1641114700204195840,2023-03-29T16:26:49.000Z,"A Comissão de Educação aprovou Moção de Repúdio de nossa autoria contra os ataques sofridos por professoras da Escola Estadual Thomazia Montorona (SP), que resultou na morte da Professora Elisabeth Tenreiro e feriu outras cinco.",2,0,1
Ricardo Ayres,@RicardoAyres_TO,https://twitter.com/RicardoAyres_TO/status/1640368420364464129,2023-03-27T15:01:22.000Z,"Minha solidariedade aos familiares da professora Elisabete Tenreiro, brutalmente assassinada por seu aluno dentro da sala de aula na escola Thomazia Montoro (SP) e também a todas as crianças feridas. Isso é resultado do descaso com que tratamos a segurança em nossas escolas.",1,0,4
Ricardo Ayres,@RicardoAyres_TO,https://twitter.com/RicardoAyres_TO/status/1638310824950341635,2023-03-21T22:45:13.000Z,"Aprovamos agora o PL 1604/22, que determina a concessão sumária de medidas protetivas de urgência às mulheres a partir da denúncia a qualquer autoridade policial ou a partir de alegações escritas.",2,0,6
Ricardo Ayres,@RicardoAyres_TO,https://twitter.com/RicardoAyres_TO/status/1637877226988265472,2023-03-20T18:02:15.000Z,"O programa será rebatizado como #MaisSaúdeParaOBrasil e terá atuação de outros profissionais, como dentistas, enfermeiros e assistentes sociais. Uma política assistencial que leva saúde para todos os municípios do país, principalmente aos mais distantes e às periferias.",1,0,1
Ricardo Ayres,@RicardoAyres_TO,https://twitter.com/RicardoAyres_TO/status/1637819250357288961,2023-03-20T14:11:53.000Z,"Dando preferência na seleção para médicos brasileiros formados no país, o Governo Federal anuncia a retomada do programa Mais Médicos com investimento de R$ 712 milhões somente este ano e a abertura de 15 mil novas vagas. 🩺🧑🏽‍⚕️👨🏻‍⚕️",2,0,3
Ricardo Ayres,@RicardoAyres_TO,https://twitter.com/RicardoAyres_TO/status/1637157891231588352,2023-03-18T18:23:52.000Z,"É crucial que mantenhamos a história do nosso povo na memória. A batalha pela autonomia teve início há mais de duzentos anos no antigo norte de Goiás, que era completamente isolado e negligenciado. O dia 18 de março representa o início da conquista e da independência do Tocantins",0,1,4
Ricardo Ayres,@RicardoAyres_TO,https://twitter.com/RicardoAyres_TO/status/1636549919048695809,2023-03-17T02:08:00.000Z,"Decisão acertada da Rede Globo em eliminar os participantes @mcguime e @caradesapatojr do @bbb. É fundamental que atitudes de desrespeito às mulheres, em quaisquer níveis, sejam veementemente rechaçadas. Tolerância zero!",0,0,4
Ricardo Ayres,@RicardoAyres_TO,https://twitter.com/RicardoAyres_TO/status/1636443599800811553,2023-03-16T19:05:32.000Z,"Meu último compromisso em Brasília essa semana foi um café da manhã com a presença do vice-presidente da República, @geraldoalckmin, o ministro de Relações Institucionais, @padilhando e alguns parlamentares das regiões Norte e Nordeste.",1,0,3
Ricardo Ayres,@RicardoAyres_TO,https://twitter.com/RicardoAyres_TO/status/1635961750179794944,2023-03-15T11:10:50.000Z,"As comissões permanentes da Câmara serão instaladas hoje. Assumirei a responsabilidade de representar o Tocantins nas comissões de Constituição e Justiça, Educação e Defesa do Consumidor. Três importantes comissões para trabalharmos em favor do Brasil. Vamos juntos!",0,0,4
Ricardo Ayres,@RicardoAyres_TO,https://twitter.com/RicardoAyres_TO/status/1635821617371574274,2023-03-15T01:54:00.000Z,Olha aí! Vale a pena ver de novo. Bons tempos de militância e luta pela educação. O que fazia nessa época me fez chegar onde estou hoje. Tenho muito orgulho dessa trajetória. Seguimos por aqui trabalhando.,1,0,8
Ricardo Ayres,@RicardoAyres_TO,https://twitter.com/RicardoAyres_TO/status/1635811244648087553,2023-03-15T01:12:47.000Z,"O Governo Federal anunciou o programa “Voa, Brasil”, que pretende emitir quase 12 milhões de passagens por ano a R$ 200 por trecho. O objetivo é democratizar o acesso a passagens de avião, além de movimentar a economia.",3,0,2
Ricardo Ayres,@RicardoAyres_TO,https://twitter.com/RicardoAyres_TO/status/1634220081281466368,2023-03-10T15:50:04.000Z,"Recebi com muita alegria e responsabilidade a missão de presidir o Republicanos em Palmas. Esse é o momento de construirmos a unidade do partido, promover filiações para fortalecer e organizar ainda mais a sigla na Capital.",1,1,6
Ricardo Ayres,@RicardoAyres_TO,https://twitter.com/RicardoAyres_TO/status/1633585728515973120,2023-03-08T21:49:22.000Z,"São estarrecedoras, machistas e extremamente desrespeitosas as falas do deputado Nikolas Ferreira. A Câmara dos Deputados não pode ser palco de discursos extremistas e preconceituosos. Hoje é dia de dar visibilidade para a luta das mulheres e não para discursos de ódio.",1,0,1
Ricardo Ayres,@RicardoAyres_TO,https://twitter.com/RicardoAyres_TO/status/1633490342757400577,2023-03-08T15:30:21.000Z,"E continuando nossas homenagens às mulheres do Brasil, uma menção especial a duas personalidades tocantinenses guerreiras que com suas histórias de vida inspiraram muita gente: Dona Raimunda (a quebradeira de coco) e Dona Miúda.",1,0,3
Ricardo Ayres,@RicardoAyres_TO,https://twitter.com/RicardoAyres_TO/status/1633428934812368896,2023-03-08T11:26:20.000Z,"O Dia da Mulher é, antes de mais nada, um dia para reflexão. Refletir como estamos garantindo o espaço da mulher em todos os diferentes âmbitos da sociedade, o que estamos fazendo para garantir os seus direitos e gerar oportunidades.",1,0,1
Ricardo Ayres,@RicardoAyres_TO,https://twitter.com/RicardoAyres_TO/status/1633246549483331585,2023-03-07T23:21:36.000Z,"Aprovamos pautas importantes nesta semana da mulher: a MP 1140/22, que institui programa de prevenção e combate ao assédio sexual nas escolas, no âmbito dos sistemas de ensino federal, estadual, municipal e distrital na educação infantil e ensino fundamental.",1,1,3
Ricardo Ayres,@RicardoAyres_TO,https://twitter.com/RicardoAyres_TO/status/1633181348167929857,2023-03-07T19:02:31.000Z,"E no meio da sessão, uma pausa pra foto! 📸 Estamos por aqui defendendo o Tocantins e o Brasil! 🇧🇷",0,0,8
Ricardo Ayres,@RicardoAyres_TO,https://twitter.com/RicardoAyres_TO/status/1633162166952947736,2023-03-07T17:46:17.000Z,"Ao me reunir com o min do Trabalho e Emprego, Luiz Marinho, defendi a volta do ProJovem Trabalhador, que visa levar oportunidades profissionais aos jovens. Assim, permitiremos que eles cresçam no mercado de trabalho e se reduza a evasão escolar e o trabalho infantil informal.",0,0,3
Ricardo Ayres,@RicardoAyres_TO,https://twitter.com/RicardoAyres_TO/status/1633145595190824961,2023-03-07T16:40:26.000Z,Para conceder anistia aos juros e multas aos brasileiros que contrataram empréstimos consignados em 2022 por meio do Auxílio Brasil e proibir as instituições financeiras de efetivarem novas contratações protocolei  duas emendas à Medida Provisória 1164/23.,1,0,1
Ricardo Ayres,@RicardoAyres_TO,https://twitter.com/RicardoAyres_TO/status/1632455286333091841,2023-03-05T18:57:24.000Z,"Não podemos permitir que o MST invada propriedades privadas e desrespeite a lei. Essas ações ilegais prejudicam os proprietários rurais, afetam a produção de alimentos e geram conflitos desnecessários.",1,2,10
Ricardo Ayres,@RicardoAyres_TO,https://twitter.com/RicardoAyres_TO/status/1632084849551978505,2023-03-04T18:25:25.000Z,"Minha solidariedade ao deputado federal @yurydoparedao pelo falecimento de sua irmã, a vereadora de Juazeiro do Norte, Yanny Brena. Rogo a Deus, que em sua infinita bondade, console todos os amigos e familiares neste momento de tanta dor e tristeza. 🙏🏻",0,0,4
Ricardo Ayres,@RicardoAyres_TO,https://twitter.com/RicardoAyres_TO/status/1631788232470822913,2023-03-03T22:46:46.000Z,"Estive hoje com a amiga e diretora Nacional de Condicionalidades do Ministério do Desenvolvimento e Assistencia Social, Família e Combate à Fome, Eutália Barbosa. Ela que tem uma relação muito forte com o Tocantins, foi secretária de Assistência Social de Palmas. ➡️",2,0,4
Ricardo Ayres,@RicardoAyres_TO,https://twitter.com/RicardoAyres_TO/status/1631372315584782336,2023-03-02T19:14:04.000Z,"Ótima iniciativa da prefeita @CinthiaCRibeiro em adquirir novos ônibus ao sistema de transporte urbano de Palmas e dar gratuidade nas tarifas aos finais de semana e feriados, porém isso não basta. Espero que a regularidade e a boa qualidade dos serviços prevaleçam.",0,0,3
Ricardo Ayres,@RicardoAyres_TO,https://twitter.com/RicardoAyres_TO/status/1631331386371063808,2023-03-02T16:31:25.000Z,Já ouviram falar sobre a teoria da 'perda de chance'? É um conceito jurídico que dá a possibilidade de indenização nos casos em q alguém se vê privado da oportunidade de obter uma situação futura melhor. Com o PL 320/2023 quero inserir essa questão no Código Civil. Segue o fio ▶️,3,1,5
Ricardo Ayres,@RicardoAyres_TO,https://twitter.com/RicardoAyres_TO/status/1631064608831045633,2023-03-01T22:51:21.000Z,"Aprovamos a MP que amplia o prazo para quitação de empréstimos do Pronampe. O prazo que era de quatro anos passa agora a ser de seis anos para o pagamento das parcelas. A nova regra vale para contratos futuros, mas autoriza a prorrogação das operações em vigor.",1,0,7
Ricardo Ayres,@RicardoAyres_TO,https://twitter.com/RicardoAyres_TO/status/1630719913663901696,2023-03-01T00:01:39.000Z,"É preciso repensar a política de preços da Petrobras, pois a atual é um fracasso para o Brasil e um prejuízo para a população. A Petrobras precisa voltar a ter compromisso com o povo brasileiro e a se preocupar com a economia nacional.",1,0,1
