nome,usuario,idTweet,dataPublicacao,texto,replies,retweets,likes
Roseana Sarney Murad,@RoseanaSarneyM,https://twitter.com/RoseanaSarneyM/status/1638593484134260757,2023-03-22T17:28:24.000Z,"Em Brasília, mas acompanhando a situação de diversas cidades maranhenses que foram tomadas pelas chuvas. Estou atenta às necessidades das famílias vitimadas e me coloco à disposição do governador @carlosbrandaoma e dos prefeitos para auxiliar no que for necessário.",0,2,15
Roseana Sarney Murad,@RoseanaSarneyM,https://twitter.com/RoseanaSarneyM/status/1637221469917683712,2023-03-18T22:36:31.000Z,"Flagrantes na minha caminhada matinal de hoje, em Brasília.",1,0,24
Roseana Sarney Murad,@RoseanaSarneyM,https://twitter.com/RoseanaSarneyM/status/1636087948113326081,2023-03-15T19:32:18.000Z,"Hoje é comemorado o Dia Nacional da Escola - local transformador e um dos primeiros espaços de convivência das nossas crianças. Estive na luta pela Educação do Maranhão e por todos os cargos que ocupei. No governo, no senado e na Câmara dos Deputados.",1,0,8
Roseana Sarney Murad,@RoseanaSarneyM,https://twitter.com/RoseanaSarneyM/status/1636070892303183876,2023-03-15T18:24:32.000Z,"A natureza derramando-se sobre a ponta de Alcântara, no Maranhao.",0,1,19
Roseana Sarney Murad,@RoseanaSarneyM,https://twitter.com/RoseanaSarneyM/status/1633437895926185986,2023-03-08T12:01:56.000Z,"Acordei com a notícia que ninguém desejava: a confirmação de duas vítimas fatais no incêndio do Rio Anil Shopping. Meus pensamentos e orações estão com as famílias das vítimas. Aos bombeiros, que atuaram incansavelmente nas buscas, o meu reconhecimento.",0,1,25
Roseana Sarney Murad,@RoseanaSarneyM,https://twitter.com/RoseanaSarneyM/status/1633223473119019008,2023-03-07T21:49:54.000Z,"Acompanhando as informações sobre o incêndio que atingiu o Rio Anil Shopping há pouco. 

Os órgãos competentes estão cuidando da situação e encaminhando os feridos para o devido atendimento.

Por hora, felizmente não há registros de óbito. Estou em oração pelas vítimas.",0,3,34
Roseana Sarney Murad,@RoseanaSarneyM,https://twitter.com/RoseanaSarneyM/status/1632053851602796548,2023-03-04T16:22:14.000Z,"Fazendo minha caminhada matinal em Brasília, vi uma família solidária e muito cuidadosa.",20,0,19
