nome,usuario,idTweet,dataPublicacao,texto,replies,retweets,likes
Sargento Fahur,@SargentoFAHUR,https://twitter.com/SargentoFAHUR/status/1640830709257347074,2023-03-28T21:38:20.000Z,Se houve algo nesse sentido eu não tenho dúvida nenhuma de que se trata de um caso isolado e agora usado pelo ministro para desqualificar pessoas decentes e atacar um importante setor que gera empregos e renda.,47,106,1.005
Sargento Fahur,@SargentoFAHUR,https://twitter.com/SargentoFAHUR/status/1640729705895587841,2023-03-28T14:56:59.000Z,"Um criminoso envolvido em lavagem de dinheiro acusando o juiz e o procurador que lhe processaram e o meteram na cadeia. Tal qual Lula, esse bandido quer é se sair de vítima.",51,91,996
Sargento Fahur,@SargentoFAHUR,https://twitter.com/SargentoFAHUR/status/1640142581374803968,2023-03-27T00:03:58.000Z,"Agora é tarde. Faz o ""L"" que melhora.",91,125,2.255
Sargento Fahur,@SargentoFAHUR,https://twitter.com/SargentoFAHUR/status/1639653667438567428,2023-03-25T15:41:12.000Z,Alguma surpresa?,49,156,1.487
Sargento Fahur,@SargentoFAHUR,https://twitter.com/SargentoFAHUR/status/1639285306175156231,2023-03-24T15:17:28.000Z,Se lascaram!,353,660,"10,4 mil"
Sargento Fahur,@SargentoFAHUR,https://twitter.com/SargentoFAHUR/status/1639001871447740420,2023-03-23T20:31:11.000Z,Parabéns aos Policiais envolvidos na operação. Ao menos 11 almas sebosas no mármore do inferno.,62,142,2.413
Sargento Fahur,@SargentoFAHUR,https://twitter.com/SargentoFAHUR/status/1639001472057724953,2023-03-23T20:29:36.000Z,Parabéns aos Policiais envolvidos na operação. Ao menos 11 almas sebosas no mármore do inferno.,33,79,1.242
Sargento Fahur,@SargentoFAHUR,https://twitter.com/SargentoFAHUR/status/1638991642400026624,2023-03-23T19:50:33.000Z,"Em uma declaração covarde, o presidente @LulaOficial acusa o senador @SF_Moro de armação no caso da operação da Polícia Federal que prendeu bandidos que pretendiam sequestrar e matar o ex-ministro. A fala de Lula é indecente, vergonhosa e criminosa.",68,242,2.308
Sargento Fahur,@SargentoFAHUR,https://twitter.com/SargentoFAHUR/status/1638659430588792833,2023-03-22T21:50:27.000Z,"Recebendo a embaixadora do Líbano,  @carlajazzar.",9,23,663
Sargento Fahur,@SargentoFAHUR,https://twitter.com/SargentoFAHUR/status/1638605137559146501,2023-03-22T18:14:43.000Z,Com o deputado federal @rsallesmma.,47,95,2.382
Sargento Fahur,@SargentoFAHUR,https://twitter.com/SargentoFAHUR/status/1638585581297967114,2023-03-22T16:57:00.000Z,“Temos que discutir a pena de morte ou prisão perpétua no país. Chega!”,518,1.482,11 mil
Sargento Fahur,@SargentoFAHUR,https://twitter.com/SargentoFAHUR/status/1638548406611181570,2023-03-22T14:29:17.000Z,“Bandido é cacete no lombo e bala no rabo.”,34,51,993
Sargento Fahur,@SargentoFAHUR,https://twitter.com/SargentoFAHUR/status/1638339562308001798,2023-03-22T00:39:25.000Z,O amor venceu...,94,223,2.204
Sargento Fahur,@SargentoFAHUR,https://twitter.com/SargentoFAHUR/status/1638264214769786880,2023-03-21T19:40:00.000Z,Deputada @apropriajulia. Tem meu apoio incondicional.,178,277,5.982
Sargento Fahur,@SargentoFAHUR,https://twitter.com/SargentoFAHUR/status/1638250008158826498,2023-03-21T18:43:33.000Z,"E vai acabar ""fodendo"" o Brasil...de novo.",190,177,2.137
Sargento Fahur,@SargentoFAHUR,https://twitter.com/SargentoFAHUR/status/1638194758525788161,2023-03-21T15:04:01.000Z,Parabéns meu amigo. Feliz aniversário. Força e Honra.,44,95,3.523
Sargento Fahur,@SargentoFAHUR,https://twitter.com/SargentoFAHUR/status/1637889736378294303,2023-03-20T18:51:58.000Z,Rio de Janeiro não é pra amadores. Pau tora...,397,965,"12,8 mil"
Sargento Fahur,@SargentoFAHUR,https://twitter.com/SargentoFAHUR/status/1637822923804123137,2023-03-20T14:26:28.000Z,Um traste a menos!,49,45,1.161
Sargento Fahur,@SargentoFAHUR,https://twitter.com/SargentoFAHUR/status/1637604216603660288,2023-03-19T23:57:25.000Z,"O Ministro Flávio Dino disse que vai processar quem questionar a ida dele na Maré. ""Ui, que meda do 🦕""",155,378,5.079
Sargento Fahur,@SargentoFAHUR,https://twitter.com/SargentoFAHUR/status/1637519151525756929,2023-03-19T18:19:24.000Z,Essa esquerda desgraçada quer calar a direita através da censura e da intimidação. Não vamos nos calar.,196,545,4.083
Sargento Fahur,@SargentoFAHUR,https://twitter.com/SargentoFAHUR/status/1636788663177838592,2023-03-17T17:56:42.000Z,Quase acertou no “guarda-chuvas” do vagabundo!,63,152,3.293
Sargento Fahur,@SargentoFAHUR,https://twitter.com/SargentoFAHUR/status/1636141908643794944,2023-03-15T23:06:43.000Z,Nem o capeta aceitou no inferno.,21,38,578
Sargento Fahur,@SargentoFAHUR,https://twitter.com/SargentoFAHUR/status/1636001882740064262,2023-03-15T13:50:18.000Z,"O estado não pode ceder regalias para esses degenerados. É preciso enfrentá-los. Sei que o preço é alto, mas ceder e permitir as regalias não pode ser a solução. Tropa nas ruas e enfrentamento.",32,64,591
Sargento Fahur,@SargentoFAHUR,https://twitter.com/SargentoFAHUR/status/1635819073794654208,2023-03-15T01:43:53.000Z,"Um pilantra, corrupto confesso, condenado a mais de 400 anos de cadeia e se fazendo de vítima. Vagabundo.",1.340,1.583,10 mil
Sargento Fahur,@SargentoFAHUR,https://twitter.com/SargentoFAHUR/status/1635646137980928002,2023-03-14T14:16:42.000Z,"Ouvi muitas lorotas dessas nas rodovias. Vindo de velórios, indo pra lua de mel, entre muitas outras. A maioria que vem com essas conversas moles acabam em cana.",12,37,455
Sargento Fahur,@SargentoFAHUR,https://twitter.com/SargentoFAHUR/status/1635374267486605314,2023-03-13T20:16:23.000Z,"Nem todo maconheiro acaba no CRACK, mas todo craquento começou na MACONHA!!!",55,84,1.601
Sargento Fahur,@SargentoFAHUR,https://twitter.com/SargentoFAHUR/status/1635372959304126465,2023-03-13T20:11:11.000Z,"Esse é o homem que quer pacificar o Brasil. Não perde uma oportunidade de atacar, mas quando atacado, se faz de coitadinho.",41,52,583
Sargento Fahur,@SargentoFAHUR,https://twitter.com/SargentoFAHUR/status/1635370720040726528,2023-03-13T20:02:18.000Z,Bala no rabo dos vagabundos!,265,653,"11,3 mil"
Sargento Fahur,@SargentoFAHUR,https://twitter.com/SargentoFAHUR/status/1635261956662910977,2023-03-13T12:50:06.000Z,"Foi nada, SE JOGOU!",875,1.220,"18,7 mil"
Sargento Fahur,@SargentoFAHUR,https://twitter.com/SargentoFAHUR/status/1635253978039717888,2023-03-13T12:18:24.000Z,"O que tanto temem??? A CPMI já era necessária, mas agora é questão de honra para o povo de direita.",41,107,951
Sargento Fahur,@SargentoFAHUR,https://twitter.com/SargentoFAHUR/status/1634693515333476352,2023-03-11T23:11:19.000Z,Potencializam demais a fala de um deputado e pouco se indignam com a soltura de Sérgio Cabral e com o fato de um ex-presidiário ser presidente do Brasil. Mimizentos.,296,767,6.177
Sargento Fahur,@SargentoFAHUR,https://twitter.com/SargentoFAHUR/status/1633917282614214658,2023-03-09T19:46:51.000Z,Tragédia em Jandaia do Sul. Trem bate em ônibus escolar/APAE.,547,528,4.950
Sargento Fahur,@SargentoFAHUR,https://twitter.com/SargentoFAHUR/status/1633914280624943106,2023-03-09T19:34:55.000Z,Mais uma mula em cana. Essas merdas sabem que geralmente acabam se ferrando e ficam insistindo. Cérebro do tamanho de um caroço de azeitona.,8,13,241
Sargento Fahur,@SargentoFAHUR,https://twitter.com/SargentoFAHUR/status/1633868019519705089,2023-03-09T16:31:06.000Z,Cadê a picanha???,38,75,784
Sargento Fahur,@SargentoFAHUR,https://twitter.com/SargentoFAHUR/status/1633846460495327236,2023-03-09T15:05:26.000Z,Direto pro colo do capeta!,25,16,446
Sargento Fahur,@SargentoFAHUR,https://twitter.com/SargentoFAHUR/status/1633572957518811137,2023-03-08T20:58:38.000Z,"""Ta na hora de acabar com as visitas intimas nas cadeias, se o bandido quer fazer um sexo que faça com o companheiro de cela.""",123,169,2.775
Sargento Fahur,@SargentoFAHUR,https://twitter.com/SargentoFAHUR/status/1633515419230248982,2023-03-08T17:09:59.000Z,"Lugar de mulher é onde ela quiser!
Feliz dia a todas as mulheres!",98,339,7.093
Sargento Fahur,@SargentoFAHUR,https://twitter.com/SargentoFAHUR/status/1633513721929637891,2023-03-08T17:03:15.000Z,Parabéns a todas as mulheres decentes desse Brasil. Valorizar a mulher decente que cumpre suas obrigações é obrigação de toda sociedade todos os dias e não apenas hoje. Que Deus abençoe vocês.,11,16,491
Sargento Fahur,@SargentoFAHUR,https://twitter.com/SargentoFAHUR/status/1633147936916774912,2023-03-07T16:49:45.000Z,Esquerda sendo esquerda. Marque bem o nome daqueles que porventura retirarem as assinaturas.,35,74,544
Sargento Fahur,@SargentoFAHUR,https://twitter.com/SargentoFAHUR/status/1633145727034556417,2023-03-07T16:40:58.000Z,Esquerda sendo esquerda. Marque bem o nome daqueles que porventura retirarem as assinaturas.,17,81,627
Sargento Fahur,@SargentoFAHUR,https://twitter.com/SargentoFAHUR/status/1633086978831859714,2023-03-07T12:47:31.000Z,Todos no mármore do inferno!,28,36,684
Sargento Fahur,@SargentoFAHUR,https://twitter.com/SargentoFAHUR/status/1632798759175241728,2023-03-06T17:42:14.000Z,"A verdade é que sempre defenderam bandidos, ditadores e assassinos.",58,148,1.509
Sargento Fahur,@SargentoFAHUR,https://twitter.com/SargentoFAHUR/status/1632468741941338113,2023-03-05T19:50:52.000Z,O inferno está em festa!,122,122,2.759
Sargento Fahur,@SargentoFAHUR,https://twitter.com/SargentoFAHUR/status/1632460282499932160,2023-03-05T19:17:15.000Z,Foi tarde!,115,89,1.993
Sargento Fahur,@SargentoFAHUR,https://twitter.com/SargentoFAHUR/status/1631834476421447681,2023-03-04T01:50:31.000Z,"Essa é a ""Hello Kitty"". E a essa hora essa praga deve estar quicando no colo do capeta! Pena que esse demônio depois de morta ainda ""arrumou para a cabeça"" dos policiais.",55,47,749
Sargento Fahur,@SargentoFAHUR,https://twitter.com/SargentoFAHUR/status/1631718172561743875,2023-03-03T18:08:22.000Z,"Acreditem se quiserem, mas essa pilantra ficava ""trepada"" em árvores altas para vender crack sem que a Polícia visse! Ela fazia sons com a boca para atrair garotas de programas e outros viciados ávidos por crack.",10,26,251
Sargento Fahur,@SargentoFAHUR,https://twitter.com/SargentoFAHUR/status/1631280014527266819,2023-03-02T13:07:17.000Z,Foi tarde!,17,26,494
Sargento Fahur,@SargentoFAHUR,https://twitter.com/SargentoFAHUR/status/1630955490992635906,2023-03-01T15:37:45.000Z,"Nesse país quem ousa enfrentar políticos corruptos geralmente se ferra. Força, Bretas! Tem meu apoio incondicional.",23,57,724
