nome,usuario,idTweet,dataPublicacao,texto,replies,retweets,likes
Vander Loubet,@vanderloubet,https://twitter.com/vanderloubet/status/1641556320267403265,2023-03-30T21:41:40.000Z,"Hoje de manhã, o ministro da Fazenda, Fernando Haddad, e a ministra do Planejamento e Orçamento, Simone Tebet, apresentaram o arcabouço fiscal - conjunto de regras que, se for aprovado pelo Congresso, substituirá o atual teto de gastos. 👉🏽",1,0,1
Vander Loubet,@vanderloubet,https://twitter.com/vanderloubet/status/1641525118798028801,2023-03-30T19:37:41.000Z,"FAKE NEWS DESTROEM FAMÍLIAS 😔 Uma mentira compartilhada 1.000 vezes não se torna verdade, mas uma ameaça capaz de destruir famílias inteiras. Iomar ficou sozinho com o filho recém-nascido para nos contar sua triste história. #timevander #brasilcontrafake",10,56,165
Vander Loubet,@vanderloubet,https://twitter.com/vanderloubet/status/1641503187835183115,2023-03-30T18:10:32.000Z,"Boa tarde!!
A ministra das Mulheres, Cida Gonçalves, nossa conterrânea, já está em Campo Grande. Daqui a pouco, na Assembleia Legislativa, ela participará da Audiência Pública sobre Violência contra a Mulher e Feminicídio em MS. Venham contemplar e discutir sobre esse tema!",0,0,2
Vander Loubet,@vanderloubet,https://twitter.com/vanderloubet/status/1641101033584619520,2023-03-29T15:32:31.000Z,"COMUNICADO 📣 O mandato do deputado federal Vander Loubet (PT-MS) informa que, a partir desta quarta-feira, 29 de março, o gabinete do parlamentar na Câmara dos Deputados, em Brasília, entrará em reforma. #timevander ➡️",1,1,1
Vander Loubet,@vanderloubet,https://twitter.com/vanderloubet/status/1641061565557350406,2023-03-29T12:55:41.000Z,"FAKE NEWS DESTROEM VIDAS 😢 Em Guarujá/SP a mãe de Yasmin foi espancada até a morte após ser confundida por conta de fake news. Fatos assim mostram como as fake news despertam o ódio, com consequências irreversíveis. É hora de promover a união e a reconstrução. #brasilcontrafake",0,0,4
Vander Loubet,@vanderloubet,https://twitter.com/vanderloubet/status/1640747541724557314,2023-03-28T16:07:52.000Z,"A vacinação contra a gripe do tipo influenza, doença conhecida como gripe, foi antecipada em Mato Grosso do Sul e os municípios já estão autorizados a começarem a aplicar as doses do imunizante. Saiba mais informações 👉🏽",2,0,2
Vander Loubet,@vanderloubet,https://twitter.com/vanderloubet/status/1640436999751618560,2023-03-27T19:33:53.000Z,"NA CNN, VANDER DESTACA QUE GOVERNO LULA SEGUE COM GRANDE APOIO E APROVAÇÃO ✅ Quadro ""Painel CNN"" questionou se @LulaOficial estaria perdendo apoio de formadores de opinião por conta da recente manifestação de Paulo Coelho. https://vanderloubet.com.br/deputado/na-cnn-vander-destaca-que-governo-lula-segue-com-grande-apoio-e-aprovacao/… #timevander",0,0,1
Vander Loubet,@vanderloubet,https://twitter.com/vanderloubet/status/1640364752361725956,2023-03-27T14:46:48.000Z,"DIESEL E GÁS ➕ BARATOS ✅ O governo @LulaOficial está trabalhando para amenizar os impactos da política de preços dos combustíveis adotada por Temer e piorada por Bolsonaro: 🚛⛽ Imposto zero sobre diesel e gás ♨️🎫 Vale-Gás para 9,5 milhões de famílias #timevander",1,1,3
Vander Loubet,@vanderloubet,https://twitter.com/vanderloubet/status/1640327615318839296,2023-03-27T12:19:13.000Z,"Bom dia!! Iniciando mais uma segunda-feira de trabalho.
Ótima e abençoada semana a todas e a todos!",0,0,4
Vander Loubet,@vanderloubet,https://twitter.com/vanderloubet/status/1639709702551400448,2023-03-25T19:23:52.000Z,Presidente @LulaOficial nossa oração e torcida estão contigo por sua recuperação. 🙏 Como um dos vice-presidentes da @fpbrasilchina quero ratificar a posição do colega Fausto Pinato e destacar que vamos seguir a postos para essa missão de fortalecer os laços com a China. 🇧🇷🤝🇨🇳,0,2,8
Vander Loubet,@vanderloubet,https://twitter.com/vanderloubet/status/1639261596793839619,2023-03-24T13:43:15.000Z,"Bom dia Mato Grosso do Sul. Estamos aqui em Brasília acompanhando a audiência pública da ANTT sobre a relicitação da BR-163 em nosso estado. Não concordamos com a proposta que a Agência apresentou na Assembleia Legislativa, por isso vamos batalhar para a alteração desse projeto.",1,3,8
Vander Loubet,@vanderloubet,https://twitter.com/vanderloubet/status/1639032086391836674,2023-03-23T22:31:15.000Z,"O #tbt de hoje é do último sábado, dia 18, quando estivemos com a ministra dos Povos Indígenas, Sonia Guajajara no encontro com o governador Eduardo Riedel, seus secretários e nossa bancada federal.",1,0,2
Vander Loubet,@vanderloubet,https://twitter.com/vanderloubet/status/1638954326784614420,2023-03-23T17:22:16.000Z,"Aos familiares do empresário Benjamim Chaia, de Campo Grande, quero deixar minhas condolências. Era um amigo querido, uma pessoa muito especial, um vencedor. Tenho certeza que deixou um legado importante para o setor comercial como proprietário da Autopeças Rocket.",0,0,1
Vander Loubet,@vanderloubet,https://twitter.com/vanderloubet/status/1638933801278791685,2023-03-23T16:00:42.000Z,"Faz o L! Antes da nossa ida à China, na semana que vem, conseguimos a suspensão do embargo à exportação da carne brasileira para os chineses. A decisão começa a valer a partir de amanhã (24).",1,0,0
Vander Loubet,@vanderloubet,https://twitter.com/vanderloubet/status/1638654934404182016,2023-03-22T21:32:35.000Z,"Enquanto governou o Brasil, @LulaOficial sempre manteve o país no rumo da responsabilidade fiscal. Por isso essa fala do presidente do Banco Central de que precisa aguardar arcabouço fiscal para queda da taxa de juros é conversa para boi dormir...",0,0,1
Vander Loubet,@vanderloubet,https://twitter.com/vanderloubet/status/1638219248227999744,2023-03-21T16:41:20.000Z,"Com @LulaOficial presidente, o Bolsa Família está de volta para cuidar das famílias. Não é só transferência de renda. É combate à fome, é preocupação com a saúde, educação e bem-estar de quem mais precisa da mão estendida do poder público. https://vanderloubet.com.br/deputado/novo-bolsa-familia-com-r-150-extra-para-criancas-comeca-a-ser-pago/…",0,1,2
Vander Loubet,@vanderloubet,https://twitter.com/vanderloubet/status/1637846526746566656,2023-03-20T16:00:16.000Z,"Olá, Mato Grosso do Sul. Ontem à noite, eu e a Roseli prestigiamos a reinauguração da Casa do Artesão, aqui em Campo Grande.

É um dos espaços mais tradicionais da cultura e turismo da nossa capital, onde temos a comercialização de peças de mais de 800 artesãos e artesãs.",1,1,10
Vander Loubet,@vanderloubet,https://twitter.com/vanderloubet/status/1637480893433389057,2023-03-19T15:47:22.000Z,PARABÉNS GUIA LOPES DA LAGUNA E RIBAS DO RIO PARDO! 🎂 #timevander,1,2,2
Vander Loubet,@vanderloubet,https://twitter.com/vanderloubet/status/1637478892217745413,2023-03-19T15:39:25.000Z,"PARABÉNS ANTÔNIO JOÃO! 🎂 Conhecido como ""Terra de Heróis"", o município da Região Sul-Fronteira comemorou no sábado (18 de março) 59 anos de emancipação político-administrativa. #timevander #vanderloubet #ofederaldems #antôniojoão #matogrossodosul",0,1,3
Vander Loubet,@vanderloubet,https://twitter.com/vanderloubet/status/1637114252954664961,2023-03-18T15:30:28.000Z,"Bom dia!! Estamos no território Laranjeira Nhanderu, em Rio Brilhante, acompanhando a ministra dos Povos Indígenas, Sonia Guajajara.",0,0,10
Vander Loubet,@vanderloubet,https://twitter.com/vanderloubet/status/1636797152214274051,2023-03-17T18:30:25.000Z,"Hoje é um dia triste para o Partido dos Trabalhadores de Mato Grosso do Sul. Depois do desencontro de informações de ontem sobre o estado de saúde do companheiro @amarildo_cruz, infelizmente, hoje, foi confirmada pela família a notícia do seu falecimento.",1,0,11
Vander Loubet,@vanderloubet,https://twitter.com/vanderloubet/status/1636368080082182145,2023-03-16T14:05:27.000Z,"Bom dia, Mato Grosso do Sul. Ontem à noite, em uma solenidade aqui em Brasília, tomei posse como um dos vice-presidentes da @fpbrasilchina, formada para fomentar essa parceria estratégica para os dois países.",1,0,2
Vander Loubet,@vanderloubet,https://twitter.com/vanderloubet/status/1635992425440133120,2023-03-15T13:12:44.000Z,"Bom dia. Essas fotos são de ontem. Visita minha e do deputado Fausto Pinato ao ministro Paulo Teixeira, do Desenvolvimento Agrário.",1,1,4
Vander Loubet,@vanderloubet,https://twitter.com/vanderloubet/status/1635769019109343232,2023-03-14T22:24:59.000Z,Boa noite. Registro da audiência que tive hoje aqui em Brasília com a ministra @GuajajaraSonia  e sua equipe do Ministério dos Povos Indígenas. Mais cedo divulguei um vídeo que gravei ao lado dela onde falei da visita que ela vai fazer a Mato Grosso do Sul neste sábado e domingo.,1,0,7
Vander Loubet,@vanderloubet,https://twitter.com/vanderloubet/status/1635740671863652374,2023-03-14T20:32:21.000Z,"Alô, Mato Grosso do Sul. Confirmada a visita da nossa ministra dos Povos Indígenas, @GuajajaraSonia, ao nosso estado. Estive com ela agora há pouco em uma audiência para tratarmos dessa agenda, que será no sábado e domingo (18 e 19).",1,0,2
Vander Loubet,@vanderloubet,https://twitter.com/vanderloubet/status/1635660859191046146,2023-03-14T15:15:12.000Z,"Amanhã, quarta-feira, vamos ter aqui em Brasília a instalação da Frente Parlamentar Brasil-China do Congresso Nacional (@fpbrasilchina). Nessa 57ª legislatura vou assumir uma das vice-presidências da Frente.",1,1,4
Vander Loubet,@vanderloubet,https://twitter.com/vanderloubet/status/1635639947716702210,2023-03-14T13:52:06.000Z,"Bom dia. Para quem não ouviu ou assistiu, segue aí a nossa entrevista de ontem para o programa Bronca do Eli, transmitido pelas rádio do Grupo Impacto de Comunicação.",0,0,0
Vander Loubet,@vanderloubet,https://twitter.com/vanderloubet/status/1635246380066439170,2023-03-13T11:48:13.000Z,"Bom dia!! 
Uma semana abençoada a todos!
Temos uma série de agendas em Campo Grande, nesta segunda, depois vamos para Brasília lutar por mais recursos para o nosso estado.",0,0,4
Vander Loubet,@vanderloubet,https://twitter.com/vanderloubet/status/1634560783500582914,2023-03-11T14:23:54.000Z,"Na manhã deste sábado, vim à Rio Brilhante, em Mato Grosso do Sul, para fazer a tratativa em relação a Fazenda do Inho, ocupada por indígenas.",1,1,6
Vander Loubet,@vanderloubet,https://twitter.com/vanderloubet/status/1634305415935672322,2023-03-10T21:29:09.000Z,"Nesta Semana da Mulher ♀️, aprovamos diversos projetos que vão beneficiar e ajudar as brasileiras. Cada proposta aprovada é um passo que damos em direção a uma sociedade mais igualitária e justa. ➡️",1,1,6
Vander Loubet,@vanderloubet,https://twitter.com/vanderloubet/status/1634240871221608464,2023-03-10T17:12:41.000Z,"Hoje de manhã em Campo Grande participei da entrega de um veículo e de equipamentos para o projeto “Fazer o Bem Faz Bem”, que tem como fundador o amigo e vereador Edu Miranda.",1,0,8
Vander Loubet,@vanderloubet,https://twitter.com/vanderloubet/status/1633957980159737864,2023-03-09T22:28:34.000Z,"BOLIVIANOS PROCURAM VANDER POR QUESTÃO FERROVIÁRIA EM LADÁRIO

Nesta semana, o deputado federal Vander Loubet se reuniu, em Brasília, com representantes da empresa boliviana Ferroviaria Oriental S.A., que oferece serviços de transporte ferroviário de carga e passageiros.",1,0,5
Vander Loubet,@vanderloubet,https://twitter.com/vanderloubet/status/1633814891516641280,2023-03-09T12:59:59.000Z,"LULA ANUNCIA PACOTE DE AÇÕES PARA AS MULHERES 🙋‍♀️ São 25 ações nas áreas da economia e trabalho, combate à violência, saúde, educação, esporte, cultura e pesquisa. Leia aqui: https://vanderloubet.com.br/deputado/lula-anuncia-pacote-de-acoes-para-as-mulheres/… #timevander",0,0,2
Vander Loubet,@vanderloubet,https://twitter.com/vanderloubet/status/1633611256161525761,2023-03-08T23:30:49.000Z,Boa noite. Hoje aqui em Brasília acompanhei o governador @EduardoRiedel_ e o secretário da Casa Civil Eduardo Rocha em uma audiência na @sri_presidencia. Fomos recebidos pelos companheiros @padilhando (ministro da SRI) e André Ceciliano (secretário de Assuntos Federativos).,1,0,2
Vander Loubet,@vanderloubet,https://twitter.com/vanderloubet/status/1633580641533960194,2023-03-08T21:29:10.000Z,O Dia Internacional da Mulher foi criado para a celebração da luta pelos direitos das mulheres e por uma sociedade mais justa e igualitária.,1,0,0
Vander Loubet,@vanderloubet,https://twitter.com/vanderloubet/status/1633523869293195264,2023-03-08T17:43:34.000Z,"Hoje aqui em Brasília retornei na Anatel para uma agenda com o conselheiro Vicente Aquino, responsável pela gestão dos recursos do leilão do 5G no Brasil.",1,1,2
Vander Loubet,@vanderloubet,https://twitter.com/vanderloubet/status/1633447832152670211,2023-03-08T12:41:25.000Z,Um governo que respeita TODAS as mulheres! 🙋‍♀️ #RespeitoPrasMulheres #8M,0,1,4
Vander Loubet,@vanderloubet,https://twitter.com/vanderloubet/status/1633252309575561216,2023-03-07T23:44:29.000Z,"Boa noite. Tivemos hoje uma audiência com o embaixador Mauro Vieira, ministro das Relações Exteriores, eu e os deputados @DepFaustoPinato e @CarlosZarattini, em nome da Frente Parlamentar Brasil-China. 🇧🇷🤝🇨🇳",1,1,5
Vander Loubet,@vanderloubet,https://twitter.com/vanderloubet/status/1633135577221439490,2023-03-07T16:00:38.000Z,"Direto de Brasília: @camilajarams e eu marcando presença na reunião da bancada do @PTnaCamara com o companheiro e ministro @padilhando, da Secretaria de Relações Institucionais da Presidência da República.",0,4,34
Vander Loubet,@vanderloubet,https://twitter.com/vanderloubet/status/1632804049585045505,2023-03-06T18:03:16.000Z,"Hoje de manhã participei do Jornal da Hora, da Rádio Hora FM aqui de Campo Grande. Para quem não conseguiu acompanhar pelo rádio ou pelas redes sociais, pode conferir aqui.",0,0,3
Vander Loubet,@vanderloubet,https://twitter.com/vanderloubet/status/1632055950625366018,2023-03-04T16:30:35.000Z,"O BOLSA FAMÍLIA VOLTOU! 👩‍👧‍👦 Não é só dinheiro, é cuidado. Confira mais informações em: https://gov.br/pt-br/noticias/bolsa-familia-e-recriado-com-minimo-de-r-600-por-familia-e-mais-r-150-por-crianca-de-ate-seis-anos… #timevander",0,1,4
Vander Loubet,@vanderloubet,https://twitter.com/vanderloubet/status/1631691559887417349,2023-03-03T16:22:37.000Z,"VANDER COBRA DA ANATEL MAIOR ACESSO E QUALIDADE DE INTERNET PARA MS >> Para o deputado, necessidade de melhor qualidade de internet nas escolas é urgente, assim como nas rodovias federais e áreas rurais. >> https://vanderloubet.com.br/deputado/vander-cobra-da-anatel-maior-acesso-e-qualidade-de-internet-para-ms/… #timevander",0,0,2
Vander Loubet,@vanderloubet,https://twitter.com/vanderloubet/status/1631644851547537412,2023-03-03T13:17:01.000Z,"Bom dia. Na quinta, dia 2, retornei ao gabinete do companheiro Alexandre Padilha, ministro das Relações Institucionais da Presidência da República. Desta vez, na companhia dos colegas deputados Carlos Zarattini (PT-SP) e Fausto Pinato (PP-SP).",1,1,11
Vander Loubet,@vanderloubet,https://twitter.com/vanderloubet/status/1631414084418654209,2023-03-02T22:00:02.000Z,"Reunião com o companheiro @padilhando, ministro das Relações Institucionais da Presidência da República, para tratar de temas de interesse de Mato Grosso do Sul. Seguimos aqui em Brasília, atuando em benefício do nosso estado e nossos municípios.",0,0,6
Vander Loubet,@vanderloubet,https://twitter.com/vanderloubet/status/1631301805639446529,2023-03-02T14:33:53.000Z,"Essa nossa ação junto ao FNDE e ao @min_educacao viabilizou quase R$ 3 milhões para 12 municípios: Aquidauana, Bodoquena, Caarapó, Campo Grande, Costa Rica, Dourados, Iguatemi, Ladário, Naviraí, Rio Brilhante, Tacuru e Três Lagoas. https://vanderloubet.com.br/deputado/acao-parlamentar-de-vander-destrava-r-3-milhoes-para-obras-de-creches-e-escolas-em-ms/…",0,1,9
Vander Loubet,@vanderloubet,https://twitter.com/vanderloubet/status/1631052879438966789,2023-03-01T22:04:44.000Z,"O governo @LulaOficial segue 100% comprometido com a mudança da política de preços da Petrobras e está fazendo os ajustes no Conselho Administrativo da empresa para garantir essa mudança. Precisamos acabar com a dolarização dos preços, verdadeiro vilão dos combustíveis.",0,1,5
Vander Loubet,@vanderloubet,https://twitter.com/vanderloubet/status/1631010592256413701,2023-03-01T19:16:42.000Z,"No Palácio do Planalto, para agendas com ministros do @govbr. Seguimos trabalhando firme pelo Mato Grosso do Sul e nossos municípios. 😉👊",0,0,3
Vander Loubet,@vanderloubet,https://twitter.com/vanderloubet/status/1630962117896445952,2023-03-01T16:04:05.000Z,"VALORES A RECEBER PELO BANCO CENTRAL #timevander Você sabia que pode ter dinheiro esquecido em antigas contas bancárias? Relatório do Banco Central mostra que 46 milhões de pessoas tem algum valor entre R$ 0,01 e mais de R$ 1 mil para receber. Segue o fio para saber mais 🧶",1,0,2
Vander Loubet,@vanderloubet,https://twitter.com/vanderloubet/status/1630905875412951040,2023-03-01T12:20:36.000Z,"Nossa família amanheceu triste. Estamos nos despedindo da minha prima Carla, que desde 2017 batalhava contra o câncer. Atuava na Defensoria Pública, em defesa da mulher, na Casa da Mulher Brasileira. Ficará a lembrança de uma pessoal alegre, apaixonada pela vida e cheia de fé.",2,0,7
