nome,usuario,idTweet,dataPublicacao,texto,replies,retweets,likes
Yury Do Paredão,@yurydoparedao,https://twitter.com/yurydoparedao/status/1641458016372371456,2023-03-30T15:11:02.000Z,"Não sou adepto da expressão “fazer oposição”. Entrei na política para propor, ouvir, fiscalizar e cobrar. O Que for bom para o povo brasileiro apoiarei. Assim como estou atento à qualquer atitude que possa impedir as conquistas para nossa Nação.",1,0,8
Yury Do Paredão,@yurydoparedao,https://twitter.com/yurydoparedao/status/1641447011634520065,2023-03-30T14:27:18.000Z,"Novo alerta da Funceme: a região do Cariri está sob risco alto para chuvas intensas. É importante estar preparado e seguir as orientações das autoridades locais. Fique atento aos alertas, evite áreas de risco e adote medidas de segurança para proteger sua família. #Ceará",0,0,6
Yury Do Paredão,@yurydoparedao,https://twitter.com/yurydoparedao/status/1641387058374508545,2023-03-30T10:29:04.000Z,"Bom dia! ☀️Hoje é o Dia Mundial da Juventude! Que esta data nos lembre da importância de apoiar e investir na juventude, dando oportunidades e recursos para que possam crescer e alcançar todo o seu potencial. Jovens, vocês são a chave para um mundo melhor! #DiaMundialdaJuventude",0,0,5
Yury Do Paredão,@yurydoparedao,https://twitter.com/yurydoparedao/status/1641194286959198208,2023-03-29T21:43:04.000Z,As redes sociais devem ser reguladas? Essa é uma pergunta cara para a democracia e claro ao exercício da liberdade. A liberdade e nossa paz terminam quando elas são invadidas por outro.,0,0,3
Yury Do Paredão,@yurydoparedao,https://twitter.com/yurydoparedao/status/1641138152029945861,2023-03-29T18:00:00.000Z,"Com o aumento de casos de violência escolar, a saúde mental de crianças e adolescentes está se agravando. As políticas públicas de enfrentamento são insuficientes para atender essa demanda, com poucos centros de apoio psicossocial e muitas escolas sem cobertura de saúde escolar.",0,0,3
Yury Do Paredão,@yurydoparedao,https://twitter.com/yurydoparedao/status/1641123049293463571,2023-03-29T17:00:00.000Z,"As negociações avançaram entre China e Brasil para realizar comércio e investimentos diretamente em real e yuan (RMB), excluindo o dólar dos EUA das transações. Uma importante mudança que pode fortalecer as relações comerciais bilaterais.",0,0,3
Yury Do Paredão,@yurydoparedao,https://twitter.com/yurydoparedao/status/1641104930428559361,2023-03-29T15:48:00.000Z,As chuvas fortes continuam causando estragos no Ceará. Já são 14 municípios que decretaram situação de emergência devido aos danos causados pelas enchentes. Esse é o momento de unir forças para ajudar as vítimas e minimizar os impactos das chuvas.,0,0,3
Yury Do Paredão,@yurydoparedao,https://twitter.com/yurydoparedao/status/1641093603140198400,2023-03-29T15:02:59.000Z,"Quero parabenizar a polícia do município de Crato (CE) pela rápida ação em controlar uma situação perigosa no Liceu do Crato. Um dos policiais achou uma faca pequena com um aluno. Graças à competência e prontidão dos policiais, os alunos e funcionários da escola estão seguros.",0,0,4
Yury Do Paredão,@yurydoparedao,https://twitter.com/yurydoparedao/status/1641089532576579585,2023-03-29T14:46:49.000Z,"Não é possível procurar soluções para os atentados em escolas sem discutir a nova realidade social trazida pelas redes sociais. Elas incentivam comportamentos e promovem a exclusão da convivência social. Com isto, indivíduos podem ser conduzidos a atos violentos.",0,0,4
Yury Do Paredão,@yurydoparedao,https://twitter.com/yurydoparedao/status/1641066097825705985,2023-03-29T13:13:41.000Z,"Hoje o dia promete ser bem movimentado em Brasília! Muitas reuniões agendadas, a Marcha dos Prefeitos acontecendo e várias Comissões se reunindo para discutir temas importantes. Que seja um dia produtivo, vamos em frente! 💪🏽",1,0,11
Yury Do Paredão,@yurydoparedao,https://twitter.com/yurydoparedao/status/1641020262173884416,2023-03-29T10:11:33.000Z,"Hoje a cidade cearense de Aratuba completa 66 anos de história, cultura e tradição. Parabéns, Aratuba!🎂🎉👏🏽",0,0,4
Yury Do Paredão,@yurydoparedao,https://twitter.com/yurydoparedao/status/1641019269553987586,2023-03-29T10:07:37.000Z,Bom dia! ☀️Uma excelente quarta-feira para tod@s! 🙌🏽,0,0,3
Yury Do Paredão,@yurydoparedao,https://twitter.com/yurydoparedao/status/1640760781464645632,2023-03-28T17:00:28.000Z,Ouvi hoje na @GloboNews o comentário de @miriamleitao . Ela revelou que já é consenso no governo a nova proposta do arcabouço fiscal. Notícia importante. A economia brasileira precisa dele para voltar a crescer.,1,0,4
Yury Do Paredão,@yurydoparedao,https://twitter.com/yurydoparedao/status/1640701689165406213,2023-03-28T13:05:40.000Z,A Reforma Tributária é o tema central da Marcha dos Prefeitos que acontece em Brasília esta semana. É o momento para debater ideias e de buscar alternativas que garantam um sistema tributário mais justo e eficiente para todos os brasileiros.,0,0,5
Yury Do Paredão,@yurydoparedao,https://twitter.com/yurydoparedao/status/1640671865617121280,2023-03-28T11:07:09.000Z,A tragédia de ontem na escola de São Paulo mostra o enorme desafio da segurança pública no Brasil. Temos diversos tipos de crimes que requerem atenção total dos governos. E não adianta ficar procurando culpados. São necessárias políticas públicas.,1,0,8
Yury Do Paredão,@yurydoparedao,https://twitter.com/yurydoparedao/status/1640441393096040466,2023-03-27T19:51:20.000Z,"Nossos sentimentos estão com a família e amigos da prof. Elisabete Tenreiro, que perdeu sua vida em um ataque dentro da escola onde ensinava. É inadmissível que a violência chegue a esse ponto. Que seja feita justiça e que medidas efetivas de segurança sejam adotadas nas escolas.",1,0,9
Yury Do Paredão,@yurydoparedao,https://twitter.com/yurydoparedao/status/1640406818047377420,2023-03-27T17:33:57.000Z,"Tenho a premissa de que eficientes políticas públicas começam nos municípios. Se a saúde pública da cidade funciona, mais bem-estar para todos. Portanto, é fundamental ouvir os prefeitos.",1,0,5
Yury Do Paredão,@yurydoparedao,https://twitter.com/yurydoparedao/status/1640375887240503300,2023-03-27T15:31:02.000Z,As fortes chuvas que têm ocorrido no Ceará são preocupantes. É importante que as autoridades estejam alertas e tomem as medidas necessárias para minimizar os impactos dessas chuvas e garantir a segurança de todos.,0,0,5
Yury Do Paredão,@yurydoparedao,https://twitter.com/yurydoparedao/status/1640309076734144513,2023-03-27T11:05:34.000Z,Esta semana acontecerá em Brasília a Marcha dos Prefeitos. Eles la estarão para apresentar as suas demandas aos Parlamentares e ao governo. Estarei acompanhando e à disposição de todos.,1,0,8
Yury Do Paredão,@yurydoparedao,https://twitter.com/yurydoparedao/status/1640303902280040448,2023-03-27T10:45:00.000Z,"É com muito orgulho que celebramos os 31 anos dos municípios cearenses de Choró, Fortim e Itaitinga! Que essas cidades continuem a crescer e a prosperar, mantendo a sua essência e beleza que encantam todos que as conhecem. Parabéns! 🎉🎂🎈",0,0,4
Yury Do Paredão,@yurydoparedao,https://twitter.com/yurydoparedao/status/1640296352339861505,2023-03-27T10:15:00.000Z,Essa semana terei mais uma série de reuniões e compromissos em Brasília. Ansioso para discutir novas ideias e buscar soluções para alcançar nossos objetivos e fazer a diferença no país. Vamos em frente! 🚀,0,0,6
Yury Do Paredão,@yurydoparedao,https://twitter.com/yurydoparedao/status/1640292588036014082,2023-03-27T10:00:02.000Z,Bom dia! Que esta semana seja repleta de energia positiva e realizações para todos nós. Tenham uma ótima semana! ☀️🙌🏽,0,0,4
Yury Do Paredão,@yurydoparedao,https://twitter.com/yurydoparedao/status/1640018507776643073,2023-03-26T15:50:56.000Z,"Neste domingo, 26, dois municípios cearenses estão aniversariando: Martinópole e Uruoca.
Ambas as cidades estão completando 66 anos.

Feliz aniversário e boas comemorações! 🎂🎉👏🏽",0,0,2
Yury Do Paredão,@yurydoparedao,https://twitter.com/yurydoparedao/status/1639743708823183360,2023-03-25T21:38:59.000Z,"A Defesa Civil do Ceará tem desempenhado um trabalho fundamental nesses últimos dias de chuvas no Ceará, atuando na prevenção e minimização dos impactos causados pelas enchentes e deslizamentos. (+)",1,0,5
Yury Do Paredão,@yurydoparedao,https://twitter.com/yurydoparedao/status/1639716241748156416,2023-03-25T19:49:51.000Z,Temos desafios que podem ser superados se todos trabalharmos com afinco e diálogo. Os problemas do Brasil devem ser encarados de frente e sem a briga política que tanto prejudica a população.,0,0,5
Yury Do Paredão,@yurydoparedao,https://twitter.com/yurydoparedao/status/1639674255989145600,2023-03-25T17:03:00.000Z,"O exercício do mandato de deputado federal requer dedicação, diálogo e visão de País. Lá em Brasília tenho conversado com muita gente e procurado soluções para o Brasil.",0,0,11
Yury Do Paredão,@yurydoparedao,https://twitter.com/yurydoparedao/status/1639649023190528003,2023-03-25T15:22:44.000Z,"Hoje, às 20h30, o Brasil se une à #HoradoPlaneta, apagando as luzes por uma hora para chamar a atenção da sociedade sobre a crise climática. A conscientização sobre a preservação do meio ambiente e a criação de ações concretas para combater as mudanças climáticas são necessárias.",0,1,8
Yury Do Paredão,@yurydoparedao,https://twitter.com/yurydoparedao/status/1639633286413656064,2023-03-25T14:20:13.000Z,"Hoje, 25 de março, é celebrado o feriado da Data Magna no Ceará. A data marca a luta pela libertação dos escravos no estado, que foi um dos primeiros a abolir a escravidão no Brasil, em 1884. É importante lembrar a importância desse pioneirismo e continuar lutando pela igualdade.",0,2,9
Yury Do Paredão,@yurydoparedao,https://twitter.com/yurydoparedao/status/1639583459839467520,2023-03-25T11:02:13.000Z,"E hoje temos algumas cidades cearenses aniversariando. São elas:  Cariús, Frecheirinha, Iracema e Porteiras.

Parabéns e boas comemorações 👏🏼🎉🎊🎂",0,0,3
Yury Do Paredão,@yurydoparedao,https://twitter.com/yurydoparedao/status/1639582664695980032,2023-03-25T10:59:03.000Z,Um sábado maravilhoso para tod@s! 🙌🏼,1,0,6
Yury Do Paredão,@yurydoparedao,https://twitter.com/yurydoparedao/status/1639430715891757056,2023-03-25T00:55:16.000Z,"Meus sentimentos à família da advogada Rafaela Vasconcelos e de sua mãe, Maria Socorro de Vasconcelos, que foram assassinadas em Morrinhos/CE. Que as autoridades investiguem cuidadosamente as circunstâncias de suas mortes e responsabilizem aqueles que cometeram esse ato horrendo.",2,0,16
Yury Do Paredão,@yurydoparedao,https://twitter.com/yurydoparedao/status/1639327093002469398,2023-03-24T18:03:30.000Z,"Ontem, no trânsito, me deparei, e isto é corriqueiro, com uma ambulância do Samu pedindo passagem no engarrafamento. Tenho certeza que os brilhantes profissionais do Samu salvaram mais uma vida. Parabéns ao Samu!",0,0,8
Yury Do Paredão,@yurydoparedao,https://twitter.com/yurydoparedao/status/1639256399686299648,2023-03-24T13:22:36.000Z,"Na atividade política, o diálogo e a cordialidade são fundamentais. Não é oportuno que o Brasil viva rememorando o passado e discussões atrapalhem a chegada de avanços para nosso País.",0,0,7
Yury Do Paredão,@yurydoparedao,https://twitter.com/yurydoparedao/status/1639240633326903298,2023-03-24T12:19:57.000Z,"Hoje é um dia muito especial para os nordestinos e para todos aqueles que admiram a história e a cultura do Brasil. Estamos celebrando o aniversário de 179 anos do Padre Cícero, uma figura icônica e extremamente importante para a região do Cariri, no Ceará. (+)",1,0,8
Yury Do Paredão,@yurydoparedao,https://twitter.com/yurydoparedao/status/1639238569737744393,2023-03-24T12:11:45.000Z,Bom dia e uma excelente sexta-feira para tod@s! ☀️🙏🏽,1,0,3
Yury Do Paredão,@yurydoparedao,https://twitter.com/yurydoparedao/status/1638923493877186560,2023-03-23T15:19:45.000Z,"O presidente @ArthurLira_  traz excelente notícia para o Brasil no jornal Valor: “Arcabouço fiscal pode ser votado em apenas 15 dias”. Através dele, o Brasil poderá encontrar o crescimento econômico forte e sustentável.",0,0,8
Yury Do Paredão,@yurydoparedao,https://twitter.com/yurydoparedao/status/1638871827295670272,2023-03-23T11:54:27.000Z,"O Banco Central manteve a taxa de juros. Com isto, a oferta de credito pode diminuir, assim como a expectativa de crescimento econômico. Tenho a expectativa que em breve, o BC comece a reduzir os juros.",3,0,5
Yury Do Paredão,@yurydoparedao,https://twitter.com/yurydoparedao/status/1638860856619327489,2023-03-23T11:10:51.000Z,Vamos para mais um dia de muito trabalho! Deus abençoe a tod@s! 🙏🏼,0,0,3
Yury Do Paredão,@yurydoparedao,https://twitter.com/yurydoparedao/status/1638595152699686912,2023-03-22T17:35:02.000Z,"Como enfrentar o trabalho escravo? Com mais oportunidades para todos. Portanto, crescimento econômico com inclusão social. E Em particular, nas regiões Norte e Nordeste. E, claro, a punição dos que exploram trabalhadores.",0,0,7
Yury Do Paredão,@yurydoparedao,https://twitter.com/yurydoparedao/status/1638554149313822720,2023-03-22T14:52:06.000Z,"Minha solidariedade ao senador @SF_Moro e sua família, parabéns a @policiafederal que com inteligência e coragem enfrenta o crime organizado. Não podemos permitir que criminosos ameacem o Estado brasileiro.",2,0,15
Yury Do Paredão,@yurydoparedao,https://twitter.com/yurydoparedao/status/1638496284129521664,2023-03-22T11:02:10.000Z,"Hoje é o Dia Mundial da Água. Uma data que nos lembra o quão importante é a preservação dos recursos hídricos e o combate a poluição dos rios e oceanos. Água é sinônimo de vida, cuidar das fontes de água é fundamental para a nossa sobrevivência.",0,1,10
Yury Do Paredão,@yurydoparedao,https://twitter.com/yurydoparedao/status/1638491756772687872,2023-03-22T10:44:11.000Z,Uma quarta-feira muito produtiva para tod@s! Bom dia! ☀️🙌🏽,0,0,4
Yury Do Paredão,@yurydoparedao,https://twitter.com/yurydoparedao/status/1638251940638257169,2023-03-21T18:51:14.000Z,"Proponho ao governo Lula que inclua os estudantes de Medicina das universidades públicas no Programa Mais Médicos através de incentivos, tais como: financeiro ou mestrado, doutorado e residência médica.",1,0,7
Yury Do Paredão,@yurydoparedao,https://twitter.com/yurydoparedao/status/1638238651359326213,2023-03-21T17:58:26.000Z,"O @plnacional_ realizou nesta terça-feira a cerimônia de transmissão de cargo da nova presidente do PL Mulher, Michelle Bolsonaro. Pude prestigiar esse momento e juntos fortaleceremos o PL Mulher no Ceará e também a imagem da mulher na política. Por um Brasil com mais igualdade!",0,1,8
Yury Do Paredão,@yurydoparedao,https://twitter.com/yurydoparedao/status/1638232974863769617,2023-03-21T17:35:52.000Z,"Parabéns a nossa vice-governadora do Ceará, @jadearomero, que organizou um encontro com um grupo de mulheres líderes empresariais para discutir temas importantes para a sociedade, com o foco nas mulheres, assim como a construção de uma sociedade com mais igualdade. 👏🏽",1,0,24
Yury Do Paredão,@yurydoparedao,https://twitter.com/yurydoparedao/status/1638209529975283713,2023-03-21T16:02:43.000Z,"Hoje é o Dia Internacional da Síndrome de Down. A data tem como objetivo promover a conscientização a respeito da síndrome, além de lembrar que precisamos de mais políticas públicas de inclusão social. Eles têm mais a nos ensinar do que imaginamos.",0,0,8
Yury Do Paredão,@yurydoparedao,https://twitter.com/yurydoparedao/status/1638194865287622657,2023-03-21T15:04:26.000Z,"Quando o diálogo não existe, ruídos surgem. E eles trazem desconfiança para a política econômica do governo. Na política, conversar com todos é fundamental.",0,0,10
Yury Do Paredão,@yurydoparedao,https://twitter.com/yurydoparedao/status/1638172080100503555,2023-03-21T13:33:54.000Z,"A redução dos juros não pode ocorrer abruptamente, a decisão deve ser técnica. Reconheço a louvável intenção  do ministério da Previdência em reduzir os juros dos empréstimos, contudo, faltou diálogo.",1,0,6
Yury Do Paredão,@yurydoparedao,https://twitter.com/yurydoparedao/status/1638139893237817344,2023-03-21T11:26:00.000Z,"Hoje é o Dia Internacional Contra a Discriminação Racial. Precisamos combater toda forma de preconceito. O respeito e a igualdade devem ser cultivados, e não mais discursos de ódio. ""Todos os seres humanos nascem livres e iguais em dignidade e em direitos"" 🫱🏿‍🫲🏻",0,1,7
Yury Do Paredão,@yurydoparedao,https://twitter.com/yurydoparedao/status/1638136447117975552,2023-03-21T11:12:18.000Z,Bom dia! Que todos tenhamos uma terça-feira abençoada 🙏🏽☀️,0,0,3
Yury Do Paredão,@yurydoparedao,https://twitter.com/yurydoparedao/status/1637887214200692736,2023-03-20T18:41:56.000Z,"Já temos no Ceará 24 açudes com capacidade máxima. Ano passado esse número era 10. A notícia é muito boa e ainda tem a possibilidade da bacia Metropolitana chegar ao máximo, fazendo que não precise deslocar águas do Interior.",0,0,9
Yury Do Paredão,@yurydoparedao,https://twitter.com/yurydoparedao/status/1637843397082791938,2023-03-20T15:47:50.000Z,"O importante Programa Mais Médicos foi anunciado hoje pelo presidente Lula. Através dele, mais médicos em cidades carentes. O Estado tem o dever de garantir saúde à população.",1,0,14
Yury Do Paredão,@yurydoparedao,https://twitter.com/yurydoparedao/status/1637781442385125376,2023-03-20T11:41:39.000Z,"O novo arcabouço fiscal que será apresentado ao Congresso é muito importante. Todavia, é necessário que o diálogo com o Congresso ocorra. Pois a opinião de todos é fundamental.",1,0,9
Yury Do Paredão,@yurydoparedao,https://twitter.com/yurydoparedao/status/1637770566252855297,2023-03-20T10:58:25.000Z,"Bom dia e uma semana abençoada a todos, já sigo a caminho de Brasilia para mais uma semana de muito trabalho pelo Ceara e o Brasil.",0,0,8
Yury Do Paredão,@yurydoparedao,https://twitter.com/yurydoparedao/status/1637409893895340033,2023-03-19T11:05:14.000Z,"Hoje é Dia de São José, considerado o protetor da Igreja Católica e padroeiro dos trabalhadores e das famílias. É também o padroeiro do estado do Ceará. Que as bênçãos do patriarca da Sagrada Família proteja nossos lares e nossas famílias. 🙏🏼🙌🏼💙Um domingo abençoado para todos!",0,1,15
Yury Do Paredão,@yurydoparedao,https://twitter.com/yurydoparedao/status/1636761180332072961,2023-03-17T16:07:29.000Z,"O debate sobre juros segue intenso no Brasil. Esclareço que qualquer economia precisa de crédito para ser pujante. Portanto, juros menores, mais crédito.",1,0,7
Yury Do Paredão,@yurydoparedao,https://twitter.com/yurydoparedao/status/1636712568138919937,2023-03-17T12:54:19.000Z,"17 de março é o aniversário de emancipação política do município cearense de Guaiúba.
Parabéns, Guaiúba, pelos seus 36 anos de conquistas e histórias 👏🏼🎉🎊",0,0,4
Yury Do Paredão,@yurydoparedao,https://twitter.com/yurydoparedao/status/1636686155172179968,2023-03-17T11:09:22.000Z,Bom dia! Uma excelente sexta-feira para tod@s ☀️🙌🏼,0,0,11
Yury Do Paredão,@yurydoparedao,https://twitter.com/yurydoparedao/status/1636558451219349505,2023-03-17T02:41:55.000Z,"O que aconteceu no #BBB23 é simplesmente muito errado. E as duas expulsões foram corretíssimas. Ninguém pode lhe tocar sem sua autorização. Chega disso! Mulheres, não se sintam culpadas. Minha solidariedade à Dania Mendez e à todas as mulheres que já sofreram com isso.",2,1,21
Yury Do Paredão,@yurydoparedao,https://twitter.com/yurydoparedao/status/1636481653248851971,2023-03-16T21:36:45.000Z,É com muito pesar que fico sabendo do deslizamento de terra no município de Aratuba/CE onde três pessoas não sobreviveram. Toda minha solidariedade para às famílias das vítimas. E que os feridos recebam os devidos cuidados. 🙏🏽😢,0,0,13
Yury Do Paredão,@yurydoparedao,https://twitter.com/yurydoparedao/status/1636364651712872450,2023-03-16T13:51:49.000Z,"Estou muito feliz como parlamentar de 1º mandato fazer parte de 3 comissões tão importantes na @camaradeputados 
- Comissão Constituição e Justica
- Fiscalização Financeira e Controle 
- Turismo 
Agradeço ao líder do @plnacional_ @Altineu Vamos Juntos Lutar Pelo Brasil 🇧🇷",3,1,15
Yury Do Paredão,@yurydoparedao,https://twitter.com/yurydoparedao/status/1636339509611618306,2023-03-16T12:11:55.000Z,"Os ataques no Rio Grande do Norte representam atentados contra a democracia. Incendiar ônibus, carros e prédios públicos e particulares são atos terroristas. O Estado não pode ceder.",1,1,9
Yury Do Paredão,@yurydoparedao,https://twitter.com/yurydoparedao/status/1636337352648843264,2023-03-16T12:03:21.000Z,Os ataques no Rio Grande do Norte realizados por organizações criminosas representam ataque frontal ao Estado. As instituições não podem ceder ao crime e precisam enfrentar as organizações com firmeza.,0,1,7
Yury Do Paredão,@yurydoparedao,https://twitter.com/yurydoparedao/status/1636323919555620866,2023-03-16T11:09:58.000Z,Vamos para mais uma quinta-feira de muito trabalho. Bom dia ☀️,1,0,7
Yury Do Paredão,@yurydoparedao,https://twitter.com/yurydoparedao/status/1636009616797573122,2023-03-15T14:21:02.000Z,Um grito é um ato de discriminação e representa desrespeito às mulheres. A consequência deles pode ser o feminicídio. A violência contra mulher requer prevenção e punição.,0,0,13
Yury Do Paredão,@yurydoparedao,https://twitter.com/yurydoparedao/status/1635995520605798405,2023-03-15T13:25:02.000Z,Não podemos tolerar nenhum tipo de discriminação e violência contra alguém. Mulheres precisam de respeito e valorização. E aquelas vítimas de violência precisam ter o apoio do Estado. E seus agressores punidos severamente.,0,0,16
Yury Do Paredão,@yurydoparedao,https://twitter.com/yurydoparedao/status/1635993535349399554,2023-03-15T13:17:08.000Z,"Em artigo na Folha de São Paulo, o ministro da Justiça @FlavioDino  Tamires Sampaio são categóricos: Basta de feminicídio. E anunciam medidas para enfrentar a violência contra mulher.",0,0,6
Yury Do Paredão,@yurydoparedao,https://twitter.com/yurydoparedao/status/1635978668773105665,2023-03-15T12:18:04.000Z,"É logo cedo, na escola, que aprendemos a socializar, temos o contato com uma formação moral e cidadã, e também da formação intelectual. O futuro está em nossas crianças. Investir em escolas é garantir um futuro melhor para o Brasil.

15 de Março - Dia da Escola",0,0,5
Yury Do Paredão,@yurydoparedao,https://twitter.com/yurydoparedao/status/1635964027934322688,2023-03-15T11:19:53.000Z,"Hoje, 15 de março, é o Dia Mundial do Consumidor.
Todos os consumidores têm direito à informação, direito à segurança, direito a ser ouvido e direito de escolha. Esse dia existe para garantir a proteção aos consumidores.",0,0,7
Yury Do Paredão,@yurydoparedao,https://twitter.com/yurydoparedao/status/1635955273289326594,2023-03-15T10:45:06.000Z,"Bom dia, uma ótima quarta-feira a todos nós. 🙌",1,0,6
Yury Do Paredão,@yurydoparedao,https://twitter.com/yurydoparedao/status/1635724163469004801,2023-03-14T19:26:45.000Z,"Quero parabenizar o vereador Capitão Vieira, eleito hoje com 12 votos a favor, para ocupar o cargo de Presidente da Câmara Municipal de Juazeiro Do Norte, cargo deixado pela minha Eterna irmã, minha princesa, Dra Yanny. Parabéns a todos os Edis daquela Casa Legislativa.",0,0,15
Yury Do Paredão,@yurydoparedao,https://twitter.com/yurydoparedao/status/1635721081859211277,2023-03-14T19:14:30.000Z,"Saúde pública é dever da União, Estado e municípios. Prefeitos devem ter como prioridade a oferta da saúde com qualidade. As pessoas querem remédios e profissionais nos postos de saúde.",0,0,10
Yury Do Paredão,@yurydoparedao,https://twitter.com/yurydoparedao/status/1635703728631054350,2023-03-14T18:05:33.000Z,"A atitude do presidente da Câmara, @ArthurLira_, em defender o projeto de lei 2.630, conhecido como PL das Fake News, foi apreciável. Redes sociais são ferramentas da democracia, mas também precisam ser usadas com responsabilidade e transparência nas informações.",0,0,7
Yury Do Paredão,@yurydoparedao,https://twitter.com/yurydoparedao/status/1635688370490814478,2023-03-14T17:04:31.000Z,A redução dos juros é importante para a volta do crescimento econômico. Respeitando a autonomia do Banco Central tenho a expectativa de que a queda dos juros comece a ocorrer.,0,0,6
Yury Do Paredão,@yurydoparedao,https://twitter.com/yurydoparedao/status/1635636511977750530,2023-03-14T13:38:27.000Z,A @camaradeputados aprovou a proposta que estabelece uma pensão especial aos filhos e outros dependentes menores de idade de mulheres vítimas de feminicídio. A pensão deverá ser paga até que filhos ou dependentes completem os 18 anos de idade. (+),2,0,14
Yury Do Paredão,@yurydoparedao,https://twitter.com/yurydoparedao/status/1635612501282000896,2023-03-14T12:03:03.000Z,"Hoje é aniversário de uma cidade cearense muito querida: Mulungu. Lugar de tantas belezas naturais e de gente acolhedora.

Parabéns, Mulungu! Boas comemorações 🎉🎊",0,0,3
Yury Do Paredão,@yurydoparedao,https://twitter.com/yurydoparedao/status/1635416181061595136,2023-03-13T23:02:56.000Z,Na vida pessoal e política temos que ter propósitos. Entrei na vida pública para lutar por causas. Assumo compromisso com os brasileiros e brasileiras de lutar contra o feminicídio. Basta de violência. Mulheres merecem respeito!,2,1,39
Yury Do Paredão,@yurydoparedao,https://twitter.com/yurydoparedao/status/1635414875714498560,2023-03-13T22:57:45.000Z,"Depois de período de muita dor e superação, retorno aos trabalhos em Brasília com a disposição de construir um Brasil melhor para todos e todas.",1,0,26
Yury Do Paredão,@yurydoparedao,https://twitter.com/yurydoparedao/status/1635234559691493376,2023-03-13T11:01:14.000Z,Vamos para mais uma semana de muito trabalho. Bom dia para tod@s! 🙌🏼☀️,1,0,18
Yury Do Paredão,@yurydoparedao,https://twitter.com/yurydoparedao/status/1634332469003468807,2023-03-10T23:16:39.000Z,Obrigado a todas as pessoas que enviaram mensagens de conforto e por respeitarem esse momento de tanta dor. É muito bom ver o quanto Yanny era querida e ver o quanto ela inspirava os jovens e as mulheres de Juazeiro do Norte do Ceará e do Brasil. Te amo para sempre irmãzinha.,4,1,79
Yury Do Paredão,@yurydoparedao,https://twitter.com/yurydoparedao/status/1634209244512763904,2023-03-10T15:07:00.000Z,"Hoje é o dia do aniversário de Yanny, minha irmã. Éramos para estarmos comemorando juntos os seus 27 anos e sorrindo para um futuro lindo que estava por vir. Hoje meu coração chora. Chora pela minha irmã, por saber que ela não conseguiu conquistar tudo que era capaz e merecia (+)",18,4,99
Yury Do Paredão,@yurydoparedao,https://twitter.com/yurydoparedao/status/1631455588222681089,2023-03-03T00:44:57.000Z,É muito importante a retomada e conclusão da Transnordestina. Estarei ao lado do governador do Ceará e dos deputados cearenses nesta luta.,1,0,11
Yury Do Paredão,@yurydoparedao,https://twitter.com/yurydoparedao/status/1631425981687660546,2023-03-02T22:47:19.000Z,"Através da Transnordestina, diversos produtos chegarão ao Porto do Pecem e de lá a outros países. Com isto, o Ceará se consolida como Estado estratégico.",2,0,8
Yury Do Paredão,@yurydoparedao,https://twitter.com/yurydoparedao/status/1631399972015882243,2023-03-02T21:03:57.000Z,"A Transnordestina é obra fundamental para o Nordeste, em particular o Ceará. Será através dela que a economia nordestina terá forte desenvolvimento.",1,0,7
Yury Do Paredão,@yurydoparedao,https://twitter.com/yurydoparedao/status/1631340912587546666,2023-03-02T17:09:17.000Z,"O presidente Lula assinou hoje MP que cria o Bolsa Família. O valor mínimo será de R$ 600,00 .O Bolsa Família movimenta a economia e é eficiente instrumento para o combate à fome.",3,0,10
Yury Do Paredão,@yurydoparedao,https://twitter.com/yurydoparedao/status/1631329596850176004,2023-03-02T16:24:19.000Z,"“‘Nós do Sul não apanhávamos’:resgatado diz que castigo era só para baianos”. Esta manchete do UOL causa indignação. Não é aceitável, de modo algum, discriminação e trabalho escravo.",0,0,9
Yury Do Paredão,@yurydoparedao,https://twitter.com/yurydoparedao/status/1631246598184345600,2023-03-02T10:54:30.000Z,Bom dia! Que essa quinta-feira seja iluminada e muito produtiva para tod@s! 🙌🏼,0,0,3
Yury Do Paredão,@yurydoparedao,https://twitter.com/yurydoparedao/status/1631070469284679681,2023-03-01T23:14:38.000Z,"Foi com muita alegria, e empenho, que subi pela primeira vez nessa tribuna. Gostaria de agradecer todas as falas dos colegas deputados e reforçar que o diálogo é necessário para que possamos construir um Brasil melhor para tod@s. Obrigado!📸: Pablo Valadares/Câmara dos Deputados",1,0,9
Yury Do Paredão,@yurydoparedao,https://twitter.com/yurydoparedao/status/1631068301206929409,2023-03-01T23:06:01.000Z,APROVADA! A Medida Provisória 1139/22 foi votada no Plenário e aprovada! A MP amplia o prazo das linhas de crédito do Pronampe. A matéria agora seguirá para o @SenadoFederal. Acesse o link leia o texto na íntegra:  http://cd.leg.br/28pJP2y,0,0,5
Yury Do Paredão,@yurydoparedao,https://twitter.com/yurydoparedao/status/1630968263348822017,2023-03-01T16:28:30.000Z,Nos tempos de hoje há quem ainda tenha um discurso xenofóbico. Disseminando o ódio entre as pessoas do seu próprio país. Lamentável.,1,1,6
Yury Do Paredão,@yurydoparedao,https://twitter.com/yurydoparedao/status/1630936008689692673,2023-03-01T14:20:20.000Z,"O aumento da gasolina vai pesar no bolso do consumidor, especialmente, nos motoristas de aplicativos. Contudo, é importante que a política econômica do novo governo gere empregos para todos e qualifique os serviços públicos.",1,0,2
Yury Do Paredão,@yurydoparedao,https://twitter.com/yurydoparedao/status/1630894052521418752,2023-03-01T11:33:37.000Z,Que a parceria entre Petrobras e Governo permaneça. A Petrobras tem que saber unir responsabilidade social com o seu papel no mercado. Foi importante ela ter reduzido o preço da gasolina.,2,0,4
Yury Do Paredão,@yurydoparedao,https://twitter.com/yurydoparedao/status/1630875656413233153,2023-03-01T10:20:31.000Z,Hoje o nosso querido município de General Sampaio faz aniversário e comemora os seus 66 anos! 🎉🎂,0,0,2
Yury Do Paredão,@yurydoparedao,https://twitter.com/yurydoparedao/status/1630874516661338115,2023-03-01T10:15:59.000Z,"Bom dia e bem-vindo, Março! Que seja um mês de muito trabalho e também de muitos resultados. Que Deus nos abençoe e nos guie pelo caminho certo🙌🏽",0,0,2
