nome,usuario,idTweet,dataPublicacao,texto,replies,retweets,likes
Adriana Accorsi,@Adriana_Accorsi,https://twitter.com/Adriana_Accorsi/status/1663647546411999235,2023-05-30T20:44:18.000Z,Na comissão de Segurança Pública e Combate ao Crime Organizado não podemos aceitar nenhuma opinião que fuja dos princípios da legalidade. Acompanhe no vídeo:,5,33,154
Adriana Accorsi,@Adriana_Accorsi,https://twitter.com/Adriana_Accorsi/status/1663602697398886403,2023-05-30T17:46:05.000Z,"NÃO AO PL 490! 
O projeto de lei (PL 490/07) – que estabelece o Marco Temporal – poderá ser colocado em votação hoje. Sou contra a aprovação do PL que viola os direitos dos povos indígenas! VOTO NÃO! #PL490 #PL490Não",20,108,211
Adriana Accorsi,@Adriana_Accorsi,https://twitter.com/Adriana_Accorsi/status/1663597104457973802,2023-05-30T17:23:52.000Z,Iniciando os trabalhos na Comissão de Segurança Pública com meu amigo deputado federal  @Reimont,6,14,99
Adriana Accorsi,@Adriana_Accorsi,https://twitter.com/Adriana_Accorsi/status/1663540987711594498,2023-05-30T13:40:53.000Z,Estou muito feliz em encontrar minhas amigas na reunião de mulheres policiais em Brasília. ❤️,3,14,71
Adriana Accorsi,@Adriana_Accorsi,https://twitter.com/Adriana_Accorsi/status/1663520266641604608,2023-05-30T12:18:32.000Z,"☀️ Bom dia para vocês diretamente da estrada, com a vista do nosso lindo cerrado! Estou indo para Brasília iniciar uma semana de muitos trabalhos importantes na nossa capital.",20,24,154
Adriana Accorsi,@Adriana_Accorsi,https://twitter.com/Adriana_Accorsi/status/1663284270884958209,2023-05-29T20:40:47.000Z,Concedendo entrevista ao meu amigo Segismar Jr,4,21,119
Adriana Accorsi,@Adriana_Accorsi,https://twitter.com/Adriana_Accorsi/status/1663246902995845144,2023-05-29T18:12:17.000Z,👀,9,42,144
Adriana Accorsi,@Adriana_Accorsi,https://twitter.com/Adriana_Accorsi/status/1663179445069307904,2023-05-29T13:44:14.000Z,"Estou no Grupo Jaime Câmara concedendo entrevista ao meu amigo Jackson Abrão, falando sobre nossos projetos e como tenho trabalhado por nosso estado de Goiás.",2,20,66
Adriana Accorsi,@Adriana_Accorsi,https://twitter.com/Adriana_Accorsi/status/1663178239701921792,2023-05-29T13:39:27.000Z,"Calote! 
Bolsonaro ordenou que a Caixa liberasse 10,6 bi para tentar vencer as eleições. Uma total falta de responsabilidade e de transparência.
Quem paga por esse rombo?",20,83,234
Adriana Accorsi,@Adriana_Accorsi,https://twitter.com/Adriana_Accorsi/status/1663164427707744264,2023-05-29T12:44:34.000Z,"Bom dia, minhas amigas e meus amigos! Uma ótima semana para vocês!",49,30,406
Adriana Accorsi,@Adriana_Accorsi,https://twitter.com/Adriana_Accorsi/status/1662903477566070787,2023-05-28T19:27:38.000Z,❤️,2,37,191
Adriana Accorsi,@Adriana_Accorsi,https://twitter.com/Adriana_Accorsi/status/1662826003549306882,2023-05-28T14:19:47.000Z,🚨 GRAVE: Quem aí também queria  cometer esse “crime” de almoçar com um lovezinho hoje? Conta pra mim 👇🏼,72,167,1.190
Adriana Accorsi,@Adriana_Accorsi,https://twitter.com/Adriana_Accorsi/status/1662562401328279558,2023-05-27T20:52:20.000Z,"Participo da abertura do Circuito das Cavalhadas em Santa Cruz de Goiás, onde fui recebida pela companheira Alcione Alves, o prefeito Angelo da Paz, ao lado do companheiro Arthemio de Carvalho e diversos amigos e autoridades.",5,15,94
Adriana Accorsi,@Adriana_Accorsi,https://twitter.com/Adriana_Accorsi/status/1662522315811192840,2023-05-27T18:13:02.000Z,"Na tarde desse sábado, estou em Palmelo com o companheiro Arthemio de Carvalho, o prefeito Renato Damásio, o vice-prefeito Celso Teodoro, vários vereadores e lideranças do Partido dos trabalhadores do município.",3,16,96
Adriana Accorsi,@Adriana_Accorsi,https://twitter.com/Adriana_Accorsi/status/1662500805310652416,2023-05-27T16:47:34.000Z,"Estou em Pires do Rio, em reunião importante com as lideranças, para construirmos políticas públicas de cuidado para a região.",5,11,78
Adriana Accorsi,@Adriana_Accorsi,https://twitter.com/Adriana_Accorsi/status/1662463292227350528,2023-05-27T14:18:30.000Z,"Na manhã deste sábado, continuo em nossa caravana pelo interior, estou em Ipameri com a querida Carmem Silva liderança da região, a ex-primeira-dama Lurdinha Perfeita e muitas incríveis companheiras e companheiros de luta!",3,12,69
Adriana Accorsi,@Adriana_Accorsi,https://twitter.com/Adriana_Accorsi/status/1662411795426836482,2023-05-27T10:53:52.000Z,"☀️Bom dia, meus amigos e minhas amigas! Estou na estrada pelo interior de Goiás, ouvindo as demandas da população e discutindo políticas públicas para diversos municípios. Com o apoio do governo do Presidente Lula, vamos reconstruir nosso estado!",15,28,177
Adriana Accorsi,@Adriana_Accorsi,https://twitter.com/Adriana_Accorsi/status/1662410542659584001,2023-05-27T10:48:54.000Z,Terminei a noite de ontem (27) em Buriti Alegre em uma reunião muito importante e representativa com minha amiga presidenta do PT da cidade Francisca Mendes. Nosso mandato está à disposição para trazer benfeitorias para a região.,2,12,96
Adriana Accorsi,@Adriana_Accorsi,https://twitter.com/Adriana_Accorsi/status/1662222920763183105,2023-05-26T22:23:21.000Z,Estou na cidade de Morrinhos dialogando sobre políticas públicas para a região.,3,8,78
Adriana Accorsi,@Adriana_Accorsi,https://twitter.com/Adriana_Accorsi/status/1662184663413080067,2023-05-26T19:51:20.000Z,"Estou na querida cidade de Pontalina com os companheiros Delúbio Alves, o presidente do PT da cidade João Inácio, a primeira dama Márcia Guimarães e o Secretário de Esporte Cultura e Lazer Antônio Biá. Conte com nosso mandato para juntos trazermos benefício para Pontalina.",1,14,54
Adriana Accorsi,@Adriana_Accorsi,https://twitter.com/Adriana_Accorsi/status/1662149645584285705,2023-05-26T17:32:11.000Z,"Estou em Professor Jamil com o prefeito da cidade Ney Novaes, a presidenta do PT da cidade Rogéria de Oliveira, da vereadora Luzia Quilombola e demais importantes autoridades da região. Vamos juntas e juntos cuidar das demandas da população para trazer benefícios para a cidade.",0,5,39
Adriana Accorsi,@Adriana_Accorsi,https://twitter.com/Adriana_Accorsi/status/1662059424591106049,2023-05-26T11:33:41.000Z,"Crianças e adolescentes dão sinais quando algo não está indo bem.🏠 É no ambiente doméstico que está concentrado o maior número de casos de abuso sexuais infantojuvenis, podendo o agressor ser parente, amigo ou conhecido da família da vítima.",6,29,84
Adriana Accorsi,@Adriana_Accorsi,https://twitter.com/Adriana_Accorsi/status/1661845660386091008,2023-05-25T21:24:15.000Z,"CPMI do golpe foi instalada e bolsonaristas tentaram tumultuar, mas iremos mostrar a verdade de como criminosos golpistas do 8 de janeiro agiram, incluindo os articuladores e financiadores.",52,222,977
Adriana Accorsi,@Adriana_Accorsi,https://twitter.com/Adriana_Accorsi/status/1661828606585085954,2023-05-25T20:16:29.000Z,O Presidente @LulaOficial dialoga com todos os setores da sociedade ❤️,3,71,248
Adriana Accorsi,@Adriana_Accorsi,https://twitter.com/Adriana_Accorsi/status/1661809393288052759,2023-05-25T19:00:08.000Z,"O Dia do Trabalhador e da Trabalhadora Rural, significa comemorar a dedicação e o esforço daqueles que labutam nos campos, contribuindo para o sustento de toda a sociedade.",1,15,42
Adriana Accorsi,@Adriana_Accorsi,https://twitter.com/Adriana_Accorsi/status/1661776962078093321,2023-05-25T16:51:16.000Z,"No #tbt de hoje, relembre comigo o caso do médico pedófilo que eu e minha brilhante equipe investigamos e prendemos. Segue o fio  🧵 👇🏼",2,27,117
Adriana Accorsi,@Adriana_Accorsi,https://twitter.com/Adriana_Accorsi/status/1661718503563354112,2023-05-25T12:58:59.000Z,Conheceremos a verdade! #CPMIdoGolpe,5,38,121
Adriana Accorsi,@Adriana_Accorsi,https://twitter.com/Adriana_Accorsi/status/1661708547401326595,2023-05-25T12:19:25.000Z,"Bom dia! Começo o dia concedendo entrevista no Senado Federal, na reunião de instalação da CPMI dos Atos Golpistas. Temos que responsabilizar os idealizadores, vamos investigar e encontrar financiadores dos atos terroristas e todos e todas que incitaram. #CPMIdoGolpe",15,42,202
Adriana Accorsi,@Adriana_Accorsi,https://twitter.com/Adriana_Accorsi/status/1661696568074936320,2023-05-25T11:31:49.000Z,"BOLSONARO É A CARA DO GOLPE 

No dia 8 de janeiro o ódio espalhado durante 4 anos por Bolsonaro e seus aliados virou um verdadeiro terror para a população brasileira. Terroristas invadiram, depredaram e destruíram os Três Poderes em uma tentativa de golpe falha.",7,57,133
Adriana Accorsi,@Adriana_Accorsi,https://twitter.com/Adriana_Accorsi/status/1661471270754451456,2023-05-24T20:36:34.000Z,"Chega de racismo!
O episódio inaceitável, vergonhoso e criminoso a qual o jogador Vini Jr. sofreu em uma partida de futebol não pode ser esquecido e deve ser visto como um grave alerta sobre o racismo no esporte.",4,30,128
Adriana Accorsi,@Adriana_Accorsi,https://twitter.com/Adriana_Accorsi/status/1661461222133317633,2023-05-24T19:56:38.000Z,Nossa brilhante Diva da música e do Cinema. Ícone de representatividade que enfrentou muito do machismo e do racismo. Descanse em paz!,4,17,115
Adriana Accorsi,@Adriana_Accorsi,https://twitter.com/Adriana_Accorsi/status/1661416332326207501,2023-05-24T16:58:15.000Z,"A Secretária Nacional do Consumidor lançou o canal de denúncias para casos de preços abusivos nos postos de combustíveis. A ação faz parte do Mutirão do Preço Justo, garantindo a transparência e assegurando o direito dos consumidores.
Se você identificar preços abusivos, denuncie",3,40,88
Adriana Accorsi,@Adriana_Accorsi,https://twitter.com/Adriana_Accorsi/status/1661404048434556930,2023-05-24T16:09:27.000Z,"Nesta manhã, estive em reunião com ministro Paulo Teixeira na liderança do governo na Câmara, com a presença do Presidente da Companhia Nacional de Abastecimento (CONAB) Edegar Pretto para discutirmos sobre a Medida Provisória+",4,20,114
Adriana Accorsi,@Adriana_Accorsi,https://twitter.com/Adriana_Accorsi/status/1661402177074610179,2023-05-24T16:02:01.000Z,"""PRODUÇÃO DE ALIMENTO: #ToComMST 
Você sabia?
A 4ª Feira Nacional da Reforma Agrária ofereceu 500 toneladas de alimentos, oriundos de 24 estados, produzidos por famílias Sem Terra. A feira aconteceu em maio, no Parque Água Branca, em São Paulo.https://mst.org.br/2023/05/09/feira-do-mst-leva-mais-de-500-toneladas-de-alimentos-saudaveis-para-centro-de-sao-paulo/…""",2,32,77
Adriana Accorsi,@Adriana_Accorsi,https://twitter.com/Adriana_Accorsi/status/1661214079095062528,2023-05-24T03:34:34.000Z,"Vitória! 
Com o voto unanime da nossa bancada do PT, o plenário da Câmara aprovou na noite desta terça-feira (23), por 372 votos a favor e 108 contrários, o texto principal do Arcabouço Fiscal (PLP 93/23) em que as novas regras garantem estabilidade e confiabilidade econômica.",15,29,162
Adriana Accorsi,@Adriana_Accorsi,https://twitter.com/Adriana_Accorsi/status/1661113766308618252,2023-05-23T20:55:58.000Z,👀,9,21,129
Adriana Accorsi,@Adriana_Accorsi,https://twitter.com/Adriana_Accorsi/status/1661076600056627209,2023-05-23T18:28:17.000Z,"Se esse tweet passou por você, poste uma foto sua com o boné do MST e a tag #TôComMST",210,683,5.347
Adriana Accorsi,@Adriana_Accorsi,https://twitter.com/Adriana_Accorsi/status/1661072096393408523,2023-05-23T18:10:23.000Z,"Como deputada, sou defensora da categoria dos Pit Dogs que são um patrimônio cultural e gastronômico do nosso estado e devem ser respeitados. Estou ao lado do Presidente do SindPitdog, o companheiro Ademildo Godoy que está na luta pelos trabalhadores e trabalhadoras do ramo.",3,18,69
Adriana Accorsi,@Adriana_Accorsi,https://twitter.com/Adriana_Accorsi/status/1661014342639439878,2023-05-23T14:20:54.000Z,"Ninguém toca na @IrmaMonicaofc !
Mexeu com ela, mexeu comigo! Amém?",53,276,2.681
Adriana Accorsi,@Adriana_Accorsi,https://twitter.com/Adriana_Accorsi/status/1660990685548367872,2023-05-23T12:46:53.000Z,"Bom dia, meus amigos e minhas amigas! O trabalho hoje é em Brasília.
Acompanhe minhas redes.",20,21,232
Adriana Accorsi,@Adriana_Accorsi,https://twitter.com/Adriana_Accorsi/status/1660670908493692930,2023-05-22T15:36:13.000Z,"A operação Caminhos Seguros teve 1.008 prisões, apreensão de 6.185 materiais pornográficos, além de 16 toneladas de drogas. Nosso governo trabalha contra a exploração sexual de crianças e adolescentes. Obrigada aos colegas policiais pela ação sob a liderança da PRF e da SENASP.",0,29,72
Adriana Accorsi,@Adriana_Accorsi,https://twitter.com/Adriana_Accorsi/status/1660633070351925249,2023-05-22T13:05:51.000Z,"Bom dia, meus amigos e minhas amigas! Desejo uma semana de coisas boas para todas e todos vocês ❤️",25,13,131
Adriana Accorsi,@Adriana_Accorsi,https://twitter.com/Adriana_Accorsi/status/1660481702894919681,2023-05-22T03:04:22.000Z,"Ei, @vinijr você é o melhor, você é GIGANTE! ❤️",1,17,97
Adriana Accorsi,@Adriana_Accorsi,https://twitter.com/Adriana_Accorsi/status/1660325611913502721,2023-05-21T16:44:07.000Z,"Participei ontem em Bela Vista de Goiás da grande reunião com os nossos companheiros e companheiras do Partido dos Trabalhadores para receber os novos filiados do partido na cidade, ao lado da Presidenta do PT, minha mãe Lucide Sauthier,",3,24,79
Adriana Accorsi,@Adriana_Accorsi,https://twitter.com/Adriana_Accorsi/status/1660315364163567616,2023-05-21T16:03:24.000Z,Fica firme querida companheira @IrmaMonicaofc,6,47,321
Adriana Accorsi,@Adriana_Accorsi,https://twitter.com/Adriana_Accorsi/status/1660281654840029188,2023-05-21T13:49:27.000Z,"Participe conosco! Queremos ouvir a opinião de professores, estudantes, servidores e toda a comunidade.",0,30,68
Adriana Accorsi,@Adriana_Accorsi,https://twitter.com/Adriana_Accorsi/status/1659919239996661760,2023-05-20T13:49:21.000Z,Toda minha admiração ❤️,7,25,106
Adriana Accorsi,@Adriana_Accorsi,https://twitter.com/Adriana_Accorsi/status/1659733590328897536,2023-05-20T01:31:38.000Z,Parabéns a nossa gloriosa @policiafederal !,4,36,148
Adriana Accorsi,@Adriana_Accorsi,https://twitter.com/Adriana_Accorsi/status/1659646475310080002,2023-05-19T19:45:29.000Z,#ToComMST,2,25,75
Adriana Accorsi,@Adriana_Accorsi,https://twitter.com/Adriana_Accorsi/status/1659580977809686531,2023-05-19T15:25:13.000Z,"6 MILHÕES de judeus, negros, CRIANÇAS e LGBTQIA+ EXTERMINADOS nos campos de concentração. E tem quem diga ter orgulho dessa “história implacável” e faz até saudação para seus antepassados nazistas.",14,55,223
Adriana Accorsi,@Adriana_Accorsi,https://twitter.com/Adriana_Accorsi/status/1659575414317019138,2023-05-19T15:03:06.000Z,🏳️‍⚧️🏳️‍⚧️ VITÓRIA! 🏳️‍⚧️🏳️‍⚧️O Governo Federal anunciou que os novos RGs terão apenas o nome social. A medida vai garantir o direito existencial das pessoas trans ao próprio nome.,3,24,83
Adriana Accorsi,@Adriana_Accorsi,https://twitter.com/Adriana_Accorsi/status/1659554296109604865,2023-05-19T13:39:11.000Z,"Começamos o dia acompanhando o Ministro de Desenvolvimento Agrário e Agricultura Familiar, Paulo Teixeira, no grande e brilhante evento Agro Centro Oeste Familiar 2023 na UFG. Estamos juntos pelos agricultores familiares!",3,38,145
Adriana Accorsi,@Adriana_Accorsi,https://twitter.com/Adriana_Accorsi/status/1659547673806946304,2023-05-19T13:12:52.000Z,"☀️ Bom dia! Qual é a sua cidade e quanto tá custando o combustível aí? 
Me conta! 👇🏼",70,29,150
Adriana Accorsi,@Adriana_Accorsi,https://twitter.com/Adriana_Accorsi/status/1659373521380823042,2023-05-19T01:40:51.000Z,❤️@LulaOficial o Presidente que ama as crianças e adolescentes brasileiros !,1,47,212
Adriana Accorsi,@Adriana_Accorsi,https://twitter.com/Adriana_Accorsi/status/1659276545515483139,2023-05-18T19:15:30.000Z,"Ao lado de grandes defensores dos direitos das crianças e dos adolescentes, Fabrício Rosa, Cida Alves, Flávia Calé e Milka Souza, participei hoje da mesa de debate promovida pelo DCE-UFG sobre o 18 de Maio - Dia Nacional de Combate ao Abuso e Exploração de Crianças e Adolescentes",6,29,133
Adriana Accorsi,@Adriana_Accorsi,https://twitter.com/Adriana_Accorsi/status/1659138779372740610,2023-05-18T10:08:04.000Z,"O Dia Nacional de Combate ao Abuso e Exploração Sexual de Crianças e Adolescentes tem não só o enorme peso simbólico do caso da menina Araceli Crespo, mas também a lembrança da responsabilidade que temos para com nossas crianças.",13,92,302
Adriana Accorsi,@Adriana_Accorsi,https://twitter.com/Adriana_Accorsi/status/1658957627148124161,2023-05-17T22:08:14.000Z,"Grande maioria da Câmara aprovou a urgência do Novo Marco Fiscal e deverá ser votado semana que vem. Com a nova regra, a taxa de juros vai cair e nosso país voltará a crescer. Cumprimento por esse vitória, o companheiro líder @guimaraes13PT",11,56,195
Adriana Accorsi,@Adriana_Accorsi,https://twitter.com/Adriana_Accorsi/status/1658957149702160389,2023-05-17T22:06:21.000Z,Grande vitória! Aprovado PL  3630/2021  Torna obrigatória a criação de centros de assistência integral ao paciente com transtorno do espectro autista no Sistema Único de Saúde. Agora segue para o Senado.,15,58,183
Adriana Accorsi,@Adriana_Accorsi,https://twitter.com/Adriana_Accorsi/status/1658923577016569856,2023-05-17T19:52:56.000Z,Estou no lançamento da Caravana da Juventude Pela Paz nas Escolas com o Ministro da Secretaria-Geral da Presidência da República Márcio Macêdo.,7,20,128
Adriana Accorsi,@Adriana_Accorsi,https://twitter.com/Adriana_Accorsi/status/1658880151399039000,2023-05-17T17:00:23.000Z,#FazoL,3,19,88
Adriana Accorsi,@Adriana_Accorsi,https://twitter.com/Adriana_Accorsi/status/1658874757863940096,2023-05-17T16:38:57.000Z,"Trago não só apenas convicções, mas provas de que o Brasil voltou!",6,55,203
Adriana Accorsi,@Adriana_Accorsi,https://twitter.com/Adriana_Accorsi/status/1658814265061416961,2023-05-17T12:38:34.000Z,"Iniciando os trabalhos desta quarta-feira em Brasília, no Seminário Novo Ensino Médio promovido pela Comissão da Educação da qual sou membra titular. 
Acompanhe ao vivo aqui 👇🏼https://youtube.com/live/HUWBwiF1bL8?feature=share…",20,59,449
Adriana Accorsi,@Adriana_Accorsi,https://twitter.com/Adriana_Accorsi/status/1658801714214887426,2023-05-17T11:48:42.000Z,"Dignidade, respeito e a conquista dos espaços de poder! Contem comigo sempre! 🏳️‍🌈 🏳️‍⚧️ 🏳️‍🌈 🏳️‍⚧️ 🏳️‍🌈 🏳️‍⚧️ 🏳️‍🌈 🏳️‍⚧️ 🏳️‍🌈 🏳️‍⚧️ 🏳️‍🌈",9,37,119
Adriana Accorsi,@Adriana_Accorsi,https://twitter.com/Adriana_Accorsi/status/1658799851482611712,2023-05-17T11:41:18.000Z,"☀️Bom dia, muito bom dia!😁Justiça vai sendo feita! 
Quem vocês acham que será o próximo? Conta pra mim 👇🏼",66,26,238
Adriana Accorsi,@Adriana_Accorsi,https://twitter.com/Adriana_Accorsi/status/1658626242487234561,2023-05-17T00:11:26.000Z,Justiça ! Para quem usou o cargo público para se beneficiar e prejudicar o Brasil! Grande dia!,34,57,394
Adriana Accorsi,@Adriana_Accorsi,https://twitter.com/Adriana_Accorsi/status/1658524672114163731,2023-05-16T17:27:50.000Z,Alguém acaba de chegar na PF pra depor sobre a fraude da carteira de vacinação. Qual mentira será contada agora? O que vocês acham?,16,26,179
Adriana Accorsi,@Adriana_Accorsi,https://twitter.com/Adriana_Accorsi/status/1658508017107714048,2023-05-16T16:21:39.000Z,"Mais escândalos!

Os últimos casos envolvendo a família Bolsonaro, em poucos dias a Polícia Federal encontrou mais casos de corrupção ligados ao ex-presidente.",1,18,63
Adriana Accorsi,@Adriana_Accorsi,https://twitter.com/Adriana_Accorsi/status/1658456134364037121,2023-05-16T12:55:29.000Z,A Petrobrás anunciou o fim da paridade internacional do petróleo como base de critérios para reajuste da Gasolina e Diesel. A nova política de preços prevê mais estabilidade e maior tempo entre os reajustes nos postos+,7,30,125
Adriana Accorsi,@Adriana_Accorsi,https://twitter.com/Adriana_Accorsi/status/1658449219559071744,2023-05-16T12:28:01.000Z,"A política de preços dos nossos combustíveis não será mais dolarizado! A Petrobras anunciou o fim da paridade de preços com o mercado internacional. Essa medida vai impactar os custos dos alimentos, dos fretes e postos de gasolina. Faz o L!",17,64,269
Adriana Accorsi,@Adriana_Accorsi,https://twitter.com/Adriana_Accorsi/status/1658132455684026370,2023-05-15T15:29:18.000Z,"Minha admiração e respeito a todas e todos Assistentes Sociais. Caminhamos juntos na luta pela valorização da categoria, assim como, para que cada pessoa tenha seus seus direitos assegurados e que a justiça social se torne realidade em todo país.",2,17,67
Adriana Accorsi,@Adriana_Accorsi,https://twitter.com/Adriana_Accorsi/status/1658123711575212035,2023-05-15T14:54:33.000Z,Estamos juntos pela democracia companheiro!,9,21,200
Adriana Accorsi,@Adriana_Accorsi,https://twitter.com/Adriana_Accorsi/status/1658081206406193160,2023-05-15T12:05:39.000Z,"O que é o que é:
Recebe depósitos em dinheiro vivo, já recebeu em cheques também, faz contrabando de joias e está na mira da PF?",58,99,564
Adriana Accorsi,@Adriana_Accorsi,https://twitter.com/Adriana_Accorsi/status/1657835322938470401,2023-05-14T19:48:36.000Z,Feliz Dia das Mães ❤️❤️❤️❤️❤️❤️com Dona Lucide e meus queridos irmãos @AccorsiSergio e Luiz Pedro,7,10,173
Adriana Accorsi,@Adriana_Accorsi,https://twitter.com/Adriana_Accorsi/status/1657703221975040000,2023-05-14T11:03:41.000Z,"Um Brasil preocupado com comida na mesa, educação, união, empreendedorismo, inovação, proteção, e que investe no futuro, é um país que está ao lado de todas as mães #BrasilMãe",4,28,80
Adriana Accorsi,@Adriana_Accorsi,https://twitter.com/Adriana_Accorsi/status/1657371869853495298,2023-05-13T13:07:00.000Z,"O dia 13 de maio, dia da falsa abolição, não é um dia a ser celebrado. O passado que ainda ecoa, nos faz lembrar que o povo negro não foi reparado pelos séculos de escravização.

Hoje, assim como todos os outros dias, seguimos na luta até que todo povo seja livre!",1,29,109
Adriana Accorsi,@Adriana_Accorsi,https://twitter.com/Adriana_Accorsi/status/1657344552662089729,2023-05-13T11:18:27.000Z,Bom dia ❤️⭐️,5,36,175
Adriana Accorsi,@Adriana_Accorsi,https://twitter.com/Adriana_Accorsi/status/1657083006190796802,2023-05-12T17:59:10.000Z,"❤️❤️ Sextou com muito amor, carinho e respeito às nossas crianças! ❤️❤️",15,75,392
Adriana Accorsi,@Adriana_Accorsi,https://twitter.com/Adriana_Accorsi/status/1657034710365732866,2023-05-12T14:47:15.000Z,"Entre nós da bancada do PT e o ministro @Haddad_Fernando não existe tensão. O ministro é fundamental para que os agentes econômicos voltem a confiar e investir em nossa economia. Além de tudo, consegue estabilizar a dívida pública e garantir recursos para os investimentos.",6,38,163
Adriana Accorsi,@Adriana_Accorsi,https://twitter.com/Adriana_Accorsi/status/1657022415833112577,2023-05-12T13:58:24.000Z,"Neste Dia Internacional da Enfermagem. De presente, enfermeiros, técnicos, auxiliares e parteiras ganharam do presidente Lula a sanção da lei que destina R$ 7,3 bi para pagamento do piso da categoria. O texto foi publicado no Diário Oficial da União de hoje.",13,51,171
Adriana Accorsi,@Adriana_Accorsi,https://twitter.com/Adriana_Accorsi/status/1656975442929242114,2023-05-12T10:51:45.000Z,Bom dia! ☀️ Hoje é o dia mundial das(os) profissionais da enfermagem e trago boas notícias: Nosso Presidente sanciona hoje o piso nacional da enfermagem!,15,42,176
Adriana Accorsi,@Adriana_Accorsi,https://twitter.com/Adriana_Accorsi/status/1656777914245951488,2023-05-11T21:46:50.000Z,🔴 Daqui a pouco entro ao vivo no @ICLNoticias  Clique aqui para acompanhar 👇🏼,4,16,54
Adriana Accorsi,@Adriana_Accorsi,https://twitter.com/Adriana_Accorsi/status/1656759075273601025,2023-05-11T20:31:59.000Z,No #TBT de hoje lembramos do caso do Berçário Bebê Feliz que elucidei junto com minha brilhante equipe. Segue o fio 🧵 👇🏼,7,20,113
Adriana Accorsi,@Adriana_Accorsi,https://twitter.com/Adriana_Accorsi/status/1656683433970798593,2023-05-11T15:31:25.000Z,"Já sabem da novidade? 
O botijão de gás vai ficar 15 reais mais barato a partir da semana que vem!",8,86,371
Adriana Accorsi,@Adriana_Accorsi,https://twitter.com/Adriana_Accorsi/status/1656681036380766208,2023-05-11T15:21:53.000Z,"A PF começou cedo em investigação nas ruas para identificar mais pessoas que financiaram e fomentaram os atos terroristas do dia 8 de Janeiro. 
Criminosos serão punidos! Sem anistia!",2,40,131
Adriana Accorsi,@Adriana_Accorsi,https://twitter.com/Adriana_Accorsi/status/1656644547080798209,2023-05-11T12:56:53.000Z,"Parabéns Aparecida de Goiânia! 

Essa importante cidade do nosso estado completa 101 anos de história, cultura e tradição. Feliz aniversário para essa cidade encantadora que sempre nos recebe a todos de braços abertos.",1,16,85
Adriana Accorsi,@Adriana_Accorsi,https://twitter.com/Adriana_Accorsi/status/1656630782763335680,2023-05-11T12:02:11.000Z,Bom dia! Vamos que vamos! ✊🏼,108,196,1.369
Adriana Accorsi,@Adriana_Accorsi,https://twitter.com/Adriana_Accorsi/status/1656461485051195400,2023-05-11T00:49:28.000Z,👀,2,21,57
Adriana Accorsi,@Adriana_Accorsi,https://twitter.com/Adriana_Accorsi/status/1656414185511612421,2023-05-10T21:41:31.000Z,Elegemos a Deputada Benedita Silva (PT-RJ) como coordenadora da bancada feminina da Câmara dos Deputados. Desejo muito êxito a grande companheira nesta nova empreitada em defesa dos direitos das mulheres.,7,71,368
Adriana Accorsi,@Adriana_Accorsi,https://twitter.com/Adriana_Accorsi/status/1656397926569058425,2023-05-10T20:36:54.000Z,"Vitória! 
Na Câmara dos Deputados foi aprovado o Projeto de Lei a qual fui a relatora, que tem por objetivo de Instituir o Dia Nacional de Luta e Combate ao Estupro. Confira no vídeo:",10,54,223
Adriana Accorsi,@Adriana_Accorsi,https://twitter.com/Adriana_Accorsi/status/1656389434198175744,2023-05-10T20:03:09.000Z,"Vitória! 
Na Câmara dos Deputados foi aprovado o Projeto de Lei a qual fui a relatora, que tem por objetivo de Instituir o Dia Nacional de Luta e Combate ao Estupro.",17,84,443
Adriana Accorsi,@Adriana_Accorsi,https://twitter.com/Adriana_Accorsi/status/1656339083122049038,2023-05-10T16:43:05.000Z,"O Estado de Goiás recebeu R$ 6,7 milhões para realização de cirurgias no Sistema Único de Saúde (SUS) do Programa Nacional de Redução de Filas, segundo o Ministério da Saúde, 125.894 pessoas estão na fila de espera para cirurgias no nosso estado.",4,46,124
Adriana Accorsi,@Adriana_Accorsi,https://twitter.com/Adriana_Accorsi/status/1656285804409266179,2023-05-10T13:11:22.000Z,"Começando a quarta-feira na Comissão de Educação na Câmara Federal em defesa de um ensino público, gratuito, inclusivo e de qualidade. Estamos juntas e juntos nessa luta!",31,66,489
Adriana Accorsi,@Adriana_Accorsi,https://twitter.com/Adriana_Accorsi/status/1656283754615242755,2023-05-10T13:03:14.000Z,"Neste mês das mães temos o compromisso de debater questões relevantes sobre a maternidade. Entre elas, as dificuldades vividas por uma mãe solo.",2,11,37
Adriana Accorsi,@Adriana_Accorsi,https://twitter.com/Adriana_Accorsi/status/1656099288689127426,2023-05-10T00:50:13.000Z,E o ministro Flávio Dino que também é juiz e jamais teve uma sentença anulada? 🗣️🗣️,63,384,2.891
Adriana Accorsi,@Adriana_Accorsi,https://twitter.com/Adriana_Accorsi/status/1656024066959056902,2023-05-09T19:51:19.000Z,É inaceitável que o aplicativo Telegram desrespeite as leis brasileiras e utilize sua plataforma para fazer uma publicidade mentirosa contra o PL/ 2630. Iremos cobrar medidas urgentes para evitar que essa plataforma continue propagando mentiras impunemente.,7,50,156
Adriana Accorsi,@Adriana_Accorsi,https://twitter.com/Adriana_Accorsi/status/1656008355029065728,2023-05-09T18:48:53.000Z,"No dia 9 de maio é comemorado o dia do policial civil do estado de Goiás, instituição que tenho a grande satisfação de compor há mais de 20 anos.",2,8,36
Adriana Accorsi,@Adriana_Accorsi,https://twitter.com/Adriana_Accorsi/status/1655944265137291271,2023-05-09T14:34:13.000Z,"Que dia triste! Que perda inestimável para a cultura brasileira. 
Rita Lee será eternamente a rainha do Rock no Brasil.",4,33,243
Adriana Accorsi,@Adriana_Accorsi,https://twitter.com/Adriana_Accorsi/status/1655925238134104067,2023-05-09T13:18:37.000Z,"Parabéns Padre Bernardo! 

Município que trás consigo sua simplicidade, sua força e que cresce com um povo sempre carismático e acolhedor. Como deputada federal, continuarei meu trabalho pela população de Padre Bernardo, por mais investimentos e desenvolvimento para o município.",1,8,40
Adriana Accorsi,@Adriana_Accorsi,https://twitter.com/Adriana_Accorsi/status/1655913982123814912,2023-05-09T12:33:53.000Z,"Recebi a triste notícia da morte do ex-deputado federal e ativista da luta LGBTQIA+, David Miranda. Toda minha solidariedade aos familiares e amigos.",4,24,136
Adriana Accorsi,@Adriana_Accorsi,https://twitter.com/Adriana_Accorsi/status/1655898463916130304,2023-05-09T11:32:13.000Z,Afinal de contas: o que é uma CPMI? Consideramos gravíssima a tentativa de golpe que aconteceu no dia 8 de janeiro e temos um compromisso com a democracia.,2,23,103
Adriana Accorsi,@Adriana_Accorsi,https://twitter.com/Adriana_Accorsi/status/1655715346307792897,2023-05-08T23:24:34.000Z,Maravilhoso ❤️😁,3,30,163
Adriana Accorsi,@Adriana_Accorsi,https://twitter.com/Adriana_Accorsi/status/1655652078650286085,2023-05-08T19:13:10.000Z,"Em Goiânia, participei da posse do Superintendente do Instituto Nacional de Colonização e Reforma Agrária (INCRA) em Goiás, o meu amigo Elias D'Angelo Borges. Com um sentimento de esperança, estive ao lado de tantos queridos companheiros e companheiras,",4,23,119
Adriana Accorsi,@Adriana_Accorsi,https://twitter.com/Adriana_Accorsi/status/1655627608300695573,2023-05-08T17:35:56.000Z,"FAZ O L, Goiás! Sorriso bonito? Teremos!",5,38,223
Adriana Accorsi,@Adriana_Accorsi,https://twitter.com/Adriana_Accorsi/status/1655612912046682115,2023-05-08T16:37:32.000Z,"Estou no Instituto Nacional de Colonização e Reforma Agrária para a posse do Superintendente do INCRA em Goiás, o meu amigo e companheiro Elias D'Angelo Borges.",0,20,60
Adriana Accorsi,@Adriana_Accorsi,https://twitter.com/Adriana_Accorsi/status/1655602726762344450,2023-05-08T15:57:04.000Z,"Começando bem a semana! 
Nosso presidente está trazendo de volta o Programa Brasil Sorridente pela saúde bucal do nosso povo. Dentes e boca saudáveis é dignidade!",3,32,100
Adriana Accorsi,@Adriana_Accorsi,https://twitter.com/Adriana_Accorsi/status/1655571900225970177,2023-05-08T13:54:34.000Z,"No Grupo Especializado no Atendimento às Vítimas de Crimes Raciais e Delitos de Intolerância (GEACRI), recebemos hoje a Coordenadora Nacional do Programa de Segurança Pública com Cidadania (PRONASCI) Tamires Sampaio, ao lado do Delegado chefe do GEACRI Dr. Joaquim Adorno",2,26,80
Adriana Accorsi,@Adriana_Accorsi,https://twitter.com/Adriana_Accorsi/status/1655560355442053123,2023-05-08T13:08:42.000Z,"Há 11 anos, um trágico acidente de helicóptero levou sete grandes e competentíssimos profissionais. Meus queridos amigos que perderam a vida no cumprimento de seu dever. +",6,24,82
Adriana Accorsi,@Adriana_Accorsi,https://twitter.com/Adriana_Accorsi/status/1655552082978455557,2023-05-08T12:35:49.000Z,"🔴 Complete a frase: 
Quando Bolsonaro for preso eu vou…",417,116,746
Adriana Accorsi,@Adriana_Accorsi,https://twitter.com/Adriana_Accorsi/status/1655351617439383557,2023-05-07T23:19:15.000Z,"Confira parte do pronunciamento da Ministra Nísia Trindade ao Povo Brasileiro, falando sobre a decisão da Organização Mundial da Saúde e a vacinação no Brasil.#MinistérioDaSaúde #Brasil #Vacinação",5,89,384
Adriana Accorsi,@Adriana_Accorsi,https://twitter.com/Adriana_Accorsi/status/1655307846420946945,2023-05-07T20:25:19.000Z,Apenas com a união de toda a sociedade podemos combater a triste realidade da violência sexual contra as nossas crianças e adolescentes. É papel de todas as pessoas garantir um ambiente seguro e saudável para os nossos jovens.,1,23,63
Adriana Accorsi,@Adriana_Accorsi,https://twitter.com/Adriana_Accorsi/status/1655213592084377601,2023-05-07T14:10:47.000Z,Bom domingo querido Presidente @LulaOficial e querida @JanjaLula ❤️,3,24,105
Adriana Accorsi,@Adriana_Accorsi,https://twitter.com/Adriana_Accorsi/status/1655197661253840898,2023-05-07T13:07:29.000Z,É sempre em um Carrefour… 🎨 @UltraLafa,13,138,378
Adriana Accorsi,@Adriana_Accorsi,https://twitter.com/Adriana_Accorsi/status/1654971891268874240,2023-05-06T22:10:21.000Z,"Com muita alegria, estamos juntos pela Educação, pela garantia de direitos e pela democracia!",10,26,238
Adriana Accorsi,@Adriana_Accorsi,https://twitter.com/Adriana_Accorsi/status/1654907929001185282,2023-05-06T17:56:11.000Z,"Nosso povo merece dignidade e respeito! O nosso governo tem o compromisso com todos os brasileiros e brasileiras, por isso o reajuste do salário mínimo vai impactar mais 25% da população. Estamos reconstruindo o nosso país.",2,33,86
Adriana Accorsi,@Adriana_Accorsi,https://twitter.com/Adriana_Accorsi/status/1654833093709119489,2023-05-06T12:58:49.000Z,"Bom dia, meus amigos e minhas amigas!⭐️Começando o sábado na reunião do Diretório Estadual do PT de Goiás. ⭐️",35,63,654
Adriana Accorsi,@Adriana_Accorsi,https://twitter.com/Adriana_Accorsi/status/1654592313727877122,2023-05-05T21:02:03.000Z,"🚨 PRIMEIRA MULHER a assumir a direção de uma penitenciária federal é
Amanda Teixeira, servidora de carreira da Senappen que assumiu a direção da Penitenciária Federal em Brasília.
Tenho certeza que fará um trabalho brilhante!",7,51,338
Adriana Accorsi,@Adriana_Accorsi,https://twitter.com/Adriana_Accorsi/status/1654570018451881984,2023-05-05T19:33:27.000Z,Trabalho igual salário igual! Saiba mais sobre a lei de igualdade salarial que aprovamos na câmara federal.,1,10,45
Adriana Accorsi,@Adriana_Accorsi,https://twitter.com/Adriana_Accorsi/status/1654525794268348427,2023-05-05T16:37:43.000Z,"Hoje a OMS anuncia que a COVID-19 não é mais uma Emergência de Saúde Pública de Importância Internacional. 

Considerado o mais alto título de alerta, ele foi declarado pela organização no final de janeiro de 2020. Viva a Vacina! Viva o Sus!",8,76,213
Adriana Accorsi,@Adriana_Accorsi,https://twitter.com/Adriana_Accorsi/status/1654503765196652545,2023-05-05T15:10:11.000Z,"Herdei a paixão pelos Pit Dogs pelo meu pai Darci Accorsi, hoje sou considerada a madrinha dos Pit Dogs por ter sido autora da Lei que os declara Patrimônio Cultural Imaterial de Goiás,",9,23,171
Adriana Accorsi,@Adriana_Accorsi,https://twitter.com/Adriana_Accorsi/status/1654472518411988992,2023-05-05T13:06:01.000Z,"Hoje é o aniversário do querido amigo, o deputado federal @AndreJanonesAdv 
Desejo muitas felicidades, saúde e muito sucesso! 

Feliz aniversário, André Janones! 🎉🥳",33,77,599
Adriana Accorsi,@Adriana_Accorsi,https://twitter.com/Adriana_Accorsi/status/1654472111648382976,2023-05-05T13:04:24.000Z,"🚨 Estou também nesta rede vizinha! 
É só clicar aqui 👉🏼 https://tiktok.com/@adriana_accorsi…Encontro você lá!",3,12,50
Adriana Accorsi,@Adriana_Accorsi,https://twitter.com/Adriana_Accorsi/status/1654438625713561600,2023-05-05T10:51:21.000Z,"Em entrevista agora a pouco na @GloboNews falei sobre a importância  das investigações desse esquema das vacinas, da tentativa de golpe e ressaltei a importância da investigação e da punição aos rigores da Lei.",12,116,430
Adriana Accorsi,@Adriana_Accorsi,https://twitter.com/Adriana_Accorsi/status/1654216789151170561,2023-05-04T20:09:51.000Z,Ingressos na mão e Bolsonaro preso. Desejo um show incrível para essa querida! 🙏🏼🌻🤭,37,241,1.616
Adriana Accorsi,@Adriana_Accorsi,https://twitter.com/Adriana_Accorsi/status/1654204540256747521,2023-05-04T19:21:10.000Z,Apareceram mais provas de que a tentativa de golpe dia 08 de janeiro foi discutida por Mauro Cid ajudante de ordens de Bolsonaro. Tudo está vindo à tona! Tic tac tic tac…,8,90,255
Adriana Accorsi,@Adriana_Accorsi,https://twitter.com/Adriana_Accorsi/status/1654181100984434690,2023-05-04T17:48:02.000Z,"Com construção da bancada feminina e com voto da Bancada do PT, Câmara aprova projeto do Governo Lula  que prevê igualdade salarial e remuneratória entre mulheres e homens.",20,151,548
Adriana Accorsi,@Adriana_Accorsi,https://twitter.com/Adriana_Accorsi/status/1654179159126491137,2023-05-04T17:40:19.000Z,"Uma autoridade da segurança pública recebe informação
Sobre um crime e não faz nada ?!",2,27,87
Adriana Accorsi,@Adriana_Accorsi,https://twitter.com/Adriana_Accorsi/status/1654139189913329664,2023-05-04T15:01:29.000Z,"Acompanhe minha entrevista amanhã na @GloboNews, onde tratarei dos assuntos que foram destaques nesta semana.",2,22,80
Adriana Accorsi,@Adriana_Accorsi,https://twitter.com/Adriana_Accorsi/status/1654133182680252417,2023-05-04T14:37:37.000Z,"O mal que o negacionismo causa ! Vamos vacinar, gente !",0,9,38
Adriana Accorsi,@Adriana_Accorsi,https://twitter.com/Adriana_Accorsi/status/1654096050955640832,2023-05-04T12:10:04.000Z,"Bom
Dia ❤️ O Brasil voltou !",1,6,21
Adriana Accorsi,@Adriana_Accorsi,https://twitter.com/Adriana_Accorsi/status/1654095920064069633,2023-05-04T12:09:33.000Z,"Nesse #TBT lembramos da elucidação de um crime que marcou a minha carreira como delegada: O caso da menina Lucélia Rodrigues que era torturada diariamente com muita crueldade. 
Segue o fio 🧵 👇🏼",15,32,286
Adriana Accorsi,@Adriana_Accorsi,https://twitter.com/Adriana_Accorsi/status/1653904801992679426,2023-05-03T23:30:07.000Z,"Em Goiás foi aprovada a lei que proíbe a oferta e a realização de contrato de empréstimo por ligação telefônica a idosos em Goiás, uma lei de extrema importância para coibir as instituições financeiras que vislumbraram uma fonte de obtenção de lucro através desses empréstimos.",4,58,170
Adriana Accorsi,@Adriana_Accorsi,https://twitter.com/Adriana_Accorsi/status/1653759657565888513,2023-05-03T13:53:22.000Z,Alguém sabe se o Carluxo passa bem? Não que eu tenha interesse. É só uma pergunta besta. 🤭,37,95,792
Adriana Accorsi,@Adriana_Accorsi,https://twitter.com/Adriana_Accorsi/status/1653743500758753281,2023-05-03T12:49:10.000Z,"A extrema-direita começa a espalhar que o governo PT está perseguindo o ex-presidente genocida e desqualificam a autonomia do brilhante trabalho da PF. Ora, se alguém é suspeito de cometer crimes, precisa ser investigado. Qual é o medo dos bolsonaristas? Quem não deve, não teme!",7,72,199
Adriana Accorsi,@Adriana_Accorsi,https://twitter.com/Adriana_Accorsi/status/1653730773734703106,2023-05-03T11:58:35.000Z,"☀️ Bom dia!  Muito bom dia! 😄Bolsonaro e Michele receberam hoje visitinha da POLÍCIA FEDERAL e tiveram seus celulares apreendidos. Ainda 6 bolsonaristas foram presos em operação do inquérito das milícias digitais, entre eles seu fiel escudeiro Mauro Cid. Grande dia! 👍🏼",16,49,148
Adriana Accorsi,@Adriana_Accorsi,https://twitter.com/Adriana_Accorsi/status/1653727627318837250,2023-05-03T11:46:05.000Z,Grande dia 👍🏼,3,13,59
Adriana Accorsi,@Adriana_Accorsi,https://twitter.com/Adriana_Accorsi/status/1653691674780917761,2023-05-03T09:23:14.000Z,Vitória das mulheres do esporte!,3,23,74
Adriana Accorsi,@Adriana_Accorsi,https://twitter.com/Adriana_Accorsi/status/1653569601727234048,2023-05-03T01:18:09.000Z,"PL 2630 retirado de pauta!
Lidamos com empresas bilionárias que lucram com a dor de famílias inteiras, e com uma grande rede de criminosos que querem continuar ganhando dinheiro com suas mentiras e ódio nas redes sociais. Ninguém disse que seria fácil, mas vamos continuar na luta",11,44,168
Adriana Accorsi,@Adriana_Accorsi,https://twitter.com/Adriana_Accorsi/status/1653540112305717249,2023-05-02T23:20:58.000Z,"Infelizmente, 76% das mulheres relatam já ter passado por um ou mais episódios de violência e assédio no trabalho. Pagar menos a uma mulher na mesma função que um colega homem é também uma violência.#IgualdadeSalarialJá",1,21,60
Adriana Accorsi,@Adriana_Accorsi,https://twitter.com/Adriana_Accorsi/status/1653478524638904343,2023-05-02T19:16:15.000Z,"Hoje o gramado do Congresso Nacional amanheceu com esta importante manifestação que faz menção aos 35 jovens que morreram em ataques desde 2012 nas escolas do nosso país, e em apoio ao PL das Fake News.",11,61,153
Adriana Accorsi,@Adriana_Accorsi,https://twitter.com/Adriana_Accorsi/status/1653461028724776962,2023-05-02T18:06:43.000Z,"No programa ILC Livre comentei acerca das prioridades do governo do Presidente Lula nos primeiros meses de mandato e sobre as Fake News, tão prejudiciais para a democracia do nosso país. Confira no vídeo:",4,25,76
Adriana Accorsi,@Adriana_Accorsi,https://twitter.com/Adriana_Accorsi/status/1653404894923988992,2023-05-02T14:23:40.000Z,Não podemos aceitar postagens que estimulem ataques em escolas! #PL2630Sim #InternetSegura #PLContraFake,2,12,23
Adriana Accorsi,@Adriana_Accorsi,https://twitter.com/Adriana_Accorsi/status/1653375682380963840,2023-05-02T12:27:35.000Z,"Quem sempre esteve ao lado do povo trabalhador está de volta à Presidência, temos de volta no Brasil um governo para os trabalhadores e trabalhadoras, viva o Presidente Lula!",3,20,58
Adriana Accorsi,@Adriana_Accorsi,https://twitter.com/Adriana_Accorsi/status/1653354955888050178,2023-05-02T11:05:13.000Z,#PL2630SIM,1,14,29
Adriana Accorsi,@Adriana_Accorsi,https://twitter.com/Adriana_Accorsi/status/1653218486536007685,2023-05-02T02:02:57.000Z,"O lucro das grandes empresas depende também do sofrimento, do abuso e da automutilação de nossas crianças e adolescentes na Internet. Eles sabem que não há censura nem ditadura no PL 2630. Eles querem que VOCÊ acredite nisso, enquanto ganham dinheiro com a dor de seus filhos.",16,72,165
Adriana Accorsi,@Adriana_Accorsi,https://twitter.com/Adriana_Accorsi/status/1653192847435153409,2023-05-02T00:21:04.000Z,"Hoje, dia 1° de maio, celebramos o dia do trabalhador e da trabalhadora em Goiânia na praça do Trabalhador, ao lado da minha querida companheira Deputada Estadual Bia de Lima e de vários companheiros representantes dos sindicatos,",8,38,106
Adriana Accorsi,@Adriana_Accorsi,https://twitter.com/Adriana_Accorsi/status/1653159313689509888,2023-05-01T22:07:49.000Z,Hoje ato pelo Dia do Trabalhador e da Trabalhadora ! Comemorar a nossa vitória em eleger um trabalhador para a Presidência do Brasil 👊🏼 continuar mobilizados pelos direitos da Classe Trabalhadora!,7,29,116
Adriana Accorsi,@Adriana_Accorsi,https://twitter.com/Adriana_Accorsi/status/1653024048677306369,2023-05-01T13:10:19.000Z,"O Brasil passou por momentos difíceis nos últimos anos, com ataques aos direitos trabalhistas e retrocessos.

Com a retomada do nosso governo PT e a luta incansável dos trabalhadores e trabalhadoras, podemos dizer que o Brasil voltou!",12,43,229
Adriana Accorsi,@Adriana_Accorsi,https://twitter.com/Adriana_Accorsi/status/1653006564549091329,2023-05-01T12:00:51.000Z,▶️ ACOMPANHE DAQUI A POUCO O BATE-PAPO com a Delegada Adriana Accorsi no @ICLNoticias 🔗 https://youtube.com/watch?v=v89dCz7FZfI&ab_channel=InstitutoConhecimentoLiberta…,2,16,29
