nome,usuario,idTweet,dataPublicacao,texto,replies,retweets,likes
Alfredo Gaspar,@Alfredogaspar_,https://twitter.com/Alfredogaspar_/status/1663240563779420162,2023-05-29T17:47:06.000Z,"O Brasil passa por mais uma vergonha internacional! O narcoditador Maduro, que tem prêmio de captura de US$ 15 milhões de dólares pelos EUA, ao lado do companheiro Lula em viagem ao nosso país. #Maduro #Venezuela #Ditadura #Lula #DeputadoFederal #Alagoas #AlfredoGaspar #Brasil",3,7,38
Alfredo Gaspar,@Alfredogaspar_,https://twitter.com/Alfredogaspar_/status/1662874193233420291,2023-05-28T17:31:17.000Z,"Alagoas perde uma primeira-dama que fez história. Dona Suzana sempre foi uma mulher simples, elegante e bondosa. Fará muita falta ao nosso Estado, mas seu legado servirá de exemplo. Meus sentimentos, Rui Palmeira, familiares e amigos.",1,1,24
Alfredo Gaspar,@Alfredogaspar_,https://twitter.com/Alfredogaspar_/status/1662639157921865729,2023-05-28T01:57:20.000Z,"Ministros do STF presentes em churrasco promovido por Lula. Em breve, mais deputados tostados e cassados.",12,14,79
Alfredo Gaspar,@Alfredogaspar_,https://twitter.com/Alfredogaspar_/status/1661732229121454085,2023-05-25T13:53:31.000Z,"Consternado, tomei conhecimento do falecimento do amigo Omar Coêlho. Figura humana excepcional, sua repentina partida deixa Alagoas e o mundo do Direito mais pobres. Meus sentimentos à família. Que Deus o receba na sua glória.",0,1,25
Alfredo Gaspar,@Alfredogaspar_,https://twitter.com/Alfredogaspar_/status/1661113936828088323,2023-05-23T20:56:39.000Z,"Na CPI do MST, seguirei firme com meus ideais e sendo oposição consciente. Já protocolei requerimentos de convocação que, acredito, ajudarão aos brasileiros a conhecerem a verdade sobre as invasões de propriedades no país.#MST #CPIdoMSThttps://instagram.com/reel/CsmWT_MpUki/?igshid=MTVlNTYxMjY2ZQ==…",13,11,82
Alfredo Gaspar,@Alfredogaspar_,https://twitter.com/Alfredogaspar_/status/1659725068291698688,2023-05-20T00:57:47.000Z,"Apresentei à CPI do MST requerimento de convocação do ex-ministro Ricardo Lewandowski, como testemunha, para esclarecimento de falas equivocadas em relação ao Movimento Sem Terra.",3,9,43
Alfredo Gaspar,@Alfredogaspar_,https://twitter.com/Alfredogaspar_/status/1659721197683195904,2023-05-20T00:42:24.000Z,Duas decisões do STF que vão impactar a sua segurança. Continuarei firmemente na Câmara dos Deputados lutando contra a impunidade!,12,23,146
Alfredo Gaspar,@Alfredogaspar_,https://twitter.com/Alfredogaspar_/status/1658638547824394240,2023-05-17T01:00:20.000Z,A cassação do deputado Deltan Dallagnol entrará para o lixo da história. Bandidos no trono e homens e mulheres decentes perseguidos. Chega de safadeza!!!,18,44,212
Alfredo Gaspar,@Alfredogaspar_,https://twitter.com/Alfredogaspar_/status/1656308840990744577,2023-05-10T14:42:55.000Z,Presidindo a audiência pública sobre a cooptação de jovens indígenas vulneráveis do Amazonas para Turquia.,0,2,19
Alfredo Gaspar,@Alfredogaspar_,https://twitter.com/Alfredogaspar_/status/1655370864248881152,2023-05-08T00:35:43.000Z,"Chegamos ao nosso primeiro trimestre como Deputado Federal. Já são mais de 100 proposições apresentadas, em defesa de Alagoas e do Brasil, sete relatorias e muito debate importante em defesa da nossa gente.  

Vamos em frente! 🚀",3,3,29
Alfredo Gaspar,@Alfredogaspar_,https://twitter.com/Alfredogaspar_/status/1654322250219175939,2023-05-05T03:08:54.000Z,"Havendo regulação das redes pelo STF, mesmo com um projeto sobre o assunto em análise na Câmara dos Deputados, a única saída honrosa para CD será delimitar mandato para membros da Corte.",12,9,60
Alfredo Gaspar,@Alfredogaspar_,https://twitter.com/Alfredogaspar_/status/1654251885644185603,2023-05-04T22:29:18.000Z,"Com independência do mandato e a consciência livre de pressões, pude lutar firmemente na Câmara contra 2 projetos ruins para a cidadania: Mudança do Marco do Saneamento e PL da Censura. O governo sofreu uma grande derrota e, desesperado, tenta mudar votos c verbas. Pobre Brasil!",9,7,69
Alfredo Gaspar,@Alfredogaspar_,https://twitter.com/Alfredogaspar_/status/1653534178066014211,2023-05-02T22:57:23.000Z,"Sem votos para aprovar censura pública e privada nas redes, governo entrega os pontos e pede retirada do PL 2630. NÃO À CENSURA!",15,14,88
Alfredo Gaspar,@Alfredogaspar_,https://twitter.com/Alfredogaspar_/status/1653375125469777921,2023-05-02T12:25:22.000Z,"90 dias de muito trabalho! Buscando medidas de combate à violência, contra a impunidade e a corrupção. Já apresentei mais de 100 proposições e ainda há muito trabalho pela frente. Seguirei honrando quem acredita em mim. Contem com Alfredo Gaspar!",8,5,26
