nome,usuario,idTweet,dataPublicacao,texto,replies,retweets,likes
Amália Barros,@amaliabarros,https://twitter.com/amaliabarros/status/1663287427509764098,2023-05-29T20:53:19.000Z,"Diante da entrada de um ditador procurado pela justiça americana em solo brasileiro, não podemos nos calar. Por isso, assim como os deputados Zé Trovão e Gustavo Gayer, solicitei oficialmente à embaixada americana que detenha esse criminoso em nosso país.",14,134,400
Amália Barros,@amaliabarros,https://twitter.com/amaliabarros/status/1663192813905870848,2023-05-29T14:37:22.000Z,"A chegada do ditador Nicolás Maduro a Brasília, coração da nossa política,
""esfrega"" na cara de cada cidadão brasileiro o quanto regredimos em termos de liderança presidencial.
E pensar que Bolsonaro jamais, repito,
JAMAIS deixaria isso acontecer!",0,6,89
Amália Barros,@amaliabarros,https://twitter.com/amaliabarros/status/1662851613256568832,2023-05-28T16:01:33.000Z,"Felizmente, assim como encontrei Michelle Bolsonaro uma força para atuar na política, tive no apoio do Thiago a força para lutar e descobrir meu verdadeiro propósito! 

E a missão do @plnacional_ é essa: trazer para a política mulheres de fibra que fazem acontecer! Filie-se!!",6,180,754
Amália Barros,@amaliabarros,https://twitter.com/amaliabarros/status/1662490369693569028,2023-05-27T16:06:06.000Z,"Tivemos uma vitória enorme instalando a CPMI do dia 8 de janeiro. Mas o PT fez o que pôde para conseguir dar relatoria e Vice-presidência da comissão aos aliados.

É lamentável? É! Mas vamos ficar em cima! Não vai ter sossego!!",41,374,958
Amália Barros,@amaliabarros,https://twitter.com/amaliabarros/status/1661871044884586497,2023-05-25T23:05:07.000Z,"O nosso país possui cerca de 12 milhões de pessoas com deficiência auditiva, e que necessitam de intérprete ou de algum recurso assistivo. Há quase 6 meses esses milhões de brasileiros estão sem saber o que está acontecendo no atual desgoverno!!!",27,381,979
Amália Barros,@amaliabarros,https://twitter.com/amaliabarros/status/1661547449318535176,2023-05-25T01:39:16.000Z,Parece piada... O AGRO não produz ARROZ? O que vocês acham dessa fala do deputado petista? 😡,16,80,285
Amália Barros,@amaliabarros,https://twitter.com/amaliabarros/status/1661544841287806980,2023-05-25T01:28:54.000Z,"URGENTE: Aprovada a urgência para apreciação do Marco Temporal (PL 490/08) na Câmara. O mérito será votado na próxima semana.

A proposta tem como objetivo defender agricultores diante das possibilidades de expropriações de terras, e deixar que a Câmara legisle sobre o assunto.",2,13,62
Amália Barros,@amaliabarros,https://twitter.com/amaliabarros/status/1661393538217656321,2023-05-24T15:27:41.000Z,Qual a opinião de vocês?,5,15,107
Amália Barros,@amaliabarros,https://twitter.com/amaliabarros/status/1660668163975938052,2023-05-22T15:25:18.000Z,"Lula já sugeriu ‘resolver’ os conflitos entre Rússia e Ucrânia tomando uma cervejinha, relativizando a guerra entre os dois países. Agora, no G7, ficou com medo de assumir as consequências de suas falas irresponsáveis e deu desculpa esfarrapada para não encontrar com Zelensky.",0,4,34
Amália Barros,@amaliabarros,https://twitter.com/amaliabarros/status/1660302903985176576,2023-05-21T15:13:53.000Z,"MUITO indignada com essa fala do Des. Raimundo Bogea. A sociedade avança no respeito e inclusão de pessoas com deficiências, mas parece que tem pessoas que se recusam a evoluir como autoridade e como ser humano. Lamentável!!",1,6,21
Amália Barros,@amaliabarros,https://twitter.com/amaliabarros/status/1660029553438236673,2023-05-20T21:07:42.000Z,"Michelle Bolsonaro está certa? 
Sim ou com certeza?",15,38,328
Amália Barros,@amaliabarros,https://twitter.com/amaliabarros/status/1659234369997881345,2023-05-18T16:27:55.000Z,"DESEMPREGO: só no primeiro trimestre do desgoverno liderado por Lula, a taxa de desemprego no Brasil já subiu para 8,8%, representando um aumento preocupante!!",0,7,44
Amália Barros,@amaliabarros,https://twitter.com/amaliabarros/status/1658991754194960385,2023-05-18T00:23:51.000Z,CPI DO MST INSTALADA!,24,217,1.134
Amália Barros,@amaliabarros,https://twitter.com/amaliabarros/status/1658929330423046144,2023-05-17T20:15:48.000Z,"CPI DO MST INSTALADA!!

Conseguimos instalar a CPI e, com o deputado @tencelzucco na presidência e deputado @rsallesmma na relatoria, vamos investigar as invasões de terras, descobrir o objetivo desses atos de vandalismo e punir os responsáveis e financiadores!",5,19,104
Amália Barros,@amaliabarros,https://twitter.com/amaliabarros/status/1658859361014366208,2023-05-17T15:37:46.000Z,"Aproveitei a audiência da Comissão da Pessoa com Deficiência para questionar mais uma vez: até quando os encontros, falas e  pronunciamentos de Lula ficarão sem intérpretes que se posicionem corretamente e em número suficiente??",3,13,78
Amália Barros,@amaliabarros,https://twitter.com/amaliabarros/status/1658847263119032320,2023-05-17T14:49:42.000Z,"Quero me solidarizar com o deputado @deltanmd, que foi cassado pelo TSE e estava fazendo um trabalho brilhante, representando seu estado, Paraná, e sendo forte oposição a este desgoverno.",3,7,40
Amália Barros,@amaliabarros,https://twitter.com/amaliabarros/status/1658527821822558219,2023-05-16T17:40:21.000Z,"Lula gastou 12,1 MILHÕES do dinheiro público em apenas 4 meses, sem prestar contas. Incluindo hospedagens em hotéis de luxo e compras desnecessárias de móveis de elite, sem transparência ou responsabilidade. 

Você concorda em arcar com as despesas excessivas do Descondenado?",0,12,45
Amália Barros,@amaliabarros,https://twitter.com/amaliabarros/status/1658451889174740993,2023-05-16T12:38:37.000Z,"Esta semana será de intenso trabalho: a Câmara deve instalar a CPI do MST, e o Senado a CPMI sobre os acontecimentos do dia 08/01. O objetivo é investigar os reais interesses com as invasões do MST e identificar os responsáveis pelos atos de vandalismo ocorridos no Planalto.",0,2,40
Amália Barros,@amaliabarros,https://twitter.com/amaliabarros/status/1658140784657412102,2023-05-15T16:02:24.000Z,"Escolha uma das opções:

a) Você está morto e não sabe
b) Ninguém foi no velório de ninguém 
c) BOLSONARO TEM RAZÃO!",9,14,49
Amália Barros,@amaliabarros,https://twitter.com/amaliabarros/status/1658136060344320000,2023-05-15T15:43:38.000Z,"Escolha uma das opções:

a) Você está morto e não sabe
b) Ninguém foi no velório de ninguém 
c) BOLSONARO TEM RAZÃO!",3,7,56
Amália Barros,@amaliabarros,https://twitter.com/amaliabarros/status/1657757869700177924,2023-05-14T14:40:50.000Z,Feliz dia das mães para todas as mamães de MT e do Brasil 🫶,4,18,306
Amália Barros,@amaliabarros,https://twitter.com/amaliabarros/status/1657168180366790660,2023-05-12T23:37:37.000Z,"AO VIVO! O projeto de Lei que aprovamos, e prevê os laudos permanentes para pessoas com deficiência e Transtorno do Espectro Autista (TEA), passou em rede nacional! 

Vamos assistir juntos? 😍",5,20,141
Amália Barros,@amaliabarros,https://twitter.com/amaliabarros/status/1657119003154829344,2023-05-12T20:22:12.000Z,"A justiça finalmente foi feita com o deputado Zé Trovão, colega de partido e   oposição importante a esse desgoverno!",10,11,111
Amália Barros,@amaliabarros,https://twitter.com/amaliabarros/status/1657083352996802560,2023-05-12T18:00:33.000Z,"Quanto mais mexe, mais estranho fica! Documentos obtidos comprovam que pelo menos 3 militantes de esquerda participaram dos atos de vandalismo no dia 08 de Janeiro. Agora,  por que esquerdistas estariam protestando contra a vitória de Lula??",4,8,76
Amália Barros,@amaliabarros,https://twitter.com/amaliabarros/status/1656771640892571651,2023-05-11T21:21:55.000Z,"Recebo com muita alegria a notícia da soltura do Ex-Ministro Torres. Arbitrariedades não podem acontecer em um Estado democrático de direito. 

É isso que nossa CPMI de 8 de Janeiro quer averiguar: quais os INOCENTES, os culpados e os verdadeiros MANDANTES dos atos de vandalismo.",2,5,50
Amália Barros,@amaliabarros,https://twitter.com/amaliabarros/status/1656765000155840513,2023-05-11T20:55:31.000Z,"Esses foram os 100 primeiros dias dos mais de 1700 que teremos pela frente! 

É olhando para todo esse trabalho que eu tenho certeza que vamos trilhar um lindo caminho: por um Mato Grosso mais forte, um país mais desenvolvido e uma população mais valorizada! Contem sempre comigo!",12,64,477
Amália Barros,@amaliabarros,https://twitter.com/amaliabarros/status/1656468153000513537,2023-05-11T01:15:58.000Z,"Vitória aos autistas e todas as pessoas com deficiência: laudo permanente aprovado! Muito me honra ser a relatora desse projeto e aprovar por unanimidade nosso texto substitutivo! 
Parabéns! Vitória da INCLUSÃO! 🤟🏻🧩👁️💛🙏🏻",25,131,729
Amália Barros,@amaliabarros,https://twitter.com/amaliabarros/status/1656315584596832261,2023-05-10T15:09:42.000Z,"Ela cuida do amor dela lá, eu cuido do meu amor aqui. ☺️Quem ama, cuida! Cuide dos amores de vocês com a linha de SkinCare da Michelle Bolsonaro! 💛",9,21,233
Amália Barros,@amaliabarros,https://twitter.com/amaliabarros/status/1655947702759493633,2023-05-09T14:47:53.000Z,"R$ 6,6 MILHÕES é o valor que o cidadão brasileiro está pagando para bancar os luxos de Lula e Janja na China. Você acha isso correto?",3,5,74
Amália Barros,@amaliabarros,https://twitter.com/amaliabarros/status/1655665247904997384,2023-05-08T20:05:30.000Z,"Da série: depois do “parafuso a menos” e sua fala capacitista, vem aí a falta de dente! 
É vergonha atrás de vergonha!",12,40,180
Amália Barros,@amaliabarros,https://twitter.com/amaliabarros/status/1655625111687385088,2023-05-08T17:26:01.000Z,"Segundo Lula, ninguém vai querer:

(  ) Um governo corrupto 
(  ) Censura nos meios de comunicação
(  ) Injustiças e impunidade  sobre o 8 de Janeiro 
( X ) Namorar uma pessoa sem o dente da frente.",0,2,17
Amália Barros,@amaliabarros,https://twitter.com/amaliabarros/status/1655537170608713735,2023-05-08T11:36:34.000Z,"Acreditem se quiser, mas aquele partido vermelho muito amigo de comunistas acionou a justiça porque o Google associou Lula à corrupção. Parece piada né? É por essa razão que o PL da Censura não pode passar de forma alguma. Caso contrário, o Brasil vai virar de fato uma ditadura!!",4,11,119
Amália Barros,@amaliabarros,https://twitter.com/amaliabarros/status/1654920275731914755,2023-05-06T18:45:15.000Z,TÁ CONFIRMADO: DIA 02 de JUNHO NOSSA AMADA MICHELLE BOLSONARO ESTARÁ EM MATO GROSSO!,96,984,5.037
Amália Barros,@amaliabarros,https://twitter.com/amaliabarros/status/1654642567454023682,2023-05-06T00:21:44.000Z,"DITADURA DA MORDAÇA, POR FLÁVIO DINO! 

Por favor, compartilhem!",62,777,1.900
Amália Barros,@amaliabarros,https://twitter.com/amaliabarros/status/1654579949058117635,2023-05-05T20:12:55.000Z,"Hoje é uma data especial para todas as pessoas com visão monocular, como eu!  Aproveitei para contar um pouco das nossas conquistas e daqueles que foram fundamentais para  nossos direitos se tornarem realidade. 💛",11,55,321
Amália Barros,@amaliabarros,https://twitter.com/amaliabarros/status/1654539679172120579,2023-05-05T17:32:54.000Z,"Google cancelado e multado por ser contra o PL da Censura, STF julgando o Marco Civil da Internet, Dino forçando a regulamentação  da internet, CACs perseguidos.. 

Ditaduras não surgem do dia para a noite. Olhem o cenário que está sendo montado. Essas pautas não podem avançar!",2,22,104
Amália Barros,@amaliabarros,https://twitter.com/amaliabarros/status/1654526427117518855,2023-05-05T16:40:14.000Z,"Tive a honra de ser citada no JP NEWS de ontem. Felizmente ainda temos veículos de comunicação com compromisso com a verdade dos fatos. 

Vocês assistiram? 😍",10,58,341
Amália Barros,@amaliabarros,https://twitter.com/amaliabarros/status/1654482879156453379,2023-05-05T13:47:11.000Z,"Mais um que fez o L e agora está arrependendo... O desgoverno Petista é mais do mesmo. Aliás, mais do nada.",2,21,81
Amália Barros,@amaliabarros,https://twitter.com/amaliabarros/status/1654155454358994947,2023-05-04T16:06:07.000Z,"Recebi com muita alegria a classificação do Ranking dos Políticos. Fui a deputada mais bem avaliada de Mato Grosso. Queremos continuar fazendo um mandato fiscalizador do Poder Executivo, ouvindo a população sempre, sem privilégios e economizando recursos públicos.

Obrigada MT 💚",7,10,155
Amália Barros,@amaliabarros,https://twitter.com/amaliabarros/status/1653552278731669504,2023-05-03T00:09:19.000Z,"A batalha não acabou! O relator do PL DA CENSURA retirou o projeto de pauta, porque sabia que teríamos maioria para derrubar essa aberração. A nossa luta pela liberdade continua, e por isso seu apoio é fundamental. Estamos no caminho certo!",8,28,192
Amália Barros,@amaliabarros,https://twitter.com/amaliabarros/status/1653437745845399558,2023-05-02T16:34:12.000Z,"ABUSO DE PODER! Mais uma das dezenas, centenas de amostras do que será o nosso futuro e o futuro das comunicações com o governo do PT: ditadura disfarçada de ""regulação"".",2,14,52
Amália Barros,@amaliabarros,https://twitter.com/amaliabarros/status/1653412184863416325,2023-05-02T14:52:38.000Z,PL 2630 NÃO#PLdaCensuraNão,6,31,101
Amália Barros,@amaliabarros,https://twitter.com/amaliabarros/status/1653385462893903874,2023-05-02T13:06:27.000Z,"Isso é uma amostra grátis do que acontecerá com aqueles que pensam diferente do governo, caso o PL da Censura seja aprovado!!",3,18,58
Amália Barros,@amaliabarros,https://twitter.com/amaliabarros/status/1653144772326879234,2023-05-01T21:10:02.000Z,"Temos dezenas de motivos para dizer NÃO ao projeto da Censura!!! 

Compartilhe essa postagem com todos os seus contatos, e cobre os seus deputados e senadores para votar NÃO ao PL 2630/20 ❌!!",44,1.045,2.540
Amália Barros,@amaliabarros,https://twitter.com/amaliabarros/status/1653054704530726912,2023-05-01T15:12:08.000Z,"Honrando cada um dos votos recebidos por essa população maravilhosa. Hoje é dia do trabalho... E amanhã? Amanhã também!! 

Contem sempre comigo! ;)",7,22,216
