nome,usuario,idTweet,dataPublicacao,texto,replies,retweets,likes
Ana Paula Junqueira Leão,@apjunqueira,https://twitter.com/apjunqueira/status/1663672624830902275,2023-05-30T22:23:57.000Z,Leite é agro!,1,0,1
Ana Paula Junqueira Leão,@apjunqueira,https://twitter.com/apjunqueira/status/1663616075466981378,2023-05-30T18:39:15.000Z,"Não seremos omissos a visitas indesejadas!

Sabemos da importância do Brasil para o mundo, lutamos diariamente para que possamos ser reconhecidos e valorizados pelo nosso potencial. 

Não podemos admitir um governo que receba de braços abertos um ditador que tem deixado a sua…",1,3,18
Ana Paula Junqueira Leão,@apjunqueira,https://twitter.com/apjunqueira/status/1661533520886374401,2023-05-25T00:43:55.000Z,"Fiz parte da comissão mista que aprovou hoje (24) a Medida Provisória 1154/23, que trata da reestruturação administrativa do governo Lula.",1,1,3
Ana Paula Junqueira Leão,@apjunqueira,https://twitter.com/apjunqueira/status/1661516343269531648,2023-05-24T23:35:40.000Z,Obrigada pela recepção!,0,0,3
Ana Paula Junqueira Leão,@apjunqueira,https://twitter.com/apjunqueira/status/1661212587860656129,2023-05-24T03:28:39.000Z,Mais de meia noite e acabamos de votar o Arcabouço Fiscal. Veja meu posicionamento. #AnaPaulaFederal #ArcabouçoFiscal,8,3,8
Ana Paula Junqueira Leão,@apjunqueira,https://twitter.com/apjunqueira/status/1661098529685753861,2023-05-23T19:55:25.000Z,"Se lembram daquela notícia lastimável e triste que postei aqui no início do mês? 

Como membro da Comissão Especial de Violência Obstétrica e Morte Materna, me sinto na obrigação de solicitar esclarecimentos e não deixar que casos como este sejam normalizados. 

Nenhuma mãe e…",0,0,3
Ana Paula Junqueira Leão,@apjunqueira,https://twitter.com/apjunqueira/status/1660625220330242048,2023-05-22T12:34:40.000Z,"Sou a favor da reforma agrária ordeira, sem violência e respeitando os direitos dos nossos produtores rurais. Esse foi o assunto da minha conversa com o apresentador Danilo Caixeta no programa Política Cruzada deste domingo. #CPIdoMST#SegurançaNoCampo",0,0,4
Ana Paula Junqueira Leão,@apjunqueira,https://twitter.com/apjunqueira/status/1659572947902668801,2023-05-19T14:53:18.000Z,"Temos muito trabalho pela frente. 
As reuniões na Câmara serão às terças e quintas.",2,1,6
Ana Paula Junqueira Leão,@apjunqueira,https://twitter.com/apjunqueira/status/1658973329259200516,2023-05-17T23:10:38.000Z,"Foi aprovado hoje na Câmara o PL que cria centros de assistência integral ao paciente com transtorno do espectro autista (TEA) no SUS. 

Fico feliz em ver uma pauta que Uberlândia é referência sendo difundida para o Brasil. Temos o primeiro Centro de Referência em Autismo de…",0,1,4
Ana Paula Junqueira Leão,@apjunqueira,https://twitter.com/apjunqueira/status/1658969056156819457,2023-05-17T22:53:39.000Z,"Sou membro da CPI do MST, instalada hoje (17), na Câmara dos Deputados. Não podemos deixar que o número de invasões continue crescendo. 

Vamos ao trabalho! 👊#CPIdoMST#SegurançaNoCampo#ProdutoresRurais",2,1,11
Ana Paula Junqueira Leão,@apjunqueira,https://twitter.com/apjunqueira/status/1657920380147728384,2023-05-15T01:26:35.000Z,"Lastimável ver um presidente que disse na sua posse que iria unir o país, se diminuindo a este ponto, causando divisões entre o agronegócio. O setor que alimenta o Brasil e o mundo. 

Como eu já disse outras vezes, pra mim não existe categorias quando se fala em produzir…",9,3,21
Ana Paula Junqueira Leão,@apjunqueira,https://twitter.com/apjunqueira/status/1656799939874136064,2023-05-11T23:14:22.000Z,"Em 100 dias de mandato, separei doze ações de destaque até agora. Meu compromisso é com Minas Gerais e nossa gente. 🔺🇧🇷O trabalho continua para um #MandatoQueTransforma. 🦁#AnaPaulaFederal #100Dias",1,0,4
Ana Paula Junqueira Leão,@apjunqueira,https://twitter.com/apjunqueira/status/1656301939959689217,2023-05-10T14:15:29.000Z,Minha entrevista para a #RádioCâmara! 🐄🐄,0,0,2
Ana Paula Junqueira Leão,@apjunqueira,https://twitter.com/apjunqueira/status/1656061887899918337,2023-05-09T22:21:36.000Z,"Com muito orgulho sou coordenadora de Mineração do BASALTO como FERTILIZANTE no Grupo de Trabalho da Frente Parlamentar da Mineração Sustentável. 

Sou uma DEFENSORA dessa riqueza que temos em Uberlândia e que deve ser expandida para todo o país. Bora trabalhar para isso! 🌱🪨🇧🇷…",0,1,6
Ana Paula Junqueira Leão,@apjunqueira,https://twitter.com/apjunqueira/status/1655959457975660544,2023-05-09T15:34:35.000Z,"É com tristeza que recebi a notícia do falecimento da cantora Rita Lee. Um sentimento inevitável diante do talento, carisma e contribuição dela para a música brasileira. 

Desejo muita força e conforto para a família, amigos e fãs da artista. Que a sua arte continue a inspirar e…",0,0,1
Ana Paula Junqueira Leão,@apjunqueira,https://twitter.com/apjunqueira/status/1655728705430331398,2023-05-09T00:17:39.000Z,"Não tenho palavras para descrever uma notícia dessa. Lamentável! 😔 

Espero que a conduta médica seja investigada. Como membro da Comissão Especial de Violência Obstétrica, levarei o caso para conhecimento e acompanhamento.

Meus sentimentos à família e que Deus receba essa…",0,4,3
Ana Paula Junqueira Leão,@apjunqueira,https://twitter.com/apjunqueira/status/1655572425139003395,2023-05-08T13:56:39.000Z,Lamentável. 😞,0,1,4
Ana Paula Junqueira Leão,@apjunqueira,https://twitter.com/apjunqueira/status/1654516396724813828,2023-05-05T16:00:23.000Z,"Graças a Deus é o FIM DA PANDEMIA! 

Foram tempos difíceis, de muita insegurança, medo e, infelizmente, muitas perdas. 
Eu trabalhei ativamente neste período de três anos. Estive no front da saúde municipal de Uberlândia e acompanhei de perto todas as fases da pandemia de…",2,1,2
Ana Paula Junqueira Leão,@apjunqueira,https://twitter.com/apjunqueira/status/1654212557974958081,2023-05-04T19:53:02.000Z,"Foi APROVADO na Câmara dos Deputados o PROJETO DE LEI que garante SALÁRIOS IGUAIS PARA HOMENS E MULHERES que exercem a mesma função. 

Como já disse em outra oportunidade, defendo e serei favorável a toda e qualquer matéria de equidade salarial.",2,1,7
Ana Paula Junqueira Leão,@apjunqueira,https://twitter.com/apjunqueira/status/1653909464632774656,2023-05-03T23:48:39.000Z,🔵 Meu posicionamento sobre o PROJETO DE LEI DAS FAKE NEWS (2630/2023) no Dia do Parlamento e no Dia Mundial da Liberdade de Imprensa. #AnaPaulaFederal #PLFakeNews #PL2630,7,3,12
Ana Paula Junqueira Leão,@apjunqueira,https://twitter.com/apjunqueira/status/1653500366728712195,2023-05-02T20:43:02.000Z,"Na reunião da @fpagropecuaria de hoje recebemos o ministro da Agricultura, Carlos Fávaro, para discutir os principais projetos da pasta para o ano e, claro, cobrei políticas públicas para o SETOR LEITEIRO e o PEQUENO PRODUTOR.  
O agro alimenta o Brasil e precisa ser valorizado!",1,0,3
