nome,usuario,idTweet,dataPublicacao,texto,replies,retweets,likes
Isnaldo Bulhões Jr,@bulhoesjr,https://twitter.com/bulhoesjr/status/1662182716232572930,2023-05-26T19:43:36.000Z,"Alagoas perde um dos grandes homens públicos que lutava incessantemente pelo direito da população menos favorecida. Omar Coelho foi um grande procurador, advogado e presidente da OAB que deixou sua marca com competência. Desejo força aos familiares neste momento difícil.",19,3,8
Isnaldo Bulhões Jr,@bulhoesjr,https://twitter.com/bulhoesjr/status/1661478706366513153,2023-05-24T21:06:07.000Z,Agradeço aos meus pares pela aprovação de nosso relatório referente a MP1154. Tentamos ao máximo ouvir todos afim de chegar num resultado equilibrado e coerente. Agora o texto segue para o plenário e lá poderemos garantir que a estrutura do governo siga atendendo a população.,127,5,11
Isnaldo Bulhões Jr,@bulhoesjr,https://twitter.com/bulhoesjr/status/1660078119884136448,2023-05-21T00:20:41.000Z,"O @GovernoAlagoas encerrou hoje a 1ª edição do #TemGovernoTrabalhando em nosso Alto Sertão, na querida Delmiro Gouveia. Em nome de todos os envolvidos, o parabenizo o governador @paulodantasal e a prefeita Ziane por esta grande ação de cidadania que mobilizou toda região! 👏🏼",31,1,3
Isnaldo Bulhões Jr,@bulhoesjr,https://twitter.com/bulhoesjr/status/1659339565436481536,2023-05-18T23:25:56.000Z,"Hoje é dia de reafirmar nosso combate vigilante ao abuso e a exploração sexual contra crianças e adolescentes. Seguimos trabalhando na Câmara dos Deputados para aprimorar e endurecer as leis, afim de inibir os criminosos que praticarem tamanha monstruosidade. Estamos atentos!",11,0,2
Isnaldo Bulhões Jr,@bulhoesjr,https://twitter.com/bulhoesjr/status/1655687029873623041,2023-05-08T21:32:03.000Z,"Hoje o Ministro da Fazenda, Fernando Haddad, tomou mais uma decisão acertada: indicar o atual secretário-executivo do ministério, Gabriel Galípolo, para assumir a diretoria de políticas monetárias. Não tenho dúvidas de que o Senado aprovará essa escolha. Ganha o país!",10,0,5
