nome,usuario,idTweet,dataPublicacao,texto,replies,retweets,likes
Marcelo Calero,@caleromarcelo,https://twitter.com/caleromarcelo/status/1663342641784799235,2023-05-30T00:32:43.000Z,É muita cremosidade! 🤤,9,2,54
Marcelo Calero,@caleromarcelo,https://twitter.com/caleromarcelo/status/1663224435971698688,2023-05-29T16:43:01.000Z,"Governo progressista da Espanha dissolvido. Eleições em 2 meses, e devem ser uma das mais disputadas da história. Resultado terá enorme influência no balanço de poder na Europa e no mundo. 
O voto dos espanhóis no exterior contará mais do que nunca. E por duas razões básicas 👇🏼",2,3,31
Marcelo Calero,@caleromarcelo,https://twitter.com/caleromarcelo/status/1662981038920937473,2023-05-29T00:35:51.000Z,"Feliz de ver que Montoro, na Andaluzia, lugar dos meus antepassados, se mantém socialista e reelege sua Prefeita, @lolaamocamino! 🙏🏼🙏🏼🙏🏼Enhorabuena, Alcaldesa! 🌹🌹🌹",7,2,95
Marcelo Calero,@caleromarcelo,https://twitter.com/caleromarcelo/status/1662974668100313089,2023-05-29T00:10:32.000Z,"Td mundo falando da Turquia. Mas o resultado das eleições municipais e autonômicas de hoje na Espanha são um alerta. Direita ganhou terreno, incluindo cidades historicamente socialistas, como Sevilla, e já avisou q não terá pudor em fazer acordos com a ultradireita franquista.",22,68,410
Marcelo Calero,@caleromarcelo,https://twitter.com/caleromarcelo/status/1660688771694641163,2023-05-22T16:47:11.000Z,"Posicionamento do Presidente do Governo espanhol (PM), @sanchezcastejon sobre os ataques racistas contra o @vinijr.
A firmeza do governo brasileiro tem sido fundamental para tirar a Espanha da acomodação e inércia.",2,16,182
Marcelo Calero,@caleromarcelo,https://twitter.com/caleromarcelo/status/1660419243299487744,2023-05-21T22:56:11.000Z,"Vemos aqui o Presidente da @LaLiga, @Tebasjavier, apoiador do neo-fascismo espanhol, querendo culpar a vítima. 
Postura típica de quem tem a extrema-direita xenófoba e franquista na veia e no voto. 
Que condições morais esse sujeito tem para presidir uma organização esportiva?",4,12,243
Marcelo Calero,@caleromarcelo,https://twitter.com/caleromarcelo/status/1660410845686317056,2023-05-21T22:22:49.000Z,"O Presidente da Liga, Javier Tebas, é apoiador de um partido chamado VOX, que nada mais é do que uma perigosíssima organização abertamente neo-fascista, franquista e xenófoba. Bolsonarismo europeu. Nojo.",16,70,680
Marcelo Calero,@caleromarcelo,https://twitter.com/caleromarcelo/status/1660023493017075713,2023-05-20T20:43:37.000Z,ATENÇÃO,0,0,21
Marcelo Calero,@caleromarcelo,https://twitter.com/caleromarcelo/status/1659636014783012868,2023-05-19T19:03:55.000Z,"BRAVOS DIPLOMATAS! Que em seu ofício cotidiano, evitaram um desatre ainda maior contra nossos interesses e nossa imagem. BRAVO!",7,10,156
Marcelo Calero,@caleromarcelo,https://twitter.com/caleromarcelo/status/1659366638074884101,2023-05-19T01:13:30.000Z,Primeira parte. O Bolsonarismo e o nazismo.,24,538,1.374
Marcelo Calero,@caleromarcelo,https://twitter.com/caleromarcelo/status/1659362005839429634,2023-05-19T00:55:06.000Z,"Lendo a notícia abaixo, só me lembro do excelente vídeo que o @cioclercaco produziu, a respeito das estreitas ligações entre nazismo e bolsonarismo (postarei na sequência).
Nada é por acaso.
Aliás, quem não se lembra do caso Alvim-Goebbels?",16,30,319
Marcelo Calero,@caleromarcelo,https://twitter.com/caleromarcelo/status/1659360572436086785,2023-05-19T00:49:24.000Z,"Cite algo que te fez rir por 3 dias úteis e que não tenha sido crime ou ofensa a qualquer minoria.

Eu:",21,62,365
Marcelo Calero,@caleromarcelo,https://twitter.com/caleromarcelo/status/1658969467664191494,2023-05-17T22:55:17.000Z,"Embaixadora Maria Luiza Viotti, uma das nossas gigantes! Orgulho máximo!",0,4,56
Marcelo Calero,@caleromarcelo,https://twitter.com/caleromarcelo/status/1658809842960564225,2023-05-17T12:21:00.000Z,"Hoje tive o prazer de conhecer a Secretária de Cultura de Paris, Aurélie Filippetti, ex-Ministra da Cultura da França. Falamos de modelos de gestão e muitas possibilidades de parceria e intercâmbio artístico.",2,2,180
Marcelo Calero,@caleromarcelo,https://twitter.com/caleromarcelo/status/1658485500670537728,2023-05-16T14:52:11.000Z,"Mais um que estava ""FECHADO COM O BOLSONARO"" e que agora ficará mais fechado ainda. Só que na cadeia.",4,21,221
Marcelo Calero,@caleromarcelo,https://twitter.com/caleromarcelo/status/1658234733153640450,2023-05-15T22:15:43.000Z,"40 anos, e vocês?",267,111,3.672
Marcelo Calero,@caleromarcelo,https://twitter.com/caleromarcelo/status/1658192880135970822,2023-05-15T19:29:25.000Z,A eleição já acabou mas o NORDESTE ainda não parou de nos trazer boas notícias,0,7,134
Marcelo Calero,@caleromarcelo,https://twitter.com/caleromarcelo/status/1658172838367354884,2023-05-15T18:09:46.000Z,"RIO CAPITAL MUNDIAL DO LIVRO EM 2025. 📚🌎Comecei minha semana na França, onde vamos ter uma agenda extensa de encontros na área de cooperação cultural, defendendo, na @unesco, a candidatura do Rio à Capital Mundial do Livro no ano de 2025! Vem saber mais desse assunto! 👇",6,10,205
Marcelo Calero,@caleromarcelo,https://twitter.com/caleromarcelo/status/1658114444835057664,2023-05-15T14:17:44.000Z,"Cara seguidora “patriota”

Se você acha que liderar O MAIOR INVESTIMENTO EM CULTURA DA HISTÓRIA DA CIDADE DO RIO, é motivo para “decepção”, eu só te digo uma coisa: EU AINDA VOU TE DECEPCIONAR DEMAIS!!!!",17,9,286
Marcelo Calero,@caleromarcelo,https://twitter.com/caleromarcelo/status/1657804793480617984,2023-05-14T17:47:17.000Z,"Dia dela! Nenhum agradecimento é suficiente! Todo amor do mundo, mãezinha ❤️❤️❤️",20,3,601
Marcelo Calero,@caleromarcelo,https://twitter.com/caleromarcelo/status/1657518083806822403,2023-05-13T22:48:01.000Z,"FLUP, sua linda 🌹",19,5,619
Marcelo Calero,@caleromarcelo,https://twitter.com/caleromarcelo/status/1657179316130574336,2023-05-13T00:21:52.000Z,"O MAIOR INVESTIMENTO EM CULTURA DA HISTÓRIA DA CIDADE DO RIO!

Hoje, sob o comando do prefeito @eduardopaes, botamos na rua o programa ""Viva a Cultura Carioca"". 🧶👇",5,9,248
Marcelo Calero,@caleromarcelo,https://twitter.com/caleromarcelo/status/1657171648460496896,2023-05-12T23:51:24.000Z,Hahahhaha a carapuça,0,5,103
Marcelo Calero,@caleromarcelo,https://twitter.com/caleromarcelo/status/1657049993209946112,2023-05-12T15:47:59.000Z,Um orgulho e honra imensos ter estado com meus colegas diplomatas!,3,1,77
Marcelo Calero,@caleromarcelo,https://twitter.com/caleromarcelo/status/1656738795692097563,2023-05-11T19:11:24.000Z,🤣🤣🤣 estão perdidinhos,5,6,129
Marcelo Calero,@caleromarcelo,https://twitter.com/caleromarcelo/status/1656278025040805892,2023-05-10T12:40:27.000Z,"Essa galera abraçou um projeto político que sempre teve como base o pensamento macabro de que “bandido bom é bandido morto”.

Agora, ao ver os seus militantes criminosos sentindo o peso da lei, parece que mudaram de ideia.",31,61,501
Marcelo Calero,@caleromarcelo,https://twitter.com/caleromarcelo/status/1656011708677214208,2023-05-09T19:02:13.000Z,"Isso é um crime. Telegram mandando essa mensagem suja para os usuários.
É por essas e outras  que o PL2630/2020 precisa ser aprovado!",15,39,279
Marcelo Calero,@caleromarcelo,https://twitter.com/caleromarcelo/status/1655939090406330369,2023-05-09T14:13:39.000Z,"Que perda imensa. Estará na história de cada um, nas trilhas sonoras de nossas vidas! 🌹🌹🌹",2,1,139
Marcelo Calero,@caleromarcelo,https://twitter.com/caleromarcelo/status/1655934032742592515,2023-05-09T13:53:33.000Z,"Para além do legado que o David marca na política brasileira, ele deixa, também, na nossa memória, esse sorriso imenso, intenso, autêntico e genuíno. 1/2",3,18,711
Marcelo Calero,@caleromarcelo,https://twitter.com/caleromarcelo/status/1654865480333643776,2023-05-06T15:07:31.000Z,Ser vacinado DE VERDADE sem fraude. GOSTOSO DEMAIS!,863,384,7.694
Marcelo Calero,@caleromarcelo,https://twitter.com/caleromarcelo/status/1654839390764400640,2023-05-06T13:23:50.000Z,"Espanha anuncia medidas de subsídio direto para estimular o turismo interno dos jovens do país. Vão pagar metade do bilhete de trem.
Aqui, os vira-latas e carniceiros de plantão só faltaram se flagelar em praça pública qdo o governo anunciou que estudava medidas semelhantes.",8,9,132
Marcelo Calero,@caleromarcelo,https://twitter.com/caleromarcelo/status/1654247581319323649,2023-05-04T22:12:12.000Z,O xadrez 4D pra explicar isso aqui será interessante. Eu aposto na teoria de que vão falar que ele estava chapado de chá de fita. E vocês? Quais são os palpites?,22,37,295
Marcelo Calero,@caleromarcelo,https://twitter.com/caleromarcelo/status/1654246263934656512,2023-05-04T22:06:58.000Z,Ficaram cometendo crimes por aí e queriam ganhar o que? Um iPhone?,7,6,134
Marcelo Calero,@caleromarcelo,https://twitter.com/caleromarcelo/status/1654217188281073665,2023-05-04T20:11:26.000Z,NÃO COMPARTILHEM ESSE VÍDEO!!!!! Não deixem que ele chegue até o Ministro Alexandre de Moraes 😬,66,753,2.624
Marcelo Calero,@caleromarcelo,https://twitter.com/caleromarcelo/status/1653891337001861126,2023-05-03T22:36:37.000Z,"Apreender as armas para que, em uma eventual prisão, ele não abra fogo contra a PF (como fez o Roberto Jefferson), e depois alegue que estava chapado de remédio.

Obrigado, Xandão 🇧🇷👍",2,21,144
Marcelo Calero,@caleromarcelo,https://twitter.com/caleromarcelo/status/1653795814039232514,2023-05-03T16:17:02.000Z,"Quais militares estariam “irritados”?
Certamente não serão os bons militares.
Porque, como em qualquer corporação, existem os bons e os maus militares.
Os bons militares estão comemorarando essa prisão. 
Um quisto foi exposto e extirpado, com todo seu histórico de delinquência.",4,9,146
Marcelo Calero,@caleromarcelo,https://twitter.com/caleromarcelo/status/1653785735831646210,2023-05-03T15:36:59.000Z,Zé gotinha hoje tá como,34,321,2.087
Marcelo Calero,@caleromarcelo,https://twitter.com/caleromarcelo/status/1653756739307687940,2023-05-03T13:41:46.000Z,"Abandonou o lambe-botas Cid de forma instantânea. 
Vamos ver quanto tempo o passarinho leva pra começar a piar…
TIC TOC deliquente genocida",7,11,157
Marcelo Calero,@caleromarcelo,https://twitter.com/caleromarcelo/status/1653751426307293184,2023-05-03T13:20:39.000Z,"O Bolsonaro foi um falso cristão, um falso democrata e um falso defensor da liberdade.

Curiosamente, coube ao destino derruba-lo pelas as suas únicas características verdadeiras, ser antivacina e contra a ciência.",10,113,714
Marcelo Calero,@caleromarcelo,https://twitter.com/caleromarcelo/status/1653167128839634946,2023-05-01T22:38:52.000Z,"Vergonha.
Aproveito para esclarecer que sou TOTALMENTE A FAVOR do PL 2630.",159,430,2.279
