nome,usuario,idTweet,dataPublicacao,texto,replies,retweets,likes
Capitão Alberto Neto,@capalbertoneto,https://twitter.com/capalbertoneto/status/1658638008180957184,2023-05-17T00:58:11.000Z,"O Brasil segue na contramão da justiça. O TSE acatou o pedido do governo do PT e cassa o Deputado Federal Deltan Dallagnol.

Estamos vivendo tempos obscuros no que se refere à justiça, bandidos sendo soltos e homens da lei sendo perseguidos abertamente.",47,7,34
Capitão Alberto Neto,@capalbertoneto,https://twitter.com/capalbertoneto/status/1656794966088089605,2023-05-11T22:54:36.000Z,"A justiça começa a prevalecer! 

O Ex-ministro, Anderson Torres, preso desde no dia 14 de janeiro, acaba de receber seu alvará de soltura.

Ele ainda terá que usar tornozeleira eletrônica e teve os passaportes cancelados…",5,7,26
Capitão Alberto Neto,@capalbertoneto,https://twitter.com/capalbertoneto/status/1653895454889852938,2023-05-03T22:52:58.000Z,"Governo sofre mais uma derrota. Acabamos de aprovar a urgência do PDL que revoga o decreto do governo Lula que prejudica o Marco do Saneamento Básico, aprovado no Governo Bolsonaro. Não iremos deixar que este governo continue prejudicando o povo",14,15,54
Capitão Alberto Neto,@capalbertoneto,https://twitter.com/capalbertoneto/status/1653782767639863296,2023-05-03T15:25:12.000Z,"Estão criando artifícios para justificar uma operação policial, mas a verdade vai prevalecer.",7,6,26
Capitão Alberto Neto,@capalbertoneto,https://twitter.com/capalbertoneto/status/1653530403045613568,2023-05-02T22:42:23.000Z,"Atenção! 
Relator do PL da Censura, deputado Orlando Silva, acaba de pedir para que o projeto seja retirado de pauta da votação de hoje!",13,11,45
Capitão Alberto Neto,@capalbertoneto,https://twitter.com/capalbertoneto/status/1653527557529128961,2023-05-02T22:31:05.000Z,"#naoaoPL2630 
Não podemos deixar que o direito à liberdade de expressão seja retirado dos brasileiros.",12,21,104
Capitão Alberto Neto,@capalbertoneto,https://twitter.com/capalbertoneto/status/1653525579071647744,2023-05-02T22:23:13.000Z,"Governo Lula tá jogando pesado p/ legalizar a Censura no nosso País. O Governo acaba de liberar 10 bilhões em emendas p/ deputados e senadores. 

Vamos ficar de olho? Daqui a pouco tem votação do PL da Censura. 

Cobra teu deputado, ñ vamos deixar a censura voltar ao nosso País.",5,11,26
Capitão Alberto Neto,@capalbertoneto,https://twitter.com/capalbertoneto/status/1653467726122237972,2023-05-02T18:33:20.000Z,"O PL 2630 não está de acordo com o que o Brasil realmente precisa hoje. 

Nós, que somos a oposição, estamos trabalhando para apresentar o PL 2120/23 do Deputado Mendonça Filho, como um projeto alternativo no lugar do PL da Censura.",4,4,22
Capitão Alberto Neto,@capalbertoneto,https://twitter.com/capalbertoneto/status/1653409354366722048,2023-05-02T14:41:23.000Z,Iniciamos o dia com a bancada reunida em defesa da DEMOCRACIA!,3,3,25
Capitão Alberto Neto,@capalbertoneto,https://twitter.com/capalbertoneto/status/1653036398377680896,2023-05-01T13:59:23.000Z,"O melhor programa social é o emprego.

Hoje celebramos o Dia dos Trabalhadores,  esses guerreiros incansáveis, que merecem todo nosso esforço para assegurar melhores condições e mais valorização de seu trabalho… ⏭️",5,3,15
