nome,usuario,idTweet,dataPublicacao,texto,replies,retweets,likes
Carlos Veras,@carlosveraspt,https://twitter.com/carlosveraspt/status/1663691764480319490,2023-05-30T23:40:01.000Z,"É um enorme retrocesso a aprovação do PL 490 pela Câmara. Eu e toda a bancada do Partido dos Trabalhadores votamos contra essa proposta! O Governo também orientou contra a matéria que, na prática, representa um ataque aos direitos dos povos originários.",2,11,36
Carlos Veras,@carlosveraspt,https://twitter.com/carlosveraspt/status/1663566802528419840,2023-05-30T15:23:27.000Z,#PL490Não: o projeto representa uma grave violação aos direitos dos povos originários. Seguimos na luta contra essa proposta que ameaça as terras e a cultura dos povos indígenas do Brasil.,1,6,12
Carlos Veras,@carlosveraspt,https://twitter.com/carlosveraspt/status/1661815359416967180,2023-05-25T19:23:51.000Z,"Defesa da democracia: a #CPMIdoGolpe vai chegar aos idealizadores e financiadores de todo o processo que culminou no 8 de janeiro. Os terroristas, que depredaram o patrimônio, não agiram sozinhos, foram patrocinados e incentivados por anos de discurso de ódio e serão punidos.",14,66,153
Carlos Veras,@carlosveraspt,https://twitter.com/carlosveraspt/status/1661697976752807941,2023-05-25T11:37:25.000Z,No dia 8 de janeiro o ódio espalhado durante 4 anos por Bolsonaro e seus aliados virou um verdadeiro terror para a população. Terroristas invadiram e depredaram os Três Poderes em uma tentativa de golpe. É hora de investigar aqueles que são contra a democracia! #CPMIdoGolpe,1,2,15
Carlos Veras,@carlosveraspt,https://twitter.com/carlosveraspt/status/1661553095447396353,2023-05-25T02:01:42.000Z,"Votei NÃO à urgência do PL 490/07, que define, por lei, a tese do Marco Temporal, e impede a demarcação de terras indígenas. O mérito deve ser apreciado na próxima semana. É preciso lutar contra essa proposta inconstitucional, que fere os direitos dos povos originários.#PL490NAO",3,9,30
Carlos Veras,@carlosveraspt,https://twitter.com/carlosveraspt/status/1661493185242181634,2023-05-24T22:03:39.000Z,"CPMI do Golpe: os extremistas serão responsabilizados! Vamos investigar e revelar toda a verdade, inclusive sobre quem tramou e financiou o ataque contra a democracia brasileira; sobre quem garantiu transporte, alimentação, estrutura física por meses.",2,8,36
Carlos Veras,@carlosveraspt,https://twitter.com/carlosveraspt/status/1661339651800461314,2023-05-24T11:53:33.000Z,"Alerta para as fortes chuvas na Região Metropolitana do Recife e na Mata Sul.
Todo cuidado é pouco para quem está em área  de risco. Procure a Defesa Civil do estado (199) ou do seu município. É importante também, quem puder, evitar deslocamentos.",0,0,5
Carlos Veras,@carlosveraspt,https://twitter.com/carlosveraspt/status/1661199938984787971,2023-05-24T02:38:23.000Z,"Aprovamos agora na Câmara, com 372 votos favoráveis, o Novo Regime Fiscal Sustentável. Políticas públicas fundamentais estão novamente garantidas no orçamento do Governo. É possível, sim, combinar responsabilidade social e responsabilidade fiscal.",1,1,8
Carlos Veras,@carlosveraspt,https://twitter.com/carlosveraspt/status/1661162572932841473,2023-05-24T00:09:54.000Z,"Aprovamos agora na Câmara, por unanimidade, moção de repúdio à “La Liga”, e ao seu presidente, Javier Tebas, pelos atos de racismo contra Vini Jr, e moções de solidariedade ao jogador. @vinijr, você é um gigante! E não está sozinho! Racismo é crime, e deve ser repudiado e punido!",0,2,10
Carlos Veras,@carlosveraspt,https://twitter.com/carlosveraspt/status/1661029616348438531,2023-05-23T15:21:35.000Z,"O @MST_Oficial desempenha papel fundamental no resgate da cultura alimentar. Na CPI do MST, nosso time de parlamentares petistas demonstrará a força e a importância desse movimento, que contribui tanto no fortalecimento da agricultura familiar e da alimentação saudável. #ToComMST",0,9,43
Carlos Veras,@carlosveraspt,https://twitter.com/carlosveraspt/status/1660787463604903944,2023-05-22T23:19:21.000Z,"É fundamental articular diferentes e novas estratégias entre produção e consumo. A alocação da Companhia Nacional de Abastecimento, da Ceasa Minas e da Ceagesp no MDA possibilita a criação de condições efetivas para a execução de ações de abastecimento alimentar.#FicaConab",0,3,16
Carlos Veras,@carlosveraspt,https://twitter.com/carlosveraspt/status/1659685556601626625,2023-05-19T22:20:46.000Z,"Parabenizo Edilázio Wanderley e Gustavo Melo por assumirem, provisoriamente, a Superintendência da CODEVASF-Petrolina. Pernambuco só ganha com a decisão do presidente Lula de implantar uma unidade da companhia no Recife para melhor capilarizar suas ações para todo o Estado.",0,7,17
Carlos Veras,@carlosveraspt,https://twitter.com/carlosveraspt/status/1659003414066388992,2023-05-18T01:10:11.000Z,"Meu apoio e solidariedade ao Sintepe e à luta das trabalhadoras e dos trabalhadores da educação de Pernambuco. O reajuste do piso salarial não pode contemplar apenas uma parcela da categoria, como prevê o projeto enviado pela governadora Raquel Lyra à Assembleia Legislativa.",1,5,16
Carlos Veras,@carlosveraspt,https://twitter.com/carlosveraspt/status/1658946429832900608,2023-05-17T21:23:45.000Z,"Arcabouço fiscal: urgência aprovada! Foram 367 votos favoráveis, que permitem a análise do mérito já na próxima semana. A proposta combina responsabilidade fiscal e social e é fundamental para o desenvolvimento do Brasil.",0,3,8
Carlos Veras,@carlosveraspt,https://twitter.com/carlosveraspt/status/1658917924134965248,2023-05-17T19:30:28.000Z,"Este sim é um ótimo Powerpoint: um governo preocupado em melhorar a vida da população, que retomou e  fortaleceu políticas públicas em áreas fundamentais como saúde, educação, combate à fome, moradia. O presidente @LulaOficial voltou para fazer muito mais pelo povo brasileiro.",0,4,16
Carlos Veras,@carlosveraspt,https://twitter.com/carlosveraspt/status/1658878048471482384,2023-05-17T16:52:01.000Z,O MST é um dos mais importantes movimentos populares do Brasil. É o maior produtor de arroz orgânico na América Latina. Sua atuação em defesa da Reforma Agrária Agroecológica produz alimento saudável para milhares de famílias brasileiras.,4,25,109
Carlos Veras,@carlosveraspt,https://twitter.com/carlosveraspt/status/1658570159236304917,2023-05-16T20:28:35.000Z,"A LAI é uma conquista do povo brasileiro e fundamental para o fortalecimento das políticas de transparência pública e para a consolidação do regime democrático brasileiro. No mês em que a LAI completa 11 anos, o presidente Lula assina decreto que atualiza a regulamentação da Lei.",1,2,11
Carlos Veras,@carlosveraspt,https://twitter.com/carlosveraspt/status/1658494573843480579,2023-05-16T15:28:14.000Z,"Gasolina em real: A Petrobras anunciou hoje o fim da política de Preço de Paridade de Importação (PPI). Os preços vão cair 12,6%, cerca de R$ 0,40 centavos por litro de gasolina e R$ 0,44 para o diesel. A redução no valor do gás de cozinha vai ser de R$ 8,97 por botijão de 13kg.",2,2,12
Carlos Veras,@carlosveraspt,https://twitter.com/carlosveraspt/status/1658256557321211904,2023-05-15T23:42:26.000Z,"Depois de uma longa luta, o piso nacional da enfermagem é agora uma realidade. O ministro Luís Roberto Barroso, do STF, acaba de restabelecer o piso da categoria, depois que o governo do presidente Lula garantiu recursos para o pagamento por estados e municípios.",0,1,10
Carlos Veras,@carlosveraspt,https://twitter.com/carlosveraspt/status/1658201188964114448,2023-05-15T20:02:25.000Z,"2630: A verdade é que os principais opositores do PL são exatamente aqueles que mais propagam ódio e desinformação na internet, além das próprias empresas, que lucram bilhões com esse tipo de conteúdo. A regulamentação é fundamental. A internet não pode ser uma terra sem lei!",0,2,8
Carlos Veras,@carlosveraspt,https://twitter.com/carlosveraspt/status/1658072013947166721,2023-05-15T11:29:08.000Z,"A Conab contribui para a segurança alimentar, o equilíbrio dos preços e o desenvolvimento sustentável do país, por isso, deve andar junto com a agricultura familiar. Conab é no MDA!#FicaConab",0,3,8
Carlos Veras,@carlosveraspt,https://twitter.com/carlosveraspt/status/1657725253802512384,2023-05-14T12:31:14.000Z,"Brasil Mãe é o Brasil que cuida das famílias. O Brasil que alimenta, educa, protege, abriga e respeita filhos, filhas e mães! Mais da metade das famílias no Brasil são cuidadas só por mães. O Governo Lula voltou para ajudar! #BrasilMãe",0,5,11
Carlos Veras,@carlosveraspt,https://twitter.com/carlosveraspt/status/1656715606597459968,2023-05-11T17:39:15.000Z,"Recebi do meu partido, o PT, a importante indicação para integrar a CPMI do 8 de janeiro. Vamos trabalhar para revelar toda a verdade sobre quem idealizou, financiou, incentivou e participou dos atos golpistas. Agradeço ao líder @zeca_dirceu e aos colegas pela confiança.",3,9,67
Carlos Veras,@carlosveraspt,https://twitter.com/carlosveraspt/status/1656014788743372817,2023-05-09T19:14:27.000Z,"Em mais uma iniciativa antidemocrática por parte das plataformas, o App Telegram está em campanha aberta contra o PL 2630. Usuários estão relatando envio de mensagem incisiva contra a proposta. O aplicativo não deixa claro que se trata de propaganda. #PL2630SIM",1,4,16
Carlos Veras,@carlosveraspt,https://twitter.com/carlosveraspt/status/1655956078960705542,2023-05-09T15:21:10.000Z,"Soube agora do falecimento da cantora Rita Lee, a rainha do rock nacional. A cantora, compositora e multiinstrumentista, reconhecida pela ousadia e bom humor, seguirá na nossa memória.",2,2,9
Carlos Veras,@carlosveraspt,https://twitter.com/carlosveraspt/status/1655914409842159616,2023-05-09T12:35:35.000Z,"Lamento a morte tão precoce do ex deputado David Miranda, na manhã de hoje. David foi um grande defensor dos direitos humanos, especialmente das pessoas LGBTQIA+. Ele travou uma grande batalha nos últimos nove meses pela vida. Meus sentimentos ao seu marido, filhos e familiares.",1,7,32
Carlos Veras,@carlosveraspt,https://twitter.com/carlosveraspt/status/1654143306631204864,2023-05-04T15:17:51.000Z,"Aprovamos agora na Câmara o  PL 1085/2023, que obriga a igualdade salarial e remuneratória entre mulheres e homens e cria meios para que a desigualdade seja verificada, punida e sanada, contribuindo para a garantia de direitos das trabalhadoras. #IgualdadeSalarialJá",1,9,25
Carlos Veras,@carlosveraspt,https://twitter.com/carlosveraspt/status/1653749983743549442,2023-05-03T13:14:55.000Z,Urgente: Mauro Cid e mais cinco pessoas ligadas ao ex-presidente foram presas em operação da PF hoje cedo em Brasília. Mandado de busca e apreensão também foi realizado na casa de Bolsonaro.,1,0,3
Carlos Veras,@carlosveraspt,https://twitter.com/carlosveraspt/status/1653373515666452481,2023-05-02T12:18:58.000Z,Tem muita fake news nas redes sobre o PL 2630. A proposta tem como objetivo exatamente proteger a sociedade desse tipo de conteúdo produzido com a intenção de desinformar. #PL2630sim #InternetSegura #PLContraFake,5,3,13
