nome,usuario,idTweet,dataPublicacao,texto,replies,retweets,likes
Zarattini,@CarlosZarattini,https://twitter.com/CarlosZarattini/status/1663679449517178886,2023-05-30T22:51:05.000Z,"Retrocesso! Estão passando o trator e a boiada na demarcação das terras indígenas, nas florestas do nosso país com essa aprovação dos PL 490. Mas não recuaremos! Vamos lutar para que essa proposta criminosa seja barrada no Senado e no STF. #PL490Nao",5,35,108
Zarattini,@CarlosZarattini,https://twitter.com/CarlosZarattini/status/1663679346039566342,2023-05-30T22:50:40.000Z,"A boiada passou aqui na Câmara dos Deputados!
O lobby dos madeireiros, grileiros e ruralistas ávidos por explorar terras indígenas venceu! A aprovação do Marco Temporal é um duro golpe no meio ambiente e na luta pela preservação das nossas riquezas.",18,69,197
Zarattini,@CarlosZarattini,https://twitter.com/CarlosZarattini/status/1663605303491850241,2023-05-30T17:56:27.000Z,"Hoje é dia de guerra no Congresso! Temos que mobilizar contra a aprovação do projeto 490, que institui o marco temporal das terras indígenas. Se aprovada a proposta, muitas terras serão reduzidas, extintas e novas demarcações serão prejudicadas. Todos nós que defendemos o meio…",18,133,319
Zarattini,@CarlosZarattini,https://twitter.com/CarlosZarattini/status/1663288853384290304,2023-05-29T20:58:59.000Z,"Alerta: Supergasbras e Ultragaz, empresas distribuidoras de gás, estão se juntando para dominar 75% do mercado de botijão de gás. Um crime contra o consumidor porque essa formação de monopólio vai significar aumento de preço.",4,25,50
Zarattini,@CarlosZarattini,https://twitter.com/CarlosZarattini/status/1663287009211822081,2023-05-29T20:51:40.000Z,"Na cara dura, o governador bolsonarista Tarcísio está tentando passar a boiada. Ele quer vender terras públicas ocupadas irregularmente a preço de banana. Tudo isso para beneficiar aliados ruralistas milionários. Um crime contra São Paulo! A Lei que permite essa farra está sendo…",3,79,158
Zarattini,@CarlosZarattini,https://twitter.com/CarlosZarattini/status/1663275511152295984,2023-05-29T20:05:58.000Z,São Paulo: Governador Tarcísio está passando a boiada por aqui. Está a todo vapor na privatização da Sabesp e do metrô de São Paulo.,2,27,51
Zarattini,@CarlosZarattini,https://twitter.com/CarlosZarattini/status/1663275039095963679,2023-05-29T20:04:06.000Z,"ALERTA TOTAL: Embraer já torrou R$ 800 milhões (e vai seguir gastando) com a empresa americana Boeing. Esse é o resultado da sanha entreguista de Michel Temer. Uma venda criminosa que segue causando prejuízos bilionários ao Brasil, a Embraer e a indústria nacional. Congresso e o…",56,484,1.731
Zarattini,@CarlosZarattini,https://twitter.com/CarlosZarattini/status/1663273905572700160,2023-05-29T19:59:35.000Z,Alerta: duas grandes empresas estão se juntando para dominar 70% do mercado de botijão de gás. Um crime contra o consumidor porque essa formação de monopólio vai significar aumento de preço. Vamos investigar porque o Cade autorizou a formação de consórcio entre as engarrafadoras…,73,913,3.670
Zarattini,@CarlosZarattini,https://twitter.com/CarlosZarattini/status/1663273327333392395,2023-05-29T19:57:18.000Z,"Se aprovado o Marco Temporal, várias terras indígenas serão reduzidas, extintas e novas demarcações serão prejudicadas. Essas áreas são fundamentais para a proteção da Mata Atlântica e da Amazônia. Quem defende o meio ambiente precisa lutar contra essa proposta. #PL490Não",23,31,89
Zarattini,@CarlosZarattini,https://twitter.com/CarlosZarattini/status/1663240664757202946,2023-05-29T17:47:30.000Z,"Semana importante para o Brasil, para o governo: aprovação da MP de reorganização do governo, barrar o Marco Temporal das terras indígenas. Os progressistas precisam ficar atentos.",11,17,53
Zarattini,@CarlosZarattini,https://twitter.com/CarlosZarattini/status/1663205575457480704,2023-05-29T15:28:04.000Z,"Toda semana vem à tona um escândalo do desgoverno de Bolsonaro. Bistecas e pescoço de galinha superfaturados, vacinas jogadas no lixo, joias bilionárias, rombo na Caixa e por aí vai. Bolsonaro atuou por 4 anos para destruir o país e nosso povo.",4,27,78
Zarattini,@CarlosZarattini,https://twitter.com/CarlosZarattini/status/1663205236280811521,2023-05-29T15:26:43.000Z,Mais uma grave denúncia: Bolsonaro provocou calote bilionário na Caixa Econômica Federal para tentar se reeleger. Ele torrou dinheiro público na sua sanha por manter-se no poder. Todas essas denúncias precisam ser investigadas e Bolsonaro precisa PAGAR por isso!,9,25,73
Zarattini,@CarlosZarattini,https://twitter.com/CarlosZarattini/status/1663286578364526594,2023-05-29T20:49:57.000Z,"É só alegria: mais uma promessa cumprida.  O preço da carne vermelha está baixando mês a mês. É o governo Lula garantindo carne no prato do povo. 
Faz o L!🌟",3,11,54
Zarattini,@CarlosZarattini,https://twitter.com/CarlosZarattini/status/1662967765815238657,2023-05-28T23:43:06.000Z,"Essa semana também terá CPMI do Golpe e os bolsonaristas tentando se livrar da ligação aos atos do 8 de janeiro. A estratégia deles é negar as evidências. Mas, não cola.",4,12,98
Zarattini,@CarlosZarattini,https://twitter.com/CarlosZarattini/status/1662967356887318528,2023-05-28T23:41:28.000Z,A Câmara quer votar nesta semana o Marco Temporal. Não podemos permitir esse crime contra os povos indígenas. A sociedade precisa se unir e pressionar! #NaoAOPL490,6,48,138
Zarattini,@CarlosZarattini,https://twitter.com/CarlosZarattini/status/1662966796150886400,2023-05-28T23:39:15.000Z,"Durante os 4 anos do seu desgoverno, Bolsonaro não foi nada republicano e criou instabilidade durante todo o tempo. Mas agora que o cerco se fecha, ele quer vender posição democrática. Não cola!",10,26,130
Zarattini,@CarlosZarattini,https://twitter.com/CarlosZarattini/status/1662966492911095808,2023-05-28T23:38:02.000Z,"Parece que Bolsonaro agora quer mudar o discurso. Quer amenizar os ataques que fez ao STF. Mas não se enganem. Isso tudo é medo da inelegibilidade. Se ele perder seus processos no TSE, seus defensores vão recorrer ao STF.",5,19,83
Zarattini,@CarlosZarattini,https://twitter.com/CarlosZarattini/status/1662805461899309056,2023-05-28T12:58:10.000Z,Marco temporal de terras indígenas: um crime contra os povos originários #MarcoTemporalNão #PL490Não,8,62,139
Zarattini,@CarlosZarattini,https://twitter.com/CarlosZarattini/status/1662570153966460929,2023-05-27T21:23:08.000Z,"A venda da Embraer para a Boeing foi autorizada pelo governo Temer. Nós alertamos que seria um enorme prejuízo para o país. Desfeito o negócio, ficamos sabendo que a Embraer já torrou R$800 milhões com a Boeing. O governo brasileiro tem a “golden share” da Embraer. Precisa…",81,666,3.064
Zarattini,@CarlosZarattini,https://twitter.com/CarlosZarattini/status/1662566641786388483,2023-05-27T21:09:11.000Z,"A Embraer já gastou mais de R$ 800 milhões com o frustrado negócio com a empresa americana Boeing. Além disso, a Boeing está sendo alvo de processo na Justiça Federal por ações que têm feito para enfraquecer a empresa brasileira, ameaçando a soberania nacional.",6,20,65
Zarattini,@CarlosZarattini,https://twitter.com/CarlosZarattini/status/1662566356506509320,2023-05-27T21:08:03.000Z,"Os pais dos alunos de SP dizem também que seus filhos estão sem comer a merenda na escola por não terem o hábito de comer lentilha ou grão de bico, usados na substituição ao feijão. É preciso providências urgentes para pôr fim a esse absurdo que mostra a incompetência da gestão…",6,36,138
Zarattini,@CarlosZarattini,https://twitter.com/CarlosZarattini/status/1662566022908346369,2023-05-27T21:06:43.000Z,"Faltar feijão na merenda escolar afeta na alimentação de milhares de alunos, principalmente daqueles que estão em situação de insegurança alimentar. Alô prefeito, cuide das nossas crianças.",2,19,64
Zarattini,@CarlosZarattini,https://twitter.com/CarlosZarattini/status/1662565840221347840,2023-05-27T21:05:59.000Z,Um completo descaso e absurdo o que a prefeitura de SP está fazendo com estudantes da rede pública. Tiraram o feijão da merenda escolar e substituíram por lentilha! Tem escola mandando bilhete pedindo contribuição dos pais para ter feijão na merenda dos alunos. E o caixa da…,7,106,301
Zarattini,@CarlosZarattini,https://twitter.com/CarlosZarattini/status/1662495406901587968,2023-05-27T16:26:07.000Z,"Estreitar as relações com outros países é primordial para que a nossa política externa se fortaleça e o país amplie suas relações comerciais, reflete diretamente na economia, na geração de mais empregos e renda.",0,11,27
Zarattini,@CarlosZarattini,https://twitter.com/CarlosZarattini/status/1662495300588650496,2023-05-27T16:25:41.000Z,"O governo Lula intensificou  as relações bilaterais com outros países para trazer investimentos para o Brasil. Em 5 meses, @LulaOficial já teve mais encontros com líderes de outras nações que Bolsonaro durante os 4 anos de seu desgoverno.",8,21,93
Zarattini,@CarlosZarattini,https://twitter.com/CarlosZarattini/status/1662494846051835904,2023-05-27T16:23:53.000Z,"A volta do Mais Médicos vai permitir levar saúde para as periferias do Brasil, onde estão as pessoas que mais precisam de atendimento médico gratuito. Serão 1.994 municípios atendidos em todas as regiões do país.",0,12,50
Zarattini,@CarlosZarattini,https://twitter.com/CarlosZarattini/status/1662494618095702017,2023-05-27T16:22:59.000Z,"Mais uma semana com boas notícias: o programa Mais Médicos voltou e tem edital aberto com quase 6 mil vagas, o preço da gasolina caiu novamente pela terceira semana consecutiva e o governo lançou proposta para reduzir o preço dos carros. O carro popular voltou, o Brasil voltou!",1,14,58
Zarattini,@CarlosZarattini,https://twitter.com/CarlosZarattini/status/1662164446746116114,2023-05-26T18:31:00.000Z,"Vamos defender as terras indígenas e os povos da Amazônia. Vamos lutar contra o PL 490. Se mobilize, participe das manifestações e se manifeste. #NãoAOPL490",4,11,44
Zarattini,@CarlosZarattini,https://twitter.com/CarlosZarattini/status/1662164249659965442,2023-05-26T18:30:13.000Z,"Não podemos permitir que o PL 490, do Marco Temporal, avance. Essa proposta é um perigo contra os povos indígenas e contra a floresta. #NãoAOPL490",3,12,52
Zarattini,@CarlosZarattini,https://twitter.com/CarlosZarattini/status/1662163725380403200,2023-05-26T18:28:08.000Z,"Dallagnol agora é persona non grata entre bolsonaristas. Segundo se escuta aqui no Congresso e também noticiado pela mídia, aliados de Bolsonaro estão atuando para esvaziar os atos em defesa do ex-deputado cassado. Bobo é quem achou que essa turma ia afundar abraçado.",7,21,102
Zarattini,@CarlosZarattini,https://twitter.com/CarlosZarattini/status/1662162534747582464,2023-05-26T18:23:24.000Z,"Não podemos permitir que seja concedida anistia para golpistas que atentaram contra a nossa democracia e depredaram os prédios do Congresso, do Planalto e do STF.
Bolsonaristas integrantes da CPMI querem legislar em causa própria?",13,12,59
Zarattini,@CarlosZarattini,https://twitter.com/CarlosZarattini/status/1662161618409488395,2023-05-26T18:19:45.000Z,Muitos bolsonaristas que são integrantes da CPMI do Golpe estão sendo acusados de participação direta ou indireta dos atos de 8 de janeiro. É um completo absurdo! Não deveriam estar como membros!,9,33,117
Zarattini,@CarlosZarattini,https://twitter.com/CarlosZarattini/status/1662161284274565120,2023-05-26T18:18:26.000Z,"Eduardo Bolsonaro, suplente na CPMI do Golpe, é apontado como sócio nos EUA de empresário que apoiou atos do 8 de janeiro. O filho de Bolsonaro deve explicações aos brasileiros sobre isso.",9,51,144
Zarattini,@CarlosZarattini,https://twitter.com/CarlosZarattini/status/1662049577288052738,2023-05-26T10:54:33.000Z,"Cadê o Gal Heleno, Gal Braga Neto, Gal. paulo Sérgio? E outros do governo Bolsonaro?",8,26,74
Zarattini,@CarlosZarattini,https://twitter.com/CarlosZarattini/status/1661857426595774464,2023-05-25T22:11:00.000Z,"Com @LulaOficial é assim, gasolina mais barata, carro com preços acessíveis, o Brasil voltando a ter relações comerciais e diplomáticas restabelecidas com vários países, famílias recebendo o maior valor já pago pelo Bolsa Família, Mais Médicos levando saúde para as periferias.",3,10,48
Zarattini,@CarlosZarattini,https://twitter.com/CarlosZarattini/status/1661855839018266624,2023-05-25T22:04:42.000Z,"Os descontos em tributos devem variar entre 1,5% e 10,79% no valor final do veículo, quanto menor o veículo, os carros compactos, maior será o desconto. E o abatimento será válido apenas para automóveis com valor abaixo de R$ 120 mil.",2,10,27
Zarattini,@CarlosZarattini,https://twitter.com/CarlosZarattini/status/1661854953080516610,2023-05-25T22:01:11.000Z,"Carro popular voltou! O povo tem direito a comprar carro! O presidente @LulaOficial anunciou hoje medidas para reduzir o preço dos carros populares. A redução de impostos vai aquecer a nossa economia, gerar empregos e renda.",9,47,157
Zarattini,@CarlosZarattini,https://twitter.com/CarlosZarattini/status/1661853629777604608,2023-05-25T21:55:55.000Z,Marco Temporal só interessa aos ruralistas radicais que ganham milhões com a exploração de terras indígenas. A aprovação do PL 490 é um crime contra o Brasil e mais uma afronta aos povos originários. A nossa dívida com eles é histórica. #PL490NÃO,4,50,168
Zarattini,@CarlosZarattini,https://twitter.com/CarlosZarattini/status/1661687508160094208,2023-05-25T10:55:49.000Z,Vamos mobilizar contra esse projeto que propõe estabelecer o Marco temporal para demarcação das terras indígenas. A direita não suporta que o povo tenha direitos! Precisamos das ruas e das redes!,25,44,152
Zarattini,@CarlosZarattini,https://twitter.com/CarlosZarattini/status/1661686270924410884,2023-05-25T10:50:54.000Z,"Vamos ter que lutar para recolocar no lugar as competências do Ministério do Meio Ambiente. A MP 1154 precisa ser aprovada ate 1/6 para garantir a criação dos novos ministérios. Povos indígenas, Igualdade Racial, Mulheres, Direitos Humanos, Cidades, Desenvolvimento Agrário, entre…",62,182,844
Zarattini,@CarlosZarattini,https://twitter.com/CarlosZarattini/status/1661507766924525571,2023-05-24T23:01:35.000Z,A história dos povos indígenas não começa em 1988. Não podemos permitir retrocessos. #MarcoTemporalNao #PL490NÃO,2,21,65
Zarattini,@CarlosZarattini,https://twitter.com/CarlosZarattini/status/1661507700864307200,2023-05-24T23:01:19.000Z,"Oposição ao governo Lula na Câmara não consegue nem acertar o  discurso. Cada um vai pra uma direção, eles estão perdidos. As falas são só tentativas de criar memes e conquistar curtidas nas redes sociais.",9,36,104
Zarattini,@CarlosZarattini,https://twitter.com/CarlosZarattini/status/1661506810266755073,2023-05-24T22:57:47.000Z,"Segundo estudo, 70 milhões de brasileiros vivem na pobreza.  Isso mostra a importância do Brasil seguir investindo de programas de transferência de renda",4,5,23
Zarattini,@CarlosZarattini,https://twitter.com/CarlosZarattini/status/1661506371366404097,2023-05-24T22:56:02.000Z,"Mais um capítulo do escândalo de corrupção envolvendo o clã Bolsonaro. Mensagens no celular de Mauro Cid, ex-ajudante de ordens no governo Bolsonaro, mostram como eram feitos os pedidos para saques em dinheiro vivo para Michelle Bolsonaro: “a dama pediu saques”. Agora, precisamos…",6,17,41
Zarattini,@CarlosZarattini,https://twitter.com/CarlosZarattini/status/1661362945186578434,2023-05-24T13:26:07.000Z,"Em reunião na CREDN, Mauro Vieira, ministro das Relações Exteriores, confirmou que o governo Lula vai seguir adotando uma política externa altiva e com foco em atração de investimentos.",4,9,41
Zarattini,@CarlosZarattini,https://twitter.com/CarlosZarattini/status/1661362931022413829,2023-05-24T13:26:04.000Z,Ministro das Relações Exteriores acabou de dizer na CREDN que o governo Lula vai seguir apoiando Vini Jr (@vinijr) e cobrando medidas efetivas da Espanha para combater o racismo e punir as agressões contra o jogador. Governo Lula vai impor uma política externa pautada também na…,3,13,87
Zarattini,@CarlosZarattini,https://twitter.com/CarlosZarattini/status/1661195090117767170,2023-05-24T02:19:07.000Z,Câmara vota o novo marco fiscal do Brasil. Proposta importante para retomar os investimentos do governo federal. Isso é essencial para garantir que o país siga se desenvolvendo e destinando recursos para saúde e educação pública,2,6,42
Zarattini,@CarlosZarattini,https://twitter.com/CarlosZarattini/status/1661121092948226048,2023-05-23T21:25:05.000Z,"O crime de racismo que Vini Jr sofreu não ficará impune. Os ministérios da Igualdade Racial do Brasil e da Igualdade da Espanha assinaram nota conjunta manifestando solidariedade ao atleta e exigindo providências. Hoje, sete pessoas já foram presas na Espanha e seguiremos…",0,8,41
Zarattini,@CarlosZarattini,https://twitter.com/CarlosZarattini/status/1661109074375614508,2023-05-23T20:37:19.000Z,Um absurdo que um congressista faça uma comparação dessas diante das circunstância envolvendo uma vítima de crime de racismo. Essa fala nojenta acaba estimulando mais racismo.,3,6,35
Zarattini,@CarlosZarattini,https://twitter.com/CarlosZarattini/status/1661108473914859524,2023-05-23T20:34:56.000Z,"#tocommst Os ruralistas e bolsonaristas querem, mais uma vez, criminalizar o MST. Patrocinam uma caçada criminosa contra o movimento que luta pela democratização da terra e agricultura familiar. Precisamos nos unir e defender o MST!",3,12,44
Zarattini,@CarlosZarattini,https://twitter.com/CarlosZarattini/status/1661107917419069440,2023-05-23T20:32:44.000Z,"Educação não é gasto, é investimento. E precisa ser prioridade. Por isso, os recursos da educação devem ficar fora das limitações impostas pela nova lei fiscal. Investir em educação é vital para construirmos um Brasil mais justo e solidário. #DefendaoFundeb",0,5,10
Zarattini,@CarlosZarattini,https://twitter.com/CarlosZarattini/status/1661107318723846150,2023-05-23T20:30:21.000Z,"Dallagnol está sozinho e vai ficar só na vontade de ser deputado. Não existe clima no Congresso para salvar seu mandato. Nem mesmo o seu partido pretende tentar reverter sua cassação que foi votada por unanimidade no TSE, recebendo voto inclusive de ministro indicado por…",31,217,1.439
Zarattini,@CarlosZarattini,https://twitter.com/CarlosZarattini/status/1661106666929004546,2023-05-23T20:27:45.000Z,"O major Flávio Silvestre de Alencar, preso hoje, respondia pelo batalhão responsável pela região da Esplanada dos Ministérios. Ele é investigado por ter ordenado a saída do Choque da lateral do Congresso. Certeza que dessa prisão vai sair muita coisa.",1,21,75
Zarattini,@CarlosZarattini,https://twitter.com/CarlosZarattini/status/1661106063033212928,2023-05-23T20:25:21.000Z,"A CPMI dos atos de 8 de janeiro pode iniciar os trabalhos nesta semana se os bolsonaristas indicarem seus membros. Eles estão em pânico e seguem travando a instalação da Comissão. Enquanto isso não acontece, a Justiça segue atuando nas investigações do ato golpista.  Hoje, a PF…",6,42,169
Zarattini,@CarlosZarattini,https://twitter.com/CarlosZarattini/status/1660817575520124929,2023-05-23T01:19:01.000Z,"Fontes dos EUA, divulgadas pela GloboNews, afirmam que Lula perdeu a condição de mediador da paz. Ora, a reunião do G7 deixou claro que o que eles querem é continuar a guerra e usar a Ucrânia de buxa de canhão contra a Rússia. Nessa @LulaOficial não entra!",55,185,893
Zarattini,@CarlosZarattini,https://twitter.com/CarlosZarattini/status/1660740247762751491,2023-05-22T20:11:44.000Z,"Governo Lula tem compromisso com a saúde, por isso retomamos o progarama Mais Médicos! Hoje, o governo Lula abre o primeiro edital para contratação para 6 mil profissionais para integrar o programa. É mais saúde chegando às regiões mais pobres do Brasil.",7,20,77
Zarattini,@CarlosZarattini,https://twitter.com/CarlosZarattini/status/1660602923875807233,2023-05-22T11:06:04.000Z,"RACISMO NÃO:  uma vergonha, um crime a “La Liga” na Espanha não coibir os ataques racistas contra Vini Jr. (@vinijr) Essa infelizmente não é a primeira vez que ele sofre ataques. Precisamos combater o racismo nos estádios de futebol e na vida!",4,18,106
Zarattini,@CarlosZarattini,https://twitter.com/CarlosZarattini/status/1660414021751676929,2023-05-21T22:35:26.000Z,"Esse cara é ridículo. Trata uma relação diplomática com ironia. @LulaOficial luta pela paz e parece que ele, Zelensky quer continuar a guerra!",372,164,620
Zarattini,@CarlosZarattini,https://twitter.com/CarlosZarattini/status/1660405021891076100,2023-05-21T21:59:40.000Z,É inadmissível a perseguição racista contra @vinijr. O Brasil precisa reagir unido contra isso!,1,9,52
Zarattini,@CarlosZarattini,https://twitter.com/CarlosZarattini/status/1660056095669248003,2023-05-20T22:53:10.000Z,Falta pouco para atingir os 80 mil seguidores por aqui. Compartilhe com os amigos e vamos ampliar o alcance 🌟😇,4,29,117
Zarattini,@CarlosZarattini,https://twitter.com/CarlosZarattini/status/1660049562579468288,2023-05-20T22:27:12.000Z,Bolsonaro abandonou todos que o apoiaram. Mauro Cid achou que com ele seria diferente?,6,13,93
Zarattini,@CarlosZarattini,https://twitter.com/CarlosZarattini/status/1660048603631501314,2023-05-20T22:23:23.000Z,Bolsonaro e sua trupe sempre apoiaram suas falas golpistas e antidemocráticas no apoio incondicional das Forças Armadas. Eles não entendem e aceitam que as Forças Armadas são representantes do Estado e não de um Governo!,7,12,53
Zarattini,@CarlosZarattini,https://twitter.com/CarlosZarattini/status/1660048319240912897,2023-05-20T22:22:16.000Z,"Os bolsonaristas resolveram agora atacar as Forças Armadas. Eles querem vingança depois que os militares, em sua maioria, se recusaram a participar da tentativa de golpe de Estado no dia 8 de janeiro.",17,35,184
Zarattini,@CarlosZarattini,https://twitter.com/CarlosZarattini/status/1660047986464899075,2023-05-20T22:20:56.000Z,"Bolsonaristas e representantes da direita escolheram a Janja como alvo. A campanha que estão patrocinando contra ela é sórdida e não tem efeito algum. Afinal, a sua popularidade só cresce.",5,10,91
Zarattini,@CarlosZarattini,https://twitter.com/CarlosZarattini/status/1660047918332538885,2023-05-20T22:20:40.000Z,"Os bolsonaristas  estão desesperados, afinal o governo Lula é um sucesso estrondoso. Em 5 meses, já fez mais pelo Brasil e pelo povo que Bolsonaro em 5 anos.",178,199,942
Zarattini,@CarlosZarattini,https://twitter.com/CarlosZarattini/status/1659672034438152194,2023-05-19T21:27:02.000Z,O governo Lula está transferindo mais de R$ 1 bilhão para o Estado de São Paulo pagar o Piso da Enfermagem. O valor por Estado e municípios foi publicado hoje em edição extra do Diário Oficial da União. É mais um compromisso de Lula sendo cumprido. ⭐️🇧🇷🦑,8,127,343
Zarattini,@CarlosZarattini,https://twitter.com/CarlosZarattini/status/1659671054741012480,2023-05-19T21:23:09.000Z,Nem com a gasolina com preço mais baixo Dallagnol tá conseguindo mobilizar o povo pra ir pra sua carreata.,21,32,208
Zarattini,@CarlosZarattini,https://twitter.com/CarlosZarattini/status/1659670482587725826,2023-05-19T21:20:52.000Z,"Efeito Lula na economia. A prévia do PIB avançou 2,41% no primeiro trimestre deste ano. Em relação ao primeiro trimestre de 2022, o indicador mostra crescimento econômico em 3,87%. Quem aí apostou que teríamos índices ruins na economia, vai ter que admitir que o Brasil voltou com…",2,41,136
Zarattini,@CarlosZarattini,https://twitter.com/CarlosZarattini/status/1659669805744390144,2023-05-19T21:18:11.000Z,O TCU está investigando o governo de Bolsonaro por gastos da Petrobras em doações de gás de cozinha e cestas básicas em pleno ano eleitoral. Os itens foram adquiridos sem licitação. Gastaram R$ 270 milhões na compra de cestas básicas e de gás de cozinha nos meses que antecederam…,2,15,51
Zarattini,@CarlosZarattini,https://twitter.com/CarlosZarattini/status/1659641511217180672,2023-05-19T19:25:45.000Z,"O silêncio de Mauro Cid no depoimento à PF está tirando o sono de Bolsonaro. Afinal, Cid não inocentou o ex-presidente de envolvimento na suposta fraude nos cartões de vacina.",9,24,100
Zarattini,@CarlosZarattini,https://twitter.com/CarlosZarattini/status/1659641158882951169,2023-05-19T19:24:21.000Z,"Brasil no centro do mundo: A agenda oficial do presidente Lula inclui reuniões no sábado com o presidente da França, Emmanuel Macron; com o líder alemão, Olaf Schoz; e com o presidente da Indonésia, Joko Widodo.",7,48,187
Zarattini,@CarlosZarattini,https://twitter.com/CarlosZarattini/status/1659640275872931842,2023-05-19T19:20:51.000Z,"O Brasil voltou ao G7 depois de anos! Lula está em Hiroshima, no Japão, para participar da cúpula do G7. Antes das reuniões, Lula participou de encontros com outros presidentes para tratar de investimentos no Brasil.",5,16,98
Zarattini,@CarlosZarattini,https://twitter.com/CarlosZarattini/status/1659322739654623236,2023-05-18T22:19:04.000Z,"Pô @VeraRosa61, qual dessas CPIs é contra o governo?",2,6,35
Zarattini,@CarlosZarattini,https://twitter.com/CarlosZarattini/status/1659312565908848643,2023-05-18T21:38:38.000Z,Essa CPI do MST é a CPI da vingança. O objetivo dos bolsonaristas é atacar o movimento dos trabalhadores e a esquerda. É a 5ª CPI do MST e nunca deu em nada porque não tem nada de errado no movimento.,26,176,487
Zarattini,@CarlosZarattini,https://twitter.com/CarlosZarattini/status/1659311336906539009,2023-05-18T21:33:45.000Z,Mauro Cid ficou calado no depoimento à Polícia Federal. Deve estar esperando as orientações para saber até onde pode ir e se vão segurar a barra dele.,0,4,24
Zarattini,@CarlosZarattini,https://twitter.com/CarlosZarattini/status/1659311254895308801,2023-05-18T21:33:26.000Z,"O projeto da nova lei fiscal é uma proposta boa para o povo. Ela vai garantir ao governo recursos para fazer investimentos em áreas como saúde, educação, construir moradias populares que geram emprego e renda. Vai também garantir estabilidade econômica ao país. Ninguém quer…",0,1,15
Zarattini,@CarlosZarattini,https://twitter.com/CarlosZarattini/status/1659228696820039680,2023-05-18T16:05:22.000Z,Até a oposição está confessando que Lula está fazendo um governo incrível e cumprindo suas promessas de campanha. Promessas que ajudam a melhorar a vida do povo como a redução no preço dos combustíveis e do gás de cozinha.,0,51,205
Zarattini,@CarlosZarattini,https://twitter.com/CarlosZarattini/status/1659228311782932485,2023-05-18T16:03:51.000Z,"A mudança na política de preços da Petrobras vai ser boa para o povo que vai pagar menos na gasolina, no diesel e no gás de cozinha. Quem perde? Os acionistas bilionários da Petrobras.",0,4,19
Zarattini,@CarlosZarattini,https://twitter.com/CarlosZarattini/status/1659228120904286208,2023-05-18T16:03:05.000Z,A revolta da mídia e do mercado financeiro com a mudança na política de preços da Petrobras é que os acionistas bilionários vão ganhar menos dividendos. Vergonhoso alguém defender esses lucros exorbitantes num país que tem 33 milhões de pessoas na extrema pobreza.,2,13,59
Zarattini,@CarlosZarattini,https://twitter.com/CarlosZarattini/status/1659228070727897088,2023-05-18T16:02:53.000Z,Todo dia alguém sai na mídia para dizer que Bolsonaro não sabia de nada. O desespero é evidente. Tic tac!,0,2,19
Zarattini,@CarlosZarattini,https://twitter.com/CarlosZarattini/status/1659227952356237314,2023-05-18T16:02:25.000Z,"Mauro Cid, o ex-braço direito de Bolsonaro, vai prestar depoimento à PF hoje à tarde. Será que ele vai dizer que fraudou sozinho o cartão de vacinas da família Bolsonaro? Será que vai abrir o bico sobre o mandante do crime?",0,4,19
Zarattini,@CarlosZarattini,https://twitter.com/CarlosZarattini/status/1659227776891731969,2023-05-18T16:01:43.000Z,"No mês que vem, o valor do Bolsa Família terá valor ainda maior com o acréscimo de R$ 50 nos repasses para as gestantes e para crianças e adolescentes de 7 a 18 anos. Isso é menos pobreza e mais dignidade para as famílias.",0,1,15
Zarattini,@CarlosZarattini,https://twitter.com/CarlosZarattini/status/1659227541591277569,2023-05-18T16:00:47.000Z,"Mais uma boa notícia para essa semana. O Bolsa Família começou a ser pago hoje com valor médio recorde: R$ 672,45. É o governo Lula cuidando do povo! Faz o L! ⭐️",0,3,34
Zarattini,@CarlosZarattini,https://twitter.com/CarlosZarattini/status/1659033870136754176,2023-05-18T03:11:12.000Z,O resultado da falta de articulação do governo tá aí no painel da votação do arcabouço fiscal! Cadê a imprensa que torce pra tudo dar errado?,18,42,218
Zarattini,@CarlosZarattini,https://twitter.com/CarlosZarattini/status/1659011932928589829,2023-05-18T01:44:02.000Z,É essencial que o Legislativo atue no apoio a indústria nacional de defesa. Lula e o Alckmin já estão dialogando no sentido de contribuir para que a indústria brasileira siga competitiva. E tudo isso passa pelo fortalecimento da Avibras,1,8,35
Zarattini,@CarlosZarattini,https://twitter.com/CarlosZarattini/status/1659011174531231744,2023-05-18T01:41:01.000Z,O choro é livre! Olha só o tanto de paladino da moral e dos bons constumes apoiando quem tentou manobrar a Lei!,8,16,86
Zarattini,@CarlosZarattini,https://twitter.com/CarlosZarattini/status/1659010662843002880,2023-05-18T01:38:59.000Z,Precisamos democratizar o acesso da população ao tema da estratégia nacional de defesa. O povo precisa entender o papel das Forças Armadas e a importância do país investir nos projetos estratégicos.,1,6,30
Zarattini,@CarlosZarattini,https://twitter.com/CarlosZarattini/status/1659009886238171137,2023-05-18T01:35:54.000Z,CPMI DO GOLPE  vai investigar os atos de 8 de janeiro sob o prisma dos crimes cometidos no âmbito jurídico e também sobre o espectro político dos fatos. Isso é importante porque assim vamos poder identificar e punir todos que ajudaram a orquestrar essa tentativa de golpe,1,9,36
Zarattini,@CarlosZarattini,https://twitter.com/CarlosZarattini/status/1659009191120453632,2023-05-18T01:33:08.000Z,"O artigo 142 da Constituição Federal foi usado pelos golpistas para justificar a tentativa de golpe de Estado no 8 de janeiro, especialmente no que refere-se as operações de Garantia da Lei e da Ordem (GLO). Por isso, o fim da GLO é bom para a democracia.",7,21,49
Zarattini,@CarlosZarattini,https://twitter.com/CarlosZarattini/status/1659008702995742720,2023-05-18T01:31:12.000Z,🌟 Faz o L,3,9,37
Zarattini,@CarlosZarattini,https://twitter.com/CarlosZarattini/status/1659008513614524422,2023-05-18T01:30:27.000Z,Estive com os comandantes das Forças Armadas e com ministro da Defesa para tratar da minha proposta de PEC que altera o artigo 142 da Constituição Federal. Proponho acabar com as operações de Garantia da Lei e da Ordem (GLO) e colocar dispositivos claros que impeçam militares de…,106,306,1.826
Zarattini,@CarlosZarattini,https://twitter.com/CarlosZarattini/status/1658976397862268928,2023-05-17T23:22:50.000Z,"Vitória, vitória, vitória! Governo Lula mostra sua força ao aprovar por ampla maioria o regime de urgência para o novo arcabouço fiscal. Uma proposta que é boa para o governo e para o país!",1,14,72
Zarattini,@CarlosZarattini,https://twitter.com/CarlosZarattini/status/1658865092639727619,2023-05-17T16:00:32.000Z,"🌟🦑 Brasil no rumo certo! Faz o L 🌟- Despencou o preço do gás de cozinha
- Queda no preço da gasolina e do diesel
- Mudança na política de preços da Petrobras
- 43% aprovam o governo Lula 
- 57,4% aprovam o Lula, o melhor presidente da história
- Dólar em queda
- Nova Lei…",4,24,79
Zarattini,@CarlosZarattini,https://twitter.com/CarlosZarattini/status/1658842826845614083,2023-05-17T14:32:04.000Z,"Pesquisa da CNT/MDA mostra que uma onda de otimismo começa a crescer no Brasil diante do bom desempenho do governo Lula. A aprovação da nova Lei Fiscal e a mudança na política de preços da Petrobras vão contribuir, ainda mais, para melhorar a vida do povo porque impulsiona ainda…",0,9,52
Zarattini,@CarlosZarattini,https://twitter.com/CarlosZarattini/status/1658842447965741057,2023-05-17T14:30:34.000Z,"Lula é um líder reconhecido nacional e internacionalmente. O Brasil volta a ser respeitado. A vida do povo começa a melhorar com programas sociais de combate à pobreza, queda do preço da carne e dos alimentos, dos combustíveis e gás de cozinha. Pesquisa da CNT/MDA mostrou que 57%…",7,16,63
Zarattini,@CarlosZarattini,https://twitter.com/CarlosZarattini/status/1658841032664948740,2023-05-17T14:24:56.000Z,"Governo Lula está colecionando boas vitórias. Todo dia é notícia boa para o povo brasileiro e isso está se refletindo na aprovação do governo. Pesquisa da CNT/MDA mostrou que 71% da população considera o governo Lula como ótimo, bom e regular. A cada dia, mais e mais pessoas…",5,46,162
Zarattini,@CarlosZarattini,https://twitter.com/CarlosZarattini/status/1658787708481818627,2023-05-17T10:53:03.000Z,O Brasil não é terra sem LEI. Decisão do TSE de cassar por unanimidade o mandato de Deltan Dallagnol é uma prova! Tchau querido!,9,14,144
Zarattini,@CarlosZarattini,https://twitter.com/CarlosZarattini/status/1658647646934900738,2023-05-17T01:36:29.000Z,"Bolsonaro é um mentiroso e covarde. Ao que tudo indica, ele vai tirar o dele da reta e deixar Mauro Cid, o seu fiel escudeiro, pagar por todos os crimes sozinhos.",4,7,57
Zarattini,@CarlosZarattini,https://twitter.com/CarlosZarattini/status/1658647269464240129,2023-05-17T01:34:59.000Z,"A política de paridade internacional de preços só conseguiu aumentar os lucros exorbitantes dos acionistas da Petrobras, gerar inflação e prejudicar a economia.  Agora, o governo Lula acabou com esse modelo e “abrasileirou” o preço dos combustíveis. Resultado? Redução imediata no…",1,15,83
Zarattini,@CarlosZarattini,https://twitter.com/CarlosZarattini/status/1658567746957856780,2023-05-16T20:19:00.000Z,"Petrobras baixou hoje o gás de cozinha, o óleo diesel e a gasolina. Notícia maravilhosa! ⛽️🦑🌟 Faz o L!",4,13,57
Zarattini,@CarlosZarattini,https://twitter.com/CarlosZarattini/status/1658562214826070032,2023-05-16T19:57:01.000Z,"A imprensa e o mercado financeiro seguem querendo mandar no Brasil. No governo Lula, não vai mandar e nem ditar as ações. O nosso compromisso é com o povo e com o Brasil. 5 meses de governo e muita coisa boa já aconteceu! Só nos últimos dias o governo Lula já REDUZIU o preço da…",7,26,116
Zarattini,@CarlosZarattini,https://twitter.com/CarlosZarattini/status/1658562050111557653,2023-05-16T19:56:21.000Z,"Governo Lula avança para conseguir duas importantes VITÓRIAS para o povo: aprovação da nova lei fiscal que está preservando investimentos e programas sociais e mudanças na política de preços da Petrobras, que vai acabar com lucros exorbitantes dos acionistas estrangeiros e BAIXAR…",0,7,35
Zarattini,@CarlosZarattini,https://twitter.com/CarlosZarattini/status/1658560941607329793,2023-05-16T19:51:57.000Z,Brasil vai entrar numa nova era com a alteração na política de preços da Petrobras. Vamos acabar com os lucros exorbitantes dos acionistas estrangeiros da empresa e vamos garantir preço justo na bomba.,5,8,41
Zarattini,@CarlosZarattini,https://twitter.com/CarlosZarattini/status/1658560339829575697,2023-05-16T19:49:34.000Z,"CRIMINOSOS! Enquanto o governo Bolsonaro comprava a preço de ouro pescoço de galinha, garimpeiros devastavam terras indígenas e os povos indígenas morriam de fome.",4,12,65
Zarattini,@CarlosZarattini,https://twitter.com/CarlosZarattini/status/1658560237866045457,2023-05-16T19:49:09.000Z,"MAIS UM CRIME: Depois de sumir com 19 toneladas bisteca, agora o governo de Bolsonaro é acusado de comprar, de forma superfaturada, pescoço de galinha para indígenas na Amazônia. A “iguaria” custou R$ 260 o quilo.",0,10,32
Zarattini,@CarlosZarattini,https://twitter.com/CarlosZarattini/status/1658559871120297999,2023-05-16T19:47:42.000Z,A Polícia Federal identificou o primeiro responsável pela falta de planejamento da PMDF no 8 de janeiro: coronel Paulo José Ferreira. A PF chegou a essa conclusão com base em minuciosa investigação que incluiu mensagens de WhatsApp trocadas pelo coronel com colegas de farda.…,22,501,3.101
Zarattini,@CarlosZarattini,https://twitter.com/CarlosZarattini/status/1658438786714312705,2023-05-16T11:46:33.000Z,Acabou! A paridade internacional dos preços deixou de ser a referência da Petrobras. Preços altíssimos e lucros exorbitantes dos acionistas vão acabar. O brasileiro vai poder pagar um preço justo pelo petróleo que é seu!,9,23,74
Zarattini,@CarlosZarattini,https://twitter.com/CarlosZarattini/status/1658261013244829699,2023-05-16T00:00:09.000Z,"Bolsonaro se reuniu com seus advogados para “ensaiar” o que vai dizer a PF no depoimento de amanhã. Será que ele vai dizer, mais uma vez, que estava doidão e que não sabia de nada?",31,107,557
Zarattini,@CarlosZarattini,https://twitter.com/CarlosZarattini/status/1658260811201015808,2023-05-15T23:59:21.000Z,Brasil rumo ao desenvolvimento: dólar teve a 5ª queda seguida e registrou menor nível desde junho de 2022. O presidente Lula está trabalhando para colocar a economia nos eixos. Congresso agora precisa votar o projeto do novo arcabouço fiscal.,3,5,31
Zarattini,@CarlosZarattini,https://twitter.com/CarlosZarattini/status/1658260649854615552,2023-05-15T23:58:42.000Z,Cadê a bisteca? Veio à tona mais uma suspeita de maracutaia no governo Bolsonaro. A Funai está apurando a compra de 19 toneladas de bisteca que não foram entregues para indígenas no Amazonas.,12,15,66
Zarattini,@CarlosZarattini,https://twitter.com/CarlosZarattini/status/1658220615419977729,2023-05-15T21:19:37.000Z,"A mídia adora torcer pra dar tudo errado no governo @LulaOficial . Hoje o dólar fechou a menos de R$5,00. O desmatamento está caindo. Vão ser retomadas as obras de milhares de escolas. O Brasil Sorridente voltou!",10,46,197
Zarattini,@CarlosZarattini,https://twitter.com/CarlosZarattini/status/1658202860113240088,2023-05-15T20:09:04.000Z,Precisamos avançar numa legislação trabalhista que contribua para que direitos sejam garantidos para essa categoria de trabalhadores. Não podemos permitir ou ser coniventes com esse tipo de precarização.,1,5,18
Zarattini,@CarlosZarattini,https://twitter.com/CarlosZarattini/status/1658202821034999808,2023-05-15T20:08:55.000Z,"A greve dos motoristas de aplicativo é um movimento importante na luta por direitos trabalhistas. As condições a que estão submetidos hoje são criminosas. Enquanto o trabalhador está em situação precarizada, as empresas estão lucrando como nunca. Precisamos colocar fim a esse…",3,9,29
Zarattini,@CarlosZarattini,https://twitter.com/CarlosZarattini/status/1658141173259673602,2023-05-15T16:03:57.000Z,"Patético o artigo do @Estadao contra @Cristianozaninm. O jornal usa uma possível indicação ao STF para atacar Lula, mais uma vez, e tentar enfraquecer Zanin . É inconcebível que a imprensa queira interferir numa prerrogativa que é do presidente da República. Zanin é capacitado…",661,453,2.264
Zarattini,@CarlosZarattini,https://twitter.com/CarlosZarattini/status/1658140248499429378,2023-05-15T16:00:16.000Z,"QUE ESQUEMA: Mauro Cid também é investigado pela PF por utilizar números registrados no exterior para evitar o risco de ser grampeado e acabar sendo alvo do STF.  A PF, ao que tudo indica, já teria mapeado linhas de celular registradas no exterior que eram usadas pelo ex-ajudante…",10,89,371
Zarattini,@CarlosZarattini,https://twitter.com/CarlosZarattini/status/1658139824212123649,2023-05-15T15:58:35.000Z,"O cerco segue se fechando para Bolsonaro e sua turma. A imprensa disse hoje que o material apreendido pela PF aponta para outros personagens envolvidos na tentativa de golpe, além de Mauro Cid e Ailton Barros. Essa semana promete!",14,36,111
Zarattini,@CarlosZarattini,https://twitter.com/CarlosZarattini/status/1658070790259068929,2023-05-15T11:24:16.000Z,Chapa quente pra Bolsonaro e Dallagnol!,20,151,1.042
Zarattini,@CarlosZarattini,https://twitter.com/CarlosZarattini/status/1657888309111078913,2023-05-14T23:19:09.000Z,"Com Lula, o Brasil agora se preocupa em garantir dignidade para mães e famílias. Vamos trabalhar para garantir oportunidades, trabalho e moradia digna para as famílias. #BrasilMãe",2,11,53
Zarattini,@CarlosZarattini,https://twitter.com/CarlosZarattini/status/1657888182665355265,2023-05-14T23:18:39.000Z,Dia de mostrar pro Brasil que é possível produzir alimento saudável e vender a um preço justo.,2,13,76
Zarattini,@CarlosZarattini,https://twitter.com/CarlosZarattini/status/1657887638588719106,2023-05-14T23:16:29.000Z,"A Feira Nacional da Reforma Agrária aqui em São Paulo está incrível. Mais uma vez, o MST está mostrando que é possível produzir alimento saudável e barato. É possível colocar comida na mesa do povo!",6,34,121
Zarattini,@CarlosZarattini,https://twitter.com/CarlosZarattini/status/1657784653586071555,2023-05-14T16:27:16.000Z,"Encontro com gente grande do MST : Stedile, João Paulo, Gilmar Mauro, Valmir Assunção",8,7,73
Zarattini,@CarlosZarattini,https://twitter.com/CarlosZarattini/status/1657741358004686849,2023-05-14T13:35:13.000Z,"Feliz dia das mães! Mãe, dona Alceste, obrigada por tudo. É uma honra ser filho de uma mulher tão revolucionária, dedicada e amorosa.",3,3,10
Zarattini,@CarlosZarattini,https://twitter.com/CarlosZarattini/status/1657528572234416128,2023-05-13T23:29:41.000Z,"Governo Lula liberou mais R$103 milhões ao Programa Nacional de Redução de Filas para cirurgia no SUS, lançado em março. Até o final de 2023, esse valor chegará a R$ 600 milhões. 19 estados já aderiram ao programa.  Vamos trabalhar para acabar com as filas no SUS.",2,22,72
Zarattini,@CarlosZarattini,https://twitter.com/CarlosZarattini/status/1657528193220329473,2023-05-13T23:28:11.000Z,"Mais um escândalo! Novos áudios dão fortes indícios de que o ex-ajudante de ordens de Bolsonaro, tenente-coronel Mauro Cid,  fazia pagamento das despesas da ex-primeira-dama em dinheiro vivo. A casa da família Bolsonaro segue desmoronando!",5,31,102
Zarattini,@CarlosZarattini,https://twitter.com/CarlosZarattini/status/1657417641890291717,2023-05-13T16:08:53.000Z,"Queremos as Forças Armadas se dedicando única e exclusivamente à defesa da integridade territorial, da soberania do país. É hora delas se afastarem da política.",7,32,90
Zarattini,@CarlosZarattini,https://twitter.com/CarlosZarattini/status/1657417560302800896,2023-05-13T16:08:34.000Z,"Nós queremos mudar esse artigo 142. As Forças Armadas podem ajudar na segurança pública, mas não dessa forma como está prevista nesse artigo. Precisamos colocar fim a GLO",13,16,96
Zarattini,@CarlosZarattini,https://twitter.com/CarlosZarattini/status/1657417461136752640,2023-05-13T16:08:10.000Z,CPMI do GOLPE vai investigar  tudo que se passou antes do ato do dia 8 de janeiro também. Precisamos apurar toda a trama golpista!,10,14,64
Zarattini,@CarlosZarattini,https://twitter.com/CarlosZarattini/status/1657417364873400321,2023-05-13T16:07:47.000Z,"Precisamos alterar o artigo 142 da CF já porque da forma como está hoje deixa brecha para golpistas. Lembre-se que os aliados de Bolsonaro tramaram editar um decreto que anulasse a posse de Lula e ao mesmo tempo, convocasse a GLO, a garantia da lei e da ordem.",5,16,61
Zarattini,@CarlosZarattini,https://twitter.com/CarlosZarattini/status/1657406299305394176,2023-05-13T15:23:49.000Z,"Grande semana de trabalho do governo Lula: retomada do Brasil Sorridente, liberação de verbas para redução de filas de cirurgias, lançamento do PPA na Bahia, sanção da Lei Paulo Gustavo. Agora sim temos um governo que cuida do povo e constrói um futuro para o Brasil.",7,10,47
Zarattini,@CarlosZarattini,https://twitter.com/CarlosZarattini/status/1657406165288992770,2023-05-13T15:23:17.000Z,Abolição da escravatura não pode ser apenas uma lei ou uma data para se lembrar. É necessário trabalhar para que práticas perversas como esta não existam mais em nosso país e implementar políticas públicas de inclusão que colaborem com o fim da desigualdade racial.,0,4,23
Zarattini,@CarlosZarattini,https://twitter.com/CarlosZarattini/status/1657085735168532481,2023-05-12T18:10:01.000Z,"Que felicidade! Hoje, o presidente Lula vai sancionar o projeto de lei que nós aprovamos no Congresso, destinando mais de R$ 7 bilhões para o pagamento do Piso da Enfermagem. Uma vitória incrível!",8,20,109
Zarattini,@CarlosZarattini,https://twitter.com/CarlosZarattini/status/1657083812193394692,2023-05-12T18:02:22.000Z,"Grande vitória do povo brasileiro. Lula assinou o decreto que vai liberar R$ 3,8 bilhões para o setor cultural. Dinheiro que vai gerar emprego e renda para milhões de trabalhadores e trabalhadoras da cultura e movimentar a economia do país.",17,42,304
Zarattini,@CarlosZarattini,https://twitter.com/CarlosZarattini/status/1656994870760800256,2023-05-12T12:08:57.000Z,Bolsonaristas não tem jeito!  Postura vergonhosa do deputado Mário Frias. Agredir jornalista durante reunião de Comissão da Câmara. Nada compatível com o decoro!,13,9,82
Zarattini,@CarlosZarattini,https://twitter.com/CarlosZarattini/status/1656728737117790213,2023-05-11T18:31:26.000Z,"Bolsonaro nunca foi contra a corrupção. No governo dele, segundo informou a Polícia Federal, o orgão teve 90% de redução nas operações de combate à corrupção",15,62,156
Zarattini,@CarlosZarattini,https://twitter.com/CarlosZarattini/status/1656728223667847186,2023-05-11T18:29:23.000Z,"A polícia achou armas e muito dinheiro na casa de investigados por financiar os atos golpistas de 8 de janeiro. A CPMI, que os bolsonaristas tanto pediram, vai avançar nas investigações para punir todos os envolvidos",1,53,163
Zarattini,@CarlosZarattini,https://twitter.com/CarlosZarattini/status/1656727816820359174,2023-05-11T18:27:46.000Z,"Bilionários só se mobilizam quando temem perder os seus lucros. Por isso, as Big Techs estão agindo contra o PL das Fake News. Muito acertada a decisão da PGR de pedir ao STF inquérito para investigar diretores de Google e Telegram. Essa ação criminosa contra o PL das Fake News…",13,102,370
Zarattini,@CarlosZarattini,https://twitter.com/CarlosZarattini/status/1656684817717624832,2023-05-11T15:36:54.000Z,"HISTÓRICO: Mais uma vez, a deputada @dasilvabenedita faz história. Ela foi eleita Coordenadora da Bancada Feminina. Essa é a 1ª vez que uma deputada negra assume esse posto. Simbólico, uma importante vitória das mulheres negras.",0,11,58
Zarattini,@CarlosZarattini,https://twitter.com/CarlosZarattini/status/1656618035292061697,2023-05-11T11:11:32.000Z,O que leva um agente da Polícia Federal a praticar esse tipo de perseguição contra um jovem negro? Perseguição política? Racismo? Tudo junto? Isso tem que acabar!,38,99,324
Zarattini,@CarlosZarattini,https://twitter.com/CarlosZarattini/status/1656434780328656899,2023-05-10T23:03:21.000Z,Bolsonarista é inimigo da educação! O governo de Tarcísio de Freitas fechou 312 turmas de ensino fundamental e médio no 1° bimestre em SP. Esse absurdo preocupa o sindicato dos professores de SP porque pode levar ao fechamento de escolas. Um absurdo!  Um crime contra os jovens…,12,152,413
Zarattini,@CarlosZarattini,https://twitter.com/CarlosZarattini/status/1656434723575537664,2023-05-10T23:03:07.000Z,"A Lava Jato foi uma fraude que colocou em risco a democracia do nosso país. Ela levou o Brasil a uma crise econômica ao contribuir para a falência de quase todas as empresas nacionais, e política ao contribuir com a eleição do Bolsonaro. Vale lembrar também que a operação colocou…",284,478,2.513
Zarattini,@CarlosZarattini,https://twitter.com/CarlosZarattini/status/1656434644592611328,2023-05-10T23:02:48.000Z,"Na CPMI do 8 de janeiro, vamos discutir como que os integrantes e aliados do governo de Bolsonaro atuaram até o ato golpista de 8 de janeiro. O que eles fizeram, articularam, falaram e aí vamos investigar o chefe da tropa que é Jair Bolsonaro.",2,22,72
Zarattini,@CarlosZarattini,https://twitter.com/CarlosZarattini/status/1656434568486944771,2023-05-10T23:02:30.000Z,Os bolsonaristas criaram a narrativa de que tinham pressa para criação da CPMI do 8 de janeiro. Mas agora que ela é uma realidade eles impedem o início dos trabalhos. Não indicaram até agora os nomes que vão compor a comissão e isso atrasa a sua instalação. É uma vergonha!,1,9,46
Zarattini,@CarlosZarattini,https://twitter.com/CarlosZarattini/status/1656334878990794763,2023-05-10T16:26:23.000Z,"URGENTE: Segundo os jornais, Tacla Duran delatou Sérgio Moro e sua esposa por venda de sentenças.  Tacla Duran teria entregue provas das acusações à polícia. Se confirmada as denúncias, a dupla estará bem enrolada.",39,311,1.183
Zarattini,@CarlosZarattini,https://twitter.com/CarlosZarattini/status/1656334619069890561,2023-05-10T16:25:21.000Z,O advogado Rodrigo Tacla Duran vai depor na Comissão de Administração e Serviço Público da Câmara dos Deputados. Tem gente que já está sem dormir.,7,59,265
Zarattini,@CarlosZarattini,https://twitter.com/CarlosZarattini/status/1656048951936655360,2023-05-09T21:30:12.000Z,"Golpe baixo. As big techs estão atacando o PL das Fake News, primeiro foi o Google e agora o Telegram. Essas empresas estão apenas preocupadas com seus lucros e estão disparando mentiras contra o PL 2636.",7,39,118
Zarattini,@CarlosZarattini,https://twitter.com/CarlosZarattini/status/1656048716401332225,2023-05-09T21:29:16.000Z,"Os bolsonaristas amam a mentira e usam isso para atacar adversários, enganar as pessoas, manipular os fatos. Por isso, são contra o PL das Fake News. Eles não querem a verdade e o PL das Fake News está aí para propor o mínimo de ordem nas redes sociais e não induzir as pessoas ao…",12,66,256
Zarattini,@CarlosZarattini,https://twitter.com/CarlosZarattini/status/1656048484607197184,2023-05-09T21:28:21.000Z,"Deu ruim.  O TSE condenou Flávio Bolsonaro por publicar nas redes um vídeo editado, fake, em que retirava de contexto uma fala do presidente Lula. Isso é só o começo!",8,43,176
Zarattini,@CarlosZarattini,https://twitter.com/CarlosZarattini/status/1655949629626929155,2023-05-09T14:55:32.000Z,"O dia hoje fica mais triste com a partida precoce do ex-deputado federal David Miranda, às vésperas de completar 38 anos. 
David foi um parlamentar combativo na defesa dos Direitos Humanos. Minha solidariedade aos familiares e amigos do David.",1,8,35
Zarattini,@CarlosZarattini,https://twitter.com/CarlosZarattini/status/1655893279299325954,2023-05-09T11:11:37.000Z,Tudo isso será investigado também pela CPMI que vai inclusive verificar as responsabilidades políticas pelo 8/01.,5,30,125
Zarattini,@CarlosZarattini,https://twitter.com/CarlosZarattini/status/1655738762003988480,2023-05-09T00:57:37.000Z,O governo está cumprindo mais uma promessa de campanha ao liberar recursos para reduzir as filas de espera no SUS para cirurgias eletivas e para exames. Faz o L 🤩,2,24,109
Zarattini,@CarlosZarattini,https://twitter.com/CarlosZarattini/status/1655738643825172485,2023-05-09T00:57:09.000Z,Criminosa a cobertura da imprensa sobre as nomeações de Haddad para o Banco Central. Ambos os indicados são capacitados para o cargo e vão contribuir muito com o país. Essa prerrogativa é constitucional e precisa ser respeitada. Quem manda na economia brasileira não é a imprensa…,407,928,4.890
Zarattini,@CarlosZarattini,https://twitter.com/CarlosZarattini/status/1655738252551225344,2023-05-09T00:55:36.000Z,"Vamos ver até quando os aliados de Bolsonaro vão conseguir ficar com o bico fechado. Enquanto eles seguem presos, sem qualquer perspectiva de sair, Bolsonaro segue negando tudo.",4,30,157
Zarattini,@CarlosZarattini,https://twitter.com/CarlosZarattini/status/1655694988750069766,2023-05-08T22:03:41.000Z,"Golpistas em pânico: Vazou mais um áudio do golpe e envolve outro aliado de Bolsonaro. Dessa vez, é o coronel Elcio Franco, o n° 2 no Ministério da Saúde. A imprensa noticiou conversas que demostram que Elcio Franco tramou o golpe na Casa Civil. Ele sugeriu, por exemplo,…",182,340,1.632
Zarattini,@CarlosZarattini,https://twitter.com/CarlosZarattini/status/1655642768931188738,2023-05-08T18:36:11.000Z,Mais uma conquista do povo: O Brasil está voltando a sorrir! O presidente Lula sanciona hoje o projeto de lei que garante aos brasileiros tratamento dentário pelo SUS!,2,17,77
Zarattini,@CarlosZarattini,https://twitter.com/CarlosZarattini/status/1655642735557132289,2023-05-08T18:36:03.000Z,"Ailton era figura sempre estava com Bolsonaro, era homem de sua confiança, estava em viagens do ex-presidente e outras atividades. Segundo o Fantástico, ele tem extensa ficha na Justiça Militar. É réu em 13 processos, com anotações como tentativa de abuso sexual, episódios de…",8,123,393
Zarattini,@CarlosZarattini,https://twitter.com/CarlosZarattini/status/1655642693467267074,2023-05-08T18:35:53.000Z,"O cerco está se fechando: 6 amigos de Bolsonaro estão presos desde a semana passada por envolvimento no esquema de fraude de cartões de vacina. Entre eles, Ailton Barros, a quem Bolsonaro chama de irmão num áudio divulgado no Fantástico.",5,31,93
Zarattini,@CarlosZarattini,https://twitter.com/CarlosZarattini/status/1655640994677764096,2023-05-08T18:29:08.000Z,"Turma do Bolsonaro deve estar bem preocupada, afinal a coisa só piora! O Fantástico exibiu imagens que mostram 35 mil dólares em dinheiro vivo encontrados no homem sombra de Bolsonaro, o tenente Mauro Cid. A polícia investiga agora a hipótese de lavagem de dinheiro.",10,42,177
Zarattini,@CarlosZarattini,https://twitter.com/CarlosZarattini/status/1655538436130971650,2023-05-08T11:41:36.000Z,INGRATO? Ninguém segura a mão de ninguém quando se trata de Bolsonaro. Ele só é aliado dos amigos até a polícia bater na porta.,6,55,375
Zarattini,@CarlosZarattini,https://twitter.com/CarlosZarattini/status/1655537422212497413,2023-05-08T11:37:34.000Z,Mais 250 pessoas se tornaram réus por participar dos ataques golpistas no 8 de janeiro depois que o STF formou maioria por essa decisão. Já são 550 pessoas investigadas pela justiça.,6,47,267
Zarattini,@CarlosZarattini,https://twitter.com/CarlosZarattini/status/1655219463233454080,2023-05-07T14:34:07.000Z,"Abandonado pelos aliados. É assim que está Daniel Silveira. Não recebeu visita de nenhum dos amigos de partido. Enquanto isso, a justiça tem lista de solicitação pra visitarem Anderson Torres. Por que será que a solidariedade da turma de Bolsonaro só existe com Torres?",60,186,756
Zarattini,@CarlosZarattini,https://twitter.com/CarlosZarattini/status/1655219011582406660,2023-05-07T14:32:19.000Z,"Fake news mata! No litoral de SP, um homem foi espancado brutalmente e teve morte encefálica. Ele foi acusado de roubar uma moto. O dono da moto conhecia a vítima e tinha emprestado a motocicleta. Toda essa violência é reflexo do discurso de ódio que vimos crescer no país.",121,280,1.166
Zarattini,@CarlosZarattini,https://twitter.com/CarlosZarattini/status/1655217812573396993,2023-05-07T14:27:33.000Z,"Quanta barbaridade. Mais uma vez, pessoas são agredidas numa loja Carrefour. Isso tem que acabar! Agora, um casal foi torturado numa loja na Bahia. A empresa veio a público pedir desculpa. Isso não resolve nada. Chega de violência e racismo.",6,30,113
Zarattini,@CarlosZarattini,https://twitter.com/CarlosZarattini/status/1654984906710155264,2023-05-06T23:02:04.000Z,"O que nós queremos é gerar emprego e renda. Pra isso, a gente precisa reduzir essa taxa de juros absurda do BC.  Com juros baixos e crédito, a gente vai ter um Brasil em plena ascensão econômica e o povo com condições de viver melhor.",7,28,115
Zarattini,@CarlosZarattini,https://twitter.com/CarlosZarattini/status/1654984503838797824,2023-05-06T23:00:28.000Z,"Lula tem compromisso com a Amazônia e reafirmou isso na sua ida a Londres. Estamos avançando na busca por apoio para reconstruir o Fundo Amazônia, que foi devastado por Bolsonaro e sua turma. O Brasil voltou a adotar uma política de preservação e respeito ao meio ambiente.",7,49,209
Zarattini,@CarlosZarattini,https://twitter.com/CarlosZarattini/status/1654984033695088640,2023-05-06T22:58:36.000Z,Precisamos mudar a política de juros do Banco Central pra que ela seja favorável aos trabalhadores. O BC atua hoje apenas para beneficiar meia dúzia de bilionários,0,20,109
Zarattini,@CarlosZarattini,https://twitter.com/CarlosZarattini/status/1654894026217119745,2023-05-06T17:00:56.000Z,"A coisa está feia para o clã Bolsonaro. Agora, o MP do RJ concluiu que o chefe do gabinete de Carlos Bolsonaro recebeu R$ 2 milhões em dinheiro provenientes das contas de outros seis servidores. E que ele usou contas pessoais para pagar despesas do filho de Bolsonaro.…",413,814,3.809
Zarattini,@CarlosZarattini,https://twitter.com/CarlosZarattini/status/1654893324967325697,2023-05-06T16:58:09.000Z,Mais um aliado de Bolsonaro terá que se explicar à polícia na próxima semana. Anderson Torres precisa contar detalhes da sua participação no 8 de janeiro!,6,34,313
Zarattini,@CarlosZarattini,https://twitter.com/CarlosZarattini/status/1654841268030042113,2023-05-06T13:31:18.000Z,ORGULHO: Prestígio internacional de @LulaOficial é incrível. Ele é respeitado mundo a fora e leva o nome do Brasil de novo para o topo. Foi pra isso que fiz o L!,11,31,191
Zarattini,@CarlosZarattini,https://twitter.com/CarlosZarattini/status/1654840510748475392,2023-05-06T13:28:17.000Z,"Inacreditável e lamentável a atitude de órgãos da prefeitura de São Paulo que tentaram impedir o MTST de distribuir marmitas para as pessoas em situação de rua na praça da Sé, brasileiros que estão passando fome. Vão politizar até a entrega de comida?",12,49,175
Zarattini,@CarlosZarattini,https://twitter.com/CarlosZarattini/status/1654817768900902912,2023-05-06T11:57:55.000Z,Parabéns ao AGU @jorgemessiasagu pelo questionamento da regra que impede a União de exercer os seus votos na Eletrobrás! Vamos desmontar essa privatização lesa pátria de Bolsonaro.,16,59,247
Zarattini,@CarlosZarattini,https://twitter.com/CarlosZarattini/status/1654566640766312449,2023-05-05T19:20:02.000Z,"⭐️Lula é o presidente do povo mais pobre!

- aumento real do salário mínimo;
- bolsa família mais justo e com valor que ajuda a colocar comida na mesa;
- mais médicos voltou;
- isenção de impostos e renda para quem ganha até 2 salários mínimos;",6,29,109
Zarattini,@CarlosZarattini,https://twitter.com/CarlosZarattini/status/1654565875041673216,2023-05-05T19:16:59.000Z,"Lula está a todo vapor! Depois de garantir reajuste salarial dos servidores públicos, Lula enviou ao Congresso um projeto de lei para melhorar o cálculo de reajuste do salário mínimo. A proposta é para que os reajustes anuais passem a levar em conta a inflação medida pelo INPC…",38,221,1.421
Zarattini,@CarlosZarattini,https://twitter.com/CarlosZarattini/status/1654564539449368576,2023-05-05T19:11:41.000Z,"O presidente @LulaOficial  está no Reino Unido e já tem boa notícia vindo de lá. Lula esteve em reunião com o primeiro-ministro, Rishi Sunak, para estreitar as relações comerciais entre os dois países e ampliar as ações pela proteção do meio ambiente. O Brasil voltou!",3,17,78
Zarattini,@CarlosZarattini,https://twitter.com/CarlosZarattini/status/1654275432961679362,2023-05-05T00:02:52.000Z,URGENTE: A vaca foi pro brejo: áudio comprova tentativa de golpe,13,136,668
Zarattini,@CarlosZarattini,https://twitter.com/CarlosZarattini/status/1654274445484105729,2023-05-04T23:58:57.000Z,"Falei hoje ao jornal SP TV da Globo sobre a minha emenda apresentada na Medida Provisória do programa Minha Casa, Minha Vida que, se aprovada, vai garantir aluguel mais barato para famílias de baixa renda.",2,17,76
Zarattini,@CarlosZarattini,https://twitter.com/CarlosZarattini/status/1654242122784964608,2023-05-04T21:50:31.000Z,"STF anula indulto de Bolsonaro a Daniel Silveira. Agora não tem jeito, vai voltar pro xilindró!",35,34,266
Zarattini,@CarlosZarattini,https://twitter.com/CarlosZarattini/status/1654228030569566212,2023-05-04T20:54:31.000Z,"Comparsas de Bolsonaro tramaram até a prisão do ministro Alexandre de Moraes e do presidente do TSE, Luiz Fux. A coisa tá feia para a trupe de Bolsonaro. A vaca tá indo para o brejo.",15,112,464
Zarattini,@CarlosZarattini,https://twitter.com/CarlosZarattini/status/1654227892883144706,2023-05-04T20:53:58.000Z,"Capitão do Golpe: E agora Bolsonaro? Depois da minuta do golpe que estava em poder de Anderson Torres, agora áudio do golpe no celular do comparsa de Bolsonaro.",11,36,160
Zarattini,@CarlosZarattini,https://twitter.com/CarlosZarattini/status/1654209899092496389,2023-05-04T19:42:28.000Z,Alguém ainda tem dúvida que 8jan foi uma tentativa de golpe? Desde a derrota Bolsonaro e seus cupinchas planejavam impedir o governo @LulaOficial . Vamos investigar tudo isso na CPMI!,16,52,202
Zarattini,@CarlosZarattini,https://twitter.com/CarlosZarattini/status/1654172982304989185,2023-05-04T17:15:46.000Z,"Em entrevista pro SPTV expliquei minhas emendas à MP do Minha Casa Minha Vida, criando o Aluguel Social e incluindo no programa pequenos construtores.",1,3,12
Zarattini,@CarlosZarattini,https://twitter.com/CarlosZarattini/status/1654111346047295489,2023-05-04T13:10:51.000Z,Continua a farra dos juros do Banco Central! Brasil é campeão do mundo!,10,41,75
Zarattini,@CarlosZarattini,https://twitter.com/CarlosZarattini/status/1653908127274639361,2023-05-03T23:43:20.000Z,É urgente que o Congresso aprove o PL 1085 que garante a igualdade salarial e remuneratória entre mulheres e homens para o exercício de mesma função. As mulheres merecem essa retração histórica para por fim a essa desigualdade absurda.,4,62,252
Zarattini,@CarlosZarattini,https://twitter.com/CarlosZarattini/status/1653769185149714433,2023-05-03T14:31:13.000Z,"Bolsonaro zomba da inteligência do povo e da justiça. Se não tomou vacina, como acaba de dizer na imprensa, ele sabia que não podia entrar nos EUA. Essa é uma das exigências para ingresso ao país.",16,19,83
Zarattini,@CarlosZarattini,https://twitter.com/CarlosZarattini/status/1653748016531087360,2023-05-03T13:07:06.000Z,Bolsonaro sempre foi um enganador! Enganava os militares fingindo ser um sindicalista. Enganou evangélicos com sua arenga religiosa. Enganou o povo com a conversa de mito. Quis enganar o SUS e a PF falsificando um cartão  de vacinação pra entrar nos EUA e manter seu discurso…,1.257,1.070,5.413
Zarattini,@CarlosZarattini,https://twitter.com/CarlosZarattini/status/1653745164177817601,2023-05-03T12:55:46.000Z,"A lista de crimes só cresce: joias milionárias, rachadinha, crime contra o SUS, atos golpistas…",1,4,17
Zarattini,@CarlosZarattini,https://twitter.com/CarlosZarattini/status/1653745122142461952,2023-05-03T12:55:36.000Z,"Integrantes das Forças Armadas estão reclamando da prisão em área militar. Se um suspeito de crime está neste espaço, paciência. Não podemos agora proteger militares suspeitos de crime, oras!",10,60,227
Zarattini,@CarlosZarattini,https://twitter.com/CarlosZarattini/status/1653745067524325376,2023-05-03T12:55:23.000Z,Bolsonaristas já ativaram seus acéfalos e robôs para rebater a ação da PF.  A verdade dos fatos é que mais um crime de Bolsonaro surge à luz e está sendo investigado.,3,11,54
Zarattini,@CarlosZarattini,https://twitter.com/CarlosZarattini/status/1653745002483163137,2023-05-03T12:55:08.000Z,"Inacreditável que um ex-presidente da República seja acusado de falsificar cartão de vacinação. Segundo a imprensa, o crime teria sido cometido para que ele pudesse fugir para os EUA.",1,7,35
Zarattini,@CarlosZarattini,https://twitter.com/CarlosZarattini/status/1653744891376066566,2023-05-03T12:54:41.000Z,"Segundo a imprensa, Bolsonaro teria participado de uma grande operação para fraudar o seu cartão de vacinação e de integrantes de sua família para garantir fuga aos EUA. Até onde vai a lista de crimes e de loucuras?",6,35,184
Zarattini,@CarlosZarattini,https://twitter.com/CarlosZarattini/status/1653722742842093569,2023-05-03T11:26:41.000Z,A CASA COMEÇOU A CAIR JAIR:  os crimes cometidos por Bolsonaro e sua trupe não ficarão impunes.,12,15,111
Zarattini,@CarlosZarattini,https://twitter.com/CarlosZarattini/status/1653722643890151424,2023-05-03T11:26:17.000Z,A Polícia Federal apreendeu os celulares de Bolsonaro e Michelle! Já imaginou o que vão  descobrir?,15,20,93
Zarattini,@CarlosZarattini,https://twitter.com/CarlosZarattini/status/1653549537531658240,2023-05-02T23:58:25.000Z,"Vitória do esporte e das mulheres! Câmara acaba de aprovar um projeto muito importante para mulheres atletas, o PL 1084/23 que garante manutenção de bolsa-atleta para gestantes e puérperas.  Uma conquista extremamente necessária aprovada com o apoio do PT!3",2,36,78
Zarattini,@CarlosZarattini,https://twitter.com/CarlosZarattini/status/1653547884925669378,2023-05-02T23:51:51.000Z,O lobby das plataformas contra o PL 2630 das Fake News é criminoso. Elas estão investindo alto e espalhando mentiras para manipular a opinião pública e tentar influenciar o voto dos parlamentares. Tudo que está acontecendo mostra a importância da aprovação dessa matéria.…,12,26,99
Zarattini,@CarlosZarattini,https://twitter.com/CarlosZarattini/status/1653487762127966232,2023-05-02T19:52:57.000Z,"Liberdade de expressão sim, mas incitar crimes NÃO. Precisamos aprovar o PL 2630 das Fake News para acabar com a proliferação de discurso de ódio e violência nas redes sociais. Precisamos proteger nossas crianças e adolescentes.",24,55,181
Zarattini,@CarlosZarattini,https://twitter.com/CarlosZarattini/status/1653487533823516674,2023-05-02T19:52:03.000Z,As big tecs estão usando todo o seu poder econômico para pressionar os parlamentares e a sociedade contra o PL 2630 das Fake News. As plataformas querem seguir lucrando com a disseminação de mentiras e o ódio. Ninguém pode apoiar um absurdo assim! #PLContraFake,10,12,59
Zarattini,@CarlosZarattini,https://twitter.com/CarlosZarattini/status/1653487014279368726,2023-05-02T19:49:59.000Z,O PL 2630 das Fake News está sendo alvo de uma imensa e criminosa pressão por parte das grandes empresas de tecnologia. Elas querem manter o controle total do ambiente digital sem qualquer responsabilidade. Não podemos permitir! A Internet não pode ser terra sem Lei.…,2,7,37
Zarattini,@CarlosZarattini,https://twitter.com/CarlosZarattini/status/1653486783542222852,2023-05-02T19:49:04.000Z,O Copom vai se reunir para debater a taxa Selic amanhã e a única decisão cabível é o início do processo de derrubada dos juros. A economia dá sinais positivos e o governo está trabalhando no arcabouço fiscal então o Banco Central precisa baixar os juros. Qualquer ação diferente é…,2,23,55
Zarattini,@CarlosZarattini,https://twitter.com/CarlosZarattini/status/1653486496110788611,2023-05-02T19:47:55.000Z,"Aprovação do projeto de lei 2630, conhecido como PL das Fake News, vai significar um marco civilizatório na Internet! Não podemos mais permitir que as redes sociais sejam terra sem Lei. 
Precisamos impedir já a proliferação de ódio e violência #PL2630SIM",25,50,145
Zarattini,@CarlosZarattini,https://twitter.com/CarlosZarattini/status/1653232659806449664,2023-05-02T02:59:16.000Z,Tá mais que na hora de aprovarmos o PL das fake news. As bigtechs estão pressionando pelas redes mas nós vamos ganhar no voto!,15,34,156
Zarattini,@CarlosZarattini,https://twitter.com/CarlosZarattini/status/1653113922084298784,2023-05-01T19:07:27.000Z,Estamos em plena guerra com essa questão da votação do projeto de Lei das fake news. As plataformas junto com os bolsonaristas estão investindo pesado para impedir a votação.  #PL2630SALVAVIDAS,22,38,161
Zarattini,@CarlosZarattini,https://twitter.com/CarlosZarattini/status/1653075575257415692,2023-05-01T16:35:04.000Z,"Hoje é dia de comemorar e seguir lutando por direitos! 
 #DiaDoTrabalhador #1demaio",3,9,32
Zarattini,@CarlosZarattini,https://twitter.com/CarlosZarattini/status/1653050056470085632,2023-05-01T14:53:40.000Z,"✊1º de maio precisa ser dia de luta
Viva o trabalhador, viva a trabalhadora!#1deMaio",6,26,145
Zarattini,@CarlosZarattini,https://twitter.com/CarlosZarattini/status/1653002755533930498,2023-05-01T11:45:42.000Z,Que lindo! A vítima é a culpada!,16,6,54
