nome,usuario,idTweet,dataPublicacao,texto,replies,retweets,likes
CoronelMeira,@coronel_meira,https://twitter.com/coronel_meira/status/1663652442616086529,2023-05-30T21:03:46.000Z,"A autorização foi publicada no Diário Oficial da União (DOU) da segunda-feira (29). Segundo a portaria do Ministro de Direitos Humanos, Silvio Almeida, Okamotto foi declarado como “anistiado político” e tem direito à reparação econômica de R$ 100 mil.",4,9,21
CoronelMeira,@coronel_meira,https://twitter.com/coronel_meira/status/1663555598636691456,2023-05-30T14:38:56.000Z,"Entrei como coautor, junto com o líder da oposição, Carlos Jordy, com um requerimento de ""MOÇÃO DE REPÚDIO"" contra o ditador Nicolas Maduro e o estreitamento das relações dipolmáticas entre Brasil e Venezuela.",4,18,64
CoronelMeira,@coronel_meira,https://twitter.com/coronel_meira/status/1663294321976651778,2023-05-29T21:20:43.000Z,"A justiça no Brasil acabou! hoje(29) o STF decidiu pela anulação da condenação de Eduardo Cunha, um dos maiores corruptos do Brasil. Agora o ex-presidiario se junta a Sérgio Cabral, Lula e tantos outros, que foram recompensados com impunidade por seus crimes.",28,113,179
CoronelMeira,@coronel_meira,https://twitter.com/coronel_meira/status/1663267390078046208,2023-05-29T19:33:42.000Z,"Conseguimos a aprovação da urgência do PL 490, ""O Marco Temporal"",  e tenho a convicção, que com tantos apoios, vamos conseguir a aprovação da lei essa semana.

 É fundalmental darmos segurança jurídica aos produtores rurais, que são a verdadeira locomotiva desse país.",0,4,23
CoronelMeira,@coronel_meira,https://twitter.com/coronel_meira/status/1663261426683715586,2023-05-29T19:10:00.000Z,"Nossos homens e mulheres, agentes da lei, precisam ser valorizados, com as devidas garantias legais, que não serão penalizados por cumprirem seu dever.",0,4,15
CoronelMeira,@coronel_meira,https://twitter.com/coronel_meira/status/1663212951048708098,2023-05-29T15:57:23.000Z,"Dilma foi responsável pela maior crise econômica da história moderna, e agora é a mais nova esperança dos argentinos. O que se espera é que o Brasil seja prioridade do Banco dos Brics, mas ao que tudo indica, seremos tratados com o mesmo descaso que Dilma tratou os brasileiros.",2,9,17
CoronelMeira,@coronel_meira,https://twitter.com/coronel_meira/status/1663171145573474305,2023-05-29T13:11:15.000Z,O Brasil está caminhando a passos largos para se tornar um refúgio para ditadores e procurados da justiça internacional.,24,167,233
CoronelMeira,@coronel_meira,https://twitter.com/coronel_meira/status/1662504005526847488,2023-05-27T17:00:17.000Z,Finalmente Lula cumpre sua promessa de liberar a picanha passada na farinha com um copo de cerveja gelada!,10,63,91
CoronelMeira,@coronel_meira,https://twitter.com/coronel_meira/status/1662257352492433410,2023-05-27T00:40:10.000Z,"Até agora, foram desmatados 627 quilômetros quadrados (km²), maior volume desde 2019, quando começou a série histórica. Com isso vão caindo as narrativas que Bolsonaro era inimigo do meio ambiente.",11,119,188
CoronelMeira,@coronel_meira,https://twitter.com/coronel_meira/status/1662119288944091136,2023-05-26T15:31:33.000Z,"Sou 100% Bolsonaro e, se meu líder determinou que não se faça manistações no dia 04 de junho, eu não o farei. Contudo, seguirei na luta pela liberdade e pela democracia.",29,129,314
CoronelMeira,@coronel_meira,https://twitter.com/coronel_meira/status/1661850659228905479,2023-05-25T21:44:07.000Z,"Na terça-feira 23, a Polícia Militar de Santa Catarina (PM-SC) prendeu um traficante com drogas. A corporação informou que as embalagens dos entorpecentes tinham o rosto do presidente Luiz Inácio Lula da Silva. 

Fonte: Revista Oeste",1,7,11
CoronelMeira,@coronel_meira,https://twitter.com/coronel_meira/status/1661778922118295572,2023-05-25T16:59:04.000Z,"Como fundador da Frente Parlamentar de Combate à Corrupção, fui designado pelo PL (Partido Liberal), para ser membro titular da Comissão que tratará da alteração na lei de licitações.",0,5,20
CoronelMeira,@coronel_meira,https://twitter.com/coronel_meira/status/1661751192303575040,2023-05-25T15:08:52.000Z,"Lula fez de tudo para impedir, mas não conseguiu! Está instalada a CPMI do dia 08 de Janeiro.  O Brasil vai descobrir a verdade, e vamos punir os verdadeiros culpados.",6,22,79
CoronelMeira,@coronel_meira,https://twitter.com/coronel_meira/status/1661544632348561408,2023-05-25T01:28:05.000Z,PL é o partido comprometido com geração de emprego no Brasil. Para gerar empregos em Pernambuco é necessário mudança econômica e social em todos os seguimentos da cadeia produtiva.,1,10,29
CoronelMeira,@coronel_meira,https://twitter.com/coronel_meira/status/1661460553351438337,2023-05-24T19:53:59.000Z,"CHEGA! VAMOS PARA A RUA!  Dia 04 de Junho, estaremos nas ruas de todo Brasil lutando por LIBERDADE, pela DEMOCRACIA, e contra os ABUSOS DE AUTORIDADES. BASTA!",20,34,60
CoronelMeira,@coronel_meira,https://twitter.com/coronel_meira/status/1661386830644752388,2023-05-24T15:01:02.000Z,"Após o afastamento do Juíz Eduardo Appio, Gabriela Hardt assumiu o comando da ""Operação Lava Jato"". Gabriela protagonizou um dos momentos mais icônicos de toda a operação, quando alertou Lula ""que se ele continuasse nesse tom, teria problema"".",0,12,34
CoronelMeira,@coronel_meira,https://twitter.com/coronel_meira/status/1661359433568452609,2023-05-24T13:12:10.000Z,"Não mudo minhas convicções nem meu compromisso com o povo Brasileiro, votei contra o Arcabouço Fiscal. A batalha ainda não está perdida, o projeto segue para o Senado e pode voltar para Câmara em caso de mudança, além dos destaques que ainda serão votados.",9,26,81
CoronelMeira,@coronel_meira,https://twitter.com/coronel_meira/status/1661154033535680513,2023-05-23T23:35:59.000Z,"Vamos fiscalizar juntos, todo o dinheiro Federal que for enviado para os Estados e Municípios, mais do que nunca, precisamos do seu apoio. O meu muito obrigado ao Primeiro Vice Delegado Ramagem e a Segunda Vice, Carla Zambelli.",26,254,1.136
CoronelMeira,@coronel_meira,https://twitter.com/coronel_meira/status/1661138144719405057,2023-05-23T22:32:50.000Z,Peça para o seu Deputado e Senador apoair a CPMI do Crime Organizado: CD 233780788600.,8,61,129
CoronelMeira,@coronel_meira,https://twitter.com/coronel_meira/status/1661010873153126402,2023-05-23T14:07:06.000Z,"É assustador que um Juíz Federal se faça valer de práticas stalinistas. Ontem (22) Appio declarou em entrevista ""Que não se tratava de vingança contra a Lava-Jato, mas um acerto de contas"", pois bem, o acerto de contas parece ter chegado em menos de 24h.",8,96,182
CoronelMeira,@coronel_meira,https://twitter.com/coronel_meira/status/1660834647440277505,2023-05-23T02:26:51.000Z,"Em publicação em suas redes sociais, Deltan Dallagnol afirmou que o afastamento se deu por uma suposta ameaça feita por Appio contra o filho do Desembargador Marcelo Malucelli, o que pode resultar em demissão.",3,24,52
CoronelMeira,@coronel_meira,https://twitter.com/coronel_meira/status/1660765287208169473,2023-05-22T21:51:14.000Z,"Eduardo Appio, o mesmo que utilizava o e-mail Lul2022 , declarou em entrevista a Globo News, que abriu inquerito para apurar um suposto grampo ilegal na cela de Youssef. 

Ainda durante a entrevista, Appio disparou ""Não é vingança (contra a Lava-jato), é acerto de contas"".",2,16,31
CoronelMeira,@coronel_meira,https://twitter.com/coronel_meira/status/1660714823687061505,2023-05-22T18:30:43.000Z,"Segundo o Jornal O Globo, O advogado Marcelo de Oliveira Mello,que já foi sócio minoritário de uma offshore de Nestor Cerveró, foi nomeado chefe do Departamento Jurídico da Petrobras. É a coroação final do desmonte da Lava-Jato.",0,11,21
CoronelMeira,@coronel_meira,https://twitter.com/coronel_meira/status/1660646226377801735,2023-05-22T13:58:08.000Z,"Não bastasse a aquisição de moveis de luxo, e viagens ao redor do mundo, tudo pago com o dinheiro do povo brasileiro, Janja quer mais! Segundo levantamento da Revista Veja, a primeira dama conseguiu emplacar sua Ex-Sócia, Margarida Cristina de Quadros, no Gabinete do marido.",10,80,123
CoronelMeira,@coronel_meira,https://twitter.com/coronel_meira/status/1659920428242989059,2023-05-20T13:54:04.000Z,"É preciso instalar com urgência a CPMI do Crime Organizado para combatermos essas organizações, que hoje são o maior mal à 4ssolar o Brasil. 

 OBS: A ONG não possui qualquer relação com o apresentador de TV Luciano Huck.",16,79,163
CoronelMeira,@coronel_meira,https://twitter.com/coronel_meira/status/1659643641554411520,2023-05-19T19:34:13.000Z,"O cenário futuro projeta números ainda piores, com a deterioração da economia. Lula prometeu um mundo de fantasias, e está entregando um verdadeiro pesadelo para o povo brasileiro.

Fonte: Poder360",1,5,19
CoronelMeira,@coronel_meira,https://twitter.com/coronel_meira/status/1659570781351731200,2023-05-19T14:44:42.000Z,"É importante lembrar que Youssef é réu confesso, tendo inclusive devolvido dinheiro fruto de atividas ilícitas, uma possível anulação de sua condenação será a derradeira pá da cal no enterro da justiça brasileira.  

Fonte: Revista Oeste - Revista Veja",1,14,26
CoronelMeira,@coronel_meira,https://twitter.com/coronel_meira/status/1659303436574130180,2023-05-18T21:02:22.000Z,"Lula quer um verdadeiro cheque em branco! o novo ""Arcabouço Fiscal"" recebeu nas últimas horas, sete emendas, sendo uma, a isenção de responsabilidade em caso de não cumprimento das metas fiscais. Ou seja, cria-se uma porta para que o Governo gaste de forma descontrolada.",5,82,117
CoronelMeira,@coronel_meira,https://twitter.com/coronel_meira/status/1659220672680271877,2023-05-18T15:33:29.000Z,"A Acelen, controladora da Refinaria de Mataripe, na Bahia, vai pedir ao Conselho Administrativo de Defesa Econômica (Cade) uma decisão preventiva contra a venda de petróleo pela Petrobras a preços maiores do que a estatal pratica para suas próprias refinarias.",3,21,34
CoronelMeira,@coronel_meira,https://twitter.com/coronel_meira/status/1659181095701692417,2023-05-18T12:56:13.000Z,"Pau que dá em Chico, dá em Francisco. 

Entramos no STF para que *GLOBO E FOLHA* sejam incluídas no mesmo inquérito e recebam o mesmo tratamento que *Telegram e Google*.",7,45,98
CoronelMeira,@coronel_meira,https://twitter.com/coronel_meira/status/1658969827464167424,2023-05-17T22:56:43.000Z,"Não é justiça, é VINGANÇA! Lula está em uma verdadeira cruzada para vingar-se de todos que colocaram ele na cadeia, não importando os métodos. Hoje foi Deltan, amanha pode ser qualquer um que cruzar seu caminho. Vamos lutar para evitar que essa gente destrua a democracia.",3,5,12
CoronelMeira,@coronel_meira,https://twitter.com/coronel_meira/status/1658955604478631941,2023-05-17T22:00:12.000Z,"Como o próprio Deputado disse, todo tombo dói, mas não é o fim, é um novo começo!",2,9,25
CoronelMeira,@coronel_meira,https://twitter.com/coronel_meira/status/1658920178069929984,2023-05-17T19:39:26.000Z,"Foi instalada hoje(17) a CPI do MST, que será presidida pelo meu amigo, Dep. Zucco e conta com relatoria de Ricardo Salles. É hora do Brasil descobrir quem está por trás da indústria de invasões, e principalmente, punir os responsáveis. A lei é para ser cumprida!",52,171,417
CoronelMeira,@coronel_meira,https://twitter.com/coronel_meira/status/1658879558030852119,2023-05-17T16:58:01.000Z,"No Brasil que vivemos fazer piada sobre obesidade é crime, mas chefiar o maior esquema de corrupção da humanidade não é motivo suficiente para impedir Lula de concorrer a presidência.  @LeoLins",1,4,12
CoronelMeira,@coronel_meira,https://twitter.com/coronel_meira/status/1658642739582451713,2023-05-17T01:16:59.000Z,"Minha total solidariedade ao Dep. Deltan Dallagnol. Hoje(16),  por unanimidade o TSE cassou o mandato de Dallagnol, atropelando a justiça do Paraná, que já havia se posicionado, declarando não haver nada que impedisse Deltan de disputar a eleição. Deltan Dallagnol é FICHA LIMPA!",116,199,504
CoronelMeira,@coronel_meira,https://twitter.com/coronel_meira/status/1658565456377139212,2023-05-16T20:09:54.000Z,"O meu presidente, Jair Messias Bolsonaro, não cobrava pela água, e por isso mesmo, estamos elaborando um projeto que prevê um prazo para que os produtores possam estabelecer seus cultivos e isenção para os agricultores familiares.",3,49,93
CoronelMeira,@coronel_meira,https://twitter.com/coronel_meira/status/1658525229885292570,2023-05-16T17:30:03.000Z,"Lula custa caro ao povo Brasileiro, e cada mês a mais em que permanece no poder, aumenta o estrago ao erário público. IMPEACHMENT JÁ!",3,11,37
CoronelMeira,@coronel_meira,https://twitter.com/coronel_meira/status/1658517809503010821,2023-05-16T17:00:34.000Z,"A reunião semanal da oposição decidiu por unanimidade votar contra o pedido de urgência do ""Arcabouço Fiscal"".  O projeto, da maneira que está, irá estourar as contas públicas, e isso não vamos aceitar.",7,51,95
CoronelMeira,@coronel_meira,https://twitter.com/coronel_meira/status/1658229325248839681,2023-05-15T21:54:14.000Z,"Lula custa caro ao povo Brasileiro, e cada mês a mais em que permanece no poder, aumenta o estrago ao erário público. IMPEACHMENT JÁ!",2,30,50
CoronelMeira,@coronel_meira,https://twitter.com/coronel_meira/status/1658135256120057856,2023-05-15T15:40:26.000Z,"Nos três primeiros meses do ano, o governo Lula gastou no cartão corporativo mais de R$ 2,5 milhões. Nenhuma novidade! Lula só tem compromisso com ele mesmo, e está determinado  a torrar o suado dinheiro do povo brasileiro  para manter sua vida de ostentação.",1,5,19
CoronelMeira,@coronel_meira,https://twitter.com/coronel_meira/status/1658117942037344263,2023-05-15T14:31:38.000Z,"A mensagem é clara, para Lula e seus iguais, quem destrói e invade tem mais valor do que quem produz, entretanto Lula se esquece que a bancada do agronegócio é composta por mais de 300 deputados e em poucos dias terá início a CPI do MST.",6,24,39
CoronelMeira,@coronel_meira,https://twitter.com/coronel_meira/status/1657429015194484737,2023-05-13T16:54:05.000Z,"O Supremo Tribunal Federal (STF) retomou, nesta sexta-feira (12/5), julgamento que analisa a legalidade da revista íntima em presídios. O julgamento foi iniciado em plenário físico, mas paralisado pelo ministro Dias Toffoli, em 2020.",4,10,27
CoronelMeira,@coronel_meira,https://twitter.com/coronel_meira/status/1657383437450313728,2023-05-13T13:52:58.000Z,"Agora vão tentar se eximir de qualquer participação, assim como fizeram quando veio a público que Adélio Bispo foi filiado ao Psol por sete anos. Violência e depredação sempre foram marcas da esquerda.",2,15,44
CoronelMeira,@coronel_meira,https://twitter.com/coronel_meira/status/1657041390579195906,2023-05-12T15:13:48.000Z,"Com essa revelação fica incontestável a participação de infiltrados, restando saber quem foi o mandante! O Brasil vai descobrir a verdade na CPMI! E vamos punir os culpados.",6,69,130
CoronelMeira,@coronel_meira,https://twitter.com/coronel_meira/status/1656722912533938196,2023-05-11T18:08:17.000Z,"Assinei como co-autor, o PL 2501/2023 de autoria do Deputado Gilson Marques. O projeto é uma resposta da Câmara as inúmeras imposições de censura, e tem como objetivo impedir que a voz de milhões de brasileiros sejam caladas.",22,28,84
CoronelMeira,@coronel_meira,https://twitter.com/coronel_meira/status/1656690037172453377,2023-05-11T15:57:39.000Z,Espero que as devidas punições sejam aplicadas aos autores e ao PT por esse comportamento característico dos partidos comunistas que se apropriam da coisa pública sem qualquer pudor.,1,25,58
CoronelMeira,@coronel_meira,https://twitter.com/coronel_meira/status/1656662620827709440,2023-05-11T14:08:42.000Z,"É com imensa alegria e sensação de dever cumprido que trago a notícia do início das obras da Escola de Sargentos, que será construída no Campo de Instrução Marechal Newton Cavalcanti (CIMNC). Ao todo serão investidos 1,8 bilhão de reais, gerando 12 mil empregos diretos.",6,21,56
CoronelMeira,@coronel_meira,https://twitter.com/coronel_meira/status/1656406999834284034,2023-05-10T21:12:57.000Z,"A CPI do MST está se aproximando, e deve ser presidida pelo meu amigo Tenente-Coronel Zucco. É consenso a necessidade de participação dos Estados no combate e prevenção as invasões criminosas, por isso, vamos abrir um canal de comunicação para escutar e cobrar os Governadores.",5,43,120
CoronelMeira,@coronel_meira,https://twitter.com/coronel_meira/status/1656302140669796361,2023-05-10T14:16:17.000Z,"O que espanta é a celeridade do tribunal em pautar o tema, menos de uma semana depois de Flávio Dino garantir que a ""CENSURA"" viria em forma de lei pelo Congresso ou via judiciário. Não existe democracia quando juízes sem voto tem mais poder que Deputados e Senadores eleitos.",7,15,38
CoronelMeira,@coronel_meira,https://twitter.com/coronel_meira/status/1656064926706814976,2023-05-09T22:33:41.000Z,"O Ministério Público Federal isentou Anderson Torres de qualquer responsabilidade pelos atos do dia 08 de Janeiro, já em relação a Flávio Dino não podemos dizer o mesmo. Existe farta documentação e indícios que o Ministro da Justiça sabia da tentativa de invasão e se omitiu.",92,441,915
CoronelMeira,@coronel_meira,https://twitter.com/coronel_meira/status/1656023502678368318,2023-05-09T19:49:05.000Z,"Durante audiência pública sobre a prerrogativa parlamentar, o 
Desembargador William Douglas fez um importante alerta! Juízes sem voto não podem calar ou mudar legislações de Deputados e Senadores eleitos. Um Parlamentar não fala por si, mas por milhares de eleitores.",3,29,72
CoronelMeira,@coronel_meira,https://twitter.com/coronel_meira/status/1655996775306494017,2023-05-09T18:02:52.000Z,"inaceitável a utilização de simbolos nacionais para esta finalidade, em virtude disso, estou levantando as medidas cabiveis para responsabilizar os autores.",1,27,40
CoronelMeira,@coronel_meira,https://twitter.com/coronel_meira/status/1655936759887441922,2023-05-09T14:04:24.000Z,"Ministério Público Federal não vê improbidade de Anderson Torres nos atos do dia 08 de Janeiro, derrubando por terra qualquer narrativa conspiracionista. Com isso, fica evidente que Torres é um preso político, condenado sem julgamento, pelo crime de ser de DIREITA.",21,167,287
CoronelMeira,@coronel_meira,https://twitter.com/coronel_meira/status/1655639437747912705,2023-05-08T18:22:56.000Z,"A contratação foi feita em março, em regime de urgência, ou seja, sem licitação. Agora eu quero ver como a mídia passadora de pano vai explicar essa!",4,46,73
CoronelMeira,@coronel_meira,https://twitter.com/coronel_meira/status/1655602702406098946,2023-05-08T15:56:58.000Z,"A velha estratégia comunista. E, não se enganem: eles vão tentar criminalizar e prender qualquer pessoa que lembre dessa verdade.",2,38,67
CoronelMeira,@coronel_meira,https://twitter.com/coronel_meira/status/1655260395408351234,2023-05-07T17:16:46.000Z,"Caso isso aconteça, o ambiente empresarial no Brasil ficará inviável, e provavelmente veremos grandes marcas e indústrias abandonando o país.

Fonte: Revista Oeste",19,52,87
CoronelMeira,@coronel_meira,https://twitter.com/coronel_meira/status/1654919978771005447,2023-05-06T18:44:04.000Z,Vamos debater no Parlamento alguma forma de criarmos mecanimos que respeitem o erário público destinado à Educação. Estamos dedicados a combater o mal uso do dinheiro suado de nosso povo.,11,27,54
CoronelMeira,@coronel_meira,https://twitter.com/coronel_meira/status/1654870398989742080,2023-05-06T15:27:03.000Z,"Todos são iguais, mas para Alexandre de Moraes alguns são mais iguais que outros. O Ministro do STF liberou visitas para Anderson Torres, que segue preso sem condenação, entretanto, Moraes não permitiu que os Senadores Marcos do Val e Flávio Bolsonaro tivessem acesso a Torres.",17,56,115
CoronelMeira,@coronel_meira,https://twitter.com/coronel_meira/status/1654548119491682304,2023-05-05T18:06:26.000Z,"Lula e Janja seguem imparáveis em sua missão de torrar dinheiro público! O casal chegou na manhã desta sexta-feira (5), a Londres, e estão hospedados na suíte real do hotel JW Marriot, no bairro de Mayfair, em uma área nobre da capital inglesa. O preço da diária é de £ 15 mil.",367,410,1.028
CoronelMeira,@coronel_meira,https://twitter.com/coronel_meira/status/1654499123268145152,2023-05-05T14:51:44.000Z,"Apenas DITADORES ameaçam impor sua vontade contra a população na ""MARRA"". Diferente de Flávio Dino, eu fui eleito democraticamente para defender a Constituição, a Democracia e a população de pernambucano e do Brasil. 

Lutarei contra e colocaremos fim nessa tirania.",15,27,61
CoronelMeira,@coronel_meira,https://twitter.com/coronel_meira/status/1654486780081520642,2023-05-05T14:02:41.000Z,"Lula está ficando sem saída! Ontem (04), a Comissão Mista do Congresso aprovou a quebra de Sigilo do Relatório da ABIN, com isso, em breve, o Brasil ficará sabendo o que realmente aconteceu no dia 08 de janeiro e Lula estará mais próximo do IMPEACHEMENT!",9,25,62
CoronelMeira,@coronel_meira,https://twitter.com/coronel_meira/status/1654286798158286848,2023-05-05T00:48:02.000Z,❌ IMPEACHMENT JÁ. FORA LULA!#PL22 #SargentoGonçalves #Impeachment #Pedido #Câmara #Brasil #VerdeAmarelo #DeusAcima,4,30,62
CoronelMeira,@coronel_meira,https://twitter.com/coronel_meira/status/1654143629751992322,2023-05-04T15:19:08.000Z,"Dobrando a aposta e desafiando a CPI, o ""Movimento"" invadiu um escritório na Bahia sobre o pretexto de ""ativar o dialogo"".  Essa desordem vai acabar! a CPI está chegando e vamos investigar a indústria de invasões e principalmente, punir os responsáveis.",3,32,56
CoronelMeira,@coronel_meira,https://twitter.com/coronel_meira/status/1653922188687294464,2023-05-04T00:39:12.000Z,"Relatórios de inteligência já apontavam o risco de invasão, e foram ignorados. Lula é diretamente responsável pelo ocorrido, e em razão disso, Eu, juntamente com outros 42 Deputados, estamos entrando com pedido de IMPEACHMENT.",22,112,240
CoronelMeira,@coronel_meira,https://twitter.com/coronel_meira/status/1653775230886723587,2023-05-03T14:55:15.000Z,"Foi instalada hoje (03), a Frente Parlamentar de Segurança Pública, a qual, além de coautor, fui nomeado coordenador no Estado de Pernambuco. São mais de 30 anos servindo a sociedade como Policial Militar, e agora estou pronto para servir ainda mais o nosso Pernambuco.",4,8,31
CoronelMeira,@coronel_meira,https://twitter.com/coronel_meira/status/1653751599334825986,2023-05-03T13:21:21.000Z,As demarcações sem lógica voltaram e o agro sofre mais essa pressão do desgoverno Lula.,0,9,20
CoronelMeira,@coronel_meira,https://twitter.com/coronel_meira/status/1653561015303385088,2023-05-03T00:44:02.000Z,"Não é uma vitória definitiva, mas com certeza um importante passo e principalmente uma demostração de força! A DIREITA ESTÁ UNIDA E MAIS FORTE DO QUE NUNCA!",3,15,48
CoronelMeira,@coronel_meira,https://twitter.com/coronel_meira/status/1653516633732706304,2023-05-02T21:47:40.000Z,"Durante o fim de semana e o feriado, trabalhamos duro para reverter votos. Aqui em Pernambuco conseguimos mudar o voto de 4 Deputados. Agora a tarde, em reunião, ficou decidido que vamos para o enfrentamento. Todos vamos votar contra a PL 2630!",13,38,119
CoronelMeira,@coronel_meira,https://twitter.com/coronel_meira/status/1653459397882855429,2023-05-02T18:00:14.000Z,"Durante coletiva de imprensa, Flávio Dino explicou que a empresa Google se define como uma plataforma de tecnologia e por isso não pode publicar um “editorial”. 

O prazo para adequação é de 2 horas, com multa de 1 milhão de reais por hora em caso de não cumprimento.",6,8,19
CoronelMeira,@coronel_meira,https://twitter.com/coronel_meira/status/1653433455881908226,2023-05-02T16:17:09.000Z,"A CPI está instalada, e alguns dos que estão nessa foto, terão que explicar ao Brasil que tipo de relação é essa.",10,22,37
