nome,usuario,idTweet,dataPublicacao,texto,replies,retweets,likes
Coronel Ulysses,@coronelulysses,https://twitter.com/coronelulysses/status/1663487015441035265,2023-05-30T10:06:25.000Z,Nunca foi fake. Meu repúdio e indignação pela presença no Brasil desse Ditador Venezuelano procurado pelos Estados Unidos como Narcotraficante. Criminoso da mais alta periculosidade e verdadeiro Genocida.,2,2,11
Coronel Ulysses,@coronelulysses,https://twitter.com/coronelulysses/status/1661150903481819136,2023-05-23T23:23:32.000Z,Em Roma (Itália) participando do Fórum Internacional de Combate ao Crime Organizado Transnacional e legislação anti-máfia.É um evento realizado pelo George C. Marshall Europa Center.#FórumInternacional #CombateAoCrime #SegurançaPública #RepresentandoOBrazil,1,1,7
Coronel Ulysses,@coronelulysses,https://twitter.com/coronelulysses/status/1659511052214648832,2023-05-19T10:47:21.000Z,"Em todas as pesquisas, 80% dos brasileiros é CONTRA. Mas o STF não está nem aí para o cidadão que já está cansado e com receio de ir às ruas. Já temos lei nacional sobre drogas desde 2019. Aprovada pelo Congresso, sancionada pelo Presidente. Isso é mais um ativismo judicial.",1,2,4
Coronel Ulysses,@coronelulysses,https://twitter.com/coronelulysses/status/1658840621354762240,2023-05-17T14:23:18.000Z,"Manifesto minha irresignação diante de um julgamento em que um Poder mais uma vez atropela o outro, num contexto de vingança e aparelhamento do governo contra a Lava Jato, além da inovação absurda inventando uma nova hipótese de inelegibilidade em cima de suposições.",1,2,5
Coronel Ulysses,@coronelulysses,https://twitter.com/coronelulysses/status/1656769075450716160,2023-05-11T21:11:43.000Z,"Recebi a noticia agora que o Ex-Ministro Anderson Torres será liberado. Que Deus abençoe seu retorno ao seio de sua família, esposa e filhas!!! Sempre digo: “Assim como toda alegria é passageira, nenhum sofrimento é eterno”.",1,2,6
Coronel Ulysses,@coronelulysses,https://twitter.com/coronelulysses/status/1655366941538676736,2023-05-08T00:20:08.000Z,"Lula..,fica pedindo e mendigando, mundo afora, inclusive vendendo nossa Amazônia, mas tem dinheiro para dá aos países de esquerda da América do Sul!
Isso é picaretagem ou mau-caratismo ?",3,1,8
Coronel Ulysses,@coronelulysses,https://twitter.com/coronelulysses/status/1655025186675073026,2023-05-07T01:42:08.000Z,"Até parece q não se tem homicídios,roubos,corrupção, tráfico de drogas e outros crimes; quando se movimenta um dos aparatos judiciários mais caro do mundo para a PF apreender um cartão de vacina. Na falta do que fazer solta o Rapp e devolve seu helicóptero, lancha e mansões.",0,2,8
Coronel Ulysses,@coronelulysses,https://twitter.com/coronelulysses/status/1654224363934081027,2023-05-04T20:39:57.000Z,Votamos sim para aprovar o PL 1085/2023 pela igualdade de salário e remuneração entre homens e mulheres que exercem a mesma função.,2,1,8
Coronel Ulysses,@coronelulysses,https://twitter.com/coronelulysses/status/1654176203140366350,2023-05-04T17:28:34.000Z,"Ontem derrubamos o Decreto que acabava com o Marco do Saneamento. Um dia antes a PL da Censura foi retirada de pauta e será enterrada.
Próximo passo será aprovar o PDL 03 dos CACs e o Marco Temporal. CPMI de 8 janeiro e MST vindo com força. Sabe o que eu acho??? Eu acho é pouco!!",1,3,10
Coronel Ulysses,@coronelulysses,https://twitter.com/coronelulysses/status/1653627733488926720,2023-05-03T05:09:09.000Z,PL da censura retirado de pauta. Derrota maiúscula imposta ao Governo. Vitória da liberdade de expressão.,2,1,6
Coronel Ulysses,@coronelulysses,https://twitter.com/coronelulysses/status/1653242523991564288,2023-05-02T03:38:28.000Z,O objetivo do PL da censura é calar a direita. É amordaçar opinião e idéias contrárias às ideologias nefastas e sórdidas da esquerda. Nem foi aprovada ainda é já estão querendo censurar!!!,4,2,8
