nome,usuario,idTweet,dataPublicacao,texto,replies,retweets,likes
Dayany do Capitão,@dayanydocapitao,https://twitter.com/dayanydocapitao/status/1662907044607696896,2023-05-28T19:41:49.000Z,"A zoofilia é uma triste e cruel realidade. Um ato como esse tem meu total repúdio e desprezo, por isso, na Câmara dos Deputados, eu apresentei um projeto de Lei que torna HEDIONDO o crime de zoofilia. Os animais merecem cuidado e respeito!",0,1,2
Dayany do Capitão,@dayanydocapitao,https://twitter.com/dayanydocapitao/status/1661489659686408196,2023-05-24T21:49:38.000Z,"188 anos da gloriosa Polícia Militar do Ceará. Tenho um grande orgulho e carinho por essa instituição que tanto fez e faz pelo povo cearense. 

Contem sempre com o meu trabalho! 🙌🏽🙏🏽#PMCE",0,2,6
Dayany do Capitão,@dayanydocapitao,https://twitter.com/dayanydocapitao/status/1661363678938005508,2023-05-24T13:29:02.000Z,"Ontem, aprovamos na Câmara dos Deputados, uma moção de repúdio em razão dos ataques racistas sofridos pelo jogador Vinícius Jr. na Espanha. É repugnante o que vem acontecendo e, é preciso dar um basta! 🤚🏽",0,2,4
Dayany do Capitão,@dayanydocapitao,https://twitter.com/dayanydocapitao/status/1657734723161018374,2023-05-14T13:08:51.000Z,"Quanta dor os familiares e amigos destes polícias devem estar sentindo, nesse que era pra ser um domingo de celebração. Que Deus conforte o coração dessas famílias. 😞",0,1,5
Dayany do Capitão,@dayanydocapitao,https://twitter.com/dayanydocapitao/status/1655623071552897024,2023-05-08T17:17:54.000Z,"É inadmissível que nos dias de hoje ainda se use cerol. A venda de cerol é proibida em vários estados do Brasil, precisamos que haja uma fiscalização com maior rigor.",1,1,4
