nome,usuario,idTweet,dataPublicacao,texto,replies,retweets,likes
Delegado Marcelo Freitas,@DelegadoFreitas,https://twitter.com/DelegadoFreitas/status/1663683347225141252,2023-05-30T23:06:34.000Z,"O Marco Temporal não busca prejudicar ninguém! Território indígena homologado será mantido exatamente como está.

Desde que esteja comprovada a ocupação até a data estabelecida pela Constituição, a terra indígena permanecerá intocada.

Eu voto sim ao PL 490/07! SIM Marco temporal",3,2,12
Delegado Marcelo Freitas,@DelegadoFreitas,https://twitter.com/DelegadoFreitas/status/1661735882544803841,2023-05-25T14:08:02.000Z,"Eu votei SIM à urgência do PL 490/2007 e votarei favorável ao mérito do projeto, a fim de que as terras dos povos originários tenham como limite o ano de 1988.

O STF quer dobrar a demarcação de terras! Os indígenas são 1 % da população e possuem 14% do território nacional!",2,0,7
Delegado Marcelo Freitas,@DelegadoFreitas,https://twitter.com/DelegadoFreitas/status/1661125824135692288,2023-05-23T21:43:53.000Z,"Estamos apresentando uma PEC que “Institui mandato de 8 anos para ministros dos Tribunais Superiores”, em especial ministros do Supremo Tribunal Federal.",4,2,15
Delegado Marcelo Freitas,@DelegadoFreitas,https://twitter.com/DelegadoFreitas/status/1659943748862705664,2023-05-20T15:26:44.000Z,"Participamos, agora há pouco, da entrega de cerca de 400 títulos imobiliários a moradores da cidade de Patis, fruto da regularização fundiária urbana, realizada pela Prefeitura Municipal.

Parabéns ao prefeito Valmir Morais, ao vice Elivaldo Versiani,aos vereadores e secretários",1,0,6
Delegado Marcelo Freitas,@DelegadoFreitas,https://twitter.com/DelegadoFreitas/status/1658962931122597889,2023-05-17T22:29:19.000Z,"A cassação de Deltan Dallagnol, por parte  do Tribunal  Superior Eleitoral- TSE, é uma decisão com a qual não podemos concordar.

São inúmeras decisões emanadas do Poder Judiciário com o objetivo de calar o parlamento brasileiro.",0,0,7
Delegado Marcelo Freitas,@DelegadoFreitas,https://twitter.com/DelegadoFreitas/status/1656690875332698118,2023-05-11T16:00:59.000Z,"MAIO LARANJA: PEDOFILIA ARTIFICIAL 

A utilização da figura infantil,em cenas de sexo ou pornográficas,ainda que por meio de uma criação gráfica,sem retratar criança ou adolescente que exista de fato, deve ser criminalizada, pela capacidade de estimular a lascívia dos pedófilos",1,0,6
Delegado Marcelo Freitas,@DelegadoFreitas,https://twitter.com/DelegadoFreitas/status/1656366460430610439,2023-05-10T18:31:52.000Z,"A DITADURA DO STF E A CENSURA NO BRASIL

Em mais uma decisão de Alexandre de Moraes, o STF determinou que o Telegram apague mensagem enviada a seus usuários sobre o PL da Censura e envie outra mensagem, “corrigindo” a anterior.

Caso o Telegram descumpra essa ordem, será suspenso",3,0,8
Delegado Marcelo Freitas,@DelegadoFreitas,https://twitter.com/DelegadoFreitas/status/1656069553636405248,2023-05-09T22:52:04.000Z,"Os ministros do STF não estão invocando um instituto de atuação jurisdicional pela omissão do parlamento!

Eles estão indicando que se não aprovarmos o que eles entendem adequado, eles enquadrarão deputados e senadores!",1,3,6
Delegado Marcelo Freitas,@DelegadoFreitas,https://twitter.com/DelegadoFreitas/status/1655616552903880710,2023-05-08T16:52:00.000Z,"Das duas, uma:

1) ou a imprensa está mentindo;

2) ou a “cúpula da PF” viola direitos e garantias de @andersongtorres , cometendo, por consequência, abuso de autoridade (Lei 13.869/20).",0,0,3
Delegado Marcelo Freitas,@DelegadoFreitas,https://twitter.com/DelegadoFreitas/status/1655345176317968386,2023-05-07T22:53:39.000Z,"FAZENDA DESOCUPADA NO NORTE DE MINAS

Acabamos de falar com o proprietário da Fazenda Chapada,localizará no município de Jequitaí, e recebemos a confirmação que a propriedade foi desocupada.

Os invasores se autoproclamam integrantes da FNL-Frente Nacional de Luta Campo e Cidade",1,1,6
Delegado Marcelo Freitas,@DelegadoFreitas,https://twitter.com/DelegadoFreitas/status/1655227488656584704,2023-05-07T15:06:00.000Z,"INVASÃO DE TERRAS NO NORTE DE MINAS

Acabamos de tomar conhecimento de invasão de terras na cidade de JEQUITAÍ, Fazenda Chapada, por um grupo de aproximadamente 15 pessoas/famílias.

Estamos buscando prestar o apoio necessário para retirar os invasores da propriedade.",1,0,6
Delegado Marcelo Freitas,@DelegadoFreitas,https://twitter.com/DelegadoFreitas/status/1653818894144946177,2023-05-03T17:48:45.000Z,"Com satisfação, assumi hoje a vice-Presidência da Frente Parlamentar da Segurança Pública, colegiado que tem mais de 260 deputados.

O nosso principal objetivo é garantir segurança pública de qualidade para a população, com fortalecimento das instituições para reprimir o crime.",4,1,5
Delegado Marcelo Freitas,@DelegadoFreitas,https://twitter.com/DelegadoFreitas/status/1653539101977477120,2023-05-02T23:16:57.000Z,"Com muito mais convicção, especialmente após a decisão de Alexandre de Moraes, determinando que a PF ouça diretores do Google,Meta (dona do Facebook,WhatsApp e Instagram), Spotify e Brasil Paralelo,meu voto é CONTRA o PL DAS FAKE NEWS.

Espero que esse PL seja pautado e derrotado",2,0,12
Delegado Marcelo Freitas,@DelegadoFreitas,https://twitter.com/DelegadoFreitas/status/1653009358140104705,2023-05-01T12:11:57.000Z,"Não existe referencial mais importante que o trabalho! Não há benefício social que supere sua relevância!

Que possamos acreditar na força do trabalho! Que possamos valorizar quem, com o suor do seu corpo, produz e gera riqueza para o país!

Parabéns TRABALHADOR pelo seu dia!",1,0,2
