nome,usuario,idTweet,dataPublicacao,texto,replies,retweets,likes
Dep. Joaquim Passarinho,@depjpassarinho,https://twitter.com/depjpassarinho/status/1663164964125782017,2023-05-29T12:46:42.000Z,"🚨 ENTENDA 
Hoje é o Dia Mundial da Energia. 
Embora o Pará possua duas das principais hidrelétricas do país, pagamos uma energia muito cara!",1,4,10
Dep. Joaquim Passarinho,@depjpassarinho,https://twitter.com/depjpassarinho/status/1661826524360613901,2023-05-25T20:08:13.000Z,"Missão Técnica da Frente da Mineração Suatentavel na CBMM, em Araxá: conhecendo a mina de exploração de nióbio. 

Conhecendo as práticas de mineração sustentável, sistemas de monitoramento de barragens, maquinários de processamento de minério e muito mais!#mineração",0,2,5
Dep. Joaquim Passarinho,@depjpassarinho,https://twitter.com/depjpassarinho/status/1660698252725874688,2023-05-22T17:24:52.000Z,Também precisamos crescer! O meu estado do Pará e toda a região amazônica clamam por desenvolvimento.#pará #estadodopara #petroleo #petrobrás #ibama,1,2,12
Dep. Joaquim Passarinho,@depjpassarinho,https://twitter.com/depjpassarinho/status/1660658851086053378,2023-05-22T14:48:18.000Z,🌍🌿 Dia Internacional da Biodiversidade! É hora de celebrar a incrível variedade de vida em nosso planeta! Vamos explorar juntos a importância da biodiversidade e o que podemos fazer para protegê-la. 🌎💚 #DiaDaBiodiversidade #PreservarParaProsperar,0,0,4
Dep. Joaquim Passarinho,@depjpassarinho,https://twitter.com/depjpassarinho/status/1658917366024089602,2023-05-17T19:28:15.000Z,Inauguração da Nova Sede da @frentefcs #comércioeserviços #comercio #serviço,0,0,4
Dep. Joaquim Passarinho,@depjpassarinho,https://twitter.com/depjpassarinho/status/1658866244034916352,2023-05-17T16:05:07.000Z,"Hoje haverá votação da Urgência do Projeto do “Arcabouço Fiscal” do Governo. Proposta ruim, já melhorada pelo Relator, mais ainda sem base para a realidade do Brasil 🇧🇷. Precisamos votar algo que traga tranquilidade ao mercado. Precisamos do mínimo  de segurança para quem…",1,3,9
Dep. Joaquim Passarinho,@depjpassarinho,https://twitter.com/depjpassarinho/status/1658663941134745606,2023-05-17T02:41:14.000Z,"Um Deputado Federal cassado pela Lei da Ficha Limpa,  sem crimes cometidos…..um Presidente eleito com várias condenações em diversas instâncias ….
Esse é o nosso País !!
Dia triste no combate à Corrupção 😞😞",2,1,11
Dep. Joaquim Passarinho,@depjpassarinho,https://twitter.com/depjpassarinho/status/1658264081189543936,2023-05-16T00:12:20.000Z,"Esse Senhor estava bêbado ou de má intenção quando acusou o Agro Brasileiro de invasor de terras e uso de “inseticida” contaminando o meio ambiente. Quando acabou de falar besteira, deve ter ido para um bom restaurante comer da produção brasileira. Respeite quem trabalha !!",0,3,14
Dep. Joaquim Passarinho,@depjpassarinho,https://twitter.com/depjpassarinho/status/1657156351263481860,2023-05-12T22:50:37.000Z,O governo precisa entender que a mineração está em tudo! Investimento em mineração é investimento no Brasil! #mineração #MinasEemergia,1,4,12
Dep. Joaquim Passarinho,@depjpassarinho,https://twitter.com/depjpassarinho/status/1656833082702397442,2023-05-12T01:26:04.000Z,"O PT usando o “Orçamento Secreto” ???? Não acredito!!! Tentando comprar apoio no Congresso ??? São os mesmos, mesmos métodos, mesmas práticas. Triste política brasileira 🤦‍♂️",0,2,7
Dep. Joaquim Passarinho,@depjpassarinho,https://twitter.com/depjpassarinho/status/1656629285803761673,2023-05-11T11:56:15.000Z,No topo do ranking dos políticos! 🥇Vamos continuar trabalhando para fazer a diferença! 🤝#ranking #anticorrupção #antiprivilegios #antidesperdicio #rankingdospoliticos #deputadofederal,0,3,8
Dep. Joaquim Passarinho,@depjpassarinho,https://twitter.com/depjpassarinho/status/1656348319973507082,2023-05-10T17:19:47.000Z,"Moraes ameaça suspender Telegram no Brasil - Mais uma medida desnecessária e que prejudica as pessoas, limita as comunicações e restringe o direito de expressão. Será ainda outra reação pela retirada do PL 2630 ???? O Judiciário não deveria ter lado.",3,1,5
Dep. Joaquim Passarinho,@depjpassarinho,https://twitter.com/depjpassarinho/status/1656026648184012818,2023-05-09T20:01:35.000Z,"Encontros aqui na Câmara.

Fábio Lúcio, Presidente na Conselho Regional de Administração do Pará!",0,1,3
Dep. Joaquim Passarinho,@depjpassarinho,https://twitter.com/depjpassarinho/status/1655922299319484423,2023-05-09T13:06:56.000Z,"Estive trafegando na BR-155 para sentir na pele o sofrimento da população que passa por aqui. A via é muito importante para o nosso Estado do Pará, mas está sem a devida manutenção, abandonada, cheia de buracos e com falta de asfalto em vários trechos.

A BR-155, de fato, nunca…",1,2,11
Dep. Joaquim Passarinho,@depjpassarinho,https://twitter.com/depjpassarinho/status/1654550923094491139,2023-05-05T18:17:34.000Z,"⁣Recebi hoje o título de cidadão Redencense.

Esta é uma das formas de agradecer ao sul do Pará, especialmente Redenção, de onde agora sou cidadão e eleitor.

Vamos participar mais ativamente da vida política deste município, contruindo junto com vocês essa Redenção que todos…",4,1,8
Dep. Joaquim Passarinho,@depjpassarinho,https://twitter.com/depjpassarinho/status/1654429305110241280,2023-05-05T10:14:18.000Z,"O STF não cansa de tentar legislar. Falta de respeito as prerrogativas do Legislativo, que essa semana disso NÃO a censura nas redes sociais. Precisamos que cada um ande dentro da sua linha. O Judiciário julga, o Legislativo legisla, simples assim✅",4,2,16
Dep. Joaquim Passarinho,@depjpassarinho,https://twitter.com/depjpassarinho/status/1653824432136134667,2023-05-03T18:10:45.000Z,"Nossa tradicional missa de quarta-feira com a presença de parlamentares e familiares.

A celebração ocorreu na Paróquia Nossa Senhora da Saúde.",2,1,8
Dep. Joaquim Passarinho,@depjpassarinho,https://twitter.com/depjpassarinho/status/1653762014320156672,2023-05-03T14:02:44.000Z,Hoje na CME: Propostas e programas do Ministério de Minas e Energia para 2023.,0,0,4
Dep. Joaquim Passarinho,@depjpassarinho,https://twitter.com/depjpassarinho/status/1653739202549260290,2023-05-03T12:32:05.000Z,Agradeço e honro seu voto 🤝,1,1,8
Dep. Joaquim Passarinho,@depjpassarinho,https://twitter.com/depjpassarinho/status/1653728859022303233,2023-05-03T11:50:59.000Z,"Parece que estamos começando a pagar o preço de ser oposição ao PL 2630, PL da Censura !!
Triste 😞",1,1,6
Dep. Joaquim Passarinho,@depjpassarinho,https://twitter.com/depjpassarinho/status/1653551116192305155,2023-05-03T00:04:42.000Z,Será que o PL 2630 versa somente de Fake News??? Ou será que há algo a mais por trás ??? Parece que o Governo quer controlar as notícias e definir o que é  verdade ou mentira. Nossa liberdade de expressão não pode ser tolhida ou ameaçada. Estamos vigilantes 🇧🇷,3,7,26
Dep. Joaquim Passarinho,@depjpassarinho,https://twitter.com/depjpassarinho/status/1653386226727112706,2023-05-02T13:09:29.000Z,Não vamos permitir retrocessos na democracia brasileira. Diga NÃO ao PL da censura‼️Defender a liberdade de expressão é fundamental!#LiberdadeDeExpressão #NãoÀCensura #DemocraciaSemCensura,6,9,31
