nome,usuario,idTweet,dataPublicacao,texto,replies,retweets,likes
João Daniel,@depjoaodanielpt,https://twitter.com/depjoaodanielpt/status/1663673459476512768,2023-05-30T22:27:16.000Z,"🔥💥 LAVE A BOCA COM CREOLINA PRA FALAR DO MST!

Em minha fala, repudio veementemente o uso de pessoas como massa de manobra e manipulação, indo contra as leis da casa. 😡 Chega de arbitrariedades!  #TouComMST",0,5,11
João Daniel,@depjoaodanielpt,https://twitter.com/depjoaodanielpt/status/1663622082960273408,2023-05-30T19:03:07.000Z,"A HISTÓRIA INDÍGENA MERECE RESPEITO E JUSTIÇA!
Como único deputado sergipano contra o PL 490/07, luto pela demarcação de terras e pela justiça aos povos indígenas.  #PL490NAO",2,7,19
João Daniel,@depjoaodanielpt,https://twitter.com/depjoaodanielpt/status/1663593613664612352,2023-05-30T17:10:00.000Z,"O PL 490 é um retrocesso em nossa política socioambiental e uma tentativa de retirar os direitos dos povos indígenas do Brasil  
6#PL490NÃO",0,2,2
João Daniel,@depjoaodanielpt,https://twitter.com/depjoaodanielpt/status/1663591102455365634,2023-05-30T17:00:01.000Z,É dever de todo brasileiro lutar contra a aprovação do PL 490 que escancara terras indígenas a empreendimentos predatórios. É o futuro do nosso país que está em jogo! #PL490NÃO,0,1,2
João Daniel,@depjoaodanielpt,https://twitter.com/depjoaodanielpt/status/1663588580336472064,2023-05-30T16:50:00.000Z,"A aprovação do PL 490, na prática, significa o fim dos direitos territoriais indígenas, fundamentais para vida e cultura dos 305 povos originários do Brasil.#PL490NÃO",0,0,3
João Daniel,@depjoaodanielpt,https://twitter.com/depjoaodanielpt/status/1663581089930129409,2023-05-30T16:20:14.000Z,O direito de viver em suas Terras Indígenas é assegurado há décadas aos povos originários e mais uma vez a Câmara dos Deputados quer retroceder e mudar as leis para interesses predatórios.#PL490NÃO,1,1,1
João Daniel,@depjoaodanielpt,https://twitter.com/depjoaodanielpt/status/1663576009898332161,2023-05-30T16:00:03.000Z,"O Projeto de Lei 490/2007 vai permitir a revisão de áreas oficializadas há décadas, e vai escancarar as Terras Indígenas a empreendimentos predatórios.#PL490NÃO",0,1,2
João Daniel,@depjoaodanielpt,https://twitter.com/depjoaodanielpt/status/1663565931409293313,2023-05-30T15:20:00.000Z,"Hoje estamos diante de um genocídio legislado. A câmara votará o PL 490, que leva a tese do marco temporal ao Congresso e devasta os territórios. Não ao PL 490. #PL490NAO",0,1,0
João Daniel,@depjoaodanielpt,https://twitter.com/depjoaodanielpt/status/1663565000861167617,2023-05-30T15:16:18.000Z,"Hoje estamos diante de um genocídio legislado. A câmara dos deputados votará o PL 490, que leva a tese do marco temporal ao Congresso e devasta os territórios indígenas. Não ao PL 490.#PL490NAO",0,0,0
João Daniel,@depjoaodanielpt,https://twitter.com/depjoaodanielpt/status/1663564840286445568,2023-05-30T15:15:40.000Z,"Hoje estamos diante de um genocídio legislado. A câmara dos deputados votará o PL 490, que leva a tese do marco temporal ao Congresso e devasta os territórios indígenas. Não ao PL 490.#PL490NAO",0,0,1
João Daniel,@depjoaodanielpt,https://twitter.com/depjoaodanielpt/status/1663239339717935105,2023-05-29T17:42:14.000Z,"Hoje parabenizo os presidentes @LulaOficial  e o presidente Venezuelano @NicolasMaduro  pelo restabelecimento do respeito e da relação de cooperação entre os dois países foi um longo tempo de mentira e ódio pelo gov bozo 
Viva Brasil e Venezuela",0,1,6
João Daniel,@depjoaodanielpt,https://twitter.com/depjoaodanielpt/status/1662457057067376641,2023-05-27T13:53:44.000Z,"🏥🩺 Ótima notícia para a saúde de Canindé! A assinatura da ordem de serviço para reforma de 3 UBS traz melhorias essenciais para a população. Com investimento de R$ 600.000,00, garantimos qualidade de vida e atendimento aprimorado.",1,3,10
João Daniel,@depjoaodanielpt,https://twitter.com/depjoaodanielpt/status/1662187055516925976,2023-05-26T20:00:50.000Z,"Parabéns à UFS por homenageada @analuciavieira com título Honoris Causa. Sua trajetória inspirada como educadora, Deputada e Vice-Presidenta do partido reflete a resistência, luta e dedicação pela educação e classe trabalhadora. Um exemplo a ser seguido.",0,3,10
João Daniel,@depjoaodanielpt,https://twitter.com/depjoaodanielpt/status/1661922281038200832,2023-05-26T02:28:43.000Z,"Assassinato brutal de 10 trabalhadores rurais em Pau d'Arco, negação de homenagem na CPI do MST. 

Assista ao vídeo e reflita sobre quem está participando nesta CPI.",1,11,21
João Daniel,@depjoaodanielpt,https://twitter.com/depjoaodanielpt/status/1661774099834712082,2023-05-25T16:39:54.000Z,Unindo forças para enfrentar as crises climáticas e ecológicas. Participando da audiência pública sobre 'Laudato Si': Compromisso cristão com a justiça socioambiental'. #LaudatoSi #JustiçaSocioambiental  #CrisesClimáticasConfira: https://instagram.com/p/CsrEwhqrow0/,0,1,11
João Daniel,@depjoaodanielpt,https://twitter.com/depjoaodanielpt/status/1661733952732921857,2023-05-25T14:00:22.000Z,"No dia 8 de janeiro, testemunhamos o terror causado pela disseminação do ódio por parte de Bolsonaro e seus aliados, durante 4 anos.

Agora é hora de investigar aqueles que se opõem à democracia. Não há espaço para anistia!

 #CPMIDOGOLPE, nosso lado é o da democracia. ✊",0,2,12
João Daniel,@depjoaodanielpt,https://twitter.com/depjoaodanielpt/status/1661726334455021568,2023-05-25T13:30:06.000Z,Recebemos dirigentes da ANMP p/ agradecer pela apresentação do PL 1655/2021 que regulamenta as profissões de mergulhador profissional e supervisor de mergulho. Esses profissionais são essenciais na manutenção das plataformas de petróleo. Vamos lutar pelo reconhecimento merecido!,0,0,2
João Daniel,@depjoaodanielpt,https://twitter.com/depjoaodanielpt/status/1661580643078225926,2023-05-25T03:51:10.000Z,"Reunião importante com líderes parlamentares e representantes do movimento social para discutir a MP 1154, a protegida da CONAB no MDA e a defesa das comunidades quilombolas e indígenas. Juntos por uma sociedade mais justa e inclusiva. 💪🌎 #FicaConab #Quilombolas #Indígenas #MST",0,1,9
João Daniel,@depjoaodanielpt,https://twitter.com/depjoaodanielpt/status/1661562215563137026,2023-05-25T02:37:57.000Z,"Verificado📣🤳 Acompanhe o balanço da CPI do MST com o deputado @DepValmir e a deputada @camilajarams, juntos somos membros ativos da Comissão.📲 ASSISTA, COMPARTILHE E ENGAJE NAS REDES SOCIAIS USANDO A TAG #TôComMST",0,3,6
João Daniel,@depjoaodanielpt,https://twitter.com/depjoaodanielpt/status/1661548809866956800,2023-05-25T01:44:41.000Z,"Compromisso firme com a saúde do povo sergipano! Em reunião importante com representantes de São Cristóvão, estamos empenhados em ajudar o Hospital Senhor dos Passos. Juntos, cuidamos da saúde da nossa população. ❤️🏥 #CompromissoComASaúde #HospitalSenhorDosPassos #SãoCristovão",0,0,6
João Daniel,@depjoaodanielpt,https://twitter.com/depjoaodanielpt/status/1661492271886286852,2023-05-24T22:00:01.000Z,"🚩 São quase 40 anos de luta em um país que ainda não saiu da capitania hereditária. O @MST_Oficial é fundamental para a construção de um país para o seu povo, um Brasil para o brasileiros. #TôComMST",0,2,12
João Daniel,@depjoaodanielpt,https://twitter.com/depjoaodanielpt/status/1661487234493579267,2023-05-24T21:40:00.000Z,"🚩 O @MST_Oficial também acredita na luta pela universalização do direito à escola pública de qualidade social, desde a infância até a universidade. Seu objeto é construir coletivamente conjuntos de práticas educativas emancipatórias e protagonizadas por trabalhadores. #TôComMST",1,4,13
João Daniel,@depjoaodanielpt,https://twitter.com/depjoaodanielpt/status/1661487234112012289,2023-05-24T21:40:00.000Z,"🚩 A Reforma Agrária é um projeto popular que articula a luta pelo direito à terra, o debate das questões ambientais, as sementes como patrimônio dos povos, a produção de alimentos saudáveis, a educação e a cultura na defesa dos direitos e condições de vida digna. #TôComMST",0,4,14
João Daniel,@depjoaodanielpt,https://twitter.com/depjoaodanielpt/status/1661484717542195201,2023-05-24T21:30:00.000Z,"🚩 O projeto de educação do MST da Escola Itinerante surgiu em 1996 para garantir o direito à educação de crianças, adolescentes e adultos que se deslocam temporariamente, e que lutam pelo desapropriação de terras improdutivas! #TôComMST",0,1,4
João Daniel,@depjoaodanielpt,https://twitter.com/depjoaodanielpt/status/1661483459209207808,2023-05-24T21:25:00.000Z,"🚩 O MST enfrenta o patriarcado, o machismo, a LGBTfobia e o racismo, e garante condições às mulheres e a juventude como sujeitos políticos da construção em seus territórios #TôComMST",1,8,17
João Daniel,@depjoaodanielpt,https://twitter.com/depjoaodanielpt/status/1661482200938991619,2023-05-24T21:20:00.000Z,🚩 O @MST_Oficial atua na produção de alimentos e realiza a distribuição de produtos da reforma agrária para serem comercializados na cidades. #TôComMST,0,5,15
João Daniel,@depjoaodanielpt,https://twitter.com/depjoaodanielpt/status/1661480942760783872,2023-05-24T21:15:00.000Z,"🚩 Nestes 39 anos, o @MST-Oficial se organiza em uma estrutura democrática e participativa. Nos assentamentos e acampamentos, as famílias dividem-se em núcleos que discutem  as necessidades de cada área. #TôComMST",0,6,14
João Daniel,@depjoaodanielpt,https://twitter.com/depjoaodanielpt/status/1661479684402716672,2023-05-24T21:10:00.000Z,"🚩  O MST foi reconhecido pelo Instituto Riograndense do Arroz (Irga) como o maior produtor de arroz orgânico do Brasil, além de liderar a produção de soja livre de transgênicos. #TôComMST",1,19,45
João Daniel,@depjoaodanielpt,https://twitter.com/depjoaodanielpt/status/1661477175030054919,2023-05-24T21:00:01.000Z,🚩 Os camponeses sem-terra do MST estão sendo sujeitos de um movimento que põem em questão o modo de ser da sociedade capitalista atual e a cultura reproduzida e a desigualdade consolidada por ela #TôComMST,0,1,4
João Daniel,@depjoaodanielpt,https://twitter.com/depjoaodanielpt/status/1661475909453467648,2023-05-24T20:55:00.000Z,"🚩 A educação é um ponto importante para o MST desde a formação oficial do movimento, nestes 39 anos o @MST_Oficial já alfabetizou mais de 100 mil pessoas pelo Brasil! #TôComMST",0,5,10
João Daniel,@depjoaodanielpt,https://twitter.com/depjoaodanielpt/status/1661474651334385666,2023-05-24T20:50:00.000Z,🚩  São quase 40 anos de MST se posiciona em defesa do sonho de famílias por terra para quem nela trabalha e um Brasil mais justo #TôComMST,0,0,6
João Daniel,@depjoaodanielpt,https://twitter.com/depjoaodanielpt/status/1661469620560093186,2023-05-24T20:30:00.000Z,"🚩 O @MST_Oficial tem concepção de luta pela terra articulada, de forma vital, com outras lutas, como a luta pela educação, soberania alimentar, cultura, produção, essências para os povos do campo e cidade.   #TôComMST",0,0,4
João Daniel,@depjoaodanielpt,https://twitter.com/depjoaodanielpt/status/1661469620409372672,2023-05-24T20:30:00.000Z,"🚩 Precisamos lutar para construir um mundo sem exploração, injustiça e desrespeito, isto aponta a necessidade de enfrentar às  opressões presentes no campo! #TôComMST",0,4,6
João Daniel,@depjoaodanielpt,https://twitter.com/depjoaodanielpt/status/1661469618991427585,2023-05-24T20:30:00.000Z,🚩  Enfrentar a fome é enfrentar a questão da terra! #TôComMST,0,2,5
João Daniel,@depjoaodanielpt,https://twitter.com/depjoaodanielpt/status/1661468359743946752,2023-05-24T20:25:00.000Z,"🚩  Ao apoiar o @MST_Oficial você está contribuindo para a luta pela Reforma Agrária Popular, com a distribuição de terras de forma democrática e mais direitos para o povo do campo. #TôComMST",0,1,5
João Daniel,@depjoaodanielpt,https://twitter.com/depjoaodanielpt/status/1661465843568459778,2023-05-24T20:15:00.000Z,🚩  São quase 40 anos de história. Por trás de cada produção é importante lembrarmos de todas as famílias que ocuparam e resistiram! Produzir alimentos saudáveis e sem veneno envolve também a indispensável luta pela terra! #TôComMST,0,0,4
João Daniel,@depjoaodanielpt,https://twitter.com/depjoaodanielpt/status/1661464585021575168,2023-05-24T20:10:00.000Z,"🚩 Ao produzir de uma forma oposta ao agronegócio, a produção camponesa do MST demonstra que é possível superar esse modelo que depreda a terra e esgota os bens da natureza, escravizando nosso povo. #TôComMST",0,1,3
João Daniel,@depjoaodanielpt,https://twitter.com/depjoaodanielpt/status/1661462074818723846,2023-05-24T20:00:01.000Z,"🚩 É preciso conhecer a trajetória dos alimentos que chegam em nossa mesa: produtos agroecológicos do MST carregam na sua história a luta pela terra, a dedicação de famílias inteiras, muito suor e trabalho, e também muito respeito e companheirismo. #TôComMST",0,0,7
João Daniel,@depjoaodanielpt,https://twitter.com/depjoaodanielpt/status/1661460810034741251,2023-05-24T19:55:00.000Z,"🚩 Há 7 anos o MST criou a Rede de Armazéns do Campo, a maior rede de lojas especializada em produtos da Reforma Agrária do país e que tem como objetivo levar alimentos de qualidade, sem veneno para a população das cidades.  #TôComMST",0,2,8
João Daniel,@depjoaodanielpt,https://twitter.com/depjoaodanielpt/status/1661459551777075200,2023-05-24T19:50:00.000Z,"🚩 O MST não invade terras, o Movimento ocupa terras improdutivas para exigir que a terra cumpra sua função social, como está determinado como direito na Constituição Federal. #TôComMST",0,4,14
João Daniel,@depjoaodanielpt,https://twitter.com/depjoaodanielpt/status/1661457035836248064,2023-05-24T19:40:00.000Z,"🚩  Apoiar e acompanhar a luta pela Terra para garantir que cada vez mais o povo brasileiro tenha acesso a alimentos sem veneno, e que respeitam as culturas regionais. #TôComMST",0,3,6
João Daniel,@depjoaodanielpt,https://twitter.com/depjoaodanielpt/status/1661457035161124864,2023-05-24T19:40:00.000Z,🚩 O MST construiu mais de 300 Viveiros da Reforma Agrária! Defender a Reforma Agrária é cuidar do meio ambiente! #TôComMST,1,3,7
João Daniel,@depjoaodanielpt,https://twitter.com/depjoaodanielpt/status/1661453260342054912,2023-05-24T19:25:00.000Z,"🚩  O MST caminha rumo aos seus 40 anos de história. Uma história dedicada à luta do povo brasileiro, sempre ao lado da democracia, da dignidade humana, do direito à terra e ao acesso à alimentação saudável. #TôComMST",0,0,2
João Daniel,@depjoaodanielpt,https://twitter.com/depjoaodanielpt/status/1661453260342038528,2023-05-24T19:25:00.000Z,"🚩  Defender a Reforma Agrária é uma tarefa que une campo e cidade, e que garante alimentos saudáveis que respeitam a saúde de todos os trabalhadores e trabalhadoras. #TôComMST",0,1,4
João Daniel,@depjoaodanielpt,https://twitter.com/depjoaodanielpt/status/1661452002038288384,2023-05-24T19:20:00.000Z,"🚩 A Reforma Agrária Popular assume a missão de conservar os bens comuns dos povos; criar territórios de enfrentamento à toda forma de violência e com novas relações sociais, fundamentadas nos valores humanistas. #TôComMST",0,0,4
João Daniel,@depjoaodanielpt,https://twitter.com/depjoaodanielpt/status/1661449485694664707,2023-05-24T19:10:00.000Z,"🚩  A Reforma Agrária Popular além de buscar redistribuir a terra em todo o país, assume a missão de produzir alimento saudável para o povo brasileiro. #TôComMST",0,0,5
João Daniel,@depjoaodanielpt,https://twitter.com/depjoaodanielpt/status/1661448227646849024,2023-05-24T19:05:00.000Z,🚩  Mais de 50 mil famílias Sem Terra implementam e vivem através de práticas agroecológicas. #TôComMST,0,0,5
João Daniel,@depjoaodanielpt,https://twitter.com/depjoaodanielpt/status/1661447824222089216,2023-05-24T19:03:24.000Z,"Apresentei um requerimento crucial. Solicitamos ao Ministério do Meio Ambiente as cópias eletrônicas dos processos administrativos de concessão, cancelamento, revogação ou anistia de infrações no período de Jan de 2018 a Dez de 2022. #ToComMST",0,1,7
João Daniel,@depjoaodanielpt,https://twitter.com/depjoaodanielpt/status/1661446970052083713,2023-05-24T19:00:00.000Z,"🚩  Desde 2020, com a iniciativa Cultivando Solidariedade o MST doou mais de 2,5 milhoes de Marmitas Solidárias e 8,5 mil toneladas de alimentos saudáveis, e 10 mil Cestas Agroecológicas para famílias em situação de fome e insegurança alimentar. #TôComMST",1,7,9
João Daniel,@depjoaodanielpt,https://twitter.com/depjoaodanielpt/status/1661445710808580113,2023-05-24T18:55:00.000Z,🚩  O MST disponibilizou durante a pandemia mais de 2 mil agentes populares de saúde para ajudar as comunidades no enfrentamento da Pandemia de COVID-19. #TôComMST,0,0,4
João Daniel,@depjoaodanielpt,https://twitter.com/depjoaodanielpt/status/1661444452395745301,2023-05-24T18:50:00.000Z,🚩 Durante a pandemia o MST doou mais 50 mil máscaras para pessoas em situação de vulnerabilidade! #TôComMST,0,0,5
João Daniel,@depjoaodanielpt,https://twitter.com/depjoaodanielpt/status/1661443194595278858,2023-05-24T18:45:00.000Z,"🚩 Através do Plano Nacional Plantar Árvores, Produzir Alimentos Saudáveis Sem Terra de todo país tem como objetivo plantar 100 milhões de árvores em dez anos. #TôComMST",0,0,4
João Daniel,@depjoaodanielpt,https://twitter.com/depjoaodanielpt/status/1661441935834316812,2023-05-24T18:40:00.000Z,O Plano Nacional Plantar aÁrvores e Produzir Alimentos Saudáveis já plantou mais de 10 milhões de árvores em todo o Brasil e é uma síntese de ações já desenvolvidas pelo MST historicamente ao longo dos seus 39 anos de existência! #TôComMST,0,0,4
João Daniel,@depjoaodanielpt,https://twitter.com/depjoaodanielpt/status/1661440677685723148,2023-05-24T18:35:00.000Z,"🚩 O MST enfrenta o patriarcado, o machismo, a LGBTfobia e o racismo, e garante condições às mulheres e a juventude como sujeitos políticos da construção em seus territórios #TôComMST",0,0,3
João Daniel,@depjoaodanielpt,https://twitter.com/depjoaodanielpt/status/1661439419058978820,2023-05-24T18:30:00.000Z,"🚩 Os alimentos produzidos pelo MST em cada região do país passa das diversas centenas, abastecendo feiras locais e regionais, cestas e cooperativas de consumo, mercados locais e, principalmente, a alimentação escolar e de outros, como asilos, presídios, quartéis. #TôComMST",0,0,2
João Daniel,@depjoaodanielpt,https://twitter.com/depjoaodanielpt/status/1661436902615187459,2023-05-24T18:20:00.000Z,"🚩 Os 39 anos do MST conduziu a criação de cadeias produtivas da Reforma Agrária, com produção de arroz, leite, carne, café, cacau, sementes, mandioca, cana-de-açúcar e grãos em em diferentes estados que alimentam os trabalhadores e trabalhadoras! #TôComMST",0,4,9
João Daniel,@depjoaodanielpt,https://twitter.com/depjoaodanielpt/status/1661435644097490944,2023-05-24T18:15:00.000Z,"🚩  Os assentados possibilitam transformação nos territórios através da produção de alimentos saudáveis, construção de Escolas do Campo, das práticas populares de saúde, rádios comunitárias e da cultura popular, nos municípios, regiões e estados. #TôComMST",0,0,4
João Daniel,@depjoaodanielpt,https://twitter.com/depjoaodanielpt/status/1661433128030998529,2023-05-24T18:05:00.000Z,"🚩 As famílias assentadas e acampadas do MST vivem, trabalham e produzem principalmente alimentos,  garantimdo a produção de alimentos saudáveis, acessíveis ao povo brasileiro, seja em nível municipal, estadual ou mesmo nacional.  #TôComMST",0,1,4
João Daniel,@depjoaodanielpt,https://twitter.com/depjoaodanielpt/status/1661431871094284288,2023-05-24T18:00:00.000Z,"🚩 Os assentamentos são territórios conquistados pelas famílias trabalhadoras Sem Terra, eram latifúndios improdutivos, grilados, com crimes ambientais e/ou trabalhistas que, pela luta, foram transformados em território de reprodução social das famílias camponesas !  #TôComMST",0,1,6
João Daniel,@depjoaodanielpt,https://twitter.com/depjoaodanielpt/status/1661429352654053376,2023-05-24T17:50:00.000Z,🚩 Lutar pela Reforma Agrária é lutar pela vida! Pela produção de alimentos saudáveis e em defesa dos bens naturais! #TôComMST,0,1,6
João Daniel,@depjoaodanielpt,https://twitter.com/depjoaodanielpt/status/1661428094371266560,2023-05-24T17:45:00.000Z,"🚩 A organização das famílias Sem Terra no MST permitiu a conquista e a desapropriação de latifúndios em todo o país, garantindo a criação de Assentamentos da Reforma Agrária, que beneficiaram cerca de 450 mil famílias no Brasil.  #TôComMST",0,1,5
João Daniel,@depjoaodanielpt,https://twitter.com/depjoaodanielpt/status/1661428094371250177,2023-05-24T17:45:00.000Z,"🚩 Apoiar o MST é apoiar mais de 160 Cooperativas, 120 agroindustrias, 1900 associações  e principalmente às mais de 450 mil famílias assentadas.  #TôComMST",0,3,5
João Daniel,@depjoaodanielpt,https://twitter.com/depjoaodanielpt/status/1661426836243447819,2023-05-24T17:40:00.000Z,🚩 Uma das principais contribuições do MST para a sociedade brasileira é cumprir o compromisso em produzir alimentos saudáveis para o povo brasileiro.  #TôComMST,0,6,19
João Daniel,@depjoaodanielpt,https://twitter.com/depjoaodanielpt/status/1661424320994738207,2023-05-24T17:30:00.000Z,"🚩 🇧🇷 O Brasil é um dos países com maior concentração de terras do mundo. Em nosso território, estão os maiores latifúndios. Concentração e improdutividade possuem raízes históricas precisamos continuar lutando! #TôComMST",1,2,7
João Daniel,@depjoaodanielpt,https://twitter.com/depjoaodanielpt/status/1661423061436968960,2023-05-24T17:25:00.000Z,"🚩 O MST é um movimento de resistência que enfrenta as injustiças do agronegócio e luta por uma agricultura familiar e sustentável. É uma luta pela soberania alimentar e pela preservação da cultura camponesa."" #TôComMST",0,2,7
João Daniel,@depjoaodanielpt,https://twitter.com/depjoaodanielpt/status/1661421803049451520,2023-05-24T17:20:00.000Z,"🚩 Defender o @MST_Oficial é lutar contra a fome, contra as desigualdades sociais e visualizar o trabalho cooperativo, relações sem exploração #TôComMST",0,3,5
João Daniel,@depjoaodanielpt,https://twitter.com/depjoaodanielpt/status/1661420545303248906,2023-05-24T17:15:00.000Z,"🚩 O MST é um movimento social que busca articular os trabalhadores rurais e a sociedade para conquistar a Reforma Agrária e um Projeto Popular para o Brasil, afirmando compromisso com a democratização da terra, a produção de alimentos e o combate às injustiças. #TôComMST",0,5,13
João Daniel,@depjoaodanielpt,https://twitter.com/depjoaodanielpt/status/1661419286852665345,2023-05-24T17:10:00.000Z,"🚩 O Movimento Sem Terra está organizado em 24 estados nas cinco regiões do país, ao longo dos 39 anos de luta do MST cerca de 450 mil famílias que conquistaram a terra por meio da luta e organização dos trabalhadores rurais! #TôComMST",0,0,3
João Daniel,@depjoaodanielpt,https://twitter.com/depjoaodanielpt/status/1661418028532383744,2023-05-24T17:05:00.000Z,"🚩  O MST é um movimento de resistência e esperança, que luta contra a concentração de terras e a exploração no campo. É preciso apoiar essa luta por direitos e pela valorização do trabalhador rural! #TôComMST",0,0,3
João Daniel,@depjoaodanielpt,https://twitter.com/depjoaodanielpt/status/1661416772472274986,2023-05-24T17:00:00.000Z,"🚩 O MST luta por justiça social e pela reforma agrária, garantindo o acesso à terra para milhares de famílias que vivem no campo. É uma luta legítima e necessária por igualdade e dignidade! #TôComMST",0,2,16
João Daniel,@depjoaodanielpt,https://twitter.com/depjoaodanielpt/status/1661393258054909952,2023-05-24T15:26:34.000Z,"O Governo Federal, com os estados e municípios, está junto protegendo os caminhos de nossas crianças e jovens, com investimentos e ações que reforçam a segurança, a infraestrutura e o cuidado na escola. #brasilunidopelapaz #escolasegura",0,4,12
João Daniel,@depjoaodanielpt,https://twitter.com/depjoaodanielpt/status/1661215012361207810,2023-05-24T03:38:17.000Z,"#ToComMST 
Juntos por justiça social no campo!",0,5,25
João Daniel,@depjoaodanielpt,https://twitter.com/depjoaodanielpt/status/1661120318897881095,2023-05-23T21:22:00.000Z,"A CPI do MST ataca trabalhadores e trabalhadoras que lutam por justiça social no campo. É uma aberração criminalizar aqueles que trabalham e produzem alimentos saudáveis neste país. #ToComMST 

Arte: @Ilustra_dani",0,5,11
João Daniel,@depjoaodanielpt,https://twitter.com/depjoaodanielpt/status/1661097012173873162,2023-05-23T19:49:24.000Z,"Como deputado federal e assentado, luto pelos direitos daqueles que trabalham duro, como o @MST_Oficial, na luta pela Reforma Agrária. Neste vídeo, exponho a verdade sobre a CPI do MST, que condena injustamente o povo trabalhador!
 #JustiçaSocial #ReformaAgrária 💪 🌾""",24,122,317
João Daniel,@depjoaodanielpt,https://twitter.com/depjoaodanielpt/status/1661081087970295812,2023-05-23T18:46:07.000Z,"🌾 Na abertura da CPI do MST, a deputada @camilajarams mostrou a qualidade dos alimentos produzidos pelo @MST_Oficial . Essa atitude reforça a importância do MST na promoção da agricultura familiar e da alimentação saudável. Juntos pela justiça no campo!",2,43,121
João Daniel,@depjoaodanielpt,https://twitter.com/depjoaodanielpt/status/1661063302355599377,2023-05-23T17:35:27.000Z,"🌾 O @MST_Oficial é uma referência na luta pela reforma agrária e pela democratização do acesso à terra. Na CPI, vamos defender o direito dos trabalhadores rurais sem terra e a busca por uma sociedade mais justa e igualitária. #MST #CPIdoMST #ReformaAgrária #ToComMST",1,8,13
João Daniel,@depjoaodanielpt,https://twitter.com/depjoaodanielpt/status/1661062854353600543,2023-05-23T17:33:40.000Z,"🚜 A atuação do @MST_Oficial é essencial para fortalecer a agricultura familiar e combater a concentração de terras sem função social. Na CPI, vamos destacar como o MST promove a inclusão social e a produção sustentável. #MST #CPIdoMST #InclusãoSocial #ToComMST",1,7,11
João Daniel,@depjoaodanielpt,https://twitter.com/depjoaodanielpt/status/1661062177430683648,2023-05-23T17:30:58.000Z,"O @MST_Oficial é um movimento que luta pela justiça social e valorização da agricultura familiar. Na CPI, vamos mostrar o impacto positivo do MST e sua contribuição para a segurança alimentar do país. #MST #CPIdoMST #AgriculturaFamiliar  #ToComMST",2,2,7
João Daniel,@depjoaodanielpt,https://twitter.com/depjoaodanielpt/status/1661050417562767360,2023-05-23T16:44:15.000Z,"ALFABETIZAÇÃO NO CAMPO: #ToComMST 

190 mil é o número de jovens e adultos alfabetizados, em parceria com movimentos populares do campo e sindicais, em 25 anos de PRONERA (Programa Nacional de Educação na Reforma Agrária).

Essa é a luta do @MST_Oficial !",1,0,2
João Daniel,@depjoaodanielpt,https://twitter.com/depjoaodanielpt/status/1661050221877444608,2023-05-23T16:43:28.000Z,"COMIDA SEM VENENO: #TôComMSTVocê sabia?

O @MST_Oficial é o maior produtor de arroz orgânico da América Latina.

Sem agrotóxicos 🚫☠️Com bioinsumos e gestão comunitária✔️👩🏼🌾👨🏾🌾Quer conhecer esta experiência agroecológica? Clique aqui:",0,2,8
João Daniel,@depjoaodanielpt,https://twitter.com/depjoaodanielpt/status/1661043513734070272,2023-05-23T16:16:49.000Z,"📢 O @MST_Oficial é crucial na preservação da cultura alimentar. Na CPI, junto aos companheiros e companheiras parlamentares petistas mostraremos a força desse movimento, fortalecendo a agricultura familiar e a alimentação saudável. Juntos,  #ToComMST! 💪🌱  #CPIdoMST",3,22,47
João Daniel,@depjoaodanielpt,https://twitter.com/depjoaodanielpt/status/1661001537248796673,2023-05-23T13:30:01.000Z,"Atualmente, a complementação federal do Fundeb está excluída do Teto de Gastos. Logo, o Novo Regime Fiscal Sustentável precisa, necessariamente, excetuar os aportes do Fundeb. #DefendaoFundeb",0,0,5
João Daniel,@depjoaodanielpt,https://twitter.com/depjoaodanielpt/status/1660993992191004675,2023-05-23T13:00:02.000Z,"A inclusão do Fundeb no cálculo dos limites do Novo Regime Fiscal Sustentável pode reduzir despesas dos programas da merenda, transporte e livro didático. Retrocesso, não! #DefendaoFundeb",0,1,3
João Daniel,@depjoaodanielpt,https://twitter.com/depjoaodanielpt/status/1660991467832348672,2023-05-23T12:50:00.000Z,"O Fundeb se autorregula, hoje não faz parte no Teto de Gastos e não faz sentido entrar no Novo Regime Fiscal Sustentável. Retrocesso, não! 📢 #DefendaoFundeb",0,0,3
João Daniel,@depjoaodanielpt,https://twitter.com/depjoaodanielpt/status/1660801465479467008,2023-05-23T00:15:00.000Z,"O MDA promove comida orgânica
A CONAB compra comida saudável
e os dois distribuem para quem tem fome#FicaCONAB",0,2,4
João Daniel,@depjoaodanielpt,https://twitter.com/depjoaodanielpt/status/1660800207137783809,2023-05-23T00:10:00.000Z,"O MDA ajuda a produzir alimentos 
A CONAB distribui alimentos 

É arroz e feijão, mandioca, queijo, açaí, castanha, e tantas outras comidas do prato das famílias brasileiras  #FicaCONAB",0,3,4
João Daniel,@depjoaodanielpt,https://twitter.com/depjoaodanielpt/status/1660797695848595457,2023-05-23T00:00:01.000Z,MDA e Conab juntos vão fortalecer a agricultura familiar e levar comida saudável para quem mais precisa.#FicaConab,0,3,8
João Daniel,@depjoaodanielpt,https://twitter.com/depjoaodanielpt/status/1660796432323067904,2023-05-22T23:55:00.000Z,"Conab deve ser instrumento de combate à fome, não para aumentar o lucro do agronegócio #FicaConab #ConabNoMDA",0,6,9
João Daniel,@depjoaodanielpt,https://twitter.com/depjoaodanielpt/status/1660795173989761026,2023-05-22T23:50:00.000Z,"A Conab contribui para a segurança alimentar, o equilíbrio dos preços e o desenvolvimento sustentável do país, por isso, deve andar junto com a agricultura familiar. Conab é no MDA!#FicaConab",0,6,9
João Daniel,@depjoaodanielpt,https://twitter.com/depjoaodanielpt/status/1660793915904229376,2023-05-22T23:45:00.000Z,"Se você é a favor da agricultura familiar e de alimentos mais saudáveis para a mesa das famílias brasileiras, você é do time #FicaConab. Pressione o seu parlamentar: Conab é no MDA!",0,4,10
João Daniel,@depjoaodanielpt,https://twitter.com/depjoaodanielpt/status/1660792657692508160,2023-05-22T23:40:00.000Z,"A Conab desempenha um papel fundamental no fortalecimento da agricultura familiar, promovendo programas de compra direta da produção desses agricultores, como por exemplo o Programa de Aquisição de Alimentos. Por isso e muito mais, a Conab fica no MDA.#FicaConab",0,9,15
João Daniel,@depjoaodanielpt,https://twitter.com/depjoaodanielpt/status/1660791399309246465,2023-05-22T23:35:00.000Z,O que está em jogo é a segurança alimentar brasileira. A Conab no MDA dará as condições para o Brasil criar uma nova política de abastecimento. Tirando novamente o país do Mapa da Fome. #FicaConab,1,2,8
João Daniel,@depjoaodanielpt,https://twitter.com/depjoaodanielpt/status/1660790141647028224,2023-05-22T23:30:00.000Z,"A Conab está ameaçada. Alguns políticos querem tirá-la do Ministério do Desenvolvimento Agrário e Agricultura Familiar (MDA). Isso pode enfraquecer essa Companhia, para que os gigantes do agro lucrem ainda mais e a fome cresça no Brasil.#FicaConab",0,5,8
João Daniel,@depjoaodanielpt,https://twitter.com/depjoaodanielpt/status/1660788882542313473,2023-05-22T23:25:00.000Z,"É fundamental articular diferentes e novas estratégias entre produção e consumo. A alocação da Companhia Nacional de Abastecimento, da Ceasa Minas e da Ceagesp no MDA possibilita a criação de condições efetivas para a execução de ações de abastecimento alimentar.#FicaConab",0,2,7
João Daniel,@depjoaodanielpt,https://twitter.com/depjoaodanielpt/status/1660785664365928451,2023-05-22T23:12:12.000Z,"Diante do enorme desafio de erradicar a fome no Brasil, entende-se que a recriação do Ministério do Desenvolvimento Agrário e Agricultura Familiar (MDA) pode contribuir para acelerar a superação desse quadro de insegurança alimentar no país.#FicaConab",1,11,21
João Daniel,@depjoaodanielpt,https://twitter.com/depjoaodanielpt/status/1660784662321725440,2023-05-22T23:08:14.000Z,"A Conab é responsável por administrar os estoques públicos de alimentos estratégicos, como arroz, feijão, milho e trigo. Esses estoques são fundamentais para momentos de crise, como secas ou enchentes, garantindo o suprimento de alimentos em situações emergenciais.#FicaConab",0,5,8
João Daniel,@depjoaodanielpt,https://twitter.com/depjoaodanielpt/status/1660784454577577988,2023-05-22T23:07:24.000Z,"33 milhões com fome, 62,5 milhões de pobres, 18 milhões de extremamente pobres e 250 mil moradores de rua, todas situações agravadas nos últimos anos por asfixia das políticas de desenvolvimento agrário. Urge no Brasil uma nova visão sobre a política de abastecimento.#FicaConab",0,3,4
João Daniel,@depjoaodanielpt,https://twitter.com/depjoaodanielpt/status/1659999411169050626,2023-05-20T19:07:55.000Z,"Inauguração do IFS em Poço Redondo, mais uma vitória na luta pela educação. Unimos forças e colhemos frutos para os estudantes sergipanos. #EducaçãoDeQualidade #Transformação #IFS",1,6,16
João Daniel,@depjoaodanielpt,https://twitter.com/depjoaodanielpt/status/1659948531799433218,2023-05-20T15:45:44.000Z,"Comemoro a inauguração do Instituto Federal de Sergipe em Poço Redondo. Colaborar com estudantes e líderes locais foi uma conquista coletiva, fruto de esforços e reivindicações.  (+)",3,7,38
João Daniel,@depjoaodanielpt,https://twitter.com/depjoaodanielpt/status/1659380246926245889,2023-05-19T02:07:35.000Z,"🎦 Entrevista exclusiva para a Globo News, em defesa do @MST_Oficial expondo minha posição firme sobre esta CPI que nada mais é do que uma manobra dos setores conservadores e do agronegócio, os quais tentam reprimir a luta pela Reforma Agrária neste país.",0,29,60
João Daniel,@depjoaodanielpt,https://twitter.com/depjoaodanielpt/status/1659349916525772806,2023-05-19T00:07:03.000Z,Obrigado pelo reconhecimento!  Vamos em frente !!🌱🤝 #ReformaAgráriaJá,0,1,4
João Daniel,@depjoaodanielpt,https://twitter.com/depjoaodanielpt/status/1659327148069363714,2023-05-18T22:36:35.000Z,"📒✏️🏫 Comprometido com a Educação Básica! 

Em reunião com a presidente do FNDE, Fernanda Pacobahyba, discutimos sobre as demandas para escolas em Sergipe e o Avanço do Pacto Nacional pela Retomada de Obras Escolares.",0,1,3
João Daniel,@depjoaodanielpt,https://twitter.com/depjoaodanielpt/status/1659295290921218089,2023-05-18T20:30:00.000Z,"Honrado por encerrar a foto na galeria de ex-presidentes da CINDRA. Uma homenagem à minha trajetória como deputado e presidente da Comissão de Integração Nacional e Desenvolvimento Regional.  #CINDRA #Legado #Gratidão""",2,0,4
João Daniel,@depjoaodanielpt,https://twitter.com/depjoaodanielpt/status/1658954637511127040,2023-05-17T21:56:22.000Z,"Avanços na Educação universitária de Sergipe! Reunião com o Ministro da Educação, inauguração do Instituto Federal em Poço Redondo. Fruto do nosso Mandato Popular ao lado dos estudantes. Comprometimento e dedicação fazem a diferença!    #Educação #Avanços #MandatoPopular",0,4,10
João Daniel,@depjoaodanielpt,https://twitter.com/depjoaodanielpt/status/1658927216904871939,2023-05-17T20:07:24.000Z,"Na tribuna da Câmara, homenageio @LulaOficial, @jeanpaulprates, os Petroleiros e as organizações petroleiras! 🛢️ A volta do preço justo é uma conquista para o povo brasileiro. Juntos, lutamos por um país igualitário! #Petrobras #JustiçaSocial""",0,9,17
João Daniel,@depjoaodanielpt,https://twitter.com/depjoaodanielpt/status/1658907142315802624,2023-05-17T18:47:38.000Z,Honrado em participar da 4ª Feira da Reforma Agrária do @MST_Oficial ! Parabenizo esse evento que valoriza a agricultura familiar e a luta pela reforma agrária. Juntos por um campo mais justo e sustentável! 🌾🤝 #FeiraReformaAgrária #MST,1,8,23
João Daniel,@depjoaodanielpt,https://twitter.com/depjoaodanielpt/status/1658889096515981313,2023-05-17T17:35:55.000Z,"Reunião produtiva com Min. @CamiloSantanaCE  sobre Educação universitária em Sergipe. Destaque para Campus do Sertão e IFS de Poço Redondo, frutos de empenho e emendas do nosso mandato. (+)",1,3,17
João Daniel,@depjoaodanielpt,https://twitter.com/depjoaodanielpt/status/1658830456555438081,2023-05-17T13:42:55.000Z,"🌈❤️ Neste Dia Internacional de Luta contra a LGBTQIA+fobia, celebramos o amor que venceu! Um governo plural acolhe a todos, repudiando ódio e preconceito. Unidos pela diversidade, lutamos por respeito. Que a igualdade e o amor prevaleçam! 💪🏳️‍🌈 #17deMaio",0,4,7
João Daniel,@depjoaodanielpt,https://twitter.com/depjoaodanielpt/status/1658796817855676418,2023-05-17T11:29:14.000Z,"Parabéns, @analuciavieira ! Companheira de luta inspiradora, exemplo de dedicação às causas sociais. Sua voz incansável defende uma educação justa e igualitária. Gratidão por compartilha essa luta ao seu lado.  #ParabénsAnaLúcia  #Aniversário #CompanheiraDeLuta",0,2,4
João Daniel,@depjoaodanielpt,https://twitter.com/depjoaodanielpt/status/1658564224128278529,2023-05-16T20:05:00.000Z,"Se você é a favor da agricultura familiar e de alimentos mais saudáveis para a mesa das famílias brasileiras, você é do time #FicaConab. Pressione o seu parlamentar: Conab é no MDA!",1,4,11
João Daniel,@depjoaodanielpt,https://twitter.com/depjoaodanielpt/status/1658562971868581889,2023-05-16T20:00:01.000Z,"A Conab desempenha um papel fundamental no fortalecimento da agricultura familiar, promovendo programas de compra direta da produção desses agricultores, como por exemplo o Programa de Aquisição de Alimentos. Por isso e muito mais, a Conab fica no MDA.#FicaConab",0,1,1
João Daniel,@depjoaodanielpt,https://twitter.com/depjoaodanielpt/status/1658560448831148040,2023-05-16T19:50:00.000Z,"A Conab é responsável por administrar os estoques públicos de alimentos estratégicos, como arroz, feijão, milho e trigo. Esses estoques são fundamentais para momentos de crise, como secas ou enchentes, garantindo o suprimento de alimentos em situações emergenciais.#FicaConab",0,1,3
João Daniel,@depjoaodanielpt,https://twitter.com/depjoaodanielpt/status/1658557932433465344,2023-05-16T19:40:00.000Z,A Conab desempenha um papel central na política de segurança alimentar do Brasil. Sua permanência no MDA é crucial para a continuidade desse trabalho. #FicaConab,0,1,3
João Daniel,@depjoaodanielpt,https://twitter.com/depjoaodanielpt/status/1658557714035888145,2023-05-16T19:39:08.000Z,"Com Lula, o preço dos combustíveis foi abrasileirado e o gás de cozinha ficou mais barato.

O Brasil voltou e faz o L!

via @deyvidbacelar e @FUP_Brasil",0,2,3
João Daniel,@depjoaodanielpt,https://twitter.com/depjoaodanielpt/status/1658556674175533057,2023-05-16T19:35:00.000Z,O que está em jogo é a segurança alimentar brasileira. A Conab no MDA dará as condições para o Brasil criar uma nova política de abastecimento. Tirando novamente o país do Mapa da Fome. #FicaConab,0,1,1
João Daniel,@depjoaodanielpt,https://twitter.com/depjoaodanielpt/status/1658555415594934275,2023-05-16T19:30:00.000Z,A Conab é um órgão de extrema importância para o combate a fome no país. Retirá-la do MDA seria um retrocesso. #FicaConab,0,2,8
João Daniel,@depjoaodanielpt,https://twitter.com/depjoaodanielpt/status/1658554157471768576,2023-05-16T19:25:00.000Z,"A Conab é responsável por programas de apoio à produção e distribuição de alimentos, colaborando para a redução da fome e da pobreza. #FicaConab",0,0,1
João Daniel,@depjoaodanielpt,https://twitter.com/depjoaodanielpt/status/1658552899016986627,2023-05-16T19:20:00.000Z,"A Conab está ameaçada. Alguns políticos querem tirá-la do Ministério do Desenvolvimento Agrário e Agricultura Familiar (MDA). Isso pode enfraquecer essa Companhia, para que os gigantes do agro lucrem ainda mais e a fome cresça no Brasil.#FicaConab",0,0,3
João Daniel,@depjoaodanielpt,https://twitter.com/depjoaodanielpt/status/1658551640759099393,2023-05-16T19:15:00.000Z,"É fundamental articular diferentes e novas estratégias entre produção e consumo. A alocação da Companhia Nacional de Abastecimento, da Ceasa Minas e da Ceagesp no MDA possibilita a criação de condições efetivas para a execução de ações de abastecimento alimentar.#FicaConab",0,0,4
João Daniel,@depjoaodanielpt,https://twitter.com/depjoaodanielpt/status/1658550382509924355,2023-05-16T19:10:00.000Z,"A Conab atua na promoção da agricultura familiar, contribuindo para a geração de emprego e renda no campo. #FicaConab",0,0,1
João Daniel,@depjoaodanielpt,https://twitter.com/depjoaodanielpt/status/1658547872932200448,2023-05-16T19:00:01.000Z,A Conab é fundamental para garantir a segurança alimentar do país. Sua permanência no MDA fortalece a agricultura familiar brasileira. #FicaConab,0,1,3
João Daniel,@depjoaodanielpt,https://twitter.com/depjoaodanielpt/status/1658545826862358530,2023-05-16T18:51:54.000Z,"33 milhões com fome, 62,5 milhões de pobres, 18 milhões de extremamente pobres e 250 mil moradores de rua, todas situações agravadas nos últimos anos por asfixia das políticas de desenvolvimento agrário. Urge no Brasil uma nova visão sobre a política de abastecimento.#FicaConab",0,0,1
João Daniel,@depjoaodanielpt,https://twitter.com/depjoaodanielpt/status/1658543357121970177,2023-05-16T18:42:05.000Z,"Fizemos o L pra isso:
Gasolina: -12,6% (R$0,40/l)
Diesel: -12,8% (R$0,44/l)
Botijão de 13kg: -21,3% (R$8,97)
Parabéns, presidente @LulaOficial e @jeanpaulprates!",0,10,16
João Daniel,@depjoaodanielpt,https://twitter.com/depjoaodanielpt/status/1658509777285120000,2023-05-16T16:28:39.000Z,Fim da injustiça! ✊🏽🚩Governo Lula anuncia nova política de preços da Petrobras ✅ Combustível mais barato para o nosso povo!,1,6,19
João Daniel,@depjoaodanielpt,https://twitter.com/depjoaodanielpt/status/1658209739891679260,2023-05-15T20:36:24.000Z,"O reconhecimento e a valorização da enfermagem são fundamentais para a saúde do país. Com a garantia dos recursos, o #PisoEnfermagem será uma realidade que beneficiará milhões de profissionais. 

Avanços importantes para a saúde e para a valorização do trabalho da enfermagem!👏🌟",0,3,6
João Daniel,@depjoaodanielpt,https://twitter.com/depjoaodanielpt/status/1658172789155586051,2023-05-15T18:09:34.000Z,"Parabéns, @juliette, por se posicionar a favor do PL 2630! É admirável ver uma artista tão talentosa como você se posicionar a favor dessa importante proposta para combater a desinformação e proteger nossa democracia.",0,46,192
João Daniel,@depjoaodanielpt,https://twitter.com/depjoaodanielpt/status/1658164586011303936,2023-05-15T17:36:59.000Z,Fortalecer a agricultura familiar é garantir a segurança alimentar de milhões de brasileiros. Defendo que a Conab permaneça no MDA e que o Programa de Aquisição de Alimentos continue gerando renda para os pequenos produtores. Vamos lutar juntos por essa causa!  #FicaConab,1,6,11
João Daniel,@depjoaodanielpt,https://twitter.com/depjoaodanielpt/status/1658155049804083205,2023-05-15T16:59:05.000Z,"✊🌍 Hoje é o #DiaDoAssistenteSocial! 
Parabenizamos esses profissionais que lutam por uma sociedade mais justa e igualitária. São agentes de transformação, defensores dos direitos humanos e da inclusão social. 💙",0,3,4
João Daniel,@depjoaodanielpt,https://twitter.com/depjoaodanielpt/status/1657762692386668544,2023-05-14T15:00:00.000Z,Brasil que cuida das mães é o que garante salário digno. Lula aumentou o salário mínimo 2 vezes em 4 meses. #BrasilMãe,0,1,2
João Daniel,@depjoaodanielpt,https://twitter.com/depjoaodanielpt/status/1657760175791513601,2023-05-14T14:50:00.000Z,Brasil Mãe se preocupa com a vacinação das famílias. O Bolsa Família garante que as crianças beneficiadas estejam vacinadas. #BrasilMãe,0,3,3
João Daniel,@depjoaodanielpt,https://twitter.com/depjoaodanielpt/status/1657757659444002816,2023-05-14T14:40:00.000Z,"Com educação em tempo integral para as crianças e jovens, as mães do Brasil podem voltar a sair para trabalhar tranquilas enquanto seus filhos aprendem. #BrasilMãe",0,2,4
João Daniel,@depjoaodanielpt,https://twitter.com/depjoaodanielpt/status/1657755145680158720,2023-05-14T14:30:00.000Z,O Brasil mãe cuida da mãe que planta colocar comida de saudável e de qualidade na mesa de todos os brasileiros. #BrasilMãe,0,2,3
João Daniel,@depjoaodanielpt,https://twitter.com/depjoaodanielpt/status/1657752626094567429,2023-05-14T14:20:00.000Z,Brasil Mãe é o Brasil que cuida da saúde da família. O Mais Médicos já abriu 15 mil vagas em todo o país. #BrasilMãe,0,4,5
João Daniel,@depjoaodanielpt,https://twitter.com/depjoaodanielpt/status/1657750109399187457,2023-05-14T14:10:00.000Z,O Brasil Mãe se preocupa com seus filhos na escola. O Bolsa Família garante que todas as crianças beneficiadas estejam estudando. #BrasilMãe,0,2,5
João Daniel,@depjoaodanielpt,https://twitter.com/depjoaodanielpt/status/1657747598361460736,2023-05-14T14:00:01.000Z,As mães do Brasil voltaram a sorrir. Com mais de 3.600 novas equipes para cuidar da saúde bucal das nossas famílias. #BrasilMãe,0,4,3
João Daniel,@depjoaodanielpt,https://twitter.com/depjoaodanielpt/status/1657745076465053701,2023-05-14T13:50:00.000Z,Governo Lula voltou a comprar alimentos da agricultura familiar e doar para as famílias vulneráveis. Esse é o Brasil que cuida da família. #BrasilMãe,0,2,3
João Daniel,@depjoaodanielpt,https://twitter.com/depjoaodanielpt/status/1657742559479996417,2023-05-14T13:40:00.000Z,O Brasil que alimenta garante comida no prato das famílias vulneráveis com a volta do Programa de Aquisição de Alimentos. #BrasilMãe,0,2,4
João Daniel,@depjoaodanielpt,https://twitter.com/depjoaodanielpt/status/1657740044256571392,2023-05-14T13:30:00.000Z,Brasil Mãe cuida da merenda escolar. Governo Lula aumentou 28% o valor de investimento para a alimentação em creches e escolas. #BrasilMãe,0,4,3
João Daniel,@depjoaodanielpt,https://twitter.com/depjoaodanielpt/status/1657737526793183233,2023-05-14T13:20:00.000Z,O Brasil Mãe cuida da família. O Programa Mais Médicos garante saúde em todos municípios do país. #BrasilMãe,0,2,3
João Daniel,@depjoaodanielpt,https://twitter.com/depjoaodanielpt/status/1657735009925472263,2023-05-14T13:10:00.000Z,Brasil Mãe é o Brasil que abriga. O Minha Casa Minha Vida já entregou 6.502 casas só esse ano. #BrasilMãe,0,1,3
João Daniel,@depjoaodanielpt,https://twitter.com/depjoaodanielpt/status/1657732503065726976,2023-05-14T13:00:02.000Z,Brasil Mãe é o Brasil que abriga. 82% dos contratos do Minha Casa Minha Vida neste ano foram assinados por mulheres. #BrasilMãe,0,1,5
João Daniel,@depjoaodanielpt,https://twitter.com/depjoaodanielpt/status/1657729976693854208,2023-05-14T12:50:00.000Z,"Um Brasil que alimenta, educa, une, empreende, inova, protege e que investe no futuro é um País que está ao lado de todas as mães. #BrasilMãe",0,0,3
João Daniel,@depjoaodanielpt,https://twitter.com/depjoaodanielpt/status/1657727460417454083,2023-05-14T12:40:00.000Z,Brasil que cuida das mães é o que garante salário digno. Lula aumentou o salário mínimo 2 vezes em 4 meses. #BrasilMãe,0,0,3
João Daniel,@depjoaodanielpt,https://twitter.com/depjoaodanielpt/status/1657724944883777536,2023-05-14T12:30:00.000Z,81% das famílias que recebem o Bolsa Família são cuidadas só pela mãe. Governo Lula voltou para cuidar de quem cuida. #BrasilMãe,0,0,5
João Daniel,@depjoaodanielpt,https://twitter.com/depjoaodanielpt/status/1657722427311378432,2023-05-14T12:20:00.000Z,Com o Bolsa Família as mães estão trocando ovo por peixe. É o Brasil Mãe ajudando as mães a alimentarem suas famílias. #BrasilMãe,0,0,5
João Daniel,@depjoaodanielpt,https://twitter.com/depjoaodanielpt/status/1657719910389239808,2023-05-14T12:10:00.000Z,"Brasil Mãe é o Brasil que cuida de suas gestantes. A partir de junho, cada gestante do Bolsa Família receberá R$50 extras. #BrasilMãe",0,0,4
João Daniel,@depjoaodanielpt,https://twitter.com/depjoaodanielpt/status/1657717396017217539,2023-05-14T12:00:00.000Z,Mais da metade das famílias no Brasil são cuidadas só por mães. O Governo Lula voltou para ajudar  #BrasilMãe,0,1,5
João Daniel,@depjoaodanielpt,https://twitter.com/depjoaodanielpt/status/1657714877333655552,2023-05-14T11:50:00.000Z,A mãe cuida de seus filhos e filhas. Quem é que cuida da mãe? O Governo Lula voltou para ajudar as mães do Brasil. #BrasilMãe,0,1,6
João Daniel,@depjoaodanielpt,https://twitter.com/depjoaodanielpt/status/1657709845158535171,2023-05-14T11:30:00.000Z,"Brasil Mãe é o Brasil que cuida das famílias. O Brasil que alimenta, educa, protege, abriga e respeita filhos, filhas e mães! #BrasilMãe",0,3,6
João Daniel,@depjoaodanielpt,https://twitter.com/depjoaodanielpt/status/1657702296036188161,2023-05-14T11:00:00.000Z,"As mães brasileiras voltaram a contar com um governo que cuida das mulheres e da família, garantindo direitos fundamentais na saúde, educação, renda e alimentação #BrasilMãe",0,3,7
João Daniel,@depjoaodanielpt,https://twitter.com/depjoaodanielpt/status/1657616222387683328,2023-05-14T05:17:59.000Z,"No Dia das Mães, celebramos o amor incondicional, a força e a luta por um mundo melhor que as mães carregam consigo. Reconheçamos e valorizemos o papel fundamental delas em nossa sociedade. Parabéns, mães! ❤️👩‍👧‍👦🌹 #DiaDasMaes #AmorDeMae  #MaeGuerreira",0,1,7
João Daniel,@depjoaodanielpt,https://twitter.com/depjoaodanielpt/status/1657594117113761793,2023-05-14T03:50:08.000Z,"Junto ao companheiro de luta, deputado federal Valmir Assunção, do PT-BA, prestigiamos esse evento que representa a essência do @MST_Oficial - movimento popular que batalha pela distribuição de terras e produz alimentos saudáveis.",1,9,40
João Daniel,@depjoaodanielpt,https://twitter.com/depjoaodanielpt/status/1657547972710637570,2023-05-14T00:46:47.000Z,"🚩A luta pela Reforma Agrária segue forte e unida! Tive o privilégio de coordenar, ao lado da deputada Rosa do PT de Pernambuco, o Ato da Reforma Agrária durante a IV Feira da Reforma Agrária em SP. Contamos com a presença de grandes personalidades e tantos outros companheiros.",0,6,12
João Daniel,@depjoaodanielpt,https://twitter.com/depjoaodanielpt/status/1657528946135642113,2023-05-13T23:31:10.000Z,Visitando a IV Feira da Reforma Agrária do @MST_Oficial em Sergipe! Encantado com a diversidade e qualidade dos produtos e parabenizo os companheiros e companheiras pela dedicação em prol de uma agricultura saudável e sustentável.,1,4,17
João Daniel,@depjoaodanielpt,https://twitter.com/depjoaodanielpt/status/1657479286914265090,2023-05-13T20:13:51.000Z,"Parabéns aos lourdenses pelos 60 anos de história política! Município rico em cultura popular e povo acolhedor, palco de grandes conquistas históricas e exemplo de espírito coletivo. Um abraço do nosso mandato a todos de Nossa Senhora de Lourdes. #Lourdes60anos",0,2,7
João Daniel,@depjoaodanielpt,https://twitter.com/depjoaodanielpt/status/1657400752308879360,2023-05-13T15:01:47.000Z,"Há 135 anos, a Lei Áurea extinguiu a escravidão no Brasil, mas a história romantizada esconde a luta pela reforma agrária. Fazendeiros e republicanos temeram e abafaram a proposta de André Rebouças, deixando os ex-escravos sem alternativa para se inserir na sociedade livre.",0,1,7
João Daniel,@depjoaodanielpt,https://twitter.com/depjoaodanielpt/status/1657118166554750976,2023-05-12T20:18:53.000Z,Parabéns ao @smabc pelos seus 64 anos de luta e resistência em defesa dos trabalhadores.,1,3,10
João Daniel,@depjoaodanielpt,https://twitter.com/depjoaodanielpt/status/1657042259752124418,2023-05-12T15:17:15.000Z,"Excelente notícia, companheiro @vanderloubet. 
A redução nos preços dos combustíveis e do gás de cozinha produzidos pelo governo @LulaOficial traz alívio às famílias brasileiras. Medidas como essa são importantes p/ o país progredir e garantir mais qualidade de vida para todos.",0,2,3
João Daniel,@depjoaodanielpt,https://twitter.com/depjoaodanielpt/status/1657035438303920128,2023-05-12T14:50:09.000Z,"🚨 ALERTA DE GOLPE! 🚨Criminosos estão usando meu nome para tentar aplicar golpes em amigos e eleitores. Reforço que NÃO estou solicitando nenhum código ou informação.

Não compartilhe dados pessoais e DENUNCIE imediatamente! Juntos, podemos combater essa prática criminosa.",0,4,8
João Daniel,@depjoaodanielpt,https://twitter.com/depjoaodanielpt/status/1657016517064548353,2023-05-12T13:34:58.000Z,"Como parlamentar comprometido com a saúde pública, celebro a sanção do PL pelo presidente @LulaOficial que destina R$ 7,3 bi aos sistemas de saúde para o piso salarial da enfermagem. Reconhecimento merecido à categoria que é essencial à nossa saúde. #diadaenfermagem",0,2,5
João Daniel,@depjoaodanielpt,https://twitter.com/depjoaodanielpt/status/1656813804200636419,2023-05-12T00:09:27.000Z,"Hoje participei de uma importante reunião com parlamentares da base governista para discutir a Medida Provisória MP 1154/2023, que trata da organização dos ministérios, especialmente a inclusão da CONAB no Ministério do Desenvolvimento Agrário e Agricultura Familiar - MDAAF.",0,2,6
João Daniel,@depjoaodanielpt,https://twitter.com/depjoaodanielpt/status/1656775576722481153,2023-05-11T21:37:33.000Z,"Recebemos a visita dos representantes da UNAVISA para discutir o Projeto de Lei 1126/21, que equipara a equipe de funcionários de vigilância sanitária, ACSs e ACEs. Essa iniciativa é crucial para promover esses profissionais que trabalham pela promoção da saúde pública.",0,1,7
João Daniel,@depjoaodanielpt,https://twitter.com/depjoaodanielpt/status/1656766921436479489,2023-05-11T21:03:09.000Z,Parabéns ao companheiro deputado Valmir pela defesa incansável da cultura e por nos representar neste dia tão importante que é o lançamento da Lei Paulo Gustavo. Juntos pela valorização dos artistas e da diversidade cultural! #Cultura #Investimento #Lula,0,0,8
João Daniel,@depjoaodanielpt,https://twitter.com/depjoaodanielpt/status/1656764993839267842,2023-05-11T20:55:30.000Z,Parabéns ao companheiro deputado @rubenspereirajr  pela indicação como titular da CPMI do 8 de Janeiro. É fundamental investigar a tentativa de golpe contra a democracia brasileira e responsabilizar os envolvidos. Conte com nosso apoio na defesa da Constituição e da justiça!,0,3,9
João Daniel,@depjoaodanielpt,https://twitter.com/depjoaodanielpt/status/1656764344544239618,2023-05-11T20:52:55.000Z,"Parabéns, companheiro deputado @RogerioCorreia, pela indicação do PT para integrar a CPMI dos Atos Golpistas. Sua atuação firme e comprometida é fundamental para defender a democracia e responsabilizar Bolsonaro pelo processo de golpe. Juntos pela democracia! #CPMIAtosGolpistas",0,2,9
João Daniel,@depjoaodanielpt,https://twitter.com/depjoaodanielpt/status/1656760658799521808,2023-05-11T20:38:16.000Z,"Recebi em meu gabinete o embaixador da República Árabe Saaraui Ocidental, Ahamed Mulay, para discutir o reconhecimento do país pelo governo brasileiro. A luta do povo saaraui pela autodeterminação é uma questão fundamental de direitos humanos e justiça.",0,1,8
João Daniel,@depjoaodanielpt,https://twitter.com/depjoaodanielpt/status/1656421461781774337,2023-05-10T22:10:25.000Z,"Parabéns aos Agentes Comunitários de Saúde e Agentes de Combate às Endemias pela luta em defesa de seus direitos! Juntos podemos garantir ainda mais conquistas, como a aposentadoria especial e a desprecarização.",1,2,9
João Daniel,@depjoaodanielpt,https://twitter.com/depjoaodanielpt/status/1656397251495772162,2023-05-10T20:34:13.000Z,"Lutando pelo desenvolvimento econômico de Sergipe! Aprovamos quatro requerimentos para realizar seminários em diferentes regiões do estado, com foco em oportunidades para fruticultura, piscicultura e rizicultura, casas de farinha e produção de leiteira.",0,1,7
João Daniel,@depjoaodanielpt,https://twitter.com/depjoaodanielpt/status/1656381707233161217,2023-05-10T19:32:27.000Z,"Recebemos representantes da Associação Estanciana dos Universitários p/ discutir a dificuldade de transporte dos alunos de Estância p/ a capital. Tratamos também do PL 2564/2011, que propõe assistência financeira no PNATE p/ transporte intermunicipal de alunos do ensino superior.",0,1,4
João Daniel,@depjoaodanielpt,https://twitter.com/depjoaodanielpt/status/1656331061834416130,2023-05-10T16:11:12.000Z,"Destaquei na Câmara dos Deputados a Feira Nacional da Reforma Agrária, realizada pelo @MST_Oficial , que promove a agroecológicos e a agricultura camponesa. A feira acontece em São Paulo de 11 a 14 de maio, incentivando o consumo de alimentos saudáveis e a sustentabilidade.",0,5,23
João Daniel,@depjoaodanielpt,https://twitter.com/depjoaodanielpt/status/1656308498915786754,2023-05-10T14:41:33.000Z,"Parabenizo o presidente @LulaOficial por sua missão em Londres, fortalecendo a democracia e as relações internacionais. Destaco sua defesa pela liberdade de imprensa e expressão, em especial para Julian Assange.  #LulaEmLondres #FreeAssange",2,27,116
João Daniel,@depjoaodanielpt,https://twitter.com/depjoaodanielpt/status/1656292709903073284,2023-05-10T13:38:49.000Z,📣 O Programa Brasil Sorridente é uma importante iniciativa do Governo Federal do Presidente Lula que tem impactado positivamente a saúde bucal e a autoestima da população brasileira! 🦷💪Confira!#FazoL #VivaoSUS,0,2,4
João Daniel,@depjoaodanielpt,https://twitter.com/depjoaodanielpt/status/1656042398231740441,2023-05-09T21:04:10.000Z,"Fake news não são apenas mentiras, são uma ameaça à nossa democracia. 

O PL 2630 é um passo importante para garantir a liberdade de expressão com responsabilidade nas redes sociais, evitando sua manipulação em prol da desinformação e do fascismo.  #PL2630SIM",0,4,10
João Daniel,@depjoaodanielpt,https://twitter.com/depjoaodanielpt/status/1656021017582620672,2023-05-09T19:39:12.000Z,"INACEITÁVEL! 
Telegram dissemina mentira sobre PL2630, alegando que acabará com a liberdade de expressão!

Regulação das Big Techs deve ser rígida para garantir ambiente seguro e democrático. Não queremos crianças expostas a conteúdos violentos. Lutemos pelo #PL2630SIM.",1,7,14
João Daniel,@depjoaodanielpt,https://twitter.com/depjoaodanielpt/status/1655966567522263040,2023-05-09T16:02:50.000Z,"Com a partida de Rita Lee, o Brasil perde uma artista completa e inspiradora. Sua contribuição para a cultura do país será sempre lembrada. Nossos sentimentos aos familiares, amigos e fãs. Descanse em paz, eterna Rainha do Rock.  🖤🎸💐",0,5,6
João Daniel,@depjoaodanielpt,https://twitter.com/depjoaodanielpt/status/1655950214673629184,2023-05-09T14:57:51.000Z,"Com tristeza, expresso minha solidariedade aos familiares e amigos do ex-deputado David Miranda. Sua luta incansável pelas causas sociais e pelos direitos humanos sempre será lembrada. Que sua memória continue inspirando a busca por um país mais justo. #DavidMirandaPresente",0,1,7
João Daniel,@depjoaodanielpt,https://twitter.com/depjoaodanielpt/status/1655715466424340480,2023-05-08T23:25:03.000Z,"A saúde bucal é agora um direito garantido por lei com o programa #BrasilSorridente. Atendimento odontológico gratuito pelo SUS para mais de 10 milhões de brasileiros.  🪥🦷#OBrasilVoltou com @LulaOficial, colocando a saúde da população em primeiro lugar.   #VivaOSUS 🫶🏼",1,4,10
João Daniel,@depjoaodanielpt,https://twitter.com/depjoaodanielpt/status/1655636850067791878,2023-05-08T18:12:39.000Z,"Participei do Campeonato Municipal de Futebol em Pedra Mole ao lado do prefeito Zé Augusto, líderes locais e do deputado Adailton Martins.

O esporte é transformador e continuo apoiando iniciativas que promovem o acesso ao lazer e melhoram a qualidade de vida da população. 🏆⚽🥇",0,0,7
João Daniel,@depjoaodanielpt,https://twitter.com/depjoaodanielpt/status/1655591286307450888,2023-05-08T15:11:36.000Z,"🗓️🚩 Participei do Congresso Municipal da CMP em Aracaju. Defendemos moradia popular, igualdade social e proteção dos direitos trabalhistas. Unidos na luta por um país mais justo e igualitário! #CMPAracaju #PT #DireitosPopulares",0,3,8
João Daniel,@depjoaodanielpt,https://twitter.com/depjoaodanielpt/status/1654639912199630848,2023-05-06T00:11:11.000Z,"🇧🇷⚡Estamos juntos nesta luta pela reestatização da Eletrobras, assumida pelo Presidente @LulaOficial . 

A nossa defesa da Eletrobras pública é reconhecida pelos Urbanitários e Eletricitários de todo o país, da @FNUCUT  e da @Frune_ ,  (+)",13,18,52
João Daniel,@depjoaodanielpt,https://twitter.com/depjoaodanielpt/status/1654504074107138048,2023-05-05T15:11:25.000Z,"Hoje é uma data especial com muitas comemorações importantes! Aniversário da cantora Beth Carvalho, 205 anos de Karl Marx, Dia das Comunicações, Dia Nacional da Líder e do Líder Comunitário, Dia Mundial da Língua Portuguesa e Dia Internacional da Parteira. Vamos celebrar juntos!",1,6,18
João Daniel,@depjoaodanielpt,https://twitter.com/depjoaodanielpt/status/1654443747243958272,2023-05-05T11:11:42.000Z,"Parabéns, Maruim! 🎂🎉🎊Hoje, celebramos o aniversário de um município alegre e promissor, com destaque para a cultura popular e agricultura familiar. 

Saudamos a população e o prefeito Gilberto Maynart pelo excelente trabalho na administração municipal. #Maruim169anos",0,3,4
João Daniel,@depjoaodanielpt,https://twitter.com/depjoaodanielpt/status/1654210988474810369,2023-05-04T19:46:48.000Z,"URGENTE: 💥💣 A verdade veio à tona! 

A divulgação do áudio entre o secretário particular de Bolsonaro e um militar envolvido na tentativa de golpe mostra a gravidade da situação. ⚖️ Não podemos permitir que nossos valores democráticos estejam ameaçados.",0,3,4
João Daniel,@depjoaodanielpt,https://twitter.com/depjoaodanielpt/status/1654090468450287617,2023-05-04T11:47:53.000Z,"Comemoramos 175 anos de Estância, a ""Cidade Jardim"". Lar de belezas naturais, pessoas acolhedoras e arquitetura histórica. Orgulho em contribuir para seu desenvolvimento na agricultura familiar, saneamento básico e cultura popular. Parabéns Estância, símbolo da cultura sergipana!",0,0,7
João Daniel,@depjoaodanielpt,https://twitter.com/depjoaodanielpt/status/1653925933923934209,2023-05-04T00:54:05.000Z,Podcast Três por Quatro retorna em nova temporada nessa sexta-feira,0,2,5
João Daniel,@depjoaodanielpt,https://twitter.com/depjoaodanielpt/status/1653899427420028935,2023-05-03T23:08:46.000Z,"EM DEFESA DO SANEAMENTO PÚBLICO!

Fui o único deputado de Sergipe a votar a favor do saneamento público, rejeitando o Projeto de Decreto Legislativo (PDL) que tentava anular os decretos de Lula que modificaram o marco legal do saneamento básico, em votação ocorrida nesta noite.",2,6,22
João Daniel,@depjoaodanielpt,https://twitter.com/depjoaodanielpt/status/1653864051527540737,2023-05-03T20:48:11.000Z,"✅📑 Enquanto trabalhamos para melhorar a vida dos brasileiros, a turma bolsonarista fica mais preocupada em proteger a casa de Bolsonaro do que com o próprio país.",0,21,31
João Daniel,@depjoaodanielpt,https://twitter.com/depjoaodanielpt/status/1653542383814860818,2023-05-02T23:30:00.000Z,O Brasil servirá de modelo ao mundo com a aprovação do PL 1085 e a superação da desigualdade salarial entre mulheres e homens. O impacto também será positivo na economia e na produção de riquezas nacionais. #IgualdadeSalarialJá,0,0,4
João Daniel,@depjoaodanielpt,https://twitter.com/depjoaodanielpt/status/1653541712084496390,2023-05-02T23:27:20.000Z,"Apoio o PL 2630, por ser crucial na luta contra a desinformação nas redes sociais e proteger crianças, animais e combater discursos de ódio e crimes cibernéticos. Aprovar o PL é um passo importante para construir um ambiente digital seguro para todos. #PL2630  #PL2630SalvaVidas",1,2,9
João Daniel,@depjoaodanielpt,https://twitter.com/depjoaodanielpt/status/1653539867119468544,2023-05-02T23:20:00.000Z,"Se a desigualdade salarial entre mulheres e homens for corrigida, o crescimento do PIB mundial em 2030 poderá ganhar 13 trilhões de dólares além do projetado hoje,
segundo o jornal Valor Econômico. #IgualdadeSalarialJá",0,1,3
João Daniel,@depjoaodanielpt,https://twitter.com/depjoaodanielpt/status/1653537350348144645,2023-05-02T23:10:00.000Z,"A maioria dos lares brasileiros (50,8%) são chefiados por mulheres. Promover a igualdade salarial aquece a economia e distribui renda. #IgualdadeSalarialJá",0,1,3
João Daniel,@depjoaodanielpt,https://twitter.com/depjoaodanielpt/status/1653533575608946688,2023-05-02T22:55:00.000Z,"A desigualdade de gênero no mercado de trabalho é reflexo do machismo que já observamos em todas as esferas da sociedade. A igualdade salarial poderá causar
efeito inverso e promover superação de desigualdades em todas as outras áreas da vida das mulheres. #IgualdadeSalarialJá",0,0,4
João Daniel,@depjoaodanielpt,https://twitter.com/depjoaodanielpt/status/1653532317015748608,2023-05-02T22:50:00.000Z,"Levantamento do Dieese mostra que o rendimento médio mensal das mulheres no mercado de trabalho brasileiro é 21% menor do que o dos homens – R$ 3.305 para
eles e R$ 2.909 para elas. #IgualdadeSalarialJá",0,1,3
João Daniel,@depjoaodanielpt,https://twitter.com/depjoaodanielpt/status/1653531058883940352,2023-05-02T22:45:00.000Z,O presidente Lula assumiu como projeto de governo a superação da desigualdade salarial entre mulheres e homens. Tanto q enviou o PL 1085/2023 p/ inibir e punir empresas que pagam salários menores a mulheres que exercem a mesma função que seus colegas homens. #IgualdadeSalarialJá,0,0,4
João Daniel,@depjoaodanielpt,https://twitter.com/depjoaodanielpt/status/1653529801859399683,2023-05-02T22:40:00.000Z,Organizações multilaterais indicam perda significativa no PIB dado a permanência das disparidades de rendas entre o trabalho efetuado por homens e mulheres.#IgualdadeSalarialJá,0,0,2
João Daniel,@depjoaodanielpt,https://twitter.com/depjoaodanielpt/status/1653528542582284288,2023-05-02T22:35:00.000Z,"As mulheres possuem apenas 75% dos direitos dos homens perante a lei. O emprego feminino é duas vezes mais vulnerável do que o masculino. O projeto de igualdade salarial significa justiça social e econômica para as mulheres trabalhadoras. 
 #IgualdadeSalarialJá",0,0,3
João Daniel,@depjoaodanielpt,https://twitter.com/depjoaodanielpt/status/1653524767629008897,2023-05-02T22:20:00.000Z,"Mesmo nos setores de atividades em que as mulheres são maioria, em média, elas recebem menos. Em educação, saúde e serviços sociais, mulheres representam 75% do total e têm rendimentos médios 32% abaixo dos recebidos pelos homens.  #IgualdadeSalarialJá",0,0,3
João Daniel,@depjoaodanielpt,https://twitter.com/depjoaodanielpt/status/1653524560812097538,2023-05-02T22:19:10.000Z,"O PL 2630 não é sobre censura. Ele visa combater problemas graves como notícias falsas, perfis que incentivam massacres em escolas, organização de atos terroristas, pornografia infantil, vídeos que incentivam maus tratos aos animais e discursos que atacam nossa democracia.",2,7,16
João Daniel,@depjoaodanielpt,https://twitter.com/depjoaodanielpt/status/1653523509057036288,2023-05-02T22:15:00.000Z,"Na educação, as mulheres são 77,5% dos docentes do ensino fundamental e 57,5% dos docentes do ensino médio de todo o país. Igualdade salarial também é valorização dos profissionais da educação.  #IgualdadeSalarialJá",0,0,2
João Daniel,@depjoaodanielpt,https://twitter.com/depjoaodanielpt/status/1653520992726315009,2023-05-02T22:05:00.000Z,"Você sabia que as mulheres representam 74% da força de trabalho do SUS?
Igualdade salarial também é valorização dos profissionais da
saúde. #IgualdadeSalarialJá",0,5,16
João Daniel,@depjoaodanielpt,https://twitter.com/depjoaodanielpt/status/1653518982580785156,2023-05-02T21:57:01.000Z,Pesquisa Violência contra Mulheres de 2020 do Instituto Patrícia Galvão relata que 71% das pessoas que trabalham percebem que mulheres têm menos oportunidades que os homens no mercado de trabalho de forma geral (+),1,0,7
João Daniel,@depjoaodanielpt,https://twitter.com/depjoaodanielpt/status/1653518427292676098,2023-05-02T21:54:48.000Z,"Você sabia que 34% das mulheres relatam já ter recebido um salário menor do que as pessoas do sexo oposto que ocupavam o mesmo cargo? Trabalho igual, salário igual é fazer justiça às mulheres no mundo do trabalho. #IgualdadeSalarialJá",0,0,3
João Daniel,@depjoaodanielpt,https://twitter.com/depjoaodanielpt/status/1653517702768521216,2023-05-02T21:51:55.000Z,Você sabia que 76% das mulheres reconhecem já ter passado por um ou mais episódios de violência e assédio no trabalho? Pagar menos a uma mulher em mesma função que um colega homem também é uma violência. #IgualdadeSalarialJá,0,1,4
João Daniel,@depjoaodanielpt,https://twitter.com/depjoaodanielpt/status/1653516598081093635,2023-05-02T21:47:32.000Z,"Aprovar o PL 1085/23 é construir uma política de TRABALHO IGUAL, SALÁRIO IGUAL que atende o objetivo 10.2 da Agenda 2030 da ONU que diz: até 2030, empoderar e promover a inclusão social, econômica e política de todos, (+)",1,2,6
João Daniel,@depjoaodanielpt,https://twitter.com/depjoaodanielpt/status/1653516260733337601,2023-05-02T21:46:12.000Z,"TRABALHO IGUAL, SALÁRIO IGUAL 

A igualdade de gênero e a redução das desigualdades estão entre os 17 objetivos de desenvolvimento sustentável da Organização das Nações Unidas. #IgualdadeSalarialJá",0,0,3
João Daniel,@depjoaodanielpt,https://twitter.com/depjoaodanielpt/status/1653464437901148162,2023-05-02T18:20:16.000Z,"Reunião produtiva com a equipe da Casa de Repouso Padre Júlio de Aquidabã!  👵🏾👴🏼 💞Conhecendo as demandas e nos colocamos à disposição para ajudar. Respeito e carinho aos idosos é prioridade. #ApoioSocial  #CasaDeRepousoPadreJúlio""",0,0,4
João Daniel,@depjoaodanielpt,https://twitter.com/depjoaodanielpt/status/1653414046106894336,2023-05-02T15:00:02.000Z,Chega de mentiras! Apoio a lei da verdade e do cuidado  #PL2630Sim #InternetSegura #PLContraFake,2,5,11
João Daniel,@depjoaodanielpt,https://twitter.com/depjoaodanielpt/status/1653409759738085377,2023-05-02T14:43:00.000Z,Vamos juntos dar um basta às mentiras que destroem #PL2630Sim #InternetSegura #PLContraFake,2,3,8
João Daniel,@depjoaodanielpt,https://twitter.com/depjoaodanielpt/status/1653407260876390408,2023-05-02T14:33:04.000Z,Vamos proteger nossas crianças #PL2630Sim #InternetSegura #PLContraFake,2,6,12
João Daniel,@depjoaodanielpt,https://twitter.com/depjoaodanielpt/status/1653406830167457796,2023-05-02T14:31:21.000Z,Mentiras matam #PL2630Sim #InternetSegura #PLContraFake,2,5,7
João Daniel,@depjoaodanielpt,https://twitter.com/depjoaodanielpt/status/1653047903685050369,2023-05-01T14:45:07.000Z,"Neste 1º de maio, saúdo os trabalhador@s e reitero o compromisso do governo liderado pelo Presidente @LulaOficial e da bancada do PT na defesa da classe trabalhadora e de políticas públicas para a população brasileira. 

Parabéns aos trabalhadores pelo seu dia!  #1deMaio",0,2,7
