nome,usuario,idTweet,dataPublicacao,texto,replies,retweets,likes
Marreca Filho,@depmarrecafilho,https://twitter.com/depmarrecafilho/status/1661698514538364928,2023-05-25T11:39:33.000Z,"Aprovamos o Regime Fiscal Sustentável! Ele é baseado no equilíbrio entre a arrecadação e a despesa, o que vai garantir a estabilidade macroeconômica ao mesmo tempo em que criará condições para o crescimento social e econômico do nosso País.",1,0,1
Marreca Filho,@depmarrecafilho,https://twitter.com/depmarrecafilho/status/1658518914190409738,2023-05-16T17:04:57.000Z,"Excelente notícia para os consumidores! A Petrobrás anunciou mudanças na forma de reajuste dos preços dos combustíveis. Com o fim da paridade com o mercado internacional os preços da gasolina, diesel e gás de cozinha irão reduzir e não haverá mais constante variação de valores.",1,0,1
Marreca Filho,@depmarrecafilho,https://twitter.com/depmarrecafilho/status/1654785663236034560,2023-05-06T09:50:21.000Z,"Manifesto a minha solidariedade ao amigo e companheiro político, vereador, Alan da Marissol, que teve seu mandato cassado. 

Alan é atuante, responsável e compromissado com o povo de Balsas. Acredito na justiça de Deus, tenho certeza que ela será feita! Conte comigo, meu irmão.",3,0,0
Marreca Filho,@depmarrecafilho,https://twitter.com/depmarrecafilho/status/1654161180242374656,2023-05-04T16:28:52.000Z,"Aprovamos o PL1085/23 que vai garantir a igualdade salarial entre homens e mulheres. É um grande avanço para a democracia e para a igualdade de direitos. A proposta obriga a igualdade salarial e remuneratória e cria meios para verificar, punir e sanar a desigualdade.",5,0,0
