nome,usuario,idTweet,dataPublicacao,texto,replies,retweets,likes
Deputado Rodrigo,@DepRodrigo_,https://twitter.com/DepRodrigo_/status/1663200950608093185,2023-05-29T15:09:42.000Z,"🚨 Bolsonaro alertou sobre os perigos que o Brasil estava correndo de seguir o mesmo caminho da Venezuela.

Hoje, o encontro de Lula e Nicolás Maduro no Palácio do Planalto e a homenagem militar ao ditador venezuelano é um triste sinal para o nosso país.",0,1,12
Deputado Rodrigo,@DepRodrigo_,https://twitter.com/DepRodrigo_/status/1660998841624145921,2023-05-23T13:19:18.000Z,"Nos últimos dias, acompanhei o campeonato mundial de vôlei escolar em Israel, e me surpreendi com tudo oq presenciei. 

Parabéns a CBDE, em nome do pres. Antônio Hora, e a ISF, em nome do pres. @lpetrynka, por proporcionarem essa oportunidade aos jovens.

O esporte muda vidas!",0,1,1
Deputado Rodrigo,@DepRodrigo_,https://twitter.com/DepRodrigo_/status/1654902654986747906,2023-05-06T17:35:14.000Z,"Ao vivo na Jovem Pan News! 📺✨Este domingo, às 14 horas, estarei comentando as últimas novidades do cenário político nacional na #jpnews 🌍💼Não perca esse bate-papo envolvente e fique por dentro do nosso posicionamento sobre diversos assuntos! 🗣️🔍Sintonize-se! 📲💬",4,3,11
Deputado Rodrigo,@DepRodrigo_,https://twitter.com/DepRodrigo_/status/1653532392991195139,2023-05-02T22:50:18.000Z,"URGENTE! 🚨 

O Relator comunista Orlando Silva do PL 2630 - PL da Censura - acaba de pedir pra RETIRAR DE PAUTA o PL. 

Nossa pressão está funcionando e eles sabem que NÃO TEM VOTOS pra passar o PL. 

Mas não vamos relaxar: CONTINUEM MOBILIZADOS

Vamos vencer!",8,9,31
