nome,usuario,idTweet,dataPublicacao,texto,replies,retweets,likes
Pezenti,@deputadopezenti,https://twitter.com/deputadopezenti/status/1655654130252128259,2023-05-08T19:21:19.000Z,"Lula articula mal ao tentar atrair os partidos políticos para sua base. Se não convencer a população de que seus projetos são bons, os parlamentares continuarão derrotando o Governo. Eu, por exemplo, não sigo a orientação partidária. Voto conforme a vontade de quem votou em mim.",2,1,9
Pezenti,@deputadopezenti,https://twitter.com/deputadopezenti/status/1655556648528666627,2023-05-08T12:53:58.000Z,"Nenhum país, além do Brasil, adota o SISTEMA TRICAMERAL. Por aqui, qualquer ação legislativa só tem validade se passar pelas três Casas: Câmara + Senado + STF.",0,0,4
Pezenti,@deputadopezenti,https://twitter.com/deputadopezenti/status/1653911061534330882,2023-05-03T23:54:59.000Z,"Mais uma derrota do Governo. Vitória do Brasil! Derrubamos o Decreto do Lula contra o Marco do Saneamento Básico. Na prática, Lula queria favorecer estatais em detrimento de milhares de pessoas que, em pleno século XXI, não têm água e esgoto tratados. Chega de retrocesso!",0,0,10
Pezenti,@deputadopezenti,https://twitter.com/deputadopezenti/status/1653471384427802624,2023-05-02T18:47:52.000Z,#PLdaCensuraNão,0,0,2
Pezenti,@deputadopezenti,https://twitter.com/deputadopezenti/status/1653471309534248965,2023-05-02T18:47:34.000Z,"245 x 218

Neste momento, segundo o Placar da Censura, estamos na frente. No entanto, há 50 “INDECISOS” que precisam se manifestar. Enquanto não alcançarmos os 257 (maioria absoluta), precisamos continuar a mobilização.#PLdaCensuraNão",0,0,3
