nome,usuario,idTweet,dataPublicacao,texto,replies,retweets,likes
Deputado Ismael,@deputadoismael,https://twitter.com/deputadoismael/status/1663693119693500416,2023-05-30T23:45:24.000Z,Com 283 favoráveis aprovamos o projeto de lei denominado de Marco Temporal que em síntese respeita o direito de propriedade do cidadão brasileiro. Confira a nossa mensagem:,1,1,2
Deputado Ismael,@deputadoismael,https://twitter.com/deputadoismael/status/1663616063882371074,2023-05-30T18:39:12.000Z,"Com Senador Amin e deputados da Frente Parlamentar do Empreendedorismo, debatendo como o Ministro das Relações Institucionais, Alexandre Padilha, para um debate sobre os desafios do desenvolvimento econômico no país.",1,0,3
Deputado Ismael,@deputadoismael,https://twitter.com/deputadoismael/status/1663571709012721666,2023-05-30T15:42:57.000Z,"No Ministério da Pesca com o Prefeito Baraúna e o Secretário de Obras Gildo, em audiência com o Ministro Andre de Paula e com o secretário da pesca, Carlos Mello.",1,0,4
Deputado Ismael,@deputadoismael,https://twitter.com/deputadoismael/status/1663338486252838915,2023-05-30T00:16:13.000Z,"Com o Governador Jorginho e o Prefeito Topázio, noite pra homenagear a Igreja Evangélica Assembléia de Deus de Florianópolis pelos seus 85 anos de trajetória, aplaudindo sua contribuição no cuidado com a fé e na assistência social dos catarinenses.",0,0,2
Deputado Ismael,@deputadoismael,https://twitter.com/deputadoismael/status/1663201638180331521,2023-05-29T15:12:25.000Z,Atendendo a população no Gabinete Regional. Aqui você é sempre bem-vindo. Faça uma ótima semana!,0,0,2
Deputado Ismael,@deputadoismael,https://twitter.com/deputadoismael/status/1663170772951613440,2023-05-29T13:09:47.000Z,"6:30 começamos roteiro no município em Indaial, acompanhado do Presidente da Câmara, Vereador Jonas. Iniciamos prestando contas do mandato na Rádio Clube;",1,0,3
Deputado Ismael,@deputadoismael,https://twitter.com/deputadoismael/status/1662972237199159296,2023-05-29T00:00:52.000Z,"No largo terreno das ideias - este mundo complexo -, sempre há espaço para descobertas. É isto que me motiva a fazer uma, duas, três palestras por semana, compartilhando minhas leituras e minhas convicções, seja para grandes públicos ou para um pequeno grupo; não importa..",1,0,3
Deputado Ismael,@deputadoismael,https://twitter.com/deputadoismael/status/1662612369665662978,2023-05-28T00:10:53.000Z,"Sábado pra visitar Garopaba, reunião com o Presidente da Câmara, Vereador Jairo dos Santos; mais tarde, em Imbituba, com o Prefeito Rosenvaldo Júnior e o Vereador Thiago Rosa, vistoriamos rua que será pavimentada com recursos garantidos pelo nosso mandato parlamentar;",1,0,3
Deputado Ismael,@deputadoismael,https://twitter.com/deputadoismael/status/1662256853907132416,2023-05-27T00:38:11.000Z,"Sexta-feira é dia de cumprir agenda em Santa Catarina. Hoje conferimos de perto a conclusão da pavimentação da Rua Amanda Juppa Müller, no Bairro Rau, em Jaraguá do Sul.",1,0,4
Deputado Ismael,@deputadoismael,https://twitter.com/deputadoismael/status/1661831069648273408,2023-05-25T20:26:16.000Z,"Não há aspiração mais nobre na política do que a disposição para servir. E você faz isto de múltiplas formas, porém, por certo, manter as portas do gabinete permanente abertas, configura-se num bom sinal de que estamos no caminho certo.",0,0,2
Deputado Ismael,@deputadoismael,https://twitter.com/deputadoismael/status/1661719757354156032,2023-05-25T13:03:58.000Z,Finalmente foi votado a urgência do projeto de lei do marco temporal referente a demarcação das terras indígenas. Confira detalhes.,0,0,2
Deputado Ismael,@deputadoismael,https://twitter.com/deputadoismael/status/1661447577831723038,2023-05-24T19:02:25.000Z,Conheci o Deputado Deltan Dallagnol aqui no Parlamento. Ele leu um dos meus livros e passamos a dialogar todas as semanas no Plenário da Câmara. Hoje ele passou por aqui e deixou uma mensagem que eu compartilho com você.,0,0,2
Deputado Ismael,@deputadoismael,https://twitter.com/deputadoismael/status/1661365731173253120,2023-05-24T13:37:11.000Z,"Arcabouço Fiscal, entenda o que é e o nosso posicionamento responsável.",1,0,3
Deputado Ismael,@deputadoismael,https://twitter.com/deputadoismael/status/1661358368961822720,2023-05-24T13:07:56.000Z,O STF precisa ouvir a voz das ruas: não às drogas! Sim à vida! Vídeo completo em: https://fb.watch/kJNlyxk843/?mibextid=Nif5oz…,0,1,7
Deputado Ismael,@deputadoismael,https://twitter.com/deputadoismael/status/1661108823740784656,2023-05-23T20:36:20.000Z,"Na FUNAI, com o Prefeito Topázio, debatendo sobre a construção da casa de passagem dos povos indígenas de Florianópolis.",0,0,1
Deputado Ismael,@deputadoismael,https://twitter.com/deputadoismael/status/1661064482150400010,2023-05-23T17:40:08.000Z,"Na Frente Parlamentar do Empreendedorismo, hoje debatendo com o Doutor em Economia, Marcos Lisboa, os desafios econômicos do país e as reformas necessárias para o crescimento brasileiro.",1,0,2
Deputado Ismael,@deputadoismael,https://twitter.com/deputadoismael/status/1660663364685627392,2023-05-22T15:06:14.000Z,"O Gabinete Regional, à Rua Paraíba, 265, de portas abertas pra você. Segunda-feira sempre estamos por aqui. Hoje já recebemos o Deputado Estadual Ivan Naatz (Blumenau), o Vereador Daniel (Garuva), o Suplente de Vereador Natal (Brusque)...",1,0,5
Deputado Ismael,@deputadoismael,https://twitter.com/deputadoismael/status/1660435822405992448,2023-05-22T00:02:04.000Z,"Um homem, uma bicicleta, 50km de estrada de pó, curva e subida. Este foi o cenário que marcou por muito tempo o roteiro de papai (Pastor Nirton), no início dos anos 1960.",1,0,1
Deputado Ismael,@deputadoismael,https://twitter.com/deputadoismael/status/1660059751785308160,2023-05-20T23:07:41.000Z,"Meu #tbt deste final de semana é de uma música que gravei em 2018 com o amigo Daniel na Lagoa da Garopaba, em Jaguaruna, no Sul catarinense. VÍDEO COMPLETO DISPONÍVEL EM: https://fb.watch/kF2igjSBcZ/?mibextid=Nif5oz…",0,0,3
Deputado Ismael,@deputadoismael,https://twitter.com/deputadoismael/status/1659960236923387904,2023-05-20T16:32:15.000Z,"Saudando os participantes do encontro Homens de Honra, no bairro João Pessoa, em Jaraguá do Sul.",0,0,1
Deputado Ismael,@deputadoismael,https://twitter.com/deputadoismael/status/1659723834298187778,2023-05-20T00:52:52.000Z,"Começamos a sexta-feira na Prefeitura de Ibirama, com entrega de emenda para infraestrutura no valor de 150 mil reais. Seguimos para o município de Lontras, onde participamos da inauguração de uma Creche com recursos de 100 mil reais garantidos pelo nosso mandato parlamentar.",1,0,4
Deputado Ismael,@deputadoismael,https://twitter.com/deputadoismael/status/1659286692048564226,2023-05-18T19:55:50.000Z,"Encerrando semana intensa em Brasília com temas imprescindíveis para o Brasil, tais como: a instalação da CPMI de 8 de janeiro, a tramitação do arcabouço fiscal, o debate sobre os desafios do agronegócio no Brasil, o seminário sobre o novo ensino médio,",3,0,3
Deputado Ismael,@deputadoismael,https://twitter.com/deputadoismael/status/1658935137273249794,2023-05-17T20:38:52.000Z,"Audiência Pública no âmbito da Comissão de Previdência, Assistência Social, Infância, Adolescência e Família sobre o papel das Comunidades Terapêuticas.",1,0,5
Deputado Ismael,@deputadoismael,https://twitter.com/deputadoismael/status/1658851006833147906,2023-05-17T15:04:34.000Z,"Debate intenso e tenso promovido pela Comissão de Educação para avaliação e reestruturação da política nacional de Ensino Médio. Presença de estudantes, trabalhadores da educação, gestores e representantes de todo o Brasil de comunidade escolares.",0,0,1
Deputado Ismael,@deputadoismael,https://twitter.com/deputadoismael/status/1658811399575928835,2023-05-17T12:27:11.000Z,"Reunião de trabalho da Frente Parlamentar Catarinense com a Secretária Estadual de Saúde, Carmen Zanotto. Pauta: análise da produção de Média e Alta complexidade, ambulatorial e hospitalar, nos últimos 12 meses em Santa Catarina.",0,0,1
Deputado Ismael,@deputadoismael,https://twitter.com/deputadoismael/status/1658520843369041920,2023-05-16T17:12:37.000Z,"Debate sobre os desafios do agronegócio no Brasil, na Frente Parlamentar da Agropecuária (349 deputados federais), com Geraldo Alckmin - Vice-Presidente da República e Ministro do Desenvolvimento, Indústria, Comércio e Serviço.",1,0,2
Deputado Ismael,@deputadoismael,https://twitter.com/deputadoismael/status/1658228344662499333,2023-05-15T21:50:20.000Z,Audiência na Casa da Agronômica com o Governador Jorginho. Na pauta os principais projetos que tramitam na Câmara Federal de interesse de Santa Catarina.,1,0,1
Deputado Ismael,@deputadoismael,https://twitter.com/deputadoismael/status/1658189936606994453,2023-05-15T19:17:43.000Z,"Com o Secretário Nacional da Pesca, Deputado Expedito Neto, no SINDIPI, em Itajaí.",0,0,1
Deputado Ismael,@deputadoismael,https://twitter.com/deputadoismael/status/1658099691802828802,2023-05-15T13:19:07.000Z,"A semana começa no Gabinete de Atendimento Regional. Recebo agora o amigo Varela, da Associação de Moradores da Fortaleza, Blumensu, e o Vice-Prefeito Tuti, de Timbó. Seja bem-vindo e tenha um ótima semana!",0,0,4
Deputado Ismael,@deputadoismael,https://twitter.com/deputadoismael/status/1657897315120578560,2023-05-14T23:54:56.000Z,"""Um Deus real, presente e sempre estendendo a mão para todas as mães"", tema da palestra que ministrei neste domingo para dezenas de mamães na AD Nova Jerusalém, em Blumenau.",0,0,2
Deputado Ismael,@deputadoismael,https://twitter.com/deputadoismael/status/1657683815232405504,2023-05-14T09:46:34.000Z,"A vida é assim. Tudo começa com uma mãe.Depois crescemos e não raro esquecemos de prestar atenção suficiente  e de valorizar como deveríamos quem nos trouxe à existência. Por q não aproveitar todos os momentos - sempre que a oportunidade aparecer - para dizer: ""Mamãe, amo você""?",1,0,3
Deputado Ismael,@deputadoismael,https://twitter.com/deputadoismael/status/1657507876959657985,2023-05-13T22:07:27.000Z,"""Os cristãos devem exercer influência na política?"" Dezenas de lideres comunitários vindos de diferentes regiões de SC se reuniram em Içara, neste sábado, para um amplo seminário organizado pela Comissão Política da CIADESCP.",1,0,4
Deputado Ismael,@deputadoismael,https://twitter.com/deputadoismael/status/1657181839172198401,2023-05-13T00:31:54.000Z,"Na cidade de Massaranduba, com Prefeito, Vereadores e Secretários, entregamos uma máquina escavadeira hidráulica com recursos que garantimos no orçamento do Estado;",1,0,3
Deputado Ismael,@deputadoismael,https://twitter.com/deputadoismael/status/1656995139909287938,2023-05-12T12:10:01.000Z,"A agenda pra sexta-feira promete; então, vamos reforçando as energias com o tradicional pão com bolinho de carne na Benkendorf, em Blumenau.",0,1,7
Deputado Ismael,@deputadoismael,https://twitter.com/deputadoismael/status/1656749367758290946,2023-05-11T19:53:24.000Z,"A capacidade de trabalho no Parlamento e a inclinação para produzir o que é bom para a sociedade, tem origem numa medida significativa no atendimento aos prefeitos, vereadores e lideranças comunitárias que batem à porta do nosso Gabimete;",1,0,1
Deputado Ismael,@deputadoismael,https://twitter.com/deputadoismael/status/1656642445134667779,2023-05-11T12:48:32.000Z,"Hoje completamos 100 dias na Câmara Federal. Foram centenas de atendimentos, inúmeros debates, votações conscientes e muita caminhada na busca de servir os municípios catarinenses.",1,0,9
Deputado Ismael,@deputadoismael,https://twitter.com/deputadoismael/status/1656307450717372417,2023-05-10T14:37:23.000Z,"Na Comissão de Educação. Entre as pautas, debate sobre PL que estabelece a inclusão da Política e Direitos do Cidadão como componente obrigatório dos currículos do ensino fundamental e do ensino médio.",1,0,3
Deputado Ismael,@deputadoismael,https://twitter.com/deputadoismael/status/1656270037135552514,2023-05-10T12:08:43.000Z,"Ouvindo o amigo Dr. Erni Seibert, Diretor Executivo da Sociedade Bíblica do Brasil, no devocional da Frente Parlamentar Evangélica, na Câmara Federal. A SBB é a maior publicadora de Bíblias no mundo, produzindo mais de 7 milhões de exemplares todos os anos.",0,0,2
Deputado Ismael,@deputadoismael,https://twitter.com/deputadoismael/status/1656042027245551657,2023-05-09T21:02:41.000Z,Audiência com o Diretor do Departamento de Apoio às Comunidades Terapêuticas do Ministério de Desenvolvimento Social. Vídeo completo: https://fb.watch/kqrzVi98OF/?mibextid=Nif5oz…,0,0,1
Deputado Ismael,@deputadoismael,https://twitter.com/deputadoismael/status/1655968204932382720,2023-05-09T16:09:21.000Z,"Com a Frente Parlamentar do Empreendedorismo debatendo a desoneração da folha. O que é preciso entender? O elevado custo para contratar no regime da CLT prejudica a geração de empregos formais. Isso é o chamado ""custo Brasil"".",1,0,1
Deputado Ismael,@deputadoismael,https://twitter.com/deputadoismael/status/1655560522282987520,2023-05-08T13:09:21.000Z,"Na cavalgada pública surgem um turbilhão de atalhos e de vozes, insistindo: ""Siga por aqui! Não! Siga por esta outra direção!"". Como não errar?",1,0,2
Deputado Ismael,@deputadoismael,https://twitter.com/deputadoismael/status/1655358388291641345,2023-05-07T23:46:09.000Z,"Com a Vereadora Dirce, trazendo a reflexão dominical na AD Mafra. Aproveito pra agradecer os 474 votos conquistados na cidade e a recepção sempre especial do amigo Adonias Monteiro.",0,0,1
Deputado Ismael,@deputadoismael,https://twitter.com/deputadoismael/status/1655267994476371975,2023-05-07T17:46:57.000Z,"Falando sobre as ações da Frente Parlamentar da Agropecuária na Festa do Homem e da Mulher do Campo, na localidade de São João do Mirador, interior do município de Papanduva.",1,0,2
Deputado Ismael,@deputadoismael,https://twitter.com/deputadoismael/status/1655006139912708098,2023-05-07T00:26:26.000Z,"Prestar contas do mandato é bom. Entregar obras conquistadas com recursos que garantimos no orçamento estatal é melhor ainda. Neste sábado, com o Vereador Gerson,  inauguramos uma bela quadra de futebol society na periferia da cidade de Três Barras (300 mil reais); mais tarde,",1,0,2
Deputado Ismael,@deputadoismael,https://twitter.com/deputadoismael/status/1654863384070823937,2023-05-06T14:59:11.000Z,"Na cidade de Major Vieira, inaugurando Rua pavimentada com recursos de duzentos e cinquenta mil reais que garantimos através de emenda positiva. Confira a gratidão do Prefeito e da população .",0,0,2
Deputado Ismael,@deputadoismael,https://twitter.com/deputadoismael/status/1654821980179247104,2023-05-06T12:14:39.000Z,Sábado cedo entregando ao município de Três Barras uma bela quadra de futebol society. Foram investidos trezentos mil reais. Recursos que garantimos no orçamento do estado para a periferia da cidade. Uma obra de qualidade!,0,0,6
Deputado Ismael,@deputadoismael,https://twitter.com/deputadoismael/status/1654625990079922177,2023-05-05T23:15:52.000Z,"Roteiro no Planalto Norte catarinense. Com o Vereador Joelcio, conferimos conclusão da pavimentação de ruas no bairro Lisboa, em Monte Castelo, com recursos garantidos pelo nosso mandato Parlamentar; depois, estivemos na Prefeitura de Major Vieira e de Canoinhas...",1,0,6
Deputado Ismael,@deputadoismael,https://twitter.com/deputadoismael/status/1654108758501384193,2023-05-04T13:00:34.000Z,"Recebo no nosso Gabinete na Câmara Federal deputados associados ao CapMin, uma organização nascida no Capitólio em Washington",2,0,1
Deputado Ismael,@deputadoismael,https://twitter.com/deputadoismael/status/1653854185618649089,2023-05-03T20:08:59.000Z,"Na reunião da Comissão de Educação, retomei a defesa para que os investimentos efetuados pelas prefeituras em segurança nas escolas sejam admitidos pelos Tribunais de Contas dos Estados no arcabouço do percentual de 25% de suas receitas no desenvolvimento da Educação.",0,1,3
Deputado Ismael,@deputadoismael,https://twitter.com/deputadoismael/status/1653741248069488641,2023-05-03T12:40:13.000Z,Honrado pelo convite para trazer a reflexão da manhã no culto promovido pela Frente Parlamentar Evangélica. Falei sobre o perfil de governo do Rei Davi. Experiência inusitada na Câmara Federal!,1,0,4
Deputado Ismael,@deputadoismael,https://twitter.com/deputadoismael/status/1653503040291328026,2023-05-02T20:53:40.000Z,"Na Frente Parlamentar da Agropecuária, debatendo um tema de extremo interesse no país, a saber os desdobramentos da eventual revisão do Marco Temporal - com o Ministro da Agricultura Carlos Fávaro.",3,0,4
Deputado Ismael,@deputadoismael,https://twitter.com/deputadoismael/status/1653391842681970690,2023-05-02T13:31:48.000Z,"Mais uma vez, registro minha posição contra ao PL 2630. Se for aprovado do jeito que está, o PL iria na contramão do seu objetivo original de combater a disseminação de notícias falsas.",5,5,14
Deputado Ismael,@deputadoismael,https://twitter.com/deputadoismael/status/1653000927501058049,2023-05-01T11:38:27.000Z,"Mãos imensas removem a terra,
Comprimem as máquinas,
Escrevem livros,
Desenham letras,
Afagam crianças,
Alisam volantes,
Amansam touros,
Dominam bisturis,
Arquitetam prédios,
Sonorizam notas musicais,
Apanham peixes,",3,0,5
Deputado Ismael,@deputadoismael,https://twitter.com/deputadoismael/status/1652843619936530433,2023-05-01T01:13:21.000Z,"Domingo pra celebrar a Deus com mais de dois mil amigos na Catedral Imagem & Semelhança, em Joinville. Povo acolhedor!",0,0,2
