nome,usuario,idTweet,dataPublicacao,texto,replies,retweets,likes
Daniel Freitas,@DFDanielFreitas,https://twitter.com/DFDanielFreitas/status/1663685387120779264,2023-05-30T23:14:40.000Z,"🙌 ACABAMOS DE APROVAR O MARCO TEMPORAL NA CÂMARA

Foram 283 votos a favor, 155 contra e uma abstenção.

Noite de VITÓRIA pro AGRO e pro BRASIL 🇧🇷🚜",48,202,1.048
Daniel Freitas,@DFDanielFreitas,https://twitter.com/DFDanielFreitas/status/1663655228632072193,2023-05-30T21:14:50.000Z,"Lula tomando um esculacho público do Lacalle Pou (presidente do Uruguai), e do Gabriel Boric,  (presidente esquerdista do Chile) por ter passado pano pro Maduro e relativizado a ditadura que destrói a Venezuela. 

Oficialmente um pária internacional.",5,72,299
Daniel Freitas,@DFDanielFreitas,https://twitter.com/DFDanielFreitas/status/1663650569909665792,2023-05-30T20:56:19.000Z,"Hoje iniciamos mais uma semana de trabalhos aqui na CPI da manipulação de resultados em partidas de futebol (CPIFUTE). Na audiência, ouvimos o Presidente do Vila Nova, Sr Hugo Jorge Bravo; o Procurador-geral de Justiça do estado de Goiás, Sr Cyro Terra Peres e o Promotor de…",2,3,36
Daniel Freitas,@DFDanielFreitas,https://twitter.com/DFDanielFreitas/status/1663338468204847107,2023-05-30T00:16:08.000Z,"Se não vão aceitar o que for decidido pelo Legislativo, então fechem o Congresso de uma vez e entreguem a chave para o Judiciário. Ou vamos seguir fingindo que vivemos numa plena democracia?",6,47,147
Daniel Freitas,@DFDanielFreitas,https://twitter.com/DFDanielFreitas/status/1663299840816676868,2023-05-29T21:42:39.000Z,"⚠️ Guiados pelo nosso líder na oposição, deputado @carlosjordy , peticionamos uma notícia-crime na Justiça Federal de primeira instância, para que haja a prisão preventiva imediata de Nicolas Maduro e que ele seja proibido de sair do Brasil. ➡️ O ditador venezuelano chegou na…",80,522,2.498
Daniel Freitas,@DFDanielFreitas,https://twitter.com/DFDanielFreitas/status/1663233502928576513,2023-05-29T17:19:03.000Z,"Acabo de encaminhar um ofício à Sra Elisabeth Bagley, Embaixadora dos Estados Unidos no Brasil, comunicando que o ditador venezuelano e procurado pela justiça americana, Nicolas Maduro, encontra-se em território brasileiro. Manifestei meu repúdio e vergonha como parlamentar deste…",281,782,4.266
Daniel Freitas,@DFDanielFreitas,https://twitter.com/DFDanielFreitas/status/1663218662436745216,2023-05-29T16:20:04.000Z,Nós tentamos avisar e fomos censurados pelo judiciário. Viva a “demogracinha”,6,162,333
Daniel Freitas,@DFDanielFreitas,https://twitter.com/DFDanielFreitas/status/1663172344653725697,2023-05-29T13:16:01.000Z,"“Eles forçaram nossos filhos a testemunhar como eles tiravam a roupa de sua mãe e avó e eles também queriam tirar as roupas dos meus filhos”.

Além dos choques elétricos e estupros, durante o período analisado pelo relatório do Provea, as vítimas relataram também outros métodos…",113,2.630,6.121
Daniel Freitas,@DFDanielFreitas,https://twitter.com/DFDanielFreitas/status/1663158663584919560,2023-05-29T12:21:40.000Z,"Embora tenhamos dimensões continentais, nos tornamos nanicos. Que desgraça.",8,34,136
Daniel Freitas,@DFDanielFreitas,https://twitter.com/DFDanielFreitas/status/1661736287337066497,2023-05-25T14:09:39.000Z,"Composição CPMI 8/1

Presidente - Dep. Arthur Maia
Relatora - Sen. Eliziane Gama
1º Vice - Sen. Cid Gomes
2º Vice - Sen. Magno Malta",47,33,164
Daniel Freitas,@DFDanielFreitas,https://twitter.com/DFDanielFreitas/status/1661580890567331840,2023-05-25T03:52:09.000Z,"Amanhã, às 9h, acontecerá a primeira sessão da CPMI do 8/jan. Parte da esquerda está se mobilizando para que não tenhamos quórum para dar abertura. Aparentemente o medo dominou a canhotada e finalmente caiu a ficha de que a CPMI vai ocorrer. 

Engulam seco, enxuguem as lágrimas e…",12,73,380
Daniel Freitas,@DFDanielFreitas,https://twitter.com/DFDanielFreitas/status/1661553360212819969,2023-05-25T02:02:45.000Z,Renan Calheiros tá fora da CPMI do 8 de janeiro.,30,53,622
Daniel Freitas,@DFDanielFreitas,https://twitter.com/DFDanielFreitas/status/1661539769115918337,2023-05-25T01:08:45.000Z,"BOA NOTÍCIA: por 324 votos a favor e 131 contra, acabamos de aprovar a urgência do Marco Temporal das Terras Indígenas. O texto estava parado na Câmara há anos, mas com o resultado de hoje, semana que vem já votaremos o mérito aqui no plenário. 

O marco temporal estabelece que…",671,1.251,"10,2 mil"
Daniel Freitas,@DFDanielFreitas,https://twitter.com/DFDanielFreitas/status/1661204808680849408,2023-05-24T02:57:44.000Z,"Como havia falado, segue a lista de todos os deputados que votaram a favor do arcabouço do Lula:",261,1.453,2.582
Daniel Freitas,@DFDanielFreitas,https://twitter.com/DFDanielFreitas/status/1661201808264511490,2023-05-24T02:45:49.000Z,"Por incríveis 372 votos a FAVOR e 108 CONTRA, a Câmara dos Deputados mais uma vez se ajoelha; o arcabouço fiscal do Lula acaba de ser aprovado por aqui. Decidiram dizer amém pro PT na frente do Brasil inteiro. Que vergonha. Eu como membro da Casa, hoje confesso que me caiu o chão…",1.849,1.209,6.388
Daniel Freitas,@DFDanielFreitas,https://twitter.com/DFDanielFreitas/status/1661197358359535618,2023-05-24T02:28:08.000Z,NÃO AO ABJETO ARCABOUÇO DO LULA. Esta culpa eu não vou carregar.,4,33,188
Daniel Freitas,@DFDanielFreitas,https://twitter.com/DFDanielFreitas/status/1661057630125670417,2023-05-23T17:12:54.000Z,"O político que votar a favor do arcabouço fiscal, estará assinando um cheque em branco pro Lula. 
Se for pra pauta hoje, eu vou votar NÃO. 
Ao final da votação publicaremos o placar com o voto de cada um.",21,86,258
Daniel Freitas,@DFDanielFreitas,https://twitter.com/DFDanielFreitas/status/1660855919054389249,2023-05-23T03:51:22.000Z,TRF4 afastou o juiz militante “LUL22” da Lava Jato.,2,22,75
Daniel Freitas,@DFDanielFreitas,https://twitter.com/DFDanielFreitas/status/1660738425874444288,2023-05-22T20:04:30.000Z,"Imagine o cenário: num encontro entre lideranças mundiais, Zelensky entrasse na sala da reunião e o presidente Bolsonaro tivesse permanecido sentado, de cabeça baixa para evitar o contato visual, sem sequer cumprimentar o presidente ucraniano. Só imagine.",2,10,72
Daniel Freitas,@DFDanielFreitas,https://twitter.com/DFDanielFreitas/status/1660681066665893889,2023-05-22T16:16:34.000Z,"Que reportagem canalha. O nome do senhor dono das casas é Valmor Heil. Ele é do município de Urubici, na serra catarinense, e aluga os imóveis na temporada. Tem por hábito colocar o nome da sua família no telhado das casas para identificação, porém, a jornalista aparentemente sem…",647,2.213,8.436
Daniel Freitas,@DFDanielFreitas,https://twitter.com/DFDanielFreitas/status/1658953627044651013,2023-05-17T21:52:21.000Z,"Aprovada a urgência do arcabouço fiscal, o projeto do governo que dá carta branca pro Lula gastar sem arcar com as responsabilidades fiscais, dentre outros absurdos. Eu votei contra essa indecência, mas fomos votos vencidos. 

Seria esta vitória da esquerda um efeito das emendas…",37,221,761
Daniel Freitas,@DFDanielFreitas,https://twitter.com/DFDanielFreitas/status/1658944216658071554,2023-05-17T21:14:57.000Z,NÃO ao requerimento de urgência do arcabouço (que agora eles estão carinhosamente chamando de “Novo Regime Fiscal Sustentável” rsrs).,3,24,119
Daniel Freitas,@DFDanielFreitas,https://twitter.com/DFDanielFreitas/status/1658883118466465819,2023-05-17T17:12:10.000Z,Reunião da oposição finalizada. Nos vemos no plenário.,20,33,264
Daniel Freitas,@DFDanielFreitas,https://twitter.com/DFDanielFreitas/status/1658845725835272193,2023-05-17T14:43:35.000Z,"A votação para cassar o Deltan levou 1 minuto e 6 segundos. 

Eu tenho um projeto de lei que propõe penas mais severas para pedófilos que está na gaveta há anos.

O senso de urgência dos corredores de Brasília se resume a tudo, menos às reais necessidades do povo.",4,44,115
Daniel Freitas,@DFDanielFreitas,https://twitter.com/DFDanielFreitas/status/1658641671733534721,2023-05-17T01:12:45.000Z,O fundo do poço tem alçapão: a Justiça Eleitoral acatou o pedido do PT e cassou o mandato do deputado Deltan Dallagnol. Ele foi o deputado federal mais votado do Paraná. O judiciário pegou o voto de quase 350 MIL paranaenses e jogou na lata do lixo.,17,34,221
Daniel Freitas,@DFDanielFreitas,https://twitter.com/DFDanielFreitas/status/1658277682616868865,2023-05-16T01:06:23.000Z,"Vai durar por quanto tempo? Vejam:

O TRF-4 cassou a decisão que declarava que o ex-juiz Moro teria sido parcial no julgamento de Sérgio Cabral. 

Esta decisão contra o Moro foi proferida pelo novo juiz da lava jato, Eduardo Appio (aquele que se identificou como “LUL22” no…",49,416,2.367
Daniel Freitas,@DFDanielFreitas,https://twitter.com/DFDanielFreitas/status/1656778204261105664,2023-05-11T21:48:00.000Z,"Anderson Torres finalmente foi solto. Preso desde 14 de janeiro, o nosso ex-ministro da Justiça foi libertado, porém permanecerá com tornozeleira eletrônica. Tive o privilégio de conviver com ele durante o governo do presidente Bolsonaro e sei do seu caráter e honestidade. Ainda…",32,79,763
Daniel Freitas,@DFDanielFreitas,https://twitter.com/DFDanielFreitas/status/1656649816175177728,2023-05-11T13:17:49.000Z,"Defendeu o ‘Diretas Já’ e hoje tá defendendo o PL DA CENSURA. 
É por isso que no Brasil tem que estar escrito ‘contém ovos’ na embalagem de ovos. Por aqui o óbvio não é ululante.",4,35,169
Daniel Freitas,@DFDanielFreitas,https://twitter.com/DFDanielFreitas/status/1656440016686522368,2023-05-10T23:24:09.000Z,Quem lembra do LULA PLAY da campanha? 🤣,6,22,91
Daniel Freitas,@DFDanielFreitas,https://twitter.com/DFDanielFreitas/status/1656418839364550659,2023-05-10T22:00:00.000Z,A votação sobre a urgência do PL 2370/19 (aquele que é uma alternativa da esquerda pra substituir o PL da Censura) acaba de ser adiada.,6,33,182
Daniel Freitas,@DFDanielFreitas,https://twitter.com/DFDanielFreitas/status/1656367158090166297,2023-05-10T18:34:38.000Z,O curioso caso do projeto de lei que não irá censurar mas que não pode ser criticado.,6,78,241
Daniel Freitas,@DFDanielFreitas,https://twitter.com/DFDanielFreitas/status/1656354924949643264,2023-05-10T17:46:02.000Z,Estado de exceção. Que vergonha.,1,23,114
Daniel Freitas,@DFDanielFreitas,https://twitter.com/DFDanielFreitas/status/1656299381589520386,2023-05-10T14:05:19.000Z,"Indicações do PL na Câmara dos Deputados para a CPMI do 8 de janeiro:

Titulares:
- Dep. André Fernandes
- Dep. Delegado Ramagem
- Dep. Eduardo Bolsonaro

Suplentes:
- Dep. Nikolas Ferreira 
- Dep. Filipe Barros
- Dep. Marco Feliciano",7,21,125
Daniel Freitas,@DFDanielFreitas,https://twitter.com/DFDanielFreitas/status/1656003605944573960,2023-05-09T18:30:01.000Z,O Telegram acabou de publicar esta mensagem na própria plataforma.,41,474,1.442
Daniel Freitas,@DFDanielFreitas,https://twitter.com/DFDanielFreitas/status/1655983449331646465,2023-05-09T17:09:55.000Z,"Vejam como a esquerda está tentando fazer pra censurar as redes sociais no Brasil. Acompanhe: 

O governo do lula já sabe que não vai conseguir aprovar (ao menos pelos meios democráticos previstos na Constituição) o PL 2630. Dessa forma, agora eles tentam aprovar uma outra casca…",14,85,316
Daniel Freitas,@DFDanielFreitas,https://twitter.com/DFDanielFreitas/status/1655915239219552259,2023-05-09T12:38:53.000Z,"Acabo de saber que o ex-deputado federal David Miranda infelizmente faleceu. Ele estava internado na UTI há meses e acabou não resistindo. Amanhã ele completaria 38 anos. Deixo aqui o meu sincero sentimento de pesar, desejando que Deus conforte a dor dilacerante dos familiares e…",1,6,67
Daniel Freitas,@DFDanielFreitas,https://twitter.com/DFDanielFreitas/status/1655711096039264256,2023-05-08T23:07:41.000Z,"Graças a Deus! O bebê Nicolas que foi raptado, foi encontrado. Ele é de São José, na Grande Florianópolis, e o caso ganhou grande proporção no estado. Ele foi achado em São Paulo e o nosso governador, @jorginhomello , já mobilizou um helicóptero da PM para buscá-lo.",123,489,2.962
Daniel Freitas,@DFDanielFreitas,https://twitter.com/DFDanielFreitas/status/1655357937102012420,2023-05-07T23:44:21.000Z,Teve gol meu,1,2,28
Daniel Freitas,@DFDanielFreitas,https://twitter.com/DFDanielFreitas/status/1655303838503510019,2023-05-07T20:09:23.000Z,"Tive que ensinar umas magias pro Bruxo kkkkkkk Que momento, meus amigos!! Pensem num cara gente boa! @10Ronaldinho tu é SURREAL!",6,3,127
Daniel Freitas,@DFDanielFreitas,https://twitter.com/DFDanielFreitas/status/1655261758838173696,2023-05-07T17:22:11.000Z,Hoje vai rolar o Jogo das Estrelas aqui em Criciúma. Eu vou jogar. Olha quem vai participar também:,9,5,99
Daniel Freitas,@DFDanielFreitas,https://twitter.com/DFDanielFreitas/status/1654590145314652164,2023-05-05T20:53:26.000Z,"Ontem o lula reclamou que o pobre não consegue comprar um carro popular por R$90 mil

Hoje fica em hotel na Inglaterra que custa R$95 mil A DIÁRIA

Já tem petista passando pano, claro.",551,3.166,10 mil
Daniel Freitas,@DFDanielFreitas,https://twitter.com/DFDanielFreitas/status/1654459612936937474,2023-05-05T12:14:44.000Z,Pergunto honestamente: ainda faz sentido estudar Direito no Brasil?,81,92,497
Daniel Freitas,@DFDanielFreitas,https://twitter.com/DFDanielFreitas/status/1654234486479937537,2023-05-04T21:20:10.000Z,"Curioso que justamente quando estamos com um tema importante no Congresso a ser pautado, surge um evento inadiável do Lide em outro país. Deve ser coincidência.",4,34,169
Daniel Freitas,@DFDanielFreitas,https://twitter.com/DFDanielFreitas/status/1653913445358526464,2023-05-04T00:04:28.000Z,"VITÓRIA! Por 295 votos a favor e 136 contra, acabamos de aprovar o PDL que CANCELA os absurdos decretos do Lula que iriam destruir o Marco do Saneamento Básico.
Mais uma tratorada da oposição pra cima dessa base esquerdista debilitada que só vive de narrativas.",10,94,407
Daniel Freitas,@DFDanielFreitas,https://twitter.com/DFDanielFreitas/status/1653895419959603202,2023-05-03T22:52:50.000Z,"Atenção: por 322 votos a 136, aprovamos o requerimento de urgência para o PDL 111/23. 

Em abril, o governo lula publicou decretos que basicamente aniquilam com o Marco do Saneamento Básico. Este PDL suspende o decreto petista e salva o Marco. 

Eles tentaram adiar a votação e…",68,496,2.876
Daniel Freitas,@DFDanielFreitas,https://twitter.com/DFDanielFreitas/status/1653798840099586051,2023-05-03T16:29:04.000Z,"Bolsonaro acabou de falar que se 'aquela grande rede de televisão' quiser falar com ele, AO VIVO, ele vai. Vão topar?",10,67,358
Daniel Freitas,@DFDanielFreitas,https://twitter.com/DFDanielFreitas/status/1653761462458826757,2023-05-03T14:00:32.000Z,"Montaram um show de pirotecnia por causa de cartão de vacinação, o qual já foi revirado e analisado diversas vezes e nada irregular fora encontrado. Cortina de fumaça? Retaliação? 
Siga firme, presidente.",109,479,1.634
Daniel Freitas,@DFDanielFreitas,https://twitter.com/DFDanielFreitas/status/1653567603141427202,2023-05-03T01:10:13.000Z,O BRASIL PELA PRIMEIRA VEZ TEM UMA OPOSIÇÃO QUE TEM VERGONHA NA CARA. Meus parabéns ao deputado @DepSostenes pelo discurso proferido há pouco. Representou brilhantemente.,185,1.960,5.611
Daniel Freitas,@DFDanielFreitas,https://twitter.com/DFDanielFreitas/status/1653544511421726721,2023-05-02T23:38:27.000Z,"TIRARAM O PL DA CENSURA DA PAUTA! O que ocorreu para que o relator, o deputado comunista Orlando Silva, voltasse atrás? Viram que não vão conseguir a vitória? Cadê a urgência toda da semana passada? 

Entendam: a oposição NÃO VAI SE VENDER E NÃO VAI PERMITIR QUE A CENSURA SEJA…",116,575,2.122
Daniel Freitas,@DFDanielFreitas,https://twitter.com/DFDanielFreitas/status/1653527340217954304,2023-05-02T22:30:13.000Z,Orlando Silva acaba de pedir para que Lira retire o PL da Censura da pauta de hoje.,7,14,114
Daniel Freitas,@DFDanielFreitas,https://twitter.com/DFDanielFreitas/status/1653521944078082048,2023-05-02T22:08:47.000Z,"""Se não tiver voto pra aprovar, PL da censura não vai para plenário hoje"". Essa é a mateMÁGICA da democracia das republiquetas.",1,13,94
Daniel Freitas,@DFDanielFreitas,https://twitter.com/DFDanielFreitas/status/1653509978794217472,2023-05-02T21:21:14.000Z,"Parece que o lula mandou liberar emendas coincidentemente minutos antes de abrir a sessão. Você, parlamentar, que está salivando por esse $, pense bem. O seu rosto e o seu nome serão estampados pra todo o Brasil como um traidor e vendido. Você vai enterrar a sua carreira…",17,184,610
Daniel Freitas,@DFDanielFreitas,https://twitter.com/DFDanielFreitas/status/1653480771426893839,2023-05-02T19:25:10.000Z,"Oposição será contra. 
E os isentos que ainda não se manifestaram? Vão se ajoelhar para a censura? Vão fazer parte de um dos episódios mais podres da história desse país? É esse o legado que querem deixar? Não traiam os seus eleitores, honrem seus votos! #PL2630Nao",46,492,1.097
Daniel Freitas,@DFDanielFreitas,https://twitter.com/DFDanielFreitas/status/1653474537332195363,2023-05-02T19:00:24.000Z,"Volto a afirmar: o político que votar a favor da censura nunca mais conseguirá ir numa simples padaria em paz. Eu vou expor todos os nomes, de todos os partidos e todos os estados que votarem sim ao PL 2630. 
O brasileiro não vai esquecer da cara de nenhum de vocês.",141,681,2.429
Daniel Freitas,@DFDanielFreitas,https://twitter.com/DFDanielFreitas/status/1653467203423858689,2023-05-02T18:31:15.000Z,O PL 2630 será votado hoje.,8,6,63
Daniel Freitas,@DFDanielFreitas,https://twitter.com/DFDanielFreitas/status/1653450381618184208,2023-05-02T17:24:25.000Z,Pq querem adiar a votação? Não era urgente? #PLdaCensuraNão,7,16,96
Daniel Freitas,@DFDanielFreitas,https://twitter.com/DFDanielFreitas/status/1653430300829941761,2023-05-02T16:04:37.000Z,"ABSURDO!!

NÃO VAMOS DEIXAR PASSAR ESSE CALA BOCA. #PL2630daCensuraNao",5,49,113
Daniel Freitas,@DFDanielFreitas,https://twitter.com/DFDanielFreitas/status/1653425920177319936,2023-05-02T15:47:13.000Z,"Algumas emissoras de televisão podem discursar favoravelmente ao PL da Censura. 
O Google se posicionar contrário, não. 

Aos amigos do rei, tudo. Aos inimigos, guilhotina. #PL2630daCensuraNao",7,65,159
Daniel Freitas,@DFDanielFreitas,https://twitter.com/DFDanielFreitas/status/1653398248260792320,2023-05-02T13:57:15.000Z,"Segundo informações da imprensa, Arthur Lira se encontrou com o lula há pouco. Lira levou a notícia de que o PL 2630 (o da censura), não vai passar no plenário.",41,100,618
Daniel Freitas,@DFDanielFreitas,https://twitter.com/DFDanielFreitas/status/1653175249947488257,2023-05-01T23:11:08.000Z,Vão derrubar o Google também?,9,10,162
Daniel Freitas,@DFDanielFreitas,https://twitter.com/DFDanielFreitas/status/1652830320192790531,2023-05-01T00:20:31.000Z,Eleições encerradas no Paraguai. Direita segue no comando do país.,16,19,266
