nome,usuario,idTweet,dataPublicacao,texto,replies,retweets,likes
Márcio Marinho,@dpmarciomarinho,https://twitter.com/dpmarciomarinho/status/1661452850017255424,2023-05-24T19:23:22.000Z,"Ao vivo, audiência pública sobre esportes eletrônicos, eSports.

Acompanhe:",0,0,0
Márcio Marinho,@dpmarciomarinho,https://twitter.com/dpmarciomarinho/status/1661362244322578436,2023-05-24T13:23:20.000Z,"Hoje, na Comissão do Esporte da Câmara dos Deputados, vamos debater 
 com especialistas a regulamentação dos esportes eletrônicos e sua legislação.",1,0,0
Márcio Marinho,@dpmarciomarinho,https://twitter.com/dpmarciomarinho/status/1660668290555838465,2023-05-22T15:25:48.000Z,Estamos cansados de comportamentos racistas. O futebol é um esporte lindo e os nossos atletas merecem respeito. A falta de ações da La Liga frente aos últimos acontecimentos é estarrecedora. Chega de racismo!,0,0,1
Márcio Marinho,@dpmarciomarinho,https://twitter.com/dpmarciomarinho/status/1658824484864901124,2023-05-17T13:19:11.000Z,"Hoje meu relatório ao Projeto 3812/2021, que dispõe sobre a venda, em leilão, de veículos inundados provenientes de enchentes e dá outras outras providências será pauta na Comissão de Defesa do Consumidor.",3,1,2
Márcio Marinho,@dpmarciomarinho,https://twitter.com/dpmarciomarinho/status/1657002565878394883,2023-05-12T12:39:31.000Z,Com muita tristeza recebi a notícia do falecimento da obreira e atleta Ana Paula Borgo. Meus sentimentos aos amigos e familiares. Que Deus conforte o coração de todos!,0,0,0
Márcio Marinho,@dpmarciomarinho,https://twitter.com/dpmarciomarinho/status/1656641654101516290,2023-05-11T12:45:23.000Z,"Ontem, na Câmara dos Deputados, aprovamos o PL 4402/2016, que asseguram aos autistas e suas famílias que os laudos médicos com diagnóstico de autismo NÃO TERÃO MAIS prazo de validade! Esse foi só o primeiro passo de uma caminhada que sairemos vitoriosos!",0,0,2
Márcio Marinho,@dpmarciomarinho,https://twitter.com/dpmarciomarinho/status/1653860835201019910,2023-05-03T20:35:25.000Z,Quarta-feira de muito trabalho aqui em #Brasília. Seguiremos sempre atentos às demandas que possam contribuir para melhora da qualidade de vida do nosso povo!,2,0,1
