nome,usuario,idTweet,dataPublicacao,texto,replies,retweets,likes
ERIKA HILTON,@ErikakHilton,https://twitter.com/ErikakHilton/status/1663685087915909121,2023-05-30T23:13:29.000Z,"O PL 490 foi aprovado.

Toda minha solidariedade aos povos indígenas que presenciaram esse ataque aberto às suas vidas hoje na Câmara.

Esse Projeto afronta os direitos dos povos, a preservação dos nossos biomas, do meio ambiente, e nossa constituição.

Haverá reação no STF.",507,2.318,"16,1 mil"
ERIKA HILTON,@ErikakHilton,https://twitter.com/ErikakHilton/status/1663645883081146368,2023-05-30T20:37:42.000Z,"🏳️‍⚧️ VITÓRIA!

O Conselho de Ética da Câmara abriu processo contra o Deputado Nikolas Ferreira

A nossa denúncia e da bancada do PSOL, aceita pelo Conselho, pede que Nikolas perca o mandato pelo crime de transfobia que cometeu no plenário

Continuaremos na luta. Transfobia é CRIME",104,379,2.878
ERIKA HILTON,@ErikakHilton,https://twitter.com/ErikakHilton/status/1663638988287102976,2023-05-30T20:10:18.000Z,"Participando agora de Reunião com o presidente do Senado @RodrigoPacheco e a Ministra @GuajajaraSonia, junto com a bancada de Deputados do  @psol50 sobre o PL 490 e a reestruturação dos Ministérios, em Defesa dos Povos Indígenas e do Meio Ambiente.",10,98,754
ERIKA HILTON,@ErikakHilton,https://twitter.com/ErikakHilton/status/1663596679860191257,2023-05-30T17:22:11.000Z,Começando agora a Coletiva de Imprensa contra o #PL490 ao lado da companheira Deputada @celiaxakriaba e da Ministra @GuajajaraSonia.,25,207,1.091
ERIKA HILTON,@ErikakHilton,https://twitter.com/ErikakHilton/status/1663568954978082817,2023-05-30T15:32:01.000Z,"É comprovado que a melhor maneira de preservar o meio ambiente é demarcação de terras para os povos originários!

Não vamos aceitar esse Projeto de Lei, nem a atitude do Governador que mais parece um Bandeirante do século XXI.#PL490NAO",109,700,2.359
ERIKA HILTON,@ErikakHilton,https://twitter.com/ErikakHilton/status/1663561517470498817,2023-05-30T15:02:27.000Z,"Foi revelado hoje que até 40% dos peixes consumidos na Amazônia são contaminados por mercúrio

O mercúrio, usado no garimpo, causa dano cerebral em bebês e fetos

A bancada conservadora votará favor do PL490 que facilita o garimpo e põe mercúrio no prato das gestantes?#PL490Não",75,472,1.341
ERIKA HILTON,@ErikakHilton,https://twitter.com/ErikakHilton/status/1663548659705974785,2023-05-30T14:11:22.000Z,"No Twitter, Erika Hilton lembra que Dallagnol foi cassado por infringir a Lei da Ficha Limpa.

Tá na legislação, não importa se você concorda ou não.",30,299,2.253
ERIKA HILTON,@ErikakHilton,https://twitter.com/ErikakHilton/status/1663539218134761473,2023-05-30T13:33:51.000Z,"Esse é o diálogo que a prefeitura e o Estado de SP teve com os Índigenas Guarani!
Um absurdo desproporcional a utilização de bombas de gás e balas de borracha!

Minha solidariedade aos manifestantes! #PL490Nao",94,275,917
ERIKA HILTON,@ErikakHilton,https://twitter.com/ErikakHilton/status/1663508143479873539,2023-05-30T11:30:22.000Z,"🚨 INDÍGENAS EM RISCO

Hoje pode ser votado o PL 490, que na prática acaba com a demarcação de terras indígenas, libera o garimpo e o contato com povos isolados

Não nos calaremos diante desse ataque aos direitos constitucionais dos Povos Indígenas

Hoje é dia de luta.#PL490Não",90,639,1.832
ERIKA HILTON,@ErikakHilton,https://twitter.com/ErikakHilton/status/1663320625824317441,2023-05-29T23:05:14.000Z,"BOLSONARO DEIXOU ROMBO NA CAIXA👇🏾Enviei pedido pra que o Ministério Público Federal investigue o rombo de R$10,6 bilhões que Bolsonaro e Pedro Guimarães deixaram na Caixa Econômica

Não aceitaremos que um crime eleitoral e contra o patrimônio do povo dessa magnitude saia impune",52,243,1.555
ERIKA HILTON,@ErikakHilton,https://twitter.com/ErikakHilton/status/1663301868427124742,2023-05-29T21:50:42.000Z,"MOBILIZAÇÃO GERAL CONTRA O MARCO TEMPORAL!

A Associação de Acadêmicos Indígenas da Universidade de Brasília @aaiunb convoca todos para a mobilização contra o PL490 que ataca os direitos territoriais dos povos indígenas.

É amanhã, às 14, no Museu Nacional da República#PL490Não",34,263,797
ERIKA HILTON,@ErikakHilton,https://twitter.com/ErikakHilton/status/1663263074768257027,2023-05-29T19:16:33.000Z,"Bolsonaro tem que se tornar inelegível, por todos os seus crimes. 

Por isso, parabenizo a ação da Deputada @_LuCavalcante, minha colega de Bancada, que já o denunciou na Procuradoria Geral Eleitoral pelo uso criminoso da Caixa.",29,64,475
ERIKA HILTON,@ErikakHilton,https://twitter.com/ErikakHilton/status/1663245726372036609,2023-05-29T18:07:37.000Z,"O avião da Igreja Quadrangular do Pará, liderada Josué Bengtson, tio da Senadora Damares Alves, acaba de ser apreendido com 290 kg de maconha skunk.

Sim. É isso mesmo que você leu.",196,909,3.920
ERIKA HILTON,@ErikakHilton,https://twitter.com/ErikakHilton/status/1663211616400293894,2023-05-29T15:52:04.000Z,"🏡 MORADIA

Meu mandato acompanha hoje a visita técnica do Ministério de Direitos Humanos na Cidade de Franca, em SP

O objetivo foi conhecer o projeto pioneiro de Moradia Primeiro pra população em situação de rua

110 pessoas em situação de rua da Cidade já foram redomiciliadas",8,20,182
ERIKA HILTON,@ErikakHilton,https://twitter.com/ErikakHilton/status/1663171040485277697,2023-05-29T13:10:50.000Z,"🚨 TODOS CONTRA O PL 490 🚨O PL 490, que pode ser votado nessa semana, pode acabar com a história dos Povos Indígenas

Acesse http://PL490nao.com.br e pressione os Deputados à votarem contra. E em breve o site será atualizado com horários e locais de manifestações contra o PL",51,734,2.269
ERIKA HILTON,@ErikakHilton,https://twitter.com/ErikakHilton/status/1663150892399329280,2023-05-29T11:50:47.000Z,"URGENTE! Bolsonaro deu calote na Caixa para tentar se reeleger a qualquer custo! 

Depois de ver que o Auxílio Brasil não gerou apoio que esperava, ele liberou R$ 10,6 bilhões na Caixa na tentativa de ganhar votos!",320,819,7.255
ERIKA HILTON,@ErikakHilton,https://twitter.com/ErikakHilton/status/1663026266180661251,2023-05-29T03:35:34.000Z,"Fashion Week 

vídeo @danizezza",36,64,887
ERIKA HILTON,@ErikakHilton,https://twitter.com/ErikakHilton/status/1662846637566226433,2023-05-28T15:41:47.000Z,"REUNIÃO COM LIDERANÇAS DE ITU 👇🏾Ontem tive a felicidade, à convite da Amigos da Diversidade, de visitar Itu e ouvir das lideranças sociais e comunitárias as necessidades da população de Itu.

Cidade onde mora minha família e é cidade-sede de parte da minha história.",6,28,524
ERIKA HILTON,@ErikakHilton,https://twitter.com/ErikakHilton/status/1662810860455096321,2023-05-28T13:19:37.000Z,"POVOS INDÍGENAS SOB ATAQUE!

Nessa quarta, a Câmara vota o PL 490, um projeto que tira direitos dos indígenas, libera garimpo em suas terras e coloca todos os povos indígenas em risco

Acesse http://PL490nao.com.br e pressione seu deputados pra votar contra o PL#PL490Não",25,489,1.660
ERIKA HILTON,@ErikakHilton,https://twitter.com/ErikakHilton/status/1662448273670504453,2023-05-27T13:18:49.000Z,"🚨 DEFENDA OS POVOS INDÍGENAS!

O PL 490, que será votado na quarta-feira na Câmara dos Deputados, ameaça e retira direitos dos povos indígenas.

Ajude na luta contra esse PL! Acesse http://PL490nao.com.br e pressione seu deputado.#PL490Não",58,658,2.533
ERIKA HILTON,@ErikakHilton,https://twitter.com/ErikakHilton/status/1662237578014208000,2023-05-26T23:21:36.000Z,Sextou com a notícia que o TSE descobriu que os documentos de campanha da Carla Zambelli tem fraude de assinatura.,148,480,3.956
ERIKA HILTON,@ErikakHilton,https://twitter.com/ErikakHilton/status/1662186076847456256,2023-05-26T19:56:57.000Z,"A TV Globo teve acesso, via Lei de Acesso à Informação, à números aterrorizantes do aumento de registros de crimes raciais em SP.

720% de aumento na Capital e de 408% no Estado.

A violência racial não pode mais continuar sendo ignorada pela Prefeitura e pelo Estado.",17,209,879
ERIKA HILTON,@ErikakHilton,https://twitter.com/ErikakHilton/status/1662145787378253840,2023-05-26T17:16:51.000Z,"🌳 COP 30 NO BRASIL!

Está confirmado! A COP 30 vai acontecer em Belém em 2025.

Nossa responsabilidade mundial na luta contra as crises climáticas e a preservação do meio ambiente é ainda maior!",35,159,1.303
ERIKA HILTON,@ErikakHilton,https://twitter.com/ErikakHilton/status/1662096953738424321,2023-05-26T14:02:48.000Z,"A PF concluiu que o Deputado André Fernandes, integrante da CPMI do Golpe, incitou a tentativa de golpe

Os gritos dos Bolsonaristas ontem tem motivo: acharam que iam ter um espaço pra espalhar mentiras e tentar se inocentar

Mas se depararam com quem quer investiga-los",62,273,1.295
ERIKA HILTON,@ErikakHilton,https://twitter.com/ErikakHilton/status/1662081504405594115,2023-05-26T13:01:25.000Z,"GOVERNO VAI AO STF

Após alterações na estrutura de Governo feitas pelo Congresso Nacional, Governo vai ao STF para contestar a decisão.
O Parlamento não pode atuar para desmontar a estrutura do país!",12,81,407
ERIKA HILTON,@ErikakHilton,https://twitter.com/ErikakHilton/status/1661860874154287111,2023-05-25T22:24:42.000Z,"SEM ANISTIA PRA GOLPISTA 👇🏽Eu e o Deputado @pastorhenriquev já preparamos os primeiros requerimentos que apresentaremos na CPMI do Golpe.

Os mentores intelectuais, financiadores e participantes que atentaram contra nossa democracia sentarão como investigados na casa do povo.",39,148,1.011
ERIKA HILTON,@ErikakHilton,https://twitter.com/ErikakHilton/status/1661847066920775681,2023-05-25T21:29:51.000Z,Meu aeroluque de hoje ✌🏽,223,154,9.589
ERIKA HILTON,@ErikakHilton,https://twitter.com/ErikakHilton/status/1661840758716899332,2023-05-25T21:04:47.000Z,"Aproveitando que hoje 25 de Maio é o Dia da África, quero celebrar a herança africana em nosso país e falar sobre o movimento Saracura Vai-Vai. 👇🏽",4,97,683
ERIKA HILTON,@ErikakHilton,https://twitter.com/ErikakHilton/status/1661794641501380610,2023-05-25T18:01:31.000Z,"MEIO AMBIENTE FORTE

Ministra Marina Silva faz discurso com demonstração de força e determinação para o avanço da pauta ambiental em todo Governo Federal, assim como nas pautas dos povos originários.

Viemos pra ficar e reconstruir esse país! 
Estamos juntas, @MarinaSilva !",57,619,3.671
ERIKA HILTON,@ErikakHilton,https://twitter.com/ErikakHilton/status/1661766083513073664,2023-05-25T16:08:03.000Z,"Equiparar o MST aos golpistas que destruíram o Congresso Nacional não é apenas desonesto como BURRO!

Absurda narrativa desses parlamentares que defendem golpistas!#CPMIdoGolpe",11,70,641
ERIKA HILTON,@ErikakHilton,https://twitter.com/ErikakHilton/status/1661750041038688258,2023-05-25T15:04:18.000Z,""" Dia 08 de janeiro é o sintoma final da lógica da extrema direita! 

Um atentado contra a democracia, um atentado contra o resultado das urnas! ""@pastorhenriquev  #CPMIdoGolpe #CPMI08deJaneiro",17,44,386
ERIKA HILTON,@ErikakHilton,https://twitter.com/ErikakHilton/status/1661744865179492353,2023-05-25T14:43:44.000Z,Começamos o trabalho da #CPMIdoGolpe com a disposição de investigar e interrogar todos os envolvidos por financiar e organizar Atos Golpistas! (1/2),90,280,2.013
ERIKA HILTON,@ErikakHilton,https://twitter.com/ErikakHilton/status/1661742582379212800,2023-05-25T14:34:39.000Z,"Democracia venceu e vencerá! 

Me chama atenção que aqueles que estão sentados nos bancos de réu possam bradar aqui como senhores da verdade.

Nós temos responsabilidade com a democracia que foi colocada em xeque! #CPMIdoGolpe",30,101,964
ERIKA HILTON,@ErikakHilton,https://twitter.com/ErikakHilton/status/1661738780821450752,2023-05-25T14:19:33.000Z,Deputado bolsonarista vem até a CPMI do jeito que bem entende apenas para tumultuar os trabalhos da comissão! #CPMIdoGolpe,335,767,5.900
ERIKA HILTON,@ErikakHilton,https://twitter.com/ErikakHilton/status/1661736547203551236,2023-05-25T14:10:41.000Z,"Senadora Eliziane Gama foi interrompida diversas vezes durante sua fala.
Ela é a única mulher da mesa. Será coincidência? #CPMIdoGolpe",24,81,768
ERIKA HILTON,@ErikakHilton,https://twitter.com/ErikakHilton/status/1661732837341687809,2023-05-25T13:55:56.000Z,URGENTE: Arthur Maia eleito presidente da CPMI. Vice Presidência de Cid Gomes e relator Senadora Eliziane Gama. #CPMIdoGolpe,11,31,349
ERIKA HILTON,@ErikakHilton,https://twitter.com/ErikakHilton/status/1661723168883585026,2023-05-25T13:17:31.000Z,Nem começou a votação pra mesa e os parlamentares bolsonaristas já começam demonstrando tudo que tem de melhor: falta de decoro e de educação. #CPMIDoGolpe,19,50,465
ERIKA HILTON,@ErikakHilton,https://twitter.com/ErikakHilton/status/1661717639587135489,2023-05-25T12:55:33.000Z,"Agora, na abertura da #CPMIdoGolpe. 
Vamos à luta por justiça. Sem anistia!",195,347,8.283
ERIKA HILTON,@ErikakHilton,https://twitter.com/ErikakHilton/status/1661716647076417536,2023-05-25T12:51:36.000Z,Eu espero que possamos encontrar os verdadeiros financiadores e os organizadores destes atos que atacaram nossa democracia! #CPMIdoGolpe,24,121,849
ERIKA HILTON,@ErikakHilton,https://twitter.com/ErikakHilton/status/1661688710520250371,2023-05-25T11:00:35.000Z,"BOLSONARO É A CARA DO GOLPE 🚨Hoje começa a #CPMIdoGolpe. Nela, o nosso lado é o da democracia. 

No dia 8 de janeiro, o ódio espalhado por 4 anos por Bolsonaro virou um verdadeiro terror para o país.⏰ Agora é hora de investigar quem atentou contra a democracia. Sem anistia!",20,103,536
ERIKA HILTON,@ErikakHilton,https://twitter.com/ErikakHilton/status/1661527491238936578,2023-05-25T00:19:58.000Z,"Repudio profundamente a aprovação da urgência do PL 490

O Marco Temporal à qual ele se refere é simples de entender: se aprovado, ele marca o início de outra onda de perseguição aos povos indígenas do nosso país e roubo de suas terras

Lutaremos de todas as formas contra este PL",143,762,4.480
ERIKA HILTON,@ErikakHilton,https://twitter.com/ErikakHilton/status/1661526376464228355,2023-05-25T00:15:32.000Z,"A Deputada @celiaxakriaba  manda o recado agora! 

Quem apoia esse PL são os Cabrais do século XXI! NÃO ao retrocesso civilizatório!#PL490NAO #MarcoTemporalNao",149,1.326,5.216
ERIKA HILTON,@ErikakHilton,https://twitter.com/ErikakHilton/status/1661523029095006208,2023-05-25T00:02:14.000Z,"🚨 URGENTE! INDÍGENAS EM RISCO!

Agora, no fim da noite, Arthur Lira acaba de colocar pra votação na Câmara a urgência do PL 490, do Marco Temporal.

Esse PL pode destruir o direito dos povos indígenas às suas terras! Lutaremos e votaremos contra!#PL490NÃO #MarcoTemporalNão",219,1.727,5.929
ERIKA HILTON,@ErikakHilton,https://twitter.com/ErikakHilton/status/1661478861425745921,2023-05-24T21:06:44.000Z,"CHEGA DE RACISMO!

Aprovamos na Comissão de Direitos Humanos e Igualdade Racial da @CamaraDeputados uma moção de solidariedade ao jogador @ViniJr, vítima, mais uma vez, de ataques racistas inaceitáveis em @LaLiga. Todo nosso apoio, Vini!",5,46,405
ERIKA HILTON,@ErikakHilton,https://twitter.com/ErikakHilton/status/1661472316759613442,2023-05-24T20:40:43.000Z,"Meu mandato esteve hoje nas oficinas de discussão de Moradia Primeiro no Espaço Cultural CISARTE, sede do Movimento Nacional da População de Rua (MNPR).

Participamos dos trabalhos do Comitê Intersetorial de Políticas Públicas para População em Situação de Rua (Comitê Poprua). 👇🏽",4,11,107
ERIKA HILTON,@ErikakHilton,https://twitter.com/ErikakHilton/status/1661450211368087553,2023-05-24T19:12:53.000Z,"Tina Turner nos deixa hoje. 🙁A rainha do rock'n'roll norteamericano, ícone da música e referência para tantas mulheres pretas.",22,333,3.126
ERIKA HILTON,@ErikakHilton,https://twitter.com/ErikakHilton/status/1661436552428355586,2023-05-24T18:18:36.000Z,"Fala espetacular da @MarinaSilva agora na Comissão de Meio Ambiente.

“Nós vamos sair da era do combustível fóssil não por falta de combustível fóssil. É porque a realidade se impõe”

A Petrobras tem capacidade de ser uma empresa de energia, não apenas de petróleo.",101,1.304,6.367
ERIKA HILTON,@ErikakHilton,https://twitter.com/ErikakHilton/status/1661415632506585094,2023-05-24T16:55:29.000Z,"Estão querendo esvaziar o Ministério dos Povos Indígenas e do Meio Ambiente com uma proposta que vai na contramão do que o governo Lula está trabalhando. 

Ministra @MarinaSilva foi no ponto aqui!",245,2.367,"11,5 mil"
ERIKA HILTON,@ErikakHilton,https://twitter.com/ErikakHilton/status/1661372613896052743,2023-05-24T14:04:32.000Z,"NÃO AO PL DO MARCO TEMPORAL!

Os povos indígenas tem direito às suas terras!

O real Marco Temporal é a data a partir de sua eventual aprovação: ela marcará o início de outra onda de perseguição e exploração dos povos indígenas. E não aceitaremos isso#MarcoTemporalNão #PL490NÃO",54,396,1.681
ERIKA HILTON,@ErikakHilton,https://twitter.com/ErikakHilton/status/1661342286712647680,2023-05-24T12:04:02.000Z,"DESCRIMINALIZA, STF! ✊🏾O julgamento de hoje, da descriminalização da maconha no STF, pode trazer importantes avanços pra um país que ainda engatinha em sua política de drogas.

Não aguentamos mais ver pretos e pobres morrendo em uma guerra onde nunca haverá vitória alguma.",227,1.835,8.048
ERIKA HILTON,@ErikakHilton,https://twitter.com/ErikakHilton/status/1661160021541941254,2023-05-23T23:59:46.000Z,"Enviei hoje ofício pra autoridades de Piracicaba

Recebemos denúncia sobre possível fechamento de Centros de Acolhida da População em Situação de Rua da Cidade

As vagas de hoje já são insuficientes pra essa população que 43% tem problema de saúde e 23% algum tipo de deficiência",9,49,402
ERIKA HILTON,@ErikakHilton,https://twitter.com/ErikakHilton/status/1661107345156349963,2023-05-23T20:30:27.000Z,"É de uma desonestidade sem tamanho equiparar o Movimento dos Trabalhadores sem Terra a ""bandidos que invadem terra e matam animais""

Estes senhores precisam entender que quem faz exatamente isso são setores do agronegócio, garimpo e grileiros! #ToComMST",34,136,806
ERIKA HILTON,@ErikakHilton,https://twitter.com/ErikakHilton/status/1661075682594570254,2023-05-23T18:24:38.000Z,"Repugnante a fala de Magno Malta sobre o caso de racismo contra Vini Jr

Insinuar que as pessoas nessa luta estão por dinheiro e audiência é ridículo, para não falar das comparações baixas que ele faz

A luta contra o racismo é séria e não pode ser tratada assim por um Senador",55,190,2.080
ERIKA HILTON,@ErikakHilton,https://twitter.com/ErikakHilton/status/1661060808078508050,2023-05-23T17:25:32.000Z,"Depois de 3 tentativas frustradas, a Corregedoria da Câmara dos Deputados notificou oficialmente Deltan Dallagnol sobre a perda de seu mandato pelo Diário Oficial da União.

Deltan tem 5 dias para apresentar sua defesa final à Mesa Diretora da Câmara dos Deputados.",9,19,186
ERIKA HILTON,@ErikakHilton,https://twitter.com/ErikakHilton/status/1661044190191534090,2023-05-23T16:19:30.000Z,"R$70 MILHÕES PRA UFSCAR!

Muito feliz com a notícia que o orçamento da UFSCar deste ano será se R$70 milhões.

Após sucessivos cortes, ano passado Bolsonaro dedicou apenas R$51 milhões ao orçamento da UFSCar, o que deixou a Universidade endividada.",7,26,448
ERIKA HILTON,@ErikakHilton,https://twitter.com/ErikakHilton/status/1661023427866800131,2023-05-23T14:57:00.000Z,"RACISTAS PRESOS! Polícia da Espanha prende 7 torcedores por racismo e crime de ódio contra o @vinijr.

Que seja só o começo! ✊🏾",31,177,2.280
ERIKA HILTON,@ErikakHilton,https://twitter.com/ErikakHilton/status/1661002170559348739,2023-05-23T13:32:32.000Z,"Major da PM do DF foi preso hoje por ordenar que a tropa saísse da lateral do Congresso no dia 8 de janeiro deixando a passagem livre para os golpistas!

Sem anistia para golpista!",7,75,598
ERIKA HILTON,@ErikakHilton,https://twitter.com/ErikakHilton/status/1660676028262502405,2023-05-22T15:56:33.000Z,"MAIS MÉDICOS

O novo edital de contratação para ampliação e ocupação das vagas ociosas no programa Mais Médicos, foi divulgado.

Serão abertas quase 6 mil vagas para profissionais de todo o país.

A ampliação deve levar atendimento médico mais de 96 milhões de pessoas! 👇🏽",8,64,493
ERIKA HILTON,@ErikakHilton,https://twitter.com/ErikakHilton/status/1660660711331188738,2023-05-22T14:55:41.000Z,"Muito acertado e importante o posicionamento da Ministra da Igualdade Racial @aniellefranco em seu diálogo com o Itamaraty sobre o caso de racismo que o Vini Jr sofreu na Espanha. É uma situação inadmissível!

O governo espanhol e as entidades do futebol precisam se posicionar!",4,80,793
ERIKA HILTON,@ErikakHilton,https://twitter.com/ErikakHilton/status/1660631765642297344,2023-05-22T13:00:40.000Z,"LULA NO G7

Nos últimos dias o Presidente @LulaOficial se reuniu com o G7, alguns dos países mais industrializados do mundo.

Segue o fio pra acompanhar um pouco do que rolou por lá. 📷@ricardostuckert",2,41,551
ERIKA HILTON,@ErikakHilton,https://twitter.com/ErikakHilton/status/1660432407512621056,2023-05-21T23:48:29.000Z,"O que acontece com Vini Jr é um absurdo.

Há jogos ele sofre ataques racistas ao olhar complacentes dos times e organizações de futebol.

E o que aconteceu hoje, ao ser o único expulso de uma briga cujo a qual ele foi a vítima, é a crueldade da desumanização do povo negro.",9,152,1.677
ERIKA HILTON,@ErikakHilton,https://twitter.com/ErikakHilton/status/1660426105877045254,2023-05-21T23:23:27.000Z,"IGUALDADE RACIAL E DE GÊNERO ✊🏾Após anos de ataques e desmonte das políticas por igualdade racial, é uma alegria receber a Ministra da Igualdade Racial, @AnielleFranco, na Comissão dos Direitos da Mulheres na @CamaraDeputados.",52,434,3.619
ERIKA HILTON,@ErikakHilton,https://twitter.com/ErikakHilton/status/1660410473047629827,2023-05-21T22:21:20.000Z,Alguém reconecta o fio que liga o Instagram,32,109,995
ERIKA HILTON,@ErikakHilton,https://twitter.com/ErikakHilton/status/1659582958158618627,2023-05-19T15:33:05.000Z,"Um deputado do PL-SP ocupou a tribuna pra exaltar a participação de seu avô no exercito nazista durante a 2ª Guerra.

É inadmissível que um parlamentar homenageie um soldado nazista na Plenária.

Toda minha solidariedade aos descendentes de vítimas do nazismo no Brasil e no mundo",35,90,1.139
ERIKA HILTON,@ErikakHilton,https://twitter.com/ErikakHilton/status/1659567478018539523,2023-05-19T14:31:34.000Z,"🏳️‍⚧️ VITÓRIA! RG COM NOME SOCIAL!

Após meses de luta, o Governo Federal anunciou que os novos RGs contarão apenas com o nome social.

Bolsonaro havia feito um decreto pra que o nome de registro constasse em todas as carteiras de identidade, inclusive o nome morto de pessoas trans.",63,797,6.475
ERIKA HILTON,@ErikakHilton,https://twitter.com/ErikakHilton/status/1659557394890862592,2023-05-19T13:51:30.000Z,"Mais uma pessoa resgatada da trabalho análogo à escravidão.
Uma idosa de 70 anos. 
40 anos trabalhando forçadamente.

Esses resgates são graças a volta da fiscalização. Me entristece pensar quantas pessoas morreram nessa situação sem que ninguém soubesse nos 4 anos de Bolsonaro.",17,144,1.579
ERIKA HILTON,@ErikakHilton,https://twitter.com/ErikakHilton/status/1659383551924613126,2023-05-19T02:20:43.000Z,"Chega de encarcerar pretos e pobres. 

Chega de guerra às drogas. 

Legalizar e regular para combater os grandes traficantes de colarinho branco em pistas de aviões das fazendas das suas famílias.",94,670,6.334
ERIKA HILTON,@ErikakHilton,https://twitter.com/ErikakHilton/status/1659314349620572160,2023-05-18T21:45:44.000Z,"🚨 COLLOR CONDENADO!

O STF acaba de formar maioria pra condenar Fernando Collor de Mello.

Ele foi denunciado por corrupção passiva e lavagem de dinheiro, ao receber R$29 milhões em propina entre 2010 e 2014.

Pela segunda vez na semana cabe o uso dessa imagem:",169,844,8.034
ERIKA HILTON,@ErikakHilton,https://twitter.com/ErikakHilton/status/1659299939690725376,2023-05-18T20:48:28.000Z,"CHEGA DE MANICÔMIOS

Hoje é o Dia Nacional da Luta Antimanicomial

Lutamos contra os manicômios, historicamente ligados a casos de tortura, cárcere, racismo, LGBTFobia, e estupro de pacientes psiquiátricos

E, mesmo proibidas desde 2001, ainda existem estruturas assim no Brasil +",16,240,1.314
ERIKA HILTON,@ErikakHilton,https://twitter.com/ErikakHilton/status/1659282408305225729,2023-05-18T19:38:48.000Z,"Hoje é o Dia Nacional de Combate ao Abuso e à Exploração Sexual de Crianças e Adolescentes.

No Brasil, 80 crianças e adolescentes sofrem algum tipo de violência sexual, física ou psicológica por DIA!

Precisamos proteger nossas crianças.
Se souber de casos, DENUNCIE! Disque 100.",0,48,274
ERIKA HILTON,@ErikakHilton,https://twitter.com/ErikakHilton/status/1659234905572638735,2023-05-18T16:30:03.000Z,"Toda minha solidariedade à Irmã Mônica.

""Pobres miseráveis de alma e espírito"" são aqueles que a atacaram descontroladamente em rede nacional de televisão aberta achando que quem ""não tem carro"" não pode falar de política.

NINGUÉM TOCA!",245,1.641,23 mil
ERIKA HILTON,@ErikakHilton,https://twitter.com/ErikakHilton/status/1659216872217415680,2023-05-18T15:18:23.000Z,"Decisão acertada do IBAMA em negar o pedido de exploração de petróleo na foz do Rio Amazonas!

Não podemos compactuar com mais uma possível degradação ambiental justificada pela busca de combustíveis fósseis. +",43,168,1.711
ERIKA HILTON,@ErikakHilton,https://twitter.com/ErikakHilton/status/1659184163386187777,2023-05-18T13:08:25.000Z,"Greve dos funcionários da Fundação Casa!

Tarcísio tirou os servidores públicos da Fundação Casa do reajuste para os trabalhadores da segurança pública.

Funcionários da Fundação Casa receberam a proposta de 6% de reajuste, enquanto os de policiais foi de 20%. (+)",10,73,615
ERIKA HILTON,@ErikakHilton,https://twitter.com/ErikakHilton/status/1659010308000587776,2023-05-18T01:37:35.000Z,Dia Internacional de Luta contra a LGBTfobia: nunca mais uma política sem nós! ✊🏾 🏳️‍🌈,91,886,6.299
ERIKA HILTON,@ErikakHilton,https://twitter.com/ErikakHilton/status/1658976532419825664,2023-05-17T23:23:22.000Z,"Hoje presidi a Audiência Pública na Comissão de Direitos Humanos que discutiu o Projeto de Lei de Enfrentamento à LGBTIfobia que leva o nome de Lei Dandara, em memória a travesti Dandara dos Santos que foi assassinada num crime bárbaro. 

Parte 1",34,234,2.025
ERIKA HILTON,@ErikakHilton,https://twitter.com/ErikakHilton/status/1658923513024061441,2023-05-17T19:52:41.000Z,"VITÓRIA! Vai ter Frente Parlamentar Mista pela Cidadania LGBTI+ no Congresso Nacional.

São mais de 200 Deputados e Senadores, de todos os estados do Brasil e partidos políticos com representação no Congresso.

Uma honra presidir a Frente ao lado da minha vice @daianasantospoa 🏳️‍🌈",13,109,711
ERIKA HILTON,@ErikakHilton,https://twitter.com/ErikakHilton/status/1658913917131804673,2023-05-17T19:14:33.000Z,"Hoje MAIS UMA VEZ quem precisou usar metrô da ViaMobilidade enfrentou uma realidade brutal.

Uma espera de até 50 minutos, trens parados por longos períodos nas plataformas e quando o trem chegou houve falha de energia.

Essa situação é insustentável!",18,33,306
ERIKA HILTON,@ErikakHilton,https://twitter.com/ErikakHilton/status/1658851037447372803,2023-05-17T15:04:41.000Z,"“Não vamos deixar uma epidemia de assassinatos em escolas por causa dos termos de uso do Twitter”

Fala importantíssima de @FlavioDino na reunião com as redes sociais sobre ataques em escolas

Uma representante havia dito que contas que glorificam ataques não violam termos de uso",34,404,2.478
ERIKA HILTON,@ErikakHilton,https://twitter.com/ErikakHilton/status/1658814191132721158,2023-05-17T12:38:17.000Z,17 DE MAIO: Dia Internacional contra a LGBTfobia 🏳️‍🌈,121,2.066,"10,5 mil"
ERIKA HILTON,@ErikakHilton,https://twitter.com/ErikakHilton/status/1658683223046598656,2023-05-17T03:57:51.000Z,Acompanhemos os próximos episódios 👀🍿,8,10,184
ERIKA HILTON,@ErikakHilton,https://twitter.com/ErikakHilton/status/1658633834752008194,2023-05-17T00:41:36.000Z,"Gás, gasolina e Deltan caindo hoje 🤣",167,1.808,"10,3 mil"
ERIKA HILTON,@ErikakHilton,https://twitter.com/ErikakHilton/status/1658627550946504704,2023-05-17T00:16:38.000Z,Vocês gostam de um power point?,36,199,1.339
ERIKA HILTON,@ErikakHilton,https://twitter.com/ErikakHilton/status/1658622630138658816,2023-05-16T23:57:05.000Z,"🚨 TSE cassou, por unanimidade, o mandato de Deltan Dallagnol",140,769,7.359
ERIKA HILTON,@ErikakHilton,https://twitter.com/ErikakHilton/status/1658565167553171469,2023-05-16T20:08:45.000Z,"ABSURDO! Hoje a CCJ aprovou por 45 a 10 a PEC da Anistia

A PEC anistia partidos que descumpriram as cotas de gênero e raça nas últimas eleições

Essas cotas existem pra trazer mais representatividade e igualdade na política brasileira e não aceitaremos que passem por cima delas",23,115,578
ERIKA HILTON,@ErikakHilton,https://twitter.com/ErikakHilton/status/1658551382876594178,2023-05-16T19:13:58.000Z,"CÂMERAS REDUZEM LETALIDADE POLICIAL

O uso de câmeras nos uniformes policiais reduziu em 76,2% a letalidade policial em batalhões que adotaram às câmeras, entre os que não adotaram a redução foi de apenas 33,3%.

A redução da mortalidade de adolescentes chegou a 80,1% em 2022!",8,141,704
ERIKA HILTON,@ErikakHilton,https://twitter.com/ErikakHilton/status/1658514460825231360,2023-05-16T16:47:15.000Z,"700 mil brasileiros mortos na pandemia, e Bolsonaro se preocupava em fraudar cartão de vacina.

O que esse sujeito é pra você?",66,120,1.141
ERIKA HILTON,@ErikakHilton,https://twitter.com/ErikakHilton/status/1658449916832755713,2023-05-16T12:30:47.000Z,"FIM DO PPI NA PETROBRAS 👇🏾A Petrobras anunciou hoje o fim da Política de Paridade Internacional, o PPI, pra definir o preço dos combustíveis

Essa política, criada por Temer, nos obrigava a pagar pela gasolina o preço de importação, sendo que é produzida pela própria Petrobras.",21,89,920
ERIKA HILTON,@ErikakHilton,https://twitter.com/ErikakHilton/status/1658265170378997766,2023-05-16T00:16:40.000Z,"PISO DA ENFERMAGEM LIBERADO!

Após aprovarmos a verba para o piso no Congresso e o Presidente Lula sancionar, o Ministro Barroso, do STF, revogou hoje a suspensão do piso.

O Piso da Enfermagem é uma luta de décadas da categoria que beneficia a sociedade como um todo.",15,50,499
ERIKA HILTON,@ErikakHilton,https://twitter.com/ErikakHilton/status/1658203118364925953,2023-05-15T20:10:05.000Z,"COTAS PRA TRANS! 
O concurso Público pra Defensoria Pública do Estado de São Paulo está aberto e com 2% de vagas para pessoas trans! 
As vagas são para ensino superior em diversas áreas. Lutemos pra que políticas como essa se tornem cada vez mais comuns! Queremos emprego digno!",30,183,1.370
ERIKA HILTON,@ErikakHilton,https://twitter.com/ErikakHilton/status/1658170986208845836,2023-05-15T18:02:25.000Z,"Já tão sabendo que a Polícia Federal tá investigando a suspeita de uma conta no exterior ligada ao Bolsonaro?

Não? Agora tão!",45,142,1.356
ERIKA HILTON,@ErikakHilton,https://twitter.com/ErikakHilton/status/1658166488195387393,2023-05-15T17:44:32.000Z,"PL 2630 SIM
2630 CONTRA FAKE E HATE",26,114,526
ERIKA HILTON,@ErikakHilton,https://twitter.com/ErikakHilton/status/1658120935621230592,2023-05-15T14:43:32.000Z,"Hoje pela manhã motoristas de aplicativo da Uber e da 99 entraram em greve.

As taxas que essas empresas tiram dos motoristas, quem está trabalhando de verdade, são inaceitáveis.

O trabalhador tem direito à renda digna! Todo apoio aos motoristas de aplicativos!!!",33,132,1.169
ERIKA HILTON,@ErikakHilton,https://twitter.com/ErikakHilton/status/1657916657195466752,2023-05-15T01:11:48.000Z,"Chocante a reportagem do Fantástico sobre a privatização das linhas 8 e 9 da CPTM

Maquinistas com só 2 meses de treinamento

Descarrilhamentos causados por dormentes velhos

60 pontos suscetíveis à acidentes nos trilhos

E o Governador Tarcísio quer privatizar a CPTM inteira",293,905,6.481
ERIKA HILTON,@ErikakHilton,https://twitter.com/ErikakHilton/status/1657721783812775940,2023-05-14T12:17:26.000Z,"Feliz dia das mães 💘Meu carinho e admiração para todas as mães, avós, tias 💜 que o amor e o respeito sejam a essência das nossas famílias.",14,51,1.806
ERIKA HILTON,@ErikakHilton,https://twitter.com/ErikakHilton/status/1657369272295849986,2023-05-13T12:56:41.000Z,"🚨 Michelle aceita CHEQUE, CARTÃO coorporativo e DINHEIRO vivo",144,271,1.912
ERIKA HILTON,@ErikakHilton,https://twitter.com/ErikakHilton/status/1657085166295080978,2023-05-12T18:07:45.000Z,"Hoje, no centro de SP, aconteceu um ato do movimento PopRua contra a ação DESUMANA da Prefeitura de São Paulo de retirar barracas e objetos pessoais das pessoas em situação de rua. Com o frio chegando, essa ação se torna ainda mais insensível👇🏾",6,50,238
ERIKA HILTON,@ErikakHilton,https://twitter.com/ErikakHilton/status/1657070406103101440,2023-05-12T17:09:06.000Z,"🌳 DESMATAMENTO NA AMAZÔNIA CAI 68%

Segundo os dados oficiais do INPE, o desmatamento em Abril caiu 68% em comparação com o Abril passado, com o país ainda sob a gestão Bolsonaro.

Que caia cada vez mais! Queremos nossas florestas de pé!",6,64,429
ERIKA HILTON,@ErikakHilton,https://twitter.com/ErikakHilton/status/1657051134899494917,2023-05-12T15:52:31.000Z,"ESCOLAS EM TEMPO INTEGRAL 👇🏾Lula e o Ministro da Educação, @CamiloSantanaCE, acabaram de lançar o Programa de Escolas em Tempo Integral

Serão R$4 bilhões investidos em Estados e Municípios pra que eles criem 1 milhão de novas vagas de ensino integral no fundamental e médio",11,66,1.041
ERIKA HILTON,@ErikakHilton,https://twitter.com/ErikakHilton/status/1657002793419276288,2023-05-12T12:40:26.000Z,"👩🏾‍⚕️ PISO DA ENFERMAGEM

Lula sancionou hoje, no Dia Internacional da Enfermagem, o PL que garante a verba pro pagamento do Piso Salarial

Com essa verba de R$7 bilhões liberada, o problema de financiamento do piso é resolvido, restando agora o STF revogar a liminar que o suspendeu",8,80,439
ERIKA HILTON,@ErikakHilton,https://twitter.com/ErikakHilton/status/1656797593928597504,2023-05-11T23:05:02.000Z,"LEI PAULO GUSTAVO REGULAMENTADA!

Lula e nossa Ministra @MagaAfroPop acabam de assinar o decreto que regulamenta a Lei Paulo Gustavo

A cerimônia foi na Concha Acústica de Salvador. O lugar certo pra um espetáculo: depois de 4 anos de ataques, R$ 3,8 bilhões liberados pra cultura",37,347,4.237
ERIKA HILTON,@ErikakHilton,https://twitter.com/ErikakHilton/status/1656769495740960768,2023-05-11T21:13:23.000Z,"🎭 (PEQUENA) VITÓRIA DA CULTURA!

O Tribunal de Contas da cidade de São Paulo mandou, e Ricardo Nunes suspendeu a privatização das 19 Casas de Cultura da Cidade

É uma pequena vitória agora. Mas a Prefeitura não desistiu de privatizá-las

Vem entender o que está em jogo 👇🏾",8,54,372
ERIKA HILTON,@ErikakHilton,https://twitter.com/ErikakHilton/status/1656750505417121792,2023-05-11T19:57:56.000Z,"Vídeo do momento que o Deputado Mario Frias, agride fisicamente o jornalista @GugaNoblatQue Mario Frias seja responsabilizado. E aprenda que o tempo dos bolsonaristas de atacar jornalistas impunemente acabou.

Toda minha solidariedade e apoio ao Guga.",454,536,3.385
ERIKA HILTON,@ErikakHilton,https://twitter.com/ErikakHilton/status/1656742407969419264,2023-05-11T19:25:45.000Z,"A conta chega!!!

Nikolas Ferreira, Carla Zambelli, Flávio e Eduardo Bolsonaro condenados a pagar multa por Fake News contra Lula em 2022.

Grande dia 👍🏾",37,131,1.417
ERIKA HILTON,@ErikakHilton,https://twitter.com/ErikakHilton/status/1656709690036830233,2023-05-11T17:15:44.000Z,"Desde ontem que eu só consigo pensar em uma coisa:

B E Y O N C E ✨💗O que foi aquilo minha gente ???🫠",11,14,339
ERIKA HILTON,@ErikakHilton,https://twitter.com/ErikakHilton/status/1656691823438450689,2023-05-11T16:04:45.000Z,"QUE A JUSTIÇA SEJA FEITA!

Os 5 homens acusados de espancar até a morte a travesti Laura Vermont, no Itaquera em SP, vão à júri popular hoje

Que sejam condenados. Que a justiça pese cada vez mais sobre aqueles que nos atacam e negam nosso direito à vida

Laura Vermont, presente!",21,332,3.069
ERIKA HILTON,@ErikakHilton,https://twitter.com/ErikakHilton/status/1656669946540326914,2023-05-11T14:37:49.000Z,"Inadmissível o que aconteceu com o Deputado Renato Freitas. Alguém aqui já viu alguma revista aleatória em qualquer voo?

Sabemos... não é aleatório. É racismo!
Toda solidariedade ao Deputado Renato Freitas.",22,109,957
ERIKA HILTON,@ErikakHilton,https://twitter.com/ErikakHilton/status/1656650113899540481,2023-05-11T13:19:00.000Z,"A população em situação de rua cresce por todo Estado, enquanto também cresce a quantidade de imóveis vazios nos centros das cidades. 

Triste a situação que ocorreu em São Carlos, felizmente ninguém se feriu. 

Moradia é um direito!",3,33,191
ERIKA HILTON,@ErikakHilton,https://twitter.com/ErikakHilton/status/1656636438975266817,2023-05-11T12:24:40.000Z,"A cada novo número revelado sobre o governo Bolsonaro, maior o alívio de termos acabado com seu governo

As prisões por corrupção caíram de 421 para apenas 42 ano passado

Pra conseguir isso, Bolsonaro trocou a gestão da Policia Federal 4 vezes. Tudo pra nunca o investigassem",14,153,784
ERIKA HILTON,@ErikakHilton,https://twitter.com/ErikakHilton/status/1656385087707938816,2023-05-10T19:45:53.000Z,"Deu ruim pro Telegram.

Que sirva de exemplo: o Brasil tem legislação à ser respeitada. E as big techs estão sujeitas à elas.

PL2630 SIM!",33,153,1.297
ERIKA HILTON,@ErikakHilton,https://twitter.com/ErikakHilton/status/1656360759855575046,2023-05-10T18:09:13.000Z,"Acompanhando agora a Ministra da Mulher @CidaMulheres na @camaradeputados, agradecidas e esperançosas pelos novos rumos da pasta e das políticas públicas para as mulheres brasileiras, após 4 anos de destruição.📸:  Carol Mendonça",4,15,202
ERIKA HILTON,@ErikakHilton,https://twitter.com/ErikakHilton/status/1656344127829680129,2023-05-10T17:03:08.000Z,"URGENTE! Moraes ameaça suspender Telegram por 72h caso a empresa não apague a mensagem falsa e envie outra mensagem sobre o PL 2630, dessa vez sem Fake News. #PL2630SIM",12,49,459
ERIKA HILTON,@ErikakHilton,https://twitter.com/ErikakHilton/status/1656239205826314240,2023-05-10T10:06:12.000Z,"Hoje David completaria 38 anos. Um jovem lutador, cheio de sonhos, com alegria de viver e que sabia que, quando se sonhava junto,  tudo era possivel de virar realidade.

Quando penso em David, lembro justamente de quando nos conhecemos pessoalmente, na Parada do Orgulho LGBT, em…",22,130,5.052
ERIKA HILTON,@ErikakHilton,https://twitter.com/ErikakHilton/status/1656046779446509587,2023-05-09T21:21:34.000Z,"Repugnante a ação do Telegram de hoje.

Já se trata de um aplicativo de mensagens conhecido por proteger grupos neonazistas, terroristas e canais de fake news.

Agora, usa sua infraestrutura para difundir mentiras sobre a legislação brasileira e o que está em pauta no Congresso.",36,201,1.554
ERIKA HILTON,@ErikakHilton,https://twitter.com/ErikakHilton/status/1656005338598973450,2023-05-09T18:36:54.000Z,"SEM ANISTIA! 

Com muita honra e responsabilidade, eu e @pastorhenriquev assumiremos nossas vagas na CPI dos Golpistas. 

Pela verdade, por justiça e para que nenhum bolsonarista, mandantes ou financiadores, saiam impunes.",176,424,5.567
ERIKA HILTON,@ErikakHilton,https://twitter.com/ErikakHilton/status/1655936859187580928,2023-05-09T14:04:47.000Z,"Que dia triste. Que perda. 
Rita Lee, rainha do rock brasileiro presente! 
Descanse em paz! 💔",71,2.874,"16,7 mil"
ERIKA HILTON,@ErikakHilton,https://twitter.com/ErikakHilton/status/1655910007588757507,2023-05-09T12:18:05.000Z,"Acabo de receber a triste notícia do falecimento do colega David Miranda, ex Deputado Federal pelo PSOL e ativista LGBT. Meu abraço e solidariedade à seus familiares e amigos. Descanse em paz, David!",47,295,7.580
ERIKA HILTON,@ErikakHilton,https://twitter.com/ErikakHilton/status/1655665402356047874,2023-05-08T20:06:07.000Z,"AGORA NA @CNNBrasilEsse discurso repugnante de Bolsonaro foi feito 6 dias antes da ligação que o Coronel Elcio Franco e o ex-Major Ailton Barros planejaram um golpe de Estado

Bolsonaro queria se instalar permanentemente no poder

Vai conseguir é passar um bom tempo na Papuda",134,408,2.145
ERIKA HILTON,@ErikakHilton,https://twitter.com/ErikakHilton/status/1655657781561638913,2023-05-08T19:35:50.000Z,"🚨 AGORA NA CNN:

O Coronel Elcio Franco, o mesmo que negou comprar vacinas da Pfizer, fazia parte dos telefonemas que planejavam um golpe de Estado bolsonarista

Pra isso, ele e o ex-major Ailton Barros, funcionário de Bolsonaro, cogitaram um golpe no próprio comando do exército",112,817,4.383
ERIKA HILTON,@ErikakHilton,https://twitter.com/ErikakHilton/status/1655352835846942728,2023-05-07T23:24:05.000Z,"💉A SAÚDE E A CIÊNCIA VOLTARAM! 👇🏾Orgulhosa e feliz com o pronunciamento da nossa Ministra da Saúde @Nisia_Trindade. Após 4 anos de negacionismo da ciência e desrespeito à vida, ver a ciência e a saúde públicas respeitadas e tratadas com seriedade, em cadeia nacional, para todo…",68,241,2.086
ERIKA HILTON,@ErikakHilton,https://twitter.com/ErikakHilton/status/1655258684912541697,2023-05-07T17:09:58.000Z,"Hoje a noite, 20h, a Ministra da Saúde @nisia_trindade falará em rede nacional de televisão sobre os próximos passos da saúde pública após a OMS decretar o fim da emergência sanitária da Covid19. 

Todas ligadinhas e indo se vacinar, hein?",16,151,1.618
ERIKA HILTON,@ErikakHilton,https://twitter.com/ErikakHilton/status/1655237895391698944,2023-05-07T15:47:21.000Z,"Muito triste! 😢Palmirinha, presente!
Minha solidariedade e abraço aos familiares, amigos e fãs de todo Brasil.",61,522,8.901
ERIKA HILTON,@ErikakHilton,https://twitter.com/ErikakHilton/status/1655035989000089601,2023-05-07T02:25:03.000Z,"Não apenas o Carrefour
Mas sempre um Carrefour",106,2.070,"18,2 mil"
ERIKA HILTON,@ErikakHilton,https://twitter.com/ErikakHilton/status/1654622252682321920,2023-05-05T23:01:01.000Z,"SÃO PAULO QUER DIGNIDADE! 👇🏾Após recebermos uma série de denúncias, estivemos com @GuilhermeBoulos e diversos parlamentares da esquerda, durante todo dia, em visitas aos equipamentos públicos da cidade de São Paulo, em diligência aprovada pela Comissão de Desenvolvimento Urbano…",87,667,4.149
ERIKA HILTON,@ErikakHilton,https://twitter.com/ErikakHilton/status/1654523705916112896,2023-05-05T16:29:25.000Z,"FIM DA EMERGÊNCIA DE COVID

Hoje, depois de 3 anos, a OMS decretou o fim da emergência da Covid

Bora entender o que isso significa? Segue o textão!👇🏾1️⃣ O vírus acabou?

Não, não se extermina um vírus por decreto, o que foi decretado é que vírus não é mais uma ameaça…",17,418,2.463
ERIKA HILTON,@ErikakHilton,https://twitter.com/ErikakHilton/status/1654450219428323330,2023-05-05T11:37:25.000Z,"Recebo com repulsa a notícia que a gestão Ricardo Nunes proibiu a distribuição de marmitas pra pessoas em situação de rua

Eu, @GuilhermeBoulos e outros deputados faremos uma diligência em SP hoje, inclusive na Casa de Oração do Povo da Rua, e aproveitarei pra avaliar a situação",92,568,4.072
ERIKA HILTON,@ErikakHilton,https://twitter.com/ErikakHilton/status/1654296150126600195,2023-05-05T01:25:12.000Z,"Estou ao vivo agora no podcast @poenarodablog com @hmcpedro!
Vem assistir que está bafo!!➡️ https://youtube.com/live/c1sHOjEG2Ig?feature=share…",9,29,309
ERIKA HILTON,@ErikakHilton,https://twitter.com/ErikakHilton/status/1654244825305153536,2023-05-04T22:01:15.000Z,Vídeo importantíssimo:,92,857,4.609
ERIKA HILTON,@ErikakHilton,https://twitter.com/ErikakHilton/status/1654193665097584659,2023-05-04T18:37:57.000Z,"URGENTE!
Apareceram provas que a tentativa de golpe do dia 08/01 foi discutida por Cid, ajudante de ordens de Bolsonaro, na ante sala do Presidente da República.

A @DanielaLima_ teve acesso a transcrição dos áudios obtidos pela Policia Federal em primeira mão.",43,431,2.333
ERIKA HILTON,@ErikakHilton,https://twitter.com/ErikakHilton/status/1654143937215361026,2023-05-04T15:20:21.000Z,"VITÓRIA DUPLA DAS MULHERES! ✊🏾Acabamos de aprovar na Câmara um PL pra reforçar a igualdade salarial entre homens e mulheres.

Entre as medidas do Projeto de Lei, as empresas que não cumprirem a igualdade salarial serão devidamente multadas

Chega de discriminação salarial! +👇🏾",33,262,2.415
ERIKA HILTON,@ErikakHilton,https://twitter.com/ErikakHilton/status/1654107123775598592,2023-05-04T12:54:04.000Z,"Bolsonaro precisa pagar pelos seus crimes no Brasil e nos Estados Unidos.

É por isso que eu encaminhei um ofício para a Embaixada dos EUA  suspenda os vistos de Bolsonaro, Michelle e assessores, se confirmando que apresentaram o comprovante de vacinação falso para entrada nos…",401,1.709,"22,8 mil"
ERIKA HILTON,@ErikakHilton,https://twitter.com/ErikakHilton/status/1653896591655272455,2023-05-03T22:57:30.000Z,"VITÓRIA! 

Hoje é dia de comemoração. Comemoramos porque lutaremos em melhores condições. 

Eu, vocês, nós, estamos fazendo história! 💫Viva os Direitos Humanos! ✊🏾Vai ter travesti vice presidenta! 🏳️‍⚧️",136,489,5.309
ERIKA HILTON,@ErikakHilton,https://twitter.com/ErikakHilton/status/1653867773846605827,2023-05-03T21:02:59.000Z,"A CULTURA VOLTOU! 

Hoje a Ministra @MagaAfroPop esteve na Comissão de Cultura da Câmara e pudemos dialogar sobre a mudança de rumos do Ministério, que não mais marginalizará e excluirá os fazeres culturais e artísticos das comunidades negras e LGBTQIA+. 

Obrigada, Ministra!",69,427,3.811
ERIKA HILTON,@ErikakHilton,https://twitter.com/ErikakHilton/status/1653806279641509907,2023-05-03T16:58:37.000Z,"Aguardando nossa maravilhosa Ministra da Cultura @MagaAfroPop, na Comissão de Cultura, junto da minha amiga @MariaMarighella, presidenta da @Funarte e da querida deputada @Alice_Portugal. 💗",3,18,190
ERIKA HILTON,@ErikakHilton,https://twitter.com/ErikakHilton/status/1653759901993250816,2023-05-03T13:54:20.000Z,"TEM MILÍCIA ENVOLVIDA 👇🏾Marcelo Siciliano foi o responsável por intermerdiar a carteira de vacinação falsificada de Bolsonaro.

Ele já foi visto como possível mandante da morte de Marielle e tem elos comprovados com a Milícia do Rio.",13,145,582
ERIKA HILTON,@ErikakHilton,https://twitter.com/ErikakHilton/status/1653737686400638979,2023-05-03T12:26:04.000Z,🚨 GRAVE,39,141,1.504
ERIKA HILTON,@ErikakHilton,https://twitter.com/ErikakHilton/status/1653736708561674242,2023-05-03T12:22:10.000Z,.,52,891,7.022
ERIKA HILTON,@ErikakHilton,https://twitter.com/ErikakHilton/status/1653733474056937472,2023-05-03T12:09:19.000Z,"E o Carluxo, hein?",95,74,1.573
ERIKA HILTON,@ErikakHilton,https://twitter.com/ErikakHilton/status/1653720018163466242,2023-05-03T11:15:51.000Z,"BOM DIA ✨Bolsonaro e Michelle acabaram de receber a visitinha da PF e tiveram seus celulares apreendidos

Além disso, 6 Bolsonaristas foram presos em operação do inquérito das Milícias Digitais

Entre eles, 2 seguranças pessoais de Bolsonaro e seu ajudante de ordens, Mauro Cid",66,346,2.048
ERIKA HILTON,@ErikakHilton,https://twitter.com/ErikakHilton/status/1653573161445670912,2023-05-03T01:32:18.000Z,Luta que segue! Juntas! ✊🏾,35,188,2.540
ERIKA HILTON,@ErikakHilton,https://twitter.com/ErikakHilton/status/1653544457772433408,2023-05-02T23:38:14.000Z,"PL 2630 adiado 👇🏾Nunca achamos que seria fácil.

Estamos lidando ao mesmo tempo com empresas bilionárias e com criminosos que querem perpetuar seus crimes. Ambos amparando-se.

Mas temos pressa, a cada dia que passa, corremos o risco de mais mentiras, mais violências contra…",14,1.005,7.975
ERIKA HILTON,@ErikakHilton,https://twitter.com/ErikakHilton/status/1653537745703170048,2023-05-02T23:11:34.000Z,"É SOBRE PROTEGER AS CRIANÇAS

Infelizmente, desde semana passada temos visto tentativas da extrema direita e das Big Techs de, por meio atos ilegais e de fake news, desvirtuar o debate sobre o PL 2630

Falei um pouco desses ataques ao Projeto agora pouco no @ICLNoticias",66,213,1.108
ERIKA HILTON,@ErikakHilton,https://twitter.com/ErikakHilton/status/1653474171253342221,2023-05-02T18:58:57.000Z,"VITÓRIA NA CCJ!

A PEC que perdoa os partidos políticos que descumpriram cotas de mulheres e pessoas negras nas eleições saiu da pauta da CCJ novamente.

Sem anistia pra quem desrespeita nossos direitos!",7,39,457
ERIKA HILTON,@ErikakHilton,https://twitter.com/ErikakHilton/status/1653469279692439556,2023-05-02T18:39:30.000Z,"🚨 PL 2630

Alexandre de Moraes mandou a Polícia Federal ouvir os presidentes da Google, Meta, Spotify e Brasil Paralelo.

Conforme comprovou laudo da UFRJ, essas empresas estão usando seu poder econômico pra interferir no processo democrático.",165,516,4.117
ERIKA HILTON,@ErikakHilton,https://twitter.com/ErikakHilton/status/1653467525508653056,2023-05-02T18:32:32.000Z,"🔴 CADE vai abrir processo contra Google e Meta (Facebook)!

Empresas de tecnologia veicularam campanha contra o PL2630 e são acusadas de distorcerem resultados de busca sobre o projeto e isto configura prática abusiva em favor de seus interesses! #PL2630SIM",54,141,1.075
ERIKA HILTON,@ErikakHilton,https://twitter.com/ErikakHilton/status/1653422137330356225,2023-05-02T15:32:11.000Z,"Lideranças cristãs se manifestando a favor do PL 2630 no Congresso!

Apesar das mentiras da extrema direita, o Projeto de Lei NÃO interferirá na liberdade religiosa! Aliás, a protegerá!#PL2630SIM",247,652,2.964
ERIKA HILTON,@ErikakHilton,https://twitter.com/ErikakHilton/status/1653365820939022344,2023-05-02T11:48:24.000Z,"1️⃣ Para defender a ciência, contra o negacionismo;2️⃣ Para proteger as crianças e escolas de massacres;3️⃣ Para preservar a democracia contra conspiracionistas;4️⃣ Contra o ódio e violência contra minorias;5️⃣ Pelo jornalismo profissional e o independente, contra as noticias…",17,1.183,5.356
ERIKA HILTON,@ErikakHilton,https://twitter.com/ErikakHilton/status/1653160204295368705,2023-05-01T22:11:21.000Z,"O que está acontecendo nas r3d3s s0ci4is, era esperado, uma vez que são empresas que lucram com a m3nt1ra e o ódio. 

Amanhã a luta será árdua no parlamento. Estaremos juntos, lá.

Mas a guerra de narrativas acontecendo agora, uma disputa de mentes contra as noticias falsas,…",7,931,6.245
ERIKA HILTON,@ErikakHilton,https://twitter.com/ErikakHilton/status/1653154360392577024,2023-05-01T21:48:08.000Z,"Cadê os minions que não sabem o que é censura denunciando a CENSURA REAL que de fato está acontecendo contra jornalistas que estão denunciando o abuso de poder econômico por parte das bigtechs? 

PÊ ÉLE DOIS MEIA TRÊS ZERO JÁ!
R-E-G-U-L-A-M-E-N-T-A-Ç-Ã-O__J-Á!",24,454,2.062
ERIKA HILTON,@ErikakHilton,https://twitter.com/ErikakHilton/status/1653099542898696200,2023-05-01T18:10:18.000Z,"Como era de se esperar:

Os donos dessa rede tão derrubando todas hashtags relativas à aprovação do Pê-Éle Dois Meia Três Zero.

Abuso econômico/censura que chama. 

Precisamos de novas estratégias, inclusive, mandar e-mails e ligar nos gabinetes dos Dep. para que votem a favor.",27,715,3.653
ERIKA HILTON,@ErikakHilton,https://twitter.com/ErikakHilton/status/1653067616439750656,2023-05-01T16:03:26.000Z,Saiu matéria no SP1 de hoje sobre o PL que sou autora que trata sobre a empregabilidade para a população em situação de rua.,28,173,1.352
