nome,usuario,idTweet,dataPublicacao,texto,replies,retweets,likes
Fred Linhares,@fredlinhares,https://twitter.com/fredlinhares/status/1663509357760266240,2023-05-30T11:35:12.000Z,"ASSINADO! A Proposta de Emenda Constitucional (PEC) da Emancipação Penal Compulsória, que tem como objetivo permitir a emancipação penal compulsória de adolescentes que cometem crimes dolosos contra a vida.",0,2,8
Fred Linhares,@fredlinhares,https://twitter.com/fredlinhares/status/1663264884102971401,2023-05-29T19:23:44.000Z,"NOTA DE ESCLARECIMENTO a População da Ponte Alta do Gama. Infelizmente, algumas pessoas estão propagando uma informação equivocada sobre o que foi dito durante meu programa na rádio Atividade FM nesta manhã (29/05).",2,1,8
Fred Linhares,@fredlinhares,https://twitter.com/fredlinhares/status/1661865751383343106,2023-05-25T22:44:05.000Z,"Na tarde de hoje (25) tive a honra de ser agraciado com a Medalha Tiradentes. É uma grande satisfação representar os corajosos e destemidos homens e mulheres que dedicam suas vidas ao serviço do nosso país, ao serviço da população de Brasília.",2,0,13
Fred Linhares,@fredlinhares,https://twitter.com/fredlinhares/status/1661785209145110540,2023-05-25T17:24:02.000Z,Assinei a CPMI do dia 08 de Janeiro assim que fui empossado. Hoje (25) começou a primeira sessão. Estou acompanhando de perto os diálogos que terão aqui no Congresso Nacional,4,2,17
Fred Linhares,@fredlinhares,https://twitter.com/fredlinhares/status/1661501435362566150,2023-05-24T22:36:26.000Z,"Gostaria de parabenizar aos meus colegas deputados do Distrito Federal que votaram NÃO ao texto do relator apoiando nossa emenda que tentou manter o Fundo Constitucional. Combatemos juntos o bom combate, mas onde o projeto foi aprovado hoje (24) aqui na Câmara e segue ao Senado!",4,1,18
Fred Linhares,@fredlinhares,https://twitter.com/fredlinhares/status/1661440003216474112,2023-05-24T18:32:19.000Z,"AGORA! O ministro da Secom Paulo Pimenta está na Comissão de Comunicação, para debater o plano e ações do governo, liberdade de expressão e de imprensa.",4,0,10
Fred Linhares,@fredlinhares,https://twitter.com/fredlinhares/status/1661401055593152515,2023-05-24T15:57:33.000Z,"Sigo lutando contra o novo marco fiscal na Câmara dos Deputados, juntamente com o deputado Alberto Fraga, apresentamos a emenda supressiva para retirar o texto do relator e manter o fundo constitucional como está. O destaque está previsto para ser votado hoje.",2,0,12
Fred Linhares,@fredlinhares,https://twitter.com/fredlinhares/status/1661200677391958016,2023-05-24T02:41:19.000Z,"Votei contra o arcabouço fiscal por não concordar com o corte nos cofres públicos do DF. Votei NÃO pelo DF, votei NÃO pelo Brasil.",9,10,73
Fred Linhares,@fredlinhares,https://twitter.com/fredlinhares/status/1661120970495787010,2023-05-23T21:24:36.000Z,O arcabouço fiscal acabou de entrar na pauta do dia!,1,0,3
Fred Linhares,@fredlinhares,https://twitter.com/fredlinhares/status/1661011872638959621,2023-05-23T14:11:05.000Z,✅ Saiu na mídia!,2,0,5
Fred Linhares,@fredlinhares,https://twitter.com/fredlinhares/status/1660973712571523075,2023-05-23T11:39:27.000Z,"Encaminhei um ofício ao Ministro de Estado das Relações Exteriores, solicitando uma posição firme contra qualquer tipo de descriminação e racismo cometido contra os brasileiros, bem como, o acompanhamento de perto  da situação com as autoridades espanholas.",3,0,3
Fred Linhares,@fredlinhares,https://twitter.com/fredlinhares/status/1660769837642137601,2023-05-22T22:09:19.000Z,"Infelizmente o Arcabouço Fiscal, do jeito que está, prejudica o Fundo Constitucional do Distrito Federal como um todo, principalmente as áreas da segurança pública, saúde e educação. Não compactuamos com isso!",3,0,14
Fred Linhares,@fredlinhares,https://twitter.com/fredlinhares/status/1660769466941075459,2023-05-22T22:07:51.000Z,"Acabei de participar da reunião dos líderes dos partidos do Distrito Federal e o Secretário da Fazenda, para dialogarmos sobre o nosso Fundo Constitucional que está sob ameaça. Na ocasião, em unanimidade, assinamos a Carta em Defesa do Fundo Constitucional do DF.",1,0,8
Fred Linhares,@fredlinhares,https://twitter.com/fredlinhares/status/1660616514716803074,2023-05-22T12:00:04.000Z,"É decepcionante saber que, mesmo em 2023, ainda existem pessoas ignorantes e criminosos que se sentem superiores só por causa da cor da pele. 

Saiba que você não está sozinho, Vini Jr.!",1,1,10
Fred Linhares,@fredlinhares,https://twitter.com/fredlinhares/status/1659569563791392771,2023-05-19T14:39:51.000Z,✅ Compromisso feito é compromisso honrado.,1,0,4
Fred Linhares,@fredlinhares,https://twitter.com/fredlinhares/status/1659569266574622721,2023-05-19T14:38:41.000Z,"Nesta semana, com muito trabalho, indiquei recurso importante de quase 1 milhão e meio para custear os serviços de rede de atendimento na saúde, proporcionando melhorias e redução de filas.",1,0,4
Fred Linhares,@fredlinhares,https://twitter.com/fredlinhares/status/1659232891354636295,2023-05-18T16:22:03.000Z,"Compartilho do entendimento do Presidente Arthur Lira, de que são os Deputados Federais que devem analisar se o Dep. Deltan Dallagnol  deverá perder o mandato ou não.",8,1,24
Fred Linhares,@fredlinhares,https://twitter.com/fredlinhares/status/1658886611281608704,2023-05-17T17:26:03.000Z,O Requerimento de Urgência sobre o Projeto de Lei Complementar do Arcabouço Fiscal acabou de entrar na pauta do plenário de hoje.,1,0,4
Fred Linhares,@fredlinhares,https://twitter.com/fredlinhares/status/1658611790320730113,2023-05-16T23:14:00.000Z,"Estamos agora aqui no plenário, votando a urgência do PL 7.687/17 que pretende aplicar multa para quem discrimina os garis. Decidi apoiar esta causa e votei SIM ao requerimento. Afirmo ainda, o meu compromisso com a valorização de todas as profissões.",1,0,2
Fred Linhares,@fredlinhares,https://twitter.com/fredlinhares/status/1658608488094810119,2023-05-16T23:00:53.000Z,Vem com a gente!!!,2,0,9
Fred Linhares,@fredlinhares,https://twitter.com/fredlinhares/status/1658451940093640707,2023-05-16T12:38:49.000Z,"Hoje é o dia do Gari. Dia dos trabalhadores que são essenciais para a boa manutenção de Brasília e de qualquer cidade. GARI: Obrigado pelo empenho de amar, cuidar e manter a nossa cidade limpa. Parabéns a todos os garis do Distrito Federal!",2,0,6
Fred Linhares,@fredlinhares,https://twitter.com/fredlinhares/status/1658096830406688769,2023-05-15T13:07:44.000Z,"Hoje é o Dia Internacional da Família. Família é estar junto, mesmo que longe. É muito mais que laço de sangue. É colo, abraço, proteção. Família é amor e compreensão!",12,1,5
Fred Linhares,@fredlinhares,https://twitter.com/fredlinhares/status/1657726097822294016,2023-05-14T12:34:35.000Z,"Mãe, você me ensinou a ter coragem e nunca desistir e por isso, todos os dias, me sinto tão preparado e forte para enfrentar tudo, como sempre fiz. Te amo muito, mãe! Feliz dia de quem é muito em uma só. Feliz dia das MÃES.",2,0,18
Fred Linhares,@fredlinhares,https://twitter.com/fredlinhares/status/1657053987399401472,2023-05-12T16:03:51.000Z,"VITÓRIA PARA AS MULHERES! O Governador do Distrito Federal sanciona lei que multa em até R$ 500 mil quem agredir mulheres no DF. O valor da penalidade poderá ser aumentado em dois terços se houver uso de arma de fogo. Parabéns, @IbaneisOficial e estamos juntos nessa causa!",1,1,6
Fred Linhares,@fredlinhares,https://twitter.com/fredlinhares/status/1656988975083540487,2023-05-12T11:45:31.000Z,"ASSINADO! O Requerimento de urgência que susta a decisão do Conselho Nacional de Justiça (CNJ) que decidiu acabar com os hospitais psiquiátricos, permitindo assim que os criminosos de alta periculosidade com doenças mentais sejam reabilitados em liberdade.",1,1,9
Fred Linhares,@fredlinhares,https://twitter.com/fredlinhares/status/1656722769378267137,2023-05-11T18:07:43.000Z,"Hoje celebramos 100 dias do meu primeiro mandato na Câmara dos Deputados, e quero compartilhar um pouco desta jornada com vocês. Como sempre, estou empenhado em trabalhar duro, correr atrás e fazer a diferença. E como deputado federal, não poderia ser diferente.",1,1,5
Fred Linhares,@fredlinhares,https://twitter.com/fredlinhares/status/1656620971183177728,2023-05-11T11:23:12.000Z,"Hoje completo 100 dias de mandato, ou melhor, de muito trabalho como deputado. À população do Distrito Federal, fica minha GRATIDÃO. Contem com toda a minha força e compromisso!",4,0,4
Fred Linhares,@fredlinhares,https://twitter.com/fredlinhares/status/1656441567693926401,2023-05-10T23:30:19.000Z,"Acabamos de aprovar o PL  507/23, que garante laudos definitivos para pessoas no espectro autista. Agora as famílias irão ter mais segurança e permanência nos programas e políticas públicas tão importantes para elas. ÓTIMA CONQUISTA!",1,0,11
Fred Linhares,@fredlinhares,https://twitter.com/fredlinhares/status/1656437268838588417,2023-05-10T23:13:14.000Z,"Aprovamos hoje (10) na Comissão de Comunicação, o requerimento que requer audiência pública para debater o PL 2370, que altera, atualiza e consolida a legislação sobre os direitos autorais.",2,0,8
Fred Linhares,@fredlinhares,https://twitter.com/fredlinhares/status/1656349112814403615,2023-05-10T17:22:56.000Z,"Já estou aqui na Comissão de Comunicação e hoje (10), irei apresentar um pedido de audiência pública que permitirá que a sociedade seja ouvida na Comissão sobre as alterações propostas no texto do PL do ECAD 2370/19, de autoria da Deputada Jandira.",2,1,9
Fred Linhares,@fredlinhares,https://twitter.com/fredlinhares/status/1656248068629561344,2023-05-10T10:41:25.000Z,"Na qualidade de relator do PL 2370/19, tive a honra de conduzir uma reunião ontem (9) com o deputado Vinicius Carvalho e os representantes da renomada Associação Brasileira de Música e Artes @Abramus , para discussão do projeto que trata sobre os direitos autorais.",3,0,1
Fred Linhares,@fredlinhares,https://twitter.com/fredlinhares/status/1655986597026725920,2023-05-09T17:22:26.000Z,"GREVE DOS PROFESSORES: Reconheço o direito de greve dos professores, assim como, acredito que a reestruturação da carreira seja de fato justa. Mas pelo impacto que as famílias sofrem ao se reorganizarem e, as nossas crianças que já foram tão prejudicadas na pandemia.",5,1,13
Fred Linhares,@fredlinhares,https://twitter.com/fredlinhares/status/1655640515528777730,2023-05-08T18:27:13.000Z,"Realizamos na Câmara dos Deputados o lançamento da Frente Parlamentar de Segurança Pública. Eu tive a honra de ser nomeado o coordenador do Centro-Oeste, nesta importante Frente, que tem a participação de mais de 260 integrantes comprometidos a melhorar a segurança no Brasil.",21,4,21
Fred Linhares,@fredlinhares,https://twitter.com/fredlinhares/status/1655544392373895171,2023-05-08T12:05:16.000Z,"Bom dia, gente!
Vamos juntos que essa semana tem muito trabalho pela frente. Que Deus nos abençoe!",5,1,21
Fred Linhares,@fredlinhares,https://twitter.com/fredlinhares/status/1653824901613010945,2023-05-03T18:12:37.000Z,Acabamos de aprovar aqui na Comissão de Comunicação o pedido da realização de uma Audiência Pública para discutir o papel das redes sociais no combate à violência nas escolas.,19,2,39
Fred Linhares,@fredlinhares,https://twitter.com/fredlinhares/status/1653543682249834496,2023-05-02T23:35:09.000Z,"ADIADO! PL 2630 foi tirado de pauta. Infelizmente ainda não temos uma nova data para votação. Assim que disponibilizado, informo a todos vocês!",24,6,47
Fred Linhares,@fredlinhares,https://twitter.com/fredlinhares/status/1653531914387480577,2023-05-02T22:48:24.000Z,ATENÇÃO! O relator do PL das Fake News pediu que o projeto fosse tirado de pauta hoje!,11,2,30
Fred Linhares,@fredlinhares,https://twitter.com/fredlinhares/status/1653526105368801283,2023-05-02T22:25:19.000Z,E ponto.,12,4,47
Fred Linhares,@fredlinhares,https://twitter.com/fredlinhares/status/1653474037383741463,2023-05-02T18:58:25.000Z,ACABOU DE SER CONFIRMADO! Vai ter votação do PL 2630.,6,2,27
Fred Linhares,@fredlinhares,https://twitter.com/fredlinhares/status/1653431775840935936,2023-05-02T16:10:29.000Z,Votarei NÃO ao PL 2630! ✅,980,1.200,8.283
Fred Linhares,@fredlinhares,https://twitter.com/fredlinhares/status/1652999570522009600,2023-05-01T11:33:03.000Z,"“No que diz respeito ao empenho, ao compromisso, ao esforço, à dedicação, não existe meio-termo. Ou você faz uma coisa bem-feita ou não faz.” Ayrton Senna

Feliz Dia do Trabalhador",11,0,23
