nome,usuario,idTweet,dataPublicacao,texto,replies,retweets,likes
Gervásio Maia,@gervasiomaia,https://twitter.com/gervasiomaia/status/1661741159960698884,2023-05-25T14:29:00.000Z,"📍Foi instalada a #CPMIdoGolpe. 
No dia 8 de janeiro, o ódio espalhado pelos extremistas trouxe violência e destruição aos Três Poderes do país.⏰ Chegou a hora de investigar quem organizou, financiou e participou da tentativa de  golpe contra a democracia no dia 8 de janeiro.",0,3,12
Gervásio Maia,@gervasiomaia,https://twitter.com/gervasiomaia/status/1661160624141873152,2023-05-24T00:02:10.000Z,"ABSURDA a fala do senador Magno Malta. Racismo é crime. Crime de ódio. Não dá pra relativizar isso, em nenhum caso. É repugnante que um representante do senado, eleito pelo povo, defenda esse tipo de pensamento. https://instagram.com/reel/CsmtXXxM545/?igshid=MmJiY2I4NDBkZg==…",0,1,4
Gervásio Maia,@gervasiomaia,https://twitter.com/gervasiomaia/status/1660616608753102850,2023-05-22T12:00:26.000Z,"Mais uma vez, @vinijr foi vítima de racismo e o campo foi palco de uma das cenas mais absurdas do futebol.
Que as providências sejam tomadas e os racistas punidos.
RACISMO É CRIME!",2,2,9
Gervásio Maia,@gervasiomaia,https://twitter.com/gervasiomaia/status/1659151662202617858,2023-05-18T10:59:16.000Z,"Embarcando ao lado do ministro da Educação, @CamiloSantanaCE, para participar do lançamento do programa Pacto Alfabetiza Mais Paraíba, comandado pelo nosso governador @joaoazevedolinsChego já #Paraíba ✈️",2,0,14
Gervásio Maia,@gervasiomaia,https://twitter.com/gervasiomaia/status/1658502796700704771,2023-05-16T16:00:54.000Z,"A Petrobras volta a servir ao Brasil e aos brasileiros. ⛽️Gasolina com redução de R$ 0,40 por litro. (-12,6%);⛽️Diesel com redução de R$ 0,44 por litro. (-12,8%);
Gás (GLP) com redução de R$ 8,97 por botijão de 13 quilos. (-21,3%).
*Primeira vez abaixo de R$ 100 desde 10/2021.",0,3,19
Gervásio Maia,@gervasiomaia,https://twitter.com/gervasiomaia/status/1658456538065797124,2023-05-16T12:57:05.000Z,"A Petrobras anunciou o fim da política de paridade internacional de preços. Nossos combustíveis não terão seus valores reajustados com base nas oscilações do dólar. A política perversa de preços, que só prejudicou trabalhadores e gerou lucros exorbitantes para acionistas, ACABOU.",0,4,13
Gervásio Maia,@gervasiomaia,https://twitter.com/gervasiomaia/status/1657005858671280130,2023-05-12T12:52:37.000Z,"No Dia Internacional da Enfermagem, uma vitória especial. O presidente @LulaOficial sancionou a Lei que garante R$ 7,3 bilhões para o pagamento do piso salarial da categoria. Parabéns aos enfermeiros, enfermeiras, técnicos e auxiliares que lutaram incansalvelmente. #VivaoSus",0,4,14
Gervásio Maia,@gervasiomaia,https://twitter.com/gervasiomaia/status/1656012869580857360,2023-05-09T19:06:49.000Z,"🚨 ABSURDO! O Telegram, a mesma rede que protege dados de grupos com mensagens de ódio, está disparando para os usuários informações falsas sobre o #PL2630. Esse ataque frontal ao parlamento evidencia ainda mais a necessidade de regulação das plataformas.",1,3,6
Gervásio Maia,@gervasiomaia,https://twitter.com/gervasiomaia/status/1653903599875809281,2023-05-03T23:25:20.000Z,"👉🏻 Sem argumentos para debater com o ministro @FlavioDino, a oposição não comparece a reunião na Comissão de Fiscalização da Câmara. Nem os autores da convocação deram as caras.",1,3,17
Gervásio Maia,@gervasiomaia,https://twitter.com/gervasiomaia/status/1653517533041836032,2023-05-02T21:51:15.000Z,"Reunião no Palácio do Planalto com o Ministro da Secretaria de Relações Institucionais, @padilhando e líderes partidários. Na pauta, projetos priororários em benefício do povo brasileiro.",0,0,7
Gervásio Maia,@gervasiomaia,https://twitter.com/gervasiomaia/status/1653193299975626752,2023-05-02T00:22:52.000Z,"O Google está fazendo campanha desonesta para tentar interferir na votação do PL 2630. 
O projeto quer salvar seu filho  das plataformas que permitem mutilação, incitação ao suicídio, ataques a escolas e exploração sexual. Essa é a verdade!",14,13,31
