nome,usuario,idTweet,dataPublicacao,texto,replies,retweets,likes
Gilson Marques,@gilson__marques,https://twitter.com/gilson__marques/status/1663690417433395200,2023-05-30T23:34:40.000Z,"Felizmente, a Câmara aprovou hoje o PL do Marco Temporal que estabelece que indígenas só podem reivindicar terras que ocupavam na data da promulgação da CF de 88.

Mais segurança jurídica e respeito à propriedade privada no Brasil. Que o Senado vote e aprove logo a matéria.",17,22,235
Gilson Marques,@gilson__marques,https://twitter.com/gilson__marques/status/1658626105656442880,2023-05-17T00:10:54.000Z,"Deltan Dallagnol, ex-procurador da Lava-Jato e deputado federal mais votado do Paraná acaba de ter o mandato cassado pelo TSE.

Inacreditável. Dia triste para o Brasil e para quem luta pelo combate à corrupção. Não iremos desistir.",66,160,1.065
Gilson Marques,@gilson__marques,https://twitter.com/gilson__marques/status/1656420533586501633,2023-05-10T22:06:44.000Z,"CHEGAMOS NO LIMITE

O Brasil assiste a uma escalada na censura oficial, com plataformas privadas proibidas de exercerem seu livre direito de expressão.

Hoje, o Telegram foi obrigado a MUDAR sua posição sobre o PL da censura, senão seria... Censurado!

O Congresso precisa agir.",131,530,3.018
Gilson Marques,@gilson__marques,https://twitter.com/gilson__marques/status/1656044052620427275,2023-05-09T21:10:44.000Z,"Quem são os ""PATROCINADORES"" do PL da Censura?

São as minorias organizadas que serão beneficiadas por sua eventual aprovação...

Segue o fio 🧶  1/4",7,18,153
Gilson Marques,@gilson__marques,https://twitter.com/gilson__marques/status/1653910030171684864,2023-05-03T23:50:54.000Z,"DERROTA DO GOVERNO LULA!

Derrubamos na Câmara, por 295 a 136, os piores pontos do decreto petista que desfigurou, ilegalmente, o Novo Marco do Saneamento. Esse desgoverno não tem base e não vai governar por decreto passando por cima do parlamento e prejudicando os mais pobres 👊",17,64,483
Gilson Marques,@gilson__marques,https://twitter.com/gilson__marques/status/1653412591987830785,2023-05-02T14:54:15.000Z,A perseguição política segue a todo vapor. Imagine se PL da censura da censura for aprovado. 😡#CensuraNao   #PL2630Nao   #liberdadedeexpressao,5,67,222
