nome,usuario,idTweet,dataPublicacao,texto,replies,retweets,likes
Guilherme Boulos,@GuilhermeBoulos,https://twitter.com/GuilhermeBoulos/status/1663691966721261568,2023-05-30T23:40:49.000Z,"CRIMINOSO E INCONSTITUCIONAL: 283 deputados votaram hoje a favor do genocídio conta indígenas, do desmatamento, do garimpo ilegal e da destruição das florestas.",577,547,3.262
Guilherme Boulos,@GuilhermeBoulos,https://twitter.com/GuilhermeBoulos/status/1663683713270693888,2023-05-30T23:08:01.000Z,"O Marco Temporal é cruel, criminoso e genocida! #PL490NAO",311,687,3.831
Guilherme Boulos,@GuilhermeBoulos,https://twitter.com/GuilhermeBoulos/status/1663678441437159424,2023-05-30T22:47:04.000Z,"URGENTE! Acabamos de solicitar à Presidência da Câmara que seja interrompida imediatamente a tramitação do PL 490, já que o texto aprovado viola FLAGRANTEMENTE a Constituição Federal. Vamos pra cima!",1.619,1.317,9.826
Guilherme Boulos,@GuilhermeBoulos,https://twitter.com/GuilhermeBoulos/status/1663674125854941185,2023-05-30T22:29:55.000Z,99 crianças ianomâmi de 1 a 4 anos morreram em 2022. A verdade precisa ser dita: 311 deputados votaram para que mais crianças indígenas morram no país.,1.222,2.677,"12,4 mil"
Guilherme Boulos,@GuilhermeBoulos,https://twitter.com/GuilhermeBoulos/status/1663668757980495874,2023-05-30T22:08:36.000Z,CRIMINOSOS! Deputados bolsonaristas seguem mentindo na Câmara dos Deputados. É preciso dizer com todas as letras. Marco Temporal é Genocídio! #PL490Não,326,486,2.333
Guilherme Boulos,@GuilhermeBoulos,https://twitter.com/GuilhermeBoulos/status/1663658786073051136,2023-05-30T21:28:58.000Z,"GRAVE! A Câmara acaba de colocar em pauta a votação do PL 490, que destrói as terras indígenas e permite até o garimpo em áreas que hoje são preservadas. É fundamental mantermos a pressão contra mais essa tentativa de genocídio contra os povos originários!",214,611,2.651
Guilherme Boulos,@GuilhermeBoulos,https://twitter.com/GuilhermeBoulos/status/1663574840408784898,2023-05-30T15:55:24.000Z,MENTE QUE NEM SENTE. A imprensa divulgou imagens da assinatura FRAUDADA por Carla Zambelli em sua prestação de contas eleitorais. Tão verdadeira quanto as fake news que eles tanto defendem.... 🤡,153,677,4.420
Guilherme Boulos,@GuilhermeBoulos,https://twitter.com/GuilhermeBoulos/status/1663563514999619587,2023-05-30T15:10:24.000Z,"Repudio completamente a repressão absurda e violenta da PM contra os indígenas Guarani, hoje em São Paulo. 

A luta indígena para barrar o Marco Temporal é legítima e justa!!  #PL490NÃO #MarcoTemporalNÃO",276,336,1.697
Guilherme Boulos,@GuilhermeBoulos,https://twitter.com/GuilhermeBoulos/status/1663536243001421824,2023-05-30T13:22:01.000Z,ATENÇÃO!!! Hoje é um dia muito importante para o futuro do Brasil. O Marco Temporal pode nos fazer retroceder vertiginosamente na proteção ambiental e nos direitos das populações indígenas. Não ao PL 490!,302,844,4.013
Guilherme Boulos,@GuilhermeBoulos,https://twitter.com/GuilhermeBoulos/status/1663292460653592576,2023-05-29T21:13:19.000Z,Quem aqui assistiu na TV?,86,119,908
Guilherme Boulos,@GuilhermeBoulos,https://twitter.com/GuilhermeBoulos/status/1663259948078252054,2023-05-29T19:04:08.000Z,"Projeto do Marco Temporal tem brecha para garimpo, estradas e hidrelétricas em terras indígenas. Não podemos deixar o projeto que Bolsonaro idealizou ser aplicado.",164,402,2.138
Guilherme Boulos,@GuilhermeBoulos,https://twitter.com/GuilhermeBoulos/status/1663245105195515905,2023-05-29T18:05:09.000Z,"O miliciano não perde por esperar. Pra cima deles, @_lucavalcante!",58,104,740
Guilherme Boulos,@GuilhermeBoulos,https://twitter.com/GuilhermeBoulos/status/1663181417608626176,2023-05-29T13:52:05.000Z,"GABINETE DO ÓCIO. Lula fechou escritório de Bolsonaro no RJ que torrou mais de R$ 2 milhões em dinheiro público sem nunca ter sido usado. Não surpreende, já que pro escritório ter utilidade alguém precisaria ter trabalhado...",742,493,3.223
Guilherme Boulos,@GuilhermeBoulos,https://twitter.com/GuilhermeBoulos/status/1663158839309398017,2023-05-29T12:22:21.000Z,"URGENTE e GRAVÍSSIMO!!! Calote BILIONÁRIO na Caixa acaba de ser descoberto!

Bolsonaro tentou de tudo para levar as eleições, chegou inclusive a provocar um rombo de R$ 10,6 bilhões em um banco público.",4.614,2.640,"14,2 mil"
Guilherme Boulos,@GuilhermeBoulos,https://twitter.com/GuilhermeBoulos/status/1662898279712006144,2023-05-28T19:06:59.000Z,"CRIVELLA CASSADO!!! A justiça eleitoral acaba de cassar o mandato, multar e tornar inelegível o deputado Marcelo Crivella.",540,1.042,"12,9 mil"
Guilherme Boulos,@GuilhermeBoulos,https://twitter.com/GuilhermeBoulos/status/1662886021552283648,2023-05-28T18:18:17.000Z,Como se chama isso aí na sua cidade? 😏,1.391,483,6.040
Guilherme Boulos,@GuilhermeBoulos,https://twitter.com/GuilhermeBoulos/status/1662850758167937024,2023-05-28T15:58:09.000Z,VERGONHA! O Tribunal de Justiça do RJ pagou R$677 milhões a juízes e desembargadores em bônus extinto há mais de 20 anos.,240,520,3.090
Guilherme Boulos,@GuilhermeBoulos,https://twitter.com/GuilhermeBoulos/status/1662428356921503745,2023-05-27T11:59:41.000Z,Documentos entregues por Carla Zambelli ao TSE têm fraude e assinatura falsificada. Não falha!,359,680,5.547
Guilherme Boulos,@GuilhermeBoulos,https://twitter.com/GuilhermeBoulos/status/1662211228163510272,2023-05-26T21:36:53.000Z,"BELÉM será a capital dos debates sobre as mudanças climáticas! A cidade foi escolhida pela ONU para sediar a COP 30, em 2025. Parabéns @EdmilsonPSOL @LulaOficial e @helderbarbalho por essa notícia excelente!",62,102,933
Guilherme Boulos,@GuilhermeBoulos,https://twitter.com/GuilhermeBoulos/status/1662150224079355926,2023-05-26T17:34:29.000Z,GRAVÍSSIMO!!! A prefeitura de São Paulo está deixando faltar FEIJÃO para a merenda das crianças nas escolas. 👎👎👎 R$ 35 bilhões no caixa da cidade e tem escola precisando fazer vaquinha com a comunidade para comprar comida.,624,939,4.681
Guilherme Boulos,@GuilhermeBoulos,https://twitter.com/GuilhermeBoulos/status/1662112017971306497,2023-05-26T15:02:40.000Z,"A nova proposta de Plano Diretor é um DESASTRE para São Paulo!

Entenda o que está em jogo e por que é essencial que a sociedade participe desse debate para não deixar a cidade caminhar na contramão do mundo. 

A prefeitura quer aprovar o novo PDE a toque de caixa, sem qualquer…",80,281,1.480
Guilherme Boulos,@GuilhermeBoulos,https://twitter.com/GuilhermeBoulos/status/1662057255418699776,2023-05-26T11:25:03.000Z,ESTAMOS CHEGANDO À CENA DO CRIME! Eduardo Bolsonaro é sócio nos EUA de empresário que apoiou atos golpistas. O chefe do golpe é o pai do Bananinha!,879,1.188,8.507
Guilherme Boulos,@GuilhermeBoulos,https://twitter.com/GuilhermeBoulos/status/1661838182152011777,2023-05-25T20:54:32.000Z,Ontem aproveitei o espaço na Comissão para pedir o apoio do Ministério da Previdência Social e dos colegas deputados para acabarmos com o GOLPE DO CONSIGNADO!,154,453,2.726
Guilherme Boulos,@GuilhermeBoulos,https://twitter.com/GuilhermeBoulos/status/1661816178862436353,2023-05-25T19:27:06.000Z,O MTST vai realizar um Grande Encontro Nacional para celebrar os 25 anos de luta e organizar os próximos 25. Doe e ajude a construir esse encontro!https://catarse.me/colabore_mtst,245,277,2.376
Guilherme Boulos,@GuilhermeBoulos,https://twitter.com/GuilhermeBoulos/status/1661810196543406102,2023-05-25T19:03:20.000Z,"👍Juíza bolsonarista é demitida pelo Tribunal da Justiça de MG. Tinha faltas sistemáticas ao trabalho presencial, baixa produtividade, morosidade e exercício paralelo de atividade empresarial. 🤡A punição: aposentadoria vitalícia referente ao salário de 33 mil por mês.",1.225,886,6.911
Guilherme Boulos,@GuilhermeBoulos,https://twitter.com/GuilhermeBoulos/status/1661753311433998338,2023-05-25T15:17:17.000Z,Entenda o que significa a votação do Marco Temporal na calada da noite de hoje no Congresso. #PL490Não,83,260,940
Guilherme Boulos,@GuilhermeBoulos,https://twitter.com/GuilhermeBoulos/status/1661740796683649033,2023-05-25T14:27:34.000Z,"Por que precisamos barrar o MARCO TEMPORAL na Câmara?

Artigo 231 da CF: ""São  reconhecidos aos índios sua organização social, costumes, línguas, crenças e tradições, e os direitos originários sobre as terras que tradicionalmente ocupam, competindo à União demarcá-las, proteger e…",220,891,4.061
Guilherme Boulos,@GuilhermeBoulos,https://twitter.com/GuilhermeBoulos/status/1661542121986478081,2023-05-25T01:18:06.000Z,"O PL 490/07 é um retrocesso vergonhoso, e o que foi feito hoje na Câmara para aprovar o requerimento de urgência é ABSURDO! #PL490NAO #MarcoTemporalNao",248,974,5.217
Guilherme Boulos,@GuilhermeBoulos,https://twitter.com/GuilhermeBoulos/status/1661529389446692864,2023-05-25T00:27:30.000Z,"ABSURDO! A maioria dos deputados aprovou agora a urgência do PL 490, que aprofunda a destruição de terras indígenas em benefício de mineradoras e do agronegócio. Vamos lutar para impedir esse retrocesso!",1.120,1.699,"10,5 mil"
Guilherme Boulos,@GuilhermeBoulos,https://twitter.com/GuilhermeBoulos/status/1661509966380040193,2023-05-24T23:10:20.000Z,"Dono de iate tem que pagar, motoboy não! Essa é a Reforma Tributária que defendemos.",250,408,3.379
Guilherme Boulos,@GuilhermeBoulos,https://twitter.com/GuilhermeBoulos/status/1661492118563553281,2023-05-24T21:59:24.000Z,"Questionamos hoje a Anac hoje sobre o tal do ""embarque Premium"". Vamos trabalhar contra mais esse abuso das companhias aéreas.",299,428,3.164
Guilherme Boulos,@GuilhermeBoulos,https://twitter.com/GuilhermeBoulos/status/1661402284331515906,2023-05-24T16:02:26.000Z,Olha isso!!! Definitivamente não é possível levar o Nikolas Ferreira a sério!,1.394,1.885,"14,3 mil"
Guilherme Boulos,@GuilhermeBoulos,https://twitter.com/GuilhermeBoulos/status/1661372887360589826,2023-05-24T14:05:37.000Z,Em 2023 ainda é preciso lutar contra mais essa tentativa de ROUBO das terras indígenas. O Marco Temporal é um crime e deve ser combatido com veemência! #MarcoTemporalNão #PL490NÃO,62,207,975
Guilherme Boulos,@GuilhermeBoulos,https://twitter.com/GuilhermeBoulos/status/1661347005426196481,2023-05-24T12:22:47.000Z,A briga dos servidores de São Paulo contra o confisco da aposentadoria também é minha! E nós vamos pra cima também dos bancos que aplicam o golpe do consignado nos aposentados.,39,91,781
Guilherme Boulos,@GuilhermeBoulos,https://twitter.com/GuilhermeBoulos/status/1661335463775305735,2023-05-24T11:36:55.000Z,"""A DAMA PEDIU R$3200 NA CONTA DELA"" - Mensagem para o ajudante de ordens de Bolsonaro que mandava dinheiro vivo para Michelle.

Bolsonaro recebia 41 mil reais, fora o cartão corporativo e os benefícios da presidência. E o povo brasileiro ainda pagava a mesada deles em rachadinha!",730,1.195,5.521
Guilherme Boulos,@GuilhermeBoulos,https://twitter.com/GuilhermeBoulos/status/1661167858460553218,2023-05-24T00:30:55.000Z,As companhias aéreas deram um jeito de cobrar pra despachar e cobrar pra não despachar bagagem. E os passageiros que lutem. 🤡,259,678,6.461
Guilherme Boulos,@GuilhermeBoulos,https://twitter.com/GuilhermeBoulos/status/1661163080024301575,2023-05-24T00:11:55.000Z,"CONTRA O RACISMO! O plenário da Câmara acaba de aprovar nossa moção de apoio ao jogador Vini Jr., vítima de ataques racistas na Espanha. Um gesto simbólico no combate ao preconceito e em defesa da igualdade racial. Sigamos em frente!",36,119,1.450
Guilherme Boulos,@GuilhermeBoulos,https://twitter.com/GuilhermeBoulos/status/1661146696490049536,2023-05-23T23:06:49.000Z,Não vamos tolerar o preconceito de quem envergonha o povo brasileiro!,252,603,5.463
Guilherme Boulos,@GuilhermeBoulos,https://twitter.com/GuilhermeBoulos/status/1661126101823889408,2023-05-23T21:44:59.000Z,Meu total apoio à luta e à paralisação dos servidores públicos de São Paulo por um reajuste salarial decente para a categoria. A prefeitura deve uma resposta aos trabalhadores! (1/2),90,186,2.734
Guilherme Boulos,@GuilhermeBoulos,https://twitter.com/GuilhermeBoulos/status/1661106230180605953,2023-05-23T20:26:01.000Z,"Depois de 4 anos de política externa rastejante, Lula resgatou a dignidade do Brasil nas relações internacionais. Voltamos a ter consciência do nosso próprio valor!",119,218,1.553
Guilherme Boulos,@GuilhermeBoulos,https://twitter.com/GuilhermeBoulos/status/1661091719624966174,2023-05-23T19:28:22.000Z,Será medo da cassação?,56,167,1.377
Guilherme Boulos,@GuilhermeBoulos,https://twitter.com/GuilhermeBoulos/status/1661074926130851843,2023-05-23T18:21:38.000Z,"ABSURDO! Senador bolsonarista diz que Vini Jr. está sendo ""vitimizado"" por quem denuncia racismo e ainda faz piada: ""esses caras ficam insistindo nisso de macaco, daqui a pouco a Associação de Defesa dos Animais"". É uma VERGONHA que um sujeito desse represente o povo brasileiro!",711,699,5.050
Guilherme Boulos,@GuilhermeBoulos,https://twitter.com/GuilhermeBoulos/status/1661058357275377664,2023-05-23T17:15:48.000Z,Bonito demais ver o povo no Itaquerão amassando Bananinha 😂,288,429,5.220
Guilherme Boulos,@GuilhermeBoulos,https://twitter.com/GuilhermeBoulos/status/1661006142494109696,2023-05-23T13:48:19.000Z,"RACISTAS NA CADEIA! Polícia espanhola prende sete pessoas por crime de ódio contra Vini Jr.  Três por insultos de ""macaco"", 4 por simular enforcamento em boneco com uniforme do jogador. É só o começo. Que sejam punidos no rigor da lei. E que Vini siga brilhando e bailando.",133,598,6.286
Guilherme Boulos,@GuilhermeBoulos,https://twitter.com/GuilhermeBoulos/status/1660790111426994177,2023-05-22T23:29:53.000Z,"O que vem acontecendo na Espanha com o Vini Jr. é inaceitável! Estamos com o craque até o fim por justiça!

Tamo junto @vinijr!",65,225,2.299
Guilherme Boulos,@GuilhermeBoulos,https://twitter.com/GuilhermeBoulos/status/1660674636856664066,2023-05-22T15:51:01.000Z,"O Brasil não vai mais se calar, nem parar na nota de repúdio! Todo apoio ao trabalho da Ministra Anielle Franco, que está à frente da reação brasileira contra a cultura racista da La Liga que mais uma vez atacou Vini Jr. (1/2)",141,546,7.332
Guilherme Boulos,@GuilhermeBoulos,https://twitter.com/GuilhermeBoulos/status/1660650386737225734,2023-05-22T14:14:40.000Z,"Boletim do Banco Central diminuiu a projeção do IPCA, índice da inflação, de 6,04% para 5,80%

O que Campos Neto vai usar como álibi para manter a Selic no patamar atual que vai pagar R$813 BILHÕES de juros da dívida pública em 2023?",197,455,2.363
Guilherme Boulos,@GuilhermeBoulos,https://twitter.com/GuilhermeBoulos/status/1660421424966778888,2023-05-21T23:04:51.000Z,"O novo episódio do #CafécomBoulos já está no ar, assista ""A queda dos heróis de Curitiba"" no Youtube: https://youtu.be/bEAhip3ex8g",146,213,1.625
Guilherme Boulos,@GuilhermeBoulos,https://twitter.com/GuilhermeBoulos/status/1660382838879924227,2023-05-21T20:31:31.000Z,"""Antes do Vini não havia problemas de racismo dessa magnitude”. Essa é a fala de um jornalista espanhol depois dos ataques racistas contra Vini Júnior. Quem inventou 4 séculos de escravidão e o racismo foram nossos craques??? Toda solidariedade ao Vini. Punição para os racistas.",235,1.855,"20,6 mil"
Guilherme Boulos,@GuilhermeBoulos,https://twitter.com/GuilhermeBoulos/status/1660317684070850563,2023-05-21T16:12:37.000Z,"MAIS UMA! Inauguramos neste fim de semana a Cozinha Solidária do @mtst no Jardim Vera Cruz, Fundão da Zona Sul de São Paulo. A luta agora é para aprovar o nosso PL 491/23, que estabelece a política pública de Cozinhas Solidárias no Brasil!",82,201,1.668
Guilherme Boulos,@GuilhermeBoulos,https://twitter.com/GuilhermeBoulos/status/1660042359348887554,2023-05-20T21:58:35.000Z,Quer saber o que eu penso sobre tudo o que aconteceu essa semana em Brasília? Vem vem ver o #ResumãodaSemana,125,210,1.457
Guilherme Boulos,@GuilhermeBoulos,https://twitter.com/GuilhermeBoulos/status/1659968649237544962,2023-05-20T17:05:41.000Z,Vamos pra cima dos bancos e financeiras que estão lucrando em cima dos aposentados com o GOLPE DO CONSIGNADO! (1/3),387,465,4.917
Guilherme Boulos,@GuilhermeBoulos,https://twitter.com/GuilhermeBoulos/status/1659694470856843265,2023-05-19T22:56:12.000Z,NOS BRAÇOS DO POVO! Veja Deltan Dallagnol sendo recebido como herói por uma multidão em Curitiba.,1.149,676,7.652
Guilherme Boulos,@GuilhermeBoulos,https://twitter.com/GuilhermeBoulos/status/1659661760549253121,2023-05-19T20:46:13.000Z,"Mais uma Cozinha Solidária! Hoje inauguramos a Cozinha Solidária do MTST no Jardim Vermelhão, em Guarulhos, junto com @EdianeMariaMTST. Vamos lutar pela aprovação do nosso PL 491/23, que cria a Política Pública de Cozinhas Solidárias!",26,111,961
Guilherme Boulos,@GuilhermeBoulos,https://twitter.com/GuilhermeBoulos/status/1659645149733855258,2023-05-19T19:40:13.000Z,"OMISSÃO CRIMINOSA! Sob o comando de Bolsonaro, FUNAI foi alertada dos riscos que Bruno Pereira e Dom Phillips corriam e não fez nada! Por isso a PF acaba de indiciar o ex-presidente da instituição.",265,477,3.053
Guilherme Boulos,@GuilhermeBoulos,https://twitter.com/GuilhermeBoulos/status/1659599710322151425,2023-05-19T16:39:39.000Z,Entendeu porque os bolsonaristas destruíram a educação brasileira?,51,225,1.015
Guilherme Boulos,@GuilhermeBoulos,https://twitter.com/GuilhermeBoulos/status/1659580745696833537,2023-05-19T15:24:17.000Z,ABSURDO! O funcionário de uma loja do Burger King em Aracaju teve de fazer xixi nas calças para não tomar uma advertência por IR AO BANHEIRO. Nossa solidariedade ao José Vinícius pela atitude digna de denunciar essa exploração revoltante!,502,1.270,8.300
Guilherme Boulos,@GuilhermeBoulos,https://twitter.com/GuilhermeBoulos/status/1659572446813405189,2023-05-19T14:51:19.000Z,Não podemos deixar o lucro das grandes empresas estar acima da saúde dos brasileiros. É por isso que é fundamental defender e valorizar o SUS!,55,230,1.284
Guilherme Boulos,@GuilhermeBoulos,https://twitter.com/GuilhermeBoulos/status/1659515012468047873,2023-05-19T11:03:05.000Z,"Quem será o próximo condenado, Collor? 😂",437,892,6.809
Guilherme Boulos,@GuilhermeBoulos,https://twitter.com/GuilhermeBoulos/status/1659335249547915267,2023-05-18T23:08:47.000Z,"O Supremo formou maioria para PRENDER Fernando Collor por recebimento de R$ 20 milhões em propinas. Quando presidente, Collor confiscou a poupança de milhões de brasileiros. 

A fila andou, e agora é esperar a vez do próximo.",1.434,891,8.896
Guilherme Boulos,@GuilhermeBoulos,https://twitter.com/GuilhermeBoulos/status/1659267048071995399,2023-05-18T18:37:46.000Z,"GRAVÍSSIMO!!! Três meses depois da tragédia que causou a morte de 65 pessoas, o Governo de São Paulo está mandando famílias de volta para casas condenadas em São Sebastião!",150,406,2.078
Guilherme Boulos,@GuilhermeBoulos,https://twitter.com/GuilhermeBoulos/status/1659249437426712588,2023-05-18T17:27:47.000Z,"O ajudante de ordens do Bolsonaro vai prestar depoimento à PF já já e o Brasil só tem UM pedido ‘Fala, Mauro Cid... Fala’.",129,262,1.870
Guilherme Boulos,@GuilhermeBoulos,https://twitter.com/GuilhermeBoulos/status/1659186512901095424,2023-05-18T13:17:45.000Z,🎰 MILÍCIABET 🎰Mauro Cid depõe hoje à Polícia Federal sobre o caso da fraude no cartão de vacina de Bolsonaro. E aí? Você acha que ele delata o genocida?,55,29,171
Guilherme Boulos,@GuilhermeBoulos,https://twitter.com/GuilhermeBoulos/status/1658994460234055681,2023-05-18T00:34:36.000Z,"Universidade pública para quem precisa de universidade pública. Vamos pra cima, Zona Leste!",34,71,966
Guilherme Boulos,@GuilhermeBoulos,https://twitter.com/GuilhermeBoulos/status/1658973068939911169,2023-05-17T23:09:36.000Z,"VITÓRIA! Em reunião hoje com o Ministro da Educação Camilo Santana e a Reitora da Unifesp Raiane Assumpção foi FIRMADO O COMPROMISSO de início de obras no Campus Zona Leste, assim que as aprovações municipais estiverem concluídas.",54,159,1.203
Guilherme Boulos,@GuilhermeBoulos,https://twitter.com/GuilhermeBoulos/status/1658952382720487424,2023-05-17T21:47:24.000Z,"Motoboy paga IPVA, dono de iate não. Você acha justo? 

Assine a petição: https://guilhermeboulos.com.br/peticao-taxacao/…",2.956,3.200,"20,6 mil"
Guilherme Boulos,@GuilhermeBoulos,https://twitter.com/GuilhermeBoulos/status/1658925173775499266,2023-05-17T19:59:17.000Z,"A Via Mobilidade não pode continuar brincando com a vida das pessoas. Conseguimos aprovar hoje aqui na Câmara a realização de uma diligência nas linhas 8 e 9 da Grande São Paulo. Desde que elas foram privatizadas, em 2021, falhas, panes e descarrilamentos viraram rotina. Não…",50,136,946
Guilherme Boulos,@GuilhermeBoulos,https://twitter.com/GuilhermeBoulos/status/1658916611368132686,2023-05-17T19:25:15.000Z,Qual a razão de tantas falhas em linhas de trem operadas pela VIA MOBILIDADE em São Paulo? Nós faremos uma diligência e vamos descobrir! (1/2),49,98,1.080
Guilherme Boulos,@GuilhermeBoulos,https://twitter.com/GuilhermeBoulos/status/1658890957993934849,2023-05-17T17:43:19.000Z,Mais um dia de muito trabalho aqui em Brasília. Vamos pra cima!,84,133,1.416
Guilherme Boulos,@GuilhermeBoulos,https://twitter.com/GuilhermeBoulos/status/1658883675986042881,2023-05-17T17:14:23.000Z,A terra plana capota. 🤣,68,227,1.830
Guilherme Boulos,@GuilhermeBoulos,https://twitter.com/GuilhermeBoulos/status/1658856432400302081,2023-05-17T15:26:08.000Z,Minha ÚNICA tristeza de não ter mais o Deltan Dallagnol na Câmara é que ele foi cassado antes de responder...,287,555,4.527
Guilherme Boulos,@GuilhermeBoulos,https://twitter.com/GuilhermeBoulos/status/1658826480334323712,2023-05-17T13:27:07.000Z,"A população LGBTQIA+ tem meu total apoio na luta por direito à vida e a dignidade!

Contem com o nosso mandato. Estamos juntos!",17,96,1.160
Guilherme Boulos,@GuilhermeBoulos,https://twitter.com/GuilhermeBoulos/status/1658804699187802113,2023-05-17T12:00:34.000Z,O Brasil precisa cuidar bem de quem cuida das pessoas! Nosso mandato está ao lado da categoria pela valorização da assistência social!,28,88,865
Guilherme Boulos,@GuilhermeBoulos,https://twitter.com/GuilhermeBoulos/status/1658634721121665024,2023-05-17T00:45:08.000Z,Urgente! Dallagnol Cassado! Com provas e convicções!,400,831,8.881
Guilherme Boulos,@GuilhermeBoulos,https://twitter.com/GuilhermeBoulos/status/1658626885029339136,2023-05-17T00:13:59.000Z,Deixe seu TCHAU ao Dallagnol!,2.190,2.963,"24,4 mil"
Guilherme Boulos,@GuilhermeBoulos,https://twitter.com/GuilhermeBoulos/status/1658620449226407936,2023-05-16T23:48:25.000Z,A Petrobrás vai servir ao povo brasileiro e não à bolsa de Nova York!,78,309,2.425
Guilherme Boulos,@GuilhermeBoulos,https://twitter.com/GuilhermeBoulos/status/1658569453548851207,2023-05-16T20:25:47.000Z,ABSURDO! A PEC da anistia foi aprovada na CCJ e segue para votação no plenário! Nós do PSOL votaremos CONTRA a anistia aos partidos que não cumpriram as cotas de gênero ou racial nas candidaturas eleitorais!,116,338,2.420
Guilherme Boulos,@GuilhermeBoulos,https://twitter.com/GuilhermeBoulos/status/1658548465486422037,2023-05-16T19:02:23.000Z,"Presidente do partido de Bolsonaro reconhece: Bolsonaro não é uma pessoa normal. Quem tem como ídolo torturador, boicota vacinação em um país com 700 mil mortes e ataca mulheres, negros, gays e indígenas é sociopata e criminoso.",267,342,2.332
Guilherme Boulos,@GuilhermeBoulos,https://twitter.com/GuilhermeBoulos/status/1658532031003779091,2023-05-16T17:57:04.000Z,"Todo o meu apoio aos servidores de São Paulo, na luta pelo FIM DO CONFISCO de 14% dos aposentados! É inaceitável que quem contribuiu a vida com a previdência, na aposentadoria ainda tenha que continuar pagando.",116,266,927
Guilherme Boulos,@GuilhermeBoulos,https://twitter.com/GuilhermeBoulos/status/1658508217134067715,2023-05-16T16:22:27.000Z,"Entenda em dois minutos quem ganha e quem perde com a mudança de política de preços da Petrobrás, anunciada hoje pelo presidente Lula.",118,423,1.873
Guilherme Boulos,@GuilhermeBoulos,https://twitter.com/GuilhermeBoulos/status/1658493711947366400,2023-05-16T15:24:48.000Z,"GRANDE DIA!!! Depois de anos custando uma fortuna sob Bolsonaro, o preço do botijão de gás começou a cair e será de menos de R$ 100,00 pela primeira vez desde 2021!",179,312,2.675
Guilherme Boulos,@GuilhermeBoulos,https://twitter.com/GuilhermeBoulos/status/1658486499237847042,2023-05-16T14:56:09.000Z,"🇧🇷Petrobras anuncia redução de valores para combustíveis e gás:

- Gasolina: Redução de R$0,40 por litro (-12,6%)
- Diesel: Redução de R$0,44 por litro (-12,8%)
- Botijão de gás: Redução de R$8,97 (-21,3%).

Menos dividendos aos acionistas, combustível mais barato pro povo!",532,841,6.185
Guilherme Boulos,@GuilhermeBoulos,https://twitter.com/GuilhermeBoulos/status/1658454634938155010,2023-05-16T12:49:32.000Z,"A Petrobrás distribuiu R$ 470 bilhões em dividendos desde o golpe de 2016. Com esse dinheiro, daria pra pagar:

- Quase 3 anos do novo Bolsa Família
- Mais de 400km de metrô
- Subsídio para 2,7 milhões de moradias no Minha Casa, Minha Vida
- 2000 hospitais como o da Brasilândia",221,380,1.999
Guilherme Boulos,@GuilhermeBoulos,https://twitter.com/GuilhermeBoulos/status/1658442252480311298,2023-05-16T12:00:20.000Z,"2016: Dilma sofre impeachment. Nova política de preços da Petrobras é anunciada.
2018-2022: Petrobras distribui R$470 bilhões para acionistas. Gasolina chega a R$8 o litro.
2023: Lula revoga a política de preços.

Como é bom voltar a viver em um país soberano.",877,2.814,"22,9 mil"
Guilherme Boulos,@GuilhermeBoulos,https://twitter.com/GuilhermeBoulos/status/1658433174467231744,2023-05-16T11:24:15.000Z,"Advogado de Bolsonaro justificou pagamentos em ""dinheiro vivo"" e com cartão de crédito de amiga porque:
- Bolsonaro era ""pão duro""
- Michelle não conseguiu aprovar crédito pro cartão
- em nome da segurança da família.

A cara de pau não tem limites!",220,232,2.071
Guilherme Boulos,@GuilhermeBoulos,https://twitter.com/GuilhermeBoulos/status/1658420714230120449,2023-05-16T10:34:44.000Z,"VERGONHA! Governo Bolsonaro comprou pescoço de galinha por R$260 o quilo para indígenas na Amazônia.  Enquanto crianças morriam por desnutrição, roubavam com superfaturamento de comida.",493,1.179,5.731
Guilherme Boulos,@GuilhermeBoulos,https://twitter.com/GuilhermeBoulos/status/1658150563006099481,2023-05-15T16:41:15.000Z,"2630 CONTRA FAKE E HATE
Parabéns ao pessoal de fãs-clubes pela iniciativa de ajudar a divulgar a importância do PL2630. Precisamos tornar a internet um ambiente seguro. Estamos juntos nessa!",122,258,1.249
Guilherme Boulos,@GuilhermeBoulos,https://twitter.com/GuilhermeBoulos/status/1658134780142125057,2023-05-15T15:38:32.000Z,"TRABALHADOR DE APLICATIVO MERECE RESPEITO. Os motoristas da Uber e 99 estão paralisando as atividades hoje em São Paulo pedindo melhorias salariais. Toda nossa solidariedade ao movimento! Os aplicativos são empregadores, e não meros ""parceiros"". Regulamentação já!",560,398,3.467
Guilherme Boulos,@GuilhermeBoulos,https://twitter.com/GuilhermeBoulos/status/1658114831969296384,2023-05-15T14:19:16.000Z,"Justiça social, acesso a políticas públicas, garantia de direitos. O Brasil agradece às mais de 200 mil assistentes sociais do país que ajudam o combate à desigualdade do nosso país. Parabéns pelo 15 de maio, dia do Assistente Social!",52,146,962
Guilherme Boulos,@GuilhermeBoulos,https://twitter.com/GuilhermeBoulos/status/1658069892812218370,2023-05-15T11:20:42.000Z,"BOMBA! PF identificou depósitos em DINHEIRO VIVO do ajudante de ordens de Bolsonaro para Michelle.
""Análise identificou depósitos fracionados em caixas eletrônicos de autoatendimento e um comprovante de depósito em espécie.""

 A casa da família da rachadinha não para de cair!",790,611,4.407
Guilherme Boulos,@GuilhermeBoulos,https://twitter.com/GuilhermeBoulos/status/1657882229954215936,2023-05-14T22:55:00.000Z,'Chega de Cercadinho' é o título do #CafécomBoulos desta semana. Assista agora no YouTube.,30,37,320
Guilherme Boulos,@GuilhermeBoulos,https://twitter.com/GuilhermeBoulos/status/1657808102815854593,2023-05-14T18:00:26.000Z,"O Minha Casa, Minha Vida não pode parar na entrega das chaves. Defendemos que o Projeto de Trabalho Técnico Social (PTTS) seja estendido para apoiar a organização do condomínio.",88,166,1.514
Guilherme Boulos,@GuilhermeBoulos,https://twitter.com/GuilhermeBoulos/status/1657797201660133379,2023-05-14T17:17:07.000Z,"Dia das mães em família! Com minha mãe, Dona Ivete, e com minha companheira Natália, mãe das nossas pequenas Sofia e Laura. Feliz dia para todas as mães guerreiras! 💜🌻",263,116,4.989
Guilherme Boulos,@GuilhermeBoulos,https://twitter.com/GuilhermeBoulos/status/1657516276825169921,2023-05-13T22:40:50.000Z,Política se faz com participação e transparência! Hoje fizemos o encontro do nosso Gabinete do Povo da região Centro/Oeste de São Paulo: prestar contas do nosso mandato e escutar ideias e propostas. Não pode ser só a cada 4 anos!,37,57,622
Guilherme Boulos,@GuilhermeBoulos,https://twitter.com/GuilhermeBoulos/status/1657512541281452037,2023-05-13T22:25:59.000Z,"Fechamos mais uma semana de muita correria, com enfrentamentos necessários e vitórias muito importantes.",93,146,1.090
Guilherme Boulos,@GuilhermeBoulos,https://twitter.com/GuilhermeBoulos/status/1657480712642068483,2023-05-13T20:19:31.000Z,URGENTE! Polícia Federal encontra fortes indícios de que o ajudante de ordens de Bolsonaro desviou dinheiro público para pessoas indicadas por assessoras de Michelle. O fio vai sendo puxado…,302,473,2.599
Guilherme Boulos,@GuilhermeBoulos,https://twitter.com/GuilhermeBoulos/status/1657464225210482692,2023-05-13T19:14:00.000Z,GRAVÍSSIMO! A prefeitura privatizou o Terminal Grajaú e esse é o tratamento dispensado agora aos ambulantes. Trabalhar não é crime!,360,883,4.419
Guilherme Boulos,@GuilhermeBoulos,https://twitter.com/GuilhermeBoulos/status/1657419718494502913,2023-05-13T16:17:08.000Z,"BANDIDAGEM! O presidente Lula está correto, o que Bolsonaro fez na privatização da Eletrobrás é crime de lesa pátria.",754,550,3.741
Guilherme Boulos,@GuilhermeBoulos,https://twitter.com/GuilhermeBoulos/status/1657398929925783554,2023-05-13T14:54:32.000Z,"FALSA abolição! Nesse 13 de maio lembremos que só esse ano mais de 1200 pessoas foram resgatadas de condições análogas a escravidão. Fundamental o trabalho de resgate, no entanto é insuficiente para conter a cultura escravista e racista que AINDA existe no Brasil. (1/2)",107,291,2.242
Guilherme Boulos,@GuilhermeBoulos,https://twitter.com/GuilhermeBoulos/status/1657110884244770824,2023-05-12T19:49:57.000Z,VITÓRIA! O Tribunal de Contas encontrou uma série de irregularidades e suspendeu a privatização de 20 Casas de Cultura na cidade de São Paulo. Vamos seguir na luta por espaços culturais públicos e de qualidade!,107,331,2.919
Guilherme Boulos,@GuilhermeBoulos,https://twitter.com/GuilhermeBoulos/status/1657070741131599872,2023-05-12T17:10:26.000Z,Quem tem Brilhante Ustra como ídolo é capaz de todo tipo de absurdo.,113,224,1.633
Guilherme Boulos,@GuilhermeBoulos,https://twitter.com/GuilhermeBoulos/status/1657058818793312261,2023-05-12T16:23:03.000Z,"Mais que subsidiar imóveis para os mais pobres, nós queremos garantir que estejam bem localizados.",97,251,1.796
Guilherme Boulos,@GuilhermeBoulos,https://twitter.com/GuilhermeBoulos/status/1657050539669037059,2023-05-12T15:50:09.000Z,"As big techs podem e devem participar da discussão, mas não estão acima das regras brasileiras. É simples assim! REGULAÇÃO JÁ",157,214,1.667
Guilherme Boulos,@GuilhermeBoulos,https://twitter.com/GuilhermeBoulos/status/1657025834601914369,2023-05-12T14:11:59.000Z,"Quem tem mais, paga mais. Quem tem menos, paga menos. Esse é o princípio que deve nortear uma reforma tributária socialmente justa!

Assine o abaixo-assinado e nos ajude a pressionar por uma reforma tributária mais justa: https://guilhermeboulos.com.br/peticao-taxacao/…",656,1.197,7.987
Guilherme Boulos,@GuilhermeBoulos,https://twitter.com/GuilhermeBoulos/status/1657016405491843072,2023-05-12T13:34:31.000Z,"HISTÓRICO! Depois de décadas de luta da categoria, hoje o Presidente Lula oficializou a destinação de R$ 7,3 bilhões para pagar o piso nacional da enfermagem. Reconstruir o Brasil é isso, não deixar ninguém pra trás.",512,401,3.610
Guilherme Boulos,@GuilhermeBoulos,https://twitter.com/GuilhermeBoulos/status/1657000772876247040,2023-05-12T12:32:24.000Z,"INACREDITÁVEL! A Polícia Federal encontrou certificados de diamantes sauditas na COZINHA de Mauro Cid, braço-direito de Bolsonaro. A batata do miliciano não para de assar!",703,1.317,8.629
Guilherme Boulos,@GuilhermeBoulos,https://twitter.com/GuilhermeBoulos/status/1656807797177085953,2023-05-11T23:45:35.000Z,Os bolsonaristas acham -  só acham - que vão ganhar alguma coisa no grito. Vamos ver se vão continuar assim quando estiverem na Papuda. Minha solidariedade a @GugaNoblat e a todos os jornalistas que seguem sendo desrepeitados pela quadrilha de milicianos.,345,502,4.611
Guilherme Boulos,@GuilhermeBoulos,https://twitter.com/GuilhermeBoulos/status/1656794454856982528,2023-05-11T22:52:34.000Z,CONVERSA PRA GADO DORMIR. Os bolsonaristas só conseguem atuar politicamente no modo Pinóquio: mentindo. É por isso que eles estão desesperados com o PL das Fake News. Não caia na conversinha deles. Regulamentar as big techs é crucial para a nossa democracia!,131,309,2.074
Guilherme Boulos,@GuilhermeBoulos,https://twitter.com/GuilhermeBoulos/status/1656706603570151425,2023-05-11T17:03:29.000Z,GRAVÍSSIMO! Fui pessoalmente fiscalizar as condições dos albergues em São Paulo. A situação é chocante!,497,1.646,"10,3 mil"
Guilherme Boulos,@GuilhermeBoulos,https://twitter.com/GuilhermeBoulos/status/1656699169317216256,2023-05-11T16:33:56.000Z,"Hoje recebemos a visita do @tarcisioadv, o Boulos do Piauí, no nosso Gabinete. Meu ilustre sósia!",204,136,5.290
Guilherme Boulos,@GuilhermeBoulos,https://twitter.com/GuilhermeBoulos/status/1656646757269241859,2023-05-11T13:05:40.000Z,"Especialista explica a definição de ""milícia"".",327,453,5.003
Guilherme Boulos,@GuilhermeBoulos,https://twitter.com/GuilhermeBoulos/status/1656640842143080454,2023-05-11T12:42:10.000Z,"""No governo Bolsonaro não teve corrupção"" 🤡",734,780,6.272
Guilherme Boulos,@GuilhermeBoulos,https://twitter.com/GuilhermeBoulos/status/1656443980782137344,2023-05-10T23:39:54.000Z,Absurdo! Mais um caso de racismo em vôo no Brasil! Toda solidariedade @Renatoafjr.,1.191,1.217,8.374
Guilherme Boulos,@GuilhermeBoulos,https://twitter.com/GuilhermeBoulos/status/1656415191024672777,2023-05-10T21:45:30.000Z,Vamos apresentar um projeto de lei para impedir empréstimos consignados indevidos aos aposentados. Falo mais sobre a proposta no vídeo. Quem trabalhou a vida toda pela sociedade merece respeito!,87,307,2.226
Guilherme Boulos,@GuilhermeBoulos,https://twitter.com/GuilhermeBoulos/status/1656385851880878083,2023-05-10T19:48:55.000Z,"BOMBA! Irmão do ajudante de ordens de  Bolsonaro comprou mansão de R$ 8,5 milhões nos EUA. Negócios foram registrados no “Cid Family Trust”. Quantos imóveis, diamantes e fundos milionários a milícia acumulou em quatro anos de governo?",459,1.712,8.229
Guilherme Boulos,@GuilhermeBoulos,https://twitter.com/GuilhermeBoulos/status/1656368324014403588,2023-05-10T18:39:16.000Z,Mais um dia de muito trabalho aqui na Câmara. Vamos pra cima!,76,122,1.190
Guilherme Boulos,@GuilhermeBoulos,https://twitter.com/GuilhermeBoulos/status/1656363868434595840,2023-05-10T18:21:34.000Z,"AGORA! Telegram viu que não está acima da lei brasileira, APAGOU a mentira e publicou a mensagem exigida pelo STF.",1.698,529,3.759
Guilherme Boulos,@GuilhermeBoulos,https://twitter.com/GuilhermeBoulos/status/1656357527339036687,2023-05-10T17:56:22.000Z,"Os bolsonaristas querem transformar a Comissão de Fiscalização Financeira da Câmara no novo “cercadinho"" deles.",48,291,1.850
Guilherme Boulos,@GuilhermeBoulos,https://twitter.com/GuilhermeBoulos/status/1656334423040589836,2023-05-10T16:24:34.000Z,"URGENTE! STF aplica multa e determina que Telegram apague desinformação FRAUDULENTA enviada ontem sobre o PL das Fake News. Além disso, a plataforma terá de corrigir a informação e pode ser suspensa por 72h caso desrespeite a justiça. O Brasil não pode ficar refém das big techs!",404,480,3.448
Guilherme Boulos,@GuilhermeBoulos,https://twitter.com/GuilhermeBoulos/status/1656322582579146754,2023-05-10T15:37:31.000Z,"ESQUEMABET. Quem diria que a falta de regulamentação de apostas online geraria corrupção até mesmo entre os jogadores de futebol? É assim que o mercado ""resolve"". Precisamos pôr ordem nesse absurdo!",1.180,1.202,9.959
Guilherme Boulos,@GuilhermeBoulos,https://twitter.com/GuilhermeBoulos/status/1656307071032107008,2023-05-10T14:35:53.000Z,"JUSTIÇA! Ídolo de Bolsonaro, Donald Trump foi condenado por abuso sexual e difamação contra jornalista. O pet bolsonarista George Santos já foi preso. Vamos ver se os milicianos amantes de arminha vão querer continuar copiando tudo que vem dos EUA...",159,364,3.181
Guilherme Boulos,@GuilhermeBoulos,https://twitter.com/GuilhermeBoulos/status/1656292452288872451,2023-05-10T13:37:47.000Z,BOM DIA SEM ANISTIA! @ErikakHilton e @pastorhenriquev representarão a bancada PSOL-REDE na CPMI do 8 de janeiro. Péssima notícia para os golpistas do Congresso!! É bom já irem se preparando.,66,110,1.083
Guilherme Boulos,@GuilhermeBoulos,https://twitter.com/GuilhermeBoulos/status/1656286543558918146,2023-05-10T13:14:18.000Z,Bom demais ter feito o L. Ótimo dia a todos!,499,757,6.426
Guilherme Boulos,@GuilhermeBoulos,https://twitter.com/GuilhermeBoulos/status/1656087776368943105,2023-05-10T00:04:29.000Z,"Mais uma vez deixo aqui meus sentimentos ao Glenn, aos meninos e a toda a família! David Miranda, presente!",52,242,4.425
Guilherme Boulos,@GuilhermeBoulos,https://twitter.com/GuilhermeBoulos/status/1656083706270949376,2023-05-09T23:48:18.000Z,"Meu apoio e solidariedade ao vereador de Campinas @paulobufalopsol, que vem sofrendo perseguição política da extrema direita por atuar em defesa dos movimentos populares. Estamos juntos!",43,139,1.175
Guilherme Boulos,@GuilhermeBoulos,https://twitter.com/GuilhermeBoulos/status/1656062159720435712,2023-05-09T22:22:41.000Z,"Vamos votar a favor do PL 507, que acaba com a exigência de renovação do laudo médico para crianças com Transtorno do Espectro Autista. Contem conosco nessa luta!",140,884,5.880
Guilherme Boulos,@GuilhermeBoulos,https://twitter.com/GuilhermeBoulos/status/1656048253492928512,2023-05-09T21:27:26.000Z,Os movimentos sociais já mostraram que sabem como fazer moradia popular. Então o Minha Casa Minha Vida Entidades merece ser valorizado na retomada do programa.,26,175,1.349
Guilherme Boulos,@GuilhermeBoulos,https://twitter.com/GuilhermeBoulos/status/1656016879138349062,2023-05-09T19:22:45.000Z,"MEDO DE PERDER DINHEIRO. O Telegram mandou mensagem para todos os seus usuários dizendo que a regulamentação das big techs ""matará a internet"". É para impedir a prática desse tipo de ABUSO que precisamos aprovar o PL das Fake News!",606,875,5.638
Guilherme Boulos,@GuilhermeBoulos,https://twitter.com/GuilhermeBoulos/status/1655996699771273217,2023-05-09T18:02:34.000Z,"🚨 Governo de São Paulo ameaça fechar mais de 300 salas de aula!!!

Atacar a Educação é uma prioridade do Bolsonarismo, e Tarcísio não foge à regra. Nosso mandato está ao lado da comunidade escolar contra esse ataque ao ensino público estaudal.",79,292,1.593
Guilherme Boulos,@GuilhermeBoulos,https://twitter.com/GuilhermeBoulos/status/1655973613474906112,2023-05-09T16:30:50.000Z,Flávio Dino foi aprovado em 1º lugar para juiz federal. Moro não. Entenda em menos de dois minutos o porquê.,2.189,7.942,"50,6 mil"
Guilherme Boulos,@GuilhermeBoulos,https://twitter.com/GuilhermeBoulos/status/1655949926470418432,2023-05-09T14:56:43.000Z,Que dia triste! Hoje também perdemos Rita Lee. A música e a rebeldia da nossa rainha do rock marcaram gerações inteiras. Viva Rita!,76,452,9.510
Guilherme Boulos,@GuilhermeBoulos,https://twitter.com/GuilhermeBoulos/status/1655926712230895618,2023-05-09T13:24:28.000Z,"CARA DE PAU! Para privatizar a Eletrobras, Bolsonaro diminuiu o  poder de voto do governo na companhia a 10% - mesmo tendo 43% das ações. Ontem o governo Lula entrou com Ação Direta de Inconstitucionalidade para reverter esse ABSURDO e retomar o controle da companhia. Pra cima!",593,942,5.160
Guilherme Boulos,@GuilhermeBoulos,https://twitter.com/GuilhermeBoulos/status/1655915090242068484,2023-05-09T12:38:17.000Z,"David Miranda foi um parlamentar combativo, que ajudou a ecoar pelo Brasil a causa LGBT. Fará muita falta. Vá em paz, David. Meus sentimentos ao Glenn, aos filhos e toda a família.",78,518,9.107
Guilherme Boulos,@GuilhermeBoulos,https://twitter.com/GuilhermeBoulos/status/1655742767211921409,2023-05-09T01:13:32.000Z,"MAIS RECURSOS PARA O SUS EM SP! Hoje visitamos a Santa Casa de SP para formalizar a destinação de R$1,5 milhão em emendas, em parceria com o @senadorgiordano. O recurso será destinado para reforma do ambulatório. O trabalho não para!",40,116,940
Guilherme Boulos,@GuilhermeBoulos,https://twitter.com/GuilhermeBoulos/status/1655694051864092674,2023-05-08T21:59:57.000Z,"Entre a correria das agendas aqui em São Paulo, tive a honra de falar às educadoras e professoras numa audiência da Comissão de Educação. Obrigado a minha colega, deputada @_lucavalcante, pelo convite!",30,64,521
Guilherme Boulos,@GuilhermeBoulos,https://twitter.com/GuilhermeBoulos/status/1655671923110453254,2023-05-08T20:32:02.000Z,"MAIS PROVAS DO GOLPE! Mensagem de Elcio Franco, assessor especial de Braga Netto (vice de Bolsonaro): “Esse alto comando de m*rda que não quer fazer as p*, precisa convencer o comandante da Brigada de Operações Especiais a prender o Alexandre de Moraes."" Que sejam todos presos!",472,711,4.108
Guilherme Boulos,@GuilhermeBoulos,https://twitter.com/GuilhermeBoulos/status/1655656375286898699,2023-05-08T19:30:15.000Z,GOLPISMO DESCARADO! Mais um braço direito de Bolsonaro foi flagrado - em áudio! - armando uma tentativa de golpe de Estado. Os bolsonaristas só respeitam o voto quando é pro miliciano de estimação. Cadeia neles!,322,916,5.194
Guilherme Boulos,@GuilhermeBoulos,https://twitter.com/GuilhermeBoulos/status/1655640706159898625,2023-05-08T18:27:59.000Z,Isso é uma cidade bem cuidada na opinião da prefeitura!,49,108,594
Guilherme Boulos,@GuilhermeBoulos,https://twitter.com/GuilhermeBoulos/status/1655601998807416836,2023-05-08T15:54:10.000Z,"BRASIL SORRIDENTE: o programa que melhorou a saúde bucal de milhões de brasileiros desde o lançamento, em 2004, agora será integrado definitivamente ao SUS. Mais um passo importante do Governo para garantir saúde e dignidade aos mais vulneráveis em todo o país.",94,230,1.924
Guilherme Boulos,@GuilhermeBoulos,https://twitter.com/GuilhermeBoulos/status/1655581887501418500,2023-05-08T14:34:15.000Z,"""Tu é meu segundo irmão, né?""

A capivara do 'segundo irmão' do Bolsonaro é quase tão extensa quanto a do próprio. Não é qualquer um que entra para a familícia, afinal!",307,630,3.290
Guilherme Boulos,@GuilhermeBoulos,https://twitter.com/GuilhermeBoulos/status/1655345929694715913,2023-05-07T22:56:39.000Z,Bolsonaro vai ser preso? Assista o novo episódio de #CaféComBoulos no Youtube:,134,95,851
Guilherme Boulos,@GuilhermeBoulos,https://twitter.com/GuilhermeBoulos/status/1655333788585451520,2023-05-07T22:08:24.000Z,"Minha amiga @EdianeMariaMTST receberá a Medalha do Mérito Cívico Afro-Brasileiro, pela atuação contra o racismo e valorização da população preta na sociedade. Parabéns, Edi! Orgulho de te ver fazendo História!",51,82,952
Guilherme Boulos,@GuilhermeBoulos,https://twitter.com/GuilhermeBoulos/status/1655292218524008448,2023-05-07T19:23:13.000Z,"Nosso almoço de domingo na Cozinha Solidária foi virado à paulista com um torresminho espetacular!

Queremos aprovar o PL 491/23 para que as Cozinhas Solidárias possam matar a fome de muito mais gente com comida saudável e saborosa em todo o país.",181,247,2.756
Guilherme Boulos,@GuilhermeBoulos,https://twitter.com/GuilhermeBoulos/status/1655266926464057344,2023-05-07T17:42:43.000Z,"MAIS UMA COZINHA SOLIDÁRIA! Enquanto a Prefeitura de SP tenta impedir a distribuição de comida, inauguramos HOJE mais uma Cozinha Solidária, no Jardim São Luís (ZS). Agora é seguir o trabalho para esse projeto virar política pública, através do nosso PL 491/23.",341,822,5.195
Guilherme Boulos,@GuilhermeBoulos,https://twitter.com/GuilhermeBoulos/status/1655222200298008578,2023-05-07T14:44:59.000Z,"Mais uma vez o Carrefour!!!

Agora um casal negro foi agredido e humilhado acusado de furtar LEITE EM PÓ. Essas situações de racismo e criminalização da pobreza não podem mais ser 'casos isolados' que ficam por isso mesmo. Não dá mais!",1.058,827,6.158
Guilherme Boulos,@GuilhermeBoulos,https://twitter.com/GuilhermeBoulos/status/1654954186411212804,2023-05-06T21:00:00.000Z,"Nosso resumão da semana tem Bolsonaro a caminho da papuda, fake news sobre o PL das Fake News e participação especial da Amora!",416,364,2.312
Guilherme Boulos,@GuilhermeBoulos,https://twitter.com/GuilhermeBoulos/status/1654895914937376772,2023-05-06T17:08:27.000Z,"O novo Minha Casa, Minha Vida será mais que moradia! Trabalhamos em um programa moderno e sustentável, que seja referência para mais políticas de direito à cidade. (1/8)",301,515,5.550
Guilherme Boulos,@GuilhermeBoulos,https://twitter.com/GuilhermeBoulos/status/1654866387154657282,2023-05-06T15:11:07.000Z,"Acredite se quiser: mulher de aliado de Bolsonaro preso essa semana recebe de pensão R$ 23 mil como ""viúva"" do sujeito que está respirando nesse momento dentro da cela. O bolsonarismo é uma legião de mafiosos!",1.234,1.166,7.400
Guilherme Boulos,@GuilhermeBoulos,https://twitter.com/GuilhermeBoulos/status/1654593621167857677,2023-05-05T21:07:14.000Z,"Ontem a GCM tentou impedir a distribuição de marmitas para pessoas em situação de rua na Praça da Sé. Hoje, fui com @pejulio e colegas parlamentares acompanhar a entrega das refeições.",164,416,2.683
Guilherme Boulos,@GuilhermeBoulos,https://twitter.com/GuilhermeBoulos/status/1654580986645020672,2023-05-05T20:17:02.000Z,Hoje estamos em São Paulo acompanhando de perto o tratamento dado pela prefeitura às pessoas em situação de rua e a quem lhes presta solidariedade.,372,638,4.160
Guilherme Boulos,@GuilhermeBoulos,https://twitter.com/GuilhermeBoulos/status/1654513127302524928,2023-05-05T15:47:23.000Z,"Graças à ciência, à VACINA e aos profissionais de saúde a Covid não é mais uma emergência global! Não esqueceremos que mais de 700 mil brasileiros morreram vítimas do vírus e de um projeto político extremista.",366,363,3.495
Guilherme Boulos,@GuilhermeBoulos,https://twitter.com/GuilhermeBoulos/status/1654486983731822603,2023-05-05T14:03:30.000Z,"Conheça o caso do bandido que causou a morte de milhares de pessoas por não comprar vacinas a tempo, coordenou uma tentativa de golpe de Estado e, por fim, falsificou a própria carteira de vacinação para fugir para os EUA. #LinhaDireta",783,602,4.499
Guilherme Boulos,@GuilhermeBoulos,https://twitter.com/GuilhermeBoulos/status/1654449747661340674,2023-05-05T11:35:32.000Z,Coordenarei hoje uma diligência oficial da Comissão de Desenvolvimento Urbano da Câmara dos Deputados nos equipamentos para a população em situação de rua de São Paulo. Acolhimento com humanidade é dever do poder público!,68,121,1.281
Guilherme Boulos,@GuilhermeBoulos,https://twitter.com/GuilhermeBoulos/status/1654255586123345922,2023-05-04T22:44:00.000Z,AGORA! Mais uma derrota para o bolsonarismo: STF acaba de formar maioria para derrubar o indulto presidencial absurdo concedido por Bolsonaro ao criminoso Daniel Silveira.,954,387,5.499
Guilherme Boulos,@GuilhermeBoulos,https://twitter.com/GuilhermeBoulos/status/1654243692230631426,2023-05-04T21:56:45.000Z,"VERGONHOSO! Prefeito de São Paulo tentou impedir a distribuição de alimentos  pela Cozinha Solidária do MTST na Praça da Sé. Além de não ter política pública para os sem-teto, quer deixar as pessoas com fome.",351,1.972,9.115
Guilherme Boulos,@GuilhermeBoulos,https://twitter.com/GuilhermeBoulos/status/1654222581971709952,2023-05-04T20:32:52.000Z,"O passo-a-passo do GOLPE arquitetado na antessala do gabinete de Bolsonaro!!! 

Esse vídeo precisa chegar a todos os brasileiros que ainda duvidam que Bolsonaro queria dar um golpe.",366,1.572,5.629
Guilherme Boulos,@GuilhermeBoulos,https://twitter.com/GuilhermeBoulos/status/1654218511781097474,2023-05-04T20:16:41.000Z,"MAIS UMA PROVA DO GOLPE:
Msg para ajudante de ordens do Bolsonaro: “Tem que ser dada a missão ao comandante de prender o Alexandre de Moraes "" 

“com decretos de Lei e Ordem, botar as Forças Armadas chefiadas por Bolsonaro pra agir”.
BOLSONARO NA CADEIA JÁ!",187,589,2.998
Guilherme Boulos,@GuilhermeBoulos,https://twitter.com/GuilhermeBoulos/status/1654167884468199424,2023-05-04T16:55:31.000Z,"VITÓRIA! A Câmara aprovou agora o PL 1085, proposto pelo Governo Lula, que determina a igualdade salarial entre homens e mulheres para as mesmas funções. Basta de discriminação machista!",198,419,4.431
Guilherme Boulos,@GuilhermeBoulos,https://twitter.com/GuilhermeBoulos/status/1654146752910606336,2023-05-04T15:31:33.000Z,"Audiência Pública sobre o novo Minha Casa, Minha Vida. Pra nós, a participação popular é inegociável!",38,213,1.572
Guilherme Boulos,@GuilhermeBoulos,https://twitter.com/GuilhermeBoulos/status/1653880248872869889,2023-05-03T21:52:33.000Z,Bolsonaro foi pego e os bolsonaristas da Câmara ficaram pianinhos. Boa noite!,1.060,2.007,"13,6 mil"
Guilherme Boulos,@GuilhermeBoulos,https://twitter.com/GuilhermeBoulos/status/1653875821726113792,2023-05-03T21:34:58.000Z,"Na dúvida, escute o Zé Gotinha para não precisar acabar na cadeia por falsificar carteira de vacinação.",585,817,8.502
Guilherme Boulos,@GuilhermeBoulos,https://twitter.com/GuilhermeBoulos/status/1653874308341551104,2023-05-03T21:28:57.000Z,Aliado de Bolsonaro diz para ajudante de ordens de Bolsonaro que sabe quem mandou matar Marielle. Você acredita em coincidências?,203,805,4.976
Guilherme Boulos,@GuilhermeBoulos,https://twitter.com/GuilhermeBoulos/status/1653813640028467224,2023-05-03T17:27:52.000Z,Deu ruim para a quadrilha de falsificação de carteirinha de vacinação!,1.322,2.850,"17,6 mil"
Guilherme Boulos,@GuilhermeBoulos,https://twitter.com/GuilhermeBoulos/status/1653783683277414400,2023-05-03T15:28:50.000Z,"""Não houve fraude da minha parte"". 

Ok! Então agora a PF vai descobrir quem deu a ordem para o ajudante de ordens do Bolsonaro falsificar o cartão do Bolsonaro.",613,620,5.941
Guilherme Boulos,@GuilhermeBoulos,https://twitter.com/GuilhermeBoulos/status/1653761593253982210,2023-05-03T14:01:03.000Z,Grande dia 👍,899,3.311,"27,8 mil"
Guilherme Boulos,@GuilhermeBoulos,https://twitter.com/GuilhermeBoulos/status/1653759821970063360,2023-05-03T13:54:01.000Z,Hoje o dia promete! Vamos pra cima!,655,740,7.963
Guilherme Boulos,@GuilhermeBoulos,https://twitter.com/GuilhermeBoulos/status/1653743085363527686,2023-05-03T12:47:31.000Z,Os municípios não podem continuar ignorando o piso do magistério. É para combater isso que estamos trabalhando numa proposta da deputada @_lucavalcante que pune quem burla o pagamento dos professores conforme a lei.,68,194,1.084
Guilherme Boulos,@GuilhermeBoulos,https://twitter.com/GuilhermeBoulos/status/1653714166551658497,2023-05-03T10:52:36.000Z,AGORA! Polícia Federal faz busca e apreensão na casa de Jair Bolsonaro. É questão de tempo para o golpista responder por seus crimes na cadeia!,608,796,8.321
Guilherme Boulos,@GuilhermeBoulos,https://twitter.com/GuilhermeBoulos/status/1653707814122971136,2023-05-03T10:27:21.000Z,URGENTE! Ajudante de ordens de Bolsonaro acabou de ser preso em operação da PF acusado de participar de quadrilha de falsificação de vacinação (!!!). O Brasil era governado por um grupo de gângsters estilo Hollywood!,1.136,818,6.246
Guilherme Boulos,@GuilhermeBoulos,https://twitter.com/GuilhermeBoulos/status/1653522511835930624,2023-05-02T22:11:02.000Z,Sobre o PL das Fake News: É vergonhoso o abuso das corporações!,946,890,6.161
Guilherme Boulos,@GuilhermeBoulos,https://twitter.com/GuilhermeBoulos/status/1653465844876230661,2023-05-02T18:25:51.000Z,"4 anos do miliciano: desvalorização do salário mínimo de 1,2%.

4 meses de Lula: valorização de 6,1%.

O povo brasileiro não fez o L à toa.",1.314,854,6.402
Guilherme Boulos,@GuilhermeBoulos,https://twitter.com/GuilhermeBoulos/status/1653393306720559105,2023-05-02T13:37:37.000Z,"93% dos brasileiros não consideram a internet segura para crianças e adolescentes, segundo pesquisa da @Avaaz. Não vamos permitir que os interesses das big techs e da extrema direita criminosa valham mais que a segurança dos nossos filhos. 

foto: Metrópoles",1.985,972,4.686
Guilherme Boulos,@GuilhermeBoulos,https://twitter.com/GuilhermeBoulos/status/1653160276655480836,2023-05-01T22:11:38.000Z,"Essa é a ""liberdade de expressão"" do Vale do Silício.",843,1.748,9.140
Guilherme Boulos,@GuilhermeBoulos,https://twitter.com/GuilhermeBoulos/status/1653096544160079881,2023-05-01T17:58:23.000Z,"Primeiro de Maio histórico! 
Em 4 meses de Governo Lula:✅ Aumento real do salário mínimo ✅ Piso salarial da Enfermagem✅ Aumento de 9% aos servidores✅ PL de Igualdade Salarial ente homens e mulheres✅ GT para regulamentar trabalho por App

E é só o começo!",2.306,927,4.816
Guilherme Boulos,@GuilhermeBoulos,https://twitter.com/GuilhermeBoulos/status/1653085323662966798,2023-05-01T17:13:48.000Z,O problema dessa cultura de ódio e violência na internet é muito mais profundo do que os pais podem imaginar. Nós estamos trabalhando pela regulamentação das plataformas digitais acima de tudo para proteger nossas crianças e adolescentes.,324,413,2.063
