nome,usuario,idTweet,dataPublicacao,texto,replies,retweets,likes
Ismael Alexandrino,@IsmAlexandrino,https://twitter.com/IsmAlexandrino/status/1663583940525924353,2023-05-30T16:31:33.000Z,"Estive agora no gabinete da senadora Zenaide, relatora da Medida Provisória do Mais Médicos. Reforcei a questão do Revalida e a importância disso estar presente na nova MP. Estamos dialogando para que essa comprovação de habilitação seja obrigatória.",0,0,1
Ismael Alexandrino,@IsmAlexandrino,https://twitter.com/IsmAlexandrino/status/1661725047000797185,2023-05-25T13:24:59.000Z,"Logo mais, às 11h, estarei participando do Congresso Brasileiro de Gestão em Saúde, que está acontecendo aqui em São Paulo. Iremos debater sobre a saúde brasileira e a sua sustentabilidade.",1,0,2
Ismael Alexandrino,@IsmAlexandrino,https://twitter.com/IsmAlexandrino/status/1661459157621276676,2023-05-24T19:48:26.000Z,"Descentralizar a oferta de profissionais médicos é fundamental. No entanto, é necessário que isso seja feito com responsabilidade e segurança para a  população. Assim, exigir o “REVALIDA” é condição básica.",1,0,3
Ismael Alexandrino,@IsmAlexandrino,https://twitter.com/IsmAlexandrino/status/1660452098440409093,2023-05-22T01:06:44.000Z,"O esporte é união, é esperança, é uma peça chave pra sociedade, mas nunca, em hipótese alguma o esporte abre espaço pra violência, física ou verbal, racismo ou preconceito. O que aconteceu hoje com o jogador Vinícius Júnior é inaceitável. 🚫",0,0,3
Ismael Alexandrino,@IsmAlexandrino,https://twitter.com/IsmAlexandrino/status/1659335824276615170,2023-05-18T23:11:04.000Z,"Hoje, no dia de combate ao abuso sexual de crianças e adolescentes, um dado alarmante segundo o Ministério da Saúde: foram mais de 35 mil notificações de casos em 2021.",1,0,0
Ismael Alexandrino,@IsmAlexandrino,https://twitter.com/IsmAlexandrino/status/1659139650328440833,2023-05-18T10:11:32.000Z,✅APROVADO Demos um passo importante na assistência às pessoas com Transtorno do Espectro Autista (TEA). Aprovamos o projeto que garante atendimento nos centros especializados de reabilitação existentes na Rede de Cuidados à Pessoa com Deficiência (RCPD). #PL363021 #autismo,1,0,0
Ismael Alexandrino,@IsmAlexandrino,https://twitter.com/IsmAlexandrino/status/1658519189307392012,2023-05-16T17:06:03.000Z,Estamos à disposição para que juntos possamos contribuir para o crescimento e fortalecimento do  PSD Goiás. Contem com o nosso #diálogo e #trabalho.https://diariodegoias.com.br/vanderlan-cardoso-esquiva-sobre-candidatura-nas-eleicoes-de-2024/295307/…@diariodegoias,0,0,3
Ismael Alexandrino,@IsmAlexandrino,https://twitter.com/IsmAlexandrino/status/1657099801748717569,2023-05-12T19:05:54.000Z,Sancionada a lei do novo piso nacional da enfermagem no Brasil. Esse é um marco importante para a saúde do nosso país. Um avanço rumo à valorização adequada desses profissionais. Feliz Dia da Enfermagem! 👏🏼🙏🏼,0,0,3
Ismael Alexandrino,@IsmAlexandrino,https://twitter.com/IsmAlexandrino/status/1655946298586177539,2023-05-09T14:42:18.000Z,"Nossa terça-feira amanheceu triste. Perdemos a rainha do rock, Rita Lee, que deixa um legado enorme na musica, cultura e arte. Nos presenteou durante 75 anos com boas canções, como Amor e Sexo, além de quebrar importantes paradigmas. Descanse em paz! 🙏🏼",0,0,1
Ismael Alexandrino,@IsmAlexandrino,https://twitter.com/IsmAlexandrino/status/1655553710699732997,2023-05-08T12:42:17.000Z,"Recentemente fomos informados sobre o fim do estado de emergência da Covid-19. Porém, reafirmando a declaração do Ministério da Saúde, a vacinação precisa ser intensificada. Amigas e amigos, vamos continuar em defesa da vida!",0,0,1
Ismael Alexandrino,@IsmAlexandrino,https://twitter.com/IsmAlexandrino/status/1654270469162295299,2023-05-04T23:43:09.000Z,"Começou. Participo neste momento do programa Expressão Política, na TV Capital. Acompanhe",1,0,1
Ismael Alexandrino,@IsmAlexandrino,https://twitter.com/IsmAlexandrino/status/1653894939120484353,2023-05-03T22:50:56.000Z,"Na tarde de hoje, fui escolhido presidente da Subcomissão do #TiroEsportivo , dentro da #ComissãodeEsportes da @camaradeputados  .  Com diálogo maduro, vamos propor e estabelecer políticas públicas que garantam a estruturação deste desporto, seja amador ou profissional.",2,0,3
