nome,usuario,idTweet,dataPublicacao,texto,replies,retweets,likes
Leônidas Cristino,@joseleonidas,https://twitter.com/joseleonidas/status/1660723660544417828,2023-05-22T19:05:50.000Z,"É inaceitável mais um caso de racismo sofrido pelo jogador brasileiro Vinícius Jr na Espanha. É preciso que os responsáveis sejam identificados e punidos, e que as autoridades se posicionem efetivamente. Racismo é crime! Força, @vinijr!",0,2,4
Leônidas Cristino,@joseleonidas,https://twitter.com/joseleonidas/status/1657770648905678853,2023-05-14T15:31:37.000Z,"Nossa solidariedade aos familiares, amigos e profissionais da Segurança Pública do Ceará, devastados pela grave ocorrência na madrugada deste domingo, em que quatro policiais civis foram mortos por um colega, na Delegacia da querida cidade de Camocim.",1,1,6
Leônidas Cristino,@joseleonidas,https://twitter.com/joseleonidas/status/1655996726317023241,2023-05-09T18:02:41.000Z,"Parabéns pelo dia dos seus anos, Izolda, muita paz, alegria e saúde plena. Feliz aniversário e mais sucesso.",1,1,4
Leônidas Cristino,@joseleonidas,https://twitter.com/joseleonidas/status/1655956468015988737,2023-05-09T15:22:42.000Z,"Triste com o falecimento do ex-deputado federal David Miranda. Jovem defensor da democracia e do Brasil. Meus sentidos pêsames ao Glenn, seus filhos e familiares.",1,1,3
Leônidas Cristino,@joseleonidas,https://twitter.com/joseleonidas/status/1655951645975388163,2023-05-09T15:03:33.000Z,"Hoje perdemos Rita Lee, ícone do rock brasileiro, que embalou toda a nossa juventude com alegria e letras marcantes. Descanse! Meus sentimentos aos familiares e aos milhares de fãs. 🥀🤍",0,1,2
Leônidas Cristino,@joseleonidas,https://twitter.com/joseleonidas/status/1653955925156216832,2023-05-04T02:53:16.000Z,Ceará o Rei do Nordeste!,1,1,4
Leônidas Cristino,@joseleonidas,https://twitter.com/joseleonidas/status/1653081890646114331,2023-05-01T17:00:10.000Z,"#DiaDoTrabalhador | Nosso mandato se orgulha de ser 100% a favor do trabalhador nas matérias trabalhistas na Câmara Federal. ✅Parabenizo a todos os trabalhadores que cumprem suas funções com força, coragem e dedicação. ✊🏻",12,1,5
