nome,usuario,idTweet,dataPublicacao,texto,replies,retweets,likes
Juliana Cardoso,@julianapt,https://twitter.com/julianapt/status/1663538067150639105,2023-05-30T13:29:16.000Z,"Polícia do governo Tarcisio reprime com truculência protesto dos Guaranis na Rodovia Bandeirantes, no estado de São Paulo. Com governador bolsonarista não há diálogo.#PL490Não",3,13,33
Juliana Cardoso,@julianapt,https://twitter.com/julianapt/status/1663528714489962497,2023-05-30T12:52:07.000Z,"Estamos protestando pelo Brasil afora contra o PL490/17 do Marco Temporal, previsto para ser votado hoje na Câmara dos Deputados. Além de colocar em risco as TIs, inclusive as já demarcadas, o PL permite atividades predatórias como garimpos. #PL490Não ✊🏽",1,26,69
Juliana Cardoso,@julianapt,https://twitter.com/julianapt/status/1662909347192623106,2023-05-28T19:50:58.000Z,"Todo nosso apoio a UNE e Centrais Sindicais para governador vetar homenagem a Erasmo Dias
O coronel comandava a violenta repressão das manifestações nas ruas contra a ditadura.",0,3,19
Juliana Cardoso,@julianapt,https://twitter.com/julianapt/status/1662470932126941189,2023-05-27T14:48:52.000Z,"🎉🎭🎶 Prepare-se para a #ViradaCultural! 🌆✨ 
Cultura, arte, música e diversão estão prestes a tomar conta da cidade! 

Hoje, a partir das 18h começa a  programação em diversos pontos da cidade, confira:",0,1,12
Juliana Cardoso,@julianapt,https://twitter.com/julianapt/status/1662448679385530377,2023-05-27T13:20:26.000Z,"Como se não bastasse a data de 1988, o PL do Marco Temporal vai afetar também as terras já demarcadas. É o fim do reconhecimento das TIs.",1,6,19
Juliana Cardoso,@julianapt,https://twitter.com/julianapt/status/1662129089279303680,2023-05-26T16:10:30.000Z,"Redução dos preços dos carros ajuda a alavancar a economia, gerando mais empregos. E uma boa novidade. Quanto menos o veiculo poluir maior o desconto no preço.",0,2,6
Juliana Cardoso,@julianapt,https://twitter.com/julianapt/status/1662087953923883008,2023-05-26T13:27:02.000Z,"É o cúmulo do absurdo. Como alguém pode ser condenado se o juiz acreditava na sua inocência? Tivemos até
""condenação sem provas, mas porque a literatura jurídica a permitia""",1,5,12
Juliana Cardoso,@julianapt,https://twitter.com/julianapt/status/1661775918266761218,2023-05-25T16:47:07.000Z,A expectativa é que o Senado restitua as competências do MMA e MPI retiradas pela relatoria da Câmara na Medida Provisória. Atuaremos para isso no plenário da Câmara. Minha solidariedade às ministras Marina e Sônia.,0,4,19
Juliana Cardoso,@julianapt,https://twitter.com/julianapt/status/1661704562841985025,2023-05-25T12:03:35.000Z,Aprovação de urgência do PL 490 do Marco Temporal é um enorme retrocesso nos direitos dos indígenas as suas terras. Só com grande mobilização poderemos impedir essa barbárie.,0,5,10
Juliana Cardoso,@julianapt,https://twitter.com/julianapt/status/1661538532979101697,2023-05-25T01:03:50.000Z,"Se aprovado o PL do Marco Temporal serão reconhecidas as terras para demarcação somente até 1988, data da Constituição. 

A boiada do latifúndio está passando na Câmara sob a batuta de Arthur Lira.",0,24,37
Juliana Cardoso,@julianapt,https://twitter.com/julianapt/status/1661505460766138369,2023-05-24T22:52:25.000Z,"Removido pelo Google após denúncias de brasileiros, o jogo que estimula a escravidão demonstra a urgência da regulação das plataformas digitais. 
É inaceitável que, em pleno século 21, haja esse tipo de entretenimento bárbaro e desumano disponível nas redes.",0,3,14
Juliana Cardoso,@julianapt,https://twitter.com/julianapt/status/1661416985886949376,2023-05-24T17:00:51.000Z,"O @MST_Oficial, por meio das famílias assentadas, já plantou mais de 4 milhões de árvores pelo Brasil, no âmbito do Plano Nacional Plantar Árvores, Produzir Alimentos Saudáveis. #ToComMST",0,3,17
Juliana Cardoso,@julianapt,https://twitter.com/julianapt/status/1661389336145739778,2023-05-24T15:10:59.000Z,É para se indignar. Relator da MP sobre nova estrutura do governo Lula retira do MPI sua principal função: demarcar terras indígenas. Vamos a luta para reverter essa medida.,0,5,21
Juliana Cardoso,@julianapt,https://twitter.com/julianapt/status/1661358960199213057,2023-05-24T13:10:17.000Z,"🚩 Carteira Meu INSS+ dos aposentados e beneficiários traz uma série de descontos em farmácias, shows, serviços etc.. O cartão virtual está disponível no aplicativo Meu INSS. Bora acessar!",0,0,2
Juliana Cardoso,@julianapt,https://twitter.com/julianapt/status/1661039889297596417,2023-05-23T16:02:24.000Z,A Reforma Agrária tem contribuído para a ampliação da Agricultura Familiar e para a garantia de alimentos na mesa dos brasileiros 🌟  #TôComMST,0,2,2
Juliana Cardoso,@julianapt,https://twitter.com/julianapt/status/1660982719071891457,2023-05-23T12:15:14.000Z,"Para além do repúdio, governo Lula não perdeu tempo e cobrou ações imediatas das autoridades espanholas para punir os atos de racismo contra Vinicius Júnior.",0,4,5
Juliana Cardoso,@julianapt,https://twitter.com/julianapt/status/1660799400908582913,2023-05-23T00:06:47.000Z,Grande notícia 🌟 Governo Lula anuncia a contratação de quase 6 mil médicos para o SUS. Aos que aceitarem ir a locais mais remotos serão concedidos bônus. Até o fim do ano serão 28 mil médicos.,1,35,162
Juliana Cardoso,@julianapt,https://twitter.com/julianapt/status/1660637337376653318,2023-05-22T13:22:49.000Z,É muita coincidência e merece investigação. Estudo revela mais ocorrências de incêndios em áreas da cidade de São Paulo mais valorizadas.,0,7,16
Juliana Cardoso,@julianapt,https://twitter.com/julianapt/status/1660410992860200961,2023-05-21T22:23:24.000Z,Mais do que desrespeitoso é inaceitável. Vinicius Junior é novamente vítima de racismo de torcedores espanhóis. E a Liga se cala. Toda minha solidariedade ao Vinicius.,0,2,6
Juliana Cardoso,@julianapt,https://twitter.com/julianapt/status/1660294834408640513,2023-05-21T14:41:49.000Z,"Saúdo a todas, todos e todes participantes do Congresso da CMP da cidade de SP. Os movimentos populares são a expressão das lutas para conseguir avanços e para fazer valer os direitos sociais do povo brasileiro. Só a luta muda a vida!",0,5,18
Juliana Cardoso,@julianapt,https://twitter.com/julianapt/status/1660270375471656960,2023-05-21T13:04:38.000Z,Governo Lula continua a criar as condições para a retomada do crescimento econômico. Carros com preços populares fazem parte do plano. Para isso que fizemos o L 🌟,1,5,11
Juliana Cardoso,@julianapt,https://twitter.com/julianapt/status/1659984392482177030,2023-05-20T18:08:14.000Z,"Nessa briga com Bolsonaro até que Paulo Guedes tem razão: ""Não dá para agradar o pobre sem desagradar o rico"". Adivinha de qual lado o governo Lula está?",2,10,42
Juliana Cardoso,@julianapt,https://twitter.com/julianapt/status/1659931051601412097,2023-05-20T14:36:17.000Z,Forte indicio de uso da máquina e crime eleitoral. Ou Bolsonaro vai alegar que não sabia de nada como a fraude na carteira de vacinação?,0,1,5
Juliana Cardoso,@julianapt,https://twitter.com/julianapt/status/1659649092270563347,2023-05-19T19:55:53.000Z,Bora lá? 🌟#ToComMST,0,6,7
Juliana Cardoso,@julianapt,https://twitter.com/julianapt/status/1659600293804269573,2023-05-19T16:41:58.000Z,"Com nova politica externa do governo Lula, Brasil ganha protagonismo mundial. OMS deve aprovar projeto brasileiro de criação de plano mundial de saúde indigena. Para isso fizemos o L 🌟",1,2,6
Juliana Cardoso,@julianapt,https://twitter.com/julianapt/status/1659330206706851845,2023-05-18T22:48:44.000Z,"Nossas crianças merecem uma infância livre de qualquer tipo de violência.
Elas precisam ser ouvidas, respeitadas e protegidas. É nosso dever agir e denunciar qualquer forma de abuso ou exploração sexual infantil.#DigaNãoAoAbusoInfantil #JuntosPelaProteçãoInfantil",0,2,8
Juliana Cardoso,@julianapt,https://twitter.com/julianapt/status/1659180236246859778,2023-05-18T12:52:49.000Z,"Grave denúncia é revelada. Além do caos social, a vitória do antecessor levaria Lula à prisão sem nenhuma razão. O plano seria instaurar ditadura no Brasil.",0,5,17
Juliana Cardoso,@julianapt,https://twitter.com/julianapt/status/1658912548844970027,2023-05-17T19:09:07.000Z,"Que ironia do destino! Dallagnol, o ex-procurador da Lava Jato, sempre tão cioso e paladino da justiça foi cassado pelo TSE com base na Lei da Ficha Limpa. Mais um que não andou nas quatro linhas e tentou burlar a justiça.",0,1,5
Juliana Cardoso,@julianapt,https://twitter.com/julianapt/status/1658889578055442437,2023-05-17T17:37:50.000Z,"🌟Em 137 dias com Lula na presidência o povo brasileiro tem motivos para se orgulhar. Várias medidas resgatam os direitos sociais e políticas públicas, além do País estar no rumo do desenvolvimento econômico, mas com distribuição de renda. Foi para isso que fizemos o L! 🦋❤️",0,4,9
Juliana Cardoso,@julianapt,https://twitter.com/julianapt/status/1658815104421445633,2023-05-17T12:41:54.000Z,Bolsonaro já responde  por quase 600 processos judiciais com acusações das mais diversas ilegalidades. Não andou nas 4 linhas. Será que vai constar como recordista no Guiness Book?,1,6,26
Juliana Cardoso,@julianapt,https://twitter.com/julianapt/status/1658591400424886276,2023-05-16T21:52:59.000Z,"Em depoimento hoje à PF sobre apuração de fraudes na carteira de vacinação contra a Covid-19, Bolsonaro disse que nada sabe. A culpa é do mordomo, ou melhor, do seu ex-ajudante de ordens coronel Mauro Cid. Este será ouvido pela PF dia 17.",0,1,5
Juliana Cardoso,@julianapt,https://twitter.com/julianapt/status/1658521653880422418,2023-05-16T17:15:50.000Z,"FIZ O L GRANDÃO! ❤️🌟 

Parabéns, presidente @LulaOficial!@jeanpaulprates @ptbrasil",0,5,23
Juliana Cardoso,@julianapt,https://twitter.com/julianapt/status/1658476465196011522,2023-05-16T14:16:16.000Z,"Os preços dos combustíveis agora passam a ser abrasileirados em vez de dolarizados conforme cotação internacional do petróleo. Com isso, Lula cumpre a promessa de buscar a redução dos preços .",1,3,15
Juliana Cardoso,@julianapt,https://twitter.com/julianapt/status/1658187929460563984,2023-05-15T19:09:44.000Z,"Minhas congratulações à União Brasileira dos Compositores pelos seus 80 anos de lutas em defesa dos compositores nacionais,  cujas obras nos trazem tantos momentos de reflexões e de alegrias. 🦋✨",0,2,6
Juliana Cardoso,@julianapt,https://twitter.com/julianapt/status/1658158114091466753,2023-05-15T17:11:16.000Z,"Presidente do BC Campos Neto quer justificar o injustificável. Aliás, manter os juros altos, o segundo maior do mundo, só engorda ao sistema financeiro e impede crescimento do País.",0,0,6
Juliana Cardoso,@julianapt,https://twitter.com/julianapt/status/1658137148795568128,2023-05-15T15:47:57.000Z,"Enquanto a Rede Globo martela que o Agro é Pop, é o MST quem dá exemplos de civilidade na sua Feira Nacional da Reforma Agrária com números impressionantes e imensa tonelada de doações. Produção orgânica do MST, sem venenos no cultivo, contribui para a saúde dos brasileiros.",0,9,23
Juliana Cardoso,@julianapt,https://twitter.com/julianapt/status/1658107779406610434,2023-05-15T13:51:15.000Z,"Absurdo!
Cacique Lucio Tembe, da Aldeia Ture Mariquita de Tomé Acu foi alvejado por tiros e está hospitalizado em estado grave. É preciso apurar e prender os criminosos com urgência.",0,4,14
Juliana Cardoso,@julianapt,https://twitter.com/julianapt/status/1657485426737676288,2023-05-13T20:38:14.000Z,"A escravidão foi oficialmente abolida no Brasil em 13 de maio de 1888, mas até hoje a população negra sofre com a violência policial, o acesso desigual à educação e de oportunidades, além de baixa representatividade nos espaços. É fundamental lutar por uma sociedade igualitária.",0,7,15
Juliana Cardoso,@julianapt,https://twitter.com/julianapt/status/1657014746183356424,2023-05-12T13:27:55.000Z,"Luta histórica contra a concentração de terras nas mãos de poucos, a reforma agrária é mostrada como função social na Feira Nacional do MST. Contra as terras improdutivas.",0,7,24
Juliana Cardoso,@julianapt,https://twitter.com/julianapt/status/1656423899393847298,2023-05-10T22:20:07.000Z,"ABSURDO! Não aceitam uma mulher forte em posição de decisão e poder.

Toda minha solidariedade a @dudahidalgo13  vereadora do PT Ribeirão Preto, que junto a seus pais, está sofrendo ameaças de morte. Se cuide companheira, redobre os cuidados e confie na justiça. Siga firme!",2,24,89
Juliana Cardoso,@julianapt,https://twitter.com/julianapt/status/1656115576979222535,2023-05-10T01:54:57.000Z,"""Quero e estou pronta, diz deputada petista sobre ser vice de Boulos em SP""",2,12,49
Juliana Cardoso,@julianapt,https://twitter.com/julianapt/status/1656072748580388867,2023-05-09T23:04:46.000Z,Telegram faz campanha descarada contra o PL 2630. Além da plataforma  afirmar que o PL  é contra a liberdade de expressão direciona o internauta a pressionar os deputados.,0,2,14
Juliana Cardoso,@julianapt,https://twitter.com/julianapt/status/1655992067384803332,2023-05-09T17:44:10.000Z,"Sempre moderna, Rita Lee foi referência de criatividade e independência feminina durante os quase 60 anos de carreira. O título de “rainha do rock brasileiro” veio naturalmente, mas ela achava “cafona” preferia ser chamada de “padroeira da liberdade”.

Rita Lee, PRESENTE!",0,2,6
Juliana Cardoso,@julianapt,https://twitter.com/julianapt/status/1655955350493999105,2023-05-09T15:18:16.000Z,"A política brasileira perde David Miranda, ex-deputado federal e 1º vereador LGBT do RJ. Aos familiares e ao jornalista Greenwald nossa solidariedade. Combativo, David Miranda nos serve de inspiração para a luta por um Brasil sem injustiças.
DAVID MIRANDA PRESENTE!",0,1,6
Juliana Cardoso,@julianapt,https://twitter.com/julianapt/status/1655547618452283396,2023-05-08T12:18:05.000Z,"Não podemos esquecer! Precisamos preservar a memória do que aconteceu (negação da ciência e mais de 700 mil obitos da Covid-19) para preservar futuro digno. Esse é um dos destaques da fala de ontem da ministra da Saúde, Nisia Trindade.",0,2,11
Juliana Cardoso,@julianapt,https://twitter.com/julianapt/status/1655308784409952258,2023-05-07T20:29:03.000Z,"Após fala desatrosa pelo fim das cotas de 30% às mulheres na política, a ex-primeira dama voltou atrás. Já suas aliadas na Câmara Federal não tiveram dúvidas e votaram contra a equiparação salarial das mulheres com os homens.",0,1,9
Juliana Cardoso,@julianapt,https://twitter.com/julianapt/status/1655293927392518145,2023-05-07T19:30:00.000Z,"Absurdo e com cheiro de ilegal.PRF conseguiu ter em mãos dados de 80 milhões de motoristas de brasileiros. Caso é parecido com o da Argentina que se configurou como ""espionagem ilegal"".",0,27,30
Juliana Cardoso,@julianapt,https://twitter.com/julianapt/status/1654905723849932800,2023-05-06T17:47:25.000Z,"Com protestos de antimonarquistas Charles 3º é coroado rei. Já no Brasil, o príncipe herdeiro e deputado federal é contra a fiscalização dos trabalhos análogos a escravidão pelo Ministério Público e líder da bancada escravocrata.",0,2,10
Juliana Cardoso,@julianapt,https://twitter.com/julianapt/status/1654832186204274689,2023-05-06T12:55:13.000Z,"Apesar de ter 43% das ações da Eletrobras, governo federal só tem voz de 10%. Esse absurdo precisa ser revertido. Eletrobras é patrimônio do povo!",22,282,828
Juliana Cardoso,@julianapt,https://twitter.com/julianapt/status/1654545019049590784,2023-05-05T17:54:07.000Z,Com o fim da emergência de saúde global declarada pela OMS nota-se que o Brasil registrou 10% dos óbitos do mundo. Quantas vidas poderiam ser salvas se não fosse o negacionismo do ex-mandatario?,3,4,31
Juliana Cardoso,@julianapt,https://twitter.com/julianapt/status/1654484084771418113,2023-05-05T13:51:59.000Z,"Todo meu apoio e solidariedade à vereadora @perlamullerrp (PT).

Absurdamente a Câmara de Ribeirão Preto quer cassar o mandato de uma mulher apenas por ela ter emitido uma opinião sobre Bolsonaro. Por que eles não respeitam a Constituição, a imunidade parlamentar e a democracia?",0,2,8
Juliana Cardoso,@julianapt,https://twitter.com/julianapt/status/1654244846842814464,2023-05-04T22:01:20.000Z,Ajudante de ordens do ex-mandatario revela tentativas de golpe após derrota nas urnas. Plano era anular eleição do Lula e prender ministros do STF. Prato cheio para CPI de 8/1.,0,3,8
Juliana Cardoso,@julianapt,https://twitter.com/julianapt/status/1654188291728580611,2023-05-04T18:16:36.000Z,"O PL 1085 não é um projeto apenas de punição a quem  faz discriminação salarial. Constam no PL medidas de incentivo a responsabilidade social das empresas, valor que será considerado em projetos de fomento e  créditos às empresas. #IgualdadeSalarialJá",0,3,8
Juliana Cardoso,@julianapt,https://twitter.com/julianapt/status/1654136249421053952,2023-05-04T14:49:48.000Z,"Marco da luta pela igualdade de gênero! Há exatos 90 anos mulheres brasileiras conquistaram o direito de votar e serem votadas. Há muito a avançar. Na Câmara Federal, mulheres são apenas 17%.",0,2,7
Juliana Cardoso,@julianapt,https://twitter.com/julianapt/status/1654105075587883008,2023-05-04T12:45:56.000Z,Um dos assessores de Bolsonaro presos por adulterar cartões de vacinação da Covid 19 trocou mensagens afirmando que sabe o mandante do assassinato de Marielle Franco. Essa é e pergunta sem resposta desde 2018.,4,4,64
Juliana Cardoso,@julianapt,https://twitter.com/julianapt/status/1653915252080222211,2023-05-04T00:11:39.000Z,"O Banco Central mantém a segunda maior #taxadejuros do mundo, 13,75%, o que trava a retomada da economia e a geração de empregos. Enquanto isso, apenas engorda o sistema financeiro.",0,3,9
Juliana Cardoso,@julianapt,https://twitter.com/julianapt/status/1653835232544432143,2023-05-03T18:53:40.000Z,"Durante os 4 anos do seu governo Bolsonaro se recusou a demarcar as terras indígenas. Agora com o presidente @lula é bem diferente. O governo federal está intensificando a expulsão dos invasores para reconhecer os territórios indígenas no Pará. 

 #demarcaçãodetarrasjá",1,2,8
Juliana Cardoso,@julianapt,https://twitter.com/julianapt/status/1653728305672069123,2023-05-03T11:48:47.000Z,"Operação da PF na casa de Bolsonaro busca provas da inserções de informações falsas no Ministério da Saúde para burlar restrições sanitárias e atacar a vacinação contra a Covid 19. Justiça tarda, mas não falha.",1,2,22
Juliana Cardoso,@julianapt,https://twitter.com/julianapt/status/1653537202696073217,2023-05-02T23:09:25.000Z,"Unidas pela aprovação do #PL2630Protege, contra às fakenews.",2,6,19
Juliana Cardoso,@julianapt,https://twitter.com/julianapt/status/1653501600520982540,2023-05-02T20:47:56.000Z,🦋✊🏽,1,2,15
Juliana Cardoso,@julianapt,https://twitter.com/julianapt/status/1653155803015127041,2023-05-01T21:53:52.000Z,Se estivesse vivo padre Ticao não iria se conter de tanta alegria. Lula anunciou lá no Anhangabau que vai construir a Unifesp Leste em Itaquera. Mandato está nessa luta há 13 anos.,2,22,95
Juliana Cardoso,@julianapt,https://twitter.com/julianapt/status/1653049153939730433,2023-05-01T14:50:05.000Z,"Após ataque que matou um ianomâmi e feriu dois, governo federal vai intensificar remoção de garimpeiros que resistem  sair da TI. 
Criminosos têm que ser presos!",1,3,17
