nome,usuario,idTweet,dataPublicacao,texto,replies,retweets,likes
Kim Kataguiri,@KimKataguiri,https://twitter.com/KimKataguiri/status/1663662419825106945,2023-05-30T21:43:24.000Z,Congresso BAIXA a CABEÇA e cassação de DELTAN foi só a PRIMEIRA!▶️ https://youtu.be/ekNrP_dXH_8,278,72,511
Kim Kataguiri,@KimKataguiri,https://twitter.com/KimKataguiri/status/1663628162893336576,2023-05-30T19:27:17.000Z,"Já é o segundo Presidente sul-americano que, em solo brasileiro, repudia a postura conivente de Lula com Maduro. Já tinha sido o direitista uruguaio Lacalle Pou. Agora até o esquerdista chileno Boric diz o óbvio: o regime venezuelano já deixou a democracia democracia e os…",396,810,8.379
Kim Kataguiri,@KimKataguiri,https://twitter.com/KimKataguiri/status/1663625246056775681,2023-05-30T19:15:41.000Z,"Quem bloqueia rodovia é CRIMINOSO! Não importa se é de direita ou de esquerda, é CRIMINOSO!",268,127,1.896
Kim Kataguiri,@KimKataguiri,https://twitter.com/KimKataguiri/status/1663615109690712065,2023-05-30T18:35:25.000Z,NOTA OFICIAL!,3.226,359,3.719
Kim Kataguiri,@KimKataguiri,https://twitter.com/KimKataguiri/status/1663299517691592707,2023-05-29T21:41:22.000Z,Tentando BARRAR a CRIAÇÃO de Ministérios!▶️ https://youtu.be/WXTSvKGdDtw,57,35,313
Kim Kataguiri,@KimKataguiri,https://twitter.com/KimKataguiri/status/1663286889829343235,2023-05-29T20:51:11.000Z,A graça desse vídeo é sempre focar no cara de azul.,135,179,1.574
Kim Kataguiri,@KimKataguiri,https://twitter.com/KimKataguiri/status/1663255971584409616,2023-05-29T18:48:20.000Z,Será que os petistas vão falar que Cunha foi inocentado ou será que vão falar que ele foi descondenado?,545,476,3.798
Kim Kataguiri,@KimKataguiri,https://twitter.com/KimKataguiri/status/1663225256784412674,2023-05-29T16:46:17.000Z,"Saudosismo do Maduro claramente refletindo quando o Lula e a Dilma usavam o BNDES para ""construir o metrô de Caracas"". Deve estar sentindo falta dessa mamatinha.",134,74,863
Kim Kataguiri,@KimKataguiri,https://twitter.com/KimKataguiri/status/1663208195781738498,2023-05-29T15:38:29.000Z,APERTEM OS CINTOS: o cheque em branco de HADDAD!▶️ https://youtu.be/zN6Lmm-PsUw,35,22,158
Kim Kataguiri,@KimKataguiri,https://twitter.com/KimKataguiri/status/1663197686852460552,2023-05-29T14:56:43.000Z,"O que a gente espera de um líder brasileiro com a visita do ditador da Venezuela ao seu país:

Cobrar o R$ 1,2 bilhão que estão devendo ao Brasil

O que a gente vai ter do Lula:

Cursinho de como transformar uma nação rica na nação mais pobre das américas",557,259,1.789
Kim Kataguiri,@KimKataguiri,https://twitter.com/KimKataguiri/status/1663195753810886656,2023-05-29T14:49:03.000Z,Qual a grande acordo bilateral que o Brasil pode fazer com a Venezuela? Importar miséria?,1.412,348,2.301
Kim Kataguiri,@KimKataguiri,https://twitter.com/KimKataguiri/status/1663188963601838080,2023-05-29T14:22:04.000Z,"Impressionante como a imprensa tem medo de usar palavras duras contra o autoritarismo da esquerda. ""Aproximação equivocada"" e ""dá sinal trocado"" é dose, hein? Como passa pano assim?",202,155,1.499
Kim Kataguiri,@KimKataguiri,https://twitter.com/KimKataguiri/status/1663183611871232000,2023-05-29T14:00:48.000Z,"Que alegria de Lula em estar do lado de um ditador, né?",775,183,1.797
Kim Kataguiri,@KimKataguiri,https://twitter.com/KimKataguiri/status/1663182487135068160,2023-05-29T13:56:20.000Z,Ué???,210,489,3.355
Kim Kataguiri,@KimKataguiri,https://twitter.com/KimKataguiri/status/1663181669547884546,2023-05-29T13:53:05.000Z,"""Lula é ferrenho defensor da democracia!""

Lula com 6 meses de mandato:

- Trouxe um ditador venezuelano procurado por narcoterrorismo para o território brasileiro
- Se alinhou à narrativa russa quanto à guerra na Ucrânia
- Defendeu o ""modelo econômico"" da ditadura cubana e se…",2.209,1.800,10 mil
Kim Kataguiri,@KimKataguiri,https://twitter.com/KimKataguiri/status/1662512125326000134,2023-05-27T17:32:33.000Z,VINGANÇA: Lula inicia seu PLANO de ACABAR com a OPOSIÇÃO!▶️ https://youtu.be/ujEftIcj-YA,533,112,571
Kim Kataguiri,@KimKataguiri,https://twitter.com/KimKataguiri/status/1662208911871737857,2023-05-26T21:27:41.000Z,CPI do MST: DEBATE com Sâmia Bonfim!▶️ https://youtu.be/67TrDSOFYy4,203,40,497
Kim Kataguiri,@KimKataguiri,https://twitter.com/KimKataguiri/status/1662179881776726018,2023-05-26T19:32:20.000Z,O cara quer destruir a empresa no Brasil e ainda quer que eles continuem puxando o saco dele.,168,146,2.403
Kim Kataguiri,@KimKataguiri,https://twitter.com/KimKataguiri/status/1662155095847387136,2023-05-26T17:53:50.000Z,Ontem foi com o Daniel Silveira. Hoje com Deltan Dallagnol. Até quando vamos nos calar perante decisões ilegais?,1.445,335,2.080
Kim Kataguiri,@KimKataguiri,https://twitter.com/KimKataguiri/status/1662114878239195138,2023-05-26T15:14:02.000Z,ENTENDA por que o PT tem TANTO MEDO da CPI do MST!▶️ https://youtu.be/vkF4fRi5448,200,69,501
Kim Kataguiri,@KimKataguiri,https://twitter.com/KimKataguiri/status/1661888414273228800,2023-05-26T00:14:09.000Z,PT HUMILHADO: CPI do MST começa PEGANDO FOGO!▶️ https://youtu.be/Iu5ZN35715I,183,67,588
Kim Kataguiri,@KimKataguiri,https://twitter.com/KimKataguiri/status/1661865056307478530,2023-05-25T22:41:20.000Z,Em instantes estarei ao vivo com o @deltanmd no @InteligenciaLta,257,65,579
Kim Kataguiri,@KimKataguiri,https://twitter.com/KimKataguiri/status/1661795279786442754,2023-05-25T18:04:04.000Z,Juiz PROÍBE HÉTEROS em TRIBUNAL!▶️ https://youtu.be/fRss30orfiA,82,37,501
Kim Kataguiri,@KimKataguiri,https://twitter.com/KimKataguiri/status/1661751144643964928,2023-05-25T15:08:41.000Z,GABINETE DO ÓDIO? Questionei o MINISTRO PETISTA da SECOM!▶️ https://youtu.be/DBt7Dog4DDc,105,51,389
Kim Kataguiri,@KimKataguiri,https://twitter.com/KimKataguiri/status/1661503095417757701,2023-05-24T22:43:01.000Z,"""Olha só gente, os jornalistas têm acesso livre ao Palácio do Planalto"".

Como se isso te desse o direito de atacar a @raquellandim do jeito que fez na CNN. Aquilo ali tá bem longe de ser respeito.",54,53,768
Kim Kataguiri,@KimKataguiri,https://twitter.com/KimKataguiri/status/1661477420107542528,2023-05-24T21:01:00.000Z,"Paulo Pimenta é deputado federal e sabe como funcionam as comissões, mas ele preferiu lacrar. Enquanto o Ministro estava em uma comissão eu participava de três simultaneamente: a Comissão Mista da MP 1154 (que estava acontecendo no Senado, longe dos plenários das comissões da…",154,129,2.120
Kim Kataguiri,@KimKataguiri,https://twitter.com/KimKataguiri/status/1661452343206989824,2023-05-24T19:21:21.000Z,"O governo PT começa a perseguir seus inimigos.

Começando com a farsa de Flávio Dino, passando pelo PL2630, o pl da censura e chegando agora à cassação de Deltan, sabemos que o PT não vai parar.

Esse partido criminoso, protagonista de escândalos de corrupção bilionários,…",3.245,1.140,5.753
Kim Kataguiri,@KimKataguiri,https://twitter.com/KimKataguiri/status/1661448035438678021,2023-05-24T19:04:14.000Z,BARRACO: Boulos e Nicolas brigaram e EU ENTREI NA TRETA!▶️ https://youtu.be/oWvtw4FDD_o,90,41,320
Kim Kataguiri,@KimKataguiri,https://twitter.com/KimKataguiri/status/1661387476664045572,2023-05-24T15:03:36.000Z,Arcabouço da GASTANÇA APROVADO!▶️ https://youtu.be/1kwn0Hj9XJ4,163,131,865
Kim Kataguiri,@KimKataguiri,https://twitter.com/KimKataguiri/status/1661383076079869959,2023-05-24T14:46:06.000Z,É HOJE!,122,101,781
Kim Kataguiri,@KimKataguiri,https://twitter.com/KimKataguiri/status/1661200228760838144,2023-05-24T02:39:32.000Z,"Aprovado o marco fiscal do Lula. 372 votos a favor contra 108. Estamos endividando as próximas gerações. Haddad vai aumentar impostos para bancar essa gastança. O mais pobre, como sempre, vai bancar essa farra. VOTEI CONTRA!",1.494,892,8.726
Kim Kataguiri,@KimKataguiri,https://twitter.com/KimKataguiri/status/1661181239762591745,2023-05-24T01:24:05.000Z,"Sigo lutando contra o marco fiscal do Fernando Haddad. É o mais pobre que vai pagar a conta com aumento de impostos.

Baixe em http://t.me/kimkataguiri",291,481,3.115
Kim Kataguiri,@KimKataguiri,https://twitter.com/KimKataguiri/status/1661127898000916483,2023-05-23T21:52:07.000Z,O marco da gastança será votado hoje.,284,137,1.447
Kim Kataguiri,@KimKataguiri,https://twitter.com/KimKataguiri/status/1661121212355866625,2023-05-23T21:25:33.000Z,INACREDITÁVEL: Playstation pra BANDIDO!▶️ https://youtu.be/eb-OD3ZSzCk,36,29,206
Kim Kataguiri,@KimKataguiri,https://twitter.com/KimKataguiri/status/1661107095586914304,2023-05-23T20:29:28.000Z,"O juiz em questão usava o login 'LUL22'. Mas isso não era esquisito, imagina...

Além disso, está sendo investigado por tentar intimidar um desembargador que vai participar de um julgamento contra ele mesmo.

Mas isso também não é esquisito não, confia...",231,261,2.427
Kim Kataguiri,@KimKataguiri,https://twitter.com/KimKataguiri/status/1661098979638013955,2023-05-23T19:57:13.000Z,"MAIS UM RELATÓRIO APROVADO! Acabei de BARRAR a criação de mais um cargo!

Aprovei um relatório da Comissão de Segurança Pública rejeitando o PL 440/23. O projeto criaria o cargo de Perito Médico Veterinário na perícia criminal do Brasil (geralmente vinculada às Polícias). Fui…",119,87,1.774
Kim Kataguiri,@KimKataguiri,https://twitter.com/KimKataguiri/status/1661070178543599616,2023-05-23T18:02:46.000Z,Que COMEÇEM os JOGOS: a CPI do MST COMEÇA HOJE!▶️ https://youtu.be/kNYjbx7vr2o,86,52,462
Kim Kataguiri,@KimKataguiri,https://twitter.com/KimKataguiri/status/1661024679187087363,2023-05-23T15:01:58.000Z,Vai ter um LIBERA GERAL de CELULARES nas CADEIAS do Brasil?▶️ https://youtu.be/9qpUT9LjBpw,40,75,420
Kim Kataguiri,@KimKataguiri,https://twitter.com/KimKataguiri/status/1660761064890351619,2023-05-22T21:34:27.000Z,"VINI JR, Leo Lins e o R4C15MO na Espanha!▶️ https://youtu.be/iR7aZGK7paA",168,53,499
Kim Kataguiri,@KimKataguiri,https://twitter.com/KimKataguiri/status/1660729985433255936,2023-05-22T19:30:58.000Z,"A situação das candidaturas de Deltan Dallagnol em 2022 e de Lula em 2018 eram iguais em relação à lei da ficha limpa? Debati com um deputado do PSOL sobre isso.

Baixe em: http://t.me/kimkataguiri",136,202,1.424
Kim Kataguiri,@KimKataguiri,https://twitter.com/KimKataguiri/status/1660712256110206990,2023-05-22T18:20:31.000Z,"Quem diria que a primeira sentença do novo juiz da Lava-Jato, o ""LUL22"", iria ser assim...",151,399,2.818
Kim Kataguiri,@KimKataguiri,https://twitter.com/KimKataguiri/status/1660708790390386690,2023-05-22T18:06:44.000Z,STÉDILE na CPI: o líder do MST vai ser CONVOCADO!▶️ https://youtu.be/PQCk48HEg7c,137,108,678
Kim Kataguiri,@KimKataguiri,https://twitter.com/KimKataguiri/status/1660701146783141888,2023-05-22T17:36:22.000Z,"É impressionante como todo mundo que fez o L ganha uma boquinha. Margarida Cristina de Quadros é assessora especial do gabinete de Lula desde janeiro e recebe um salário de R$ 13 mil.  Janja e Margarida foram parceiras de negócio na Princípio Consultoria, Assessoria e Pesquisa,…",1.092,519,3.638
Kim Kataguiri,@KimKataguiri,https://twitter.com/KimKataguiri/status/1660664822760091650,2023-05-22T15:12:02.000Z,PERIGO: nossas VIDAS estão em RISCO!https://youtu.be/IlFPHCl-7mI,38,28,256
Kim Kataguiri,@KimKataguiri,https://twitter.com/KimKataguiri/status/1660637277935083520,2023-05-22T13:22:34.000Z,NÃO DEIXEI SÃO PAULO PAGAR MAIS UMA CONTA!▶️ https://youtu.be/eMBCO2uv1EE,41,39,453
Kim Kataguiri,@KimKataguiri,https://twitter.com/KimKataguiri/status/1660438577216462848,2023-05-22T00:13:00.000Z,"É um absurdo o que vem acontecendo com o Vini Jr na liga espanhola de futebol. É revoltante saber que, em pleno 2023, ainda há gente estúpida e criminosa que se acha superior a outras pessoas por causa da cor da pele.

Estamos com você, Vini!",1.522,593,6.154
Kim Kataguiri,@KimKataguiri,https://twitter.com/KimKataguiri/status/1660334826791075841,2023-05-21T17:20:44.000Z,O @LeoLins simplesmente foi PROIBIDO de TRABALHAR! Já criei um projeto de lei para revogar os dispositivos da Lei Anti-Piada (aprovada ano passado com votos da base bolsonarista). Não podemos viver num país em que humorista pode ser preso. Daqui a pouco só vão poder falar o que o…,528,448,2.698
Kim Kataguiri,@KimKataguiri,https://twitter.com/KimKataguiri/status/1660307203062890498,2023-05-21T15:30:58.000Z,LEO LINS CENSURADO: o caso é MUITO PIOR do que você PENSA!▶️ https://youtu.be/zGrTVCHQrZQ,350,147,1.403
Kim Kataguiri,@KimKataguiri,https://twitter.com/KimKataguiri/status/1660280804390346761,2023-05-21T13:46:04.000Z,"Quem me conhece, sabe que sou independente. E sim, o PT não gostou nada de me ver na vice-presidência da CPI do MST!

Baixe o vídeo em http://t.me/kimkataguiri",490,365,3.565
Kim Kataguiri,@KimKataguiri,https://twitter.com/KimKataguiri/status/1660028567986511874,2023-05-20T21:03:47.000Z,MARCO FISCAL de Haddad AFUNDARÁ o Brasil!▶️ https://youtu.be/WCPYifCRlHA,222,131,834
Kim Kataguiri,@KimKataguiri,https://twitter.com/KimKataguiri/status/1660024254572707843,2023-05-20T20:46:38.000Z,DEBATE sobre CPI do MST: PETISTA me acusou de CRIMES!▶️ https://youtu.be/63T-imjjT0k,58,38,417
Kim Kataguiri,@KimKataguiri,https://twitter.com/KimKataguiri/status/1659675789472792576,2023-05-19T21:41:58.000Z,Desabafei sobre a CASSAÇÃO do Deltan e PROJETO INACREDITÁVEL!▶️ https://youtu.be/pXrwPnCRIX4,217,94,634
Kim Kataguiri,@KimKataguiri,https://twitter.com/KimKataguiri/status/1659649012549427202,2023-05-19T19:55:34.000Z,"Novo juiz da Lava-Jato, o ""LUL22"", já chamou Deltan Dallagnol pra depor. Não surpreende. O maior condenado da operação hoje é o Presidente da República.

Aqui o poste mija no cachorro todo dia.",679,371,3.344
Kim Kataguiri,@KimKataguiri,https://twitter.com/KimKataguiri/status/1659612971419484182,2023-05-19T17:32:21.000Z,"Criei um Projeto de Lei que proíbe qualquer tipo de restrição e/ou punição às apresentações de stand up comedy e demais manifestações artísticas com base no direito fundamental de liberdade de manifestação do pensamento. Hoje, os humoristas vêm sofrendo restrições de todas as…",2.143,1.623,11 mil
Kim Kataguiri,@KimKataguiri,https://twitter.com/KimKataguiri/status/1659583544513970180,2023-05-19T15:35:25.000Z,"Debati com um petista sobre a CPI do MST e ele me acusou de crimes!

Download do vídeo: http://t.me/kimkataguiri",138,218,1.538
Kim Kataguiri,@KimKataguiri,https://twitter.com/KimKataguiri/status/1659575186121805825,2023-05-19T15:02:12.000Z,PT em PÂNICO: fui ELEITO vice-presidente da CPI do MST!▶️ https://youtu.be/iIFp0rWevn8,1.927,582,3.988
Kim Kataguiri,@KimKataguiri,https://twitter.com/KimKataguiri/status/1659305410300375040,2023-05-18T21:10:12.000Z,DEBATE com PSOLista: a CASSAÇÃO de Deltan foi ILEGAL?▶️ https://youtu.be/GaA9sfBs028,28,24,213
Kim Kataguiri,@KimKataguiri,https://twitter.com/KimKataguiri/status/1659282264155455488,2023-05-18T19:38:14.000Z,Respondi Fernando Haddad sobre educação no governo PT!,583,834,6.089
Kim Kataguiri,@KimKataguiri,https://twitter.com/KimKataguiri/status/1659254744991375383,2023-05-18T17:48:53.000Z,"Agora sim! Obrigado @LulaOficial por não desperdiçar R$ 95 mil dos pagadores de impostos, mas sim R$ 44 mil.",207,100,1.170
Kim Kataguiri,@KimKataguiri,https://twitter.com/KimKataguiri/status/1659218740972605440,2023-05-18T15:25:49.000Z,Debate com HADDAD: o SENHOR FRACASSOU como MINISTRO!▶️ https://youtu.be/xMlUOZkSa-4,157,94,837
Kim Kataguiri,@KimKataguiri,https://twitter.com/KimKataguiri/status/1658961553255804935,2023-05-17T22:23:50.000Z,ABSURDO: Cassação do Deltan Dallagnol é absolutamente ilegal!,1.070,1.240,7.264
Kim Kataguiri,@KimKataguiri,https://twitter.com/KimKataguiri/status/1658940863500746754,2023-05-17T21:01:38.000Z,A VERDADE por trás da CASSAÇÃO do DELTAN DALLAGNOL!▶️ https://youtu.be/J65OjoGvKQA,444,413,2.531
Kim Kataguiri,@KimKataguiri,https://twitter.com/KimKataguiri/status/1658933532633231360,2023-05-17T20:32:30.000Z,"A cassação do deputado @deltanmd é um episódio muito triste para a nossa democracia. Os adversários são muito poderosos, mas seguiremos na luta. A verdade será o nosso escudo!

Download do vídeo: http://t.me/kimkataguiri",1.256,1.224,7.847
Kim Kataguiri,@KimKataguiri,https://twitter.com/KimKataguiri/status/1658899857849950223,2023-05-17T18:18:41.000Z,PRA CIMA DELES!!,854,416,7.458
Kim Kataguiri,@KimKataguiri,https://twitter.com/KimKataguiri/status/1658889841898135562,2023-05-17T17:38:53.000Z,"Até a Rede Globo teve que mostrar o nosso enfrentamento à PEC do perdão aos partidos políticos. Petistas e bolsonaristas votaram a favor da proposta que praticamente quer proibir qualquer punição às irregularidades dos partidos. VOTEI CONTRA!

Download do vídeo:…",60,222,1.383
Kim Kataguiri,@KimKataguiri,https://twitter.com/KimKataguiri/status/1658857115480367104,2023-05-17T15:28:51.000Z,"O PARLAMENTO não pode ficar refém do STF! Precisamos responder à altura!

Download do vídeo: http://t.me/kimkataguiri",1.415,1.416,7.680
Kim Kataguiri,@KimKataguiri,https://twitter.com/KimKataguiri/status/1658852207670829057,2023-05-17T15:09:20.000Z,O @RenanSantosMBL falou isso uns dias atrás e nunca esteve tão atual.,199,100,871
Kim Kataguiri,@KimKataguiri,https://twitter.com/KimKataguiri/status/1658850249606152196,2023-05-17T15:01:34.000Z,O CONGRESSO é ATROPELADO pelo STF e não faz NADA!▶️https://youtu.be/p1WSjmIjzJ4,615,485,2.522
Kim Kataguiri,@KimKataguiri,https://twitter.com/KimKataguiri/status/1658825547777028096,2023-05-17T13:23:24.000Z,"Então o @deltanmd só foi cassado porque eu não fiz campanha pro MITO, né? Vai ver também fui eu que acabei com a Lava-Jato...",651,292,2.255
Kim Kataguiri,@KimKataguiri,https://twitter.com/KimKataguiri/status/1658639524283531264,2023-05-17T01:04:13.000Z,A cassação do deputado Deltan Dallagnol é um ABSURDO! Não tem outro nome: é PERSEGUIÇÃO POLÍTICA! Retrato de um país que pune quem combate a corrupção e tem como presidente um sujeito que liderou o governo mais corrupto da história do país. É o poste mijando no cachorro!,5.276,2.758,17 mil
Kim Kataguiri,@KimKataguiri,https://twitter.com/KimKataguiri/status/1658586258631737344,2023-05-16T21:32:33.000Z,ABSURDO: a CCJ aprovou hoje a PEC 9/23 que dá perdão a gastos ilegais e acaba com qualquer tipo de punição a partidos políticos!,102,527,2.596
Kim Kataguiri,@KimKataguiri,https://twitter.com/KimKataguiri/status/1658582516914180097,2023-05-16T21:17:41.000Z,ESCÂNDALO: está PROIBIDO punir PARTIDOS POLÍTICOS!▶️ https://youtu.be/51EnA2U80L0,31,158,878
Kim Kataguiri,@KimKataguiri,https://twitter.com/KimKataguiri/status/1658575192010940416,2023-05-16T20:48:35.000Z,"A CCJ acaba de aprovar (com votos do PT e do PL) uma PEC que dá um PERDÃO MILIONÁRIO a partidos políticos! A proposta foi aprovada por 45 votos a 10. Mas o que ela faz exatamente? 

1) Proíbe qualquer punição aos partidos que não cumpriram as regras de distribuição de cota mínima…",148,641,2.928
Kim Kataguiri,@KimKataguiri,https://twitter.com/KimKataguiri/status/1658563201414451209,2023-05-16T20:00:56.000Z,"A Câmara dos Deputados acaba de pautar o Requerimento de Urgência do PDL 81/2023, de minha autoria, que extingue a Resolução do CNJ que iria liberar mais de 5,8 mil criminosos ALTAMENTE PERIGOSOS (3stupr4dor3s, 4ss4ssin0s, p3dóf1l0s etc.) dos hospitais psiquiátricos de custódia.…",113,251,2.323
Kim Kataguiri,@KimKataguiri,https://twitter.com/KimKataguiri/status/1658503549372751872,2023-05-16T16:03:54.000Z,Os MAIORES PS1C0P4T4S do Brasil começam a SER SOLTOS HOJE!▶️ https://youtu.be/B0z0_g4EEes,64,72,560
Kim Kataguiri,@KimKataguiri,https://twitter.com/KimKataguiri/status/1658503426764840963,2023-05-16T16:03:25.000Z,"Assinei hoje o pedido de CPMI do Crime Organizado. A Comissão vai investigar, dentre outras coisas, a recente onda de ataques no Rio Grande do Norte e o plano do PCC para matar Sérgio Moro. Peça para os deputados do seu estado assinarem! Faltam poucas assinaturas para a CPMI do…",125,177,1.479
Kim Kataguiri,@KimKataguiri,https://twitter.com/KimKataguiri/status/1658217325512761365,2023-05-15T21:06:33.000Z,Isso a GLOBO não mostra: o PLANO do PT sempre foi esse!▶️ https://youtu.be/scAnVDfK9dk,33,46,305
Kim Kataguiri,@KimKataguiri,https://twitter.com/KimKataguiri/status/1658158405603799070,2023-05-15T17:12:25.000Z,"Hoje alcançamos uma importante conquista durante nosso mandato: conseguimos as assinaturas necessárias para que a urgência e o mérito do PDL 81/23 possam ser votados. Esse projeto, de minha autoria, busca suspender a resolução do CNJ que propõe o fechamento dos Hospitais…",173,495,4.525
Kim Kataguiri,@KimKataguiri,https://twitter.com/KimKataguiri/status/1658126579413778432,2023-05-15T15:05:57.000Z,CENSURA: Moraes vai pra cima de GOOGLE e TELEGRAM!▶️ https://youtu.be/ghfFRRF_tlg,305,245,1.600
Kim Kataguiri,@KimKataguiri,https://twitter.com/KimKataguiri/status/1657406582370492421,2023-05-13T15:24:57.000Z,Que vergonha!,167,294,2.373
Kim Kataguiri,@KimKataguiri,https://twitter.com/KimKataguiri/status/1657129305980260353,2023-05-12T21:03:09.000Z,DESESPERO: LULA vai apelar pro ORÇAMENTO SECRETO!▶️ https://youtu.be/kUaRQuraJ0M,93,123,656
Kim Kataguiri,@KimKataguiri,https://twitter.com/KimKataguiri/status/1657084040120262662,2023-05-12T18:03:16.000Z,IMPEACHMENT? Tudo se DESENHA para uma QUEDA de LULA!▶️ https://youtu.be/la-l5l8n7I0,1.456,499,3.395
Kim Kataguiri,@KimKataguiri,https://twitter.com/KimKataguiri/status/1656677616307372032,2023-05-11T15:08:17.000Z,STF e CENSURA: o CONGRESSO não SERVE PRA NADA!▶️ https://youtu.be/nzLLMY-6zXc,183,116,691
Kim Kataguiri,@KimKataguiri,https://twitter.com/KimKataguiri/status/1656664253674434562,2023-05-11T14:15:12.000Z,"A EMBRAPA é uma empresa de pesquisa e desenvolvimento em tecnologias sérias, reconhecida internacionalmente e pioneira em muitas áreas de estudo, contribuindo para o agronegócio e desenvolvimento nacional. Inclusive, eu já encaminhei R$ 1 milhão em emenda para a EMBRAPA investir…",145,276,2.458
Kim Kataguiri,@KimKataguiri,https://twitter.com/KimKataguiri/status/1656380539761197056,2023-05-10T19:27:49.000Z,"Enfim, a hipocrisia.",294,1.370,7.962
Kim Kataguiri,@KimKataguiri,https://twitter.com/KimKataguiri/status/1656358320460951568,2023-05-10T17:59:31.000Z,APROVEI mais um PROJETO!▶️ https://youtu.be/fQ6Ve6gNof0,36,28,353
Kim Kataguiri,@KimKataguiri,https://twitter.com/KimKataguiri/status/1656334860997509123,2023-05-10T16:26:18.000Z,"Telegram foi suspenso por 72h pelo ministro Alexandre de Moraes. É mais um episódio da guerra do Executivo-Judiciário contra as empresas que estão expressando suas opiniões sobre o PL DA CENSURA. Elas são diretamente afetadas mas não podem se manifestar.

Isso só prova, mais uma…",1.933,1.547,"11,6 mil"
Kim Kataguiri,@KimKataguiri,https://twitter.com/KimKataguiri/status/1656332807050870786,2023-05-10T16:18:09.000Z,"Fake news, @Metropoles. Eu não ""ataquei brasilienses"". Ataquei os privilégios da classe política, Judiciário e MP. Estávamos discutindo um projeto que cria gratificação pra 400 pessoas que já recebem 10 mil reais. Esse dinheiro sai do mais pobre. Isso é atacar brasiliense?",248,285,3.525
Kim Kataguiri,@KimKataguiri,https://twitter.com/KimKataguiri/status/1656323974719246338,2023-05-10T15:43:03.000Z,"O orçamento secreto é a instrumentalização do Estado por parte do Executivo, associado ao Legislativo, para ROUBAR você! Era assim com Bolsonaro e é assim com Lula.

A falta de transparência nesse esquema é o que causa a corrupção. Não tem como fiscalizar. Não tem como saber quem…",119,330,2.066
Kim Kataguiri,@KimKataguiri,https://twitter.com/KimKataguiri/status/1656320657896906759,2023-05-10T15:29:52.000Z,"Quem diria que o Lula, presidente que governou na base do MENSALÃO e do PETROLÃO, iria adotar o ORÇAMENTO SECRETO...

Surpreendeu um total de NINGUÉM.",453,830,6.486
Kim Kataguiri,@KimKataguiri,https://twitter.com/KimKataguiri/status/1656314557772750848,2023-05-10T15:05:38.000Z,"Um projeto meu foi APROVADO na Comissão de Educação! Vocês já aprenderam na escola um monte de coisa que vocês acham que não vão aplicar em nenhum momento da vida? EU TAMBÉM!

Foi por isso que, conversando com especialistas da área de educação, apresentei o PL 2746/22, que cria…",187,239,3.416
Kim Kataguiri,@KimKataguiri,https://twitter.com/KimKataguiri/status/1656118486773407744,2023-05-10T02:06:31.000Z,"Hoje a Câmara aprovou a urgência para o aumento de salário pra 400 funcionários públicos de um Tribunal em Brasília que já ganham R$10mil no mínimo. É um escárnio com o povo trabalhador que acorda cedo pra trabalhar e paga os impostos.

Download do vídeo: http://t.me/kimkataguiri",223,708,4.679
Kim Kataguiri,@KimKataguiri,https://twitter.com/KimKataguiri/status/1656106546219343873,2023-05-10T01:19:04.000Z,"ATÉ O MASCOTE DO SUS O PT ROUBOU!!

Denunciei o PT na PGR por uso indevido de símbolo do Governo Federal! Simplesmente o partido usou a imagem do Zé Gotinha, símbolo do nosso Sistema Único de Saúde para pedir doação ao partido!!!

Essa é um conduta incompatível com os princípios…",347,430,3.988
Kim Kataguiri,@KimKataguiri,https://twitter.com/KimKataguiri/status/1656070130059685889,2023-05-09T22:54:21.000Z,PAGUEM MAIS IMPOSTOS: PT aumenta salários em BRASÍLIA!▶️ https://youtu.be/G0X5rC_wJzM,21,60,366
Kim Kataguiri,@KimKataguiri,https://twitter.com/KimKataguiri/status/1656066708237328384,2023-05-09T22:40:46.000Z,"Esquerda em 2016: PEC do Teto é PEC do Fim do Mundo
Esquerda em 2017: Reforma Trabalhista é Reforma do Fim do Mundo
Etc.

O mundo nunca acabou e ninguém nunca disse que isso era caso de fake news.

O mesmo pessoal que falava essas coisas hoje, fala de desonestidade do Telegram…",348,359,3.826
Kim Kataguiri,@KimKataguiri,https://twitter.com/KimKataguiri/status/1656039628422430731,2023-05-09T20:53:09.000Z,"APROVADO! Acabamos de aprovar o meu relatório no Plenário da Câmara dos Deputados do PL 1855/20 que incentiva a doação de sangue e garante prioridade para doadores, pessoas com mobilidade reduzida e pessoas com espectro autista.

Vale lembrar que as prioridades já existentes no…",59,124,1.806
Kim Kataguiri,@KimKataguiri,https://twitter.com/KimKataguiri/status/1656036260580937730,2023-05-09T20:39:46.000Z,"Os ataques do Felipe Neto e do Governo Lula ao Telegram e ao Google mostram exatamente como funcionará o PL da Censura no Brasil. Alguém vai decidir se algo é mentira ou verdade e logo em seguida a censura rola solta, com direito a multas e medidas ""socioeducativas"".

Querem que…",1.236,2.226,"15,2 mil"
Kim Kataguiri,@KimKataguiri,https://twitter.com/KimKataguiri/status/1655953590954115083,2023-05-09T15:11:16.000Z,Moraes e Dino QUEREM ATROPELAR o CONGRESSO! ▶️ https://youtu.be/ORJnV54aKWM,141,113,692
Kim Kataguiri,@KimKataguiri,https://twitter.com/KimKataguiri/status/1655944591240237057,2023-05-09T14:35:31.000Z,"O dia de hoje nos traz duas grandes perdas. A cantora Rita Lee, considerada por muitos como a rainha do rock brasileiro, nos deixou hoje. Ela foi diagnosticada com câncer de pulmão em 2021 e vinha fazendo tratamentos contra a doença.

Além dela, o ex-deputado David Miranda,…",297,324,9.482
Kim Kataguiri,@KimKataguiri,https://twitter.com/KimKataguiri/status/1655938174114484224,2023-05-09T14:10:01.000Z,"VOU CONVOCAR O MINISTRO PAULO PIMENTA PARA EXPLICAR O GABINETE DO ÓDIO DO PT!

Gabinete do ódio do PT não é novidade. Mas usar fake news pra combater o PL que supostamente combateria fake news chega a ser bizarro. Conteúdos circularam associando as empresas donas de grandes redes…",218,350,2.634
Kim Kataguiri,@KimKataguiri,https://twitter.com/KimKataguiri/status/1655929901608759296,2023-05-09T13:37:08.000Z,Estamos AO VIVO!,14,10,133
Kim Kataguiri,@KimKataguiri,https://twitter.com/KimKataguiri/status/1655908758436954113,2023-05-09T12:13:07.000Z,"Pessoal, daqui a pouquinho, às 10h, estarei no Morning Show da Jovem Pan com o @paulomathias 

Espero vcs lá!",98,30,654
Kim Kataguiri,@KimKataguiri,https://twitter.com/KimKataguiri/status/1655683192920080390,2023-05-08T21:16:48.000Z,MEDO da CPI: MST está DENTRO do GOVERNO LULA!▶️ https://youtu.be/4_8XXNF2BQw,204,138,951
Kim Kataguiri,@KimKataguiri,https://twitter.com/KimKataguiri/status/1655646569029328921,2023-05-08T18:51:17.000Z,"CERCA DE 2 MIL CRIMINOSOS DE ALTA PERICULOSIDADE PODEM SER SOLTOS NO BRASIL!

A resolução nº487 do Conselho Nacional de Justiça prevê o fechamento dos Hospitais de Custódia e Tratamento Psiquiátrico em um ano. Hoje o Brasil possui aproximadamente 2 mil criminosos sob custódia…",323,515,3.002
Kim Kataguiri,@KimKataguiri,https://twitter.com/KimKataguiri/status/1655237832565194754,2023-05-07T15:47:06.000Z,"Lembra daquela galerinha que gostava de rir do gado que passava pano pro Bolsonaro?

4 meses de Lula e eles já defenderam aumento de imposto e diária de R$95mil paga pelo povo.

Como é bom ser independente! A gente passa raiva dobrado, mas essa vergonha aí jamais!",961,659,5.076
Kim Kataguiri,@KimKataguiri,https://twitter.com/KimKataguiri/status/1655234644361592832,2023-05-07T15:34:26.000Z,"O Ministro da Fazenda Fernando Haddad pedalou? É isso o que o Tribunal de Contas da União vai investigar! No orçamento do INSS o valor do salário mínimo não foi atualizado, o que significaria o lançamento de R$7 BILHÕES a menos de despesas. Por isso aprovei um requerimento na…",586,914,8.801
Kim Kataguiri,@KimKataguiri,https://twitter.com/KimKataguiri/status/1654957025187577857,2023-05-06T21:11:17.000Z,"Flavio Dino não conseguiu aprovar o PL da Censura na Câmara. Perdeu no debate e não teria os votos necessários. Agora quer aprovar via decretos e STF. É assim que age o PT: impondo na marra suas vontades. COVARDES e DITADORES!

Download do vídeo: http://t.me/kimkataguiri",1.059,866,4.931
Kim Kataguiri,@KimKataguiri,https://twitter.com/KimKataguiri/status/1654953645358628870,2023-05-06T20:57:51.000Z,"Tá inaugurado o “e o Bolsonaro, hein?”",325,269,4.000
Kim Kataguiri,@KimKataguiri,https://twitter.com/KimKataguiri/status/1654886937608482817,2023-05-06T16:32:46.000Z,"Lula, a sua rotina de luxo não vai se pagar sozinha. O brasileiro paga caro num carro pois tem que pagar muito imposto pra te sustentar. É do mais pobre que sai o dinheiro que banca a sua farra. Ostentar às custas de um povo sendo esfoliado não é uma novidade pra você!",1.129,857,5.204
Kim Kataguiri,@KimKataguiri,https://twitter.com/KimKataguiri/status/1654558587509960705,2023-05-05T18:48:02.000Z,"BOA NOTÍCIA: aprovei a urgência do PL 1855/20, de minha relatoria! Ele prevê o atendimento prioritário a pessoas com mobilidade reduzida e doadores de sangue. No meu relatório, incluí pessoas com espectro autista. O projeto deve ser aprovado semana que vem no Plenário da Câmara.",223,173,2.453
Kim Kataguiri,@KimKataguiri,https://twitter.com/KimKataguiri/status/1654505231248392199,2023-05-05T15:16:01.000Z,O STF vai APROVAR o PL da CENSURA!▶️ https://youtu.be/Swgc3nKCioU,844,358,1.949
Kim Kataguiri,@KimKataguiri,https://twitter.com/KimKataguiri/status/1654228072995106816,2023-05-04T20:54:41.000Z,"Os áudios do ajudante de ordens de Bolsonaro que revelam uma tentativa de golpe são GRAVÍSSIMOS. Bolsonaro, assim como o PT, nos apequenou como país democrático e fragilizou nossas instituições. 

Repito: não há a menor condição do bolsonarismo liderar oposição nenhuma.",3.109,550,4.956
Kim Kataguiri,@KimKataguiri,https://twitter.com/KimKataguiri/status/1654170626238578690,2023-05-04T17:06:24.000Z,O Governo vai cair? Vem escutar essa resenha que tivemos no @MBLivre no Spotify!,61,36,303
Kim Kataguiri,@KimKataguiri,https://twitter.com/KimKataguiri/status/1654166907623202816,2023-05-04T16:51:38.000Z,"Telegram rebatendo Flavio Dino.

É inaceitável esse autoritarismo do Governo e Judiciário contra as plataformas digitais. Coisa de Coreia do Norte. É atacar a liberdade de expressão promovendo censura.

Mas ter um Ministro da Justiça comunista tem dessas né...",275,431,3.406
Kim Kataguiri,@KimKataguiri,https://twitter.com/KimKataguiri/status/1654156483217555456,2023-05-04T16:10:12.000Z,GOVERNO está sendo HUMILHADO e tem MEDO do que PODE VIR!▶️ https://youtu.be/X1y9G6lo5HA,127,103,799
Kim Kataguiri,@KimKataguiri,https://twitter.com/KimKataguiri/status/1653910546867953666,2023-05-03T23:52:57.000Z,Bancada da bosta perdeu. Governo Lula perdeu. O Brasil que não aguenta mais viver sem saneamento básico venceu.,467,953,"11,7 mil"
Kim Kataguiri,@KimKataguiri,https://twitter.com/KimKataguiri/status/1653897496467218434,2023-05-03T23:01:05.000Z,"Um assunto que ficou totalmente fora da mídia é a resolução do CNJ que vai soltar uma TURBA DE CRIMINOSOS que estão presos em hospitais psiquiátricos. Estamos falando de pedófilos, homicidas, estupradores etc. que não têm condições de viver em sociedade.

Precisamos acabar com…",291,858,4.765
Kim Kataguiri,@KimKataguiri,https://twitter.com/KimKataguiri/status/1653895464163454978,2023-05-03T22:53:01.000Z,"O Governo Lula está claramente desesperado em plenário agora enquanto a Câmara derruba os decretos que acabavam com o Marco do Saneamento.

Lula achou que estava com a base firme, mas a realidade se impôs. Ontem e hoje foram só algumas amostras disso.",196,319,3.666
Kim Kataguiri,@KimKataguiri,https://twitter.com/KimKataguiri/status/1653891064481173505,2023-05-03T22:35:32.000Z,"Governo tem outra grande derrota agora na Câmara!

Votamos agora o PDL, com um apenso de minha autoria, que susta os decretos do Lula que mataram o Marco Legal do Saneamento. Governo já perdeu a votação da urgência de 322 a 136 e deve perder também na votação do mérito.",139,373,5.573
Kim Kataguiri,@KimKataguiri,https://twitter.com/KimKataguiri/status/1653869615133388803,2023-05-03T21:10:18.000Z,Ganhamos!,52,98,1.102
Kim Kataguiri,@KimKataguiri,https://twitter.com/KimKataguiri/status/1653869571525189637,2023-05-03T21:10:07.000Z,"O PL 2902/21, de minha autoria, que permite o uso de óculos biópticos no processo de habilitação para dirigir foi aprovado na Comissão de Defesa dos Direitos das Pessoas com Deficiência. Agora ele só precisa passar na Comissão de Transportes e na CCJ.

O projeto foi uma sugestão…",21,74,1.125
Kim Kataguiri,@KimKataguiri,https://twitter.com/KimKataguiri/status/1653866238542503937,2023-05-03T20:56:53.000Z,FUI pra CIMA do Flavio DINO: Ministro MENTIU!▶️ https://youtu.be/GWQiMS0nD_A,370,155,1.310
Kim Kataguiri,@KimKataguiri,https://twitter.com/KimKataguiri/status/1653865366269960192,2023-05-03T20:53:25.000Z,"O Ministro da Justiça Flávio Dino MENTIU, sim! Ele disse à CCJ que não havia sido avisado sobre a gravidade dos ataques do dia 8. MENTIU! E hoje eu disse isso pra ele!

Download do vídeo: http://t.me/kimkataguiri",578,1.015,5.439
Kim Kataguiri,@KimKataguiri,https://twitter.com/KimKataguiri/status/1653810451640197121,2023-05-03T17:15:12.000Z,"O BRASIL NÃO É COREIA DO NORTE!

Proibir o Google de se posicionar contra um projeto que o prejudica além de bizarro, é ditatorial. Além da proibição, Dino pediu para que a empresa fosse multada em R$ 1 milhão por hora e fizesse propaganda também a favor de algo que eles são…",935,897,8.695
Kim Kataguiri,@KimKataguiri,https://twitter.com/KimKataguiri/status/1653800076957872131,2023-05-03T16:33:59.000Z,Um cara suspeito de falsificar cartão de vacinação não serve pra liderar oposição nenhuma ao Lula. Bolsonaro precisa ser página virada urgente se quisermos combater de verdade o PT.,5.658,792,6.475
Kim Kataguiri,@KimKataguiri,https://twitter.com/KimKataguiri/status/1653777672944734208,2023-05-03T15:04:57.000Z,É o nosso dinheiro sendo distribuído para a companheirada pelo mundo. A Argentina enfrenta grave crise. Calotes dos nossos hermanos se tornaram comum nos últimos anos. O que o Presidente Lula faz? Oferece linha de crédito via BNDES.,350,430,2.453
Kim Kataguiri,@KimKataguiri,https://twitter.com/KimKataguiri/status/1653569596111179777,2023-05-03T01:18:08.000Z,"Derrotamos o PL da CENSURA! Pelo menos por enquanto! Precisamos continuar atentos! Principalmente ao estado de exceção imposto pelo governo Lula e STF!

Não reparem a voz, ainda estou me recuperando da cirurgia na garganta!

Download do vídeo: http://t.me/kimkataguiri",436,634,4.820
Kim Kataguiri,@KimKataguiri,https://twitter.com/KimKataguiri/status/1653565002509348864,2023-05-03T00:59:53.000Z,"São esses caras que estão querendo regular internet, bigtechs, monetização de plataformas, algoritmos…",586,1.730,8.669
Kim Kataguiri,@KimKataguiri,https://twitter.com/KimKataguiri/status/1653557629371785218,2023-05-03T00:30:35.000Z,PL da CENSURA: governo é DERROTADO e está com MEDO!▶️ https://youtu.be/pHd8kbajavE,125,222,1.740
Kim Kataguiri,@KimKataguiri,https://twitter.com/KimKataguiri/status/1653548434547175424,2023-05-02T23:54:02.000Z,"Vencemos o PL da Censura nessa batalha, mas a luta continua! #censuranão",185,365,3.423
Kim Kataguiri,@KimKataguiri,https://twitter.com/KimKataguiri/status/1653543436287455233,2023-05-02T23:34:11.000Z,"Ou seja: perdeu no debate e iria perder no voto. Mas como não aceita perder, prefere que sua vontade seja aprovada na marra via governo/STF.

Assim é a galerinha que vivia gritando “DEMOCRACIA”: democracia se eu ganhar, se eu perder é DITADURA mesmo!",243,970,7.618
Kim Kataguiri,@KimKataguiri,https://twitter.com/KimKataguiri/status/1653530338038095875,2023-05-02T22:42:08.000Z,"O relator do PL da Censura Orlando Silva pediu que o projeto não seja votado hoje. Estão com medo de perder no voto, querem adiar a votação. Nossa mobilização está dando certo nas redes e na Câmara com o pessoal do MBL! Ainda não acabou, mas estamos no caminho certo! #censuranão",433,772,6.057
Kim Kataguiri,@KimKataguiri,https://twitter.com/KimKataguiri/status/1653449996597854214,2023-05-02T17:22:53.000Z,"Flávio Dino quer que o Google esclareça que tem motivações financeiras pra ser contra o PL das Fake News. A Globo também tem pra ser a favor, e ai?

Com o PT é assim: quem vai pagar a conta não pode reclamar, quem vai receber a grana pode falar o que quiser!#PLdaCensuraNao",337,979,4.903
Kim Kataguiri,@KimKataguiri,https://twitter.com/KimKataguiri/status/1653442734441496586,2023-05-02T16:54:02.000Z,Cadê a cobrança para que o @JornalOGlobo exponha pontos negativos da proposta também? Senacom está sendo usada como instrumento político por um governo DESESPERADO para censurar as pessoas.,237,662,4.539
Kim Kataguiri,@KimKataguiri,https://twitter.com/KimKataguiri/status/1653399312007610369,2023-05-02T14:01:29.000Z,"É no mínimo uma fala controversa. O PL das Fake News trará danos a liberdade religiosa, garantida pela nossa Constituição! A jornalista tenta negar esse fato, mas ao mesmo tempo diz que, se alguns versículos forem falados na rua, a pessoa deverá ser indiciada!! Com base em qual…",613,666,4.495
Kim Kataguiri,@KimKataguiri,https://twitter.com/KimKataguiri/status/1653396719424487432,2023-05-02T13:51:11.000Z,"Toda a imprensa defendendo todos os dias o PL da Censura, seja no youtube, tv aberta, jornais impressos etc. mas quando a empresa afetada coloca um link pequeno na sua página inicial aí é ""ação abusiva"".",136,382,2.707
Kim Kataguiri,@KimKataguiri,https://twitter.com/KimKataguiri/status/1653396219975147520,2023-05-02T13:49:12.000Z,"Hoje, sem PL das Fake News, já estão indo atrás de empresa que se posiciona contra o governo na internet. Imagina quando aprovarem?

Essa é a democracia que esse governo prega: liberdade de expressão pra quem concorda comigo. Pra quem discorda é CENSURA!",1.022,1.604,9.060
Kim Kataguiri,@KimKataguiri,https://twitter.com/KimKataguiri/status/1653214396737257476,2023-05-02T01:46:42.000Z,"O Google e outras empresas são as principais afetadas pelo PL da Censura, mas o Felipe Neto quer que elas fiquem quietas enquanto o Governo Lula tenta ferrar com elas.

Faz o seguinte Felipe, começa fazendo um boicote parando de postar vídeos no seu canal e se aproveitando da…",1.150,1.502,"15,2 mil"
Kim Kataguiri,@KimKataguiri,https://twitter.com/KimKataguiri/status/1653212313762029568,2023-05-02T01:38:25.000Z,"Oi @FlavioDino, aproveita que tá indo atrás de empresas que se posicionam sobre o PL da censura e da uma olhada no editorial do @JornalOGlobo. Ou só pode se manifestar quando é a favor?",346,916,5.801
