nome,usuario,idTweet,dataPublicacao,texto,replies,retweets,likes
Marcelo Álvaro Antônio,@Marceloalvaroan,https://twitter.com/Marceloalvaroan/status/1663229124083695636,2023-05-29T17:01:39.000Z,"Enviei um ofício para a Embaixada dos EUA, comunicando que Nicolás Maduro, foragido do Governo Americano, se encontra em território brasileiro, sendo recebido por Luís Inácio Lula da Silva. Solicitei que o Governo Americano se manifeste pela prisão de Maduro pela justiça do BR.",1.625,1.811,5.822
Marcelo Álvaro Antônio,@Marceloalvaroan,https://twitter.com/Marceloalvaroan/status/1663191195667890182,2023-05-29T14:30:56.000Z,"Vergonha mundial! Lula recebe seu amigo ditador e narcoterrorista, Nicolás Maduro. O Congresso Nacional precisa reagir!",19,24,93
Marcelo Álvaro Antônio,@Marceloalvaroan,https://twitter.com/Marceloalvaroan/status/1662120901377228800,2023-05-26T15:37:58.000Z,CPMI do dia 8 de janeiro! Vamos atrás de justiça. A sociedade merece saber a VERDADE!,20,274,1.084
Marcelo Álvaro Antônio,@Marceloalvaroan,https://twitter.com/Marceloalvaroan/status/1661215743898185728,2023-05-24T03:41:11.000Z,Lamentável!!! 372 deputados votaram “SIM” para pagar mais impostos e bancar as farras do governo Lula. Faço parte dos 108 deputados que votaram “NÃO” ao arcabouço fiscal do PT. Sou contra a esse verdadeiro ROMBO NAS CONTAS PÚBLICAS!!!,15,42,160
Marcelo Álvaro Antônio,@Marceloalvaroan,https://twitter.com/Marceloalvaroan/status/1661131407618342912,2023-05-23T22:06:04.000Z,"Agora direto aqui de Brasília, acabo de sair da CPI da Manipulação de Resultado em Partidas de Futebol. Nada passará impune. Quem cometeu crime, será responsabilizado!",1,21,83
Marcelo Álvaro Antônio,@Marceloalvaroan,https://twitter.com/Marceloalvaroan/status/1660748581169516550,2023-05-22T20:44:51.000Z,O famoso Governo da ressocialização! Será o Petrolão 2.0?,0,10,33
Marcelo Álvaro Antônio,@Marceloalvaroan,https://twitter.com/Marceloalvaroan/status/1659254156366946316,2023-05-18T17:46:32.000Z,É um compromisso do meu mandato proteger nossas crianças! Arraste p/ o lado e conheça meus projetos para combater o abuso e a exploração sexual infantil.,4,6,21
Marcelo Álvaro Antônio,@Marceloalvaroan,https://twitter.com/Marceloalvaroan/status/1658878365246291982,2023-05-17T16:53:17.000Z,A legenda é com vocês!,6,23,72
Marcelo Álvaro Antônio,@Marceloalvaroan,https://twitter.com/Marceloalvaroan/status/1658662302294458368,2023-05-17T02:34:43.000Z,"ESTRANHO!!!
Hoje no Brasil, quem faz papel de POLÍCIA é tratado como BANDIDO e os BANDIDOS, ou são tratados como heróis, ou viram PRESIDENTE DA REPÚBLICA.",4,24,105
Marcelo Álvaro Antônio,@Marceloalvaroan,https://twitter.com/Marceloalvaroan/status/1658512129475981315,2023-05-16T16:37:59.000Z,O “ Pai dos pobres” tá on 👍,1,8,33
Marcelo Álvaro Antônio,@Marceloalvaroan,https://twitter.com/Marceloalvaroan/status/1658255559282380802,2023-05-15T23:38:28.000Z,Brasil ladeira abaixo!!! Lula copia o mesmo modelo de governo que afundou a Argentina.,4,17,65
Marcelo Álvaro Antônio,@Marceloalvaroan,https://twitter.com/Marceloalvaroan/status/1657744937809588224,2023-05-14T13:49:27.000Z,"Mãe é sinônimo de amor, coragem, lar, aprendizado e paz em dia de tempestade.
Vocês merecem ser amadas e cercadas de afeto.
Parabéns para todas as mães, em especial a minha amada mãe, Vilma, e a minha filha, Amanda.",0,2,61
Marcelo Álvaro Antônio,@Marceloalvaroan,https://twitter.com/Marceloalvaroan/status/1656376563535958025,2023-05-10T19:12:01.000Z,Atualizando a prosa…,7,19,248
Marcelo Álvaro Antônio,@Marceloalvaroan,https://twitter.com/Marceloalvaroan/status/1656089180064063491,2023-05-10T00:10:03.000Z,Inacreditável um Ministro fazer esse tipo de publicação!! Parabéns ao Telegram por se manifestar a favor da liberdade de expressão. #pldacensuranão,1,21,103
Marcelo Álvaro Antônio,@Marceloalvaroan,https://twitter.com/Marceloalvaroan/status/1656028940270555136,2023-05-09T20:10:41.000Z,Aproveite a oportunidade para se inscrever no meu canal no Telegram.https://t.me/+TqP4kBTiEKE2NTAx…,5,20,95
Marcelo Álvaro Antônio,@Marceloalvaroan,https://twitter.com/Marceloalvaroan/status/1656012293820280833,2023-05-09T19:04:32.000Z,MST integrando o governo Lula? Lugar de invasores de terra é na cadeia!!,3,16,77
Marcelo Álvaro Antônio,@Marceloalvaroan,https://twitter.com/Marceloalvaroan/status/1655635905942548480,2023-05-08T18:08:54.000Z,"CNJ e Min. da Saúde trabalham para fechar hospitais psiquiátricos de custódia! A consequência disso é a soltura de aprox. 2 mil pessoas que cometeram os crimes mais cruéis. 
Informo que assinei o projeto que SUSPENDE essa medida. Criminosos tem de ficar PRESOS!",7,68,175
Marcelo Álvaro Antônio,@Marceloalvaroan,https://twitter.com/Marceloalvaroan/status/1653740534576340992,2023-05-03T12:37:23.000Z,"Governo Lula é derrotado ontem, sem votos suficiente para aprovar o PL da Censura.
Hoje pela amanhã, busca e apreensão na casa de Bolsonaro.
Preciso desenhar o que está acontecendo? 👇",14,55,210
Marcelo Álvaro Antônio,@Marceloalvaroan,https://twitter.com/Marceloalvaroan/status/1653560851352240132,2023-05-03T00:43:23.000Z,"Resumo do dia:
1-Governo faz censura antes mesmo de aprovar o PL da Censura: multou o Google por expressar opinião.
2-Governo sem votos suficiente para aprovar, pediu adiamento.
3- Lula liberou R$ 10 bilhões de emendas às vésperas da votação. Tentativa de comprar parlamentares?",2,22,95
Marcelo Álvaro Antônio,@Marceloalvaroan,https://twitter.com/Marceloalvaroan/status/1653523552413310977,2023-05-02T22:15:10.000Z,PL 2630 é a institucionalização da censura no Brasil! Juntos pela liberdade 🇧🇷 #censuranão,10,38,149
Marcelo Álvaro Antônio,@Marceloalvaroan,https://twitter.com/Marceloalvaroan/status/1653475654304710680,2023-05-02T19:04:50.000Z,Reunião para articular a derrubada do PL da Censura! #PL2630CensuraNao,348,1.119,4.712
Marcelo Álvaro Antônio,@Marceloalvaroan,https://twitter.com/Marceloalvaroan/status/1653432802799484930,2023-05-02T16:14:34.000Z,A CENSURA JÁ COMEÇOU!!! Governo Lula quer monopolizar a informação e perseguir opositores! #naoaoPL2630 #PLdaCensuraNao,4,68,168
Marcelo Álvaro Antônio,@Marceloalvaroan,https://twitter.com/Marceloalvaroan/status/1653194698612416514,2023-05-02T00:28:25.000Z,"PL da Censura, não!!!",7,50,169
Marcelo Álvaro Antônio,@Marceloalvaroan,https://twitter.com/Marceloalvaroan/status/1652835869483466753,2023-05-01T00:42:34.000Z,"Assista até o final! A esquerda como ela é, nas palavras de Jorge Amado.",4,27,91
