nome,usuario,idTweet,dataPublicacao,texto,replies,retweets,likes
Marcos Pereira,@marcospereira04,https://twitter.com/marcospereira04/status/1663160316207792132,2023-05-29T12:28:14.000Z,"Na mensagem de hoje, explico a vocês sobre o apoio do Republicanos ao arcabouço fiscal, nova regra que estabelece limites para os gastos públicos da União. Assistam ao vídeo completo e compartilhem. Bom dia!",461,13,26
Marcos Pereira,@marcospereira04,https://twitter.com/marcospereira04/status/1660626838597632000,2023-05-22T12:41:05.000Z,"A equipe de comunicação do seu mandato já se inscreveu no Comunica10 Summit 2023? O evento será a maior imersão em marketing político digital do Republicanos e vai acontecer do dia 31 de maio a 2 de junho, em Brasília. Não percam essa oportunidade.",50,4,21
Marcos Pereira,@marcospereira04,https://twitter.com/marcospereira04/status/1658088651421564930,2023-05-15T12:35:14.000Z,O arcabouço fiscal apresentado pelo governo ainda precisa de ajustes e irei tratar sobre isso em breve com o relator e com a bancada do Republicanos. Assistam ao vídeo e entendam melhor quais são os principais problemas da proposta. Bom dia e boa semana!,128,13,54
Marcos Pereira,@marcospereira04,https://twitter.com/marcospereira04/status/1655554985109626881,2023-05-08T12:47:21.000Z,"O Republicanos tem crescido a cada eleição e o nosso objetivo é seguir ampliando essa representação em todo o Brasil. Isto, é claro, sem perder de vista o comprometimento com o país e mantendo a qualidade do trabalho a ser desenvolvido. Vamos em frente!",249,16,66
Marcos Pereira,@marcospereira04,https://twitter.com/marcospereira04/status/1653015828525096960,2023-05-01T12:37:39.000Z,"O Republicanos está ao lado do trabalhador brasileiro, sempre apoiando as pautas que ajudam a gerar mais emprego e renda. Deixamos aqui os nossos cumprimentos a todos vocês que mantém a economia em plena atividade.",413,19,174
