nome,usuario,idTweet,dataPublicacao,texto,replies,retweets,likes
Mauricio Neves,@MauricioNeves_,https://twitter.com/MauricioNeves_/status/1663685820950142977,2023-05-30T23:16:24.000Z,Marco Temporal aprovado!  Conseguimos resgatar a segurança jurídica da nossa agricultura. #MarcoTemporalSim,0,0,2
Mauricio Neves,@MauricioNeves_,https://twitter.com/MauricioNeves_/status/1663673345085263875,2023-05-30T22:26:49.000Z,"O Presidente Arthur Lira confirmou que vamos avaliar o mérito do Marco Temporal. Depois de três meses de muito trabalho, sinto que  vamos conseguir aprovar esse projeto que trará segurança jurídica para nossa agricultura.
 #agro #MarcoTemporalSim",0,0,1
Mauricio Neves,@MauricioNeves_,https://twitter.com/MauricioNeves_/status/1663513002409091075,2023-05-30T11:49:41.000Z,"Em São Paulo vamos crescer muito!  O @Estadao de hoje relata que a Senadora @TerezaCrisMS irá presidir  novo Instituto do @Progressistas11 cuja sede será em SP. 
Vamos capacitar nossos candidatos para eleger o maior número de prefeitos em 2024. #acreditesempre",1,2,11
Mauricio Neves,@MauricioNeves_,https://twitter.com/MauricioNeves_/status/1663498659416231938,2023-05-30T10:52:41.000Z,"Lula elogiou a “democracia” da Venezuela. Infelizmente o povo venezuelano sofre com um governo ditatorial. 
A realidade é outra: são mais de 5 mil assassinatos por ""resistirem à prisão"", as torturas aumentaram 148% e 5,4 milhões de pessoas deixaram o país em busca de liberdade.",0,0,1
Mauricio Neves,@MauricioNeves_,https://twitter.com/MauricioNeves_/status/1663494554668990464,2023-05-30T10:36:22.000Z,"Vamos votar hoje projeto de lei do marco temporal.
Sou um defensor da liberdade de expressão, cada cidadão tem o direito de manifestar sua opinião.
Mas não podemos aceitar que um grupo contra,  bloqueie a rodovia dos Bandeirantes, e provoque um caos que prejudica a vida de todos.",0,1,3
Mauricio Neves,@MauricioNeves_,https://twitter.com/MauricioNeves_/status/1663153427919020037,2023-05-29T12:00:51.000Z,"Senadora Tereza Cristina vem aí! O Progressistas de São Paulo cresce a cada novo dia. Estamos filiando diversos prefeitos, vereadores e novas lideranças.
A melhor Ministra da Agricultura que o Brasil já teve,  a Senadora @TerezaCrisMSvai presidir o Instituto do Partido em SP!",2,2,5
Mauricio Neves,@MauricioNeves_,https://twitter.com/MauricioNeves_/status/1663137333074448384,2023-05-29T10:56:54.000Z,"Investimentos em serviços alcançaram quase R$ 20 bi nos primeiros quatro meses do ano, no Estado de São Paulo.
Um terço deste montante (R$ 16,3 bilhões) foi realizado no interior do Estado.
Junto com o Governador Tarcísio, vamos fazer de São Paulo a terra dos empreendedores.",0,1,2
Mauricio Neves,@MauricioNeves_,https://twitter.com/MauricioNeves_/status/1662056841436704770,2023-05-26T11:23:25.000Z,"O Governo está empurrando com a barriga as informações sobre o Plano Safra. Os recursos precisam ser anunciados até junho, mas os valores não foram anunciados.
Com juros altos, o Plano Safra é fundamental para financiar a produção no campo. 
Mais recursos para o Plano Safra Já!",0,1,4
Mauricio Neves,@MauricioNeves_,https://twitter.com/MauricioNeves_/status/1662050693530746882,2023-05-26T10:58:59.000Z,"Ao votar a nova meta fiscal garantimos que o Brasil não vire uma Argentina. 
O Presidente do Banco Central, Roberto Campos Neto, elogiou o Arcabouço que aprovamos e afirmou que ele elimina o risco de descontrole da inflação. 
Juntos pelo Brasil! 🇧🇷👍",1,0,4
Mauricio Neves,@MauricioNeves_,https://twitter.com/MauricioNeves_/status/1661707342784724992,2023-05-25T12:14:38.000Z,"Saiu a prévia da inflação, o
IPCA-15 desacelerou para 0,51% em maio, abaixo do esperado.
Parabéns Roberto Campos Neto, o Banco Central, está conseguindo conter a elevação dos preços. 
Com o Novo Arcabouço que aprovamos, criaremos as condições para reduzir os juros. #menosjuros",0,0,3
Mauricio Neves,@MauricioNeves_,https://twitter.com/MauricioNeves_/status/1661680755280412672,2023-05-25T10:28:59.000Z,"Vitória! Trabalhamos muito e aprovamos a urgência do Marco Temporal das Terras Indígenas. Agora o texto vai direto ao plenário. Para maior segurança jurídica na nossa agricultura, eu defendo a demarcação só nas terras ocupadas na promulgação Constituição. #marcotemporalsim",1,0,2
Mauricio Neves,@MauricioNeves_,https://twitter.com/MauricioNeves_/status/1661334630492958720,2023-05-24T11:33:36.000Z,"Parabéns Governador Tarcísio! Os policiais de SP merecem esse aumento.
O Projeto foi aprovado com o apoio de todos deputados do Progressistas. 
Nós valorizamos o trabalho das forças de segurança do Estado.",0,0,3
Mauricio Neves,@MauricioNeves_,https://twitter.com/MauricioNeves_/status/1661321303414956033,2023-05-24T10:40:39.000Z,"Votamos o Arcabouço Fiscal, consegui incluir minhas propostas.
O Governo não poderá gastar mais que arrecada. Se o resultado primário não cumprir as metas, o governo terá que cortar gastos.
Serei sempre contra o que prejudica a população, mas nunca serei de oposição ao Brasil.",0,2,5
Mauricio Neves,@MauricioNeves_,https://twitter.com/MauricioNeves_/status/1660594542159036418,2023-05-22T10:32:45.000Z,"Lamentável o que sofreu o Vini Jr. na partida de ontem pelo campeonato espanhol.
Preconceito e racismo são intoleráveis.
Toda minha solidariedade ao jogador brasileiro. Espero que as autoridades punam os responsáveis. #VinijrMereceRespeito",0,0,3
Mauricio Neves,@MauricioNeves_,https://twitter.com/MauricioNeves_/status/1660256439758200836,2023-05-21T12:09:15.000Z,"Li nos jornais de hoje que empresários temem que o governo reveja medidas econômicas.  
Não vamos deixar!
Já impedimos a mudança no Marco do Saneamento, e vamos garantir a autonomia do Banco Central, a privatização da Eletrobrás e as Reformas da Previdência e Trabalhista.",3,0,4
Mauricio Neves,@MauricioNeves_,https://twitter.com/MauricioNeves_/status/1659499180753051649,2023-05-19T10:00:11.000Z,"Parabéns Governador Tarcísio! Governo moderno e eficiente, amplia parcerias com a iniciativa privada, atrai investimentos, gera empregos e ainda melhora o meio ambiente com energias renováveis. São Paulo está no rumo certo! #tarcísio #governoeficiente #maisinvestimentos",0,1,5
Mauricio Neves,@MauricioNeves_,https://twitter.com/MauricioNeves_/status/1659496390865690626,2023-05-19T09:49:06.000Z,"Inaceitável! Recebi diversas mensagens de mães de autistas, relatando que a Unimed Nacional tem cancelado unilateralmente planos de saúde de pessoas com autismo em tratamento.
Vou cobrar providências da Agência Nacional de Saúde Suplementar (ANS). Vamos reverter essa injustiça!",1,0,2
Mauricio Neves,@MauricioNeves_,https://twitter.com/MauricioNeves_/status/1659243599991586816,2023-05-18T17:04:36.000Z,"Continuo cobrando a instalação da CPMI dos atos de 8 de Janeiro. 
O Presidente do Congresso, Senador Rodrigo Pacheco, nos garantiu que ela será instalada na próxima semana. Vamos continuar a cobrança! #cpmi #brasil #acreditesempre",1,0,3
Mauricio Neves,@MauricioNeves_,https://twitter.com/MauricioNeves_/status/1659185150083620865,2023-05-18T13:12:20.000Z,"Dados do IBGE, apontam que o desemprego subiu em 15 estados e no DF no primeiro trimestre de 2023.
O Governo precisa agir para impedir que a população sofra com a perda dos empregos. 
Controlar os gastos públicos, conter a inflação para atrair investimentos são ações urgentes!",0,0,1
Mauricio Neves,@MauricioNeves_,https://twitter.com/MauricioNeves_/status/1659173219897622528,2023-05-18T12:24:56.000Z,"Hoje, é o Dia Nacional de Combate ao Abuso e Exploração de Crianças e Adolescentes.
As denúncias, via o disque 100, de abuso e de estupros contra crianças subiram 48% nos quatro primeiros meses deste ano.
É hora de endurecer as leis e acabar com a impunidade desses marginais.",0,0,1
Mauricio Neves,@MauricioNeves_,https://twitter.com/MauricioNeves_/status/1658949591050403846,2023-05-17T21:36:18.000Z,"Acabo de conversar com o Presidente Arthur Lira. Solicitei que nosso pedido de urgência para votar o Projeto de Lei do Marco Temporal fosse incluído na pauta. 
 #marcotemporalsim #agro #acreditesempre",0,0,1
Mauricio Neves,@MauricioNeves_,https://twitter.com/MauricioNeves_/status/1658801114379165696,2023-05-17T11:46:19.000Z,"Hoje instalaremos a CPI do MST. Vamos investigar quem são os financiadores dessa maré de invasão de terras que vem acontecendo.
Eu protocolei um projeto de lei que tipifica o crime de invasão de terra como terrorismo. Lugar de criminoso é na cadeia. Pela paz no campo! #CPIMST",0,1,3
Mauricio Neves,@MauricioNeves_,https://twitter.com/MauricioNeves_/status/1658792830502940675,2023-05-17T11:13:24.000Z,"Boa Notícia! Conseguimos as 262 assinaturas para pautar a urgência ao projeto de lei do marco temporal.
Precisamos estabelecer como marco para demarcação de terras indígenas a Constituição de 1988. As áreas ocupadas antes disso não podem ser cedidas a povos tradicionais.",1,0,3
Mauricio Neves,@MauricioNeves_,https://twitter.com/MauricioNeves_/status/1658781825815265281,2023-05-17T10:29:40.000Z,"Mais uma conquista! Sempre defendi que nossas escolas ensinassem Educação Financeira.
Cobrei do Ministério da Educação (MEC) e acabo de receber a confirmação que junto com a Comissão de Valores Mobiliários e o SEBRAE executarão um programa de Educação Financeira nas Escolas.",0,0,0
Mauricio Neves,@MauricioNeves_,https://twitter.com/MauricioNeves_/status/1658550407172444174,2023-05-16T19:10:06.000Z,"Sou a favor que o Brasil tenha regras claras e que possam ser colocadas em prática, de controle dos gastos públicos.
Um Governo sem regras, que gasta mais do que arrecada, acaba com a economia. Não podemos virar uma Argentina. 
Por isso sou a favor do novo marco fiscal.",0,0,0
Mauricio Neves,@MauricioNeves_,https://twitter.com/MauricioNeves_/status/1658197594617552912,2023-05-15T19:48:09.000Z,"O relator do arcabouço fiscal, deputado Cláudio Cajado (PP-BA), acatou nossas sugestões, e incluiu  mecanismos de punição ao governo no caso do descumprimento da meta fiscal.",1,2,7
Mauricio Neves,@MauricioNeves_,https://twitter.com/MauricioNeves_/status/1658085037948952580,2023-05-15T12:20:53.000Z,Recebi diversas mensagens de pacientes reclamando da falta de Insulina. Apresentei um ofício ao Governo Federal cobrando uma solução emergencial e a compra com rapidez de insulina. Não podemos deixar os pacientes sem esse medicamento vital!,0,0,0
Mauricio Neves,@MauricioNeves_,https://twitter.com/MauricioNeves_/status/1657005296991064064,2023-05-12T12:50:23.000Z,"A inflação subiu 0,61% em abril, puxado por medicamentos. 
Enquanto o governo perde tempo brigando contra as privatizações, o poder de compra do brasileiro diminui. 
Já passou da hora do Presidente ajudar o combate a elevação dos preços.",0,0,0
Mauricio Neves,@MauricioNeves_,https://twitter.com/MauricioNeves_/status/1656968299693867008,2023-05-12T10:23:22.000Z,"#AforçadoAgro A produção de grãos na safra 2022/23 deve atingir recorde de 313,86 milhões de toneladas, um aumento de 41,4 milhões de toneladas.
Isso ajudará na redução da inflação, diante das projeções o juro real começa a testar níveis abaixo de 6% pela 1ª vez desde novembro.",1,2,4
Mauricio Neves,@MauricioNeves_,https://twitter.com/MauricioNeves_/status/1656689061883531272,2023-05-11T15:53:46.000Z,"O líder do MST disse que está se lixando para CPI e que vai promover marchas.
Nós vamos investigar quem financia as invasões de terra. 
Meu projeto de lei, tipifica esses crimes como terrorismo. 
Lugar de invasor de terras é na cadeia!",0,0,0
Mauricio Neves,@MauricioNeves_,https://twitter.com/MauricioNeves_/status/1656624912314802182,2023-05-11T11:38:52.000Z,"Olá pessoal, hoje é um dia importante! 100 dias do nosso mandato e aqui apresento o quanto avançamos até agora. Assistam e comentem o que acharam e como podemos ajudar ainda mais nosso Estado avançar! #100dias",0,4,4
Mauricio Neves,@MauricioNeves_,https://twitter.com/MauricioNeves_/status/1656283397088485379,2023-05-10T13:01:48.000Z,"A força do interior de São Paulo possibilitou que a produção industrial do país crescesse 1,1% de fevereiro para março, informou o IBGE.
O crescimento do setor agrícola e biocombustíveis, explica essa a alta.
Essas atividades provocaram um aumento da produção de máquinas.",1,0,2
Mauricio Neves,@MauricioNeves_,https://twitter.com/MauricioNeves_/status/1656274716263415810,2023-05-10T12:27:19.000Z,"Venho alertando sobre as falas do Governo contra as privatizações.
A visão estatizante fará o Brasil perder investimentos.
Não deixaremos o país voltar para trás. 
Aqui em NY ouvi de muitos empresários, que desejam investir no Brasil, que é necessário segurança jurídica.",0,0,1
Mauricio Neves,@MauricioNeves_,https://twitter.com/MauricioNeves_/status/1656272538199023618,2023-05-10T12:18:39.000Z,"Mais uma conquista! Cobramos muito o Governo e conseguimos manter a linha de crédito rural do BNDES. Além das linhas de empréstimos já existentes, o Banco acaba de anunciar que disponibilizará mais R$ 2 bi para crédito rural.
Agora é focar nos recursos para o Plano Safra. #agro",1,0,3
Mauricio Neves,@MauricioNeves_,https://twitter.com/MauricioNeves_/status/1655988746364354560,2023-05-09T17:30:58.000Z,"Participo agora do LIDE BRAZIL em em Nova York.
O Presidente Arthur Lira acaba de comunicar que a reforma administrativa está pronta para ser apreciada no plenário. 
A proposta não mexe no direito adquirido dos atuais servidores, e prepara o país para maior eficiência na gestão.",1,0,0
Mauricio Neves,@MauricioNeves_,https://twitter.com/MauricioNeves_/status/1655951985693331456,2023-05-09T15:04:54.000Z,"Externo meus sentimentos aos familiares da Rainha do Rock Brasileiro, Rita Lee.",0,0,1
Mauricio Neves,@MauricioNeves_,https://twitter.com/MauricioNeves_/status/1655932964180733957,2023-05-09T13:49:19.000Z,"O fim do Marco Temporal é uma ameaça a agricultura brasileira, por isso assinei o requerimento de urgência. #marcotemporalsim",0,0,1
Mauricio Neves,@MauricioNeves_,https://twitter.com/MauricioNeves_/status/1655903037141970948,2023-05-09T11:50:23.000Z,"Sou contra as tentativas de intervenção do Governo Federal nas privatizações.
Votei contra as mudanças no Marco do Saneamento e vou trabalhar contra a tentativa de rever a privatização da Eletrobras.
Essas ações geram insegurança jurídica, afastando os investidores.",1,0,1
Mauricio Neves,@MauricioNeves_,https://twitter.com/MauricioNeves_/status/1655544106762792964,2023-05-08T12:04:08.000Z,O PIB do primeiro trimestre será salvo pelo #agro! Para continuar crescendo precisamos de segurança jurídica no campo. Acabar com as invasões do MST e garantir o Marco Temporal são essências para garantir a paz no campo.,0,2,3
Mauricio Neves,@MauricioNeves_,https://twitter.com/MauricioNeves_/status/1654472542801756161,2023-05-05T13:06:07.000Z,"Concedi uma entrevista para o @Estadao, apontando alguns problemas do novo Marco Fiscal.
O primeiro é a falta de punição contra o presidente da República, caso esse descumpra meta fiscal.
A segunda questão, é a dúvida sobre capacidade do Governo aumentar a arrecadação.",1,0,3
Mauricio Neves,@MauricioNeves_,https://twitter.com/MauricioNeves_/status/1654452338784960512,2023-05-05T11:45:50.000Z,"Invasões do MST estão no ritmo mais alto em sete anos. Um estudo feito pela Confederação da Agricultura e Pecuária, revelou que cinquenta e seis invasões de propriedades rurais foram registradas no país de janeiro a abril.
Invasão de terra é ato terrorista e precisa virar lei.",0,0,1
Mauricio Neves,@MauricioNeves_,https://twitter.com/MauricioNeves_/status/1654077911882661891,2023-05-04T10:58:00.000Z,"Derrubamos parte do decreto do Governo Federal que alterava o marco do saneamento. Precisamos atrair investimentos privados, dar mais competitividade para o setor, acabar com o monopólio estatal e com isso, levar água potável e tratamento de esgoto para todos brasileiros.",2,1,4
Mauricio Neves,@MauricioNeves_,https://twitter.com/MauricioNeves_/status/1653732297433030657,2023-05-03T12:04:39.000Z,"Hoje celebramos o Dia do Parlamento. A Casa do Povo, como também é chamado o parlamento, tem como objetivo criar leis, além de fiscalizar ações do Poder Executivo.
Para mim é uma honra ser representante dos paulistas no Congresso Nacional.  #diadoparlamento #acreditesempre",0,1,2
Mauricio Neves,@MauricioNeves_,https://twitter.com/MauricioNeves_/status/1653721952232546305,2023-05-03T11:23:32.000Z,"Nesse primeiro trimestre o Brasil foi salvo pelo #agro! A agropecuária respondeu por 25% das exportações brasileiras. 
Precisamos valorizar a força que vem do campo!",0,0,0
Mauricio Neves,@MauricioNeves_,https://twitter.com/MauricioNeves_/status/1653447368098840589,2023-05-02T17:12:26.000Z,"Quero agradecer ao nosso Governador Tarcísio pela proposta de reajuste salarial 20,2% para todas as carreiras das forças de Segurança Pública do Estado.
Demos o primeiro passo para valorização dos policiais de São Paulo.",1,0,2
Mauricio Neves,@MauricioNeves_,https://twitter.com/MauricioNeves_/status/1653374533951209472,2023-05-02T12:23:01.000Z,"Boa notícia! Atendendo ao pedido da bancada de deputados do Progressistas de São Paulo, o Governador Tarcísio, enviará hoje o Projeto que amplia os salários dos policiais e o novo piso do salário mínimo paulista em R$ 1.550. #maissegurança #acreditesempre",3,2,9
Mauricio Neves,@MauricioNeves_,https://twitter.com/MauricioNeves_/status/1653373954541641728,2023-05-02T12:20:43.000Z,"Boa notícia! Atendendo ao pedido da bancada de deputados do Progressistas de São Paulo, o Governador Tarcísio, enviará hoje o Projeto que amplia os salários dos policiais e o novo piso do salário mínimo paulista em R$ 1.550. #maissegurança #acreditesempre",0,0,3
