nome,usuario,idTweet,dataPublicacao,texto,replies,retweets,likes
Miguel Ângelo,@MiguelAngelo_,https://twitter.com/MiguelAngelo_/status/1663696617709400064,2023-05-30T23:59:18.000Z,"Um projeto inconstitucional que fere os direitos indígenas e privilegia grileiros, ruralistas e deixa o caminho livre para o garimpo ilegal.
Lutaremos de forma incansável para derrubar esse projeto no Senado#PL490NAO🏹✊🏾📷 @richard_weramirim",0,1,6
Miguel Ângelo,@MiguelAngelo_,https://twitter.com/MiguelAngelo_/status/1663695406239305728,2023-05-30T23:54:29.000Z,"A bancada do retrocesso e da crueldade, que caminha na contramão das nações modernas e comprometidas com as urgentes causas climáticas, acaba de aprovar o PL do marco temporal. 🧶",0,1,3
Miguel Ângelo,@MiguelAngelo_,https://twitter.com/MiguelAngelo_/status/1663570987881754635,2023-05-30T15:40:05.000Z,"Hoje, será votado o PL 490, que tenta aplicar a tese do marco temporal no legislativo. Além
disso, ele tenta acabar com a consulta prévia, livre, informada e consentida. Isso é retirada
de direitos.#PL490NAO",0,1,3
Miguel Ângelo,@MiguelAngelo_,https://twitter.com/MiguelAngelo_/status/1663568416114987010,2023-05-30T15:29:52.000Z,"Hoje estamos diante de um genocídio legislado. A câmara dos deputados votará o PL 490,
que leva a tese do marco temporal ao Congresso e devasta os territórios indígenas. Não ao
PL 490.#PL490NAO",0,1,2
Miguel Ângelo,@MiguelAngelo_,https://twitter.com/MiguelAngelo_/status/1663544368022847488,2023-05-30T13:54:19.000Z,"PL490/2007, conhecido como PL do Marco Temporal, é um verdadeiro atentado aos Direitos Indígenas. 

A história dos povos originários não começou em 5 de outubro de 1988. 

O antigo projeto dos ruralistas e grileiros é genocídio indígena. É morte de rios e florestas.

 #PL490Não",0,3,4
Miguel Ângelo,@MiguelAngelo_,https://twitter.com/MiguelAngelo_/status/1663234197987770377,2023-05-29T17:21:48.000Z,"ROMBO HISTÓRICO: UOL divulgou que Bolsonaro provocou calote de R$ 10 BILHÕES na Caixa, uma das maiores instituições do país, para tentar se reeleger.",0,1,3
Miguel Ângelo,@MiguelAngelo_,https://twitter.com/MiguelAngelo_/status/1663182609646596098,2023-05-29T13:56:49.000Z,"PROTEGER OS POVOS ORIGINÁRIOS É PROTEGER O BRASIL

O PL490 atende apenas aos interesses dos grandes latifundiários, agronegócio, mineradores, madeireiros e toda elite. Ele impactará negativamente na vida de todo o povo brasileiro.@PTnaCamara#PL490NÃO",0,1,2
Miguel Ângelo,@MiguelAngelo_,https://twitter.com/MiguelAngelo_/status/1663165822108422145,2023-05-29T12:50:06.000Z,PL490 diz que são terras indígenas aquelas que estavam ocupadas pelos povos tradicionais em 5 de out de 1988. Esse antigo e cruel projeto dos ruralistas pode ser votado esta semana. Não vamos permitir. Defender os povos originários é defender o Brasil. #PL490Não @MidiaIndigena,1,3,8
Miguel Ângelo,@MiguelAngelo_,https://twitter.com/MiguelAngelo_/status/1662862055240597509,2023-05-28T16:43:03.000Z,"O presidente Lula melhora a vida de todo mundo. Quem não fez o L também pode acender a churrasqueira e ser feliz. 🗣️Ele falou e fez.

""O povo tem que voltar a comer um churrasquinho, a comer uma picanha e tomar uma cervejinha."" #FazoL",1,18,64
Miguel Ângelo,@MiguelAngelo_,https://twitter.com/MiguelAngelo_/status/1662464869797441536,2023-05-27T14:24:46.000Z,🚘 Sábado é dia de passear com a família. Carro e combustível com preços reduzidos. É o presidente @LulaOficial cuidando do povo. O país de oportunidades para todos e todas está de volta.#FazoL @PTnaCamara,0,3,6
Miguel Ângelo,@MiguelAngelo_,https://twitter.com/MiguelAngelo_/status/1661811028366163987,2023-05-25T19:06:38.000Z,"Está aberta a #CPMI do golpe e será um grande tiro no pé dos bolsonaristas. 

O Brasil vai conhecer quem financiou e comandou os atos terroristas do dia 8 de janeiro.

Não iremos tolerar crimes de ataque ao Estado Democrático de Direito.

Aos criminosos, o rigor da lei.",0,3,4
Miguel Ângelo,@MiguelAngelo_,https://twitter.com/MiguelAngelo_/status/1661704228383907842,2023-05-25T12:02:15.000Z,"BOLSONARO É A CARA DO GOLPE 

No dia 8 de janeiro o ódio espalhado durante 4 anos por Bolsonaro e seus aliados virou um verdadeiro terror para a população brasileira. Terroristas invadiram, depredaram e destruíram os Três Poderes em uma tentativa de golpe falha.#CPMIDOGOLPE",0,1,1
Miguel Ângelo,@MiguelAngelo_,https://twitter.com/MiguelAngelo_/status/1661485563633967109,2023-05-24T21:33:21.000Z,"Hoje, o ministro-chefe da Secretaria de Comunicação Social da Presidência da República, Deputado Paulo Pimenta, apresentou nas Comissões de Comunicação e Fiscalização Financeira e Controle da Câmara, os avanços da pasta nos 5 meses de Governo Lula.

Fotos: @rthiagol",0,3,11
Miguel Ângelo,@MiguelAngelo_,https://twitter.com/MiguelAngelo_/status/1661429741516193792,2023-05-24T17:51:32.000Z,"Com diretor executivo da Conab, Lenildo Morais e a assessora Laudiceia. 

A Companhia Nacional de Abastecimento é vinculada ao Ministério do Desenvolvimento Agrário e Agricultura Familiar.",0,1,3
Miguel Ângelo,@MiguelAngelo_,https://twitter.com/MiguelAngelo_/status/1661400728622055427,2023-05-24T15:56:15.000Z,"Nesta manhã tivemos uma reunião muito produtiva com @estherdweck_, ministra de Gestão, com o secretário Nacional de Relações Internacionais, Romênio Pereira e com o deputado federal @joseairtoncirilo.",0,1,3
Miguel Ângelo,@MiguelAngelo_,https://twitter.com/MiguelAngelo_/status/1661360256763543552,2023-05-24T13:15:26.000Z,A denúncia pode feita pelo site http://gov.br/mj,0,1,2
Miguel Ângelo,@MiguelAngelo_,https://twitter.com/MiguelAngelo_/status/1661358678644064256,2023-05-24T13:09:10.000Z,"⭐Com 372 votos o novo Regime Fiscal Sustentável foi aprovado. Isso significa crescimento econômico, equilíbrio fiscal e aumento de políticas públicas que irão melhorar a vida do povo brasileiro. #ArcaboucoFiscal",0,1,2
Miguel Ângelo,@MiguelAngelo_,https://twitter.com/MiguelAngelo_/status/1661343838118486019,2023-05-24T12:10:11.000Z,"Foi lançado o canal de denúncias para casos de preços abusivos nos postos de combustíveis. A ação faz parte do Mutirão do Preço Justo, garantindo a transparência e assegurando o direito dos consumidores. A ação é uma resposta ao anúncio de redução dos valores pela Petrobras.",1,2,4
Miguel Ângelo,@MiguelAngelo_,https://twitter.com/MiguelAngelo_/status/1661100955171954698,2023-05-23T20:05:04.000Z,Uma das principais contribuições do MST para a sociedade brasileira é cumprir o compromisso em produzir alimentos saudáveis para o povo brasileiro.#ToComMST @MST_Oficial,0,5,13
Miguel Ângelo,@MiguelAngelo_,https://twitter.com/MiguelAngelo_/status/1661043751496691714,2023-05-23T16:17:45.000Z,"ALFABETIZAÇÃO NO CAMPO: #ToComMST 
Você sabia?
190 mil é o número de jovens e adultos alfabetizados, em parceria com movimentos populares do campo e sindicais, em 25 anos de PRONERA (Programa Nacional de Educação na Reforma Agrária).",0,3,3
Miguel Ângelo,@MiguelAngelo_,https://twitter.com/MiguelAngelo_/status/1661043133461716994,2023-05-23T16:15:18.000Z,"COMIDA SEM VENENO: #TôComMSTVocê sabia?
O @MST_Oficial é o maior produtor de arroz orgânico da América Latina.
Sem agrotóxicos 🚫☠️Com bioinsumos e gestão comunitária✔️👩🏼🌾👨🏾🌾Luta do MST. 
Quer conhecer esta experiência agroecológica? Clique aqui:",0,2,2
Miguel Ângelo,@MiguelAngelo_,https://twitter.com/MiguelAngelo_/status/1661011186681548800,2023-05-23T14:08:21.000Z,"Não vamos permitir que criminalizem o MST. Movimento Social que tem como objetivo  a garantia dos direitos básicos da população rural e é, ainda, um grande produtor de alimentos responsável por suprir parte da demanda interna do país.

Não caia em Fake News!
 #tôcommst",1,3,3
Miguel Ângelo,@MiguelAngelo_,https://twitter.com/MiguelAngelo_/status/1660947722164137984,2023-05-23T09:56:10.000Z,A escola cumpre uma função indispensável como rede de apoio das famílias e no suporte para romper com ciclos de pobreza e desigualdade. #DefendaoFundeb,0,3,5
Miguel Ângelo,@MiguelAngelo_,https://twitter.com/MiguelAngelo_/status/1660945782826999809,2023-05-23T09:48:28.000Z,"O Fundeb - Fundo de Manutenção e Desenvolvimento da Educação Básica e de Valorização dos Profissionais da Educação - foi criado para melhorar as escolas públicas e valorizar seus profissionais, quaisquer medidas para limitar seu alcance é retrocesso! #DefendaoFundeb",0,3,3
Miguel Ângelo,@MiguelAngelo_,https://twitter.com/MiguelAngelo_/status/1660595921531404288,2023-05-22T10:38:14.000Z,"Minha solidariedade ao jogador @vinijr, vítima de preconceito racial na Espanha.

Racismo é CRIME! Espero que as entidades tomem providências. #ViniciusJr",0,0,2
Miguel Ângelo,@MiguelAngelo_,https://twitter.com/MiguelAngelo_/status/1659652373487165448,2023-05-19T20:08:55.000Z,#ToComMST,0,1,3
Miguel Ângelo,@MiguelAngelo_,https://twitter.com/MiguelAngelo_/status/1659554040294912002,2023-05-19T13:38:10.000Z,Agora em Contagem com a presidenta nacional do PT @gleisi e com a prefeita @mariliacontagem .,0,0,3
Miguel Ângelo,@MiguelAngelo_,https://twitter.com/MiguelAngelo_/status/1659529608977424385,2023-05-19T12:01:06.000Z,"🔴 *Ao vivo: Entrevista com Gleisi Hoffmann*

Em visita a Minas, a presidenta nacional do PT participa do programa Café com Política, da Rádio FM O Tempo. 

 📻 *Confira:*",0,2,1
Miguel Ângelo,@MiguelAngelo_,https://twitter.com/MiguelAngelo_/status/1659515968404570114,2023-05-19T11:06:53.000Z,Nossa disputa nas redes é muito importante. Vamos combater a falsa narrativa que tenta criminalizar a luta do movimento social.#TôComMST,0,4,5
Miguel Ângelo,@MiguelAngelo_,https://twitter.com/MiguelAngelo_/status/1659515687939833858,2023-05-19T11:05:46.000Z,A CPI criada para criminalizar o MST é um escárnio. #EuTôComMST que ajudou a matar a fome do povo brasileiro no auge da pandemia doando alimentos produzidos pela agricultura familiar. #EuTôComMST que é o maior produtor de arroz orgânico da América Latina.#TocomMST,0,4,4
Miguel Ângelo,@MiguelAngelo_,https://twitter.com/MiguelAngelo_/status/1658953597189537792,2023-05-17T21:52:14.000Z,Noites com sol.,0,0,1
Miguel Ângelo,@MiguelAngelo_,https://twitter.com/MiguelAngelo_/status/1658919977393483785,2023-05-17T19:38:38.000Z,"A CPI do MST foi instalada.

O Brasil vai conhecer a verdade sobre o maior e mais importante movimento social da américa-latina.

Em 2020, no auge da pandemia, doou mais de 3 mil toneladas de alimentos e comprovou a força da agricultura familiar. #TôComMST",1,0,2
Miguel Ângelo,@MiguelAngelo_,https://twitter.com/MiguelAngelo_/status/1658891005733609493,2023-05-17T17:43:31.000Z,"E uma coisa é certa: o compromisso do nosso mandato com os Direitos Humanos. Nos orgulhamos muito de impulsionar esta luta.

Vocês podem contar com este deputado!",0,1,5
Miguel Ângelo,@MiguelAngelo_,https://twitter.com/MiguelAngelo_/status/1658890825709899778,2023-05-17T17:42:48.000Z,"Após quatro anos sem políticas públicas LGBTQIAP+ , no último dia 6 de abril, o presidente Lula assinou o Decreto Nº 11.471, que instituiu o Conselho Nacional dos Direitos das Pessoas Lésbicas, Gays, Bissexuais, Travestis, Transexuais, Queers, Intersexos, Assexuais e Outras.",0,1,2
Miguel Ângelo,@MiguelAngelo_,https://twitter.com/MiguelAngelo_/status/1658890617823395842,2023-05-17T17:41:58.000Z,"Em 2004, Lula criou o programa Brasil sem Homofobia  – um conjunto de mais de 50 ações e políticas focadas na promoção dos direitos humanos e da cidadania LGBTQIAP+.",0,1,2
Miguel Ângelo,@MiguelAngelo_,https://twitter.com/MiguelAngelo_/status/1658890473493209097,2023-05-17T17:41:24.000Z,"Em 1981, na convenção do Partido dos Trabalhadores, Lula cravou: “não aceitaremos que, em nosso partido, o homossexualismo seja tratado como doença e muito menos como caso de polícia; defenderemos o respeito que merecem essas pessoas”",0,1,1
Miguel Ângelo,@MiguelAngelo_,https://twitter.com/MiguelAngelo_/status/1658890369545764866,2023-05-17T17:40:59.000Z,Vocês sabiam que PT é o Partido que mais contribuiu com o avanço de políticas públicas voltadas para a comunidade LGBTQIAP+ no país?,0,1,6
Miguel Ângelo,@MiguelAngelo_,https://twitter.com/MiguelAngelo_/status/1658809270933024769,2023-05-17T12:18:44.000Z,"Caíram ontem: Gasolina, gás e Deltan Dallagnol.",0,2,5
Miguel Ângelo,@MiguelAngelo_,https://twitter.com/MiguelAngelo_/status/1658804538080411648,2023-05-17T11:59:55.000Z,☕ Bom Dilma!,0,1,3
Miguel Ângelo,@MiguelAngelo_,https://twitter.com/MiguelAngelo_/status/1658570719054254109,2023-05-16T20:30:48.000Z,"🗣️ IMPORTANTE! A Petrobras anunciou redução nos preços:✔️ Gasolina:  R$ 0,40 por litro (-12,6%)✔️Diesel:  R$ 0,44 por litro (-12,8%)✔️Botijão de 13kg:  R$8,97 (-21,3%)

FAZ O L!",0,2,4
Miguel Ângelo,@MiguelAngelo_,https://twitter.com/MiguelAngelo_/status/1658522737093083137,2023-05-16T17:20:09.000Z,"A notícia que o povo brasileiro tanto esperou: gás de cozinha e combustível mais baratos.

Lula tem compromisso com a vida da população. 

Faz L que melhora sim. #gásdecozinha #Petrobras",0,1,4
Miguel Ângelo,@MiguelAngelo_,https://twitter.com/MiguelAngelo_/status/1658181126433693711,2023-05-15T18:42:42.000Z,"🗣️Desumano! Zema vetou a criação de centros de atendimento ao autista. 

O PL de autoria do deputado estadual @cristianominas a criação do Sistema Estadual de Atendimento Integrado à Pessoa com Transtorno do Espectro Autista (TEA).

É muita crueldade!#autismo",2,4,6
Miguel Ângelo,@MiguelAngelo_,https://twitter.com/MiguelAngelo_/status/1658101321512222721,2023-05-15T13:25:35.000Z,"A MP 1154, que trata da reestruturação administrativa do governo federal, deve ser votada essa semana.✊ Pela permanência da Conab no Ministério do Desenvolvimento Agrário.#FicaCONAB",0,1,5
Miguel Ângelo,@MiguelAngelo_,https://twitter.com/MiguelAngelo_/status/1657777833215655943,2023-05-14T16:00:10.000Z,As mães no Brasil não estão sozinhas. O Brasil Mãe voltou para ajudar a cuidar das famílias. #BrasilMãe,0,1,3
Miguel Ângelo,@MiguelAngelo_,https://twitter.com/MiguelAngelo_/status/1657314177537671168,2023-05-13T09:17:45.000Z,"🚩Gleisi em Minas 🗣️ A presidenta do PT, deputada federal Gleisi Hoffmann, estará em Minas Gerais nos dias 19 e 20 de maio.📍Belo Horizonte📍Contagem📍Teófilo Otoni📍Montes Claros

Em breve mais informações.",0,1,3
Miguel Ângelo,@MiguelAngelo_,https://twitter.com/MiguelAngelo_/status/1656359256491192323,2023-05-10T18:03:15.000Z,"🗣️""Liberdade de expressão não é liberdade para agressão! 

Liberdade de expressão não é liberdade de destruição da Democracia, das Instituições e honra alheias.

Liberdade de expressão não é liberdade para proferir discursos de ódio.""",0,1,2
Miguel Ângelo,@MiguelAngelo_,https://twitter.com/MiguelAngelo_/status/1656354394957393923,2023-05-10T17:43:55.000Z,"🗣️ As mídias digitais não podem ser um ambiente onde o criminoso tem passe livre. 

O que é crime no mundo real, é também no virtual.",0,0,2
Miguel Ângelo,@MiguelAngelo_,https://twitter.com/MiguelAngelo_/status/1656340980553875477,2023-05-10T16:50:37.000Z,"Alexandre de Moraes determina multa e suspensão do Telegram, após disparo de mentiras contra o PL 2630 que combate às fake news nas redes socias.",0,0,2
Miguel Ângelo,@MiguelAngelo_,https://twitter.com/MiguelAngelo_/status/1656046056612741137,2023-05-09T21:18:42.000Z,"🚨 CRIMINOSOS! Primeiro o Google, agora o Telegram também dispara mensagens mentirosas sobre o PL2630, que combate às Fake News.

O Projeto de Lei não prevê nenhum tipo de censura. Ele garante verdade, liberdade e proteção nas redes contra os crimes que já existem fora delas.",1,1,1
Miguel Ângelo,@MiguelAngelo_,https://twitter.com/MiguelAngelo_/status/1655979274438860802,2023-05-09T16:53:20.000Z,David 🖤,0,0,1
Miguel Ângelo,@MiguelAngelo_,https://twitter.com/MiguelAngelo_/status/1655965656607604736,2023-05-09T15:59:13.000Z,"🖤 O Brasil está em luto. Perdemos hoje Rita Lee, artista que inspirou gerações e David Miranda, ex-deputado federal referência na luta em defesa dos direitos da população LBTQIAP+. 

Deus dê forças e conforte o coração de todos familiares e amigos.",0,1,5
Miguel Ângelo,@MiguelAngelo_,https://twitter.com/MiguelAngelo_/status/1653750059865976834,2023-05-03T13:15:14.000Z,👍,1,2,4
Miguel Ângelo,@MiguelAngelo_,https://twitter.com/MiguelAngelo_/status/1653743842141585413,2023-05-03T12:50:31.000Z,"Gente, será que com a apreensão do celular do maior disseminador de mentiras 🤥 nas redes, o número de fake news caí? 🤣#BolsonaroNaCadeia",1,0,1
Miguel Ângelo,@MiguelAngelo_,https://twitter.com/MiguelAngelo_/status/1653729411429015558,2023-05-03T11:53:11.000Z,🚨 Adivinha quem despertou com a PF na porta? #BolsonaroNaCadeia,0,1,1
Miguel Ângelo,@MiguelAngelo_,https://twitter.com/MiguelAngelo_/status/1653516134098911237,2023-05-02T21:45:41.000Z,"O contexto em que vivemos não aceita mais situações flagrantes de discriminação por gênero, etnia e raça no mundo do trabalho. As empresas precisam dar transparência aos seus critérios de remuneração e promoção de seus funcionários. #IgualdadeSalarialJá",0,0,1
Miguel Ângelo,@MiguelAngelo_,https://twitter.com/MiguelAngelo_/status/1653515164665143296,2023-05-02T21:41:50.000Z,"TRABALHO IGUAL, SALÁRIO IGUAL
 A igualdade de gênero e a redução das desigualdades estão entre os 17 objetivos de desenvolvimento sustentável da Organização das Nações Unidas. #IgualdadeSalarialJá@JackRochaes",1,0,2
Miguel Ângelo,@MiguelAngelo_,https://twitter.com/MiguelAngelo_/status/1653373393855471617,2023-05-02T12:18:29.000Z,"PL 2630 defende a vida das nossas crianças.

Em frente ao Congresso Nacional 35 mochilas vazias em memória às 35 crianças e educadores que perderam suas vidas em consequência da violência nas escolas. A votação está prevista para hoje.#PL2630SALVAVIDAS",0,5,8
Miguel Ângelo,@MiguelAngelo_,https://twitter.com/MiguelAngelo_/status/1653354834907602944,2023-05-02T11:04:45.000Z,Chega de mentiras! Vamos aprovar a lei da verdade e do cuidado #PL2630Já,0,0,3
Miguel Ângelo,@MiguelAngelo_,https://twitter.com/MiguelAngelo_/status/1653075755889295361,2023-05-01T16:35:47.000Z,Vamos combater o terrorismo e o crime organizado #RegulaJá,0,0,1
Miguel Ângelo,@MiguelAngelo_,https://twitter.com/MiguelAngelo_/status/1653075611341013003,2023-05-01T16:35:13.000Z,"O que não pode no mundo real, não pode no mundo virtual. #MentirasMatam #PL2630Já #RegulaJá",1,0,1
Miguel Ângelo,@MiguelAngelo_,https://twitter.com/MiguelAngelo_/status/1653075307606179840,2023-05-01T16:34:00.000Z,Vamos proteger nossas crianças #PL2630SalvaVidas,1,0,3
Miguel Ângelo,@MiguelAngelo_,https://twitter.com/MiguelAngelo_/status/1653075087673663488,2023-05-01T16:33:08.000Z,Mentiras matam #RegulaJá,1,2,7
Miguel Ângelo,@MiguelAngelo_,https://twitter.com/MiguelAngelo_/status/1653069703680606215,2023-05-01T16:11:44.000Z,"Parabéns trabalhadores e trabalhadoras! 

Celebremos também a chegada de novos tempos, de direitos resgatados e valorização de todas categorias.

Condições justas de trabalho são direitos garantidos pela Declaração Universal dos Direitos Humanos. #1deMaio",0,0,1
