nome,usuario,idTweet,dataPublicacao,texto,replies,retweets,likes
Murilo Galdino,@murilogaldinopb,https://twitter.com/murilogaldinopb/status/1663222371266838538,2023-05-29T16:34:49.000Z,"❗️Faço um apelo ao ministro da Educação, @CamiloSantanaCE e ao presidente @LulaOficial, para rever essa política de aumento no FIES, que poderá levar centenas de jovens a abandonarem o curso e o seu sonho. 🙏🏻",0,0,2
Murilo Galdino,@murilogaldinopb,https://twitter.com/murilogaldinopb/status/1663222136729743360,2023-05-29T16:33:53.000Z,"Quando as faculdades reajustam as mensalidades, o valor fica ainda mais alto. Tem aluno que começou o curso pagando R$ 800, mas agora são R$ 2.103. Se largar o curso, fica sem diploma e com a dívida altíssima. 😩",0,0,1
Murilo Galdino,@murilogaldinopb,https://twitter.com/murilogaldinopb/status/1663222053980258305,2023-05-29T16:33:33.000Z,"O programa financia 💰 R$ 8,8 mil por mês, mas as faculdades privadas cobram mais de R$ 10 mil. Essa diferença precisa ser paga todo mês pelos estudantes.",0,0,1
Murilo Galdino,@murilogaldinopb,https://twitter.com/murilogaldinopb/status/1663221992483434496,2023-05-29T16:33:18.000Z,Pois é! Isso por causa do teto do financiamento e alta de mensalidades. Segue o fio… 🧵,0,0,1
Murilo Galdino,@murilogaldinopb,https://twitter.com/murilogaldinopb/status/1663221941090545667,2023-05-29T16:33:06.000Z,Vocês estão sabendo que os alunos de medicina ⚕️ do Fies cogitam largar o curso?,0,0,2
Murilo Galdino,@murilogaldinopb,https://twitter.com/murilogaldinopb/status/1661848215077937152,2023-05-25T21:34:24.000Z,Uma notícia que aproximará cada vez mais os brasileiros do sonho de ter seu próprio carro. 🚗Segue o fio… 🧵,1,0,1
Murilo Galdino,@murilogaldinopb,https://twitter.com/murilogaldinopb/status/1659535494005260292,2023-05-19T12:24:29.000Z,"Parabenizo o governador João Azevêdo, por todos os investimentos que têm sido feitos na educação da Paraíba nos últimos anos. 👏🏻 

Cuidando do nosso futuro! 🤝",4,0,0
Murilo Galdino,@murilogaldinopb,https://twitter.com/murilogaldinopb/status/1659535435708628993,2023-05-19T12:24:15.000Z,"E tem mais, viu? O governador aproveitou a oportunidade para anunciar que vai reajustar em 80% os salários dos professores contratados do estado. 🥹O aumento entrará em vigor em 🗓️ julho e visa equiparar os salários dos professores efetivos e temporários.",1,0,1
Murilo Galdino,@murilogaldinopb,https://twitter.com/murilogaldinopb/status/1659535378976497666,2023-05-19T12:24:01.000Z,Esta é uma parceria com o Governo Federal. ⭐,1,0,1
Murilo Galdino,@murilogaldinopb,https://twitter.com/murilogaldinopb/status/1659535342104453123,2023-05-19T12:23:52.000Z,"Ainda ontem, foram autorizadas a retomada de obras paralisadas da Educação Básica do estado em 86 municípios, através da assinatura ✍️  do ministro da Educação, Camilo Santana.

 ➡️As obras terão um investimento de R$ 101 milhões para ações em 44 creches, 20 escolas e 61 quadras.",1,0,0
Murilo Galdino,@murilogaldinopb,https://twitter.com/murilogaldinopb/status/1659535094149791744,2023-05-19T12:22:53.000Z,"O programa também vai colocar em prática o Pacto pela Alfabetização na Idade Certa pelo Regime de Colaboração com os Municípios, por meio de atividades técnicas e estratégias pedagógicas.

E não é só isso... 👀",1,1,1
Murilo Galdino,@murilogaldinopb,https://twitter.com/murilogaldinopb/status/1659535032078270464,2023-05-19T12:22:38.000Z,"Vocês estão sabendo que o 'Alfabetiza Mais Paraíba', que foi lançado nesta quinta, prevê R$ 23 milhões para a educação do nosso estado? 💰📚Segue o fio! 🧶O investimento será utilizado para elaboração de material, bolsas para formação de profissionais e premiações escolares.",2,0,0
Murilo Galdino,@murilogaldinopb,https://twitter.com/murilogaldinopb/status/1658487848440578048,2023-05-16T15:01:30.000Z,"Urgente! Petrobras anuncia redução de 21,3% no gás de cozinha, 12,6% na gasolina e 12,8% no diesel.",2,0,3
Murilo Galdino,@murilogaldinopb,https://twitter.com/murilogaldinopb/status/1658165504610037760,2023-05-15T17:40:38.000Z,"Atenção, minha Paraíba! O governador @joaoazevedolins anunciou mais de 2.300 vagas em concursos públicos para diversos setores do estado.",2,0,1
Murilo Galdino,@murilogaldinopb,https://twitter.com/murilogaldinopb/status/1656993095227940864,2023-05-12T12:01:54.000Z,"Viva! No Diário Oficial da União desta sexta-feira (12), foi publicada a lei que viabiliza o pagamento do piso salarial de enfermeiros, técnicos de enfermagem, auxiliares e parteiras.",2,0,1
Murilo Galdino,@murilogaldinopb,https://twitter.com/murilogaldinopb/status/1655941991618981893,2023-05-09T14:25:11.000Z,"Autêntica desde o princípio, e irreverente por natureza, hoje o Brasil se despede de Rita Lee, nossa rainha do rock. Suas canções foram trilhas de muitos momentos meus e de grande parte dos brasileiros. Faça uma boa passagem 🥲🖤",1,0,0
Murilo Galdino,@murilogaldinopb,https://twitter.com/murilogaldinopb/status/1654497647191785474,2023-05-05T14:45:52.000Z,"Graças a Deus, a ciência e as vacinas, a OMS acaba de decretar o fim da emergência sanitária da Covid-19 em todo o mundo. 🙏🏻",3,0,0
