nome,usuario,idTweet,dataPublicacao,texto,replies,retweets,likes
Natália Bonavides,@natbonavides,https://twitter.com/natbonavides/status/1663687186397515780,2023-05-30T23:21:49.000Z,VERGONHOSA A APROVAÇÃO DO MARCO TEMPORAL. Que o Senado barre esse ataque da direita contra os povos indígenas.,18,37,316
Natália Bonavides,@natbonavides,https://twitter.com/natbonavides/status/1663685452212195328,2023-05-30T23:14:56.000Z,"ABSURDO! A bancada do retrocesso na Câmara acaba de aprovar o projeto INCONSTITUCIONAL do marco temporal para retirar o direito dos povos indígenas à terra e entregá-la para ruralistas, madeireiros e para o garimpo ilegal. Seguimos a luta para derrubar esse projeto no Senado!",16,49,242
Natália Bonavides,@natbonavides,https://twitter.com/natbonavides/status/1663655373079707655,2023-05-30T21:15:24.000Z,"O Marco Temporal de terras indígenas vai na contramão da proteção e segurança ambiental: quer escancarar a porteira para a boiada passar, o garimpo ilegal, o desmatamento sem controle. Mobilize-se contra o projeto de destruição: #PL490NAO!",4,24,90
Natália Bonavides,@natbonavides,https://twitter.com/natbonavides/status/1663654658542391296,2023-05-30T21:12:34.000Z,É dever do Estado brasileiro garantir os direitos territoriais dos povos indígenas previstos na Constituição. Estamos na luta para derrubar esse projeto absurdo! #PL490NÃO,1,19,68
Natália Bonavides,@natbonavides,https://twitter.com/natbonavides/status/1663651735083024386,2023-05-30T21:00:57.000Z,"A tese do marco temporal é inconstitucional, quer reconhecer o direito à terra somente de povos que ocupavam o território até a promulgação da Constituição de 88, ignorando o histórico de remoções forçadas e violências cometidas, em especial durante a ditadura. #PL490NÃO",4,27,98
Natália Bonavides,@natbonavides,https://twitter.com/natbonavides/status/1663649254949134336,2023-05-30T20:51:06.000Z,"O Projeto de Lei 490/07 insere no Estatuto do Índio a tese do Marco Temporal para revisar áreas indígenas oficializadas há décadas e permitir empreendimentos predatórios, mineração e a destruição do meio ambiente. É fundamental nossa mobilização: #PL490NÃO",1,20,57
Natália Bonavides,@natbonavides,https://twitter.com/natbonavides/status/1663648249264185345,2023-05-30T20:47:06.000Z,Urgente 🚨 Pode ser votado hoje na Câmara Federal o projeto do marco temporal que visa retirar os direitos dos povos indígenas e atacar diretamente o meio ambiente e os territórios. Participe das mobilizações contra o projeto com hashtag #PL490NAO,9,61,144
Natália Bonavides,@natbonavides,https://twitter.com/natbonavides/status/1663560408941359104,2023-05-30T14:58:03.000Z,"Minha solidariedade a deputada @taliriapetrone, colocada no Conselho de Ética pelo ex-ministro que se aproveitou da pandemia pra passar a boiada. Que ética acha que tem pra falar de Talíria, que sempre defendeu pautas justas? Derrotaremos juntas, companheira, essa ação covarde!",4,17,92
Natália Bonavides,@natbonavides,https://twitter.com/natbonavides/status/1663542374579200003,2023-05-30T13:46:23.000Z,"ABSURDO! Enquanto golpistas foram tratados como manifestantes democráticos e muitas vezes protegidos, indígenas que protestam legitimamente contra o marco temporal são recebidos com bombas e gás, em São Paulo. #MarcoTemporalNão #PL490nao",56,144,366
Natália Bonavides,@natbonavides,https://twitter.com/natbonavides/status/1663539150329647104,2023-05-30T13:33:35.000Z,NÃO ao PL 490!,0,11,43
Natália Bonavides,@natbonavides,https://twitter.com/natbonavides/status/1663288958804017153,2023-05-29T20:59:24.000Z,"A maior tentativa de compra de votos da história, e que deixou para trás um calote bilionário nas contas da Caixa. A derrota de Bolsonaro nas urnas foi um grande recado do Brasil",10,41,140
Natália Bonavides,@natbonavides,https://twitter.com/natbonavides/status/1663222636602703895,2023-05-29T16:35:52.000Z,"Mais Segurança Hídrica para o povo potiguar! A governadora @fatimabezerra anunciou a liberação de R$ 6 milhões para a barragem de Passagem de Traíras, o ramal Apodi/Mossoró e a barragem de Oiticica. Obras fundamentais para o RN e que são prioridades para o governo @LulaOficial.",3,15,91
Natália Bonavides,@natbonavides,https://twitter.com/natbonavides/status/1663182826215276544,2023-05-29T13:57:40.000Z,"JOGA MUITO! O potiguar de Carnaúba dos Dantas Ayrton Lucas foi convocado para a Seleção Brasileira de Futebol. O Rio Grande do Norte tem muito orgulho de você, Ayrton! Parabéns!",2,9,126
Natália Bonavides,@natbonavides,https://twitter.com/natbonavides/status/1662185313437925385,2023-05-26T19:53:55.000Z,"Boa notícia: A COP 2025 será na Amazônia! Presidente @LulaOficial acaba de divulgar que a COP 30, Conferência das Nações Unidas sobre Mudança do Clima, será realizada em Belém (PA). Excelente escolha, a Amazônia é fundamental nos debates sobre o futuro que queremos!",9,26,168
Natália Bonavides,@natbonavides,https://twitter.com/natbonavides/status/1661810279544487938,2023-05-25T19:03:40.000Z,O ministro @MarcioMacedoPT e a ministra @simonetebetbr já estão em Natal para a consulta popular sobre ideias e projetos para a construção do Plano Plurianual (PPA). Que bom é ter de volta esse governo que coloca o povo no orçamento e nas esferas de decisão sobre ele! @govbr,12,30,189
Natália Bonavides,@natbonavides,https://twitter.com/natbonavides/status/1661790063317975042,2023-05-25T17:43:20.000Z,"Já estou com a governadora @fatimabezerra recebendo a ministra @simonetebetbr e o ministro @MarcioMacedoPT aqui em Natal, para a plenária do Plano Plurianual Participativo, o PPA. É daqui a pouco na Escola do Governo, venham simbora!",26,20,170
Natália Bonavides,@natbonavides,https://twitter.com/natbonavides/status/1661778669851770880,2023-05-25T16:58:03.000Z,"RETROCESSO o relatório da MP da reestruturação do governo aprovado pela comissão mista do Congresso, esvaziando os Ministérios do Meio Ambiente e Povos Indígenas. Lutaremos pelo texto original e não aceitaremos desmontes!",12,28,165
Natália Bonavides,@natbonavides,https://twitter.com/natbonavides/status/1661549127446982657,2023-05-25T01:45:56.000Z,"ABSURDO! Na calada da noite, Arthur Lira coloca em votação a urgência do PL que estabelece a tese do Marco Temporal, um ataque aos povos originários. É mais uma manobra para invadir terras demarcadas. Não vamos permitir! Votamos contra!",41,206,863
Natália Bonavides,@natbonavides,https://twitter.com/natbonavides/status/1661359503541952512,2023-05-24T13:12:26.000Z,"IMPORTANTE! O Líder do PT no Senado, o senador Fabiano @ContaratoSenado, pediu abertura de inquérito policial por injúria racial contra o senador bolsonarista, que falou absurdos sobre o caso Vini Jr. Racistas não passarão!",5,33,246
Natália Bonavides,@natbonavides,https://twitter.com/natbonavides/status/1661163588633886721,2023-05-24T00:13:57.000Z,"IMPORTANTE! Acabamos de aprovar na Câmara Moção de Repúdio à La Liga - Federação Espanhola de Futebol e também ao seu presidente, Javier Tebas Medrano, pelos atos de racismo contra o jogador brasileiro @ViniJr. RACISTAS NÃO PASSARÃO! 🎨 @rodrigosansei",3,39,279
Natália Bonavides,@natbonavides,https://twitter.com/natbonavides/status/1661111431427678208,2023-05-23T20:46:41.000Z,Desmoronou,31,135,812
Natália Bonavides,@natbonavides,https://twitter.com/natbonavides/status/1661046128354246663,2023-05-23T16:27:12.000Z,"Se esse tweet passou por você, poste uma foto sua com o boné do MST e a tag #TôComMST",27,74,470
Natália Bonavides,@natbonavides,https://twitter.com/natbonavides/status/1661004761045565440,2023-05-23T13:42:49.000Z,"Feliz aniversário, ministra! 🎈🎉",1,0,41
Natália Bonavides,@natbonavides,https://twitter.com/natbonavides/status/1660638554051993601,2023-05-22T13:27:39.000Z,Racismo dentro e fora dos campos é inadmissível! Minha solidariedade ao jogador @vinijr. Faço minhas palavras as do presidente @LulaOficial. Que a Liga Espanhola e a FIFA tomem sérias providências!,6,18,114
Natália Bonavides,@natbonavides,https://twitter.com/natbonavides/status/1659672590149984258,2023-05-19T21:29:15.000Z,#ToComMST,8,19,73
Natália Bonavides,@natbonavides,https://twitter.com/natbonavides/status/1659563659520098305,2023-05-19T14:16:24.000Z,ATENÇÃO MEU RN! O Aeroporto de São Gonçalo foi relicitado e com valor acima do esperado! Parabéns à governadora @fatimabezerra por todo o trabalho para a relicitação desse equipamento tão importante. Que a mudança traga ainda mais desenvolvimento pro nosso estado!,9,27,175
Natália Bonavides,@natbonavides,https://twitter.com/natbonavides/status/1659529464861057026,2023-05-19T12:00:31.000Z,"Hoje é aniversário da melhor governadora que o RN já teve! É um orgulho estar ao seu lado companheira @fatimabezerra, uma militante incansável na defesa do povo potiguar. Sua trajetória é inspiração para todas e todos nós. Parabéns ❤️⭐!",14,38,372
Natália Bonavides,@natbonavides,https://twitter.com/natbonavides/status/1659213666401525761,2023-05-18T15:05:39.000Z,"Tamo junto, companheirada! Vocês têm todo o nosso apoio. Faremos frente a esses ataques à luta pela reforma agrária e por alimentação de qualidade para o nosso povo. Viva o MST🚩",8,34,159
Natália Bonavides,@natbonavides,https://twitter.com/natbonavides/status/1659167476402274307,2023-05-18T12:02:06.000Z,"Um especialista falando mal da mudança da política de preços da @petrobras ontem numa grande rádio: ""isso aí vai fazer nos próximos meses a inflação cair. Você também vai ter uma obrigação do Banco Central de reduzir os juros (...)"" 😂🥰😍",21,53,378
Natália Bonavides,@natbonavides,https://twitter.com/natbonavides/status/1658898796573597700,2023-05-17T18:14:28.000Z,"Powerpoint de acordo com os fatos, não apenas convicções. O Brasil com o presidente @LulaOficial voltou a crescer e garantir direitos!",17,79,377
Natália Bonavides,@natbonavides,https://twitter.com/natbonavides/status/1658828813977919489,2023-05-17T13:36:23.000Z,"O Brasil é o país com maior número de pessoas LGBT+ assassinadas. Neste Dia Internacional de Combate à LGBTfobia, reafirmamos o compromisso de nosso mandato com a defesa dos direitos dessa população. Direito de ser quem se é. Conheça algumas de nossas ações nessa pauta. 🏳️‍🌈🏳️‍⚧️",2,22,98
Natália Bonavides,@natbonavides,https://twitter.com/natbonavides/status/1658644976119472132,2023-05-17T01:25:53.000Z,"JUSTIÇA! O promotor que fez conluio com juiz para condenar um inocente tem que pagar pelos seus crimes. A lava-jato segue indo para a lata do lixo da história, onde é o seu lugar!",45,75,496
Natália Bonavides,@natbonavides,https://twitter.com/natbonavides/status/1658626370971348997,2023-05-17T00:11:57.000Z,QUE DIA!,12,13,232
Natália Bonavides,@natbonavides,https://twitter.com/natbonavides/status/1658623505355747328,2023-05-17T00:00:34.000Z,Mandato de Dallagnol CASSADO! Tribunal Superior Eleitoral acaba de determinar que Deltan Dallagnol perca o mandato pelas tentativas de evitar ser punido pelas falcatruas que fez na lava-jato!,46,121,1.115
Natália Bonavides,@natbonavides,https://twitter.com/natbonavides/status/1658583871527567363,2023-05-16T21:23:04.000Z,"Um dia muito especial para o povo brasileiro, presidente @LulaOficial!",13,52,313
Natália Bonavides,@natbonavides,https://twitter.com/natbonavides/status/1658545994231865370,2023-05-16T18:52:33.000Z,O famigerado ato falho! #SemAnistia,23,43,230
Natália Bonavides,@natbonavides,https://twitter.com/natbonavides/status/1658524911608922121,2023-05-16T17:28:47.000Z,"Que dia, companheirada! Depois dos anúncios do fim do PPI da Petrobras e a redução nos combustíveis, ainda teve pesquisa da CNT mostrando que 57,4% aprovam o início do governo @LulaOficial. 😍 #FazOL",4,14,119
Natália Bonavides,@natbonavides,https://twitter.com/natbonavides/status/1658521109585592337,2023-05-16T17:13:41.000Z,"Simbora abrasileirar o preço da gasolina ✊! 

O presidente da Petrobras @jeanpaulprates anunciou em coletiva os novos valores: 

Gasolina:  R$ 0,40 por litro (-12,6%)
Diesel:  R$ 0,44 por litro (-12,8%)
Botijão de 13kg:  R$8,97 (-21,3%)

O povo brasileiro é prioridade de novo.",12,45,190
Natália Bonavides,@natbonavides,https://twitter.com/natbonavides/status/1658511904615038988,2023-05-16T16:37:06.000Z,Foi pra isso que eu fiz o L!,14,49,251
Natália Bonavides,@natbonavides,https://twitter.com/natbonavides/status/1658485364187877380,2023-05-16T14:51:38.000Z,"IMPORTANTE! A Petrobras acaba de anunciar redução nos preços:✔️ Gasolina:  R$ 0,40 por litro (-12,6%)✔️Diesel:  R$ 0,44 por litro (-12,8%)✔️Botijão de 13kg:  R$8,97 (-21,3%)

FAZ O L!",187,740,3.164
Natália Bonavides,@natbonavides,https://twitter.com/natbonavides/status/1658456845671866368,2023-05-16T12:58:19.000Z,Excelente notícia! Petrobras anuncia nova política de preços para combustíveis e o fim da política de paridade internacional. Os preços não serão mais atrelados ao dólar e a Petrobras terá mais flexibilidade pra ajustá-los de acordo com os interesses do Brasil e dos brasileiros!,14,22,203
Natália Bonavides,@natbonavides,https://twitter.com/natbonavides/status/1658178059697020931,2023-05-15T18:30:31.000Z,"DEPÓSITOS EM DINHEIRO VIVO na conta de Michelle Bolsonaro! A PF identificou que Mauro Cid, capanga de Jair Bolsonaro, era responsável por um esquema de desvio de dinheiro e rachadinha dentro do Palácio do Planalto. Quem diria? Bolsonaros envolvidos com rachadinha. Vcs imaginavam?",18,22,150
Natália Bonavides,@natbonavides,https://twitter.com/natbonavides/status/1658102066877804545,2023-05-15T13:28:33.000Z,"Mais de R$ 73 milhões investidos na cultura potiguar! A Lei Paulo Gustavo é o maior repasse direto à cultura da história do país, são cerca de R$ 3,8 bilhões para as cidades brasileiras. Dos R$ 73,6 milhões para o RN, mais de R$ 39 milhões serão administrados pelo @GovernodoRN +",3,27,156
Natália Bonavides,@natbonavides,https://twitter.com/natbonavides/status/1657808107349704704,2023-05-14T18:00:28.000Z,"Marielle, filha de Marinete. Mãe de Luyara. Neste dia 14, e dia das mães, deixo um abraço apertado para a família de Marielle. A luta de vocês é nossa também. Estamos juntas por respostas, justiça e pelo legado e memória de Marielle Franco. Marielle presente hoje e sempre! 🌻",31,50,726
Natália Bonavides,@natbonavides,https://twitter.com/natbonavides/status/1657768345796501508,2023-05-14T15:22:28.000Z,"CAMPEÃS!!!! Em vitória inédita, nossa seleção feminina de futsal venceu o I Torneio Internacional por 4 a 0! Que orgulho de nossas jogadoras! Que orgulho do @govbr e do @EsporteGovBR, que acreditam e investem em nossas atletas! Parabéns!!! 🇧🇷",6,17,152
Natália Bonavides,@natbonavides,https://twitter.com/natbonavides/status/1657731663995060226,2023-05-14T12:56:42.000Z,Feliz dia das mães! ❤️,1,5,193
Natália Bonavides,@natbonavides,https://twitter.com/natbonavides/status/1657492853692456962,2023-05-13T21:07:45.000Z,MAIS ESCÂNDALO! Polícia Federal revela mais uma corrupção de Bolsonaro. Empresa com contratos públicos foi a origem de diversas transferências feitas para pagar o cartão de crédito da ex-primeira-dama! Leia em:,28,82,330
Natália Bonavides,@natbonavides,https://twitter.com/natbonavides/status/1657388529117216768,2023-05-13T14:13:12.000Z,Boa notícia! Pesquisa aponta nosso mandato como o melhor da Câmara Federal representando o RN. Obrigada a todas e todos. Esse reconhecimento fortalece ainda mais nossas lutas para garantir direitos ao povo potiguar e brasileiro!,12,24,184
Natália Bonavides,@natbonavides,https://twitter.com/natbonavides/status/1657091313194393643,2023-05-12T18:32:10.000Z,Ah coisa linda! O Brasil merece demais um presidente que ama seu povo de verdade❤️,36,87,748
Natália Bonavides,@natbonavides,https://twitter.com/natbonavides/status/1657081372278759425,2023-05-12T17:52:40.000Z,"Ótima notícia! A Governadora @FatimaBezerra garantiu junto ao ministro das Cidades, @JaderbFilho, a retomada das obras do Pró-Transporte, na Zona Norte de Natal. Um sonho antigo dos moradores da região. Serão liberados cerca de R$ 70 milhões para a conclusão da terceira etapa!",2,10,68
Natália Bonavides,@natbonavides,https://twitter.com/natbonavides/status/1656993124361568257,2023-05-12T12:02:00.000Z,ATENÇÃO ENFERMAGEM! O presidente @LulaOficial vai sancionar hoje o piso salarial da categoria. O Governo Federal destinará mais R$ 7 bilhões aos sistemas de saúde para a implementação do piso. Uma vitória histórica!,9,24,135
Natália Bonavides,@natbonavides,https://twitter.com/natbonavides/status/1656833292329443328,2023-05-12T01:26:54.000Z,É lastimável a informação judicial de que os assassinos de Eliel não poderão ir a júri em Mossoró. A tentativa de garantir uma suposta imparcialidade nos leva a um sistema cada vez mais parcial e que toma lado: o da LGBTfobia e da opressão.,0,16,107
Natália Bonavides,@natbonavides,https://twitter.com/natbonavides/status/1656807218149244928,2023-05-11T23:43:17.000Z,VIVA A CULTURA BRASILEIRA! Que orgulho da nossa Ministra da Cultura! Esse é o clima na cerimônia de regulamentação da Lei Paulo Gustavo! #LeiPauloGustavo @MagaAfroPop @CulturaGovBr,5,23,128
Natália Bonavides,@natbonavides,https://twitter.com/natbonavides/status/1656768332098404354,2023-05-11T21:08:46.000Z,"Das ~coincidências~ da vida. No dia que o presidente @LulaOficial regulamenta a Lei Paulo Gustavo, de ajuda ao setor cultural, o ex-secretário bolsonarista de cultura, hoje deputado federal, agride jornalista. Deve tá sendo difícil ver esse país no rumo certo. ☕Viva a cultura!",0,17,124
Natália Bonavides,@natbonavides,https://twitter.com/natbonavides/status/1656766967502569472,2023-05-11T21:03:20.000Z,"Viva a cultura! Depois de quatros anos de ataques, esse setor volta a ser respeitado ✊✊✊",0,7,43
Natália Bonavides,@natbonavides,https://twitter.com/natbonavides/status/1656765751951257610,2023-05-11T20:58:31.000Z,Simbora construir o Brasil que queremos?,1,11,50
Natália Bonavides,@natbonavides,https://twitter.com/natbonavides/status/1656763958324256770,2023-05-11T20:51:23.000Z,Bolsonarismo em desespero! Deputado apoiador do genocida parte pra agressão contra jornalista. Vergonhoso! Essa galera pensa que está no grupo de zap. Que responda pela quebra de decoro!,54,56,239
Natália Bonavides,@natbonavides,https://twitter.com/natbonavides/status/1656712164332257296,2023-05-11T17:25:34.000Z,Você sabia que a Prefeitura de Natal está ao lado das empresas e não do povo nessa crise do transporte público?!,5,29,139
Natália Bonavides,@natbonavides,https://twitter.com/natbonavides/status/1656659696525385734,2023-05-11T13:57:05.000Z,Acompanhe agora a primeira plenária estadual do Plano Plurianual (PPA) Participativo. É o povo decidindo as prioridades do governo @LulaOficial para os próximos quatro anos!,0,8,40
Natália Bonavides,@natbonavides,https://twitter.com/natbonavides/status/1656645862381035521,2023-05-11T13:02:07.000Z,"O que houve com o deputado @Renatoafjr tem nome muito bem definido. Revista ""aleatória"" dentro de aeronave? De passageiro já embarcado, tendo passado por Raio-X? Isso existe? Abordagem escancaradamente racista, escancaradamente humilhante. Que os autores sejam responsabilizados!",14,57,321
Natália Bonavides,@natbonavides,https://twitter.com/natbonavides/status/1656644794330800130,2023-05-11T12:57:52.000Z,"Bom dia, gente! Hoje tem o lançamento oficial da Lei Paulo Gustavo, que vai liberar R$ 3,8 bilhões para o setor cultural dos estados e municípios. Para o RN, serão R$ 76 milhões. Viva a cultura!",5,17,146
Natália Bonavides,@natbonavides,https://twitter.com/natbonavides/status/1656456853038006275,2023-05-11T00:31:03.000Z,"Solicitamos à STTU informações sobre a obra no cruzamento das avenidas Hermes da Fonseca e Alexandrino de Alencar, no Tirol. Estamos apurando os impactos da obra para as pessoas que trafegam pelas vias.A Mobilidade Urbana da cidade deve atender às reais necessidades da população.",6,27,180
Natália Bonavides,@natbonavides,https://twitter.com/natbonavides/status/1656456208222396416,2023-05-11T00:28:30.000Z,"Hoje tivemos um dia aprovações de projetos importantes para o nosso povo. Segue só o fio:

- Criação o Dia Nacional em Memória das Vítimas da COVID-19 (PL 2120/2022). +",2,20,201
Natália Bonavides,@natbonavides,https://twitter.com/natbonavides/status/1656439223082274823,2023-05-10T23:21:00.000Z,"Na Comissão da Mulher da Câmara Federal, falei pra nossa ministra @CidaMulheres do orgulho que nós sentimentos do rumo que o Ministério da Mulher tomou. Atualmente, aplicamos políticas públicas concretas na área da segurança, trabalho, renda e saúde das mulheres. Vamos juntas!",3,32,170
Natália Bonavides,@natbonavides,https://twitter.com/natbonavides/status/1656420035898875906,2023-05-10T22:04:46.000Z,"Cumprimentando nossa ministra da Mulher @CidaMulheres, que esteve hoje na Comissão da Mulher, da Câmara Federal. Aproveitei para parabenizar pelo ótimo trabalho que ela tem feito à frente da pasta. Vem muita coisa boa por aí!",1,7,85
Natália Bonavides,@natbonavides,https://twitter.com/natbonavides/status/1656406766681223173,2023-05-10T21:12:02.000Z,"Olha que notícia boa! A querida companheira e deputada federal @dasilvabenedita foi eleita coordenadora da Bancada Feminina da Câmara Federal. Parabéns, compas, estaremos muito bem representadas!",3,17,279
Natália Bonavides,@natbonavides,https://twitter.com/natbonavides/status/1656281088975667201,2023-05-10T12:52:38.000Z,"O prefeito de Natal fala em ajuda do @GovernodoRN para custear o transporte público de Natal. Como sempre joga a culpa para os outros. Ele ""esqueceu"" que a governadora @FatimaBezerra isenta as empresas de ônibus de pagar ICMS sobre o diesel desde 2020. São R$ 16 milhões ao ano!",13,37,142
Natália Bonavides,@natbonavides,https://twitter.com/natbonavides/status/1656013649667051520,2023-05-09T19:09:55.000Z,"ABSURDO! O texto mentiroso sobre o PL das Fake News, enviado pelo Telegram para os seus usuários, parece ter saído das profundezas das notícias falsas do Zap. É um desrespeito total ao Brasil e mostra mais uma vez a necessidade de aprovarmos o PL 2630!",13,46,296
Natália Bonavides,@natbonavides,https://twitter.com/natbonavides/status/1655958757405503488,2023-05-09T15:31:48.000Z,"O problema dos transportes em Natal pode ser recorrente, mas a gestão atual conseguiu piorar. Linhas foram extintas e rotas foram alteradas e o prefeito Álvaro Dias tem responsabilidade direta. É inadmissível que esse caos instalado siga prejudicando o povo trabalhador.",7,32,177
Natália Bonavides,@natbonavides,https://twitter.com/natbonavides/status/1655946879325323267,2023-05-09T14:44:36.000Z,"Que tristeza o falecimento tão precoce do companheiro e ex-deputado federal David Miranda. Sua luta não será esquecida! Todo apoio e serenidade aos familiares e amigos.

David Miranda presente! 🎨 @desenhosdonando",1,13,239
Natália Bonavides,@natbonavides,https://twitter.com/natbonavides/status/1655942143301808130,2023-05-09T14:25:47.000Z,"Rita Lee eterna! Hoje o Brasil fica mais triste com o falecimento da nossa rainha do rock. Toda solidariedade aos familiares, amigos e fãs. 🖤",8,25,412
Natália Bonavides,@natbonavides,https://twitter.com/natbonavides/status/1655645868664446993,2023-05-08T18:48:30.000Z,"GRAVE! O Coronel Élcio Franco, secretário do Ministério da Saúde durante a gestão Pazuello, tratou de golpe de Estado com o amiguinho de Bolsonaro, Ailton Barros. Sem anistia pra golpista!",42,305,1.181
Natália Bonavides,@natbonavides,https://twitter.com/natbonavides/status/1655572798297743362,2023-05-08T13:58:08.000Z,"IMPORTANTE! A @UfrnBR anunciou o reajuste das bolsas estudantis. A partir de agora, os bolsistas receberão o mesmo valor das bolsas concedidas pelo CNPq e o reajuste para R$ 700,00 deverá entrar em vigor ainda este mês. Grande vitória do movimento estudantil!",3,20,117
Natália Bonavides,@natbonavides,https://twitter.com/natbonavides/status/1655570537597353984,2023-05-08T13:49:09.000Z,Avisa!,1,9,67
Natália Bonavides,@natbonavides,https://twitter.com/natbonavides/status/1655569818962018306,2023-05-08T13:46:18.000Z,BRASIL SORRIDENTE DE VOLTA! O presidente @LulaOficial sanciona hoje o projeto de lei que garante aos brasileiros e brasileiras o direito ao tratamento de saúde bucal pelo SUS. Sorria 😁 que o Brasil voltou!,4,26,187
Natália Bonavides,@natbonavides,https://twitter.com/natbonavides/status/1655559034286530560,2023-05-08T13:03:27.000Z,"Que tristeza a notícia do falecimento de Flávia BigBig, influenciadora potiguar conhecida no Brasil todo pelos seus vídeos e memes. Toda solidariedade e apoio para os familiares e amigos nesse momento de tanta dor🖤",6,31,614
Natália Bonavides,@natbonavides,https://twitter.com/natbonavides/status/1655281705165418499,2023-05-07T18:41:26.000Z,Seu Pernambuco!,4,10,494
Natália Bonavides,@natbonavides,https://twitter.com/natbonavides/status/1654925335660470272,2023-05-06T19:05:21.000Z,"Companheiro @MarceloFreixo , que alegria seu retorno ao @PTBrasil 🚩",9,48,778
Natália Bonavides,@natbonavides,https://twitter.com/natbonavides/status/1654888270659043328,2023-05-06T16:38:04.000Z,#FreeAssange,5,36,194
Natália Bonavides,@natbonavides,https://twitter.com/natbonavides/status/1654878647981834241,2023-05-06T15:59:50.000Z,Lindo demais!,7,34,303
Natália Bonavides,@natbonavides,https://twitter.com/natbonavides/status/1654571342992224256,2023-05-05T19:38:43.000Z,Que alegria! A barragem de Pau dos Ferros sangrou depois de 14 anos 😍.🎥 Raffa / Viva Pau dos Ferros,16,54,645
Natália Bonavides,@natbonavides,https://twitter.com/natbonavides/status/1654552592607850497,2023-05-05T18:24:12.000Z,A OMS decretou o fim da pandemia. Dia histórico e de lembrar dos 701 mil brasileiros e brasileiras que perderam suas vidas para a covid-19. A vacina foi a nossa principal aliada pra chegarmos a essa vitória.,4,15,131
Natália Bonavides,@natbonavides,https://twitter.com/natbonavides/status/1654534148357234689,2023-05-05T17:10:55.000Z,"O presidente @LulaOficial assinou decreto para antecipar o pagamento do 13º para 30 milhões de brasileiros beneficiários do INSS. São R$ 62,6 bilhões investidos na antecipação!",3,23,153
Natália Bonavides,@natbonavides,https://twitter.com/natbonavides/status/1654200827295289358,2023-05-04T19:06:25.000Z,"GRAVE! Áudios comprovam o que já sabíamos: aliados de Bolsonaro tramaram um Golpe de Estado. A conversa obtida pela PF é entre o tenente coronel Mauro Cid e o ex-major do exército, Ailton Barros, ambos foram presos na Operação sobre a fraude no cartão de vacina do ex-presidente.",27,292,2.000
Natália Bonavides,@natbonavides,https://twitter.com/natbonavides/status/1654144914979004416,2023-05-04T15:24:14.000Z,"VITÓRIA HISTÓRICA DAS MULHERES! A Câmara Federal acaba de aprovar o projeto de lei (PL1085/23), encaminhado pelo presidente @LulaOficial  ao Congresso, para efetivar a igualdade salarial entre homens e mulheres no mercado de trabalho.",7,47,210
Natália Bonavides,@natbonavides,https://twitter.com/natbonavides/status/1654098760836808704,2023-05-04T12:20:50.000Z,"Pra começar colorindo nossa quinta, Manu! #Tbt do Acampamento Terra Livre.  #ATL2023",5,13,364
Natália Bonavides,@natbonavides,https://twitter.com/natbonavides/status/1653888443120861185,2023-05-03T22:25:07.000Z,"Hoje é aniversário da nossa ministra da Igualdade Racial @aniellefranco. Militante aguerrida na defesa dos direitos e da justiça. Felicidades, companheira!",4,18,287
Natália Bonavides,@natbonavides,https://twitter.com/natbonavides/status/1653867210056650752,2023-05-03T21:00:44.000Z,"Hoje é aniversário da nossa Ministra da Igualdade Racial @aniellefranco. Militante aguerrida na defesa dos direitos e da justiça. Felicidades, companheira!",17,49,559
Natália Bonavides,@natbonavides,https://twitter.com/natbonavides/status/1653829353333989394,2023-05-03T18:30:19.000Z,"🚨 A Polícia Federal encontrou hoje U$ 35 mil dólares em dinheiro vivo na casa do tenente-coronel Mauro Cid, ex-ajudante de ordens do ex-presidente genocida. Pense uma galera pra gostar de dinheiro vivo. Parece coisa de milícia. Só parece...",14,54,468
Natália Bonavides,@natbonavides,https://twitter.com/natbonavides/status/1653803137470197760,2023-05-03T16:46:08.000Z,"Aprovar o PL 1085/23, da igualdade salarial, atende a Agenda 2030 da ONU que prevê ""empoderar e promover a inclusão social, econômica e política, independentemente da idade, gênero, deficiência, raça, etnia, origem, religião, condição econômica ou outra."" #IgualdadeSalarialJá",1,10,51
Natália Bonavides,@natbonavides,https://twitter.com/natbonavides/status/1653797197362737164,2023-05-03T16:22:32.000Z,"BOMBA! Ex-major do exército, amigo de Bolsonaro, diz saber quem é o mandante da morte de Marielle e Anderson Gomes. Ailton Barros foi preso hoje durante operação da PF que fez busca na casa do genocida. 

QUEM MANDOU MATAR MARIELLE E ANDERSON GOMES? Queremos respostas!",17,132,755
Natália Bonavides,@natbonavides,https://twitter.com/natbonavides/status/1653758830763753478,2023-05-03T13:50:05.000Z,E a ex-primeira dama confirma a fraude nos cartões de vacina.,70,211,1.520
Natália Bonavides,@natbonavides,https://twitter.com/natbonavides/status/1653755993967280128,2023-05-03T13:38:48.000Z,"Bom dia, presidente! 💉💧",4,8,147
Natália Bonavides,@natbonavides,https://twitter.com/natbonavides/status/1653723992610447361,2023-05-03T11:31:39.000Z,"💣A CASA CAIU! PF faz busca e apreensão na casa de Bolsonaro e prende seu amiguinho, o tenente Mauro Cid Barbosa. A operação investiga a falsificação de certificados de vacinação contra a Covid. O objetivo era burlar regras sanitárias impostas pelo Brasil e EUA na pandemia.",7,37,278
Natália Bonavides,@natbonavides,https://twitter.com/natbonavides/status/1653558286854115328,2023-05-03T00:33:11.000Z,Aprovado! Projeto do @govbr que amplia direitos às mulheres atletas grávidas e no puerpério. A proposta vai contribuir com o combate ao machismo no ambiente esportivo e garantir às mulheres direitos como a bolsa atleta durante gestação e até 6 meses após nascimento da criança.,7,17,106
Natália Bonavides,@natbonavides,https://twitter.com/natbonavides/status/1653430881317527552,2023-05-02T16:06:56.000Z,Os únicos prejudicados com a aprovação do PL2630 são os criminosos que utilizam a internet como campo de guerra. #PL2630Sim #InternetSegura #PLContraFake,13,41,151
Natália Bonavides,@natbonavides,https://twitter.com/natbonavides/status/1653397911567233028,2023-05-02T13:55:55.000Z,"No dia da votação do projeto de lei 2630 (#PL2630SIM), que trata da transparência e responsabilidade nas redes sociais, instalação da Avaaz em frente ao Congresso Nacional relembra as vítimas de massacres em escolas nos últimos 10 anos.",11,47,181
Natália Bonavides,@natbonavides,https://twitter.com/natbonavides/status/1653384473147211782,2023-05-02T13:02:31.000Z,Só tem medo da verdade quem lucra com a mentira. Precisamos aprovar hoje na Câmara o projeto que busca combater a veiculação de conteúdos de ódio nas redes. Entre nessa campanha e participe da mobilização por responsabilidade na internet. #Aprova2630 #PL2630SIM,9,67,210
Natália Bonavides,@natbonavides,https://twitter.com/natbonavides/status/1653077483619598336,2023-05-01T16:42:39.000Z,"1° de maio com a garantia de direitos! Salário mínimo atualizado acima da inflação, isenção de imposto de renda para trabalhadores que ganham até R$ 2.640, além da ampliação de medidas de combate ao trabalho escravo. É o @govbr assegurando à classe trabalhadora mais dignidade.",12,31,181
Natália Bonavides,@natbonavides,https://twitter.com/natbonavides/status/1653028273461374978,2023-05-01T13:27:06.000Z,"Mais direitos para o povo trabalhador!

Neste 1° de maio, estamos ao lado das trabalhadoras e trabalhadores atuando para assegurar direitos. Na Câmara Federal e nas ruas, o povo conta com nosso mandato. Vejam algumas de nossas ações!",12,33,191
