nome,usuario,idTweet,dataPublicacao,texto,replies,retweets,likes
Nikolas Ferreira,@nikolas_dm,https://twitter.com/nikolas_dm/status/1663694808379019266,2023-05-30T23:52:06.000Z,Uma nova geração surge. Prosseguimos.,504,2.171,"16,5 mil"
Nikolas Ferreira,@nikolas_dm,https://twitter.com/nikolas_dm/status/1663664436899377154,2023-05-30T21:51:25.000Z,Obrigado por todas as felicitações. Mais um ano de vida e sou grato a Deus pela missão de representar e fazer parte da história do nosso país.,782,636,"12,9 mil"
Nikolas Ferreira,@nikolas_dm,https://twitter.com/nikolas_dm/status/1663637672563290118,2023-05-30T20:05:04.000Z,"Após Lacalle Pou do Uruguai, agora foi a vez de Gabriel Boric, esquerdista que preside o Chile, criticar as falas do Lula relativizando a ditadura na Venezuela. Realmente a política externa que tanto falavam mudou, agora envergonham o Brasil dia sim e dia também.",348,2.455,"14,5 mil"
Nikolas Ferreira,@nikolas_dm,https://twitter.com/nikolas_dm/status/1663552936012816384,2023-05-30T14:28:21.000Z,Ué,528,2.887,"20,5 mil"
Nikolas Ferreira,@nikolas_dm,https://twitter.com/nikolas_dm/status/1663347698873794560,2023-05-30T00:52:49.000Z,Cadê o pessoal da carta em defesa da democracia?,1.338,2.876,24 mil
Nikolas Ferreira,@nikolas_dm,https://twitter.com/nikolas_dm/status/1663326633028202497,2023-05-29T23:29:07.000Z,Só por isso?,1.211,6.250,"29,7 mil"
Nikolas Ferreira,@nikolas_dm,https://twitter.com/nikolas_dm/status/1663290316546269186,2023-05-29T21:04:48.000Z,"At the invitation of President Lula, Venezuelan President, Nicolas Maduro, paid an official visit to Brazil today.  Tomorrow Maduro will attend a meeting with South American leaders. We urge the US to coordinate and guarantee that justice is served. @StateDept @WhiteHouse @DEAHQ",960,2.363,"11,3 mil"
Nikolas Ferreira,@nikolas_dm,https://twitter.com/nikolas_dm/status/1663289970977562625,2023-05-29T21:03:26.000Z,"Atendendo a um convite do Lula, o Presidente da Venezuela, Nicolás Maduro, realizou uma visita oficial ao Brasil hoje. Maduro participará amanhã, em Brasília, de uma reunião de líderes da América do Sul. Oficiamos a embaixada dos EUA a se coordenarem para garantir que a justiça…",3.654,6.727,"45,7 mil"
Nikolas Ferreira,@nikolas_dm,https://twitter.com/nikolas_dm/status/1663236543769722900,2023-05-29T17:31:08.000Z,Lula diz que vai trabalhar junto com o Maduro pra combater o narcotráfico. Isso é tipo chamar o Janones pra combater fakenews.,2.044,5.337,"38,3 mil"
Nikolas Ferreira,@nikolas_dm,https://twitter.com/nikolas_dm/status/1663223533424590860,2023-05-29T16:39:26.000Z,"Lula diz que Venezuela sofre “preconceito”. Sim, sou ditadorfóbico.",1.169,2.606,"19,5 mil"
Nikolas Ferreira,@nikolas_dm,https://twitter.com/nikolas_dm/status/1663217504045654016,2023-05-29T16:15:28.000Z,Pois então…,861,3.612,"21,7 mil"
Nikolas Ferreira,@nikolas_dm,https://twitter.com/nikolas_dm/status/1663208166358695938,2023-05-29T15:38:22.000Z,"Na CPMI a esquerda fala em golpe e ataque à democracia, pouco tempo depois recebem o ditador acusado de narcotráfico Nicolás Maduro. Lembrando que durante a campanha o TSE proibiu associar Lula a esses tiranos.",713,3.195,"15,5 mil"
Nikolas Ferreira,@nikolas_dm,https://twitter.com/nikolas_dm/status/1663202662165127169,2023-05-29T15:16:30.000Z,"Visitar o Brasil é fácil, quero ver visitar os EUA. Vai lá, @NicolasMaduro… só pra gente ver um negócio rapidão",1.337,2.336,"20,9 mil"
Nikolas Ferreira,@nikolas_dm,https://twitter.com/nikolas_dm/status/1662448543464935426,2023-05-27T13:19:54.000Z,Nossa democracia não permite eu comentar.,3.419,5.757,"30,3 mil"
Nikolas Ferreira,@nikolas_dm,https://twitter.com/nikolas_dm/status/1662203986731057152,2023-05-26T21:08:07.000Z,Nikole tem razão. Seguimos.,380,773,"13,9 mil"
Nikolas Ferreira,@nikolas_dm,https://twitter.com/nikolas_dm/status/1662203890543083520,2023-05-26T21:07:44.000Z,Um dia atípico na Democracia Brasileira 👍🏻🇧🇷👩🏼,614,2.698,"17,2 mil"
Nikolas Ferreira,@nikolas_dm,https://twitter.com/nikolas_dm/status/1661876548373295106,2023-05-25T23:26:59.000Z,"Todos os membros da CPMI do dia 08 e CPI do MST serão alvos constantes de fakenews, manchetes mentirosas e perseguições jurídicas. Isso que se tornou nossa justiça: instrumento pra inibir a oposição. Podem esperar de tudo nos próximos meses.",965,2.569,"14,5 mil"
Nikolas Ferreira,@nikolas_dm,https://twitter.com/nikolas_dm/status/1661875956435374081,2023-05-25T23:24:38.000Z,"Na semana em que o @tencelzucco assume presidência da CPI do MST, é aberta investigação infundada e a mídia faz fake news envolvendo seu irmão que se encontra em tratamento de câncer. Conte com meu apoio e continue firme, @tencelzucco. Assassinatos de reputações à todo vapor.",287,1.218,7.201
Nikolas Ferreira,@nikolas_dm,https://twitter.com/nikolas_dm/status/1661779678976258071,2023-05-25T17:02:04.000Z,Minha primeira fala na CPMI.,1.826,5.533,"28,2 mil"
Nikolas Ferreira,@nikolas_dm,https://twitter.com/nikolas_dm/status/1661703953053016065,2023-05-25T12:01:10.000Z,Será que a ração de gato está em promoção nesse supermercado?,283,1.119,"10,1 mil"
Nikolas Ferreira,@nikolas_dm,https://twitter.com/nikolas_dm/status/1661527327572910080,2023-05-25T00:19:19.000Z,2º round - Questionando o Montanha.,1.595,6.595,"28,4 mil"
Nikolas Ferreira,@nikolas_dm,https://twitter.com/nikolas_dm/status/1661518917762678785,2023-05-24T23:45:54.000Z,"Oficial: amanhã a primeira sessão da CPMI do dia 08. Fizeram de tudo para não acontecer, mas acontecerá. Sou membro e trabalharei incansavelmente pela busca da verdade.",1.330,2.275,17 mil
Nikolas Ferreira,@nikolas_dm,https://twitter.com/nikolas_dm/status/1661509836062834694,2023-05-24T23:09:48.000Z,Esse é o deputado petista que disse que o agro não produz arroz durante a CPI do MST. Nunca falha.,412,2.361,"12,3 mil"
Nikolas Ferreira,@nikolas_dm,https://twitter.com/nikolas_dm/status/1661485725005623297,2023-05-24T21:34:00.000Z,"Aprovei na Comissão de Fiscalização e Controle 3 requerimentos de pedido de informações direcionados aos Ministros do Lula. O primeiro, sobre as viagens internacionais realizadas neste ano pelo Lula que já somam 6,6 milhões de reais. Inclusive: de 127 dias de governo, Lula esteve…",613,2.266,"16,6 mil"
Nikolas Ferreira,@nikolas_dm,https://twitter.com/nikolas_dm/status/1661413251857383432,2023-05-24T16:46:01.000Z,Respondendo o sem-teto de Jatinho.,1.057,4.262,"20,3 mil"
Nikolas Ferreira,@nikolas_dm,https://twitter.com/nikolas_dm/status/1660979233525583873,2023-05-23T12:01:23.000Z,Não sabe nem a diferença entre print e link mas quer regular as redes sociais e acha que o PL da Censura vai ser bom.,526,1.511,"11,5 mil"
Nikolas Ferreira,@nikolas_dm,https://twitter.com/nikolas_dm/status/1660977876802363393,2023-05-23T11:55:59.000Z,"Está aí um bom palpite, ministro. Mas fique tranquilo, pelo menos ditadores como Maduro e Díaz-Canel gostam muito dele.",366,1.747,"10,2 mil"
Nikolas Ferreira,@nikolas_dm,https://twitter.com/nikolas_dm/status/1660792534833025025,2023-05-22T23:39:30.000Z,Mais um exemplo de como funciona a mídia militante e outro motivo para ser contra o PL da censura:,254,1.122,"10,4 mil"
Nikolas Ferreira,@nikolas_dm,https://twitter.com/nikolas_dm/status/1660774324863737856,2023-05-22T22:27:09.000Z,"A posse de Jorge Viana, que mudou o estatuto da Apex que obrigava a saber inglês para assumir o cargo de presidente foi anulada. Agora ele terá que estudar e provar fluência em 45 dias. Pelo menos “digital tax” ele já sabe. Parabéns pela ação, @FlavioBolsonaro.",401,1.370,"11,6 mil"
Nikolas Ferreira,@nikolas_dm,https://twitter.com/nikolas_dm/status/1660677660861775875,2023-05-22T16:03:02.000Z,Pelo visto o relógio de mais de R$80 mil não ajuda a entender os horários.,482,838,7.717
Nikolas Ferreira,@nikolas_dm,https://twitter.com/nikolas_dm/status/1659320963358441473,2023-05-18T22:12:01.000Z,Nosso trabalho plantando boas sementes para o futuro.,417,1.339,"11,7 mil"
Nikolas Ferreira,@nikolas_dm,https://twitter.com/nikolas_dm/status/1659215388511461376,2023-05-18T15:12:30.000Z,E… não respondeu.,1.135,2.900,"17,2 mil"
Nikolas Ferreira,@nikolas_dm,https://twitter.com/nikolas_dm/status/1659155406227136512,2023-05-18T11:14:09.000Z,Vos apresento a “justiça” brasileira,1.302,5.769,"26,7 mil"
Nikolas Ferreira,@nikolas_dm,https://twitter.com/nikolas_dm/status/1658903982583029761,2023-05-17T18:35:05.000Z,"Como eu disse: o presente é deles, o futuro é nosso.",674,1.455,"18,7 mil"
Nikolas Ferreira,@nikolas_dm,https://twitter.com/nikolas_dm/status/1658851299478077446,2023-05-17T15:05:44.000Z,"Ai dos que usam o mal como sinônimo de bem e chamam o bem de mal, que fazem das trevas luz e da luz, trevas, do amargo, doce e do doce, fel.

Isaías 5:20.",2.634,4.819,"27,8 mil"
Nikolas Ferreira,@nikolas_dm,https://twitter.com/nikolas_dm/status/1658838179091292161,2023-05-17T14:13:36.000Z,Sem esse grande visionário a política brasileira não seria nada.,326,660,6.576
Nikolas Ferreira,@nikolas_dm,https://twitter.com/nikolas_dm/status/1658827512107941888,2023-05-17T13:31:13.000Z,"O Brasil é uma democracia trans. Se sente democracia, mas é ditadura.",2.125,7.485,"43,2 mil"
Nikolas Ferreira,@nikolas_dm,https://twitter.com/nikolas_dm/status/1658645538173079555,2023-05-17T01:28:07.000Z,Uma pausa pra um recado aos isentões que fizeram campanha pro voto nulo: o Brasil não é otário e lembra bem quem são vocês. O que está acontecendo hoje  tem suas digitais.,3.240,3.840,"25,9 mil"
Nikolas Ferreira,@nikolas_dm,https://twitter.com/nikolas_dm/status/1658626050987892741,2023-05-17T00:10:40.000Z,É só cassar todo mundo que não tem oposição… bem democrático!,4.854,5.498,"37,8 mil"
Nikolas Ferreira,@nikolas_dm,https://twitter.com/nikolas_dm/status/1658611464771366916,2023-05-16T23:12:43.000Z,"Não importa se eles tem o presente, nós teremos o futuro.",830,2.296,"12,2 mil"
Nikolas Ferreira,@nikolas_dm,https://twitter.com/nikolas_dm/status/1658538564253016083,2023-05-16T18:23:02.000Z,Eu devo ser transrico mesmo…pra acharem que tenho 5 milhões.,558,461,8.638
Nikolas Ferreira,@nikolas_dm,https://twitter.com/nikolas_dm/status/1658536242559045632,2023-05-16T18:13:48.000Z,"Entidades lgbts pedindo R$5 milhões e suspensão das minhas redes por um discurso que consideraram transfóbico. Não sei o que é mais engraçado: o valor, o fato de terem passado pano quando foi o Lula ou a preocupação com a minha quantidade de seguidores e likes no documento.…",1.075,3.350,"33,3 mil"
Nikolas Ferreira,@nikolas_dm,https://twitter.com/nikolas_dm/status/1657167394916147202,2023-05-12T23:34:30.000Z,"Agradeço pelo apoio e confiança de sempre no nosso trabalho. Tão logo as emendas do nosso atual mandato estejam disponíveis, iremos investi-las da melhor maneira para que continuem gerando bons resultados pra saúde em toda Minas Gerais.",168,501,4.242
Nikolas Ferreira,@nikolas_dm,https://twitter.com/nikolas_dm/status/1657164692136108033,2023-05-12T23:23:45.000Z,"Único elogio que a Choquei conseguiu fazer ao Lula foi usando dados do Governo Bolsonaro. Só isso mesmo, Vlw flw",785,2.617,"25,4 mil"
Nikolas Ferreira,@nikolas_dm,https://twitter.com/nikolas_dm/status/1657119455128834049,2023-05-12T20:24:00.000Z,"Na conta do Lula, o Bolsonaro matou o Brasil inteiro - duas vezes - mas ele mesmo ficou vivo…Pelo visto, só pra poder contar mentira.",1.408,2.592,"19,7 mil"
Nikolas Ferreira,@nikolas_dm,https://twitter.com/nikolas_dm/status/1657119162035064834,2023-05-12T20:22:50.000Z,Mente dia sim e dia com certeza.,1.117,2.077,15 mil
Nikolas Ferreira,@nikolas_dm,https://twitter.com/nikolas_dm/status/1656718376939450368,2023-05-11T17:50:16.000Z,"Um sonho pro Brasil? Aplicar aqui o que está sendo feito em El Salvador: 365 sem homicídios, construindo um mega presídio e combatendo as gangues. 

Essa é minha ideia.",476,1.115,6.946
Nikolas Ferreira,@nikolas_dm,https://twitter.com/nikolas_dm/status/1656716534943760385,2023-05-11T17:42:56.000Z,"Segundo o TSE, agora é proibido e passível de multas altas, criticar políticos e suas falas em campanha. A liberdade de expressão está caminhando para o seu fim no Brasil.",2.364,3.319,"22,8 mil"
Nikolas Ferreira,@nikolas_dm,https://twitter.com/nikolas_dm/status/1656699860911812608,2023-05-11T16:36:41.000Z,"Fui eleito relator da Subcomissão de Combate à Censura sob a Presidência do @GayerGus. Juntos, debateremos sobre a importância da liberdade de expressão e as tentativas recentes de seu cerceamento, principalmente nas redes sociais.",692,1.449,"12,5 mil"
Nikolas Ferreira,@nikolas_dm,https://twitter.com/nikolas_dm/status/1655942760124538880,2023-05-09T14:28:14.000Z,"Meus sentimentos, @ggreenwald. Que o Senhor conforte o coração de vocês nesse momento.",302,450,14 mil
