nome,usuario,idTweet,dataPublicacao,texto,replies,retweets,likes
Luiz Lima,@Oficialluizlima,https://twitter.com/Oficialluizlima/status/1663692599725629442,2023-05-30T23:43:20.000Z,"Por 283 x 155, nós da Oposição derrotamos novamente o Governo e aprovamos o marco temporal das terras indígenas. A medida prevê que os indígenas têm direito de ocupar apenas os territórios que já ocupavam ou disputavam em 08.10.1888, data da promulgação da Constituição.",10,55,341
Luiz Lima,@Oficialluizlima,https://twitter.com/Oficialluizlima/status/1663598174756274191,2023-05-30T17:28:07.000Z,As ideias podres e ataques à nossa moeda continuam a todo vapor!,11,19,84
Luiz Lima,@Oficialluizlima,https://twitter.com/Oficialluizlima/status/1663512205768159233,2023-05-30T11:46:31.000Z,O conceito de democracia do PT é bastante flexível.,6,22,111
Luiz Lima,@Oficialluizlima,https://twitter.com/Oficialluizlima/status/1663496491694972929,2023-05-30T10:44:04.000Z,"Não tem base no Congresso, mas tem no STF. Fantástico.",4,18,82
Luiz Lima,@Oficialluizlima,https://twitter.com/Oficialluizlima/status/1663257512177434648,2023-05-29T18:54:27.000Z,"Ontem um repórter da Globonews teve a coragem de noticiar (ou comentar, como preferir) que, ao receber os Presidentes da Venezuela, Argentina e Chile, Lula assumiu protagonismo na diplomacia internacional.",7,11,65
Luiz Lima,@Oficialluizlima,https://twitter.com/Oficialluizlima/status/1663130219060797441,2023-05-29T10:28:38.000Z,É muita humilhação para o nosso País !,31,89,328
Luiz Lima,@Oficialluizlima,https://twitter.com/Oficialluizlima/status/1662929734471233539,2023-05-28T21:11:59.000Z,"Se retirar o motor, fica mais barato ainda!",10,25,178
Luiz Lima,@Oficialluizlima,https://twitter.com/Oficialluizlima/status/1662492972863176704,2023-05-27T16:16:27.000Z,Lá vai o Judiciário novamente ser acionado. Viramos um presidencialismo parlamentarista e judicial.,6,25,105
Luiz Lima,@Oficialluizlima,https://twitter.com/Oficialluizlima/status/1662446403010822145,2023-05-27T13:11:23.000Z,Desastre!,2,15,81
Luiz Lima,@Oficialluizlima,https://twitter.com/Oficialluizlima/status/1661890569176588291,2023-05-26T00:22:42.000Z,"Bela decisão! Sensata! O juiz substituto da 1ª Vara Federal do determinou hoje o afastamento provisório do cargo de João Fukunaga, presidente da Previ, o fundo de previdência dos funcionários do Banco do Brasil, por incapacidade técnica para função.",24,142,518
Luiz Lima,@Oficialluizlima,https://twitter.com/Oficialluizlima/status/1661518841099214856,2023-05-24T23:45:35.000Z,Um governo que não entregou nada em 5 meses e caminha para um primeiro ano trágico. A única coisa existe são propagandas falando de benfeitorias inexistentes. Infelizmente esse é o retrato do governo Lula 3 e não podemos esperar nada de diferente.,21,89,299
Luiz Lima,@Oficialluizlima,https://twitter.com/Oficialluizlima/status/1661201748764114946,2023-05-24T02:45:35.000Z,"O plenário da Câmara aprovou agora o arcabouço fiscal do Lula, por 372 x 108. Estamos endividando nosso país e o PT vai aumentar impostos para bancar essa farra descontrolada de gastos públicos.",16,41,212
Luiz Lima,@Oficialluizlima,https://twitter.com/Oficialluizlima/status/1661180520103923713,2023-05-24T01:21:13.000Z,"Esse ""regime fiscal"" chamado de Arcabouço Fiscal só se sustenta com crescimento da receita, algo impossível de garantir. A manutenção das vinculações de despesas são por si só inflacionárias. Verdadeiro desastre!",0,16,67
Luiz Lima,@Oficialluizlima,https://twitter.com/Oficialluizlima/status/1661075818343288834,2023-05-23T18:25:11.000Z,"Mais imposto ??? Ao ser questionado pelo R7, o ministro da Previdência Social, Carlos Lupi, afirmou que a CPMF “é um imposto justo” e afirmou que a sua pasta avalia a eventual retomada do tributo para financiar o sistema previdenciário do país.",6,17,68
Luiz Lima,@Oficialluizlima,https://twitter.com/Oficialluizlima/status/1660980333028810755,2023-05-23T12:05:45.000Z,Essa mulher é um caso sério …,54,39,171
Luiz Lima,@Oficialluizlima,https://twitter.com/Oficialluizlima/status/1659189404114591744,2023-05-18T13:29:14.000Z,"Urgência do Arcabouço
Fiscal passou. Projeto é nitidamente inferior às regras atuais do Teto de Gastos e garante mais gastos e mais impostos nas mãos do governo. Emendas parlamentares funcionando. Temos até semana que vem para rejeitar ou impor emendas.",13,24,77
Luiz Lima,@Oficialluizlima,https://twitter.com/Oficialluizlima/status/1658192926738874368,2023-05-15T19:29:36.000Z,"Como li esses dias, o volume político de Bolsonaro tende a crescer cada vez mais, à medida que a ruindade do governo Lula for aparecendo.",17,78,239
Luiz Lima,@Oficialluizlima,https://twitter.com/Oficialluizlima/status/1658182856252743683,2023-05-15T18:49:35.000Z,É uma tristeza o que o PT está fazendo no nosso País !,7,40,145
Luiz Lima,@Oficialluizlima,https://twitter.com/Oficialluizlima/status/1658182680318468130,2023-05-15T18:48:53.000Z,"Como esse cara faz bobagem …A Eletrobras registrou uma queda de 30% em seu valor de mercado desde a eleição de Lula, em outubro de 2022.  É uma destruição de valor inacreditável, pelos motivos mais idiotas do mundo.",2,17,100
Luiz Lima,@Oficialluizlima,https://twitter.com/Oficialluizlima/status/1657061680164089857,2023-05-12T16:34:25.000Z,"Surpreende quem ? A elite que apoiou Lula já se arrepende, mas é o povo quem vai pagar a conta !!!",49,37,195
Luiz Lima,@Oficialluizlima,https://twitter.com/Oficialluizlima/status/1656292645168136193,2023-05-10T13:38:33.000Z,Esse cara não chega no fim do mandato … ou acaba com o Brasil antes …,377,77,352
Luiz Lima,@Oficialluizlima,https://twitter.com/Oficialluizlima/status/1655878917226393604,2023-05-09T10:14:33.000Z,"Depois de investidas contra a auto- nomia do Banco Central, a Lei das Estatais e o marco do saneamento básico, Lula busca mais um retrocesso econômico e institucional com a pretensão de retomar o controle da Eletrobras, a duras penas privatizada no ano passado.",45,34,217
Luiz Lima,@Oficialluizlima,https://twitter.com/Oficialluizlima/status/1655511895347019777,2023-05-08T09:56:08.000Z,Pera aí ! Mas o problema não era o Bolsonaro ??,66,552,2.274
Luiz Lima,@Oficialluizlima,https://twitter.com/Oficialluizlima/status/1654970447258169345,2023-05-06T22:04:37.000Z,Absurdo! Semana passada apresentei requerimentos de informação para o Ministério da Fazenda e Secom para ter acesso no detalhe do racional para essa decisão estupida do governo!,6,50,168
Luiz Lima,@Oficialluizlima,https://twitter.com/Oficialluizlima/status/1654652844778180609,2023-05-06T01:02:34.000Z,"O PT faz tudo para afastar investidores e inibir negócios. Lula entrou com ação no STF para anular regras da privatização da Eletrobras. Advogados e o TCU já disseram que não é possível anular o que já foi feito. Mas, conhecendo os atores, tudo pode acontecer. Mais um desastre!",12,48,226
Luiz Lima,@Oficialluizlima,https://twitter.com/Oficialluizlima/status/1654470889419800590,2023-05-05T12:59:33.000Z,A Justiça vai tornando muito difícil o trabalho da polícia …. Estresse policial é dose!,7,15,66
Luiz Lima,@Oficialluizlima,https://twitter.com/Oficialluizlima/status/1654469982820999168,2023-05-05T12:55:57.000Z,Como nasce a governabilidade de um presidente que só traz ideias ruins para o Parlamento …,4,34,85
Luiz Lima,@Oficialluizlima,https://twitter.com/Oficialluizlima/status/1654467233328799745,2023-05-05T12:45:01.000Z,"O Estadão acertou em cheio hoje no seu editorial quando disse que sob pretexto de defesa da democracia, o STF mantém abertos inquéritos que conferem uma espécie de competência universal à Corte e, em concreto, ao relator, que faz o que quer, quando quer. Absurdo!",8,26,173
Luiz Lima,@Oficialluizlima,https://twitter.com/Oficialluizlima/status/1654228356538269696,2023-05-04T20:55:48.000Z,"Ontem, na Comissão de Cultura … Eeeeeeee, faraó …. !",61,252,759
Luiz Lima,@Oficialluizlima,https://twitter.com/Oficialluizlima/status/1654155448507932675,2023-05-04T16:06:06.000Z,"Semana legislativa encerrada agora, com saldo positivo de duas pancadas no governo: tiramos da pauta o PL da Censura e revogamos o decreto do Lula que acabava com o Marco do Saneamento. O governo do PT vai sempre tentar acabar com o país, mas aqui vai ter luta e resistência.",15,18,192
Luiz Lima,@Oficialluizlima,https://twitter.com/Oficialluizlima/status/1653935613622603778,2023-05-04T01:32:33.000Z,Apresentei hoje requerimento de informações ao Ministério da Fazenda para tentar entender quais os motivos para o cancelamento do patrocínio do Banco do Brasil e CAIXA à Agrishow e outras grandes feiras agrícolas do País.,6,127,505
Luiz Lima,@Oficialluizlima,https://twitter.com/Oficialluizlima/status/1653909422484201482,2023-05-03T23:48:29.000Z,"Por 295 x 136 votos, aprovamos agora no Plenário o PDL que revoga o ignóbil decreto do Lula contra Marco do Saneamento. Temos um atraso secular na área e não temos mais tempo a perder. Não dá mais pra tolerar crianças com Ipad na mão e brincando em cima do esgoto.",23,159,693
Luiz Lima,@Oficialluizlima,https://twitter.com/Oficialluizlima/status/1653906389868134400,2023-05-03T23:36:26.000Z,"Estamos votando o mérito do PDL 98/2023, para sustar os efeitos do decreto do Lula que altera o marco do saneamento básico, trazendo inúmeros retrocessos. Já aprovamos a urgência do projeto e, em alguns momentos, vamos de vez aprovar o projeto e acabar com essa insanidade.",2,27,150
Luiz Lima,@Oficialluizlima,https://twitter.com/Oficialluizlima/status/1653593929235722240,2023-05-03T02:54:49.000Z,"Hoje o presidente Arthur Lira manifestou a sua indignação com o Google, não consegui ficar quieto e lembrei dos ataques diários da Globo ao Governo Bolsonaro , mas não tive tempo de lembrar que o Fantástico no último domingo usou 20 minutos defendendo o PL da Censura.",15,96,587
Luiz Lima,@Oficialluizlima,https://twitter.com/Oficialluizlima/status/1653548109631303681,2023-05-02T23:52:45.000Z,"A derrota do governo era clara! Mas o relator do PL das Fake News pediu a retirada de pauta. O pedido foi acatado pelo presidente da Casa, Arthur Lira.",162,797,3.697
Luiz Lima,@Oficialluizlima,https://twitter.com/Oficialluizlima/status/1653469492045918208,2023-05-02T18:40:21.000Z,"É amigos, começou a caça às bruxas",23,59,224
Luiz Lima,@Oficialluizlima,https://twitter.com/Oficialluizlima/status/1653433657099538434,2023-05-02T16:17:57.000Z,"O secretário nacional de Defesa do Consumidor é Wadih Damous, ex-presidente do Diretório Central dos Estudantes (DCE) da UERJ, ex-presidente da OAB e ex-deputado do PT. Agora aplicou multa de R$ 1 milhão  ao Google por militar contra a Lei da Censura.  É ditadura ???",27,104,305
Luiz Lima,@Oficialluizlima,https://twitter.com/Oficialluizlima/status/1653210209475518466,2023-05-02T01:30:03.000Z,"Google se posiciona CONTRA o PL da censura (2630).
Mesmo exercendo a sua liberdade, o governo anunciou que irá investigar a empresa. Se querem censurar até o Google, imaginem o que farão com o cidadão.",9,94,309
Luiz Lima,@Oficialluizlima,https://twitter.com/Oficialluizlima/status/1653166713184169988,2023-05-01T22:37:13.000Z,"Lembra daquele contrato com a Venezuela? Financia a empresa exportadora brasileira, com garantia do Tesouro Nacional ou do BNDES. A Argentina não paga, a garantia é executada, a exportadora brasileira se safa, os argentinos já comeram a carne e o povo brasileiro paga a conta.",4,41,113
Luiz Lima,@Oficialluizlima,https://twitter.com/Oficialluizlima/status/1653039133541933056,2023-05-01T14:10:16.000Z,"Prepare o bolso! A alteração que estabelece a cobrança de uma alíquota única de ICMS sobre o gás de cozinha deve resultar em uma elevação média de 11,9% no preço do botijão comprado pelas famílias a partir desta segunda-feira, segundo estimativa do Sindigás. Faz o L !!!",7,31,162
