nome,usuario,idTweet,dataPublicacao,texto,replies,retweets,likes
Osmar Terra,@OsmarTerra,https://twitter.com/OsmarTerra/status/1663531103573950465,2023-05-30T13:01:36.000Z,"O que é plausível não é necessariamente eficaz. No caso o lockdown era um discurso plausível e na prática nunca funcionou, porque não se podia parar os serviços essenciais( metade da força de trabalho saiu de casa para trabalhar todos os dias) e porque não existe qualquer…",9,50,231
Osmar Terra,@OsmarTerra,https://twitter.com/OsmarTerra/status/1663528004130144259,2023-05-30T12:49:17.000Z,"Esse é o livro de @AlexBerenson, escrito em cima da COVID nos Estados Unidos: “Pandemia, Como a histeria do Coronavirus tomou conta do nosso Governo, direitos e vida”",21,278,846
Osmar Terra,@OsmarTerra,https://twitter.com/OsmarTerra/status/1663507699521269764,2023-05-30T11:28:36.000Z,"Uso de maconha ligado a riscos à saúde mental em adultos jovens:”“De todas as pessoas que diagnosticei com um distúrbio psicótico, não consigo pensar em uma única que também não fosse positiva para cannabis”, disse o psiquiatra Dr. Ryan Sultan”",9,86,217
Osmar Terra,@OsmarTerra,https://twitter.com/OsmarTerra/status/1663506555591958528,2023-05-30T11:24:03.000Z,"Dr Rogério, com a experiência de quem já esteve no “front” coordenando ações de combate à uma pandemia(H1N1) posso lhe dizer que isolamento social, quarentena, lockdown,etc.. com toda a população são inviáveis e inúteis no mundo real, principalmente quando se trata de um vírus…",7,48,195
Osmar Terra,@OsmarTerra,https://twitter.com/OsmarTerra/status/1663494530434310146,2023-05-30T10:36:16.000Z,"Recomendo o livro “Pandemia” de @AlexBerenson, corajoso jornalista americano que enfrentou todas as pressões da mídia e dos apocalípticos americanos durante a pandemia da COVID. Berenson foi mais além e trabalhando com rigor cientifico( era jornalista do New York Times,…",7,173,654
Osmar Terra,@OsmarTerra,https://twitter.com/OsmarTerra/status/1663277988362715139,2023-05-29T20:15:49.000Z,"Maravilhoso!! “Isso é fascinante!
O artista espanhol Sergi Cadenas levou a arte a um nível novo e superior”",6,53,273
Osmar Terra,@OsmarTerra,https://twitter.com/OsmarTerra/status/1663257577340141578,2023-05-29T18:54:42.000Z,"Atenção! Estão ligando para algumas pessoas em meu nome, convidando para um evento e pedindo para confirmar num link. É golpe! Não toquem no link.",3,58,148
Osmar Terra,@OsmarTerra,https://twitter.com/OsmarTerra/status/1663205701294907394,2023-05-29T15:28:34.000Z,"O Maduro ainda está com ordem de captura pelo Governo americano e um prêmio de 15 milhões de dólares para isso, por liderar o Cartel de narcotráfico de “Los Soles”?! Ou não ?",24,157,569
Osmar Terra,@OsmarTerra,https://twitter.com/OsmarTerra/status/1663201448228691968,2023-05-29T15:11:40.000Z,"No Estadão de hoje: “Enquanto a liberdade está sob fogo cruzado, intenso e cotidiano, a corrupção passa por incrível arquitetura de narrativa visando à demolição da verdade e reconstrução da história” Carlos Alberto Di Franco.",5,79,209
Osmar Terra,@OsmarTerra,https://twitter.com/OsmarTerra/status/1663177907924090885,2023-05-29T13:38:08.000Z,Pois é…. “Líder do MST sobre ‘poucas invasões’ no governo Bolsonaro: “quem se atreveria?!”,23,872,4.037
Osmar Terra,@OsmarTerra,https://twitter.com/OsmarTerra/status/1663176683149565953,2023-05-29T13:33:16.000Z,A California liberou uso de drogas e a situação da sociedade piorou muito. Aumentou muito a população de rua e o uso de drogas. Dos 1/6 o STF vai deliberar sobre a descriminalização das drogas no Brasil. O que está ruim pode piorar muito!!,5,72,309
Osmar Terra,@OsmarTerra,https://twitter.com/OsmarTerra/status/1663129685255942146,2023-05-29T10:26:31.000Z,"Quem diria! O Podemos espanhol,de extrema esquerda, foi quase extinto nas eleições municipais…!!",7,49,307
Osmar Terra,@OsmarTerra,https://twitter.com/OsmarTerra/status/1663114714119917569,2023-05-29T09:27:01.000Z,Olha onde a liberação das drogas já está chegando..!,36,794,3.189
Osmar Terra,@OsmarTerra,https://twitter.com/OsmarTerra/status/1663112764242423813,2023-05-29T09:19:16.000Z,"Preparem-se! Se vocês acham que está ruim com a proibição das drogas ilícitas no Brasil, veja como pode ficar com a liberação do seu consumo, caso o STF decida nessa direção, no julgamento da  próximo quinta feira! As imagens são da Philadelphia, nos EUA….",48,448,1.132
Osmar Terra,@OsmarTerra,https://twitter.com/OsmarTerra/status/1663097130700111928,2023-05-29T08:17:09.000Z,Os parceiros do Governo Lula…. !!,93,206,992
Osmar Terra,@OsmarTerra,https://twitter.com/OsmarTerra/status/1662928885770584066,2023-05-28T21:08:36.000Z,"O lobby das empresas da maconha em tempo real!  Prometendo resultados milagrosos fakes, sem comprovação científica. Em matéria paga na grande imprensa já chegaram a afirmar que maconha curava mais de 30 doenças e curava até câncer. Eles não estão preocupados com a tua saúde,nem…",46,629,1.775
Osmar Terra,@OsmarTerra,https://twitter.com/OsmarTerra/status/1662849967889829889,2023-05-28T15:55:01.000Z,"Baseado nos dados oficiais da China dá para dizer que ainda tem uma proporção enorme da população sem imunidade natural. O número de casos registrados foi pequeno em relação a população.Como as vacinas tem eficácia reduzida, é possível que ainda aconteça um contágio em grande…",9,106,421
Osmar Terra,@OsmarTerra,https://twitter.com/OsmarTerra/status/1662819641293520896,2023-05-28T13:54:30.000Z,"Fato: 2 anos e 6 meses após adoecer de COVID, tenho mais de 300 vezes o mínimo necessário de anticorpos para neutralizar o vírus. Para quem não sabe, essa é a IMUNIDADE NATURAL dos curados !",318,1.975,6.666
Osmar Terra,@OsmarTerra,https://twitter.com/OsmarTerra/status/1662774561945862145,2023-05-28T10:55:23.000Z,O plano do Lula é a vingança …,20,89,511
Osmar Terra,@OsmarTerra,https://twitter.com/OsmarTerra/status/1662615800249810944,2023-05-28T00:24:31.000Z,"Como Bill Gates sabe disso?! Sempre pode ter uma pandemia. Nos últimos 60 anos tivemos 5.Mas a mortalidade oscila muito de uma para outra. É impossível prever quando virá e se será pior que a COVID, a não ser que ele tenha alguma informação muito secreta!!",414,1.314,5.027
Osmar Terra,@OsmarTerra,https://twitter.com/OsmarTerra/status/1662598573609963521,2023-05-27T23:16:04.000Z,"A força da Imunidade Natural! As maiores reduções de novos casos e mortes na pandemia ocorreram sem impacto da vacinação( ver no gráfico marcadas de verde) portanto aconteceram pela imunidade natural, dos curados da COVID. Ver a explicação do Instituto Butantan, que na COVID a…",24,336,991
Osmar Terra,@OsmarTerra,https://twitter.com/OsmarTerra/status/1662352374168449025,2023-05-27T06:57:45.000Z,"Os efeitos da liberação das drogas em São Francisco , Califórnia, nos EUA…",39,665,1.391
Osmar Terra,@OsmarTerra,https://twitter.com/OsmarTerra/status/1662346041612550144,2023-05-27T06:32:35.000Z,"A praga devastadora do Fentanil, uma das muitas drogas ilícitas,que podem ser liberadas para consumo   no Brasil,pelo STF, no próximo dia 01/06! Vejam o efeito trágico aqui e em outros países! La http://LaPatilla.com",93,1.302,3.615
Osmar Terra,@OsmarTerra,https://twitter.com/OsmarTerra/status/1662342430648160257,2023-05-27T06:18:14.000Z,"Esclarecedor! O que teve impacto na redução de casos e mortes da COVID na Pandemia?A imunidade natural acumulada, dos curados,ou a possível  imunidade gerada pela vacina?Se considerarmos que a imunidade produzida pela vacina (se for realmente eficaz) só começa a ter algum impacto…",17,287,983
Osmar Terra,@OsmarTerra,https://twitter.com/OsmarTerra/status/1662251044024246274,2023-05-27T00:15:06.000Z,Não podemos perder a esperança! Minha fala no Programa Pampa Debates da TV Pampa em Porto Alegre,41,312,1.357
Osmar Terra,@OsmarTerra,https://twitter.com/OsmarTerra/status/1662062104457752577,2023-05-26T11:44:19.000Z,"Agricultores, reagem as arbitrariedades do Governo holandês e vencem a eleição  nos Países Baixos!  https://folhape.com.br/noticia/amp/262265/partido-de-agricultores-obtem-vitoria-historica-nas-eleicoes/…",16,298,1.316
Osmar Terra,@OsmarTerra,https://twitter.com/OsmarTerra/status/1662059766275866624,2023-05-26T11:35:02.000Z,"Fui impedido de ser membro da CPMI por pressão do Gov. Lula em cima do MDB. Mas vou acompanhar,me manifestar e ajudar os a oposição a esclarecer os fatos do dia 8/1.Se a versão do Governo fosse real, não haveria razão para o medo que ele mostra da CPMI!",507,1.973,9.379
Osmar Terra,@OsmarTerra,https://twitter.com/OsmarTerra/status/1662056002194137088,2023-05-26T11:20:05.000Z,Inacreditável,52,451,1.424
Osmar Terra,@OsmarTerra,https://twitter.com/OsmarTerra/status/1662035332668309504,2023-05-26T09:57:57.000Z,El Salvador. Um case de superação que mostra um outro mundo  ser possível..!!,32,315,1.022
Osmar Terra,@OsmarTerra,https://twitter.com/OsmarTerra/status/1661853308552638464,2023-05-25T21:54:39.000Z,Pois é…,16,190,903
Osmar Terra,@OsmarTerra,https://twitter.com/OsmarTerra/status/1661834042357035008,2023-05-25T20:38:05.000Z,Foto auto explicativa,16,177,757
Osmar Terra,@OsmarTerra,https://twitter.com/OsmarTerra/status/1661766815922397184,2023-05-25T16:10:57.000Z,"Hoje no Programa do Julio Ribeiro, ao vivo!",4,35,170
Osmar Terra,@OsmarTerra,https://twitter.com/OsmarTerra/status/1661723639878762497,2023-05-25T13:19:23.000Z,"O fiasco uruguaio com a liberação de drogas. Em 2013 o então Presidente uruguaio,José Mujica. prometeu que a legalização da maconha iria acabar com o Narcotráfico e reduziria o número de homicidios no país.Já ano seguinte o coordenador da liberação da maconha no Uruguai, Julio…",78,1.782,4.896
Osmar Terra,@OsmarTerra,https://twitter.com/OsmarTerra/status/1661698594141872129,2023-05-25T11:39:52.000Z,A foto é atual…??!!,16,48,209
Osmar Terra,@OsmarTerra,https://twitter.com/OsmarTerra/status/1661697677027844102,2023-05-25T11:36:13.000Z,O fracasso da liberação de drogas no Uruguai!A matéria tenta“passa pano” no fiasco da legalização da maconha.Mas admite que só 27% dos usuários compra droga legalNo mais o narcotráfico controla o mercado e aumentou muito o número de homicídios. ..,25,392,833
Osmar Terra,@OsmarTerra,https://twitter.com/OsmarTerra/status/1661537117430743040,2023-05-25T00:58:13.000Z,"Esse sr.,que foi militante da Frente Marxista Leninista do Tigré Livre da Etiópia, chegou a ser Diretor Geral da OMS, não por algum mérito científico, mas por articulação política internacional Agora não quer perder a vitrine do mundo, que usou para apavorar a humanidade na…",20,381,1.384
Osmar Terra,@OsmarTerra,https://twitter.com/OsmarTerra/status/1661485836502806529,2023-05-24T21:34:26.000Z,"El Salvador, foi o país mais violento do mundo,com 106 homicídios por 100 mil hab.,em 2015!!Seriam 220 mil homicídios/ano no Brasil.Em 4 anos o Gov. salvadorenho reduziu ao equivalente a 4.500 homicídios/ano.(vídeo d audiência pública virtual com Ministro da Justiça salvadorenho)",20,199,723
Osmar Terra,@OsmarTerra,https://twitter.com/OsmarTerra/status/1661362599110365185,2023-05-24T13:24:44.000Z,"Falei na Tribuna, apelando aos Ministros do STF que não aprovem a liberação do consumo de drogas no Brasil,pautada para hoje. Ela vai piorar,numa escala gigantesca a saúde,a segurança e os programas sociais do país.É tão grave,que deve ser pauta exclusiva do parlamento!…",77,482,1.945
Osmar Terra,@OsmarTerra,https://twitter.com/OsmarTerra/status/1661189871040446466,2023-05-24T01:58:23.000Z,"Estamos aqui para votar contra o Arcabouço Fiscal. O Governo quer liberdade para gastar sem os controles necessários. Se o Teto de Gastos foi importante, e ajudou o Brasil a se desenvolver, mesmo na Pandemia e com Guerra na Europa, por que mudar.? Se não passar o Arcabouço,…",104,577,3.158
Osmar Terra,@OsmarTerra,https://twitter.com/OsmarTerra/status/1660994969983754241,2023-05-23T13:03:55.000Z,"Era só o que estava faltando..!! Minha total solidariedade ao Dr. Carlos Eduardo Thompson Flores Lenz , referência moral da justiça gaúcha e brasileira",18,160,639
Osmar Terra,@OsmarTerra,https://twitter.com/OsmarTerra/status/1660976695988432896,2023-05-23T11:51:18.000Z,"Alguém que não perdeu a lucidez, entre tantos que perderam!",11,148,524
Osmar Terra,@OsmarTerra,https://twitter.com/OsmarTerra/status/1660646785935704074,2023-05-22T14:00:21.000Z,"Esse gráfico que vc mostra faz uma confusão proposital!Essa curva de vacinação nele é de quantas doses? Uma ou duas?  Já se sabia, então, que com uma dose a pessoa NÃO ficava imunizada. Por isso, então,se propôs duas. E depois  3,4,5! Esse seu gráfico não separa quem tinha só uma…",13,159,508
Osmar Terra,@OsmarTerra,https://twitter.com/OsmarTerra/status/1660616228333912065,2023-05-22T11:58:56.000Z,"Segundo  “especialistas”…. sempre o mesmo refrão! Que especialistas são esses? Nome, sobrenome e qualificação profissional. Quais as evidências que tem sobre “países pobres que não registram mortes por COVID”..?  Quais evidências de que o número de mortes foi maior em cada país…",32,126,534
Osmar Terra,@OsmarTerra,https://twitter.com/OsmarTerra/status/1660488278343131136,2023-05-22T03:30:30.000Z,"Outra “curiosidade” sobre a urgência em iniciar a vacinação no Brasil, mesmo sem a autorização da ANVISA, foi que virou o tema central das acusações contra o Presidente Bolsonaro na CPI da COVID, quando tentaram, colar nele a pecha de “genocida”. Diziam que muitas vidas poderiam…",115,1.789,6.455
Osmar Terra,@OsmarTerra,https://twitter.com/OsmarTerra/status/1660471177737805826,2023-05-22T02:22:33.000Z,"Uma pergunta que não quer calar há muito tempo: por que a América do Sul, que é a região do mundo onde a população é a mais vacinada  % para COVID( 86%}, é também a que tem MAIS  mortes por milhão de habitantes pela Pandemia. Por que a África que é a região do mundo menos…",256,2.603,7.513
Osmar Terra,@OsmarTerra,https://twitter.com/OsmarTerra/status/1660307786855596032,2023-05-21T15:33:18.000Z,É… para quem queria ser o mediador do conflito Ucrânia -Rússia.. não é uma boa notícia. Ou muito me engano ou o Lula perdeu uma ótima oportunidade de ficar no Brasil!,55,458,1.287
Osmar Terra,@OsmarTerra,https://twitter.com/OsmarTerra/status/1660288301935230979,2023-05-21T14:15:52.000Z,"Uma pergunta que não quer calar: se for descriminalizado o uso de drogas ilícitas, por uma decisão do STF , vai diminuir ou aumentar a circulação de drogas nas escolas?!",144,298,1.229
Osmar Terra,@OsmarTerra,https://twitter.com/OsmarTerra/status/1660282761612066881,2023-05-21T13:53:51.000Z,"O México,pela Suprema Corte e pelo Governo Obrador, vem  liberando o consumo de drogas ilícitas, desde junho de 2021. Longe de enfraquecer os cartéis do tráfico e de pacificar o país, ele vive o seu momento de maior violência e de militarização dos cartéis. Veja a foto…",12,271,665
Osmar Terra,@OsmarTerra,https://twitter.com/OsmarTerra/status/1660087652211621890,2023-05-21T00:58:33.000Z,É isso aí!!! E no Canadá também aumentou o consumo e a violência com a liberação de drogas ilícitas. Veja esse caso trágico que teve como vítima um estudante brasileiro!,13,270,815
Osmar Terra,@OsmarTerra,https://twitter.com/OsmarTerra/status/1660081751870390273,2023-05-21T00:35:07.000Z,O tráfico de drogas nunca foi tao grande e violento no Uruguai como depois da liberação da maconha! Quem não se lembra do Mujica dizendo que a liberação acabaria com o tráfico e com os homicídios correlatos no país!,28,383,1.045
Osmar Terra,@OsmarTerra,https://twitter.com/OsmarTerra/status/1660076881503191042,2023-05-21T00:15:45.000Z,"A decisão de permitir o uso de drogas ilícitas, que está na pauta do STF na próxima quarta feira, abre as portas para legalização de todas as drogas. Porque se o uso será permitido,porque não permitir a venda? De todas as formas será uma tragédia social sem precedentes no Brasil!",338,2.604,6.912
Osmar Terra,@OsmarTerra,https://twitter.com/OsmarTerra/status/1659561657176080387,2023-05-19T14:08:26.000Z,"ATENÇÃO, MUITA ATENÇÃO!! : A Ministra Rosa Weber,do STF,pautou para quarta feira, dia 24/05,decisão sobre a LIBERAÇÃO do PORTE DE DROGAS ILÍCITAS no Brasil.. Pelos 3 votos. anteriores, de um total de 10,favoráveis, há uma forte tendência do STF para aprovar a liberação. É uma…",1.894,4.496,9.414
Osmar Terra,@OsmarTerra,https://twitter.com/OsmarTerra/status/1659351527331356672,2023-05-19T00:13:28.000Z,"Ainda acontecendo consequências do fique em casa e das bandeirinhas pretas de lockdown do Eduardo Leite, no RS!",10,123,491
Osmar Terra,@OsmarTerra,https://twitter.com/OsmarTerra/status/1659265811284992009,2023-05-18T18:32:51.000Z,"Falei sobre a situação do Deputado Deltan Dallagnol,e que ela traz a necessidade do parlamento se  posicionar.Só a Câmara pode decidir se vai ou não cassar um Deputado!Também fiz uma reflexão sobre o dia de combate ao abuso contra crianças e adolescentes!",18,222,1.210
Osmar Terra,@OsmarTerra,https://twitter.com/OsmarTerra/status/1659100397867261953,2023-05-18T07:35:34.000Z,O Deputado só deve perder seu mandato quando julgado pelos Deputados !,60,327,1.769
Osmar Terra,@OsmarTerra,https://twitter.com/OsmarTerra/status/1659026898603720705,2023-05-18T02:43:30.000Z,"Inconformado, até agora,com a cassação do Deputado  Deltan Dallagnol, um dos líderes da lava jato e o mais votado do Parana. É uma medida drástica  que enfraquece o parlamento!",47,138,923
Osmar Terra,@OsmarTerra,https://twitter.com/OsmarTerra/status/1658656342440128512,2023-05-17T02:11:03.000Z,"Decisão 487 do CNJ está prestes a soltar os criminosos,com transtorno mental grave, em geral incurável, que cometeram crimes extremamente violentos, muitos de forma repetitiva e cruel. Eles estão  detidos, por tempo indeterminado, em Hospitais de Custódia.",59,728,2.378
Osmar Terra,@OsmarTerra,https://twitter.com/OsmarTerra/status/1658431095875010560,2023-05-16T11:16:00.000Z,"El Salvador chegou a 6.665 homicídios por ano em 2015. Isso equivaleria no Brasil (proporcionalmente a população) a, inacreditáveis,220.000 homicídios por ano no Brasil…!!",2,66,268
Osmar Terra,@OsmarTerra,https://twitter.com/OsmarTerra/status/1658417827714408448,2023-05-16T10:23:16.000Z,"Em 4 anos, um país deixou de ser o mais violento do mundo para ser o mais seguro da América Latina. Como foi possível isso?!",52,544,1.668
Osmar Terra,@OsmarTerra,https://twitter.com/OsmarTerra/status/1658211086120656932,2023-05-15T20:41:45.000Z,"É o cúmulo do absurdo! Imagina se os governos começam a comprar propriedades rurais, dos agricultores pra fechá-las em nome do combate às mudanças climáticas!! A humanidade vai comer o que?!",43,120,450
Osmar Terra,@OsmarTerra,https://twitter.com/OsmarTerra/status/1658155626877399062,2023-05-15T17:01:23.000Z,"O New York Times, um dos veículos da Grande mídia mundial mais feroz na defesa do lockdown e do  ”fique em casa”, durante a pandemia, faz uma “mea culpa” reconhecendo que a estratégia sueca, sem lockdowns e máscaras, funcionou melhor que a dos demais países europeus na pandemia:",5,271,729
Osmar Terra,@OsmarTerra,https://twitter.com/OsmarTerra/status/1658146879811485696,2023-05-15T16:26:37.000Z,"O tempo é um pai inclemente contra o erro e a mentira. Quando falei que o modelo para enfrentar a COVID era o da Suécia, que não fez lockdown, nem obrigou o uso de máscaras, mas orientou exaustivamente a população como proceder, fui duramente atacado pela grande mídia! Mas o…",101,1.439,5.569
Osmar Terra,@OsmarTerra,https://twitter.com/OsmarTerra/status/1658059935886848004,2023-05-15T10:41:08.000Z,TARCÍSIO PERDE PACIÊNCIA COM JORNALISTA - OLHA NO QUE DEU https://youtube.com/shorts/DaPq5KQrm_g?feature=share… via @YouTube,30,317,1.474
Osmar Terra,@OsmarTerra,https://twitter.com/OsmarTerra/status/1658057689442680834,2023-05-15T10:32:13.000Z,Ana Carolina - Só De Sacanagem (Texto) (Ao Vivo) https://youtu.be/cE1VuxpOshI via @YouTube,3,16,64
Osmar Terra,@OsmarTerra,https://twitter.com/OsmarTerra/status/1658052561675472898,2023-05-15T10:11:50.000Z,"Parabéns para o Presidente do Banco Central, Roberto Campos Neto, e para ex-Ministro Paulo Guedes que agora e antes no Governo Bolsonaro não deixaram que a nossa economia fosse destruída pelo aumento da inflação !!",25,189,988
Osmar Terra,@OsmarTerra,https://twitter.com/OsmarTerra/status/1657884188870078464,2023-05-14T23:02:47.000Z,"A fala distorcida do Lula não é um erro da senilidade , é, realmente, um método de fazer política… principalmente de quem não tem argumentos sólidos! Vejam esse outro vídeo",281,2.836,8.669
Osmar Terra,@OsmarTerra,https://twitter.com/OsmarTerra/status/1657819981583622146,2023-05-14T18:47:39.000Z,"Fechar locais abertos e praias. Prender pessoas sozinhas num banco de praça ou nadando no mar, porque “podem se contaminar”e achar que as pessoas convivendo confinadas em casa “não se contaminam”é o requinte do requinte da ignorância científica! O tempo mostrou isso..",16,143,633
Osmar Terra,@OsmarTerra,https://twitter.com/OsmarTerra/status/1657750609661919242,2023-05-14T14:11:59.000Z,Mas sem meta será o caos,5,12,77
Osmar Terra,@OsmarTerra,https://twitter.com/OsmarTerra/status/1657627493300424705,2023-05-14T06:02:46.000Z,"Que explosão gigantesca na Ucrânia,agora pouco,  parece até uma bomba atômica. Informação é de que um míssil russo atingiu um grande depósito de munições em Khmelnytsky…",12,90,373
Osmar Terra,@OsmarTerra,https://twitter.com/OsmarTerra/status/1657537258071760898,2023-05-14T00:04:12.000Z,"Se podemos, ainda, controlar a inflação, será graças ao comando firme do Banco Central, através do seu Presidente Roberto Campos Neto. Escolhido para a função pelo grande Ministro Paulo Guedes, no Governo Bolsonaro",210,1.411,7.440
Osmar Terra,@OsmarTerra,https://twitter.com/OsmarTerra/status/1657474014929993728,2023-05-13T19:52:54.000Z,"Temos que nos preocupar com isso. Qual o impacto do Tic Toc , na mente das crianças..?!!",3,33,116
Osmar Terra,@OsmarTerra,https://twitter.com/OsmarTerra/status/1657472967524118529,2023-05-13T19:48:44.000Z,"Meu objetivo quando faço tweets sobre a Pandemia é buscar esclarecer o que houve,realmente. Ela foi o acontecimento mais impactante e trágico das últimas décadas, em escala planetária! A população foi aterrorizada e conduzida para estratégias baseadas no medo e em narrativas com…",49,285,1.451
Osmar Terra,@OsmarTerra,https://twitter.com/OsmarTerra/status/1657352879731007494,2023-05-13T11:51:33.000Z,"É muito importante prestar atenção nesse discurso do Lula. Ele segue um padrão, é uma aula para a esquerda de como se faz política encima de narrativas mentirosas. Não é um discurso de um senil que perdeu a noção dos números. É proposital! Ele sempre erra de mil para milhões para…",1.115,3.494,"12,4 mil"
Osmar Terra,@OsmarTerra,https://twitter.com/OsmarTerra/status/1657214218469253120,2023-05-13T02:40:33.000Z,É mentira em cima de mentira.. !!,49,208,1.006
Osmar Terra,@OsmarTerra,https://twitter.com/OsmarTerra/status/1656990416170893312,2023-05-12T11:51:15.000Z,"Fala que fiz, em 28/02/2023, apresentando evidências da ineficácia da vacina bivalente!",5,96,398
Osmar Terra,@OsmarTerra,https://twitter.com/OsmarTerra/status/1656976267361624066,2023-05-12T10:55:01.000Z,"Era assim no auge da pandemia com aquele Governador que fez o discurso do medo, da pesquisa de opinião ( não da científica). O resultado foi o RS, infelizmente, com 3.705 mortes de COVID em cada milhão de habitantes. 11% a mais que a média do Brasil!! Se o nosso país tivesse a…",31,553,1.392
Osmar Terra,@OsmarTerra,https://twitter.com/OsmarTerra/status/1656972641134166019,2023-05-12T10:40:37.000Z,"Não foi pesquisa científica, foi a pesquisa de opinião, que orientou muitos governadores no “fecha tudo” e nas promessas milagrosas de vacinas sem a testagem completa.Elas imunizariam toda população,com uma ou duas doses. E a população apavorada,como nunca antes, pela grande…",71,571,1.988
Osmar Terra,@OsmarTerra,https://twitter.com/OsmarTerra/status/1656962672791887874,2023-05-12T10:01:00.000Z,"Quem era negacionista?! Eles não admitem, mas venderam a ilusão que as vacinas iriam acabar com surto da pandemia em poucas semanas ou meses,ainda em 2021.E que eram só DUAS doses.Quem duvidava era “negacionista e amava a morte”.Mas no fim era só marketing sem ciência! Era Fake!",143,1.264,3.548
Osmar Terra,@OsmarTerra,https://twitter.com/OsmarTerra/status/1656843695079956483,2023-05-12T02:08:14.000Z,O problema na é a existência ou não da grade. É saber se ele vai voltar ali de novo quando tiver povo e não tiver grade…. “Lula manda tirar grades do Palácio após jornal revelar compra de 124 km de cerca - Direita Online - Jornalismo Direito”,50,441,1.778
Osmar Terra,@OsmarTerra,https://twitter.com/OsmarTerra/status/1656793138504007682,2023-05-11T22:47:20.000Z,"Postagem que fiz criticando a radicalização do lockdown no RS, com suas bandeiras pretas(criação de marketing do Gov.Eduardo Leite), marcando as proibições rigorosas, até de comprar em determinadas prateleiras dos supermercados. Nos 2 meses que durou aumentou em 100% o número de…",21,180,625
Osmar Terra,@OsmarTerra,https://twitter.com/OsmarTerra/status/1656789568111165441,2023-05-11T22:33:09.000Z,Esse vídeo do radar anti-corrupção é o do Estado de São Paulo. Estou esperando o do Governo Federal …….,22,750,2.320
Osmar Terra,@OsmarTerra,https://twitter.com/OsmarTerra/status/1656788034094768128,2023-05-11T22:27:03.000Z,"Como ele dezenas de milhares .. as vacinas que no inicio iam imunizar e impedir o contágio, viraram uma medicação para impedir casos graves ! Mas nem isso conseguiram evitar!",5,29,152
Osmar Terra,@OsmarTerra,https://twitter.com/OsmarTerra/status/1656762913787461632,2023-05-11T20:47:14.000Z,Começa a mudança no Chile “Cambió muy rápido. O pêndulo no Chile já se afastou da esquerda” - Brazil Journal,35,571,3.341
Osmar Terra,@OsmarTerra,https://twitter.com/OsmarTerra/status/1656727140937629716,2023-05-11T18:25:05.000Z,Outra “News”….?!,10,64,219
Osmar Terra,@OsmarTerra,https://twitter.com/OsmarTerra/status/1656658686117388288,2023-05-11T13:53:04.000Z,"Publiquei em 9/2021, esse levantamento (ainda incompleto) dos pacientes completamente vacinados(na época 2 doses de vacinas,e 1 dose da Jansen).Os dados são do Datasus,garimpados,então, pelo @lorenzoridolfi.Mostra mais de 70 mil hospitalizações e + de 18 mil óbitos nos vacinados!",6,157,343
Osmar Terra,@OsmarTerra,https://twitter.com/OsmarTerra/status/1656631595850248192,2023-05-11T12:05:25.000Z,O que é mesmo uma fake News..??!,126,2.458,6.461
Osmar Terra,@OsmarTerra,https://twitter.com/OsmarTerra/status/1656612590829568002,2023-05-11T10:49:54.000Z,"Obrigado. Esse gráfico confirma o que venho mostrando. Tanto a queda de mortes em 2020, quando não havia vacina, quanto a gigantesca queda em 2021,aconteceram sem impacto da vacinação ( as 2 doses, que depois viraram 3,4,5, ainda não haviam chegado a 50% da população em…",15,304,925
Osmar Terra,@OsmarTerra,https://twitter.com/OsmarTerra/status/1656591364329439232,2023-05-11T09:25:33.000Z,"Morreu meu amigo Luís Carlos Borges!Grande perda para a Cultura Gaúcha e brasileira!Quando Prefeito tive oportunidade de homenagea-lo pela criação do Festival Musicanto Sul-americano de Nativismo,que marcou a história da música nativista.Saudade eterna",9,57,478
Osmar Terra,@OsmarTerra,https://twitter.com/OsmarTerra/status/1656454272983134208,2023-05-11T00:20:48.000Z,É.  ele conhece …..,19,148,470
Osmar Terra,@OsmarTerra,https://twitter.com/OsmarTerra/status/1656412771683106825,2023-05-10T21:35:54.000Z,"Para quem não sabe ao certo o que é a imunidade natural, é interessante ver esse gráfico de 2009 da pandemia do vírus H1N1 . É a curva do aumento e queda de casos por região do Brasil, por semana. Ela sobe, cai e desaparece, só pela imunidade natural. A vacinação só ocorreu no…",1,54,196
Osmar Terra,@OsmarTerra,https://twitter.com/OsmarTerra/status/1656400819778990086,2023-05-10T20:48:24.000Z,As mortes caíram antes das vacinas terem qualquer impacto. Olhe o gráfico com a curva das mortes em grande queda antes das duas primeiras doses chegarem a metade da população .. a imunidade natural dos milhões de infectados e curados fez reduzir o número de mortes ..,32,627,1.932
Osmar Terra,@OsmarTerra,https://twitter.com/OsmarTerra/status/1656396013085638658,2023-05-10T20:29:18.000Z,"O lockdown de São Paulo contra a COVID! Vocês lembram como foi? Tinha as antenas dos celulares dos cidadãos monitoradas, permanentemente, para ver o % dos que “ficavam em casa”. Tinha lojas com as portas soldadas para não poderem abrir… tudo com direito a uma longa entrevista,…",242,2.570,8.783
Osmar Terra,@OsmarTerra,https://twitter.com/OsmarTerra/status/1656386517059747845,2023-05-10T19:51:34.000Z,"“Em N.York,ex-gov.Doria defende Projeto da Censura”.É,ele tem muito o que explicar: o lockdown desastroso,que vendia como a salvação, a Coronavac de 2 doses sendo 100% eficaz, a Butanvac,aquela vacina,que foi sem nunca ter sido, a única “100% nacional”..",281,1.695,5.317
Osmar Terra,@OsmarTerra,https://twitter.com/OsmarTerra/status/1656262893292208135,2023-05-10T11:40:20.000Z,"Uso de maconha pode afetar capacidade de pensar e planejar, diz estudo",69,434,1.505
Osmar Terra,@OsmarTerra,https://twitter.com/OsmarTerra/status/1656253921759772673,2023-05-10T11:04:41.000Z,Que estudos eram esses! Ninguém explica nada para uma população que foi assustada ao extremo !,14,161,566
Osmar Terra,@OsmarTerra,https://twitter.com/OsmarTerra/status/1656226497412366337,2023-05-10T09:15:42.000Z,"Pasmem o Butantan homenageou, sem querer, o Governo Bolsonaro! A dita vacina Butanvac, que seria “100% nacional”, apesar da tecnologia estrangeira, era para estar sendo aplicada em junho de 2021(40 milhões de doses) segundo o Governador de São Paulo. Imagino então que havia todo…",66,1.433,4.602
Osmar Terra,@OsmarTerra,https://twitter.com/OsmarTerra/status/1656163841510604800,2023-05-10T05:06:44.000Z,"Em Chicago um juíz mandou reintegrar todos os funcionários públicos que haviam perdido seu empregos , por não terem o inútil cartão de vacinação da COVID! É isso que acontecerá em toda parte…",5,192,545
Osmar Terra,@OsmarTerra,https://twitter.com/OsmarTerra/status/1656162458472423425,2023-05-10T05:01:14.000Z,Outro absurdo!!,2,6,86
Osmar Terra,@OsmarTerra,https://twitter.com/OsmarTerra/status/1656136838900219904,2023-05-10T03:19:26.000Z,E é fácil comprovar a inutilidade! https://twitter.com/kasserabdalla/status/1656135803263647744…,2,4,49
Osmar Terra,@OsmarTerra,https://twitter.com/OsmarTerra/status/1656134465536524289,2023-05-10T03:10:00.000Z,"O absurdo dos absurdos! Candidato não vacinado contra Covid é impedido de tomar posse após ser aprovado em concurso do TCE-AM. A pandemia terminou,o certificado de vacina nunca protegeu,quem quer que seja,do contágio,e tem raríssimos lugares que ainda mantém essa exigência inútil",164,1.018,2.869
Osmar Terra,@OsmarTerra,https://twitter.com/OsmarTerra/status/1656094360843309058,2023-05-10T00:30:39.000Z,"A Ministra que não desceu do Palanque! Fiz um vídeo comentando a fala da Ministra da Saúde Nisia Trindade, sobre o fim da emergência sanitária internacional da pandemia",13,143,557
Osmar Terra,@OsmarTerra,https://twitter.com/OsmarTerra/status/1655984608142295055,2023-05-09T17:14:31.000Z,Foi encontrado!,17,84,537
Osmar Terra,@OsmarTerra,https://twitter.com/OsmarTerra/status/1655979959553253376,2023-05-09T16:56:03.000Z,Menino desaparecido!,68,95,266
Osmar Terra,@OsmarTerra,https://twitter.com/OsmarTerra/status/1655920430920654848,2023-05-09T12:59:30.000Z,"A Ministra da Saúde Nisia politizou de vez a pandemia. Num pronunciamento sobre o fim da emergência sanitária global da COVID, o que deveria ser um balanço técnico virou um comício político. Ela não explicou nada, só lacrou e tentou colocar a culpa das mortes da COVID no então…",144,1.172,5.243
Osmar Terra,@OsmarTerra,https://twitter.com/OsmarTerra/status/1655875247982166016,2023-05-09T09:59:58.000Z,"Fez parte da politização da pandemia aqui no Brasil, mais do que em qualquer outro país do mundo!",2,36,258
Osmar Terra,@OsmarTerra,https://twitter.com/OsmarTerra/status/1655865158630092801,2023-05-09T09:19:52.000Z,"Dr. Francisco, mais uma vez, acerta na mosca…",4,123,538
Osmar Terra,@OsmarTerra,https://twitter.com/OsmarTerra/status/1655741896705048577,2023-05-09T01:10:05.000Z,"Não acredito…!!! Não vão chamar o Lula para negociar o fim da Guerra da Ucrânia .. ele vai ficar chateado.. Quem vai negociar é a China, o Xi Jin Ping, com a ajuda do homem que negociou o fim da Guerra do Vietnam, Henri Kissinger. Lula pode então se dedicar aos problemas…",60,241,1.603
Osmar Terra,@OsmarTerra,https://twitter.com/OsmarTerra/status/1655536886809591809,2023-05-08T11:35:26.000Z,Pois é ! Como comparar senão pela taxa de mortalidade!,3,13,106
Osmar Terra,@OsmarTerra,https://twitter.com/OsmarTerra/status/1655465474329640960,2023-05-08T06:51:40.000Z,"Para ter a noção da mortalidade e podermos comparar país com país, temos que trabalhar com a taxa e não com números absolutos. Isto é, número de mortes na proporção da população. No caso o número de mortes por milhão de habitantes. Aí o Brasil fica em vigésimo primeiro lugar…",16,189,794
Osmar Terra,@OsmarTerra,https://twitter.com/OsmarTerra/status/1655409271935254529,2023-05-08T03:08:21.000Z,"No começo da Pandemia, quando critiquei o erro do lockdown, me jogavam na cara:”como?! Você não vê que o Reino Unido, a Europa estão apontando a estratégia científica para o mundo?”. Quem é você para contestar?! Pois é, nada como o tempo, nosso velho pai da verdade!!",33,423,1.573
Osmar Terra,@OsmarTerra,https://twitter.com/OsmarTerra/status/1655405034656395264,2023-05-08T02:51:30.000Z,"Sabia?!Morreu mais gente de COVID no Reino Unido ( por milhão de habitantes ) do que no Brasil. Logo no Reino Unido, terra do Imperial College(onde foi criada a ideia, sem fundamento científico, do lockdown), da U. de Oxford, Cambridge, ganhador de 109 prêmios Nobel, o primeiro…",114,2.091,6.619
Osmar Terra,@OsmarTerra,https://twitter.com/OsmarTerra/status/1655303257575530496,2023-05-07T20:07:05.000Z,É assim?,269,2.354,9.221
Osmar Terra,@OsmarTerra,https://twitter.com/OsmarTerra/status/1655262783653527556,2023-05-07T17:26:15.000Z,"Isso ocorre em pandemias: É que o vírus pandêmico é mais agressivo e rápido no contágio,competindo e infectando as células antes dos demais, o que diminui a reprodução e circulação deles",2,37,146
Osmar Terra,@OsmarTerra,https://twitter.com/OsmarTerra/status/1655260399028121603,2023-05-07T17:16:47.000Z,Essa é outra pérola da desinformação …,18,278,837
Osmar Terra,@OsmarTerra,https://twitter.com/OsmarTerra/status/1655190054002728962,2023-05-07T12:37:15.000Z,Isso é para ver como a informação para a população foi manipulada na pandemia. Uma falta de respeito com os cidadãos!,11,158,524
Osmar Terra,@OsmarTerra,https://twitter.com/OsmarTerra/status/1655182049072873472,2023-05-07T12:05:26.000Z,Pois é se o Brasil tivesse a taxa de mortalidade de São Paulo teríamos  mais de 826 mil mortes!! 125 mil a mais !!Você já havia feito essa conta?,63,467,2.025
Osmar Terra,@OsmarTerra,https://twitter.com/OsmarTerra/status/1655039111080673281,2023-05-07T02:37:27.000Z,"Deixo aberto esse Tweet, pelo tempo que for necessário, para alguém mostrar, com provas, quem em 2020 acertou ou ficou próximo do número de casos e óbitos que aconteceriam na COVID no Brasil ! Vale qualquer pessoa ou instituição !",13,92,383
Osmar Terra,@OsmarTerra,https://twitter.com/OsmarTerra/status/1655022525531734018,2023-05-07T01:31:33.000Z,Eu sabia que já tinha visto esse filme…!,11,199,619
Osmar Terra,@OsmarTerra,https://twitter.com/OsmarTerra/status/1654999687663845382,2023-05-07T00:00:48.000Z,É difícil! Até onde eu sei o Nobel é por merecimento e postura ética…!,4,18,132
Osmar Terra,@OsmarTerra,https://twitter.com/OsmarTerra/status/1654997072213360640,2023-05-06T23:50:25.000Z,"Quando as pessoas que tem opinião diferente da minha sobre com enfrentar a COVID, vem contraditar elas só dizem que errei as previsões. Não falam do resto, Lockdown, quarentenas,vacinas etc.. Então vou deixar o grande Adrilles Jorge responder por mim!",14,125,634
Osmar Terra,@OsmarTerra,https://twitter.com/OsmarTerra/status/1654987083797131267,2023-05-06T23:10:43.000Z,"Ele não entende, nem com tradução simultânea , só aquilo que ele não sabe o que dizer. O resto ele responde… não foi assim?!",11,188,679
Osmar Terra,@OsmarTerra,https://twitter.com/OsmarTerra/status/1654979312326434816,2023-05-06T22:39:50.000Z,“Profundo”… e ele insiste em se colocar..,140,502,2.556
Osmar Terra,@OsmarTerra,https://twitter.com/OsmarTerra/status/1654905574805438465,2023-05-06T17:46:50.000Z,"Errado:Scientific American atribui a rápida diminuição de casos de influenza na Pandemia da COVID ao lockdown e às máscaras.Não foi!É que o vírus pandêmico é mais agressivo no contágio,competindo e infectando as células antes dos demais, o que diminui a reprodução e circulação…",14,50,260
Osmar Terra,@OsmarTerra,https://twitter.com/OsmarTerra/status/1654855537270374401,2023-05-06T14:28:00.000Z,"Pesquisa enganosa. Veja minhas postagens de ontem, onde mostro o erro da pesquisa do Butantan",5,30,160
Osmar Terra,@OsmarTerra,https://twitter.com/OsmarTerra/status/1654854747638079488,2023-05-06T14:24:52.000Z,"O Biden,o CDC americano e a mídia juravam,no inicio,que bastava fazer 2 doses de vacina e pronto..estava protegido do contágio e da doença.Foi isso que aconteceu?!Com a inútil vacina bivalente estamos indo p doses 6 e 7  (juntas)em menos de 2 anos,sem impedir contágio e a doença!",26,242,718
Osmar Terra,@OsmarTerra,https://twitter.com/OsmarTerra/status/1654852003648995329,2023-05-06T14:13:57.000Z,"Se vc acha que só uma dose de vacina foi suficiente para diminuir o número de mortes, porque então a segunda dose???!! Porque a mídia, seus “especialistas” afirmavam que só 1 dose não imunizava! O que era verdade. Depois precisava 3 doses… depois 4… 5 …6 e 7 (bivalente).. é…",13,128,560
Osmar Terra,@OsmarTerra,https://twitter.com/OsmarTerra/status/1654832586890391555,2023-05-06T12:56:48.000Z,"Esse é um gráfico exemplar do Prof.Bruno Campello da UFPE,mostrando com clareza como a imunidade natural, dos curados, foi mais importante na redução dos casos e mortes pela COVID que a vacinação.O gráfico diz tudo! (Em vermelho o número de mortes e em azul a vacinação completa!",25,282,772
Osmar Terra,@OsmarTerra,https://twitter.com/OsmarTerra/status/1654818589717741570,2023-05-06T12:01:11.000Z,"Se você observar bem o gráfico das mortes por COVID no Brasil, ao longo do tempo, verá que, até as vacinas impactarem (supondo serem eficazes), na redução de casos e mortes, uma outra imunidade foi decisiva, a IMUNIDADE NATURAL dos curados! Aquela que os “especialistas” da mídia…",18,108,480
Osmar Terra,@OsmarTerra,https://twitter.com/OsmarTerra/status/1654727115265261568,2023-05-06T05:57:42.000Z,"Essa é a razão da OMS ter declarado fim da emergência sanitária global. Pelo gráfico,do total do mundo,estamos no momento de menos mortes de COVID desde 14/03/2020. Desde antes da primeira morte por COVID no Brasil. Está no nível mais baixo e em queda acentuada há 4 meses!…",6,82,293
Osmar Terra,@OsmarTerra,https://twitter.com/OsmarTerra/status/1654646080443764736,2023-05-06T00:35:42.000Z,"Outra enganação do Butantan! Vocês lembram da Butanvavc, a primeira vacina “100% nacional”, que usava tecnologia estrangeira ..?! Pois bem foi anunciada com pompa e circunstância pelo então governador João Doria como um grande feito do laboratório paulista. A promessa era já ter…",656,4.912,15 mil
Osmar Terra,@OsmarTerra,https://twitter.com/OsmarTerra/status/1654631879159455745,2023-05-05T23:39:16.000Z,"Ora, ora, ora, mais uma notícia enganosa do Instituto Butantan (como aquela de que só seriam necessárias 2 doses de Coronavac para proteger da COVID).Diz,na manchete, que 75% das pessoas que morreram de COVID não estavam vacinadas. Depois, no texto revela essas mortes por COVID,…",80,1.427,4.793
Osmar Terra,@OsmarTerra,https://twitter.com/OsmarTerra/status/1654627031361912832,2023-05-05T23:20:00.000Z,"OMS decretou hoje o fim da emergência em saúde da COVID. Antes tarde do que nunca! Há 2 meses eu já dizia que a OMS deveria decretar o fim do surto pandêmico, porque o número de casos já havia reduzido muito no mundo e no Brasil e estava estabilizado ( ver  postagem anexa). Só…",11,130,518
Osmar Terra,@OsmarTerra,https://twitter.com/OsmarTerra/status/1654487217451016193,2023-05-05T14:04:26.000Z,"Devemos agradecer ao Govern Bolsonaro e ao Ministro Paulo Guedes pela condução econômica do nosso país durante os últimos 4 anos. Apesar da Pandemia e Guerra na Europa, conseguiu entregar o país crescendo com quase pleno emprego!! Já os EUA…",8,212,702
Osmar Terra,@OsmarTerra,https://twitter.com/OsmarTerra/status/1654179978307616793,2023-05-04T17:43:34.000Z,Uma boa pergunta que necessita resposta !!,67,714,2.500
Osmar Terra,@OsmarTerra,https://twitter.com/OsmarTerra/status/1654136118827155468,2023-05-04T14:49:17.000Z,"O PSOL fazendo piada!! Além de não entender o que é uma vacina, um experimento, um grupo de risco, e a liberdade de escolha, não perde a chance de pagar um mico….",113,332,1.468
Osmar Terra,@OsmarTerra,https://twitter.com/OsmarTerra/status/1654134567203209221,2023-05-04T14:43:07.000Z,Derrubado o decreto do Lula que retroagia no Marco Legal do Saneamento!,9,91,578
Osmar Terra,@OsmarTerra,https://twitter.com/OsmarTerra/status/1654069993879875585,2023-05-04T10:26:32.000Z,Entre as coisas mais ineficazes e ridiculas criadas nessa pandemia foi a exigência de comprovante de vacina para COVID para entrar em algum lugar ou país! Uma vacina que não imuniza (as pessoas vacinadas continuam  contaminando e sendo contaminadas) e que não protege contra…,132,988,4.786
Osmar Terra,@OsmarTerra,https://twitter.com/OsmarTerra/status/1654068628331921408,2023-05-04T10:21:06.000Z,"Interessante, eu não tinha visto esses depoimentos…. Coerência é tudo….!!",22,316,821
Osmar Terra,@OsmarTerra,https://twitter.com/OsmarTerra/status/1653733595440201731,2023-05-03T12:09:48.000Z,Esse texto da vereadora Comandante Nádia de Porto Alegre é o que eu também penso: “ Já existe regulamentação para retirar qualquer conteúdo das redes desde que um juiz determine (Marco Civil da Internet). Já há no Código Penal previsão de punição ao discurso calunioso e/ou…,37,376,1.491
Osmar Terra,@OsmarTerra,https://twitter.com/OsmarTerra/status/1653543286349479936,2023-05-02T23:33:35.000Z,Lira retirou o PL 2630 e não marcou data para votação,515,790,3.315
Osmar Terra,@OsmarTerra,https://twitter.com/OsmarTerra/status/1653538683935510531,2023-05-02T23:15:18.000Z,"Estamos esperando que o Presidente da Câmara anuncie a retirada de pauta do PL da  censura, PL 2630, a pedido do relator, dep. Orlando Silva.Ele viu que seria derrotado na votação, graças a mobilização da sociedade e da maioria dos Deputados que responderam a ela.Vitoria do povo",414,1.511,6.711
Osmar Terra,@OsmarTerra,https://twitter.com/OsmarTerra/status/1653464009813762050,2023-05-02T18:18:34.000Z,"Aqui está a matéria completa da CNN que revela a interferência do Palácio do Planalto no MDB, para impedir a minha participação na CPMI do dia 08/01..",41,866,2.507
Osmar Terra,@OsmarTerra,https://twitter.com/OsmarTerra/status/1653456507890020352,2023-05-02T17:48:45.000Z,"O PL 2630 da censura irá a votação,daqui a pouco, no plenário da Câmara dos Deputados. É hora de todos, que almejam um país livre e democrático,irem para a rede e pedirem para seus Deputados que votem contra esse PL. Viva a liberdade! Não a censura. @PL2630NÂO",377,2.336,6.329
Osmar Terra,@OsmarTerra,https://twitter.com/OsmarTerra/status/1653388501671452678,2023-05-02T13:18:31.000Z,No front!,12,34,271
Osmar Terra,@OsmarTerra,https://twitter.com/OsmarTerra/status/1653345680058925057,2023-05-02T10:28:22.000Z,"Além de ser contra a CPMI o Palácio do Planalto quer impedir que os partidos escolham livremente seus componentes na Comissão! Interfere, vetando o meu nome no MDB e Bloco, segundo a CNN!",14,159,528
Osmar Terra,@OsmarTerra,https://twitter.com/OsmarTerra/status/1653321456686604289,2023-05-02T08:52:07.000Z,"Pedi ao líder do MDB para participar da CPMI, pois a indicação é dele e do Bloco partidário, MDB, PSD,PODEMOS, REPUBLICANOS, PSC. Mas parece que o Palácio do Planalto está proibindo, segundo a CNN… !",6,230,810
Osmar Terra,@OsmarTerra,https://twitter.com/OsmarTerra/status/1653222328854011904,2023-05-02T02:18:13.000Z,"Aliás, só para lembrar, Chapecó e Araraquara são cidades do mesmo porte, quase a mesma população, e sofreram com o surto de COVID ao mesmo tempo. Enquanto Chapecó seguiu o modelo de lockdown radical de Araraquara teve 37% mais óbitos. Quando Chapecó suspendeu o lockdown e…",8,273,985
Osmar Terra,@OsmarTerra,https://twitter.com/OsmarTerra/status/1653213427567931394,2023-05-02T01:42:51.000Z,"Poucos foram tão atacados na rede e na grande mídia do que eu fui durante a pandemia, plataformas me suspenderam mais de uma vez, articulistas da grande mídia me atacavam pessoalmente de todas as formas imagináveis, só porque não concordava com eles sobre a condução no…",77,768,4.820
Osmar Terra,@OsmarTerra,https://twitter.com/OsmarTerra/status/1653206181219901442,2023-05-02T01:14:03.000Z,É Impressão minha ou o Felipe Neto está contra o Google e o Yuotube..?!!,246,764,3.406
Osmar Terra,@OsmarTerra,https://twitter.com/OsmarTerra/status/1653193952026034177,2023-05-02T00:25:27.000Z,"Segundo a CNN,o Palácio do Planalto está querendo me impedir de participar da CPMI sobre o dia 8/01.Devem estar pressionando a liderança do MDB e do Bloco  MDB,PSD,REPUBLICANOS, PODEMOS e PSC para não me indicarem,como já havia já solicitado ao Lider do MDB!Em que mundo vivemos!",57,600,2.229
Osmar Terra,@OsmarTerra,https://twitter.com/OsmarTerra/status/1652972014376742912,2023-05-01T09:43:33.000Z,"Vejam bem,esse discurso é do Lula no acampamento indígena em Brasília ! O Ministro postou orgulhoso, mas o discurso é do Lula.Qual o significado disso?!Autorização para que os índios tomem as terras do agricultores no “canetaço”.Já vi esse absurdo nos governos petistas passados",45,173,722
Osmar Terra,@OsmarTerra,https://twitter.com/OsmarTerra/status/1652847157160955906,2023-05-01T01:27:25.000Z,"O Dr Fauci,também conhecido como Dr Lockdown na Pandemia da COVID, e que apavorou o mundo com suas previsões,enquanto falava pelos GovernosTrump e Biden , agora está ”tirando o corpo fora” alegando que não propôs o inútil lockdown,e que deveria ter ouvido também os economistas!",41,727,1.664
Osmar Terra,@OsmarTerra,https://twitter.com/OsmarTerra/status/1652835543225450496,2023-05-01T00:41:16.000Z,"Vamos derrotar a PL da censura,a PL 2630 !",117,1.361,4.177
