nome,usuario,idTweet,dataPublicacao,texto,replies,retweets,likes
Alexandre Padilha,@padilhando,https://twitter.com/padilhando/status/1663605896730095619,2023-05-30T17:58:48.000Z,"Depois de 10 anos, os presidentes dos 12 países da América do Sul se encontram. Vamos juntos desenvolver a integração regional.",645,264,1.337
Alexandre Padilha,@padilhando,https://twitter.com/padilhando/status/1663344512125509632,2023-05-30T00:40:09.000Z,"O Minha Casa Minha Vida voltou! São 7.528 unidades entregues desde o início do governo @LulaOficial. Hoje o ministro @Jaderbfilho entregou 880 unidades em Fortaleza. No nosso estado de SP, já foram entregues 600 unidades em Bertioga, 300 em Suzano e vem mais por aí.",32,63,260
Alexandre Padilha,@padilhando,https://twitter.com/padilhando/status/1663279655825072131,2023-05-29T20:22:26.000Z,"Hoje tomei minha vacina contra a gripe. Chega de negacionismo e mentira, vacina é proteção individual e coletiva. E você, já tomou a sua?",49,57,513
Alexandre Padilha,@padilhando,https://twitter.com/padilhando/status/1663184970171416576,2023-05-29T14:06:12.000Z,"Muito bem @JanjaLula ! Aviso a todas e todos, almoçar com quem se ama e defende alimentação saudável faz muito bem para a Saúde ! Precisamos do PR Lula sempre saudável e feliz. Faz bem pra vcês, para o governo e para todo o Brasil",64,94,709
Alexandre Padilha,@padilhando,https://twitter.com/padilhando/status/1663178341585657857,2023-05-29T13:39:51.000Z,"Hoje, o presidente @lulaoficial inicia os encontros da Cúpula da América do Sul, momento em que chefes de estado se encontrarão para discutir e abordar o desenvolvimento econômico e as relações políticas entre as nações do continente (+)",79,87,482
Alexandre Padilha,@padilhando,https://twitter.com/padilhando/status/1662950950460334081,2023-05-28T22:36:17.000Z,"Hoje é Dia da Dignidade Menstrual e todas as pessoas que menstruam podem contar com o gov. @lulaoficial, que criou o Programa de Proteção e Promoção da Dignidade Menstrual para distribuir absorventes no SUS, beneficiando 8 milhões de pessoas com investimento de R$418 milhões/ano.",13,79,326
Alexandre Padilha,@padilhando,https://twitter.com/padilhando/status/1662594388151738370,2023-05-27T22:59:26.000Z,"Ações de solidariedade ao @vinijr e de combate ao racismo marcaram o início dessa rodada do Brasileirão. Assim como o @govbr fez durante a semana, o futebol brasileiro mostrou hoje que com “com racismo não tem jogo”. #todoscomvinijr",7,30,153
Alexandre Padilha,@padilhando,https://twitter.com/padilhando/status/1662237719089627138,2023-05-26T23:22:09.000Z,"Resumo da semana do governo @LulaOficial:

- Novo Marco Fiscal é aprovado na Câmara e vai ao Senado
- CPMI do Golpe é instalada no Congresso Nacional
-  Edital do Mais Médicos abre 5.970 vagas
- Caixa chama 800 aprovados em concurso de 2014",224,302,1.474
Alexandre Padilha,@padilhando,https://twitter.com/padilhando/status/1662162633477300224,2023-05-26T18:23:47.000Z,"A sustentabilidade está no coração do governo @lulaoficial. Nós somos um time coordenado e organizado e temos a convicção do compromisso com a agenda da sustentabilidade, da proteção ambiental e dos povos indígenas. (+)",35,81,651
Alexandre Padilha,@padilhando,https://twitter.com/padilhando/status/1662100549985005571,2023-05-26T14:17:06.000Z,O governo tem instrumentos institucionais para a segurança da agenda de sustentabilidade. Essa agenda está no coração do gov. @LulaOficial e é liderada pela ministra @marinasilva que tem papel importante em sustentá-la. Foi o que falei ao @Estadao. Leia.,68,131,609
Alexandre Padilha,@padilhando,https://twitter.com/padilhando/status/1661857007542861824,2023-05-25T22:09:21.000Z,"“A gente não pode ter medo da política”, @LulaOficial",102,150,634
Alexandre Padilha,@padilhando,https://twitter.com/padilhando/status/1661795013234229265,2023-05-25T18:03:00.000Z,"Tenho a certeza de que a CPMI do Golpe vai contribuir com o trabalho  da @policiafederal e do Judiciário, identificando quando os atos foram planejados, quem planejou e quem financiou um dos dias mais tristes da nossa democracia.",18,72,375
Alexandre Padilha,@padilhando,https://twitter.com/padilhando/status/1661764464780214272,2023-05-25T16:01:37.000Z,A sustentabilidade está no coração do governo @lulaoficial. Vamos vetar a agressão à Mata Atlântica.,82,155,526
Alexandre Padilha,@padilhando,https://twitter.com/padilhando/status/1661726898601484289,2023-05-25T13:32:20.000Z,"A CPMI do Golpe está aberta. Momento importante para a defesa da democracia, para colocarmos uma pá de cal no delírio terraplanista de tentar culpar a vítima. E deixar explícito quem são os responsáveis pelos ataques terroristas do 8/1.",98,92,451
Alexandre Padilha,@padilhando,https://twitter.com/padilhando/status/1661522175252221960,2023-05-24T23:58:50.000Z,"A @camaradeputados finalizou a votação do Novo Arcabouço Fiscal, que agora vai ao @SenadoFederal. Agradeço aos deputados, às deputadas e aos partidos pelo diálogo. Certamente, o texto encontrará também no Senado o mesmo ambiente favorável a este projeto tão importante para o País",131,48,227
Alexandre Padilha,@padilhando,https://twitter.com/padilhando/status/1661481987230810112,2023-05-24T21:19:09.000Z,"A Comissão de Assuntos Sociais (CAS), do @SenadoFederal acabou de aprovar um projeto de minha autoria que cria ações para conscientização sobre as hepatites virais serem desenvolvidas durante o Julho Amarelo. (+)",74,41,311
Alexandre Padilha,@padilhando,https://twitter.com/padilhando/status/1661388819986280453,2023-05-24T15:08:56.000Z,"A presidente da @Caixa, @ritaserranoofc, anunciou a contratação de 800 empregados para o banco. O chamamento é em junho e o início é imediato. Sempre estive com a Caixa, lutando contra sua privatização e defendendo os direitos dos trabalhadores. Vitória do gov.  @lulaoficial!",72,126,483
Alexandre Padilha,@padilhando,https://twitter.com/padilhando/status/1661205928832638976,2023-05-24T03:02:11.000Z,"O texto-base do Novo Marco Fiscal acabou de ser aprovado na @camaradeputados por 372 votos. A medida vai permitir o crescimento sustentável do Brasil, combinando responsabilidade social e fiscal.",149,173,802
Alexandre Padilha,@padilhando,https://twitter.com/padilhando/status/1661138571045027845,2023-05-23T22:34:32.000Z,O relatório do @deputadocajado é calibrado. Aprimora o trabalho do governo e equilibra responsabilidade social e fiscal.,54,35,166
Alexandre Padilha,@padilhando,https://twitter.com/padilhando/status/1661073678547730447,2023-05-23T18:16:40.000Z,"Hoje o STF iniciou o julgamento de mais 131 denúncias contra pessoas envolvidas na tentativa de golpe do 8/1. Já são 1.044 réus que têm de responder à Justiça sobre o terrorismo contra a nossa democracia. Quem pagou, quem financiou e quem participou dos ataques deve ser punido.",7,25,153
Alexandre Padilha,@padilhando,https://twitter.com/padilhando/status/1661062688787644420,2023-05-23T17:33:00.000Z,Quem tá com @LulaOficial segue todas as redes sociais da nova Esplanada!,26,85,447
Alexandre Padilha,@padilhando,https://twitter.com/padilhando/status/1660793330379390977,2023-05-22T23:42:40.000Z,O Mais Médicos voltou! O @minsaude divulgou o edital com a distribuição de médicos por cidades do nosso país. Confira quantos médicos devem ir para o seu município 👇http://maismedicos.gov.br/images/2023/quadro_de_vagas_disponiveis_28_ciclo.pdf…,19,159,877
Alexandre Padilha,@padilhando,https://twitter.com/padilhando/status/1660677256899883011,2023-05-22T16:01:26.000Z,"São inadmissíveis os ataques racistas sofridos por@vinijr e, pior ainda, a tentativa absurda de culpar a vítima. Nosso governo apela às autoridades espanholas, @laliga e @fifa para que haja a devida punição aos criminosos.",11,36,306
Alexandre Padilha,@padilhando,https://twitter.com/padilhando/status/1660649068886908930,2023-05-22T14:09:26.000Z,O presidente @lulaoficial volta da reunião do G7 com a sensação de objetivo cumprido. Diálogo internacional reforçado e pauta ambiental defendida. O desenvolvimento econômico e social do mundo deve ser sustentável. E o governo @lulaoficial será uma importante voz desse movimento.,28,42,203
Alexandre Padilha,@padilhando,https://twitter.com/padilhando/status/1660374553996980227,2023-05-21T19:58:36.000Z,"solidariedade a Vinícius Jr.,mais uma vez vítima de racismo! Nojo dos torcedores brancos espanhóis e de La Liga que se cala e nada faz mais uma vez ! @vinijr @LaLiga @LaLigaBRA",21,177,1.316
Alexandre Padilha,@padilhando,https://twitter.com/padilhando/status/1660308880176431104,2023-05-21T15:37:38.000Z,"PR @LulaOficial, sempre c/ @JanjaLula , já trouxe mais de $40 bi em investimentos para o Brasil,nas suas viagens internacionais. Desgastado? DESGASTADA está essa tentativa de reduzir a credibilidade e importància de Lula e do Brasil no mundo, nutrida pelo complexo de vira-lata",172,271,1.001
Alexandre Padilha,@padilhando,https://twitter.com/padilhando/status/1659673010809237504,2023-05-19T21:30:55.000Z,"Mais uma semana de muitas boas notícias do governo @lulaoficial. Segue o fio:

- Aprovação da urgência do PL do Arcabouço Fiscal
- Depois de 14 anos Brasil retorna ao G7
- Início do pagamento do novo Bolsa Família
- Nova política de preços e redução do valor dos combustíveis (+)",151,374,2.193
Alexandre Padilha,@padilhando,https://twitter.com/padilhando/status/1659632928870023197,2023-05-19T18:51:39.000Z,🔴 AO VIVO Já já estarei na @CNNBrasil falando um pouco sobre as ações do governo @lulaoficial e do ministério das Relações Institucionais.,1,12,63
Alexandre Padilha,@padilhando,https://twitter.com/padilhando/status/1659627484164374533,2023-05-19T18:30:01.000Z,"O ministério da Igualdade Racial começou a realizar as Caravanas Participativas para o Plano da Juventude Negra Viva. Liderado pela ministra @aniellefranco, a ação busca o diálogo com a sociedade civil p/  estruturar políticas importantes p/ o cuidado da população negra. (+)",8,43,294
Alexandre Padilha,@padilhando,https://twitter.com/padilhando/status/1659300628701519872,2023-05-18T20:51:12.000Z,"Hoje, #18M,  é um dia importante para lembrarmos que o cuidado às nossas crianças, a sua proteção e garantia de direitos será um trabalho diário no governo @lulaoficial. O Governo Federal tem uma série de ações pra proteger nossas crianças e adolescentes da violência sexual. (+)",10,21,119
Alexandre Padilha,@padilhando,https://twitter.com/padilhando/status/1659278832203956224,2023-05-18T19:24:36.000Z,"O #BolsaFamília incluiu mais um milhão de famílias e começa a ser pago nesta quinta-feira! Ao todo, são 21,2 milhões de famílias contempladas, recebendo o valor médio de R$ 672,45. Um recorde do programa! É o gov. @lulaoficial colocando o povo de volta no orçamento!",3,26,91
Alexandre Padilha,@padilhando,https://twitter.com/padilhando/status/1659248835338678272,2023-05-18T17:25:24.000Z,"Depois de 14 anos de espera, o Brasil voltou pro G7! O presidente @LulaOficial acaba de chegar no Japão para participar da cúpula, onde se discutirá resoluções para os conflitos mundiais e os caminhos para o desenvolvimento sustentável pro planeta. O Brasil voltou com tudo!",10,59,267
Alexandre Padilha,@padilhando,https://twitter.com/padilhando/status/1659206708470882304,2023-05-18T14:38:00.000Z,"Loucura não se prende! Loucura não se tortura!

Hoje é o Dia Nacional de Luta Antimanicomial, importante data para relembrarmos a luta do movimento popular de saúde pelos fins dos manicômios e pelo direito humanizado à saúde.",15,84,533
Alexandre Padilha,@padilhando,https://twitter.com/padilhando/status/1658951241597173760,2023-05-17T21:42:52.000Z,"Por 367 votos, a @camaradeputados aprovou a urgência do Novo Marco Fiscal e o mérito deve ser votado já na semana que vem. Combinando a responsabilidade social com a fiscal, a proposta foi liderada pela equipe econômica e pelo ministro @Haddad_Fernando. O Brasil voltou!",12,53,269
Alexandre Padilha,@padilhando,https://twitter.com/padilhando/status/1658904951077076992,2023-05-17T18:38:55.000Z,Participei da Sessão Solene da @camaradeputados  em homenagem a enfermagem. Relembrei os muitos enfermeiros e enfermeiras que perderam suas vidas salvando vidas durante a pandemia. Podem contar com o governo @LulaOficial para acompanhar a implementação do piso em todo o Brasil.,7,18,116
Alexandre Padilha,@padilhando,https://twitter.com/padilhando/status/1658844948450492417,2023-05-17T14:40:30.000Z,"A cassação mostra que ninguém está acima da lei. Como dizem hoje em dia, Deltan Dallagnol foi de Power Point.",42,44,420
Alexandre Padilha,@padilhando,https://twitter.com/padilhando/status/1658580543934455814,2023-05-16T21:09:51.000Z,"Hoje, o ministro @costa_rui, a ministra @simonetebetbr e eu nos reunimos com o @MDB_Nacional. Os líderes do partido prometeram que a bancada estará unida na votação da urgência do Arcabouço Fiscal.",9,55,262
Alexandre Padilha,@padilhando,https://twitter.com/padilhando/status/1658538591654404114,2023-05-16T18:23:09.000Z,"A Lei de Acesso à Informação (LAI) completou 11 anos. O presid. @LulaOficial  anunciou medidas que asseguram o direito à informação. A regulamentação da LAI, a Política de Transparência Pública e o Novo Conselho da Transparência vão aperfeiçoar ainda mais a transparência.",7,32,186
Alexandre Padilha,@padilhando,https://twitter.com/padilhando/status/1658490155949514762,2023-05-16T15:10:41.000Z,"O Brasil voltou e a @petrobras anunciou a redução dos preços⛽️Gasolina com redução de R$0,40 por litro. (-12,6%) ⛽️Diesel com redução de R$0,44 por litro. (-12,8%)🍳GLP com redução de R$ 8,97 por botijão de 13 quilos. (-21,3%) (pela primeira vez abaixo de R$100 desde 10/2021)",37,59,271
Alexandre Padilha,@padilhando,https://twitter.com/padilhando/status/1658463063656235010,2023-05-16T13:23:01.000Z,"Hoje completamos 11 anos da Lei de Acesso à Informação, que garante o direito a todo cidadão de receber informações de órgãos públicos. Em tempos de propagação em massa de mentiras, precisamos valorizar as ferramentas conquistadas para a defesa de nossa Democracia. (+)",4,36,181
Alexandre Padilha,@padilhando,https://twitter.com/padilhando/status/1658296000539230208,2023-05-16T02:19:10.000Z,"piso da enfermagem ✓
Data pra votar a nova regra da responsabilidade social- fiscal ✓

E a semana tá só começando",28,35,225
Alexandre Padilha,@padilhando,https://twitter.com/padilhando/status/1658224745354080257,2023-05-15T21:36:02.000Z,"Inacreditáveis os comentários negacionistas no vídeo em que eu me vacino. Esse terraplanismo é resultado de quatro anos de uma gestão anticiência, que custou a vida de mais de milhares de brasileiros.",47,93,468
Alexandre Padilha,@padilhando,https://twitter.com/padilhando/status/1658150890249805826,2023-05-15T16:42:33.000Z,Essa semana esperamos encaminhar importantes projetos do governo @LulaOficial. Mais Médicos deve avançar na Comissão Mista e esperamos votar o novo Bolsa Família na @camaradeputados. Semana quente para nosso projeto de reconstrução.,10,32,125
Alexandre Padilha,@padilhando,https://twitter.com/padilhando/status/1657440375122927620,2023-05-13T17:39:13.000Z,É uma minhoca a cada enxadada nessa herança de Bolsonaro.,38,69,385
Alexandre Padilha,@padilhando,https://twitter.com/padilhando/status/1657151936557195264,2023-05-12T22:33:04.000Z,"Mais uma semana cheia de vitórias do governo Lula. Prepara o L!  

- Sanção do piso salarial da enfermagem
- Programa de Escolas de Tempo Integral 
- Pacto Nacional pela Retomada de Obras da Educação Básica 
- Sanção da Lei Paulo Gustavo (+)",352,413,2.234
Alexandre Padilha,@padilhando,https://twitter.com/padilhando/status/1657132597422456832,2023-05-12T21:16:13.000Z,"Desmatamento da Amazônia cai 68% em abril, comparado ao mesmo período de 2022. A diminuição é consequência das políticas de combate ao desmatamento que o governo @lulaoficial tem botado em prática. Chega de destruição do nosso meio ambiente. Faz o L que vai ter sustentabilidade!",20,67,266
Alexandre Padilha,@padilhando,https://twitter.com/padilhando/status/1657013782483181571,2023-05-12T13:24:06.000Z,Lei 14.581 sancionada pelo presidente @LulaOficial  que garante mais de R$7 bilhões para estado e municípios honrarem o piso da enfermagem. Vitória dos trabalhadores. É o governo Lula cumprindo uma demanda histórica da categoria dos trabalhadores da enfermagem!,13,70,294
Alexandre Padilha,@padilhando,https://twitter.com/padilhando/status/1656785667488198656,2023-05-11T22:17:39.000Z,"Com a retomada do diálogo democrático e do respeito ao Congresso Nacional, é mais do que legítimo que os parlamentares façam indicações de investimentos que o Governo Federal realizará.",32,73,445
Alexandre Padilha,@padilhando,https://twitter.com/padilhando/status/1656766579164446721,2023-05-11T21:01:48.000Z,"Alô, ENFERMAGEM! Amanhã o presidente @LulaOficial vai sancionar o piso da categoria! São mais de 7 bilhões destinados aos sistemas de saúde para implementação do PISO SALARIAL DA ENFERMAGEM. Vitória histórica dos enfermeiros, enfermeiras, técnicos e auxiliares!",76,295,1.129
Alexandre Padilha,@padilhando,https://twitter.com/padilhando/status/1656725304268734464,2023-05-11T18:17:47.000Z,"Quem faz ode à ditadura, homenageando ex-diretores do SNI, que era responsável pela espionagem e pelo sistema repressivo da ditadura, não pode ocupar uma sala no Palácio do Planalto. Por isso, o governo@lulaoficial atuará sempre pelo diálogo e pela defesa da nossa Democracia.",6,34,184
Alexandre Padilha,@padilhando,https://twitter.com/padilhando/status/1656692971125743618,2023-05-11T16:09:18.000Z,"Logo mais estarei, ao vivo, no programa Estúdio i, da @GloboNews, falando um pouco sobre as últimas ações do governo @LulaOficial e do Ministério das Relações Institucionais. Hoje, a partir da 13h30!",9,19,108
Alexandre Padilha,@padilhando,https://twitter.com/padilhando/status/1656645402576187393,2023-05-11T13:00:17.000Z,"Agenda cheia do presid. @LulaOficial. Ele desembarca em Salvador, onde participa do lançamento das plenárias estaduais do Plano Plurianual (PPA) Participativo e da plataforma digital Brasil Participativo. No final do dia ainda tem o lançamento da Lei Paulo Gustavo. Fez o L hoje?",8,52,238
Alexandre Padilha,@padilhando,https://twitter.com/padilhando/status/1656447369452429314,2023-05-10T23:53:22.000Z,"Fizemos hoje reuniões ampliadas com os partidos que participam do governo e têm contribuído com a reconstrução do Brasil. O vice-presidente @geraldoalckmin, eu e os ministros do @PSBNacional40 nos reunimos com líderes do partido. Também estivemos com os representantes do @PSD_55.",36,57,606
Alexandre Padilha,@padilhando,https://twitter.com/padilhando/status/1656389571829964800,2023-05-10T20:03:42.000Z,"O Congresso Nacional acabou de aprovar a MP do Bolsa Família na Comissão Mista. Esse é o maior programa de distribuição de renda para erradicação da pobreza e combate a fome, um exemplo para o mundo! Parabéns ao relator @drfranciscopi, que fez um belo trabalho.",9,85,349
Alexandre Padilha,@padilhando,https://twitter.com/padilhando/status/1656352903064350726,2023-05-10T17:38:00.000Z,"O @STF_oficial tornou réus mais 250 investigados pelos atos golpistas de 8 de janeiro. Os envolvidos vão responder pelos crimes de associação criminosa armada, abolição violenta do Estado democrático de direito, golpe de Estado, dano qualificado e incitação ao crime.",11,39,218
Alexandre Padilha,@padilhando,https://twitter.com/padilhando/status/1656328248706633729,2023-05-10T16:00:02.000Z,"A ministra @aniellefranco, em missão na Espanha, pactuou um compromisso de combate ao racismo. Entre as ações, estão reconhecimento da subnotificação de atos de discriminação racial e o favorecimento à denúncia das vítimas, com assistência jurídica gratuita.",38,46,342
Alexandre Padilha,@padilhando,https://twitter.com/padilhando/status/1656271200950145025,2023-05-10T12:13:20.000Z,"A Lei Geral do Esporte, que regulamenta a prática desportiva no Brasil, foi aprovada no Senado. Em um só documento, teremos o conjunto da legislação - tais como a Lei de Incentivo ao Esporte e a Lei da Bolsa Atleta. Mais um gol do @lulaoficial e um ace da ministra @anabmoser.",46,63,214
Alexandre Padilha,@padilhando,https://twitter.com/padilhando/status/1655939562546552836,2023-05-09T14:15:32.000Z,"Do rock ao tropicalismo, Rita Lee viveu muito e nos presenteou com o seu talento, irreverência e revolução em tudo que fez. Meus sentimos à família, aos amigos e aos fãs. A padroeira da liberdade vai fazer falta.",14,43,453
Alexandre Padilha,@padilhando,https://twitter.com/padilhando/status/1655922177730924544,2023-05-09T13:06:27.000Z,Recebo com pesar a notícia do falecimento do companheiro e ex-deputado federal David Miranda. Um homem sempre presente nas mais importantes frentes de luta pela justiça social. Meus sentimentos aos amigos e familiares nesse difícil momento.,11,24,320
Alexandre Padilha,@padilhando,https://twitter.com/padilhando/status/1655680503305977856,2023-05-08T21:06:07.000Z,O ministro @Haddad_Fernando fez um excelente trabalho com a elaboração do novo Arcabouço Fiscal. Esperamos que ele seja votado na @camaradeputados na semana que vem e aprová-lo no @SenadoFederal no primeiro semestre. Essa é uma das prioridades absolutas do governo.,19,59,247
Alexandre Padilha,@padilhando,https://twitter.com/padilhando/status/1655604806029852676,2023-05-08T16:05:20.000Z,"O presidente @lulaoficial revolucionou a saúde bucal da população ao criar, em 2004, o programa Brasil Sorridente. Agora, revoluciona mais uma vez ao sancionar a lei que o transforma em política nacional permanente. Pode abrir o sorriso que o gov. que cuida do povo voltou!",44,107,538
Alexandre Padilha,@padilhando,https://twitter.com/padilhando/status/1655564797528666112,2023-05-08T13:26:21.000Z,Tomei minha dose da bi-valente contra a COVID-19. Acabou a era do negacionismo e da mentira. Vacina é vida! #movimentonacionalpelavacinação #vivaosus,1.491,394,3.997
Alexandre Padilha,@padilhando,https://twitter.com/padilhando/status/1655351539643437057,2023-05-07T23:18:56.000Z,"#OConselhãoVoltou e o @eurenesilva, fundador do @vozdacomunidade, é um de seus representantes, escolhido pelo presidente @LulaOficial. É o #Conselhão debatendo diversas pautas importantes para a juventude negra.",25,59,439
Alexandre Padilha,@padilhando,https://twitter.com/padilhando/status/1654849477675479044,2023-05-06T14:03:55.000Z,"Mais uma semana de ótimas notícias do governo @lulaoficial:

- O Conselhão voltou!
- Igualdade salarial aprovada na Câmara 
- Novo salário mínimo de R$ 1.320,00
- Nova isenção imposto de renda até R$ 2.620,00
- R$ 500 milhões do Reino Unido para o Fundo Amazônia (+)",443,502,2.751
Alexandre Padilha,@padilhando,https://twitter.com/padilhando/status/1654524379747741696,2023-05-05T16:32:06.000Z,"A partir de hoje, o Brasil volta a fazer parte da Unasul, a União de Nações Sul-Americanas. O decreto foi assinado pelo presidente @lulaoficial em abril e agora passa a valer. #OBrasilVoltou",148,276,1.747
Alexandre Padilha,@padilhando,https://twitter.com/padilhando/status/1654259252481994758,2023-05-04T22:58:35.000Z,"Saímos de um dia cheio de coisa boa para o Brasil com o novo #Conselhão e já estamos no @Flowpdc, com o @iguinho3k pra bater um papo. Estamos ao vivo no link: https://youtube.com/live/uE_geSBAv68?feature=share…#PadilhaNoFlow",15,52,241
Alexandre Padilha,@padilhando,https://twitter.com/padilhando/status/1654205129841598464,2023-05-04T19:23:31.000Z,"#OConselhãoVoltou. Hoje realizamos a primeira plenária do Conselho de Desenvolvimento Econômico Social Sustentável. Fizemos questão de garantir diversidade, com representantes de todos os estados do Brasil, 40% de mulheres e 30% se identificando como negros, pardos e indígenas.",12,67,543
Alexandre Padilha,@padilhando,https://twitter.com/padilhando/status/1654179103824592924,2023-05-04T17:40:06.000Z,Hoje a @camaradeputados aprovou o PL que garante igualdade de salário entre homens e mulheres que ocupam o mesmo cargo.,402,614,3.985
Alexandre Padilha,@padilhando,https://twitter.com/padilhando/status/1653870515788951553,2023-05-03T21:13:53.000Z,"Fiz um vídeo comentando a diferença entre a #liberdadedeexpressão, garantida pela Constituição Federal, e a #censura, que impedia a liberdade de pensar, produzir e se expressar, usada como arma ideológica durante da ditadura militar. Assista:",12,35,137
Alexandre Padilha,@padilhando,https://twitter.com/padilhando/status/1653806391545438209,2023-05-03T16:59:04.000Z,"O presidente @lulaoficial assinou decreto que amplia o orçamento do Centro de Bionegócios da Amazônia. A medida incentiva a pesquisa para novos negócios com os recursos da região, unindo desenvolvimento econômico e proteção ambiental.",3,26,158
Alexandre Padilha,@padilhando,https://twitter.com/padilhando/status/1653779622432055299,2023-05-03T15:12:42.000Z,"Neste momento, o @SenadoFederal faz sessão solene para comemorar o bicentenário da primeira Assembleia Constituinte brasileira, que aconteceu em 3 de maio de 1823, hoje comemorado como Dia do Parlamento. A data marca a luta brasileira em busca da sua soberania, pela liberdade.",8,43,277
Alexandre Padilha,@padilhando,https://twitter.com/padilhando/status/1653758589637390338,2023-05-03T13:49:07.000Z,"Crimes de infração de medida sanitária preventiva, associação criminosa, inserção de dados falsos em sistemas de informação e corrupção de menores. Essas são as ações que a @policiafederal investiga do ex-presidente.",360,465,2.474
Alexandre Padilha,@padilhando,https://twitter.com/padilhando/status/1653457837136175105,2023-05-02T17:54:02.000Z,"Sexta-feira, o presidente @lulaoficial falou no acampamento Terra Livre sobre a importância de organizar a carreira da Funai. Hoje, a ministra @edweck_rj  anuncia concurso com 502 vagas para o órgão. Não perdemos tempo na reconstrução do Brasil.",27,57,233
Alexandre Padilha,@padilhando,https://twitter.com/padilhando/status/1653414089484279808,2023-05-02T15:00:12.000Z,"O presid. @Lulaoficial criou hj um grupo para discutir propostas de regulamentação do trabalho por aplicativos. Respeitamos os que querem seguir autônomos, sem vínculo CLT. Mas é preciso garantir proteção previdenciária para que todos tenham cobertura em caso de doença.",239,397,2.544
Alexandre Padilha,@padilhando,https://twitter.com/padilhando/status/1653157460503322624,2023-05-01T22:00:27.000Z,"Desde as plenárias, no estádio da Vila Euclides, em São Bernardo, na greve dos metalúrgicos nos anos 80, até hoje, 1⁰ de maio de 2023, anunciando o novo salário mínimo e isenção do imposto de renda, o presidente @lulaoficial sempre esteve junto do povo trabalhador.",136,228,807
