nome,usuario,idTweet,dataPublicacao,texto,replies,retweets,likes
Pastor Henrique Vieira,@pastorhenriquev,https://twitter.com/pastorhenriquev/status/1663696753135165440,2023-05-30T23:59:50.000Z,"Votei NÃO ao Marco Temporal, um grande ataque aos povos indígenas. Um projeto que atualiza o espírito da colonização, do massacre. Lira foi um grande articulador dessa perversidade.Estamos na luta, seguiremos firmes. Os indígenas nunca desistiram. Não temos o direito de desistir!",200,654,5.020
Pastor Henrique Vieira,@pastorhenriquev,https://twitter.com/pastorhenriquev/status/1663692613017382912,2023-05-30T23:43:23.000Z,O PL 490 é um retrocesso em nossa política socioambiental e uma tentativa de retirar os direitos dos povos indígenas do Brasil! Estamos com você @celiaxakriaba ! #PL490NÃO,12,52,308
Pastor Henrique Vieira,@pastorhenriquev,https://twitter.com/pastorhenriquev/status/1663665329304633356,2023-05-30T21:54:58.000Z,"A Câmara vota agora o mérito do PL do Marco Temporal. Já não bastasse as invasões, o garimpo e o desmatamento ilegais em suas terras, os povos indígenas agora precisam lutar pelo direito de manter as Terras Indígenas asseguradas! #PL490NÃO",26,63,366
Pastor Henrique Vieira,@pastorhenriquev,https://twitter.com/pastorhenriquev/status/1663632291371810818,2023-05-30T19:43:41.000Z,"O PL 490, na prática, significa o fim dos direitos territoriais indígenas, fundamentais para vida e cultura dos 305 povos originários do Brasil.Esse PL é um retrocesso em nossa política socioambiental e uma tentativa de retirar os direitos dos povos indígenas do Brasil.#PL490NÃO",21,122,404
Pastor Henrique Vieira,@pastorhenriquev,https://twitter.com/pastorhenriquev/status/1663599265547943964,2023-05-30T17:32:27.000Z,Começamos com a Coletiva de Imprensa contra o #PL490 ao lado da companheira Deputada @celiaxakriaba e da Ministra @GuajajaraSonia.,47,314,1.511
Pastor Henrique Vieira,@pastorhenriquev,https://twitter.com/pastorhenriquev/status/1663565680162086912,2023-05-30T15:19:00.000Z,"Hoje estamos diante de um genocídio legislado. A câmara dos deputados votará o PL 490, que leva a tese do marco temporal ao Congresso e devasta os territórios indígenas. Este projeto de lei pode exterminar os povos indígenas. (+)#PL490NAO",32,144,511
Pastor Henrique Vieira,@pastorhenriquev,https://twitter.com/pastorhenriquev/status/1663545288664174595,2023-05-30T13:57:58.000Z,"Afirmar a negritude de Jesus é desautorizar uma teologia colonialista que procura somente controlar a narrativa do evangelho.
Essa é a história que busco resgatar no meu novo livro “O Jesus Negro - O grito antirracista da Bíblia”.

Trecho do filme: Marighella (2021)",20,98,579
Pastor Henrique Vieira,@pastorhenriquev,https://twitter.com/pastorhenriquev/status/1663484683571658752,2023-05-30T09:57:09.000Z,"E esse #aerolook, @ErikakHilton? Tá valendo? 😂",14,6,741
Pastor Henrique Vieira,@pastorhenriquev,https://twitter.com/pastorhenriquev/status/1663280865651073026,2023-05-29T20:27:15.000Z,"🚨TODOS CONTRA O PL 490/07🚨Convocamos toda nossa rede, povos, comunidades, organizações e lideranças a se mobilizar em manifestação e protesto no dia 30/05 (terça-feira), em Brasília, nas suas cidades, nas capitais dos estados, nas comunidades, aldeias, onde for necessário!",5,69,194
Pastor Henrique Vieira,@pastorhenriquev,https://twitter.com/pastorhenriquev/status/1663220420017897478,2023-05-29T16:27:03.000Z,"A hipocrisia dos fundamentalistas religiosos sempre aparece! Dizem que combatem as drogas e o crime organizado, mas usam um avião da própria igreja para transportar quase 300 kg de maconha! Os familiares de Damares envolvidos nesse crime devem explicações",281,1.406,6.749
Pastor Henrique Vieira,@pastorhenriquev,https://twitter.com/pastorhenriquev/status/1663206101653880836,2023-05-29T15:30:10.000Z,"🚨Bolsonaro deu CALOTE BILIONÁRIO na Caixa!! Para tentar se reeleger a qualquer custo, ele liberou R$ 10,6 BILHÕES na Caixa para COMPRAR VOTOS. A tentativa fracassou, ele perdeu as eleições e agora o banco público está com um rombo bilionário. Quem irá pagar essa conta?",58,198,1.037
Pastor Henrique Vieira,@pastorhenriquev,https://twitter.com/pastorhenriquev/status/1663193064079347715,2023-05-29T14:38:21.000Z,"Bom dia, Rio de Janeiro!
Vamos começar a semana com Crivella, ex-prefeito do Rio e atual deputado federal, cassado pela Justiça. Inelegível por 8 anos, ele foi acusado de montar o esquema dos “Guardiões do Crivella” na época da pandemia do Coronavírus (COVID-19).",12,52,479
Pastor Henrique Vieira,@pastorhenriquev,https://twitter.com/pastorhenriquev/status/1662855986154012680,2023-05-28T16:18:56.000Z,"É preciso afirmar nossos sonhos e construir caminhos coletivos para produzir uma sociedade justa, solidária e fraterna. Por isso a lembrança desta oração. Na utopia, vamos arrancar alegria ao futuro.
Bom Domingo pra vocês! 
Seguimos na luta! 🤎",53,399,2.101
Pastor Henrique Vieira,@pastorhenriquev,https://twitter.com/pastorhenriquev/status/1662829322158088193,2023-05-28T14:32:58.000Z,"Nessa quarta, a Câmara vota o PL 490, um projeto que tira direitos dos indígenas, libera garimpo em suas terras e coloca todos os povos indígenas em risco

Acesse http://PL490nao.com.br e pressione seu deputados pra votar contra o PL#PL490Não",10,95,360
Pastor Henrique Vieira,@pastorhenriquev,https://twitter.com/pastorhenriquev/status/1662592167137746953,2023-05-27T22:50:36.000Z,"Nação rubro-negra se une para homenagear um dos seus maiores guerreiros! Somos todos Vini Jr.! Contra o racismo, sem retroceder! ✊🏽🔴⚫",5,16,397
Pastor Henrique Vieira,@pastorhenriquev,https://twitter.com/pastorhenriquev/status/1662564130241355777,2023-05-27T20:59:12.000Z,Hoje no painel ao vivo da @cnnbrasil falei de algumas evidências sobre as falhas da Secretaria do Distrito Federal no dia em que a extrema direita tentou dar um golpe no Brasil.,12,53,369
Pastor Henrique Vieira,@pastorhenriquev,https://twitter.com/pastorhenriquev/status/1662457875887796224,2023-05-27T13:56:59.000Z,"🚨Na última quarta (24.05), a Câmara aprovou a urgência do PL 490/07, que prevê alterações nas regras de demarcação de terras indígenas.
 
Temos ATÉ TERÇA pra virar esse jogo. Participe da nossa campanha e pressione os deputados!

Acesse http://pl490nao.com.br #MarcoTemporalNão",7,47,269
Pastor Henrique Vieira,@pastorhenriquev,https://twitter.com/pastorhenriquev/status/1662105327293149185,2023-05-26T14:36:05.000Z,"Ontem a gritaria da extrema direita tinha motivo. Eles sabem que a relação deles com os atos golpistas serão evidenciadas na CPMI. Até relativizaram as investigações. Para defender a democracia, não vai sobrar nenhum golpista.",27,103,1.310
Pastor Henrique Vieira,@pastorhenriquev,https://twitter.com/pastorhenriquev/status/1662064196358402048,2023-05-26T11:52:38.000Z,Eduardo Bolsonaro é sócio nos EUA de empresário que apoiou atos golpistas.,4,22,136
Pastor Henrique Vieira,@pastorhenriquev,https://twitter.com/pastorhenriquev/status/1661860378286891010,2023-05-25T22:22:44.000Z,"A cada 28 minutos, um jovem negro é executado no Brasil. Racismo mata! Meu repúdio ao senador Magno Malta, que fez un discurso grave, minimizando a discriminação sofrida pelo jogador Vini Jr.!",130,1.076,7.587
Pastor Henrique Vieira,@pastorhenriquev,https://twitter.com/pastorhenriquev/status/1661814818016296965,2023-05-25T19:21:42.000Z,"Já iniciamos os nossos pedidos de convocação. Tem muita coisa para ser investigada. Tem a minuta do golpe, a influência do Bolsonaro, a negligência e a postura do Governador Distrital. É só o começo.",12,81,688
Pastor Henrique Vieira,@pastorhenriquev,https://twitter.com/pastorhenriquev/status/1661805935713550368,2023-05-25T18:46:24.000Z,"#CPMIdoGolpe: É por memória, verdade, justiça e proteção da democracia! Sem anistia para golpistas!",29,338,1.915
Pastor Henrique Vieira,@pastorhenriquev,https://twitter.com/pastorhenriquev/status/1661763659020881921,2023-05-25T15:58:25.000Z,"A #CPMIdoGolpe está instalada e  a relatora é @elizianegama. A quantidade de vezes que essa mulher foi interrompida é absurda. A masculinidade tóxica desses senhores é terrível. Provavelmente virá uma chuva de fake news pra cima dela. Mas estamos juntos, Eliziane! Vamos pra cima!",4,15,151
Pastor Henrique Vieira,@pastorhenriquev,https://twitter.com/pastorhenriquev/status/1661762554073317379,2023-05-25T15:54:01.000Z,"Hoje na CPMI do Golpe Arthur Maia foi eleito presidente, Cid Gomes como Vice Presidente e a Senadora Eliziane Gama como Relatora. #CPMIdoGolpe",1,11,72
Pastor Henrique Vieira,@pastorhenriquev,https://twitter.com/pastorhenriquev/status/1661736997537611777,2023-05-25T14:12:28.000Z,"BOLSONARO É A CARA DO GOLPE 🚨No dia 8 de janeiro o ódio espalhado durante 4 anos por Bolsonaro e seus aliados virou um verdadeiro terror para a população brasileira. ⏰ É hora de investigar aqueles que são contra a democracia. Sem anistia!#CPMIDOGOLPE, PELA DEMOCRACIA!",40,86,385
Pastor Henrique Vieira,@pastorhenriquev,https://twitter.com/pastorhenriquev/status/1661730772301017089,2023-05-25T13:47:44.000Z,"Não é por revanche, não é por vingança. É por memória, verdade, justiça. Por preservação e proteção da democracia. #CPMIdoGolpe",36,283,1.692
Pastor Henrique Vieira,@pastorhenriquev,https://twitter.com/pastorhenriquev/status/1661719146457882630,2023-05-25T13:01:32.000Z,"Com @ErikakHilton na #CPIdoGolpe. Queremos a verdade e justiça. Por democracia, vamos com tudo!",38,62,1.417
Pastor Henrique Vieira,@pastorhenriquev,https://twitter.com/pastorhenriquev/status/1661509380729085952,2023-05-24T23:08:00.000Z,"O fundamentalismo e os atentados terroristas caminharam lado a lado. A partir de amanhã, veremos a verdade, a memória e a justiça virem à tona para superarmos, de uma vez por todas, as atitudes e os projetos golpistas que tem ameaçado nossa democracia. Vamos pra cima!",2,16,156
Pastor Henrique Vieira,@pastorhenriquev,https://twitter.com/pastorhenriquev/status/1661498501673492482,2023-05-24T22:24:46.000Z,É inaceitável tamanho desrespeito e falta de empatia diante de vidas que se perderam e de famílias enlutadas. Que Deus console o coração dos que sofrem e que a Câmara se torne um espaço menos violento e tóxico! Viva ao MST ✊🏽,15,48,345
Pastor Henrique Vieira,@pastorhenriquev,https://twitter.com/pastorhenriquev/status/1661460480949452802,2023-05-24T19:53:41.000Z,Nosso mandato esta a serviço da luta antirracista e não vamos recuar um milímetro diante de um caso tão terrível como o de ontem.,8,59,570
Pastor Henrique Vieira,@pastorhenriquev,https://twitter.com/pastorhenriquev/status/1661450904883679251,2023-05-24T19:15:38.000Z,"Perdemos mais uma rainha do 
Rock n’ roll. 🖤",4,16,353
Pastor Henrique Vieira,@pastorhenriquev,https://twitter.com/pastorhenriquev/status/1661444180940390431,2023-05-24T18:48:55.000Z,"Inacreditável! A mesma empresa que ataca o PL das Fake News oferece um jogo chamado ""Simulador de Escravidão"". O nome disso não é  entretenimento, é  RACISMO RECREATIVO!",9,111,525
Pastor Henrique Vieira,@pastorhenriquev,https://twitter.com/pastorhenriquev/status/1661443771953807384,2023-05-24T18:47:18.000Z,"O STF retoma hoje a votação de recurso que trata da descriminalização do porte e do uso das drogas para consumo próprio. Precisamos de políticas de saúde eficientes, que ajudem pessoas que fazem uso abusivo de drogas, prejudicando a si e a sua família.",5,22,328
Pastor Henrique Vieira,@pastorhenriquev,https://twitter.com/pastorhenriquev/status/1661399507790188544,2023-05-24T15:51:24.000Z,"O PL490 é um genocídio e ecocídio legislado, esse Marco Temporal é um Marco COLONIAL! 
O Brasil é terra indígena, os povos indígenas já estavam aqui bem antes da constituição. Exterminar o direito dos povos indígenas é exterminar o seu próprio futuro!#MarcoTemporalNão #PL490NÃO",32,141,417
Pastor Henrique Vieira,@pastorhenriquev,https://twitter.com/pastorhenriquev/status/1661126166181208064,2023-05-23T21:45:14.000Z,"A repercussão do caso do Vini Jr. tem muito a ver com o fato dele não se calar, nem abaixar a cabeça para racistas... O senador Magno Malta reclamou do alcance do assunto, além de proferir um discurso asqueroso. De um lado, um orgulho da nação e, de outro, o retrocesso do Brasil.",19,175,1.824
Pastor Henrique Vieira,@pastorhenriquev,https://twitter.com/pastorhenriquev/status/1660602813150265346,2023-05-22T11:05:37.000Z,Estou ao vivo agora com @alvaroborba no canal do Meteoro Brasil. Papo sobre conjuntura e principalmente sobre a CPMI do 8 de Janeiro. Chegem ai... Conversa boa! https://youtube.com/watch?v=K_XJqZpLaYw…,2,8,131
Pastor Henrique Vieira,@pastorhenriquev,https://twitter.com/pastorhenriquev/status/1660381339164483585,2023-05-21T20:25:34.000Z,"Vini Jr. reclamou de ataques racistas, recebeu um mata-leão, foi ofendido por jogadores do Valencia e ainda foi expulso pelo juíz. Revoltante! A La Liga é uma vergonha!",156,1.156,9.488
Pastor Henrique Vieira,@pastorhenriquev,https://twitter.com/pastorhenriquev/status/1659623752257118209,2023-05-19T18:15:11.000Z,Inaceitável que um deputado use a tribuna da Câmara para exaltar a participação do avô no exército de Hitler! Uma agressão à memória das vítimas do holocausto e a todo o povo brasileiro! O Congresso Nacional deve ser símbolo da nossa democracia e não palco para orgulho nazista.,25,101,982
Pastor Henrique Vieira,@pastorhenriquev,https://twitter.com/pastorhenriquev/status/1659612117698334720,2023-05-19T17:28:57.000Z,"José Vinicius, obrigado pela sua coragem e fique com a minha solidariedade. Seu relato é revoltante! Para eles, o lucro está acima da dignidade humana. Absurdo!",11,35,450
Pastor Henrique Vieira,@pastorhenriquev,https://twitter.com/pastorhenriquev/status/1659603495849279495,2023-05-19T16:54:42.000Z,Justiça!,0,1,38
Pastor Henrique Vieira,@pastorhenriquev,https://twitter.com/pastorhenriquev/status/1658955708103118848,2023-05-17T22:00:37.000Z,"Liberdade é cura! Manicômio nunca mais! Transtornos mentais e dependência de álcool e outras drogas trazem muitas dificuldades para quem sofre com esses problemas e para seus entes queridos. É um tema sério, que deve ser tratado como política pública, com acolhimento respeitoso.",10,72,574
Pastor Henrique Vieira,@pastorhenriquev,https://twitter.com/pastorhenriquev/status/1658942522054307840,2023-05-17T21:08:13.000Z,"#AOVIVO - Acompanhe nossa Audiência Pública sobre o atendimento psiquiátrico oferecido em organizações e comunidades terapêuticas. O debate foi organizado pelo nosso mandato, junto com @samiabomfim e Filipe Martins (PL-TO).",0,9,60
Pastor Henrique Vieira,@pastorhenriquev,https://twitter.com/pastorhenriquev/status/1658878916470112257,2023-05-17T16:55:28.000Z,"Muito triste a notícia da morte Isabel Mendonça, atropelada duas vezes em Niterói por causa de uma briga de trânsito. A violência rouba futuros e destrói famílias. Toda solidariedade aos seus entes queridos, que agora estão de luto.",2,8,203
Pastor Henrique Vieira,@pastorhenriquev,https://twitter.com/pastorhenriquev/status/1658859228402991104,2023-05-17T15:37:14.000Z,"“Negro não consegue achar emprego, mas na época da escravidão já nascia empregado e também achava ruim” - Léo Lins

Piada e humorista racista não têm graça - nem deveriam ter palco!",529,993,9.598
Pastor Henrique Vieira,@pastorhenriquev,https://twitter.com/pastorhenriquev/status/1658836122808532993,2023-05-17T14:05:26.000Z,"A luta em defesa das pessoas LGBTQIA+ é parte de um projeto de totalidade. Neste Dia Internacional de Combate a LGBTfobia, reforçamos a necessidade da garantia de direitos e da liberdade! 🏳️‍🌈🏳️‍⚧️",5,22,152
Pastor Henrique Vieira,@pastorhenriquev,https://twitter.com/pastorhenriquev/status/1658813167626080256,2023-05-17T12:34:13.000Z,"Bom dia, Brasil! ☀️A gente acorda até mais leve em saber que ontem os preços do gás, diesel, gasolina e Deltan Dallagnol caíram, né?",21,48,624
Pastor Henrique Vieira,@pastorhenriquev,https://twitter.com/pastorhenriquev/status/1658624750745206784,2023-05-17T00:05:30.000Z,Deltan Dallagnol acaba de ter seu mandato cassado por unanimidade pelo TSE.,13,13,635
Pastor Henrique Vieira,@pastorhenriquev,https://twitter.com/pastorhenriquev/status/1658605473543618562,2023-05-16T22:48:54.000Z,"A Comissão de Segurança Pública da Câmara deveria ser um espaço de debate qualificado. Mas, infelizmente, impera a performance sem propósito, a agressividade, o ressentimento. Ficamos restritos a um ambiente de masculinidade tóxica e de intelectualidade tosca.",3,12,146
Pastor Henrique Vieira,@pastorhenriquev,https://twitter.com/pastorhenriquev/status/1658583976955592704,2023-05-16T21:23:29.000Z,🚨ABSURDO! A PEC da Anistia foi aprovada na CCJ com 45 votos. Nós do PSOL votaremos CONTRA a anistia aos partidos que não cumpriram as cotas de gênero ou racial nas candidaturas eleitorais!,1,16,157
Pastor Henrique Vieira,@pastorhenriquev,https://twitter.com/pastorhenriquev/status/1658500423630610432,2023-05-16T15:51:29.000Z,"Mais de 4.600 estudantes ficaram sem aula hoje devido a uma operação policial no Complexo da Penha, no Rio de Janeiro. Crianças, adolescentes e trabalhadores ficaram reféns, em meio ao tiroteio, sem poder sair para estudar e trabalhar. Não podemos naturalizar o absurdo cotidiano!",2,15,133
Pastor Henrique Vieira,@pastorhenriquev,https://twitter.com/pastorhenriquev/status/1658493041156718593,2023-05-16T15:22:08.000Z,"Combustível e botijão de gás vão ficar mais baratos! A Petrobras anunciou hoje o fim da Paridade Internacional: não vai mais seguir os valores de importação. 

A gasolina custará R$ 0,40 o litro (-12,6%), o diesel R$ 0,44 por litro (-12,8%) e o botijão de 13kg  R$8,97 (-21,3%).",10,36,611
Pastor Henrique Vieira,@pastorhenriquev,https://twitter.com/pastorhenriquev/status/1658474861591920640,2023-05-16T14:09:54.000Z,Nos livramos de um governo desumano.,2,9,79
Pastor Henrique Vieira,@pastorhenriquev,https://twitter.com/pastorhenriquev/status/1658297052684492800,2023-05-16T02:23:21.000Z,Não podemos nos silenciar! Ajude a compartilhar:,1,18,89
Pastor Henrique Vieira,@pastorhenriquev,https://twitter.com/pastorhenriquev/status/1658159386001276928,2023-05-15T17:16:19.000Z,"Luiz David, 12 anos, só queria chegar à escola hoje, em São Gonçalo (RJ), mas foi atingido na cabeça por uma bala perdida. Mesmo ferido, ele ainda protegeu a irmã e uma amiga, de 7 anos. Seu estado de saúde é grave. Que futuro terão as crianças que precisam lutar para sobreviver?",9,79,568
Pastor Henrique Vieira,@pastorhenriquev,https://twitter.com/pastorhenriquev/status/1656753879441109012,2023-05-11T20:11:20.000Z,"Assembleia lotada da Rede Estadual de Educação do RJ acaba de aprovar greve, que começará no próximo dia 17/05, quarta-feira.
Na pauta estão demandas como o pagamento do piso nacional, o plano de carreira e a revogação do Novo Ensino Médio. Todo apoio à luta dos educadores!",3,21,186
Pastor Henrique Vieira,@pastorhenriquev,https://twitter.com/pastorhenriquev/status/1656655035466489857,2023-05-11T13:38:34.000Z,"Mais uma vez a favela da Maré acorda com uma violenta operação policial. Mais uma vez, crianças não podem ir à escola e famílias não conseguem sair de casa para trabalhar. Essa guerra cotidiana não pode ser naturalizada!",9,25,318
Pastor Henrique Vieira,@pastorhenriquev,https://twitter.com/pastorhenriquev/status/1656468980553457666,2023-05-11T01:19:15.000Z,"Golaço do @evertonri, dentro e fora de campo! Não bastasse marcar de letra, deu entrevista defendendo a importância de investigar e responsabilizar os envolvidos no esquema de apostas em jogos do Brasileirão, defendendo o bom futebol. #VamosFlamengo",1,7,125
Pastor Henrique Vieira,@pastorhenriquev,https://twitter.com/pastorhenriquev/status/1656369450365382669,2023-05-10T18:43:45.000Z,"A nova Lei Geral do Esporte, aprovada no Senado, aborda o combate ao racismo, à homofobia, ao sexismo e à xenofobia nas arenas. 
A lei permite sanções a pessoas, associações, clubes ou empresas que praticarem intolerância no esporte, com multas que vão de R$ 500 a R$ 2 milhões.",2,18,185
Pastor Henrique Vieira,@pastorhenriquev,https://twitter.com/pastorhenriquev/status/1656353057192521734,2023-05-10T17:38:37.000Z,"🚨Alexandre de Moraes determina multa e suspensão do aplicativo Telegram, após disparo de fake news contra o PL 2630 (Lei Brasileira de Liberdade, Responsabilidade e Transparência na Internet).
A plataforma terá que corrigir a informação e pode ser suspensa por 72h. #PL2630SIM",4,26,252
Pastor Henrique Vieira,@pastorhenriquev,https://twitter.com/pastorhenriquev/status/1656350423760896004,2023-05-10T17:28:09.000Z,"Estamos juntos, meu amigo! Fico muito feliz em representar nossa bancada, junto com a companheira @ErikakHilton, para investigar essa rede golpista que ameaça a nossa democracia! 👊🏽",2,4,97
Pastor Henrique Vieira,@pastorhenriquev,https://twitter.com/pastorhenriquev/status/1656083214421688322,2023-05-09T23:46:21.000Z,"Hoje um “inovador” requerimento foi aprovado na Comissão de Segurança Pública: mais uma convocatória do Ministro Flávio Dino.
A pauta prioritária da oposição bolsonarista na Câmara...",25,17,306
Pastor Henrique Vieira,@pastorhenriquev,https://twitter.com/pastorhenriquev/status/1656017793119133709,2023-05-09T19:26:23.000Z,"Hoje, eu e @ErikakHilton anunciamos nossa indicação como membros da CPMI do 8 de Janeiro, formada por Deputados Federais e Senadores. 
Seguimos na luta para investigar a criminosa tentativa de golpe feita por bolsonaristas.
Quem são os mandantes e seus financiadores?#SEMANISTIA",25,38,864
Pastor Henrique Vieira,@pastorhenriquev,https://twitter.com/pastorhenriquev/status/1655940691812577285,2023-05-09T14:20:01.000Z,"Rita Lee, Rainha do Rock, nos deixou hoje! Sua arte, coragem, empoderamento e inteligência abriram portas para muitas mulheres se afirmarem e marcaram profundamente a história da música brasileira.",8,87,1.604
Pastor Henrique Vieira,@pastorhenriquev,https://twitter.com/pastorhenriquev/status/1655914885165793281,2023-05-09T12:37:28.000Z,"Muito triste a notícia da morte do companheiro David Miranda. Tão jovem, comprometido com causas importantes e pai de uma família linda. Deixo aqui minha solidariedade ao seu marido @ggreenwald, aos seus filhos e a toda sua família.",45,215,5.679
Pastor Henrique Vieira,@pastorhenriquev,https://twitter.com/pastorhenriquev/status/1655707482587529219,2023-05-08T22:53:20.000Z,"EXISTE AMOR EM SP! @GuilhermeBoulos lidera pesquisas para prefeito em todos os cenários, segundo o Instituto Paraná. São 31,5% de intenção de votos contra 17,8% de Ricardo Nunes, 10,9% de Ricardo Salles (o ex-ministro que ia passar a boiada, lembram?) e 7,1% de Tábata Amaral.",16,34,449
Pastor Henrique Vieira,@pastorhenriquev,https://twitter.com/pastorhenriquev/status/1655620338900688897,2023-05-08T17:07:03.000Z,"Nem todo Carrefour, mas sempre um Carrefour...",2,53,530
Pastor Henrique Vieira,@pastorhenriquev,https://twitter.com/pastorhenriquev/status/1654539962048565250,2023-05-05T17:34:01.000Z,"Passamos pela maior crise sanitária do século, durante um governo que não investiu na saúde  e ainda espalhou desinformação. Perdemos muita gente. Trauma pessoal e coletivo que não será superado. Sobrevivemos! E seguiremos lutando para honrar quem se foi.",4,17,224
Pastor Henrique Vieira,@pastorhenriquev,https://twitter.com/pastorhenriquev/status/1654162099872976900,2023-05-04T16:32:32.000Z,"Ailton Barros, quem mandou matar Marielle?",0,7,22
Pastor Henrique Vieira,@pastorhenriquev,https://twitter.com/pastorhenriquev/status/1654161678374666252,2023-05-04T16:30:51.000Z,"Ai, ai, ai, ai... tá chegando a hora! A Polícia Federal descobriu conexão entre Bolsonaro e milícias e encontrou evidências de tentativa de golpe de estado, formação de milícias digitais e até ligação com o crime organizado na Baixada Fluminense. O que será que vem por aí?",2,6,28
Pastor Henrique Vieira,@pastorhenriquev,https://twitter.com/pastorhenriquev/status/1654142583566745603,2023-05-04T15:14:59.000Z,"🚨O PL 1085/23, da Igualdade salarial entre mulheres e homens acaba de ser APROVADO na Câmara! Conquista HISTÓRICA #IgualdadeSalarialJa",12,115,1.090
Pastor Henrique Vieira,@pastorhenriquev,https://twitter.com/pastorhenriquev/status/1653817860295127040,2023-05-03T17:44:39.000Z,"Em Brasília, seguimos na luta por aprovação do PL 1085/23, da igualdade salarial que prevê""empoderar e promover a inclusão social, econômica e política, independentemente da idade, gênero, deficiência, raça, etnia, origem, religião ou condição econômica."" #IgualdadeSalarialJá (+)",4,11,135
Pastor Henrique Vieira,@pastorhenriquev,https://twitter.com/pastorhenriquev/status/1653803304902701058,2023-05-03T16:46:48.000Z,"Toc, toc, toc...",7,14,381
Pastor Henrique Vieira,@pastorhenriquev,https://twitter.com/pastorhenriquev/status/1653724792892129282,2023-05-03T11:34:50.000Z,É questão de tempo! Não se pode esquecer nem minimizar o caráter genocida do último governo. Bom dia.,10,30,895
Pastor Henrique Vieira,@pastorhenriquev,https://twitter.com/pastorhenriquev/status/1653555298915827712,2023-05-03T00:21:19.000Z,"A votação do Projeto de Lei das Fake News (PL 2630), prevista para hoje, foi adiada! Temos grandes desafios pela frente para combater as mentiras, o ódio e a violêcia online.",9,55,606
