nome,usuario,idTweet,dataPublicacao,texto,replies,retweets,likes
Deputado Prof. Paulo Fernando,@paulofernandodf,https://twitter.com/paulofernandodf/status/1662631207816028160,2023-05-28T01:25:44.000Z,No segundo dia da Festa de Pentecostes com a Santa Missa celebrada pelo Padre Moacir Anastácio.#pentecostes,1,2,12
Deputado Prof. Paulo Fernando,@paulofernandodf,https://twitter.com/paulofernandodf/status/1662205079838162944,2023-05-26T21:12:27.000Z,Participando da sessão de debate no Senado a respeito da estrutura do sistema e do processo de adoção no país e possíveis melhoras#adocao,1,1,9
Deputado Prof. Paulo Fernando,@paulofernandodf,https://twitter.com/paulofernandodf/status/1661179503761145856,2023-05-24T01:17:11.000Z,"Estou neste momento na Câmara dos Deputados, no debate em defesa do  Fundo Constitucional do DF (FCDF), o DF será  prejudicado caso seja aprovado o parecer do relator. O Fundo Constitucional é importantíssimo para a nossa cidade. Não ao Arcabouço Fiscal!",4,4,15
Deputado Prof. Paulo Fernando,@paulofernandodf,https://twitter.com/paulofernandodf/status/1660741931222159368,2023-05-22T20:18:26.000Z,"Reunião  agora da nossa bancada federal do DF, deputados distritais e presidentes de partidos políticos do DF para defender o Fundo Constitucional ameaçado  no projeto do Arcabouço Fiscal.",2,1,6
Deputado Prof. Paulo Fernando,@paulofernandodf,https://twitter.com/paulofernandodf/status/1660734830894563334,2023-05-22T19:50:13.000Z,"Até quando vamos presenciar cenas de racismo no futebol? O jogador brasileiro, Vinícius Júnior, foi mais uma vez, vítima de ataque racista em campo. Não podemos nos calar diante de tanto preconceito. Racismo é crime!",0,0,5
Deputado Prof. Paulo Fernando,@paulofernandodf,https://twitter.com/paulofernandodf/status/1659688104163147776,2023-05-19T22:30:54.000Z,Ranking do http://politicos.org.brHumildade para continuar trabalhando pelo bem do Brasil!!,1,2,15
Deputado Prof. Paulo Fernando,@paulofernandodf,https://twitter.com/paulofernandodf/status/1659199640057806856,2023-05-18T14:09:55.000Z,Com humildade recebo a pontuação como um estímulo para trabalhar sempre mais.,1,3,27
Deputado Prof. Paulo Fernando,@paulofernandodf,https://twitter.com/paulofernandodf/status/1658575220452515843,2023-05-16T20:48:42.000Z,No lançamento do Grupo de Amizade Brasil-Bahrein com o representante  do Banrein e com os deputados Eduardo Bolsonaro e Bia Kicis.,0,0,6
Deputado Prof. Paulo Fernando,@paulofernandodf,https://twitter.com/paulofernandodf/status/1657726039559110657,2023-05-14T12:34:21.000Z,*Deputado Prof. Paulo Fernando*: Uma voz *em defesa da independência dos poderes* e *contra o ativismo judicial* |,1,2,12
Deputado Prof. Paulo Fernando,@paulofernandodf,https://twitter.com/paulofernandodf/status/1656781167549399041,2023-05-11T21:59:46.000Z,https://instagram.com/reel/CsHezdqpmls/?igshid=MzRlODBiNWFlZA==… Deputado Prof. Paulo Fernando se pronuncia na Comissão de Comunicação .,1,1,5
Deputado Prof. Paulo Fernando,@paulofernandodf,https://twitter.com/paulofernandodf/status/1656690786094686215,2023-05-11T16:00:37.000Z,"Aprovamos na Câmara dos Deputados um importante PL que torna indeterminado o prazo de validade de laudo atestando deficiência permanente ou Transtorno do Espectro Autista. A medida é importantíssima, além de ser mais uma segurança para os pais. A proposta segue para o Senado.",0,3,16
Deputado Prof. Paulo Fernando,@paulofernandodf,https://twitter.com/paulofernandodf/status/1656123144984223751,2023-05-10T02:25:01.000Z,Com o meu amigo Fernando Cotta do Movimento Orgulho Autista.,1,0,10
Deputado Prof. Paulo Fernando,@paulofernandodf,https://twitter.com/paulofernandodf/status/1655027155506544646,2023-05-07T01:49:57.000Z,"Com a vice-governadora Celina Leão recebendo o prêmio Casa do Candango "" in memorian""  da Sra. Carmela Patti Salgado fundadora da valorosa entidade assistencial de Brasília.",1,3,14
Deputado Prof. Paulo Fernando,@paulofernandodf,https://twitter.com/paulofernandodf/status/1653350997639430152,2023-05-02T10:49:30.000Z,Padre Paulo Ricardo aborda a tentativa de se implantar uma ditadura no Brasil#naopl2630,2,1,5
