nome,usuario,idTweet,dataPublicacao,texto,replies,retweets,likes
Ricardo Ayres,@RicardoAyres_TO,https://twitter.com/RicardoAyres_TO/status/1663692771448832001,2023-05-30T23:44:01.000Z,"A aprovação do Marco Temporal é um retrocesso. Sei da importância da segurança jurídica para o desenvolvimento do agro, mas isso não pode ser usado como pretexto para violar os direitos indígenas, que precisam ter asseguradas suas terras e a preservação de seus valores étnicos.",9,9,82
Ricardo Ayres,@RicardoAyres_TO,https://twitter.com/RicardoAyres_TO/status/1663683568411844609,2023-05-30T23:07:27.000Z,Votarei contra o Marco Temporal! Não podemos violar o direito dos povos originários e ameaçar a sobrevivência das comunidades indígenas.,19,17,184
Ricardo Ayres,@RicardoAyres_TO,https://twitter.com/RicardoAyres_TO/status/1663641791189467136,2023-05-30T20:21:26.000Z,"Ao tomar posse como membro do Conselho de Ética da Câmara dos Deputados, expus minha preocupação com os discursos de ódio e a péssima relação entre os parlamentares. Atos que, infelizmente, têm contaminado o povo brasileiro. Precisamos dar exemplo.",2,0,13
Ricardo Ayres,@RicardoAyres_TO,https://twitter.com/RicardoAyres_TO/status/1663641328582811649,2023-05-30T20:19:36.000Z,"Apresentei dois importantes projetos de lei que tratam sobre a regulamentação das apostas esportivas. O PL 2842/2023 proíbe apostas esportivas para lances individuais, exemplo cartões amarelos e vermelhos, pênaltis, faltas, etc.",1,0,6
Ricardo Ayres,@RicardoAyres_TO,https://twitter.com/RicardoAyres_TO/status/1662102108756234247,2023-05-26T14:23:17.000Z,"Hoje fazem aniversário as cidades de Chapada de Areia, Crixás, Luzinópolis, Oliveira de Fátima, Pugmil, Santa Rita do TO, Talismã, Tupirama, Aguiarnopólis, Bandeirantes e Santa Terezinha do TO. Parabéns aos municípios e a todos que fazem parte dessa festa. Contem sempre comigo!",0,0,1
Ricardo Ayres,@RicardoAyres_TO,https://twitter.com/RicardoAyres_TO/status/1661158480911425536,2023-05-23T23:53:39.000Z,"Aprovamos Moção de Repúdio à La Liga e também ao seu presidente, Javier Tebas, pelos atos de racismo contra o jogador brasileiro Vinícius Júnior, no jogo Valencia X Real Madrid. É preciso combater e punir rigorosamente os atos criminosos de racismo.",0,0,7
Ricardo Ayres,@RicardoAyres_TO,https://twitter.com/RicardoAyres_TO/status/1661144393695498241,2023-05-23T22:57:40.000Z,Um novo parecer do deputado Cláudio Cajado sobre o projeto do arcabouço fiscal (PLP 93/23) será apresentado às 20h para ser votado ainda hoje. O texto estabelece um novo regime fiscal focado na busca de equilíbrio entre arrecadação e despesas.,1,0,6
Ricardo Ayres,@RicardoAyres_TO,https://twitter.com/RicardoAyres_TO/status/1661144034176532480,2023-05-23T22:56:14.000Z,"A CPI da Manipulação no Futebol aprovou hoje requerimentos de nossa autoria que solicitam a presença dos promotores do Ministério Público de Goiás, para que contribuam com informações importantes sobre o inquérito, (...)",1,0,1
Ricardo Ayres,@RicardoAyres_TO,https://twitter.com/RicardoAyres_TO/status/1661143726268489729,2023-05-23T22:55:01.000Z,"Em Brasília, junto ao secretário de Comunicação, Márcio Rocha, visitei a redação do Metrópoles, 2º portal de notícias mais acessado do país. Nosso objetivo é compartilhar os projetos de destaque do estado e, assim, ampliar seu reconhecimento a nível nacional.",0,0,1
Ricardo Ayres,@RicardoAyres_TO,https://twitter.com/RicardoAyres_TO/status/1658816166717005827,2023-05-17T12:46:08.000Z,"Serei titular da CPI das Apostas Esportivas. A comissão investigará suposto esquema de interferência em partidas de futebol para manipular resultados de apostas. A expectativa é de que sejam convocados atletas, árbitros e dirigentes. Atuarei com rigor e imparcialidade.",2,1,10
Ricardo Ayres,@RicardoAyres_TO,https://twitter.com/RicardoAyres_TO/status/1658572680616988682,2023-05-16T20:38:36.000Z,Alerta de GOLPE! Criminosos estão usando o número (63) 98521-1358 para pedir dinheiro pelo WhatsApp em nome do deputado Ricardo Ayres. Não caia nessa. Bloqueie e denuncie!,1,0,1
Ricardo Ayres,@RicardoAyres_TO,https://twitter.com/RicardoAyres_TO/status/1661816048339787792,2023-05-25T19:26:35.000Z,"O Tocantins receberá mais de 183 mil benefícios do 13º do INSS a partir desta quinta. Antecipações garantirão uma injeção de recursos federais de R$ 271,8 milhões na economia do estado.",0,2,7
Ricardo Ayres,@RicardoAyres_TO,https://twitter.com/RicardoAyres_TO/status/1658481451661426694,2023-05-16T14:36:05.000Z,"A Petrobras anunciou o fim da paridade internacional de preços do petróleo. Com isso, o gás de cozinha cairá 21,3% (R$ 8,97); gasolina, 12,6% (R$ R$ 0,40); e o diesel, 12,8% (R$ 0,44), a partir de amanhã. Esse anúncio atende à nossa indicação encaminhada no início do mandato.",2,0,6
Ricardo Ayres,@RicardoAyres_TO,https://twitter.com/RicardoAyres_TO/status/1657082427821506560,2023-05-12T17:56:52.000Z,"Hoje é o dia internacional da enfermagem, e melhor do que homenagear essa importante categoria com palavras, é preciso ter ações diretas que os valorizem e lhes deem melhores condições de trabalho.",1,0,1
Ricardo Ayres,@RicardoAyres_TO,https://twitter.com/RicardoAyres_TO/status/1656718268571287557,2023-05-11T17:49:50.000Z,"Hoje celebramos os cem primeiros dias do nosso mandato! Temos trabalhado muito e tido um comprometimento exemplar para fazer jus ao povo tocantinense. Nossa atuação participativa tem sido um diferencial, aproximando o poder legislativo das demandas reais de nosso estado.",1,0,5
Ricardo Ayres,@RicardoAyres_TO,https://twitter.com/RicardoAyres_TO/status/1656430991500517383,2023-05-10T22:48:18.000Z,"VITÓRIA! A Câmara aprovou nosso primeiro Projeto de Lei. O PL 705/2023 põe fim aos laudos médicos de pacientes com diagnóstico definitivo ou deficiência permanente, tais como autismo, amputações de membros, paralisia cerebral grave, doença de Alzheimer e doenças genéticas.",1,0,8
Ricardo Ayres,@RicardoAyres_TO,https://twitter.com/RicardoAyres_TO/status/1656383170432888832,2023-05-10T19:38:16.000Z,"O plenário da @camaradeputados acaba de aprovar a urgência ao nosso projeto (PL 1113/2023), que prorroga os benefícios para aquisição/instalação de energia solar. A proposta voltará à pauta na próxima semana.",0,0,1
Ricardo Ayres,@RicardoAyres_TO,https://twitter.com/RicardoAyres_TO/status/1656293076434927616,2023-05-10T13:40:16.000Z,"A Câmara pode aprovar hoje o nosso primeiro projeto, o PL 705/2023, que põe fim ao prazo de validade de laudos médicos relacionados a doenças sem cura, tais como o autismo, amputações de membros, paralisia cerebral grave, doença de Alzheimer e diversas doenças genéticas.",2,0,3
Ricardo Ayres,@RicardoAyres_TO,https://twitter.com/RicardoAyres_TO/status/1656037023159926786,2023-05-09T20:42:48.000Z,"O sonho de navegar pelo rio Tocantins até o rio Araguaia por uma hidrovia está próximo de se tornar realidade. Em audiência com o min dos Portos e Aeroportos, Márcio França, com o gov Wanderlei e o vice Laurez debati o início das obras de derrocamento do Pedral do Lourenço.",2,1,9
Ricardo Ayres,@RicardoAyres_TO,https://twitter.com/RicardoAyres_TO/status/1655562348944392198,2023-05-08T13:16:37.000Z,"Boa conversa com os estudantes do Curso de Medicina da Unitins - Campus de Augustinópolis. Eles me entregaram diversas demandas, como o pedido de recursos para a compra de equipamentos para o laboratório, auxílio na participação de congressos nacionais, (…)",3,1,12
Ricardo Ayres,@RicardoAyres_TO,https://twitter.com/RicardoAyres_TO/status/1654275513668468736,2023-05-05T00:03:12.000Z,Dia histórico! Aprovamos hoje a proposta que institui medidas para garantir a igualdade salarial e remuneratória entre mulheres e homens na realização de trabalho de igual valor ou no exercício da mesma função. Reduzir as desigualdades é um compromisso nosso. ♥️,7,0,22
Ricardo Ayres,@RicardoAyres_TO,https://twitter.com/RicardoAyres_TO/status/1653528380480823297,2023-05-02T22:34:21.000Z,"O relator do PL das Fake News, deputado Orlando Silva, acaba de pedir a retirada do texto para alterar o teor justamente no ponto que há discordância: o órgão fiscalizatório.",7,0,5
Ricardo Ayres,@RicardoAyres_TO,https://twitter.com/RicardoAyres_TO/status/1653527098869309441,2023-05-02T22:29:16.000Z,"Votarei contrário ao atual relatório do PL das Fake News. Apesar de saber da importância e necessidade de regulamentar as redes sociais para que se evite a disseminação de conteúdos falsos e violentos, (...)",29,4,20
