nome,usuario,idTweet,dataPublicacao,texto,replies,retweets,likes
Roseana Sarney Murad,@RoseanaSarneyM,https://twitter.com/RoseanaSarneyM/status/1660254199689379841,2023-05-21T12:00:21.000Z,Mais um artigo inspirador de Dorrit Harazin n’O Globo. O vídeo é emocionante.https://youtube.com/watch?v=GBaHPND2QJg…,0,0,8
Roseana Sarney Murad,@RoseanaSarneyM,https://twitter.com/RoseanaSarneyM/status/1658895820844875776,2023-05-17T18:02:39.000Z,"Dia 17 de maio é o Dia Internacional de Combate à LGBTfobia. 🌈Essa luta é de todos que acreditam no respeito e no direito de amar livremente.

Toda forma de amor vale a pena. Todos tem direito à vida e à proteção do Estado. 

Preconceito mata e é crime.",0,0,14
Roseana Sarney Murad,@RoseanaSarneyM,https://twitter.com/RoseanaSarneyM/status/1657821800397414400,2023-05-14T18:54:52.000Z,Três gerações em nossa família. VIVA pra todas as mães.,4,0,47
Roseana Sarney Murad,@RoseanaSarneyM,https://twitter.com/RoseanaSarneyM/status/1653160714167631873,2023-05-01T22:13:23.000Z,"Com tristeza, recebi a notícia dos falecimentos dos amigos Paulinho Salaia e Antônio Fausto. Enquanto Paulinho Salaia fez história com a criação do bloco “Os Feras”, Antônio Fausto fundou o tradicional boi de zabumba “Unidos Venceremos”. Meus sentimentos aos familiares.",7,1,10
Roseana Sarney Murad,@RoseanaSarneyM,https://twitter.com/RoseanaSarneyM/status/1653016269640138752,2023-05-01T12:39:24.000Z,Viva o primeiro de maio!,58,1,31
