nome,usuario,idTweet,dataPublicacao,texto,replies,retweets,likes
Ruy Carneiro,@ruycarneiropb,https://twitter.com/ruycarneiropb/status/1663561018264653824,2023-05-30T15:00:28.000Z,"Mais uma vez, a Prefeitura de João Pessoa entra no radar do Ministério Público. Segue o fio que eu vou explicar o que a atual gestão tem feito na Orla de João Pessoa. 🧵",1,0,2
Ruy Carneiro,@ruycarneiropb,https://twitter.com/ruycarneiropb/status/1662822501905227778,2023-05-28T14:05:52.000Z,"O Turismo é uma vocação da Paraíba!

Visitei ontem a Expo Turismo Paraíba, que está acontecendo no Centro de Convenções de João Pessoa. Como foi importante ver os municípios da Paraíba mostrando seu potencial turístico, expondo suas rotas, roteiros e produtos na feira.",1,0,0
Ruy Carneiro,@ruycarneiropb,https://twitter.com/ruycarneiropb/status/1662204623137153025,2023-05-26T21:10:39.000Z,"É inadmissível o apagão administrativo que vive a Prefeitura de João Pessoa. Mais uma prova da incompetência da atual gestão é o ranking Previne Brasil, que avalia a qualidade da saúde pública, divulgado ontem.",1,0,0
Ruy Carneiro,@ruycarneiropb,https://twitter.com/ruycarneiropb/status/1662146812688449553,2023-05-26T17:20:55.000Z,"Mais respeito na luta pela vida!

A mastectomia é um procedimento que abala o psicológico de pacientes que lutam contra o câncer de mama, e ter alguém ao seu lado, durante o procedimento, é de extrema importância para quem vive passa por esse momento difícil.",1,0,2
Ruy Carneiro,@ruycarneiropb,https://twitter.com/ruycarneiropb/status/1661372246005252100,2023-05-24T14:03:04.000Z,"O triste cenário de desemprego na Paraíba segue o que acontece em João Pessoa. Um estado com tanto potencial como nosso não pode ser o 8º com a maior taxa de desocupação do Brasil, de acordo com o IBGE.",1,0,0
Ruy Carneiro,@ruycarneiropb,https://twitter.com/ruycarneiropb/status/1660440269416792065,2023-05-22T00:19:44.000Z,Toda minha solidariedade ao atleta brasileiro Vinícius Júnior. Racismo é crime e precisa ser combatido em qualquer lugar do mundo. Que esse novo e lamentável episódio sirva de exemplo para ações mais enérgicas das autoridades internacionais e também brasileiras.,1,0,2
Ruy Carneiro,@ruycarneiropb,https://twitter.com/ruycarneiropb/status/1659194077487812608,2023-05-18T13:47:49.000Z,"No Dia do Combate ao Abuso e Exploração Sexual de Crianças e Adolescentes, quero lembrar que ainda há um longo caminho nesta luta. No Brasil, os casos de abuso e exploração continuam passando despercebidos. +",1,0,1
Ruy Carneiro,@ruycarneiropb,https://twitter.com/ruycarneiropb/status/1658429068130373633,2023-05-16T11:07:56.000Z,"O sonho da enfermagem está concretizado. STF reconheceu todo o esforço para tornar real o piso da categoria. Profissionais dos estados, municípios e hospitais filantrópicos já começam a receber a partir desse mês. Nos privados, a aplicação poderá ser negociada até 1º de julho.",3,0,0
Ruy Carneiro,@ruycarneiropb,https://twitter.com/ruycarneiropb/status/1657017507058794497,2023-05-12T13:38:54.000Z,"Mais uma vitória pra enfermagem e pra saúde pública do Brasil. O governo sancionou hoje (12/05) a lei que permite o pagamento do Piso da Enfermagem. Fui vice-presidente da comissão que aprovou o projeto e sei que esse é um momento muito importante porque, +",1,0,2
Ruy Carneiro,@ruycarneiropb,https://twitter.com/ruycarneiropb/status/1656015447962140672,2023-05-09T19:17:04.000Z,"O @bsktunifacisa entra em quadra hoje, em busca de mais uma vitória histórica no NBB. Estamos na torcida por um novo triunfo diante do Franca, que garante a vaga inédita na semifinal. Essa já é a melhor campanha da PB na competição e vamos em busca do título! #ArrochaUnifacisa",0,0,0
Ruy Carneiro,@ruycarneiropb,https://twitter.com/ruycarneiropb/status/1655953431629266953,2023-05-09T15:10:38.000Z,"Vá em paz, Rita Lee! Quem de vocês, como eu, sonhou, cantou, dançou e se apaixonou ao som da canções de Rita? Ela não era apenas parte da história do rock e da MPB. Era uma parte das nossas vidas, afetos e da nossa própria história! Você, Rita, vai nos fazer muita falta.🥰",0,0,0
Ruy Carneiro,@ruycarneiropb,https://twitter.com/ruycarneiropb/status/1654962550709133313,2023-05-06T21:33:14.000Z,"Ninguém aceita irresponsabilidade.

Fazer engorda da praia apenas por fazer é irresponsável. Vão investir milhões sem nem fazer um estudo de impacto ambiental. Por que será? O MPF está de parabéns! Vamos defender as nossas praias, o nosso maior patrimônio!",2,0,0
