nome,usuario,idTweet,dataPublicacao,texto,replies,retweets,likes
Sargento Fahur,@SargentoFAHUR,https://twitter.com/SargentoFAHUR/status/1663468361345376256,2023-05-30T08:52:17.000Z,Rodovias federais passam cortando áreas de domínio do tráfico. E as operações policiais estão proibidas  nesses lugares. Olhem a abordagem da PRF no Rio de Janeiro.,176,246,1.508
Sargento Fahur,@SargentoFAHUR,https://twitter.com/SargentoFAHUR/status/1663263356633874433,2023-05-29T19:17:40.000Z,Não sobrará um corrupto condenado.,52,103,930
Sargento Fahur,@SargentoFAHUR,https://twitter.com/SargentoFAHUR/status/1663195670340157440,2023-05-29T14:48:43.000Z,Maduro chega ao Brasil. O povo da Venezuela não merece esse ditador e o povo brasileiro não precisa da visita desse assassino.,579,1.211,8.491
Sargento Fahur,@SargentoFAHUR,https://twitter.com/SargentoFAHUR/status/1661883906784649219,2023-05-25T23:56:14.000Z,Conheço um que furtou valores bem maiores e hoje é autoridade.,19,48,566
Sargento Fahur,@SargentoFAHUR,https://twitter.com/SargentoFAHUR/status/1661417160185348114,2023-05-24T17:01:33.000Z,O vagabundo se lascou. 🤣🤣🤣,70,262,2.701
Sargento Fahur,@SargentoFAHUR,https://twitter.com/SargentoFAHUR/status/1661184675472195587,2023-05-24T01:37:44.000Z,"Garçom pega ""rabeira"" em caminhão e cai. Está na UTI. Aconteceu em Maringá-PR.",38,26,461
Sargento Fahur,@SargentoFAHUR,https://twitter.com/SargentoFAHUR/status/1661170510191788032,2023-05-24T00:41:27.000Z,CADEIA PESADA PARA LADRÃO DE CELULAR!,86,452,3.048
Sargento Fahur,@SargentoFAHUR,https://twitter.com/SargentoFAHUR/status/1661077038491480066,2023-05-23T18:30:01.000Z,O poste mijando no cachorro!,372,683,6.753
Sargento Fahur,@SargentoFAHUR,https://twitter.com/SargentoFAHUR/status/1660650159234076674,2023-05-22T14:13:46.000Z,Bem feito.,27,71,1.255
Sargento Fahur,@SargentoFAHUR,https://twitter.com/SargentoFAHUR/status/1659802650278342657,2023-05-20T06:06:04.000Z,"A família da ""vítima"" ficou revoltada com a fala do desembargador, mas a verdade é que o morto tinha 49 ocorrências contra si, entre elas concussão,  lesão corporal, homicídio, tráfico de drogas e crime contra a criança e adolescente.",20,52,711
Sargento Fahur,@SargentoFAHUR,https://twitter.com/SargentoFAHUR/status/1658899074299437070,2023-05-17T18:15:34.000Z,"Na sessão de instalação da CPI do MST, a qual irá escolher, através do voto, seus membros, pré indicados pelos partidos. 

Precisamos investigar quem financia essas invasões criminosas do MST. O agro brasileiro precisa de segurança e paz para poder produzir e alimentar o mundo.",35,98,1.253
Sargento Fahur,@SargentoFAHUR,https://twitter.com/SargentoFAHUR/status/1658890535388561408,2023-05-17T17:41:38.000Z,Tentativa de golpe. Tentam roubar nosso dinheiro de todas as maneiras.,26,41,408
Sargento Fahur,@SargentoFAHUR,https://twitter.com/SargentoFAHUR/status/1657774875589713921,2023-05-14T15:48:24.000Z,Feliz dia das mães!,87,563,7.169
Sargento Fahur,@SargentoFAHUR,https://twitter.com/SargentoFAHUR/status/1656462403440107520,2023-05-11T00:53:07.000Z,Só prendeu e assombrou ladrão vagabundo. Porque o ministro Gilmar Mendes se preocupa tanto?,67,113,1.163
Sargento Fahur,@SargentoFAHUR,https://twitter.com/SargentoFAHUR/status/1656434218006638594,2023-05-10T23:01:07.000Z,Vendem sentenças e ganham uma aposentadoria. Quero vê-los atrás das grades. Alguém acredita???,59,175,1.036
Sargento Fahur,@SargentoFAHUR,https://twitter.com/SargentoFAHUR/status/1656371206235254799,2023-05-10T18:50:44.000Z,"Se fosse um esquerdista processando alguém de Direita já ganhava uns R$ 30 mil por danos morais e blá blá blá. Mas esquerdista ofender a Direita, dá nada não.",53,231,1.477
Sargento Fahur,@SargentoFAHUR,https://twitter.com/SargentoFAHUR/status/1655968169260126209,2023-05-09T16:09:12.000Z,Respeite o povo de Curitiba. Um ministro de Suprema Corte falando asneiras.,460,641,4.756
Sargento Fahur,@SargentoFAHUR,https://twitter.com/SargentoFAHUR/status/1655707640083742721,2023-05-08T22:53:57.000Z,Operação Canguçu conta com cerca de 350 homens e mulheres nas buscas aos bandidos que atacaram a cidade de Confresa-MT. Quinze bandidos já foram para o colo do capeta e dois foram presos. O comando da operação informou que só vão sair da região quando todos estiverem presos.,52,267,3.142
Sargento Fahur,@SargentoFAHUR,https://twitter.com/SargentoFAHUR/status/1655417410608824320,2023-05-08T03:40:41.000Z,Menos 1.http://recordtv.r7.com/balanco-geral-manha/videos/policial-reage-a-tentativa-de-assalto-e-mata-bandido-em-sp-05052023…,91,90,1.889
Sargento Fahur,@SargentoFAHUR,https://twitter.com/SargentoFAHUR/status/1655269474646339585,2023-05-07T17:52:50.000Z,O morador é CAC. Se fosse um coitado desarmado a sua família seria humilhada e violentada.,119,291,2.693
Sargento Fahur,@SargentoFAHUR,https://twitter.com/SargentoFAHUR/status/1654558782138068992,2023-05-05T18:48:48.000Z,Menos 1 lixo nas ruas.https://recordtv.r7.com/balanco-geral-manha/videos/policial-reage-a-tentativa-de-assalto-e-mata-bandido-em-sp-05052023?amp…,16,24,327
Sargento Fahur,@SargentoFAHUR,https://twitter.com/SargentoFAHUR/status/1654438127832899584,2023-05-05T10:49:22.000Z,Quatro criminosos a menos.,55,66,1.221
Sargento Fahur,@SargentoFAHUR,https://twitter.com/SargentoFAHUR/status/1653815038052904983,2023-05-03T17:33:26.000Z,"Mesmo assim foi para o ""saco"".. kkkk",28,18,288
Sargento Fahur,@SargentoFAHUR,https://twitter.com/SargentoFAHUR/status/1653807504428609547,2023-05-03T17:03:29.000Z,Menos 1.,20,31,683
