nome,usuario,idTweet,dataPublicacao,texto,replies,retweets,likes
Silvia Waiãpi,@silviawaiapi,https://twitter.com/silviawaiapi/status/1663602167213694979,2023-05-30T17:43:59.000Z,"Estou nesse momento, na Comissão de Segurança Pública para aprovarmos a Moção de Repúdio ao Lula, de minha autoria.

O mesmo, recebe com honras de Estado, o ditador venezuelano sanguinário, Nicolás Maduro.

Uma vergonha aos brasileiros e a toda a Nação!!!",47,331,1.432
Silvia Waiãpi,@silviawaiapi,https://twitter.com/silviawaiapi/status/1663564210419437571,2023-05-30T15:13:09.000Z,Meu agradecimento a todos que nos apoiam. Contem comigo no Congresso. Pelo Amapá! Pelo Brasiil!,36,206,1.663
Silvia Waiãpi,@silviawaiapi,https://twitter.com/silviawaiapi/status/1663357854907023361,2023-05-30T01:33:10.000Z,Lula envergonha o Brasil!!,1,44,192
Silvia Waiãpi,@silviawaiapi,https://twitter.com/silviawaiapi/status/1663273130104635396,2023-05-29T19:56:30.000Z,"Brasileiros acampados em frente o quartel do Exército. A esquerda os tratou como "" terroristas"".

E Lula convidar e receber um presidente ditador conhecido mundialmente pelo:

- TERRORISMO
- narcotráfico
- fome
- miséria
- procurado pela polícia internacional👉🏻 Como se chama??",36,313,828
Silvia Waiãpi,@silviawaiapi,https://twitter.com/silviawaiapi/status/1663260855591489536,2023-05-29T19:07:44.000Z,"URGENTE
Protocolei nesse momento, uma Moção de Repúdio contra Lula por receber o ditador da Venezuela, Maduro, no Brasil.

Atitude irresponsável!! Lula não se preocupa com a segurança dos brasileiros, tampouco com a Defesa Nacional do nosso país.",104,975,3.305
Silvia Waiãpi,@silviawaiapi,https://twitter.com/silviawaiapi/status/1662236420222734340,2023-05-26T23:17:00.000Z,Devemos PROTEGER nossas crianças!!!!,3,174,737
Silvia Waiãpi,@silviawaiapi,https://twitter.com/silviawaiapi/status/1662122707679313923,2023-05-26T15:45:08.000Z,Ótima sexta-feira a todos!!,9,69,366
Silvia Waiãpi,@silviawaiapi,https://twitter.com/silviawaiapi/status/1661873872398950400,2023-05-25T23:16:21.000Z,"VAMOS COMBATER Erotização de crianças, uma violência silenciosa e perigosa.",42,656,2.200
Silvia Waiãpi,@silviawaiapi,https://twitter.com/silviawaiapi/status/1661830424534851599,2023-05-25T20:23:43.000Z,"Conseguimos! De minha autoria, o Congresso irá debater a exploração do petróleo no Norte. 

Temos que gerar desenvolvimento para a nossa região, que tanto precisa e merece.",13,92,251
Silvia Waiãpi,@silviawaiapi,https://twitter.com/silviawaiapi/status/1661466350231887873,2023-05-24T20:17:01.000Z,"Nesse momento, questiono o Ministro do GSI, General Amaro, sobre os atos de 08 de janeiro, em Brasília.",3,52,241
Silvia Waiãpi,@silviawaiapi,https://twitter.com/silviawaiapi/status/1661365888673538056,2023-05-24T13:37:49.000Z,"Pronto, falei!",6,53,220
Silvia Waiãpi,@silviawaiapi,https://twitter.com/silviawaiapi/status/1661347789467418627,2023-05-24T12:25:54.000Z,"Vitória do Amapá!! Vitória do Norte! Conseguimos as assinaturas necessárias para a criação da Comissão Geral para debater exploração de petróleo no Norte do país

Protocolei o requerimento, e irei despachar com o presidente da Câmara, Arthur Lira, sobre a importância desse debate",6,43,146
Silvia Waiãpi,@silviawaiapi,https://twitter.com/silviawaiapi/status/1661111410183512074,2023-05-23T20:46:36.000Z,"Discutindo os principais temas da Segurança Pública com o presidente do nosso colegiado  @DepSandersonDestaquei, a minha preocupação no combate ao crime organizado nas fronteiras do Amapá.",1,23,137
Silvia Waiãpi,@silviawaiapi,https://twitter.com/silviawaiapi/status/1661026847394766848,2023-05-23T15:10:35.000Z,"Essa manhã, fui recebido pelo embaixador coreano, Lim Ki-mo, em sua residência oficial.

Comentei da minha experiência em seu país, e apresentei planos para desenvolvimento de futuras parcerias em ciência, tecnologia e inovação entre Brasil, em destaque o Amapá, e a Coreia do Sul",4,33,176
Silvia Waiãpi,@silviawaiapi,https://twitter.com/silviawaiapi/status/1660761926849241089,2023-05-22T21:37:53.000Z,"Em entrevista, registrei o prejuízo que a decisão do Ibama irá gerar no Amapá. O petróleo é do BRASIL, e quem deve explorar e decidir são os brasileiros.",34,385,1.139
Silvia Waiãpi,@silviawaiapi,https://twitter.com/silviawaiapi/status/1659648920799129600,2023-05-19T19:55:12.000Z,"Absurdo!!! Ao contrário disso, precisamos é de mais e mais RIGIDEZ, e não afrouxamento para entrada de drogas, materiais para fuga, dentre outras mazelas!",10,37,135
Silvia Waiãpi,@silviawaiapi,https://twitter.com/silviawaiapi/status/1659571326464544769,2023-05-19T14:46:52.000Z,O Ibama não pode condenar nosso Amapá de se desenvolver. Vamos reverter essa decisão!!,12,87,312
Silvia Waiãpi,@silviawaiapi,https://twitter.com/silviawaiapi/status/1659313535539617792,2023-05-18T21:42:30.000Z,"O Ibama age de forma equivocada barrando a exploração de petróleo na foz do Amazonas.

Condenando o Amapá em ter a possibilidade de se desenvolver economicamente na região. Não irei medir esforços para reverter essa decisão, que atrasa a nossa população amapaense.",7,55,179
Silvia Waiãpi,@silviawaiapi,https://twitter.com/silviawaiapi/status/1658227264046215172,2023-05-15T21:46:02.000Z,"URGENTE
Em ofício, cobrei do Ministério da Saúde ações sanitárias de forma EMERGENCIAL no AP, além do reforço de oxigênio.

Temos que conter essa gripe que vem atingindo fatalmente o público infantil. Infelizmente, já com a morte de 03 crianças, 150 em estado grave e 32 intubadas",3,28,115
Silvia Waiãpi,@silviawaiapi,https://twitter.com/silviawaiapi/status/1658152272692498433,2023-05-15T16:48:03.000Z,Solicitei emergência para que providências sejam tomadas acerca da situação precária na saúde do Estado!,0,57,168
Silvia Waiãpi,@silviawaiapi,https://twitter.com/silviawaiapi/status/1657691321174245383,2023-05-14T10:16:24.000Z,"A todas as Mães, que vocês tenham um dia
todo especial!",2,32,273
Silvia Waiãpi,@silviawaiapi,https://twitter.com/silviawaiapi/status/1657128075828576259,2023-05-12T20:58:15.000Z,"Parabéns à enfermagem do Brasil!

Gratidão a esses guerreiros e guerreiras que cuidam tão bem de todos nós diuturnamente.

Meu respeito e admiração!",0,12,57
Silvia Waiãpi,@silviawaiapi,https://twitter.com/silviawaiapi/status/1657077768805310468,2023-05-12T17:38:21.000Z,"https://diariodopoder.com.br/brasil-e-regioes/sta-brasil/moraes-manda-soltar-torres-uma-prova-que-o-mesmo-agia-com-a-verdade-avalia-silvia-waiapi…Esse é o sistema de justiça que uma ala vem impondo no Brasil. Tempos difíceis, porém não podemos recuar.",0,48,242
Silvia Waiãpi,@silviawaiapi,https://twitter.com/silviawaiapi/status/1656781542708879363,2023-05-11T22:01:15.000Z,"URGENTE 
Moraes manda soltar Anderson Torres. Uma prova que o mesmo agia com a verdade.

Ele foi humilhado e isolado de sua família e da sociedade. Preso por meses! Que crime cometeu? Nenhum! 
Esse é o sistema  de justiça que uma ala vem impondo no Brasil.",0,55,180
Silvia Waiãpi,@silviawaiapi,https://twitter.com/silviawaiapi/status/1656761171251195927,2023-05-11T20:40:19.000Z,"Nesse meu centésimo dia de mandato, quero renovar meu compromisso com o Brasil, em especial, nosso Amapá.

Sou eleita pelo povo e para o povo, e irei continuar sendo a voz ativa dos amapaenses no Congresso.

Sempre com lisura e zelo com a coisa pública e no combate à corrupção.",0,40,174
Silvia Waiãpi,@silviawaiapi,https://twitter.com/silviawaiapi/status/1656469114762698753,2023-05-11T01:19:47.000Z,"URGENTE 

Nós, da oposição, acabamos de protocolar um PL Anticensura. Sou co-autora dessa iniciativa que:

Tipifica o CRIME DE CENSURA para autoridades que determinem retiradas de publicações por seus conteúdos ideológicos ou políticos.",0,550,2.011
Silvia Waiãpi,@silviawaiapi,https://twitter.com/silviawaiapi/status/1656007112005132288,2023-05-09T18:43:57.000Z,"Com pesar compartilho com a dor da família e do
Glenn @ggreenwald o meu mais profundo sentimento de solidariedade pela dor e pela perda do amor da sua vida: David Miranda @davidmirandarioQue a lembrança desse amor permaneça viva no seu coração e que o guie na criação dos filhos",0,3,44
Silvia Waiãpi,@silviawaiapi,https://twitter.com/silviawaiapi/status/1655587131295780870,2023-05-08T14:55:06.000Z,Em 4 meses de Governo. Só apresento imposto atrás de imposto.,0,51,191
Silvia Waiãpi,@silviawaiapi,https://twitter.com/silviawaiapi/status/1654993022629584896,2023-05-06T23:34:19.000Z,"Lula, o pai dos pobres. Em meio à crise no Brasil, ele  viaja de novo, e esbanja NOSSO DINHEIRO em festa do rei, na Inglaterra.

Essa é o retrato da  esquerda brasileira: falsa e hipócrita.",0,42,160
Silvia Waiãpi,@silviawaiapi,https://twitter.com/silviawaiapi/status/1654987773617553410,2023-05-06T23:13:28.000Z,A verdade virá à tona! A narrativa e as mentiras da esquerda cairão!!!,0,34,222
Silvia Waiãpi,@silviawaiapi,https://twitter.com/silviawaiapi/status/1653911519925510145,2023-05-03T23:56:49.000Z,"Muito grata! Fui a brasileira escolhida para receber  aqui na Coreia do Sul o título de Embaixadora da Paz no PEACE SUMMIT 2023.

Foi uma troca de experiência e valores morais, onde registrei a trajetória da minha vida alcançada com muita força, garra e superação.",0,87,430
Silvia Waiãpi,@silviawaiapi,https://twitter.com/silviawaiapi/status/1653820630939099136,2023-05-03T17:55:39.000Z,"A convite representando o Brasil, em especial o Amapá, discursei aqui na Coreia do Sul para diversos líderes  mundias sobre a Cultura da Paz. 

Uma troca de experiências e vivência com  autoridades e personalidades que  possuem história de exemplo para o Mundo.",0,46,258
Silvia Waiãpi,@silviawaiapi,https://twitter.com/silviawaiapi/status/1653576491333038086,2023-05-03T01:45:32.000Z,"URGENTE 

Governo retira de pauta o PL da Censura. Vitória do povo brasileiro que pressionou.

O que prevaleceu foram as vozes das manifestações e as mobilizações nas redes sociais, as mesmas que eles querem calar.",0,77,386
Silvia Waiãpi,@silviawaiapi,https://twitter.com/silviawaiapi/status/1653509160791572481,2023-05-02T21:17:59.000Z,"Grata em ser avaliada como a melhor deputada do Amapá, segundo o Ranking dos Políticos.

Quero continuar sendo a voz ativa dos amapaenses.
Que eu seja digna da missão de ser uma filha do Norte.",22,71,352
Silvia Waiãpi,@silviawaiapi,https://twitter.com/silviawaiapi/status/1653104651313598465,2023-05-01T18:30:36.000Z,"Nesse 1° de maio, meus parabéns e meu total respeito aos trabalhadores brasileiros que acordam cedo, e vão para a batalha em busca do pão de cada dia. 

Guerreiros e guerreiras, que incansavelmente lutam pela sua família enfretando todas as dificuldades em busca de dias melhores.",2,8,55
Silvia Waiãpi,@silviawaiapi,https://twitter.com/silviawaiapi/status/1653101843696738308,2023-05-01T18:19:27.000Z,Parabéns a essas queridas cidades que comemoram suas emancipações nesse 1 de maio.,4,6,116
