nome,usuario,idTweet,dataPublicacao,texto,replies,retweets,likes
Silvye Alves,@silvyealves,https://twitter.com/silvyealves/status/1663695101166514180,2023-05-30T23:53:16.000Z,"O agressor não tem limite!!! Ele tentou matar a ex-mulher e quase matou outras pessoas… Ela saia da farmácia quando o ex-marido tentou matá-la atropelada. Segundo a polícia, que prendeu o homem em flagrante, por pouco a mulher não foi atingida… Outras 2 pessoas ficaram feridas.",2,0,0
Silvye Alves,@silvyealves,https://twitter.com/silvyealves/status/1663694146438152193,2023-05-30T23:49:29.000Z,"VIOLÊNCIA OBSTÉTRICA ❌ Na Comissão Especial sobre Violência Obstétrica e Morte de Materna realizamos uma audiência pública pra discutir a importância da qualidade do atendimento pré-natal, que pode sim evitar mais violência e morte nesse momento tão delicado da vida da mulher.",1,0,5
Silvye Alves,@silvyealves,https://twitter.com/silvyealves/status/1662132189562040322,2023-05-26T16:22:49.000Z,"É, machaiada violenta… É daqui pra pior pra vocês!! A Comissão de Defesa dos Direitos da Mulher da Câmara dos Deputados aprovou o Projeto de Lei 1350/22, que fixa pena de 4 a 10 anos de reclusão para crimes de lesão corporal grave contra a mulher que resulte em marca permanente.",5,2,11
Silvye Alves,@silvyealves,https://twitter.com/silvyealves/status/1661812404605386784,2023-05-25T19:12:06.000Z,"Tratar da saúde mental é sim um meio para evitarmos o crescimento de casos de violência doméstica... 🙏🏻 O Projeto de Lei 4147/21, de autoria do Senado, ainda precisa ser aprovado por mais duas comissões na Câmara para ser enviada à sanção.",0,0,8
Silvye Alves,@silvyealves,https://twitter.com/silvyealves/status/1661528272029511682,2023-05-25T00:23:04.000Z,"✅ Hoje, durante a primeira audiência pública da nova coordenação da bancada feminina da Câmara com a presidente do STF, ministra Rosa Weber, apresentei o projeto para criar a Maria da Penha Virtual em todo o país…",3,0,8
Silvye Alves,@silvyealves,https://twitter.com/silvyealves/status/1660463108119248897,2023-05-22T01:50:29.000Z,"E ainda tem gente que fala que racismo estrutural não existe… Tenho pena de pessoas racistas e preconceituosas, além de desejar uma bela punição… Toda solidariedade ao @vinijr",5,2,14
Silvye Alves,@silvyealves,https://twitter.com/silvyealves/status/1659353241648345089,2023-05-19T00:20:16.000Z,🚨Denuncie! Disque 100,3,0,6
Silvye Alves,@silvyealves,https://twitter.com/silvyealves/status/1659181785865940994,2023-05-18T12:58:58.000Z,"✅ De acordo com a proposta, a assistência à pessoa com transtorno do espectro autista (TEA) deverá ser prestada por centros de reabilitação existentes na Rede de Cuidados à Pessoa com Deficiência (RCPD). O projeto retorna ao Senado, autor do texto, para nova votação!!! ♾🙏🏼",2,1,3
Silvye Alves,@silvyealves,https://twitter.com/silvyealves/status/1658902647653408768,2023-05-17T18:29:46.000Z,Todo mundo merece respeito!,1,0,0
Silvye Alves,@silvyealves,https://twitter.com/silvyealves/status/1658564885339426835,2023-05-16T20:07:37.000Z,"Reunião da bancada nacional do União Brasil… Em debate: O NOVO ARCABOUÇO FISCAL, ou seja, O NOVO TETO DE GASTOS DO GOVERNO… @uniaocamara44",1,0,1
Silvye Alves,@silvyealves,https://twitter.com/silvyealves/status/1658287256132517890,2023-05-16T01:44:26.000Z,"Se vai funcionar em Brasília, vai funcionar em qualquer lugar do Brasil… 🚨Agressores multados em todo o país!!!",0,1,6
Silvye Alves,@silvyealves,https://twitter.com/silvyealves/status/1658070159213330432,2023-05-15T11:21:46.000Z,"Todo estado precisa ter uma casa multidisciplinar para cuidar dos nossos amigos especiais. Um dos meus objetivos como deputada é proporcionar que essa lei seja aprovada e mudemos pra sempre o desenvolvimento das nossas crianças, adolescentes, adultos e idosos…",3,1,13
Silvye Alves,@silvyealves,https://twitter.com/silvyealves/status/1656313279352827904,2023-05-10T15:00:33.000Z,Contamos mais de 690 pessoas na nossa Sessão Solene em Homenagem às Vítimas de Feminicídio e também no Lançamento da Frente Parlamentar Mista em Defesa da Mulher Vítima de Violência Doméstica. Obrigada a todos que se mobilizaram pra estar aqui… 🙏🏼,0,1,7
Silvye Alves,@silvyealves,https://twitter.com/silvyealves/status/1655205611120779266,2023-05-07T13:39:04.000Z,"#repost @jornalopcao | Um prognóstico comum de gente experiente na cobertura do Legislativo era de que Silvye Alves se veria muito pressionada fora de sua zona de conforto – a apresentação de programas de TV, onde é “craque”.

Leia na íntegra:",1,0,7
Silvye Alves,@silvyealves,https://twitter.com/silvyealves/status/1654502081959452672,2023-05-05T15:03:30.000Z,"Ontem com a volta do Linha Direta, o caso Eloá ressoou no país… Que tristeza pensar que de 2008 pra cá os crimes bárbaros só aumentaram… Quantas Eloás existem no Brasil?!",6,2,15
Silvye Alves,@silvyealves,https://twitter.com/silvyealves/status/1654240247809560577,2023-05-04T21:43:04.000Z,Votei SIM pela igualdade de salário entre homens e mulheres 🙌🏼💓,5,1,20
