nome,usuario,idTweet,dataPublicacao,texto,replies,retweets,likes
Silvio Costa Filho,@Silvio_CFilho,https://twitter.com/Silvio_CFilho/status/1662899435536277504,2023-05-28T19:11:35.000Z,"Dia muito triste. Recebi agora pouco a notícia da morte de Pedro Mendes, ex-secretário de Estado. Pedro foi um amigo que constui na vida pública. Trabalhamos juntos no governo do saudoso Eduardo Campos. Pedro era leve, alegre, amigo.",2,0,2
Silvio Costa Filho,@Silvio_CFilho,https://twitter.com/Silvio_CFilho/status/1662899414506127366,2023-05-28T19:11:30.000Z,Homem de grande espírito público. Não tenho dúvida que Pedro deixará muitas saudades. Desejo aqui um abraço fraterno a todos os familiares e amigos. Que Deus conforte seus corações nesse momento de sofrimento.,2,0,1
Silvio Costa Filho,@Silvio_CFilho,https://twitter.com/Silvio_CFilho/status/1661775446256635905,2023-05-25T16:45:15.000Z,"O vice-presidente e ministro de desenvolvimento, indústria, comércio e serviços, @geraldoalckmin, anunciou agora pouco o corte de impostos federais para reduzir, em até 10,79%,o preço dos carros de até R$ 120 mil.",5,0,3
Silvio Costa Filho,@Silvio_CFilho,https://twitter.com/Silvio_CFilho/status/1661775418360315904,2023-05-25T16:45:08.000Z,"Não tenho dúvida que a medida será fundamental para a economia brasileira, pois impulsionará a indústria automobilística e a geração de emprego e renda; bem como tornará o sonho do carro próprio dos brasileiros cada vez mais próximo.",0,0,2
Silvio Costa Filho,@Silvio_CFilho,https://twitter.com/Silvio_CFilho/status/1661275617550127106,2023-05-24T07:39:06.000Z,"Aprovamos o Projeto de Lei Complementar PLP 93/ 23, que institui o novo regime fiscal e sustentável para garantir a estabilidade macroeconômica do país e criar as condições adequadas ao crescimento socioeconômico.",1,2,5
Silvio Costa Filho,@Silvio_CFilho,https://twitter.com/Silvio_CFilho/status/1661148438942318592,2023-05-23T23:13:45.000Z,"Gostaria de parabenizar o meu amigo e deputado @rodrigonovaes40 eleito, acertadamente pela Assembleia Legislativa de Pernambuco, como o mais novo  conselheiro do Tribunal de Contas do Estado (TCE).",1,0,3
Silvio Costa Filho,@Silvio_CFilho,https://twitter.com/Silvio_CFilho/status/1659561691582021633,2023-05-19T14:08:35.000Z,"O Índice de Atividade Econômica (IBC-Br), considerado a ""prévia"" do Produto Interno Bruto (PIB), indicou alta de 2,41% no primeiro trimestre deste ano. O dado divulgado mostra aceleração da economia brasileira no começo deste ano depois da queda do final do ano passado (-1,6%).",0,0,2
Silvio Costa Filho,@Silvio_CFilho,https://twitter.com/Silvio_CFilho/status/1657037040238616577,2023-05-12T14:56:31.000Z,"A inflação brasileira segue dando sinais importantes de desaceleração nos primeiros meses do Governo @LulaOficial, o que impacta positivamente na vida do brasileiro melhorando o poder de compra.",2,0,4
Silvio Costa Filho,@Silvio_CFilho,https://twitter.com/Silvio_CFilho/status/1657036963692572675,2023-05-12T14:56:13.000Z,"O IBGE apresentou agora pouco o índice de abril, que fechou em 0,61%, queda de 10 pontos percentuais em relação a março. No ano, estamos com 2,72% de IPCA, abaixo da meta que é de 3,25% para o ano. Os dados nos mostram que estamos no caminho certo. Pra frente Brasil!",1,0,3
Silvio Costa Filho,@Silvio_CFilho,https://twitter.com/Silvio_CFilho/status/1656966656248229889,2023-05-12T10:16:50.000Z,Uma boa notícia para as famílias brasileiras. O presidente @LulaOficial anunciou a redução de R$ 15 no preço do gás de cozinha a partir da semana que vem.,2,1,5
Silvio Costa Filho,@Silvio_CFilho,https://twitter.com/Silvio_CFilho/status/1656966521392906241,2023-05-12T10:16:18.000Z,"Sem dúvida alguma, é uma iniciativa muito importante e vem para ajudar na redução das despesas dos brasileiros, que já tiveram o poder de compra bastante corroído nos últimos anos.",1,0,1
Silvio Costa Filho,@Silvio_CFilho,https://twitter.com/Silvio_CFilho/status/1655943531540914176,2023-05-09T14:31:18.000Z,"É com profunda tristeza que recebi a notícia da morte da cantora brasileira Rita Lee, aos 75 anos. Considerada a rainha do rock brasileiro, Rita marcou gerações como a minha com sua irreverência e canções com forte apelo popular como “chega mais” e “doce vampiro”.",1,0,4
Silvio Costa Filho,@Silvio_CFilho,https://twitter.com/Silvio_CFilho/status/1661275514353459201,2023-05-24T07:38:42.000Z,"Eu não tenho dúvida que o novo arcabouço fiscal trará equilíbrio nas contas públicas, previsibilidade ao mercado, elevando, consequentemente, os investimentos públicos.",2,3,6
Silvio Costa Filho,@Silvio_CFilho,https://twitter.com/Silvio_CFilho/status/1655943506349944835,2023-05-09T14:31:12.000Z,"A frente da banda Os Mutantes, Rita ajudou a incorporar uma revolução no rock brasileiro. Neste momento de dor, que Deus conforte os corações de seus familiares, amigos e fãs.",1,0,2
Silvio Costa Filho,@Silvio_CFilho,https://twitter.com/Silvio_CFilho/status/1654142833509498887,2023-05-04T15:15:58.000Z,"Depois de muitos anos, foi feito justiça a todas as mulheres trabalhadoras do Brasil. Aprovamos na Câmara dos Deputados o PL 1085/23, que dispõe sobre igualdade salarial e remuneratória entre mulheres e homens para exercício da mesma função.",2,0,3
Silvio Costa Filho,@Silvio_CFilho,https://twitter.com/Silvio_CFilho/status/1654142803977334788,2023-05-04T15:15:51.000Z,"A equiparação salarial é fundamental para garantir o desenvolvimento social e o crescimento econômico, bem como ampliar a igualdade entre mulheres e homens no ambiente de trabalho.",1,0,1
Silvio Costa Filho,@Silvio_CFilho,https://twitter.com/Silvio_CFilho/status/1654142732477104130,2023-05-04T15:15:34.000Z,"Sem dúvida alguma, a medida é essencial para se combater, cada vez mais, as discriminações sociais que se refletem em desigualdades históricas.",1,0,2
Silvio Costa Filho,@Silvio_CFilho,https://twitter.com/Silvio_CFilho/status/1654076404156313600,2023-05-04T10:52:00.000Z,"No momento que o Brasil começa a dar sinais de melhora na economia com o crescimento do PIB em março e o número de brasileiros empregados, o Banco Central manteve a taxa de juros em 13,75% ao ano, após sexta reunião consecutiva.",2,0,2
Silvio Costa Filho,@Silvio_CFilho,https://twitter.com/Silvio_CFilho/status/1654076322858127361,2023-05-04T10:51:41.000Z,"A manutenção da alta na taxa selic diminui o poder de compra da população e é muito prejudicial para o atração de investimentos e, consequentemente, a geração de emprego e renda.",1,0,5
Silvio Costa Filho,@Silvio_CFilho,https://twitter.com/Silvio_CFilho/status/1654075118644080642,2023-05-04T10:46:54.000Z,O debate em torno da taxa tem que ser feito com responsabilidade e ir na direção do desenvolvimento econômico do país. Não dá para manter uma taxa tão elevada assim.,1,0,2
Silvio Costa Filho,@Silvio_CFilho,https://twitter.com/Silvio_CFilho/status/1653190311554711552,2023-05-02T00:10:59.000Z,"Tendo em vista que estamos no início de uma nova legislatura e com apenas três meses de mandato, muitos deputados(a) novos têm externado a necessidade de melhor discutir o PL 2630/20 Fake News. Sugiro que o presidente @arthuryra possa avaliar a criação de uma comissão especial.",10,1,7
Silvio Costa Filho,@Silvio_CFilho,https://twitter.com/Silvio_CFilho/status/1653190174090616832,2023-05-02T00:10:26.000Z,Ou um grupo de trabalho suprapartidário para que os deputados e deputadas possam melhor discutir o tema e que as verdades dos fatos sejam estabelecidas e todas as dúvidas dirimidas ao longo do debate. Existe muita desinformação sobre o tema.,3,1,5
Silvio Costa Filho,@Silvio_CFilho,https://twitter.com/Silvio_CFilho/status/1653190113663303684,2023-05-02T00:10:12.000Z,"Defendo o aperfeiçoamento da nossa legislação, como já existe em outros países democráticos, desde que se preserve a liberdade de expressão e penalize a Fake News como, por exemplo, a do possível massacre nas escolas tem que ser combatidas e os responsáveis penalizados.",4,1,4
