nome,usuario,idTweet,dataPublicacao,texto,replies,retweets,likes
Daniel Trzeciak,@TrzeciakDaniel,https://twitter.com/TrzeciakDaniel/status/1663650430012862469,2023-05-30T20:55:46.000Z,"Veja como a boa política transforma a vida de uma cidade, de uma sociedade! 
Essa é a Praça Dom Antônio Zattera, em Pelotas.",2,1,15
Daniel Trzeciak,@TrzeciakDaniel,https://twitter.com/TrzeciakDaniel/status/1663640514988474377,2023-05-30T20:16:22.000Z,"Vejam na nossa página no YouTube a diferença que faz a boa política na vida da sociedade. Com os recursos que destinamos, conseguimos mudar a cara de um espaço público de Pelotas.👉",0,1,2
Daniel Trzeciak,@TrzeciakDaniel,https://twitter.com/TrzeciakDaniel/status/1663219425414111232,2023-05-29T16:23:06.000Z,"Narrativa: “Lula defende a democracia.”
Fato: “Lula recebe no Palácio do Planalto ditador Venezuelano.”",3,7,19
Daniel Trzeciak,@TrzeciakDaniel,https://twitter.com/TrzeciakDaniel/status/1663172467928584193,2023-05-29T13:16:31.000Z,"Semana de abertura da 29ª Fenadoce🧁, patrimônio dos gaúchos. Já estou em contagem regressiva para visitar a edição 2023, ver de perto as novidades, saborear as delícias e conversar com os amigos. Todos os caminhos levam a Pelotas a partir do dia 2. @fenadoce",0,1,10
Daniel Trzeciak,@TrzeciakDaniel,https://twitter.com/TrzeciakDaniel/status/1662442164498886660,2023-05-27T12:54:33.000Z,"https://daniel45.comJá acessou o nosso site hoje? 
Lá vais encontrar as notícias do nosso trabalho, os meus posicionamentos e em breve novidades para tirar as boas ideias da gaveta e transformá-las em realidade!",0,1,6
Daniel Trzeciak,@TrzeciakDaniel,https://twitter.com/TrzeciakDaniel/status/1661860936137818113,2023-05-25T22:24:57.000Z,"O RS produz 70% do arroz que o brasileiro come. Mesmo assim, tem deputado federal do PT que diz que o agronegócio não produz arroz.",0,0,5
Daniel Trzeciak,@TrzeciakDaniel,https://twitter.com/TrzeciakDaniel/status/1661832331932344342,2023-05-25T20:31:17.000Z,"Pelotas despediu-se hoje do ex-diretor geral da Rádio Universidade, José Maria Marques da Cunha. Ele esteve ligado à RU desde a sua fundação, em 1967, onde permaneceu no comando até 2013,  e foi o responsável por uma série de inovações.  Minha solidariedade à família.",0,0,5
Daniel Trzeciak,@TrzeciakDaniel,https://twitter.com/TrzeciakDaniel/status/1661803992760942594,2023-05-25T18:38:41.000Z,"Já está na conta. R$ 1 milhão para a Santa Casa de Pelotas e R$ 1,1 milhão para o HUSFP-UCPel, emendas do nosso mandato. Recurso será usado na aquisição de equipamentos hospitalares que vão qualificar, em até 90 dias, o atendimento dos pacientes.",2,1,16
Daniel Trzeciak,@TrzeciakDaniel,https://twitter.com/TrzeciakDaniel/status/1661740014655647746,2023-05-25T14:24:27.000Z,"Está instalada no Congresso a CPI Mista que irá investigar os ataques de 8 de janeiro. Senadores e  deputados terão 180 dias para dar transparência aos atos contra a democracia, às narrativas vindas dos dois lados e se houve facilitações. É assim que deve ser.",1,0,8
Daniel Trzeciak,@TrzeciakDaniel,https://twitter.com/TrzeciakDaniel/status/1661736423941365760,2023-05-25T14:10:11.000Z,"Hoje é o Dia da Indústria e não posso deixar de registrar meu reconhecimento a todos os profissionais de um setor estratégico, responsável por sustentar o crescimento e desenvolvimento econômico do nosso país. @FIERGS_CIERGS",0,0,4
Daniel Trzeciak,@TrzeciakDaniel,https://twitter.com/TrzeciakDaniel/status/1661708492594446336,2023-05-25T12:19:12.000Z,"Trabalho coletivo em Brasília pelo desenvolvimento da Zona Sul. Junto com o governador @EduardoLeite_ e lideranças, discutimos com o ministro de Minas e Energia, Alexandre Silveira, a retirada do embargo ao projeto da Usina Termelétrica em Rio Grande.",0,0,12
Daniel Trzeciak,@TrzeciakDaniel,https://twitter.com/TrzeciakDaniel/status/1661354714703753216,2023-05-24T12:53:25.000Z,"Dia importante hoje para a Zona Sul. Às 17h participo, com o governador Eduardo Leite (PSDB) e lideranças regionais, de audiência com o ministro de Minas e Energia, Alexandre Silveira, para discutir o projeto da Usina Termelétrica de Rio Grande, investimento de R$ 6 bilhões.",0,2,14
Daniel Trzeciak,@TrzeciakDaniel,https://twitter.com/TrzeciakDaniel/status/1661071157955575808,2023-05-23T18:06:39.000Z,"O Hospital Dr. Ernesto Maurício Arndt, em Morro Redondo, terá em breve 30 leitos para internação e os pacientes não precisarão mais buscar atendimento em outros municípios. Com a ajuda do nosso mandato estamos fortalecendo a saúde da Zona Sul. Confere aí:",0,0,6
Daniel Trzeciak,@TrzeciakDaniel,https://twitter.com/TrzeciakDaniel/status/1660642662800654343,2023-05-22T13:43:58.000Z,"Racismo é crime. No Brasil, na Espanha, em qualquer lugar. Não há espaço na sociedade, principalmente no futebol, o esporte mais popular do mundo, para atos inaceitáveis como os que vêm sendo registrados contra @vinijr.",0,2,8
Daniel Trzeciak,@TrzeciakDaniel,https://twitter.com/TrzeciakDaniel/status/1659585513504768005,2023-05-19T15:43:14.000Z,"Dia histórico. Entreguei hoje à Secretaria Municipal de Desenvolvimento Rural de Pelotas emenda de mais de R$ 1 milhão para recuperar as estradas das colônias. Ganham os produtores, as empresas de turismo rural, as agroindústrias, os estudantes e as famílias do interior.",0,2,15
Daniel Trzeciak,@TrzeciakDaniel,https://twitter.com/TrzeciakDaniel/status/1659559525605621762,2023-05-19T13:59:58.000Z,"Um encontro especial no Escritório Zona Sul em Pelotas. Reunimos lideranças políticas em torno de uma pauta estratégica: o fortalecimento regional. Mais do que estreitar laços, saímos com a certeza de que, juntos, somos mais fortes para lutar pelo desenvolvimento dos municípios.",0,2,11
Daniel Trzeciak,@TrzeciakDaniel,https://twitter.com/TrzeciakDaniel/status/1659240186742546432,2023-05-18T16:51:02.000Z,Dia de matar a saudade no Programa @Pelotas13horas. Boas e importantes notícias no microfone conduzido pelo amigo Clayton Rocha.,1,2,9
Daniel Trzeciak,@TrzeciakDaniel,https://twitter.com/TrzeciakDaniel/status/1658904847129747494,2023-05-17T18:38:31.000Z,Câmara dos Deputados instalou a CPI que irá investigar a manipulação de resultados em partidas de futebol. Estamos diante de um dos maiores escândalos dos últimos anos no principal esporte do país.,0,1,8
Daniel Trzeciak,@TrzeciakDaniel,https://twitter.com/TrzeciakDaniel/status/1658878336901185541,2023-05-17T16:53:10.000Z,"Saúde é prioridade. Equipamentos e ambulância 🚑 nova para o Samu de Pelotas, garantidos pelo nosso mandato.",1,0,7
Daniel Trzeciak,@TrzeciakDaniel,https://twitter.com/TrzeciakDaniel/status/1658791405014118406,2023-05-17T11:07:44.000Z,"No Brasil funciona assim:
Quem combate a corrupção e vai contra o sistema, um dia será combatido e o sistema se voltará contra si. Triste dia para aqueles, que assim como eu, ainda acreditam na justiça. Vivemos mais um capítulo do “mecanismo”. 
Seguimos a luta @deltanmd",11,2,30
Daniel Trzeciak,@TrzeciakDaniel,https://twitter.com/TrzeciakDaniel/status/1658523240141029395,2023-05-16T17:22:08.000Z,"Grande conquista para a saúde de Pelotas. Entregamos hoje uma ambulância nova ao Samu - acompanhada de oito oxímetros -, 141 computadores e mobiliário para as UBSs, Caps e Centro de Especialidades, e uma máquina de lavar que será usada pelo Serviço Residencial Terapêutico.",0,1,15
Daniel Trzeciak,@TrzeciakDaniel,https://twitter.com/TrzeciakDaniel/status/1658270072991891457,2023-05-16T00:36:09.000Z,"Mais uma conquista. O ministro Luís Roberto Barroso, do STF, revogou hoje a suspensão do piso salarial da enfermagem, aprovado pelo Congresso ano passado. Assim, fica liberado o valor para pagamento.",1,0,6
Daniel Trzeciak,@TrzeciakDaniel,https://twitter.com/TrzeciakDaniel/status/1658169606949724162,2023-05-15T17:56:56.000Z,Nosso mandato já destinou mais de R$ 1 milhão em emendas para 10 Apaes do RS: Camaquã; Capão do Leão; Guaíba; Jaguarão; Morro Redondo; Passo Fundo; Piratini; São José Norte; Santa Maria e Tapejara. Recursos aplicados para melhorar o atendimento nas instituições.,0,2,13
Daniel Trzeciak,@TrzeciakDaniel,https://twitter.com/TrzeciakDaniel/status/1657839941135605760,2023-05-14T20:06:57.000Z,"Um domingo para abraçar, beijar e encher de carinho quem nunca deixa de estar do nosso lado, em qualquer momento da vida. Parabéns às mães👩‍👦👩‍👦👨‍👩‍👧‍👧 pelo dia de hoje.",0,0,9
Daniel Trzeciak,@TrzeciakDaniel,https://twitter.com/TrzeciakDaniel/status/1657405121804873729,2023-05-13T15:19:08.000Z,Entregamos na manhã deste sábado o segundo brinquedo adaptado para pessoas com deficiência em Pelotas. O primeiro fica na praia do Laranjal e agora inauguramos no Parque Dom Antônio Zattera. Inclusão e lazer para todos.,0,3,13
Daniel Trzeciak,@TrzeciakDaniel,https://twitter.com/TrzeciakDaniel/status/1657140940170035205,2023-05-12T21:49:22.000Z,"No Dia Internacional da Enfermagem, hoje, foi publicada no Diário Oficial da União a Lei 14.581/23, que garante R$ 7,3 bilhões para o pagamento do Piso Nacional à categoria e que ajudei a aprovar no Congresso. Parabéns a todos os profissionais pela conquista.",0,0,5
Daniel Trzeciak,@TrzeciakDaniel,https://twitter.com/TrzeciakDaniel/status/1656980383227953153,2023-05-12T11:11:23.000Z,Todos os caminhos levam a Morro Redondo hoje. 35 anos de emancipação🎂. Confere aí nossa homenagem. 👉,0,0,2
Daniel Trzeciak,@TrzeciakDaniel,https://twitter.com/TrzeciakDaniel/status/1656750873542815760,2023-05-11T19:59:23.000Z,"Em março questionei a ministra do Esporte, Ana Moser, sobre a regulamentação dos jogos de apostas (bets). E hoje o Governo anuncia medida provisória para regulamentar esse mercado que movimenta cifras milionárias e está no centro de um esquema de manipulação de resultados.",0,0,3
Daniel Trzeciak,@TrzeciakDaniel,https://twitter.com/TrzeciakDaniel/status/1656736209211621400,2023-05-11T19:01:07.000Z,"Trabalho intenso para melhorar a vida das pessoas e acelerar pautas estratégicas. A política pode ser diferente, sem privilégios e pelo bem das comunidades.",0,0,5
Daniel Trzeciak,@TrzeciakDaniel,https://twitter.com/TrzeciakDaniel/status/1656712244187594752,2023-05-11T17:25:53.000Z,Chegamos hoje aos 100 dias do novo mandato com muitas conquistas e ações realizadas em Brasília e pela Metade Sul. Confere mais na nossa página no YouTube e aproveita para nos seguir lá. 👉,0,1,2
Daniel Trzeciak,@TrzeciakDaniel,https://twitter.com/TrzeciakDaniel/status/1656486564015271942,2023-05-11T02:29:07.000Z,"A quarta-feira termina com uma notícia triste para os gaúchos: a morte do cantor e acordeonista Luiz Carlos Borges, considerado Embaixador Cultural do RS. O artista tinha 70 anos e era uma das referências na nossa música.",0,1,11
Daniel Trzeciak,@TrzeciakDaniel,https://twitter.com/TrzeciakDaniel/status/1656398614866845696,2023-05-10T20:39:38.000Z,Reunião com a direção-geral do DNIT hoje em Brasília para discutir pautas estratégicas à Zona Sul do Estado. Tem novidade principalmente para Rio Grande. Confere aí:,0,0,3
Daniel Trzeciak,@TrzeciakDaniel,https://twitter.com/TrzeciakDaniel/status/1655971220871954432,2023-05-09T16:21:20.000Z,Rita Lee deixa uma lacuna que não será preenchida no rock nacional. Foi única e à frente de seu tempo. Suas músicas e sua voz são para sempre.,0,0,7
Daniel Trzeciak,@TrzeciakDaniel,https://twitter.com/TrzeciakDaniel/status/1655890103695179784,2023-05-09T10:59:00.000Z,"Quem passar pelos corredores da Santa Casa de Pelotas vai constatar o resultado do nosso trabalho estampado na parede. 
O MAIOR RECURSO destinado pro hospital nos últimos anos é de minha autoria. São mais de R$4 milhões de reais.",1,3,19
Daniel Trzeciak,@TrzeciakDaniel,https://twitter.com/TrzeciakDaniel/status/1655657346842894340,2023-05-08T19:34:06.000Z,"Em 2022 entregamos uma patrola e agora repassamos um caminhão-caçamba para o município de Pedras Altas, onde a maioria das pessoas vive na área rural e equipamentos como estes são fundamentais para atender a população.",1,0,6
Daniel Trzeciak,@TrzeciakDaniel,https://twitter.com/TrzeciakDaniel/status/1655623136434434074,2023-05-08T17:18:10.000Z,"O presidente @LulaOficial já passou cerca de 10% do seu mandato fora do Brasil, em viagens que renderam quase duas voltas pela Terra. A política externa é importante, mas me pergunto: não está na hora de focar de vez nos problemas internos do país?",10,2,17
Daniel Trzeciak,@TrzeciakDaniel,https://twitter.com/TrzeciakDaniel/status/1655529307807072256,2023-05-08T11:05:19.000Z,"Bom dia! Que a semana seja produtiva, de muita energia e resultado nas atividades profissionais. Que tenhamos equilíbrio e maturidade pra tomar as decisões acertadas.",0,1,15
Daniel Trzeciak,@TrzeciakDaniel,https://twitter.com/TrzeciakDaniel/status/1655232439285866497,2023-05-07T15:25:40.000Z,"Diminuiu bastante o valor da diária, mas convenhamos, não é nada barato para um diária de hotel.",4,0,4
Daniel Trzeciak,@TrzeciakDaniel,https://twitter.com/TrzeciakDaniel/status/1655187815137681409,2023-05-07T12:28:21.000Z,"Domingo é um bom dia para cozinhar com calma, veja as dicas que preparei pra ti.",0,0,7
Daniel Trzeciak,@TrzeciakDaniel,https://twitter.com/TrzeciakDaniel/status/1654887561582587904,2023-05-06T16:35:15.000Z,"Lula, considerado o pai dos pobres. O homem do povo. 
Agora, com poder dado pelo povo ele vai pra Europa e fica em hotel que a diária é de R$95 mil. Isso mesmo. Cada dia o povo brasileiro PAGA quase CEM MIL REAIS só pro Lula ficar em dos hotéis mais caros de Londres.",62,6,62
Daniel Trzeciak,@TrzeciakDaniel,https://twitter.com/TrzeciakDaniel/status/1654648093936177155,2023-05-06T00:43:42.000Z,Uma disputa sadia pelo bem das boas práticas na política.,1,2,21
Daniel Trzeciak,@TrzeciakDaniel,https://twitter.com/TrzeciakDaniel/status/1654490104646254597,2023-05-05T14:15:54.000Z,"Sexta-feira com ótima notícia. A OMS anunciou que a Covid não é mais Emergência de Saúde Pública de Importância Internacional (ESPII) - o mais alto título de alerta. Não significa, porém, que devemos baixar a guarda, pois a condição de pandemia continua.",0,0,7
Daniel Trzeciak,@TrzeciakDaniel,https://twitter.com/TrzeciakDaniel/status/1654260299988385794,2023-05-04T23:02:44.000Z,"Gravíssimo indício e que merece mais investigação! A ninguém é dado querer reconquistar espaço fora do jogo democrático. Por maior divergência que se tenha com o STF e o vencedor das eleições. Repito: Nem esse, nem aquele. Não tenho político de estimação.",3,0,8
Daniel Trzeciak,@TrzeciakDaniel,https://twitter.com/TrzeciakDaniel/status/1654202465925976065,2023-05-04T19:12:56.000Z,Eu votei SIM👍 e ajudei a aprovar o Projeto de Lei que garante o pagamento de salário igual às mulheres quando a atividade corresponder ao mesmo valor ou à mesma função exercida pelos homens. Uma grande conquista para tornarmos o ambiente de trabalho mais justo no Brasil.,2,0,11
Daniel Trzeciak,@TrzeciakDaniel,https://twitter.com/TrzeciakDaniel/status/1654158717510623236,2023-05-04T16:19:05.000Z,"A partir de amanhã a tarifa dos quatro pedágios do trecho Sul da BR-101, em SC, ficará mais cara. Automóveis, caminhonetes e furgões passam a pagar R$ 2,50, aumento de R$ 0,10. No Polo Pelotas-RS os motoristas dos mesmos veículos pagam R$ 15,20. Somos reféns do retrocesso.",0,0,17
Daniel Trzeciak,@TrzeciakDaniel,https://twitter.com/TrzeciakDaniel/status/1654101370369187846,2023-05-04T12:31:13.000Z,Não vamos admitir retrocesso no Brasil.,1,2,7
Daniel Trzeciak,@TrzeciakDaniel,https://twitter.com/TrzeciakDaniel/status/1654060405713453056,2023-05-04T09:48:26.000Z,Seguimos com convicção pela moralização da política.,4,2,19
Daniel Trzeciak,@TrzeciakDaniel,https://twitter.com/TrzeciakDaniel/status/1653849738721087489,2023-05-03T19:51:19.000Z,"Cobrei hoje o ministro da Justiça,  Flávio Dino, se o Brasil terá quatro anos de invasões de terras pelo MST. Confere aí 👇 e, assim como eu, se surpreenda com a resposta: https://youtu.be/PZCrraE9_k0",1,1,17
Daniel Trzeciak,@TrzeciakDaniel,https://twitter.com/TrzeciakDaniel/status/1653774112152494085,2023-05-03T14:50:48.000Z,Meu pronunciamento hoje na CCJC da Câmara dos Deputados.,0,2,9
Daniel Trzeciak,@TrzeciakDaniel,https://twitter.com/TrzeciakDaniel/status/1653767634435944457,2023-05-03T14:25:04.000Z,"Lula em 2022: “É um escândalo o uso de recursos para comprar deputados e senadores.” 

Lula em 2023: São liberados R$10 BILHÕES para o Congresso Nacional. 

Tire suas próprias conclusões.",2,3,27
Daniel Trzeciak,@TrzeciakDaniel,https://twitter.com/TrzeciakDaniel/status/1653537683946323972,2023-05-02T23:11:19.000Z,Essa já é a ditadura do judiciário.,1,1,10
Daniel Trzeciak,@TrzeciakDaniel,https://twitter.com/TrzeciakDaniel/status/1653525435878187009,2023-05-02T22:22:39.000Z,Manchete de fevereiro.,5,1,9
Daniel Trzeciak,@TrzeciakDaniel,https://twitter.com/TrzeciakDaniel/status/1653504627260772391,2023-05-02T20:59:58.000Z,"Uma boa e doce notícia. A Comissão de Constituição, Justiça e Cidadania da Câmara dos Deputados aprovou hoje meu Projeto de Lei que institui o Dia Nacional da Doceira - 6 de Junho. Falta apenas a aprovação do Senado para ir à sanção presidencial.",0,0,10
Daniel Trzeciak,@TrzeciakDaniel,https://twitter.com/TrzeciakDaniel/status/1653385383957151745,2023-05-02T13:06:08.000Z,"Vou votar contra o PL 2630 porque a sociedade brasileira não pode ficar a mercê do governo de ocasião. Hoje é Lula, amanhã não se sabe. Não existe perseguição do bem.",9,3,51
Daniel Trzeciak,@TrzeciakDaniel,https://twitter.com/TrzeciakDaniel/status/1653375108067590147,2023-05-02T12:25:18.000Z,"O assunto do momento é o Projeto de Lei 2630, chamado de PL das Fake News, ou PL da Censura. Tudo depende da narrativa de quem fala. No Brasil está assim há algum tempo. O posicionamento ideológico dá o tom do que é verdade e mentira.",1,0,14
Daniel Trzeciak,@TrzeciakDaniel,https://twitter.com/TrzeciakDaniel/status/1653039739090399232,2023-05-01T14:12:40.000Z,"O Brasil cresce, avança e se desenvolve pela força de seus trabalhadores e trabalhadoras. Parabéns pela data de hoje.",2,0,8
