nome,usuario,idTweet,dataPublicacao,texto,replies,retweets,likes
Vander Loubet,@vanderloubet,https://twitter.com/vanderloubet/status/1663532026719358976,2023-05-30T13:05:16.000Z,"Bom dia, Mato Grosso do Sul. Começamos esta terça aqui em Brasília em um café da manhã com meu amigo e companheiro @enioverri, diretor-geral da @usina_itaipu no Brasil.",1,0,7
Vander Loubet,@vanderloubet,https://twitter.com/vanderloubet/status/1663218710549610501,2023-05-29T16:20:16.000Z,"Olá, Dois Irmãos do Buriti. Mais um compromisso cumprido com vocês. O prefeito Japão e a secretária Roseli sabem da nossa responsabilidade e comprometimento, por isso acreditam na parceria da gestão municipal com o nosso mandato. https://vanderloubet.com.br/deputado/emenda-de-vander-garante-ambulancia-para-dois-irmaos-do-buriti/…",0,1,3
Vander Loubet,@vanderloubet,https://twitter.com/vanderloubet/status/1662145478589399050,2023-05-26T17:15:37.000Z,"A gente sabe que ainda tem muito trabalho pela frente para o governo @LulaOficial, mas são notícias como essas que dão a certeza de que estamos no caminho certo para reduzir as desigualdades, melhorar o poder de compra das famílias e recolocar o Brasil 🇧🇷 no rumo do crescimento.",0,0,4
Vander Loubet,@vanderloubet,https://twitter.com/vanderloubet/status/1661787693985017864,2023-05-25T17:33:55.000Z,"BOLSONARO É A CARA DO GOLPE 🛑 Em 8 de janeiro, o ódio espalhado durante 4 anos por Bolsonaro e seus aliados virou um verdadeiro terror em Brasília. Terroristas invadiram, depredaram e destruíram os Três Poderes, em uma tentativa frustrada de golpe contra a democracia.",0,1,7
Vander Loubet,@vanderloubet,https://twitter.com/vanderloubet/status/1661539665575280640,2023-05-25T01:08:20.000Z,"Boa noite, Mato Grosso do Sul. Hoje aqui na Câmara, na condição de coordenador da bancada federal, convidei todos os nossos deputados federais e senadores para uma reunião com o presidente da Câmara, Arthur Lira.",1,0,4
Vander Loubet,@vanderloubet,https://twitter.com/vanderloubet/status/1661498103659208707,2023-05-24T22:23:11.000Z,"Gostaria de deixar um abraço a todos e todas de Coronel Sapucaia pela data de hoje, aniversário de 38 anos de emancipação do município. Parabéns!",0,0,0
Vander Loubet,@vanderloubet,https://twitter.com/vanderloubet/status/1661447765816234000,2023-05-24T19:03:10.000Z,"Boa tarde, Mato Grosso do Sul. Hoje aqui na Câmara tivemos uma reunião com o Alceu Moreira, deputado que é o relator da PEC 132/15, que permite a indenização a proprietários de terras declaradas como indígenas. Esteve com a gente também o deputado estadual Pedrossian Neto.",2,0,3
Vander Loubet,@vanderloubet,https://twitter.com/vanderloubet/status/1661408776749031424,2023-05-24T16:28:14.000Z,"Olá, Mato Grosso do Sul. É muito importante que a gente participe desse mutirão lançado pelo @govbr, através do @JusticaGovBR, com a coordenação do @wadih_damous, secretário Nacional do Consumidor.",2,6,20
Vander Loubet,@vanderloubet,https://twitter.com/vanderloubet/status/1660801216715149313,2023-05-23T00:14:00.000Z,"Concordo com o que muitas pessoas tem falado sobre o caso de racismo contra o jogador @vinijr na Espanha. Chega de nota de repúdio, a gente tem que adotar atitudes duras contra esse tipo de episódio, seja aqui, seja onde tiver brasileiro.",1,3,11
Vander Loubet,@vanderloubet,https://twitter.com/vanderloubet/status/1660775210428030977,2023-05-22T22:30:40.000Z,"O Governo Federal divulgou hoje o edital das inscrições para o programa Mais Médicos. São 5.970 vagas em todo o país, sendo que para Mato Grosso do Sul são 52 vagas. A previsão é de que os profissionais comecem a atuar nos municípios no fim de junho.",1,0,4
Vander Loubet,@vanderloubet,https://twitter.com/vanderloubet/status/1660648961802215424,2023-05-22T14:09:00.000Z,"Depois de 14 anos (a última vez tinha sido em 2009), o Brasil 🇧🇷 voltou a participar com @LulaOficial como convidado da reunião do G7 (grupo dos 7 países com as maiores economias do mundo). 📸 @ricardostuckert",1,2,10
Vander Loubet,@vanderloubet,https://twitter.com/vanderloubet/status/1659591434725466112,2023-05-19T16:06:46.000Z,"Boa tarde, Mato Grosso do Sul. Compartilho com vocês essa entrevista que dei ao @cgrnews. Conversamos sobre um bocado de temas: avaliação do governo Lula, relação do PT com o governo Riedel e investimentos federais para MS, entre outros.",1,2,5
Vander Loubet,@vanderloubet,https://twitter.com/vanderloubet/status/1659315305099788293,2023-05-18T21:49:31.000Z,"Boa tarde, pessoal. Quero compartilhar com vocês mais um #tbt. Esse é do Dia das Mães no domingo... eu e minha mãe Aparecida (Dona Beca, como ela é conhecida lá em Murtinho). Registro feito pelo Ernesto Franco (Paraguaio).",0,0,7
Vander Loubet,@vanderloubet,https://twitter.com/vanderloubet/status/1659229790484811779,2023-05-18T16:09:43.000Z,"Olá, Mato Grosso do Sul. O #tbt de hoje é da última sexta-feira, quando aconteceu a posse do Alexandre Cantero na Superintendência Regional do Trabalho em Mato Grosso do Sul.",1,0,5
Vander Loubet,@vanderloubet,https://twitter.com/vanderloubet/status/1658893173270224907,2023-05-17T17:52:07.000Z,"Pessoal, cuidado com esse golpe, tem gente tentando se passar por mim. Ignorem mensagens vindas desse número, bloqueiem esse contato e, se puderem, por favor denunciem para o WhatsApp. ⚠️",0,0,1
Vander Loubet,@vanderloubet,https://twitter.com/vanderloubet/status/1658869021419118592,2023-05-17T16:16:09.000Z,"Esses recursos chegam para apoiar um dos setores mais afetados pela pandemia e que vai muito além dos artistas, afinal, envolve um contingente enorme de trabalhadores, gente que atua em serviços como transporte, som, iluminação, divulgação, alimentação... https://vanderloubet.com.br/deputado/vander-celebra-recursos-da-lei-paulo-gustavo-para-cultura-de-ms/…",0,0,0
Vander Loubet,@vanderloubet,https://twitter.com/vanderloubet/status/1658588380676911104,2023-05-16T21:40:59.000Z,"Abrasileirar os preços dos combustíveis, mais um compromisso cumprido pelo nosso presidente @LulaOficial. Isso vai significar gasolina, diesel e gás de cozinha mais baratos. O povo brasileiro 🇧🇷 só tem a ganhar com essa medida.",0,0,7
Vander Loubet,@vanderloubet,https://twitter.com/vanderloubet/status/1658466437055356931,2023-05-16T13:36:26.000Z,"Bom dia, Mato Grosso do Sul. @LulaOficial cumpre mais um compromisso de campanha ao alterar a política de preços da Petrobras, que desde o final de 2016 estava atrelada ao dólar. Isso abre caminho para a redução dos preços dos combustíveis (principalmente gasolina e diesel).",1,1,10
Vander Loubet,@vanderloubet,https://twitter.com/vanderloubet/status/1657770947166830597,2023-05-14T15:32:48.000Z,"Bom dia, Mato Grosso do Sul. Hoje, o município de Jardim está comemorando 77 anos de fundação. Aos amigos, amigas, companheiros e companheiras desta querida cidade, meus parabéns e um grande abraço.",1,0,4
Vander Loubet,@vanderloubet,https://twitter.com/vanderloubet/status/1657505799499919362,2023-05-13T21:59:12.000Z,"Neste Dia das Mães, tem três mães que eu não poderia deixar de lembrar... Minha mãe Aparecida (D. Beca), que me deu a benção da vida; minha esposa Roseli, mãe dos meus filhos; e minha filha Tamara, que se tornou uma mãe carinhosa e iluminou nossas vidas com a Liz e a Maya.",1,1,8
Vander Loubet,@vanderloubet,https://twitter.com/vanderloubet/status/1657453781271887873,2023-05-13T18:32:30.000Z,"Boa tarde, Mato Grosso do Sul. Hoje, dia 13 de maio, temos nove municípios do nosso estado comemorando aniversário de emancipação ou de criação: Angélica, Aral Moreira, Bodoquena, Deodápolis, Eldorado, Itaquiraí, Mundo Novo, Sete Quedas e Tacuru.",0,0,6
Vander Loubet,@vanderloubet,https://twitter.com/vanderloubet/status/1657163878009110529,2023-05-12T23:20:31.000Z,"Boa noite, Mato Grosso do Sul. Nesta sexta-feira prestigiamos a posse do novo superintendente regional do Trabalho e Emprego em nosso estado, o advogado Alexandre Morais Cantero. Tenho certeza que cumprirá com sucesso o seu papel.",0,2,4
Vander Loubet,@vanderloubet,https://twitter.com/vanderloubet/status/1657126841738485760,2023-05-12T20:53:21.000Z,"Hoje em Mato Grosso do Sul temos cinco municípios comemorando 43 anos: Costa Rica, Douradina, São Gabriel do Oeste, Selvíria e Taquarussu. Aos amigos, amigas, companheiros e companheiras desses municípios, parabéns e um grande abraço.",0,1,2
Vander Loubet,@vanderloubet,https://twitter.com/vanderloubet/status/1657069490029355009,2023-05-12T17:05:27.000Z,"Boa tarde, Mato Grosso do Sul. Esse registro é de ontem, quinta-feira: encontro em Brasília com a colega @rosemodestoms, superintendente da @sudecobr. Iniciamos a articulação para atender projetos estratégicos para nosso estado, nossos municípios e nosso setor empresarial.",1,1,8
Vander Loubet,@vanderloubet,https://twitter.com/vanderloubet/status/1657031743830999042,2023-05-12T14:35:28.000Z,"Notícia muito boa vinda do governo @LulaOficial. A redução nos preços dos combustíveis e do gás de cozinha é fundamental, contribui para reduzir a inflação e alivia o bolso das famílias brasileiras, que tanto sofreram com as disparadas do custo de vida nos governos anteriores.",7,70,148
Vander Loubet,@vanderloubet,https://twitter.com/vanderloubet/status/1656790299492925441,2023-05-11T22:36:03.000Z,"Esta semana em Brasília garantimos recursos importantes para a infraestrutura logística de Mato Grosso do Sul, especialmente em se tratando do projeto da Rota Bioceânica: https://vanderloubet.com.br/deputado/no-dnit-vander-confirma-investimentos-para-ms-e-cobra-definicao-sobre-a-br-163/…",0,1,1
Vander Loubet,@vanderloubet,https://twitter.com/vanderloubet/status/1656413184792621063,2023-05-10T21:37:32.000Z,"Boa tarde, Mato Grosso do Sul. Nossa tarde aqui em Brasília foi dedicada a mais agendas para tratar da proposta para solução do conflito por terras entre indígenas e produtores em nosso estado. https://vanderloubet.com.br/deputado/reunioes-em-brasilia-apontam-desafios-para-fim-dos-conflitos-entre-indigenas-e-produtores-em-ms/…",0,1,3
Vander Loubet,@vanderloubet,https://twitter.com/vanderloubet/status/1656362402315661321,2023-05-10T18:15:45.000Z,"Boa tarde, Mato Grosso do Sul. Agora há pouco tivemos a primeira das várias agendas que teremos para apresentar ao governo @LulaOficial uma proposta para solução dos conflitos por terras entre indígenas e produtores. Essa primeira agenda foi com nossa ministra @simonetebetbr.",1,2,6
Vander Loubet,@vanderloubet,https://twitter.com/vanderloubet/status/1656322826800963589,2023-05-10T15:38:29.000Z,"Olá, Mato Grosso do Sul. Hoje no DNIT aqui Brasília foi dia de brigar por um novo modelo de concessão para a BR-163. Além disso, a gente confirmou investimentos estratégicos para o sucesso da Rota Bioceânica. https://vanderloubet.com.br/deputado/no-dnit-vander-confirma-investimentos-para-ms-e-cobra-definicao-sobre-a-br-163/…",1,1,5
Vander Loubet,@vanderloubet,https://twitter.com/vanderloubet/status/1656052551509327874,2023-05-09T21:44:30.000Z,"Boa noite, Mato Grosso do Sul! Antes de encerrar os trabalhos por aqui, gostaria de compartilhar com vocês o resumão das nossas agendas e atendimentos em Campo Grande e Brasília, na semana passada. 

Confira: https://vanderloubet.com.br/blog/2023/05/09/confira-como-foi-a-semana-do-deputado-vander-02-a-05-05/…",0,2,7
Vander Loubet,@vanderloubet,https://twitter.com/vanderloubet/status/1655672453517942800,2023-05-08T20:34:08.000Z,"Olá, Mato Grosso do Sul. Hoje de manhã, na Famasul, aqui em Campo Grande, tivemos uma agenda muito produtiva na busca por uma solução para os conflitos por terras que temos presenciado em nosso estado, na busca por paz no campo. 📸 João Carlos Castro/Sistema Famasul ➡️",1,0,3
Vander Loubet,@vanderloubet,https://twitter.com/vanderloubet/status/1655567369622765570,2023-05-08T13:36:34.000Z,"Bom dia, Mato Grosso do Sul. Hoje temos 3 municípios comemorando aniversário: Anastácio, cidade da Festa da Farinha (58 anos de emancipação), Iguatemi, ""Capital da Erva Mate"" (58 anos de instalação), e Terenos, que nasceu da ferrovia Noroeste do Brasil (70 anos de emancipação).",0,0,2
Vander Loubet,@vanderloubet,https://twitter.com/vanderloubet/status/1654620139675893760,2023-05-05T22:52:37.000Z,"Hoje de manhã tivemos aqui em Campo Grande a posse em cargos federais de uma companheira e dois companheiros de lutas do nosso estado.

A Marina Nunes, dirigente do MST, é a nova coordenadora-geral do escritório estadual do MDA (Ministério do Desenvolvimento Agrário).",2,10,42
Vander Loubet,@vanderloubet,https://twitter.com/vanderloubet/status/1654571535783346179,2023-05-05T19:39:29.000Z,"Boa tarde, Mato Grosso do Sul. Hoje fizemos uma visita institucional ao governador @EduardoRiedel_ para que os companheiros que foram empossados em cargos federais nesta sexta pudessem se apresentar.",1,0,6
Vander Loubet,@vanderloubet,https://twitter.com/vanderloubet/status/1654553583365373955,2023-05-05T18:28:09.000Z,"Parabéns, companheiro @deppedrokemp, por mais 1 ano de vida celebrado. Que Deus siga iluminando seu caminho para que você continue firme e forte na luta por um Brasil mais justo e menos desigual. Feliz aniversário e grande abraço.",0,1,3
Vander Loubet,@vanderloubet,https://twitter.com/vanderloubet/status/1654246473398190081,2023-05-04T22:07:48.000Z,"Olá, Mato Grosso do Sul. Hoje em Brasília convidei para um almoço o ministro @pauloteixeira13 (Desenvolvimento Agrário), o João Edegar Pretto (diretor-presidente da CONAB) e a ex-colega de bancada @rosemodestoms (nova superintendente da SUDECO no governo @LulaOficial).",1,0,13
Vander Loubet,@vanderloubet,https://twitter.com/vanderloubet/status/1654171222316285964,2023-05-04T17:08:47.000Z,"Hoje aqui na Câmara tivemos uma grande vitória em prol de uma sociedade mais justa e menos desigual. Aprovamos o Projeto de Lei 1085/23, de autoria do governo @LulaOficial, que prevê a igualdade salarial entre mulheres e homens que exercem a mesma função.",1,0,1
Vander Loubet,@vanderloubet,https://twitter.com/vanderloubet/status/1653809692035158016,2023-05-03T17:12:11.000Z,Presidente @LulaOficial assumiu como projeto de governo a superação da desigualdade salarial entre mulheres e homens. Por isso enviou o PL 1085/23 para inibir e punir quem paga salários menores a mulheres que exercem a mesma função que seus colegas homens. #IgualdadeSalarialJá,0,2,2
Vander Loubet,@vanderloubet,https://twitter.com/vanderloubet/status/1653803018708561920,2023-05-03T16:45:40.000Z,"Olá, Mato Grosso do Sul. Hoje de manhã estivemos no Ministério das Cidades, em reunião com o ministro Jader filho, a ministra Simone Tebet (Planejamento e Orçamento), o governador Eduardo Riedel, a diretora-presidente da Agehab, Maria do Carmo, e nossa bancada federal.",1,0,6
Vander Loubet,@vanderloubet,https://twitter.com/vanderloubet/status/1653529404805373954,2023-05-02T22:38:25.000Z,"🚨 URGENTE: Google está censurando esse vídeo que mostra a verdade sobre o PL 2630! 🔁 Compartilhe, vamos juntos lutar contra as fake news! ⚠️",0,2,6
Vander Loubet,@vanderloubet,https://twitter.com/vanderloubet/status/1653528139144863746,2023-05-02T22:33:24.000Z,"A internet e as redes sociais têm que ser ambientes seguros para nós e para nossas famílias, têm que proteger as crianças. Chega de ondas de ódio e notícias falsas! ⚠️ #pl2630sim #internetsegura #plcontrafake",1,1,8
Vander Loubet,@vanderloubet,https://twitter.com/vanderloubet/status/1653438997685837824,2023-05-02T16:39:11.000Z,Líderes evangélicos estão no Congresso Nacional para apoiar o projeto de combate às fake news. #pl2630sim #internetsegura #plcontrafake 🎥 @GloboNews,0,0,1
Vander Loubet,@vanderloubet,https://twitter.com/vanderloubet/status/1653437697506066434,2023-05-02T16:34:01.000Z,"A internet e as redes sociais têm que ser ambientes seguros para nossas famílias, têm que proteger as crianças. Chega de ondas de ódio e notícias falsas! #pl2630sim #internetsegura #plcontrafake",0,1,1
Vander Loubet,@vanderloubet,https://twitter.com/vanderloubet/status/1653434536582168578,2023-05-02T16:21:27.000Z,"Ontem, durante um evento de comemoração do Dia dos Trabalhadores e Trabalhadoras, o presidente @LulaOficial falou do aumento da isenção da faixa de imposto de renda.",1,0,1
Vander Loubet,@vanderloubet,https://twitter.com/vanderloubet/status/1653392040552538112,2023-05-02T13:32:35.000Z,"Bom dia. Ontem, 1º de maio, além de comemorar o Dia do Trabalhador, o município de Caracol também comemorou seu aniversário de 58 anos de emancipação. E hoje, 2 de maio, o município de Glória de Dourados está celebrando seu 60º aniversário de emancipação.",1,0,1
Vander Loubet,@vanderloubet,https://twitter.com/vanderloubet/status/1653189707239391232,2023-05-02T00:08:35.000Z,"Neste 1º de maio, o presidente @LulaOficial anunciou o aumento real do salário mínimo. Além disso, até ontem, quem ganhava mais de R$ 1.903 estava pagando imposto de renda, por causa da omissão do governo anterior. Agora, o governo Lula aumentou o limite para R$ 2.640.",0,3,8
Vander Loubet,@vanderloubet,https://twitter.com/vanderloubet/status/1653134956887941157,2023-05-01T20:31:02.000Z,Neste Dia do Trabalhador e da Trabalhadora quero deixar meu abraço fraterno aos homens e mulheres que fazem do Brasil 🇧🇷 uma nação grandiosa. Que a cada 1º de maio sejamos capazes de renovar nossa esperança e nosso empenho na luta em favor da classe trabalhadora.,0,0,2
Vander Loubet,@vanderloubet,https://twitter.com/vanderloubet/status/1653028472392908800,2023-05-01T13:27:54.000Z,"Parabéns ao novo presidente eleito do Paraguai, @SantiPenap. Espero que possamos continuar a parceria entre Brasil 🇧🇷 e Paraguai 🇵🇾 na concretização da tão sonhada Rota Bioceânica. Estamos à disposição para unirmos esforços em prol do desenvolvimento da nossa região.",0,1,3
