nome,usuario,idTweet,dataPublicacao,texto,replies,retweets,likes
Yury Do Paredão,@yurydoparedao,https://twitter.com/yurydoparedao/status/1663250859554160641,2023-05-29T18:28:01.000Z,Recebendo das mãos do prefeito Guilherme Saraiva o convite de uma das maiores festas do Brasil #FestaDoPauDaBandeiraDeBarbalha,4,1,12
Yury Do Paredão,@yurydoparedao,https://twitter.com/yurydoparedao/status/1663206060335964161,2023-05-29T15:30:00.000Z,"Muitas pessoas têm me questionado sobre o impacto das CPIs no Brasil. Na minha visão, elas desempenham um papel fundamental ao trazer transparência e buscar soluções. No entanto, é importante lembrar que as CPIs não devem ser usadas como palanque para as redes sociais.",1,0,7
Yury Do Paredão,@yurydoparedao,https://twitter.com/yurydoparedao/status/1663188979217227777,2023-05-29T14:22:07.000Z,Semana intensa de trabalho em Brasília. Estamos analisando cuidadosamente os decretos do Poder Executivo. É importante lembrar que a política demanda diálogo constante e busca incansável pelo consenso. Estou comprometido em representar os interesses do povo do Ceará e contribuir…,2,0,5
Yury Do Paredão,@yurydoparedao,https://twitter.com/yurydoparedao/status/1662570711980863489,2023-05-27T21:25:21.000Z,"Acompanhando de perto as ações do Governo Federal na região do Cariri. Recepcionei hoje a visita do Ministro da Integração e do Desenvolvomento Regional, Waldez Góes, em um encontro com o Governador @elmanooficial e outros parlamentares, para uma vistoria na barragem de Jati…",9,1,12
Yury Do Paredão,@yurydoparedao,https://twitter.com/yurydoparedao/status/1662159712991707139,2023-05-26T18:12:11.000Z,"Os voos diários entre Juazeiro do Norte e Fortaleza serão retomados dia 5 de julho. Após reuniões produtivas com diretores da @voepassoficial, conseguimos garantir essa importante conexão para nossa região. Agora ficou mais fácil e prático se deslocar entre as duas cidades. É…",5,1,7
Yury Do Paredão,@yurydoparedao,https://twitter.com/yurydoparedao/status/1662043283080593408,2023-05-26T10:29:32.000Z,Bom dia e uma ótima sexta-feira para tod@s! ☀️🙏🏼,1,0,5
Yury Do Paredão,@yurydoparedao,https://twitter.com/yurydoparedao/status/1661873705419456513,2023-05-25T23:15:42.000Z,"A partir de 5 de julho, a @VOEPASS retoma as operações entre Fortaleza e Juazeiro do Norte, com dois voos diários. Participei de reuniões com a diretoria da empresa para trazer de volta esses voos tão importantes para nossa região. Agradeço a todos os envolvidos que ajudaram a…",1,0,6
Yury Do Paredão,@yurydoparedao,https://twitter.com/yurydoparedao/status/1661764375609241601,2023-05-25T16:01:15.000Z,"No Dia do Trabalhador Rural, expresso minha admiração e gratidão a todos que dedicam sua vida ao campo. São eles que alimentam nosso país e, com esforço e dedicação, fortalecem nossa economia. Parabéns a todos os trabalhadores rurais! 👏🏽",0,0,4
Yury Do Paredão,@yurydoparedao,https://twitter.com/yurydoparedao/status/1661741092893757443,2023-05-25T14:28:44.000Z,"No cotidiano da vida parlamentar, o diálogo desempenha um papel fundamental. É por meio dele que ocorrem as negociações e concessões. O respeito aos resultados do diálogo é imprescindível para fortalecer as bases da democracia e alcançar soluções para as demandas da sociedade.",2,0,5
Yury Do Paredão,@yurydoparedao,https://twitter.com/yurydoparedao/status/1661713656759959552,2023-05-25T12:39:43.000Z,"O papel do Congresso na democracia é: propor, fiscalizar e cobrar o poder Executivo por meio de diálogo constante. Os deputados foram eleitos para serem os legítimos representantes das demandas da população no Parlamento, buscando sempre garantir a efetivação dos direitos dos…",3,1,8
Yury Do Paredão,@yurydoparedao,https://twitter.com/yurydoparedao/status/1661373901102784512,2023-05-24T14:09:39.000Z,"Votei a favor da nova regra fiscal, acredito que investimento público e controle de gastos exigem definição de prioridades. Estamos construindo bases sólidas para impulsionar nossa economia, promover o desenvolvimento e garantir uma sociedade mais justa e inclusiva.",17,0,10
Yury Do Paredão,@yurydoparedao,https://twitter.com/yurydoparedao/status/1661363736890810368,2023-05-24T13:29:16.000Z,"A @camaradeputados deu um passo importante ontem ao aprovar a nova regra fiscal. É hora de olharmos para o futuro. Com essa medida, o Brasil fortalecerá suas bases para reduzir os juros, controlar a inflação e os gastos públicos, e, acima de tudo, crescer com inclusão social.",43,1,6
Yury Do Paredão,@yurydoparedao,https://twitter.com/yurydoparedao/status/1661319301071085569,2023-05-24T10:32:41.000Z,Bom dia e uma excelente quarta-feira para tod@s ☀️🙌🏼,6,0,7
Yury Do Paredão,@yurydoparedao,https://twitter.com/yurydoparedao/status/1661133430430498822,2023-05-23T22:14:06.000Z,"Sessão da CPI sobre a Manipulação de Resultados em Partidas de Futebol Profissional. É fundamental investigar e combater qualquer tipo de fraude, preservando a credibilidade das competições e o interesse dos torcedores. O futebol precisa ser justo e transparente para todos.",1,1,6
Yury Do Paredão,@yurydoparedao,https://twitter.com/yurydoparedao/status/1661064570109149200,2023-05-23T17:40:29.000Z,"Hoje recebi a visita do vice-prefeito de Caucaia (CE) e ex-deputado federal, @deuzinhofilho. A reunião foi para conversarmos sobre melhorias em algumas áreas do município, que é o segundo mais populoso do Ceará.",1,0,8
Yury Do Paredão,@yurydoparedao,https://twitter.com/yurydoparedao/status/1661032837049352193,2023-05-23T15:34:23.000Z,"Tive uma produtiva reunião com o Prefeito interino de Iguatu, Ronald Gomes, juntamente com o Vereador Rafael Gadelha e Ednaldo Lavor. Discutimos importantes pautas para o desenvolvimento do município. Juntos buscaremos soluções para melhorar a vida da população de Iguatu.",2,0,13
Yury Do Paredão,@yurydoparedao,https://twitter.com/yurydoparedao/status/1660767681509834753,2023-05-22T22:00:45.000Z,"Abraçar é um gesto de carinho que transcende as palavras. Neste Dia do Abraço, envio a todos um abraço virtual, repleto de afeto e solidariedade. Em tempos desafiadores, vamos nos fortalecer com esse gesto simbólico e lembrar da importância de demonstrar afeto uns pelos outros.…",3,0,9
Yury Do Paredão,@yurydoparedao,https://twitter.com/yurydoparedao/status/1660669479435509762,2023-05-22T15:30:32.000Z,"Hoje se iniciam as inscrições para o programa Mais Médicos, uma iniciativa de extrema importância. A presença de médicos em regiões com baixo Índice de Desenvolvimento Humano (IDH) e escassez de profissionais da saúde é fundamental. É um direito de todos os brasileiros e…",2,0,4
Yury Do Paredão,@yurydoparedao,https://twitter.com/yurydoparedao/status/1660635261837930501,2023-05-22T13:14:34.000Z,"A sociedade é diversa e única em sua essência. Devemos cultivar a tolerância como um valor diário em nossas vidas. O respeito é uma obrigação. Respeito a todos, sem exceção. Precisamos, juntos, lutar por um mundo livre de discriminação e injustiças.",2,0,7
Yury Do Paredão,@yurydoparedao,https://twitter.com/yurydoparedao/status/1660592555245936641,2023-05-22T10:24:52.000Z,Bom dia! Que todos nós tenhamos uma semana de muito trabalho e realizações. 🙏🏼☀️,2,0,7
Yury Do Paredão,@yurydoparedao,https://twitter.com/yurydoparedao/status/1660405566139686914,2023-05-21T22:01:50.000Z,"Minha total solidariedade e apoio ao atacante @vinijr que sofreu mais um episódio de racismo na Espanha, durante o jogo entre Real Madrid e Valência pelo campeonato espanhol. Qualquer situação de racismo é absolutamente inaceitável!  #BastaDeRacismo",6,2,12
Yury Do Paredão,@yurydoparedao,https://twitter.com/yurydoparedao/status/1659865297283870721,2023-05-20T10:15:00.000Z,"O Dia do Pedagogo é uma data para reconhecermos a importância dos educadores que se dedicam à formação de crianças e jovens. Seu trabalho vai além da sala de aula, é um verdadeiro ato de amor e transformação. A vocês, pedagogos e pedagogas, meu respeito e gratidão. Parabéns! 👏🏽",4,7,25
Yury Do Paredão,@yurydoparedao,https://twitter.com/yurydoparedao/status/1659855853250306049,2023-05-20T09:37:28.000Z,"Bom dia, pessoal! Espero que todos tenham um sábado bem produtivo e com muita paz! ☀️🙌🏽",1,0,4
Yury Do Paredão,@yurydoparedao,https://twitter.com/yurydoparedao/status/1659586397592858627,2023-05-19T15:46:45.000Z,Estou monitorando de perto a conduta dos planos de saúde. A mídia tem relatado casos preocupantes de cancelamento de planos de saúde de crianças com autismo e de pacientes em tratamento contra o câncer. Me pergunto: qual a razão disto? #saude #brasil,0,1,7
Yury Do Paredão,@yurydoparedao,https://twitter.com/yurydoparedao/status/1659509490520059904,2023-05-19T10:41:09.000Z,Bom dia! ☀️ Uma sexta-feira de realizações para todos nós. Deus abençoe nosso dia 🙏🏼,3,0,4
Yury Do Paredão,@yurydoparedao,https://twitter.com/yurydoparedao/status/1658904501162582029,2023-05-17T18:37:08.000Z,"É com muita satisfação que assumo a posição de membro titular na CPI da Manipulação de Jogos de Futebol. Trabalharei arduamente para investigar e combater qualquer forma de corrupção no esporte que tanto amamos. Juntos, faremos justiça e protegeremos a integridade do futebol.⚽",4,1,9
Yury Do Paredão,@yurydoparedao,https://twitter.com/yurydoparedao/status/1658896475684741120,2023-05-17T18:05:15.000Z,"O controle  dos gastos públicos é fundamental para impulsionar o crescimento  econômico do Brasil, gerando mais empregos, reduzindo os juros e  promovendo inclusão social. Apoio o novo regime fiscal, mas fico atento a  possíveis aumentos de impostos. Precisamos avançar,  reduzir…",5,1,12
Yury Do Paredão,@yurydoparedao,https://twitter.com/yurydoparedao/status/1658862190164574208,2023-05-17T15:49:00.000Z,"Hoje é o Dia Internacional Contra a Homofobia, uma data para reafirmarmos nosso compromisso com a igualdade e o respeito à diversidade. Precisamos lutar por uma sociedade inclusiva, onde todos sejam livres para amar e ser quem são. Vamos juntos combater qualquer forma de…",2,1,9
Yury Do Paredão,@yurydoparedao,https://twitter.com/yurydoparedao/status/1658770583725678594,2023-05-17T09:45:00.000Z,Que todos nós tenhamos uma quarta-feira abençoada! Bom dia! ☀️🙏🏽,6,0,7
Yury Do Paredão,@yurydoparedao,https://twitter.com/yurydoparedao/status/1658573162999603200,2023-05-16T20:40:31.000Z,"A redução do preço do gás de cozinha chega em momento oportuno, pois é essencial para que todos possam viver com dignidade. A redução do diesel beneficia os caminhoneiros, que desempenham um papel crucial na economia brasileira. Além disso, a redução da gasolina tem um impacto…",8,1,14
Yury Do Paredão,@yurydoparedao,https://twitter.com/yurydoparedao/status/1658556096590520322,2023-05-16T19:32:42.000Z,"É uma grande conquista para os brasileiros a redução do preço dos combustíveis. Entendo que essa redução pode gerar preocupações sobre a interferência do governo federal na empresa. No entanto, o comunicado da Petrobrás deixa claro que a gestão e a saúde financeira da empresa não…",20,3,17
Yury Do Paredão,@yurydoparedao,https://twitter.com/yurydoparedao/status/1658472918081470468,2023-05-16T14:02:11.000Z,"O equilíbrio fiscal não significa necessariamente cortes no orçamento, mas sim estabelecer prioridades. Como deputado federal, defendo que priorizemos o reajuste do salário mínimo levando em consideração a inflação. É fundamental garantir que o mínimo acompanhe o custo de vida.",3,0,6
Yury Do Paredão,@yurydoparedao,https://twitter.com/yurydoparedao/status/1658461394495209473,2023-05-16T13:16:23.000Z,"Estamos vivendo semanas decisivas para o Brasil. Na @camaradeputados, será apresentado o novo arcabouço fiscal proposto pelo governo Lula. Entendo que a recuperação da nossa economia depende do equilíbrio fiscal e que seja uma medida necessária, por isso sou favorável a essa…",12,2,13
Yury Do Paredão,@yurydoparedao,https://twitter.com/yurydoparedao/status/1658417776338272260,2023-05-16T10:23:04.000Z,Bom dia! Que esta terça-feira seja bastante produtiva para tod@s! ☀️🙌🏼,5,0,11
Yury Do Paredão,@yurydoparedao,https://twitter.com/yurydoparedao/status/1658251034903425026,2023-05-15T23:20:30.000Z,É fundamental regulamentar os sites de apostas esportivas no Brasil. A falta de regulação contribui para práticas ilícitas e compromete a integridade do nosso esporte. Precisamos trabalhar para garantir a integridade do futebol nacional.,10,1,12
Yury Do Paredão,@yurydoparedao,https://twitter.com/yurydoparedao/status/1658099892131069958,2023-05-15T13:19:54.000Z,Vários especialistas afirmam que a falta de regulamentação pode ter contribuído para denúncias envolvendo jogadores e a atuação de organizações criminosas. É imprescindível uma regulamentação efetiva para combater essas práticas e garantir a integridade do nosso esporte.,21,0,10
Yury Do Paredão,@yurydoparedao,https://twitter.com/yurydoparedao/status/1658087011339649025,2023-05-15T12:28:43.000Z,"O futebol é, sem dúvida, a maior paixão esportiva do país. Gera emoções únicas, trazendo alegrias imensuráveis, mas também decepções quando nosso time perde. Por isso, defendo a necessidade de regulamentação dos sites de apostas esportivas.",4,0,7
Yury Do Paredão,@yurydoparedao,https://twitter.com/yurydoparedao/status/1658055492814487558,2023-05-15T10:23:29.000Z,"Duas cidades cearenses fazem aniversário hoje: Potiretama e Quixeré! Mais um ano de histórias, cultura e progresso. Desejo muito mais crescimento para as cidades e prosperidade para todos os moradores. Parabéns! 👏🏽🎉🎂🎈",5,1,3
Yury Do Paredão,@yurydoparedao,https://twitter.com/yurydoparedao/status/1658049279993294849,2023-05-15T09:58:48.000Z,Bom dia! Uma ótima segunda-feira e uma semana maravilhosa para tod@s! ☀️🙌🏽,15,0,11
Yury Do Paredão,@yurydoparedao,https://twitter.com/yurydoparedao/status/1657783542590349313,2023-05-14T16:22:51.000Z,"Estou muito triste e chocado com a notícia do policial civil que matou quatro colegas de trabalho nesta madrugada, em Camocim (CE). Minhas orações estão com as famílias e amigos dos escrivães Antônio Cláudio, Antônio José e Francisco dos Santos e do inspetor Gabriel de Souza. 🙏🏽",11,0,15
Yury Do Paredão,@yurydoparedao,https://twitter.com/yurydoparedao/status/1657777470429429760,2023-05-14T15:58:43.000Z,"SOBRE AOS ATAQUES QUE VENHO RECEBENDO :

Exerço o meu mandato com diálogo, respeito e tolerância. Estou à disposição para ouvir as demandas da população e buscar soluções. 

O Brasil precisa olhar para frente. Os conflitos radicais não fazem bem ao povo brasileiro. A política é…",108,6,47
Yury Do Paredão,@yurydoparedao,https://twitter.com/yurydoparedao/status/1657705677593141248,2023-05-14T11:13:26.000Z,"É o dia dela! Quero aqui homenagear a pessoa mais especial em minha vida: minha querida mãe, Dona Márcia. Ela é a prova de que dedicação, garra e vontade são ingredientes fundamentais para alcançar os objetivos. Sempre lutando pela nossa família, trabalhando incansavelmente para…",25,0,19
Yury Do Paredão,@yurydoparedao,https://twitter.com/yurydoparedao/status/1657502670578503682,2023-05-13T21:46:46.000Z,Visitar de perto as obras da Transposição do São Francisco reforça meu compromisso com as necessidades do povo nordestino. A água é um bem essencial e a conclusão dessa obra trará benefícios enormes para a população da região. Seguirei trabalhando com diálogo e respeito para…,63,2,13
Yury Do Paredão,@yurydoparedao,https://twitter.com/yurydoparedao/status/1657331594493820930,2023-05-13T10:26:58.000Z,Comemoramos hoje 135 anos da Abolição da Escravatura no Brasil. Momento para reflexão sobre as lutas do passado e sobre os desafios que ainda temos para a construção de uma sociedade mais justa e igualitária para todos. #igualdade,63,1,9
Yury Do Paredão,@yurydoparedao,https://twitter.com/yurydoparedao/status/1657330210776260608,2023-05-13T10:21:28.000Z,Bom dia e um excelente sábado para tod@s! 🙏🏼,72,0,10
Yury Do Paredão,@yurydoparedao,https://twitter.com/yurydoparedao/status/1657170228663443465,2023-05-12T23:45:45.000Z,"Pude recepcionar o presidente Lula em Juazeiro do Norte, minha cidade natal, ao lado do Senador e Ministro da Educação, Camilo Santana, o governador do Ceará, Elmano Freitas, e o líder do Governo na Câmara, deputado Zé Guimarães. Estamos ansiosos para discutir ideias e soluções…",455,42,60
Yury Do Paredão,@yurydoparedao,https://twitter.com/yurydoparedao/status/1657056290995150848,2023-05-12T16:13:01.000Z,O professor @adriano_oliveir foi o nosso convidado especial e está conosco nessa reunião com as lideranças. É um cientista político conceituado e está compartilhando conosco um pouco do seu conhecimento. É com coragem para pensar grande que seguimos em frente! 💪🏼,89,0,6
Yury Do Paredão,@yurydoparedao,https://twitter.com/yurydoparedao/status/1657034441926008833,2023-05-12T14:46:11.000Z,A sexta-feira já começou com uma reunião muito importante com lideranças de 10 municípios da região do Cariri. Vamos em frente! 💪🏼 #CoragemParaPensarGrande,18,0,5
Yury Do Paredão,@yurydoparedao,https://twitter.com/yurydoparedao/status/1657012984831434752,2023-05-12T13:20:56.000Z,"Parabenizo todos os enfermeiros e enfermeiras pelo seu dia! Vocês são verdadeiros heróis da saúde, dedicando suas vidas ao cuidado e bem-estar do próximo. Muito obrigado por tudo que fazem! 👏🏼 #diadoenfermeiro #enfermagem #saúde",4,0,5
Yury Do Paredão,@yurydoparedao,https://twitter.com/yurydoparedao/status/1656979954108702730,2023-05-12T11:09:40.000Z,Parabéns aos municípios cearenses de Guaraciaba do Norte e Miraíma pelos seus aniversários! É uma honra fazer parte da história dessas cidades tão importantes para o nosso Ceará. Desejo muita prosperidade e desenvolvimento! 🎂🎈👏🏼,3,0,2
Yury Do Paredão,@yurydoparedao,https://twitter.com/yurydoparedao/status/1656976950135595009,2023-05-12T10:57:44.000Z,"Bom dia, pessoal! Que o dia seja bastante produtivo. Uma sexta-feira abençoada para tod@s! 🙏🏼☀️",2,0,3
Yury Do Paredão,@yurydoparedao,https://twitter.com/yurydoparedao/status/1656789165898448896,2023-05-11T22:31:33.000Z,"Ontem (10), no lançamento da Frente Parlamentar da Mineração e Construção Civil, na qual tenho a grande honra em ser presidente. Estamos comprometidos em impulsionar o crescimento dos setores de Mineração e Construção Civil, que têm um papel fundamental na economia do nosso país.…",5,0,8
Yury Do Paredão,@yurydoparedao,https://twitter.com/yurydoparedao/status/1656608077037092866,2023-05-11T10:31:58.000Z,"Bom dia, pessoal! Hoje é quinta-feira e é um dia especial para duas cidades cearenses. Barroquinha e Ibicuitinga estão completando 35 anos de história. Parabéns aos municípios e à população por mais um ano de história e conquistas! #ceara 🎉🎂",2,1,5
Yury Do Paredão,@yurydoparedao,https://twitter.com/yurydoparedao/status/1656467255926960135,2023-05-11T01:12:24.000Z,"Hoje foi um dia muito especial para mim! Foi lançada a Frente Parlamentar de Mineração e Construção Civil, uma iniciativa que tenho o orgulho de presidir. Juntos, vamos trabalhar para fomentar o desenvolvimento desses setores tão importantes para a economia do nosso estado e do…",6,1,6
Yury Do Paredão,@yurydoparedao,https://twitter.com/yurydoparedao/status/1656248804025290753,2023-05-10T10:44:21.000Z,Bom dia! Hoje o dia promete ser bem movimentado. Uma excelente quarta-feira para todos(as) nós! ☀️🙌🏽,4,0,6
Yury Do Paredão,@yurydoparedao,https://twitter.com/yurydoparedao/status/1656000450993201157,2023-05-09T18:17:29.000Z,"Sessão Solene - Homenagem às Vítimas de Feminicídio. Parabéns, deputada @silvyealves, por essa iniciativa. Mulheres merecem respeito e proteção!",5,2,11
Yury Do Paredão,@yurydoparedao,https://twitter.com/yurydoparedao/status/1655959479312343041,2023-05-09T15:34:40.000Z,"Perdemos hoje nossa eterna rainha do rock nacional. As músicas de Rita Lee marcaram gerações e sua voz jamais será esquecida. Meus sentimentos aos familiares, amigos e sua legião de fãs. #luto #ritaleeeterna",3,0,8
Yury Do Paredão,@yurydoparedao,https://twitter.com/yurydoparedao/status/1655937461015691266,2023-05-09T14:07:11.000Z,Honrado em participar da Sessão Solene em Homenagem às Vítimas de Feminicídio no plenário da @camaradeputados. Precisamos unir forças para enfrentar esse grave problema que assola nosso país e lutar por justiça e igualdade de gênero.,3,1,2
Yury Do Paredão,@yurydoparedao,https://twitter.com/yurydoparedao/status/1655599040719990785,2023-05-08T15:42:25.000Z,"Acredito que o novo marco fiscal proposto pelo governo é um desafio importante para aumentar a arrecadação do Estado. O ministro @Haddad_Fernando afirmou que não haverá aumento de impostos. Acredito que, ao avaliar com critérios o fim de determinadas isenções fiscais, o Estado…",12,1,5
Yury Do Paredão,@yurydoparedao,https://twitter.com/yurydoparedao/status/1655557855880138758,2023-05-08T12:58:46.000Z,"Estou otimista com a aprovação do novo marco fiscal, que pode levar a uma redução das taxas de juros. Com juros menores, teremos mais consumo e, consequentemente, mais crescimento econômico. Isso é fundamental para o desenvolvimento do nosso país e benefícios para a população.",6,0,9
Yury Do Paredão,@yurydoparedao,https://twitter.com/yurydoparedao/status/1655535171871952896,2023-05-08T11:28:37.000Z,"Esta será uma importante semana na @camaradeputados. O debate sobre o novo marco fiscal será iniciado. Defendo ele, pois vejo como relevante medida do governo para o controle dos gastos sem perder de vista a capacidade de investimento do Estado. #Economia",2,0,4
Yury Do Paredão,@yurydoparedao,https://twitter.com/yurydoparedao/status/1655524969294577665,2023-05-08T10:48:05.000Z,"Hoje, quero parabenizar as cidades cearenses de Antonina do Norte, Ibaretama e Palhano pelos seus aniversários! Que o desenvolvimento e a prosperidade continuem sendo o caminho dessas terras abençoadas. 👏🎉🎂🎈",2,1,3
Yury Do Paredão,@yurydoparedao,https://twitter.com/yurydoparedao/status/1655517455077318657,2023-05-08T10:18:13.000Z,Vamos para mais uma semana de trabalho. Deus abençoe esta segunda-feira! Bom dia ☀️🙌🏽,4,0,5
Yury Do Paredão,@yurydoparedao,https://twitter.com/yurydoparedao/status/1655260129388838916,2023-05-07T17:15:42.000Z,"Meus sentimentos à família e amigos de Di Angelis Duarte de Morais, advogado assassinado covardemente no bairro Parquelândia, em Fortaleza. Que as autoridades competentes investiguem e punam os responsáveis.",2,0,9
Yury Do Paredão,@yurydoparedao,https://twitter.com/yurydoparedao/status/1655225998986690560,2023-05-07T15:00:05.000Z,"Um pouco de ontem. Reunião em Juazeiro do Norte com Associação dos Pequenos Construtores do Cariri sobre o programa ""Minha Casa, Minha Vida"". E em seguida visitei os queridos municípios de Granjeiro e Cedro. 
Seguimos em frente! #ceara #cariri #coragemparapensargrande",3,1,6
Yury Do Paredão,@yurydoparedao,https://twitter.com/yurydoparedao/status/1654620762169307137,2023-05-05T22:55:05.000Z,"É importante lembrar que o crescimento econômico não é responsabilidade exclusiva do Estado. As empresas também desempenham um papel fundamental. Portanto, a futura reforma tributária que será debatida no Parlamento não deve esquecer desta premissa essencial.",2,0,4
Yury Do Paredão,@yurydoparedao,https://twitter.com/yurydoparedao/status/1654614487947673601,2023-05-05T22:30:09.000Z,"A redução dos juros e a oferta de crédito para a população são medidas essenciais para fomentar o consumo e impulsionar o crescimento econômico, assim como também promove a inclusão social.",3,0,5
Yury Do Paredão,@yurydoparedao,https://twitter.com/yurydoparedao/status/1654584921850036226,2023-05-05T20:32:40.000Z,"Meritória a decisão do governo Lula em antecipar o 13º dos aposentados. Com mais dinheiro em circulação, a economia tende a crescer. E os aposentados merecem.",6,1,5
Yury Do Paredão,@yurydoparedao,https://twitter.com/yurydoparedao/status/1654579257752821761,2023-05-05T20:10:10.000Z,"O governo Lula enviou ao Congresso projeto de Lei para a valorização do salário mínimo. De antemão, afirmo que o projeto tem o meu apoio. O aumento do salário mínimo de maneira constante fortalece a economia e valoriza os trabalhadores.",5,0,3
Yury Do Paredão,@yurydoparedao,https://twitter.com/yurydoparedao/status/1654558425144078339,2023-05-05T18:47:23.000Z,Fico muito honrado em ter sido nomeado Presidente da Frente Parlamentar da Mineração e Construção Civil. Nosso objetivo será promover o desenvolvimento e aprimoramento da legislação federal e das políticas nacionais sobre essas questões tão importantes para o país.,2,0,3
Yury Do Paredão,@yurydoparedao,https://twitter.com/yurydoparedao/status/1654494231698853889,2023-05-05T14:32:18.000Z,O Dia Mundial do Trânsito e da Cortesia ao Volante nos lembra que dirigir com responsabilidade e respeito é fundamental para garantir a segurança de todos. Valorizar a vida no trânsito e fazer nossa parte para evitar acidentes torna as ruas muito mais seguras! #MaioAmarelo 💛,1,0,2
Yury Do Paredão,@yurydoparedao,https://twitter.com/yurydoparedao/status/1654457442506358785,2023-05-05T12:06:07.000Z,"A expectativa é que o novo arcabouço fiscal que irá para votação no Congresso possibilite a redução dos juros. O Banco Central ainda não fez esta sinalização, mas acredito que logo logo será possível.",5,0,3
Yury Do Paredão,@yurydoparedao,https://twitter.com/yurydoparedao/status/1654457291754668032,2023-05-05T12:05:31.000Z,"Ser líder comunitário é estar presente, é lutar pelos interesses da comunidade e fazer a diferença na vida das pessoas. Hoje, no Dia Nacional do Líder Comunitário, agradecemos a todos que dedicam seu tempo e esforço para tornar nossas comunidades melhores. Vocês são verdadeiros…",2,0,4
Yury Do Paredão,@yurydoparedao,https://twitter.com/yurydoparedao/status/1654420664365744129,2023-05-05T09:39:58.000Z,"Que todos nós tenhamos uma ótima sexta-feira!
Bom dia!☀️🙏🏽",1,0,3
Yury Do Paredão,@yurydoparedao,https://twitter.com/yurydoparedao/status/1654278282525786112,2023-05-05T00:14:12.000Z,"Como deputado federal do Ceará, apoio a campanha #MaioAmarelo, que completa 10 anos de conscientização no trânsito. Escolha a vida, respeite as leis de trânsito e ajude a salvar vidas. Juntos podemos fazer a diferença nas ruas e estradas do nosso Brasil. 💛",1,0,4
Yury Do Paredão,@yurydoparedao,https://twitter.com/yurydoparedao/status/1654159727855542274,2023-05-04T16:23:06.000Z,"O Parlamento sabe da sua responsabilidade para com o Brasil. Lá estamos para dialogar, debater e buscar soluções para os desafios. Trabalho para construir um futuro melhor para todos #DeputadoFederalYuryDoParedao#CoragemParaPensarGrande #DeputadoPresente #Ceara #Brasil",1,0,1
Yury Do Paredão,@yurydoparedao,https://twitter.com/yurydoparedao/status/1654134798733000706,2023-05-04T14:44:03.000Z,"As turbulências no Brasil não devem comprometer a votação de pautas econômicas, como o novo arcabouço fiscal. Com mais crescimento, mais oportunidades para todos #DeputadoFederalYurydoParedao #DeputadoPresente #Ceara #Brasil",2,0,5
Yury Do Paredão,@yurydoparedao,https://twitter.com/yurydoparedao/status/1654125740684877824,2023-05-04T14:08:03.000Z,"Parabéns ao @CearaSC pelo título da Copa do Nordeste! Foi uma conquista merecida e triunfante. A torcida alvinegra pode comemorar, afinal, o Ceará é tri-campeão! O futebol cearense cada vez mais forte e representativo no Nordeste e no Brasil. 🏆👏🏼",1,0,3
Yury Do Paredão,@yurydoparedao,https://twitter.com/yurydoparedao/status/1654079604804530178,2023-05-04T11:04:43.000Z,"Parabéns aos nossos bravos bombeiros pelo seu dia! Se arriscando para salvar vidas e proteger a população, vocês são verdadeiros heróis da nossa sociedade. Muito obrigado por seu trabalho incansável e dedicação em garantir a segurança de todos nós. 👏🏽",2,0,3
Yury Do Paredão,@yurydoparedao,https://twitter.com/yurydoparedao/status/1654074985957277698,2023-05-04T10:46:22.000Z,"Bom dia! Hoje é um dia muito especial para a cidade de Icó, que está completando 285 anos. Parabenizo os icoenses por essa data tão importante, e reforço meu compromisso em trabalhar por mais desenvolvimento e bem-estar para essa cidade histórica do Ceará.",1,0,3
Yury Do Paredão,@yurydoparedao,https://twitter.com/yurydoparedao/status/1654071169488748546,2023-05-04T10:31:12.000Z,Bom dia! Que Deus abençoe esta quinta-feira 🙌🏼☀️,1,0,4
Yury Do Paredão,@yurydoparedao,https://twitter.com/yurydoparedao/status/1653873590050390016,2023-05-03T21:26:06.000Z,"A votação da PL das Fake News foi adiada. Medida acertada. Se é necessário mais discussão, que assim siga. O importante é ouvir todos e construir consensos.",7,0,5
Yury Do Paredão,@yurydoparedao,https://twitter.com/yurydoparedao/status/1653703445046603776,2023-05-03T10:10:00.000Z,"Bom dia, pessoal! Hoje, 03 de maio, duas cidades muito importantes para o nosso estado do Ceará estão aniversariando: Croatá e Tauá. Parabéns a essas queridas cidades e aos seus habitantes! Que ambas possam continuar crescendo e se desenvolvendo cada vez mais! 🎊🎂🎈",2,1,5
Yury Do Paredão,@yurydoparedao,https://twitter.com/yurydoparedao/status/1653355656718565376,2023-05-02T11:08:01.000Z,Vamos para mais um dia de trabalho! Deus abençoe a terça-feira de tod@s! 🙌🏽☀️,39,1,7
