nome,usuario,idTweet,dataPublicacao,texto,replies,retweets,likes
Zeca Dirceu,@zeca_dirceu,https://twitter.com/zeca_dirceu/status/1663696010122612738,2023-05-30T23:56:53.000Z,"Quem não acreditou nas urnas eletrônicas se deu mal! 
O @Parlasul , a @UNIORE  e a @OEA_BR  atestaram a confiança das nossas eleições. Aqueles que atentaram contra a democracia devem ser punidos!",10,55,205
Zeca Dirceu,@zeca_dirceu,https://twitter.com/zeca_dirceu/status/1663642441080090624,2023-05-30T20:24:01.000Z,"E você, já se vacinou?",0,5,25
Zeca Dirceu,@zeca_dirceu,https://twitter.com/zeca_dirceu/status/1663615493834506243,2023-05-30T18:36:56.000Z,Foto histórica que marca a integração da América do Sul!  Somente juntos conseguiremos avançar no rumo certo.,49,87,475
Zeca Dirceu,@zeca_dirceu,https://twitter.com/zeca_dirceu/status/1663551219145777152,2023-05-30T14:21:32.000Z,A integração dos países da América do Sul nos fará mais fortes!,4,6,65
Zeca Dirceu,@zeca_dirceu,https://twitter.com/zeca_dirceu/status/1663284486681788416,2023-05-29T20:41:38.000Z,"A @Caixa foi usada por Bolsonaro como arma para tentar a reeleição do seu governo corrupto! Isso deixou um rombo financeiro de bilhões de reais para a gestão do presidente Lula. Além dos casos de assédio, a Caixa ainda sofreu mais essa ilegalidade durante o desgoverno Bolsonaro.",45,206,463
Zeca Dirceu,@zeca_dirceu,https://twitter.com/zeca_dirceu/status/1663270553501724673,2023-05-29T19:46:16.000Z,"Enquanto o presidente @LulaOficial roda o mundo buscando investimentos para o Brasil, o desgoverno Bolsonaro, entre 10 e 30 de outubro, torrou R$ 500 milhões POR DIA no consignado do Auxílio-Brasil para tentar se reeleger.",28,57,197
Zeca Dirceu,@zeca_dirceu,https://twitter.com/zeca_dirceu/status/1663224566599106563,2023-05-29T16:43:32.000Z,"Brasil é modelo em eleições modernas e transparente, parabéns ao @TSEjusbr.

O parlamento do Mercosul @PARLASUR, acaba de aprovar por unanimidade o relatório da comissão externa que esteve no Brasil, atestando a lisura e confiabilidade do nosso sistema eleitoral eletronico.",17,35,116
Zeca Dirceu,@zeca_dirceu,https://twitter.com/zeca_dirceu/status/1663173951743303680,2023-05-29T13:22:25.000Z,"Defendo o direito do trabalhador ser informado pela empresa sobre os parâmetros, regras e instruções em que se baseiam os algoritmos ou sistemas de IA que afetam a tomada de decisões que podem incidir nas condições de trabalho, no acesso e manutenção do emprego.",1,13,37
Zeca Dirceu,@zeca_dirceu,https://twitter.com/zeca_dirceu/status/1663173849658081281,2023-05-29T13:22:00.000Z,"Escândalo!
Para tentar se reeleger Bolsonaro promoveu um rombo financeiro bilionário na @Caixa!
O ex-presidente usou as instituições do Estado ilegalmente e deixou o país destruído para o presidente @LulaOficial governar.",28,62,169
Zeca Dirceu,@zeca_dirceu,https://twitter.com/zeca_dirceu/status/1663165155302162433,2023-05-29T12:47:27.000Z,"As novas formas de trabalho são tema do primeiro compromisso de hoje no @Parlasul. Estamos aprofundando nossos conhecimentos sobre o trabalho em plataformas e buscando soluções para que ele seja mais justo com os trabalhadores. 
Vale a pena acompanhar:",4,7,37
Zeca Dirceu,@zeca_dirceu,https://twitter.com/zeca_dirceu/status/1663156875150368768,2023-05-29T12:14:33.000Z,"Sigo trabalhando pelo Brasil, mas hoje no Uruguai, no @PARLASUR.
Fui um dos escolhidos pelo @ptbrasil como representante do partido no parlamento do @mercosul.",2,11,44
Zeca Dirceu,@zeca_dirceu,https://twitter.com/zeca_dirceu/status/1663144319937568768,2023-05-29T11:24:40.000Z,"Junto ao presidente @LulaOficial, o ministro @wdiaspi trabalha para reduzir a pobreza extrema no país! O plano é retirar 8,5 milhões de famílias desta situação até o fim do ano com a retomada do novo Bolsa Família.",12,35,136
Zeca Dirceu,@zeca_dirceu,https://twitter.com/zeca_dirceu/status/1662840854191521792,2023-05-28T15:18:48.000Z,"As medidas para o barateamento dos carros populares já começaram a surtir efeito. Queremos um mercado de trabalho aquecido, com empregos de boa qualidade para a população!",486,288,1.833
Zeca Dirceu,@zeca_dirceu,https://twitter.com/zeca_dirceu/status/1662823023731175426,2023-05-28T14:07:57.000Z,"A última edição da Revista Focus da @fpabramo traz na capa uma discussão sobre o racismo sofrido por @vinijr. Também contribuo com um artigo sobre o Regime Fiscal Sustentável, confira:",2,14,61
Zeca Dirceu,@zeca_dirceu,https://twitter.com/zeca_dirceu/status/1662588329127211009,2023-05-27T22:35:21.000Z,"Não precisa ter pressa! 
Só siga na direção certa.",17,13,135
Zeca Dirceu,@zeca_dirceu,https://twitter.com/zeca_dirceu/status/1662480058768846850,2023-05-27T15:25:08.000Z,"Eram estes que distorciam a realidade é acusavam o PL das #fakeNews de censura.

A hipocrisia é assim, te acusa do que ele mesmo é.",3,15,89
Zeca Dirceu,@zeca_dirceu,https://twitter.com/zeca_dirceu/status/1662445181747044352,2023-05-27T13:06:32.000Z,A partir de agora você pode dizer que Brasil quer para o futuro. Conheça a plataforma e ajude a construir o país dos nossos sonhos!,8,42,102
Zeca Dirceu,@zeca_dirceu,https://twitter.com/zeca_dirceu/status/1662248504486395906,2023-05-27T00:05:01.000Z,Foi um imenso prazer reencontrar o ex-presidente do Uruguai @pepemujicacom enquanto me preparo para os compromissos do Parlasul na segunda-feira. Mujica é um exemplo de dignidade e trabalho pelo povo uruguaio. Uma referência mundial!,54,76,934
Zeca Dirceu,@zeca_dirceu,https://twitter.com/zeca_dirceu/status/1662131633867177985,2023-05-26T16:20:37.000Z,"Os ministros e ministras estão corretíssimos em defender a manutenção das atribuições das suas pastas, sempre terão nosso apoio.
Não considero uma tragédia estas mudanças, as atribuições independente de quais ministérios estiverem, estarão sempre subordinadas ao presidente Lula.",15,23,173
Zeca Dirceu,@zeca_dirceu,https://twitter.com/zeca_dirceu/status/1662104563229290500,2023-05-26T14:33:02.000Z,"É conversando que se avança! O presidente @LulaOficial, o nosso vice @geraldoalckmin  e o ministro @Haddad_Fernando estão trabalhando na criação de empregos de boa qualidade para os brasileiros.",6,24,114
Zeca Dirceu,@zeca_dirceu,https://twitter.com/zeca_dirceu/status/1661767657886998530,2023-05-25T16:14:18.000Z,"A VOLTA DOS CARROS POPULARES! 
O governo do presidente @lulaoficial anunciou a redução dos impostos em quase 11%! 
O impacto no preço dos carros populares no Brasil vai diminuir o preço ao consumidor e vai fazer a economia voltar a girar!",28,61,204
Zeca Dirceu,@zeca_dirceu,https://twitter.com/zeca_dirceu/status/1661732910167375872,2023-05-25T13:56:13.000Z,A reestruturação do Conselho Nacional de Desenvolvimento Industrial promovida pelo governo @LulaOficial é o pontapé inicial para a reindustrialização do nosso país!,6,17,54
Zeca Dirceu,@zeca_dirceu,https://twitter.com/zeca_dirceu/status/1661708896518512642,2023-05-25T12:20:48.000Z,"É hora de investigar quem agiu contra a democracia! Sem anistia!
Começa hoje a #CPMIdoGolpe, que vai investigar quem organizou, financiou e participou da tentativa de  golpe contra o Brasil e a democracia no dia 8 de janeiro.",3,33,86
Zeca Dirceu,@zeca_dirceu,https://twitter.com/zeca_dirceu/status/1661702393816313858,2023-05-25T11:54:58.000Z,"Mais dinheiro no bolso das famílias para a economia girar! Começa hoje o pagamento do 13⁰ salário dos aposentados e pensionistas do INSS. 
A antecipação programada pelo presidente @LulaOficial vai ser um importante impulso para a economia do Brasil!",6,14,65
Zeca Dirceu,@zeca_dirceu,https://twitter.com/zeca_dirceu/status/1661468401661779970,2023-05-24T20:25:10.000Z,"Há anos a @Caixa acumula um déficit de empregados que se reflete na saúde dos trabalhadores e no atendimento a população. Uma situação que já está mudando sob a presidência @ritaserranoofc, que hoje, anunciou a contratação de 800 concursados de 2014.
O Brasil está no rumo certo!",17,34,152
Zeca Dirceu,@zeca_dirceu,https://twitter.com/zeca_dirceu/status/1661464293760434180,2023-05-24T20:08:50.000Z,Os números não mentem: nos governos do presidente @LulaOficial o setor agropecuário teve muito mais apoio do Estado.,4,8,31
Zeca Dirceu,@zeca_dirceu,https://twitter.com/zeca_dirceu/status/1661450824264957952,2023-05-24T19:15:19.000Z,Importante participação do ministro @Pimenta13Br na Comissão de Comunicação explicando fake news.,35,67,299
Zeca Dirceu,@zeca_dirceu,https://twitter.com/zeca_dirceu/status/1661409579475824642,2023-05-24T16:31:25.000Z,Viu algum posto na sua cidade cobrando alto pelos combustíveis? Faça sua denúncia no site do Ministério da Justiça e participe do mutirão de fiscalização dos preços de combustíveis. Não podemos permitir esse abuso com o povo!,10,16,65
Zeca Dirceu,@zeca_dirceu,https://twitter.com/zeca_dirceu/status/1661387340508549123,2023-05-24T15:03:03.000Z,"Cuidado das nossas crianças e jovens
O Governo Federal, com os estados e municípios, está junto protegendo os caminhos de nossas crianças e jovens, com investimentos e ações que reforçam a segurança, a infraestrutura e o cuidado na escola. #brasilunidopelapaz #escolasegura",4,6,47
Zeca Dirceu,@zeca_dirceu,https://twitter.com/zeca_dirceu/status/1661362114680766465,2023-05-24T13:22:49.000Z,"GASOLINA E DIESEL BAIXARAM! Mesmo assim alguns postos não estão cobrando o preço justo para o povo. Desde o lançamento do programa de fiscalização do Ministério da Justiça, mais de mil denúncias foram feitas. Se identificar irregularidades, denuncie!",7,45,111
Zeca Dirceu,@zeca_dirceu,https://twitter.com/zeca_dirceu/status/1661198521062551553,2023-05-24T02:32:45.000Z,"A aprovação do Regime Fiscal Sustentável não é uma vitória somente do governo Lula, mas de todos os brasileiros que poderão  contar com a garantia de mais investimento nos programas sociais, obras públicas e o auxílio do Estado.",64,90,448
Zeca Dirceu,@zeca_dirceu,https://twitter.com/zeca_dirceu/status/1661072368884695042,2023-05-23T18:11:28.000Z,"O presidente @LulaOficial investiu muito mais na agricultura do que Bolsonaro!
Houve uma queda de 50% na subvenção da agricultura brasileira comparando os dois presidentes, segundo a OCDE. Os dados podem ser aferidos em https://stats.oecd.orgNão à CPI do ódio!",8,71,253
Zeca Dirceu,@zeca_dirceu,https://twitter.com/zeca_dirceu/status/1661071334732881921,2023-05-23T18:07:22.000Z,"Nos primeiros 2 governos do presidente @LulaOficial, produzia-se mais desmatando menos: em 8 safras de grãos, ocorreu a incorporação de 2.4 milhões de hectares. 
Já no governo Bolsonaro, em 3 safras, houve a incorporação de 7.9 milhões de hectares. 
São 3.3 vezes mais!",2,14,43
Zeca Dirceu,@zeca_dirceu,https://twitter.com/zeca_dirceu/status/1661070420324261890,2023-05-23T18:03:44.000Z,"O governo do presidente @LulaOficial foi o que mais investiu no agronegócio.
Entre 2003 e 2010 - 1º e 2º mandatos do presidente Lula - o PIB da agropecuária cresceu a taxa média de 3.4% ao ano.
Sob Bolsonaro, a taxa média foi de 1.3% ao ano. 
Não a CPI do ódio!",3,29,79
Zeca Dirceu,@zeca_dirceu,https://twitter.com/zeca_dirceu/status/1661069680667246594,2023-05-23T18:00:47.000Z,"Uma CPI do ódio em nada ajuda o Brasil!
A agricultura familiar e o agronegócio podem conviver pacificamente e @LulaOficial foi o presidente que mais apoiou ambos setores.
O agronegócio sempre teve respeito da nossa parte e a propriedade privada sempre foi e será respeitada!",11,24,103
Zeca Dirceu,@zeca_dirceu,https://twitter.com/zeca_dirceu/status/1661050234686849024,2023-05-23T16:43:31.000Z,"#ViniciusJr 

Junto com a deputada @todandara, nossa bancada apresentou uma moção de solidariedade da câmara dos deputados, em apoio ao jogador @vinijr.

Neste instante apresento a proposta no colégio de líderes, abaixo a todas formas de racismo!",3,8,53
Zeca Dirceu,@zeca_dirceu,https://twitter.com/zeca_dirceu/status/1661042996660322310,2023-05-23T16:14:45.000Z,"A violência nas escolas é grave e preocupa a todos nós! 
O governo @LulaOficial criou um canal de denúncias para conteúdo impróprio no ambiente escolar e nas redes: http://mj.gov.br/EscolaSegura",3,29,88
Zeca Dirceu,@zeca_dirceu,https://twitter.com/zeca_dirceu/status/1661002362964836355,2023-05-23T13:33:17.000Z,"Mais da metade dos brasileiros (54,1%) aprova o governo Lula, segundo pesquisa divulgada pela Paraná Pesquisas hoje. 
Isso mostra que mesmo quem não votou no PT nas últimas eleições já viu a melhoria na condição de vida, e descobriu que nosso governo é para todos!",32,65,309
Zeca Dirceu,@zeca_dirceu,https://twitter.com/zeca_dirceu/status/1660991776901955585,2023-05-23T12:51:14.000Z,Começamos o dia com a divulgação de uma 'queda brusca' dos índices de desmatamento da Amazônia. Foi uma redução de 36% no primeiro quadrimestre deste ano em relação aos dois anos anteriores.,6,22,120
Zeca Dirceu,@zeca_dirceu,https://twitter.com/zeca_dirceu/status/1660744042920005656,2023-05-22T20:26:49.000Z,"Estamos trabalhando com os líderes dos partidos e com o relator do Regime Fiscal Sustentável para que o Fundeb siga fora das travas, assim como @Haddad_Fernando determinou no texto original. Acreditamos que conseguiremos aprovar esse consenso pelo bem do Brasil!",3,46,272
Zeca Dirceu,@zeca_dirceu,https://twitter.com/zeca_dirceu/status/1660689465029869574,2023-05-22T16:49:57.000Z,"Somente para o meu estado, Paraná, serão destinadas 327 vagas para profissionais contratados pelo Mais Médicos!",2,35,153
Zeca Dirceu,@zeca_dirceu,https://twitter.com/zeca_dirceu/status/1660666440146472960,2023-05-22T15:18:27.000Z,"Isenção de imposto pra quem gera emprego para os brasileiros e pra quem garante o desenvolvimento do Brasil: isso é justiça tributária. Estamos juntos, ministro @Haddad_Fernando !",7,46,141
Zeca Dirceu,@zeca_dirceu,https://twitter.com/zeca_dirceu/status/1660663776679526405,2023-05-22T15:07:52.000Z,"O nosso desejo a plena recuperação do prefeito de Umuarama, Hermes Pimentel, diagnosticado com covid, mas que está trabalhando em casa, com sintonas leves sem qualquer tipo de risco.",4,6,54
Zeca Dirceu,@zeca_dirceu,https://twitter.com/zeca_dirceu/status/1660432045691027457,2023-05-21T23:47:03.000Z,"Em sua declaração à imprensa o presidente @LulaOficial falou sobre os temas mais importantes para o futuro do mundo. E ele escolheu acolher @vinijr e denunciar o racismo para começá-la. Lula luta pela humanidade, é um estadista!",33,111,597
Zeca Dirceu,@zeca_dirceu,https://twitter.com/zeca_dirceu/status/1660410664127479808,2023-05-21T22:22:05.000Z,"Toda a minha solidariedade ao @vinijr . São absolutamente inaceitáveis os sistemáticos ataques racistas que o jogador brasileiro vem sofrendo. 
A bancada @PTnaCamara e o governo brasileiro te abraçam nesse momento!",4,21,148
Zeca Dirceu,@zeca_dirceu,https://twitter.com/zeca_dirceu/status/1660318698916257792,2023-05-21T16:16:39.000Z,"O marreco de Maringá fez pronunciamento em um evento este fim‑de‑semana ao lado do deputado cassado, tremia muito, microfone quase caiu no chão duas vezes.

E o covarde disse que não vai criticar a decisão judicial, do que será ele tem tanto medo?",66,86,378
Zeca Dirceu,@zeca_dirceu,https://twitter.com/zeca_dirceu/status/1660298323243290633,2023-05-21T14:55:41.000Z,"É só o Lula viajar que o Brasil fica mais rico, agora é o Japão que anuncia investimentos aqui, 1 bilhão para a saúde. 
O outro viajava, o Brasil ficava mais pobre e ele cada vez mais rico.
Por isto faço o L",217,223,903
Zeca Dirceu,@zeca_dirceu,https://twitter.com/zeca_dirceu/status/1660285059549609984,2023-05-21T14:02:59.000Z,"""Acuse-os dos crimes que você comete"".

 Parece que a CPI do MST, que tenta criminalizar um movimento social que luta por reforma agrária, é bancada por grileiros, desmatadores e contrabandistas de ouro. Por que será?",41,116,329
Zeca Dirceu,@zeca_dirceu,https://twitter.com/zeca_dirceu/status/1660283159697580032,2023-05-21T13:55:26.000Z,"Mais um fruto das reuniões bilaterais feitas pelo presidente @LulaOficial na cúpula do G7: a abertura de novos mercados aos nossos profissionais. 
A competência dos nossos enfermeiros e enfermeiras
sendo reconhecida internacionalmente!",22,57,239
Zeca Dirceu,@zeca_dirceu,https://twitter.com/zeca_dirceu/status/1660235411090751490,2023-05-21T10:45:42.000Z,"Ampére é um municipio diferenciado para meu mandato, não só porque fui o deputado mais votado, mas também porque fica muito longe da minha cidade. Me acolheram, já são 13 anos de uma relação de muito resultado, obras e investimentos!",28,38,275
Zeca Dirceu,@zeca_dirceu,https://twitter.com/zeca_dirceu/status/1660037453401538560,2023-05-20T21:39:05.000Z,O presidente @LulaOficial é reconhecido pelos seus esforços para garantir segurança alimentar aos brasileiros. Fome Zero e Bolsa Família são programas reconhecidos mundialmente e poodem colaborar com essa meta!,12,70,286
Zeca Dirceu,@zeca_dirceu,https://twitter.com/zeca_dirceu/status/1659945982132404227,2023-05-20T15:35:37.000Z,"Todo meu apoio às Universidades Estaduais do Paraná e aos professores e professoras! 

A educação deve ser nossa grande prioridade! 📚",13,57,234
Zeca Dirceu,@zeca_dirceu,https://twitter.com/zeca_dirceu/status/1659931127304298497,2023-05-20T14:36:35.000Z,Em apenas um dia o presidente @LulaOficial conversou com líderes de diversos países. Que venham muitos bons acordos!,15,54,208
Zeca Dirceu,@zeca_dirceu,https://twitter.com/zeca_dirceu/status/1659927536556441601,2023-05-20T14:22:19.000Z,"O encontro do presidente Lula com o primeiro-ministro do Japão, Fumio Kishida, durante a cúpula do G7 rendeu duas promessa importantes para o Brasil:  a isenção de visto para brasileiros e um empréstimo de R$ 1,09 bi. 
Foi para voltar ao cenário internacional que fizemos o L!",18,63,237
Zeca Dirceu,@zeca_dirceu,https://twitter.com/zeca_dirceu/status/1659917116244385793,2023-05-20T13:40:54.000Z,O discurso do presidente Lula no encontro do G7 traz uma mensagem da necessidade de união entre os países para refrear os efeitos do aquecimento global para proteger a humanidade.,3,35,143
Zeca Dirceu,@zeca_dirceu,https://twitter.com/zeca_dirceu/status/1659599516281061393,2023-05-19T16:38:53.000Z,"A CPI do MST não pode virar a CPI do ódio. Não pode se tornar instrumento de perseguição e criminalização do principal movimento de luta por reforma agrária do País. 
O MST vem mostrando que produz alimentos de qualidade, desenvolve tecnologia, gera renda e protege a natureza.",31,69,268
Zeca Dirceu,@zeca_dirceu,https://twitter.com/zeca_dirceu/status/1659555387547299840,2023-05-19T13:43:32.000Z,"A ida do presidente Lula ao G7 mostra a retomada da importância do nosso País no cenário mundial.
Em Hiroshima, representantes dos países mais industrializados do mundo aguardam a colaboração do nosso presidente para decisões que impactarão o futuro de todos.🎥 Audiovisual/PR",30,97,306
Zeca Dirceu,@zeca_dirceu,https://twitter.com/zeca_dirceu/status/1659546477901824001,2023-05-19T13:08:07.000Z,É uma satisfação saber que a queda do preço dos combustíveis chegou ao consumidor.,4,13,59
Zeca Dirceu,@zeca_dirceu,https://twitter.com/zeca_dirceu/status/1659533612562149376,2023-05-19T12:17:00.000Z,"O governo Lula fará com que a redução do preço dos combustíveis, anunciada pela @petrobras, chegue às bombas de combustível. 
A #SENACON, do @JusticaGovBR, está coordenando um mutirão de fiscalização de preços nos postos de todo o País.",13,40,160
Zeca Dirceu,@zeca_dirceu,https://twitter.com/zeca_dirceu/status/1659530419384078343,2023-05-19T12:04:19.000Z,A luta contra a violência sexual contra crianças e adolescentes não se encerra no dia 18 de maio. O governo Lula instituiu hoje uma comissão intersetorial que vai elaborar estratégias para esse combate permanente.,3,18,81
Zeca Dirceu,@zeca_dirceu,https://twitter.com/zeca_dirceu/status/1659292902080540683,2023-05-18T20:20:30.000Z,"Gostei muito de ser entrevistado por @blogdosakamoto @fabiolacidral e @deysicioccari para o @UOLNoticias hoje de manhã.
Falamos sobre tudo, da anistia aos partidos políticos até as Emendas, passando pelo Marco Fiscal Sustentável e mais.",7,12,42
Zeca Dirceu,@zeca_dirceu,https://twitter.com/zeca_dirceu/status/1659290061693677583,2023-05-18T20:09:13.000Z,"Hoje é dia de Combate à Exploração Sexual de Crianças e Adolescentes.
Fui presenteado com um botton da campanha pela vice-líder do governo na Câmara, @anapaulalimapt e reafirmei meu compromisso com essa luta fundamental para o Brasil. #MaioLaranja",4,12,83
Zeca Dirceu,@zeca_dirceu,https://twitter.com/zeca_dirceu/status/1659221270137798663,2023-05-18T15:35:52.000Z,"Nos bastidores de Brasília, circula a informação que o Marreco de maringá cogita a renúncia e ir embora do Brasil, vai tarde!

Entretanto, não permitiremos que isto implique em não responder pelos crimes cometidos, queremos rigor da lei, até porque existe um conjunto de provas.",93,173,779
Zeca Dirceu,@zeca_dirceu,https://twitter.com/zeca_dirceu/status/1659207454318821376,2023-05-18T14:40:58.000Z,"O presidente Lula governou o Brasil por 8 anos sem teto de gastos ou barreiras fiscais. Ainda assim, garantiu superávit e enormes reservas internacionais. 
O regime fiscal sustentável vai garantir equilíbrio entre os investimentos necessários e a estabilidade do Estado.",18,41,154
Zeca Dirceu,@zeca_dirceu,https://twitter.com/zeca_dirceu/status/1659203362808827907,2023-05-18T14:24:42.000Z,"Ainda que atrasado, parabenizo o prefeito @RafaelGreca pelo cumprimento da lei ao vetar o título de cidadão honorário a Olavo de Carvalho. 
Muitas personalidades de outros locais engrandeceram a capital do Paraná com trabalho e arte. Não é o caso do citado senhor terraplanista.",3,10,69
Zeca Dirceu,@zeca_dirceu,https://twitter.com/zeca_dirceu/status/1658993520693108746,2023-05-18T00:30:52.000Z,"Mais uma conquista! Aprovado na Câmara dos Deputados o Projeto de Lei 6385/2016, que define os Correios como instituição prioritária para contratação de serviços postais órgãos públicos federais da Administração Direta e Indireta.",15,44,204
Zeca Dirceu,@zeca_dirceu,https://twitter.com/zeca_dirceu/status/1658957629752766468,2023-05-17T22:08:15.000Z,"Grande vitória!
Por 367 votos a 102 foi aprovada a urgência para a votação do Regime Fiscal Sustentável.
A votação mostra que a maior parte da Câmara dos Deputados está comprometida com o futuro do Brasil!",10,45,250
Zeca Dirceu,@zeca_dirceu,https://twitter.com/zeca_dirceu/status/1658939025892208642,2023-05-17T20:54:20.000Z,"Integrantes da CPI dos Jogos/Apostas pela Federação Brasil da Esperança:

Titulares:@AlencarBraga13@heldersalomao@kikoceleguim@DeputadoQuaqua@DeputadoBacelarSuplentes:@ptalfredinho@denisespessoa@dilvandafaroPT@Reimont@Alice_Portugal",7,21,55
Zeca Dirceu,@zeca_dirceu,https://twitter.com/zeca_dirceu/status/1658907505215381566,2023-05-17T18:49:04.000Z,Às 16h30 estarei no Salão Verde da Câmara para anunciar os integrantes da Federação Brasil da Esperança que integrarão a CPI dos Jogos/ Apostas.,2,9,46
Zeca Dirceu,@zeca_dirceu,https://twitter.com/zeca_dirceu/status/1658862761873424387,2023-05-17T15:51:17.000Z,"Confirmei os nomes que representarão a Federação Brasil da Esperança na CPI do MST. 
Como titulares estarão:@dep_padrejoao@NiltoTatto@DepValmir@paulaodopt 
E os suplentes serão:@gleisi@depjoaodanielpt@deputadomarcon@camilajarams",10,40,135
Zeca Dirceu,@zeca_dirceu,https://twitter.com/zeca_dirceu/status/1658852858320617478,2023-05-17T15:11:56.000Z,Em alguns instantes anunciarei os integrantes da Federação Brasil da Esperança que nos representarão na CPI do MST.,2,8,65
Zeca Dirceu,@zeca_dirceu,https://twitter.com/zeca_dirceu/status/1658805791657275396,2023-05-17T12:04:54.000Z,"Hoje o presidente @LulaOficial e o ministro @Haddad_Fernando embarcam para representar o Brasil na reunião do G7 no Japão. Um convite feito ao nosso país após 14 anos da última participação.
Mais uma vez Lula coloca o Brasil no topo das principais decisões globais.",9,26,128
Zeca Dirceu,@zeca_dirceu,https://twitter.com/zeca_dirceu/status/1658683866742177794,2023-05-17T04:00:25.000Z,"A Globo noticiando que caiu preço da gasolina

A Globo noticiando que caiu preço do diesel

A Globo noticiando que caiu preço do gás de cozinha 

E por fim, e ainda muito melhor, a Globo noticiando que caiu o mandato Deltan!",73,217,1.155
Zeca Dirceu,@zeca_dirceu,https://twitter.com/zeca_dirceu/status/1658635124534026241,2023-05-17T00:46:44.000Z,"Grande dia!!!

Redução preço dos combustíveis 
Aumento da aprovação de Lula
Avança regime fiscal sustentável 
Bolsonaro se enrola na PF

Para fechar com chave de ouro:
DELTAN CASSADO NO TSE!!!",42,89,458
Zeca Dirceu,@zeca_dirceu,https://twitter.com/zeca_dirceu/status/1658632050616795136,2023-05-17T00:34:31.000Z,Cassado! O ponto alto do mandato de Deltan na Câmara foi ser desmontado com uma aula do Flávio Dino.,61,226,1.149
Zeca Dirceu,@zeca_dirceu,https://twitter.com/zeca_dirceu/status/1658623841474600961,2023-05-17T00:01:54.000Z,"Ninguém está acima da lei: Justiça determina, por unanimidade, a cassação de Deltan Dalagnol com base em denúncia por burlar a Lei Ficha Limpa!",53,118,729
Zeca Dirceu,@zeca_dirceu,https://twitter.com/zeca_dirceu/status/1658539334931210256,2023-05-16T18:26:06.000Z,"A aprovação do presidente Lula vem crescendo, uma consequência da opção de governar para todos os brasileiros e brasileiras.",12,30,147
Zeca Dirceu,@zeca_dirceu,https://twitter.com/zeca_dirceu/status/1658508655677915136,2023-05-16T16:24:11.000Z,Às 18h estarei na @GloboNews debatendo o novo regime fiscal sustentável.,6,16,95
Zeca Dirceu,@zeca_dirceu,https://twitter.com/zeca_dirceu/status/1658503445656088578,2023-05-16T16:03:29.000Z,"Hoje o Brasil comemora 11 anos da lei que garantiu transparência aos gastos e ações do governo. A Lei de Acesso à Informação melhora a democracia, possibilitando que erros sejam apontados pela imprensa e pela população, e que sejam corrigidos pelos governantes.",2,19,77
Zeca Dirceu,@zeca_dirceu,https://twitter.com/zeca_dirceu/status/1658486513775316994,2023-05-16T14:56:12.000Z,"A Petrobras a serviço do Brasil!

Gasolina: saiu de R$ 3,18 para R$ 2,78
Diesel: de R$ 3,46 para R$ 3,02
Gás (GLP): de R$ 3,2256 para R$ 2,5356",35,75,414
Zeca Dirceu,@zeca_dirceu,https://twitter.com/zeca_dirceu/status/1658427201891475457,2023-05-16T11:00:31.000Z,"Mais uma notícia de desperdício do dinheiro público: gestão Bolsonaro usou R$3,8 bilhões do orçamento público em pagamentos ilegais no Auxílio Brasil. Para tentar capturar o Estado e se reeleger essa família não mediu nenhum limite!",9,38,119
Zeca Dirceu,@zeca_dirceu,https://twitter.com/zeca_dirceu/status/1658424475543642112,2023-05-16T10:49:41.000Z,"É certo que a carne nunca foi tão cara quanto no governo Bolsonaro, mas pagar R$ 260 no quilo do pescoço de frango é um escárnio!
O pior é que mesmo com valor, os indígenas que deveriam ser beneficiados estavam à míngua na Amazônia quando o governo Lula assumiu.",23,74,231
Zeca Dirceu,@zeca_dirceu,https://twitter.com/zeca_dirceu/status/1658279928494735360,2023-05-16T01:15:18.000Z,"Dia de muito trabalho, das 6hs até as 22hs, mas foi produtivo.

Brasil finalmente terá um regime fiscal responsável, com travas, mas também com flexibilidade para manter gastos sociais e investimento, como também para reagir em momentos de crise.",9,24,185
Zeca Dirceu,@zeca_dirceu,https://twitter.com/zeca_dirceu/status/1658178729598672904,2023-05-15T18:33:11.000Z,"Dinheiro vivo do ajudante de ordens Cid, cheques de Queiroz, celular pra driblar grampo e sigilo nas ações do governo: a história da família Bolsonaro parece mais um seriado sobre a máfia!",26,27,111
Zeca Dirceu,@zeca_dirceu,https://twitter.com/zeca_dirceu/status/1658148433671204877,2023-05-15T16:32:48.000Z,"A política de juros do Banco Central impacta diretamente na vida dos brasileiros, como noticiou  hoje o @Estadao. A matéria mostra que a intenção de compra de imóvel chegou ao menor nível em 3 anos. O Brasil elegeu Lula e a sua política econômica, chega de 13,75% de taxa selic!",5,19,58
Zeca Dirceu,@zeca_dirceu,https://twitter.com/zeca_dirceu/status/1658144949014081537,2023-05-15T16:18:57.000Z,O Orçamento Participativo coloca o cidadão no centro das escolhas políticas. Uma experiência que promovi em meus dois mandatos como prefeito e que foi extremamente positiva!,3,13,56
Zeca Dirceu,@zeca_dirceu,https://twitter.com/zeca_dirceu/status/1658110646888587268,2023-05-15T14:02:39.000Z,"A nova linha de financiamento gera energia, emprego e pavimenta o futuro do país como expoente da economia verde!",4,11,49
Zeca Dirceu,@zeca_dirceu,https://twitter.com/zeca_dirceu/status/1658094189454688256,2023-05-15T12:57:15.000Z,"Ao lado de Hermes Pimentel, prefeito de Umuarama e vereadores e secretários da cidade. 
Seguimos rumo a Brasília para mais uma semana intensa de trabalho!",8,8,107
Zeca Dirceu,@zeca_dirceu,https://twitter.com/zeca_dirceu/status/1658084576403529728,2023-05-15T12:19:03.000Z,"Começo a semana parabenizando o exemplo dos organizadores da 4ª Feira Nacional da Reforma Agrária. Após os 4 dias de vendas, 38 toneladas de alimentos foram abençoados por @pejulio e @sheikhrodrigo e distribuídas para entidades assistenciais. Que essa inciativa se multiplique!",9,26,97
Zeca Dirceu,@zeca_dirceu,https://twitter.com/zeca_dirceu/status/1657790345025839106,2023-05-14T16:49:53.000Z,"Felicidade em dose dupla, comemorando dia das mães e também da padroeira de Cruzeiro do Oeste. Paz e bem! 
Beijo no coração de todas mães.",26,29,498
Zeca Dirceu,@zeca_dirceu,https://twitter.com/zeca_dirceu/status/1657027000194805763,2023-05-12T14:16:37.000Z,"Fui prefeito por dois mandatos (2005-2010) em Cruzeiro do Oeste, no Paraná, e os moradores da cidade apontaram as prioridades em todas as áreas do serviço público. 
Algumas vezes, os gestores pretendem construir um equipamento urbano e os moradores querem outro.",8,31,83
Zeca Dirceu,@zeca_dirceu,https://twitter.com/zeca_dirceu/status/1656985859294482435,2023-05-12T11:33:08.000Z,Aproveito a notícia para deixar meu abraço a todos e todas as profissionais de enfermagem pelo seu dia!,10,26,115
Zeca Dirceu,@zeca_dirceu,https://twitter.com/zeca_dirceu/status/1656984581575258113,2023-05-12T11:28:04.000Z,"Com o Bolsa Família de R$ 600,00, a desigualdade social retrocedeu aos níveis de 2012.
Medidas como o investimento de R$ 3,86 bi em Cultura, a recomposição do orçamento da Educação e a retomada de obras paradas, o Brasil voltará a crescer e se desenvolver.",16,30,138
Zeca Dirceu,@zeca_dirceu,https://twitter.com/zeca_dirceu/status/1656982032486998019,2023-05-12T11:17:56.000Z,Hoje o ministro @silviolual assinará junto aos países do Mercosul a Declaração por uma Cultura de Paz e Democracia e de Combate a Expressões e Discursos de Ódio. O documento sinaliza um avanço necessário para um presente justo e um futuro de paz!,10,42,131
Zeca Dirceu,@zeca_dirceu,https://twitter.com/zeca_dirceu/status/1656979252447772675,2023-05-12T11:06:53.000Z,"Após duras batalhas no Congresso Nacional e articulações políticas em todos as esferas, o governo Lula conseguiu garantir o Piso Salarial da Enfermagem. Essa sanção é uma vitória para uma categoria profissional que trabalha pela saúde de todo o Brasil!",36,94,322
Zeca Dirceu,@zeca_dirceu,https://twitter.com/zeca_dirceu/status/1656828076985122817,2023-05-12T01:06:10.000Z,A entrega do relatório do arcabouço fiscal está próxima. O importante é que o projeto seja justo e contenha uma regra que permita que o Brasil cresça e se desenvolva.,22,61,311
Zeca Dirceu,@zeca_dirceu,https://twitter.com/zeca_dirceu/status/1656791263268544521,2023-05-11T22:39:53.000Z,"A organização dos trabalhadores em sindicatos e centrais sindicais é muito importante na luta por melhores salários, na luta contra a precarização e a uberização do trabalho e na luta por um Brasil mais justo para todos. Parabéns a @CUT_Brasil pelos seus 40 anos de luta.",7,19,72
Zeca Dirceu,@zeca_dirceu,https://twitter.com/zeca_dirceu/status/1656779904069795840,2023-05-11T21:54:45.000Z,"É com muito orgulho que informo que o presidente Lula regulamentou a Lei Paulo Gustavo. A lei vai garantir ao setor o investimento de R$ 3,8 bilhões em projetos para todo o país. Segundo estudo da FGV, cada R$ 1 investido em cultura pode gerar um retorno de R$ 1,67 na economia.",13,76,319
Zeca Dirceu,@zeca_dirceu,https://twitter.com/zeca_dirceu/status/1656744262950613004,2023-05-11T19:33:07.000Z,"O arcabouço fiscal, a inflação, a retomada das obras, a educação e outros assuntos importantes para o estado serão pautados independentemente da temperatura política. O Brasil precisa avançar!",23,59,211
Zeca Dirceu,@zeca_dirceu,https://twitter.com/zeca_dirceu/status/1656691331803107328,2023-05-11T16:02:47.000Z,"Em consenso, a Federação Brasil da Esperança escolheu as deputadas e deputados que atuarão na CPI do Golpe. Estamos certos que a conta vai chegar para os que participaram dessa intentona contra a democracia.",17,30,112
Zeca Dirceu,@zeca_dirceu,https://twitter.com/zeca_dirceu/status/1656672549017907200,2023-05-11T14:48:09.000Z,"O botijão de gás vai ficar R$ 15 mais barato!
O litro da gasolina vai ficar R$ 0,30 mais barato!
A Petrobras é do povo brasileiro e, no governo Lula,  trabalha para os seus donos. 
Faz o L!",129,297,1.093
Zeca Dirceu,@zeca_dirceu,https://twitter.com/zeca_dirceu/status/1656617922591072256,2023-05-11T11:11:05.000Z,"Com o ministro @FlavioDino, a Polícia Federal vem atuando de maneira independente e assertiva. O Paraná e o Brasil agradecem.",12,45,285
Zeca Dirceu,@zeca_dirceu,https://twitter.com/zeca_dirceu/status/1656397710356799488,2023-05-10T20:36:03.000Z,O presidente @LulaOficial está devolvendo ao povo os símbolos da nossa democracia!,16,65,315
Zeca Dirceu,@zeca_dirceu,https://twitter.com/zeca_dirceu/status/1656394933891112960,2023-05-10T20:25:01.000Z,"É hoje!
Estarei no Programa do Bial debatendo os rumos do País. 
A Conversa com Bial vai ao ar após o Jornal da Globo, por volta da 1h25.",12,7,50
Zeca Dirceu,@zeca_dirceu,https://twitter.com/zeca_dirceu/status/1656365634819616776,2023-05-10T18:28:35.000Z,"Correta e eficiente a ação do Supremo Tribunal Federal em relação ao Telegram. 
Nenhuma empresa, nacional ou estrangeira, pode disparar mentiras que coloquem em risco a democracia e o povo brasileiro. O Projeto de Lei das Fake News é de interesse de Estado e da nossa sociedade.",59,86,314
Zeca Dirceu,@zeca_dirceu,https://twitter.com/zeca_dirceu/status/1656300011636903936,2023-05-10T14:07:49.000Z,"O cerco está se fechando contra os extremistas de direita em todo o mundo. É preciso sepultar de vez esse jeito de fazer política incentivando o ódio, instrumentalizando a fé e mentindo descaradamente.",16,27,137
Zeca Dirceu,@zeca_dirceu,https://twitter.com/zeca_dirceu/status/1656053092536795143,2023-05-09T21:46:39.000Z,"O dia vai chegando ao fim com mais uma importante notícia do governo: o fim dos impostos sobre 564 máquinas e equipamentos. 
Isso fortalecerá a nossa indústria e possibilitará investimentos na ordem de 800 milhões de dólares no país, colaborando a geração de riqueza e empregos!",10,34,127
Zeca Dirceu,@zeca_dirceu,https://twitter.com/zeca_dirceu/status/1656032272452124674,2023-05-09T20:23:56.000Z,"O Tribunal Superior Eleitoral acaba de condenar Flávio Bolsonaro e Rômulo Quintino por associar o presidente Lula ao diabo. Enfrentamos uma campanha sórdida, com mentiras e crimes, mas vencemos. E seguiremos vencendo porque estamos ao lado da verdade e da justiça.",18,73,295
Zeca Dirceu,@zeca_dirceu,https://twitter.com/zeca_dirceu/status/1656029883066187779,2023-05-09T20:14:26.000Z,Governo @LulaOficial declara luto de 3 dias pelo falecimento de Rita Lee. Uma homenagem merecida a essa artista multitalentosa que jamais será esquecida.,3,34,252
Zeca Dirceu,@zeca_dirceu,https://twitter.com/zeca_dirceu/status/1656028376769896452,2023-05-09T20:08:27.000Z,Manifesto meu profundo pesar pela morte do ex-deputado federal David Miranda. Um excelente parlamentar e companheiro na luta em defesa da democracia e dos setores excluídos da sociedade. Abraço fraternalmente seu marido e seus filhos.,3,12,121
Zeca Dirceu,@zeca_dirceu,https://twitter.com/zeca_dirceu/status/1656008715579924491,2023-05-09T18:50:19.000Z,"O Telegram está espalhando uma mensagem mentirosa sobre o Projeto de Lei das Fake News. Por coincidência, o aplicativo foi suspenso na semana passada por proteger criminosos que propagam nazismo. 
Essa atitude desleal só mostra a importância de aprovarmos logo a regulamentação.",67,127,392
Zeca Dirceu,@zeca_dirceu,https://twitter.com/zeca_dirceu/status/1655986810152009728,2023-05-09T17:23:16.000Z,"O ministro @FlavioDino também é juiz, mas ao contrário de outros, jamais teve uma sentença anulada.",60,148,716
Zeca Dirceu,@zeca_dirceu,https://twitter.com/zeca_dirceu/status/1655965229640216576,2023-05-09T15:57:31.000Z,"Seu trabalho nos enche de orgulho, Anne! Estamos juntos pelos direitos das mulheres.",0,4,42
Zeca Dirceu,@zeca_dirceu,https://twitter.com/zeca_dirceu/status/1655941643953131522,2023-05-09T14:23:48.000Z,"Hoje perdemos a rainha do rock brasileiro, faleceu Rita Lee. 
Seu talento como cantora e compositora fez dela uma das maiores artistas da história do Brasil e sua partida deixa um vazio imensurável na culturado país.
Rita Lee, o Brasil sempre terá mania de você!",2,23,138
Zeca Dirceu,@zeca_dirceu,https://twitter.com/zeca_dirceu/status/1655935965792440323,2023-05-09T14:01:14.000Z,Daqui a pouco Dino terá que despachar da Câmara. Incrível como os bolsonaristas gostam da sua presença. Deve ser porque a cada vinda do ministro eles recebem uma aula!,19,60,298
Zeca Dirceu,@zeca_dirceu,https://twitter.com/zeca_dirceu/status/1655926584212172800,2023-05-09T13:23:57.000Z,"O Brasil deixou de ser um pária internacional e voltou a operar grandes mercados, ampliando as exportações agropecuárias para países que sofriam todo tipo de estigma por posições equivocadas do governo anterior!
Em 120 dias de governo, 18 novos mercados foram conquistados.",12,28,100
Zeca Dirceu,@zeca_dirceu,https://twitter.com/zeca_dirceu/status/1655924822625382400,2023-05-09T13:16:57.000Z,"O aumento na faixa de isenção do Imposto de Renda para quem ganha até R$ 2.640, injetará R$ 6,7 bi na economia. Cálculos do governo mostram que a nova faixa vai beneficiar, direta ou indiretamente, mais de 13 milhões de brasileiros e brasileiras.",5,14,65
Zeca Dirceu,@zeca_dirceu,https://twitter.com/zeca_dirceu/status/1655904811202617346,2023-05-09T11:57:26.000Z,"Eduardo tinha 18 anos, começou a trabalhar cedo.
Decidiu ser entregador de aplicativo, durante 5 anos trabalhou em média 15 horas por dia.
Em uma noite fria, teve um acidente trabalhando, quebrou a coluna e ficou aos 23 anos paralítico, sem direitos!
Assim são os aplicativos!",18,97,283
Zeca Dirceu,@zeca_dirceu,https://twitter.com/zeca_dirceu/status/1655677064287068162,2023-05-08T20:52:27.000Z,"O presidente @Lula anunciou uma série de medidas para a agricultura. Do pequeno produtor ao agronegócio, o setor é prioridade do governo.  
Serão R$ 5 bilhões de créditos à cooperativas, mais R$ 200 milhões ao Plano Safra e R$ 500 milhões ao programa de reforma agrária.",12,92,317
Zeca Dirceu,@zeca_dirceu,https://twitter.com/zeca_dirceu/status/1655675364754980864,2023-05-08T20:45:42.000Z,"A renovação da licença ambiental do IAT é mais um passo na retomada da construção da sede da @unila  em Foz do Iguaçu! Conversamos com o presidente @LulaOficial , @enioverri e @CamiloSantanaCE  para formalizar um convênio e retomar as obras paralisadas desde 2014.",3,21,104
Zeca Dirceu,@zeca_dirceu,https://twitter.com/zeca_dirceu/status/1655652442367746053,2023-05-08T19:14:37.000Z,"Você conhece esse cenário?
Então acompanhe nas redes que em breve conto onde estarei amanhã após o Jornal da Globo (ops!)",4,11,55
Zeca Dirceu,@zeca_dirceu,https://twitter.com/zeca_dirceu/status/1655605013274673156,2023-05-08T16:06:09.000Z,"Na retomada do Programa Brasil Sorridente, são 3.685 novas equipes de saúde bucal e 630 novos serviços e unidades de atendimento. Mais de 10 milhões de brasileiros que não tinham acesso a esse cuidado passam a ser beneficiados, totalizando 111,6 milhões de pessoas cobertas.",8,26,110
Zeca Dirceu,@zeca_dirceu,https://twitter.com/zeca_dirceu/status/1655599579176345601,2023-05-08T15:44:33.000Z,"Cuidar da saúde bucal da população é proporcionar qualidade de vida e autoestima. Durante minha gestão de prefeito em Cruzeiro do Oeste, fui premiado em 2009, com a melhor saúde bucal do Paraná, entre os municípios até 20 mil habitantes e reconhecido como a 4ª melhor do Brasil.",6,12,64
Zeca Dirceu,@zeca_dirceu,https://twitter.com/zeca_dirceu/status/1655598835081658371,2023-05-08T15:41:36.000Z,"Que ótima notícia! O presidente @LulaOficial  está trazendo de volta o programa Brasil Sorridente, que é uma política de saúde bucal muito importante. Isso é uma grande conquista que traz mais dignidade para a vida das pessoas.",4,42,185
Zeca Dirceu,@zeca_dirceu,https://twitter.com/zeca_dirceu/status/1655349562070925315,2023-05-07T23:11:05.000Z,A pandemia de covid-19 já não é mais uma emergência internacional. Mas é preciso seguir cuidando da saúde. Vacine-se!,67,115,898
Zeca Dirceu,@zeca_dirceu,https://twitter.com/zeca_dirceu/status/1655348752448716800,2023-05-07T23:07:52.000Z,"É uma alegria sem par receber da ministra da Saúde, a notícia de que a pandemia de covid- 19 já não é mais uma emergência internacional. Seguiremos relembrando as 700 mil vidas perdidas, mas mirando um horizonte de respeito à ciência e fortalecimento do SUS.",19,34,338
Zeca Dirceu,@zeca_dirceu,https://twitter.com/zeca_dirceu/status/1654846179862011906,2023-05-06T13:50:49.000Z,"Bolsonaro  é o Pinóquio brasileiro. No seu governo, usou a mentira para distorcer  informações e propagar ódio pelas redes. É importante o congresso  aprovar o Projeto de Lei das Fake News, para combater essas ações.",118,152,554
Zeca Dirceu,@zeca_dirceu,https://twitter.com/zeca_dirceu/status/1654589108809875461,2023-05-05T20:49:18.000Z,A Organização Mundial da Saúde disse que não há mais uma emergência a covid-19 em todo o mundo. Isso não significa que podemos parar de nos proteger. Ainda precisamos tomar a vacina e tomar cuidado se ficarmos doentes.,14,32,223
Zeca Dirceu,@zeca_dirceu,https://twitter.com/zeca_dirceu/status/1654562131973472257,2023-05-05T19:02:07.000Z,"Estão tentando transformar em novidade as reuniões do presidente Lula com partidos e líderes partidários. O conselho político é um instrumento democrático, instituído pelo @padilhando para construir consensos e trabalhar pela aprovação de medidas importantes para o Brasil.",9,18,105
Zeca Dirceu,@zeca_dirceu,https://twitter.com/zeca_dirceu/status/1654540644474290177,2023-05-05T17:36:44.000Z,"Com a antecipação do 13⁰ salário, o governo Lula pretende ajudar a aquecer a economia, que vem sendo sabotada continuamente pela manutenção dos juros muito elevados pelo Banco Central.",13,69,407
Zeca Dirceu,@zeca_dirceu,https://twitter.com/zeca_dirceu/status/1654520430416351236,2023-05-05T16:16:24.000Z,"Lula se reúne com primeiro-ministro britânico @RishiSunak e Reino Unido promete R$ 500 milhões para o Fundo Amazônia. 
Respeito internacional e preservação ambiental. 

O Brasil voltou!📸: @ricardostuckert",24,69,294
Zeca Dirceu,@zeca_dirceu,https://twitter.com/zeca_dirceu/status/1654463746561961985,2023-05-05T12:31:10.000Z,A  fraude no cartão de vacinação do Bolsonaro está ligada a outros crimes  graves. A recusa à vacinação contribuiu para o número alarmante de  mortes por COVID-19 e a fuga dele para os Estados Unidos para planejar o  golpe de 8 de janeiro.,124,212,714
Zeca Dirceu,@zeca_dirceu,https://twitter.com/zeca_dirceu/status/1654266591754813442,2023-05-04T23:27:44.000Z,Meu #tbt de hoje é o mês de abril todo. Um mês de muito trabalho para aprovar medidas para transformar a vida do povo paranaense e de todo o Brasil.,5,7,48
Zeca Dirceu,@zeca_dirceu,https://twitter.com/zeca_dirceu/status/1654264008839426050,2023-05-04T23:17:29.000Z,"Lula vai antecipar o 13⁰ salário de 30 milhões de segurados do INSS. Somente no Paraná, meu estado, o repasse será de R$ 3,6 bilhões. Essa verba servirá para pagar os beneficiários em duas parcelas, maio e junho.",3,50,210
Zeca Dirceu,@zeca_dirceu,https://twitter.com/zeca_dirceu/status/1654239679145811969,2023-05-04T21:40:48.000Z,"Mais uma grande vitória no dia de hoje!
O ministro André Mendonça atendeu ao pedido de @Haddad_Fernando, validou julgamento do Superior Tribunal de Justiça e liberou R$ 90 bilhões para o governo investir no que o Brasil precisa.",15,118,519
Zeca Dirceu,@zeca_dirceu,https://twitter.com/zeca_dirceu/status/1654197123603222546,2023-05-04T18:51:42.000Z,Os fãs do Foo Fighters estão bem felizes. Confira!,34,54,284
Zeca Dirceu,@zeca_dirceu,https://twitter.com/zeca_dirceu/status/1654185473366016012,2023-05-04T18:05:24.000Z,"Hoje meu amigo, Ministro das Relações Institucionais, @padilhando  estará no @flowpdc  falando sobre a estratégia do governo no Congresso Nacional. Imperdível!",7,24,111
Zeca Dirceu,@zeca_dirceu,https://twitter.com/zeca_dirceu/status/1654163114647068674,2023-05-04T16:36:34.000Z,Presidente Lula celebra a aprovação do Projeto de Lei da Igualdade Salarial na Câmara dos Deputados. O sorriso no rosto dele remete ao compromisso que tem com as mulheres e as famílias brasileiras.,0,6,16
Zeca Dirceu,@zeca_dirceu,https://twitter.com/zeca_dirceu/status/1654149217940566018,2023-05-04T15:41:20.000Z,"Vitória! 
O Projeto de Lei 1085/23, que busca promover a igualdade salarial entre homens e mulheres, foi aprovado na Câmara dos Deputados. No mundo atual, não podemos tolerar situações evidentes de discriminação baseadas em gênero, etnia ou raça no ambiente de trabalho. 
Faz o L!",16,43,192
Zeca Dirceu,@zeca_dirceu,https://twitter.com/zeca_dirceu/status/1654131473409081344,2023-05-04T14:30:50.000Z,"O pessoal do @galas_oficial pegou no meu pé por causa do cabelo... 🤣Mas o importante, é que @MarcoBezzi e @heldermaldonado mostraram o despreparo de diversos deputados na Comissão de Educação.  Vale ver!https://youtu.be/YR5r265rC1c",25,22,337
Zeca Dirceu,@zeca_dirceu,https://twitter.com/zeca_dirceu/status/1654082574665252864,2023-05-04T11:16:31.000Z,"O comabte às fake news é importante. O Governo do Bolsonaro foi pautado na mentira e os bolsonaristas continuam se apropriando desse método. 
É hora de colocar um ponto final!",15,51,224
Zeca Dirceu,@zeca_dirceu,https://twitter.com/zeca_dirceu/status/1653887822632214531,2023-05-03T22:22:39.000Z,"É inadmissível a decisão do Banco Central de manter a taxa Selic em 13,75%. Sem base técnica, contraria os interesses nacionais, ameaça o desenvolvimento do país, sabota a geração de empregos e leva empresas à falência. Só favorece rentistas e especuladores do mercado.",145,301,968
Zeca Dirceu,@zeca_dirceu,https://twitter.com/zeca_dirceu/status/1653847461322977282,2023-05-03T19:42:16.000Z,"A carteira de vacinação é um documento público que protege toda a sociedade. Saúdo a iniciativa do companheiro Rubens Pereira, que se já fosse lei, somaria uns anos à pena do ex-presidente.",15,38,144
Zeca Dirceu,@zeca_dirceu,https://twitter.com/zeca_dirceu/status/1653817751851376643,2023-05-03T17:44:13.000Z,"A fraude no cartão de vacinas, além de crime, faz parte do enredo cruel de Bolsonaro contra os imunizantes. Jamais esqueceremos que 300 mil vidas poderiam ter sido salvas, se a vacinação tivesse começado em novembro de 2020, quando a Pfizer mandou mais de 100 e-mails ao governo.",57,141,469
Zeca Dirceu,@zeca_dirceu,https://twitter.com/zeca_dirceu/status/1653769392281247748,2023-05-03T14:32:03.000Z,"A votação do Projeto de Lei da Igualdade Salarial foi adiada para hoje.

 A oposição está negociando algumas alterações no texto, mas não abriremos mão dos princípios do projeto: garantir que mulheres e homens que desempenhem a mesma função sejam remunerados igualmente!",4,10,44
Zeca Dirceu,@zeca_dirceu,https://twitter.com/zeca_dirceu/status/1653757660813053954,2023-05-03T13:45:26.000Z,"Faroeste digital, mata! #FakeNews, mata!

Ministro @FlavioDino hoje na fiscalização e controle da câmara, poucos bolsonaristas presente, sessão calma, porque será?",13,34,152
Zeca Dirceu,@zeca_dirceu,https://twitter.com/zeca_dirceu/status/1653725079681789954,2023-05-03T11:35:58.000Z,"O ex vagabundo da república, não quer passar a senha do celular dele a PF.

Deixem os comentários relembrando o que ele tenta esconder.",256,132,741
Zeca Dirceu,@zeca_dirceu,https://twitter.com/zeca_dirceu/status/1653704387259236352,2023-05-03T10:13:44.000Z,"#SemAnistiaPraGolpistas 

O dia amanheceu animado em Brasília!

PF prende Mauro Cid, ex-ajudante de Bolsonaro, e também faz buscas na casa do ex-presidente.",69,101,524
Zeca Dirceu,@zeca_dirceu,https://twitter.com/zeca_dirceu/status/1653555087271432192,2023-05-03T00:20:29.000Z,Continuarei trabalhando para aprovar o Projeto de Lei das Fake News.,119,148,735
Zeca Dirceu,@zeca_dirceu,https://twitter.com/zeca_dirceu/status/1653542742700556288,2023-05-02T23:31:25.000Z,"O Projeto de Lei das Fake News não será votado hoje. Porém, por sua importância e necessidade, seguiremos trabalhando por sua aprovação. Esse projeto não é disputa entre governo e oposição, é uma questão de Estado.",91,121,452
Zeca Dirceu,@zeca_dirceu,https://twitter.com/zeca_dirceu/status/1653532453850456064,2023-05-02T22:50:32.000Z,"A relação entre o Brasil e a Argentina hoje foi fortalecida com a reunião de hoje entre o Presidente @LulaOficial e o Presidente da Argentina, @alferdez . Nossos vizinhos são importantes parceiros comerciais, com quem compartilhamos também aspectos culturais e históricos.",25,51,355
Zeca Dirceu,@zeca_dirceu,https://twitter.com/zeca_dirceu/status/1653517479954579462,2023-05-02T21:51:02.000Z,"No último domingo, realizamos o ZD na Comunidade em Umuarama. Foi um dia para se divertir com a família e falar sobre questões que impactam na vida de todos. Música, dança e cultura, se misturaram à política garantindo um dia de muita cidadania!",4,5,47
Zeca Dirceu,@zeca_dirceu,https://twitter.com/zeca_dirceu/status/1653400403474628614,2023-05-02T14:05:49.000Z,Mentiras matam! #PL2630Sim #InternetSegura,27,16,70
Zeca Dirceu,@zeca_dirceu,https://twitter.com/zeca_dirceu/status/1653397163966185477,2023-05-02T13:52:57.000Z,"""Ensinar não é transferir conhecimento, mas criar as possibilidades para a sua própria produção ou a sua construção"".
- 𝐏𝐚𝐮𝐥𝐨 𝐅𝐫𝐞𝐢𝐫𝐞",12,25,152
Zeca Dirceu,@zeca_dirceu,https://twitter.com/zeca_dirceu/status/1653387010114035714,2023-05-02T13:12:36.000Z,Precisamos aprovar esse projeto de lei com urgência para que as crianças não morram nas escolas. #PL2630SalvaVidas,106,115,350
Zeca Dirceu,@zeca_dirceu,https://twitter.com/zeca_dirceu/status/1653173455737483268,2023-05-01T23:04:00.000Z,Mais renda para o povo fazer a roda da economia girar. E é só o começo!#DiaDoTrabalhador #LulaPresidente #UniãoEReconstrução,19,13,83
Zeca Dirceu,@zeca_dirceu,https://twitter.com/zeca_dirceu/status/1653135974262513666,2023-05-01T20:35:04.000Z,"Regular as plataformas e redes sociais é proteger nossa democracia, nossas crianças e combater a desinformação, o discurso de ódio, a violência política e outros abusos online.",134,205,703
Zeca Dirceu,@zeca_dirceu,https://twitter.com/zeca_dirceu/status/1653112049646579712,2023-05-01T19:00:00.000Z,"O Brasil do diálogo, da democracia e do respeito ao povo está de volta.🎥: Audiovisual/PR",21,35,175
Zeca Dirceu,@zeca_dirceu,https://twitter.com/zeca_dirceu/status/1653021462087839744,2023-05-01T13:00:02.000Z,"Dignidade, respeito e direitos garantidos a todos e  todas que constroem esse País. Parabéns, companheirada! 💪🏼🚩#DiaDoTrabalhador #Democracia #LulaPresidente",22,23,143
Zeca Dirceu,@zeca_dirceu,https://twitter.com/zeca_dirceu/status/1653000159771389953,2023-05-01T11:35:24.000Z,"Parabéns ao novo presidente eleito do Paraguai @SantiPenap! Por anos atuei no parlamento do Mercosul, e quero desejar um excelente trabalho na luta pela prosperidade econômica, democracia e estabilidade política entre os países da América do Sul.",9,16,100
Zeca Dirceu,@zeca_dirceu,https://twitter.com/zeca_dirceu/status/1652978488633184256,2023-05-01T10:09:17.000Z,Celebramos hoje a vida de quem faz o Brasil acontecer. Quero parabenizar todos e todas vcs que levantam cedo e seguem firme na luta por um país melhor. Seguimos juntos! Forte abraço,82,50,365
