nome,usuario,idTweet,dataPublicacao,texto,replies,retweets,likes
Deputado Zé Silva,@ZeSilva_,https://twitter.com/ZeSilva_/status/1663293530989645826,2023-05-29T21:17:34.000Z,Confira no podcast desta semana um bate-papo sobre práticas sustentáveis na atividade minerária. No meu canal do YouTube. Te espero!,0,0,1
Deputado Zé Silva,@ZeSilva_,https://twitter.com/ZeSilva_/status/1663225819697672194,2023-05-29T16:48:31.000Z,"A minha proposta de monitoramento da cadeira do ouro, via rastreamento digital, foi pauta da Itatiaia e Jornal Estado de Minas. ⬇️⬇️",1,0,1
Deputado Zé Silva,@ZeSilva_,https://twitter.com/ZeSilva_/status/1662835064747458562,2023-05-28T14:55:48.000Z,"O prefeito de Nanuque, Gilson Coleta, juntamente com o vice-prefeito, Gilmar Alemão, e a Secretária de Educação, Mônica Caldas, estiveram no gabinete de Brasília para agradecer mais uma conquista do nosso mandato.⬇️⬇️",1,0,1
Deputado Zé Silva,@ZeSilva_,https://twitter.com/ZeSilva_/status/1662519628038324224,2023-05-27T18:02:22.000Z,"Como líder do governo de Minas Gerais, estive com o presidente do Senado, Rodrigo Pacheco, e lideranças do Jequitinhonha e Triângulo Mineiro, +⬇️⬇️",1,0,0
Deputado Zé Silva,@ZeSilva_,https://twitter.com/ZeSilva_/status/1662518772798767104,2023-05-27T17:58:58.000Z,"Como defensor da democracia, cumprimento a Universidade Federal dos Vales do Jequitinhonha e Mucuri (UFVJM), pela condução do processo transparente de eleição da nova reitoria.⬇️⬇️",1,0,0
Deputado Zé Silva,@ZeSilva_,https://twitter.com/ZeSilva_/status/1662167280187211791,2023-05-26T18:42:15.000Z,A presidência da Comissão de Legislação Participativa (CLP) tem sido uma nova oportunidade para tratar as demandas de todo o país.⬇️⬇️,1,0,1
Deputado Zé Silva,@ZeSilva_,https://twitter.com/ZeSilva_/status/1662127650175873026,2023-05-26T16:04:47.000Z,"Primeira missão técnica promovida pela Frente Parlamentar de Mineração Sustentável (FPMin) pudemos conhecer as boas práticas para a #mineraçãosustentável a lei de segurança de barragens sendo aplicada na Companhia Brasileira de Metalurgia e Minerais (CBMM), Araxá, Minas Gerais.",1,0,0
Deputado Zé Silva,@ZeSilva_,https://twitter.com/ZeSilva_/status/1661833677964189725,2023-05-25T20:36:38.000Z,"Lançamento da Frente Parlamentar Mista da Indústria (FPMI), criada como um instrumento para apoiar, no Congresso Nacional, a construção de um ambiente mais favorável ao desenvolvimento da indústria, setor fundamental para o país.⬇️⬇️",1,0,0
Deputado Zé Silva,@ZeSilva_,https://twitter.com/ZeSilva_/status/1661784460059193349,2023-05-25T17:21:04.000Z,"Em 25 de maio, comemora-se o Dia do Trabalhador Rural. O dia desse profissional que abastece as nossas mesas e a economia do nosso país. Pessoas que tiram o sustento da terra e devem ser valorizadas pela importância do trabalho que desempenham para o agro e para o Brasil.",1,0,1
Deputado Zé Silva,@ZeSilva_,https://twitter.com/ZeSilva_/status/1661698863491588097,2023-05-25T11:40:56.000Z,"Acontece hoje a primeira missão técnica da Frente Parlamentar da Mineração Sustentável (FPMin). Visitaremos a Companhia Brasileira de Metalurgia e Mineração (CBMM), em Araxá, Minas Gerais.⬇️⬇️",2,0,2
Deputado Zé Silva,@ZeSilva_,https://twitter.com/ZeSilva_/status/1661480500014514176,2023-05-24T21:13:14.000Z,"Antes de exigir emissão de Nota Fiscal Eletrônica dos pequenos produtores rurais, é preciso disponibilizar internet.⬇️⬇️",1,0,1
Deputado Zé Silva,@ZeSilva_,https://twitter.com/ZeSilva_/status/1661386879319588874,2023-05-24T15:01:13.000Z,"Câmara aprovou texto-base do projeto do arcabouço fiscal, mas deputados precisam votar destaques que podem alterar pontos do texto. A votação, iniciada ontem, segue na tarde de hoje, dia 24.⬇️⬇️",2,1,2
Deputado Zé Silva,@ZeSilva_,https://twitter.com/ZeSilva_/status/1660034593779580930,2023-05-20T21:27:43.000Z,"#prestaçãodecontas: pra Capitão Enéas já destinei mais de R$ 5,5 milhões investidos em sistemas de abastecimento de água, tanques de granelização e resfriamento de leite, aquisição de trator com implementos agrícolas.",1,0,0
Deputado Zé Silva,@ZeSilva_,https://twitter.com/ZeSilva_/status/1659980904226332672,2023-05-20T17:54:23.000Z,"#prestaçãodecontas: para saúde de BH, destinei mais de R$ 2 milhões para os hospitais Madre Tereza, Mário Pena, Santa Casa. Assim, como disse o Dr. Roberto Otto, Provedor da Santa Casa, pude contribuir para viabilizar acesso à saúde a milhões de famílias que dependem do SUS.",1,1,3
Deputado Zé Silva,@ZeSilva_,https://twitter.com/ZeSilva_/status/1659596037097488390,2023-05-19T16:25:03.000Z,"Como membro do Grupo Parlamentar Brasil - Marrocos, que será reinstalado no dia 23 de maio, fui recebido pelo embaixador de Marrocos no Brasil, Sr. Nabil Adhoghi.⬇️⬇️",2,0,0
Deputado Zé Silva,@ZeSilva_,https://twitter.com/ZeSilva_/status/1659308979804151808,2023-05-18T21:24:23.000Z,"Importante audiência com o secretário de Geologia e Mineração do Ministério de Minas e Energia, Vitor Saback.⬇️⬇️",3,0,1
Deputado Zé Silva,@ZeSilva_,https://twitter.com/ZeSilva_/status/1659214454763167747,2023-05-18T15:08:47.000Z,"A Comissão de Legislação Participativa, presidida por mim, promoveu o 9º Seminário Legislativo de Arquitetura e Urbanismo. ⬇️⬇️",1,0,1
Deputado Zé Silva,@ZeSilva_,https://twitter.com/ZeSilva_/status/1658869159168561153,2023-05-17T16:16:42.000Z,"Precisamos trazer o garimpo para a legalidade e, pra isso, o governo federal tem que ser mais forte que o crime.⬇️⬇️",1,0,0
Deputado Zé Silva,@ZeSilva_,https://twitter.com/ZeSilva_/status/1658602665478070278,2023-05-16T22:37:45.000Z,"O uso de tecnologia digital para a rastreabilidade do ouro produzido e comercializado no Brasil é uma forma de impedir que o ouro ilegal entre no comércio, desestimulando a extração clandestina.⬇️⬇️",1,0,2
Deputado Zé Silva,@ZeSilva_,https://twitter.com/ZeSilva_/status/1658482615215869953,2023-05-16T14:40:43.000Z,"Participo hoje do Correio Debate - Caminhos do Ouro, do Correio Braziliense, evento ao vivo pelo YouTube, das 14 às 18 horas, para tratar sobre os desafios, as soluções e a importância da rastreabilidade para o mercado do ouro.",0,2,3
Deputado Zé Silva,@ZeSilva_,https://twitter.com/ZeSilva_/status/1658147840487464960,2023-05-15T16:30:26.000Z,"Pouco mais de 100 dias do 4º mandato e vejo muitas conquistas importantes, como:⬇️⬇️",1,0,2
Deputado Zé Silva,@ZeSilva_,https://twitter.com/ZeSilva_/status/1657751687879163904,2023-05-14T14:16:16.000Z,"A todas as mães, que vocês tenham um dia especial junto aos filhos. Parabéns!",0,0,1
Deputado Zé Silva,@ZeSilva_,https://twitter.com/ZeSilva_/status/1657497897942777856,2023-05-13T21:27:48.000Z,"Codevasf fez a doação do imóvel à Emater-MG, conforme solicitei. Agradeço ao diretor-presidente da Codevasf, Marcelo Moreira, pelo atendimento à solicitação.⬇️⬇️",1,0,3
Deputado Zé Silva,@ZeSilva_,https://twitter.com/ZeSilva_/status/1657414305048870912,2023-05-13T15:55:38.000Z,"Na Audiência Pública da quarta-feira, dia 10/05, sobre a exploração de minério de lítio no Vale do Jequitinhonha, defendi a estruturação da Agência Nacional de Mineração (ANM),+⬇️⬇️",1,0,1
Deputado Zé Silva,@ZeSilva_,https://twitter.com/ZeSilva_/status/1657050433142022146,2023-05-12T15:49:44.000Z,"Foi aprovado na Comissão de Meio Ambiente e Desenvolvimento Sustentável, o requerimento do nosso mandato para a criação da Subcomissão Especial de Políticas Agroambientais, no âmbito da Comissão de Meio Ambiente e Desenvolvimento Sustentável.⬇️⬇️⬇️",1,1,2
Deputado Zé Silva,@ZeSilva_,https://twitter.com/ZeSilva_/status/1655963743338000384,2023-05-09T15:51:37.000Z,"Com o pé na estrada, estive na Fazenda Barreiro, comemoramos os 37 anos do assentamento onde comecei a trabalhar, há 34 anos, junto com a minha esposa Marinalva.👇👇",2,0,4
Deputado Zé Silva,@ZeSilva_,https://twitter.com/ZeSilva_/status/1654155965451649026,2023-05-04T16:08:09.000Z,"Audiência com o presidente da Companhia de Desenvolvimento dos Vales do São Francisco e Parnaíba (Codevasf), Marcelo Moreira, acompanhado do presidente da Emater-MG, Otávio Maia, para apresentação de propostas para o fortalecimento da extensão rural, +⬇️",1,0,3
Deputado Zé Silva,@ZeSilva_,https://twitter.com/ZeSilva_/status/1653866609935523841,2023-05-03T20:58:21.000Z,"Sou contra fake news e a favor da liberdade de expressão. O Projeto de Lei 2630/20 cria medidas de combate à disseminação de conteúdo falso nas redes sociais, como Facebook e Twitter, e nos serviços de mensagens privadas, como WhatsApp e Telegram.⬇️⬇️",2,0,5
Deputado Zé Silva,@ZeSilva_,https://twitter.com/ZeSilva_/status/1653798404667867137,2023-05-03T16:27:20.000Z,"O Governador de Minas, Romeu Zema, anunciou a recuperação de sete trechos de rodovias do Triângulo Mineiro e Alto Paranaíba. O conjunto de intervenções conta com investimentos de R$ 142 milhões, que irão contemplar melhorias em 220 quilômetros de rodovias.⬇️⬇️",1,0,3
Deputado Zé Silva,@ZeSilva_,https://twitter.com/ZeSilva_/status/1653155081381122049,2023-05-01T21:51:00.000Z,"Para Monte Azul já foram destinados cerca de R$1,4 milhão, usados em sistemas de abastecimento de água, compra de sementes, recuperação de sub-bacias.",4,0,5
Deputado Zé Silva,@ZeSilva_,https://twitter.com/ZeSilva_/status/1653154829743603722,2023-05-01T21:50:00.000Z,"#prestaçãodecontas: destinei R$250 mil para Monte Azul, atendendo ao pedido do Vereador Fabiano Pedreiro. O recurso será investido em infraestrutura.",1,0,2
Deputado Zé Silva,@ZeSilva_,https://twitter.com/ZeSilva_/status/1653021660713197570,2023-05-01T13:00:50.000Z,"No Dia do Trabalhador, quero saber a sua opinião: de 1 a 5, que nota você dá para o meu trabalho como deputado federal?",2,1,3
