nome,usuario,idTweet,dataPublicacao,texto,replies,retweets,likes
Adriana Accorsi,@Adriana_Accorsi,https://twitter.com/Adriana_Accorsi/status/1620209718215184384,2023-01-30T23:57:53.000Z,O Brasil tem Presidente e ele nos orgulha e é respeitado pelas autoridades mundiais ! #LulaPresidente,1,17,68
Adriana Accorsi,@Adriana_Accorsi,https://twitter.com/Adriana_Accorsi/status/1620205503556239360,2023-01-30T23:41:08.000Z,Nosso mandato já está no painel das Deputadas Federais do PT da Câmara. Fico muito feliz em estar nesse quadro de mulheres fortes e de luta que abriram caminhos para que eu chegassse. Quero honrar esse legado de trabalho e luta por um país mais justo e digno para todas e todos!,15,38,272
Adriana Accorsi,@Adriana_Accorsi,https://twitter.com/Adriana_Accorsi/status/1620165171040915457,2023-01-30T21:00:52.000Z,"ABSURDO!
Lona e folha de palmeira são únicas proteções em local de repouso.
O chão esburacado, sobre ele um colchão de espuma, paredes sujas e rachadas embaixo de um teto avariado.",2,24,74
Adriana Accorsi,@Adriana_Accorsi,https://twitter.com/Adriana_Accorsi/status/1620131583889125376,2023-01-30T18:47:24.000Z,"Tive a enorme satisfação de ser entrevistada nesta manhã, pelo jornalista Jackson Abrão, no jornal O Popular. Na ocasião, pude falar sobre os meus projetos como Deputada Federal.",2,7,32
Adriana Accorsi,@Adriana_Accorsi,https://twitter.com/Adriana_Accorsi/status/1620113492140494848,2023-01-30T17:35:31.000Z,"Hoje a bancada feminina da Câmara Federal se encontrou com o Presidente da Câmara Arthur Lira, nossa companheira a Deputada Maria do Rosário, onde encontrei também minha querida amiga e Deputada Erika Kokay. 
Vamos juntas fortalecer a pautas das mulheres.",3,10,62
Adriana Accorsi,@Adriana_Accorsi,https://twitter.com/Adriana_Accorsi/status/1620047939002597382,2023-01-30T13:15:02.000Z,"TÁ CHEGANDO A HORA! ✨💃🏾Com coragem, força e trabalho juntos e juntas chegamos até aqui! Participe comigo da posse!📅 Dia 1º de Fevereiro!🕙 A partir das 10h da manhã!🔴 AO VIVO pelo YouTube: https://youtube.com/channel/UC-ZkSRh-7UEuwXJQ9UMCFJA…",4,8,33
Adriana Accorsi,@Adriana_Accorsi,https://twitter.com/Adriana_Accorsi/status/1619981428909031424,2023-01-30T08:50:45.000Z,Que linda foto muito obrigada meu amigo ❤️ eu e minha querida mãezinha!,1,6,57
Adriana Accorsi,@Adriana_Accorsi,https://twitter.com/Adriana_Accorsi/status/1619870851305971714,2023-01-30T01:31:21.000Z,Emocionante!!!,1,12,58
Adriana Accorsi,@Adriana_Accorsi,https://twitter.com/Adriana_Accorsi/status/1619835621681565696,2023-01-29T23:11:21.000Z,Vitória da vida e do meio ambiente! Parabéns querida @MarinaSilva ❤️🌳,1,12,70
Adriana Accorsi,@Adriana_Accorsi,https://twitter.com/Adriana_Accorsi/status/1619782627434831872,2023-01-29T19:40:47.000Z,"Nota de Apoio a Polícia Civil

A Deputada Federal Eleita Delegada Adriana Accorsi manifesta total apoio a Polícia Civil do Estado de Goiás referente a operação ocorrida na última sexta-feira 27/01/2023 na cidade de Anápolis,",2,9,67
Adriana Accorsi,@Adriana_Accorsi,https://twitter.com/Adriana_Accorsi/status/1619713966539948041,2023-01-29T15:07:57.000Z,"Hoje é o Dia Nacional da Visibilidade Trans, a data é marcada como símbolo pela luta contra transfobia no Brasil, pois no dia 29 de Janeiro de 2004, foi organizado, em Brasília o ato nacional para o lançamento da campanha “Travesti e Respeito”.",2,11,67
Adriana Accorsi,@Adriana_Accorsi,https://twitter.com/Adriana_Accorsi/status/1619395893698113537,2023-01-28T18:04:02.000Z,"FAZ O L

Em menos de um mês, o Governo Lula já promoveu uma série de medidas que beneficiam o povo brasileiro, temos de volta um governo que está atento às demandas do nosso povo, são dias de muito trabalho para reconstruir o nosso país.",10,20,129
Adriana Accorsi,@Adriana_Accorsi,https://twitter.com/Adriana_Accorsi/status/1619351526279098371,2023-01-28T15:07:44.000Z,"Hoje é o Dia Nacional de Combate ao Trabalho Escravo, sancionado pelo Presidente Lula em 2009 em memória ao assassinato de quatro trabalhadores mortos enquanto investigavam denúncias de trabalho escravo.",1,30,94
Adriana Accorsi,@Adriana_Accorsi,https://twitter.com/Adriana_Accorsi/status/1619342100134498306,2023-01-28T14:30:17.000Z,"Aprendi com o meu querido pai que a política transforma a vida das pessoas, ontem fiquei muito emocionada na inauguração da praça que leva o seu nome, Darci Accorsi, como tantas que ele pôde inaugurar enquanto Prefeito de Goiânia,+",2,8,76
Adriana Accorsi,@Adriana_Accorsi,https://twitter.com/Adriana_Accorsi/status/1619304625903132674,2023-01-28T12:01:22.000Z,"No Governo Lula a Saúde Pública é prioridade, na campanha, o nosso Presidente afirmou que não mediria esforços para acabar com as filas do SUS.",1,15,77
Adriana Accorsi,@Adriana_Accorsi,https://twitter.com/Adriana_Accorsi/status/1619137689038753793,2023-01-28T00:58:01.000Z,"Uma tarde memorável e de muita emoção para mim e minha família, onde participamos da inauguração da praça que leva o nome do meu querido paizinho, Professor Darci Accorsi.

Meu pai Darci Accorsi, ex-prefeito de Goiânia, que tanto amou e fez por essa cidade, de onde estiver, +",1,8,72
Adriana Accorsi,@Adriana_Accorsi,https://twitter.com/Adriana_Accorsi/status/1619067259489775616,2023-01-27T20:18:10.000Z,Estou aqui em um momento muito emocionante com o vereador Anselmo Pereira na inauguração da Praça que leva o nome do meu amado e saudoso pai Darci Accorsi.,4,9,92
Adriana Accorsi,@Adriana_Accorsi,https://twitter.com/Adriana_Accorsi/status/1619060638327934977,2023-01-27T19:51:51.000Z,"É o início de um novo Brasil! A carta assinada por todos governadores e governadoras, é o anúncio de que a reconstrução do nosso país acontecerá por meio do diálogo e da civilidade. Como Deputada Federal, vou ajudar nessa reconstrução para que nosso país volte a ser feliz!",2,12,51
Adriana Accorsi,@Adriana_Accorsi,https://twitter.com/Adriana_Accorsi/status/1619035356674019334,2023-01-27T18:11:23.000Z,"Hoje é o Dia Internacional em Memória das Vítimas do Holocausto. Para entender melhor, indico 5 filmes para você que tratam deste tema tão cruel que jamais deve ser esquecido. 
Segue o fio 🧶",1,11,48
Adriana Accorsi,@Adriana_Accorsi,https://twitter.com/Adriana_Accorsi/status/1619021330829180935,2023-01-27T17:15:39.000Z,"Meu Deus que absurdo ! O Conselho Tutelar, Polícia Civil e MP não funcionam nessa cidade ?! Isso precisa ser apurado !",4,14,49
Adriana Accorsi,@Adriana_Accorsi,https://twitter.com/Adriana_Accorsi/status/1619003419007778816,2023-01-27T16:04:29.000Z,"“É com todos, pelo melhor do Brasil, que vamos avançar. Nossas portas estão abertas para todos!” @LulaOficial",2,15,40
Adriana Accorsi,@Adriana_Accorsi,https://twitter.com/Adriana_Accorsi/status/1619000066827763712,2023-01-27T15:51:10.000Z,"Foram 242 jovens mortos em Santa Maria, uma noite de muita tristeza e dor para todo o Brasil que até hoje busca por justiça. Minha solidariedade aos familiares e amigos das vítimas.",0,7,43
Adriana Accorsi,@Adriana_Accorsi,https://twitter.com/Adriana_Accorsi/status/1618997010367131650,2023-01-27T15:39:01.000Z,"Presidente e Governadores e Governadora, unidos pela desenvolvimento e bem estar da nossa população!",1,5,13
Adriana Accorsi,@Adriana_Accorsi,https://twitter.com/Adriana_Accorsi/status/1618963202351726593,2023-01-27T13:24:40.000Z,A Lei e a Justiça garantirão uma democracia forte e inabalável!,3,14,93
Adriana Accorsi,@Adriana_Accorsi,https://twitter.com/Adriana_Accorsi/status/1618938904585060353,2023-01-27T11:48:07.000Z,Parabéns Presidente! Unir o País pelo bem do nosso povo!,3,15,61
Adriana Accorsi,@Adriana_Accorsi,https://twitter.com/Adriana_Accorsi/status/1618796486573301760,2023-01-27T02:22:12.000Z,Em abril de 2022 haviam documentos relatando abusos e violência sexual de garimpeiros contra crianças e mulheres Yanomamis. A omissão do Governo Bolsonaro estimulou estupros e mortes de mulheres e crianças Yanomamis. É inaceitável tamanha perversidade! Devem ser todos punidos!,5,33,105
Adriana Accorsi,@Adriana_Accorsi,https://twitter.com/Adriana_Accorsi/status/1618764992219840514,2023-01-27T00:17:04.000Z,"Preso desde a semana passada, o jogador Daniel Alves está no centro de um escândalo de repercussão mundial. O então jogador está sendo acusado de estupro e agressão sexual na Espanha, por uma jovem espanhola de 23 anos. Em seu depoimento à jovem conta que foi estuprada por +",3,14,50
Adriana Accorsi,@Adriana_Accorsi,https://twitter.com/Adriana_Accorsi/status/1618746504260505600,2023-01-26T23:03:36.000Z,Chega de negacionismo!!!! Queremos Zé Gotinha!,0,10,49
Adriana Accorsi,@Adriana_Accorsi,https://twitter.com/Adriana_Accorsi/status/1618734514829938688,2023-01-26T22:15:57.000Z,Apresentei lei similar em Goiás e vamos ampliar para todo Brasil!,5,17,48
Adriana Accorsi,@Adriana_Accorsi,https://twitter.com/Adriana_Accorsi/status/1618709727155986432,2023-01-26T20:37:27.000Z,"Visitei o querido amigo e companheiro, Ex- Candidato a Governador Professor Wolmir Amado, fico feliz em vê-lo em plena recuperação e na ocasião o parabenizei pelo dia de seu aniversário. Muita saúde e vida para você, Professor!",3,11,56
Adriana Accorsi,@Adriana_Accorsi,https://twitter.com/Adriana_Accorsi/status/1618702065806749697,2023-01-26T20:07:01.000Z,"Participei nesta tarde da cerimônia de entrega da Comenda Desembargador Homero Sabino de Freitas, concedida pelo Tribunal de Justiça do Estado de Goiás a várias personalidades que exercem trabalhos de reconhecimento no nosso estado.",1,13,30
Adriana Accorsi,@Adriana_Accorsi,https://twitter.com/Adriana_Accorsi/status/1618699445906051073,2023-01-26T19:56:36.000Z,"O Negacionismo acabou! No mês que vem o Brasil começa o plano de vacinação  contra a Covid-19. Na 1ª etapa, as pessoas serão vacinadas com o reforço da vacina bivalente da Pfizer. Vacinas salvam vidas!",10,54,198
Adriana Accorsi,@Adriana_Accorsi,https://twitter.com/Adriana_Accorsi/status/1618672193533280256,2023-01-26T18:08:19.000Z,"Ao lado do querido amigo Conselheiro do Tribunal de Contas dos Municípios de Goiás, Humberto Aidar e do Presidente da Associação dos Titulares de Cartório Igor França Guedes, na cerimônia de entrega da Comenda Desembargador Homero Sabino de Freitas concedida pelo @tjgooficial.",0,7,24
Adriana Accorsi,@Adriana_Accorsi,https://twitter.com/Adriana_Accorsi/status/1618654669118775297,2023-01-26T16:58:40.000Z,"#TBT do dia em que eu, como chefe da Polícia Civil de Goiás, entreguei para todas as DEAMs - Delegacias Especializadas no Atendimento à Mulher, viaturas enviadas pela Presidenta @dilmabr através do PRONASCI - Programa Nacional de Segurança Pública com Cidadania. +",4,6,36
Adriana Accorsi,@Adriana_Accorsi,https://twitter.com/Adriana_Accorsi/status/1618632753351897090,2023-01-26T15:31:35.000Z,#TemerGolpista,1,3,21
Adriana Accorsi,@Adriana_Accorsi,https://twitter.com/Adriana_Accorsi/status/1618621422997495808,2023-01-26T14:46:34.000Z,"Celebramos o aniversário de uma referência na luta antirracista no mundo. Angela Davis completa 79 anos, e carrega em sua trajetória a construção do Partido dos Panteras Negras, a luta pelos direitos civis da população negra, e a elaboração teórica e prática da luta feminista. ✊🏾",1,9,55
Adriana Accorsi,@Adriana_Accorsi,https://twitter.com/Adriana_Accorsi/status/1618587976371699712,2023-01-26T12:33:40.000Z,O nosso Presidente @LulaOficial ! O grande estadista !,2,15,56
Adriana Accorsi,@Adriana_Accorsi,https://twitter.com/Adriana_Accorsi/status/1618569516937801731,2023-01-26T11:20:19.000Z,"No período de campanha eleitoral, se espalharam algumas fake news, que diziam que se o PT ganhasse as eleições, iria perseguir os evangélicos, e também fechar as igrejas, mas o que se vê nos primeiros dias do seu governo é totalmente o oposto.",6,56,171
Adriana Accorsi,@Adriana_Accorsi,https://twitter.com/Adriana_Accorsi/status/1618423140815892481,2023-01-26T01:38:40.000Z,A câmera acoplada aos uniformes e viaturas policiais significam importante modernização das ações de segurança publica e produção de provas!!! Precisamos efetivar em todo País!,4,22,133
Adriana Accorsi,@Adriana_Accorsi,https://twitter.com/Adriana_Accorsi/status/1618418242007207937,2023-01-26T01:19:12.000Z,❤️,0,6,45
Adriana Accorsi,@Adriana_Accorsi,https://twitter.com/Adriana_Accorsi/status/1618412175277830144,2023-01-26T00:55:05.000Z,"Hoje estive ao lado dessas grandes mulheres, a Deputada Estadual Eleita Bia de Lima e a Presidente do Conselho Municipal de Saúde de Goiânia Dalva Bittencourt, que são referências feminina de luta no estado de Goiás.

É uma alegria muito grande caminhar ao lado de vocês queridas.",0,4,23
Adriana Accorsi,@Adriana_Accorsi,https://twitter.com/Adriana_Accorsi/status/1618400434896633856,2023-01-26T00:08:26.000Z,OS NOSSOS QUERIDOS DEFENSORES DA DEMOCRACIA!!!!,2,10,71
Adriana Accorsi,@Adriana_Accorsi,https://twitter.com/Adriana_Accorsi/status/1618370161907732486,2023-01-25T22:08:09.000Z,CHEGA DE FAKE NEWS! O BNDES financia apenas empresas brasileiras que vão gerar emprego para o nosso povo. Conheça a verdade sobre o Banco Nacional de Desenvolvimento Econômico e Social. COMPARTILHE A VERDADE!,4,157,426
Adriana Accorsi,@Adriana_Accorsi,https://twitter.com/Adriana_Accorsi/status/1618362486947971073,2023-01-25T21:37:39.000Z,"Hoje, no SINDSAÚDE ao lado da querida amiga e companheira, Presidenta do Conselho Municipal de Saúde Dalva Bittencourt, do Presidente do Conselho Estadual de Saúde Walter Monteiro, da Deputada Estadual Eleita Bia De Lima, do Deputado Estadual Mauro Rubem, do+",2,8,30
Adriana Accorsi,@Adriana_Accorsi,https://twitter.com/Adriana_Accorsi/status/1618358777903976450,2023-01-25T21:22:54.000Z,"Os chamados ""óculos falantes"" consistem em um dispositivo que se conecta a todo tipo de armação de óculos com um sensor que captura a imagem e converte as informações em áudio. 🗳️Você concorda? Vote aqui 👉🏼 https://opine.al.go.leg.br/proposicoes/2022010754…",3,12,26
Adriana Accorsi,@Adriana_Accorsi,https://twitter.com/Adriana_Accorsi/status/1618296833293574144,2023-01-25T17:16:46.000Z,"Participo agora da Posse dos Conselheiros Locais de Saúde de Goiânia, do Biênio 2023-2024 com a companheira Dalva Bittencourt e várias outras pessoas queridas referências na luta pela Saúde em nosso estado.",1,3,31
Adriana Accorsi,@Adriana_Accorsi,https://twitter.com/Adriana_Accorsi/status/1618293550067879937,2023-01-25T17:03:43.000Z,Não posso deixar de parabenizar os(as) profissionais fundamentais para nosso país. Estou sempre junto da categoria em suas reivindicações por melhores condições de trabalho. Vamos juntas e juntos!,1,8,47
Adriana Accorsi,@Adriana_Accorsi,https://twitter.com/Adriana_Accorsi/status/1618280895236165634,2023-01-25T16:13:26.000Z,"Agora é Lei!

Foi sancionada pelo Governador do Estado de Goiás a nossa Lei que inclui no Calendário Cívico Cultural do Estado de Goiás a romaria de carros de bois, realizada, anualmente, no município de Trindade, durante a Festa do Divino Pai Eterno.",5,13,75
Adriana Accorsi,@Adriana_Accorsi,https://twitter.com/Adriana_Accorsi/status/1618226531498852355,2023-01-25T12:37:24.000Z,"Chega de Fake News!

Não existe nenhum projeto para criar uma moeda única entre Brasil e Argentina, mas sim um projeto para criar uma unidade monetária entre países sul-americanos que seria usado APENAS em operações comerciais.

Ajude a compartilhar a VERDADE.",3,53,93
Adriana Accorsi,@Adriana_Accorsi,https://twitter.com/Adriana_Accorsi/status/1618219306726354947,2023-01-25T12:08:42.000Z,"Uma menininha de 5 anos morreu após levar um soco do pai por ter feito xixi no chão.“Mas eu apanhei e não morri” Não morreu fisicamente. Bater sempre mata! Mata a inocência, a autoconfiança, o carinho e o amor próprio. Sou pelo fim da cultura da violência.",9,46,260
Adriana Accorsi,@Adriana_Accorsi,https://twitter.com/Adriana_Accorsi/status/1618203814263410689,2023-01-25T11:07:08.000Z,Bom dia com amor!,0,4,51
Adriana Accorsi,@Adriana_Accorsi,https://twitter.com/Adriana_Accorsi/status/1617968986418999296,2023-01-24T19:34:01.000Z,"Finalizando nossas visitas em Brasília, estive no gabinete da Ministra das Mulheres a companheira Cida Gonçalves, para também tratarmos da proteção de nossas mulheres e meninas. Coloquei nosso mandato à disposição do ministério na luta contra a violência e o feminicídio.",4,8,59
Adriana Accorsi,@Adriana_Accorsi,https://twitter.com/Adriana_Accorsi/status/1617964212751597568,2023-01-24T19:15:03.000Z,"Estive no almoço na Residência Oficial da Câmara dos Deputados com a bancada de Deputados e Deputadas eleitas de Goiás a convite do Presidente da Câmara dos Deputados e candidato à reeleição, Arthur Lira que fez um discurso de unidade por nosso país,+",3,6,42
Adriana Accorsi,@Adriana_Accorsi,https://twitter.com/Adriana_Accorsi/status/1617957885249736704,2023-01-24T18:49:54.000Z,"Em Brasília, estive em audiência com a Tamires Fonseca - Assessora especial do MJSP- Ministério da Justiça e Segurança Pública e coordenadora do PRONASCI - Programa Nacional de Segurança Pública com Cidadania.",5,10,112
Adriana Accorsi,@Adriana_Accorsi,https://twitter.com/Adriana_Accorsi/status/1617954024288026624,2023-01-24T18:34:34.000Z,"Foi Sancionada pelo Governador do Estado de Goiás, a nossa lei que Estabelece normas que visam à prevenção do desaparecimento de crianças e adolescentes em todo o estado.",3,11,52
Adriana Accorsi,@Adriana_Accorsi,https://twitter.com/Adriana_Accorsi/status/1617844449639555073,2023-01-24T11:19:09.000Z,"DELEGADA DA POLÍCIA CIVIL HÁ 23 ANOS!

Em 2000 eu realizava um sonho, se tornava real o desejo de ser delegada. Durante esses anos, conheci irmãos e irmãs que ao lado, pude aprender e caminhar sempre pelos caminhos da justiça.

Cheguei a ocupar o cargo máximo da Polícia Civil +",19,20,223
Adriana Accorsi,@Adriana_Accorsi,https://twitter.com/Adriana_Accorsi/status/1617839783447007234,2023-01-24T11:00:37.000Z,Apresentei requerimento neste sentido em Goiás e agora vou trabalhar para que seja implantado em todo País !,2,7,57
Adriana Accorsi,@Adriana_Accorsi,https://twitter.com/Adriana_Accorsi/status/1617654724412731392,2023-01-23T22:45:15.000Z,Parabéns a polícia e a justiça !,5,8,58
Adriana Accorsi,@Adriana_Accorsi,https://twitter.com/Adriana_Accorsi/status/1617608007025627136,2023-01-23T19:39:37.000Z,Recebi hoje em nosso Gabinete 13 o querido companheiro Euripedes Cipriano acompanhado dos queridos amigos Osvaldo Alves e Willian Roberto.,1,9,50
Adriana Accorsi,@Adriana_Accorsi,https://twitter.com/Adriana_Accorsi/status/1617591653010911239,2023-01-23T18:34:38.000Z,"Ao lado do Vereador Romário Policarpo e do Presidente Sindigoiânia - Sindicato dos Trabalhadores do Município de Goiânia Ronaldo Gonzaga, estive com os colegas da Guarda Civil Metropolitana (GCM), Comandante Wellington Paranhos,",2,9,48
Adriana Accorsi,@Adriana_Accorsi,https://twitter.com/Adriana_Accorsi/status/1617572002105102337,2023-01-23T17:16:32.000Z,"É com muita alegria que convido a todas e todos para a inauguração da praça que levará o nome de meu amado e saudoso pai, Darci Accorsi. Gostaria de agradecer imensamente ao Vereador Anselmo Pereira, que foi um grande amigo do meu pai+",6,20,117
Adriana Accorsi,@Adriana_Accorsi,https://twitter.com/Adriana_Accorsi/status/1617566385009311749,2023-01-23T16:54:13.000Z,"Nesta manhã, estive com o Governador Ronaldo Caiado. Falamos sobre segurança pública, infraestrutura, emprego e renda. Coloquei nosso mandato de Deputada Federal à disposição como um elo de interlocução entre o governo federal e estadual, para trabalharmos em prol da população+",1,10,83
Adriana Accorsi,@Adriana_Accorsi,https://twitter.com/Adriana_Accorsi/status/1617551941780791296,2023-01-23T15:56:50.000Z,"Mulheres de baixa renda vítimas de violência doméstica e que estejam sob medidas protetivas agora estão incluídas no benefício do Programa CNH Social, em Goiás. O projeto auxilia, de forma gratuita, quem deseja adquirir, mudar ou adicionar categoria da CNH",0,19,71
Adriana Accorsi,@Adriana_Accorsi,https://twitter.com/Adriana_Accorsi/status/1617524915846152198,2023-01-23T14:09:26.000Z,Iniciei a semana em uma discussão importantíssima na Assembleia dos Trabalhadores e Trabalhadoras no auditório da FUNASA - Fundação Nacional de Saúde coordenada pelo Sindicato dos Trabalhadores no Serviço Publico Federal+,3,13,54
Adriana Accorsi,@Adriana_Accorsi,https://twitter.com/Adriana_Accorsi/status/1617482801757962244,2023-01-23T11:22:05.000Z,"Não podemos parar de trabalhar para reverter toda essa fome e miséria deixada por Bolsonaro. Segundo matéria do Fantástico, 58% dos brasileiros estão em insegurança alimentar. Começamos a semana com muita luta e esperança para mudar esse cenário.",0,13,84
Adriana Accorsi,@Adriana_Accorsi,https://twitter.com/Adriana_Accorsi/status/1617339933894516736,2023-01-23T01:54:23.000Z,Parabéns a nossa @fab_oficial !!!,1,10,41
Adriana Accorsi,@Adriana_Accorsi,https://twitter.com/Adriana_Accorsi/status/1617326252557312002,2023-01-23T01:00:01.000Z,Hoje comemoramos 39 anos do Movimento Sem Terra! Tenho muito orgulho de ser parceira do movimento que dá umas das principais contribuições para a sociedade brasileira na produção de alimentos saudáveis para o povo brasileiro. Parabéns ao MST sua luta pelo direito de produzir!,1,37,90
Adriana Accorsi,@Adriana_Accorsi,https://twitter.com/Adriana_Accorsi/status/1617317621958852608,2023-01-23T00:25:44.000Z,"Um estadista Amado, querido e respeitado no mundo todo ! Presidente @LulaOficial nosso líder !",0,15,79
Adriana Accorsi,@Adriana_Accorsi,https://twitter.com/Adriana_Accorsi/status/1617287473142403072,2023-01-22T22:25:56.000Z,Boa viagem e bom trabalho querido Presidente @LulaOficial e querida @JanjaLula !!! Com certeza farão contatos e acordos importantes para nosso povo!!! Parabéns ao companheiro @geraldoalckmin que assume a Presidência !,0,11,64
Adriana Accorsi,@Adriana_Accorsi,https://twitter.com/Adriana_Accorsi/status/1617252794083205121,2023-01-22T20:08:07.000Z,"Hoje pude celebrar o aniversário desta grande amiga e companheira Iêda Leal, Secretária de Gestão do Sistema Nacional de Promoção Nacional da Igualdade Racial.

Desejo muitas felicidades, saúde e sucesso, parabéns, Iêda!",0,6,37
Adriana Accorsi,@Adriana_Accorsi,https://twitter.com/Adriana_Accorsi/status/1617205522318462980,2023-01-22T17:00:17.000Z,"Hoje estou celebrando o aniversário desta grande amiga e companheira Iêda Leal, Secretária de Gestão do Sistema Nacional de Promoção Nacional da Igualdade Racial. Muitas felicidades, Iêda!",3,6,82
Adriana Accorsi,@Adriana_Accorsi,https://twitter.com/Adriana_Accorsi/status/1617165336062705666,2023-01-22T14:20:36.000Z,"Racismo também se combate com conhecimento. 

Selecionamos 5 livros bem fáceis de serem encontrados, que debatem o racismo e como combatê-lo. É pra ler e refletir.
Racismo nunca mais!",4,16,84
Adriana Accorsi,@Adriana_Accorsi,https://twitter.com/Adriana_Accorsi/status/1616945985053200385,2023-01-21T23:48:58.000Z,NAZISTA!,3,11,64
Adriana Accorsi,@Adriana_Accorsi,https://twitter.com/Adriana_Accorsi/status/1616896741403496449,2023-01-21T20:33:18.000Z,"Estive nessa tarde na comemoração de aniversário de 60 anos do meu grande amigo e companheiro Nelson Galvão, que foi amigo do meu pai Darci Accorsi. Fiquei muito feliz na companhia de queridos companheiros e companheiras,",1,5,64
Adriana Accorsi,@Adriana_Accorsi,https://twitter.com/Adriana_Accorsi/status/1616889162048897024,2023-01-21T20:03:11.000Z,"Participei hoje com muita alegria da festa de comemoração dos 45 anos da UGOPOCI- União Goiana dos Policiais Civis, ao lado da minha querida amiga Nelma Félix presidenta da entidade, da Deputada Estadual Eleita Bia de Lima, pude confraternizar ao lado de vários colegas.",4,7,43
Adriana Accorsi,@Adriana_Accorsi,https://twitter.com/Adriana_Accorsi/status/1616841673065074688,2023-01-21T16:54:28.000Z,"Além do desmonte das estruturas sanitárias, a situação trágica de saúde dos Yanomami está intimamente ligada com a invasão do garimpo.",7,37,143
Adriana Accorsi,@Adriana_Accorsi,https://twitter.com/Adriana_Accorsi/status/1616839282018193412,2023-01-21T16:44:58.000Z,#SemAnistia,7,12,57
Adriana Accorsi,@Adriana_Accorsi,https://twitter.com/Adriana_Accorsi/status/1616838169772675073,2023-01-21T16:40:33.000Z,"Com muita alegria, estou na comemoração dos 45 anos da UGOPOCI ao lado da minha querida amiga Presidenta da entidade Nelma Félix.",2,4,35
Adriana Accorsi,@Adriana_Accorsi,https://twitter.com/Adriana_Accorsi/status/1616817138043392006,2023-01-21T15:16:59.000Z,Essa sim é nossa Ministra da Saúde ! Junto com o Presidente Lula cuidando e protegendo a vida da população brasileira ❤️,2,30,163
Adriana Accorsi,@Adriana_Accorsi,https://twitter.com/Adriana_Accorsi/status/1616803028937605121,2023-01-21T14:20:55.000Z,"Infelizmente, em pleno 2023, seja por falta de conhecimento ou por discriminação, a justificativa para casos de intolerância religiosa segue disfarçada de opinião. Mas esses tipos de frases e comentários carregados de ódio são crimes, de acordo com o Código Penal Brasileiro.",5,27,73
Adriana Accorsi,@Adriana_Accorsi,https://twitter.com/Adriana_Accorsi/status/1616563021928878080,2023-01-20T22:27:13.000Z,Graças a Deus derrotamos a politica da morte!! Fora nazistas assassinos!,0,8,36
Adriana Accorsi,@Adriana_Accorsi,https://twitter.com/Adriana_Accorsi/status/1616543543480451072,2023-01-20T21:09:49.000Z,EU SABIA!!! A VERDADE SEMPRE APARECE!!! #BolsonaroPreso,3,27,120
Adriana Accorsi,@Adriana_Accorsi,https://twitter.com/Adriana_Accorsi/status/1616540837168513052,2023-01-20T20:59:04.000Z,"Foi sancionada pelo Governador do Estado de Goiás a nossa lei que inclui no programa ""CNH Social"" a categoria “CNH Feminina”, destinada à mulheres de baixa renda ou vítimas de violência doméstica e medidas protetivas.",2,17,85
Adriana Accorsi,@Adriana_Accorsi,https://twitter.com/Adriana_Accorsi/status/1616527289650450432,2023-01-20T20:05:14.000Z,Um Presidente que ama e se preocupa com seu povo ❤️ #LulaEoBrasilDemocraciaEpaz,1,8,36
Adriana Accorsi,@Adriana_Accorsi,https://twitter.com/Adriana_Accorsi/status/1616525733425192964,2023-01-20T19:59:03.000Z,"Vitória: Hoje o Presidente Lula sancionou a lei que classifica os agentes comunitários de saúde e de combate as endemias como profissionais de saúde, essa é uma grande conquista e demonstra a valorização do Governo Federal para estes profissionais.",10,53,210
Adriana Accorsi,@Adriana_Accorsi,https://twitter.com/Adriana_Accorsi/status/1616507226038095875,2023-01-20T18:45:30.000Z,"Senador Canedo no Gabinete 13! Recebi a Guarda Civil Lucivania Batista, a Laiane Borges, a Marta Damázio e o João Batista. Tenho muito carinho por Senador Canedo e me sinto honrada por poder contribuir com a cidade. Contem comigo sempre!",1,8,43
Adriana Accorsi,@Adriana_Accorsi,https://twitter.com/Adriana_Accorsi/status/1616498333178003457,2023-01-20T18:10:10.000Z,"Seguindo nossas visitas no Gabinete 13, recebi o Pastor Marcos Machado acompanhado do professor Eduardo Henrique e da Roseli Antunes. É uma alegria receber e poder ouvir as demandas da população goiana em todos seus setores e questões.",2,7,33
Adriana Accorsi,@Adriana_Accorsi,https://twitter.com/Adriana_Accorsi/status/1616486892673069057,2023-01-20T17:24:42.000Z,"Iniciando os atendimentos de hoje no nosso Gabinete 13, recebi com muita alegria Associação dos Servidores do Ibama e Instituto Chico Mendes de Conservação da Biodiversidade ICMBio. Conversei com a servidora federal Valdira da Silva, Werikson Rodrigues, analista ambiental,",3,7,52
Adriana Accorsi,@Adriana_Accorsi,https://twitter.com/Adriana_Accorsi/status/1616473798831652869,2023-01-20T16:32:40.000Z,"A violência contra mulheres e meninas se tornou uma epidemia em Goiás, eu quero levar a luta contra a violência e o feminicídio para a Câmara Federal. Chega de impunidade! Que a lei se cumpra aos rigores contra essa cultura machista violenta que destrói famílias inteiras.",3,7,39
Adriana Accorsi,@Adriana_Accorsi,https://twitter.com/Adriana_Accorsi/status/1616427285136932872,2023-01-20T13:27:51.000Z,Parabéns !,0,6,39
Adriana Accorsi,@Adriana_Accorsi,https://twitter.com/Adriana_Accorsi/status/1616387119223537666,2023-01-20T10:48:14.000Z,"SEXTOU! 
STF expediu 8 mandados de prisão preventiva e 16 de busca e apreensão. Além do DF, ordens são cumpridas em São Paulo, Rio de Janeiro, Minas Gerais, Goiás, Mato Grosso do Sul.
Terroristas e os que financiaram os ataques contra democracia não ficarão impunes!",2,29,120
Adriana Accorsi,@Adriana_Accorsi,https://twitter.com/Adriana_Accorsi/status/1616241240764203010,2023-01-20T01:08:34.000Z,❤️@JorgeOMau brilhante,2,31,149
Adriana Accorsi,@Adriana_Accorsi,https://twitter.com/Adriana_Accorsi/status/1616208259416789014,2023-01-19T22:57:31.000Z,ISSO É MARAVILHOSO!!!,1,5,46
Adriana Accorsi,@Adriana_Accorsi,https://twitter.com/Adriana_Accorsi/status/1616200145850273795,2023-01-19T22:25:16.000Z,"As novas redes oficiais do novo governo Lula estão no ar, siga e fique por dentro de tudo que acontece. Fique sempre informado e combata as fake news!",1,18,87
Adriana Accorsi,@Adriana_Accorsi,https://twitter.com/Adriana_Accorsi/status/1616163823873835035,2023-01-19T20:00:57.000Z,"CHEGA DE FAKE NEWS! 

É mentira que o presidente Lula irá afastar os aplicativos de corrida do Brasil.",2,18,53
Adriana Accorsi,@Adriana_Accorsi,https://twitter.com/Adriana_Accorsi/status/1616134470305710084,2023-01-19T18:04:18.000Z,"Recebi em nosso gabinete 13 os companheiros Elias D’Angelo  presidente da FETAEG e Valdir do MST.

É sempre gratificante receber esses queridos companheiros, falamos sobre novos projetos no nosso mandato como Deputada Federal.",0,3,13
Adriana Accorsi,@Adriana_Accorsi,https://twitter.com/Adriana_Accorsi/status/1616095573920055303,2023-01-19T15:29:45.000Z,"O Presidente Lula segue reestruturando o governo, e nessa quinta-feira, 19, promoveu uma grande mudança no comando da Polícia Federal nos estados, e também da Polícia Rodoviária Federal.",5,19,127
Adriana Accorsi,@Adriana_Accorsi,https://twitter.com/Adriana_Accorsi/status/1616062069542993925,2023-01-19T13:16:37.000Z,"#TBT da minha última fala como Deputada Estadual na tribuna da Assembleia Legislativa do Estado de Goiás. Sou muito grata ao povo goiano pela confiança de legislar nesta casa e faço o compromisso de continuar representando cada uma e cada um de vocês, agora na Câmara Federal.",1,6,60
Adriana Accorsi,@Adriana_Accorsi,https://twitter.com/Adriana_Accorsi/status/1615826490293374976,2023-01-18T21:40:30.000Z,Faz o L,0,4,28
Adriana Accorsi,@Adriana_Accorsi,https://twitter.com/Adriana_Accorsi/status/1615814656748097539,2023-01-18T20:53:29.000Z,"Fui recebida para uma audiência pelo querido amigo, Secretário de Assuntos Legislativos do Ministro da Justiça e Segurança Pública Elias Vaz.

Como Deputada Federal continuarei trabalhando pela valorização da Segurança Pública no nosso País.",5,9,75
Adriana Accorsi,@Adriana_Accorsi,https://twitter.com/Adriana_Accorsi/status/1615778833780588551,2023-01-18T18:31:08.000Z,"No Ministério da Justiça e Segurança Pública fui recebida pela querida companheira coordenadora do PRONASCI, Tamires Sampaio. 

Falamos sobre a importância da elaboração de políticas públicas para por fim à violência sofrida por mulheres e meninas.",0,10,50
Adriana Accorsi,@Adriana_Accorsi,https://twitter.com/Adriana_Accorsi/status/1615754682869088259,2023-01-18T16:55:10.000Z,"Ao lado do companheiro, Deputado Federal Rubens Otoni participei do encontro dos parlamentares de Goiás com o Secretário-Executivo do Ministério da das Relações Institucionais Olavo Noleto.",1,5,42
Adriana Accorsi,@Adriana_Accorsi,https://twitter.com/Adriana_Accorsi/status/1615715003406893062,2023-01-18T14:17:30.000Z,"Nesta manhã em Brasília participo do Encontro do Presidente Lula e do Ministro do Trabalho Luiz Marinho com as Centrais Sindicais.

Encontrei a Deputada Estadual Eleita Bia de Lima que é Presidente da CUT-GO e do SINTEGO, +",3,13,43
Adriana Accorsi,@Adriana_Accorsi,https://twitter.com/Adriana_Accorsi/status/1615698165180645376,2023-01-18T13:10:35.000Z,"A minha prioridade na Câmara Federal será a defesa das mulheres e crianças do nosso país. Chega de violência, chega de impunidade! #Goias #Goiás #DeputadaFederal #DelegadaAdrianaAccorsi #DeputadaAdrianaAccorsi #AdrianaAccorsi #LulaPresidente #PT #PTGoiás",3,18,99
Adriana Accorsi,@Adriana_Accorsi,https://twitter.com/Adriana_Accorsi/status/1615506047338266624,2023-01-18T00:27:10.000Z,Defender a segregação de crianças com deficiência é NAZISMO! VAI NA CONTRAMÃO DE TODA A CIVILIZAÇÃO! FORA NAZISTAS!,8,13,76
Adriana Accorsi,@Adriana_Accorsi,https://twitter.com/Adriana_Accorsi/status/1615504860383698950,2023-01-18T00:22:28.000Z,Meu Deus,3,8,30
Adriana Accorsi,@Adriana_Accorsi,https://twitter.com/Adriana_Accorsi/status/1615478378831781891,2023-01-17T22:37:14.000Z,"Que emoção em fazer parte desta história ❤️ faz o L imediatamente,  gente !",0,9,40
Adriana Accorsi,@Adriana_Accorsi,https://twitter.com/Adriana_Accorsi/status/1615466097926635520,2023-01-17T21:48:26.000Z,Justiça para Genivaldo !,0,8,51
Adriana Accorsi,@Adriana_Accorsi,https://twitter.com/Adriana_Accorsi/status/1615452099227050010,2023-01-17T20:52:48.000Z,"Amanhã começaremos o pagamento de R$ 600 para famílias beneficiárias. Compromisso firmado durante a campanha e que conseguimos graças a PEC que aprovamos ainda na transição, já que o valor não tinha sido previsto no orçamento pelo governo anterior. 
Via @LulaOficial",3,45,157
Adriana Accorsi,@Adriana_Accorsi,https://twitter.com/Adriana_Accorsi/status/1615447721900638208,2023-01-17T20:35:25.000Z,Que notícia maravilhosa ❤️❤️❤️❤️❤️❤️❤️❤️❤️ Lula o Presidente do povo ⭐️,1,5,45
Adriana Accorsi,@Adriana_Accorsi,https://twitter.com/Adriana_Accorsi/status/1615403228144730119,2023-01-17T17:38:36.000Z,"O STF foi danificado por terroristas. Mas as Instituições não são feitas só de tijolos, são feitas de pessoas, coragem e determinação. Vamos reconstruir as estruturas e mostrar que a CF e a Democracia seguem mais fortes do que nunca. #DemocraciaInabalada 

Via @alexandre",1,14,29
Adriana Accorsi,@Adriana_Accorsi,https://twitter.com/Adriana_Accorsi/status/1615350539302375425,2023-01-17T14:09:14.000Z,"A missão que o povo goiano me deu, foi de trabalhar muito pelo nosso estado. E eu vou honrar cada voto com o compromisso de ser a Deputada mais atuante de Goiás. Vamos juntos e juntas!",2,4,31
Adriana Accorsi,@Adriana_Accorsi,https://twitter.com/Adriana_Accorsi/status/1615315905524957185,2023-01-17T11:51:37.000Z,"CHEGA DE FAKE NEWS! 
É falsa a informação que corre nas redes bolsonaristas que o governo Lula aumentou o valor do Auxílio-Reclusão para  R$ 1.754,18.
O valor pago como auxílio-reclusão é o do salário-mínimo vigente em 2023, de 1.302 reais.",9,101,339
Adriana Accorsi,@Adriana_Accorsi,https://twitter.com/Adriana_Accorsi/status/1615308452049596416,2023-01-17T11:22:00.000Z,Bom dia ☀️🌸,1,6,43
Adriana Accorsi,@Adriana_Accorsi,https://twitter.com/Adriana_Accorsi/status/1615152554924728320,2023-01-17T01:02:31.000Z,"O ministro da Educação Camilo Santana assinou a portaria que estabelece o novo piso do magistério neste ano. O rendimento dos profissionais passa de R$ 3.845,63 para R$ 4.420,55.",9,51,256
Adriana Accorsi,@Adriana_Accorsi,https://twitter.com/Adriana_Accorsi/status/1615144146158878724,2023-01-17T00:29:07.000Z,"Mais um caso inaceitável de violência contra mulheres. Além disso, o médico anestesista ainda armazenava os vídeos e portava pornografia infantil. Exijo punição nos rigores da lei! Lutarei contra a impunidade desses criminosos e pelo apoio às vítimas.",2,14,45
Adriana Accorsi,@Adriana_Accorsi,https://twitter.com/Adriana_Accorsi/status/1615138931871301632,2023-01-17T00:08:23.000Z,Exigimos investigação sobre gastos ilícitos da familícia quanto ao dinheiro do povo brasileiro!!!,1,15,45
Adriana Accorsi,@Adriana_Accorsi,https://twitter.com/Adriana_Accorsi/status/1615079045116428291,2023-01-16T20:10:25.000Z,"Recebi hoje no nosso Gabinete 13 a Deputada Estadual Eleita Bia de Lima, acompanhada da companheira Sandra Cabral, falamos sobre nossos novos projetos como Deputadas Eleitas.  Continuaremos a defesa pela Educação do Estado de Goiás!",0,1,24
Adriana Accorsi,@Adriana_Accorsi,https://twitter.com/Adriana_Accorsi/status/1615069571043717121,2023-01-16T19:32:46.000Z,"QUANTA DIFERENÇA!
Sai um governo ríspido e violento com jornalistas e entra um governo que valoriza a comunicação e a imprensa. Parabenizo a Kariane Costa (@kariane_costaDF) que assumiu o cargo de diretora-presidente da EBC (@ebcnarede) Fará um brilhante trabalho e conte comigo!",5,7,57
Adriana Accorsi,@Adriana_Accorsi,https://twitter.com/Adriana_Accorsi/status/1615062499501707264,2023-01-16T19:04:40.000Z,"🚨🚨🚨 CHEGA DE FAKE NEWS! COMPARTILHE A VERDADE! 
Segue o fio 🧶 👇🏼",1,35,98
Adriana Accorsi,@Adriana_Accorsi,https://twitter.com/Adriana_Accorsi/status/1615029763969531904,2023-01-16T16:54:36.000Z,"O BRASIL PRECISA DE PAZ! 
Quase metade dos entrevistados acham que os envolvidos nas depredações devem ser presos. 77% acreditam que os criminosos serão punidos, de acordo com a pesquisa.
Sem anistia! Todos serão punidos.",1,16,36
Adriana Accorsi,@Adriana_Accorsi,https://twitter.com/Adriana_Accorsi/status/1615019715251912706,2023-01-16T16:14:40.000Z,"MUITO PARA ESCONDER 
1108 sigilos impostos por Bolsonaro vão do acesso de seus filhos ao Palácio do Planalto a reuniões com pastores que negociaram verbas com prefeitos em nome do Ministério da Educação.",2,17,56
Adriana Accorsi,@Adriana_Accorsi,https://twitter.com/Adriana_Accorsi/status/1614986588445970433,2023-01-16T14:03:02.000Z,"Nessa manhã, fui recebida com muito carinho pelos meus colegas e amigos Delegados Dr. Daniel Adorni e o Dr. Joaquim Adorno, e os policiais Lorenna Dantas Lara e Ricardo Vilaverde. +",3,11,87
Adriana Accorsi,@Adriana_Accorsi,https://twitter.com/Adriana_Accorsi/status/1614963708710510592,2023-01-16T12:32:07.000Z,"Com muita alegria, começo a semana em visita à Escola Superior da Polícia Civil. Um convite feito por meus colegas Delegados Dr. Daniel Adorni e Dr. Joaquim Adorno.",2,11,133
Adriana Accorsi,@Adriana_Accorsi,https://twitter.com/Adriana_Accorsi/status/1614772342273769473,2023-01-15T23:51:42.000Z,"Lula tem o apoio do povo brasileiro para governar, juntos vamos reconstruir o Brasil e garantir um país com justiça social para todos!",9,23,199
Adriana Accorsi,@Adriana_Accorsi,https://twitter.com/Adriana_Accorsi/status/1614690855595524097,2023-01-15T18:27:54.000Z,"Vababundos bolsonaristas, não são só maus, são desinformados e burros, entrando em minhas redes para falar do meu pai, ex prefeito de Goiânia, meu pai foi fundador do @ptbrasil junto com @LulaOficial e o defendeu até a morte! Hoje defendo seu legado de defesa da democracia",75,128,1.089
Adriana Accorsi,@Adriana_Accorsi,https://twitter.com/Adriana_Accorsi/status/1614672917102723073,2023-01-15T17:16:37.000Z,Sigam o fio da informação!,2,14,65
Adriana Accorsi,@Adriana_Accorsi,https://twitter.com/Adriana_Accorsi/status/1614368153353461767,2023-01-14T21:05:35.000Z,Que emoção !!! O Presidente que ama seu povo ❤️,5,23,101
Adriana Accorsi,@Adriana_Accorsi,https://twitter.com/Adriana_Accorsi/status/1614296546975129600,2023-01-14T16:21:03.000Z,DEMOCRACIA SEMPRE!,15,18,187
Adriana Accorsi,@Adriana_Accorsi,https://twitter.com/Adriana_Accorsi/status/1614265156787216385,2023-01-14T14:16:19.000Z,Muito importante!,1,9,48
Adriana Accorsi,@Adriana_Accorsi,https://twitter.com/Adriana_Accorsi/status/1614231198573760514,2023-01-14T12:01:23.000Z,"Meus mais profundos sentimentos ao Ministro Luís Roberto Barroso (@LRobertoBarroso) pela inestimável perda de sua esposa Tereza Barroso. Que haja conforto aos seus filhos, familiares e amigos.",3,27,366
Adriana Accorsi,@Adriana_Accorsi,https://twitter.com/Adriana_Accorsi/status/1614224605354381312,2023-01-14T11:35:11.000Z,"Torres será investigado devido aos ataques terroristas aos Três Poderes, pois era secretário de Segurança do Distrito Federal - cargo ao qual foi exonerado no mesmo dia -, responsável pela segurança da Esplanada dos Ministérios.",4,29,100
Adriana Accorsi,@Adriana_Accorsi,https://twitter.com/Adriana_Accorsi/status/1614018652919025682,2023-01-13T21:56:48.000Z,O Presidente dos Trabalhadores e Trabalhadoras ❤️❤️❤️❤️❤️,0,7,46
Adriana Accorsi,@Adriana_Accorsi,https://twitter.com/Adriana_Accorsi/status/1614002052983672844,2023-01-13T20:50:50.000Z,"Continuando as visitas em nosso gabinete 13, nesta sexta-feira, recebi o Conselheiro Assis Xavier da Conab - Companhia Nacional de Abastecimento, acompanhado dos funcionários do INCRA - Instituto Nacional de Colonização e Reforma Agrária +",2,8,46
Adriana Accorsi,@Adriana_Accorsi,https://twitter.com/Adriana_Accorsi/status/1613991844374843414,2023-01-13T20:10:16.000Z,Esteve no nosso Gabinete 13 o Funcionário Público Sandro Valverde acompanhado do Bianol Jr. Sempre prezo por ouvir as demandas de toda a população e me colocar à disposição das servidoras e servidores públicos.,1,8,38
Adriana Accorsi,@Adriana_Accorsi,https://twitter.com/Adriana_Accorsi/status/1613989609284964352,2023-01-13T20:01:23.000Z,"Recebi também no nosso Gabinete 13 as Professoras Sara de Castro e Nara Rúbia do Sindicato dos Professores no Estado de Goiás, acompanhadas da professora Fernanda Moi.",3,10,49
Adriana Accorsi,@Adriana_Accorsi,https://twitter.com/Adriana_Accorsi/status/1613981224300691456,2023-01-13T19:28:04.000Z,"Seguindo os atendimentos desta tarde, recebi a querida Magna Márcia da FETAEG - Federação dos Trabalhadores Rurais na Agricultura Familiar do Estado de Goiás. E recebi dela, com muita satisfação, o Cartaz da Marcha das Margaridas 2023.",3,6,48
Adriana Accorsi,@Adriana_Accorsi,https://twitter.com/Adriana_Accorsi/status/1613974287102115847,2023-01-13T19:00:30.000Z,"Hoje no Gabinete 13, recebi com muita satisfação meus colegas Delegado Queops Barreto e o Policial Maxsuell Miranda das Neves do SINSEP-GO - Sindicato dos Servidores do Sistema de Execução Penal no Estado de Goiás para falarmos da Segurança Pública do nosso estado.",1,7,40
Adriana Accorsi,@Adriana_Accorsi,https://twitter.com/Adriana_Accorsi/status/1613937473343688716,2023-01-13T16:34:13.000Z,"🗣️ ALÔ, MILITÂNCIA!
Vem aí a festa dos 43 anos do PT 🌟 📆 Marca aí na sua agenda, dia 10 de fevereiro a comemoração é em Brasília (DF)!#PT43Anos",2,13,61
Adriana Accorsi,@Adriana_Accorsi,https://twitter.com/Adriana_Accorsi/status/1613920684819767296,2023-01-13T15:27:31.000Z,"Nessa manhã, fui recebida com muito carinho no Sindicato dos Delegados de Polícia do Estado de Goiás - SINDEPOL, minha casa, onde me reuni com vários colegas delegados e delegadas debatendo sobre Segurança Pública no nosso estado e no Brasil.",2,8,58
Adriana Accorsi,@Adriana_Accorsi,https://twitter.com/Adriana_Accorsi/status/1613858331722145792,2023-01-13T11:19:44.000Z,"SEXTOOOU no primeiro dia 13 do governo Lula. É muita sorte! 🍀 
Bom dia, meus amigos e minhas amigas!",5,14,96
Adriana Accorsi,@Adriana_Accorsi,https://twitter.com/Adriana_Accorsi/status/1613682644520255490,2023-01-12T23:41:37.000Z,Muito feliz com a notícia da política de assistência aos órfãos da pandemia da COVID-19 em âmbito nacional. Na Assembleia Legislativa de Goiás apresentei essa iniciativa através de requerimento. +,5,26,124
Adriana Accorsi,@Adriana_Accorsi,https://twitter.com/Adriana_Accorsi/status/1613674359444606977,2023-01-12T23:08:42.000Z,Toda a verdade sobre estes bandidos será revelada ! #BolsonaroNaCadeia2023,1,4,27
Adriana Accorsi,@Adriana_Accorsi,https://twitter.com/Adriana_Accorsi/status/1613654175518445574,2023-01-12T21:48:30.000Z,"Tive um agradável encontro com o Ministro do Desenvolvimento Agrário do nosso país, Paulo Teixeira. Em Brasília estaremos sempre juntos trabalhando para fomentar no nosso Estado de Goiás, +",5,6,79
Adriana Accorsi,@Adriana_Accorsi,https://twitter.com/Adriana_Accorsi/status/1613651961890447382,2023-01-12T21:39:42.000Z,"Fui recebida também em Brasília, pelo Secretário Nacional de Segurança Pública, Tadeu Alencar junto com sua assessora Isabel Figueiredo, onde falamos sobre as Políticas Públicas voltadas para a Segurança, e na oportunidade, me coloquei à disposição para juntos podermos garantir +",3,8,64
Adriana Accorsi,@Adriana_Accorsi,https://twitter.com/Adriana_Accorsi/status/1613650337490935808,2023-01-12T21:33:15.000Z,"Importantíssimo resgate da historia do desaparecido político Stuart Angel preso, torturado e morto pela ditadura militar brasileira e de sua mãe, que lutou até a morte por justiça para seu filho ! Não podemos esquecer! DITADURA NUNCA MAIS! DEMOCRACIA PARA SEMPRE!",1,10,41
Adriana Accorsi,@Adriana_Accorsi,https://twitter.com/Adriana_Accorsi/status/1613649762464538629,2023-01-12T21:30:58.000Z,"Em Brasília, estive no Ministério de Relações Institucionais visitando os queridos amigos e conterrâneos, o Secretário-executivo Olavo Noleto, o chefe de gabinete da secretaria executiva, Sérgio Dias e o Professor Zé do Carmo. Vamos unindo forças para reconstruir nosso país!",4,5,60
Adriana Accorsi,@Adriana_Accorsi,https://twitter.com/Adriana_Accorsi/status/1613644582167932929,2023-01-12T21:10:23.000Z,"Em Brasília, na tarde de hoje, fui recebida pelo novo Diretor-Geral da Polícia Federal, o meu colega Delegado Andrei Rodrigues, na oportunidade desejei sucesso em seu trabalho e coloquei nosso mandato à disposição para que juntos possamos fazer grandes parcerias.",0,7,53
Adriana Accorsi,@Adriana_Accorsi,https://twitter.com/Adriana_Accorsi/status/1613618418032250892,2023-01-12T19:26:25.000Z,"É gravíssima a notícia de que a Polícia Federal encontrou na casa de Anderson Torres, Ex-Ministro da Justiça de Bolsonaro, uma minuta que tinha o objetivo de mudar o resultado das eleições.",1,9,66
Adriana Accorsi,@Adriana_Accorsi,https://twitter.com/Adriana_Accorsi/status/1613584217614553091,2023-01-12T17:10:31.000Z,Parabenizo o meu querido amigo Delegado do GEACRI Dr. Joaquim Adorno pela brilhante entrevista concedida ao Jornal Anhanguera sobre a sanção e as mudanças ocorridas na nova Lei de Racismo.,3,8,51
Adriana Accorsi,@Adriana_Accorsi,https://twitter.com/Adriana_Accorsi/status/1613569378183774210,2023-01-12T16:11:33.000Z,A informação de que a GSI desmobilizou esquema especial de segurança horas antes dos ataques terroristas do último domingo É GRAVÍSSIMA! Houve dispensa do pelotão que reforçava o Batalhão da Guarda Presidencial. É preciso investigação rigorosa para saber de onde veio o comando.,0,6,39
Adriana Accorsi,@Adriana_Accorsi,https://twitter.com/Adriana_Accorsi/status/1613562489354027008,2023-01-12T15:44:10.000Z,"Lula quebra mais um sigilo de 100 anos e expõe que foram gastos de R$13,7 milhões com hotéis e R$10,2 milhões com comida, sendo R$480 mil em peixarias, R$8,6 mil em sorveterias e R$362 mil em uma única padaria. Não é estranho? Tem que investigar e punir.",21,61,202
Adriana Accorsi,@Adriana_Accorsi,https://twitter.com/Adriana_Accorsi/status/1613549593341399041,2023-01-12T14:52:56.000Z,"Marielle, presente !",1,5,44
Adriana Accorsi,@Adriana_Accorsi,https://twitter.com/Adriana_Accorsi/status/1613548708678754306,2023-01-12T14:49:25.000Z,Um #tbt🔙📸  de muita alegria e emoção! Na posse do Presidente Lula. Muita esperança e certeza de um Brasil melhor. Já está acontecendo! ❤️,1,6,66
Adriana Accorsi,@Adriana_Accorsi,https://twitter.com/Adriana_Accorsi/status/1613485660270125057,2023-01-12T10:38:53.000Z,Bom dia ☀️ que maravilha ! Conte comigo querido Presidente @LulaOficial ❤️,0,11,82
Adriana Accorsi,@Adriana_Accorsi,https://twitter.com/Adriana_Accorsi/status/1613463177802514432,2023-01-12T09:09:32.000Z,Parabéns a nossa @PFdoBrasil !,0,6,45
Adriana Accorsi,@Adriana_Accorsi,https://twitter.com/Adriana_Accorsi/status/1613351431376879616,2023-01-12T01:45:30.000Z,"Minha mãe, que lutou contra a ditadura, me falou a mesma coisa! Que dor! Lutarei contra estes nazistas com todas minhas forças por toda minha vida !",4,20,118
Adriana Accorsi,@Adriana_Accorsi,https://twitter.com/Adriana_Accorsi/status/1613337190121242626,2023-01-12T00:48:55.000Z,QUE MARAVILHAAAAAAAAAAAAAAAAAAAAA,1,10,37
Adriana Accorsi,@Adriana_Accorsi,https://twitter.com/Adriana_Accorsi/status/1613319527231635456,2023-01-11T23:38:43.000Z,Força! Coragem! Luta!!!!,2,11,55
Adriana Accorsi,@Adriana_Accorsi,https://twitter.com/Adriana_Accorsi/status/1613316047943122944,2023-01-11T23:24:54.000Z,Parabenizo aos colegas da @pcgooficial pela apreensão dos ônibus que foram utilizados no transporte de passageiros para os atos antidemocráticos de vandalismo em Brasília no último domingo. Estamos juntos e juntas pela garantia da manutenção da democracia do nosso país!,0,18,121
Adriana Accorsi,@Adriana_Accorsi,https://twitter.com/Adriana_Accorsi/status/1613307711890001925,2023-01-11T22:51:46.000Z,"Hoje é um dia histórico para nossa sociedade que sofreu por séculos com o preconceito. O Presidente Lula acaba de sancionar a Lei 4566/2021, que tipifica injúria racial como crime de racismo. Estamos reconstruindo o Brasil livre do preconceito!",3,15,88
Adriana Accorsi,@Adriana_Accorsi,https://twitter.com/Adriana_Accorsi/status/1613307484864651265,2023-01-11T22:50:52.000Z,"A representação e força de @aniellefranco no Ministério da Igualdade Racial, representam muito bem o povo brasileiro. Desejo toda sorte e sucesso para Anielle Franco, que as sementes de Marielle se multipliquem muito mais.",5,16,115
Adriana Accorsi,@Adriana_Accorsi,https://twitter.com/Adriana_Accorsi/status/1613302374814154756,2023-01-11T22:30:34.000Z,Combate ao racismo !!! Estamos juntos meu Presidente!,3,9,37
Adriana Accorsi,@Adriana_Accorsi,https://twitter.com/Adriana_Accorsi/status/1613271205615640585,2023-01-11T20:26:43.000Z,"Quero parabenizar a minha querida amiga Ieda Leal, a nova Secretária de Gestão do Sistema Nacional de Promoção da Igualdade Racial do Ministério da Igualdade Racial. Com toda certeza fará um brilhante trabalho com muita competência e conhecimento. Conte comigo!",8,26,183
Adriana Accorsi,@Adriana_Accorsi,https://twitter.com/Adriana_Accorsi/status/1613255061098098688,2023-01-11T19:22:34.000Z,"Não irei disputar a prefeitura de Goiânia, porque eu fui eleita Deputada Federal com votos de todo o Estado de Goiás, e a minha missão, dada por meus eleitores e minhas eleitoras, é ajudar o Presidente Lula no Congresso Nacional. Precisamos urgente reconstruir esse país!",19,26,265
Adriana Accorsi,@Adriana_Accorsi,https://twitter.com/Adriana_Accorsi/status/1613201700281622531,2023-01-11T15:50:31.000Z,"Duas mulheres muito fortes e brilhantes serão empossadas hoje como ministras da Igualdade Racial e dos Povos Indígenas. @aniellefranco  e @GuajajaraSonia, contem comigo como Deputada Federal nesse desafio de reconstruir o país.",1,9,82
Adriana Accorsi,@Adriana_Accorsi,https://twitter.com/Adriana_Accorsi/status/1613192131342135297,2023-01-11T15:12:30.000Z,Estarei ao seu lado querido Presidente @LulaOficial !!!,0,4,27
Adriana Accorsi,@Adriana_Accorsi,https://twitter.com/Adriana_Accorsi/status/1612970939066482689,2023-01-11T00:33:34.000Z,DEMOCRACIA SEMPRE!,0,6,43
Adriana Accorsi,@Adriana_Accorsi,https://twitter.com/Adriana_Accorsi/status/1612872530183716864,2023-01-10T18:02:31.000Z,"Tramita na Assembleia Legislativa o nosso Projeto de Lei que “Determina que seja disponibilizado em sites e aplicativos de órgãos estaduais um ícone destinado a realização de denúncias de crimes cometidos contra mulheres em todo o estado de Goiás"".",2,14,66
Adriana Accorsi,@Adriana_Accorsi,https://twitter.com/Adriana_Accorsi/status/1612782674644533248,2023-01-10T12:05:28.000Z,União pela democracia ! DEMOCRACIA PARA SEMPRE! Paz e Prosperidade! #LulaPresidente2023,0,4,32
Adriana Accorsi,@Adriana_Accorsi,https://twitter.com/Adriana_Accorsi/status/1612624764623015936,2023-01-10T01:37:59.000Z,Estas e estes são verdadeiras patriotas!,2,7,51
Adriana Accorsi,@Adriana_Accorsi,https://twitter.com/Adriana_Accorsi/status/1612599130869891073,2023-01-09T23:56:08.000Z,Líderes do Brasil unidos pela democracia!!! Democracia para SEMPRE! Parabéns grande estadista Presidente @LulaOficial por unir nosso País !,0,19,97
Adriana Accorsi,@Adriana_Accorsi,https://twitter.com/Adriana_Accorsi/status/1612596630980825089,2023-01-09T23:46:12.000Z,SEM ANISTIA! Hoje o povo esteve nas ruas em todo o Brasil em defesa da democracia e contra os atos terrorista que aconteceram em Brasília. Em Goiânia nosso mandato foi representado pela Secretaria da JPT Goiânia Chris Souza e Edilson Coelho.,6,25,131
Adriana Accorsi,@Adriana_Accorsi,https://twitter.com/Adriana_Accorsi/status/1612586506153074693,2023-01-09T23:05:58.000Z,"Acontece agora a reunião dos Governadores com Presidente Lula para discutir ações conjuntas contra atos criminosos e golpistas. Parabéns ao vice-governador do Estado de Goiás, @DanielVilela15, que está participando.Nosso estado precisa de ação contra o terrorismo antidemocrático!",3,9,50
Adriana Accorsi,@Adriana_Accorsi,https://twitter.com/Adriana_Accorsi/status/1612554137605906447,2023-01-09T20:57:20.000Z,"Hoje em Brasília, estive em importante reunião política com nossa grande líder, a Presidenta Nacional do Partido dos Trabalhadores, @gleisi, debatendo o fortalecimento de nossas lutas e nosso partido em Goiás e no Brasil para apoiar nosso Presidente Lula na reconstrução do País.",4,8,94
Adriana Accorsi,@Adriana_Accorsi,https://twitter.com/Adriana_Accorsi/status/1612541749305511936,2023-01-09T20:08:07.000Z,"Chegando em Brasília para reunião com lideranças partidárias e encontrando a nossa Secretária de Juventude do PT Nacional, a querida amiga @nadiagarciapt",0,4,40
Adriana Accorsi,@Adriana_Accorsi,https://twitter.com/Adriana_Accorsi/status/1612461710870208520,2023-01-09T14:50:04.000Z,O Ministério da Justiça e Segurança Pública criou o e-mail denuncia@mj.gov.br para receber denúncias sobre os atos terroristas. DENUNCIE!,1,30,64
Adriana Accorsi,@Adriana_Accorsi,https://twitter.com/Adriana_Accorsi/status/1612442585884426242,2023-01-09T13:34:04.000Z,Será que ela já chegou à superintendência da PF?!,2,7,31
Adriana Accorsi,@Adriana_Accorsi,https://twitter.com/Adriana_Accorsi/status/1612429874915860484,2023-01-09T12:43:34.000Z,"・・・🗣️🗣️ ATO EM DEFESA DA DEMOCRACIA E CONTRA O TERRORISMO. 

A Juventude do PT de Goiânia convoca a todos para construírem uma grande manifestação em defesa da democracia e contra o terrorismo golpista bolsonarista. Também aproveitamos para manifestar nosso repúdio a +",6,53,146
Adriana Accorsi,@Adriana_Accorsi,https://twitter.com/Adriana_Accorsi/status/1612427698399223808,2023-01-09T12:34:55.000Z,"Ontem foi um dia de atentado para a democracia, mas estamos agindo com rigor. Mais de 300 pessoas foram presas! Temos policiais de todo Brasil seguindo para Brasília para proteger nossas Instituições.",7,14,160
Adriana Accorsi,@Adriana_Accorsi,https://twitter.com/Adriana_Accorsi/status/1612421787962286081,2023-01-09T12:11:26.000Z,Justiça para os terroristas ! Ajude a identificar os criminosos !,1,8,44
Adriana Accorsi,@Adriana_Accorsi,https://twitter.com/Adriana_Accorsi/status/1612249259453063168,2023-01-09T00:45:52.000Z,É irreparável o dano a democracia e ao patrimônio do povo brasileiro perpetrados pelos terroristas hoje em Brasília! Todas as autoridades omissas e negligentes devem ser responsabilizadas! Rigor da lei para todos criminosos !,1,24,62
Adriana Accorsi,@Adriana_Accorsi,https://twitter.com/Adriana_Accorsi/status/1612233979213619202,2023-01-08T23:45:09.000Z,Exatamente ! Foram negligentes com a segurança dos símbolos da república e do Estado Democrático de Direito ! Foi conivência é cumplicidade criminosa !,4,18,66
Adriana Accorsi,@Adriana_Accorsi,https://twitter.com/Adriana_Accorsi/status/1612232903982817280,2023-01-08T23:40:52.000Z,Criminosos nazistas,4,15,62
Adriana Accorsi,@Adriana_Accorsi,https://twitter.com/Adriana_Accorsi/status/1612210734385225728,2023-01-08T22:12:47.000Z,"Ministro @FlavioDino, como Delegada da Polícia Civil do Estado de Goiás, me coloco à disposição para criarmos um trabalho eficiente para defender a nossa democracia, as Leis, a Constituição Federal e combater o terrorismo bolsonarista golpista.",6,22,162
Adriana Accorsi,@Adriana_Accorsi,https://twitter.com/Adriana_Accorsi/status/1612200835836170240,2023-01-08T21:33:27.000Z,AGU pede ao ministro Alexandre de Moraes prisão em flagrante dos envolvidos em atos golpistas inclusive do ex-secretario de Segurança do DF Anderson Torres.,3,22,82
Adriana Accorsi,@Adriana_Accorsi,https://twitter.com/Adriana_Accorsi/status/1612195534747439108,2023-01-08T21:12:23.000Z,O Presidente Lula acaba de decretar Intervenção Federal no Distrito Federal pelo bem da ordem pública!,20,99,717
Adriana Accorsi,@Adriana_Accorsi,https://twitter.com/Adriana_Accorsi/status/1612192580858695680,2023-01-08T21:00:39.000Z,"Ibaneis exonerou o Secretário de Segurança do DF o Bolsonarista Anderson Torres somente após os terroristas destruírem os prédios dos Três Poderes em Brasília.
É imediato o reforço de estados vizinhos e do governo federal no apoio ao efetivo policial para conter os terroristas.",8,10,63
Adriana Accorsi,@Adriana_Accorsi,https://twitter.com/Adriana_Accorsi/status/1612191222311063553,2023-01-08T20:55:15.000Z,"A forma mais fácil de obter os nomes desses terroristas, de quem financiou e organizou o ato, são as listas dos ônibus que transportaram esses criminosos! 
Prisão imediata para os bandidos, seus organizadores e financiadores da violência e destruição.",13,38,177
Adriana Accorsi,@Adriana_Accorsi,https://twitter.com/Adriana_Accorsi/status/1612187189428764685,2023-01-08T20:39:13.000Z,Esses são os cidadãos de bem:,11,45,176
Adriana Accorsi,@Adriana_Accorsi,https://twitter.com/Adriana_Accorsi/status/1612171819120828423,2023-01-08T19:38:09.000Z,NÃO SÃO MANIFESTANTES! SÃO TERRORISTAS!,3,12,66
Adriana Accorsi,@Adriana_Accorsi,https://twitter.com/Adriana_Accorsi/status/1612170969350643713,2023-01-08T19:34:46.000Z,Total conivência do Governo do DF diante de mais uma onda de destruição e violência de terroristas bolsonaristas em Brasília. Estão destruindo tudo que podem debaixo dos olhos da PM-DF de Ibaneis Rocha que segue apenas observando.,11,37,141
Adriana Accorsi,@Adriana_Accorsi,https://twitter.com/Adriana_Accorsi/status/1612156254704619521,2023-01-08T18:36:18.000Z,"Terroristas bolsonaristas, inconformados com a derrota, invadiram e depredaram o Congresso Nacional e o Palácio do Planalto, agora planejam destruir o STF. 
Não vamos normalizar a barbárie de bandidos que atentam contra a democracia!",7,18,100
Adriana Accorsi,@Adriana_Accorsi,https://twitter.com/Adriana_Accorsi/status/1611852909318225920,2023-01-07T22:30:55.000Z,As instituições voltaram a funcionar! Parabéns Brasil 🇧🇷,6,50,484
Adriana Accorsi,@Adriana_Accorsi,https://twitter.com/Adriana_Accorsi/status/1611849588360593410,2023-01-07T22:17:43.000Z,"O Presidente Lula assume mais uma vez uma tarefa muito importante, acabar com a fome que voltou a assolar o nosso país. Vamos garantir a alimentação digna povo brasileiro.",1,16,69
Adriana Accorsi,@Adriana_Accorsi,https://twitter.com/Adriana_Accorsi/status/1611783627901374465,2023-01-07T17:55:37.000Z,Nazista ! Ela deu voz aos nazistas brasileiros ! Temos que repudiar esse pensamento com todo rigor !,3,13,49
Adriana Accorsi,@Adriana_Accorsi,https://twitter.com/Adriana_Accorsi/status/1611782188823089158,2023-01-07T17:49:53.000Z,Exigimos este bandido preso !,5,33,114
Adriana Accorsi,@Adriana_Accorsi,https://twitter.com/Adriana_Accorsi/status/1611708535951204359,2023-01-07T12:57:13.000Z,Eu passava metade do tempo falando sobre a posse do presidente Lula e a outra metade torcendo para que alguém falasse sobre a posse comigo ❤️🎨 @desenholadino,5,20,155
Adriana Accorsi,@Adriana_Accorsi,https://twitter.com/Adriana_Accorsi/status/1611707349177188352,2023-01-07T12:52:30.000Z,"Eles fizeram isso com todos nós e com nosso País! Fica um rastro de sujeira, destruição! Graças a Deus e a nossa luta com o Presidente @LulaOficial e @JanjaLula , varremos estes bandidos do poder! Vamos reconstruir tudo, nosso Palácio, a educação, a saúde, as políticas sociais !",1,14,33
Adriana Accorsi,@Adriana_Accorsi,https://twitter.com/Adriana_Accorsi/status/1611530968199839747,2023-01-07T01:11:38.000Z,QUE NOJO!!!!,8,11,120
Adriana Accorsi,@Adriana_Accorsi,https://twitter.com/Adriana_Accorsi/status/1611525992056594434,2023-01-07T00:51:51.000Z,"Muito importante a responsabilização rigorosa de criminosos antidemocráticos que colocaram em risco a vida de tantas pessoas! Parabéns ao Ministro @alexandre , guardião da democracia!",0,6,37
Adriana Accorsi,@Adriana_Accorsi,https://twitter.com/Adriana_Accorsi/status/1611498823779602433,2023-01-06T23:03:54.000Z,"Concluindo as agendas em Brasília, estive no Sindicato dos Trabalhadores no Comércio acompanhada do meu colega advogado, Dr. Bruno Rocha. Reafirmei meu compromisso com a categoria, e coloquei nosso mandato à disposição para as demandas e lutas.",2,9,47
Adriana Accorsi,@Adriana_Accorsi,https://twitter.com/Adriana_Accorsi/status/1611489561892507648,2023-01-06T22:27:06.000Z,"Também nesta tarde em Brasília, visitei a Amanda Corsino, Presidenta Sindicato dos Trabalhadores dos Correios e Telégrafos do Distrito Federal e Região do Entorno (SINTECT-DF). Manifestei meu apoio à categoria, enfatizei que sou contra qualquer +",5,12,75
Adriana Accorsi,@Adriana_Accorsi,https://twitter.com/Adriana_Accorsi/status/1611441391338680320,2023-01-06T19:15:41.000Z,"Hoje em audiência com Sérgio Alberto Dias, assessor do Ministro das Relações Institucionais Alexandre Padilha, pedi que atendesse as demandas da cidade de Cavalcante, levadas pelo prefeito Vilmar Kalunga e o Secretário João Lino.",6,18,121
Adriana Accorsi,@Adriana_Accorsi,https://twitter.com/Adriana_Accorsi/status/1611390115376504834,2023-01-06T15:51:56.000Z,Uma notícia lamentável! Reflexo de um governo que não investiu em vacinação e ainda fez campanha negacionista e cheia de notícias falsas sobre as vacinas. Nós vamos retomar os cuidados com a saúde de nossas crianças!,0,13,37
Adriana Accorsi,@Adriana_Accorsi,https://twitter.com/Adriana_Accorsi/status/1611364054051835907,2023-01-06T14:08:22.000Z,"É um alívio ter um governo que não ataca, não ofende e nem segrega religiões. Somos um país rico em diversidade e devemos respeitar a crença de cada um. Fiquei muito alegre com essa notícia!",1,22,129
Adriana Accorsi,@Adriana_Accorsi,https://twitter.com/Adriana_Accorsi/status/1611342727701995520,2023-01-06T12:43:38.000Z,"O Presidente Lula tem hoje sua primeira reunião ministerial. Que seja o início de um brilhante trabalho em equipe. Depois de tanto descaso e abandono, o nosso país carece de cuidados e atenção! Contem comigo na Câmara Federal. Vamos reconstruir nosso Brasil!",5,10,81
Adriana Accorsi,@Adriana_Accorsi,https://twitter.com/Adriana_Accorsi/status/1611328462165348352,2023-01-06T11:46:57.000Z,"Foi com profunda tristeza que recebi a notícia da morte do querido Thiago Henrique, 30 anos, coordenador da Parada LGBTQIA+ de Goiânia. Thiago lutava contra um câncer, contraiu Covid durante o tratamento e não resistiu. 
Meus mais profundos sentimentos para toda família e amigos.",18,32,352
Adriana Accorsi,@Adriana_Accorsi,https://twitter.com/Adriana_Accorsi/status/1611324157450457088,2023-01-06T11:29:50.000Z,"Bom dia, meus amigos e minhas amigas. Tenho muito orgulho de representar o povo goiano e quero continuar sendo a voz daqueles que mais precisam.",5,9,93
Adriana Accorsi,@Adriana_Accorsi,https://twitter.com/Adriana_Accorsi/status/1611133911979134977,2023-01-05T22:53:52.000Z,O Presidente Lula assumiu e a felicidade já está de volta no povo brasileiro.,1,15,120
Adriana Accorsi,@Adriana_Accorsi,https://twitter.com/Adriana_Accorsi/status/1611119972406763520,2023-01-05T21:58:29.000Z,MARAVILHOSOOOOOOOOOOOOOOOO,1,8,52
Adriana Accorsi,@Adriana_Accorsi,https://twitter.com/Adriana_Accorsi/status/1611103197115961358,2023-01-05T20:51:49.000Z,ESTADISTA É ASSIM!!!,0,7,34
Adriana Accorsi,@Adriana_Accorsi,https://twitter.com/Adriana_Accorsi/status/1611099677633515525,2023-01-05T20:37:50.000Z,TODA A VERDADE SERÁ REVELADA!!!! PORQUE COLOCARAM SIGILO DE 100 ANOS?!,0,15,42
Adriana Accorsi,@Adriana_Accorsi,https://twitter.com/Adriana_Accorsi/status/1611076667069325315,2023-01-05T19:06:24.000Z,Nosso mandato já tem endereço e o número do gabinete é 740. É de lá que vamos fazer história!,16,27,316
Adriana Accorsi,@Adriana_Accorsi,https://twitter.com/Adriana_Accorsi/status/1611047020571299845,2023-01-05T17:08:36.000Z,"A nossa Ministra do Planejamento @simonetebetbr foi a primeira prefeita de Três Lagoas, a primeira vice-governadora de MS, a primeira mulher a presidir a CCJ do Senado. Entre essas brilhantes primeiras vezes, não tenho dúvidas que fará um ótimo trabalho por quem mais precisa.",3,7,70
Adriana Accorsi,@Adriana_Accorsi,https://twitter.com/Adriana_Accorsi/status/1611018576311222272,2023-01-05T15:15:34.000Z,"As primeiras sinalizações da Ministra Nísia Trindade no comando da Saúde são fundamentais:
Retomar o Mais Médicos
Recompor o orçamento do SUS
Reconstruir o PNI
Retomar o Departamento de saúde mental.
Como Deputada Federal, estarei comprometida com a efetivação desses projetos.",9,49,256
Adriana Accorsi,@Adriana_Accorsi,https://twitter.com/Adriana_Accorsi/status/1611002598110158855,2023-01-05T14:12:05.000Z,"Não poderia deixar de registrar meu encontro com Ivan Baron, jovem potiguar que aos 3 anos de idade teve meningite viral, doença que causou sua Paralisia Cerebral, que apesar, do nome, nunca lhe paralisou. Referência na luta Anticapacitista. Conte comigo, querido @ivanbaron !",3,14,178
Adriana Accorsi,@Adriana_Accorsi,https://twitter.com/Adriana_Accorsi/status/1610966950552932352,2023-01-05T11:50:25.000Z,Nosso querido @ricardostuckert que eterniza e nos permite conhecer cada momento importante da vida do nosso Presidente @LulaOficial ❤️,0,19,106
Adriana Accorsi,@Adriana_Accorsi,https://twitter.com/Adriana_Accorsi/status/1610949886266204162,2023-01-05T10:42:37.000Z,"Bom dia, meus amigos e minhas amigas! Eu vou honrar cada voto que recebi trabalhando junto com Presidente Lula pela reconstrução do nosso país.#Goias #Goiás #DeputadaFederal #DelegadaAdrianaAccorsi #DeputadaAdrianaAccorsi #AdrianaAccorsi #LulaPresidente #PT",6,18,127
Adriana Accorsi,@Adriana_Accorsi,https://twitter.com/Adriana_Accorsi/status/1610862711696490497,2023-01-05T04:56:13.000Z,Apresentei várias emendas que destinam recursos específicos a diversos municípios goianos. Nosso mandato trabalha para levar o desenvolvimento para todas as cidades do Estado de Goiás.,1,8,45
Adriana Accorsi,@Adriana_Accorsi,https://twitter.com/Adriana_Accorsi/status/1610862452874567681,2023-01-05T04:55:11.000Z,Apresentei várias emendas que destinam recursos específicos a diversos municípios goianos. Nosso mandato trabalha para levar o desenvolvimento para todas as cidades do Estado de Goiás.,2,5,48
Adriana Accorsi,@Adriana_Accorsi,https://twitter.com/Adriana_Accorsi/status/1610763816383483921,2023-01-04T22:23:15.000Z,Apresentei várias emendas que destinam recursos específicos a diversos municípios goianos. Nosso mandato trabalha para levar o desenvolvimento para todas as cidades do Estado de Goiás.,4,7,69
Adriana Accorsi,@Adriana_Accorsi,https://twitter.com/Adriana_Accorsi/status/1610749966552555520,2023-01-04T21:28:12.000Z,Maravilhosa!!! Nós te apoiamos !,1,7,63
Adriana Accorsi,@Adriana_Accorsi,https://twitter.com/Adriana_Accorsi/status/1610749092367302660,2023-01-04T21:24:44.000Z,"A @MarinaSilva em sua posse lembrou de Dom Philips e Bruno Pereira, símbolos de um passado recente de medo, violência e impunidade. Depois de anos de destruição e mortes, temos uma mulher amazônica, combativa, sustentabilista e digna como Ministra do Meio Ambiente.",1,12,82
Adriana Accorsi,@Adriana_Accorsi,https://twitter.com/Adriana_Accorsi/status/1610731818986110981,2023-01-04T20:16:06.000Z,Apresentei várias emendas que destinam recursos específicos a diversos municípios goianos. Nosso mandato trabalha para levar o desenvolvimento para todas as cidades do Estado de Goiás.,3,9,47
Adriana Accorsi,@Adriana_Accorsi,https://twitter.com/Adriana_Accorsi/status/1610730861908922370,2023-01-04T20:12:18.000Z,Apresentei várias emendas que destinam recursos específicos a diversos municípios goianos. Nosso mandato trabalha para levar o desenvolvimento para todas as cidades do Estado de Goiás.,3,10,63
Adriana Accorsi,@Adriana_Accorsi,https://twitter.com/Adriana_Accorsi/status/1610703784363147275,2023-01-04T18:24:42.000Z,Apresentei várias emendas que destinam recursos específicos a diversos municípios goianos. Nosso mandato trabalha para levar o desenvolvimento para todas as cidades do Estado de Goiás.,2,10,52
Adriana Accorsi,@Adriana_Accorsi,https://twitter.com/Adriana_Accorsi/status/1610679706789056530,2023-01-04T16:49:01.000Z,"Parabenizo o Vice-Presidente do nosso país Geraldo Alckmin pela posse como novo Ministro do Desenvolvimento, Indústria, Comércio e Serviços do nosso país, tenho a confiança que o Ministro Alckmin é extremamente competente+",3,18,103
Adriana Accorsi,@Adriana_Accorsi,https://twitter.com/Adriana_Accorsi/status/1610664115789516801,2023-01-04T15:47:04.000Z,Apresentei várias emendas que destinam recursos específicos a diversos municípios goianos. Nosso mandato trabalha para levar o desenvolvimento para todas as cidades do Estado de Goiás.,3,10,76
Adriana Accorsi,@Adriana_Accorsi,https://twitter.com/Adriana_Accorsi/status/1610588700949286913,2023-01-04T10:47:24.000Z,"Bom dia, meus amigos e minhas amigas. Vamos acabar com os discursos antidemocráticos que só servem para estimular a violência e o ódio. Vamos reconstruir a democracia no Brasil.",6,29,163
Adriana Accorsi,@Adriana_Accorsi,https://twitter.com/Adriana_Accorsi/status/1610451485623726080,2023-01-04T01:42:09.000Z,Sim querida Presidenta ❤️,0,10,70
Adriana Accorsi,@Adriana_Accorsi,https://twitter.com/Adriana_Accorsi/status/1610424994336481280,2023-01-03T23:56:53.000Z,"Pessoas sem ética , sem maturidade e irresponsáveis ! Bolsonaristas precisam ser varridos do poder pois são  nefastos a humanidade!",5,24,106
Adriana Accorsi,@Adriana_Accorsi,https://twitter.com/Adriana_Accorsi/status/1610403786941399042,2023-01-03T22:32:37.000Z,"Grande privilégio o de ouvir Silvio Almeida como Ministro dos Direitos Humanos. 
Um discurso emocionante, que demonstra o respeito e a sensibilidade do ministro pela diversidade do povo brasileiro.",12,20,159
Adriana Accorsi,@Adriana_Accorsi,https://twitter.com/Adriana_Accorsi/status/1610368649893904386,2023-01-03T20:12:59.000Z,"Foi sancionada pelo Governo do Estado de Goiás, a nossa Lei que Dispõe sobre penalidades administrativas a serem aplicadas pela prática de atos de discriminação racial.",1,17,93
Adriana Accorsi,@Adriana_Accorsi,https://twitter.com/Adriana_Accorsi/status/1610341807094730753,2023-01-03T18:26:20.000Z,"Estive na posse da Ministra das Mulheres, Cida Gonçalves. Uma emoção inexplicável, agora nós mulheres teremos voz e ocuparemos todos os espaços possíveis.",3,15,92
Adriana Accorsi,@Adriana_Accorsi,https://twitter.com/Adriana_Accorsi/status/1610292907268866050,2023-01-03T15:12:01.000Z,"Participo neste momento da posse da nova Ministra das Mulheres do nosso País, a companheira Cida Gonçalves ao lado da companheira, Secretária de Mulheres do PT Goiás Professora Luciamar e da companheira Ana Setúbal de Cidade Ocidental.",2,11,82
Adriana Accorsi,@Adriana_Accorsi,https://twitter.com/Adriana_Accorsi/status/1610280030537383939,2023-01-03T14:20:51.000Z,"Hoje, na posse do novo Ministro do Desenvolvimento Agrário do Brasil, Paulo Teixeira, encontrei diversas pessoas queridas, como o Ex Deputado Federal Marcelo Melo, o querido amigo Alair da CONTAG, o companheiro Edilson Coelho e vários outros queridos companheiros e companheiras.",3,10,56
Adriana Accorsi,@Adriana_Accorsi,https://twitter.com/Adriana_Accorsi/status/1610271073723088896,2023-01-03T13:45:16.000Z,"Com muita alegria, participei hoje da posse do novo Ministro do Desenvolvimento Agrário do nosso país, Paulo Teixeira. Em Brasília estaremos juntos trabalhando para fomentar no nosso Estado de Goiás investimentos para o desenvolvimento +",2,23,136
Adriana Accorsi,@Adriana_Accorsi,https://twitter.com/Adriana_Accorsi/status/1610247160578338816,2023-01-03T12:10:14.000Z,"Nesta manhã, estou participando da Cerimônia de Apresentação do Ministro de Estado do Desenvolvimento Agrário e Agricultura Familiar, @pauloteixeira13",1,13,127
Adriana Accorsi,@Adriana_Accorsi,https://twitter.com/Adriana_Accorsi/status/1610236637065216001,2023-01-03T11:28:25.000Z,Com certeza ❤️,2,7,108
Adriana Accorsi,@Adriana_Accorsi,https://twitter.com/Adriana_Accorsi/status/1610232464567410689,2023-01-03T11:11:50.000Z,"🌟Bom dia, meus amigos e minhas amigas.  
Vamos proteger nossas crianças e adolescentes e também assegurar a valorização dos trabalhadores e trabalhadoras da Segurança.",7,16,87
Adriana Accorsi,@Adriana_Accorsi,https://twitter.com/Adriana_Accorsi/status/1610061547174338564,2023-01-02T23:52:41.000Z,"Muito feliz pelo anúncio feito agora pouco pelo Ministro dos Direitos Humanos, Silvio Almeida, do querido advogado Ariel de Castro Alves na Secretaria Nacional dos Direitos da Criança e do Adolescente, uma pessoa extremamente qualificada, que atua há anos na área. +",1,12,99
Adriana Accorsi,@Adriana_Accorsi,https://twitter.com/Adriana_Accorsi/status/1610050969328582656,2023-01-02T23:10:39.000Z,É isso ! A vida venceu ! #LulaPresidente,2,7,32
Adriana Accorsi,@Adriana_Accorsi,https://twitter.com/Adriana_Accorsi/status/1610006307217481729,2023-01-02T20:13:10.000Z,"Grande alegria em poder participar desse momento da posse do Ministro-chefe da Secretaria de Relações Institucionais, Alexandre Padilha, e prestigiar meus companheiros Olavo Noleto, Sérgio Dias e José do Carmo, que estarão ao lado do Ministro na reconstrução do Brasil.",4,7,71
Adriana Accorsi,@Adriana_Accorsi,https://twitter.com/Adriana_Accorsi/status/1609988691929272327,2023-01-02T19:03:10.000Z,"Dr. @FlavioDino tomou posse, mandou recado aos que não respeitam a democracia e prometeu solucionar o caso Marielle. Chega de impunidade nesse país. É o fim da violência e do terrorismo político!",6,25,468
Adriana Accorsi,@Adriana_Accorsi,https://twitter.com/Adriana_Accorsi/status/1609962840202305539,2023-01-02T17:20:27.000Z,"Chegando na posse do Ministro Ministro-chefe da Secretaria de Relações Institucionais, Alexandre Padilha, ao lado do companheiro Vinícius Jordão, prestigiando os meus queridos amigos companheiros Olavo Noleto,+",2,5,78
Adriana Accorsi,@Adriana_Accorsi,https://twitter.com/Adriana_Accorsi/status/1609948091188224010,2023-01-02T16:21:50.000Z,"DEMOCRACIA PARA SEMPRE! O amor venceu o ódio, a esperança voltou a ocupar o coração de milhares de brasileiros, certos de que estarão no centro desse governo, é pelo povo e para o povo que governaremos com amor e verdade!",1,9,58
Adriana Accorsi,@Adriana_Accorsi,https://twitter.com/Adriana_Accorsi/status/1609938312466399233,2023-01-02T15:42:59.000Z,"Brilhante ativista dos direitos das mulheres e especialista em gênero e em violência contra a mulher, nossa companheira Cida Gonçalves irá liderar o resgate e implementação de novas políticas públicas na área e quero me colocar à disposição para somar nessa tarefa.",3,15,121
Adriana Accorsi,@Adriana_Accorsi,https://twitter.com/Adriana_Accorsi/status/1609921566422274048,2023-01-02T14:36:26.000Z,"Que emoção!  Ontem o povo brasileiro vivenciou um marco na história do nosso país, e com muita honra eu pude presenciar tudo de perto! 

O povo brasileiro escolheu o amor e a esperança com Lula Presidente. Nossa gente vai voltar a ser prioridade e a ter dignidade!",3,8,88
Adriana Accorsi,@Adriana_Accorsi,https://twitter.com/Adriana_Accorsi/status/1609843568155181056,2023-01-02T09:26:30.000Z,"☀️Bom dia, meus amigos e minhas amigas!❤️ Na luta pelo bem do Brasil, usaremos as armas que nossa oposição desconhece: a verdade, a esperança, e sobretudo o amor pelo nosso povo, que nesta eleição derrotou o ódio e a perversidade.
Viva o Brasil e viva o povo brasileiro!",6,27,163
Adriana Accorsi,@Adriana_Accorsi,https://twitter.com/Adriana_Accorsi/status/1609741754315735041,2023-01-02T02:41:56.000Z,Chorei junto !,4,18,123
Adriana Accorsi,@Adriana_Accorsi,https://twitter.com/Adriana_Accorsi/status/1609730349415731201,2023-01-02T01:56:37.000Z,"Momento mais emocionante deste dia histórico! O povo brasileiro em toda sua diversidade sobe a rampa com o Presidente eleito @lula e entrega a ele o símbolo da liderança do Brasil ! Vamos governar juntos e juntas, vamos cuidar do nosso povo ! #LulaEoBrasilSubindoARampa",2,24,152
Adriana Accorsi,@Adriana_Accorsi,https://twitter.com/Adriana_Accorsi/status/1609669601725485058,2023-01-01T21:55:13.000Z,A rampa que o povo brasileiro e a democracia subiram hoje !!! #LulaEoBrasilSubindoARampa,23,47,805
Adriana Accorsi,@Adriana_Accorsi,https://twitter.com/Adriana_Accorsi/status/1609668248223588352,2023-01-01T21:49:51.000Z,O Brasil e seu povo subiram a rampa junto com seu Presidente! O povo brasileiro passou a faixa para @lula!,1,8,73
Adriana Accorsi,@Adriana_Accorsi,https://twitter.com/Adriana_Accorsi/status/1609617890352975872,2023-01-01T18:29:44.000Z,DEMOCRACIA PARA SEMPRE! #LulaEoBrasilSubindoARampa,5,13,149
Adriana Accorsi,@Adriana_Accorsi,https://twitter.com/Adriana_Accorsi/status/1609616055860617218,2023-01-01T18:22:27.000Z,Lula empossado ! Lula Presidente do Brasil ! #LulaEoBrasilSubindoARampa,4,13,115
Adriana Accorsi,@Adriana_Accorsi,https://twitter.com/Adriana_Accorsi/status/1609545600424452098,2023-01-01T13:42:29.000Z,Lula chega ao Palácio nos braços do povo ❤️❤️❤️❤️❤️❤️,0,7,83
Adriana Accorsi,@Adriana_Accorsi,https://twitter.com/Adriana_Accorsi/status/1609530605116751872,2023-01-01T12:42:54.000Z,"Estou a caminho da posse do nosso Presidente Lula, a esperança está de volta para o nosso povo.",16,30,510
Adriana Accorsi,@Adriana_Accorsi,https://twitter.com/Adriana_Accorsi/status/1609528978573770757,2023-01-01T12:36:26.000Z,"Venha comigo! Vamos para a posse do nosso Presidente @LulaOficial ! A posse do povo, da democracia e da inclusão social! #LulaPresidente1️⃣3️⃣1️⃣3️⃣",5,15,173
Adriana Accorsi,@Adriana_Accorsi,https://twitter.com/Adriana_Accorsi/status/1609393932311449603,2023-01-01T03:39:49.000Z,Feliz Ano Novo ❤️,6,19,213
Adriana Accorsi,@Adriana_Accorsi,https://twitter.com/Adriana_Accorsi/status/1609388029243756547,2023-01-01T03:16:21.000Z,Luiz Inácio Lula da Silva (2023-2026),4,71,656
Adriana Accorsi,@Adriana_Accorsi,https://twitter.com/Adriana_Accorsi/status/1609387594789572610,2023-01-01T03:14:38.000Z,Feliz ano novo! 🌟,8,3,116
Adriana Accorsi,@Adriana_Accorsi,https://twitter.com/Adriana_Accorsi/status/1609342521133654016,2023-01-01T00:15:31.000Z,"Nós vamos reconstruir o Brasil! 
Com muita esperança e alegria: um feliz 2023!",5,22,143
