nome,usuario,idTweet,dataPublicacao,texto,replies,retweets,likes
Alfredo Gaspar,@Alfredogaspar_,https://twitter.com/Alfredogaspar_/status/1617654891446693891,2023-01-23T22:45:55.000Z,"Da última vez, bilhões foram desviados. O dinheiro deveria ser investido no Brasil.",2,6,23
Alfredo Gaspar,@Alfredogaspar_,https://twitter.com/Alfredogaspar_/status/1616521928675655693,2023-01-20T19:43:55.000Z,"Sendo verdade a acusação, com indicação de prova concreta, merece ser punido exemplarmente.",0,1,2
Alfredo Gaspar,@Alfredogaspar_,https://twitter.com/Alfredogaspar_/status/1616466030489964546,2023-01-20T16:01:48.000Z,A crise de confiança nas Instituições do País passa fortemente pela impunidade de poderosos. Lutarei firmemente pelo fim do foro privilegiado e pela reforma do judiciário.,3,4,27
Alfredo Gaspar,@Alfredogaspar_,https://twitter.com/Alfredogaspar_/status/1616195375731249163,2023-01-19T22:06:19.000Z,"Mais um Ato de desprestígio do STF em relação ao MP. A Instituição precisa reagir, o enfraquecimento está cada vez mais evidente.https://noticias.uol.com.br/politica/ultimas-noticias/2023/01/19/pgr-diz-que-soube-de-depoimento-de-torres-pela-imprensa-e-cobra-moraes.amp.htm…",1,2,10
Alfredo Gaspar,@Alfredogaspar_,https://twitter.com/Alfredogaspar_/status/1615076772013375489,2023-01-16T20:01:23.000Z,Governo Lula revoga portaria que facilitava identificação de autor de estupro. Aumentarão a impunidade e o aborto criminoso.,2,6,25
Alfredo Gaspar,@Alfredogaspar_,https://twitter.com/Alfredogaspar_/status/1614211094255669248,2023-01-14T10:41:30.000Z,"A Democracia no Brasil vem sendo corroída faz tempo. A falta de sintonia dos poderes com o anseio social, a impunidade em atos gravíssimos de corrupção e a deficiente cidadania brasileira contribuíram para levar o Brasil a esse estágio de instabilidade.",7,5,60
Alfredo Gaspar,@Alfredogaspar_,https://twitter.com/Alfredogaspar_/status/1613627440404004865,2023-01-12T20:02:16.000Z,Dois policiais militares alagoanos mortos no intervalo de uma semana. Revoltante! A bandidagem aplaude e a Polícia Militar chora. Meus sentimentos!,1,3,18
Alfredo Gaspar,@Alfredogaspar_,https://twitter.com/Alfredogaspar_/status/1612910569321037824,2023-01-10T20:33:40.000Z,"Restrição de liberdade de crianças na ação policial em Brasília está sendo noticiada pela imprensa. Se isso for verdade, mesmo posteriormente liberadas, é crime grave e merece o rigor da lei. O Congresso Nacional não pode se omitir.",4,3,19
Alfredo Gaspar,@Alfredogaspar_,https://twitter.com/Alfredogaspar_/status/1612888893380038670,2023-01-10T19:07:32.000Z,"Os últimos acontecimentos em Brasília, com a mudança de foco das instituições, são a oportunidade perfeita para o desvio do dinheiro público e a concretização de outras mazelas pelos oportunistas de plantão.",4,1,12
Alfredo Gaspar,@Alfredogaspar_,https://twitter.com/Alfredogaspar_/status/1612252345454268418,2023-01-09T00:58:08.000Z,"Atos de vandalismo não podem ser tolerados, da mesma forma que a impunidade de corruptos não pode ser a regra.",3,3,18
Alfredo Gaspar,@Alfredogaspar_,https://twitter.com/Alfredogaspar_/status/1611314867490951168,2023-01-06T10:52:55.000Z,"Governo Lula cria procuradoria na AGU para perseguir críticos ao governo. Essa invenção autoritária não irá prosperar, vamos lutar contra esse abuso.",6,6,26
Alfredo Gaspar,@Alfredogaspar_,https://twitter.com/Alfredogaspar_/status/1611104192332025877,2023-01-05T20:55:46.000Z,No Câmara dos Deputados serei voz ativa CONTRA A LIBERAÇÃO DAS DROGAS.,5,3,27
Alfredo Gaspar,@Alfredogaspar_,https://twitter.com/Alfredogaspar_/status/1610985872135970817,2023-01-05T13:05:37.000Z,"Meus sentimentos pela morte do guerreiro Sgt Alexandro de Farias
Barros Santos. Revoltante!!!",0,1,18
