nome,usuario,idTweet,dataPublicacao,texto,replies,retweets,likes
Junio Amaral,@cabojunioamaral,https://twitter.com/cabojunioamaral/status/1620200509234905089,2023-01-30T23:21:17.000Z,Pacheco significa a continuidade de toda essa interferência do Poder Judiciário nos outros Poderes da República. É preciso fazer com que o verdadeiro sistema de freios e contrapesos volte a funcionar e cada um se recolha ao seu papel. #pacheconao,29,81,306
Junio Amaral,@cabojunioamaral,https://twitter.com/cabojunioamaral/status/1619337443089715201,2023-01-28T14:11:46.000Z,"Para o Presidente argentino, somos selvagens. Mas bem que ele gosta de receber dinheiro dos “selvagens” via BNDES, né?!",13,54,169
Junio Amaral,@cabojunioamaral,https://twitter.com/cabojunioamaral/status/1618648651823472641,2023-01-26T16:34:46.000Z,Com diálogo cabuloso você se transfere para onde quiser. Marcola agradece.,7,43,310
Junio Amaral,@cabojunioamaral,https://twitter.com/cabojunioamaral/status/1617640799751266304,2023-01-23T21:49:55.000Z,"Situação privilegiada: inflação de 94,8% e milhões passando fome. 👍🏻",27,86,382
Junio Amaral,@cabojunioamaral,https://twitter.com/cabojunioamaral/status/1617506581700132864,2023-01-23T12:56:35.000Z,"Lula querer ter uma moeda única com um país economicamente destruído, sem credibilidade, que não honra suas dívidas e com uma das maiores inflações do mundo, é querer fazer o que o comunismo faz de melhor, nivelar todos por baixo, na miséria.",18,82,392
Junio Amaral,@cabojunioamaral,https://twitter.com/cabojunioamaral/status/1617199715480731653,2023-01-22T16:37:12.000Z,"O mais adequado neste momento é o Lula bloquear os recursos dos artistas via Lei Ruanet para usar o mesmo valor com os yanomami. Tenho certeza que o coração bondoso da Claudia Raia, por exemplo, não vai se importar com 5 milhões a menos para essa nobre causa.",950,4.479,"17,2 mil"
Junio Amaral,@cabojunioamaral,https://twitter.com/cabojunioamaral/status/1616571493193863169,2023-01-20T23:00:53.000Z,"O Gov Zema faz, provavelmente, a sua maior trapalhada até aqui. Nomear um coronel para a tríade da instituição e exonerá-lo 3 dias depois, por ele se recusar a convencer um dep (@caporezzodm) a votar como o governo quer. Militar honrado jamais se submeteria a esse papelão.",19,30,83
Junio Amaral,@cabojunioamaral,https://twitter.com/cabojunioamaral/status/1616176867471409173,2023-01-19T20:52:46.000Z,Faz o L e pague seus impostos!,137,491,1.477
Junio Amaral,@cabojunioamaral,https://twitter.com/cabojunioamaral/status/1616095222961958912,2023-01-19T15:28:21.000Z,"A pessoa gera emprego, garante renda para várias famílias, paga milhões em impostos e é obrigado a ouvir de um cara que nunca trabalhou na vida que o empresário não é rico por esforço próprio.",50,97,452
Junio Amaral,@cabojunioamaral,https://twitter.com/cabojunioamaral/status/1615807103628898304,2023-01-18T20:23:28.000Z,Não sabia que ele não era mais comunista.,306,303,1.892
Junio Amaral,@cabojunioamaral,https://twitter.com/cabojunioamaral/status/1615702635771838465,2023-01-18T13:28:21.000Z,"Estima-se que a população do Brasil
seja de 215 milhões de pessoas. Segundo a Marina, 120 milhões passam fome. Isso significa que, na sua casa, mais da metade dos moradores estão passando fome. E aí, o que você me diz?",138,287,794
Junio Amaral,@cabojunioamaral,https://twitter.com/cabojunioamaral/status/1614617824248348673,2023-01-15T13:37:42.000Z,"Essa é Anielle Franco, irmã de Marielle Franco, aquela que a esquerda bradou aos quatros ventos que foi mor*ta pela milícia. Ao lado de Anielle está Daniela do Waguinho, acusada de envolvimento com milicianos. Nenhum malabarismo da esquerda pode explicar isso. 🤷🏻‍♂️",73,374,1.448
Junio Amaral,@cabojunioamaral,https://twitter.com/cabojunioamaral/status/1614615521902698496,2023-01-15T13:28:33.000Z,"O cara reclama da censura e que querem prender humoristas por conta de piadas, eu vou lá e respondo com uma piada, ele me bloqueia kkkk no mínimo contraditório 🤷🏻‍♂️Galvão:",247,384,4.705
Junio Amaral,@cabojunioamaral,https://twitter.com/cabojunioamaral/status/1613915941024268290,2023-01-13T15:08:40.000Z,"Um criminoso mesmo, e não uma senhorinha com a bandeira do Brasil na porta do quartel.",67,188,841
Junio Amaral,@cabojunioamaral,https://twitter.com/cabojunioamaral/status/1613123289177784325,2023-01-11T10:38:57.000Z,"O tratamento às pessoas aqui é inadmissível, mas a maior injustiça é a penalização em bloco, a prisão de pessoas que nada têm a ver com qualquer crime. Com @caporezzodm",365,2.279,5.249
Junio Amaral,@cabojunioamaral,https://twitter.com/cabojunioamaral/status/1612956122414997505,2023-01-10T23:34:41.000Z,"Coronel Fábio Augusto, quase 30 anos de dedicação à sociedade, deixou seu sangue combatendo vândalos no prédio do STF e hoje, como agradecimento tem sua prisão decretada juntamente a de outras dezenas de PMs.",1.155,4.179,"15,1 mil"
Junio Amaral,@cabojunioamaral,https://twitter.com/cabojunioamaral/status/1612915623440285696,2023-01-10T20:53:45.000Z,"Nossas prerrogativas parlamentares estão anuladas, nós deputados sequer estamos tendo acesso às pessoas em poder da PF. Nos informaram que já são mais de 500 pessoas encaminhadas ao presídio (e para criminosos de verdade nunca há vagas).",91,396,1.418
Junio Amaral,@cabojunioamaral,https://twitter.com/cabojunioamaral/status/1612632146463571974,2023-01-10T02:07:19.000Z,"Como membro da Comissão de Segurança Pública estou apresentando requerimento para convocar Flávio Dino a se explicar, por não ter agido na PREVENÇÃO às depredações em Brasília, tendo em vista que ele teria sido informado pela ABIN, no sábado, sobre os riscos de vandalismos.",2.341,8.759,42 mil
Junio Amaral,@cabojunioamaral,https://twitter.com/cabojunioamaral/status/1612483438275186688,2023-01-09T16:16:24.000Z,"Político de esquerda convocando torcidas organizadas para tumultuar as ruas do país é a prova de que seu objetivo é exatamente o caos, tudo para melhor justificar as arbitrariedades. Reparem como a mídia vai cobrir isso na prática. Se o vândalo veste vermelho, é pela democracia.",44,269,928
Junio Amaral,@cabojunioamaral,https://twitter.com/cabojunioamaral/status/1612385842416259075,2023-01-09T09:48:36.000Z,Não se pode generalizar os manifestantes pois a maioria dos presentes na esplanada não tiveram nenhuma participação na depredação. Individualizar as condutas é indispensável e assim rege a lei. A intervenção assinada por Lula está claramente sendo usada como instrumento...,79,380,1.940
Junio Amaral,@cabojunioamaral,https://twitter.com/cabojunioamaral/status/1611826605956947973,2023-01-07T20:46:23.000Z,Um governo de “todes” onde 8 + 4 é igual a 11 e com previsões astrológicas.,17,82,324
Junio Amaral,@cabojunioamaral,https://twitter.com/cabojunioamaral/status/1611459222637785088,2023-01-06T20:26:32.000Z,Picanha grátis no ponto de engana bobo mais próximo. Fica a dica!,11,41,208
Junio Amaral,@cabojunioamaral,https://twitter.com/cabojunioamaral/status/1611136017989345280,2023-01-05T23:02:14.000Z,Lula está dando um ótimo exemplo.,142,1.917,5.522
Junio Amaral,@cabojunioamaral,https://twitter.com/cabojunioamaral/status/1610791405646905345,2023-01-05T00:12:52.000Z,"4 dias sendo ministro já foi o suficiente para o Flávio Dino mostrar que é bem democrático, pacífico e adora os policiais do Brasil.",87,290,982
Junio Amaral,@cabojunioamaral,https://twitter.com/cabojunioamaral/status/1610732839867224064,2023-01-04T20:20:09.000Z,"Se dizem preocupados com a educação, mas assassinam o português em nome da lacração.",33,76,240
Junio Amaral,@cabojunioamaral,https://twitter.com/cabojunioamaral/status/1610693291107913739,2023-01-04T17:43:00.000Z,"O autoritarismo ataca novamente e dessa vez o alvo é  mais um jornalista. Paulo Figueiredo, da JP, acaba de ter seu passaporte cancelado, contas bancárias e redes sociais bloqueadas pelo Ministro Alexandre de Moraes.",534,2.284,7.938
Junio Amaral,@cabojunioamaral,https://twitter.com/cabojunioamaral/status/1610663380980752386,2023-01-04T15:44:09.000Z,Entrega de viatura em Nova Serrana-MG. O veículo será destinado ao 60º Batalhão e utilizado para atender às demandas do PROERD. 🇧🇷 @BrenoFonsecaMG,5,17,120
Junio Amaral,@cabojunioamaral,https://twitter.com/cabojunioamaral/status/1610451974528421888,2023-01-04T01:44:06.000Z,É isso que Lula quer evitar desarmando a população. Na cabeça dele deve ser inadmissível colocar o seu discípulo em risco durante um assalto. A vítima que se dane sem defesa.,22,224,956
Junio Amaral,@cabojunioamaral,https://twitter.com/cabojunioamaral/status/1610274868808880128,2023-01-03T14:00:20.000Z,"No triplex, na presidência ou em velório, ladrão é sempre ladrão. Recepção calorosa a Lula hoje em Santos.",212,1.540,7.027
Junio Amaral,@cabojunioamaral,https://twitter.com/cabojunioamaral/status/1610107586438901761,2023-01-03T02:55:37.000Z,"O jornalista Mario Sabino, que recentemente defendeu o voto nulo, disse que o Brasil oficializou um retrocesso por ter eleito o Lula. Afinal, quem era esse seu candidato Nulo que não vi nos debates?",16,97,542
Junio Amaral,@cabojunioamaral,https://twitter.com/cabojunioamaral/status/1609951038135734273,2023-01-02T16:33:33.000Z,O comandante é o espelho da tropa.,5,37,252
Junio Amaral,@cabojunioamaral,https://twitter.com/cabojunioamaral/status/1609871084559691776,2023-01-02T11:15:51.000Z,"""O Lula não subiu os impostos dos combustíveis ainda, o dono do posto que está roubando"". Reclamou o petista que votou em um ladrão.",58,153,1.114
Junio Amaral,@cabojunioamaral,https://twitter.com/cabojunioamaral/status/1609624560357236739,2023-01-01T18:56:15.000Z,"""Feliz"" preço novo. Em Contagem-MG já subiu mais de um real. Quanto está na sua cidade? E a picanha do Lula, já estão distribuindo?",71,228,904
