nome,usuario,idTweet,dataPublicacao,texto,replies,retweets,likes
Carlos Jordy,@carlosjordy,https://twitter.com/carlosjordy/status/1620210048059469827,2023-01-30T23:59:12.000Z,Faremos a oposição que Lula e o PT jamais imaginaram ter! 🔪💀,656,755,6.582
Carlos Jordy,@carlosjordy,https://twitter.com/carlosjordy/status/1620170302226567168,2023-01-30T21:21:16.000Z,"No momento em que a disputa para o Senado acaba de empatar, o site http://comovotasenador.com.br sai do ar por sobrecarga de acessos. Milhões de pessoas estão se mobilizando para falar com senadores e impedir a reeleição de Pacheco. Venceremos essa batalha na restauração dos poderes!",747,2.291,12 mil
Carlos Jordy,@carlosjordy,https://twitter.com/carlosjordy/status/1620132139915411459,2023-01-30T18:49:37.000Z,"Temos a oportunidade de mudar os rumos do País, de dar um basta nos abusos de autoridade e reequilibrar os poderes. @rogeriosmarinho é o candidato da serenidade, do resgate da autonomia do Congresso e do fortalecimento da democracia. Pacheco NÃO!

Acesse http://comovotasenador.com",811,2.455,"11,1 mil"
Carlos Jordy,@carlosjordy,https://twitter.com/carlosjordy/status/1620097027316289537,2023-01-30T16:30:05.000Z,"A cada dia que passa, mais podres do desgoverno Lula. Mais um ministro envolvido em escândalos. Já estou protocolando requerimento para convocá-lo para prestar esclarecimentos sobre esse peculato.",927,2.791,8.694
Carlos Jordy,@carlosjordy,https://twitter.com/carlosjordy/status/1619873522171379712,2023-01-30T01:41:58.000Z,Programa 4 por 4 - 29/01 Estreia da 3ª Temporada. https://twitter.com/i/broadcasts/1YqJDojrdpEGV…,80,198,1.363
Carlos Jordy,@carlosjordy,https://twitter.com/carlosjordy/status/1619831612845461504,2023-01-29T22:55:26.000Z,"O Brasil está prestes a viver uma catástrofe política, econômica e moral. Precisamos de uma oposição firme, contundente e sangue no olho. Coloquei meu nome à disposição para ser o líder da oposição na Câmara e enfrentar a facção criminosa q chegou ao poder. Para mim, é missão!",2.030,2.903,"17,2 mil"
Carlos Jordy,@carlosjordy,https://twitter.com/carlosjordy/status/1619662403201028097,2023-01-29T11:43:03.000Z,"Pergunta pro eleitor de Minas Gerais: se sua versão do futuro voltasse em 2018 para lhe avisar sobre a desastrosa atuação de @rodrigopacheco na Presidência do Senado e cúmplice da ditadura do judiciário, você votaria em Dilma para evitar que ele fosse eleito senador?",994,618,5.199
Carlos Jordy,@carlosjordy,https://twitter.com/carlosjordy/status/1619463155515785217,2023-01-28T22:31:19.000Z,"A imprensa notícia q Moraes tem feito campanha para q senadores votem em Pacheco. Eis a razão pq Pacheco não pode ser reeleito. Ele ignora os crimes de Moraes.

Lei 1079/50 

Art. 39. São crimes de responsabilidade dos Ministros do STF:

3 - exercer atividade político-partidária;",1.178,6.318,"20,1 mil"
Carlos Jordy,@carlosjordy,https://twitter.com/carlosjordy/status/1619439297001820160,2023-01-28T20:56:30.000Z,"Parabéns ao subprocurador por defender a imunidade material. A todos q se preocuparam comigo e torceram pela justiça, meu muito obrigado. Aos filhotes de ditadores q defendem arbitrariedades contra seus adversários e torciam pela minha cassação, não foi dessa vez; chorem!",370,1.018,6.062
Carlos Jordy,@carlosjordy,https://twitter.com/carlosjordy/status/1619372668288901124,2023-01-28T16:31:45.000Z,Órgão do governo para ‘combate à desinformação’ silencia sobre Lula chamar impeachment de golpe. Essa é a prova que o tal órgão foi criado para criar narrativas a favor do PT e censurar seus opositores.,302,1.204,3.925
Carlos Jordy,@carlosjordy,https://twitter.com/carlosjordy/status/1619344483492970496,2023-01-28T14:39:45.000Z,"PL, PP E REPUBLICANOS FORMALIZAM BLOCO PARA ELEIÇÃO DE MARINHO AO SENADO - 28/01/2023. https://twitter.com/i/broadcasts/1nAKErkXwveGL…",1.586,5.151,"29,7 mil"
Carlos Jordy,@carlosjordy,https://twitter.com/carlosjordy/status/1619313732701790209,2023-01-28T12:37:33.000Z,"Protocolei ao Min. de Relações Exteriores e à Presidência da República requerimentos de informações sobre  gastos na recepção de posse de Lula, além dos processos administrativos das contratações e a lista de convidados. O pedido deve ser atendido pela Lei de Acesso à Informação.",2.173,3.652,"17,1 mil"
Carlos Jordy,@carlosjordy,https://twitter.com/carlosjordy/status/1619037035330674689,2023-01-27T18:18:04.000Z,"É mais fácil Lula culpar Temer por um suposto “golpe” do que assumir que hoje tem em sua base, com relações promíscuas, parlamentares que votaram a favor do impeachment. O candidato à Presidência do Senado Rodrigo Pacheco também é golpista, Lula?",543,1.624,5.087
Carlos Jordy,@carlosjordy,https://twitter.com/carlosjordy/status/1618683963072978980,2023-01-26T18:55:05.000Z,A parceria que Lula quer fazer com Argentina e Venezuela não traz benefício algum para o Brasil. Seu projeto ideológico não levantará esses países mas afundará o Brasil!,421,866,3.330
Carlos Jordy,@carlosjordy,https://twitter.com/carlosjordy/status/1618605759163408384,2023-01-26T13:44:19.000Z,"Maduro expõe os planos de Lula e de ditadores da América Latina. A moeda comum e financiamento de ditaduras via BNDES tem como objetivo integrar os países e formar a “pátria grande”, uma União Soviética Latino-americana! O Brasil é a galinha dos ovos de ouro do Foro de São Paulo!",684,2.171,4.783
Carlos Jordy,@carlosjordy,https://twitter.com/carlosjordy/status/1618361557595062273,2023-01-25T21:33:57.000Z,"MP move ação civil pública contra a Prefeitura de Niterói pela falta de transparência em órgãos da cidade. O MP refere-se à EMUSA (um dos maiores orçamentos) como a caixa preta: “não se sabe o q se paga, o quanto se paga, tampouco para quem se paga”. Além da prática de nepotismo.",17,66,380
Carlos Jordy,@carlosjordy,https://twitter.com/carlosjordy/status/1618347755574796309,2023-01-25T20:39:07.000Z,"Lula tenta reescrever a história, fomentando a narrativa de golpe contra Dilma. Esse é o sujeito que disse que queria pacificar o Brasil: promovendo um ataque institucional e ao processo legítimo de impeachment que teve apoio da maioria esmagadora da população. O amor venceu!",797,1.407,5.828
Carlos Jordy,@carlosjordy,https://twitter.com/carlosjordy/status/1618323735718801410,2023-01-25T19:03:40.000Z,Quando o estelionatário tenta lhe convencer de que o golpe aplicado foi bom pra você.,541,1.055,4.672
Carlos Jordy,@carlosjordy,https://twitter.com/carlosjordy/status/1618254302606147584,2023-01-25T14:27:46.000Z,"Presidente Bolsonaro já denunciava que, no passado, Lula destinou bilhões de nossos recursos para outros países via BNDES e faria novamente. A ignorância de alguns e má-fé de outros produziu as causas para a volta desse desrespeito com o dinheiro do povo brasileiro.",680,1.610,5.248
Carlos Jordy,@carlosjordy,https://twitter.com/carlosjordy/status/1618018566032457728,2023-01-24T22:51:02.000Z,"Lula já tinha avisado o que faria. Agora sabemos quais eram os grandes investimentos em obras e infraestrutura que faria. De fato, recuperou a credibilidade no exterior: Argentina, Venezuela e Cuba.",556,1.050,3.792
Carlos Jordy,@carlosjordy,https://twitter.com/carlosjordy/status/1617973994015055873,2023-01-24T19:53:55.000Z,"Lula aposta no ditado que “brasileiro tem memória curta” para tentar emplacar novamente as políticas de investimento do BNDES em outros países como fonte de crescimento da economia brasileira. Já vimos esse filme antes: corrupção, financiamento de ditaduras e calote.",532,1.645,5.272
Carlos Jordy,@carlosjordy,https://twitter.com/carlosjordy/status/1617644664147910658,2023-01-23T22:05:16.000Z,"Lula fala que o BNDES voltará a financiar os países latino-americanos. O brasileiro já tomou calote bilionário de Cuba, Venezuela e Argentina e agora esse criminoso quer nos obrigar a financiar ditaduras novamente. A picanha que ele prometeu é para os hermanos. Fazueli!",1.399,3.195,9.264
Carlos Jordy,@carlosjordy,https://twitter.com/carlosjordy/status/1617638054466064384,2023-01-23T21:39:01.000Z,Os 2 pontos mais importantes q a oposição precisa se engajar nesse início de legislatura são os financiamentos do BNDES às ditaduras caloteiras e a moeda comum Brasil-Argentina. Uma coisa q aprendemos com o PT foi como fazer oposição; faremos o mesmo para impedir esse escárnio.,912,1.574,7.166
Carlos Jordy,@carlosjordy,https://twitter.com/carlosjordy/status/1617573809267130372,2023-01-23T17:23:43.000Z,"Presidente da Argentina afirma q seu país tem inflação autoconstruída, q só ocorre porque está nas cabeças das pessoas. É mais fácil culpar o povo e o mercado do q assumir q suas práticas socialistas são desastrosas. É com esse sujeito q Lula quer criar uma moeda em conjunto.",517,1.019,4.023
Carlos Jordy,@carlosjordy,https://twitter.com/carlosjordy/status/1617506341144170497,2023-01-23T12:55:38.000Z,Números jogados ao vento. E o pior é que tem jumento que acredita e no final acaba fazendo o L.,636,1.271,4.767
Carlos Jordy,@carlosjordy,https://twitter.com/carlosjordy/status/1617360135965519876,2023-01-23T03:14:40.000Z,"Site da Agência Brasil, empresa administrada pela Empresa Brasil de Comunicação, assassina a língua portuguesa tentando normalizar o pronome neutro. É nisso que está se tornando a máquina pública no governe lule, um aparato ideológico custeado com seus impostos.",775,1.480,5.309
Carlos Jordy,@carlosjordy,https://twitter.com/carlosjordy/status/1617305534549336064,2023-01-22T23:37:42.000Z,Argentina e Brasil anunciam esta semana estudo sobre moeda comum. Aquele churrasco que quem leva itaipava bebe Heineken.,1.022,1.629,"12,1 mil"
Carlos Jordy,@carlosjordy,https://twitter.com/carlosjordy/status/1616822740383588353,2023-01-21T15:39:15.000Z,Resumo da semana do desgoverno lula. O ritmo para venezuelização está na velocidade 10.,1.175,2.695,9.857
Carlos Jordy,@carlosjordy,https://twitter.com/carlosjordy/status/1616607989472837632,2023-01-21T01:25:54.000Z,No governo Bolsonaro batemos recorde em investimentos na Lei Rouanet. Demos transparência aos gastos públicos e usamos o recurso com responsabilidade e zelo. Os brasileiros pela primeira vez tomaram conhecimento de como o dinheiro era usado.,371,1.300,5.290
Carlos Jordy,@carlosjordy,https://twitter.com/carlosjordy/status/1616546208692031503,2023-01-20T21:20:24.000Z,"Pérolas do desgoverno Lula:

Ministro da Justiça se gaba de apreender arma de chumbinho;

Ministro da Educação soma 4+8=11;

Ministra do Meio Ambiente diz q no Brasil há 120 milhões de pessoas passando fome;

Lula diz q quem proclamou a República foi Floriano Peixoto.

Tá çerto!",1.168,3.081,"11,5 mil"
Carlos Jordy,@carlosjordy,https://twitter.com/carlosjordy/status/1616516472028729401,2023-01-20T19:22:15.000Z,"E com vocês a “autoridade máxima” do Brasil, que não sabe quem proclamou a República! Que lixo!",3.589,3.966,"18,6 mil"
Carlos Jordy,@carlosjordy,https://twitter.com/carlosjordy/status/1616117864687181827,2023-01-19T16:58:19.000Z,"O grupo prerrogativas, braço jurídico do PT, entrou com ação no TSE pedindo a suspensão da minha diplomação e impedimento de posse. Alegavam que eu havia incitado os atos do dia 8 de janeiro. Hoje Alexandre de Moraes indeferiu o pedido. Isso sim é litigância de má-fé!",255,652,4.485
Carlos Jordy,@carlosjordy,https://twitter.com/carlosjordy/status/1616102373805391872,2023-01-19T15:56:46.000Z,A eleição de @rogeriosmarinho para Presidente do Senado significa resgatar as prerrogativas do Congresso Nacional e cumprir a Constituição brasileira no que tange à harmonia e a independência dos poderes. É a restauração da democracia!,335,1.759,6.888
Carlos Jordy,@carlosjordy,https://twitter.com/carlosjordy/status/1616082271567769601,2023-01-19T14:36:53.000Z,Lula ataca empresários e diz que eles não ganham muito dinheiro porque trabalharam mas sim porque os trabalhadores trabalharam. É a volta do discurso anacrônico de patrões contra proletários. Ele demoniza quem gera emprego no Brasil.,3.318,3.243,"14,1 mil"
Carlos Jordy,@carlosjordy,https://twitter.com/carlosjordy/status/1615892088238886914,2023-01-19T02:01:10.000Z,"A maior fakenews do ano! O princípio da anterioridade tributária só se aplica na MAJORAÇÃO/CRIAÇÃO de tributos e revogação de isenção. O art. 150, III, b, da CF não fala nada sobre redução de alíquotas ou concessão de isenção. Mais que mentirosos, são estelionatários eleitorais!",62,275,1.103
Carlos Jordy,@carlosjordy,https://twitter.com/carlosjordy/status/1615889144885944322,2023-01-19T01:49:28.000Z,Senador Rogério Marinho fala sobre candidatura à presidência do Senado - CNNBrasil.,115,610,3.007
Carlos Jordy,@carlosjordy,https://twitter.com/carlosjordy/status/1615711020000870400,2023-01-18T14:01:40.000Z,Marina Silva vai a Davos fazer o que Lula sempre fez: inventar números para falar mal do Brasil! Ela disse que mais da metade da população brasileira passa fome. Burrice ou canalhice?,3.070,4.783,"15,8 mil"
Carlos Jordy,@carlosjordy,https://twitter.com/carlosjordy/status/1615553690798096384,2023-01-18T03:36:30.000Z,Estão criticando o Haddad por dizer que boicota produtos de empresas que não sejam engajados com a agenda petista. Sabe quem está errado? Quem continua consumindo produtos e serviços de empresas que apoiam o PT. Pesquise no Google e boicote quem financia a destruição do Brasil!,1.296,3.792,"15,8 mil"
Carlos Jordy,@carlosjordy,https://twitter.com/carlosjordy/status/1615436606684413954,2023-01-17T19:51:15.000Z,Poder Entrevista: Senador Rogério Marinho fala sobre candidatura à presidência do Senado.,125,441,2.017
Carlos Jordy,@carlosjordy,https://twitter.com/carlosjordy/status/1615397662928273423,2023-01-17T17:16:30.000Z,"Mais uma do estelionatário eleitoral. Essa aqui é pra você, cristão que votou em Lula acreditando que ele era contra o aborto. Fazueli, otário!",705,2.355,7.468
Carlos Jordy,@carlosjordy,https://twitter.com/carlosjordy/status/1615340325974806528,2023-01-17T13:28:39.000Z,"A eleição da Presidência do Senado é a mais importante de todos os tempos. É a chance de reequilibramos os poderes. Pacheco é um vassalo q permite abusos reiterados contra outros poderes e cidadãos.
Acesse https://comovotasenador.com.br e pressione os senadores p/ q NÃO votem em Pacheco",1.432,4.604,"16,1 mil"
Carlos Jordy,@carlosjordy,https://twitter.com/carlosjordy/status/1615110557912244234,2023-01-16T22:15:38.000Z,Governador Romeu Zema fala sobre os fatos cada vez mais evidentes acerca dos atos de vandalismo do dia 8 de janeiro: “governo Lula fez vista grossa para que o pior acontecesse.” Precisamos apurar tudo isso até as últimas consequências!,710,1.932,8.435
Carlos Jordy,@carlosjordy,https://twitter.com/carlosjordy/status/1614788990325981185,2023-01-16T00:57:51.000Z,A imprensa e a esquerda estão atacando Bolsonaro por ter comprado 659 marmitas e 3 mil lanches com o cartão corporativo. Só não disseram que eram para as crianças da Operação Acolhida. Vamos comparar com os gastos exorbitantes do Lula?,2.320,7.820,"27,2 mil"
Carlos Jordy,@carlosjordy,https://twitter.com/carlosjordy/status/1614701823155384320,2023-01-15T19:11:29.000Z,"Lula e a promessa de isentar do imposto de renda quem ganha até 5 mil reais. Mentiroso é pouco, é um estelionatário eleitoral!",2.807,5.243,"15,7 mil"
Carlos Jordy,@carlosjordy,https://twitter.com/carlosjordy/status/1614317731712761856,2023-01-14T17:45:14.000Z,"Tenho muitas diferenças com Glenn, inclusive já tivemos divergências públicas, mas, tenho q parabenizá-lo pela sensatez na defesa da democracia. Aqueles q alimentam o monstro da ditadura do judiciário por ser contra seu adversário terão suas mãos mordidas muito em breve.",210,534,3.323
Carlos Jordy,@carlosjordy,https://twitter.com/carlosjordy/status/1614091024661647362,2023-01-14T02:44:23.000Z,"Deputado português @AndreCVentura usa a tribuna para falar o que Lula é: um bandido. Tem focinho de porco, rabo de porco e pata de porco, mas não pode chamar de porco? Porco corrupto que só foi descondenado por malarabismo jurídico!",520,1.931,9.778
Carlos Jordy,@carlosjordy,https://twitter.com/carlosjordy/status/1614053293579198465,2023-01-14T00:14:27.000Z,"Se o Ministro da Justiça sabia e comunicou ao Governador que foi afastado, Dino prevaricou e também deve ser afastado. Ou será que Alexandre é parcial e não afastará um membro do desgoverno Lula?",1.746,4.381,"14,4 mil"
Carlos Jordy,@carlosjordy,https://twitter.com/carlosjordy/status/1613925350207270914,2023-01-13T15:46:03.000Z,"O tipo de matéria que a esquerda ignora e que a grande imprensa jamais vai noticiar. Ainda que tenha gastado menos que Lula, Presidente Bolsonaro utilizou o cartão corporativo para questões humanitárias para os brasileiros.",1.439,4.873,"14,5 mil"
Carlos Jordy,@carlosjordy,https://twitter.com/carlosjordy/status/1613685781297598466,2023-01-12T23:54:05.000Z,Advogados de esquerda criam fakenews e pedem minha cassação a Alexandre de Moraes. Grupo formado por petistas comete denunciação caluniosa. Veja quem são!,975,2.498,7.809
Carlos Jordy,@carlosjordy,https://twitter.com/carlosjordy/status/1613530828075851777,2023-01-12T13:38:22.000Z,"Então quer dizer que o GSI dispensou reforço de guarda no planalto 20 horas antes da invasão? Ao que parece, Flávio Dino, Lula e o GSI tinham conhecimento dos riscos e da gravidade e prevaricaram. Já estou tomando todas medidas para que sejam investigados na justiça e na Câmara.",2.377,7.316,"31,3 mil"
Carlos Jordy,@carlosjordy,https://twitter.com/carlosjordy/status/1613359825034829825,2023-01-12T02:18:51.000Z,"Sabe aquela promessa de campanha de aumentar o teto de isenção do imposto de renda para R$ 5.000? Toma, não reclama e faz o L!",1.534,4.049,"15,5 mil"
Carlos Jordy,@carlosjordy,https://twitter.com/carlosjordy/status/1613254977878888448,2023-01-11T19:22:14.000Z,Boulos está machão. O invasor de terras joga conversa fora e discursa ameaçando a direita caso manifestantes tentem invadir a ALESP. É tão hipócrita que não diz que foram eles os últimos a invadirem a Assembleia. Lixo!,990,1.818,7.478
Carlos Jordy,@carlosjordy,https://twitter.com/carlosjordy/status/1612915001081364480,2023-01-10T20:51:17.000Z,"Infiltrado, suposto black bloc, apanhado com explosivos. Será que ele será punido com rigor? Ou será salvo pelos aliados ideológicos?",1.274,2.931,"11,7 mil"
Carlos Jordy,@carlosjordy,https://twitter.com/carlosjordy/status/1612810704213479424,2023-01-10T13:56:51.000Z,"Estou protocolando requerimento de convocação de Lula e Flávio Dino para prestar esclarecimentos sobre a omissão no caso. Além disso, também estou representando na PGR contra ambos.",3.828,"10,3 mil","34,8 mil"
Carlos Jordy,@carlosjordy,https://twitter.com/carlosjordy/status/1612609902127505408,2023-01-10T00:38:56.000Z,"Revoltante o q aconteceu hoje. Arthur Lira não aceitou nosso pedido de votação nominal e faz votação SIMBÓLICA do decreto de intervenção federal. Uma intervenção fake, q serve unicamente p/ impedir manifestações contrárias ao bandido, perseguir opositores e criminalizar a direita",3.806,8.733,"34,1 mil"
Carlos Jordy,@carlosjordy,https://twitter.com/carlosjordy/status/1612427091756339200,2023-01-09T12:32:30.000Z,"Alô, Alexandre de Moraes! Esses petistas infiltrados que promoveram o caos e vandalismo ontem serão responsabilizados? Lula, quer fazer intervenção federal para conter seus vassalos?",1.708,4.649,17 mil
Carlos Jordy,@carlosjordy,https://twitter.com/carlosjordy/status/1612258067944542210,2023-01-09T01:20:52.000Z,"Era tudo q Lula queria. Puro oportunismo para uma intervenção comunista. O CN irá votar seu decreto, q ele fundamentou no art. 34, III, da CF “pôr termo a grave comprometimento da ordem pública”. Se houve comprometimento da ordem pública (causado por infiltrados), ele foi cessado",373,718,2.456
Carlos Jordy,@carlosjordy,https://twitter.com/carlosjordy/status/1612223095498063874,2023-01-08T23:01:54.000Z,"Inúmeras pessoas afirmam que os atos foram provocados por esquerdistas infiltrados como esse do vídeo. Isso deve ser apurado com urgência. As manifestações da direita sempre ocorreram com civilidade e ordem, diferentemente de terroristas como MST, MTST e blackblocs.",3.736,9.562,"27,4 mil"
Carlos Jordy,@carlosjordy,https://twitter.com/carlosjordy/status/1612196062978088960,2023-01-08T21:14:29.000Z,"Lula é tão vagabundo e mau caráter q utiliza essa invasão para atacar o Presidente Bolsonaro, cometendo calúnias tentando associá-lo aos atos, sem prova alguma. Era o prato cheio q ele precisava para criar uma cortina de fumaça sobre a ligação dele e sua ministra com a milícia.",2.588,3.678,"22,6 mil"
Carlos Jordy,@carlosjordy,https://twitter.com/carlosjordy/status/1611912414966042624,2023-01-08T02:27:22.000Z,Kkkkkkkk mulher de bandido agora tá achando que é madame!,822,2.930,"20,5 mil"
Carlos Jordy,@carlosjordy,https://twitter.com/carlosjordy/status/1611714826039877633,2023-01-07T13:22:13.000Z,"Assistindo ao vídeo do novo Ministro da Educação, lembrei daquele meme: “Matemática não é meu forte, mas no português eu distróio.”",410,1.352,"10,1 mil"
Carlos Jordy,@carlosjordy,https://twitter.com/carlosjordy/status/1611493480387469312,2023-01-06T22:42:40.000Z,"Freixo assume a Embratur, autarquia vinculada ao Mtur, comandado por Daniela do Waguinho.

Daniela tem amizade e apoio de milicianos citados no relatório da CPI das milícias,presidida por Freixo em 2008.

Imagina a cara do Freixo de 2008 ao saber q hoje bate ponto p/ miliciano.",226,1.142,4.948
Carlos Jordy,@carlosjordy,https://twitter.com/carlosjordy/status/1611398022516166657,2023-01-06T16:23:21.000Z,"Estou elaborando requerimento de convocação da Ministra do Turismo, Daniela do Waguinho, para q preste esclarecimentos sobre sua relação e do Governo Lula com a milícia. Como se não bastasse corruptos e traficantes, agora milicianos. O Congresso precisa apurar esse fato grave!",1.035,3.411,"15,1 mil"
Carlos Jordy,@carlosjordy,https://twitter.com/carlosjordy/status/1611311873168924673,2023-01-06T10:41:01.000Z,"Governo Lula, um governe para todes: corruptes, traficantes e milicianes.",278,1.376,6.256
Carlos Jordy,@carlosjordy,https://twitter.com/carlosjordy/status/1611080678950731776,2023-01-05T19:22:20.000Z,Sabe aquela narrativa esdrúxula criada pela esquerda de que Bolsonaro e seus aliados são milicianos? Olha quem realmente tem relações com a milícia! Governo Lula e sua relação com o crime organizado.,594,5.272,"14,6 mil"
Carlos Jordy,@carlosjordy,https://twitter.com/carlosjordy/status/1611043162470121473,2023-01-05T16:53:16.000Z,"Lula quer desarmar a população para que você não possa se defender de ladrões, estupradores e invasores de terras. O cidadão deve ter o direito de defender sua vida, sua família e sua propriedade.",276,1.526,6.081
Carlos Jordy,@carlosjordy,https://twitter.com/carlosjordy/status/1611015845978996736,2023-01-05T15:04:43.000Z,Sabe porque Lula editou decreto restringindo o acesso de cidadãos comuns a armas? Para que eles não possam mais se defender de criminosos como nesse vídeo.,266,745,5.351
Carlos Jordy,@carlosjordy,https://twitter.com/carlosjordy/status/1610808180531154944,2023-01-05T01:19:32.000Z,Simone Step do Lula falando o que todo mundo já sabe: não se elege nem pra síndica do próprio prédio mais. Será que ela ainda acha que fez o certo com a grande maioria reprovando o apoio que ela deu ao maior criminoso da história do Brasil?,714,725,4.855
Carlos Jordy,@carlosjordy,https://twitter.com/carlosjordy/status/1610758896141930503,2023-01-04T22:03:41.000Z,"Na eleição,denunciei no MP o assédio eleitoral feito pelo prefeito de Belford Roxo e sua esposa Daniela do Waguinho contra cidadãos e servidores p/ votarem em Lula,q foi recompensada com o Ministério do Turismo. Agora surge a foto dela com miliciano. Esses são os aliados de Lula!",154,1.018,5.086
Carlos Jordy,@carlosjordy,https://twitter.com/carlosjordy/status/1610724297773043712,2023-01-04T19:46:13.000Z,"Petistas usam linguagem neutra em eventos oficiais. Querem desconstruir a língua portuguesa para impor a ideologia de gênero ao brasileiro. Governo Lula, um governe para retardades!",763,1.291,6.870
Carlos Jordy,@carlosjordy,https://twitter.com/carlosjordy/status/1610639141104148480,2023-01-04T14:07:50.000Z,Bolsa acumula 9% de queda: R$ 546 bilhões. Mais de 400 empresas de capital aberto perderam investimentos com as decisões de Lula. Que desastre!,626,2.778,8.375
Carlos Jordy,@carlosjordy,https://twitter.com/carlosjordy/status/1610402516642193412,2023-01-03T22:27:34.000Z,"Dólar sobe mais 1% e bolsa cai mais 2%. Os mais afetados são empresas de tecnologia, construção e consumo,estatais e bancos. Cancelar privatizações, aumentar ministérios, revogação do Teto de Gastos e nova âncora fiscal q permita mais gastos espantou investidores. Ladeira abaixo!",111,305,1.969
Carlos Jordy,@carlosjordy,https://twitter.com/carlosjordy/status/1610306777282904064,2023-01-03T16:07:08.000Z,"Pres. Nacional do PL, Valdemar Costa Neto, fala sobre o orgulho de termos Bolsonaro como nosso líder e todos avanços q o Brasil teve em seu Governo. Faremos uma oposição firme e contundente contra esse projeto corrupto bolivariano que é liderado pelo maior criminoso da história.",1.421,3.232,20 mil
Carlos Jordy,@carlosjordy,https://twitter.com/carlosjordy/status/1610266709235056640,2023-01-03T13:27:55.000Z,"Ministro Barroso, no embarque para Miami, recebendo todo o carinho dos brasileiros que terão sua companhia no voo. Só na cabeça arrogante dele para querer justificar e dizer que é uma minoria fascista que não aprova a atuação do STF. Barroso e cia, vocês envergonham o Brasil!",561,1.368,8.637
Carlos Jordy,@carlosjordy,https://twitter.com/carlosjordy/status/1610015020687163393,2023-01-02T20:47:48.000Z,"Bolsa brasileira tem o pior desempenho entre todas bolsas do planeta. Ações da Petrobras sangram e dólar dispara. Mal começou, aguardem!",968,3.809,"14,4 mil"
Carlos Jordy,@carlosjordy,https://twitter.com/carlosjordy/status/1609931054332416002,2023-01-02T15:14:09.000Z,"Bolsa derrete após posse de Lula, queda já chega a 4% em comparação ao índice, que já estava baixo. Petrobras, BB e outras ações operam em queda livre. Dólar dispara. O mercado expressa a imagem do Brasil hoje para o mundo: um país sem previsibilidade, credibilidade e segurança.",355,1.251,6.958
Carlos Jordy,@carlosjordy,https://twitter.com/carlosjordy/status/1609907621112467456,2023-01-02T13:41:02.000Z,"De acordo com a imprensa, o comunismo é apenas imaginário, pois bolsonaristas elegem inimigos invisíveis para criar narrativas. Alguém sabe o que é pessoal de vermelho cantando?",925,1.737,6.056
Carlos Jordy,@carlosjordy,https://twitter.com/carlosjordy/status/1609706120959987715,2023-01-02T00:20:20.000Z,"Parabéns a todos que votaram no vagabundo. O decreto sobre controle de armas assinado por Lula vale para todos, menos para traficantes, latrocidas e demais criminosos. Quando você for surpreendido com uma arma na cara no semáforo, faz o L e mostra o decreto assinado por ele!",1.804,2.750,"12,7 mil"
Carlos Jordy,@carlosjordy,https://twitter.com/carlosjordy/status/1609614375223959552,2023-01-01T18:15:46.000Z,"Nunca será o Presidente do Brasil. O ladrão é o líder de uma facção criminosa comunista. Não amam o País, amam o projeto de dominação do Foro de São Paulo. Não amam o verde e amarelo, amam o vermelho. Não desistiremos do Brasil!",1.329,531,5.432
Carlos Jordy,@carlosjordy,https://twitter.com/carlosjordy/status/1609340600016322561,2023-01-01T00:07:53.000Z,"Saúde é possível. Mas como ter paz e felicidade com um tirano que rasga a Constituição diariamente sob pretexto de “proteger a democracia”? Falar em respeito chega q ser piada. Nada que você faz tem respaldo na lei, NADA. Você será lembrado como o maior ditador q o País já viu!",123,216,1.916
