nome,usuario,idTweet,dataPublicacao,texto,replies,retweets,likes
Daiana Santos,@daianasantospoa,https://twitter.com/daianasantospoa/status/1618949995243405314,2023-01-27T12:32:12.000Z,"10 anos de tristeza, dor e luto. 🕊Hoje fazem exatamente 10 anos da Tragédia da Boate Kiss, em Santa Maria.",2,27,263
Daiana Santos,@daianasantospoa,https://twitter.com/daianasantospoa/status/1618672681678966784,2023-01-26T18:10:15.000Z,"REAJUSTE JÁ! 

Desde 2013, o valor das bolsas está congelado!  No brasil da esperança, a ciência e a pesquisa precisam ser prioridade! Depois de 4 anos de negacionismo e desmonte da educação e da pesquisa, o reajuste das bolsas dos pós-graduandos não pode esperar! #ReajusteJa",2,10,30
Daiana Santos,@daianasantospoa,https://twitter.com/daianasantospoa/status/1618324502785716224,2023-01-25T19:06:43.000Z,"#JustiçaPorBrumadinho 

Há quatro anos atrás ocorria o desastre ambiental de Brumadinho. Um dos maiores crimes socioambientais da história do Brasil. Infelizmente, as famílias das vitimas atingidas ainda não receberam a devida reparação.",1,2,13
Daiana Santos,@daianasantospoa,https://twitter.com/daianasantospoa/status/1617896241593221123,2023-01-24T14:44:57.000Z,"https://g1.globo.com/politica/noticia/2023/01/20/meninos-meninas-e-menines-podem-usar-rosa-e-azul-agora-diz-secretaria-de-defesa-dos-direitos-lgbtqia.ghtml…'Meninos, meninas e menines podem usar rosa e azul agora', diz secretária de defesa dos direitos LGBTQIA+, a TRAVESTI Symmy Larrat. 

Essa é a importância de nos vermos representadas de forma efetiva. É a reconstrução do Brasil para TODES! 🌈❤️",0,3,21
Daiana Santos,@daianasantospoa,https://twitter.com/daianasantospoa/status/1617591810054033414,2023-01-23T18:35:15.000Z,"No último final de semana, durante o encontro de pessoas LGBTI+ eleites em Brasília, chegou uma ameaça de morte covarde para todes nós presentes, através do e-mail da colega @thainarafariapt e nós precisamos falar urgentemente sobre isso. 🧶👇🏽",1,4,26
Daiana Santos,@daianasantospoa,https://twitter.com/daianasantospoa/status/1617535222832320512,2023-01-23T14:50:24.000Z,"Como saber quando se está num relacionamento tóxico?

Ontem no #BB23, Tadeu Schmidt falou sobre os abusos na relação entre Gabriel e Bruna. Ele expôs a visão de pessoas da casa e falas violentas de Gabriel com Bruna, ameaçando dar uma cotovelada em sua boca.",8,71,741
Daiana Santos,@daianasantospoa,https://twitter.com/daianasantospoa/status/1616947732299780097,2023-01-21T23:55:55.000Z,"É DESUMANO O QUE ESTÁ ACONTECENDO EM RORAIMA! 

O genocídio de Bolsonaro contra a população indígena matou 99 crianças da tribo Yanomami, que morreram devido a ganância da exploração do garimpo ilegal em Roraima. Vamos reestabelecer a dignidade para a população indígena.",1,8,72
Daiana Santos,@daianasantospoa,https://twitter.com/daianasantospoa/status/1616830204466307072,2023-01-21T16:08:54.000Z,Mais um bolsonarista “cidadão de bem” atrás das grades!,0,6,47
Daiana Santos,@daianasantospoa,https://twitter.com/daianasantospoa/status/1616818165446475778,2023-01-21T15:21:04.000Z,O caso da fraude na Americanas é uma ótima oportunidade para quem  é a favor do estado mínimo e ataca de maneira irracional o serviço público tomar consciência sobre a retórica liberal. https://brasil247.com/economia/lemann-sicupira-e-telles-se-negam-a-colocar-dinheiro-na-americanas-e-empresa-dara-calote-de-r-20-bilhoes…,1,6,45
Daiana Santos,@daianasantospoa,https://twitter.com/daianasantospoa/status/1616789810215112706,2023-01-21T13:28:23.000Z,"Hoje é o Dia Nacional de Combate à Intolerância Religiosa, 21 de janeiro. 

Nesta data, devemos refletir sobre a luta pelo respeito às diversas crenças, para que todos tenham liberdade para professar a sua fé. A data também é uma homenagem à Mãe Gilda.",2,15,120
Daiana Santos,@daianasantospoa,https://twitter.com/daianasantospoa/status/1616527467983806464,2023-01-20T20:05:56.000Z,"CAIXA 2 DE BOLSONARO! 

De acordo com matéria do @Metropoles, investigações do STF revelam que Jair Bolsonaro teria organizado um esquema de caixa 2 no Planalto, por meio de saques dos cartões corporativos. As investigações ainda conectam seu gabinete com os atos golpistas!",1,13,47
Daiana Santos,@daianasantospoa,https://twitter.com/daianasantospoa/status/1616499293942124547,2023-01-20T18:13:59.000Z,"VITÓRIA ✊🏾Ação direta de inconstitucionalidade movida pelo SIMPA foi julgada procedente!

Lugar de criança é na escola!! 📚",2,14,83
Daiana Santos,@daianasantospoa,https://twitter.com/daianasantospoa/status/1616133361864409105,2023-01-19T17:59:54.000Z,"JOVENS NEGROS/AS NÃO TEM UM DIA DE PAZ NO BRASIL!

Yuri da Silva foi preso injustamente, por um crime que não cometeu, desde o início da investigação foi provado que ele estava trabalhando no horário do crime.",1,24,92
Daiana Santos,@daianasantospoa,https://twitter.com/daianasantospoa/status/1615831227759575041,2023-01-18T21:59:20.000Z,"O Brasil da pesquisa está voltando! O novo presidente do CNPQ prevê um aumento de 40% nas bolsas de pós-graduação.

Parabéns @lucianasantos pela escolha do novo presidente e por valorizar as pesquisadoras e os pesquisadores. 

Viva as mulheres do @pcdob_oficial! ✊🏾",2,17,99
Daiana Santos,@daianasantospoa,https://twitter.com/daianasantospoa/status/1615725912892362760,2023-01-18T15:00:51.000Z,"FARRA COM DINHEIRO DO POVO! O Portal da Transparência mostrou que Bolsonaro gastou 75 MILHÕES no cartão corporativo durante seu mandato.

Esse valor é TRÊS VEZES maior do que tinha sido divulgado semana passada. Alguém caiu nesse papo de que não havia corrupção?",4,18,77
Daiana Santos,@daianasantospoa,https://twitter.com/daianasantospoa/status/1615688716772671488,2023-01-18T12:33:02.000Z,"GRAVE! Comentarista da Rádio Guaíba agride Flávio Dino: ""ele é OBESO. E um COMUNISTA OBESO não dá. Poderia comer três ou quatro famílias com aquilo que ele come diariamente"", afirmou o comentarista.",105,154,661
Daiana Santos,@daianasantospoa,https://twitter.com/daianasantospoa/status/1615400716558012416,2023-01-17T17:28:38.000Z,"🚨 ATENÇÃO: Governo Lula acaba de retirar o Brasil do Consenso de Genebra, aliança internacional antiaborto. 

A declaração assinada por Bolsonaro e Trump em 2019, colocava o Brasil ao lado de países conservadores contra os direitos sexuais e reprodutivos.",4,54,263
Daiana Santos,@daianasantospoa,https://twitter.com/daianasantospoa/status/1615341656961695744,2023-01-17T13:33:57.000Z,"VITÓRIA DA EDUCAÇÃO! 📚@CamiloSantanaCE, Ministro da Educação, anuncia o aumento do piso nacional dos professoras/es, de R$ 3.845,63 para R$ 4.420,55.

Agora, é a hora dos governadores mostrarem seu compromisso com a educação. Eduardo Leite, o magistério do RS merece respeito!",2,11,67
Daiana Santos,@daianasantospoa,https://twitter.com/daianasantospoa/status/1615119613368451075,2023-01-16T22:51:37.000Z,"Nesse ano, a redação da UFRGS falou sobre ""O apagamento das mulheres na história e o direito à memória.

Nós, negras, somos duplamente apagadas dessa narrativa. No Brasil da Esperança, seremos nós a pegar a caneta e reescrever o futuro.",0,2,46
Daiana Santos,@daianasantospoa,https://twitter.com/daianasantospoa/status/1615083490554380305,2023-01-16T20:28:05.000Z,"O pequeno deslize: 700 mil mortes.
Fora a corrupção e o legado de violência. 

Não adianta chorar agora. 
NÃO VAI TER ANISTIA, GENOCIDA!",3,5,41
Daiana Santos,@daianasantospoa,https://twitter.com/daianasantospoa/status/1615081199000784896,2023-01-16T20:18:59.000Z,Mensagens assim dão um quentinho no coração,1,0,15
Daiana Santos,@daianasantospoa,https://twitter.com/daianasantospoa/status/1615051247727394816,2023-01-16T18:19:58.000Z,"Aborto é questão de saúde pública!! ✊🏾🚩A ministra da Saúde, @nisia_trindade, revogou a portaria da gestão de Bolsonaro que exigia que os médicos acionassem a polícia em casos de aborto por estupro. Além de impor obstáculos ao aborto legal, a medida feria o sigilo médico!",1,5,50
Daiana Santos,@daianasantospoa,https://twitter.com/daianasantospoa/status/1615043530820358156,2023-01-16T17:49:18.000Z,"https://g1.globo.com/politica/noticia/2023/01/16/tarciana-medeiros-banco-do-brasil.ghtml…Em 214 anos de história, o Banco do Brasil terá pela 1ª vez UMA MULHER como presidenta! Tarciana Medeiros toma posse hoje na presidência do BB.

Momento histórico, desejo boa sorte e q ela possa realizar um ótimo trabalho! Vamos juntes reconstruir o país!",0,3,25
Daiana Santos,@daianasantospoa,https://twitter.com/daianasantospoa/status/1614992864160653318,2023-01-16T14:27:58.000Z,"Horríveis as imagens do @showdavida que mostram os bastidores dos ataques a democracia. As câmeras de segurança não deixam dúvidas: são TERRORISTAS. Aos poucos, aqueles que bancaram esses ataques estão sendo desmascarados. Que sejam todos identificados e punidos! #SemAnistia",0,2,19
Daiana Santos,@daianasantospoa,https://twitter.com/daianasantospoa/status/1614347518371823616,2023-01-14T19:43:36.000Z,Estamos no Mês da Visibilidade Trans e quero aproveitar para indicar um serviço gratuito que faz a diferença na vida de pessoas trans e parentes de pessoas trans aqui na cidade.👉🏽 🏳️‍⚧️ Segue o fio e conheça o Ambulatório Trans de Porto Alegre 🧶,1,12,79
Daiana Santos,@daianasantospoa,https://twitter.com/daianasantospoa/status/1614282800143663105,2023-01-14T15:26:26.000Z,"❌ PRESO! Anderson Torres, ex-ministro de Bolsonaro, já está preso pela PF em Brasília.

Ele foi peça fundamental para o ataque dos terroristas a democracia. Na casa dele encontraram um documento que permitia Bolsonaro dar golpe e anular a vitória democrática de Lula nas urnas.",1,8,53
Daiana Santos,@daianasantospoa,https://twitter.com/daianasantospoa/status/1613978481267810306,2023-01-13T19:17:10.000Z,"HISTÓRICO! Conselho Universitário da UFRGS acaba de aprovar as COTAS para todos os programas de pós-graduação da Universidade.

Na Câmara dos Deputados, vamos levar essa luta à nível nacional, para garantir essa política afirmativa em todo o Brasil!",0,4,87
Daiana Santos,@daianasantospoa,https://twitter.com/daianasantospoa/status/1613540243294097408,2023-01-12T14:15:46.000Z,"Enquanto o povo estava na fila do osso, Bolsonaro gastava 360 mil na padaria, R$ 408 mil em peixarias e R$ 89 mil em açougues.

Todo mundo sabendo da mamata. Que caiam os sigilos!",3,22,94
Daiana Santos,@daianasantospoa,https://twitter.com/daianasantospoa/status/1613536258759745541,2023-01-12T13:59:56.000Z,"URGENTE! Com a quebra de sigilo de 100 anos, descobrimos que Bolsonaro gastou 400 mil reais numa padaria em UM SÓ DIA, 1,46 milhão em um ÚNICO hotel e R$ 362 mil em uma mesma padaria!

Que todos os gastos sejam devidamente investigados!",14,43,314
Daiana Santos,@daianasantospoa,https://twitter.com/daianasantospoa/status/1613302523116273667,2023-01-11T22:31:09.000Z,"A cerimônia histórica de posse das ministras @GuajajaraSonia e @aniellefranco terminou com nosso presidente Lula sancionando o PL 4566/2021, que tipifica como crime de racismo a injúria racial! ✊🏾🔥",2,18,176
Daiana Santos,@daianasantospoa,https://twitter.com/daianasantospoa/status/1613299338385440769,2023-01-11T22:18:30.000Z,Que discurso emocionante!! Anielle representa tanto,0,42,271
Daiana Santos,@daianasantospoa,https://twitter.com/daianasantospoa/status/1613288269382393856,2023-01-11T21:34:31.000Z,"Toda minha solidariedade ao companheiro e advogado @Cristianozaninm, vítima de uma agressão covarde de um bolsonarista. 

Cristiano foi uma das figuras fundamentais para a conquista da liberdade de Lula, durante a perseguição que ele sofreu nas mãos de Sérgio Moro.",0,2,18
Daiana Santos,@daianasantospoa,https://twitter.com/daianasantospoa/status/1613288058165645320,2023-01-11T21:33:41.000Z,Minha equipe no domingo passado:,0,1,14
Daiana Santos,@daianasantospoa,https://twitter.com/daianasantospoa/status/1613207832530386947,2023-01-11T16:14:53.000Z,"Saiu a Pesquisa Atlas sobre os ataques bolsonaristas à Democracia neste domingo:👇🔎ATAQUES TERRORISTAS🟥 75.8% das pessoas são contra;

INTERVENÇÃO FEDERAL🟩 69% das pessoas concordam;",1,9,33
Daiana Santos,@daianasantospoa,https://twitter.com/daianasantospoa/status/1613203092606181378,2023-01-11T15:56:03.000Z,"✊🏾 MOBILIZAÇÃO | Convido todes para se unir a luta pela ampliação das Cotas, agora na Pós- Graduação da UFRGS.

O racismo não nos atinge apenas no primeiro curso da faculdade. É preciso combater o racismo estrutural em todos os níveis.

É nesta sexta, 13, às 18h30, na Reitoria.",2,7,40
Daiana Santos,@daianasantospoa,https://twitter.com/daianasantospoa/status/1612912331763380224,2023-01-10T20:40:41.000Z,"🚨 GRAVE Ex-ministro de Bolsonaro, Anderson Torres têm prisão determinada pela Justiça.

Ele era o responsável pela segurança do DF no dia dos ataques na Praça dos três Poderes. Deixou o caos rolar, entrou no avião e saiu do país.

Q seja o primeiro a ser preso, mas não o único!",1,3,50
Daiana Santos,@daianasantospoa,https://twitter.com/daianasantospoa/status/1612872618402615301,2023-01-10T18:02:52.000Z,"CONTAS BLOQUEADAS! 💰❌O MP e o TCU pediram o bloqueio dos bens de Bolsonaro, Ibaneis e Anderson Torres, por causa do ataque terrorista na Praça dos 3 Poderes. 

Com a Democracia não se brinca! Queremos saber quem tava bancando os terroristas. SEM ANISTIA!",2,10,66
Daiana Santos,@daianasantospoa,https://twitter.com/daianasantospoa/status/1612508633824116738,2023-01-09T17:56:31.000Z,"Vamos às ruas, todos em defesa do Brasil e da Democracia!!

Hoje, a partir das 18h, na Esquina Democrática em Porto Alegre!",0,9,65
Daiana Santos,@daianasantospoa,https://twitter.com/daianasantospoa/status/1612504857151213581,2023-01-09T17:41:31.000Z,"🚨ATENÇÃO! Já foram coletadas o mínimo de assinaturas necessárias para a criação da “CPI do Terrorismo”!

Randolfe Rodrigues, afirmou que a comissão já possui 28 assinaturas, e também disse que há a possibilidade da CPI ser instaurada de imediato. 
SEM ANISTIA!",0,2,46
Daiana Santos,@daianasantospoa,https://twitter.com/daianasantospoa/status/1612432350100455430,2023-01-09T12:53:24.000Z,"Povo, muito importante para quem tiver informações sobre os terroristas pode denunciar neste email criado pelo Ministério da Justiça👉🏾 denuncia@mj.gov.br#DemocraciaSempre #semanistia",1,9,26
Daiana Santos,@daianasantospoa,https://twitter.com/daianasantospoa/status/1612292708005023747,2023-01-09T03:38:31.000Z,"Urgente!!!
O Ministro do Supremo Alexandre de Moraes acaba de afastar do cargo o governador do Distrito Federal Ibanez Rocha!",1,12,147
Daiana Santos,@daianasantospoa,https://twitter.com/daianasantospoa/status/1612215323888861187,2023-01-08T22:31:01.000Z,Quem financia os terroristas?🖌️ @artevillar1,1,27,100
Daiana Santos,@daianasantospoa,https://twitter.com/daianasantospoa/status/1612212422265143298,2023-01-08T22:19:29.000Z,Não vai ter impunidade para aqueles que atentaram contra a democracia,0,1,17
Daiana Santos,@daianasantospoa,https://twitter.com/daianasantospoa/status/1612211449178329091,2023-01-08T22:15:37.000Z,"Terroristas, criminosos, golpistas precisam ser punidos de forma exemplar! Chega de impunidade para essa gente! 

Os atos terroristas de hoje mostraram como era urgente a desarticulação dos golpistas em acampamentos dos quartéis para evitarmos acontecimentos tão trágicos!",0,3,35
Daiana Santos,@daianasantospoa,https://twitter.com/daianasantospoa/status/1612209130688634883,2023-01-08T22:06:24.000Z,"150 pessoas já foram presas pelos atos terroristas em Brasília. Que nenhum golpista saia impune destes atentados graves contra a democracia! 

Respeitem o povo, respeitem a democracia! 🇧🇷✊🏾🚩",3,6,55
Daiana Santos,@daianasantospoa,https://twitter.com/daianasantospoa/status/1612203992448208898,2023-01-08T21:45:59.000Z,"Tanta gente com madeira, grade e pedras nas mãos. Nenhum foi confundido com fuzil. 

A violência e morte é só para alguns ✊🏾🔥",2,26,155
Daiana Santos,@daianasantospoa,https://twitter.com/daianasantospoa/status/1612200504666226690,2023-01-08T21:32:08.000Z,Lula já decretou intervenção no DF para seguirem agindo contra os terroristas. Agora é preciso garantir a punição de todos envolvidos e seus financiadores! ✊🏾🔥,0,4,28
Daiana Santos,@daianasantospoa,https://twitter.com/daianasantospoa/status/1612194263374127105,2023-01-08T21:07:20.000Z,"“Eles precisam entender que a democracia garante liberdade de expressão, mas ela também exige que se respeite as instituições.” Chega de golpismo, a democracia merece respeito! ✊🏾🚩",1,6,46
Daiana Santos,@daianasantospoa,https://twitter.com/daianasantospoa/status/1612193188839653376,2023-01-08T21:03:03.000Z,Presidente Lula: “O genocida Bolsonaro deixou apenas 25 mil reais para a gente cuidar dos desastres naturais”.,1,2,48
Daiana Santos,@daianasantospoa,https://twitter.com/daianasantospoa/status/1612191900777476096,2023-01-08T20:57:56.000Z,"Presidente Lula decreta intervenção federal na área de segurança pública no DF até 31 de janeiro de 2023, na área de segurança pública.",0,4,43
Daiana Santos,@daianasantospoa,https://twitter.com/daianasantospoa/status/1612158865017131008,2023-01-08T18:46:40.000Z,"ABSURDA a facilidade com que os terroristas sobem em cima do predio e cometem vandalismo no Congresso! 

É INACEITÁVEL o esquema de segurança do Governo do Distrito Federal nestes atos terroristas de invasão. MUITO GRAVE",2,24,183
Daiana Santos,@daianasantospoa,https://twitter.com/daianasantospoa/status/1612157260284788738,2023-01-08T18:40:17.000Z,"SEGUIMOS AFIRMANDO: SEM ANISTIA para os crimes de bolsonaristas e seus atos GOLPISTAS!  

Não pode haver conciliação com terroristas!

INVESTIGAÇÃO E PUNIÇÃO DOS RESPONSÁVEIS!! 🔥✊🏾",2,35,196
Daiana Santos,@daianasantospoa,https://twitter.com/daianasantospoa/status/1612155217411186720,2023-01-08T18:32:10.000Z,"GRAVE! 🚨🚨BOLSONARISTAS TERRORISTAS invadem o Congresso, imitando a ""invasão do Capitólio"" dos Estados Unidos. 

Os mandantes e financiadores golpistas devem ser identificados e responsabilizados pelos atos terroristas com URGÊNCIA!",15,65,335
Daiana Santos,@daianasantospoa,https://twitter.com/daianasantospoa/status/1611414814341099520,2023-01-06T17:30:05.000Z,"Com as ministras Margareth Menezes e Anielle Franco, @LulaOficial criou o Dia Nacional das Tradições das Raízes de Matrizes Africanas e Nações do Candomblé. Um importante passo para o combate do racismo religioso no nosso país! 

Vitória do povo de terreiro! ✊🏾🔥",3,46,317
Daiana Santos,@daianasantospoa,https://twitter.com/daianasantospoa/status/1610670007347990529,2023-01-04T16:10:29.000Z,"SEM ANISTIA!

Sem foro privilegiado, Bolsonaro voltará a ser denunciado por senadores da CPI da Covid. Os senadores vão reunir documentos que consideram provas de crimes cometidos por Jair durante a pandemia. 

Que ele pague pela irresponsabilidade e desumanidade do seu governo!",9,43,411
Daiana Santos,@daianasantospoa,https://twitter.com/daianasantospoa/status/1609729126851649536,2023-01-02T01:51:45.000Z,#EstamosdeVolta,2,35,513
Daiana Santos,@daianasantospoa,https://twitter.com/daianasantospoa/status/1609705463209394177,2023-01-02T00:17:43.000Z,"É sobre isso! Um beijo, lindeza! Nós por nós sempre!",1,2,63
Daiana Santos,@daianasantospoa,https://twitter.com/daianasantospoa/status/1609655328857022467,2023-01-01T20:58:31.000Z,"🚨ATENÇÃO: Lula acaba de sinalizar a criação do Ministério do Amor.

Vai geral namorar, pessoal! Promessa, hein!",3,16,147
Daiana Santos,@daianasantospoa,https://twitter.com/daianasantospoa/status/1609654467368226816,2023-01-01T20:55:05.000Z,"Estarei contigo nessa, Lula. No trabalho e na cobrança. Vamos juntos.",0,2,50
Daiana Santos,@daianasantospoa,https://twitter.com/daianasantospoa/status/1609650395781169152,2023-01-01T20:38:54.000Z,VIVA!,1,1,34
Daiana Santos,@daianasantospoa,https://twitter.com/daianasantospoa/status/1609650219486003200,2023-01-01T20:38:12.000Z,Faço coro com o povo! SEM ANISTIA!,0,3,92
Daiana Santos,@daianasantospoa,https://twitter.com/daianasantospoa/status/1609645608482095105,2023-01-01T20:19:53.000Z,"Bolsonaro assumiu e veio falar de armas, de ideologia, de comunismo.

Lula assume e fala sobre comida na mesa das pessoas. Esse é o Brasil do Futuro.",11,81,922
Daiana Santos,@daianasantospoa,https://twitter.com/daianasantospoa/status/1609645341254602757,2023-01-01T20:18:49.000Z,ACABOU!!!!,0,2,25
Daiana Santos,@daianasantospoa,https://twitter.com/daianasantospoa/status/1609641600589697025,2023-01-01T20:03:57.000Z,"Chora, golpistas! Adeus, coisa ruim! O POVO SUBIU A RAMPA!",22,136,1.019
Daiana Santos,@daianasantospoa,https://twitter.com/daianasantospoa/status/1609639071608864779,2023-01-01T19:53:54.000Z,"Lula subindo a rampa com mulheres, indígenas, homens e mulheres negras, Pessoas com Deficiência. 

QUE EMOÇÃO!",4,31,398
Daiana Santos,@daianasantospoa,https://twitter.com/daianasantospoa/status/1609638880478744582,2023-01-01T19:53:09.000Z,"Fabiano, trompetista que acompanhou o Presidente Lula nos dias de cárcere, agora tocando na subida de Lula na rampa. 

O mundo gira demais! Que coisa linda!",13,434,7.920
Daiana Santos,@daianasantospoa,https://twitter.com/daianasantospoa/status/1609621319649472512,2023-01-01T18:43:22.000Z,Já segue o perfil? Tamo quase chegando nos 10k aqui. Vem com a gente que a partir de fevereiro essa Mandata é FEDERAL!,5,3,195
Daiana Santos,@daianasantospoa,https://twitter.com/daianasantospoa/status/1609620840190038018,2023-01-01T18:41:28.000Z,"Uma nova política para o Brasil e para o mundo! A Economia não é inimiga do Meio Ambiente. No Brasil do Futuro, vamos lutar pelo DESMATAMENTO ZERO e pelo fim da emissão de gases.",1,2,30
Daiana Santos,@daianasantospoa,https://twitter.com/daianasantospoa/status/1609620232263585792,2023-01-01T18:39:03.000Z,"O POVO VOLTOU AO PODER!

Foto: Ricardo Stuckert",9,112,1.793
Daiana Santos,@daianasantospoa,https://twitter.com/daianasantospoa/status/1609618589274849288,2023-01-01T18:32:31.000Z,"Bolsonaro vendeu e sangrou o Brasil em troca de votos. O desafio que teremos daqui para frente, Lula Presidente, eu como Deputada Federal, será grande para reconstruir tudo que foi perdido. Nós não temos medo dos desafios.",2,3,57
Daiana Santos,@daianasantospoa,https://twitter.com/daianasantospoa/status/1609617607417643011,2023-01-01T18:28:37.000Z,"Cobrar justiça não é perseguição. Quem errou, que pague!",0,13,97
Daiana Santos,@daianasantospoa,https://twitter.com/daianasantospoa/status/1609615689467191298,2023-01-01T18:21:00.000Z,"A gata sabe se posicionar, não adianta <3",4,3,125
Daiana Santos,@daianasantospoa,https://twitter.com/daianasantospoa/status/1609614139613118465,2023-01-01T18:14:50.000Z,AGORA É PRESIDENTE DO BRASIL!!!!,0,0,20
Daiana Santos,@daianasantospoa,https://twitter.com/daianasantospoa/status/1609613050440450048,2023-01-01T18:10:31.000Z,É OFICIAL: Lula é pela 3ª vez PRESIDENTE DA REPÚBLICA FEDERATIVA DO BRASIL!,1,7,168
Daiana Santos,@daianasantospoa,https://twitter.com/daianasantospoa/status/1609611034049798146,2023-01-01T18:02:30.000Z,"Foto linda, iluminada, para marcar a chegada de um novo Brasil!",0,1,48
Daiana Santos,@daianasantospoa,https://twitter.com/daianasantospoa/status/1609610862851153922,2023-01-01T18:01:49.000Z,"Sou boleira. Entendo de posicionamento, né? kkkkkk",18,6,325
Daiana Santos,@daianasantospoa,https://twitter.com/daianasantospoa/status/1609609175583297537,2023-01-01T17:55:07.000Z,"Se vocês verem umas tranças vermelhas ali no meio, SOU EU!",904,487,"24,6 mil"
Daiana Santos,@daianasantospoa,https://twitter.com/daianasantospoa/status/1609606403127185411,2023-01-01T17:44:06.000Z,"MULHERES NA LINHA DE FRENTE!

As primeiras-damas sempre iam atrás dos presidentes eleitos. Janja e Lu Alckmin quebraram o protocolo e foram à frente. É o Brasil já mudando!",9,150,1.876
Daiana Santos,@daianasantospoa,https://twitter.com/daianasantospoa/status/1609605086208036866,2023-01-01T17:38:52.000Z,"VEM PEGAR A TUA FAIXA, PRESIDENTE LULA!",0,1,31
Daiana Santos,@daianasantospoa,https://twitter.com/daianasantospoa/status/1609602072172699649,2023-01-01T17:26:53.000Z,"Muito axé para liderar a reconstrução do Brasil, Presidente Lula!",0,2,24
Daiana Santos,@daianasantospoa,https://twitter.com/daianasantospoa/status/1609601694970830854,2023-01-01T17:25:23.000Z,"O nosso querido Mujica já está no Congresso para a Posse de Lula, com a colega @mariadorosario e o companheiro @MarceloFreixo",0,0,21
Daiana Santos,@daianasantospoa,https://twitter.com/daianasantospoa/status/1609600150858797056,2023-01-01T17:19:15.000Z,LULA A CAMINHO DA POSSE!,0,0,25
Daiana Santos,@daianasantospoa,https://twitter.com/daianasantospoa/status/1609598082617950211,2023-01-01T17:11:02.000Z,Quem vai passar a faixa para o Presidente Lula?,1,2,11
Daiana Santos,@daianasantospoa,https://twitter.com/daianasantospoa/status/1609593240625315841,2023-01-01T16:51:48.000Z,O carro do Presidente Lula acabou de se mexer! Tá chegando a HORA! #PosseDoLula #PresidenteLula #LulaPresidente,0,0,8
Daiana Santos,@daianasantospoa,https://twitter.com/daianasantospoa/status/1609591858358878213,2023-01-01T16:46:18.000Z,"Sonhei muito por esse dia. Lutamos muito para torná-lo realidade. O nosso pesadelo finalmente ACABOU. Hoje, começa um novo Brasil!",0,2,67
Daiana Santos,@daianasantospoa,https://twitter.com/daianasantospoa/status/1609585804258562048,2023-01-01T16:22:15.000Z,"🚨 URGENTE 🚨 AO Vivo na CNN, PF afirma que homem foi preso com faca e explosivo tentando entrar na área próxima da Posse de Lula.#PosseDoLula #LulaPresidente",0,1,29
Daiana Santos,@daianasantospoa,https://twitter.com/daianasantospoa/status/1609584124268011520,2023-01-01T16:15:34.000Z,É A FESTA DO POVO!,0,1,39
Daiana Santos,@daianasantospoa,https://twitter.com/daianasantospoa/status/1609561235842011136,2023-01-01T14:44:37.000Z,"Esse é um momento histórico de retomada da esperança. É muito emocionante estar ao lado de milhares de brasileiros que defendem a democracia! 

Estaremos junto com Lula nesse dia tão especial em que a alegria está tomando posse!",0,9,90
