nome,usuario,idTweet,dataPublicacao,texto,replies,retweets,likes
Emanuel Pinheiro Neto,@emanuelzinhomt,https://twitter.com/emanuelzinhomt/status/1618702409240547329,2023-01-26T20:08:23.000Z,"“Uma indústria nacional moderna, competitiva, voltada para a inovação e para a sustentabilidade será o alicerce fundamental para a retomada do desenvolvimento econômico e social do Brasil” CNI",0,0,0
Emanuel Pinheiro Neto,@emanuelzinhomt,https://twitter.com/emanuelzinhomt/status/1618305084261294080,2023-01-25T17:49:33.000Z,"Ajuste fiscal é importante? Sim. Muito!!!! No entanto, não pode ser enxergado isoladamente, mas num conjunto de outros índices macroeconômicos, como:

-Taxa de Juros
-Taxa de Câmbio
-Taxa de Salários
-Inflação
-PIB
-Desemprego

É o conjunto que gera boas ações político-econômicas",1,0,4
Emanuel Pinheiro Neto,@emanuelzinhomt,https://twitter.com/emanuelzinhomt/status/1618263067879673859,2023-01-25T15:02:35.000Z,⚫️O caso das #Americanas mostra que 3 Bilionários receberam dividendos às custas de acionistas minoritários🟣Além disso 1/3 da dívida de 41 Bi é com bancos públicos🔵E são esses que mais cobram “Responsabilidade Fiscal” às custas dos cortes do Estado em INVESTIMENTOS SOCIAIS.,2,1,7
Emanuel Pinheiro Neto,@emanuelzinhomt,https://twitter.com/emanuelzinhomt/status/1616925656117542912,2023-01-21T22:28:12.000Z,"Mais de 570 Yanomamis morreram de DESNUTRIÇÃO, fome e contaminação por MERCÚRIO após liberação de GARIMPO em terras indígenas. Temos que honrar essas vidas e mudar essa história;",1,0,8
Emanuel Pinheiro Neto,@emanuelzinhomt,https://twitter.com/emanuelzinhomt/status/1616511810449903633,2023-01-20T19:03:43.000Z,"Estamos trabalhando pra revogação da Portaria 10723. Não é justo servidores serem penalizados em suas redistribuições dos cargos efetivos ocupados;

Qualidade no trabalho do servidor resulta em melhoria do SERVIÇO PÚBLICO oferecido à sociedade!#revogaportaria10723",68,53,80
Emanuel Pinheiro Neto,@emanuelzinhomt,https://twitter.com/emanuelzinhomt/status/1616098780784246785,2023-01-19T15:42:29.000Z,"Temos vistos nos últimos dias inúmeros crimes de FEMINICÍDIO mesmo após o REGISTRO do BO pela mulher;

Na prática, o registro do boletim não tem sido eficaz por não resultar em MEDIDAS EFICIENTES de curto prazo p/ previnir fatalidades.

CONGRESSOS E INSTITUIÇÕES devem AGIR!!!",2,3,15
Emanuel Pinheiro Neto,@emanuelzinhomt,https://twitter.com/emanuelzinhomt/status/1615815829047676928,2023-01-18T20:58:08.000Z,"Precisamos entender que o Brasil é maior que o “mercado financeiro”.

A lógica do povo é uma, a do mercado é outra. Enquanto o povo quer emprego e salário o mercado quer viver do rentismo a custo de altos juros para o povo.

São interesses inconciliáveis!",4,2,7
Emanuel Pinheiro Neto,@emanuelzinhomt,https://twitter.com/emanuelzinhomt/status/1615415542902579200,2023-01-17T18:27:33.000Z,"É impressionante o número de FAKE NEWS circulando sobre o novo governo Lula desde sua eleição. 

Não há governo perfeito. O ponto que precisamos entender é que as FAKE NEWS tem força pra desorganizar a República, inflamar os ânimos, potencializar o ódio e afetar nossas vidas!",11,8,22
Emanuel Pinheiro Neto,@emanuelzinhomt,https://twitter.com/emanuelzinhomt/status/1615414817967464456,2023-01-17T18:24:40.000Z,"Reajuste salarial de quase 15% aos professores sancionado! 👏🏼Valorizar quem educa e respeitar a lei do piso salarial dos professores que existe desde 2008 é um sinal de que começamos a devolver a dignidade aos servidores brasileiros! 

Não há educação sem vocês!!📚",2,2,8
Emanuel Pinheiro Neto,@emanuelzinhomt,https://twitter.com/emanuelzinhomt/status/1612184373893410816,2023-01-08T20:28:02.000Z,"Os atos de caráter GOLPISTA no DF representam um sintoma de febre da democracia brasileira. DEMOCRACIA significa regras para o exercício e o rodízio do Poder. Aos que não respeitam as regram não deve haver tolerância, sob pena de subjugar toda uma nação à violência de extremistas",10,5,20
