nome,usuario,idTweet,dataPublicacao,texto,replies,retweets,likes
Gervásio Maia,@gervasiomaia,https://twitter.com/gervasiomaia/status/1620050466041389056,2023-01-30T13:25:04.000Z,"Nesta segunda, participo do programa Debates do Povo, da Rádio O Povo CBN, de Fortaleza. Vamos conversar sobre o retorno dos trabalhos na @camaradeputados e dos fatos políticos do momento. Conto com sua audiência e participação.
Até lá! 😉",0,0,4
Gervásio Maia,@gervasiomaia,https://twitter.com/gervasiomaia/status/1618747847578640387,2023-01-26T23:08:56.000Z,"Acompanhei o governador @joaoazevedolins na reunião com o  ministro @marciofrancasp. Durante o encontro, o ministro se comprometeu em elaborar um projeto para analisar a viabilidade técnica para a implantação do porto de Águas Profundas na cidade de Mataraca.",1,2,13
Gervásio Maia,@gervasiomaia,https://twitter.com/gervasiomaia/status/1618378178669707264,2023-01-25T22:40:00.000Z,"O financiamento do BNDES, como o anunciado pelo presidente @LulaOficial na Argentina, financia empresas brasileiras exportadoras de bens e serviços gerando emprego e renda no Brasil. 
Falei sobre esse tema na @CNNBrasil! 👇🏻 #ApertaoPlay #BNDES",0,3,5
Gervásio Maia,@gervasiomaia,https://twitter.com/gervasiomaia/status/1615355906157428739,2023-01-17T14:30:34.000Z,"Logo mais, às 13h35, participo do programa #CorreioDebate na #TVCorreio, com @hermesdeluna. Vamos conversar sobre política local e nacional. Conto com sua audiência e participação. 
Até lá! 😉#GervasioMaia #CorreioDebate#entrevista#política#Paraíba",0,2,8
Gervásio Maia,@gervasiomaia,https://twitter.com/gervasiomaia/status/1614951838628855809,2023-01-16T11:44:57.000Z,"Logo mais, às 13h, participo do #ArapuanVerdade na @Arapuan95FM. Na ocasião, vamos falar do nosso trabalho na Câmara dos Deputados e sobre a conjuntura política nacional. Conto com sua audiência e participação. 
Até lá! 😉",0,0,4
Gervásio Maia,@gervasiomaia,https://twitter.com/gervasiomaia/status/1613288320884215809,2023-01-11T21:34:43.000Z,"Ao lado dos colegas de bancada do @psbnacamara, participamos de reunião com o min da Justiça @flaviodino, com o interventor na Segurança Pública do GDF, @RicardoCappelli e secretários @tadeualencarpe @deputadoeliasvaz.  Contem com nosso apoio e nosso mandato.",0,0,10
Gervásio Maia,@gervasiomaia,https://twitter.com/gervasiomaia/status/1613183461459722242,2023-01-11T14:38:03.000Z,"Depois dos atos terrorristas do domingo, o ex-presidente divulga vídeo mentiroso sobre eleições. Do conforto dos EUA, incita o povo ao ódio. Os terroristas e seus financiadores seguem sendo identificados, mas Bolsonaro precisa ser responsabilizado pelos crimes que cometeu.",0,2,7
Gervásio Maia,@gervasiomaia,https://twitter.com/gervasiomaia/status/1612624476075614210,2023-01-10T01:36:50.000Z,"Decreto de intervenção federal APROVADO pela Câmara.
Seguimos firmes na luta em defesa da democracia.",2,4,27
Gervásio Maia,@gervasiomaia,https://twitter.com/gervasiomaia/status/1612256384174669824,2023-01-09T01:14:10.000Z,O Congresso convocou sessão extraordinária para votar a intervenção federal no DF decretada pelo pres @LulaOficial. Os danos ao patrimônio público são enormes. Os criminosos estão sendo identificados e precisam ser punidos exemplarmente. Seguimos firmes na defesa da democracia.,0,2,8
Gervásio Maia,@gervasiomaia,https://twitter.com/gervasiomaia/status/1612173568850202625,2023-01-08T19:45:06.000Z,"O Governo do DF foi omisso, conivente e precisa ser responsabilizado pelo terrorismo em Brasília. O crime contra a democracia foi anunciado e planejado aos olhos do Gov Ibaneis Rocha, que mesmo com todas as informações dos atos, nada fez. É urgente uma intervenção federal no DF!",0,4,14
Gervásio Maia,@gervasiomaia,https://twitter.com/gervasiomaia/status/1612153129935462405,2023-01-08T18:23:53.000Z,"O futebol perde um gigante, o Vasco perde seu maior ídolo. 
Roberto Dinamite, maior artilheiro da história do Brasileirão, nos deixou neste domingo aos 68 anos. 
Nossos sentimentos aos familiares, amigos e aos torcedores do @VascodaGama.
Descanse em paz, Roberto Dinamite! 🖤",2,3,7
Gervásio Maia,@gervasiomaia,https://twitter.com/gervasiomaia/status/1611422739859968008,2023-01-06T18:01:34.000Z,"A Paraíba conta com um dos melhores portais de transparência do Brasil.
De acordo com o ranking do Núcleo de Estudos da Transparência da USP, divulgado pela @folha, o Estado é o 5º mais transparente do país e 2º do Nordeste. Reflexo da gestão comprometida do gov @joaoazevedolins",0,1,9
Gervásio Maia,@gervasiomaia,https://twitter.com/gervasiomaia/status/1610983791882813440,2023-01-05T12:57:21.000Z,"Logo mais, às 10h30, participo do #LiveCNN na @CNNBrasil. Na ocasião, vamos debater sobre os sigilos de 100 anos do ex-presidente Jair Bolsonaro que serão reavaliados pela CGU.
Conto com sua audiência e participação.",1,3,10
Gervásio Maia,@gervasiomaia,https://twitter.com/gervasiomaia/status/1610785045945679872,2023-01-04T23:47:36.000Z,"O Ministro da Justiça e Segurança Pública @flaviodino, fortalece ainda mais a esperança de um Brasil melhor. Tabalhador, competente, preparado e, sobretudo, humano. Conte com nosso trabalho e nosso apoio na @camaradeputados, meu amigo.",1,1,12
