nome,usuario,idTweet,dataPublicacao,texto,replies,retweets,likes
Júnior Mano,@JuniorManoDep,https://twitter.com/JuniorManoDep/status/1620048992704024577,2023-01-30T13:19:13.000Z,"O sentimento para começar a 
semana é de GRATIDÃO. 
Sigo com minha família para Brasília 
onde acontecerá a minha posse, 
para mais um mandato de deputado federal. 
Vou continuar cuidando do meu Ceará, 
com muito trabalho e dedicação!",23,0,16
Júnior Mano,@JuniorManoDep,https://twitter.com/JuniorManoDep/status/1615085448975777792,2023-01-16T20:35:52.000Z,"Gostaria de Parabenizar a nova presidente do Banco do Brasil, Tarciana Medeiros, a primeira mulher a presidir o órgão em mais de 200 anos. Desejo um  excelente trabalho na  direção do maior banco público do país.",6,0,6
Júnior Mano,@JuniorManoDep,https://twitter.com/JuniorManoDep/status/1613954276027682816,2023-01-13T17:40:59.000Z,"Lamento o falecimento do ex-reitor da UFC, Roberto Cláudio Frota Bezerra, pai do ex-prefeito de Fortaleza Roberto Cláudio, que na sua carreira contribuiu para a Educação Superior do nosso Estado. Nesse momento de luto deixo a minha solidariedade aos familiares e amigos. #Luto",2,0,7
Júnior Mano,@JuniorManoDep,https://twitter.com/JuniorManoDep/status/1612244875495280642,2023-01-09T00:28:27.000Z,"Manifestação pacífica sim, vandalismo não. Como parlamentar, repudio esses atentados que não respeitam às instituições e o patrimônio público. O que ocorreu neste domingo (8) foi um claro atentado à democracia brasileira, quando manifestantes invadiram a Sede dos Três Poderes.",7,2,5
Júnior Mano,@JuniorManoDep,https://twitter.com/JuniorManoDep/status/1612091682870251523,2023-01-08T14:19:43.000Z,"Me posiciono contra o PL 3081/2022 que desregulamenta mais de 100 profissões no Brasil, como a Engenharia, nutrição, contador e fono. Defendo que o diploma é a maior arma contra qualquer charlatanismo. Vamos lutar que esse projeto seja arquivado. #tmjr",2,3,16
