nome,usuario,idTweet,dataPublicacao,texto,replies,retweets,likes
Kim Kataguiri,@KimKataguiri,https://twitter.com/KimKataguiri/status/1619904731668938752,2023-01-30T03:45:59.000Z,"Trabalho de oposição é assim, usando as armas deles contra eles.",494,199,1.995
Kim Kataguiri,@KimKataguiri,https://twitter.com/KimKataguiri/status/1619378518533771265,2023-01-28T16:55:00.000Z,É assim que se faz oposição de verdade! Não é quebrando coisas e fazendo birra no congresso. É cobrando de forma propositiva e institucional!,909,332,3.103
Kim Kataguiri,@KimKataguiri,https://twitter.com/KimKataguiri/status/1619068330064883712,2023-01-27T20:22:25.000Z,Quem foi o palhaço que fez isso? kk,522,518,9.634
Kim Kataguiri,@KimKataguiri,https://twitter.com/KimKataguiri/status/1619028788456873984,2023-01-27T17:45:17.000Z,Hipocrisia do Lula não tem limite!,461,393,1.584
Kim Kataguiri,@KimKataguiri,https://twitter.com/KimKataguiri/status/1618959990395633666,2023-01-27T13:11:55.000Z,"Em 2003 eles fizeram a mesma coisa. Muito estranho…

Com ele no DF, agora temos 2 grandes chefes de quadrilha na capital do país.",128,86,1.097
Kim Kataguiri,@KimKataguiri,https://twitter.com/KimKataguiri/status/1618954167854448640,2023-01-27T12:48:46.000Z,Temos visto notícias extremamente bizarras e preocupantes sobre crianças de até 9 anos fazendo cirurgias irreversíveis de mudança de sexo. É um absurdo que uma ideologia doentia incentive tal prática em crianças.,470,262,1.782
Kim Kataguiri,@KimKataguiri,https://twitter.com/KimKataguiri/status/1618923498516385794,2023-01-27T10:46:54.000Z,"Fake news. O BNDEs repassa para a empresa fazer a obra no país, mas é o país que tem a responsabilidade de pagar a empresa. Aí está o calote. Alô @AdvocaciaGeral, cadê o Ministério da Verdade sendo aplicado aqui?",153,144,1.459
Kim Kataguiri,@KimKataguiri,https://twitter.com/KimKataguiri/status/1618922501580656640,2023-01-27T10:42:57.000Z,"Ué, usei o próprio ministério da verdade criado por Lula. Se o Executivo quer processar quem mente, tem que processar qualquer um, inclusive do governo. sou contra o tal ministério, estou usando apenas para mostrar a hipocrisia do governo, que só vai usar pra perseguir opositores",211,134,2.116
Kim Kataguiri,@KimKataguiri,https://twitter.com/KimKataguiri/status/1618916201752829952,2023-01-27T10:17:55.000Z,A esquerda se perdeu muito na lacração. Tanto que gerou esse tipo de discurso maluco.,275,141,2.895
Kim Kataguiri,@KimKataguiri,https://twitter.com/KimKataguiri/status/1618737836714516480,2023-01-26T22:29:09.000Z,As mentiras do Lula estão descontroladas!,273,160,907
Kim Kataguiri,@KimKataguiri,https://twitter.com/KimKataguiri/status/1618718259376947200,2023-01-26T21:11:22.000Z,O tal pacote pela democracia parece mais um pacote de censura,981,344,2.375
Kim Kataguiri,@KimKataguiri,https://twitter.com/KimKataguiri/status/1618718085040721921,2023-01-26T21:10:40.000Z,. @madeleinelacsko,67,41,695
Kim Kataguiri,@KimKataguiri,https://twitter.com/KimKataguiri/status/1618665329743532032,2023-01-26T17:41:02.000Z,"Será um teste crucial para o 'Ministério da Verdade'. Veremos se a Procuradoria Nacional da União de Defesa da Democracia realmente cumprirá sua função de combater as notícias falsas, ou se será apenas utilizada como um mecanismo para perseguir adversários políticos.",710,429,5.038
Kim Kataguiri,@KimKataguiri,https://twitter.com/KimKataguiri/status/1618288597316276224,2023-01-25T16:44:02.000Z,"Carlos Lupi está achando que o dinheiro do povo brasileiro é capim, inacreditável como eles tentam sempre se aproveitar das brechas pra ter mais privilégios e regalias.",98,123,1.014
Kim Kataguiri,@KimKataguiri,https://twitter.com/KimKataguiri/status/1618048344701698053,2023-01-25T00:49:21.000Z,"""Ah, mas com Bolsonaro e Guedes as coisas estariam melhores"". Tá bom, gado, continua chorando. Bolsonaro = PT.",241,134,1.065
Kim Kataguiri,@KimKataguiri,https://twitter.com/KimKataguiri/status/1618045333665382400,2023-01-25T00:37:24.000Z,"O maluco poderia ter comprado uma RTX 4070 Ti, mas preferiu gastar QUARENTA PAU em DENTE",296,50,1.405
Kim Kataguiri,@KimKataguiri,https://twitter.com/KimKataguiri/status/1618044709741690880,2023-01-25T00:34:55.000Z,"Entendi, Lula, teve um GOLPE DE ESTADO, e aí você escolheu vinte ministros que foram a favor de um GOLPE e escolheu até mesmo um vice-presidente golpista. Que narrativa coerente. Vai mandar prender os ministros do STF que referendaram o ""golpe""? Trata-se de um crime, afinal...",321,525,3.245
Kim Kataguiri,@KimKataguiri,https://twitter.com/KimKataguiri/status/1618016478930046976,2023-01-24T22:42:44.000Z,"Dos mesmos criadores de “não pode combater a pandemia pra não prejudicar a economia”, vem aí o “não pode combater a corrupção pra não prejudicar a economia”.",199,119,1.369
Kim Kataguiri,@KimKataguiri,https://twitter.com/KimKataguiri/status/1617954088393768960,2023-01-24T18:34:49.000Z,Lula ta achando que nosso país é caixa eletrônico de caloteiros.,2.624,1.374,8.556
Kim Kataguiri,@KimKataguiri,https://twitter.com/KimKataguiri/status/1617905512548536320,2023-01-24T15:21:48.000Z,Hahahaha muito bom! Comprem e usem o código promocional KIM que vocês vão ter uma surpresa!,50,22,340
Kim Kataguiri,@KimKataguiri,https://twitter.com/KimKataguiri/status/1617882725381443593,2023-01-24T13:51:15.000Z,"Ué Carluxo, a gente não tinha derretido? Não éramos irrelevantes?

Agora os irrelevantes são a maior dor de cabeça do petismo e você... bom, você está prestes a ser preso.",699,121,2.102
Kim Kataguiri,@KimKataguiri,https://twitter.com/KimKataguiri/status/1617879932566401024,2023-01-24T13:40:09.000Z,"Sabe o que é pior sobre essa bizarrice aqui? A Agência Brasil é da EBC, aquela estatal que Bolsonaro prometeu extinguir em 2018. Acabou que ele passou o governo inteiro dele usando a empresa de cabide de emprego.",57,67,955
Kim Kataguiri,@KimKataguiri,https://twitter.com/KimKataguiri/status/1616958557605269505,2023-01-22T00:38:56.000Z,"Estou com saudade de escrever umas linhas de código simples, qual melhor software pra programar em pascal?",355,21,1.376
Kim Kataguiri,@KimKataguiri,https://twitter.com/KimKataguiri/status/1616911546516660225,2023-01-21T21:32:08.000Z,Vou ficar muito traumatizado se assistir essas histórias do Junji Ito no Netflix?,77,6,341
Kim Kataguiri,@KimKataguiri,https://twitter.com/KimKataguiri/status/1616813290730184704,2023-01-21T15:01:42.000Z,"Além de vetar minha emenda da programação e robótica nas escolas, agora ele veta mais um orçamento para a ciência e isso que esse é o governo da ""educação"" e da ""ciência"", da até pra lembrar lá em 2014 a Dilma com slogan de pátria educadora enquanto cortava o orçamento do MEC.",360,639,4.131
Kim Kataguiri,@KimKataguiri,https://twitter.com/KimKataguiri/status/1616586978627141635,2023-01-21T00:02:25.000Z,"O Lula simplesmente meteu essa, o Presidente da República não conhece a história da República, lamentável.

Isso que esse é o governo do: ""Mais livros, menos armas"", só faltou o Lula seguir essa regra.

Daqui a pouco vem as matérias da imprensa com o título. ""Gafe de Lula"".",112,123,964
Kim Kataguiri,@KimKataguiri,https://twitter.com/KimKataguiri/status/1616576033532121088,2023-01-20T23:18:55.000Z,"💣BOMBA: CAIXA 2 DO BOLSONARO COM ÁUDIOS DO ""MITO""!",259,352,2.762
Kim Kataguiri,@KimKataguiri,https://twitter.com/KimKataguiri/status/1616431734999883777,2023-01-20T13:45:32.000Z,"Danilo não pode ser presidente por ser comediante? Por que não? É um trabalhador, muito bem sucedido, diga-se, que tem um posicionamento político firme e claro há tempos e que possui um grupo político e um projeto de país. Piada -de muito mau gosto- são aqueles que nos governam.",633,405,4.056
Kim Kataguiri,@KimKataguiri,https://twitter.com/KimKataguiri/status/1616219983679483905,2023-01-19T23:44:06.000Z,"Notícia veiculada pelo iG hoje mostra de onde vem a motivação para os ataques histéricos dos filhos do vagabundo, corrupto e quadrilheiro contra o MBL. É medinho rsss",90,67,875
Kim Kataguiri,@KimKataguiri,https://twitter.com/KimKataguiri/status/1616218740416192513,2023-01-19T23:39:10.000Z,"Teu pai também vetou o FNDCT e a Câmara teve de aprovar um novo projeto pra liberar. Não vou nem dizer que você está agindo de má fé, você só é burro mesmo e não conhece nem a Câmara aprova nem o que seu pai veta. Aproveita enquanto ainda está solto, Carluxo...",35,73,913
Kim Kataguiri,@KimKataguiri,https://twitter.com/KimKataguiri/status/1616167617772781574,2023-01-19T20:16:01.000Z,"Gentili já está incomodando a mídia (como sempre), mas dessa vez com um projeto que livrará o brasileiro das velhas raposas da política. 2026 está aí e estamos chegando",1.803,682,6.315
Kim Kataguiri,@KimKataguiri,https://twitter.com/KimKataguiri/status/1616151708316336161,2023-01-19T19:12:48.000Z,"Petististas em polvorosa: mal começou o governo e já estão pedindo PRISÃO de jornalista da Folha por causa de uma FOTO, que, aliás, qualquer um com ao menos um par de neurônios é capaz de interpretar. O ímpeto totalitário dessa gente apareceu mais rápido do que imaginava.",179,228,2.669
Kim Kataguiri,@KimKataguiri,https://twitter.com/KimKataguiri/status/1616069375387381760,2023-01-19T13:45:38.000Z,"Essa era a opinião do STF sobre a liberdade de criticar figuras públicas, inclusive com o uso do humor. O que mudou?",625,1.147,6.687
Kim Kataguiri,@KimKataguiri,https://twitter.com/KimKataguiri/status/1615834017244356626,2023-01-18T22:10:25.000Z,"LEI ROUANET: A gente já sabe como funciona, 90% do dinheiro vai para os amigos do Lula e os outros 10% vai para artistas que estão começando e realmente precisam de incentivo.",714,516,3.079
Kim Kataguiri,@KimKataguiri,https://twitter.com/KimKataguiri/status/1615434179075784704,2023-01-17T19:41:36.000Z,"Criei o PL 2957/22 para obrigar que a administração pública seja neutra ideologicamente. Nada de fazer propaganda de partido, candidato ou use essa estupidez chamada “linguagem neutra”.",1.122,942,7.724
Kim Kataguiri,@KimKataguiri,https://twitter.com/KimKataguiri/status/1615106805624971275,2023-01-16T22:00:44.000Z,"DEFESA DA FAMÍLIA: o PL 2710/22 cria o cadastro nacional de informações sobre maus-tratos e abuso sexual praticados contra crianças em creches e pré-escolas da educação infantil. Criei esse projeto porque acredito que você, pai ou mãe, tem o direito de ter informações sobre...",52,121,1.754
Kim Kataguiri,@KimKataguiri,https://twitter.com/KimKataguiri/status/1614278732155437056,2023-01-14T15:10:16.000Z,"Esqueceu que a lei foi aprovada durante o governo do seu pai, é de autoria de uma deputada bolsonarista e votada pela base governista? Ah, é, esqueci que você nunca pisa na Câmara e não lê os projetos que vota, bananinha. PS: pague logo os processos que perdeu pra mim.",165,233,3.294
Kim Kataguiri,@KimKataguiri,https://twitter.com/KimKataguiri/status/1614278034546114561,2023-01-14T15:07:29.000Z,"Este artigo já existia. Falo desses: “Art. 20-A. Os crimes previstos nesta Lei terão as penas aumentadas de 1/3 (um terço) até a metade, quando ocorrerem em contexto ou com intuito de descontração, diversão ou recreação.” e (continua)",45,27,466
Kim Kataguiri,@KimKataguiri,https://twitter.com/KimKataguiri/status/1614273039625060352,2023-01-14T14:47:39.000Z,"Expresso meus pêsames ao ministro @LRobertoBarroso, do STF, por conta do falecimento de sua esposa, sra. Tereza Cristina. Que Deus a receba em Sua infinita misericórdia.",52,40,1.635
Kim Kataguiri,@KimKataguiri,https://twitter.com/KimKataguiri/status/1614049587987111937,2023-01-13T23:59:44.000Z,"Lei sancionada por Lula e assinada por Dino e Silvio Almeida pode colocar humorista na prisão por ""piada ofensiva"" e proibi-lo de frequentar eventos esportivos e culturais durante 3 anos. Pena prevista é maior do que furto. Crime será imprescritível e inafiançável.","11,2 mil",6.367,"28,1 mil"
Kim Kataguiri,@KimKataguiri,https://twitter.com/KimKataguiri/status/1613988568673751057,2023-01-13T19:57:15.000Z,"A máquina petista voltou com tudo! Sua doutrinação já acontecia em casa, na escola, na faculdade e agora será institucionalizada. Participe da oposição a tudo isso, venha para a Academia MBL.
Inscreva-se em:http://ACADEMIA.MBL.ORG.BR",178,80,824
Kim Kataguiri,@KimKataguiri,https://twitter.com/KimKataguiri/status/1613971744938946560,2023-01-13T18:50:24.000Z,"Programação e robótica são duas áreas que vão crescer MUITO num futuro muito próximo e precisam ser setores de oportunidades para os jovens brasileiros. Pensando nisso que propus emendas na Política Nacional de Educação Digital no ano passado, mas foram vetadas pelo Lula.",438,553,3.733
Kim Kataguiri,@KimKataguiri,https://twitter.com/KimKataguiri/status/1613947142489382912,2023-01-13T17:12:39.000Z,"Muito triste ver o que estão fazendo com o @GuilhermeBriggs. Dublador brilhante, não possui nenhuma responsabilidade sobre o roteiro que o estúdio passou para ele seguir ou sobre a tradução que os scans fizeram. Perde a comunidade de Chainsaw Man.",46,76,2.041
Kim Kataguiri,@KimKataguiri,https://twitter.com/KimKataguiri/status/1613700792191442944,2023-01-13T00:53:44.000Z,"Mentiu a dar com pau durante a eleição, prometendo mundos e fundos como se o dinheiro público desse em arvore, agora chega no governo aumenta o salario dos ministros e não cumpre promessa da campanha.",630,801,4.002
Kim Kataguiri,@KimKataguiri,https://twitter.com/KimKataguiri/status/1613570535841214464,2023-01-12T16:16:09.000Z,"Ano passado aprovei na Câmara dos Deputados uma emenda ao PLP 9.394, de 20/12/96 para incluir na grade curricular as disciplinas de programação e robótica. É o Governo Lula mostrando que quer ficar preso no passado em vez de preparar as nossas crianças para o mercado do futuro.",219,316,2.052
Kim Kataguiri,@KimKataguiri,https://twitter.com/KimKataguiri/status/1613307906660728833,2023-01-11T22:52:33.000Z,Frente ampla pelo abuso do dinheiro público.,432,453,3.545
Kim Kataguiri,@KimKataguiri,https://twitter.com/KimKataguiri/status/1613257703555739648,2023-01-11T19:33:04.000Z,Mas... haha,662,1.110,9.739
Kim Kataguiri,@KimKataguiri,https://twitter.com/KimKataguiri/status/1613155436097585152,2023-01-11T12:46:41.000Z,"O mundo não gira, ele capota, Boulos contra invasões e Bolsonaristas a favor dos direitos humanos.",565,694,5.267
Kim Kataguiri,@KimKataguiri,https://twitter.com/KimKataguiri/status/1613153247706890241,2023-01-11T12:37:59.000Z,"Agradeço ao @FMouraBrasil pelo reconhecimento. Triste constatar que faltam quadros na direita para bater de frente com a corrupção, a incompetência e o golpismo de Jair Bolsonaro.",41,104,1.094
Kim Kataguiri,@KimKataguiri,https://twitter.com/KimKataguiri/status/1612908078881447964,2023-01-10T20:23:47.000Z,"Devido ao grande número de pessoas reportando que estavam sendo inscritas em dívida ativa ou sendo protestadas sem ter conhecimento pelos conselhos de sua profissão, criamos esse projeto para que esse procedimento seja mais transparente.",44,58,984
Kim Kataguiri,@KimKataguiri,https://twitter.com/KimKataguiri/status/1612870142966304772,2023-01-10T17:53:02.000Z,"""O jogo eletrônico não é imprevisível. Ele é desenhado por uma programação digital, cibernética. É uma programação, ela é fechada, ela não é aberta, como o esporte"". Ignorância tremenda da ministra Ana Moser sobre e-sports. Pior ainda é diminuir a relevância dos nossos atletas,",401,637,6.666
Kim Kataguiri,@KimKataguiri,https://twitter.com/KimKataguiri/status/1612866728656240640,2023-01-10T17:39:28.000Z,"Quando a lei antiterrorismo (que visava tipificar como terrorismo esse tipo de conduta) foi debatida, as esquerdas foram contra. À época eles queriam proteger movimentos como MST que sempre usaram desse modus operandi para protestarem. Agora estão colhendo o que plantaram.",49,180,1.904
Kim Kataguiri,@KimKataguiri,https://twitter.com/KimKataguiri/status/1612825803280060482,2023-01-10T14:56:51.000Z,"Mau caratismo do @JornalOGlobo é impressionante. Colocam minha foto com essa chamada, como se eu fosse apoiador de Bolsonaro. Quando você clica na matéria, o título adiciona ""e opositores de Lula"". A intenção de levar o leitor a erro é clara. Vergonhoso.",763,596,8.365
Kim Kataguiri,@KimKataguiri,https://twitter.com/KimKataguiri/status/1612581362468540423,2023-01-09T22:45:31.000Z,"Lembrando que Aras, o PGR de Bolsonaro, é amigo íntimo de José Dirceu e foi reconduzido ao cargo com o voto de cem por cento da bancada petista no Senado.",67,115,874
Kim Kataguiri,@KimKataguiri,https://twitter.com/KimKataguiri/status/1612465155035598848,2023-01-09T15:03:45.000Z,"Os atos golpistas que aconteceram ontem prejudicam toda a luta de oposição contra o PT, pois fazem parecer que todos que se opõem ao governo têm esse tipo de postura.

A verdadeira oposição é a que cobra de forma institucional. Essa tem resultado, como foi à época do impeachment",396,321,3.666
Kim Kataguiri,@KimKataguiri,https://twitter.com/KimKataguiri/status/1612267269148508162,2023-01-09T01:57:26.000Z,"Em 2017 Flávio Dino aplaudiu atos de depredação da esquerda dos ministérios, hoje ele repudia as ações dos Bolsonaristas e pede intervenção, essa hipocrisia da esquerda deve ser escancarada.

Os 2 atos são igualmente reprováveis e devem ser punidos no rigor da lei.",992,1.517,7.626
Kim Kataguiri,@KimKataguiri,https://twitter.com/KimKataguiri/status/1612265769315831809,2023-01-09T01:51:28.000Z,"Ato falho?

Lula sabe que Stalin foi um ditador sanguinário mas é melhor passar pano para agradar sua turminha de esquerdistas.",337,351,2.812
Kim Kataguiri,@KimKataguiri,https://twitter.com/KimKataguiri/status/1612077856414367744,2023-01-08T13:24:46.000Z,Kkkkkk,163,272,4.300
Kim Kataguiri,@KimKataguiri,https://twitter.com/KimKataguiri/status/1611848848439402497,2023-01-07T22:14:46.000Z,🚨NOTA OFICIAL🚨,724,828,7.887
Kim Kataguiri,@KimKataguiri,https://twitter.com/KimKataguiri/status/1611710233151160323,2023-01-07T13:03:58.000Z,"Novo ministro da educação.

Oh shit, were go again.
~CJ do GTA",227,186,1.720
Kim Kataguiri,@KimKataguiri,https://twitter.com/KimKataguiri/status/1611475635154599937,2023-01-06T21:31:45.000Z,"O Governo das ""ciências"".",172,132,1.978
Kim Kataguiri,@KimKataguiri,https://twitter.com/KimKataguiri/status/1611399023906144261,2023-01-06T16:27:20.000Z,"Se alguém ainda acha que o Governo do Lula não vai usar essa secretaria para perseguir opositores, basta assistir esse vídeo.

Compartilha com aquele teu amigo que acha que as intenções do Lula são democráticas!",151,247,1.269
Kim Kataguiri,@KimKataguiri,https://twitter.com/KimKataguiri/status/1610968212971352070,2023-01-05T11:55:26.000Z,"Empresas condenadas por corrupção em obras públicas serão premiadas pelo governo Lula podendo pagar suas penas com mais... obras públicas. É como se o homicida pudesse pagar sua pena matando mais gente. Esse escárnio não pode ser aceito, criamos um PL contra essa medida.",580,436,3.074
Kim Kataguiri,@KimKataguiri,https://twitter.com/KimKataguiri/status/1610808127653388296,2023-01-05T01:19:19.000Z,"Augusto Aras resolveu criar uma nova força policial, apenas para servir ao MP. À medida é absurda. Não há nenhuma previsão de uma polícia do MP no art. 144 da Constituição Federal, tampouco há tal previsão mas disposições constitucionais que tratam do MP.

Segue o Fio 🧶",86,175,1.584
Kim Kataguiri,@KimKataguiri,https://twitter.com/KimKataguiri/status/1610768308617330694,2023-01-04T22:41:06.000Z,Petistas leram 1984 e pensaram ser um plano de governo,133,138,1.550
Kim Kataguiri,@KimKataguiri,https://twitter.com/KimKataguiri/status/1610676553859633153,2023-01-04T16:36:30.000Z,"É desse cidadão que o Lula quer tirar a arma, para ficar a mercê de bandidos que conseguiram suas armas de forma ilegal",553,527,4.013
Kim Kataguiri,@KimKataguiri,https://twitter.com/KimKataguiri/status/1610648047356375040,2023-01-04T14:43:13.000Z,Hipocrisia petista se escancara no Governo Lula!,200,461,4.271
Kim Kataguiri,@KimKataguiri,https://twitter.com/KimKataguiri/status/1610629859973410818,2023-01-04T13:30:57.000Z,"Moeda única com América Latina
Paralisação das privatizações
Polícia do MP
Proibição de demissões em empresas privadas
Empréstimo pra Argentina
Ministério da Verdade
Decreto desarmamentista 

Não temos nem uma semana completa de governo do PT.","15,3 mil",5.445,"24,9 mil"
Kim Kataguiri,@KimKataguiri,https://twitter.com/KimKataguiri/status/1610627625189347329,2023-01-04T13:22:04.000Z,Quarto dia do ano e o trabalho não para!,480,201,3.014
Kim Kataguiri,@KimKataguiri,https://twitter.com/KimKataguiri/status/1610621746616406017,2023-01-04T12:58:42.000Z,"Representaremos por inconstitucionalidade no MP contra a criação dessa secretaria absurda do Governo Lula. Além disso, também faremos um PL para impedir sua criação.",320,214,2.699
Kim Kataguiri,@KimKataguiri,https://twitter.com/KimKataguiri/status/1610363164859801600,2023-01-03T19:51:12.000Z,"O Governo Lula criou a ""Procuradoria Nacional de Defesa da Democracia"" cuja função é ""enfrentar a desinformação"". Alguém duvida que isso só vai servir de patrulha do pensamento e censura?",5.804,1.992,9.515
Kim Kataguiri,@KimKataguiri,https://twitter.com/KimKataguiri/status/1610313211382743042,2023-01-03T16:32:42.000Z,"O Supremo Tribunal Federal já tem maioria de votos pra proibir demissão sem justa causa em empresas privadas. 

Na prática, você que tem uma empresa, não vai poder mandar embora funcionários ineficientes. Isso é uma arbitrariedade tremenda. Lutarei para que isso não aconteça!",351,422,3.582
Kim Kataguiri,@KimKataguiri,https://twitter.com/KimKataguiri/status/1610028686970949633,2023-01-02T21:42:06.000Z,"Quando você se sentir um tonto, lembre-se desse vídeo: tem gente que em 2023 ainda acha que o socialismo pode dar certo",524,456,3.699
Kim Kataguiri,@KimKataguiri,https://twitter.com/KimKataguiri/status/1609915062075924480,2023-01-02T14:10:36.000Z,Print feito.,99,288,4.380
Kim Kataguiri,@KimKataguiri,https://twitter.com/KimKataguiri/status/1609631167833145345,2023-01-01T19:22:30.000Z,Não descansarei nessa luta!,6.487,1.723,"14,8 mil"
Kim Kataguiri,@KimKataguiri,https://twitter.com/KimKataguiri/status/1609550718440022019,2023-01-01T14:02:49.000Z,"Bom dia!

Eu não sei vocês mas eu vou ter que refazer todo o meu planejamento pra 2023. Não ganhar na mega da virada não tava nos meus planos não, mano…",72,65,1.751
