nome,usuario,idTweet,dataPublicacao,texto,replies,retweets,likes
Luiz Philippe de Orleans e Bragança,@lpbragancabr,https://twitter.com/lpbragancabr/status/1619683779093889024,2023-01-29T13:07:59.000Z,Formar uma oposição é prioridade; não para conspirar contra mas sim para salvar o país. Quem apoia todas as sandices que o governo quer fazer é quem conspira a favor de uma crise geral.,482,2.082,"12,8 mil"
Luiz Philippe de Orleans e Bragança,@lpbragancabr,https://twitter.com/lpbragancabr/status/1618645009473101825,2023-01-26T16:20:17.000Z,"Afirmar que o impeachment da Dilma foi um golpe de estado é grave pois nega o juízo das vastas evidências apresentadas e afirma que o Congresso Nacional e o Supremo Tribunal Federal, instituições que conduziram todo o processo, foram golpistas.",963,3.559,"17,8 mil"
Luiz Philippe de Orleans e Bragança,@lpbragancabr,https://twitter.com/lpbragancabr/status/1617876304866738176,2023-01-24T13:25:44.000Z,"Todas as agências de crédito internacional rebaixaram os títulos da Argentina recentemente e preveem um cenário de piora econômica, sem previsão de melhora.  Mas para o atual ""governo"" a agenda política é mais importante que o bom senso.",176,1.131,6.246
Luiz Philippe de Orleans e Bragança,@lpbragancabr,https://twitter.com/lpbragancabr/status/1617757411594620929,2023-01-24T05:33:18.000Z,"O “novo governo” não sabe governar o Brasil.  Sabe entregar o Brasil ao governo dos argentinos, venezuelanos e outros incompententes que sabem o que querem do Brasil.",956,3.274,"19,1 mil"
Luiz Philippe de Orleans e Bragança,@lpbragancabr,https://twitter.com/lpbragancabr/status/1616066440578334724,2023-01-19T13:33:59.000Z,"“A ditadura dos governos do Foro de SP na América Latina é viabilizada pela corrupção, omissão ou ausência de uma oposição.” Excelente análise do ex-ministro da defesa da Bolívia.",46,271,1.316
Luiz Philippe de Orleans e Bragança,@lpbragancabr,https://twitter.com/lpbragancabr/status/1611504291818110981,2023-01-06T23:25:38.000Z,"A idéia de Moeda única pede outra péssima ideia: criar um banco central único. Na Europa isso só beneficiou os países mal geridos, de baixa poupança e poucas reservas. Quem garantiu a farra dos irresponsáveis foi a economia maior: Alemanha. Quem é a Alemanha da América Latina?",181,1.443,7.956
Luiz Philippe de Orleans e Bragança,@lpbragancabr,https://twitter.com/lpbragancabr/status/1611369987972923393,2023-01-06T14:31:57.000Z,"Em 1989 estudantes do leste europeu, como estes romenos na foto, lutaram por um futuro contra a perseguição e a opressão da ditadura comunista. Em toda América Latina de hoje governos ditatoriais gastam bilhões para iludir a juventude que o futuro depende da luta pelo oposto.",146,2.041,8.159
Luiz Philippe de Orleans e Bragança,@lpbragancabr,https://twitter.com/lpbragancabr/status/1610636212871614476,2023-01-04T13:56:11.000Z,"Cultura paga pelo Estado não é cultura, é propaganda de agenda política.",598,4.510,"26,5 mil"
Luiz Philippe de Orleans e Bragança,@lpbragancabr,https://twitter.com/lpbragancabr/status/1610469837490491398,2023-01-04T02:55:04.000Z,Lembra quando o governo Dilma aumentava e diminuía o IPI várias vezes? Agora com o vai e vem dos impostos sobre combustíveis fica claro que não sabem o que fazem. No melhor dos casos esse governo irá reagir as crises mas o mais provável é que as crie.,122,898,7.739
Luiz Philippe de Orleans e Bragança,@lpbragancabr,https://twitter.com/lpbragancabr/status/1610417287336546308,2023-01-03T23:26:16.000Z,"Enxurrada de notícias ruins não param de chegar em todos os fronts. Governo de esquerda é assim mesmo, não deixam nada nem ninguém em paz.",558,2.342,"19,5 mil"
Luiz Philippe de Orleans e Bragança,@lpbragancabr,https://twitter.com/lpbragancabr/status/1609687628902809600,2023-01-01T23:06:51.000Z,"Senadores, deputados e governadores estão “apaziguando” com a organização criminosa…",647,1.892,"14,8 mil"
Luiz Philippe de Orleans e Bragança,@lpbragancabr,https://twitter.com/lpbragancabr/status/1609642214962888711,2023-01-01T20:06:24.000Z,O Brasil e o brasileiro não pertencem a governo nenhum.,414,1.059,"12,9 mil"
Luiz Philippe de Orleans e Bragança,@lpbragancabr,https://twitter.com/lpbragancabr/status/1613557816463134721,2023-01-12T15:25:36.000Z,Causar medo é uma maneira de roubar poder da população fazendo-a crer que é impotente.,786,4.038,"20,9 mil"
Luiz Philippe de Orleans e Bragança,@lpbragancabr,https://twitter.com/lpbragancabr/status/1612592613760040960,2023-01-09T23:30:14.000Z,Meu voto é contrário à intervenção no Distrito Federal.  Temos requerimento para obter votação nominal sobre o tema para que todos parlamentares possam se posicionar individualmente.,1.313,3.324,"26,5 mil"
Luiz Philippe de Orleans e Bragança,@lpbragancabr,https://twitter.com/lpbragancabr/status/1611606015317004288,2023-01-07T06:09:50.000Z,“Cada crítica à autoridade é uma mini revolução.”,170,534,6.189
Luiz Philippe de Orleans e Bragança,@lpbragancabr,https://twitter.com/lpbragancabr/status/1609356945269334016,2023-01-01T01:12:50.000Z,Se o Alto Comando das FFAA também acha que temos uma “democracia pujante” então não temos um alto comando.,2.178,7.946,"48,4 mil"
