nome,usuario,idTweet,dataPublicacao,texto,replies,retweets,likes
Marcel van Hattem,@marcelvanhattem,https://twitter.com/marcelvanhattem/status/1619128733801279489,2023-01-28T00:22:26.000Z,"Que vergonha! Triste demais viver num país em que as liberdades vão sendo restringidas em vez de ampliadas. Nosso trabalho na Câmara continuará sendo para reverter esse nebuloso cenário pintado por autoritários e verdadeiros ditadores, que atacam diariamente a dignidade humana.",1.215,2.701,"11,4 mil"
Marcel van Hattem,@marcelvanhattem,https://twitter.com/marcelvanhattem/status/1618229201362116611,2023-01-25T12:48:01.000Z,"Já faz mais de 24h que Lula atacou as instituições brasileiras, Congresso e STF, chamando o impeachment constitucional de Dilma Rousseff de golpe de Estado. Alguém sabe dizer se o ministro @alexandre de Moraes já incluiu o extremista de esquerda no inquérito das fake news?",4.440,9.363,"35,1 mil"
Marcel van Hattem,@marcelvanhattem,https://twitter.com/marcelvanhattem/status/1617665023220019202,2023-01-23T23:26:10.000Z,Decidir o que pode ou não ser dito sob o pretexto de “enfrentamento à desinformação” é CENSURA! Estamos sob censura por parte do STF e agora os petistas querem interferir na sua opinião. Seguirei atuando contra os desmandos do PT e em defesa da liberdade.,946,3.076,17 mil
Marcel van Hattem,@marcelvanhattem,https://twitter.com/marcelvanhattem/status/1615010142960979970,2023-01-16T15:36:38.000Z,Lerdeza gigantesca foi proposital?,834,1.791,"10,3 mil"
Marcel van Hattem,@marcelvanhattem,https://twitter.com/marcelvanhattem/status/1614964350263136256,2023-01-16T12:34:40.000Z,"Em entrevista ao jornalista @BelinfanteMarc para o programa @EenVandaag, da TV Holandesa, repudiei os atos violentos em Brasília no domingo (8) e contextualizei a grave situação política no Brasil. É fundamental que o mundo saiba DE VERDADE o que se passa no nosso país!",797,2.353,"11,1 mil"
Marcel van Hattem,@marcelvanhattem,https://twitter.com/marcelvanhattem/status/1614435649314033666,2023-01-15T01:33:48.000Z,"Dictators in the world

China: Xi Jinping
Cuba: Miguel Díaz-Canel
Russia: Vladimir Putin
Venezuela: Nicolas Maduro

And, most recently, in Brazil: Alexandre de Moraes. 

If you are a journalist and want to understand more about what is going on in Brazil, you must watch this.",742,3.245,15 mil
Marcel van Hattem,@marcelvanhattem,https://twitter.com/marcelvanhattem/status/1613249392760217616,2023-01-11T19:00:02.000Z,"Importantíssima manifestação do Senador @marcosdoval! A apuração de responsabilidades sobre os absurdos e violentíssimos episódios de domingo não pode ser parcial, doa a quem doer. Tem meu apoio!",1.086,3.337,"18,4 mil"
Marcel van Hattem,@marcelvanhattem,https://twitter.com/marcelvanhattem/status/1612975991294509056,2023-01-11T00:53:38.000Z,"Segundo a Folha, seria hora de pedir impeachment do ladrão, descondenado, ex-presidiário e prevaricador? E, segundo a @folha , seria hora também de pedir a prisão de @FlavioDino ?",2.677,6.653,"33,1 mil"
Marcel van Hattem,@marcelvanhattem,https://twitter.com/marcelvanhattem/status/1612212359912726529,2023-01-08T22:19:14.000Z,"Invasão, violência e depredação de prédios públicos devem ser SEMPRE repudiadas. O descrédito que muitos hoje nutrem pelas instituições deve engajar o povo para recuperá-las, não para destruí-las! Manifestações pacíficas são da democracia; já as violentas só pioram a situação.",4.704,1.643,"18,5 mil"
Marcel van Hattem,@marcelvanhattem,https://twitter.com/marcelvanhattem/status/1610580500908744707,2023-01-04T10:14:49.000Z,"Guilherme Fiuza denuncia, no último dia 31, a violenta censura imposta a @rodrigoconstantino1976  e, três dias depois, também é violentamente censurado. O único poder que resta para fazer algo é o Congresso Nacional.",3.161,5.260,32 mil
Marcel van Hattem,@marcelvanhattem,https://twitter.com/marcelvanhattem/status/1610319236978692101,2023-01-03T16:56:39.000Z,"Se confirmada esta matéria, trata-se do último prego no caixão do Estado de Direito brasileiro e a consolidação do estado policial do STF sobre o país. CPI do abuso de autoridade do STF e TSE deve ser prioridade MÁXIMA do novo Congresso.",5.100,7.710,"39,9 mil"
Marcel van Hattem,@marcelvanhattem,https://twitter.com/marcelvanhattem/status/1610035580150104064,2023-01-02T22:09:29.000Z,O ladrão (condenado em três instâncias e cujas penas foram anuladas por ministros indicados por ele no STF) subiu a rampa - mas terá uma oposição implacável como nunca antes na história deste país. Só depende de nós! Acompanhe a live que fiz ontem (1º).,2.553,2.576,"24,7 mil"
Marcel van Hattem,@marcelvanhattem,https://twitter.com/marcelvanhattem/status/1609918271246958593,2023-01-02T14:23:21.000Z,"A preocupação de Lula deveria ser em desarmar os criminosos, JAMAIS prejudicar o cidadão honesto e qualificado. Lula está obstaculizando o direito à defesa de todo brasileiro, esse é o significado da canetada IRRESPONSÁVEL de Lula.",3.036,5.031,"28,6 mil"
Marcel van Hattem,@marcelvanhattem,https://twitter.com/marcelvanhattem/status/1609674735058817024,2023-01-01T22:15:37.000Z,"Dia 1° de fevereiro tem posse dos  novos congressistas e reeleitos: que petistas aproveitem para comemorar o retorno ao Planalto no recesso pois na nova legislatura terão oposição como nunca antes na história deste país. O povo já cobra isso do Parlamento, que haverá de entregar!",7.026,4.409,"46,8 mil"
