nome,usuario,idTweet,dataPublicacao,texto,replies,retweets,likes
Luiz Lima,@Oficialluizlima,https://twitter.com/Oficialluizlima/status/1620074916761706496,2023-01-30T15:02:14.000Z,"Rogério Marinho tem um perfil pacificador, correto e é um técnico. Não é vendido. É o que o Brasil precisa nesse momento, em que a pressão sobre o Congresso Nacional está forte por parte do poder executivo e poder judiciário, principalmente.",25,123,714
Luiz Lima,@Oficialluizlima,https://twitter.com/Oficialluizlima/status/1619861694473453568,2023-01-30T00:54:58.000Z,"O PP, o PL e o Republicanos estão no apoio a candidatura do senador Rogério Marinho para a presidência do Senado. Na quarta-feira 1°, o Congresso retoma os trabalhos para a próxima legislatura e elege os novos presidentes da Câmara dos Deputados e do Senado.",8,37,398
Luiz Lima,@Oficialluizlima,https://twitter.com/Oficialluizlima/status/1619694378251083777,2023-01-29T13:50:06.000Z,"A irresponsabilidade do PT assusta. Não precisamos gastar mais dinheiro com programas sociais. Precisamos focalizar recursos do auxílio emergencial nas famílias mais pobres, e não uma licença para gastar de maneira irresponsável. Isso vai aumentar a inflação e a taxa de juros.",14,44,397
Luiz Lima,@Oficialluizlima,https://twitter.com/Oficialluizlima/status/1618792769723719681,2023-01-27T02:07:26.000Z,O pacote da democracia do Flavio Dino prevê cassação de parlamentar e banimento de contas em redes sociais. Tudo com muito amor ❤️! Nossa reação vai ser forte.,80,330,1.583
Luiz Lima,@Oficialluizlima,https://twitter.com/Oficialluizlima/status/1618627140676902917,2023-01-26T15:09:17.000Z,"CNN pensa em deixar o Brasil por falta de retorno financeiro.
A CNN subestimou a inteligência da audiência.",131,133,1.172
Luiz Lima,@Oficialluizlima,https://twitter.com/Oficialluizlima/status/1618619090494697472,2023-01-26T14:37:18.000Z,Qual a chance disso dar certo ???,7,11,75
Luiz Lima,@Oficialluizlima,https://twitter.com/Oficialluizlima/status/1618617806706335746,2023-01-26T14:32:12.000Z,"E o tal “pacote pró-democracia” que o Flavio Dino quer aprovar não tem nada de democrático! O cara quer “Venezuelar” de vez o Brasil. Como muitas das medidas vão ter que passar pelo Congresso, vamos resistir!",16,51,326
Luiz Lima,@Oficialluizlima,https://twitter.com/Oficialluizlima/status/1618601518294536192,2023-01-26T13:27:28.000Z,Pagam o preço da parcialidade e da falta de compromisso com a verdade.,41,61,384
Luiz Lima,@Oficialluizlima,https://twitter.com/Oficialluizlima/status/1618601203256143874,2023-01-26T13:26:13.000Z,"A solução para a irresponsabilidade fiscal do PT não é o bolso do contribuinte. Absurda a mudança na regra de desempate nas votações do CARF, para restaurar o voto de qualidade que sempre dá a vitória ao Fisco quando há empate nas votações no órgão.",2,11,99
Luiz Lima,@Oficialluizlima,https://twitter.com/Oficialluizlima/status/1618566053512237056,2023-01-26T11:06:33.000Z,"O nome será ""ferro no grão "". Obra de infraestrutura no Norte ouvindo a Marina não vai sair uma, melhor o gasoduto na Argentina.
Faz o L !",6,24,134
Luiz Lima,@Oficialluizlima,https://twitter.com/Oficialluizlima/status/1618417476819374081,2023-01-26T01:16:09.000Z,Até quando os pseudo jornalistas econômicos vão continuar passando pano para o Lula enquanto o PT estupra a Lei das Estatais na cara da sociedade brasileira ?,25,110,762
Luiz Lima,@Oficialluizlima,https://twitter.com/Oficialluizlima/status/1618332105796374528,2023-01-25T19:36:55.000Z,"Fake news do bem ? Isso pode, checadores de notícias ? Cuba e Venezuela têm aplicado sucessivos calotes nos pagamentos e mantêm ainda expressivas faturas penduradas no balcão do BNDES. Mentira oficial braba!",22,74,325
Luiz Lima,@Oficialluizlima,https://twitter.com/Oficialluizlima/status/1618284112313450498,2023-01-25T16:26:13.000Z,"Um site oficial do governo já tinha feito isso. Agora, Lula chamou o impeachment de Dilma de 'golpe de Estado'. Como o processo foi aprovado pela Câmara, Senado e STF, ele não está cometendo um ato antidemocrático ? Alô STF, alô Alexandre de Moraes !",107,605,2.132
Luiz Lima,@Oficialluizlima,https://twitter.com/Oficialluizlima/status/1617875309642264577,2023-01-24T13:21:47.000Z,"STF é uma ameaça maior que o 8 de janeiro, diz artigo publicado no The Wall Street Journal. Texto é assinado pela jornalista Mary O’Grady, que integra o conselho editorial do veículo de comunicação.",10,61,382
Luiz Lima,@Oficialluizlima,https://twitter.com/Oficialluizlima/status/1617872455447740417,2023-01-24T13:10:26.000Z,"Já que está sobrando $$$ aqui, né …",32,39,207
Luiz Lima,@Oficialluizlima,https://twitter.com/Oficialluizlima/status/1617727559688671233,2023-01-24T03:34:40.000Z,“Gostaria que o governo federal e o STF mostrassem o mesmo empenho que vêm mostrando para perseguir os “terroristas de Brasília” na hora de caçar os verdadeiros terroristas que mandam no Rio — que tem hoje quase 70% do seu território dominado por narcotraficantes e milicianos.”,40,181,820
Luiz Lima,@Oficialluizlima,https://twitter.com/Oficialluizlima/status/1617523155987468290,2023-01-23T14:02:27.000Z,A América Latina está virando um barril de pólvora. O Peru fechou a entrada a Machu Picchu por tempo indeterminado devido aos protestos que atingem o país. Protestos pedem a renúncia da presidente Dina Boluarte.,15,33,306
Luiz Lima,@Oficialluizlima,https://twitter.com/Oficialluizlima/status/1617518861233831937,2023-01-23T13:45:23.000Z,"Um governo também é definido por uma série de pequenas coisas. Assim se forma o nosso futuro. Deprimente ver a Agência Brasil, agência oficial de notícias, comandada pela Secom, do Ministro Paulo Pimenta, usando a linguagem neutra para divulgar informações oficiais. Lamentável!",28,27,187
Luiz Lima,@Oficialluizlima,https://twitter.com/Oficialluizlima/status/1617223705817681921,2023-01-22T18:12:32.000Z,Isso não pode ser sério. Vamos lutar muito contra esse caminho! Chega de ajudar governos alinhados em prejuízo dos brasileiros.,40,66,411
Luiz Lima,@Oficialluizlima,https://twitter.com/Oficialluizlima/status/1617218610451156992,2023-01-22T17:52:17.000Z,Piada pronta !,6,43,217
Luiz Lima,@Oficialluizlima,https://twitter.com/Oficialluizlima/status/1617190063133151232,2023-01-22T15:58:51.000Z,O novo Bem-Amado do desgoverno do LULE com o seu discurso VERBORRÁGICO!,27,55,301
Luiz Lima,@Oficialluizlima,https://twitter.com/Oficialluizlima/status/1617148407960817666,2023-01-22T13:13:20.000Z,Será que o PT não sabe que a maior área da Reserva Yanomami fica na Venezuela do seu amigo Maduro? Área explorada pelo governo comunista Venezuelano que fica a apenas 600 km de Caracas!,717,3.563,8.171
Luiz Lima,@Oficialluizlima,https://twitter.com/Oficialluizlima/status/1616940530331713536,2023-01-21T23:27:18.000Z,Quanta alegria em um sorriso sincero !,316,403,2.362
Luiz Lima,@Oficialluizlima,https://twitter.com/Oficialluizlima/status/1616911434381754369,2023-01-21T21:31:41.000Z,"Sábado acabando, dia 21, e até hoje não pintou a picanha na mesa do povo.",34,53,520
Luiz Lima,@Oficialluizlima,https://twitter.com/Oficialluizlima/status/1616763505214095360,2023-01-21T11:43:52.000Z,"Opa! Olha ai … Lula, Freixo e Daniela do Waguinho se esforçando para aumentar o fluxo de turistas no Brasil. Surreal!",22,74,414
Luiz Lima,@Oficialluizlima,https://twitter.com/Oficialluizlima/status/1616552556154572810,2023-01-20T21:45:38.000Z,"Já mudou a história. Floriano Peixoto proclamou a república! Boa, Presidente!",134,176,914
Luiz Lima,@Oficialluizlima,https://twitter.com/Oficialluizlima/status/1616130335850250240,2023-01-19T17:47:52.000Z,"A picanha dos Globais já está liberada via Lei Rouanet. Logo depois de ser autorizado mais de 10 bilhões para serem gastos com eventos, a atriz Claudia Raia comemora a bolada de R$ 5 milhões 
autorizado para o seu Show. E quem paga a conta? O mais simples e humilde trabalhador!",338,1.869,3.941
Luiz Lima,@Oficialluizlima,https://twitter.com/Oficialluizlima/status/1616123251536842752,2023-01-19T17:19:43.000Z,Ao menos cinco ministros de Lula utilizaram aviões oficiais da Força Aérea Brasileira (FAB) para viajar a seus estados de origem durante os primeiros fins de semana do governo. The mamata never ends!,16,116,516
Luiz Lima,@Oficialluizlima,https://twitter.com/Oficialluizlima/status/1616103822828478464,2023-01-19T16:02:31.000Z,O Lula disse que empresário não trabalha.  O Lula disse que quem trabalha são os empregados do empresário.  Temos só 18 dias e meio de mandato desse cara.,24,79,571
Luiz Lima,@Oficialluizlima,https://twitter.com/Oficialluizlima/status/1616103260510732290,2023-01-19T16:00:17.000Z,"A notícia já tem 24 horas mas até agora não vi a Globo, a esquerda e a turma das universidades xingarem o Lula.",16,99,340
Luiz Lima,@Oficialluizlima,https://twitter.com/Oficialluizlima/status/1616102466218774530,2023-01-19T15:57:08.000Z,Quem lembra o escarcéu que era cada vez que o Bolsonaro resolvia mudar um superintendente?,55,461,1.199
Luiz Lima,@Oficialluizlima,https://twitter.com/Oficialluizlima/status/1616100705550360578,2023-01-19T15:50:08.000Z,"Em psicanálise, negar para fugir da realidade é um dos mecanismos de defesa do ego. Ou seja, o indivíduo costuma rejeitar uma situação real, para fugir do desagradável momento vivido.",27,24,194
Luiz Lima,@Oficialluizlima,https://twitter.com/Oficialluizlima/status/1615897221987467264,2023-01-19T02:21:34.000Z,Lula na Globo e ele fala com toda naturalidade como ELE ou o Governo dele vão tratar os que foram presos na operação em Brasília no dia 08/01 . Ele diz como serão tratados e quem será condenado ou não . Ou seja o Lula já declara de público que ELE É O JUDICIARIO NO BRASIL .,32,132,622
Luiz Lima,@Oficialluizlima,https://twitter.com/Oficialluizlima/status/1615888688566632448,2023-01-19T01:47:39.000Z,Quem chuta mais ?,15,51,206
Luiz Lima,@Oficialluizlima,https://twitter.com/Oficialluizlima/status/1615805543670550539,2023-01-18T20:17:16.000Z,Leio que a estadia de Lula em hotel de luxo já custa mais de R$ 216 mil. Quem tá pagando isso ?,519,701,3.231
Luiz Lima,@Oficialluizlima,https://twitter.com/Oficialluizlima/status/1615544540902969346,2023-01-18T03:00:08.000Z,"Essas declarações atentam contra a economia e o livre mercado. Que Ministro da Economia fala uma barbaridade dessas? Padrão da Alemanha do Nacional Socialismo, somente empresas amigas do partido atuarão no país !",40,140,623
Luiz Lima,@Oficialluizlima,https://twitter.com/Oficialluizlima/status/1615458289290027029,2023-01-17T21:17:24.000Z,"A Globo está há dias chamando os manifestantes contra o PT de terroristas. Aí ontem começa a passar a série do Marighella, exaltado no filme como um grande herói da resistência, que luta pela verdade e defende a obrigação do povo resistir a ditaduras e a um estado violento.🤡",83,289,1.457
Luiz Lima,@Oficialluizlima,https://twitter.com/Oficialluizlima/status/1615456447122251776,2023-01-17T21:10:05.000Z,Quanto tempo esse cara vai durar ?,24,59,287
Luiz Lima,@Oficialluizlima,https://twitter.com/Oficialluizlima/status/1615137569011900417,2023-01-17T00:02:58.000Z,"Absurdo o desmonte que o novo governo impõe a Autoridade Brasileira de Controle de Dopagem - ABCD. O Decreto n° 11.343, de 1 de janeiro deste ano, reduz seu efetivo para apenas 6 servidores, o que significará a impraticabilidade de sua plena atuação. É uma vergonha!",8,45,257
Luiz Lima,@Oficialluizlima,https://twitter.com/Oficialluizlima/status/1614472078383632384,2023-01-15T03:58:33.000Z,"Eleição de Lula consolida o projeto do Foro de São Paulo de tingir a América Latina de vermelho. Vamos resistir no Congresso Nacional, não vamos permitir retrocessos.",132,244,1.872
Luiz Lima,@Oficialluizlima,https://twitter.com/Oficialluizlima/status/1614470188170182657,2023-01-15T03:51:02.000Z,Confiança baixa dá nisso!,7,30,204
Luiz Lima,@Oficialluizlima,https://twitter.com/Oficialluizlima/status/1614469277007880192,2023-01-15T03:47:25.000Z,"O Lula, na época com maioria no Congresso, teve muito trabalho para abafar a polêmica dos gastos dos cartões corporativos.",15,63,532
Luiz Lima,@Oficialluizlima,https://twitter.com/Oficialluizlima/status/1613648640622592001,2023-01-12T21:26:30.000Z,A bagunça continua! Virou perseguição! Presas em regime semiaberto podem ser soltas para acomodar manifestantes. Que loucura é essa ?,278,1.592,6.757
Luiz Lima,@Oficialluizlima,https://twitter.com/Oficialluizlima/status/1613534723833225218,2023-01-12T13:53:50.000Z,Flavio Dino precisa esclarecer de uma vez por todas se sabia ou não sabia previamente das ameaças de invasão em Brasília no domingo. Essa história está começando a feder.,102,275,1.552
Luiz Lima,@Oficialluizlima,https://twitter.com/Oficialluizlima/status/1613533886885105666,2023-01-12T13:50:31.000Z,Existe alguma democracia no mundo em que um juiz monocraticamente mande tanto quanto o Ministro Alexandre de Moraes ? Seus poderes hoje lembram dos sheiks no Oriente Médio,39,183,1.006
Luiz Lima,@Oficialluizlima,https://twitter.com/Oficialluizlima/status/1613234399637798912,2023-01-11T18:00:27.000Z,"Imagine se a PM entra em uma comunidade carioca e coloca 1500 pessoas presas em uma quadra, incluindo mulheres, idosos e crianças, para fazer uma triagem e decidir quem é bandido e quem não é. Só imagine o que a esquerda, defensoria, militância de redações falaria!",77,225,963
Luiz Lima,@Oficialluizlima,https://twitter.com/Oficialluizlima/status/1613232656552165378,2023-01-11T17:53:32.000Z,"entrevista à Rádio Bandeirantes nesta quarta-feira (11), o ministro aposentado do Supremo Tribunal Federal (STF), Marco Aurélio Mello, afirmou que se enganou ao elogiar Alexandre de Moraes em 2017, quando foi escolhido para integrar a Suprema Corte.",14,142,919
Luiz Lima,@Oficialluizlima,https://twitter.com/Oficialluizlima/status/1613030744359686145,2023-01-11T04:31:12.000Z,"Triste, o ano nem bem começou, com a chegada de Lula ao poder, e o Grupo Guararapes demitiu mais de 2 mil funcionários e fechou a fábrica que tinha em Fortaleza, no Ceará. 
Sem querer ser repetitivo, FAZ O L !",190,391,1.544
Luiz Lima,@Oficialluizlima,https://twitter.com/Oficialluizlima/status/1612980443435143170,2023-01-11T01:11:20.000Z,Isso aqui já é uma Venezuela ! O que virá em seguida ???,132,399,1.834
Luiz Lima,@Oficialluizlima,https://twitter.com/Oficialluizlima/status/1612945002946084864,2023-01-10T22:50:30.000Z,"Esses 5 eleitores que fizeram o L, tem caráter?",354,2.312,4.935
Luiz Lima,@Oficialluizlima,https://twitter.com/Oficialluizlima/status/1612920375397982248,2023-01-10T21:12:38.000Z,Rede Globo e GloboNews: Manifestantes não são terroristas. Não importa se você é contra a pauta da manifestação ou não concorda com seus métodos.,27,123,953
Luiz Lima,@Oficialluizlima,https://twitter.com/Oficialluizlima/status/1612848955045597191,2023-01-10T16:28:50.000Z,Parabéns pelo posicionamento Ministro Marco Aurélio,35,155,1.145
Luiz Lima,@Oficialluizlima,https://twitter.com/Oficialluizlima/status/1612802455539957761,2023-01-10T13:24:04.000Z,"Traficantes no Rio de Janeiro são suspeitos e idosos em Brasília são terroristas!
Padrão Globo de jornalismo !",222,2.783,"13,3 mil"
Luiz Lima,@Oficialluizlima,https://twitter.com/Oficialluizlima/status/1612647800302354436,2023-01-10T03:09:31.000Z,"Votei contra a intervenção em Brasília. Não aceito a narrativa de que todos os manifestantes são “terroristas”. Os baderneiros tem que ser punidos. Os manifestantes tem que ser respeitados. Mais, o interventor escolhido é um ativista da política estudantil e política partidária.",26,115,676
Luiz Lima,@Oficialluizlima,https://twitter.com/Oficialluizlima/status/1612537421156982786,2023-01-09T19:50:55.000Z,"Tenho uma posição clara . Uma coisa é prisão em flagrante delito de alguém que estava cometendo algum crime, outra coisa é deter mais de mil pessoas que estavam pacificamente na frente de um quartel do exército se manifestando a favor do que acreditam ser o melhor para o Brasil.",1.296,4.768,"13,9 mil"
Luiz Lima,@Oficialluizlima,https://twitter.com/Oficialluizlima/status/1611722040825757698,2023-01-07T13:50:53.000Z,Vai vendo …,42,51,293
Luiz Lima,@Oficialluizlima,https://twitter.com/Oficialluizlima/status/1611716790605709312,2023-01-07T13:30:01.000Z,Matemática não é o forte do novo ministro da educação! 8+4 é igual a …,57,125,662
Luiz Lima,@Oficialluizlima,https://twitter.com/Oficialluizlima/status/1611521454880821249,2023-01-07T00:33:50.000Z,Legal! Estamos só com 6 dias de governo! Deus nos ajude!,19,28,241
Luiz Lima,@Oficialluizlima,https://twitter.com/Oficialluizlima/status/1611447287917547520,2023-01-06T19:39:07.000Z,"Sai: Tarcisio Freitas, cursou a AMAN, graduado em engenharia fortificação e construção pelo IME, onde obteve a maior média histórica do curso.                              Entra: Renan Filho , filho de Renan Calheiros ! 🤡🤡🤡🤡🤡🤡🤡🤡🤡",414,3.482,"14,1 mil"
Luiz Lima,@Oficialluizlima,https://twitter.com/Oficialluizlima/status/1611426473394507807,2023-01-06T18:16:24.000Z,Isso porque estamos apenas no sexto dia …,8,47,267
Luiz Lima,@Oficialluizlima,https://twitter.com/Oficialluizlima/status/1611378116730953728,2023-01-06T15:04:15.000Z,Ele reformou o Sítio. Ele reformou o Triplex. Agora está com mimimi querendo reformar o Palácio da Alvorada. E só temos seis dias de governo.,73,497,3.346
Luiz Lima,@Oficialluizlima,https://twitter.com/Oficialluizlima/status/1611377579419922437,2023-01-06T15:02:07.000Z,"O Zeca Dirceu, filho do enroladíssimo José Dirceu, foi escolhido como o líder do PT na Câmara dos Deputados. Parabéns aos ingênuos e tolos que acreditaram que esse mandato do Lula seria diferente. Vocês têm as mãos sujas dessa lama!",10,83,493
Luiz Lima,@Oficialluizlima,https://twitter.com/Oficialluizlima/status/1611352608773488643,2023-01-06T13:22:54.000Z,"O programa Mais Médicos, criado em 2013 pela Dilma Rousseff, será “reformulado” pelo Lula. A declaração foi feita pelo novo secretário de Atenção Primária à Saúde, Nésio Fernandes, que mostra que o PT vai voltar a passar dinheiro para a ditadura cubana.",22,78,396
Luiz Lima,@Oficialluizlima,https://twitter.com/Oficialluizlima/status/1611351863743373313,2023-01-06T13:19:56.000Z,"Freixo que se projetou e se orgulha do combate que faz a milícia na política do Rio, estreia no governo Lula subordinado ao clã de Belford Roxo, apoiado pela milícia. Contradição ambulante!",25,139,847
Luiz Lima,@Oficialluizlima,https://twitter.com/Oficialluizlima/status/1611010598828969986,2023-01-05T14:43:52.000Z,Terraplanista econômico!,26,79,405
Luiz Lima,@Oficialluizlima,https://twitter.com/Oficialluizlima/status/1611006985188831232,2023-01-05T14:29:30.000Z,Quem lê o relatório do Gabinete de Transição de Lula chega à conclusão de que o Brasil está à beira de um colapso. O negacionismo matemático da equipe ignora de forma proposital a série de resultados positivos alcançados nos últimos quatro anos em todas as áreas. Assustador!,30,183,865
Luiz Lima,@Oficialluizlima,https://twitter.com/Oficialluizlima/status/1611001803977691137,2023-01-05T14:08:55.000Z,"Qual é o governo de milicianos mesmo, hein ?",22,437,1.347
Luiz Lima,@Oficialluizlima,https://twitter.com/Oficialluizlima/status/1610759487161528320,2023-01-04T22:06:02.000Z,Apertem os cintos... um Ministro que nem sabe o que é CVM,428,1.514,4.974
Luiz Lima,@Oficialluizlima,https://twitter.com/Oficialluizlima/status/1610703111793917964,2023-01-04T18:22:01.000Z,O amor venceu o ódio,25,186,979
Luiz Lima,@Oficialluizlima,https://twitter.com/Oficialluizlima/status/1610683864963334149,2023-01-04T17:05:33.000Z,"Para ser presidente da CCJ é necessário preparo político e preparo técnico-legislativo. Mais que isso, é necessário ter equilíbrio emocional! Imagine qualquer um desses encarando essa comissão de alta complexidade …. Vai dar muito ruim!",56,84,417
Luiz Lima,@Oficialluizlima,https://twitter.com/Oficialluizlima/status/1610667494905384960,2023-01-04T16:00:30.000Z,"arinho assume Ministério do Trabalho, defende sindicalismo e regulação de atividades por aplicativos. Atualização da legislação trabalhista também está no radar dos petistas. Enfim, vamos trabalhar muito para barrar esses retrocessos!",5,15,154
Luiz Lima,@Oficialluizlima,https://twitter.com/Oficialluizlima/status/1610666594560000000,2023-01-04T15:56:55.000Z,Bolsa perde mais de R$ 500 bilhões desde a eleição de Lula. O cálculo considera perdas das mais de 400 empresas de capital aberto na B3.,38,369,1.593
Luiz Lima,@Oficialluizlima,https://twitter.com/Oficialluizlima/status/1610665194891476993,2023-01-04T15:51:21.000Z,Bem isso!,1,38,133
Luiz Lima,@Oficialluizlima,https://twitter.com/Oficialluizlima/status/1610664986589925379,2023-01-04T15:50:32.000Z,"Jura, Lauro ? Isso parece ser novidade para vocês da Globo ?",55,120,903
Luiz Lima,@Oficialluizlima,https://twitter.com/Oficialluizlima/status/1610639218312708097,2023-01-04T14:08:08.000Z,"37 ministérios, o Brasil está acima da média global de estrutura do Poder Executivo. O governo petista tem mais ministros do que a Argentina, com 18 ministérios; o Uruguai, com 13; o Chile, com 23; a Colômbia, com 18; a Bolívia, com 16; e a Venezuela, com 33.",11,51,267
Luiz Lima,@Oficialluizlima,https://twitter.com/Oficialluizlima/status/1610421014424391681,2023-01-03T23:41:04.000Z,"Ibovespa cai mais 2% sob influência do noticiário político e recuo do petróleo; dólar vai a R$ 5,45. Quando começa mal …",13,48,394
Luiz Lima,@Oficialluizlima,https://twitter.com/Oficialluizlima/status/1610407054023204864,2023-01-03T22:45:36.000Z,O PT adora um sindicato e privilegia seu “companheiros”! A simples “catadora de lixo”que passou a faixa na posse do Lula não é uma simples mulher trabalhadora. Hoje é mais sindicalista do que catadora. É a presidente da Central de Cooperativas de Materiais Recicláveis do DF!,23,127,511
Luiz Lima,@Oficialluizlima,https://twitter.com/Oficialluizlima/status/1610330710518206466,2023-01-03T17:42:14.000Z,Até quando a Miriam Leitão vai continuar passando pano para o Haddad ? Façam suas apostas.,13,27,211
Luiz Lima,@Oficialluizlima,https://twitter.com/Oficialluizlima/status/1610297704290349063,2023-01-03T15:31:05.000Z,Que carinho do povo …,14,89,426
Luiz Lima,@Oficialluizlima,https://twitter.com/Oficialluizlima/status/1610246316558262272,2023-01-03T12:06:53.000Z,O Governo Bolsonaro se encerrou com o recorde histórico de brasileiros com empregos formais no Brasil.,18,168,1.330
Luiz Lima,@Oficialluizlima,https://twitter.com/Oficialluizlima/status/1610241501639983105,2023-01-03T11:47:45.000Z,"Valor de mercado de estatais na Bolsa já caiu R$ 179,2 bilhões no pós-Lula. De outubro a dezembro, Petrobras e outras caíram de R$ 726,9 bi para R$ 547,7 bi; no 1º dia de 2023, houve nova queda de R$ 31,8 bi.",12,72,354
Luiz Lima,@Oficialluizlima,https://twitter.com/Oficialluizlima/status/1610240485494251522,2023-01-03T11:43:43.000Z,"Sabe aquela sensação que temos que vamos ser assaltados ? Ontem o Lula extinguiu a FUNASA, que era vinculada ao Ministério da Saúde. O órgão tinha um orçamento bilionário. Sua estrutura foi transferida para o ministro das Cidades, Jader Filho, filho do senador Jader Barbalho.",18,114,575
Luiz Lima,@Oficialluizlima,https://twitter.com/Oficialluizlima/status/1610207515874308096,2023-01-03T09:32:42.000Z,"Se alguém tivesse interesse em afundar a economia e fazer disparar o desemprego, não poderia pensar em nada melhor para anunciar!",20,85,455
Luiz Lima,@Oficialluizlima,https://twitter.com/Oficialluizlima/status/1610013608913809408,2023-01-02T20:42:11.000Z,"Agora que cachorrinho também sobe a rampa, falta o que para criar o Ministério dos ""pets” ? Mais um lugar para pendurar um “companheiro” !",23,46,487
Luiz Lima,@Oficialluizlima,https://twitter.com/Oficialluizlima/status/1609908444047282177,2023-01-02T13:44:18.000Z,"O principal problema do governo PT foi a corrupção. Ontem no seu discurso de posse, Lula não falou nenhuma vez em combate a corrupção. Sintomático, não ?",18,61,584
Luiz Lima,@Oficialluizlima,https://twitter.com/Oficialluizlima/status/1609907519715176449,2023-01-02T13:40:37.000Z,"Para os bandidos não muda nada! Mas para você, de bem, que gostaria de ter uma arma em sua casa para se proteger, muda tudo!",21,38,352
Luiz Lima,@Oficialluizlima,https://twitter.com/Oficialluizlima/status/1609749198072840192,2023-01-02T03:11:31.000Z,"Em seu primeiro discurso após tomar posse, Lula mostrou que segue com a mesma visão ultrapassada do Estado. Sociedade, economia e cultura são meros apêndices de uma enorme ação estatal.",5,31,278
Luiz Lima,@Oficialluizlima,https://twitter.com/Oficialluizlima/status/1609726065580154881,2023-01-02T01:39:35.000Z,Brasil oficializou hoje um retrocesso de 20 anos. Teremos o mesmo presidente de duas décadas atrás. É a farsa que se repete como história. Esperemos nada.,24,77,804
Luiz Lima,@Oficialluizlima,https://twitter.com/Oficialluizlima/status/1609616535722631170,2023-01-01T18:24:22.000Z,"Quanta diferença das manifestações espontâneas em defesa do nosso Brasil , em defesa da família, da ordem e do patriotismo! A posse de um presidente é um ato de festa sim, não de libertinagem , na largada já perdem o respeito e não demonstram respeito a si e ao país! 🇧🇷🇧🇷🇧🇷🇧🇷",477,544,2.391
