nome,usuario,idTweet,dataPublicacao,texto,replies,retweets,likes
Deputado Prof. Paulo Fernando,@paulofernandodf,https://twitter.com/paulofernandodf/status/1619189712555765760,2023-01-28T04:24:45.000Z,"Mentira esquerdista - a Ordem Nacional Cruzeiro do Sul nunca foi entregue.Jânio Quadros condecorou Che Guevara com a Ordem mas como tudo foi de última hora,não havia nenhuma medalha previamente pronta nem  diploma impresso para ofertar.Che jamais recebeu a medalha e nem o diploma",0,2,5
Deputado Prof. Paulo Fernando,@paulofernandodf,https://twitter.com/paulofernandodf/status/1618649052366905344,2023-01-26T16:36:21.000Z,"BNDES se tornou credor do contratante a juros camaradas subsidiados com o dinheiro do contribuinte.Só os calotes de Cuba e Venezuela somam mais de US$ 529 milhões dos quase R$ 2,7 bilhões.O risco foi assumido inteiramente pelo governo brasileiro e custará muito aos contribuintes.",1,2,6
Deputado Prof. Paulo Fernando,@paulofernandodf,https://twitter.com/paulofernandodf/status/1618081357636448257,2023-01-25T03:00:32.000Z,https://instagram.com/bizusdogarde?igshid=YmMyMTA2M2Y=… Acompanhe esse canal dicas de matemática gratuito,0,0,1
Deputado Prof. Paulo Fernando,@paulofernandodf,https://twitter.com/paulofernandodf/status/1617875503687561217,2023-01-24T13:22:33.000Z,Quanto que o governo da Argentina deve dos empréstimos passados ao Brasil?,1,0,3
Deputado Prof. Paulo Fernando,@paulofernandodf,https://twitter.com/paulofernandodf/status/1616825457298575366,2023-01-21T15:50:02.000Z,O vândalo que foi filmado depredando o relógio pelo sistema de câmeras internas do Palácio do Planalto já foi identificado e não foi detido ainda? O objeto histórico foi um presente da corte francesa ao então imperador do Brasil e Portugal.,2,2,10
Deputado Prof. Paulo Fernando,@paulofernandodf,https://twitter.com/paulofernandodf/status/1616247057152630785,2023-01-20T01:31:41.000Z,"O Dep. Federal Tiago Mitraud Novo/MG protocolou na Câmara  um PL que propõe revogar 86 decretos e leis que regulamentam diversas profissões, entre elas  a fisioterapia, a psicologia e medicina veterinária para que não exijam mais a obrigatoriedade do diploma.Lutarei contra o PL.",0,2,6
Deputado Prof. Paulo Fernando,@paulofernandodf,https://twitter.com/paulofernandodf/status/1615733613626101763,2023-01-18T15:31:27.000Z,"O Conselho Nacional da Saúde -   CNS por meio da Recomendação 37/2022,requer o arquivamento do PL 478/2007 (Estatuto do Nascituro) que ajudei a redigir .A luta em defesa da vida será árdua.",2,2,3
Deputado Prof. Paulo Fernando,@paulofernandodf,https://twitter.com/paulofernandodf/status/1615519147194216451,2023-01-18T01:19:14.000Z,O governo Luiz Inácio e os primeiros passos na tentativa de legalizar o aborto.Não demorou nem um mês para que o governo do PT iniciasse o ataque às iniciativas em defesa das gestantes e das vidas em formação.,1,0,4
Deputado Prof. Paulo Fernando,@paulofernandodf,https://twitter.com/paulofernandodf/status/1615213837854162948,2023-01-17T05:06:02.000Z,"O valor do auxílio reclusão não poderá ser superior a um salário mínimo,o valor de RS 1.754,18 refere-se ao teto salarial do beneficiário quando trabalhava,ou seja, se o condenado ganhasse um valor superior ao teto não terá direito a receber o auxílio reclusão.",0,0,4
Deputado Prof. Paulo Fernando,@paulofernandodf,https://twitter.com/paulofernandodf/status/1614771043817717762,2023-01-15T23:46:32.000Z,https://instagram.com/p/CndBfw5JDKK/?igshid=YmMyMTA2M2Y=… O Dep Bruno Souza NOVO/SC desrespeitou profundamente a Capital de todos os brasileiros.#respeitebrasilia,0,0,2
Deputado Prof. Paulo Fernando,@paulofernandodf,https://twitter.com/paulofernandodf/status/1614172639035117569,2023-01-14T08:08:41.000Z,"https://portalfederal.com.br/podcast/e-papo-firme-12-01-2023/…Você não conseguiu assistir ao vivo o podcast ""É PAPO FIRME!"" da JOÃO AMADOR , TODI MORENO (Radar Águas DF), e o suplente de deputado federal PAULO FERNANDO?",0,0,3
Deputado Prof. Paulo Fernando,@paulofernandodf,https://twitter.com/paulofernandodf/status/1612105018403950592,2023-01-08T15:12:42.000Z,"Faleceu o excepcional jogador vascaíno Roberto Dinamite,um na grande artilheiro e ídolo da minha saudosa mãe ,se eu tivesse nascido alguns anos depois fatalmente ao invés de Paulo meu nome seria Roberto.#robertodinamite",0,0,6
Deputado Prof. Paulo Fernando,@paulofernandodf,https://twitter.com/paulofernandodf/status/1611875304447803394,2023-01-07T23:59:54.000Z,"Na CD lutarei contra o PL 3081/22 do Dep.Tiago Mitraud NOVO/MG que desregula a profissão de Ed. Física, Nutrição,Psicologia, Veterinária e até Engenharia.Quando vc pensa que já viu de tudo no parlamento.",0,1,16
Deputado Prof. Paulo Fernando,@paulofernandodf,https://twitter.com/paulofernandodf/status/1610795229820461056,2023-01-05T00:28:04.000Z,Mais uma ação desastrosa do novo governo a extinção da SENAPRED Secretaria Nacional de Cuidados e Prevenção às Drogas que atendia mais de 700 comunidades terapêuticas e mais de 100 mil pessoas atendidas.,0,1,7
Deputado Prof. Paulo Fernando,@paulofernandodf,https://twitter.com/paulofernandodf/status/1610356675361361920,2023-01-03T19:25:25.000Z,Três dias do novo governo e nada ainda de falarem de combate à corrupção.,0,0,4
Deputado Prof. Paulo Fernando,@paulofernandodf,https://twitter.com/paulofernandodf/status/1610352301390135299,2023-01-03T19:08:02.000Z,"Nova estrutura do Ministério da Educação,em decreto do Pres. Luiz  Inácio,suprimiu a DIPEBS-  Diretoria de Políticas de Educação Bilíngue de Surdos.Uma grande perda para a comunidade de surdos.",2,4,14
Deputado Prof. Paulo Fernando,@paulofernandodf,https://twitter.com/paulofernandodf/status/1610013034918854660,2023-01-02T20:39:54.000Z,"No primeiro dia do novo  governo,decreto presidencial extingue a Secretaria de Analfabetização (Sealf),nota-se o ""compromisso"" deles com a educação e com a infância brasileira.",1,3,11
Deputado Prof. Paulo Fernando,@paulofernandodf,https://twitter.com/paulofernandodf/status/1609626795854233603,2023-01-01T19:05:08.000Z,Com o Cardeal Dom Paulo Cezar antes da viagem dele ao Vaticano para o funeral de Sua Santidade Papa Bento XVI,1,1,11
