nome,usuario,idTweet,dataPublicacao,texto,replies,retweets,likes
Roberto Duarte,@rdnarede,https://twitter.com/rdnarede/status/1617545618221678592,2023-01-23T15:31:42.000Z,Triste essa realidade tão cruel os empreendedores do nosso Acre precisam enfrentar todos os dias. Essa situação é inaceitável!,3,0,1
Roberto Duarte,@rdnarede,https://twitter.com/rdnarede/status/1612284005449191424,2023-01-09T03:03:56.000Z,"Mesmo sendo governados por um presidente condenado por corrupção, precisamos continuar lutando pelo Brasil que queremos de forma democrática, respeitando as instituições e as leis. Infelizmente essas cenas em Brasília são inaceitáveis.",1,3,7
Roberto Duarte,@rdnarede,https://twitter.com/rdnarede/status/1609898535138349056,2023-01-02T13:04:55.000Z,Tenho lado e sempre defenderei aquilo que acredito. Meu total REPÚDIO ao primeiro ato do presidente Lula com relação à política implementada de desarmamento.,2,0,6
Roberto Duarte,@rdnarede,https://twitter.com/rdnarede/status/1609714851873423364,2023-01-02T00:55:02.000Z,"Desejo sucesso ao governador reeleito Gladson Cameli e a vice-governadora Mailza Gomes na condução do nosso Acre. Que Deus os ilumine! 

Na Câmara dos Deputados, podem contar com nosso apoio nas ações que beneficiem a população acreana!",0,0,0
