nome,usuario,idTweet,dataPublicacao,texto,replies,retweets,likes
Ruy Carneiro,@ruycarneiropb,https://twitter.com/ruycarneiropb/status/1618049899576328196,2023-01-25T00:55:32.000Z,"Toda a minha solidariedade aos familiares e amigos do sargento Wellington Santos. O policial militar foi covardemente assassinado na tarde desta terça-feira, em João Pessoa.
Espero que os acusados sejam presos rapidamente e punidos de acordo com a lei.",3,0,4
Ruy Carneiro,@ruycarneiropb,https://twitter.com/ruycarneiropb/status/1612203346789629952,2023-01-08T21:43:25.000Z,"Atos pacíficos e manifestações fazem parte da democracia. Porém, sou totalmente contra violência, vandalismo e ataque as instituições. O que aconteceu em Brasília é inaceitável e constrange o país diante do mundo.
Os responsáveis precisam ser identificados e devidamente punidos.",3,2,3
