nome,usuario,idTweet,dataPublicacao,texto,replies,retweets,likes
soududaramos,@soududaramos,https://twitter.com/soududaramos/status/1620023444133003268,2023-01-30T11:37:42.000Z,"Grandes coisas acontecem com grandes atitudes. 🙌🏻Que seja uma semana abençoada, bom dia!",0,0,0
soududaramos,@soududaramos,https://twitter.com/soududaramos/status/1619669691265581062,2023-01-29T12:12:01.000Z,"Nossa esperança está no Senhor; ele é o nosso auxílio e a nossa proteção.

Salmos 33:20

Um domingo abençoado para todos nós! 🙏🏻",0,0,0
soududaramos,@soududaramos,https://twitter.com/soududaramos/status/1619051185935368192,2023-01-27T19:14:17.000Z,"Agenda em Brasília ✅Estive com o governador @antoniodenarium e o ministro de infraestrutura, @renanfilho15. Definimos a recuperação das BR’s- 174, 432 e 210. 

Estamos engajados, com muito empenho e dedicação, para buscar o melhor para nosso estado e para população. 🙌🏻",0,1,0
soududaramos,@soududaramos,https://twitter.com/soududaramos/status/1618930603679977474,2023-01-27T11:15:08.000Z,"Esteja sobre nós o teu amor, Senhor, como está em ti a nossa esperança. ￼

Salmos 33:22

Bom dia! 🙏🏻",0,0,0
soududaramos,@soududaramos,https://twitter.com/soududaramos/status/1618582369774206978,2023-01-26T12:11:23.000Z,"Pois é Deus quem efetua em vocês tanto o querer quanto o realizar, de acordo com a boa vontade dele. 

Filipenses 2:13

Bom dia! 🙏🏻",0,0,0
soududaramos,@soududaramos,https://twitter.com/soududaramos/status/1618195374220668929,2023-01-25T10:33:36.000Z,"Direi do Senhor: Ele é o meu
Deus, o meu refúgio, a minha fortaleza e nele confiarei.

Salmos 91:2

Bom dia! 🙌🏻",0,0,0
soududaramos,@soududaramos,https://twitter.com/soududaramos/status/1617845048569401353,2023-01-24T11:21:32.000Z,"Tudo o que fizerem, façam de todo o coração, como para o Senhor, e não para os homens.

Colossenses 3:23

Bom dia! 🙏🏻",0,0,0
soududaramos,@soududaramos,https://twitter.com/soududaramos/status/1616395186782801921,2023-01-20T11:20:18.000Z,"Em todas as situações temos a vitória completa por meio daquele que nos amou. 

Romanos 8:37

Bom dia! 🙌🏻",0,0,0
soududaramos,@soududaramos,https://twitter.com/soududaramos/status/1616044241284644865,2023-01-19T12:05:46.000Z,"Se hoje você pensou em desistir de criar, de empreender, de dizer, de ousar. Lembre-se que tudo isso te coloca à um passo de transformar vidas. 

Bom dia!",0,0,0
soududaramos,@soududaramos,https://twitter.com/soududaramos/status/1615681711974539265,2023-01-18T12:05:12.000Z,"Esta é a mensagem que vocês ouviram desde o princípio: que nos amemos uns aos outros.

João 3:11

Bom dia! 🙏🏻",0,0,0
soududaramos,@soududaramos,https://twitter.com/soududaramos/status/1615326076204650503,2023-01-17T12:32:02.000Z,"Felizes são aqueles que buscam a proteção de Deus!

Salmos 2:12

Bom dia! 🙏🏻",0,0,0
soududaramos,@soududaramos,https://twitter.com/soududaramos/status/1614932763886424068,2023-01-16T10:29:09.000Z,"Consagre ao Senhor tudo o que você faz e os seus planos serão bem-sucedidos.

Agradeço por mais este dia e pela semana que se inicia! 🙌🏻",0,0,0
soududaramos,@soududaramos,https://twitter.com/soududaramos/status/1614602959609892867,2023-01-15T12:38:38.000Z,"Em todo lugar, a boa mão de Deus me guiará e me susterá...
 
Um domingo abençoado para todos nós! 🙏🏻",0,0,0
soududaramos,@soududaramos,https://twitter.com/soududaramos/status/1617483270752460800,2023-01-23T11:23:57.000Z,"Que seja mais uma semana de benções, oportunidades, saúde e gratidão. 

Bom dia! 🙏🏻",0,0,0
soududaramos,@soududaramos,https://twitter.com/soududaramos/status/1614227932389449728,2023-01-14T11:48:24.000Z,"Entreguem todas as suas preocupações a Deus pois ele cuida de vocês! 

Pedro 5:57

Um ótimo sábado! 🙌🏻",0,0,0
soududaramos,@soududaramos,https://twitter.com/soududaramos/status/1613877149336829952,2023-01-13T12:34:31.000Z,"Que Deus abençoe nosso dia, nosso fim de semana e nos livre de todo mal amém! 🙏🏻",0,0,0
soududaramos,@soududaramos,https://twitter.com/soududaramos/status/1613503063930568707,2023-01-12T11:48:02.000Z,"E a paz de Deus, que excede todo o entendimento, guardará os seus corações e as suas mentes em Cristo Jesus.

- Filipenses 4:7

Bom dia! 🙏🏻",0,0,1
soududaramos,@soududaramos,https://twitter.com/soududaramos/status/1613164456871366658,2023-01-11T13:22:32.000Z,"Grandes feitos nunca acontecem sem esforço.🙌🏻Esforça-te, Deus está contigo!",0,0,0
soududaramos,@soududaramos,https://twitter.com/soududaramos/status/1612779440093765632,2023-01-10T11:52:37.000Z,"Esforçai-vos, e ele fortalecerá o vosso coração, vós todos que esperais no 
Senhor. 

Salmos 31:24

Bom dia! 🙌🏻",0,0,0
soududaramos,@soududaramos,https://twitter.com/soududaramos/status/1612419968242524161,2023-01-09T12:04:12.000Z,"Manifestações pacíficas fazem parte da democracia, vandalismo jamais fará. Nossa bandeira leva as palavras ordem e progresso, e precisamos respeitar isso.",0,0,0
soududaramos,@soududaramos,https://twitter.com/soududaramos/status/1612185873902174209,2023-01-08T20:33:59.000Z,"A torcida  do Vasco perdeu a sua maior estrela do futebol. Roberto Dinamite fez história no clube e no nosso futebol. Ele foi um dos gigantes do esporte em nosso país. 

Minha oração e sentimentos a todos os familiares, amigos, fãs e admiradores deste grande esportista. 🙏🏼",0,0,0
soududaramos,@soududaramos,https://twitter.com/soududaramos/status/1612042156671107073,2023-01-08T11:02:55.000Z,Um domingo abençoado e cheio de alegria para todos nós! 🙌🏻Bom dia!,0,0,0
soududaramos,@soududaramos,https://twitter.com/soududaramos/status/1611694781394227201,2023-01-07T12:02:34.000Z,"Se agir assim, certamente haverá bom
futuro para você, e a sua esperança
não falhará.

Provérbios 23:18

Bom dia!",0,0,0
soududaramos,@soududaramos,https://twitter.com/soududaramos/status/1611322847569346560,2023-01-06T11:24:38.000Z,"Bendito seja o Senhor, que de dia em dia nos carrega de benefícios; o Deus que é a nossa salvação.

Salmos 68:19

Bom dia! 🙏🏻",0,0,0
soududaramos,@soududaramos,https://twitter.com/soududaramos/status/1610993558105776128,2023-01-05T13:36:09.000Z,"A verdadeira motivação vem de realização, desenvolvimento pessoal, satisfação no trabalho e reconhecimento. 

Frederick Herzberg",0,0,0
soududaramos,@soududaramos,https://twitter.com/soududaramos/status/1610696603039309825,2023-01-04T17:56:10.000Z,"Desejo muito sucesso ao presidente, Célio Wanderley e vice-presidente, Brito Bezerra, do Tribunal de Contas do Estado de Roraima, que tomaram posse hoje.",1,0,0
soududaramos,@soududaramos,https://twitter.com/soududaramos/status/1610607725561487361,2023-01-04T12:03:00.000Z,"A persistência realiza o impossível!

Uma ótima quarta-feira! 🙌🏻",0,0,0
soududaramos,@soududaramos,https://twitter.com/soududaramos/status/1610235722497155073,2023-01-03T11:24:47.000Z,"Tu, Senhor, conservarás em perfeita paz aquele cujo propósito é firme, porque ele confia em ti.

Isaías 26:3

Bom dia! 🙌🏻",1,0,0
soududaramos,@soududaramos,https://twitter.com/soududaramos/status/1609873070168195079,2023-01-02T11:23:44.000Z,"Deem graças em todas as circunstâncias, pois esta é a vontade de Deus para vocês em Cristo Jesus. 

1 Tessalonicenses 5:18

Bom dia! 🙏🏻",0,0,0
soududaramos,@soududaramos,https://twitter.com/soududaramos/status/1609632649533865986,2023-01-01T19:28:23.000Z,"Parabenizo o presidente, @LulaOficial e o vice-presidente, @geraldoalckmin pela posse hoje. Que o Brasil continue avançando e que possamos trabalhar em conjunto. Desejo sucesso nesse novo mandato.",0,0,1
soududaramos,@soududaramos,https://twitter.com/soududaramos/status/1609631949903085570,2023-01-01T19:25:37.000Z,"Parabenizo todos os Deputados Estaduais que hoje tomaram posse na Assembleia Legislativa de Roraima. Que possamos caminhar juntos, com muito trabalho e dedicação em prol do povo roraimense. 👏🏻",0,0,0
