nome,usuario,idTweet,dataPublicacao,texto,replies,retweets,likes
Yury Do Paredão,@yurydoparedao,https://twitter.com/yurydoparedao/status/1620074401407598592,2023-01-30T15:00:11.000Z,"A agenda da segurança pública sempre foi urgente no Brasil. Valorização dos profissionais da área, qualificação profissional, fortalecimento da estrutura e foco na prevenção são prioridades.",0,0,4
Yury Do Paredão,@yurydoparedao,https://twitter.com/yurydoparedao/status/1620015975931457536,2023-01-30T11:08:01.000Z,"Uma política nacional de segurança pública depende da  articulação entre governos Federal, Estadual e municipal. As guardas municipais são instituições necessárias para a promoção do policiamento preventivo. Defendo o seu fortalecimento e aperfeiçoamento.",0,0,4
Yury Do Paredão,@yurydoparedao,https://twitter.com/yurydoparedao/status/1619731616968105985,2023-01-29T16:18:05.000Z,A cada dia tenho certeza de que a política com respeito e diálogo é o adequado instrumento para a construção de uma sociedade com mais oportunidades para todos.,0,0,3
Yury Do Paredão,@yurydoparedao,https://twitter.com/yurydoparedao/status/1619707722899034112,2023-01-29T14:43:08.000Z,Louvável a notícia do ministério da Saúde de que a partir do final de fevereiro começará nova campanha de vacinação contra a Covid-19. A prevenção é o melhor instrumento para salvar vidas e a retomada do crescimento.,0,0,3
Yury Do Paredão,@yurydoparedao,https://twitter.com/yurydoparedao/status/1619330430196678657,2023-01-28T13:43:54.000Z,A Câmara Municipal de Juazeiro lançará o inédito e inovador Observatório de Políticas Públicas. Ele terá os objetivos de identificar ações dos governos na cidade e cobrar deles políticas públicas para atender as demandas da população.,1,0,3
Yury Do Paredão,@yurydoparedao,https://twitter.com/yurydoparedao/status/1619074438682775552,2023-01-27T20:46:41.000Z,Outro ponto que também vejo como prioridade na reunião dos governadores hoje:  políticas para a segurança pública em parceria com o governo Federal.,0,0,3
Yury Do Paredão,@yurydoparedao,https://twitter.com/yurydoparedao/status/1618928085877002241,2023-01-27T11:05:08.000Z,Hoje o presidente Lula terá louvável reunião com os governadores. Recomendo aos governadores que priorizem na reunião a busca de soluções para o aumento de receita dos Estados.,0,0,2
Yury Do Paredão,@yurydoparedao,https://twitter.com/yurydoparedao/status/1618581191405490176,2023-01-26T12:06:42.000Z,"No próximo dia 01 de fevereiro tomo posso como deputado federal. No Parlamento defenderei a democracia, o respeito às instituições e política econômica que promova a inclusão social.",0,0,1
Yury Do Paredão,@yurydoparedao,https://twitter.com/yurydoparedao/status/1618565456541155329,2023-01-26T11:04:10.000Z,Que todos nós tenhamos uma quinta-feira abençoada 🙌🏼 Bom dia!,0,0,3
Yury Do Paredão,@yurydoparedao,https://twitter.com/yurydoparedao/status/1618391246409723907,2023-01-25T23:31:56.000Z,Vejo como solução a criação de um fundo com recursos advindos da Petrobras e da União para possibilitar que os aumentos não sejam frequentes. A construção de refinarias pode ser outra solução.,0,0,3
Yury Do Paredão,@yurydoparedao,https://twitter.com/yurydoparedao/status/1618284826339205120,2023-01-25T16:29:03.000Z,"O TCU aponta que o Brasil tem 3.993 obras paralisadas ou inacabadas somente na área da educação. E uma das prioridades ditas durante a campanha de Lula foi a retomada de tais obras, como hospitais universitários, escolas profissionalizantes e creches. Aguardemos.",0,0,1
Yury Do Paredão,@yurydoparedao,https://twitter.com/yurydoparedao/status/1618247132309516288,2023-01-25T13:59:16.000Z,"O grande desafio do governo Lula será conter a alta dos combustíveis que causa inflação. Ressalto que a política de preços da Petrobras tem que ser respeitada, já que atua no mercado.",0,0,1
Yury Do Paredão,@yurydoparedao,https://twitter.com/yurydoparedao/status/1618206045763141637,2023-01-25T11:16:00.000Z,"Hoje 04 cidades do meu querido Ceará estão aniversariando:
- Apuiarés (66 anos);
- Banabuiú (35 anos);
- Iguatu (170 anos);
- Paramoti (65 anos);

Parabéns e boas comemorações! 👏🏽👏🏽",0,0,3
Yury Do Paredão,@yurydoparedao,https://twitter.com/yurydoparedao/status/1618203752284180480,2023-01-25T11:06:53.000Z,Uma ótima quarta-feira para todo@s! Bom dia! 🙌🏽,0,0,1
Yury Do Paredão,@yurydoparedao,https://twitter.com/yurydoparedao/status/1617980505139580928,2023-01-24T20:19:47.000Z,"Atenção, pais e mães! Com a volta às aulas é importante ficarmos atentos. A legislação brasileira determina que as escolas não devem cobrar por materiais que são de uso coletivo. Os responsáveis também têm o direito de saber como cada material será utilizado. #FiqueAtento",0,0,0
Yury Do Paredão,@yurydoparedao,https://twitter.com/yurydoparedao/status/1617857144262660096,2023-01-24T12:09:36.000Z,"Importante esclarecer: existem a moeda única e a moeda comum. A primeira é o Real, o qual permanecerá. A segunda, a ser criada entre Brasil e Argentina, servirá para o comércio entre os países. Mas a moeda Real permanece sendo a moeda do Brasil.",0,0,2
Yury Do Paredão,@yurydoparedao,https://twitter.com/yurydoparedao/status/1619294105963761664,2023-01-28T11:19:34.000Z,Um final de semana abençoado para tod@s! 🙌🏼,0,0,5
Yury Do Paredão,@yurydoparedao,https://twitter.com/yurydoparedao/status/1617847067019444227,2023-01-24T11:29:33.000Z,"Uma educação de qualidade é a maior prova que estamos semeando um futuro melhor.

24 de Janeiro - Dia Internacional da Educação.",0,0,0
Yury Do Paredão,@yurydoparedao,https://twitter.com/yurydoparedao/status/1617839424972419073,2023-01-24T10:59:11.000Z,E vamos para mais um novo dia! Uma excelente terça-feira para tod@s 🙌🏼,0,0,4
Yury Do Paredão,@yurydoparedao,https://twitter.com/yurydoparedao/status/1617538107879964674,2023-01-23T15:01:51.000Z,"São muitos que falam para mim que não gostam de políticos. Diante disso, eu mostro que a boa política feita com transparência e respeito à população fortalece a democracia e é instrumento para a superação dos desafios do País.",0,0,4
Yury Do Paredão,@yurydoparedao,https://twitter.com/yurydoparedao/status/1617496288676966405,2023-01-23T12:15:41.000Z,O governo brasileiro foi célere na ajuda aos índios Yanomami. Eles são patrimônio do povo brasileiro e é dever do Estado proteger e cuidar bem deles.,0,0,2
Yury Do Paredão,@yurydoparedao,https://twitter.com/yurydoparedao/status/1617477533959847936,2023-01-23T11:01:10.000Z,Bom dia! Uma ótima semana para tod@s! 🙌🏼,0,0,3
Yury Do Paredão,@yurydoparedao,https://twitter.com/yurydoparedao/status/1617245420606095360,2023-01-22T19:38:49.000Z,"O novo governo, em especial os ministros da Economia e do Trabalho, colocaram em pauta os direitos sociais dos profissionais de aplicativos. Defenderei na Câmara Federal que todos eles sejam inseridos na previdência pública para garantirem a aposentadoria.",1,0,3
Yury Do Paredão,@yurydoparedao,https://twitter.com/yurydoparedao/status/1617149183898664960,2023-01-22T13:16:25.000Z,"Li importante entrevista de José Graziano. Nela, ele fez uma alerta que serve para todos nós: “Não poderemos deixar criança passando fome”. Devemos ser intolerantes com a fome e solidários com os que sofrem com ela.",0,0,2
Yury Do Paredão,@yurydoparedao,https://twitter.com/yurydoparedao/status/1617120093309206528,2023-01-22T11:20:49.000Z,"Hoje o querido município de Icapuí está aniversariando. A cidade mais oriental do meu Ceará e lugar de praias maravilhosas.

Parabéns, Icapuí! 👏🏼👏🏼",0,0,2
Yury Do Paredão,@yurydoparedao,https://twitter.com/yurydoparedao/status/1617118980799598595,2023-01-22T11:16:24.000Z,Um domingo abençoado para tod@s! 🙌🏼,0,0,0
Yury Do Paredão,@yurydoparedao,https://twitter.com/yurydoparedao/status/1616757684211957760,2023-01-21T11:20:44.000Z,Hoje é o Dia Mundial da Religião e também é o Dia Nacional de Combate à Intolerância Religiosa. Precisamos combater todo tipo de preconceito e discriminação. Intolerância religiosa é crime! Denuncie!,0,0,1
Yury Do Paredão,@yurydoparedao,https://twitter.com/yurydoparedao/status/1616502982476193793,2023-01-20T18:28:38.000Z,"A política para mim é dedicação, transparência, trabalho e prestação de contas. A política é instrumento para a superação dos desafios que estão no dia a dia das pessoas. 
Serei o deputado presente e que faz.",0,0,3
Yury Do Paredão,@yurydoparedao,https://twitter.com/yurydoparedao/status/1616446311120928773,2023-01-20T14:43:27.000Z,"Ontem (19) foi mais um dia em Brasília para deixar tudo alinhado para o dia 01 de fevereiro. Participei das gravações para a TV Câmara e a noite tivemos um jantar especial na residência oficial do presidente da Câmara dos Deputados, @ArthurLira_, com toda a bancada cearense.",1,0,3
Yury Do Paredão,@yurydoparedao,https://twitter.com/yurydoparedao/status/1616425876656214017,2023-01-20T13:22:15.000Z,"Minha prioridade no meu mandato é a inclusão social, a geração de oportunidades para todos, o crescimento econômico e a melhoria da vida das pessoas.",0,0,2
Yury Do Paredão,@yurydoparedao,https://twitter.com/yurydoparedao/status/1616391785814573057,2023-01-20T11:06:47.000Z,"Quero parabenizar todos(as) os(as) Farmacêuticos(as) pelo papel essencial que desempenham na promoção de uma sociedade mais saudável. Parabéns!

20 de Janeiro - Dia do Farmacêutico",0,0,2
Yury Do Paredão,@yurydoparedao,https://twitter.com/yurydoparedao/status/1616389313876430848,2023-01-20T10:56:58.000Z,Bom dia! Que tod@s tenham sexta-feira muito produtiva!,0,0,1
Yury Do Paredão,@yurydoparedao,https://twitter.com/yurydoparedao/status/1616085685865451520,2023-01-19T14:50:27.000Z,"A Associação Cearense de Supermercados objetiva 60 novas lojas abertas no Ceará em 2023. O esperado é que cada novo supermercado empregue em média 100 pessoas. Com isso, serão gerados aproximadamente 6 mil novos empregos. 👏🏽",0,0,2
Yury Do Paredão,@yurydoparedao,https://twitter.com/yurydoparedao/status/1616067809846628354,2023-01-19T13:39:25.000Z,"Como parlamentar, ouvirei diversos segmentos, como médicos, professores e empresários do turismo. Serei o deputado presente e que faz.",0,0,2
Yury Do Paredão,@yurydoparedao,https://twitter.com/yurydoparedao/status/1616028349671026688,2023-01-19T11:02:37.000Z,Bom dia! Uma excelente quinta-feira para tod@s 🙌🏽,0,0,2
Yury Do Paredão,@yurydoparedao,https://twitter.com/yurydoparedao/status/1615806749235384320,2023-01-18T20:22:03.000Z,"Fazer oposição não é promover brigas e proporcionar retrocessos. A oposição de boa qualidade e civilizada, propõe, fiscaliza, dialoga e encontra caminhos para o desenvolvimento econômico e social.",0,0,1
Yury Do Paredão,@yurydoparedao,https://twitter.com/yurydoparedao/status/1615784173242826782,2023-01-18T18:52:21.000Z,#NovaFotoDePerfil,0,0,3
Yury Do Paredão,@yurydoparedao,https://twitter.com/yurydoparedao/status/1615783925057560577,2023-01-18T18:51:22.000Z,Precisamos sempre falar de política com respeito e transparência. A política é instrumento para a superação de conflitos e promoção do bem-estar de todos e todas. Política com seriedade traz conquista para a sociedade.,0,0,2
Yury Do Paredão,@yurydoparedao,https://twitter.com/yurydoparedao/status/1615738711697756160,2023-01-18T15:51:42.000Z,"Hoje (18) se comemora o Dia Internacional do Riso. E se tem um povo que sabe sorrir mesmo com todas as dificuldades que a vida dá, é o povo cearense. Não importa o dia, o local e a hora, o cearense sempre procura rir de algo ou fazer alguém sorrir. 😁",0,0,3
Yury Do Paredão,@yurydoparedao,https://twitter.com/yurydoparedao/status/1615711094340730880,2023-01-18T14:01:58.000Z,"Cheguei em Brasília para realizar o cadastro da minha digital, fazer o ensaio das fotos oficiais e ter uma reunião com a equipe do gabinete. Em exatamente duas semanas estarei tomando posse. Muito ansioso para iniciar minhas atividades como deputado federal eleito.",0,0,3
Yury Do Paredão,@yurydoparedao,https://twitter.com/yurydoparedao/status/1615699612672614401,2023-01-18T13:16:20.000Z,"Em breve, estarei tomando posse como deputado federal. Terei a oportunidade de propor ações para o Brasil e o Ceará. E inovarei: criarei o Mandato presente. Quero você participando comigo. Afinal, como político, tenho que prestar contas ao eleitor.",0,0,3
Yury Do Paredão,@yurydoparedao,https://twitter.com/yurydoparedao/status/1615669031914061824,2023-01-18T11:14:49.000Z,Uma ótima quarta-feira para tod@s! 🙌🏽,0,0,2
Yury Do Paredão,@yurydoparedao,https://twitter.com/yurydoparedao/status/1615359015906848768,2023-01-17T14:42:55.000Z,"Ontem (16), o ministro da Educação, Camilo Santana, assinou portaria determinando novo piso salarial dos professores para 2023. O reajuste será de 14,95%, com o salário aumentando para R$ 4.420,55. Nossos professores devem ser valorizados. Educação precisa ser prioridade.",0,1,1
Yury Do Paredão,@yurydoparedao,https://twitter.com/yurydoparedao/status/1615306769261072385,2023-01-17T11:15:19.000Z,"Parabéns ao meu querido Ceará por seus 224 anos de emancipação política. Terra tão linda, de uma cultura riquíssima e de um povo alegre e guerreiro. Como deputado federal, vou fazer tudo que estiver ao meu alcance para melhorar cada vez mais o nosso Ceará.",0,2,2
Yury Do Paredão,@yurydoparedao,https://twitter.com/yurydoparedao/status/1615105810127900672,2023-01-16T21:56:47.000Z,"O programa Mais Médicos será recriado pelo governo Federal. Destaco que apresentarei na Câmara estudo mostrando a concentração de médicos em determinadas regiões. Os médicos precisam estar em todo lugar. Portanto, incentivos precisam ser criados.",0,1,3
Yury Do Paredão,@yurydoparedao,https://twitter.com/yurydoparedao/status/1615090025321963561,2023-01-16T20:54:03.000Z,"Acredito que após a posse dos deputados e senadores, os atos de violência e vandalismo à Praça dos Três Poderes continuem em pauta por um tempo. O Legislativo e o Executivo devem encontrar medidas contra novos atos semelhantes. Precisamos sempre defender a Democracia.",0,1,3
Yury Do Paredão,@yurydoparedao,https://twitter.com/yurydoparedao/status/1615021892120809472,2023-01-16T16:23:19.000Z,"Em 214 anos de história, o Banco do Brasil terá uma mulher como presidente pela primeira vez. Tarciana Medeiros tomará posse hoje (16), em Brasília. Desejo boa sorte e que ela possa realizar seu trabalho com excelência à frente dessa instituição tão importante para o Brasil. 👏🏽",0,0,4
Yury Do Paredão,@yurydoparedao,https://twitter.com/yurydoparedao/status/1614975281306927104,2023-01-16T13:18:06.000Z,"Brasil e Ceará têm potencial turístico. O turismo, com responsabilidades social e ambiental, traz desenvolvimento. Na Câmara Federal procurarei ouvir segmentos do setor, governadores e prefeitos para apoiar iniciativas em prol do turismo.",0,0,2
Yury Do Paredão,@yurydoparedao,https://twitter.com/yurydoparedao/status/1614943595236048897,2023-01-16T11:12:11.000Z,Bom dia! Uma exceletente semana para tod@s 🙌🏼,0,0,4
Yury Do Paredão,@yurydoparedao,https://twitter.com/yurydoparedao/status/1614671862193061896,2023-01-15T17:12:25.000Z,Os jornais de Domingo são mais densos. Os de hoje trazem vários artigos sobre o triste acontecimento do último dia 08. Que eles não mais ocorram. Vamos respeitar a democracia.,0,0,3
Yury Do Paredão,@yurydoparedao,https://twitter.com/yurydoparedao/status/1613959779705131009,2023-01-13T18:02:52.000Z,"Recebo a notícia do falecimento do ex-reitor da UFC, Roberto Cláudio Frota Bezerra, pai do ex-prefeito de Fortaleza, Roberto Cláudio, com muita tristeza. Uma grande perda para a educação brasileira. Nossos sentimentos aos familiares e amigos nesse momento tão difícil.",0,1,2
Yury Do Paredão,@yurydoparedao,https://twitter.com/yurydoparedao/status/1613924321205927938,2023-01-13T15:41:58.000Z,"São meritórias as várias ações apresentadas pelo ministro da Fazenda Fernando Haddad com o objetivo de melhorar a arrecadação. Com mais recursos, mais políticas sociais, e claro, menor endividamento do Estado, o qual traz credibilidade para o Brasil.",1,0,2
Yury Do Paredão,@yurydoparedao,https://twitter.com/yurydoparedao/status/1613895674009112577,2023-01-13T13:48:08.000Z,O Parque Nacional dos Lençóis Maranhenses (MA) e a cidade de Manaus (AM) estão na lista do ‘New York Times’ dos 52 melhores lugares para visitar em 2023. Tive o prazer de conhecer os dois lugares e sei o quanto cada um é especial e a importância deles para seus estados. Parabéns!,0,0,2
Yury Do Paredão,@yurydoparedao,https://twitter.com/yurydoparedao/status/1613875444679380996,2023-01-13T12:27:45.000Z,Acordo diariamente com disposição e esperança de construirmos um Brasil melhor. É diante das adversidades que refletirmos e com prudência encontramos as soluções para os desafios.,0,0,2
Yury Do Paredão,@yurydoparedao,https://twitter.com/yurydoparedao/status/1613848559232712704,2023-01-13T10:40:55.000Z,"Hoje o município de Tejuçuoca está fazendo aniversário. Quero parabenizar essa animada cidade e dizer que estou a disposição e que podem contar comigo. 

PARABÉNS, TEJUÇUOCA! 🎉",0,0,1
Yury Do Paredão,@yurydoparedao,https://twitter.com/yurydoparedao/status/1613846522029903872,2023-01-13T10:32:49.000Z,Bom dia! Que tod@s tenham uma sexta-feira abençoada! ☀️🙏🏽,0,0,1
Yury Do Paredão,@yurydoparedao,https://twitter.com/yurydoparedao/status/1613617357632733184,2023-01-12T19:22:12.000Z,"Foi sancionada uma lei determinando o CPF como documento suficiente para identificar um cidadão nos serviços públicos. A lei não proíbe que os documentos ainda sejam requisitados, mas a falta das informações não impedirá que seja feito o cadastro ou requerimento.",1,0,6
Yury Do Paredão,@yurydoparedao,https://twitter.com/yurydoparedao/status/1613589699704098828,2023-01-12T17:32:18.000Z,"O governo federal aumentou os recursos para o programa Farmácia Popular. Por quantas vezes, ouvi relatos, inclusive de idosos, reclamando da falta de remédios em postos de saúde? Trabalhar pela saúde das pessoas é obrigação de todo gestor público.",1,0,4
Yury Do Paredão,@yurydoparedao,https://twitter.com/yurydoparedao/status/1613548748776570881,2023-01-12T14:49:34.000Z,"O novo secretário da Segurança Pública do Ceará afirmou que a prioridade da gestão é ""enfrentar a violência contra grupos vulneráveis"". Não terminamos o mês de janeiro e já temos vários casos de mulheres assassinadas no Ceará. Esse cenário precisa mudar urgentemente!",0,0,3
Yury Do Paredão,@yurydoparedao,https://twitter.com/yurydoparedao/status/1613519045315158017,2023-01-12T12:51:32.000Z,"Pesquisa do Datafolha mostra que 93% dos brasileiros são contrários aos atos de vandalismo. Os brasileiros querem melhoria de vida, bem-estar e democracia. Vamos olhar pra frente e trabalhar para o bem do Brasil.",0,1,3
Yury Do Paredão,@yurydoparedao,https://twitter.com/yurydoparedao/status/1613257825265786880,2023-01-11T19:33:33.000Z,"Em conversa com prefeitos, sempre aconselho o investimento em creches. Elas dão a oportunidade para que mães trabalhem e que seus filhos fiquem bem cuidados e protegidos. Em Brasília, defenderei ações para que as creches sejam prioridades das gestões.",0,0,3
Yury Do Paredão,@yurydoparedao,https://twitter.com/yurydoparedao/status/1613212436508643328,2023-01-11T16:33:11.000Z,"Também é importante lembrar que em 2019 o Programa Nacional de Desestatização oficializou a inclusão do Parque Nacional de Jericoacoara e, dois anos depois, em 2021, o Parque Nacional de Ubajara também foi incluído na iniciativa.",0,0,2
Yury Do Paredão,@yurydoparedao,https://twitter.com/yurydoparedao/status/1613192558418575361,2023-01-11T15:14:12.000Z,"Solicitar a suspensão da concessão do Parque Nacional de Jericoacoara à iniciativa privada é preservar um patrimônio cearense, um dos maiores símbolos do Ceará e também uma das praias mais bonitas do mundo. Jericoacoara é de todos!",0,0,3
Yury Do Paredão,@yurydoparedao,https://twitter.com/yurydoparedao/status/1613168397772005376,2023-01-11T13:38:11.000Z,A inflação ainda está acima da meta. Ela é um grande desafio para o Brasil. A inflação atinge principalmente os pobres em razão da alta dos alimentos. Importante que o combate à inflação seja prioridade do Banco Central e do governo Lula.,0,0,2
Yury Do Paredão,@yurydoparedao,https://twitter.com/yurydoparedao/status/1612935988422082560,2023-01-10T22:14:41.000Z,Precisamos valorizar a democracia. Não cabem no Brasil ataques às instituições e atentados terroristas. As instituições precisam agir com firmeza. Como cidadão e parlamentar lutarei sempre para a preservação da democracia brasileira.,1,0,2
Yury Do Paredão,@yurydoparedao,https://twitter.com/yurydoparedao/status/1612835944641568771,2023-01-10T15:37:08.000Z,"Após o triste Domingo, tenho certeza de que o debate sobre terrorismo saíra da agenda. As instituições estão agindo com firmeza. O Brasil voltará ao normal para construirmos um País com oportunidades para todos.",0,0,2
Yury Do Paredão,@yurydoparedao,https://twitter.com/yurydoparedao/status/1612778642953625608,2023-01-10T11:49:27.000Z,"Louvável a atitude do presidente Lula em defender junto com os governadores a democracia. E em seguida, caminharem juntos até o STF. A boa política, com diálogo e respeito, tem que prevalecer no Brasil.",0,0,2
Yury Do Paredão,@yurydoparedao,https://twitter.com/yurydoparedao/status/1612771396525891586,2023-01-10T11:20:39.000Z,Bom dia! Que todos tenham uma terça-feira abençoada. 🙏🏼,0,0,2
Yury Do Paredão,@yurydoparedao,https://twitter.com/yurydoparedao/status/1612535790382227459,2023-01-09T19:44:26.000Z,Hoje a rede pública de ensino do Ceará empossou 800 professores que compunham o cadastro de reserva do concurso público da Secretaria da Educação do Ceará (Seduc) realizado em 2018. Uma excelente notícia! É a educação do Ceará ganhando cada vez mais força. #Educação,0,0,4
Yury Do Paredão,@yurydoparedao,https://twitter.com/yurydoparedao/status/1612451124249874434,2023-01-09T14:08:00.000Z,"Cerca de 70 policiais militares do Ceará foram enviados a Brasília. Alguns governadores do Brasil anunciaram que enviarão ou deixaram tropas da PM à disposição para auxiliar na contenção dos atos golpistas. Desejo boa sorte, bom trabalho e que Deus guarde esses nossos guerreiros.",0,0,2
Yury Do Paredão,@yurydoparedao,https://twitter.com/yurydoparedao/status/1612431090437816320,2023-01-09T12:48:24.000Z,"Democracia é vida, respeito, e instrumento para conquistarmos nossos objetivos. Como cidadão e parlamentar eleito lutarei sempre para a preservação da democracia brasileira.",0,0,4
Yury Do Paredão,@yurydoparedao,https://twitter.com/yurydoparedao/status/1612177389626265600,2023-01-08T20:00:17.000Z,"O Congresso Nacional é a representação da democracia. Temos que repugnar qualquer ação contra a democracia. Só com ela, podemos viver com paz, liberdade e desenvolvimento econômico e social.",0,0,1
Yury Do Paredão,@yurydoparedao,https://twitter.com/yurydoparedao/status/1612145940856455174,2023-01-08T17:55:19.000Z,"O futebol brasileiro está de luto. Perdemos hoje um grande ídolo: Roberto Dinamite. Um dos maiores artilheiros do Campeonato Brasileiro. ""Um dos"" não, ""O"" maior artilheiro do Campeonato Brasileiro: 190 gols marcados. Marca que até hoje ninguém alcançou. Descanse em paz, Dinamite!",0,0,1
Yury Do Paredão,@yurydoparedao,https://twitter.com/yurydoparedao/status/1612061887557943301,2023-01-08T12:21:19.000Z,Hoje é dia de parabenizarmos esses profissionais que enfrentam de tudo para conseguirem registrar momentos que serão eternizados. Parabéns a todos os fotógrafos e fotógrafas do nosso Brasil! 📸,0,0,0
Yury Do Paredão,@yurydoparedao,https://twitter.com/yurydoparedao/status/1611684670906802177,2023-01-07T11:22:23.000Z,Um sábado e um fim de semana maravilhoso para tod@s!,0,0,2
Yury Do Paredão,@yurydoparedao,https://twitter.com/yurydoparedao/status/1611435231768084481,2023-01-06T18:51:12.000Z,"É de fundamental importância, e isto sempre está presente na agenda brasileira, a necessidade de mais recursos para estados e municípios. Quando os estados e municípios não funcionam bem, o Brasil não anda como um todo.",0,0,2
Yury Do Paredão,@yurydoparedao,https://twitter.com/yurydoparedao/status/1611416193331519488,2023-01-06T17:35:33.000Z,"Vejo com muita preocupação a possibilidade de municípios perderem receita por conta do Censo 2022. Se ocorrer a diminuição da população, menos recursos virão. Lembrando: os municípios têm responsabilidades com saúde, educação e infraestrutura.",0,0,3
Yury Do Paredão,@yurydoparedao,https://twitter.com/yurydoparedao/status/1611381358097489926,2023-01-06T15:17:08.000Z,O governador Elmano de Freitas sancionou ontem (5) a lei que reconhece o município de Viçosa do Ceará como a capital cearense da Cachaça. A cachaça de Viçosa é reconhecida nacionalmente. Isso também fortalece a posição do Ceará como terceiro produtor mais relevante do Brasil.,0,0,2
Yury Do Paredão,@yurydoparedao,https://twitter.com/yurydoparedao/status/1611335890269356032,2023-01-06T12:16:28.000Z,"Hoje é o Dia da Gratidão. É dia de agradecer por tudo que vivi, conquistei, perdi. Agradecer por ter uma família maravilhosa e por mais um dia de trabalho. Após enfrentarmos a pandemia de Covid-19, agradeço o simples fato de estar vivo. #DiadaGratidão",0,0,1
Yury Do Paredão,@yurydoparedao,https://twitter.com/yurydoparedao/status/1611323306199719936,2023-01-06T11:26:27.000Z,Quem vocês tenham uma sexta-feira muito produtiva. Deus abençoe a tod@s!,0,0,1
Yury Do Paredão,@yurydoparedao,https://twitter.com/yurydoparedao/status/1611099597945933824,2023-01-05T20:37:31.000Z,"Os policiais penais do Ceará começarão a usar câmera no fardamento a partir de fevereiro em todas as unidades prisionais. É mais um auxílio para que a lei seja cumprida na íntegra, já que as imagens gravadas poderão ser utilizadas como provas para ajudar em vários procedimentos.",0,0,1
Yury Do Paredão,@yurydoparedao,https://twitter.com/yurydoparedao/status/1611058973246951424,2023-01-05T17:56:05.000Z,Louvável a decisão do presidente Lula em convocar reunião com os governadores para o dia 27/01. É através do diálogo que as soluções para os desafios são encontradas.,0,0,2
Yury Do Paredão,@yurydoparedao,https://twitter.com/yurydoparedao/status/1611058826970628097,2023-01-05T17:55:31.000Z,"Tendo em vista que a sustentabilidade é um dos principais pontos positivos para o mercado internacional do agronegócio, precisamos de mais iniciativas que diminuam o impacto ambiental causado pela atividade agropecuária no Brasil para que nossa imagem lá fora possa ser melhorada.",0,0,2
Yury Do Paredão,@yurydoparedao,https://twitter.com/yurydoparedao/status/1610968169107304449,2023-01-05T11:55:16.000Z,Que todos tenham uma quinta-feira abençoada!,0,0,3
Yury Do Paredão,@yurydoparedao,https://twitter.com/yurydoparedao/status/1610747450343493635,2023-01-04T21:18:13.000Z,"Aproximadamente 2 milhões de brasileiros não responderam ao Censo 2022. Caso você ainda não tenha respondido ao Censo 2022, o IBGE criou o disque- censo para agendar a ida de um recenseador nas casas. Saiba se sua cidade está incluída no disque-censo: https://bit.ly/3ZexXzB",0,0,2
Yury Do Paredão,@yurydoparedao,https://twitter.com/yurydoparedao/status/1610726140620017664,2023-01-04T19:53:32.000Z,O Novo governo retomará o louvável Programa Mais Médicos. São inúmeras cidades que precisam de médicos fixos.  Importante também que os médicos tenham incentivos para permanecerem em cidades distantes dos principais centros urbanos.,1,1,4
Yury Do Paredão,@yurydoparedao,https://twitter.com/yurydoparedao/status/1610686244702531584,2023-01-04T17:15:00.000Z,"Ana Moser, ex-atleta de vôlei, tomou posse hoje como Ministra do Esporte. Ela é a primeira mulher da história a comandar a pasta. A missão dela é difícil: ampliar o acesso ao esporte em todo o país. Mas, dedicada como é, temos sorte em tê-la nesse cargo.",0,0,1
Yury Do Paredão,@yurydoparedao,https://twitter.com/yurydoparedao/status/1610623056858193920,2023-01-04T13:03:55.000Z,"Na vara criminal de Maracanaú (CE) dois dias por semana são reservados para visitas às vítimas de violência doméstica com agentes da Guarda Municipal e da PM. Medidas protetivas também são acompanhadas pelos juízes. Precisamos de mais exemplos como esse. Parabéns, Maracanaú! 👏🏽",0,0,1
Yury Do Paredão,@yurydoparedao,https://twitter.com/yurydoparedao/status/1610622586932658176,2023-01-04T13:02:03.000Z,Uma ótima quarta-feira para tod@s! 🙏🏽,0,0,1
Yury Do Paredão,@yurydoparedao,https://twitter.com/yurydoparedao/status/1610472989203521537,2023-01-04T03:07:36.000Z,"Sem palavras em saber que minha amiga se foi nessa noite de terça-feira (03), aos 49 anos, a cantora cearense Rita de Cássia, considerada a maior compositora de forró da história do Brasil. Ao longo de sua carreira, a artista compôs mais de 500 músicas. #ForroDeLuto #Luto #rita",0,0,11
Yury Do Paredão,@yurydoparedao,https://twitter.com/yurydoparedao/status/1610358057233522691,2023-01-03T19:30:54.000Z,O ano mal começou e já foram registrados vários casos pelo Brasil de violência doméstica e até mesmo feminicídios. Isso é lamentável. É preciso aumentar o número de iniciativas e projetos que amparem e acolham essas vítimas de violência. Isso não pode continuar assim!,1,0,1
Yury Do Paredão,@yurydoparedao,https://twitter.com/yurydoparedao/status/1610325406464229376,2023-01-03T17:21:09.000Z,"O cortejo com o corpo de Pelé chegou ao cemitério, em Santos. Depois de fazer tanto pelo Brasil, pelo futebol e de ter lutado até seu último momento, Pelé agora poderá descansar. Vá em paz, Eterno Rei. #PeleEterno",0,0,1
Yury Do Paredão,@yurydoparedao,https://twitter.com/yurydoparedao/status/1610293954968264706,2023-01-03T15:16:11.000Z,"O cortejo do Rei Pelé está chegando na casa da mãe dele, Dona Celeste. Uma multidão acompanha o cortejo pelas ruas de Santos para dar o último adeus ao melhor jogador de todos os tempos. #PeleEterno",0,0,1
Yury Do Paredão,@yurydoparedao,https://twitter.com/yurydoparedao/status/1610268603953352706,2023-01-03T13:35:27.000Z,"As universidades públicas precisam ser atraentes para os alunos. Cursos que atendam as demandas do mercado de trabalho, professores motivados e abertos à mudanças, e políticas sociais que garantam o aluno com menor renda na universidade, são medidas fundamentais.",0,0,1
Yury Do Paredão,@yurydoparedao,https://twitter.com/yurydoparedao/status/1610253737699819520,2023-01-03T12:36:22.000Z,"O jornal Estadão alerta em editorial que o número de inscritos no ENEM diminui. Dado preocupante, pois a formação superior é muito importante para a empregabilidade e desenvolvimento da ciência.",0,0,1
Yury Do Paredão,@yurydoparedao,https://twitter.com/yurydoparedao/status/1610233417488109570,2023-01-03T11:15:38.000Z,"Hoje o município de Jardim, que faz parte da região do Cariri, está completando 207 anos. Parabéns, Jardim! Boas comemorações!",1,0,2
Yury Do Paredão,@yurydoparedao,https://twitter.com/yurydoparedao/status/1610230684240515073,2023-01-03T11:04:46.000Z,Bom dia! Uma excelente terça-feira para tod@s!,0,0,2
Yury Do Paredão,@yurydoparedao,https://twitter.com/yurydoparedao/status/1610030882932260864,2023-01-02T21:50:50.000Z,"Quero parabenizar a nova Mesa Diretora da Câmara Municipal de Juazeiro do Norte e desejar boa sorte nesse mandato. Tenho absoluta convicção de que será feito um trabalho com muita responsabilidade, diálogo e transparência.",0,0,1
Yury Do Paredão,@yurydoparedao,https://twitter.com/yurydoparedao/status/1610026099597271041,2023-01-02T21:31:49.000Z,"A nova Mesa Diretora da Câmara Municipal de Juazeiro do Norte está empossada! 

Dra. Yanny Brena - Presidenta
Raimundo Júnior - 1º Vice-presidente
William Bazílio - 2º Vice-presidente
Adauto Araújo - 1º Secretário
Claudionor Mota - 2º Secretário
Lucas do Horto - 3º Secretário",0,0,1
Yury Do Paredão,@yurydoparedao,https://twitter.com/yurydoparedao/status/1610024310474772481,2023-01-02T21:24:43.000Z,"Agora, a nova presidenta da Câmara Municipal de Juazeiro do Norte, vereadora Dra. Yanny Brena, faz o seu discurso de posse. https://youtube.com/watch?v=2lrJWlB_Cic…",0,0,2
Yury Do Paredão,@yurydoparedao,https://twitter.com/yurydoparedao/status/1610022545000140800,2023-01-02T21:17:42.000Z,"O vereador William Bazílio, 2º vice-presidente da nova Mesa, fala agora sobre o atual cenário de Juazeiro do Norte e o que espera para esse ano de 2023.",0,0,1
Yury Do Paredão,@yurydoparedao,https://twitter.com/yurydoparedao/status/1610021374482960384,2023-01-02T21:13:03.000Z,"Nesse momento, o vereador Padre Paulo César Andrelino inicia o seu discurso pedindo que a nova Mesa tenha um diálogo produtivo e sereno. ""No diálogo nós produzimos, nós construimos."" (Ver. Padre Paulo César Andrelino""",0,0,1
Yury Do Paredão,@yurydoparedao,https://twitter.com/yurydoparedao/status/1610018897893416960,2023-01-02T21:03:12.000Z,A nova Mesa Diretora da Câmara Municipal de Juazeiro do Norte está empossada. O vereador Capitão Vieira fez um discurso e agora o promotor Dr. André Augusto Barroso faz uso da palavra.,0,0,1
Yury Do Paredão,@yurydoparedao,https://twitter.com/yurydoparedao/status/1610014885055799303,2023-01-02T20:47:15.000Z,A Mesa agora pede um minuto de silêncio em homenagem ao Papa Emérito Bento XVI e o eterno REI Pelé. https://youtube.com/watch?v=2lrJWlB_Cic…,0,0,1
Yury Do Paredão,@yurydoparedao,https://twitter.com/yurydoparedao/status/1610013632972361728,2023-01-02T20:42:17.000Z,Acompanhe a solenidade de posse da nova Mesa Diretora da Câmara Municipal de Juazeiro do Norte pelo canal do youtube da Câmara: https://youtube.com/watch?v=2lrJWlB_Cic…,0,0,1
Yury Do Paredão,@yurydoparedao,https://twitter.com/yurydoparedao/status/1609982332340953089,2023-01-02T18:37:54.000Z,"O Banco Central alterou as regras sobre limites do PIX. Pelas novas regras, os bancos não são mais obrigados a impor um limite de valor por transação, e são obrigados apenas a determinar um limite por período de tempo. Saiba mais em: https://bit.ly/3vwa60N",0,0,1
Yury Do Paredão,@yurydoparedao,https://twitter.com/yurydoparedao/status/1609937338003595267,2023-01-02T15:39:07.000Z,A política de preço dos combustíveis passa pela reforma tributária e também pela definição clara e objetiva de qual é o papel da Petrobras na economia. É importante que a Petrobras tenha responsabilidade social.,0,0,1
Yury Do Paredão,@yurydoparedao,https://twitter.com/yurydoparedao/status/1609887947406594048,2023-01-02T12:22:51.000Z,Hoje a nova Mesa Diretora da Câmara Municipal de Juazeiro do Norte será empossada. A vereadora dra. Yanny presidirá o Legislativo juazeirense durante o biênio 2023-2024. Yanny será a segunda mulher a presidir a Câmara. Com certeza ela fará um trabalho honesto e muito bem feito.,0,0,1
Yury Do Paredão,@yurydoparedao,https://twitter.com/yurydoparedao/status/1609884437537333251,2023-01-02T12:08:54.000Z,O Brasil precisará manter sobre controle o preço dos combustíveis para que a inflação não adquira força. Esse será o grande desafio da Petrobras e do novo governo.,0,0,1
Yury Do Paredão,@yurydoparedao,https://twitter.com/yurydoparedao/status/1609870060977373184,2023-01-02T11:11:47.000Z,Bom dia! Que tenhamos uma semana abençoada! 🙏🏽,0,0,3
Yury Do Paredão,@yurydoparedao,https://twitter.com/yurydoparedao/status/1609616609185775618,2023-01-01T18:24:39.000Z,"Desejo tranquilidade, capacidade de diálogo e muita dedicação ao presidente @LulaOficial . Ele já mostrou que sabe promover o bem-estar social e criar oportunidades para todos. Parabéns e sucesso presidente!",2,0,4
Yury Do Paredão,@yurydoparedao,https://twitter.com/yurydoparedao/status/1609574531533766656,2023-01-01T15:37:27.000Z,"O ano novo representa o começo de um novo ciclo, a porta para novas oportunidades. Desejo um Feliz 2023 a todos e todas.",0,0,1
Yury Do Paredão,@yurydoparedao,https://twitter.com/yurydoparedao/status/1609571828086841345,2023-01-01T15:26:42.000Z,Parabenizo o Gov. @elmanooficial que tomou posse hoje pela manhã como Governador do Estado do Ceará e a vice governadora #JadeRomero. Desejo sucesso aos dois no trabalho pelo povo Cearence e pelo Desenvolvimento do Ceará. Contem comigo.,1,0,3
