nome,usuario,idTweet,dataPublicacao,texto,replies,retweets,likes
Deputado Zé Silva,@ZeSilva_,https://twitter.com/ZeSilva_/status/1618231596150292486,2023-01-25T12:57:32.000Z,"Tragédia de Brumadinho – 4 anos: Comissão da Câmara dos deputados elaborou projetos que aumentam e endurecem a pena para crimes ambientais, especialmente os crimes que ameaçam a vida",0,1,1
Deputado Zé Silva,@ZeSilva_,https://twitter.com/ZeSilva_/status/1616555130245255169,2023-01-20T21:55:51.000Z,"Vitória da Saúde! Sancionada a Lei  que passa a considerar os agentes comunitários de saúde e os agentes de combate às endemias como profissionais de saúde, com profissões regulamentadas.Parabéns aos extensionistas da saúde pela grande luta.",0,1,2
Deputado Zé Silva,@ZeSilva_,https://twitter.com/ZeSilva_/status/1615658546317639695,2023-01-18T10:33:09.000Z,"Dia histórico p/os #Queijos Artesanais:Graças a lei 13.860/2019,da minha autoria e do Dep Alceu Moreira,os primeiros produtores receberão o ""SELO QUEIJO ARTESANAL"".Único produto com uma lei específica p/ valorização da produção artesanal.#DeputadoZéSilva #DeputadoAlceuMoreira",1,1,6
Deputado Zé Silva,@ZeSilva_,https://twitter.com/ZeSilva_/status/1615389794996977672,2023-01-17T16:45:14.000Z,"Grande vitória da educação.O reajuste do piso salarial do professor que passará de R$ 3.845,63, em 2022, para R$ 4.420,55, em 2023, representa  a valorização dos professores e consequentemente uma educação com mais qualidade.",1,1,3
Deputado Zé Silva,@ZeSilva_,https://twitter.com/ZeSilva_/status/1612747908146765825,2023-01-10T09:47:19.000Z,Entrevista para o Canal AgroMais TV.✔️Em pauta:Atual cenário político. https://youtu.be/nRreJolckpA#Entrevista#AgroMaisTv#Brasil#CenarioPolitico#DeputadoZeSilva#MinasGerais,0,1,4
Deputado Zé Silva,@ZeSilva_,https://twitter.com/ZeSilva_/status/1612170690148327426,2023-01-08T19:33:39.000Z,"Repudio veementemente esses atos de vandalismo e antidemocráticos.Todos envolvidos,inclusive por omissão,devem sofrer o rigor da lei com urgência. Liberdade não pode ser confundida c/libertinagem.",0,2,5
Deputado Zé Silva,@ZeSilva_,https://twitter.com/ZeSilva_/status/1611005662330322946,2023-01-05T14:24:15.000Z,"Avalio que o ideal seria que a Companhia Nacional de Abastecimento (Conab) virasse uma Agência independente, sem vinculação a ministérios, para pôr fim a disputas políticas.

*Entrevista CNN",0,1,2
