nome,usuario,idTweet,dataPublicacao,texto,replies,retweets,likes
Adriana Accorsi,@Adriana_Accorsi,https://twitter.com/Adriana_Accorsi/status/1652453442021908480,2023-04-29T23:22:56.000Z,"A verdade sempre vence! O PL 2630 chegou para acabar com a desinformação e a propagação de fake news nas plataformas. 

*#PL2630Sim #MentirasMatam #PL2630SalvaVidas*",4,27,69
Adriana Accorsi,@Adriana_Accorsi,https://twitter.com/Adriana_Accorsi/status/1652350988978733060,2023-04-29T16:35:49.000Z,"Quando eleita Deputada Federal, assumi o compromisso com o povo de Goiás de ser uma voz ativa na Câmara Federal, ao Lado do Presidente Lula, em Brasília, trabalho todos os dias por mais investimentos e pelo desenvolvimento do nosso Estado. Acompanhe o nosso trabalho!",2,16,87
Adriana Accorsi,@Adriana_Accorsi,https://twitter.com/Adriana_Accorsi/status/1652079602812985344,2023-04-28T22:37:26.000Z,"É isso!
Charge: Nando Motta",2,31,69
Adriana Accorsi,@Adriana_Accorsi,https://twitter.com/Adriana_Accorsi/status/1652063533826179072,2023-04-28T21:33:34.000Z,"E aí, pessoal! Como estão? Vocês já me seguem na rede vizinha? 📷Me acompanhem por lá também! 
Clica aí 👇🏼 https://instagram.com/adriana_accorsi?igshid=YmMyMTA2M2Y=…",5,13,36
Adriana Accorsi,@Adriana_Accorsi,https://twitter.com/Adriana_Accorsi/status/1652041768316051478,2023-04-28T20:07:05.000Z,"No nosso escritório político, recebi os queridos companheiros do Partido dos Trabalhadores Ex-Deputado Estadual Luís Cesar Bueno e Hugo Bittes.",1,9,30
Adriana Accorsi,@Adriana_Accorsi,https://twitter.com/Adriana_Accorsi/status/1652033601523818510,2023-04-28T19:34:38.000Z,"Em Aparecida de Goiânia tive uma excelente conversa com o Prefeito do município Vilmar Mariano e com Deputado Estadual Veter Martins, ao lado das lideranças da região Alline Porfírio e  Acácio Gomes, falamos sobre novos projetos.",3,15,71
Adriana Accorsi,@Adriana_Accorsi,https://twitter.com/Adriana_Accorsi/status/1652000957671125010,2023-04-28T17:24:55.000Z,"Participei hoje da importante reunião da Juventude da Articulação ao lado da companheira Deputada Estadual Bia De Lima, da Secretária Nacional de Promoção da Igualdade Racial Iêda Leal, da Presidenta do PT de Goiânia Neyde Aparecida,+",1,13,40
Adriana Accorsi,@Adriana_Accorsi,https://twitter.com/Adriana_Accorsi/status/1651979548743835652,2023-04-28T15:59:51.000Z,"AMOR E RESPEITO AOS POVOS INDÍGENAS! Nosso presidente @LulaOficial, assinou na manhã desta sexta-feira, a homologação de seis terras indígenas e dois decretos. Inclusive TI Avá-Canoeiro no nosso estado de Goiás.",9,82,325
Adriana Accorsi,@Adriana_Accorsi,https://twitter.com/Adriana_Accorsi/status/1651915710187159554,2023-04-28T11:46:11.000Z,A data de hoje tem como papel reforçar a importância da Educação no desenvolvimento da humanidade. Como Deputada Federal e membra titular da Comissão de Educação da Câmara dos Deputados+,7,63,161
Adriana Accorsi,@Adriana_Accorsi,https://twitter.com/Adriana_Accorsi/status/1651754507666112512,2023-04-28T01:05:37.000Z,"O Ministro @silviolual foi gigante hoje! Desmontou uma cena bizarra, grotesca e desumana feita pelo senador bolsonarista.",12,36,183
Adriana Accorsi,@Adriana_Accorsi,https://twitter.com/Adriana_Accorsi/status/1651743700106477569,2023-04-28T00:22:40.000Z,"Acompanho com apreensão as decisões arbitrárias de interdição e fechamentos de vários Pit Dogs em Goiânia. Como deputada, sou defensora da categoria. Pit Dogs são um patrimônio cultural e gastronômico do nosso estado e devem ser respeitados.",6,22,171
Adriana Accorsi,@Adriana_Accorsi,https://twitter.com/Adriana_Accorsi/status/1651700508946472961,2023-04-27T21:31:03.000Z,"O Brasil voltou a ser respeitado e a atrair investimento estrangeiro. Nos últimos 13 dias, representando o Governo Federal, o Presidente Lula esteve na China, nos Emirados Árabes Unidos, em Portugal e na Espanha,",7,43,115
Adriana Accorsi,@Adriana_Accorsi,https://twitter.com/Adriana_Accorsi/status/1651630649789358081,2023-04-27T16:53:27.000Z,Toda minha solidariedade e admiração ao nosso grande Ministro @silviolual,5,29,147
Adriana Accorsi,@Adriana_Accorsi,https://twitter.com/Adriana_Accorsi/status/1651577256492294150,2023-04-27T13:21:17.000Z,"O #TBT de hoje é de umas das minhas primeiras falas na tribuna   da Assembleia Legislativa do Estado de Goiás. Como Deputada Estadual, ficamos lá por dois mandatos e fomos a voz do povo goiano!",2,11,39
Adriana Accorsi,@Adriana_Accorsi,https://twitter.com/Adriana_Accorsi/status/1651552245547253760,2023-04-27T11:41:54.000Z,"Sobre a ação terrorista da tentativa de golpe de 8 de janeiro, ainda tem muita gente envolvida escondida. Covardes que incitaram em suas redes sociais e financiaram os crimes, serão todos encontrados e punidos nas ações judiciais e na CPMI do Golpe. Sem anistia!",7,40,128
Adriana Accorsi,@Adriana_Accorsi,https://twitter.com/Adriana_Accorsi/status/1651550852773998595,2023-04-27T11:36:22.000Z,"Bom dia, meus amigos e minhas amigas! Sigamos pra mais um dia de muito trabalho.",2,7,59
Adriana Accorsi,@Adriana_Accorsi,https://twitter.com/Adriana_Accorsi/status/1651543027666624519,2023-04-27T11:05:16.000Z,"Ontem, nosso mandato foi representado pelos companheiros Arquivaldo Filho, Sandro Salamanca e Fabio Fazzion em uma visita cortesia ao novo Superintendente do INCRA em Goiás, companheiro Elias D'Angelo Borges,",1,7,44
Adriana Accorsi,@Adriana_Accorsi,https://twitter.com/Adriana_Accorsi/status/1651349965694816257,2023-04-26T22:18:07.000Z,"Hoje no nosso gabinete 740, recebemos tantas pessoas importantes para conversar sobre nossos projetos para Goiás. O nosso gabinete está de portas abertas para ouvir as demandas do nosso povo,+",2,10,32
Adriana Accorsi,@Adriana_Accorsi,https://twitter.com/Adriana_Accorsi/status/1651335533157556224,2023-04-26T21:20:46.000Z,"VAI TER PISO DA ENFERMAGEM! 

Aprovamos na Câmara e no Senado o PL que financia o Piso Nacional da Enfermagem. 
Enfermeiras(os) receberão no mínimo: R$ 4.750
Técnicas(os) R$ 3.325. Auxiliares e Parteiras: R$ 2.375.",4,21,96
Adriana Accorsi,@Adriana_Accorsi,https://twitter.com/Adriana_Accorsi/status/1651332769342013440,2023-04-26T21:09:47.000Z,"A CPMI do Golpe acaba de ser criada para investigar os atos golpistas bolsonaristas ocorridos em 8 de janeiro, a CPMI que revelará os mentores intelectuais e financeiros da tentativa frustrada de golpe da extrema direita no País+",8,47,197
Adriana Accorsi,@Adriana_Accorsi,https://twitter.com/Adriana_Accorsi/status/1651320107732201472,2023-04-26T20:19:28.000Z,"Em Brasília, participei da reunião com o querido companheiro Secretário-Executivo da Secretaria de Relações Institucionais do Governo Federal Olavo Noleto, ao lado do companheiro Nelson Galvão e os servidores da Agência Nacional de Mineração (ANM) Daniel Pollack,+",1,8,36
Adriana Accorsi,@Adriana_Accorsi,https://twitter.com/Adriana_Accorsi/status/1651317622141591552,2023-04-26T20:09:35.000Z,"Ao lado da querida companheira Secretária de Juventude da Federação dos Trabalhadores na Agricultura do Estado de Goiás (FETAEG) Dalila dos Santos e de vários companheiros em companheiras,+",1,8,34
Adriana Accorsi,@Adriana_Accorsi,https://twitter.com/Adriana_Accorsi/status/1651300174184972302,2023-04-26T19:00:15.000Z,"Alguém sabe me dizer qual remédio tem como efeito colateral postar vídeos incitando o terrorismo? Eu desconheço! Bolsonaro disse à PF que ""estava sob efeito de remédios"" quando postou vídeo encorajando os atos do dia 8 de Janeiro. É um covarde!",32,79,276
Adriana Accorsi,@Adriana_Accorsi,https://twitter.com/Adriana_Accorsi/status/1651273767614545920,2023-04-26T17:15:20.000Z,Vai ter CPMI dos Golpistas! Sem anistia para os criminosos bolsonaristas!,5,20,65
Adriana Accorsi,@Adriana_Accorsi,https://twitter.com/Adriana_Accorsi/status/1651268284719808516,2023-04-26T16:53:32.000Z,"Hoje é o aniversário da grande companheira Benedita da Silva. Com seu trabalho permanente por quem mais precisa, ela é a voz de milhares de mulheres guerreiras na Câmara dos Deputados e um símbolo de luta pelos direitos raciais no nosso país.",3,18,64
Adriana Accorsi,@Adriana_Accorsi,https://twitter.com/Adriana_Accorsi/status/1651258578911522820,2023-04-26T16:14:58.000Z,"Queremos as redes sociais livres das mentiras, do ódio e da cultura da violência. Para proteger nossas crianças, adolescentes e a nossa democracia, defendemos a regulação pública das plataformas. Acompanhe o vídeo:",4,30,79
Adriana Accorsi,@Adriana_Accorsi,https://twitter.com/Adriana_Accorsi/status/1651240307055312897,2023-04-26T15:02:22.000Z,"Com muita alegria participei hoje da Sessão Solene em Homenagem ao 4° Festival Nacional da Juventude Rural, ao lado dos meus companheiros e companheiras de bancada pude deixar minha saudação. Viva a Juventude Rural do Brasil!",3,14,36
Adriana Accorsi,@Adriana_Accorsi,https://twitter.com/Adriana_Accorsi/status/1651230882475266048,2023-04-26T14:24:55.000Z,Mais um dia de muito trabalho aqui em Brasília. Na Comissão de Educação estamos trabalhando para barrar projetos absurdos como o que cria uma comissão para acusar os professores e professoras de doutrinação nas escolas. Confira no vídeo:,6,33,119
Adriana Accorsi,@Adriana_Accorsi,https://twitter.com/Adriana_Accorsi/status/1651213950246170626,2023-04-26T13:17:38.000Z,É com muita alegria que venho parabenizar a Guarda Civil Metropolitana (GCM) pelos seus 35 anos de atuação!,2,16,67
Adriana Accorsi,@Adriana_Accorsi,https://twitter.com/Adriana_Accorsi/status/1651200076159635456,2023-04-26T12:22:30.000Z,"Hoje é dia de homenagear minha querida mãezinha Lucide Sauthier, que sempre foi um grande exemplo para mim de coragem, garra, luta e de quem herdei muita força para lutar pelos meus sonhos.",36,21,269
Adriana Accorsi,@Adriana_Accorsi,https://twitter.com/Adriana_Accorsi/status/1651185604904865792,2023-04-26T11:25:00.000Z,"Após anos de cortes e sucateamento, nosso governo anuncia a recomposição do orçamento das Universidades e Institutos Federais em Goiás.

Investimento em Educação pública, gratuita, laica, inclusiva  e de qualidade para reconstruirmos o nosso país!",3,20,58
Adriana Accorsi,@Adriana_Accorsi,https://twitter.com/Adriana_Accorsi/status/1650996017100120064,2023-04-25T22:51:39.000Z,"No nosso Gabinete 740, em Brasília, recebi os queridos companheiros da cidade de Formosa João Rodrigues, Yuri Leão, João Gomes, Daniela Santana, Dayse Alves, Juscelino França, Déborah Costa, Daiane de Sousa e Euclides de Jesus.",1,11,66
Adriana Accorsi,@Adriana_Accorsi,https://twitter.com/Adriana_Accorsi/status/1650971651343785984,2023-04-25T21:14:49.000Z,"Queremos as redes sociais livres das mentiras, do ódio e da cultura da violência. Para proteger nossas crianças, adolescentes e também a nossa democracia, defendemos a regulação pública das plataformas. Chega de lucrar com a dor e a morte!
 #PL2630Já",9,65,147
Adriana Accorsi,@Adriana_Accorsi,https://twitter.com/Adriana_Accorsi/status/1650956199745994752,2023-04-25T20:13:25.000Z,"Precisamos discutir o que é urgente e necessário: políticas públicas de segurança para a população. Tá na hora de, como comissão, fazermos o nosso trabalho com seriedade, diálogo e responsabilidade com o povo que nos elegeu.",3,44,159
Adriana Accorsi,@Adriana_Accorsi,https://twitter.com/Adriana_Accorsi/status/1650918719105691649,2023-04-25T17:44:29.000Z,Estou muito feliz com a notícia da posse do grande companheiro Professor Pedro Wilson para o cargo de Superintendente do Instituto do Patrimônio Histórico e Artístico Nacional (IPHAN) em Goiás.,8,30,126
Adriana Accorsi,@Adriana_Accorsi,https://twitter.com/Adriana_Accorsi/status/1650895437690183683,2023-04-25T16:11:59.000Z,#PL2630ja,8,18,41
Adriana Accorsi,@Adriana_Accorsi,https://twitter.com/Adriana_Accorsi/status/1650879318594134021,2023-04-25T15:07:56.000Z,"Convido você para junto conosco, promover e defender os Direitos Humanos da criança e do adolescente, e articular junto conosco políticas públicas, ações e legislações nacionais, regionais e locais. Vamos juntas e juntos?",0,9,24
Adriana Accorsi,@Adriana_Accorsi,https://twitter.com/Adriana_Accorsi/status/1650872761139580937,2023-04-25T14:41:52.000Z,"O dia 25 de cada mês representa uma data fundamental na luta pelo fim da violência contra as mulheres e meninas, pois esse Dia Laranja alerta para a urgente necessidade de prevenir e eliminar essa violência e convoca ativistas,",1,12,42
Adriana Accorsi,@Adriana_Accorsi,https://twitter.com/Adriana_Accorsi/status/1650854423512612868,2023-04-25T13:29:00.000Z,O que eu desejo para alguém que diz que “tinham petistas infiltrados”:,33,135,871
Adriana Accorsi,@Adriana_Accorsi,https://twitter.com/Adriana_Accorsi/status/1650851342402068480,2023-04-25T13:16:46.000Z,"O Ministério da Saúde publicou o edital de chamamento ao Programa Mais Médicos, com 6.252 vagas que serão ofertadas aos médicos de todo o país. #Goiás",1,11,30
Adriana Accorsi,@Adriana_Accorsi,https://twitter.com/Adriana_Accorsi/status/1650851123300020224,2023-04-25T13:15:53.000Z,O ministério da saúde ampliou a idade para a vacinação bivalente contra a Covid-19. Fique atento ao calendário de sua cidade e não esqueça de tomar sua dose. Vacinas salvam vidas!,0,17,39
Adriana Accorsi,@Adriana_Accorsi,https://twitter.com/Adriana_Accorsi/status/1650824630591004674,2023-04-25T11:30:37.000Z,"Ontem à noite, em Goiânia, recebemos importantes lideranças comunitárias no nosso escritório político para conversamos sobre a conjuntura política em Goiânia,",2,13,42
Adriana Accorsi,@Adriana_Accorsi,https://twitter.com/Adriana_Accorsi/status/1650808649978109952,2023-04-25T10:27:07.000Z,"O Povo Xukuru Ororubá, de Pernambuco, dançando o toré no fim do primeiro dia de atividades do #ATL2023. Em frente ao Congresso Nacional, mais de seis mil indígenas reivindicam o respeito aos seus direitos e a defesa de seus territórios.
Sem demarcação não há democracia!",1,14,52
Adriana Accorsi,@Adriana_Accorsi,https://twitter.com/Adriana_Accorsi/status/1650794809525673989,2023-04-25T09:32:07.000Z,Um abraço de todo Brasil ❤️,3,19,146
Adriana Accorsi,@Adriana_Accorsi,https://twitter.com/Adriana_Accorsi/status/1650594428942155776,2023-04-24T20:15:53.000Z,"Nesta tarde em Goiânia, recebi vários companheiros e companheiras importantes. O nosso escritório político está de portas abertas para ouvir as demandas do povo goiano.",1,11,46
Adriana Accorsi,@Adriana_Accorsi,https://twitter.com/Adriana_Accorsi/status/1650549228987461640,2023-04-24T17:16:16.000Z,"O Fantástico exibiu imagens do circuito interno do Palácio do Planalto no momento dos atos terroristas golpistas do dia 8 de janeiro. Entre muitas imagens, a reportagem mostra criminosos bolsonaristas+",1,11,53
Adriana Accorsi,@Adriana_Accorsi,https://twitter.com/Adriana_Accorsi/status/1650509142031777792,2023-04-24T14:36:59.000Z,"Em Goiânia, estive com a Reitora do Instituto Federal de Goiás IFG Professora Oneida Irigon na companhia de alguns diretores e diretoras do Instituto, para falarmos sobre grandes projetos que desenvolvemos no nosso mandato.",1,11,57
Adriana Accorsi,@Adriana_Accorsi,https://twitter.com/Adriana_Accorsi/status/1650487773973868545,2023-04-24T13:12:04.000Z,Começando a semana com muita alegria e disposição para trabalhar por Goiás.,11,20,139
Adriana Accorsi,@Adriana_Accorsi,https://twitter.com/Adriana_Accorsi/status/1650460666459742209,2023-04-24T11:24:21.000Z,A verdade sempre aparece !,2,53,222
Adriana Accorsi,@Adriana_Accorsi,https://twitter.com/Adriana_Accorsi/status/1650177181295706113,2023-04-23T16:37:53.000Z,"Salve Jorge!
Salve São Jorge!",4,32,123
Adriana Accorsi,@Adriana_Accorsi,https://twitter.com/Adriana_Accorsi/status/1649895788808482819,2023-04-22T21:59:44.000Z,"Com muita alegria pude celebrar o aniversário da minha grande amiga e companheira Vânia Cristina Debaran, desejo um feliz aniversário, muita saúde e muitas conquistas!",0,7,39
Adriana Accorsi,@Adriana_Accorsi,https://twitter.com/Adriana_Accorsi/status/1649885155333492736,2023-04-22T21:17:29.000Z,"Hoje prestigiando a minha querida amiga Samara Hair na cerimônia de casamento de sua filha Stefany Araújo, desejo felicidades aos noivos e uma linda cerimônia!",2,7,52
Adriana Accorsi,@Adriana_Accorsi,https://twitter.com/Adriana_Accorsi/status/1649809316306722818,2023-04-22T16:16:07.000Z,Bom trabalho queridos @LulaOficial e @JanjaLula ❤️❤️❤️❤️❤️,3,18,114
Adriana Accorsi,@Adriana_Accorsi,https://twitter.com/Adriana_Accorsi/status/1649761499596967936,2023-04-22T13:06:07.000Z,"Precisamos combater com veemência os abusos físicos que hoje são a principal causa de morte de crianças de 2 a 9 anos no Brasil, é preciso articular um conjunto de ações e programas que tenham por objetivo erradicar à violência contra crianças e adolescentes.",5,31,84
Adriana Accorsi,@Adriana_Accorsi,https://twitter.com/Adriana_Accorsi/status/1649467545013854209,2023-04-21T17:38:03.000Z,"Hoje a nossa Capital Federal completa 63 anos. Parabéns, Brasília por esses anos de história e beleza arquitetônica que encanta o mundo!",4,15,87
Adriana Accorsi,@Adriana_Accorsi,https://twitter.com/Adriana_Accorsi/status/1649416089544056832,2023-04-21T14:13:35.000Z,"21 de abril • Dia da Polícia Civil

Como Delegada da Polícia Civil há mais de 23 anos, deixo a minha homenagem a todos e todas  colegas que fazem um trabalho incrível de investigação, gestão, atendimento ao público e as forças de segurança no combate à criminalidade,+",9,25,110
Adriana Accorsi,@Adriana_Accorsi,https://twitter.com/Adriana_Accorsi/status/1649397976639438848,2023-04-21T13:01:36.000Z,Bom dia pessoal! Hoje o nosso Presidente Lula desembarcou em Portugal onde assinará 13 acordos bilaterais e 4 com a Espanha. Nosso país está de volta na diplomacia mundial e o Presidente Lula está trabalhando muito para reconstruir o Brasil de todos e todas.,19,90,360
Adriana Accorsi,@Adriana_Accorsi,https://twitter.com/Adriana_Accorsi/status/1649136078266220544,2023-04-20T19:40:55.000Z,"O dia da volta da esperança para o nosso país está marcado nas paredes do nosso escritório político que em breve, vai poder receber todos e todas vocês 😍",6,26,153
Adriana Accorsi,@Adriana_Accorsi,https://twitter.com/Adriana_Accorsi/status/1649038588363898881,2023-04-20T13:13:31.000Z,"As medidas protetivas de urgência não exigirão o andamento de uma investigação de casos de violência. Elas serão concedidas, portanto, independentemente do ajuizamento de uma ação penal ou cível, da existência de inquérito policial ou mesmo do registro de um boletim de ocorrência",2,43,84
Adriana Accorsi,@Adriana_Accorsi,https://twitter.com/Adriana_Accorsi/status/1649023606775488513,2023-04-20T12:13:59.000Z,"O Governo Federal, os estados e os municípios estão juntos no compromisso de cuidar do ambiente escolar, por meio de ações e programas que garantam segurança aos estudantes e tragam paz às famílias e a toda a comunidade. #BrasilUnidoPelaPaz #EscolaSegura",2,13,29
Adriana Accorsi,@Adriana_Accorsi,https://twitter.com/Adriana_Accorsi/status/1649018547257987074,2023-04-20T11:53:53.000Z,"#TBT DE PAZ NAS ESCOLAS!
Como delegada de polícia, sempre percorro as escolas de Goiás falando sobre como podemos construir uma sociedade livre da violência. Nossas crianças e adolescentes precisam de amor e cuidado ❤️",4,16,67
Adriana Accorsi,@Adriana_Accorsi,https://twitter.com/Adriana_Accorsi/status/1648813199037284356,2023-04-19T22:17:54.000Z,"Todos os terroristas, golpistas envolvidos na invasão e destruição dos Três Poderes vão pagar por seus crimes. O general Gonçalves Dias sai, mas as investigações continuam.",12,46,236
Adriana Accorsi,@Adriana_Accorsi,https://twitter.com/Adriana_Accorsi/status/1648802128423419904,2023-04-19T21:33:55.000Z,"Lula acaba de assinar a recomposição orçamentária de R$2,44 bilhões para as Universidades e Institutos Federais com o objetivo de suprir os cortes que o governo anterior, inimigo da Educação, promoveu.",3,33,94
Adriana Accorsi,@Adriana_Accorsi,https://twitter.com/Adriana_Accorsi/status/1648798146061893632,2023-04-19T21:18:05.000Z,"Em Brasília, o nosso gabinete 740 está de portas abertas para ouvir as demandas do nosso povo, como Deputada Federal dialogo com toda a população para trabalharmos muito pelo nosso estado, confira o vídeo dos atendimentos nessa semana!",2,15,44
Adriana Accorsi,@Adriana_Accorsi,https://twitter.com/Adriana_Accorsi/status/1648665384667553794,2023-04-19T12:30:33.000Z,"A convite da querida amiga e companheira Diretora de Proteção da Criança e do Adolescente Maria Luiza Moura Oliveira, em Brasília, participo da Assembleia Ordinária do Conselho Nacional dos Direitos da Criança e do Adolescente (CONANDA)",2,11,43
Adriana Accorsi,@Adriana_Accorsi,https://twitter.com/Adriana_Accorsi/status/1648656540897890304,2023-04-19T11:55:24.000Z,"Hoje, dia 19 de abril, celebramos o dia dos Povos Indígenas, uma data de grande importância no calendário nacional, pois celebra a diversidade cultural além de contribuir para a preservação da cultura e da história desses povos.",1,37,105
Adriana Accorsi,@Adriana_Accorsi,https://twitter.com/Adriana_Accorsi/status/1648468548132671488,2023-04-18T23:28:23.000Z,"Vitória!
O Presidente Lula acaba de assinar o Projeto de Lei que permite o pagamento do piso salarial da enfermagem a partir de maio. O piso pra enfermeiros será R$ 4.750; técnicos R$ 3.325, auxiliares e parteiras R$ 2.375.",16,123,435
Adriana Accorsi,@Adriana_Accorsi,https://twitter.com/Adriana_Accorsi/status/1648415434679484420,2023-04-18T19:57:20.000Z,O Presidente que ama e se preocupa com seu povo ❤️❤️❤️❤️❤️,0,14,29
Adriana Accorsi,@Adriana_Accorsi,https://twitter.com/Adriana_Accorsi/status/1648413215594774531,2023-04-18T19:48:31.000Z,"Ao lado do querido companheiro, Ministro das Cidades Jader Barbalho Filho, na reunião com os Deputados e Deputadas Federais da bancada de Goiás, juntos em busca de mais investimentos para o desenvolvimento de todos os municípios do nosso Estado de Goiás.",0,9,25
Adriana Accorsi,@Adriana_Accorsi,https://twitter.com/Adriana_Accorsi/status/1648397863020556288,2023-04-18T18:47:30.000Z,"Em importante reunião com o Ministro das Cidades Jader Barbalho Filho, ao lado dos meus queridos colegas da bancada de Goiás estamos debatendo as demandas do nosso estado.",0,8,57
Adriana Accorsi,@Adriana_Accorsi,https://twitter.com/Adriana_Accorsi/status/1648390142401413120,2023-04-18T18:16:50.000Z,"Hoje na Comissão de Segurança Pública e Combate ao Crime Organizado falei sobre a necessidade de se discutir com seriedade os temas importantes para a Segurança Pública do nosso país, fomos eleitos com o anseio da população por mais segurança+",2,20,63
Adriana Accorsi,@Adriana_Accorsi,https://twitter.com/Adriana_Accorsi/status/1648388251583913988,2023-04-18T18:09:19.000Z,"Hoje o Presidente Lula assina o importante Projeto de Lei do Congresso Nacional que assegura a implementação do Piso Nacional da Enfermagem, o projeto será votado pelo Congresso Nacional em caráter emergencial para que os profissionais da enfermagem recebam quanto antes.",2,31,91
Adriana Accorsi,@Adriana_Accorsi,https://twitter.com/Adriana_Accorsi/status/1648368778177069056,2023-04-18T16:51:56.000Z,Iniciando os trabalhos na Comissão de Segurança em Brasília. Dia de muito trabalho na casa e vamos com muita disposição!,3,12,76
Adriana Accorsi,@Adriana_Accorsi,https://twitter.com/Adriana_Accorsi/status/1648333698956140545,2023-04-18T14:32:33.000Z,"Hoje, 18 de Abril, celebramos o dia da literatura infantil brasileira, a data é marcada pela discussão da importância da literatura infantil e a promoção do desenvolvimento de hábitos de leitura.",2,12,42
Adriana Accorsi,@Adriana_Accorsi,https://twitter.com/Adriana_Accorsi/status/1648302269585080323,2023-04-18T12:27:39.000Z,"Pais, professores, professoras, profissionais do administrativo e estudantes, peço o seu voto e o seu apoio para a querida companheira Professora Suelma Cândido para a direção do Colégio Estadual Robinho Martins de Azevedo. Vote 2!",2,13,37
Adriana Accorsi,@Adriana_Accorsi,https://twitter.com/Adriana_Accorsi/status/1648156169175810054,2023-04-18T02:47:06.000Z,"Nesta tarde estive na Alego, em Audiência Pública sobre a segurança nas escolas que nosso mandato promoveu junto com a Deputada Estadual Bia de Lima.",1,11,40
Adriana Accorsi,@Adriana_Accorsi,https://twitter.com/Adriana_Accorsi/status/1648141045169811459,2023-04-18T01:47:00.000Z,Opa 👀,1,12,37
Adriana Accorsi,@Adriana_Accorsi,https://twitter.com/Adriana_Accorsi/status/1648140447171112962,2023-04-18T01:44:38.000Z,Mentirosa ! Cadê os móveis do palácio?!,4,46,152
Adriana Accorsi,@Adriana_Accorsi,https://twitter.com/Adriana_Accorsi/status/1648078823915761665,2023-04-17T21:39:46.000Z,Dia 20/04 será um dia de amor e cuidado com nossas crianças e adolescentes de todo o Brasil!,2,28,90
Adriana Accorsi,@Adriana_Accorsi,https://twitter.com/Adriana_Accorsi/status/1648040929507307542,2023-04-17T19:09:11.000Z,"Estou na nossa Audiência Pública sobre a segurança nas escolas, promovida junto com a Deputada Estadual Bia de Lima. Juntos e juntas vamos debater estratégias para pôr fim a essa essa onda de crimes de ódio contra nossas crianças e adolescentes.",2,10,69
Adriana Accorsi,@Adriana_Accorsi,https://twitter.com/Adriana_Accorsi/status/1648040000972288016,2023-04-17T19:05:29.000Z,"PAGAMENTO DO PISO DO MAGISTÉRIO
Nosso mandato está presente na audiência em defesa do pagamento do piso do magistério. Sabemos da importância da valorização de professores(as) para a Educação do nosso país. Estamos juntas e juntos nessa luta!",4,17,59
Adriana Accorsi,@Adriana_Accorsi,https://twitter.com/Adriana_Accorsi/status/1648028493114929179,2023-04-17T18:19:46.000Z,"Com muita satisfação, recebi no nosso escritório em Goiânia, minha mãe Lucide Sauthier presidenta do PT de Bela Vista, o vereador da cidade Isac Junior Nogueira, minha amiga Secretária de Mulheres de Bela Vista de Goiás Selma Kamenach e o ex-vereador de Bela Vista Adevaldo Gomes",1,14,70
Adriana Accorsi,@Adriana_Accorsi,https://twitter.com/Adriana_Accorsi/status/1648018839009886208,2023-04-17T17:41:24.000Z,"O @mjsp_gov anunciou uma portaria para responsabilizar plataformas digitais pela veiculação de conteúdos com apologia à violência nas escolas.

A iniciativa é parte de um conjunto amplo de ações para conter e evitar massacres como os que, infelizmente, têm acontecido no país.",2,22,41
Adriana Accorsi,@Adriana_Accorsi,https://twitter.com/Adriana_Accorsi/status/1647976707247292416,2023-04-17T14:53:59.000Z,"Fruto de nossa Emenda Parlamentar ainda como Deputada Estadual, participei hoje da inauguração da nova quadra poliesportiva do Centro de Educação Comunitária de Meninas e Meninos, ao lado do Secretário Municipal de Educação de Goiânia Wellington Bessa,",3,18,56
Adriana Accorsi,@Adriana_Accorsi,https://twitter.com/Adriana_Accorsi/status/1647938223681814528,2023-04-17T12:21:04.000Z,"Vem aí o piso da enfermagem! 
O presidente Lula enviará hoje ao Congresso, o PL que abre margem orçamentária para que que o piso das enfermeiras e enfermeiros seja uma realidade!",3,24,116
Adriana Accorsi,@Adriana_Accorsi,https://twitter.com/Adriana_Accorsi/status/1647937960950546434,2023-04-17T12:20:01.000Z,"Estou muito feliz em participar em Goiânia, ao lado da Professora Suelma Candido, da inauguração da nova quadra Poliesportiva do Centro de Educação Comunitária na qual destinei emenda para sua construção. Investir em esporte, é investir no futuro de nossas crianças e adolescentes",3,12,47
Adriana Accorsi,@Adriana_Accorsi,https://twitter.com/Adriana_Accorsi/status/1647761808613097472,2023-04-17T00:40:03.000Z,"✊🏼✊🏾""A autonomia produtiva é algo essencial para que as mulheres vítimas de violência possam ter sua autonomia de fato"". Esther Dweck (@edweck_rj), Ministra da Gestão e da Inovação em Serviços Públicos.",4,28,84
Adriana Accorsi,@Adriana_Accorsi,https://twitter.com/Adriana_Accorsi/status/1647707996594503681,2023-04-16T21:06:13.000Z,"Desejo para todas e todos uma semana leve, repleta de amor e alegrias. ❤️",12,15,100
Adriana Accorsi,@Adriana_Accorsi,https://twitter.com/Adriana_Accorsi/status/1647692168914509824,2023-04-16T20:03:20.000Z,😎❤️,9,19,142
Adriana Accorsi,@Adriana_Accorsi,https://twitter.com/Adriana_Accorsi/status/1647375604692529153,2023-04-15T23:05:25.000Z,Que lindo ! O Brasil voltou!,1,14,53
Adriana Accorsi,@Adriana_Accorsi,https://twitter.com/Adriana_Accorsi/status/1647295126627135490,2023-04-15T17:45:38.000Z,"Com muita alegria participo da celebração dos 80 anos do grande amigo e companheiro Antônio Arantes, desejo felicidades, muito sucesso e muitas alegrias nesse dia tão especial. Feliz Aniversário!",2,11,78
Adriana Accorsi,@Adriana_Accorsi,https://twitter.com/Adriana_Accorsi/status/1647222195851083784,2023-04-15T12:55:50.000Z,"O Brasil voltou a ser reconhecido internacionalmente! 
Nesta manhã o Presidente Lula chegou a Abu Dhabi, irá reunir-se com presidente dos Emirados Árabes após a viagem à China. Trazendo mais acordos e investimentos para o Brasil. 🇧🇷🇦🇪",7,47,236
Adriana Accorsi,@Adriana_Accorsi,https://twitter.com/Adriana_Accorsi/status/1647207925427961856,2023-04-15T11:59:07.000Z,"Na noite de ontem, em Senador Canedo, participei da grande reunião organizada pela minha querida companheira Cida Borges, com apoiadores do nosso mandato e do Presidente Lula. Estiveram comigo o Diretor do Instituto Viva o Cerrado Goiano, Marcos Vinícius.",2,14,67
Adriana Accorsi,@Adriana_Accorsi,https://twitter.com/Adriana_Accorsi/status/1647188151176183810,2023-04-15T10:40:33.000Z,Emocionante para todas e todos nós ❤️,1,12,66
Adriana Accorsi,@Adriana_Accorsi,https://twitter.com/Adriana_Accorsi/status/1646976108716253184,2023-04-14T20:37:58.000Z,"Junto com a bancada de Goiás, estive a convite do Dr. Jaime Câmara Júnior, em um agradável almoço executivo no salão de eventos do Grupo Jaime Câmara. Fiquei muito grata pelas boas-vindas e muito feliz com o convite. 
Fotos: Equipe Flávia Morais",0,9,45
Adriana Accorsi,@Adriana_Accorsi,https://twitter.com/Adriana_Accorsi/status/1646894890213679104,2023-04-14T15:15:14.000Z,"Atendendo ao convite do Diretor-Geral da Polícia Rodoviária Federal, Antônio Fernando Souza Oliveira, estive na Cerimônia de Posse do Superintendente da Polícia Rodoviária Federal em Goiás, Tiago de Almeida Queiroz.",1,15,66
Adriana Accorsi,@Adriana_Accorsi,https://twitter.com/Adriana_Accorsi/status/1646884702865829888,2023-04-14T14:34:45.000Z,"Hoje em Goiânia, participei do Café da Manhã Fórum das Entidades Empresariais de Goiás (FEE), com secretários de finanças municipais e prefeitos na Casa da Indústria, ao lado dos colegas da bancada de Goiás,",1,11,37
Adriana Accorsi,@Adriana_Accorsi,https://twitter.com/Adriana_Accorsi/status/1646880640451706881,2023-04-14T14:18:36.000Z,A Deputada Federal Delegada Adriana Accorsi e a Deputada Estadual Bia de Lima convidam você para  Audiência Pública onde trataremos desse assunto que tanto tem nos preocupado: Violência Nas Escolas.,7,29,79
Adriana Accorsi,@Adriana_Accorsi,https://twitter.com/Adriana_Accorsi/status/1646587480991322135,2023-04-13T18:53:42.000Z,"Muito importante o posicionamento do MPE. Abuso de poder, uso da máquina pública em benefício próprio e de sua família, apologia ao nazismo e golpe de Estado, genocídio… BOLSONARO INELEGÍVEL É SÓ O COMEÇO!",1,10,56
Adriana Accorsi,@Adriana_Accorsi,https://twitter.com/Adriana_Accorsi/status/1646571856583950347,2023-04-13T17:51:37.000Z,Confira a nossa visita à querida cidade de Formosa-GO. Nosso mandato está à disposição do município!,1,13,50
Adriana Accorsi,@Adriana_Accorsi,https://twitter.com/Adriana_Accorsi/status/1646550256643891202,2023-04-13T16:25:47.000Z,"Em Visita a DEAM de Formosa, fui recebida com muito carinho pelo meu amigo o Delegado da Polícia Civil de Formosa Yasser Yassine e toda sua equipe, onde fui acompanhada da minha amiga, a Perita Criminal Gyzele Xavier.",1,14,81
Adriana Accorsi,@Adriana_Accorsi,https://twitter.com/Adriana_Accorsi/status/1646541872142139392,2023-04-13T15:52:28.000Z,"Reforço a necessidade de denunciar as ameaças de ataques contra as escolas. 
RT para que todos e todas saibam.",1,32,47
Adriana Accorsi,@Adriana_Accorsi,https://twitter.com/Adriana_Accorsi/status/1646503730060181507,2023-04-13T13:20:54.000Z,"Participo agora na Câmara Municipal de Formosa, da grande reunião com o movimento de moradia e representantes de vários movimentos sindicais (SINTEGO , sindicato dos servidores municipais, sindicatos rurais da agricultura familiar e cooperativas.",1,13,49
Adriana Accorsi,@Adriana_Accorsi,https://twitter.com/Adriana_Accorsi/status/1646473332211044352,2023-04-13T11:20:07.000Z,"Cheguei na querida cidade de  Formosa - Go e estou sendo recebida com muito carinho pelos amigos: o presidente do PT de Formosa Professor Mirim, Professor João Rodrigues, Darcy Magalhães, Ricardo André e Silvia Suyenne do Sinprefor, Welio de Iraci e nosso companheiro Mauro Mendes",0,14,35
Adriana Accorsi,@Adriana_Accorsi,https://twitter.com/Adriana_Accorsi/status/1646452490320134149,2023-04-13T09:57:17.000Z,Estou muito feliz com a nomeação do meu amigo e companheiro Professor Edward para o importante cargo de Assessor da Presidência da FINEP - Financiadora de Estudos e Projetos. Tenho certeza que fará um brilhante trabalho! Coloco nosso mandato à disposição!,2,22,136
Adriana Accorsi,@Adriana_Accorsi,https://twitter.com/Adriana_Accorsi/status/1646446258503000064,2023-04-13T09:32:32.000Z,"Na noite de ontem, recebi em nosso gabinete 740, meus queridos amigos do STIUEG (Sindicato dos Trabalhadores nas Indústrias Urbanas no Estado de Goiás) Igor Dias, Raphael Rodrigues, João Maria e Frank Rezende.",1,13,43
Adriana Accorsi,@Adriana_Accorsi,https://twitter.com/Adriana_Accorsi/status/1646432632131969024,2023-04-13T08:38:23.000Z,"Bom dia, meus amigos e minhas amigas ☀️ ❤️",33,72,445
Adriana Accorsi,@Adriana_Accorsi,https://twitter.com/Adriana_Accorsi/status/1646291065996017664,2023-04-12T23:15:51.000Z,"Nosso Ministro dos Direitos Humanos e Cidadania @silviolual , em participação brilhante e magistral hoje na Comissão de Segurança Pública na Câmara Federal !",1,18,50
Adriana Accorsi,@Adriana_Accorsi,https://twitter.com/Adriana_Accorsi/status/1646280665485262850,2023-04-12T22:34:31.000Z,"Na comissão de Segurança Pública e Combate ao Crime Organizado, com a presença do brilhante Ministro dos Direitos Humanos Silvio Almeida, parabenizei o ministro pelos 100 dias de trabalho em favor do Brasil e o apresentei diversas demandas como o combate ao racismo institucional",5,48,204
Adriana Accorsi,@Adriana_Accorsi,https://twitter.com/Adriana_Accorsi/status/1646252139725856769,2023-04-12T20:41:10.000Z,"Na comissão de Segurança Pública e Combate ao Crime Organizado, com a presença do brilhante Ministro dos Direitos Humanos Silvio Almeida, parabenizei o ministro pelos 100 dias de trabalho em favor do Brasil e o apresentei diversas demandas como o combate ao racismo institucional+",0,20,94
Adriana Accorsi,@Adriana_Accorsi,https://twitter.com/Adriana_Accorsi/status/1646231719895236612,2023-04-12T19:20:02.000Z,Parabenizo a Polícia Civil do Estado de Goiás pela produção desta importante cartilha informativa para a segurança de professores e alunos nas escolas diante de ameaças ou atitudes suspeitas.,3,15,67
Adriana Accorsi,@Adriana_Accorsi,https://twitter.com/Adriana_Accorsi/status/1646199210612604976,2023-04-12T17:10:51.000Z,"Na Comissão de Educação da Câmara dos Deputados com a presença do nosso Ministro da Educação Camilo Santana, levei diversas demandas para o Ministro,+",2,14,46
Adriana Accorsi,@Adriana_Accorsi,https://twitter.com/Adriana_Accorsi/status/1646176431603326978,2023-04-12T15:40:20.000Z,"Vamos enfrentar à violência contra crianças, adolescentes, trabalhadores e trabalhadoras da Educação nas escolas do nosso país. O Governo Federal assumiu o compromisso de investir nas ações de prevenção a ataques nas instituições de ensino+",4,19,86
Adriana Accorsi,@Adriana_Accorsi,https://twitter.com/Adriana_Accorsi/status/1645930798908932096,2023-04-11T23:24:17.000Z,"Com a presença do nosso Ministro das Cidades Jader Barbalho Filho, em Goiânia inauguramos o terminal do BRT que leva o nome do nosso saudoso querido companheiro ex-prefeito de Goiânia Paulo Garcia.",6,26,117
Adriana Accorsi,@Adriana_Accorsi,https://twitter.com/Adriana_Accorsi/status/1645902847014305794,2023-04-11T21:33:12.000Z,Com o nosso Ministro das Cidades Jader Barbalho Filho em mais uma visita ao nosso Estado de Goiás. O governo do Presidente Lula está comprometido com o desenvolvimento de todos municípios do nosso estado!,3,30,133
Adriana Accorsi,@Adriana_Accorsi,https://twitter.com/Adriana_Accorsi/status/1645899502824374272,2023-04-11T21:19:55.000Z,"Estive ao lado do Ministro das Cidades Jader Barbalho Filho, do Governador do Estado de Goiás Ronaldo Caiado, do Vice-Governador do Estado Daniel Vilela, de várias autoridades e dos nossos companheiros e companheiras do Partido dos Trabalhadores.",1,11,58
Adriana Accorsi,@Adriana_Accorsi,https://twitter.com/Adriana_Accorsi/status/1645860655566671895,2023-04-11T18:45:33.000Z,"Ao lado do Ministro das Cidades Jader Barbalho Filho e de várias autoridades, participo da inauguração do novo Terminal do BRT em Goiânia que leva o nome do nosso saudoso companheiro, Ex-Prefeito de Goiânia Paulo Garcia.",3,18,70
Adriana Accorsi,@Adriana_Accorsi,https://twitter.com/Adriana_Accorsi/status/1645827000886591488,2023-04-11T16:31:49.000Z,Estou a caminho para inauguração de mais um benefício do nosso governo para Goiânia. Confira 👇🏼,5,18,87
Adriana Accorsi,@Adriana_Accorsi,https://twitter.com/Adriana_Accorsi/status/1645803857673613313,2023-04-11T14:59:51.000Z,"Participei em Brasília do Café da Manhã do MST - Movimento Sem Terra com parlamentares, ao lado de vários companheiros e companheiras. Tenho muito orgulho de ser parceira deste movimento que contribui para o mundo na produção de alimentos orgânicos.",19,53,325
Adriana Accorsi,@Adriana_Accorsi,https://twitter.com/Adriana_Accorsi/status/1645802153502703617,2023-04-11T14:53:05.000Z,"Com enorme tristeza recebi a notícia do ataque em Santa Tereza de Goiás, deixo minha solidariedade aos três alunos feridos. Tenho trabalhado muito para que em nosso país hajam Políticas Públicas que coíbam esses ataques contra as escolas.",2,19,66
Adriana Accorsi,@Adriana_Accorsi,https://twitter.com/Adriana_Accorsi/status/1645747199454617600,2023-04-11T11:14:43.000Z,Bom dia ☀️ Boa viagem querido Presidente ❤️,4,13,81
Adriana Accorsi,@Adriana_Accorsi,https://twitter.com/Adriana_Accorsi/status/1645571213425537025,2023-04-10T23:35:25.000Z,Essa é uma das ações da Operação Escola Segura. Qualquer informação é bem-vinda. Todas as denúncias são anônimas e as informações enviadas serão mantidas sob sigilo.https://gov.br/mj/pt-br/escolasegura…,2,42,72
Adriana Accorsi,@Adriana_Accorsi,https://twitter.com/Adriana_Accorsi/status/1645522599886159883,2023-04-10T20:22:14.000Z,"Participei hoje ao lado dos Servidores Públicos do Estado de Goiás, da importante Audiência Pública na ALEGO sobre a mudança da personalidade jurídica do IPASGO.",4,11,57
Adriana Accorsi,@Adriana_Accorsi,https://twitter.com/Adriana_Accorsi/status/1645500090289725457,2023-04-10T18:52:48.000Z,"Na Assembleia Legislativa do Estado de Goiás, encontrei a nossa deputada estadual Bia de Lima e o companheiro vereador de Formosa Welio de Iraci. Falamos sobre o fortalecimento dos municípios do nosso estado pelas Políticas Públicas do governo do nosso Presidente Lula.",1,9,31
Adriana Accorsi,@Adriana_Accorsi,https://twitter.com/Adriana_Accorsi/status/1645479038167678977,2023-04-10T17:29:08.000Z,"#oBrasilVoltou com o Bolsa Família, reconhecido internacionalmente como um dos maiores e mais eficazes programas de transferência de renda do mundo! Erradicação da fome, diminuição da desigualdade social, inclusão produtiva e muito mais: são esses os resultados do Bolsa!",5,27,64
Adriana Accorsi,@Adriana_Accorsi,https://twitter.com/Adriana_Accorsi/status/1645431282380283905,2023-04-10T14:19:23.000Z,"Para Goiás: mais investimentos na área social, na educação, na saúde e na infraestrutura! #OBrasilVoltou 
Segue o fio🧵👇🏼",6,24,93
Adriana Accorsi,@Adriana_Accorsi,https://twitter.com/Adriana_Accorsi/status/1645430093957799936,2023-04-10T14:14:39.000Z,"Fomos eleitos com o compromisso de levar a nossa experiência como representante da Segurança à Câmara Federal. Como Deputada Federal, apresentamos diversos projetos com o intuito de fortalecer a promoção da Segurança Pública",6,23,68
Adriana Accorsi,@Adriana_Accorsi,https://twitter.com/Adriana_Accorsi/status/1645180501211086850,2023-04-09T21:42:52.000Z,❤️,2,16,67
Adriana Accorsi,@Adriana_Accorsi,https://twitter.com/Adriana_Accorsi/status/1645075279180603393,2023-04-09T14:44:45.000Z,Um Presidente que ama seu povo e se preocupa ❤️,12,35,172
Adriana Accorsi,@Adriana_Accorsi,https://twitter.com/Adriana_Accorsi/status/1645064833874771969,2023-04-09T14:03:14.000Z,"Este domingo para muitas pessoas é um dia de renascimento. Que essa crença faça renascer também o desejo de um mundo sem ódio, em que haja tolerância e respeito às diferenças. 

Feliz Páscoa!",9,16,103
Adriana Accorsi,@Adriana_Accorsi,https://twitter.com/Adriana_Accorsi/status/1644715194243792897,2023-04-08T14:53:54.000Z,"#OBrasilVoltou para trazer mais cuidado a todos os 200 milhões de brasileiros e brasileiras. Voltou com mais esperança para que, juntos, a gente possa reconstruir nossa nação e crescer novamente. Voltou para fazer mais pela nossa gente!",1,32,81
Adriana Accorsi,@Adriana_Accorsi,https://twitter.com/Adriana_Accorsi/status/1644455764679901185,2023-04-07T21:43:01.000Z,Exigimos punição para este bandido!,8,53,139
Adriana Accorsi,@Adriana_Accorsi,https://twitter.com/Adriana_Accorsi/status/1644415425529225218,2023-04-07T19:02:43.000Z,Crime: excesso de fofura 💕❤️👶🏻,7,17,160
Adriana Accorsi,@Adriana_Accorsi,https://twitter.com/Adriana_Accorsi/status/1644343748359344134,2023-04-07T14:17:54.000Z,"Parabéns aos amigos e amigas jornalistas que todos os dias trabalham transformando fatos em notícias e dados em informações. 
Comemorar o Dia do Jornalista é uma oportunidade de valorizar o trabalho desse profissional para a democracia e a sociedade brasileira.",5,13,89
Adriana Accorsi,@Adriana_Accorsi,https://twitter.com/Adriana_Accorsi/status/1644056640155537410,2023-04-06T19:17:02.000Z,"INACEITÁVEL! 
Goiás é o segundo colocado no ranking de empregadores que submeteram seus funcionários a condições análogas à escravidão, diz o Ministério do Trabalho e Emprego (MTE).",8,136,329
Adriana Accorsi,@Adriana_Accorsi,https://twitter.com/Adriana_Accorsi/status/1644023798516031490,2023-04-06T17:06:32.000Z,#TBT de muito orgulho em ser Delegada da Polícia Civil do Estado de Goiás 🤍,45,38,765
Adriana Accorsi,@Adriana_Accorsi,https://twitter.com/Adriana_Accorsi/status/1644005695023357954,2023-04-06T15:54:36.000Z,"Estive no Instituto Federal Goiano de Trindade ao lado dos companheiros ex-vice prefeito Arquivaldo Bites, do companheiro Arquivaldo Filho, e do presidente da regional do SINTEGO em Trindade, Alaôr Dorneles.",1,8,42
Adriana Accorsi,@Adriana_Accorsi,https://twitter.com/Adriana_Accorsi/status/1643995272949952513,2023-04-06T15:13:11.000Z,"Fiquei muito feliz em visitar a querida amiga Delegada Dra. Silvana Nunes e todos os colegas da Delegacia da Polícia Civil de Trindade, ao lado do companheiro Arquivaldo Filho.",2,18,140
Adriana Accorsi,@Adriana_Accorsi,https://twitter.com/Adriana_Accorsi/status/1643982117028909057,2023-04-06T14:20:55.000Z,"Em Trindade, participei da reunião com o Prefeito do município Marden Júnior, com a presença do Deputado Estadual Cristiano Galindo, ao lado dos companheiros Ex-Vereador do Município Arquivaldo Bites,  o companheiro Arquivaldo Filho,",1,10,67
Adriana Accorsi,@Adriana_Accorsi,https://twitter.com/Adriana_Accorsi/status/1643958354190954497,2023-04-06T12:46:29.000Z,"Comecei a manhã concedendo entrevista na Rádio Trindade FM 87,9, no Programa Fala Trindade com Dária Alves na companhia dos meus companheiros Arquivaldo Bites e Arquivaldo Bites Filho. Muito obrigada a todas e todos que acompanharam.",2,12,86
Adriana Accorsi,@Adriana_Accorsi,https://twitter.com/Adriana_Accorsi/status/1643706630792437760,2023-04-05T20:06:14.000Z,Precisamos agir imediatamente! Parabéns Presidente @LulaOficial,2,20,90
Adriana Accorsi,@Adriana_Accorsi,https://twitter.com/Adriana_Accorsi/status/1643684638408298496,2023-04-05T18:38:50.000Z,Não divulguem nome e foto do assassino. Não mencionem! Não publiquem o que ele diz. Não o tornem famoso! Não contribuam com o encorajamento e incentivo de mais massacres.,12,54,179
Adriana Accorsi,@Adriana_Accorsi,https://twitter.com/Adriana_Accorsi/status/1643673225275097088,2023-04-05T17:53:29.000Z,Eu vou lutar para por um fim nessa cultura de violência e morte.,23,71,339
Adriana Accorsi,@Adriana_Accorsi,https://twitter.com/Adriana_Accorsi/status/1643622894331654149,2023-04-05T14:33:29.000Z,🖤💔Via: Gilmar Cartunista das Cavernas,3,15,79
Adriana Accorsi,@Adriana_Accorsi,https://twitter.com/Adriana_Accorsi/status/1643609478527320067,2023-04-05T13:40:11.000Z,"Uma creche foi alvo de ataque nesta manhã em Blumenau, no Vale do Itajaí, em Santa Catarina. Quatro crianças foram mortas e uma está em estado grave. Mais uma triste tragédia causada pela violência tão estimulada pelo bolsonarismo. 
Toda minha solidariedade às famílias.",16,38,186
Adriana Accorsi,@Adriana_Accorsi,https://twitter.com/Adriana_Accorsi/status/1643380073779666950,2023-04-04T22:28:36.000Z,"Em Brasília estive com o companheiro Coordenador do Setorial de Segurança Pública do Partido dos Trabalhadores, Abdael Ambruster. Na oportunidade, falamos sobre as questões da Segurança Pública do nosso país e deixei o nosso mandato de Deputada Federal á disposição.",2,17,85
Adriana Accorsi,@Adriana_Accorsi,https://twitter.com/Adriana_Accorsi/status/1643375112102592518,2023-04-04T22:08:53.000Z,"Em Brasília, estive na reunião com as Guardas Civis da região do entorno do Distrito Federal articulada pela companheira, Ex-Vereadora de Cidade Ocidental Kedma Karen, na ocasião,+",2,19,88
Adriana Accorsi,@Adriana_Accorsi,https://twitter.com/Adriana_Accorsi/status/1643330668070334467,2023-04-04T19:12:17.000Z,"Ao lado do Presidente da FETAEG - Federação dos Trabalhadores Rurais Agricultores e Agriculturas Familiares do Estado Goiás, companheiro Elias D’Angelo e dos representantes de entidades da luta pela Reforma Agrária,",2,13,81
Adriana Accorsi,@Adriana_Accorsi,https://twitter.com/Adriana_Accorsi/status/1643328530757959681,2023-04-04T19:03:47.000Z,"“Acontece nos EUA, acontece no Brasil”. 🗣️🗣️Charge: @desenhosdonando",18,159,558
Adriana Accorsi,@Adriana_Accorsi,https://twitter.com/Adriana_Accorsi/status/1643326861458436096,2023-04-04T18:57:09.000Z,Uma chefe de família sabe a felicidade e a emoção que sente ao poder cuidar bem de suas crianças. A dignidade voltou!,1,11,40
Adriana Accorsi,@Adriana_Accorsi,https://twitter.com/Adriana_Accorsi/status/1643272791825711106,2023-04-04T15:22:18.000Z,"Além da Maria da Penha, fique por dentro de outras Leis que ajudam a garantir sua segurança e bem-estar. 
Segue o fio 🧵 👇🏼",2,39,90
Adriana Accorsi,@Adriana_Accorsi,https://twitter.com/Adriana_Accorsi/status/1643222459800330240,2023-04-04T12:02:18.000Z,"O presidente Lula sancionou nesta madrugada, o projeto que prevê o funcionamento 24 horas por dia, incluindo domingos e feriados, para as Delegacias da Mulher em todo o país",7,111,354
Adriana Accorsi,@Adriana_Accorsi,https://twitter.com/Adriana_Accorsi/status/1643022568188702721,2023-04-03T22:48:00.000Z,"🗣️Denúncias de trabalho escravo podem ser feitas, de forma remota e sigilosa, no Sistema Ipê, no seguinte endereço: https://ipe.sit.trabalho.gov.br/#!/.",3,62,132
Adriana Accorsi,@Adriana_Accorsi,https://twitter.com/Adriana_Accorsi/status/1642990172525699073,2023-04-03T20:39:17.000Z,O Diário do Norte repercutiu minha visita a Ceres e participação em uma série de agendas importantes no município. Veja a reportagem completa no link: https://jornaldiariodonorte.com.br/noticias/adriana-accorsi-visita-ceres-e-confirma-libera-o-de-recursos-03041711/…,1,12,56
Adriana Accorsi,@Adriana_Accorsi,https://twitter.com/Adriana_Accorsi/status/1642982650767110144,2023-04-03T20:09:23.000Z,"O governo Lula deve publicar, nos próximos dias, uma portaria que suspende a implementação do Novo Ensino Médio e as alterações no Enem 2024 para se ajustar ao modelo.  A suspensão terá efeito durante o prazo de consulta pública do MEC (Ministério da Educação) sobre o tema.",13,82,218
Adriana Accorsi,@Adriana_Accorsi,https://twitter.com/Adriana_Accorsi/status/1642960690594848788,2023-04-03T18:42:08.000Z,Nessa tarde estive na Federação dos Trabalhadores Rurais Agricultores e Agriculturas Familiares do Estado Goiás (FETAEG) em reunião com os queridos companheiros Elias D’Angelo e Eleandro Borges.,1,11,114
Adriana Accorsi,@Adriana_Accorsi,https://twitter.com/Adriana_Accorsi/status/1642894768903471106,2023-04-03T14:20:11.000Z,"Celebrei os meus 50 Anos ao lado de tantos amigos e amigas. Agradeço a cada um e a cada uma que participou dessa linda festa, cheia de alegria, sorrisos, abraços e carregada com o sentimento de esperança que trouxemos de volta para o nosso país elegendo o Presidente Lula. +",32,23,341
Adriana Accorsi,@Adriana_Accorsi,https://twitter.com/Adriana_Accorsi/status/1642871147803836417,2023-04-03T12:46:19.000Z,"O Governo Federal, através de seus ministérios, busca encontrar soluções modernas para garantir a soberania e saúde fiscal do Brasil. E é isso que o novo arcabouço fiscal representa. Entenda mais no vídeo",8,31,101
Adriana Accorsi,@Adriana_Accorsi,https://twitter.com/Adriana_Accorsi/status/1642571930753544196,2023-04-02T16:57:20.000Z,Exigimos investigação rigorosa! É muito grave!,5,47,180
Adriana Accorsi,@Adriana_Accorsi,https://twitter.com/Adriana_Accorsi/status/1642237113482506241,2023-04-01T18:46:53.000Z,Esse é um   momento muito especial para mim e só quero agradecer a todas e todos! ❤️⭐️ #cinquentei,256,91,1.677
Adriana Accorsi,@Adriana_Accorsi,https://twitter.com/Adriana_Accorsi/status/1642109920907599872,2023-04-01T10:21:28.000Z,Excelente 👍,0,10,27
