nome,usuario,idTweet,dataPublicacao,texto,replies,retweets,likes
Alceu Moreira,@Alceu_Moreira,https://twitter.com/Alceu_Moreira/status/1651571111958544385,2023-04-27T12:56:52.000Z,"Ao final da Sessão de ontem, também foi instalada oficialmente a CPI do MST. Está mais do que na hora de apurar quem são os responsáveis por trás da baderna, da desordem e da ilegalidade nas invasões de terra pelo país!",9,1,21
Alceu Moreira,@Alceu_Moreira,https://twitter.com/Alceu_Moreira/status/1651235738552344580,2023-04-26T14:44:13.000Z,"Se hoje o Brasil atingiu a condição de país agroambiental e serve de modelo para o mundo em exportação de alimentos e segurança alimentar, foi porque acreditou na inovação, na pesquisa e na @embrapa.

São 50 anos desta empresa e de um legado dedicado ao futuro dos brasileiros!",2,1,14
Alceu Moreira,@Alceu_Moreira,https://twitter.com/Alceu_Moreira/status/1650892963738689536,2023-04-25T16:02:09.000Z,"O PL das Fake News abre margem para precedentes perigosos, especialmente contra as liberdades individuais, tal como se vê em Cuba e Venezuela. Com o agravante de vivermos um ambiente político contaminado pela radicalização. Portanto, não há como aprovar um projeto desta natureza.",53,17,58
Alceu Moreira,@Alceu_Moreira,https://twitter.com/Alceu_Moreira/status/1648761028656652333,2023-04-19T18:50:36.000Z,Mais do que nunca se faz necessária a instalação da CPMI para investigar os atos de 8 de janeiro. O povo brasileiro tem esse direito e merece saber a verdade.,65,12,25
Alceu Moreira,@Alceu_Moreira,https://twitter.com/Alceu_Moreira/status/1648013022466547730,2023-04-17T17:18:17.000Z,"Vamos trabalhar por uma reforma tributária capaz de estimular a produção, o consumo e a geração de emprego e renda, sem qualquer aumento de carga tributária para a população e o setor produtivo.",6,2,7
Alceu Moreira,@Alceu_Moreira,https://twitter.com/Alceu_Moreira/status/1645504934824083469,2023-04-10T19:12:03.000Z,"100 dias de governo Lula  e o que lamentamos não é o que deixou de ser entregue, mas a falta de perspectiva e ações para o futuro.",4,1,10
Alceu Moreira,@Alceu_Moreira,https://twitter.com/Alceu_Moreira/status/1644383345369808912,2023-04-07T16:55:15.000Z,"Meus cumprimentos a todos os jornalistas pelo dia de hoje. A democracia só fica mais forte pela livre expressão, pelo dever da informação isenta e o compromisso com a verdade.",2,1,7
Alceu Moreira,@Alceu_Moreira,https://twitter.com/Alceu_Moreira/status/1643612842208243715,2023-04-05T13:53:33.000Z,"As notícias que chegam de Blumenau nos deixam sem chão. Dói no coração e na alma, como pai e avô, saber que vidas inocentes foram interrompidas a sangue frio. Isso poucos dias depois do atentado em SP. O que está havendo com a sociedade?",2,3,15
Alceu Moreira,@Alceu_Moreira,https://twitter.com/Alceu_Moreira/status/1643289272504524806,2023-04-04T16:27:48.000Z,O Novo Ensino Médio representa a travessia do mundo analógico para o digital; da escola como espaço de descoberta e vida; da ponte que o jovem precisa para o mercado de trabalho. Suspender sua implementação por mera vontade política levará a educação brasileira ao retrocesso.,0,2,7
Alceu Moreira,@Alceu_Moreira,https://twitter.com/Alceu_Moreira/status/1642183348855492608,2023-04-01T15:13:15.000Z,Torcemos para que tivéssemos um arcabouço fiscal capaz de substituir o teto de gastos e gerar pela austeridade a redução de gastos e estímulo à produção e consumo.,1,1,6
Alceu Moreira,@Alceu_Moreira,https://twitter.com/Alceu_Moreira/status/1642178881326133248,2023-04-01T14:55:30.000Z,"42 anos do nosso Centro Universitário Cenecista de Osório, uma instituição que pensa a educação do futuro e que estabeleceu a cidade como referência acadêmica no Litoral, ajudando a promover a igualdade de oportunidades. Parabéns aos funcionários e alunos!",0,1,6
