nome,usuario,idTweet,dataPublicacao,texto,replies,retweets,likes
Dep. Alencar Santana,@AlencarBraga13,https://twitter.com/AlencarBraga13/status/1652441914489073668,2023-04-29T22:37:07.000Z,"A luta por um mundo mais justo, igualitário e fraterno é de todos nós. Mulheres na política hoje e sempre! ✊🏾",13,7,38
Dep. Alencar Santana,@AlencarBraga13,https://twitter.com/AlencarBraga13/status/1652378128474419205,2023-04-29T18:23:40.000Z,"No Armazém do Campo, em São Paulo, lugar que reúne a produção orgânica do MST, que mais uma vez está sendo perseguido pela direita que assaltou, devastou e tocou o terror no Brasil nos últimos 6 anos.",57,207,560
Dep. Alencar Santana,@AlencarBraga13,https://twitter.com/AlencarBraga13/status/1652329139238764544,2023-04-29T15:09:00.000Z,O projeto que queremos aprovar na próxima semana na Câmara protege você de roubos e golpes na Internet. Apoie e espalhe essa ideia! PL 2630 já!,1.604,451,536
Dep. Alencar Santana,@AlencarBraga13,https://twitter.com/AlencarBraga13/status/1652324357971251201,2023-04-29T14:50:00.000Z,Baixou de novo! A Petrobras voltou a de orientar pela economia do Brasil e não pelo bolso dos acionistas. Quase 10% a menos o preço do diesel!#FazOL,13,19,34
Dep. Alencar Santana,@AlencarBraga13,https://twitter.com/AlencarBraga13/status/1652320698931507201,2023-04-29T14:35:27.000Z,"Plenária sobre a retomada das políticas públicas para as mulheres com o governo @LulaOficial ✊🏽Presentes as companheiras @julianapt @FeCurti13 e muito mais mulheres que lutam todos os dias por respeito, direitos e dignidade!",4,5,16
Dep. Alencar Santana,@AlencarBraga13,https://twitter.com/AlencarBraga13/status/1652310688830717955,2023-04-29T13:55:41.000Z,Os atentados às escolas deixaram muitas vítimas e um rastro de sangue e lágrimas. E esses ataques foram organizados por grupos que defendem liberdade absoluta para espalhar ódio e mentiras. Não podemos aceitar isso! PL 2630 já!,38,24,61
Dep. Alencar Santana,@AlencarBraga13,https://twitter.com/AlencarBraga13/status/1652301035723976704,2023-04-29T13:17:19.000Z,"Acabou a mamata da Petrobras controlada por mafiosos e orientada para enriquecer ainda mais um punhado de acionistas que nunca pisaram no Brasil (junto com outros ligados às milícias bolsonarista).

Redução do diesel em quase 10% de uma tacada só! Caminhoneiro, você foi enganado!",9,40,87
Dep. Alencar Santana,@AlencarBraga13,https://twitter.com/AlencarBraga13/status/1652281577567838210,2023-04-29T12:00:00.000Z,"O Programa Mais Médicos tem 99% de adesão dos municípios. Com o governo @LulaOficial, a saúde no Brasil voltou. Faz o L!#Lula #GovernoLula #MaisMédicos #saúde #fazoL #OBrasilVoltou",8,39,86
Dep. Alencar Santana,@AlencarBraga13,https://twitter.com/AlencarBraga13/status/1652247037277093888,2023-04-29T09:42:45.000Z,Essa é a foto mais curtida do meu Instagram. Quanta honra ser parte do time do presidente @LulaOficial e ainda ser vice-líder do Governo na Câmara. Faz o L aí!,28,62,419
Dep. Alencar Santana,@AlencarBraga13,https://twitter.com/AlencarBraga13/status/1652127759932575746,2023-04-29T01:48:47.000Z,"Hoje também foi dia de conversar com o membro do Diretório Municipal do @ptguarulhos, o grande companheiro JB!",2,11,51
Dep. Alencar Santana,@AlencarBraga13,https://twitter.com/AlencarBraga13/status/1652088761461645314,2023-04-28T23:13:49.000Z,"Hoje tive uma reunião com o vereador @AlessandroGuede, deputado estadual @13Romulo13 e uma comissão de moradores do Jd. Roseira, em Guaianases. Fomos até a Secretaria Estadual de Habitação conversar com o Secretário, Eli Corrêa, para resolver as questões de moradia do bairro.",3,7,39
Dep. Alencar Santana,@AlencarBraga13,https://twitter.com/AlencarBraga13/status/1652066637837737986,2023-04-28T21:45:55.000Z,AO VIVO| Audiência Pública Minha Casa Minha Vida,2,13,37
Dep. Alencar Santana,@AlencarBraga13,https://twitter.com/AlencarBraga13/status/1652030631570702337,2023-04-28T19:22:50.000Z,Uma comparação simples: a economia com o 🤡 x a economia com o @LulaOficial ✊🏽 #OBrasilVoltou,5,16,29
Dep. Alencar Santana,@AlencarBraga13,https://twitter.com/AlencarBraga13/status/1652009768964308993,2023-04-28T17:59:56.000Z,"No Dia Internacional da Educação, professoras e professores da rede municipal de Guarulhos continuam em greve e reivindicam o pagamento do piso nacional da carreira. Prefeito @guti_oficial, ouça os educadores e pague o piso!",5,11,29
Dep. Alencar Santana,@AlencarBraga13,https://twitter.com/AlencarBraga13/status/1651987847832907779,2023-04-28T16:32:50.000Z,"Reunião com a Secretária de Mulheres do PT Paulista e vereadora em Guarulhos, @FeCurti13. Discutimos projetos para 2023 e 2024!",2,12,50
Dep. Alencar Santana,@AlencarBraga13,https://twitter.com/AlencarBraga13/status/1651975622107824128,2023-04-28T15:44:15.000Z,"""Quando a educação não é libertadora, o sonho do oprimido é ser opressor"" - Paulo Freire

Que a nossa educação seja sempre libertadora, pública e de qualidade!

28 de abril, Dia da Educação.#diadaeducação",2,13,27
Dep. Alencar Santana,@AlencarBraga13,https://twitter.com/AlencarBraga13/status/1651889317713723393,2023-04-28T10:01:18.000Z,"Ministério Público cobra R$ 30 milhões de Bolsonaro em ação por violações de direitos das crianças

Ex-presidente provocou danos morais ao falar que “pintou um clima” com meninas e ao usar imagens de menores sem autorização, diz promotora#BolsonaroNaCadeia",7,40,98
Dep. Alencar Santana,@AlencarBraga13,https://twitter.com/AlencarBraga13/status/1651755331695828994,2023-04-28T01:08:53.000Z,"R$ 97 BILHÕES de investimentos em apenas 13 dias e visitas a 4 países!

Foi pra isso que nós votamos no @LulaOficial ✊🏽✊🏽#FazoL",1,25,49
Dep. Alencar Santana,@AlencarBraga13,https://twitter.com/AlencarBraga13/status/1651685146062385173,2023-04-27T20:30:00.000Z,Pouco mais de 100 dias de governo @LulaOficial e temos vários sinais robustos de melhora da economia após o desastre bolsoguedes. Só falta o Roberto Campos Neto ter dignidade e pedir demissão do Banco Central pra parar de sabotar o país.#ForaCamposNeto,11,79,149
Dep. Alencar Santana,@AlencarBraga13,https://twitter.com/AlencarBraga13/status/1651599864155758593,2023-04-27T14:51:07.000Z,"Todo dia um ministro do governo @LulaOficial desmascara o teatro de horrores que a extrema-direita não tem pudor de encenar no Congresso Nacional. Todo dia um papelão dos bolsonaristas, que não cansam de passar vergonha. Parabéns, @silviolual 👏🏾👏🏾👏🏾",94,140,485
Dep. Alencar Santana,@AlencarBraga13,https://twitter.com/AlencarBraga13/status/1651595733655592961,2023-04-27T14:34:42.000Z,"Surreal. Não apenas o dono - @elonmusk - endossou a mentira de um notório propagador de ódio e mentiras, mas seus funcionários se reuniram com a oposição ao governo, entrando nos assuntos políticos internos do Brasil?! Acho que é hora de sair dessa rede aliada da extrema-direita.",0,24,45
Dep. Alencar Santana,@AlencarBraga13,https://twitter.com/AlencarBraga13/status/1651576689741242368,2023-04-27T13:19:02.000Z,Falas de Roberto Campos Neto agora no Senado confirmam que ele é o Sabotador-Geral da República e esse papel nefasto a serviço da extrema-direita equivale ao crime de traição. Sua demissão é necessária e urgente para que a economia do Brasil possa deslanchar.#ForaRCN,28,139,330
Dep. Alencar Santana,@AlencarBraga13,https://twitter.com/AlencarBraga13/status/1651555567545069571,2023-04-27T11:55:06.000Z,"Depois de muita luta e debate, a Frente Parlamentar Mista foi instalada. Sempre apoiei a reestatização da Eletrobras e esse é mais um importante passo para que a empresa volte para o povo brasileiro.

Parabéns, @ColetivoCNE, a Eletrobras é nossa!#ReestatizaEletrobrasJá",40,119,263
Dep. Alencar Santana,@AlencarBraga13,https://twitter.com/AlencarBraga13/status/1651383450807533568,2023-04-27T00:31:10.000Z,"Cadê o prefeito @guti_oficial? Mais um dia de greve dos educadores da rede municipal de Guarulhos. A manifestação desta quarta-feira (26) foi na Câmara de Vereadores. A reivindicação, que é justa, exige o pagamento do piso dos professores para todos, sem exceções!",3,22,43
Dep. Alencar Santana,@AlencarBraga13,https://twitter.com/AlencarBraga13/status/1651370527443808257,2023-04-26T23:39:49.000Z,"Um fio curtinho pra vocês entenderem o tamanho da bizarrice da mentira inventada pela @CNNBrasil 

1. O PIB da Ucrânia em 2021 (antes da guerra) foi 200 bilhões de dólares. /
+",13,118,344
Dep. Alencar Santana,@AlencarBraga13,https://twitter.com/AlencarBraga13/status/1651343741918097410,2023-04-26T21:53:23.000Z,Votamos ontem a urgência do PL das #FakeNews e menos de 24h depois tivemos a @CNNBrasil inventando história sem pé nem cabeça sobre a ucraniana Antonov. A farsa foi espalhada por um deputado campeão de mentiras e ainda contou com participação vergonhosa do governador @tarcisiogdf,10,107,252
Dep. Alencar Santana,@AlencarBraga13,https://twitter.com/AlencarBraga13/status/1651330617852698625,2023-04-26T21:01:14.000Z,"CPMI dos atos terroristas de 8 de janeiro foi criada. Como diriam os antigos, vai voar banda de golpista pra todo lado. E vai faltar algema.#BolsonaroNaCadeia",6,12,49
Dep. Alencar Santana,@AlencarBraga13,https://twitter.com/AlencarBraga13/status/1651323131921936384,2023-04-26T20:31:29.000Z,🔴🔴🔴🔴🔴🔴GSI anuncia demissão de 29 integrantes do ministério,24,27,82
Dep. Alencar Santana,@AlencarBraga13,https://twitter.com/AlencarBraga13/status/1651317227818188800,2023-04-26T20:08:01.000Z,Faz o L! Vitória para os trabalhadores e trabalhadoras da enfermagem! O projeto que garante recursos para o pagamento do piso salarial da enfermagem foi aprovado. ✊🏽#pisodaenfermagem,7,33,102
Dep. Alencar Santana,@AlencarBraga13,https://twitter.com/AlencarBraga13/status/1651304520318582840,2023-04-26T19:17:32.000Z,"⚖️⚖️⚖️O ministro @FlavioDino acaba de anunciar: Telegram multado e suspenso no Brasil por decisão judicial, após empresa se negar a passar informações sobre grupos neonazistas relacionados aos ataques às escolas.",32,114,320
Dep. Alencar Santana,@AlencarBraga13,https://twitter.com/AlencarBraga13/status/1651293032598183936,2023-04-26T18:31:53.000Z,A nossa presidenta do @ptbrasil @gleisi falou umas verdades para o 🍌 que quase faz ele chorar no plenário.#BolsonaroNaCadeia,245,250,743
Dep. Alencar Santana,@AlencarBraga13,https://twitter.com/AlencarBraga13/status/1651287866457063437,2023-04-26T18:11:21.000Z,"O Brasil está de volta ao cenário internacional! 
O presidente @LulaOficial e o premiê @sanchezcastejon retomaram os laços entre Brasil e Espanha e firmaram 3 acordos envolvendo Educação, Trabalho e Ciência e Tecnologia.
Faz o L!#LulaNaEuropa",4,15,56
Dep. Alencar Santana,@AlencarBraga13,https://twitter.com/AlencarBraga13/status/1651235552094461955,2023-04-26T14:43:28.000Z,"Pode ter sido sem querer, sem pensar e até sem imaginar as consequências, mas foi crime de qualquer jeito o que o Capitão do Golpe cometeu!#BolsonaroNaCadeia",2,8,23
Dep. Alencar Santana,@AlencarBraga13,https://twitter.com/AlencarBraga13/status/1651224612209061888,2023-04-26T14:00:00.000Z,Bolsonaro construiu o golpe com anos de fake news e teorias da conspiração e agora vai ter que   pagar! #BolsonaroNaCadeia #CapitãoDoGolpe,2,3,10
Dep. Alencar Santana,@AlencarBraga13,https://twitter.com/AlencarBraga13/status/1651222094481592321,2023-04-26T13:50:00.000Z,A mentira acabou! Adeus fake News! Agora é na cadeia! #BolsonaroNaCadeia   #CapitãoDoGolpe,3,10,24
Dep. Alencar Santana,@AlencarBraga13,https://twitter.com/AlencarBraga13/status/1651219807071531008,2023-04-26T13:40:54.000Z,"Superou o @meiahora 

""Bolsonaro treina com advogados para depor na PF e decide ficar em silêncio sobre atos golpistas""",2,3,5
Dep. Alencar Santana,@AlencarBraga13,https://twitter.com/AlencarBraga13/status/1651219652414930946,2023-04-26T13:40:17.000Z,"Parabéns à @embrapa, que enche o nosso Brasil de orgulho. São 50 anos desenvolvendo pesquisas, impulsionando a agricultura e ajudando a alimentar o povo brasileiro. #embrapa50anos",1,5,15
Dep. Alencar Santana,@AlencarBraga13,https://twitter.com/AlencarBraga13/status/1651217063241711616,2023-04-26T13:30:00.000Z,"A máscara caiu e o capitão do povo na verdade é o #CapitãoDoGolpe 
Cadeia nele!   #BolsonaroNaCadeia",1,6,8
Dep. Alencar Santana,@AlencarBraga13,https://twitter.com/AlencarBraga13/status/1651213286627594243,2023-04-26T13:15:00.000Z,Bolsonaro é o pai do 8 de janeiro. Cadeia nele! #BolsonaroNaCadeia #CapitãoDoGolpe,8,27,78
Dep. Alencar Santana,@AlencarBraga13,https://twitter.com/AlencarBraga13/status/1651209518565523459,2023-04-26T13:00:01.000Z,Presidente que afronta a democracia tem que pagar pelos seus crimes #CapitãoDoGolpe,6,30,58
Dep. Alencar Santana,@AlencarBraga13,https://twitter.com/AlencarBraga13/status/1651204478492884995,2023-04-26T12:40:00.000Z,"Tentou dar o golpe e não conseguiu, agora vai pagar pelos crimes na prisão.  #BolsonaroNaCadeia #CapitãoDoGolpe",6,36,67
Dep. Alencar Santana,@AlencarBraga13,https://twitter.com/AlencarBraga13/status/1651199273835397123,2023-04-26T12:19:19.000Z,"Bolsonaro plantou o Golpe e colheu os ataques de 8 de janeiro. Espalhou mentiras sobre as eleições, conspirou contra o STF, não admitiu o resultado democrático e instalou o ódio entre os brasileiros. Quem confabula o golpe é tão culpado quanto quem tenta colocá-lo em prática. +",195,353,809
Dep. Alencar Santana,@AlencarBraga13,https://twitter.com/AlencarBraga13/status/1651194426117484544,2023-04-26T12:00:03.000Z,"""Lula, eu me formei graças a você. Obrigada!"", Loisa Beatris, mestre em Produção Cultura graças às políticas para educação do governo @LulaOficial. #OBrasilVoltou",3,59,164
Dep. Alencar Santana,@AlencarBraga13,https://twitter.com/AlencarBraga13/status/1651008695185096708,2023-04-25T23:42:01.000Z,"Mais uma vitória do governo @LulaOficial: a Comissão Mista de Orçamento aprova o piso da enfermagem! Que possamos amanhã, de maneira breve, votar o PL no Congresso Nacional. #OBrasilVoltou #fazoL",4,40,84
Dep. Alencar Santana,@AlencarBraga13,https://twitter.com/AlencarBraga13/status/1650987613325500416,2023-04-25T22:18:15.000Z,"25 de abril, Dia Nacional do Despachante Aduaneiro. Parabéns aos trabalhadores que atuam nessa profissão tão importante para o comércio exterior brasileiro!",1,2,9
Dep. Alencar Santana,@AlencarBraga13,https://twitter.com/AlencarBraga13/status/1650967797852151809,2023-04-25T20:59:31.000Z,Um ministro do governo Bolsonaro investigado pela tentativa de roubo de joias. Só que ele não agiu por conta própria. Sabemos quem deu a ordem...,15,56,123
Dep. Alencar Santana,@AlencarBraga13,https://twitter.com/AlencarBraga13/status/1650953696895725574,2023-04-25T20:03:29.000Z,"Só é contra o PL das #FakeNews quem quer continuar espalhando ódio, mentiras e violência. Nem a onda de ataque às escolas faz essa gente desistir de trabalhar com o ódio. Aliás, mentem ao dizer que o projeto vai promover censura.",7,27,91
Dep. Alencar Santana,@AlencarBraga13,https://twitter.com/AlencarBraga13/status/1650953646408974336,2023-04-25T20:03:17.000Z,"25 de abril, Dia Nacional do Despachante Aduaneiro. Parabéns aos trabalhadores que atuam nessa profissão tão importante para o comércio exterior brasileiro!",1,2,16
Dep. Alencar Santana,@AlencarBraga13,https://twitter.com/AlencarBraga13/status/1650927491878363169,2023-04-25T18:19:21.000Z,Comissão Mista de Orçamento (com deputados e senadores) debatendo as prioridades orçamentárias para o Brasil do novo tempo. Vamos acabar com as mamatas dos mais abastados e avançar na elaboração de um orçamento que garanta desenvolvimento com inclusão social.#oBrasilVoltou,3,14,43
Dep. Alencar Santana,@AlencarBraga13,https://twitter.com/AlencarBraga13/status/1650908294691667979,2023-04-25T17:03:04.000Z,"Oficiais traidores do Brasil, que cantam o hino nacional e juram defender a Pátria, mas participaram de uma conspiração. Flávio Dino mandou avisar: Irão responder perante o poder Judiciário!
Via @ICLNoticias",10,67,167
Dep. Alencar Santana,@AlencarBraga13,https://twitter.com/AlencarBraga13/status/1650889267881598979,2023-04-25T15:47:28.000Z,"Visita ilustre hoje no gabinete em Brasília. Deputada @marcialiapt13 e Meire Silva, sua chefa de gabinete na ALESP. Conversando sobre pautas de interesse do povo de São Paulo.#oBrasilVoltou #UniãoEReconstrução",2,4,12
Dep. Alencar Santana,@AlencarBraga13,https://twitter.com/AlencarBraga13/status/1650884753417969665,2023-04-25T15:29:31.000Z,"Obrigado, @PedroRonchi2, conto com você nesse debate e nessa luta! ✊🏽",2,1,6
Dep. Alencar Santana,@AlencarBraga13,https://twitter.com/AlencarBraga13/status/1650850096416686083,2023-04-25T13:11:48.000Z,"Dia histórico para Portugal e valioso para o mundo: a Revolução dos Cravos derrotou o fascismo e recuperou a democracia para o nosso país irmão. Sigamos atentos porque os fascistas estão na ativa, lá e cá. ✊🏽🌹#RevoluçãoDosCravos",11,20,55
Dep. Alencar Santana,@AlencarBraga13,https://twitter.com/AlencarBraga13/status/1650843422817677313,2023-04-25T12:45:17.000Z,Prefeito @guti_oficial desperdiçou mais de R$ 11 milhões de reais em aplicativo de agendamento de consulta que NÃO FUNCIONA! É um verdadeiro descaso com o guarulhense.,2,14,29
Dep. Alencar Santana,@AlencarBraga13,https://twitter.com/AlencarBraga13/status/1650645471231188993,2023-04-24T23:38:42.000Z,Dia de festa e homenagem ao talento e ao novo tempo que o Brasil vive. Parabéns ao nosso grande Chico Buarque pela genialidade e pelo reconhecimento merecido. E parabéns ao presidente @LulaOficial por nos representar tão bem no mundo! ✊🏽✊🏽👏🏽👏🏽#oBrasilVoltou,10,33,99
Dep. Alencar Santana,@AlencarBraga13,https://twitter.com/AlencarBraga13/status/1650640763997364225,2023-04-24T23:20:00.000Z,Coteminas e Shein anunciam parceria para a produção no Brasil e a meta é gerar pelo menos 100 mil empregos! Faz o L! #OBrasilVoltou,17,20,53
Dep. Alencar Santana,@AlencarBraga13,https://twitter.com/AlencarBraga13/status/1650624276058259466,2023-04-24T22:14:29.000Z,"No Centro de Tratamento de Encomendas Guarulhos com o ministro das Comunicações, @DepJuscelino, e o presidente dos @correiosBR, Fabiano Silva. Em 2023 e 2024 será investido R$ 212 milhões no CTE. O governo @lulaoficial barrou a privatização da empresa que serve o povo há anos.",6,15,50
Dep. Alencar Santana,@AlencarBraga13,https://twitter.com/AlencarBraga13/status/1650587510689390594,2023-04-24T19:48:23.000Z,108 anos do genocídio armênio. O mundo precisa saber e reconhecer. E é preciso também reparar esse crime atroz contra a humanidade e contra o povo da Armênia.#GenocidioArmenio,1,9,29
Dep. Alencar Santana,@AlencarBraga13,https://twitter.com/AlencarBraga13/status/1650580890748067841,2023-04-24T19:22:05.000Z,"Como bem disse o @LulaOficial na entrega do prêmio Camões, Chico Buarque representa a cultura viva do Brasil. Que orgulho termos um artista como esse em nosso país e ainda mais sempre do lado certo da história!",13,55,179
Dep. Alencar Santana,@AlencarBraga13,https://twitter.com/AlencarBraga13/status/1650574912661119001,2023-04-24T18:58:20.000Z,"1. Obsessão patológica com o MST
2. Ignorância com símbolos básicos
3. Acreditam que a CPI vai ser boa pra eles...

Vocês avisam ou eu aviso?",7,16,58
Dep. Alencar Santana,@AlencarBraga13,https://twitter.com/AlencarBraga13/status/1650531714618499078,2023-04-24T16:06:40.000Z,AO VIVO| Viagem a Portugal: Lula participa da entrega do Prêmio Camões a Chico Buarque,2,34,100
Dep. Alencar Santana,@AlencarBraga13,https://twitter.com/AlencarBraga13/status/1650518264328380416,2023-04-24T15:13:14.000Z,"24 de abril,  Dia Nacional da Língua Brasileira de Sinais. A data marca o dia quem a Libras foi oficialmenete reconhecida e regulamentada por lei.
Se comunicar é um ato de resistência! ✊🏽",2,7,18
Dep. Alencar Santana,@AlencarBraga13,https://twitter.com/AlencarBraga13/status/1650518057905795074,2023-04-24T15:12:24.000Z,"Mas já?! A valentia da extrema-direita só existe na internet.

""Atos golpistas: bolsonaristas começam a recuar na defesa de uma CPMI""",16,38,131
Dep. Alencar Santana,@AlencarBraga13,https://twitter.com/AlencarBraga13/status/1650511475809697795,2023-04-24T14:46:15.000Z,"O governo @LulaOficial segue reconstruindo o Brasil e as nossas empresas públicas, que são referência para o mundo em qualidade e eficiência nos serviços que prestam. É o caso dos @correiosBR, que hoje inauguram centro de distribuição e Guarulhos.#oBrasilVoltou #Correios",3,13,27
Dep. Alencar Santana,@AlencarBraga13,https://twitter.com/AlencarBraga13/status/1650496512877576192,2023-04-24T13:46:48.000Z,"⚡⚡⚡Em Portugal, Lula volta a criticar privatização da Eletrobras 

O que aconteceu com a Eletrobras não vai se repetir no governo @LulaOficial e vamos seguir lutando pra reverter essa privatização criminosa e punir os responsáveis por esse golpe!#ReestatizaEletrobrasJá",39,132,194
Dep. Alencar Santana,@AlencarBraga13,https://twitter.com/AlencarBraga13/status/1650472086891028483,2023-04-24T12:09:44.000Z,Que orgulho! Hoje é dia do Prêmio Camões em Portugal. O prêmio é o mais importante da literatura em língua portuguesa e será assinado pelos presidentes do Brasil e de Portugal para ser finalmente concedido a um dos maiores artistas brasileiros: Chico Buarque.#PremioCamões,6,30,64
Dep. Alencar Santana,@AlencarBraga13,https://twitter.com/AlencarBraga13/status/1650295114189746177,2023-04-24T00:26:30.000Z,"O Painel da Folha traz matéria sobre projeto de lei que espero apresentar esta semana, a respeito da taxação de armas de fogo. A violência causada por armas de fogo tem aumentado bastante e precisamos debater ações para frear essa escalada.",25,53,292
Dep. Alencar Santana,@AlencarBraga13,https://twitter.com/AlencarBraga13/status/1650280188595302401,2023-04-23T23:27:12.000Z,"Grupos de zap bolsonaristas:📲 31 de outubro até 8 de janeiro:
VAMOS QUEBRAR TUDO!📲 9 de janeiro em diante:
A CULPA É DO LULA E DO PT!

A CPI vai deixar muita gente sem dormir.",36,74,355
Dep. Alencar Santana,@AlencarBraga13,https://twitter.com/AlencarBraga13/status/1650258246966341634,2023-04-23T22:00:01.000Z,"Com o governo @LulaOficial, a educação voltou a ser valorizada e o ensino superior de qualidade para toda a população é uma das prioridades do @min_educacao. 👩🏿‍🎓🧑🏽‍🎓📚 #OBrasilVoltou",2,12,23
Dep. Alencar Santana,@AlencarBraga13,https://twitter.com/AlencarBraga13/status/1650228045075165186,2023-04-23T20:00:00.000Z,É a hora do reencontro do Brasil com a participação popular! Com o presidente @LulaOficial a democracia voltou e o povo poderá contribuir com a reconstrucão do país. ✊🏽 #OBrasilVoltou,17,36,112
Dep. Alencar Santana,@AlencarBraga13,https://twitter.com/AlencarBraga13/status/1650205293706346500,2023-04-23T18:29:36.000Z,Apoio à greve dos professores de Guarulhos que estão apenas reivindicando o que é justo e legítimo: melhores condições de trabalho! ✊🏽,6,22,82
Dep. Alencar Santana,@AlencarBraga13,https://twitter.com/AlencarBraga13/status/1650197845658726400,2023-04-23T18:00:00.000Z,Medalha de ouro para o Bolsa Atleta 2023: 7.868 atletas contemplados no programa que fomenta o esporte de alto desempenho no Brasil! O @MinisteriodoEsp voltou em grande estilo! #OBrasilVoltou,2,5,19
Dep. Alencar Santana,@AlencarBraga13,https://twitter.com/AlencarBraga13/status/1650151203697827842,2023-04-23T14:54:39.000Z,"Bolsonaristas que invadiram o Palácio do Planalto no 8 de janeiro foram filmados tentando roubar um caixa eletrônico. Não salva um! Ladrões de joias, ladrões de banco! Essa CPI vai ser divertida.",758,709,2.127
Dep. Alencar Santana,@AlencarBraga13,https://twitter.com/AlencarBraga13/status/1650131047361789953,2023-04-23T13:34:34.000Z,"A extrema-direita pediu CPI pra defender esse tipo de gente. De quem apoia ladrão de joias não dá pra esperar algo diferente.

""Denunciado por 8/1, ex-PM do Paraná acumula 8 condenações por assaltos""",22,62,123
Dep. Alencar Santana,@AlencarBraga13,https://twitter.com/AlencarBraga13/status/1650127044833947651,2023-04-23T13:18:40.000Z,"Depois de seis anos, o Brasil volta a dialogar com Portugal para avançar na cooperação internacional em várias áreas. Foi também pra conversar e fazer parcerias com o mundo que elegemos @LulaOficial presidente, o maior estadista da nossa história!#oBrasilVoltou",9,31,86
Dep. Alencar Santana,@AlencarBraga13,https://twitter.com/AlencarBraga13/status/1649960272570851328,2023-04-23T02:15:58.000Z,"Qual o critério jornalístico que explica transformarem em notícia a compra de uma gravata paga com cartão pessoal?

Deve estar no manual algo assim: ""Alimente todo dia o preconceito contra o peão de fábrica que se tornou presidente. Esse péssimo exemplo não pode se repetir"".",61,181,663
Dep. Alencar Santana,@AlencarBraga13,https://twitter.com/AlencarBraga13/status/1649878296815960065,2023-04-22T20:50:13.000Z,"O direito à moradia é fundamental e milhares de famílias estão ameaçadas de despejo pelo governador @tarcisiogdf em Guaianases, zona leste de São Paulo. Há mais de 10 anos a comunidade cobra a regularização da área. Eu e o vereador @AlessandroGuede estamos juntos nessa luta! ✊🏽✊🏽",3,29,79
Dep. Alencar Santana,@AlencarBraga13,https://twitter.com/AlencarBraga13/status/1649857347253161988,2023-04-22T19:26:59.000Z,"Mais uma semana de muito trabalho, luta e reconstruindo o país ao lado do presidente @LulaOficial!
Vamos juntos! ✊🏽",22,28,105
Dep. Alencar Santana,@AlencarBraga13,https://twitter.com/AlencarBraga13/status/1649805266416996353,2023-04-22T16:00:02.000Z,"Durante fórum sobre energia e clima, o presidente @LulaOficial voltou a afirmar que a meta do Brasil é o desmatamento zero. O país agora tem compromisso com o meio ambiente!#Uniãoereconstrução",3,13,34
Dep. Alencar Santana,@AlencarBraga13,https://twitter.com/AlencarBraga13/status/1649780626545885184,2023-04-22T14:22:07.000Z,"Moradia é direito constitucional de cada pessoa e é OBRIGAÇÃO dos governos garantirem isso. Estou com o vereador @AlessandroGuede no Jardim Roseira, Guaianases, zona leste de São Paulo, onde a população vive há mais de 10 anos e agora está ameaçada de despejo pelo @tarcisiogdf",5,6,23
Dep. Alencar Santana,@AlencarBraga13,https://twitter.com/AlencarBraga13/status/1649775071681187843,2023-04-22T14:00:03.000Z,"#OBrasilVoltou a respeitar e a ser respeitado. Voltou a dialogar e fechar acordos comerciais. Voltou a mostrar para o mundo que é possível governar para todos, com união e reconstrução.",3,18,42
Dep. Alencar Santana,@AlencarBraga13,https://twitter.com/AlencarBraga13/status/1649744869685071881,2023-04-22T12:00:02.000Z,"22 de abril, dia da Terra. 
Hoje é dia de promover a consciência ambiental e o desenvolvimento sustentável. Proteger e cuidar do nosso planeta é trabalho de todos.#diadaterra",4,4,16
Dep. Alencar Santana,@AlencarBraga13,https://twitter.com/AlencarBraga13/status/1649555410473320451,2023-04-21T23:27:11.000Z,"Baita discurso do @lindberghfarias na quarta-feira (19) avisando os bolsonaristas do óbvio: a CPI dos Atos Terroristas vai chegar ao mandante: Jair Messias Bolsonaro. Vale cada segundo!
+ (cont.)",336,384,1.263
Dep. Alencar Santana,@AlencarBraga13,https://twitter.com/AlencarBraga13/status/1649516136583634951,2023-04-21T20:51:08.000Z,"Pediram CPI. Dissemos com todas as letras: QUEREMOS GOVERNAR e reconstruir o país.

Insistiram. Invadiram reunião no Senado. O embaichapeiro ameaçou agredir @deputadomarcon (mas na hora H não teve coragem de levantar um dedo), tentaram se fazer de vítimas...

Ok. Agora não fujam!",27,132,402
Dep. Alencar Santana,@AlencarBraga13,https://twitter.com/AlencarBraga13/status/1649509505623883778,2023-04-21T20:24:47.000Z,"Conversa muito boa com a professora Nery Travassos, da rede municipal de Guarulhos. A do nosso projeto desde a primeira candidatura a vereador, em 2004. A educação brasileira precisa de gente como ela! 👏🏽👏🏽#oBrasilVoltou",2,5,15
Dep. Alencar Santana,@AlencarBraga13,https://twitter.com/AlencarBraga13/status/1649473069654876160,2023-04-21T18:00:00.000Z,"A educação pública voltou! @LulaOficial anunciou o repasse de R$ 2,44 bilhões às instituições de ensino. A recomposição vai reverter a curva descendente do orçamento das universidades e institutos federais dos últimos anos. Faz o L! #OBrasilVoltou",5,14,30
Dep. Alencar Santana,@AlencarBraga13,https://twitter.com/AlencarBraga13/status/1649427777010151424,2023-04-21T15:00:01.000Z,"Nos últimos anos, a educação no Brasil foi defasada pela incompetência. Com o presidente @LulaOficial, a semente da educação vai florescer para todos!",5,22,60
Dep. Alencar Santana,@AlencarBraga13,https://twitter.com/AlencarBraga13/status/1649382474408161280,2023-04-21T12:00:00.000Z,"Brasília tem um dos céus mais lindos do Brasil, é uma cidade repleta de histórias e palco de lutas pela democracia. Hoje, Brasília também é minha segunda casa!",16,35,136
Dep. Alencar Santana,@AlencarBraga13,https://twitter.com/AlencarBraga13/status/1649381650562703361,2023-04-21T11:56:44.000Z,🇵🇹🇵🇹🇧🇷🇧🇷@LulaOficial e @JanjaLula já desembarcaram em Portugal. É o Brasil de volta ao mundo!#oBrasilVoltou,89,52,288
Dep. Alencar Santana,@AlencarBraga13,https://twitter.com/AlencarBraga13/status/1649243412741095424,2023-04-21T02:47:25.000Z,"Quando a imprensa brasileira vai fazer autocrítica por ter transformado essa máfia da #LavaJato em bastião da moralidade?! Essa turma não tem o mínimo respeito à ética, aos princípios elementares do Direito e tampouco à democracia. Que página vergonhosa do jornalismo!",7,43,113
Dep. Alencar Santana,@AlencarBraga13,https://twitter.com/AlencarBraga13/status/1649204385946140673,2023-04-21T00:12:21.000Z,"Em reunião com Prefeitos da Macroregião do Alto Tietê no último sábado (15/4), enfatizei a importância da presença do ministro @padilhando que está percorrendo o país retomando o diálogo entre os governos federais, estaduais e municipais."" #OBrasilVoltou",3,10,34
Dep. Alencar Santana,@AlencarBraga13,https://twitter.com/AlencarBraga13/status/1649164506247966720,2023-04-20T21:33:52.000Z,"Governo @LulaOficial expande atendimento médico em Guarulhos, o Ministério da Saúde destinou 34 vagas do Programa Mais Médicos para o município. Faz o L! #OBrasilVoltou",4,16,43
Dep. Alencar Santana,@AlencarBraga13,https://twitter.com/AlencarBraga13/status/1649131210084417537,2023-04-20T19:21:34.000Z,"100 mil empregos num único projeto! É isso que o ministro @Haddad_Fernando anunciou hoje, com o entendimento da Shein que passará a produzir suas peças no Brasil. Faz o L!#oBrasilVoltou",10,42,90
Dep. Alencar Santana,@AlencarBraga13,https://twitter.com/AlencarBraga13/status/1649112687580700672,2023-04-20T18:07:58.000Z,"Certíssimo o presidente @LulaOficial! ""Gerar emprego é dar dignidade ao trabalhador que no final do mês vai levar comida para dentro de casa à custa do próprio suor."" #OBrasilVoltou",4,20,54
Dep. Alencar Santana,@AlencarBraga13,https://twitter.com/AlencarBraga13/status/1649103256981848066,2023-04-20T17:30:29.000Z,"Brasil com @LulaOficial apenas HOJE:✅ US$ 500 milhões pro Fundo Amazônia✅ Shein vai fabricar seus produtos no Brasil✅ US$ 1,7 bilhão de investimento da Toyota em Sorocaba 

E o governo do 🤡 em maio de 2019 comemorava CARREGAMENTO DE ABACATE.#oBrasilVoltou",9,52,132
Dep. Alencar Santana,@AlencarBraga13,https://twitter.com/AlencarBraga13/status/1649086212919947264,2023-04-20T16:22:46.000Z,"Tive ótima conversa hoje com o presidente do @bndes, Aloizio Mercadante. Conversamos sobre o ""BNDES do futuro"" e os possíveis investimentos em Guarulhos e no estado de São Paulo. Em breve, mais novidades!✊🏽✊🏽✊🏽#oBrasilVoltou",4,9,25
Dep. Alencar Santana,@AlencarBraga13,https://twitter.com/AlencarBraga13/status/1649051796739084289,2023-04-20T14:06:00.000Z,"Na semana passada, bolsonaristas atacaram a dep. @lidicedamata durante audiência com @FlavioDino na Câmara . Saí em sua defesa, uma senhora de 67 anos com a vida dedicada à democracia, e fui ameaçado por um, que disse que ia me dar ""uma porrada"" e o desafiei a cumprir a ameaça.
+",6,34,83
Dep. Alencar Santana,@AlencarBraga13,https://twitter.com/AlencarBraga13/status/1649020099771367424,2023-04-20T12:00:03.000Z,"O Governo Federal, os estados e os municípios estão juntos no compromisso de cuidar do ambiente escolar, por meio de ações e programas que garantam segurança aos estudantes e tragam paz às famílias e a toda a comunidade. #BrasilUnidoPelaPaz #EscolaSegura",2,10,21
Dep. Alencar Santana,@AlencarBraga13,https://twitter.com/AlencarBraga13/status/1648831677739802624,2023-04-19T23:31:20.000Z,"Foi pra isso que fizemos o L! Governo @LulaOficial liberou R$ 2,44 BILHÕES para recompor o orçamento das universidades e institutos federais, garantindo a recuperação do ensino superior após a destruição promovida pelo 🤡",34,69,274
Dep. Alencar Santana,@AlencarBraga13,https://twitter.com/AlencarBraga13/status/1648802906777239556,2023-04-19T21:37:00.000Z,"A jornalista @flaviaol sempre cirúrgica em suas análises: “O MST é uma organização da sociedade civil, uma representação qualificada para debater reforma agrária e participar de uma viagem à China para debater agricultura familiar"". 
O vídeo vale cada segundo!",478,714,2.551
Dep. Alencar Santana,@AlencarBraga13,https://twitter.com/AlencarBraga13/status/1648781526459465733,2023-04-19T20:12:03.000Z,"""Ouvir antes de tomar qualquer decisão é a melhor forma de solucionar problemas. Combater a violência nas escolas do nosso país é um trabalho de todos"", Presidente @LulaOficial em reunião com ministros e representantes dos três poderes.",2,8,34
Dep. Alencar Santana,@AlencarBraga13,https://twitter.com/AlencarBraga13/status/1648724124829732864,2023-04-19T16:23:57.000Z,"Hoje é uma data para homenagear os Povos Indígenas, mas todo dia temos o dever de promover o respeito aos direitos e garantir a participação política desses que são os habitantes originais do Brasil! Esse é o compromisso do governo @LulaOficial#DiaDosPovosIndígenas",2,4,13
Dep. Alencar Santana,@AlencarBraga13,https://twitter.com/AlencarBraga13/status/1648699494261829632,2023-04-19T14:46:05.000Z,"Na CCJ, lembrei à oposição bolsonarista, que até hoje não parou de chorar a derrota nas eleições, que o presidente @LulaOficial já fez mais em 100 dias do que o governo do 🤡 em 4 anos.#oBrasilVoltou",4,10,42
Dep. Alencar Santana,@AlencarBraga13,https://twitter.com/AlencarBraga13/status/1648693633393074179,2023-04-19T14:22:48.000Z,"Delegação brasileira, liderada pelo ministro dos Direitos Humanos @silviolual, apresentará denúncias na ONU contra o o governo anterior por apologia à tortura.",17,13,48
Dep. Alencar Santana,@AlencarBraga13,https://twitter.com/AlencarBraga13/status/1648675128597704704,2023-04-19T13:09:16.000Z,"Ver o Deltan Dallagnol levar um esculacho do comentarista @leograndini_, dentro da Jovem Pan, não tem preço.",347,456,1.702
Dep. Alencar Santana,@AlencarBraga13,https://twitter.com/AlencarBraga13/status/1648657697083121666,2023-04-19T12:00:00.000Z,"Governo @LulaOficial garante R$ 7,3 bilhões para o Piso Nacional da Enfermagem. Técnicos de enfermagem R$ 3.325 mil; Enfermeiros R$ 4.740 mil; Auxiliares e parteiras R$ 2.375 mil. Faz o L! #pisoenfermagem",12,38,88
Dep. Alencar Santana,@AlencarBraga13,https://twitter.com/AlencarBraga13/status/1648642598372798466,2023-04-19T11:00:00.000Z,"Respeite a história e a cultura dos povos originários do Brasil! 19 de abril, dia dos Povos Indígenas.",11,26,78
Dep. Alencar Santana,@AlencarBraga13,https://twitter.com/AlencarBraga13/status/1648479405310906376,2023-04-19T00:11:32.000Z,O DIA CHEGOU! O Brasil assiste feliz a assinatura do PLN que garantirá o pagamento do piso da enfermagem. Vamos avançar e fortalecer a luta da categoria! ♥️ via: @guimaraes13PT #PisoNacionalDaEnfermagem,13,25,99
Dep. Alencar Santana,@AlencarBraga13,https://twitter.com/AlencarBraga13/status/1648461631289192454,2023-04-18T23:00:54.000Z,"Recebi hoje no gabinete o secretário de Habitação da minha querida Guarulhos, @joaodarcio19, que veio trazer demandas para a nossa cidade receber mais unidades do Minha Casa Minha Vida. A população merece e tem direito a moradia digna!✊🏽✊🏽✊🏽",3,9,43
Dep. Alencar Santana,@AlencarBraga13,https://twitter.com/AlencarBraga13/status/1648425470969647105,2023-04-18T20:37:13.000Z,A oposição bolsonarista estava nervosa hoje na CCJ e fiz uma fala pra acalmar um pouco essa turma. Aqui o vídeo completo:👇🏽👇🏽https://youtu.be/8lfFUqEeHFM,10,17,70
Dep. Alencar Santana,@AlencarBraga13,https://twitter.com/AlencarBraga13/status/1648398086505373722,2023-04-18T18:48:24.000Z,"Em reunião com ministros e representantes dos três poderes, o presidente @LulaOficial falou sobre a importância do acompanhamento psicológico para crianças dentro das escolas.",2,13,45
Dep. Alencar Santana,@AlencarBraga13,https://twitter.com/AlencarBraga13/status/1648364037476843528,2023-04-18T16:33:06.000Z,O ministro @FlavioDino revelou os números das investigações sobre os ataques às escolas:✅ 225 prisões✅ 694 intimações✅ 1595 BOs✅ 155 ações de busca/apreensão,4,66,122
Dep. Alencar Santana,@AlencarBraga13,https://twitter.com/AlencarBraga13/status/1648346617681006594,2023-04-18T15:23:53.000Z,"Todo apoio à greve dos professores e professoras de Guarulhos, que estão em luta por direitos legítimos que têm sido negados sistemáticamente pelo prefeito @guti_oficial ✊🏽✊🏽✊🏽",4,8,31
Dep. Alencar Santana,@AlencarBraga13,https://twitter.com/AlencarBraga13/status/1648325519593852934,2023-04-18T14:00:02.000Z,DIA HISTÓRICO! @LulaOficial assina hoje o Piso Nacional da Enfermagem. Uma luta histórica e uma vitória suada e merecida! Acompanhe nas nossas redes a partir das 17h30.,2,14,38
Dep. Alencar Santana,@AlencarBraga13,https://twitter.com/AlencarBraga13/status/1648321743277248512,2023-04-18T13:45:02.000Z,"Reunião do presidente Lula com membros do STF, líderes do Congresso, ministros e governadores sobre a segurança nas escolas

Assista ao vivo: ⬇️⬇️https://facebook.com/AlencarBraga13/videos/739070077951325…",5,18,63
Dep. Alencar Santana,@AlencarBraga13,https://twitter.com/AlencarBraga13/status/1648311484856893441,2023-04-18T13:04:16.000Z,"DE: ""mundo.china"" TIKTOK | “Nós queremos que a relação BRASIL-CHINA transcenda a relação comercial, e que ninguém vai proibir que o BRASIL aprimore sua relação com a CHINA ”, disse que @LulaOficial em conversa com o Presidente chinês, XI JINPING, sexta-feira (14/04), em PEQUIM.",7,17,46
Dep. Alencar Santana,@AlencarBraga13,https://twitter.com/AlencarBraga13/status/1648307926421970946,2023-04-18T12:50:08.000Z,"Livros são sonhos que seguramos nas mãos! A melhor forma de educar uma criança é dando um livro a ela. 18 de abril, Dia Nacional do Livro Infantil.",2,6,21
Dep. Alencar Santana,@AlencarBraga13,https://twitter.com/AlencarBraga13/status/1648135072984301568,2023-04-18T01:23:16.000Z,"O senador Sergio Moro tem todo o direito à defesa, mas precisa ser investigado e é isso que a PGR pediu, ao denunciá-lo pelo crime de calúnia contra o ministro Gilmar Mendes e o próprio STF.",45,58,204
Dep. Alencar Santana,@AlencarBraga13,https://twitter.com/AlencarBraga13/status/1648108222883004419,2023-04-17T23:36:35.000Z,"O Marreco de Maringá vai sendo arrastado para o mesmo esgoto de onde saiu para interferir de maneira criminosa no processo eleitoral de 2018. Flagrado em vídeo no crime de calúnia (Art. 138 do CP), Sergio Moro pode perder o mandato, ficar inelegível e ainda parar na prisão.
+",164,327,1.146
Dep. Alencar Santana,@AlencarBraga13,https://twitter.com/AlencarBraga13/status/1648096444245594112,2023-04-17T22:49:47.000Z,"Por ter dito que um ministro do STF vende sentenças, qual deve ser a punição de Sérgio Moro?",7,4,15
Dep. Alencar Santana,@AlencarBraga13,https://twitter.com/AlencarBraga13/status/1648079570698993664,2023-04-17T21:42:44.000Z,"Como resumir para um bolsonarista a viagem do Lula para a China e os Emirados Árabes.
Via @sejasubversivo",168,180,650
Dep. Alencar Santana,@AlencarBraga13,https://twitter.com/AlencarBraga13/status/1648027195242082308,2023-04-17T18:14:36.000Z,"Guarulhos tem espaço e tem demanda para um novo instituto federal e vamos lutar por isso. Educação é o grande motor de desenvolvimento de qualquer país e uma cidade com 1,5 milhão de habitantes (13a maior do Brasil) e tantos jovens precisa de atenção especial nessa área.",2,6,28
Dep. Alencar Santana,@AlencarBraga13,https://twitter.com/AlencarBraga13/status/1647999716578279424,2023-04-17T16:25:25.000Z,"Com @LulaOficial o Brasil retoma seu espaço e protagonismo internacional. Na China, foram R$ 50 bilhões em acordos para áreas como energias renováveis, indústria automotiva, agronegócio, linhas de crédito verde, tecnologia da informação, saúde e infraestrutura. #OBrasilVoltou",3,9,37
Dep. Alencar Santana,@AlencarBraga13,https://twitter.com/AlencarBraga13/status/1647964915985010688,2023-04-17T14:07:08.000Z,"📍 16 de abril de 2021: Petrobras aumenta o preço da gasolina pela sétima vez no ano📍 17 de abril de 2023: Petrobras reduz preço de gás natural em 8,1%

Duas manchetes. Dois projetos políticos. Dois países diferentes. Faz o L!#oBrasilVoltou",12,54,121
Dep. Alencar Santana,@AlencarBraga13,https://twitter.com/AlencarBraga13/status/1647961209575026688,2023-04-17T13:52:24.000Z,"17 de Abril é uma data para lembrarmos dos mortos do massacre de Eldorado dos Carajás e, em homenagem a eles, celebrarmos o Dia Internacional da Luta Camponesa e o Dia Nacional de Luta pela Reforma Agrária!✊🏾✊🏾✊🏾",5,51,116
Dep. Alencar Santana,@AlencarBraga13,https://twitter.com/AlencarBraga13/status/1647710245030879233,2023-04-16T21:15:10.000Z,"Visita do ministro @padilhando a Guarulhos e Alto Tietê repercutiu no Jornal Hoje e na Globo News, também com o debate sobre a nova regra fiscal que o governo Lula está preparando.#oBrasilVoltou",6,20,61
Dep. Alencar Santana,@AlencarBraga13,https://twitter.com/AlencarBraga13/status/1647702987354062852,2023-04-16T20:46:19.000Z,"Parabéns ao Sindicato dos Bancários de São Paulo, Osasco e Região pelos 100 anos de luta, numa trajetória de coragem e resistência que inspira e orgulha toda a esquerda brasileira!✊🏽✊🏽✊🏽👏🏽👏🏽👏🏽#100anosSPbancarios",4,27,86
Dep. Alencar Santana,@AlencarBraga13,https://twitter.com/AlencarBraga13/status/1647630745165344772,2023-04-16T15:59:15.000Z,"Na China o @LulaOficial fechou 15 acordos que somam mais de R$ 50 bilhões. E na volta ainda deu tempo de parar nos Emirados Árabes pra fechar mais acordos, um dos quais prevê R$ 12 bilhões de investimento em diesel verde e querosene de aviação sustentável. Faz o L!#oBrasilVoltou",5,38,97
Dep. Alencar Santana,@AlencarBraga13,https://twitter.com/AlencarBraga13/status/1647587453711142914,2023-04-16T13:07:14.000Z,"Somos mais de 20 mil seguidores no Instagram. Obrigado, galera! 🚀",2,3,15
Dep. Alencar Santana,@AlencarBraga13,https://twitter.com/AlencarBraga13/status/1647364177541967872,2023-04-15T22:20:01.000Z,Dia cheio de atividades em Guarulhos e outras cidades do Alto Tietê com o ministro @padilhando que veio trazer a orientação do presidente Lula: união e reconstrução do Brasil para todos!#oBrasilVoltou,23,38,135
Dep. Alencar Santana,@AlencarBraga13,https://twitter.com/AlencarBraga13/status/1647333946563108864,2023-04-15T20:19:53.000Z,"Com linguagem simples e direta, o @felipeneto desmontou a farsa sobre a suposta taxação de compras no exterior através da Shopee, Shein e AliExpress. Assista e espalhe a verdade!",979,889,2.036
Dep. Alencar Santana,@AlencarBraga13,https://twitter.com/AlencarBraga13/status/1647308753597767682,2023-04-15T18:39:47.000Z,"Meu mandato representado em reunião de moradia, em Cumbica, Guarulhos. #OBrasilVoltou",3,5,20
Dep. Alencar Santana,@AlencarBraga13,https://twitter.com/AlencarBraga13/status/1647285214417133569,2023-04-15T17:06:14.000Z,Visitei com o ministro das Relações Instituicionais @padilhando o Instituto Federal de São Paulo (IFSP) para conversar com comunidade escolar e ouvir as demandas da população de Guarulhos e do Alto Tietê. #OBrasilVoltou,2,5,23
Dep. Alencar Santana,@AlencarBraga13,https://twitter.com/AlencarBraga13/status/1647274905669447682,2023-04-15T16:25:17.000Z,"Símbolo do descaso dos governos Temer e Bolsonaro com o Brasil profundo...

Ferraz de Vasconcelos, cidade importante da região metropolitana de São Paulo, não recebia um ministro de Estado desde 2014 e o último que passou por aqui foi justamente o @padilhando #oBrasilVoltou",4,12,37
Dep. Alencar Santana,@AlencarBraga13,https://twitter.com/AlencarBraga13/status/1647267532217122818,2023-04-15T15:55:59.000Z,DEZ SEMANAS SEGUIDAS de queda do preço do diesel na bomba. Acabou a época em que a Petrobras servia apenas para engordar seus acionistas. Agora a maior empresa brasileira serve aos interesses do povo brasileiro e vai atuar para recuperar a nossa economia!#oBrasilVoltou,3,29,49
Dep. Alencar Santana,@AlencarBraga13,https://twitter.com/AlencarBraga13/status/1647253588610088961,2023-04-15T15:00:34.000Z,"Estamos desde cedo em Guarulhos com o ministro @padilhando, que veio ouvir as demandas da população em nome do governo Lula. Temos muito pra fazer na cidade, que é a 2a maior de São Paulo e a 13a maior do Brasil, mas está passando pela pior administração da sua história.",4,15,44
Dep. Alencar Santana,@AlencarBraga13,https://twitter.com/AlencarBraga13/status/1647230444444712961,2023-04-15T13:28:36.000Z,"Arma nem de brincadeira! Criança precisa de amor e educação. ❤️15 de abril, Dia do Desarmamento Infantil. #OBrasilVoltou",1,4,12
Dep. Alencar Santana,@AlencarBraga13,https://twitter.com/AlencarBraga13/status/1647208148191551490,2023-04-15T12:00:00.000Z,"Nesta semana fez 100 dias que a alegria tomou posse e que #OBrasilVoltou a sorrir, cuidar da educação, pensar no meio ambiente, oferecer dignidade para quem mais precisa, valorizar cultura e arte. Faz o L porque o Brasil do futuro recomeçou!",25,49,145
Dep. Alencar Santana,@AlencarBraga13,https://twitter.com/AlencarBraga13/status/1647057937888583681,2023-04-15T02:03:07.000Z,"Com @lulaoficial no comando o Brasil já está engatando a quinta pra recuperar a economia após seis anos de destruição! 

""Dólar engata 4ª baixa consecutiva e encerra semana a R$ 4,91"" (G1)#OBrasilVoltou",63,29,94
Dep. Alencar Santana,@AlencarBraga13,https://twitter.com/AlencarBraga13/status/1646993231278637059,2023-04-14T21:46:00.000Z,"Faz o L! Com Lula, Brasil e China assinam acordos que somam R$ 50 bilhões!

Entre os acordos estão medidas nas áreas de ciência, tecnologia, agronegócio, comunicação, lançamento de satélites, além de protocolos para exportação de carne.#LulaNaChina",16,45,133
Dep. Alencar Santana,@AlencarBraga13,https://twitter.com/AlencarBraga13/status/1646964868476555268,2023-04-14T19:53:18.000Z,"O cerco está fechando!

Jair Bolsonaro - vulgo ladrão de joias fujão - terá que depor, em NO MÁXIMO 10 dias, sobre os atos terroristas de 8 de janeiro que destruíram o Congresso Nacional, o STF e o Palácio do Planalto.#oBrasilVoltou",19,29,88
Dep. Alencar Santana,@AlencarBraga13,https://twitter.com/AlencarBraga13/status/1646959347778441226,2023-04-14T19:31:22.000Z,Feliz Dia Mundial do Café. Eu sou do time dos que adoram tomar café sem açúcar e você? ☕ #DiaMundialDoCafé,6,6,36
Dep. Alencar Santana,@AlencarBraga13,https://twitter.com/AlencarBraga13/status/1646938366443651074,2023-04-14T18:07:59.000Z,Até a Globo News reconhece: uma ÚNICA viagem do @LulaOficial para o exterior traz mais ganhos para o Brasil do que quatro anos do 🤡 no governo.#oBrasilVoltou,531,344,1.108
Dep. Alencar Santana,@AlencarBraga13,https://twitter.com/AlencarBraga13/status/1646909489818263554,2023-04-14T16:13:15.000Z,"Com Secretário Estadual de Combate ao Racismo do PT, @TiagoSoareso, discutindo políticas públicas nacionais, municipais e o papel do PT nas eleições de 2024.",2,9,26
Dep. Alencar Santana,@AlencarBraga13,https://twitter.com/AlencarBraga13/status/1646876757440512002,2023-04-14T14:03:11.000Z,A Eletrobras multiplica salários de conselheiros e diretores privatistas para fazerem um processo seletivo ridículo? Essa é a eficiência privada? Isso é meritocracia? A diretoria deve explicações ao povo brasileiro!  #EscândaloNaEletrobrasPrivada #ReestatizaEletrobrasJá,19,66,107
Dep. Alencar Santana,@AlencarBraga13,https://twitter.com/AlencarBraga13/status/1646872132926701570,2023-04-14T13:44:48.000Z,A Eletrobras cancelou contrato com recrutadora por questão sobre Lula em teste. Uma prova aplicada aos candidatos listava supostos motivos para a condenação do presidente na Lava Jato. É estarrecedor! http://l1nq.com/zEdih #EscândaloNaEletrobrasPrivada,22,152,358
Dep. Alencar Santana,@AlencarBraga13,https://twitter.com/AlencarBraga13/status/1646822010436173825,2023-04-14T10:25:38.000Z,"Que emocionante! Em evento na China, @LulaOficial foi recebido por crianças ao som de ""Um novo tempo"", do Ivan Lins. 🇧🇷🇧🇷🇨🇳🇨🇳#oBrasilVoltou",52,86,393
Dep. Alencar Santana,@AlencarBraga13,https://twitter.com/AlencarBraga13/status/1646649429292711936,2023-04-13T22:59:51.000Z,"Dos mesmos autores de ""Não existiu conluio na Lava Jato"", chegou outro sucesso da República de Curitiba.

Desembargador que mandou prender Tacla Duran é pai do sócio de Sérgio Moro e também pai do namorado da filha de Moro.",45,351,730
Dep. Alencar Santana,@AlencarBraga13,https://twitter.com/AlencarBraga13/status/1646639344617234433,2023-04-13T22:19:47.000Z,"""A posse de uma mulher à frente de um banco global de tamanha envergadura seria por si só um fato extraordinário, em um mundo ainda dominado pelos homens. Mas a importâcia histórica deste momento vai muito além"", presidente @LulaOficial, em Xangai. #OBrasilVoltou",2,12,43
Dep. Alencar Santana,@AlencarBraga13,https://twitter.com/AlencarBraga13/status/1646595456145805325,2023-04-13T19:25:23.000Z,"Com a volta do Minha Casa, Minha Vida, a conquista da casa própria voltou a ser possível para milhares de famílias. Obras retomadas, investimentos em rodovias, estradas e segurança. Basta olhar, para ver que #OBrasilVoltou e voltou pra valer.",2,20,34
Dep. Alencar Santana,@AlencarBraga13,https://twitter.com/AlencarBraga13/status/1646591096259072001,2023-04-13T19:08:04.000Z,As ações do Governo Federal para combater ameaças de violência nas escolas: canal de denúncias; notificação das plataformas; R$ 150 milhões para estados e municípios aplicarem em segurança nas escolas; fortalecimento das guardas e portaria com diretrizes para as redes sociais.,5,12,31
Dep. Alencar Santana,@AlencarBraga13,https://twitter.com/AlencarBraga13/status/1646584884851343373,2023-04-13T18:43:23.000Z,"Feliz dia 13 para você que fez o L e hoje sente as diferenças de um governo que cuida do seu povo, combate à fome, promove políticas públicas eficientes, fomenta a economia e é reconhecido mundialmente. 💫 #OBrasilVoltou",2,9,25
Dep. Alencar Santana,@AlencarBraga13,https://twitter.com/AlencarBraga13/status/1646578465024475151,2023-04-13T18:17:52.000Z,"O ministro @silviolual foi questionado sobre a comida servida aos encarcerados na Papuda. Ele apresentou o contrato, assinado por Anderson Torres, em que o preço médio por unidade da refeição é de R$ 0,90. Nos últimos anos, o sistema carcerário foi alimentado de maneira desumana.",7,65,175
Dep. Alencar Santana,@AlencarBraga13,https://twitter.com/AlencarBraga13/status/1646543657216929792,2023-04-13T15:59:33.000Z,O pagamento do Bolsa Família e Auxílio Gás de abril começa nesta sexta-feira (14). O governo ainda paga + R$ 150 por criança até 6 anos. O Bolsa Família e o Auxílio Gás podem ser movimentados no app Caixa Tem e os beneficiários têm até 120 dias para fazer o saque. #OBrasilVoltou,5,24,52
Dep. Alencar Santana,@AlencarBraga13,https://twitter.com/AlencarBraga13/status/1646526249656029184,2023-04-13T14:50:23.000Z,"Parabéns ao presidente @LulaOficial por colocar outra vez o Brasil no palco da grande política mundial.

Lula entra na lista de 100 mais influentes da revista Time #OBrasilVoltou",13,45,122
Dep. Alencar Santana,@AlencarBraga13,https://twitter.com/AlencarBraga13/status/1646524071017070598,2023-04-13T14:41:44.000Z,"Em Xangai, na China, durante a posse de @dilmabr como presidenta do Banco dos BRICS, o presidente @LulaOficial ressalta a importância do banco para ajudar financeiramente os países que mais precisam na América Latina e no Caribe. #OBrasilVoltou",12,52,116
Dep. Alencar Santana,@AlencarBraga13,https://twitter.com/AlencarBraga13/status/1646512416581357568,2023-04-13T13:55:25.000Z,Agora há pouco participei de uma reunião no Palácio do Planalto para discutir a reestatização da Eletrobras. #reestatizaeletrobrasjá,59,90,180
Dep. Alencar Santana,@AlencarBraga13,https://twitter.com/AlencarBraga13/status/1646501743730016258,2023-04-13T13:13:00.000Z,"Ontem, o ministro dos Direitos Humanos, @silviolual, deu um show na Comissão de Segurança Pública. Até a oposição teve que reconhecer! ✊🏽#oBrasilVoltou",6,28,100
Dep. Alencar Santana,@AlencarBraga13,https://twitter.com/AlencarBraga13/status/1646482298022264833,2023-04-13T11:55:44.000Z,O presidente @LulaOficial já está na China e acompanhou a posse de @dilmabr como presidenta do banco dos Brics. Momento histórico para o Brasil que agora terá mais apoio financeiro para infraestrutura e desenvolvimento sustentável. #OBrasilVoltou,2,6,23
Dep. Alencar Santana,@AlencarBraga13,https://twitter.com/AlencarBraga13/status/1646340861557452800,2023-04-13T02:33:43.000Z,"O ministro da Justiça @FlavioDino anunciou hoje medidas para frear as ondas de ataques nas escolas. As redes sociais terão que colaborar! ""Uma criança, UMA, vale mais que todos os termos de uso de todas as plataformas.""",4,33,60
Dep. Alencar Santana,@AlencarBraga13,https://twitter.com/AlencarBraga13/status/1646267247176843268,2023-04-12T21:41:12.000Z,"O ministro @CamiloSantanaCE deu uma aula na Comissão de Educação da Câmara hoje. E o governo Lula vai mais uma vez priorizar a educação como motor de desenvolvimento do Brasil, coisa que a direita nunca fez porque é inimiga da escola.#OBrasilVoltou",6,27,55
Dep. Alencar Santana,@AlencarBraga13,https://twitter.com/AlencarBraga13/status/1646250813747085315,2023-04-12T20:35:54.000Z,"O nosso querido ministro dos Direitos Humanos @silviolual deu uma aula hoje na Comissão de Segurança Pública da Câmara. Parabéns, professor Sílvio Almeida!#oBrasilVoltou",1,20,55
Dep. Alencar Santana,@AlencarBraga13,https://twitter.com/AlencarBraga13/status/1646248774849941505,2023-04-12T20:27:48.000Z,"O ministro da educação @CamiloSantanaCE vai direto ao ponto: o problema que estamos enfrentando hoje em nossas escolas é fruto do ódio, do estímulo à violência e do incentivo ao armamento. É preciso um debate sério e profundo com toda a sociedade.",21,80,232
Dep. Alencar Santana,@AlencarBraga13,https://twitter.com/AlencarBraga13/status/1646240757458833408,2023-04-12T19:55:56.000Z,"A extrema-direita mostra a cada dia que não tem limites éticos ou morais pra fazer disputa política. Agora estão acusando o deputado @marciojerry com base em uma foto, quando existe um vídeo que desmonta completamente a acusação e expõe o caráter podre dos seus acusadores.",27,17,54
Dep. Alencar Santana,@AlencarBraga13,https://twitter.com/AlencarBraga13/status/1646214156222099459,2023-04-12T18:10:14.000Z,"Vitória do esporte! Nesses 100 dias, com muito trabalho e planejamento, várias ações já foram feitas e o esporte brasileiro voltou a ser valorizado! Essa é mais uma conquista do governo @LulaOficial.#oBrasilVoltou",1,17,45
Dep. Alencar Santana,@AlencarBraga13,https://twitter.com/AlencarBraga13/status/1646182874645925889,2023-04-12T16:05:56.000Z,"Inflação em queda👇(menor desde janeiro de 2021); dólar cai para R$ 5👇(menor valor desde janeiro de 2021); bolsa dispara 🚀(maior alta diária desde outubro de 2022). #OBrasilVoltou, faz o L!",4,13,27
Dep. Alencar Santana,@AlencarBraga13,https://twitter.com/AlencarBraga13/status/1646148939425390594,2023-04-12T13:51:05.000Z,"O ministro @flaviodino usou argumentos lógicos durante sua participação na CSP. infelizmente, a extrema-direita não consegue entender o óbvio. 

""Será que é impossível enxergar uma correlação lógica entre ódio, violência, armamentismo e crescimento de chacinas em escolas?""",2,14,49
Dep. Alencar Santana,@AlencarBraga13,https://twitter.com/AlencarBraga13/status/1646131420526411776,2023-04-12T12:41:28.000Z,Maior crescimento do comércio varejista no mês de janeiro desde o ano 2000! Foi só sair o 🤡 que #oBrasilVoltou a decolar!,3,18,47
Dep. Alencar Santana,@AlencarBraga13,https://twitter.com/AlencarBraga13/status/1646124692405616641,2023-04-12T12:14:44.000Z,"Pelo jeito, não é só joia que a familícia gosta de roubar. ""Após três meses de busca, Presidência ainda não encontrou 83 imóveis do Alvorada""",74,405,796
Dep. Alencar Santana,@AlencarBraga13,https://twitter.com/AlencarBraga13/status/1646120990533885955,2023-04-12T12:00:02.000Z,"A volta do Mais Médicos, o Movimento Nacional pela Vacinação e a redução das filas para cirurgias no SUS mostram que a saúde voltou a ser prioridade. O aumento do piso dos professores e investimentos em formação superior e produção científica valorizam a educação. #OBrasilVoltou",2,12,23
Dep. Alencar Santana,@AlencarBraga13,https://twitter.com/AlencarBraga13/status/1645976302963261441,2023-04-12T02:25:06.000Z,Viva ao Chile do presidente @GabrielBoric e das ministras @camila_vallejo @jeannette_jara @totiorellanag que garantiram a aprovação no Congresso da redução da jornada de trabalho para 40 horas semanais!✊🏽✊🏽🇨🇱🇨🇱,6,19,63
Dep. Alencar Santana,@AlencarBraga13,https://twitter.com/AlencarBraga13/status/1645971099333677056,2023-04-12T02:04:25.000Z,"Que grande notícia! Wagner Moura viverá Paulo Freire num filme gravado em Angicos, berço histórico da experiência de alfabetização de adultos que correu o mundo. Acho que a @fatimabezerra deve estar orgulhosa.",740,623,4.290
Dep. Alencar Santana,@AlencarBraga13,https://twitter.com/AlencarBraga13/status/1645924695009796097,2023-04-11T23:00:01.000Z,"Lula está mais uma vez transformando o Brasil num país de inclusão social e desenvolvimento econômico para todos e o marco dos 100 dias do governo merecia um balanço na tribuna da Câmara, que fiz hoje.#oBrasilVoltou",12,16,55
Dep. Alencar Santana,@AlencarBraga13,https://twitter.com/AlencarBraga13/status/1645908086148993024,2023-04-11T21:54:01.000Z,"Mais uma vez a extrema-direita foi desmoralizada na Câmara pelo ministro da Justiça @FlavioDino 

Dessa vez, até o presidente da Comissão de Segurança Pública viu que os bolsonaristas não queriam debater, mas simplesmente ofender o ministro, e encerrou a audiência.#OBrasilVoltou",41,110,307
Dep. Alencar Santana,@AlencarBraga13,https://twitter.com/AlencarBraga13/status/1645904991394357248,2023-04-11T21:41:44.000Z,"Com o objetivo de evitar novos ataques, o Governo Federal lançou o Escola Segura, a plataforma permite que denúncias sejam investigadas de forma rápida, eficiente e anônima. Qualquer usuário pode realizar a denúncia, que será mantida em sigilo e analisada por policiais.",1,15,26
Dep. Alencar Santana,@AlencarBraga13,https://twitter.com/AlencarBraga13/status/1645898347046379520,2023-04-11T21:15:19.000Z,"Parabéns às brasileiras Kátyna e Jeanne pela libertação após mais de um mês de uma prisão injusta e muito dolorosa para elas, seus familiares e todos que no Brasil acompanhamos esse drama. Que possam voltar ao curso normal da sua vida o mais rápido possível! 🙏🏽🙏🏽",2,12,42
Dep. Alencar Santana,@AlencarBraga13,https://twitter.com/AlencarBraga13/status/1645884672960864267,2023-04-11T20:20:59.000Z,Queda na inflação! O IPCA acumulado em 12 meses é o menor desde janeiro de 2021. Mais uma boa notícia pra quem acredita na reconstrução do país!@governonacamara#OBrasilVoltou,2,1,10
Dep. Alencar Santana,@AlencarBraga13,https://twitter.com/AlencarBraga13/status/1645861762078593038,2023-04-11T18:49:57.000Z,Agora há pouco eu e a deputada @bethsahao fomos recebidos na Secom pelo ministro @Pimenta13Br e falamos sobre mídia regional no interior de São Paulo.#OBrasilVoltou,1,2,13
Dep. Alencar Santana,@AlencarBraga13,https://twitter.com/AlencarBraga13/status/1645836299977228300,2023-04-11T17:08:46.000Z,"O ódio bolsonarista é racista também. O Jornal Nacional de ontem mostrou Sandra Mathias de Sá agredindo com uma correia, como se fosse um chicote, o entregador Max Ângelo dos Santos, no Rio de Janeiro. Além da agressão, insultos racistas e classistas foram registrados.",22,67,124
Dep. Alencar Santana,@AlencarBraga13,https://twitter.com/AlencarBraga13/status/1645820150250188808,2023-04-11T16:04:36.000Z,O senador que deu emprego ao filho 04 do 🤡 teve um caminhão em nome da sua empresa apreendido com 322 Kg de maconha. Incrível como o narcotráfico sempre dá um jeito de usar esses coitados inocentes.,29,221,436
Dep. Alencar Santana,@AlencarBraga13,https://twitter.com/AlencarBraga13/status/1645815498259456001,2023-04-11T15:46:07.000Z,"Mais cedo tivemos a reunião semanal da Liderança do @governonacamara com o líder @guimaraes13PT, vice-líderes do governo e líderes dos partidos da base. E hoje contamos com a presença especial do ministro @padilhando #OBrasilVoltou",7,7,22
Dep. Alencar Santana,@AlencarBraga13,https://twitter.com/AlencarBraga13/status/1645808384988581890,2023-04-11T15:17:51.000Z,O governo está trabalhando dia e noite para a reconstrução do Brasil. 100 dias e a vida da população mudando para melhor. #OBrasilVoltou,1,2,9
Dep. Alencar Santana,@AlencarBraga13,https://twitter.com/AlencarBraga13/status/1645789634369302529,2023-04-11T14:03:20.000Z,Não existe liberdade de expressão para quem difunde pânico e ameaça a população. Certeiro e afiado o ministro da Justiça @FlavioDino #OBrasilVoltou,16,40,141
Dep. Alencar Santana,@AlencarBraga13,https://twitter.com/AlencarBraga13/status/1645784796038320136,2023-04-11T13:44:07.000Z,"A inflação despenca, o dólar despenca e até o reino mineral sabe que NÃO existe inflação por demanda no Brasil. Se continuar sabotando o governo e a economia do país, o próximo a despencar tem que ser o presidente do Banco Central, Roberto Campos Neto.",99,373,1.113
Dep. Alencar Santana,@AlencarBraga13,https://twitter.com/AlencarBraga13/status/1645768781027745799,2023-04-11T12:40:28.000Z,"""Se eles querem fazer no país de origem deles, que façam. Mas nesse país aqui a gente não vai admitir o racismo"" - recado direto do @LulaOficial para o @carrefourbrasil @CarrefourFrance #OBrasilVoltou",29,19,63
Dep. Alencar Santana,@AlencarBraga13,https://twitter.com/AlencarBraga13/status/1645767411214196737,2023-04-11T12:35:02.000Z,🇧🇷🇧🇷🇧🇷🇨🇳🇨🇳🇨🇳@LulaOficial e @JanjaLula a caminho da China para escrever a história.#LulaNaChina,395,75,386
Dep. Alencar Santana,@AlencarBraga13,https://twitter.com/AlencarBraga13/status/1645758596830068737,2023-04-11T12:00:00.000Z,"#OBrasilVoltou com mais emprego, renda, oportunidade, esperança, saúde, comida, respeito, cuidado e amor. Cem dias é só o começo!",4,12,33
Dep. Alencar Santana,@AlencarBraga13,https://twitter.com/AlencarBraga13/status/1645562302274437126,2023-04-10T23:00:00.000Z,#OBrasilVoltou a ser um país de todos e todas e não apenas de meia dúzia de famílias. Muito foi feito em 100 dias e muito mais será feito ainda!,30,25,80
Dep. Alencar Santana,@AlencarBraga13,https://twitter.com/AlencarBraga13/status/1645546599068647426,2023-04-10T21:57:36.000Z,"Em 100 dias, o governo Lula cumpriu 1/3 das promessas feitas durante a campanha eleitoral. Dos 36 compromissos firmados no período, 13 foram cumpridos em sua totalidade. #OBrasilVoltou para reconstruir o que foi destruído e seguir adiante. 💫",40,69,202
Dep. Alencar Santana,@AlencarBraga13,https://twitter.com/AlencarBraga13/status/1645518084881432576,2023-04-10T20:04:18.000Z,#OBrasilVoltou a ter um governo de verdade. Faz o L!🎨: @crisvector,22,33,85
Dep. Alencar Santana,@AlencarBraga13,https://twitter.com/AlencarBraga13/status/1645494928452067360,2023-04-10T18:32:17.000Z,#OBrasilVoltou a cuidar dos brasileiros e brasileiras que mais precisam e que nesses últimos anos foram as principais vítimas da ausência de governo nesse país. A alegria tomou posse e o Brasil do futuro recomeçou!,3,12,25
Dep. Alencar Santana,@AlencarBraga13,https://twitter.com/AlencarBraga13/status/1645473220382818313,2023-04-10T17:06:01.000Z,"É goleada.✅ 100 dias do @LulaOficial em 2023: R$ 203,5 milhões investidos em habitação.❌ 100 dias do 🤡 em 2022: ZERO real investido em habitação.#OBrasilVoltou (tem mais 👇🏽)",11,32,90
Dep. Alencar Santana,@AlencarBraga13,https://twitter.com/AlencarBraga13/status/1645459096621940738,2023-04-10T16:09:54.000Z,"100 dias de Governo Lula! A Bancada do PT na Câmara dos Deputados esteve junto com o Governo, na defesa dos direitos e por vida digna para o nosso povo. #OBrasilVoltou",4,12,32
Dep. Alencar Santana,@AlencarBraga13,https://twitter.com/AlencarBraga13/status/1645429966153318401,2023-04-10T14:14:09.000Z,Ao vivo: Lula fala sobre os 100 dias de governo,7,16,60
Dep. Alencar Santana,@AlencarBraga13,https://twitter.com/AlencarBraga13/status/1645418742422151170,2023-04-10T13:29:33.000Z,"O Brasil voltou pra fazer mais por nossa gente, para cuidar de 200 milhões de brasileiros e brasileiras,
para investir na infraestrutura e desenvolvimento. É a volta da esperança, dos sonhos e do futuro
melhor que a gente acredita! E este é só o começo! #OBrasilVoltou",3,2,5
Dep. Alencar Santana,@AlencarBraga13,https://twitter.com/AlencarBraga13/status/1645410864948731904,2023-04-10T12:58:15.000Z,"Criação do Dia Nacional Marielle Franco de Enfrentamento à Violência Política de Gênero e Raça, em 14 de março. #oBrasilVoltou",2,6,17
Dep. Alencar Santana,@AlencarBraga13,https://twitter.com/AlencarBraga13/status/1645406272655876096,2023-04-10T12:40:00.000Z,O país que já foi referência mundial em cobertura vacinal e erradicação de doenças voltou. #oBrasilVoltou,5,11,30
Dep. Alencar Santana,@AlencarBraga13,https://twitter.com/AlencarBraga13/status/1645402497761316865,2023-04-10T12:25:00.000Z,"No PAA (Programa de Aquisição de Alimentos), o governo federal compra alimentos diretamente dos produtores da agricultura familiar, eliminando atravessadores. O resultado: comida de qualidade a preços acessíveis na mesa dos brasileiros. #oBrasilVoltou",4,17,40
Dep. Alencar Santana,@AlencarBraga13,https://twitter.com/AlencarBraga13/status/1645397920953384960,2023-04-10T12:06:49.000Z,#oBrasilVoltou a combater a fome e promover a segurança alimentar e nutricional!,4,9,18
Dep. Alencar Santana,@AlencarBraga13,https://twitter.com/AlencarBraga13/status/1645381112418500614,2023-04-10T11:00:01.000Z,"Os primeiros 100 dias mostram o compromisso do governo federal de melhorar a qualidade de vida do povo. O país das oportunidades está de volta. Com muito trabalho, estamos reconstruindo o Brasil. 100 dias é só o começo. #OBrasilVoltou🎥 Audiovisual/PR",3,5,20
Dep. Alencar Santana,@AlencarBraga13,https://twitter.com/AlencarBraga13/status/1645269204805746694,2023-04-10T03:35:20.000Z,"Você sabia disso tudo que foi feito em pouco mais de 3 meses pelo governo @LulaOficial ?

100 manchetes para 100 dias do governo Lula#oBrasilVoltou #LulaCemDiasDeTrabalhoeAmor",202,279,586
Dep. Alencar Santana,@AlencarBraga13,https://twitter.com/AlencarBraga13/status/1645261193852993540,2023-04-10T03:03:30.000Z,100 dias do governo @LulaOficial e muitas certezas:✅ O Brasil mudou pra melhor✅ Valeu demais fazer o L✅ Lula fez mais em 100 dias que o 🤡 em 4 anos✅ O povo está mais feliz✅ O mundo respeita o Brasil de novo✅ Temos um presidente sério e trabalhador#OBrasilVoltou,9,21,66
Dep. Alencar Santana,@AlencarBraga13,https://twitter.com/AlencarBraga13/status/1645119873528242176,2023-04-09T17:41:57.000Z,"Queria entender qual critério jornalístico justifica uma manchete de capa destacando que 38% da população é favorável a uma ideia, quando a mesma pesquisa aponta que 45% é CONTRÁRIA a essa mesmíssima ideia.

Isso não é, nunca foi e nunca será jornalismo. Isso é desonestidade.",47,278,1.229
Dep. Alencar Santana,@AlencarBraga13,https://twitter.com/AlencarBraga13/status/1645069380256923650,2023-04-09T14:21:18.000Z,O Brasil voltou a ter um presidente que se importa com o seu povo e trabalha muito pelo bem da população! Vídeo emocionante do @LulaOficial chegando ao Maranhão para vistoriar as áreas afetadas pelas fortes chuvas.#oBrasilVoltou,554,139,461
Dep. Alencar Santana,@AlencarBraga13,https://twitter.com/AlencarBraga13/status/1645040545377538049,2023-04-09T12:26:44.000Z,Um ótimo domingo de Páscoa para todos. A dignidade está de volta ao povo brasileiro! 💫,18,14,79
Dep. Alencar Santana,@AlencarBraga13,https://twitter.com/AlencarBraga13/status/1644842820505665536,2023-04-08T23:21:02.000Z,Amanhã sou Água Santa desde pequeno!! ✊🏽✊🏽✊🏽⚽⚽,5,3,15
Dep. Alencar Santana,@AlencarBraga13,https://twitter.com/AlencarBraga13/status/1644804998579081220,2023-04-08T20:50:45.000Z,"A semana foi de feriado, mas o trabalho não parou. O compromisso é com o Brasil. Confira aqui!",29,28,100
Dep. Alencar Santana,@AlencarBraga13,https://twitter.com/AlencarBraga13/status/1644732382702870529,2023-04-08T16:02:12.000Z,"🌎🌎🌎Lula oficializa retorno do Brasil à Unasul, órgão da integração regional na América Latina que a direita submissa aos Estados Unidos tentou destruir#oBrasilVoltou",17,21,75
Dep. Alencar Santana,@AlencarBraga13,https://twitter.com/AlencarBraga13/status/1644716731527757825,2023-04-08T15:00:00.000Z,"Brasil brasileiro é o Brasil que ama e cuida do seu povo. É o Brasil que está de volta para fazer mais pela saúde, pela cultura, pela educação, pelo meio ambiente, pelas pessoas. Brasil brasileiro é o país de todos e para todos. #OBrasilVoltou",24,28,68
Dep. Alencar Santana,@AlencarBraga13,https://twitter.com/AlencarBraga13/status/1644687023914078212,2023-04-08T13:01:57.000Z,Satisfação é a palavra que caracteriza esses quase 100 dias de governo @LulaOficial. Todas as políticas retomadas vão fazer o Brasil voltar a crescer!,14,37,89
Dep. Alencar Santana,@AlencarBraga13,https://twitter.com/AlencarBraga13/status/1644454450453422080,2023-04-07T21:37:48.000Z,"Privatização é eufemismo para roubo, para apropriação indevida de patrimônio público. Essa mamata de meia dúzia de famílias ACABOU! Empresas estratégicas NÃO vão parar de graça na mãos de golpistas do mercado!

""Governo tira correios e outras estatais de plano de privatização""",14,36,83
Dep. Alencar Santana,@AlencarBraga13,https://twitter.com/AlencarBraga13/status/1644444941375148045,2023-04-07T21:00:00.000Z,"Há 5 anos, @LulaOficial foi preso injustamente. E 580 dias depois, a verdade e a justiça venceram. Lula foi inocentado, é novamente presidente da república e está trabalhando incansavelmente pra reconstruir o Brasil. ✊🏽",35,67,215
Dep. Alencar Santana,@AlencarBraga13,https://twitter.com/AlencarBraga13/status/1644407619308724225,2023-04-07T18:31:42.000Z,"Eu tenho um compromisso histórico com o mundo do trabalho, e estou determinado a gerar empregos, a melhorar a economia, a educação e a saúde. É a isso que eu tenho que me dedicar. 🎥 @ricardostuckert",18,45,119
Dep. Alencar Santana,@AlencarBraga13,https://twitter.com/AlencarBraga13/status/1644365567795634176,2023-04-07T15:44:36.000Z,Ontem na produção e hoje finalizado o lote do ovo de páscoa mais saboroso de Guarulhos. 🐇🥚🍫Feliz Páscoa e feliz Sexta-feira Santa para todos que celebram esse momento 🙏🏼,41,11,107
Dep. Alencar Santana,@AlencarBraga13,https://twitter.com/AlencarBraga13/status/1644359841547206658,2023-04-07T15:21:51.000Z,"Hoje é o Dia Mundial da Saúde. Como disse o presidente @LulaOficial, que a saúde seja um direito de todos e não mercadoria de alto custo. 

Viva a saúde pública, universal e gratuita. Viva o SUS!#diamundialdasaúde",5,25,73
Dep. Alencar Santana,@AlencarBraga13,https://twitter.com/AlencarBraga13/status/1644341444902092806,2023-04-07T14:08:45.000Z,"Dia do Jornalista. Mais do que profissão, uma categoria que tem uma missão fundamental para a sociedade.#diadojornalista",5,9,43
Dep. Alencar Santana,@AlencarBraga13,https://twitter.com/AlencarBraga13/status/1644309058311290880,2023-04-07T12:00:03.000Z,"✍🏿 Filha de Carolina Maria de Jesus, Vera Eunice de Jesus participou do lançamento do prêmio que leva o nome de sua mãe e mandou uma mensagem de incentivo às mulheres: inscrevam-se no edital a partir de 12 de abril!🎥 Audiovisual/PR",16,19,61
Dep. Alencar Santana,@AlencarBraga13,https://twitter.com/AlencarBraga13/status/1644079237450588165,2023-04-06T20:46:50.000Z,O 🤡 explicando pra Polícia Federal que as joias árabes são legais.#BolsonaroLadrãoDeJoias,40,86,209
Dep. Alencar Santana,@AlencarBraga13,https://twitter.com/AlencarBraga13/status/1644043055689789442,2023-04-06T18:23:03.000Z,O governo @LulaOficial lançou o novo marco do saneamento básico que envolve Parcerias Público-Privadas (PPP). As mudanças possibilitam mais participação dos governos estaduais e favorecem pequenos e médios municípios.,9,24,88
Dep. Alencar Santana,@AlencarBraga13,https://twitter.com/AlencarBraga13/status/1644016455854202905,2023-04-06T16:37:22.000Z,"Segue a minha participação no ""Dois Lados"" da CNN hoje, sobre as joias que Bolsonaro tentou roubar para sua família.",86,49,192
Dep. Alencar Santana,@AlencarBraga13,https://twitter.com/AlencarBraga13/status/1643986507966078980,2023-04-06T14:38:21.000Z,"Móveis do Palácio da Alvorada desaparecidos, 150 viagens à Arábia Saudita, joias roubadas, peculato, formação de quadrilha... a ficha criminal só cresce. Veja a analise contundente de @VillaMarcovilla, no Jornal da Cultura.",207,804,1.906
Dep. Alencar Santana,@AlencarBraga13,https://twitter.com/AlencarBraga13/status/1643954207412699137,2023-04-06T12:30:00.000Z,"O Brasil elegeu em 2018 um presidente que falou que sua especialidade era matar. Que é amigo de assassinos como o miliciano Capitão Adriano, que ele visitou na cadeia. Que tem como ídolo um notório torturador. Que defendeu a legalização de grupos de extermínio. Não foi por acaso.",17,61,123
Dep. Alencar Santana,@AlencarBraga13,https://twitter.com/AlencarBraga13/status/1643929042494652417,2023-04-06T10:50:01.000Z,"Quem estiver on em São Paulo, liga aí na Nova Brasil FM que estou conversando ao vivo com o Heródoto Barberohttps://player.novabrasilfm.com.br/14fee1ec898e149f8f28790fa7e1faf8…",6,8,22
Dep. Alencar Santana,@AlencarBraga13,https://twitter.com/AlencarBraga13/status/1643843806624710657,2023-04-06T05:11:19.000Z,"Chicago, a 3a maior cidade dos EUA, elegeu para prefeito um educador que é líder do sindicato dos professores. E mais: ele derrotou um conservador que tinha o discurso surrado e hipócrita de ""mão dura"" contra a insegurança. Há esperança! Congratulations @Brandon4Chicago 👏🏽👏🏽✊🏽✊🏽",15,65,204
Dep. Alencar Santana,@AlencarBraga13,https://twitter.com/AlencarBraga13/status/1643759930334126082,2023-04-05T23:38:01.000Z,"A diferença é brutal.🤡 depondo em 2023
x
Lula depondo em 2017",762,136,455
Dep. Alencar Santana,@AlencarBraga13,https://twitter.com/AlencarBraga13/status/1643737681581465601,2023-04-05T22:09:37.000Z,O Ministério da Justiça vai liberar recurso extra p/ fortalecer as rondas no entorno das escolas públicas municipais e estaduais. Será criado um grupo p/ fazer o enfrentamento amplo da questão da violência nas escolas. Violência se enfrenta com racionalidade e responsabilidade!,6,34,75
Dep. Alencar Santana,@AlencarBraga13,https://twitter.com/AlencarBraga13/status/1643679766929711115,2023-04-05T18:19:29.000Z,Recebi hoje a visita de alguns estudantes do Instituto Federal de Guarulhos e conversamos sobre a importância da educação pública para nosso estado e para o Brasil.,7,14,47
Dep. Alencar Santana,@AlencarBraga13,https://twitter.com/AlencarBraga13/status/1643651057380147202,2023-04-05T16:25:24.000Z,"O @eduardomoreira comenta a falácia do Estado mínimo, discurso que serve pra esconder maracutaias como essa da Petrosix e o pai da juíza Gabriela Hardt que o @demori denunciou hoje no @ICLNoticias",14,157,454
Dep. Alencar Santana,@AlencarBraga13,https://twitter.com/AlencarBraga13/status/1643613608453058563,2023-04-05T13:56:35.000Z,"Minha solidariedade às famílias das crianças vítimas do trágico ataque a uma creche em Blumenau, bem como ao povo de Santa Catarina como um todo, diante dessa terrível e chocante notícia. 🙏🏽",7,3,30
Dep. Alencar Santana,@AlencarBraga13,https://twitter.com/AlencarBraga13/status/1643602205197455362,2023-04-05T13:11:17.000Z,"Nos Estados Unidos, país tão admirado pela máfia da #LavaJato, a punição para o crime de traição à segurança nacional varia entre 5 anos de prisão e pena de morte. No Brasil as penas são bem mais brandas, pra sorte de muita gente que posa de paladino da moralidade.#Petrosix",4,38,85
Dep. Alencar Santana,@AlencarBraga13,https://twitter.com/AlencarBraga13/status/1643589014941839361,2023-04-05T12:18:52.000Z,"A presidenta do PT, @gleisi, manda recado para Bolsonaro no dia do depoimento do ex- capitão à Polícia Federal.",236,320,779
Dep. Alencar Santana,@AlencarBraga13,https://twitter.com/AlencarBraga13/status/1643588447641141250,2023-04-05T12:16:36.000Z,"O @demori acaba de mostrar no @ICLNoticias que Jorge Hardt, pai da juíza Gabriela Hardt, é suspeito de estar num esquema que roubou tecnologia da Petrobras (Petrosix) e patenteou no exterior para vender para outras empresas. E tem um monte de militar no esquema. @jeanpaulprates +",149,2.505,8.342
Dep. Alencar Santana,@AlencarBraga13,https://twitter.com/AlencarBraga13/status/1643372880967917568,2023-04-04T22:00:01.000Z,Vidas indígenas importam! O governo Lula abriu crédito extraordinário de R$ 640 milhões para ações de auxílio e proteção aos indígenas e seus territórios. Faz o L!,4,42,111
Dep. Alencar Santana,@AlencarBraga13,https://twitter.com/AlencarBraga13/status/1643342682821996544,2023-04-04T20:00:02.000Z,"Bolsonaro golpista fez uso da máquina pública para tentar sabotar as eleições.
Ilegalidade atrás de ilegalidade!#BolsonaronaCadeia",243,200,534
Dep. Alencar Santana,@AlencarBraga13,https://twitter.com/AlencarBraga13/status/1643321105749245952,2023-04-04T18:34:17.000Z,"Tem gente que nem consegue dormir de noite com medo de ser preso, ainda mais depois do Trump abrir a porteira dos corruptos de extrema-direita na cadeia!#BolsonaroNaCadeia",39,57,184
Dep. Alencar Santana,@AlencarBraga13,https://twitter.com/AlencarBraga13/status/1643311957858983945,2023-04-04T17:57:56.000Z,"Pela manhã, estive com o presidente do CIESP Guarulhos, Maurício Colin. Conversamos sobre diversas demandas da cidade nas áreas de mobilidade, moradia, saúde e a reforma tributária que tramita no Congresso Nacional.",1,4,11
Dep. Alencar Santana,@AlencarBraga13,https://twitter.com/AlencarBraga13/status/1643302449036312576,2023-04-04T17:20:09.000Z,O ladrão acabou de entregar o terceiro pacote de joias milionárias para a Caixa. Já pode pedir música pro Fantástico.#BolsonaroLadrãoDeJoias,26,39,123
Dep. Alencar Santana,@AlencarBraga13,https://twitter.com/AlencarBraga13/status/1643282280771624964,2023-04-04T16:00:01.000Z,"Hoje, @LulaOficial sancionou 2 leis, uma para que as delegacias da Mulher funcionem 24h e o Programa de Prevenção e Enfrentamento ao Assédio Sexual. O Ligue 180, que orienta e encaminha denúncias de violência contra as mulheres, também passa a atender por um canal no zap.",8,24,56
Dep. Alencar Santana,@AlencarBraga13,https://twitter.com/AlencarBraga13/status/1643278314373632003,2023-04-04T15:44:15.000Z,"A PRF aparelhada pelo miliciano fujão gastou R$ 1,3 milhão com operações de bloqueios nas estradas para impedir o voto em cidades do Nordeste.

O Trump vai ser preso hoje, mas tem gente no Brasil já imaginando como será ver o sol nascer quadrado durante um bom tempo.",9,25,52
Dep. Alencar Santana,@AlencarBraga13,https://twitter.com/AlencarBraga13/status/1643254128846467073,2023-04-04T14:08:09.000Z,"Com apenas 90 dias de governo Lula, a balança comercial já teve o melhor resultado para um mês, desde 1989. Um recorde histórico com superavit de US$ 11 bilhões! Faz o L! #uniãoereconstrução",666,207,516
Dep. Alencar Santana,@AlencarBraga13,https://twitter.com/AlencarBraga13/status/1643221887596789761,2023-04-04T12:00:02.000Z,"Vamos corrigir distorções históricas: que quem ganha mais pague mais, e quem ganha menos pague menos. Unificar os impostos de consumo e avançar na Justiça Social. Vamos junto com @LulaOficial. Com a Reforma Tributária o Brasil cresce e todos ganham!",20,31,111
Dep. Alencar Santana,@AlencarBraga13,https://twitter.com/AlencarBraga13/status/1643023110847754243,2023-04-03T22:50:10.000Z,Promover o acesso à alimentação e inventivo para agricultura familiar são as finalidades básicas do Programa de Aquisição de Alimentos (PAA).,2,14,39
Dep. Alencar Santana,@AlencarBraga13,https://twitter.com/AlencarBraga13/status/1642997565305020416,2023-04-03T21:08:39.000Z,"A retomada do Programa de Aquisição de Alimentos (PAA) é mais uma das ações do governo @LulaOficial para reconstruir o país, destruído pelo governo anterior. #OBrasilVoltou com a preocupação de garantir comida de qualidade na mesa das pessoas.",25,25,62
Dep. Alencar Santana,@AlencarBraga13,https://twitter.com/AlencarBraga13/status/1642987839032811520,2023-04-03T20:30:00.000Z,"Certíssima a decisão do @LulaOficial de suspender a implantação do novo ensino médio. Vitória da sociedade, especialmente de estudantes, educadores e profissionais da educação em geral.",68,54,190
Dep. Alencar Santana,@AlencarBraga13,https://twitter.com/AlencarBraga13/status/1642986453805469696,2023-04-03T20:24:30.000Z,Foi pra isso que nós votamos no @LulaOficial  👇🏽👇🏽👇🏽,4,76,173
Dep. Alencar Santana,@AlencarBraga13,https://twitter.com/AlencarBraga13/status/1642962935549927427,2023-04-03T18:51:03.000Z,"O @LulaOficial está certíssimo ao pressionar o @BancoCentralBR pela redução dos juros do Brasil, que são os mais altos do mundo e sabotam a nossa economia!#JurosBaixosJá",63,33,108
Dep. Alencar Santana,@AlencarBraga13,https://twitter.com/AlencarBraga13/status/1642944112457400332,2023-04-03T17:36:15.000Z,Está certo o @LulaOficial ao dizer que a roda gigante da economia está voltando a funcionar e o conjunto da população será beneficiado com isso!,531,97,384
Dep. Alencar Santana,@AlencarBraga13,https://twitter.com/AlencarBraga13/status/1642878119659945985,2023-04-03T13:14:01.000Z,"As digitais do criminoso Anderson Torres na tentativa de fraudar a eleição estão aparecendo por todo lado, até na Bahia. A temporada dele na cadeia será longa e em breve terá companhia do chefe miliciano.
CADEIA PARA BOLSONARO!",94,259,642
Dep. Alencar Santana,@AlencarBraga13,https://twitter.com/AlencarBraga13/status/1642869978536857600,2023-04-03T12:41:40.000Z,"4 em cada 5 pessoas consideram que @LulaOficial está certo ao pressionar pela queda dos juros. O terrorismo econômico da grande mídia não serve pra nada, exceto defender as indefensáveis posições dos donos dos meios, não por acaso controlados pelo mercado financeiro.",28,62,176
Dep. Alencar Santana,@AlencarBraga13,https://twitter.com/AlencarBraga13/status/1642863381970386945,2023-04-03T12:15:27.000Z,"O novo arcabouço fiscal é fruto de muita pesquisa, ele segue o exemplo de economias modernas e cria um sistema de tributação mais justo e equilibrado para todos. Confira mais informações no vídeo.",1,22,50
Dep. Alencar Santana,@AlencarBraga13,https://twitter.com/AlencarBraga13/status/1642667526503952384,2023-04-02T23:17:12.000Z,Não podia faltar uma homenagem ao @LulaOficial no show do Chico Buarque hoje em São Paulo.#FazoL,2.135,437,2.960
Dep. Alencar Santana,@AlencarBraga13,https://twitter.com/AlencarBraga13/status/1642625794877927427,2023-04-02T20:31:22.000Z,"Conheci o senhor Duda Leite, em Guarulhos, ele disse que há 40 anos vota no PT. Orgulho e representatividade são os sentimentos dele em relação ao meu trabalho. Obrigado, companheiro!",26,41,250
Dep. Alencar Santana,@AlencarBraga13,https://twitter.com/AlencarBraga13/status/1642587704818032640,2023-04-02T18:00:01.000Z,"O período de chuvas pode aumentar o número de casos de leptospirose, por isso fique atento aos sinais e sintomas da doença. Confira 5 dicas para se prevenir contra a doença em períodos de chuvas e enchentes!",1,6,19
Dep. Alencar Santana,@AlencarBraga13,https://twitter.com/AlencarBraga13/status/1642572215999688704,2023-04-02T16:58:28.000Z,Uma quadrilha foi montada por Jair Bolsonaro dentro do Palácio do Planalto para roubar joias.,7,5,26
Dep. Alencar Santana,@AlencarBraga13,https://twitter.com/AlencarBraga13/status/1642557509214048256,2023-04-02T16:00:02.000Z,"O novo Bolsa Família tem mais novidades! Além do aumento de R$ 600 reais, os participantes do programa serão priorizados para as vagas de emprego. Isso é oportunidade para que as pessoas tenham um futuro melhor!#BolsaFamília",53,30,84
Dep. Alencar Santana,@AlencarBraga13,https://twitter.com/AlencarBraga13/status/1642548316121563136,2023-04-02T15:23:30.000Z,"Funcionários da Polícia Federal de Bolsonaro, chefiada pelo criminoso @andersongtorres, fizeram relatório com locais onde Lula venceu no 1° turno. Objetivo: atrapalhar a eleição nesses locais no 2° turno, o que efetivamente foi feito pela PRF. Mas o golpe foi DERROTADO!",6,57,144
Dep. Alencar Santana,@AlencarBraga13,https://twitter.com/AlencarBraga13/status/1642534776459390976,2023-04-02T14:29:42.000Z,2 de Abril é o Dia Mundial da Conscientização sobre o Autismo. Informe-se sobre esse tema e divulgue para mais pessoas ficarem informadas.#2deabril,2,7,24
Dep. Alencar Santana,@AlencarBraga13,https://twitter.com/AlencarBraga13/status/1642532381557940227,2023-04-02T14:20:11.000Z,Dia Mundial da Conscientização sobre o Autismo. Abracei essa bandeira há muito tempo.,4,7,25
Dep. Alencar Santana,@AlencarBraga13,https://twitter.com/AlencarBraga13/status/1642497103183368194,2023-04-02T12:00:00.000Z,"Novo recorde! Turistas estrangeiros deixaram US$529 milhões no país e é o maior montante dos últimos 4 anos, em um mês de fevereiro. A volta da celebração do carnaval foi uma das razões. Viva o turismo do Brasil!",15,35,101
Dep. Alencar Santana,@AlencarBraga13,https://twitter.com/AlencarBraga13/status/1642361212024545280,2023-04-02T03:00:01.000Z,"""Temos que colocar os pobres no orçamento e os mais ricos no imposto de renda"".
 O novo arcabouço fiscal vai permitir ao país crescer com responsabilidade e melhorando a vida das pessoas. Esse é o Brasil do futuro. ✊🏽",35,96,276
Dep. Alencar Santana,@AlencarBraga13,https://twitter.com/AlencarBraga13/status/1642285713931792384,2023-04-01T22:00:01.000Z,"Caiu na rede é crime! O registro não autorizado de nudez ou ato sexual é crime, assim como compartilhar imagem de nudez sem consentimento.  Ligue 180 e procure órgãos como Delegacia da Mulher, Delegacia de Crimes Virtuais, Ministério Público ou Defensoria Pública.",3,15,39
Dep. Alencar Santana,@AlencarBraga13,https://twitter.com/AlencarBraga13/status/1642255512820649986,2023-04-01T20:00:00.000Z,Sua carteira de vacinação está em dia? O Movimento Nacional pela Vacinação já começou com doses de reforço bivalentes contra a Covid-19 em grupos prioritários. Procure a unidade básica de saúde mais próxima e vacine-se!,10,36,97
Dep. Alencar Santana,@AlencarBraga13,https://twitter.com/AlencarBraga13/status/1642252541365714947,2023-04-01T19:48:12.000Z,"Esse é o Bolsonaro, um acidente histórico, uma catástrofe, a pior coisa que aconteceu no Brasil, perdendo só para a ditadura militar. Assistam esse vídeo até o fim, vale a pena cada minuto.",2.583,2.369,7.708
Dep. Alencar Santana,@AlencarBraga13,https://twitter.com/AlencarBraga13/status/1642225314477776896,2023-04-01T18:00:00.000Z,Resumo de mais uma semana de agendas de trabalho e entrevistas para alguns veículos de imprensa. Confira! ✊🏾,16,27,112
Dep. Alencar Santana,@AlencarBraga13,https://twitter.com/AlencarBraga13/status/1642168200434528256,2023-04-01T14:13:03.000Z,"Para que não se esqueça, para que nunca mais aconteça: DITADURA NUNCA MAIS! 

Via: @crisvector",23,60,212
Dep. Alencar Santana,@AlencarBraga13,https://twitter.com/AlencarBraga13/status/1642142868402733056,2023-04-01T12:32:24.000Z,"O Papa Francisco defende @LulaOficial e @dilmabr ao dizer que são inocentes e conta que participou de reuniões com comissões que trabalhavam pela libertação de Lula quando ele ainda estava preso.

Entrevista exibida na quinta-feira (30) pelo canal @C5N da Argentina.",4,42,93
Dep. Alencar Santana,@AlencarBraga13,https://twitter.com/AlencarBraga13/status/1642134717418831872,2023-04-01T12:00:00.000Z,"O Mais Médicos voltou para garantir atendimento e cuidado para toda a população, principalmente os mais vulneráveis. A expectativa é que até o fim do ano, 28 mil profissionais estejam fixados em todo o país, atendendo mais de 96 milhões de brasileiros.#MaisMédicos",4,8,28
Dep. Alencar Santana,@AlencarBraga13,https://twitter.com/AlencarBraga13/status/1641985761221156871,2023-04-01T02:08:06.000Z,"Lamentável a passagem do jornalista Palmério Dória. Minha solidariedade aos familiares e amigos nesse momento de dor e tristeza. Perde o jornalismo e perde a democracia. Sua contribuição para o Brasil e sua trajetória profissional são indeléveis.
Palmério, presente! ✊🏽✊🏽",9,25,147
Dep. Alencar Santana,@AlencarBraga13,https://twitter.com/AlencarBraga13/status/1641967410700771330,2023-04-01T00:55:11.000Z,"Papa Francisco diz que @LulaOficial foi condenado injustamente e que @dilmabr tem 'mãos limpas'

Pontífice ainda afirmou que petistas foram alvos do uso da Justiça para perseguição política.#lawfare #lavajato",11,71,166
