nome,usuario,idTweet,dataPublicacao,texto,replies,retweets,likes
Capitão Alberto Neto,@capalbertoneto,https://twitter.com/capalbertoneto/status/1652382876183191553,2023-04-29T18:42:32.000Z,"Entrei em contato com a Deputada @joanadarc_am, que me colocou a par do que estava acontecendo. 

Em seguida falei com o Presidente do IBAMA, Rodrigo Agostinho, que me informou que  enviará um funcionário p/ liberar a entrada do Agenor e Joana p/ visitarem a Capivara Filó 🧶",3,1,18
Capitão Alberto Neto,@capalbertoneto,https://twitter.com/capalbertoneto/status/1651377963470913537,2023-04-27T00:09:22.000Z,"O Presidente da Câmara dos Deputados Arthur Lira acaba de determinar a criação da CPI para investigar o Movimento dos Sem Terra (MST).

Mais uma CPI que trará verdades ao povo brasileiro",2,3,31
Capitão Alberto Neto,@capalbertoneto,https://twitter.com/capalbertoneto/status/1651257177150050305,2023-04-26T16:09:24.000Z,"CPMI do 08 de Janeiro instalada. O Presidente do Senado, Rodrigo Pacheco, acaba de ler o requerimento de criação da CPMI para apurar os atos cometidos no 08 de Janeiro contra os prédios dos 3 poderes.",4,6,26
Capitão Alberto Neto,@capalbertoneto,https://twitter.com/capalbertoneto/status/1651003781230804995,2023-04-25T23:22:30.000Z,A liberdade de expressão leva um golpe hoje com a derrota no requerimento de urgência do PL 2630 (PL da Censura ). Vamos continuar com a mobilização e no mérito vamos trazer a vitória para democracia brasileira.,15,5,27
Capitão Alberto Neto,@capalbertoneto,https://twitter.com/capalbertoneto/status/1649233855046459392,2023-04-21T02:09:26.000Z,"Vitória! 
Acabamos de saber que a Capivara Filó continuará vivendo no seu habitat natural, ou seja: No lugar onde nasceu e vive atualmente e o melhor, ao lado do seu melhor amigo humano, o Agenor.",11,11,121
Capitão Alberto Neto,@capalbertoneto,https://twitter.com/capalbertoneto/status/1648782179357323264,2023-04-19T20:14:39.000Z,"Quero registrar meu apoio ao Deputado Eduardo Bolsonaro @bolsonarosp, que de forma covarde, teve sua família e seu Pai atacados durante sessão no congresso.

Quem deve responder no conselho de ética é quem ataca uma família e não quem reage!",4,5,24
Capitão Alberto Neto,@capalbertoneto,https://twitter.com/capalbertoneto/status/1648705834837323776,2023-04-19T15:11:17.000Z,PL em obstrução! A falta de compromisso com a verdade sobre o que aconteceu no fatídico dia do 08 de Janeiro não pode continuar.  A CPMI tem que ser instalada e apurado de forma responsável tudo que aconteceu no 8 de Janeiro.,4,2,18
Capitão Alberto Neto,@capalbertoneto,https://twitter.com/capalbertoneto/status/1648420720538689536,2023-04-18T20:18:20.000Z,"Infelizmente o Presidente do Senado Rodrigo Pacheco, adiou + uma vez a leitura da instalação da CPMI de 8 de Janeiro. O motivo, nós imaginamos. A base governista teme apuração do que realmente aconteceu neste fatídico dia que tentou ferir a democracia do Brasil. Ñ vamos desistir!",3,3,20
Capitão Alberto Neto,@capalbertoneto,https://twitter.com/capalbertoneto/status/1648306170719875072,2023-04-18T12:43:09.000Z,"Hoje está previsto para acontecer a leitura da CPMI do 08 de Janeiro, que logo, significa a instalação da comissão parlamentar. 

Vamos torcer e pressionar para que, finalmente, possamos investigar o que aconteceu no 08 de Janeiro e se o Governo realmente cruzou os braços!",6,3,22
Capitão Alberto Neto,@capalbertoneto,https://twitter.com/capalbertoneto/status/1648115660700909576,2023-04-18T00:06:08.000Z,"URGENTE! 🚨Está confirmada a Sessão Conjunta do Congresso Nacional para AMANHÃ, onde o Presidente do Senado Federal, Senador Rodrigo Pacheco, fará a leitura da CPMI do 8 de Janeiro. 

Estamos atentos e vigilantes. A CPMI vai acontecer!!!",0,4,21
Capitão Alberto Neto,@capalbertoneto,https://twitter.com/capalbertoneto/status/1645526328114905102,2023-04-10T20:37:03.000Z,"Hoje às 22h (Brasília), farei uma Live para discutirmos sobre a falta de SEGURANÇA NAS ESCOLAS e como isso tem impactado de forma direta na vida dos nossos filhos.",3,1,9
Capitão Alberto Neto,@capalbertoneto,https://twitter.com/capalbertoneto/status/1645523564576079883,2023-04-10T20:26:04.000Z,"Uma onda de violência tem tomado conta das escolas do País. Seguimos para o 3° atentado violento em menos de um mês. Dessa vez chegou a uma escola da cidade Manaus. Segundo informações, o adolescente do 7° ano tinha um histórico de ser “violento” e reagir de forma agressiva.",12,5,36
Capitão Alberto Neto,@capalbertoneto,https://twitter.com/capalbertoneto/status/1643615048307277826,2023-04-05T14:02:19.000Z,"Infelizmente os jornais estampam mais um ataque a escola. Em menos de 10 dias voltamos a ver outro crime bárbaro. Como legislador meu compromisso é criar e apoiar leis que tragam mais segurança a população, e ao criminoso, que ele seja julgado e que cumpra a pena máxima.",8,3,28
