nome,usuario,idTweet,dataPublicacao,texto,replies,retweets,likes
Carlos Jordy,@carlosjordy,https://twitter.com/carlosjordy/status/1652449854893830147,2023-04-29T23:08:41.000Z,"A Amazônia pegando fogo com recordes de desmatamento, mas o IBAMA do desgoverno lula preocupado em tomar uma capivara de um dono que dava todo amor e carinho ao bichinho. Tudo isso com as denúncias da lacradora que tenta aparecer às custas da causa animal. Graças a Deus, a Filó…",347,1.356,6.891
Carlos Jordy,@carlosjordy,https://twitter.com/carlosjordy/status/1652422752098197505,2023-04-29T21:20:59.000Z,"A entidade reguladora q estava prevista no PL da censura para fiscalizar se as plataformas estão censurando “conteúdos potencialmente ilegais” foi retirada do projeto. Mas engana-se quem pensa q isso seja bom. Caso seja aprovado, lula criará o órgão via decreto. Será um cheque em…",113,755,3.125
Carlos Jordy,@carlosjordy,https://twitter.com/carlosjordy/status/1652364683091820650,2023-04-29T17:30:14.000Z,Defender as viagens de lula sob pretexto de q ele está fazendo parcerias estratégicas e atraindo investimentos é uma piada de mal gosto. O desgoverno não promoveu nenhuma reforma para atrair investidores e ainda constrói uma fama de pária internacional atacando outros países.,997,1.537,5.718
Carlos Jordy,@carlosjordy,https://twitter.com/carlosjordy/status/1652326520801619968,2023-04-29T14:58:35.000Z,Agrishow desconvida Ministro da Agricultura para convidar o Presidente Bolsonaro. Nada mais justo. O agronegócio sabe quem realmente trabalhou por eles. Hoje temos um desgoverno que faz de tudo para destruir o setor.,516,753,3.593
Carlos Jordy,@carlosjordy,https://twitter.com/carlosjordy/status/1652097655235919880,2023-04-28T23:49:10.000Z,"O desemprego cresceu no 1° trimestre de 2023 e atinge 9,4 milhões de pessoa, mas o importante você já sabe: o amor venceu!",111,1.000,2.339
Carlos Jordy,@carlosjordy,https://twitter.com/carlosjordy/status/1651968042484604931,2023-04-28T15:14:08.000Z,Deputado português @AndreCVentura dispara contra Lula: “eu teria dificuldades em dormir se tivesse roubado o meu país em milhões.”,292,1.741,6.412
Carlos Jordy,@carlosjordy,https://twitter.com/carlosjordy/status/1651738374858760193,2023-04-28T00:01:31.000Z,"Polícia Civil tira adesivos de helicóptero de um dos maiores traficantes do País, André do Rap. A decisão de devolver a aeronave de mais de 7 milhões de reais foi determinada pelo STJ. Tente não sentir nojo!",976,2.633,7.451
Carlos Jordy,@carlosjordy,https://twitter.com/carlosjordy/status/1651340123127140361,2023-04-26T21:39:00.000Z,"Indiquei mais 4 vice-líderes da oposição: deputados @EvairdeMelo @tencelzucco @mendoncafilho e @Maubmarcon 

Eles chegam para fortalecer o time com @marcelvanhattem @nikolas_dm @cabogilberto e @lpbragancabr 

Vamos em frente. Temos muitas batalhas para enfrentar!",65,254,1.702
Carlos Jordy,@carlosjordy,https://twitter.com/carlosjordy/status/1651290093468909611,2023-04-26T18:20:12.000Z,A CPMI foi instalada. Queremos a apuração da verdade. Justiça contra os culpados e a favor dos inocentes. E que lula e seu desgoverno responda por sua omissão.,485,1.314,5.750
Carlos Jordy,@carlosjordy,https://twitter.com/carlosjordy/status/1651232748810432512,2023-04-26T14:32:20.000Z,O Brasil voltou… a passar vexame no exterior. Lula transformou o Brasil num pária internacional!,523,1.990,8.140
Carlos Jordy,@carlosjordy,https://twitter.com/carlosjordy/status/1651191103578689537,2023-04-26T11:46:51.000Z,Deputado português @AndreCVentura faz discurso contra a ida a Portugal do maior bandido da história da política mundial. Parabéns pela coragem!,283,897,4.349
Carlos Jordy,@carlosjordy,https://twitter.com/carlosjordy/status/1651004395923070976,2023-04-25T23:24:56.000Z,Urgência do PL da censura aprovado. Foram 238 votos a favor e 192 contra. Temos pouco tempo para virar votos. Pressionem os deputados que votaram a favor. Sua liberdade está em jogo!,536,1.444,4.346
Carlos Jordy,@carlosjordy,https://twitter.com/carlosjordy/status/1650941627404283924,2023-04-25T19:15:31.000Z,Investimento de 50 bilhões de dólares e 10 mil empregos. Foi o que o Brasil perdeu graças as besteiras que lula falou da Ucrânia. O País europeu não vai mais fabricar aeronaves no Brasil.,323,2.384,5.827
Carlos Jordy,@carlosjordy,https://twitter.com/carlosjordy/status/1650798552472342528,2023-04-25T09:46:59.000Z,"Em Portugal, lula sendo recebido à altura do que ele é!",579,3.313,"14,9 mil"
Carlos Jordy,@carlosjordy,https://twitter.com/carlosjordy/status/1650668081142984705,2023-04-25T01:08:33.000Z,"Essa semana, será pautada a urgência do PL da censura.

Vários partidos se uniram para alertar você dos perigos caso seja aprovado e PEDIR A SUA AJUDA.

Cobre o deputado do seu estado. Mande o vídeo para amigos e familiares!http://pldacensura.com#PL2630Não#PLdaCensuraNão",437,2.649,6.589
Carlos Jordy,@carlosjordy,https://twitter.com/carlosjordy/status/1650650226473009153,2023-04-24T23:57:36.000Z,A linha cronológica da omissão do desgoverno lula não deixa dúvida: agiram para que o pior acontecesse. Foram informados dos atos e determinaram a retirada da guarda presidencial!,313,1.655,5.389
Carlos Jordy,@carlosjordy,https://twitter.com/carlosjordy/status/1650548628350545920,2023-04-24T17:13:53.000Z,Lula é questionado sobre desmatamento da Amazônia e passa vergonha em entrevista para TV portuguesa. Olha a desculpa esfarrapada do delinquente!,496,2.520,8.505
Carlos Jordy,@carlosjordy,https://twitter.com/carlosjordy/status/1650285373707124742,2023-04-23T23:47:48.000Z,"Lula, Flávio Dino e G Dias tentaram se eximir de qualquer culpa pelo 8 de janeiro, mas a proteção dos órgãos federais era da competência deles, e se omitiram e contribuíram para que a tragédia ocorresse. Agora, as câmeras não deixam dúvida. Foram os mentores intelectuais.",537,2.997,9.932
Carlos Jordy,@carlosjordy,https://twitter.com/carlosjordy/status/1650226511297773570,2023-04-23T19:53:54.000Z,"Lula há alguns meses dizia que eles tinham filmagens mostrando quem participou e quem não participou dos atos do 8 de janeiro e era contra a CPMI. Agora que as imagens vazaram mostrando a participação de seu governo, ele diz que não sabia das imagens e está apoiando a CPMI. Como…",837,3.434,"12,7 mil"
Carlos Jordy,@carlosjordy,https://twitter.com/carlosjordy/status/1650133351548981249,2023-04-23T13:43:43.000Z,"Lula chega a Portugal sob protestos de ucranianos e portugueses. O Brasil comandando por um delinquente irresponsável se tornou um pária internacional. Que vexame!

Via @Biakicis",439,1.791,6.426
Carlos Jordy,@carlosjordy,https://twitter.com/carlosjordy/status/1649919255864037376,2023-04-22T23:32:59.000Z,"Lula tentou de todas as formas impedir a instalação da CPMI: ofereceu 60 milhões do orçamento secreto e cargos em estatais. Agora que as imagens vazaram, eles mudaram a estratégia de blindagem: querem indicar o presidente e relator para impedir as investigações. Não permitiremos!",935,3.044,"11,6 mil"
Carlos Jordy,@carlosjordy,https://twitter.com/carlosjordy/status/1649791278681571329,2023-04-22T15:04:27.000Z,Jornalista portuguesa questiona lula quanto à sua declaração absurda sobre a guerra na Ucrânia e ele finge não entender por duas vezes. O Brasil se tornou um pária internacional. Que vexame!,679,2.918,10 mil
Carlos Jordy,@carlosjordy,https://twitter.com/carlosjordy/status/1649570371346071553,2023-04-22T00:26:38.000Z,"URGENTE: em depoimento à PF, G Dias culpou Dino e o Ministro da Defesa pelo 8 de janeiro e afirmou ter entregue as imagens das câmeras da Presidência a todas as instituições de Estado, negando qualquer omissão. Lula havia escondido as imagens até agora! Ele sabia de tudo!",1.490,6.840,27 mil
Carlos Jordy,@carlosjordy,https://twitter.com/carlosjordy/status/1649531228272619522,2023-04-21T21:51:06.000Z,"Enquanto você tenta comprar artigos mais baratos pela Shein, Janja esbanja em lojas na Europa comprando artigos de luxo com o dinheiro do povo brasileiro.",990,1.900,6.277
Carlos Jordy,@carlosjordy,https://twitter.com/carlosjordy/status/1649455707115368448,2023-04-21T16:51:00.000Z,"Desgoverno lula está destruindo tudo de positivo feito por governos anteriores: ataques à autonomia do Banco Central, avançou sobre a lei das estatais, inviabilizou o Marco do Saneamento. É pior que praga do Egito!",190,1.038,3.462
Carlos Jordy,@carlosjordy,https://twitter.com/carlosjordy/status/1649174755680079873,2023-04-20T22:14:36.000Z,"Deputado petista alega que lula não sabia da existência das imagens, pois havia sido informado que as câmeras não estavam funcionando. Eu nunca vi alguém decretar sigilo de imagens que não sabia que existiam.",1.037,4.721,"15,6 mil"
Carlos Jordy,@carlosjordy,https://twitter.com/carlosjordy/status/1649071703241154561,2023-04-20T15:25:06.000Z,"Militante da CNN tenta passar pano pro desgoverno lula diante do vazamentos das imagens, mas toma invertida ao vivo da repórter: “até as paredes sabiam que ia acontecer”.",350,1.551,5.632
Carlos Jordy,@carlosjordy,https://twitter.com/carlosjordy/status/1648881702721167362,2023-04-20T02:50:07.000Z,Uma coisa que aprendi com o PT foi como fazer oposição. Duvidaram da gente. Hoje demos a resposta!,210,1.351,6.461
Carlos Jordy,@carlosjordy,https://twitter.com/carlosjordy/status/1648864666892791812,2023-04-20T01:42:25.000Z,As imagens das câmeras do 8 de janeiro são gravíssimas. Apresentamos notícia crime contra o ex-ministro G Dias pedindo sua prisão com os mesmos fundamentos que Alexandre de Moraes determinou a prisão de Anderson Torres. Vamos chegar no chefe da organização criminosa.,398,1.083,4.474
Carlos Jordy,@carlosjordy,https://twitter.com/carlosjordy/status/1648846338707148800,2023-04-20T00:29:35.000Z,"Lula e seu desgoverno tentaram de tudo para impedir o acesso às imagens do 8 de janeiro. Agora as imagens vazaram e nem a Globonews consegue defendê-los. Havia sigilo de 5 anos nas imagens. Queriam esconder, mas a casa caiu. Isso é só a ponta do iceberg. O governo forjou tudo!",592,2.983,9.606
Carlos Jordy,@carlosjordy,https://twitter.com/carlosjordy/status/1648840347596800007,2023-04-20T00:05:47.000Z,"Petista faz piada duvidando da facada q Bolsonaro levou. 

Eduardo Bolsonaro é filho e se revolta com a infâmia do desprezo pela dor do pai e sua família. 

PT representa no Conselho de Ética contra @BolsonaroSP por sua revolta contra o petista.

Ser petista é ser desumano!",189,462,3.074
Carlos Jordy,@carlosjordy,https://twitter.com/carlosjordy/status/1648818989139722244,2023-04-19T22:40:55.000Z,"Agora que caiu a casa com as imagens, a estratégia do governo é assinar a CPMI e dizer que são favoráveis às investigações. Ótimo. Só que saiu caro, hein?! Gastaram 60 milhões e cargos em estatais para retirarem assinaturas e agora vão pedir para os mesmos deputados assinarem 🤷🏻‍♂️",822,1.553,7.212
Carlos Jordy,@carlosjordy,https://twitter.com/carlosjordy/status/1648796212881915906,2023-04-19T21:10:24.000Z,"O Planalto caiu! Os invasores foram auxiliados pelo ministro de lula, que o manteve no cargo mesmo sabendo da ação criminosa. Impeachment já!",735,3.384,"11,6 mil"
Carlos Jordy,@carlosjordy,https://twitter.com/carlosjordy/status/1648763292377051136,2023-04-19T18:59:36.000Z,"Alguns resultados parciais do 1° dia de obstrução da oposição:

CAPADR caiu por falta de quórum 
CDE caiu por falta de quórum 
CDHMIR caiu por falta de quórum 
CCJC nenhum projeto votado
CSPCCO ministro do GSI apresentou atestado para não comparecer

E ainda vem mais por aí!",91,273,1.494
Carlos Jordy,@carlosjordy,https://twitter.com/carlosjordy/status/1648756398644158464,2023-04-19T18:32:12.000Z,O atestado apresentado pelo Ministro do GSI para não comparecer hoje na Comissão de Segurança Pública. É o velho “piriri”. Atestado de culpa. Fujão! Estamos protocolando requerimento de convocação do Ministro no plenário da Câmara!,277,621,2.542
Carlos Jordy,@carlosjordy,https://twitter.com/carlosjordy/status/1648741480280752166,2023-04-19T17:32:55.000Z,"Ministro do GSI estava convocado hoje para a Comissão de Segurança Pública e APRESENTOU ATESTADO para não comparecer. Não foi à casa que caiu, foi o Planalto!",172,534,2.714
Carlos Jordy,@carlosjordy,https://twitter.com/carlosjordy/status/1648737605440393218,2023-04-19T17:17:31.000Z,As imagens das câmeras do dia 8 de janeiro vazaram e não deixam dúvidas: o desgoverno lula agiu para que os atos de vandalismo acontecessem e vem tentando encobrir seus crimes. Impeachment já!,376,1.838,5.924
Carlos Jordy,@carlosjordy,https://twitter.com/carlosjordy/status/1648699765729931269,2023-04-19T14:47:10.000Z,O GSI de lula facilitou a entrada de manifestantes nos órgãos dos 3 poderes no dia 8 de janeiro. As imagens mostram até o ministro chefe do GSI dando orientações aos invasores. É por isso que queriam esconder as imagens e por isso não querem a CPMI.,451,2.139,6.533
Carlos Jordy,@carlosjordy,https://twitter.com/carlosjordy/status/1648674938126041088,2023-04-19T13:08:30.000Z,OPOSIÇÃO EM OBSTRUÇÃO!,299,411,3.487
Carlos Jordy,@carlosjordy,https://twitter.com/carlosjordy/status/1648484626015600641,2023-04-19T00:32:16.000Z,Entenda a manobra de Pacheco orquestrada por lula para impedir a instalação da CPMI. Não aceitaremos esse desrespeito. Obstrução total!,221,1.377,4.077
Carlos Jordy,@carlosjordy,https://twitter.com/carlosjordy/status/1648460125798301698,2023-04-18T22:54:55.000Z,"Pacheco afrontou a oposição, desrespeitou o povo e descumpriu sua palavra. Agora é OBSTRUÇÃO TOTAL!",1.507,4.117,"14,6 mil"
Carlos Jordy,@carlosjordy,https://twitter.com/carlosjordy/status/1648391759926272003,2023-04-18T18:23:15.000Z,"Rodrigo Pelego se comporta como um despachante de lula. Passa por cima do regimento, descumpre sua palavra e desrespeita o Congresso, de q ele pensa ser dono. Nas próximas horas, anunciaremos as ações conjuntas da oposição da Câmara e Senado em resposta aos seus desmandos.",790,1.470,5.810
Carlos Jordy,@carlosjordy,https://twitter.com/carlosjordy/status/1648330844157747206,2023-04-18T14:21:12.000Z,"Em resposta ao ofício enviado por líderes de partidos da base do governo, em que pedem a suspensão da Sessão do Congresso Nacional de hoje, nós, líderes de partidos de oposição, da oposição no Senado, da oposição na Câmara, da minoria no Senado,",151,590,4.769
Carlos Jordy,@carlosjordy,https://twitter.com/carlosjordy/status/1648314900748574720,2023-04-18T13:17:51.000Z,"O tirano Flávio Dino se julga acima das leis e do Congresso Nacional e edita uma portaria para legislar sobre regulação das redes sociais. Sob pretexto de combater o “discurso de ódio”, quer censurar aqueles q não pensem como a esquerda. Apresentamos PDL para sustar esse absurdo!",321,995,2.725
Carlos Jordy,@carlosjordy,https://twitter.com/carlosjordy/status/1648289257851584512,2023-04-18T11:35:57.000Z,"Líderes de partidos de lula estão pedindo a Rodrigo Pacheco o adiamento da sessão do Congresso Nacional alegando que o piso da enfermagem ainda não foi votado e q a CMO não foi instalada para tratar do tema. Uma manobra safada p/ impedir a CPMI. Se isso ocorrer, o MS está pronto!",283,656,3.115
Carlos Jordy,@carlosjordy,https://twitter.com/carlosjordy/status/1648083993026260992,2023-04-17T22:00:18.000Z,"PGR pede prisão do SENADOR Moro por ele dizer q Gilmar Mendes vende HC. Um vídeo, uma piada, sequer difamação ocorreu. Pelo visto, fazer piada ou criticar membros do STF tornou-se crime INAFIANÇÁVEL. A ditadura do judiciário tem a participação de quem deveria ser o fiscal da lei.",274,461,2.172
Carlos Jordy,@carlosjordy,https://twitter.com/carlosjordy/status/1647990400697741316,2023-04-17T15:48:24.000Z,"Amanhã será instalada a CPMI do 8 de janeiro! Será de suma importância para que apuremos a verdade dos fatos: que os inocentes sejam soltos e absolvidos; os vândalos, responsabilizados; e que o Governo Federal pague por sua omissão.",356,1.878,6.223
Carlos Jordy,@carlosjordy,https://twitter.com/carlosjordy/status/1647731990836436992,2023-04-16T22:41:34.000Z,"Petistas não tiram Bolsonaro da boca. As narrativas são sempre as mesmas, mas a verdade deve ser esfregada na cara.",629,1.659,6.394
Carlos Jordy,@carlosjordy,https://twitter.com/carlosjordy/status/1647633927421706240,2023-04-16T16:11:54.000Z,"O Brasil voltou a pagar bem para ter jornalistas pelegos falando bem do governo. Datena, você é vergonha nacional!",3.092,2.193,9.660
Carlos Jordy,@carlosjordy,https://twitter.com/carlosjordy/status/1647379310695833600,2023-04-15T23:20:09.000Z,Não aceitaremos a chantagem do desgoverno lula para nos pressionar a aprovar o arcabouço fiscal. É inadmissível que tenhamos uma nova regra que amplia os gastos públicos atrelando ao aumento de impostos.,151,619,2.089
Carlos Jordy,@carlosjordy,https://twitter.com/carlosjordy/status/1647303388672167936,2023-04-15T18:18:27.000Z,Desgoverno lula anuncia taxação de empresas chinesas no dia em que foi à China. É um festival de incompetência e trapalhadas.,378,899,3.094
Carlos Jordy,@carlosjordy,https://twitter.com/carlosjordy/status/1647047257433178113,2023-04-15T01:20:41.000Z,"Felipe Neto há algum tempo falando sobre o que ele pensava sobre o Governo cobrar mais impostos. Hoje ele defende que lula faça taxação da Shein e Shopee. Se lula disser que bosta é bom, ele vai apoiar e mandar os picanheiros comer.",258,1.030,3.021
Carlos Jordy,@carlosjordy,https://twitter.com/carlosjordy/status/1647000936642953216,2023-04-14T22:16:37.000Z,"Enquanto a esquerda se manifesta contrariamente à presença de policiais nas escolas, a criançada expressa seu carinho e agradecimento pela presença da PMDF dando abraços. Polícia na escola é segurança para as crianças!",161,352,2.026
Carlos Jordy,@carlosjordy,https://twitter.com/carlosjordy/status/1646894744700583936,2023-04-14T15:14:39.000Z,Deputado português detona lula e expõe as mazelas do seu desgoverno.,431,1.317,4.343
Carlos Jordy,@carlosjordy,https://twitter.com/carlosjordy/status/1646851252150468608,2023-04-14T12:21:50.000Z,"Atenção, picanheiro que comprava produtos na Shein! Haddad chamou você de contrabandista e ainda mandou você ler mais livros. Engole essa!",483,713,2.800
Carlos Jordy,@carlosjordy,https://twitter.com/carlosjordy/status/1646533406145036288,2023-04-13T15:18:49.000Z,Dilma no banco dos BRICS orgulhando o Brasil. Aquele Rivotril com whisky. Essa não decepciona nunca!,711,1.097,3.876
Carlos Jordy,@carlosjordy,https://twitter.com/carlosjordy/status/1646491302874185730,2023-04-13T12:31:31.000Z,Jornalista da CNN fica assustada com imposto de 60% colocado pelo desgoverno em compras do exterior.,633,2.115,7.030
Carlos Jordy,@carlosjordy,https://twitter.com/carlosjordy/status/1646334375691182080,2023-04-13T02:07:57.000Z,"Janja: o governo não taxou os consumidores, é apenas para as empresas Xingling que não pagam imposto.

Picanheiro: ufa, achei que teríamos que pagar mais caro. Obrigado, papai Lula e mamãe Janja!

Empresas Xingling: lepassa a taxação pala os picanheilos.",61,241,1.241
Carlos Jordy,@carlosjordy,https://twitter.com/carlosjordy/status/1646293481273323521,2023-04-12T23:25:27.000Z,Deputadas de esquerda atacam Deputada @apropriajulia por denunciar assédio. Onde está a sororidade? Ela só serve para as aliadas de ideologia.,173,786,2.616
Carlos Jordy,@carlosjordy,https://twitter.com/carlosjordy/status/1646231947809521665,2023-04-12T19:20:56.000Z,"Deputado do PSOL questiona requerimento para ouvir Felipe Neto. Queremos saber como ele atua no grupo de trabalho de combate ao “discurso de ódio” ofendendo, xingando e atacando quem não aplaude o imitador de foca.",135,899,2.836
Carlos Jordy,@carlosjordy,https://twitter.com/carlosjordy/status/1646184575477989378,2023-04-12T16:12:42.000Z,Uma das coisas mais bizarras que já aconteceu na Câmara dos Deputados. Deputado do PCdoB assediando a deputada @apropriajulia durante a ida de Flávio Dino na Comissão de Segurança Pública. Entendem o nível do que estamos enfrentando aqui? Conselho de Ética nele!,414,838,3.253
Carlos Jordy,@carlosjordy,https://twitter.com/carlosjordy/status/1646158758748323843,2023-04-12T14:30:06.000Z,URGENTE! CPMI DO 8 DE JANEIRO ESTÁ EM RISCO. PRECISAMOS DE VOCÊS!,1.726,5.334,"13,9 mil"
Carlos Jordy,@carlosjordy,https://twitter.com/carlosjordy/status/1646120835411853313,2023-04-12T11:59:25.000Z,"Desgoverno lula conseguiu reduzir rombo do INSS de R$ 7,7 bilhões. A façanha foi colocar o salário mínimo como R$ 1302 e não contabilizar o aumento anunciado de R$ 18. Na contabilidade, chamam isso de “marreta”. Na política, chamamos de “pedalada”, e é crime de responsabilidade.",249,875,2.920
Carlos Jordy,@carlosjordy,https://twitter.com/carlosjordy/status/1645925849588289538,2023-04-11T23:04:37.000Z,"Nos 100 dias de governo, lula tem um presente para o brasileiro: o decreto do esgoto, que beneficia as empresas estatais de aliados políticos e prejudica a população carente.",161,487,1.675
Carlos Jordy,@carlosjordy,https://twitter.com/carlosjordy/status/1645889517466034177,2023-04-11T20:40:14.000Z,Flávio Dino coloca seus capachos da base do Governo para tumultuar a Comissão de Segurança Pública e foge para não responder perguntas. Ministro fujão!#DinoFujão,595,331,1.434
Carlos Jordy,@carlosjordy,https://twitter.com/carlosjordy/status/1645846481155379201,2023-04-11T17:49:14.000Z,Até a imprensa militante que ajudou a eleger lula reconhece o atraso que está sendo esse desgoverno: “o governo parece estar andando para trás”.,346,1.183,3.595
Carlos Jordy,@carlosjordy,https://twitter.com/carlosjordy/status/1645755101770907650,2023-04-11T11:46:07.000Z,"O líder da oposição no Senado, Rogério Marinho, falou sobre os 100 dias da administração de lula. Um desgoverno movido pelo ódio e revanchismo, totalmente confuso e sem propostas. Até o momento o Congresso não votou um projeto sequer do Governo Federal.",203,612,2.315
Carlos Jordy,@carlosjordy,https://twitter.com/carlosjordy/status/1645545438055899136,2023-04-10T21:52:59.000Z,Jornalista da Globonews explica porque o novo mandato de lula não é bom como seu 1° mandato: faltam os “grandes nomes”. E pensar que o brasileiro deixou essa quadrilha voltar ao poder para saquear novamente o País.,700,1.910,6.047
Carlos Jordy,@carlosjordy,https://twitter.com/carlosjordy/status/1645478993187962880,2023-04-10T17:28:58.000Z,"Lula fez reunião para um balanço dos 100 dias e criticou o pessimismo que paira sobre seu governo. Disse que, se for pra governar pensando de forma negativa, é melhor desistir. Que esse sonho se torne realidade!",625,709,3.393
Carlos Jordy,@carlosjordy,https://twitter.com/carlosjordy/status/1645440692968202241,2023-04-10T14:56:46.000Z,"Em 100 dias, lula não cumpriu promessas de campanha, desmontou reformas e não apresentou projetos, apenas faz ataques e destrói nossa economia. Para defender esse desgoverno, tem q ser muito gado mesmo. Por isso, lula trata seus apoiadores através da cerca de arame farpado.",340,292,1.243
Carlos Jordy,@carlosjordy,https://twitter.com/carlosjordy/status/1645227163363299328,2023-04-10T00:48:17.000Z,Programa 4 por 4 - 09/04.,100,576,3.284
Carlos Jordy,@carlosjordy,https://twitter.com/carlosjordy/status/1645101522424930304,2023-04-09T16:29:02.000Z,O sentimento da esmagadora maioria das pessoas que votaram no lula é esse. O arrependimento é visível. Agora é batalhar para tirar o monstro antes que ele destrua o Brasil.,894,1.437,5.045
Carlos Jordy,@carlosjordy,https://twitter.com/carlosjordy/status/1644713597707091969,2023-04-08T14:47:33.000Z,Um desgoverno que tem como prioridade a teta de artistas através da Rouanet em detrimento da segurança de crianças nas escolas.,286,1.238,3.179
Carlos Jordy,@carlosjordy,https://twitter.com/carlosjordy/status/1644409587246800915,2023-04-07T18:39:31.000Z,"Numa canetada, lula está destruindo o Marco do Saneamento Básico. Seu desgoverno demonstra seu revanchismo mais uma vez contra o legado do Presidente Bolsonaro. Para beneficiar estatais q não conseguem entregar serviços, estão prejudicando a população q não possui água e esgoto.",304,2.364,5.827
Carlos Jordy,@carlosjordy,https://twitter.com/carlosjordy/status/1644343878336794629,2023-04-07T14:18:25.000Z,"Lula não quer apenas ter o controle do Banco Central, ele quer punir os mais pobres aumentando a meta da inflação. O governo Dilma 3.0 é patético, irresponsável, incompetente e autoritário!

Via @heliobeltrao",283,2.151,6.169
Carlos Jordy,@carlosjordy,https://twitter.com/carlosjordy/status/1644309085280432131,2023-04-07T12:00:10.000Z,Os polícias do BOPE deveriam ter usado máscaras do Flávio Dino para entrar na Maré. É por essa razão que todos questionamos como o Ministro conseguiu ingressar exatamente nesse local de forma tão pacífica e amigável.,259,1.233,3.781
Carlos Jordy,@carlosjordy,https://twitter.com/carlosjordy/status/1644114792288862210,2023-04-06T23:08:07.000Z,"A oposição protocolou PDL para sustar os decretos 11.456 e 11.457, que inviabiliza o Marco do Saneamento Básico, beneficiando estatais q não conseguiram comprovar condições de fornecer os serviços à população. Lula exorbitou do poder regulamentar e afrontou decisão do Congresso.",82,456,1.745
Carlos Jordy,@carlosjordy,https://twitter.com/carlosjordy/status/1644081114238144515,2023-04-06T20:54:17.000Z,"O “jênio” da economia, lula. Para defender a redução da taxa de juros na marra, ele afirma que devemos mudar a meta da inflação. Por isso ele disse que os livros de economia estão superados e defende uma nova mentalidade sobre governar.",369,755,2.458
Carlos Jordy,@carlosjordy,https://twitter.com/carlosjordy/status/1644019956898471938,2023-04-06T16:51:16.000Z,"Tem q ser muito mau caráter para fazer política em cima de uma das tragédias mais bárbaras q o País já viu, mentindo, inventando fatos para associar o assassino a alguém sem prova alguma. Representaremos pela cassação de Janones. É repugnante a banalização da dor dessas famílias!",1.651,1.029,4.925
Carlos Jordy,@carlosjordy,https://twitter.com/carlosjordy/status/1643980970075525121,2023-04-06T14:16:21.000Z,Lula ataca novamente e busca inviabilizar o Marco do Saneamento Básico via decreto. Esse desgoverno é pior que praga do Egito.,248,2.131,6.264
Carlos Jordy,@carlosjordy,https://twitter.com/carlosjordy/status/1643785169428529152,2023-04-06T01:18:19.000Z,É repugnante que o Octávio Guedes faça politicagem usando como palanque a morte das crianças de Blumenau tentando culpar Bolsonaro enaltecendo o desgoverno lula. Nem a outra jornalista aguentou tanto peleguismo. Lula e seus ministros foram indiferentes com a tragédia de Blumenau.,1.418,1.779,8.275
Carlos Jordy,@carlosjordy,https://twitter.com/carlosjordy/status/1643764522312691712,2023-04-05T23:56:16.000Z,Desabafo da madrinha de uma das crianças mortas cruelmente por um vagabundo q estava fazendo parte de um jogo. Essa é a revolta da maioria da população.Nosso sistema penal é uma piada e o judiciário garantista protege esses criminosos. Prisão perpétua era o mínimo para esse lixo!,451,2.052,5.527
Carlos Jordy,@carlosjordy,https://twitter.com/carlosjordy/status/1643739144475033600,2023-04-05T22:15:25.000Z,Esse é o monstro minutos antes de cometer esse crime bárbaro. Um valentão com bebês indefesos. Estou propondo projeto de lei para que crimes como esse não tenham benefícios penais. Que apodreça na cadeia e seja “bem recebido” pelos presos. Nem vagabundo tolera algo tão repugnante,840,926,3.601
Carlos Jordy,@carlosjordy,https://twitter.com/carlosjordy/status/1643725553600438273,2023-04-05T21:21:25.000Z,"Professora trancou os bebês em banheiro para protegê-los do ataque hoje em creche em Blumenau. Uma heroína que conseguiu salvar algumas criancinhas de um monstro.

Via @mfriasoficial",65,276,1.676
Carlos Jordy,@carlosjordy,https://twitter.com/carlosjordy/status/1643684755030900736,2023-04-05T18:39:18.000Z,"Mais um capítulo da novela da Prefeitura de Niterói: EMUSA, a grande família. Uma empresa pública com mil cargos onde apenas 100 trabalham. Por que será que o Prefeito até agora não se pronunciou sobre o caso?",30,330,1.008
Carlos Jordy,@carlosjordy,https://twitter.com/carlosjordy/status/1643652265792634891,2023-04-05T16:30:12.000Z,"Uma atualização do vídeo em que a militante da CNN exaltava o aumento das ações de 3 empresas após a eleição de lula. Nos últimos 5 dias, as 3 perderam em média 15% na bolsa. O acumulado é mais de 50%. Irresponsáveis!",152,1.221,4.013
Carlos Jordy,@carlosjordy,https://twitter.com/carlosjordy/status/1643617254054002693,2023-04-05T14:11:04.000Z,"Que dia triste! Homem armado com machado invade creche em Blumenau-SC, mata 4 crianças e deixa outras 4 feridas.Que tipo de monstro poderia ser tão cruel com crianças indefesas? Minha solidariedade às famílias.Como pai, coloco-me no lugar desses pais. Que Deus possa confortá-los!",169,178,1.623
Carlos Jordy,@carlosjordy,https://twitter.com/carlosjordy/status/1643420328180285442,2023-04-05T01:08:34.000Z,"Amanhã, 4a feira, 5 de abril, farei uma live com o Vereador de Niterói @verdouglasgomes sobre o escândalo da EMUSA e seus quase 900 funcionários fantasmas. Um dos mais graves casos de improbidade administrativa da Prefeitura de Niterói. Será às 9h no Instagram! Não perca!",27,127,731
Carlos Jordy,@carlosjordy,https://twitter.com/carlosjordy/status/1643311658549297152,2023-04-04T17:56:45.000Z,Flávio Dino fugiu das perguntas e MENTIU na CCJ. Ele se omitiu  no 8 de janeiro e assistiu tudo da janela do Ministério.,459,3.102,8.368
Carlos Jordy,@carlosjordy,https://twitter.com/carlosjordy/status/1643237208768360450,2023-04-04T13:00:55.000Z,Saudades daquilo que você prometeu e a gente não viveu!,580,1.250,5.027
Carlos Jordy,@carlosjordy,https://twitter.com/carlosjordy/status/1643058228996063243,2023-04-04T01:09:42.000Z,O vazamento da conversa entre Datena e Boulos é tão verdadeiro quanto à entrevista de Gugu com membros do PCC. Pura estratégia midiática que lembra até matérias noticiadas no Brasil Urgente. Lançaram a chapa com o sensacionalismo que só Datena consegue fazer!,72,287,1.764
Carlos Jordy,@carlosjordy,https://twitter.com/carlosjordy/status/1643057364361199618,2023-04-04T01:06:16.000Z,Até a Globonews assume o que lula está tentando fazer ao atacar o Banco Central. Ele quer arrumar um culpado para a taxa de juros e inflação alta. Tenta tirar o foco de seu fracasso na economia e colocar a culpa em Bolsonaro.,357,2.558,7.007
Carlos Jordy,@carlosjordy,https://twitter.com/carlosjordy/status/1643018275691823110,2023-04-03T22:30:57.000Z,"Lula antes da eleição era contra o orçamento secreto, contra o sigilo e contra indicação de amigos para o STF. Hoje ele mostra que é o maior estelionatário eleitoral da história.",346,1.849,4.628
Carlos Jordy,@carlosjordy,https://twitter.com/carlosjordy/status/1642971914179149826,2023-04-03T19:26:43.000Z,"Senador @rogeriosmarinho dá aula de economia e história a Randolfe. A taxa de juros está alta graças à irresponsabilidade do desgoverno lula, que promove inflação com medidas desastrosas. Ainda assim, a maior taxa de juros já registrada foi nos governos PT.",463,2.429,8.892
Carlos Jordy,@carlosjordy,https://twitter.com/carlosjordy/status/1642927821357039625,2023-04-03T16:31:31.000Z,"Secretário de Haddad fala sobre a taxação de compras internacionais, prevista para a reforma tributária. Mais impostos para todos que fazem compras na Shein, Shopee e Aliexpress, até pra você que fez o L.

Via @@LiberdadeOK",131,740,2.009
Carlos Jordy,@carlosjordy,https://twitter.com/carlosjordy/status/1642693839587627018,2023-04-03T01:01:45.000Z,"Argentina tem inflação de 100% e índice de pobreza de 39%. Para lula, eles estão numa situação privilegiada. Por isso está colocando o Brasil no mesmo caminho.",325,1.978,5.077
Carlos Jordy,@carlosjordy,https://twitter.com/carlosjordy/status/1642669206662512642,2023-04-02T23:23:52.000Z,Programa 4 por 4 - 02/04.,146,990,4.565
Carlos Jordy,@carlosjordy,https://twitter.com/carlosjordy/status/1642660525875003394,2023-04-02T22:49:23.000Z,Arminio Fraga se decepciona com nova âncora fiscal. Fez o L esperando o que? Responsabilidade fiscal? Agora vai ter mais gastos e mais impostos.,307,1.572,5.407
Carlos Jordy,@carlosjordy,https://twitter.com/carlosjordy/status/1642300968107646976,2023-04-01T23:00:37.000Z,"Lula mentiu muito durante a eleição. Cometeu o maior estelionato eleitoral da história. Hoje é o dia do lula, o maior mentiroso do mundo!",623,2.363,8.639
Carlos Jordy,@carlosjordy,https://twitter.com/carlosjordy/status/1642219446369415175,2023-04-01T17:36:41.000Z,O novo “calabouço” fiscal é uma fraude: aumenta gastos e sem demonstrar redução de despesas. Estabelece que o governo poderá gastar até 70% do aumento da receita. A solução será aumentar muito os impostos para justificar o aumento das despesas.,171,1.762,4.805
Carlos Jordy,@carlosjordy,https://twitter.com/carlosjordy/status/1642191572942082048,2023-04-01T15:45:56.000Z,"O novo arcabouço fiscal é uma farsa. Estamos tirando um teto, para impor um piso de gastos. O projeto determina q o aumento de despesa fica limitada a 70% do aumento de receita. Para aumentar a despesa, basta aumentar ainda mais os impostos. É o calabouço fiscal!",125,350,1.522
Carlos Jordy,@carlosjordy,https://twitter.com/carlosjordy/status/1642175748130611200,2023-04-01T14:43:03.000Z,"Aumento real do salário mínimo;

Isenção do IR até R$ 5 mil;

Fim do desmatamento na Amazônia;

Fim dos sigilos; 

Fim do orçamento secreto;

O povo vai voltar a comer picanha e tomar cerveja. 

Um bom 1° de abril para todes!",387,948,3.993
Carlos Jordy,@carlosjordy,https://twitter.com/carlosjordy/status/1642137968927289355,2023-04-01T12:12:55.000Z,"Governo lula tem sua primeira grande inauguração: o letreiro no Ministério da Cultura. 

Pelo menos nisso Paulo Coelho tem razão: é um governo patético.",495,777,3.601
