nome,usuario,idTweet,dataPublicacao,texto,replies,retweets,likes
Carmen Zanotto,@carmen_zanotto,https://twitter.com/carmen_zanotto/status/1651337938481868800,2023-04-26T21:30:19.000Z,"Aprovado o PLN que garante os recursos para o pagamento do Piso Nacional da Enfermagem. A matéria agora segue para sanção presidencial.
A Enfermagem merece e precisa do piso no contracheque! A luta continua.",5,3,31
Carmen Zanotto,@carmen_zanotto,https://twitter.com/carmen_zanotto/status/1651187717097631747,2023-04-26T11:33:23.000Z,Estou em Brasília para cumprir uma extensa agenda. Hoje participo da Assembleia do Conselho Nacional de Secretários de Saúde. Também tomarei posse como representante da Região Sul na diretoria do CONASS para a gestão 2023/2024.,2,0,11
Carmen Zanotto,@carmen_zanotto,https://twitter.com/carmen_zanotto/status/1650966843366989828,2023-04-25T20:55:43.000Z,"Hoje participei da abertura do 9º Fórum Catarinense sobre Doenças Raras, na Alesc. Destaquei a importância do atendimento pré-natal de qualidade e sobre a minha participação na Câmara dos deputados, na defesa dos direitos das pessoas com doenças raras.",1,0,7
Carmen Zanotto,@carmen_zanotto,https://twitter.com/carmen_zanotto/status/1650579116846899234,2023-04-24T19:15:02.000Z,"Com 344 procedimentos cirúrgicos em ortopedia realizados em março, o Hospital Regional São José bateu o recorde de cirurgias desta especialidade em toda sua história. A maior demanda de cirurgias eletivas em Santa Catarina são ortopédicas e nosso objetivo é seguir avançado!",3,1,12
Carmen Zanotto,@carmen_zanotto,https://twitter.com/carmen_zanotto/status/1649112245677195271,2023-04-20T18:06:13.000Z,"Abrimos mais três leitos de UTI neonatal no Hospital Regional de São José. Com essa ampliação serão 23 leitos neonatais ativos para receber os recém-nascidos. Os outros sete leitos previstos serão abertos gradualmente, assim que forem contratados médicos do processo seletivo.",2,1,5
Carmen Zanotto,@carmen_zanotto,https://twitter.com/carmen_zanotto/status/1646884582929596416,2023-04-14T14:34:16.000Z,Ótima notícia! O Ministério da Saúde irá destinar R$ 1 milhão para o enfrentamento da epidemia da dengue em Santa Catarina. A portaria que autoriza o repasse  dos recursos foi publicada no Diário Oficial hoje.,0,2,9
Carmen Zanotto,@carmen_zanotto,https://twitter.com/carmen_zanotto/status/1646584195534258190,2023-04-13T18:40:38.000Z,"Abril é o mês de conscientização do autismo, sou autora da Lei 13.861/19 que obriga o IBGE a inserir no Censo perguntas sobre o autismo. Com os dados, será possível ampliar as políticas públicas para que os recursos sejam corretamente aplicados em prol de quem tem autismo.",0,1,4
Carmen Zanotto,@carmen_zanotto,https://twitter.com/carmen_zanotto/status/1646157663120629763,2023-04-12T14:25:45.000Z,"Iniciamos hoje o mutirão de Cirurgia de Catarata no Hospital Celso Ramos, em Florianópolis. Também inauguramos o centro cirúrgico de oftalmologia, com investimento de R$ 60 mil. Nossa meta é dobrar o número de cirurgias oftalmológicas semanais realizadas na unidade!",0,1,3
Carmen Zanotto,@carmen_zanotto,https://twitter.com/carmen_zanotto/status/1645914421506588673,2023-04-11T22:19:12.000Z,Agora a noite estou no Sul do Estado participando do 8⁰ Congresso de Secretarias Municipais de Saúde de Santa Catarina. O contato mais próximo com os secretários municipais é fundamental para melhorarmos a assistência à nossa população.,0,0,3
Carmen Zanotto,@carmen_zanotto,https://twitter.com/carmen_zanotto/status/1645454530430095363,2023-04-10T15:51:45.000Z,"Começamos a semana com boas notícias, hoje vou participar da coletiva de imprensa dos 100 dias de Governo, às 14h, no Teatro Pedro Ivo, em Florianópolis. Na saúde, 25 mil pessoas já saíram da fila de cirurgias eletivas. Estamos trabalhando para melhorar a vida dos catarinenses.",4,1,9
Carmen Zanotto,@carmen_zanotto,https://twitter.com/carmen_zanotto/status/1644765181040377857,2023-04-08T18:12:32.000Z,"Agora é lei! Foi sancionado o projeto de minha autoria que institui o Dia Nacional da Mulher Empresária a ser celebrado em 17 de agosto, mesma data em que se comemora o Dia Estadual da Mulher Empresária em Santa Catarina. Reconhecimento da trajetória da mulher empreendedora!",1,1,5
Carmen Zanotto,@carmen_zanotto,https://twitter.com/carmen_zanotto/status/1643622210169368576,2023-04-05T14:30:46.000Z,"Uma tragédia inaceitável. Minha solidariedade às famílias, professores e funcionários da Creche Bom Pastor em Blumenau. O mundo ficou mais triste hoje, que Deus conforte o coração de todos nós! 🙏",0,0,7
Carmen Zanotto,@carmen_zanotto,https://twitter.com/carmen_zanotto/status/1643399709246083073,2023-04-04T23:46:38.000Z,"O Presidente sancionou hoje o projeto que prevê o funcionamento 24 horas por dia, incluindo domingos e feriados, para as delegacias da mulher em todo o país. O texto, publicado no Diário Oficial, representa um grande avanço na luta pelo fim da violência contra a mulher.",2,0,12
Carmen Zanotto,@carmen_zanotto,https://twitter.com/carmen_zanotto/status/1643232588754976768,2023-04-04T12:42:33.000Z,Bom dia! Hoje estou em Campos Novos participando da 9ª Conferência Estadual de Saúde etapa Macrorregião Meio Oeste e Serra Catarinense. Logo mais farei uma visita a Apae do município e ao Hospital Dr. José Athanázio.,0,0,4
Carmen Zanotto,@carmen_zanotto,https://twitter.com/carmen_zanotto/status/1642901687848386563,2023-04-03T14:47:40.000Z,O Presidente da República sancionou a Lei 14.538/23 que assegura às pacientes de câncer o direito a troca do implante mamário sempre que ocorrerem complicações. Uma ótima notícia que irá melhorar muito qualidade de vida e autoestima das mulheres!,3,2,14
Carmen Zanotto,@carmen_zanotto,https://twitter.com/carmen_zanotto/status/1649087477603336192,2023-04-20T16:27:47.000Z,"Entregamos o novo tomógrafo do Hospital Infantil Joana de Gusmão (HIJG), de Florianópolis. Com investimento de R$ 3 milhões, o equipamento com tecnologia moderna reduz pela metade o tempo de realização de exames. Nosso objetivo, agora, é adequar a estrutura física do hospital.",1,1,11
Carmen Zanotto,@carmen_zanotto,https://twitter.com/carmen_zanotto/status/1648129708024909828,2023-04-18T01:01:57.000Z,"Amanhã estarei em Brasília para participar da audiência pública, na Câmara Federal, que vai debater as diretrizes do pagamento do piso salarial nacional da enfermagem. Sigo trabalhando pela enfermagem, os profissionais merecem um salário digno. Contem comigo!",3,2,20
Carmen Zanotto,@carmen_zanotto,https://twitter.com/carmen_zanotto/status/1647964617539309570,2023-04-17T14:05:57.000Z,"Hoje é o Dia mundial da Hemofilia. Em Santa Catarina, a estimativa é que existam mil hemofílicos. É uma doença genética que se manifesta por disfunções na coagulação do sangue. O tratamento da hemofilia é um dos mais caros do SUS. Saiba mais no site:  http://saude.sc.gov.br",0,0,8
