nome,usuario,idTweet,dataPublicacao,texto,replies,retweets,likes
Daiana Santos,@daianasantospoa,https://twitter.com/daianasantospoa/status/1651953874834432006,2023-04-28T14:17:50.000Z,"Lula acaba de anunciar a homologação de seis territórios indígenas. Fizemos o L para isso! 

Juntas e juntos na luta pela demarcação para aqueles que mais protegem a nossa terra! ✊🏾🌱🌎#demarcacaoja #abrilindigena",7,55,226
Daiana Santos,@daianasantospoa,https://twitter.com/daianasantospoa/status/1651365425626660864,2023-04-26T23:19:33.000Z,"VITÓRIA! ✊🏾🔥O vereador Valter Nagelstein acaba de ser condenado por RACISMO na 2° instância, no caso dos seus áudios atacando a Bancada Negra de POA.

Hoje, a bancada negra já cresceu e segue crescendo, levando a política do nosso povo para os espaços de poder! NÃO PASSARÃO!!",4,8,118
Daiana Santos,@daianasantospoa,https://twitter.com/daianasantospoa/status/1651314140252651530,2023-04-26T19:55:45.000Z,"VAI TER PISO NACIONAL DA ENFERMAGEM! 

Acabamos de aprovar o PLN 5/23 no Crogresso Nacional, garantindo R$ 7,3 bilhões para o pagamento do piso da enfermagem. 

A luta continua pela valorização de todos e todas trabalhadoras da saúde!",0,3,12
Daiana Santos,@daianasantospoa,https://twitter.com/daianasantospoa/status/1650654708468514821,2023-04-25T00:15:24.000Z,"Foi aprovado na Câmara de Porto Alegre, o projeto de destruição do Conselho Municipal de Transporte. O projeto irá restringir a participação popular nas demandas do transporte. Além disso, ele retira do COMTU a decisão sobre o preço das passagens.",2,6,15
Daiana Santos,@daianasantospoa,https://twitter.com/daianasantospoa/status/1650642724624777218,2023-04-24T23:27:47.000Z,"Melo abriga mais um bolsonarista em seu governo. Para levar adiante o projeto de revitalização do 4º Distrito, que já foi denunciado na ONU por violações de direitos humanos, ele nomeou o ex-secretário de comunicação institucional de Bolsonaro para o gabinete do vice.",1,3,10
Daiana Santos,@daianasantospoa,https://twitter.com/daianasantospoa/status/1649109331453804548,2023-04-20T17:54:38.000Z,"MEDIDA PROTETIVA PARA AS MULHERES! ✊🏾Lula assinou 🖊️e agora as mulheres terão medida protetiva imediatamente após a denúncia, sem necessidade de B.O, inquérito policial ou ação na Justiça. 

Não vamos tolerar que nenhuma mulher volta a ser vítima da violência no Brasil!",1,5,25
Daiana Santos,@daianasantospoa,https://twitter.com/daianasantospoa/status/1648807080919285760,2023-04-19T21:53:36.000Z,E o que vão fazer com as pessoas que hoje se abrigam ali? Qual será a política de acolhimento de Melo para essas pessoas?,0,1,6
Daiana Santos,@daianasantospoa,https://twitter.com/daianasantospoa/status/1648781322121256962,2023-04-19T20:11:14.000Z,"Hoje, recebemos a Ministra da Ciência, Tecnologia e Inovação, @lucianasantos, aqui na Câmara de Deputados. Pude conversar ela sobre as ações do Ministério para o Rio Grande do Sul. 
Mulheres do #PcdoB no comando! Defendemos a democracia e a ciência para reconstruirmos o Brasil!",5,3,11
Daiana Santos,@daianasantospoa,https://twitter.com/daianasantospoa/status/1648775954351771652,2023-04-19T19:49:54.000Z,"É com muita alegria que participo do anúncio da recomposição orçamentária e fortalecimento das universidades e institutos federais! 

Essa medida é fundamental para a garantia do ensino de qualidade e o desenvolvimento da pesquisa científica em nosso país.",1,5,40
Daiana Santos,@daianasantospoa,https://twitter.com/daianasantospoa/status/1648760814726176780,2023-04-19T18:49:45.000Z,"A falta de compostura e o discurso incitando à violência física, ódio e a homofobia do deputado Eduardo Bolsonaro na Câmara são inaceitáveis. A violência verbal e a disseminação do ódio não podem ser toleradas em uma sociedade democrática!",1,5,12
Daiana Santos,@daianasantospoa,https://twitter.com/daianasantospoa/status/1646946258311847939,2023-04-14T18:39:21.000Z,"É com tristeza que comunico o falecimento da Delegada Andrea Mattos, após uma batalha corajosa contra o câncer.  

Uma lutadora dos Direitos Humanos, ela comandava a 1ª Delegacia de Combate a Intolerância de POA, com carinho e braços abertos.  Meus sentimentos a família e amigos.",0,6,37
Daiana Santos,@daianasantospoa,https://twitter.com/daianasantospoa/status/1646892705534861312,2023-04-14T15:06:33.000Z,Um elogio desses 🥰😍,2,11,57
Daiana Santos,@daianasantospoa,https://twitter.com/daianasantospoa/status/1646887733816688641,2023-04-14T14:46:48.000Z,Só fazendo uma correção aqui 🖊️! É VITÓRIA DO POVO!,1,41,223
Daiana Santos,@daianasantospoa,https://twitter.com/daianasantospoa/status/1646884964145790976,2023-04-14T14:35:47.000Z,"Que papo, hein? Se não fosse a pressão popular, iam aumentar de qualquer jeito. Tirou cobrador e isenção falando que ia baixar a passagem e agora queria botar pra R$6. E R$4,80 ainda segue um absurdo.

Te liga que é só o começo, Melo! Vai ver na marra que o povo não é palhaço!",3,4,41
Daiana Santos,@daianasantospoa,https://twitter.com/daianasantospoa/status/1646815545289785344,2023-04-14T09:59:57.000Z,Absurdo!,0,1,12
Daiana Santos,@daianasantospoa,https://twitter.com/daianasantospoa/status/1646551494294904834,2023-04-13T16:30:42.000Z,Revigorante poder ouvir e levar as demandas da comunidade de pessoas com Transtorno do Espectro do Austimo (TEA) para dentro da Câmara das Deputadas e Deputados.,1,4,36
Daiana Santos,@daianasantospoa,https://twitter.com/daianasantospoa/status/1646217986150129665,2023-04-12T18:25:27.000Z,"🚨 ABSURDO 🚨O Prefeito Sebastião Melo acaba de LIMITAR O ACESSO de entidades estudantis, coletivos e parlamentares às escolas de Porto Alegre.

Esse é mais um ataque à democracia de Melo, o prefeito da extrema-direita segue promovendo ódio e violência no ambiente escolar.",4,3,31
Daiana Santos,@daianasantospoa,https://twitter.com/daianasantospoa/status/1645895046846201858,2023-04-11T21:02:13.000Z,Os ataques em escolas são casos complexos que precisam ser encarados com muita urgência e responsabilidade. Muito tem se falado sobre os cuidados necessários na divulgação dos ataques em escolas e os riscos do “efeito contágio” no compartilhamento das imagens. ➕,2,4,27
Daiana Santos,@daianasantospoa,https://twitter.com/daianasantospoa/status/1645794157838098437,2023-04-11T14:21:19.000Z,"Revoltante ver as imagens da RACISTA, Sandra Mathias Correia de Sá, chicoteando um entregador em São Conrado RJ. Ela está sendo investigada pelo ocorrido, além de já ter passagem pela polícia com casos de injúria e ameaça.

Um caso de racismo lamentável que não pode ficar impune!",1,3,24
Daiana Santos,@daianasantospoa,https://twitter.com/daianasantospoa/status/1645552547845775361,2023-04-10T22:21:14.000Z,"O Rio dos Sinos pede socorro! 

A maior parte da poluição do Rio advém da negligência humana com o lixo e esgoto, mas grande parte de resíduos industriais e irrigações agrícolas também se abastecem com o rio.",1,4,13
Daiana Santos,@daianasantospoa,https://twitter.com/daianasantospoa/status/1645528325660581888,2023-04-10T20:44:59.000Z,"Corte de regulamentações e gentrificação, que substitui moradores de baixa renda por outros de maior poder aquisitivo em uma determinada área. Esse é o tipo de projeto que Melo e a elite querem para a cidade! Moradia é direito!",0,2,9
Daiana Santos,@daianasantospoa,https://twitter.com/daianasantospoa/status/1645515803427500032,2023-04-10T19:55:14.000Z,A fala do presidente Lula sobre o caso de racismo no Carrefour foi importantíssima! Não podemos tolerar situações como a de uma mulher negra gestante sendo colocada como suspeita de maneira humilhante dentro do supermercado.,13,58,349
Daiana Santos,@daianasantospoa,https://twitter.com/daianasantospoa/status/1645507869305978880,2023-04-10T19:23:42.000Z,"Hoje fecham 100 dias de Governo Lula. É a volta da esperança, dos sonhos e do futuro melhor. O país da comida no prato, do Bolsa Família, do Mais Médicos, do Zé Gotinha está de volta! 

E nossa mandata está ao lado de Lula nessa reconstrução! 🇧🇷🚩",1,2,10
Daiana Santos,@daianasantospoa,https://twitter.com/daianasantospoa/status/1645492085842223111,2023-04-10T18:20:59.000Z,"Excelente notícia para a ciência brasileira! 

O presidente Lula autorizou um novo concurso público para o Ministério da Ciência, Tecnologia e Inovação, com 814 vagas para reestruturar as unidades de pesquisa. É um grande passo para fortalecer a nossa ciência e tecnologia!",1,5,18
Daiana Santos,@daianasantospoa,https://twitter.com/daianasantospoa/status/1645479033482641438,2023-04-10T17:29:07.000Z,"Como deputada federal, estou em diálogo constante com os ministérios da Educação e da Justiça para implementarmos medidas urgentes contra esses ataques violentos.

É crucial que as instituições públicas e privadas garantam ambientes escolares seguros.",1,3,20
Daiana Santos,@daianasantospoa,https://twitter.com/daianasantospoa/status/1645469946606960640,2023-04-10T16:53:01.000Z,A insegurança está tomando conta da comunidade escolar devido aos recentes ataques violentos com armas nas escolas e creches pelo país. Precisamos urgentemente garantir a segurança dos alunos e professores em sala de aula.,1,3,31
Daiana Santos,@daianasantospoa,https://twitter.com/daianasantospoa/status/1645246684484517889,2023-04-10T02:05:51.000Z,"Quem paga a saúde mental de quem sempre precisa provar que não é culpado? Quem vai devolver a nossa dignidade?

O meu abraço solidário a professora Isabel Oliveira, mulher negra que precisou ficar com roupas íntimas para provar que não estava roubando dentro de um supermercado.",2,9,59
Daiana Santos,@daianasantospoa,https://twitter.com/daianasantospoa/status/1643622762039197700,2023-04-05T14:32:58.000Z,"Enquanto uma creche era invadida por um homem armado e quatro crianças eram brutalmente assassinadas em SC. 

No Rio de Janeiro, um caveirão invadiu uma escola em pleno horário de aula, causando pânico em estudantes, professores e funcionários.",7,16,100
Daiana Santos,@daianasantospoa,https://twitter.com/daianasantospoa/status/1643599551855566849,2023-04-05T13:00:44.000Z,"🚨🚨 URGENTE 🚨Um homem entrou dentro de uma creche armado com um machado e atacou crianças e professoras, em Blumenau-SC.

Mais um ataque violento dentro de uma instituição educacional. Basta de violência!",3,6,22
Daiana Santos,@daianasantospoa,https://twitter.com/daianasantospoa/status/1643401018284056577,2023-04-04T23:51:50.000Z,"Todo o meu apoio a todas profissionais da educação pública do nosso estado e ao @Cpersoficial. Seguimos firmes na luta, ela não acabou! ✊🏾👩🏾‍🏫📚",2,12,101
Daiana Santos,@daianasantospoa,https://twitter.com/daianasantospoa/status/1643400402820386817,2023-04-04T23:49:23.000Z,"Eduardo Leite, inimigo da educação!

Leite e sua base aliada na Assembleia Legislativa aprovaram o reajuste mentiroso de 9,45% para as educadoras do RS, contra a emenda da nossa bancada de oposição que propôs 14,95% para TODA a categoria.",1,9,64
Daiana Santos,@daianasantospoa,https://twitter.com/daianasantospoa/status/1643374202865549313,2023-04-04T22:05:17.000Z,"O TSE decidiu por unanimidade que Nikolas Ferreira foi eleito vereador em Belo Horizonte por uma FRAUDE em 2020.

Ele e o seu partido utilizaram de candidaturas laranjas de mulheres para sumir com o dinheiro do fundo partidário.",0,4,14
Daiana Santos,@daianasantospoa,https://twitter.com/daianasantospoa/status/1643337109153906688,2023-04-04T19:37:53.000Z,"Estamos aqui na @AssembleiaRS, ao lado de todas educadoras na votação do reajuste salarial de 14,95% para TODA a categoria da rede pública estadual de ensino!#ReajusteJa #CampanhaSalarial",0,1,31
