nome,usuario,idTweet,dataPublicacao,texto,replies,retweets,likes
Dayany do Capitão,@dayanydocapitao,https://twitter.com/dayanydocapitao/status/1651769737515266048,2023-04-28T02:06:08.000Z,"Parabéns ao @FortalezaEC pelo gesto lindo, de amor e cuidado. Inclusão é dar a oportunidade de fazer com que todos entendam que somos iguais com as nossas diferenças. 💙",0,1,4
Dayany do Capitão,@dayanydocapitao,https://twitter.com/dayanydocapitao/status/1651614109132021760,2023-04-27T15:47:43.000Z,Estamos juntas nessa luta. Jamais votaria a favor desse absurdo.,1,3,10
Dayany do Capitão,@dayanydocapitao,https://twitter.com/dayanydocapitao/status/1651398363412086785,2023-04-27T01:30:25.000Z,"Tivemos duas importantes comissões instauradas hoje. CPMI do 8 de janeiro e CPI do MST. 
Chegou a hora do país começar a enxergar a verdade dos fatos.",1,3,13
Dayany do Capitão,@dayanydocapitao,https://twitter.com/dayanydocapitao/status/1649910138214465540,2023-04-22T22:56:45.000Z,"É tanta violência, tanta notícia ruim. Nosso estado está indo de mal a pior. Nossas crianças estão desprotegidas até na escola, imagina nas ruas. 
Que esse pequeno logo se recupere. 🙏🏼",5,1,9
Dayany do Capitão,@dayanydocapitao,https://twitter.com/dayanydocapitao/status/1649061395521052672,2023-04-20T14:44:09.000Z,"Senhor presidente, precisamos de mais inclusão e respeito ao falar, dizer que são pessoas com “desequilíbrio de parafuso”, vai na contramão disso. Saúde mental é um dos principais problemas da nossa sociedade atual e merece ser tratada com respeito e ter a atenção necessária.",3,1,11
Dayany do Capitão,@dayanydocapitao,https://twitter.com/dayanydocapitao/status/1648750358733225984,2023-04-19T18:08:12.000Z,"Será que precisa desenhar o porquê da base governista não querer a CPMI do 8 de janeiro? 🤔Quem deve, teme!",4,4,9
Dayany do Capitão,@dayanydocapitao,https://twitter.com/dayanydocapitao/status/1648011611330715660,2023-04-17T17:12:41.000Z,"Já iniciamos a semana com a triste notícia de três casos de feminicídio, no Ceará. 🥺 Até o último dia 12 de abril, 68 mulheres foram assassinadas no Ceará. Na Câmara, já requeremos a criação institucional da Frente Parlamentar em Defesa da Mulher Vítima de Violência Doméstica.",1,1,2
Dayany do Capitão,@dayanydocapitao,https://twitter.com/dayanydocapitao/status/1646882076166086657,2023-04-14T14:24:19.000Z,"Recebi com muita tristeza a notícia da morte de três crianças e uma cuidadora, do Abrigo de Recife. Que Deus em sua infinita misericórdia possa confortar todos os envolvidos nessa tragédia.",2,0,4
Dayany do Capitão,@dayanydocapitao,https://twitter.com/dayanydocapitao/status/1646244621167759360,2023-04-12T20:11:18.000Z,"E a violência só aumenta. O que estiver sendo feito pelas autoridades competentes, precisa ser intensificado urgentemente. Sou mãe, sinto desespero e grande revolta em ler mais uma notícia como essa.
Isso não pode continuar. É inaceitável!",1,0,8
Dayany do Capitão,@dayanydocapitao,https://twitter.com/dayanydocapitao/status/1646183906826153989,2023-04-12T16:10:02.000Z,"Com que direito este senhor tomou a liberdade de chegar por trás da deputada e protagonizar essa cena ridícula? Já que você trabalha com leis, deveria pelo menos fingir que as conhece.
Minha solidariedade à deputada @apropriajulia. 

Importunação sexual é crime!",1,3,8
Dayany do Capitão,@dayanydocapitao,https://twitter.com/dayanydocapitao/status/1645494456517378048,2023-04-10T18:30:24.000Z,"Um verdadeiro absurdo! É repugnante e inadmissível que um líder religioso, com tamanha “influência”, protagonize uma cena como essa. Pedir desculpas não basta. O ato “impensado” foi um crime e precisa de punição severa. 

PEDOFILIA é crime!",0,0,4
Dayany do Capitão,@dayanydocapitao,https://twitter.com/dayanydocapitao/status/1644397790464753670,2023-04-07T17:52:39.000Z,"Com imenso pesar soubemos do falecimento do médico e ex-prefeito de Baturité, Raimundo Ivo dos Santos Oliveira, o nosso querido Dr. Ivo. 

Nossos sentimentos aos familiares e amigos, que Deus conforte a todos neste momento. 🙏🏽🖤",0,1,3
Dayany do Capitão,@dayanydocapitao,https://twitter.com/dayanydocapitao/status/1643623551444963329,2023-04-05T14:36:06.000Z,"Estou acompanhando, de coração partido, as informações sobre o ataque a uma creche, em Blumenau, onde 4 crianças foram mortas. 😭 Quanta dor, meu Deus! Minha solidariedade às famílias!",0,0,2
Dayany do Capitão,@dayanydocapitao,https://twitter.com/dayanydocapitao/status/1642927162759036940,2023-04-03T16:28:54.000Z,"Conversei com o Jornal O Estado e, contei um pouco de minha trajetória até chegar à Câmara dos Deputados. 🙌🏽",0,0,6
Dayany do Capitão,@dayanydocapitao,https://twitter.com/dayanydocapitao/status/1642344558884208643,2023-04-02T01:53:50.000Z,"Dia de celebrar a vida do meu grande
amigo e compadre, @sargentoreginauro 
Que Deus abençoe a sua vida, cada vez mais, que o Senhor continue conduzindo os seus passos. 
Vamos celebrar! 🙌🏽👏🏽🙏🏽💙",0,0,5
Dayany do Capitão,@dayanydocapitao,https://twitter.com/dayanydocapitao/status/1642343979009056771,2023-04-02T01:51:32.000Z,"Hoje foi dia de clássico rei, no Castelão. 1ª etapa de decisão do Campeonato Cearense. Desejo toda sorte às equipes mas acima de tudo, desejo #paz entre as torcidas. Que o futebol seja sempre uma linda festa dentro e fora dos campos. 🙏🏽",0,0,1
