nome,usuario,idTweet,dataPublicacao,texto,replies,retweets,likes
Da Vitoria,@depdavitoria,https://twitter.com/depdavitoria/status/1651382089864937472,2023-04-27T00:25:46.000Z,"URGENTE! Presidente da Câmara dos Deputados, Arthur Lira, acaba de ler o requerimento e determinar a abertura da CPI do MST para investigar a atuação e financiamento deste grupo, que está invadindo terras privadas e produtivas por todo o Brasil. A verdade precisa aparecer!",11,2,13
Da Vitoria,@depdavitoria,https://twitter.com/depdavitoria/status/1651374747219795973,2023-04-26T23:56:35.000Z,"Aprovado pelo Congresso o projeto que garante recursos para a implementação do piso salarial da enfermagem. São R$ 7,3 bilhões que vão permitir que estados e municípios possam pagar enfermeiros, técnicos de enfermagem, auxiliares de enfermagem e parteiras.",2,2,8
Da Vitoria,@depdavitoria,https://twitter.com/depdavitoria/status/1648732013501743110,2023-04-19T16:55:18.000Z,"Quero deixar meus sentimentos ao governador em exercício @RicardoFerraco e toda sua família pelo falecimento da sua mãe, Marilia Rezende Ferraço. Que Deus conforte o coração de todos neste momento tão difícil de perda. Estamos orando por vocês.",27,0,4
Da Vitoria,@depdavitoria,https://twitter.com/depdavitoria/status/1648092477797064704,2023-04-17T22:34:01.000Z,"Entregue R$ 3,958 milhões para o Hospital e Maternidade São Camilo Aracruz! Emenda parlamentar destinada pelo nosso mandato para custeio dos atendimentos de média e alta complexidade do Hospital.",7,2,3
Da Vitoria,@depdavitoria,https://twitter.com/depdavitoria/status/1643629936048046081,2023-04-05T15:01:28.000Z,É estarrecedor o ataque à creche em Blumenau. Um ser humano capaz de fazer isso não tem nada no coração. Deixo minha solidariedade às famílias das vítimas e à comunidade escolar neste momento de dor por mais um crime covarde.,7,0,7
