nome,usuario,idTweet,dataPublicacao,texto,replies,retweets,likes
Helio Lopes,@depheliolopes,https://twitter.com/depheliolopes/status/1652436836701151235,2023-04-29T22:16:57.000Z,O verdadeiro Exemplo de liderança.. @jairbolsonaro @tarcisiogdf#brasil #politica #br #depheliolipes,76,858,3.093
Helio Lopes,@depheliolopes,https://twitter.com/depheliolopes/status/1652037007311249435,2023-04-28T19:48:10.000Z,- CPX 👀👀👀-  A LEGENDA É COM VOCÊS!🇧🇷,121,100,421
Helio Lopes,@depheliolopes,https://twitter.com/depheliolopes/status/1651978206826602496,2023-04-28T15:54:31.000Z,"Sou contra a PL da Censura. No dia 25 o plenário votou o requerimento de urgência para o projeto, mas por motivos médicos não consegui votar contra ao pedido de urgência. No entanto, podem ter certeza, que meu voto permanece contrário a essa PL.",367,1.305,6.824
Helio Lopes,@depheliolopes,https://twitter.com/depheliolopes/status/1651936309173256193,2023-04-28T13:08:02.000Z,Bolsonaro sempre teve razão!,253,628,3.283
Helio Lopes,@depheliolopes,https://twitter.com/depheliolopes/status/1651394792159363072,2023-04-27T01:16:14.000Z,Agora poderemos descobrir o que há por trás dessas invasões.,274,554,3.779
Helio Lopes,@depheliolopes,https://twitter.com/depheliolopes/status/1651279408982900740,2023-04-26T17:37:45.000Z,Vai ter CPMI!  Vamos esclarecer a verdade dos fatos do dia 8 de janeiro!,36,69,451
Helio Lopes,@depheliolopes,https://twitter.com/depheliolopes/status/1651276092496289793,2023-04-26T17:24:34.000Z,"Sou contra a PL da Censura. Ontem o plenário votou o requerimento de urgência para o projeto, mas por motivos médicos não consegui votar contra ao pedido de urgência. No entanto, podem ter certeza, que meu voto permanece contrário a essa PL.",70,150,874
