nome,usuario,idTweet,dataPublicacao,texto,replies,retweets,likes
Dep. Joaquim Passarinho,@depjpassarinho,https://twitter.com/depjpassarinho/status/1652252336075558917,2023-04-29T10:03:48.000Z,"Indo para a estrada, parada obrigatória no Ponto do Goiano, Benevides. Além da qualidade, sempre um bom “bate papo” com amigos. 
Que N S de Nazare abençoe sempre vcs amigo Tiago 🙏🙏",0,2,10
Dep. Joaquim Passarinho,@depjpassarinho,https://twitter.com/depjpassarinho/status/1651967075294879744,2023-04-28T15:10:17.000Z,"Acredito na capacidade do Brasil de avançar com uma #MineraçãoSustentável, tão necessária no nosso dia a dia.#FPMin #Mineração #suatentabilidade",0,2,7
Dep. Joaquim Passarinho,@depjpassarinho,https://twitter.com/depjpassarinho/status/1651017167448539138,2023-04-26T00:15:41.000Z,"Tentamos!  Podem votar um ataque à liberdade de expressão, mas não com meu voto! #PLdaCensura",1,5,12
Dep. Joaquim Passarinho,@depjpassarinho,https://twitter.com/depjpassarinho/status/1650955977800204288,2023-04-25T20:12:33.000Z,"PL 2630 
Teremos hoje mais uma avaliação do Congresso sobre “liberdade de expressão “, algo muito importante para o povo brasileiro. Lembro que em março isso foi tentado e não obteve sucesso. Nada contra controle de Fake News, mas TUDO contra monitorar e controlar a liberdade de…",1,4,9
Dep. Joaquim Passarinho,@depjpassarinho,https://twitter.com/depjpassarinho/status/1649017655720828931,2023-04-20T11:50:21.000Z,"O que está acontecendo no Brasil???? Ex Min Torres, que estava viajando, está preso por atos do dia 08/01!!! 🤷🏼‍♂️. Já o Min G Dias que participou de tudo não comparece no Congresso Nacional por motivos de Saúde!! ??? 🤷🏼‍♂️ Mas pode dar entrevistas para Redes de Comunicação !! 🤷🏼‍♂️??",2,6,12
Dep. Joaquim Passarinho,@depjpassarinho,https://twitter.com/depjpassarinho/status/1648422982312931328,2023-04-18T20:27:19.000Z,"Infelizmente o Governo trabalhou com seus aliados e CANCELOU a Sessão do Congresso Nacional onde seria lido o Requerimento da CPMI do dia 08 de janeiro. 
Por que o medo ????
Qual a verdade ???
O que aconteceu ???
Só queremos a verdade !!
Simples assim !!!",4,6,11
Dep. Joaquim Passarinho,@depjpassarinho,https://twitter.com/depjpassarinho/status/1646160286649384961,2023-04-12T14:36:11.000Z,"Os #MinistériosEspelho são um grupo criado para fiscalizar os ministérios do Governo Federal, monitorando suas atividades e garantindo a transparência e conformidade legal.

Veja aqui:  https://instagram.com/p/Cq6fznlIgyx/",3,3,5
Dep. Joaquim Passarinho,@depjpassarinho,https://twitter.com/depjpassarinho/status/1645606516416815104,2023-04-11T01:55:42.000Z,"Stedile anuncia que MST vai invadir fazendas em todo o Brasil | VEJA Triste voltar a viver isso no Brasil. Movimento velho, ideias velhas, atitudes velhas, objetivos conhecidos e não republicanos. Triste mesmo que o campo produtor passe por isso !!",0,2,7
