nome,usuario,idTweet,dataPublicacao,texto,replies,retweets,likes
Rosana Valle,@DepRosanaValle,https://twitter.com/DepRosanaValle/status/1651738101948063747,2023-04-28T00:00:25.000Z,Bagagem extraviada: deputada propõe nova lei para aumentar segurança em aeroportos https://spdiario.com.br/amp/noticias/politica/bagagem-extraviada-deputada-propoe-nova-lei-para-aumentar-seguranca-em-aeroportos.html…,4,8,29
Rosana Valle,@DepRosanaValle,https://twitter.com/DepRosanaValle/status/1651042339081580545,2023-04-26T01:55:43.000Z,"Fui contra à urgência do PL das Fakes News. O nome do parece atraente, mas o conteúdo do PL restringe a liberdade de expressão e confere um perigoso poder de decisão e controle do Estado sobre o que é fake news. O plenário da Câmara aprovou por 238 votos a 192, o requerimento.",25,43,171
Rosana Valle,@DepRosanaValle,https://twitter.com/DepRosanaValle/status/1650870980716163072,2023-04-25T14:34:48.000Z,"Tem muita coisa nebulosa nessa história, queremos a verdade dos fatos!➡️ Vamos instalar a CPMI dos atos antidemocráticos de 8 de janeiro!  Assinei e trabalhei para aprovarmos essa CPMI que o governo do presidente Lula nunca quis ❌",10,14,76
Rosana Valle,@DepRosanaValle,https://twitter.com/DepRosanaValle/status/1650683703960412161,2023-04-25T02:10:37.000Z,"O brasileiro tem o direito de saber o que aconteceu exatamente no dia 08/01 e a balança não pode pender para um lado só. Esses foram meus argumentos sobre a CPMI, no debate da CNN 2 lados.",5,26,129
Rosana Valle,@DepRosanaValle,https://twitter.com/DepRosanaValle/status/1650580877460623361,2023-04-24T19:22:02.000Z,"Os jogadores brasileiros conseguiram fugir do Sudão e estão em segurança no Egito. Escaparam em um ônibus fretado pelo clube onde jogavam. Fizemos um pedido de ajuda oficial ao Gov. Federal, mas não houve retorno. Os brasileiros resolveram não esperar http://glo.bo/4409Wi5",4,18,73
Rosana Valle,@DepRosanaValle,https://twitter.com/DepRosanaValle/status/1650468471040270337,2023-04-24T11:55:22.000Z,Minha fala ganhou destaque hoje na coluna do @Estadao,16,31,157
Rosana Valle,@DepRosanaValle,https://twitter.com/DepRosanaValle/status/1650302316245917696,2023-04-24T00:55:07.000Z,"Brasileiros no Sudão pedem socorro!
Nos últimos dias, o país na África tem sido palco de combates armados e bombardeios. Há estimativas de que mais de 180 mortes aconteceram na capital Cartum, só na última semana. De acordo com a imprensa, existem pelos menos  20 brasileiros lá.",5,9,51
Rosana Valle,@DepRosanaValle,https://twitter.com/DepRosanaValle/status/1649832957157203969,2023-04-22T17:50:04.000Z,Um governo que se diz interessado em investigar os atos de 8/1 não pode ser o mesmo governo que impõe sigilo de 5 anos nas imagens que tratam exatamente das invasões de 8/1. Falta coerência!,105,858,2.651
Rosana Valle,@DepRosanaValle,https://twitter.com/DepRosanaValle/status/1648507196584636423,2023-04-19T02:01:58.000Z,"Fiz um requerimento à Mesa da Câmara dos Deputados, para que a proposta da exigência do Diploma de Jornalista entre na ordem do dia para votação. A PEC existe desde 2012, já passou pelas comissões e estabelece que a profissão de Jornalista seja exclusiva dos graduados.",5,1,26
Rosana Valle,@DepRosanaValle,https://twitter.com/DepRosanaValle/status/1646625945200066563,2023-04-13T21:26:32.000Z,"🙋🏼‍♀️ O Governo de SP reage e protege as nossas crianças das escolas estaduais!

Veja mais: https://bit.ly/3GFTaea",7,4,53
Rosana Valle,@DepRosanaValle,https://twitter.com/DepRosanaValle/status/1645543737949585408,2023-04-10T21:46:14.000Z,Estamos nos 100 primeiros dias desse governo e parece que só piora. Teremos muito trabalho pela frente. Contem comigo no Congresso.,18,12,71
Rosana Valle,@DepRosanaValle,https://twitter.com/DepRosanaValle/status/1644818585536061443,2023-04-08T21:44:44.000Z,Aprovamos em 2020 o novo Marco do Saneamento. A Lei trouxe regras claras e segurança jurídica para atração de investidores. Esperança para 100 milhões de brasileiros sem coleta de esgoto e 35 milhões sem água tratada.,4,3,40
Rosana Valle,@DepRosanaValle,https://twitter.com/DepRosanaValle/status/1644061060901609472,2023-04-06T19:34:36.000Z,"Circulam nas redes sociais fotos que mostram o Bonde Turístico do Gonzaga, em Santos, sendo utilizado como alojamento por moradores de rua.
Após denúncias a prefeitura fez a limpeza do local, e teve que colocar uma porta de madeira, descaracterizando o equipamento turístico",8,10,56
Rosana Valle,@DepRosanaValle,https://twitter.com/DepRosanaValle/status/1643631614339997697,2023-04-05T15:08:08.000Z,"Estou profundamente triste c/ o massacre ocorrido numa creche, em Blumenau. Mais um episódio de crueldade que ñ podemos tolerar. A segurança dos nossos filhos nas escolas, tem que ser repensada. Vou cobrar ações efetivas p/ a busca de soluções. Do jeito que está, não dá.",6,2,28
Rosana Valle,@DepRosanaValle,https://twitter.com/DepRosanaValle/status/1643186578137784321,2023-04-04T09:39:43.000Z,Estou orgulhosa e confiante no trabalho do nosso governador @tarcisiogdf . São Paulo em boas mãos 🙌,4,13,86
