nome,usuario,idTweet,dataPublicacao,texto,replies,retweets,likes
Deputado Rodrigo,@DepRodrigo_,https://twitter.com/DepRodrigo_/status/1652034848792387595,2023-04-28T19:39:35.000Z,"MELHOR DEPUTADO FEDERAL DE SERGIPE PELO RANKING DOS POLÍTICOS 🏆Com orgulho, compartilho com vcs que o Ranking dos Políticos, o maior do Brasil, avaliando o trabalho de todos os deputados federais, nos indicou como o melhor deputado federal de Sergipe e 25º de todo o país. 🇧🇷",2,2,16
Deputado Rodrigo,@DepRodrigo_,https://twitter.com/DepRodrigo_/status/1651192693937037315,2023-04-26T11:53:10.000Z,"Não se iluda! 
Aqueles que defendem a Censura na Internet não estão preocupados com as notícias falsas. 
Estão preocupados com as verdadeiras. 

Bom dia!#PL2630daCensuraNao",2,9,27
Deputado Rodrigo,@DepRodrigo_,https://twitter.com/DepRodrigo_/status/1650997308715048960,2023-04-25T22:56:47.000Z,"URGENTE! Cobrem aos deputados de seu estado para votarem contra o mérito do PL da Censura, que será votado na semana que vem.

Compartilhe esse vídeo com o máximo de pessoas que conseguir e vamos juntos lutar contra a censura no Brasil.#PLdaCensuraNao #naoacensura",4,29,45
Deputado Rodrigo,@DepRodrigo_,https://twitter.com/DepRodrigo_/status/1650955440706973728,2023-04-25T20:10:24.000Z,"O PT e toda a esquerda querem calar o Brasil na internet, criando um policiamento virtual sobre o que pode ou não ser dito. 

Vamos lutar contra! 💪🏼❌🚫Subam: #PLdaCensuraNao",3,6,24
Deputado Rodrigo,@DepRodrigo_,https://twitter.com/DepRodrigo_/status/1648787734809526273,2023-04-19T20:36:43.000Z,"Urgente!🚨 Após vídeo mostrando a presença e participação do ministro-chefe da GSI no Palácio durante as invasões do 8 de jan., ele acabou pedindo demissão do cargo. 

Queremos deixar claro que pedir demissão não o isenta da responsabilidade que possuía naquele momento. #CPMIjá",1,2,16
Deputado Rodrigo,@DepRodrigo_,https://twitter.com/DepRodrigo_/status/1648733701230952454,2023-04-19T17:02:01.000Z,NÃO PASSA NADA ATÉ QUE A CPMI SEJA INSTAURADA!,8,6,27
Deputado Rodrigo,@DepRodrigo_,https://twitter.com/DepRodrigo_/status/1647943925372530692,2023-04-17T12:43:43.000Z,"Deus seja Louvado!

Estive na inauguração da nova sede da Igreja Internacional da Graça de Deus, que fica em frente ao Shopping Rio-mar.

O Missionário RR Soares veio especialmente para o evento, junto com seu filho, o dep. David Soares. Foi um momento abençoado. 🙏🏻",0,0,6
Deputado Rodrigo,@DepRodrigo_,https://twitter.com/DepRodrigo_/status/1646179483353767937,2023-04-12T15:52:28.000Z,"Minha solidariedade a deputada @apropriajulia, q foi assediada dentro da Câmara pelo dep. esquerdista Márcio Jerry. As câmeras de segurança captaram o momento que Jerry vai por trás da dep. e cheira o seu pescoço. Não toleramos assédio, que ele seja responsabilizado por seu ato!",1,1,7
Deputado Rodrigo,@DepRodrigo_,https://twitter.com/DepRodrigo_/status/1646152395565481987,2023-04-12T14:04:49.000Z,"Com muita gratidão, anuncio que fui empossado coordenador de comunicação da Frente Parlamentar Evangélica. Estou animado p/ ampliar a nossa mensagem e mostrar que nossos valores cristãos, a família e a vida são presentes sagrados de Deus e que lutaremos por cada um deles. 🙏🏻",1,1,9
Deputado Rodrigo,@DepRodrigo_,https://twitter.com/DepRodrigo_/status/1645998161876377603,2023-04-12T03:51:57.000Z,"Diante dos recentes ataques em escolas, o governador SC anunciou que colocará um policial armado em cada escola estadual. Em 
SE, faço um apelo a Fábio Mitidieri para adotar a mesma medida, a fim de garantir a segurança dos estudantes e tranquilidade dos pais.",0,2,5
Deputado Rodrigo,@DepRodrigo_,https://twitter.com/DepRodrigo_/status/1643652997480579082,2023-04-05T16:33:06.000Z,"Recebemos com imensa tristeza a notícia de mais um ataque, covarde e desumano, a uma escola. Desta vez, em SC, ceifando a vida de 4 crianças inocentes. Deixo aqui a minha solidariedade aos familiares das vítimas e a minha total indignação a mais este caso de violência. #LutoPorSC",1,0,9
