nome,usuario,idTweet,dataPublicacao,texto,replies,retweets,likes
Márcio Marinho,@dpmarciomarinho,https://twitter.com/dpmarciomarinho/status/1651568341037793282,2023-04-27T12:45:51.000Z,"Grande vitória para os enfermeiros! Votei sim para aprovação da PLN 5/2023, que assegura o pagamento do piso salarial da categoria. Agora, a classe terá a garantia do crédito especial de R$ 7,3 Bi.",22,0,1
Márcio Marinho,@dpmarciomarinho,https://twitter.com/dpmarciomarinho/status/1650854995334397953,2023-04-25T13:31:16.000Z,"O deputado federal Marcos Pereira foi reeleito para mais um mandato de quatro anos na presidência nacional do único partido 🔟 do Brasil. Parabéns, presidente! Que seja mais quatro anos de crescimento e evolução do nosso partido!",12,0,1
Márcio Marinho,@dpmarciomarinho,https://twitter.com/dpmarciomarinho/status/1649101595911634964,2023-04-20T17:23:53.000Z,"Ontem, foi aprovado na Câmara dos Deputados, pela Comissão de Defesa do Consumidor, o requerimento de minha autoria, que solicita a realização de uma audiência pública para debater o alto custo na remarcação ou cancelamento de passagens aéreas.",6,1,2
Márcio Marinho,@dpmarciomarinho,https://twitter.com/dpmarciomarinho/status/1643670104373116928,2023-04-05T17:41:05.000Z,"Grande tristeza e dor pelo ataque à creche em Blumenau (SC), que vitimou 4 crianças. Total solidariedade de nós baianos aos familiares desses anjinhos.",3,0,0
