nome,usuario,idTweet,dataPublicacao,texto,replies,retweets,likes
ERIKA HILTON,@ErikakHilton,https://twitter.com/ErikakHilton/status/1652318966700822528,2023-04-29T14:28:34.000Z,"Toda minha solidariedade à Samantha Barbosa, mulher negra, pesquisadora, constrangida e intimidada e retirada de um vôo por 3 policiais por não querer despachar seu notebook.

Os policiais não quiseram informar o motivo oficial alegado pelo comandante da @VoeGOLoficial ter pedido…",268,3.194,"27,1 mil"
ERIKA HILTON,@ErikakHilton,https://twitter.com/ErikakHilton/status/1652104204813516809,2023-04-29T00:15:11.000Z,"Pra não ter briga por ingresso pra Beyoncé no Brasil em 2024 cabe à nossa Ministra @MagaAfroPop conseguir um show de graça no Ibirapuera. 

Quem apoia? 😂😂😂",153,164,2.840
ERIKA HILTON,@ErikakHilton,https://twitter.com/ErikakHilton/status/1652061852090740737,2023-04-28T21:26:54.000Z,"VEM AÍ 👀Participei hoje do videocast RECONVERSA, com @reinaldoazevedo e @WalfridoWarde. Em breve, disponível pra todes!",31,69,1.137
ERIKA HILTON,@ErikakHilton,https://twitter.com/ErikakHilton/status/1652004117202518027,2023-04-28T17:37:28.000Z,"PL 2630 SALVA VIDAS

Chega de impunidade pra movimentos antivacina, anticiência e antidemocracia!",3,150,621
ERIKA HILTON,@ErikakHilton,https://twitter.com/ErikakHilton/status/1651983507843956741,2023-04-28T16:15:35.000Z,"AUMENTO PROS SERVIDORES!
Depois de 6 anos de congelamento salarial dos servidores públicos, hoje o Presidente Lula assina o aumento linear de 9% de seus salários. 

Para o País funcionar, precisamos de servidores públicos valorizados.

Mais uma grande vitória!",10,79,686
ERIKA HILTON,@ErikakHilton,https://twitter.com/ErikakHilton/status/1651959220177100800,2023-04-28T14:39:04.000Z,"Ministro Silvio Almeida @silviolual é GIGANTE!

Botou os bolsonaristas nanicos-lacradores em seu devido lugar. ✏️ @desenhosdonando",108,401,3.949
ERIKA HILTON,@ErikakHilton,https://twitter.com/ErikakHilton/status/1651943811185090560,2023-04-28T13:37:50.000Z,"HISTÓRICO!

Após 5 anos sem nenhuma demarcação, Lula visitou o Acampamento Terra Livre e assinou a demarcação de seis Terras Indígenas! 

Elas são: Arara do Rio Amônia (AC), Avá-Canoeiro (GO), Kariri-Xocó (AL), Rio dos Índios (RS), Tremembé da Barra do Mundaú (CE) e Uneiuxi (AM)",17,349,1.957
ERIKA HILTON,@ErikakHilton,https://twitter.com/ErikakHilton/status/1651937058078728197,2023-04-28T13:11:00.000Z,"VITÓRIA NO MUNDO REAL 🙌🏾A Prefeitura de SP decidiu cancelar a “Virada Cultural do Metaverso”

Custando R$10 milhões, equivalente à quase todo o orçamento da Virada Cultural, nem a Prefeitura sabia explicar o evento.

O evento foi alvo de ofício do meu mandato no mês passado.",80,587,4.201
ERIKA HILTON,@ErikakHilton,https://twitter.com/ErikakHilton/status/1651923055025745920,2023-04-28T12:15:22.000Z,"DIA MUNDIAL DA EDUCAÇÃO 📚 🌍Dia de celebrar a educação como ferramenta de emancipação social dos povos oprimidos em todo mundo. Uma educação que sirva para pensar, refletir, criticar, e não obedecer a ordem estabelecida das coisas.

Dia de lembrar, resgatar e reverenciar o…",7,99,506
ERIKA HILTON,@ErikakHilton,https://twitter.com/ErikakHilton/status/1651909413219840000,2023-04-28T11:21:09.000Z,"NOSSOS SÍMBOLOS VOLTANDO ✊🏾Muito feliz com a decisão de @JoaoJorger, Presidente da Fundação Palmares, de retomar o símbolo original da Fundação, o Machado de Xangô

Ele havia sido trocado pela gestão Bolsonaro por um logotipo verde e amarelo, o que questionei na justiça em 2021",15,71,724
ERIKA HILTON,@ErikakHilton,https://twitter.com/ErikakHilton/status/1651687647138443301,2023-04-27T20:39:56.000Z,"REGULAR AS REDES SOCIAIS NÃO É CENSURA 🧶O Projeto de Lei que regula as redes tem sido alvo dos bolsonaristas, que dizem que ele será usado pra censura

Mas ao contrário da ir contra a liberdade de expressão, o PL2630 protege você e responsabiliza criminosos

Vem entender +👇🏾",51,423,1.690
ERIKA HILTON,@ErikakHilton,https://twitter.com/ErikakHilton/status/1651676405036380188,2023-04-27T19:55:16.000Z,"Toda minha solidariedade à Deputada estadunidense @ZoAndBeholdZooey Zephyr é uma mulher trans e Deputada Estadual de Montana.

E por se opor a um projeto de lei, foi banida do Câmara de lá, de maioria conservadora, até 5 de Maio, o fim da discussão do projeto. +👇🏾",5,68,907
ERIKA HILTON,@ErikakHilton,https://twitter.com/ErikakHilton/status/1651628828765167642,2023-04-27T16:46:13.000Z,"O Ministro dos Direitos Humanos @silviolual não aceitou fazer parte de um espetáculo horroroso hoje no Senado.

Um tema tão importante como o aborto não pode ser tratado com tamanho desrespeito! 

Silvio foi exemplar na resposta.",61,260,2.167
ERIKA HILTON,@ErikakHilton,https://twitter.com/ErikakHilton/status/1651612608938606593,2023-04-27T15:41:46.000Z,"Hoje é Dia Nacional das Trabalhadoras Domésticas.

Dia de 6 milhões de pessoas, a maioria mulheres negras na informalidade e que só tiveram seus direitos reconhecidos em 2015.

Dia de reafirmar nosso compromisso de luta pelos direitos das Domésticas e contra sua exploração +👇🏾",3,56,412
ERIKA HILTON,@ErikakHilton,https://twitter.com/ErikakHilton/status/1651573985430196227,2023-04-27T13:08:17.000Z,"PINTOU UMA MULTA MILIONÁRIA, como disse meu amigo @fabiofelixdf, que denunciou ao MP as violações de Bolsonaro aos direitos das crianças 

Uma delas é quando Bolsonaro disse que “pintou um clima” entre ele e crianças de 14 anos

O MP acatou e agora cobra R$30 milhões de Bolsonaro",25,202,1.013
ERIKA HILTON,@ErikakHilton,https://twitter.com/ErikakHilton/status/1651555166246559745,2023-04-27T11:53:30.000Z,"E esse feat, Brasil? 
Obrigada pelas orações, irmã Monica! 
Vamos à luta por essa vaga na CPMI!
Prisão para Bolsonaro.
Ninguém toca! 🏳️‍🌈",596,2.364,"17,9 mil"
ERIKA HILTON,@ErikakHilton,https://twitter.com/ErikakHilton/status/1651360835359367170,2023-04-26T23:01:18.000Z,"NINGUEM TOCA NAS MINHAS LGBT! 🏳️‍🌈 Amém!?

Recebendo Irmã Monica no meu gabinete pra conversar sobre a religião que não prega o ódio, e sim o amor... E também sobre essa CPMI que vai investigar os golpistas bolsonaristas.

Tá decretado!",229,1.301,"16,9 mil"
ERIKA HILTON,@ErikakHilton,https://twitter.com/ErikakHilton/status/1651329897141346308,2023-04-26T20:58:22.000Z,"Com o querido companheiro @ContaratoSenado  na Sessão conjunta entre Deputadas e Senadores, hoje, no Congresso Nacional. ☀️⭐️📸 @pedrogontijoc",14,36,545
ERIKA HILTON,@ErikakHilton,https://twitter.com/ErikakHilton/status/1651322936819699712,2023-04-26T20:30:42.000Z,"👩🏾‍⚕️ VAI TER PISO NACIONAL DA ENFERMAGEM!

Aprovamos, em votação conjunta na Câmara e no Senado, o PL que financia o do Piso Nacional da Enfermagem.

Com o piso, Enfermeiras receberão no mínimo R$4.750,00, Técnicas de Enfermagem R$3.325,00, e auxiliares e parteiras R$2.375,00.",78,374,5.313
ERIKA HILTON,@ErikakHilton,https://twitter.com/ErikakHilton/status/1651301893274992659,2023-04-26T19:07:05.000Z,"Agora,  na Comissão Permanente de Direitos Humanos e Igualdade Racial, que sou membra, participando de Audiência Pública sobre a Comissão Nacional da Verdade, junto do Ministro @SilvioLuAl.

Esse é o bonde dos Direitos Humanos!📸: Kati Tortorelli",2,20,211
ERIKA HILTON,@ErikakHilton,https://twitter.com/ErikakHilton/status/1651289698365472786,2023-04-26T18:18:38.000Z,Aqueles que metem o louco quando são pegos fazendo m*.,13,215,1.543
ERIKA HILTON,@ErikakHilton,https://twitter.com/ErikakHilton/status/1651280907662245906,2023-04-26T17:43:42.000Z,"VITÓRIA NA CCJ! 

A PEC da Anistia que quer liberar partidos que não cumpriram as cotas de gênero e raça não foi discutida na CCJ! A sessão foi encerrada pra início da ordem do dia na Câmara. 

Partidos que não cumprirem a lei não irão se livrar assim!",1,26,172
ERIKA HILTON,@ErikakHilton,https://twitter.com/ErikakHilton/status/1651265237792747521,2023-04-26T16:41:26.000Z,"CONFIRMADO:

Vai ter CPMI dos Golpistas.
Não vai ter anistia para os criminosos bolsonaristas.",33,129,1.041
ERIKA HILTON,@ErikakHilton,https://twitter.com/ErikakHilton/status/1651251050668539905,2023-04-26T15:45:03.000Z,"Bolsonaro, em depoimento à PF, disse que estava “sob efeito de remédios”, quando postou vídeo endossando os atos golpistas de 8 de Janeiro.

Que remédio é esse que ao invés de dar sono, dá vontade de incitar o terrorismo?",53,271,1.401
ERIKA HILTON,@ErikakHilton,https://twitter.com/ErikakHilton/status/1651236223585853445,2023-04-26T14:46:08.000Z,"Feliz aniversário, queridissima @dasilvabenedita! Muitas felicidades, saúde e vitórias! 💗Você nos inspira! 🌻",6,45,923
ERIKA HILTON,@ErikakHilton,https://twitter.com/ErikakHilton/status/1651225892566302724,2023-04-26T14:05:05.000Z,"SEM ANISTIA 👇🏾Está na pauta da CCJ hoje uma PEC absurda, que anistia partidos que descumpriram as cotas de candidaturas negras e femininas

O Deputado @RFalcao13 preside a CCJ e pode derrubar a pauta#DerrubaRui, os direitos das mulheres e pessoas negras devem ser respeitados",3,30,171
ERIKA HILTON,@ErikakHilton,https://twitter.com/ErikakHilton/status/1651209623314022401,2023-04-26T13:00:26.000Z,"A LGBTfobia é crime no Brasil.

A recém decisão do Kiko da Tesla de que postagens LGBTfóbicas não serão punidas nesta rede é a admissão que este espaço é um espaço onde se pode cometer crimes.

Regulamentar as redes é urgente.",24,228,1.564
ERIKA HILTON,@ErikakHilton,https://twitter.com/ErikakHilton/status/1651196054442835969,2023-04-26T12:06:31.000Z,"Hoje Bolsonaro vai depor na Polícia Federal sobre os atos golpistas de 8 de Janeiro.

A estratégia dele será ficar em silêncio. 

Ele não precisa dizer nada agora. Foram 4 anos incitando ódio contra a democracia e o Brasil. 

SEM ANISTIA!",45,165,1.355
ERIKA HILTON,@ErikakHilton,https://twitter.com/ErikakHilton/status/1651189980197208065,2023-04-26T11:42:23.000Z,"Ontem pude usar o plenário da Câmara pra levar adiante uma denúncia da população de Itu

A Prefeitura está cobrando da população uma taxa pra recolher o lixo e não o recolhe

Sabemos que isso ocorre em muitos municípios e não pode continuar assim. Estarei atenta sobre a situação.",11,38,496
ERIKA HILTON,@ErikakHilton,https://twitter.com/ErikakHilton/status/1651007665374388227,2023-04-25T23:37:56.000Z,"DEMARCAÇÃO JÁ 👇🏾Foi uma honra discursar hoje no Acampamento Terra Livre

Em sua 19a edição, ele é considerado a maior assembleia dos povos indígenas do país

São 6 mil indígenas do Brasil inteiro reunidos sob o lema: O futuro indígena é hoje. Sem demarcação não há democracia!",4,51,514
ERIKA HILTON,@ErikakHilton,https://twitter.com/ErikakHilton/status/1650986045243023360,2023-04-25T22:12:01.000Z,"CONSEGUIMOS!

O congresso decidiu, e o PL das Fake News teve o regime de urgência aprovado

Agora é lutar pra convencer cada um dos 513 Deputados: as redes precisam ser regulamentadas!

Chega de ameaças à vida, às nossas escolas, minorias e nossa própria democracia saírem impunes",69,344,2.636
ERIKA HILTON,@ErikakHilton,https://twitter.com/ErikakHilton/status/1650891815107588097,2023-04-25T15:57:35.000Z,"🔴 A PF investiga que Micheque recebeu um SEGUNDO pacote avaliado em R$ 2,5 milhões em joias em outubro do ano passado!

A familícia Bolsonaro precisa ser investigada e presa pelos seus crimes!",22,161,946
ERIKA HILTON,@ErikakHilton,https://twitter.com/ErikakHilton/status/1650854086168674305,2023-04-25T13:27:40.000Z,"O STF tornou réus 100 golpistas por ataques no 8 de Janeiro, e começou agora o julgamento de mais 200.

O cerco vai se fechando pro pessoal do cercadinho.",6,17,257
ERIKA HILTON,@ErikakHilton,https://twitter.com/ErikakHilton/status/1650828391627608065,2023-04-25T11:45:34.000Z,"REGULAMENTAR AS REDES É URGENTE 👇🏾 

Essa semana, votaremos no Congresso pela regulamentação das redes sociais.

São empresas bilionárias que lucram com ameaças às escolas e à vida das crianças, discursos de ódio e fake news contra as minorias e as instituições democráticas +",116,543,3.618
ERIKA HILTON,@ErikakHilton,https://twitter.com/ErikakHilton/status/1650667086090321922,2023-04-25T01:04:35.000Z,Engraçado que só a Folha entendeu que a piada foi com a gravata...,3,10,214
ERIKA HILTON,@ErikakHilton,https://twitter.com/ErikakHilton/status/1650650414969225216,2023-04-24T23:58:21.000Z,"O Prefeito de São Paulo, Ricardo Nunes está tão sumido que quando eu divulgo ofício pra Prefeitura de SP, criticam o Governador nas respostas.

Sintomático da situação que a Cidade se encontra acharem que a gente nem tem prefeito. Aliás, temos?",25,154,1.137
ERIKA HILTON,@ErikakHilton,https://twitter.com/ErikakHilton/status/1650613757704384513,2023-04-24T21:32:41.000Z,"VIRADA CULTURAL NO METAVERSO? 🧶A Prefeitura de SP anunciou mês passado o investimento de R$10 milhões na “Virada Cultural do Metaverso”

Com um orçamento pra Virada Cultural de 2023 de apenas R$11,5 milhões, vi a notícia com preocupação e oficiei a Prefeitura

Vem entender +👇🏾",70,446,2.835
ERIKA HILTON,@ErikakHilton,https://twitter.com/ErikakHilton/status/1650597469552517124,2023-04-24T20:27:58.000Z,"Hoje Lula entregou a Chico Buarque o prêmio Camões, que deveria ter sido entregue em 2019, mas o então ocupante da presidência não o fez.

Que nossa cultura seja cada vez mais celebrada. E não atacada como era no governo anterior. Viva a cultura brasileira!📷@RicardoStuckert",1,32,469
ERIKA HILTON,@ErikakHilton,https://twitter.com/ErikakHilton/status/1650569894184771611,2023-04-24T18:38:23.000Z,"Histórico! Povos Indígenas brasileiros ocupam as rampas do Congresso Nacional Brasileiro. 

DEMARCAÇÃO,  JÁ!",7,362,4.758
ERIKA HILTON,@ErikakHilton,https://twitter.com/ErikakHilton/status/1650561123794448388,2023-04-24T18:03:32.000Z,"Em Brasília começa hoje o Acampamento Terra Livre, ATL. Com o tema “O futuro indígena é hoje. Sem demarcação não há democracia!” o ATL decreta Emergência Climática, enfrenta o racismo ambiental, pede o fim das violências e luta pela necessidade da demarcação das terras indígenas.",3,41,236
ERIKA HILTON,@ErikakHilton,https://twitter.com/ErikakHilton/status/1650546885571096605,2023-04-24T17:06:57.000Z,"🚨 URGÊNCIA JÁ  🚨Vimos nos últimos anos as fake news e o discurso de ódio se espalharem livremente, enquanto empresas lucram com isso.

E agora podemos dar um basta nisso.

O PL das Fake News deve entrar na pauta essa semana em regime de urgência! +👇🏾",77,248,994
ERIKA HILTON,@ErikakHilton,https://twitter.com/ErikakHilton/status/1650490621516185600,2023-04-24T13:23:23.000Z,"ACIONAMOS O MP CONTRA A PREFEITURA

Eu, @eduardosuplicy e @lunazarattini acionamos o MP contra a Prefeitura por não instalar a tenda da Operação 
Baixas Temperaturas na Praça da Sé.
  
A operação tem que estar presente onde a população mais precisa. Não onde o Prefeito Ricardo…",5,80,702
ERIKA HILTON,@ErikakHilton,https://twitter.com/ErikakHilton/status/1649959363161759744,2023-04-23T02:12:21.000Z,"Quando vc digita o seu nome, qual gif aparece?",57,193,881
ERIKA HILTON,@ErikakHilton,https://twitter.com/ErikakHilton/status/1649946396961697793,2023-04-23T01:20:50.000Z,"Gente que patacoada do dono desse buraco...

Ele realmente tá querendo destruir isso aqui, né? 

Fake news e propagação de ódio liberados, vai e vem de verificado, fingindo que as pessoas compraram o blue... Descanse em paz, twitter.",16,39,800
ERIKA HILTON,@ErikakHilton,https://twitter.com/ErikakHilton/status/1649885138791063552,2023-04-22T21:17:25.000Z,"LULA EM PORTUGAL 🧶Hoje, Lula participu da Cúpula Brasil - Portugal, evento que não é realizado desde 2016, graças ao esforço de Temer e Bolsonaro em isolar o Brasil do mundo.

Nessa cúpula, foram assinados 13 acordos pro fortalecimento das relações lusófonas, bora ver? 👇🏾",4,95,1.112
ERIKA HILTON,@ErikakHilton,https://twitter.com/ErikakHilton/status/1649853797424930816,2023-04-22T19:12:52.000Z,"ACIONAMOS O MP 

Eu, @esuplicy e @lunazarattini acionamos o MP contra a Prefeitura por não instalar a tenda da Operação Baixas Temperaturas na Praça da Sé, onde ela é mais necessária

A operação fornece sopas e cobertores pras pessoas em situação de rua

Veja a matéria do SPTV 👇🏾",5,106,628
ERIKA HILTON,@ErikakHilton,https://twitter.com/ErikakHilton/status/1649405462700339201,2023-04-21T13:31:21.000Z,.,20,101,977
ERIKA HILTON,@ErikakHilton,https://twitter.com/ErikakHilton/status/1649181096620244992,2023-04-20T22:39:48.000Z,"O dia de hoje é popularmente conhecido como o Dia da Maconha.

Essa data, informal, é importante para o ativismo pró descriminalização e legalização da maconha, que vai muito além do uso recreativo: as propriedades medicinais da cannabis.

Mesmo pouco estudadas, essas…",23,271,2.167
ERIKA HILTON,@ErikakHilton,https://twitter.com/ErikakHilton/status/1649148549903405057,2023-04-20T20:30:28.000Z,"Em poucos dias conseguimos:

- Acordos de R$50 bilhões com a China
- EUA doando U$500 milhões pra Amazônia
- Shein gerando 100 mil empregos no Brasil
- Toyota gerando 1700 empregos em Sorocaba

Lembrando que o “Presidente” anterior celebrava a exportação de 3 caminhões de abacate",831,3.884,"25,4 mil"
ERIKA HILTON,@ErikakHilton,https://twitter.com/ErikakHilton/status/1649103219891617792,2023-04-20T17:30:21.000Z,"Importante!

A Shein anunciou que pretende nacionalizar 85% das suas mercadorias, gerando 100 mil empregos no Brasil

Trazer pro Brasil a produção do que a gente já consome é garantir renda e desenvolvimento no nosso país, além de reduzir os impactos ambientais da importação",22,105,970
ERIKA HILTON,@ErikakHilton,https://twitter.com/ErikakHilton/status/1649052205297860616,2023-04-20T14:07:38.000Z,"VITÓRIA!!!

Lula sancionou hoje uma mudança importantíssima na Lei Maria da Penha:

Agora, as medidas protetivas de urgência devem ser concedidas direto na delegacia.

A mudança entra em vigor a partir de hoje mesmo.",20,473,3.768
ERIKA HILTON,@ErikakHilton,https://twitter.com/ErikakHilton/status/1649042552878661635,2023-04-20T13:29:16.000Z,"Depois de Lula visitar a China, os EUA decidiram aumentar a doação ao Fundo Amazônia de U$50 milhões pra 500 milhões de dólares.

Galvão…",474,3.839,"46,8 mil"
ERIKA HILTON,@ErikakHilton,https://twitter.com/ErikakHilton/status/1648816822248980481,2023-04-19T22:32:18.000Z,"Vcs tão no Céu Azul?  @ErikaHilton lá! 

Obrigada @oiguidoni pelo convite!",4,0,50
ERIKA HILTON,@ErikakHilton,https://twitter.com/ErikakHilton/status/1648796389298544643,2023-04-19T21:11:07.000Z,"+ VERBA PRAS UNIVERSIDADES 👇🏾Lula acaba de assinar a recomposição orçamentária de R$2,44 bilhões pras Universidades e Institutos Federais

A recomposição vêm pra suprir os cortes que Bolsonaro fez

Sem isso, as UFs e IFs corriam risco de ficar sem verba até o fim de 2023",17,310,1.941
ERIKA HILTON,@ErikakHilton,https://twitter.com/ErikakHilton/status/1648772616897933312,2023-04-19T19:36:39.000Z,"Reencontrando a deputada e amiga professora @_lucavalcante, parceira das lutas da educação!

Às quartas feiras nós usamos rosa 💓",3,5,203
ERIKA HILTON,@ErikakHilton,https://twitter.com/ErikakHilton/status/1648678023196033027,2023-04-19T13:20:46.000Z,"DIA DOS POVOS INDÍGENAS 👇🏾Neste Dia Nacional dos Povos Indígenas, eu e a Deputada @celiaxakriaba protocolamos um PL pra que Tibira do Maranhão seja incluído no Livro dos Heróis da Pátria

Indígena e homossexual, Tibira do Maranhão foi executado em 1614, com uma bala de canhão +",8,181,1.161
ERIKA HILTON,@ErikakHilton,https://twitter.com/ErikakHilton/status/1648453519433928704,2023-04-18T22:28:40.000Z,"👩🏾‍⚕️ LULA ASSINA PL PARA O PISO DA ENFERMAGEM

O Projeto de Lei que garante verba para o piso da Enfermagem acaba de ser assinado para ir ao Congresso.

Com o piso, enfermeiras de todo país receberão no mínimo R$ 4.750, técnicas R$ 3.325, e auxiliares e parteiras R$ 2.375.",47,479,3.828
ERIKA HILTON,@ErikakHilton,https://twitter.com/ErikakHilton/status/1648431010173034497,2023-04-18T20:59:13.000Z,"✊🏾 VITÓRIA NO STJ! 

Por decisão unânime, o STJ autorizou que as famílias de Marielle Franco e Anderson Gomes tenham acesso à investigações sobre seus assassinatos.

O direito, que estava sendo negado pelo judiciário do RJ, é essencial para o acesso à Justiça.",18,356,3.152
ERIKA HILTON,@ErikakHilton,https://twitter.com/ErikakHilton/status/1648347800487227392,2023-04-18T15:28:35.000Z,"O STJ marcou pra hoje o julgamento se as famílias de Marielle e Anderson terão acesso à investigação do crime.

As famílias tem o direito de saber quem são os responsáveis pelos brutais assassinatos! O STJ precisa garantir a transparência!#JustiçaPorMarielleEAnderson",14,161,952
ERIKA HILTON,@ErikakHilton,https://twitter.com/ErikakHilton/status/1648327526748495872,2023-04-18T14:08:01.000Z,"SEGURANÇA DAS ESCOLAS 🧶Lula realiza agora uma reunião com representantes dos 3 poderes sobre ações integradas para proteger nossas escolas

A reunião conta com Ministros, Governadores, Rosa Weber, Presidenta do STF, Alexandre de Moraes, do TSE, e Rodrigo Pacheco, do Senado +👇🏾",10,140,1.117
ERIKA HILTON,@ErikakHilton,https://twitter.com/ErikakHilton/status/1648083562984292353,2023-04-17T21:58:35.000Z,"TARCÍSIO PODE FACILITAR O TRABALHO ANÁLOGO À ESCRAVIDÃO 🧶Essa semana, o Governo de SP revelou um plano pra empregar a população em situação de rua no campo

A promessa bonita de gerar empregos e comprar a produção dos agricultores, pode se tornar um pesadelo. Vem entender +👇🏾",29,255,1.364
ERIKA HILTON,@ErikakHilton,https://twitter.com/ErikakHilton/status/1648056477301755905,2023-04-17T20:10:58.000Z,"O caixa da Prefeitura de São Paulo atingiu R$34 Bilhões

Mais de 40 mil paulistanos vivendo nas ruas

Mais de 360 mil em moradias inadequadas e precárias

Mais de 600 mil em áreas de risco de desastres

R$34 Bilhões guardados e a Cidade abandonada. Isto é a “gestão” Nunes.",28,296,1.465
ERIKA HILTON,@ErikakHilton,https://twitter.com/ErikakHilton/status/1648029444274024453,2023-04-17T18:23:33.000Z,Porque o Partido Novo quer impedir que o Governo puna ameaças de ataques em escolas?,5,81,497
ERIKA HILTON,@ErikakHilton,https://twitter.com/ErikakHilton/status/1647988118220414976,2023-04-17T15:39:20.000Z,"Há 27 anos atrás aconteceu o massacre de Eldorado dos Carajás, quando 21 trabalhadores sem terra foram assassinados pela polícia militar do PA por lutarem pela reforma agrária.

Por isso, hoje é o “Dia Nacional de Luta Pela Reforma Agrária” em homenagem aos que lutaram e lutam…",29,724,4.463
ERIKA HILTON,@ErikakHilton,https://twitter.com/ErikakHilton/status/1647675812303314944,2023-04-16T18:58:20.000Z,"O antes e depois do antigo hotel de luxo Lord Palace, no Santa Cecília.

Abandonado, ele foi reformado pela Frente de Luta por Moradia e agora conta com 176 apartamentos.

A luta por moradia é essencial pra que, em nossos centros urbanos, a vida tome o lugar do cinza.",36,1.217,"13,3 mil"
ERIKA HILTON,@ErikakHilton,https://twitter.com/ErikakHilton/status/1647286899176767493,2023-04-15T17:12:56.000Z,Fiz o L pra isso mesmo. Bom sábado!#TransfobiaÉCrime,55,431,5.228
ERIKA HILTON,@ErikakHilton,https://twitter.com/ErikakHilton/status/1647237763438092290,2023-04-15T13:57:41.000Z,"Hoje é dia de celebrar nosso @PastorHenriqueV!

Companheiro, colega, amigo, um feixe de luz e razão em meio às trevas do obscurantismo! 

Feliz Aniversário, Henrique! 💓🌻",5,11,434
ERIKA HILTON,@ErikakHilton,https://twitter.com/ErikakHilton/status/1647014805830500352,2023-04-14T23:11:44.000Z,"Foi uma grande honra lecionar a Aula Magna das Pós-Graduações da Universidade São Judas hoje. 

Um enorme abraço à toda comunidade universitária da @usjtoficial e meu grande agradecimento pelo convite.",8,18,519
ERIKA HILTON,@ErikakHilton,https://twitter.com/ErikakHilton/status/1646920049423179795,2023-04-14T16:55:12.000Z,"Sob o Governo Tarcísio, a locomotiva do Brasil vai em direção à distopia 🧶Tarcisio de Freitas, em mais uma ação de desumanização, lançou um site de ""monitoramento"" e contagem de usuários de drogas e álcool no Centro e na Cracolândia

Vem entender o quão problemático é isso +👇🏾",17,126,809
ERIKA HILTON,@ErikakHilton,https://twitter.com/ErikakHilton/status/1646895226798080001,2023-04-14T15:16:34.000Z,"Sobre viagens e missões internacionais...
Que diferença!",80,286,2.532
ERIKA HILTON,@ErikakHilton,https://twitter.com/ErikakHilton/status/1646855775149518848,2023-04-14T12:39:48.000Z,🏳️‍🌈 Por que propus a criação de uma Frente Parlamentar por Cidadania e Direitos LGBTI+? 🏳️‍⚧️,17,99,758
ERIKA HILTON,@ErikakHilton,https://twitter.com/ErikakHilton/status/1646578213777276939,2023-04-13T18:16:52.000Z,"Vejo com extrema preocupação a proposta de Tarcísio de deslocar pessoas em situação de rua pra propriedades agrícolas.

O poder público não é capaz de fiscalizar os próprios albergues que submetem essas pessoas à condições desumanas.

Como fiscalizarão essas fazendas?",126,237,1.560
ERIKA HILTON,@ErikakHilton,https://twitter.com/ErikakHilton/status/1646560612179116041,2023-04-13T17:06:56.000Z,"DILMA PRESIDENTA DE NOVO  📷Hoje a ex-presidenta Dilma Rousseff tomou posso como presidenta do Novo Banco de Desenvolvimento, o Banco dos BRICS.

O banco tem como objetivo financiar obras de infraestrutura para o desenvolvimento sustentável nos países membros do bloco.",11,56,679
ERIKA HILTON,@ErikakHilton,https://twitter.com/ErikakHilton/status/1646503271853350917,2023-04-13T13:19:05.000Z,"HISTÓRIA AFRO e INDÍGENA NAS ESCOLAS 👇🏽O ensino sobre História e Cultura Afro-Brasileira e Indígena nas escolas é de extrema importância, tanto do ponto de vista educacional quanto social, para a formação de cidadãos mais conscientes e críticos (...)",17,141,1.076
ERIKA HILTON,@ErikakHilton,https://twitter.com/ErikakHilton/status/1646496070845726721,2023-04-13T12:50:28.000Z,Grande dia 👍🏾 BOLSONARO INELEGÍVEL,51,158,1.803
ERIKA HILTON,@ErikakHilton,https://twitter.com/ErikakHilton/status/1646224162304712704,2023-04-12T18:50:00.000Z,"Greve é um direito! Todo apoio à luta dos servidores de Ribeirão Preto

Servidores da Educação, Saúde, Saerp e Assistência Social pedem 16,04% de reajuste após anos sem aumento.",2,38,421
ERIKA HILTON,@ErikakHilton,https://twitter.com/ErikakHilton/status/1646200028258615298,2023-04-12T17:14:06.000Z,"Adivinha o que o Governo Tarcísio vai fazer agora? Isso mesmo. Mais privatizações. 

Os alvos da vez são as linhas 10-turquesa, 11-coral, 12-safira, 13-jade, além da futura linha 14-ônix, que fará a ligação com Guarulhos.

Mais gente refém da ""ótima"" gestão da ViaMobilidade.",39,87,389
ERIKA HILTON,@ErikakHilton,https://twitter.com/ErikakHilton/status/1646173409963802626,2023-04-12T15:28:20.000Z,"PEC DA TARIFA ZERO 👇🏾A @LuizaErundina está coletando assinaturas para a PEC da Tarifa Zero, a qual tenho muito orgulho de ser coautora.

A PEC pretende zerar a tarifa do transporte público no país todo.

O acesso e o Direito à Cidade não podem estar condicionados ao dinheiro.",24,268,1.751
ERIKA HILTON,@ErikakHilton,https://twitter.com/ErikakHilton/status/1646163242438230016,2023-04-12T14:47:55.000Z,"O Governo Federal criou um canal exclusivo pra receber denúncias e informações de ameaças e ataques contra as escolas do País.

O site é https://gov.br/mj/pt-br/escolasegura…. 

Vamos juntos, enquanto sociedade, cuidar das nossas crianças.",6,157,496
ERIKA HILTON,@ErikakHilton,https://twitter.com/ErikakHilton/status/1646149598296121348,2023-04-12T13:53:42.000Z,"Hoje o Presidente Lula chega à China em uma das mais importantes missões diplomáticas do ano.

A China é nosso maior parceiro comercial: nós exportamos cerca de R$450 bilhões pra lá em 2022, e importamos cerca de R$300 bi.

Bora ver o que esperar dessa viagem? +👇🏾",10,68,847
ERIKA HILTON,@ErikakHilton,https://twitter.com/ErikakHilton/status/1645879543021068289,2023-04-11T20:00:36.000Z,"As redes sociais não podem ser omissas na amplificação do discurso de ódio e da incitação a violência.

Ignorar quando há vidas em risco, é também escolher um lado.

A regulação das mídias obrigatoriamente passa por combater esses discursos de violência.",33,178,1.237
ERIKA HILTON,@ErikakHilton,https://twitter.com/ErikakHilton/status/1645797888533098498,2023-04-11T14:36:08.000Z,"Infelizmente, mais um ataque contra escola hoje, em Goiás. 

Devemos redobrar os cuidados com nossas comunidades escolares e buscar identificar as dezenas de pessoas que seguem fazendo apologia e combinando ataques nas redes sociais, inclusive aqui no Twitter.",24,95,1.027
ERIKA HILTON,@ErikakHilton,https://twitter.com/ErikakHilton/status/1645784325525327872,2023-04-11T13:42:15.000Z,"TEMOS DIREITO AO NOSSO NOME 🏳️‍⚧️👇🏾Protocolei um projeto de Decreto Legislativo para mudar a lei de Bolsonaro do novo RG. A lei coloca, acima do nome com o qual a pessoa se identifica, o nome morto.

Não podemos aceitar termos nossos direitos negados até em nossos documentos.",36,211,1.687
ERIKA HILTON,@ErikakHilton,https://twitter.com/ErikakHilton/status/1645572432772620290,2023-04-10T23:40:15.000Z,"Hoje também fazem 100 dias que Tarcísio de Freitas é Governador de São Paulo.

Vamos ver um pouquinho das (des)conquistas que esse Bolsonarista trouxe pro nosso Estado?

- A Secretaria da Educação investiu R$76 milhões... na empresa que o Secretário de Educação era CEO +👇🏾",90,818,3.506
ERIKA HILTON,@ErikakHilton,https://twitter.com/ErikakHilton/status/1645480485001232395,2023-04-10T17:34:53.000Z,"🔴 100 DIAS DE GOVERNO 

Bora ver o que rolou nesse tempo? Segue a thrrad 🧶👇🏾",18,201,1.776
ERIKA HILTON,@ErikakHilton,https://twitter.com/ErikakHilton/status/1645435908005457922,2023-04-10T14:37:45.000Z,"100 dias sem Bolsonaro
100 dias sem ataques à imprensa
100 dias sem discursos golpistas
100 dias sem motociata e cercadinho
100 dias sem o próprio Presidente destruindo o País

100 dias fazendo o L",43,254,1.709
ERIKA HILTON,@ErikakHilton,https://twitter.com/ErikakHilton/status/1645258091296849921,2023-04-10T02:51:11.000Z,"Acabou a Páscoa! 

boa semana pra nós",5,18,421
ERIKA HILTON,@ErikakHilton,https://twitter.com/ErikakHilton/status/1645090943618383873,2023-04-09T15:46:59.000Z,Feliz Páscoa pra quem é de Páscoa 💓,8,12,263
ERIKA HILTON,@ErikakHilton,https://twitter.com/ErikakHilton/status/1644431575331794948,2023-04-07T20:06:54.000Z,"Todo mundo tem direito à família.

Nessa sexta-feira, compartilho esse trecho da minha entrevista para a @tatibernardi no @universa_uol.",24,180,981
ERIKA HILTON,@ErikakHilton,https://twitter.com/ErikakHilton/status/1644389338329784320,2023-04-07T17:19:04.000Z,"🏳️‍🌈🏳️‍🌈 O Governo Federal criou o Conselho Nacional dos Direitos LGBTQIA+ 🏳️‍🌈🏳️‍🌈Ele desempenhará diversas funções em pro da nossa população, como:

- Ajudar na elaboração e execução de ações e medidas governamentais

- Realizar estudos, debates e pesquisas sobre nossos direitos +👇🏾",41,350,3.164
ERIKA HILTON,@ErikakHilton,https://twitter.com/ErikakHilton/status/1644351090354208771,2023-04-07T14:47:05.000Z,"CONTRA AS PRIVATIZAÇÕES 👇🏾O Governo Federal retirou os Correios, a EBC, a Dataprev e o Serpro do programa de privatizações.

Mesmo sendo empresas essenciais para o funcionamento do país, Bolsonaro havia inserido-as no programa de privatizações.",10,39,407
ERIKA HILTON,@ErikakHilton,https://twitter.com/ErikakHilton/status/1644048477771665409,2023-04-06T18:44:36.000Z,"Todo meu apoio à greve dos servidores públicos de São Bernardo do Campo.

Eles estão desde 2017 sem reajuste salarial pela inflação.

Na prática, é como se o salário deles reduzisse todo ano faz 6 anos

Prefeito @MorandoOrlando, os servidores querem negociar faz 11 dias. Ouça-os!",9,56,320
ERIKA HILTON,@ErikakHilton,https://twitter.com/ErikakHilton/status/1643962348112150528,2023-04-06T13:02:21.000Z,Fiz o L pra isso! 👆🏾,58,268,5.020
ERIKA HILTON,@ErikakHilton,https://twitter.com/ErikakHilton/status/1643961808842022912,2023-04-06T13:00:13.000Z,"FOMOS AO STF 👇🏾Ricardo Nunes, o pior prefeito da história de São Paulo, não oferece vagas em abrigos e ao mesmo tempo retira as barracas das pessoas em situação de rua.

O inverno está chegando. Esse plano higienista do Prefeito de São Paulo é também um plano de morte.",112,521,4.388
ERIKA HILTON,@ErikakHilton,https://twitter.com/ErikakHilton/status/1643709195236044802,2023-04-05T20:16:25.000Z,"ATAQUES CONTRA ESCOLAS 👇🏾O Governo @LulaOficial anunciou a criação de um grupo interministerial pra combater ataques contra as escolas e discurso de ódio

Ministérios da Educação, Direitos Humanos, Justiça, Segurança, Esportes e Cultura e o Congresso Nacional trabalharão juntos…",177,1.266,"12,6 mil"
ERIKA HILTON,@ErikakHilton,https://twitter.com/ErikakHilton/status/1643673783302070278,2023-04-05T17:55:42.000Z,"Bolsonaro acaba de chegar na sede da PF pra depor sobre mais um de seus crimes, o caso das joias.

Ele e 10 testemunhas serão ouvidos ao mesmo tempo, em salas separadas e sem comunicação.

Bolsonaro pode até tentar mentir, isso é com ele mesmo. Mas não vai convencer ninguém.",23,86,1.176
ERIKA HILTON,@ErikakHilton,https://twitter.com/ErikakHilton/status/1643604239724290049,2023-04-05T13:19:22.000Z,"Mais um trágico ataque deixa 4 crianças mortas em creche de Santa Catarina. Minha solidariedade às famílias. 

A violência contra as escolas, a educação e as comunidades escolares deve ser combatida com urgência,  para evitar novos casos e punir os responsáveis.",50,543,4.237
ERIKA HILTON,@ErikakHilton,https://twitter.com/ErikakHilton/status/1643597655807873024,2023-04-05T12:53:12.000Z,"Farra com o cartão corporativo 👇🏾A UOL revelou hoje que Bolsonaro comprou 21.447 lanches no cartão corporativo na campanha eleitoral

21.447 lanches pagos com dinheiro público pra Bolsonaro fazer comícios e motociatas

O uso do cartão corporativo em campanha eleitoral é ilegal",7,121,677
ERIKA HILTON,@ErikakHilton,https://twitter.com/ErikakHilton/status/1643235154754772993,2023-04-04T12:52:45.000Z,"Desumana a atuação do Prefeito Ricardo Nunes contra a população em situação de rua em São Paulo

De um lado, não oferece vagas em Centros de Acolhida. De outro, retira barracas

Continuarei lutando para impedir a retirada das barracas e que a Prefeitura ofereça vagas o suficiente",31,154,1.025
ERIKA HILTON,@ErikakHilton,https://twitter.com/ErikakHilton/status/1643215927360495617,2023-04-04T11:36:21.000Z,"Delegacias da Mulher 24h 👇🏾Lula sancionou a Lei pra que toda Delegacia Especializada de Atendimento à Mulher tenha que funcionar 24 horas por dia.

As delegacias também terão que fazer o atendimento em salas privadas, de preferência por policiais mulheres e treinadas pra isso.",34,334,2.248
ERIKA HILTON,@ErikakHilton,https://twitter.com/ErikakHilton/status/1643036052326875141,2023-04-03T23:41:35.000Z,"A MÁSCARA CAINDO 🚨👇🏽O TSE concluiu que Nikolas Ferreira só foi eleito em 2020 mediante FRAUDE nas cotas de gênero.

Mais um atentado de Nikolas Ferreira contra os direitos políticos das mulheres vêm à tona.

Com isso, o suplente dele já perdeu o cargo na Câmara de BH.",172,1.403,9.350
ERIKA HILTON,@ErikakHilton,https://twitter.com/ErikakHilton/status/1643000367498551303,2023-04-03T21:19:47.000Z,"Sai Princesa Isabel, entra Luiz Gama 👇🏾O Ministério dos Direitos Humanos (@mdhcbrasil) revogou a ""Ordem do Mérito Princesa Isabel"" criada por Bolsonaro. No seu lugar foi criado  prêmio em referência ao advogado e abolicionista Luiz Gama! ✊🏾",22,323,3.278
ERIKA HILTON,@ErikakHilton,https://twitter.com/ErikakHilton/status/1642919269540216837,2023-04-03T15:57:32.000Z,"SUSPENSÃO DO NOVO ENSINO MÉDIO 👇🏾O Governo Lula prepara uma portaria pra suspender a implementação da Reforma do Ensino Médio

A reforma é responsável pelo “Novo Ensino Médio”, que causa inúmeros prejuízos educacionais ao país

A revogação completa do NEM depende do Congresso",111,1.887,"10,6 mil"
ERIKA HILTON,@ErikakHilton,https://twitter.com/ErikakHilton/status/1642903256111239168,2023-04-03T14:53:54.000Z,"Lembram das operações da PRF no dia do 2o turno?

As investigações da PF sobre Anderson Torres, então Ministro da Justiça, revelaram que ele tinha um boletim com os locais de votação onde Lula teve mais votos.

Com essa informação, a PRF impediu eleitores de votar no 2o turno",18,213,2.018
ERIKA HILTON,@ErikakHilton,https://twitter.com/ErikakHilton/status/1642888487748739074,2023-04-03T13:55:13.000Z,"🚨 Militares gastaram parte da verba de combate a Covid-19 com picanha e salgadinhos sob Bolsonaro!

A verba do Ministério da Saúde era destinada ao apoio logístico e foi usada com regalias por militares segundo o Tribunal de Contas da União.",14,200,1.262
ERIKA HILTON,@ErikakHilton,https://twitter.com/ErikakHilton/status/1642267692538134528,2023-04-01T20:48:24.000Z,"PROJETO DE LEI 👇🏾Um pouquinho da matéria de hoje do SPTV que fala sobre meu Projeto de Lei pra que todas as Cidades do Brasil se planejem contra eventos climáticos extremos.

Não podemos continuar aceitando que todo ano tragédias evitáveis tomem nosso noticiário.",38,322,2.318
ERIKA HILTON,@ErikakHilton,https://twitter.com/ErikakHilton/status/1642158746133561344,2023-04-01T13:35:29.000Z,"Um pouquinho de verdade nesse dia:

Ditadura não se comemora.
Lugar de golpista e torturador é na cadeia.",15,164,1.130
