nome,usuario,idTweet,dataPublicacao,texto,replies,retweets,likes
Amom Mandel,@eusouamom,https://twitter.com/eusouamom/status/1652086866856800258,2023-04-28T23:06:18.000Z,"A alegação é falsa (infelizmente), visto que o projeto ficou quase que parado nos últimos 3 anos e as versões mais atuais do texto sequer foram disponibilizadas no sistema da Câmara dos Deputados.",12,3,34
Amom Mandel,@eusouamom,https://twitter.com/eusouamom/status/1652011905152630794,2023-04-28T18:08:25.000Z,Quem aí recebeu a notificação?,11,8,48
Amom Mandel,@eusouamom,https://twitter.com/eusouamom/status/1651795644808306691,2023-04-28T03:49:05.000Z,"Engraçado, tinha dito que precisávamos de mais debates sobre o projeto e uma turminha caiu de pau em cima. Será que é indignação seletiva?",3,2,21
Amom Mandel,@eusouamom,https://twitter.com/eusouamom/status/1651663376420929536,2023-04-27T19:03:30.000Z,O deputado @capalbertoneto também acaba de entrar em contato com a nossa equipe para assinar a coautoria do projeto e pressionar pelo avanço da PEC da UEA.,2,5,61
Amom Mandel,@eusouamom,https://twitter.com/eusouamom/status/1651600334446370817,2023-04-27T14:52:59.000Z,O deputado @adailfilhoam acaba de oficializar o seu apoio à nossa PEC da UEA e oficializar a sua entrada como co-autor no requerimento. Ele é o primeiro do Amazonas a se juntar aos esforços para ajudar os estudantes da UEA até então.,13,22,158
Amom Mandel,@eusouamom,https://twitter.com/eusouamom/status/1651302133642166308,2023-04-26T19:08:03.000Z,Também fico me perguntando isso…antes de liberarem o texto já tem que concordar o discordar. Tem gente que vive no mundo do senso comum e sai falando besteira por aí 😬.,6,1,29
Amom Mandel,@eusouamom,https://twitter.com/eusouamom/status/1651028925223522304,2023-04-26T01:02:25.000Z,"Os ministros do STF decidiram acabar com o sistema de cotas da UEA para alunos do Amazonas. Fizemos uma PEC para contornar isso e marcar o motivo de eu ser totalmente CONTRA essa mudança. 

Segue o fio 🧶",29,114,565
Amom Mandel,@eusouamom,https://twitter.com/eusouamom/status/1649197824171552768,2023-04-20T23:46:16.000Z,"Concordo em gênero, número e grau.",18,0,11
Amom Mandel,@eusouamom,https://twitter.com/eusouamom/status/1649189032075616257,2023-04-20T23:11:20.000Z,"Descrição dos fatos:
1. Vazaram um vídeo na imprensa nacional mostrando um ministro de Lula e servidores do governo possivelmente se omitindo e até entregando água pra vândalos no 8 de janeiro +",35,9,57
Amom Mandel,@eusouamom,https://twitter.com/eusouamom/status/1649181133672796160,2023-04-20T22:39:57.000Z,"É fácil pra o governo rebater as acusações de que foi omisso e que facilitaram a invasão para reprimir os opositores políticos depois. Basta:

1. Quebrar o sigilo de TODOS os vídeos que por algum motivo não foram divulgados. Segundo Gonçalves Dias, homem de confiança do Lula +",3,7,22
Amom Mandel,@eusouamom,https://twitter.com/eusouamom/status/1648129896709869568,2023-04-18T01:02:42.000Z,Hoje atendi a um convite para verificar o trabalho que o governo do AM fez após uma denúncia encaminhada por nós que encaminhei sobre um andar inteiro do FCECON que estava parado.,17,3,49
Amom Mandel,@eusouamom,https://twitter.com/eusouamom/status/1646269377593868288,2023-04-12T21:49:40.000Z,🤣🤣🤣,7,0,8
Amom Mandel,@eusouamom,https://twitter.com/eusouamom/status/1645528783070306305,2023-04-10T20:46:48.000Z,"Vamos mobilizar deputados de todo o Brasil para que ajudem no triste e absurdo momento que Manaus vive hoje. Marque o seu deputado aqui!

Agradeço ao deputado @AlexManente23 pelo apoio.",10,1,32
Amom Mandel,@eusouamom,https://twitter.com/eusouamom/status/1645505259790389248,2023-04-10T19:13:20.000Z,O que leva um adolescente a esfaquear seus colegas de classe e cometer um atentado?,5,7,63
Amom Mandel,@eusouamom,https://twitter.com/eusouamom/status/1643617390679171073,2023-04-05T14:11:37.000Z,Nossas crianças não estão seguras. Um assassino entrou numa creche e matou 4 crianças justo onde deveria ser o santuário da educação e da segurança para as famílias que confiaram suas crianças.,6,9,98
