nome,usuario,idTweet,dataPublicacao,texto,replies,retweets,likes
Felipe Becari,@felipebecari,https://twitter.com/felipebecari/status/1652442455378100225,2023-04-29T22:39:16.000Z,"🚨ATENÇÃO! 🚨Tenho um recado importante para meus seguidores sobre um pouco dos últimos tempos. Assistam meus stories do Instagram, por favor! 🙏🏻https://instagram.com/stories/felipebecari/3091897509415809448?utm_source=ig_story_item_share&igshid=YmMyMTA2M2Y=…",16,10,100
Felipe Becari,@felipebecari,https://twitter.com/felipebecari/status/1652409908778749952,2023-04-29T20:29:57.000Z,"[Live completa no Instagram]

Filó e mais algumas coisas... Fiz mais do que pude! Política para mim já está chegando no limite! Obrigado pela compreensão e carinho! 👮🏼‍♂️🫡🙏🏼https://instagram.com/tv/CroYQOLJ-pE/?igshid=YmMyMTA2M2Y=…",16,18,185
Felipe Becari,@felipebecari,https://twitter.com/felipebecari/status/1651563244551643137,2023-04-27T12:25:36.000Z,"Não é possível!🤬 Se não bastasse tudo que eles passam, agora essa... O gato mal conseguia se mexer e não duvido nada que ainda deram a ele alguma substância para que ficasse tão quieto. +",17,9,116
Felipe Becari,@felipebecari,https://twitter.com/felipebecari/status/1651053559280959491,2023-04-26T02:40:18.000Z,"Foi especial! 🦉❤️ Não só pelas poucas horas com ela e por vê-la melhorar, mas sim por garantir que ela tenha um crescimento saudável e siga sua vida em paz, já que a deixei aos cuidados do Cemacas, órgão da Secretaria Municipal do Meio Ambiente, +",18,18,230
Felipe Becari,@felipebecari,https://twitter.com/felipebecari/status/1650968050298961925,2023-04-25T21:00:31.000Z,"🚨 Ei, no perfil do Instituto tem a atualização da situação do resgate da pitbull extremamente magra que mostrei aqui no final de semana.

Aos poucos ela está conseguindo se alimentar e tem recebido cuidados e carinhos diários. 🐾 Saiba mais: https://instagram.com/stories/institutoelpa/3088964790979179491/… +",12,9,116
Felipe Becari,@felipebecari,https://twitter.com/felipebecari/status/1650897639167123456,2023-04-25T16:20:44.000Z,Mais um recado sobre o PL 2630/20: sempre serei contra qualquer mecanismo que vise controlar a liberdade de expressão.,160,289,1.420
Felipe Becari,@felipebecari,https://twitter.com/felipebecari/status/1650872452241604616,2023-04-25T14:40:38.000Z,"Muita gente me marcando sobre o PL 2630/20, que trata sobre a censura nas Redes Sociais.

Já avisando aqui que meu posicionamento é contrário, eu voto ❌ NÃO ❌ para qualquer mecanismo que vise controlar a liberdade de expressão.

Contem comigo! 👊🏻",66,62,365
Felipe Becari,@felipebecari,https://twitter.com/felipebecari/status/1650856135531048960,2023-04-25T13:35:48.000Z,"[Live completa no Instagram] 

Bom dia com mais uma vida salva! ☀️Olha só essa bebê 🦉 que estava nessa madrugada caída no meio de uma avenida em SP (em breve publicarei pra vocês). +",11,12,129
Felipe Becari,@felipebecari,https://twitter.com/felipebecari/status/1650585645763403776,2023-04-24T19:40:59.000Z,"🚨⚠️ A CENA É FORTE!! 

Olha só o estado que a cadela do resgate de ontem chegou no Instituto Eu Luto Pelos Animais (@institutoelpa no IG). Não há palavras para descrever o que estamos sentindo vendo-a assim tão mal.

Entenda o caso e saiba como ajudar: https://instagram.com/institutoelpa?igshid=YmMyMTA2M2Y=…",7,11,94
Felipe Becari,@felipebecari,https://twitter.com/felipebecari/status/1650307209228693505,2023-04-24T01:14:34.000Z,"RESGATADA, mas Meu Deus, como ela está por dentro!? *Assistam até o final, por favor!* 

Sabe-se lá qual a somatória de motivos e doenças, o que queremos descobrir, mas me pergunto se ela sobreviveria por mais algumas semanas, ou dias? +",9,14,148
Felipe Becari,@felipebecari,https://twitter.com/felipebecari/status/1650290055846526978,2023-04-24T00:06:24.000Z,O QUE ESSE OLHAR DIZ? 😢Registro da pitbull resgatada hoje no momento do resgate. Você pode ajudar ela e mais centenas de animais através do nosso Instituto (busque no Instagram @institutoelpa).➡️ Veja os nossos casos e como ajudar: https://instagram.com/institutoelpa?igshid=YmMyMTA2M2Y=…,7,12,118
