nome,usuario,idTweet,dataPublicacao,texto,replies,retweets,likes
Dr. Fernando Máximo,@fernandomaximoX,https://twitter.com/fernandomaximoX/status/1651418716557410310,2023-04-27T02:51:18.000Z,"VITÓRIA! 
APROVADO O PISO DA ENFERMAGEM. ✅Enfermeiros: R$ 4.750,00; ✅Técnicos de enfermagem: R$ 3.325,00;✅Auxiliares de enfermagem: R$ 2.375,00;✅ Parteiras: R$ 2.375,00.#Saude #enfermagem #pisodaenfermagem",5,6,6
Dr. Fernando Máximo,@fernandomaximoX,https://twitter.com/fernandomaximoX/status/1651355687656599552,2023-04-26T22:40:51.000Z,🙏 Vitória#CPMI08dejaneiro Queremos a #verdade,1,6,10
Dr. Fernando Máximo,@fernandomaximoX,https://twitter.com/fernandomaximoX/status/1651184253860806657,2023-04-26T11:19:38.000Z,Perdemos a batalha mas não perdemos a guerra! #PL2630Nao,10,10,22
Dr. Fernando Máximo,@fernandomaximoX,https://twitter.com/fernandomaximoX/status/1650879557786910720,2023-04-25T15:08:53.000Z,"Agenda extremamente importante hoje! 
*PL 2630 - PL da CENSURA, não passará! 
*Ponte binacional 🇧🇷🇧🇴*CPMI de Deus quiser!",5,7,18
Dr. Fernando Máximo,@fernandomaximoX,https://twitter.com/fernandomaximoX/status/1650784341239242754,2023-04-25T08:50:31.000Z,"🚨Urgente🚨 

Não aceitaremos a PL 2630/2020 da mordaça!",4,5,18
Dr. Fernando Máximo,@fernandomaximoX,https://twitter.com/fernandomaximoX/status/1650660179946483712,2023-04-25T00:37:09.000Z,Estamos  trabalhando para implantação de novos SAMU em Rondônia - http://Rondoniaovivo.com https://rondoniaovivo.com/noticia/politica/2023/04/24/saude-fernando-maximo-trabalha-para-implantacao-de-novos-samu-em-rondonia.html…,0,0,1
Dr. Fernando Máximo,@fernandomaximoX,https://twitter.com/fernandomaximoX/status/1648831582772551682,2023-04-19T23:30:57.000Z,Só queremos a verdade! #CPMI Já!,1,2,7
Dr. Fernando Máximo,@fernandomaximoX,https://twitter.com/fernandomaximoX/status/1648655885617487872,2023-04-19T11:52:48.000Z,"Senhor, no início deste dia, venho pedir-te saúde, força e sabedoria. #Culto",3,1,8
Dr. Fernando Máximo,@fernandomaximoX,https://twitter.com/fernandomaximoX/status/1648481714287812613,2023-04-19T00:20:42.000Z,Verdade e Justiça é o que nós queremos!,0,1,9
Dr. Fernando Máximo,@fernandomaximoX,https://twitter.com/fernandomaximoX/status/1646267902088101892,2023-04-12T21:43:48.000Z,Protocolado projeto 1.791/23 🚨 Detector de metais em todas as Escolas. Vamos cuidar da segurança das nossas Crianças!,6,2,11
Dr. Fernando Máximo,@fernandomaximoX,https://twitter.com/fernandomaximoX/status/1642943135817908231,2023-04-03T17:32:22.000Z,"Aqui em Vilhena, para inauguração da unidade Liro Hoesel, mais conhecida como a unidade do Cristo Rei, unidade que atende uma população de mais de 2.000 habitantes, é maior do que muitos dos municípios do estado de Rondônia e agora sendo revitalizada. Deus abençoe!",0,0,5
