nome,usuario,idTweet,dataPublicacao,texto,replies,retweets,likes
Gustavo Gayer,@GayerGus,https://twitter.com/GayerGus/status/1652287369351946241,2023-04-29T12:23:01.000Z,"Propus a criação de uma Comissão da Educação para visitar escolas do Brasil. 
Mais eficiente que o debate é conhecer a realidade de perto.",183,619,3.246
Gustavo Gayer,@GayerGus,https://twitter.com/GayerGus/status/1652128035011715077,2023-04-29T01:49:53.000Z,"Temos até segunda feira pra mudar esse placar
Acesse o site http://pldacensura.com e saiba como cada deputados está se posicionando",1.158,4.687,"14,8 mil"
Gustavo Gayer,@GayerGus,https://twitter.com/GayerGus/status/1652035535878103077,2023-04-28T19:42:19.000Z,Dá tempo de tentar salvar a liberdade de expressão no Brasil! Precisamos da sua ajuda!!#PLdaCensuraNão,356,2.662,8.318
Gustavo Gayer,@GayerGus,https://twitter.com/GayerGus/status/1652004053570781184,2023-04-28T17:37:13.000Z,O caminho para educação e saúde de qualidade sem demagogia,62,210,1.152
Gustavo Gayer,@GayerGus,https://twitter.com/GayerGus/status/1651757016505896968,2023-04-28T01:15:35.000Z,Essa semana não foi fácil para a esquerda,214,1.061,5.148
Gustavo Gayer,@GayerGus,https://twitter.com/GayerGus/status/1651734744076353537,2023-04-27T23:47:05.000Z,Essa semana me tornei presidente do PL de Goiânia. E fiz questão de já deixar uma mensagem bem clara para todos. Nós temos uma meta bem definida.,303,1.670,9.229
Gustavo Gayer,@GayerGus,https://twitter.com/GayerGus/status/1651644739463045120,2023-04-27T17:49:26.000Z,"Hahahahahhah 
Tomou desavisado!!",98,569,3.483
Gustavo Gayer,@GayerGus,https://twitter.com/GayerGus/status/1651575899517509633,2023-04-27T13:15:53.000Z,Resumo da semana até agora,151,704,3.094
Gustavo Gayer,@GayerGus,https://twitter.com/GayerGus/status/1651337265262518278,2023-04-26T21:27:39.000Z,Sem descanso para o crime organizado!,246,561,3.785
Gustavo Gayer,@GayerGus,https://twitter.com/GayerGus/status/1651322957900181511,2023-04-26T20:30:47.000Z,"A esquerda não entende a diferença básica entre nós e eles. Não lutamos por ideologias de ódio e destruição, mas para preservar valores e princípios que resistem ao longo da história",332,1.581,7.027
Gustavo Gayer,@GayerGus,https://twitter.com/GayerGus/status/1651279630018527243,2023-04-26T17:38:37.000Z,Esses foram os deputados de Goiás que votaram SIM pela urgência na votação do PL da censura,293,1.518,3.295
Gustavo Gayer,@GayerGus,https://twitter.com/GayerGus/status/1651256499027492864,2023-04-26T16:06:42.000Z,"CPMI do 8 de janeiro instalada!
O presidente do Senado acabou de fazer a leitura do requerimento durante a Sessão do Congresso.
O próximo passo é a definir quem será o presidente, o relator e os membros.",917,1.649,10 mil
Gustavo Gayer,@GayerGus,https://twitter.com/GayerGus/status/1651230761549193221,2023-04-26T14:24:26.000Z,Comissão de Educação @tencelzucco,52,80,918
Gustavo Gayer,@GayerGus,https://twitter.com/GayerGus/status/1651020054849368064,2023-04-26T00:27:10.000Z,URGENTE!!!,883,3.537,14 mil
Gustavo Gayer,@GayerGus,https://twitter.com/GayerGus/status/1651006889814118401,2023-04-25T23:34:51.000Z,Os outros países sabem que Lula é maior vergonha do Brasil,301,1.109,5.115
Gustavo Gayer,@GayerGus,https://twitter.com/GayerGus/status/1650993290571927554,2023-04-25T22:40:49.000Z,"O Brasil cada vez mais próximo do totalitarismo…
Com meu voto contrário, a urgência da votação do PL da censura foi 
aprovada",967,946,4.929
Gustavo Gayer,@GayerGus,https://twitter.com/GayerGus/status/1650969351103586304,2023-04-25T21:05:41.000Z,Valeu pessoal! Juntos para levar a verdade para um número cada vez maior de pessoashttp://facebook.com/gustavogayer/http://facebook.com/gustavogayer/http://facebook.com/gustavogayer/,220,768,7.139
Gustavo Gayer,@GayerGus,https://twitter.com/GayerGus/status/1650862472855965697,2023-04-25T14:00:59.000Z,https://portalanapolis.com/deputado-gustavo-gayer-assume-presidencia-do-pl-goiania-com-bolsonaro-e-recorde-de-publico/…Foi show! Goiás será um farol de esperança para o Brasil!!,123,756,5.016
Gustavo Gayer,@GayerGus,https://twitter.com/GayerGus/status/1650798123382370304,2023-04-25T09:45:17.000Z,"O ladrão tendo a recepção que merece em Portugal agora 
O Brasil virou uma piada internacional",827,5.583,"25,1 mil"
Gustavo Gayer,@GayerGus,https://twitter.com/GayerGus/status/1650661021726408704,2023-04-25T00:40:30.000Z,https://youtube.com/live/7A9LhefoZHo?feature=share…Acompanhe ao vivo!,34,60,413
Gustavo Gayer,@GayerGus,https://twitter.com/GayerGus/status/1650652377219837953,2023-04-25T00:06:09.000Z,Presidente @jairbolsonaro ao vivo na posse da nova executiva do @plnacional_ em Goiânia 🇧🇷,388,1.609,"10,6 mil"
Gustavo Gayer,@GayerGus,https://twitter.com/GayerGus/status/1650552034830037018,2023-04-24T17:27:25.000Z,"Governo prapara uma bomba pior que o sequestro da CPMI essa semana.
Precisamos da ajuda de todos nessa batalha",804,4.769,"13,6 mil"
Gustavo Gayer,@GayerGus,https://twitter.com/GayerGus/status/1650550050987159563,2023-04-24T17:19:32.000Z,Não passe esse recado!!,172,907,4.067
Gustavo Gayer,@GayerGus,https://twitter.com/GayerGus/status/1650508595782463491,2023-04-24T14:34:48.000Z,"O GRANDE DIA CHEGOU!
Hoje o estado de Goiás será palco do grande despertar da direita.

Te espero, daqui a pouco, no auditório Carlos Vieira da Assembleia Legislativa de Goiás, às 19h.

Você está convidado!",150,359,2.391
Gustavo Gayer,@GayerGus,https://twitter.com/GayerGus/status/1650484796005416960,2023-04-24T13:00:14.000Z,"A esquerda está destruindo a liberdade de expressão no Brasil!
Precisamos nos levantar. 
Te esperamos, hoje, às 22h",693,3.064,9.295
Gustavo Gayer,@GayerGus,https://twitter.com/GayerGus/status/1650270948845559809,2023-04-23T22:50:29.000Z,"A encenação ficou escancarada aqui 
Vandalo espera fotógrafo tirar uma foto e a porta estava aberta",1.078,4.119,"16,9 mil"
Gustavo Gayer,@GayerGus,https://twitter.com/GayerGus/status/1650232918319439873,2023-04-23T20:19:22.000Z,Vamos deixar a meta aberta e dobrar a meta! 😎,171,327,3.324
Gustavo Gayer,@GayerGus,https://twitter.com/GayerGus/status/1650208895984386048,2023-04-23T18:43:54.000Z,#somostodosNoé,426,1.802,"11,5 mil"
Gustavo Gayer,@GayerGus,https://twitter.com/GayerGus/status/1650143817813614595,2023-04-23T14:25:19.000Z,É amanhã!!!,98,203,1.870
Gustavo Gayer,@GayerGus,https://twitter.com/GayerGus/status/1649836305424044032,2023-04-22T18:03:22.000Z,"Verificado
O cara fingindo que não sabe português pra não ter que responder a pergunta
hahahahahah
Meu Deus do ceu!!!
Esse é o presidente do Brasil?!?!?!?!?",1.440,3.506,"18,2 mil"
Gustavo Gayer,@GayerGus,https://twitter.com/GayerGus/status/1649583791961264128,2023-04-22T01:19:58.000Z,Geração Paulo Freire,429,935,4.356
Gustavo Gayer,@GayerGus,https://twitter.com/GayerGus/status/1649566453161443329,2023-04-22T00:11:04.000Z,Que vergonha para o Brasil,775,4.849,"19,7 mil"
Gustavo Gayer,@GayerGus,https://twitter.com/GayerGus/status/1649518326857564161,2023-04-21T20:59:50.000Z,"tá rodando na internet
de @BrunoZambelli3",410,1.538,5.661
Gustavo Gayer,@GayerGus,https://twitter.com/GayerGus/status/1649509876505223170,2023-04-21T20:26:15.000Z,"Fugiu do Brasil pra ir a esse vento e agora terá que fugir do evento tb
hahahahah
Esse cara é uma vergonha internacional",661,3.402,"12,5 mil"
Gustavo Gayer,@GayerGus,https://twitter.com/GayerGus/status/1649139437303918605,2023-04-20T19:54:16.000Z,"Gonçalves Dias deve ser punido! Mas ele não é o único responsável pelos atos do dia 8. Como chefe máximo das Forças Armadas, o presidente do Brasil não está isento dessa culpa!",1.100,2.489,"10,5 mil"
Gustavo Gayer,@GayerGus,https://twitter.com/GayerGus/status/1648880771606650882,2023-04-20T02:46:25.000Z,"Fugiu! 
O ladrão fugiu da cena do crime",970,2.094,"11,3 mil"
Gustavo Gayer,@GayerGus,https://twitter.com/GayerGus/status/1648801997053648902,2023-04-19T21:33:24.000Z,"CONVITE PARA A POSSE DA NOVA DIRETORIA DO PL GOIÂNIA 

No próximo dia 24, às 19h, eu espero você no Auditório Carlos Vieira da Assembleia Legislativa de Goiás (Alego).

Salve essa data na agenda e a gente se vê lá!",73,305,2.360
Gustavo Gayer,@GayerGus,https://twitter.com/GayerGus/status/1648780080988995586,2023-04-19T20:06:18.000Z,"TRAVAMOS TUDO 

CAPADR caiu por falta de quórum
  CDE caiu por falta de quórum 
 CDMIR caiu por falta de quórum  
CCJC nenhum projeto votado 
CFFC convites a ministros aprovados  
CREDN req extrapauta contra pres APEX/governo APROVADO 
CSPCCO ministro do GSI apresentou atestado…",1.289,3.478,"26,7 mil"
Gustavo Gayer,@GayerGus,https://twitter.com/GayerGus/status/1648698502040387585,2023-04-19T14:42:08.000Z,"Agora todos podem entender o porque do Governo LULA está com tanto medo da CPMI 
Isso aqui já é o bastante pra um impechment",1.036,5.027,"19,5 mil"
Gustavo Gayer,@GayerGus,https://twitter.com/GayerGus/status/1648376412271788045,2023-04-18T17:22:16.000Z,O que acabou de acontecer com a CPMI é a maior aberração que esse congresso já viu.,2.797,6.035,"23,2 mil"
Gustavo Gayer,@GayerGus,https://twitter.com/GayerGus/status/1648112745299017730,2023-04-17T23:54:33.000Z,O pai dos pobres quer usar dinheiro do povo para pagar por apoio,213,1.060,3.802
Gustavo Gayer,@GayerGus,https://twitter.com/GayerGus/status/1648082389082439680,2023-04-17T21:53:56.000Z,"Surreal esse pedido de prisão do Sergio Moro
SURREAL!",695,1.268,6.577
Gustavo Gayer,@GayerGus,https://twitter.com/GayerGus/status/1648059250961272881,2023-04-17T20:21:59.000Z,AGORA! Comissão Europeia deotna LULA em coletiva de imprensa e Brasil vira motivo de chacota mundial,389,1.926,8.161
Gustavo Gayer,@GayerGus,https://twitter.com/GayerGus/status/1648040485649281028,2023-04-17T19:07:25.000Z,Por que o Brasil precisa pedir empréstimo a um país comunista? O que está por trás disso tudo? O governo precisa esclarecer!,733,1.969,7.156
Gustavo Gayer,@GayerGus,https://twitter.com/GayerGus/status/1647698255084417031,2023-04-16T20:27:31.000Z,Mais uma semana sem dar descanso para a esquerda ⬇️,266,281,2.348
Gustavo Gayer,@GayerGus,https://twitter.com/GayerGus/status/1647667976122843137,2023-04-16T18:27:12.000Z,hahahaahahahhah,170,684,3.940
Gustavo Gayer,@GayerGus,https://twitter.com/GayerGus/status/1647636655027765252,2023-04-16T16:22:44.000Z,GP Goiás de Motovelocidade,22,55,711
Gustavo Gayer,@GayerGus,https://twitter.com/GayerGus/status/1647343941262475266,2023-04-15T20:59:36.000Z,LULA dá sua ultima investida para derrubar a CPMI do 8 de janiero - Mas você pode nos ajudar a impedir isso,597,3.421,"10,5 mil"
Gustavo Gayer,@GayerGus,https://twitter.com/GayerGus/status/1647273521431584768,2023-04-15T16:19:47.000Z,A mais nefasta tendência dos últimos anos tem sido a destruição da inocência das crianças numa tentativa de validar adultos doentes e inseguros,159,213,1.584
Gustavo Gayer,@GayerGus,https://twitter.com/GayerGus/status/1647230308205445120,2023-04-15T13:28:04.000Z,"Sábado de manhã e o pessoal de Trindade-GO ouvindo sobre o Brasil. Há esperança para os nossos filhos. Vamos vencer! Obrigado, pessoal!!",189,576,4.110
Gustavo Gayer,@GayerGus,https://twitter.com/GayerGus/status/1647013587641065472,2023-04-14T23:06:53.000Z,Está lançado o desafio aos outros deputados! Duvido alguém ter equipe melhor que a minha 😎,138,404,3.269
Gustavo Gayer,@GayerGus,https://twitter.com/GayerGus/status/1646960055604989958,2023-04-14T19:34:10.000Z,"Visitei o comando da Polícia Militar de Goiás onde fui muito bem recebido. Obrigado, Comandante-geral Coronel André, Subcomandante Coronel Sanches, Tenente-coronel Siqueira e a todos. Nossa segurança tem homens e mulheres nobres!",59,203,1.822
Gustavo Gayer,@GayerGus,https://twitter.com/GayerGus/status/1646850296910426112,2023-04-14T12:18:02.000Z,"Apresentei um Projeto de Decreto Legislativo para que a população possa decidir sobre essas questões.
Somos maioria e faremos o que for preciso para proteger nossos filhos e as mulheres desse mal e da falsa igualdade.",409,688,3.107
Gustavo Gayer,@GayerGus,https://twitter.com/GayerGus/status/1646674798154510336,2023-04-14T00:40:40.000Z,Hahahahahahaha,178,836,5.341
Gustavo Gayer,@GayerGus,https://twitter.com/GayerGus/status/1646654404831989760,2023-04-13T23:19:38.000Z,"Hahaha
Cara de pão 
Valeu @barbarapessoal 
Tmj",135,212,2.855
Gustavo Gayer,@GayerGus,https://twitter.com/GayerGus/status/1646603834465177608,2023-04-13T19:58:41.000Z,"Fui recebido por essas perigosas tias do zap, hoje. Obrigada por esse encontro, pessoal. Vocês melhoraram minha semana 100% 🇧🇷",375,738,8.392
Gustavo Gayer,@GayerGus,https://twitter.com/GayerGus/status/1646600370875924480,2023-04-13T19:44:55.000Z,Sem benefício para terroristas!,285,610,3.272
Gustavo Gayer,@GayerGus,https://twitter.com/GayerGus/status/1646356118648619008,2023-04-13T03:34:21.000Z,Ninguém se importa mais com a educação de uma criança do que seus pais.,130,405,3.419
Gustavo Gayer,@GayerGus,https://twitter.com/GayerGus/status/1646296767422517250,2023-04-12T23:38:30.000Z,O argumento mais imbecil já registrado dentro da Câmara dos Deputados,195,977,3.979
Gustavo Gayer,@GayerGus,https://twitter.com/GayerGus/status/1646271143874301954,2023-04-12T21:56:41.000Z,"Consegui a criação da subcomissão da censura, hoje. Um importante passo na defesa de nossa liberdade de expressão",180,673,3.405
Gustavo Gayer,@GayerGus,https://twitter.com/GayerGus/status/1646207799414734875,2023-04-12T17:44:59.000Z,A representação já foi aceita. Sem descanso para essa quadrilha!,171,728,3.186
Gustavo Gayer,@GayerGus,https://twitter.com/GayerGus/status/1646183115470041090,2023-04-12T16:06:53.000Z,"URGENTE! CPMI do dia 8 está em grande risco se ser destruída 
Deputados planejam retirar suas assinaturas no último dia",1.220,3.831,"10,7 mil"
Gustavo Gayer,@GayerGus,https://twitter.com/GayerGus/status/1646165978328227851,2023-04-12T14:58:48.000Z,Se isso não for assédio eu não sei o que poderia ser,596,1.318,5.931
Gustavo Gayer,@GayerGus,https://twitter.com/GayerGus/status/1646162960694358018,2023-04-12T14:46:48.000Z,"Crianças perdendo suas vidas, sendo feridas em creches e escolas, e o Ministro da Edução está preocupado em regular as redes sociais",742,1.013,4.067
Gustavo Gayer,@GayerGus,https://twitter.com/GayerGus/status/1645970013856178184,2023-04-12T02:00:06.000Z,Estamos testemunhando o resultado de décadas de engenharia social da esquerda. Deixem nossos filhos em paz!!,213,736,3.268
Gustavo Gayer,@GayerGus,https://twitter.com/GayerGus/status/1645939494380503040,2023-04-11T23:58:50.000Z,O PT é uma das maiores tragédias do Brasil!,509,1.202,6.733
Gustavo Gayer,@GayerGus,https://twitter.com/GayerGus/status/1645915168797523969,2023-04-11T22:22:10.000Z,O desgoverno dos gastos secretos,348,755,3.545
Gustavo Gayer,@GayerGus,https://twitter.com/GayerGus/status/1645819098800988161,2023-04-11T16:00:25.000Z,"NOJO!
Esse é o nível de professores que estão destruindo as mentes e corações dos nossos filhos",1.364,3.567,9.586
Gustavo Gayer,@GayerGus,https://twitter.com/GayerGus/status/1645796899952132096,2023-04-11T14:32:13.000Z,"Recebi a triste notícia do ataque que aconteceu num colégio estadual em Santa Tereza de Goiás.
Mais um atentado contra inocentes. O agressor teria 13 anos, TREZE! Os jovens estão doentes!
Nossos filhos estão desprotegidos no ambiente escolar. Precisamos URGENTEMENTE de guardas…",1.510,2.348,17 mil
Gustavo Gayer,@GayerGus,https://twitter.com/GayerGus/status/1645521526425354253,2023-04-10T20:17:58.000Z,"100 dias de escuridão, destruição e retrocesso",484,1.127,4.123
Gustavo Gayer,@GayerGus,https://twitter.com/GayerGus/status/1645455760183160837,2023-04-10T15:56:38.000Z,"Já viramos Venezuela 
100 dias desse desgoverno e já começaram a comer cachorro no Brasil",447,1.738,5.366
Gustavo Gayer,@GayerGus,https://twitter.com/GayerGus/status/1645433628569075715,2023-04-10T14:28:42.000Z,É assim que funciona a cabeça de uma pessoa embriagada pela ideologia esquerdista,359,762,3.352
Gustavo Gayer,@GayerGus,https://twitter.com/GayerGus/status/1645416889114320898,2023-04-10T13:22:11.000Z,Ser pai o jeito certo 👍🏼,129,373,1.994
Gustavo Gayer,@GayerGus,https://twitter.com/GayerGus/status/1645225703690973186,2023-04-10T00:42:29.000Z,"Pai de uma das crianças assassinadas na creche detona a imprensa durante coletiva. 
O jornalismo moderno é um lixo",428,4.575,"20,2 mil"
Gustavo Gayer,@GayerGus,https://twitter.com/GayerGus/status/1645153550475878400,2023-04-09T19:55:46.000Z,"Os primeiros 100 dias de governo:
- Bolsonaro completa dois terços da meta 
- LULA ainda sem meta, sem projeto e sem picanha",409,977,4.140
Gustavo Gayer,@GayerGus,https://twitter.com/GayerGus/status/1645151261925298176,2023-04-09T19:46:40.000Z,Narrativas começama cair uma por uma,319,861,5.421
Gustavo Gayer,@GayerGus,https://twitter.com/GayerGus/status/1645122994459774978,2023-04-09T17:54:21.000Z,https://instagram.com/p/Cq0KZ43O3W8/?igshid=OGRjNzg3M2Y=…,246,607,6.954
Gustavo Gayer,@GayerGus,https://twitter.com/GayerGus/status/1645117236628127747,2023-04-09T17:31:28.000Z,"O Senhor Jesus pagou a dívida que nos pertencia e, assentado sobre trono, à destra do Criador, de onde governa sobre toda a Terra e intercede por nós, nos chama ao seu Amor, à sua Justiça e à sua Graça. 
Eis a nossa esperança: “Ele não está aqui, porque já ressuscitou!”.

Feliz…",131,148,1.931
Gustavo Gayer,@GayerGus,https://twitter.com/GayerGus/status/1644847571041505281,2023-04-08T23:39:55.000Z,Perguntaram se tenho medo de me deixar corromper em Brasília… a resposta é uma só,321,1.058,5.583
Gustavo Gayer,@GayerGus,https://twitter.com/GayerGus/status/1644750441379508228,2023-04-08T17:13:57.000Z,"RESUMO DA SEMANA:

• Entrei com pedido de instauração da CPI da Censura.",363,855,5.219
Gustavo Gayer,@GayerGus,https://twitter.com/GayerGus/status/1644722277899022338,2023-04-08T15:22:03.000Z,"O feminismo está no topo do processo de perversão e degradação moral da sociedade.
Ele enfraquece as famílias e famílias fracas geram filhos vulneráveis à doutrinação ideológica esquerdista.",528,864,3.757
Gustavo Gayer,@GayerGus,https://twitter.com/GayerGus/status/1644452747771535360,2023-04-07T21:31:02.000Z,Acabou o tempo onde a esquerda doutrinava nossos filhos sem qualquer reação dos pais. Vamos lutar!,543,2.021,9.343
Gustavo Gayer,@GayerGus,https://twitter.com/GayerGus/status/1644394382001336320,2023-04-07T17:39:06.000Z,"24 anos juntos não é pra qualquer um. 
Tínhamos apenas 17 anos quando nos conhecemos  na escola. Dois adolescentes completamente apaixonados. 
Hoje eu não tenho dúvidas de que foi Deus que fez com que nossos caminhos se cruzassem e é Ele que nos abençoou com uma história e…",721,718,"12,6 mil"
Gustavo Gayer,@GayerGus,https://twitter.com/GayerGus/status/1644112624827637763,2023-04-06T22:59:30.000Z,As escolas precisam urgentemente de guardas armados em cada entrada para garantir a segurança dos nossos filhos!,487,925,5.001
Gustavo Gayer,@GayerGus,https://twitter.com/GayerGus/status/1644048181208969230,2023-04-06T18:43:25.000Z,📍Cidade de Goiás: fortalecimento da direita no município + Procissão do Fogaréu.,101,402,3.144
Gustavo Gayer,@GayerGus,https://twitter.com/GayerGus/status/1643829128691417089,2023-04-06T04:12:59.000Z,"Retornando a Itaberaí - GO. Prometi que voltaria a todas as cidades onde fiz campanha. 
Mais uma para a lista e contando",125,488,4.824
Gustavo Gayer,@GayerGus,https://twitter.com/GayerGus/status/1643731171828809728,2023-04-05T21:43:45.000Z,Estar deputado federal é uma missão,132,504,3.570
Gustavo Gayer,@GayerGus,https://twitter.com/GayerGus/status/1643664794921074731,2023-04-05T17:19:59.000Z,"o país está quebrando
Mas pelo menos o ""amor venceu""",299,810,3.440
Gustavo Gayer,@GayerGus,https://twitter.com/GayerGus/status/1643657493325676561,2023-04-05T16:50:58.000Z,"Parem de postar fotos desse monstro que tirou a vida de 4 crianças hoje. 
É exatamente o que esses demonios querem. 
E isso ainda pode fomentar que outros capetas como esse queiram agir da mesma forma",356,572,3.741
Gustavo Gayer,@GayerGus,https://twitter.com/GayerGus/status/1643652996603969556,2023-04-05T16:33:06.000Z,Nenhum vídeo consegue demonstrar tão claramente a decadencia do jornalismo brasileiro como esse,337,1.625,7.927
Gustavo Gayer,@GayerGus,https://twitter.com/GayerGus/status/1643642078528667650,2023-04-05T15:49:43.000Z,"É com muita tristeza no coração que tesemunhamos mais um ataque covarde contra as nossas crianças no dia de hoje. 
Não podemos esquecer que nosso maior patrimonio enquanto sociedade são as nossas crianças. Devemos protegê-las e resgarda-las com nossas vidas se preciso for. 
As…",368,783,9.192
Gustavo Gayer,@GayerGus,https://twitter.com/GayerGus/status/1643398393975255041,2023-04-04T23:41:24.000Z,Para os esquecidos,695,3.611,12 mil
Gustavo Gayer,@GayerGus,https://twitter.com/GayerGus/status/1643390010601684993,2023-04-04T23:08:05.000Z,Continua sendo o presidente nos corações da maioria dos brasileiros,1.984,3.310,"26,7 mil"
Gustavo Gayer,@GayerGus,https://twitter.com/GayerGus/status/1643357856119308293,2023-04-04T21:00:19.000Z,"Ué
Mas esse não era pra ser o governo inclusivo?
Mais uma pra conta do FAZUELI
Sem picanha e sem mulheres",293,1.843,7.158
Gustavo Gayer,@GayerGus,https://twitter.com/GayerGus/status/1643301821308362752,2023-04-04T17:17:39.000Z,Amanhã vou estar na Câmara Municipal de Goiânia com o vereador @WillianVeloso_ e com o deputado estadual @FredRC,43,147,1.094
Gustavo Gayer,@GayerGus,https://twitter.com/GayerGus/status/1643256461781286915,2023-04-04T14:17:25.000Z,O ódio tomou conta desse ser despresível,1.562,2.234,11 mil
Gustavo Gayer,@GayerGus,https://twitter.com/GayerGus/status/1643243118353870849,2023-04-04T13:24:24.000Z,Valeu pessoal! http://instagram.com/gusgayerhttp://instagram.com/gusgayerhttp://instagram.com/gusgayer,318,944,9.685
Gustavo Gayer,@GayerGus,https://twitter.com/GayerGus/status/1642984023726120969,2023-04-03T20:14:51.000Z,A imprensa mentiu sobre a chegada do presidente Bolsonaro ao Brasil,373,2.751,"10,1 mil"
Gustavo Gayer,@GayerGus,https://twitter.com/GayerGus/status/1642942762705207318,2023-04-03T17:30:53.000Z,Entrei com pedido da CPI da censura,417,905,5.621
Gustavo Gayer,@GayerGus,https://twitter.com/GayerGus/status/1642936223357452330,2023-04-03T17:04:54.000Z,Só mais uma do FAZUELI,191,1.062,4.086
Gustavo Gayer,@GayerGus,https://twitter.com/GayerGus/status/1642926676949581833,2023-04-03T16:26:58.000Z,Passamos 4 anos despiorando e agora em apenas 3 meses já estamos desmelhorando tudo que despiorou,408,895,5.651
Gustavo Gayer,@GayerGus,https://twitter.com/GayerGus/status/1642924806248046592,2023-04-03T16:19:32.000Z,"Isso vai acabar! 
Por Deus isso vai acabar!!",289,2.687,8.853
Gustavo Gayer,@GayerGus,https://twitter.com/GayerGus/status/1642906738788540418,2023-04-03T15:07:44.000Z,Briguem miseráveis! Reunião de Boulos com Datena é gravada e mostra o Psol se virnado contra o LULA,992,3.457,"17,8 mil"
Gustavo Gayer,@GayerGus,https://twitter.com/GayerGus/status/1642905126301229056,2023-04-03T15:01:20.000Z,Obrigado pela visita @joaocamposdep e @OseiasVarao,12,26,501
Gustavo Gayer,@GayerGus,https://twitter.com/GayerGus/status/1642721146192658432,2023-04-03T02:50:16.000Z,"Sem picanha 
sem contra filé
sem coxão duro
sem carne por completo",1.463,1.391,6.891
Gustavo Gayer,@GayerGus,https://twitter.com/GayerGus/status/1642362514032795648,2023-04-02T03:05:11.000Z,"RESUMO DA SEMANA ✌🏼• Participei da Tecnoshow Comigo, em Rio Verde.

• Me reuni com representantes da Meta para defender a liberdade de expressão.

• Entrei com emendas que podem dar fim à escravidão do Programa Mais Médicos.",148,503,4.636
Gustavo Gayer,@GayerGus,https://twitter.com/GayerGus/status/1642312652994015234,2023-04-01T23:47:03.000Z,Parece que já têm militantes que se dizem professores deixando de doutrinar em salas de aula de Goiânia graças ao http://institutonossosfilhos.com.br,595,3.663,"19,3 mil"
Gustavo Gayer,@GayerGus,https://twitter.com/GayerGus/status/1642240589763686400,2023-04-01T19:00:42.000Z,Segunda CPMI pra dar um fim rápido nesse desgoverno,708,1.731,"10,6 mil"
Gustavo Gayer,@GayerGus,https://twitter.com/GayerGus/status/1642140866880888832,2023-04-01T12:24:26.000Z,O ladrão já é oficialmente uma decepção para o Brasil,926,1.468,6.989
