nome,usuario,idTweet,dataPublicacao,texto,replies,retweets,likes
Gervásio Maia,@gervasiomaia,https://twitter.com/gervasiomaia/status/1651392782991228929,2023-04-27T01:08:15.000Z,"👩🏽‍⚕️👨🏻‍⚕️ VITÓRIA DA ENFERMAGEM! 
Aprovamos o projeto de lei que garante ao ministério da Saúde R$ 7,3 bilhões para o pagamento do piso de enfermeiros, técnicos, auxiliares de enfermagem e parteiras. O texto segue para sanção do presidente @LulaOficial.",10,1,7
Gervásio Maia,@gervasiomaia,https://twitter.com/gervasiomaia/status/1651231933060227072,2023-04-26T14:29:05.000Z,"Apoiamos a criação da Frente Parlamentar Mista em Defesa da Cidadania e dos Direitos LGBTQIA+. 
Entre as bandeiras do segmento está a aprovação de propostas que que criminalizam a homofobia. #GervasioMaia #PSB40",5,2,10
Gervásio Maia,@gervasiomaia,https://twitter.com/gervasiomaia/status/1650886978659930121,2023-04-25T15:38:22.000Z,"Fascismo nunca mais! 🌹Portugal celebra hoje os 49 anos da Revolução dos Cravos, que pôs fim à ditadura salazarista. Foi emocionante estar na Assembleia da República de Portugal neste dia tão importante. #revoluçãodoscravos #25deabril",4,4,12
Gervásio Maia,@gervasiomaia,https://twitter.com/gervasiomaia/status/1650566568856756224,2023-04-24T18:25:10.000Z,"Uma honra e uma emoção muito grande estar presente na entrega do mais importante prêmio da literatura de língua portuguesa a @ChicoBuarque. O Prêmio Camões deveria ter sido entregue ao artista em 2019. Hoje, o presidente @LulaOficial corrigiu essa injustiça.",7,3,20
Gervásio Maia,@gervasiomaia,https://twitter.com/gervasiomaia/status/1649882540365291522,2023-04-22T21:07:05.000Z,Paraibana se emociona ao encontrar o presidente @LulaOficial em Portugal. #OBrasilVoltou,8,5,18
Gervásio Maia,@gervasiomaia,https://twitter.com/gervasiomaia/status/1649769780486848514,2023-04-22T13:39:01.000Z,"🇧🇷🇵🇹 Primeira agenda do dia, Cerimônia de boas-vindas à comitiva presidencial. Importantes parcerias comercias, científicas e educacionais entre os dois países estão sendo retomadas com diálogo, civilidade e respeito.",2,2,10
Gervásio Maia,@gervasiomaia,https://twitter.com/gervasiomaia/status/1649239004728967169,2023-04-21T02:29:54.000Z,🇵🇹Embarcando com a comitiva do presidente @LulaOficial em missão oficial do Governo do Brasil. É uma honra participar desse momento histórico da retomada das relações diplomáticas e do protagonismo internacional do nosso país.#OBrasilVoltou,1,2,10
Gervásio Maia,@gervasiomaia,https://twitter.com/gervasiomaia/status/1648777977264586753,2023-04-19T19:57:57.000Z,"📍REPÚDIO! 
A oposição desrespeita o parlamento e o povo brasileiro. Sem propostas, sem argumentos, criam fake news, espalham mentiras, destilam ódio. 
Nosso repúdio a atitude violenta do deputado Eduardo Bolsonaro.",1,4,15
Gervásio Maia,@gervasiomaia,https://twitter.com/gervasiomaia/status/1648455513854857217,2023-04-18T22:36:35.000Z,"📍✨VITÓRIA DA ENFERMAGEM! 
O presidente @LulaOficial assinou o
projeto que garante R$ 7,3 bilhões para o Piso Nacional da Enfermagem, uma luta histórica da categoria! O Piso para enfermeiros será R$ 4.750; técnicos R$ 3.325, e auxiliares e parteiras R$ 2.375.",2,4,13
Gervásio Maia,@gervasiomaia,https://twitter.com/gervasiomaia/status/1648062944595398681,2023-04-17T20:36:40.000Z,"A fala do juiz, referendada pelo senador Moro é INACEITÁVEL e CRIMINOSA. 
O Nordeste produz ciência de excelência, tecnologia, bem como uma formidável indústria artístico-cultural. É estarrecedor que pessoas se utilizem de um direito tão basilar quanto a liberdade de expressão...",1,2,10
Gervásio Maia,@gervasiomaia,https://twitter.com/gervasiomaia/status/1647753301415403521,2023-04-17T00:06:15.000Z,"📍Nesta segunda, o PSB realiza um grande encontro em João Pessoa para dar posse à composição do diretório estadual e diretórios municipais. Ainda na ocasião, será realizado um grande ato de filiação de prefeitos e lideranças de todas as regiões. Será às 9h, no Marriage Recepções.",0,1,8
Gervásio Maia,@gervasiomaia,https://twitter.com/gervasiomaia/status/1645896579344105472,2023-04-11T21:08:18.000Z,"Em virtude de atitudes extremistas de alguns parlamentares, a audiência na Comissão de Segurança foi suspensa. Nossa solidariedade ao min @FlavioDino e ao dep @DuarteJr_ ,q foram desrespeitados p/uma horda violenta. Nossas desculpas ao povo brasileiro pelo espetáculo deplorável.",1,5,17
Gervásio Maia,@gervasiomaia,https://twitter.com/gervasiomaia/status/1645102895338012672,2023-04-09T16:34:29.000Z,"Recebi com muita tristeza a notícia da morte do jornalista, poeta e editor Juca Pontes. Generoso, amplo, estimulador das artes em todas as suas linguagens, Juca deixa um importante legado para a cultura paraibana. 
Que Deus possa confortar o coração dos familiares e amigos.",0,1,7
