nome,usuario,idTweet,dataPublicacao,texto,replies,retweets,likes
Guilherme Boulos,@GuilhermeBoulos,https://twitter.com/GuilhermeBoulos/status/1652341334609477633,2023-04-29T15:57:27.000Z,Estamos avançando!! As Cozinhas Solidárias vão virar política pública em breve. Proporcionar alimento para os mais de 30 milhões que passam fome no Brasil é a prioridade. (1/2),215,367,3.135
Guilherme Boulos,@GuilhermeBoulos,https://twitter.com/GuilhermeBoulos/status/1652044277327732745,2023-04-28T20:17:03.000Z,Respeito ao funcionalismo público! Foram 6 anos com os salários congelados e hoje o presidente @LulaOficial assinou o aumento de 9% para os servidores federais.,1.140,807,5.896
Guilherme Boulos,@GuilhermeBoulos,https://twitter.com/GuilhermeBoulos/status/1652013888286670866,2023-04-28T18:16:18.000Z,Eu e o @pastorhenriquev convidamos diversas organizaçãos e especialistas para uma Audiência Pública muito importante sobre nosso projeto de Cozinhas Solidárias. O combate a fome é nossa prioridade!,76,167,1.248
Guilherme Boulos,@GuilhermeBoulos,https://twitter.com/GuilhermeBoulos/status/1651985864665313282,2023-04-28T16:24:57.000Z,"Anderson Torres simplesmente tentou enganar a PF, entregando senhas falsas do celular. A CPMI também será muito importante para tirar a limpo cada molecagem dos golpistas.",313,361,3.303
Guilherme Boulos,@GuilhermeBoulos,https://twitter.com/GuilhermeBoulos/status/1651960934489890823,2023-04-28T14:45:53.000Z,"SÃO PAULO: a ideia genial de gastar R$ 10 milhões na tal Virada Cultural no Metaverso caiu! É o mínimo, mas a prefeitura só recuou depois que o TCM apontou várias IRREGULARIDADES e exigiu explicações 🤔",33,147,1.117
Guilherme Boulos,@GuilhermeBoulos,https://twitter.com/GuilhermeBoulos/status/1651941096274927616,2023-04-28T13:27:03.000Z,"POVOS INDÍGENAS: Lula acaba de assinar a demarcação de seis terras indígenas:  Arara do Rio Amônia (AC),  Kariri-Xocó (AL),  Rio dos Índios (RS),  Tremembé da Barra do Mundaú (CE),  Avá-Canoeiro(GO) e  Uneiuxi(AM). Como é bom viver num país que voltou a respirar!",92,332,2.189
Guilherme Boulos,@GuilhermeBoulos,https://twitter.com/GuilhermeBoulos/status/1651923835833155584,2023-04-28T12:18:28.000Z,"BOMBA! Em pleno 30 de dezembro, ajudante de ordens e chefe da Receita Federal de Bolsonaro ligaram para servidor tentando forçar a liberação das jóias da Arábia Saudita. A saga da propina é interminável!",458,551,3.752
Guilherme Boulos,@GuilhermeBoulos,https://twitter.com/GuilhermeBoulos/status/1651914781861769217,2023-04-28T11:42:29.000Z,"Sergio Moro não perde uma oportunidade de atacar Silvio Almeida. A inveja do capacho de Bolsonaro, humilhado e demitido como ministro, é gritante.",535,711,8.695
Guilherme Boulos,@GuilhermeBoulos,https://twitter.com/GuilhermeBoulos/status/1651725492691828736,2023-04-27T23:10:19.000Z,Dez anos depois da PEC das Domésticas só 26% das trabalhadoras tem carteira assinada. Nós estamos ouvindo as demandas da categoria e atuando pela valorização do trabalho doméstico.,86,273,2.050
Guilherme Boulos,@GuilhermeBoulos,https://twitter.com/GuilhermeBoulos/status/1651659936856678415,2023-04-27T18:49:49.000Z,"Hoje presidi o debate sobre o novo Minha Casa, Minha Vida, a pedido do colega @eduardobraga_AM, na comissão mista que está tocando a proposta. Recebemos boas contribuições da Caixa Econômica e outras entidades do setor de habitação. Seguimos trabalhando e avançando!",60,127,1.138
Guilherme Boulos,@GuilhermeBoulos,https://twitter.com/GuilhermeBoulos/status/1651622088220844034,2023-04-27T16:19:26.000Z,"Hoje nosso encontro foi aqui em Brasília em mais um dia de atividades e muito trabalho por São Paulo e pelo Brasil.

Simbora pra cima deles! 💜",108,145,1.647
Guilherme Boulos,@GuilhermeBoulos,https://twitter.com/GuilhermeBoulos/status/1651612011912994816,2023-04-27T15:39:23.000Z,"Parabéns, @silviolual por mais uma vez mostrar ao bolsonarismo  que política não pode ser feita com molecagem e baixeza. Que vergonha desse Senador!",949,1.352,"11,4 mil"
Guilherme Boulos,@GuilhermeBoulos,https://twitter.com/GuilhermeBoulos/status/1651567635774210050,2023-04-27T12:43:03.000Z,O grande problema que enfrentamos atualmente no sistema previdenciário foi causado justamente pela equivocada Reforma da Previdência.,135,360,1.837
Guilherme Boulos,@GuilhermeBoulos,https://twitter.com/GuilhermeBoulos/status/1651361033125244930,2023-04-26T23:02:05.000Z,"VITÓRIA! O Congresso aprovou o Piso Nacional da Enfermagem. Depois de décadas de luta, a categoria conquistou o direito a um piso salarial.",445,458,4.762
Guilherme Boulos,@GuilhermeBoulos,https://twitter.com/GuilhermeBoulos/status/1651340579572441091,2023-04-26T21:40:49.000Z,Agora eu estou gostando dessa CPMI.,752,1.768,"10,3 mil"
Guilherme Boulos,@GuilhermeBoulos,https://twitter.com/GuilhermeBoulos/status/1651333691572903937,2023-04-26T21:13:27.000Z,"Estamos agora, ao lado do @pastorhenriquev, realizando a Audiência Pública PL das Cozinhas Solidárias para debater com a sociedade civil a implementação do projeto. 🔴 Acompanhe ao vivo:",27,44,530
Guilherme Boulos,@GuilhermeBoulos,https://twitter.com/GuilhermeBoulos/status/1651280722563416067,2023-04-26T17:42:58.000Z,"Qual desculpa esfarrapada colaria melhor que 'Foi sem querer'?

(   ) Foi hacker
(   ) Foi mal, tava doidão 
(   ) Foi esquerdista infiltrado",1.081,1.170,6.355
Guilherme Boulos,@GuilhermeBoulos,https://twitter.com/GuilhermeBoulos/status/1651277109514600448,2023-04-26T17:28:36.000Z,É indignante o que os juros do crédito consignado estão fazendo com os aposentados no Brasil.,145,361,2.475
Guilherme Boulos,@GuilhermeBoulos,https://twitter.com/GuilhermeBoulos/status/1651234949427601408,2023-04-26T14:41:05.000Z,O que temos aqui é um grupo de extremistas cujo único objetivo é tumultuar a política e os trabalhos sérios em troca de engajamento nas redes. Se as coisas não saem como eles querem...,92,244,2.277
Guilherme Boulos,@GuilhermeBoulos,https://twitter.com/GuilhermeBoulos/status/1651215683907092481,2023-04-26T13:24:31.000Z,"Grande dia! As investigações sobre o 8 de janeiro chegaram no chefe. Hoje Bolsonaro está tomando café da manhã na Polícia Federal pra dar explicações. Agora, o Brasil aguarda o momento em que ele tomará café na Papuda.",855,606,4.877
Guilherme Boulos,@GuilhermeBoulos,https://twitter.com/GuilhermeBoulos/status/1651032459105140736,2023-04-26T01:16:27.000Z,Aprovar o PL das Fake News é fundamental para que as escolas voltem a ser espaços de educação e segurança - e não de medo.,374,567,4.287
Guilherme Boulos,@GuilhermeBoulos,https://twitter.com/GuilhermeBoulos/status/1651012099185729539,2023-04-25T23:55:33.000Z,Quem poderia imaginar que a República de Curitiba ia seguir o modus operandi da milícia do Vivendas da Barra?,308,1.121,7.264
Guilherme Boulos,@GuilhermeBoulos,https://twitter.com/GuilhermeBoulos/status/1650988088817065989,2023-04-25T22:20:08.000Z,Acabamos de aprovar a URGÊNCIA  do PL das Fake News na Câmara! Semana que vem vamos votar e aprovar a lei. Basta de mentiras e difusão do ódio pelas redes!,2.378,2.018,"17,9 mil"
Guilherme Boulos,@GuilhermeBoulos,https://twitter.com/GuilhermeBoulos/status/1650927538686812160,2023-04-25T18:19:32.000Z,"Campos Neto teve coragem de dizer que o BC está no ""caminho certo"" com Selic a 13.75%. 

 Enquanto 8 a cada 10 brasileiros estão endividados, o lucro de Itaú, Bradesco e Santander em 2022 foi de R$62 BILHÕES.

O único caminho que ele conhece é a Avenida Faria Lima.",621,777,4.638
Guilherme Boulos,@GuilhermeBoulos,https://twitter.com/GuilhermeBoulos/status/1650881736690073600,2023-04-25T15:17:32.000Z,O PL das Fake News é urgente e fundamental para frear a onda de desinformação e ódio nas redes sociais. As plataformas precisam ser responsabilizadas pelo conteúdo que deixam circular e políticos que promovem mentiras também. PL 2630 JÁ ⚠️,398,469,2.185
Guilherme Boulos,@GuilhermeBoulos,https://twitter.com/GuilhermeBoulos/status/1650867142777028610,2023-04-25T14:19:33.000Z,"Se não atingimos a meta, mudamos a meta...",47,145,1.085
Guilherme Boulos,@GuilhermeBoulos,https://twitter.com/GuilhermeBoulos/status/1650827151690661888,2023-04-25T11:40:38.000Z,"Enquanto recebia jóias, Bolsonaro discutia com a Arábia Saudita a entrada do Brasil na OPEP e as exportações da Petrobras. Jóia e diamante escondidos em mala de assessor em meio a negociações do petróleo brasileiro tem nome: PROPINA.",524,525,3.176
Guilherme Boulos,@GuilhermeBoulos,https://twitter.com/GuilhermeBoulos/status/1650580909182033933,2023-04-24T19:22:09.000Z,"""Reconforta-me que o ex-presidente teve a rara fineza de não sujar o meu prêmio Camões, deixando seu espaço em branco para o nosso presidente Lula"". Chico Buarque sabe usar as palavras do lado certo da História. Parabéns, Chico!",414,551,5.357
Guilherme Boulos,@GuilhermeBoulos,https://twitter.com/GuilhermeBoulos/status/1650562919774527488,2023-04-24T18:10:40.000Z,A CPMI irá identificar os reais responsáveis: os golpistas bolsonaristas. Segue o fio.,1.596,620,5.013
Guilherme Boulos,@GuilhermeBoulos,https://twitter.com/GuilhermeBoulos/status/1650555657597202441,2023-04-24T17:41:49.000Z,"O SP1 falou sobre o nosso projeto das Cozinhas Solidárias. Dá uma conferida! E já nessa semana teremos a primeira audiência para avançar na proposta que transforma as cozinhas em política de estado. Vamos em frente, porque quem tem fome não pode esperar!",41,166,1.075
Guilherme Boulos,@GuilhermeBoulos,https://twitter.com/GuilhermeBoulos/status/1650509971140780035,2023-04-24T14:40:16.000Z,"São Paulo ABANDONADA! A cidade tem R$ 34,9 bilhões em caixa e mesmo assim a prefeitura só conseguiu cumprir 16% das próprias metas de qualidade nas áreas de zeladoria, mobilidade urbana e infraestrutura. Ou seja, incompetência administrativa!",388,545,3.742
Guilherme Boulos,@GuilhermeBoulos,https://twitter.com/GuilhermeBoulos/status/1650272084679901184,2023-04-23T22:55:00.000Z,"Já está no ar o novo episódio de #CaféComBoulos! ""Respondendo Tweets"", assista no Youtube:https://youtube.com/watch?v=NllDH7OM4kI…",52,71,643
Guilherme Boulos,@GuilhermeBoulos,https://twitter.com/GuilhermeBoulos/status/1649881023696744448,2023-04-22T21:01:04.000Z,Da regulamentação do piso salarial da enfermagem até a situação do general Gonçalves Dias... é hora do nosso resumão da semana!,130,111,848
Guilherme Boulos,@GuilhermeBoulos,https://twitter.com/GuilhermeBoulos/status/1649809755999809536,2023-04-22T16:17:52.000Z,"Não tem jeito, definitivamente rachadinha é o negócio da família. Não se salva um. Agora é o Carluxo que teve o sigilo bancário quebrado pelo Ministério Público pra investigar o esquema.",1.277,1.003,6.968
Guilherme Boulos,@GuilhermeBoulos,https://twitter.com/GuilhermeBoulos/status/1649520125869977600,2023-04-21T21:06:59.000Z,"Está preocupado comigo, Jair? É melhor se preocupar com seu depoimento na PF semana que vem... O povo de São Paulo saberá fazer a sua escolha.",1.195,655,6.119
Guilherme Boulos,@GuilhermeBoulos,https://twitter.com/GuilhermeBoulos/status/1649437516875825152,2023-04-21T15:38:43.000Z,"Fazemos questão de fazer um mandato diferente. Por isso, levamos o Gabinete do Povo para ouvir as demandas e pensar soluções junto das pessoas.",78,156,1.273
Guilherme Boulos,@GuilhermeBoulos,https://twitter.com/GuilhermeBoulos/status/1649131258453041160,2023-04-20T19:21:46.000Z,"O verificado caiu, mas eu estou firme aqui, viu?! 

Já está começando nossa live semanal de prestação de contas. 🔴 BOULOS DIRETO DO FORNO | AO VIVO no YouTube",393,274,6.233
Guilherme Boulos,@GuilhermeBoulos,https://twitter.com/GuilhermeBoulos/status/1649110612331331597,2023-04-20T17:59:43.000Z,"Quanto mais informações chegam, mais indignante a situação fica. Quase metade dos 4.591 ônibus fiscalizados nas blitz do segundo turno foram em cidades do nordeste, nas quais Lula venceu. Claramente uma tentativa de fraudar a eleição!",506,675,3.669
Guilherme Boulos,@GuilhermeBoulos,https://twitter.com/GuilhermeBoulos/status/1649068588135751681,2023-04-20T15:12:44.000Z,"Protocolei junto a bancada do @psol50 o pedido para a criação de uma Comissão Externa Temporária da Câmara, para fiscalizar a aplicação das leis já existentes e propor novas medidas para combater a violência nas escolas.",40,72,816
Guilherme Boulos,@GuilhermeBoulos,https://twitter.com/GuilhermeBoulos/status/1649039669768617987,2023-04-20T13:17:49.000Z,"A primeira leva já foi e que venham os próximos, até chegar no líder! O STF formou maioria pra tornar réus o primeiro grupo de cem golpistas que atentaram contra a democracia no 8 de janeiro. SEM ANISTIA!",1.235,600,3.988
Guilherme Boulos,@GuilhermeBoulos,https://twitter.com/GuilhermeBoulos/status/1648734355160694802,2023-04-19T17:04:36.000Z,Bananinha está estressadinho porque a cadeia do pai se aproxima.,4.166,936,11 mil
Guilherme Boulos,@GuilhermeBoulos,https://twitter.com/GuilhermeBoulos/status/1648718217144156160,2023-04-19T16:00:29.000Z,"Dia importante em Brasília! Estamos saindo agora da reunião da Comissão de Desenvolvimento Urbano da Câmara, da qual fui eleito vice-presidente. E já estamos a caminho do laçamento do PPA. Pra cima!",381,225,2.373
Guilherme Boulos,@GuilhermeBoulos,https://twitter.com/GuilhermeBoulos/status/1648716824056414211,2023-04-19T15:54:57.000Z,305 etnias. 274 línguas. Esse é o tamanho da diversidade da população indígena do nosso país. Tenho muito orgulho de estar ao lado de @GuajajaraSonia e @celiaxakriaba nessa caminhada. Viva o dia dos Povos Indígenas!,75,134,1.106
Guilherme Boulos,@GuilhermeBoulos,https://twitter.com/GuilhermeBoulos/status/1648444523176144901,2023-04-18T21:52:55.000Z,Vitória dos profissionais da enfermagem! O piso nacional da categoria finalmente será garantido.✌️,2.433,716,8.131
Guilherme Boulos,@GuilhermeBoulos,https://twitter.com/GuilhermeBoulos/status/1648429833511399424,2023-04-18T20:54:33.000Z,GRAVE! ViaMobilidade coloca a população em risco. Vale lembrar que é a mesma administradora que causou 166 falhas em único ano de gestão das linhas 8 e 9 da CPTM.,202,608,4.213
Guilherme Boulos,@GuilhermeBoulos,https://twitter.com/GuilhermeBoulos/status/1648414469054246914,2023-04-18T19:53:30.000Z,O governo anunciou um pacote de medidas para combater a violência em escolas. E impedir a circulação de discursos de ódio é essencial pra esse enfrentamento. Por isso protocolei PL em parceria com @EdianeMariaMTST que obriga as redes a monitorar e banir conteúdo nocivo.,51,95,700
Guilherme Boulos,@GuilhermeBoulos,https://twitter.com/GuilhermeBoulos/status/1648396173017751568,2023-04-18T18:40:48.000Z,"RELOJOARIA MILÍCIA LTDA ⌚Bolsonaro não foi o único que embolsou ""presentes"" milionários não. O Tribunal de Contas está pedindo que os ex-ministros também devolvam relógios de luxo que receberam em viagem ao Catar.",249,325,1.975
Guilherme Boulos,@GuilhermeBoulos,https://twitter.com/GuilhermeBoulos/status/1648371002143916038,2023-04-18T17:00:46.000Z,"Cinco anos depois do assassinato de Marielle e Anderson, as famílias ainda não têm acesso a todos os autos da investigação. Hoje o STJ vai julgar o recurso que pode reverter esse absurdo e garantir a transparência necessária ao processo. #JustiçaPorMarielleEAnderson",145,188,1.401
Guilherme Boulos,@GuilhermeBoulos,https://twitter.com/GuilhermeBoulos/status/1648284190004084736,2023-04-18T11:15:49.000Z,BOMBA! Bolsonaro usou a PRF pra tentar interferir nas eleições. Policiais de folga foram escalados para atrapalhar a votação em cidades com mais eleitores do Lula. Inelegibilidade é pouco.,2.744,1.409,"10,8 mil"
Guilherme Boulos,@GuilhermeBoulos,https://twitter.com/GuilhermeBoulos/status/1648069738759593986,2023-04-17T21:03:40.000Z,"É FATO que o Ministério Público está investigando os contratos de privatização da CPTM. 

É FATO que as linhas privatizadas estão apresentando três vezes mais falhas que as geridas pelo Estado. 

A pergunta é: o que justifica essa vontade de vender toda a CPTM? 🤔",668,741,5.315
Guilherme Boulos,@GuilhermeBoulos,https://twitter.com/GuilhermeBoulos/status/1647951620045504513,2023-04-17T13:14:18.000Z,"Um ano sem aula de biologia, história e química. É isso que estão chamando de ""modernização"" do ensino? 🤡",424,1.191,7.244
Guilherme Boulos,@GuilhermeBoulos,https://twitter.com/GuilhermeBoulos/status/1647735369482510336,2023-04-16T22:55:00.000Z,"Precisamos falar sobre a violência nas escolas, assista o novo Café com Boulos em:",77,77,518
Guilherme Boulos,@GuilhermeBoulos,https://twitter.com/GuilhermeBoulos/status/1647721542288113669,2023-04-16T22:00:03.000Z,"Vereador recebe 2 milhões de reais em salários durante uma década administrando as redes sociais do pai que está perto da cadeia e chama de ""trabalho voluntário"".",1.467,1.355,"10,5 mil"
Guilherme Boulos,@GuilhermeBoulos,https://twitter.com/GuilhermeBoulos/status/1647324317166755841,2023-04-15T19:41:37.000Z,Nosso sábado foi no encontro da União dos Movimentos de Moradia para falarmos sobre os desafios do Direito à Cidade em São Paulo. Obrigado à militância pelo acolhimento e aos deputados @AlfredinhoPT e @TeonilioBarba por estarem junto!,103,85,861
Guilherme Boulos,@GuilhermeBoulos,https://twitter.com/GuilhermeBoulos/status/1647268077048942593,2023-04-15T15:58:08.000Z,"Estação Vila Sônia do metrô de SP vai passar a se chamar Estação Vila Sônia - Professora Elisabeth Tenreiro, em memória da professora assassinada dentro de uma escola no bairro. Que seu nome seja um farol pra enfrentarmos essa onda de violência e ódio.",353,371,5.966
Guilherme Boulos,@GuilhermeBoulos,https://twitter.com/GuilhermeBoulos/status/1647040102462283776,2023-04-15T00:52:15.000Z,Sérgio Moro 🇺🇸,424,614,4.876
Guilherme Boulos,@GuilhermeBoulos,https://twitter.com/GuilhermeBoulos/status/1647010340637425665,2023-04-14T22:53:59.000Z,"Todo meu apoio a @renatasouzario e a todos os moradores da Maré, que sofrem com a violência.",179,123,995
Guilherme Boulos,@GuilhermeBoulos,https://twitter.com/GuilhermeBoulos/status/1646971248436563975,2023-04-14T20:18:39.000Z,"Ai ai ai... Tá chegando a hora 🔒Bolsonaro terá que prestar depoimento a Polícia Federal em até 10 dias, pra se explicar sobre os atos golpistas de 8 de janeiro.",685,259,2.914
Guilherme Boulos,@GuilhermeBoulos,https://twitter.com/GuilhermeBoulos/status/1646951431105044480,2023-04-14T18:59:54.000Z,"Aporofobia é quando sua cidade tem mais de 50 mil pessoas vivendo em situação de rua, um déficit de mais de 30 mil vagas em abrigos e a prioridade do poder público é colocar grades na praça pra afastar essas pessoas!",321,519,3.959
Guilherme Boulos,@GuilhermeBoulos,https://twitter.com/GuilhermeBoulos/status/1646923534935941148,2023-04-14T17:09:03.000Z,Mais uma prova de que nunca foi uma escolha difícil!,302,454,2.901
Guilherme Boulos,@GuilhermeBoulos,https://twitter.com/GuilhermeBoulos/status/1646887103207178240,2023-04-14T14:44:17.000Z,Houve uma época em que viagem internacional do presidente rendia R$ 16 milhões em jóias. A viagem de Lula já rendeu 15 acordos comerciais importantes para o Brasil. Pra cima!!!,3.202,1.648,"12,6 mil"
Guilherme Boulos,@GuilhermeBoulos,https://twitter.com/GuilhermeBoulos/status/1646674476073902081,2023-04-14T00:39:23.000Z,Coincidências...,113,184,2.014
Guilherme Boulos,@GuilhermeBoulos,https://twitter.com/GuilhermeBoulos/status/1646649640949825536,2023-04-13T23:00:42.000Z,"Tornar Bolsonaro inelegível é importante, mas é o mínimo. O miliciano precisa responder por todos os crimes contra o povo brasileiro!",3.106,1.057,9.072
Guilherme Boulos,@GuilhermeBoulos,https://twitter.com/GuilhermeBoulos/status/1646582165847638028,2023-04-13T18:32:35.000Z,Ministro @silviolual expondo a hipocrisia do bolsonarismo que questiona a qualidade das marmitas servidas aos golpistas presos em Brasília. Quem contratou o serviço foi ninguém menos que o também golpista Anderson Torres.,297,742,4.753
Guilherme Boulos,@GuilhermeBoulos,https://twitter.com/GuilhermeBoulos/status/1646550933789192193,2023-04-13T16:28:28.000Z,"Após acordo na Câmara dos Deputados, para garantir o funcionamento da Comissão da MP do Minha Casa Minha Vida, assumirei a vice-presidência da Comissão. Vamos lutar por moradia digna, bem localizada com Direito à Cidade aos brasileiros!",95,138,1.175
Guilherme Boulos,@GuilhermeBoulos,https://twitter.com/GuilhermeBoulos/status/1646548192035741698,2023-04-13T16:17:35.000Z,100 dias de trabalho e reconstrução do Brasil.,165,110,850
Guilherme Boulos,@GuilhermeBoulos,https://twitter.com/GuilhermeBoulos/status/1646532638302433283,2023-04-13T15:15:46.000Z,"A segurança das escolas está acima de qualquer rede social! Agora todas plataformas são OBRIGADAS a remover conteúdo ameaçador, derrubar os perfis, fornecer dados para investigação e impedir a criação de novos perfis do mesmo endereço. Boa, @FlavioDino!",143,342,2.285
Guilherme Boulos,@GuilhermeBoulos,https://twitter.com/GuilhermeBoulos/status/1646290749242359809,2023-04-12T23:14:35.000Z,É muito importante para o Brasil que se reverta a privatização irresponsável feita na gestão anterior.,163,223,1.448
Guilherme Boulos,@GuilhermeBoulos,https://twitter.com/GuilhermeBoulos/status/1646235241529442304,2023-04-12T19:34:01.000Z,"Aqui não, Dallagnol! Por que tanto medo do Tacla Duran?",1.359,2.383,"15,3 mil"
Guilherme Boulos,@GuilhermeBoulos,https://twitter.com/GuilhermeBoulos/status/1646214773464334337,2023-04-12T18:12:41.000Z,"Tarcísio ataca novamente (agora, a Educação). Quando não está tentando vender o Estado, está trabalhando para sucatear os serviços públicos. Reduzir o orçamento da Educação é colocar São Paulo na contramão.",366,351,2.133
Guilherme Boulos,@GuilhermeBoulos,https://twitter.com/GuilhermeBoulos/status/1646191473006723094,2023-04-12T16:40:06.000Z,Meu desagravo ao @felipeneto diante das tentativas de intimidação bolsonarista.,166,247,3.632
Guilherme Boulos,@GuilhermeBoulos,https://twitter.com/GuilhermeBoulos/status/1646182188474421251,2023-04-12T16:03:12.000Z,Não há soluções simples para problemas complexos. É fundamental enfrentar os mecanismos que criaram e sustentam as redes de ódio e violência construídas no Brasil nos últimos anos.,799,2.307,"10,2 mil"
Guilherme Boulos,@GuilhermeBoulos,https://twitter.com/GuilhermeBoulos/status/1646168898218098698,2023-04-12T15:10:24.000Z,100 dias de Lula x 100 dias de Bolsonaro.,105,157,1.069
Guilherme Boulos,@GuilhermeBoulos,https://twitter.com/GuilhermeBoulos/status/1645839865827688474,2023-04-11T17:22:56.000Z,Já passou da hora de as plataformas serem corresponsabilizadas pela inação diante da propagação de discursos de ódio e conteúdo criminoso nas redes. O que não dá é pro o Elon Musk decidir o que é apologia ao crime ou não no Brasil.,882,778,4.366
Guilherme Boulos,@GuilhermeBoulos,https://twitter.com/GuilhermeBoulos/status/1645756899550285826,2023-04-11T11:53:16.000Z,Reforma tributária vai taxar os donos de jatinhos e iates do Brasil. Você acha justo que quem tem um carro velho pague IPVA e um bilionário dono de helicóptero não?,2.763,1.602,"15,5 mil"
Guilherme Boulos,@GuilhermeBoulos,https://twitter.com/GuilhermeBoulos/status/1645564059092402176,2023-04-10T23:06:59.000Z,"São Paulo está a venda: Tarcísio anunciou estudos para privatização de TODAS as linhas da CPTM, mesmo com as falhas constantes das linhas já privatizadas. Se o transporte nos trens está ruim, pode ter certeza que com essas novas privatizações vai piorar ainda mais!",3.049,1.324,8.028
Guilherme Boulos,@GuilhermeBoulos,https://twitter.com/GuilhermeBoulos/status/1645538362210631680,2023-04-10T21:24:52.000Z,"MAIS RECURSOS PARA A SAÚDE EM SP! Hoje visitamos o Hospital Dante Pazanese, o Hospital do Rim e o Hospital São Paulo. Em parceria com o @senadorgiordano destinamos R$8 milhões em emendas da saúde para as três instituições. Vamos lutar e trabalhar pelo fortalecimento do SUS!",54,77,658
Guilherme Boulos,@GuilhermeBoulos,https://twitter.com/GuilhermeBoulos/status/1645488612220313613,2023-04-10T18:07:11.000Z,"Depois de 4 anos de tragédia, abandono e destruição nacional, o Brasil voltou a respirar. O fato é que nesses 100 dias já dá pra sentir muita diferença: sai motociata, cercadinho, e entra Mais Médicos, Bolsa Família... #OBrasilVoltou (1/8)",824,356,2.631
Guilherme Boulos,@GuilhermeBoulos,https://twitter.com/GuilhermeBoulos/status/1645433563184078848,2023-04-10T14:28:26.000Z,"Os primeiros 100 dias mostram o compromisso do governo federal de melhorar a qualidade de vida do povo. O país das oportunidades está de volta. Com muito trabalho, estamos reconstruindo o Brasil. 100 dias é só o começo. #OBrasilVoltou🎥 Audiovisual/PR",118,93,682
Guilherme Boulos,@GuilhermeBoulos,https://twitter.com/GuilhermeBoulos/status/1645411789998309378,2023-04-10T13:01:55.000Z,"LULA EM 100 DIAS
-derrotou golpe
-resgatou crianças ianomâmi e enfrentou garimpo ilegal
-recriou Bolsa Família com mínimo de R$600
-R$10 bilhões no Minha Casa Minha Vida
-15 mil profissionais do Mais Médicos
-revogou decreto de armas de Bolsonaro.

Como é bom ter governo de novo.",6.241,2.822,"18,6 mil"
Guilherme Boulos,@GuilhermeBoulos,https://twitter.com/GuilhermeBoulos/status/1645198654653825026,2023-04-09T22:55:00.000Z,"100 dias do Governo Lula, o novo episódio do #CaféComBoulos está no ar:",323,131,1.826
Guilherme Boulos,@GuilhermeBoulos,https://twitter.com/GuilhermeBoulos/status/1644792316509696001,2023-04-08T20:00:21.000Z,"Brasil brasileiro é o Brasil que ama e cuida do seu povo. É o Brasil que está de volta para fazer mais pela saúde, pela cultura, pela educação, pelo meio ambiente, pelas pessoas. Brasil brasileiro é o país de todos e para todos. #OBrasilVoltou",478,236,1.556
Guilherme Boulos,@GuilhermeBoulos,https://twitter.com/GuilhermeBoulos/status/1644755832398118913,2023-04-08T17:35:23.000Z,"Em Santiago do Chile, com a prefeita @IraciHassler, conhecendo as políticas urbanas locais. Santiago é vanguarda na transição energética, na política de cuidados e na valorização dos espaços públicos. Obrigado pela troca, Prefeita!",369,200,2.728
Guilherme Boulos,@GuilhermeBoulos,https://twitter.com/GuilhermeBoulos/status/1644718420166864904,2023-04-08T15:06:43.000Z,"Após falhas de todo tipo e incontáveis reclamações dos cidadãos sobre a precarização de parques, CPTM, serviço funerário e outros, o Ministério Público do Estado e o Tribunal de Contas do Município abriram investigações para apurar o bonde da privatização sem freio em São Paulo!",140,374,1.753
Guilherme Boulos,@GuilhermeBoulos,https://twitter.com/GuilhermeBoulos/status/1644405572836499472,2023-04-07T18:23:34.000Z,"O Pedro tem 15 anos e estuda no colégio Matriz de Bangu, no Rio. Ele teve de fazer um trabalho escolar sobre questões sociais e decidiu falar sobre a arquitetura hostil utilizada para afastar a população em situação de rua. (1/2)",240,1.046,"17,1 mil"
Guilherme Boulos,@GuilhermeBoulos,https://twitter.com/GuilhermeBoulos/status/1644369668268859398,2023-04-07T16:00:54.000Z,"Acertadíssima a decisão do presidente Lula de retirar do plano de privatizações os Correios, a EBC, a Dataprev, a CONAB, a Telebrás e outras empresas importantes para o Brasil, já que a proposta do governo anterior era vender o máximo de estatais a preço de banana!",2.875,750,6.159
Guilherme Boulos,@GuilhermeBoulos,https://twitter.com/GuilhermeBoulos/status/1644115365461389316,2023-04-06T23:10:23.000Z,"O governo deu o primeiro passo para combater a herança maldita da barbárie: criou um grupo interministerial para prevenção e enfrentamento à violência nas escolas. Ao mesmo tempo, o ministro Flávio Dino determinou que os grupos extremistas atuantes no Brasil sejam investigados.",1.167,545,3.864
Guilherme Boulos,@GuilhermeBoulos,https://twitter.com/GuilhermeBoulos/status/1644008104391249921,2023-04-06T16:04:10.000Z,"Barraca não é lar, mas então cadê as moradias? O Padre Julio Lancelotti e eu já entramos com um novo recurso para impedir que a violência da Prefeitura varra o problema para debaixo tapete.",845,1.050,8.503
Guilherme Boulos,@GuilhermeBoulos,https://twitter.com/GuilhermeBoulos/status/1643993788548005889,2023-04-06T15:07:17.000Z,"Todo apoio a luta dos servidores de São Bernardo por respeito e valorização do serviço público! Os trabalhadores estão em greve há 11 dias, frente a insistência do prefeito Orlando Morando em não negociar um aumento digno de salário para a categoria.",41,104,1.070
Guilherme Boulos,@GuilhermeBoulos,https://twitter.com/GuilhermeBoulos/status/1643958195851763712,2023-04-06T12:45:51.000Z,Acolhi o PL da deputada @EdianeMariaMTST que obriga as plataformas digitais a monitorarem conteúdo de grupos que propagam discurso de ódio. Os últimos ataques de São Paulo e Blumenau demonstram que a aprovação desse PL é urgente. Vamos trabalhar em Brasília pra que isso aconteça.,130,235,1.757
Guilherme Boulos,@GuilhermeBoulos,https://twitter.com/GuilhermeBoulos/status/1643668971537813504,2023-04-05T17:36:35.000Z,"Não compartilhem nome, foto, redes sociais ou qualquer declaração do assassino de Blumenau. É muito importante seguir a orientação dos especialistas e não dar fama para esses criminosos.",1.424,2.420,"15,5 mil"
Guilherme Boulos,@GuilhermeBoulos,https://twitter.com/GuilhermeBoulos/status/1643654463649902592,2023-04-05T16:38:56.000Z,Miliciano Bar & Lanches👇R$ 457 mil foi o valor gasto no cartão corporativo com kits-lanche nos eventos de campanha do Bolsonaro. Detalhe: é proibido o uso de dinheiro público em viagens eleitorais.,242,394,2.670
Guilherme Boulos,@GuilhermeBoulos,https://twitter.com/GuilhermeBoulos/status/1643632435995787268,2023-04-05T15:11:24.000Z,"Entramos com recurso no TJ para impedir que a prefeitura volte a retirar barracas da população em situação de rua. São Paulo tem 48 mil pessoas nas ruas e pouco mais de 20 mil vagas em abrigos. Com início do outono e a queda das temperaturas, insistir nessa política é perverso.",114,195,1.823
Guilherme Boulos,@GuilhermeBoulos,https://twitter.com/GuilhermeBoulos/status/1643607586770395136,2023-04-05T13:32:40.000Z,Que tristeza! Minha solidariedade as famílias das quatro crianças brutalmente assassinadas hoje em Blumenau. Não são mais casos isolados; é cada vez mais urgente que façamos um debate sério sobre formas de prevenir e combater ataques violentos nas escolas brasileiras.,1.772,1.066,"12,1 mil"
Guilherme Boulos,@GuilhermeBoulos,https://twitter.com/GuilhermeBoulos/status/1643351560066351105,2023-04-04T20:35:18.000Z,"RECURSO PARA O HOSPITAL DAS CLÍNICAS EM SP! Visitamos ontem os Institutos da Criança e de Ortopedia do HC, para os quais garantimos um total R$3,5 milhões, em parceria com o @senadorgiordano. Agradeço o apoio do Senador e parabenizo os profissionais da saúde pelo trabalho!",101,173,1.385
Guilherme Boulos,@GuilhermeBoulos,https://twitter.com/GuilhermeBoulos/status/1643312728222605317,2023-04-04T18:01:00.000Z,"Minha solidariedade a co-vereadora de Salvador, @cleidecoutinho_ pelo ataque de fundo racista que sofreu por parte de outro vereador que tentou expulsa-la de sua cadeira. O mandato coletivo @pretasporssa foi ELEITO e as companheiras exigem o respeito da Câmara Municipal!",78,140,1.225
Guilherme Boulos,@GuilhermeBoulos,https://twitter.com/GuilhermeBoulos/status/1643286887388307456,2023-04-04T16:18:19.000Z,🚨 GRAVE: plataformas de educação online dos governos de São Paulo e Minas Gerais monitoraram e enviaram dados pessoais das crianças e adolescentes para empresas de publicidade comportamental. Inaceitável que a privacidade dos alunos seja violada dessa forma!,890,1.645,"10,3 mil"
Guilherme Boulos,@GuilhermeBoulos,https://twitter.com/GuilhermeBoulos/status/1643259748127584258,2023-04-04T14:30:28.000Z,"VITÓRIA DAS MULHERES!!! A partir de hoje, todas as delegacias da mulher funcionarão 24h por dia, inclusive em finais de semana e feriados. A lei sancionada pelo presidente Lula é uma grande conquista, fruto de muitos anos de luta de companheiras incansáveis!",478,769,6.583
Guilherme Boulos,@GuilhermeBoulos,https://twitter.com/GuilhermeBoulos/status/1643239377865256968,2023-04-04T13:09:32.000Z,DATAFOLHA: Maioria dos brasileiros defende que Bolsonaro fique inelegível e não possa disputar eleições por conta dos crimes que cometeu. O Brasil quer justiça.,7.961,1.366,"12,8 mil"
Guilherme Boulos,@GuilhermeBoulos,https://twitter.com/GuilhermeBoulos/status/1642962971034021889,2023-04-03T18:51:11.000Z,"SÓ PIORA: novas informações revelam que o Ministro da Justiça do Bolsonaro foi pessoalmente até a Bahia, as vésperas do segundo turno pra garantir que os eleitores do presidente Lula tivessem o máximo de dificuldade para chegar ao local de votação.",1.825,1.355,9.200
Guilherme Boulos,@GuilhermeBoulos,https://twitter.com/GuilhermeBoulos/status/1642889129582002179,2023-04-03T13:57:46.000Z,"Neste sábado, Datena, o craque Neto e eu nos encontramos com outros amigos corintianos, a meu convite, para um jantar no Campo Limpo. Uma conversa informal sobre futebol e política. Lamento profundamente que alguém tenha vazado uma conversa privada na tentativa de criar polêmica.",5.306,1.058,"17,6 mil"
Guilherme Boulos,@GuilhermeBoulos,https://twitter.com/GuilhermeBoulos/status/1642884969050652673,2023-04-03T13:41:14.000Z,Datafolha: 80% dos brasileiros consideram que Lula está agindo bem ao fazer pressão pela queda dos juros. Mais uma prova do que já sabíamos: a Faria Lima não é o Brasil.,4.482,1.377,"11,2 mil"
Guilherme Boulos,@GuilhermeBoulos,https://twitter.com/GuilhermeBoulos/status/1642661939334766592,2023-04-02T22:55:00.000Z,"""Por que Bolsonaro voltou ao Brasil?"" é o tema do novo #CaféComBoulos. Assista no Youtube:",171,68,684
Guilherme Boulos,@GuilhermeBoulos,https://twitter.com/GuilhermeBoulos/status/1642540337368375296,2023-04-02T14:51:48.000Z,"BOMBA! PF encontrou relatório de urnas com mais votos no 1º turno em Lula no Ministério da Justiça de Bolsonaro comandado por Anderson Torres. Dias depois, a PRF fazia blitz justamente nesses locais no 2º turno. Que Bolsonaro vá fazer companhia a Torres, que já está preso!",2.242,3.931,"28,2 mil"
Guilherme Boulos,@GuilhermeBoulos,https://twitter.com/GuilhermeBoulos/status/1642235102821220353,2023-04-01T18:38:54.000Z,"Valeu, Helipa! Noite de diálogo e aprendizado em Heliopolis. Pude conhecer a Biblioteca Comunitária e os projetos de Escola de Gastronomia e Cozinha Solidária. E o nosso querido @esuplicy apareceu por lá. Estamos com o povo de Heliopolis para apoiar os projetos da comunidade.",80,84,941
Guilherme Boulos,@GuilhermeBoulos,https://twitter.com/GuilhermeBoulos/status/1642224640696238081,2023-04-01T17:57:20.000Z,Papa Francisco explica o que alguns por aqui fingem não entender: Lula foi condenado sem provas e Dilma não cometeu crime de responsabilidade!,3.432,2.571,"14,5 mil"
Guilherme Boulos,@GuilhermeBoulos,https://twitter.com/GuilhermeBoulos/status/1642215074210119683,2023-04-01T17:19:19.000Z,"Todo nosso apoio e solidariedade à deputada estadual do PT @thainarafariapt, vítima de racismo na ALESP mais uma vez. As mulheres pretas chegaram na política pra ficar e vão continuar ocupando todos os espaços!",120,220,2.174
