nome,usuario,idTweet,dataPublicacao,texto,replies,retweets,likes
Jorge Goetten,@JorgeGoetten,https://twitter.com/JorgeGoetten/status/1647345320576073732,2023-04-15T21:05:05.000Z,"Juntos, Blumenau e todos nós, levaremos até Brasília familiares das vítimas da tragédia no Vale. Faremos agenda na próxima semana com diferentes autoridades federais cobrando uma mudança efetiva na legislação brasileira. Esse tipo de crime precisa ter uma pena mais dura!",5,1,1
Jorge Goetten,@JorgeGoetten,https://twitter.com/JorgeGoetten/status/1643613470296866817,2023-04-05T13:56:02.000Z,"O que se sabe até agora sobre o ataque à creche em Blumenau: 

- O bandido utilizou arma branca
- 4 crianças perderam a vida, infelizmente, e outras estão feridas
- O bandido se entregou à PM
- A creche é privada. Fica no Bairro Velha, muito conhecido na cidade

Inaceitável.",2,0,3
