nome,usuario,idTweet,dataPublicacao,texto,replies,retweets,likes
José Airton Cirilo,@JoseAirtonPT,https://twitter.com/JoseAirtonPT/status/1651269154282913815,2023-04-26T16:57:00.000Z,"Bolsonaro plantou o Golpe e colheu os ataques de 08/01. Espalhou mentiras sobre eleições, contra o STF, não admitiu o resultado e instalou o ódio. Ele é o idealizador e o #CapitãoDoGolpe que não deu certo. Ele e todos os terroristas precisam pagar pelos crimes. #BolsonaroNaCadeia",5,0,4
José Airton Cirilo,@JoseAirtonPT,https://twitter.com/JoseAirtonPT/status/1648669572591960066,2023-04-19T12:47:11.000Z,"O Dia dos Povos Indígenas é uma data importante para reforçarmos o compromisso de respeitar e valorizar a cultura e os direitos desses povos. No governo Lula, avançamos em políticas de inclusão e proteção aos indígenas. #DiaDosPovosIndígenas",4,2,5
José Airton Cirilo,@JoseAirtonPT,https://twitter.com/JoseAirtonPT/status/1646515479266365442,2023-04-13T14:07:35.000Z,Apresentei um Projeto de Lei que propõe a isenção de IPI de veículos utilitários para pessoas com deficiência,13,83,335
José Airton Cirilo,@JoseAirtonPT,https://twitter.com/JoseAirtonPT/status/1645409160505483270,2023-04-10T12:51:28.000Z,"🩺 O Mais Médicos para o Brasil é mais do que a garantia de atendimento médico a milhões de brasileiros. É amor pelo ofício, é dedicação ao próximo, é vínculo com as comunidades, é atenção aos mais vulneráveis. #oBrasilVoltou",1,1,5
José Airton Cirilo,@JoseAirtonPT,https://twitter.com/JoseAirtonPT/status/1645409126745341952,2023-04-10T12:51:20.000Z,#oBrasilVoltou a garantir a segurança alimentar e nutricional da população brasileira e fortalecer a produção de alimentos da agricultura familiar. 🥕🥬🧅🥦,1,0,2
José Airton Cirilo,@JoseAirtonPT,https://twitter.com/JoseAirtonPT/status/1645409083351072768,2023-04-10T12:51:10.000Z,"🏡🔑 Com a retomada do maior programa de habitação do país nas últimas décadas, o Minha Casa, Minha vida já possibilitou em 3 meses que milhares de famílias tenham sua casa própria, com mais conforto e dignidade. #oBrasilVoltou",0,0,3
José Airton Cirilo,@JoseAirtonPT,https://twitter.com/JoseAirtonPT/status/1645409032734113792,2023-04-10T12:50:58.000Z,"Permitir que os brasileiros que mais precisam vivam com dignidade é uma missão do Bolsa Família. Ele garante comida na mesa e tem os cuidados com a saúde, educação e nutrição como condicionalidades para garantia do benefício. #oBrasilVoltou",2,0,3
José Airton Cirilo,@JoseAirtonPT,https://twitter.com/JoseAirtonPT/status/1644856998616346624,2023-04-09T00:17:23.000Z,"Brasil brasileiro é o Brasil que ama e cuida do seu povo. É o Brasil que está de volta para fazer mais pela saúde, pela cultura, pela educação, pelo meio ambiente, pelas pessoas. Brasil brasileiro é o país de todos e para todos. #OBrasilVoltou",7,0,1
José Airton Cirilo,@JoseAirtonPT,https://twitter.com/JoseAirtonPT/status/1643678012226043904,2023-04-05T18:12:30.000Z,Estamos todos aterrorizados com o ataque que aconteceu na creche em Blumenau. Compartilho minha solidariedade com os familiares das vítimas e a comunidade escolar da creche Bom Pastor. A sala de aula não pode ser palco de barbáries. Não é possível normalizar esses acontecimentos.,0,0,2
José Airton Cirilo,@JoseAirtonPT,https://twitter.com/JoseAirtonPT/status/1643233242567376897,2023-04-04T12:45:09.000Z,"REFORMA E JUSTIÇA TRIBUTÁRIA
Vamos corrigir distorções históricas: que quem ganha mais pague mais, e quem ganha menos pague menos.
Unificar os impostos de consumo e avançar na Justiça Social.
Vamos junto com @LulaOficial! Com a Reforma Tributária o Brasil cresce e todos ganham!",0,1,3
José Airton Cirilo,@JoseAirtonPT,https://twitter.com/JoseAirtonPT/status/1642874670201425920,2023-04-03T13:00:19.000Z,"🚨 ALERTA DE GOLPE 🚨Golpistas estão se passando por mim no WhatsApp, fazendo uso de uma foto minha, porém com um número de telefone que não é meu, para pedir documentação em nome da CONAB, para um suposta doação de material.

[+]",1,1,4
