nome,usuario,idTweet,dataPublicacao,texto,replies,retweets,likes
Julio Cesar Ribeiro,@JulioCesarRib,https://twitter.com/JulioCesarRib/status/1652356242608668679,2023-04-29T16:56:42.000Z,"O texto final do projeto que trata das fake news foi apresentado e, apesar de ter agregado algumas das mudanças necessárias, não é o suficiente. Por esse motivo, eu IREI VOTAR CONTRA O PROJETO.",16,4,17
Julio Cesar Ribeiro,@JulioCesarRib,https://twitter.com/JulioCesarRib/status/1651688370039398403,2023-04-27T20:42:48.000Z,"Aprovada a MPV 1153/22 que estabelece normas aplicáveis ao trânsito, transportes e administração pública, que são três grandes áreas de notável relevância para o País.",21,1,4
Julio Cesar Ribeiro,@JulioCesarRib,https://twitter.com/JulioCesarRib/status/1651410071580975106,2023-04-27T02:16:57.000Z,"Vitória da Enfermagem! Aprovamos hoje (26), na sessão conjunta do Congresso o PLN 5, que garante recursos para o pagamento do piso salarial da enfermagem! Nossos profissionais da saúde valorizados como merecem. Parabéns a todos, essa conquista também é nossa!",8,0,3
Julio Cesar Ribeiro,@JulioCesarRib,https://twitter.com/JulioCesarRib/status/1650635962882437123,2023-04-24T23:00:55.000Z,"Participando neste momento da 16ª Convenção Nacional do nosso partido Republicanos. Parabéns ao nosso presidente, Marcos Pereira pela reeleição para um mandato de mais 4 anos. O Republicanos segue muito bem representado!",28,3,3
Julio Cesar Ribeiro,@JulioCesarRib,https://twitter.com/JulioCesarRib/status/1650535329764372480,2023-04-24T16:21:02.000Z,"🏆🏅🇧🇷 Orgulho brasiliense! O atleta Caio Bonfim alcançou o índice olímpico para os Jogos de Paris 2024 neste domingo em Varsóvia, na Polônia. É uma alegria imensa saber que fizemos parte dessa vitória, parabéns Caio por representar tão bem a nossa cidade, estamos orgulhosos!",2,1,3
Julio Cesar Ribeiro,@JulioCesarRib,https://twitter.com/JulioCesarRib/status/1649045230866378752,2023-04-20T13:39:55.000Z,"Estou no Varjão, com o gov. Ibaneis Rocha que assinou a autorização para a construção do restaurante comunitário da cidade. Estamos atendendo um pedido antigo dos moradores do Varjão que vai se tornar uma realidade. Parabéns, Varjão por mais essa conquista.",2,0,2
Julio Cesar Ribeiro,@JulioCesarRib,https://twitter.com/JulioCesarRib/status/1648081993014423555,2023-04-17T21:52:21.000Z,"Com o apoio da Secretaria de Esporte e Lazer, Brasília recebe durante os dias 11 a 15 de junho seletiva para a Universíade 2023, que será realizada em Chengdu, na China. Para o evento esportivo são esperados mais de mil atletas representantes dos 26 estados e mais o DF.",3,1,5
Julio Cesar Ribeiro,@JulioCesarRib,https://twitter.com/JulioCesarRib/status/1647284575507185664,2023-04-15T17:03:42.000Z,"A cidade que respira e transpira esporte, Brasília está mais do que preparada para receber grandes eventos. Por meio da Secretaria de Esporte e Lazer, o @gov_df formalizou a candidatura da capital para sediar os Jogos da Juventude 2025. É tempo de ação. É tempo de integração.",1,1,6
Julio Cesar Ribeiro,@JulioCesarRib,https://twitter.com/JulioCesarRib/status/1646543125198848008,2023-04-13T15:57:26.000Z,"Excelente notícia! Tenho certeza que a medida vai ampliar, ainda mais, a segurança e coibir a violência. Parabenizo o nosso governador, Ibaneis Rocha por adotar tais medidas. Demonstra mais uma vez o respeito e cuidado que tem pelo povo do DF.",0,1,2
Julio Cesar Ribeiro,@JulioCesarRib,https://twitter.com/JulioCesarRib/status/1646261142442967041,2023-04-12T21:16:57.000Z,"Lamentável o ocorrido na Câmara dos Deputados. O deputado Márcio Jerry, chega por trás da deputada Julia Zanatta e cheira o pescoço dela. As câmeras de segurança capturaram tudo. O assediador tem que ser responsabilizado, situações como essas não são toleradas.",2,0,4
Julio Cesar Ribeiro,@JulioCesarRib,https://twitter.com/JulioCesarRib/status/1646247997360189440,2023-04-12T20:24:43.000Z,"Parabenizo a Administração Superior da UNB que trabalhou em conjunto com a Polícia Civil do Distrito Federal pela excelente atuação no caso. Sem duvida, a eficiência da nossa corporação foi decisiva para o desfecho correto.",0,0,1
Julio Cesar Ribeiro,@JulioCesarRib,https://twitter.com/JulioCesarRib/status/1645437677263527937,2023-04-10T14:44:47.000Z,"#REPÚDIO ❌ Inacreditável, inadmissível! 
Descaradamente um abuso infantil. Algumas notícias referem-se à cultura tibetana de mostrar a língua, mas este vídeo certamente não é sobre nenhuma expressão cultural e mesmo que seja, tais expressões culturais não são aceitáveis.",0,1,3
Julio Cesar Ribeiro,@JulioCesarRib,https://twitter.com/JulioCesarRib/status/1645204325537308676,2023-04-09T23:17:32.000Z,A acessibilidade é uma das prioridades em nosso plano de gestão à frente da Secretaria de Esporte. Vamos continuar trabalhando para proporcionar maior comodidade.,0,0,1
Julio Cesar Ribeiro,@JulioCesarRib,https://twitter.com/JulioCesarRib/status/1643592673817657345,2023-04-05T12:33:24.000Z,"Vitória para as mulheres! Em todo o Brasil, as Delegacias Especializadas de Atendimento à Mulher (Deam) devem funcionar 24 horas. Na Câmara dos Deputados, votei a favor da proposta com intuito de  ampliar as ações no combate à violência contra as mulheres.",0,0,2
Julio Cesar Ribeiro,@JulioCesarRib,https://twitter.com/JulioCesarRib/status/1643271880554557440,2023-04-04T15:18:41.000Z,"#Aniversário I Hoje é dia de parabenizar nosso líder, deputado federal e presidente Nacional do Republicanos,@marcospereira04 . Que essa nova etapa venha com muita saúde e forças para continuar conduzindo tão bem o nosso partido. Feliz aniversário, presidente!",0,0,1
Julio Cesar Ribeiro,@JulioCesarRib,https://twitter.com/JulioCesarRib/status/1642237507717722119,2023-04-01T18:48:27.000Z,"Prestigiando esse momento histórico para nossa capital, que recebe neste final de semana o 1º Campeonato Brasileiro de MMA Amador. O evento é uma parceria entre a Confederação Brasileira de MMA e a Secretaria de Esporte e Lazer.",1,1,3
