nome,usuario,idTweet,dataPublicacao,texto,replies,retweets,likes
Kim Kataguiri,@KimKataguiri,https://twitter.com/KimKataguiri/status/1651658846052425751,2023-04-27T18:45:29.000Z,"NOTA OFICIAL

A passagem de Lula pela Europa ficou marcada por uma série de gafes grotescas. Se sua intenção era melhorar a imagem do Brasil perante o mundo, Lula fracassou. Suas falas desastrosas causaram danos à nossa política externa e geraram questionamentos do mundo inteiro.…",845,757,6.453
Kim Kataguiri,@KimKataguiri,https://twitter.com/KimKataguiri/status/1651636618782965760,2023-04-27T17:17:10.000Z,"Não vão te censurar não, pode confiar no Nelipe Feto!",305,915,6.356
Kim Kataguiri,@KimKataguiri,https://twitter.com/KimKataguiri/status/1651627972007272462,2023-04-27T16:42:48.000Z,"Controle de gastos públicos? Atrair investimento externo? Destravar a economia e o câmbio? Não!

Nossos hermanos preferiram uns métodos alternativos...",59,127,1.402
Kim Kataguiri,@KimKataguiri,https://twitter.com/KimKataguiri/status/1651602900928413697,2023-04-27T15:03:11.000Z,"VALEU, @pedroduarterio!! Sei que você também tá derrubando privilégios aí no Rio de Janeiro! Bora pra cima deles!!",15,29,511
Kim Kataguiri,@KimKataguiri,https://twitter.com/KimKataguiri/status/1651599441432854528,2023-04-27T14:49:26.000Z,"VITÓRIA!!!

Derrubamos um penduricalho no judiciário que iria custar R$ 1BILHÃO no bolso do povo! Seguimos na luta por um país com menos privilégios! Chega dos mais pobres bancarem a farra da elite do setor público!",287,716,6.878
Kim Kataguiri,@KimKataguiri,https://twitter.com/KimKataguiri/status/1651597230057324546,2023-04-27T14:40:39.000Z,"Petista: com Lula pelo menos não vamos passar vergonha no exterior!

Lula:",308,256,2.379
Kim Kataguiri,@KimKataguiri,https://twitter.com/KimKataguiri/status/1651594721842589698,2023-04-27T14:30:41.000Z,O Ministro da Economia fala dia sim e outro também em novos impostos e taxas. Aí depois não entende por que a economia está desacelerando. É inacreditável que estamos sendo governados por gente que não tem a mínima ideia do que está fazendo.,717,675,4.743
Kim Kataguiri,@KimKataguiri,https://twitter.com/KimKataguiri/status/1651314415726198785,2023-04-26T19:56:51.000Z,"Ué, o que mudou?",569,996,6.962
Kim Kataguiri,@KimKataguiri,https://twitter.com/KimKataguiri/status/1651290331483078677,2023-04-26T18:21:09.000Z,URGENTE!  Não deixe de acompanhar as notícias do meu mandato por causa disso! Entre agora nos meus grupos de whatsapp https://kataguiri.kim/zap,152,138,1.370
Kim Kataguiri,@KimKataguiri,https://twitter.com/KimKataguiri/status/1651275379133366286,2023-04-26T17:21:44.000Z,"CPMI do dia 8 oficialmente CRIADA!

Quem vandalizou, quem incentivou e quem se omitiu: todos têm que ser investigados e punidos! PRA CIMA DELES!",314,391,4.186
Kim Kataguiri,@KimKataguiri,https://twitter.com/KimKataguiri/status/1651243148696322051,2023-04-26T15:13:39.000Z,"Isso é excelente, hein?

Indiquei um PGR petista porque tava doidão.
Briguei com vacina porque tava chapado.
Criei o orçamento secreto de ressaca, nem li direito.",276,239,1.719
Kim Kataguiri,@KimKataguiri,https://twitter.com/KimKataguiri/status/1651238933055807488,2023-04-26T14:56:54.000Z,Meteu um atestado kkkkk,115,73,1.033
Kim Kataguiri,@KimKataguiri,https://twitter.com/KimKataguiri/status/1650952472159043585,2023-04-25T19:58:37.000Z,Boooora!! 🔥🔥🔥#PLdaCensuraNão #PL2630Nao,597,1.056,4.084
Kim Kataguiri,@KimKataguiri,https://twitter.com/KimKataguiri/status/1650946440204615682,2023-04-25T19:34:39.000Z,"O que o Felipe Neto não fala é que estamos fazendo uma cópia mal feita da lei europeia. Enquanto o texto lá conceitua os termos expressos e explicita os casos, especificando como e em que casos a lei vai atuar, aqui o texto está cheio de conceitos e termos vagos, deixando ao…",391,855,5.551
Kim Kataguiri,@KimKataguiri,https://twitter.com/KimKataguiri/status/1650936257361354792,2023-04-25T18:54:11.000Z,"É lógico que controle de conteúdo na internet nunca vai ser sobre o que se fala, mas sobre quem fala. A preocupação não é FAKE NEWS (que precisam ser combatidas), é perseguir opositores!#PL2630Nao #PLdaCensuraNão",581,1.078,4.680
Kim Kataguiri,@KimKataguiri,https://twitter.com/KimKataguiri/status/1650930717197475878,2023-04-25T18:32:10.000Z,"O PL2630 cria uma série de obrigações e responsabilidades para as redes que nem rádios e TV têm. Isso vai ampliar o controle estatal, diminuir a liberdade de expressão e afastar investimentos de startups no país!#PL2630Nao #PLdaCensuraNao",108,376,1.006
Kim Kataguiri,@KimKataguiri,https://twitter.com/KimKataguiri/status/1650929999078105094,2023-04-25T18:29:19.000Z,O PL2630 obriga as redes a monetizarem conteúdo jornalístico. É por isso que grandes veículos como a Globo estão defendendo o projeto. A medida vai inviabilizar as redes ou diminuir consideravelmente a circulação de notícias. Proposital?#PL2630Nao #PLdaCensuraNao,145,652,1.781
Kim Kataguiri,@KimKataguiri,https://twitter.com/KimKataguiri/status/1650929340664651781,2023-04-25T18:26:42.000Z,"O PL2630 cria burocracias e encarece a publicidade nas redes. Você, pequeno anunciante, que tem uma lojinha na internet, ou que anuncia o seu negócio na internet, será PREJUDICADO!#PL2630Nao #PLdaCensuraNao",88,351,1.008
Kim Kataguiri,@KimKataguiri,https://twitter.com/KimKataguiri/status/1650928130855428096,2023-04-25T18:21:53.000Z,O PL2630 prevê como punição a retirada/bloqueio do perfil ou proibição de acesso à internet. Alguma dúvida de que isso servirá para controle de discurso e perseguição a opositores?#PL2630Nao #PLdaCensuraNao,263,821,2.272
Kim Kataguiri,@KimKataguiri,https://twitter.com/KimKataguiri/status/1650927650758598673,2023-04-25T18:19:59.000Z,"O PL2630 obriga as redes a monitorarem os usuários, criando o conceito de “risco sistêmico” sem especificar quais casos seriam enquadrados nesse termo. Esse conceito vago dá ao Estado a liberdade de enquadrar qualquer discurso incômodo nessa classe.#PL2630Nao #PLdaCensuraNao",128,482,1.285
Kim Kataguiri,@KimKataguiri,https://twitter.com/KimKataguiri/status/1650926882672590849,2023-04-25T18:16:56.000Z,"O PL2630 prevê a criação de um órgão para regulamentar a lei, fiscalizar e APLICAR PUNIÇÕES! Uma espécie de Ministério da Verdade com superpoderes!#PL2630Nao #PLdaCensuraNao",254,864,2.672
Kim Kataguiri,@KimKataguiri,https://twitter.com/KimKataguiri/status/1650926402202468354,2023-04-25T18:15:01.000Z,"O PL2630 OBRIGA que as redes atuem preventivamente removendo conteúdos que podem ser interpretados como ilegais. É lógico que, na dúvida, as redes vai preferir excluir os posts com medo das punições estatais previstas. A CENSURA vai COMER SOLTA!#PL2630Nao #PLdaCensuraNao",471,1.190,3.799
Kim Kataguiri,@KimKataguiri,https://twitter.com/KimKataguiri/status/1650922835538243587,2023-04-25T18:00:51.000Z,COMEÇA AGORA O TWEETAÇO!#PLdaCensuraNao,507,1.119,2.815
Kim Kataguiri,@KimKataguiri,https://twitter.com/KimKataguiri/status/1650922271018459140,2023-04-25T17:58:36.000Z,"O PL das FAKE NEWS poderá ser votado essa semana.
É o GOVERNO querendo acabar com as redes sociais. CENSURA não! PL2630 não! 

Baixe em: http://t.me/kimkataguiri #pl2630nao #pldacensuranão",788,1.566,5.189
Kim Kataguiri,@KimKataguiri,https://twitter.com/KimKataguiri/status/1650916215588634654,2023-04-25T17:34:32.000Z,"Esse editorial do @JornalOGlobo sobre o PL da Censura é NOJENTO e explIcita bem os motivos da Globo querer aprovar esse projeto. É TUDO SOBRE DINHEIRO!

Eles enfatizam o tempo todo sobre pagar o ""jornalismo profissional"" e ""publicidade"". #PLdaCensuraNão",348,841,4.758
Kim Kataguiri,@KimKataguiri,https://twitter.com/KimKataguiri/status/1650869117254004736,2023-04-25T14:27:23.000Z,"Resumo da sua viagem em Portugal:

- sua esposa fez compras em loja de luxo enquanto seu Ministro criou imposto pra Shein;
- você fingiu não entender uma repórter portuguesa pra não responder sobre suas falas desastrosas sobre a guerra da Ucrânia;
- você foi recebido da maneira…",526,696,7.315
Kim Kataguiri,@KimKataguiri,https://twitter.com/KimKataguiri/status/1650866716342202369,2023-04-25T14:17:51.000Z,"É fundamental combatermos as fake news que tanto contaminaram o debate público no Brasil. Mas o PL2630/20, do jeito que está escrito, precisa ser barrado imediatamente. O texto trará CENSURA e graves danos à LIBERDADE de EXPRESSÃO! Hoje vai ter tuitaço às 15h!#PLdaCensuraNao",211,580,2.593
Kim Kataguiri,@KimKataguiri,https://twitter.com/KimKataguiri/status/1650862569903763457,2023-04-25T14:01:22.000Z,"Lula foi recebido hoje em Lisboa do jeito que ele merece. O descondenado é uma vergonha mundial. É o Brasil mostrando pro mundo que aqui, o crime compensa.",383,545,4.327
Kim Kataguiri,@KimKataguiri,https://twitter.com/KimKataguiri/status/1650171745410641922,2023-04-23T16:16:17.000Z,PETISTAS e BOLSONARISTAS juntos PELO MAIOR PERDÃO a PARTIDOS POLÍTICOS!,192,365,2.281
Kim Kataguiri,@KimKataguiri,https://twitter.com/KimKataguiri/status/1649533443905142784,2023-04-21T21:59:54.000Z,Xandão mandou quebrar sigilo de todas as imagens depois do depoimento do agora ex-ministro do GSI de Lula,591,414,6.037
Kim Kataguiri,@KimKataguiri,https://twitter.com/KimKataguiri/status/1649457662436802560,2023-04-21T16:58:46.000Z,"Enquanto Haddad quer criar ""Digital Tax"" – imposto – pro mais pobre, Janja faz suas compras em lojas de luxo na Europa.

E ainda tem quem diga que Lula é o pai dos pobres.",1.374,1.506,"10,2 mil"
Kim Kataguiri,@KimKataguiri,https://twitter.com/KimKataguiri/status/1649455316768096258,2023-04-21T16:49:27.000Z,DENÚNCIA: HADDAD cometeu CRIME igual à DILMA!▶️ https://youtu.be/ONGfgP5aoB4,140,146,982
Kim Kataguiri,@KimKataguiri,https://twitter.com/KimKataguiri/status/1649433490490793987,2023-04-21T15:22:43.000Z,"Entrei com ação para que o petista Jorge Viana tenha que DEVOLVER R$195 MIL AOS COFRES PÚBLICOS!

Jorge Viana é o atual presidente da APEX (Agência Brasileira de Promoção de Exportações e Investimentos).",108,266,2.665
Kim Kataguiri,@KimKataguiri,https://twitter.com/KimKataguiri/status/1649222336036454401,2023-04-21T01:23:40.000Z,Agradeço as todos pelas mensagens me desejando melhoras. Já fiz a cirurgia e agora vamos pra recuperação. Que seja rápida pra eu voltar logo pra ação!,513,89,4.875
Kim Kataguiri,@KimKataguiri,https://twitter.com/KimKataguiri/status/1649162479098908674,2023-04-20T21:25:49.000Z,URGENTE: CALARAM A MINHA VOZ!▶️ https://youtu.be/AD2NEqbsxec,142,64,890
Kim Kataguiri,@KimKataguiri,https://twitter.com/KimKataguiri/status/1649127341157675010,2023-04-20T19:06:12.000Z,"O que é pior?

A - Acreditar em Papai Noel
B - Acreditar que empresário não repassa o custo do imposto pro preço do produto final
C - O Haddad fazer um monte de gente acreditar na alternativa B?",258,281,2.605
Kim Kataguiri,@KimKataguiri,https://twitter.com/KimKataguiri/status/1649121604314464263,2023-04-20T18:43:24.000Z,"Só quem não sabe que esse digital tax do Haddad é mais um imposto é o Jorge Viana, presidente da APEX.",67,179,1.877
Kim Kataguiri,@KimKataguiri,https://twitter.com/KimKataguiri/status/1649112351126192143,2023-04-20T18:06:38.000Z,"Tá achando que vai enganar quem, @Haddad_Fernando?",223,632,4.583
Kim Kataguiri,@KimKataguiri,https://twitter.com/KimKataguiri/status/1649073763290365953,2023-04-20T15:33:18.000Z,GAME OVER? LULA dá SINAIS de DESCONTROLE!▶️ https://youtu.be/qDuZH2HG9_U,86,63,688
Kim Kataguiri,@KimKataguiri,https://twitter.com/KimKataguiri/status/1648802110421573632,2023-04-19T21:33:51.000Z,GOVERNO ENCURRALADO: ministro de Lula PEDE DEMISSÃO!▶️ https://youtu.be/RNjo0ck-O4I,146,171,1.577
Kim Kataguiri,@KimKataguiri,https://twitter.com/KimKataguiri/status/1648801681969381376,2023-04-19T21:32:08.000Z,Primeira queda 👊,110,157,2.527
Kim Kataguiri,@KimKataguiri,https://twitter.com/KimKataguiri/status/1648778927186358274,2023-04-19T20:01:43.000Z,"ECONOMIZEI R$ 1 BILHÃO COM AÇÃO CONTRA PENDURICALHOS DE JUÍZES!

Segue a timeline desse resultado do meu mandato.

No final de novembro do ano passado o CNJ restabeleceu o Adicional por Tempo de Serviço (ATS) e incluiu pagamentos retroativos desde 2006.https://metropoles.com/brasil/justica/juizes-federais-ganham-penduricalho-e-podem-embolsar-ate-r-2-milhoes…",156,430,4.118
Kim Kataguiri,@KimKataguiri,https://twitter.com/KimKataguiri/status/1648759775029542912,2023-04-19T18:45:37.000Z,"Por isso o Governo não quer a CPMI do dia 8!

Vamos pressionar, baixe em: http://t.me/kimkataguiri",340,791,4.606
Kim Kataguiri,@KimKataguiri,https://twitter.com/KimKataguiri/status/1648746138181197849,2023-04-19T17:51:26.000Z,"O cara meteu um atestado coincidentemente no dia que a CNN tem acesso a imagens do Ministro Gonçalves Dias DENTRO DO PALÁCIO DO PLANALTO ENQUANTO CRIMINOSOS DESTRUÍAM TUDO. Tem imagem dele abrindo porta pra manifestante e dando água.

Ministro vai ser CONVOCADO agora.",610,1.141,9.671
Kim Kataguiri,@KimKataguiri,https://twitter.com/KimKataguiri/status/1648742201055227904,2023-04-19T17:35:47.000Z,"O Ministro do GSI do Lula que apareceu nas imagens vazadas do dia 8 ajudando os invasores tinha audiência agendada para hoje na Comissão de Segurança. Agora ele apresentou ""atestado"" e faltou... COVARDES! Covarde ele e o Governo Lula!

Isso só demonstra a culpa no cartório.",112,259,2.069
Kim Kataguiri,@KimKataguiri,https://twitter.com/KimKataguiri/status/1648740020193198088,2023-04-19T17:27:07.000Z,"ENTREI COM AÇÃO CONTRA O MINISTRO DO GABINETE DE SEGURANÇA INSTITUCIONAL!!

O ministro do GSI cometeu CRIME DE RESPONSABILIDADE por colocar em risco a segurança interna do país. Compete à PGR instaurar inquérito e, posteriormente, oferecer denúncia. Se condenado, o Ministro…",228,361,4.093
Kim Kataguiri,@KimKataguiri,https://twitter.com/KimKataguiri/status/1648709591339859969,2023-04-19T15:26:12.000Z,ESCÂNDALO: O GOVERNO FACILITOU A INVASÃO!▶️ https://youtu.be/5UAV0EwLJOY,221,417,2.296
Kim Kataguiri,@KimKataguiri,https://twitter.com/KimKataguiri/status/1648709061611855873,2023-04-19T15:24:06.000Z,"Governo Lula alegou, quando colocou sob sigilo as imagens do Palácio do Planalto, que era por questões de segurança.

Agora a verdade veio à tona. O Ministro do GSI do Lula estava dentro do Palácio durante as invasões, entregou água pros invasores e abriu portas.",424,1.529,9.698
Kim Kataguiri,@KimKataguiri,https://twitter.com/KimKataguiri/status/1648706483155001345,2023-04-19T15:13:51.000Z,"Entenderam por que tanto medo da CPI do dia 8? Enquanto Pacheco não instalar a CPI, o Congresso Nacional ficará em OBSTRUÇÃO!",299,536,6.149
Kim Kataguiri,@KimKataguiri,https://twitter.com/KimKataguiri/status/1648697638181543936,2023-04-19T14:38:42.000Z,"ESCÂNDALO! 

O Ministro do GSI estava lá
As tropas recuaram
As portas foram abertas
Os invasores foram cumprimentados e receberam água

É mais que OMISSÃO, é CUMPLICIDADE! A CPI do dia 8 precisa ser instalada! 

O governo Lula começa a cair hoje!",473,1.490,7.672
Kim Kataguiri,@KimKataguiri,https://twitter.com/KimKataguiri/status/1648696260256202753,2023-04-19T14:33:14.000Z,Vai se criando um clima TERRÍVEL!!!,337,376,6.955
Kim Kataguiri,@KimKataguiri,https://twitter.com/KimKataguiri/status/1648680241689247745,2023-04-19T13:29:35.000Z,"Tá explicado o motivo pelo qual o Governo está DESESPERADO pra que não ocorra a CPI  do dia 8. O GSI estava no local. E nada fez. 

Invasores tiveram portas abertas, foram cumprimentados e ganharam até água. BIZARRO! As provas estão aí! É um ESCÂNDALO!",1.379,4.059,"22,4 mil"
Kim Kataguiri,@KimKataguiri,https://twitter.com/KimKataguiri/status/1648428657453727745,2023-04-18T20:49:52.000Z,"EXISTE PROPAGANDA PRO PT DE GRAÇA?

Protocolei um Requerimento de Informações sobre a contratação de INFLUENCERS para propaganda institucional.

Em janeiro, o chefe da SECOM Paulo Pimenta comentou que uma tarefa nova do setor seria “reativar a rede de defesa da verdade” com ajuda…",192,308,3.840
Kim Kataguiri,@KimKataguiri,https://twitter.com/KimKataguiri/status/1648419774420987905,2023-04-18T20:14:35.000Z,"Lula na campanha VS Lula no governo

Já não bastava aquela fala péssima da Ana Moser sobre esports no começo do ano, agora isso. Cada dia que passa esse governo se mostra INIMIGO DOS GAMES!",99,335,2.003
Kim Kataguiri,@KimKataguiri,https://twitter.com/KimKataguiri/status/1648414726202769414,2023-04-18T19:54:31.000Z,.@felipeneto essa sua opinião é sobre o @Haddad_Fernando?,200,334,3.803
Kim Kataguiri,@KimKataguiri,https://twitter.com/KimKataguiri/status/1648408612182581250,2023-04-18T19:30:13.000Z,"Lula, a violência não é culpa dos GAMES.

É culpa das políticas de segurança pública frouxas, do desencarceramento, da impunidade, do excesso de direitos aos criminosos e falta de proteção às vítimas. 

Foram nos GOVERNOS PETISTAS que a violência mais cresceu no Brasil.",256,572,4.107
Kim Kataguiri,@KimKataguiri,https://twitter.com/KimKataguiri/status/1648403800288272389,2023-04-18T19:11:06.000Z,DESABAFO: NÃO estamos FAZENDO NADA pra MELHORAR o BRASIL!▶️ https://youtu.be/j5-Qg1RCiHE,47,39,367
Kim Kataguiri,@KimKataguiri,https://twitter.com/KimKataguiri/status/1648402692006465538,2023-04-18T19:06:42.000Z,"Cadê aquela galerinha dos ""GAMERS COM LULA""? Tão felizes? Valeu a pena fazer o L?",2.126,1.413,8.824
Kim Kataguiri,@KimKataguiri,https://twitter.com/KimKataguiri/status/1648380264891006998,2023-04-18T17:37:35.000Z,Xadrez 4D versão vermelha?,35,44,857
Kim Kataguiri,@KimKataguiri,https://twitter.com/KimKataguiri/status/1648379424541229107,2023-04-18T17:34:14.000Z,"Janja: a taxação vai ser pra empresa, não pro consumidor

Choquei: Lula não vai mais taxar Shein e Shopee

Felipe Neto: é mentira recuo da taxação de empresas chinesas

Jornalista da Globo: recuo do governo em taxar empresas é vitória da Janja

Comunicação tá alinhada kkkkk",297,866,6.212
Kim Kataguiri,@KimKataguiri,https://twitter.com/KimKataguiri/status/1648369671027015713,2023-04-18T16:55:29.000Z,"Como será que todos esses influencers tão se sentindo depois de passar o fim de semana defendendo imposto em compras de até US$ 50, vendo agora o governo voltar atrás?",460,626,6.593
Kim Kataguiri,@KimKataguiri,https://twitter.com/KimKataguiri/status/1648365335446274056,2023-04-18T16:38:15.000Z,"🚨VITÓRIA: Fernando Haddad falou com a imprensa hoje sobre a desistência do governo em acabar com a faixa de isenção nas compras online de pessoas físicas abaixo de US$50,00. O objetivo do governo agora é fiscalizar as fraudes.",239,295,3.441
Kim Kataguiri,@KimKataguiri,https://twitter.com/KimKataguiri/status/1648058366571302915,2023-04-17T20:18:28.000Z,🚨Urgente,638,213,2.587
Kim Kataguiri,@KimKataguiri,https://twitter.com/KimKataguiri/status/1647987272380297217,2023-04-17T15:35:58.000Z,CRISE NO GOVERNO: LULA tem o PIOR INÍCIO da HISTÓRIA!▶️ https://youtu.be/ec-J9yCvu70,116,80,561
Kim Kataguiri,@KimKataguiri,https://twitter.com/KimKataguiri/status/1647727123329691650,2023-04-16T22:22:14.000Z,"Querem PROIBIR os JOGUINHOS de FADINHA

Baixe em: http://t.me/kimkataguiri",178,260,1.806
Kim Kataguiri,@KimKataguiri,https://twitter.com/KimKataguiri/status/1647698664628924417,2023-04-16T20:29:09.000Z,🚨NOVO VÍDEO NO AR.https://youtu.be/bxFs8u38Vuw,38,32,370
Kim Kataguiri,@KimKataguiri,https://twitter.com/KimKataguiri/status/1647415538124029952,2023-04-16T01:44:06.000Z,🚨NOVO VÍDEO NO AR.https://youtube.com/watch?v=LrkWUoZ4Vqk…,56,30,418
Kim Kataguiri,@KimKataguiri,https://twitter.com/KimKataguiri/status/1647347847023476736,2023-04-15T21:15:07.000Z,O amor tá saindo caro hoje em dia haha,484,324,2.986
Kim Kataguiri,@KimKataguiri,https://twitter.com/KimKataguiri/status/1647337271039782919,2023-04-15T20:33:06.000Z,"Meus sentimentos a todos os familiares, amigos e fãs que neste dia perderam um grande ídolo e dublador.

Descanse em paz mestre.",59,131,2.929
Kim Kataguiri,@KimKataguiri,https://twitter.com/KimKataguiri/status/1647264085736562691,2023-04-15T15:42:17.000Z,🚨NOVO VÍDEO NO AR.https://youtu.be/XfMCg3cXWTE,35,39,431
Kim Kataguiri,@KimKataguiri,https://twitter.com/KimKataguiri/status/1646985073940365314,2023-04-14T21:13:35.000Z,PROBLEMA: JANJA LULA irrita PETISTAS e cria CRISE no GOVERNO▶️ https://youtu.be/-rztze8dDg4,180,165,1.213
Kim Kataguiri,@KimKataguiri,https://twitter.com/KimKataguiri/status/1646918303531556873,2023-04-14T16:48:16.000Z,"Tudo que esse governo quer é PREJUDICAR OS MAIS POBRES

1) Uber popularizou as corridas caras dos táxis;
2) Ifood democratizou as entregas de comida;
3) Shopee barateou custo de produtos que não têm no Brasil;
4) Shein permitiu a compra de roupas que no nosso país são caras; etc",494,500,3.792
Kim Kataguiri,@KimKataguiri,https://twitter.com/KimKataguiri/status/1646909412005535754,2023-04-14T16:12:56.000Z,"Imposto de 60% nas compras online estrangeiras para você. Mesa de R$200 mil pra mim.

Repito: já fui para alguns países em missão e NUNCA vi tanta gastança com móveis. Só no Brasil mesmo.",231,329,2.704
Kim Kataguiri,@KimKataguiri,https://twitter.com/KimKataguiri/status/1646909132811714562,2023-04-14T16:11:50.000Z,"Parece que a primeira-dama está sendo desmentida pela galera que ela foi encontrar na China, né?",147,379,3.347
Kim Kataguiri,@KimKataguiri,https://twitter.com/KimKataguiri/status/1646907120107892741,2023-04-14T16:03:50.000Z,"Stédile, líder do MST, anunciou que iria cometer crimes por todo o Brasil. O que o Governo Lula faz? Leva ele na comitiva pra China. Isso é conivência com o CRIME, pra dizer o mínimo",174,154,1.053
Kim Kataguiri,@KimKataguiri,https://twitter.com/KimKataguiri/status/1646906567646642178,2023-04-14T16:01:38.000Z,"tá de brincation with me, cara?",91,144,1.835
Kim Kataguiri,@KimKataguiri,https://twitter.com/KimKataguiri/status/1646899722680926209,2023-04-14T15:34:26.000Z,Querem PROBIR os GAMES por causa dos ATENTAD0S nas ESCOLAS!▶️ https://youtu.be/gRHKlZ8DQNA,45,28,304
Kim Kataguiri,@KimKataguiri,https://twitter.com/KimKataguiri/status/1646865724445474817,2023-04-14T13:19:20.000Z,"Preciso de vocês para mantermos as assinaturas da CPMI do dia 8.

Baixe em: http://t.me/kimkataguiri",599,1.818,6.638
Kim Kataguiri,@KimKataguiri,https://twitter.com/KimKataguiri/status/1646590790909427712,2023-04-13T19:06:51.000Z,"Nos tornamos o país da piada pronta. É polícia fugindo de bandido, condenado virando Presidente e Justiça dando lancha e helicóptero para chefão do crime. É o poste mijando no cachorro todo dia!",923,1.529,7.516
Kim Kataguiri,@KimKataguiri,https://twitter.com/KimKataguiri/status/1646585197469597715,2023-04-13T18:44:37.000Z,"Imposto nas comprinhas da SHEIN e da SHOPEE para os pobres. Sofá e cama de luxo para Lula e Janja. Essa é a lógica do governo do PT!

Download do vídeo: http://t.me/kimkataguiri",564,1.258,5.363
Kim Kataguiri,@KimKataguiri,https://twitter.com/KimKataguiri/status/1646579907508719616,2023-04-13T18:23:36.000Z,"É o que falei pro Boulos na Comissão de Fiscalização Financeira e Controle: o delator e crítico da Operação Lava Jato Tacla Durán não mete medo em NINGUÉM. Já a CPI do dia 8 tira o sono de muita gente!

Download do vídeo: http://t.me/kimkataguiri",300,1.131,5.285
Kim Kataguiri,@KimKataguiri,https://twitter.com/KimKataguiri/status/1646560249711558670,2023-04-13T17:05:29.000Z,NÃO TEMOS MEDO! Respondi o BOULOS na COMISSÃO sobre TACLA DURÁN!▶️ https://youtu.be/Tgfs-pEiu14,66,83,661
Kim Kataguiri,@KimKataguiri,https://twitter.com/KimKataguiri/status/1646542177160376321,2023-04-13T15:53:40.000Z,"Que vergonha, hein? Vamos ver o que o Ministério da Verdade vai achar disso!",264,942,9.084
Kim Kataguiri,@KimKataguiri,https://twitter.com/KimKataguiri/status/1646530742590279680,2023-04-13T15:08:14.000Z,"ELA VOLTOU! Dilma soltou suas pérolas no discurso de posse no Banco dos BRICS!

Download do vídeo: http://t.me/kimkataguiri",563,541,2.704
Kim Kataguiri,@KimKataguiri,https://twitter.com/KimKataguiri/status/1646325615849504770,2023-04-13T01:33:08.000Z,👊👊👊,154,179,2.432
Kim Kataguiri,@KimKataguiri,https://twitter.com/KimKataguiri/status/1646295818830217219,2023-04-12T23:34:44.000Z,"Nesse momento o Japão tem que lidar com um míssil norte coreano que foi disparado em direção a ilha de Hokkaido no Japão. As tensões no mundo só aumentam e estarei sempre do lado contrário àqueles que tentam atacar nações que estão em paz.

Minha solidariedade ao Japão.",112,142,2.460
Kim Kataguiri,@KimKataguiri,https://twitter.com/KimKataguiri/status/1646268147526148099,2023-04-12T21:44:47.000Z,Suas COMPRAS na SHEIN e na SHOPEE com os DIAS CONTADOS!▶️ https://youtu.be/n6KKItJFM-w,162,116,896
Kim Kataguiri,@KimKataguiri,https://twitter.com/KimKataguiri/status/1646205221616467984,2023-04-12T17:34:44.000Z,"MAIS UMA MENTIRA DO GOVERNO LULA!

Isenção para compras entre pessoas físicas de 50 dólares existe SIM! Segue abaixo a norma da Receita Federal que prova isso.http://normas.receita.fazenda.gov.br/sijut2consulta/link.action?idAto=23977…",249,969,5.778
Kim Kataguiri,@KimKataguiri,https://twitter.com/KimKataguiri/status/1646195205073190913,2023-04-12T16:54:56.000Z,SECOM tá trabalhando pesado pra reverter isso. Só faltou combinar com a Receita Federal que liberou pra imprensa que ia acabar com a isenção.,94,175,2.096
Kim Kataguiri,@KimKataguiri,https://twitter.com/KimKataguiri/status/1646172533861883905,2023-04-12T15:24:51.000Z,FIM da LUA de MEL: LULA irrita STF e relação vai AZEDAR!▶️ https://youtu.be/MLQjiKdJbrA,67,73,675
Kim Kataguiri,@KimKataguiri,https://twitter.com/KimKataguiri/status/1646171961364561924,2023-04-12T15:22:34.000Z,Choquei com Bolsonaro vs Choquei com Lula,804,2.903,"16,3 mil"
Kim Kataguiri,@KimKataguiri,https://twitter.com/KimKataguiri/status/1646168332314263552,2023-04-12T15:08:09.000Z,"Os móveis da presidência não vão se pagar sozinhos, galera.",168,271,1.884
Kim Kataguiri,@KimKataguiri,https://twitter.com/KimKataguiri/status/1646167500793561092,2023-04-12T15:04:51.000Z,"Isso é MENTIRA! 🚨A isenção de 50 dólares era só pra comprador em pessoa física. Isso significa que empresas já pagavam pelo menos 60% de impostos quando importavam.

Vamos ver o que o ministério da verdade acha dessas mentiras?",220,1.008,8.833
Kim Kataguiri,@KimKataguiri,https://twitter.com/KimKataguiri/status/1646164565762138113,2023-04-12T14:53:11.000Z,CONFIA.,96,154,1.937
Kim Kataguiri,@KimKataguiri,https://twitter.com/KimKataguiri/status/1646163688263499783,2023-04-12T14:49:42.000Z,"KKKKKKKKKKKKKKKKKKKKKKKKKKKKKKKKKKKKKKKKKKKKKKK

No mundo mágico da Janja as empresas não repassam imposto pro consumidor final. Não caiam nessa, empresa NENHUMA vai perder lucro por causa de imposto.",457,691,5.844
Kim Kataguiri,@KimKataguiri,https://twitter.com/KimKataguiri/status/1645928352224608259,2023-04-11T23:14:33.000Z,"Foram CEM dias SEM nada. Cem dias de Lula. Cem dias sem picanha, sem projetos aprovados no Congresso e sem rumo. Um governo DESASTROSO que só entregou inflação e juros altos. 

Baixe em http://t.me/kimkataguiri",643,877,3.762
Kim Kataguiri,@KimKataguiri,https://twitter.com/KimKataguiri/status/1645907119340650497,2023-04-11T21:50:11.000Z,CEM dias SEM PICANHA: o governo LULA é um DESASTRE!▶️ https://youtu.be/y4UIOxv2cEk,203,56,526
Kim Kataguiri,@KimKataguiri,https://twitter.com/KimKataguiri/status/1645804703203332098,2023-04-11T15:03:13.000Z,LULA vai à CHINA e se COMPLICA de vez!▶️ https://youtu.be/yg8LPq5_RXE,188,70,479
Kim Kataguiri,@KimKataguiri,https://twitter.com/KimKataguiri/status/1645794873122103296,2023-04-11T14:24:09.000Z,"Processar presidente acaba em pizza?

Baixe em: http://t.me/kimkataguiri",178,342,2.036
Kim Kataguiri,@KimKataguiri,https://twitter.com/KimKataguiri/status/1645507039794266114,2023-04-10T19:20:24.000Z,"Aí aí esse Lula.

Baixe em: http://t.me/kimkataguiri",299,1.069,3.303
Kim Kataguiri,@KimKataguiri,https://twitter.com/KimKataguiri/status/1645456962467889153,2023-04-10T16:01:25.000Z,"100 DIAS, SEM NADA!

Baixe em: http://t.me/kimkataguiri",556,734,3.628
Kim Kataguiri,@KimKataguiri,https://twitter.com/KimKataguiri/status/1645425764152619013,2023-04-10T13:57:27.000Z,"No ""Fórum de Combate ao Imperialismo"" o PT vai reclamar pra Rússia dos EUA. A Rússia é aquele país que invadiu a Ucrânia dizendo que ""A Ucrânia moderna foi criada pela Rússia"" e ""[a Ucrânia] historicamente faz parte do território russo"".

Só pode ser piada.",102,128,1.147
Kim Kataguiri,@KimKataguiri,https://twitter.com/KimKataguiri/status/1645137368016384000,2023-04-09T18:51:28.000Z,Quem leva?,31,6,96
Kim Kataguiri,@KimKataguiri,https://twitter.com/KimKataguiri/status/1645136947700957187,2023-04-09T18:49:48.000Z,"O HADDAD não tem a MENOR NOÇÃO do que está fazendo!

Download do vídeo: http://t.me/kimkataguiri",378,742,3.330
Kim Kataguiri,@KimKataguiri,https://twitter.com/KimKataguiri/status/1645088419981262848,2023-04-09T15:36:58.000Z,TERRÍVEL: o PLANO de HADDAD é PIOR do que você PENSA!▶️ https://youtu.be/F9Y1J2qyNrU,242,89,708
Kim Kataguiri,@KimKataguiri,https://twitter.com/KimKataguiri/status/1645042086964543488,2023-04-09T12:32:51.000Z,"Cristo ressuscitou! Feliz Páscoa, pessoal!",95,80,1.296
Kim Kataguiri,@KimKataguiri,https://twitter.com/KimKataguiri/status/1644807600507088898,2023-04-08T21:01:05.000Z,"O que Lula e Flavio Dino estão fazendo é MUITO ESTRANHO!

Download do vídeo: http://t.me/kimkataguiri",295,805,2.906
Kim Kataguiri,@KimKataguiri,https://twitter.com/KimKataguiri/status/1644708039927246848,2023-04-08T14:25:28.000Z,"Vai se criando um clima terrível pro Lula!

Download do vídeo: http://t.me/kimkataguiri",543,523,3.192
Kim Kataguiri,@KimKataguiri,https://twitter.com/KimKataguiri/status/1644703560326688771,2023-04-08T14:07:40.000Z,Só falta UM ingrediente para o IMPEACHMENT de Lula!▶️ https://youtu.be/Utca15g2Yyw,343,86,663
Kim Kataguiri,@KimKataguiri,https://twitter.com/KimKataguiri/status/1644478787512422402,2023-04-07T23:14:30.000Z,JÁ VAI COMEÇAR!!,18,15,176
Kim Kataguiri,@KimKataguiri,https://twitter.com/KimKataguiri/status/1644461248669417473,2023-04-07T22:04:48.000Z,Correios e EBC foram retiradas do programa de desestatização. Bolsonaro teve a chance de privatizá-las. Agora elas vão servir de cabide pra companheirada.,797,298,2.484
Kim Kataguiri,@KimKataguiri,https://twitter.com/KimKataguiri/status/1644453003536080899,2023-04-07T21:32:03.000Z,"A Unasul é uma associação de países de regime socialistas, todos extremamente autoritários e com péssimos resultados econômicos. A volta do Brasil ao bloco atende apenas interesses do PT e de seus ideólogos radicais.

Lamentável, mas previsível",515,626,3.531
Kim Kataguiri,@KimKataguiri,https://twitter.com/KimKataguiri/status/1644448817029214213,2023-04-07T21:15:25.000Z,"O pior governador de Minas Gerais vai ganhar uma boquinha de R$42mil por mês!

Download do vídeo: http://t.me/kimkataguiri",437,538,2.617
Kim Kataguiri,@KimKataguiri,https://twitter.com/KimKataguiri/status/1644446656434253824,2023-04-07T21:06:49.000Z,Lula está ESCONDENDO algo MUITO GRAVE!▶️ https://youtu.be/WbdUXJRyZYE,75,98,574
Kim Kataguiri,@KimKataguiri,https://twitter.com/KimKataguiri/status/1644377591170596877,2023-04-07T16:32:23.000Z,"Os verdadeiros planos do MST por trás das invasões que ninguém fala!

Download do vídeo: http://t.me/kimkataguiri",111,345,1.210
Kim Kataguiri,@KimKataguiri,https://twitter.com/KimKataguiri/status/1644356877512212482,2023-04-07T15:10:04.000Z,"Do mesmos criadores de ""quando atingirmos a meta, dobramos a meta”…",171,261,1.605
Kim Kataguiri,@KimKataguiri,https://twitter.com/KimKataguiri/status/1644087569620017155,2023-04-06T21:19:56.000Z,"Absurda decisão do CNJ de extinguir hospitais psiquiátricos. Apresentei um requerimento de urgência contra essa decisão, precisamos aprovar o mais rápido possível.

Baixe em: http://t.me/kimkataguiri",196,333,1.925
Kim Kataguiri,@KimKataguiri,https://twitter.com/KimKataguiri/status/1644081754825961472,2023-04-06T20:56:50.000Z,"Essa é a segunda vez que a esquerda tenta usar das questões ambientais pra defender suas pautas. Assim como a reoneração dos combustíveis não tinha nada a ver com poluição, mas sim com as contas públicas. Essa medida também não tem nada a ver com poluição.

Segue o fio🧶",88,191,2.051
Kim Kataguiri,@KimKataguiri,https://twitter.com/KimKataguiri/status/1644039053040316427,2023-04-06T18:07:09.000Z,"ESTAMOS CHEGANDO, MINAS GERAIS!

No próximo dia 15/04 o MBL na estrada desembarca em BH pra mais um evento histórico da nossa turnê pelo país. O evento contará com a presença de todas as nossas principais lideranças nacionais e estaduais e queremos te ver lá! Salva esse post,…",26,23,251
Kim Kataguiri,@KimKataguiri,https://twitter.com/KimKataguiri/status/1644023091796869123,2023-04-06T17:03:44.000Z,"Já estou finalizando um Projeto de Decreto Legislativo pra suspender o decreto de Lula que, na prática, destrói o Marco Legal do Saneamento Básico.

Precisamos de investimentos e eficiência no setor, e não de estatais cheias de cabides de emprego ineficientes!

O modelo defendido…",347,475,4.845
Kim Kataguiri,@KimKataguiri,https://twitter.com/KimKataguiri/status/1644020679455416321,2023-04-06T16:54:09.000Z,Tá no forno 🔥,26,21,484
Kim Kataguiri,@KimKataguiri,https://twitter.com/KimKataguiri/status/1644020006005383186,2023-04-06T16:51:28.000Z,"Lula tem que pedir esse voto de confiança pra quem em 2023 ainda não tem esgoto tratado. Pra quem não tem banheiro. Pra quem ainda tem doenças medievais por falta de saneamento. Pro partido do atraso, vale até deixar o povo na b05ta pra distribuir carguinho pra companheirada!",134,226,1.360
Kim Kataguiri,@KimKataguiri,https://twitter.com/KimKataguiri/status/1644018040877490187,2023-04-06T16:43:39.000Z,"O Marco do Saneamento Básico impôs METAS às empresas estatais. Não as bateu? As empresas privadas vão competir pelo setor.

O PT não gosta de concorrência e nem de metas. Prefere manter tudo sob controle estatal. Mesmo que o preço seja manter o povo sem água, esgoto e na m3rd4!",177,381,2.469
Kim Kataguiri,@KimKataguiri,https://twitter.com/KimKataguiri/status/1644013624699002890,2023-04-06T16:26:07.000Z,ALERTA: Blumenau é só o COMEÇO!▶️ https://youtu.be/IKJ-ALuhPtY,14,18,143
Kim Kataguiri,@KimKataguiri,https://twitter.com/KimKataguiri/status/1644013273874853888,2023-04-06T16:24:43.000Z,"Sabe o que é mais PREOCUPANTE nessa história desse monstro de Blumenau? Mais doentes como ele estarão nas ruas por causa de uma resolução do CNJ que manda soltar os criminosos que hoje estão em hospitais de custódia.

São maníacos e psicopatas da mais alta periculosidade que não…",231,490,4.004
Kim Kataguiri,@KimKataguiri,https://twitter.com/KimKataguiri/status/1644010111956819971,2023-04-06T16:12:09.000Z,"Quando é contra eles viram invasores, quando não é são manifestantes legítimos em busca de terras improdutivas.

A hipocrisia da esquerda é inacreditável.",57,150,1.073
Kim Kataguiri,@KimKataguiri,https://twitter.com/KimKataguiri/status/1643732140318765056,2023-04-05T21:47:35.000Z,PLANO HADDAD: O PT PREPARA uma BOMBA pro BRASIL!▶️ https://youtu.be/2-D66cLVPdk,133,89,583
Kim Kataguiri,@KimKataguiri,https://twitter.com/KimKataguiri/status/1643633176793710592,2023-04-05T15:14:21.000Z,DEBATE com PETISTA: o PT deixa o MST à vontade!▶️ https://youtu.be/2n1t_fPBnog,37,39,262
Kim Kataguiri,@KimKataguiri,https://twitter.com/KimKataguiri/status/1643613046814785539,2023-04-05T13:54:21.000Z,Amanhecemos com uma notícia muito triste vinda de Blumenau(SC). Quatro crianças foram mortas em ataque de machadinha a uma creche. O autor do crime se entregou à polícia. Minha solidariedade aos amigos e familiares das vítimas.,429,134,2.287
Kim Kataguiri,@KimKataguiri,https://twitter.com/KimKataguiri/status/1643358954305765376,2023-04-04T21:04:41.000Z,URGENTE: querem acabar com CPIs do dia 8 e do MST!▶️ https://youtu.be/iptjMcm_cAw,128,175,1.006
Kim Kataguiri,@KimKataguiri,https://twitter.com/KimKataguiri/status/1643347811977555974,2023-04-04T20:20:24.000Z,"Torta de climão na reunião ministerial essa semana, hein?",60,129,1.779
Kim Kataguiri,@KimKataguiri,https://twitter.com/KimKataguiri/status/1643320406428852225,2023-04-04T18:31:30.000Z,MST é um movimento de invasores!,171,232,1.617
Kim Kataguiri,@KimKataguiri,https://twitter.com/KimKataguiri/status/1643269302164881408,2023-04-04T15:08:26.000Z,PETISTAS PREOCUPADOS: clima de IMPEACHMENT está se FORMANDO!▶️ https://youtu.be/n35CkSNUJhs,597,281,1.640
Kim Kataguiri,@KimKataguiri,https://twitter.com/KimKataguiri/status/1643242411542425605,2023-04-04T13:21:35.000Z,"O cancelamento da Feira Israelense na UNICAMP por conta de manifestações contrárias é um episódio muito triste. Inviabilizaram um evento só pela participação de Israel. Isso é inaceitável. Há muito tempo nossas Universidades deixaram de ser ambientes democráticos.

Não é de hoje…",323,415,4.467
Kim Kataguiri,@KimKataguiri,https://twitter.com/KimKataguiri/status/1643227770649018369,2023-04-04T12:23:24.000Z,"O Lula quer voltar a torrar o seu dinheiro com o PAC (Programa de Aceleração do Crescimento) que só acelerou mesmo foi a CORRUPÇÃO PETISTA!

Download do vídeo: http://t.me/kimkataguiri",298,598,2.764
Kim Kataguiri,@KimKataguiri,https://twitter.com/KimKataguiri/status/1643017065802997760,2023-04-03T22:26:08.000Z,PERIGO: DATENA quer ser VICE de BOULOS!▶️ https://youtu.be/ITxA9QHQ5hw,51,51,518
Kim Kataguiri,@KimKataguiri,https://twitter.com/KimKataguiri/status/1643006464116637704,2023-04-03T21:44:01.000Z,"O MEDO de LULA e Flavio DINO com a CPI do dia 8!

Download do vídeo: http://t.me/kimkataguiri",261,1.056,3.656
Kim Kataguiri,@KimKataguiri,https://twitter.com/KimKataguiri/status/1642967283428622336,2023-04-03T19:08:19.000Z,"E o Datena, hein? 

Download do vídeo: http://t.me/kimkataguiri",230,234,1.933
Kim Kataguiri,@KimKataguiri,https://twitter.com/KimKataguiri/status/1642929421626613761,2023-04-03T16:37:52.000Z,"Resumindo: discurso de ódio é quando for dos outros, quando for da nossa turminha é apenas raivinha.",535,837,7.918
Kim Kataguiri,@KimKataguiri,https://twitter.com/KimKataguiri/status/1642705943409426432,2023-04-03T01:49:51.000Z,"A Cracolândia é um símbolo do descaso e da decadência do poder público.

Isso é inaceitável.",660,264,2.557
Kim Kataguiri,@KimKataguiri,https://twitter.com/KimKataguiri/status/1642705360061333504,2023-04-03T01:47:32.000Z,"🚨ABSURDO: Cenário de guerra no centro da maior cidade da América Latina, onde estão as autoridades?
A cracolândia precisa ter um fim para ontem.",447,162,1.680
Kim Kataguiri,@KimKataguiri,https://twitter.com/KimKataguiri/status/1642686955241521155,2023-04-03T00:34:24.000Z,"Sabe o que alegrou o domingo desse deputado japonês?

Ver um monte de página de fofoca e o Felipe Neto apanhando do próprio público. Kkkk

Tentaram cancelar a @Amandavettorazz por falar o óbvio e se deram mal.",157,157,1.946
Kim Kataguiri,@KimKataguiri,https://twitter.com/KimKataguiri/status/1642593906180104192,2023-04-02T18:24:39.000Z,"Lula prometeu picanha caindo do céu: mentiu, não entregou nada;

Carluxo quer criticar: pega dados do governo do seu pai;

Essa é a tal oposição bolsonarista: mais dá munição ao Lula do que o combate. O Brasil precisa se livrar dos dois extremos da mesma incompetência!",747,254,2.174
Kim Kataguiri,@KimKataguiri,https://twitter.com/KimKataguiri/status/1642182656304508929,2023-04-01T15:10:30.000Z,"Graças ao Lula, todo pobre hoje come picanha e toma uma cervejinha no fim de semana. 

KATAGUIRI, Kim
01/04/2023",792,302,3.498
Kim Kataguiri,@KimKataguiri,https://twitter.com/KimKataguiri/status/1641959962904612864,2023-04-01T00:25:35.000Z,A VERDADE sobre a TRETA entre FEMINISTAS e TR4NS!▶️ https://youtu.be/fl2-dF_MhAk,38,35,332
