nome,usuario,idTweet,dataPublicacao,texto,replies,retweets,likes
Leur Lomanto Jr,@LeurLomantoJr,https://twitter.com/LeurLomantoJr/status/1649730015875956737,2023-04-22T11:01:00.000Z,"O descobrimento do Brasil teve na Bahia um dos seus principais marcos, que deu origem a uma rica e diversa cultura que influencia até os dias de hoje. Parabéns a todos os baianos e brasileiros por esta data tão importante! 🇧🇷",32,2,3
Leur Lomanto Jr,@LeurLomantoJr,https://twitter.com/LeurLomantoJr/status/1649397808867205121,2023-04-21T13:00:56.000Z,"Hoje é dia de homenagear os bravos homens e mulheres da Polícia Civil da Bahia, que lutam diariamente pela paz e segurança da nossa população.👮👮",5,2,1
Leur Lomanto Jr,@LeurLomantoJr,https://twitter.com/LeurLomantoJr/status/1649156198279544833,2023-04-20T21:00:52.000Z,"Tiradentes lutou por um Brasil livre e independente. Neste dia, renovamos nosso compromisso com a construção de uma nação mais justa e soberana. 🇧🇷🤝",2,1,0
Leur Lomanto Jr,@LeurLomantoJr,https://twitter.com/LeurLomantoJr/status/1645003847708942336,2023-04-09T10:00:54.000Z,A Páscoa traz a fé e a esperança em um novo amanhã. Que a festa da  Ressurreição eleve os nossos pensamentos e traga muita alegria e paz aos corações. Uma feliz páscoa a você e a sua família. #FelizPascoa #Domingo #LeurLomantoJr,4,0,0
Leur Lomanto Jr,@LeurLomantoJr,https://twitter.com/LeurLomantoJr/status/1644354563548360704,2023-04-07T15:00:53.000Z,"Neste dia especial, quero agradecer a todos os profissionais da imprensa que dedicam suas vidas a contar as histórias do nosso povo e a promover a transparência em todas as esferas da vida pública. Parabéns, jornalistas! #diadojornalista #liberdadedeimprensa #democracia #bahia""",1,0,1
Leur Lomanto Jr,@LeurLomantoJr,https://twitter.com/LeurLomantoJr/status/1644294137078767618,2023-04-07T11:00:46.000Z,"Parabéns, Cafarnaum, pelos seus 60 anos de história e tradição! Que essa data especial seja celebrada com muita alegria e que a cidade siga em frente, com desenvolvimento e progresso para todos os seus habitantes. #cafarnaum60anos #bahia #desenvolvimento #progresso",1,0,1
Leur Lomanto Jr,@LeurLomantoJr,https://twitter.com/LeurLomantoJr/status/1644279010011107328,2023-04-07T10:00:39.000Z,"Hoje, famílias se reúnem nas igrejas e em suas casas para lembrarem a paixão de Cristo. Os ritos refletem a misericórdia de Deus por nós. Que essa mensagem  de amor e sacrifício faça renascer em nós ,a fé e a paz. #sextafeirasanta #catolicos #LeurLomantoJr",0,0,0
Leur Lomanto Jr,@LeurLomantoJr,https://twitter.com/LeurLomantoJr/status/1643674360127922177,2023-04-05T17:58:00.000Z,"Estamos chocados com a tragédia, ocorrida hoje, em Blumenau (SC). É muito triste e inaceitável tamanha barbaridade.  Precisamos pensar em novas medidas contra esses ataques nas escolas. Minhas orações e solidariedade as famílias das vítimas.🙏🏼",0,0,1
