nome,usuario,idTweet,dataPublicacao,texto,replies,retweets,likes
Marcelo Álvaro Antônio,@Marceloalvaroan,https://twitter.com/Marceloalvaroan/status/1652444458204504064,2023-04-29T22:47:14.000Z,Esse governo é um verdadeiro escárnio!!!,5,23,87
Marcelo Álvaro Antônio,@Marceloalvaroan,https://twitter.com/Marceloalvaroan/status/1651258940368338948,2023-04-26T16:16:24.000Z,"VAI ACONTECER!!! Agora no Congresso Nacional, acaba de ser lido o requerimento para a criação da CPMI do dia 8 janeiro.",4,13,86
Marcelo Álvaro Antônio,@Marceloalvaroan,https://twitter.com/Marceloalvaroan/status/1651224210939805696,2023-04-26T13:58:24.000Z,Elon Musk desmentindo o Molusco! 😂,3,11,57
Marcelo Álvaro Antônio,@Marceloalvaroan,https://twitter.com/Marceloalvaroan/status/1651059851961704448,2023-04-26T03:05:18.000Z,"Aprovamos hoje, na Comissão de orçamento, o projeto que libera recursos para o piso salarial da enfermagem. 
Vale ressaltar, que o governo Bolsonaro foi quem sancionou esse projeto, e responsável, para que ele pudesse hoje virar uma realidade!",2,10,49
Marcelo Álvaro Antônio,@Marceloalvaroan,https://twitter.com/Marceloalvaroan/status/1650953763501273111,2023-04-25T20:03:45.000Z,"Hoje no Congresso, o Partido Liberal orientou a obstrução das votações, em oposição ao PL das Fake News. Como exceção à regra e, em reconhecimento e respeito à categoria, votamos o PLN na Comissão de Orçamento que permite o pagamento do piso da enfermagem ao qual votei favorável.",3,20,78
Marcelo Álvaro Antônio,@Marceloalvaroan,https://twitter.com/Marceloalvaroan/status/1650923112043622402,2023-04-25T18:01:57.000Z,"Lula, o pária internacional. O Brasil perde 50 bilhões de dólares em investimentos e 10 mil empregos após suas declarações sobre a guerra na Ucrânia.",1,15,50
Marcelo Álvaro Antônio,@Marceloalvaroan,https://twitter.com/Marceloalvaroan/status/1650877056144535553,2023-04-25T14:58:56.000Z,"PL das Fake News, não! Cobre o deputado do seu estado.",9,19,83
Marcelo Álvaro Antônio,@Marceloalvaroan,https://twitter.com/Marceloalvaroan/status/1649841744375062529,2023-04-22T18:24:59.000Z,VERGONHA INTERNACIONAL! Lula “O desentendido” agora não entende mais “português”.,18,73,255
Marcelo Álvaro Antônio,@Marceloalvaroan,https://twitter.com/Marceloalvaroan/status/1649053884290306049,2023-04-20T14:14:18.000Z,"Dois pesos, duas medidas.",5,17,78
Marcelo Álvaro Antônio,@Marceloalvaroan,https://twitter.com/Marceloalvaroan/status/1648782020695162881,2023-04-19T20:14:01.000Z,"Ministro de Lula terá que se explicar!!! 
Acabo de assinar o requerimento que convoca o comparecimento do Ministro do GSI aqui na Câmara dos Deputados para prestar esclarecimentos.",8,9,77
Marcelo Álvaro Antônio,@Marceloalvaroan,https://twitter.com/Marceloalvaroan/status/1648729854311792651,2023-04-19T16:46:43.000Z,GRAVÍSSIMO!!! Ministro de Lula abre portas e até serve água para vândalos no Planalto dia 8 de janeiro,22,226,818
Marcelo Álvaro Antônio,@Marceloalvaroan,https://twitter.com/Marceloalvaroan/status/1648388170076114944,2023-04-18T18:08:59.000Z,"Enquanto o PT em conluio com a mídia faz farra com o dinheiro do povo, os mais pobres sofrem e pagam mais impostos.",1,7,31
Marcelo Álvaro Antônio,@Marceloalvaroan,https://twitter.com/Marceloalvaroan/status/1646212442903527471,2023-04-12T18:03:26.000Z,"Será que o VAR da mídia não funciona para assédio contra mulheres de direita?
Minha solidariedade a deputada Júlia Zanatta (@apropriajulia), vítima de assédio hoje, cometido pelo deputado do PCdoB, Márcio Jerry. 
PUNIÇÃO JÁ!!!",2,13,68
Marcelo Álvaro Antônio,@Marceloalvaroan,https://twitter.com/Marceloalvaroan/status/1645817159489146881,2023-04-11T15:52:43.000Z,O “Pai dos pobres” tirando dos mais pobres para dar aos artistas! 🤡,3,10,34
Marcelo Álvaro Antônio,@Marceloalvaroan,https://twitter.com/Marceloalvaroan/status/1645533743329755138,2023-04-10T21:06:31.000Z,"Desista Lula, pois um governante que não se preocupa com a economia de seu país, não se preocupa com o seu povo.",12,52,188
Marcelo Álvaro Antônio,@Marceloalvaroan,https://twitter.com/Marceloalvaroan/status/1645430635941576704,2023-04-10T14:16:48.000Z,"Hoje o desgoverno Lula completa 100 dias:
100 rumo 
100 planos 
100 diminuir impostos  
100 esperança 
100 picanha
100 dias de volta à cena do crime.",2,10,45
Marcelo Álvaro Antônio,@Marceloalvaroan,https://twitter.com/Marceloalvaroan/status/1644710466726375424,2023-04-08T14:35:07.000Z,"Carta de alunos da UFMG para os calouros.
Lamentável! Alunos que deveriam se preocupar em aprender, estão infectados pelo marxismo e querem transformar a faculdade pública em uma fábrica de militantes. 
Não vamos retroceder, a luta contra a doutrinação ideológica continua!!",11,55,157
Marcelo Álvaro Antônio,@Marceloalvaroan,https://twitter.com/Marceloalvaroan/status/1644505240702468099,2023-04-08T00:59:37.000Z,"Absurdo!!!
Pessoas dão maconha para criança enquanto fazem o L.
Cadê o Conselho Tutelar e autoridades competentes para tomar providência?",151,75,135
Marcelo Álvaro Antônio,@Marceloalvaroan,https://twitter.com/Marceloalvaroan/status/1644361686399307776,2023-04-07T15:29:11.000Z,Desejo um abençoado dia da paixão de Cristo para você e sua família!,2,2,38
Marcelo Álvaro Antônio,@Marceloalvaroan,https://twitter.com/Marceloalvaroan/status/1644079947638611968,2023-04-06T20:49:39.000Z,Dilma 2.0! Agora só falta o impeachment 👍😅,1,15,43
Marcelo Álvaro Antônio,@Marceloalvaroan,https://twitter.com/Marceloalvaroan/status/1643747576154570753,2023-04-05T22:48:56.000Z,Vamos proteger nossos jovens e crianças!!! Fiz um projeto que autoriza porte de arma a educadores e aumenta policiamento no entorno de escolas.,9,17,66
Marcelo Álvaro Antônio,@Marceloalvaroan,https://twitter.com/Marceloalvaroan/status/1643656724862074897,2023-04-05T16:47:55.000Z,"Minha solidariedade às famílias das crianças vítimas desse crime bárbaro que ocorreu hoje em uma creche em Blumenau. Precisamos urgentemente discutir medidas para combater esse tipo de tragédia, que tem se tornado tão frequente.
Que tristeza! Deus ampare essas famílias.",2,5,49
Marcelo Álvaro Antônio,@Marceloalvaroan,https://twitter.com/Marceloalvaroan/status/1643068319199576065,2023-04-04T01:49:48.000Z,Gestão eficiente traz resultados. Parabéns @RomeuZema. Minas Gerais conta com o seu trabalho!🔺🇧🇷,4,15,133
Marcelo Álvaro Antônio,@Marceloalvaroan,https://twitter.com/Marceloalvaroan/status/1642177177876668418,2023-04-01T14:48:44.000Z,"1º de abril, dia do Lula.",2,16,73
