nome,usuario,idTweet,dataPublicacao,texto,replies,retweets,likes
Maria Arraes,@mariaarraespe,https://twitter.com/mariaarraespe/status/1651992808377532416,2023-04-28T16:52:32.000Z,"Toda solidariedade às vítimas e familiares do desabamento do Edifício Leme, em Jardim Atlântico. Segundo a Defesa Civil de Olinda, o prédio estava condenado há mais de 20 anos. Essa tragédia escancara a urgência em debater políticas públicas habitacionais no nosso estado.",3,0,16
Maria Arraes,@mariaarraespe,https://twitter.com/mariaarraespe/status/1651278338059649038,2023-04-26T17:33:29.000Z,Acaba de ser instalada a CPMI que vai investigar os atos terroristas do 08 de janeiro. Sem anistia para os criminosos golpistas que atentaram contra as nossas instituições democráticas!,2,5,22
Maria Arraes,@mariaarraespe,https://twitter.com/mariaarraespe/status/1650978362376986627,2023-04-25T21:41:29.000Z,"Os bolsonaristas e as grandes plataformas estão mobilizados para adiar a votação, mas é fundamental que o PL das Fake News seja votado com urgência. Não podemos permitir as redes sociais continuem a ser um espaço repleto de discurso de ódio, desinformação e intolerância.",5,9,41
Maria Arraes,@mariaarraespe,https://twitter.com/mariaarraespe/status/1650502997498114051,2023-04-24T14:12:34.000Z,"O ganhador da principal categoria do Grammy, John Batiste, vem ao Brasil no próximo mês e declarou que gostaria de tocar com nada mais nada menos que Lia de Itamaracá. A nossa cultura é tão incrível, que rompe qualquer tipo de barreira, inclusive a linguística.",2,3,33
Maria Arraes,@mariaarraespe,https://twitter.com/mariaarraespe/status/1648791380062347267,2023-04-19T20:51:12.000Z,A Câmara não é lugar de violência! É inadmissível a postura do deputado Eduardo Bolsonaro e de qualquer outro que incentive essa truculência. Toda solidariedade ao deputado Marcon do PT/RS que sofreu as agressões.,7,4,39
Maria Arraes,@mariaarraespe,https://twitter.com/mariaarraespe/status/1648730583336353792,2023-04-19T16:49:37.000Z,"Viva o Brasil do Cocar! Hoje é o Dia dos Povos Originários. Pela primeira vez na história, temos uma mulher indígena ocupando o cargo de ministra, com @GuajajaraSonia à frente do @mpovosindigenas",1,3,35
Maria Arraes,@mariaarraespe,https://twitter.com/mariaarraespe/status/1648695492182720513,2023-04-19T14:30:11.000Z,"Começamos o dia com reunião nas comissões da Câmara. Na comissão de saúde, recebemos a visita da ministra Nísia Trindade. Em pauta: saúde indígena.",0,2,9
Maria Arraes,@mariaarraespe,https://twitter.com/mariaarraespe/status/1648458971546791938,2023-04-18T22:50:20.000Z,"O piso da enfermagem vai sair do papel! O governo federal garantiu R$ 7,3 bi pro pagamento de enfermeiros, técnicos e auxiliares de enfermagem e parteiras. A categoria é majoritariamente composta por mulheres e vem lutando por esse piso há mais de 30 anos. Quem ganha é o Brasil!",0,8,44
Maria Arraes,@mariaarraespe,https://twitter.com/mariaarraespe/status/1648356318372061186,2023-04-18T16:02:25.000Z,"Que tristeza, minha gente. Mais uma criança faleceu em decorrência do incêndio no Lar Paulo de Tarso. Agora são 5 vítimas fatais. Desejo muita força a todos os familiares e uma pronta recuperação aos feridos que ainda se encontram internados.",0,2,13
Maria Arraes,@mariaarraespe,https://twitter.com/mariaarraespe/status/1648077692909043716,2023-04-17T21:35:16.000Z,"VITÓRIA! O bolsonarista Thiago Brennand, acusado de estupro, agressão e cárcere privado de mulheres, foi preso nos Emirados Árabes. Agora ele precisa responder por suas acusações!",0,1,19
Maria Arraes,@mariaarraespe,https://twitter.com/mariaarraespe/status/1648075157942968321,2023-04-17T21:25:12.000Z,A Procuradoria-Geral da República acaba de pedir a PRISÃO de Sérgio Moro por calúnia contra o ministro Gilmar Mendes. Que seja apenas o início da queda do ex-juíz. O Brasil ainda está pagando caro pelas irresponsabilidades que ele cometeu.,0,1,20
Maria Arraes,@mariaarraespe,https://twitter.com/mariaarraespe/status/1648032895578042382,2023-04-17T18:37:15.000Z,"ABSURDO! Em Primavera, uma mulher tentou pedir ajuda a uma viatura da PM e acabou sendo agredida com tapas e socos por dois policiais. O vídeo que está circulando é estarrecedor. Toda minha solidariedade à Nadiane. Os agressores precisam ser investigados e punidos o quanto antes.",0,3,16
Maria Arraes,@mariaarraespe,https://twitter.com/mariaarraespe/status/1646853376070615046,2023-04-14T12:30:16.000Z,"É devastadora a notícia do incêndio ocorrido no Lar Paulo de Tarso, que abriga crianças e adolescentes em situação de vulnerabilidade social, na zona sul do Recife. Minha solidariedade a todos os envolvidos nesse momento de profunda dor. 🖤",0,0,32
Maria Arraes,@mariaarraespe,https://twitter.com/mariaarraespe/status/1646469767484653571,2023-04-13T11:05:57.000Z,Nossa querida @dilmabr tomou posse como presidenta do Novo Banco de Desenvolvimento e esse é um marco na reinserção do Brasil na economia internacional. Aos poucos o nosso país vai voltando a ter o destaque que merece.,5,5,130
Maria Arraes,@mariaarraespe,https://twitter.com/mariaarraespe/status/1646294016282034186,2023-04-12T23:27:34.000Z,"Depois de cerca de 30 horas de viagem, chegamos em Xangai! Logo seguiremos para as agendas 🇧🇷🇨🇳",2,3,114
Maria Arraes,@mariaarraespe,https://twitter.com/mariaarraespe/status/1646243958379429890,2023-04-12T20:08:40.000Z,"Feliz aniversário, Lila ❤️ Há um ano comemorávamos o teu aniversário em mais um evento de pré-campanha e não tínhamos ideia de tudo que iria acontecer de lá pra cá. Pude enfrentar e sentir muitos dos desafios que ouvia você falar sobre ser mulher na política, e minha admiração +",4,1,51
Maria Arraes,@mariaarraespe,https://twitter.com/mariaarraespe/status/1645778199580647425,2023-04-11T13:17:54.000Z,"🇨🇳 Nos próximos dias, estarei acompanhando @LulaOficial na viagem oficial pra a China. Nosso foco é fortalecer o diálogo e a parceria econômica com uma das maiores potências mundiais. O Brasil está voltando a ocupar o seu lugar de respeito e protagonismo no cenário internacional.",7,6,295
Maria Arraes,@mariaarraespe,https://twitter.com/mariaarraespe/status/1645535192403017733,2023-04-10T21:12:17.000Z,"Há exatos 100 dias recuperamos o brilho no olho, com os ventos da esperança e da soberania que voltaram a soprar forte sobre o nosso País, trazendo um novo tempo de cuidado, desenvolvimento e justiça social. São só 100 dias e já temos tanto de volta. #OBrasilVoltou",2,5,23
Maria Arraes,@mariaarraespe,https://twitter.com/mariaarraespe/status/1643656338231238656,2023-04-05T16:46:23.000Z,É muito triste e revoltante a tragédia que aconteceu na creche em Blumenau. Nada justifica essa violência. Toda solidariedade aos familiares nesse momento de profunda dor 🖤,0,2,16
Maria Arraes,@mariaarraespe,https://twitter.com/mariaarraespe/status/1642994904358952960,2023-04-03T20:58:05.000Z,"Enquanto milhares de brasileiros morriam diariamente em decorrência da Covid-19, as Forças Armadas de Bolsonaro gastavam irregularmente R$ 15,6 milhões dos recursos destinados ao enfrentamento da pandemia",1,0,17
Maria Arraes,@mariaarraespe,https://twitter.com/mariaarraespe/status/1642979982849744898,2023-04-03T19:58:47.000Z,Decisão mais que acertada do presidente Lula em suspender a implementação do Novo Ensino Médio depois de ouvir o apelo das entidades de educação. O melhor caminho a seguir é sempre o que o povo escolhe! Seguiremos na luta pela revogação do NEM na Câmara ✊🏻,0,4,35
Maria Arraes,@mariaarraespe,https://twitter.com/mariaarraespe/status/1642605049976086528,2023-04-02T19:08:56.000Z,"No 2º turno das eleições, assistimos as operações da PRF para impedir que os eleitores chegassem ao seu local de votação. Agora, a PF descobriu um documento produzido por Anderson Torres com um mapa detalhado dos locais em que Lula venceu no 1º turno. Exigimos uma explicação!",0,3,33
Maria Arraes,@mariaarraespe,https://twitter.com/mariaarraespe/status/1642601649607770114,2023-04-02T18:55:25.000Z,"O autismo não se cura, se compreende! Hoje é o Dia Mundial da Conscientização do Autismo e, antes de mais nada, precisamos reforçar que NÃO é uma doença. O transtorno do espectro autista afeta o neurodesenvolvimento e acompanha o
indivíduo por toda a vida.",1,5,25
