nome,usuario,idTweet,dataPublicacao,texto,replies,retweets,likes
Eduardo Bandeira de Mello,@mello_bandeira,https://twitter.com/mello_bandeira/status/1651946911891443713,2023-04-28T13:50:10.000Z,"Falei ao #RJTV sobre a situação dos #aeroportos no  Rio de Janeiro, em especial sobre a recuperação do aeroporto do Galeão.. É uma situação que precisa ser resolvida rapidamente porque a deterioração e o esvaziamento do #Galeão estão fazendo muito mal para a #economia do RJ.",13,6,89
Eduardo Bandeira de Mello,@mello_bandeira,https://twitter.com/mello_bandeira/status/1651219826491179009,2023-04-26T13:40:59.000Z,"Apresentando requerimento na Comissão de Meio Ambiente e Desenvolvimento Sustentável para a realização de audiência pública para discutir políticas de Eficiência Energética no Brasil. 

Aprovado ✅",18,2,93
Eduardo Bandeira de Mello,@mello_bandeira,https://twitter.com/mello_bandeira/status/1650875685802590209,2023-04-25T14:53:29.000Z,"Meu primeiro #react por aqui é para comentar a atitude do mundialmente famoso DJ @alok que esteve ontem, 24, na Câmara dos Deputados, e discursou sobre a importância da preservação das florestas. 👏 @metropoles",26,7,156
Eduardo Bandeira de Mello,@mello_bandeira,https://twitter.com/mello_bandeira/status/1650493684989739011,2023-04-24T13:35:33.000Z,Iniciando a segunda-feira no Seminário Interno do @bndes sobre meio ambiente: como a questão ambiental evoluiu no #BNDES e os desafios que temos pela frente.,3,2,48
Eduardo Bandeira de Mello,@mello_bandeira,https://twitter.com/mello_bandeira/status/1650454006370643968,2023-04-24T10:57:53.000Z,"Bom dia, pessoal! #Artigo meu publicado no @congressoemfoco sobre Eficiência #Energética e #Descarbonização da #Economia.https://congressoemfoco.uol.com.br/blogs-e-opiniao/forum/eficiencia-energetica-e-descarbonizacao-da-economia/… @psbnacamara @mmeioambiente @govminasenergia",1,3,24
Eduardo Bandeira de Mello,@mello_bandeira,https://twitter.com/mello_bandeira/status/1650259103128723456,2023-04-23T22:03:25.000Z,Domingo de Feijoadas em Padre Miguel e em Santa Cruz. Obrigado aos amigos pela recepção e a todos pelo carinho.,2,0,93
Eduardo Bandeira de Mello,@mello_bandeira,https://twitter.com/mello_bandeira/status/1650135302860685313,2023-04-23T13:51:28.000Z,"Hoje é dia mundial do #livro e quero compartilhar uma dica com os amigos rubro-negros. O livro Relatos de uma Paixão em Vermelho e Preto é um compilado de crônicas onde diversas pessoas eternizaram impressões, vivências e memórias de suas vidas ligados ao Mais Querido.",2,1,48
Eduardo Bandeira de Mello,@mello_bandeira,https://twitter.com/mello_bandeira/status/1649871751227031552,2023-04-22T20:24:13.000Z,"Sábado de trabalho por aqui! O que será que vem por aí, hein?! 

Bom final de semana, pessoal!",2,2,104
Eduardo Bandeira de Mello,@mello_bandeira,https://twitter.com/mello_bandeira/status/1649854249809879041,2023-04-22T19:14:40.000Z,"São 4 eixos de atuação, definidos com base em dados atualizados sobre a dinâmica do desmatamento na Amazônia:

- Atividades Produtivas Sustentáveis
- Monitoramento e Controle Ambiental
- Ordenamento Territorial e Fundiário
- Instrumentos Normativos e Econômicos",0,1,27
Eduardo Bandeira de Mello,@mello_bandeira,https://twitter.com/mello_bandeira/status/1649099768503889920,2023-04-20T17:16:38.000Z,"Tenho plena convicção que precisamos ocupar os espaços de poder com pessoas capacitadas, preocupadas com o bem comum. Gente ruim existe em todos os lugares. O nosso papel é fazer diferente. Ser diferente e não deixar o mal prosperar nunca. Seja na vida, no futebol ou na política",7,15,186
Eduardo Bandeira de Mello,@mello_bandeira,https://twitter.com/mello_bandeira/status/1648807662866374658,2023-04-19T21:55:54.000Z,"Hoje é aniversário da minha netinha Lalá 😍A princesinha da casa completa 4 aninhos, preenchendo nossos dias de alegria e nossos corações de muito amor. 

Parabéns, Lalá! 
Vovô te ama muito 💗🥳🎉🎈🎁",14,9,384
Eduardo Bandeira de Mello,@mello_bandeira,https://twitter.com/mello_bandeira/status/1648709340327542784,2023-04-19T15:25:12.000Z,"Corte da entrevista para @pedrocertezas 

“Eu sou torcedor de arquibancada, estou feliz lá. Eu não ligo para os que sempre tentam me afastar do clube. Perderam todas as vezes. O Flamengo é o #Flamengo. É muito maior que eles”. 

Já assistiu a entrevista? Disponível YT e Twich",19,14,318
Eduardo Bandeira de Mello,@mello_bandeira,https://twitter.com/mello_bandeira/status/1648487670027542528,2023-04-19T00:44:22.000Z,"Lançamento da Frente Parlamentar Mista da Educação. 

Colocar a ""Educação na Frente"", promover o debate sobre a importância da #educação para o desenvolvimento do País e buscar soluções para os desafios enfrentados por nosso sistema educacional.",4,3,158
Eduardo Bandeira de Mello,@mello_bandeira,https://twitter.com/mello_bandeira/status/1648470728659050501,2023-04-18T23:37:03.000Z,"Bancada do @psbnacamara reunida com o ministro @FlavioDino do @JusticaGovBR para conhecer mais detalhadamente a estrutura do ministério, ações e iniciativas importantes para o nosso país no âmbito da #segurança #pública.",1,2,41
Eduardo Bandeira de Mello,@mello_bandeira,https://twitter.com/mello_bandeira/status/1648382041400983552,2023-04-18T17:44:38.000Z,"O PL 515/23, de minha autoria, aumenta a pena de atletas profissionais e equipes de arbitragem de campo e vídeo que estiverem envolvidos com #manipulação de resultados. O PL altera o Estatuto do Torcedor, que prevê a penalidade de 2 a 6 anos, para aumentá-la de ⅓ a metade +",2,7,144
Eduardo Bandeira de Mello,@mello_bandeira,https://twitter.com/mello_bandeira/status/1648005734871736331,2023-04-17T16:49:20.000Z,Amigos que o #Flamengo me deu ⚫️🔴,7,5,473
Eduardo Bandeira de Mello,@mello_bandeira,https://twitter.com/mello_bandeira/status/1646892219868098564,2023-04-14T15:04:37.000Z,Com a Ministra @nisia_trindade na posse dos diretores dos Hospitais Federais do RJ e apresentação do diagnóstico e ações para o desenvolvimento hospitalar.,13,2,87
Eduardo Bandeira de Mello,@mello_bandeira,https://twitter.com/mello_bandeira/status/1646516372586008578,2023-04-13T14:11:08.000Z,"O número de autos por desmatamento e outras infrações contra a flora na Amazônia de janeiro a março aumentou 219% em relação à média para o mesmo período nos quatro anos anteriores, segundo dados do #ibama",2,3,66
Eduardo Bandeira de Mello,@mello_bandeira,https://twitter.com/mello_bandeira/status/1646221402318438408,2023-04-12T18:39:02.000Z,"Audiência Pública na Comissão do Esporte com o Comitê Brasileiro de Clubes (CBC) e os clubes esportivos para realizar um balanço das atividades e a aplicação de recursos, além de debater a formação de atletas e a preparação para o atual ciclo olímpico",0,2,34
Eduardo Bandeira de Mello,@mello_bandeira,https://twitter.com/mello_bandeira/status/1646153407147720710,2023-04-12T14:08:50.000Z,"No caminho para o Plenário encontrei o presidente do @ibamagov o amigo @rodrigoagost Rodrigo confirmou que a pasta está sobrecarregada, mas reforçou que as denúncias estão sendo apuradas com rigor e a fiscalização mais atuante e mais rígida. #Ibama no caminho certo! 🤝",3,3,78
Eduardo Bandeira de Mello,@mello_bandeira,https://twitter.com/mello_bandeira/status/1646136095908806657,2023-04-12T13:00:03.000Z,"Hoje já participei de dois encontros de frentes parlamentares antes vir para Câmara. Agora estou na Comissão de Finanças e Tributação, audiência pública sobre tributação dos sites de apostas esportivas.",8,5,191
Eduardo Bandeira de Mello,@mello_bandeira,https://twitter.com/mello_bandeira/status/1645584509809876992,2023-04-11T00:28:15.000Z,"Fala Pessoal, novamente quero conversar com vocês sobre a questão do Galeão. Hoje embarquei para Brasília no Santos Dumont. Como sempre, o aeroporto estava lotado, com filas intermináveis. Sem falar no trânsito colapsado nas vias ao redor+",13,14,325
Eduardo Bandeira de Mello,@mello_bandeira,https://twitter.com/mello_bandeira/status/1644813962129580032,2023-04-08T21:26:22.000Z,"Pessoal, estamos acompanhando a batalha  pela recuperação do aeroporto Galeão. Desde janeiro tenho acompanhando as tratativas, mantendo diálogo constante com o governo federal. Então, quero reafirmar o meu apoio à causa.",13,14,299
Eduardo Bandeira de Mello,@mello_bandeira,https://twitter.com/mello_bandeira/status/1643991166701150210,2023-04-06T14:56:52.000Z,"Nesta 5ª feira, 06, às 17h, estarei ao vivo no Barbacast. Você pode acompanhar e mandar a sua pergunta através do link: https://youtube.com/live/atVyu-AoRLg?feature=share… Te espero lá. Saudações!",2,2,70
Eduardo Bandeira de Mello,@mello_bandeira,https://twitter.com/mello_bandeira/status/1643672605780582422,2023-04-05T17:51:01.000Z,Entrevista para o Blog do Noblat sobre taxação dos sites de apostas esportivas. ⬇️,4,4,79
Eduardo Bandeira de Mello,@mello_bandeira,https://twitter.com/mello_bandeira/status/1643318899373494275,2023-04-04T18:25:31.000Z,A terça-feira está diferente 🤔,9,4,181
Eduardo Bandeira de Mello,@mello_bandeira,https://twitter.com/mello_bandeira/status/1642873035462983685,2023-04-03T12:53:49.000Z,Conversando com alunos da Escola Municipal Dorcelina Gomes da Costa sobre q importância do planejamento a médio e longo prazo para colher frutos no futuro.,4,5,143
Eduardo Bandeira de Mello,@mello_bandeira,https://twitter.com/mello_bandeira/status/1642548916968124417,2023-04-02T15:25:53.000Z,"O jogador Vinícius Júnior, atleta do Real Madrid (Espanha) e da Seleção Brasileira, foi vítima de mais um ataque racista nas redes sociais. Em fotomontagem, o jogador foi reproduzido em forma de macaco, sob a legenda “Monícios Jr”. Em espanhol, a palavra “mono” significa macaco.",30,97,2.295
