nome,usuario,idTweet,dataPublicacao,texto,replies,retweets,likes
Murilo Galdino,@murilogaldinopb,https://twitter.com/murilogaldinopb/status/1650463393332056069,2023-04-24T11:35:11.000Z,Bom dia!🌞Mais uma semana de trabalho se inicia e com ela novas oportunidades para fazermos o bem e sermos pessoas melhores. Desejo uma semana abençoada para todos!💙,54,1,5
Murilo Galdino,@murilogaldinopb,https://twitter.com/murilogaldinopb/status/1649385711903154176,2023-04-21T12:12:52.000Z,"Hoje é o Dia dos Policiais Civis e Militares. Eles que atuam de forma ostensiva e preservam a ordem pública merecem reconhecimento. Os meus parabéns e obrigado aos profissionais que dedicam a sua vida para proteger a de todos nós, na missão de manter a ordem e a segurança!👮👮‍♂️",4,0,3
Murilo Galdino,@murilogaldinopb,https://twitter.com/murilogaldinopb/status/1648471404025888768,2023-04-18T23:39:44.000Z,"Vitória para a categoria! O presidente @LulaOficial assina projeto de lei para viabilizar piso nacional da enfermagem. O texto fixou em R$ 4.750 o piso nacional de enfermeiros; técnicos R$ 3.325, e auxiliares e parteiras R$ 2.375.",4,0,2
Murilo Galdino,@murilogaldinopb,https://twitter.com/murilogaldinopb/status/1648336681903218690,2023-04-18T14:44:24.000Z,"Notícia importante para a enfermagem!
Hoje às 17:30 o presidente @lulaoficial assinará o projeto de lei, que trata do piso salarial da enfermagem.",3,0,2
Murilo Galdino,@murilogaldinopb,https://twitter.com/murilogaldinopb/status/1646145137523798016,2023-04-12T13:35:59.000Z,"Hoje é o Dia do Obstetra. Profissional que auxilia a mãe no nascimento do bebê, tendo um compromisso em trazer a vida ao mundo, transformando famílias. Parabéns a todos os obstetras pelo dia de hoje.👏🏻",3,0,2
Murilo Galdino,@murilogaldinopb,https://twitter.com/murilogaldinopb/status/1645397761280421890,2023-04-10T12:06:10.000Z,"Dia da Engenharia.  👷🏻‍♀️👷🏻‍♂️Aqueles que fazem grandes projetos, virarem realidade! Meus parabéns a todos os engenheiros que trabalham arduamente para tornar o mundo um lugar melhor.",1,0,2
Murilo Galdino,@murilogaldinopb,https://twitter.com/murilogaldinopb/status/1645034207465406465,2023-04-09T12:01:32.000Z,"📖Hoje é o Dia Nacional da Biblioteca. Que tenhamos como missão o incentivo à leitura, que é um instrumento de conhecimento e difusão de novas ideias. Qual biblioteca marcou a sua vida como leitor(a)? 📚",1,0,2
Murilo Galdino,@murilogaldinopb,https://twitter.com/murilogaldinopb/status/1644328710147825670,2023-04-07T13:18:09.000Z,"Hoje é o Dia Mundial da Saúde. Data importante para refletirmos sobre o direito à saúde, e também em como garantir que todas as pessoas tenham acesso a ela com qualidade.
‌",1,0,2
Murilo Galdino,@murilogaldinopb,https://twitter.com/murilogaldinopb/status/1643941682646339585,2023-04-06T11:40:14.000Z,"Hoje é celebrado o Dia Nacional de Mobilização pela Promoção da Saúde e Qualidade de Vida. Importante data, que tem como objetivo lembrar a importância de promover uma rotina de vida que permita a inclusão de hábitos saudáveis.👏🏻",1,0,3
Murilo Galdino,@murilogaldinopb,https://twitter.com/murilogaldinopb/status/1643644732579479552,2023-04-05T16:00:16.000Z,"Acompanhando com tristeza profunda, a tragédia do ataque as crianças na creche Bom Pastor, de Blumenau. Meus sentimentos e solidariedade aos familiares das vítimas, neste momento tão difícil.",1,0,1
Murilo Galdino,@murilogaldinopb,https://twitter.com/murilogaldinopb/status/1643586666072866818,2023-04-05T12:09:32.000Z,"Hoje, celebramos o Dia das Telecomunicações, lembrando da importância de continuar evoluindo para uma comunicação mais acessível. 💻A igualdade de acesso às tecnologias da informação e comunicação é fundamental para uma sociedade mais justa e inclusiva para todos.🤝🏻",1,0,3
Murilo Galdino,@murilogaldinopb,https://twitter.com/murilogaldinopb/status/1642861004991213568,2023-04-03T12:06:01.000Z,"Hoje comemora-se o Dia do Desporto Comunitário, que visa trazer a todos, o contato com o esporte não-formal. O lazer é  fundamental para a saúde mental e física, propiciando a cooperação, a interação e a solidariedade entre as pessoas de forma lúdica.
O esporte é para todos!",1,0,5
Murilo Galdino,@murilogaldinopb,https://twitter.com/murilogaldinopb/status/1642148307735654403,2023-04-01T12:54:00.000Z,"Hoje é um dia muito importante, pois comemora-se o Dia da Abolição da Escravidão Indígena. Dia para lembrarmos de toda a luta e resistência desses povos. Para que nunca esqueçamos de valorizar e respeitar os povos originários, garantindo-lhes seus direitos e liberdade.",1,0,1
