nome,usuario,idTweet,dataPublicacao,texto,replies,retweets,likes
Natália Bonavides,@natbonavides,https://twitter.com/natbonavides/status/1652325138946203648,2023-04-29T14:53:06.000Z,"Chega de conteúdos de ódio! Estamos em luta pela aprovação na Câmara do projeto de lei 2630 para que conteúdos criminosos de incentivo ao ódio parem de ser propagados nas plataformas da internet. Participe com a tag #AprovaPL2630, essa responsabilidade é de todas e todos nós!",18,18,98
Natália Bonavides,@natbonavides,https://twitter.com/natbonavides/status/1652010556641951754,2023-04-28T18:03:04.000Z,Boa notícia! O presidente @lulaoficial sancionou o reajuste dos servidores públicos federais. Há mais de 6 anos que a categoria não tinha aumento. O @govbrasil está reconstruindo o país e a valorização dos trabalhadores é uma das questões centrais.,18,120,391
Natália Bonavides,@natbonavides,https://twitter.com/natbonavides/status/1651975386891157504,2023-04-28T15:43:19.000Z,"VITÓRIA DA LUTA INDÍGENA! Presidente @LulaOficial acaba de assinar a demarcação de 6 terras indígenas. Importante conquista para os povos originários, para a justiça e pra nossa democracia!",0,12,103
Natália Bonavides,@natbonavides,https://twitter.com/natbonavides/status/1651580855486238720,2023-04-27T13:35:35.000Z,"CPI do MST é a criminalização de um movimento fundamental para a classe trabalhadora, para a luta por terra e direitos! Tentativa baixa de desestabilizar um governo que tem o MST como aliado central. A luta por Reforma Agrária está viva e não irá sucumbir a mais essa perseguição.",28,51,330
Natália Bonavides,@natbonavides,https://twitter.com/natbonavides/status/1651369205927669896,2023-04-26T23:34:34.000Z,"Hoje foi dia de encontrar o Ministro @silviolual! Em audiência, recebemos o anúncio de que o @mdhcbrasil irá criar Comissões pra monitorar tanto o cumprimento das recomendações da Comissão da Verdade, como a implementação das decisões da Corte Interamericana de Direitos Humanos.+",6,30,346
Natália Bonavides,@natbonavides,https://twitter.com/natbonavides/status/1651314241775837187,2023-04-26T19:56:09.000Z,"ATENÇÃO! O Congresso Nacional acabou de aprovar o projeto (PLN 05/2023) que garante recursos para pagar o piso da enfermagem. A categoria, fundamental no fortalecimento do SUS e na defesa da vida do nosso povo, lutou bravamente para garantir esse direito. Viva a enfermagem!",3,30,149
Natália Bonavides,@natbonavides,https://twitter.com/natbonavides/status/1651313195447975937,2023-04-26T19:52:00.000Z,"APROVADO! Em sessão conjunta do Congresso Nacional, acabamos de aprovar o projeto que garante reajuste de 9% para os servidores públicos federais. A valorização desses profissionais é essencial para um serviço público de qualidade.",17,53,282
Natália Bonavides,@natbonavides,https://twitter.com/natbonavides/status/1651284755608895502,2023-04-26T17:58:59.000Z,"A tese de defesa de Bolsonaro parece piada. Não vamos cair nessa ""de estar sob efeito de medicamento"". O ex-presidente foi um grande disseminador de notícias falsas, suas redes eram repletas de ataques às urnas e fake news. Esse discurso de não saber o que fazia não cola.",12,23,143
Natália Bonavides,@natbonavides,https://twitter.com/natbonavides/status/1651274349326876700,2023-04-26T17:17:38.000Z,Sem anistia! O primeiro passo para criação da CPMI que vai investigar os atentados em Brasília no 08/01 foi dado. Não vamos tolerar que esses golpistas desrespeitem o povo e as instituições brasileiras. Que a investigação comece e os envolvidos sejam punidos com o rigor da lei.,10,16,100
Natália Bonavides,@natbonavides,https://twitter.com/natbonavides/status/1651266637713096716,2023-04-26T16:47:00.000Z,"Aniversário dessa grande companheira de luta @dasilvabenedita. Aguerrida na defesa do povo, ela é inspiração. Muita saúde e sucesso, companheira.",10,17,214
Natália Bonavides,@natbonavides,https://twitter.com/natbonavides/status/1651031945323610112,2023-04-26T01:14:25.000Z,Projeto de Lei que combate fake news teve a urgência aprovada na Câmara. Importante medida pra avançar com esse debate. Disseminar notícia falsa é um ato criminoso.,13,24,147
Natália Bonavides,@natbonavides,https://twitter.com/natbonavides/status/1650963700327542799,2023-04-25T20:43:14.000Z,"A casa caiu! Servidora do Palácio do Planalto depõe e diz que Michelle recebeu o 2º kit de joias em mãos. E a própria Michelle declarou hoje pra imprensa que recebeu joias masculinas, sendo que ela já havia dito que só soube das joias pela imprensa. Se perdeu na própria mentira!",13,54,311
Natália Bonavides,@natbonavides,https://twitter.com/natbonavides/status/1650871996975136770,2023-04-25T14:38:50.000Z,"Atenção, meu povo! O @govbr liberou a vacina Bivalente de Covid para pessoas a partir dos 18 anos. Se você já tomou pelo menos 2 doses há no mínimo 4 meses, procure o posto de vacinação da sua cidade e bora garantir uma imunização completa. Vacinas salvam vidas!",6,33,156
Natália Bonavides,@natbonavides,https://twitter.com/natbonavides/status/1650609513324478466,2023-04-24T21:15:49.000Z,"Parabéns, Chico! Hoje, depois de 4 anos, Chico Buarque recebeu o prêmio Camões, grande honraria da língua portuguesa. E Lula estava lá com ele. O Brasil voltou a defender e valorizar a cultura e nossos artistas.",45,64,905
Natália Bonavides,@natbonavides,https://twitter.com/natbonavides/status/1650512803613093890,2023-04-24T14:51:32.000Z,IMPORTANTE! O presidente @LulaOficial sancionou lei para incluir a identificação étnico-racial dos trabalhadores nos registros trabalhistas do setor público e privado. Passo fundamental para a criação de mais políticas públicas de combate ao racismo.,4,25,152
Natália Bonavides,@natbonavides,https://twitter.com/natbonavides/status/1649436201412067328,2023-04-21T15:33:30.000Z,Dia do Metalúrgico ✊📷 Fernando Pereira,23,56,474
Natália Bonavides,@natbonavides,https://twitter.com/natbonavides/status/1649119098809221139,2023-04-20T18:33:26.000Z,"Lei Maria da Penha forte, mulheres vivas! @LulaOficial sancionou projeto com alterações na Maria da Penha, instrumento importantíssimo no combate à violência. A mudança: medidas protetivas de urgência serão concedidas já no momento em que a vítima denuncia. Entra em vigor hoje!",5,16,107
Natália Bonavides,@natbonavides,https://twitter.com/natbonavides/status/1648815576901451781,2023-04-19T22:27:21.000Z,"Mais recursos pra educação! 
Nosso presidente @lulaoficial e o ministro da Educação @CamiloSantanaCE anunciaram a recomposição orçamentária para universidades e institutos federais. Simbora seguir trabalhando por uma educação pública, gratuita e de qualidade pro nosso povo!",13,27,241
Natália Bonavides,@natbonavides,https://twitter.com/natbonavides/status/1648698108065333252,2023-04-19T14:40:34.000Z,"Aprovado! Nosso requerimento para realizar Audiência Pública conjunta entre as Comissões de Ciência e Tecnologia e Legislação Participativa para debater a ""Autonomia universitária na eleição de reitores das universidades federais"" acabou de ser aprovado na Comissão de educação.",1,8,56
Natália Bonavides,@natbonavides,https://twitter.com/natbonavides/status/1648679717938102272,2023-04-19T13:27:30.000Z,"Desrespeitosa a exclusão do União ABC do Campeonato Brasileiro. As meninas realizaram um trabalho árduo de preparação e, por erro da Federação, descobrem uma semana antes da competição que ficarão de fora.  Esse episódio é mais uma mostra de como o futebol feminino é escanteado.",9,16,93
Natália Bonavides,@natbonavides,https://twitter.com/natbonavides/status/1648449614247501828,2023-04-18T22:13:09.000Z,"Vitória importante no caso Marielle e Anderson! Por unanimidade, o STJ se posicionou favorável ao direito das famílias acessarem as informações sobre a investigação dos autores do crime. O direito à informação é imprescindível! #JusticaPorMarielleeAnderson",0,19,109
Natália Bonavides,@natbonavides,https://twitter.com/natbonavides/status/1648385297762189313,2023-04-18T17:57:35.000Z,"Importante ação pra educação! O @govbr destinará R$ 3 bilhões, além da instalação de grupo estratégico para debater medidas de segurança nas escolas e criação de núcleos psicossociais, municipais, regionais ou estaduais. Mais investimentos e segurança nas escolas!",2,12,62
Natália Bonavides,@natbonavides,https://twitter.com/natbonavides/status/1648327021099974657,2023-04-18T14:06:00.000Z,Grande dia para os trabalhadores e trabalhadoras da enfermagem! O presidente @lulaoficial assinará hoje o projeto do piso salarial da categoria e enviará ao Congresso. Garantir salários justos é fundamental e vem pra melhorar os serviços e a saúde pública. Contem com nosso voto!,4,22,111
Natália Bonavides,@natbonavides,https://twitter.com/natbonavides/status/1647977437785890817,2023-04-17T14:56:53.000Z,Golpe eleitoral! Documento interno da PRF destaca que no 2º turno das eleições de 2022 a corporação convocou mais agentes que estavam de folga em estados onde Lula havia ganhado no 1º turno. Prova que Bolsonaro usou a PRF para interferir no resultado das urnas. Que haja punição!,20,58,378
Natália Bonavides,@natbonavides,https://twitter.com/natbonavides/status/1647246993784184832,2023-04-15T14:34:22.000Z,"Emocionante! Estamos, de fato, diante de um novo tempo. O Brasil agora segue em busca de diplomacia e soberania! ❤️",26,23,287
Natália Bonavides,@natbonavides,https://twitter.com/natbonavides/status/1646948393049006087,2023-04-14T18:47:50.000Z,REVELADO! Lembram das joias avaliadas em R$ 16 milhões que o presidente derrotado ganhou em reunião na Arábia Saudita?? Foi a mesma reunião em que discutiram a venda de ativos da Petrobras. Mais uma manobra do ex-governo pra receber propina em troca dos patrimônios do povo!,34,61,306
Natália Bonavides,@natbonavides,https://twitter.com/natbonavides/status/1646887086866169859,2023-04-14T14:44:13.000Z,"Diferente do antigo governo, o presidente @LulaOficial tem extraído da parceria com a China, nosso maior parceiro comercial, mais investimentos para o país. A nomeação da presidenta Dilma para o BRICS é fundamental no fortalecimento dessas relações entre os países do sul global.",5,15,117
Natália Bonavides,@natbonavides,https://twitter.com/natbonavides/status/1646508553299959808,2023-04-13T13:40:04.000Z,"Histórico! A presidenta @dilmabr tomou posse no BRICS, com a presença de @LulaOficial. Ela é a nova presidenta de um banco global de grande importância para o desenvolvimento dos países. Sucesso, companheira!",35,19,135
Natália Bonavides,@natbonavides,https://twitter.com/natbonavides/status/1646501704718843906,2023-04-13T13:12:51.000Z,"Vacinas salvam vidas! O #BrasilVoltou para o rumo certo, temos presidente que investe, garante e toma vacina. A Campanha Nacional de Vacinação contra a Influenza já começou e vai até 31/05. Se você faz parte de algum grupo prioritário, procure o posto de vacinação mais próximo.",284,33,152
Natália Bonavides,@natbonavides,https://twitter.com/natbonavides/status/1646310477478109188,2023-04-13T00:32:59.000Z,Todo apoio aos bolsistas da UFRN que estão paralisados pelo reajuste das bolsas de permanência estudantil. Estamos acompanhando de perto e já nos reunimos com o MEC demandando recursos para a equiparação. Essa luta é nossa!,8,19,129
Natália Bonavides,@natbonavides,https://twitter.com/natbonavides/status/1645893438175322123,2023-04-11T20:55:49.000Z,"IMPORTANTE! Foi instalada a Comissão Mista que vai debater a Medida Provisória do Minha Casa Minha Vida no Congresso. A proposta visa atender famílias com renda mensal de até R$ 8 mil, na zona urbana, e anual de até R$ 96 mil, na zona rural. É a reconstrução do Brasil em pauta.",10,14,85
Natália Bonavides,@natbonavides,https://twitter.com/natbonavides/status/1645883826130780163,2023-04-11T20:17:37.000Z,🎬 Gravando pra vocês o programa das Mulheres do PT que em breve passará na TV. Que honra e alegria compor as fileiras do @ptbrasil e ao lado de tantas mulheres aguerridas trabalhar para que cada vez mais mulheres ocupem a política e conquistem mais direitos para o povo!,64,60,724
Natália Bonavides,@natbonavides,https://twitter.com/natbonavides/status/1645801430610219011,2023-04-11T14:50:13.000Z,"A nossa governadora @fatimabezerra embarcou hoje com a comitiva presidencial que segue para a China. Ela vai tratar de assuntos importantes para o povo potiguar, como agricultura familiar e energias renováveis. O Brasil voltou pro mundo e o RN tá junto. Boa viagem, governadora.",15,13,95
Natália Bonavides,@natbonavides,https://twitter.com/natbonavides/status/1645481717128470536,2023-04-10T17:39:47.000Z,#OBrasilVoltou para garantir mais políticas públicas em defesa das mulheres! O Programa Mulher cidadã promove ações de orientação e capacitação a mulheres em situação de vulnerabilidade ou de risco social. Mais direitos e autonomia financeira!,2,7,46
Natália Bonavides,@natbonavides,https://twitter.com/natbonavides/status/1645476282405093384,2023-04-10T17:18:11.000Z,"#OBrasilVoltou e a democracia também! Governo reabre o diálogo com movimentos sociais e cria o Conselho de Participação Social. Com muito trabalho e união, estamos reconstruindo o Brasil!",4,7,40
Natália Bonavides,@natbonavides,https://twitter.com/natbonavides/status/1645468790237323265,2023-04-10T16:48:25.000Z,"#OBrasilVoltou a fortalecer as relações externas, abrindo mais diálogo e acordos financeiros! Desde o início do ano, o Governo Federal já pagou R$524,9 milhões (de um total de mais de R$3 bilhões) em dívidas, que haviam sido deixadas em aberto, com mecanismos internacionais.",2,10,44
Natália Bonavides,@natbonavides,https://twitter.com/natbonavides/status/1645460984398577669,2023-04-10T16:17:24.000Z,"O povo, sobretudo o que mais precisa, é a razão de ser dos governos petistas. Em 100 dias já fizemos muito, mas ainda é só o começo. Junto do presidente @LulaOficial e da governadora @fatimabezerra, estamos reconstruindo o Brasil!#OBrasilVoltou",139,19,110
Natália Bonavides,@natbonavides,https://twitter.com/natbonavides/status/1645443928261292032,2023-04-10T15:09:38.000Z,"O nosso RN tem sido uma prioridade para o @govbr! Em apenas 100 dias de governo, já são R$ 100 milhões em ações de segurança, 550 mil famílias beneficiadas pelo Bolsa Família, além de repasses para assegurar cirurgias e melhorar a merenda escolar da nossa estudantada.+",4,15,78
Natália Bonavides,@natbonavides,https://twitter.com/natbonavides/status/1645427983794970628,2023-04-10T14:06:16.000Z,#OBrasilVoltou a colocar comida de qualidade no prato dos estudantes. Reajustar os valores da alimentação escolar faz parte do Programa Nacional de Alimentação Escolar (PNAE). Garantir alimentação adequada é fundamental para o bom desempenho nos estudos!,2,6,46
Natália Bonavides,@natbonavides,https://twitter.com/natbonavides/status/1645427209375449088,2023-04-10T14:03:11.000Z,"#OBrasilVoltou promovendo o desenvolvimento do futebol feminino, com mais investimentos, para ações de descoberta de novos talentos, de combate à discriminação e de fomento à participação das mulheres na gestão, arbitragem e direção técnica de equipes!",3,8,40
Natália Bonavides,@natbonavides,https://twitter.com/natbonavides/status/1645202709581053953,2023-04-09T23:11:07.000Z,"Hoje completa um ano que o jovem Eliel Ferreira foi brutalmente assassinado em Mossoró. LGBTFobia é crime, é inadmissível. Seguimos na luta por justiça, respeito e direitos à população LGBTQIA+. Eliel presente. Hoje e sempre!",5,23,190
Natália Bonavides,@natbonavides,https://twitter.com/natbonavides/status/1645058583149543424,2023-04-09T13:38:24.000Z,Notas sobre o turismo em Natal.,7,14,114
Natália Bonavides,@natbonavides,https://twitter.com/natbonavides/status/1645032746362830849,2023-04-09T11:55:44.000Z,Páscoa 🐇🐰,15,8,346
Natália Bonavides,@natbonavides,https://twitter.com/natbonavides/status/1644720177097965573,2023-04-08T15:13:42.000Z,"#OBrasilVoltou para trazer mais cuidado aos brasileiros. Voltou com mais esperança para que, juntos, a gente possa reconstruir nossa nação e crescer novamente. Voltou para fazer mais pela saúde, pela cultura, pela educação, pelo meio ambiente e principalmente pela nossa gente!",53,36,208
Natália Bonavides,@natbonavides,https://twitter.com/natbonavides/status/1643615470233309186,2023-04-05T14:03:59.000Z,Que tristeza! O ataque em Blumenau/SC que vitimou 4 crianças é um retrato da cultura de violência que tem invadido o país. Não são casos isolados e o debate é urgente. Toda solidariedade e conforto aos familiares das vítimas e à comunidade escolar.,14,32,228
Natália Bonavides,@natbonavides,https://twitter.com/natbonavides/status/1643600596165959682,2023-04-05T13:04:53.000Z,IMPORTANTE! A portaria do Ministério da Educação que suspende a implementação do Novo Ensino Médio foi publicada. Seguimos em mobilização pela revogação! ✊,11,51,261
Natália Bonavides,@natbonavides,https://twitter.com/natbonavides/status/1643590781163261952,2023-04-05T12:25:53.000Z,"Boa notícia! A conclusão do Complexo de Oiticica e do Ramal Apodi tá logo aí. O Ministro do @mdregional_br, Waldez Góes, confirmou a liberação do recurso, no total de R$ 62 milhões. A Segurança Hídrica no RN é uma prioridade da governadora @fatimabezerra e do @govbr.",0,11,46
Natália Bonavides,@natbonavides,https://twitter.com/natbonavides/status/1643348619867594759,2023-04-04T20:23:37.000Z,São esses avanços que os bolsonaristas querem diminuir ou fingem não enxergar.,7,17,139
Natália Bonavides,@natbonavides,https://twitter.com/natbonavides/status/1643327034318266369,2023-04-04T18:57:51.000Z,"VITÓRIA DAS MULHERES! Com lei sancionada pelo presidente @LulaOficial, a partir de agora todas as delegacias da mulher (DEAMS) do país funcionarão 24h por dia, nos fins de semana e feriados também. Também foi sancionado um programa de combate ao assédio sexual. +",6,39,228
Natália Bonavides,@natbonavides,https://twitter.com/natbonavides/status/1643308685043572757,2023-04-04T17:44:56.000Z,👀👀👀👀,13,76,705
Natália Bonavides,@natbonavides,https://twitter.com/natbonavides/status/1643306525765558275,2023-04-04T17:36:21.000Z,"Minha gente, o SETURN bateu o pé e não vai devolver as linhas que passam no bairro das Rocas. São 40 mil pessoas prejudicadas. Ainda ameaçou diminuir o horário de circulação dos ônibus. Absurdo completo!",13,49,166
Natália Bonavides,@natbonavides,https://twitter.com/natbonavides/status/1643054508614795265,2023-04-04T00:54:55.000Z,Que alegria! Um curso de medicina interiorizado é fundamental para a educação e saúde da região. Parabenizo todo mundo que faz parte da história do curso. Vocês são sucesso!,1,20,138
Natália Bonavides,@natbonavides,https://twitter.com/natbonavides/status/1642958152487550976,2023-04-03T18:32:02.000Z,poste um vídeo curto seu,21,17,253
Natália Bonavides,@natbonavides,https://twitter.com/natbonavides/status/1642937644052103172,2023-04-03T17:10:33.000Z,"Vitória da luta dos estudantes e professores!
O presidente @LulaOficial vai suspender a implementação do novo ensino médio, que causa inúmeros prejuízos à educação, e as mudanças no ENEM. Seguimos nas mobilizações pela revogação completa!",26,72,467
Natália Bonavides,@natbonavides,https://twitter.com/natbonavides/status/1642921632560828419,2023-04-03T16:06:55.000Z,"MAIS UMA DO SETURN!

Os empresários decidiram ao seu bel prazer, SEM COMUNICAR A NINGUÉM, prejudicar mais ainda a população que usa o transporte público. Agora é o povo das Rocas que ficou sem o terminal. As linhas 46, 56, 54, 37, 51 e 52 não vão mais até o bairro.

Absurdo!",41,110,352
Natália Bonavides,@natbonavides,https://twitter.com/natbonavides/status/1642568111369986048,2023-04-02T16:42:09.000Z,"BOMBA! PF encontra boletim detalhando os locais onde @LulaOficial foi mais votado no 1° turno. O documento serviu para o ex-ministro Anderson Torres organizar as operações da PRF no dia da eleição no 2° turno, na tentativa de impedir os eleitores de chegarem ao local de votação.",64,342,2.083
