nome,usuario,idTweet,dataPublicacao,texto,replies,retweets,likes
Nikolas Ferreira,@nikolas_dm,https://twitter.com/nikolas_dm/status/1652084747462426626,2023-04-28T22:57:52.000Z,Que vídeo perfeito kkkkkkkkkkk,2.456,6.102,"30,7 mil"
Nikolas Ferreira,@nikolas_dm,https://twitter.com/nikolas_dm/status/1652012882899419142,2023-04-28T18:12:18.000Z,"Ainda com as mudanças no PL da Censura, o Senado pode - e irá fazer modificações - e ainda resta os decretos presidenciais, que dará um cheque em branco pra decidir quem vai controlar a internet. Não podemos recuar. #PL2630Nao",955,2.622,"13,8 mil"
Nikolas Ferreira,@nikolas_dm,https://twitter.com/nikolas_dm/status/1651613661511688193,2023-04-27T15:45:57.000Z,Telegram bloqueado no Brasil por aquele-que-não-pode-ser-citado. Esse mesmo entregou propostas para acrescentar ao PL da censura. Mas eles juram que é pela nossa liberdade… #PL2630Nao,1.911,4.628,"26,9 mil"
Nikolas Ferreira,@nikolas_dm,https://twitter.com/nikolas_dm/status/1651607945124126721,2023-04-27T15:23:14.000Z,O Dep. Domingos Sávio - PL/MG não votou a urgência do PL da censura porque estava elaborando um destaque sobre outro importante projeto. Faço questão de registrar sua declaração do voto contrário ao PL da Censura. Vamos vencer juntos.,369,1.037,9.411
Nikolas Ferreira,@nikolas_dm,https://twitter.com/nikolas_dm/status/1651594311853838336,2023-04-27T14:29:03.000Z,"Lula, o pai dos pob- da mentira.",1.819,4.853,"26,3 mil"
Nikolas Ferreira,@nikolas_dm,https://twitter.com/nikolas_dm/status/1651358739859947529,2023-04-26T22:52:59.000Z,"Se for por isso, não vai sobrar um.",2.147,7.369,"39,1 mil"
Nikolas Ferreira,@nikolas_dm,https://twitter.com/nikolas_dm/status/1651354760841162756,2023-04-26T22:37:10.000Z,Conversando com os representantes da América Latina do Twitter sobre o PL da censura. Estamos trabalhando incansavelmente pela nossa liberdade.,1.361,2.499,17 mil
Nikolas Ferreira,@nikolas_dm,https://twitter.com/nikolas_dm/status/1651259662241603586,2023-04-26T16:19:17.000Z,CPMI do dia 08 instaurada. Agora é trabalhar incansavelmente até que a verdade venha à tona.,3.328,3.412,"31,7 mil"
Nikolas Ferreira,@nikolas_dm,https://twitter.com/nikolas_dm/status/1651187121426759690,2023-04-26T11:31:01.000Z,"O Brasil acaba de perder U$ 50 bi em investimentos e 10 mil empregos após as declarações de Lula sobre a guerra da Ucrânia. Lembro que Bolsonaro esteve com Putin negociando fertilizantes e diesel e manteve-se como estadista, beneficiando o nosso Agro.
Lula, o pária internacional.",2.626,6.760,"27,4 mil"
Nikolas Ferreira,@nikolas_dm,https://twitter.com/nikolas_dm/status/1651029258532257794,2023-04-26T01:03:44.000Z,Saiu a pauta de amanhã e o PL da censura não está. Será votado terça que vem. Agora é mobilização total! #PL2630Nao,1.114,3.142,"16,2 mil"
Nikolas Ferreira,@nikolas_dm,https://twitter.com/nikolas_dm/status/1650999065184813057,2023-04-25T23:03:45.000Z,"Pelo que tudo indica, por conta do atrito em plenário sobre a votação ser ou não nominal, o PL da censura deve ser votado amanhã.",893,1.117,8.653
Nikolas Ferreira,@nikolas_dm,https://twitter.com/nikolas_dm/status/1650987427090030593,2023-04-25T22:17:31.000Z,"Perdemos a batalha, mas não a guerra. Vamos virar esse voto: Estado por Estado. #PL2630Nao",5.470,7.963,"42,8 mil"
Nikolas Ferreira,@nikolas_dm,https://twitter.com/nikolas_dm/status/1650983340063825920,2023-04-25T22:01:16.000Z,Voto NÃO para o requerimento de urgência do PL da censura.,974,1.638,"13,7 mil"
Nikolas Ferreira,@nikolas_dm,https://twitter.com/nikolas_dm/status/1650957980500652047,2023-04-25T20:20:30.000Z,"Um trecho da proposta enviada pelo TSE pra piorar o PL da Censura. 

Ensinamentos bíblicos= discurso de ódio 
Discordar da homossexualidade = homofobia
Apoiar Bolsonaro = fascismo 
Ser contra homem em banheiro feminino= discriminação 

E adivinha quem vai julgar isso? A entidade…",2.466,8.409,"30,1 mil"
Nikolas Ferreira,@nikolas_dm,https://twitter.com/nikolas_dm/status/1650956168519380999,2023-04-25T20:13:18.000Z,"Ninguém poderá emitir sua opinião sobre o processo eleitoral. Caso contrário, terá suas redes sociais derrubadas. E caso a plataforma não cumpra, será multada entre 100-150 mil por hora. Não se pode duvidar na nossa democracia.",1.786,5.377,"17,9 mil"
Nikolas Ferreira,@nikolas_dm,https://twitter.com/nikolas_dm/status/1650944450594521091,2023-04-25T19:26:44.000Z,"Simplesmente o TSE enviando “propostas” pra modificar a Lei da Censura, tornando-a mais persecutória. Seria o fim da separação dos poderes? Surreal…",1.419,5.386,"18,6 mil"
Nikolas Ferreira,@nikolas_dm,https://twitter.com/nikolas_dm/status/1650937941944836099,2023-04-25T19:00:52.000Z,🚨 Atualização PL da censura,906,3.113,"14,7 mil"
Nikolas Ferreira,@nikolas_dm,https://twitter.com/nikolas_dm/status/1650937383729111046,2023-04-25T18:58:39.000Z,"Subam: #PLdaCensuraNao 

Estamos trabalhando aqui pela derrubada, mas a população precisa saber o que está acontecendo.",2.534,5.570,18 mil
Nikolas Ferreira,@nikolas_dm,https://twitter.com/nikolas_dm/status/1650925368193236993,2023-04-25T18:10:55.000Z,To @elonmusk : Brazil's House of Representatives is on the verge of expelling social media platforms from the country; freedom of expression is under severe attack. The Censorship Bill is sponsored by a member of the Communist party; we cannot let Brazil become China!,2.941,7.957,51 mil
Nikolas Ferreira,@nikolas_dm,https://twitter.com/nikolas_dm/status/1650882552914214912,2023-04-25T15:20:47.000Z,"Desde cedo a oposição está reunida pra derrubar a PL da Censura - 2630. Querem destruir a liberdade religiosa na internet, criar uma entidade com integrantes do gov. Lula que irá REGULAR as publicações e coloca banimento de contas no código de processo penal.   Um absurdo!",1.268,4.333,22 mil
Nikolas Ferreira,@nikolas_dm,https://twitter.com/nikolas_dm/status/1650830701829185539,2023-04-25T11:54:44.000Z,O Brasil voltou - a passar vergonha. Ótima recepção pro Lula em Portugal.,1.482,6.536,"38,3 mil"
Nikolas Ferreira,@nikolas_dm,https://twitter.com/nikolas_dm/status/1650657248828440580,2023-04-25T00:25:30.000Z,"Quando digo que a grama é verde, sou condenado em 80 mil. Quando Janones me acusa de estar envolvido com pedofilia e estupro, é condenado em 5 mil… irei recorrer pra que esse valor aumente e ele se retrate publicamente. Um homem defende sua honra, ainda mais contra esse canalha.",1.032,3.032,"24,7 mil"
Nikolas Ferreira,@nikolas_dm,https://twitter.com/nikolas_dm/status/1650648932060475393,2023-04-24T23:52:27.000Z,Janones acaba de ser condenado ao pagamento de 5 mil reais pelos danos morais e por toda difamação que suportei em razão das publicações mentirosas onde afirmava que eu responderia a processos por pedofilia e estupro. Olha o nível desse ser…Justiça feita. Primeira de muitas.,2.354,4.425,"36,8 mil"
Nikolas Ferreira,@nikolas_dm,https://twitter.com/nikolas_dm/status/1650529628203671552,2023-04-24T15:58:23.000Z,"Aprovado meu projeto na câmara de BH que proíbe “todes”, “elu” e delu” nas escolas de Belo Horizonte. Sempre estaremos prontos pra defender nossa cultura. Perde a linguagem neutra, vence a língua portuguesa.",2.336,4.279,"39,8 mil"
Nikolas Ferreira,@nikolas_dm,https://twitter.com/nikolas_dm/status/1650519936408735751,2023-04-24T15:19:52.000Z,Pra começar bem a semana. Nosso eterno presidente!,4.601,5.129,"72,2 mil"
Nikolas Ferreira,@nikolas_dm,https://twitter.com/nikolas_dm/status/1650511412484087812,2023-04-24T14:46:00.000Z,"A “democracia” do Lula é relativizar a ditadura chinesa, restabelecer relação diplomática com Díaz-Canel, reeleito com quase 100% dos votos onde só deputados do partido comunista participam, e retomar agenda de cooperação com Maduro. Haverá cartinha lançada em faculdade esse ano?",518,1.521,"10,1 mil"
Nikolas Ferreira,@nikolas_dm,https://twitter.com/nikolas_dm/status/1650300471716765697,2023-04-24T00:47:48.000Z,"O fotógrafo da Reuter não iria se incomodar de ser convocado para prestar esclarecimentos sobre o dia 08, correto? Que venha a CPMI.",2.065,4.647,"38,1 mil"
Nikolas Ferreira,@nikolas_dm,https://twitter.com/nikolas_dm/status/1649839364187226112,2023-04-22T18:15:31.000Z,Reconhecimento de campo.,1.696,1.742,"20,3 mil"
Nikolas Ferreira,@nikolas_dm,https://twitter.com/nikolas_dm/status/1649821655756075009,2023-04-22T17:05:09.000Z,"Para evitar outro vexame em Portugal, era melhor o Lula ter falado somente que acompanha o campeonato português. Diferente do chinês, pelo menos esse é transmitido no Brasil. Só está dificultando a vida dos influenciadores a cada dia.",959,1.786,"16,9 mil"
Nikolas Ferreira,@nikolas_dm,https://twitter.com/nikolas_dm/status/1649783343083388931,2023-04-22T14:32:55.000Z,Repórter pegou o Lula na curva. O Brasil voltou - a passa vergonha.,4.998,9.986,"52,9 mil"
Nikolas Ferreira,@nikolas_dm,https://twitter.com/nikolas_dm/status/1649618723446169600,2023-04-22T03:38:46.000Z,"Alô, @TwitterBrasil. Tem uma conta fake se passando pelo Felipe Neto. Ajudem a denunciar.",660,916,"10,3 mil"
Nikolas Ferreira,@nikolas_dm,https://twitter.com/nikolas_dm/status/1649581988150644736,2023-04-22T01:12:48.000Z,Me parece que alguém tinha razão…,675,3.756,"18,7 mil"
Nikolas Ferreira,@nikolas_dm,https://twitter.com/nikolas_dm/status/1649566786956697600,2023-04-22T00:12:24.000Z,Impressionante como tudo acontece em volta do Lula e ele nunca sabe de nada.,2.653,3.751,"32,3 mil"
Nikolas Ferreira,@nikolas_dm,https://twitter.com/nikolas_dm/status/1649486428093534212,2023-04-21T18:53:05.000Z,Mas se você tiver mais de uma TV em casa…,915,3.429,"18,3 mil"
Nikolas Ferreira,@nikolas_dm,https://twitter.com/nikolas_dm/status/1649449404154224641,2023-04-21T16:25:57.000Z,"“Argentina tem um presidente, o Brasil não”. 3 anos depois, Alberto Fernández desiste de disputar a reeleição citando a crise econômica. 104% de inflação, 81% de juros. A militância acreditou mais nele que ele mesmo.",414,2.188,"12,4 mil"
Nikolas Ferreira,@nikolas_dm,https://twitter.com/nikolas_dm/status/1649419253802516480,2023-04-21T14:26:09.000Z,"O ministro do Lula condenou a invasão de terras produtivas pelo MST e mesmo com o governo cedendo  cargos em vários estados, pediram mais verba. Agora o governo teme desgaste. Em resumo, alimentaram terroristas que nem eles conseguem controlar. Apoiaremos também a CPI do MST.",532,1.977,"12,3 mil"
Nikolas Ferreira,@nikolas_dm,https://twitter.com/nikolas_dm/status/1649190773286371328,2023-04-20T23:18:15.000Z,Um recado e um desabafo.,1.362,4.059,"24,5 mil"
Nikolas Ferreira,@nikolas_dm,https://twitter.com/nikolas_dm/status/1649124526611890188,2023-04-20T18:55:01.000Z,"Agora virou um imposto gourmetizado, de quem só faz compras na Amazon.",378,1.127,8.158
Nikolas Ferreira,@nikolas_dm,https://twitter.com/nikolas_dm/status/1649107837027598336,2023-04-20T17:48:41.000Z,Isso que sai quando roda o disco ao contrário.,2.931,3.236,"30,1 mil"
Nikolas Ferreira,@nikolas_dm,https://twitter.com/nikolas_dm/status/1649084351659798529,2023-04-20T16:15:22.000Z,Isso é justiça?,863,4.412,18 mil
Nikolas Ferreira,@nikolas_dm,https://twitter.com/nikolas_dm/status/1649052248813740032,2023-04-20T14:07:48.000Z,A extensão quase triplicou no governo Lula. Absurdo. Venha pra cá com o iate de R$ 730 milhões urgente.,621,3.478,"17,2 mil"
Nikolas Ferreira,@nikolas_dm,https://twitter.com/nikolas_dm/status/1648842506207916032,2023-04-20T00:14:22.000Z,A grama é azul.,939,880,"18,7 mil"
Nikolas Ferreira,@nikolas_dm,https://twitter.com/nikolas_dm/status/1648841673567240194,2023-04-20T00:11:03.000Z,O que aconteceu?,3.191,"10,6 mil","60,6 mil"
Nikolas Ferreira,@nikolas_dm,https://twitter.com/nikolas_dm/status/1648810809261268995,2023-04-19T22:08:25.000Z,Bolsonaro é culpado pelo o que o ministro do Lula fez. Essa é a lógica da Gleisi.,1.291,1.358,13 mil
Nikolas Ferreira,@nikolas_dm,https://twitter.com/nikolas_dm/status/1648789062017245188,2023-04-19T20:42:00.000Z,"Um filho defende seu pai, um homem defende sua honra. Fez o correto, @BolsonaroSP",980,1.364,"18,6 mil"
Nikolas Ferreira,@nikolas_dm,https://twitter.com/nikolas_dm/status/1648783525506699266,2023-04-19T20:20:00.000Z,"General pediu demissão, agora falta só a prisão.",1.610,2.832,"28,9 mil"
Nikolas Ferreira,@nikolas_dm,https://twitter.com/nikolas_dm/status/1648762919704748038,2023-04-19T18:58:07.000Z,O General do Lula meteu um atestado e não veio pra comissão de segurança. Essa é velha kkkkkkkkkkkk,1.849,2.599,19 mil
Nikolas Ferreira,@nikolas_dm,https://twitter.com/nikolas_dm/status/1648752633543368706,2023-04-19T18:17:14.000Z,Derrubamos também a comissão de comunicações. CPMI já.,988,2.783,"27,2 mil"
Nikolas Ferreira,@nikolas_dm,https://twitter.com/nikolas_dm/status/1648748547653750786,2023-04-19T18:01:00.000Z,Protocolei kit obstrução com 150 requerimentos. Acaba de cair a sessão da comissão de Direitos Humanos. Como prometido: vamos obstruir tudo.,3.223,4.738,"34,3 mil"
Nikolas Ferreira,@nikolas_dm,https://twitter.com/nikolas_dm/status/1648725812114333696,2023-04-19T16:30:40.000Z,"No mesmo entendimento do Alexandre de Moraes, que decretou a prisão do Anderson Torres sob alegação de omissão na defesa dos prédios federais, estou pedindo a prisão do ministro do GSI, Gen.Goncalves Dias, que estava dentro do palácio no momento da invasão e claramente se omitiu.",1.501,6.726,"42,2 mil"
Nikolas Ferreira,@nikolas_dm,https://twitter.com/nikolas_dm/status/1648722014549549060,2023-04-19T16:15:34.000Z,"Eu acho que esse tempo adiando a CPMI não é só pra dar tempo de retirar as assinaturas, tem outro motivos aí…",1.024,1.380,"16,2 mil"
Nikolas Ferreira,@nikolas_dm,https://twitter.com/nikolas_dm/status/1648714689038172162,2023-04-19T15:46:28.000Z,E o @LulaOficial? Tá caladinho…,844,829,"11,7 mil"
Nikolas Ferreira,@nikolas_dm,https://twitter.com/nikolas_dm/status/1648713532748251136,2023-04-19T15:41:52.000Z,"E as imagens de dentro do Supremo, hein?",426,1.099,"15,2 mil"
Nikolas Ferreira,@nikolas_dm,https://twitter.com/nikolas_dm/status/1648713288241364995,2023-04-19T15:40:54.000Z,GSI postou agora uma nota de esclarecimento. Pra quem sabe ler um pingo é letra: somente os órgãos investigativos possuíam o vídeo. Ou seja…Alguém aí vazou. Resta saber com qual interesse. Querem fritar o General pra salvar a pele de quem?,889,3.146,"14,1 mil"
Nikolas Ferreira,@nikolas_dm,https://twitter.com/nikolas_dm/status/1648709631009599488,2023-04-19T15:26:22.000Z,Tem mais imagens? Eu aposto que sim… aposto mais ainda que o Brasil quer vê-las,535,1.401,"13,3 mil"
Nikolas Ferreira,@nikolas_dm,https://twitter.com/nikolas_dm/status/1648708186650685440,2023-04-19T15:20:37.000Z,"Do jeito que está o Brasil, não me estranharia a pessoa que vazou o vídeo ser presa e o General condecorado.",473,1.164,"11,7 mil"
Nikolas Ferreira,@nikolas_dm,https://twitter.com/nikolas_dm/status/1648707640220942340,2023-04-19T15:18:27.000Z,"Enquanto isso, os influenciadores do Dilmo se reunindo pra passar pano pro General do Lula que ignorou os invasores no Planalto. Haja pano…",280,760,7.132
Nikolas Ferreira,@nikolas_dm,https://twitter.com/nikolas_dm/status/1648706571441000450,2023-04-19T15:14:12.000Z,"O Anderson Torres está preso, sendo que estava nos EUA. Estou curioso pra saber o que acontecerá com o General do Lula que ESTAVA no local e não ofereceu nenhuma resistência pros invasores - que inclusive beberam uma aguinha na frente dele.",629,3.432,"16,9 mil"
Nikolas Ferreira,@nikolas_dm,https://twitter.com/nikolas_dm/status/1648692748461940738,2023-04-19T14:19:17.000Z,Quer dizer que as imagens relevaram que integrantes do GSI não ofereceram nenhuma resistência e os invasores beberam até água na frente deles. O ministro do Lula tem muito o que explicar.,972,3.251,"22,2 mil"
Nikolas Ferreira,@nikolas_dm,https://twitter.com/nikolas_dm/status/1648468971480555527,2023-04-18T23:30:04.000Z,"Primeiro a fala sobre a guerra na Ucrânia, depois o aumento de impostos e agora Lula diz que videogame mata mais que a Segunda Guerra Mundial. Depois disso os influenciadores vão aumentar o passe pra passar pano.",413,1.415,"10,9 mil"
Nikolas Ferreira,@nikolas_dm,https://twitter.com/nikolas_dm/status/1648467880969920514,2023-04-18T23:25:44.000Z,👍🏻,237,913,"10,9 mil"
Nikolas Ferreira,@nikolas_dm,https://twitter.com/nikolas_dm/status/1648458023709597698,2023-04-18T22:46:34.000Z,"A oposição irá obstruir tudo: tanto nas comissões, quanto no plenário. Tanto na Câmara, quanto no Senado. Se é pra jogar, a gente tá pro jogo.",2.508,3.566,24 mil
Nikolas Ferreira,@nikolas_dm,https://twitter.com/nikolas_dm/status/1648386894135214086,2023-04-18T18:03:55.000Z,Chega aqui @MPF_PGR e @gilmarmendes…,707,3.505,"14,6 mil"
Nikolas Ferreira,@nikolas_dm,https://twitter.com/nikolas_dm/status/1648383240334368769,2023-04-18T17:49:24.000Z,"Influenciadores tiveram que fingir serem especialistas, mentir e fazer textões defendendo aumento de imposto para no fim o governo Lula recuar e desistir de taxar os produtos da AliExpress, Shein e Shopee porque o malabarismo não colou.",547,2.524,"22,2 mil"
Nikolas Ferreira,@nikolas_dm,https://twitter.com/nikolas_dm/status/1648372423232716800,2023-04-18T17:06:25.000Z,Pacheco cede pra esquerda e adia pra mais uma semana. Que vergonha… não sei se algo na vida vale mais do que sua honra.,3.604,3.808,"25,5 mil"
Nikolas Ferreira,@nikolas_dm,https://twitter.com/nikolas_dm/status/1648365128247656448,2023-04-18T16:37:26.000Z,Pacheco nos convidou e entramos. Não tenho Boulos no nome.,573,1.715,"12,6 mil"
Nikolas Ferreira,@nikolas_dm,https://twitter.com/nikolas_dm/status/1648359521822162946,2023-04-18T16:15:09.000Z,"Há assinaturas, tem quórum, é constitucional e regimental a abertura da sessão. Por que a esquerda não quer? O medo precede a culpa.",1.031,2.559,"17,2 mil"
Nikolas Ferreira,@nikolas_dm,https://twitter.com/nikolas_dm/status/1648357790107201540,2023-04-18T16:08:16.000Z,Pacheco se retirou da sala junto com os líderes do governo pra decidir o requerimento que pede o adiamento da sessão. Estamos aqui no gabinete de Pacheco aguardando.,991,1.478,12 mil
Nikolas Ferreira,@nikolas_dm,https://twitter.com/nikolas_dm/status/1648355402063441921,2023-04-18T15:58:47.000Z,"Acontecendo agora reunião com senadores, deputados e presidente do Senado sobre a instauração da CPMI. Estão querendo adiar na marra…",1.225,2.418,"13,8 mil"
Nikolas Ferreira,@nikolas_dm,https://twitter.com/nikolas_dm/status/1648344837517713408,2023-04-18T15:16:48.000Z,Vai ter CPMI.,3.604,2.253,"30,6 mil"
Nikolas Ferreira,@nikolas_dm,https://twitter.com/nikolas_dm/status/1648016787722608725,2023-04-17T17:33:15.000Z,"O amor que venceu é tão bom, mas tão bom, que o apoio precisar ser bancado com o dinheiro do povo 🤡",1.164,3.324,"17,7 mil"
Nikolas Ferreira,@nikolas_dm,https://twitter.com/nikolas_dm/status/1646938259556016136,2023-04-14T18:07:34.000Z,"Sofá de 65 mil pra Lula e Janja…Dos mesmos criadores de “o amor venceu”, vem aí o “amor custa caro”",2.962,2.969,"25,9 mil"
Nikolas Ferreira,@nikolas_dm,https://twitter.com/nikolas_dm/status/1646922520929394692,2023-04-14T17:05:01.000Z,Isso porque o Lula na campanha disse que não era contra o agro…,624,1.851,8.707
Nikolas Ferreira,@nikolas_dm,https://twitter.com/nikolas_dm/status/1646912290057322497,2023-04-14T16:24:22.000Z,"O poste Haddad falou que só compra na Amazon e nem conhece a Shein sabendo que a comitiva do Lula está na China, e além disso está sendo chamado de elitista pela própria esquerda. Imagino que tipo de livro ele está comprando lá.",959,1.427,"13,9 mil"
Nikolas Ferreira,@nikolas_dm,https://twitter.com/nikolas_dm/status/1646886416922693632,2023-04-14T14:41:34.000Z,Absurdo. Era pra contratar advogados do Lula.,823,1.100,"13,8 mil"
Nikolas Ferreira,@nikolas_dm,https://twitter.com/nikolas_dm/status/1646499750919774208,2023-04-13T13:05:05.000Z,Mansplaining e manterrupting? Absurdo. Aposto que a esquerda irá se mobilizar contra esse machista...,959,3.538,"17,9 mil"
Nikolas Ferreira,@nikolas_dm,https://twitter.com/nikolas_dm/status/1646238541553467396,2023-04-12T19:47:08.000Z,Adivinha contra quem a esquerda está pedindo investigação? Contra a deputada que sofreu o assédio. É a massa jogando o pedreiro na parede.,1.626,3.528,"30,1 mil"
Nikolas Ferreira,@nikolas_dm,https://twitter.com/nikolas_dm/status/1646195224442552331,2023-04-12T16:55:00.000Z,Ih alaaaaaaa vai fugir mesmo então?,1.029,701,8.405
Nikolas Ferreira,@nikolas_dm,https://twitter.com/nikolas_dm/status/1646194375867744276,2023-04-12T16:51:38.000Z,Os sites de fofoca e outros “influenciadores” estão sendo mobilizados pra mudarem a narrativa contra as taxações de importações até U$50. Seria uma ajuda orgânica ou há além pra serem tão solícitos ao pedido do governo? Investigaremos.,643,1.696,"11,4 mil"
Nikolas Ferreira,@nikolas_dm,https://twitter.com/nikolas_dm/status/1646185879965249536,2023-04-12T16:17:53.000Z,"Imagina um deputado de direita dando um cheiro no cangote de uma esquerdista? Cadê o “mexeu com uma, mexeu com todas?” Toda minha solidariedade a deputada @apropriajulia.",2.733,6.545,"45,8 mil"
Nikolas Ferreira,@nikolas_dm,https://twitter.com/nikolas_dm/status/1645962428272738306,2023-04-12T01:29:58.000Z,"10 bilhões pra “cultura”. 150 milhões pra proteger as crianças. Prazer, governo Lula.",1.362,4.296,"27,2 mil"
Nikolas Ferreira,@nikolas_dm,https://twitter.com/nikolas_dm/status/1645945796813111296,2023-04-12T00:23:52.000Z,Não há outra prioridade.,765,2.796,"17,7 mil"
Nikolas Ferreira,@nikolas_dm,https://twitter.com/nikolas_dm/status/1645904264970240000,2023-04-11T21:38:50.000Z,"Obrigado aos deputados estaduais Sgt. Rodrigues, Roberto Andrade, Rodrigo Lopes, Nayara Rocha por terem rejeitado, na Assembleia Leg. de Minas, o requerimento que me acusava de diversos crimes e preconceitos. A verdade sempre prevalece.",325,920,"11,1 mil"
Nikolas Ferreira,@nikolas_dm,https://twitter.com/nikolas_dm/status/1645900004744208385,2023-04-11T21:21:55.000Z,"Protocolei uma notícia crime no STF para que o Ministro das Comunicações seja investigado pelo crime de peculato, por usar seu assessor, pago com dinheiro público, para trabalhar em fazendas de sua família. Mais um crime na sua lista de escândalos. Que a justiça seja feita.",993,2.627,"15,8 mil"
Nikolas Ferreira,@nikolas_dm,https://twitter.com/nikolas_dm/status/1644335801226993665,2023-04-07T13:46:19.000Z,"Mas era tudo teoria da conspiração nossa… e digo mais: mesmo que isso não se concretize, o objetivo deles está posto.",905,1.637,9.987
Nikolas Ferreira,@nikolas_dm,https://twitter.com/nikolas_dm/status/1644333933310484481,2023-04-07T13:38:54.000Z,"O amor, amou - João 3:16",736,807,10 mil
Nikolas Ferreira,@nikolas_dm,https://twitter.com/nikolas_dm/status/1644325616756334593,2023-04-07T13:05:51.000Z,Basicamente estou sendo denunciado pelo MPMG por ter protestado contra um homem que entrou em um banheiro feminino onde minha irmã de 15 anos estava. Nada mais. Estou aguardando minha citação pessoal para me defender. Sigamos.,1.812,3.368,"29,3 mil"
Nikolas Ferreira,@nikolas_dm,https://twitter.com/nikolas_dm/status/1644079796249415680,2023-04-06T20:49:03.000Z,"Como vice-líder da oposição, acabo de assinar um PDL que susta os efeitos dos Decretos do Lula contra o Marco do Saneamento - grande feito do Bolsonaro. Ele inovou e melhorou o acesso dos brasileiros ao Saneamento Básico, direito fundamental dos cidadãos que há tempos esquecido.",1.143,4.243,"23,2 mil"
Nikolas Ferreira,@nikolas_dm,https://twitter.com/nikolas_dm/status/1644020544910532619,2023-04-06T16:53:36.000Z,"Por muito menos, fui condenado a pagar uma multa de 30 mil reais por divulgar essa reportagem do Reinaldo de Azevedo na época da eleição. Agora, deputado Janones mente, compara bolsonarismo com nazismo e a justiça fica cega? A perseguição será institucionalizada?",1.401,5.265,"22,9 mil"
Nikolas Ferreira,@nikolas_dm,https://twitter.com/nikolas_dm/status/1644011685101858820,2023-04-06T16:18:24.000Z,"Me parece que no estado jurídico que o Brasil vive, alguns tem licença pra mentir. Qualquer pessoa que tente combater o mal, como este deputado, corre o risco de se tornar alvo e sofrer nas mãos do judiciário - principalmente nós deputados. Tempos estranhos…",3.773,4.320,"29,2 mil"
Nikolas Ferreira,@nikolas_dm,https://twitter.com/nikolas_dm/status/1643729262522818561,2023-04-05T21:36:09.000Z,Esse é o “jornalismo” brasileiro: faz até caixão de criança como palanque para atacar desafeto político. Que nojo…,5.955,6.106,"33,9 mil"
Nikolas Ferreira,@nikolas_dm,https://twitter.com/nikolas_dm/status/1643711234229805061,2023-04-05T20:24:31.000Z,O país da inversão…,1.734,4.004,"25,7 mil"
Nikolas Ferreira,@nikolas_dm,https://twitter.com/nikolas_dm/status/1643710519352733696,2023-04-05T20:21:41.000Z,"Juntamente com @filipebarrost e @andrefernm, oficiamos o Diretor-Geral da PF, informando indícios de utilização de Plataformas Digitais para articulação de atos atentatórios contra a vida nas instituições de Ensino Brasileiras. Após a veiculação em diversos meios de imprensa…",659,2.894,"23,1 mil"
Nikolas Ferreira,@nikolas_dm,https://twitter.com/nikolas_dm/status/1643694838427140096,2023-04-05T19:19:22.000Z,"Cansou de passar vergonha na câmara, agora passa na assembleia kkkkkkk que catracada @BrunoEnglerDM",649,3.433,"21,9 mil"
Nikolas Ferreira,@nikolas_dm,https://twitter.com/nikolas_dm/status/1643664225821130778,2023-04-05T17:17:43.000Z,"No momento de dor, ao invés da esquerda pedir penas mais duras e rígidas contra criminosos, ou debater o tema com seriedade e profundidade, ficam fazendo política em cima de caixões de crianças pra colocar culpa em opositor político. Vão se tratar.",3.653,6.108,"43,7 mil"
Nikolas Ferreira,@nikolas_dm,https://twitter.com/nikolas_dm/status/1643654567337263112,2023-04-05T16:39:21.000Z,Não compartilhe/poste nenhuma foto do autor desse crime. Eles desejam isso: fama em cima do terror. Que Deus conforte essas famílias… que dia triste.,1.116,2.237,"21,3 mil"
Nikolas Ferreira,@nikolas_dm,https://twitter.com/nikolas_dm/status/1643359157402103813,2023-04-04T21:05:29.000Z,"Senador @rodrigopacheco acaba de me enviar a seguinte mensagem:

“A se confirmar a missão oficial na próxima semana, designarei a sessão para meio dia de terça, dia 18”",2.667,3.106,"25,2 mil"
Nikolas Ferreira,@nikolas_dm,https://twitter.com/nikolas_dm/status/1643268663783444483,2023-04-04T15:05:54.000Z,"Não fiz parte da formação da chapa de vereadores, isso é responsabilidade do partido. Portanto, não tenho nenhuma culpa. E nem inelegível eu ficaria. Inclusive o tribunal tem o mesmo entendimento, gênios. Não precisei de nenhum voto da minha chapa, graças a Deus, fiz minha…",1.703,2.308,"29,8 mil"
Nikolas Ferreira,@nikolas_dm,https://twitter.com/nikolas_dm/status/1642918532101840896,2023-04-03T15:54:36.000Z,Nem o Boulos quer se associar ao Lula. Vlw flw,1.131,1.416,"19,1 mil"
Nikolas Ferreira,@nikolas_dm,https://twitter.com/nikolas_dm/status/1642893796722585600,2023-04-03T14:16:19.000Z,Esse é o que tava falando mal de mim? Entendi… a última frase dele eu concordo…,2.379,7.280,"41,1 mil"
Nikolas Ferreira,@nikolas_dm,https://twitter.com/nikolas_dm/status/1642151427085574144,2023-04-01T13:06:24.000Z,"De picanha pra abóbora. Parabéns, @LulaOficial! #LulaDay",2.986,3.222,"27,7 mil"
