nome,usuario,idTweet,dataPublicacao,texto,replies,retweets,likes
Igor Timo,@oficialigortimo,https://twitter.com/oficialigortimo/status/1644454534398312449,2023-04-07T21:38:08.000Z,"🩺 Neste Dia Mundial da Saúde, comemorado hoje, nada mais justo do que destacar minha gratidão e admiração a todos os profissionais da Saúde pela dedicação diária em salvar vidas e cuidar da nossa população. Saúde sempre foi uma prioridade do nosso mandato. #DiaMundialDaSaúde",21,0,0
Igor Timo,@oficialigortimo,https://twitter.com/oficialigortimo/status/1644361989580374018,2023-04-07T15:30:23.000Z,"🗞️📝 Minha relação com a imprensa sempre foi de muita transparência e admiração.  Aos profissionais que diariamente levam a todos informação e verdade, nossa gratidão e reconhecimento pelo trabalho desempenhado. Contem sempre comigo!  #DiadoJornalista",2,0,0
Igor Timo,@oficialigortimo,https://twitter.com/oficialigortimo/status/1644318251973767173,2023-04-07T12:36:35.000Z,"🙏✝️  Que a paz e o amor de Cristo, que foi crucificado por amor a nós, esteja em nossos corações nesta Sexta-feira Santa. Que possamos agradecer a Deus por sua graça e buscar viver em amor e gratidão por tudo o que Ele fez por nós. ❤️ #SextaFeiraSanta",1,0,0
Igor Timo,@oficialigortimo,https://twitter.com/oficialigortimo/status/1643621233265635331,2023-04-05T14:26:53.000Z,"Indignado e revoltado com mais uma notícia de um ataque ocorrido hoje, em uma creche em Blumenau (SC), onde um covarde matou 4 crianças e deixou outras feridas. Tenho filhos e me solidarizo com a dor desses pais. Que Deus conforte as famílias nesse momento. #Blumenau",2,1,0
Igor Timo,@oficialigortimo,https://twitter.com/oficialigortimo/status/1643318882239643657,2023-04-04T18:25:27.000Z,"🙋Notícia boa nas políticas de proteção e combate à violência contra a mulher. Nesta terça-feira (04/04), o Governo Federal sancionou a lei Nº 14.541/23, que prevê o funcionamento 24h por dia, inclusive aos finais de semana e feriados, das Delegacias da Mulher em todo o país.",2,0,0
Igor Timo,@oficialigortimo,https://twitter.com/oficialigortimo/status/1642227000340357121,2023-04-01T18:06:42.000Z,"Revoltante, desumano e cruel. Às vésperas do Dia Mundial de Conscientização do Autismo, comemorado no próximo domingo (02/04), o vídeo de uma menina autista sofrendo bullying, no Estado do RJ, causaram revolta nas redes sociais e comoveu a todos. A situação é repugnante!",1,0,1
