nome,usuario,idTweet,dataPublicacao,texto,replies,retweets,likes
Pastor Henrique Vieira,@pastorhenriquev,https://twitter.com/pastorhenriquev/status/1651718722854305794,2023-04-27T22:43:25.000Z,"O golpismo, a desinformação, o ódio e o fundemantalismo, estão completamente interligados.",19,34,433
Pastor Henrique Vieira,@pastorhenriquev,https://twitter.com/pastorhenriquev/status/1651613093544222723,2023-04-27T15:43:41.000Z,O Ministro Silvio acaba de passar por um terrorismo emocional. Um ataque baixo e repulsivo. Deixo aqui minha solidariedade ao amigo Silvio e sua esposa que esta grávida hoje.,102,154,2.051
Pastor Henrique Vieira,@pastorhenriquev,https://twitter.com/pastorhenriquev/status/1651331749459230723,2023-04-26T21:05:43.000Z,"Ministro interino do GSI, Ricardo Cappelli, acaba de exonerar 29 servidores do GSI, sendo três dos quatro secretários nacionais e outros 26 servidores que ocupavam postos de direção.",14,37,348
Pastor Henrique Vieira,@pastorhenriquev,https://twitter.com/pastorhenriquev/status/1651316842214969348,2023-04-26T20:06:29.000Z,Criada a CPMI que vai investigar os atos golpistas de 08/01! Agora as bancadas precisam apontar quem fará parte do grupo aqui na Câmara. Queremos uma investigação séria e a devida responsabilização dos envolvidos. Certamente será um passo importante na defesa da nossa democracia!,14,46,481
Pastor Henrique Vieira,@pastorhenriquev,https://twitter.com/pastorhenriquev/status/1651270671056400384,2023-04-26T17:03:01.000Z,"Bolsonaro disse à PF que postou sem querer, sob efeito de remédios, vídeo com informações falsas e ataque ao sistema eleitoral, em 10/01. Acreditemos ou não, esse não foi o único ato suspeito do ex-presidente, que, inconformado com a derrota, foi conivente com a agitação golpista",2,19,265
Pastor Henrique Vieira,@pastorhenriquev,https://twitter.com/pastorhenriquev/status/1651007979578163202,2023-04-25T23:39:11.000Z,"CONSEGUIMOS! Aprovamos a urgência do PL de liberdade, responsabilidade e transparência na internet, que vai combater fake news e discursos de ódio nas redes. Agora a proposta será votada no Plenário, sem precisar passar pelas comissões da Câmara #PL2630JA (+)",12,29,598
Pastor Henrique Vieira,@pastorhenriquev,https://twitter.com/pastorhenriquev/status/1650897731693473792,2023-04-25T16:21:06.000Z,"#URGENTE Michele Bolsonaro recebeu pacote de jóias sauditas em mãos, segundo depoimento de uma funcionária que prestava serviços pessoais no gabinete do ex-presidente. Essa grave denúncia de corrupção, feita à Polícia Federal, precisa ser seriamente investigada!",46,191,966
Pastor Henrique Vieira,@pastorhenriquev,https://twitter.com/pastorhenriquev/status/1651228780738891776,2023-04-26T14:16:34.000Z,"Não foi nem uma, nem duas, nem três vezes que o Bolsonaro articulou conspirações golpistas. #CapitãoDoGolpe",13,36,237
Pastor Henrique Vieira,@pastorhenriquev,https://twitter.com/pastorhenriquev/status/1650896523356512257,2023-04-25T16:16:17.000Z,Os bolsonaristas são contra o Projeto de Lei das Fake News para garantir mais transparência e responsabilidade na internet. E o que eles fazem para combater a proposta? Criam fake news. Já estão usando até versículos bíblicos... Tá explicado!,11,60,397
Pastor Henrique Vieira,@pastorhenriquev,https://twitter.com/pastorhenriquev/status/1650848919176245250,2023-04-25T13:07:08.000Z,"Eles questionaram as urnas e o resultado das eleições. Organizaram acampamentos golpistas exigindo intervenção militar e a volta do ""mito"". E, mesmo assim, insistem que não tem nada a ver com o atentado à democracia de 8 de janeiro! Chega de fake news. Queremos a verdade!",2,41,306
Pastor Henrique Vieira,@pastorhenriquev,https://twitter.com/pastorhenriquev/status/1649079443497918465,2023-04-20T15:55:52.000Z,"O governo Biden pretende investir U$ 500 milhões no Fundo Amazônia, em 5 anos, para combater o desmatamento. Isso depois de @LulaOficial visitar a China, fechar acordos e colocar os nossos interesses no centro do debate. A política externa brasileira volta a trazer resultados!",9,23,259
Pastor Henrique Vieira,@pastorhenriquev,https://twitter.com/pastorhenriquev/status/1648818973478141953,2023-04-19T22:40:51.000Z,"A saída de G. Dias do governo não afetará as necessárias investigações. Sabemos que agentes filmados com invasores do Planalto eram do governo Bolsonaro, do GSI do gen. Heleno, e ainda não tinham sido substituídos. Tentam manipular a verdade, mas os terroristas eram bolsonaristas",8,35,268
Pastor Henrique Vieira,@pastorhenriquev,https://twitter.com/pastorhenriquev/status/1648801393426194434,2023-04-19T21:31:00.000Z,"O ambiente do Congresso Nacional quase nunca é amistoso. Mas é assustador ver comportamentos agressivos por aqui. A violência política não pode ser naturalizada, seja ela física ou verbal. Temos que aprender a debater, convergir e divergir com respeito aos outros e à democracia",5,15,240
Pastor Henrique Vieira,@pastorhenriquev,https://twitter.com/pastorhenriquev/status/1648772950680584192,2023-04-19T19:37:58.000Z,Importante convocar o ministro Gonçalves Dias para discutir imagens do atentado do dia 08/01 na Comissão de Segurança Publica. Que toda a verdade venha à tona! Porém sabemos que o golpismo e o ataque à democracia não vieram de quem venceu as eleições.,1,11,158
Pastor Henrique Vieira,@pastorhenriquev,https://twitter.com/pastorhenriquev/status/1648754730150002689,2023-04-19T18:25:34.000Z,"O que explicaria cidades rurais, com poucos habitantes, que sequer possuem saneamento básico, serem gastos rios de dinheiro com câmeras de reconhecimento facial? É a realidade de alguns municípios de Goiás hoje em dia. Vigilância acima da dignidade humana.",1,15,198
Pastor Henrique Vieira,@pastorhenriquev,https://twitter.com/pastorhenriquev/status/1648433159875497986,2023-04-18T21:07:46.000Z,"VITÓRIA! Por unanimidade, o STJ permitiu que as familias de Marielle e Andersom tenham acesso à investigação do caso. Ainda não sabemos, depois de 5 anos, quem mandou matá-los. É fundamental que haja transparência na busca por respostas.",6,40,460
Pastor Henrique Vieira,@pastorhenriquev,https://twitter.com/pastorhenriquev/status/1647951332366589953,2023-04-17T13:13:09.000Z,Mais uma vez a Maré ficou debaixo de tiros. Não é possível que tenhamos que repetir o óbvio todos os dias: Incursões em favelas não diminuem a violência; moradores de favela perdem suas vidas só por morarem no lugar onde moram.,5,27,365
Pastor Henrique Vieira,@pastorhenriquev,https://twitter.com/pastorhenriquev/status/1647000494743666688,2023-04-14T22:14:52.000Z,"Toda solidariedade a minha amiga @renatasouzario! As mulheres, crianças e o povo trabalhador da Maré não podem viver nessa guerra. Assim como todos, uma deputada eleita merece respeito do Estado!

Estamos acompanhando e daremos mais notícias em breve.",2,4,80
Pastor Henrique Vieira,@pastorhenriquev,https://twitter.com/pastorhenriquev/status/1646611955828793344,2023-04-13T20:30:57.000Z,"Daqui a pouco, às 19h, estarei no @ICLNoticias, junto com a socióloga Ana Carolina Lourenço, conversando com um timaço do Instituto Conhecimento Liberta.

Acompanhe daí, no canal do ICL no YouTube!

Até lá!",2,4,53
Pastor Henrique Vieira,@pastorhenriquev,https://twitter.com/pastorhenriquev/status/1646545017438195713,2023-04-13T16:04:58.000Z,"Fome de poder? Bolsonaro pagou 7 refeições para cada segurança com cartão corporativo em um evento de apenas 8 horas! Enquanto 33 milhões de brasileiros passavam fome, o ex-presidente gastava R$ 100 mil em kits de alimentação em um dia. Um lanche a cada 1h20! A conta não fecha.",6,17,218
Pastor Henrique Vieira,@pastorhenriquev,https://twitter.com/pastorhenriquev/status/1646262903387877376,2023-04-12T21:23:56.000Z,"Os presídios são depositários de gente, espaços superlotados, com comida estragada, tortura e organização do crime. O que esperar do sistema carcerário no Brasil? #ComissaoDeSeguranca",4,6,98
Pastor Henrique Vieira,@pastorhenriquev,https://twitter.com/pastorhenriquev/status/1646261935241846785,2023-04-12T21:20:06.000Z,"Entendo que a atual política de drogas é cara, onerosa e ineficiente. A demanda não está diminuindo, ninguém se sente mais seguro, as organizações criminosas continuam funcionando e não tratamos quem adoece (+)",2,13,175
Pastor Henrique Vieira,@pastorhenriquev,https://twitter.com/pastorhenriquev/status/1646243593839955968,2023-04-12T20:07:13.000Z,"#ComissaoDeSeguranca - ""Precisamos de um sistema em que possamos prender quem realmente ameaça a sociedade. Fazer com que a prisão não seja um instrumento de controle social da pobreza e que os ricos também enfrentem os rigores da lei e respondam por seus atos"" @silviolual",3,10,64
Pastor Henrique Vieira,@pastorhenriquev,https://twitter.com/pastorhenriquev/status/1646241664032178177,2023-04-12T19:59:33.000Z,"#ComissaoDeSeguranca - ""Combater o abuso infantil é uma das nossas prioridades! Vamos fortalecer o sistema de proteção às crianças e adolescentes no Brasil"" @‌silviolual",1,4,51
Pastor Henrique Vieira,@pastorhenriquev,https://twitter.com/pastorhenriquev/status/1646213764302110730,2023-04-12T18:08:41.000Z,"#AoVivo: @‌silviolual está na #ComissaoDeSeguranca da @camaradeputados para dialogar com os parlamentares sobre políticas de drogas, situação do sistema carcerário e atos terroristas do dia 8 de janeiro. Assista e acompanhe a cobertura nas nossas redes!",0,3,29
Pastor Henrique Vieira,@pastorhenriquev,https://twitter.com/pastorhenriquev/status/1646194098431246338,2023-04-12T16:50:32.000Z,"Em reunião com o ministro @silviolual, no @mdhcbrasil! 📷 Clarice Castro/MDHC",0,5,110
Pastor Henrique Vieira,@pastorhenriquev,https://twitter.com/pastorhenriquev/status/1646166543166840832,2023-04-12T15:01:02.000Z,"""Metade dos nossos 150 mil colaboradores são negros"". Mais uma vez o Carrefour tenta amenizar a repercussão após episódio de racismo com esse tipo de desculpa. Justificativa clássica de quem não quer assumir a discriminação: ""nada contra pretos, tenho até funcionários que são"".",5,14,122
Pastor Henrique Vieira,@pastorhenriquev,https://twitter.com/pastorhenriquev/status/1646155482476826628,2023-04-12T14:17:05.000Z,"Com @danimontpsol, @monicacunhario e @Renatoafjrno Encontro Nacional de Parlamentares Negras e Negros! A reunião contou com a presença de deputados federais, estaduais e distritais e vereadores das capitais de partidos que fazem parte da frente em apoio ao governo @LulaOficial",6,26,366
Pastor Henrique Vieira,@pastorhenriquev,https://twitter.com/pastorhenriquev/status/1645879495281332226,2023-04-11T20:00:25.000Z,Lamentável!,1,3,110
Pastor Henrique Vieira,@pastorhenriquev,https://twitter.com/pastorhenriquev/status/1645875358728699905,2023-04-11T19:43:59.000Z,"SESSÃO DA COMISSÃO DE SEGURANÇA SUSPENSA! Discussões importantes não puderam acontecer devido ao comportamento de alguns deputados da extrema direita, que fizeram com que o presidente da Comissão tivesse que suspender os trabalhos (+)",4,15,295
Pastor Henrique Vieira,@pastorhenriquev,https://twitter.com/pastorhenriquev/status/1645870413292113920,2023-04-11T19:24:19.000Z,"#ComissaoDeSeguranca - ""Defendemos que as armas estejam nas mãos certas. É claro que os policiais devem estar armados! Cabe a eles o monopólio do uso legítimo da força, que não pode ser substituído por um faroeste"" @FlavioDino",1,9,75
Pastor Henrique Vieira,@pastorhenriquev,https://twitter.com/pastorhenriquev/status/1645861940655280153,2023-04-11T18:50:39.000Z,"#ComissaoDeSeguranca - ""Praticamente todo dia mostro operações concretas de apreensão de armas e drogas e de descapitalização de organizações criminosas, inclusive as narco milícias. Estamos ampliando as bases da Polícia Federal e fortalecendo as polícias nos estados"" @FlavioDino",0,3,36
Pastor Henrique Vieira,@pastorhenriquev,https://twitter.com/pastorhenriquev/status/1645858627964526592,2023-04-11T18:37:30.000Z,"#ComissaoDeSeguranca - ""Não houve apreensão de armas legais no Brasil, apenas de milhares de armamentos ilegais. Não se trata de uma questão de [orientação política do] governo, é a lei"" @FlavioDino",1,9,44
Pastor Henrique Vieira,@pastorhenriquev,https://twitter.com/pastorhenriquev/status/1645853960371163151,2023-04-11T18:18:57.000Z,"#ComissaoDeSeguranca - ""Não sou réu, não sou acusado. Estou aqui na condição de convidado para responder perguntas. Todos nós respondemos pelos nossos atos perante à lei e a Deus"" @FlavioDino",2,6,59
Pastor Henrique Vieira,@pastorhenriquev,https://twitter.com/pastorhenriquev/status/1645852184062447617,2023-04-11T18:11:53.000Z,"#ComissaoDeSeguranca - @FlavioDino comenta sobre visita na Maré: ""Atendi ao convite feito por entidades da sociedade civil. Tivemos um ótimo diálogo. Sigo à disposição das comunidades, pois creio que é o meu dever!""",0,3,54
Pastor Henrique Vieira,@pastorhenriquev,https://twitter.com/pastorhenriquev/status/1645850452079132672,2023-04-11T18:05:00.000Z,"#AoVivo: @FlavioDino já está na Comissão de Segurança Pública da @camaradeputados para dialogar com os parlamentares sobre armas, atos do dia 8 de janeiro e ida do ministro à Maré. Assista aqui e acomanhe a cobertura nas nossas redes!",0,2,24
Pastor Henrique Vieira,@pastorhenriquev,https://twitter.com/pastorhenriquev/status/1645837606846857223,2023-04-11T17:13:58.000Z,"Hoje o ministro @FlavioDinovai à Comissão de Segurança Pública da Câmara dos Deputados. Mais um sinal de como esse governo se dispõe a dialogar con todos e não se esconde das pautas mais sensíveis, na busca pelas soluções que a sociedade precisa! O dia promete!",1,5,127
Pastor Henrique Vieira,@pastorhenriquev,https://twitter.com/pastorhenriquev/status/1645805207799103491,2023-04-11T15:05:13.000Z,"Pelo menos três estudantes e uma professora ficaram feridos após ataque em um colégio estadual de Santa Tereza de Goiás (GO). São muitos casos de violência em pouco tempo. Sinais de uma sociedade adoecida, que criminaliza escolas e educadores e cultiva o ódio e a discriminação!",9,33,291
Pastor Henrique Vieira,@pastorhenriquev,https://twitter.com/pastorhenriquev/status/1645779207333593088,2023-04-11T13:21:54.000Z,"O episódio revoltante de entregadores negros chicoteados por uma moradora de São Conrado mostra como corpos pretos são alvos de violência a todo momento! Nas casas grandes de hoje, tem gente saudosa dos açoites na senzala. O racismo é persistente, mas não deixaremos de lutar!",6,37,321
Pastor Henrique Vieira,@pastorhenriquev,https://twitter.com/pastorhenriquev/status/1645429857214398464,2023-04-10T14:13:43.000Z,Representantes de vários ministérios do governo @LulaOficial estão trabalhando em um pacote de medidas para promover a igualdade racial e combater a fome entre a população negra! Por isso eu Fiz o L! #oBrasilVoltou,2,9,218
Pastor Henrique Vieira,@pastorhenriquev,https://twitter.com/pastorhenriquev/status/1645134221927694337,2023-04-09T18:38:58.000Z,"Parabéns, minha amiga @taliriapetrone! Sua vida é dádiva e inspiração. Sou grato por estar ao seu lado na luta por um mundo mais justo e fraterno. 

Feliz aniversário! Tudo de bom, Tatá!",5,5,274
Pastor Henrique Vieira,@pastorhenriquev,https://twitter.com/pastorhenriquev/status/1644086627877236738,2023-04-06T21:16:12.000Z,"Janaina Pascoal relativizou o trabalho escravo na CNN. Vergonhosa sua postura. Cerca de 918 vitimas já foram resgatadas só esse ano, segundo o Ministério do Trabalho. O mais triste disso tudo é que ainda hoje tem quem acolhe esse tipo de discurso de uma herança maldita.",6,39,479
Pastor Henrique Vieira,@pastorhenriquev,https://twitter.com/pastorhenriquev/status/1643627887939944448,2023-04-05T14:53:20.000Z,Faltam palavras para expressar a tristeza pela morte das 4 crianças assassinadas no ataque à creche em Blumenau! Vidas interrompidas de forma tão precoce e violenta. Que Deus console o coração das famílias enlutadas e de toda a comunidade que viveu esse trauma tão grande.,3,18,346
Pastor Henrique Vieira,@pastorhenriquev,https://twitter.com/pastorhenriquev/status/1643624114094047234,2023-04-05T14:38:20.000Z,"Alunos e educadores do Ciep Elis Regina, na Maré, viveram uma manhã de terror, com invasões, bombas e dois caveirões dentro da escola! Uma operação assim jamais aconteceria na Zona Sul, em horário de aula. Que futuro terão essas crianças e adolescentes em meio a tanta violência?",15,73,505
Pastor Henrique Vieira,@pastorhenriquev,https://twitter.com/pastorhenriquev/status/1643301744426770432,2023-04-04T17:17:21.000Z,"80% dos brasileiros concordam com Lula sobre diminuição dos juros dos bancos! Dom Hélder dizia “quando dou comida aos pobres, me chamam de santo. Quando pergunto por que são pobres, me chamam de comunista”. A quem interessa manter a miséria? O povo não quer só comer, quer justiça",2,95,981
Pastor Henrique Vieira,@pastorhenriquev,https://twitter.com/pastorhenriquev/status/1642965173693456430,2023-04-03T18:59:56.000Z,"A luta diária por justiça social e racial é dura, mas me sinto mais forte por caminhar ao lado de companheiros e companheiras como @danimontpsol e @monicacunharioÉ fundamental organizar a esperança! Acompanhem as atividades do @psol50 aqui nas redes e vem construir com a gente!",5,9,177
