nome,usuario,idTweet,dataPublicacao,texto,replies,retweets,likes
Paulo Teixeira,@pauloteixeira13,https://twitter.com/pauloteixeira13/status/1652306918977978368,2023-04-29T13:40:42.000Z,"Parabéns Milton Nascimento, o querido Bituca, escolhido como Personalidade do Ano de 2022, pelo Prêmio “Faz Diferença”. Viva um dos maiores artistas da MPB! Viva o Brasil!",0,18,129
Paulo Teixeira,@pauloteixeira13,https://twitter.com/pauloteixeira13/status/1652151799250563078,2023-04-29T03:24:19.000Z,Nós batemos de frente com Bolsonaro nas véspera das eleições : PF já tem o mapeamento das paralizações que Anderson Torres realizou na véspera e no dia das eleições para evitar a vitória do Lula.,18,59,302
Paulo Teixeira,@pauloteixeira13,https://twitter.com/pauloteixeira13/status/1652083254319632385,2023-04-28T22:51:56.000Z,Estamos no @flowpdc https://youtube.com/live/G-Dkf_DZ93U?feature=share…Igor atento!,1,6,53
Paulo Teixeira,@pauloteixeira13,https://twitter.com/pauloteixeira13/status/1652043868177862656,2023-04-28T20:15:26.000Z,"Lula aumenta o salário mínimo para R$ 1320,00 e corrigi a tabela do imposto de renda para R$ 2640,00, ao mesmo tempo que concede aumento de 9% para os servidores federais.",29,75,331
Paulo Teixeira,@pauloteixeira13,https://twitter.com/pauloteixeira13/status/1651996065980198923,2023-04-28T17:05:29.000Z,"Hoje, 19h, estarei no @flowpdc 
Quem vai assistir?",7,16,64
Paulo Teixeira,@pauloteixeira13,https://twitter.com/pauloteixeira13/status/1651794445724155904,2023-04-28T03:44:19.000Z,"Na OEA, governo brasileiro pede desculpas pela violação dos direitos do povo remanescente de quilombos de Alcântara, Maranhao.",4,12,103
Paulo Teixeira,@pauloteixeira13,https://twitter.com/pauloteixeira13/status/1651568862809456640,2023-04-27T12:47:56.000Z,Mulheres conquistando seus espaços: Papa autoriza mulheres a votarem no sínodo dos Bispos.,2,18,93
Paulo Teixeira,@pauloteixeira13,https://twitter.com/pauloteixeira13/status/1651416276777181186,2023-04-27T02:41:36.000Z,O ex presidente estava sob efeito de medicamentos durante os seus 4 anos de mandato?,40,51,337
Paulo Teixeira,@pauloteixeira13,https://twitter.com/pauloteixeira13/status/1651405338023956481,2023-04-27T01:58:08.000Z,Vitória do governo no STJ é medida fundamental para o equilíbrio das contas públicas. Importante voto de confiança na política econômica do ministro @Haddad_Fernando e do presidente @LulaOficial,1,13,101
Paulo Teixeira,@pauloteixeira13,https://twitter.com/pauloteixeira13/status/1651349362071719936,2023-04-26T22:15:43.000Z,Boa notícia:Aprovados os recursos pelo Congresso Nacional para o piso da enfermagem.,5,9,109
Paulo Teixeira,@pauloteixeira13,https://twitter.com/pauloteixeira13/status/1650685671206686721,2023-04-25T02:18:26.000Z,Gravíssimo e criminoso erro médico ocorrido no Rio de Janeiro com mulher que foi operar do útero e teve o braço amputado.,14,23,116
Paulo Teixeira,@pauloteixeira13,https://twitter.com/pauloteixeira13/status/1650532337288118274,2023-04-24T16:09:09.000Z,"Neste momento, Lula entrega o prêmio Camões para o gigante artista brasileiro Chico Buarque de Holanda.",12,20,173
Paulo Teixeira,@pauloteixeira13,https://twitter.com/pauloteixeira13/status/1649622928127049728,2023-04-22T03:55:29.000Z,Conversei com os dirigentes da APAS- Associação Paulista de Supermercados e pedi a eles que possam fazer seções destinadas a produtos exclusivamente da agricultura familiar.,26,29,176
Paulo Teixeira,@pauloteixeira13,https://twitter.com/pauloteixeira13/status/1649204495346470912,2023-04-21T00:12:47.000Z,"Estou na ESALQ- Escola Superior de Agronomia Luíz de Queiroz da USP, em Piracicaba.  Participo da 10a JURA- Jornada Universitária em Defesa da Reforma Agraria.",9,27,114
Paulo Teixeira,@pauloteixeira13,https://twitter.com/pauloteixeira13/status/1649126379903139842,2023-04-20T19:02:22.000Z,Será preciso chegar um zepelim no brasil para pedir ao presidente do Banco Central a diminuição da taxa de juros?,14,15,104
Paulo Teixeira,@pauloteixeira13,https://twitter.com/pauloteixeira13/status/1649121149656403968,2023-04-20T18:41:35.000Z,O ministro Welinton Dias e eu nos reunimos para apresentar uma proposta ao presidente Lula de hortas urbanas para produção de comida e de medicamentos(fitoterápicos).,15,19,112
Paulo Teixeira,@pauloteixeira13,https://twitter.com/pauloteixeira13/status/1648862172859228160,2023-04-20T01:32:31.000Z,MST apresenta a pauta da sua jornada de lutas e se compromete a sair da área da Embrapa no Pernanmbuco e da área da Suzano no Espírito Santo.,10,17,96
Paulo Teixeira,@pauloteixeira13,https://twitter.com/pauloteixeira13/status/1648466067478695936,2023-04-18T23:18:32.000Z,Presidente Lula anuncia R$ 7 bilhões para garantir o piso da enfermagem. Por isso fizemos L,18,31,169
Paulo Teixeira,@pauloteixeira13,https://twitter.com/pauloteixeira13/status/1648116642768109568,2023-04-18T00:10:02.000Z,Brasil pede à Rússia o imediato cessar fogo na guerra da Ucrânia .,14,28,135
Paulo Teixeira,@pauloteixeira13,https://twitter.com/pauloteixeira13/status/1646817540687945728,2023-04-14T10:07:52.000Z,Lula propõe a Xi Jinping uma atuação conjunta Brasil e China com outros países para liderar um acordo de paz entre Rússia e Ucrânia.,15,16,148
Paulo Teixeira,@pauloteixeira13,https://twitter.com/pauloteixeira13/status/1646806113319374849,2023-04-14T09:22:28.000Z,Esperança e ironia: presidente Xi Jinping e crianças chinesas recebem Lula ao som da música “Um novo tempo” de Ivan Lins.,321,495,2.547
Paulo Teixeira,@pauloteixeira13,https://twitter.com/pauloteixeira13/status/1646523008906055683,2023-04-13T14:37:30.000Z,Revista Times coloca Lula entre os 100 mais influentes do mundo!,9,12,107
Paulo Teixeira,@pauloteixeira13,https://twitter.com/pauloteixeira13/status/1646394021047341056,2023-04-13T06:04:57.000Z,Com a presidenta do Banco dos Brics Dilma Rousseff,36,32,381
Paulo Teixeira,@pauloteixeira13,https://twitter.com/pauloteixeira13/status/1646344668974845954,2023-04-13T02:48:51.000Z,Lula e Dilma se encontram no Novo Banco de Desenvolvimento,49,62,466
Paulo Teixeira,@pauloteixeira13,https://twitter.com/pauloteixeira13/status/1646221932889804800,2023-04-12T18:41:08.000Z,"Em Shanghai. Amanhã participo da posse solene da presidenta Dilma no Banco dos Brics, que terá a presença do presidente Lula.",4,12,91
Paulo Teixeira,@pauloteixeira13,https://twitter.com/pauloteixeira13/status/1646064883350360073,2023-04-12T08:17:05.000Z,"Chegamos em Abu Dhabi, capital política dos Emirados Árabes Unidos. Saindo para Xangai.",8,18,150
Paulo Teixeira,@pauloteixeira13,https://twitter.com/pauloteixeira13/status/1645436865489645568,2023-04-10T14:41:34.000Z,O Brasil voltou!,25,5,53
Paulo Teixeira,@pauloteixeira13,https://twitter.com/pauloteixeira13/status/1645429213535633410,2023-04-10T14:11:09.000Z,"O Palmeiras ganhou! O Fluminense ganhou! O atlético ganhou! Assim, Lula chegou para a reunião de balanço dos 100 dias.",6,3,50
Paulo Teixeira,@pauloteixeira13,https://twitter.com/pauloteixeira13/status/1645365782484770816,2023-04-10T09:59:06.000Z,"Brasileiros são contra as privatizações. Paulistas são contra a privatização da Sabesp, segundo o DataFolha.",15,32,133
Paulo Teixeira,@pauloteixeira13,https://twitter.com/pauloteixeira13/status/1644785671335280648,2023-04-08T19:33:57.000Z,Meu adeus ao ministro Paulo De Tarso Sanseverino. Um grande ministro do STJ que faleceu hoje. Meus sentimentos a família.,11,8,94
Paulo Teixeira,@pauloteixeira13,https://twitter.com/pauloteixeira13/status/1643783135237210116,2023-04-06T01:10:14.000Z,Parabéns à imprensa brasileira que não divulgou nem foto nem o nome do autor do massacre das crianças em Blumenau.,75,16,173
Paulo Teixeira,@pauloteixeira13,https://twitter.com/pauloteixeira13/status/1643640873719066625,2023-04-05T15:44:56.000Z,MEC suspende o “Novo Ensino Médio” por 60 dias.,20,10,67
Paulo Teixeira,@pauloteixeira13,https://twitter.com/pauloteixeira13/status/1643621242065281026,2023-04-05T14:26:55.000Z,Cultura de ódio de Bolsonaro provoca mais 4 vítimas em uma creche em Blumenau.,316,64,315
Paulo Teixeira,@pauloteixeira13,https://twitter.com/pauloteixeira13/status/1643344575006646278,2023-04-04T20:07:33.000Z,"Assinei o Acordo de Cooperação Técnica com o Ministros da Educação, Saúde e Desenvolvimento Social para o aperfeiçoamento do PNAE- Programa Nacional de Alimentação Escolar.",10,25,114
Paulo Teixeira,@pauloteixeira13,https://twitter.com/pauloteixeira13/status/1643327106061942787,2023-04-04T18:58:08.000Z,Até que enfim: Trump vira réu!,5,6,61
Paulo Teixeira,@pauloteixeira13,https://twitter.com/pauloteixeira13/status/1642588979814866947,2023-04-02T18:05:05.000Z,"Achado o plano de boicote às eleições: Bolsonaro, através do ministro Anderson Torres e do Chefe da Polícia Rodoviária Federal, executaram um plano de bloqueio da chegada dos eleitores do Lula nas urnas no nordeste.",34,77,395
Paulo Teixeira,@pauloteixeira13,https://twitter.com/pauloteixeira13/status/1642231172930363393,2023-04-01T18:23:17.000Z,Por que a imprensa brasileira não divulga? Papa Francisco disse que Lula foi condenado injustamente e que Dilma tem as mãos limpas.,54,50,278
