nome,usuario,idTweet,dataPublicacao,texto,replies,retweets,likes
Pedro Lupion,@pedro_lupion,https://twitter.com/pedro_lupion/status/1651550952166510593,2023-04-27T11:36:45.000Z,"Recebi com pesar a notícia do falecimento do sr. José Ritti Filho, ex-prefeito de Santo Antônio da Platina, aos 82 anos de idade.

Minha solidariedade à família e aos amigos do ex-prefeito, que governou nossa cidade entre 1988 e 1992 e de 2004 a 2006.",0,0,3
Pedro Lupion,@pedro_lupion,https://twitter.com/pedro_lupion/status/1651382353795620866,2023-04-27T00:26:49.000Z,"Atenção, produtores rurais do Brasil! A Câmara dos Deputados leu a instalação da CPI das invasões de terra. Vamos descobrir quem está pagando esses movimentos, quem são os interessados nessa bagunça no campo, e dar segurança jurídica aos nossos produtores.",14,79,232
Pedro Lupion,@pedro_lupion,https://twitter.com/pedro_lupion/status/1651238263456186377,2023-04-26T14:54:15.000Z,"Os amigos @PollonMarcos e César Mello me aproximaram do @PROARMASBrasil , pelas nossas pautas em comum. Hoje, estamos unidos, na luta intransigente pelos direitos dos CACs, e para que o cidadão de bem possa exercer a legítima defesa de si, sua família e sua propriedade.",7,4,22
Pedro Lupion,@pedro_lupion,https://twitter.com/pedro_lupion/status/1651193502800269313,2023-04-26T11:56:23.000Z,"“O MST se sente à vontade para seguir invadindo e depredando porque sabe que tem as costas quentes: um aliado no Palácio do Planalto que está disposto não apenas a proteger o grupo, mas também a entregar o que ele deseja.”

Editorial da @gazetadopovo :",6,50,117
Pedro Lupion,@pedro_lupion,https://twitter.com/pedro_lupion/status/1651006800026632192,2023-04-25T23:34:30.000Z,"Meu voto NÃO à urgência ao PL 2630, projeto das Fake News. Nossa preocupação é com o direito à liberdade de expressão. Aprofundar o debate desse projeto é fundamental.",3,3,24
Pedro Lupion,@pedro_lupion,https://twitter.com/pedro_lupion/status/1650995806814568448,2023-04-25T22:50:49.000Z,"Pessoal, sobre o PDL 03: não houve acordo no colégio de líderes, e foi retirada a urgência desse importante projeto - que tem nosso apoio - para sustar decreto antiarmas do Poder Executivo. Seguiremos na luta pelos CACs e pela legítima defesa do cidadão de bem.",2,3,9
Pedro Lupion,@pedro_lupion,https://twitter.com/pedro_lupion/status/1650678367228682242,2023-04-25T01:49:25.000Z,"Boas notícias! Além da confirmação pelo presidente @ArthurLira_ de que será lido o requerimento da CPI do MST e das invasões de terra, está pautado o PDL 03, que susta o decreto antiarmas do Poder Executivo.

Cidadãos de bem e produtores rurais agradecem.",14,24,103
Pedro Lupion,@pedro_lupion,https://twitter.com/pedro_lupion/status/1650666622040850438,2023-04-25T01:02:45.000Z,"Se confirmada a informação, é uma ótima notícia. Fato é que o presidente @ArthurLira_ tem sido um grande aliado dos produtores rurais, e sempre tem cumprido os compromissos assumidos com a nossa @fpagropecuaria .",4,4,36
Pedro Lupion,@pedro_lupion,https://twitter.com/pedro_lupion/status/1650574951181606915,2023-04-24T18:58:29.000Z,"“Ao ser condescendente com a escalada de esbulhos promovidos pelo MST, o governo premiou as invasões e aumentou significativamente o custo político para impedi-las no futuro. Com tanta facilidade p/ violar a lei, o que haveria de parar seus militantes?”",4,1,13
Pedro Lupion,@pedro_lupion,https://twitter.com/pedro_lupion/status/1650475782190297089,2023-04-24T12:24:25.000Z,"Novo crime anunciado.

MST anuncia invasão de três áreas na Bahia após deixar terreno da Embrapa em Pernambuco.",2,1,19
Pedro Lupion,@pedro_lupion,https://twitter.com/pedro_lupion/status/1648732505866895387,2023-04-19T16:57:16.000Z,"Aproveito para parabenizar nosso governador @ratinho_jr pelo seu aniversário e pelo importante trabalho que tem realizado com a sua equipe pelo nosso estado do Paraná. Que tenhamos ainda mais conquistas, especialmente para o nosso norte pioneiro!",3,0,1
Pedro Lupion,@pedro_lupion,https://twitter.com/pedro_lupion/status/1648683675213496322,2023-04-19T13:43:13.000Z,"Parabenizo o governador Mauro Mendes e o secretário de segurança pública César Augusto Roveri, pela tolerância zero contra invasões no Mato Grosso, como ficou claro após a prisão de 14 invasores de terra armados com foices, fações e armas de fogo.",3,6,29
Pedro Lupion,@pedro_lupion,https://twitter.com/pedro_lupion/status/1648054816181047316,2023-04-17T20:04:22.000Z,"Um movimento orquestrado, que teve aviso prévio dos crimes dos invasores. É absurda a leniência do governo federal que ainda não se pronunciou ou tomou qualquer atitude contra seus aliados desses movimentos. O que estão esperando? Uma nova guerra no campo?",11,9,35
Pedro Lupion,@pedro_lupion,https://twitter.com/pedro_lupion/status/1647954036224565251,2023-04-17T13:23:54.000Z,"Não é por reforma agrária, pessoal. É pra mandar recado político para os aliados no governo federal.

MST ocupa INCRA em Minas e pede saída imediata do superintendente regional:",2,14,35
Pedro Lupion,@pedro_lupion,https://twitter.com/pedro_lupion/status/1647394854375227393,2023-04-16T00:21:55.000Z,"Parabéns as nossas forças de segurança: @policiafederal , @pmproficial , @policiacivilpr e demais órgãos que atuaram nas ações de combate ao crime.",0,0,13
Pedro Lupion,@pedro_lupion,https://twitter.com/pedro_lupion/status/1646930895708864513,2023-04-14T17:38:18.000Z,"Nada é por acaso. Como eu venho dizendo, tem método. 

Lula leva Stédile à China depois de líder do MST pregar invasões de terra.",4,5,17
Pedro Lupion,@pedro_lupion,https://twitter.com/pedro_lupion/status/1646510263125045251,2023-04-13T13:46:52.000Z,"Direito de Propriedade é inegociável. Tá na Constituição. Invasão de propriedade privada é crime. Tá  no
Código Penal. 

Não há mistério sobre o certo e o errado. A sociedade não vai aceitar crimes de invasores de terras, nem querer viver cenas de terror desse tipo novamente.",7,21,51
Pedro Lupion,@pedro_lupion,https://twitter.com/pedro_lupion/status/1645965866914267139,2023-04-12T01:43:37.000Z,O #agro cresce: exportações de carne de frango cresceram 23% em março |,0,2,8
Pedro Lupion,@pedro_lupion,https://twitter.com/pedro_lupion/status/1645776799693979657,2023-04-11T13:12:20.000Z,"O que o Stédile fez ontem é incitação ao crime. Ponto. 

O MST só voltou com esse plano de invasões pela certeza da impunidade, pois no governo @jairbolsonaro eles sabiam que seriam punidos se invadissem.",4,11,50
Pedro Lupion,@pedro_lupion,https://twitter.com/pedro_lupion/status/1645482121396461568,2023-04-10T17:41:23.000Z,"Não é aleatório. É método. Não é por reforma agrária. É para mandar recado político.

MST e outros movimentos invadem sede do Incra em Alagoas:",2,1,11
Pedro Lupion,@pedro_lupion,https://twitter.com/pedro_lupion/status/1645447487279210502,2023-04-10T15:23:46.000Z,"Manifestações pacíficas são legítimas. Invasões de propriedade privada produtiva, não.

Parece que eles não querem entender…",1,1,8
Pedro Lupion,@pedro_lupion,https://twitter.com/pedro_lupion/status/1645411519205629952,2023-04-10T13:00:51.000Z,Mercado eleva expectativa de inflação para 2023:,0,0,1
Pedro Lupion,@pedro_lupion,https://twitter.com/pedro_lupion/status/1644357119926317056,2023-04-07T15:11:02.000Z,Sexta-feira da Paixão. Hoje é o dia mais importante da nossa gratidão. Que o Nosso Senhor abençoe a todos em seu amor.,0,1,10
Pedro Lupion,@pedro_lupion,https://twitter.com/pedro_lupion/status/1644321272464113670,2023-04-07T12:48:36.000Z,"O PT mostrando a que veio… 

Qual é sua opinião?",2,0,5
Pedro Lupion,@pedro_lupion,https://twitter.com/pedro_lupion/status/1644320621126381569,2023-04-07T12:46:00.000Z,"Desembolsos de crédito rural acumulam alta de 21% em 2022/23. Número de contratos de financiamento bateu 1,47 milhão nos 9 primeiros meses do Plano Safra 2022/23, no gov @jairbolsonaro . 1,06 milhão foram operações do Pronaf (agricultura familiar)",0,1,6
Pedro Lupion,@pedro_lupion,https://twitter.com/pedro_lupion/status/1643625646847934465,2023-04-05T14:44:25.000Z,"Que Deus possa confortar as famílias das vítimas de mais esse crime assustador em nosso país.

Quatro crianças morrem em ataque a creche em Blumenau-SC. O criminoso  usou uma machadinha e está preso.",0,1,8
Pedro Lupion,@pedro_lupion,https://twitter.com/pedro_lupion/status/1643357041090793472,2023-04-04T20:57:05.000Z,"Preocupante.

MST ocupa área em Pernambuco e promete retomada massiva de ações no abril vermelho:",0,1,4
Pedro Lupion,@pedro_lupion,https://twitter.com/pedro_lupion/status/1643356627683225608,2023-04-04T20:55:26.000Z,"Se isso for confirmado, entrará para a lista de escândalos de governos petistas, e terá que ser investigado pela CPI assim que for instalada na Camara.

Produtores acusam governo da BA de apoio ao MST em invasões:",0,3,12
Pedro Lupion,@pedro_lupion,https://twitter.com/pedro_lupion/status/1643052739138650112,2023-04-04T00:47:54.000Z,"O #agro segue a toada de gerar oportunidade, renda e garantir a economia brasileira. Agronegócio impulsiona a balança comercial do Brasil. Na @revistaoeste :",0,0,6
Pedro Lupion,@pedro_lupion,https://twitter.com/pedro_lupion/status/1642184726151569409,2023-04-01T15:18:43.000Z,"Muito triste ver isso! Quantos empregos, histórias e sonhos jogados fora. O caminho nunca foi fácil. Tentam enfraquecer nossa união. É o método deles. Não podemos deixar isso acontecer. @PROARMASBrasil @PollonMarcos @BolsonaroSP @benebarbosa_mvb @FlavioBolsonaro #armaspelavida",5,7,16
