nome,usuario,idTweet,dataPublicacao,texto,replies,retweets,likes
Pompeo de Mattos,@PompeodeMattos,https://twitter.com/PompeodeMattos/status/1652041242350436352,2023-04-28T20:05:00.000Z,"Mais que uma conquista da enfermagem, uma conquista do povo brasileiro. Não se faz medicina sem a enfermagem.#PisoDaEnfermagem",4,2,10
Pompeo de Mattos,@PompeodeMattos,https://twitter.com/PompeodeMattos/status/1652002236804005889,2023-04-28T17:30:00.000Z,Com a aprovação da MPV 1153/22 que suspende aplicação de multa a motorista profissional. Prestei homenagem aos caminhoneiros e caminhoneiras que transportam as riquezas do nosso país.,1,2,6
Pompeo de Mattos,@PompeodeMattos,https://twitter.com/PompeodeMattos/status/1651927996041658370,2023-04-28T12:35:00.000Z,"Apresentei projeto de lei para garantir aos trabalhadores domésticos o pagamento do PIS, programa social de transferência de renda que apesar de ser direito de todo trabalhador, não é pago ao trabalhador doméstico.",1,4,18
Pompeo de Mattos,@PompeodeMattos,https://twitter.com/PompeodeMattos/status/1651673482927697937,2023-04-27T19:43:39.000Z,"A pandemia do coronavírus foi responsável pela demissão de inúmeros trabalhadores. Dessa forma, nada mais justo do que conceder esse direito aos trabalhadores de sacar o dinheiro que é uma reserva própria do trabalhador constituída ao longo de sua vida laboral em caso de pandemia",1,0,7
Pompeo de Mattos,@PompeodeMattos,https://twitter.com/PompeodeMattos/status/1651639879112040462,2023-04-27T17:30:07.000Z,Proposta permite ao empregado sacar o saldo total do FGTS em casos de estado de calamidade pública pela ocorrência de pandemia foi aprovada na Comissão de Previdência. Projeto muito importante que garante recurso na hora que mais se precisa. https://pdtnacamara.com.br/aprovado-projeto-de-pompeo-de-mattos-que-da-direito-ao-empregado-sacar-o-fgts-em-caso-de-pandemia/…,0,1,5
Pompeo de Mattos,@PompeodeMattos,https://twitter.com/PompeodeMattos/status/1651609648158371844,2023-04-27T15:30:00.000Z,"Com o veto derrubado, está garantida a dedução no imposto de renda de doações para programa de combate ao câncer e para pessoas com deficiência.",0,2,8
Pompeo de Mattos,@PompeodeMattos,https://twitter.com/PompeodeMattos/status/1651564350854025222,2023-04-27T12:30:00.000Z,"Sabemos que o endividamento é uma questão muito delicada mas quando existe a necessidade, a pessoa busca recursos onde puder. Com juros os juros mais baixos do país, o consignado é a melhor forma de tomar esse empréstimo e por isso o aumento da margem é tão importante.",1,2,14
Pompeo de Mattos,@PompeodeMattos,https://twitter.com/PompeodeMattos/status/1651355395087056902,2023-04-26T22:39:41.000Z,Vitória da Enfermagem! 👏👏👏#PisoDaEnfermagem,0,0,8
Pompeo de Mattos,@PompeodeMattos,https://twitter.com/PompeodeMattos/status/1651327772101427206,2023-04-26T20:49:55.000Z,"Aprovado agora pouco o PLN 5 que garante recursos para o pagamento do Piso da Enfermagem. A enfermagem precisa, merece e tem esse direito.  👩‍⚕️ 🏥#PisoDaEnfermagem",2,4,26
Pompeo de Mattos,@PompeodeMattos,https://twitter.com/PompeodeMattos/status/1651278323467665413,2023-04-26T17:33:26.000Z,"Agora na Sessão do Congresso Nacional com nossas lideranças cearenses, nosso querido deputado @mauro_bfilho e nosso grande Senador @senadorcidgomes.",10,9,127
Pompeo de Mattos,@PompeodeMattos,https://twitter.com/PompeodeMattos/status/1651260874131226633,2023-04-26T16:24:05.000Z,O FGTS tem um papel fundamental para os trabalhadores brasileiros e precisa ter seus valores preservados ao longo do tempo.,6,4,20
Pompeo de Mattos,@PompeodeMattos,https://twitter.com/PompeodeMattos/status/1650970062507917313,2023-04-25T21:08:31.000Z,"Cobrei do governo novamente a antecipação do 13º salário para os aposentados e além disso, destaquei a importância da aprovação do 14º salário para fazer justiça com os aposentados do nosso país.",10,7,21
Pompeo de Mattos,@PompeodeMattos,https://twitter.com/PompeodeMattos/status/1649831825974652928,2023-04-22T17:45:34.000Z,Propus à Ministra da Saúde Nísia Trindade a criação do Programa Mais Dentistas para garantir o tratamento dentário em todos os municípios brasileiros que hoje não são atendidos.,14,3,11
Pompeo de Mattos,@PompeodeMattos,https://twitter.com/PompeodeMattos/status/1649390025174585344,2023-04-21T12:30:00.000Z,Os Super Idosos são uma parcela muito pequena entre a população e demandam ainda mais cuidados com sua saúde e qualidade de vida. Por isso apresentei o PL 1877/23 que cria a aposentadoria em dobro para aposentados com 90 anos ou mais.#superidosos #inss #aposentadoria,4,6,22
Pompeo de Mattos,@PompeodeMattos,https://twitter.com/PompeodeMattos/status/1649184658758803458,2023-04-20T22:53:57.000Z,"Quem esteve nos atos do dia 8 tem de pagar pelo que fez na proporção do que foi feito, seja por ação ou omissão, deste ou daquele partido, da direita ou da esquerda.
É preciso investigação. A verdade faz bem a todos.
O que não pode é haver impunidade!",4,2,2
Pompeo de Mattos,@PompeodeMattos,https://twitter.com/PompeodeMattos/status/1649119033927827456,2023-04-20T18:33:11.000Z,"Chegou à Câmara o PLN que definirá a fonte de recursos para pagamento do piso da enfermagem. Com isso os hospitais, estados e municípios não serão sobrecarregados e enfermeiras e enfermeiros receberão o que é seu. Já passou da hora de garantir esse direto.#PisoDaEnfermagem",0,2,5
Pompeo de Mattos,@PompeodeMattos,https://twitter.com/PompeodeMattos/status/1649064591224197124,2023-04-20T14:56:51.000Z,"O Rio Grande do Sul perdeu nesta semana uma servidora destemida, defensora das liberdades, Andréia Mattos. A delegada se dedicava às investigações de grupos neonazistas e racistas no estado. Uma perda realmente lastimável de uma grande profissional, exemplo de luta e combate.",0,1,3
Pompeo de Mattos,@PompeodeMattos,https://twitter.com/PompeodeMattos/status/1649061732806008832,2023-04-20T14:45:29.000Z,"No fim da sessão de ontem, prestei em nome da Câmara dos Deputados, homenagem aos Povos Indígenas. Valorizar e respeitar a riqueza cultural indígena é manter viva a história do Brasil.

 #DiaDosPovosIndígenas #CulturaIndígena #Preservação",0,1,4
Pompeo de Mattos,@PompeodeMattos,https://twitter.com/PompeodeMattos/status/1648755046870315008,2023-04-19T18:26:50.000Z,"A CEITEC é a única empresa de semicondutores da América Latina e retomar os investimentos, assim como valorizar e apoiar a CEITEC é essencial para fortalecer a indústria nacional e gerar empregos qualificados. #CEITEC #DesenvolvimentoTecnológico",3,36,82
Pompeo de Mattos,@PompeodeMattos,https://twitter.com/PompeodeMattos/status/1648684330053681152,2023-04-19T13:45:50.000Z,"Hoje é o Dia dos Povos Indígenas. Valorize a diversidade cultural e a riqueza dos povos originários. Hoje, celebramos sua história e sua contribuição para a preservação do nosso patrimônio natural e cultural.

 #DiaDosPovosIndígenas #CulturaIndígena #Preservação",0,1,4
Pompeo de Mattos,@PompeodeMattos,https://twitter.com/PompeodeMattos/status/1648501708946034690,2023-04-19T01:40:09.000Z,"Presidente Lula assinou o PLN que garante os recursos do piso salarial para a enfermagem.
O salário será de R$ 4.750 para enfermeiros, R$ 3.325 para os técnicos de enfermagem e R$ 2.375 para os auxiliares e parteiras.
Podem contar com meu apoio na votação.",1,5,12
Pompeo de Mattos,@PompeodeMattos,https://twitter.com/PompeodeMattos/status/1647977447747354625,2023-04-17T14:56:56.000Z,Com o envelhecimento populacional das últimas décadas e devido a falta de estrutura e de serviços essenciais que acomete as pessoas idosas de baixa renda. Apresentei o projeto de lei 1877/23 que estabelece aumento de 100% para beneficiários da Previdência com 90 anos ou mais.,2,4,14
Pompeo de Mattos,@PompeodeMattos,https://twitter.com/PompeodeMattos/status/1646985175841087489,2023-04-14T21:14:00.000Z,"O Hotel Plaza São Rafael completa hoje 50 anos.
Nossa querida @rosaneoliveira rememorou os grandes encontros organizados pelo nosso líder Dr. Brizola. 
Foram muitos cafés para discutir rumo e direção da política gaúcha.
Tive a honra de participar de várias delas. Grandes memórias",3,2,10
Pompeo de Mattos,@PompeodeMattos,https://twitter.com/PompeodeMattos/status/1646616699482042370,2023-04-13T20:49:48.000Z,Governo prepara PLN que deve chegar ao Congresso ainda na próxima semana e definirá a fonte dos recursos que garantirá o pagamento do piso nacional da enfermagem.#PisoDaEnfermagem,3,5,13
Pompeo de Mattos,@PompeodeMattos,https://twitter.com/PompeodeMattos/status/1646548770644021250,2023-04-13T16:19:52.000Z,Parabéns a todos os profissionais que trazem novas vidas ao mundo e transformam famílias!#diadoobstetra,0,3,8
Pompeo de Mattos,@PompeodeMattos,https://twitter.com/PompeodeMattos/status/1646485634964504579,2023-04-13T12:09:00.000Z,"Precisamos agir para garantir a segurança das nossas crianças nas escolas.
Por isso apresentei o PL 1784/23 que obriga o poder público a garantir em todas as escolas: Porta giratória com detector de metais, câmeras de segurança, guardas e botão de pânico.",1,7,14
Pompeo de Mattos,@PompeodeMattos,https://twitter.com/PompeodeMattos/status/1646258387603136514,2023-04-12T21:06:00.000Z,"Com o @CarlosLupiPDT, o PDT atingiu muitas conquistas nesses 100 dias de governo.
- Fim da prova de vida 
- Redução dos juros do consigado
- Combate contra fraudes no INSS 
- Luta para reverter a reforma da previdência

Juntos, vamos garantir dignidade para nossos aposentados",4,11,48
Pompeo de Mattos,@PompeodeMattos,https://twitter.com/PompeodeMattos/status/1646227948389662720,2023-04-12T19:05:02.000Z,"Recebi em meu gabinete na Mesa Diretora da Câmara a ilustre visita do meu amigo e ex-deputado federal @VieiraPDT. 
Viera é um dos grandes líderes trabalhistas, tem uma rica e extensa história de trabalho e dedicação pelo povo gaúcho. 
É uma grande honra bem recebê-lo.",1,3,18
Pompeo de Mattos,@PompeodeMattos,https://twitter.com/PompeodeMattos/status/1646198262087442432,2023-04-12T17:07:05.000Z,"Ontem durante sessão da Câmara, prestei minha solidariedade aos familiares das vítimas do ataque que ocorreu na creche em Blumenau.

Esses casos absurdos não podem mais acontecer, precisamos criar mecanismos para garantir a segurança das nossas crianças.",0,1,12
Pompeo de Mattos,@PompeodeMattos,https://twitter.com/PompeodeMattos/status/1645929288145805320,2023-04-11T23:18:16.000Z,"Os atentados em escolas não podem ser ignorados ou minimizados, precisamos de um esforço conjunto para garantir a segurança dos estudantes, professores e funcionários. É preciso um maior investimento na área da segurança pública.",3,3,16
Pompeo de Mattos,@PompeodeMattos,https://twitter.com/PompeodeMattos/status/1645422226529832967,2023-04-10T13:43:23.000Z,"Os roubos de cabos de energia e de comunicação estão crescendo a cada ano e causam além de prejuízos, grandes transtornos para a população. Por isso apresentei o PL 1.530/23 para aumentar as penas para esses crimes incluindo os receptadores que alimentam esse mercado negro.",0,2,6
Pompeo de Mattos,@PompeodeMattos,https://twitter.com/PompeodeMattos/status/1645036083263193088,2023-04-09T12:09:00.000Z,"Que a Páscoa renove os sentimentos de amor, fraternidade e compaixão nos corações de todos nós. Feliz Páscoa para todos!",1,0,5
Pompeo de Mattos,@PompeodeMattos,https://twitter.com/PompeodeMattos/status/1644311307745673216,2023-04-07T12:09:00.000Z,"Independente de religião, a Sexta-Feira Santa pode ser um dia significativo para todos nós. Dia de lembrarmos da importância da reflexão, da união com aqueles que amamos, da gratidão e da realização de ações solidárias em benefício dos outros. Ótima Sexta-Feira Santa para todos!",2,1,10
Pompeo de Mattos,@PompeodeMattos,https://twitter.com/PompeodeMattos/status/1643663091765215233,2023-04-05T17:13:13.000Z,"Minha solidariedade as todas as famílias das vítimas do ataque covarde ocorrido em Blumenau.
Que Deus em sua magnitude possa confortar a todos e que a justiça seja feita de forma implacável. 
Que esta tragédia sirva de alerta de que nossa sociedade enfrenta tempos muito difíceis.",0,2,13
Pompeo de Mattos,@PompeodeMattos,https://twitter.com/PompeodeMattos/status/1643586532014522370,2023-04-05T12:09:00.000Z,Parabéns a minha amada Novo Hambrugo por seus 96 anos de história. #NovoHamburgo96Anos #AniversárioNovoHamburgo,0,0,8
Pompeo de Mattos,@PompeodeMattos,https://twitter.com/PompeodeMattos/status/1643234041859063812,2023-04-04T12:48:20.000Z,"Comemorando 177 anos de história e tradição em São Gabriel! Que este aniversário renove nossa determinação em trabalhar por um futuro ainda mais próspero para nossa amada cidade. Parabéns, São Gabriel!"" 🎉🎂🎊 #SãoGabriel177Anos #TradiçãoEHistória",0,1,7
Pompeo de Mattos,@PompeodeMattos,https://twitter.com/PompeodeMattos/status/1643028417514807296,2023-04-03T23:11:15.000Z,"Desejo toda sorte e uma excelente gestão ao amigo @JoseScorsatto q assume a presidência da FGTAS (Fundação Gaúcha do Trabalho e Ação Social).

É um grande desafio e uma honrosa missão que tenho certeza que exercerás com muita responsabilidade e trabalho. Parabéns e muito sucesso!",1,0,19
