nome,usuario,idTweet,dataPublicacao,texto,replies,retweets,likes
Rui Falcão,@rfalcao13,https://twitter.com/rfalcao13/status/1651967536605306882,2023-04-28T15:12:07.000Z,"🇧🇷✊É O BRASIL VOLTANDO A DAR CERTO!
O mercado projetou 100 mil novas vagas de emprego para o mês de março. Foram criadas 195 mil empregos com carteira assinada.
O resultado representa uma alta de 97,6%. É simplesmente o dobro do ano passado!
Leia:",18,6,18
Rui Falcão,@rfalcao13,https://twitter.com/rfalcao13/status/1651635383447298056,2023-04-27T17:12:15.000Z,"🚩✊Na pandemia, o @MST_Oficial  distribuiu toneladas de alimentos orgânicos para parte da população mais pobre. Defender a reforma agrária é um dever de todas e todos que acreditam e lutam pela justiça social no Brasil.
 #ToComMST #TôComMST",12,28,74
Rui Falcão,@rfalcao13,https://twitter.com/rfalcao13/status/1651633700776419343,2023-04-27T17:05:34.000Z,"🚩 Defender o @MST_Oficial é lutar contra a fome, contra as desigualdades sociais e visualizar o trabalho cooperativo, relações sem exploração #ToComMST",20,72,169
Rui Falcão,@rfalcao13,https://twitter.com/rfalcao13/status/1651332149125980168,2023-04-26T21:07:19.000Z,"📍A Comissão de Constituição e Justiça e de Cidadania aprovou o requerimento que convida a ministra dos Povos Indígenas, Sônia Guajajara, a comparecer na Comissão, dentre outras deliberações. 🗣️🎥Confira o vídeo!",4,3,18
Rui Falcão,@rfalcao13,https://twitter.com/rfalcao13/status/1649095262512529409,2023-04-20T16:58:43.000Z,"EXCELENTE NOTÍCIA! 
Ministro da Fazenda, @Haddad_Fernando, acaba de se reunir com a SHEIN e anunciar que a empresa irá gerar até 100 mil vagas de empregos no Brasil, além de nacionalizar 85% dos produtos.",12,10,38
Rui Falcão,@rfalcao13,https://twitter.com/rfalcao13/status/1648314101934817284,2023-04-18T13:14:40.000Z,"Atenção, Enfermagem! 

O presidente Lula enviará hoje ao Congresso Nacional o PLN que irá custear o piso salarial da enfermagem. 
Valorização e reconhecimento aos profissionais da enfermagem !",17,4,15
Rui Falcão,@rfalcao13,https://twitter.com/rfalcao13/status/1646844263907442688,2023-04-14T11:54:04.000Z,"O BRASIL DE VOLTA AO MUNDO 🇧🇷🇨🇳O presidente da China, Xi Jinping, e a primeira-dama Peng Liyuan receberam há pouco @LulaOficial e @JanjaLula no Grande Salão do Povo. 📷 @ricardostuckert",32,18,79
Rui Falcão,@rfalcao13,https://twitter.com/rfalcao13/status/1646587275894050828,2023-04-13T18:52:53.000Z,Assista agora minha entrevista ao programa Palavra Aberta da Câmara dos Deputados,9,4,13
Rui Falcão,@rfalcao13,https://twitter.com/rfalcao13/status/1646495459723100160,2023-04-13T12:48:02.000Z,"'Nosso papel, como partido, é fazer a disputa dentro do governo e na sociedade'. Confira minha entrevista para  @OGloboPolitica.",14,6,19
Rui Falcão,@rfalcao13,https://twitter.com/rfalcao13/status/1646160744700948485,2023-04-12T14:38:00.000Z,O presidente do Banco Central está sabotando o Brasil. Não podemos aceitar que a maior taxa de juros do mundo seja mantida.,39,29,97
Rui Falcão,@rfalcao13,https://twitter.com/rfalcao13/status/1645487561329065984,2023-04-10T18:03:00.000Z,"#oBrasilvoltou ! Hoje o governo @LulaOficial completa 100 dias com muitos avanços e muitos desafios pela frente. É hora de conferir AÇÕES DO GOVERNO LULA PARA O SP.
Segue o fio 🧵⬇️",17,5,28
Rui Falcão,@rfalcao13,https://twitter.com/rfalcao13/status/1645429772309127168,2023-04-10T14:13:22.000Z,O BRASIL VOLTOU!,12,7,16
Rui Falcão,@rfalcao13,https://twitter.com/rfalcao13/status/1645409088254214146,2023-04-10T12:51:11.000Z,"🇧🇷🏡 O Brasil voltou e com ele O Minha Casa, Minha Vida! O sonho da casa própria, com mais qualidade de vida e dignidade para as pessoas, está de volta!  #oBrasilVoltou #LulaCemDiasDeTrabalhoEAmor #UniaoeReconstrução",11,19,60
Rui Falcão,@rfalcao13,https://twitter.com/rfalcao13/status/1645381358813081600,2023-04-10T11:01:00.000Z,"🛑🇧🇷 O BRASIL VOLTOU! Os primeiros 100 dias mostram o compromisso do governo federal de melhorar a qualidade de vida do povo. O país das oportunidades está de volta. Com muito trabalho, estamos reconstruindo o Brasil. 100 dias é só o começo. #OBrasilVoltou🎥 Audiovisual/PR",5,6,22
Rui Falcão,@rfalcao13,https://twitter.com/rfalcao13/status/1644717232751251457,2023-04-08T15:02:00.000Z,"Brasil brasileiro é o Brasil que ama e cuida do seu povo. É o Brasil que está de volta para fazer mais pela saúde, pela cultura, pela educação, pelo meio ambiente, pelas pessoas. Brasil brasileiro é o país de todos e para todos. #OBrasilVoltou",17,14,34
Rui Falcão,@rfalcao13,https://twitter.com/rfalcao13/status/1643716672962920451,2023-04-05T20:46:08.000Z,"🇧🇷 Hoje estive com o presidente @LulaOficial , no Palácio do Planalto, para tratar de pautas prioritárias para o crescimento do país. 
Muito trabalho pela frente, vamos unir e reconstruir o Brasil.
 📷 Ricardo Stuckert",26,16,84
Rui Falcão,@rfalcao13,https://twitter.com/rfalcao13/status/1643621451579158530,2023-04-05T14:27:45.000Z,"LUTO E TRISTEZA. Não há palavras para descrever a tragédia ocorrida na creche Bom Pastor, em Blumenau. Quatro crianças morreram e uma está em estado grave. Meu apoio, sentimentos e solidariedade às famílias das vítimas.
Não às armas. Basta de violência.",14,5,41
