nome,usuario,idTweet,dataPublicacao,texto,replies,retweets,likes
Roseana Sarney Murad,@RoseanaSarneyM,https://twitter.com/RoseanaSarneyM/status/1651998624367116288,2023-04-28T17:15:39.000Z,"Hoje é o Dia da Educação. Temos progressos a serem comemorados e, ainda, muitos desafios a serem vencidos. Enquanto dados do OCDE apontam avanços no acesso à educação básica e no índice de desempenho estudantil, o IBGE aponta que 7% da população brasileira  é analfabeta.",22,0,20
Roseana Sarney Murad,@RoseanaSarneyM,https://twitter.com/RoseanaSarneyM/status/1650611666139095040,2023-04-24T21:24:22.000Z,"Hoje, 24 de abril, é um dia de imensa felicidade para nossa família. Meu pai completa 93 anos de vida.",31,12,413
Roseana Sarney Murad,@RoseanaSarneyM,https://twitter.com/RoseanaSarneyM/status/1649485781076004876,2023-04-21T18:50:30.000Z,"Parabéns, Brasília! Nossa capital completa 63 anos de história.

Brasília já nasceu como um marco para a política brasileira. É a sede da nossa democracia e de onde saem as principais decisões para o nosso país. 

Esse ano, Brasília voltou a ser a minha segunda casa.",2,0,11
Roseana Sarney Murad,@RoseanaSarneyM,https://twitter.com/RoseanaSarneyM/status/1647576523698761731,2023-04-16T12:23:48.000Z,"Em minha caminhada hoje, mais uma imagem de tirar o fôlego - beleza, equilíbrio, elegância.",51,0,16
Roseana Sarney Murad,@RoseanaSarneyM,https://twitter.com/RoseanaSarneyM/status/1646965368735387662,2023-04-14T19:55:17.000Z,"O Centro Histórico de São Luís também sofre as consequências das chuvas. Nesse sentido, tive uma reunião importante essa manhã no Ministério de Integração Regional. Traçamos um plano de preservação e reestruturação para o nosso Patrimônio Histórico da Humanidade.",2,0,2
Roseana Sarney Murad,@RoseanaSarneyM,https://twitter.com/RoseanaSarneyM/status/1646280294394220544,2023-04-12T22:33:03.000Z,"Fui nomeada pelo presidente da Câmara, @ArthurLira_, coordenadora da Comissão Externa que acompanha a grave situação dos municípios maranhenses afetados pelas chuvas. Estamos orientando e prestando esclarecimentos às prefeituras que nos procuram para relatar os impactos sofridos.",2,1,9
Roseana Sarney Murad,@RoseanaSarneyM,https://twitter.com/RoseanaSarneyM/status/1645131773607571457,2023-04-09T18:29:14.000Z,Boa Páscoa.,32,1,11
Roseana Sarney Murad,@RoseanaSarneyM,https://twitter.com/RoseanaSarneyM/status/1643711521397112832,2023-04-05T20:25:40.000Z,Não é admissível que com tantos recursos tecnológicos disponíveis ainda tenhamos que suportar tanto horror e sofrimento com o que aconteceu com as crianças da creche em Blumenau. Minha solidariedade a todas as famílias atingidas.,35,0,16
