nome,usuario,idTweet,dataPublicacao,texto,replies,retweets,likes
Ruy Carneiro,@ruycarneiropb,https://twitter.com/ruycarneiropb/status/1648297444189298690,2023-04-18T12:08:29.000Z,"ENFERMAGEM, ESTÁ CHEGANDO A HORA!!!

O PLN que vai garantir o pagamento do piso nacional da categoria será assinado hoje, às 17h30, pelo Governo Federal.
A matéria será enviada ao Congresso e vamos lutar para que ela seja votada com a maior agilidade possível.",7,0,0
Ruy Carneiro,@ruycarneiropb,https://twitter.com/ruycarneiropb/status/1645459916809707520,2023-04-10T16:13:09.000Z,"É revoltante ver o nível de maldade de uma pessoa capaz de atirar contra um cachorro.
O fato aconteceu no bairro de Mangabeira.
As autoridades precisam agir de forma rápida e prender o acusado. 
Que o animal também receba toda a assistência necessária para se recuperar.",4,0,0
Ruy Carneiro,@ruycarneiropb,https://twitter.com/ruycarneiropb/status/1643643281253838848,2023-04-05T15:54:30.000Z,"O ataque a creche em Blumenau-SC é devastador. 
Um criminoso covarde feriu e tirou a vida de várias crianças, destruindo sonhos de muitas famílias. 
Que Deus conforte pais, familiares e educadores envolvidos neste triste fato. E que o assassino seja submetido aos rigores da lei.",3,0,1
