nome,usuario,idTweet,dataPublicacao,texto,replies,retweets,likes
Saullo Vianna,@saullovianna,https://twitter.com/saullovianna/status/1651588078161600517,2023-04-27T14:04:17.000Z,"Aprovamos o Projeto de Lei do Congresso Nacional (PLN) 05/2023, que garante repasse de R$ 7,3 bilhões para o orçamento do Ministério da Saúde e assim, a fim de possibilitar o atendimento de despesas com o piso nacional da enfermagem. 

Feliz de votar a favor dessa propositura tão…",9,1,14
Saullo Vianna,@saullovianna,https://twitter.com/saullovianna/status/1650668135295401987,2023-04-25T01:08:46.000Z,"É importante a afirmação do secretário @bernardappy e também que o governo garanta que a reforma tributária não prejudique a economia da Zona Franca de Manaus. Como membro do Grupo de Trabalho da Reforma Tributária, estou acompanhando de perto as discussões para que sejam…",12,0,13
Saullo Vianna,@saullovianna,https://twitter.com/saullovianna/status/1648831420326989826,2023-04-19T23:30:19.000Z,"A Reforma Tributária pode tornar o sistema brasileiro mais justo, especialmente para os mais pobres. 

Com o cashback, estima-se um aumento de 21,2% no consumo das famílias que ganham até 1 salário mínimo. Além disso, em 10 a 15 anos, a reforma pode gerar 12 milhões de novos…",1,1,5
Saullo Vianna,@saullovianna,https://twitter.com/saullovianna/status/1647006082156449794,2023-04-14T22:37:04.000Z,"Ampliamos e trouxemos o debate sobre o sistema tributário para a nossa realidade com a realização do Seminário Estadual Sobre a Reforma Tributária, uma medida necessária para que os membros do Grupo de Trabalho da Câmara entendessem nossa motivação para defender a todo custo a…",4,1,9
Saullo Vianna,@saullovianna,https://twitter.com/saullovianna/status/1645537614689193989,2023-04-10T21:21:54.000Z,"Chego em Brasília e me deparo com a triste notícia de que um adolescente invadiu uma sala de aula de uma escola particular de Manaus e feriu três pessoas com uma faca. 
Assim como os milhões de pais pelo país, sei que algo precisa ser feito de maneira emergencial antes que esses…",3,1,17
Saullo Vianna,@saullovianna,https://twitter.com/saullovianna/status/1644360950697345024,2023-04-07T15:26:16.000Z,Quando nossos esforços de informar e sensibilizar sobre a importância da Zona Franca de Manaus pro Amazonas e Brasil indicam rumo certo! @Estadao revela compromisso do ministro @Haddad_Fernando com manutenção da ZFM. Seguimos firmes no desafio de defender a economia do AM.,2,4,13
Saullo Vianna,@saullovianna,https://twitter.com/saullovianna/status/1643693407158558739,2023-04-05T19:13:41.000Z,"Eu estou aqui, defendo diariamente os interesses do meu Estado e da Zona Franca de Manaus, diferente de quem não o fez quando teve a oportunidade e ainda se colocou contra os amazonenses por puro oportunismo político e eleitoral. https://bncamazonas.com.br/poder/o-brasil-nao-ficara-travado-por-conta-da-zfm-diz-traidor-do-amazonas/…",3,3,20
Saullo Vianna,@saullovianna,https://twitter.com/saullovianna/status/1643632956416618499,2023-04-05T15:13:28.000Z,"Infelizmente, mais uma vez nosso país lamenta atentado à vida em ambiente escolar. Dessa vez, em uma creche em Santa Catarina onde um homem matou brutalmente 4 crianças e deixou outras gravemente feridas. Recentemente, uma professora foi assasinada em São Paulo. Em Manaus,…",1,0,7
