nome,usuario,idTweet,dataPublicacao,texto,replies,retweets,likes
Silvia Waiãpi,@silviawaiapi,https://twitter.com/silviawaiapi/status/1652057990311079938,2023-04-28T21:11:33.000Z,"Não a censura!!! Conte comigo nessa luta!

E vocês, o que acham do Governo em banir a sua liberdade de expressão?",24,265,651
Silvia Waiãpi,@silviawaiapi,https://twitter.com/silviawaiapi/status/1652002853584621568,2023-04-28T17:32:27.000Z,"A nítida diferença. Hoje, temos um Governo que mantém suas mentiras para a população mais carente.",17,246,563
Silvia Waiãpi,@silviawaiapi,https://twitter.com/silviawaiapi/status/1651943143082737664,2023-04-28T13:35:11.000Z,Esse não era o Governo que iria olhar pelos pobres?,10,49,187
Silvia Waiãpi,@silviawaiapi,https://twitter.com/silviawaiapi/status/1651631195023712264,2023-04-27T16:55:37.000Z,"Projeto da Censura: fui a única do Amapá a votar contra!!

A liberdade de expressão e a democracia são indissociáveis e indiscutíveis. 

CENSURA, NÃO!!!",121,1.164,3.799
Silvia Waiãpi,@silviawaiapi,https://twitter.com/silviawaiapi/status/1650890891647766531,2023-04-25T15:53:55.000Z,"Em reunião, hoje pela manhã,   debatemos as pautas da semana.

Entre elas: a instalação da CPMI 08 de Janeiro e projetos para derrubar decretos do Governo sobre armas.",30,65,354
Silvia Waiãpi,@silviawaiapi,https://twitter.com/silviawaiapi/status/1650287655731580933,2023-04-23T23:56:52.000Z,A CPMI é uma obrigação do Congresso Nacional para com os brasileiros.,17,124,617
Silvia Waiãpi,@silviawaiapi,https://twitter.com/silviawaiapi/status/1649881916995170304,2023-04-22T21:04:36.000Z,"De minha autoria. Solicitei a inclusão de quilombolas e indígenas no Programa Habitacional. 

Eles também precisam ter acesso à moradia e mais oportunidade de desenvolvimento.",21,99,424
Silvia Waiãpi,@silviawaiapi,https://twitter.com/silviawaiapi/status/1649786886985007106,2023-04-22T14:47:00.000Z,"Quando tratamos de política de proteção às mulheres, defendo a necessidade de estendermos às mulheres indígenas um tradutor de sua língua para que a vítima seja representada.",5,33,165
Silvia Waiãpi,@silviawaiapi,https://twitter.com/silviawaiapi/status/1649510493684367361,2023-04-21T20:28:42.000Z,"Parabéns pelos 63 anos da nossa capital!!! Brasília,
cidade que abriga o  Congresso Nacional, com
brasileiros de todos os cantos desta nação na construção de um país mais justo e igualitário.",6,16,88
Silvia Waiãpi,@silviawaiapi,https://twitter.com/silviawaiapi/status/1648884964304224256,2023-04-20T03:03:04.000Z,"Dia dos Povos Indígenas. 

Indígena SIM, com muito orgulho e honra!!",14,60,605
Silvia Waiãpi,@silviawaiapi,https://twitter.com/silviawaiapi/status/1648457365220642823,2023-04-18T22:43:57.000Z,"De minha autoria, a Comissão de Segurança Pública aprovou uma Moção de Pesar pelo falecimento dos quatro alunos atacados covardemente na creche em SC.

Somos prisioneiros de bandidos. Vivemos, sim, reclusos e criminosos estão soltos. O Brasil clama por mudanças!",8,45,235
Silvia Waiãpi,@silviawaiapi,https://twitter.com/silviawaiapi/status/1648437875283984385,2023-04-18T21:26:30.000Z,"Nós parlamentares, estamos na coletiva de imprensa que pressiona a abertura da CPMI de 8 de janeiro.

Foi adiada para o dia 26 de abril a sessão do Congresso que irá fazer essa leitura.

Precisamos dar transparência aos fatos ocorridos no dia para o povo brasileiro.",7,61,227
Silvia Waiãpi,@silviawaiapi,https://twitter.com/silviawaiapi/status/1648333109937549312,2023-04-18T14:30:12.000Z,"O crescimento econômico dos povos indígenas: etnodesenvolvimento. 
Essa foi a pauta principal do nosso encontro. 

Obrigada a todos líderes indígenas que vieram, e nos trouxe temas importantes para o debate aqui na Câmara.",18,64,222
Silvia Waiãpi,@silviawaiapi,https://twitter.com/silviawaiapi/status/1648060186899390464,2023-04-17T20:25:42.000Z,"Nesse momento, iniciando a reunião aqui na Câmara, escutando atentamente as demandas dos líderes indígenas de todo o Brasil.",16,76,383
Silvia Waiãpi,@silviawaiapi,https://twitter.com/silviawaiapi/status/1647991649367207936,2023-04-17T15:53:22.000Z,"Logo mais, irei receber aqui na Câmara, líderes indígenas de todo o Brasil.

Vamos debater diversos assuntos daquele povo, entre eles, a liberação das terras para produção agrícola.",22,114,455
Silvia Waiãpi,@silviawaiapi,https://twitter.com/silviawaiapi/status/1646974017708912641,2023-04-14T20:29:39.000Z,"No encontro com líderes indígenas, dia 17, iremos debater o desenvolvimento econômico.
 
Quero ouvir as reais demandas daquele povo, que são bem diferentes de representantes da esquerda que impedem seu desenvolvimento.

 Não podemos condenar nosso povo para que vivam em 1500!",8,32,174
Silvia Waiãpi,@silviawaiapi,https://twitter.com/silviawaiapi/status/1646966719049498624,2023-04-14T20:00:39.000Z,"Próxima segunda-feira (17), na Câmara dos Deputados, recebo lideranças indígenas de todo o Brasil para
ouvir as demandas daquele povo. 

Vamos tratar sobre o  crescimento econômico e a liberação das terras indígenas para produção agrícola.",15,61,231
Silvia Waiãpi,@silviawaiapi,https://twitter.com/silviawaiapi/status/1646486158048739329,2023-04-13T12:11:04.000Z,"Não aceitam no parlamento uma mulher filha do Norte, filha de Waiãpi, eleita pelo povo, por quê?",23,162,832
Silvia Waiãpi,@silviawaiapi,https://twitter.com/silviawaiapi/status/1646317679911870465,2023-04-13T01:01:36.000Z,Fui vítima de racismo com falas machistas e misóginas. Numa nítida violência política contra uma mulher.,22,283,1.016
Silvia Waiãpi,@silviawaiapi,https://twitter.com/silviawaiapi/status/1645950439945297923,2023-04-12T00:42:19.000Z,"Hoje à tarde, em audiência pública, encerrada após tumulto, me preparei na Comissão de Segurança Pública.

Na ocasião, iria questionar o Min. da Justiça, Flávio Dino, para prestar esclarecimentos sobre o crescimento de invasões de terras, ataques em escolas e a política de armas.",24,99,666
Silvia Waiãpi,@silviawaiapi,https://twitter.com/silviawaiapi/status/1645530632569667588,2023-04-10T20:54:09.000Z,"Minha análise: 100 dias do Governo Lula. Ele prometeu tudo, entregou nada!",35,269,1.564
Silvia Waiãpi,@silviawaiapi,https://twitter.com/silviawaiapi/status/1645455712900751363,2023-04-10T15:56:27.000Z,"Minha solidariedade às famílias dessa brutalidade no município de Santana (AP).

Destaco o Projeto de Lei de minha autoria que subsidia moradores na instalação de câmeras de videovigilância para combater o crime e a violência.",4,108,434
Silvia Waiãpi,@silviawaiapi,https://twitter.com/silviawaiapi/status/1645192744912953344,2023-04-09T22:31:31.000Z,Temos que agir urgentemente! Pela redução da maioridade penal no Brasil.,13,158,659
Silvia Waiãpi,@silviawaiapi,https://twitter.com/silviawaiapi/status/1644127415931740161,2023-04-06T23:58:17.000Z,É nosso dever defender as crianças e adolescentes!,19,125,627
Silvia Waiãpi,@silviawaiapi,https://twitter.com/silviawaiapi/status/1643988308983447554,2023-04-06T14:45:31.000Z,"O assasino de 04 crianças em SC é um velho conhecido da polícia com extensa ficha criminal.

Meu compromisso na Câmara é endurecer a pena para crimes graves.

Ou o Brasil encara o desafio de pesar a mão nas leis contra criminosos, ou iremos continuar à mercê da bandidagem.",26,79,382
Silvia Waiãpi,@silviawaiapi,https://twitter.com/silviawaiapi/status/1643391410542899200,2023-04-04T23:13:39.000Z,"De minha autoria, esse evento tem como objetivo reconhecer e valorizar a riqueza cultural e a diversidade dos povos indígenas que compõem a nossa nação.",9,55,242
Silvia Waiãpi,@silviawaiapi,https://twitter.com/silviawaiapi/status/1643217773588361216,2023-04-04T11:43:41.000Z,Por mais segurança!!! Projeto de minha autoria. Detectores de metais nas escolas.,18,90,475
Silvia Waiãpi,@silviawaiapi,https://twitter.com/silviawaiapi/status/1642967014888054806,2023-04-03T19:07:15.000Z,O combustível alto irá refletir nos preços absurdos das passagens aéreas. Sabe quando vai ter passagem de R$ 200? NUNCA!!!,9,86,331
Silvia Waiãpi,@silviawaiapi,https://twitter.com/silviawaiapi/status/1642945383767703570,2023-04-03T17:41:18.000Z,"Nossa homenagem aos povos indígenas.  Não percam! Quarta-feira, dia 05, às 10h.",13,65,374
Silvia Waiãpi,@silviawaiapi,https://twitter.com/silviawaiapi/status/1642586431985008645,2023-04-02T17:54:57.000Z,Vamos combater a violência e proteger o único local que transforma o ser: a escola.,26,122,696
Silvia Waiãpi,@silviawaiapi,https://twitter.com/silviawaiapi/status/1642566027945861120,2023-04-02T16:33:53.000Z,O autista tem no sorriso o dom de trazer a felicidade a quem o rodeia.,5,36,209
Silvia Waiãpi,@silviawaiapi,https://twitter.com/silviawaiapi/status/1642198542088380417,2023-04-01T16:13:37.000Z,Lula: Pai da Mentira,22,120,543
