nome,usuario,idTweet,dataPublicacao,texto,replies,retweets,likes
Zeca Dirceu,@zeca_dirceu,https://twitter.com/zeca_dirceu/status/1652357078101692422,2023-04-29T17:00:01.000Z,Avançamos muito. E 100 dias é só o começo! 🇧🇷#OBrasilVoltou #LulaPresidente #UniãoEReconstrução,20,16,107
Zeca Dirceu,@zeca_dirceu,https://twitter.com/zeca_dirceu/status/1652341190857981955,2023-04-29T15:56:53.000Z,"A participação social voltou! O governo Lula quer ouvir VOCÊ sobre o Novo Ensino Médio. Acesse a Plataforma de Consulta Pública até 6/6 e dê a sua opinião.
      https://gov.br/participamaisbrasil/reestruturacao-da-politica-nacional-de-ensino-medio…",24,151,437
Zeca Dirceu,@zeca_dirceu,https://twitter.com/zeca_dirceu/status/1652292323647057921,2023-04-29T12:42:42.000Z,"Hoje é dia de Luto e Luta! Há 8 anos os/as educadores/as foram massacrados, em pleno Centro Cívico de Curitiba, por estarem lutando contra o desmonte da carreira e do ParanáPrevidência. 
Dentro ou fora das escolas a Paz deve prevalecer. Basta de tanta violência!",27,50,162
Zeca Dirceu,@zeca_dirceu,https://twitter.com/zeca_dirceu/status/1652062633368096768,2023-04-28T21:30:00.000Z,"Após 4 anos sem reajuste acima da inflação, o salário mínimo será de R$1.320 a partir de 1⁰ de maio. O Presidente @LulaOficial está cumprindo as promessas de campanha e vai fazer ainda mais pelos trabalhadores. Faz o L!#DiaDoTrabalhador #ValorizaçãoSalarial #LulaPresidente",20,40,155
Zeca Dirceu,@zeca_dirceu,https://twitter.com/zeca_dirceu/status/1652032435079741440,2023-04-28T19:30:00.000Z,"O Governo do Presidente @LulaOficial está cumprindo a promessa de campanha, colocando o pobre no orçamento e o rico no imposto de renda. Não há justiça social sem equilíbrio tributário!",75,195,697
Zeca Dirceu,@zeca_dirceu,https://twitter.com/zeca_dirceu/status/1652010166424940544,2023-04-28T18:01:31.000Z,"🚨ATENÇÃO! Quem ganha até R$2.640 não pagará mais Imposto de Renda! A medida foi anunciada hoje pelo ministro do Trabalho, @luizmarinhopt, e passará a valer a partir de 1⁰ de maio, beneficiando quase 14 milhões de brasileiros.",40,128,402
Zeca Dirceu,@zeca_dirceu,https://twitter.com/zeca_dirceu/status/1651953171936231424,2023-04-28T14:15:02.000Z,Mentira descarada essa que o projeto de lei 2630 vai censurar versículos da bíblia. O projeto vai garantir mais transparência aos usuários e proteção contra o ódio na internet.,58,63,306
Zeca Dirceu,@zeca_dirceu,https://twitter.com/zeca_dirceu/status/1651941840982093824,2023-04-28T13:30:01.000Z,"Levar educação aos mais pobres colocou Paulo Freire na prisão da ditadura. Como membro titular da Comissão de Educação, hoje relembro sua resistência para celebrar a liberdade!📚✏️#DiaDaEducação #Democracia #Liberdade",17,38,137
Zeca Dirceu,@zeca_dirceu,https://twitter.com/zeca_dirceu/status/1651740686331392001,2023-04-28T00:10:42.000Z,"Para crescer e se desenvolver, o Brasil precisa criar condições para atrair investimentos no setor produtivo. A inflação está desacelerando, os indicadores econômicos em franca melhora, é preciso diminuir a taxa de juros!",20,43,215
Zeca Dirceu,@zeca_dirceu,https://twitter.com/zeca_dirceu/status/1651647663866105856,2023-04-27T18:01:03.000Z,"Trabalhamos intensamente para garantir que o governo federal fizesse o repasse do saldo remanescente das entidades privadas sem fins lucrativos, Santas Casas e entidades filantrópicas.+",18,48,169
Zeca Dirceu,@zeca_dirceu,https://twitter.com/zeca_dirceu/status/1651586895338524675,2023-04-27T13:59:35.000Z,"Concordo com o ministro @Haddad_Fernando quando diz “temos uma agenda importante de recuperação da nossa capacidade de crescer, gerar emprego, renda e desenvolvimento”. A economia precisa crescer com sustentabilidade!",12,32,136
Zeca Dirceu,@zeca_dirceu,https://twitter.com/zeca_dirceu/status/1651584107246125056,2023-04-27T13:48:30.000Z,"Ministro da Fazenda @Haddad_Fernando está agora no Senado Federal, debatendo juros, inflação e crescimento econômico.▶️",6,33,130
Zeca Dirceu,@zeca_dirceu,https://twitter.com/zeca_dirceu/status/1651560730884276225,2023-04-27T12:15:37.000Z,"O orçamento do IFPR subiu quase R$ 10 milhões, foi de R$ 1 milhão para R$ 11 milhões!
No início do mês, promovi um encontro dos reitores dos IFPRs com o MEC. Os representantes dos campis levaram demandas à Brasília. Agora, o governo já está trabalhando para atender essas demandas",8,44,133
Zeca Dirceu,@zeca_dirceu,https://twitter.com/zeca_dirceu/status/1651400874999119873,2023-04-27T01:40:24.000Z,A aprovação da urgência de votação do PL das Fake News é uma mostra necessária que o Congresso está ouvindo quem o elegeu. 80% da população quer a regulamentação das redes. Vamos trabalhar pra isso!,41,98,398
Zeca Dirceu,@zeca_dirceu,https://twitter.com/zeca_dirceu/status/1651317062029983746,2023-04-26T20:07:22.000Z,"Vitória das enfermeiras e enfermeiros de todo o Brasil!
Conseguimos agora a aprovação da garantia de custeio do Piso Nacional da Enfermagem!

Cumprimos um importante compromisso com os trabalhadores e trabalhadoras da saúde! 

Nossas enfermeiras e enfermeiros merecem todo valor!",12,28,95
Zeca Dirceu,@zeca_dirceu,https://twitter.com/zeca_dirceu/status/1651315314389401601,2023-04-26T20:00:25.000Z,"Hoje é aniversário da nossa @appsindicato, que defende nossos professores e funcionários das escolas do Paraná! 

Parabéns pelos 76 anos de muita luta e neste dia especial reafirmo meu compromisso e dedicação com a educação pública do nosso estado! 📚✏️",7,14,57
Zeca Dirceu,@zeca_dirceu,https://twitter.com/zeca_dirceu/status/1651287043605921793,2023-04-26T18:08:05.000Z,"Sancionada a Lei 14.559, que declara o ex-piloto Ayrton Senna da Silva, Patrono do Esporte Brasileiro.",27,40,217
Zeca Dirceu,@zeca_dirceu,https://twitter.com/zeca_dirceu/status/1651238223585083393,2023-04-26T14:54:05.000Z,"Foi sem querer, querendo...
Bolsonaro afirma que compartilhou vídeo questionando as eleições sem querer. O povo não é bobo e conhece muito bem a intenção, o discurso e o modo de agir do ex-presidente não reeleito.",16,42,108
Zeca Dirceu,@zeca_dirceu,https://twitter.com/zeca_dirceu/status/1651215587014582272,2023-04-26T13:24:08.000Z,"É ótimo presenciar o Brasil se destacando no cenário global. O presidente @LulaOficial  está atualmente em sua visita pela Europa, e hoje se encontrou com o presidente da Espanha, @sanchezcastejon . 
Estamos vivendo em uma nova época de paz, diálogo e uma agenda global positiva.",11,24,123
Zeca Dirceu,@zeca_dirceu,https://twitter.com/zeca_dirceu/status/1651199591340036099,2023-04-26T12:20:35.000Z,"Hoje Bolsonaro será interrogado pela Polícia Federal em relação aos atos criminosos e golpistas do dia 08 de janeiro. Por anos, ele descredibilizou as urnas, incentivou pelas redes sociais o ódio, desordem. Bolsonaro tem que ser responsabilizado pelos crimes que cometeu.",9,19,112
Zeca Dirceu,@zeca_dirceu,https://twitter.com/zeca_dirceu/status/1651194588151808002,2023-04-26T12:00:42.000Z,"A hora da verdade chegou, Bolsonaro vai pagar pelos seus crimes, incluindo o 8 de janeiro!#BolsonaroNaCadeia #CapitãoDoGolpe",19,31,141
Zeca Dirceu,@zeca_dirceu,https://twitter.com/zeca_dirceu/status/1650970829696430082,2023-04-25T21:11:34.000Z,"Michelle é muito popular! Além dos cheques, moedinhas e carpas, a ex-primeira dama recebeu EM MÃOS um kit com relógio, caneta, anel, abotoaduras e um rosário da Arábia Saudita. Alguém tá surpreso?",430,557,1.594
Zeca Dirceu,@zeca_dirceu,https://twitter.com/zeca_dirceu/status/1650932406164045825,2023-04-25T18:38:53.000Z,"Sabe o que os massacres em escolas e a tentativa de golpe de 08/01 têm em comum? O uso de redes sociais para espalhar desinformação e violência.

Para proteger as crianças e a democracia, defendemos a regulação pública das plataformas: pela aprovação do #PL2630Já",25,79,216
Zeca Dirceu,@zeca_dirceu,https://twitter.com/zeca_dirceu/status/1650923518081507335,2023-04-25T18:03:34.000Z,"Com muita luta, conquistamos recomposição de orçamento das universidades federais. Somente no Paraná, o valor subiu para R$ 473 milhões. Estamos tirando as universidades da UTI para que tenham recursos para o pagamento de água e luz, serviços e outras despesas e investimentos.",9,59,337
Zeca Dirceu,@zeca_dirceu,https://twitter.com/zeca_dirceu/status/1650918782330609682,2023-04-25T17:44:44.000Z,"Há 49 anos, o povo português pôs fim a uma ditadura sanguinária e que subjugava nações africanas. Saudamos a coragem de todos que participaram da Revolução dos Cravos e a vitória do espírito fraterno que mantém a democracia.#RevoluçãoDosCravos #Resistência #Democracia",12,35,146
Zeca Dirceu,@zeca_dirceu,https://twitter.com/zeca_dirceu/status/1650862174242484225,2023-04-25T13:59:48.000Z,"Para justificar a manutenção da taxa de juros em 13,75%, Campos Neto afirma que os “rentistas somos todos nós”. Caro presidente do Banco Central, os brasileiros não são rentistas esperando a variação das ações, são trabalhadores que querem produzir riqueza e gerar empregos!",57,234,684
Zeca Dirceu,@zeca_dirceu,https://twitter.com/zeca_dirceu/status/1650848413167091713,2023-04-25T13:05:07.000Z,A vacinação com a dose de reforço bivalente contra Covid-19 foi ampliada. Cerca de 97 milhões de brasileiros podem procurar as unidades de saúde nesta etapa. #MovimentoNacionalpelaVacinação,7,27,103
Zeca Dirceu,@zeca_dirceu,https://twitter.com/zeca_dirceu/status/1650576561265860613,2023-04-24T19:04:53.000Z,"""Você que inventou a tristeza
Ora, tenha a fineza de desinventar
Você vai pagar e é dobrado
Cada lágrima rolada nesse meu penar""",218,220,1.130
Zeca Dirceu,@zeca_dirceu,https://twitter.com/zeca_dirceu/status/1650543640878493729,2023-04-24T16:54:04.000Z,"Sagaz e bem humorado o discurso de Chico Buarque no Prêmio Camões.
Além de brincar com a compra da gravata de Lula, que foi pauta na imprensa nacional, ele agradeceu a ""rara fineza"" de Bolsonaro de deixar para Lula a honra de assinar a sua premiação. 
A arte brasileira sobrevive!",104,212,1.067
Zeca Dirceu,@zeca_dirceu,https://twitter.com/zeca_dirceu/status/1650518146862706696,2023-04-24T15:12:46.000Z,O Banco Central precisa rever as altas taxas de juros praticadas no Brasil.,79,34,165
Zeca Dirceu,@zeca_dirceu,https://twitter.com/zeca_dirceu/status/1650460812425699329,2023-04-24T11:24:56.000Z,"O governo @LulaOficial  não para de trabalhar! Na manhã de hoje, o Brasil firmou o 14⁰ acordo de cooperação com Portugal. Dessa vez, foi entre Apex (Brasil) e Aciep (Portugal) para beneficiar pequenas e médias empresas.📸: @ricardostuckert",17,54,195
Zeca Dirceu,@zeca_dirceu,https://twitter.com/zeca_dirceu/status/1650220527418589184,2023-04-23T19:30:08.000Z,"Proteger quem defende os direitos das pessoas é trabalhar, de fato, por um Brasil sem ódio e violência.",155,66,389
Zeca Dirceu,@zeca_dirceu,https://twitter.com/zeca_dirceu/status/1650123676388413441,2023-04-23T13:05:16.000Z,A viagem do presidente @LulaOficial a Portugal rendeu a assinatura de 13 acordos bilaterais entre os países. Confira a importância da retomada das relações exteriores do nosso Brasil.,223,153,588
Zeca Dirceu,@zeca_dirceu,https://twitter.com/zeca_dirceu/status/1649874955155255296,2023-04-22T20:36:57.000Z,"Lula fechou 11 acordos em Portugal, e entre eles um que me alegra muito: a equivalência de diplomas.
Isso mostra que nossas universidades e nossos profissionais têm excelência internacional!

Parabéns ao nosso presidente, @LulaOficial e ao Ministro da Educação, @CamiloSantanaCE",344,433,2.038
Zeca Dirceu,@zeca_dirceu,https://twitter.com/zeca_dirceu/status/1649854770989916162,2023-04-22T19:16:44.000Z,Servidores públicos demitidos após privatizações merecem uma 2ª chance!,40,46,234
Zeca Dirceu,@zeca_dirceu,https://twitter.com/zeca_dirceu/status/1649747782570221570,2023-04-22T12:11:36.000Z,"Nosso presidente @LulaOficial já está sendo muito bem recebido em Portugal. Com Lula, o Brasil é protagonista nas relações internacionais e respeitado como um país soberano!",9,24,92
Zeca Dirceu,@zeca_dirceu,https://twitter.com/zeca_dirceu/status/1649490624737947654,2023-04-21T19:09:45.000Z,"Atualmente, Brasília é a minha segunda casa. Aqui trabalho pelos paranaenses e por todos os brasileiros. Parabenizo a cidade, e seus habitantes de todo o país, pelos 63 anos de Brasília.",81,42,340
Zeca Dirceu,@zeca_dirceu,https://twitter.com/zeca_dirceu/status/1649395362510123008,2023-04-21T12:51:13.000Z,"Essa semana a enfermagem conquistou uma grande vitória, mas a luta ainda não acabou! Reafirmo meu compromisso para fazer a pauta avançar!",78,75,467
Zeca Dirceu,@zeca_dirceu,https://twitter.com/zeca_dirceu/status/1649100908385685505,2023-04-20T17:21:10.000Z,"85% da produção da Shein acontecerá no Brasil!
No governo Lula o Brasil deixará de ser apenas consumidor e terá investimento para que as empresas passem a produzir aqui, gerando  trabalho e renda para a nossa população.",129,143,565
Zeca Dirceu,@zeca_dirceu,https://twitter.com/zeca_dirceu/status/1649043063396880385,2023-04-20T13:31:18.000Z,Escola é lugar de aprendizado e amizade ❤️Estou mobilizado pela cultura da paz nas escolas ✊#BrasilUnidoPelaPaz #EscolaSegura,37,77,443
Zeca Dirceu,@zeca_dirceu,https://twitter.com/zeca_dirceu/status/1649025183473192961,2023-04-20T12:20:15.000Z,"O governo federal, os estados e os municípios estão juntos no compromisso de cuidar do ambiente escolar, por meio de ações e programas que garantam segurança aos estudantes e tragam paz às famílias e à toda comunidade. #BrasilUnidoPelaPaz #EscolaSegura",8,19,52
Zeca Dirceu,@zeca_dirceu,https://twitter.com/zeca_dirceu/status/1648837450393964545,2023-04-19T23:54:16.000Z,"Todos contra a violência nas escolas!
Nossas crianças e adolescentes merecem proteção, e as famílias, paz e tranquilidade.",41,49,264
Zeca Dirceu,@zeca_dirceu,https://twitter.com/zeca_dirceu/status/1648742825754755077,2023-04-19T17:38:16.000Z,"Participei hoje do diálogo entre a Comissão de Saúde e a Comissão de Defesa dos Direitos da Pessoa Idosa da Câmara junto com a Ministra da Saúde, @nisia_trindade . Vamos propor e fiscalizar as ações voltadas a essa população.",18,23,96
Zeca Dirceu,@zeca_dirceu,https://twitter.com/zeca_dirceu/status/1648704945435074562,2023-04-19T15:07:45.000Z,"SALVE ESTA DATA!
Minha tradicional festa de aniversário solidária que já acontece há 20 anos no Paraná, será em Cianorte no dia 24 de junho.
Como já é tradição, neste ano vamos arrecadar alimentos e beneficiar entidades.
Convites e informações pelo Zap do Zeca: (44) 9 8809-7778",11,13,60
Zeca Dirceu,@zeca_dirceu,https://twitter.com/zeca_dirceu/status/1648691087278501888,2023-04-19T14:12:41.000Z,"O sistema OCEPAR organiza as cooperativas do Paraná e é responsável por 64% da produção de grãos e 45% de carne e lácteos do estado. Seguirei apoiando as cooperativas, um sistema justo com os produtores e que garante desenvolvimento para o Paraná e para o Brasil.",7,7,42
Zeca Dirceu,@zeca_dirceu,https://twitter.com/zeca_dirceu/status/1648676984594087937,2023-04-19T13:16:38.000Z,"Vamos garantir o piso da enfermagem! 🩺💉❤️O Projeto de Lei, assinado pelo presidente @LulaOficial, garante orçamento para pagar nossos profissionais da saúde. 

Mais uma vitória dos nossos trabalhadores e trabalhadoras!",16,35,89
Zeca Dirceu,@zeca_dirceu,https://twitter.com/zeca_dirceu/status/1648641572374806529,2023-04-19T10:55:55.000Z,"Ministro do #stf @alexandre vota por tornar réus 100 envolvidos nos atos terroristas de 8 janeiro. 

Só isto inibirá a repetição dos crimes praticados.",10,8,55
Zeca Dirceu,@zeca_dirceu,https://twitter.com/zeca_dirceu/status/1648488376033738753,2023-04-19T00:47:10.000Z,"Vou trabalhar na Câmara dos Deputados pela rápida aprovação do Novo Arcabouço Fiscal. 
Todas as propostas e compromissos do presidente Lula vão  sair do papel com a implementação da regra, fortalecendo programas e ações voltadas a qualidade de vida do povo brasileiro.",293,62,386
Zeca Dirceu,@zeca_dirceu,https://twitter.com/zeca_dirceu/status/1648474234455490560,2023-04-18T23:50:59.000Z,"Foi dado mais um passo importante na luta pelo piso salarial da enfermagem. O Presidente @LulaOficial  assinou o PL que disponibiliza o valor de R$ 7,3 bilhões para assegurar o  pagamento do piso nacional da enfermagem dentro do orçamento do  Ministério da Saúde.",53,80,426
Zeca Dirceu,@zeca_dirceu,https://twitter.com/zeca_dirceu/status/1648468810951962624,2023-04-18T23:29:26.000Z,"O trabalho continua aqui na Liderança do PT na Câmara dos Deputados. Reunião para debater o Projeto de Lei 2630/20, que trata das Fake News.",15,29,126
Zeca Dirceu,@zeca_dirceu,https://twitter.com/zeca_dirceu/status/1648460761650589698,2023-04-18T22:57:27.000Z,"Bastidores da entrevista para o @jornalnacional  sobre o Novo Arcabouço Fiscal.
A matéria será publicada daqui a pouco, na edição desta terça-feira.",3,14,73
Zeca Dirceu,@zeca_dirceu,https://twitter.com/zeca_dirceu/status/1648396040477745152,2023-04-18T18:40:16.000Z,"Nos pega de surpresa a decisão do TRF-4 de negar a pensão do Estado aos três filhos de Marcelo Arruda, assassinado por um agente de segurança motivado pelo ódio político. Para reconstruir o Brasil é necessário um olhar generoso às vítimas e uma resposta justa a esse tipo de crime",61,258,869
Zeca Dirceu,@zeca_dirceu,https://twitter.com/zeca_dirceu/status/1648394412513173516,2023-04-18T18:33:48.000Z,"O tempo da impunidade e do Sérgio Moro fazer o que bem quer e o que bem entende, já acabou!",790,159,846
Zeca Dirceu,@zeca_dirceu,https://twitter.com/zeca_dirceu/status/1648382986952253448,2023-04-18T17:48:24.000Z,"A pedido do presid @ArthurLira_ , já indicamos nossos membros ao #ConselhoDeEtica da câmara.
É urgente começar as punições, xingamentos e empurrões são inaceitáveis.
A invasão hoje por 3 deputados da sala do presidente do senado, é mais um exemplo que perderam a ética totalmente.",39,141,437
Zeca Dirceu,@zeca_dirceu,https://twitter.com/zeca_dirceu/status/1648328194536222724,2023-04-18T14:10:40.000Z,"Daqui a pouco participo na @CNNBrasil  do quadro Dois Lados, com a jornalista @Basiliarodri . 
Acompanhe pelo link: https://youtube.com/watch?v=MNG9_ZFMc9s…",14,12,50
Zeca Dirceu,@zeca_dirceu,https://twitter.com/zeca_dirceu/status/1648289752968306688,2023-04-18T11:37:55.000Z,"Mais uma vez o preço do diesel despencou! 

Foi pra isso que fiz o L!",244,195,752
Zeca Dirceu,@zeca_dirceu,https://twitter.com/zeca_dirceu/status/1648287816999223296,2023-04-18T11:30:13.000Z,"Aperfeiçoa-te na arte de escutar, só quem ouviu o rio pode ouvir o mar!
Bom dia ☀️😃",13,10,74
Zeca Dirceu,@zeca_dirceu,https://twitter.com/zeca_dirceu/status/1648078904563847168,2023-04-17T21:40:05.000Z,"Começando a semana junto com a Ministra da Saúde Nísia Trindade, trabalhando pelos paranaenses!
O programa Mais Médicos voltou! Profissionais serão enviados aos municípios do Paraná para reforçar as equipes de saúde e fornecer atendimento digno a população.",146,52,223
Zeca Dirceu,@zeca_dirceu,https://twitter.com/zeca_dirceu/status/1648065464361164800,2023-04-17T20:46:40.000Z,"O marreco agora arrumou pra cabeça!
Além de preso; será cassado, sabemos bem a quantidade de ilegalidades que fez na campanha, está tudo provado na nossa ação ao TRE-PR.",893,649,2.162
Zeca Dirceu,@zeca_dirceu,https://twitter.com/zeca_dirceu/status/1647967883278860289,2023-04-17T14:18:55.000Z,"Hoje acompanho a Ministra da Saúde @nisia_trindade, durante agenda na cidade de Curitiba. Juntos vamos debater ações para fortalecer a saúde pública no Paraná.",29,99,423
Zeca Dirceu,@zeca_dirceu,https://twitter.com/zeca_dirceu/status/1647958760067874819,2023-04-17T13:42:40.000Z,"O Brasil vive novos tempos!
A democracia foi restabelecida, as políticas públicas recuperadas e a história está sendo restaurada.",181,94,532
Zeca Dirceu,@zeca_dirceu,https://twitter.com/zeca_dirceu/status/1647652788715888640,2023-04-16T17:26:51.000Z,Vamos garantir o piso salarial da enfermagem! Nesta segunda-feira o presidente @LulaOficial vai enviar ao Congresso Nacional o Projeto de Lei que abre margem orçamentária para tornar realidade o salário destes importantes profissionais da saúde!,53,130,608
Zeca Dirceu,@zeca_dirceu,https://twitter.com/zeca_dirceu/status/1647646556575653892,2023-04-16T17:02:05.000Z,"Lula voltou da China, falando em colocar internet em todas #escolas, isto é urgente!
Vou além, vamos colocar #internet em todos postos saude, em todas casas do minha casa minha vida, onde houver uma ação federal, a tecnologia tem que chegar junto. #mcmv",88,84,347
Zeca Dirceu,@zeca_dirceu,https://twitter.com/zeca_dirceu/status/1647583608788353025,2023-04-16T12:51:57.000Z,"A visita de @LulaOficial a Huawei, gigante de telecomunicações chinesa, provocou reações afobadas de alguns órgãos da imprensa Brasileira, não vejo nada demais, considero positivo, até porque as relações do Brasil com a China são altamente positivas ao Brasil.",70,104,591
Zeca Dirceu,@zeca_dirceu,https://twitter.com/zeca_dirceu/status/1647225029229256706,2023-04-15T13:07:05.000Z,"🇨🇳 🇧🇷 

Lula foi a China e volta com 50 bilhões em investimentos ao Brasil.

O que o ex vagabundo da república trazia nas malas nos últimos anos?💎 💍📿🎁⏱️",635,146,589
Zeca Dirceu,@zeca_dirceu,https://twitter.com/zeca_dirceu/status/1647032961009610753,2023-04-15T00:23:52.000Z,"Hoje entramos com ação contra mais 45 acusados por destruição do 8 de janeiro e pedimos o bloqueio de R$ 26,2 milhões, via @AdvocaciaGeral.

Parabenizo o ministro @jorgemessiasagu que conseguiu paralisar bens de 178 acusados de participar dos atos ou de financiar transporte!",21,72,291
Zeca Dirceu,@zeca_dirceu,https://twitter.com/zeca_dirceu/status/1646980043422289921,2023-04-14T20:53:36.000Z,"Agenda de hoje foi no Paraná! 
Participei do relançamento do Pronasci - Programa Nacional de Segurança Pública com Cidadania, com o Ministro da Justiça, @FlavioDino ! O governo federal está investido cada vez mais no nosso estado!",9,30,131
Zeca Dirceu,@zeca_dirceu,https://twitter.com/zeca_dirceu/status/1646962502205427724,2023-04-14T19:43:54.000Z,"Bolsonaro vai ter que se explicar pelos atos golpistas praticados dia 8 de janeiro em Brasília. O ministro Alexandre de Moraes, do Supremo Tribunal Federal (STF), determinou o prazo de 10 dias para a PF ouvir Bolsonaro. A justiça está sendo feita.

Sem anistia para golpista!",40,60,217
Zeca Dirceu,@zeca_dirceu,https://twitter.com/zeca_dirceu/status/1646914781398327305,2023-04-14T16:34:16.000Z,"Ter uma moeda alternativa ao dólar é vantajosa para exportadores e empresas, pois facilita o comércio com outros países. O Brasil também ganha, pode receber mais investimentos.",487,102,356
Zeca Dirceu,@zeca_dirceu,https://twitter.com/zeca_dirceu/status/1646890525042044928,2023-04-14T14:57:53.000Z,"O presidente @LulaOficial assinou junto com o presidente Xi Jinping, 15 importantes acordos. Representam mais de R$ 50 bilhões. Esse se tornou o maior acordo bilateral da história do Brasil com a China. #OBrasilVoltou",27,72,240
Zeca Dirceu,@zeca_dirceu,https://twitter.com/zeca_dirceu/status/1646863677021392896,2023-04-14T13:11:12.000Z,"Linda recepção para o presidente @LulaOficial, feita pelas crianças chinesas, ao som de ""Um novo tempo"", do Ivan Lins.",183,202,877
Zeca Dirceu,@zeca_dirceu,https://twitter.com/zeca_dirceu/status/1646639057114390529,2023-04-13T22:18:38.000Z,"Acompanhe agora, na @GloboNews , a minha entrevista para o programa Edição das 18.",9,4,36
Zeca Dirceu,@zeca_dirceu,https://twitter.com/zeca_dirceu/status/1646585320291401750,2023-04-13T18:45:07.000Z,"Procuradoria Eleitoral defende que Bolsonaro seja INELEGÍVEL, devido os ataques ao sistema eleitoral. Bolsonaro deve pagar por esse crime e por outros como, as jóias sauditas, rachadinhas e motociatas com dinheiro público. 

Sem anistia para golpista!",57,95,271
Zeca Dirceu,@zeca_dirceu,https://twitter.com/zeca_dirceu/status/1646555767124762626,2023-04-13T16:47:41.000Z,"O Brasil voltou a ocupar seu espaço de protagonista no cenário internacional. O presidente @LulaOficial  está na lista das 100 pessoas mais influentes do mundo, eleito pela revista @TIME. 
Faz o L!#TIME100",64,104,437
Zeca Dirceu,@zeca_dirceu,https://twitter.com/zeca_dirceu/status/1646497451916816387,2023-04-13T12:55:57.000Z,"Momento histórico! Companheira @dilmabr  toma posse no Banco dos BRICS.
Presidente @LulaOficial , em viagem oficial à China, acompanhou a cerimônia de posse. O Brasil voltou a ser destaque no cenário mundial.📸@ricardostuckert",48,88,347
Zeca Dirceu,@zeca_dirceu,https://twitter.com/zeca_dirceu/status/1646336157066702848,2023-04-13T02:15:01.000Z,"Tem gente do Paraná passando vergonha todo dia em Brasília.
É cada lapada que é melhor pegar o chapéu e ir pra casa!",299,222,955
Zeca Dirceu,@zeca_dirceu,https://twitter.com/zeca_dirceu/status/1646269112857886721,2023-04-12T21:48:37.000Z,"O dólar caiu mais uma vez! 

É pra isso que fiz o L 🇧🇷🙌",249,157,476
Zeca Dirceu,@zeca_dirceu,https://twitter.com/zeca_dirceu/status/1646246851304194052,2023-04-12T20:20:09.000Z,"Tive a honra de receber os diretores da @UOPECCAN, Dr. Ciro de Cascavel e o Wanderley Rosa de Umuarama. O hospital é um centro de referência no nosso estado. Já trabalhei e vou continuar me dedicando à UOPECCAN,  contem sempre com meu trabalho pela saúde pública!",9,12,52
Zeca Dirceu,@zeca_dirceu,https://twitter.com/zeca_dirceu/status/1646129450633895936,2023-04-12T12:33:39.000Z,"O presidente dos @correiosBR, @Fabianoprerro, acompanha a comitiva do presidente @LulaOficial em viagem à China. Com foco no e-commerce internacional, a viagem visa fortalecer laços com clientes locais e expandir parcerias estratégicas em logística internacional.",17,30,161
Zeca Dirceu,@zeca_dirceu,https://twitter.com/zeca_dirceu/status/1646112759652728833,2023-04-12T11:27:19.000Z,O Ministério da Justiça publicou hoje (12) o edital que libera R$ 150 milhões para estados e municípios com o objetivo de ampliar e reforçar a segurança nas escolas. Os projetos poderão ser enviados a partir de quinta-feira (13).,16,70,401
Zeca Dirceu,@zeca_dirceu,https://twitter.com/zeca_dirceu/status/1645841687321640966,2023-04-11T17:30:11.000Z,"O @jorgemessiasagu , Advogado-geral da União, teve uma atuação destacada nos primeiros 100 dias de governo do Presidente @LulaOficial, retomando a defesa do meio ambiente e garantindo a continuidade democrática no Brasil.",22,39,221
Zeca Dirceu,@zeca_dirceu,https://twitter.com/zeca_dirceu/status/1645758835758362626,2023-04-11T12:00:57.000Z,"O cuidado com o saneamento voltou!

As mudanças promovidas pelos novos decretos vão permitir investimentos superiores a R$ 120 bilhões e vão atender mais de mil municípios brasileiros, o que vai resultar na melhoria do saneamento público e impactos positivos na saúde da população",16,33,122
Zeca Dirceu,@zeca_dirceu,https://twitter.com/zeca_dirceu/status/1645744430635184134,2023-04-11T11:03:43.000Z,Com o balanço dos 100 dias do Governo @LulaOficial  estamos vendo que ainda temos muito a avançar mas já alcançamos muitos resultados positivos em todas as áreas. Vamos reconstruir um Brasil melhor pra todos e todas!,22,36,167
Zeca Dirceu,@zeca_dirceu,https://twitter.com/zeca_dirceu/status/1645590680381816832,2023-04-11T00:52:46.000Z,"Nestes 100 dias de governo @LulaOficial, muita coisa boa aconteceu no Brasil!",162,76,351
Zeca Dirceu,@zeca_dirceu,https://twitter.com/zeca_dirceu/status/1645509241313140738,2023-04-10T19:29:09.000Z,Estarei daqui a pouco na Globo News para falar sobre os 100 dias de governo Lula. Fiquem ligados!,64,38,195
Zeca Dirceu,@zeca_dirceu,https://twitter.com/zeca_dirceu/status/1645450585594904577,2023-04-10T15:36:05.000Z,"“#OBrasilvoltou a ter futuro e isso é só o começo!”, disse o presidente @lulaOficial durante pronunciamento sobre os 100 dias de governo.",6,6,27
Zeca Dirceu,@zeca_dirceu,https://twitter.com/zeca_dirceu/status/1645448939531796488,2023-04-10T15:29:32.000Z,"Presidente @LulaOficial  anuncia  que vai retomar  o programa Aqui Tem Farmácia Popular, que destina medicamentos gratuitos para população.",52,113,375
Zeca Dirceu,@zeca_dirceu,https://twitter.com/zeca_dirceu/status/1645445865383886851,2023-04-10T15:17:19.000Z,"""O Brasil sairá novamente do Mapa da Fome com a integração das ações já existentes e outras que serão articuladas pela Câmara Interministerial que reúne 24 de nossos 37 ministérios"". Presidente @LulaOficial .#oBrasilVoltou #LulaCemDiasDeTrabalhoeAmor",7,12,36
Zeca Dirceu,@zeca_dirceu,https://twitter.com/zeca_dirceu/status/1645443601550266371,2023-04-10T15:08:20.000Z,"#OBrasilVoltou 

""Levaremos Internet de alta velocidade para as escolas e para os equipamentos sociais, a exemplo de postos de saúde, melhorando o acesso dos profissionais e dos usuários aos prontuários e exames"". @LulaOficial",4,7,24
Zeca Dirceu,@zeca_dirceu,https://twitter.com/zeca_dirceu/status/1645441953578754051,2023-04-10T15:01:47.000Z,"""Apresentamos o novo arcabouço fiscal, que traz soluções realistas e seguras para o equilíbrio das contas públicas. Que dá um fim às amarras irracionais do teto de gastos"". @LulaOficial #OBrasilVoltou",50,69,233
Zeca Dirceu,@zeca_dirceu,https://twitter.com/zeca_dirceu/status/1645441315323228161,2023-04-10T14:59:15.000Z,#OBrasilVoltou,4,12,44
Zeca Dirceu,@zeca_dirceu,https://twitter.com/zeca_dirceu/status/1645441043641384962,2023-04-10T14:58:10.000Z,"“Foram 100 dias de muito trabalho. Ainda temos 1.360 dias para seguir reconstruindo esse país"". @LulaOficial #oBrasilVoltou #LulaCemDiasDeTrabalhoeAmor",5,16,38
Zeca Dirceu,@zeca_dirceu,https://twitter.com/zeca_dirceu/status/1645437504164642822,2023-04-10T14:44:06.000Z,“O Brasil voltou para trabalhar naquilo que deveria ser a razão de ser de todos os governos: cuidar das pessoas. Voltou a cuidar sobretudo dos brasileiros e brasileiras que mais precisam”. Presidente @LulaOficial sobre os 100 dias de governo.#OBrasilVoltou,9,10,51
Zeca Dirceu,@zeca_dirceu,https://twitter.com/zeca_dirceu/status/1645421383546019841,2023-04-10T13:40:02.000Z,"#OBrasilVoltou 

Na segurança, foi relançado o Pronasci, destinado à prevenção, controle e repressão da criminalidade com foco na promoção da cidadania e no enfrentamento ao feminicídio.",0,8,17
Zeca Dirceu,@zeca_dirceu,https://twitter.com/zeca_dirceu/status/1645420984705380355,2023-04-10T13:38:27.000Z,"#OBrasilVoltou 

O meio ambiente voltou a ser tratado com seriedade e o Fundo Amazônia, gerido pelo BNDES, passou a receber investimentos estrangeiros.",0,6,14
Zeca Dirceu,@zeca_dirceu,https://twitter.com/zeca_dirceu/status/1645420921291784198,2023-04-10T13:38:12.000Z,"#OBrasilVoltou 

As ações ainda envolveram o avanço em políticas de igualdade de gênero, com destaque para o Projeto de Lei 1085/23, que determina a mesma remuneração para homens e mulheres que exerçam a mesma função.",2,8,17
Zeca Dirceu,@zeca_dirceu,https://twitter.com/zeca_dirceu/status/1645420783622029312,2023-04-10T13:37:39.000Z,"#OBrasilVoltou 

Ainda na infraestrutura, o Governo Federal retomou o pacto federativo e passou a equacionar com estados e municípios as prioridades em torno de 14 mil obras que estavam paralisadas em todas as 27 Unidades da Federação.",0,3,9
Zeca Dirceu,@zeca_dirceu,https://twitter.com/zeca_dirceu/status/1645420700558057473,2023-04-10T13:37:20.000Z,"#OBrasilVoltou 

O Minha Casa, Minha Vida resgatou a Faixa 1 do programa, voltada para moradias subsidiadas. A meta é contratar 2 milhões de moradias até 2026.",0,3,14
Zeca Dirceu,@zeca_dirceu,https://twitter.com/zeca_dirceu/status/1645420634464296960,2023-04-10T13:37:04.000Z,"#OBrasilVoltou 

Na saúde, o Programa Nacional de Redução das Filas de Cirurgias Eletivas tem R$ 600 milhões destinados a estados e municípios. O Movimento Nacional pela Vacinação foi retomado e o Mais Médicos para o Brasil abriu 15 mil vagas.",0,5,14
Zeca Dirceu,@zeca_dirceu,https://twitter.com/zeca_dirceu/status/1645420555250679809,2023-04-10T13:36:45.000Z,"#OBrasilVoltou 

Os salários dos professores da educação básica foram reajustados em quase 15%. Bolsas de estudo, pesquisa e formação acadêmica, incluindo graduação, pós-graduação, iniciação científica e de permanência foram reajustadas em até 200%.",0,3,11
Zeca Dirceu,@zeca_dirceu,https://twitter.com/zeca_dirceu/status/1645420449319329792,2023-04-10T13:36:20.000Z,"#OBrasilVoltou 

O Bolsa Família, em março, chegou a 21,1 milhões de famílias contempladas, com repasse médio recorde de R$ 670,33 e o investimento inédito de R$ 14 bilhões.",0,3,14
Zeca Dirceu,@zeca_dirceu,https://twitter.com/zeca_dirceu/status/1645420353521319936,2023-04-10T13:35:57.000Z,"#OBrasilVoltou 

No plano nacional, os primeiros cem dias foram marcados pela retomada de programas essenciais para que o país se coloque na condição de combater a fome e a miséria e de gerar oportunidades de emprego, renda e cidadania.",0,4,14
Zeca Dirceu,@zeca_dirceu,https://twitter.com/zeca_dirceu/status/1645420273166893057,2023-04-10T13:35:38.000Z,"#OBrasilVoltou pra fazer mais

Outras medidas importantes para o Paraná nos primeiros 100 dias de governo foram na área de Saúde. O Mais Médicosfoi retomado mais forte e priorizando a contratação de profissionais brasileiros.",5,23,79
Zeca Dirceu,@zeca_dirceu,https://twitter.com/zeca_dirceu/status/1645420035064700928,2023-04-10T13:34:41.000Z,"#OBrasilVoltou pra fazer mais pelo Paraná

Entre os estados do Sul, o Paraná recebeu o maior repasse para merenda escolar após o reajuste anunciado pelo Governo Federal no PNAE. Com recomposição de 38,5% em relação a 2022, os valores de chegam a R$ 280 milhões neste ano.",3,19,50
Zeca Dirceu,@zeca_dirceu,https://twitter.com/zeca_dirceu/status/1645419900523954176,2023-04-10T13:34:09.000Z,"#OBrasilVoltou pra fazer mais pelo Paraná

Fundamental para garantir segurança alimentar de famílias em situação de vulnerabilidade, o Bolsa Família foi relançado em março, com novo valor e novas regras.",1,7,46
Zeca Dirceu,@zeca_dirceu,https://twitter.com/zeca_dirceu/status/1645418981061173252,2023-04-10T13:30:30.000Z,"#OBrasilVoltou pra fazer mais pelo Paraná 

Nos primeiros 100 dias de gestão, o governo do presidente @LulaOficial anunciou a recriação de políticas públicas consideradas essenciais para inclusão social, combate à fome e igualdade de oportunidades.",4,20,54
Zeca Dirceu,@zeca_dirceu,https://twitter.com/zeca_dirceu/status/1645381079967182853,2023-04-10T10:59:53.000Z,"Os primeiros 100 dias mostram o compromisso do nosso governo federal de melhorar a qualidade de vida do povo. O país das oportunidades está de volta. Com muito trabalho, estamos reconstruindo o Brasil. 100 dias é só o começo. #OBrasilVoltou🎥 Audiovisual/PR",31,42,152
Zeca Dirceu,@zeca_dirceu,https://twitter.com/zeca_dirceu/status/1645152376800567297,2023-04-09T19:51:06.000Z,"O nosso presidente @LulaOficial, sobrevoou hoje áreas atingidas pelas enchentes causadas pelas fortes chuvas dos últimos dias no Maranhão. Me somo ao  Lula na solidariedade ao povo maranhense. O Brasil tem de novo um governo que cuida e acolhe seu povo!📸Ricardo Stuckert",194,204,810
Zeca Dirceu,@zeca_dirceu,https://twitter.com/zeca_dirceu/status/1645024960669184000,2023-04-09T11:24:48.000Z,"A Páscoa é um momento especial de renascimento, reflexão e renovação de esperanças. 

Essa data simboliza a força da vida, do bem e a certeza de que nenhuma escuridão dura para sempre, pois a luz sempre vence. ✨",191,59,287
Zeca Dirceu,@zeca_dirceu,https://twitter.com/zeca_dirceu/status/1644766955100938241,2023-04-08T18:19:35.000Z,Acompanhe daqui a pouco na @redeTVT,11,12,28
Zeca Dirceu,@zeca_dirceu,https://twitter.com/zeca_dirceu/status/1644766620923883523,2023-04-08T18:18:15.000Z,"O Brasil deu um salto e saiu da obscuridade do domínio da extrema direita com a vitória de Lula. Agora precisa passar por um amplo programa de desenvolvimento.

Confira a entrevista completa do meu pai @ZeDirceu_ no canal da RedeTV no YouTube.https://youtube.com/watch?v=POLA91gbynk&feature=youtu.be…",877,348,1.085
Zeca Dirceu,@zeca_dirceu,https://twitter.com/zeca_dirceu/status/1644717050835742721,2023-04-08T15:01:16.000Z,"Brasil brasileiro é o Brasil que ama e cuida do seu povo. É o Brasil que está de volta para fazer mais pela saúde, pela cultura, pela educação, pelo meio ambiente, pelas pessoas. Brasil brasileiro é o país de todos e para todos. #OBrasilVoltou",63,48,198
Zeca Dirceu,@zeca_dirceu,https://twitter.com/zeca_dirceu/status/1644681477496422401,2023-04-08T12:39:55.000Z,"Já estamos quase completando 100 dias do governo do nosso presidente @LulaOficial e os resultados são incríveis. Retomamos vários programas importantes, como o Bolsa Família, Minha Casa Minha Vida, Mais Médicos, Programa de Aquisição de Alimentos e obras que estavam paradas.",728,164,561
Zeca Dirceu,@zeca_dirceu,https://twitter.com/zeca_dirceu/status/1644494427489021954,2023-04-08T00:16:39.000Z,"Os @correiosBR  não serão privatizados! O presidente @LulaOficial  retirou os Correios, EBC, Telebras e outras empresas de programas de privatização. Essas empresas são fundamentais para a população, oferecendo serviços essenciais em todas as partes do país.",47,71,256
Zeca Dirceu,@zeca_dirceu,https://twitter.com/zeca_dirceu/status/1644471560714039298,2023-04-07T22:45:47.000Z,"Convido todos a assistirem a entrevista que meu pai, @ZeDirceu_ , concedeu ao programa do @KennedyAlencar , na @RedeTV . 

Está disponível em:",19,38,137
Zeca Dirceu,@zeca_dirceu,https://twitter.com/zeca_dirceu/status/1644438599302017040,2023-04-07T20:34:48.000Z,"Ótima notícia para o Brasil! O embargo à carne bovina brasileira por parte da Rússia foi oficialmente encerrado, de acordo com informações do Ministério das Relações Exteriores. A Rússia é um parceiro comercial essencial para o Brasil.",117,248,1.143
Zeca Dirceu,@zeca_dirceu,https://twitter.com/zeca_dirceu/status/1644381629752672273,2023-04-07T16:48:26.000Z,"O gráfico apresenta uma visão clara de como a meta de inflação estabelecida pelo Banco Central está fora da realidade. Dentre os 38 países membros da OCDE, somente a Suíça está cumprindo a meta estabelecida pelo BC brasileiro.",38,197,542
Zeca Dirceu,@zeca_dirceu,https://twitter.com/zeca_dirceu/status/1644310300345217024,2023-04-07T12:05:00.000Z,"A verdadeira religiosidade precisa estar vinculada à compaixão pelo sofrimento do próximo. 
Que hoje haja uma reflexão profunda como preparação íntegra para a verdadeira Páscoa!",51,136,530
Zeca Dirceu,@zeca_dirceu,https://twitter.com/zeca_dirceu/status/1644091812452384768,2023-04-06T21:36:48.000Z,Reitores e diretores dos institutos e universidades federais do Paraná visitaram Brasília nesta semana.,75,53,264
Zeca Dirceu,@zeca_dirceu,https://twitter.com/zeca_dirceu/status/1643994427747348483,2023-04-06T15:09:50.000Z,"Excelente notícia para a área da educação e saúde! O Ministério da Educação divulgou a Portaria Nº 650, a qual permite a abertura de novos cursos de medicina em território brasileiro.",34,140,733
Zeca Dirceu,@zeca_dirceu,https://twitter.com/zeca_dirceu/status/1643930478389473280,2023-04-06T10:55:43.000Z,Daqui a pouco estarei na TV do @ptbrasil. Acompanhem! 📺,12,21,62
Zeca Dirceu,@zeca_dirceu,https://twitter.com/zeca_dirceu/status/1643716617233211393,2023-04-05T20:45:54.000Z,"Ação rápida do nosso presidente @LulaOficial  para combater a violência escolar.

O Ministro da Educação @CamiloSantanaCE anunciou que o presidente Lula, assina hoje, o decreto de criação de um grupo interministerial para combater e prevenir a violência nas escolas.",285,318,1.243
Zeca Dirceu,@zeca_dirceu,https://twitter.com/zeca_dirceu/status/1643678038071156740,2023-04-05T18:12:36.000Z,"A Polícia Federal poderia aproveitar a ida do Bolsonaro para depor sobre as joias e já perguntar sobre os lanches, leite condensado, rachadinha, assassinato da vereadora Marielle e muito mais. 
Ajudem aí, o que a PF deveria perguntar ao BOLSONARO?",490,301,859
Zeca Dirceu,@zeca_dirceu,https://twitter.com/zeca_dirceu/status/1643617812164886531,2023-04-05T14:13:18.000Z,"Aos críticos do novo arcabouço fiscal, lembro que se não fosse @Haddad_Fernando, ainda estaríamos vivendo a tragédia do teto de gastos.
Haddad foi fiador importante do acordo com Lira, Pacheco e o congresso para aprovação da Pec do Bolsa-Familia / Transição, que pôs fim ao teto.",20,43,174
Zeca Dirceu,@zeca_dirceu,https://twitter.com/zeca_dirceu/status/1643612051288277001,2023-04-05T13:50:24.000Z,Triste notícia da tragédia que aconteceu numa creche na cidade de Blumenau-SC. Um homem matou quatro crianças e feriu outras três. Que Deus conforte o coração das famílias e de toda comunidade neste momento de dor. Chega de violência nas escolas!,30,73,334
Zeca Dirceu,@zeca_dirceu,https://twitter.com/zeca_dirceu/status/1643405244645220352,2023-04-05T00:08:37.000Z,Acordo interministerial assinado hoje vai priorizar a aquisição de alimentos naturais para 40 milhões de estudantes. O foco é contribuir com a segurança alimentar e nutricional e com o fortalecimento da agricultura familiar por meio do Programa Nacional de Alimentação Escolar.,54,135,324
Zeca Dirceu,@zeca_dirceu,https://twitter.com/zeca_dirceu/status/1643404245792612357,2023-04-05T00:04:39.000Z,"O cronograma de entregas do Minha Casa, Minha Vida prevê a conclusão de cerca de 7,4 mil unidades habitacionais até o fim de maio. As obras estão localizadas em 17 municípios de 12 estados, em quatro regiões, e representam um investimento de R$ 590,5 mi do Governo Federal.",29,33,100
Zeca Dirceu,@zeca_dirceu,https://twitter.com/zeca_dirceu/status/1643401559282155524,2023-04-04T23:53:59.000Z,A reportagem do Carlos Madeiro ao @uol mostra o impacto positivo do novo Bolsa Família para as milhões de famílias brasileiros que recebem o benefício. Estamos trabalhando para que notícias boas como essa se multipliquem.,596,192,781
Zeca Dirceu,@zeca_dirceu,https://twitter.com/zeca_dirceu/status/1643399653142982663,2023-04-04T23:46:24.000Z,"O presidente @LulaOficial assinou uma série de medidas para atendimento à mulher e pessoas resgatadas de trabalho escravo. Além de determinar o funcionamento 24h das delegacias especializadas em atendimento à mulher, o canal de denúncias 180 está no WhatsApp.",21,79,335
Zeca Dirceu,@zeca_dirceu,https://twitter.com/zeca_dirceu/status/1643397041458905088,2023-04-04T23:36:02.000Z,"Convidei reitores e diretores de campis dos IFPR's para um encontro com o Ministério da Educação. Foram 13 campis que levaram demandas ao secretário de Educação Profissional e Tecnologia, Getúlio Marques Ferreira, que destacou o trabalho do nosso governo com a educação pública.",24,67,280
Zeca Dirceu,@zeca_dirceu,https://twitter.com/zeca_dirceu/status/1643287869207838724,2023-04-04T16:22:13.000Z,"Entre Redução das tarifas do pedágio, barrar venda da Copel, novos investimentos federais no Paraná, estas foram algumas das pautas que pude debater com nossa bancada petista na Assembleia Legislativa do Paraná.",37,109,468
Zeca Dirceu,@zeca_dirceu,https://twitter.com/zeca_dirceu/status/1643208565480468481,2023-04-04T11:07:06.000Z,"Uma decisão acertada, coerente e que vai ao encontro da defesa dos estudantes e professores por uma educação pública de qualidade e que apoie os estudantes vulneráveis através de bolsa permanência e de alimentação.",90,215,644
Zeca Dirceu,@zeca_dirceu,https://twitter.com/zeca_dirceu/status/1643063003514822657,2023-04-04T01:28:41.000Z,"Há uma sintonia muito grande entre a bancada do @PTnaCamara com aquilo que tem feito o ministro da @MinFazenda, @Haddad_Fernando. Ele tem tido nosso apoio de forma plena. Estamos confiantes na proposta do arcabouço fiscal, que trará benefícios para o país.",16,30,124
Zeca Dirceu,@zeca_dirceu,https://twitter.com/zeca_dirceu/status/1643053052104957954,2023-04-04T00:49:08.000Z,O presidente @LulaOficial é uma grande liderança. A maneira como nós vencemos as disputas recentes e com o @ptbrasil voltando a ocupar os principais espaços de poder do Congresso é outro fato que precisa ser considerado. A nova execução orçamentária mostra que somos do diálogo.,67,58,248
Zeca Dirceu,@zeca_dirceu,https://twitter.com/zeca_dirceu/status/1643044851758551041,2023-04-04T00:16:33.000Z,"O presidente @LulaOficial, sua equipe de ministros, com o apoio do @PTnaCamara e demais líderes, está construindo de forma muito acertada uma base de governo que vai aprovar os projetos que são importantes para o Brasil voltar a crescer.",493,98,497
Zeca Dirceu,@zeca_dirceu,https://twitter.com/zeca_dirceu/status/1643034719045533696,2023-04-03T23:36:17.000Z,"Temos a frente uma Reforma Tributária que não deverá aumentar impostos, mas sim simplificar o pagamento. Estamos confiantes que o Brasil vai voltar a aumentar suas receitas e evitar a sonegação.",48,42,171
Zeca Dirceu,@zeca_dirceu,https://twitter.com/zeca_dirceu/status/1643008212587671553,2023-04-03T21:50:58.000Z,"Surpreende um total de 0 pessoas!Nunca trabalhou quando foi deputado, nem como presidente. Agora como aspone do PL, vai continuar sem produzir nada além das fakenews! NADA DE NOVO!",99,81,276
Zeca Dirceu,@zeca_dirceu,https://twitter.com/zeca_dirceu/status/1643002970122928128,2023-04-03T21:30:08.000Z,"Queremos melhorar a educação no Paraná fornecendo transporte de qualidade!

Participei da entrega de 173 ônibus escolares, de um total de 340, destinados ao transporte dos estudantes das escolas municipais e estaduais do Paraná.",93,168,812
Zeca Dirceu,@zeca_dirceu,https://twitter.com/zeca_dirceu/status/1642993786715340815,2023-04-03T20:53:38.000Z,"Os brasileiros querem a redução da taxa de juros que impede o crescimento do País, compromete os investimentos, onera a maioria da população em qualquer tipo de compra, empréstimos. Juros altos só atendem o rentismo, e atrapalha sobremaneira a produção de bens e serviços no país",414,454,1.170
Zeca Dirceu,@zeca_dirceu,https://twitter.com/zeca_dirceu/status/1642985672683274240,2023-04-03T20:21:24.000Z,É hoje! Também será possível assistir por meio do link: https://youtube.com/@jornaldagazeta acompanhem!,27,19,120
Zeca Dirceu,@zeca_dirceu,https://twitter.com/zeca_dirceu/status/1642982866609905666,2023-04-03T20:10:15.000Z,Vamos juntos!,1,3,13
Zeca Dirceu,@zeca_dirceu,https://twitter.com/zeca_dirceu/status/1642974833448304643,2023-04-03T19:38:19.000Z,"O trabalho segue aqui em Curitiba. 
Reunião muito produtiva com os deputados(as) do Bloco do PT e PDT na Assembleia Legislativa do Paraná.",23,32,169
Zeca Dirceu,@zeca_dirceu,https://twitter.com/zeca_dirceu/status/1642942169177636884,2023-04-03T17:28:32.000Z,"Democracia sempre, 1964 nunca mais! - Por Zeca Dirceu | Revista Fórum",62,67,421
Zeca Dirceu,@zeca_dirceu,https://twitter.com/zeca_dirceu/status/1642918468952416256,2023-04-03T15:54:21.000Z,"Participei nesta manhã da Cerimônia de Posse do novo superintendente Regional da Polícia Rodoviária Federal no Paraná, Fernando César Borba de Oliveira. Tenho certeza que a PRF do nosso estado estará em boas mãos. Sucesso!",12,55,201
Zeca Dirceu,@zeca_dirceu,https://twitter.com/zeca_dirceu/status/1642654313955704836,2023-04-02T22:24:42.000Z,"ABSURDO! 
O jornal @OGloboPolitica  mostrou que o ex-ministro Anderson Torres se envolveu diretamente no processo eleitoral de 2022. A Polícia Federal encontrou um documento que indicava os lugares onde @LulaOficial  teve mais votos no primeiro turno.",267,534,1.851
Zeca Dirceu,@zeca_dirceu,https://twitter.com/zeca_dirceu/status/1642646673355689984,2023-04-02T21:54:20.000Z,"Já estamos retomando importantes programas para reconstruir o país. Não deixamos de ouvir a população e debater com nosso partido as necessidades do povo, porque é nos municípios que a vida acontece. 
Confira um trecho da minha entrevista para @ofatomaringa",136,78,496
Zeca Dirceu,@zeca_dirceu,https://twitter.com/zeca_dirceu/status/1642556852155056129,2023-04-02T15:57:25.000Z,Estamos no rumo certo! Pesquisa Datafolha revelou que 61% dos brasileiros avaliam positivamente o comportamento de @LulaOficial na presidência da República.,2.194,518,3.030
Zeca Dirceu,@zeca_dirceu,https://twitter.com/zeca_dirceu/status/1642287523589234689,2023-04-01T22:07:12.000Z,O Partido dos Trabalhadores de Maringá realizou Encontro Regional com lideranças para debater questões relevantes para a região e destacar as iniciativas do nosso presidente Lula no processo de reconstrução do Brasil.,40,73,362
Zeca Dirceu,@zeca_dirceu,https://twitter.com/zeca_dirceu/status/1642174918421880834,2023-04-01T14:39:45.000Z,"A Itaipu vai levar investimento e desenvolvimento a todo Paraná.
Conversa muito boa hoje, com o novo diretor-geral, @enioverri .
Agora é trabalhar, apresentar bons projetos e viabilizar as parcerias necessárias.📷 Patrícia Machado",68,104,497
Zeca Dirceu,@zeca_dirceu,https://twitter.com/zeca_dirceu/status/1642124853518925826,2023-04-01T11:20:48.000Z,"O Brasil em desenvolvimento!

Com o programa Mãos à Obra, o nosso governo vai retomar obras que estavam paradas em várias cidades. Gerando emprego e desenvolvimento.#uniãoerecosntrução",20,49,138
Zeca Dirceu,@zeca_dirceu,https://twitter.com/zeca_dirceu/status/1642006155193884672,2023-04-01T03:29:09.000Z,"Dólar cai pela 6ª vez seguida e atinge menor falor dos últimos dois meses
 
Foi pra isso que eu fiz o L!",1.704,399,1.653
Zeca Dirceu,@zeca_dirceu,https://twitter.com/zeca_dirceu/status/1641991005917331456,2023-04-01T02:28:57.000Z,"O Papa Francisco lembrou dos exemplos do presidente @LulaOficial e da presidenta @dilmabr quando falou sobre o ""lawfare"", termo para definir o uso do sistema de Justiça de determinado país para perseguição política de adversários.",666,630,2.428
