nome,usuario,idTweet,dataPublicacao,texto,replies,retweets,likes
Deputado Zé Silva,@ZeSilva_,https://twitter.com/ZeSilva_/status/1652442022345682949,2023-04-29T22:37:33.000Z,"#prestaçãodecontas: destinei para o Jaíba, quase R$21 milhões investidos em infraestrutura, segurança, educação, saúde, agricultura.⬇️",1,0,2
Deputado Zé Silva,@ZeSilva_,https://twitter.com/ZeSilva_/status/1651966313751797760,2023-04-28T15:07:15.000Z,"Como representante do governo de Minas Gerais, participei de audiência com a Secretária de Segurança Alimentar, Lilian Rahal, e o Gerente de Projetos, Paulo Alves, ambos do Ministério do Desenvolvimento e Assistência Social, Família e Combate à Fome.⬇️⬇️",1,0,3
Deputado Zé Silva,@ZeSilva_,https://twitter.com/ZeSilva_/status/1651702989617348608,2023-04-27T21:40:54.000Z,"Participação no Seminário Fertilizantes: uma questão estratégica para o Brasil, promovido pela Frente Parlamentar da Mineração Sustentável (FPMin), Frente Parlamentar da Agropecuária, a Frente Parlamentar da Química e a Frente Parlamentar Pelo Brasil Competitivo.⬇️⬇️",1,0,1
Deputado Zé Silva,@ZeSilva_,https://twitter.com/ZeSilva_/status/1651624363135754247,2023-04-27T16:28:28.000Z,Aprovado o PLN nº 5 de 2023 (Projeto de Lei do Congresso Nacional) que garante o pagamento do piso salarial da enfermagem. O PLN segue agora para sanção do presidente.⬇️⬇️,1,0,3
Deputado Zé Silva,@ZeSilva_,https://twitter.com/ZeSilva_/status/1650873415044046849,2023-04-25T14:44:28.000Z,"Fechando o “pé na estrada” desse final de semana, estive em Jequitinhonha para a entrega de dois ônibus escolares que atenderão os estudantes da rede pública que moram na zona rural e precisam de transporte para o deslocamento até a escola. Investimento de R$ 675.600,00.⬇️⬇️",7,0,3
Deputado Zé Silva,@ZeSilva_,https://twitter.com/ZeSilva_/status/1650161638333460483,2023-04-23T15:36:07.000Z,"Pé na estrada em Ataléia para inauguração da ponte de concreto sobre o Rio São Mateus, construída com recursos que destinei ao município. Para Ataléia, já destinei R$6 milhões, que foram investidos em educação, saúde, infraestrutura, agricultura.",2,0,0
Deputado Zé Silva,@ZeSilva_,https://twitter.com/ZeSilva_/status/1649820054945509382,2023-04-22T16:58:47.000Z,O podcast desta semana já está no ar com cinco temas que estiveram em pauta nos últimos dias: a invasão de terras no Brasil; criação da Agência de Inteligência do Agro Brasileiro; +⬇️,1,0,1
Deputado Zé Silva,@ZeSilva_,https://twitter.com/ZeSilva_/status/1649479017836191750,2023-04-21T18:23:38.000Z,"Durante o seminário de instalação da Frente Parlamentar da Agricultura Familiar e do Desenvolvimento Sustentável (FPAF), da qual faço parte, entreguei ao ministro Paulo Teixeira, exemplar do Pacto pelo Fortalecimento da ATER Pública Brasileira.⬇️⬇️",1,0,3
Deputado Zé Silva,@ZeSilva_,https://twitter.com/ZeSilva_/status/1649432687440982018,2023-04-21T15:19:32.000Z,"O Confaz anunciou que foi adiada para maio de 2024, a obrigatoriedade de emissão da Nota Fiscal Eletrônica pelos produtores.⬇️⬇️",1,0,0
Deputado Zé Silva,@ZeSilva_,https://twitter.com/ZeSilva_/status/1649079670963306498,2023-04-20T15:56:46.000Z,"Participação no encerramento do simpósio internacional “Povos Indígenas: Natureza e Justiça”, promovido pelo Superior Tribunal de Justiça (STJ), representando o presidente da Câmara dos Deputados, Deputado Arthur Lira.⬇️⬇️⬇️",2,0,2
Deputado Zé Silva,@ZeSilva_,https://twitter.com/ZeSilva_/status/1648851700835295239,2023-04-20T00:50:54.000Z,"Voto sim ao pagamento do piso salarial para enfermeiros, proposto no Projeto de Lei enviado pelo Governo Federal ao Congresso Nacional.⬇️⬇️⬇️",1,0,0
Deputado Zé Silva,@ZeSilva_,https://twitter.com/ZeSilva_/status/1648389751076954126,2023-04-18T18:15:16.000Z,"Combate à fome foi o tema do Programa Expressão Nacional, que participei juntamente com deputado Patrus Ananias (PT-MG), Sandra Chaves (Coord. da Rede Brasileira de Pesquisa em Soberania e Seg. Alim. e Nutr. - Rede Penssan) e Silvana Oliveira (Nutricionista e pesquisadora) ⬇️",2,0,1
Deputado Zé Silva,@ZeSilva_,https://twitter.com/ZeSilva_/status/1648355907930030081,2023-04-18T16:00:48.000Z,"A Agência Nacional de Mineração(ANM) é fundamental p/o desenvolvimento econômico e social do País. Precisamos derrubar os vetos 64/22 e 5/23,assim a ANM cumprirá  seu papel de aproveitamento minerário sustentável.",0,3,10
Deputado Zé Silva,@ZeSilva_,https://twitter.com/ZeSilva_/status/1648346453272657921,2023-04-18T15:23:13.000Z,"Em reunião da diretoria da Frente Parlamentar da Agropecuária (FPA), recebi o apoio à minha proposta para a transformação da CONAB em Agência de Inteligência do Agro Brasileiro.⬇️",1,0,1
Deputado Zé Silva,@ZeSilva_,https://twitter.com/ZeSilva_/status/1648069291449745408,2023-04-17T21:01:53.000Z,Estamos mobilizando os parlamentares para conseguirmos derrubar os vetos nº 5 e nº 64 na sessão do Congresso desta semana.,1,0,2
Deputado Zé Silva,@ZeSilva_,https://twitter.com/ZeSilva_/status/1648000425340092416,2023-04-17T16:28:14.000Z,"Na quarta-feira, dia 19 de abril, às 13h30, no Plenário 3, vamos realizar Audiência Pública para debater a obrigatoriedade para o produtor rural de emitir Nota Fiscal Eletrônica.",0,3,3
Deputado Zé Silva,@ZeSilva_,https://twitter.com/ZeSilva_/status/1647940721700110340,2023-04-17T12:30:59.000Z,Começando mais uma semana com disposição pra vencer todas as batalhas que temos pela frente.⬇️,1,0,1
Deputado Zé Silva,@ZeSilva_,https://twitter.com/ZeSilva_/status/1647388465821040640,2023-04-15T23:56:31.000Z,"Em Belo Horizonte, participei do encontro com parlamentares da bancada mineira no Congresso Nacional, promovido pelo Sistema Faemg Senar, com o objetivo de aproximar o setor político das demandas dos produtores rurais mineiros. ⬇️",1,0,3
Deputado Zé Silva,@ZeSilva_,https://twitter.com/ZeSilva_/status/1647331126673829890,2023-04-15T20:08:41.000Z,"Apresentei o plano de trabalho da Frente Parlamentar de Mineração Sustentável (FPMIn), aos membros da diretoria da Frente. ⬇️",1,0,0
Deputado Zé Silva,@ZeSilva_,https://twitter.com/ZeSilva_/status/1646994809452732417,2023-04-14T21:52:16.000Z,"Assumi a coordenação institucional da Frente Parlamentar do Cooperativismo (Frencoop), que conta com 309 parlamentares, sendo 270 deputados e 39 senadores, e tem o papel de fortalecer o cooperativismo. ⬇️",3,0,0
Deputado Zé Silva,@ZeSilva_,https://twitter.com/ZeSilva_/status/1646651310177959936,2023-04-13T23:07:20.000Z,"A Comissão de Agricultura, Pecuária, Abastecimento e Desenvolvimento Rural, da qual faço parte, aprovou o meu requerimento para que seja realizada uma Audiência Pública para discutir formas de melhorar o Programa de Aquisição de Alimentos (PAA),+ ⬇️",1,0,1
Deputado Zé Silva,@ZeSilva_,https://twitter.com/ZeSilva_/status/1646573185846968341,2023-04-13T17:56:54.000Z,"#Atenção, produtor! O Ministério da Agricultura e Pecuária (Mapa) publicou a Portaria nº781, que estabelece os períodos de vazio sanitário para cultura da soja que deverão ser seguidos pelos estados produtores em todo o país, em 2023. ⬇️",1,0,1
Deputado Zé Silva,@ZeSilva_,https://twitter.com/ZeSilva_/status/1646268233035526144,2023-04-12T21:45:07.000Z,A retomada das obras públicas paradas no Brasil é uma das bandeiras do nosso mandato. Em 2015 eu criei a Comissão Externa para acompanhar as obras públicas da União em andamento no País e apresentamos proposições para retomar diversas obras. ⬇️,1,0,4
Deputado Zé Silva,@ZeSilva_,https://twitter.com/ZeSilva_/status/1646193352067497988,2023-04-12T16:47:34.000Z,"Na reunião da Frente Parlamentar da Agropecuária (FPA) defendi a aprovação de três importantes propostas do nosso mandato: Projeto de Lei 2633/2020, força tarefa técnica para promover a Regularização Fundiária da Amazônia, por meio da Anater, Projeto de Lei 7578/2017.",1,1,1
Deputado Zé Silva,@ZeSilva_,https://twitter.com/ZeSilva_/status/1645972751688056832,2023-04-12T02:10:59.000Z,"Cada vez mais o ""fator terra"" tem menor impacto na produção de alimentos. E fortalece a necessidade de inovação e políticas públicas.",0,0,3
Deputado Zé Silva,@ZeSilva_,https://twitter.com/ZeSilva_/status/1645904143356133378,2023-04-11T21:38:21.000Z,"Como líder do governo de Minas Gerais no Congresso Nacional participei de uma reunião, em Uberaba, promovida pela prefeita Elisa Araújo, para o estabelecimento de medidas para reforçar a segurança nas escolas do município.",1,2,4
Deputado Zé Silva,@ZeSilva_,https://twitter.com/ZeSilva_/status/1645200919553019906,2023-04-09T23:04:00.000Z,"#prestaçãodecontas: mais de R$6,8 milhões destinados à Santo Antônio do Jacinto para as áreas de infraestrutura, agricultura, segurança, saúde.",0,0,3
Deputado Zé Silva,@ZeSilva_,https://twitter.com/ZeSilva_/status/1644835500992208897,2023-04-08T22:51:57.000Z,"#prestaçãodecontas: entendendo a demanda de Jenipapo de Minas, me comprometi a destinar R$200 mil para a pavimentação de ruas da cidade.",1,0,2
Deputado Zé Silva,@ZeSilva_,https://twitter.com/ZeSilva_/status/1644101405177683968,2023-04-06T22:14:55.000Z,"Como Líder do Governo de Minas Gerais no Congresso Nacional, membro da Comissão Externa Sobre Fiscalização dos Rompimentos de Barragens e Repactuação e presidente da Frente Parlamentar da Mineração Sustentável,+",1,0,3
Deputado Zé Silva,@ZeSilva_,https://twitter.com/ZeSilva_/status/1644052793894883328,2023-04-06T19:01:45.000Z,"#prestaçãodecontas: destinei R$1,350 milhão para a construção do Centro de Apoio ao Produtor Rural de Iturama, que atende mais de 750 famílias do município e oferece cursos, treinamentos e apoio aos produtores rurais.",1,1,5
Deputado Zé Silva,@ZeSilva_,https://twitter.com/ZeSilva_/status/1643659066537803784,2023-04-05T16:57:13.000Z,"Meus sentimentos às famílias das vítimas deste crime bárbaro ocorrido na creche Bom Pastor, em Blumenau. Que Deus dê forças às famílias para que consigam enfrentar a dor.",0,2,2
Deputado Zé Silva,@ZeSilva_,https://twitter.com/ZeSilva_/status/1643638729532223490,2023-04-05T15:36:25.000Z,"No dia 30 de março de 2022, o governo de Minas Gerais atendeu a minha solicitação e publicou Portaria Normativa antecipando para 1º de abril, a colheita, transporte e comercialização do pinhão em Minas Gerais.",1,1,2
Deputado Zé Silva,@ZeSilva_,https://twitter.com/ZeSilva_/status/1642579592287334401,2023-04-02T17:27:47.000Z,"#prestaçãodecontas: compromisso com Ataléia, cidade que já destinei, só no último mandato, quase R$3 milhões, investidos em pavimentação urbana, kit feira livre, tanques de granelização, ambulância, equipamentos para centro de saúde, regularização fundiária urbana, trator.",0,0,3
Deputado Zé Silva,@ZeSilva_,https://twitter.com/ZeSilva_/status/1642284452016693249,2023-04-01T21:55:00.000Z,"#prestaçãodecontas: destinei mais de R$6 milhões para Lagoa dos Patos, investidos em infraestrutura, saúde, agricultura, segurança, educação.",0,0,3
Deputado Zé Silva,@ZeSilva_,https://twitter.com/ZeSilva_/status/1642251585030848512,2023-04-01T19:44:24.000Z,"#prestaçãodecontas: para José Gonçalves de Minas, destinei mais de R$7,7 milhões, investidos em pavimentação urbana, kits feira livre, tanques de granelização e resfriamento de leite, trator agrícola, equipamentos para unidades de saúde.",0,0,4
