nome,usuario,idTweet,dataPublicacao,texto,replies,retweets,likes,tweetPai
Cicero Jean Vieira,@cicerojeam,https://twitter.com/cicerojeam/status/1652996028935593985,2023-05-01T11:18:59.000Z,"Conte com nosso apoio
Se precisar é só chamar.

Obrigado por mudar seu voto é ficar ao lado do povo.",0,0,1,https://twitter.com/adailfilhoam/status/1652994716290408449
Luisa Marques,@marquesluissa,https://twitter.com/marquesluissa/status/1653272768715128833,2023-05-02T05:38:39.000Z,"Deputado Adail, vote consciente VOTE SIM para a provação da PL das Fake News.
O Brasil quer justiça e combate aos crimes na internet. Contamos com você! #PL2630SIM",0,0,0,https://twitter.com/adailfilhoam/status/1652994716290408449
Menino do MEP (selo azul),@bob73115463,https://twitter.com/bob73115463/status/1653795261708132354,2023-05-03T16:14:51.000Z,"OI @GOOGLEBRASIL, JÁ PENSOU EM DESMONETIZAR TODOS OS CANAIS DO YOUTUBE DAQUELES QUE APOIAM A PL FACISTA DA CENSURA? MAIS UMA DICA, COMECE PELO NELIPE. #DESMONETIZAJÁ #PL2630NAO #PL2630NAO",0,0,0,https://twitter.com/adailfilhoam/status/1652994716290408449
