nome,usuario,idTweet,dataPublicacao,texto,replies,retweets,likes,tweetPai
Cristiane Pereira,@Cristia12998554,https://twitter.com/Cristia12998554/status/1653437062551306245,2023-05-02T16:31:29.000Z,"Eu também concordo!
Passou da hora de aprovar o PL2630",0,0,1,https://twitter.com/BohnGass/status/1653421941561147395
"#SeNãoAgora,Quando?",@hannahcovolo,https://twitter.com/hannahcovolo/status/1653430207393460225,2023-05-02T16:04:15.000Z,Concordo.,0,0,1,https://twitter.com/BohnGass/status/1653421941561147395
Regina Alves,@Reginaportilhoo,https://twitter.com/Reginaportilhoo/status/1654924034855845890,2023-05-06T19:00:11.000Z,Devem sim ser responsabilizados. 👍,0,0,0,https://twitter.com/BohnGass/status/1653421941561147395
Adriano Bokerskis,@ABokerskis,https://twitter.com/ABokerskis/status/1653553767596294148,2023-05-03T00:15:14.000Z,"Vc tem razão,deveríamos punir os Correios e carteiros quando entregam objetos ou mensagens criminosas e fraudulentas. Tua lógica é perfeita 🤮",0,0,0,https://twitter.com/BohnGass/status/1653421941561147395
Joana Cabral,@jojo_cabral,https://twitter.com/jojo_cabral/status/1653422179172712448,2023-05-02T15:32:21.000Z,Concordo.,0,0,1,https://twitter.com/BohnGass/status/1653421941561147395
Izabela Castro é LULA E MST,@Izabela50361729,https://twitter.com/Izabela50361729/status/1653483277926187009,2023-05-02T19:35:08.000Z,PL 2630 JÁ! PELAS CRIANÇAS!!!,0,0,1,https://twitter.com/BohnGass/status/1653421941561147395
Danni Cristina,@DanniCristtin,https://twitter.com/DanniCristtin/status/1653461226096144385,2023-05-02T18:07:30.000Z,#PL2630SIm👍,0,0,1,https://twitter.com/BohnGass/status/1653421941561147395
Rita Tonette,@TonetteRita,https://twitter.com/TonetteRita/status/1653463207472709648,2023-05-02T18:15:23.000Z,#PL2630SIM,0,0,1,https://twitter.com/BohnGass/status/1653421941561147395
Thais Pinheiro,@ThaisPinheiroLL,https://twitter.com/ThaisPinheiroLL/status/1653431985828777985,2023-05-02T16:11:19.000Z,#PL2630SIM,0,0,1,https://twitter.com/BohnGass/status/1653421941561147395
Geni De Aquino Lago,@geni_lago,https://twitter.com/geni_lago/status/1653425445772091393,2023-05-02T15:45:20.000Z,Eu concordo.,0,0,1,https://twitter.com/BohnGass/status/1653421941561147395
Emerson Panasiuk,@EmersonPanasiuk,https://twitter.com/EmersonPanasiuk/status/1653480167879131154,2023-05-02T19:22:46.000Z,"Isso que tu escreve é a legítima fake news, complacente do pai da mentira o larápio filho do cramulhao.",0,0,0,https://twitter.com/BohnGass/status/1653421941561147395
maria aparecida,@coimbramariap,https://twitter.com/coimbramariap/status/1653489280474312704,2023-05-02T19:58:59.000Z,Mais ou menos . O maior  responsável foi o genocida e seus sinistros  .,0,0,1,https://twitter.com/BohnGass/status/1653421941561147395
Diego Siqueira,@Dino_303,https://twitter.com/Dino_303/status/1653429206070509568,2023-05-02T16:00:16.000Z,"Nao concordo. Quem deve ser responsabilizados são as pessoas que criam e espalham fake news deliberadamente. E a punição deve ser aplicada após o devido processo legal, com direito ao contraditório e a ampla defesa, como TODA DEMOCRACIA faz. Sem isso é censura fascista/nazista.",1,0,0,https://twitter.com/BohnGass/status/1653421941561147395
SS,@samuelschon,https://twitter.com/samuelschon/status/1653424069922942981,2023-05-02T15:39:52.000Z,"PL da mordaça e da algema na Internet Brasileira. Pela liberdade de expressão na Internet e no mundo real. PL2630 não! Está PL abre portas para ditadura e cerceamento de liberdades, tornando o Brasil uma ditadura ! Deputados e senadores que apoiam são golpistas da democracia",0,0,0,https://twitter.com/BohnGass/status/1653421941561147395
Jayme Lula Presidente,@jayme02724602,https://twitter.com/jayme02724602/status/1653437811809239041,2023-05-02T16:34:28.000Z,"GOOGLE APOIA FAKE NEWS
PL 2360 SIM#PL2630SIM#PL2630 #PL2360JÁ 
PL 2360 JÁ 
Essa PL É PELA VERDADE
O PL PELAS CRIANÇAS 
“Internet não é terra sem lei”",0,0,2,https://twitter.com/BohnGass/status/1653421941561147395
Michel Müller,@michelmuller,https://twitter.com/michelmuller/status/1653515955320897538,2023-05-02T21:44:59.000Z,"O jogo é bruto e corrupto... tudo para calar a todos que não estejam alinhado ao Governo atual....Era uma vez, um País chamado Brasil... 6,5 Bi para deputados e 3,5 Bi para senadores....",0,0,0,https://twitter.com/BohnGass/status/1653421941561147395
ELittle Lula,@Elittle07195740,https://twitter.com/Elittle07195740/status/1653427086487429125,2023-05-02T15:51:51.000Z,"LUTA HISTÓRICA DA ESQUERDA: regulamentação da mídia JÁ! Mídia corporativa (Globo, CNN, JP, etc) e big techs (Google, Meta, twitter, etc)! Sem exclusividade! Sem exceção! Sem compensação financeira! Queremos voz e representatividade!",0,0,0,https://twitter.com/BohnGass/status/1653421941561147395
