nome,usuario,idTweet,dataPublicacao,texto,replies,retweets,likes,tweetPai
Kakakakahs,@LucasTh13850391,https://twitter.com/LucasTh13850391/status/1653462781201465351,2023-05-02T18:13:41.000Z,A fila de processos no INSS é desumana. Sem recompor o quadro de servidores não será possível zerar e quem sofre são os beneficiários. A convocação de todos os aprovados no concurso de 2022 deve ser priorizada @CarlosLupiPDT @LulaOficial @edweck_rj,0,0,0,https://twitter.com/padilhando/status/1653457837136175105
Cicero Balbino,@CiceroBalbino12,https://twitter.com/CiceroBalbino12/status/1654275658099335168,2023-05-05T00:03:46.000Z,"Tudo pro povo da teta
Pra quem relamente trabalah e quer sem alguem na vida......",0,0,0,https://twitter.com/padilhando/status/1653457837136175105
Romeu,@romeupsps,https://twitter.com/romeupsps/status/1653518361609875457,2023-05-02T21:54:32.000Z,Acordem!!!!,0,0,0,https://twitter.com/padilhando/status/1653457837136175105
Toomanygabriels,@toomanygabriels,https://twitter.com/toomanygabriels/status/1653463253937209356,2023-05-02T18:15:34.000Z,"Aproveito o embalo pra dizer que os administrativos do Ministério do Trabalho também estão lutando pra ter uma carreira própria, pra evitar o desvio de função.

O serviço público federal como um todo demanda atenção para suas especificidades!

Boa sorte aos colegas da Funai.",0,0,0,https://twitter.com/padilhando/status/1653457837136175105
JuniorBaea,@SemrBaea,https://twitter.com/SemrBaea/status/1653458617385865216,2023-05-02T17:57:08.000Z,"Sem o plano de carreira Indigenista o concurso não vai segurar muita gente. Como temos o pior salário do executivo federal para nível superior, sem plano de carreira, adicional de periculosidade e fronteira, quem passar vai embora logo. No meu concurso teve gente q ficou um dia.",0,0,0,https://twitter.com/padilhando/status/1653457837136175105
Deise Oliveira,@deisinhaoliveir,https://twitter.com/deisinhaoliveir/status/1653798768389550081,2023-05-03T16:28:47.000Z,Vão pro inferno!,0,0,0,https://twitter.com/padilhando/status/1653457837136175105
José Reinaldo,@JosRein41240224,https://twitter.com/JosRein41240224/status/1653553836861145088,2023-05-03T00:15:30.000Z,"É triste, mas os esquerdiotas se juntaram aos bolsonazistas contra o PL 2770 das fakenews!",0,0,0,https://twitter.com/padilhando/status/1653457837136175105
Luuh Soares,@LuuhSoares1313,https://twitter.com/LuuhSoares1313/status/1653715870873526272,2023-05-03T10:59:22.000Z,"O @uniaobrasil44  TEM TRÊS MINISTÉRIOS E SEUS DEPUTADOS DETONA O GOVERNO COM FAKE NEWS NA CÂMARA DOS DEPUTADOS, ACORDA GENTE!!!! @padilhando @orlandosilva @gleisi @randolfeap @guimaraes13PT @ptbrasil @AndreJanonesAdv @JanjaLula @LulaOficial @erikakokay",0,0,0,https://twitter.com/padilhando/status/1653457837136175105
Fonseca,@Juniormvdug,https://twitter.com/Juniormvdug/status/1653663310682763265,2023-05-03T07:30:31.000Z,#lulagenocida#LulaLadraoSeuLugarENaPrisao #LulaNaCadeia #LulaDitador #LulaVaiCair,0,0,0,https://twitter.com/padilhando/status/1653457837136175105
Ronie,@BianchiniRonie,https://twitter.com/BianchiniRonie/status/1653458734008418320,2023-05-02T17:57:36.000Z,"SÓ COVARDES USAM CRIANÇAS PRA PROMOVER CENSURA.

PL 2630 É CENSURA PURA!!! 
PL 2630 É CENSURA PURA!!! 
PL 2630 É CENSURA PURA!!!",0,0,0,https://twitter.com/padilhando/status/1653457837136175105
