nome,usuario,idTweet,dataPublicacao,texto,replies,retweets,likes,tweetPai
Fiscal de Direita #CPIdoAbusoJá,@FiscalDireita,https://twitter.com/FiscalDireita/status/1653912013624541187,2023-05-03T23:58:46.000Z,Muito bem deputada! #PL2630Nao,0,0,2,https://twitter.com/apjunqueira/status/1653909464632774656
Cruzeirense,@j_tedescco,https://twitter.com/j_tedescco/status/1654074179832934407,2023-05-04T10:43:10.000Z,"Oh "" futura ""prefeita porquê vossa ""majestade"" bloqueia as pessoas que falam da saúde em Uberlândia?????",0,0,0,https://twitter.com/apjunqueira/status/1653909464632774656
Paulo Batista,@PauloBa41350287,https://twitter.com/PauloBa41350287/status/1654092556987162625,2023-05-04T11:56:11.000Z,Parabéns minha deputada,0,0,2,https://twitter.com/apjunqueira/status/1653909464632774656
O Bem venceu o ódio,@kakobmorais,https://twitter.com/kakobmorais/status/1654127878181900289,2023-05-04T14:16:33.000Z,"Deputada, a sra acha q propagar odio nas redes, golpe de estado, pedofilia, terrorismo, etc, é liberdade de expressao? É urgente votar uma  lei q puna as plataformas q permitem essas divulgaçoes.",0,0,0,https://twitter.com/apjunqueira/status/1653909464632774656
,@JosianaZs,https://twitter.com/JosianaZs/status/1654126491402407943,2023-05-04T14:11:02.000Z,Já assinou?,0,0,0,https://twitter.com/apjunqueira/status/1653909464632774656
Cesar Gomes,@CesarGo86012243,https://twitter.com/CesarGo86012243/status/1655368406391042049,2023-05-08T00:25:57.000Z,"O Senhor tem alguma coisa a dizer ou lamentar, pelas crianças abusadas e violentadas por ongs com Sal da Terra nos anos 80/90 Patronatos!",0,0,0,https://twitter.com/apjunqueira/status/1653909464632774656
