nome,usuario,idTweet,dataPublicacao,texto,replies,retweets,likes,tweetPai
Coronel Amaro (R1),@Amaro_Coronel,https://twitter.com/Amaro_Coronel/status/1653268897099927554,2023-05-02T05:23:15.000Z,"No Mensalão, no Petrolão, na quebra da Petrobras, na bancarrota dos fundos de pensão, na compra da Passadena, no escândalo da Gamecorp, no sítio de Atibaia, no ""tiriliprex"", no escândalo do instituto lulalau, no alinhamento às ditaduras sanguinárias... ele está do lado de quem?",4,7,77,https://twitter.com/padilhando/status/1653157460503322624
Rachel,@kelfiori,https://twitter.com/kelfiori/status/1653176907310022662,2023-05-01T23:17:43.000Z,"E quando ele não pode estar com a gente, nós fomos pra pertinho dele... 🤩",1,0,2,https://twitter.com/padilhando/status/1653157460503322624
Coronel Amaro (R1),@Amaro_Coronel,https://twitter.com/Amaro_Coronel/status/1653269105376481280,2023-05-02T05:24:05.000Z,"Sim, pra porta de um presídio! kkkkkkk",1,0,7,https://twitter.com/padilhando/status/1653157460503322624
Jim,@jim__ms,https://twitter.com/jim__ms/status/1653172142870077443,2023-05-01T22:58:47.000Z,Como sempre tumultuando. Faz parte. Obrigado e bom trabalho.,0,0,1,https://twitter.com/padilhando/status/1653157460503322624
Nárnia do,@valerio_elza,https://twitter.com/valerio_elza/status/1653718460453511169,2023-05-03T11:09:40.000Z,Tristeza nem os picanheiros quiseram ir mesmo sendo levados e pagos 😂😂😂,0,0,0,https://twitter.com/padilhando/status/1653157460503322624
SchutzAnd,@Schutz_Anderson,https://twitter.com/Schutz_Anderson/status/1653188266626101249,2023-05-02T00:02:52.000Z,Desde aquela época até hj nunca trabalhou..,1,0,4,https://twitter.com/padilhando/status/1653157460503322624
Reginaldo Franklin,@reginaldo192,https://twitter.com/reginaldo192/status/1653229889749745664,2023-05-02T02:48:15.000Z,Ou vi dizer ministro quê o comício do Lula flopou.,1,0,1,https://twitter.com/padilhando/status/1653157460503322624
Debora Milanezi,@debora_milanezi,https://twitter.com/debora_milanezi/status/1653373561384386562,2023-05-02T12:19:09.000Z,Flopou?🤭🤭,0,0,0,https://twitter.com/padilhando/status/1653157460503322624
Luis Roberto Beolchi,@BeolchiLuis,https://twitter.com/BeolchiLuis/status/1653413575208075265,2023-05-02T14:58:09.000Z,"O péssimo do lulopetismo é esse culto à personalidade. Na política o deveria contar seriam as ideias e não os supostos ""heróis"".",0,0,1,https://twitter.com/padilhando/status/1653157460503322624
Lauder,@PasettiGelson,https://twitter.com/PasettiGelson/status/1653171830830579715,2023-05-01T22:57:33.000Z,@BaixadorDeVideo,0,0,0,https://twitter.com/padilhando/status/1653157460503322624
O Mago Magu,@omagomagu,https://twitter.com/omagomagu/status/1653374355181543434,2023-05-02T12:22:19.000Z,"Você se considera um parlamentar honesto?
Se sim!
O que você acha da criação de uma lei de prisão perpétua para todos politicos CORRUPTOS?
E o fim do foro previlegiado para todos servidores públicos?
Conto com sua sincera resposta.#prisãoperpertuaparacorruptos",0,0,1,https://twitter.com/padilhando/status/1653157460503322624
Daniel CB,@RonaldDPFL,https://twitter.com/RonaldDPFL/status/1653384545671020547,2023-05-02T13:02:48.000Z,Nesse intervalo teve até cadeia,0,0,1,https://twitter.com/padilhando/status/1653157460503322624
luis tavares,@luistav40355954,https://twitter.com/luistav40355954/status/1653389891688968193,2023-05-02T13:24:03.000Z,Bom dia ministro Alexandre Padilha parabéns você mim representa um grande abraço,1,0,0,https://twitter.com/padilhando/status/1653157460503322624
Matheus Itolog,@matheusiitolog,https://twitter.com/matheusiitolog/status/1653380645949693952,2023-05-02T12:47:18.000Z,Desde de 80 com a mesma ladainha enganando trouxas,0,0,1,https://twitter.com/padilhando/status/1653157460503322624
sidnei gall,@GallGallsidnei,https://twitter.com/GallGallsidnei/status/1653366558557630465,2023-05-02T11:51:20.000Z,"A miséria,  a fome, o endividamento,  a falta de água  no Nordeste, a corrupção,  o descaminho. Tudo  isto sempre esteve ao lado do Lula. Não  foi o povo.  Este foi  enganado! ""Eu vejo o futuro repetir o passado"".",0,0,1,https://twitter.com/padilhando/status/1653157460503322624
Ale,@AleteiaMt,https://twitter.com/AleteiaMt/status/1653382030837653506,2023-05-02T12:52:49.000Z,"Anuncia 18,00 de aumento no salário mínimo, e linha de crédito bilionária para a companheirada da Argentina. Basta de extorquir o trabalhador brasileiro para ajudar países falidos do Foro de São Paulo",0,1,1,https://twitter.com/padilhando/status/1653157460503322624
Bruno Zero Oito,@pontozerooito,https://twitter.com/pontozerooito/status/1654475535177719808,2023-05-05T13:18:00.000Z,L!,0,0,0,https://twitter.com/padilhando/status/1653157460503322624
Junior Ignacio,@PatriotaSampa,https://twitter.com/PatriotaSampa/status/1653282413974364160,2023-05-02T06:16:58.000Z,"Fropô memo!
18 no salário mínimo e 5Millhão pra dançarina decadente..

Fala mais....",0,0,1,https://twitter.com/padilhando/status/1653157460503322624
Badger Vicari,@BadgerBV,https://twitter.com/BadgerBV/status/1653347465184026632,2023-05-02T10:35:28.000Z,"Mas ficou ricaço mesmo sendo amigo dos empreiteiros, né? Rsrsrs. Essa amizade rendeu... Atualmente o rico da vez é o senhor Rubens Ometto.",0,0,1,https://twitter.com/padilhando/status/1653157460503322624
patriota,@Lcio47223975,https://twitter.com/Lcio47223975/status/1653217565311930369,2023-05-02T01:59:17.000Z,Uma grande multidão kkkkk,0,1,2,https://twitter.com/padilhando/status/1653157460503322624
Vingador obesso,@Pirestessalo,https://twitter.com/Pirestessalo/status/1653426789144723467,2023-05-02T15:50:40.000Z,QUE,0,0,0,https://twitter.com/padilhando/status/1653157460503322624
