nome,usuario,idTweet,dataPublicacao,texto,replies,retweets,likes,tweetPai
Coronel Amaro (R1),@Amaro_Coronel,https://twitter.com/Amaro_Coronel/status/1653253326723510272,2023-05-02T04:21:23.000Z,"QUER VER ALGO ESTRANHO? 
Vamos lá... 
Quem é o homem mais bem informado do Brasil?
Ora, o chefe do GSI!
Quem recebe TODAS as informações do SISBIN?
Ora, o chefe do GSI!
Quem sabia da invasão?
Ora, o chefe do GSI!
Quem mandou diminuir a guarda?
Ora, o chefe do GSI!
Quem estava no… Mostrar mais",0,0,4,https://twitter.com/BohnGass/status/1653130704719323147
Simone Lopes,@Din2Diniz,https://twitter.com/Din2Diniz/status/1653364598102192129,2023-05-02T11:43:32.000Z,Boa!,0,0,1,https://twitter.com/BohnGass/status/1653130704719323147
Ayeska Carrião,@Ayeskacarriao1,https://twitter.com/Ayeskacarriao1/status/1653257199278333952,2023-05-02T04:36:46.000Z,Fake.,0,0,0,https://twitter.com/BohnGass/status/1653130704719323147
Ayeska Carrião,@Ayeskacarriao1,https://twitter.com/Ayeskacarriao1/status/1653257657631866885,2023-05-02T04:38:36.000Z,"Tipo agora que eu vi quem é vc.
""Agricultor, sindicalista e professor?""
Sério?!
Agricultor tipo agro (trabalho) ou Agricultor tipo MST?",0,0,0,https://twitter.com/BohnGass/status/1653130704719323147
Cesar Poli,@CesarPoli,https://twitter.com/CesarPoli/status/1653132012289400862,2023-05-01T20:19:20.000Z,"Putz, ta fazendo Fake News….",0,0,0,https://twitter.com/BohnGass/status/1653130704719323147
DANIEL DOMINGUES,@DANIELD20172338,https://twitter.com/DANIELD20172338/status/1653143585812893699,2023-05-01T21:05:19.000Z,"Todos os INFILTRADOS DIREITISTAS fazendo a vontade da mídia corporativa GOLPISTA
querendo CENSURAR a internet.

É o primeiro prego do caixão do Governo LULA.",0,0,0,https://twitter.com/BohnGass/status/1653130704719323147
Ana | Anti-Partido Militar,@anaclaporto,https://twitter.com/anaclaporto/status/1653136071910105112,2023-05-01T20:35:27.000Z,#ForaPartidoMilitar,0,0,0,https://twitter.com/BohnGass/status/1653130704719323147
