nome,usuario,idTweet,dataPublicacao,texto,replies,retweets,likes,tweetPai
Humberto Pedrosa,@PedrosaHumberto,https://twitter.com/PedrosaHumberto/status/1653382363508867073,2023-05-02T12:54:08.000Z,"Parabéns, deputado. 👏🏻",0,0,0,https://twitter.com/adailfilhoam/status/1653365600050200578
Adalberto Junior,@Adalber16124928,https://twitter.com/Adalber16124928/status/1653403278997180418,2023-05-02T14:17:15.000Z,Parabéns Deputado.,0,0,0,https://twitter.com/adailfilhoam/status/1653365600050200578
laislima,@laislimaedf,https://twitter.com/laislimaedf/status/1653507440510468097,2023-05-02T21:11:09.000Z,Vote Não. Na PL da censura.,0,0,0,https://twitter.com/adailfilhoam/status/1653365600050200578
Menino do MEP (selo azul),@bob73115463,https://twitter.com/bob73115463/status/1653795123493232641,2023-05-03T16:14:18.000Z,"OI @GOOGLEBRASIL, JÁ PENSOU EM DESMONETIZAR TODOS OS CANAIS DO YOUTUBE DAQUELES QUE APOIAM A PL FACISTA DA CENSURA? MAIS UMA DICA, COMECE PELO NELIPE. #DESMONETIZAJÁ #PL2630NAO #PL2630NAO",0,0,0,https://twitter.com/adailfilhoam/status/1653365600050200578
