nome,usuario,idTweet,dataPublicacao,texto,replies,retweets,likes,tweetPai
MJSP,@mguapo70,https://twitter.com/mguapo70/status/1653470536729542668,2023-05-02T18:44:30.000Z,"E pode acreditar: é pior que uma militar. Sendo as duas ruins e indevidas, o povo tem que sair nas ruas. @MBLivre cadê? @VemPraRua_br onde está? @NAS_RUAS , estão vivos?",0,0,0,https://twitter.com/adriventurasp/status/1653412763882909704
MarquesJr,@nanoguardbrasil,https://twitter.com/nanoguardbrasil/status/1653536059504971778,2023-05-02T23:04:52.000Z,"Ô tia, que post ruim...",0,0,1,https://twitter.com/adriventurasp/status/1653412763882909704
André Passos,@AndrePa96023811,https://twitter.com/AndrePa96023811/status/1653745004634857474,2023-05-03T12:55:08.000Z,"Tu está mentindo! Deturpando a realidade, de um projeto que nem do governo é e piorando a situação, achando bacana esse monte de crimes que estão acontecendo nas redes sociais. Tomara que tu não aprenda da pior forma.",0,0,1,https://twitter.com/adriventurasp/status/1653412763882909704
Douglas Rafael do Amaral,@dougRamaral,https://twitter.com/dougRamaral/status/1653477482043981855,2023-05-02T19:12:06.000Z,"Não sei como não estamos nas ruas, estamos anestesiados?",0,0,0,https://twitter.com/adriventurasp/status/1653412763882909704
Maria BH,@MariluBH10,https://twitter.com/MariluBH10/status/1653448795688927244,2023-05-02T17:18:07.000Z,"Risco à democracia:
PL da censura
Aliar com as ditaduras de Nicarágua, Cuba, Venezuela, eixo Moscou -Pequim
Falar mal do mercado financeiro.
Ir na Europa dizer q não é par investir no 🇧🇷Montar uma equipe cuja maioria dos ""bons"" elementos já foram réus e até condenados na justiça",1,1,3,https://twitter.com/adriventurasp/status/1653412763882909704
I am,@_patyrocks,https://twitter.com/_patyrocks/status/1653420549396111363,2023-05-02T15:25:52.000Z,"Calar opiniões que assassinam crianças não é censura alguma, é o mínimo de bom senso!",0,0,0,https://twitter.com/adriventurasp/status/1653412763882909704
Rosele Sarmento Costa,@rosele_costa,https://twitter.com/rosele_costa/status/1653476462815526948,2023-05-02T19:08:03.000Z,#CensuraJamais,0,0,1,https://twitter.com/adriventurasp/status/1653412763882909704
Cláudio Mendes,@ClaudioMendes75,https://twitter.com/ClaudioMendes75/status/1653494750991863808,2023-05-02T20:20:43.000Z,"Pelo visto não faz a mínima ideia do que trata a PL e tá chutando em cima do q ouviu por aí de imbecis.
Precisa escolher melhor as amizades.",1,0,1,https://twitter.com/adriventurasp/status/1653412763882909704
Amigos Da Lava Jato,@AmigosJato,https://twitter.com/AmigosJato/status/1653479185296310274,2023-05-02T19:18:52.000Z,Parabéns  Deputada... vc esta nas primeiros posicoes como melhor Deputada no @RankPolitico ...Palmas....,0,0,1,https://twitter.com/adriventurasp/status/1653412763882909704
Isac,@isacmariano,https://twitter.com/isacmariano/status/1653457649948655616,2023-05-02T17:53:18.000Z,"Exatamente, Adriana, no alvo🎯.",0,0,0,https://twitter.com/adriventurasp/status/1653412763882909704
Rogerio,@RogerioVilela18,https://twitter.com/RogerioVilela18/status/1653736147938578432,2023-05-03T12:19:57.000Z,Só vai censurar espalhadores de fake News se atenha a verdade,0,0,0,https://twitter.com/adriventurasp/status/1653412763882909704
FlaNas,@nas_fla,https://twitter.com/nas_fla/status/1653483334738092038,2023-05-02T19:35:21.000Z,"Mentira não é opinião contrária, é crime.",0,0,1,https://twitter.com/adriventurasp/status/1653412763882909704
Flavio Evangelista,@Fevangelista60,https://twitter.com/Fevangelista60/status/1653512841784172548,2023-05-02T21:32:36.000Z,#CensuraJamais,0,0,1,https://twitter.com/adriventurasp/status/1653412763882909704
somara,@somara19,https://twitter.com/somara19/status/1653695670249832449,2023-05-03T09:39:06.000Z,Foi o que disse: tinhamos medo de um tigrinho e foi posto lá um chacal,0,1,0,https://twitter.com/adriventurasp/status/1653412763882909704
Carlos Augusto Andrade,@carlao41,https://twitter.com/carlao41/status/1653497147604586500,2023-05-02T20:30:15.000Z,#AprovaPL2630,0,0,0,https://twitter.com/adriventurasp/status/1653412763882909704
Leandro Carlos de Andrade,@Leandro36127650,https://twitter.com/Leandro36127650/status/1653557590704390144,2023-05-03T00:30:25.000Z,"A questão é basicamente a seguinte: DIREITOS FUNDAMENTAIS. Eles terminam pra um indivíduo, onde começa o dos outros. O Código Civil cita punibilidade pra quem prejudica os outros com palavras.

Sou a favor de um país com liberdade de expressão punível, em caso de dolo a terceiros",0,0,0,https://twitter.com/adriventurasp/status/1653412763882909704
Humberto Maia,@MaiaHumberto,https://twitter.com/MaiaHumberto/status/1653731190887661568,2023-05-03T12:00:15.000Z,"Acabou, pôrra!
Perdeu, Mané!
Haja dor de corno!
E muito cocô na cabeça!😂🤣😢😅😂🤣😢😅😂🤣😢😅😂🤣😢😅😂🤣😢😅😂🤣😢😅😂🤣😢😅😂🤣😢😅😂🤣😢😅😂🤣😂🤣😢😅😂🤣😢😅😂🤣😢😅😂🤣😢😅😂🤣😢😅😂🤣😢😅😂🤣😢😅😂🤣😢😅😂🤣😢😅😂🤣😂🤣😢😅😂🤣😢😅😂🤣😢😅😂🤣😢😅😂🤣😢😅😂🤣😢😅😂😂🤣",0,0,0,https://twitter.com/adriventurasp/status/1653412763882909704
Mari,@marivanmoioli,https://twitter.com/marivanmoioli/status/1653521169021116416,2023-05-02T22:05:42.000Z,"Para mim ,já é árvore dando frutos! #PL2630Nao",0,0,1,https://twitter.com/adriventurasp/status/1653412763882909704
Bianca M Naumann,@BiaMNaumann,https://twitter.com/BiaMNaumann/status/1653525994135855111,2023-05-02T22:24:52.000Z,País democrático não censura opinião. Impunidade é o que deixa as crianças suscetíveis. #CensuraNão,0,0,0,https://twitter.com/adriventurasp/status/1653412763882909704
bibi/ Adeilson,@adeilsonbibi,https://twitter.com/adeilsonbibi/status/1653496021895335968,2023-05-02T20:25:46.000Z,"Meu vcs são fantoches, até quando para população perceber que vcs políticos não servem mais para nada, vcs são uma piada perca de tempo, estão aí, mas não valem nada piada , STF que manda ... Ridículos , profissão piada no Brasil no momento polícia 🚔, e políticos, faz de conta",0,0,0,https://twitter.com/adriventurasp/status/1653412763882909704
Francisco Tinoco,@TinocoFra,https://twitter.com/TinocoFra/status/1653493411482148865,2023-05-02T20:15:24.000Z,"Exemplo de como será nossa vida se aprovado o PL da CENSURA.
Governo petista, que tem por modelo, de acordo a José Dirceu, a ditadura cubana, em que só existe o jornal ""O GRANA"" que é um mero órgão de propaganda do PC. É só ler, George Orwell, 1984, Ministério da Propaganda!",0,0,0,https://twitter.com/adriventurasp/status/1653412763882909704
Gleisson,@gleisson_lira,https://twitter.com/gleisson_lira/status/1653502111001333761,2023-05-02T20:49:58.000Z,Censura,0,0,0,https://twitter.com/adriventurasp/status/1653412763882909704
Ricardo L. Hoffmann,@rluizhoffmann,https://twitter.com/rluizhoffmann/status/1653472362572947456,2023-05-02T18:51:45.000Z,A única coisa que pode salvar PL das Fake News do fracasso completo. Anexo 490: JUDICIÁRIO SEM ESTRUTURA PARA DEFINIR VERDADES. link,0,0,0,https://twitter.com/adriventurasp/status/1653412763882909704
