nome,usuario,idTweet,dataPublicacao,texto,replies,retweets,likes,tweetPai
Rodrigo Alonço,@alonco_rodrigo,https://twitter.com/alonco_rodrigo/status/1653492206995492874,2023-05-02T20:10:37.000Z,"Adriana, entre como Amicus Curiae e arrole a globo na mesma petição.

Vamos jogar o jogo.",2,1,3,https://twitter.com/adriventurasp/status/1653444238439219201
MJSP,@mguapo70,https://twitter.com/mguapo70/status/1653459392619073536,2023-05-02T18:00:13.000Z,Pede para a turma isentona que chamava o Bolsonaro de ditador para ver se eles tem alguma ideia.,0,0,0,https://twitter.com/adriventurasp/status/1653444238439219201
Fabio Alves,@FabioAl52432739,https://twitter.com/FabioAl52432739/status/1653465719982440469,2023-05-02T18:25:22.000Z,"Isso demonstra onde está a ""verdade"".",0,0,0,https://twitter.com/adriventurasp/status/1653444238439219201
João Silva Brasília,@bsb_joaosilva,https://twitter.com/bsb_joaosilva/status/1653723403096817664,2023-05-03T11:29:18.000Z,"Você sabe a diferença entre uma nota pública e um conteúdo disfarçado, né?",0,0,0,https://twitter.com/adriventurasp/status/1653444238439219201
FlaNas,@nas_fla,https://twitter.com/nas_fla/status/1653449227555438596,2023-05-02T17:19:50.000Z,#PL2630SIM,0,0,0,https://twitter.com/adriventurasp/status/1653444238439219201
Cláudio Mendes,@ClaudioMendes75,https://twitter.com/ClaudioMendes75/status/1653495431568019466,2023-05-02T20:23:26.000Z,"Google é empresa de tecnologia.
Jornais e empresas de TV são empresas de mídia, jornalismo e conteúdo.
É fácil entender.
E é conveniente desinformar quando o eleitorado é idiota.",0,0,0,https://twitter.com/adriventurasp/status/1653444238439219201
Maria Renata Casella,@mr_casella,https://twitter.com/mr_casella/status/1653452343982030860,2023-05-02T17:32:13.000Z,@MPF_PGR @cnmp_oficial acionem qu esta fazendo abertamente propaganda a favor… #PLdaCensuraNão @FlavioDino #flaviodinocensor,0,0,0,https://twitter.com/adriventurasp/status/1653444238439219201
#Cpmide08dejaneiroJá #cpmi08dejaneiro2023 #,@CCConservador,https://twitter.com/CCConservador/status/1653613927958212608,2023-05-03T04:14:17.000Z,Modifiquem o regimento! #mudancanoregimentodacamaraja precisamos de mudança no regimento da câmara urgente. Chega de consensos. Precisamos de regras mais claras e abrangentes. #RegimentoInternodaCamara,0,1,1,https://twitter.com/adriventurasp/status/1653444238439219201
