nome,usuario,idTweet,dataPublicacao,texto,replies,retweets,likes,tweetPai
Mauro Alvimsantos,@MAlvimsantos,https://twitter.com/MAlvimsantos/status/1653411998581809155,2023-05-02T14:51:54.000Z,Tá de sacanagem? Censura ? Como pode ?,0,0,0,https://twitter.com/mello_bandeira/status/1653372594668568578
Wedson Souza,@Wedson20679952,https://twitter.com/Wedson20679952/status/1653388318095097856,2023-05-02T13:17:48.000Z,"CENCURA NÃO, SE ESSA PL PASSAR A TORCIDA DO FLAMENGO JAMAIS VAI TE PERDOAR.",0,0,1,https://twitter.com/mello_bandeira/status/1653372594668568578
Marcos Vinicios,@MarcosV24454617,https://twitter.com/MarcosV24454617/status/1653393988374732801,2023-05-02T13:40:20.000Z,#censura não eu me arrependo de ter votado em vc,0,0,1,https://twitter.com/mello_bandeira/status/1653372594668568578
Robson A. Francisco,@RobsonAFrancisc,https://twitter.com/RobsonAFrancisc/status/1653432677800857606,2023-05-02T16:14:04.000Z,Vote não a censura,0,0,1,https://twitter.com/mello_bandeira/status/1653372594668568578
Grazielle Bastos,@GrazielledoCar2,https://twitter.com/GrazielledoCar2/status/1653464829980450820,2023-05-02T18:21:50.000Z,"Não deixem que nos censure. O povo lembrará de todos aqueles que foram a favor da liberdade de uma nação, assim como daqueles que quiseram nos calar. Vamos te acompanhar nessa votação, pense com carinho ❤ Um forte abraço dos PATRIOTAS 🇧🇷🇧🇷",0,0,1,https://twitter.com/mello_bandeira/status/1653372594668568578
♡Dani ᶜʳᶠ♡,@Dani_Cruel,https://twitter.com/Dani_Cruel/status/1653528653165109252,2023-05-02T22:35:26.000Z,"Tem como investigar o @marcosbrazrio e os absurdos que esse senhor já causou pro Flamengo? Obrigada, a nação agradece!",0,0,0,https://twitter.com/mello_bandeira/status/1653372594668568578
EVN,@EdM0RTy,https://twitter.com/EdM0RTy/status/1653464216202870784,2023-05-02T18:19:23.000Z,Seu apoio ao PL 2630 é um motivo para não votar novamente no senhor.,0,0,0,https://twitter.com/mello_bandeira/status/1653372594668568578
Jean Battista,@jeanvizanni6,https://twitter.com/jeanvizanni6/status/1653394483419967490,2023-05-02T13:42:18.000Z,#PLdaCensuraNao,0,0,0,https://twitter.com/mello_bandeira/status/1653372594668568578
Davi,@Davico_rj,https://twitter.com/Davico_rj/status/1653456292533477376,2023-05-02T17:47:54.000Z,"Boa tarde Deputado! Vi que o senhor está votando A FAVOR, da PL da Censura. Por favor, reconsidere o seu voto, não votei no senhor para que a minha liberdade seja tirada. No mínimo, essa PL precisa de mais tempo para discussão. Estou contando com o senhor! SRN!",0,0,1,https://twitter.com/mello_bandeira/status/1653372594668568578
Luciano Simoes,@LucianoSimoes12,https://twitter.com/LucianoSimoes12/status/1653730135890186241,2023-05-03T11:56:03.000Z,Vamos presidente!,0,0,0,https://twitter.com/mello_bandeira/status/1653372594668568578
Marcoaincutto@gmail.,Marcoaincutto@gmail.,https://twitter.com/marcoaincutto/status/1653380828943007746,2023-05-02T12:48:02.000Z,Vamos aprovar a PL das fake news?,0,0,1,https://twitter.com/mello_bandeira/status/1653372594668568578
Patricia Araujo,@patriciaparauj1,https://twitter.com/patriciaparauj1/status/1653388562128072705,2023-05-02T13:18:46.000Z,#PL2630Nao UM ABSURDO SER A FAVOR DA CENSURA!VOTE NÃO!,0,1,2,https://twitter.com/mello_bandeira/status/1653372594668568578
André Gil,@AndrGil95000315,https://twitter.com/AndrGil95000315/status/1653565241379135491,2023-05-03T01:00:49.000Z,Tá na hora de voltar para presidente do nosso mengao!,0,0,0,https://twitter.com/mello_bandeira/status/1653372594668568578
Itnaclavac,@MediaPubli35753,https://twitter.com/MediaPubli35753/status/1653393569774817283,2023-05-02T13:38:40.000Z,"Vote CONTRA a PLdaCENSURA, Presidente. Não nos decepcione!",0,0,0,https://twitter.com/mello_bandeira/status/1653372594668568578
Paulo Barros,@PauloBa45279694,https://twitter.com/PauloBa45279694/status/1653374969059917832,2023-05-02T12:24:45.000Z,"Você é um bosta que não merece ser flamenguista, não pensa no povo e acompanha bandidos.",0,0,0,https://twitter.com/mello_bandeira/status/1653372594668568578
