nome,usuario,idTweet,dataPublicacao,texto,replies,retweets,likes,tweetPai
marco paula,@marcoaspaula,https://twitter.com/marcoaspaula/status/1653509145746612225,2023-05-02T21:17:55.000Z,Estavam fazendo a pesquisa no sindicato ou na sede do PT?,0,0,0,https://twitter.com/BohnGass/status/1653501851235504158
Jackson 100% Racionais,@j_racionais,https://twitter.com/j_racionais/status/1653503018778673152,2023-05-02T20:53:34.000Z,lula povo,0,0,1,https://twitter.com/BohnGass/status/1653501851235504158
Paulo Almeida,@PAUULOOOOOOO,https://twitter.com/PAUULOOOOOOO/status/1653505199305117710,2023-05-02T21:02:14.000Z,Sei,0,0,0,https://twitter.com/BohnGass/status/1653501851235504158
Eduardo Fernandes,@Eduardo01104809,https://twitter.com/Eduardo01104809/status/1653531382260326402,2023-05-02T22:46:17.000Z,"Isso não é apenas ridículo: isso prova o quão longe o governo Lula está indo, espalhando notícias falsas para supostamente combatê-las e com o apoio da mídia tradicional. Os brasileiros já vivem sob um governo autoritário e sob uma Suprema Corte autoritária. Distópico!",0,0,0,https://twitter.com/BohnGass/status/1653501851235504158
