nome,usuario,idTweet,dataPublicacao,texto,replies,retweets,likes,tweetPai
Alexandre Padilha,@padilhando,https://twitter.com/padilhando/status/1653779624189460482,2023-05-03T15:12:42.000Z,"Hoje, 200 anos depois, temos um dos melhores textos constitucionais do mundo, que garante o Estado Democrático de Direito, a dignidade da pessoa humana, os valores sociais do trabalho e da livre iniciativa e o pluralismo político. Sem parlamento forte não há democracia.",2,9,56,https://twitter.com/padilhando/status/1653779622432055299
Amin Abdallah,@aminmayef,https://twitter.com/aminmayef/status/1654067752661811203,2023-05-04T10:17:37.000Z,"Bom dia Ministro, e ontem o que foi aquilo nos votos do marco do Saneamento? Será que não é hora de rever essas indicações de ministros do UB, MDB, PSD se não trazem votos para que te los????????",0,0,2,https://twitter.com/padilhando/status/1653779622432055299
EDUARDO RIBEIRO DIAS,@dudurdias130280,https://twitter.com/dudurdias130280/status/1653814650255945745,2023-05-03T17:31:53.000Z,"po bixo... lira e lula te humilharam ontem!!!
10 bi e nao tem base kkkkk",0,0,0,https://twitter.com/padilhando/status/1653779622432055299
Oia e Veja,@ArteOia,https://twitter.com/ArteOia/status/1653852289180811266,2023-05-03T20:01:27.000Z,Hoje deveria ser o Dia da Vergonha: O senado não representa mais o povo e sim interesses do STF e de Políticos Corruptos. Começando pelo Presidente: (Tirando algumas exceções),0,0,0,https://twitter.com/padilhando/status/1653779622432055299
Luiz Casagrande,@luizcasagra,https://twitter.com/luizcasagra/status/1653831583604916224,2023-05-03T18:39:10.000Z,"Derrota do desgoverno. Arregou mais uma vez, já tinha arregado na CPMI, é um desgoverno, é muita incompetência. Não adiantou liberar 10 bilhões de reais para  comprar deputados com emendas.",0,0,0,https://twitter.com/padilhando/status/1653779622432055299
Sérgio Pimentel,@pimenteldp,https://twitter.com/pimenteldp/status/1653797030513221635,2023-05-03T16:21:52.000Z,"Todo grupo de família tem um petista e outro contra. Caso seja implantado o comunismo e a ditadura, muitos serão presos e muitos irão chorar a prisão de seu parente.

O congresso nacional nada faz porque lá só tem ladrão e oportunistas.

*",0,0,0,https://twitter.com/padilhando/status/1653779622432055299
