nome,usuario,idTweet,dataPublicacao,texto,replies,retweets,likes,tweetPai
Roberto Borning,@RobertoBor13,https://twitter.com/RobertoBor13/status/1653732691735461891,2023-05-03T12:06:13.000Z,"Treta internacional
Ele deveria ser proibido de entrar nos EUA para sempre",0,0,0,https://twitter.com/BohnGass/status/1653732289514287105
Vascaíno a base de calmantes ✠,@Eduardo82374991,https://twitter.com/Eduardo82374991/status/1653831768791719971,2023-05-03T18:39:55.000Z,🤣🤣🤣🤣🤣,0,0,0,https://twitter.com/BohnGass/status/1653732289514287105
Marcelo João,@joo19_joao,https://twitter.com/joo19_joao/status/1653764553463799811,2023-05-03T14:12:49.000Z,E o recibo de aluguel como fica?,0,0,0,https://twitter.com/BohnGass/status/1653732289514287105
Paulo Zietlow,@paulozietlow_,https://twitter.com/paulozietlow_/status/1653784485534613507,2023-05-03T15:32:01.000Z,Exatamente o que pensei agora. Fraudou as regras de entrada no EUA.,0,0,0,https://twitter.com/BohnGass/status/1653732289514287105
Sandro Múcio,@SandroMucio,https://twitter.com/SandroMucio/status/1653733309439004672,2023-05-03T12:08:40.000Z,"se não for preso aqui, vai ser preso lá por terrorismo.",0,0,0,https://twitter.com/BohnGass/status/1653732289514287105
Eriston Mattos ® SEM ANISTIA,@eristonmattos,https://twitter.com/eristonmattos/status/1653737852117688320,2023-05-03T12:26:43.000Z,"Pena de 10 anos nos EUA, por falsificar dados de vacinação. 
BOLSONARO VAI SER PRESO",1,0,0,https://twitter.com/BohnGass/status/1653732289514287105
Rodrigo Monge,@Rodrigo__Monge,https://twitter.com/Rodrigo__Monge/status/1653944633787908100,2023-05-04T02:08:24.000Z,AHAHAHHAHAHAHAHHAHAHAHAHAHAH,0,0,0,https://twitter.com/BohnGass/status/1653732289514287105
ricardo chaves,@ricardo_bhmg,https://twitter.com/ricardo_bhmg/status/1653837419710488576,2023-05-03T19:02:22.000Z,Hahaha. Faz me rir!,0,0,0,https://twitter.com/BohnGass/status/1653732289514287105
Ivan Ricardo,@IvanRic5,https://twitter.com/IvanRic5/status/1653857472501760003,2023-05-03T20:22:03.000Z,Não seria mundial não!? Kkkkkkkk Como o sr. Se elegeu deputado federal?,0,0,2,https://twitter.com/BohnGass/status/1653732289514287105
Luciano Oliveira,@Oliveirasart,https://twitter.com/Oliveirasart/status/1653737521711292417,2023-05-03T12:25:24.000Z,"Sério mesmo que ele colocou em risco à população Americana, olha não passo pano não se errou que pague, agora dá uma segurada né 🤣🤣🤣",0,0,2,https://twitter.com/BohnGass/status/1653732289514287105
Javali,@cafejavali,https://twitter.com/cafejavali/status/1653797671771971584,2023-05-03T16:24:25.000Z,"BoHm Bosta!!! Ele como Presidente e sua familia, nao foram obrigados a mostrar cartão de vacinação!!!!",0,0,0,https://twitter.com/BohnGass/status/1653732289514287105
GabrielaKi,@GabrielaKi14,https://twitter.com/GabrielaKi14/status/1653776293840781312,2023-05-03T14:59:28.000Z,Hahahahahhahh vcs são patéticos!!!!!,0,0,0,https://twitter.com/BohnGass/status/1653732289514287105
Artilheiro,@ricardo26610,https://twitter.com/ricardo26610/status/1654773144891060231,2023-05-06T09:00:36.000Z,Falar asneira é típico de petistas,0,0,1,https://twitter.com/BohnGass/status/1653732289514287105
Alexandre Eduardo Garcia,@Alexandre180975,https://twitter.com/Alexandre180975/status/1653897201880383490,2023-05-03T22:59:55.000Z,Nossa acho que o escândalo é intergalatico,0,0,0,https://twitter.com/BohnGass/status/1653732289514287105
Pamzinha sem filtro!!!,@pamzinhamusic,https://twitter.com/pamzinhamusic/status/1653745387616739338,2023-05-03T12:56:40.000Z,"Amigo(a), se puder teria como me ajudar?
Moro em Maricá/RJ.
Aqui os remédios e as terapias pelo SUS estão cortadas tem mais de 6 meses, e eu faço o uso de remédios controlados, mas desempregada, ñ tenho como comprar
Já vendi tudo q pudia
PIX: 21977404384",0,0,0,https://twitter.com/BohnGass/status/1653732289514287105
Cristina,@martacr64066371,https://twitter.com/martacr64066371/status/1653733379899109376,2023-05-03T12:08:57.000Z,"Enquanto o Lula foi preso por corrupção e roubo,Bolsonaro na eminência de ser preso por falsificação de cartão de vacina.",1,0,2,https://twitter.com/BohnGass/status/1653732289514287105
Jackson,@PedroHe73922298,https://twitter.com/PedroHe73922298/status/1653763149634437129,2023-05-03T14:07:14.000Z,"GRAVÍSSIMO O Q ACONTECE NO BRASIL, GOVERNO C INSTITUIÇÕES APARELHADAS  PRATICANDO TINANIAS E TORTURAS.",0,0,0,https://twitter.com/BohnGass/status/1653732289514287105
