nome,usuario,idTweet,dataPublicacao,texto,replies,retweets,likes,tweetPai
Rozana Barroso,@RozanaBarroso,https://twitter.com/RozanaBarroso/status/1653421943285067786,2023-05-02T15:31:25.000Z,#PL2630SIM,0,0,1,https://twitter.com/BohnGass/status/1653418818209759240
Duncan Lou,@mariludiniz,https://twitter.com/mariludiniz/status/1653439867622129672,2023-05-02T16:42:38.000Z,"Verdade, estão disparando robôs em todas as plataformas",0,0,1,https://twitter.com/BohnGass/status/1653418818209759240
Bruce Loy,@Bruce_loyy,https://twitter.com/Bruce_loyy/status/1653430078636802053,2023-05-02T16:03:44.000Z,Kkkkk robôs kkkk uai contrata tbm kkkkkk cada uma,0,0,0,https://twitter.com/BohnGass/status/1653418818209759240
Piripipiu,@Piripipiui,https://twitter.com/Piripipiui/status/1653466709137735688,2023-05-02T18:29:18.000Z,#PL2630SIM,0,0,1,https://twitter.com/BohnGass/status/1653418818209759240
Geanliby,@geaneliby,https://twitter.com/geaneliby/status/1653422893106118656,2023-05-02T15:35:11.000Z,É a galinha dos ovos de ouro das Big.A venda de robôs para espalhar Fake News. Acho que  o Brasil vai perder essa Luta. Grandes potências não conseguiram. Se conseguir vai ser um exemplo mundial.,1,0,1,https://twitter.com/BohnGass/status/1653418818209759240
Cesar Taques,@cesartaques,https://twitter.com/cesartaques/status/1653419891926466560,2023-05-02T15:23:15.000Z,#PL2630SIM,0,0,1,https://twitter.com/BohnGass/status/1653418818209759240
Maria Cleunice,@MariaCleunice3,https://twitter.com/MariaCleunice3/status/1653422232461361153,2023-05-02T15:32:33.000Z,#PL2630SIM,0,0,1,https://twitter.com/BohnGass/status/1653418818209759240
Gilvani,@Gilvani_31,https://twitter.com/Gilvani_31/status/1653467063904550930,2023-05-02T18:30:42.000Z,#PL2630SIM,0,0,1,https://twitter.com/BohnGass/status/1653418818209759240
Tania ANTIFA Bruxa da Ilha,@trudebom,https://twitter.com/trudebom/status/1653492344975511554,2023-05-02T20:11:10.000Z,"Empresas na maioria americanas, e os robôs dão muito lucro",0,0,1,https://twitter.com/BohnGass/status/1653418818209759240
Arbaka,@a_arbaka,https://twitter.com/a_arbaka/status/1653699043447525377,2023-05-03T09:52:30.000Z,#PL2360SIM,0,0,0,https://twitter.com/BohnGass/status/1653418818209759240
Emerson Panasiuk,@EmersonPanasiuk,https://twitter.com/EmersonPanasiuk/status/1653483994367905809,2023-05-02T19:37:59.000Z,"Qual robô? Aqueles já investigados nas eleições 2018 que tem CPF, CEP, RG ?",0,0,0,https://twitter.com/BohnGass/status/1653418818209759240
Bruce Loy,@Bruce_loyy,https://twitter.com/Bruce_loyy/status/1653430255535767553,2023-05-02T16:04:26.000Z,#PL2630daCensuraNao  vai praticar o comunismo em outro país,0,0,0,https://twitter.com/BohnGass/status/1653418818209759240
SS,@samuelschon,https://twitter.com/samuelschon/status/1653425090736914437,2023-05-02T15:43:55.000Z,"Mentira. Narrativa ardilosa e injustificada, para prover a mordaça e algemas na internet brasileira, com filtragem de conteúdo que interessa ao PT e governo. Não pela mordaça. Sim pela liberdade de expressão. PL2630 não.",0,0,0,https://twitter.com/BohnGass/status/1653418818209759240
Mari,@Marichic1,https://twitter.com/Marichic1/status/1653456282085408805,2023-05-02T17:47:52.000Z,#PL2630SIM,0,0,0,https://twitter.com/BohnGass/status/1653418818209759240
Luiz Casagrande,@luizcasagra,https://twitter.com/luizcasagra/status/1653487255715999744,2023-05-02T19:50:56.000Z,"Isso é abuso de autoridade do ministro da justiça e STF,  qualquer empresa tem direito de opinar sobre assunto que tem haver com seu negócio, isso é abuso de Autoridade, cadê a PGR. Censura só em Cuba, Venezuela, Nicarágua, China aqui não, NÃO ao PL da censura",0,0,0,https://twitter.com/BohnGass/status/1653418818209759240
