nome,usuario,idTweet,dataPublicacao,texto,replies,retweets,likes,tweetPai
Patty,@LolipopSugary,https://twitter.com/LolipopSugary/status/1653519439306866692,2023-05-02T21:58:49.000Z,"Assim morrem as democracias 👇 Só não entende quem não quer!  
CENSURA E DITADURA NÃO! #PL2630daCensuraNao #PL2630Nao",0,0,1,https://twitter.com/Altineu/status/1653514419609976832
Antonio Medeiros,@Antonio51657043,https://twitter.com/Antonio51657043/status/1653841936510246913,2023-05-03T19:20:19.000Z,Quem apoia FAKENEWS não merece respeito!,0,0,0,https://twitter.com/Altineu/status/1653514419609976832
Álvaro Della Paschoa,@alvaro_della,https://twitter.com/alvaro_della/status/1653536096259637248,2023-05-02T23:05:01.000Z,👏👏👏 parabéns ao PL por fechar questão contra o PL da censura. Peço divulgar nome dos líderes e presidentes de outros partidos para pedirmos a mesma postura.,0,0,1,https://twitter.com/Altineu/status/1653514419609976832
Luiz Paulo,@LPPSILVA,https://twitter.com/LPPSILVA/status/1653726929382432770,2023-05-03T11:43:19.000Z,"Parabéns, desde já vejo que o senhor trabalha para nós  que delegamos nossa representação na câmara. Estaremos de olho nas suas participações na câmara. Parabéns!",0,1,0,https://twitter.com/Altineu/status/1653514419609976832
Sirlene Almeida,@Sirlene_89,https://twitter.com/Sirlene_89/status/1653523563788345347,2023-05-02T22:15:13.000Z,Parabéns Altineu!! Continue firme e lutando por pela Democracia do nosso país!!!🤩👏👏👏👏🥰,0,1,2,https://twitter.com/Altineu/status/1653514419609976832
Gláucia,@Glaucia76507561,https://twitter.com/Glaucia76507561/status/1653536143542046721,2023-05-02T23:05:12.000Z,Orgulho do Representante de São Gonçalo Rj,0,0,0,https://twitter.com/Altineu/status/1653514419609976832
Padre Fábio Escobar,@PeFabioEscobar,https://twitter.com/PeFabioEscobar/status/1653590874553475074,2023-05-03T02:42:41.000Z,"Parabéns pela postura, deputado.",0,0,0,https://twitter.com/Altineu/status/1653514419609976832
Alan (Anauê Tupã ),@alanbianchixiii,https://twitter.com/alanbianchixiii/status/1653532099884843010,2023-05-02T22:49:08.000Z,Que batalha meus amigos! Parabéns deputado!!!,0,0,1,https://twitter.com/Altineu/status/1653514419609976832
Nally,@NallySilva9,https://twitter.com/NallySilva9/status/1653551226032644099,2023-05-03T00:05:08.000Z,", 👏👏👏👏👏",0,0,1,https://twitter.com/Altineu/status/1653514419609976832
stirk,@the_stirk,https://twitter.com/the_stirk/status/1653585447287701505,2023-05-03T02:21:07.000Z,Obrigado pelo seu não a pl,0,0,0,https://twitter.com/Altineu/status/1653514419609976832
Mônica Narciso,@Monicanarciso16,https://twitter.com/Monicanarciso16/status/1653517468252401664,2023-05-02T21:50:59.000Z,👏👏👏👏,0,0,0,https://twitter.com/Altineu/status/1653514419609976832
Dr.Leonardo Costa,@coronaconserva1,https://twitter.com/coronaconserva1/status/1653528486944948225,2023-05-02T22:34:47.000Z,Parabéns deputado,0,0,2,https://twitter.com/Altineu/status/1653514419609976832
Ubaldo Barem,@ubaldobarem,https://twitter.com/ubaldobarem/status/1653534086722379778,2023-05-02T22:57:02.000Z,👏👏👏👏👏,0,0,0,https://twitter.com/Altineu/status/1653514419609976832
Carlos Eduardo Silva,@CaduSilva82,https://twitter.com/CaduSilva82/status/1653516089593135107,2023-05-02T21:45:31.000Z,Isso aí @Altineu! Obrigado por representar o voto dos seus Eleitores. 👏🏿👏🏿👏🏿,0,0,0,https://twitter.com/Altineu/status/1653514419609976832
Antonio Medeiros,@Antonio51657043,https://twitter.com/Antonio51657043/status/1653841778028470274,2023-05-03T19:19:41.000Z,"#MentiraNão!
Deputados das FAKENEWS pra cadeia, são marginais tramando contra sociedade brasileira!#CadeiaPraVagabundo",0,0,0,https://twitter.com/Altineu/status/1653514419609976832
Antonio Medeiros,@Antonio51657043,https://twitter.com/Antonio51657043/status/1653842544449445892,2023-05-03T19:22:44.000Z,Vagabundo escroto que apoia GENOCÍDA e FAKENEWS?#QuemApoiaFakenewsNãoMereceRespeito,0,0,0,https://twitter.com/Altineu/status/1653514419609976832
Máquina,@LocoMotivo23,https://twitter.com/LocoMotivo23/status/1653828107164327961,2023-05-03T18:25:22.000Z,"PL2630 SALVA VIDAS.
Para certos aproveitadores o orçamento secreto é mais importante!
Assim funciona o mundo político, chantagem e barganha para enriquecimento ilícito.",0,0,0,https://twitter.com/Altineu/status/1653514419609976832
Marcelo Almeida,@MarceloAlmSG,https://twitter.com/MarceloAlmSG/status/1653535954932584453,2023-05-02T23:04:27.000Z,"Pela liberdade de inverter e divulgar mamadeira de piroca, kitgay, vacina transforma em jacaré?",0,0,0,https://twitter.com/Altineu/status/1653514419609976832
O Caramuru,@TheCaramuru,https://twitter.com/TheCaramuru/status/1653532626588778500,2023-05-02T22:51:13.000Z,"Por favor, nobre Deputado, vote contra o PL da Censura. O povo do Brasil não quer censura, o povo do Brasil quer liberdade. Não ao PL da Censura!",0,0,0,https://twitter.com/Altineu/status/1653514419609976832
Maxsuel Santos -,@mhhueleunapoli,https://twitter.com/mhhueleunapoli/status/1653583155264118785,2023-05-03T02:12:00.000Z,Se mantenha firme e nos ajude ficar livres de censuras,0,0,0,https://twitter.com/Altineu/status/1653514419609976832
#Cpmide08dejaneiroJá #cpmi08dejaneiro2023 #,@CCConservador,https://twitter.com/CCConservador/status/1653586375709544450,2023-05-03T02:24:48.000Z,Obrigado Deputado!!!!   Honrando os votos que recebeste 👏👏🔝🔝🔝🔝🔝🔝🔝🔝🔝🔝🔝🔝🔝🔝🔝🔝🔝👍👍👍Estamos muito orgulhosos do senhor. ##PLdaCensuraNao  #PL2630NÃO #plfakenewsnao #PL2630Nao,0,0,0,https://twitter.com/Altineu/status/1653514419609976832
