nome,usuario,idTweet,dataPublicacao,texto,replies,retweets,likes,tweetPai
Nivaldo Santos,@Niosan57,https://twitter.com/Niosan57/status/1653720090867531778,2023-05-03T11:16:08.000Z,AÍ VEM O DESESPERO... KKKKKK,1,0,0,https://twitter.com/BohnGass/status/1653718655702630401
Natalia Angst,@NataliaAngst2,https://twitter.com/NataliaAngst2/status/1653722429674455046,2023-05-03T11:25:26.000Z,"Hahahahahhahahau que notícia maravilhosa
Estou só pelos próximos capítulos",1,0,0,https://twitter.com/BohnGass/status/1653718655702630401
Maldorror,@Maldorror,https://twitter.com/Maldorror/status/1653721684950544385,2023-05-03T11:22:29.000Z,Hahahahahahaha... tomou morfina?!?,1,0,0,https://twitter.com/BohnGass/status/1653718655702630401
Ana#SemAnistia!,@analucasdel,https://twitter.com/analucasdel/status/1653725633304748039,2023-05-03T11:38:10.000Z,BOLSONARO PRESO AMANHÃ,1,0,0,https://twitter.com/BohnGass/status/1653718655702630401
Geanliby,@geaneliby,https://twitter.com/geaneliby/status/1653736109799616515,2023-05-03T12:19:48.000Z,A senha do celular de Bolsonaro é Lula2022.,0,0,0,https://twitter.com/BohnGass/status/1653718655702630401
Diva,@Diva47228477,https://twitter.com/Diva47228477/status/1653741625820999682,2023-05-03T12:41:43.000Z,Hahahahaha,0,0,0,https://twitter.com/BohnGass/status/1653718655702630401
ABI,@ABII32561483,https://twitter.com/ABII32561483/status/1653724538432024577,2023-05-03T11:33:49.000Z,"Piada, só vão atrás desse esquema? E as jóias roubadas? O roubo no cartão corporativo? Todos os outros crimes? Tem muito mais aí",0,0,1,https://twitter.com/BohnGass/status/1653718655702630401
Carlos Roberto Moraes Magalhaes,@carlosmoraes21,https://twitter.com/carlosmoraes21/status/1653732508435898368,2023-05-03T12:05:29.000Z,"Deixa com os craques da PF, eles abrem!",0,0,0,https://twitter.com/BohnGass/status/1653718655702630401
R D,@RD14825530,https://twitter.com/RD14825530/status/1653722007932993543,2023-05-03T11:23:46.000Z,Como ele vai jogar free fire?,0,0,0,https://twitter.com/BohnGass/status/1653718655702630401
Dos Santos Rafael,@DosR64875,https://twitter.com/DosR64875/status/1653742773718138881,2023-05-03T12:46:16.000Z,Já começou a vomitar bosta ele?,0,0,0,https://twitter.com/BohnGass/status/1653718655702630401
....,@dizmiller,https://twitter.com/dizmiller/status/1653740318393507841,2023-05-03T12:36:31.000Z,"Não precisa estar 'APAVORADO', suas antas, para se negar a entregar a senha do seu aparelho celular. Ninguem é obrigado a produzir provas contra si mesmo. Bando de ignorantes.",0,0,0,https://twitter.com/BohnGass/status/1653718655702630401
Bela Adormecida,@Vontadedepoder,https://twitter.com/Vontadedepoder/status/1653719033655574528,2023-05-03T11:11:56.000Z,"cara, é muita notícia boa, chorando aqui. vencemos!",0,0,0,https://twitter.com/BohnGass/status/1653718655702630401
Marcos Ramos,@Marcosrcfaria,https://twitter.com/Marcosrcfaria/status/1653723666943815681,2023-05-03T11:30:21.000Z,"Desculpa esfarrapada para invadir a casa deles e procurar  alguma coisa para incrimina-lo, como fizeram com o Torres.",0,0,2,https://twitter.com/BohnGass/status/1653718655702630401
Cristina,@martacr64066371,https://twitter.com/martacr64066371/status/1653733103989399552,2023-05-03T12:07:51.000Z,"Enquanto o Lula foi preso por corrupção e roubo,Bolsonaro na eminência de ser preso por falsificação de cartão de vacina.",0,0,1,https://twitter.com/BohnGass/status/1653718655702630401
