nome,usuario,idTweet,dataPublicacao,texto,replies,retweets,likes,tweetPai
Coronel Amaro (R1),@Amaro_Coronel,https://twitter.com/Amaro_Coronel/status/1653252019023486976,2023-05-02T04:16:11.000Z,"kkkkkkk QUAL FOI A ISENÇÃO DE VOCÊS NA CPI DO CIRCO QUE NÃO DEIXOU INVESTIGAR O CONSÓRCIO NORDESTE, AQUELE CUJOS RESPIRADORES NÃO CHEGARAM ATÉ HOJE?
QUAL FOI A ISENÇÃO DO CALHEIROS COM AQUELES CARTAZES IMBECIS? QUAL FOI A ISENÇÃO DO RANDOLFE FAZENDO FAKE NEWS EM UMA CPI?",0,0,10,https://twitter.com/BohnGass/status/1653134324282040354
Jorge Luis Martins,@jorgelsmartins,https://twitter.com/jorgelsmartins/status/1653413737989128193,2023-05-02T14:58:48.000Z,Kkkkkk de isento o sr. não tem nada... 🤣🤣🤣🤣🤣🤣🤣🤣,0,0,0,https://twitter.com/BohnGass/status/1653134324282040354
Ayeska Carrião,@Ayeskacarriao1,https://twitter.com/Ayeskacarriao1/status/1653253497037504513,2023-05-02T04:22:04.000Z,".@BohnGass vamos partir do princípio que vc não esteja fazendo um #fakenews. Que está.
Então seria um grande absurdo o Omar Aziz presidir a CPI da covid, já que familiares dele foram indiciados por desvios na saúde do Amazonas. PS não é fake. Segue https://g1.globo.com/am/amazonas/noticia/2019/09/20/senador-omar-aziz-e-indiciado-por-suspeita-de-envolvimento-em-esquema-que-desviou-r-200-mi-da-saude-do-am.ghtml…",0,0,0,https://twitter.com/BohnGass/status/1653134324282040354
Ivone Silva (Kuka),@KukaIvone,https://twitter.com/KukaIvone/status/1653225829474746370,2023-05-02T02:32:07.000Z,"Por Favor caro deputado, vote contra o PL da mordaça. Não deixe que no  Brasil as redes sociais sejam controladas como a China, etc, lá as redes sociais são bloqueadas, a população só assiste o que seu imperador ordena. No fundo sabem que essa PL é    pra calar a oposição.",0,0,0,https://twitter.com/BohnGass/status/1653134324282040354
Luiz Casagrande,@luizcasagra,https://twitter.com/luizcasagra/status/1653138526743961655,2023-05-01T20:45:13.000Z,"A Cláudia Raia e Ludmila receberam 5 milhões de reais e o trabalhador 18 reais, vergonha nacional.",0,0,0,https://twitter.com/BohnGass/status/1653134324282040354
