nome,usuario,idTweet,dataPublicacao,texto,replies,retweets,likes,tweetPai
luciaa,@luciaa50144654,https://twitter.com/luciaa50144654/status/1653018495146250240,2023-05-01T12:48:15.000Z,Assustador! Cinco advogados? Rico não fica preso .,0,0,2,https://twitter.com/BohnGass/status/1653016541024202752
Rbk Filha do meio,@Rbbkmol,https://twitter.com/Rbbkmol/status/1653053658160943107,2023-05-01T15:07:59.000Z,Advogados contratados pela própria família (muito poderosa em Pernambuco) que afirma nas redes sociais não ter mais contato com o Herdeiro.,0,1,0,https://twitter.com/BohnGass/status/1653016541024202752
Adayl,@Adayl3,https://twitter.com/Adayl3/status/1653084642717712393,2023-05-01T17:11:06.000Z,Pelo menos não deveriam estar 🤷🏻‍♂️,0,0,0,https://twitter.com/BohnGass/status/1653016541024202752
Sandro Cunha,@cunha_sandro,https://twitter.com/cunha_sandro/status/1653082766496481307,2023-05-01T17:03:38.000Z,"Explica como o Adelio conseguiu os Advogados ??? 

O problema de vcs Alienados Doutrinados é esquecer de olhar o próprio Rabo.",0,0,0,https://twitter.com/BohnGass/status/1653016541024202752
ELittle Lula,@Elittle07195740,https://twitter.com/Elittle07195740/status/1653022908128587782,2023-05-01T13:05:47.000Z,"O aparecimento de Brennand no caso de duplo homicídio de 2 adolescentes em Serrambi, Pernambuco, em 2003 ainda não foi esclarecido! @FlavioDino @RicardoCappelli @silviolual",0,1,0,https://twitter.com/BohnGass/status/1653016541024202752
ELittle Lula,@Elittle07195740,https://twitter.com/Elittle07195740/status/1653024268517605378,2023-05-01T13:11:11.000Z,"O aparecimento de Brennand no caso de duplo homicídio de 2 adolescentes em Serrambi, Pernambuco, em 2003 ainda não foi esclarecido!@FlavioDino @RicardoCappelli @silviolual",0,1,4,https://twitter.com/BohnGass/status/1653016541024202752
Ghostbuster25,@Ghostbuste67302,https://twitter.com/Ghostbuste67302/status/1653069474629550080,2023-05-01T16:10:49.000Z,"KKKK PIADA PRONTA KKKK PIOR foram 09 Ministros do STF que soltaram o maior ladrão corrupto propineiro da história do Brasil e do mundo, e ainda colocaram na Presidência da República",0,0,0,https://twitter.com/BohnGass/status/1653016541024202752
Mark Tamas,@MarkTamas4,https://twitter.com/MarkTamas4/status/1653073595483017219,2023-05-01T16:27:12.000Z,"É muita cara de pau de quem se calou diante da soltura de um réu confesso, com pena de 400 anos!",0,0,0,https://twitter.com/BohnGass/status/1653016541024202752
Dallagnol: CHUPA QUE A CANA É DOCE!,@CarlosMarquesL3,https://twitter.com/CarlosMarquesL3/status/1653026523534770179,2023-05-01T13:20:09.000Z,We need to talk about S.Catarina: Beaches with irregular build. due to corruption and contaminated with fecal coliforms. Machines trying to augment beaches with corruptly constructed buildings block out the sun.15 far-right mayors stealing education resources! White Nazi governor,0,0,1,https://twitter.com/BohnGass/status/1653016541024202752
