nome,usuario,idTweet,dataPublicacao,texto,replies,retweets,likes,tweetPai
MJSP,@mguapo70,https://twitter.com/mguapo70/status/1653460049618976768,2023-05-02T18:02:50.000Z,"Será que com essa omissão toda do 5TF , OAB, juristas pela democracia, etc... não fica mais evidente pq cobrávamos transparência nas eleições? Será que foi tudo limpinho como dizem? Fim.",0,0,0,https://twitter.com/adriventurasp/status/1653459340039446528
Andreia Dos Santos Halliday,@andreiahalliday,https://twitter.com/andreiahalliday/status/1653462577509269504,2023-05-02T18:12:52.000Z,Estou contanto com sua sensatez.,0,0,0,https://twitter.com/adriventurasp/status/1653459340039446528
Almir Medeiros,@AlmirMedeiros5,https://twitter.com/AlmirMedeiros5/status/1653463469704790034,2023-05-02T18:16:25.000Z,#PLdaCensuraNao,0,0,0,https://twitter.com/adriventurasp/status/1653459340039446528
Cláudio Mendes,@ClaudioMendes75,https://twitter.com/ClaudioMendes75/status/1653497380522676241,2023-05-02T20:31:10.000Z,"Retrocesso???
Vcs terão que pensar duas vezes antes de desinformar!!!!
Isso é avanço!",0,0,0,https://twitter.com/adriventurasp/status/1653459340039446528
Glauciatuante@hotmail.com,Glauciatuante@hotmail.com,https://twitter.com/glauciatuante/status/1653459770026672132,2023-05-02T18:01:43.000Z,Li sobre o texto. É aberrante,0,0,0,https://twitter.com/adriventurasp/status/1653459340039446528
Carol PL2630NÃO,@acarollina10,https://twitter.com/acarollina10/status/1653460422228430848,2023-05-02T18:04:19.000Z,#PLdaCensuraNao #CensuraJamais,0,1,1,https://twitter.com/adriventurasp/status/1653459340039446528
Amigos Da Lava Jato,@AmigosJato,https://twitter.com/AmigosJato/status/1653604847290073091,2023-05-03T03:38:12.000Z,Parabéns...#PL2630NAO #PLCensuraNao  #LulaMente  #OrlandoSilvaMente @cbnbrasilia @EstadaoEconomia @KimKataguiri @EduGiraoOficial,0,0,0,https://twitter.com/adriventurasp/status/1653459340039446528
