nome,usuario,idTweet,dataPublicacao,texto,replies,retweets,likes,tweetPai
Antonio Medeiros,@Antonio51657043,https://twitter.com/Antonio51657043/status/1653841222656458753,2023-05-03T19:17:29.000Z,#BolsonaroNaCadeia #BolsonaroPreso #cadeiapraGolpistas,0,0,0,https://twitter.com/Altineu/status/1653774327014121477
Valdecir Ramiro,@4ae52d2e364742d,https://twitter.com/4ae52d2e364742d/status/1653886839642640384,2023-05-03T22:18:44.000Z,Estamos juntos. Somos solidários ao nosso presidente e Bolsonaro e a Michelle!,0,0,2,https://twitter.com/Altineu/status/1653774327014121477
Leonardo C S,@LeonardoCSD1,https://twitter.com/LeonardoCSD1/status/1653797067603443714,2023-05-03T16:22:01.000Z,"Bolsonaro é um homem íntegro HAHAHAHAHAHAHAHA

Tem que ser muito capacho pra postar uma baboseira dessa",0,0,0,https://twitter.com/Altineu/status/1653774327014121477
Máquina,@LocoMotivo23,https://twitter.com/LocoMotivo23/status/1653827251304116224,2023-05-03T18:21:57.000Z,"Concordo, de resto tudo joia.",0,0,0,https://twitter.com/Altineu/status/1653774327014121477
Patricia Ghetti,@PatriciaGhetti,https://twitter.com/PatriciaGhetti/status/1653776231442051072,2023-05-03T14:59:13.000Z,"Me responde,se o traste Bolsonaro diz que não se vacinou e que a esposa e filha só se vacinaram nos EUA, como eles entraram lá? Lógico que falsificaram o cartão,senhor? Não tem como o senhor defender o indefensável. O cerco está fechando. Esse bandido corrupto, será PRESO.",0,0,0,https://twitter.com/Altineu/status/1653774327014121477
Antonio Medeiros,@Antonio51657043,https://twitter.com/Antonio51657043/status/1653840971812024322,2023-05-03T19:16:29.000Z,"Nossa liberdade é inegociável, é preciso mostrar esse partido de merda que ajudou Bolsonaro quase destruír nossa Pátria!#FakenewsNuncaMais",0,0,0,https://twitter.com/Altineu/status/1653774327014121477
Antonio Medeiros,@Antonio51657043,https://twitter.com/Antonio51657043/status/1653841424792662016,2023-05-03T19:18:17.000Z,#milchequePraCadeia!,0,0,0,https://twitter.com/Altineu/status/1653774327014121477
Antonio Medeiros,@Antonio51657043,https://twitter.com/Antonio51657043/status/1653842437117210626,2023-05-03T19:22:18.000Z,#QuemApoiaFakenewsNãoMereceRespeito!#QuemApoiaFakenewsNãoMereceRespeito#QuemApoiaFakenewsNãoMereceRespeito,0,0,0,https://twitter.com/Altineu/status/1653774327014121477
Caed Alves ,@caedalves,https://twitter.com/caedalves/status/1653774822936125441,2023-05-03T14:53:38.000Z,CANALHAS!,0,0,0,https://twitter.com/Altineu/status/1653774327014121477
Reynaldo Goncalves,@ReynaldoGoncal2,https://twitter.com/ReynaldoGoncal2/status/1653780879829880833,2023-05-03T15:17:42.000Z,"Ces tão fu##$#idos e vc vai afundar junto, otario, seu mito ganha 40 mil pra fazer me$%#da e idiotas apoiarem",0,0,0,https://twitter.com/Altineu/status/1653774327014121477
Leo Zamprogno,@leozamprogno,https://twitter.com/leozamprogno/status/1660452160398565377,2023-05-22T01:06:59.000Z,Se o Bozo é íntegro você é o que?,0,0,0,https://twitter.com/Altineu/status/1653774327014121477
Maria Tereza,@MT182709,https://twitter.com/MT182709/status/1654463927898480641,2023-05-05T12:31:53.000Z,"Menino, cada presidente tem um Gonçalves Dias de estimação! Que loucura o ""sombra"" do Bolsonaro fez! Sabe por quê? Por que ele teria necessidade de falsificar a carteirinha do @jairbolsonaro ? E foi ardiloso, porque mesmo muito próximo, ninguém desconfiou! Terá CPMI para isso?",0,0,0,https://twitter.com/Altineu/status/1653774327014121477
"Liberdade, volta?",@VoltaLiberdade,https://twitter.com/VoltaLiberdade/status/1653837691664867328,2023-05-03T19:03:27.000Z,"#ExtremaInversaoDeValores 

Será que os senadores continuarão recuados assistindo os atropelos de Morás. Ele passa por cima de tudo e de todos!!",0,0,0,https://twitter.com/Altineu/status/1653774327014121477
#Cpmide08dejaneiroJá #cpmi08dejaneiro2023 #,@CCConservador,https://twitter.com/CCConservador/status/1653974882453970948,2023-05-04T04:08:36.000Z,👏👏👏👏,0,0,0,https://twitter.com/Altineu/status/1653774327014121477
