nome,usuario,idTweet,dataPublicacao,texto,replies,retweets,likes,tweetPai
CarlosAndre,@CAndre51,https://twitter.com/CAndre51/status/1653555353068371971,2023-05-03T00:21:32.000Z,Votou pela urgência . E agora vem com esse blá blá blá,0,0,1,https://twitter.com/mello_bandeira/status/1653547885827436550
Rodrigo daSilva,@dicodasilva,https://twitter.com/dicodasilva/status/1653589750173908993,2023-05-03T02:38:13.000Z,"Lamentável se vender a partido!
Não é possível que não veja a periculosidade dessa PL?! O senhor é uma pessoa inteligente, estudada, que tem meu respeito!
Mas apoiar isso é loucura.
É dar poder a comunistas de JULGAR O QUE É VERDADE OU NÃO É!
Em um país sem leis como o nosso,isso",3,0,0,https://twitter.com/mello_bandeira/status/1653547885827436550
Rodrigo daSilva,@dicodasilva,https://twitter.com/dicodasilva/status/1653591970567127040,2023-05-03T02:47:02.000Z,"E só retirou pq querem mais tempo para comprarem mais votos e aprovarem! Quando chantagearem e comprarem os votos suficientes, ai botam em votação e empurram goela a baixo a CENSURA E PERSEGUIÇÃO ! 

Projeto totalitário e ditatorial.",0,0,0,https://twitter.com/mello_bandeira/status/1653547885827436550
William Bigorna,@William80421270,https://twitter.com/William80421270/status/1653587526697754629,2023-05-03T02:29:23.000Z,Lamentável o senhor como deputado,0,0,1,https://twitter.com/mello_bandeira/status/1653547885827436550
FlamengoRj,@Flamengo_Rj2,https://twitter.com/Flamengo_Rj2/status/1653751446536347648,2023-05-03T13:20:44.000Z,Tá de sacanagem que você votou SIM na PL da censura!!!!,0,0,0,https://twitter.com/mello_bandeira/status/1653547885827436550
Antônio Carlos da Silva,@tonnysilva2515,https://twitter.com/tonnysilva2515/status/1653559234330517505,2023-05-03T00:36:57.000Z,"#CensuraNao, e uma verdadeira palhaçada o senho vota a favor da censura",0,0,2,https://twitter.com/mello_bandeira/status/1653547885827436550
Reinaldo Bernardoni,@Reinald03726592,https://twitter.com/Reinald03726592/status/1653907067822809088,2023-05-03T23:39:07.000Z,Q vergonha deputado,0,0,0,https://twitter.com/mello_bandeira/status/1653547885827436550
deko campos,@AdezilmoC,https://twitter.com/AdezilmoC/status/1653744555559141379,2023-05-03T12:53:21.000Z,Sou flamenguista vc é uma vergonha para o povo brasileiro 🤬🤬🤬,0,0,0,https://twitter.com/mello_bandeira/status/1653547885827436550
RaphaMengo,@mengo_rapha,https://twitter.com/mengo_rapha/status/1653568463091253248,2023-05-03T01:13:38.000Z,"Lamentável o voto do senhor, a favor da censura, infelizmente não voto mais no senhor.",0,0,2,https://twitter.com/mello_bandeira/status/1653547885827436550
Bruno Lacerda©,@BrunoLacerdabj,https://twitter.com/BrunoLacerdabj/status/1653564921802522624,2023-05-03T00:59:33.000Z,"O senhor apoia esse projeto? Se sim, esquece o meu voto, ok?",0,0,2,https://twitter.com/mello_bandeira/status/1653547885827436550
Rafael Mendonça,@RafaelM08030278,https://twitter.com/RafaelM08030278/status/1653561190474305537,2023-05-03T00:44:44.000Z,"Uai!! É simples, quer conversar? É só não mentir e não omitir!!! Simples!! Pq não chamam quem discorda para conversar e explicar detalhadamente os pontos críticos? Pq quando queríamos diálogo vcs foram contra e a favor da urgência? E agora ""dão pra trás""???? Cadê a democracia?",0,0,0,https://twitter.com/mello_bandeira/status/1653547885827436550
LJakubowicz,@MMALICK9,https://twitter.com/MMALICK9/status/1653561837873397760,2023-05-03T00:47:18.000Z,Decepcionado com o senhor.,0,0,1,https://twitter.com/mello_bandeira/status/1653547885827436550
Prof. João Felippe Cury,@jfmathias,https://twitter.com/jfmathias/status/1653712835262726145,2023-05-03T10:47:19.000Z,"Parabéns pelo apoio ao projeto, deputado. Honra meu voto depositado em 2022",0,0,1,https://twitter.com/mello_bandeira/status/1653547885827436550
Ramon Corrêa,@ramoncorrea1987,https://twitter.com/ramoncorrea1987/status/1653551315694280707,2023-05-03T00:05:29.000Z,"Não esquecermos da sua posição em relação a isso , vergonhoso vc querer a aprovação de um absurdo desses no que depender de mim não vai ter mais voto nenhum!!",0,0,2,https://twitter.com/mello_bandeira/status/1653547885827436550
PodeCe,@Podece,https://twitter.com/Podece/status/1653563839286321154,2023-05-03T00:55:15.000Z,Para dar mais tempo de comprar mais votos sim ou yes ?,0,0,3,https://twitter.com/mello_bandeira/status/1653547885827436550
marcelo floriano,@marceloflorian7,https://twitter.com/marceloflorian7/status/1653566693115822085,2023-05-03T01:06:36.000Z,Tá rachando a minha cara apoiando uma orgia dessas aeh meu Presidente!!!,0,0,1,https://twitter.com/mello_bandeira/status/1653547885827436550
Castilho,@Flamengueiro4,https://twitter.com/Flamengueiro4/status/1653548822780424192,2023-05-02T23:55:35.000Z,#PL2630Nao,1,0,1,https://twitter.com/mello_bandeira/status/1653547885827436550
Leo - SRN#ImpeachmentDoLulaJa,@Leopaifeliz,https://twitter.com/Leopaifeliz/status/1653570235738251267,2023-05-03T01:20:40.000Z,Resumindo: fugiram com medo da derrota. #PL2360daCensuraNao,0,0,1,https://twitter.com/mello_bandeira/status/1653547885827436550
Gabriel Oliveira,@gabriel_oliveii,https://twitter.com/gabriel_oliveii/status/1653703373630128128,2023-05-03T10:09:43.000Z,"Uma vergonha se apoiar esse projeto, votando irá mostrar que se igualou a classe dos políticos e terei a sensação que joguei o meu voto no LIXO.",0,0,0,https://twitter.com/mello_bandeira/status/1653547885827436550
Eduardo Barros,@Eduardo16225504,https://twitter.com/Eduardo16225504/status/1653689926746009600,2023-05-03T09:16:17.000Z,Vc é um babaca bandeira. Será bloqueado em tudo e espero q todos os torcedores rubro negros façam a mesma coisa,0,0,0,https://twitter.com/mello_bandeira/status/1653547885827436550
Rodrigo Ferraz,@Rodrigo48220934,https://twitter.com/Rodrigo48220934/status/1653675842378031109,2023-05-03T08:20:19.000Z,E o Sr vai votar a favor dessa aberração??.,0,0,0,https://twitter.com/mello_bandeira/status/1653547885827436550
𝓙𝓸𝓼𝓮 𝓦𝓮𝓼𝓽𝓶𝓲𝓻™ ᴼᶜᵗᵃ,@westmir,https://twitter.com/westmir/status/1653582025197068292,2023-05-03T02:07:31.000Z,"Faça meu voto no senhor
ter sido valido!!
Vote não a essa ABERRAÇÃO.",0,0,1,https://twitter.com/mello_bandeira/status/1653547885827436550
ᶜʳᶠ MENGUDO,@zeck500,https://twitter.com/zeck500/status/1653549342815399939,2023-05-02T23:57:39.000Z,#PL2630SIM #PL2630SIM #PL2630SIM #PL2630SIM #PL2630SIM #PL2630SIM #PL2630SIM #PL2630SIM #PL2630SIM #PL2630SIM #PL2630SIM #PL2630SIM,0,0,0,https://twitter.com/mello_bandeira/status/1653547885827436550
