nome,usuario,idTweet,dataPublicacao,texto,replies,retweets,likes,tweetPai
Jardel Barcelos,@barcelos_jardel,https://twitter.com/barcelos_jardel/status/1653346763019890689,2023-05-02T10:32:40.000Z,PL da censura não,0,0,0,https://twitter.com/mello_bandeira/status/1653093043027812352
Helison Queiroz,@helisonqueiroz,https://twitter.com/helisonqueiroz/status/1653209751235198976,2023-05-02T01:28:14.000Z,Espero que o Sr Deputado vote NÃO a PL2630. Uma vergonha apoiar um projeto de censura a liberdade de expressão. Pode ter certeza que não contará jamais com o voto dos meus.,0,0,1,https://twitter.com/mello_bandeira/status/1653093043027812352
EVN,@EdM0RTy,https://twitter.com/EdM0RTy/status/1653152865119088641,2023-05-01T21:42:11.000Z,"Sei que o espaço não é pra isso, e peço perdão. Mas, como não achei uma outra forma de protestar, estou usando esse espaço para isso. Me sinto profundamente arrependido de ter votado no senhor. O senhor está apoiando uma PL que defende somente a liberdade dos governantes e não…",1,0,1,https://twitter.com/mello_bandeira/status/1653093043027812352
Leonardo Gomes,@_1991leonardo,https://twitter.com/_1991leonardo/status/1653428328840196099,2023-05-02T15:56:47.000Z,Vote contra a PL da Censura!,0,0,0,https://twitter.com/mello_bandeira/status/1653093043027812352
Luis F3lip3,@Luis93Felipe,https://twitter.com/Luis93Felipe/status/1653198122091180038,2023-05-02T00:42:01.000Z,#PL2630Nao,0,0,1,https://twitter.com/mello_bandeira/status/1653093043027812352
Carlos Eduardo,@Cadu8181,https://twitter.com/Cadu8181/status/1653224921508528128,2023-05-02T02:28:31.000Z,"Deputado Bandeira de Mello, peço que o senhor vote Não ao PL da Censura.",0,0,0,https://twitter.com/mello_bandeira/status/1653093043027812352
Fátima,@FatimaCRF1981,https://twitter.com/FatimaCRF1981/status/1653157895813341184,2023-05-01T22:02:11.000Z,"O Sena sim é o nosso orgulho não tem piloto de fórmula 1 igual a ele q saudades 
Deis q ele morre eu nunca mais vir uma corrida de fórmula 1",0,0,0,https://twitter.com/mello_bandeira/status/1653093043027812352
