nome,usuario,idTweet,dataPublicacao,texto,replies,retweets,likes,tweetPai
Wellington Marques,@marqueswmarques,https://twitter.com/marqueswmarques/status/1653520127952842753,2023-05-02T22:01:34.000Z,Obrigado deputado por defender a minha liberdade e liberdade do povo Brasileiro contra a PL2630. Parabéns pelo discurso no plenário.,0,0,1,https://twitter.com/Alfredogaspar_/status/1653375125469777921
Cassia MovFiscaliza,@c_movpatriotas,https://twitter.com/c_movpatriotas/status/1653480680452440067,2023-05-02T19:24:49.000Z,#CensuraJamais,0,0,0,https://twitter.com/Alfredogaspar_/status/1653375125469777921
Felipe Faustino,@Felipe_lipin_ho,https://twitter.com/Felipe_lipin_ho/status/1653384271468298240,2023-05-02T13:01:43.000Z,Vai lá deputado só o senhor para representar os alagoanos,0,0,0,https://twitter.com/Alfredogaspar_/status/1653375125469777921
Kaká,@Catarine_1978,https://twitter.com/Catarine_1978/status/1653420150513704966,2023-05-02T15:24:17.000Z,Alagoano cabra macho. 👏👏👏👏,0,0,1,https://twitter.com/Alfredogaspar_/status/1653375125469777921
joseval Albuquerque,@josevalAlbuque1,https://twitter.com/josevalAlbuque1/status/1653398288496750592,2023-05-02T13:57:25.000Z,👏👏👏👏,0,0,1,https://twitter.com/Alfredogaspar_/status/1653375125469777921
Blener Bezerra,@BlenerBezerra,https://twitter.com/BlenerBezerra/status/1653525178888888321,2023-05-02T22:21:38.000Z,Parabéns pelo ótimo trabalho... que bom que você se desvinculo do #RenanVagabundo @renancalheiros / @RenanFilho_ que são uma corja de ratos.,0,0,0,https://twitter.com/Alfredogaspar_/status/1653375125469777921
+1brasileira,@mais1brasileir4,https://twitter.com/mais1brasileir4/status/1653386628101013504,2023-05-02T13:11:05.000Z,"Parabéns, deputado! Precisamos de pessoas como o senhor para proteger os brasileiros!
Muito obrigada!",0,0,0,https://twitter.com/Alfredogaspar_/status/1653375125469777921
