nome,usuario,idTweet,dataPublicacao,texto,replies,retweets,likes,tweetPai
Adail Filho,@adailfilhoam,https://twitter.com/adailfilhoam/status/1653547624543272960,2023-05-02T23:50:49.000Z,O PL garante o recebimento regular das parcelas da Bolsa-Atleta durante o período da gestação acrescido de até 6 meses após o nascimento da criança. Os direitos previstos também serão válidos no caso de adoção.,1,0,1,https://twitter.com/adailfilhoam/status/1653547622865461251
Adail Filho,@adailfilhoam,https://twitter.com/adailfilhoam/status/1653547626216710144,2023-05-02T23:50:50.000Z,"Outro ponto importante é que as atletas gestantes ou puérperas terão prioridade para a renovação da Bolsa-Atleta, juntamente com os atletas que conquistarem medalhas nos jogos olímpicos e paraolímpicos e com os atletas da categoria Atleta Pódio, que já têm prioridade na renovação",1,0,2,https://twitter.com/adailfilhoam/status/1653547622865461251
Adail Filho,@adailfilhoam,https://twitter.com/adailfilhoam/status/1653547627835805697,2023-05-02T23:50:50.000Z,Agora a matéria segue para o Senado Federal,0,0,2,https://twitter.com/adailfilhoam/status/1653547622865461251
Menino do MEP (selo azul),@bob73115463,https://twitter.com/bob73115463/status/1653794980241068036,2023-05-03T16:13:43.000Z,"OI @GOOGLEBRASIL, JÁ PENSOU EM DESMONETIZAR TODOS OS CANAIS DO YOUTUBE DAQUELES QUE APOIAM A PL FACISTA DA CENSURA? MAIS UMA DICA, COMECE PELO NELIPE. #DESMONETIZAJÁ #PL2630NAO #PL2630NAO",0,0,0,https://twitter.com/adailfilhoam/status/1653547622865461251
