nome,usuario,idTweet,dataPublicacao,texto,replies,retweets,likes,tweetPai
"""O Exército é a pior estatal brasileira""",@Avillmac,https://twitter.com/Avillmac/status/1653338359375224835,2023-05-02T09:59:17.000Z,"Agora somos obrigados a acreditar em um político… 
do PT!🤡🤡🤡",0,0,1,https://twitter.com/BohnGass/status/1653164056591704064
Marlene Szynkaruk,@MarleneSzynkar1,https://twitter.com/MarleneSzynkar1/status/1653169881699819521,2023-05-01T22:49:48.000Z,PL 2630 SIM,0,0,0,https://twitter.com/BohnGass/status/1653164056591704064
donttread_br,@donttread_br,https://twitter.com/donttread_br/status/1653186235911815176,2023-05-01T23:54:48.000Z,Eu vou poder falar que homosexualidade é pecado nas redes sociais? Vou poder falar que só mulheres podem gerar filhos?,0,0,0,https://twitter.com/BohnGass/status/1653164056591704064
O Caramuru,@TheCaramuru,https://twitter.com/TheCaramuru/status/1653900595139313664,2023-05-03T23:13:24.000Z,"Nobre Deputado, as coisas não precisam acabar assim. Vamos pensar no Brasil. Eu, enquanto cidadão brasileiro, lhe peço, por favor, que vote NÃO.",0,0,0,https://twitter.com/BohnGass/status/1653164056591704064
Leandro Prudente,@LeandroPrudent3,https://twitter.com/LeandroPrudent3/status/1653205154068307968,2023-05-02T01:09:58.000Z,Enganador,0,0,0,https://twitter.com/BohnGass/status/1653164056591704064
Denise da Costa,@Denisesquerda13,https://twitter.com/Denisesquerda13/status/1653352695342743556,2023-05-02T10:56:15.000Z,É importante que a PL sirva pra políticos e pastores também. Que ninguém fique isento!,0,0,0,https://twitter.com/BohnGass/status/1653164056591704064
Undefeatteam 2,@Undefeatteam,https://twitter.com/Undefeatteam/status/1653184775102898178,2023-05-01T23:48:59.000Z,imagina se não tem... só o fato do PT ser a favor já é motivo suficiente para as pessoas de bem e decentes serem contra.,0,0,2,https://twitter.com/BohnGass/status/1653164056591704064
leofortalce,@leofortalce,https://twitter.com/leofortalce/status/1653372922998693890,2023-05-02T12:16:37.000Z,No mais essas seitas tem que serem investigadas com uma certa urgência.,0,0,0,https://twitter.com/BohnGass/status/1653164056591704064
Teresinha,@Teresin41091192,https://twitter.com/Teresin41091192/status/1653471869339566080,2023-05-02T18:49:48.000Z,Fonte: sua cabeça sem cérebro.,0,0,0,https://twitter.com/BohnGass/status/1653164056591704064
Luana Miranda,@LuanaFMi,https://twitter.com/LuanaFMi/status/1653406720343900164,2023-05-02T14:30:55.000Z,Não é verdade Sr... o projeto é obscuro cheio de lacunas na interpretação..  bem típico dos políticos brasileiros,0,0,0,https://twitter.com/BohnGass/status/1653164056591704064
zilda #foralula,@zildasiqueiram2,https://twitter.com/zildasiqueiram2/status/1653367438359113728,2023-05-02T11:54:50.000Z,Já estão querendo censurar o @googlebrasil,0,0,0,https://twitter.com/BohnGass/status/1653164056591704064
Carlos,@CarlosMartinsDF,https://twitter.com/CarlosMartinsDF/status/1653174481450422274,2023-05-01T23:08:05.000Z,"Quem vai definir oq é verdade ou mentira?
O governo?
A grande mídia?",0,0,0,https://twitter.com/BohnGass/status/1653164056591704064
@ᴊᴜʟɪᴏ22ᴏʟɪᴠᴇɪʀᴀ,@ᴊᴜʟɪᴏ22ᴏʟɪᴠᴇɪʀᴀ,https://twitter.com/julio22oliveira/status/1653174994409594884,2023-05-01T23:10:07.000Z,Fazer campanha a favor da PL pode se manifestar ao contrário não! É isso é essa a liberdade que o @ptbrasil quer!? Calar o @Google imagina eu imagina qualquer um que se posicionar contra o governo o nome disso é #CENSURA,0,0,0,https://twitter.com/BohnGass/status/1653164056591704064
Vascaíno a base de calmantes ✠,@Eduardo82374991,https://twitter.com/Eduardo82374991/status/1653500955466387477,2023-05-02T20:45:23.000Z,Um esquerdista acusando os outros de mentir... normal. O PL da mordaça não vai passar#CensuraNão #DitaduraNão,0,0,0,https://twitter.com/BohnGass/status/1653164056591704064
"Festa da Selma, 08 de Janeiro",@gleyseviana_,https://twitter.com/gleyseviana_/status/1653176819238019078,2023-05-01T23:17:22.000Z,"GOOGLE APOIA FAKE NEWS 
GOOGLE APOIA FAKE NEWS 
GOOGLE APOIA FAKE NEWS 
GOOGLE APOIA FAKE NEWS 
GOOGLE APOIA FAKE NEWS 
GOOGLE APOIA FAKE NEWS 
GOOGLE APOIA FAKE NEWS 
GOOGLE APOIA FAKE NEWS 
GOOGLE APOIA FAKE NEWS 
GOOGLE APOIA FAKE NEWS 
GOOGLE APOIA FAKE NEWS 
GOOGLE #PL2630JÁ",0,0,0,https://twitter.com/BohnGass/status/1653164056591704064
Luana Miranda,@LuanaFMi,https://twitter.com/LuanaFMi/status/1653406487979470850,2023-05-02T14:30:00.000Z,por favor vote contra a PL da Censura... já existem leis para mentiras publicadas em rede.. não cabe ao Estado arbitrar o que é verdade,0,0,0,https://twitter.com/BohnGass/status/1653164056591704064
LeandroFonseca,@Leandro78101499,https://twitter.com/Leandro78101499/status/1653417942170648576,2023-05-02T15:15:31.000Z,#NaoAoPLdaCensura,0,0,0,https://twitter.com/BohnGass/status/1653164056591704064
Edivaldotelles1,@EdivaldoTelles,https://twitter.com/EdivaldoTelles/status/1653180137343442944,2023-05-01T23:30:34.000Z,#PL2630SIM Quando a maior plataforma de buscas e esclarecimentos decide apoiar a mentira e a desinformação. 𝑮𝑶𝑶𝑮𝑳𝑬 𝑽𝑬𝑹𝑮𝑶𝑵𝑯𝑨 𝑴𝑼𝑵𝑫𝑰𝑨𝑳,0,0,0,https://twitter.com/BohnGass/status/1653164056591704064
Pontes,@Pontes_1978,https://twitter.com/Pontes_1978/status/1653195525825462275,2023-05-02T00:31:42.000Z,"Quer uma razão para NÃO apoiar a PL da CENSURA?

A ditadura comunista quer calar a opinião da Google. Imagine se a lei for aprovada!",0,0,0,https://twitter.com/BohnGass/status/1653164056591704064
Alberto Souza,@Betto_Brasil,https://twitter.com/Betto_Brasil/status/1653191242052714497,2023-05-02T00:14:41.000Z,O PL nem foi aprovado e já estão usando o aparato estatal para perseguir empresas.  É exatamente para não dar esse poder ao Estado que o projeto não deve passar.,0,0,0,https://twitter.com/BohnGass/status/1653164056591704064
Luiz Casagrande,@luizcasagra,https://twitter.com/luizcasagra/status/1653486998101938192,2023-05-02T19:49:55.000Z,"Isso é abuso de autoridade do ministro da justiça e STF,  qualquer empresa tem direito de opinar sobre assunto que tem haver com seu negócio, isso é abuso de Autoridade, cadê a PGR. Censura só em Cuba, Venezuela, Nicarágua, China aqui não, NÃO ao PL da censura",0,0,0,https://twitter.com/BohnGass/status/1653164056591704064
Marcelo Morce Dantas,@morcedantas,https://twitter.com/morcedantas/status/1653183820034605056,2023-05-01T23:45:12.000Z,"Você consegue persuadir o povinho de mente limitada que aplaude as besteiras que vocês dizem, mas a maioria absoluta do #Brasil vocês não manipulam. Conta outra, sabujo.",0,0,0,https://twitter.com/BohnGass/status/1653164056591704064
