nome,usuario,idTweet,dataPublicacao,texto,replies,retweets,likes,tweetPai
Alexandre Padilha,@padilhando,https://twitter.com/padilhando/status/1653758591403188233,2023-05-03T13:49:08.000Z,"Tudo isso aconteceu durante a pandemia, enquanto o Brasil enfrentava a maior crise sanitária da sua história. Qualquer ação criminosa que visa atacar o Plano Nacional de Imunização deve ser apurada e punida pela Justiça brasileira. #RespeitaOSUS #VacinaJá",25,67,380,https://twitter.com/padilhando/status/1653758589637390338
Marta,@martav498,https://twitter.com/martav498/status/1653767054875414530,2023-05-03T14:22:46.000Z,EU AUTORIZO A PRISÃO DE BOLSONARO E SEUS CAPANGAS,6,4,18,https://twitter.com/padilhando/status/1653758589637390338
PauloCosta_Oficial,@PauloCostaOfic2,https://twitter.com/PauloCostaOfic2/status/1653803191786455041,2023-05-03T16:46:21.000Z,Está mudando o foco porque?,1,0,19,https://twitter.com/padilhando/status/1653758589637390338
NaniOkada,@NaniOkada,https://twitter.com/NaniOkada/status/1653819095228227593,2023-05-03T17:49:33.000Z,"Enquanto Bolsonaro for tema da Justiça e da Imprensa… desgoverno segue desapercebido rumando o país ao abismo, nesse apagão de gestão! Desgoverno conta com o STALIN PRA ISSO!",0,2,10,https://twitter.com/padilhando/status/1653758589637390338
Mara Paulucci,@MaraPaulucci1,https://twitter.com/MaraPaulucci1/status/1653795541447319554,2023-05-03T16:15:57.000Z,Quase nada perto do que vcs fizeram no verão passado.,1,0,6,https://twitter.com/padilhando/status/1653758589637390338
Lula L é amor,@Odara_100,https://twitter.com/Odara_100/status/1653763117480812545,2023-05-03T14:07:07.000Z,"Quem já esteve nos EUA sabe que não pode mentir
Nas entrevistas para o visto eles fazem umas perguntas estranhas, mas é uma questão cultural deles: não pode mentir
E o que é que o despresidente fez ao entrar lá? MENTIU",8,4,19,https://twitter.com/padilhando/status/1653758589637390338
Angel.S.,@AngelCard25,https://twitter.com/AngelCard25/status/1653798941983490048,2023-05-03T16:29:28.000Z,Absurdos…não conseguem achar nada concreto e criam narrativas ridículas…@jairbolsonaro tem meu apoio 👊🏻,0,0,6,https://twitter.com/padilhando/status/1653758589637390338
Renato,@RenatoCLima,https://twitter.com/RenatoCLima/status/1653803469776596992,2023-05-03T16:47:28.000Z,De crime o PT é especialista,0,0,2,https://twitter.com/padilhando/status/1653758589637390338
"Fábio Silva Sauro Si vis pacem, para bellum",@fabiohead1,https://twitter.com/fabiohead1/status/1653803962468909056,2023-05-03T16:49:25.000Z,"Petista falando de crime, vivi pra ver!",0,0,3,https://twitter.com/padilhando/status/1653758589637390338
Bal Hernandez,@BalbinaHernan13,https://twitter.com/BalbinaHernan13/status/1653775575213920256,2023-05-03T14:56:37.000Z,"É sério isso???!!! Cartão de vacina falsificado??? Ah se todos os problemas deste país fosse um cartão de vacina, jóias e 11 containers do Lula que ele levou e não devolveu...
Olha só pra onde o Brasil está indo e todos falando do cartão de vacinação. Kkk hilário",3,0,13,https://twitter.com/padilhando/status/1653758589637390338
Johnny Magalhães,@johnnymagalhaes,https://twitter.com/johnnymagalhaes/status/1653800374761926661,2023-05-03T16:35:10.000Z,"Interessante, por um momento, no inicio de sua postagem, achei que estava se referindo ao Lula. A descrição está perfeita e retrata exatamente as praticas recorrentes de seu parceiro de trabalho.",1,0,5,https://twitter.com/padilhando/status/1653758589637390338
papo cabeça,@papocabea15142,https://twitter.com/papocabea15142/status/1653816506826866690,2023-05-03T17:39:16.000Z,Hummm danadinha,0,0,0,https://twitter.com/padilhando/status/1653758589637390338
Heloiza,@heloizavalle,https://twitter.com/heloizavalle/status/1653804123807002625,2023-05-03T16:50:03.000Z,Vão trabalhar cambada,0,0,0,https://twitter.com/padilhando/status/1653758589637390338
Eduardo Amaral,@AmaralPeribe,https://twitter.com/AmaralPeribe/status/1653759728386822145,2023-05-03T13:53:39.000Z,"Verdade principalmente ao vivo , lembra o Alkimin aplicando a vacina no Lula",2,0,23,https://twitter.com/padilhando/status/1653758589637390338
Sandra,@Da_SandraRegina,https://twitter.com/Da_SandraRegina/status/1653824519541252096,2023-05-03T18:11:06.000Z,"Até nisso vcs mentem. É só pra criar notícia e fato jurídico.
Não tem carteira de vacinação e nem vacina, VCS SABEM, esse fuduncio é pra distrair o povão do MENSALÃO que entrou em vigor face à falta de votos p aprovar a DITADURA da informação.",0,0,5,https://twitter.com/padilhando/status/1653758589637390338
janaina,@janaina55265808,https://twitter.com/janaina55265808/status/1653883073140781065,2023-05-03T22:03:46.000Z,Presidente Bolsonaro! Melhor presidente do Brasil!!! Bolsonaro e Guedes salvaram vidas na pandemia. Dois mitos!!!!! Saudades desse governo.,0,0,2,https://twitter.com/padilhando/status/1653758589637390338
janaina,@janaina55265808,https://twitter.com/janaina55265808/status/1653883181823664131,2023-05-03T22:04:12.000Z,Bolsonaro melhor presidente do Brasil!!!!!,0,0,2,https://twitter.com/padilhando/status/1653758589637390338
DRIKKA,@LemeDrikka12426,https://twitter.com/LemeDrikka12426/status/1653770579353141249,2023-05-03T14:36:46.000Z,É só a ponta iceberg tem muita coisa por vir ainda ministro e decepcionada pela PL2630 não ter sido votada como as plataformas manipulam isso é tão verdadeiro que elas se aproveitaram dos opositores ao PL e conseguiram o q eles queriam adiar a votação isso é preocupante demais+,1,0,0,https://twitter.com/padilhando/status/1653758589637390338
Sofia Martelli,@Sofia82885702,https://twitter.com/Sofia82885702/status/1653759890119094279,2023-05-03T13:54:17.000Z,🫶🥂🍾🤠😍😃🙃,0,0,7,https://twitter.com/padilhando/status/1653758589637390338
Lugar de ladrão é na cadeia.,@Bolso228,https://twitter.com/Bolso228/status/1653802578927398913,2023-05-03T16:43:55.000Z,Tá falando do nine?,0,0,1,https://twitter.com/padilhando/status/1653758589637390338
Rogerio,@rferrazpf,https://twitter.com/rferrazpf/status/1653808108706181143,2023-05-03T17:05:54.000Z,Esse desgoverno está inventando todo tipo suspeita contra o Presidente Bolsonaro.,0,0,2,https://twitter.com/padilhando/status/1653758589637390338
Rogerio,@rferrazpf,https://twitter.com/rferrazpf/status/1653808271684251653,2023-05-03T17:06:32.000Z,Esse desgoverno é ditador.,0,0,2,https://twitter.com/padilhando/status/1653758589637390338
Kelly,@SchneiderKellyC,https://twitter.com/SchneiderKellyC/status/1653790991898275843,2023-05-03T15:57:53.000Z,"Tráfico, CORRUPÇÃO, lavagem de dinheiro não são crimes? 
Crime no Brasil, é carteira de vacina.
PQP, a DEMOcracia demoníaca tá bombando.",0,0,14,https://twitter.com/padilhando/status/1653758589637390338
Tetebr,@Tetebrpt22,https://twitter.com/Tetebrpt22/status/1653823153720770562,2023-05-03T18:05:41.000Z,E a urgência na votação da PL da Censura? Isso sim é relevante.,0,0,4,https://twitter.com/padilhando/status/1653758589637390338
Mario Miranda,@mariomirandajr,https://twitter.com/mariomirandajr/status/1653798359277117445,2023-05-03T16:27:09.000Z,"Saudade quando corrupção passiva, ativa, lavagem de dinheiro e formação de quadrilha eram coisas sérias pra esse país. Mas até Descondenados por alguns desses crimes a gente tem, né?",0,0,12,https://twitter.com/padilhando/status/1653758589637390338
Holandina,@HolandinaS,https://twitter.com/HolandinaS/status/1653775019971866625,2023-05-03T14:54:25.000Z,"E este cidadão ainda tem a petulância de desafiar a PF q tem exercido no governo Lula, um trabalho de mais alta competência? Esta @policiafederal merece todo respeito!",0,0,2,https://twitter.com/padilhando/status/1653758589637390338
Maxsuel Santos -,@mhhueleunapoli,https://twitter.com/mhhueleunapoli/status/1653830205251649538,2023-05-03T18:33:42.000Z,"Blá, blá, bla, blá, blá, vá....",0,0,1,https://twitter.com/padilhando/status/1653758589637390338
Zenite Cassimiro Silva,@ZeniteCassimiro,https://twitter.com/ZeniteCassimiro/status/1653796010072719365,2023-05-03T16:17:49.000Z,Sabemos que são ações abusivas e sem nexo!,0,0,2,https://twitter.com/padilhando/status/1653758589637390338
Nivea Veiga,@NiveaVeiga2,https://twitter.com/NiveaVeiga2/status/1653775436260814848,2023-05-03T14:56:04.000Z,Oi? Aguardando ansiosamente as cenas dos próximos capítulos 🍿🍿👀👀👀👀👀,2,4,19,https://twitter.com/padilhando/status/1653758589637390338
César Gaston,@cesargaston,https://twitter.com/cesargaston/status/1653786899490693121,2023-05-03T15:41:37.000Z,Factoides.,0,0,3,https://twitter.com/padilhando/status/1653758589637390338
Ferds,@ferdsmg,https://twitter.com/ferdsmg/status/1653760355837804545,2023-05-03T13:56:08.000Z,Eu autorizo!,1,3,26,https://twitter.com/padilhando/status/1653758589637390338
