nome,usuario,idTweet,dataPublicacao,texto,replies,retweets,likes,tweetPai
Lúbia,@eulubia,https://twitter.com/eulubia/status/1653729613745475584,2023-05-03T11:53:59.000Z,@PrintaPraMim,1,0,0,https://twitter.com/BohnGass/status/1653715810219597830
MoreiraJose,@DrDlaCruzNilso1,https://twitter.com/DrDlaCruzNilso1/status/1653933467506298880,2023-05-04T01:24:01.000Z,"Absurdo! Hj vcs comemoram... amanhã, a Alta Corte 🗞️🗞️🗞️",0,0,0,https://twitter.com/BohnGass/status/1653715810219597830
Marilene Suzuki,@suzuki_marilene,https://twitter.com/suzuki_marilene/status/1653717754308853762,2023-05-03T11:06:51.000Z,"Isso é o que acontece quando a PF tem a liberdade de trabalhar, sem interferência.",0,1,6,https://twitter.com/BohnGass/status/1653715810219597830
M C Z Sant anna,@zaninmc,https://twitter.com/zaninmc/status/1654815514886131713,2023-05-06T11:48:58.000Z,Maravilha!!! #BolsonaroNaCadeia,0,0,0,https://twitter.com/BohnGass/status/1653715810219597830
Aparecida Resende,@AparecidaResen2,https://twitter.com/AparecidaResen2/status/1653764344352481290,2023-05-03T14:11:59.000Z,"@kkkkk bolsonaristas  derrotados da direita ficando em extinção,   A cada dia  um Flex..Uee mais não  era o PT   quê era o partido  de ( comunismo  ou comunista )  ( Ladrões ) ?,??kkk@",0,0,0,https://twitter.com/BohnGass/status/1653715810219597830
Luisa Marques,@marquesluissa,https://twitter.com/marquesluissa/status/1653758260623622144,2023-05-03T13:47:49.000Z,"BOLSOLADRÃO SEU LUGAR É NA PRISÃO!
Direita terrorista em pânico! #BolsonaroNaCadeia",0,0,1,https://twitter.com/BohnGass/status/1653715810219597830
Lucardelli,@Lucardellli,https://twitter.com/Lucardellli/status/1653783932675006466,2023-05-03T15:29:50.000Z,"Estranho que um segurança do dia da facada tenha sido tão privilegiado.  Se não conseguiu proteger no dia, era pra ter sido demitido,  não?
Mas ao contrário,  foi promovido.  Vai entender uma coisa dessa.",0,0,0,https://twitter.com/BohnGass/status/1653715810219597830
RitaPandora,@RitadeC87784059,https://twitter.com/RitadeC87784059/status/1653732809943416833,2023-05-03T12:06:41.000Z,"""E conhecereis a verdade, e a verdade vos libertará."" No final de tudo  o bandido tem 10 dedos.",0,0,1,https://twitter.com/BohnGass/status/1653715810219597830
Paola,@PAOLA12665600,https://twitter.com/PAOLA12665600/status/1653716080852975616,2023-05-03T11:00:12.000Z,"Abrigo precisa de ração p/ semana, amigos estamos com problemas de estrutura do local do abrigo, precisamos achar outro lugar. Peço por favor não nos abandonem precisamos de ajuda, as dificuldades surgem para que possamos superar, qualquer valor ajuda muito 🆘 
Pix 41999290349",0,0,0,https://twitter.com/BohnGass/status/1653715810219597830
