nome,usuario,idTweet,dataPublicacao,texto,replies,retweets,likes,tweetPai
Eduardo Barreto,@EduBarretoRJ,https://twitter.com/EduBarretoRJ/status/1653729465959170048,2023-05-03T11:53:24.000Z,#PL2630Nao #PLdaCensuraNao #PL2630daCensuraNao #CensuraJamais,0,0,0,https://twitter.com/adriventurasp/status/1653557276282585089
Erika_creis,@CreisErika,https://twitter.com/CreisErika/status/1653777192810164224,2023-05-03T15:03:03.000Z,Deputada agradeço toda a dedicação! Sabemos que desde a semana passada foram dias de luta sem descanso. Desejo que essa desistência seja uma lufada força para recarga das energias.,0,0,0,https://twitter.com/adriventurasp/status/1653557276282585089
Ana Carolina Bonassi,@CarolinaBonassi,https://twitter.com/CarolinaBonassi/status/1653559900520304640,2023-05-03T00:39:36.000Z,Amém 🙏,0,0,0,https://twitter.com/adriventurasp/status/1653557276282585089
Cesar Braz,@PsiCesarBraz,https://twitter.com/PsiCesarBraz/status/1653848026467762182,2023-05-03T19:44:31.000Z,"Pelo AMOR de Deus, faça alguma coisa, não é possível!!!",0,0,0,https://twitter.com/adriventurasp/status/1653557276282585089
Ubiratam,@UbiratamCCC,https://twitter.com/UbiratamCCC/status/1654370061212086273,2023-05-05T06:18:53.000Z,"O Projeto de Lei n° 2630, de 2020, não é CENSURA! 
Essa fala de censura só cabe como distorção do propósito da lei!
É uma vergonha a falta de clareza que vocês tratam esta PL, usando como cortina de fumaça a ""volta da censura"". 
Lamentável!!!",0,0,0,https://twitter.com/adriventurasp/status/1653557276282585089
Glauciatuante@hotmail.com,Glauciatuante@hotmail.com,https://twitter.com/glauciatuante/status/1653563020805644289,2023-05-03T00:52:00.000Z,Verdade,0,0,0,https://twitter.com/adriventurasp/status/1653557276282585089
PatiM,@Matheus44272288,https://twitter.com/Matheus44272288/status/1654538316295942145,2023-05-05T17:27:29.000Z,"As pessoas a favor da PL não querem censura, querem o fim da disseminação de fake News e discursos de ódio, que tanto tem destruído a democracia brasileira",0,0,0,https://twitter.com/adriventurasp/status/1653557276282585089
Marisa,@Marisa94878870,https://twitter.com/Marisa94878870/status/1653571223287218178,2023-05-03T01:24:36.000Z,"Atenção deputada!!!!
Na calada da noite tudo pode acontecer!
Dormir com um olho fechado, o outro aberto! 😜",0,0,1,https://twitter.com/adriventurasp/status/1653557276282585089
Pró Vida,@yadjuly,https://twitter.com/yadjuly/status/1653597925442764801,2023-05-03T03:10:42.000Z,"Joguem essa PL no lixo.

É miito mais digno do que ficarem dialogando com comunistas genicidas.",0,1,0,https://twitter.com/adriventurasp/status/1653557276282585089
Priscila Prestes,@priiprestes,https://twitter.com/priiprestes/status/1653563086123540480,2023-05-03T00:52:16.000Z,"qual a chance deles esperarem vcs ir embora e fazer quorum e votar, acabar aprovando isso? #PL2630Nao",0,0,0,https://twitter.com/adriventurasp/status/1653557276282585089
Leandro Coutinho,@lecoteco,https://twitter.com/lecoteco/status/1653901108794863617,2023-05-03T23:15:26.000Z,NOTÍCIAS DO MOMENTO!https://falacoutinho.blogspot.com/2023/05/noticias-do-momento.html…,0,0,0,https://twitter.com/adriventurasp/status/1653557276282585089
Bianca M Naumann,@BiaMNaumann,https://twitter.com/BiaMNaumann/status/1653689526143836160,2023-05-03T09:14:41.000Z,País democrático não censura opinião. Impunidade é o que deixa as crianças suscetíveis. #CensuraNão #CensuraJamais,0,0,0,https://twitter.com/adriventurasp/status/1653557276282585089
André Luiz,@Andreeh_luuiz,https://twitter.com/Andreeh_luuiz/status/1654741171669807107,2023-05-06T06:53:33.000Z,"Deputada nos explique pq vc votou contra a o projeto de lei que garante igualdade salarial para mulheres, oque vc tem contra as mulheres? Você apoia também q seu salario seja menor que de outros parlamentares, ou você só é contra as mulheres que trabalham de verdade?",0,0,0,https://twitter.com/adriventurasp/status/1653557276282585089
Caio Nogueira Lessa,@drcaio_lessa,https://twitter.com/drcaio_lessa/status/1653560207111249921,2023-05-03T00:40:49.000Z,"O PL da CENSURA, o ronco do fascismo, tem que voltar para o lixo de onde saiu!

E, mais uma vez, os ministros do sTF insultam a instituição através do ativismo político deliberado!",0,0,0,https://twitter.com/adriventurasp/status/1653557276282585089
