nome,usuario,idTweet,dataPublicacao,texto,replies,retweets,likes,tweetPai
Atenabrasil13,@AtenaSemJoias,https://twitter.com/AtenaSemJoias/status/1653858503641931777,2023-05-03T20:26:09.000Z,A familícia já deve estar todinha com fraldas nessa hora!! Eita dia bão!! 🚩🥂🚩,0,0,1,https://twitter.com/BohnGass/status/1653849459376242689
MariaBitt Feminista,@mariabitt,https://twitter.com/mariabitt/status/1653850876807725059,2023-05-03T19:55:50.000Z,Vai que puxando o fio de um lado puxamos de todo o nó!,0,0,0,https://twitter.com/BohnGass/status/1653849459376242689
Roberto Paulo,@Robertopaulocrz,https://twitter.com/Robertopaulocrz/status/1653853633656549376,2023-05-03T20:06:48.000Z,"Meu Deus! Que horror!
Milícia miserável",0,0,0,https://twitter.com/BohnGass/status/1653849459376242689
Eu sou do sofá,@eusoudosofa,https://twitter.com/eusoudosofa/status/1653856713156579329,2023-05-03T20:19:02.000Z,Gravíssimo 😳,0,0,1,https://twitter.com/BohnGass/status/1653849459376242689
ELittle Lula,@Elittle07195740,https://twitter.com/Elittle07195740/status/1653851051332718593,2023-05-03T19:56:32.000Z,"É provável que o nome do ""garoto"" começa com C e termina com S!",0,0,0,https://twitter.com/BohnGass/status/1653849459376242689
Neofilodaesquerda,@eunaovoupararde,https://twitter.com/eunaovoupararde/status/1654063831470030848,2023-05-04T10:02:03.000Z,Cid ouve a confissão de alguém que diz saber quem matou Marielle denunciou? Não seria outro crime também?,0,0,0,https://twitter.com/BohnGass/status/1653849459376242689
