nome,usuario,idTweet,dataPublicacao,texto,replies,retweets,likes,tweetPai
Enfermeira Alemã,@Sol651975,https://twitter.com/Sol651975/status/1653090475669176362,2023-05-01T17:34:16.000Z,"Deputado, em prol de um futuro melhor para o seu netinho, que tal mudar seu voto qto a PL 2630? Não podermos viver sem liberdade de expressão, ou onde apenas um dos lados a tem! Não envergonhe nosso Estado! Não à PL da Censura!!",1,1,1,https://twitter.com/mello_bandeira/status/1653040411110154244
okokokok,@okokblzblz,https://twitter.com/okokblzblz/status/1653396725934051328,2023-05-02T13:51:12.000Z,"Deputado, a Pl 2630 é perigosa para o senhor também! Ela da a opção de silenciar a oposição de um governo, e esse poder será usado uma hora ou outra contra o senhor! São várias páginas de documento, mas essa carta aberta explica bem a situação:",0,0,0,https://twitter.com/mello_bandeira/status/1653040411110154244
WILLIAN 94,@William71994,https://twitter.com/William71994/status/1653055165316882437,2023-05-01T15:13:58.000Z,Parabéns mais já tá na hora de você larga tudo tipo a política pra volta pro flamengo. Maior presidente,0,0,0,https://twitter.com/mello_bandeira/status/1653040411110154244
TonyMT-08,@Tonytaxi77,https://twitter.com/Tonytaxi77/status/1653049220281057280,2023-05-01T14:50:20.000Z,"Sou fã do seu trabalho no Flamengo, tudo que ganhamos foi fruto do seu trabalho na administração do clube",0,0,1,https://twitter.com/mello_bandeira/status/1653040411110154244
Felipe #Flamengo,@felipeflacg,https://twitter.com/felipeflacg/status/1653040864132837376,2023-05-01T14:17:08.000Z,"Meu eterno presidente, me segue de volta Bandeira 🙏",0,0,1,https://twitter.com/mello_bandeira/status/1653040411110154244
Francisco Oliveira,@xicoabm1955,https://twitter.com/xicoabm1955/status/1653049752978698241,2023-05-01T14:52:27.000Z,Bem haja presidente,0,0,1,https://twitter.com/mello_bandeira/status/1653040411110154244
A Folha de Seu Paulo,@folha_seu,https://twitter.com/folha_seu/status/1653169983222956033,2023-05-01T22:50:13.000Z,"Pois é, a liberdade seja ela qual for é muito boa... E o senhor muito nos envergonha votando a favor da censura (PL 2630).
Sempre admirei o senhor, sempre o defendi, pois o senhor foi o divisor de águas para uma das minhas maiores paixão (Meu Mengão), mais muito me decepciona...",0,0,1,https://twitter.com/mello_bandeira/status/1653040411110154244
