nome,usuario,idTweet,dataPublicacao,texto,replies,retweets,likes,tweetPai
Roberto Borning,@RobertoBor13,https://twitter.com/RobertoBor13/status/1653852711693983745,2023-05-03T20:03:08.000Z,Essa não tem como ele negar.,0,0,0,https://twitter.com/BohnGass/status/1653851986339454979
Flavio R.,@FlavioDLoureiro,https://twitter.com/FlavioDLoureiro/status/1653890789737472001,2023-05-03T22:34:26.000Z,Onde tu estava se é o dono da verdade Sr. Deputado.,0,0,0,https://twitter.com/BohnGass/status/1653851986339454979
Sal,@Salviosp1968,https://twitter.com/Salviosp1968/status/1655630998585892869,2023-05-08T17:49:24.000Z,"Bombonzinho q fraude nenê, se o cara nem vacinou é falava isso pra todos ouvirem e vcs msm criticavam isso",0,0,0,https://twitter.com/BohnGass/status/1653851986339454979
MC Zanini * Fascism is going bye-bye *,@themczanini,https://twitter.com/themczanini/status/1653856661214298114,2023-05-03T20:18:49.000Z,"Maaaaaas... Bolsonaro é o beneficiário da fraude. E, se houve mesmo acesso pelo ConectSUS em 14 de março de 2023 (se não foi erro de digitação da PF), significa que ele se beneficiou da fraude quando já não tinha mais passaporte diplomático.",0,0,1,https://twitter.com/BohnGass/status/1653851986339454979
SELMY ANTONIO,@AntonioSelmy,https://twitter.com/AntonioSelmy/status/1654180744627998732,2023-05-04T17:46:37.000Z,O chefão voutou da jaula para a cadeira.,0,0,0,https://twitter.com/BohnGass/status/1653851986339454979
AaliceMesmo,@AaliceMesmo,https://twitter.com/AaliceMesmo/status/1653923362911952896,2023-05-04T00:43:52.000Z,"Carteirinha de Vacina de Schrödinger:
""Não tomei a vacina e não falsifiquei o comprovante"".",0,0,0,https://twitter.com/BohnGass/status/1653851986339454979
Vivian,@vivraiza,https://twitter.com/vivraiza/status/1653861872452489222,2023-05-03T20:39:32.000Z,Sempre! Usa o povo e a todos como bucha de canhão e depois tira seu entupido da reta!,0,0,1,https://twitter.com/BohnGass/status/1653851986339454979
