nome,usuario,idTweet,dataPublicacao,texto,replies,retweets,likes,tweetPai
André,@AndreEing,https://twitter.com/AndreEing/status/1653899943705190401,2023-05-03T23:10:49.000Z,💥💥💥💥💥💥👍👍,0,0,0,https://twitter.com/BohnGass/status/1653875162545045508
Paula Paulino,@Paula_Paulino,https://twitter.com/Paula_Paulino/status/1653875863526449158,2023-05-03T21:35:08.000Z,E as armas tb!,0,0,1,https://twitter.com/BohnGass/status/1653875162545045508
Bruno Isac - Tretas Bigtretabrasil,@BrunoIsac123,https://twitter.com/BrunoIsac123/status/1653876698771775489,2023-05-03T21:38:27.000Z,Qual o motivo?,0,0,1,https://twitter.com/BohnGass/status/1653875162545045508
zilda #foralula,@zildasiqueiram2,https://twitter.com/zildasiqueiram2/status/1653884523526995969,2023-05-03T22:09:32.000Z,"PL não foi votado, no dia seguinte pf na casa de Bolsonaro.  Bolsonaro conceder entrevista à jovem Pan, apreensão de passaporte.",0,0,0,https://twitter.com/BohnGass/status/1653875162545045508
