nome,usuario,idTweet,dataPublicacao,texto,replies,retweets,likes,tweetPai
Marelli T. Vanso,@vanso0,https://twitter.com/vanso0/status/1653196696061353984,2023-05-02T00:36:21.000Z,GOOGLE APOIA FAKE NEWS,0,0,0,https://twitter.com/BohnGass/status/1653165156434685959
Mauricio,@Maurtem,https://twitter.com/Maurtem/status/1653197699313795072,2023-05-02T00:40:21.000Z,"Se não apoiar a censura, será censurado hahaha",0,0,0,https://twitter.com/BohnGass/status/1653165156434685959
Susie Girão,@susie_girao,https://twitter.com/susie_girao/status/1653194488125480962,2023-05-02T00:27:35.000Z,PL2630 PELAS CRIANÇAS#PL2630SIM#PL2630JÁ,0,0,0,https://twitter.com/BohnGass/status/1653165156434685959
Eduardo,@EdLima55,https://twitter.com/EdLima55/status/1653188421530140672,2023-05-02T00:03:29.000Z,GOOGLE APOIA FAKE NEWS,0,0,0,https://twitter.com/BohnGass/status/1653165156434685959
Lucia H,@hlucyla,https://twitter.com/hlucyla/status/1653184420650598401,2023-05-01T23:47:35.000Z,GOOGLE APOIA FAKE NEWS,0,0,0,https://twitter.com/BohnGass/status/1653165156434685959
zack tharos,@Alan745896,https://twitter.com/Alan745896/status/1653419602678800385,2023-05-02T15:22:06.000Z,#PldaCensuraNão#PldaCensuraNão#PldaCensuraNão#PldaCensuraNão#PldaCensuraNão#PldaCensuraNão#PldaCensuraNão,0,0,0,https://twitter.com/BohnGass/status/1653165156434685959
Jayme Lula Presidente,@jayme02724602,https://twitter.com/jayme02724602/status/1653180277336727552,2023-05-01T23:31:07.000Z,"PL 2630 JÁ 
GOOGLE APOIA FAKE NEWS
PL 2360 PELAS CRIANÇAS",1,0,0,https://twitter.com/BohnGass/status/1653165156434685959
Welton da Silva Costa,@WeltondaSilvaC3,https://twitter.com/WeltondaSilvaC3/status/1653167315951710213,2023-05-01T22:39:37.000Z,"Parem de falar que quando alguém discorda de uma posição que você defende é fake News, é por isso que o projeto é ruim.",0,0,1,https://twitter.com/BohnGass/status/1653165156434685959
Undefeatteam 2,@Undefeatteam,https://twitter.com/Undefeatteam/status/1653179252848640002,2023-05-01T23:27:03.000Z,"ah, somente o PT e seus bandidos podem falar sobre o PL, contando Fake News...

na democracia de vcs, não pode fazer campanha contra...  porque não estou surpreso???",0,0,0,https://twitter.com/BohnGass/status/1653165156434685959
Cleber Ferreira,@cleber_rodfer,https://twitter.com/cleber_rodfer/status/1653173359931187203,2023-05-01T23:03:38.000Z,"Os objetivos do regime lulopetista estão escancarados: silenciar vozes divergentes, impor seu discurso hegemônico na sociedade e perseguir opositores.

Este PL é uma ameaça à liberdade de expressão, à democracia e ao Estado de Direito.",0,0,1,https://twitter.com/BohnGass/status/1653165156434685959
Ivone Silva (Kuka),@KukaIvone,https://twitter.com/KukaIvone/status/1653225761262714881,2023-05-02T02:31:51.000Z,"Por Favor caro deputado, vote contra o PL da mordaça. Não deixe que no  Brasil as redes sociais sejam controladas como a China, etc, lá as redes sociais são bloqueadas, a população só assiste o que seu imperador ordena. No fundo sabem que essa PL é    pra calar a oposição.",0,0,0,https://twitter.com/BohnGass/status/1653165156434685959
Luana Miranda,@LuanaFMi,https://twitter.com/LuanaFMi/status/1653406433172418564,2023-05-02T14:29:47.000Z,por favor vote contra a PL da Censura... já existem leis para mentiras publicadas em rede.. não cabe ao Estado arbitrar o que é verdade,0,0,0,https://twitter.com/BohnGass/status/1653165156434685959
Pontes,@Pontes_1978,https://twitter.com/Pontes_1978/status/1653184899531132929,2023-05-01T23:49:29.000Z,"Quer uma razão para NÃO apoiar a PL da CENSURA?

A ditadura comunista quer calar a opinião da Google. Imagine se a lei for aprovada!",0,0,0,https://twitter.com/BohnGass/status/1653165156434685959
ROGÉRIO GOMES LULA,@rogeriojequiti,https://twitter.com/rogeriojequiti/status/1653165601777491968,2023-05-01T22:32:48.000Z,JOÃO C 8 V 44 O DIABO É O PAI DA MENTIRA.,0,0,0,https://twitter.com/BohnGass/status/1653165156434685959
Deluzia Sampaio,@DeluziaSampaio,https://twitter.com/DeluziaSampaio/status/1653185037393641473,2023-05-01T23:50:02.000Z,"GOOGLE APOIA FAKE NEWS
GOOGLE APOIA FAKE NEWS
GOOGLE APOIA FAKE NEWS
GOOGLE APOIA FAKE NEWS
GOOGLE APOIA FAKE NEWS
GOOGLE APOIA FAKE NEWS
GOOGLE APOIA FAKE NEWS
GOOGLE APOIA FAKE NEWS",0,0,0,https://twitter.com/BohnGass/status/1653165156434685959
olhandoamare,@olhandoamare,https://twitter.com/olhandoamare/status/1653185537962913793,2023-05-01T23:52:01.000Z,"Se o imponente mundial Google  não pode, transparentemente, expressar a opinião dele antes deste PL ir açodadamente à votação sem a devida discussão, o q será de nós simples cidadãos  diante de pressões d poder político e Judiciário comprometido, depois da aprovação deste PL?",0,0,0,https://twitter.com/BohnGass/status/1653165156434685959
