nome,usuario,idTweet,dataPublicacao,texto,replies,retweets,likes,tweetPai
Marina,@Marina92011959,https://twitter.com/Marina92011959/status/1653523179753684993,2023-05-02T22:13:41.000Z,10 bilhões liberados para a votação,0,0,1,https://twitter.com/adriventurasp/status/1653519743595302914
Patricia Cornils,@paticornils,https://twitter.com/paticornils/status/1653537636726853635,2023-05-02T23:11:08.000Z,Rindo aqui. O Google já é o Grande Irmão - a serviço de si mesmo. E vcs defendem.,0,0,0,https://twitter.com/adriventurasp/status/1653519743595302914
Geraldo Figueiredo,@geraldohydratec,https://twitter.com/geraldohydratec/status/1653554074221002753,2023-05-03T00:16:27.000Z,"Você só pode estar de sacanagem.

Quer dizer que o @Google não tem responsabilidades?

Patética!",0,0,0,https://twitter.com/adriventurasp/status/1653519743595302914
Amigos Da Lava Jato,@AmigosJato,https://twitter.com/AmigosJato/status/1653604484185047040,2023-05-03T03:36:46.000Z,#SomosTodosGoogle #PL2630Nao #PLCensuraNao,0,0,0,https://twitter.com/adriventurasp/status/1653519743595302914
Bianca M Naumann,@BiaMNaumann,https://twitter.com/BiaMNaumann/status/1653537101005090817,2023-05-02T23:09:00.000Z,País democrático não censura opinião. Impunidade é o que deixa as crianças suscetíveis. #CensuraNão #CensuraJamais,0,0,0,https://twitter.com/adriventurasp/status/1653519743595302914
