nome,usuario,idTweet,dataPublicacao,texto,replies,retweets,likes,tweetPai
Alexandre Padilha,@padilhando,https://twitter.com/padilhando/status/1654524381383491591,2023-05-05T16:32:06.000Z,"Vamos fomentar a integração entre os países nas esferas econômica, social, cultural e científico-tecnológica. É a América Latina unida garantindo o desenvolvimento sustentável, o bem estar dos povos latinos e o trabalho pela erradicação da pobreza e das desigualdades sociais.",12,33,174,https://twitter.com/padilhando/status/1654524379747741696
Silvia Costa ....,@silvia_cst,https://twitter.com/silvia_cst/status/1654559517085155328,2023-05-05T18:51:43.000Z,Acorda Ministro. Entra em sintonia com o governo e o presidente @Lula estás deixando a desejar. Corrige a rota.,0,0,1,https://twitter.com/padilhando/status/1654524379747741696
Getulio sanches SANCHES,@getuliosan82,https://twitter.com/getuliosan82/status/1654639473429233665,2023-05-06T00:09:26.000Z,Eu sei igual os 16 anos passado de corrupção e mentira,1,0,3,https://twitter.com/padilhando/status/1654524379747741696
Caetano Mello,@CaetanoMello1,https://twitter.com/CaetanoMello1/status/1654646764576686082,2023-05-06T00:38:25.000Z,Pppuuutttaaaqqooopppaaarrriiiuu,0,0,2,https://twitter.com/padilhando/status/1654524379747741696
Mattos,@Renato_CG_MS,https://twitter.com/Renato_CG_MS/status/1654595325330325505,2023-05-05T21:14:01.000Z,E?,1,0,2,https://twitter.com/padilhando/status/1654524379747741696
Giordano Bruno,@giordano_1980,https://twitter.com/giordano_1980/status/1654524927322488853,2023-05-05T16:34:16.000Z,"Votei em vcs, achei que iam fazer política rumo ao ""centro"". Querem repetir os mesmo erros da Dilma e jogarem o país no abismo?",6,1,7,https://twitter.com/padilhando/status/1654524379747741696
Sofia Martelli,@Sofia82885702,https://twitter.com/Sofia82885702/status/1654532333410590720,2023-05-05T17:03:42.000Z,"LACROUU !!
SEXTOU COM LULA !!❤️❤️❤️❤️❤️❤️",1,2,4,https://twitter.com/padilhando/status/1654524379747741696
SuSchu,@SuSchu_,https://twitter.com/SuSchu_/status/1654536752067932162,2023-05-05T17:21:16.000Z,"Não entendo, pessoas que não gostam do Lula por preconceito ou sei lá o quê, deveriam estar consolando o Pinóquio, esse que nada fez pelo povo a não ser o povo da panelinha dele. Lula esta grandão! Fiz o L para isso!",4,0,5,https://twitter.com/padilhando/status/1654524379747741696
Kelly Tedesco,@KellyTedesco4,https://twitter.com/KellyTedesco4/status/1654577688596602881,2023-05-05T20:03:56.000Z,Tá... agora conte a boa notícia!,1,0,8,https://twitter.com/padilhando/status/1654524379747741696
Pátria e família.,@LuizMazzei14749,https://twitter.com/LuizMazzei14749/status/1654534145735794690,2023-05-05T17:10:54.000Z,Isso é um perigo.,0,0,2,https://twitter.com/padilhando/status/1654524379747741696
Eduardo Amaral,@AmaralPeribe,https://twitter.com/AmaralPeribe/status/1654591782653509634,2023-05-05T20:59:56.000Z,Nossa agora vamos sustentar os restos dos esquerdistas sul-americanos,0,0,10,https://twitter.com/padilhando/status/1654524379747741696
Wesley libertário,@Liberdadecensur,https://twitter.com/Liberdadecensur/status/1654588031255363585,2023-05-05T20:45:02.000Z,"A união dos países falidos, a matemática não mente 0 + 0 = 0",0,0,9,https://twitter.com/padilhando/status/1654524379747741696
Marcelo Cruz,@Marcelo43368230,https://twitter.com/Marcelo43368230/status/1654637647162228736,2023-05-06T00:02:11.000Z,Flopou hein tá na fritadeira rs,0,0,1,https://twitter.com/padilhando/status/1654524379747741696
Marcos Alves,@amarcos31,https://twitter.com/amarcos31/status/1654662529161756673,2023-05-06T01:41:03.000Z,Kkkkkk,0,0,1,https://twitter.com/padilhando/status/1654524379747741696
Luciano Aguiar,@Luciano31369221,https://twitter.com/Luciano31369221/status/1654565355468083203,2023-05-05T19:14:55.000Z,União da miséria para atingir a Tragédia,1,0,4,https://twitter.com/padilhando/status/1654524379747741696
AngeladeCamposSalles 4a conta,@aline_csalles,https://twitter.com/aline_csalles/status/1654599215589253120,2023-05-05T21:29:28.000Z,Pois e .... e assim o Brasil so regride ... fazer parte dessa porcaria nao traz nada pro pais e pro seu povo... me poupe de tanta hipocrisia ...,0,0,6,https://twitter.com/padilhando/status/1654524379747741696
Igor Mazar,@MazarIgor,https://twitter.com/MazarIgor/status/1654583998440517632,2023-05-05T20:29:00.000Z,"Só por curiosidade, quais acordos comerciais revelante a Unasul assinou desde sua criação?",3,0,5,https://twitter.com/padilhando/status/1654524379747741696
Advaldo miranda,@advaldo_miranda,https://twitter.com/advaldo_miranda/status/1654629452511424514,2023-05-05T23:29:37.000Z,Pra que serve o Brasil na unasul?,1,0,1,https://twitter.com/padilhando/status/1654524379747741696
Regina Celi Rosa,@ReginaCeli44665,https://twitter.com/ReginaCeli44665/status/1654594484527828992,2023-05-05T21:10:40.000Z,Uma tal adhelaide uma ana paraguaia,0,0,0,https://twitter.com/padilhando/status/1654524379747741696
Regina Celi Rosa,@ReginaCeli44665,https://twitter.com/ReginaCeli44665/status/1654594675854934016,2023-05-05T21:11:26.000Z,Ela e o filgo me impedem de entrar na xasa da minha mae emilinha barbos que chwgava na praia cubatao e tem,0,0,0,https://twitter.com/padilhando/status/1654524379747741696
Jeferson Santos,@Jeferso04044002,https://twitter.com/Jeferso04044002/status/1654799361811816449,2023-05-06T10:44:47.000Z,No q isso contribui pra os brasileiros?,0,0,0,https://twitter.com/padilhando/status/1654524379747741696
Carlos Kayatt Neto,@cnkayatt,https://twitter.com/cnkayatt/status/1654919840572792832,2023-05-06T18:43:31.000Z,"Vai ter mais sacos para você lamber. Que bom ,né?",0,0,0,https://twitter.com/padilhando/status/1654524379747741696
Eugenio ⓟ ⓟ,@gelancsa,https://twitter.com/gelancsa/status/1654634300921241602,2023-05-05T23:48:53.000Z,Unasul com um monte de ditadores assassinos 🤡🤡🤡,1,0,4,https://twitter.com/padilhando/status/1654524379747741696
eduardo,@eduardo31051362,https://twitter.com/eduardo31051362/status/1654601469235023873,2023-05-05T21:38:25.000Z,Tais com os dias contados,0,0,1,https://twitter.com/padilhando/status/1654524379747741696
Riga,@Riga67335949,https://twitter.com/Riga67335949/status/1654592644599668737,2023-05-05T21:03:21.000Z,Só país tranquera quebrado nessa tal de Unasul....😀😀😀😀,0,0,4,https://twitter.com/padilhando/status/1654524379747741696
crix_. sempre à esquerda,@crix907,https://twitter.com/crix907/status/1654831650100969474,2023-05-06T12:53:05.000Z,Oh dias de glória,0,0,0,https://twitter.com/padilhando/status/1654524379747741696
Opinião Livre,@regiany83,https://twitter.com/regiany83/status/1654572440037498882,2023-05-05T19:43:04.000Z,Bora melhorar a articulação política e abainhar a base governista que não estão votando com o governo em @padilhando,0,0,3,https://twitter.com/padilhando/status/1654524379747741696
JR_IVARAGNAROK,@JR_IVARAGNAROK,https://twitter.com/JR_IVARAGNAROK/status/1654550468721352704,2023-05-05T18:15:46.000Z,"Mamãe me acode, que bosta.",0,0,9,https://twitter.com/padilhando/status/1654524379747741696
bebidas chabás,@ovelhanegra888,https://twitter.com/ovelhanegra888/status/1654530766750064640,2023-05-05T16:57:29.000Z,Faz o L.,0,0,0,https://twitter.com/padilhando/status/1654524379747741696
Selva!,@CaminhaNadja,https://twitter.com/CaminhaNadja/status/1654974474641367042,2023-05-06T22:20:37.000Z,Você é muiiiiiiito INCOMPETENTE! GRAÇAS POR ISTO!,0,0,0,https://twitter.com/padilhando/status/1654524379747741696
Altemir A.Guerini,@AltemirGuerini,https://twitter.com/AltemirGuerini/status/1654592715324047361,2023-05-05T21:03:38.000Z,Meu Deus...tenha vergonha na cara de anunciar está porcaria!.,0,0,2,https://twitter.com/padilhando/status/1654524379747741696
IVS,@isaac_vies,https://twitter.com/isaac_vies/status/1655259170398928897,2023-05-07T17:11:54.000Z,Só lembrar que a derrocada da UNASUL aconteceu em 2018 por falta de consenso na escolha da secretaria geral. A partir daí vários países saíram do Bloco. O fato do Brasil não participar nada tem a ver com Bolsonaro. Que fique claro! Para os fanfarrões de plantão!,0,0,0,https://twitter.com/padilhando/status/1654524379747741696
Simone Rosa,@SimoneR64459592,https://twitter.com/SimoneR64459592/status/1654632941547397120,2023-05-05T23:43:29.000Z,Contanto que nosso dinheiro não saia do país,0,0,1,https://twitter.com/padilhando/status/1654524379747741696
christian,@christiancedrid,https://twitter.com/christiancedrid/status/1654604680243163137,2023-05-05T21:51:11.000Z,Que não serve pra nada!,0,0,1,https://twitter.com/padilhando/status/1654524379747741696
RuiRN,@RuiRN15,https://twitter.com/RuiRN15/status/1654684407960154112,2023-05-06T03:08:00.000Z,Serve p que????,0,0,1,https://twitter.com/padilhando/status/1654524379747741696
Ricardo Marques,@Ricardo00805054,https://twitter.com/Ricardo00805054/status/1654542029064470530,2023-05-05T17:42:14.000Z,Presidente do Conselhão?,0,0,0,https://twitter.com/padilhando/status/1654524379747741696
Ana Claudia,@ana_claudia_w,https://twitter.com/ana_claudia_w/status/1654606644427341824,2023-05-05T21:58:59.000Z,Que 💩,0,0,0,https://twitter.com/padilhando/status/1654524379747741696
Márcia Regina Domingues,@marciaduleba,https://twitter.com/marciaduleba/status/1654573294450819072,2023-05-05T19:46:28.000Z,"Voltou para o buraco, com a carreta furacão arrasando com a nação!",0,0,1,https://twitter.com/padilhando/status/1654524379747741696
Ana Saraiva,@ANALUIZ91808167,https://twitter.com/ANALUIZ91808167/status/1654601336393015297,2023-05-05T21:37:54.000Z,"E dizer que o Brasil iria fazer parte da OCDE, que decadência, é o que acontece quando o povo não sabe votar e acredita em promessas vazias",0,0,1,https://twitter.com/padilhando/status/1654524379747741696
Rosália Silvana,@RosliaSilvanaM1,https://twitter.com/RosliaSilvanaM1/status/1654646535769006080,2023-05-06T00:37:30.000Z,"Vai chegar o último dia do mandato e vocês ainda estarão anunciando que o Brasil voltou? Já deu tempo de voltar e ir uma centena de vezes.
Nações Sul Americanas...que orgulho!! sqn",1,0,1,https://twitter.com/padilhando/status/1654524379747741696
Eliana,@Eliana53041050,https://twitter.com/Eliana53041050/status/1654594787121438722,2023-05-05T21:11:52.000Z,"Em outras palavras,  vamos trabalhar mais pra sustentar a corja comunista.",0,0,1,https://twitter.com/padilhando/status/1654524379747741696
Nilson,@Nilson4Gomes,https://twitter.com/Nilson4Gomes/status/1654647183612821505,2023-05-06T00:40:05.000Z,"Resumo;
Enviaremos nossos recursos enquanto os problemas internos aumentam vertiginosamente.",0,0,0,https://twitter.com/padilhando/status/1654524379747741696
Lifer,@FerrLigfer,https://twitter.com/FerrLigfer/status/1654688568139210756,2023-05-06T03:24:31.000Z,"Mais roubo, mais desvios, mais bandidagem",0,0,0,https://twitter.com/padilhando/status/1654524379747741696
MTfino,@MTratofino,https://twitter.com/MTratofino/status/1654537392915730434,2023-05-05T17:23:48.000Z,"assinou na suite de 95 mil a diária....ou foi numa barraquinha de cachorro quente, tomando um caldo de cana......kkkkkkkkkk deixa de ser palhaço Maria padilha.",0,0,0,https://twitter.com/padilhando/status/1654524379747741696
Gustavo,@andradeF2023,https://twitter.com/andradeF2023/status/1654616666427334656,2023-05-05T22:38:49.000Z,"Pq tu parou de falar ""TODES"" 🤣😅😅😅😅",0,0,0,https://twitter.com/padilhando/status/1654524379747741696
Igor Trelha,@TrelhaIgor,https://twitter.com/TrelhaIgor/status/1654584088672477184,2023-05-05T20:29:22.000Z,Vai começar a distribuir dinheiro né V$G$B#ND$,0,0,0,https://twitter.com/padilhando/status/1654524379747741696
Marcelo,@MarceloLife2023,https://twitter.com/MarceloLife2023/status/1654610682937999366,2023-05-05T22:15:02.000Z,Desgoverno fascista nazista genocida dos inferno,0,0,0,https://twitter.com/padilhando/status/1654524379747741696
Antonio no Nascimento,@AntonionoNasci1,https://twitter.com/AntonionoNasci1/status/1654840970297393158,2023-05-06T13:30:07.000Z,"Grande feito. Vai ser mais um para integrar o cordão dos afogados. Filho, significativo será o Brasil integrar a OCDE. Quem se junta com porcos, come farelo.",0,0,0,https://twitter.com/padilhando/status/1654524379747741696
GMiranda,@odontogel,https://twitter.com/odontogel/status/1654645253071052801,2023-05-06T00:32:24.000Z,Voltou a se juntar com seus pares autocráticos. Palhaços.,0,0,0,https://twitter.com/padilhando/status/1654524379747741696
Denis,@DenisEkonnomiza,https://twitter.com/DenisEkonnomiza/status/1654592941501960193,2023-05-05T21:04:32.000Z,Oficialmente já somos uma colônia comunista!!,0,0,0,https://twitter.com/padilhando/status/1654524379747741696
22 Rosangela Bertelli,@robertelli23,https://twitter.com/robertelli23/status/1654599327577260032,2023-05-05T21:29:55.000Z,Agora vcs não enganam mais o povo.,0,0,0,https://twitter.com/padilhando/status/1654524379747741696
Célia Regina Gumy Teixeira,@CeliaGumy,https://twitter.com/CeliaGumy/status/1654655993333030912,2023-05-06T01:15:05.000Z,"O Povo Brasileiro voltará a financiar os ""cumpaheiro""? Não. O Descondenado, rejeitado pela MAIORIA do Povo Brasileiro, não conseguirá repetir o que fez com o nosso País. O DESGOVERNO DERRETE.#ForaLula       #ForaAlckmin",0,0,0,https://twitter.com/padilhando/status/1654524379747741696
fertjorge8,@fertjorge8,https://twitter.com/fertjorge8/status/1654561423559741441,2023-05-05T18:59:18.000Z,Bela💩,0,0,0,https://twitter.com/padilhando/status/1654524379747741696
Bento Gonçalves,@general_bento,https://twitter.com/general_bento/status/1654669289054515200,2023-05-06T02:07:55.000Z,🤡🤡🤡🤡,0,0,0,https://twitter.com/padilhando/status/1654524379747741696
Leonardo Pereira Lopes,@Leonard74908557,https://twitter.com/Leonard74908557/status/1654535296770244608,2023-05-05T17:15:29.000Z,Me arruma um carguinho nessa peixada ai,0,0,0,https://twitter.com/padilhando/status/1654524379747741696
Vinicius Barreira,@Vinibarr2023,https://twitter.com/Vinibarr2023/status/1654600525541769223,2023-05-05T21:34:40.000Z,"Voltará a 'emprestar' dinheiro, tomar calotes e o contribuinte pagando a conta. Esse dinheiro tinha que ser usado pra resolver os problemas internos.",0,0,0,https://twitter.com/padilhando/status/1654524379747741696
João,@rosemartleite,https://twitter.com/rosemartleite/status/1654605801435156482,2023-05-05T21:55:38.000Z,"UNASUL? Países quebrados para os brasileiros sustentarem
 Faz o L mané!",0,0,0,https://twitter.com/padilhando/status/1654524379747741696
JJRamos,@Ramos12422126Jj,https://twitter.com/Ramos12422126Jj/status/1654639903097888768,2023-05-06T00:11:09.000Z,"AGORA O BRASIL VAI,SÓ NÃO SEI PRA ONDE...KK.",0,0,0,https://twitter.com/padilhando/status/1654524379747741696
Nelipe Feto,@nelipefeto__,https://twitter.com/nelipefeto__/status/1654791167681208322,2023-05-06T10:12:13.000Z,Alexandre quadrilha … foi o professor @VillaMarcovilla que apelidou,0,0,0,https://twitter.com/padilhando/status/1654524379747741696
Walter Giglio,@WalterGiglioBr,https://twitter.com/WalterGiglioBr/status/1654580375769759748,2023-05-05T20:14:36.000Z,"Me conta sobre sua demissão pelo velho descondenado. Vai, conta. Me parece que ele disse que é por incompetência e falta de resultados?",0,0,0,https://twitter.com/padilhando/status/1654524379747741696
Shopee Store,@ShopeeStoreTips,https://twitter.com/ShopeeStoreTips/status/1654660434660556802,2023-05-06T01:32:44.000Z,Voltou pra 💩,0,0,0,https://twitter.com/padilhando/status/1654524379747741696
NaninhaMelo,@anamariamelo22,https://twitter.com/anamariamelo22/status/1654630689994670081,2023-05-05T23:34:32.000Z,Ou seja: Vamos sustentar os países falidos comandados pela esquerda!,0,0,3,https://twitter.com/padilhando/status/1654524379747741696
Deadpool sincero,@Sandro25903889,https://twitter.com/Sandro25903889/status/1654562801719861255,2023-05-05T19:04:46.000Z,#LulaVaiCair,0,0,0,https://twitter.com/padilhando/status/1654524379747741696
Renato2022,@RenatoGazza1966,https://twitter.com/RenatoGazza1966/status/1654645944770502657,2023-05-06T00:35:09.000Z,SEIIIII,0,0,0,https://twitter.com/padilhando/status/1654524379747741696
Paulo Vidal,@prv7177,https://twitter.com/prv7177/status/1654860573471809539,2023-05-06T14:48:01.000Z,Lula é ladrãooooooooo e chefe de quadrilha 👍,0,0,0,https://twitter.com/padilhando/status/1654524379747741696
Arthur,@Arthur54772851,https://twitter.com/Arthur54772851/status/1654531971924492299,2023-05-05T17:02:16.000Z,"Quero saber da péssima articulação política do governo q permite partidos com ministérios se comportarem como oposição. E agr vc quer acabar com a CPMI. Faz favor, @padilhando",0,0,0,https://twitter.com/padilhando/status/1654524379747741696
Rodrigo Jardim,@Rodrigojardim78,https://twitter.com/Rodrigojardim78/status/1654798537136242689,2023-05-06T10:41:30.000Z,Que merda…,0,0,0,https://twitter.com/padilhando/status/1654524379747741696
Raphael Cortez,@Raphael56812224,https://twitter.com/Raphael56812224/status/1654689471390969861,2023-05-06T03:28:07.000Z,Só se junta com o que não presta. Puta que pariu,0,0,0,https://twitter.com/padilhando/status/1654524379747741696
Maria Tereza Alvim,@Tereza_Alvim,https://twitter.com/Tereza_Alvim/status/1654594219158151169,2023-05-05T21:09:37.000Z,Aquele grupo de países que estão instalando governos fascistas  ??? Só pra saber !!!,0,0,0,https://twitter.com/padilhando/status/1654524379747741696
Allan Silva,@AllanSi73571315,https://twitter.com/AllanSi73571315/status/1654659578720559104,2023-05-06T01:29:20.000Z,"Quando vc diz fomentar integração na verdade vc quer dizer, VAMOS FINANCIAR OS PAÍSES MEMBROS né? Com dinheiro dos trabalhadores e empresários brasileiros. Cambada de safado.",0,0,0,https://twitter.com/padilhando/status/1654524379747741696
Rivelino Vicenti,@RivelinoVicenti,https://twitter.com/RivelinoVicenti/status/1654633693409845248,2023-05-05T23:46:28.000Z,"Ou seja, os trabalhadores pagarão pelos incompetentes. Bela volta!",0,0,0,https://twitter.com/padilhando/status/1654524379747741696
PIRAJANEVES,@pirajavaneves,https://twitter.com/pirajavaneves/status/1655595852600049665,2023-05-08T15:29:45.000Z,Grande coisa ... mais uma falácia,0,0,0,https://twitter.com/padilhando/status/1654524379747741696
genario azevedo,@genario_azevedo,https://twitter.com/genario_azevedo/status/1654603032191987714,2023-05-05T21:44:38.000Z,"Nos comentários, os robôs ou falsas contas estão ativos. Devemos denunciar e bloquear. O @twitter sabe que são contas FaKe.",0,0,0,https://twitter.com/padilhando/status/1654524379747741696
Rhodrigo Tauil,@rhodtauil,https://twitter.com/rhodtauil/status/1654574508198486021,2023-05-05T19:51:17.000Z,"Vcs da esquerda vão, cedo ou tarde, comer o pão que o diabo amaçou! Forte abraço!",0,0,0,https://twitter.com/padilhando/status/1654524379747741696
Luiz Fernando Taddei,@taddei_piratini,https://twitter.com/taddei_piratini/status/1654609782521692162,2023-05-05T22:11:27.000Z,"Venezuela por ser ditadura genocida está fora, né?",0,0,0,https://twitter.com/padilhando/status/1654524379747741696
MANSUR MAKTUB.,@maktubpapelaria,https://twitter.com/maktubpapelaria/status/1654585319428087808,2023-05-05T20:34:15.000Z,🤮🤮🤮🤮🤮🤮🤮🤮🤮💩💩💩💩💩💩💩💩💩💩💩,0,0,0,https://twitter.com/padilhando/status/1654524379747741696
Oliver,@MatossasMatheus,https://twitter.com/MatossasMatheus/status/1654814041976590336,2023-05-06T11:43:07.000Z,Fritando em fogo baixo . Desgoverno,0,0,0,https://twitter.com/padilhando/status/1654524379747741696
Carlos Alberto Lopes,@carlos03370337,https://twitter.com/carlos03370337/status/1654658651162828801,2023-05-06T01:25:39.000Z,"PAI DOS POBRES TÁ DE PIRRAÇA COM OS POBRES E MOSTRANDO QUE TEM MUITO DINHEIROE NÃO PRECISA CRIAR MAIS IMPOSTOS.
DIARIA DE HOTEL EM LONDRES DE R$95.000,00 A DIARIA. BOLSONARO SE HOSPEDOU NA EMBAIXADA?
E AGORA COMO EXPLICAR A FALTA DA PICANHA?",0,0,0,https://twitter.com/padilhando/status/1654524379747741696
Silas Amaral,@SilasAmaral16,https://twitter.com/SilasAmaral16/status/1654919665225814016,2023-05-06T18:42:49.000Z,"La vem a Venezuela, Cuba e arrastando a Argentina.",0,0,0,https://twitter.com/padilhando/status/1654524379747741696
Arlete Macedo,@ArleteMacedo10,https://twitter.com/ArleteMacedo10/status/1654617009953415168,2023-05-05T22:40:11.000Z,"O pai é a mãe dos pobres diária 95mil 
O pai é a má dos ricos hospedagem na embaixada  custo 0",0,0,0,https://twitter.com/padilhando/status/1654524379747741696
Rodrigo Rocha,@Rodrigo10956521,https://twitter.com/Rodrigo10956521/status/1654848081840467968,2023-05-06T13:58:22.000Z,Nossa! Que máximo. Mudou bosta nenhuma,0,0,0,https://twitter.com/padilhando/status/1654524379747741696
MNC CRISTÃO,@MarceloNepomu18,https://twitter.com/MarceloNepomu18/status/1654584676034510848,2023-05-05T20:31:42.000Z,"Uma merda, só País que mantém a população como escrava!",0,0,0,https://twitter.com/padilhando/status/1654524379747741696
DANIEL DOMINGUES,@DANIELD20172338,https://twitter.com/DANIELD20172338/status/1655181560549720074,2023-05-07T12:03:30.000Z,"Pôde não ser o PRESIDENTE PERFEITO, porque não é MARXISTA,mas com certeza é o melhor presidente que o mundo tem HOJE!!",0,0,0,https://twitter.com/padilhando/status/1654524379747741696
Evandro Morais,@Evandro20351446,https://twitter.com/Evandro20351446/status/1654598221333774339,2023-05-05T21:25:31.000Z,So passou vergonha na cerimónia... Divulga ai a recepção dele e durante a cerimónia.. Vergonha internacional,0,0,1,https://twitter.com/padilhando/status/1654524379747741696
carlos felix,@carloslandia,https://twitter.com/carloslandia/status/1655713157329956865,2023-05-08T23:15:53.000Z,"Chile esperimentou a esquerda e ""caiu fora"". Em 2024 Argentina tbem...  so falta tirar o PT",0,0,0,https://twitter.com/padilhando/status/1654524379747741696
Luiz Casagrande,@luizcasagra,https://twitter.com/luizcasagra/status/1654596875595526144,2023-05-05T21:20:10.000Z,"Derrota do desgoverno. Arregou mais uma vez, já tinha arregado na CPMI, é um desgoverno, é muita incompetência. Não adiantou liberar 10 bilhões de reais para  comprar deputados com emendas.",0,0,0,https://twitter.com/padilhando/status/1654524379747741696
Frank Sempre pela Direita #ForaLula,@ProfOtavioFilh1,https://twitter.com/ProfOtavioFilh1/status/1654597447694397443,2023-05-05T21:22:27.000Z,Essa gente comunista canalha se orgulha de fazer parte do pior do mundo...OMG,0,0,0,https://twitter.com/padilhando/status/1654524379747741696
Carlos Alberto Lopes,@carlos03370337,https://twitter.com/carlos03370337/status/1654547322502610944,2023-05-05T18:03:16.000Z,"E AGORA PT E LULA, O PCC ATUA COMO SINDICO NA EXPLORAÇÃO DE OURO NAS TERRAS YANOMANI.  A CULPA É DO BOLSONARO?",0,0,0,https://twitter.com/padilhando/status/1654524379747741696
Carlos Alberto Lopes,@carlos03370337,https://twitter.com/carlos03370337/status/1654661004393865220,2023-05-06T01:35:00.000Z,"VOCÊ SABIA QUE UMA DIARIA DE HOTEL DO LULA SE COMPRA UM APARELHO DE ULTRASSONOGRAFIA  PARA OS HOSPITAIS QUE NÃO TEM OU ESTÃO QUEBRADOS?
VOCÊ SABIA QUE OS VINHOS  E CACHAÇA QUE O LULA BEBE COMPRARIA UM APARELHO DE ULTRASSONOGRAFIA .
O SOFÁ E A CAMA DO LULA COMPRA 5  DE ULTRASSON",0,0,0,https://twitter.com/padilhando/status/1654524379747741696
Carlos Alberto Lopes,@carlos03370337,https://twitter.com/carlos03370337/status/1654827250968084481,2023-05-06T12:35:36.000Z,"O LULA E O PT TRATAM O POVO E O ELEITOR COMO IDIOTAS, POIS ALEGAM QUE O PAÍS TEM MILHÕES PASSANDO FOME E VAI PARA LONDRES  E SE HOSPEDA EM HOTEL DE LUXO PAGANDO 95 MIL REAIS A DIARIA .
DEMOCRACIA PARA ELES E SOCIALISMO PARA ELES.
A RECEPÇÃO PARA ELES SENDO CHAMADOS DE LADRÃO.",0,0,1,https://twitter.com/padilhando/status/1654524379747741696
