nome,usuario,idTweet,dataPublicacao,texto,replies,retweets,likes,tweetPai
Alexandre Padilha,@padilhando,https://twitter.com/padilhando/status/1654205132085633025,2023-05-04T19:23:31.000Z,"O Conselhão é acima de tudo a volta do diálogo. Mostramos a disposição do presidente @LulaOficial em acolher a diversidade. A sociedade mudou e o Conselhão mostrará para o Brasil que o diálogo é possível - sem cercadinho, sem bolhas.",1,17,101,https://twitter.com/padilhando/status/1654205129841598464
Alexandre Padilha,@padilhando,https://twitter.com/padilhando/status/1654205133876523009,2023-05-04T19:23:32.000Z,"Acima de tudo, agradeço a todos os conselheiros e conselheiras que estão dedicando o tempo de suas vidas e suas experiências para ajudar o Governo Federal a desenvolver políticas públicas e construir um novo país",0,18,93,https://twitter.com/padilhando/status/1654205129841598464
ninatuitabrasil,@anatuitaeluta,https://twitter.com/anatuitaeluta/status/1654207358434783232,2023-05-04T19:32:22.000Z,"Bom trabalho, Ministro!",0,0,1,https://twitter.com/padilhando/status/1654205129841598464
Shirley Botelho,@shirleybotelho1,https://twitter.com/shirleybotelho1/status/1654997147383738369,2023-05-06T23:50:42.000Z,"CONHECI UM SR DA SEXTA VARA NO VIADUTO DONA PAULINEA UM ESCRIVÃO  FALOU PARA  PROCURAR O SR , QUE PODE AJUDAR NOS AUTISTAS , SUICIDIOS DE MÃES  E AUTISTAS SAO VIDAS 

URGENTE",0,0,0,https://twitter.com/padilhando/status/1654205129841598464
Jacqueline,@Jacquel86866997,https://twitter.com/Jacquel86866997/status/1654548914811416578,2023-05-05T18:09:35.000Z,"Muito bom!  Seria ainda melhor se a porcentagem de participantes  homens e mulheres fosse a mesma, e se de negros fosse relativa   a porcentagem da população.",0,0,0,https://twitter.com/padilhando/status/1654205129841598464
MMS,@MauricaSilva2,https://twitter.com/MauricaSilva2/status/1654342361835614209,2023-05-05T04:28:49.000Z,"Quero vê sair uma linha desse Conselhão?

Uma reunião de Condomínio é mais produtivo!
Um Conselhão com mais de 200 pessoas é de se esperar oque? Nada
Serve para enganar os trouxas.
Imagino a disputa pela voz! Kkk
Governo tá perdido!
Não tem projeto nem plano de governo!
Simples !",0,0,0,https://twitter.com/padilhando/status/1654205129841598464
Mayara Santos,@MayaraS48478959,https://twitter.com/MayaraS48478959/status/1654236216970158081,2023-05-04T21:27:03.000Z,Parabéns.,0,0,0,https://twitter.com/padilhando/status/1654205129841598464
André Cibien Savergnini,@ad079c17a453488,https://twitter.com/ad079c17a453488/status/1654208829049978883,2023-05-04T19:38:13.000Z,"Precisa cuidar da articulação política, que está péssima.",0,0,0,https://twitter.com/padilhando/status/1654205129841598464
ROGERIO CÓRDOVA,@CORDOVAEAD,https://twitter.com/CORDOVAEAD/status/1654222675688972289,2023-05-04T20:33:14.000Z,Maravilha!!!! Viva a democracia @@!,0,0,0,https://twitter.com/padilhando/status/1654205129841598464
Andre Torres,@AndreTo17372471,https://twitter.com/AndreTo17372471/status/1654528072471773185,2023-05-05T16:46:46.000Z,Melhora essa tua base no congresso. Pelo amor de Deus. Não deixa o Lula fazer tudo.,1,0,0,https://twitter.com/padilhando/status/1654205129841598464
Bolsogata4°conta,@Bolsogata4conta,https://twitter.com/Bolsogata4conta/status/1654208541958324226,2023-05-04T19:37:04.000Z,"Quem paga as viagens e hospedagem deles? 
O povo.",0,0,0,https://twitter.com/padilhando/status/1654205129841598464
JJ,@JJ41215193,https://twitter.com/JJ41215193/status/1654281581190696962,2023-05-05T00:27:18.000Z,Vergonha,0,0,0,https://twitter.com/padilhando/status/1654205129841598464
