nome,usuario,idTweet,dataPublicacao,texto,replies,retweets,likes,tweetPai
Marina,@Marina92011959,https://twitter.com/Marina92011959/status/1654127312634544136,2023-05-04T14:14:18.000Z,"Só arrecadação e zero regra clara de corte de despesas. Taxação , taxação e taxação , e zero responsabilidade pelo descumprimento do mínimo de regra . Não .",0,0,1,https://twitter.com/adriventurasp/status/1654111075300777988
Priscila Prestes,@priiprestes,https://twitter.com/priiprestes/status/1654114688597127168,2023-05-04T13:24:08.000Z,"sabe que as vzs vejo que precisa deixar passar td em relação a economia, ferrar td mesmo... deixar o povo mais miseravel, vamos sofrer? sim, mas é necessário principalmente para quem fez o L e acha que o amor venceu, a picanha vai chegar... triste!!!",0,0,1,https://twitter.com/adriventurasp/status/1654111075300777988
Douglas Rafael do Amaral,@dougRamaral,https://twitter.com/dougRamaral/status/1654111227084152833,2023-05-04T13:10:23.000Z,Os deputados tem que colocar penalidades para o governo e freios caso ele não cumpra as metas!,0,0,0,https://twitter.com/adriventurasp/status/1654111075300777988
willian,@willian60155508,https://twitter.com/willian60155508/status/1654139884729237504,2023-05-04T15:04:15.000Z,"Vocês não podem questionar e apurar o desempenho dos 37 ministérios ?
Integrantes das viagens ?
Vocês tem que fiscalizar o executivo",0,0,1,https://twitter.com/adriventurasp/status/1654111075300777988
Antonio A,@Antonio3064,https://twitter.com/Antonio3064/status/1654124353058119682,2023-05-04T14:02:32.000Z,"O tal ""arcabouço"", calabouço, é uma farsa.  Não serve para nada a não ser, aumentar a inflação.  
Vote NÃO ao tal Aracabouço !",0,0,0,https://twitter.com/adriventurasp/status/1654111075300777988
Caio Nogueira Lessa,@drcaio_lessa,https://twitter.com/drcaio_lessa/status/1654117591097434113,2023-05-04T13:35:40.000Z,"Inflação e aumento da carga tributária é o resultado final do Faz o L, vivem da produção de miséria!",0,0,0,https://twitter.com/adriventurasp/status/1654111075300777988
Ricardosferro,@Ricardosferro1,https://twitter.com/Ricardosferro1/status/1654114237025857536,2023-05-04T13:22:20.000Z,Não podem deixar passar este cheque em branco e sem fundos deste calabouço fiscal irresponsável e sem penalidades. Querem quebrar o país.,0,0,1,https://twitter.com/adriventurasp/status/1654111075300777988
Jaum P.,@NoCloroquiner,https://twitter.com/NoCloroquiner/status/1654214561233289217,2023-05-04T20:00:59.000Z,"Senhora Deputada, 
Conta pra gente qual a justificativa pra votar contra a igualdade salarial?#PartidoNovoInimigoDoPovo",0,0,1,https://twitter.com/adriventurasp/status/1654111075300777988
JbP,@joabosper,https://twitter.com/joabosper/status/1654127963422756870,2023-05-04T14:16:53.000Z,"PF atrás dos CACs⚠️!! O Brasil entrou em um looping de volta ao passado esquerdopata. Traficantes, invasores do MST, e corruptos estão sob a guarda e proteção do Estado!! O cidadão de bem que quer se defender é criminalizado e o criminoso é uma ""vítima da sociedade"". PQP!!🤦",0,0,0,https://twitter.com/adriventurasp/status/1654111075300777988
#Cpmide08dejaneiroJá #cpmi08dejaneiro2023 #,@CCConservador,https://twitter.com/CCConservador/status/1654129693489262604,2023-05-04T14:23:45.000Z,"Queremos ordem e progresso!!Congressistas, modifiquem as leis que regem tudo e todos, o poder legislativo está com vocês! As Leis devem ser modificadas, adicionadas e refeitas. No estado democrático de direito as leis regulam tudo e todos. #reajecongresso",0,0,0,https://twitter.com/adriventurasp/status/1654111075300777988
André Luiz,@Andreeh_luuiz,https://twitter.com/Andreeh_luuiz/status/1654741120402743297,2023-05-06T06:53:21.000Z,"Deputada nos explique pq vc votou contra a o projeto de lei que garante igualdade salarial para mulheres, oque vc tem contra as mulheres? Você apoia também q seu salario seja menor que de outros parlamentares, ou você só é contra as mulheres que trabalham de verdade?",0,0,0,https://twitter.com/adriventurasp/status/1654111075300777988
