nome,usuario,idTweet,dataPublicacao,texto,replies,retweets,likes,tweetPai
Avelino Marques #BrasilConsciente,@A_Marques6,https://twitter.com/A_Marques6/status/1654569614708277252,2023-05-05T19:31:51.000Z,Vão mentir.,0,0,0,https://twitter.com/adriventurasp/status/1654542091345616907
fenam924,@fenam924,https://twitter.com/fenam924/status/1654549793656434688,2023-05-05T18:13:05.000Z,Confira a lista de deputados que votaram contra o PL para equiparar salários de homens e mulheres com a mesma função.🤢🤢🤢🤢,2,1,4,https://twitter.com/adriventurasp/status/1654542091345616907
Ruben Vasco,@RubenVasco69,https://twitter.com/RubenVasco69/status/1654588373946728448,2023-05-05T20:46:23.000Z,"Gostaria de entender porque a deputada votou contra a igualdade salarial entre homens e mulheres. Pode responder, deputada?",0,0,0,https://twitter.com/adriventurasp/status/1654542091345616907
rosefoltran,@rosefoltran,https://twitter.com/rosefoltran/status/1654723593387769857,2023-05-06T05:43:42.000Z,Vocês querem ganhar menos que os deputados?,0,1,1,https://twitter.com/adriventurasp/status/1654542091345616907
Não guardo mágoasGuardo prints,@CyFiorini,https://twitter.com/CyFiorini/status/1654550901779058693,2023-05-05T18:17:29.000Z,"Apesar de você, apesar de seu voto traidor, a igualdade salarial para homens e mulheres venceu. Que feio!",0,0,2,https://twitter.com/adriventurasp/status/1654542091345616907
#Cpmide08dejaneiroJá #cpmi08dejaneiro2023 #,@CCConservador,https://twitter.com/CCConservador/status/1654548503341723649,2023-05-05T18:07:57.000Z,👏👏👏👏👏,0,0,0,https://twitter.com/adriventurasp/status/1654542091345616907
#Cpmide08dejaneiroJá #cpmi08dejaneiro2023 #,@CCConservador,https://twitter.com/CCConservador/status/1654548538741620736,2023-05-05T18:08:06.000Z,"Congressistas modifiquem as leis que regem tudo e todos. Leis são para serem usadas, modificadas, adicionadas e refeitas. No estado democrático de direito as leis regulam tudo e todos. 📜📋#reajecongresso mudem tudo o que for necessário!!",0,0,0,https://twitter.com/adriventurasp/status/1654542091345616907
André Luiz,@Andreeh_luuiz,https://twitter.com/Andreeh_luuiz/status/1654741067349073920,2023-05-06T06:53:08.000Z,"Deputada nos explique pq vc votou contra a o projeto de lei que garante igualdade salarial para mulheres, oque vc tem contra as mulheres? Você apoia também q seu salario seja menor que de outros parlamentares, ou você só é contra as mulheres que trabalham de verdade?",0,0,0,https://twitter.com/adriventurasp/status/1654542091345616907
