nome,usuario,idTweet,dataPublicacao,texto,replies,retweets,likes,tweetPai
Eduardo Bandeira de Mello,@mello_bandeira,https://twitter.com/mello_bandeira/status/1654137482357735425,2023-05-04T14:54:42.000Z,"A subcomissão é um grande passo para debatermos, em conjunto com a Frente Parlamentar Pela Modernização do Futebol,  propostas e ações para implementação de políticas públicas de incentivo ao esporte, além de intensificar o debate com as agremiações de futebol.",1,0,9,https://twitter.com/mello_bandeira/status/1654137479086108677
Eduardo Bandeira de Mello,@mello_bandeira,https://twitter.com/mello_bandeira/status/1654137485532823554,2023-05-04T14:54:43.000Z,"Queremos estimular a parceria, o diálogo local entre os diferentes segmentos sociais, participando junto a outras entidades de atividades que visem interesses comuns. 

Parabéns ao amigo Renildo Calheiros pela eleição para presidência da subcomissão. 

Vamos em frente!",0,0,9,https://twitter.com/mello_bandeira/status/1654137479086108677
