nome,usuario,idTweet,dataPublicacao,texto,replies,retweets,likes,tweetPai
rosefoltran,@rosefoltran,https://twitter.com/rosefoltran/status/1654260708261998602,2023-05-04T23:04:22.000Z,Dá uma dura nele por ter falado besteira sobre o Dino na questão da multa para o Google,1,0,0,https://twitter.com/padilhando/status/1654259252481994758
Xô Golpistas,@ana_macruz,https://twitter.com/ana_macruz/status/1654267279389913090,2023-05-04T23:30:28.000Z,Não esqueça de levar soro antiofídico,0,1,1,https://twitter.com/padilhando/status/1654259252481994758
Leandro Mad,@leandromadb,https://twitter.com/leandromadb/status/1654259533361840130,2023-05-04T22:59:42.000Z,Ministro dá uma acalmada no Igor porque ele anda muito nervoso 😅,0,0,0,https://twitter.com/padilhando/status/1654259252481994758
Mayara Santos,@MayaraS48478959,https://twitter.com/MayaraS48478959/status/1654294830707531776,2023-05-05T01:19:57.000Z,Leve. O presidente lula também aos podcast vai ser ótimo,0,0,0,https://twitter.com/padilhando/status/1654259252481994758
Paulo R. C. Barros,@paulorcbarros,https://twitter.com/paulorcbarros/status/1654261580018638849,2023-05-04T23:07:50.000Z,"Perdeu, Mané!",0,0,0,https://twitter.com/padilhando/status/1654259252481994758
deu ruim,@poroaberto,https://twitter.com/poroaberto/status/1654265195219283968,2023-05-04T23:22:11.000Z,Boa sorte 🤞🍀,0,0,0,https://twitter.com/padilhando/status/1654259252481994758
bora billll,@fefenaro,https://twitter.com/fefenaro/status/1654489606484525065,2023-05-05T14:13:55.000Z,Sério??kkkk,0,0,0,https://twitter.com/padilhando/status/1654259252481994758
Teresinha,@Teresin41091192,https://twitter.com/Teresin41091192/status/1654477898911285248,2023-05-05T13:27:24.000Z,Vai dançar??Falastrão 🤣,0,0,0,https://twitter.com/padilhando/status/1654259252481994758
@PrMarioAlegria4,@PrMarioAlegria4,https://twitter.com/prmarioalegria4/status/1654279405860995074,2023-05-05T00:18:40.000Z,"FLOPOU!!!

Bem a militância prestigia.",0,0,0,https://twitter.com/padilhando/status/1654259252481994758
FAZUELI (selo azul),@kevinsilva01111,https://twitter.com/kevinsilva01111/status/1654259472792014854,2023-05-04T22:59:27.000Z,boa noite....minha sobrinha  vai ganhar neném  pré maturo de 7 meses e ainda  não  tem absolutamente nada....alguém  poderia doar qualquer valor para nos ajudar a comprar o enxoval? Desde já agradeço e que Deus abençoe: pix 068.051.496-14,0,0,1,https://twitter.com/padilhando/status/1654259252481994758
Luuh Soares,@LuuhSoares1313,https://twitter.com/LuuhSoares1313/status/1654472159719292931,2023-05-05T13:04:36.000Z,"@PSDBoficial @uniaobrasil44 @MDB_Nacional 
Esses PARTIDOS tem MINISTÉRIOS no governo @LulaOficial, mas atua contra o governo no congresso? Tem que rever isso...@padilhando @costa_rui  @gleisi @guimaraes13PT @zeca_dirceu @ptbrasil @JanjaLula @AndreJanonesAdv",0,0,0,https://twitter.com/padilhando/status/1654259252481994758
