nome,usuario,idTweet,dataPublicacao,texto,replies,retweets,likes,tweetPai
Vilson Ferreira,@VilsonAferreira,https://twitter.com/VilsonAferreira/status/1655904447690682369,2023-05-09T11:56:00.000Z,Estão no colo do Lula,0,0,0,https://twitter.com/adailfilhoam/status/1654141788100108289
REINALDO CHAGAS,@REINALDOCHAGA15,https://twitter.com/REINALDOCHAGA15/status/1654633710350929920,2023-05-05T23:46:32.000Z,O senhor poderia dar um único exemplo de onde isso ocorra? Só um...,0,0,0,https://twitter.com/adailfilhoam/status/1654141788100108289
TOPzera,@EssenceGaming2,https://twitter.com/EssenceGaming2/status/1654184805100027905,2023-05-04T18:02:45.000Z,Mas já existe essa lei meu caro deputado.,0,0,0,https://twitter.com/adailfilhoam/status/1654141788100108289
Mirian Galdino,@miriancfg,https://twitter.com/miriancfg/status/1654182506705330180,2023-05-04T17:53:37.000Z,Resta saber se os empresários irão contratar mais mulheres nesses mesmos cargos.,0,0,0,https://twitter.com/adailfilhoam/status/1654141788100108289
Fim do Foro,@alopespedrosa,https://twitter.com/alopespedrosa/status/1654190260744601600,2023-05-04T18:24:26.000Z,"Mais desemprego entre as mulheres, parabéns!",0,0,0,https://twitter.com/adailfilhoam/status/1654141788100108289
John Silva,@johnatanns94,https://twitter.com/johnatanns94/status/1654142573127122948,2023-05-04T15:14:56.000Z,"Em minha experiência eu nunca trabalhei em uma empresa com desigualdade salárial por conta de raça, gênero ou afins, seria interessante termos estudos sérios nesse tocante para elucidar a verdade do fato.",0,0,0,https://twitter.com/adailfilhoam/status/1654141788100108289
Jair Colorado.,@MarciaTetzlaff,https://twitter.com/MarciaTetzlaff/status/1654193988499394567,2023-05-04T18:39:14.000Z,"Mas esta lei já não existe? Porque votar o que já existe, não entendi, poderia explicar???",0,0,0,https://twitter.com/adailfilhoam/status/1654141788100108289
Eva Luna M,@luna_oak7,https://twitter.com/luna_oak7/status/1654974476810067969,2023-05-06T22:20:37.000Z,Mas já existe lei pra isto. Redundância,0,0,0,https://twitter.com/adailfilhoam/status/1654141788100108289
AJ,@AiJota,https://twitter.com/AiJota/status/1654262415549136896,2023-05-04T23:11:09.000Z,#Pl2630nao#Naoacensuradopt#censuranao#naoaoPL2630,0,0,0,https://twitter.com/adailfilhoam/status/1654141788100108289
NANDO R. DE JESUS,@NANDORDEJESUS1,https://twitter.com/NANDORDEJESUS1/status/1654298074842365957,2023-05-05T01:32:51.000Z,"O GOLPE  DE BOZONARO  FOI ESCANCARADO...SEM  MAIS NENHUMA  DUVIDA,,,E  A  CADA MINUTO  UM FATO NOVO.",0,0,0,https://twitter.com/adailfilhoam/status/1654141788100108289
NANDO R. DE JESUS,@NANDORDEJESUS1,https://twitter.com/NANDORDEJESUS1/status/1655036542660886529,2023-05-07T02:27:15.000Z,O PADRE   AVISOU....QUE BOLSONARO  É UM BANDIDO  E LADRÃO VAGABUNDO.,0,0,0,https://twitter.com/adailfilhoam/status/1654141788100108289
NANDO R. DE JESUS,@NANDORDEJESUS1,https://twitter.com/NANDORDEJESUS1/status/1655769256108204032,2023-05-09T02:58:48.000Z,"A PROVA DO GOLPE  DE BOLSONARO,  ESTA PROVADO  E DOCUMENTADO......NÃO TEM MAIS  SAIDA.....É   CADEIA NO BOZO.@UOLNoticiasJuliana Dal Piva: Ex-integrantes do governo Bolsonaro veem áudios de Élcio como gravíssimos",0,0,0,https://twitter.com/adailfilhoam/status/1654141788100108289
