nome,usuario,idTweet,dataPublicacao,texto,replies,retweets,likes,tweetPai
Vivimacedo,@Vivimac89926697,https://twitter.com/Vivimac89926697/status/1654197848508858368,2023-05-04T18:54:35.000Z,Rapaz ! Todos esses milicos envolvidos.,0,0,0,https://twitter.com/BohnGass/status/1654192664349122560
SempreTrabalhando4®,@NiltonBarcello1,https://twitter.com/NiltonBarcello1/status/1654376926469865473,2023-05-05T06:46:10.000Z,Investiguem o PSOL e descobrirão quem mandou matar Marielle.,0,0,0,https://twitter.com/BohnGass/status/1654192664349122560
Kiko Machado,@Tomandonacuia,https://twitter.com/Tomandonacuia/status/1654203454779191297,2023-05-04T19:16:51.000Z,Sabe quando vai ser anunciado o fim do PPI dos combustíveis?,0,0,0,https://twitter.com/BohnGass/status/1654192664349122560
ABI,@ABII32561483,https://twitter.com/ABII32561483/status/1654427173141241856,2023-05-05T10:05:50.000Z,Olha quem mais é do PL,0,0,0,https://twitter.com/BohnGass/status/1654192664349122560
