nome,usuario,idTweet,dataPublicacao,texto,replies,retweets,likes,tweetPai
Marcelo João,@joo19_joao,https://twitter.com/joo19_joao/status/1654247217559904259,2023-05-04T22:10:45.000Z,"Para quem não sabe nos fomos fiadores de Cuba Venezuela e etc.. fundo de aparo dos trabalhadores,e fundos de pensão.",0,0,0,https://twitter.com/BohnGass/status/1654228457449046017
Marcelo João,@joo19_joao,https://twitter.com/joo19_joao/status/1654247555641880576,2023-05-04T22:12:06.000Z,"Fui de esquerda quando tinha 20 anos, jamais vou ser a favor destes irmãos metralhas.",0,0,0,https://twitter.com/BohnGass/status/1654228457449046017
GY_AM,@GI_MAO,https://twitter.com/GI_MAO/status/1654262905246830595,2023-05-04T23:13:05.000Z,"Se 2 milhões é  rachadinha, imagino quanto é o montante do Rachadão.",0,0,0,https://twitter.com/BohnGass/status/1654228457449046017
Sal,@Salviosp1968,https://twitter.com/Salviosp1968/status/1655628634261008415,2023-05-08T17:40:01.000Z,"Bombonzinho me diz o q o Ciciliano tá fazendo nessa equipe do desgoverno, logo ele q figurava na lista como o maior rachadao da alerj????",0,0,0,https://twitter.com/BohnGass/status/1654228457449046017
nina do pt,@ninadopt13,https://twitter.com/ninadopt13/status/1654232051191627784,2023-05-04T21:10:29.000Z,E a lei ???  KD a lei,0,0,0,https://twitter.com/BohnGass/status/1654228457449046017
Luiz Saulo Lückmann,@SauloLuckmann,https://twitter.com/SauloLuckmann/status/1654314584935636992,2023-05-05T02:38:27.000Z,"isso chamam de rachadinha, mas é CORRUPÇÃO.",0,0,0,https://twitter.com/BohnGass/status/1654228457449046017
Bernardo Oliveira,@Cicceroluizz,https://twitter.com/Cicceroluizz/status/1654234684639813638,2023-05-04T21:20:57.000Z,Alguma palavra sobre o Ceciliano e seus 50 milhões na liderança da lista da coaf?,0,0,0,https://twitter.com/BohnGass/status/1654228457449046017
Marcelo João,@joo19_joao,https://twitter.com/joo19_joao/status/1654246745260343299,2023-05-04T22:08:53.000Z,Imagina o chefe de vcs extremista tou aqui pagando até 2030.,0,0,0,https://twitter.com/BohnGass/status/1654228457449046017
Rosilene Ferreira,@Rosilen39541742,https://twitter.com/Rosilen39541742/status/1654238722622124032,2023-05-04T21:37:00.000Z,#BolsonaroNaCadeia #BolsonaroNaCadeia #BolsonaroNaCadeia,0,0,0,https://twitter.com/BohnGass/status/1654228457449046017
