nome,usuario,idTweet,dataPublicacao,texto,replies,retweets,likes,tweetPai
Mauro Silva,@Maurinholasilva,https://twitter.com/Maurinholasilva/status/1654944901761576960,2023-05-06T20:23:06.000Z,"Depois dessa descoberta, periga o nosso país ter um Exército de Zumbis perambulando por aí, enquanto nós pagamos a conta.🖕",1,0,0,https://twitter.com/BohnGass/status/1654807350941822977
Mokai,@m_mokai13,https://twitter.com/m_mokai13/status/1654855042996879360,2023-05-06T14:26:02.000Z,Nas Forças Armadas o crime compensa,0,0,1,https://twitter.com/BohnGass/status/1654807350941822977
Zé Carlos FORA CAMPOS NETO!,@JosCarlosSampa,https://twitter.com/JosCarlosSampa/status/1654854661537517571,2023-05-06T14:24:31.000Z,"Dep @BohnGass, não se trata de fraude. O oficial considerado pelo STM indigno/incompatível com o oficialato perde o posto, a patente e é demitido ex-offício, sem direito à indenização ou remuneração. Pela Lei, neste caso, o ex-militar é dado como morto pra fins de pensão militar.",2,0,1,https://twitter.com/BohnGass/status/1654807350941822977
Деметрю Варгас Гонзалез,@vargas_oficial_,https://twitter.com/vargas_oficial_/status/1654827369222291456,2023-05-06T12:36:04.000Z,"@Haddad_Fernando , tem que fazer um pente fino nestas pensões dos militares e fazer a reforma da previdência dos militares. Vai economizar bilhões de reais e ajudar as contas públicas.",0,0,4,https://twitter.com/BohnGass/status/1654807350941822977
Ralph,@Ralph4497272324,https://twitter.com/Ralph4497272324/status/1654950884743299073,2023-05-06T20:46:53.000Z,QUEM PAGA NÃO É O EXÉRCITO ESTAMENTO DO ESTADO BRASILEIRO E SIM TODOS NÓS O POVO...SANGRIA...,0,0,1,https://twitter.com/BohnGass/status/1654807350941822977
Elza Souza,@Elza_Souza13,https://twitter.com/Elza_Souza13/status/1654952001401126914,2023-05-06T20:51:19.000Z,Que partíamos meu Deus!,0,0,0,https://twitter.com/BohnGass/status/1654807350941822977
Guilherme A de P e Silva,@GuilhermeAdePe1,https://twitter.com/GuilhermeAdePe1/status/1654815935654494208,2023-05-06T11:50:38.000Z,Quantos não estão nessa situação.,0,0,1,https://twitter.com/BohnGass/status/1654807350941822977
Michel B Castilho,@MichelBCastilh1,https://twitter.com/MichelBCastilh1/status/1654839761893244934,2023-05-06T13:25:19.000Z,Pra quantos mortos vivos o Exército Brasileiro paga de pensão para viúvas dos Boz🤡minions. Ou pior ainda e deve ser investigado será que isso não pode ser algo maior. ???????,2,0,1,https://twitter.com/BohnGass/status/1654807350941822977
Junior Sax,@GentilSax2023,https://twitter.com/GentilSax2023/status/1654846013125918723,2023-05-06T13:50:09.000Z,"Não @BohnGass  , não sei se está mal informado ou se está espalhando desinformação proposital , pois e o normal que um militar do exército expulso por desonra , seja considerado ""morto ficto"" para que sua família receba os proventos pelos quais contribuiu com desconto em folha.",1,0,1,https://twitter.com/BohnGass/status/1654807350941822977
ladybug,@ladybugpersiste,https://twitter.com/ladybugpersiste/status/1655014219274674178,2023-05-07T00:58:33.000Z,"Para o exército alguém expulso é alguém morto e por isso paga uma pensão a viúva que foi sem nunca  ter sido a quantia de 22.000,00, que mamata! O negócio é entrar para o exército fazer algo para ser expulso e garantir pensão para o marido ou esposa pelo resto da vida.",0,1,1,https://twitter.com/BohnGass/status/1654807350941822977
Daniel William,@DanielWilliamV2,https://twitter.com/DanielWilliamV2/status/1654903420673835008,2023-05-06T17:38:16.000Z,"É isso mesmo deputado, enquanto  uma grande parte da maioria da população sofre sem atendimento digno, pelo SUS e sem saneamento básico por falta de investimento, essas pessoas não deixam de receber essas remunerações com o nosso dinheiro de contribuição, remunerações injustas .",0,0,0,https://twitter.com/BohnGass/status/1654807350941822977
Regina Br,@ReginaPall,https://twitter.com/ReginaPall/status/1654826559868469248,2023-05-06T12:32:51.000Z,"STF julgou constitucional um dispositivo da Lei Federal 10.486/2002 que permite a pensão para herdeiros de policiais militares do Distrito Federal, mesmo que esses servidores tenham sido expulsos da corporação.",0,0,3,https://twitter.com/BohnGass/status/1654807350941822977
Jane,@janeffoliatti,https://twitter.com/janeffoliatti/status/1654820714879283202,2023-05-06T12:09:38.000Z,A coisa só piora para o mito!,1,0,0,https://twitter.com/BohnGass/status/1654807350941822977
Sandro Múcio,@SandroMucio,https://twitter.com/SandroMucio/status/1654807433636659203,2023-05-06T11:16:51.000Z,Major The Walking Dead,0,0,1,https://twitter.com/BohnGass/status/1654807350941822977
Sérgio Resende,@sergio0407,https://twitter.com/sergio0407/status/1654813115408687105,2023-05-06T11:39:26.000Z,"Não é isso. Esse ""morto ficto"" é um jeito do exército continuar pagando salário mesmo após expulsão. Ou seja, exército apoia isso tudo.

 Veja mais em",1,1,4,https://twitter.com/BohnGass/status/1654807350941822977
Lúcia,@LuciaLeitao2021,https://twitter.com/LuciaLeitao2021/status/1654828881478549507,2023-05-06T12:42:05.000Z,Não é à toa que o orçamento das FFAA é um absurdo.,0,0,0,https://twitter.com/BohnGass/status/1654807350941822977
Sergio Afonso,@AfonsoSerosnofa,https://twitter.com/AfonsoSerosnofa/status/1654811646471143425,2023-05-06T11:33:36.000Z,Onde este major viveu que não foi denunciado,0,0,1,https://twitter.com/BohnGass/status/1654807350941822977
PAULO JOSE PEREIRA,@pjpereira_adm,https://twitter.com/pjpereira_adm/status/1654915567738822658,2023-05-06T18:26:32.000Z,"Esse povo gosta do Varmengo, né? 😁",0,0,0,https://twitter.com/BohnGass/status/1654807350941822977
Cláudio Machado,@cdeliamachado1,https://twitter.com/cdeliamachado1/status/1654819984546181120,2023-05-06T12:06:44.000Z,Inacreditável.,0,0,0,https://twitter.com/BohnGass/status/1654807350941822977
Roberto Lima,@rln1960,https://twitter.com/rln1960/status/1654831713803960325,2023-05-06T12:53:20.000Z,"No apagar das ""luzes"" do desgoverno militar e golpista mais um afago do bolsonarento com as bençãos verde-oliva... 😒",0,0,1,https://twitter.com/BohnGass/status/1654807350941822977
Antonia,@antonia_the,https://twitter.com/antonia_the/status/1655025774284402688,2023-05-07T01:44:28.000Z,Como o exército não sabia desse crime? Estranho,1,0,0,https://twitter.com/BohnGass/status/1654807350941822977
PROFESSOR,@CarlesNogueira,https://twitter.com/CarlesNogueira/status/1655140050634407936,2023-05-07T09:18:33.000Z,"Não é mais novidade a farsa e a fraude, em atos do governo passado.",0,0,0,https://twitter.com/BohnGass/status/1654807350941822977
Glaucia Aragao,@glaucia_aragao,https://twitter.com/glaucia_aragao/status/1654824184319492096,2023-05-06T12:23:25.000Z,"O cara deve até ter ido ao próprio enterro🤔""cidadãos de bem""",0,0,0,https://twitter.com/BohnGass/status/1654807350941822977
Rafael Meinke,@meinke_rafael,https://twitter.com/meinke_rafael/status/1655069576495788032,2023-05-07T04:38:31.000Z,"Bandido bom é bandido ""morto""!",0,0,0,https://twitter.com/BohnGass/status/1654807350941822977
Milton,@MILTONLula,https://twitter.com/MILTONLula/status/1655184418015682561,2023-05-07T12:14:51.000Z,"Já pensou como as pessoas que foram demitidos por justa causa, os familiares recebessem um salário milionário,  só o EXÉRCITO kkkk",0,0,0,https://twitter.com/BohnGass/status/1654807350941822977
Rosana Gracia,@RosanaGracia4,https://twitter.com/RosanaGracia4/status/1654942264051761156,2023-05-06T20:12:37.000Z,"Mulheres de ex Governadores da Bahia petistas, sendo indicadas para cargos vitalícios.  Outra aberração.  Cadê a indignação!!!",0,0,0,https://twitter.com/BohnGass/status/1654807350941822977
Marta Maria Fontana,@MartaMariaFonta,https://twitter.com/MartaMariaFonta/status/1654853843073613826,2023-05-06T14:21:16.000Z,Se está na lei ñ é fraude🤷‍♀️,0,0,0,https://twitter.com/BohnGass/status/1654807350941822977
"momento.zero. Fake, não. Discreto.",@zero_momento,https://twitter.com/zero_momento/status/1654995962064936964,2023-05-06T23:46:00.000Z,"Como o elemento foi expulso do exército, ele não tem  direito a receber a aposentadoria, q no exército tem outro nome.
Houve fraude com a conivência do Glorioso e dos seus generais.",0,0,0,https://twitter.com/BohnGass/status/1654807350941822977
Rubens Braga,@Braga2Rubens,https://twitter.com/Braga2Rubens/status/1654989207650152449,2023-05-06T23:19:09.000Z,"Deputado o Sr. passará vergonha, informe se melhor... é uma lei absurda, mas não se trata de fraude..a esquerda precisa ser esclarecida para ser mais forte",0,0,0,https://twitter.com/BohnGass/status/1654807350941822977
Coelho2023,@CoelhoSmo123,https://twitter.com/CoelhoSmo123/status/1654842160938725377,2023-05-06T13:34:51.000Z,"Deputado, o projeto de lei de aumento é ""reforma da previdência militar"" passou pelas suas mãos em 2019.
O sr não leu isso? Está na lei. E o pior, ainda mostra desconhecimento!! Agora, o PT vai ter coragem pra mudar isso?
Ah, aproveita o fds e vai ler a Lei, tem muita mamata lá",0,0,0,https://twitter.com/BohnGass/status/1654807350941822977
CARLOS MAGNO,@cmagno_if,https://twitter.com/cmagno_if/status/1654839283411288065,2023-05-06T13:23:25.000Z,Uma vergonha!,0,0,0,https://twitter.com/BohnGass/status/1654807350941822977
PS_SR,@Schmidt_paulo,https://twitter.com/Schmidt_paulo/status/1654867075951742977,2023-05-06T15:13:51.000Z,"Está na Lei. Lei corporativista. Mas é lei. O militar é punido e ficticiamente considerado morto para a família não ser prejudicada.
Os que defendem o corporativismo militar, exaltando Deus, Pátria e Família só o fazem para o próprio umbigo.",0,0,0,https://twitter.com/BohnGass/status/1654807350941822977
JT,@JorgeTe89681037,https://twitter.com/JorgeTe89681037/status/1654903706062651392,2023-05-06T17:39:24.000Z,Vá se informar,0,0,0,https://twitter.com/BohnGass/status/1654807350941822977
Ubaldo Duenhas,@UDuenhas,https://twitter.com/UDuenhas/status/1654819728882384896,2023-05-06T12:05:43.000Z,"Não aceito que eu pague impostos, principalmente de renda, para sustentar essa imoralidade,",0,0,2,https://twitter.com/BohnGass/status/1654807350941822977
Rodolfo de Souza,@Rodolfo15set,https://twitter.com/Rodolfo15set/status/1654839178188800002,2023-05-06T13:23:00.000Z,Certamente. Veja só a época: 09/22.,0,0,0,https://twitter.com/BohnGass/status/1654807350941822977
Bolsa picanha já,@silva_lfarias,https://twitter.com/silva_lfarias/status/1654884225923858443,2023-05-06T16:22:00.000Z,Então deram ordem de prisão a um morto? Kkkk,0,0,0,https://twitter.com/BohnGass/status/1654807350941822977
Marcondes Gomes,@marcondesgo,https://twitter.com/marcondesgo/status/1654853570804477954,2023-05-06T14:20:11.000Z,Isso e uma esculhambação com o povo brasileiro que paga os salários desses que tentam contra a democracia.,0,0,0,https://twitter.com/BohnGass/status/1654807350941822977
Franci Brito,@Francibrito16,https://twitter.com/Francibrito16/status/1654955733518020615,2023-05-06T21:06:09.000Z,"E faia, essa gente?",0,0,0,https://twitter.com/BohnGass/status/1654807350941822977
leofortalce,@leofortalce,https://twitter.com/leofortalce/status/1654888707890069505,2023-05-06T16:39:48.000Z,"So o inicio do furacão

Tem que rever e reformar as forças armadas.",0,0,0,https://twitter.com/BohnGass/status/1654807350941822977
Paula Reis de Rezende,@paulinha_rreis,https://twitter.com/paulinha_rreis/status/1654808891786514437,2023-05-06T11:22:39.000Z,Colete à prova de bala ou bolsa de colostomia?,0,0,0,https://twitter.com/BohnGass/status/1654807350941822977
Miles Fitzgerald,@jazzbluessoulbn,https://twitter.com/jazzbluessoulbn/status/1654916201527627777,2023-05-06T18:29:03.000Z,Não falha um!,0,0,0,https://twitter.com/BohnGass/status/1654807350941822977
Madame Pereira,@meirexalles,https://twitter.com/meirexalles/status/1654951624660451331,2023-05-06T20:49:49.000Z,Milagre da ressurreição... Glória,0,0,1,https://twitter.com/BohnGass/status/1654807350941822977
Rodnei Jorge,@rodneijorge,https://twitter.com/rodneijorge/status/1655145421256155136,2023-05-07T09:39:54.000Z,Uma aberração! Certamente não é o único caso.,0,0,1,https://twitter.com/BohnGass/status/1654807350941822977
Gabriel Gatti,@Gattiaosta1,https://twitter.com/Gattiaosta1/status/1655526766067298304,2023-05-08T10:55:13.000Z,Esse cadáver fede a corrupção.,0,0,0,https://twitter.com/BohnGass/status/1654807350941822977
Gilberto Cardoso,@Gilbert15328927,https://twitter.com/Gilbert15328927/status/1655509271801470979,2023-05-08T09:45:42.000Z,Bolsonarismo o exército brasileiro tem zumbi. Os mortos vivos.,0,0,0,https://twitter.com/BohnGass/status/1654807350941822977
João,@jn__marcos,https://twitter.com/jn__marcos/status/1655032146531155969,2023-05-07T02:09:47.000Z,🤥🤥🤥,0,1,0,https://twitter.com/BohnGass/status/1654807350941822977
Marco,@MarcoDDu,https://twitter.com/MarcoDDu/status/1654855295619694594,2023-05-06T14:27:02.000Z,"@exercitooficial se afundando cada vez mais.

Não passam de sanguessugas,  tal qual 99% dos políticos.",0,0,0,https://twitter.com/BohnGass/status/1654807350941822977
Rosana Gracia,@RosanaGracia4,https://twitter.com/RosanaGracia4/status/1654941622616879106,2023-05-06T20:10:04.000Z,"E Lula e Esbanja gastando 95 mil de diária numa suíte em Londres. Isso vcs não falam. Móveis caríssimos para o Palacio do Planalto.  Esse é o verdadeiro ""Pai dis Pobressss"" Hipócritass",0,0,0,https://twitter.com/BohnGass/status/1654807350941822977
Naruroot's,@MotorsVaclav,https://twitter.com/MotorsVaclav/status/1654877557341188098,2023-05-06T15:55:30.000Z,Mamateiros!!,0,0,0,https://twitter.com/BohnGass/status/1654807350941822977
Erinaldo Marques,@Erixeu,https://twitter.com/Erixeu/status/1655200548038082560,2023-05-07T13:18:57.000Z,Forças mamatas brasileiras,0,0,0,https://twitter.com/BohnGass/status/1654807350941822977
Emilia Lombarde,@lombarde_emilia,https://twitter.com/lombarde_emilia/status/1654838710037364738,2023-05-06T13:21:08.000Z,Rachadinha?,0,0,1,https://twitter.com/BohnGass/status/1654807350941822977
DfZ,@InterDFz,https://twitter.com/InterDFz/status/1654841089063256065,2023-05-06T13:30:35.000Z,"VAMOS prender estes safados. Vamos lá Justiça Brasileira.  Já tem provas, só falta agir.",0,0,0,https://twitter.com/BohnGass/status/1654807350941822977
Luciana felicio Pereira,@Luciana71591059,https://twitter.com/Luciana71591059/status/1654978318213496833,2023-05-06T22:35:53.000Z,Exército cheio de canalhas!!!,0,0,0,https://twitter.com/BohnGass/status/1654807350941822977
Carlos Fernandes,@CarlosF31848958,https://twitter.com/CarlosF31848958/status/1654845789523390464,2023-05-06T13:49:16.000Z,Bem coisa de Bolsonarismo tudo trambiqueiro e vagabundo. Que gentalha .,0,0,0,https://twitter.com/BohnGass/status/1654807350941822977
zilda #foralula,@zildasiqueiram2,https://twitter.com/zildasiqueiram2/status/1654916013530533890,2023-05-06T18:28:19.000Z,Para de mentir,1,0,0,https://twitter.com/BohnGass/status/1654807350941822977
Antonia,@antonia_the,https://twitter.com/antonia_the/status/1655025938323628032,2023-05-07T01:45:07.000Z,Fazer essa mulher devolver todo dinheiro que roubou,0,0,0,https://twitter.com/BohnGass/status/1654807350941822977
O Brasil Voltou,@SandraSanMag,https://twitter.com/SandraSanMag/status/1654825924032970753,2023-05-06T12:30:20.000Z,"Hora de passar o pente fino, com certeza existem outros na mesma MAMATA.
Hora também de acabar com as MAMATAS das filhas de integrantes das FFAA. Basta!
Cupins do orçamento público.",0,0,0,https://twitter.com/BohnGass/status/1654807350941822977
Walter Lacerda,@BleyLacerda,https://twitter.com/BleyLacerda/status/1654834187545739267,2023-05-06T13:03:10.000Z,"FFAA de merda, vergonha nacional!",0,0,0,https://twitter.com/BohnGass/status/1654807350941822977
Valeria Broenn,@vbroenn,https://twitter.com/vbroenn/status/1654851981712715777,2023-05-06T14:13:52.000Z,uma aberração,0,0,0,https://twitter.com/BohnGass/status/1654807350941822977
Ana | Anti-Partido Militar,@anaclaporto,https://twitter.com/anaclaporto/status/1654810598432030720,2023-05-06T11:29:26.000Z,"🆘🤖Cid ajudante do 🤡🤡 “Ajudante” dos generais ⭐️ Pq não tem nenhum general preso ?!🪖Cúpulas hierárquicas incentivaram, acolheram, validaram, manobraram os patriotarios⭐️ Generais são os donos do país ?🆘 1964 nunca acabou !",0,0,0,https://twitter.com/BohnGass/status/1654807350941822977
