nome,usuario,idTweet,dataPublicacao,texto,replies,retweets,likes,tweetPai
Fiscal de Direita #CPIdoAbusoJá,@FiscalDireita,https://twitter.com/FiscalDireita/status/1654322741720301574,2023-05-05T03:10:52.000Z,"Isso é muito pouco, deputado. Deveria ser alterado o modelo de indicação para ministros. Não podemos admitir pessoas incompetentes, incapazes e ignorantes jurídicas na Suprema Corte. Também é viável alterar constitucionalmente as competências do STF.",0,0,5,https://twitter.com/Alfredogaspar_/status/1654322250219175939
Fernanda Nicolodi Rego,@FFRegoNicolodi,https://twitter.com/FFRegoNicolodi/status/1654412826142728192,2023-05-05T09:08:49.000Z,"Pouco, muito pouco diante do escárnio que estamos presenciando. Não é possível que nem diante de algo tão esdrúxulo vcs nada farão. Tomem a frente dessa zona!! Reajam e verão q o POVO estará com vcs. Pra isso q os elegemos. 
Isso precisa acabar!!",0,0,1,https://twitter.com/Alfredogaspar_/status/1654322250219175939
Emerson Silva,@EmsFSilva,https://twitter.com/EmsFSilva/status/1654684403920953346,2023-05-06T03:07:59.000Z,"Se esse bando de acovardados tiverem coragem (eu acho muito difícil) os Mandatos só valerão para os que entrarem. Sem falar que eles (togados) APENAS com uma canetada acaba com tudo.

Ninguém sabe realmente qual é a saída para o BR. O único cara que tinha coragem foi retirado.",0,0,0,https://twitter.com/Alfredogaspar_/status/1654322250219175939
Gleyton Souza,@ogleyton,https://twitter.com/ogleyton/status/1654349045849022464,2023-05-05T04:55:23.000Z,"Além de delimitar mandados, a escolha ser por meio de prova de conhecimentos. Chega de colocar incapacitados que sequer consegue passar em um concurso para juiz federal.",0,0,4,https://twitter.com/Alfredogaspar_/status/1654322250219175939
Nery,@Neryplusbe,https://twitter.com/Neryplusbe/status/1654412807343939584,2023-05-05T09:08:45.000Z,Gente estão desfazendo o congresso praticamente e a solução é essa?,0,0,0,https://twitter.com/Alfredogaspar_/status/1654322250219175939
Washington Souza,@Washing65371139,https://twitter.com/Washing65371139/status/1654512809449775104,2023-05-05T15:46:07.000Z,#PLdaCensuraNao,0,0,0,https://twitter.com/Alfredogaspar_/status/1654322250219175939
Washington Souza,@Washing65371139,https://twitter.com/Washing65371139/status/1654512880392314880,2023-05-05T15:46:24.000Z,#PLdaCensuraNão,0,0,0,https://twitter.com/Alfredogaspar_/status/1654322250219175939
Giza Buso,@gizabuso,https://twitter.com/gizabuso/status/1654604931955826689,2023-05-05T21:52:11.000Z,"Mandatos, nova sabatina no senado,  competências e exames médicos.",0,0,0,https://twitter.com/Alfredogaspar_/status/1654322250219175939
Motoqueiro Fantasma Da Direita!,@fastasna,https://twitter.com/fastasna/status/1654323143698153473,2023-05-05T03:12:27.000Z,👏👏👏👏,0,0,1,https://twitter.com/Alfredogaspar_/status/1654322250219175939
Leo Rodrigues,@LeoRodr75562330,https://twitter.com/LeoRodr75562330/status/1654457074883911681,2023-05-05T12:04:39.000Z,Duvido o Lira pautar isso.,0,0,0,https://twitter.com/Alfredogaspar_/status/1654322250219175939
David Salomon,@DavidSa69339117,https://twitter.com/DavidSa69339117/status/1657219931128168448,2023-05-13T03:03:15.000Z,O Brasil 🇧🇷 precisa urgentemente acabar com mandato vitalício para juízes do @STF_oficial ! Quem esses caras pensam que são? Alguma espécie de deuses? Só fazendo merd* soltando bandidos e prendendo inocentes! Vocês Deputados e Senadores precisam por aquele RATO 🐭 NO LUGAR DELE!,0,0,0,https://twitter.com/Alfredogaspar_/status/1654322250219175939
