nome,usuario,idTweet,dataPublicacao,texto,replies,retweets,likes,tweetPai
katitamusical,@katitamusical,https://twitter.com/katitamusical/status/1655751159821262849,2023-05-09T01:46:53.000Z,"Ficarão em silêncio, vale apostar?",0,0,0,https://twitter.com/BohnGass/status/1655746985310265344
Rodolfo de Souza,@Rodolfo15set,https://twitter.com/Rodolfo15set/status/1655757416502370305,2023-05-09T02:11:45.000Z,"Mas deputado, estão empurrando com a barriga a instalação da CPI.",0,0,1,https://twitter.com/BohnGass/status/1655746985310265344
ALBUQUERQUE,@BaraoXXI,https://twitter.com/BaraoXXI/status/1655771730277703680,2023-05-09T03:08:37.000Z,"Chefe é teu pai, fdp!",0,0,0,https://twitter.com/BohnGass/status/1655746985310265344
Piisrael,@putzolu7,https://twitter.com/putzolu7/status/1655863610285883393,2023-05-09T09:13:43.000Z,A CPMI deve prender de cara Dino e G Dias por omissão... Esse será só o começo da queda dessa quadrilha q tomou o poder (segundo Zé Dirceu),0,0,0,https://twitter.com/BohnGass/status/1655746985310265344
Cleide Ciriacos,@PortellaChe12,https://twitter.com/PortellaChe12/status/1655753042585608192,2023-05-09T01:54:22.000Z,"Esta corja tem que ir para cadeia, principalmente o líder GENOCIDA Bolsonaro!!",0,0,0,https://twitter.com/BohnGass/status/1655746985310265344
CAPires,@cawpires,https://twitter.com/cawpires/status/1655930918010523648,2023-05-09T13:41:11.000Z,"Ainda bem que foi o LULA na coroação do Rei Charles. Fosse o Bozo, era capaz da coroa acabar na fazenda do Nelson.
(Guga Noblat)",0,0,0,https://twitter.com/BohnGass/status/1655746985310265344
Paola,@paolarr38,https://twitter.com/paolarr38/status/1655747149223677954,2023-05-09T01:30:57.000Z,"Desculpem o incomodo ⚠️ abrigo precisa de ajuda, até agora nem um centavo pra ração da semana, aluguel atrasado, estrutura precária quem puder por favor nos  ajudar com qualquer valor agradeço imensamente
Gratidão 
Pix 41996768866",0,0,0,https://twitter.com/BohnGass/status/1655746985310265344
