nome,usuario,idTweet,dataPublicacao,texto,replies,retweets,likes,tweetPai
Ander Bia,@anderbiamori,https://twitter.com/anderbiamori/status/1655324986452606976,2023-05-07T21:33:25.000Z,Enquanto isso o maior chefe de quadrilha  solto..ex detento!?estou com vergonha de ser gaúcha,2,0,7,https://twitter.com/BohnGass/status/1655317458268348416
@Moises,@Moises,https://twitter.com/Moisessilva2022/status/1655319828402503680,2023-05-07T21:12:56.000Z,"Muito fácil culpa inocente num  período que o comunismo que vc apoia prevalece, vamos lutar contra essa coja",3,0,2,https://twitter.com/BohnGass/status/1655317458268348416
Neofilodaesquerda,@eunaovoupararde,https://twitter.com/eunaovoupararde/status/1655518241152724996,2023-05-08T10:21:21.000Z,Todo castigo pra golpista é pouco,0,0,0,https://twitter.com/BohnGass/status/1655317458268348416
OdeteChaves,@obchaves13,https://twitter.com/obchaves13/status/1655348686686175232,2023-05-07T23:07:36.000Z,#SemAnistiaPraGolpistas,0,0,0,https://twitter.com/BohnGass/status/1655317458268348416
tmissiba,@tmissibap,https://twitter.com/tmissibap/status/1655326599917494275,2023-05-07T21:39:50.000Z,#nenhumgolpistaimpune,0,0,0,https://twitter.com/BohnGass/status/1655317458268348416
Pedro -,@Pedro78966488,https://twitter.com/Pedro78966488/status/1655374666045743105,2023-05-08T00:50:50.000Z,"Agora falta GD, dino e Lula",0,0,0,https://twitter.com/BohnGass/status/1655317458268348416
Carminhaboninsenha,@Carminhabonins1,https://twitter.com/Carminhabonins1/status/1655350485036027904,2023-05-07T23:14:45.000Z,Já foi PROVADO que o cartão de vacina foi FALSIFICADO … corrigi sua postagem FAKE …:,0,0,1,https://twitter.com/BohnGass/status/1655317458268348416
#STFvergonhanacional,@GuiValente_tmj,https://twitter.com/GuiValente_tmj/status/1655319621698715653,2023-05-07T21:12:06.000Z,Seu presidente de estimação,0,0,3,https://twitter.com/BohnGass/status/1655317458268348416
Liberdade para todos,@lua39656844,https://twitter.com/lua39656844/status/1655357178507608065,2023-05-07T23:41:21.000Z,Quando o ministro  dino que também e conivente vai ser preso ???,0,0,0,https://twitter.com/BohnGass/status/1655317458268348416
AniTcha Camargo,@anitchacamargo,https://twitter.com/anitchacamargo/status/1655513381628002304,2023-05-08T10:02:02.000Z,Incrível como alguns processos esperam uma eternidade  e outros são da noite para o dia. Esse País parece ser dividido em “ castas”. 🤡🎪🤡,0,0,0,https://twitter.com/BohnGass/status/1655317458268348416
Alceu Ferreira,@alceucf,https://twitter.com/alceucf/status/1655329960649805825,2023-05-07T21:53:11.000Z,Que se lasquem!,0,0,0,https://twitter.com/BohnGass/status/1655317458268348416
Jordana Portilho gama,@gama_portilho,https://twitter.com/gama_portilho/status/1655347996685479940,2023-05-07T23:04:51.000Z,"Se eles tivessem roubado a nação a possibilidade de estarem no três poderes seria gigante , ou se chefiasse alguma organização criminosa.",0,0,1,https://twitter.com/BohnGass/status/1655317458268348416
fabio kesseler,@fabio_kesseler,https://twitter.com/fabio_kesseler/status/1655554550697213953,2023-05-08T12:45:38.000Z,Não te lembra Cuba? Mera semelhança né?,0,0,0,https://twitter.com/BohnGass/status/1655317458268348416
Paulo America,@PauloAmerica4,https://twitter.com/PauloAmerica4/status/1655338691991072771,2023-05-07T22:27:53.000Z,...VELHACO o q tu está fazendo p q não haja #nenhumgolpistaimpune ? ASSINOU A CPMI do dia 8/01??,0,0,0,https://twitter.com/BohnGass/status/1655317458268348416
PoA,@poarsmara,https://twitter.com/poarsmara/status/1655352712685404162,2023-05-07T23:23:36.000Z,"Esperando os mandantes, financiadores e atuantes da esquerda serem presos…",0,0,0,https://twitter.com/BohnGass/status/1655317458268348416
Cleber,@c_guirelli,https://twitter.com/c_guirelli/status/1655380912815632386,2023-05-08T01:15:39.000Z,"550 brasileiros já  viraram réus por  8/1. Primeiro, foram 100, depois +200. Agora, o STF finge julgar julgar + 250 casos e, obviamente, fculpou todos. A violação do devido processo legal é gravíssimo mas a imprensa e a esquerda apoiam.",0,0,0,https://twitter.com/BohnGass/status/1655317458268348416
Ana | Anti-Partido Militar,@anaclaporto,https://twitter.com/anaclaporto/status/1655338207188320262,2023-05-07T22:25:57.000Z,E os chefes da quadrilha ?!,0,0,2,https://twitter.com/BohnGass/status/1655317458268348416
Yvonne & Yanni,@Yannetes,https://twitter.com/Yannetes/status/1655344946130321411,2023-05-07T22:52:44.000Z,Inconstitucional!  Tu sabe bem! Cadê a Lei? Julgamento! Processo? Ahhh vá arrumar um argumento real,1,0,4,https://twitter.com/BohnGass/status/1655317458268348416
Janaína Santos,@JanaSantosjaism,https://twitter.com/JanaSantosjaism/status/1655321364243394561,2023-05-07T21:19:02.000Z,#TerroristasBolsonaristasNaCadeia,0,0,0,https://twitter.com/BohnGass/status/1655317458268348416
