nome,usuario,idTweet,dataPublicacao,texto,replies,retweets,likes,tweetPai
Adriana Ventura,@adriventurasp,https://twitter.com/adriventurasp/status/1655639423768199170,2023-05-08T18:22:53.000Z,"Outro ponto que também deve ser considerado, é que o mecanismo de busca tende a coletar conteúdos relacionados com o histórico de pesquisas anteriores - apresentando um resultado personalizado para cada usuário em questão.",1,13,88,https://twitter.com/adriventurasp/status/1655639421956284440
Adriana Ventura,@adriventurasp,https://twitter.com/adriventurasp/status/1655639425559273472,2023-05-08T18:22:54.000Z,"Além disso, ao buscarem por ""Lula coroação"", referindo-se aos últimos acontecimentos, faz sentido que palavras semelhantes possam ser sugeridas. 

Não há o que questionar! Estão tentando nos podar de todos os lados. Precisamos resistir à isso!",1,12,93,https://twitter.com/adriventurasp/status/1655639421956284440
Nelson Zornitta #StopPutin,@NelsonZornitta,https://twitter.com/NelsonZornitta/status/1655649067135819780,2023-05-08T19:01:12.000Z,"Ignora nada, sabe muito bem como funciona, se faz de mané. 
Busca por ""Lula corrupção"" retorna 9.720.000 de resultados (nove milhões, setecentos e vinte mil documentos ou menções ao passado do ex-presidiário).
É + do q natural que associação sugerida seja baseada neste montante.",0,3,8,https://twitter.com/adriventurasp/status/1655639421956284440
Marcelo Duarte,@MarceloSaDuarte,https://twitter.com/MarceloSaDuarte/status/1655736535390584833,2023-05-09T00:48:46.000Z,"Como você sabe disso?

O  Google também coloca resultadoa no topo das respostas se você pagar por isso, e só adiciona um aviso ""patrocinado"", mas pode tranquilamente omitir o aviso.",0,0,1,https://twitter.com/adriventurasp/status/1655639421956284440
Mordomia_SC,@MORDOMIA_SC,https://twitter.com/MORDOMIA_SC/status/1655661776678051840,2023-05-08T19:51:42.000Z,"REALMENTE coroação, é super parecido com corrupção. só rindo mesmo.",1,0,2,https://twitter.com/adriventurasp/status/1655639421956284440
Cesar Barros,@CesarBarros_Ofc,https://twitter.com/CesarBarros_Ofc/status/1655678079203786756,2023-05-08T20:56:29.000Z,"É exatamente a eficiência ótima do algoritmo q faz com q as palavras ""Lula"" e ""corrupção"" sejam associadas de forma estatisticamente inequívoca. A ""culpa"" ñ é do algoritmo e, sim, do banco de dados com inúmeras reportagens sobre corrupção das grandes mídias jornalísticas do país.",0,2,9,https://twitter.com/adriventurasp/status/1655639421956284440
Adriano Montich,@AdriMontich,https://twitter.com/AdriMontich/status/1656027252541251585,2023-05-09T20:03:59.000Z,#ForaLuladrao,0,0,0,https://twitter.com/adriventurasp/status/1655639421956284440
HHS,@HHS070170,https://twitter.com/HHS070170/status/1655692378647195649,2023-05-08T21:53:19.000Z,#BrasilContraAsFakeNewsPL2630 JÁ,0,0,0,https://twitter.com/adriventurasp/status/1655639421956284440
Renata Martins,@R2909Martins,https://twitter.com/R2909Martins/status/1655654043442618381,2023-05-08T19:20:59.000Z,"Deputada, 

Assine o requerimento de urgência do PDL 81/2023.

Não deixe criminosos perigosíssimos serem soltos!

Obrigada!",1,0,8,https://twitter.com/adriventurasp/status/1655639421956284440
Empresas Patriotas,@EmpresasBRA,https://twitter.com/EmpresasBRA/status/1655731325129687040,2023-05-09T00:28:04.000Z,#lulacorrupção #lulacorruPTo,0,0,1,https://twitter.com/adriventurasp/status/1655639421956284440
Bruno@santos,Bruno@santos,https://twitter.com/KiritoAincrand/status/1655666291342974991,2023-05-08T20:09:39.000Z,Golpistas da Internet covardes,0,0,0,https://twitter.com/adriventurasp/status/1655639421956284440
Amigos Da Lava Jato,@AmigosJato,https://twitter.com/AmigosJato/status/1655819246197174273,2023-05-09T06:17:26.000Z,"Mas #lulacontinuacondenado 
Que nojo! E o passado de Corrupção dele e do PT nunca sera apagado!@LulaOficial @ptbrasil @gleisi @Metropoles @o_antagonista @jornaldacbn @EstadaoPolitica",0,0,0,https://twitter.com/adriventurasp/status/1655639421956284440
