nome,usuario,idTweet,dataPublicacao,texto,replies,retweets,likes,tweetPai
Coronel Rocha ∴,@coronelrochase,https://twitter.com/coronelrochase/status/1655278693671944195,2023-05-07T18:29:28.000Z,🤣🤣🤣🤣🤣,0,0,1,https://twitter.com/BohnGass/status/1655223232725745664
Diego Muguet,@diegomuguetrj,https://twitter.com/diegomuguetrj/status/1655318153293864963,2023-05-07T21:06:16.000Z,"Não foi o Bolsonaro que fez o mensalão, Petrolão, desvio de fundos de pensão, roubo em todas as estatais e ministérios, desvios na Copa e Olimpíadas, compra de parlamentares, promessa de picanha, 11 containers de presentes roubados. Assuma sua culpa e não crie narrativa falsa.",27,136,1.123,https://twitter.com/BohnGass/status/1655223232725745664
𝐢𝐠𝐮𝐞𝐥 𓃠,@Miguel_100001,https://twitter.com/Miguel_100001/status/1655299883610390531,2023-05-07T19:53:40.000Z,Então assumam as vossas culpas...,0,0,29,https://twitter.com/BohnGass/status/1655223232725745664
José Medeiros,@JoseMedeirosMT,https://twitter.com/JoseMedeirosMT/status/1655264286137098244,2023-05-07T17:32:13.000Z,Então vamos as suas culpas.. ops!!! Não cabem aqui.,6,7,189,https://twitter.com/BohnGass/status/1655223232725745664
Carolina,@LinaHQ,https://twitter.com/LinaHQ/status/1655545541558771713,2023-05-08T12:09:50.000Z,"Cite aqui um esquema de corrupção envolvendo o PT e de quanto foi aproximadamente o prejuízo,
Eu começo:
- Waldomiro Diniz 
Subchefe de Assuntos Parlamentares da Presidência da República durante governo Lula, condenado a 12 anos por corrupção e fraude por esquema de propina a… Mostrar mais",2,1,21,https://twitter.com/BohnGass/status/1655223232725745664
Tasso Torres,@twitttorres,https://twitter.com/twitttorres/status/1655259785455968257,2023-05-07T17:14:20.000Z,"O PT não tentou se apossar... ele se apossou!!!
A internet é foda!!!@andrefernm @marcelvanhattem @mfriasoficial @nikolas_dm @carlosjordy @SargentoFAHUR @depheliolopes @mspbra",1,17,54,https://twitter.com/BohnGass/status/1655223232725745664
Chico Camargo,@chicocraze,https://twitter.com/chicocraze/status/1655229475162841090,2023-05-07T15:13:54.000Z,"Sem moleza para o Bolsonaro. No diac31/12/2022 às 20 horas, Bolsonaro renunciou ao cargo de Presidente e seu vice Assumiu em rede de TV. Se ele abandou o cargo  então ele renunciou, por isso precisou de um cartão de vacinação falso. Ele usou avião da FB que tb foi uso ilegal.",19,1,4,https://twitter.com/BohnGass/status/1655223232725745664
KMR DF,@majorgabdf,https://twitter.com/majorgabdf/status/1655548155058872320,2023-05-08T12:20:13.000Z,Foram todos esses partidos e mais alguns que assaltaram o país durante 13 anos.,2,4,29,https://twitter.com/BohnGass/status/1655223232725745664
Paulo Eduardo Flores,@PauloEduardofl3,https://twitter.com/PauloEduardofl3/status/1655276304760033280,2023-05-07T18:19:59.000Z,"Por sua foto de perfil depreendo que você já tem idade suficiente para assumir uma postura honesta, madura e parar com mentiras juvenis para tentar impressionar. E pela titulação, ter mais responsabilidade sobre o que escreve e fala, para não passar atestado de idiota, como o faz",4,5,56,https://twitter.com/BohnGass/status/1655223232725745664
wagner,@crisostomo_t,https://twitter.com/crisostomo_t/status/1655324651755646978,2023-05-07T21:32:06.000Z,Até pq quando quis fez né ?,0,0,0,https://twitter.com/BohnGass/status/1655223232725745664
Careca Patriota,@CarecaPatriota,https://twitter.com/CarecaPatriota/status/1655291624958619648,2023-05-07T19:20:51.000Z,Sei....🤡🤡🤡🤡,2,15,87,https://twitter.com/BohnGass/status/1655223232725745664
PrincessFrigg,@Deusafrigg,https://twitter.com/Deusafrigg/status/1655329298222395392,2023-05-07T21:50:33.000Z,Joias!,1,1,2,https://twitter.com/BohnGass/status/1655223232725745664
Marcia Jesus,@MarciaJ41503422,https://twitter.com/MarciaJ41503422/status/1655257670603923459,2023-05-07T17:05:56.000Z,Né rsrsrsrs só 11 containers!!!,4,11,38,https://twitter.com/BohnGass/status/1655223232725745664
Falo o que ninguem quer falar!,@marinhojbp,https://twitter.com/marinhojbp/status/1655271941274587140,2023-05-07T18:02:38.000Z,"Nao foi o Bolsonaro que quebrou a Petrobras, nao foi o Bolsonara que é pai do mensalao, nao é o Bolsonaro pai do Petrolao, nao é o Bolsonaro que quebrou os Correios, eletrobras…
Nao é o Bolsonaro que foi condenado as mais de 12 anos de prisao em 3 instancias…",1,1,3,https://twitter.com/BohnGass/status/1655223232725745664
RagnarLodbrok,@EltonScalcon,https://twitter.com/EltonScalcon/status/1655274986326618112,2023-05-07T18:14:44.000Z,"Foi o PT que quebrou a Petrobras, foi o PT que criou o mensalão, foi um petista que ficou preso em Curitiba após ser condenado em 3 instâncias,  etc, etc, etc",0,1,7,https://twitter.com/BohnGass/status/1655223232725745664
Carlos123,@Facomaco,https://twitter.com/Facomaco/status/1655280431879671812,2023-05-07T18:36:23.000Z,Q conversinha furada....,0,0,1,https://twitter.com/BohnGass/status/1655223232725745664
Renata,@Renata37143328,https://twitter.com/Renata37143328/status/1655289958679166976,2023-05-07T19:14:14.000Z,"O PT se apossou ilegalmente do dinheiro do Brasil, apoiadores falsificaram assinatura de uma parlamentar para abrir CPI, o STF que ameaça e persegue quem é de Direita, e foi sim a Esquerda que causou motim no 08/01 para q pessoas  pacíficas fossem presas",0,2,16,https://twitter.com/BohnGass/status/1655223232725745664
Marcia Santtos,@MarciaSanttos12,https://twitter.com/MarciaSanttos12/status/1655292109107212292,2023-05-07T19:22:47.000Z,"Mas explica aí ,à fala do lule ao dizer ,que precisou de 11 Containers. Çê tá por fora ou se faz de bonito ,pra sair bem na foto.REPITO:ELE FALOU SIM! NÅO FOI RECENTE ,MAS FALOU.",0,2,4,https://twitter.com/BohnGass/status/1655223232725745664
IVS,@isaac_vies,https://twitter.com/isaac_vies/status/1655344122000015361,2023-05-07T22:49:28.000Z,Qual foi o único presidente da nossa história a ficar 580 dias Recluso?,0,0,0,https://twitter.com/BohnGass/status/1655223232725745664
MM,@XM214PeaceMaker,https://twitter.com/XM214PeaceMaker/status/1655344158876266497,2023-05-07T22:49:36.000Z,Cria uma narrativa para ver se a Gestapo pega algo criminoso que Bolsonaro está envolvido mas como sempre o bandido de nove dedos é quem fez a maioria da narrativa. Lula já devolveu o que roubou da presidência? Qual petista não escreveu ou fez vídeo xingando o $TF?,1,0,0,https://twitter.com/BohnGass/status/1655223232725745664
Cleber,@c_guirelli,https://twitter.com/c_guirelli/status/1655346193000431617,2023-05-07T22:57:41.000Z,"""Quando um comunista acusa seus inimigos de algum crime, investigue e acabará descobrindo, em noventa e nove por cento dos casos, que quem cometeu o crime foi ele mesmo.""😉",0,2,10,https://twitter.com/BohnGass/status/1655223232725745664
Carlos Alexandre barbosa,@Engcivilbarbos,https://twitter.com/Engcivilbarbos/status/1655384061290921988,2023-05-08T01:28:10.000Z,"Mas foi o PT que roubou sua dignidade, decência, sua capacidade de ser humano, seu carácter e honestidade, etc. O trouxe para o lado sombrio do PT .",0,0,2,https://twitter.com/BohnGass/status/1655223232725745664
Antagoniza,@Antagoniza11,https://twitter.com/Antagoniza11/status/1655386175710871553,2023-05-08T01:36:34.000Z,"O PT não tenta, se apossa!
PSOL não falsifica pq já é uma farsa
PCdoB não ameaçou o STF, quem ameaçou foi seu chefão (Lula)
Se foi a esquerda que quebrou tudo em Brasília.
A CPMI mostrará os culpados.",0,0,2,https://twitter.com/BohnGass/status/1655223232725745664
GMiranda,@odontogel,https://twitter.com/odontogel/status/1655546623705903104,2023-05-08T12:14:08.000Z,"Pra listar os crimes do seu partido precisaria de uma thread interminável.  Mas nem precisa, continue aí passando essa vergonha.",0,0,2,https://twitter.com/BohnGass/status/1655223232725745664
ALBUQUERQUE,@BaraoXXI,https://twitter.com/BaraoXXI/status/1655939846966505473,2023-05-09T14:16:40.000Z,VAGABUND...!,0,0,0,https://twitter.com/BohnGass/status/1655223232725745664
Fora Mula,@Muriel474137771,https://twitter.com/Muriel474137771/status/1655247648243216391,2023-05-07T16:26:07.000Z,😂😂😂😂😂😂,0,0,0,https://twitter.com/BohnGass/status/1655223232725745664
Solange Moraes,@solmoraes131170,https://twitter.com/solmoraes131170/status/1655257225894539269,2023-05-07T17:04:10.000Z,Vão kh,0,0,0,https://twitter.com/BohnGass/status/1655223232725745664
eduardo,@eduardo31051362,https://twitter.com/eduardo31051362/status/1655272643744940032,2023-05-07T18:05:26.000Z,Pt roubou e continua roubando bilhões,0,0,3,https://twitter.com/BohnGass/status/1655223232725745664
Blue bird News,@endireitataboo,https://twitter.com/endireitataboo/status/1655276259092443137,2023-05-07T18:19:48.000Z,"cara ,vcs vivem em um mundo paralelo de delírios desejos e fantasias asquerosas .",0,0,2,https://twitter.com/BohnGass/status/1655223232725745664
Marcelo,@Marcelo07877993,https://twitter.com/Marcelo07877993/status/1655307404475604993,2023-05-07T20:23:34.000Z,T bom senta lá vai e toma seu viagra kkkkk,0,0,1,https://twitter.com/BohnGass/status/1655223232725745664
Carlos Wiliam,@Carloswiliam64,https://twitter.com/Carloswiliam64/status/1655524184418660352,2023-05-08T10:44:58.000Z,Eu lhe peço humildemente que se informe mais.,0,0,0,https://twitter.com/BohnGass/status/1655223232725745664
Evandro.ET,@et_evandro,https://twitter.com/et_evandro/status/1655563766510112768,2023-05-08T13:22:15.000Z,O que um cartão de vacinação em comparação com 290 milhõés roubado da saúde do Maranhão?,0,0,0,https://twitter.com/BohnGass/status/1655223232725745664
Antonio Carlos Cardoso,@Antonio46684810,https://twitter.com/Antonio46684810/status/1655875835465703424,2023-05-09T10:02:18.000Z,Explica o líder da lista fazer parte deste Governo?,0,0,0,https://twitter.com/BohnGass/status/1655223232725745664
Kenia Freitas,@Keniafrs22,https://twitter.com/Keniafrs22/status/1655351216610717696,2023-05-07T23:17:39.000Z,"Acho que a narrativa da esquerda leva à uma alienação profunda dos fatos reais. Vamos esclarecer só um pouquinho as coisas.
Lembra dos 11 contêineres, de presentes, ganhados com orgulho? Incluíram jóias, quadros e obras de arte do palácio, que foram retirados e pedidos de volta.",0,0,1,https://twitter.com/BohnGass/status/1655223232725745664
Cris Mané,@kika_b,https://twitter.com/kika_b/status/1655355498944757761,2023-05-07T23:34:40.000Z,"Bom, Gus. Acho que vc falta com a verdade.",0,0,0,https://twitter.com/BohnGass/status/1655223232725745664
Leda Santana,@LedaSantana17,https://twitter.com/LedaSantana17/status/1655391275237998593,2023-05-08T01:56:50.000Z,"Tá atrasado, todas essas narrativas já caíram por terra e a última do 08/01 vai cair tbm com a CPMI, apaga o pôster para não passar ver.",0,0,0,https://twitter.com/BohnGass/status/1655223232725745664
CMA,@CeliaAl69084195,https://twitter.com/CeliaAl69084195/status/1655273210978480133,2023-05-07T18:07:41.000Z,"Nem precisava mesmo, já estão roubando dia após dia",0,0,2,https://twitter.com/BohnGass/status/1655223232725745664
Jot@,Jot@,https://twitter.com/jotanas2010/status/1655280206888747009,2023-05-07T18:35:29.000Z,"Não foi não, foi o Dunha!!😡",0,0,0,https://twitter.com/BohnGass/status/1655223232725745664
Jepercom,@jepercom,https://twitter.com/jepercom/status/1655281616854347780,2023-05-07T18:41:05.000Z,Narrativas narrativas narrativas narrativas,0,0,0,https://twitter.com/BohnGass/status/1655223232725745664
Fernando Chipoletti,@Chipoletti,https://twitter.com/Chipoletti/status/1655309215752155144,2023-05-07T20:30:45.000Z,E o senhor tenta ser honesto.,0,0,0,https://twitter.com/BohnGass/status/1655223232725745664
wellinton Dettmann,@wellintonviana1,https://twitter.com/wellintonviana1/status/1655252195053383682,2023-05-07T16:44:11.000Z,"É, o PT gostava era de malas de dinheiro escondidas em apartamentos.",0,0,35,https://twitter.com/BohnGass/status/1655223232725745664
Wellington Santos,@WellingtonWSW,https://twitter.com/WellingtonWSW/status/1655269925370380290,2023-05-07T17:54:38.000Z,🤔😒,0,0,2,https://twitter.com/BohnGass/status/1655223232725745664
꧁☬ LIS ☬꧂,@LisLins22,https://twitter.com/LisLins22/status/1655280462246342656,2023-05-07T18:36:30.000Z,Inventem mais…. Essas narrativas não colaram,0,1,3,https://twitter.com/BohnGass/status/1655223232725745664
maluquinho play games,@marciomaluquin1,https://twitter.com/marciomaluquin1/status/1655287810134355969,2023-05-07T19:05:42.000Z,São só alguns conteners né?,0,0,0,https://twitter.com/BohnGass/status/1655223232725745664
iedabressan,@iedabressan01,https://twitter.com/iedabressan01/status/1655311169555496961,2023-05-07T20:38:31.000Z,"Quem roubou as estatais? Quem roubou os fundos de pensão? Quem comprou o parlamento? Quem fez o petróleo? Quem fez o mensalão???
Tudo feito por petistas.
Isso foi o que lembrei nesse momento.  Mas se pesquisar tem muito mais.#EsquerdaLixo #LULAVERGONHAINTERNACIONAL",0,2,9,https://twitter.com/BohnGass/status/1655223232725745664
Carlos Cesar de Oliveira Andrade,@CesarAndradeRS,https://twitter.com/CesarAndradeRS/status/1655326978377932803,2023-05-07T21:41:20.000Z,Há controvérsias!,0,0,0,https://twitter.com/BohnGass/status/1655223232725745664
Adriana S.Korea-Brasil,@ASouthkorean,https://twitter.com/ASouthkorean/status/1655311766383992837,2023-05-07T20:40:53.000Z,"Com licença 
O senhor deixou cair isso aqui. 

Quer com água ou xá de hipocrisia?",0,1,4,https://twitter.com/BohnGass/status/1655223232725745664
revoltado,@vitoria32274678,https://twitter.com/vitoria32274678/status/1655279596181286914,2023-05-07T18:33:03.000Z,A ministra pensa o contrário de você 😉👍,1,4,8,https://twitter.com/BohnGass/status/1655223232725745664
Evandro Boff,@evandro_boff,https://twitter.com/evandro_boff/status/1655254233959079937,2023-05-07T16:52:17.000Z,"14 indígenas da tribo Yanomami assassinados esta semana, desmatamento recorde no Cerrado. Isto é genocidio criminoso.",1,9,36,https://twitter.com/BohnGass/status/1655223232725745664
Wellington Santos,@WellingtonWSW,https://twitter.com/WellingtonWSW/status/1655269638870036482,2023-05-07T17:53:29.000Z,🤔,1,3,7,https://twitter.com/BohnGass/status/1655223232725745664
Jose luiz Bezerra,@Bezer12Joseluiz,https://twitter.com/Bezer12Joseluiz/status/1655315879276470278,2023-05-07T20:57:14.000Z,Para vc ele deve ser a alma mas honesta do mundo. Ele tem até razão vc tá faltando muito parafusos.,1,2,8,https://twitter.com/BohnGass/status/1655223232725745664
Lôbrasil,@Lbrasil12,https://twitter.com/Lbrasil12/status/1655646315152302105,2023-05-08T18:50:16.000Z,"Tudo citado acima n passou de narrativas e qto ao 8/1 tem os vídeos.  Vamos falar de culpa? Então, n foi o Bolsonaro q ganhou triplex, sítio, 11 contêineres de presentes, Bolsonaro n estava no mensalão,  petróleo, posrales, lista da Odebrecht e n tem nenhum diálogo cabuloso c PCC",1,0,2,https://twitter.com/BohnGass/status/1655223232725745664
Fabio Gongora,@Fabio_Gongora,https://twitter.com/Fabio_Gongora/status/1655261723610447873,2023-05-07T17:22:02.000Z,"Será mesmo?

A 'grande mentira' é a base da propaganda do PT.",0,2,49,https://twitter.com/BohnGass/status/1655223232725745664
Mita Guimarães,@mitags,https://twitter.com/mitags/status/1655316326150201347,2023-05-07T20:59:01.000Z,Mesmo porque o PT nunca “TENTA SE APOSSAR… “ ele se apossa logo !,1,2,53,https://twitter.com/BohnGass/status/1655223232725745664
Luci,@LuciGPT,https://twitter.com/LuciGPT/status/1655227582164488199,2023-05-07T15:06:22.000Z,Nesses tópicos vc está certo. Mas sobre quebrar o Brasil nos vários anos de governo de esquerda aí você não vai poder discordar!,2,0,1,https://twitter.com/BohnGass/status/1655223232725745664
Junior Sax,@GentilSax2023,https://twitter.com/GentilSax2023/status/1655241991054061569,2023-05-07T16:03:38.000Z,"Com toda a corrupção do @ptbrasil nos mandatos passados , ele e seus partidos satélites , tem o acúmulo de crimes que nenhum ""bolsonarista"" ou Bolsonaro conseguirá fazer nem em outras vidas( caso existisse).",1,0,11,https://twitter.com/BohnGass/status/1655223232725745664
Tasso Torres,@twitttorres,https://twitter.com/twitttorres/status/1655712842618683393,2023-05-08T23:14:37.000Z,Ihhhhh,0,1,1,https://twitter.com/BohnGass/status/1655223232725745664
Tasso Torres,@twitttorres,https://twitter.com/twitttorres/status/1655712931131146240,2023-05-08T23:14:59.000Z,Óooooo,0,1,1,https://twitter.com/BohnGass/status/1655223232725745664
willian,@willian60155508,https://twitter.com/willian60155508/status/1655243731010834433,2023-05-07T16:10:33.000Z,"O PT não tenta , o PT FAZ MENSALÃO , PETROLAO E POR AÍ VAI !",0,1,16,https://twitter.com/BohnGass/status/1655223232725745664
Tony Marques,@Tony2Marques,https://twitter.com/Tony2Marques/status/1655248193280409606,2023-05-07T16:28:16.000Z,"Segundo Gilmar Mendes pt surrupiou dinheiro q dava p bamcat campanha até 2038...dificil defender o pt, sabemos...",0,2,12,https://twitter.com/BohnGass/status/1655223232725745664
Frank M.M,@FrankMelloMota1,https://twitter.com/FrankMelloMota1/status/1655249053385408521,2023-05-07T16:31:42.000Z,Também não foi o PT?🤔,0,11,60,https://twitter.com/BohnGass/status/1655223232725745664
Diogo,@DiogoCunha83,https://twitter.com/DiogoCunha83/status/1655251815057747969,2023-05-07T16:42:40.000Z,"Que texto bizarro. Respeitosamente: 

Deve ter algum lapso de memória. 

Ou ficou na criogenia 03
décadas!

Mais honestidade intelectual por favor!",0,1,27,https://twitter.com/BohnGass/status/1655223232725745664
Ivanildo Miranda,@miranda_ivan,https://twitter.com/miranda_ivan/status/1655253247525892096,2023-05-07T16:48:21.000Z,"Quem sabe um dia o PT e lula também assumam suas próprias culpas. Mensalão e Petrolão, esquemas de corrupção nos fundos previdenciários e toda a falcatrua e ladroagem realizados.",0,1,23,https://twitter.com/BohnGass/status/1655223232725745664
Nilza campanaro barbosa,@CampanaroNilza,https://twitter.com/CampanaroNilza/status/1655257648403554306,2023-05-07T17:05:51.000Z,https://twitter.com/AntiPatifaria/status/1654607123563544576?s=20…,1,1,1,https://twitter.com/BohnGass/status/1655223232725745664
Ingrid Argolo,@IngridArgolo1,https://twitter.com/IngridArgolo1/status/1655257906151841797,2023-05-07T17:06:52.000Z,"PT + STF = Corrupção, censura, ditadura, criminalidade.",0,2,12,https://twitter.com/BohnGass/status/1655223232725745664
Bob Fields Opressor,@OpressorBob,https://twitter.com/OpressorBob/status/1655261696158584832,2023-05-07T17:21:56.000Z,"Sossega moço. Foi o PT que se apossou de bilhões do orçamento, o PSOL que falsificou carteirinha de estudante, a esquerda que invadiu o congresso algumas vezes, e criticou o STF quando prendeu o Lula. Há precedente de tudo isso na esquerda.",0,7,69,https://twitter.com/BohnGass/status/1655223232725745664
Sérgio,@C9Srgio,https://twitter.com/C9Srgio/status/1655266601879437316,2023-05-07T17:41:25.000Z,"E quem roubou a petrobrás, previ, correios, e outras corrupções em estatais?  Quem devolveu dinheiro roubado? Quemmmm??",0,2,11,https://twitter.com/BohnGass/status/1655223232725745664
BMarB,@9MarB9,https://twitter.com/9MarB9/status/1655312323764973575,2023-05-07T20:43:06.000Z,"O PT não brinca em serviço, fez muito pior 👇🏻👇🏻👇🏻",0,5,16,https://twitter.com/BohnGass/status/1655223232725745664
Cláudia Assunção,@kaexp72,https://twitter.com/kaexp72/status/1655327167738261504,2023-05-07T21:42:05.000Z,Fato!,0,2,5,https://twitter.com/BohnGass/status/1655223232725745664
CN,@camisasn1898,https://twitter.com/camisasn1898/status/1655243960288256000,2023-05-07T16:11:27.000Z,"Wadih Damous ja declarou em video que tinha que fechar o STF. PT não se apropriou de milhões em joias, se apropriou em bilhões em desvios em estatais. Ainda nos submeteu à maior recessão em um século. Agora, se articulam para nos calar e perseguir qualquer oposição! Fora, ratos!",0,5,37,https://twitter.com/BohnGass/status/1655223232725745664
paulo santos,@43paulosantos,https://twitter.com/43paulosantos/status/1655345025289428992,2023-05-07T22:53:03.000Z,Pesquisar corrupção se acha todos do PT envolvidos!!!!,0,5,9,https://twitter.com/BohnGass/status/1655223232725745664
Dr Vinicius Rodrigues,@drviniciussp,https://twitter.com/drviniciussp/status/1655358249003098115,2023-05-07T23:45:36.000Z,"Até pq o PT não tentou, conseguiu. PETROLAO! Lembra?",0,0,1,https://twitter.com/BohnGass/status/1655223232725745664
JOÃO BATISTA SOUZA,@PRFJSOUZA,https://twitter.com/PRFJSOUZA/status/1655280033261408261,2023-05-07T18:34:48.000Z,"Quem foi que criou mensalão, petrolão e tantos atos de corrupção? Quem são os quadrilheiros que têm codinomes em listas de propinas?",0,0,0,https://twitter.com/BohnGass/status/1655223232725745664
Ricardo Marques,@Ricardo00805054,https://twitter.com/Ricardo00805054/status/1655348670152204289,2023-05-07T23:07:32.000Z,"PT roubou todas as estatais, o PT apoia o terrorismo do MST no campo e do MTST nas cidades! O PT quer censurar os opositores, o PT apoia ditaduras e as bajula. O PT apoia todas as medidas retrógradas e de atraso ao desenvolvimento do país! O PT é simpático a tudo que não presta!",0,0,1,https://twitter.com/BohnGass/status/1655223232725745664
Everest Sardenberg,@evsardenberg,https://twitter.com/evsardenberg/status/1655331797088063490,2023-05-07T22:00:29.000Z,"Nao foi, o negócio do PT é com sitio, ap no Guarujá, empreiteira e ect. No Brasil é assim cada um no seu quadrado e o povo tomando no centro.",0,0,0,https://twitter.com/BohnGass/status/1655223232725745664
Paulo André,@PauloAndre1941,https://twitter.com/PauloAndre1941/status/1655241956174229506,2023-05-07T16:03:29.000Z,Tá com Alzheimer né senhor . Sugiro procurar um médico.. a esquerda atenta contra democracia desde sempre ...,0,0,1,https://twitter.com/BohnGass/status/1655223232725745664
luhsiq,@Luciana63977905,https://twitter.com/Luciana63977905/status/1655257011234250752,2023-05-07T17:03:19.000Z,"Não foi Bolsonaro,quem desviou dinheiro dos respiradores.
Dino pego na mentira🤡😂",0,0,1,https://twitter.com/BohnGass/status/1655223232725745664
#PL2630NÃO #PLDACENSURA,@KelliCristinaR8,https://twitter.com/KelliCristinaR8/status/1655365115389018113,2023-05-08T00:12:53.000Z,Vc falou de jóias???,0,0,0,https://twitter.com/BohnGass/status/1655223232725745664
#PL2630NÃO #PLDACENSURA,@KelliCristinaR8,https://twitter.com/KelliCristinaR8/status/1655365479773487106,2023-05-08T00:14:20.000Z,Falou da quebradeira do dia 08/01?,0,0,0,https://twitter.com/BohnGass/status/1655223232725745664
Suame,@GilsonSuame,https://twitter.com/GilsonSuame/status/1655331106214887424,2023-05-07T21:57:44.000Z,Concordo. Quem errou tem que assumir a culpa?,0,0,0,https://twitter.com/BohnGass/status/1655223232725745664
PoA,@poarsmara,https://twitter.com/poarsmara/status/1655273014814994435,2023-05-07T18:06:54.000Z,"🇧🇷🇧🇷🇧🇷🇧🇷🤡🤡🤡🤡Esperando a esquerda bandida elaborar mais um crime de narrativa contra o melhor Presidente que o Brasil já teve @jairbolsonaro , porquê todas até agora falharam. @foxnewspolitics @dntwit @LaGacetaSA @Telegraph",0,1,1,https://twitter.com/BohnGass/status/1655223232725745664
