nome,usuario,idTweet,dataPublicacao,texto,replies,retweets,likes,tweetPai
Bruno slonik,@slonik_bruno,https://twitter.com/slonik_bruno/status/1655639612625149952,2023-05-08T18:23:38.000Z,Na próxima lista da oderbrech o senhor pode ser o Zé gotinha.,15,4,255,https://twitter.com/padilhando/status/1655564797528666112
Coronel Amaro (R1),@Amaro_Coronel,https://twitter.com/Amaro_Coronel/status/1655636312903278598,2023-05-08T18:10:31.000Z,"Ué... Será que a Osmarina @MarinaSilva não tomou as vacinas?
Ou será que elas não servem pra nada?
Não sei... estou confuso1
As pessoas ficam fazendo propaganda de algo que aparentemente não funciona... 
SERÁ QUE A OSMARINA NÃO TEVE COVID E ESTÁ MENTINDO? 
Muito estranho isso!!!",10,10,230,https://twitter.com/padilhando/status/1655564797528666112
Alexandre Alcatraz,@aleealcatraz,https://twitter.com/aleealcatraz/status/1655701115390906368,2023-05-08T22:28:02.000Z,Que profissional da saúde é essa que não utiliza luva pra perfurar um braço onde sairá sangue? Desde quando não é necessário os cuidados com relação a possíveis infecções? O uso da luva é uma proteção ao profissional e o paciente.,28,25,566,https://twitter.com/padilhando/status/1655564797528666112
Sérgio A J Barretto,@SergioAJBarrett,https://twitter.com/SergioAJBarrett/status/1655746829642788865,2023-05-09T01:29:41.000Z,"Também tomei a minha, Ministro",7,0,19,https://twitter.com/padilhando/status/1655564797528666112
Plinio Goncalves,@pliniogoncalves,https://twitter.com/pliniogoncalves/status/1655674890702168076,2023-05-08T20:43:49.000Z,Pode tomar umas vinte...,4,0,61,https://twitter.com/padilhando/status/1655564797528666112
Miami Beach Elevator.btc,@elevamiami,https://twitter.com/elevamiami/status/1655767876731650050,2023-05-09T02:53:19.000Z,Ninguém se importa com vc.,0,0,43,https://twitter.com/padilhando/status/1655564797528666112
EVALDO GUEDES,@EvaldoGuedes6,https://twitter.com/EvaldoGuedes6/status/1655740947643224065,2023-05-09T01:06:18.000Z,Tomou foi soro fisiológico,2,0,37,https://twitter.com/padilhando/status/1655564797528666112
DIDIEL,@DAntireds,https://twitter.com/DAntireds/status/1655670026592976896,2023-05-08T20:24:29.000Z,Vc tá 4% mais protegido agora.,9,0,173,https://twitter.com/padilhando/status/1655564797528666112
Lorenzo Ridolfi,@lorenzoridolfi,https://twitter.com/lorenzoridolfi/status/1655687304382492672,2023-05-08T21:33:09.000Z,Ele bebe cerveja?,2,0,26,https://twitter.com/padilhando/status/1655564797528666112
Juliana,@ju_jornalista_,https://twitter.com/ju_jornalista_/status/1655671263761661954,2023-05-08T20:29:24.000Z,Aguarde e verás!!!! O tempo dirá.,2,0,37,https://twitter.com/padilhando/status/1655564797528666112
André,@zinzin51,https://twitter.com/zinzin51/status/1655692939803107331,2023-05-08T21:55:32.000Z,Duvido que foi de COVID 🤡,0,0,50,https://twitter.com/padilhando/status/1655564797528666112
Eduardo F. Galvão #ForaLula,@KidCubatao2,https://twitter.com/KidCubatao2/status/1655762290325454851,2023-05-09T02:31:07.000Z,"Ninguém viu a agulha penetrando, por que será?",1,0,39,https://twitter.com/padilhando/status/1655564797528666112
Jober Mögele Correa,@JoberMogele,https://twitter.com/JoberMogele/status/1655843358319820800,2023-05-09T07:53:15.000Z,"""...Vacina é vida!...!

A morte súbita é aquela que ocorre de forma abrupta, uma morte imprevisível e inesperada. Pode ocorrer tanto por processo patológico (exemplo, um ataque cardíaco fulminante) como por meio de violência (envenenamento) tanto em adultos como em crianças.",1,0,15,https://twitter.com/padilhando/status/1655564797528666112
Alex - Bolsoringa 4Ever,@AlexVovoCoruja,https://twitter.com/AlexVovoCoruja/status/1655887296514621440,2023-05-09T10:47:51.000Z,"Que as reações adversas graves não lhe afetem, como muitos já sofreram e até perderam a vida por causa desses experimentos",0,0,0,https://twitter.com/padilhando/status/1655564797528666112
Divino André,@DivinoAndre02,https://twitter.com/DivinoAndre02/status/1655961655916785666,2023-05-09T15:43:19.000Z,Queima ou não queima? 🤣🤣🤣,0,0,1,https://twitter.com/padilhando/status/1655564797528666112
Tommy J.,@tommyjoehawaii,https://twitter.com/tommyjoehawaii/status/1655630977064919053,2023-05-08T17:49:19.000Z,Tome mais 5 esse ano. É bom para a saúde. 👍🏼,3,1,138,https://twitter.com/padilhando/status/1655564797528666112
Guilherme Fernandes,@GFernandes1975,https://twitter.com/GFernandes1975/status/1655642186250067968,2023-05-08T18:33:52.000Z,Trombose nele!,5,0,73,https://twitter.com/padilhando/status/1655564797528666112
FanáticoVascaino,@fabio_knoppA,https://twitter.com/fabio_knoppA/status/1655870357889339397,2023-05-09T09:40:32.000Z,Agua com açúcar,1,0,9,https://twitter.com/padilhando/status/1655564797528666112
,@BethMevm59,https://twitter.com/BethMevm59/status/1655591680207200259,2023-05-08T15:13:10.000Z,"Os bolsominions ja, ja irão  dizer q não havia nada na seringa 😃😃😃",8,0,0,https://twitter.com/padilhando/status/1655564797528666112
Fernando (Kabulozo),@Kabulozocensura,https://twitter.com/Kabulozocensura/status/1655642087847518213,2023-05-08T18:33:28.000Z,Pode tomar minhas doses  que estão disponíveis desde 2020 👍🤡,1,0,7,https://twitter.com/padilhando/status/1655564797528666112
Ediones Diogo,@Ediones2305,https://twitter.com/Ediones2305/status/1655608364682887170,2023-05-08T16:19:28.000Z,"Por vc pode tomar o que quiser isso é problema seu, por mim vc pode tomar no 👌 que não tenho nada a ver com isso.",2,0,5,https://twitter.com/padilhando/status/1655564797528666112
Garagem Digital,@GaragemDigital1,https://twitter.com/GaragemDigital1/status/1655795392255016960,2023-05-09T04:42:39.000Z,"Eu FINANCIO o SUS, não é de graça. Eu PAGO seu salário, trabalhe para o povo, não para o desgoverno. Desejo sorte, que não venha ter miocardite, morte súbita ou sequelas, que o impeçam de trabalhar. Pode usar minhas doses na sua família.",0,0,1,https://twitter.com/padilhando/status/1655564797528666112
Djan,@Djan00392004,https://twitter.com/Djan00392004/status/1655682658028904448,2023-05-08T21:14:41.000Z,Vou seguir a OMS. A pandemia acabou.,0,0,1,https://twitter.com/padilhando/status/1655564797528666112
Luciana Campos,@Krica48,https://twitter.com/Krica48/status/1656040864932610063,2023-05-09T20:58:04.000Z,Ô!,0,0,0,https://twitter.com/padilhando/status/1655564797528666112
Eddie Peixoto,@EddiePeixoto68,https://twitter.com/EddiePeixoto68/status/1655868710219837442,2023-05-09T09:33:59.000Z,"Então está quase, força guerreiro 🤡",0,0,3,https://twitter.com/padilhando/status/1655564797528666112
Gabriel,@pqdgg,https://twitter.com/pqdgg/status/1655760921690615812,2023-05-09T02:25:40.000Z,Pq a Marina Silva tá com covid então? 🤔,3,0,50,https://twitter.com/padilhando/status/1655564797528666112
Márcia,@marcia_ssi,https://twitter.com/marcia_ssi/status/1655692191803613185,2023-05-08T21:52:34.000Z,Que cena patética. Kkkkk,1,0,19,https://twitter.com/padilhando/status/1655564797528666112
Carolina Vitoria,@Chefcarolinavi1,https://twitter.com/Chefcarolinavi1/status/1655848523311489024,2023-05-09T08:13:46.000Z,"Nossa verdade neh.. 
Não pera..

Morre ainda...",0,0,2,https://twitter.com/padilhando/status/1655564797528666112
Santo Arnulfo,@Fred71935470,https://twitter.com/Fred71935470/status/1655908530593857547,2023-05-09T12:12:13.000Z,Agora é só não deixar passar de 120bpm.,0,0,0,https://twitter.com/padilhando/status/1655564797528666112
Freder,@FrederKamen,https://twitter.com/FrederKamen/status/1655700817599512576,2023-05-08T22:26:51.000Z,"Na verdade, não. 

Mas pode tomar todas. 

Darwin agradece. 😀🤝",2,1,56,https://twitter.com/padilhando/status/1655564797528666112
Melina Lima,@MelinaLima1,https://twitter.com/MelinaLima1/status/1656128158758760449,2023-05-10T02:44:57.000Z,Vamos ficar de olho nas próximas notícias...,1,0,0,https://twitter.com/padilhando/status/1655564797528666112
KMR DF,@majorgabdf,https://twitter.com/majorgabdf/status/1655588685100855308,2023-05-08T15:01:16.000Z,Vamos guardar…,0,1,9,https://twitter.com/padilhando/status/1655564797528666112
Leonice Maria,@LeoniceMariana1,https://twitter.com/LeoniceMariana1/status/1655602623125377027,2023-05-08T15:56:39.000Z,"Meu corpo , minhas regras . Não é isso que o PT proclama ?",0,1,41,https://twitter.com/padilhando/status/1655564797528666112
LFS_22,@Luiz_FLS22,https://twitter.com/Luiz_FLS22/status/1655612611558342656,2023-05-08T16:36:21.000Z,"Força, estamos torcendo pela vacina.",0,1,5,https://twitter.com/padilhando/status/1655564797528666112
Ulisses Lopes,@Ulisses47020161,https://twitter.com/Ulisses47020161/status/1655613083220361216,2023-05-08T16:38:13.000Z,"Tomou nada, esconderam a seringa kkkkkkk",0,1,7,https://twitter.com/padilhando/status/1655564797528666112
Rony Locher,@rony_locher,https://twitter.com/rony_locher/status/1655629305584529432,2023-05-08T17:42:41.000Z,Viva o SUS? Tá envergonhado. É isso?,0,0,4,https://twitter.com/padilhando/status/1655564797528666112
Francine - Kwai rumo aos 20k.,@nezukok40,https://twitter.com/nezukok40/status/1655636265767690243,2023-05-08T18:10:20.000Z,Negacionismo é não reconhecer o que a OMS diz.,0,0,1,https://twitter.com/padilhando/status/1655564797528666112
Regina@,Regina@,https://twitter.com/Reginapd70/status/1655636435095937041,2023-05-08T18:11:01.000Z,"Mais um, menos um 😐",0,0,1,https://twitter.com/padilhando/status/1655564797528666112
O Doutrinador,@Doutrinadorg,https://twitter.com/Doutrinadorg/status/1655639692451143702,2023-05-08T18:23:57.000Z,Mas na época do Bolsonaro era proibido se vacinar? Kkk,1,0,22,https://twitter.com/padilhando/status/1655564797528666112
JJuniorJJ,@JJuniorJJ1,https://twitter.com/JJuniorJJ1/status/1655622383326179344,2023-05-08T17:15:10.000Z,"Dentro de 6 meses veremos o resultado, Hospital Israelita Albert Einstein",1,0,3,https://twitter.com/padilhando/status/1655564797528666112
Drikka,@eudrikka007,https://twitter.com/eudrikka007/status/1655748042576756737,2023-05-09T01:34:30.000Z,Força agulha pq encontrar esse braço todo flácido sem músculo deve ter sido barra pesada.,1,0,4,https://twitter.com/padilhando/status/1655564797528666112
MEIRE,@MD39871561,https://twitter.com/MD39871561/status/1655631985765670927,2023-05-08T17:53:20.000Z,Tomou sei,0,0,0,https://twitter.com/padilhando/status/1655564797528666112
MMS,@MauricaSilva2,https://twitter.com/MauricaSilva2/status/1655637308576608258,2023-05-08T18:14:29.000Z,CPMI JÁ!,0,0,1,https://twitter.com/padilhando/status/1655564797528666112
eliane,@ElianeAlfano,https://twitter.com/ElianeAlfano/status/1655640387673808901,2023-05-08T18:26:43.000Z,Aqui não acabou não !!!,0,0,0,https://twitter.com/padilhando/status/1655564797528666112
ana cristina schneider DEUS ACIMA DE TUDO,@anacristinasc14,https://twitter.com/anacristinasc14/status/1655640975711035409,2023-05-08T18:29:03.000Z,CADA UM SABE A MEDA QUE POEM NO CORPO,0,0,4,https://twitter.com/padilhando/status/1655564797528666112
VINICIUS,@Viniciu22046932,https://twitter.com/Viniciu22046932/status/1655641226761101336,2023-05-08T18:30:03.000Z,"Kkkkkk
Cai quem quer...",0,0,0,https://twitter.com/padilhando/status/1655564797528666112
Everton Miguel BolsonaroSempre,@EMiugel,https://twitter.com/EMiugel/status/1655641835170062354,2023-05-08T18:32:28.000Z,Já já o coração para kkkkkkk,0,0,0,https://twitter.com/padilhando/status/1655564797528666112
@_RoBSR21,@_RoBSR21,https://twitter.com/_RBSR21/status/1655650480960200712,2023-05-08T19:06:49.000Z,Parabéns…pode ficar com todas as minha doses…👏🏻👏🏻,0,0,9,https://twitter.com/padilhando/status/1655564797528666112
RoseSouza,@RoseSouzaII,https://twitter.com/RoseSouzaII/status/1655652475917983750,2023-05-08T19:14:45.000Z,"🤔🤔🤔🤔parece uma encenação, o braço da senhora fez de tudo para esconder a picada que não entrou🤣",0,0,18,https://twitter.com/padilhando/status/1655564797528666112
Ly,@Lya10000,https://twitter.com/Lya10000/status/1655653378939125760,2023-05-08T19:18:20.000Z,E o kiko🙄,0,0,28,https://twitter.com/padilhando/status/1655564797528666112
Wilson Silva,@WilsonSilva38,https://twitter.com/WilsonSilva38/status/1655658298824183808,2023-05-08T19:37:53.000Z,🤡🎪,0,0,2,https://twitter.com/padilhando/status/1655564797528666112
Lidia MAB,@LidiaBorgesBor1,https://twitter.com/LidiaBorgesBor1/status/1655669771369586713,2023-05-08T20:23:29.000Z,Kd a seringa? Ela tampou c a mão.,0,0,5,https://twitter.com/padilhando/status/1655564797528666112
JaneMM,@jmmadeira,https://twitter.com/jmmadeira/status/1655681984344072193,2023-05-08T21:12:00.000Z,Por que ninguém consegue enxerga a vacina?🤔Teria que mostrar o vidro e  ela colocando o líquido na seringa  e depois  aplicando.,0,0,3,https://twitter.com/padilhando/status/1655564797528666112
Mirian Meireles Matsumoto,@MirianMatsumoto,https://twitter.com/MirianMatsumoto/status/1655684382139506690,2023-05-08T21:21:32.000Z,"Avante! Tome 10 doses e quando acordar na cidade dos pés juntos, certamente, você estará imunizado.",0,1,3,https://twitter.com/padilhando/status/1655564797528666112
SCHINKDH,@SCHINKDH7,https://twitter.com/SCHINKDH7/status/1655659456829743104,2023-05-08T19:42:29.000Z,MEU AVÔ DIZIA TODO DIA SAI UM TROUX E UM ESPERTO PRA RUA VC DECIDE QUEM VAI SER KKK,0,0,0,https://twitter.com/padilhando/status/1655564797528666112
Fa,@Ka_2222220,https://twitter.com/Ka_2222220/status/1655660853973098503,2023-05-08T19:48:02.000Z,Meus sentimentos🙄,0,0,0,https://twitter.com/padilhando/status/1655564797528666112
Waguinin22,@Waguinin1,https://twitter.com/Waguinin1/status/1655661439376392192,2023-05-08T19:50:22.000Z,Hehehe vacina de ar máximo que dar eh um calombo,0,0,0,https://twitter.com/padilhando/status/1655564797528666112
Marco Antonio,@marcoaspinto65,https://twitter.com/marcoaspinto65/status/1655673125332197391,2023-05-08T20:36:48.000Z,Boa sorte,0,0,0,https://twitter.com/padilhando/status/1655564797528666112
JMOLIVEIRA,@jmoliveira_22,https://twitter.com/jmoliveira_22/status/1655675294546554880,2023-05-08T20:45:25.000Z,Me fala daqui um ano como vc está se é que vai estar kkk,0,0,0,https://twitter.com/padilhando/status/1655564797528666112
RealMarcellusBerro,@MarcellusBerro1,https://twitter.com/MarcellusBerro1/status/1655684741197189122,2023-05-08T21:22:58.000Z,BLÁ BLÁ BLÁ BLÁ,0,1,1,https://twitter.com/padilhando/status/1655564797528666112
ordnael #BrazilWasStolen,@SepolOrdnael,https://twitter.com/SepolOrdnael/status/1655686821211242497,2023-05-08T21:31:14.000Z,"agora já pode dar o koo suave...
boa sorte.",0,0,0,https://twitter.com/padilhando/status/1655564797528666112
Saletinha,@SaleteIi,https://twitter.com/SaleteIi/status/1655688485037039616,2023-05-08T21:37:50.000Z,Marina esqueceu essa kkkk,0,0,1,https://twitter.com/padilhando/status/1655564797528666112
Nilvio Almeida,@nilviobr,https://twitter.com/nilviobr/status/1655689021152952321,2023-05-08T21:39:58.000Z,por que isso esta aparecendo em minha TL?,0,0,0,https://twitter.com/padilhando/status/1655564797528666112
Aisha,@Aisha_com_vida,https://twitter.com/Aisha_com_vida/status/1655754574580404225,2023-05-09T02:00:27.000Z,Negacionismo é  dizer que o ladrão não pode ter seu nome ligado a corrupção,2,3,35,https://twitter.com/padilhando/status/1655564797528666112
Hemerson. Alfa Foxtrot.,@HemersonSoares7,https://twitter.com/HemersonSoares7/status/1655623822580625425,2023-05-08T17:20:53.000Z,"quem aplicou não estava de luvas, e as mãos da mulher encobriu as coisas.",2,0,22,https://twitter.com/padilhando/status/1655564797528666112
NaninhaMelo,@anamariamelo22,https://twitter.com/anamariamelo22/status/1655653705453060096,2023-05-08T19:19:38.000Z,Esqueceu de colocar o sutiã?😂😂😂😂😂😂😂😂,1,0,6,https://twitter.com/padilhando/status/1655564797528666112
Mario Borges,@MarioBo80787445,https://twitter.com/MarioBo80787445/status/1655660389953093632,2023-05-08T19:46:12.000Z,"Meu Deus, vcs são pautados pelo Bolsonaro? 

Desapega!!",1,0,10,https://twitter.com/padilhando/status/1655564797528666112
OSS!!!!,@saboyajr02,https://twitter.com/saboyajr02/status/1655668710143565824,2023-05-08T20:19:15.000Z,Sabe ler inglês ?,1,0,13,https://twitter.com/padilhando/status/1655564797528666112
Andrew,@GgmAndrews,https://twitter.com/GgmAndrews/status/1655674146263539727,2023-05-08T20:40:52.000Z,"Pipipi popopó 
NEGACIONISTA",1,1,20,https://twitter.com/padilhando/status/1655564797528666112
Mey Weint,@4Mey_7,https://twitter.com/4Mey_7/status/1655717237024759808,2023-05-08T23:32:05.000Z,Eita … tomou 🤡😂😂🤡,0,0,3,https://twitter.com/padilhando/status/1655564797528666112
Edfilho,@edomfilho,https://twitter.com/edomfilho/status/1655728723541258245,2023-05-09T00:17:44.000Z,"Cada um toma o que quiser e onde quiser.. não obrigando os outros, siga tomando tudo..😂",0,0,4,https://twitter.com/padilhando/status/1655564797528666112
R2D2_2,@R2D2216,https://twitter.com/R2D2216/status/1655752038762926082,2023-05-09T01:50:23.000Z,Grande Bosta,0,0,2,https://twitter.com/padilhando/status/1655564797528666112
VaiBrasil22,@brasil22_v,https://twitter.com/brasil22_v/status/1655754411023499265,2023-05-09T01:59:48.000Z,O teatro da vacinação flopou????,0,0,3,https://twitter.com/padilhando/status/1655564797528666112
AleMagnoni,@Alexand50687436,https://twitter.com/Alexand50687436/status/1655694748835823618,2023-05-08T22:02:44.000Z,"E os aumentos dos casos de AVC, infarto e trombose??",0,0,1,https://twitter.com/padilhando/status/1655564797528666112
Sany,@Sanycristina,https://twitter.com/Sanycristina/status/1655695963430715399,2023-05-08T22:07:33.000Z,Grande m...,0,0,0,https://twitter.com/padilhando/status/1655564797528666112
ob_ser_vive_ndo,@ob_ser_vive_ndo,https://twitter.com/ob_ser_vive_ndo/status/1655699404710445056,2023-05-08T22:21:14.000Z,"Para quem interessar, estou doando as minhas doses.",0,0,0,https://twitter.com/padilhando/status/1655564797528666112
Savio,@SavioGrangeiro,https://twitter.com/SavioGrangeiro/status/1655702503030157313,2023-05-08T22:33:32.000Z,Camisa lavada.,0,0,0,https://twitter.com/padilhando/status/1655564797528666112
MÃEMônica,@monicazpaes,https://twitter.com/monicazpaes/status/1655702665748176897,2023-05-08T22:34:11.000Z,FDS,0,0,0,https://twitter.com/padilhando/status/1655564797528666112
Alex,@Alexajr1972,https://twitter.com/Alexajr1972/status/1655709592721006592,2023-05-08T23:01:43.000Z,Desfrute.,0,0,0,https://twitter.com/padilhando/status/1655564797528666112
PRESIDENTE RAGNAR (Reserva),@Aquiles72AC,https://twitter.com/Aquiles72AC/status/1655711136342323200,2023-05-08T23:07:51.000Z,Toma mais 48 doses.,0,0,1,https://twitter.com/padilhando/status/1655564797528666112
Rodrigo,@Rodrigo25989085,https://twitter.com/Rodrigo25989085/status/1655713317535531008,2023-05-08T23:16:31.000Z,A mulher te aplicou uma vacina sem luvas? Uhum tá bom,0,0,2,https://twitter.com/padilhando/status/1655564797528666112
Peregrina Direita Sommelier Fora de Casa,@vmbrvm,https://twitter.com/vmbrvm/status/1655715150828019715,2023-05-08T23:23:48.000Z,Anote a data de hoje no calendário,0,0,0,https://twitter.com/padilhando/status/1655564797528666112
sergio mazini,@Maza61Sergio,https://twitter.com/Maza61Sergio/status/1655718375232876544,2023-05-08T23:36:37.000Z,tic tac...,0,0,1,https://twitter.com/padilhando/status/1655564797528666112
Paulo Mayeroith,@mayeroith,https://twitter.com/mayeroith/status/1655722212295340032,2023-05-08T23:51:51.000Z,Tic tac,0,0,2,https://twitter.com/padilhando/status/1655564797528666112
Nicole Consalter,@Niki_eusou,https://twitter.com/Niki_eusou/status/1655764317684346881,2023-05-09T02:39:10.000Z,"Faz um favor pra nós , toma mais umas 30 , só pra ver uma coisa 😃",0,0,4,https://twitter.com/padilhando/status/1655564797528666112
Vitao,@vitorth84,https://twitter.com/vitorth84/status/1655785141275426816,2023-05-09T04:01:55.000Z,"Primeiro que isso pode ser apenas um soro para fazer gracinha nas redes, e segundo se for  vacina mesmo reze para nao tem complicações, boa sorte!",0,0,1,https://twitter.com/padilhando/status/1655564797528666112
Adriana Teixeira,@Drika_teixeiras,https://twitter.com/Drika_teixeiras/status/1655870015957086208,2023-05-09T09:39:11.000Z,Que Deus o proteja,0,0,1,https://twitter.com/padilhando/status/1655564797528666112
Jorge Luis,@crioulossantafe,https://twitter.com/crioulossantafe/status/1655653950115160073,2023-05-08T19:20:36.000Z,Toma quem quer está é a lógica se quiser faz eu não faço,5,2,34,https://twitter.com/padilhando/status/1655564797528666112
Bolsogata4°conta,@Bolsogata4conta,https://twitter.com/Bolsogata4conta/status/1655576329616519170,2023-05-08T14:12:10.000Z,"E a Marina, continua internada com Covid, apos as 5 doses!? 
No Sírio libanês, claro. SUS é para o povo..",0,0,1,https://twitter.com/padilhando/status/1655564797528666112
paulo rezende,@paulore71273651,https://twitter.com/paulore71273651/status/1655602524508807171,2023-05-08T15:56:16.000Z,Adeus....🤝,0,0,2,https://twitter.com/padilhando/status/1655564797528666112
Antagoniza,@Antagoniza11,https://twitter.com/Antagoniza11/status/1655637320526077953,2023-05-08T18:14:32.000Z,"A escolha é livre e deve permanecer assim.É direito de todo e qq cidadão livre,fazer suas escolhas.
Ver essa hipocrisia,“Viva o SUS”,mas qdo precisa cuidar de um simples resfriado corre p/o Einstein.Pq não cancelam os seus planos de saúde e vivam verdadeiramente o SUS?Responda aí",1,2,61,https://twitter.com/padilhando/status/1655564797528666112
Aroldo Ross,@rosaroldo1,https://twitter.com/rosaroldo1/status/1655646966494158878,2023-05-08T18:52:51.000Z,"Era só tomar essa 3,5 de Portugal uai kkkk",3,2,14,https://twitter.com/padilhando/status/1655564797528666112
Blue bird News,@endireitataboo,https://twitter.com/endireitataboo/status/1655609000510078976,2023-05-08T16:22:00.000Z,"não tem negacionista nenhum cara . tomei vacina 💉 minha vida toda ,não faltei uma . agora porque tomo a decisão de não tomar uma vacina que não vale para nada além de me machucar ,sou negacionista ? ah não vc está errado .tomei a primeiro dose da Pfizer e me dei muito mal .",0,1,24,https://twitter.com/padilhando/status/1655564797528666112
Eduardo Fontes,@LemmyAraya,https://twitter.com/LemmyAraya/status/1655614608617480192,2023-05-08T16:44:17.000Z,"No governo anterior, só não tomou a vacina quem não quis.
Liberdade sempre!
Comunismo NÃO!",0,0,32,https://twitter.com/padilhando/status/1655564797528666112
JoaoPauloRibas,@JoaoPauloRibas4,https://twitter.com/JoaoPauloRibas4/status/1655617447070773265,2023-05-08T16:55:33.000Z,"Tomar vacina virou notícia? Notícia é a contratação de empreiteiras envolvidas em escândalo de corrupção. *Governo Lula aprova série de benefícios a empreiteira suspeita de fraude* 

Engefort é apontada pelo TCU como líder de cartel que fraudou licitações de pavimentação",0,4,42,https://twitter.com/padilhando/status/1655564797528666112
Eduardo Amaral,@AmaralPeribe,https://twitter.com/AmaralPeribe/status/1655622004433727496,2023-05-08T17:13:40.000Z,"Esse governo tomar vacina vira notícia , mas 95 em diárias eles esquecem",0,0,42,https://twitter.com/padilhando/status/1655564797528666112
Ieda,@iedaz,https://twitter.com/iedaz/status/1655634495771484164,2023-05-08T18:03:18.000Z,"Para garantir tome mais 5 doses,  aí tu ganha uma torradeira!🤣🤣🤣",0,0,5,https://twitter.com/padilhando/status/1655564797528666112
Debora Milanezi,@debora_milanezi,https://twitter.com/debora_milanezi/status/1655640925631045645,2023-05-08T18:28:51.000Z,Duvido? Escondeu a seringa!,0,0,6,https://twitter.com/padilhando/status/1655564797528666112
@Jairo Magno oficial,@Jairo Magno oficial,https://twitter.com/JairoMagnoofic1/status/1655736239058763777,2023-05-09T00:47:36.000Z,💩,0,0,0,https://twitter.com/padilhando/status/1655564797528666112
Fred,@Fred955060522,https://twitter.com/Fred955060522/status/1655957988367126529,2023-05-09T15:28:45.000Z,Pior Ministro da saúde de todos os tempos,0,0,1,https://twitter.com/padilhando/status/1655564797528666112
Blue bird News,@endireitataboo,https://twitter.com/endireitataboo/status/1655608020016013312,2023-05-08T16:18:06.000Z,não tomou escondeu s aplicação,0,0,1,https://twitter.com/padilhando/status/1655564797528666112
Ruth Tomazi,@RuthTomazi,https://twitter.com/RuthTomazi/status/1655646858356613123,2023-05-08T18:52:26.000Z,"Pena que, vindo de petistas, absolutamente nenhuma informação é confiável. Mas, sabendo que, nesta seara, estupidez é mato, ficamos felizes, mesmo que, depois tenhamos que rezar dobrado!🫣😁😁😁",0,0,5,https://twitter.com/padilhando/status/1655564797528666112
Sandra,@san_matarazzo,https://twitter.com/san_matarazzo/status/1655659345110093825,2023-05-08T19:42:03.000Z,🤣🤣🤣🤡,0,0,0,https://twitter.com/padilhando/status/1655564797528666112
Joel Borges,@jbhorghes,https://twitter.com/jbhorghes/status/1655663898379337730,2023-05-08T20:00:08.000Z,"Muito interessante. Isso é tão irrelevante que a filmagem é, propositadamente, encoberta, ou seja, não mostra ""in loco"" o ato. É puro teatro.",0,0,2,https://twitter.com/padilhando/status/1655564797528666112
Tasso Torres,@twitttorres,https://twitter.com/twitttorres/status/1655605278413389826,2023-05-08T16:07:12.000Z,Mas a Marina não tomou né? Pq?,0,0,4,https://twitter.com/padilhando/status/1655564797528666112
Tosquerator,@Tosquerator,https://twitter.com/Tosquerator/status/1655643607393525771,2023-05-08T18:39:31.000Z,"Já aproveita e toma mais uma no outro braço, duas no rabo e mais duas nas coxas... garantir, né?",1,0,7,https://twitter.com/padilhando/status/1655564797528666112
João Coutinho,@joaocoutinhoo,https://twitter.com/joaocoutinhoo/status/1655693308897775621,2023-05-08T21:57:00.000Z,Porquê você aparece na minha TL seu Pateta... Está pagando impulsionamento...?,1,0,5,https://twitter.com/padilhando/status/1655564797528666112
ThiagoMarianno.eth,@ThiagoMarianno,https://twitter.com/ThiagoMarianno/status/1655677889377968129,2023-05-08T20:55:44.000Z,"😂😂 tome mais umas 4 doses esse ano ♥️🙏♥️ !! Vacina é vida, isso ai ...rsrsrs 😂😂😂",1,0,1,https://twitter.com/padilhando/status/1655564797528666112
IvoRaimundo,@IvoMRaimundoJr,https://twitter.com/IvoMRaimundoJr/status/1655567862730219525,2023-05-08T13:38:32.000Z,Nota-se que a vacina dá uma reação imediata: alegria! Viva o SUS!,0,0,3,https://twitter.com/padilhando/status/1655564797528666112
Dholz,@Dlholz,https://twitter.com/Dlholz/status/1655568945208868865,2023-05-08T13:42:50.000Z,"Cada vez que se vê um político levantar o braço pra bradar ""viva ao SUS"",  sempre se deve lembrar que essa gente não faz a mínima ideia do que é utilizar o tal",0,0,20,https://twitter.com/padilhando/status/1655564797528666112
Vem meteoro!!,@Semcarapradara1,https://twitter.com/Semcarapradara1/status/1655593620630585345,2023-05-08T15:20:53.000Z,"Enfermeira sem luva, viva o SUS!",1,0,5,https://twitter.com/padilhando/status/1655564797528666112
Carlos Alberto C S,@CarlosA98850604,https://twitter.com/CarlosA98850604/status/1655741668543324161,2023-05-09T01:09:10.000Z,"Segue o jogo, próxima questão.",0,0,0,https://twitter.com/padilhando/status/1655564797528666112
Bruno,@Bruno78313415,https://twitter.com/Bruno78313415/status/1655753576411549696,2023-05-09T01:56:29.000Z,"Acabou tal era?
Você acredita que as vacinas são maléficas p/ as pessoas? Já imagino sua resposta: 'Não'. Logo vc é negacionista, pois nega um fato em vetor contrário ao de muitas outras pessoas. Portanto, não é melhor primar pelas liberdades individuais?",0,0,0,https://twitter.com/padilhando/status/1655564797528666112
Os bons tem os demonios para te atentar.,@pinheirobarto,https://twitter.com/pinheirobarto/status/1655766615110057984,2023-05-09T02:48:18.000Z,"Sempre escondem a seringa né, porque será em?",0,0,0,https://twitter.com/padilhando/status/1655564797528666112
Poindexter,@OproprioPoindex,https://twitter.com/OproprioPoindex/status/1655778171910758400,2023-05-09T03:34:13.000Z,Distante a filmagem não ??,0,0,0,https://twitter.com/padilhando/status/1655564797528666112
WelPersan2,@WPerSan3,https://twitter.com/WPerSan3/status/1655786088437301249,2023-05-09T04:05:41.000Z,Escreve isso e põe na plaquinha do túmulo!,0,0,0,https://twitter.com/padilhando/status/1655564797528666112
Marcia Santtos,@MarciaSanttos12,https://twitter.com/MarciaSanttos12/status/1655900651891707905,2023-05-09T11:40:55.000Z,A dona procura esconder com as måos. ELA TEM BEM TIPO DE SER EQUIPE DE SAÚDE.NÉ MESMO? NOS POUPE!,0,0,0,https://twitter.com/padilhando/status/1655564797528666112
Marcia Santtos,@MarciaSanttos12,https://twitter.com/MarciaSanttos12/status/1655901071783460865,2023-05-09T11:42:35.000Z,Kkkkkkk acreditem mortadelas.,0,0,0,https://twitter.com/padilhando/status/1655564797528666112
Luis Siqueira,@LuisSiqeueira,https://twitter.com/LuisSiqeueira/status/1656106606398980100,2023-05-10T01:19:18.000Z,Boa sorte .,0,0,0,https://twitter.com/padilhando/status/1655564797528666112
"Fábio Silva Sauro Si vis pacem, para bellum",@fabiohead1,https://twitter.com/fabiohead1/status/1655645141992890393,2023-05-08T18:45:36.000Z,A Marina também tomou.,0,0,0,https://twitter.com/padilhando/status/1655564797528666112
Cristina Custódio,@cris_custodiorj,https://twitter.com/cris_custodiorj/status/1655647695539691540,2023-05-08T18:55:45.000Z,Torcendo pelos sintomas ! 😏,0,0,2,https://twitter.com/padilhando/status/1655564797528666112
VerissimoMonica,@MnicaAl22991781,https://twitter.com/MnicaAl22991781/status/1655803047145078784,2023-05-09T05:13:04.000Z,"Estou doando as minhas, pode viver com elas também..",0,0,2,https://twitter.com/padilhando/status/1655564797528666112
Oracy Ribeiro ForaLuladrão,@RibeiroCycy,https://twitter.com/RibeiroCycy/status/1655979672650301440,2023-05-09T16:54:55.000Z,"Que nojo 🤮, imunizado não tá🤣🤣🤣",1,0,1,https://twitter.com/padilhando/status/1655564797528666112
Mila,@jessiebrawlcell,https://twitter.com/jessiebrawlcell/status/1655573650555240451,2023-05-08T14:01:32.000Z,Vou essa semana tomar a bivalente e a da gripe😌,0,0,2,https://twitter.com/padilhando/status/1655564797528666112
Raimundo Cardoso,@Raimund95276094,https://twitter.com/Raimund95276094/status/1655614138016735232,2023-05-08T16:42:24.000Z,"Será que tomou mesmo ?
Na imagem fica difícil ela fica todo tempo tampando o campo de visão da seringa essa turma mao perde um momento se quer para lacrar !",0,0,3,https://twitter.com/padilhando/status/1655564797528666112
natalia xavier,@nathytwix,https://twitter.com/nathytwix/status/1655625043051786248,2023-05-08T17:25:44.000Z,"Como eu apoiei o bozo, sou consciente e doo a minha dose para os esquerdistas. Lembrem-se, vocês tem direito a tomar 20 doses, inclusive com prioridade na fila.",1,0,10,https://twitter.com/padilhando/status/1655564797528666112
Zeka,@Zeka10,https://twitter.com/Zeka10/status/1655626554339205120,2023-05-08T17:31:45.000Z,Foi mesmo ??? Então por que escondeu a seringa e a aplicação !!! Jeito estranho de aplicar !! Todas as vacinas que tomei na vida nunca aplicaram dessa maneira!!! Mais uma fake News né ????,0,0,3,https://twitter.com/padilhando/status/1655564797528666112
luci,@Estrele7Luci,https://twitter.com/Estrele7Luci/status/1655645475062571028,2023-05-08T18:46:56.000Z,"OMS, falou que Pandemia terminou, em outros países não estão aplicando vacinas, porque só no Brasil, que querem continuar aplicando??",0,0,7,https://twitter.com/padilhando/status/1655564797528666112
Luiza Moreira,@LuizaDMoreira,https://twitter.com/LuizaDMoreira/status/1655662774796558339,2023-05-08T19:55:40.000Z,A pessoa que aplica coloca o braço esquerdo ocultando a seringa e a aplicação. Tá na cara que nada foi aplicado. Não se vê o líquido vacinal na seringa. Puro engodo. Todos os políticos que mostram foto se vacinando a seringa e o líquido dentro são sempre ocultos.,0,1,2,https://twitter.com/padilhando/status/1655564797528666112
Junior Mesquita,@JrMesquita_pr,https://twitter.com/JrMesquita_pr/status/1655669029309128706,2023-05-08T20:20:32.000Z,"A ""enfermeira"" escondeu bem, será que tinha a vacina mesmo?",0,0,2,https://twitter.com/padilhando/status/1655564797528666112
Tito,@vmgbr81,https://twitter.com/vmgbr81/status/1655699903002058756,2023-05-08T22:23:12.000Z,"""Viva o SUS.""

Consultas médicas, internações, cirurgias são onde mesmo???",0,0,2,https://twitter.com/padilhando/status/1655564797528666112
RoGeraldes,@RoMRGe,https://twitter.com/RoMRGe/status/1655880318660780037,2023-05-09T10:20:07.000Z,"Eu não ví esta mulher aplicando a injeção, ela colocou a mão na  frente e impediu a visualização e... provavelmente isso é placebo. Viva o SUS, sim, mas a vergonha do SUS são aqueles que o destroem.",0,0,2,https://twitter.com/padilhando/status/1655564797528666112
Bruna Lula da Silva,@exaustabruna,https://twitter.com/exaustabruna/status/1655572168695066624,2023-05-08T13:55:38.000Z,Vou tomar na quarta junto com a da meningite.,2,0,0,https://twitter.com/padilhando/status/1655564797528666112
Filó Agenor e Notícias,@DANIELAFILONOTI,https://twitter.com/DANIELAFILONOTI/status/1655608081483542529,2023-05-08T16:18:20.000Z,Não deu para ver desse ângulo a aplicação.,0,0,2,https://twitter.com/padilhando/status/1655564797528666112
Ander Bia,@anderbiamori,https://twitter.com/anderbiamori/status/1655672141419782149,2023-05-08T20:32:54.000Z,Haha a enfermeira  com a mão  na frente ...quer enganar quem tio???,0,0,3,https://twitter.com/padilhando/status/1655564797528666112
W Corretor Vander Voltolini,@W_Corretor_VV,https://twitter.com/W_Corretor_VV/status/1655674986885947392,2023-05-08T20:44:12.000Z,"Aaahhh bom seria se isso fosse verdade. Pelo menos eu teria a certeza de que teu prazo de validade já estaria também sendo ""computado"" e teus dias contados à partir daí!",0,0,2,https://twitter.com/padilhando/status/1655564797528666112
DSF,@CruzDanieli,https://twitter.com/CruzDanieli/status/1655689196131033088,2023-05-08T21:40:40.000Z,Negacionismo é não enxergar a verdade.,0,2,6,https://twitter.com/padilhando/status/1655564797528666112
Dani Botelho,@Dani14Bot,https://twitter.com/Dani14Bot/status/1655669431274487809,2023-05-08T20:22:07.000Z,Espero que não ajude dessa maneira na campanha de prevenção  de câncer de próstata.,0,0,2,https://twitter.com/padilhando/status/1655564797528666112
MariaLacaille,@Maria21449662,https://twitter.com/Maria21449662/status/1655750560845291520,2023-05-09T01:44:30.000Z,Aposto em soro fisiológico comunão,0,0,2,https://twitter.com/padilhando/status/1655564797528666112
Doce Brasileira,@docebrasileira,https://twitter.com/docebrasileira/status/1655753991169486850,2023-05-09T01:58:08.000Z,Toma mais que ainda é pouco.,0,0,2,https://twitter.com/padilhando/status/1655564797528666112
Bota de Orwell ☭⃠,@PrisonMatrix,https://twitter.com/PrisonMatrix/status/1655764484978270208,2023-05-09T02:39:50.000Z,@RemindMe_OfThis in 2 years,1,0,0,https://twitter.com/padilhando/status/1655564797528666112
Jão,@Jao_RJ90,https://twitter.com/Jao_RJ90/status/1655969929269501952,2023-05-09T16:16:12.000Z,"O risco de miocardite não compensa a ""proteção"" ainda dúbia, na minha visão.",0,0,1,https://twitter.com/padilhando/status/1655564797528666112
Ana Paula Fons,@ANA_PAULA_FONS,https://twitter.com/ANA_PAULA_FONS/status/1655668010831556608,2023-05-08T20:16:29.000Z,💩,0,0,0,https://twitter.com/padilhando/status/1655564797528666112
Inconformada e revoltada,@gica_cunha,https://twitter.com/gica_cunha/status/1655708586901684225,2023-05-08T22:57:43.000Z,"Parabéns para você que tomou a vacina , mais eu discordo e prefiro não  por que eu não sei o quê é na ninha corrente sanguínea, e essa vacina não é vida é experimento!!!",0,0,1,https://twitter.com/padilhando/status/1655564797528666112
Rose,@Rose62547972,https://twitter.com/Rose62547972/status/1655668149738414080,2023-05-08T20:17:02.000Z,"Se cada um cuidasse realmente da sua responsabilidade, não teria tanto mimimi né botão?",0,0,1,https://twitter.com/padilhando/status/1655564797528666112
evangelina coachman,@adv_coachman,https://twitter.com/adv_coachman/status/1655705765720498177,2023-05-08T22:46:30.000Z,A mulher colocou a mão na frente para esconder ...,0,0,1,https://twitter.com/padilhando/status/1655564797528666112
Breno Pereira,@brenoapereira,https://twitter.com/brenoapereira/status/1655737616820584449,2023-05-09T00:53:04.000Z,Ôdaci,0,0,0,https://twitter.com/padilhando/status/1655564797528666112
Paula,@Paula09167972,https://twitter.com/Paula09167972/status/1655807591056900096,2023-05-09T05:31:07.000Z,Tomara q esteja tomando mesmo a vacina.,0,0,1,https://twitter.com/padilhando/status/1655564797528666112
Lílian Pedro,@LilianPedro61,https://twitter.com/LilianPedro61/status/1655670375802339328,2023-05-08T20:25:53.000Z,"Devemos acreditar? Mais um mentindo Fique a vontade, tome o lote inteiro!",0,0,0,https://twitter.com/padilhando/status/1655564797528666112
Clau,@Clauoliveira_1,https://twitter.com/Clauoliveira_1/status/1655689630467997696,2023-05-08T21:42:23.000Z,Essa porcaria me rendeu uma miocardite.,0,0,0,https://twitter.com/padilhando/status/1655564797528666112
Rogerio,@rogermix69,https://twitter.com/rogermix69/status/1655896621262024705,2023-05-09T11:24:54.000Z,Eu com isso?,0,0,0,https://twitter.com/padilhando/status/1655564797528666112
Leodecio Tietbohl,@Tietbo2Leodecio,https://twitter.com/Tietbo2Leodecio/status/1655644169518366720,2023-05-08T18:41:45.000Z,"Marina não escapou com 4 doses, vai vendo.",0,0,0,https://twitter.com/padilhando/status/1655564797528666112
Vilson Santos,@VilsonS74659568,https://twitter.com/VilsonS74659568/status/1655647504971489289,2023-05-08T18:55:00.000Z,"Cometi a insanidade de tomar três doses da astrazeneca,se arrependimento matasse eu já estaria morto. Nunca mais tomo vacina experimental, não sou cobaia.😡😡😡",0,0,0,https://twitter.com/padilhando/status/1655564797528666112
Omar Carneiro,@OmarCarnei74734,https://twitter.com/OmarCarnei74734/status/1655651039180120074,2023-05-08T19:09:02.000Z,Forda. se  tome 2o  doses,0,0,0,https://twitter.com/padilhando/status/1655564797528666112
Evandro Boff,@evandro_boff,https://twitter.com/evandro_boff/status/1655668313333047323,2023-05-08T20:17:41.000Z,Vergonha alheia foi tocado de escanteio à pedido do Lira kkkk,0,0,0,https://twitter.com/padilhando/status/1655564797528666112
M,@Marbor1966,https://twitter.com/Marbor1966/status/1655670515153944583,2023-05-08T20:26:26.000Z,placebo so para os amigos do l adrao ne...kkkk,0,0,0,https://twitter.com/padilhando/status/1655564797528666112
Bruno Berga,@Berga0803,https://twitter.com/Berga0803/status/1655671265649106948,2023-05-08T20:29:25.000Z,Já vai tarde.,0,0,1,https://twitter.com/padilhando/status/1655564797528666112
Marta,@MartaAlvesOliv1,https://twitter.com/MartaAlvesOliv1/status/1655673182295040027,2023-05-08T20:37:02.000Z,boa sorte.,0,0,0,https://twitter.com/padilhando/status/1655564797528666112
Gomezⓟ ✠,@Gomesbjj13,https://twitter.com/Gomesbjj13/status/1655690407236317184,2023-05-08T21:45:28.000Z,E não se esqueça do Sutien.,0,0,2,https://twitter.com/padilhando/status/1655564797528666112
SINCERIDADE,@VivimeloAC,https://twitter.com/VivimeloAC/status/1655606467888664576,2023-05-08T16:11:56.000Z,"SEJA FELIZ MEU CARO, QUANDO VC TIVER AS REAÇÕES O POVO NÃO SABERÁ, MAS VC SIM. BOA VIDA.",0,0,2,https://twitter.com/padilhando/status/1655564797528666112
luis junior,@Descondenado23,https://twitter.com/Descondenado23/status/1655628425850236948,2023-05-08T17:39:11.000Z,"Pena que não há como injetar honestidade, lhe cairia bem.",0,0,2,https://twitter.com/padilhando/status/1655564797528666112
ReBorges,@Re_Borges1,https://twitter.com/Re_Borges1/status/1655641637555519489,2023-05-08T18:31:41.000Z,"Tome mesmo, tome todas!!!! Tome todas q estou deixando p vc!😂😂😂😂😂 😵",0,0,2,https://twitter.com/padilhando/status/1655564797528666112
Sancha !#naomecensure #paz,@sobreirasancha,https://twitter.com/sobreirasancha/status/1655666281209536534,2023-05-08T20:09:36.000Z,"Viva o SUS e nem usa,muita hipocrisia!!🤮",0,0,2,https://twitter.com/padilhando/status/1655564797528666112
Yvone Costa,@yvonefcosta,https://twitter.com/yvonefcosta/status/1655672661710610441,2023-05-08T20:34:58.000Z,Será que tomou mesmo ou imitou o Lula?,0,0,2,https://twitter.com/padilhando/status/1655564797528666112
Hernando,@hernandobn,https://twitter.com/hernandobn/status/1655696182453186563,2023-05-08T22:08:25.000Z,"Parasita 
Além de medíocre você é um fanfarrão",0,0,3,https://twitter.com/padilhando/status/1655564797528666112
Saraiva 009.'.,@009Saraiva,https://twitter.com/009Saraiva/status/1655702942341648384,2023-05-08T22:35:17.000Z,Não comemora antes de seis meses. 👍☠️,0,0,2,https://twitter.com/padilhando/status/1655564797528666112
LostInMetaverso,@LostInMetaverso,https://twitter.com/LostInMetaverso/status/1655704463644958722,2023-05-08T22:41:20.000Z,Não acredito. A mãozinha da enfermeira na frente.... tsc..tsc... eu não vi o liquido verdadeiro na seringa. Não acredito mesmo.,0,0,2,https://twitter.com/padilhando/status/1655564797528666112
John Lee Bruce,@JohnLeeBruce,https://twitter.com/JohnLeeBruce/status/1655704739848286209,2023-05-08T22:42:26.000Z,"Parabéns… agora tu tem 0,0003% menos chance de morrer de COVID que eu, mas tem 100% mais chance de ter reações adversas por ter tomado esse experimento aí kkkkkkkkkkkkkkkkkkkkkkkkk",0,0,2,https://twitter.com/padilhando/status/1655564797528666112
Careca Patriota,@CarecaPatriota,https://twitter.com/CarecaPatriota/status/1655645267876536345,2023-05-08T18:46:06.000Z,Tomou nada.....,0,0,0,https://twitter.com/padilhando/status/1655564797528666112
Endireita Brasil,@ajanali215,https://twitter.com/ajanali215/status/1655681215960064000,2023-05-08T21:08:57.000Z,"Bom pra vc..
 Faça um bom proveito",0,0,0,https://twitter.com/padilhando/status/1655564797528666112
Junior,@fernao_1978,https://twitter.com/fernao_1978/status/1655673261500276757,2023-05-08T20:37:21.000Z,Duvido!!!!!!!!,0,0,0,https://twitter.com/padilhando/status/1655564797528666112
Lucio Gomes,@luciohlgomes,https://twitter.com/luciohlgomes/status/1655677118108389381,2023-05-08T20:52:40.000Z,Pho...,0,0,0,https://twitter.com/padilhando/status/1655564797528666112
Daisy Rhosa,@DekhaRhosa,https://twitter.com/DekhaRhosa/status/1655683333844619264,2023-05-08T21:17:22.000Z,Já foi comprovado que o Bolsonaro estava certo: Hidrocloroquina e Ivermectina resolvem e é baratinho.,0,0,0,https://twitter.com/padilhando/status/1655564797528666112
José Drummond Drummond,@JosDrummondDru3,https://twitter.com/JosDrummondDru3/status/1655722566005276673,2023-05-08T23:53:16.000Z,Elu esqueceu de vestir o sutiã!,0,0,0,https://twitter.com/padilhando/status/1655564797528666112
EU,@DarcianaOlivei2,https://twitter.com/DarcianaOlivei2/status/1655725967183159297,2023-05-09T00:06:47.000Z,Cuidado em leu as reportagem ..  FICA LIGADO .🥴🥴🥴,0,0,0,https://twitter.com/padilhando/status/1655564797528666112
Valnei Berns,@BernsValnei,https://twitter.com/BernsValnei/status/1655729817445179395,2023-05-09T00:22:05.000Z,BOA SORTE...😁VAI PRECISAR DE MUITA SORTE...😎,0,0,0,https://twitter.com/padilhando/status/1655564797528666112
elyston pinto de castro,@DeElyston,https://twitter.com/DeElyston/status/1655730915132186624,2023-05-09T00:26:26.000Z,tic tac tic tac tic tac... esperando o efeito adverso aparecer,0,0,0,https://twitter.com/padilhando/status/1655564797528666112
