nome,usuario,idTweet,dataPublicacao,texto,replies,retweets,likes,tweetPai
BRAZIL REBIRTHS,@brazil_rebirths,https://twitter.com/brazil_rebirths/status/1655923382779535360,2023-05-09T13:11:14.000Z,Nossa! Que triste! Moço novo e batalhador. 😢😥,0,0,1,https://twitter.com/padilhando/status/1655922177730924544
Victor Marques,@VictorMPB500,https://twitter.com/VictorMPB500/status/1655923154965987330,2023-05-09T13:10:20.000Z,😱😱😱😱😱,0,0,0,https://twitter.com/padilhando/status/1655922177730924544
PF,@PDF_AM,https://twitter.com/PDF_AM/status/1655923119595347968,2023-05-09T13:10:11.000Z,menos um,0,0,0,https://twitter.com/padilhando/status/1655922177730924544
Cá siga Luz Del,@cassiaeli9,https://twitter.com/cassiaeli9/status/1656115215283388416,2023-05-10T01:53:31.000Z,"Uma perda irreparável para a democracia e os menos favorecidos.
Deus fortaleça a família e que onde estiver continue sua luta por amor e igualdade.",0,0,0,https://twitter.com/padilhando/status/1655922177730924544
Flávio Lins De Lima,@FlvioLins,https://twitter.com/FlvioLins/status/1655933973011517441,2023-05-09T13:53:19.000Z,Meus sentimentos aos familiares e amigos!,0,0,0,https://twitter.com/padilhando/status/1655922177730924544
Cláudio Roberto,@CludioR80796255,https://twitter.com/CludioR80796255/status/1656324685095632898,2023-05-10T15:45:52.000Z,"JANONES NA CPMI 
JANONES NA CPMI 
JANONES NA CPMI 
JANONES NA CPMI 
JANONES NA CPMI 
JANONES NA CPMI
JANONES NA CPMI 
JANONES NA CPMI 
JANONES NA CPMI 
JANONES NA CPMI 
JANONES NA CPMI 
JANONES NA CPMI
JANONES NA CPMI 
JANONES NA CPMI 
JANONES NA CPMI 
JANONES NA CPMI",0,0,1,https://twitter.com/padilhando/status/1655922177730924544
Mayara Santos,@MayaraS48478959,https://twitter.com/MayaraS48478959/status/1655924338707578881,2023-05-09T13:15:02.000Z,Nossos sentimentos,0,0,0,https://twitter.com/padilhando/status/1655922177730924544
Mauricio Brito,@Maurici11064083,https://twitter.com/Maurici11064083/status/1655930886284800003,2023-05-09T13:41:03.000Z,Limpesa,0,0,0,https://twitter.com/padilhando/status/1655922177730924544
FORA LIRA RÉU - EU AUTORIZO,@GiovaniSauthier,https://twitter.com/GiovaniSauthier/status/1656331403741609984,2023-05-10T16:12:34.000Z,"JANONES NA CPMI
JANONES NA CPMI
JANONES NA CPMI
JANONES NA CPMI
JANONES NA CPMI
JANONES NA CPMI
JANONES NA CPMI
JANONES NA CPMI
JANONES NA CPMI
JANONES NA CPMI
JANONES NA CPMI
JANONES NA CPMI
JANONES NA CPMI
JANONES NA CPMI
JANONES NA CPMI",0,0,0,https://twitter.com/padilhando/status/1655922177730924544
