nome,usuario,idTweet,dataPublicacao,texto,replies,retweets,likes,tweetPai
Ricardo Pereira,@rpereira1200,https://twitter.com/rpereira1200/status/1655930787383115777,2023-05-09T13:40:40.000Z,Vc é muito despreparada,1,0,0,https://twitter.com/adriventurasp/status/1655903007031062530
leonardo eber,@leonardoeber1,https://twitter.com/leonardoeber1/status/1655947236105412614,2023-05-09T14:46:01.000Z,"Como o parque industrial brasileiro esta sucateado , o Lula sindical do passado , percebeu que suas pautas nao poderia ser ganha nas industrias , mas , nas terras , no AGRO !

Ele fez uma troca muito inteligente , a LUTA em frente as fabricas , pela luta no campo .",0,0,1,https://twitter.com/adriventurasp/status/1655903007031062530
Almir Medeiros,@AlmirMedeiros5,https://twitter.com/AlmirMedeiros5/status/1655932116834881536,2023-05-09T13:45:57.000Z,E o PCC pela integração social.,0,0,1,https://twitter.com/adriventurasp/status/1655903007031062530
Moreira,@Moreira78630552,https://twitter.com/Moreira78630552/status/1656198340634132481,2023-05-10T07:23:49.000Z,"Mais o MST faz exatamente isso: melhorar políticas e formar cidadãos. Você conhece um assentamento ou acampamento do MST? Ou você assim como muitos só falam a partir do ""ouvi dizer"". O MST já foi premiado internacionalmente. Nós brasileiros que não sabemos seu valor.",0,0,0,https://twitter.com/adriventurasp/status/1655903007031062530
Marcos,@nexus5mrmail,https://twitter.com/nexus5mrmail/status/1656045981660508160,2023-05-09T21:18:24.000Z,E o CNPJ está inapto,0,0,1,https://twitter.com/adriventurasp/status/1655903007031062530
Erik Torbent,@eriktorbent,https://twitter.com/eriktorbent/status/1656102098256232454,2023-05-10T01:01:23.000Z,"Deputada, foco na legislação que tentam passar para impedir a sociedade de falar e se manifestar.
Enquanto o STF for esse, o mst será sempre herói.",0,0,0,https://twitter.com/adriventurasp/status/1655903007031062530
Maria Renata Casella,@mr_casella,https://twitter.com/mr_casella/status/1655912792719781892,2023-05-09T12:29:09.000Z,#CPIdoMSTJá,0,0,1,https://twitter.com/adriventurasp/status/1655903007031062530
