nome,usuario,idTweet,dataPublicacao,texto,replies,retweets,likes,tweetPai
Mokai,@m_mokai13,https://twitter.com/m_mokai13/status/1655244081369317385,2023-05-07T16:11:56.000Z,Tudo c selo de autenticidade da marca dos bolsonaros,0,0,1,https://twitter.com/BohnGass/status/1655242759685431297
Michella Zonta,@zonta_michella,https://twitter.com/zonta_michella/status/1655323977777135616,2023-05-07T21:29:25.000Z,🤔,0,0,0,https://twitter.com/BohnGass/status/1655242759685431297
Lucio Antonio Bezerra de Melo,@LucioAntonioBe1,https://twitter.com/LucioAntonioBe1/status/1655735576417521664,2023-05-09T00:44:58.000Z,"Cara, admirável seu BQi ➡️🦄🧲🦄🧲🦄🧲➡️🙃🙃➡️👀",0,0,0,https://twitter.com/BohnGass/status/1655242759685431297
Marcelo De Toledo Cerqueira,@MarceloDeToled1,https://twitter.com/MarceloDeToled1/status/1655269318081249285,2023-05-07T17:52:13.000Z,"Velhinho decrépito 
..",0,0,0,https://twitter.com/BohnGass/status/1655242759685431297
Eduardo Garcia,@edugarciaa,https://twitter.com/edugarciaa/status/1655477566646497282,2023-05-08T07:39:43.000Z,"ANDERSON TORRES É PRESO POLÍTICO, passando por tortura psicológica, o que ocorre somente em ditaduras.",0,0,0,https://twitter.com/BohnGass/status/1655242759685431297
Ander Bia,@anderbiamori,https://twitter.com/anderbiamori/status/1655325088676294658,2023-05-07T21:33:50.000Z,Serio  ?e o ex detento??,0,0,0,https://twitter.com/BohnGass/status/1655242759685431297
Carlos Carmo Milaré,@carlosmilare,https://twitter.com/carlosmilare/status/1655890408721858569,2023-05-09T11:00:13.000Z,"Pode falar a vontade, você é protegido pela verdade da toga, pelo Rei I
O veredito já está dado antes do julgamento pelo seu ministro da justiça, o Rei II .",0,0,0,https://twitter.com/BohnGass/status/1655242759685431297
Jaguar -- Sylvio Arn●ld● Dick-Jantzen,@Schakofterick,https://twitter.com/Schakofterick/status/1655248717149097988,2023-05-07T16:30:21.000Z,"Mas de qquer modo, essa situação parece estagnada.
Talvez haja uma progressão dessa investigação na realidade. (?)
Mas nas redes, q têm outra velocidade, fica a ideia de marasmo, de inação.
E essa dissicronidade redes/realidade é fator gerador de fakenews, contra o gov., óbvio.",1,0,0,https://twitter.com/BohnGass/status/1655242759685431297
luis junior,@Descondenado23,https://twitter.com/Descondenado23/status/1655375759337299969,2023-05-08T00:55:11.000Z,Meio óbvio isso.,0,0,0,https://twitter.com/BohnGass/status/1655242759685431297
Lucho Coelho,@luchocoelho,https://twitter.com/luchocoelho/status/1655254631730085888,2023-05-07T16:53:52.000Z,medo do Torres ser solto e devido a pressão mental cometer um suicídio com um tiro nas costas e outros 7 na cabeça,0,0,0,https://twitter.com/BohnGass/status/1655242759685431297
JR_IVARAGNAROK,@JR_IVARAGNAROK,https://twitter.com/JR_IVARAGNAROK/status/1655275658409304065,2023-05-07T18:17:25.000Z,Você tens visitado o Palocci???,0,0,2,https://twitter.com/BohnGass/status/1655242759685431297
KLÉBER LUIZ SASSO,@SassoKleber,https://twitter.com/SassoKleber/status/1655283366806147074,2023-05-07T18:48:02.000Z,Babaca,0,0,0,https://twitter.com/BohnGass/status/1655242759685431297
Cidadão Mané,@CidadaoMane,https://twitter.com/CidadaoMane/status/1655245871590658053,2023-05-07T16:19:03.000Z,E G. Dias solto.,0,0,1,https://twitter.com/BohnGass/status/1655242759685431297
Carlos Fernandes,@CarlosF31848958,https://twitter.com/CarlosF31848958/status/1655363789536067585,2023-05-08T00:07:37.000Z,Sim mas e os Bolsonaristas senadores não foram lá calar ele?,0,0,0,https://twitter.com/BohnGass/status/1655242759685431297
Breno Cunha,@BrenoCu72923391,https://twitter.com/BrenoCu72923391/status/1655243064691048448,2023-05-07T16:07:54.000Z,@STF_oficial 👀,0,0,1,https://twitter.com/BohnGass/status/1655242759685431297
Sela,@SelaniraB,https://twitter.com/SelaniraB/status/1655276772219400196,2023-05-07T18:21:50.000Z,BohnGass o sr ainda é deputado? Por isso que esse País ta do jeito que está !,0,0,4,https://twitter.com/BohnGass/status/1655242759685431297
Jose Hilton,@AlcantaraHilton,https://twitter.com/AlcantaraHilton/status/1655249930729013248,2023-05-07T16:35:11.000Z,"Acho que a justiça errou.
Tinha que ter aproveitado e perdido as chaves das celas logo após que o Flávio Rachadinha @FlavioBolsonaro entrasse.",0,0,0,https://twitter.com/BohnGass/status/1655242759685431297
Ralph,@Ralph4497272324,https://twitter.com/Ralph4497272324/status/1655500654633263106,2023-05-08T09:11:28.000Z,ASSIM COMO O BOLSONARO TAMBÉM JÃ DEVESSE ESTAR ENCARCERADO VIA UM COCKTAIL JURÍDICO PREVENTIVAMENTE CAUTELAR A EVITAR - LHE A MOVIMENTAÇÃO ONDE ÁGUAS LÍMPIDAS TURVEM...,0,0,0,https://twitter.com/BohnGass/status/1655242759685431297
Jordana Portilho gama,@gama_portilho,https://twitter.com/gama_portilho/status/1655346904048234497,2023-05-07T23:00:31.000Z,"Justiça não, um ditador metido a lei , Anderson Torres cometeu qual crime ???",0,0,0,https://twitter.com/BohnGass/status/1655242759685431297
Jordana Portilho gama,@gama_portilho,https://twitter.com/gama_portilho/status/1655347509856747523,2023-05-07T23:02:55.000Z,Esse é o motivo da prisão do Anderson,0,0,0,https://twitter.com/BohnGass/status/1655242759685431297
Mauricio Mauricio filho.,@Mauriciommfilho,https://twitter.com/Mauriciommfilho/status/1655244048645365760,2023-05-07T16:11:48.000Z,COMENTA OS 95 MIL GASTOS PELO LULA EM DIARIAS,0,0,0,https://twitter.com/BohnGass/status/1655242759685431297
