nome,usuario,idTweet,dataPublicacao,texto,replies,retweets,likes,tweetPai
Adriana Ventura,@adriventurasp,https://twitter.com/adriventurasp/status/1655885800662261761,2023-05-09T10:41:54.000Z,"Inúmeros brasileiros que dependem do turismo serão prejudicados. 

Quem vai querer pagar pela burocracia brasileira para nos visitar?",2,1,45,https://twitter.com/adriventurasp/status/1655885799089401860
Adriana Ventura,@adriventurasp,https://twitter.com/adriventurasp/status/1655885803724177409,2023-05-09T10:41:55.000Z,"Não há como se apoiar no princípio da reciprocidade perante outros países considerando os diferentes critérios existentes em outras nações. 

A isenção de visto colabora para a economia do Brasil e precisa ser mantida.",3,1,47,https://twitter.com/adriventurasp/status/1655885799089401860
Fernando,@FernandoNeiva11,https://twitter.com/FernandoNeiva11/status/1656014460178374659,2023-05-09T19:13:09.000Z,"Então vc e os deputados da direita bolsonarista pensam que os americanos, australianos, japoneses e canadenses são raças superiores a nós brasileiros ? Porque para nós é obrigado o visto e para eles não ?  Certíssimo o presidente Lula a lei da reciprocidade.",0,0,4,https://twitter.com/adriventurasp/status/1655885799089401860
zé ninguém,@WalterJ39460463,https://twitter.com/WalterJ39460463/status/1656953372459556864,2023-05-12T09:24:03.000Z,"Larga a mão de ser capacho , moça. Existe uma coisa que chama princípio da reciprocidade. Para entrar nesse países tem que ter visto e o visto é pago e caro. A sra, como uma representante do povo devia ter vergonha de postar isso. Representante de qual povo? Reciprocidade.",0,0,0,https://twitter.com/adriventurasp/status/1655885799089401860
Araceli Buzzi Teixeira,@AraceliBuzzi,https://twitter.com/AraceliBuzzi/status/1655887417872728067,2023-05-09T10:48:19.000Z,"Bom dia! Vocês precisam se unir para corrigir a formação da mesa na CPMI. Façam obstrução, partam para cima, CPMI já",0,0,1,https://twitter.com/adriventurasp/status/1655885799089401860
Fizuélisson,@CLamentando5,https://twitter.com/CLamentando5/status/1655974720460685318,2023-05-09T16:35:14.000Z,"Largue se sabujice!

Está corretíssima a decisão. Tratamento igualitário!",0,0,1,https://twitter.com/adriventurasp/status/1655885799089401860
Ricardo Oliveira ᶜʳᶠ ¹⁸⁹⁵,@Ricardo_O_Fla,https://twitter.com/Ricardo_O_Fla/status/1656006529806475264,2023-05-09T18:41:38.000Z,"isso  chama-se reciprocidade é o fator mais importante na diplomacia.  @LulaOficial ,@STF_oficial ,@MPF_PGR . Tem assuntos que só devem ser tratados por quem conhece de verdade. @GloboNews ,@ArthurLira_",0,1,1,https://twitter.com/adriventurasp/status/1655885799089401860
Marcus.Arthur,@marcus_vasc,https://twitter.com/marcus_vasc/status/1655910232130822147,2023-05-09T12:18:59.000Z,Bom dia. Demande a reforma do judiciário Sra deputada!!,0,0,3,https://twitter.com/adriventurasp/status/1655885799089401860
Luiz Carlos Lima,@oliveira2010201,https://twitter.com/oliveira2010201/status/1655890614834155522,2023-05-09T11:01:02.000Z,Reciprocidade!!!!!!!!,0,0,2,https://twitter.com/adriventurasp/status/1655885799089401860
SPLibertário,@sp_libertario,https://twitter.com/sp_libertario/status/1655887908430135304,2023-05-09T10:50:16.000Z,Parabéns! Quem depende do turismo agradece.,1,0,1,https://twitter.com/adriventurasp/status/1655885799089401860
Amigos Da Lava Jato,@AmigosJato,https://twitter.com/AmigosJato/status/1656321515992875010,2023-05-10T15:33:17.000Z,Mas estes paises exigem nosso visto..por que nao exigir deles  tbem??,0,0,0,https://twitter.com/adriventurasp/status/1655885799089401860
Rmoreira,@Rmoreira42,https://twitter.com/Rmoreira42/status/1655930040293691393,2023-05-09T13:37:41.000Z,Novo aquele partido que já nasceu velho e com apenas (8) deputados eleito deverá ser extinto até 2026 deixem aqui a sua risada. Kkkkkkkkkkkkkkkkkkkkkkkkkkk,2,0,2,https://twitter.com/adriventurasp/status/1655885799089401860
Mara,@Mara79681120,https://twitter.com/Mara79681120/status/1656038300283445249,2023-05-09T20:47:53.000Z,Vão perder.,0,0,0,https://twitter.com/adriventurasp/status/1655885799089401860
Professor Liberal,@Roof_Titulos,https://twitter.com/Roof_Titulos/status/1656002731172143107,2023-05-09T18:26:32.000Z,Caso a deputada não saiba mas existe uma política diplomática de mutualidade is países tendem a exigir visto a países que exigem isso facilita na diplomacia por exemplo que os australianos fazem tanta questão de vir vãi permitir que brasileiros também vão para la sem visto,1,0,0,https://twitter.com/adriventurasp/status/1655885799089401860
Flavio Lima,@Flavio_Lima,https://twitter.com/Flavio_Lima/status/1656057994826899457,2023-05-09T22:06:08.000Z,Reciprocidade? Porque escolhem essas bandeiras inúteis?,0,0,0,https://twitter.com/adriventurasp/status/1655885799089401860
Ricardo Pereira,@rpereira1200,https://twitter.com/rpereira1200/status/1655888742052163587,2023-05-09T10:53:35.000Z,Sabe o que é reciprocidade? Claro q não sabe.,0,0,1,https://twitter.com/adriventurasp/status/1655885799089401860
JOSE AUGUSTO DE MELO FILHO,@Augusto822PP,https://twitter.com/Augusto822PP/status/1655895319710687233,2023-05-09T11:19:43.000Z,"A sra. é mais uma do supra-sumo do lixo do bolsonarismo não tem conhecimento de nada ,o nome disso chama-se RECIPROCIDADE .",0,0,0,https://twitter.com/adriventurasp/status/1655885799089401860
Nelcy Aquino,@AquinoNelcy,https://twitter.com/AquinoNelcy/status/1656023427117981723,2023-05-09T19:48:47.000Z,"Princípio da reciprocidade sim, afinal eles não são superiores a nós brasileiros pra terem um direito aqui que não temos por lá.  Deveria estar pleiteando medidas que impulsionasse o turismo interno. Afinal nosso Brasil é lindo!",0,0,0,https://twitter.com/adriventurasp/status/1655885799089401860
José Batista de Sous,@jobatdesigner,https://twitter.com/jobatdesigner/status/1655916705871265793,2023-05-09T12:44:42.000Z,Vídeo para posteridade,0,0,0,https://twitter.com/adriventurasp/status/1655885799089401860
Antonio A,@Antonio3064,https://twitter.com/Antonio3064/status/1655933412035932161,2023-05-09T13:51:05.000Z,"Deputada, é necessário dizer isso para a MINISTRA DO TURISMO.   Ela está de acordo com a medida?  Ninguém sabe que ela existe, parece.
DANIELA DO WAGUINHO, parece ser ela. 
Onde está Daniela do Waguinho, para permitir que se crie mais um obstáculo ao Turismo ?",0,0,0,https://twitter.com/adriventurasp/status/1655885799089401860
Só Observo,@WinstonHolmes9,https://twitter.com/WinstonHolmes9/status/1655896762786234369,2023-05-09T11:25:27.000Z,"Boa! Sigamos o exemplo do Chile. Derrotemos as medidas erradas do Executivo no Congresso. 
Nem um direito individual a menos! 
Retrocessos não passarão!",0,0,0,https://twitter.com/adriventurasp/status/1655885799089401860
FimDeDomingo,@PutoCmgmsm,https://twitter.com/PutoCmgmsm/status/1655992470226849792,2023-05-09T17:45:46.000Z,"o NOVO é um lixo, e a senhora é uma desqualificada... baratas da politica",0,0,0,https://twitter.com/adriventurasp/status/1655885799089401860
Felipe Macedo,@Felipejfm2019,https://twitter.com/Felipejfm2019/status/1656021458525487104,2023-05-09T19:40:57.000Z,"e vcs ainda se dizem ""patriotas""??? tem certeza?",0,0,0,https://twitter.com/adriventurasp/status/1655885799089401860
Marcelo Lissa,@MarceloLissa,https://twitter.com/MarceloLissa/status/1655959820950962178,2023-05-09T15:36:02.000Z,"Ótimas iniciativas do @partidonovo30 
Se com a Rede dá certo, então vamos usar a mesma tática.",0,0,0,https://twitter.com/adriventurasp/status/1655885799089401860
Divino Alvim,@DivinoAlvim2,https://twitter.com/DivinoAlvim2/status/1655942935291244549,2023-05-09T14:28:56.000Z,"Novo velho, lotado de golpistas e mulher anti-mulheres.",0,0,0,https://twitter.com/adriventurasp/status/1655885799089401860
E C A,@Eduardo38085318,https://twitter.com/Eduardo38085318/status/1656030055787577353,2023-05-09T20:15:07.000Z,"NOVO virou um puxadinho mau acabado do NAZISMO BR, o que nasceu pra ser novo, se mostrou mais velho do que nunca!",0,0,0,https://twitter.com/adriventurasp/status/1655885799089401860
LFS_22,@Luiz_FLS22,https://twitter.com/Luiz_FLS22/status/1655960033438445572,2023-05-09T15:36:52.000Z,"Temos que convocar os 3 Comandantes Militares para se pronunciarem se perceberam algum Golpe Institucional em 8 de Janeiro.
Se perceberam, o que firaram para impedir?
Se não perceberam, o ele estariam preparados para fazer se houvesse.
Temos que destruir essa mordaça da esquerda.",0,0,0,https://twitter.com/adriventurasp/status/1655885799089401860
LFS_22,@Luiz_FLS22,https://twitter.com/Luiz_FLS22/status/1655960061494333441,2023-05-09T15:36:59.000Z,"SALVEM OS MILITARES, ELES FORAM AMORDAÇADOS PELA ESQUERDA E DEIXARAM DE SER PESSOAS NORMAIS E PASSARAM A SER PROSCRITOS.",0,0,0,https://twitter.com/adriventurasp/status/1655885799089401860
