nome,usuario,idTweet,dataPublicacao,texto,replies,retweets,likes,tweetPai
JR_IVARAGNAROK,@JR_IVARAGNAROK,https://twitter.com/JR_IVARAGNAROK/status/1655286606079877121,2023-05-07T19:00:55.000Z,Por que a porra dessa vacina não impediu a hospitalização da Marina Silva? Ela não se vacinou?,0,1,3,https://twitter.com/BohnGass/status/1655243941044682752
PoA,@poarsmara,https://twitter.com/poarsmara/status/1655273736910536708,2023-05-07T18:09:47.000Z,"Ahhhh, vá te catar!!!!! Querem $$$$$ com essas narrativas de prevenção se vacinando, né ? Cadê o Dudu para prestar contas dos milhões de $$$$ que recebeu do Governo Federal para combater à pandemia????",0,1,1,https://twitter.com/BohnGass/status/1655243941044682752
PoA,@poarsmara,https://twitter.com/poarsmara/status/1655307498138550273,2023-05-07T20:23:56.000Z,"Vamos pessoal… vamos continuar a se vacinar , pois essa gente precisa muito de $$$$$$. Diabólicos!!!!! 👿👿👿👿👿",0,1,1,https://twitter.com/BohnGass/status/1655243941044682752
Elvio Brasil,@brasil_elvio,https://twitter.com/brasil_elvio/status/1655343784790577155,2023-05-07T22:48:07.000Z,"Vc é ridículo, vergonha pro meu RS",0,0,0,https://twitter.com/BohnGass/status/1655243941044682752
Leon Liñares,@xenotar31,https://twitter.com/xenotar31/status/1655373964405796864,2023-05-08T00:48:03.000Z,Há pandemia,0,0,0,https://twitter.com/BohnGass/status/1655243941044682752
Ivoneprof,@profindig,https://twitter.com/profindig/status/1655283949608861696,2023-05-07T18:50:21.000Z,OI,0,1,2,https://twitter.com/BohnGass/status/1655243941044682752
