nome,usuario,idTweet,dataPublicacao,texto,replies,retweets,likes,tweetPai
nede silva,@nedelande,https://twitter.com/nedelande/status/1657421121849810945,2023-05-13T16:22:43.000Z,Eu ficaria preocupado se o Stedile defendesse a Embrapa,0,0,0,https://twitter.com/Alceu_Moreira/status/1656760556081016835
newton alves,@NewitonAlves,https://twitter.com/NewitonAlves/status/1656766539113136130,2023-05-11T21:01:38.000Z,"Deputado @Alceu_Moreira este indivíduo não pode sair impune, ele trás perigo a sociedade brasileira.",0,0,0,https://twitter.com/Alceu_Moreira/status/1656760556081016835
SobreViverNoCaos,@Sobre_Vivente99,https://twitter.com/Sobre_Vivente99/status/1657158774656729089,2023-05-12T23:00:15.000Z,"Praticamente irretocável a fala do Stedille. Seis anos de sucateamento da instituição, 3 semestres sem envio de recursos financeiros para projetos de pesquisa. Enquanto isso, você apoia gestores que agem apenas com base no ódio e raiva das administrações anteriores.",0,0,0,https://twitter.com/Alceu_Moreira/status/1656760556081016835
Daniel Franche,@franche_daniel,https://twitter.com/franche_daniel/status/1656764658647277570,2023-05-11T20:54:10.000Z,"Temos De Convir Que A Reforma Agrária Com Responsabilidade De Reflorestamento E De Preservação Ambiental É Bem Mais Útil E Produtivo Do Que Terras Ociosas E Improdutivas, Se Os Latifundiários Não Pegaram A Visão Do Que Está Acontecendo No Mundo? Alguém Tem Que Fazer!",0,0,0,https://twitter.com/Alceu_Moreira/status/1656760556081016835
