nome,usuario,idTweet,dataPublicacao,texto,replies,retweets,likes,tweetPai
CLEIDE HIGUTI,@CleideHiguti,https://twitter.com/CleideHiguti/status/1656448988286193664,2023-05-10T23:59:48.000Z,Este projeto ajudará muitas pessoas pois o custo da 1a. habilitação é alto e inacessível para uma parcela da população.  É um projeto de inclusão social pois qualifica o pobre cidadão! Parabéns pelo trabalho 👏👏👏,0,0,1,https://twitter.com/AlencarBraga13/status/1656434142052257792
Taus,@Tauslol,https://twitter.com/Tauslol/status/1658186385440792600,2023-05-15T19:03:36.000Z,Eu ganhei esse benefício e não consegui fazer as aulas até hoje. As auto escolas da minha cidade é uma máfia,0,0,0,https://twitter.com/AlencarBraga13/status/1656434142052257792
thadeu valério,@thaads,https://twitter.com/thaads/status/1658555702560935944,2023-05-16T19:31:08.000Z,Amém!!!,0,0,0,https://twitter.com/AlencarBraga13/status/1656434142052257792
José Luiz,@jluizfagundes1,https://twitter.com/jluizfagundes1/status/1656710007822467090,2023-05-11T17:17:00.000Z,Distribuição de dinheiro,0,0,0,https://twitter.com/AlencarBraga13/status/1656434142052257792
Utopia Brasil,@DistopiaBrazil,https://twitter.com/DistopiaBrazil/status/1656520977239375873,2023-05-11T04:45:52.000Z,👏👏👏👏👏👏,0,0,0,https://twitter.com/AlencarBraga13/status/1656434142052257792
Oda Gonçalves,@OdaGonalves,https://twitter.com/OdaGonalves/status/1656616819837267973,2023-05-11T11:06:42.000Z,Muito bemmm!!🤝🤝👏👏👏,0,0,0,https://twitter.com/AlencarBraga13/status/1656434142052257792
Marisa victorio da silva,@victorio_marisa,https://twitter.com/victorio_marisa/status/1656451443438518272,2023-05-11T00:09:34.000Z,"🏁🚗📨📄APROVADO

Câmara aprova projeto relatado por Alencar Santana que destina parte dos recursos das multas para a ""CNH social"", que isenta os custos da carteira de habilitação para pessoas de baixa renda.

É o PL 3965/2021, de autoria do meu companheiro @dep_guimaraes (PT-CE)",0,0,0,https://twitter.com/AlencarBraga13/status/1656434142052257792
Marisa victorio da silva,@victorio_marisa,https://twitter.com/victorio_marisa/status/1656451513600942080,2023-05-11T00:09:50.000Z,👏🏽👏🏽👏🏽,0,0,0,https://twitter.com/AlencarBraga13/status/1656434142052257792
