nome,usuario,idTweet,dataPublicacao,texto,replies,retweets,likes,tweetPai
#ikarochaves,@ikaro_chaves,https://twitter.com/ikaro_chaves/status/1656994044122210306,2023-05-12T12:05:40.000Z,"Meu presidente mandando ver!
Além de retomar a Eletrobras para o povo brasileiro, é preciso fazer com que os responsáveis pela roubalheira da Privatização sejam devidamente punidos.
Cadeia para os que roubaram o patrimônio do país.#ReestatizaEletrobrasJa",3,5,11,https://twitter.com/AlencarBraga13/status/1656823119015735296
LOVE,@LOVEred1976,https://twitter.com/LOVEred1976/status/1656980178780790787,2023-05-12T11:10:34.000Z,Será uma verdadeira guerra tirar a #Eletrobras das mãos dos banqueiros amigos do Guedes,0,2,3,https://twitter.com/AlencarBraga13/status/1656823119015735296
Salve a ELETROBRAS,@Bentevibentivi,https://twitter.com/Bentevibentivi/status/1657887998082514944,2023-05-14T23:17:55.000Z,@lula #ReestatizaEletrobrasJá Energia e serviço público essencial e tem de estar sob controle estatal!,0,0,1,https://twitter.com/AlencarBraga13/status/1656823119015735296
PAULO,@PauloVermebola,https://twitter.com/PauloVermebola/status/1656917329580572673,2023-05-12T07:00:50.000Z,"Mais uma bandidagem dos que se dizem honestos. 

Viva o Lula.",0,2,5,https://twitter.com/AlencarBraga13/status/1656823119015735296
Michaela Dellabianca,@MauraMichaela,https://twitter.com/MauraMichaela/status/1657518179730505728,2023-05-13T22:48:23.000Z,Vamos em frente deputado @AlencarBraga13! Nós apoiamos a ação de @LulaOficial e da @AdvocaciaGeral @jorgemessiasagu pela retomada do poder de voto #43daUniãoNaEletrobrasJá e contamos com a Frente Parlamentar pela Reestatização da Eletrobras! #LulaReestatizaEletrobrasJá,0,2,4,https://twitter.com/AlencarBraga13/status/1656823119015735296
Lucena.jr,@JrWaldez,https://twitter.com/JrWaldez/status/1656831470432911360,2023-05-12T01:19:39.000Z,#43%DaUniãoNaEletrobrasJá #LulaReestatizaEletrobrasJá #EletrobrasPública #ReestatizaEletrobrasJá @AlencarBraga13 @costa_rui @erikakokay @BohnGass @Glauber_Braga @gleisi @LulaOficial @JanjaLula @Pimenta13Br @requiaooficial @rfalcao13,0,7,9,https://twitter.com/AlencarBraga13/status/1656823119015735296
Sandro Jucão,@Jucones,https://twitter.com/Jucones/status/1657006060933087232,2023-05-12T12:53:25.000Z,#43daUniãoNaEletrobrasJá,0,2,2,https://twitter.com/AlencarBraga13/status/1656823119015735296
Rodrigo Maia,@Rodrigo22566544,https://twitter.com/Rodrigo22566544/status/1656983345840943106,2023-05-12T11:23:09.000Z,"Reestatiza a Eletrobras já, Lula!!!@LulaOficial",0,2,2,https://twitter.com/AlencarBraga13/status/1656823119015735296
Orlando Souza de Almeida Junior,@OrlandoSouzad10,https://twitter.com/OrlandoSouzad10/status/1656975974418841601,2023-05-12T10:53:52.000Z,"#EletrobrasPublicaValeALuta 
#43%daUniãoNaEletrobrasJá
Este Crime de Lesa Pátria deve ser revisto pelo governo e Restituir a Eletrobrás dos brasileiros e manter a empresa pública para o crescimento, desenvolvimento e geração de empregos no local instalado.",1,5,5,https://twitter.com/AlencarBraga13/status/1656823119015735296
BARTON AZAMBUJA,@BARTON_21,https://twitter.com/BARTON_21/status/1656833442762436609,2023-05-12T01:27:29.000Z,#EletrobrasPública,0,4,7,https://twitter.com/AlencarBraga13/status/1656823119015735296
BARTON AZAMBUJA,@BARTON_21,https://twitter.com/BARTON_21/status/1656834439060619266,2023-05-12T01:31:27.000Z,"Rápido Presidente,porque estão desmanchando a Eletrobras, estão vendendo seus ativos, estão querendo vender as sedes de Florianópolis, estão acabando com a Eletrobras.",0,5,9,https://twitter.com/AlencarBraga13/status/1656823119015735296
JOSE RINALDO,@JOSERIN19989393,https://twitter.com/JOSERIN19989393/status/1657075736778244122,2023-05-12T17:30:17.000Z,"O presidente@LulaOficialmandou o recado alto e claro na Bahia: não vamos aceitar a falcatrua absurda que é o fato de o governo federal ter 43% das ações da Eletrobras, mas possui menos de 10% dos votos na direção da empresa. #ReestatizaEletrobrasJá",0,2,3,https://twitter.com/AlencarBraga13/status/1656823119015735296
Carrancudo,@carrancaenergia,https://twitter.com/carrancaenergia/status/1656977357138173952,2023-05-12T10:59:21.000Z,Nosso Deputado! Sempre na defesa da ELETROBRAS!!! 👏👏👏#ReestatizaEletrobrasJá,0,2,2,https://twitter.com/AlencarBraga13/status/1656823119015735296
PRIVATIZATIONTERMINATORCORP.,@PRV10Z1TERMINA2,https://twitter.com/PRV10Z1TERMINA2/status/1657520884007960577,2023-05-13T22:59:08.000Z,Agradecemos todo apoio @AlencarBraga13 para #43daUniaonaEletrobrasJá e #ReestatizaEletrobrasJá @LulaOficial @JanjaLula @ColetivoSalaPT @radioptbrasil @gleisi @PTnoSenado @ptbrasil @PTnaCamara @PTno_Parlamento @ComiteLula @ComiteLula13UK @ptbrasil @guimaraes13PT @jaqueswagner,0,2,2,https://twitter.com/AlencarBraga13/status/1656823119015735296
Rafael Pacchini junior,@rpacchini,https://twitter.com/rpacchini/status/1656824095554646016,2023-05-12T00:50:21.000Z,"Ministro Alexandre de Moraes praticou tortura, conforme nossa constituição.
Sofrerá impeachment com certeza.Vários vídeos de Bastidores mostram , o movimento hoje !
Os políticos de esquerda que estão barbarizando e surfando no ódio...serão penalizados !",3,0,0,https://twitter.com/AlencarBraga13/status/1656823119015735296
kakah,@kakahmenina,https://twitter.com/kakahmenina/status/1656833886582652929,2023-05-12T01:29:15.000Z,Parabéns pela iniciativa. @LulaOficial demonstra responsabilidade com o país e compromisso com as promessas de campanha. Vamos em frente pela retomada da Eletrobras 🇧🇷🇧🇷👏🏻🤝🏻🤝🏻#43%daUniãoNaEletrobrasJá #ReestatizaEletrobrasJá,2,13,16,https://twitter.com/AlencarBraga13/status/1656823119015735296
Qwerp,@Qwerp67823972,https://twitter.com/Qwerp67823972/status/1656864116101861376,2023-05-12T03:29:22.000Z,"Se a empresa quebrar quem paga é o POVO BRASILEIRO, pq a União não manda em nada com 43% mas se os fraudadores das Americanas falirem a Eletrobras,  a União (dinheiro público) tem que arcar com TODO PREJUÍZO.",1,4,4,https://twitter.com/AlencarBraga13/status/1656823119015735296
Marisa victorio da silva,@victorio_marisa,https://twitter.com/victorio_marisa/status/1656839818070880257,2023-05-12T01:52:49.000Z,"#ReestatizaEletrobrasJá não vamos aceitar a falcatrua ⚖️ ✔️O presidente Lula mandou o recado alto e claro na Bahia: não vamos aceitar a falcatrua absurda que é o fato de o governo federal ter 43% das ações da Eletrobras,mas possui menos de 10% dos votos na direção da empresa.👏🏽",0,4,5,https://twitter.com/AlencarBraga13/status/1656823119015735296
