nome,usuario,idTweet,dataPublicacao,texto,replies,retweets,likes,tweetPai
Drica Andrade,@dricarocha2021,https://twitter.com/dricarocha2021/status/1656093027096469504,2023-05-10T00:25:21.000Z,"FALA SOBRE DIREITOS HUMANOS....😊😂😂😂😂E sobre TIRAR ÁGUA da boca de um povo que SEMPRE PASSOU SEDE ele fala? 
Tirar a água dos nordestinos pra beneficiar os CORONÉIS do cangaço que estão VENDENDO água
Vcs fedem.",0,0,0,https://twitter.com/AlencarBraga13/status/1656024316620808216
Marisa victorio da silva,@victorio_marisa,https://twitter.com/victorio_marisa/status/1656027591503953931,2023-05-09T20:05:19.000Z,"#OBrasilVoltou A cara do Brasil! - 🖤🤍 -  CCJ - Direitos Humanos ✔️Sempre um prazer encontrar o professor e amigo @silviolual e ouvir as aulas que ele dá a cada vez que fala sobre os direitos humanos e o Brasil em geral, ainda mais agora, como ministro, fazendo um trabalho+",0,0,0,https://twitter.com/AlencarBraga13/status/1656024316620808216
Marisa victorio da silva,@victorio_marisa,https://twitter.com/victorio_marisa/status/1656027890356461568,2023-05-09T20:06:31.000Z,excepcional.👏🏽👏🏽,0,0,0,https://twitter.com/AlencarBraga13/status/1656024316620808216
