nome,usuario,idTweet,dataPublicacao,texto,replies,retweets,likes,tweetPai
Nilson Ramos,@NilsonR23834882,https://twitter.com/NilsonR23834882/status/1656722396118654980,2023-05-11T18:06:14.000Z,"Guarulhos está vendo tudo isso que vc chama de trabalho deputado.

Não se preocupe, nas próximas eleições não esqueceremos kkkk",0,0,0,https://twitter.com/AlencarBraga13/status/1656675210760970246
Marisa victorio da silva,@victorio_marisa,https://twitter.com/victorio_marisa/status/1656682934852546560,2023-05-11T15:29:26.000Z,Salvar muitas vidas ⭐✊🍀😀✔️A caminho do Ministério da Justiça tratar de um assunto para salvar muitas vidas.,0,0,0,https://twitter.com/AlencarBraga13/status/1656675210760970246
