nome,usuario,idTweet,dataPublicacao,texto,replies,retweets,likes,tweetPai
arianna Guzo,@GuzoMarianna,https://twitter.com/GuzoMarianna/status/1656391149328711681,2023-05-10T20:09:58.000Z,☺🇧🇷,0,0,1,https://twitter.com/padilhando/status/1656389571829964800
Durval Henrique,@DurvalHenrique,https://twitter.com/DurvalHenrique/status/1656390676551024640,2023-05-10T20:08:06.000Z,"Ola ministro, alguma novidade quando o presidente Lula vai assinar o piso da enfermagem depois que o congresso já aprovou, obrigado !",0,0,0,https://twitter.com/padilhando/status/1656389571829964800
Rasec Avlis,@rasec_avlis,https://twitter.com/rasec_avlis/status/1656391350193905669,2023-05-10T20:10:46.000Z,Os Baianos vão adorar essa notícia  kkkk,0,1,0,https://twitter.com/padilhando/status/1656389571829964800
#FORA LULA #FORA DESGOVERNO CORRUPTO,@SobreviventeSP,https://twitter.com/SobreviventeSP/status/1656393229829386241,2023-05-10T20:18:14.000Z,O SONHO DO DESGOVERNO VERMELHO É COLOCAR A MAIOR PARTE DO POVO BRASILEIRO NO CABRESTO DO BOLSA FAMILIA PARA SE MANTER NO PODER,0,0,0,https://twitter.com/padilhando/status/1656389571829964800
