nome,usuario,idTweet,dataPublicacao,texto,replies,retweets,likes,tweetPai
M Madalena,@MadalenaSchuck,https://twitter.com/MadalenaSchuck/status/1656846957795581952,2023-05-12T02:21:12.000Z,"Assisti o sr na Globonews e tenho o assistido várias vezes,  me encanta sua postura e oratória, suas colocações... Parabéns. 👏👏👏",0,0,0,https://twitter.com/padilhando/status/1656692971125743618
Senhora Democracia (Para Sempre ) Michelle,@mmde84,https://twitter.com/mmde84/status/1656712075983437836,2023-05-11T17:25:13.000Z,"Eu assisti, achei que o senhor se saiu muito bem. Pessoal lá é porreta em fazer pergunta e deixar de saia justa",0,0,0,https://twitter.com/padilhando/status/1656692971125743618
KARLA RICCO,@kricco,https://twitter.com/kricco/status/1656705964337250310,2023-05-11T17:00:56.000Z,Acompanhando aqui! Tá muito bom 👏👏,0,0,0,https://twitter.com/padilhando/status/1656692971125743618
Piá Bonequinha de luxo da CIA,@Iza_madeira,https://twitter.com/Iza_madeira/status/1656693343433240578,2023-05-11T16:10:47.000Z,Capricha 😊,0,0,0,https://twitter.com/padilhando/status/1656692971125743618
Kadmus Oliveira,@KadmusO,https://twitter.com/KadmusO/status/1656764990265630721,2023-05-11T20:55:29.000Z,Vai lá na Secom né.,0,0,0,https://twitter.com/padilhando/status/1656692971125743618
