nome,usuario,idTweet,dataPublicacao,texto,replies,retweets,likes,tweetPai
Anselmo Raposo,@anselmoraposo,https://twitter.com/anselmoraposo/status/1656334524433702912,2023-05-10T16:24:58.000Z,"Ministro, o @vinijr é um eterno vítima de racismo na Espanha. O Brasil deveria sair em sua defesa, pois nem a Federação Espanhola e nem a @FIFAcom fazem nada.",0,1,3,https://twitter.com/padilhando/status/1656328248706633729
Bolsonarista não é gente,@rodrigodba,https://twitter.com/rodrigodba/status/1656329125852790786,2023-05-10T16:03:31.000Z,"Janones na CPI, ministro",0,0,8,https://twitter.com/padilhando/status/1656328248706633729
maria gurgel gurgel,@gurgel_maria,https://twitter.com/gurgel_maria/status/1656332335942336524,2023-05-10T16:16:16.000Z,"Cê é péssimo em articulação heim?
Cadê @AndreJanonesAdv na CPI?",0,0,2,https://twitter.com/padilhando/status/1656328248706633729
edniltonnenga,@edniltonnenga,https://twitter.com/edniltonnenga/status/1656330481896488967,2023-05-10T16:08:54.000Z,JANONES NA CPI IMEDIATAMENTE.,0,0,1,https://twitter.com/padilhando/status/1656328248706633729
Thereza Seabra,@SeabraThereza,https://twitter.com/SeabraThereza/status/1656329604871647233,2023-05-10T16:05:25.000Z,"Ministro, por qual razão não se está levando em consideração o JANONES nessa comissão. Ele é peça fundamental na CPMI e nós o apoiamos!!! Reveja isso rapidamente. É um apelo que estamos fazendo por se tratar da pessoa combativa junto aos bolsonaristas. 
JANONES NA CPMI",0,0,8,https://twitter.com/padilhando/status/1656328248706633729
Holandina,@HolandinaS,https://twitter.com/HolandinaS/status/1656628548960935941,2023-05-11T11:53:19.000Z,"Esse NÃO É O SEU TRABALHO ministro @IsabelyPadilhq e sim do ministro bolsonarista Juscelino Filho q não se sabe PORQUÊ VCS AINDA MANTÉM ELE né @Pimenta13Br ? O que o povo brasileiro EXIGE @padilhando é q o Sr APRENDA ARTICULAR JUNTO AO CONGRESSO,basta a derrota sofrida.",0,0,0,https://twitter.com/padilhando/status/1656328248706633729
Mah,@Mahbarbosa1313,https://twitter.com/Mahbarbosa1313/status/1656334045771452416,2023-05-10T16:23:04.000Z,Queremos @AndreJanonesAdv  na CPMI!,0,0,2,https://twitter.com/padilhando/status/1656328248706633729
Mah,@Mahbarbosa1313,https://twitter.com/Mahbarbosa1313/status/1656334114734108674,2023-05-10T16:23:20.000Z,JANONES NA CPMI,0,0,2,https://twitter.com/padilhando/status/1656328248706633729
Gleydi,@Gleydia29631628,https://twitter.com/Gleydia29631628/status/1656334858698752006,2023-05-10T16:26:18.000Z,Janones na CPMI,0,0,3,https://twitter.com/padilhando/status/1656328248706633729
Jack Vas,@Jacquel55088054,https://twitter.com/Jacquel55088054/status/1656342762499846144,2023-05-10T16:57:42.000Z,"Janones na cpi
Janones na cpi
Janones na cpi
Janones na cpi",0,1,3,https://twitter.com/padilhando/status/1656328248706633729
Luciana Barros,@Luciana29840229,https://twitter.com/Luciana29840229/status/1656333862350254082,2023-05-10T16:22:20.000Z,"JANONES NA CPI
JANONES NA CPI
JANONES NA CPI",0,1,4,https://twitter.com/padilhando/status/1656328248706633729
Marilia Fenerich,@MariliaFenerich,https://twitter.com/MariliaFenerich/status/1656341220681973765,2023-05-10T16:51:34.000Z,#JanonesNaCPMISim,0,0,1,https://twitter.com/padilhando/status/1656328248706633729
Sandra,@Sandra_BCL,https://twitter.com/Sandra_BCL/status/1656354871493181441,2023-05-10T17:45:49.000Z,"Janones na cpmi 
Janones na cpmi 
Janones na cpmi 
Janones na cpmi 
Janones na cpmi 
Janones na cpmi
Janones na cpmi 
Janones na cpmi 
Janones na cpmi
Janones na cpmi 
Janones na cpmi 
Janones na cpmi
Janones na cpmi 
Janones na cpmi 
Janones na cpmi
Janones na cpmi",0,0,1,https://twitter.com/padilhando/status/1656328248706633729
Siljr,@Siljr2,https://twitter.com/Siljr2/status/1656333462159204353,2023-05-10T16:20:45.000Z,Queremos André Janones na CPMI. Que horror é esse de não recebê-lo e esquecê-lo? Você está errando muito na articulação política.,0,0,4,https://twitter.com/padilhando/status/1656328248706633729
Tati,@Tatibertini,https://twitter.com/Tatibertini/status/1656331661460504576,2023-05-10T16:13:35.000Z,"JANONES NA CPMI
JANONES NA CPMI
JANONES NA CPMI
JANONES NA CPMI
JANONES NA CPMI
JANONES NA CPMI
JANONES NA CPMI
JANONES NA CPMI
JANONES NA CPMI
JANONES NA CPMI
JANONES NA CPMI
JANONES NA CPMI
JANONES NA CPMI
JANONES NA CPMI
JANONES NA CPMI
JANONES NA CPMI
JANONES NA CPMI",0,2,3,https://twitter.com/padilhando/status/1656328248706633729
idenilza #LulaPresidente,@blimadelima,https://twitter.com/blimadelima/status/1656339877628084242,2023-05-10T16:46:14.000Z,"Ministro, o apoio psicológico às vítimas de racismo é muito importante também.",0,0,0,https://twitter.com/padilhando/status/1656328248706633729
meo deoss,@meosdeosdoceo,https://twitter.com/meosdeosdoceo/status/1656331329292697600,2023-05-10T16:12:16.000Z,"Ministro, não esqueça do Janones na CPMI.

O resultado lá é importante. Mas nas redes sociais também.",0,0,1,https://twitter.com/padilhando/status/1656328248706633729
Foleal,@Foleal2,https://twitter.com/Foleal2/status/1656353690112892928,2023-05-10T17:41:07.000Z,JANONES NA CPMI,0,0,1,https://twitter.com/padilhando/status/1656328248706633729
Ana,@Tom09Ana,https://twitter.com/Tom09Ana/status/1656331770491543554,2023-05-10T16:14:01.000Z,"Também não estou entendendo, Ministro! Pq Janones não tá na CPI?",0,0,1,https://twitter.com/padilhando/status/1656328248706633729
Mayara Santos,@MayaraS48478959,https://twitter.com/MayaraS48478959/status/1656329565743063042,2023-05-10T16:05:16.000Z,Parabéns,0,0,0,https://twitter.com/padilhando/status/1656328248706633729
Luiz,@luizchatao,https://twitter.com/luizchatao/status/1656368169836068864,2023-05-10T18:38:40.000Z,E a Liga Espanhola vai punir de verdade quem agride @vinijr ??,0,0,0,https://twitter.com/padilhando/status/1656328248706633729
FLAU 13,@Tamarfernandes,https://twitter.com/Tamarfernandes/status/1656345889349173265,2023-05-10T17:10:08.000Z,Queremos o JANONES NA CPMI,0,0,2,https://twitter.com/padilhando/status/1656328248706633729
Su Alves,@DaSueleni,https://twitter.com/DaSueleni/status/1656390182390714369,2023-05-10T20:06:08.000Z,"Janones  na CPMI, Janones  na CPMI, Janones  na CPMI, Janones  na CPM, Janones  na CPMI, Janones  na CPM.",2,0,0,https://twitter.com/padilhando/status/1656328248706633729
Paloma,@paloma_chile,https://twitter.com/paloma_chile/status/1656330059362234368,2023-05-10T16:07:13.000Z,Que história é essa que Janones não vai estar na CPI do 0/8?,0,0,1,https://twitter.com/padilhando/status/1656328248706633729
Bolsogata4°conta,@Bolsogata4conta,https://twitter.com/Bolsogata4conta/status/1656329113462878209,2023-05-10T16:03:28.000Z,"Precisava ir lá para isso ?
Haja dinheiro público",0,0,0,https://twitter.com/padilhando/status/1656328248706633729
Marcelo Turra,@MarceloTurra5,https://twitter.com/MarceloTurra5/status/1656329640867233792,2023-05-10T16:05:34.000Z,#JanonesNaCPMISim,0,0,2,https://twitter.com/padilhando/status/1656328248706633729
Roberta Pedroza,@roberta_pedroza,https://twitter.com/roberta_pedroza/status/1656335399722139650,2023-05-10T16:28:27.000Z,JANONES NA CPMI,0,0,1,https://twitter.com/padilhando/status/1656328248706633729
Oia e Veja,@ArteOia,https://twitter.com/ArteOia/status/1656373707013607429,2023-05-10T19:00:40.000Z,"Precisa ir a Espanha para fazer isto? No Brasil já tava bom, né? Este pessoal só quer saber de viajar com dinheiro do contribuinte!",0,0,0,https://twitter.com/padilhando/status/1656328248706633729
Luisinho dos Salgados,@luizuniversitar,https://twitter.com/luizuniversitar/status/1656345734986231808,2023-05-10T17:09:31.000Z,"📍COMPARTILHE URGENTE📍ALGUEM PODE ME DOAR UMA CESTA BÁSICA URGENTE?
- Sou universitário e Desempregado
- Estou sem material pra fazer o recheio dos salgados
- Estou quase sem dispensa em casa
# PRECISO DE UM EMPREGO FIXO.
QUALQUER AJUDA SERVE
endereço no meu feed🙏DEUS ABENCOE",0,0,0,https://twitter.com/padilhando/status/1656328248706633729
Letícia M. Rossi,@lelesoulah,https://twitter.com/lelesoulah/status/1656328360094564352,2023-05-10T16:00:28.000Z,Queremos Janones na CPMI,0,0,3,https://twitter.com/padilhando/status/1656328248706633729
FORA LIRA RÉU - EU AUTORIZO,@GiovaniSauthier,https://twitter.com/GiovaniSauthier/status/1656331235776405504,2023-05-10T16:11:54.000Z,"JANONES NA CPMI
JANONES NA CPMI
JANONES NA CPMI
JANONES NA CPMI
JANONES NA CPMI
JANONES NA CPMI
JANONES NA CPMI
JANONES NA CPMI
JANONES NA CPMI
JANONES NA CPMI
JANONES NA CPMI
JANONES NA CPMI
JANONES NA CPMI
JANONES NA CPMI
JANONES NA CPMI",0,1,3,https://twitter.com/padilhando/status/1656328248706633729
FORA LIRA RÉU - EU AUTORIZO,@GiovaniSauthier,https://twitter.com/GiovaniSauthier/status/1656332168853897222,2023-05-10T16:15:36.000Z,"Ministro @padilhando  , o povo quer o Janones na CPMI, nos ajude a te ajudar e a ajudar o Brasil!!! O Governo não tem q habilidade que o Janones possui para este momento!!!! Aguardamos resposta e posição clara do porquê você estar negando a vaga dele.",0,0,3,https://twitter.com/padilhando/status/1656328248706633729
Mauricio Brito,@Maurici11064083,https://twitter.com/Maurici11064083/status/1656405390114914306,2023-05-10T21:06:34.000Z,"A democracia já fracassou para além de qualquer salvação se sua defesa passa por decisões monocráticas, e juridicamente frágeis, num inquérito universal e sem objeto conduzido por um tribunal que, personificado por um ministro, funciona como vítima, acusação e juízo.",0,0,0,https://twitter.com/padilhando/status/1656328248706633729
Carlos Alberto Lopes,@carlos03370337,https://twitter.com/carlos03370337/status/1656337708099174411,2023-05-10T16:37:37.000Z,"PESQUISA : 86% DOS BRASILEIROS REPROVAM O GOVERNO LULA E SOBROU 14%  DE PETISTAS.
OLHEM O RESULTADO . QUEREM MAIS ALGUMA COISA?
PERDERAM MANÉS.",0,0,0,https://twitter.com/padilhando/status/1656328248706633729
