nome,usuario,idTweet,dataPublicacao,texto,replies,retweets,likes,tweetPai
Marisa victorio da silva,@victorio_marisa,https://twitter.com/victorio_marisa/status/1657004782681300993,2023-05-12T12:48:20.000Z,"🦟🦟Cuide todo tempo!🦟🦟Evite a dengue, Zika e Chikungunya! 
Veja como:👉 Amarre os sacos de lixo👉Coloque areia nos vasos de planta👉 Guarde pneus em locais cobertos👉Feche muito bem a caixa d'água👉Receba os agentes em casa!
+",0,0,0,https://twitter.com/AlencarBraga13/status/1656992619640287232
Marisa victorio da silva,@victorio_marisa,https://twitter.com/victorio_marisa/status/1657005303299207171,2023-05-12T12:50:24.000Z,"Cuide de você e do seu bairro! Brasil contra a dengue,zika e Chikungunya!",0,0,0,https://twitter.com/AlencarBraga13/status/1656992619640287232
