nome,usuario,idTweet,dataPublicacao,texto,replies,retweets,likes,tweetPai
Fatima Dezonne,@pelowatta666,https://twitter.com/pelowatta666/status/1656828275694399488,2023-05-12T01:06:57.000Z,😳 como.??!!!,0,0,0,https://twitter.com/AlencarBraga13/status/1656799340558446605
R Mine,@rminee,https://twitter.com/rminee/status/1656816005564227587,2023-05-12T00:18:12.000Z,"Nao foi abolição,  foi estouro...sem destino,  terra, ferramentas....errantes para serem arregimentados....",0,0,0,https://twitter.com/AlencarBraga13/status/1656799340558446605
Marcelo,@mravazzani68,https://twitter.com/mravazzani68/status/1656801092699602944,2023-05-11T23:18:57.000Z,JBS???...amigos de quem ??? ..não estavam na China  na comitiva do Lula ??,0,0,0,https://twitter.com/AlencarBraga13/status/1656799340558446605
Marisa victorio da silva,@victorio_marisa,https://twitter.com/victorio_marisa/status/1656851176782979073,2023-05-12T02:37:58.000Z,"Trabalho Infantil da JBS nos Estados Unidos✔️O Brasil aboliu a escravidão em 1888, mas a mentalidade escravagista persiste forte até hoje na nossa burguesia, inclusive quando atua fora das nossas fronteiras.",0,0,0,https://twitter.com/AlencarBraga13/status/1656799340558446605
