nome,usuario,idTweet,dataPublicacao,texto,replies,retweets,likes,tweetPai
Eduardo Bandeira de Mello,@mello_bandeira,https://twitter.com/mello_bandeira/status/1656780495449911296,2023-05-11T21:57:06.000Z,"Sempre que o Flamengo jogava na Bahia, a embaixada FlaBahia promovia uma enorme confraternização. Era Flamenguista do Ceará, do Sergipe, Paraíba, Rio Grande do Norte, de vários estados e municípios do nosso nordeste. +",3,6,170,https://twitter.com/mello_bandeira/status/1656780487413620742
Eduardo Bandeira de Mello,@mello_bandeira,https://twitter.com/mello_bandeira/status/1656780499178643456,2023-05-11T21:57:07.000Z,O pessoal começava a se reunir de manhã e confraternizava até a hora do jogo - e depois do jogo também. Era uma coisa linda de viver. Momentos inesquecíveis de muita paixão pelo nosso Mengão que tive o privilégio de vivenciar e guardo com muito carinho no coração. +,1,5,125,https://twitter.com/mello_bandeira/status/1656780487413620742
Eduardo Bandeira de Mello,@mello_bandeira,https://twitter.com/mello_bandeira/status/1656780501594656769,2023-05-11T21:57:07.000Z,"Infelizmente, pelo que soube, no próximo fim de semana vai ter Bahia x Flamengo, mas a festa não recebeu o apoio que nossos torcedores da região merecem. Não vou entrar em detalhes, só lamentar que a paixão dos rubro-negros do Nordeste não esteja mais sendo correspondida.",1,7,152,https://twitter.com/mello_bandeira/status/1656780487413620742
Ewerton,@Ewertonpereirag,https://twitter.com/Ewertonpereirag/status/1656998847862788098,2023-05-12T12:24:45.000Z,"""Jestão Landim"" está empenhado em afastar  cada vez mais o torcedor do Flamengo. Parece que estão empenhados em querer transformar o Flamengo em SAF, por isso eles já estão tratando a torcida como já fossem donos do Clube.",1,0,2,https://twitter.com/mello_bandeira/status/1656780487413620742
Douglas fany,@Douglasfaanyy,https://twitter.com/Douglasfaanyy/status/1657034303933431813,2023-05-12T14:45:38.000Z,"@mello_bandeira volta pro Flamengo,  e levanta o estádio do mengão....",0,0,0,https://twitter.com/mello_bandeira/status/1656780487413620742
GUARÁ,@vinnim28,https://twitter.com/vinnim28/status/1657003956726386692,2023-05-12T12:45:03.000Z,Tem como você voltar pro Flamengo por favor???,0,0,0,https://twitter.com/mello_bandeira/status/1656780487413620742
Karol Machado,@KarolMachado021,https://twitter.com/KarolMachado021/status/1656866179804286982,2023-05-12T03:37:35.000Z,"Posta essa daqui tbm, banana 🍌 🤢",0,0,2,https://twitter.com/mello_bandeira/status/1656780487413620742
Fabio Meirelles Guerra Junior,@FabioMeureles,https://twitter.com/FabioMeureles/status/1657456807101562881,2023-05-13T18:44:31.000Z,Eterno presidente do Flamengo,0,0,0,https://twitter.com/mello_bandeira/status/1656780487413620742
Marcos Felipe,@MarcosFelp22,https://twitter.com/MarcosFelp22/status/1656865808163778561,2023-05-12T03:36:06.000Z,Aparecer agora é fácil né! Tu não passa da mesma laia do landim. Não me esqueço de tanta merda que o senhor fez.,0,0,0,https://twitter.com/mello_bandeira/status/1656780487413620742
Felipe Pimenta,@FelipePimenta88,https://twitter.com/FelipePimenta88/status/1656958942528909312,2023-05-12T09:46:11.000Z,"Flamengo é nacional, Presidente. O RJ é só a sede.",0,0,0,https://twitter.com/mello_bandeira/status/1656780487413620742
Dan Moraes,@odanmoraess,https://twitter.com/odanmoraess/status/1656838196351623168,2023-05-12T01:46:23.000Z,"Volta pra presidência do Flamengo, Bandeira! Nós precisamos de você para profissionalizar o futebol do Flamengo!",3,0,0,https://twitter.com/mello_bandeira/status/1656780487413620742
Buffon quase aposentado -,@Nightisdarkand2,https://twitter.com/Nightisdarkand2/status/1656789276464381953,2023-05-11T22:31:59.000Z,"Pena que em Florianópolis você não tratou os torcedores com a mesma deferência né. Ou mesmo em Salvador, quando você tirou a câmera da mão do torcedor.",3,0,13,https://twitter.com/mello_bandeira/status/1656780487413620742
#FORAMARCOSBRAZ,@FlaZumbi,https://twitter.com/FlaZumbi/status/1656818472527986688,2023-05-12T00:28:00.000Z,Quer voltar não?,0,0,0,https://twitter.com/mello_bandeira/status/1656780487413620742
Pinduca,@FamliaPires2,https://twitter.com/FamliaPires2/status/1656979356407693313,2023-05-12T11:07:18.000Z,"O que me deixa triste é o que está acontecendo no clube, Isso precisa ser parado ou podemos decair.",0,0,0,https://twitter.com/mello_bandeira/status/1656780487413620742
João Marcus dos Santos Silva,@JooMarcusdosSa1,https://twitter.com/JooMarcusdosSa1/status/1656803581595377665,2023-05-11T23:28:50.000Z,"Eu sou do nordeste Bandeira de Mello e vc nos representou muito bem enquanto esteve no comando do clube. Pois vc era um Gestor digno e q preservava o bem maior q é nossa torcida (somos nós) oq fizeram conosco nesse jogo aqui em Salvador é uma covardia, eu moro a 150km e desistir.",0,0,13,https://twitter.com/mello_bandeira/status/1656780487413620742
Valois4,@valoiscorrea04,https://twitter.com/valoiscorrea04/status/1656813094612475904,2023-05-12T00:06:38.000Z,Landim e sua turma podem gerar uma rejeição ao Mengão que nunca foi vista. Já teve aquela declaração hiper infeliz da esposa dele. Quero crer que a coisa toda não desande. SRN🔴⚫️,1,0,3,https://twitter.com/mello_bandeira/status/1656780487413620742
Ediwenne CRF,@ediwenne,https://twitter.com/ediwenne/status/1656825011171147776,2023-05-12T00:53:59.000Z,"Desista de ser deputado e volte a concorrer pela presidência, acho q vc é o único a vencer o candidato de landim. O cara pode até ter sido o presidente o mais vencedor, mas fez a pior decisão , excluir boa parte da torcida",0,0,13,https://twitter.com/mello_bandeira/status/1656780487413620742
Thiago Torres,@MarrecoThiago,https://twitter.com/MarrecoThiago/status/1656825896316071937,2023-05-12T00:57:30.000Z,"Enquanto isso a ""primeira "" dama do Flamengo destrata os nordestinos..",0,0,0,https://twitter.com/mello_bandeira/status/1656780487413620742
Lecao Jones,@LecaoJones,https://twitter.com/LecaoJones/status/1656790932837085185,2023-05-11T22:38:34.000Z,Eu estava aí e cumprimentei o Senhor. O ditado é simples: Não importa a região o que importante é ser Mengao. #Flamengo acima de tudo e todos,0,0,4,https://twitter.com/mello_bandeira/status/1656780487413620742
Thiago Rodrigues,@ThiagoR79899917,https://twitter.com/ThiagoR79899917/status/1656819209366585344,2023-05-12T00:30:56.000Z,So não pode criticar que a Prima donna manda banana chama de falsos RN... ne?,0,0,0,https://twitter.com/mello_bandeira/status/1656780487413620742
apê merces,@apmerces,https://twitter.com/apmerces/status/1656822432185942017,2023-05-12T00:43:44.000Z,Inclusive eu te conheci nesse evento!,0,0,0,https://twitter.com/mello_bandeira/status/1656780487413620742
SF,@rfernan59,https://twitter.com/rfernan59/status/1657041680560709632,2023-05-12T15:14:57.000Z,Enquanto houver diretores amadores e políticos não sérios na direção ficará difícil entender o quexestazacontecendo,0,0,0,https://twitter.com/mello_bandeira/status/1656780487413620742
Dedojunto,@dedojunto,https://twitter.com/dedojunto/status/1656834772277121024,2023-05-12T01:32:46.000Z,Fora 🍌 de Melo cheirinho,0,0,0,https://twitter.com/mello_bandeira/status/1656780487413620742
ualace amado,@ualaceamado,https://twitter.com/ualaceamado/status/1656822624058589185,2023-05-12T00:44:30.000Z,O que o Landim fez desta vez?,0,0,0,https://twitter.com/mello_bandeira/status/1656780487413620742
Carlos Dias,@caend02,https://twitter.com/caend02/status/1657049160393060352,2023-05-12T15:44:40.000Z,https://oglobo.globo.com/esportes/bandeira-visto-discutindo-com-torcedor-apos-derrota-do-flamengo-23275318?versao=amp…,0,0,0,https://twitter.com/mello_bandeira/status/1656780487413620742
MARCUS VINÍCIUS MONTEIRO DA COSTA VINÍCIUS,@MARCUSV06543515,https://twitter.com/MARCUSV06543515/status/1656830996296224770,2023-05-12T01:17:46.000Z,"Verdade presidente,   flamengo e do sul do norte do leste ao oeste, flamengo é Brasil..  respeita nosso amor incondicional..  abraço BANDEIRA DE MELLO.",0,0,1,https://twitter.com/mello_bandeira/status/1656780487413620742
REI DAS BETS,@reidasbets,https://twitter.com/reidasbets/status/1656835507131764736,2023-05-12T01:35:42.000Z,"Você tem que ser o presidente do Flamengo, Bandeira!",0,0,0,https://twitter.com/mello_bandeira/status/1656780487413620742
John_TJF.,@TjfJoni,https://twitter.com/TjfJoni/status/1656842112309116930,2023-05-12T02:01:56.000Z,"Enquanto presidente vc distribuiu perseguição e bananas pra torcida.
Hipócrita e oportunista!

Vc e o seu sucessor destruíram a nossa essência. Espero não vê-los nunca mais à frente do CRF. Elitistas de merda!",0,0,0,https://twitter.com/mello_bandeira/status/1656780487413620742
William Barros,@BugaRRN17,https://twitter.com/BugaRRN17/status/1656843700062789632,2023-05-12T02:08:15.000Z,"Ah vai tomar no olho do teu cú rapa!! 
Tu processou a Torcida verme oportunista do Carlh.... 😒",0,0,0,https://twitter.com/mello_bandeira/status/1656780487413620742
Diego,@Diego92288642,https://twitter.com/Diego92288642/status/1656784213230624768,2023-05-11T22:11:52.000Z,Você sabe que teu destino é ser presidente denovo do Flamengo,0,0,0,https://twitter.com/mello_bandeira/status/1656780487413620742
