nome,usuario,idTweet,dataPublicacao,texto,replies,retweets,likes,tweetPai
Marcos Pordeus de Paula,@marcospordeus,https://twitter.com/marcospordeus/status/1656710685353562112,2023-05-11T17:19:42.000Z,#CPIdoABUSOdeAUTORIDADE,1,0,0,https://twitter.com/adriventurasp/status/1656705735881900038
Marina,@Marina92011959,https://twitter.com/Marina92011959/status/1656754882873815046,2023-05-11T20:15:19.000Z,"Deputada , os srs estão a 1 passo da figuração . Chegou o momento de BRIGAR !",1,0,1,https://twitter.com/adriventurasp/status/1656705735881900038
Regina Letkowsk,@deslegitimadora,https://twitter.com/deslegitimadora/status/1656801193211961348,2023-05-11T23:19:20.000Z,Quando vocês vão tomar uma atitude?,1,0,1,https://twitter.com/adriventurasp/status/1656705735881900038
Marcia Palmeira,@marciatpalmeira,https://twitter.com/marciatpalmeira/status/1657008780486352897,2023-05-12T13:04:13.000Z,E vc sabe que as plataformas foram muito além do que é mencionado no seu post.,0,0,0,https://twitter.com/adriventurasp/status/1656705735881900038
Adriana Oliveira,@driluamake,https://twitter.com/driluamake/status/1656720439161376768,2023-05-11T17:58:27.000Z,É um absurdo só tem absurdo nesse governo,0,0,0,https://twitter.com/adriventurasp/status/1656705735881900038
will,@willcatoro,https://twitter.com/willcatoro/status/1656737592811847805,2023-05-11T19:06:37.000Z,Acho que vcs bolsominions ainda não perceberam que a maioria da população quer a regulamentação.,2,0,2,https://twitter.com/adriventurasp/status/1656705735881900038
Valeria Moro,@Valeria_Moro_,https://twitter.com/Valeria_Moro_/status/1656832002341892096,2023-05-12T01:21:46.000Z,👏👏👏👏,0,0,0,https://twitter.com/adriventurasp/status/1656705735881900038
Sérgio Rodrigues,@sergiosilvar,https://twitter.com/sergiosilvar/status/1656737833493712896,2023-05-11T19:07:34.000Z,"Cara deputada, importante lembrar que Google e Telegram são empresas estrangeiras. 

Uma coisa é nós, brasileiros, pressionarmos nossos representantes eleitos como bem quisermos.

Outra coisa são empresas estrangeiras nos estimularem a isso. 

Não esqueçamos da soberania nacional",0,0,3,https://twitter.com/adriventurasp/status/1656705735881900038
Marco Bianchi,@marcobianchibr,https://twitter.com/marcobianchibr/status/1656707364941185044,2023-05-11T17:06:30.000Z,"Cara Adriana, esperamos uma reação de nossos representantes para fazer frente a tantas afrontas. Não basta identificar e destacar o problema, é preciso propor e debater as possíveis soluções.",1,0,26,https://twitter.com/adriventurasp/status/1656705735881900038
Mince,@minceauras,https://twitter.com/minceauras/status/1657008020633575424,2023-05-12T13:01:12.000Z,"Você mesma disse que ""as plataformas incitaram""! Então, conforme o que você disse, os cidadãos FORAM INCITADOS a cobrar os representantes. E o interesse, aí, é o das plataformas, não é dos cidadãos, que estão, sim, sendo manipulados, né?",0,0,0,https://twitter.com/adriventurasp/status/1656705735881900038
Mince,@minceauras,https://twitter.com/minceauras/status/1657008448993673216,2023-05-12T13:02:54.000Z,"Tradução de plataformas ""incitaram usuários a pressionar"" = plataformas estimularam propagação de discursos de ódio.",0,0,1,https://twitter.com/adriventurasp/status/1656705735881900038
Roberta Rosas,@RobertaRosas,https://twitter.com/RobertaRosas/status/1657339184841990145,2023-05-13T10:57:08.000Z,"Vc diz esse inquérito ?  Se for, discordo totalmente, precisamos sim colocar, urgentemente, punições aos promovedores de fakenews !  A impunidade destrói nossa democracia, nossa esperança, nosso futuro!",0,0,0,https://twitter.com/adriventurasp/status/1656705735881900038
Madu está 100% PCBizado,@Marcos_Foices,https://twitter.com/Marcos_Foices/status/1656727067642191872,2023-05-11T18:24:48.000Z,Cumprir a lei agora é abuso?,0,0,1,https://twitter.com/adriventurasp/status/1656705735881900038
Fernando LIRA INIMIGO DO POVO,@FernandoModollo,https://twitter.com/FernandoModollo/status/1656727768099323928,2023-05-11T18:27:35.000Z,voce ta usando morfina tambem  ? ou só e mal caráter tapada ?,0,0,0,https://twitter.com/adriventurasp/status/1656705735881900038
Glaucia Bon,@bon_glaucia,https://twitter.com/bon_glaucia/status/1656841611093966850,2023-05-12T01:59:57.000Z,"Ué, bocalzinha.
Plataforma não é cidadão.
Imbecil",0,0,0,https://twitter.com/adriventurasp/status/1656705735881900038
Thomas Alexandre,@ThomasA20165411,https://twitter.com/ThomasA20165411/status/1656797732554637312,2023-05-11T23:05:35.000Z,"Desmontando sua falácia (tecla SAP): ""os cidadãos não podem cobrar os representantes?"" = ""os cidadãos não podem ser manipulados a cobrar interesses das grandes companhias pensando que são os seus, e em conflito com a soberania nacional"".",0,0,1,https://twitter.com/adriventurasp/status/1656705735881900038
Selhorst A.,@SeArlindo,https://twitter.com/SeArlindo/status/1656725698067800064,2023-05-11T18:19:21.000Z,"Cobrar pode!  Não pode ser influencer! De eleitores Petralhas,  fracos das ideias! Que no jegue vota?.  Vai que descobrem! Que de colosso..não tem nada ..que é,,  burro manco!? Aventura!.",0,0,0,https://twitter.com/adriventurasp/status/1656705735881900038
Amordaçado,@A30Novo,https://twitter.com/A30Novo/status/1656719088431890433,2023-05-11T17:53:05.000Z,"E vcs não fazem merda nenhuma!
Até agora só vejo vcs latindo feito cão vira latas, quando batem pézinho vcs saem correndo com o rabo entre as patas.
Vcs são a maioria, mas são fracos demais.",0,0,1,https://twitter.com/adriventurasp/status/1656705735881900038
Ruben Vasco,@RubenVasco69,https://twitter.com/RubenVasco69/status/1656931336404230145,2023-05-12T07:56:29.000Z,Eu estou cobrando-a há semanas de uma proposta para acabar com a fake news e não vejo resposta alguma. Me ignoras porque não tem nada a acrescentar ao assunto? Qual a sua proposta?,0,0,0,https://twitter.com/adriventurasp/status/1656705735881900038
FX Tanjirō,@BRASILBRr,https://twitter.com/BRASILBRr/status/1656721248485777410,2023-05-11T18:01:40.000Z,Bem feito quem tentar atacar a democracia do Brasil vai ser investigado e preso esse país tem comando não é a República de moleque que o bolsonaro fez durante 4 anos patético não,0,0,1,https://twitter.com/adriventurasp/status/1656705735881900038
tica,@TicaTicabvieira,https://twitter.com/TicaTicabvieira/status/1656841005423796224,2023-05-12T01:57:32.000Z,Ainda na choradeira? 🤣🤪,0,0,0,https://twitter.com/adriventurasp/status/1656705735881900038
Libra d..,@Libra_Depressiv,https://twitter.com/Libra_Depressiv/status/1656714442212507681,2023-05-11T17:34:37.000Z,Ou vc é cínica ou burr! ou tá se fingindo né. Os cidadãos tem sim o direito de cobrar por livre e espontânea vontade quem eles elegem. O que não pode é 3 donos de empresas estrangeiras tentar sabotar a democracia manipulando descaradamente as pessoas com mentira.,1,0,3,https://twitter.com/adriventurasp/status/1656705735881900038
Ricardo Oliveira ᶜʳᶠ ¹⁸⁹⁵,@Ricardo_O_Fla,https://twitter.com/Ricardo_O_Fla/status/1656712441697386523,2023-05-11T17:26:40.000Z,"O mal de vocês é pensar que todo mundo é burro.@alexandre ,@STF_oficial ;@GloboNews",0,1,1,https://twitter.com/adriventurasp/status/1656705735881900038
Filipe P O,@filipepier12,https://twitter.com/filipepier12/status/1656894270807080961,2023-05-12T05:29:12.000Z,"Creio q tanto a PGR quanto o LIRA estão sob pressão das ""forças"" lá, se é q me entende, para q esse PL censura passe logo... O Brasil funciona assim, triste....",0,0,0,https://twitter.com/adriventurasp/status/1656705735881900038
Ricardo Pereira,@rpereira1200,https://twitter.com/rpereira1200/status/1656742938490155008,2023-05-11T19:27:51.000Z,Chora,0,0,0,https://twitter.com/adriventurasp/status/1656705735881900038
Jhon Darkness,@Jhondarkness,https://twitter.com/Jhondarkness/status/1656716428785877010,2023-05-11T17:42:31.000Z,"Eu acho que todas as redes sociais deveriam dá um susto no Brasil e e simultâneamente sair do ar por 48 horas e deixasse a mensagem para quem tentasse acessar assim "" Assim será para sempre se o PL 2630 for aprovado"" ... Acabou ... Ao voltarem teriam o apoio de toda população.",0,0,3,https://twitter.com/adriventurasp/status/1656705735881900038
