nome,usuario,idTweet,dataPublicacao,texto,replies,retweets,likes,tweetPai
Silvia Rogero,@casandra168,https://twitter.com/casandra168/status/1656136275856949249,2023-05-10T03:17:12.000Z,"Gracias por sus palabras, estamos en presencia de un Golpe de Estado PRO judicial",0,2,6,https://twitter.com/AlencarBraga13/status/1656098993359790081
Marilourdes Trindade,@Malutrin2018,https://twitter.com/Malutrin2018/status/1656133088118710272,2023-05-10T03:04:32.000Z,"Quando o Supremo daqui começar a agir como o Partido Judicial  de lá Dep, quem vai nos defender do FASCISMO? Solamente El PUEBLO salva El PUEBLO.",0,2,4,https://twitter.com/AlencarBraga13/status/1656098993359790081
Jorge R.,@twjorgeok,https://twitter.com/twjorgeok/status/1656106810376433665,2023-05-10T01:20:07.000Z,#TodosConCristina #TodosConElla #ElPoderJudicialApesta #Lawfare #PelotonDeFusilamiento #MafiaJudicial #LosJuecesDeClarín #LaSentenciaDeClarin #MascotasDeMagnettoNunca,0,1,1,https://twitter.com/AlencarBraga13/status/1656098993359790081
Marisa victorio da silva,@victorio_marisa,https://twitter.com/victorio_marisa/status/1656116861187006464,2023-05-10T02:00:03.000Z,"#Lawfare ⭐✊😀🍀✔️Alguns acharam exagero a crítica que fiz ao Judiciário da Argentina pela perseguição à vice-presidenta @CFKArgentina.

Quero ver o que dirão quando souberem que a Suprema Corte lá decidiu CANCELAR eleições estaduais marcadas para esse fim de semana. 
+",0,0,0,https://twitter.com/AlencarBraga13/status/1656098993359790081
Marisa victorio da silva,@victorio_marisa,https://twitter.com/victorio_marisa/status/1656116979395182594,2023-05-10T02:00:31.000Z,Superou a #LavaJato,0,1,1,https://twitter.com/AlencarBraga13/status/1656098993359790081
