nome,usuario,idTweet,dataPublicacao,texto,replies,retweets,likes,tweetPai
Nely P T Kawasaki,@nely_paula,https://twitter.com/nely_paula/status/1656447750358151170,2023-05-10T23:54:53.000Z,Lá vem ferro para o povo.,0,0,2,https://twitter.com/adriventurasp/status/1656299301969047552
Marcelo Alvaro pereira,@MarceloAlvarop2,https://twitter.com/MarceloAlvarop2/status/1656652371534168075,2023-05-11T13:27:59.000Z,URGENTE é alterar nossas urnas eleitorais. Sem isso jamais havera a vontade popular e democracia. Junto a isso PEC do Judiciário colocando limites a nao ivasao de competência dos demais poderes e reduzindo o prazo de mandato.,0,0,0,https://twitter.com/adriventurasp/status/1656299301969047552
OdoricoParaguayo,@OdoricoParaguay,https://twitter.com/OdoricoParaguay/status/1656376412578742272,2023-05-10T19:11:25.000Z,Veremos,0,0,1,https://twitter.com/adriventurasp/status/1656299301969047552
@policialsincero,@policialsincero,https://twitter.com/policialliberal/status/1656484779993227265,2023-05-11T02:22:02.000Z,"A Reforma Administrativa pode ser muito aprimorada
Na PF poderia unificar os cargos de Delegado, Escrivão, Papiloscopostae Agente
No mundo todo as polícias são organizadas em carreira única e de ciclo completo
Modernizar para melhor servir
A reforma não ataca o problema",0,0,0,https://twitter.com/adriventurasp/status/1656299301969047552
Greice Kelly,@greicy_kelly21,https://twitter.com/greicy_kelly21/status/1656326498968649732,2023-05-10T15:53:05.000Z,Sonha,0,0,1,https://twitter.com/adriventurasp/status/1656299301969047552
antonio portinho,@antonioportinho,https://twitter.com/antonioportinho/status/1656402399882297344,2023-05-10T20:54:41.000Z,Boa!!!,0,0,0,https://twitter.com/adriventurasp/status/1656299301969047552
zé ninguém,@WalterJ39460463,https://twitter.com/WalterJ39460463/status/1656952203289018370,2023-05-12T09:19:24.000Z,"Mesmo depois de tudo que bolsonaro ia fazer e foi impedido por servidores de carreira e não seria impedido por terceirizados contratados ou o que lá fosse, escroques ainda insistem em cabrestar o serviço público. O anarco capitalismo é contra a meritocracia do concurso público.",0,0,0,https://twitter.com/adriventurasp/status/1656299301969047552
Valeria Moro,@Valeria_Moro_,https://twitter.com/Valeria_Moro_/status/1656480736256425988,2023-05-11T02:05:58.000Z,👏👏👏👏👏,0,0,0,https://twitter.com/adriventurasp/status/1656299301969047552
Antonio A,@Antonio3064,https://twitter.com/Antonio3064/status/1656681672631353344,2023-05-11T15:24:25.000Z,"Por favor,  votem CONTRA os 37 ministérios do Desgoverno atual.
O povo não deveria pagar pra ter 37 MINISTÉRIOS.",0,0,0,https://twitter.com/adriventurasp/status/1656299301969047552
Ida Monica Sem Políticos de Estimação,@Idamonica,https://twitter.com/Idamonica/status/1657139545618407430,2023-05-12T21:43:50.000Z,"Cara Adriana, tendo em vista ter votado contra a isonomia salarial entre homens e mulheres na mesma função, gostaria de saber se já pediu a redução de pelo menos  30% de seu salário.",1,0,0,https://twitter.com/adriventurasp/status/1656299301969047552
AlêCri,@KriGalocha,https://twitter.com/KriGalocha/status/1656396298239594498,2023-05-10T20:30:26.000Z,"Boa sorte para aprová-la.
Com certeza o orçamento secreto será super turbinado.",0,0,2,https://twitter.com/adriventurasp/status/1656299301969047552
Ricabi,@Ricabi3,https://twitter.com/Ricabi3/status/1656625857467756545,2023-05-11T11:42:37.000Z,falou a capitão do mato das mulheres a fantoche do machismo mercadogóico,0,0,2,https://twitter.com/adriventurasp/status/1656299301969047552
tica,@TicaTicabvieira,https://twitter.com/TicaTicabvieira/status/1656589238039728128,2023-05-11T09:17:06.000Z,Tu não quer melhorar nada. Só quer acabar com o serviço público e abrir caminho pra acabar com a estabilidade 🤡,0,0,1,https://twitter.com/adriventurasp/status/1656299301969047552
Valéria Luqui,@Valeria_Luqui,https://twitter.com/Valeria_Luqui/status/1656485962812104705,2023-05-11T02:26:44.000Z,"Muito bom, Deputada  Federal Adriana Ventura @adriventurasp 👏🏻👏🏻👏🏻👏🏻👏🏻👏🏻👏🏻👏🏻👏🏻👏🏻👏🏻👏🏻👏🏻Sem firulas, LEGISLANDO como tem que ser, TRABALHANDO! 🔝Me representa!🇧🇷",0,0,0,https://twitter.com/adriventurasp/status/1656299301969047552
Fim do Foro,@alopespedrosa,https://twitter.com/alopespedrosa/status/1656319850468474880,2023-05-10T15:26:39.000Z,"@FabioFr00170602 o q importante ninguém fala, não sai na mídia… mas tem umas 5 fofocas nova rodando todo dia.",0,0,0,https://twitter.com/adriventurasp/status/1656299301969047552
Antonio Rodrigues,@alrodriguesjr,https://twitter.com/alrodriguesjr/status/1656893344595820545,2023-05-12T05:25:31.000Z,"Já vi isso antes. Se não moralizar a sociedade, vai moralizar o serviço público? Entendi.",0,0,0,https://twitter.com/adriventurasp/status/1656299301969047552
Cristiane Flores,@florcr08,https://twitter.com/florcr08/status/1656426508376842241,2023-05-10T22:30:29.000Z,Estamos sem esperanças para esse país.  Infelizmente.,0,0,0,https://twitter.com/adriventurasp/status/1656299301969047552
"Luis, Filosofando",@jorluzfilosofia,https://twitter.com/jorluzfilosofia/status/1656490622570618882,2023-05-11T02:45:15.000Z,Manchete velha de 29 de agosto de 2022.,0,0,1,https://twitter.com/adriventurasp/status/1656299301969047552
Tom Ribeiro,@TomRibeiro18,https://twitter.com/TomRibeiro18/status/1656622677233205249,2023-05-11T11:29:59.000Z,Essa reforma é a mãe da reforma tributária. Só diminuindo o gasto com a máquina pública poderemos diminuir os impostos.,0,0,0,https://twitter.com/adriventurasp/status/1656299301969047552
Fernando Bueno,@FernandoBrisola,https://twitter.com/FernandoBrisola/status/1656491772007129088,2023-05-11T02:49:49.000Z,Quais são os termos dessa reforma? Pq não estão sendo discutidos?,0,0,1,https://twitter.com/adriventurasp/status/1656299301969047552
Kaiserlau,@Kaiserlau2,https://twitter.com/Kaiserlau2/status/1656308872892628994,2023-05-10T14:43:02.000Z,Modernizar kkkkkkkkkkk tu é uma piada,0,0,3,https://twitter.com/adriventurasp/status/1656299301969047552
Raymundo Aragão,@raragaoneto,https://twitter.com/raragaoneto/status/1656301972524285952,2023-05-10T14:15:37.000Z,👏👏👏,0,0,0,https://twitter.com/adriventurasp/status/1656299301969047552
Fantasma_M,@FantasmaM3,https://twitter.com/FantasmaM3/status/1656490277056442368,2023-05-11T02:43:52.000Z,"Qnd vcs vão pedir o fim dos privilégios dos milicos?  
Nunca! 
Golpistas se defendem! 
Vcs se venderam pra eles!",0,0,1,https://twitter.com/adriventurasp/status/1656299301969047552
Pedro Wilson,@Coandoo,https://twitter.com/Coandoo/status/1656408475486810115,2023-05-10T21:18:49.000Z,"Piada, se isso passar será a precarização da precarização.

E guerra civil logo ali",0,0,2,https://twitter.com/adriventurasp/status/1656299301969047552
lu senna em corruptos,@lusenna101,https://twitter.com/lusenna101/status/1656626297416699904,2023-05-11T11:44:22.000Z,"Vcs não fazem ideia da merda que estão fazendo. 
O sonho dos corruptos vai se concretizar com ajuda sua. 
Vão entregar os cargos públicos nas mãos dos corruptos , com estabilidade já é difícil, agora então vai ser festa.",0,0,2,https://twitter.com/adriventurasp/status/1656299301969047552
Marcelo,@marcelofdasilva,https://twitter.com/marcelofdasilva/status/1656458669263921154,2023-05-11T00:38:16.000Z,"Judiciário e MP?
Desceu da nave quando?",0,0,1,https://twitter.com/adriventurasp/status/1656299301969047552
