nome,usuario,idTweet,dataPublicacao,texto,replies,retweets,likes,tweetPai
Rose,@RoseBacellar,https://twitter.com/RoseBacellar/status/1656857642612948995,2023-05-12T03:03:39.000Z,"Obrigada, @jairbolsonaro .https://www12.senado.leg.br/radio/1/noticia/2022/08/04/bolsonaro-sanciona-piso-salarial-de-r-4-7-mil-para-enfermeiros#:~:text=O%20presidente%20Jair%20Bolsonaro%20sancionou,enfermeiros%20v%C3%A3o%20receber%20R%24%204.750….",1,2,12,https://twitter.com/padilhando/status/1656766579164446721
Miami Beach Elevator.btc,@elevamiami,https://twitter.com/elevamiami/status/1656769650632318982,2023-05-11T21:14:00.000Z,"Graças ao presidente BOLSONARO.

OBRIGADO BOLSONARO!!!!!!",9,5,65,https://twitter.com/padilhando/status/1656766579164446721
Dani Botelho,@Dani14Bot,https://twitter.com/Dani14Bot/status/1656979246059864064,2023-05-12T11:06:52.000Z,Obrigada Bolsonaro!,0,0,1,https://twitter.com/padilhando/status/1656766579164446721
Marcia Jesus,@MarciaJ41503422,https://twitter.com/MarciaJ41503422/status/1657098644653330432,2023-05-12T19:01:18.000Z,Lei assinada por Presidente Jair Messias Bolsonaro 🙏🇧🇷🙌🙏🇧🇷🙌😎,0,0,1,https://twitter.com/padilhando/status/1656766579164446721
Ana Luiza,@IzahOlivia,https://twitter.com/IzahOlivia/status/1656785969784188928,2023-05-11T22:18:51.000Z,Obrigada @jairbolsonaro,0,1,7,https://twitter.com/padilhando/status/1656766579164446721
Dimmy,@volentieri_,https://twitter.com/volentieri_/status/1656782049875730438,2023-05-11T22:03:16.000Z,Muito simbólico. Amanhã é dia Internacional da Enfermagem! Presidente @LulaOficial só nos enche de orgulho! 🫶😍♥️,5,0,7,https://twitter.com/padilhando/status/1656766579164446721
Juliano Sauer,@juliano_sauer,https://twitter.com/juliano_sauer/status/1656810394214604800,2023-05-11T23:55:54.000Z,Obrigado Presidente @jairbolsonaro.,0,1,5,https://twitter.com/padilhando/status/1656766579164446721
jefferson barbosa,@jeffers34110381,https://twitter.com/jeffers34110381/status/1657202164761088003,2023-05-13T01:52:40.000Z,O piso da enfermagem foi promovido pelo governo.Bolsonaro.,1,0,1,https://twitter.com/padilhando/status/1656766579164446721
Karla,@KarlaKarioca,https://twitter.com/KarlaKarioca/status/1656974678802432005,2023-05-12T10:48:43.000Z,O piso já é lei desde 2022.,0,0,1,https://twitter.com/padilhando/status/1656766579164446721
Fernndo,@feaova,https://twitter.com/feaova/status/1656788313515196418,2023-05-11T22:28:10.000Z,"conquista do presidente Bolsonaro que sancionou a lei
lei esta que o PT foi contra",1,0,5,https://twitter.com/padilhando/status/1656766579164446721
eliane,@ElianeAlfano,https://twitter.com/ElianeAlfano/status/1656810948282163200,2023-05-11T23:58:06.000Z,O que o STF vetou e Bolsonaro sancionou !!!,0,0,3,https://twitter.com/padilhando/status/1656766579164446721
Eliz Campos,@ElizCampos10,https://twitter.com/ElizCampos10/status/1656970291090800642,2023-05-12T10:31:17.000Z,"Obrigada @jairbolsonaro por ter sancionado a lei em setembro de 2022, logo após o STF vetou",0,0,2,https://twitter.com/padilhando/status/1656766579164446721
lucas,@LucasDiehl8,https://twitter.com/LucasDiehl8/status/1656817423633268737,2023-05-12T00:23:50.000Z,Muito obrigado! Agora falta aumentar o limite do super simples nacional,0,0,2,https://twitter.com/padilhando/status/1656766579164446721
Durval Henrique,@DurvalHenrique,https://twitter.com/DurvalHenrique/status/1656774543527034880,2023-05-11T21:33:27.000Z,"Ótimo, parabéns !!!",0,0,1,https://twitter.com/padilhando/status/1656766579164446721
DRIKKA,@LemeDrikka12426,https://twitter.com/LemeDrikka12426/status/1656843281060229122,2023-05-12T02:06:35.000Z,"JANONES NA CPMI 
JANONES NA CPMI 
JANONES NA CPMI 
JANONES NA CPMI 
JANONES NA CPMI 
JANONES NA CPMI 
JANONES NA CPMI 
JANONES NA CPMI 
JANONES NA CPMI 
JANONES NA CPMI 
JANONES NA CPMI 
JANONES NA CPMI 
JANONES NA CPMI 
JANONES NA CPMI 
JANONES NA CPMI 
JANONES NA CPMI",1,0,1,https://twitter.com/padilhando/status/1656766579164446721
Magaly Costa,@MagalyCosta15,https://twitter.com/MagalyCosta15/status/1657134020117909505,2023-05-12T21:21:53.000Z,"Me perdoe, mas histórica ?
Já não foi sancionada no ano passado ?
Saímos das mãos do Barroso ?
O que eu perdi ?",0,0,1,https://twitter.com/padilhando/status/1656766579164446721
Felipe Nogueira,@FelipeN65377711,https://twitter.com/FelipeN65377711/status/1656776433853779968,2023-05-11T21:40:57.000Z,Janones na CPMI!!!,0,0,1,https://twitter.com/padilhando/status/1656766579164446721
Felipe Nogueira,@FelipeN65377711,https://twitter.com/FelipeN65377711/status/1656776482536996865,2023-05-11T21:41:09.000Z,@padilhando Janones na CPMI!!!!,0,0,1,https://twitter.com/padilhando/status/1656766579164446721
Sara,@SaraPtt13,https://twitter.com/SaraPtt13/status/1656824105629261829,2023-05-12T00:50:23.000Z,Deveria ser só para quem fez o L,0,0,1,https://twitter.com/padilhando/status/1656766579164446721
Fabio Ferreira,@fabinhoffb1,https://twitter.com/fabinhoffb1/status/1657223024406409216,2023-05-13T03:15:33.000Z,Parabéns  @jairbolsonaro,0,0,1,https://twitter.com/padilhando/status/1656766579164446721
daniele oliveira,@dradani1975,https://twitter.com/dradani1975/status/1656820662718087168,2023-05-12T00:36:42.000Z,"Isso q chamo de completar o serviço né...por no papel é fácil...explicar como vai proporcionar esse ""benefício"" é outra...teoria sem prática...pra mim é demagogia... enfermagem merece muito...mas e o ciclo pra manter...a estrutura? O SUS é bom...mas tá quebrado...assim como ..",0,0,0,https://twitter.com/padilhando/status/1656766579164446721
Daniele Ramos,@adm02_ramos,https://twitter.com/adm02_ramos/status/1656939905094696960,2023-05-12T08:30:32.000Z,Obrigada Bolsonaro,0,0,1,https://twitter.com/padilhando/status/1656766579164446721
Wendell Barbosa,@Wendell03928603,https://twitter.com/Wendell03928603/status/1656986046054256646,2023-05-12T11:33:53.000Z,"🚨 ATENÇÃO: A EXISTÊNCIA DAS EMENDAS PALARMENTARES DE R$ 9 BI, MOSTRA QUE O SISTEMA CONTINUA O MESMO. @LulaOficial MEU PRESIDENTE, SEI QUE NÃO ES MAIS UM DELES, POIS LUTA POR NÓS, TRAZER COMIDA PARA NOSSA MESA, MAS SEM O DESMONTE DESTE SISTEMA, QUANDO SAIR, TODA LUTA VAI CONTIGO",0,0,0,https://twitter.com/padilhando/status/1656766579164446721
V_Norris,@VN0rr1s,https://twitter.com/VN0rr1s/status/1657103490198433794,2023-05-12T19:20:34.000Z,Obrigado Bolsonaro,0,0,3,https://twitter.com/padilhando/status/1656766579164446721
Nattan Felipe,@NattanFelipe16,https://twitter.com/NattanFelipe16/status/1656833856127787009,2023-05-12T01:29:08.000Z,A classe da enfermagem nunca irá esquecer que os ministros do STF que foram contras foram todos indicados pelo PT...,0,0,3,https://twitter.com/padilhando/status/1656766579164446721
drinha,@drinhasns,https://twitter.com/drinhasns/status/1656798471083491329,2023-05-11T23:08:31.000Z,"@padilhando , preocupada,pois não está na agenda do presidente para amanhã 😱,
Mas com fé que dará tudo certo 🙏",0,0,1,https://twitter.com/padilhando/status/1656766579164446721
Adriana Cavalcante,@Adriana19249936,https://twitter.com/Adriana19249936/status/1657021646727684097,2023-05-12T13:55:21.000Z,Temos muito a comemorar...,0,0,1,https://twitter.com/padilhando/status/1656766579164446721
Algrac,@algrac,https://twitter.com/algrac/status/1656779689183043585,2023-05-11T21:53:54.000Z,Obrigado @jairbolsonaro,0,0,4,https://twitter.com/padilhando/status/1656766579164446721
Michel Lopes,@Mikallopes,https://twitter.com/Mikallopes/status/1657093185821106205,2023-05-12T18:39:37.000Z,Parabéns Bolsonaro,0,0,1,https://twitter.com/padilhando/status/1656766579164446721
Ricardo Lucas,@Ricardo77073311,https://twitter.com/Ricardo77073311/status/1657049137769066498,2023-05-12T15:44:35.000Z,Obrigado Bolsonaro.,0,0,1,https://twitter.com/padilhando/status/1656766579164446721
Jorge Moretti,@jt_moretti,https://twitter.com/jt_moretti/status/1656777544945860608,2023-05-11T21:45:22.000Z,Sobre a cpmi do 8/01.,0,1,3,https://twitter.com/padilhando/status/1656766579164446721
Luleverso,@lexMedeirosdeA1,https://twitter.com/lexMedeirosdeA1/status/1656829125309390849,2023-05-12T01:10:20.000Z,Obg @jairbolsonaro !!,0,0,1,https://twitter.com/padilhando/status/1656766579164446721
Mayara Santos,@MayaraS48478959,https://twitter.com/MayaraS48478959/status/1656771662950400006,2023-05-11T21:22:00.000Z,Parabéns. Divulguem isso em rede nacional para todos verem. É importante.,0,0,0,https://twitter.com/padilhando/status/1656766579164446721
Antônio Alves,@alvessousa076,https://twitter.com/alvessousa076/status/1657095896943738880,2023-05-12T18:50:23.000Z,"Na verdade já tinha sido sancionada pelo governo anterior, mas o Barroso deu uma canetada suspendendo",0,0,2,https://twitter.com/padilhando/status/1656766579164446721
max_bronze,@ninfoman_centro,https://twitter.com/ninfoman_centro/status/1656986874211102722,2023-05-12T11:37:10.000Z,"""Amanhã""",0,0,0,https://twitter.com/padilhando/status/1656766579164446721
"Paulo Roberto Guedes, CEA®",@Paulo_Guedes_10,https://twitter.com/Paulo_Guedes_10/status/1656782291161567237,2023-05-11T22:04:14.000Z,Obrigada PRESIDENTE BOLSONARO 🇧🇷🤠💯,0,1,7,https://twitter.com/padilhando/status/1656766579164446721
"Histórias, nossas histórias",@ElaneGomes2022,https://twitter.com/ElaneGomes2022/status/1656767839104106498,2023-05-11T21:06:48.000Z,Dia muito esperado por nós!!! 🙏,0,0,0,https://twitter.com/padilhando/status/1656766579164446721
Mattos,@Renato_CG_MS,https://twitter.com/Renato_CG_MS/status/1657097027161841679,2023-05-12T18:54:53.000Z,Piso que o BOLSONARO criou...  OBRIGADO BOLSONARO!!!!.....,0,0,1,https://twitter.com/padilhando/status/1656766579164446721
Combatente,@Combatente11072,https://twitter.com/Combatente11072/status/1657039306886610945,2023-05-12T15:05:31.000Z,Obrigado Presidente Bolsonaro!,0,0,1,https://twitter.com/padilhando/status/1656766579164446721
Carlos,@CarlosA20451807,https://twitter.com/CarlosA20451807/status/1656948798294220800,2023-05-12T09:05:52.000Z,Kkkk patético foi bolsonaro idiota kkkkkk,0,0,1,https://twitter.com/padilhando/status/1656766579164446721
Fernando Almeida,@fbarros0511,https://twitter.com/fbarros0511/status/1656858598226501634,2023-05-12T03:07:27.000Z,Parabéns presidente Jair Bolsonaro 👏👏👏🇧🇷🇧🇷🇧🇷#LulaLadraoSeuLugarENaPrisao,0,0,1,https://twitter.com/padilhando/status/1656766579164446721
daniele oliveira,@dradani1975,https://twitter.com/dradani1975/status/1656820859275804673,2023-05-12T00:37:29.000Z,Milhares de pequenos hospitais que lutam bravamente todos os dias e arcar com custos mínimos,0,0,0,https://twitter.com/padilhando/status/1656766579164446721
luziadossantos,@luziado78239730,https://twitter.com/luziado78239730/status/1656848072008253440,2023-05-12T02:25:37.000Z,"Estou muito feliz, tempo esperando por isso.",0,0,0,https://twitter.com/padilhando/status/1656766579164446721
Janine,@Mozaaa03,https://twitter.com/Mozaaa03/status/1656769327708741634,2023-05-11T21:12:43.000Z,Aquele piso que o Bolsonaro deu e que o ministro Barroso suspendeu?,0,0,0,https://twitter.com/padilhando/status/1656766579164446721
Maria Izabel,@tobymel,https://twitter.com/tobymel/status/1656826175581200384,2023-05-12T00:58:37.000Z,"JANONES NA CPMI
JANONES NA CPMI
JANONES NA CPMI
JANONES NA CPMI
JANONES NA CPMI
JANONES NA CPMI
JANONES NA CPMI
JANONES NA CPMI
JANONES NA CPMI
JANONES NA CPMI
JANONES NA CPMI
JANONES NA CPMI
JANONES NA CPMI
JANONES NA CPMI
JANONES NA CPMI
JANONES NA CPMI",0,0,0,https://twitter.com/padilhando/status/1656766579164446721
Arkakuzo ⁿ²,@Arkakuzo_Gorka,https://twitter.com/Arkakuzo_Gorka/status/1656825148991758336,2023-05-12T00:54:32.000Z,Que cara de pau a sua depois de tudo que vocês fizeram para bloquear no governo bolsonaro,0,0,1,https://twitter.com/padilhando/status/1656766579164446721
Yamil Santiesteban,@jamilsanchez95,https://twitter.com/jamilsanchez95/status/1656768790229577732,2023-05-11T21:10:35.000Z,E quando será que o ministério da saúde vai publicar o edital para a inscrição no programa Mais Médico?,0,0,0,https://twitter.com/padilhando/status/1656766579164446721
Edna Yay,@EdnaYay,https://twitter.com/EdnaYay/status/1657710151875325952,2023-05-14T11:31:13.000Z,Quando o Lula vai entregar mais obras feitas pelo presidente Bolsonaro?? 🤔,0,0,0,https://twitter.com/padilhando/status/1656766579164446721
Jane Zeijden,@janezeijden1,https://twitter.com/janezeijden1/status/1656777109518393344,2023-05-11T21:43:38.000Z,Espero que eles nunca esqueçam desse ato de Lula nosso Presidente!,0,0,3,https://twitter.com/padilhando/status/1656766579164446721
Rei da galhofa,@olavovive,https://twitter.com/olavovive/status/1656839463081746434,2023-05-12T01:51:25.000Z,"Lula resistiu e atrapalhou o quanto pode pra instituir um piso salarial da enfermagem! Agora, comemoram como se eles fossem os autores do projeto?!? Hipócritas!!!",0,0,1,https://twitter.com/padilhando/status/1656766579164446721
Assis Dourado,@DouradoAssis,https://twitter.com/DouradoAssis/status/1656833410399182848,2023-05-12T01:27:22.000Z,"Agradeçam ao Bolsonaro...e digo mais, se ele tivesse sido reeleito, todos já estariam recebendo desde janeiro.",0,0,1,https://twitter.com/padilhando/status/1656766579164446721
Leonardo Barros,@Leosb12Leonardo,https://twitter.com/Leosb12Leonardo/status/1657078259345924096,2023-05-12T17:40:18.000Z,Parabéns biroliro,0,0,1,https://twitter.com/padilhando/status/1656766579164446721
Sônia Santos,@SniaSan20406830,https://twitter.com/SniaSan20406830/status/1656870862836887554,2023-05-12T03:56:11.000Z,"OBRIGADA BOLSONARO

 POR TER FEITO ESSA LEI QUE O PT BLOQUEOU",0,1,1,https://twitter.com/padilhando/status/1656766579164446721
Carlos Alberto Lopes,@carlos03370337,https://twitter.com/carlos03370337/status/1656835039936561153,2023-05-12T01:33:50.000Z,Agradeçam ao Bolsonaro!,0,0,0,https://twitter.com/padilhando/status/1656766579164446721
Edson Jose,@EdsonJo52297475,https://twitter.com/EdsonJo52297475/status/1656829166480764928,2023-05-12T01:10:30.000Z,Viva ao bolsonaro 🙏👏.,0,0,1,https://twitter.com/padilhando/status/1656766579164446721
Luiz Casagrande,@luizcasagra,https://twitter.com/luizcasagra/status/1657073779300761618,2023-05-12T17:22:30.000Z,"Ex-presidiario, chefe da quadrilha, maior ladrão e mentiroso do Brasil, julgado e condenado por 9 juízes em 3 instâncias a 12 anos de cadeia e por unanimidade 9 x 0, faltam cumprir 10 anos de cadeia.",0,0,1,https://twitter.com/padilhando/status/1656766579164446721
Brasileiro,@JosCarlosdaFon4,https://twitter.com/JosCarlosdaFon4/status/1656942725382520833,2023-05-12T08:41:44.000Z,"O consumo de álcool causa sonolência e a sensação de relaxamento. No longo prazo, o abuso da substância pode provocar cansaço físico e dificuldade de raciocínio. Confusão mental e até alucinações podem ocorrer",0,0,0,https://twitter.com/padilhando/status/1656766579164446721
Faizel,@FaizelHatia,https://twitter.com/FaizelHatia/status/1657005314040897538,2023-05-12T12:50:27.000Z,"Lei essa que foi barrado por vcs da esquerda no governo passado!!!
Verdade, verdade sempre!!!",1,0,2,https://twitter.com/padilhando/status/1656766579164446721
CP,@AdrianiCaap,https://twitter.com/AdrianiCaap/status/1656823086891532290,2023-05-12T00:46:20.000Z,Obrigado meu presidente. A enfermagem te agradece. Vc foi sem dúvida o melhor presidente que este país já teve.,1,0,2,https://twitter.com/padilhando/status/1656766579164446721
celso andré de souza,@celsoandrdesou1,https://twitter.com/celsoandrdesou1/status/1656841062328008704,2023-05-12T01:57:46.000Z,Obrigado Bolsonaro!,0,0,1,https://twitter.com/padilhando/status/1656766579164446721
LYRA,@LyraEdu,https://twitter.com/LyraEdu/status/1656989336951193600,2023-05-12T11:46:57.000Z,O povão tá sabendo ou só pra tú aparecer ?,0,0,1,https://twitter.com/padilhando/status/1656766579164446721
