nome,usuario,idTweet,dataPublicacao,texto,replies,retweets,likes,tweetPai
Debora Block,@DeboraFBergamo,https://twitter.com/DeboraFBergamo/status/1656389332230455297,2023-05-10T20:02:45.000Z,"Gente, preciso fazer um curso de militares... dar um up no salário mínimo aqui.",1,0,1,https://twitter.com/AlencarBraga13/status/1656387795433267200
Leila,@Leila_Durja,https://twitter.com/Leila_Durja/status/1656393403486142465,2023-05-10T20:18:56.000Z,A familícia e agregados são pobres de marré deci... Chega dar pena. 🤡💸💸💸💸https://twitter.com/guilherme_amado/status/1656376248224890880?t=U1V01s2dDj_kpXvExxxR0A&s=19…,0,0,0,https://twitter.com/AlencarBraga13/status/1656387795433267200
Capiroto Criativo,@CapirotCriativo,https://twitter.com/CapirotCriativo/status/1656413875892305920,2023-05-10T21:40:17.000Z,Tá parecendo vendedora de Avon,0,0,0,https://twitter.com/AlencarBraga13/status/1656387795433267200
LULAFLA!,@Carlo15557023,https://twitter.com/Carlo15557023/status/1656395572780072962,2023-05-10T20:27:33.000Z,SE O PATRICK BOLSONAZIFASCISTA TÁ CHEIO DE GRANA DE ORIGEM SUSPEITA...IMAGINA O CHEFE DELE!💸💸💸💸💸💸,0,0,0,https://twitter.com/AlencarBraga13/status/1656387795433267200
Marisa victorio da silva,@victorio_marisa,https://twitter.com/victorio_marisa/status/1656454699837530112,2023-05-11T00:22:30.000Z,"Militar milionário no governo Bolsonaro.
Quem diria ...💵💵💵💵💵💵",0,0,0,https://twitter.com/AlencarBraga13/status/1656387795433267200
