nome,usuario,idTweet,dataPublicacao,texto,replies,retweets,likes,tweetPai
@lula1313,@lula1313,https://twitter.com/lula13133/status/1656250845023854598,2023-05-10T10:52:27.000Z,"Não me diga ! Já foram presos ? Já acharam a Grana ? 
Bom dia @AlencarBraga13 💪😷",0,1,3,https://twitter.com/AlencarBraga13/status/1656246373145100289
Lw,@welalegigi,https://twitter.com/welalegigi/status/1656257552194105346,2023-05-10T11:19:06.000Z,O que será que o deputado tem feito para melhorar a vida do povo!! Só se preocupa com investigações da polícia! Pro povo não faz nada,2,0,0,https://twitter.com/AlencarBraga13/status/1656246373145100289
Leandro Dos santos marques,@Leandro31415915,https://twitter.com/Leandro31415915/status/1656255175412023296,2023-05-10T11:09:40.000Z,Mordomo 3.0,0,0,0,https://twitter.com/AlencarBraga13/status/1656246373145100289
Nilson Ramos,@NilsonR23834882,https://twitter.com/NilsonR23834882/status/1656718767341051906,2023-05-11T17:51:49.000Z,"Fonte muito confiável kkkkk
Parabéns deputado, pela vergonha alheia 😂",0,0,0,https://twitter.com/AlencarBraga13/status/1656246373145100289
G S,@brasil58605700,https://twitter.com/brasil58605700/status/1656252907497332738,2023-05-10T11:00:39.000Z,Deu ruim,0,0,0,https://twitter.com/AlencarBraga13/status/1656246373145100289
ROSE MARY,@ROSEMAR47933936,https://twitter.com/ROSEMAR47933936/status/1656352823741652992,2023-05-10T17:37:41.000Z,Se espera tudo de quem se mistura.,0,0,0,https://twitter.com/AlencarBraga13/status/1656246373145100289
Fafa,@mfatimapassos,https://twitter.com/mfatimapassos/status/1656288344920461313,2023-05-10T13:21:28.000Z,E de quem será esse dinheiro??,0,0,1,https://twitter.com/AlencarBraga13/status/1656246373145100289
Marcelo Cavinatto,@MarceloCavinato,https://twitter.com/MarceloCavinato/status/1656249145080905730,2023-05-10T10:45:42.000Z,Ninguém né?? Em meio a tantas joias e imóveis ainda arruma tempo pra investir no exterior..,0,0,0,https://twitter.com/AlencarBraga13/status/1656246373145100289
marcelo rezende cassunde,@CassundeMarcelo,https://twitter.com/CassundeMarcelo/status/1656247037724164096,2023-05-10T10:37:20.000Z,Quem poderia imaginar..kk,0,0,0,https://twitter.com/AlencarBraga13/status/1656246373145100289
BethK,@BethK32279062,https://twitter.com/BethK32279062/status/1656368179218640909,2023-05-10T18:38:42.000Z,Rachadinhas palacianas? Só pergunto...,0,0,0,https://twitter.com/AlencarBraga13/status/1656246373145100289
Hermsdorff63,@hermsdorff63,https://twitter.com/hermsdorff63/status/1656339333287116807,2023-05-10T16:44:05.000Z,O cara foi adido militar no exterior. Isso q vc tá falando é fake news. PL 2630 em vc.,0,0,0,https://twitter.com/AlencarBraga13/status/1656246373145100289
zilda #foralula,@zildasiqueiram2,https://twitter.com/zildasiqueiram2/status/1656295085896499203,2023-05-10T13:48:15.000Z,"Lula manda pagar R$ 9 bilhões do orçamento secreto de Bolsonaro que ficaram ‘pendurados’.  Dinheiro será liberado sem transparência, após pressão por emendas e derrotas do governo no Congresso.🙊🙈🙉",0,0,1,https://twitter.com/AlencarBraga13/status/1656246373145100289
luis junior,@Descondenado23,https://twitter.com/Descondenado23/status/1656268372668030980,2023-05-10T12:02:06.000Z,Fonte? Cadê o áudio? É só um recorte aleatório de mensagem? Existem de fato? Depois vocês dizem que são contra fake News.,0,0,0,https://twitter.com/AlencarBraga13/status/1656246373145100289
Alberton Viana,@albertonviana,https://twitter.com/albertonviana/status/1656252186588852225,2023-05-10T10:57:47.000Z,Nova alerto o @exercitooficial parece que não sabe o que a constituiçao fala sobre militar da Ativa ou faz de jumento da uma lida na Lei 1.802/53,0,0,0,https://twitter.com/AlencarBraga13/status/1656246373145100289
Antonela,@AntonelaLarinha,https://twitter.com/AntonelaLarinha/status/1656276821959233536,2023-05-10T12:35:41.000Z,#LulaLadraoSeuLugarENaPrisao,0,0,0,https://twitter.com/AlencarBraga13/status/1656246373145100289
Roosevelt Roberto,@RooseveltRobe14,https://twitter.com/RooseveltRobe14/status/1656257602269986819,2023-05-10T11:19:18.000Z,"https://agenciasportlight.com.br/index.php/2022/10/14/irmao-de-ajudante-de-ordens-de-bolsonaro-investigado-por-transacoes-financeiras-do-gabinete-abriu-empresa-no-paraiso-fiscal-mais-sigiloso-do-mundo/…Deputado, essa reportagem da Spotlight precisa ser investigada.",0,0,0,https://twitter.com/AlencarBraga13/status/1656246373145100289
Marisa victorio da silva,@victorio_marisa,https://twitter.com/victorio_marisa/status/1656249568596508673,2023-05-10T10:47:23.000Z,🕵️‍♂️📲😯💰Quem poderia imaginar que o secretário particular de Jair Bolsonaro estaria envolvido em movimentações econômicas suspeitas para o exterior?,0,1,0,https://twitter.com/AlencarBraga13/status/1656246373145100289
