nome,usuario,idTweet,dataPublicacao,texto,replies,retweets,likes,tweetPai
Adely,@Xxbaiana_,https://twitter.com/Xxbaiana_/status/1656302108272885760,2023-05-10T14:16:09.000Z,"Bom dia! @AlencarBraga13  pra que serve digo o ministro Jucelino filho  ?E ministro de que mesmo ,ele  faz algo pelo Brasil ou é só pra ocupar cargo mesmo ? pense no ministro que vive escondido .",0,0,0,https://twitter.com/AlencarBraga13/status/1656258146011172866
Dani Botelho,@Dani14Bot,https://twitter.com/Dani14Bot/status/1656802365851181058,2023-05-11T23:24:00.000Z,"Se apoderando do projeto dos outros, leviano?",0,0,0,https://twitter.com/AlencarBraga13/status/1656258146011172866
Perfil Anônimo,@rogerbage,https://twitter.com/rogerbage/status/1656259749585862656,2023-05-10T11:27:50.000Z,"Parabéns aos envolvidos, e que nunca seja necessário usá-las de forma letal.",0,0,0,https://twitter.com/AlencarBraga13/status/1656258146011172866
Mauricio Brito,@Maurici11064083,https://twitter.com/Maurici11064083/status/1656320830735777794,2023-05-10T15:30:33.000Z,Vcs foram contra a privatização da Embraer,0,0,1,https://twitter.com/AlencarBraga13/status/1656258146011172866
Valdeci Lima,@valdecilima50,https://twitter.com/valdecilima50/status/1656807945026383874,2023-05-11T23:46:10.000Z,PT!? Não confio mesmo,0,0,0,https://twitter.com/AlencarBraga13/status/1656258146011172866
KMR DF,@majorgabdf,https://twitter.com/majorgabdf/status/1656799580774694915,2023-05-11T23:12:56.000Z,"Explicando:
Já o filho de Lula é acusado de receber de um lobista valores pagos para que o pai usasse sua influência na compra dos caças.
Já o abacate é o novo carvão para fundos de hedge,com US$ 3 trilhões em ativos,esses fundos têm poder para apoiar empresas verdes.",0,3,4,https://twitter.com/AlencarBraga13/status/1656258146011172866
Pátria e família.,@LuizMazzei14749,https://twitter.com/LuizMazzei14749/status/1656311039078588418,2023-05-10T14:51:39.000Z,E também comemoram a soltura dos condenados.,0,1,1,https://twitter.com/AlencarBraga13/status/1656258146011172866
Fabio Ferreira,@fabinhoffb1,https://twitter.com/fabinhoffb1/status/1656371897171341329,2023-05-10T18:53:28.000Z,Parabéns @jairbolsonaro  já já vccta de volta esse gorveno  de ladrão vai cair,0,0,0,https://twitter.com/AlencarBraga13/status/1656258146011172866
Waisman,@WabWaisman,https://twitter.com/WabWaisman/status/1656362562311581722,2023-05-10T18:16:23.000Z,Kkkkkkkkkkkk quantas narrativas podres da esquerda lixo.,0,0,0,https://twitter.com/AlencarBraga13/status/1656258146011172866
Capiroto Criativo,@CapirotCriativo,https://twitter.com/CapirotCriativo/status/1656261495099998210,2023-05-10T11:34:46.000Z,Obrigado! @jairbolsonaro por ter dado os pontas pés iniciais para isso,0,0,0,https://twitter.com/AlencarBraga13/status/1656258146011172866
Sandra,@MouraRisso,https://twitter.com/MouraRisso/status/1656261238404313089,2023-05-10T11:33:45.000Z,Faz o L fdp,0,1,2,https://twitter.com/AlencarBraga13/status/1656258146011172866
marli,@marli50042322,https://twitter.com/marli50042322/status/1656360571271348224,2023-05-10T18:08:28.000Z,Esse desgoverno é uma organização mentirosa,0,0,0,https://twitter.com/AlencarBraga13/status/1656258146011172866
marli,@marli50042322,https://twitter.com/marli50042322/status/1656360640217317376,2023-05-10T18:08:44.000Z,Lulalarapio é um câncer na nossa nação 🤬,0,0,0,https://twitter.com/AlencarBraga13/status/1656258146011172866
marli,@marli50042322,https://twitter.com/marli50042322/status/1656360804000645122,2023-05-10T18:09:24.000Z,Meu presidente Jair Messias Bolsonaro 🇧🇷🥰,0,0,0,https://twitter.com/AlencarBraga13/status/1656258146011172866
marli,@marli50042322,https://twitter.com/marli50042322/status/1656360931452960769,2023-05-10T18:09:54.000Z,Grande 💩,0,0,0,https://twitter.com/AlencarBraga13/status/1656258146011172866
marli,@marli50042322,https://twitter.com/marli50042322/status/1656361093000753184,2023-05-10T18:10:32.000Z,Esse desgoverno é uma organização criminosa 🤬,0,0,0,https://twitter.com/AlencarBraga13/status/1656258146011172866
#FORA LULA #FORA DESGOVERNO CORRUPTO,@SobreviventeSP,https://twitter.com/SobreviventeSP/status/1656327007741829120,2023-05-10T15:55:06.000Z,"LULADRÃO DEVE TER FUGIDO DO SERVIÇO MILITAR OBRIGATÓRIO,  SE FOI CAPAZ ATÉ  DE CORTAR O DEDO PARA NAO TRABALHAR...",0,0,0,https://twitter.com/AlencarBraga13/status/1656258146011172866
Luciane Maria Gurski,@GurskiLuciane,https://twitter.com/GurskiLuciane/status/1656321763012165636,2023-05-10T15:34:15.000Z,"É pra ver né.

O pai dos pobres, promovendo caças agora. 

Que ironia.

E como
Sempre vcs falando do nosso presidente.

Pra vc matar a saudades vai aí uma fotinha.

Ótimo dia",0,0,0,https://twitter.com/AlencarBraga13/status/1656258146011172866
Luciane Maria Gurski,@GurskiLuciane,https://twitter.com/GurskiLuciane/status/1656321904968335360,2023-05-10T15:34:49.000Z,Também tem esse adoro,0,0,0,https://twitter.com/AlencarBraga13/status/1656258146011172866
Marisa victorio da silva,@victorio_marisa,https://twitter.com/victorio_marisa/status/1656263024003493889,2023-05-10T11:40:51.000Z,"@LulaOficial - E a retomada da indústria aeroespacial - setor de vanguarda tecnológica que gera benefícios para o país. 🤡Bolsonaro comemorava carregamentos de abacate brasileiro para Argentina ✔️ Nós comemoramos a construção dos caças Gripen, que não é apenas uma questão+",0,0,0,https://twitter.com/AlencarBraga13/status/1656258146011172866
Marisa victorio da silva,@victorio_marisa,https://twitter.com/victorio_marisa/status/1656263653866258432,2023-05-10T11:43:21.000Z,"de defesa. É a retomada da indústria aeroespacial, setor de vanguarda tecnológica que gera incontáveis benefícios para o país.⭐✊",0,0,0,https://twitter.com/AlencarBraga13/status/1656258146011172866
