nome,usuario,idTweet,dataPublicacao,texto,replies,retweets,likes,tweetPai
Fátima Leal,@mariade57438723,https://twitter.com/mariade57438723/status/1658075209428082689,2023-05-15T11:41:50.000Z,Acho certíssimo,0,0,0,https://twitter.com/AlencarBraga13/status/1657392697177407489
Esquerdopata,@Naudirbsantos,https://twitter.com/Naudirbsantos/status/1658077929107062787,2023-05-15T11:52:38.000Z,Demorou. Tem meu apoio. #históriadaculturaafrobrasileira,0,0,0,https://twitter.com/AlencarBraga13/status/1657392697177407489
Marisa victorio da silva,@victorio_marisa,https://twitter.com/victorio_marisa/status/1657399328355368962,2023-05-13T14:56:07.000Z,"#dianacionaldedenunciacontraracismo ""A história da cultura brasileira se passa pelo lugar de onde a maioria dos brasileiros vieram,que é da África"".✊🏾✔️O comunicador AD Junior destacou a importância da lei que prevê o ensino da história afro-brasileira nas escolas.
Assistam!",0,0,0,https://twitter.com/AlencarBraga13/status/1657392697177407489
