nome,usuario,idTweet,dataPublicacao,texto,replies,retweets,likes,tweetPai
dakynes junior,@dakynes10,https://twitter.com/dakynes10/status/1657702210573090816,2023-05-14T10:59:40.000Z,"Mas tudo é verdade a gasolina em 2 Estados foi pra 10 reais, e a as obras em outros países são verdades e tem obras inacabadas no Brasil investe lá fora em vez investir no próprio país",0,0,0,https://twitter.com/AlencarBraga13/status/1657445604220456961
Marisa victorio da silva,@victorio_marisa,https://twitter.com/victorio_marisa/status/1657463402086776832,2023-05-13T19:10:43.000Z,"#PL 2630Sim! Impedir  publicações de conteúdos que ameaçam as nossas vidas e a democracia ✊⭐🍀✔️ É urgente a aprovação do PL 2630 para regular as plataformas digitais e impedir publicações conteúdos que ameaçam as nossas vidas e a democracia brasileira.
+",0,0,0,https://twitter.com/AlencarBraga13/status/1657445604220456961
Marisa victorio da silva,@victorio_marisa,https://twitter.com/victorio_marisa/status/1657464464583606275,2023-05-13T19:14:57.000Z,"#PL2630Sim! 
Via @inst_lula 🍀✊",0,0,0,https://twitter.com/AlencarBraga13/status/1657445604220456961
