nome,usuario,idTweet,dataPublicacao,texto,replies,retweets,likes,tweetPai
NOSLINEZ ORIEHNIP,@Zenilsonp500,https://twitter.com/Zenilsonp500/status/1657219138270511106,2023-05-13T03:00:06.000Z,"Ué vergonha MINISTRO mentindo na cara Dura, para quem defende a PL DA CENSURA, PILATRINHA
08 DE JANEIRO CPMI",0,0,1,https://twitter.com/padilhando/status/1657132597422456832
Mayara Santos,@MayaraS48478959,https://twitter.com/MayaraS48478959/status/1657148569898426374,2023-05-12T22:19:42.000Z,Que continui assim.,0,0,0,https://twitter.com/padilhando/status/1657132597422456832
NOSLINEZ ORIEHNIP,@Zenilsonp500,https://twitter.com/Zenilsonp500/status/1657166561252106254,2023-05-12T23:31:11.000Z,"Fake News
Governo de vagabundos",0,0,1,https://twitter.com/padilhando/status/1657132597422456832
NOSLINEZ ORIEHNIP,@Zenilsonp500,https://twitter.com/Zenilsonp500/status/1657226602650951683,2023-05-13T03:29:46.000Z,Pega essa Ministro fake News,0,0,0,https://twitter.com/padilhando/status/1657132597422456832
Paulo Dezoito,@DezoitoPaulo,https://twitter.com/DezoitoPaulo/status/1657494574103707648,2023-05-13T21:14:35.000Z,E os dados recordes do 1° trimestre? Esqueceu?,0,0,0,https://twitter.com/padilhando/status/1657132597422456832
JRN,@JRNatal8,https://twitter.com/JRNatal8/status/1657133252509945860,2023-05-12T21:18:50.000Z,PICARETA MENTIROSO,0,1,1,https://twitter.com/padilhando/status/1657132597422456832
Rafaela Calixto,@Rafaela69646928,https://twitter.com/Rafaela69646928/status/1657404067063234567,2023-05-13T15:14:57.000Z,Mentira kkkkkk olha o fake news,0,0,0,https://twitter.com/padilhando/status/1657132597422456832
Os Brutos Também Amam,@lavorero,https://twitter.com/lavorero/status/1657186072369979392,2023-05-13T00:48:43.000Z,"Divulgue a fonte, Alexandre.",0,0,0,https://twitter.com/padilhando/status/1657132597422456832
Gcm Reis,@gcmreis,https://twitter.com/gcmreis/status/1657133157898960897,2023-05-12T21:18:27.000Z,Meu Deus essa extrema esquerda gosta de espalhar fake news,0,0,0,https://twitter.com/padilhando/status/1657132597422456832
Madeira,@MadeiraBR,https://twitter.com/MadeiraBR/status/1657143612562456576,2023-05-12T22:00:00.000Z,Aonde que denuncia essa fake News?,0,0,1,https://twitter.com/padilhando/status/1657132597422456832
Amazing graces,@amazinggraces85,https://twitter.com/amazinggraces85/status/1657137529211027456,2023-05-12T21:35:49.000Z,A verdade,0,1,0,https://twitter.com/padilhando/status/1657132597422456832
MarcSuperBrasil,@marcelo_superti,https://twitter.com/marcelo_superti/status/1657133434886672385,2023-05-12T21:19:33.000Z,"Governo Lula liberou atraves do ministério da agricultura 44 novos agrotóxicos

Marina Silva sabe disso?????",0,0,0,https://twitter.com/padilhando/status/1657132597422456832
