nome,usuario,idTweet,dataPublicacao,texto,replies,retweets,likes,tweetPai
Luiz Casagrande,@luizcasagra,https://twitter.com/luizcasagra/status/1657732810201759745,2023-05-14T13:01:15.000Z,"Ex-presidiario, maior ladrão do Brasil julgado e condenado por 9 juízes em 3 instâncias a 12 anos de cadeia e por unanimidade 9 x 0, faltam cumprir 10 anos de cadeia",0,0,0,https://twitter.com/AlencarBraga13/status/1657420362978656258
Luiz Casagrande,@luizcasagra,https://twitter.com/luizcasagra/status/1657732871405150209,2023-05-14T13:01:30.000Z,Censura só em Cuba Venezuela Nicarágua China aqui não,0,0,0,https://twitter.com/AlencarBraga13/status/1657420362978656258
Marisa victorio da silva,@victorio_marisa,https://twitter.com/victorio_marisa/status/1657439389524402176,2023-05-13T17:35:18.000Z,"#FalsosMoralistas - atacar o PL 2630 - hipocrisia✔️Os hipócritas que hoje falam em censura para atacar o PL 2630 são os mesmos que, apenas seis meses atrás, usaram a Polícia Federal e a Polícia Rodoviária Federal para impedir a população do Nordeste de exercer o seu direito +",0,0,0,https://twitter.com/AlencarBraga13/status/1657420362978656258
Marisa victorio da silva,@victorio_marisa,https://twitter.com/victorio_marisa/status/1657439676939001856,2023-05-13T17:36:27.000Z,ao voto. Cínicos! 🙃👎,0,0,0,https://twitter.com/AlencarBraga13/status/1657420362978656258
