nome,usuario,idTweet,dataPublicacao,texto,replies,retweets,likes,tweetPai
Roney Rodrigues,@RoneyRo39204400,https://twitter.com/RoneyRo39204400/status/1658232720101711873,2023-05-15T22:07:43.000Z,"Aí deputado, não tem coisa melhor do que a família e nosso direitos assegurados.
Está dando bons exemplos nas suas decisões.",0,0,0,https://twitter.com/adailfilhoam/status/1657794545864548352
Menino do MEP (selo azul),@bob73115463,https://twitter.com/bob73115463/status/1657794847623860224,2023-05-14T17:07:46.000Z,"LIÇÃO QUE APRENDEMOS ESTA SEMANA: TODO PARTIDO DE EXTREMA ESQUERDA É POR NATUREZA FASCISTA E DITADOR. 
DIGA NÃO A #PL2630NAO #PL2630NAO #ImpeachmentDoLulaJa",0,0,0,https://twitter.com/adailfilhoam/status/1657794545864548352
