nome,usuario,idTweet,dataPublicacao,texto,replies,retweets,likes,tweetPai
Luís França,@LusFrana8,https://twitter.com/LusFrana8/status/1658663394474446848,2023-05-17T02:39:04.000Z,"Qual a probabilidade do partido @partidonovo30 puxar manifestações de ruas, de preferência dias de trabalho na semana?

Frente às câmaras municipais, câmara dos deputados, senado Federal, STF, assembleias legislativas...",0,0,0,https://twitter.com/adriventurasp/status/1658654883573116930
IsabellaMotaRJ,@IsabellaMotaRJ,https://twitter.com/IsabellaMotaRJ/status/1658655173797900290,2023-05-17T02:06:24.000Z,"Bora pra rua domingo, Deputada? 

Parlamentares precisam se unir e puxar isso.",0,0,1,https://twitter.com/adriventurasp/status/1658654883573116930
Vinicius Acioly,@ViniciusAcioly3,https://twitter.com/ViniciusAcioly3/status/1658752506799726594,2023-05-17T08:33:10.000Z,Chore mais que tá pouco,0,0,1,https://twitter.com/adriventurasp/status/1658654883573116930
Valeria Moro,@Valeria_Moro_,https://twitter.com/Valeria_Moro_/status/1658665151115952129,2023-05-17T02:46:03.000Z,A “justiça “ se vinga mais uma vez,0,0,0,https://twitter.com/adriventurasp/status/1658654883573116930
Charles,@CljmacedO,https://twitter.com/CljmacedO/status/1658796607893118977,2023-05-17T11:28:24.000Z,Perdeu mané! de novo😂,0,0,1,https://twitter.com/adriventurasp/status/1658654883573116930
Fedora,@rgbraga,https://twitter.com/rgbraga/status/1658664199281680384,2023-05-17T02:42:16.000Z,Vc mente assim sempre?,0,0,3,https://twitter.com/adriventurasp/status/1658654883573116930
Rodrigo,@rdrgabb,https://twitter.com/rdrgabb/status/1658781200394100739,2023-05-17T10:27:11.000Z,Justiça foi feita ontem. Bandido foi cassado! Pode espernear a vontade.,0,0,1,https://twitter.com/adriventurasp/status/1658654883573116930
GoodBrasil2022,@GoodBrasil2022,https://twitter.com/GoodBrasil2022/status/1658813124097474560,2023-05-17T12:34:02.000Z,"Seu conceito de JUSTIÇA : NÃO temos provas, mas convicções. 
 Vá procurar algo útil pra fazer,  atochada.",0,0,1,https://twitter.com/adriventurasp/status/1658654883573116930
Sônia Monteiro,@Soniamonteiro58,https://twitter.com/Soniamonteiro58/status/1658656693364957186,2023-05-17T02:12:26.000Z,"Tá  enchendo os bolsos de dinheiro , apoiando só os que gostam de roubar a população.",0,0,0,https://twitter.com/adriventurasp/status/1658654883573116930
Leticia,@esterav45769319,https://twitter.com/esterav45769319/status/1658769918932791298,2023-05-17T09:42:21.000Z,Que JUSTIÇA??!! ACORDA aí! Não existe Estado de Direito no Brasil há muito tempo! NÃO há LEI no Xandaquistão!,0,0,0,https://twitter.com/adriventurasp/status/1658654883573116930
HILDA PRADO,@DOHperes3,https://twitter.com/DOHperes3/status/1658701233295851521,2023-05-17T05:09:25.000Z,"Kkklkkk impressionante  a justiça  do Brasil, o condenado  vira presidente e  quem julgou  é  cassado!!   Está  na hora de trocar  essas autoridades, já  apodreceram!!",0,0,0,https://twitter.com/adriventurasp/status/1658654883573116930
Henrique Silva,@goncalves_yh,https://twitter.com/goncalves_yh/status/1658659066208563200,2023-05-17T02:21:52.000Z,"O judiciário brasileiro provou do poder e se viciou; tal qual um dependente químico, aumentam as doses rotineiramente para suprir a vontade incontrolável do prazer que a droga lhe proporciona.",0,0,0,https://twitter.com/adriventurasp/status/1658654883573116930
Veiga Veiga,@VeigaVeiga8,https://twitter.com/VeigaVeiga8/status/1658663267546308615,2023-05-17T02:38:34.000Z,"De quem mesmo você está perguntando? Justiça, onde vários senadores e deputados corruptos estão sorrindo e feliz.",0,0,0,https://twitter.com/adriventurasp/status/1658654883573116930
Christiane Tigges,@tiggeschris,https://twitter.com/tiggeschris/status/1658670835165528064,2023-05-17T03:08:38.000Z,"A JUSTIÇA MORREU.
Só sobraram os vassalos da falsa Democracia.",0,0,0,https://twitter.com/adriventurasp/status/1658654883573116930
rosimeire amarante,@rosimeire1717,https://twitter.com/rosimeire1717/status/1658689469254619139,2023-05-17T04:22:41.000Z,"Vcs estão se ajoelhando ,deputados e  senadores. Começou lá com Daniel Silveira.qdo ficar ruim vão chamar o povo para ir ao plenário?",0,0,0,https://twitter.com/adriventurasp/status/1658654883573116930
Renan,@RTavares_1,https://twitter.com/RTavares_1/status/1658655080554299392,2023-05-17T02:06:02.000Z,Cadê o congresso?,0,1,0,https://twitter.com/adriventurasp/status/1658654883573116930
Santos Paraíba,@Santos_Paraiba,https://twitter.com/Santos_Paraiba/status/1658762023889522688,2023-05-17T09:10:59.000Z,"Nesse comparativo LULA foi condenado por CONLUIEIROS apenas por CONVICÇÕES. 

O CRIMINOSO do Deltan foi condenado com FARTAS PROVAS na Lei da Ficha Limpa, em artigo que ele mesmo defendeu.",0,0,5,https://twitter.com/adriventurasp/status/1658654883573116930
Paulo P Q F,@paulopqf1,https://twitter.com/paulopqf1/status/1659007844035829760,2023-05-18T01:27:47.000Z,"Até eu não advogado sei que “descondenado” quer dizer ZERO em termos jurídicos. As condenações (só na Vara do ex juiz suspeito) foram ANULADAS, NÃO EXISTEM, NÃO TEM TRÂNSITO EM JULGADO. Ainda bem que minhas professoras foram competentes e não mentiam.",0,0,0,https://twitter.com/adriventurasp/status/1658654883573116930
Wagner Doreto,@DoretoWagner,https://twitter.com/DoretoWagner/status/1658661453430247426,2023-05-17T02:31:21.000Z,#cpidalavatoga,0,0,0,https://twitter.com/adriventurasp/status/1658654883573116930
Regina #BrasilConsciente,@Regina_Goiana,https://twitter.com/Regina_Goiana/status/1658660491567177728,2023-05-17T02:27:32.000Z,"A justiça está aqui, sendo esbofeteada⬇️",0,0,1,https://twitter.com/adriventurasp/status/1658654883573116930
@rosaneloureiro,@rosaneloureiro,https://twitter.com/rosaneloureiro1/status/1658679252374396928,2023-05-17T03:42:05.000Z,Que justiça ?,0,0,0,https://twitter.com/adriventurasp/status/1658654883573116930
Ivan Borgatto,@ivanbgt,https://twitter.com/ivanbgt/status/1658665359702999044,2023-05-17T02:46:52.000Z,Falou e disse. 🤦🏼‍♂️,0,0,0,https://twitter.com/adriventurasp/status/1658654883573116930
Ailton,@AILTONGOMESMON1,https://twitter.com/AILTONGOMESMON1/status/1659271142643834900,2023-05-18T18:54:02.000Z,👏👏,0,0,0,https://twitter.com/adriventurasp/status/1658654883573116930
AMELL,@AntonioMellim1,https://twitter.com/AntonioMellim1/status/1658670917122240513,2023-05-17T03:08:57.000Z,"Tá ganhando muito, tá ocupada contando dinheiro.",0,0,0,https://twitter.com/adriventurasp/status/1658654883573116930
Fabio MJRJ,@JulianiFabio,https://twitter.com/JulianiFabio/status/1658923047447851010,2023-05-17T19:50:50.000Z,"Vai esperneando daí, que a gente ri da sua cara daqui",0,0,0,https://twitter.com/adriventurasp/status/1658654883573116930
Jane Leticia Barbosa Bascope,@BascopeJane,https://twitter.com/BascopeJane/status/1658662973794136066,2023-05-17T02:37:24.000Z,Na tua bolha a narrativa é essa né.,0,0,0,https://twitter.com/adriventurasp/status/1658654883573116930
Marcelo Barão Varalda,@mbvaralda,https://twitter.com/mbvaralda/status/1658661942934765568,2023-05-17T02:33:18.000Z,O Brasil voltou para trás! 🚩,0,0,0,https://twitter.com/adriventurasp/status/1658654883573116930
Marcelo Ribeiro,@Marcelo84811050,https://twitter.com/Marcelo84811050/status/1658672341084192773,2023-05-17T03:14:37.000Z,#344milvozescaladas,0,0,0,https://twitter.com/adriventurasp/status/1658654883573116930
Luciano Dias,@lldias,https://twitter.com/lldias/status/1658749781760434178,2023-05-17T08:22:20.000Z,"Infelizmente a verdadeira Justiça morreu faz tempo. A atual ""justiça"" é composta por indicados políticos que fazem o que acham que devem fazer. 

A culpa é do Senado que não fez seu dever de só aprovar indicados com notório saber jurídico. Resta ao Congresso criar CPIs e leis.",0,0,0,https://twitter.com/adriventurasp/status/1658654883573116930
Geovane #TchauQuerido,@GeoGustavo27,https://twitter.com/GeoGustavo27/status/1658817507480797186,2023-05-17T12:51:27.000Z,O juiz ladrão que vendeu sentenças eh o próximo. A justiça tarda mas não falha,0,0,0,https://twitter.com/adriventurasp/status/1658654883573116930
Holanda2022,@Holanda20221,https://twitter.com/Holanda20221/status/1658768463769239555,2023-05-17T09:36:34.000Z,"Dançou, Mané.",0,0,0,https://twitter.com/adriventurasp/status/1658654883573116930
Joaquim Jacques,@JacquesJoaquim,https://twitter.com/JacquesJoaquim/status/1659022484702744578,2023-05-18T02:25:58.000Z,Lembra algum processo anterior contra um ex-presidente? Ou estão com problemas de memória?,0,0,0,https://twitter.com/adriventurasp/status/1658654883573116930
Irônica Cristã “de bem”,@PucciniFlavia,https://twitter.com/PucciniFlavia/status/1658786914273468421,2023-05-17T10:49:53.000Z,A justiça está bem acordada está sendo feita. Lugar de gente que frauda a lei para ganhar eleição é fora do mandato.,0,0,0,https://twitter.com/adriventurasp/status/1658654883573116930
LUCIANA AGUIAR,@temperancavida,https://twitter.com/temperancavida/status/1658669159964721155,2023-05-17T03:01:58.000Z,O que a Câmara dos Deputados fará? Só reclamar na Internet? A senhora e minha deputada… por favor me represente!,0,0,0,https://twitter.com/adriventurasp/status/1658654883573116930
CAO saúde e paz,@CarlosCapaPret1,https://twitter.com/CarlosCapaPret1/status/1658762104466296833,2023-05-17T09:11:18.000Z,Foda se........,0,0,0,https://twitter.com/adriventurasp/status/1658654883573116930
JOAO da Silva,@JOAOSOTTILI2,https://twitter.com/JOAOSOTTILI2/status/1658661612520108037,2023-05-17T02:31:59.000Z,Meu deus.. ainda nesse mimimi?? Leva o bandido pra casa,0,0,1,https://twitter.com/adriventurasp/status/1658654883573116930
BRASILNARO/PATRIOTA/Conservate/antiPT/ e satélites,@kalpassosh91566,https://twitter.com/kalpassosh91566/status/1658823016120299523,2023-05-17T13:13:21.000Z,"Bem vindos a selva: aqueles que ficaram em cima do muro... saberão o que é não ter liberdade: o bozo é bruto; fala palavrão; come pastel no meio da rua; genocida; homofóbico; etc; etc;etc.
Agora chorem!!!",0,0,0,https://twitter.com/adriventurasp/status/1658654883573116930
Leni Richetti,@LeniRichetti,https://twitter.com/LeniRichetti/status/1658657964876611587,2023-05-17T02:17:29.000Z,"Deputada é hora de pressionar o@ArthurLira_e@rodrigopacheco, não é possível que deixemos isso acontecer, os próximos serão vocês. ""Poupem os Lobos e sacrifiquem as ovelhas""",0,0,0,https://twitter.com/adriventurasp/status/1658654883573116930
Gato Greyskull,@gato_greiskul,https://twitter.com/gato_greiskul/status/1658767682068512769,2023-05-17T09:33:28.000Z,"54.501.118 vozes de milhões de brasileiros foram caladas em 2016 no golpe contra Dilma que a Lava Jato ajudou com manobras a derrubar, ao arrepio da lei e da Justiça. Nosso sentimento dura até hoje. 700 mil mortes foram apenas um dos nefastos legados da Lava Jato.
Some, rato!",0,0,0,https://twitter.com/adriventurasp/status/1658654883573116930
Monica,@Monica809294111,https://twitter.com/Monica809294111/status/1658658941834854406,2023-05-17T02:21:22.000Z,Cadê @TSEjusbr ??????? Estão querendo que voltemos à RUA.,0,0,0,https://twitter.com/adriventurasp/status/1658654883573116930
Ditadura Comunista NÃO!,@PatriotaDoBR1,https://twitter.com/PatriotaDoBR1/status/1658658900642607107,2023-05-17T02:21:12.000Z,"Convoca o povo as ruas, deputada. Saudades quando políticos (nos quais votei) do @partidonovo30 faziam isso com o povo. Saudades quando @marcelvanhattem chamava o povo as ruas. Fui em todas as manifestações. E agora pq não convocam? O partido tem $ até pra pagar carro de som.",0,0,1,https://twitter.com/adriventurasp/status/1658654883573116930
Jo Só Ares,@fora_bozo2022,https://twitter.com/fora_bozo2022/status/1658779802189348867,2023-05-17T10:21:38.000Z,"Quanta injustiça. 
 Nenm parece que esta previsto nletra q) no art. 2, I da Lei da Ficha Limpa, que incluiu na inelegibilidade os magistrados e membros do Ministério Público que (...) tenham pedido exoneração ou aposentadoria na pendência de processo administrativo disciplinar.",0,0,0,https://twitter.com/adriventurasp/status/1658654883573116930
Estela kobashigawa,@farmer19742,https://twitter.com/farmer19742/status/1658918450692263937,2023-05-17T19:32:34.000Z,#fechadocomdeltan #juntoscomdeltan #brasilcomdeltan #DeixemDeltanTrabalhar  DELTAN TRABALHAR,0,0,0,https://twitter.com/adriventurasp/status/1658654883573116930
Gusta,@GUSTAMAM,https://twitter.com/GUSTAMAM/status/1658891356276760587,2023-05-17T17:44:54.000Z,"e tudo isso com muita convicção, sem provas mas muiiittaaaa convicção, e pior tem gado patriotario que defende somente baseado em narrativa sem uma unica prova, parabens seus argumentos estão ótimos",0,0,0,https://twitter.com/adriventurasp/status/1658654883573116930
MarcioTeacher - Contra o CMUNISM,@direitaBRAunida,https://twitter.com/direitaBRAunida/status/1658655107326566400,2023-05-17T02:06:08.000Z,"Isso é inacreditável, inaceitável, isso é uma afronta ao povo brasileiro 🇧🇷Paraná em peso nas ruas, Brasil nas ruas, justiça ⚖️ imunda!",0,0,0,https://twitter.com/adriventurasp/status/1658654883573116930
marcus brum,@marcusbrum1,https://twitter.com/marcusbrum1/status/1658670552075075584,2023-05-17T03:07:30.000Z,"Relaxa, talvez o advogado dele entre com recurso e o juiz, via zap, pode orientar a defesa e indicar testemunhas. Quem sabe rola até um Power Point?",0,0,1,https://twitter.com/adriventurasp/status/1658654883573116930
Wilson Carvalho,@WilsonOndaVerde,https://twitter.com/WilsonOndaVerde/status/1658923216193069062,2023-05-17T19:51:30.000Z,Sabe quem mais tinha essa papinho de que era perseguido da justiça? Lula...,0,0,0,https://twitter.com/adriventurasp/status/1658654883573116930
