nome,usuario,idTweet,dataPublicacao,texto,replies,retweets,likes,tweetPai
Fernanda Nicolodi Rego,@FFRegoNicolodi,https://twitter.com/FFRegoNicolodi/status/1658639816861294592,2023-05-17T01:05:23.000Z,"""Missão dada, missão cumprida!!""
Dito e feito!!
 Triste fim",0,0,1,https://twitter.com/Alfredogaspar_/status/1658638547824394240
Gleyton Souza,@ogleyton,https://twitter.com/ogleyton/status/1658647139797331968,2023-05-17T01:34:28.000Z,"Quem não fala a mesma língua que eles, é perseguido.",0,0,2,https://twitter.com/Alfredogaspar_/status/1658638547824394240
jeane shirley,@JeaneShirley,https://twitter.com/JeaneShirley/status/1658638962313904128,2023-05-17T01:01:59.000Z,Essa quadrilha vai fechar o congresso!!,0,0,0,https://twitter.com/Alfredogaspar_/status/1658638547824394240
Daniel Damasceno,@DanielD57656153,https://twitter.com/DanielD57656153/status/1658639165448175618,2023-05-17T01:02:47.000Z,O Brasil virando escombros de uma democracia.,0,0,0,https://twitter.com/Alfredogaspar_/status/1658638547824394240
Adão Pinheiro,@AndaoPi36002672,https://twitter.com/AndaoPi36002672/status/1658650226473811969,2023-05-17T01:46:44.000Z,"Lá vem mais um deputadinho reclamar no twitter KKK, LA ELE",0,0,1,https://twitter.com/Alfredogaspar_/status/1658638547824394240
Dayvson Fernandes,@ODayvson,https://twitter.com/ODayvson/status/1658641958946914306,2023-05-17T01:13:53.000Z,Grande dia!! 👍🏼🇧🇷,0,0,0,https://twitter.com/Alfredogaspar_/status/1658638547824394240
Beto Alves,@BetogrudeAlves,https://twitter.com/BetogrudeAlves/status/1659297412467290142,2023-05-18T20:38:26.000Z,"Contamos com o sr! Não deixe nosso país virar uma Venezuela, Argentina, Nicarágua, Cuba ou qualquer outra ditadura. Enquanto estiver com o povo estaremos com vc. #CPIAbusodeAutoridadeJá.",0,0,0,https://twitter.com/Alfredogaspar_/status/1658638547824394240
Ítalo Ferreira,@ItaloFerreiraa,https://twitter.com/ItaloFerreiraa/status/1658659304231059456,2023-05-17T02:22:49.000Z,"Espero deputado que continue com esse pensamento e não cometa os erros do passado, que foi se aliando a Renan.",0,0,0,https://twitter.com/Alfredogaspar_/status/1658638547824394240
Marcio José,@MarcioJ88216273,https://twitter.com/MarcioJ88216273/status/1658639659973459968,2023-05-17T01:04:45.000Z,"@Alfredogaspar_  meu querido deputado definitivamente o Brasil não é para amadores. Ou joga-se duro, ou por outra é aniquilado.",0,0,0,https://twitter.com/Alfredogaspar_/status/1658638547824394240
Eddy Menezes,@Menezes_Mcz,https://twitter.com/Menezes_Mcz/status/1658645395268837380,2023-05-17T01:27:33.000Z,"Até quando o presidente @ArthurLira_ vai ficar omisso aos ataques sofridos à esse poder, já não basta a omissão ao deputado Daniel Silveira na época, onde foi cassado e o presidente Lira aceitou na maior tranquilidade, cuidado senador @SerioMoro.",0,0,0,https://twitter.com/Alfredogaspar_/status/1658638547824394240
Guerreira de deus,@Spiralmarcelo,https://twitter.com/Spiralmarcelo/status/1658860007192920065,2023-05-17T15:40:20.000Z,"Eles vão alterar a história logo mais, mudaram até a bíblia na China... aqui não será diferente...
Basta ver o retardado Dino, aql lazarento, passando tudo que e´constituição e direito usando ""crianças"" e umonte de baboseira pra tirar liberdade individual. aos poucos vao tirar TD",0,0,0,https://twitter.com/Alfredogaspar_/status/1658638547824394240
Matheus,@Matheus44257428,https://twitter.com/Matheus44257428/status/1658639159181942784,2023-05-17T01:02:46.000Z,Absurdo.....e se ocorrer um quebra quebra no Paraná?,0,0,0,https://twitter.com/Alfredogaspar_/status/1658638547824394240
Zizou,@zepedrodesilvio,https://twitter.com/zepedrodesilvio/status/1659787306167939072,2023-05-20T05:05:05.000Z,Chore copiosamente. Crocodilo TB chora.,0,0,0,https://twitter.com/Alfredogaspar_/status/1658638547824394240
marciolk,@marciolk01,https://twitter.com/marciolk01/status/1658659789902053376,2023-05-17T02:24:44.000Z,"SENADO..... CAMARA Deputados, precisam parar. Oposição, partidos do centro.. NÃO VOTAR MAIS NADA. TRAVAR PAUTAS.                Ou se POSICIONAM AGORA, ou serão ENGOLIDOS. Absurdo o que estamos assistindo. CHEGOU HORA DOS ELEITOS, ESCOLHIDOS PELO POVO NOS REPRESENTAR.",0,0,0,https://twitter.com/Alfredogaspar_/status/1658638547824394240
