nome,usuario,idTweet,dataPublicacao,texto,replies,retweets,likes,tweetPai
Elen Torres,@ElenTorres10,https://twitter.com/ElenTorres10/status/1658905584459030574,2023-05-17T18:41:26.000Z,"PEDIMOS A
PARALISAÇÃO TOTAL DOS TRABALHOS até que o TSE reveja a decisão de cassação do Deltan  (@deltanm).
Se vc concorda, marque seu deputado. @plnacional_ @CostaNetoPL@nikolas_dm@KimKataguiri@marcelvanhattem@podemos19@RenataAbreu1919@rosangelamorosp@lpbragancabr",0,2,7,https://twitter.com/adriventurasp/status/1658900415365226497
Marcos Baldassari Guardiano,@GuardianoMarcos,https://twitter.com/GuardianoMarcos/status/1658905645708451856,2023-05-17T18:41:41.000Z,E os deputados vão fazer o que a respeito??? Eis a questão!!,2,0,1,https://twitter.com/adriventurasp/status/1658900415365226497
Graci Grecco,@GracieliGrecco,https://twitter.com/GracieliGrecco/status/1658937074672607234,2023-05-17T20:46:34.000Z,Fonte primária do direito : a lei. Da uma  lida na lei de ficha limpa,0,0,0,https://twitter.com/adriventurasp/status/1658900415365226497
HILDA PRADO,@DOHperes3,https://twitter.com/DOHperes3/status/1658909847188906008,2023-05-17T18:58:23.000Z,"E  o STF  ainda acha ruim do povo dizer que não  acreditam nas urnas, olha o que o TSE  fez??  Dá  para acreditar??",0,0,1,https://twitter.com/adriventurasp/status/1658900415365226497
MarquesJr,@nanoguardbrasil,https://twitter.com/nanoguardbrasil/status/1658951446144991232,2023-05-17T21:43:41.000Z,"Tia, leia a sentença antes de falar besteira.",0,0,0,https://twitter.com/adriventurasp/status/1658900415365226497
Danton José Rosa,@danton_rosa,https://twitter.com/danton_rosa/status/1659189304164229121,2023-05-18T13:28:51.000Z,"O choro é livre. Pode chorar a vontade. Chora bastante. A lei é para todos. Quando não se é amigo íntimo de juiz, a justiça faz sua parte.",0,0,0,https://twitter.com/adriventurasp/status/1658900415365226497
Eric_CatVader,@Eric_CatVader,https://twitter.com/Eric_CatVader/status/1658952351477055488,2023-05-17T21:47:17.000Z,"É, véia do zap, é...
kkkkkkkkk",0,0,0,https://twitter.com/adriventurasp/status/1658900415365226497
Ricardo Oliveira ᶜʳᶠ ¹⁸⁹⁵,@Ricardo_O_Fla,https://twitter.com/Ricardo_O_Fla/status/1658917607980802052,2023-05-17T19:29:13.000Z,"@TSEjusbr 
Parabéns TSE",0,1,0,https://twitter.com/adriventurasp/status/1658900415365226497
rosimeire amarante,@rosimeire1717,https://twitter.com/rosimeire1717/status/1659653512358141975,2023-05-19T20:13:26.000Z,Boa deputada ! Sou sua eleitora e acompanho seus depoimentos sobremesas aberraçāo. Gostaria de vê-lá brigando tb por uma nova lei que mude a duração de um ministro nos tribunais. 75 anos  é demais.,0,0,0,https://twitter.com/adriventurasp/status/1658900415365226497
Fedora,@rgbraga,https://twitter.com/rgbraga/status/1658907387225415681,2023-05-17T18:48:36.000Z,Mentira. Se enquadra sim.,0,0,0,https://twitter.com/adriventurasp/status/1658900415365226497
olga,@olga66765682,https://twitter.com/olga66765682/status/1658901427090071557,2023-05-17T18:24:55.000Z,Claro você entende mais de leis do que todos os Juízes que lá estavam e votaram. Impressionante.,2,0,1,https://twitter.com/adriventurasp/status/1658900415365226497
Yza D Avila,@RaphaelaIsador1,https://twitter.com/RaphaelaIsador1/status/1658953247854321665,2023-05-17T21:50:50.000Z,Sugiro tu ler a lei.,0,0,0,https://twitter.com/adriventurasp/status/1658900415365226497
Marceneiro,@ideiademadeira,https://twitter.com/ideiademadeira/status/1659220758692864002,2023-05-18T15:33:50.000Z,Unanimidade,0,0,0,https://twitter.com/adriventurasp/status/1658900415365226497
Vinicius PC,@ViniPC1972,https://twitter.com/ViniPC1972/status/1658963507662954497,2023-05-17T22:31:36.000Z,"Ta brincando né???
Leu a lei ou só está jogando pra galera??",0,0,0,https://twitter.com/adriventurasp/status/1658900415365226497
Maria Aspasia,@aspasia_maria,https://twitter.com/aspasia_maria/status/1658923188057669632,2023-05-17T19:51:23.000Z,"Culpados:
Alckmin 
Simone Tebet
Kim Kataguiri 
Pacheco
Kassab
Amoedo
Henrique Meirelles 
MBL
Arminio Fraga
Pérsio Arida
PSDB
Estadão 
Isentoes 
…",0,0,0,https://twitter.com/adriventurasp/status/1658900415365226497
Maria Aspasia,@aspasia_maria,https://twitter.com/aspasia_maria/status/1658923418249568257,2023-05-17T19:52:18.000Z,É a Democracia. Respeite as Instituições democráticas. Alexandre nunca erra…,0,0,0,https://twitter.com/adriventurasp/status/1658900415365226497
Vania,@vaniaferpr,https://twitter.com/vaniaferpr/status/1658905371182788608,2023-05-17T18:40:36.000Z,Lei?? Claro que não. Veja!! 👇🏼👇🏼👇🏼👇🏼👇🏼,0,0,0,https://twitter.com/adriventurasp/status/1658900415365226497
