nome,usuario,idTweet,dataPublicacao,texto,replies,retweets,likes,tweetPai
Douglas fany,@Douglasfaanyy,https://twitter.com/Douglasfaanyy/status/1658246478970642438,2023-05-15T23:02:23.000Z,Volta pro Flamengo!!!! Medo desses cara atual destruir o clube e jogar com time de 40 anos,0,0,1,https://twitter.com/mello_bandeira/status/1658200055054999560
saulo silva,@saulosi68635872,https://twitter.com/saulosi68635872/status/1659657189420572700,2023-05-19T20:28:03.000Z,Saudações… pelo que entendi o Senhor não acredita que querem nos censurar e qual sua opinião quanto as arbitrariedades ou abuso de autoridade?,0,0,0,https://twitter.com/mello_bandeira/status/1658200055054999560
esb taukane,@esbtaukane,https://twitter.com/esbtaukane/status/1658297316585947139,2023-05-16T02:24:24.000Z,Gostei,0,0,0,https://twitter.com/mello_bandeira/status/1658200055054999560
FLLAMENGO,@Francis71055048,https://twitter.com/Francis71055048/status/1658215782994550820,2023-05-15T21:00:25.000Z,Com esse Vampeta anti ñ assito nem desfile de muié nua grátis,0,0,0,https://twitter.com/mello_bandeira/status/1658200055054999560
W. V. Mengo,@w_mengo,https://twitter.com/w_mengo/status/1658249053509939200,2023-05-15T23:12:37.000Z,Só se não falar de política...,0,0,0,https://twitter.com/mello_bandeira/status/1658200055054999560
