nome,usuario,idTweet,dataPublicacao,texto,replies,retweets,likes,tweetPai
Geraldo Sales,@geraldosales02,https://twitter.com/geraldosales02/status/1658993145592393728,2023-05-18T00:29:23.000Z,"Tenho 66 anos e pago aluguel até hoje. Não consegui a minha casa nos governos do PT. Moro em Guarulhos,e espero conseguir a minha moradia nesse mandato do presidente @LulaOficial no programa MCMV",0,0,0,https://twitter.com/AlencarBraga13/status/1658967385393582087
Nair Rodrigues,@NairRodrigues15,https://twitter.com/NairRodrigues15/status/1658968942390517760,2023-05-17T22:53:12.000Z,"Minha casa minha vida ou minha casa meu pesadelo? Sim porque  em menos de dois anos tão se trincando todas, um descaso total na construção dessas casas, pra pobre né 😠😠😠😠😠",0,0,0,https://twitter.com/AlencarBraga13/status/1658967385393582087
Marisa victorio da silva,@victorio_marisa,https://twitter.com/victorio_marisa/status/1659006703520694274,2023-05-18T01:23:15.000Z,"Acabei de me reunir com ministro das cidades ... ,🏠🏠🏠✔️Milhares de famílias em Guarulhos vivem em área de risco e estão lutando por moradia digna. Acabei de me reunir com o ministro das Cidades, Jáder Filho, e ele quer retomar o Minha Casa Minha Vida - MCMV em Guarulhos. +",0,0,0,https://twitter.com/AlencarBraga13/status/1658967385393582087
Marisa victorio da silva,@victorio_marisa,https://twitter.com/victorio_marisa/status/1659007231570870278,2023-05-18T01:25:21.000Z,Espero que o prefeito #guti assuma o compromisso.🏠🏠🏠🍀,0,0,0,https://twitter.com/AlencarBraga13/status/1658967385393582087
