nome,usuario,idTweet,dataPublicacao,texto,replies,retweets,likes,tweetPai
Gilvan Luiz Borba Filho,@borba_gilvan,https://twitter.com/borba_gilvan/status/1658993477953150978,2023-05-18T00:30:42.000Z,"Na boa, não sei como é o serviço ai, mas aqui os correios ""nem existem"" ! Não entregam em casa, temos que ir até a agência, enquanto todas as outras empresas de entrega fazem questão de entregar em mãos !",0,0,0,https://twitter.com/AlencarBraga13/status/1658991411646156800
Republica das Picanhas,@RedBirdChurch,https://twitter.com/RedBirdChurch/status/1658998961628119042,2023-05-18T00:52:29.000Z,"Tu defende mesmo é teu pixuleco, cara.
Como está o Postalis?",0,0,0,https://twitter.com/AlencarBraga13/status/1658991411646156800
Marisa victorio da silva,@victorio_marisa,https://twitter.com/victorio_marisa/status/1659002007405965313,2023-05-18T01:04:35.000Z,📨✉️Uma grande vitória que representa o fortalecimento dessa estatal fundamental para o nosso país 🍀✔️Falei agora na Câmara pela aprovação do projeto 6385/16 que dá preferência aos @correiosoficial na contratação de serviços postais pelos órgãos públicos. +,0,0,0,https://twitter.com/AlencarBraga13/status/1658991411646156800
Marisa victorio da silva,@victorio_marisa,https://twitter.com/victorio_marisa/status/1659002260725067776,2023-05-18T01:05:36.000Z,Uma grande vitória que representa o fortalecimento dessa estatal fundamental para o nosso país.✉️📨📮,0,0,0,https://twitter.com/AlencarBraga13/status/1658991411646156800
