nome,usuario,idTweet,dataPublicacao,texto,replies,retweets,likes,tweetPai
Ivanildo Miranda,@miranda_ivan,https://twitter.com/miranda_ivan/status/1658860169726492675,2023-05-17T15:40:59.000Z,"Muita gente não sabe o motivo de lula ter sido condenado por corrupção. Vamos lembrar: mensalão, Petrolão, fundos de pensão.
A lista da Odebrecht está encastelada  nos primeiros escalões do governo.
Montanhas, vampiros, amantes, amigo...",1,0,1,https://twitter.com/AlencarBraga13/status/1658800184808046593
Renato,@Renato615260113,https://twitter.com/Renato615260113/status/1658890611255123977,2023-05-17T17:41:57.000Z,"Isso tem nome:perseguição aos políticos da Lava Jato,Lula quer vingança!",0,0,0,https://twitter.com/AlencarBraga13/status/1658800184808046593
Marco Valle,@MarcoVa32051242,https://twitter.com/MarcoVa32051242/status/1658917985048821770,2023-05-17T19:30:43.000Z,"DALLAGNOL CONDENADO, BEM FEITO!",0,0,0,https://twitter.com/AlencarBraga13/status/1658800184808046593
Gabriel,@gaeldsouza,https://twitter.com/gaeldsouza/status/1659118580435243010,2023-05-18T08:47:49.000Z,Como ele é corrupto se não foi condenado e fez o que todo político faz é com certeza algum colega seu de legenda já fez para driblar investigações e processos afinal são brechas que existe mas caracteriza corrupção.,0,0,0,https://twitter.com/AlencarBraga13/status/1658800184808046593
Zaza Edna,@ZazaEdna,https://twitter.com/ZazaEdna/status/1658812933118345217,2023-05-17T12:33:17.000Z,Foi isso que o “honestíssimo” Dallagnol fez. Decisão legal e acertada do TSE.,0,0,0,https://twitter.com/AlencarBraga13/status/1658800184808046593
Mônica V,@monica_vetillo,https://twitter.com/monica_vetillo/status/1659086697366167553,2023-05-18T06:41:07.000Z,"Se foi aprovado para se candidatar, é pq estava limpo, inclusive documentado para tal.
Não é pq não me alinho com ele que vou mentir. Seja honesto.",0,1,0,https://twitter.com/AlencarBraga13/status/1658800184808046593
"d morning,",@dmorning7,https://twitter.com/dmorning7/status/1658809588823490566,2023-05-17T12:19:59.000Z,Showww!,0,0,0,https://twitter.com/AlencarBraga13/status/1658800184808046593
Jacques Peralta,@PeraltaJacques,https://twitter.com/PeraltaJacques/status/1658898341952987148,2023-05-17T18:12:40.000Z,E alguém acha que esse país tem alguma chance de  dar certo ???,0,0,0,https://twitter.com/AlencarBraga13/status/1658800184808046593
Jose Anchieta Paulo Hamilton,@anchietaph,https://twitter.com/anchietaph/status/1658805758744567809,2023-05-17T12:04:46.000Z,No Brasil é assim. O sujeito apaniguado do mpfezinho comete crimes Bárbaros. Mas o que incomoda é uma coisinha qualquer. Os verdadeiros crimes contra a economia e a soberania nacional que o PIG aplaude fica sem punição.,0,0,1,https://twitter.com/AlencarBraga13/status/1658800184808046593
FALEI -Frente Ampla Legal e Independente,@LeiMaiorCF1988,https://twitter.com/LeiMaiorCF1988/status/1658894814362968094,2023-05-17T17:58:39.000Z,"LEILÃO DE ""POWER POINTS"" À VISTA. Deltan Dali do Mal não poderá se Inscrever no CADÚNICO/BOLSA FAMÍLIA, MST e nem continuar Rei das Vaquinhas e Fakenews. Portanto poderá ser sócio da CIA CONJE/CONJA num Lava à Jato, ser mais um falso  PASTOR, ser sócio do SALES nas boiadas, etc.",0,0,1,https://twitter.com/AlencarBraga13/status/1658800184808046593
Clayton Vilarinho,@ClaytonVilarin2,https://twitter.com/ClaytonVilarin2/status/1658810730366337025,2023-05-17T12:24:31.000Z,"Um procurador competente, honesto e aprovado em concurso, que colocou os políticos corruptos na cadeia, hoje perseguido por ""juize$"" indicados. Ju$tiça prostituta",1,0,1,https://twitter.com/AlencarBraga13/status/1658800184808046593
LULAFLA!,@Carlo15557023,https://twitter.com/Carlo15557023/status/1658805573322788866,2023-05-17T12:04:02.000Z,É SIMPLES ASSIM MESMO!🎯🎯🎯E O BRASIL FELIZ DE NOVO!😂😂😂,0,0,1,https://twitter.com/AlencarBraga13/status/1658800184808046593
Fernanda Cavalcanti,@fer_cavalcanti1,https://twitter.com/fer_cavalcanti1/status/1658815157655543814,2023-05-17T12:42:07.000Z,"Quero saber qual foi o motivo que o PT VOTOU SIM na PEC DA ANISTIA?
Quero saber o que o senhor acha de petistas e bolsonaristas votando juntos na PEC DA ANISTIA?",0,0,0,https://twitter.com/AlencarBraga13/status/1658800184808046593
Fernanda Cavalcanti,@fer_cavalcanti1,https://twitter.com/fer_cavalcanti1/status/1658816845518893061,2023-05-17T12:48:49.000Z,PT e PL votando SIM na PEC DA ANISTIA...,0,0,0,https://twitter.com/AlencarBraga13/status/1658800184808046593
ToRyBa,@A_ToRyBa,https://twitter.com/A_ToRyBa/status/1658834439902724098,2023-05-17T13:58:44.000Z,E FAZ UM BEM!,0,0,0,https://twitter.com/AlencarBraga13/status/1658800184808046593
Luiz Casagrande,@luizcasagra,https://twitter.com/luizcasagra/status/1658821961558966272,2023-05-17T13:09:09.000Z,A bandidagem corrupta está contente.,0,0,0,https://twitter.com/AlencarBraga13/status/1658800184808046593
Leandro Cardoso,@Leandro12477165,https://twitter.com/Leandro12477165/status/1658898512463970304,2023-05-17T18:13:20.000Z,Esse eh o nosso Brasil,0,0,0,https://twitter.com/AlencarBraga13/status/1658800184808046593
Marisa victorio da silva,@victorio_marisa,https://twitter.com/victorio_marisa/status/1658812202478891009,2023-05-17T12:30:22.000Z,"Procurador corrupto e político ficha suja! 🙋 Tchau!✔️Muita gente não sabe o motivo da cassação de Deltan Dallagnol. É simples:
ele pediu demissão do Ministério Público para fugir de dezenas de processos internos e não ser pego pela Lei da Ficha Limpa. Mas a Ficha Limpa pegou +",0,0,1,https://twitter.com/AlencarBraga13/status/1658800184808046593
Marisa victorio da silva,@victorio_marisa,https://twitter.com/victorio_marisa/status/1658812500987596801,2023-05-17T12:31:34.000Z,ele no TSE. Procurador corrupto e político ficha suja!,0,0,0,https://twitter.com/AlencarBraga13/status/1658800184808046593
Jader Gonçalves,@Jaderhoje,https://twitter.com/Jaderhoje/status/1658849600827015169,2023-05-17T14:58:59.000Z,O próximo agora será o Sérgio Moro!!!!!!!! Aguardem os próximos capítulos ... #DeltanDallagnolCaiu #BandidoBomBandidoMoro #Patriotarios #PapudaTeEsperaBolsonaro,0,0,0,https://twitter.com/AlencarBraga13/status/1658800184808046593
