nome,usuario,idTweet,dataPublicacao,texto,replies,retweets,likes,tweetPai
Dep. Alencar Santana,@AlencarBraga13,https://twitter.com/AlencarBraga13/status/1658190930283749380,2023-05-15T19:21:40.000Z,"Sou autor do projeto 3572/2020 que obriga as empresas de aplicativos a criarem uma base de apoio para os seus trabalhadores. Sei das condições precárias em que esses profissionais se encontram. 
À luta!",1,1,4,https://twitter.com/AlencarBraga13/status/1658190609448853511
Luiz Casagrande,@luizcasagra,https://twitter.com/luizcasagra/status/1658192584768929794,2023-05-15T19:28:14.000Z,"A Lava Jato recuperou 6 bilhões de reais, dinheiro roubado da Petrobrás pela quadrilha do ex-presidiario, graças a Moro e Dallagnol até hoje tem vagabundo devolvendo dinheiro roubados da Petrobrás pela quadrilha do ex-presidiario, quer prova maior que essa.",0,0,0,https://twitter.com/AlencarBraga13/status/1658190609448853511
Marisa victorio da silva,@victorio_marisa,https://twitter.com/victorio_marisa/status/1658213107842293766,2023-05-15T20:49:47.000Z,"📄⚖️🚗🛵✔️Todo apoio aos motoristas que estão protestando por melhores remunerações e condições de trabalho, enquanto sabemos que as empresas lucram bilhões.
+",0,0,0,https://twitter.com/AlencarBraga13/status/1658190609448853511
