nome,usuario,idTweet,dataPublicacao,texto,replies,retweets,likes,tweetPai
Carla abreu #foracamposneto,@aaaa10149982,https://twitter.com/aaaa10149982/status/1658661121392295937,2023-05-17T02:30:02.000Z,"Que dia lindo ! 
Grande dia 
Grande noite deltan dallagnol cassado",0,0,0,https://twitter.com/AlencarBraga13/status/1658630674549551107
Franzé Cosmo,@FranzeCosmo,https://twitter.com/FranzeCosmo/status/1658646155247362050,2023-05-17T01:30:34.000Z,Demorou,0,0,0,https://twitter.com/AlencarBraga13/status/1658630674549551107
Tercio Silvas,@TercioAdv,https://twitter.com/TercioAdv/status/1658785522515431433,2023-05-17T10:44:21.000Z,"Grande noite para os corruptos!!!
Perde a Democracia, perde o Estado Democrático de Direito, perde o Povo Brasileiro de contar no parlamento com um dos deputados mais preparados e atuantes da história do Brasil!
Democracia em luto!",0,0,1,https://twitter.com/AlencarBraga13/status/1658630674549551107
Eliane Haido,@ElianeHaido,https://twitter.com/ElianeHaido/status/1658633162413539334,2023-05-17T00:38:56.000Z,🙌🙌🎉🎉,0,0,2,https://twitter.com/AlencarBraga13/status/1658630674549551107
Marisa victorio da silva,@victorio_marisa,https://twitter.com/victorio_marisa/status/1658636082500567045,2023-05-17T00:50:32.000Z,🙋Tchau!🙋✔️TSE cassa mandato de Deltan Dallagnol por 7 a O.,0,0,0,https://twitter.com/AlencarBraga13/status/1658630674549551107
