nome,usuario,idTweet,dataPublicacao,texto,replies,retweets,likes,tweetPai
Rogério Tomaz Jr.,@rogeriotomazjr,https://twitter.com/rogeriotomazjr/status/1658468213443932161,2023-05-16T13:43:29.000Z,acabou a mamata!,0,0,0,https://twitter.com/AlencarBraga13/status/1658465166525341696
Mosca na Sopa,@ADRIANOSILVAAV1,https://twitter.com/ADRIANOSILVAAV1/status/1658468959375482881,2023-05-16T13:46:27.000Z,Sensacional. É DE ARREPIAR.,0,0,1,https://twitter.com/AlencarBraga13/status/1658465166525341696
Mario,@marioslater2,https://twitter.com/marioslater2/status/1658475103901077509,2023-05-16T14:10:52.000Z,"GRANDE DIA! Lula prometeu, Lula cumpriu. É oficial: Petrobras anuncia fim da paridade dos preços com o mercado internacional e garante que não irá mais repassar os reajustes atrelados ao dólar para o mercado interno. É gasolina barata com ICMS e tudo! Faz o L.🇧🇷 Obrigado, Lula!❤️",0,0,0,https://twitter.com/AlencarBraga13/status/1658465166525341696
Luiz Casagrande,@luizcasagra,https://twitter.com/luizcasagra/status/1658482501004984330,2023-05-16T14:40:16.000Z,"Desemprego sobe a 8,8% no primeiro trimestre de 2023, diz IBGE
Número absoluto de desocupados teve alta de 10% contra o trimestre anterior, chegando a 9,4 milhões de pessoas.",0,0,0,https://twitter.com/AlencarBraga13/status/1658465166525341696
Luzia,@LuziaRa50411157,https://twitter.com/LuziaRa50411157/status/1658475756228583428,2023-05-16T14:13:27.000Z,MELHOR PRESIDENTE DO MUNDO 😍❤️😍❤️😍😍😍❤️❤️😍❤️😍,0,1,1,https://twitter.com/AlencarBraga13/status/1658465166525341696
observatoriopetroleo,@obspetroleo,https://twitter.com/obspetroleo/status/1658495723380563969,2023-05-16T15:32:48.000Z,"Sigam nossa página para + infos sobre a Petrobras! Estivemos, desde nossa criação, na linha de frente contra o PPI!",0,0,0,https://twitter.com/AlencarBraga13/status/1658465166525341696
Marisa victorio da silva,@victorio_marisa,https://twitter.com/victorio_marisa/status/1658486341938847747,2023-05-16T14:55:31.000Z,"Acabou a mamata  do mercado às custas do povo! ✔️A Petrobrás é do Brasil e não de um punhado de acionistas! @lulaoficial avisou em campanha que ia ""abrasileira"" os preços dos combustíveis e hoje isso se tornou realidade. Acabou a mamata do mercado às custas do povo!",0,0,0,https://twitter.com/AlencarBraga13/status/1658465166525341696
