nome,usuario,idTweet,dataPublicacao,texto,replies,retweets,likes,tweetPai
Ribeirão,@ANTONIO86994415,https://twitter.com/ANTONIO86994415/status/1658937662982463489,2023-05-17T20:48:55.000Z,"E A GUERREIRA DILMA FICOU FORA DA RELAÇÃO?
VÃO REESCREVER TAMBÉM A HISTÓRIA SOBRE QUEM JOGOU O BRASIL NO ABISMO ECONÔMICO?
A MAIORIA DOS BRASILEIROS DE HOJE TÃO POLITIZADOS E NÃO SÃO TÃO INGÊNUOS QUANTO FORAM ENGANADOS NAQUELA ÉPOCA E ATÉ MUITOS DA TURMA DA PICANHA TÃO ESPERTO.",0,0,0,https://twitter.com/AlencarBraga13/status/1658928320392642560
Marisa victorio da silva,@victorio_marisa,https://twitter.com/victorio_marisa/status/1658931481983569921,2023-05-17T20:24:21.000Z,"O arcabouço fiscal vai fortalecer ainda mais a recuperação do Brasil com o presidente @LulaOficial 🍀✔️ Competência, diálogo e agilidade são as marcas de @Haddad_Fernandoà frente da economia do Brasil após a destruição promovida por Temer e Bolsonaro nos últimos seis anos. 🍀",0,0,0,https://twitter.com/AlencarBraga13/status/1658928320392642560
