nome,usuario,idTweet,dataPublicacao,texto,replies,retweets,likes,tweetPai
Andréa S Marques,@Andmar2307,https://twitter.com/Andmar2307/status/1659182416454467588,2023-05-18T13:01:28.000Z,😂😂😂😂😂😂,0,0,0,https://twitter.com/AlencarBraga13/status/1658854291405152258
Brasil Livre,@BrasilLivre20,https://twitter.com/BrasilLivre20/status/1658859656125587457,2023-05-17T15:38:56.000Z,"Nosso ministro da Fazenda Fernando Haddad trabalhando.
HADDAD 👏👏👏👏👏",0,0,1,https://twitter.com/AlencarBraga13/status/1658854291405152258
Maria Dinah,@MariaDinah4,https://twitter.com/MariaDinah4/status/1658857491134857217,2023-05-17T15:30:20.000Z,"Bolsonaro ia aumentar para 1.400,00. Porque vocês não deram esse aumento? Isso não é prejudicar os aposentados pobres que muitas vezes são a única renda da família?",0,0,0,https://twitter.com/AlencarBraga13/status/1658854291405152258
Maria Dinah,@MariaDinah4,https://twitter.com/MariaDinah4/status/1658857700107640833,2023-05-17T15:31:10.000Z,Não basta falar bonito. Tem que  fazer bonito.,0,0,0,https://twitter.com/AlencarBraga13/status/1658854291405152258
Maria Dinah,@MariaDinah4,https://twitter.com/MariaDinah4/status/1658869675982192640,2023-05-17T16:18:45.000Z,#CPMI08DEJANEIROJÁ,0,0,0,https://twitter.com/AlencarBraga13/status/1658854291405152258
Pátria e família.,@LuizMazzei14749,https://twitter.com/LuizMazzei14749/status/1658937692430692357,2023-05-17T20:49:02.000Z,Ladeira abaixo.,0,0,0,https://twitter.com/AlencarBraga13/status/1658854291405152258
Bitbit,@BitBitinha,https://twitter.com/BitBitinha/status/1658861351501012997,2023-05-17T15:45:41.000Z,Haddad faz o Brasil melhor 👏👏,0,0,0,https://twitter.com/AlencarBraga13/status/1658854291405152258
jadilson,@jadilso28664665,https://twitter.com/jadilso28664665/status/1658989101255647232,2023-05-18T00:13:18.000Z,Falou o ex pior prefeito de São Paulo .,0,0,0,https://twitter.com/AlencarBraga13/status/1658854291405152258
joelsilvestre3@gmail.com Silvestre,joelsilvestre3@gmail.com Silvestre,https://twitter.com/joelsilvestre31/status/1659589719590678530,2023-05-19T15:59:57.000Z,"Ele, fala como que Estado geraci riqueza. O coitado",0,0,0,https://twitter.com/AlencarBraga13/status/1658854291405152258
Bruno Isac - Tretas Bigtretabrasil,@BrunoIsac123,https://twitter.com/BrunoIsac123/status/1658857288550023168,2023-05-17T15:29:32.000Z,ja foi feito?,0,0,0,https://twitter.com/AlencarBraga13/status/1658854291405152258
Marisa victorio da silva,@victorio_marisa,https://twitter.com/victorio_marisa/status/1658859484670840832,2023-05-17T15:38:15.000Z,#HaddaNaCâmara Equilíbrio Fiscal -  não será feito em cima da população mais pobre do país 🍀✔️ Excelente fala! @Haddad_Fernando avisou que o equilíbrio fiscal do Brasil sob o governo @LulaOficial não será feito em cima da população mais pobre do país.,0,0,0,https://twitter.com/AlencarBraga13/status/1658854291405152258
Adilson Barbosa sdv FB,@barbosacamp,https://twitter.com/barbosacamp/status/1658892287022178304,2023-05-17T17:48:36.000Z,Pois é,0,0,3,https://twitter.com/AlencarBraga13/status/1658854291405152258
