nome,usuario,idTweet,dataPublicacao,texto,replies,retweets,likes,tweetPai
Kito #Lula13,@Frmarchetaria,https://twitter.com/Frmarchetaria/status/1658097902038708225,2023-05-15T13:12:00.000Z,#Lula !!! A Civilização voltando ao Brasil !!!,0,0,0,https://twitter.com/AlencarBraga13/status/1658072232667811840
regina lopes,@reginaclopes,https://twitter.com/reginaclopes/status/1658084057601769474,2023-05-15T12:16:59.000Z,"Parabéns, presidente Lula!",0,0,0,https://twitter.com/AlencarBraga13/status/1658072232667811840
Marisa victorio da silva,@victorio_marisa,https://twitter.com/victorio_marisa/status/1658098145472000000,2023-05-15T13:12:58.000Z,"#obrasilvoltou ""Esse país não nasceu para ter uma parte dele miserável"" - Lula✔️O presidente @LulaOficial já fez muito pelo Brasil, mas quer e vai fazer ainda mais.
""Esse país não nasceu para ter uma parte dele miserável!"" - Lula",0,0,0,https://twitter.com/AlencarBraga13/status/1658072232667811840
