nome,usuario,idTweet,dataPublicacao,texto,replies,retweets,likes,tweetPai
Marina,@Marina92011959,https://twitter.com/Marina92011959/status/1658933198963765252,2023-05-17T20:31:10.000Z,Protestem !,1,0,0,https://twitter.com/adriventurasp/status/1658910253801676801
Danton José Rosa,@danton_rosa,https://twitter.com/danton_rosa/status/1659190310583320576,2023-05-18T13:32:50.000Z,"A composição do TSE/indicação:  Alexandre de Moraes - Temer 
Carmen Lucia - Lula 
Kassio Nunes - Bolsonaro 
Benedito Gonçalves - Lula 
Raul Araújo - Lula 
Sérgio Banhos - Bolsonaro 
Carlos Horbach - Bolsonaro  

A votação da cassação de Dallagnol foi unânime.  Pode chorar.",0,0,0,https://twitter.com/adriventurasp/status/1658910253801676801
Eric_CatVader,@Eric_CatVader,https://twitter.com/Eric_CatVader/status/1659006426633625603,2023-05-18T01:22:09.000Z,"Ai PQP, que mulher pra chorar...
kkkkkkkkkkkkkk",0,0,0,https://twitter.com/adriventurasp/status/1658910253801676801
Wilson Carvalho,@WilsonOndaVerde,https://twitter.com/WilsonOndaVerde/status/1659103436099448833,2023-05-18T07:47:38.000Z,Sabe quem tbm tem esse papinho de perseguição pela justiça? Lula...,0,0,0,https://twitter.com/adriventurasp/status/1658910253801676801
Nomura,@WagnerNomura,https://twitter.com/WagnerNomura/status/1659140665563807744,2023-05-18T10:15:34.000Z,"Melhor definição da justiça brasileira foi feita por Renato Russo em ""Teatro dos Vampiros""!",0,0,1,https://twitter.com/adriventurasp/status/1658910253801676801
Ana Paula,@AnaPaul48286652,https://twitter.com/AnaPaul48286652/status/1658986796389130240,2023-05-18T00:04:09.000Z,"Boca aberta, você mora em Marte desde a Vaza Jato?",0,0,0,https://twitter.com/adriventurasp/status/1658910253801676801
Rogério B.S patriota 4,@BardenRogerio,https://twitter.com/BardenRogerio/status/1659323246959788033,2023-05-18T22:21:05.000Z,"Quando que o congresso vai tomar vergonha na cara e deixarem de serem pinico do stf, vão deixar os v@g@bund0$$$$$$$$$$$$$$ indicados de ladrão cassar um Deputado eleito democraticamente pelo povo do Paraná. Tem que se acabar com a indicação para o supremo.",0,0,0,https://twitter.com/adriventurasp/status/1658910253801676801
Maria Aspasia,@aspasia_maria,https://twitter.com/aspasia_maria/status/1658926570680078337,2023-05-17T20:04:50.000Z,"Culpados:
Alckmin 
Simone Tebet
Kim Kataguiri 
Pacheco
Kassab
Amoedo
Henrique Meirelles 
MBL
Arminio Fraga
Pérsio Arida
PSDB
Estadão 
Isentoes 
…",0,0,0,https://twitter.com/adriventurasp/status/1658910253801676801
