nome,usuario,idTweet,dataPublicacao,texto,replies,retweets,likes,tweetPai
Naldo Paixão,@naldo_paixao,https://twitter.com/naldo_paixao/status/1658545434200006656,2023-05-16T18:50:20.000Z,Fogo no parquinho 😂😂😂😂,0,0,1,https://twitter.com/AlencarBraga13/status/1658532139900469248
Eliane Cunha,@ElianeC20407295,https://twitter.com/ElianeC20407295/status/1658960435373113344,2023-05-17T22:19:24.000Z,Política é um coisa bem suja!!!,0,0,0,https://twitter.com/AlencarBraga13/status/1658532139900469248
Alessandradecoradora,@Alessan05033035,https://twitter.com/Alessan05033035/status/1658668629846532099,2023-05-17T02:59:52.000Z,"Ele deu um de sabão com lula e mentiu para o Lula ,agora pra que lado vai  ..não sei",0,0,0,https://twitter.com/AlencarBraga13/status/1658532139900469248
Heyde,@heydeleao,https://twitter.com/heydeleao/status/1661929519274512397,2023-05-26T02:57:29.000Z,Sinal de aproximação?,0,0,0,https://twitter.com/AlencarBraga13/status/1658532139900469248
Opancada,@opancada,https://twitter.com/opancada/status/1658796890761179136,2023-05-17T11:29:32.000Z,O Valdemar ontem sacaneou pra valer o Jair.,0,0,0,https://twitter.com/AlencarBraga13/status/1658532139900469248
Maria Maria,@arretada13,https://twitter.com/arretada13/status/1658669943028588546,2023-05-17T03:05:05.000Z,Deve estar muitoooo arrependido!,0,0,0,https://twitter.com/AlencarBraga13/status/1658532139900469248
Consciência Política do Brasil,@ConscienciaDo1,https://twitter.com/ConscienciaDo1/status/1658634462085672962,2023-05-17T00:44:06.000Z,"Deputado, filho de Belial, está MENTIND🤥 . Seja macho e mostre a FALA DO VALDEMAR, AFIRMANDO:

""VALDEMAR, praticamente disse que se arrependeu de ter apoiado Bolsonaro na eleição e que só não apoiou Lul🤡, porque ""não tinha mais jeito"".",0,0,0,https://twitter.com/AlencarBraga13/status/1658532139900469248
Antônio Juazeiro,@Awtwilson,https://twitter.com/Awtwilson/status/1658613260659113986,2023-05-16T23:19:51.000Z,Mais um DO VAL.,0,0,1,https://twitter.com/AlencarBraga13/status/1658532139900469248
ABELHA 013.,@JaBolha,https://twitter.com/JaBolha/status/1658559207304572929,2023-05-16T19:45:04.000Z,Kkkkkkk conversinha afiada.....,0,0,0,https://twitter.com/AlencarBraga13/status/1658532139900469248
Márcia Mancuzo,@marcia_mancuzo,https://twitter.com/marcia_mancuzo/status/1658783404308017154,2023-05-17T10:35:56.000Z,Mostra tudo! Essa parte não só?! Só o que interessa a vocês né?! Lacraios!,0,0,1,https://twitter.com/AlencarBraga13/status/1658532139900469248
Vanderlei Prado,@vanderprado42,https://twitter.com/vanderprado42/status/1658828057950420998,2023-05-17T13:33:23.000Z,"Tá bom,fica assim então...entendi",0,0,0,https://twitter.com/AlencarBraga13/status/1658532139900469248
Silvia Duarte,@Silviaelanne,https://twitter.com/Silviaelanne/status/1658546120027521024,2023-05-16T18:53:03.000Z,Melhor que o preço dos combustíveis só a entrevista desse meliante,0,0,1,https://twitter.com/AlencarBraga13/status/1658532139900469248
orlando il,@orlandoil1,https://twitter.com/orlandoil1/status/1661467414251335683,2023-05-24T20:21:14.000Z,"OU seja , já dei seu sinal ao Lula , oiêeeee estou aqui querido....",0,0,0,https://twitter.com/AlencarBraga13/status/1658532139900469248
Alan,@Trumptropical,https://twitter.com/Trumptropical/status/1658607357507584002,2023-05-16T22:56:24.000Z,"Quem anda com ladrão, quer ditadura!",0,0,0,https://twitter.com/AlencarBraga13/status/1658532139900469248
Silvia Maria,@SilviaM26773228,https://twitter.com/SilviaM26773228/status/1658555022551011339,2023-05-16T19:28:26.000Z,"MENTIROSO , MRNTIROSO , VCS VIVEM DE MENTIRAS e FALACIAS",1,0,0,https://twitter.com/AlencarBraga13/status/1658532139900469248
Junior.Bigu,@bigu_junior,https://twitter.com/bigu_junior/status/1658535273242787840,2023-05-16T18:09:57.000Z,"Na verdade ele apoiou a Michelle, sua periguete...",1,0,1,https://twitter.com/AlencarBraga13/status/1658532139900469248
David Ribeiro,@DavidRi34447345,https://twitter.com/DavidRi34447345/status/1658606739283910663,2023-05-16T22:53:56.000Z,vagabundo,0,0,0,https://twitter.com/AlencarBraga13/status/1658532139900469248
Luciani Bernardini,@VRluciani,https://twitter.com/VRluciani/status/1658651777363849216,2023-05-17T01:52:54.000Z,"Mais um mal caráter, vendido do capeca, vai queimar no lado dos meliantes",0,0,0,https://twitter.com/AlencarBraga13/status/1658532139900469248
Bitbit,@BitBitinha,https://twitter.com/BitBitinha/status/1658865493229416455,2023-05-17T16:02:08.000Z,"Queria ter apoiado o Lula?
Cara de pau, vira casaca quando a casa está para cair",0,0,0,https://twitter.com/AlencarBraga13/status/1658532139900469248
Consciência Política do Brasil,@ConscienciaDo1,https://twitter.com/ConscienciaDo1/status/1658633845732671490,2023-05-17T00:41:39.000Z,"Deputado, filho de Belial, está MENTIND🤥 descaradamente. Nesse vídeo, tem ZERO AFIRMAÇÃO do Valdemar, acerca de postagem APELATIVA e DESESPERADA. Seja macho e mostre a FALA DO VALDEMAR, AFIRMANDO ""que se arrependeu de ter apoiado o presidente @jairbolsonaro ...⏬",0,0,1,https://twitter.com/AlencarBraga13/status/1658532139900469248
Rafael Santana,@RafaelS86733814,https://twitter.com/RafaelS86733814/status/1658568486715641858,2023-05-16T20:21:56.000Z,"E começa a debandada, o presidente do partido do Bolsonaro dizendo que quer apoiar o Lula kkkkk",1,1,1,https://twitter.com/AlencarBraga13/status/1658532139900469248
jeremias,@jeremiasbispo,https://twitter.com/jeremiasbispo/status/1658535172839464975,2023-05-16T18:09:33.000Z,@camargo_jobson @jamivieira_ @jfernandaBrasil @gebordados então quer dizer que o lula queria o PL na coligação,1,1,3,https://twitter.com/AlencarBraga13/status/1658532139900469248
Deise de Beauvoir #LulaPresidente13,@DeiseQuintilia1,https://twitter.com/DeiseQuintilia1/status/1661917626023440385,2023-05-26T02:10:13.000Z,"Como dizem os franceses, ""trop tard"". Vai sentar bonitinho no colo do capiroto, agora q ajudou (e muito) a deixar o país em frangalhos. Bota a moedinha na boca de Caronte, cumpadi.",0,0,0,https://twitter.com/AlencarBraga13/status/1658532139900469248
Ibis Naves TAVARES ‍,@ibis_naves,https://twitter.com/ibis_naves/status/1658602140758155264,2023-05-16T22:35:40.000Z,Esta foi a maior parte da entrevista.,0,0,0,https://twitter.com/AlencarBraga13/status/1658532139900469248
Monique Gonçalves,@Monique31657762,https://twitter.com/Monique31657762/status/1658536851613925379,2023-05-16T18:16:14.000Z,O lixeiro chegou,0,0,0,https://twitter.com/AlencarBraga13/status/1658532139900469248
Marisa victorio da silva,@victorio_marisa,https://twitter.com/victorio_marisa/status/1658542077553041437,2023-05-16T18:37:00.000Z,"🗣️🎙️""não tinha mais jeito"" se arrependeu 🙄✔️Na Globo News, Valdemar da Costa Neto deputado federal PL-SP
praticamente disse que se ARREPENDEU de ter apoiado Bolsonaro na eleição e que só não apoiou Lula porque "" não tinha mais jeito"".",0,0,0,https://twitter.com/AlencarBraga13/status/1658532139900469248
VR.Milor,@BrdaVanuza,https://twitter.com/BrdaVanuza/status/1658651917155721218,2023-05-17T01:53:27.000Z,"Pare de mentir, o Valdemar quer o dinheiro do fundo eleitoral, o Bolsonaro deu para ele um partido maior que o PT na câmara dos deputados. Se apoiasse o Lula continuaria sendo centro, hoje PL é oposição com o caixa do partido cheio de milhões do fundo eleitoral.",0,0,0,https://twitter.com/AlencarBraga13/status/1658532139900469248
