nome,usuario,idTweet,dataPublicacao,texto,replies,retweets,likes,tweetPai
Sergio do agitaço,@serjaoagitaco,https://twitter.com/serjaoagitaco/status/1658504016144347136,2023-05-16T16:05:45.000Z,"Essa e a diferença , alguém lembra quanto custava a gasolina em julho de 2022!!!
Toma Bozo inútil.",0,0,1,https://twitter.com/AlencarBraga13/status/1658497569792696326
Marisa victorio da silva,@victorio_marisa,https://twitter.com/victorio_marisa/status/1658514861033127954,2023-05-16T16:48:51.000Z,"#oBrasilVoltou final da manhã - até o mercado está reagindo bem à nova política de preços da Petrobrás...😀👆🍀✔️Gasolina, diesel e gás vão cair!
O botijão vai baixar de 100 reais! E até o mercado está reagindo bem à nova política de preços da Petrobrás, cujas ações já subiram+",0,0,1,https://twitter.com/AlencarBraga13/status/1658497569792696326
Marisa victorio da silva,@victorio_marisa,https://twitter.com/victorio_marisa/status/1658515055393091584,2023-05-16T16:49:37.000Z,4% até o final da manhã.👏🏽👆🍀✊⭐,0,0,1,https://twitter.com/AlencarBraga13/status/1658497569792696326
