nome,usuario,idTweet,dataPublicacao,texto,replies,retweets,likes,tweetPai
Maria Dinah,@MariaDinah4,https://twitter.com/MariaDinah4/status/1658870280104574982,2023-05-17T16:21:09.000Z,#CPMI08DEJANEIROJÁ,0,0,0,https://twitter.com/AlencarBraga13/status/1658850971525562368
Marisa victorio da silva,@victorio_marisa,https://twitter.com/victorio_marisa/status/1658853253898022921,2023-05-17T15:13:30.000Z,"✅ 16/05/2023⭐✊🍀1. Petrobras acabou cobrança em dólar
2.Caiu o preço da gasolina
3.Caiu o preço do diesel
4.Caiu o preço do gás de cozinha
5.Bolsonaro na PF
6.Deltan cassado
7.43% de aprovam o governo 🧔‍♂️8.57,4 aprovam o Lula 🧔‍♂️9. Ações da Petrobrás disparam",0,0,0,https://twitter.com/AlencarBraga13/status/1658850971525562368
Marisa victorio da silva,@victorio_marisa,https://twitter.com/victorio_marisa/status/1658853491245297675,2023-05-17T15:14:26.000Z,"10. Dólar abaixo de R$4,90⭐✊🍀",0,0,0,https://twitter.com/AlencarBraga13/status/1658850971525562368
