nome,usuario,idTweet,dataPublicacao,texto,replies,retweets,likes,tweetPai
"#SeNãoAgora,Quando?",@hannahcovolo,https://twitter.com/hannahcovolo/status/1658565506687725570,2023-05-16T20:10:06.000Z,Da galinha ?,0,0,1,https://twitter.com/AlencarBraga13/status/1658548500190093344
Marcelo,@mravazzani68,https://twitter.com/mravazzani68/status/1658569037062852627,2023-05-16T20:24:07.000Z,Vão tentando ...não desistam 🤣🤣🤣🤣🤣🤣🤣🤣🤣🤣,0,0,0,https://twitter.com/AlencarBraga13/status/1658548500190093344
Marisa victorio da silva,@victorio_marisa,https://twitter.com/victorio_marisa/status/1658564902422732800,2023-05-16T20:07:42.000Z,"INACREDITÁVEL 🐓🐔🤡🐥✔️ Bolsonaro superfaturou até o pescoço de galinha! 🐔O desgoverno do 🤡 pagou R$ 260 pelo Kg do produto que seria para indígenas da região do Rio Madeira.
E adivinha: os indígenas não receberam o alimento.😲",0,0,0,https://twitter.com/AlencarBraga13/status/1658548500190093344
