nome,usuario,idTweet,dataPublicacao,texto,replies,retweets,likes,tweetPai
Lw,@welalegigi,https://twitter.com/welalegigi/status/1660114471300349953,2023-05-21T02:45:08.000Z,Plantão TBN: Ministros de Lula usam voos da FAB para emendar fim de semana,0,0,0,https://twitter.com/AlencarBraga13/status/1659889370533330945
Republica das Picanhas,@RedBirdChurch,https://twitter.com/RedBirdChurch/status/1659898652498751488,2023-05-20T12:27:32.000Z,"Nem acredito....
olha lá o pinguço na foto....
A Canja conhecendo o mundo a nossas custas!!!",0,0,0,https://twitter.com/AlencarBraga13/status/1659889370533330945
Marisa victorio da silva,@victorio_marisa,https://twitter.com/victorio_marisa/status/1659893316408729600,2023-05-20T12:06:20.000Z,#LulaEstadistaMundial G7 🇯🇵Japão 🇧🇷 Brasil    ✔️Foto oficial da reunião do G7 no Japão com o @LulaOficialrepresentando o Brasil.,0,0,0,https://twitter.com/AlencarBraga13/status/1659889370533330945
