nome,usuario,idTweet,dataPublicacao,texto,replies,retweets,likes,tweetPai
AHoradoPato,@HoradoPato,https://twitter.com/HoradoPato/status/1659627986948112402,2023-05-19T18:32:01.000Z,"Isto é mentira véio! De onde vem este recurso? O desgoverno sai por aí passeando pelo mundo, gastando nosso dinheiro, o PIB despenca junto com a Bolsa! De onde sai este dinheiro? Pedaladas como a anta Dilma?",0,0,0,https://twitter.com/AlencarBraga13/status/1659584997991251969
Alberton Viana,@albertonviana,https://twitter.com/albertonviana/status/1659585805088694272,2023-05-19T15:44:24.000Z,Não sejam ótarios vejam quem serão prejudicados a propria lei fala .,0,0,0,https://twitter.com/AlencarBraga13/status/1659584997991251969
Marisa victorio da silva,@victorio_marisa,https://twitter.com/victorio_marisa/status/1659600269955538944,2023-05-19T16:41:52.000Z,"Piso da enfermagem - minha querida Guarulhos ❤️ vai receber R$ 3,7 milhões 👆😀✔️ Guarulhos vai receber R$ 3,7 milhões do Governo Lula para garantir o pagamento do piso da Enfermagem aos profissionais da saúde pública.
Se dependesse do prefeito Guti e do presidente dele +",0,0,0,https://twitter.com/AlencarBraga13/status/1659584997991251969
Marisa victorio da silva,@victorio_marisa,https://twitter.com/victorio_marisa/status/1659600499123929100,2023-05-19T16:42:47.000Z,🙃🤡(Jair Bolsonaro) esse valor NUNCA chegaria à nossa cidade.Faz o L aí! 👆😀,0,0,0,https://twitter.com/AlencarBraga13/status/1659584997991251969
