nome,usuario,idTweet,dataPublicacao,texto,replies,retweets,likes,tweetPai
Salomão,@Salomitto,https://twitter.com/Salomitto/status/1659710043632304129,2023-05-19T23:58:04.000Z,O peixe podre vem depois..,0,0,0,https://twitter.com/AlencarBraga13/status/1659560493101531138
Arnaldo Soares,@Arnaldo_sds,https://twitter.com/Arnaldo_sds/status/1659634746731667483,2023-05-19T18:58:52.000Z,"Pergunta se esse de verde fez 3 refeições, kkkkkk",0,0,0,https://twitter.com/AlencarBraga13/status/1659560493101531138
Pereira Dias,@PereiraDias61,https://twitter.com/PereiraDias61/status/1659671911033446400,2023-05-19T21:26:33.000Z,Aguarde os próximos reajustes dos combustiveis.,0,0,0,https://twitter.com/AlencarBraga13/status/1659560493101531138
vanystm,@vanystm1,https://twitter.com/vanystm1/status/1659743987207487488,2023-05-20T02:12:57.000Z,"De que adianta baixar o preço e o povo não ter dinheiro pra comprar?
Desemprego aumentando povo desempregado bolsa família cortada endividado agricultor expulso da terra.
Isso é manobra populista",0,0,0,https://twitter.com/AlencarBraga13/status/1659560493101531138
eokiko,@eokikobrasil,https://twitter.com/eokikobrasil/status/1659912359131987972,2023-05-20T13:22:00.000Z,Ta aumentando ou ta abaixando ?,0,0,0,https://twitter.com/AlencarBraga13/status/1659560493101531138
MAXUEL SHAKA,@MaxuelShaka,https://twitter.com/MaxuelShaka/status/1659658479030640669,2023-05-19T20:33:11.000Z,#O PT SEMPR MENTINDO,0,0,0,https://twitter.com/AlencarBraga13/status/1659560493101531138
Mosca na Sopa,@ADRIANOSILVAAV1,https://twitter.com/ADRIANOSILVAAV1/status/1659562787071221760,2023-05-19T14:12:56.000Z,Faz o LLLLLL Petezada.,0,0,0,https://twitter.com/AlencarBraga13/status/1659560493101531138
Marisa victorio da silva,@victorio_marisa,https://twitter.com/victorio_marisa/status/1659572467231326211,2023-05-19T14:51:24.000Z,"😀🧔                                           ✅Tá aumentando ou tá abaixando?                                           ✅Tá abaixando! É Lula, cara!🦑.                ✔️Sextou! @lulaoficial prometeu e os preços nos postos de gasolina já estão baixando! Faz o L!",0,0,0,https://twitter.com/AlencarBraga13/status/1659560493101531138
Biruleibe,@Birulei76846050,https://twitter.com/Birulei76846050/status/1659674668310118401,2023-05-19T21:37:30.000Z,"9 dedos presidiário líder da maior facção criminosa de todos os tempos e maior ladrão da história da República.
Resto é balela.",0,0,0,https://twitter.com/AlencarBraga13/status/1659560493101531138
