nome,usuario,idTweet,dataPublicacao,texto,replies,retweets,likes,tweetPai
Dep. Alencar Santana,@AlencarBraga13,https://twitter.com/AlencarBraga13/status/1659917481190866944,2023-05-20T13:42:21.000Z,A notícia é da @monicabergamo https://www1.folha.uol.com.br/amp/colunas/monicabergamo/2023/05/pavilhao-do-brasil-vence-o-leao-de-ouro-de-arquitetura-da-bienal-de-veneza.shtml…,1,2,11,https://twitter.com/AlencarBraga13/status/1659915373410492418
Marisa victorio da silva,@victorio_marisa,https://twitter.com/victorio_marisa/status/1659918974476271620,2023-05-20T13:48:17.000Z,"#oBrasilVoltou Bienal de Arquitetura em Veneza🇧🇷🇧🇷🇧🇷🇮🇹🇮🇹✔️ Pavilhão do Brasil vence o Leão de Ouro da Bienal de Arquitetura de Veneza

Está é a primeira vez em que o país é agraciado com o prêmio. Parabéns aos curadores Gabriela de Matos e Paulo Tavares.👏🏽👏🏽👏🏽",0,0,0,https://twitter.com/AlencarBraga13/status/1659915373410492418
Marisa victorio da silva,@victorio_marisa,https://twitter.com/victorio_marisa/status/1659919124347117568,2023-05-20T13:48:53.000Z,🥇🍀😀,0,0,0,https://twitter.com/AlencarBraga13/status/1659915373410492418
