nome,usuario,idTweet,dataPublicacao,texto,replies,retweets,likes,tweetPai
Chatinha de esquerda,@malupr,https://twitter.com/malupr/status/1659620890580008965,2023-05-19T18:03:49.000Z,O engarrafamento chegou até aqui em Brasília,1,0,3,https://twitter.com/AlencarBraga13/status/1659619069908140042
Thai Manika,@thaimanika,https://twitter.com/thaimanika/status/1660215795404742656,2023-05-21T09:27:45.000Z,Kkkkkk,0,0,0,https://twitter.com/AlencarBraga13/status/1659619069908140042
Rogério Cafeteira,@depcafeteira,https://twitter.com/depcafeteira/status/1659649335892516865,2023-05-19T19:56:51.000Z,Esse velório tá mais longo que o da Rainha Elizabeth!!!,0,0,1,https://twitter.com/AlencarBraga13/status/1659619069908140042
Ivani laranjeira bar,@Ivanilaranjeira,https://twitter.com/Ivanilaranjeira/status/1659624657291550722,2023-05-19T18:18:47.000Z,Kkkkkk,0,0,1,https://twitter.com/AlencarBraga13/status/1659619069908140042
Gi Roza S. #Lula13Presidente #MarcoTemporalNão “Mo,@GiovanaDaRozaS2,https://twitter.com/GiovanaDaRozaS2/status/1659628838127632384,2023-05-19T18:35:24.000Z,Hahahaha,0,0,0,https://twitter.com/AlencarBraga13/status/1659619069908140042
Paul brow,@PaulXbrow2,https://twitter.com/PaulXbrow2/status/1659673475802341377,2023-05-19T21:32:46.000Z,"Em 2023, na legislatura 57, gasto do DEPUTADO DELTAN DALLAGNOL com verba de gabinete:

R$ 320.764,63",0,0,1,https://twitter.com/AlencarBraga13/status/1659619069908140042
Lucy,@BrasilLucilia,https://twitter.com/BrasilLucilia/status/1659620398311325706,2023-05-19T18:01:51.000Z,Kkkkkk,0,0,1,https://twitter.com/AlencarBraga13/status/1659619069908140042
Nice Dias,@NiceDia91140586,https://twitter.com/NiceDia91140586/status/1659640542307688458,2023-05-19T19:21:54.000Z,Kkkkk,0,0,0,https://twitter.com/AlencarBraga13/status/1659619069908140042
André Sarmento,@AndrSarmento4,https://twitter.com/AndrSarmento4/status/1659622111663538197,2023-05-19T18:08:40.000Z,🤣🤣🤣🤣🤣🤣🤣,0,0,0,https://twitter.com/AlencarBraga13/status/1659619069908140042
Silvia Helena,@SilviaH65957475,https://twitter.com/SilviaH65957475/status/1659662810165522432,2023-05-19T20:50:23.000Z,Kkkkkkkkkk,0,0,0,https://twitter.com/AlencarBraga13/status/1659619069908140042
#LulaEleito,@LilianiChaikos1,https://twitter.com/LilianiChaikos1/status/1659635568681132038,2023-05-19T19:02:08.000Z,Cricricri no final foi o melhor,0,0,0,https://twitter.com/AlencarBraga13/status/1659619069908140042
@fran_san,@fran_san,https://twitter.com/fran_amor22/status/1659621725343039490,2023-05-19T18:07:08.000Z,🤣🤣🤣🤣🤣🤣🤣,0,0,0,https://twitter.com/AlencarBraga13/status/1659619069908140042
ruy quental,@QuentalRuy,https://twitter.com/QuentalRuy/status/1659683848299446274,2023-05-19T22:13:59.000Z,Nem os eleitores dele tiveram coragem de se expor....kkkk,0,0,0,https://twitter.com/AlencarBraga13/status/1659619069908140042
Patiba,@Paty294461632,https://twitter.com/Paty294461632/status/1659622869725265951,2023-05-19T18:11:41.000Z,"Parece ele no Jô: "" quem acha que a lava jato vai mudar o Brasil ? Levanta a mão ? ""Cri,cri cri ...Silêncio ensurdecedor ! Kkkk",0,1,7,https://twitter.com/AlencarBraga13/status/1659619069908140042
Kennedy ˢᶠᶜ,@PetistaGoiano,https://twitter.com/PetistaGoiano/status/1659620330359382016,2023-05-19T18:01:35.000Z,Só branco,0,0,2,https://twitter.com/AlencarBraga13/status/1659619069908140042
Sergio do agitaço,@serjaoagitaco,https://twitter.com/serjaoagitaco/status/1659633909116665858,2023-05-19T18:55:33.000Z,"Rapaz o trânsito foi tão intenso que chamaram a PRF, para ajudar, kkkkkkk.",0,0,0,https://twitter.com/AlencarBraga13/status/1659619069908140042
César Augusto Souza,@CzaresAugusto,https://twitter.com/CzaresAugusto/status/1659623636184051714,2023-05-19T18:14:43.000Z,Rindo aos Kilos meu Lider daqui de Salvador!...,0,0,0,https://twitter.com/AlencarBraga13/status/1659619069908140042
ROSE MARY DUARTE,@ROSEMARYDUART11,https://twitter.com/ROSEMARYDUART11/status/1659920087766417408,2023-05-20T13:52:43.000Z,FICAMOS FELIZ...TEM UM PULHA A MENOS NO CONGRESSO.,0,0,0,https://twitter.com/AlencarBraga13/status/1659619069908140042
Vera Lucas,@lucvera,https://twitter.com/lucvera/status/1659661038919221248,2023-05-19T20:43:21.000Z,😂😂😂😂😂,0,0,0,https://twitter.com/AlencarBraga13/status/1659619069908140042
Pecezinho,@paulosenges,https://twitter.com/paulosenges/status/1659625406046011392,2023-05-19T18:21:45.000Z,Um pouquinho mais que meia dúzia kkkk,0,1,1,https://twitter.com/AlencarBraga13/status/1659619069908140042
Pecezinho,@paulosenges,https://twitter.com/paulosenges/status/1659625669079253003,2023-05-19T18:22:48.000Z,Não pagou nem o combustível passaram vergonha,0,2,1,https://twitter.com/AlencarBraga13/status/1659619069908140042
Paulo Cano,@PauloCanoyu,https://twitter.com/PauloCanoyu/status/1659657978121691146,2023-05-19T20:31:11.000Z,Lotado feito jogo do Flamengo.,0,0,0,https://twitter.com/AlencarBraga13/status/1659619069908140042
Sergio Oliveira,@SergioQuito68,https://twitter.com/SergioQuito68/status/1659623933635600384,2023-05-19T18:15:54.000Z,parece a carreta furacão...kkkk,0,0,1,https://twitter.com/AlencarBraga13/status/1659619069908140042
Apriscila,@apriscila77,https://twitter.com/apriscila77/status/1659643211441139712,2023-05-19T19:32:30.000Z,Já começou o carnaval ?,0,0,0,https://twitter.com/AlencarBraga13/status/1659619069908140042
Daniel Adamich - Meliponário da Lomba,@dadamich0,https://twitter.com/dadamich0/status/1659622004218052628,2023-05-19T18:08:14.000Z,"Cadê os 344.719 eleitores??? Ahhh, agora vi ...estavam nos 3 carros atrás do caminhão KKKKKKKK",0,0,0,https://twitter.com/AlencarBraga13/status/1659619069908140042
Mioko Teles,@miokoteles,https://twitter.com/miokoteles/status/1659619239869775872,2023-05-19T17:57:15.000Z,Vai entrar pro Guinnes Book !!!,0,0,0,https://twitter.com/AlencarBraga13/status/1659619069908140042
Raimundo IFS,@IfsRaimundo,https://twitter.com/IfsRaimundo/status/1659660072782274627,2023-05-19T20:39:31.000Z,Nem os parentes foram kkkkkkkkkk,0,0,0,https://twitter.com/AlencarBraga13/status/1659619069908140042
Margarida Oliveira,@margoliver5,https://twitter.com/margoliver5/status/1659890920676900868,2023-05-20T11:56:49.000Z,😂😂😂,0,0,0,https://twitter.com/AlencarBraga13/status/1659619069908140042
Douglas Sousa,@Douglas84661442,https://twitter.com/Douglas84661442/status/1659623076202520576,2023-05-19T18:12:30.000Z,Esse cara não cansa de passa vergonha,0,1,5,https://twitter.com/AlencarBraga13/status/1659619069908140042
Santos Paraíba,@Santos_Paraiba,https://twitter.com/Santos_Paraiba/status/1659625306272014337,2023-05-19T18:21:22.000Z,kkkkkkkkkkk,0,0,0,https://twitter.com/AlencarBraga13/status/1659619069908140042
Anúbis,@Anbis18215397,https://twitter.com/Anbis18215397/status/1659627517517414416,2023-05-19T18:30:09.000Z,Impactante,0,1,1,https://twitter.com/AlencarBraga13/status/1659619069908140042
Blanca Musachi,@Blanca_musa,https://twitter.com/Blanca_musa/status/1659630459775533088,2023-05-19T18:41:50.000Z,Patético!,0,0,0,https://twitter.com/AlencarBraga13/status/1659619069908140042
Kareka Rubro Negro,@Kareka15822224,https://twitter.com/Kareka15822224/status/1659659976443305987,2023-05-19T20:39:08.000Z,Está lotado!,0,1,2,https://twitter.com/AlencarBraga13/status/1659619069908140042
Vera Lucia Castellain Castellain,@CastellainLucia,https://twitter.com/CastellainLucia/status/1659841976563384320,2023-05-20T08:42:20.000Z,Xuuuuuu,0,0,0,https://twitter.com/AlencarBraga13/status/1659619069908140042
Carlos Coutinho 2008,@2008Coutinho,https://twitter.com/2008Coutinho/status/1659866500960862210,2023-05-20T10:19:47.000Z,Sem representatividade apesar dos mais 300 votos achou que ia mobilizar o País. Coitado nem Curitiba a sua casa ele mobilizou. Um verdadeiro fracasso.,0,0,0,https://twitter.com/AlencarBraga13/status/1659619069908140042
Ninaaaaa,@NinaBarco,https://twitter.com/NinaBarco/status/1659622288231153676,2023-05-19T18:09:22.000Z,Hahahahhahahahshhahs,0,0,0,https://twitter.com/AlencarBraga13/status/1659619069908140042
Andrei,@Andrei55829426,https://twitter.com/Andrei55829426/status/1659621826463424513,2023-05-19T18:07:32.000Z,Kkkkkkkkkkkkkkkkkkkkkkkkkkkkkkkkkkkkkkkkkkkkkkkkkkkkkkkkkkkklkkkl........ Dallagnol na cadeia kkkkkkkkkk,0,0,0,https://twitter.com/AlencarBraga13/status/1659619069908140042
Alberto,@Almir27234533,https://twitter.com/Almir27234533/status/1659620581837266945,2023-05-19T18:02:35.000Z,Patético,0,0,1,https://twitter.com/AlencarBraga13/status/1659619069908140042
Cláudio Lira,@Claudiojets,https://twitter.com/Claudiojets/status/1659624289866268681,2023-05-19T18:17:19.000Z,Kķkkkkkkkkkkkkkkkkk,0,0,0,https://twitter.com/AlencarBraga13/status/1659619069908140042
Mirian,@MirianC80357535,https://twitter.com/MirianC80357535/status/1659646195537420302,2023-05-19T19:44:22.000Z,Que decadência 😂 😂😂😂,0,0,0,https://twitter.com/AlencarBraga13/status/1659619069908140042
TWITTANDO VERSOS,@PoetaEsquerda,https://twitter.com/PoetaEsquerda/status/1659631082923278353,2023-05-19T18:44:19.000Z,O carro do ovo atrai mais gente.,0,0,2,https://twitter.com/AlencarBraga13/status/1659619069908140042
Carlos H Souza,@CarloschssouzaH,https://twitter.com/CarloschssouzaH/status/1659626210387738649,2023-05-19T18:24:57.000Z,Parece que além de @deltanmd e familicia só promotores.,0,0,0,https://twitter.com/AlencarBraga13/status/1659619069908140042
Karina Lima,@KarinaL47277654,https://twitter.com/KarinaL47277654/status/1659624298275909632,2023-05-19T18:17:21.000Z,😂😂😂😂😂😂,0,0,1,https://twitter.com/AlencarBraga13/status/1659619069908140042
Miguel Barbosa Dos Santos,@Miguelganchon,https://twitter.com/Miguelganchon/status/1662382121929809920,2023-05-27T08:55:58.000Z,😂😂😂😂😂😂😂,0,0,0,https://twitter.com/AlencarBraga13/status/1659619069908140042
joana teresa,@joanaouteresa,https://twitter.com/joanaouteresa/status/1659630795772837912,2023-05-19T18:43:10.000Z,"Impressionada como esse moço Dallagnol não sabe o que é a justiça!
É um menino rico e mimado!!!",0,0,4,https://twitter.com/AlencarBraga13/status/1659619069908140042
Sanai Matsuzaki,@sanai_nai,https://twitter.com/sanai_nai/status/1659657801033981998,2023-05-19T20:30:29.000Z,"Esse aí  atrapalhando  o trânsito. Perdeu mané,  não amola.",0,0,0,https://twitter.com/AlencarBraga13/status/1659619069908140042
Maria Eduarda Garcia,@mduda4,https://twitter.com/mduda4/status/1659620480184090624,2023-05-19T18:02:11.000Z,Mico total!,0,0,0,https://twitter.com/AlencarBraga13/status/1659619069908140042
Fábio Réner de Sousa Réner,@rener_fabio,https://twitter.com/rener_fabio/status/1659624435500892170,2023-05-19T18:17:54.000Z,Kkkkkkk,0,0,0,https://twitter.com/AlencarBraga13/status/1659619069908140042
Josimar Dantas,@JosimarDantas6,https://twitter.com/JosimarDantas6/status/1659633538184953869,2023-05-19T18:54:04.000Z,#DALTANNACADEIA,0,0,0,https://twitter.com/AlencarBraga13/status/1659619069908140042
Fernando Hoffmann Fr,@FH_Hoffmann,https://twitter.com/FH_Hoffmann/status/1659664059497676806,2023-05-19T20:55:21.000Z,"Isso mesmo deputado!
Vamos pacíficar o país do seu modo!
Tem tudo para dar certo, não acha?",0,0,0,https://twitter.com/AlencarBraga13/status/1659619069908140042
Carlos Candiani,@CarlosCandiani1,https://twitter.com/CarlosCandiani1/status/1659621778656747520,2023-05-19T18:07:20.000Z,#DeltanCassado #DeltanFlopou,0,0,0,https://twitter.com/AlencarBraga13/status/1659619069908140042
Marco Ferri,@m4rcof3rr1,https://twitter.com/m4rcof3rr1/status/1659621480198557696,2023-05-19T18:06:09.000Z,Nesta caixinha tem mais prestígio que o Deltan.,0,0,0,https://twitter.com/AlencarBraga13/status/1659619069908140042
Andre Torres,@AndreTo17372471,https://twitter.com/AndreTo17372471/status/1659665866164666380,2023-05-19T21:02:32.000Z,Esse ladrão pensa que enganar alguém mas. Cadeia pro DD.,0,0,0,https://twitter.com/AlencarBraga13/status/1659619069908140042
Eduardo,@Eduthethruth,https://twitter.com/Eduthethruth/status/1659761902258405377,2023-05-20T03:24:09.000Z,Calma ... Calma ..,0,0,0,https://twitter.com/AlencarBraga13/status/1659619069908140042
Luza,@LuzaCosta59,https://twitter.com/LuzaCosta59/status/1659635135757557773,2023-05-19T19:00:25.000Z,😂😂😂😂😂😂😂😂😂😂,0,0,0,https://twitter.com/AlencarBraga13/status/1659619069908140042
Rolando Lero da Depressão,@Rolando39983921,https://twitter.com/Rolando39983921/status/1659628926547705867,2023-05-19T18:35:45.000Z,😂😂😂😂😂😂😂😂😂😂😂😂😂😂😂,0,0,0,https://twitter.com/AlencarBraga13/status/1659619069908140042
Marisa victorio da silva,@victorio_marisa,https://twitter.com/victorio_marisa/status/1659643311697670144,2023-05-19T19:32:54.000Z,Parou Curitiba a mega carreata.🤣 Capaz de atrapalhar o trânsito.🤣🤣,0,0,0,https://twitter.com/AlencarBraga13/status/1659619069908140042
Bozoroca Arrependida de Volta,@janalula72,https://twitter.com/janalula72/status/1659619892448903178,2023-05-19T17:59:51.000Z,Tô chocada 😁,0,0,0,https://twitter.com/AlencarBraga13/status/1659619069908140042
Samuel Parente,@SamuelParente7,https://twitter.com/SamuelParente7/status/1659626400993689617,2023-05-19T18:25:43.000Z,Esses bandidos ainda usam de forma arbitrária dinheiro público usando escolta da Policia Militar????? A PM de Curitiba não tem o que fazer????? Ou fazem este tipo de coisa pra qualquer pessoa??? Esses políticos rasgam o dinheiro público!!! 349.000 PESSOAS????!!!!,0,0,0,https://twitter.com/AlencarBraga13/status/1659619069908140042
