nome,usuario,idTweet,dataPublicacao,texto,replies,retweets,likes,tweetPai
Lupsi@ Alma grata exala paz . DM,Lupsi@ Alma grata exala paz,https://twitter.com/LucenirRodrigu8/status/1659553659493965825,2023-05-19T13:36:40.000Z,"Foi aprovado o valor de 600 reais do Auxílio Brasil?
Câmara aprova crédito extra para manter o benefício mínimo em R$ 600; texto segue para o Senado. O Auxílio Brasil pode manter em 2023 os R$ 600 de benefício mínimo após aprovação de um conjunto de medidas provisórias (MPs).",0,0,0,https://twitter.com/AlencarBraga13/status/1659545863138557952
Republica das Picanhas,@RedBirdChurch,https://twitter.com/RedBirdChurch/status/1659548178490830848,2023-05-19T13:14:53.000Z,"E as picanha?
Nois quer as picanha que papai falou",0,0,0,https://twitter.com/AlencarBraga13/status/1659545863138557952
Jose Augusto Ferraz,@Jaferraz22,https://twitter.com/Jaferraz22/status/1659585005708771329,2023-05-19T15:41:13.000Z,"Parabéns presidente Lula, você sabe o que que é passar fome, coisa que burguesia a elite exploradora não conhecem, jamais vão preocupar-se com  pobreza miserável",0,1,0,https://twitter.com/AlencarBraga13/status/1659545863138557952
JChaves,@jchaves1111,https://twitter.com/jchaves1111/status/1659557822567182336,2023-05-19T13:53:12.000Z,"Cadê a picanha, mentiroso FDP??",0,0,0,https://twitter.com/AlencarBraga13/status/1659545863138557952
Marisa victorio da silva,@victorio_marisa,https://twitter.com/victorio_marisa/status/1659573791272345603,2023-05-19T14:56:39.000Z,Nunca se investiu tanto em distribuição de renda no Brasil - Mapadafome ⚖️🥣🥣🥣✔️O presidente @LulaOficial avisou desde o início que o seu objetivo é tirar o Brasil do Mapa da Fome. Nunca se investiu tanto em distribuição de renda no Brasil. O valor médio do Bolsa Família +,0,0,0,https://twitter.com/AlencarBraga13/status/1659545863138557952
Marisa victorio da silva,@victorio_marisa,https://twitter.com/victorio_marisa/status/1659574383055085571,2023-05-19T14:59:00.000Z,bateu record e chegou a R$ 672!  A mudança na vida do brasileiro está só começando.,0,0,0,https://twitter.com/AlencarBraga13/status/1659545863138557952
