nome,usuario,idTweet,dataPublicacao,texto,replies,retweets,likes,tweetPai
Marcos Baldassari Guardiano,@GuardianoMarcos,https://twitter.com/GuardianoMarcos/status/1660720473775153154,2023-05-22T18:53:10.000Z,Enquanto isso... a censura vai tomando conta!!,0,0,0,https://twitter.com/adriventurasp/status/1660712075193098244
André Passos,@AndrePa96023811,https://twitter.com/AndrePa96023811/status/1660750709304840192,2023-05-22T20:53:19.000Z,"Teu ""PEQUENA"" ficou muito mal colocado. Dupla interpretação",0,0,1,https://twitter.com/adriventurasp/status/1660712075193098244
Rogério B.S patriota 4,@BardenRogerio,https://twitter.com/BardenRogerio/status/1660763845042880512,2023-05-22T21:45:30.000Z,"Vou repetir quantas vezes forem necessário, enquanto tivermos vagabundos indicados para o STF o congresso nacional não serve par bosta nenhuma, só dá prejuízo para o pagador de impostos. Ministro do STF tem que ser juiz concursado ter carreira, no mínimo 10 anos, e ter mandato.",0,0,0,https://twitter.com/adriventurasp/status/1660712075193098244
Leandro Coutinho,@lecoteco,https://twitter.com/lecoteco/status/1660727197575925776,2023-05-22T19:19:53.000Z,ANÁLISE JURÍDICA ESPECIALIZADA DO CASO DE LÉO LINS!https://falacoutinho.blogspot.com/2023/05/analise-juridica-espevializada-do-caso.html…,0,0,0,https://twitter.com/adriventurasp/status/1660712075193098244
