nome,usuario,idTweet,dataPublicacao,texto,replies,retweets,likes,tweetPai
Valeria Moro,@Valeria_Moro_,https://twitter.com/Valeria_Moro_/status/1660765705757683720,2023-05-22T21:52:54.000Z,"Que absurdo, desgoverno da vergonha",0,0,0,https://twitter.com/adriventurasp/status/1660744843243712512
tica,@TicaTicabvieira,https://twitter.com/TicaTicabvieira/status/1660951775199780868,2023-05-23T10:12:16.000Z,"Oxe, agora o Novo quer proibir a atuação do Procon 🤣😜",0,0,0,https://twitter.com/adriventurasp/status/1660744843243712512
Mordomia_SC,@MORDOMIA_SC,https://twitter.com/MORDOMIA_SC/status/1660759667918684163,2023-05-22T21:28:54.000Z,PROCON serve pra isso. Acabar com os cartéis e abusos. Os preços tem que ser justos.,0,0,0,https://twitter.com/adriventurasp/status/1660744843243712512
Fim do Foro,@alopespedrosa,https://twitter.com/alopespedrosa/status/1660770693032841216,2023-05-22T22:12:43.000Z,"Temos um @SenadoFederal e uma @camaradeputados acovardados! Isso é ditadura, acordem!",0,0,0,https://twitter.com/adriventurasp/status/1660744843243712512
Rogério B.S patriota 4,@BardenRogerio,https://twitter.com/BardenRogerio/status/1660763227410812928,2023-05-22T21:43:03.000Z,"Vou repetir quantas vezes forem necessário, enquanto tivermos vagabundos indicados para o STF o congresso nacional não serve par bosta nenhuma, só dá prejuízo para o pagador de impostos. Ministro do STF tem que ser juiz concursado ter carreira, no mínimo 10 anos, e ter mandato.",0,0,0,https://twitter.com/adriventurasp/status/1660744843243712512
