nome,usuario,idTweet,dataPublicacao,texto,replies,retweets,likes,tweetPai
Antonio A,@Antonio3064,https://twitter.com/Antonio3064/status/1660777019536207874,2023-05-22T22:37:51.000Z,"O Arcabouço Fiscal não pode passar.   Ainda mais agora em regime de urgência, sem discussão, sem entendimento.
A reforma tributária idem.  Vai prejudicar a maioria.  Há que discutir amplamente com a sociedade.",0,0,0,https://twitter.com/adriventurasp/status/1660775041511092226
tica,@TicaTicabvieira,https://twitter.com/TicaTicabvieira/status/1660954284404424705,2023-05-23T10:22:15.000Z,"Oxe, depois de 509 anos da direita no poder, vc ficou com pressa agora? 🤣🤪",0,0,0,https://twitter.com/adriventurasp/status/1660775041511092226
Jonas Manzzoni PETISTAS NA CADEIA,@JonnasMusk,https://twitter.com/JonnasMusk/status/1660998826218647554,2023-05-23T13:19:14.000Z,"Se for esse arcabouço anal do PT, melhor que passe séculos sem ser votada mesmo, Adriana!",0,0,1,https://twitter.com/adriventurasp/status/1660775041511092226
