nome,usuario,idTweet,dataPublicacao,texto,replies,retweets,likes,tweetPai
pablomonteirorj,@pmachadoeua,https://twitter.com/pmachadoeua/status/1661809064911962112,2023-05-25T18:58:50.000Z,Volta pro Flamengo !!!,0,0,0,https://twitter.com/mello_bandeira/status/1661744073835937801
Everton,@Everton74038853,https://twitter.com/Everton74038853/status/1663078024554618880,2023-05-29T07:01:14.000Z,"Volta para o Flamengo mano.
Se candidatar plmmm de Deus.",0,0,0,https://twitter.com/mello_bandeira/status/1661744073835937801
Lecao Jones,@LecaoJones,https://twitter.com/LecaoJones/status/1661783045395951621,2023-05-25T17:15:27.000Z,Pelo amor de Deus volto logo o @Flamengo está voltando diretamente ao buraco 🕳️,0,0,0,https://twitter.com/mello_bandeira/status/1661744073835937801
Gustavo Bruno,@1GustavoBruno,https://twitter.com/1GustavoBruno/status/1661747084322807812,2023-05-25T14:52:33.000Z,"Presidente sei que era meta de vida você se candidatar, você com todos os méritos conseguiu isso. Agora o Flamengo precisa muito de você, é obrigação a sua candidatura a presidente pra 2024. Chega de Rodolfo Landim e suas mazelas que estão detonando o clube.",0,0,0,https://twitter.com/mello_bandeira/status/1661744073835937801
