nome,usuario,idTweet,dataPublicacao,texto,replies,retweets,likes,tweetPai
Evandro Brito,@Evandro91025977,https://twitter.com/Evandro91025977/status/1661740055130669057,2023-05-25T14:24:37.000Z,Parabéns deputado pela a sua coragem precisamos erradicar esse MST e os seus financiadores.,0,0,1,https://twitter.com/Alfredogaspar_/status/1661113936828088323
Francisco Omena,@omena_francisco,https://twitter.com/omena_francisco/status/1661159663922995202,2023-05-23T23:58:21.000Z,Siga firme Deputado. Precisamos erradicar esse MST e seus financiadores.,0,0,1,https://twitter.com/Alfredogaspar_/status/1661113936828088323
Jamerson,@jamersonbolso22,https://twitter.com/jamersonbolso22/status/1661119689987178500,2023-05-23T21:19:30.000Z,Parabéns!!!! Alagoas respira,0,0,1,https://twitter.com/Alfredogaspar_/status/1661113936828088323
Silvana Maria,@Silvana60499731,https://twitter.com/Silvana60499731/status/1661156041848143872,2023-05-23T23:43:57.000Z,Parabéns Deputado o senhor nos orgulha representando Alagoas. 👏👏👏👏👏👏👏👏,0,0,1,https://twitter.com/Alfredogaspar_/status/1661113936828088323
Marcelo,@MarceloGonSilva,https://twitter.com/MarceloGonSilva/status/1662616976798228481,2023-05-28T00:29:11.000Z,Parabéns Deputado. Sou do RJ. Força e bênçãos no vosso trabalho.🇧🇷♥️💯,0,0,0,https://twitter.com/Alfredogaspar_/status/1661113936828088323
Henrique G. Junior,@grionjunior,https://twitter.com/grionjunior/status/1662193433782497283,2023-05-26T20:26:11.000Z,"Parabéns deputado!
Sou paulista e achei fantástica dia fala na Comissão.
Com essa gente que joga baixo, temos que jogar igual.",0,0,1,https://twitter.com/Alfredogaspar_/status/1661113936828088323
oGrito,@mineiroinveste,https://twitter.com/mineiroinveste/status/1661156385172901888,2023-05-23T23:45:19.000Z,Vai convocar quem deputado ?,0,0,0,https://twitter.com/Alfredogaspar_/status/1661113936828088323
Joel000016,@Joel0000161,https://twitter.com/Joel0000161/status/1661114346808680469,2023-05-23T20:58:16.000Z,Parabéns deputado,0,0,1,https://twitter.com/Alfredogaspar_/status/1661113936828088323
Felipe Campos,@Betaum34757705,https://twitter.com/Betaum34757705/status/1661429183774425101,2023-05-24T17:49:19.000Z,Votou a favor do arcabouço fiscal???,0,0,1,https://twitter.com/Alfredogaspar_/status/1661113936828088323
Desmentindo os Canhotos,@Cristia85545350,https://twitter.com/Cristia85545350/status/1661379985565798405,2023-05-24T14:33:50.000Z,Parabéns por defender o país!,0,0,0,https://twitter.com/Alfredogaspar_/status/1661113936828088323
Luiza-,@luyzzag,https://twitter.com/luyzzag/status/1661160346889998337,2023-05-24T00:01:04.000Z,Parabéns deputado,0,0,1,https://twitter.com/Alfredogaspar_/status/1661113936828088323
Luciano Oliveira - em DEUS eu acredito!!!,@LucianoOF9,https://twitter.com/LucianoOF9/status/1662207314525315074,2023-05-26T21:21:20.000Z,Obrigado Deputado. Vi um vídeo do senhor em que arrasou com a esquerdalha em um discurso na cpi. Contamos com o senhor. Deus o abençoe.,0,0,0,https://twitter.com/Alfredogaspar_/status/1661113936828088323
