nome,usuario,idTweet,dataPublicacao,texto,replies,retweets,likes,tweetPai
Flávia Leão,@FlviaLeo16,https://twitter.com/FlviaLeo16/status/1661510761774997514,2023-05-24T23:13:29.000Z,"Parabéns André, não se dobre.👏👏👏",2,1,37,https://twitter.com/andrefernm/status/1661510470044360706
Ralph,@Ralph_Brazil,https://twitter.com/Ralph_Brazil/status/1661511949509709824,2023-05-24T23:18:12.000Z,"Parabéns pela sua posição, deputado @andrefernm. Sigamos firmes pelo nosso Brasil! 🇧🇷",2,0,5,https://twitter.com/andrefernm/status/1661510470044360706
Bena,@Silve1Benevalda,https://twitter.com/Silve1Benevalda/status/1661515020650307584,2023-05-24T23:30:25.000Z,Você é orgulho pro Brasil!!!!,3,0,0,https://twitter.com/andrefernm/status/1661510470044360706
Carol Comper,@carolcomper,https://twitter.com/carolcomper/status/1661673399322660866,2023-05-25T09:59:45.000Z,"Esses nomes que votaram contra vai ser o mandato todo votando contra o governo, não importa o que seja. Se for uma proposta de ajudar crianças com câncer os caras vão dar um jeito de achar contrapartida e votar não kkkkkkkkkk anotem",0,0,4,https://twitter.com/andrefernm/status/1661510470044360706
MÃEMônica,@monicazpaes,https://twitter.com/monicazpaes/status/1661511009276923904,2023-05-24T23:14:28.000Z,"É uma pena , perdermos a confiança nos candidatos! Muitos estão usando o nome do JMB",1,1,1,https://twitter.com/andrefernm/status/1661510470044360706
𝐀𝐧𝐭𝐢𝐟𝐚 𝐍𝐚𝐭𝐮𝐫𝐚𝐥𝐦𝐞𝐧𝐭𝐞 𝐆𝐚𝐭𝐚,@CantiiSandra,https://twitter.com/CantiiSandra/status/1661903487133704193,2023-05-26T01:14:02.000Z,"Votou contra a saúde e educação 
Tem orgulho disso?",2,2,36,https://twitter.com/andrefernm/status/1661510470044360706
RicVJ,@drricvjunq,https://twitter.com/drricvjunq/status/1661515999424774145,2023-05-24T23:34:18.000Z,"E somente um, com certeza, estava bem depilado no ânus.",1,0,2,https://twitter.com/andrefernm/status/1661510470044360706
Antifascismo não é radicalismo,@vermelhos_sim,https://twitter.com/vermelhos_sim/status/1661922372536942592,2023-05-26T02:29:05.000Z,Votou com  o cy depilado?,2,1,27,https://twitter.com/andrefernm/status/1661510470044360706
lisandra oliveira,@LisandraDuda,https://twitter.com/LisandraDuda/status/1661511049563054080,2023-05-24T23:14:38.000Z,Parabéns,1,0,1,https://twitter.com/andrefernm/status/1661510470044360706
Solange Athayde,@SolAthayde,https://twitter.com/SolAthayde/status/1661511634601275399,2023-05-24T23:16:57.000Z,Uma pergunta qual foi a dos partidos de oposição votarem a favor de liberar mais dinheiro para Lula? essa oposição pra mim está fraca e medrosa,4,0,0,https://twitter.com/andrefernm/status/1661510470044360706
LIICIUS.OCHS,@LiiciusR,https://twitter.com/LiiciusR/status/1661920223774089221,2023-05-26T02:20:32.000Z,Que bom... Assim as pessoas que votaram no senhor ficará sabendo que vc tentou atrapalhar a melhoria do povo brasileiro em especial o cearense,0,0,0,https://twitter.com/andrefernm/status/1661510470044360706
Marcia Santtos,@MarciaSanttos12,https://twitter.com/MarciaSanttos12/status/1661741508012425218,2023-05-25T14:30:23.000Z,"Esse aí,tem tantas responsabilidades .Mas não as cumpre.",0,0,0,https://twitter.com/andrefernm/status/1661510470044360706
Tarcizo Filho,@Tarcizobm,https://twitter.com/Tarcizobm/status/1661773122377330709,2023-05-25T16:36:01.000Z,"Deputado, parabéns pelo gesto, mas não resolveu. O senhor tem que convencer os pouco mais de 100 deputados verdadeiramente de Direita, a obstruir tudo aquilo que vier do governo. 100 deputados unidos conseguem tudo o que quiserem.",0,0,0,https://twitter.com/andrefernm/status/1661510470044360706
Eliseu D Barbosa,@EliseuDBarbosa2,https://twitter.com/EliseuDBarbosa2/status/1661621477093920769,2023-05-25T06:33:26.000Z,“Parabéns por sua oposição”!! Veja o conteúdo da resposta dos caras!!! Kkkkkkkkkkkk que LIMITADOS!!!,0,0,0,https://twitter.com/andrefernm/status/1661510470044360706
Praguinha,@Praguinha0001,https://twitter.com/Praguinha0001/status/1661684908320870402,2023-05-25T10:45:29.000Z,Parabéns Deputado! 👏🏻👏🏻👏🏻👏🏻,0,0,0,https://twitter.com/andrefernm/status/1661510470044360706
Leandro B,@LeandroBenici19,https://twitter.com/LeandroBenici19/status/1661703329871720450,2023-05-25T11:58:41.000Z,Não ! Você votou contra ? Não acredito!!! Que surpresa 😱,0,0,0,https://twitter.com/andrefernm/status/1661510470044360706
Claudio,@claudioferraz23,https://twitter.com/claudioferraz23/status/1661566388043907073,2023-05-25T02:54:31.000Z,👏👏👏,0,0,0,https://twitter.com/andrefernm/status/1661510470044360706
Eduardo Rodrigo Santana,@Edu_Microsol,https://twitter.com/Edu_Microsol/status/1661511728587210753,2023-05-24T23:17:20.000Z,Obg ! Estamos juntos,1,0,0,https://twitter.com/andrefernm/status/1661510470044360706
correiadalmeida,@LBushpox,https://twitter.com/LBushpox/status/1661557514247208962,2023-05-25T02:19:16.000Z,Eo depilado?,1,0,1,https://twitter.com/andrefernm/status/1661510470044360706
Alexander de Andrade,@AlexanderGrifon,https://twitter.com/AlexanderGrifon/status/1661950031270690821,2023-05-26T04:18:59.000Z,"Então, você acabou de admitir que não dá a mínima para a saúde, educação e tudo de que o povo tanto necessita?",0,0,1,https://twitter.com/andrefernm/status/1661510470044360706
Paz na Terra!,@paznaterra123,https://twitter.com/paznaterra123/status/1661513535518568448,2023-05-24T23:24:30.000Z,Dias difíceis!,0,0,1,https://twitter.com/andrefernm/status/1661510470044360706
Pedroh,@Pedro43729550,https://twitter.com/Pedro43729550/status/1661565478953795584,2023-05-25T02:50:55.000Z,Parabéns a vc e aos demais que votaram contra. @CostaNetoPL tem que explicar esse número alto de parlamentares do PL que votaram a favor. Não justifica encher o partido de pessoas que na ora de representar a população faz o que fizeram ontem.,0,0,1,https://twitter.com/andrefernm/status/1661510470044360706
Quer pastel?,@lipedapapelaria,https://twitter.com/lipedapapelaria/status/1661697622497808388,2023-05-25T11:36:00.000Z,e o boga raspadinho?,0,0,1,https://twitter.com/andrefernm/status/1661510470044360706
Ale Silva,@Aleoliveirashr,https://twitter.com/Aleoliveirashr/status/1661511621846474754,2023-05-24T23:16:54.000Z,#FOCONACPMI,0,0,2,https://twitter.com/andrefernm/status/1661510470044360706
𝕽𝖎𝖇𝖆𝖘 𝕱𝖎𝖑𝖍𝖔,@profribasfilho,https://twitter.com/profribasfilho/status/1661512237746364418,2023-05-24T23:19:21.000Z,Mas o PL deu 40 votos kkkkkkkkkkk,0,0,2,https://twitter.com/andrefernm/status/1661510470044360706
Eliseu D Barbosa,@EliseuDBarbosa2,https://twitter.com/EliseuDBarbosa2/status/1661621063518674944,2023-05-25T06:31:47.000Z,Que pobreza se espírito,0,0,2,https://twitter.com/andrefernm/status/1661510470044360706
Paulo André,@pauloalvatti,https://twitter.com/pauloalvatti/status/1661831521597005840,2023-05-25T20:28:04.000Z,E qual sua proposta? Vai apresentar alguma alternativa?,0,0,1,https://twitter.com/andrefernm/status/1661510470044360706
JD,@JDomingues_47,https://twitter.com/JDomingues_47/status/1662141529048203268,2023-05-26T16:59:56.000Z,Grande coisa? Vou comemorar quando a justiça determinar a sua Cassação.,0,0,0,https://twitter.com/andrefernm/status/1661510470044360706
Nancy Carrara,@NancyCarrara,https://twitter.com/NancyCarrara/status/1661539092926984194,2023-05-25T01:06:04.000Z,👏👏,0,0,0,https://twitter.com/andrefernm/status/1661510470044360706
Arnaldo Camilo JPA78,@ArnaldoCamilo5,https://twitter.com/ArnaldoCamilo5/status/1662137612423790592,2023-05-26T16:44:22.000Z,E de raspar o toba vc sente mais orgulho ainda,0,0,0,https://twitter.com/andrefernm/status/1661510470044360706
nina do pt,@ninadopt13,https://twitter.com/ninadopt13/status/1662083949772824584,2023-05-26T13:11:08.000Z,"Adoro ver quando se pede e recebe , igual vc pediu e receberá 08/01   . Uma x mané, sempre mané",0,0,0,https://twitter.com/andrefernm/status/1661510470044360706
Adriana,@Adriana89341558,https://twitter.com/Adriana89341558/status/1661780272277336079,2023-05-25T17:04:25.000Z,Quem foram os outros dois deputado?,0,0,0,https://twitter.com/andrefernm/status/1661510470044360706
Bob The Bomb,@Quaseboomer,https://twitter.com/Quaseboomer/status/1661536260869980161,2023-05-25T00:54:49.000Z,"Faz um tutorial, raspa tudo isso aí p nois!",0,0,0,https://twitter.com/andrefernm/status/1661510470044360706
Azulão Azul,@AzuloAzul1,https://twitter.com/AzuloAzul1/status/1662011841743052803,2023-05-26T08:24:36.000Z,O Ceará produz muito humorista.,0,0,0,https://twitter.com/andrefernm/status/1661510470044360706
Americo,@AmericoBezerra7,https://twitter.com/AmericoBezerra7/status/1661513028741808132,2023-05-24T23:22:30.000Z,Parabéns @andrefernm,0,0,0,https://twitter.com/andrefernm/status/1661510470044360706
Militante EAD,@fernand64794751,https://twitter.com/fernand64794751/status/1661645197787234306,2023-05-25T08:07:41.000Z,Boneca do dino,0,0,0,https://twitter.com/andrefernm/status/1661510470044360706
"#50,90%",@Pacato_Cid,https://twitter.com/Pacato_Cid/status/1661938408057364480,2023-05-26T03:32:48.000Z,Fala raspa cool!!!!,0,0,1,https://twitter.com/andrefernm/status/1661510470044360706
Mario,@marioslater2,https://twitter.com/marioslater2/status/1661532807498280962,2023-05-25T00:41:05.000Z,"E eu, tenho orgulho dos outros deputados do Ceará…",0,0,4,https://twitter.com/andrefernm/status/1661510470044360706
Militante EAD,@fernand64794751,https://twitter.com/fernand64794751/status/1661645146847420417,2023-05-25T08:07:29.000Z,Raspa toba !,0,0,1,https://twitter.com/andrefernm/status/1661510470044360706
Pedro,@PedroVoge,https://twitter.com/PedroVoge/status/1661923586360090627,2023-05-26T02:33:54.000Z,Tic tac 😂,0,0,1,https://twitter.com/andrefernm/status/1661510470044360706
Alex Alan,@lekssantos,https://twitter.com/lekssantos/status/1661514336349691905,2023-05-24T23:27:41.000Z,Melhor rasgar o título....,3,2,16,https://twitter.com/andrefernm/status/1661510470044360706
Lemão Assoni,@lemaoassoni,https://twitter.com/lemaoassoni/status/1661528622836989960,2023-05-25T00:24:28.000Z,"Dino gostaria de trocar uma ideia com vc, kkkkkkkkkk",0,0,3,https://twitter.com/andrefernm/status/1661510470044360706
Heroneide,@heroneidecruz,https://twitter.com/heroneidecruz/status/1661526550943072265,2023-05-25T00:16:14.000Z,"@andrefernm, o que houve com os deputados do partido?",0,0,3,https://twitter.com/andrefernm/status/1661510470044360706
Ed,@Ed23727691,https://twitter.com/Ed23727691/status/1661510619932106754,2023-05-24T23:12:55.000Z,O q esperar dos políticos nordestinos?🤔,1,0,1,https://twitter.com/andrefernm/status/1661510470044360706
Lucas Fukuda,@LucasFukuda,https://twitter.com/LucasFukuda/status/1661869504773738508,2023-05-25T22:59:00.000Z,👍👍,0,0,0,https://twitter.com/andrefernm/status/1661510470044360706
fala turminha,@Robson52586138,https://twitter.com/Robson52586138/status/1661527262414487554,2023-05-25T00:19:03.000Z,Novidade você se contra o Brasil,0,0,1,https://twitter.com/andrefernm/status/1661510470044360706
𝐀𝐧𝐭𝐢𝐟𝐚 𝐍𝐚𝐭𝐮𝐫𝐚𝐥𝐦𝐞𝐧𝐭𝐞 𝐆𝐚𝐭𝐚,@CantiiSandra,https://twitter.com/CantiiSandra/status/1661903876910350336,2023-05-26T01:15:35.000Z,Parabéns aos outros deputados do Ceará que realmente lutam pelo povo.,0,0,4,https://twitter.com/andrefernm/status/1661510470044360706
André Santos♡,@SantosSacerdote,https://twitter.com/SantosSacerdote/status/1661548893392216067,2023-05-25T01:45:00.000Z,Xandão te espera!,0,0,3,https://twitter.com/andrefernm/status/1661510470044360706
comunisto de Xiaomi,@BarbaMarcio,https://twitter.com/BarbaMarcio/status/1661540244083073029,2023-05-25T01:10:38.000Z,Amanhã começa a Cpmi que vocês tanto queriam,0,0,1,https://twitter.com/andrefernm/status/1661510470044360706
SILVANA MARIA DE OLIVEIRA,@SILVANA29098565,https://twitter.com/SILVANA29098565/status/1661704750805532676,2023-05-25T12:04:20.000Z,"Vc nem sabe o que é

Votou para ser do contra!",0,0,1,https://twitter.com/andrefernm/status/1661510470044360706
Rejane,@RejaneP26168654,https://twitter.com/RejaneP26168654/status/1661551539536764928,2023-05-25T01:55:31.000Z,👍,3,0,11,https://twitter.com/andrefernm/status/1661510470044360706
Clau Santana Artes,@artes_clau,https://twitter.com/artes_clau/status/1661684488521359366,2023-05-25T10:43:49.000Z,"Ahhhhh, é sério?!
""Criaturaaaaa, vc se orgulhava de ensinar no YouTube, para o teu público tosco, a raspar o kool, ficando de cócoras sobre um espelho! kkkkkkkkkkkkkkkkkkkk...
Misericórdia, por aí já dá pra perceber seu ""bom senso"" pras coisas de fato importantes pro Brasil!",1,0,4,https://twitter.com/andrefernm/status/1661510470044360706
Helena Martins,@HelenaM11921279,https://twitter.com/HelenaM11921279/status/1661512384161120257,2023-05-24T23:19:56.000Z,"👏👏👏 Vc está arrasando em BSB, Conterrâneo. Amanhã começará a CPMI, presumo e Vc teve grande participação para que ela acontecesse. PARABÉNS!!",0,0,0,https://twitter.com/andrefernm/status/1661510470044360706
Fatima D. e S.,@FatimaDeS3,https://twitter.com/FatimaDeS3/status/1662234185442967554,2023-05-26T23:08:07.000Z,😂😂😂😂😂🤡🤡🤡🤡🤡,0,0,0,https://twitter.com/andrefernm/status/1661510470044360706
Jefferson Barros,@Jeffersonliraba,https://twitter.com/Jeffersonliraba/status/1661866423822557185,2023-05-25T22:46:46.000Z,"Ei moço, estão falando de ti aqui ó - 👀👀👀👉🏼👌🏼✅",0,0,2,https://twitter.com/andrefernm/status/1661510470044360706
lele_viana79,@LeandroViana79,https://twitter.com/LeandroViana79/status/1662032531082956805,2023-05-26T09:46:49.000Z,Ras,0,0,1,https://twitter.com/andrefernm/status/1661510470044360706
Maria Carm,@MariaCarm12,https://twitter.com/MariaCarm12/status/1661834898179596289,2023-05-25T20:41:29.000Z,Votou contra o país....,0,0,1,https://twitter.com/andrefernm/status/1661510470044360706
Joferlu - Meu para bolsonaristas e venturistas,@Jolufer1957,https://twitter.com/Jolufer1957/status/1661535296830177280,2023-05-25T00:50:59.000Z,O deputado Rapoku uma das vergonhas nacionais!,1,0,9,https://twitter.com/andrefernm/status/1661510470044360706
Luiza-,@luyzzag,https://twitter.com/luyzzag/status/1661524111917457410,2023-05-25T00:06:32.000Z,"Já eh um grande avanço, nordeste contra o lula eh raridade",2,0,0,https://twitter.com/andrefernm/status/1661510470044360706
"acabou, boa sorte...",@TaugyT,https://twitter.com/TaugyT/status/1661516327188586498,2023-05-24T23:35:36.000Z,Tá bom raspaku,0,0,6,https://twitter.com/andrefernm/status/1661510470044360706
Sávio Siqueira,@saviosiqueira,https://twitter.com/saviosiqueira/status/1661683750743187456,2023-05-25T10:40:53.000Z,"Parabéns, Rapakooo. Isso aí, trabalhando contra o país.",0,1,5,https://twitter.com/andrefernm/status/1661510470044360706
Ludicanti 2,@ludicanti,https://twitter.com/ludicanti/status/1662217511176376320,2023-05-26T22:01:51.000Z,For now.,0,0,0,https://twitter.com/andrefernm/status/1661510470044360706
Joh_ÀResistencia,@John_Love_Jesus,https://twitter.com/John_Love_Jesus/status/1661515199185027072,2023-05-24T23:31:07.000Z,Parabéns 👏,0,0,0,https://twitter.com/andrefernm/status/1661510470044360706
Mary,@Mary29077430,https://twitter.com/Mary29077430/status/1661524072679833601,2023-05-25T00:06:23.000Z,Espero que não passe o arcabouço 🙌🏼,0,0,0,https://twitter.com/andrefernm/status/1661510470044360706
Divalson,@Divalson6,https://twitter.com/Divalson6/status/1662199634880610305,2023-05-26T20:50:49.000Z,Tic tac sua hora tá chegando a CPI já começou,0,0,0,https://twitter.com/andrefernm/status/1661510470044360706
Hélio Mariz,@heliomariz,https://twitter.com/heliomariz/status/1661654983127728128,2023-05-25T08:46:34.000Z,PL deu mais voto que o Psol,0,0,0,https://twitter.com/andrefernm/status/1661510470044360706
Suelia Santos,@SueliaSantos7,https://twitter.com/SueliaSantos7/status/1661515065500024832,2023-05-24T23:30:35.000Z,"O senhor está deputado. Mas vai ter que explicar ao @STF_oficial o post de apoio aos atos de 08 de janeiro @TSEjusbr @stf@camaradeputados 
???????????",0,0,0,https://twitter.com/andrefernm/status/1661510470044360706
Irmã Maria RITA Moreira patriota,@IrmMariaRita,https://twitter.com/IrmMariaRita/status/1661513263039774720,2023-05-24T23:23:25.000Z,Parabéns  para vcs deputados  DEUS  ABENÇOE,0,0,0,https://twitter.com/andrefernm/status/1661510470044360706
Signum Freud,@FreudSignum,https://twitter.com/FreudSignum/status/1661556551554060288,2023-05-25T02:15:26.000Z,"Parabéns e obrigado, Deputado!!!👏👏🤝🤝🤝👊",0,0,0,https://twitter.com/andrefernm/status/1661510470044360706
Luiz,@Luizzcorreaa,https://twitter.com/Luizzcorreaa/status/1661545179268956160,2023-05-25T01:30:15.000Z,"É a falta do partido de direita do Brasil realmente de direita, esses pseudos direita não tem unidade👍",0,0,0,https://twitter.com/andrefernm/status/1661510470044360706
LUMAGALHÃES,@LourdesMag4676,https://twitter.com/LourdesMag4676/status/1661516583766839302,2023-05-24T23:36:37.000Z,Juntinhos com o Psol 🤣🤣,0,0,0,https://twitter.com/andrefernm/status/1661510470044360706
Charles ASF,@CharlesASsF,https://twitter.com/CharlesASsF/status/1661512244096643075,2023-05-24T23:19:23.000Z,Blz Raspa-raspa,0,0,0,https://twitter.com/andrefernm/status/1661510470044360706
Denis Márcio,@DenisMrcio1,https://twitter.com/DenisMrcio1/status/1661558077844226049,2023-05-25T02:21:30.000Z,"Aí como esse cara não quer q o Brasil evolua quer parar tudo do governo quem perde é vc brasileiro. Com esse arcabouso teria mais investimento e saúde, melhorar as escolas mais projetos de governo que iria beneficiar a população",0,0,1,https://twitter.com/andrefernm/status/1661510470044360706
Jeffedomingues,@Jeffedomingues2,https://twitter.com/Jeffedomingues2/status/1661647671910711297,2023-05-25T08:17:31.000Z,"Parabéns aos envolvidos
Um cara que foi eleito por rasparoku só podia dar nessa merda mesmo",0,1,6,https://twitter.com/andrefernm/status/1661510470044360706
Elias Abensur,@EliasAbensur,https://twitter.com/EliasAbensur/status/1661679713767550978,2023-05-25T10:24:50.000Z,Tu entendes muito é de raspar o 👌.,0,1,5,https://twitter.com/andrefernm/status/1661510470044360706
David Luiz costasena,@juliobh2125,https://twitter.com/juliobh2125/status/1661523188210102272,2023-05-25T00:02:52.000Z,Se o Lula achar petróleo no asfalto vcs falaram que é ruim mais isso tem um nome ... 😂😂😂,0,0,4,https://twitter.com/andrefernm/status/1661510470044360706
MarquesJr,@nanoguardbrasil,https://twitter.com/nanoguardbrasil/status/1661833938585657355,2023-05-25T20:37:40.000Z,Vc não tem a menor noção do que está falando.,0,0,2,https://twitter.com/andrefernm/status/1661510470044360706
Sidneyac,@cearocaamazone1,https://twitter.com/cearocaamazone1/status/1661511219923103745,2023-05-24T23:15:18.000Z,Cabra arrochado cearense. Aqui no Amazonas não temos nenhum deputado do seu naipe.,0,0,1,https://twitter.com/andrefernm/status/1661510470044360706
Luci_neide,@LuciaSi47327441,https://twitter.com/LuciaSi47327441/status/1661516663588548612,2023-05-24T23:36:56.000Z,"O @plnacional_ DEVERIA SER ENÉRGICO E EXPULSAR ESSES DEPUTADOS CABRA SAFADO TRAIDORES, NÃO SERVE PRA AJUDAR O PAÍS 🤡🤡🤡🤡🤷‍♀️",0,0,0,https://twitter.com/andrefernm/status/1661510470044360706
Vinicius Aigueira,@VAigueira,https://twitter.com/VAigueira/status/1661514456466182144,2023-05-24T23:28:10.000Z,"Muitos do PL também votaram a favor  !!

Merecem ser expulsos do P.L  !!",0,0,0,https://twitter.com/andrefernm/status/1661510470044360706
Iraja Felipe,@felipe_iraja,https://twitter.com/felipe_iraja/status/1661692738004197378,2023-05-25T11:16:36.000Z,Tic...tac...,0,0,0,https://twitter.com/andrefernm/status/1661510470044360706
Gilmar Silva,@Gilmero,https://twitter.com/Gilmero/status/1661512781865050114,2023-05-24T23:21:31.000Z,É muito orgulho.,0,0,0,https://twitter.com/andrefernm/status/1661510470044360706
Xavi Lima,@XaviLima5,https://twitter.com/XaviLima5/status/1662434224245207040,2023-05-27T12:23:00.000Z,Roberto Campos elogiou o Arcabouço! É o que interessa,0,0,0,https://twitter.com/andrefernm/status/1661510470044360706
Iraja Felipe,@felipe_iraja,https://twitter.com/felipe_iraja/status/1663558826916990976,2023-05-30T14:51:46.000Z,Tic...tac..tic..tac,0,0,0,https://twitter.com/andrefernm/status/1661510470044360706
Fabio Campos,@fabiocampos0813,https://twitter.com/fabiocampos0813/status/1662338590465044482,2023-05-27T06:02:59.000Z,🤦‍♂️ CARA VC TÁ F…..,0,0,0,https://twitter.com/andrefernm/status/1661510470044360706
Goo...,@drigo_gu,https://twitter.com/drigo_gu/status/1662256681798041600,2023-05-27T00:37:30.000Z,https://twitter.com/abocadelobo/status/1662249345834426369?t=mWKzjPau9qnrhH93Zj200Q&s=19…Kkkkkkkkkk,0,0,0,https://twitter.com/andrefernm/status/1661510470044360706
Jwls,@Jwls28835440,https://twitter.com/Jwls28835440/status/1661846594986074115,2023-05-25T21:27:58.000Z,Você é o chorume do ser humano,0,0,2,https://twitter.com/andrefernm/status/1661510470044360706
JAULA A JAIR,@JAULA_A_JAIR,https://twitter.com/JAULA_A_JAIR/status/1662184652319146006,2023-05-26T19:51:17.000Z,"Papuda te espera, André",0,0,0,https://twitter.com/andrefernm/status/1661510470044360706
JDPT190353,@JDPT190353,https://twitter.com/JDPT190353/status/1661845548113047555,2023-05-25T21:23:48.000Z,É ARCABOUÇO analfabeto. Calabouço é pra onde você vai com o rabinho raspado.,0,0,0,https://twitter.com/andrefernm/status/1661510470044360706
golpista nunca mais,@bet365futebol,https://twitter.com/bet365futebol/status/1662246189415145472,2023-05-26T23:55:49.000Z,💎💎💎💎💎💎💎,0,0,0,https://twitter.com/andrefernm/status/1661510470044360706
