nome,usuario,idTweet,dataPublicacao,texto,replies,retweets,likes,tweetPai
Valéria Luqui,@Valeria_Luqui,https://twitter.com/Valeria_Luqui/status/1661555994306961410,2023-05-25T02:13:13.000Z,"Sra. Deputada Adriana, por que as empresas públicas e Agências Brasileiras não têm Código de Ética e Conduta, aliado com Governança robusta e um Compliance isento?
Urge um PL para regular!🆘🇧🇷",0,1,2,https://twitter.com/adriventurasp/status/1661492273442373633
Sandra Rosetti,@SandraRosetti2,https://twitter.com/SandraRosetti2/status/1661534848790536198,2023-05-25T00:49:12.000Z,😏,0,0,0,https://twitter.com/adriventurasp/status/1661492273442373633
somara,@somara19,https://twitter.com/somara19/status/1661748623863070721,2023-05-25T14:58:40.000Z,"O recebedor já morreu, mas alguém leva a grana",0,0,1,https://twitter.com/adriventurasp/status/1661492273442373633
brazuka pistola,@BrazukaPistola,https://twitter.com/BrazukaPistola/status/1661539419701272576,2023-05-25T01:07:22.000Z,"A causa "" deltan"" é justa... mas ao aliar-se ao MBL... ferrou tudo.. ! Sai daí deputada!! Mbl NAO!",0,0,0,https://twitter.com/adriventurasp/status/1661492273442373633
brazuka pistola,@BrazukaPistola,https://twitter.com/BrazukaPistola/status/1661526539555553282,2023-05-25T00:16:11.000Z,Pq todo projeto de lei apresentado sempre tem 100 deputados de esquerda no plenário discursando e uns 3 ou 4 de direita?? Vcs não se inscrevem para o pulpito?,0,0,0,https://twitter.com/adriventurasp/status/1661492273442373633
Gabriel Pacificador,@GabrielPacifi20,https://twitter.com/GabrielPacifi20/status/1661741885457825793,2023-05-25T14:31:53.000Z,Mais uma decepção com a senhora por votar a favor da PL 490. Tirem as mãos das terras indígenas!!!!,0,0,0,https://twitter.com/adriventurasp/status/1661492273442373633
Jeronimo Rosa da Silva,@JERONIM17440743,https://twitter.com/JERONIM17440743/status/1661499184212484096,2023-05-24T22:27:29.000Z,"So não seja cretina, de acusar a nova gestão.",0,0,0,https://twitter.com/adriventurasp/status/1661492273442373633
Leandro Coutinho,@lecoteco,https://twitter.com/lecoteco/status/1661514435356180482,2023-05-24T23:28:05.000Z,AS CONSEQUÊNCIAS DO ARCABOUÇO FISCAL!https://falacoutinho.blogspot.com/2023/05/as-consequencias-do-arcabouco-fiscal.html…,0,0,0,https://twitter.com/adriventurasp/status/1661492273442373633
