nome,usuario,idTweet,dataPublicacao,texto,replies,retweets,likes,tweetPai
Valéria Cunha,@valeriapcunha,https://twitter.com/valeriapcunha/status/1661106154305384448,2023-05-23T20:25:43.000Z,E o que me diz de um parlamentar ser condenado por crime de opinião?,0,0,0,https://twitter.com/adriventurasp/status/1661097163831775232
brazuka pistola,@BrazukaPistola,https://twitter.com/BrazukaPistola/status/1661177532551516161,2023-05-24T01:09:21.000Z,O que a sra. Como deputada fará a respeito???,0,0,0,https://twitter.com/adriventurasp/status/1661097163831775232
Nelson Zornitta #StopPutin,@NelsonZornitta,https://twitter.com/NelsonZornitta/status/1661109897516163094,2023-05-23T20:40:36.000Z,"Quando se tem vários amigos lá, pode-se ter múltiplas más reputações .",0,0,0,https://twitter.com/adriventurasp/status/1661097163831775232
@nil,@nil,https://twitter.com/NilceFernande16/status/1661151750139809792,2023-05-23T23:26:54.000Z,Verdade.,0,0,0,https://twitter.com/adriventurasp/status/1661097163831775232
Marcelo Duarte,@MarceloSaDuarte,https://twitter.com/MarceloSaDuarte/status/1661340621896859648,2023-05-24T11:57:25.000Z,"🤦‍♂️Como procurador, o Deltan fazia escutas ilegais, foi condenado a devolver dinheiro público, criou um ONG para desviar BILHÕES de reais, e claramente tentou violar a lei da ficha limpa

O cara colocou a filha com menos de 3 anos como sócia de empresa

O cara é corrupto, e ponto",0,0,2,https://twitter.com/adriventurasp/status/1661097163831775232
Erik Torbent,@eriktorbent,https://twitter.com/eriktorbent/status/1661100540556615690,2023-05-23T20:03:25.000Z,Um amigo só? 80% é correligionário admirador....,0,0,0,https://twitter.com/adriventurasp/status/1661097163831775232
Silvajm,@Silvajm8,https://twitter.com/Silvajm8/status/1661365431544709121,2023-05-24T13:36:00.000Z,"Deveria tá trabalhando deputada! Fazendo jus ao nome do seu partido ""NOVO"".",0,0,0,https://twitter.com/adriventurasp/status/1661097163831775232
Carlos,@Eixotorto,https://twitter.com/Eixotorto/status/1661368289618980872,2023-05-24T13:47:21.000Z,"Caldo de galinha e vergonha na cara nunca fizeram mal a ninguém , experimente !",0,0,1,https://twitter.com/adriventurasp/status/1661097163831775232
𝐍𝐢𝐜𝐨𝐥𝐞 𝐀𝐥𝐯𝐞𝐬,@Agu1Nicole,https://twitter.com/Agu1Nicole/status/1661111695765282845,2023-05-23T20:47:44.000Z,A senhora não sabe nem o significado de condenado e quer definir o status do panorama político do país.. triste.,1,0,0,https://twitter.com/adriventurasp/status/1661097163831775232
Amigos Da Lava Jato,@AmigosJato,https://twitter.com/AmigosJato/status/1661099496086855680,2023-05-23T19:59:16.000Z,O passado SUJO e negro do PT  e do Condenado  nunca serao apagado!,0,0,0,https://twitter.com/adriventurasp/status/1661097163831775232
Soulouca,@Bandidafdp,https://twitter.com/Bandidafdp/status/1661146260609597441,2023-05-23T23:05:05.000Z,MENDONCA poderia ??,0,0,0,https://twitter.com/adriventurasp/status/1661097163831775232
dede melo,@dedemelo6,https://twitter.com/dedemelo6/status/1661165982323179521,2023-05-24T00:23:27.000Z,Supremacista q não tem nenhuma preocupação com os mais pobres,0,0,0,https://twitter.com/adriventurasp/status/1661097163831775232
@Pedro Espirito Santo,@Pedro Espirito Santo,https://twitter.com/PedroSanto25/status/1661195482264207360,2023-05-24T02:20:41.000Z,"Condenado a que?
Condenado a ser o melhor presidente que esse país já teve.
Perdeu Mané, aceita que doi menos",0,0,0,https://twitter.com/adriventurasp/status/1661097163831775232
