nome,usuario,idTweet,dataPublicacao,texto,replies,retweets,likes,tweetPai
Daniel Penna-Firme,@danielpfirme,https://twitter.com/danielpfirme/status/1661781655323914269,2023-05-25T17:09:55.000Z,"Pô, bia, dá um tapa nesse visual aí... Tá parecendo irmã da Janja. Papo reto. Está escrito na Bíblia: Abstende-vos de toda aparência do mal” (1 Tessalonicenses 5:22).",34,2,56,https://twitter.com/Biakicis/status/1661772538207260673
Denise Konrad Deus é o Senhor!!!!,@KonradDenise,https://twitter.com/KonradDenise/status/1661795982210727948,2023-05-25T18:06:51.000Z,"Saudades desse meu Presidente, esse me Representa.",11,1,18,https://twitter.com/Biakicis/status/1661772538207260673
Dama de Ferro,@Damadeferroofic,https://twitter.com/Damadeferroofic/status/1661773915725737991,2023-05-25T16:39:10.000Z,Lindos,20,0,81,https://twitter.com/Biakicis/status/1661772538207260673
Paula Vasconcelos,@paulajohanna77,https://twitter.com/paulajohanna77/status/1661814803915046937,2023-05-25T19:21:38.000Z,"Realmente ele é o nosso Presidente. O molusco nunca ganhou as eleições pelo sobrenatural. Jesus explicou ao vidente John Leary, católico nos EUA sobre as fraudes nas eleições, a perseguição aos bons, injustiças, globalismo, guerra, vacchinnas etc. ACREDITA QUEM QUISER!",15,0,9,https://twitter.com/Biakicis/status/1661772538207260673
Fabiana,@Fab1eLu,https://twitter.com/Fab1eLu/status/1661774270672916482,2023-05-25T16:40:35.000Z,Ah como eu queria dar um abraço bem apertado e mostrar toda a minha gratidão por tudo que ele fez!!,17,0,13,https://twitter.com/Biakicis/status/1661772538207260673
Luiz,@Luiz71200856,https://twitter.com/Luiz71200856/status/1661773133949415432,2023-05-25T16:36:04.000Z,Bolsonaro26,4,0,2,https://twitter.com/Biakicis/status/1661772538207260673
"Luta pelo Brasil, vamos reconstruir o nosso país!",@Ed61897233,https://twitter.com/Ed61897233/status/1661823810817892355,2023-05-25T19:57:26.000Z,"🤮😂 quando ele estiver preso, quero ver quantos vão lá visitar ele.",0,2,129,https://twitter.com/Biakicis/status/1661772538207260673
EU,@DarcianaOlivei2,https://twitter.com/DarcianaOlivei2/status/1661812441414598667,2023-05-25T19:12:15.000Z,Eu ainda vou conhecer esse homem.. meu sonho ☺️,2,0,0,https://twitter.com/Biakicis/status/1661772538207260673
Vera Helena Pessoa,@verapessoa4,https://twitter.com/verapessoa4/status/1661927009906311170,2023-05-26T02:47:30.000Z,"Ah, eu queria estar ai.
Dar um abraço no meu presidente.

Cara BiaKicis,muito obrigada, por compartilhar esse delicioso momento!
 Com o nosso querido PR.Bolsonaro.",2,1,2,https://twitter.com/Biakicis/status/1661772538207260673
Edward Joseph,@edwardjoseph71,https://twitter.com/edwardjoseph71/status/1661794484231847936,2023-05-25T18:00:54.000Z,Não sei se vômito agora ou depois de ver isso!,7,1,83,https://twitter.com/Biakicis/status/1661772538207260673
Joselma,@JotinhasBrasil,https://twitter.com/JotinhasBrasil/status/1661900621077786624,2023-05-26T01:02:39.000Z,"Eu queria estar ao lado deste grande homem. Que saudades do meu Presidente. Fico triste só de pensar que poderíamos estar bem, mas Deus sabe de todas as coisas, tudo está no Seu controle. Amo vocês ❤️ Deus os abençoe 🙏",0,0,5,https://twitter.com/Biakicis/status/1661772538207260673
Vilna Christian,@ChristianVilna,https://twitter.com/ChristianVilna/status/1661858520063516674,2023-05-25T22:15:21.000Z,Pra fazer exame de fezes ele usa terno… como os ministros de chinelão…,0,0,9,https://twitter.com/Biakicis/status/1661772538207260673
Gui Araujo,@GuiArau40820316,https://twitter.com/GuiArau40820316/status/1661836132093394945,2023-05-25T20:46:23.000Z,"Primeiro ele nunca foi presidente, era apenas um fantoche nas mãos do centrão e dos militares, segundo cada um abraço aquilo que e sua própria semelhança.",0,0,8,https://twitter.com/Biakicis/status/1661772538207260673
Mário Coleto,@coleto_mario,https://twitter.com/coleto_mario/status/1661875153951760386,2023-05-25T23:21:27.000Z,"Sei não hein mas esse seu visual ""Urubuzenta"" tras um mau agouro! 🙄🤔 Deus me livre receber sua visita! 😡🙏 Vade retro xô! Obs! Que me perdoem os Urubus associados equivocadamente a algo negativo 🙏! Esse pessoal tá mais pra esse aqui ó 👿👹!",0,0,13,https://twitter.com/Biakicis/status/1661772538207260673
Marcio,@msstk78,https://twitter.com/msstk78/status/1661834695460397062,2023-05-25T20:40:41.000Z,Esse homem sim é digno do meu total respeito e seria o único que eu seguiria em novas manifestações com orgulho!🇧🇷👏🏻👏🏻👏🏻,0,0,1,https://twitter.com/Biakicis/status/1661772538207260673
BIANCA V VERONEZ,@veronezbiancav,https://twitter.com/veronezbiancav/status/1661806812138446848,2023-05-25T18:49:53.000Z,Ex presidente e futuro presidiário,1,1,81,https://twitter.com/Biakicis/status/1661772538207260673
Iodinha,@Iodinha1,https://twitter.com/Iodinha1/status/1661775595921891328,2023-05-25T16:45:51.000Z,"Gratidão eterna ao Presidente Bolsonaro pelas vidas que salvou e pelas reflexões que nos proporcionou! Despertou a coragem e o espírito cívico de muitos brasileiros, renovando-lhes as esperanças de um Brasil mais ético e promissor!",1,1,3,https://twitter.com/Biakicis/status/1661772538207260673
Pr Mala ®,@Prmalaoficial,https://twitter.com/Prmalaoficial/status/1661815144983175185,2023-05-25T19:23:00.000Z,Ele é presidente do que agora?,23,2,196,https://twitter.com/Biakicis/status/1661772538207260673
Bruno Catone,@bruno_catone,https://twitter.com/bruno_catone/status/1661804034355855360,2023-05-25T18:38:51.000Z,"Presidente é escrito com letra maiúscula somente no início de frases @Biakicis 

E o Jair NÃO é mais o presidente.",4,0,34,https://twitter.com/Biakicis/status/1661772538207260673
Ro Golin,@ro_golin,https://twitter.com/ro_golin/status/1661785215604338694,2023-05-25T17:24:04.000Z,Amém!🙏🇧🇷,0,0,0,https://twitter.com/Biakicis/status/1661772538207260673
Adeilde Azevedo,@AdeildeAzevedo,https://twitter.com/AdeildeAzevedo/status/1663718733250981891,2023-05-31T01:27:11.000Z,Com certeza muitos adorariam dar um abraço no nosso querido presidente Jair Messias Bolsonaro 🇧🇷🇧🇷🇧🇷🇧🇷 peço a Deus que os abençoe e fortaleça cada dia mais. 💚💛🇧🇷,0,0,0,https://twitter.com/Biakicis/status/1661772538207260673
David Moraes,@DavidMo37456635,https://twitter.com/DavidMo37456635/status/1662047611598131200,2023-05-26T10:46:44.000Z,E saudade do nosso capitão a frente da nação. Ao contrário temos um beberrão que tem destruído os bons valores deixados pelo capitão. Até rimou. Deus abençoe a nossa nação.,0,0,0,https://twitter.com/Biakicis/status/1661772538207260673
Sónia Regina de Souz,@SniaReginadeSo3,https://twitter.com/SniaReginadeSo3/status/1661843430723428371,2023-05-25T21:15:24.000Z,Que susto!!!! Parece a janja,0,0,0,https://twitter.com/Biakicis/status/1661772538207260673
LUTO PELO BRASIL,@AnaPaul61340360,https://twitter.com/AnaPaul61340360/status/1661915145981902850,2023-05-26T02:00:22.000Z,"Que surto, pensei que fosse a outra lá que não quero dizer o nome kkkkk",0,0,0,https://twitter.com/Biakicis/status/1661772538207260673
Poemas Espirituais/sônia,@PoemaEspiritas,https://twitter.com/PoemaEspiritas/status/1661981949156622336,2023-05-26T06:25:49.000Z,Realmente. Obrigada por nos representar Bia Kicis. Grande @jairbolsonaro 🫶🫶🙏🙌🙏🍀🇧🇷 Jesus continue Iluminando e Protegendo.,0,0,1,https://twitter.com/Biakicis/status/1661772538207260673
Tereza Pfau,@de_pfau,https://twitter.com/de_pfau/status/1661805899936137216,2023-05-25T18:46:16.000Z,"Gostaria muito de abraçar meu Presidente @jairbolsonaro , talvez um dia. Meu amor por ele eh eterno com muito respeito e gratidao.",1,1,2,https://twitter.com/Biakicis/status/1661772538207260673
@dehiginomarcia,@dehiginomarcia,https://twitter.com/dehiginomarcia8/status/1661775410739150848,2023-05-25T16:45:06.000Z,"Vou a Brasília em 5 de julho...gostaria tanto de agradecer a Bolsonaro toda dedicação pessoal, emocional e psicologica que ele deu a nossa Pátria❣ Sabe se tem algum canal de comunicação para tal❓❓❓",0,1,1,https://twitter.com/Biakicis/status/1661772538207260673
Aryadara ishabakshi,@aryadara163,https://twitter.com/aryadara163/status/1662127885908336640,2023-05-26T16:05:43.000Z,Te amo Bia você nos representa as mulheres,0,0,0,https://twitter.com/Biakicis/status/1661772538207260673
Marília Rosales,@RosalesMarilia,https://twitter.com/RosalesMarilia/status/1661797647756189697,2023-05-25T18:13:28.000Z,Muitíssimo obrigada. Eu com certeza gostaria muito de poder abraçar Nosso Legítimo Presidente Bolsonaro. Te agradeço esse gesto de coração.  🙏🇧🇷👏,1,1,2,https://twitter.com/Biakicis/status/1661772538207260673
Juvenal Gomes,@gpontes1970,https://twitter.com/gpontes1970/status/1661774464353288192,2023-05-25T16:41:21.000Z,"Bia, hj vc realizou o desejo de.milhoes de brasileiros! Que o Presidente @jairbolsonaro saiba o quanto é admirado, respeitado e amado pelo povo de bem!!!!!",1,0,3,https://twitter.com/Biakicis/status/1661772538207260673
Iara Lima,@laraJenCengiz,https://twitter.com/laraJenCengiz/status/1661775206778646529,2023-05-25T16:44:18.000Z,Presidente de onde? Não avisaram ele perdeu a eleição 🙃,0,0,78,https://twitter.com/Biakicis/status/1661772538207260673
cinthya,@cinthya66426699,https://twitter.com/cinthya66426699/status/1662097324678553602,2023-05-26T14:04:17.000Z,"Bia! Temos que mudar a forma de voto, não é confiável..... quando faremos outra Pl para isso????",2,0,0,https://twitter.com/Biakicis/status/1661772538207260673
Alexandre Souza,@Alex_RJ9988,https://twitter.com/Alex_RJ9988/status/1661831991673626656,2023-05-25T20:29:56.000Z,Quero ver se vai visitá-lo na Papuda 🤣,0,0,22,https://twitter.com/Biakicis/status/1661772538207260673
Sonia Teresa Diegues Fonseca,@DieguesTeresa,https://twitter.com/DieguesTeresa/status/1661800837088264193,2023-05-25T18:26:08.000Z,💚💛💙🤍,0,0,0,https://twitter.com/Biakicis/status/1661772538207260673
MERY SILVA,@mery_rafa,https://twitter.com/mery_rafa/status/1661804599920001032,2023-05-25T18:41:06.000Z,Que susto.. achei que fosse a esbanja da Silva. Deve ser o óculos amiga. Muda o mais rápido possível..kkk,1,0,0,https://twitter.com/Biakicis/status/1661772538207260673
Bella RUOMAS,@bellaRuomas,https://twitter.com/bellaRuomas/status/1661802295011541002,2023-05-25T18:31:56.000Z,"@Biakicis tive o grande prazer de ter participado de um evento aqui em Miami, e ganhei alguns minutos com o nosso PR @jairbolsonaro Ele é uma pessoa INCRÍVEL e admirável !",0,0,0,https://twitter.com/Biakicis/status/1661772538207260673
Mario,@marioslater2,https://twitter.com/marioslater2/status/1661868722213081088,2023-05-25T22:55:54.000Z,"Eu acho até constrangedor, ler esse tipo de bajulação… Quanta subserviência, pessoa sem brilho próprio, né? No fundo a Bia Kicis tem certeza q é uma medíocre, despreparada e q só chegou onde está hoje, pq pegou carona na onda dos milicianos golpistas, q quase destruíram o país!",2,4,50,https://twitter.com/Biakicis/status/1661772538207260673
Osvaldo,@OsvaldoJn1,https://twitter.com/OsvaldoJn1/status/1661784756508405779,2023-05-25T17:22:15.000Z,"Minha querida @BiakicisAo ver a foto, a primeira impressão que tive foi de uma outra pessoa (Esbanja). Não sei se pelo tipo de armação do óculos.
Um grande abraço 🇧🇷",1,0,8,https://twitter.com/Biakicis/status/1661772538207260673
Jocemar Menezes,@JocemarMenezes,https://twitter.com/JocemarMenezes/status/1661773791679201281,2023-05-25T16:38:40.000Z,"Bia, neste ângulo, por um momento de desatenção, eu vi esbanja.
Me desculpe, sou míope e você não merece essa comparação.",1,0,4,https://twitter.com/Biakicis/status/1661772538207260673
Ana Carvalho,@AnaCarv47579755,https://twitter.com/AnaCarv47579755/status/1661831688459091968,2023-05-25T20:28:44.000Z,"Deus me livre e guarde,chegar perto deste ser ,pegar uma ziquizira😂",0,0,10,https://twitter.com/Biakicis/status/1661772538207260673
CARMEN LÚCIA MELLO,@CARMENLCIAMELL1,https://twitter.com/CARMENLCIAMELL1/status/1661873963339849728,2023-05-25T23:16:43.000Z,kkk não era pra abraçar a cintura que eu gostaria de estar aí... mas não vale a pena perdeu meu réu primário por isso aí...🤣🤣🤣🤣,1,0,2,https://twitter.com/Biakicis/status/1661772538207260673
Rosa,@rosaelinex,https://twitter.com/rosaelinex/status/1661832600166584320,2023-05-25T20:32:21.000Z,Não é mais presidente senhora. E não representa o povo brasileiro que o rejeitou nas urnas.,1,1,62,https://twitter.com/Biakicis/status/1661772538207260673
Garagem Digital,@GaragemDigital1,https://twitter.com/GaragemDigital1/status/1661796646152273935,2023-05-25T18:09:29.000Z,"Bia, essa união da Zambelli com Deltan, MBL e afins, não nos representa. Avise a moça, que vai perder o cargo, pq não somos idiotas.",0,1,9,https://twitter.com/Biakicis/status/1661772538207260673
Sérgio A. Alfonso,@SrgioAparecid19,https://twitter.com/SrgioAparecid19/status/1661776018296717312,2023-05-25T16:47:31.000Z,"Kkkkkkk. 
Que susto, pensei que era a Janja.",1,0,1,https://twitter.com/Biakicis/status/1661772538207260673
Andreia T. Oliveira,@TOlivei1,https://twitter.com/TOlivei1/status/1661869945314062336,2023-05-25T23:00:45.000Z,"Eu Acredito Em Deus!!! Acredito Na Volta Do Mito No Comando...
Mas Pra Isso Acontecer Todas As Batatas Podres... Do Saco Tem Que Sair!!! O Mito Volta!!! Estamos Esperando O Sr.Cumprir Sua Missao!!!",0,0,0,https://twitter.com/Biakicis/status/1661772538207260673
Lídia Alves Coelho,@liaodete,https://twitter.com/liaodete/status/1663830855976984579,2023-05-31T08:52:43.000Z,"A senhora não me representa, nem este senhor, e não sou nenhuma arrependida não. E q ele não volte nunca mais. E outra coisa não subestime a inteligência do povo.",0,0,0,https://twitter.com/Biakicis/status/1661772538207260673
Sergia,@Sergia985724,https://twitter.com/Sergia985724/status/1662443781323366401,2023-05-27T13:00:58.000Z,Amo você dois. So acho que você Bia teria que ter mais fe em Deus e dar mais opiniões no planalto cara a cara. Ser um tipo de Marcos do val e BOLSONARO.🥀🙏🏃,0,0,0,https://twitter.com/Biakicis/status/1661772538207260673
Alex Silva,@Alexanddmcn,https://twitter.com/Alexanddmcn/status/1661811957681324054,2023-05-25T19:10:20.000Z,"Eu abraçaria os dois.

Você Biazoca e o Presida.💚🇧🇷",0,0,0,https://twitter.com/Biakicis/status/1661772538207260673
Michelle Pimentel,@Michell4626,https://twitter.com/Michell4626/status/1661840722171928587,2023-05-25T21:04:38.000Z,Eu tbm querooooo me convida !!!!! Saudade do meu presidente amado 😊,0,0,0,https://twitter.com/Biakicis/status/1661772538207260673
Marina Lopes,@Marina3Lopes,https://twitter.com/Marina3Lopes/status/1661855417348046848,2023-05-25T22:03:01.000Z,🙏🏻🙌🏻🙌🏻🙌🏻🙌🏻🙌🏻🙌🏻🙌🏻🙌🏻🙌🏻🙌🏻🙌🏻🙌🏻🙌🏻🙌🏻🤗😘😘😘🌻🌻🌻🌻🌻🌻🌻🌻🌻🌻🌻♥️🇧🇷♥️🇧🇷♥️🇧🇷,0,0,0,https://twitter.com/Biakicis/status/1661772538207260673
Maria Irismar de Freitas,@MariaIrismarde5,https://twitter.com/MariaIrismarde5/status/1661933970424995840,2023-05-26T03:15:10.000Z,"Ele precisa cuidar muito
bem da saúde e reforçar a sua segurança, os seres das trevas, não dormem no
ponto! Precisa, também, processar toda e qualquer pessoa que lhe façam acusações levianas e graves difamações com à intenção, perversa, de assassinar a sua reputação.",0,0,0,https://twitter.com/Biakicis/status/1661772538207260673
Vernini,@AntoniaVernini,https://twitter.com/AntoniaVernini/status/1661773918619807754,2023-05-25T16:39:11.000Z,👏👏👏,0,0,1,https://twitter.com/Biakicis/status/1661772538207260673
Najla Chamon,@ChamonNajla,https://twitter.com/ChamonNajla/status/1661778152350265350,2023-05-25T16:56:00.000Z,Me representou. O melhor presidente que esse país já teve.,1,0,8,https://twitter.com/Biakicis/status/1661772538207260673
A mamãe chegou!,@sorayaruffo,https://twitter.com/sorayaruffo/status/1662256133686345732,2023-05-27T00:35:20.000Z,Deus me abençoe. To fora !,0,0,0,https://twitter.com/Biakicis/status/1661772538207260673
Maria de Fátyma Braga da Silva Moura22,@Mariade72150168,https://twitter.com/Mariade72150168/status/1661777082282651657,2023-05-25T16:51:45.000Z,O meu muito boa tarde com muita gratidão gratidão gratidão gratidão gratidão ao nosso Deus por tudo em nossas vidas 👏🤠🇧🇷,0,0,0,https://twitter.com/Biakicis/status/1661772538207260673
Luciana Forte,@LucianaFortte,https://twitter.com/LucianaFortte/status/1661778468101668870,2023-05-25T16:57:15.000Z,💚💛😍,0,0,0,https://twitter.com/Biakicis/status/1661772538207260673
maria guedes,@mariaguedes2022,https://twitter.com/mariaguedes2022/status/1661869636852371457,2023-05-25T22:59:32.000Z,💞🇧🇷🥰,1,1,1,https://twitter.com/Biakicis/status/1661772538207260673
Wallysson Nascimento,@liwgng,https://twitter.com/liwgng/status/1662094427270021120,2023-05-26T13:52:46.000Z,"Primeiro que nosso é mt coisa, fale por vc e segundo, quem quer saber??",0,0,1,https://twitter.com/Biakicis/status/1661772538207260673
JOÃO MIRANDA,@Jrenailton,https://twitter.com/Jrenailton/status/1661807122785468449,2023-05-25T18:51:07.000Z,🇧🇷💛👏💚🇧🇷,0,0,0,https://twitter.com/Biakicis/status/1661772538207260673
Adriana Paula #22,@Adriana49216582,https://twitter.com/Adriana49216582/status/1661790395850784773,2023-05-25T17:44:39.000Z,🙏👏🏻👏🏻👏🏻❤️❤️❤️🇧🇷🇧🇷🇧🇷,0,0,0,https://twitter.com/Biakicis/status/1661772538207260673
Cássia Gontijo,@CassiaCaxaba,https://twitter.com/CassiaCaxaba/status/1661778306373496841,2023-05-25T16:56:37.000Z,"Nosso querido Presidente Bolsonaro! Bia, guerreira! 💚💛",1,1,4,https://twitter.com/Biakicis/status/1661772538207260673
Antonio Batista,@Antonio208020,https://twitter.com/Antonio208020/status/1661778573533892608,2023-05-25T16:57:40.000Z,🤝👏👏👏🇧🇷🙏,0,0,1,https://twitter.com/Biakicis/status/1661772538207260673
Mr.𝑩𝒓𝒂ZZ,@Eduardo34010644,https://twitter.com/Eduardo34010644/status/1661807753592012831,2023-05-25T18:53:38.000Z,"Que susto por 1 minuto achei que fosse a Janja 🤣 , foi mal Bia, mas pareceu viu .",1,0,1,https://twitter.com/Biakicis/status/1661772538207260673
Menezes,@Menezes_os,https://twitter.com/Menezes_os/status/1661834104466186248,2023-05-25T20:38:20.000Z,"Ta doido, por mim não precisa abraço não.  Tô legal, depois da fuga pra USA acovardado.",0,0,1,https://twitter.com/Biakicis/status/1661772538207260673
Francisco Givanildo FURTADO,@FranciscoGivan9,https://twitter.com/FranciscoGivan9/status/1661846963229261824,2023-05-25T21:29:26.000Z,"aproveita Bia e pergunta a ele se é  pra nós  irmos pra rua com  o MBL.
divido  muito  ele concordar.",0,0,0,https://twitter.com/Biakicis/status/1661772538207260673
Douglas Rocha,@DouglasRocha300,https://twitter.com/DouglasRocha300/status/1662073466353319943,2023-05-26T12:29:28.000Z,"Que saudade , eu nunca fui beneficiado diretamente por esse presidente nem deveria claro, mas eu gostava de um cara competente no governo",0,0,0,https://twitter.com/Biakicis/status/1661772538207260673
Haja Rivotril,@hellondon,https://twitter.com/hellondon/status/1661891884363415552,2023-05-26T00:27:56.000Z,"@cristianobotafo , @medoedeliriobr , chega aqui pra ver essa foto. Será um galo ou um galho que o ex tá tentando esconder?",0,0,2,https://twitter.com/Biakicis/status/1661772538207260673
cidinha andrade,@MariaAp36037264,https://twitter.com/MariaAp36037264/status/1661779115505070120,2023-05-25T16:59:50.000Z,Obrigada gratidâo minha querida #Bia #KICIS,0,0,0,https://twitter.com/Biakicis/status/1661772538207260673
Arnobio Verde,@arnobioverde,https://twitter.com/arnobioverde/status/1661914386439569408,2023-05-26T01:57:21.000Z,"Quem gosta, se coaduna com aquele que deixou milhares morrer em meio à pandemia. Cada gosto nesse país.😂😂😂",0,0,6,https://twitter.com/Biakicis/status/1661772538207260673
Raquel PM,@RaquelP04001732,https://twitter.com/RaquelP04001732/status/1661784070227996705,2023-05-25T17:19:31.000Z,🇧🇷♥️👏🏼👏🏼👏🏼👏🏼👏🏼👏🏼,0,0,0,https://twitter.com/Biakicis/status/1661772538207260673
Olho de Thundera,@JoelBar30471241,https://twitter.com/JoelBar30471241/status/1662081955863592967,2023-05-26T13:03:12.000Z,"Amém, continue assim nos representando, estamos aconchegado desse jeito.",0,0,0,https://twitter.com/Biakicis/status/1661772538207260673
ams,@ams08193814,https://twitter.com/ams08193814/status/1662061400246689792,2023-05-26T11:41:32.000Z,🇧🇷🫡,0,0,0,https://twitter.com/Biakicis/status/1661772538207260673
PAULO SOUZA,@PAULOSO05572667,https://twitter.com/PAULOSO05572667/status/1663263086017429517,2023-05-29T19:16:36.000Z,Parabéns Bia Kicis por ter caráter e apoiar o melhor presidente.,0,0,0,https://twitter.com/Biakicis/status/1661772538207260673
Sílvia,@SilviaBFGouveia,https://twitter.com/SilviaBFGouveia/status/1661775384667365377,2023-05-25T16:45:00.000Z,Ele falou algo sobre a manifestação do dia 4?,1,0,0,https://twitter.com/Biakicis/status/1661772538207260673
@NARREG,@NARREG,https://twitter.com/NARREG1/status/1661861671189585925,2023-05-25T22:27:52.000Z,Mito,0,0,0,https://twitter.com/Biakicis/status/1661772538207260673
Rita de Cassia,@RitaC37Brasil,https://twitter.com/RitaC37Brasil/status/1661834819301416979,2023-05-25T20:41:10.000Z,Me representou e muito!! Como eu gostaria de estar pertinho do meu querido e eterno Presidente!! 🥰,0,0,0,https://twitter.com/Biakicis/status/1661772538207260673
Tania Oliveira,@TaniaOl95275343,https://twitter.com/TaniaOl95275343/status/1661806780446375947,2023-05-25T18:49:45.000Z,"Tomei foi um susto!!! Pensei que fosse a CANJA,! Meu adeus ! Me desculpa estou ruim dos oi",0,0,0,https://twitter.com/Biakicis/status/1661772538207260673
Arlê_Quina versão brasileira,@Mariada69782448,https://twitter.com/Mariada69782448/status/1661887607784058881,2023-05-26T00:10:56.000Z,Presidente está bonitão! As sessões de estética lhe caiu bem. 😁 Parabéns,0,0,0,https://twitter.com/Biakicis/status/1661772538207260673
Cynthia Maria Lotti,@cynthia_lotti,https://twitter.com/cynthia_lotti/status/1661812691529334785,2023-05-25T19:13:15.000Z,🤗🤗😍,0,0,0,https://twitter.com/Biakicis/status/1661772538207260673
Suzana Tosta,@SuzanaMatrone,https://twitter.com/SuzanaMatrone/status/1662094254095708160,2023-05-26T13:52:05.000Z,"Desculpa  olhei tão rápido, logo vi a canja,pensei não acredito 😁😁😄😄.",0,0,2,https://twitter.com/Biakicis/status/1661772538207260673
Roberto Silva,@Roberto38845366,https://twitter.com/Roberto38845366/status/1661844768102535170,2023-05-25T21:20:42.000Z,Parabéns Patriotas 👏👏👏👏👏👏,0,0,0,https://twitter.com/Biakicis/status/1661772538207260673
Claudia,@claudiaestrel4,https://twitter.com/claudiaestrel4/status/1661921121694806023,2023-05-26T02:24:07.000Z,Sinto me muito bem representada por estes 2 seres incríveis e imbatíveis!🇧🇷👏🤝,0,0,0,https://twitter.com/Biakicis/status/1661772538207260673
Joao Correa,@JoaoRicardoCor1,https://twitter.com/JoaoRicardoCor1/status/1661834763890577408,2023-05-25T20:40:57.000Z,EX Presidente e futuro presidiário.,0,0,39,https://twitter.com/Biakicis/status/1661772538207260673
Coringa,@ottikalf,https://twitter.com/ottikalf/status/1661776812144308226,2023-05-25T16:50:40.000Z,ZABESTA TA VACILANDO,0,1,2,https://twitter.com/Biakicis/status/1661772538207260673
Emanuel Meneses,@060manu,https://twitter.com/060manu/status/1661843175411949585,2023-05-25T21:14:23.000Z,Que susto a im primeiro olhar rápido parecia outra pessoa. Até me assustei.,0,0,3,https://twitter.com/Biakicis/status/1661772538207260673
Thais Saboia,@thaisksaboia,https://twitter.com/thaisksaboia/status/1661774135511461900,2023-05-25T16:40:02.000Z,"“Tô dentro” desse abraço com muita honra. Quanto mais vejo o presente, mais admiro nosso EX e sempre  querido presidente.",0,0,4,https://twitter.com/Biakicis/status/1661772538207260673
marie,@Francis05187603,https://twitter.com/Francis05187603/status/1661897924488355842,2023-05-26T00:51:56.000Z,👇👇👇🤡🤡,0,3,14,https://twitter.com/Biakicis/status/1661772538207260673
Maria almeida,@Mariaal88591841,https://twitter.com/Mariaal88591841/status/1662161106083643399,2023-05-26T18:17:43.000Z,Fico muito feliz em vê-los. Que Deus os abençoe!,0,0,2,https://twitter.com/Biakicis/status/1661772538207260673
aparecida,@CiddaJorge,https://twitter.com/CiddaJorge/status/1661778063024173129,2023-05-25T16:55:39.000Z,Deputada vc está a cara da janja nesta foto ...até me assustei ...acho que é o óculos ...graças a Deus é vc mesma,1,0,5,https://twitter.com/Biakicis/status/1661772538207260673
julio cesar leão da,@julioleao65,https://twitter.com/julioleao65/status/1661865448617439234,2023-05-25T22:42:53.000Z,Logo logo ele vai ver o sol nascer quadrado. Bangu o espera. #prafaruim,0,0,1,https://twitter.com/Biakicis/status/1661772538207260673
irenilda Nunes,@irenilda_nunes,https://twitter.com/irenilda_nunes/status/1662067759339958273,2023-05-26T12:06:48.000Z,Parabéns ele merece todo nosso carinho ❤️❤️,0,0,0,https://twitter.com/Biakicis/status/1661772538207260673
Mayk Lima,@maykynho84,https://twitter.com/maykynho84/status/1661800381796556802,2023-05-25T18:24:20.000Z,"Aproveita, na penitenciária não tem tanta visita assim não.",0,0,4,https://twitter.com/Biakicis/status/1661772538207260673
amar souzA,@amarsouzA2,https://twitter.com/amarsouzA2/status/1661872802654306309,2023-05-25T23:12:06.000Z,"Muito bom, abraço agradecido por esse abraço virtual mais coletivo, obrigado!!!",0,0,0,https://twitter.com/Biakicis/status/1661772538207260673
Ivete Stroppa,@IveteStroppa,https://twitter.com/IveteStroppa/status/1661784655140466694,2023-05-25T17:21:50.000Z,Saudade do nosso Presidente 🥹🥹,0,0,1,https://twitter.com/Biakicis/status/1661772538207260673
marcio,@marcio365558710,https://twitter.com/marcio365558710/status/1662070542147387392,2023-05-26T12:17:51.000Z,Logo você poderá até agendar este abraço.Sabe se agachar?,0,0,1,https://twitter.com/Biakicis/status/1661772538207260673
Cesar Fernandes,@CesarFe30285395,https://twitter.com/CesarFe30285395/status/1661819814761955328,2023-05-25T19:41:33.000Z,Onde depósito meu 🤮🤮🤮🤮,0,0,2,https://twitter.com/Biakicis/status/1661772538207260673
EDILSON M. DE SOUZA,@edilsonmarx,https://twitter.com/edilsonmarx/status/1662160533783445516,2023-05-26T18:15:27.000Z,"Em breve, Jair passará receber visita íntima na Papuda!",0,0,1,https://twitter.com/Biakicis/status/1661772538207260673
Ivanildo Santana,@ivanild67181486,https://twitter.com/ivanild67181486/status/1661815792390774793,2023-05-25T19:25:34.000Z,"Maitê preocupas, que logo logo logo, vai o visitar no Bangú 08.",0,0,9,https://twitter.com/Biakicis/status/1661772538207260673
Lenwspawlo Otacilio,@LOtacilio,https://twitter.com/LOtacilio/status/1661851553542578176,2023-05-25T21:47:40.000Z,Ele está na papuda?,0,0,3,https://twitter.com/Biakicis/status/1661772538207260673
John=Sue+Lula+Janja,@SuelyCa42723264,https://twitter.com/SuelyCa42723264/status/1661905232731815937,2023-05-26T01:20:58.000Z,"A fraquejada se achando, ao lado do futuro inelegivél e presidiário.",1,1,7,https://twitter.com/Biakicis/status/1661772538207260673
Maczeiro,@ananiasviriato1,https://twitter.com/ananiasviriato1/status/1661850202037157888,2023-05-25T21:42:18.000Z,"Pode ser seu querido mas graças a Deus, é EX PRESIDENTE, 🙌🙌🙌🙌🙌",0,1,12,https://twitter.com/Biakicis/status/1661772538207260673
Luiz Carlos,@LuizCar71252404,https://twitter.com/LuizCar71252404/status/1661862668557336578,2023-05-25T22:31:50.000Z,"Rapaz que susto que tomei agr, pensei que fosse a janja que susto...",0,0,1,https://twitter.com/Biakicis/status/1661772538207260673
claudio marques,@claudioextremo,https://twitter.com/claudioextremo/status/1661801137463328801,2023-05-25T18:27:20.000Z,Aproveitou? O próximo abraço será num presídio! #bolsonaronacadeia rapidamente. Breve! Ao vivo!,0,0,1,https://twitter.com/Biakicis/status/1661772538207260673
Janos Santos,@JanosSantos,https://twitter.com/JanosSantos/status/1661772653915516934,2023-05-25T16:34:09.000Z,Nosso querido presidente!!! 🇧🇷,1,1,9,https://twitter.com/Biakicis/status/1661772538207260673
Tyler Vinicius,@TylerVinicius2,https://twitter.com/TylerVinicius2/status/1661775597608005632,2023-05-25T16:45:51.000Z,700 mil brasileiros mortos,5,0,55,https://twitter.com/Biakicis/status/1661772538207260673
cacilda mamede,@cacildajuris,https://twitter.com/cacildajuris/status/1661847635903275008,2023-05-25T21:32:06.000Z,❤️😘,0,1,3,https://twitter.com/Biakicis/status/1661772538207260673
rocha.raimundo13@gma,rocha.raimundo13@gma,https://twitter.com/rocharaimundo13/status/1661785352867131393,2023-05-25T17:24:37.000Z,Estou feliz por estar a km desse COISO.,0,0,7,https://twitter.com/Biakicis/status/1661772538207260673
vana,@vana43150721,https://twitter.com/vana43150721/status/1661774950078853135,2023-05-25T16:43:17.000Z,Queria estar aí também kkk,1,0,2,https://twitter.com/Biakicis/status/1661772538207260673
Lulalá,@Vanderl30212999,https://twitter.com/Vanderl30212999/status/1661794360692817921,2023-05-25T18:00:24.000Z,Presidente????,0,0,30,https://twitter.com/Biakicis/status/1661772538207260673
Zelia Fabro22,@zfabrogmailcom,https://twitter.com/zfabrogmailcom/status/1661788518409011229,2023-05-25T17:37:11.000Z,Queria muito abraçar nosso Presidente.,0,0,6,https://twitter.com/Biakicis/status/1661772538207260673
Gilcimar bahia bastos,@BahiaGilcimar,https://twitter.com/BahiaGilcimar/status/1661871481687535616,2023-05-25T23:06:51.000Z,"Ex presidente,  presidente ele não  será nunca mais.",0,1,3,https://twitter.com/Biakicis/status/1661772538207260673
Sandra Parovszky,@sparovszky,https://twitter.com/sparovszky/status/1661903868358262785,2023-05-26T01:15:33.000Z,"Tão bom que foi o primeiro presidente que não conseguiu ser reeleito. Tentou um Golpe de Estado à distância, porque é covarde, mas não deu certo não.",0,0,6,https://twitter.com/Biakicis/status/1661772538207260673
Claudio Cardoso,@Claudio79364318,https://twitter.com/Claudio79364318/status/1661782170950615040,2023-05-25T17:11:58.000Z,Deputada Bia você me representa 🙏,0,1,2,https://twitter.com/Biakicis/status/1661772538207260673
Jeanne Cruz,@jeanneccruz,https://twitter.com/jeanneccruz/status/1661833836701818883,2023-05-25T20:37:16.000Z,"Esse Inominável, não é mais Presidente!!! Graças a Deus!!!",0,1,13,https://twitter.com/Biakicis/status/1661772538207260673
Pedro Luiz,@PedroLu25767466,https://twitter.com/PedroLu25767466/status/1661773546421469184,2023-05-25T16:37:42.000Z,Ecaa!! 🤮,0,0,23,https://twitter.com/Biakicis/status/1661772538207260673
Raimunda Pereira Lopes,@Raimund63762463,https://twitter.com/Raimund63762463/status/1661793640451112968,2023-05-25T17:57:33.000Z,Não me representa,0,0,6,https://twitter.com/Biakicis/status/1661772538207260673
Victor Sampaio,@VictorACSampaio,https://twitter.com/VictorACSampaio/status/1661808796744777744,2023-05-25T18:57:46.000Z,"das 2 uma, ou ele tropeçou bebado e bateu a cabeça, ou apanhou do carluxo, ou apanhou da mulher kkkk",0,0,6,https://twitter.com/Biakicis/status/1661772538207260673
Adriana Schmitz,@AdrianaSchmit20,https://twitter.com/AdrianaSchmit20/status/1661833647303827470,2023-05-25T20:36:31.000Z,❤️❤️❤️🇧🇷👊.,0,0,4,https://twitter.com/Biakicis/status/1661772538207260673
Roger Souza,@Rogerwillyam,https://twitter.com/Rogerwillyam/status/1661772735809216515,2023-05-25T16:34:29.000Z,Nosso melhor e eterno Presidente @jairbolsonaro !!! 💥💪🏾🟢🟡🇧🇷,0,0,3,https://twitter.com/Biakicis/status/1661772538207260673
Andrea JB presidente,@deaviddl,https://twitter.com/deaviddl/status/1661777518695702528,2023-05-25T16:53:29.000Z,Meu presida querido. Saudades! 💚🇧🇷,0,0,3,https://twitter.com/Biakicis/status/1661772538207260673
Origh International,@OrighInter,https://twitter.com/OrighInter/status/1661827438475616265,2023-05-25T20:11:51.000Z,🇧🇷🛡️ℹ️Brazil,0,1,1,https://twitter.com/Biakicis/status/1661772538207260673
Tradutor de Direita,@TradutordoBR,https://twitter.com/TradutordoBR/status/1661775021360963584,2023-05-25T16:43:34.000Z,🇧🇷😊🙏,1,1,17,https://twitter.com/Biakicis/status/1661772538207260673
J Guedes,@jguedes_s,https://twitter.com/jguedes_s/status/1661852604400377862,2023-05-25T21:51:51.000Z,"Presidente não, ex presidente não reeleito. Que ficará Inelegível.",1,0,16,https://twitter.com/Biakicis/status/1661772538207260673
antonio mendes,@antonio91499872,https://twitter.com/antonio91499872/status/1662054316805435392,2023-05-26T11:13:23.000Z,Presidente ? Kkkkkkkkk nem roubando tanto conseguiu se reeleger…incompetência pura!,0,1,4,https://twitter.com/Biakicis/status/1661772538207260673
Euvaldo Junior,@trowajr,https://twitter.com/trowajr/status/1661879355218223106,2023-05-25T23:38:09.000Z,Ex-presidente. Atenha-se ao presente e lute para acabar com as desigualdades ao invés de votar para as mulheres terem salários menores do que os homens,0,1,2,https://twitter.com/Biakicis/status/1661772538207260673
Odalice Campos,@CamposOdalice1,https://twitter.com/CamposOdalice1/status/1663270066660560896,2023-05-29T19:44:20.000Z,Eu tbm te admiro pela postura e creio que representa todas as mulheres decentes do nosso Brasil.,0,0,0,https://twitter.com/Biakicis/status/1661772538207260673
Angela Bacelar,@AngelaBacelar3,https://twitter.com/AngelaBacelar3/status/1662375246375051265,2023-05-27T08:28:38.000Z,Porquê ele está tão discreto num momento que precisamos de um homem forte!,0,0,0,https://twitter.com/Biakicis/status/1661772538207260673
Tania Oliveira,@TaniaOl95275343,https://twitter.com/TaniaOl95275343/status/1661807135271911437,2023-05-25T18:51:10.000Z,"Tá muito parecida! Pensei que fosse meus olhos, mas tá todo@munfo achando",0,0,0,https://twitter.com/Biakicis/status/1661772538207260673
Ines@via,Ines@via,https://twitter.com/ines_viacava/status/1661799805536927764,2023-05-25T18:22:03.000Z,Pque a relatora da CPMI e a Eliziane???,0,0,0,https://twitter.com/Biakicis/status/1661772538207260673
MARCO,@Marco_CFN,https://twitter.com/Marco_CFN/status/1661794899031736321,2023-05-25T18:02:33.000Z,Ainda terei essa honra 👏👏👏👏👏👏👏,0,0,0,https://twitter.com/Biakicis/status/1661772538207260673
Julio Maciel Brasil,@JulioMa16034491,https://twitter.com/JulioMa16034491/status/1661797819659812881,2023-05-25T18:14:09.000Z,"Deputada, e o voto @uditável?
E os patriotas que foram abandonados, sem foro privilegiado e que podem pegar 15 anos de CADEIA?
Projeto proibindo BNDES de emprestar para outros países?
Etc etc etc",0,0,0,https://twitter.com/Biakicis/status/1661772538207260673
@elianatab,@elianatab,https://twitter.com/Liabrasi/status/1661806725056397338,2023-05-25T18:49:32.000Z,Nossa!!!!! Tive que esfregar os olhos várias vezes.,0,0,0,https://twitter.com/Biakicis/status/1661772538207260673
Marco SCHIAVON,@SchiavonMarcoA,https://twitter.com/SchiavonMarcoA/status/1662046095369805824,2023-05-26T10:40:43.000Z,"Ex-presidente, minha cara!!!! e eu me senti mal em ver essa foto!!!",0,0,0,https://twitter.com/Biakicis/status/1661772538207260673
Cassia Vieira,@cassiavieira22,https://twitter.com/cassiavieira22/status/1661815184162168838,2023-05-25T19:23:09.000Z,Que saudade desse homem. Que Deus o proteja muito,0,0,0,https://twitter.com/Biakicis/status/1661772538207260673
Marileusa Bettoni,@MarileusaBetto3,https://twitter.com/MarileusaBetto3/status/1661897046243041280,2023-05-26T00:48:27.000Z,Troquei a armação do meu óculos pois meu marido dizia que eu estava a cara da Janja.. Deus me livre e guarde desse mau😂,0,0,0,https://twitter.com/Biakicis/status/1661772538207260673
Edna 13grupo RESPETA MEU VOTO,@EDNAMARIASOAR12,https://twitter.com/EDNAMARIASOAR12/status/1662177235715932192,2023-05-26T19:21:49.000Z,Deus mi livre agradeço o abraço KKK esse aí não mi representa,0,0,1,https://twitter.com/Biakicis/status/1661772538207260673
Elisangela De Andrade,@Elisang37834844,https://twitter.com/Elisang37834844/status/1661849182628356097,2023-05-25T21:38:15.000Z,"Te amo Bia,por isso votei em você
Porque nos representa.",0,0,1,https://twitter.com/Biakicis/status/1661772538207260673
Jerimias Egidio de Oliveira,@jerimias_egidio,https://twitter.com/jerimias_egidio/status/1662009511014481920,2023-05-26T08:15:20.000Z,"Deus abençoe aos dois, o Brasil precisa de vocês!",0,0,1,https://twitter.com/Biakicis/status/1661772538207260673
Josefa,@Josefa54390293,https://twitter.com/Josefa54390293/status/1661784600274776064,2023-05-25T17:21:37.000Z,O nosso presente é Lula!!,0,0,3,https://twitter.com/Biakicis/status/1661772538207260673
Deise Pinar,@DeisePinar,https://twitter.com/DeisePinar/status/1661777066138775563,2023-05-25T16:51:41.000Z,😍😍😍😍,0,0,1,https://twitter.com/Biakicis/status/1661772538207260673
Lucinha Schlee,@SchleeLucia,https://twitter.com/SchleeLucia/status/1661795366914719745,2023-05-25T18:04:24.000Z,🙏🙏🙏🙏🙏,0,0,1,https://twitter.com/Biakicis/status/1661772538207260673
Jose carlos cardoso,@jcbblcardoso,https://twitter.com/jcbblcardoso/status/1661777440006451210,2023-05-25T16:53:10.000Z,"Eu sou um deles, meus parabéns Deputada!!
E muito obrigado, por sua atuação!!
O Brasil, merece deputadas como a senhora!!
Obrigado!!",0,0,1,https://twitter.com/Biakicis/status/1661772538207260673
luamanucs#FORALULAdr@0,#FORALULAdr@0,https://twitter.com/luamanusilva/status/1661993713537626112,2023-05-26T07:12:34.000Z,"Bia,sugestão ; muda armação do óculos , corte de cabelo pois eu pensei que era ESBANJA",0,0,1,https://twitter.com/Biakicis/status/1661772538207260673
Hortênsia,@Hortencia2023,https://twitter.com/Hortencia2023/status/1661774009652981760,2023-05-25T16:39:32.000Z,Oh Deputada … a senhora não imagina o quanto ! Mas um dia ainda realizarei esse desejo!,0,0,2,https://twitter.com/Biakicis/status/1661772538207260673
Romana,@MozenaMaria,https://twitter.com/MozenaMaria/status/1661778233518374912,2023-05-25T16:56:19.000Z,👏👏👏,0,0,1,https://twitter.com/Biakicis/status/1661772538207260673
Silvinho,@ImSilvinho,https://twitter.com/ImSilvinho/status/1661809104237613056,2023-05-25T18:59:00.000Z,sé é loko 😂🤣😂 SOCORRO  chama o T.Rex @FlavioDino,0,0,1,https://twitter.com/Biakicis/status/1661772538207260673
Liu #Lula/Haddad,@clarete_b,https://twitter.com/clarete_b/status/1662069421211279364,2023-05-26T12:13:24.000Z,"Deus nos livre e livrou, kkkk",0,0,1,https://twitter.com/Biakicis/status/1661772538207260673
Nil a propriotária,@nilsen20,https://twitter.com/nilsen20/status/1661923991920037888,2023-05-26T02:35:31.000Z,Na próxima chama eu vai 😍,0,0,1,https://twitter.com/Biakicis/status/1661772538207260673
Alexsandra Osternes 22,@AOsternes,https://twitter.com/AOsternes/status/1661773394918924288,2023-05-25T16:37:06.000Z,💚💛😭,0,0,2,https://twitter.com/Biakicis/status/1661772538207260673
IIvanilde Costa,@iva_cost,https://twitter.com/iva_cost/status/1662107911768666115,2023-05-26T14:46:21.000Z,Queria uma foto dele na Papuda🤣,0,0,1,https://twitter.com/Biakicis/status/1661772538207260673
Arnobio Verde,@arnobioverde,https://twitter.com/arnobioverde/status/1661914859364073472,2023-05-26T01:59:14.000Z,Prefiro picanha do que osso!😂😂😂,0,0,1,https://twitter.com/Biakicis/status/1661772538207260673
Sheila Pinto,@SheilaPinto75,https://twitter.com/SheilaPinto75/status/1661797643239006208,2023-05-25T18:13:27.000Z,Seus lindos! 🥰🥰,0,0,1,https://twitter.com/Biakicis/status/1661772538207260673
Nadineᅠᅠᅠᅠᅠᅠᅠᅠᅠᅠᅠᅠᅠᅠᅠᅠᅠᅠᅠᅠᅠᅠᅠᅠᅠᅠᅠᅠᅠ ᅠ,@Nadine_CRJ,https://twitter.com/Nadine_CRJ/status/1662127931005566976,2023-05-26T16:05:54.000Z,Eu estive perto qd éramos jovens em Bento Ribeiro...,0,0,1,https://twitter.com/Biakicis/status/1661772538207260673
A BASE DA DEMOCRACIA CHAMA-SE CONSTITUIÇÃO .,@GilGilaudioart,https://twitter.com/GilGilaudioart/status/1662110594315558912,2023-05-26T14:57:00.000Z,"Sra Bia, eu como eleitor cobro da senhora a urgência em tratar junto aos deputados e senadores deste país uma eleição verdadeira, limpa e não essa manipulação com urna que ninguém confia. Vocês precisam correr atrás disso agora, ano que vem tem eleição. A hora é agora!",1,1,0,https://twitter.com/Biakicis/status/1661772538207260673
Célia,@celiamatta,https://twitter.com/celiamatta/status/1661851660338044928,2023-05-25T21:48:06.000Z,Saudades,0,0,1,https://twitter.com/Biakicis/status/1661772538207260673
donizete Ferreira,@donizet55629675,https://twitter.com/donizet55629675/status/1662061959246692352,2023-05-26T11:43:45.000Z,Grande Jair se Deus quiser vai voltar a presidência tenho fe,0,0,0,https://twitter.com/Biakicis/status/1661772538207260673
Mia Um dia de cada vez,@PeregrineMia,https://twitter.com/PeregrineMia/status/1661838229023105035,2023-05-25T20:54:43.000Z,Ohhh como eu adoraria estar aí também 💜Linda foto e que Deus abençoe vcs que fazem um trabalho de excelência pelo nosso país.,0,0,0,https://twitter.com/Biakicis/status/1661772538207260673
rubens Alexandre of,@rubensa20462292,https://twitter.com/rubensa20462292/status/1662127627572740097,2023-05-26T16:04:41.000Z,"Dp Bia quanto mais acompanho seu trabalho em prol do Brasil, mais tenho a certeza de está no caminho certo apoiando pessoas como a senhora, obg",0,0,0,https://twitter.com/Biakicis/status/1661772538207260673
M#M,@MarciaF67763570,https://twitter.com/MarciaF67763570/status/1661841590854230032,2023-05-25T21:08:05.000Z,"💚💛🇧🇷meu eterno presidente,Deus o abençoe sempre 🙏🙌",0,0,0,https://twitter.com/Biakicis/status/1661772538207260673
Marcelo Dourado,@mrsdourado,https://twitter.com/mrsdourado/status/1662250159806332928,2023-05-27T00:11:35.000Z,🇧🇷🇧🇷🇧🇷🇧🇷🇧🇷,0,0,0,https://twitter.com/Biakicis/status/1661772538207260673
Julianaribeiro Ribeiro,@Juliana62996674,https://twitter.com/Juliana62996674/status/1661879283785125890,2023-05-25T23:37:52.000Z,"Vc esqueceu uma coisa essa coisa aí é EX,KKKKKKK",0,0,1,https://twitter.com/Biakicis/status/1661772538207260673
Zázas M,@ZazasM3,https://twitter.com/ZazasM3/status/1661782072631996427,2023-05-25T17:11:35.000Z,💞🙌,0,0,0,https://twitter.com/Biakicis/status/1661772538207260673
Luís Gustavo Lencast,@GuLencastre,https://twitter.com/GuLencastre/status/1662243083600240640,2023-05-26T23:43:28.000Z,Qdo estiver na Papuda não deixe de visitar tb.,0,0,0,https://twitter.com/Biakicis/status/1661772538207260673
Crys2023,@Ellay20007212,https://twitter.com/Ellay20007212/status/1662491189168177155,2023-05-27T16:09:21.000Z,"Dra. Ana Beatriz! Você nos faz falta aqui em Brasília, no Ministério Psiquiátrico ( a ser criado com urgência).",0,0,0,https://twitter.com/Biakicis/status/1661772538207260673
Azulão Azul,@AzuloAzul1,https://twitter.com/AzuloAzul1/status/1662346868595081217,2023-05-27T06:35:53.000Z,"E explica pra nós,  tia Bia.
Vc ficou molhadinha???",0,0,0,https://twitter.com/Biakicis/status/1661772538207260673
Jair alma sebosa,@paula_habedin,https://twitter.com/paula_habedin/status/1661817384414638082,2023-05-25T19:31:54.000Z,Eu adoraria estar assim pertinho dele.,0,1,0,https://twitter.com/Biakicis/status/1661772538207260673
nilson a shestchuk,@shestchuk,https://twitter.com/shestchuk/status/1661779710207045653,2023-05-25T17:02:11.000Z,"Que susto!!!!
Pensei que era a Janja 😬😬😬😂😂😂",0,0,0,https://twitter.com/Biakicis/status/1661772538207260673
Paulo Salles,@PauloSalles14,https://twitter.com/PauloSalles14/status/1662190826225582105,2023-05-26T20:15:49.000Z,Energias negativas nessa foto. Muitas...,0,0,0,https://twitter.com/Biakicis/status/1661772538207260673
Sonia Cristina,@SoniaCr72863806,https://twitter.com/SoniaCr72863806/status/1661810815975014400,2023-05-25T19:05:48.000Z,Saudades de ouvir o nosso presidente,0,0,0,https://twitter.com/Biakicis/status/1661772538207260673
Paola,@paola_leocadio,https://twitter.com/paola_leocadio/status/1661791659875598344,2023-05-25T17:49:40.000Z,"É tanta saudade e admiração! Que Deus abençoe nosso presidente, o melhor que o Brasil jamais teve 🙏🏻🇧🇷❣️",0,0,0,https://twitter.com/Biakicis/status/1661772538207260673
Hélder Delfino Lisboa,@HelderDelfino,https://twitter.com/HelderDelfino/status/1662110429546442753,2023-05-26T14:56:21.000Z,Tam visita na Papuda hoje????,0,0,0,https://twitter.com/Biakicis/status/1661772538207260673
Rosângela Allevato,@RosngelaAlleva2,https://twitter.com/RosngelaAlleva2/status/1661845194981949442,2023-05-25T21:22:24.000Z,"INVEJAAAAAAAA
DEUS NO CONTROLE 🙏",0,0,0,https://twitter.com/Biakicis/status/1661772538207260673
Helena Duarte,@HelenaD92516366,https://twitter.com/HelenaD92516366/status/1661802363361918976,2023-05-25T18:32:12.000Z,É verdade ! Nosso PR Bolsonaro ! ❤️🇧🇷,0,0,0,https://twitter.com/Biakicis/status/1661772538207260673
Nisia,@LoureiroNisia,https://twitter.com/LoureiroNisia/status/1661904843336826881,2023-05-26T01:19:26.000Z,🙏🏼🙏🏼🥰🥰,0,0,0,https://twitter.com/Biakicis/status/1661772538207260673
Sergio Levy,@sergiolevy47,https://twitter.com/sergiolevy47/status/1662494148132216837,2023-05-27T16:21:07.000Z,Parabéns obrigado por representa a todos,0,0,0,https://twitter.com/Biakicis/status/1661772538207260673
Rogersubs,@CabralRogers,https://twitter.com/CabralRogers/status/1661830351591710731,2023-05-25T20:23:25.000Z,"Caramba. Perdão, deputada. Na foto, pensei que fosse a Janja...😁😁😁",1,0,1,https://twitter.com/Biakicis/status/1661772538207260673
Aoliveira,@Ailtonrvd,https://twitter.com/Ailtonrvd/status/1662069533937487873,2023-05-26T12:13:51.000Z,A mim não representam.,0,0,3,https://twitter.com/Biakicis/status/1661772538207260673
Rubens C M Jr.,@rubensjr22,https://twitter.com/rubensjr22/status/1661881245599408129,2023-05-25T23:45:39.000Z,Quer ir para papuda junto dele?,0,0,4,https://twitter.com/Biakicis/status/1661772538207260673
CM,@cjgmatos7,https://twitter.com/cjgmatos7/status/1661884246502383617,2023-05-25T23:57:35.000Z,Nosso Presidente @jairbolsonaro,0,1,2,https://twitter.com/Biakicis/status/1661772538207260673
John Silva,@johnatanns94,https://twitter.com/johnatanns94/status/1661773733621641221,2023-05-25T16:38:27.000Z,Nosso eterno Presidente!,0,0,3,https://twitter.com/Biakicis/status/1661772538207260673
Samuel Paulino,@ADVOGADO_SP_zs,https://twitter.com/ADVOGADO_SP_zs/status/1661800568896061462,2023-05-25T18:25:05.000Z,Será que a Bia Kirchner vai se juntar aos protestos do dia 4? #MBL,0,1,1,https://twitter.com/Biakicis/status/1661772538207260673
Marcelo,@APazMeInvadiu,https://twitter.com/APazMeInvadiu/status/1661825790734901267,2023-05-25T20:05:18.000Z,"“Esconjuro, pé de pato Mangalô três vezes “",0,0,3,https://twitter.com/Biakicis/status/1661772538207260673
Rosa Cunha - jornalista,@Conservadora191,https://twitter.com/Conservadora191/status/1661791785994317824,2023-05-25T17:50:11.000Z,"Que susto deputada...
A senhora ficou muito parecida, fisicamente, com a primeira dama atual.",0,0,9,https://twitter.com/Biakicis/status/1661772538207260673
forte e paziente 22,@RosaMar19305421,https://twitter.com/RosaMar19305421/status/1661774455444590593,2023-05-25T16:41:19.000Z,Nosso legítimo presidente,1,0,2,https://twitter.com/Biakicis/status/1661772538207260673
Getúlio,@Gethulio,https://twitter.com/Gethulio/status/1661773646904393734,2023-05-25T16:38:06.000Z,"Ex-presidente, senhora deputada.",1,0,1,https://twitter.com/Biakicis/status/1661772538207260673
Sandra Gomes,@SandraG25138174,https://twitter.com/SandraG25138174/status/1661847609944813568,2023-05-25T21:32:00.000Z,Amiga eu votei nele nas duas eleições mas não o adoro pq só adoro o meu Deus e ele não Jeová Deus Jesus ele não então eu não me sinto aí e outra ele deveria ter feito mto em Brasília ter tirado essa corja toda do pt esses porcarias de juízes e não ter deixado o Lula se candidatar,0,1,1,https://twitter.com/Biakicis/status/1661772538207260673
#AdryLula13,@Adrysscamar1,https://twitter.com/Adrysscamar1/status/1661840262652370947,2023-05-25T21:02:48.000Z,Ex presidente 🤮🤮🤮🤮🤮,0,0,4,https://twitter.com/Biakicis/status/1661772538207260673
Marcos Nascimento,@MarcosN93988109,https://twitter.com/MarcosN93988109/status/1661863351356456960,2023-05-25T22:34:33.000Z,Abraça enquanto ele ainda está em liberdade,0,0,3,https://twitter.com/Biakicis/status/1661772538207260673
Dany,@dnlcav,https://twitter.com/dnlcav/status/1661872234720313344,2023-05-25T23:09:51.000Z,Não me representa!!,0,0,3,https://twitter.com/Biakicis/status/1661772538207260673
Kiko Christiano,@kikocast87,https://twitter.com/kikocast87/status/1661819296253657090,2023-05-25T19:39:29.000Z,Que presidente? Acorda !,0,0,3,https://twitter.com/Biakicis/status/1661772538207260673
Inara Pereira da Silva Birnfeld,@InaraBirnfeld,https://twitter.com/InaraBirnfeld/status/1661852609177608194,2023-05-25T21:51:52.000Z,Nosso eterno Presidente.,0,1,2,https://twitter.com/Biakicis/status/1661772538207260673
Célio Fernando S,@copo_ss,https://twitter.com/copo_ss/status/1662031703232114692,2023-05-26T09:43:31.000Z,"Quando fala em representatividade de milhões, LEMBRO DOS MILHÕES EM JOIAS ÁRABES QUE ESSE SENHOR TENTOU PASSAR A MÃO.",0,0,8,https://twitter.com/Biakicis/status/1661772538207260673
Professor Juarez Petralha,@sepumpodepha,https://twitter.com/sepumpodepha/status/1661898991649406976,2023-05-26T00:56:10.000Z,"Quero ver vocês todos fechados com Bolsonaro.
Não o abandonem, ninguém larga a mão de ninguém, ele vai precisar de vocês quando estiver preso.",0,0,5,https://twitter.com/Biakicis/status/1661772538207260673
