nome,usuario,idTweet,dataPublicacao,texto,replies,retweets,likes,tweetPai
Neiriberto Escritor Aposentado,@neiribertoesc,https://twitter.com/neiribertoesc/status/1661215903315292162,2023-05-24T03:41:49.000Z,"Obrigado, Cara Deputada Federal @apjunqueira por ter votado pela aprovação do Arcabouço Fiscal, e fico feliz que a Deputada diga de Público o que foi contra. Que Deus continue abençoando o seu Mandato. Boa noite bom descanso.",0,0,2,https://twitter.com/apjunqueira/status/1661212587860656129
Claudia Muriel,@Claudia95327239,https://twitter.com/Claudia95327239/status/1661467199792349188,2023-05-24T20:20:23.000Z,Deputada contamos com a sua assinatura para a CPI do abuso de autoridade,0,0,1,https://twitter.com/apjunqueira/status/1661212587860656129
Claudia Muriel,@Claudia95327239,https://twitter.com/Claudia95327239/status/1661467328801050624,2023-05-24T20:20:54.000Z,https://m.facebook.com/photo.php?fbid=815754496577699&id=100044294686379&set=a.535261354627016&mibextid=qC1gEa…,0,0,0,https://twitter.com/apjunqueira/status/1661212587860656129
Adams Brandao,@brandao_adams,https://twitter.com/brandao_adams/status/1661759835518500869,2023-05-25T15:43:13.000Z,"Sou a favor da punição... gestor que não tem Boa administração tem que ser exonerado, e ser penalizado por crime a humanidade 😉",0,0,0,https://twitter.com/apjunqueira/status/1661212587860656129
Jon,@otiojon,https://twitter.com/otiojon/status/1661752282789171200,2023-05-25T15:13:12.000Z,Vergonha!,0,0,1,https://twitter.com/apjunqueira/status/1661212587860656129
CINCINNATUS,@CINCINNATUS_BR,https://twitter.com/CINCINNATUS_BR/status/1661390918518284291,2023-05-24T15:17:16.000Z,"Parabéns deputada, tá até recebendo elogio de petista. Que vergonha pro pessoal de direita q votou em vc.",0,0,1,https://twitter.com/apjunqueira/status/1661212587860656129
claudia santos,@crodete,https://twitter.com/crodete/status/1661484385609175041,2023-05-24T21:28:41.000Z,Que pena. Achei que vc fosse contra.,0,0,1,https://twitter.com/apjunqueira/status/1661212587860656129
carmensilviasol,@carmensilviasol,https://twitter.com/carmensilviasol/status/1661500550683283458,2023-05-24T22:32:55.000Z,"Votou com o apoio e elogios de toda esquerda,deputada?Mostrou a que veio finalmente! Votou para liberar a farra do seu presidente com o prejuízo do povo,aumento de impostos e arrocho. Seus eleitores enganados não se esquecerão!",0,0,4,https://twitter.com/apjunqueira/status/1661212587860656129
