nome,usuario,idTweet,dataPublicacao,texto,replies,retweets,likes,tweetPai
Daniel Fernandes Figueiroa,@DaniFFigueiroa,https://twitter.com/DaniFFigueiroa/status/1663027106769403906,2023-05-29T03:38:54.000Z,"Bia , boa noite o povo está interessado em ir às ruas , mas não com pessoas que xingam o povo e ainda querem esse mesmo povo chamar , vamos marcar uma data um pouco mais a frente , inverter quem chama a população que tem que ser vcs que elegemos e respeitamos ,vamos organizar ?",3,0,2,https://twitter.com/Biakicis/status/1662980416704503808
Renato,@Renato615260113,https://twitter.com/Renato615260113/status/1663139579556241409,2023-05-29T11:05:50.000Z,"Bia,vc vai a manifestação do dia 04 de Junho?",1,0,0,https://twitter.com/Biakicis/status/1662980416704503808
Rolesp,@Rolesp1,https://twitter.com/Rolesp1/status/1662983955925069825,2023-05-29T00:47:26.000Z,"Me da um desanimo muito grande. Eles têm certeza que ficarão impunes. O que será que existe por traz de tudo isso ? Acho que teremos outra surpresa, a mesma que Bolsonaro teve no fim do mandato,  com os 5 generais.",0,1,2,https://twitter.com/Biakicis/status/1662980416704503808
Maso2306,@Maso2306118991,https://twitter.com/Maso2306118991/status/1662981321843515395,2023-05-29T00:36:58.000Z,"Deputada, esta senhora Eliziane Gama,  NÃO pode ser Relatora da CPMI, pela parcialidade dela com Ministro Flávio Dino e Governo.",1,0,6,https://twitter.com/Biakicis/status/1662980416704503808
Su,@suzucchetti,https://twitter.com/suzucchetti/status/1662995622561980416,2023-05-29T01:33:48.000Z,"O Sanderson está certo, qdo pergunta :"" o que os deputados federais fazem??""",0,0,0,https://twitter.com/Biakicis/status/1662980416704503808
joker.retro,@Tricolo57392121,https://twitter.com/Tricolo57392121/status/1662995607298998274,2023-05-29T01:33:44.000Z,👏👏🇧🇷,0,0,0,https://twitter.com/Biakicis/status/1662980416704503808
Edene Brito,@EdeneBrito,https://twitter.com/EdeneBrito/status/1663350960805093376,2023-05-30T01:05:47.000Z,#marcotemporalja,0,0,0,https://twitter.com/Biakicis/status/1662980416704503808
katallina,@rkatallina,https://twitter.com/rkatallina/status/1663011441803132928,2023-05-29T02:36:39.000Z,"Boa noi Bia. O que fazer com este desgoverno, que aliás permitiu a entrada do ditador Maduro hoje em nosso país.",0,0,0,https://twitter.com/Biakicis/status/1662980416704503808
Vanete ARAUJO Teixeira,@vanete_araujo,https://twitter.com/vanete_araujo/status/1663149939361234945,2023-05-29T11:47:00.000Z,"BOm dia, deputada!",0,0,0,https://twitter.com/Biakicis/status/1662980416704503808
Adry,@Adry773377,https://twitter.com/Adry773377/status/1663027102105436160,2023-05-29T03:38:53.000Z,"Bia, vocês precisam se unir e ver o que vão fazer. Vão ficar calados esperando a cassação de um por um, ou até a prisão? Se precisarem, fujam, mas denunciem o que está acontecendo aqui, botem a boca no trombone. Não dá mais pra fingir normalidade.",1,1,4,https://twitter.com/Biakicis/status/1662980416704503808
Mazzochi,@lemmy67514136,https://twitter.com/lemmy67514136/status/1662988997952434176,2023-05-29T01:07:28.000Z,"Vocês pulitiCUs frouxonaristas perderam completamente a moral perante a sociedade conservadora de direita desse país. Me arrisco a dizer,não sobrou um q não faça parte do sistema .",0,0,0,https://twitter.com/Biakicis/status/1662980416704503808
Andre ribeiro Vieira,@AndreribeiroVi1,https://twitter.com/AndreribeiroVi1/status/1663160128151904256,2023-05-29T12:27:29.000Z,Rainha da fake News,0,0,0,https://twitter.com/Biakicis/status/1662980416704503808
"Marcos ""Sic Semper Tyrannis""",@bringsmileback5,https://twitter.com/bringsmileback5/status/1663111942129479681,2023-05-29T09:16:00.000Z,"A semana:
Tudo bem com os funcionários públicos parasitas.
Ferro e impostos nos trabalhadores.",0,0,0,https://twitter.com/Biakicis/status/1662980416704503808
Ateu do Capeta,@Ateudocapeta666,https://twitter.com/Ateudocapeta666/status/1663003057636900864,2023-05-29T02:03:20.000Z,"Pelo cu arrombado de Jesus Cristo, o Filho de Deus! Para onde foram os homens de bens? Nos abandonaram? O que vai ser da moral judaico-cristã sem LSD e cocaína?",0,0,0,https://twitter.com/Biakicis/status/1662980416704503808
Osmar Drews,@ODrews220,https://twitter.com/ODrews220/status/1663151578277093377,2023-05-29T11:53:30.000Z,"Culpa dos 81 senadores covardes que tem medinho de fazer o impeachment do ministro Rei da Calvície do $TF.#SenadoFederalVergonhaNacional .
.@SenadoFederal .",0,0,0,https://twitter.com/Biakicis/status/1662980416704503808
"Sem Anistia ,Lula não teve",@Luisper12286576,https://twitter.com/Luisper12286576/status/1663146351968780291,2023-05-29T11:32:44.000Z,Vai trabalhar gente ou de seus lugares para quem quer.,0,0,0,https://twitter.com/Biakicis/status/1662980416704503808
Udo,@Udo17196510,https://twitter.com/Udo17196510/status/1663059456689688576,2023-05-29T05:47:27.000Z,https://twitter.com/Udo17196510/status/1663055797289467905?t=Pl_K-bNC9TLhNJ64JjBRqA&s=19…,0,0,0,https://twitter.com/Biakicis/status/1662980416704503808
