nome,usuario,idTweet,dataPublicacao,texto,replies,retweets,likes,tweetPai
Luiz Eduardo Galdino da Silva,@EduGaldinoMCZ,https://twitter.com/EduGaldinoMCZ/status/1663223092162838544,2023-05-29T16:37:41.000Z,"""Eu quelia ter ido tb...😥"" 🤣🤣🤣🤣🤣🤣🤣 Vá lá no evento do Flávio Dino p/ conhecer a macheza de novo...kkkkkkkk..",0,0,0,https://twitter.com/Alfredogaspar_/status/1662639157921865729
Jonathan Willians,@Jonathan_ws,https://twitter.com/Jonathan_ws/status/1662881663192387587,2023-05-28T18:00:58.000Z,E o que o parlamento tem feito? Poust? Nota de repúdio? ...,0,0,0,https://twitter.com/Alfredogaspar_/status/1662639157921865729
Ana Silva,@AnaSilv80672949,https://twitter.com/AnaSilv80672949/status/1663192877080498176,2023-05-29T14:37:37.000Z,A tão prometida picanha...,0,0,0,https://twitter.com/Alfredogaspar_/status/1662639157921865729
Mariejsc,@tulipacoelho,https://twitter.com/tulipacoelho/status/1662836285894000642,2023-05-28T15:00:39.000Z,"O parlamento precisa fazer um projeto  de lei urgente.  Ministro do supremo tem que mandato de 10 anos ,tem  que voltar a ser corte constitucional.  O congresso precisa fazer algo para a constituição voltar a ser respeitada",0,0,0,https://twitter.com/Alfredogaspar_/status/1662639157921865729
Mariejsc,@tulipacoelho,https://twitter.com/tulipacoelho/status/1662837015111520262,2023-05-28T15:03:33.000Z,"Alagoas não tem representantes no senado, os três senadores do estado trabalham contra o país e não  podemos esperar nada deles, na Câmara temos você que não tem medo de falar mas sozinho não pode fazer muito",0,0,0,https://twitter.com/Alfredogaspar_/status/1662639157921865729
Patricia Fink,@PatiFm1972,https://twitter.com/PatiFm1972/status/1662640237539999745,2023-05-28T02:01:37.000Z,Não vão nem disfarçar né?,0,0,0,https://twitter.com/Alfredogaspar_/status/1662639157921865729
Dayvson Fernandes,@ODayvson,https://twitter.com/ODayvson/status/1662877472789086209,2023-05-28T17:44:18.000Z,Que assim seja amém!,0,0,0,https://twitter.com/Alfredogaspar_/status/1662639157921865729
Mariejsc,@tulipacoelho,https://twitter.com/tulipacoelho/status/1662838003847290886,2023-05-28T15:07:28.000Z,"O senhor Arthur Lira é uma vergonha para o estado, um homem sem honra e um político com etiqueta de preço.  Arthur Lira e Pacheco são as maiores desgraças do Brasil, ele vão entrar para a história como os homens que destruíram a democracia.",0,0,0,https://twitter.com/Alfredogaspar_/status/1662639157921865729
Victor Wanderley,@Victor_Viana_W,https://twitter.com/Victor_Viana_W/status/1663000332522102786,2023-05-29T01:52:30.000Z,"Já passou da hora do congresso reagir, criar leis que revise decisões desses ditadores",0,0,0,https://twitter.com/Alfredogaspar_/status/1662639157921865729
Roseane Costa,@RcRoseanecostta,https://twitter.com/RcRoseanecostta/status/1662640410651422721,2023-05-28T02:02:18.000Z,Fato Deputado!!,0,0,0,https://twitter.com/Alfredogaspar_/status/1662639157921865729
