nome,usuario,idTweet,dataPublicacao,texto,replies,retweets,likes,tweetPai
Felipe D'Avila,@fdavilaoficial,https://twitter.com/fdavilaoficial/status/1662181967515795469,2023-05-26T19:40:37.000Z,"Parabéns pela atuação firme e coerente de sempre, @adriventurasp.",0,0,16,https://twitter.com/adriventurasp/status/1662156935276142594
Valéria Luqui,@Valeria_Luqui,https://twitter.com/Valeria_Luqui/status/1662296650646159363,2023-05-27T03:16:20.000Z,"Obrigada, Sra. Deputada Adriana Ventura ! 👏🏻👏🏻👏🏻👏🏻🇧🇷Seu mandato segue priorizando o bem público do nosso Brasil, com transparência e bom senso!
Me representa!

Obs.: Por favor, seria possível levantar montante por UF ?
Tenho a impressão que SP arrecada muito e recebe pouco.",0,0,0,https://twitter.com/adriventurasp/status/1662156935276142594
Gabriel Maia,@Gabriel88233117,https://twitter.com/Gabriel88233117/status/1662170845488246784,2023-05-26T18:56:25.000Z,👏👏👏,0,0,0,https://twitter.com/adriventurasp/status/1662156935276142594
Anubis Investor,@MaksudMiguel,https://twitter.com/MaksudMiguel/status/1662183754666786822,2023-05-26T19:47:43.000Z,Quero né filiar no futuro,0,0,2,https://twitter.com/adriventurasp/status/1662156935276142594
Christian Moreira,@ChrisMoreiraEmp,https://twitter.com/ChrisMoreiraEmp/status/1662157804012961792,2023-05-26T18:04:36.000Z,Orgulho da melhor deputada do Brasil.,0,0,4,https://twitter.com/adriventurasp/status/1662156935276142594
rosimeire amarante,@rosimeire1717,https://twitter.com/rosimeire1717/status/1663261841915539458,2023-05-29T19:11:39.000Z,Espero que consigam porque o Brasil vsi de mal a pior!quem vai no supermercado hm volta desesperado.,0,0,0,https://twitter.com/adriventurasp/status/1662156935276142594
Gustavo Augusto Keusch Albano Nogueira,@AugustoKeusch,https://twitter.com/AugustoKeusch/status/1662464479420973060,2023-05-27T14:23:13.000Z,Liberal enganador… liberal de verdade não faz uso de dinheiro público.,0,0,0,https://twitter.com/adriventurasp/status/1662156935276142594
Sol,@GraceFl66090246,https://twitter.com/GraceFl66090246/status/1662186345429626880,2023-05-26T19:58:01.000Z,Parabéns Adriana! Parabéns ao partido NOVO! Votei 30 e não me arrependo,0,0,0,https://twitter.com/adriventurasp/status/1662156935276142594
Mariano Gaccione Jr.,@gaccionejr,https://twitter.com/gaccionejr/status/1662184411415080960,2023-05-26T19:50:20.000Z,Disse aquela que votou contra o voto impresso auditável…,0,0,1,https://twitter.com/adriventurasp/status/1662156935276142594
Gustavo,@degengambler123,https://twitter.com/degengambler123/status/1662256888371658754,2023-05-27T00:38:20.000Z,O novo não é aquele partido que se uniu ao psol e pt para ir contra a privatizaçao da eletrobras? Aquele que o ex presidente do partido recomendou voto no lula?,0,0,0,https://twitter.com/adriventurasp/status/1662156935276142594
Fabiano Rodrigues,@fabianoLR,https://twitter.com/fabianoLR/status/1662158348521701376,2023-05-26T18:06:46.000Z,Vcs erraram deixaram o Amoedo destruir o Novo!!,0,0,0,https://twitter.com/adriventurasp/status/1662156935276142594
"Groot ➲ Deus, Família e Liberdade %",@vidapsico,https://twitter.com/vidapsico/status/1662175474066309139,2023-05-26T19:14:49.000Z,Flopandooo 🤣🤣🤣,1,0,0,https://twitter.com/adriventurasp/status/1662156935276142594
Filipe Braga,@FilipeB66538251,https://twitter.com/FilipeB66538251/status/1662242697338408961,2023-05-26T23:41:56.000Z,Mas ninguém vê isso.,0,0,0,https://twitter.com/adriventurasp/status/1662156935276142594
