nome,usuario,idTweet,dataPublicacao,texto,replies,retweets,likes,tweetPai
Um Astronauta Perdido,@UmastronautaP,https://twitter.com/UmastronautaP/status/1663384237020512256,2023-05-30T03:18:00.000Z,@ReplyGPT,1,0,0,https://twitter.com/Biakicis/status/1662967877379448832
PauloCosta_Oficial,@PauloCostaOfic2,https://twitter.com/PauloCostaOfic2/status/1662972670894395394,2023-05-29T00:02:35.000Z,"Deputada.
Pergunte ao @FabioPorchat o que ele acha do vídeo abaixo do @antoniotabet sobre o Gilmar Mendes....",6,52,283,https://twitter.com/Biakicis/status/1662967877379448832
Luiz Eduardo,@Luiz_esantos10,https://twitter.com/Luiz_esantos10/status/1663163560082436096,2023-05-29T12:41:07.000Z,Parece que ele está em algum personagem bocó dos porta dos fundos,0,1,41,https://twitter.com/Biakicis/status/1662967877379448832
Girardão,@girardi7426,https://twitter.com/girardi7426/status/1663318230570606592,2023-05-29T22:55:43.000Z,ooooo deputag vai trabalhar e saia da internet,0,1,3,https://twitter.com/Biakicis/status/1662967877379448832
Paulo Matsumoto,@PauloMatsumoto,https://twitter.com/PauloMatsumoto/status/1662983192461160448,2023-05-29T00:44:24.000Z,"Qto mais ele fala, mais se complica… oq era uma duvida, começa a ter contornos sombrios sobre seu caráter… resta ainda a dúvida se está colocando um preço ou se vale tudo, até mesmo jogar o seu amigo aos leões… melhor o silêncio e muita reflexão.",2,0,27,https://twitter.com/Biakicis/status/1662967877379448832
Gell,@gelkadosh,https://twitter.com/gelkadosh/status/1663200658386722816,2023-05-29T15:08:32.000Z,Então ta @FabioPorchat eu como Cristã a partir de hoje denunciarei tudo que você fala sobre o meu Salvador Jesus Cristo e tudo que é ligado ao cristianismo.,0,0,12,https://twitter.com/Biakicis/status/1662967877379448832
CANAL DO ALBERGADO!,@adolfocr7521,https://twitter.com/adolfocr7521/status/1662972434641764354,2023-05-29T00:01:39.000Z,Insentao.,0,0,2,https://twitter.com/Biakicis/status/1662967877379448832
Benveniste,@yitzhari,https://twitter.com/yitzhari/status/1662993942101602304,2023-05-29T01:27:07.000Z,"Eu não sou cristão.
Mas, o que mais prezo, é o respeito mútuo!
Se o fato de eu não ser cristão não me permite por minha moral desrespeitar meus vizinhos e amigos cristão, quanto mais uma pessoa que foi batizada quando criança, pode fazer algo assim!",0,0,21,https://twitter.com/Biakicis/status/1662967877379448832
Real Independência.,@Realndependence,https://twitter.com/Realndependence/status/1662979946522738691,2023-05-29T00:31:30.000Z,Esse pessoal deve achar que ainda está a época da TV e do rádio apenas ...  Deveriam acordar que a era da internet não perdoa. E uma memória gigantesca,0,0,9,https://twitter.com/Biakicis/status/1662967877379448832
Lou Novak,@Lou_novak,https://twitter.com/Lou_novak/status/1662986162615492609,2023-05-29T00:56:12.000Z,"Como é fácil ser patrocinado pela Lei Rouanet .
E só está no lugar certo com pessoas certas e apoiá-los incondicionalmente.",1,3,47,https://twitter.com/Biakicis/status/1662967877379448832
Paulo,@Cayresssss,https://twitter.com/Cayresssss/status/1663624711614484480,2023-05-30T19:13:34.000Z,"Porchat e duvivier apoiaram um governo totalitário que não demorou para mostrar as garras. Agora que os comediantes estão sendo censurados graças a este apoio , porchat se apressa em limpar a própria barra, provavelmente instruído por uma equipe de imagem.hipocrisia e política só",1,0,0,https://twitter.com/Biakicis/status/1662967877379448832
Wellington Santos,@WellingtonWSW,https://twitter.com/WellingtonWSW/status/1662968619536449537,2023-05-28T23:46:30.000Z,"Hipocrisia, a gente vê em quem defende o comunismo 🤡👍🏽",2,1,71,https://twitter.com/Biakicis/status/1662967877379448832
onias viana santos,@oniasviana,https://twitter.com/oniasviana/status/1662994840244609027,2023-05-29T01:30:41.000Z,O homem perece como a erva do campo tem o seu momento de glória nasce cresse fica linda maravilhosa mas mucha e tetora aterra então o que pensar de um cara que acha que sabe tudo e só fala asneira se eu fosse ele tbm estaria preocupado porque sempre tem o bem e o mal,1,0,3,https://twitter.com/Biakicis/status/1662967877379448832
Mercia Teodozio,@merciateodozio,https://twitter.com/merciateodozio/status/1663132781440819202,2023-05-29T10:38:49.000Z,"Com certeza só se retratou  por que foi criticado. Mas, eu nunca vi ninguém zombar de Deus e se dá bem. Ele nem precisa fazer muito esforço pra lembrar de um coleguinha q zombou e foi logo embora, no auge da fama, e faz pouco tempo. Se tá arrependido peça perdão a Deus.",0,0,3,https://twitter.com/Biakicis/status/1662967877379448832
evandro gomes dias,@evandrogomesdia,https://twitter.com/evandrogomesdia/status/1663230456215531520,2023-05-29T17:06:56.000Z,"Tem que deixar de dar ibope a essa gente, eles não tem competência para nada e vive de polêmica para ficar em evidência, não falam nada que preste mesmo são uns 🐀de esgoto…ignorar seria a melhor coisa",0,0,3,https://twitter.com/Biakicis/status/1662967877379448832
RN N,@RNN58889280,https://twitter.com/RNN58889280/status/1663179173093949441,2023-05-29T13:43:09.000Z,"O pensamento do tolo é pecado, e é abominável aos homens o escarnecedor.
Quanto ao perverso, as suas iniquidades o prenderão, e com as cordas do seu pecado será detido. 
Provérbios 5:22",0,0,2,https://twitter.com/Biakicis/status/1662967877379448832
AMBROSINA MARIA DE JESUS VAZ MACEDO,@ambrosina_vaz,https://twitter.com/ambrosina_vaz/status/1663153359510011907,2023-05-29T12:00:35.000Z,Que cara de Pau!! Como é triste assistir as pessoas normalizarem e depois simplesmente se desculparem sobre algo tão superior do que a própria mente pode entender.  Brincar com a crença das pessoas. Respeito é algo banalizado hj em dia!,0,0,2,https://twitter.com/Biakicis/status/1662967877379448832
CharlesdoBrasil,@PallasCat12,https://twitter.com/PallasCat12/status/1663035417745059842,2023-05-29T04:11:55.000Z,"Interessante então porque não faz piada com budistas, judeus e Islamismo da mesma forma que fica  fazendo com os cristãos e católicos? Piada é quando todos riem e não quando a pessoa que acha que fez uma piada acha graça que aliás nunca foi sua praia fazer humor...",0,0,15,https://twitter.com/Biakicis/status/1662967877379448832
Rodrigo Tavares - Maguilla,@RodrigoMaguilla,https://twitter.com/RodrigoMaguilla/status/1662972629601472516,2023-05-29T00:02:26.000Z,"Fazem um verdadeiro escárnio com o nome do Cristo, mas são incapazes de pensar que isso não agride a ninguém e que nesta caso os cristãos não são minorias.
Muito difícil estes tempos, porém, sei que meu Pai tem tudo sobre controle",0,3,21,https://twitter.com/Biakicis/status/1662967877379448832
Chokito fjv,@JailsonMendona8,https://twitter.com/JailsonMendona8/status/1662973299637338113,2023-05-29T00:05:05.000Z,Eu até hoje não considero esse 💩  comediante 🤮,0,0,5,https://twitter.com/Biakicis/status/1662967877379448832
Daniel,@DanielN13352862,https://twitter.com/DanielN13352862/status/1662978882276929537,2023-05-29T00:27:16.000Z,"Dizer o que sobre essa pessoa, gostaria de poder dizer livremente o que penso sobre ele, infelizmente não posso. O posso dizer é que essa pessoa que não e confiável e não devemos acreditar em nada que esse senhor fale.",0,0,7,https://twitter.com/Biakicis/status/1662967877379448832
Erivaldo Mello,@ErivaldoMello8,https://twitter.com/ErivaldoMello8/status/1663122719251021825,2023-05-29T09:58:50.000Z,"Continue zombando de Deus e das coisas divinas enquanto puder, pois chegará o dia da prestação de contas.",0,0,6,https://twitter.com/Biakicis/status/1662967877379448832
Sandra Ricciardi,@SandraRicciar14,https://twitter.com/SandraRicciar14/status/1663011330691944449,2023-05-29T02:36:13.000Z,🤮🤮🤮🙏🏼,0,0,0,https://twitter.com/Biakicis/status/1662967877379448832
Fabio_Silva,@FabioSi50054888,https://twitter.com/FabioSi50054888/status/1663130840686010368,2023-05-29T10:31:06.000Z,"Enquanto a liberdade de expressão for porta de entrada para agredir a fé e as boas práticas vai ser assim que acabara , um simples pedido de desculpas.",0,0,1,https://twitter.com/Biakicis/status/1662967877379448832
Ronaldo Campelo,@ronaldocampelo,https://twitter.com/ronaldocampelo/status/1663078096252141568,2023-05-29T07:01:31.000Z,"Essa é a hipocrisia. Falou bonito muito linda a fala, inteligente intelectual. Fala uma coisa e faz outra totalmente diferente. Pensa que engana que!?",0,0,1,https://twitter.com/Biakicis/status/1662967877379448832
Lucinha Schlee,@SchleeLucia,https://twitter.com/SchleeLucia/status/1663656215912513536,2023-05-30T21:18:45.000Z,🤮🤮🤮🤮🤮🤮🤮🤮🤮🤮🤮,0,0,0,https://twitter.com/Biakicis/status/1662967877379448832
Santo Joaquim Lopes Alarcon,@joaquim_alarcon,https://twitter.com/joaquim_alarcon/status/1663136114222280704,2023-05-29T10:52:03.000Z,Esse ser para mim é uma nulidade tão grande tão inexpressivo que seus comentários são ignorados,0,0,8,https://twitter.com/Biakicis/status/1662967877379448832
Bruno Morandi Tavares,@morandi_tavares,https://twitter.com/morandi_tavares/status/1663215049706553344,2023-05-29T16:05:43.000Z,"Já parei de assistir esse rapaz faz tempo, mas agora ele chegou em uma encruzilhada, o que ele falar, estará se contradizendo.
Quero ver sair dessa.....",0,0,1,https://twitter.com/Biakicis/status/1662967877379448832
Edilson,@Edilson66243518,https://twitter.com/Edilson66243518/status/1663193449615556609,2023-05-29T14:39:53.000Z,"Penso, despenso, ou dispenso o pensamento, porque, na verdade, não penso por mim, mas por quem me paga para pensar, ainda que não seja o que  realmente pense. Logo, talvez exista, ou quem sabe, arrume um espaco dentro da bolha de privilégios.
Desde que eu me dê bem, que mal tem?",0,0,0,https://twitter.com/Biakicis/status/1662967877379448832
Marcio Santos,@8734db3173d0461,https://twitter.com/8734db3173d0461/status/1663511502643425282,2023-05-30T11:43:43.000Z,"A liberdade de expressão não escolhe lados ou ideologias, como vem aconteceu no Brasil. Hoje, nós estamos vendo uma liberdade seletiva advinda de uma ""Suprema Corte"". A vida está muito fácil para vcs que tem voz e proteção jurídica.",0,0,0,https://twitter.com/Biakicis/status/1662967877379448832
Darth de Morais,@DarthMorais,https://twitter.com/DarthMorais/status/1663178323525087232,2023-05-29T13:39:47.000Z,"Na vdd ele se concentra em ofender as maiorias, por isso é tão odiado e classificado como um humorista de péssima qualidade, aliás nem merece ser chamado de humorista...",0,0,0,https://twitter.com/Biakicis/status/1662967877379448832
simone ascenco,@simone_ascenco,https://twitter.com/simone_ascenco/status/1663606273105965059,2023-05-30T18:00:18.000Z,"Deixa eu te fala @FabioPorchat  Deus nao se deixa escarnecer ...quer um conselho real vai se redimir com ele e bem rápido tá ...só um conselho ..não brinca com Deus não !!! Brinca com tudo, faz humor de tudo ,mas do Senhor dos exércitos não ...coloque amor nas minhas palavras..",0,0,0,https://twitter.com/Biakicis/status/1662967877379448832
Assis Nunes,@AssisNunes15468,https://twitter.com/AssisNunes15468/status/1663865988268412928,2023-05-31T11:12:19.000Z,Uma hora você vai presta conta com Jesus...e outra espere fecha os olhos e não acorda pq se fica aqui na terra vai sobre e muitos.vai tá aqui pra ver 🙏,0,0,0,https://twitter.com/Biakicis/status/1662967877379448832
Moises Lopes,@L25301614Lopes,https://twitter.com/L25301614Lopes/status/1663525713943691274,2023-05-30T12:40:11.000Z,"Você pede desculpas as pessoas como se elas tivessem a obrigação de te perdoar, você cometeu um grande pecado, e é com DEUS que você vai prestar contas.",0,0,0,https://twitter.com/Biakicis/status/1662967877379448832
Solaine,@Solaine47436348,https://twitter.com/Solaine47436348/status/1663993279115821058,2023-05-31T19:38:07.000Z,"Ah ta ... que foi andou perdendo seguidores? Perdeu expressao? Algo aconteceu , ou sera que esta com medo do rumo que as coisas estao tomando ? Heim... ?",0,0,0,https://twitter.com/Biakicis/status/1662967877379448832
Douglas Prehl,@douglas_prehl,https://twitter.com/douglas_prehl/status/1663616686124154882,2023-05-30T18:41:41.000Z,"Precisa de coragem para assumir um erro e mais coragem ainda para se posicionar. Independente do que foi dito ou escrito, aqui está a correção de forma clara e concisa! Parabéns!",0,0,0,https://twitter.com/Biakicis/status/1662967877379448832
tere,@tererzhotmailc1,https://twitter.com/tererzhotmailc1/status/1663368488864366592,2023-05-30T02:15:26.000Z,"Ah tá...um ser de vigésima primeira dimensão iria perder tempo com a ideia dessa ""magnitude "".... Ele te ama... mas pela magnitude do Amor.",0,0,0,https://twitter.com/Biakicis/status/1662967877379448832
Gjoca,@Geovane23943526,https://twitter.com/Geovane23943526/status/1663484540566773760,2023-05-30T09:56:35.000Z,Será que tem gente que vai em show ou compra o que esse cara anuncia,0,0,0,https://twitter.com/Biakicis/status/1662967877379448832
Humberto Accica Neto,@accica_neto,https://twitter.com/accica_neto/status/1663478434767544322,2023-05-30T09:32:19.000Z,"Taí uma pessoa que passei a ter a certeza absoluta que é um grandíssimo idiota,e olha que é só minha opinião,na verdade tenho mais adjetivos pesados pra ele,mas é minha opinião e nem é piada",0,0,0,https://twitter.com/Biakicis/status/1662967877379448832
Save,@AvellarSave,https://twitter.com/AvellarSave/status/1663292071573110785,2023-05-29T21:11:46.000Z,"Gostaria muito de vê-lo fazendo piadinha com Maomé…. O Islã iria achar muito engraçado, inclusive. 
Mas, misteriosamente, NINGUÉM faz piada com eles.",0,0,0,https://twitter.com/Biakicis/status/1662967877379448832
Marisa Marchetti,@MarisaMarchett1,https://twitter.com/MarisaMarchett1/status/1663012899726434304,2023-05-29T02:42:27.000Z,Kkkkk Até  parece !!!! Sempre fez piada de mau gosto com o Presidente Bolsonaro .Já  esqueceu ??? Ou está  também reescrevendo a história ????,0,0,0,https://twitter.com/Biakicis/status/1662967877379448832
Erivaldo Castro,@erivaldocastro,https://twitter.com/erivaldocastro/status/1663906827015266310,2023-05-31T13:54:36.000Z,"O que não se faz por um holofote, até criar polêmicas desnecessárias. Por mim ignoro e silêncio, não toco música para doido dançar.",0,0,0,https://twitter.com/Biakicis/status/1662967877379448832
bety,@LisboaOrsi,https://twitter.com/LisboaOrsi/status/1663149554059837440,2023-05-29T11:45:28.000Z,Está se retratando agora por conta da censura que um colega humorista sofreu com o atual governo. Quanta hipocrisia.,0,0,0,https://twitter.com/Biakicis/status/1662967877379448832
Joao Freitas,@JoaoFre05329023,https://twitter.com/JoaoFre05329023/status/1663292872244838402,2023-05-29T21:14:57.000Z,"Isso é um absurdo, 
Esse cara não deve ter família e muito menos noção do que é Jesus e o que representa.
A conta chega e Deus está vendo.",0,0,0,https://twitter.com/Biakicis/status/1662967877379448832
Reginaldo,@regiscandido,https://twitter.com/regiscandido/status/1663689654233595906,2023-05-30T23:31:38.000Z,"Galera !!! é simples, vamos fazer uma campanha, divulguem aí, ninguem assiste nada, não compra nada que esse indivíduo estiver fazendo ou anunciando",0,0,0,https://twitter.com/Biakicis/status/1662967877379448832
Luiz Canevali,@CanevaliLu82107,https://twitter.com/CanevaliLu82107/status/1663535028343545857,2023-05-30T13:17:12.000Z,"Isso já tem na Constituição federal, quem se sentir ofendido busca a justiça não precisamos de mais leis.",0,0,0,https://twitter.com/Biakicis/status/1662967877379448832
Everton Soares Bourguignon,@EvertonSoaresB5,https://twitter.com/EvertonSoaresB5/status/1663228184412684289,2023-05-29T16:57:55.000Z,"Cara só de faltar atrás e se retratar está bom demais, Deus tá vendo isto. Não se preocupe com o passado do que foi dito ou não o vale é isto",0,0,0,https://twitter.com/Biakicis/status/1662967877379448832
DEDE VINTEDOIS,@vintedoisd731,https://twitter.com/vintedoisd731/status/1662993417335341059,2023-05-29T01:25:02.000Z,"Está no Youtube, Porchat faz piada com a sexualidade da mãe de um personagem, chamando a mãe do menino de CARLÃO, fazendo sátira com a sexualidade, por não ser a mãe do menino uma ""mulher"" que ele julgou naquele momento ""convencional"", homofobia TRANSPARENTE. Uma pena o que fez.",0,3,7,https://twitter.com/Biakicis/status/1662967877379448832
Rildo Gerlan,@rildogerlan,https://twitter.com/rildogerlan/status/1663187100412379139,2023-05-29T14:14:39.000Z,"A turma a qual ele vendeu a alma, devem ter conversado no pé da orelha dele. Aí percebeu que não poderia falar o que disse. kkkkkkkkkkkkkkkkk",0,0,1,https://twitter.com/Biakicis/status/1662967877379448832
Anderson da Silva carregal,@carregal_da,https://twitter.com/carregal_da/status/1663205943604019201,2023-05-29T15:29:32.000Z,"Parabéns pra ele, todos temos o direito de conhecer nosso erro e corrigi nossa direção,  isso é democracia",0,0,0,https://twitter.com/Biakicis/status/1662967877379448832
Maria,@MLourdes1973,https://twitter.com/MLourdes1973/status/1662975795277582338,2023-05-29T00:15:00.000Z,🤡,0,0,0,https://twitter.com/Biakicis/status/1662967877379448832
Kylvio Oliveira,@Kylvio,https://twitter.com/Kylvio/status/1663226479574908929,2023-05-29T16:51:08.000Z,"@FabioPorchat esqueceu dos diversos vídeos que você fez fazendo piada com religião? 
Memória curta a sua não",0,0,1,https://twitter.com/Biakicis/status/1662967877379448832
ivanzzinyy,@ivanzzinyy,https://twitter.com/ivanzzinyy/status/1663130267886690304,2023-05-29T10:28:49.000Z,"Galera que se ofendeu faça como eu, não assisti mais esses ator! Pronto boicota e entraram em decadência!",0,0,1,https://twitter.com/Biakicis/status/1662967877379448832
Marlene Zielinski,@marlenelinski72,https://twitter.com/marlenelinski72/status/1663330406102364163,2023-05-29T23:44:06.000Z,Eu ainda vou viver para ver o peso e as consequências das suas zombarias com o nome e Cristo. Terríveis coisas virão sobre você…😭,1,0,1,https://twitter.com/Biakicis/status/1662967877379448832
Leonardo Gardioli Batista,@GardioliBatista,https://twitter.com/GardioliBatista/status/1663132066169466880,2023-05-29T10:35:58.000Z,"De Deus não se zomba. Fazer brincadeira com coisas sagradas não e nada sábio. Desrespeitar a religião das pessoas não e humor, e sim idiotice.",0,0,1,https://twitter.com/Biakicis/status/1662967877379448832
Eliana Zani,@ZaniniLi,https://twitter.com/ZaniniLi/status/1663316127886319618,2023-05-29T22:47:22.000Z,Babaca,0,0,1,https://twitter.com/Biakicis/status/1662967877379448832
Zoênio,@zoeniogueiros,https://twitter.com/zoeniogueiros/status/1663034545245962242,2023-05-29T04:08:27.000Z,"Esse povo brinca com coisa séria, depois o Senhor se zanga e eles vão reclamar das consequências, mas pode ser tarde demais. 
Rm 2:4",0,0,3,https://twitter.com/Biakicis/status/1662967877379448832
willian,@willian60155508,https://twitter.com/willian60155508/status/1662985299226423296,2023-05-29T00:52:46.000Z,É com isso que a senhora tem que se preocupar !,1,4,26,https://twitter.com/Biakicis/status/1662967877379448832
Mr,@florzinha___44,https://twitter.com/florzinha___44/status/1663150337958506501,2023-05-29T11:48:35.000Z,Ele tem que se justificar  e com Deus é pedir perdão ao todo poderoso pela palhaçada e falta de respeito com Deus,0,0,2,https://twitter.com/Biakicis/status/1662967877379448832
Fátima Aparecida do Nascimento,@FtimaAp46957816,https://twitter.com/FtimaAp46957816/status/1663005759712395264,2023-05-29T02:14:04.000Z,"Quanta hipocrisia numa só pessoa, farta de tanta gente tentando nos enganar.",0,0,1,https://twitter.com/Biakicis/status/1662967877379448832
Fátima Melo,@FtimaMe96655551,https://twitter.com/FtimaMe96655551/status/1664078822227038208,2023-06-01T01:18:02.000Z,Fábio sempre assisti teus programa  mais respeita Deus com ele não se brinca,0,0,0,https://twitter.com/Biakicis/status/1662967877379448832
Elizio Silva,@Elizioelgato,https://twitter.com/Elizioelgato/status/1663111438167146497,2023-05-29T09:14:00.000Z,Tenho certeza que Deus está vendo essas blasfêmias que ele tem falado. Pelo menos tá vivo ainda pra tentar pedir perdão,0,0,1,https://twitter.com/Biakicis/status/1662967877379448832
Marcelo Machado,@marcelom007,https://twitter.com/marcelom007/status/1662968857462550534,2023-05-28T23:47:26.000Z,"A questão aqui é que como cristãos são a maioria, pra ele está liberado fazer “humor”.",0,0,7,https://twitter.com/Biakicis/status/1662967877379448832
ASQR,@Aninha25052632,https://twitter.com/Aninha25052632/status/1662969843912417280,2023-05-28T23:51:21.000Z,HIPOCRISIA,0,1,4,https://twitter.com/Biakicis/status/1662967877379448832
Flor de Maria,@Flor220770,https://twitter.com/Flor220770/status/1663358744737054720,2023-05-30T01:36:43.000Z,"Vai se arrepender por resto da vida, Deus não se deixa escanecer",0,0,1,https://twitter.com/Biakicis/status/1662967877379448832
Maria Ione Thomaz Felippe,@thomaz_felippe,https://twitter.com/thomaz_felippe/status/1662976191651803141,2023-05-29T00:16:35.000Z,"Gente como você já me deixou muito irada por denigrirem e debocharem de Jesus, mas meditando na palavra do Senhor, meu sentimento mudou, o que eu sinto é piedade e compaixão por saber que Ele deu a sua vida por você, e no entanto a sua escolha será passar a eternidade no inferno.",1,0,45,https://twitter.com/Biakicis/status/1662967877379448832
Space Gekko,@SpaceGekko,https://twitter.com/SpaceGekko/status/1663150611875889153,2023-05-29T11:49:40.000Z,"2023 e tem gente que leva religião a sério? 😂Por isso humanidade tá estagnada, religião é o próximo câncer que o planeta precisa se livrar.",1,0,1,https://twitter.com/Biakicis/status/1662967877379448832
C Mam,@CMam55405155402,https://twitter.com/CMam55405155402/status/1663101610552090624,2023-05-29T08:34:57.000Z,"Compartilho da sua dor…
SQN…😆",1,0,2,https://twitter.com/Biakicis/status/1662967877379448832
Rick Hasmann,@HasmannRick,https://twitter.com/HasmannRick/status/1662980800617357316,2023-05-29T00:34:54.000Z,É um arregão só isso… isso é o que acontece quando o cara quer lacrar pra ganhar público e depois vira refém da lacração…,1,0,6,https://twitter.com/Biakicis/status/1662967877379448832
Marcos Rodriguez,@MRodriguez02,https://twitter.com/MRodriguez02/status/1662979309236092929,2023-05-29T00:28:58.000Z,"Confundir falta de respeito com Humor é uma hipocrisia sem limites. Não te desejo nada de mal, mas você acionou o fatal usando o nome de quem te salvou em vão.",0,0,6,https://twitter.com/Biakicis/status/1662967877379448832
Darlene Paulino,@drlnpaulino,https://twitter.com/drlnpaulino/status/1663013758132797441,2023-05-29T02:45:51.000Z,"Aguardo ansiosamente aquele momento:""...Todo joelho se dobrará  e toda a língua confessará que Jesus Cristo é o Senhor.""",0,1,4,https://twitter.com/Biakicis/status/1662967877379448832
Ark Yurnion,@LuizHen60260125,https://twitter.com/LuizHen60260125/status/1663019544858820609,2023-05-29T03:08:51.000Z,"Será que sou o único que acha que esse cara não consegue promover humor algum?
Nunca foi e provavelmente não será engraçado nunca.
Mama na ""teta ruanê"", então sempre ficará do lado que convém. 
Discursinho furado.",0,0,16,https://twitter.com/Biakicis/status/1662967877379448832
Alba Fiaminghi,@fiaminghi_alba,https://twitter.com/fiaminghi_alba/status/1662970403570982912,2023-05-28T23:53:35.000Z,Como sempre desrespeitando quem não é da turma dele,0,0,3,https://twitter.com/Biakicis/status/1662967877379448832
"Foro do Rio, O Antagônico do Foro de São Paulo",@foro_rio,https://twitter.com/foro_rio/status/1662969765860605953,2023-05-28T23:51:03.000Z,Nessa exceção foi escolher justamente Jesus pra fazer essa piada.,0,0,5,https://twitter.com/Biakicis/status/1662967877379448832
ROGERIO BATISTA,@mrbicudo,https://twitter.com/mrbicudo/status/1662971127243718661,2023-05-28T23:56:27.000Z,"Que mundo vive esse ser, socorro, vergonha",0,0,3,https://twitter.com/Biakicis/status/1662967877379448832
Justice Justo,@JusticeJusto7,https://twitter.com/JusticeJusto7/status/1663142621169025025,2023-05-29T11:17:55.000Z,"Pra mim, cancelado,o povo ainda dá palco,pra esse cara ,gente ele perdeu muitos seguidores, isso e uma bosta",0,0,0,https://twitter.com/Biakicis/status/1662967877379448832
LEILA R.,@LeilaRamosLeit4,https://twitter.com/LeilaRamosLeit4/status/1663075705943465984,2023-05-29T06:52:01.000Z,Tenho ranço desse aí …. Fábio polchete kkkkkk,0,0,0,https://twitter.com/Biakicis/status/1662967877379448832
Fatima Miranda,@fafa240895,https://twitter.com/fafa240895/status/1663217172481449985,2023-05-29T16:14:09.000Z,Quando Jesus voltar eu só espero que o Porchat esteja transformado pela palavra de Deus. Jesus tem interesse na salvação do ser humano.,0,0,0,https://twitter.com/Biakicis/status/1662967877379448832
denise lovisaro,@lovisarodenise,https://twitter.com/lovisarodenise/status/1663640761479446532,2023-05-30T20:17:21.000Z,Liberdade de expressao tem limite e vc na verdade quis ter tanta liberdade que colocou os pes pelas mãos. Foi bobinho,0,0,0,https://twitter.com/Biakicis/status/1662967877379448832
Raphael Chapur,@RaphaelChapur,https://twitter.com/RaphaelChapur/status/1663342337076998149,2023-05-30T00:31:31.000Z,Um artista talentoso e milionário que poderia fazer algo bom pelas pessoas  insiste no mal.,0,0,0,https://twitter.com/Biakicis/status/1662967877379448832
Melania Lourdes Gavazzoni,@LourdesMelania,https://twitter.com/LourdesMelania/status/1663119433508835329,2023-05-29T09:45:46.000Z,Vai discutir lá em Brasília  a liberdade de expressão . Deus é perfeito não tente distorcer .,0,0,0,https://twitter.com/Biakicis/status/1662967877379448832
Wanda Aparecida,@WandaAp19,https://twitter.com/WandaAp19/status/1664013026314387456,2023-05-31T20:56:35.000Z,"No mínimo deve estar pesando no bolso aí a necessidade de rever apalhaçada q fez , então tá né…😏",0,0,0,https://twitter.com/Biakicis/status/1662967877379448832
Jaireeliene@gmail.com,Jaireeliene@gmail.com,https://twitter.com/jaireeliene/status/1663523244958203904,2023-05-30T12:30:23.000Z,"Vindo deste aí, oque esperar né. Viva Cristo o Deus que se fez  carne, e julgará a humanidade breve muito breve.",0,0,0,https://twitter.com/Biakicis/status/1662967877379448832
Lica,@mayre_lis,https://twitter.com/mayre_lis/status/1663171841479831555,2023-05-29T13:14:01.000Z,"A mão de Deus pesada muito em cima dele, pode ter certeza disso, é só aguardar q vamos v.",0,0,0,https://twitter.com/Biakicis/status/1662967877379448832
Rutilene Pereira,@RutilenePereir2,https://twitter.com/RutilenePereir2/status/1663326288445046786,2023-05-29T23:27:44.000Z,"Vc brincou com a pessoa errada,agora é só aguardar,pra colher, Deus não é brincadeira",0,0,0,https://twitter.com/Biakicis/status/1662967877379448832
Marco M4A1,@lellom4a1,https://twitter.com/lellom4a1/status/1663330726861733889,2023-05-29T23:45:23.000Z,"Esse é o Rei da hipocrisia, não enxerga que pode ser o próximo, típico de que faz o ""L"".",0,1,0,https://twitter.com/Biakicis/status/1662967877379448832
Christian Santos,@Christi55729065,https://twitter.com/Christi55729065/status/1662992166157799424,2023-05-29T01:20:03.000Z,"Depois que o Léo Lins disse que se ele for preso  levaria a Terça parte dos ""Anjos"",   não passa nem uma agulha né chefe.",0,0,1,https://twitter.com/Biakicis/status/1662967877379448832
Rosana Santos Balduino,@RosanaSantosBa2,https://twitter.com/RosanaSantosBa2/status/1662978307493703684,2023-05-29T00:24:59.000Z,"Ainda bem que a Internet eterniza tudo. Kkkkk
Pode procurar que tem muito mais",0,0,2,https://twitter.com/Biakicis/status/1662967877379448832
J L madeinBrasil,@joseleomark,https://twitter.com/joseleomark/status/1662973250543005696,2023-05-29T00:04:54.000Z,Interessante que não faz nenhuma piada sobre Maomé. Por que será né?,0,0,1,https://twitter.com/Biakicis/status/1662967877379448832
Alexandra,@AlePapp1970,https://twitter.com/AlePapp1970/status/1663276364571525143,2023-05-29T20:09:22.000Z,Não confunda liberdade com libertinagem.,0,0,0,https://twitter.com/Biakicis/status/1662967877379448832
Hebert Brito,@HebertBrito13,https://twitter.com/HebertBrito13/status/1663328874640424963,2023-05-29T23:38:01.000Z,"Na boa, alguém de verdade é influenciado por esse cara?",0,0,2,https://twitter.com/Biakicis/status/1662967877379448832
Marcelo Augusto,@Marcelo88965782,https://twitter.com/Marcelo88965782/status/1662984887077335044,2023-05-29T00:51:08.000Z,"Tenho certeza que Jesus não come ninguém e também não dá para ninguém, tenho certeza de que ele é um ser evoluído de um lugar onde essas necessidades não existem.",0,0,2,https://twitter.com/Biakicis/status/1662967877379448832
Su,@suzucchetti,https://twitter.com/suzucchetti/status/1662988723170992128,2023-05-29T01:06:23.000Z,Mais um ninguém na fila do pão!😉,0,0,1,https://twitter.com/Biakicis/status/1662967877379448832
dils santos,@Dils_santos,https://twitter.com/Dils_santos/status/1662971747744768008,2023-05-28T23:58:55.000Z,cara só piora...,0,0,1,https://twitter.com/Biakicis/status/1662967877379448832
Marco Helou,@dr_marcohelou,https://twitter.com/dr_marcohelou/status/1663224064721272834,2023-05-29T16:41:32.000Z,Curioso que ele não quis fazer uma brincadeirinha ou piadinha com os Islâmicos… me pergunto por que.,0,0,5,https://twitter.com/Biakicis/status/1662967877379448832
"²²⁷ 하나님, 조국,가족 •한국에 사랑에 빠졌습니다",@BTS_LoveBarmys,https://twitter.com/BTS_LoveBarmys/status/1662998335786033153,2023-05-29T01:44:34.000Z,O dia do juízo final vai ser divertido,1,0,4,https://twitter.com/Biakicis/status/1662967877379448832
Maraca,@maraca001,https://twitter.com/maraca001/status/1662968298655342592,2023-05-28T23:45:13.000Z,Ahahhahaha esse aí ameaçaram tirar tudo dele...pessoas legais...,0,0,4,https://twitter.com/Biakicis/status/1662967877379448832
Sandra Melo,@SandraM66831486,https://twitter.com/SandraM66831486/status/1663158660044922888,2023-05-29T12:21:39.000Z,AÍ ENTROU O BE Á BA DA GROBO... TODOS COM AS PAUTAS INCLUSIVAS..AHHH😤😤,0,0,4,https://twitter.com/Biakicis/status/1662967877379448832
Nadia Tosatti,@TosattiNadia,https://twitter.com/TosattiNadia/status/1662980750331838469,2023-05-29T00:34:42.000Z,Que nojo dessa gente🤮🤮🤮,0,0,5,https://twitter.com/Biakicis/status/1662967877379448832
MAVXRocha,@MAliceVXRocha1,https://twitter.com/MAliceVXRocha1/status/1662968059634634754,2023-05-28T23:44:16.000Z,Esse Porchat calado é um poeta,0,0,45,https://twitter.com/Biakicis/status/1662967877379448832
CM,@cjgmatos7,https://twitter.com/cjgmatos7/status/1662970569627693057,2023-05-28T23:54:14.000Z,Ainda vou ver o ranger de dentes dele,0,0,5,https://twitter.com/Biakicis/status/1662967877379448832
TiagoKinomoto,@KinomotoTiago,https://twitter.com/KinomotoTiago/status/1663050564115091456,2023-05-29T05:12:07.000Z,"Engraçado que eles adoram fazer Jesus de chacota mas não vejo ninguém fazendo uma ""brincadeirinha"" com o profeta Maomé 🤔🤔🤔 Por que SERÁ, né kkkkkk será que é por que eles podem VOAR PELOS ARES de ""tanta graça"" 😂😂😂🤦",1,0,1,https://twitter.com/Biakicis/status/1662967877379448832
Vivi,@Vivi31483640,https://twitter.com/Vivi31483640/status/1662968918334480385,2023-05-28T23:47:41.000Z,Hipocrisia...a gente se vê por aqui...plimplim,0,1,9,https://twitter.com/Biakicis/status/1662967877379448832
Paulo,@pbiaforo,https://twitter.com/pbiaforo/status/1663021769920323585,2023-05-29T03:17:42.000Z,"Por que não?
Deus está em nós. TODOS nós. E TODOS significa, pasme, TODOS. Sem exceção.
Está até na sra que instrumentaliza a fé para auferir vantagens políticas.",1,0,1,https://twitter.com/Biakicis/status/1662967877379448832
Tiago Caiffa,@TiagoCaiffa,https://twitter.com/TiagoCaiffa/status/1663896331406962688,2023-05-31T13:12:53.000Z,"Infelizmente dias melhores não virão! Estamos perto do juízo, aí quero ver essas piadinhas.",0,0,0,https://twitter.com/Biakicis/status/1662967877379448832
GUILHERME BRAGA,@GBRAGA04,https://twitter.com/GBRAGA04/status/1663332425441722368,2023-05-29T23:52:08.000Z,Esse cagou nas calças foi ???,0,1,0,https://twitter.com/Biakicis/status/1662967877379448832
Alan Santos,@AlanSan2912,https://twitter.com/AlanSan2912/status/1662979783863463937,2023-05-29T00:30:51.000Z,"Não podemos julgar ,mais se Jesus volta-se hj ele resaria pra nunca ter feito o que fez com nome de Jesus.",0,0,0,https://twitter.com/Biakicis/status/1662967877379448832
Kele de Souza,@KeledeSouza1,https://twitter.com/KeledeSouza1/status/1662985446320664576,2023-05-29T00:53:21.000Z,"Esse vai ter muito o que se explicar qdo tiver de frente com Jesus.
Pqp cara que blasfema.",0,0,0,https://twitter.com/Biakicis/status/1662967877379448832
Jose Euripedes,@jeuripedes887,https://twitter.com/jeuripedes887/status/1663105660588814336,2023-05-29T08:51:03.000Z,"Sabe porque isso acontece? Quando as portas começam a se fechar; quando a água bate no queixo ou no quintal de sua casa. Afinal a contaminação é assim, como a dengue que vai aumentando de quintal a quintal e não tem jeito um dia vc desce de seu apartamento.",0,0,0,https://twitter.com/Biakicis/status/1662967877379448832
Luiz Lenharo,@ViolatoLenharo,https://twitter.com/ViolatoLenharo/status/1663127996977369090,2023-05-29T10:19:48.000Z,"Quando você acha que há limite na canalhice e hipocrisia, pois, se enganou, não, não há limite!…",0,0,0,https://twitter.com/Biakicis/status/1662967877379448832
josé severino da silva júnior Silvajunior,@josseve78780630,https://twitter.com/josseve78780630/status/1663604285160947712,2023-05-30T17:52:24.000Z,"Sem comentários! Esse indivíduo não sabe o que está falando, mas um dia será cobrado. Que Deus tenha misericórdia dessas pessoas.",0,0,0,https://twitter.com/Biakicis/status/1662967877379448832
Lilian Almeida,@LilianA00604476,https://twitter.com/LilianA00604476/status/1662993226947518464,2023-05-29T01:24:16.000Z,Dó desse povo que não tem reverência com o Sagrado...um dia a conta chega,0,0,0,https://twitter.com/Biakicis/status/1662967877379448832
Rose Guimarães,@RoseGui193,https://twitter.com/RoseGui193/status/1663532503959756803,2023-05-30T13:07:10.000Z,"Acho muito bom ele se retratar,um absurdo o que ele falou,pense antes de falar idiotice",0,0,0,https://twitter.com/Biakicis/status/1662967877379448832
Gilson Batista de So,@GBSpastor,https://twitter.com/GBSpastor/status/1663210452497715200,2023-05-29T15:47:27.000Z,"Ok, mas no dia do juízo isto será lebrado pelo criador. Se Ele concordar, se deu bem, mas se não....",0,0,0,https://twitter.com/Biakicis/status/1662967877379448832
Katarina,@Outkat_,https://twitter.com/Outkat_/status/1663178275957383168,2023-05-29T13:39:36.000Z,Lkkkkkkkkkkkkkkkkkkkk ai ai viu,0,0,0,https://twitter.com/Biakicis/status/1662967877379448832
Maria Sumner,@MariaSu23435839,https://twitter.com/MariaSu23435839/status/1663159382476029954,2023-05-29T12:24:31.000Z,"A mudança vem da sua educação,da sua ética e moral.
Vc sempre teve piadas desagradáveis…e tirar Jesus para se divertir é o mesmo que tirar sua mãe,vó,pai para se divertir .Liberdade de expressão é respeito também.
Pense dez vezes antes de falar.",0,0,0,https://twitter.com/Biakicis/status/1662967877379448832
maria,@maria16pa,https://twitter.com/maria16pa/status/1662970953532424196,2023-05-28T23:55:46.000Z,Acho engraçado que as pessoas pedem respeito isso e aquilo mas com a dor do outro pode,0,0,0,https://twitter.com/Biakicis/status/1662967877379448832
renne amadio,@AmadioRenne,https://twitter.com/AmadioRenne/status/1663226809528336392,2023-05-29T16:52:27.000Z,"Fabio se liga!!!!! Separe humor de política, ok!? Vai ser melhor pra sua carreira",0,0,0,https://twitter.com/Biakicis/status/1662967877379448832
misael5253@gmail.com,misael5253@gmail.com,https://twitter.com/MisaelVieir/status/1662983306428792833,2023-05-29T00:44:51.000Z,Porchat acha normal o escárnio que fez com o nome esse tempo todo né? Se ele não se arrepender a cobrança vai lhe custar muito.,0,0,0,https://twitter.com/Biakicis/status/1662967877379448832
marcio,@marcio25672389,https://twitter.com/marcio25672389/status/1662990000567271425,2023-05-29T01:11:27.000Z,Humm mudou o discurso ata então  tá  né. Brincar com Deus o castigo é  pesado.,0,0,0,https://twitter.com/Biakicis/status/1662967877379448832
vinicius vezozzo,@VezozzoV,https://twitter.com/VezozzoV/status/1663548707923697664,2023-05-30T14:11:33.000Z,"Ok, vou dizer o que eu acho: vou chamar o pessoal que entrou no charie abdou pra te pegar ..",0,0,0,https://twitter.com/Biakicis/status/1662967877379448832
Eldo,@eldo0liveira,https://twitter.com/eldo0liveira/status/1662992126588735490,2023-05-29T01:19:54.000Z,"um cidadão desses já era pra ter sido banido das redes sociais
tem atitude que não merece segunda chance",0,0,0,https://twitter.com/Biakicis/status/1662967877379448832
Jose Clautami de Vasconcelos,@joseclautami,https://twitter.com/joseclautami/status/1663180885343059972,2023-05-29T13:49:58.000Z,São os absurdos que estamos presenciando com muita tristeza nos dias de hoje,0,0,0,https://twitter.com/Biakicis/status/1662967877379448832
Elizabeth Souza Lima,@ElizabethS99689,https://twitter.com/ElizabethS99689/status/1664274680109490178,2023-06-01T14:16:19.000Z,Me sinto triste quando ouço ou vejo esses tipo de comentário em relação a Deus,0,0,0,https://twitter.com/Biakicis/status/1662967877379448832
LINA VIEIRA,@LINAVIEIRA9,https://twitter.com/LINAVIEIRA9/status/1663412755037126656,2023-05-30T05:11:20.000Z,"Hipocrisia e Respeito nunca andarão de mãos dadas, Sr. Fábio Porchato!!!👍🤡🎪",0,0,0,https://twitter.com/Biakicis/status/1662967877379448832
Rogério G Topgian,@RogerioGTopgian,https://twitter.com/RogerioGTopgian/status/1663323094402969603,2023-05-29T23:15:03.000Z,Absurdo!!!! Vai pagar por isso!!! E caro!!!! O dia chegará!!! Aguarde!!!!!,0,0,0,https://twitter.com/Biakicis/status/1662967877379448832
@bebota,@bebota,https://twitter.com/bebota71400674/status/1663311508602777601,2023-05-29T22:29:01.000Z,"Como pode uma pessoa parecer tão inteligente mas ser um bosal, para que quero descer",0,0,0,https://twitter.com/Biakicis/status/1662967877379448832
Artur Guerra,@arturguerra,https://twitter.com/arturguerra/status/1663260679384576000,2023-05-29T19:07:02.000Z,"é quando a água vai subindo, todo mundo tem explicação. Mas o passado está lá ...",0,0,0,https://twitter.com/Biakicis/status/1662967877379448832
Gercino,@GercinoBrasil,https://twitter.com/GercinoBrasil/status/1663217527114137600,2023-05-29T16:15:34.000Z,Esse aí é um contra exemplo... péssimo contra exemplo... Quer um forte impacto sobre uma fonte???? Não consuma nada da fonte!,0,0,0,https://twitter.com/Biakicis/status/1662967877379448832
Santos Santana,@SantosS38602731,https://twitter.com/SantosS38602731/status/1663200402693582849,2023-05-29T15:07:31.000Z,"Nada do que este fala pode ser levado em consideração, distorcido da realidade e dos anseios de uma nação",0,0,0,https://twitter.com/Biakicis/status/1662967877379448832
Clemilton Santos,@ClemiltonSant20,https://twitter.com/ClemiltonSant20/status/1663688327181090818,2023-05-30T23:26:21.000Z,"A conta vai chegar, deste mundo nada levamos, mas, o que plantamos nos levará a o que colher, quando daqui se for.",0,0,0,https://twitter.com/Biakicis/status/1662967877379448832
Valdirene Machinez,@ValdireneMach,https://twitter.com/ValdireneMach/status/1662970497854734337,2023-05-28T23:53:57.000Z,Deve ser piada o que ele tá falando. Vamos rir gente. É bem engraçado. 😒,0,0,0,https://twitter.com/Biakicis/status/1662967877379448832
Elizabeth Souza Lima,@ElizabethS99689,https://twitter.com/ElizabethS99689/status/1664274169759145988,2023-06-01T14:14:17.000Z,Que Deus tenha misericodia dessa pessoa ele esquece que foi criado por Deus,0,0,0,https://twitter.com/Biakicis/status/1662967877379448832
André Pozar,@AndrePozar,https://twitter.com/AndrePozar/status/1662984496654741506,2023-05-29T00:49:35.000Z,Pois é. Isso não tem absolutamente nada com ideologia. Tem a ver com grana.,0,0,2,https://twitter.com/Biakicis/status/1662967877379448832
margo,@margari49718075,https://twitter.com/margari49718075/status/1662977362315603968,2023-05-29T00:21:14.000Z,Com Deus não devemos jamais brincar ele não é brinquedo.,0,0,1,https://twitter.com/Biakicis/status/1662967877379448832
Bruno Mitchell,@brunomitchell,https://twitter.com/brunomitchell/status/1662991465176236032,2023-05-29T01:17:16.000Z,Nem ele sabe o que pensa.,0,0,1,https://twitter.com/Biakicis/status/1662967877379448832
Ana Carmen dos Santos,@AnaCarmendosSa1,https://twitter.com/AnaCarmendosSa1/status/1663656289757536263,2023-05-30T21:19:03.000Z,Um dia tu vai te ajoelhar e pedir perdão!,1,0,0,https://twitter.com/Biakicis/status/1662967877379448832
Paxsoldier 75,@Milano75356,https://twitter.com/Milano75356/status/1662970713320325128,2023-05-28T23:54:49.000Z,"Quanto mais mexe, mais fede.",0,0,1,https://twitter.com/Biakicis/status/1662967877379448832
Yula Poletto,@YulaPoletto,https://twitter.com/YulaPoletto/status/1662969768175980544,2023-05-28T23:51:03.000Z,"Ãhã! Não faz, não ofende, né?",0,0,1,https://twitter.com/Biakicis/status/1662967877379448832
Las Vegas Mtx,@sindomarfer,https://twitter.com/sindomarfer/status/1663332387395076098,2023-05-29T23:51:59.000Z,Kkk esse  cara e zero 🤣,0,0,1,https://twitter.com/Biakicis/status/1662967877379448832
Cláudia Sandery,@ClaudiaSandery,https://twitter.com/ClaudiaSandery/status/1662991679249416192,2023-05-29T01:18:07.000Z,Meu que barbaridade 🥹😭😡,1,0,0,https://twitter.com/Biakicis/status/1662967877379448832
Manoel Jose,@ManoelJ56007701,https://twitter.com/ManoelJ56007701/status/1663107483596910592,2023-05-29T08:58:17.000Z,Para tu te retratar terás que pedir perdão a Deus e implorar mesmo o perdão porque o que fizeste dinheiro nenhum justifica a sena na qual tu falou e mostraste com gesto indagando que Jesus Cristo e ........ tu és portanto não impute a ninguém aquilo no qual tu faz com maestria.,0,0,1,https://twitter.com/Biakicis/status/1662967877379448832
elengarcez,@ElenLGG,https://twitter.com/ElenLGG/status/1663013038356660227,2023-05-29T02:43:00.000Z,"Faz o ""L""",0,0,1,https://twitter.com/Biakicis/status/1662967877379448832
Seguireis você,@seguireisvoce,https://twitter.com/seguireisvoce/status/1662992806468567041,2023-05-29T01:22:36.000Z,Hipocrisia que fala? Ou medo de perder patrocinadores tem opinião flutuante?,0,0,2,https://twitter.com/Biakicis/status/1662967877379448832
Pedro Henrique,@Phma__,https://twitter.com/Phma__/status/1662993306240835585,2023-05-29T01:24:35.000Z,"Vale nada, esse moleque!! #FabioPorchatMoleque",0,0,3,https://twitter.com/Biakicis/status/1662967877379448832
Cleverson Novo,@CleversonNovo,https://twitter.com/CleversonNovo/status/1662968590469943298,2023-05-28T23:46:23.000Z,Pois é… hipocrisia rola solta no mundo e aqui não é diferente…,0,0,10,https://twitter.com/Biakicis/status/1662967877379448832
Humbert Santos,@gustavoplinio67,https://twitter.com/gustavoplinio67/status/1662975245051998213,2023-05-29T00:12:49.000Z,"Se ele diz essa barbaridade , que a maldição de Deus todo-poderoso caia sobre ele e sua descendência !",0,0,5,https://twitter.com/Biakicis/status/1662967877379448832
Hugo,@HugoARCastro,https://twitter.com/HugoARCastro/status/1662972528120217600,2023-05-29T00:02:01.000Z,Bunda mole,0,0,2,https://twitter.com/Biakicis/status/1662967877379448832
Neuza,@Neuza98942798,https://twitter.com/Neuza98942798/status/1662969596201009152,2023-05-28T23:50:22.000Z,E a mãe desse ser o que seria um trav.....,0,0,3,https://twitter.com/Biakicis/status/1662967877379448832
m.cici.a.g,@mciciag,https://twitter.com/mciciag/status/1663022224511492101,2023-05-29T03:19:30.000Z,@FabioPorchat Vcs artistas que fizeram o L …. São os grandes responsáveis pelo nosso Pais estar virando um comunismo… ou seja vcs não escapam da Justiça Divina,0,0,3,https://twitter.com/Biakicis/status/1662967877379448832
Ale Patriota,@AleDireita,https://twitter.com/AleDireita/status/1662992355455119362,2023-05-29T01:20:49.000Z,CANALHA VIGARISTA,0,0,4,https://twitter.com/Biakicis/status/1662967877379448832
Felipe Morais,@felipem_SPFC,https://twitter.com/felipem_SPFC/status/1662981980017786881,2023-05-29T00:39:35.000Z,A mulher largou dele pq queria um homem de verdade…,1,1,15,https://twitter.com/Biakicis/status/1662967877379448832
GILZEIRO,@gilmarassg,https://twitter.com/gilmarassg/status/1662989313494204418,2023-05-29T01:08:43.000Z,@FabioPorchat,0,0,4,https://twitter.com/Biakicis/status/1662967877379448832
Cris Schmidt,@Cristschmidt,https://twitter.com/Cristschmidt/status/1662970107163734016,2023-05-28T23:52:24.000Z,🤮,0,0,1,https://twitter.com/Biakicis/status/1662967877379448832
Juliana Pessoa,@Junnnne,https://twitter.com/Junnnne/status/1662971488893296640,2023-05-28T23:57:54.000Z,"Hahahahahahahahaha
Boa!
Conta de novo aih!",0,0,1,https://twitter.com/Biakicis/status/1662967877379448832
Vida Flor,@VidaFlor1128938,https://twitter.com/VidaFlor1128938/status/1663087957203451905,2023-05-29T07:40:42.000Z,Eu não aguento a cara de pau dessa turma kakakaka e capaz de se juntarem agora com o MBL e sair pras ruas kkkkkk,0,0,2,https://twitter.com/Biakicis/status/1662967877379448832
Luis Coelho,@luisflcoelho,https://twitter.com/luisflcoelho/status/1663128902330466305,2023-05-29T10:23:24.000Z,"Este rapaz tem seu lugar garantido no inferno, por isso se abraçou com todas as forças no coisa ruim.",0,0,5,https://twitter.com/Biakicis/status/1662967877379448832
Célia Gadotti,@FIAMMA99113239,https://twitter.com/FIAMMA99113239/status/1662968459225886723,2023-05-28T23:45:51.000Z,Ateu sem noção.,0,0,5,https://twitter.com/Biakicis/status/1662967877379448832
Suk,@SuzanaR73112802,https://twitter.com/SuzanaR73112802/status/1663291968015806467,2023-05-29T21:11:22.000Z,Muito hipócrita esse ser vazio e inútil 😌,0,1,1,https://twitter.com/Biakicis/status/1662967877379448832
Ramon Hítalo Andrade,@ramonhitalo,https://twitter.com/ramonhitalo/status/1662968441026887680,2023-05-28T23:45:47.000Z,Isso é um fanfarrão 🤮,0,0,4,https://twitter.com/Biakicis/status/1662967877379448832
Arthur Brasileiro,@arthurbras,https://twitter.com/arthurbras/status/1663189523709276162,2023-05-29T14:24:17.000Z,Essa esquerda é um festival de hipocrisia!,0,0,1,https://twitter.com/Biakicis/status/1662967877379448832
Renan Oliveira,@RenanOl03703137,https://twitter.com/RenanOl03703137/status/1662969119686238208,2023-05-28T23:48:29.000Z,"Sossega tia do Zap
Vcs são o esgoto da política",2,0,5,https://twitter.com/Biakicis/status/1662967877379448832
Messias Andrade,@_MessiasAndrade,https://twitter.com/_MessiasAndrade/status/1662974907485921280,2023-05-29T00:11:29.000Z,Me expliquem porque um humorista como ele até hoje não fez piada com o islamismo? Sabe exatamente como quem pode mexer! É um ser deplorável,0,0,3,https://twitter.com/Biakicis/status/1662967877379448832
Augusto C,@augustocmrabelo,https://twitter.com/augustocmrabelo/status/1663178744339607553,2023-05-29T13:41:27.000Z,Ele fala de liberdade de expressão? Ele está aonde? EUA? No Brasil é que não é. Aqui há algum tempo não temos mais…,0,0,0,https://twitter.com/Biakicis/status/1662967877379448832
Graziella Marraccini,@GraziellaMarrac,https://twitter.com/GraziellaMarrac/status/1663514252261351425,2023-05-30T11:54:38.000Z,Me poupe!,0,0,0,https://twitter.com/Biakicis/status/1662967877379448832
oicraMatsoC,@Marcio7x7,https://twitter.com/Marcio7x7/status/1663181494637015041,2023-05-29T13:52:23.000Z,Tem que mudar muito para melhorar um pouco porque está longe de bom,0,0,0,https://twitter.com/Biakicis/status/1662967877379448832
carlos cha,@Chakarllos,https://twitter.com/Chakarllos/status/1662999736540975106,2023-05-29T01:50:08.000Z,deixa pra lá esses palhaços,0,0,0,https://twitter.com/Biakicis/status/1662967877379448832
Manoel de Campos Leite,@OdanilLeite,https://twitter.com/OdanilLeite/status/1663242462687526925,2023-05-29T17:54:39.000Z,Fabio Porchat é um 💩💩💩💩💩💩,0,0,0,https://twitter.com/Biakicis/status/1662967877379448832
Juliana,@JuRTeixeiraa,https://twitter.com/JuRTeixeiraa/status/1663118965910937602,2023-05-29T09:43:55.000Z,Que desnecessário meu Deus! 🙀🤐,0,0,0,https://twitter.com/Biakicis/status/1662967877379448832
Silvana Vollono,@Sil_Volk,https://twitter.com/Sil_Volk/status/1662972832622551041,2023-05-29T00:03:14.000Z,"Pensei que Deus sabia de todas as coisas... Pelo visto ""Brochat "" sabe mais ainda 🙌",0,0,0,https://twitter.com/Biakicis/status/1662967877379448832
Maria portela,@Mariapo08454889,https://twitter.com/Mariapo08454889/status/1663372257681342464,2023-05-30T02:30:24.000Z,Tem vergonha vc não será perdoando!! Se não acreditar verás,0,0,0,https://twitter.com/Biakicis/status/1662967877379448832
iceman iceman,@icemaniceman18,https://twitter.com/icemaniceman18/status/1663168391551623168,2023-05-29T13:00:19.000Z,Lula mandou ele se posicionar de acordo kkkkk,0,0,0,https://twitter.com/Biakicis/status/1662967877379448832
RONALDO ALMEIDA,@RONALDO63746321,https://twitter.com/RONALDO63746321/status/1663855799418929153,2023-05-31T10:31:50.000Z,OFENSAS A FÉ CRISTÃ PODE. PEDIR DESCULPAS BASTA? DANIEL SILVEIRA NÃO SSBIA QUE ERA FÁCIL Mas... JESUS é um nome. Mas DEUS o colocou SOBRE TODO O NOME. Como tu falas...SE ELE VOLTASSE HOJE? CRÊS então que há um JESUS que VOLTARÁ? Como assim? Pra onde Ele foi? Voltar? De onde?,0,0,0,https://twitter.com/Biakicis/status/1662967877379448832
Robson Calistro,@robsoncalistro,https://twitter.com/robsoncalistro/status/1663366243812888579,2023-05-30T02:06:31.000Z,". Todo joelho se dobrará e Toda língua confessara que Jesus Cristo é o Senhor, inclusive vc 🙏",0,0,0,https://twitter.com/Biakicis/status/1662967877379448832
Celia,@Celia68328057,https://twitter.com/Celia68328057/status/1663164564555325440,2023-05-29T12:45:06.000Z,"A liberdade vai até onde vai a do outro… é diferente do que ele fala, vem do berço… da educação!!!",0,0,0,https://twitter.com/Biakicis/status/1662967877379448832
,@Carlosfilhorem,https://twitter.com/Carlosfilhorem/status/1663109562889646081,2023-05-29T09:06:33.000Z,Moleque,0,0,0,https://twitter.com/Biakicis/status/1662967877379448832
Deolinda Santina Souto Maior,@DSantinaMaior,https://twitter.com/DSantinaMaior/status/1663654595783012354,2023-05-30T21:12:19.000Z,"Comedia com Deus é desrespeito, é falta de Deus dentro do coração.",0,0,0,https://twitter.com/Biakicis/status/1662967877379448832
PátriaLivre,@leitor_sr,https://twitter.com/leitor_sr/status/1663144385939218432,2023-05-29T11:24:55.000Z,O conselho do Felipeh valeu. Ele está seguindo o conselho.,0,0,0,https://twitter.com/Biakicis/status/1662967877379448832
Alfredo Jr.,@jralfredo72,https://twitter.com/jralfredo72/status/1663167239724384259,2023-05-29T12:55:44.000Z,"Ainda saberemos a real, sabemos, mas oq eles sabem de forma velada irá a tona um dia.🇧🇷",0,0,0,https://twitter.com/Biakicis/status/1662967877379448832
Jefferson Silva,@SnakeEyEsJS,https://twitter.com/SnakeEyEsJS/status/1663231142940622851,2023-05-29T17:09:40.000Z,"Brincar e zoar com a imagem de Jesus pode , mas zoar imagens de grupos de cancelamentos não pode",0,0,0,https://twitter.com/Biakicis/status/1662967877379448832
SoleSoccol,@solesoccol,https://twitter.com/solesoccol/status/1663161472497721344,2023-05-29T12:32:49.000Z,NUNCA fui com cara desse doido.,0,0,0,https://twitter.com/Biakicis/status/1662967877379448832
João José Raymundo Filho Raymundo,@jojorary38,https://twitter.com/jojorary38/status/1663261612390723586,2023-05-29T19:10:44.000Z,Quem fala muito dá bom dia a cavalo! Já dizia meu pai.,0,0,0,https://twitter.com/Biakicis/status/1662967877379448832
Rafael Homem de Mello,@RafaelHomemdeM1,https://twitter.com/RafaelHomemdeM1/status/1663012305188036609,2023-05-29T02:40:05.000Z,Quem é esse cara?,0,0,0,https://twitter.com/Biakicis/status/1662967877379448832
Cleonice Piccinin,@Cleonice60piccc,https://twitter.com/Cleonice60piccc/status/1663618378160898049,2023-05-30T18:48:24.000Z,Pra mim esse humorista acabou qdo fez está publicação.,0,0,0,https://twitter.com/Biakicis/status/1662967877379448832
rosana rodrigues,@rosanar17412776,https://twitter.com/rosanar17412776/status/1663148092424691712,2023-05-29T11:39:39.000Z,Se não se arrepender tera seu julgamento diante de Deus,0,0,0,https://twitter.com/Biakicis/status/1662967877379448832
Claudio,@MelesCjs,https://twitter.com/MelesCjs/status/1663270352196173825,2023-05-29T19:45:28.000Z,O que é dele está guardado!!! Mexeu no lugar errado!,0,0,0,https://twitter.com/Biakicis/status/1662967877379448832
GM_Igor_Digital Lawyer - Expert em E-Sports.,@Handsun14,https://twitter.com/Handsun14/status/1663271017274384384,2023-05-29T19:48:07.000Z,"lindas palavras Porchatr, mas assim, hipocrisia mandou um abraço.",0,0,0,https://twitter.com/Biakicis/status/1662967877379448832
Neto Prado,@AntonioDoPrado2,https://twitter.com/AntonioDoPrado2/status/1663141840567033856,2023-05-29T11:14:49.000Z,Parabéns @Biakicis por lembrar alguns que tenha memória curta!!! 👏👏👏,0,0,0,https://twitter.com/Biakicis/status/1662967877379448832
Major Heitor,@MajorHeitor,https://twitter.com/MajorHeitor/status/1663309803031076865,2023-05-29T22:22:14.000Z,A biografia desse rapaz seria escrita a lápis …,0,0,0,https://twitter.com/Biakicis/status/1662967877379448832
Leide Kehl,@kehl_leide,https://twitter.com/kehl_leide/status/1664029385467256834,2023-05-31T22:01:36.000Z,"Cuidado cara, Pode até tardar mas não não vai faltar. Aguarda aí.",0,0,0,https://twitter.com/Biakicis/status/1662967877379448832
Vagner Da Silva,@VagnerD22722283,https://twitter.com/VagnerD22722283/status/1663015650011250689,2023-05-29T02:53:22.000Z,"Fata pouco coisa para ele se tornar uma pessoa melhor, falta carater.",0,0,0,https://twitter.com/Biakicis/status/1662967877379448832
Marcelo Xisto,@MarceloXisto4,https://twitter.com/MarceloXisto4/status/1663123607940218880,2023-05-29T10:02:22.000Z,É melhor é ele pensar no castigo que vai vir sobre ele.,0,0,0,https://twitter.com/Biakicis/status/1662967877379448832
Daniel,@Daniel98568806,https://twitter.com/Daniel98568806/status/1663529452377088002,2023-05-30T12:55:02.000Z,Esse aí é só mais um garoto mimado que pensa que engraçado não é @FabioPorchat,0,0,1,https://twitter.com/Biakicis/status/1662967877379448832
Celia MELLO,@CeliaMELLO17,https://twitter.com/CeliaMELLO17/status/1663005071637110784,2023-05-29T02:11:20.000Z,Nojo desse cara!,0,0,1,https://twitter.com/Biakicis/status/1662967877379448832
PASTOR ANTONIO FILHO,@6PRANTONIOFILHO,https://twitter.com/6PRANTONIOFILHO/status/1662982306586345472,2023-05-29T00:40:53.000Z,POCHATO quer lacrar esse babaca,0,0,1,https://twitter.com/Biakicis/status/1662967877379448832
Cléa Ribeiro Ribeiro,@AlcicleaGuimara,https://twitter.com/AlcicleaGuimara/status/1662978105030352897,2023-05-29T00:24:11.000Z,"Conta outra,vai!🤥🤥",0,0,1,https://twitter.com/Biakicis/status/1662967877379448832
Hedmilton Rodrigues,@hedmilton,https://twitter.com/hedmilton/status/1662986213639303175,2023-05-29T00:56:24.000Z,E porque não poderia ser?,1,0,0,https://twitter.com/Biakicis/status/1662967877379448832
Ro,@Ro78594644,https://twitter.com/Ro78594644/status/1662975586313093120,2023-05-29T00:14:11.000Z,A água tá chegando na cintura né,0,0,1,https://twitter.com/Biakicis/status/1662967877379448832
@ Luuck AD,@ Luuck AD,https://twitter.com/luciano53575036/status/1663046894858240007,2023-05-29T04:57:32.000Z,O ser humano não conhece nem o próprio espírito e fica criando imagens fictícias.,0,0,1,https://twitter.com/Biakicis/status/1662967877379448832
Sueli Malta,@SueliMalta2,https://twitter.com/SueliMalta2/status/1662973112864915457,2023-05-29T00:04:21.000Z,A água chegou na B. né!!!!!🤮🤮🤮,0,0,1,https://twitter.com/Biakicis/status/1662967877379448832
R Luiz,@RLuiz_72,https://twitter.com/RLuiz_72/status/1663007319850901505,2023-05-29T02:20:16.000Z,Esse aí obedece a turma da lacração..💩💩💩,0,0,1,https://twitter.com/Biakicis/status/1662967877379448832
Bruno,@_Bruno_Roque_,https://twitter.com/_Bruno_Roque_/status/1663105822551953408,2023-05-29T08:51:41.000Z,Covarde…,0,0,1,https://twitter.com/Biakicis/status/1662967877379448832
