nome,usuario,idTweet,dataPublicacao,texto,replies,retweets,likes,tweetPai
Marcelo Pimentel JS,@marcelopjs,https://twitter.com/marcelopjs/status/1663649950452858882,2023-05-30T20:53:51.000Z,"Se você assistir a esse vídeo, vai saber…",0,0,0,https://twitter.com/AlencarBraga13/status/1663596116951064576
Adely,@Xxbaiana_,https://twitter.com/Xxbaiana_/status/1663602944762159111,2023-05-30T17:47:04.000Z,Eita aqui em casa damos descarga vcs da ibope,0,0,0,https://twitter.com/AlencarBraga13/status/1663596116951064576
NADIA MARIA SARAIVA,@nadiamsaraiva2,https://twitter.com/nadiamsaraiva2/status/1663642085818335238,2023-05-30T20:22:36.000Z,🤣🤣🤣🤣🤣🤣🤣🤣,0,0,1,https://twitter.com/AlencarBraga13/status/1663596116951064576
EDUARDO RIBEIRO DIAS,@dudurdias130280,https://twitter.com/dudurdias130280/status/1663736125133840387,2023-05-31T02:36:17.000Z,Moro pediu demissão meu caro..,1,0,0,https://twitter.com/AlencarBraga13/status/1663596116951064576
Malu,@MariaLuizaQuar3,https://twitter.com/MariaLuizaQuar3/status/1663650634623533056,2023-05-30T20:56:35.000Z,Um VAGABUNDO desses e tendo espaço na TV. #deltancassado,0,0,0,https://twitter.com/AlencarBraga13/status/1663596116951064576
Marisa victorio da silva,@victorio_marisa,https://twitter.com/victorio_marisa/status/1663602721604116480,2023-05-30T17:46:11.000Z,"#RodaViva 👩‍💻🛞 📲📺📻""Mas quem demitiu o Sérgio Moro foi o Lula ou o Bolsonaro?"" - @BernardoMF 

...",0,0,0,https://twitter.com/AlencarBraga13/status/1663596116951064576
