nome,usuario,idTweet,dataPublicacao,texto,replies,retweets,likes,tweetPai
Alexandre Davi Bettio,@DaviBettio,https://twitter.com/DaviBettio/status/1663368618485088257,2023-05-30T02:15:57.000Z,Interna,0,0,0,https://twitter.com/cabogilberto/status/1663325342197596169
Léo Sérgio,@LeandroSrgioGo4,https://twitter.com/LeandroSrgioGo4/status/1663334317026623490,2023-05-29T23:59:39.000Z,🤡🤡🤡,0,0,0,https://twitter.com/cabogilberto/status/1663325342197596169
Airine,@LucreciaSampaio,https://twitter.com/LucreciaSampaio/status/1663339197204254722,2023-05-30T00:19:02.000Z,Em uan? Aí mermo é que não vai pagar...,0,0,1,https://twitter.com/cabogilberto/status/1663325342197596169
JK,@JKSennna,https://twitter.com/JKSennna/status/1663327988404875264,2023-05-29T23:34:30.000Z,@WhiteHouse ??????,0,0,0,https://twitter.com/cabogilberto/status/1663325342197596169
@dehiginomarcia,@dehiginomarcia,https://twitter.com/dehiginomarcia8/status/1663481691237695488,2023-05-30T09:45:15.000Z,🤢🤮❗,0,0,0,https://twitter.com/cabogilberto/status/1663325342197596169
Se eu sair por aí,@Milenice2000,https://twitter.com/Milenice2000/status/1663328794457849857,2023-05-29T23:37:42.000Z,Esse cara de coitado afffff,0,0,0,https://twitter.com/cabogilberto/status/1663325342197596169
Fábio Merlin,@pereira_merlin,https://twitter.com/pereira_merlin/status/1663701778074857479,2023-05-31T00:19:48.000Z,"Ninguém percebe que isso é intencional?
Ele quer se vingar e destruir o Brasil. 
Assim que ele conseguir, ele sai do governo e nada vai acontecer com o descondenado",0,0,0,https://twitter.com/cabogilberto/status/1663325342197596169
Macedo Macedo,@MacedoM95497150,https://twitter.com/MacedoM95497150/status/1663443775174193152,2023-05-30T07:14:35.000Z,Vergonha,0,0,0,https://twitter.com/cabogilberto/status/1663325342197596169
Patriota,@xxxPatriota2022,https://twitter.com/xxxPatriota2022/status/1663615400494485506,2023-05-30T18:36:34.000Z,"A nova moeda sera a Bananacoin , muito apropriado para nos !!",0,0,0,https://twitter.com/cabogilberto/status/1663325342197596169
Fábio,@FRACURI,https://twitter.com/FRACURI/status/1663340397366595584,2023-05-30T00:23:48.000Z,Que prejuízo esse desgoverno. Se deixarem esse cara passar desse ano vai ser catástrofe.,0,0,4,https://twitter.com/cabogilberto/status/1663325342197596169
Se eu sair por aí,@Milenice2000,https://twitter.com/Milenice2000/status/1663328621648330755,2023-05-29T23:37:01.000Z,Corre aqui Biden!!!!,1,0,4,https://twitter.com/cabogilberto/status/1663325342197596169
Riba,@RibaSousa13,https://twitter.com/RibaSousa13/status/1663464733624631296,2023-05-30T08:37:52.000Z,"Deputado, envie esse vídeo para a Embaixada dos EUA, demonstre o posicionamento do Congresso Nacional e solicite posicionamento formal do Governo americano sobre o assunto...",1,0,1,https://twitter.com/cabogilberto/status/1663325342197596169
Lucinha Monteiro,@lucinha_ce,https://twitter.com/lucinha_ce/status/1663365419007131650,2023-05-30T02:03:14.000Z,enquanto @jairbolsonaro  deixava o povo MORRER,1,0,2,https://twitter.com/cabogilberto/status/1663325342197596169
Aparecida Lopes,@cidaduarte71,https://twitter.com/cidaduarte71/status/1663497041115332609,2023-05-30T10:46:15.000Z,Carniça,0,0,0,https://twitter.com/cabogilberto/status/1663325342197596169
saulo rios,@SauloRio5,https://twitter.com/SauloRio5/status/1663336771378204680,2023-05-30T00:09:24.000Z,Maduro tem mais é que se ferrar,0,0,0,https://twitter.com/cabogilberto/status/1663325342197596169
Elias,@Elias58250141,https://twitter.com/Elias58250141/status/1663336862172303360,2023-05-30T00:09:45.000Z,Doente mental. Faz o L agora que quero ver.,0,0,1,https://twitter.com/cabogilberto/status/1663325342197596169
Leilani lamartine,@Leilanilamarti4,https://twitter.com/Leilanilamarti4/status/1663677403892154371,2023-05-30T22:42:57.000Z,"@nytimes @SpeakerMcCarthy @SenTedCruz careful with Lula, hard left president of Brazil. He says USA is the cause of Venezuela economical problems.",0,0,0,https://twitter.com/cabogilberto/status/1663325342197596169
AD G,@ADGomes8,https://twitter.com/ADGomes8/status/1663467996830990338,2023-05-30T08:50:50.000Z,"Fora Lula 
Lula ladrão seu lugar é na prisão",0,0,0,https://twitter.com/cabogilberto/status/1663325342197596169
Paulo Barroso,@PauloBarrosoLP,https://twitter.com/PauloBarrosoLP/status/1663498292204822529,2023-05-30T10:51:13.000Z,"Sim
E você não está preparado para essa conversa!",0,0,0,https://twitter.com/cabogilberto/status/1663325342197596169
Mel Aguiar,@ameridianemel,https://twitter.com/ameridianemel/status/1663732945410981888,2023-05-31T02:23:39.000Z,Se tem uma coisa que os militares Americano pode fazer por nós brasileiros é levar essa praga pra lá e calar esse verm💀🤜🦠🦠🦠,0,0,0,https://twitter.com/cabogilberto/status/1663325342197596169
Patria Brasil! Forças Armadas Pilar da DEMOCRACIA.,@MesquitaValerio,https://twitter.com/MesquitaValerio/status/1663363567335141376,2023-05-30T01:55:52.000Z,Canalhas,0,0,0,https://twitter.com/cabogilberto/status/1663325342197596169
Duda Kroeff,@KroeffDuda,https://twitter.com/KroeffDuda/status/1663351110441091073,2023-05-30T01:06:22.000Z,Não consigo ouvir a voz desse ser abjeto e asqueroso!,0,0,1,https://twitter.com/cabogilberto/status/1663325342197596169
Patricia Garotti,@GarottiPatricia,https://twitter.com/GarottiPatricia/status/1663326249521913856,2023-05-29T23:27:35.000Z,"Leva e traz,  capacho de ditadores, quem pagar mais leva",0,0,1,https://twitter.com/cabogilberto/status/1663325342197596169
Acorde !!!,@Acorde26053599,https://twitter.com/Acorde26053599/status/1663358482572083200,2023-05-30T01:35:40.000Z,#LulaVTNC#ForaChina,0,0,0,https://twitter.com/cabogilberto/status/1663325342197596169
Ana Lula da Silva Xavier,@AnaXavier98,https://twitter.com/AnaXavier98/status/1663354802342965249,2023-05-30T01:21:03.000Z,quem é culpado por esse genocídio???,0,0,0,https://twitter.com/cabogilberto/status/1663325342197596169
Riba,@RibaSousa13,https://twitter.com/RibaSousa13/status/1663465686453166082,2023-05-30T08:41:40.000Z,"O bom dessa história é que o descondenado está cada vez mais deixando o velho gagá do Biden em situação mais difícil do que já enfrenta na política interna e externa americana.
Qualquer hora o Gagá dá uma sarrafada no ex-presidiário...",0,0,0,https://twitter.com/cabogilberto/status/1663325342197596169
Marcello Callani,@CallaniMarcello,https://twitter.com/CallaniMarcello/status/1663326974348075013,2023-05-29T23:30:28.000Z,".#SenadoFederalVergonhaNacional 
.#SenadoresSabujosDoSTF.@SenadoFederal.@rodrigopacheco .",0,0,0,https://twitter.com/cabogilberto/status/1663325342197596169
Elizabeth Santos,@Elizabe54726333,https://twitter.com/Elizabe54726333/status/1663330712152588288,2023-05-29T23:45:19.000Z,@USAmbBR,0,0,0,https://twitter.com/cabogilberto/status/1663325342197596169
George da Silva,@Georged63015613,https://twitter.com/Georged63015613/status/1663678110326243330,2023-05-30T22:45:45.000Z,A Venezuela sofre de bloqueio econômico por causa dos Estados Unidos né deputado?,0,0,0,https://twitter.com/cabogilberto/status/1663325342197596169
ELI Preexistente,@Eli_Preexistent,https://twitter.com/Eli_Preexistent/status/1663378270211981315,2023-05-30T02:54:18.000Z,https://twitter.com/Eli_Preexistent/status/1663371381994672128?t=CCrdIlkbHz8xGUwxfaZv4A&s=19…,0,0,0,https://twitter.com/cabogilberto/status/1663325342197596169
Geraldo Silva,@Geraldo05462711,https://twitter.com/Geraldo05462711/status/1663326806244577280,2023-05-29T23:29:48.000Z,"Torne um Povo Estupido e Ignorante e Ele Voluntariamente Dará os Passos Seguintes na Direção da Miséria e da Subserviência,e da Degradação Moral,Um Povo Sábio Defende sua Nação,os Idiotas e Oportunistas Defende os Políticos Corruptos,Por Idolatria temos Um Ladrão na Presidência.",0,0,0,https://twitter.com/cabogilberto/status/1663325342197596169
Anderson,@BrunelModolon,https://twitter.com/BrunelModolon/status/1663363133879066624,2023-05-30T01:54:09.000Z,Como se chama quem defende e ajuda bandido? Será que Lula não seria cúmplice de bandido? Pode um presidente da república ser cúmplice de bandido procurado mundialmente?,0,0,1,https://twitter.com/cabogilberto/status/1663325342197596169
PoA,@poarsmara,https://twitter.com/poarsmara/status/1663333327636516864,2023-05-29T23:55:43.000Z,Vamos deixar de lacrar na internet e agir???? Vc tem capacidade de acionar formalmente a @policiafederal  e @Interpol que esse sanguinário encontra-se em solo brasileiro e q é pedida a prisão dele internacionalmente?,0,0,0,https://twitter.com/cabogilberto/status/1663325342197596169
João Cavalcanti,@1joaocavalcanti,https://twitter.com/1joaocavalcanti/status/1663366724878516224,2023-05-30T02:08:25.000Z,"#Lula corrupto multi-condenado foi solto para governar por concessão do #STF, cultura do crime, impunidade e censura, trouxe o narco-ditador #NicolasMaduro para o #Brasil. #Fato #urgente #escandalo #alerta #aviso  #judiciário #corrompido #crise # #impeachment #ForaLula!",0,0,0,https://twitter.com/cabogilberto/status/1663325342197596169
