nome,usuario,idTweet,dataPublicacao,texto,replies,retweets,likes,tweetPai
9021,@oArquiteto90,https://twitter.com/oArquiteto90/status/1663604882094301186,2023-05-30T17:54:46.000Z,"André, oque houve com toda aquela disposição de vocês em relação as obstruções e ""parar tudo?"", de verdade, vocês estão se colocando em uma posição de subserviência e inutilidade que se continuar não conseguirão reverter...",14,8,101,https://twitter.com/andrefernm/status/1663594305003323399
jose manuel lima ( 22),@josemanuellim10,https://twitter.com/josemanuellim10/status/1663606608377552902,2023-05-30T18:01:38.000Z,Boa pergunta !!🇧🇷,2,0,22,https://twitter.com/andrefernm/status/1663594305003323399
Marcelo Lemos,@Marcelo40464992,https://twitter.com/Marcelo40464992/status/1663979497417261094,2023-05-31T18:43:22.000Z,#MP1154Não,0,0,0,https://twitter.com/andrefernm/status/1663594305003323399
Murilo Almeida,@Murilo_PAlmeida,https://twitter.com/Murilo_PAlmeida/status/1663627284274638848,2023-05-30T19:23:47.000Z,Foi bom citar a COMPRA DE VOTOS. Até hoje observei ações concretas da justiça eleitoral para coibir esse crime. Parece que o TSE não sabe o que acontece no interior do Ceará (onde moro). Nos outros estados deve haver também.,2,1,10,https://twitter.com/andrefernm/status/1663594305003323399
Mirian Santos,@MirianFiNetos,https://twitter.com/MirianFiNetos/status/1663596207669747712,2023-05-30T17:20:18.000Z,Deus no Controle André.🙌🙌🙌,3,0,6,https://twitter.com/andrefernm/status/1663594305003323399
Li Liberdade,@Li22liberdade,https://twitter.com/Li22liberdade/status/1663595875682209792,2023-05-30T17:18:59.000Z,"Estão cassando a oposição igual na Venezuela, não existe mais democracia!",9,11,93,https://twitter.com/andrefernm/status/1663594305003323399
Iris Claro,@IrisCClaro,https://twitter.com/IrisCClaro/status/1663596515384860679,2023-05-30T17:21:32.000Z,"Àqueles que aplaudem da esquerda... mudem-se para Cuba? Lá é o paraíso assim como na Venezuela ou a Nicaragua. Aposto que teríamos vaquinha para pagar a passagem só de ida! Eu por mim iria embora para alguns bons lugares na Europa ou EUA, pois gosto de capitalismo e liberdade!",25,2,11,https://twitter.com/andrefernm/status/1663594305003323399
Alex Alan,@lekssantos,https://twitter.com/lekssantos/status/1663601189663932417,2023-05-30T17:40:06.000Z,"É mesmo o mundo é uma roda gigante, em um dia voce está raspando o cool e no outro é deputado. Esse é o resumo da palhaçada.",1,6,32,https://twitter.com/andrefernm/status/1663594305003323399
Rafael SB,@RafaelSB86,https://twitter.com/RafaelSB86/status/1663596404365836288,2023-05-30T17:21:05.000Z,Quer dizer que participar de tentativa de golpe de Estado agora é crime?  Que absurdo!,0,0,34,https://twitter.com/andrefernm/status/1663594305003323399
Caroline,@CarolKleinBorba,https://twitter.com/CarolKleinBorba/status/1663644410905780224,2023-05-30T20:31:51.000Z,"A situação está ficando cada dia pior. 
Não houve nenhum protesto nas ruas com essa visita sanguinária venezuelana? ABSURDO.",2,0,0,https://twitter.com/andrefernm/status/1663594305003323399
Paula Vieira,@PaulaVi46106578,https://twitter.com/PaulaVi46106578/status/1663663553264361479,2023-05-30T21:47:55.000Z,A ditadura já começou ser implantada na cara dura junto com o judiciário e o presidente do Senado e da Câmara dos deputados por não fazerem nada.  O judiciário está corrompido acho que salva só dois.,2,1,3,https://twitter.com/andrefernm/status/1663594305003323399
Maria Leticia Ballesteros López,@le40747700,https://twitter.com/le40747700/status/1663607954774392837,2023-05-30T18:06:59.000Z,"Impressionante o nível de ignorância do povo que está aplaudindo essas cassações. Vocês precisam tirar Pacheco para que os pedidos de impeachment engavetados aconteçam. O Brasil já está em uma ditadura, mas tem bobos que só vão ver quando tiverem comendo cachorro",3,2,14,https://twitter.com/andrefernm/status/1663594305003323399
DÆn,@swano_dan,https://twitter.com/swano_dan/status/1663595465546268675,2023-05-30T17:17:21.000Z,"Pq ficou 5 dias sem tweetar nada, deputado? O senhor está preocupado com alguma coisa?",3,0,22,https://twitter.com/andrefernm/status/1663594305003323399
Debora Dias,@deborahdiassss,https://twitter.com/deborahdiassss/status/1663615934194434050,2023-05-30T18:38:41.000Z,"Eu entendo a sua angústia. Dentro da CF não tem o q fazer, já q o poder joga fora das linhas. O povo se tivesse unido, talvez ajudasse. Infelizmente, uma grd parcela da sociedade apoia a ditadura, cegos pelo ódi0, querem ""destruir"" qq um levante a bandeira da moral. O país vai +",2,1,5,https://twitter.com/andrefernm/status/1663594305003323399
C. Barcelos,@Barcelos116,https://twitter.com/Barcelos116/status/1663653271385374721,2023-05-30T21:07:03.000Z,"Deputados e Senadores não deveriam fazer das mídias sociais um palco! Foram eleitos para resolver esses problemas, tem
 estatuto (leiam) com a função de cada um. Não permitam que outros façam o trabalho de vocês, Atos inconstitucionais não se cumprem. Cada um no seu quadrado...",0,0,3,https://twitter.com/andrefernm/status/1663594305003323399
Rita Lanzanova,@RitaLanzanova,https://twitter.com/RitaLanzanova/status/1663603113717055490,2023-05-30T17:47:45.000Z,"O erro dos parlamentares foi aceitar o primeiro ato fora das ""quatro linhas da CF pelo STF simplesmente falando no microfone que isso pode e fica por isso mesmo eles (STF) continuam aprontando porque tem quem aceita.",0,0,4,https://twitter.com/andrefernm/status/1663594305003323399
Martinho Gonçalves,@MartinhoGonca13,https://twitter.com/MartinhoGonca13/status/1663604995378364416,2023-05-30T17:55:13.000Z,"Qual sua régua de honesto?
Incentivar golpe de estado é honesto?",0,0,15,https://twitter.com/andrefernm/status/1663594305003323399
Margareth Gatti,@gatti_margareth,https://twitter.com/gatti_margareth/status/1663600994750431244,2023-05-30T17:39:20.000Z,"Hahaha petistas acha que conta não vão chegar, estão muito enganado vai chegar sim, e sabe o que acontecer eles vão abaixar a cabeça e vão dizer sim Sr.",1,1,11,https://twitter.com/andrefernm/status/1663594305003323399
STPMMOREIRA,@stpmmoreira,https://twitter.com/stpmmoreira/status/1663601015562567703,2023-05-30T17:39:24.000Z,"Ao ensejo, pergunte ao Presidente @ArthurLira_, até quando a cúpula do judiciário, irá acossar membros do legislativo!?",0,2,18,https://twitter.com/andrefernm/status/1663594305003323399
RicVJ,@drricvjunq,https://twitter.com/drricvjunq/status/1663673242748440577,2023-05-30T22:26:25.000Z,"“Um bandido está presidindo o país”
A imunidade parlamentar não é liberdade para cometer crime de calúnia e difamação.@LulaOficial @FlavioDino @MPF_PGR @ArthurLira_ @gleisi",4,4,16,https://twitter.com/andrefernm/status/1663594305003323399
Helena Girard,@Girardhelena,https://twitter.com/Girardhelena/status/1663938208856436747,2023-05-31T15:59:18.000Z,"Ah, é o que saiu é de uma honestidade que nem dá pra mensurar! As jóias vieram voando sozinhas do além, o dinheiro da caixa foi dado só pros pobres, né?",0,0,0,https://twitter.com/andrefernm/status/1663594305003323399
Mary,@Mary29077430,https://twitter.com/Mary29077430/status/1663619317873668096,2023-05-30T18:52:08.000Z,O Brasil literalmente vive uma parcialidade total do sistema corrompido 🤮,0,0,1,https://twitter.com/andrefernm/status/1663594305003323399
Vanessa Maia,@Va_Paola2023,https://twitter.com/Va_Paola2023/status/1663652593678131201,2023-05-30T21:04:22.000Z,Unam-se em um bloco coeso na câmara e no senado! Lutem com as regras do jogo e obstruam tudo!,0,1,1,https://twitter.com/andrefernm/status/1663594305003323399
Air,@air44_4,https://twitter.com/air44_4/status/1663620436591034369,2023-05-30T18:56:35.000Z,"Parabéns pelo seu trabalho, André!👏👏👏🙌🌻🇧🇷A luta p| acordar as pessoas e desmantelar os esquemas políticos é árdua e estressante.
Estamos nas ruas sob sol e chuva, e na internet há mais de 7 anos. Temos q achar forças internas p/ não desistir de passar o Brasil à limpo.💪🇧🇷",0,0,5,https://twitter.com/andrefernm/status/1663594305003323399
Cesar Barros,@CesarBarros_Ofc,https://twitter.com/CesarBarros_Ofc/status/1663600932922195989,2023-05-30T17:39:05.000Z,"Caso vcs ñ se organizem como uma força única da direita, mesmo q momentaneamente, serão atropelados pela extrema-esquerda.
Estamos vivendo momentos de uma ditadura nuançada do judiciário aparelhado.",0,2,10,https://twitter.com/andrefernm/status/1663594305003323399
