nome,usuario,idTweet,dataPublicacao,texto,replies,retweets,likes,tweetPai
FaNandL,@FNand33,https://twitter.com/FNand33/status/1663270808146329625,2023-05-29T19:47:17.000Z,Tá pouco...,0,0,0,https://twitter.com/cabogilberto/status/1663227229931700225
FaNandL,@FNand33,https://twitter.com/FNand33/status/1663270681847398400,2023-05-29T19:46:47.000Z,Leite DEScondenado 🙂,0,0,0,https://twitter.com/cabogilberto/status/1663227229931700225
Aurora,@AuroraCtaReserv,https://twitter.com/AuroraCtaReserv/status/1663253411880488960,2023-05-29T18:38:09.000Z,"O Presidente Bolsonaro sempre acolheu da melhor maneira possível os venezuelanos que fogem da ditadura cruel da Venezuela, bem como os brasileiros que dão emprego e vida digna para as vítimas da ditadura do amigo do descondenado.",0,0,0,https://twitter.com/cabogilberto/status/1663227229931700225
antonio ricardo correa,@antonio27072324,https://twitter.com/antonio27072324/status/1663282264585715717,2023-05-29T20:32:48.000Z,"Gilbertinho, desenrola essa aí….",0,0,0,https://twitter.com/cabogilberto/status/1663227229931700225
Narci,@FatiNB1956,https://twitter.com/FatiNB1956/status/1663229670945439757,2023-05-29T17:03:49.000Z,Tudo o que o Lula está fazendo eu desejo que volte em dobro pra ele,1,0,0,https://twitter.com/cabogilberto/status/1663227229931700225
Joao Do Canto,@JoaoDoCanto4,https://twitter.com/JoaoDoCanto4/status/1663229750129614850,2023-05-29T17:04:08.000Z,"Mais um golpe dos neonazistas Deus pátria e família, no povo brasileiro🤦",0,1,1,https://twitter.com/cabogilberto/status/1663227229931700225
Marcão Barreto,@marcosb59642694,https://twitter.com/marcosb59642694/status/1663227492667211786,2023-05-29T16:55:10.000Z,Será que o lula vai leva o maduro pra Roraima rever seus patriotas?,0,0,1,https://twitter.com/cabogilberto/status/1663227229931700225
