nome,usuario,idTweet,dataPublicacao,texto,replies,retweets,likes,tweetPai
Camarada AleXandinho ☭,@allelleXandinho,https://twitter.com/allelleXandinho/status/1663902573265387524,2023-05-31T13:37:41.000Z,"Gilbertão, tu passa o dia falando essas bobagens no tuíter? Mostra para a classe trabalhadora algum projeto seu que vise melhorar nossa vida, UM!",0,0,0,https://twitter.com/cabogilberto/status/1663557322386608128
,@Divanil59384868,https://twitter.com/Divanil59384868/status/1663651128783917060,2023-05-30T20:58:32.000Z,Não cansa porque escreve para esquerdista sem neurônios 😱,0,0,0,https://twitter.com/cabogilberto/status/1663557322386608128
George da Silva,@Georged63015613,https://twitter.com/Georged63015613/status/1663688136059224064,2023-05-30T23:25:36.000Z,Se passa pano até pra cornô kkk,0,0,0,https://twitter.com/cabogilberto/status/1663557322386608128
Marcio Sá,@SaS82155983,https://twitter.com/SaS82155983/status/1663564116282470403,2023-05-30T15:12:47.000Z,Não esqueça o @TSEjusbr proibiu a campanha de Bolsonaro ligar maduro a lula kkkk o golpe foi bem dado pela os antidemocrático do @STF_oficial,0,0,0,https://twitter.com/cabogilberto/status/1663557322386608128
