nome,usuario,idTweet,dataPublicacao,texto,replies,retweets,likes,tweetPai
Maycon,@emscherer,https://twitter.com/emscherer/status/1663662437831155712,2023-05-30T21:43:29.000Z,"Meu Deus do Céu
Só o Congresso brasileiro continua inerte?
CHEGA!
FAÇAM ALGUMA COISA!!!!",0,1,4,https://twitter.com/cabogilberto/status/1663661171084238849
PoeTwittar,@PoeTwittar,https://twitter.com/PoeTwittar/status/1663668937417007105,2023-05-30T22:09:18.000Z,"perdeu, mané.",0,0,1,https://twitter.com/cabogilberto/status/1663661171084238849
Deborah,@DeborahBM74,https://twitter.com/DeborahBM74/status/1663984294560186379,2023-05-31T19:02:25.000Z,Kkkkk conseguiu desagradar direita e esquerda,0,0,0,https://twitter.com/cabogilberto/status/1663661171084238849
Stand_up_Brazil,@stand_up_Brazil,https://twitter.com/stand_up_Brazil/status/1663664406796926977,2023-05-30T21:51:18.000Z,"Uniu todos contra o Brasil, um párea kkkkkkkkkkkkkk",0,0,0,https://twitter.com/cabogilberto/status/1663661171084238849
Patrícia,@Patrici34888691,https://twitter.com/Patrici34888691/status/1663666073823064064,2023-05-30T21:57:56.000Z,O larápio é um desastre na vida!!!,0,0,0,https://twitter.com/cabogilberto/status/1663661171084238849
Camarada AleXandinho ☭,@allelleXandinho,https://twitter.com/allelleXandinho/status/1663877450361602051,2023-05-31T11:57:52.000Z,"Que é isso Cabo de Vassoura, colocando gente da ""esquerda"" para discursar na sua página de reaças?!!",0,0,1,https://twitter.com/cabogilberto/status/1663661171084238849
Lourival goncalves,@Lourivalgfilho,https://twitter.com/Lourivalgfilho/status/1663663136531005442,2023-05-30T21:46:15.000Z,"Vergonhoso... só o Brasil tem um governante ignorante na América Latina. Triste, mas uma realidade.",1,1,2,https://twitter.com/cabogilberto/status/1663661171084238849
Renato Berredo,@renatoberredo,https://twitter.com/renatoberredo/status/1663888778165903362,2023-05-31T12:42:52.000Z,Parem de ser burros,0,0,0,https://twitter.com/cabogilberto/status/1663661171084238849
George da Silva,@Georged63015613,https://twitter.com/Georged63015613/status/1663663777290629120,2023-05-30T21:48:48.000Z,"Com todo respeito deputado,o que a Venezuela tem de tão ruim? O país sofre bloqueio econômico e perseguição.",2,0,1,https://twitter.com/cabogilberto/status/1663661171084238849
#Cpmide08dejaneiroJá #cpmi08dejaneiro2023 #,@CCConservador,https://twitter.com/CCConservador/status/1663668789286674434,2023-05-30T22:08:43.000Z,#ImpeachmentDoLulaJa  #ImpeachmentDoLula,0,0,0,https://twitter.com/cabogilberto/status/1663661171084238849
