nome,usuario,idTweet,dataPublicacao,texto,replies,retweets,likes,tweetPai
Makit,@makitokudome,https://twitter.com/makitokudome/status/1663543599307591680,2023-05-30T13:51:15.000Z,Tenho a impressão que para eles quanto mais conflitante melhor porque não será possível identificar o responsável.,0,0,0,https://twitter.com/adriventurasp/status/1663523149701431296
Nelson Zornitta #StopPutin,@NelsonZornitta,https://twitter.com/NelsonZornitta/status/1663523553407295488,2023-05-30T12:31:36.000Z,"Ah, mas a quantidade de cabides de empregos fica bem maior.",0,0,1,https://twitter.com/adriventurasp/status/1663523149701431296
Daniel Duarte,@DanielD04356785,https://twitter.com/DanielD04356785/status/1663526550061346817,2023-05-30T12:43:31.000Z,E como colocar todos os cupinchas na estrutura? Isso é o que realmente preocupa os políticos.,0,0,0,https://twitter.com/adriventurasp/status/1663523149701431296
LAORICARDO,@LAORICARDO1,https://twitter.com/LAORICARDO1/status/1663560560036966406,2023-05-30T14:58:39.000Z,Infelizmente o desgoverno está nadando de braçadas...  e endossada pela mídia parcial!!   E o povo pagando a conta!!,0,0,0,https://twitter.com/adriventurasp/status/1663523149701431296
