nome,usuario,idTweet,dataPublicacao,texto,replies,retweets,likes,tweetPai
jogab ✠,@_jogab,https://twitter.com/_jogab/status/1663286400790274048,2023-05-29T20:49:14.000Z,Tá falando do Ustra? Ele já morreu.,0,0,1,https://twitter.com/cabogilberto/status/1663172163866619905
James guia,@JamesAlfredx,https://twitter.com/JamesAlfredx/status/1663475550915117056,2023-05-30T09:20:51.000Z,"Nobre deputado tem razão. A corporação está falida. Respeito seres humanos individuais que prestam serviço na instituição. Agora como agregora de valor, maioria de seus membros jogaram seu valor na lama dos porcos.",0,0,1,https://twitter.com/cabogilberto/status/1663172163866619905
Alexandra@ferreira,Alexandra@ferreira,https://twitter.com/Alexand80759018/status/1663220384827691009,2023-05-29T16:26:55.000Z,"Pra quem entregou mais de 1000 brasileiros pro abate em 09/01 isso aí é fichinha, tenho é nojo em tudo o que está acontecendo",0,0,3,https://twitter.com/cabogilberto/status/1663172163866619905
Luiz Henrique,@luhenriqueart,https://twitter.com/luhenriqueart/status/1663304454341292032,2023-05-29T22:00:59.000Z,se trocar governo maduro e colocar ditadura brasileira vai ficar igualzinho.,0,0,0,https://twitter.com/cabogilberto/status/1663172163866619905
Beto Gomes,@celgngomes,https://twitter.com/celgngomes/status/1663192412380962818,2023-05-29T14:35:46.000Z,"Militar raiz, não presta continência para bandidos, esses que estão honrando bandidos, representam a degradação ética e moral do militar!",3,0,0,https://twitter.com/cabogilberto/status/1663172163866619905
Mel,@MirellaMelquia1,https://twitter.com/MirellaMelquia1/status/1663318339358269446,2023-05-29T22:56:09.000Z,E o congresso de joelhos só reclamando nas redes sociais. Não sei se perceberam mais serão cassados todos os que ousarem falar a verdade sobre esse governo vermelho e do seu judiciário. E com isso calarão a todos. Triste fim o do Brasil. 😞,0,0,0,https://twitter.com/cabogilberto/status/1663172163866619905
glaucia candida,@GlauciaCandida,https://twitter.com/GlauciaCandida/status/1663309136858103811,2023-05-29T22:19:35.000Z,Alerta alerta com as duas CPMI mais importantes,0,0,0,https://twitter.com/cabogilberto/status/1663172163866619905
Roberto Francisco,@Roberto56659642,https://twitter.com/Roberto56659642/status/1663273896060043264,2023-05-29T19:59:33.000Z,"É porque no Brasil vivemos as mil maravilhas desde 1500, com apenas alguns anos de trevas da esq malvadoba né? Alias, foi no mercado essa semana? Abasteceu o carro??? Hum... conte ma mais por favor...#BrasilGigante",0,0,0,https://twitter.com/cabogilberto/status/1663172163866619905
Solange Conceição,@Solpantanalflor,https://twitter.com/Solpantanalflor/status/1663298568747196419,2023-05-29T21:37:36.000Z,Mas não teve vergonha e aplaudir Bolsonaro... Eu hemmm,0,0,0,https://twitter.com/cabogilberto/status/1663172163866619905
Rair.Santos #DIREITASEMPRE,@Rairsantos6,https://twitter.com/Rairsantos6/status/1663243225266630658,2023-05-29T17:57:41.000Z,Eu acho q dá pra PRESTAR CONTINÊNCIA e xingar ao mesmo tempo (já q dentro Tb tem muita coisa ruim) 👍👍👍😔,0,0,0,https://twitter.com/cabogilberto/status/1663172163866619905
VIANA,@gilbertocostav8,https://twitter.com/gilbertocostav8/status/1663298028604735491,2023-05-29T21:35:27.000Z,Ao General Brilhante Ustra,0,0,0,https://twitter.com/cabogilberto/status/1663172163866619905
João paullo,@JoopaulloMartin,https://twitter.com/JoopaulloMartin/status/1663180368822820865,2023-05-29T13:47:54.000Z,Sinceramente nosso país tá afundado.,0,0,1,https://twitter.com/cabogilberto/status/1663172163866619905
Cone Prado,@PradoCone,https://twitter.com/PradoCone/status/1663304898295869440,2023-05-29T22:02:45.000Z,🥺🥺,0,0,0,https://twitter.com/cabogilberto/status/1663172163866619905
Sueli Jaques,@SueliJaques1,https://twitter.com/SueliJaques1/status/1663504886720258049,2023-05-30T11:17:26.000Z,"VERDADE,O POVO BRASILEIRO DE BEM ESTÁ MORRENDO DE VERGONHA DO EXÉRCITO TODO AQUELE ORGULHO ACABOU,CHEGAMOS NO FIM DO POÇO",0,0,0,https://twitter.com/cabogilberto/status/1663172163866619905
Bruno Portela,@BrunoAAportela,https://twitter.com/BrunoAAportela/status/1663273435621912577,2023-05-29T19:57:43.000Z,Achei que era 9 Brasil que o bolsonaro estava construíndo,0,0,0,https://twitter.com/cabogilberto/status/1663172163866619905
O QUESTIONADOR,@chagasnelson1,https://twitter.com/chagasnelson1/status/1663591217777483776,2023-05-30T17:00:29.000Z,"Eu também! 
Até às minhas botas e a minha gandola estão com vergonha .",0,0,0,https://twitter.com/cabogilberto/status/1663172163866619905
Larissa Moura,@Larissa83746571,https://twitter.com/Larissa83746571/status/1663213932813725702,2023-05-29T16:01:17.000Z,Teu uc,0,0,1,https://twitter.com/cabogilberto/status/1663172163866619905
Ademar Alves Coelho,@AdemarAlvesCoe1,https://twitter.com/AdemarAlvesCoe1/status/1663362203284561921,2023-05-30T01:50:27.000Z,"As Forças Armadas poderiam lavar a alma hoje, mas infelizmente decepcionaram mais uma vez. E irão continuar decepcionando cada vez mais.",0,0,0,https://twitter.com/cabogilberto/status/1663172163866619905
Adu,@UdaJuris2022,https://twitter.com/UdaJuris2022/status/1663192842158612480,2023-05-29T14:37:28.000Z,Forças Armadas acordem,0,0,1,https://twitter.com/cabogilberto/status/1663172163866619905
Paulo Kosta!!!!,@Paulocostapgkk,https://twitter.com/Paulocostapgkk/status/1663272684451426304,2023-05-29T19:54:44.000Z,FFAA= Bhosta,1,2,1,https://twitter.com/cabogilberto/status/1663172163866619905
Cláudia Fialho,@CludiaFialho6,https://twitter.com/CludiaFialho6/status/1663175693629288448,2023-05-29T13:29:20.000Z,"@cabogilberto , observe o Brasil! Quantos presos políticos temos? Quantos criminosos libertados pelo Judiciário? Qual foi o aumento salário mínimo em 2023? Quantos porcentos aumentou a cesta básica do Brasil em 2023? Qual a diferença entre o sistema do Brasil em 2023 e o Maduro?",2,0,5,https://twitter.com/cabogilberto/status/1663172163866619905
mari_martins,@mmansomariana,https://twitter.com/mmansomariana/status/1663173345792208896,2023-05-29T13:20:00.000Z,O que você faria se fosse um capitão e estivesse naquela posição? Desobedeceria seu superior?,0,0,1,https://twitter.com/cabogilberto/status/1663172163866619905
nana,@Elaine37133823,https://twitter.com/Elaine37133823/status/1663224271563374594,2023-05-29T16:42:22.000Z,O pior que não é o fundo do poço..infelizmente é só o início,0,1,1,https://twitter.com/cabogilberto/status/1663172163866619905
Zeca,@Zeca_ITPV,https://twitter.com/Zeca_ITPV/status/1663176052674265090,2023-05-29T13:30:45.000Z,"Como ""militar"" deveria saber que as Formar Armadas são instrumento de Estado e não de governo. Ou acha que podem fazer o que der na porra da telha ?",1,0,1,https://twitter.com/cabogilberto/status/1663172163866619905
Gidásio de Melo,@gidasio_melo,https://twitter.com/gidasio_melo/status/1663176053697781760,2023-05-29T13:30:46.000Z,A recompensa de captura de Maduro ainda está valendo??https://noticias.uol.com.br/ultimas-noticias/rfi/2020/03/26/eua-oferecem-recompensa-de-u15-milhoes-por-nicolas-maduro-acusado-de-narcoterrorismo.amp.htm…,2,0,0,https://twitter.com/cabogilberto/status/1663172163866619905
Carlos Eduardo,@Drummondrj83,https://twitter.com/Drummondrj83/status/1663187603846230016,2023-05-29T14:16:39.000Z,🤔,0,0,5,https://twitter.com/cabogilberto/status/1663172163866619905
José o Urso Pardo Albino,@Inexoravel___me,https://twitter.com/Inexoravel___me/status/1663223524616437762,2023-05-29T16:39:24.000Z,Decida-se. Ou é militar ou honra alguma coisa. As duas coisas não dá,0,0,1,https://twitter.com/cabogilberto/status/1663172163866619905
PETISTA,@SolangeSan42638,https://twitter.com/SolangeSan42638/status/1663206887083343872,2023-05-29T15:33:17.000Z,Mas vc reclamou das viagens do Bolsonaro e dos milhões em jóias recebido pelo MAIOR DITADOR SAUDITA SANGUINÁRIO DO MUNDO ? Obrigada @NicolasMaduro por ter salvado várias vidas em Manaus nos enviando oxigênio na Pandemia. Seja bem vindo !,1,0,3,https://twitter.com/cabogilberto/status/1663172163866619905
Joel Santos,@criticodetud,https://twitter.com/criticodetud/status/1663205392141230081,2023-05-29T15:27:21.000Z,Deve ter pintado muito meio fio,0,0,0,https://twitter.com/cabogilberto/status/1663172163866619905
glaucia candida,@GlauciaCandida,https://twitter.com/GlauciaCandida/status/1663307692033671169,2023-05-29T22:13:51.000Z,Maduruu chega no Brasil com honras…. Cortina de fumaça…. Vamos alertar pq está errado… focar cpmi,0,0,0,https://twitter.com/cabogilberto/status/1663172163866619905
Claudia,@Claudiabio53,https://twitter.com/Claudiabio53/status/1663475723200339968,2023-05-30T09:21:32.000Z,"Ué.
E Ustra foi o q???",0,0,0,https://twitter.com/cabogilberto/status/1663172163866619905
Aurelio Schindler,@Auschindler,https://twitter.com/Auschindler/status/1663374103997284357,2023-05-30T02:37:45.000Z,O pessoal fica puto com a vinda do Maduro mas não tem a menor vergonha de apoiar a ditadura militar de 64.,0,0,0,https://twitter.com/cabogilberto/status/1663172163866619905
Loris,@LorisLemaris22,https://twitter.com/LorisLemaris22/status/1663180224563933186,2023-05-29T13:47:20.000Z,O pior é saber que é um governo assim que o @TSEjusbr e o @STF_oficial querem pra gente!,0,0,0,https://twitter.com/cabogilberto/status/1663172163866619905
Marinhoaine,@marinhoedii82,https://twitter.com/marinhoedii82/status/1663177033369763841,2023-05-29T13:34:39.000Z,"Pior que esse poço tem alçapão. Triste dizer, mas acho que ainda não é o fundo.",0,0,0,https://twitter.com/cabogilberto/status/1663172163866619905
Glauber Rocha,@GRADV2081,https://twitter.com/GRADV2081/status/1663208658392477700,2023-05-29T15:40:19.000Z,"Sabe de nada, inocente!",0,0,0,https://twitter.com/cabogilberto/status/1663172163866619905
Fernanda falando,@frsantos1405,https://twitter.com/frsantos1405/status/1663280542400258048,2023-05-29T20:25:58.000Z,"Infelizmente para você, generais trocaram a honra por estrelas na lapela e alguns benefícios. Desonra para todos, indistintamente. E não adianta dizer ""estão só cumprindo ordens""... isso é banalizar o mal, como fizeram lá em 1933.",0,0,0,https://twitter.com/cabogilberto/status/1663172163866619905
Jorge Rodrigues,@Jomapir40,https://twitter.com/Jomapir40/status/1663342883741609985,2023-05-30T00:33:41.000Z,Vergonhoso é pouco! Não há palavra que descreva esta displicência. Estão no fundo de um poço muito fundo que nem se vê a luz!,0,0,0,https://twitter.com/cabogilberto/status/1663172163866619905
@dehiginomarcia,@dehiginomarcia,https://twitter.com/dehiginomarcia8/status/1663274054994804738,2023-05-29T20:00:11.000Z,Não há mais FFAAs. Todos ativos se tornaram mercenários❗🤢🤮,0,0,0,https://twitter.com/cabogilberto/status/1663172163866619905
Thonny Junqueira,@ThonnyJunqueira,https://twitter.com/ThonnyJunqueira/status/1663341620299702272,2023-05-30T00:28:40.000Z,Maduro ditador genocida narcotraficante,0,0,0,https://twitter.com/cabogilberto/status/1663172163866619905
Anne,@Eliane28963214,https://twitter.com/Eliane28963214/status/1663174515168272385,2023-05-29T13:24:39.000Z,"#CpiAbusoDeAutoridade  Urgente!
Se lideranças e representantes não “ costurarem “ alianças pra conseguir assinaturas, vão cassar todos vocês, OPOSITORES! 
E o narcotraficante Maduro sendo recebido com honras? Congresso silencioso??",1,2,6,https://twitter.com/cabogilberto/status/1663172163866619905
Eulocoloco,@eulocoloco,https://twitter.com/eulocoloco/status/1663308242607390721,2023-05-29T22:16:02.000Z,Pq até parece que os militares não impuseram 20 anos de ditadura né? A instituição exército tinha que começar do zero de novo,0,0,0,https://twitter.com/cabogilberto/status/1663172163866619905
Mentalista VR,@mentalista_vr,https://twitter.com/mentalista_vr/status/1663197943157911553,2023-05-29T14:57:45.000Z,"Você tem que se resolver. Ou é contra ditadores, ou honrou a farda. Que eu saiba a unica ditadura que tivemos foi militar ...",1,0,5,https://twitter.com/cabogilberto/status/1663172163866619905
Fátima Maranhao,@FtimaMaranhao2,https://twitter.com/FtimaMaranhao2/status/1663300560420839424,2023-05-29T21:45:30.000Z,Ustra tá no Brasil???,0,0,0,https://twitter.com/cabogilberto/status/1663172163866619905
José Wellington,@bananeirasagora,https://twitter.com/bananeirasagora/status/1663201073010442242,2023-05-29T15:10:11.000Z,"Uso da máquina pública na eleição. Bolsonaro queimou reservas da Caixa para tentar se reeleger. Liquidez de curto prazo do banco caiu de 400% para 170% em 2022, com linhas de crédito bilionárias para o agro e o consignado do Auxílio Brasil.",1,0,0,https://twitter.com/cabogilberto/status/1663172163866619905
Hugo,@hugo_valente,https://twitter.com/hugo_valente/status/1663174443030462464,2023-05-29T13:24:22.000Z,Agora é só pra cortar grama e pintar meio fio,0,0,0,https://twitter.com/cabogilberto/status/1663172163866619905
Cássia Bran,@CassiaBran,https://twitter.com/CassiaBran/status/1663179276558974977,2023-05-29T13:43:34.000Z,"E o quê o seu ex presidente foi fazer na arábia saudita? Só pegar as joias? Ignorou o que o principe fez de boa e ia se dar bem e ponto? Que saiba, aqui, a conversa é outra coisa.",2,0,1,https://twitter.com/cabogilberto/status/1663172163866619905
Crazy,@pedroladeia,https://twitter.com/pedroladeia/status/1663309739881578498,2023-05-29T22:21:59.000Z,"Quer vergonha maior, militares prestaram continência para Boisonaro!  😂😂😂😂😂",0,0,0,https://twitter.com/cabogilberto/status/1663172163866619905
cleovam oliveira,@CleovamO,https://twitter.com/CleovamO/status/1663282248282517508,2023-05-29T20:32:44.000Z,"E o que vc fez nada né, político é todos iguais.",0,0,1,https://twitter.com/cabogilberto/status/1663172163866619905
me segue te sigo de volta,@sousa030975,https://twitter.com/sousa030975/status/1663336394129850370,2023-05-30T00:07:54.000Z,Fundo do poço nos saímos quando vcs tinha como ido um torturador que chamav de herói (ostra),0,0,1,https://twitter.com/cabogilberto/status/1663172163866619905
Joao Do Canto,@JoaoDoCanto4,https://twitter.com/JoaoDoCanto4/status/1663177992888098823,2023-05-29T13:38:28.000Z,😂😂😂,1,1,7,https://twitter.com/cabogilberto/status/1663172163866619905
teca (Tereza Erthal),@teca32218963,https://twitter.com/teca32218963/status/1663180466009038852,2023-05-29T13:48:18.000Z,E os militares batendo continência pra ele! Envergonham os brasileiros diante do mundo!,0,0,4,https://twitter.com/cabogilberto/status/1663172163866619905
Augusto Santos,@August8611,https://twitter.com/August8611/status/1663343454582185984,2023-05-30T00:35:57.000Z,Faz a gente lembrar o ditador paraguaio né que bolsonaro tanto admira Alfredo Stroessner,0,0,1,https://twitter.com/cabogilberto/status/1663172163866619905
Ederson,@edersongsilva,https://twitter.com/edersongsilva/status/1663208682694275076,2023-05-29T15:40:25.000Z,Na ditadura militardo Brasil  torturaram até crianças. Vai vir com essa mesmo?,0,0,0,https://twitter.com/cabogilberto/status/1663172163866619905
Alerson de Lima,@AlersondeLima1,https://twitter.com/AlersondeLima1/status/1663304422586212354,2023-05-29T22:00:51.000Z,"Floriano Peixoto foi um ditador e militar um dos piores Brasil já passou por duas ditaduras militares sangrentas inclusive dando um golpe contra  população que apoiava a monarquia não devemos agir como se os militares brasileiros fossem santos.
Mas receber o Maduro é uma vergonha",0,0,1,https://twitter.com/cabogilberto/status/1663172163866619905
Terra Redonda,@michaelpavoni2,https://twitter.com/michaelpavoni2/status/1663350426207412224,2023-05-30T01:03:39.000Z,"E extradição do foragido Allan dos Santos é vergonhoso ou não chegamos ao fundo do poço,  meu amigo?",0,0,0,https://twitter.com/cabogilberto/status/1663172163866619905
Klebert Mendes de moraes,@klebert_mo33379,https://twitter.com/klebert_mo33379/status/1663229046421876737,2023-05-29T17:01:20.000Z,"Exército de tomates brasileiro, orgulho dos petistas e mão amiga de lula",0,0,0,https://twitter.com/cabogilberto/status/1663172163866619905
Pedro Alves,@PedroInves,https://twitter.com/PedroInves/status/1663429763254439936,2023-05-30T06:18:55.000Z,"Primeiro que militar não deveria abrir a boca para falar em ditadura, são os primeiros a defender tortura e golpe 
Vaaintomar vergonha na cara p começar...",0,0,0,https://twitter.com/cabogilberto/status/1663172163866619905
Cristina Camargo,@souantiBozo,https://twitter.com/souantiBozo/status/1663341935551995904,2023-05-30T00:29:55.000Z,😂😂😂😂😂😂Só rindo de acéfalos adoradores do ustra.,0,0,0,https://twitter.com/cabogilberto/status/1663172163866619905
Pavlvs Drvs,@Yoda_Zoero42,https://twitter.com/Yoda_Zoero42/status/1663285659837112320,2023-05-29T20:46:18.000Z,Calma que o fundo do poço tem subsolo e o subsolo tem outros poços nele.,0,0,0,https://twitter.com/cabogilberto/status/1663172163866619905
KMnO₄,@erschaeffer,https://twitter.com/erschaeffer/status/1663284409510907905,2023-05-29T20:41:20.000Z,"Ja fizeram muuuito pior! Bateram continência pra torturadores do golpe de 1964 e pro coiso, expulso por planejar explodir o Guandu",0,0,1,https://twitter.com/cabogilberto/status/1663172163866619905
Carlos Andrade,@Cepedretti,https://twitter.com/Cepedretti/status/1663351145144696832,2023-05-30T01:06:31.000Z,"Vais fazer o que, soldado?!",0,0,0,https://twitter.com/cabogilberto/status/1663172163866619905
Maiko C,@MaikoCarvalh123,https://twitter.com/MaikoCarvalh123/status/1663184068815511554,2023-05-29T14:02:37.000Z,"Eu servi as forças armadas há uma década e meia e me sinto enojado, agora nutro um verdadeiro ódio por eles, os militares são lixo, cumpridores de ordens podre, vagabundos, vermes...me ensinaram que jamais deveríamos cumprir ordens erradas, mas mentiram, eles cumprem com louvor.",0,0,1,https://twitter.com/cabogilberto/status/1663172163866619905
Claumari.,@Claud565637,https://twitter.com/Claud565637/status/1663221041601101824,2023-05-29T16:29:32.000Z,Joia,0,0,0,https://twitter.com/cabogilberto/status/1663172163866619905
J U L I A N O,@JULIANO74136581,https://twitter.com/JULIANO74136581/status/1663359469609181187,2023-05-30T01:39:35.000Z,"Qual a diferença de lá para aqui? Até semana passada policias do rio estuprando na viatura, tortura em quase cada abordagem, saco na cabeça, ameaça e muito mais, entre lá e aqui quase não há diferença.",0,0,0,https://twitter.com/cabogilberto/status/1663172163866619905
Gilberto Santana,@gjsj,https://twitter.com/gjsj/status/1663306916678848516,2023-05-29T22:10:46.000Z,#FueraMaduroYa,0,0,0,https://twitter.com/cabogilberto/status/1663172163866619905
OLNEY JUNIOR,@OHLNEYJUNIOR,https://twitter.com/OHLNEYJUNIOR/status/1663299894604357637,2023-05-29T21:42:52.000Z,"Vocês fazem coisas terríveis... A gente sabe, né?!",0,0,0,https://twitter.com/cabogilberto/status/1663172163866619905
Ivo Reis,@IvoReis96248955,https://twitter.com/IvoReis96248955/status/1663175567896608769,2023-05-29T13:28:50.000Z,É que as nossas FFAA são legalistas...rsrsrs.,0,0,0,https://twitter.com/cabogilberto/status/1663172163866619905
Pato ☭,@GuilhrmeRosalim,https://twitter.com/GuilhrmeRosalim/status/1663386112973324288,2023-05-30T03:25:28.000Z,Meu torturador favorito ❤️,0,0,0,https://twitter.com/cabogilberto/status/1663172163866619905
Um cidadão,@PorNossosNetos,https://twitter.com/PorNossosNetos/status/1663353230212886529,2023-05-30T01:14:48.000Z,"Olavo já sabia, nós que que fomos ingênuos...",0,0,0,https://twitter.com/cabogilberto/status/1663172163866619905
MN_PV,@Monica_CaboFrio,https://twitter.com/Monica_CaboFrio/status/1663475050517786625,2023-05-30T09:18:52.000Z,"Kkkk. Mas era isso que os militares fizeram por  25 anos no Brasil. Abusos, estupros e torturas.",0,0,0,https://twitter.com/cabogilberto/status/1663172163866619905
FLAVIO,@FLAVIOMC62,https://twitter.com/FLAVIOMC62/status/1663197139378249729,2023-05-29T14:54:33.000Z,"Mas saíra já a 123.684.247 notinha de repúdio dos militares. 
RELVA!!!",0,0,0,https://twitter.com/cabogilberto/status/1663172163866619905
Aloizio Barros,@aloiziobarros,https://twitter.com/aloiziobarros/status/1663260030391533570,2023-05-29T19:04:27.000Z,"Deputado, é preciso uma ação urgente no congresso contra a visita desse ditador ao Brasil. Esse governo envergonha a nossa nação, recebendo com honras um ditador e procurado pelo @FBI",0,0,0,https://twitter.com/cabogilberto/status/1663172163866619905
Costa Filho,@CostaFilhoAdv,https://twitter.com/CostaFilhoAdv/status/1663192457058689025,2023-05-29T14:35:57.000Z,"Esperar o quê, caro colega, dessas forças armadas que traíram os brasileiros inocentes e o Presidente da República mais popular que a história  mostrou?",1,0,0,https://twitter.com/cabogilberto/status/1663172163866619905
Olliveiras e Jasmim,@Eremitao82,https://twitter.com/Eremitao82/status/1663320138131570689,2023-05-29T23:03:18.000Z,Esse poço não tem fundo. A globolixo tá com os bolsos cheios pra continuar manipulando a população.,0,0,0,https://twitter.com/cabogilberto/status/1663172163866619905
AndBruto,@AndBruto,https://twitter.com/AndBruto/status/1663268752186589198,2023-05-29T19:39:07.000Z,E teu mito defendia quem?,0,0,0,https://twitter.com/cabogilberto/status/1663172163866619905
Eliana Yong Medeiros,@YONGELIANA,https://twitter.com/YONGELIANA/status/1663178672625336323,2023-05-29T13:41:10.000Z,"Aqui na Colônia Federativa do Brasil, isso não acontece com o povo pobre, preto e periférico, né, deputado? cínico.",0,0,0,https://twitter.com/cabogilberto/status/1663172163866619905
Ainda tenho fé!!!,@lucioma30063261,https://twitter.com/lucioma30063261/status/1663310064596262913,2023-05-29T22:23:16.000Z,Fizeram isso no governo passado. Agora veneram um ladrão.,0,0,0,https://twitter.com/cabogilberto/status/1663172163866619905
Dinarth Cruz,@CruzDinarth,https://twitter.com/CruzDinarth/status/1663533639458512896,2023-05-30T13:11:41.000Z,MADURO É UM  BANDIDO.,0,0,0,https://twitter.com/cabogilberto/status/1663172163866619905
Marcio Silva,@MarcioS47852625,https://twitter.com/MarcioS47852625/status/1663196336831823872,2023-05-29T14:51:22.000Z,"Temos presos políticos e o senhor se preocupando só com o maduro, o que vocês esperavam do pt, mas Bolsonaro é que era o ditador, torturador mal  educado e etc..., se estamos nessa merda a culpa é principalmente dos isentões limpinhos que assinaram cartinha pela democracia.",0,0,0,https://twitter.com/cabogilberto/status/1663172163866619905
liberdade,@obsuni,https://twitter.com/obsuni/status/1663304806662909954,2023-05-29T22:02:23.000Z,A perseguição de Maduro aos estudantes:,0,0,0,https://twitter.com/cabogilberto/status/1663172163866619905
𝓢𝓲𝓵𝓷𝓮𝔂 𝓒𝓸𝓼𝓽𝓪 𝓮 𝓢𝓲𝓵𝓿𝓪,@silneyart,https://twitter.com/silneyart/status/1663282595201785858,2023-05-29T20:34:07.000Z,Como civil eu quero que vc como militar vá pra p...,0,0,0,https://twitter.com/cabogilberto/status/1663172163866619905
Laercio da Silva,@Sexovaletudo,https://twitter.com/Sexovaletudo/status/1663237848298815506,2023-05-29T17:36:19.000Z,Esquerda quer e parece gostar disso e quer isso para o Brasil.,0,0,0,https://twitter.com/cabogilberto/status/1663172163866619905
cleitom,@cleitom43937726,https://twitter.com/cleitom43937726/status/1663282519762976770,2023-05-29T20:33:49.000Z,Como militar o que vc tem a dizer sobre o Bozo ganhar jóias de um ditador assassino e trazer amoitado na mochila de um badeco? responde aí chefe,0,0,0,https://twitter.com/cabogilberto/status/1663172163866619905
Vivendo a Vida,@Vivendo49938171,https://twitter.com/Vivendo49938171/status/1663282030119985152,2023-05-29T20:31:52.000Z,Ditadura boa foi só aqui no Brasil né... Bah difícil entender quem crítica a ditadura no país vizinho e vangloria a ditadura ocorrida no Brasil.,0,0,0,https://twitter.com/cabogilberto/status/1663172163866619905
Valdir,@Valdir56845836,https://twitter.com/Valdir56845836/status/1663286551520894976,2023-05-29T20:49:50.000Z,"O Brilhante Ustra era pior que Maduro, mesmo assim Bolsonaro ama ele veja sua hipocrisia..",0,0,0,https://twitter.com/cabogilberto/status/1663172163866619905
Kely DSR,@kely_dsr,https://twitter.com/kely_dsr/status/1663293827568877570,2023-05-29T21:18:45.000Z,"Poxa, diz 8 de janeiro os bolsonaristas tentaram dar um golpe e implantar uma ditadura no Brasil.",0,0,0,https://twitter.com/cabogilberto/status/1663172163866619905
Maria Maria,@si00mone,https://twitter.com/si00mone/status/1663198004411498496,2023-05-29T14:57:59.000Z,"Aproveita então toda essa sua ""preocupação"" com as brutalidades de ditadores e mostra aqui tbm os crimes/ perseguições/ execuções e assassinatos dos ditadores árabes que vcs tanto idolatram!!  E que o seu  MITO adora receber propina!",0,0,0,https://twitter.com/cabogilberto/status/1663172163866619905
Marcador de gado bozonarista (olha o ferrão!),@EngJairo,https://twitter.com/EngJairo/status/1663288071339626496,2023-05-29T20:55:53.000Z,"Coronel Brilhante Ustra fez a mesma sacanagem, o qual Salnorabo reverenciava... além do mais vendeu refinarias a preço de banana... gado hipócrit4!",0,0,0,https://twitter.com/cabogilberto/status/1663172163866619905
𝓢𝓲𝓵𝓷𝓮𝔂 𝓒𝓸𝓼𝓽𝓪 𝓮 𝓢𝓲𝓵𝓿𝓪,@silneyart,https://twitter.com/silneyart/status/1663282136512704512,2023-05-29T20:32:18.000Z,Ué! E os sanguinários presidentes militares da sanguinaria ditadura brasileira!?,0,0,0,https://twitter.com/cabogilberto/status/1663172163866619905
jose de Alencar Guimaraes,@josedeAlencarG1,https://twitter.com/josedeAlencarG1/status/1663277100764110852,2023-05-29T20:12:17.000Z,"Seu mito mantinha relação estreita com ditador saudita, que mandou matar e esquartejar um jornalista e deu joias ao genocida.
Isso não te incomodou?",0,0,0,https://twitter.com/cabogilberto/status/1663172163866619905
Christian K,@CKahlhofer,https://twitter.com/CKahlhofer/status/1663352793279651843,2023-05-30T01:13:04.000Z,"Bateram continência a um capitão que planejou atentado terrorista...quanto ao cabo, não parece que evoluiu muito na carreira militar.",0,1,0,https://twitter.com/cabogilberto/status/1663172163866619905
Flavia Graeff,@FlaviaGrae14911,https://twitter.com/FlaviaGrae14911/status/1663306750290698240,2023-05-29T22:10:06.000Z,"Os militares são uns inúteis, mas o Ladrão vai colocar vcs no lugar.",0,0,0,https://twitter.com/cabogilberto/status/1663172163866619905
Celia Galrao,@CeliaGalrao,https://twitter.com/CeliaGalrao/status/1663220116694155264,2023-05-29T16:25:51.000Z,E ele tem admiradores dessas Monstruosidades.,0,0,0,https://twitter.com/cabogilberto/status/1663172163866619905
Mateus L,@Bearish3981,https://twitter.com/Bearish3981/status/1663224472730583044,2023-05-29T16:43:10.000Z,"Como ex militar o senhor sabe que soldados tem de prestar continência, são quase escravos, estão ali para seguir ordens sem questionar!",0,0,0,https://twitter.com/cabogilberto/status/1663172163866619905
Marcio Gomes,@MarcioG34853288,https://twitter.com/MarcioG34853288/status/1663288744722460672,2023-05-29T20:58:33.000Z,Alô EUA. O ditador que vocês estão atrás está aqui no Brasil. Só mandar o valor da recompensa por pix🤣,0,0,0,https://twitter.com/cabogilberto/status/1663172163866619905
Corredor X,@G3N1V4LDO_BCAM,https://twitter.com/G3N1V4LDO_BCAM/status/1663178574063448066,2023-05-29T13:40:47.000Z,"Pra vocês, ditadura boa só se for de direita, né! Ainda mais se derem joias. Hipocrisia também desonra farda, ok.",0,0,0,https://twitter.com/cabogilberto/status/1663172163866619905
Putinho,@EduardoValberD1,https://twitter.com/EduardoValberD1/status/1663182813980499973,2023-05-29T13:57:37.000Z,Se eu fosse o cabo ia lá prender o senhor não é machão,0,0,0,https://twitter.com/cabogilberto/status/1663172163866619905
O carrasco,@carrasco10000,https://twitter.com/carrasco10000/status/1663267362689130496,2023-05-29T19:33:35.000Z,O que acha disso aqui?,0,0,0,https://twitter.com/cabogilberto/status/1663172163866619905
Giovani ᵍᶠᵇᵖᵃ,@__giovani___,https://twitter.com/__giovani___/status/1663321574907232261,2023-05-29T23:09:01.000Z,"Vergonhoso é deixar mais de 600 mil pessoas morrerem e debochar das famílias dela, seu arromb4d0!",0,0,0,https://twitter.com/cabogilberto/status/1663172163866619905
Rogério Ferreira alves,@RogrioF79351678,https://twitter.com/RogrioF79351678/status/1663347360209031171,2023-05-30T00:51:28.000Z,Qto morreram pelo descaso do Jair jumento?covid  mostra  bem o descaso,0,0,0,https://twitter.com/cabogilberto/status/1663172163866619905
Danielle Mesquita,@dani_ka08,https://twitter.com/dani_ka08/status/1663304863604670464,2023-05-29T22:02:36.000Z,@LucianoHuck @ECantanhede olha aí o que o L de vocês está fazendo!! Que vergonhaaaa! Todos os senhores são TRAIDORES DA PÁTRIA !!!!!,0,0,0,https://twitter.com/cabogilberto/status/1663172163866619905
marcelo santana,@marcelo18058721,https://twitter.com/marcelo18058721/status/1663343227578056705,2023-05-30T00:35:03.000Z,"O SEU PRESIDENTE MILITAR, E OS MILITARES QUE O ACOMPANHAVAM FAZIAM DIARIAMENTE ELOGIOS A USTRA....OTÁRIO...",0,0,0,https://twitter.com/cabogilberto/status/1663172163866619905
Escrita,@marisarodrigue0,https://twitter.com/marisarodrigue0/status/1663507598069432320,2023-05-30T11:28:12.000Z,"E o militar que tentou trazer as joias de forma irregular,  presente de um ditador arabe, vc se envergonha?",0,0,0,https://twitter.com/cabogilberto/status/1663172163866619905
A de Alex,@P1Alex,https://twitter.com/P1Alex/status/1663263216825167874,2023-05-29T19:17:07.000Z,Tem diferença aqui ?  ou tortura só é ruim quando é os outros que fazem ?🤔🤔🤔,0,0,0,https://twitter.com/cabogilberto/status/1663172163866619905
Cadá Oliver Vieira,@CadaOliver,https://twitter.com/CadaOliver/status/1663261271070834689,2023-05-29T19:09:23.000Z,"😂😂😂😂😂😂😂😂😂😂😂😂😂😂😂😂😂😂😂😂😂😂😂😂😂😂😂😂😂, nao, nao chegamos pq o FGTS ALHEIO, VAI SALVAR O PROJETO ""PATRIOTA"" Q VCS DEFENDEM...",0,0,0,https://twitter.com/cabogilberto/status/1663172163866619905
Heins Hackbarth Junior,@heins_junior,https://twitter.com/heins_junior/status/1663195283172335620,2023-05-29T14:47:10.000Z,"Algo me diz que o fundo poço tem um alçapão, espero estar enganado, mas veremos coisas mais desonrosas e vergonhosas que isso.",0,0,0,https://twitter.com/cabogilberto/status/1663172163866619905
George da Silva,@Georged63015613,https://twitter.com/Georged63015613/status/1663681968028934146,2023-05-30T23:01:05.000Z,Kkkk,0,0,0,https://twitter.com/cabogilberto/status/1663172163866619905
@,@,https://twitter.com/jaisonricardo/status/1663187327944884226,2023-05-29T14:15:34.000Z,"Imagina a próxima eleição. A direita será novamente, peça de decoração...",0,0,0,https://twitter.com/cabogilberto/status/1663172163866619905
Ramon,@Ramon70453944,https://twitter.com/Ramon70453944/status/1663216358073442306,2023-05-29T16:10:55.000Z,#ForaMaduro,0,0,2,https://twitter.com/cabogilberto/status/1663172163866619905
George da Silva,@Georged63015613,https://twitter.com/Georged63015613/status/1663681436648448001,2023-05-30T22:58:58.000Z,"E o anti Cristo da Arábia Mohamed Bin Salman,que matou,estrupou,cristãos recebeu a visita do teu ex presidente num foi deputado?",0,0,0,https://twitter.com/cabogilberto/status/1663172163866619905
Flavio Ribeiro,@FlavioRibeiroSg,https://twitter.com/FlavioRibeiroSg/status/1663280717055270913,2023-05-29T20:26:39.000Z,🐮🐮🐮🐮🐮🐮,0,0,0,https://twitter.com/cabogilberto/status/1663172163866619905
SnoopyDog,@ClaudioSGuerra1,https://twitter.com/ClaudioSGuerra1/status/1663254075964522526,2023-05-29T18:40:48.000Z,"@LulaOficial nunca escondeu sua admiração por ditadores comunistas psicopatas, Fidel, Stalin, Mao Tsé Tung, são referências de líderes para o Ladrão. O narcotraficante @NicolasMaduro é outra referência do ladrão, enquanto isso o povo venezuelano amargura a miséria e escravidão.",0,0,0,https://twitter.com/cabogilberto/status/1663172163866619905
esquerda atuante,@Luciene14191397,https://twitter.com/Luciene14191397/status/1663304210883002370,2023-05-29T22:00:01.000Z,Cala a boca milico,0,0,0,https://twitter.com/cabogilberto/status/1663172163866619905
sandra fabbro,@sandrafabbro3,https://twitter.com/sandrafabbro3/status/1663204798160674816,2023-05-29T15:24:59.000Z,"Teremos a certeza agora, se os nossos Ministros da Justiça derem ordem de prisão à ""PERSONA NON GRATA"" que está  em nosso país, e entregá-lo à INTERPOL, haverá uma esperança de nosso país não virar Comunista, caso contrário........",0,0,0,https://twitter.com/cabogilberto/status/1663172163866619905
Denise,@Denise98870719,https://twitter.com/Denise98870719/status/1663272801753616384,2023-05-29T19:55:12.000Z,#NicolasMaduroGENOCIDA,0,0,0,https://twitter.com/cabogilberto/status/1663172163866619905
Eduardo Paiva,@EduardoPaiva124,https://twitter.com/EduardoPaiva124/status/1663197805995872261,2023-05-29T14:57:12.000Z,"A PF brasileira quer prender o Allan dos Santos que esta nos EUA e que não cometeu crime nenhum nem no Brasil e nem na America. Já Maduro que tem ordem de prisão internacional por trafico de drogas a PF finge que não vê. 

 Entendeu o tamanho do buraco?",1,0,0,https://twitter.com/cabogilberto/status/1663172163866619905
Mauricio Nardi,@MauricioNardi20,https://twitter.com/MauricioNardi20/status/1663180141189648384,2023-05-29T13:47:00.000Z,Chupa,0,0,0,https://twitter.com/cabogilberto/status/1663172163866619905
kartielly rocha,@KartiellyRocha,https://twitter.com/KartiellyRocha/status/1663303982247231488,2023-05-29T21:59:06.000Z,"Coitado de Caxias, não tem um minuto de paz. Agora o Exercito batendo continência para Ditador. #caxiasarrependido",0,0,0,https://twitter.com/cabogilberto/status/1663172163866619905
Carlos Acyr Meleipe de Miranda,@CAcyrMeleipe,https://twitter.com/CAcyrMeleipe/status/1663219574748114947,2023-05-29T16:23:42.000Z,"Bolsonaro deu calote histórico na Caixa para vencer Lula. 
Bolsonaro queimou reservas milionária na tentativa de se reeleger  numa eleição frustada.",0,0,0,https://twitter.com/cabogilberto/status/1663172163866619905
Mari Porto,@marpporto,https://twitter.com/marpporto/status/1663191193084198915,2023-05-29T14:30:55.000Z,"MAS ACEITAM JÓIAS DO DITADOR ASSASSINO DA ARÁBIA SAUDITA,NÉ?",0,0,0,https://twitter.com/cabogilberto/status/1663172163866619905
Camarada AleXandinho ☭,@allelleXandinho,https://twitter.com/allelleXandinho/status/1663203735743463431,2023-05-29T15:20:46.000Z,çei,0,0,0,https://twitter.com/cabogilberto/status/1663172163866619905
Exclusiv@,Exclusiv@,https://twitter.com/SelmaSa84711452/status/1663197553196769284,2023-05-29T14:56:12.000Z,"#SOS Alô  @FBI  quero meu dinheiro pois o comunista Nicolas maduro está  em Brasília-DF   ALÔ  @EmbaixadaEUA @Interpol eu quero meus $$$, assinado EU brasileira frustrada por termos uma forças armadas conviventes com bandidos é  cmunistas onde estes mesmos dveria nós proteger.",0,0,0,https://twitter.com/cabogilberto/status/1663172163866619905
Jose Eduardo Alves Silva,@JoseEduardo2022,https://twitter.com/JoseEduardo2022/status/1663222521758466052,2023-05-29T16:35:25.000Z,"🤮somente um governo tirano, ditatorial e corrupto, recebe um outro ditador, terrorista e narcotraficante com tapete vermelho. Vergonha internacional para o povo brasileiro.🤡🤮🎪💩🎪🤮🤡",0,0,0,https://twitter.com/cabogilberto/status/1663172163866619905
SÓ JESUS CRISTO SALVA,@Gui_BR_USA,https://twitter.com/Gui_BR_USA/status/1663518874812264455,2023-05-30T12:13:01.000Z,"MILITARES ESTÃO COM O CRIME
Todos estão sob o comando supremo de um criminoso ligado ao narco comunismo.
Todo militar faz parte desta milícia que tomou o poder
Todo militar ESTÁ BANDIDO",0,0,0,https://twitter.com/cabogilberto/status/1663172163866619905
