nome,usuario,idTweet,dataPublicacao,texto,replies,retweets,likes,tweetPai
Míriam linda,@Mriam51775730,https://twitter.com/Mriam51775730/status/1663627718137618433,2023-05-30T19:25:31.000Z,"+ e aí, prenderam o ditado???..ou tudo era só teoria??",3,0,2,https://twitter.com/Biakicis/status/1663627295486013442
ᕱภᎠᏒꂅᎥᕱ,@Exmarxistaa,https://twitter.com/Exmarxistaa/status/1663627661015384067,2023-05-30T19:25:17.000Z,E vai mudar o que?,3,0,10,https://twitter.com/Biakicis/status/1663627295486013442
Helton cybernetic,@hottotuner,https://twitter.com/hottotuner/status/1663676667808579584,2023-05-30T22:40:01.000Z,O lado ruim é que ninguém consegue fazer nada pra acabar com isso,0,0,1,https://twitter.com/Biakicis/status/1663627295486013442
"= P.L/P.P/Rep./PT/PSDB/MDB/Pode/PDT/PSL-DEM,...",@ninguem_anyone,https://twitter.com/ninguem_anyone/status/1663628599985860608,2023-05-30T19:29:01.000Z,"O Brasil não precisava passar por essa vergonha, na verdade. Nem o convite deveria ter sido feito, e nem a liberação que o permitiu. Liberação que não foi estratégia, armadilha, mas pareceu um gesto, um aceno político aos que eram pra ser enfrentados.",0,0,1,https://twitter.com/Biakicis/status/1663627295486013442
Ceia,@MariceiaMenezes,https://twitter.com/MariceiaMenezes/status/1663634465879359494,2023-05-30T19:52:20.000Z,Como está a questão do marco temporal??,0,0,0,https://twitter.com/Biakicis/status/1663627295486013442
Ricardo Dias Villas Bôas,@boasri,https://twitter.com/boasri/status/1663630816457490438,2023-05-30T19:37:50.000Z,"Perfeito, @Biakicis. 😊🙏",0,0,1,https://twitter.com/Biakicis/status/1663627295486013442
Flavio Bortoletto,@FLBortoletto,https://twitter.com/FLBortoletto/status/1663699617840594951,2023-05-31T00:11:13.000Z,Doido mesmo é quem votou nele.,0,0,0,https://twitter.com/Biakicis/status/1663627295486013442
El Gato,@ySkyperzZ,https://twitter.com/ySkyperzZ/status/1663657663006220290,2023-05-30T21:24:30.000Z,Cadê o impeachment?!,0,0,0,https://twitter.com/Biakicis/status/1663627295486013442
Anderson Brandão,@andersonpbra,https://twitter.com/andersonpbra/status/1663627694372798465,2023-05-30T19:25:25.000Z,"Deputada pra cima deles , já estamos em tempos sombrios",0,0,2,https://twitter.com/Biakicis/status/1663627295486013442
JCCS 2022,@JooCarl40302924,https://twitter.com/JooCarl40302924/status/1663652458818596865,2023-05-30T21:03:50.000Z,A deputada vê lado bom ?? Onde ??,0,0,0,https://twitter.com/Biakicis/status/1663627295486013442
Paulo,@PauloCremo,https://twitter.com/PauloCremo/status/1663858278453895170,2023-05-31T10:41:41.000Z,"Beleza! Isso já sabemos, mas e as ações, para frear esse desequilibrado mental? Pq se formos esperar CPMI, ou sei lá oq que estejam pensando, será tarde. Depois que a merda, cai do penico não tem jeito, ela fede!",0,0,0,https://twitter.com/Biakicis/status/1663627295486013442
Jota,@JPor7uga,https://twitter.com/JPor7uga/status/1663636741515771906,2023-05-30T20:01:22.000Z,"TÁ NA HORA DE ABANDONARMOS O BARCO.

As famílias brasileiras que podem, devem se mudar do País.

Enquanto ainda podem.👋🏻🇧🇷",1,0,2,https://twitter.com/Biakicis/status/1663627295486013442
Fátima Aparecida do Nascimento,@FtimaAp46957816,https://twitter.com/FtimaAp46957816/status/1663734856239423488,2023-05-31T02:31:15.000Z,Máscara caindo.,0,0,0,https://twitter.com/Biakicis/status/1663627295486013442
nereide barros Deus acima de todos,@nagbarros,https://twitter.com/nagbarros/status/1663628148250927105,2023-05-30T19:27:13.000Z,Quem mais ⁉️…. 😂,0,0,1,https://twitter.com/Biakicis/status/1663627295486013442
Elon_fã,@FaElonmusk,https://twitter.com/FaElonmusk/status/1663655981924986881,2023-05-30T21:17:49.000Z,"Mostrar a verdadeira face do Lula a troco de falir um país não pode ser lado bom de coisa alguma. 
A oposição precisa interromper isto antes que o Brasil se torne uma sopa de peixes.
Quem fez oposição ao Bolsonaro não vai tirar o lula de lá.",0,0,1,https://twitter.com/Biakicis/status/1663627295486013442
Gilcimar bahia bastos,@BahiaGilcimar,https://twitter.com/BahiaGilcimar/status/1663640253452648453,2023-05-30T20:15:20.000Z,E aí prezada conseguiu prender maduro? Kkkkkkkkkk,0,0,0,https://twitter.com/Biakicis/status/1663627295486013442
Big Lake,@afsdist08,https://twitter.com/afsdist08/status/1663640140365873152,2023-05-30T20:14:53.000Z,"Descondenado... imagina um juiz combinar sentenças com procuradores, vc quer o quê? Lei do retorno vai fazer cada um pagar de acordo com  ajustiça universal, lei natural, tarde mas não falha!",0,0,0,https://twitter.com/Biakicis/status/1663627295486013442
Marcelo Machado - Na área.,@Marcelo33594398,https://twitter.com/Marcelo33594398/status/1663633720421523458,2023-05-30T19:49:22.000Z,Bota feia a coisa....,0,0,0,https://twitter.com/Biakicis/status/1663627295486013442
Edvaldo CAM,@Mineirobelezag1,https://twitter.com/Mineirobelezag1/status/1663628305956831235,2023-05-30T19:27:51.000Z,"E urgente a reforma do judiciário, grande responsável.",1,0,1,https://twitter.com/Biakicis/status/1663627295486013442
marcos cagnoto,@CagnotoMarcos,https://twitter.com/CagnotoMarcos/status/1663628457174073344,2023-05-30T19:28:27.000Z,GIGANTE,0,0,0,https://twitter.com/Biakicis/status/1663627295486013442
Divertida,@DoraAlecrim,https://twitter.com/DoraAlecrim/status/1663635444834222080,2023-05-30T19:56:13.000Z,"Trastes em família, parasitando a nação.",0,0,0,https://twitter.com/Biakicis/status/1663627295486013442
FRANCO,@rsf0000_franco,https://twitter.com/rsf0000_franco/status/1663650090253185024,2023-05-30T20:54:25.000Z,A direita tá puta porque Lula conseguiu o que a direita nunca fez um Brasil multilateral,0,0,0,https://twitter.com/Biakicis/status/1663627295486013442
Rosana Saboia,@rmsaboia,https://twitter.com/rmsaboia/status/1663638296231026688,2023-05-30T20:07:33.000Z,Essa criatura tem q ser deposto do cargo com urgência!!! Ninguém aguenta mais os absurdos do meliante!,0,0,0,https://twitter.com/Biakicis/status/1663627295486013442
Mineiinha uai,@eusoueu_uai,https://twitter.com/eusoueu_uai/status/1663632986166767618,2023-05-30T19:46:27.000Z,"E o Pacheco e o Lira?
Não vão tomar atitudes contra eles?
Ah é, esqueci, votaram em peso no Lira, né?
O importante é ficar tuitando enquanto o salário tiver caindo, mostre a indignação nas redes sociais.
Direita lixo.",0,0,0,https://twitter.com/Biakicis/status/1663627295486013442
Anne de green gables,@DaniloL80383388,https://twitter.com/DaniloL80383388/status/1663635110145523712,2023-05-30T19:54:53.000Z,O mundo inteiro= Os bolsominion no Brasil’ descansa gado!,0,0,0,https://twitter.com/Biakicis/status/1663627295486013442
Madd'ZZ,@M_Madd,https://twitter.com/M_Madd/status/1663628537343950849,2023-05-30T19:28:46.000Z,"Quem foi o país que mandou cilindro de oxigênio pra Manaus no final de 2020, enquanto o gov federal fingia que não era sua obrigação?",0,0,0,https://twitter.com/Biakicis/status/1663627295486013442
N@®$!,N@®$!,https://twitter.com/Nars_JB2022/status/1663644729890799621,2023-05-30T20:33:07.000Z,Tá tão feia q o Congresso não se levanta contra a decisão da entrada de um narcotraficante no país. Só fazem malabarismo mambembe de notinhas e ofícios pra aparecer em rede social. Éh estamos as moscas,0,0,1,https://twitter.com/Biakicis/status/1663627295486013442
NewPhoenix,@NewPhoenix6,https://twitter.com/NewPhoenix6/status/1663630450743554049,2023-05-30T19:36:22.000Z,"De que adianta o mundo saber quem ele é ?  Vai continuar com seus desmandos e enterrando o país.   O mundo sabe quem são os ditadores e suas tiranias, e nada fazem, e o povo dessas nações continuam sofrendo.",0,0,0,https://twitter.com/Biakicis/status/1663627295486013442
Iraja Felipe,@felipe_iraja,https://twitter.com/felipe_iraja/status/1663665810013843456,2023-05-30T21:56:53.000Z,"Sem.anistia pra golpista, tic.
Tac",0,0,0,https://twitter.com/Biakicis/status/1663627295486013442
Claudia Ramos,@cl48484,https://twitter.com/cl48484/status/1663627506312699904,2023-05-30T19:24:40.000Z,https://congressoemfoco.uol.com.br/area/mundo-cat/os-ditadores-de-estimacao-de-bolsonaro/…,0,0,2,https://twitter.com/Biakicis/status/1663627295486013442
Otaio,@Olqueiroz,https://twitter.com/Olqueiroz/status/1663676372886102017,2023-05-30T22:38:51.000Z,O Lula quer ser Ditador isso não se tem a menor dúvida. Ele e sua esquerda burra quer que o Brasil vire uma miséria pra continuar promedendo um futuro promissor que nunca  chegará.,0,0,0,https://twitter.com/Biakicis/status/1663627295486013442
ricardo13021313,@ricardo13021313,https://twitter.com/ricardo13021313/status/1663946812590260227,2023-05-31T16:33:29.000Z,Sua Fascista nojenta,0,0,0,https://twitter.com/Biakicis/status/1663627295486013442
Jack,@taisehdoido,https://twitter.com/taisehdoido/status/1664001873571987461,2023-05-31T20:12:16.000Z,"verdade que ridicularizavam a senhora pelas costas?
Pessoal do governo bolsonaro parece que sabia que a senhora era uma otária",0,0,0,https://twitter.com/Biakicis/status/1663627295486013442
@medos,@medos,https://twitter.com/estevam_david/status/1663628285748584456,2023-05-30T19:27:46.000Z,"Sim,nobre deputada, o mundo tá vendo o choro de vcs a mais de 120 dias. Aguardamos ansiosamente a queda de vcs no TSE um já foi, a próx é a Carlinha e Nicolas no conselho de ética, tic, tac.",0,0,2,https://twitter.com/Biakicis/status/1663627295486013442
sanzia,@sanzia1298204,https://twitter.com/sanzia1298204/status/1663633105331056641,2023-05-30T19:46:55.000Z,Esse infeliz do molusco precisava ser Presidente fake  pra todo mundo entender de vez  quem ele é.  Bolsonaro sempre teve razão.,0,0,0,https://twitter.com/Biakicis/status/1663627295486013442
Bk,@bel_bkf,https://twitter.com/bel_bkf/status/1663640478733008896,2023-05-30T20:16:13.000Z,"E daí? Podem revelar a face que quiser, não estamos mais numa democracia. O Congresso é ilustrativo, como na Venezuela. Quem manda é o judici@rio, Luladrao serve a eles",0,0,0,https://twitter.com/Biakicis/status/1663627295486013442
Cézar Pedrosa,@cezar_pedrosa,https://twitter.com/cezar_pedrosa/status/1663723008467320832,2023-05-31T01:44:10.000Z,"Vcs sérios têm q se reunir p/EXIGIR do pacheco e lira, respeito aos parlamentares! Não cassar, por ordens do stf! Votar o #impeachmentdelulaJA e alckimin. EXIGIR ação das ffaa para empregarem o 142/CF e acabar c/essa esculhambação do lula e sua gang de comuno-anarquistas! CHEGA!",0,0,0,https://twitter.com/Biakicis/status/1663627295486013442
helem eserena,@EserenaHelem,https://twitter.com/EserenaHelem/status/1663632209239064579,2023-05-30T19:43:22.000Z,Olha os do bozo!!,0,0,0,https://twitter.com/Biakicis/status/1663627295486013442
"Foro do Rio, O Antagônico do Foro de São Paulo",@foro_rio,https://twitter.com/foro_rio/status/1663668996569288705,2023-05-30T22:09:32.000Z,Estão esperando ficar impossível reagir para tomar uma atitude.,0,0,1,https://twitter.com/Biakicis/status/1663627295486013442
Gusta,@GUSTAMAM,https://twitter.com/GUSTAMAM/status/1663665591067058176,2023-05-30T21:56:00.000Z,e seu governo tambem,0,0,0,https://twitter.com/Biakicis/status/1663627295486013442
Ary Kerner,@Lordakner,https://twitter.com/Lordakner/status/1663632354689024001,2023-05-30T19:43:56.000Z,"A Imprensa de extrema-esquerda fica chamando SKUNK de ""Maconha"", só para sabotar e diminuir o esforço, a iniciativa e os produtos dos nossos nobres empreendedores. 😡SELVA! ✝️🇺🇸🇧🇷🇮🇱🇺🇦✝️",0,0,1,https://twitter.com/Biakicis/status/1663627295486013442
Ever Romano,@EverRomao,https://twitter.com/EverRomao/status/1664204584460382209,2023-06-01T09:37:47.000Z,"LULA NÃO ESTÁ LOUCO! 
ESTÁ APENAS APERFEIÇOADO NA ARTE DE SACANEAR O POVO .

QUE TIPO DE HONRADEZ E VERDADES SE PODE ESPERAR DE UM ILEGÍTIMO PRESIDENTE GOLPISTA MENTIROSO  PROFISSIONAL , QUE MENTE CONPULSIVAMENTE E FAZ QUESTÃO DE SE ORGULHAR DAS  MENTIRAS QUE JÁ FABRICOU ?",0,1,1,https://twitter.com/Biakicis/status/1663627295486013442
