nome,usuario,idTweet,dataPublicacao,texto,replies,retweets,likes,tweetPai
Saymon,@Saymon37316165,https://twitter.com/Saymon37316165/status/1663621238852407296,2023-05-30T18:59:46.000Z,"indignação no twitter não vai resolver nada , cobrem Lira e Pacheco",1,0,13,https://twitter.com/Biakicis/status/1663612737459478530
Bia Kicis,@Biakicis,https://twitter.com/Biakicis/status/1663622641033396225,2023-05-30T19:05:20.000Z,"São deputados estaduais, não federais. O Processo virá ao TSE.",9,4,26,https://twitter.com/Biakicis/status/1663612737459478530
Carmelo Neto,@carmelonetobr,https://twitter.com/carmelonetobr/status/1663634507348561922,2023-05-30T19:52:30.000Z,"Obrigado pelo apoio, minha amiga. Não vamos desistir nunca!",3,5,130,https://twitter.com/Biakicis/status/1663612737459478530
FanáticoVascaino,@fabio_knoppA,https://twitter.com/fabio_knoppA/status/1663634602026577921,2023-05-30T19:52:52.000Z,👏🏻👏🏻👏🏻👏🏻👏🏻👏🏻,0,0,0,https://twitter.com/Biakicis/status/1663612737459478530
Flavia Magalhães,@FlaviaMSoares76,https://twitter.com/FlaviaMSoares76/status/1663636529804107776,2023-05-30T20:00:32.000Z,"E aí, o que vocês vão fazer? 

Vim aqui no Twitter fofocas ou vão tomar alguma atitude?

Hoje são eles, amanhã é você. 
Se reúna com seus colegas e sua base e TOME UMA ATITUDE. 

Estamos fartos de ver tanta covardia.",16,14,105,https://twitter.com/Biakicis/status/1663612737459478530
Flavia D,@Flavia92265939,https://twitter.com/Flavia92265939/status/1663653419931021312,2023-05-30T21:07:39.000Z,Estao calados diante de tudo!!! Um absurdo!!!,0,0,1,https://twitter.com/Biakicis/status/1663612737459478530
Fernando José Nunes,@fer_oz,https://twitter.com/fer_oz/status/1663636119009873920,2023-05-30T19:58:54.000Z,"Bem vindos à ""República Democrática do Brasil"".",0,0,3,https://twitter.com/Biakicis/status/1663612737459478530
Denise Konrad Deus é o Senhor!!!!,@KonradDenise,https://twitter.com/KonradDenise/status/1663621355533680640,2023-05-30T19:00:14.000Z,A mira está para todos do PL,2,0,4,https://twitter.com/Biakicis/status/1663612737459478530
Cesar Nascimento,@cesarapenas,https://twitter.com/cesarapenas/status/1663618729521954818,2023-05-30T18:49:48.000Z,"E, como entendo, os cassados não têm nada a ver com possível fraude feita pela direção do partido. Um erra e outros são punidos? Que tipo de justiça é esse?",0,2,4,https://twitter.com/Biakicis/status/1663612737459478530
uNsUsPeCtNoT,@amlavor,https://twitter.com/amlavor/status/1663664469648588800,2023-05-30T21:51:33.000Z,"Com esse congresso chocho que temos. Não há mais porque se cumprir as leis e a constituição .
Mas só vale pra um lado.",0,0,0,https://twitter.com/Biakicis/status/1663612737459478530
𝔅𝔦𝔤 𝔈𝔣𝔯𝔞,@TwittandoEfra,https://twitter.com/TwittandoEfra/status/1663624758133497859,2023-05-30T19:13:45.000Z,Vocês estão com seus dias contados ainda não caiu a fixa ?,1,0,0,https://twitter.com/Biakicis/status/1663612737459478530
JC Xavier,@JellyCostaMX,https://twitter.com/JellyCostaMX/status/1663614769146806280,2023-05-30T18:34:04.000Z,"Parece que estamos perdidos.... o negócio esta cada vez pior... eles estão acabando com a oposição, iludidos os que acreditaram que seria diferente.",1,0,1,https://twitter.com/Biakicis/status/1663612737459478530
Fernando Lima,@felimapraia82,https://twitter.com/felimapraia82/status/1663645527978786817,2023-05-30T20:36:17.000Z,Bizarro é um parlamentar reclamar de leis que eles mesmo fizeram ou mesmo se foram feitas antes do ingresso dele ao parlamento poderiam ter trabalhado para alterá-las. Só ratifica a incompetência do parlamentar.,0,0,1,https://twitter.com/Biakicis/status/1663612737459478530
Quasar Massivo Imodesto,@Ezeval7,https://twitter.com/Ezeval7/status/1663634540366110721,2023-05-30T19:52:37.000Z,"E vcs continuam só no discurso. . . Enquanto ""eles"" articulam, desarticular vcs. Abra o olho, antes que seja tarde demais, confio na sua pessoa pra isso!",0,0,1,https://twitter.com/Biakicis/status/1663612737459478530
Lasilania,@Lasilania,https://twitter.com/Lasilania/status/1663646099305902088,2023-05-30T20:38:33.000Z,"Essas bizarrices parecem não ter fim. Cadê os projetos para uma eleição transparente? Como será a eleição para prefeito? Não irei votar se for igual a eleição passada, chega de palhaçada…",0,0,0,https://twitter.com/Biakicis/status/1663612737459478530
Adriana de Lima,@adriana75171,https://twitter.com/adriana75171/status/1663618045116313601,2023-05-30T18:47:05.000Z,É isso que vão fazer com os deputados federais de direita. Ajam enquanto é tempo!,0,0,3,https://twitter.com/Biakicis/status/1663612737459478530
Rosangela Luzia Dias,@RosangelaLuzia5,https://twitter.com/RosangelaLuzia5/status/1663891534566027264,2023-05-31T12:53:50.000Z,"A Câmara e o Senado acovardaram-se na defesa do povo, esse é o início do fim dessas casas. Num futuro não distante será apenas ditadura. Muitos optaram por manter seus salários e vão padecer em suas escolhas.",0,0,0,https://twitter.com/Biakicis/status/1663612737459478530
Isabela P,@Isabela48807087,https://twitter.com/Isabela48807087/status/1663613674555097090,2023-05-30T18:29:43.000Z,"O judiciário vai causar todo mundo da direita.  Vai vendo o que vamos virar! Rezem,rezem muito,dobrem os joelhos ,essa é nossa única arma!!!",1,0,0,https://twitter.com/Biakicis/status/1663612737459478530
MKT.Promo,@mkt_promo2,https://twitter.com/mkt_promo2/status/1663765241753399296,2023-05-31T04:31:59.000Z,É triste ver manobras do judiciário contra o legislativo que é escolhido pelo povo!!,0,0,0,https://twitter.com/Biakicis/status/1663612737459478530
Richard,@Paladino773,https://twitter.com/Paladino773/status/1663620066745675783,2023-05-30T18:55:07.000Z,"EXCELENTE NOTÍCIA, GOLPISTAS COVARDES FINGINDO QUE NÃO TENTARAM O GOLPE, FORAM OS INCENTIVADORES, É CASACAO E DEPOIS CADEIA",0,0,1,https://twitter.com/Biakicis/status/1663612737459478530
baco ☭,@rnndnts,https://twitter.com/rnndnts/status/1663615654417649665,2023-05-30T18:37:35.000Z,"KAKAKAKAKAKKAKAKAKAKAKKA Torcendo pra que você seja a próxima, rainha das fakenews",1,0,1,https://twitter.com/Biakicis/status/1663612737459478530
Val Bass,@BassanesiVal,https://twitter.com/BassanesiVal/status/1663619639966875652,2023-05-30T18:53:25.000Z,"Todos serão cassados. Não existe mais oposição, apenas perseguição a direita!",0,0,0,https://twitter.com/Biakicis/status/1663612737459478530
Sérgio Botelho,@sergiocbotelho,https://twitter.com/sergiocbotelho/status/1663648587866157057,2023-05-30T20:48:27.000Z,"O Brasil acabou Bia!! Depois do que fizeram nas eleições do ano passado, descobriram que não tem limites..já estamos no comunismo. o último a sair, enquanto é possível, apaga a luz.",0,0,0,https://twitter.com/Biakicis/status/1663612737459478530
Lindsay Rodrigues,@rodrigueindsay,https://twitter.com/rodrigueindsay/status/1663675982333505537,2023-05-30T22:37:18.000Z,"Bom isso só começo eles pretendem eliminar toda a direita, porque vcs acham que o Maduro esta no Brasil?",0,0,0,https://twitter.com/Biakicis/status/1663612737459478530
Brasil Avante,@Avante9Avante,https://twitter.com/Avante9Avante/status/1663676885258076162,2023-05-30T22:40:53.000Z,"Tudo que o TSE do PT queria, não precisamos votar mais, está mais do que na cara que fica quem eles querem,não quem o povo elegeu,uma hipocrisia sem fim😡",0,0,0,https://twitter.com/Biakicis/status/1663612737459478530
Duda_drs,@DrsDuda,https://twitter.com/DrsDuda/status/1663897701308678145,2023-05-31T13:18:20.000Z,Quanta injustiça! Isso é uma vergonha! Não temos mais justiça no Brasil!,0,0,0,https://twitter.com/Biakicis/status/1663612737459478530
JK,@JKSennna,https://twitter.com/JKSennna/status/1663642882958413826,2023-05-30T20:25:46.000Z,"Eles so Entenderam Quando os Senhores Equilibrarem o Jogo, Tomando ""ATITUDES"" FORTES E CONCRETAS! 
""SE JOGAM FORA DAS QUATRO LINHAS SENHORES TABEM TEM QUE JOGAR! PQ NAO??""
se nao For Assim, vai cair de Um por Um!!
Lira e Pacheco's kkkkk Tao nem Ai!",0,0,0,https://twitter.com/Biakicis/status/1663612737459478530
Ednezia F,@EdneziaF_22,https://twitter.com/EdneziaF_22/status/1663615948467716096,2023-05-30T18:38:45.000Z,Vcs não estão escutando o 🇧🇷Chamem os parlamentares e vamos parar o 🇧🇷Isso já passou de todos os limites 🤦🏻‍♀️PELO AMOR DE DEUS 🙏😔,1,1,2,https://twitter.com/Biakicis/status/1663612737459478530
Octavio Albuquerque,@OctavioAlbuque4,https://twitter.com/OctavioAlbuque4/status/1663966609877221377,2023-05-31T17:52:09.000Z,"Não acredito em ninguém que ainda creia que o braziu tenha cura. Precisamos de nova constituição e novo tudo. Não sei como mas sei que o que aí está, apodreceu completamente.",0,0,0,https://twitter.com/Biakicis/status/1663612737459478530
Marcio Campos,@Marcio303330,https://twitter.com/Marcio303330/status/1663613205111816192,2023-05-30T18:27:51.000Z,O amor venceu….o ex-presidiário tb,0,0,3,https://twitter.com/Biakicis/status/1663612737459478530
Karina Rocha,@Karinarocha2022,https://twitter.com/Karinarocha2022/status/1663617510900473856,2023-05-30T18:44:57.000Z,Perseguição constante. Abater o inimigo. Esse é o desgoverno autoritario que temos hoje. Graças ao Senado que se acovardou e não tomou as rédeas no principio de tudo.,0,0,1,https://twitter.com/Biakicis/status/1663612737459478530
Adriano Paiva Martins,@AdrianoPaivaMa2,https://twitter.com/AdrianoPaivaMa2/status/1663628839090528257,2023-05-30T19:29:58.000Z,O nova degola modelo 2023 cem anos depois. Será que está na hora do Tenentismo modelo 2023??? República Velha....,0,0,1,https://twitter.com/Biakicis/status/1663612737459478530
tania silva,@taniasi81213363,https://twitter.com/taniasi81213363/status/1663616707263447041,2023-05-30T18:41:46.000Z,"Vcs vão aceitar, cadê o Lira? Cobrem ele pois é um dos culpados por está palhaçada",0,0,3,https://twitter.com/Biakicis/status/1663612737459478530
Flavio Ribeiro,@FlavioRibeiroSg,https://twitter.com/FlavioRibeiroSg/status/1663623876058701826,2023-05-30T19:10:15.000Z,Me divirto vendo bolsonarista se estrepar 🤣🤣🤣🤣,0,0,1,https://twitter.com/Biakicis/status/1663612737459478530
João Fabricio,@jfabryciovieira,https://twitter.com/jfabryciovieira/status/1663616399812468739,2023-05-30T18:40:32.000Z,"o mais puro suco de brasil esse ai, e vai ter mais deputados de oposição pode esperar já já essa moda chega no rio sp sc etc...",0,0,1,https://twitter.com/Biakicis/status/1663612737459478530
Alan,@alansan33338143,https://twitter.com/alansan33338143/status/1663613473702461450,2023-05-30T18:28:55.000Z,O Brasil já era..não vejo mais nenhuma saída.,0,0,6,https://twitter.com/Biakicis/status/1663612737459478530
Jurandir Martins,@DimClarr16,https://twitter.com/DimClarr16/status/1663613279099396097,2023-05-30T18:28:08.000Z,Está acontecendo o mesmo que aconteceu na Venezuela e de maneira muito mais rápida.,0,0,3,https://twitter.com/Biakicis/status/1663612737459478530
Saletinha,@SaleteIi,https://twitter.com/SaleteIi/status/1663678746933510144,2023-05-30T22:48:17.000Z,"A cota não importa, até pq é um absurdo, porém a injustiça.",0,0,0,https://twitter.com/Biakicis/status/1663612737459478530
Marcia Camello,@_MarciaCamello_,https://twitter.com/_MarciaCamello_/status/1663674209925492736,2023-05-30T22:30:15.000Z,Façam alguma coisa. Amanhã serão vocês.,1,0,0,https://twitter.com/Biakicis/status/1663612737459478530
Eduardo Cinelli,@CinelliEduardo,https://twitter.com/CinelliEduardo/status/1663750752685154305,2023-05-31T03:34:25.000Z,Tem que ser dado um paradeiro as decisões políticas do judiciário,0,0,0,https://twitter.com/Biakicis/status/1663612737459478530
Andréa Wilson,@ALuporiniWilson,https://twitter.com/ALuporiniWilson/status/1663699364852690945,2023-05-31T00:10:13.000Z,"Pela reintegração dos deputados do Ceará, eu saio às ruas!",0,0,0,https://twitter.com/Biakicis/status/1663612737459478530
Valdeci Santos,@Valdeci62467265,https://twitter.com/Valdeci62467265/status/1663613773267992577,2023-05-30T18:30:06.000Z,Meu Deus 😲,0,0,0,https://twitter.com/Biakicis/status/1663612737459478530
Eliana Lopes,@ElianaLidice,https://twitter.com/ElianaLidice/status/1663718414010007553,2023-05-31T01:25:54.000Z,Vcs deputados e senadores vão deixar?,0,0,0,https://twitter.com/Biakicis/status/1663612737459478530
Ferreira,@Ferreir95420287,https://twitter.com/Ferreir95420287/status/1663615415312941056,2023-05-30T18:36:38.000Z,E a Câmara vai ficar quieta?,0,0,0,https://twitter.com/Biakicis/status/1663612737459478530
Mari,@never_turn_left,https://twitter.com/never_turn_left/status/1663666357622415361,2023-05-30T21:59:03.000Z,"De fato é um absurdo. Porém, mais absurdo ainda que isso é a inação do congresso nacional; o que inclui a senhora.
Estou bem cansada desse tipo de reclamação infantil na internet.
Muito papo e zero ação concreta.
Deputada, acorde. A próxima pode ser a senhora.",0,0,0,https://twitter.com/Biakicis/status/1663612737459478530
Radson Deyves Coelho,@radsondeyves,https://twitter.com/radsondeyves/status/1663708394983653376,2023-05-31T00:46:06.000Z,Na próxima eleição pra evitar é bom não cometer fraude.,0,0,0,https://twitter.com/Biakicis/status/1663612737459478530
FMC,@FMC2023,https://twitter.com/FMC2023/status/1663627863399055361,2023-05-30T19:26:06.000Z,"Inacreditável, cassaram duas deputas, mulheres, pela cota de mulheres! Chocante e absurdo!",0,0,0,https://twitter.com/Biakicis/status/1663612737459478530
guilherme pockrandt,@guilhermep66947,https://twitter.com/guilhermep66947/status/1663780067783180289,2023-05-31T05:30:54.000Z,Estão mudando as cotas da direita. Se não ganham nas urnas levam na mão grande.,0,0,0,https://twitter.com/Biakicis/status/1663612737459478530
Antonio Reges Aquino,@AquinoReges,https://twitter.com/AquinoReges/status/1663626230896181250,2023-05-30T19:19:36.000Z,Continuem jogando dentro das quatro linhas que esta dando certo,0,0,0,https://twitter.com/Biakicis/status/1663612737459478530
Júnior,@1337junior,https://twitter.com/1337junior/status/1663666003111292929,2023-05-30T21:57:39.000Z,Grande dia 🤣,0,0,0,https://twitter.com/Biakicis/status/1663612737459478530
Anderson Araujo,@Anderso81462838,https://twitter.com/Anderso81462838/status/1663959138991210528,2023-05-31T17:22:28.000Z,É realmente eles vão tomar o poder.! Lamentável.,0,0,0,https://twitter.com/Biakicis/status/1663612737459478530
me segue te sigo de volta,@sousa030975,https://twitter.com/sousa030975/status/1664029643081433089,2023-05-31T22:02:37.000Z,Bizarro mesmo e o as conversas do cel do cidinho,0,0,0,https://twitter.com/Biakicis/status/1663612737459478530
Tania Alves,@TaniaAl60560300,https://twitter.com/TaniaAl60560300/status/1663623335022936072,2023-05-30T19:08:06.000Z,Ninguém pode fazer nada?,0,0,0,https://twitter.com/Biakicis/status/1663612737459478530
Talmo Oliveira OLY,@Talmovolei,https://twitter.com/Talmovolei/status/1663858483513511936,2023-05-31T10:42:30.000Z,Se vocês deputados e senadores eleitos por nós não conseguem fazer nada... imagine nós. Ninguém dá um basta nisso?,0,0,0,https://twitter.com/Biakicis/status/1663612737459478530
Nair Martins,@NairMar60574639,https://twitter.com/NairMar60574639/status/1663830119524229121,2023-05-31T08:49:47.000Z,Perseguição.....,0,0,0,https://twitter.com/Biakicis/status/1663612737459478530
Mariza Gama Azevedo,@Azev1Mariza,https://twitter.com/Azev1Mariza/status/1663625134312136704,2023-05-30T19:15:15.000Z,Inacreditável!!!!!,0,0,0,https://twitter.com/Biakicis/status/1663612737459478530
Sauro Din,@saurodin,https://twitter.com/saurodin/status/1663631580055719939,2023-05-30T19:40:52.000Z,Já estão criando o Brasil do Norte,0,0,0,https://twitter.com/Biakicis/status/1663612737459478530
tete,@cristina_vinhas,https://twitter.com/cristina_vinhas/status/1663616093913595914,2023-05-30T18:39:19.000Z,E janones? Mesmo caso,0,0,0,https://twitter.com/Biakicis/status/1663612737459478530
flaviosoujas@gmail.com,flaviosoujas@gmail.com,https://twitter.com/flaviosoujas/status/1663719216627761155,2023-05-31T01:29:06.000Z,"Bizarro, é o mínimo que pode ser dito sobre este fato. É a minha Opinião.",0,0,0,https://twitter.com/Biakicis/status/1663612737459478530
Cesar Fernandes,@CesarFe30285395,https://twitter.com/CesarFe30285395/status/1663648243417337858,2023-05-30T20:47:04.000Z,"Suposto??? 

O coisinha!! 

Tic tac",0,0,0,https://twitter.com/Biakicis/status/1663612737459478530
Léia,@Leiapolidoro,https://twitter.com/Leiapolidoro/status/1663657488900562945,2023-05-30T21:23:49.000Z,E mais uma vez a luta é só virtual,0,0,0,https://twitter.com/Biakicis/status/1663612737459478530
Alexandra,@Alexand17888366,https://twitter.com/Alexand17888366/status/1663652176520986627,2023-05-30T21:02:42.000Z,Que doideira está esse Brasil!!!,0,0,0,https://twitter.com/Biakicis/status/1663612737459478530
Maria da Luz Nunes de Albuquerque,@MariadaLuzNune3,https://twitter.com/MariadaLuzNune3/status/1663616242186346497,2023-05-30T18:39:55.000Z,"Agora, atingindo os senhores deputados, quero vê como vcs agem. Quando só a população se ferra , está tudo bem. Só observo!!!",0,0,1,https://twitter.com/Biakicis/status/1663612737459478530
Andrae xxy,@AndraeXxy91322,https://twitter.com/AndraeXxy91322/status/1663613193866838017,2023-05-30T18:27:48.000Z,Gente o que eh isso?!!!!!,0,0,1,https://twitter.com/Biakicis/status/1663612737459478530
Renata,@RenataP28003197,https://twitter.com/RenataP28003197/status/1663673266106429443,2023-05-30T22:26:30.000Z,Isto é o que se tornou o STE uma vergonha nacional.,0,0,0,https://twitter.com/Biakicis/status/1663612737459478530
Hélcio Cândido Martins,@Helcio_cm,https://twitter.com/Helcio_cm/status/1663616272821633027,2023-05-30T18:40:02.000Z,"Gostaríamos que os parlamentares parassem de expressar suas indicações em redes sociais, e usassem o poder que nós ""cidadãos"" os delegamos. Façam algo!",0,0,0,https://twitter.com/Biakicis/status/1663612737459478530
Jose Iran,@OdeIran,https://twitter.com/OdeIran/status/1663761177468444673,2023-05-31T04:15:50.000Z,"Se houve fraude, tem que ter punição.",0,0,0,https://twitter.com/Biakicis/status/1663612737459478530
Dude,@dudecoelho,https://twitter.com/dudecoelho/status/1663629683823620096,2023-05-30T19:33:20.000Z,Merecido. Brasil precisa imediatamente acabar. Alguém pode jogar uma 💣 nessa merda?,0,0,0,https://twitter.com/Biakicis/status/1663612737459478530
Borachurras Picanha,@BorachurrasP,https://twitter.com/BorachurrasP/status/1663690101363298306,2023-05-30T23:33:24.000Z,Mais uma fake?,0,0,0,https://twitter.com/Biakicis/status/1663612737459478530
Marcio Roseno,@MarcioRoseno2,https://twitter.com/MarcioRoseno2/status/1663620039457505285,2023-05-30T18:55:00.000Z,"Bizarros não , Brasil .",0,0,0,https://twitter.com/Biakicis/status/1663612737459478530
SouzaFig,@SouzaFig2,https://twitter.com/SouzaFig2/status/1663638821416628225,2023-05-30T20:09:38.000Z,Façam alguma coisa urgentemente,0,0,1,https://twitter.com/Biakicis/status/1663612737459478530
Dira Alves,@DiraAlves6,https://twitter.com/DiraAlves6/status/1663623473195806720,2023-05-30T19:08:39.000Z,E ficará assim mesmo?,0,0,0,https://twitter.com/Biakicis/status/1663612737459478530
Sergio Fernando Seben,@SebenSergio,https://twitter.com/SebenSergio/status/1663640012125093889,2023-05-30T20:14:22.000Z,E só 🗣️🗣️🗣️🗣️ e nada de atitudes!,0,0,1,https://twitter.com/Biakicis/status/1663612737459478530
luiza patriota,@luiza_patriota,https://twitter.com/luiza_patriota/status/1663616619015176198,2023-05-30T18:41:25.000Z,É um escárnio atrás do outro,0,0,1,https://twitter.com/Biakicis/status/1663612737459478530
josino tomaz de lima,@josino_tomaz,https://twitter.com/josino_tomaz/status/1663929865580544000,2023-05-31T15:26:08.000Z,Não a MP 1154,0,0,0,https://twitter.com/Biakicis/status/1663612737459478530
Brasil Bananal,@bananiaforever,https://twitter.com/bananiaforever/status/1663627204113121286,2023-05-30T19:23:28.000Z,Qual a medida a ser tomada? Aja e divulgue,0,0,0,https://twitter.com/Biakicis/status/1663612737459478530
Fogo Nos fascistas ☭✰,@ThiagoLima_13,https://twitter.com/ThiagoLima_13/status/1663691681126809601,2023-05-30T23:39:41.000Z,Grande dia👍🚩😍,0,0,0,https://twitter.com/Biakicis/status/1663612737459478530
Lulalá,@Vanderl30212999,https://twitter.com/Vanderl30212999/status/1663613809976647682,2023-05-30T18:30:15.000Z,Kkkk. Grande dia,0,0,0,https://twitter.com/Biakicis/status/1663612737459478530
"16,Bento",@ConservadorDf,https://twitter.com/ConservadorDf/status/1663651487564673026,2023-05-30T20:59:58.000Z,E?????,0,0,0,https://twitter.com/Biakicis/status/1663612737459478530
#SemprePeloBrasil,@SemprePeloBR,https://twitter.com/SemprePeloBR/status/1663633209861586944,2023-05-30T19:47:20.000Z,"Se não tem crime, inventa-se.",0,0,0,https://twitter.com/Biakicis/status/1663612737459478530
Carlos Muniz,@carlosmuniz57,https://twitter.com/carlosmuniz57/status/1663645582647230464,2023-05-30T20:36:30.000Z,"O sistema mostrando sua força, e, o País cheio de mansos",0,0,0,https://twitter.com/Biakicis/status/1663612737459478530
Robô Vicky,@SabbaEstrela,https://twitter.com/SabbaEstrela/status/1663613526173179904,2023-05-30T18:29:07.000Z,"Hora de agir, que tal?",0,0,1,https://twitter.com/Biakicis/status/1663612737459478530
Silvana,@Maktub1619,https://twitter.com/Maktub1619/status/1663658380001509379,2023-05-30T21:27:21.000Z,A direita esta sendo cansada e os parlamentares eleitos nada fazem. Deputada está na hora de travarem as casas pra exigir a volta da normalidade,0,0,0,https://twitter.com/Biakicis/status/1663612737459478530
Anne Cross,@Annecross2022,https://twitter.com/Annecross2022/status/1663678731812995074,2023-05-30T22:48:13.000Z,Ditadura do amor. Igual as narrativas da Venezuela,0,0,0,https://twitter.com/Biakicis/status/1663612737459478530
André,@AndrePVPE,https://twitter.com/AndrePVPE/status/1663881006011613187,2023-05-31T12:11:59.000Z,Viva o cabaré Brasil!,0,0,0,https://twitter.com/Biakicis/status/1663612737459478530
Ratinha da academia,@ellenkarenof21,https://twitter.com/ellenkarenof21/status/1663616152226897922,2023-05-30T18:39:33.000Z,A careta furacão está sem freio💚🧡,0,0,2,https://twitter.com/Biakicis/status/1663612737459478530
Kléber Mariquito,@KleberMariquito,https://twitter.com/KleberMariquito/status/1664111066555592705,2023-06-01T03:26:10.000Z,"É moda, seguindo o exemplo do TSE. Temos que parar o Brasil URGENTE!",0,0,0,https://twitter.com/Biakicis/status/1663612737459478530
Joao Roberto Martins Filho,@pontal53,https://twitter.com/pontal53/status/1663920596101521416,2023-05-31T14:49:18.000Z,Já era!,0,0,0,https://twitter.com/Biakicis/status/1663612737459478530
Val Fernandes,@ValFern65627782,https://twitter.com/ValFern65627782/status/1663634709543370752,2023-05-30T19:53:18.000Z,💩💩🤮🤮💩💩🤮🤮,0,0,0,https://twitter.com/Biakicis/status/1663612737459478530
Paulo,@PauloMP10Rep,https://twitter.com/PauloMP10Rep/status/1663615779844108291,2023-05-30T18:38:05.000Z,"E o @SenadoFederal e a @camaradeputados continuam a passar vergonha Mundial. Ficam apenas assistindo e nada fazem. Lastimável, vergonhoso, lamentável, absurdo e imoral.",0,0,2,https://twitter.com/Biakicis/status/1663612737459478530
Luiz Fernando,@LuizAlves1981,https://twitter.com/LuizAlves1981/status/1663615355946782720,2023-05-30T18:36:23.000Z,"O país não tem mais jeito não, os quadrilheiros assumirem o poder tudo com aval do PTSTF... Só um evento divino para salvar o país, até o "" glorioso"" exército 🪖 está em conluio 🤡",0,0,1,https://twitter.com/Biakicis/status/1663612737459478530
Aloizio Veras,@aloizio_veras,https://twitter.com/aloizio_veras/status/1663613270618505218,2023-05-30T18:28:06.000Z,Um desrespeito aos eleitores . A chapa do PL recebeu quase 500 mil votos. Esses canalhas nos obrigam a votar e querem escolher pela gente. Agora não tem oposição.,0,0,1,https://twitter.com/Biakicis/status/1663612737459478530
carolina gomes,@Cchiappini71,https://twitter.com/Cchiappini71/status/1663625061662588930,2023-05-30T19:14:58.000Z,"o teu ta guardado, logo será a proxima",0,0,1,https://twitter.com/Biakicis/status/1663612737459478530
Digodine,@Rblls09,https://twitter.com/Rblls09/status/1663612943529918469,2023-05-30T18:26:48.000Z,O povo precisa reagir!,0,0,2,https://twitter.com/Biakicis/status/1663612737459478530
Alexandre Racchetti,@alexandreracch2,https://twitter.com/alexandreracch2/status/1663617302368067585,2023-05-30T18:44:08.000Z,TREs e TSE trabalhando juntos pra limar toda  oposição ao Carniça no Brasil,0,0,2,https://twitter.com/Biakicis/status/1663612737459478530
@lola_,@lola_,https://twitter.com/Lola1712454550/status/1663615942356606978,2023-05-30T18:38:43.000Z,"No RN tb tiraram o mandato de um deputado para colocar o candidato faccionado, amigo da governadora. não foi!?👌😉",0,0,1,https://twitter.com/Biakicis/status/1663612737459478530
Hughes,@fflameng,https://twitter.com/fflameng/status/1663613691663663104,2023-05-30T18:29:47.000Z,BUAAA,0,0,0,https://twitter.com/Biakicis/status/1663612737459478530
Revelle,@eb2f7b4a12fa444,https://twitter.com/eb2f7b4a12fa444/status/1663623422302203905,2023-05-30T19:08:27.000Z,Bom existe algum órgão que possa recorrer ? Não pq o sistema esta ao lado da esquerda eu vejo aqui se replicar o Maduro faz na Venezuela simples assim haverá sim uma direita mas essa direita ser uma direita permitida.,1,1,0,https://twitter.com/Biakicis/status/1663612737459478530
Ale,@Aleks2121,https://twitter.com/Aleks2121/status/1663631382269120513,2023-05-30T19:40:04.000Z,Suposta?,0,0,0,https://twitter.com/Biakicis/status/1663612737459478530
Valdetar Gonçalves,@ValdetarG,https://twitter.com/ValdetarG/status/1663622264833597440,2023-05-30T19:03:51.000Z,ESTAMOS PRECISANDO DE UMA NOVA QUEDA DA BRASÍLIA..DIGO DA BASTILHA..,0,0,0,https://twitter.com/Biakicis/status/1663612737459478530
Luciano Silva,@72Luciano17,https://twitter.com/72Luciano17/status/1663645176345030664,2023-05-30T20:34:53.000Z,Venezuelar e o que querem a todo e qualquer imposição. Simples assim.,0,0,0,https://twitter.com/Biakicis/status/1663612737459478530
Marco Costa,@marcoac1970,https://twitter.com/marcoac1970/status/1663654709184348163,2023-05-30T21:12:46.000Z,"A violação foi de cotas para o PT. 
Se elas fossem de esquerda ainda estariam lá.",0,0,0,https://twitter.com/Biakicis/status/1663612737459478530
Akemi,@Akemi_new,https://twitter.com/Akemi_new/status/1663653180650008580,2023-05-30T21:06:42.000Z,Isso é uma canalhice sem precedentes. Surreal,0,0,0,https://twitter.com/Biakicis/status/1663612737459478530
MARIA DA CONCEICAO SAMPAIO DE SOUSA,@MARIADA93348201,https://twitter.com/MARIADA93348201/status/1663647890202324994,2023-05-30T20:45:40.000Z,Melhor botar os juizes para trabalhar...,0,0,0,https://twitter.com/Biakicis/status/1663612737459478530
JK,@JKSennna,https://twitter.com/JKSennna/status/1663640971358224391,2023-05-30T20:18:11.000Z,"Vao Derrubar de um por um! Assim Como na Venezuela! Aqui Por Ser Um Pais Maior do que A Venezuela Vai levar um Tempo! 
Mas No Final Vai ser O Judiciario STf que vai mandar! E os Srs Dpts.... So Continuarao Falando E nao Entendo Que Pra eles Tanto Faz!",1,0,1,https://twitter.com/Biakicis/status/1663612737459478530
Janaina Tessmann,@janainatessmann,https://twitter.com/janainatessmann/status/1663617144024711168,2023-05-30T18:43:30.000Z,"Senadores e deputados, façam alguma coisa!",0,0,0,https://twitter.com/Biakicis/status/1663612737459478530
ReservistaCosta22,@CostaReservista,https://twitter.com/CostaReservista/status/1663623580146360324,2023-05-30T19:09:04.000Z,Vamos aceitar???,0,0,0,https://twitter.com/Biakicis/status/1663612737459478530
Helena Mazullo,@hbmazullo,https://twitter.com/hbmazullo/status/1663747166202994688,2023-05-31T03:20:10.000Z,Kkk a lei tem que ser cumprida!!!! Mas quando atingem vocês  ficam bravos!!!! Kkkk,0,0,0,https://twitter.com/Biakicis/status/1663612737459478530
Jéssica Ramalho,@JessykRamalho,https://twitter.com/JessykRamalho/status/1663646453699411970,2023-05-30T20:39:58.000Z,É o poste mijando no cachorro.,0,0,0,https://twitter.com/Biakicis/status/1663612737459478530
Maur. Bianchetti,@Bianchetti94752,https://twitter.com/Bianchetti94752/status/1664025646266298368,2023-05-31T21:46:44.000Z,Mas que suposta. Tem provas sobrando. Não tem nada suposto.,0,0,0,https://twitter.com/Biakicis/status/1663612737459478530
PsiMariano,@psi_mariano,https://twitter.com/psi_mariano/status/1663688315504152576,2023-05-30T23:26:18.000Z,"Mexeu com uma, mexeu com todas... Menos para quem não é da esquerda! Aí pode mexer, bolinar, espancar, violentar! O Brasil está ingovernável",0,0,0,https://twitter.com/Biakicis/status/1663612737459478530
josemir,@TenJosemir,https://twitter.com/TenJosemir/status/1663780697511800832,2023-05-31T05:33:24.000Z,Vítimas das quatro linhas da constituição,0,0,0,https://twitter.com/Biakicis/status/1663612737459478530
nereide barros Deus acima de todos,@nagbarros,https://twitter.com/nagbarros/status/1663632675377143809,2023-05-30T19:45:13.000Z,Perseguição ao @plnacional_,0,0,0,https://twitter.com/Biakicis/status/1663612737459478530
Careca Patriota,@CarecaPatriota,https://twitter.com/CarecaPatriota/status/1663663566279303169,2023-05-30T21:47:58.000Z,Qual será então a providência a ser tomada deputada???,0,0,0,https://twitter.com/Biakicis/status/1663612737459478530
Rizya Oliveira,@rizyachela,https://twitter.com/rizyachela/status/1663624027749875718,2023-05-30T19:10:51.000Z,"Casaram o Daniel Silveira e vcs não fizeram nada, vai chegar a vez dd vcs tb..",0,0,0,https://twitter.com/Biakicis/status/1663612737459478530
Victor Hugo de Oliveira,@euvictorhugo28,https://twitter.com/euvictorhugo28/status/1663614246586810368,2023-05-30T18:31:59.000Z,"Isso é um crime contra a constituição! Esses deputados foram DEMOCRATICAMENTE colocados lá na câmara! Pessoas votaram, e os colocaram como seus respectivos representantes. É um ""não"" a d
Democracia em seu pleno significado e um ""sim"" a uma Ditadura PLENA em seu significado.",0,0,0,https://twitter.com/Biakicis/status/1663612737459478530
Mengudo,@Davih_Dourado,https://twitter.com/Davih_Dourado/status/1663613322187493377,2023-05-30T18:28:19.000Z,E vocês não fazem nada? Só falam no twitter?,0,0,0,https://twitter.com/Biakicis/status/1663612737459478530
Laurindo Jr,@LaurindoSJr,https://twitter.com/LaurindoSJr/status/1663614084145659909,2023-05-30T18:31:20.000Z,Viva a nova ditadura moderna brasileira,0,0,0,https://twitter.com/Biakicis/status/1663612737459478530
Sandro Coelho,@coelho_brasil,https://twitter.com/coelho_brasil/status/1663649383760420865,2023-05-30T20:51:36.000Z,"Tá

Más vai continuar nas redes sociais ou vamos para o tudo ou nada de uma vez???

Entenda de uma vez por todas: Regime COMUNISTA não aceita ter adversário!

Ou derruba logo ou cairemos de quatro igual a Venezuela!",0,0,1,https://twitter.com/Biakicis/status/1663612737459478530
Ruan Gadelha,@gadelha_r,https://twitter.com/gadelha_r/status/1663618848640188416,2023-05-30T18:50:16.000Z,É bizarro fazer cumprir a lei deputada?,0,0,2,https://twitter.com/Biakicis/status/1663612737459478530
"Iury Lima, PT Fóbico. Libertas Quae Sera Tamen.",@Out___ofTheBox,https://twitter.com/Out___ofTheBox/status/1663627229622853632,2023-05-30T19:23:34.000Z,"É ""democracia até demais"". Processo eleitoral cada vez mais ""Maduro"".",0,0,2,https://twitter.com/Biakicis/status/1663612737459478530
Ano novo só começando,@Terezinha75989,https://twitter.com/Terezinha75989/status/1663641029873143808,2023-05-30T20:18:25.000Z,Fica em casa por causa da pessoas que não votou no bolsonara.                               Aguarde que vem mas🤷‍♀️,0,1,2,https://twitter.com/Biakicis/status/1663612737459478530
Valter Ribeiro,@ValterRibeiroM1,https://twitter.com/ValterRibeiroM1/status/1663664136172044288,2023-05-30T21:50:14.000Z,"Estão caçando os opositores, igualzinho na Venezuela.",0,1,3,https://twitter.com/Biakicis/status/1663612737459478530
Paulo Rodrigo,@13Rodrigo1987,https://twitter.com/13Rodrigo1987/status/1663612934365249537,2023-05-30T18:26:46.000Z,"Isso é uma MARAVILHA!!!
O Bolsonarismo voltando pro esgoto!",1,0,5,https://twitter.com/Biakicis/status/1663612737459478530
FRANCO,@rsf0000_franco,https://twitter.com/rsf0000_franco/status/1663648084801323013,2023-05-30T20:46:27.000Z,Bandido bom são bandidos cassados justiça sendo feita,0,0,1,https://twitter.com/Biakicis/status/1663612737459478530
Eliane Camilo,@ElianeC05264958,https://twitter.com/ElianeC05264958/status/1663625582804860936,2023-05-30T19:17:02.000Z,"Congresso froux0 covardes que está de 4,0 STF",0,0,0,https://twitter.com/Biakicis/status/1663612737459478530
Sergio K,@sergioksjm1,https://twitter.com/sergioksjm1/status/1663616361376145408,2023-05-30T18:40:23.000Z,"Vergonha não, o nome correto é: 4 linhas kkkkkkkkkk.
Espero que todos vcs tenham o mesmo destino, covardes mentirosos.
""Acabou porr4""
""Eu sou o chefe das forças 🍉""
""Teremos eleições limpas""
""Vamos às ruas pela última vez""
""Eles podem muito, mas não podem tudo""
Covarde.🤡🤡",0,0,0,https://twitter.com/Biakicis/status/1663612737459478530
César,@BezeCesar,https://twitter.com/BezeCesar/status/1663630596520779779,2023-05-30T19:36:57.000Z,Brasil comunista... Já já tiram seu mandato também.,0,0,0,https://twitter.com/Biakicis/status/1663612737459478530
Dimas Alberto,@dimasalberto03,https://twitter.com/dimasalberto03/status/1663618837349031936,2023-05-30T18:50:14.000Z,"A China manda deputada. Vocês deixaram que chegassem a esse ponto. Uma direita fraca, ingênua, imbecil e infantil...!",0,0,0,https://twitter.com/Biakicis/status/1663612737459478530
Atleticanista,@atleticanista,https://twitter.com/atleticanista/status/1663614076868591616,2023-05-30T18:31:19.000Z,Parabéns ao TRE! 🇧🇷,0,0,0,https://twitter.com/Biakicis/status/1663612737459478530
ozéias David,@DavidOzeia40486,https://twitter.com/DavidOzeia40486/status/1663614591325052930,2023-05-30T18:33:21.000Z,Todos os políticos  estão  dormindo  no ponto   Tsé  e STF  vai casar  um por um    adivinha quem  tá  matando  no Brasil   tenho certeza que não é o povo  e nuca  foi,0,0,0,https://twitter.com/Biakicis/status/1663612737459478530
Dia de Sol,@ClaudiaAlmk,https://twitter.com/ClaudiaAlmk/status/1663615114707193859,2023-05-30T18:35:26.000Z,Suposta? Vc está afirmando que a cassação não teve nenhuma prova?,1,0,1,https://twitter.com/Biakicis/status/1663612737459478530
Paulo vancine,@Pvancine,https://twitter.com/Pvancine/status/1663631153725620224,2023-05-30T19:39:10.000Z,🤔💰💰💰🤮🤮🤮,0,0,0,https://twitter.com/Biakicis/status/1663612737459478530
Guia,@Pinahertz,https://twitter.com/Pinahertz/status/1663653208969887751,2023-05-30T21:06:48.000Z,"Nobre deputada, infelizmente vcs não tem força nenhuma. Hoje temos no país, um único poder, só! Os presidentes das casas legislativas, estão, em claro alinhamento com a situação. Desta forma, só cabe a vcs caírem, como peões no jogo. Lamentável.",0,0,0,https://twitter.com/Biakicis/status/1663612737459478530
Ustra,@Ustra16,https://twitter.com/Ustra16/status/1663626487466020866,2023-05-30T19:20:37.000Z,Esquerdistas não têm vergonha,0,0,1,https://twitter.com/Biakicis/status/1663612737459478530
José Antônio,@JosAntn23019685,https://twitter.com/JosAntn23019685/status/1663672909804470275,2023-05-30T22:25:05.000Z,"Querida deputada,  com todo respeito,  se o congresso lá trás,  na primeira que o Alexandre de Moraes aprontou com o caso da nomeação do diretor da PF pelo capitão, tivesse posto o iluministro no seu devido lugar, hoje a história seria outra. O mesmo serve pra Daniel Silveira.",0,0,0,https://twitter.com/Biakicis/status/1663612737459478530
Jorgemar Santa Brígida,@SantaJorge58295,https://twitter.com/SantaJorge58295/status/1663624296139304960,2023-05-30T19:11:55.000Z,São deputados estaduais mas vai chegar em vocês.,0,0,0,https://twitter.com/Biakicis/status/1663612737459478530
José Antônio,@JosAntn23019685,https://twitter.com/JosAntn23019685/status/1663674046880395265,2023-05-30T22:29:37.000Z,"O Congresso foi omisso,  hoje TODOS vocês, deputados e senadores,  estão vendo o que pode acontecer se desagradarem a Alexandre I Imperador do Brasil. Não existe mais corda pra arrebentar e  os militares nada fizeram.  O que resta são vocês salvarem a nação.",0,0,0,https://twitter.com/Biakicis/status/1663612737459478530
Dik Campos,@dik_campos,https://twitter.com/dik_campos/status/1663656465129717761,2023-05-30T21:19:45.000Z,"Isso é tudo teatro dos moluscos com permissão das FFAA para que todos os ratos sejam apanhados. A limpeza tá sendo feita silenciosamente. Não existe mais república federativa, somos Soberania, Bolsonaro encerrou o livro presidencial em 2019.",0,0,0,https://twitter.com/Biakicis/status/1663612737459478530
Ana - Deus Família Pátria,@Ana71962234,https://twitter.com/Ana71962234/status/1663614880379817984,2023-05-30T18:34:30.000Z,"Bizarrice é termos um congresso COVARDE que só sabe falar nas redes sociais.
AÇÃO JÁ",0,0,0,https://twitter.com/Biakicis/status/1663612737459478530
Charles D,@cdouglasgga1,https://twitter.com/cdouglasgga1/status/1663674036218363907,2023-05-30T22:29:34.000Z,Bia avisa o Nikolas que ele vai ser o próximo,0,0,0,https://twitter.com/Biakicis/status/1663612737459478530
Andre Miranda,@a180969M,https://twitter.com/a180969M/status/1663659071986368513,2023-05-30T21:30:06.000Z,"Ainda não acordaram que estão lidando com CRIMINOSOS travestidos de tribunal eleitoral, que vocês não combateram qdo tiveram o poder e a oportunidade em mãos.

Tudo um teatro.

País acabou. Se querem mudança, só com a profecia de Figueiredo.",0,0,0,https://twitter.com/Biakicis/status/1663612737459478530
Claudio Carvalho,@ClaudioCarval74,https://twitter.com/ClaudioCarval74/status/1663853248246153216,2023-05-31T10:21:41.000Z,"Vocês são DEPUTADOS !!!!!

Fazem algo a esse Respeito,
Agora se vcs não conseguem se unir para BARRA A DITADURA,
Quem dirá o povo que não têm PODER NENHUM!!!!",0,0,0,https://twitter.com/Biakicis/status/1663612737459478530
Cristina M. Gouvêa,@CristinaMGouvea,https://twitter.com/CristinaMGouvea/status/1663613502257332225,2023-05-30T18:29:02.000Z,"O Brasil voltou sim, para mão dos B@ndidos!",0,0,0,https://twitter.com/Biakicis/status/1663612737459478530
Mauricio,@mauvsouza,https://twitter.com/mauvsouza/status/1663650070200287236,2023-05-30T20:54:20.000Z,A sra está dizendo que os cassados não cometeram a fraude pela qual foram julgados?  Mostra aí onde está o erro do tribunal. Mostra argumentos!!!,0,0,0,https://twitter.com/Biakicis/status/1663612737459478530
VOTAMOS! E ESTAO DERRUBANDO TDOS,@silviaaaaaa2014,https://twitter.com/silviaaaaaa2014/status/1663645879322935304,2023-05-30T20:37:41.000Z,"E pior foi votado pelo povo,..eles estão aos poucos dominando e vcs não fazem bada",0,0,0,https://twitter.com/Biakicis/status/1663612737459478530
MANSUR MAKTUB.,@maktubpapelaria,https://twitter.com/maktubpapelaria/status/1663616823537856514,2023-05-30T18:42:13.000Z,E voces vão fazer o que ó digníssima ?,0,0,0,https://twitter.com/Biakicis/status/1663612737459478530
vaGNer,@vaGNer578147602,https://twitter.com/vaGNer578147602/status/1663614775031414784,2023-05-30T18:34:05.000Z,A lei é a lei. Cumpra-se!,0,0,0,https://twitter.com/Biakicis/status/1663612737459478530
Orlando Langoni,@OrlandoLangoni,https://twitter.com/OrlandoLangoni/status/1663619151762472962,2023-05-30T18:51:28.000Z,"Estão adotando a ""democracia do @NicolasMaduro""?!#CorrupçãoMata",0,0,0,https://twitter.com/Biakicis/status/1663612737459478530
ivam pereira,@ivampereira91,https://twitter.com/ivampereira91/status/1663634833514328066,2023-05-30T19:53:47.000Z,Senado omisso e covarde só gastando nossos tributos.,0,0,0,https://twitter.com/Biakicis/status/1663612737459478530
João Cavalcanti,@1joaocavalcanti,https://twitter.com/1joaocavalcanti/status/1663657246079823872,2023-05-30T21:22:51.000Z,"Narco-estado lulapetista, nada mais.",0,0,0,https://twitter.com/Biakicis/status/1663612737459478530
Solange Costa,@Solange78128037,https://twitter.com/Solange78128037/status/1663645850260627458,2023-05-30T20:37:34.000Z,"Não consigo entender vocês parlamentares da direita. Ficam nas redes, só fazendo publicações. Tomar atitudes, nada. Tá chato!!!",0,0,0,https://twitter.com/Biakicis/status/1663612737459478530
Valéria,@Valria66710284,https://twitter.com/Valria66710284/status/1663886512725827586,2023-05-31T12:33:52.000Z,"O TRE-CE, como o TJ, o TCE, o MP, está dominado pela bandidagem petista que desgoverna o Estado",0,0,0,https://twitter.com/Biakicis/status/1663612737459478530
Diogo Federer,@diogofederer,https://twitter.com/diogofederer/status/1663619418289582084,2023-05-30T18:52:32.000Z,"Justiça seletiva, burra e arbitrária. Como na venezuela",0,0,1,https://twitter.com/Biakicis/status/1663612737459478530
CESAR ANIBAL QUILES,@quiles_cesar4,https://twitter.com/quiles_cesar4/status/1663628940706033664,2023-05-30T19:30:22.000Z,"E o que os nobres deputados estão fazendo para restabelecer a lei ?
OU já não existe lei? Eles fazem o que quiser?
Bota a boca no mundo, já que aqui parece que a justiça está tomada por corruptos.
Aciona o TRIBUNAL INTERNACIONAL, a esquerda foi levar o resultado da CPI da covid.",0,0,0,https://twitter.com/Biakicis/status/1663612737459478530
Benedicto Santos,@Benedicto196,https://twitter.com/Benedicto196/status/1663616708043583490,2023-05-30T18:41:46.000Z,"Então! A Ditadura no Brasil já começou e pelo TSE e o STF, só os políticos da direita ainda não perceberam, tá na hora povo nas ruas de todos o Brasil, pq se deixar será tarde reverter essa tirania do judiciário federal e estadual 😡😡😡",0,0,0,https://twitter.com/Biakicis/status/1663612737459478530
Elcy santos,@santos64902091,https://twitter.com/santos64902091/status/1663640006735413251,2023-05-30T20:14:21.000Z,"Na Venezuela o ditador matava seus opositores, aqui,tiram seus mandatos,mais é pela democracia.🤡🤡🤡🤡",0,0,0,https://twitter.com/Biakicis/status/1663612737459478530
Oliva Nogueira,@OlivaNogueira11,https://twitter.com/OlivaNogueira11/status/1663636175368626177,2023-05-30T19:59:07.000Z,Só uma pergunta. QUE ATITUDE O PL VAI TOMAR? Vai seguir inerte como faziam com o Presidente Bolsonaro? ABSURDO!,0,1,1,https://twitter.com/Biakicis/status/1663612737459478530
Leandro Tissiano,@LeandroTissiann,https://twitter.com/LeandroTissiann/status/1663659069230526464,2023-05-30T21:30:06.000Z,Olha o pensamento de um cearense,0,0,0,https://twitter.com/Biakicis/status/1663612737459478530
Eduardo,@Eduardo55811911,https://twitter.com/Eduardo55811911/status/1663634348715782147,2023-05-30T19:51:52.000Z,Diluam  o Judiciário Brasileiro antes que seja tarde .,0,0,0,https://twitter.com/Biakicis/status/1663612737459478530
Luis Antonio Rio,@luisantoniorio,https://twitter.com/luisantoniorio/status/1663689399664533508,2023-05-30T23:30:37.000Z,""" Temos que ensinar a essa gente as lições agora, para que não usem pensar em resistência nas décadas vindouras. "" * Lenin",0,0,0,https://twitter.com/Biakicis/status/1663612737459478530
Edmilson S Ferreira,@EdmilsonSFerre1,https://twitter.com/EdmilsonSFerre1/status/1663702525399248896,2023-05-31T00:22:46.000Z,PRESIDENTE DO URUGUAI FAZ DISCURSO FORTÍSSIMO CONTRA LULA E A CÚPULA DO FORO DE SÃO PAULO,0,0,0,https://twitter.com/Biakicis/status/1663612737459478530
José Paulo Vieira Duque,@JosPauloVieir13,https://twitter.com/JosPauloVieir13/status/1663636871308771328,2023-05-30T20:01:53.000Z,"O Brasil ñ terá remédio enquanto ñ for de LEI (via PEC) que os todo-poderosos Ministros do STF precisam ser ANUALMENTE confirmados no cargo, por voto maioritário do Senado e SECRETO! Só assim, os atuais ganharão algum  freio, ficando apenas os mais sensatos e consensuais.",0,0,0,https://twitter.com/Biakicis/status/1663612737459478530
Fátima Yara Ceretta,@CerettaYara,https://twitter.com/CerettaYara/status/1663614911879028739,2023-05-30T18:34:38.000Z,Grande dia! 🍾🥂,0,0,0,https://twitter.com/Biakicis/status/1663612737459478530
Lizcas01,@luizmelgaco01,https://twitter.com/luizmelgaco01/status/1663613169493848064,2023-05-30T18:27:42.000Z,Querem cassa toda oposição ou a Câmara reage ou serão cassados um de cada vez !,0,0,0,https://twitter.com/Biakicis/status/1663612737459478530
Maria Moreira,@MariaMo58358172,https://twitter.com/MariaMo58358172/status/1663702897920466944,2023-05-31T00:24:15.000Z,Ceará sem oposição! Deus nos salve,0,0,0,https://twitter.com/Biakicis/status/1663612737459478530
Ander APE,@Ander_APE,https://twitter.com/Ander_APE/status/1663614229646114821,2023-05-30T18:31:55.000Z,Continuem se calando pelo MITO!  Ele ta com O RABO DELE A SALVO!🤡🤡🤡🤡,0,0,0,https://twitter.com/Biakicis/status/1663612737459478530
tridico,@tridico6,https://twitter.com/tridico6/status/1663652823249166342,2023-05-30T21:05:16.000Z,"Bizarro não,  isso é  DITADURA",0,0,0,https://twitter.com/Biakicis/status/1663612737459478530
Ricardo Ramos,@somar_odracir,https://twitter.com/somar_odracir/status/1663618228197703681,2023-05-30T18:47:48.000Z,AHAH AH AH AH AH AH AH AH AH AH AH AH AH AH AH AH AH AH AH AH AH AH AH AH AH AH AH AH AH AH AH!,0,0,0,https://twitter.com/Biakicis/status/1663612737459478530
Luiz Braulio De Vilhena - IV,@VelhoVilhena,https://twitter.com/VelhoVilhena/status/1663614766319894530,2023-05-30T18:34:03.000Z,"#OrganizaçãoCriminosaPois é.
É Crime.",0,0,0,https://twitter.com/Biakicis/status/1663612737459478530
Luciano Gularte,@Pudines_PF,https://twitter.com/Pudines_PF/status/1663648701854674944,2023-05-30T20:48:54.000Z,Escancarado...,0,0,0,https://twitter.com/Biakicis/status/1663612737459478530
Roberto Asteval,@RobertoAsteval,https://twitter.com/RobertoAsteval/status/1663613435400126469,2023-05-30T18:28:46.000Z,"🅰 🅳🅴🆂🅶🆁🅰ÇA
🅳🅾 🅱🆁🅰🆂🅸🅻  É
🅲🅰🆄🆂🅰🅳🅰 🅿🅴🅻🅰🅸🅽🅲🅾🅼🅿🅴🆃🅴🅽🅲🅸🅰🅳🅾🆂
81  SENADORES
🅲🅰🅶🅾̃🅴🆂
🅴
🆂🅰🅱🆄🅹🅾🆂
🅳🅾🆂🆃🅵  !!.
SEGUE NOMINHO DELES PARA VCS DAREM UMA COBRADA... DE LEVE, POIS SENADOR É SENSÍVEL, CHORA POR QUALQUER COISA!",0,1,1,https://twitter.com/Biakicis/status/1663612737459478530
#Cpmide08dejaneiroJá #cpmi08dejaneiro2023 #,@CCConservador,https://twitter.com/CCConservador/status/1663631592114249732,2023-05-30T19:40:54.000Z,"Queremos ordem e progresso!!Congressistas, modifiquem as leis que regem tudo e todos, o poder legislativo está com vocês! As Leis devem ser modificadas, adicionadas e refeitas. No estado democrático de direito as leis regulam tudo e todos. #reajecongresso",0,0,1,https://twitter.com/Biakicis/status/1663612737459478530
Pericles F Nunes,@periclesnunes,https://twitter.com/periclesnunes/status/1663654761902530561,2023-05-30T21:12:59.000Z,Grande dia!,0,0,0,https://twitter.com/Biakicis/status/1663612737459478530
