nome,usuario,idTweet,dataPublicacao,texto,replies,retweets,likes,tweetPai
Denaina Lopes,@DenainaL43468,https://twitter.com/DenainaL43468/status/1663590023797538829,2023-05-30T16:55:44.000Z,#PL490Não,0,0,0,https://twitter.com/AlencarBraga13/status/1663579600268435456
Marisa victorio da silva,@victorio_marisa,https://twitter.com/victorio_marisa/status/1663586189884915729,2023-05-30T16:40:30.000Z,#PL490NAO,0,0,0,https://twitter.com/AlencarBraga13/status/1663579600268435456
Marisa victorio da silva,@victorio_marisa,https://twitter.com/victorio_marisa/status/1663586028496601090,2023-05-30T16:39:51.000Z,"#PL490 🚨Não podemos permitir mais esse retrocesso! ✔️O PL 490 é um ataque aos Direitos Indígenas definidos na Constituição e uma ameaça às Terras Indígenas. 
Não podemos permitir mais esse retrocesso!",0,0,0,https://twitter.com/AlencarBraga13/status/1663579600268435456
