nome,usuario,idTweet,dataPublicacao,texto,replies,retweets,likes
Amália Barros,@amaliabarros,https://twitter.com/amaliabarros/status/1617919565408931842,2023-01-24T16:17:38.000Z,"Você conhece a minha história? Eu sou assim, cheia de pecinhas faltando, mas muito completa. 👁️💛",5,9,76
Amália Barros,@amaliabarros,https://twitter.com/amaliabarros/status/1617890235987423238,2023-01-24T14:21:05.000Z,"GASOLINA MAIS CARA: A Petrobras anunciou hoje o aumento de 7,46% no preço da gasolina para as distribuidoras. 

O preço para o consumidor final é a soma do valor na distribuidora + impostos + margem de lucro, ou seja, vai doer no bolso do brasileiro!!",3,5,32
Amália Barros,@amaliabarros,https://twitter.com/amaliabarros/status/1616584691544383492,2023-01-20T23:53:19.000Z,"20 dias do (des)governo Lula: 1 bilhão pra Lei Rouanet, ministros com ficha suja, veto de 4 bilhões para universidades, revogação de decretos de armas, uso do ""todes"" pelo governo e aborto tratado como questão de saúde pública. O PT realmente tá empenhado em destruir o Brasil!",9,27,91
Amália Barros,@amaliabarros,https://twitter.com/amaliabarros/status/1615832821070798864,2023-01-18T22:05:39.000Z,"Lula que até um dia desses dormia na cadeia, se recusa a morar no palácio da alvorada até fazer sua tão sonhada reforma sem licitação… 

Enquanto isso, está hospedado em um hotel de luxo que já custou R$ 216,8 mil aos brasileiros.",6,16,67
Amália Barros,@amaliabarros,https://twitter.com/amaliabarros/status/1615093792251551764,2023-01-16T21:09:01.000Z,Lula precisa aprender o que é inclusão de verdade!,6,34,97
Amália Barros,@amaliabarros,https://twitter.com/amaliabarros/status/1613604810657533956,2023-01-12T18:32:20.000Z,"Lula quebra o sigilo dos gastos presidenciais no cartão corporativo e passa vergonha! 

Lula (2003–2006) 
R$ 59.075.679,77

Lula (2007-2011) 
R$ 47.943.615,34

Bolsonaro (2019-2022) R$ 32.659.369,02

Parece que o feitiço mais uma vez virou contra o feiticeiro! 🤭",21,24,111
Amália Barros,@amaliabarros,https://twitter.com/amaliabarros/status/1613255929717202958,2023-01-11T19:26:01.000Z,"Lula derrubou o sigilo de 100 anos e caiu do cavalo! Descobriu que quem mais visitava a primeira-dama Michelle Bolsonaro era a Diretora de Acessibilidade e Apoio a Pessoas com Deficiência do MEC.

Só reforçou o quanto a Michelle trabalhou pelas pessoas com deficiência.",28,161,582
Amália Barros,@amaliabarros,https://twitter.com/amaliabarros/status/1613245072904196096,2023-01-11T18:42:52.000Z,"Vitória da comunidade surda! 
Depois de muita pressão, hoje saiu o decreto, Lula voltou atrás e a DIPEBS continuará.

Estarei sempre atenta aos direitos das pessoas com deficiência. Meu trabalho de fiscalização será contínuo.",126,968,4.608
Amália Barros,@amaliabarros,https://twitter.com/amaliabarros/status/1612539501645013002,2023-01-09T19:59:11.000Z,"Mais uma vez Bolsonaro foi internado com forte dores abdominais, sequelas da facada que levou em 2018 por um ex-filiado do PSOL. 

Oremos para que sua saúde seja restabelecida. 🙏🏼🇧🇷",9,8,79
Amália Barros,@amaliabarros,https://twitter.com/amaliabarros/status/1612224943638331393,2023-01-08T23:09:14.000Z,"Sem nenhuma prova, o descondenado acusa o setor do campo como responsável pelos atos de hoje em Brasília. Lula tem que parar com essa perseguição. Perseguir o agronegócio, é perseguir a economia brasileira!",4,15,85
Amália Barros,@amaliabarros,https://twitter.com/amaliabarros/status/1611775352833036288,2023-01-07T17:22:44.000Z,O Pátria Voluntária ajudou milhões de pessoas. Seu legado jamais será esquecido Michelle Bolsonaro 🇧🇷,91,1.353,3.476
Amália Barros,@amaliabarros,https://twitter.com/amaliabarros/status/1611517980155809792,2023-01-07T00:20:01.000Z,"Comunidade surda, vocês não estão sozinho, estamos vocês! 🤟🏼🇧🇷",7,17,120
Amália Barros,@amaliabarros,https://twitter.com/amaliabarros/status/1611508891161960449,2023-01-06T23:43:54.000Z,"Entrei com uma representação na
PGR, juntamente com @nikolas_dmcontra o decreto excludente do Lula que acabou com Diretoria de Políticas de Educação Bilíngue de Surdos - DIPEBS. Não vamos nos calar diante desse absurdo!",9,54,225
Amália Barros,@amaliabarros,https://twitter.com/amaliabarros/status/1611494906325000192,2023-01-06T22:48:20.000Z,"1,5 bilhões para o agronegócio? 
Lula, o agro é responsável por 27% do PIB e alimenta mais de 2 bilhões de pessoas no mundo, respeite nosso setor produtivo e nos deixe trabalhar.",6,32,149
Amália Barros,@amaliabarros,https://twitter.com/amaliabarros/status/1611392107356499969,2023-01-06T15:59:51.000Z,Janja preocupada com os móveis do Palácio da Alvorada. Michelle Bolsonaro preocupada com a acessibilidade. Que diferença!,49,285,1.592
Amália Barros,@amaliabarros,https://twitter.com/amaliabarros/status/1611166275287539712,2023-01-06T01:02:28.000Z,"Mais um retrocesso do desgoverno Lula: o programa Pátria Voluntária criado pela primeira-dama Michelle Bolsonaro, foi extinto! 

O objetivo do programa criado em 2019, era promover práticas sustentáveis, culturais e educacionais para a população mais vulnerável. 😔",5,14,67
Amália Barros,@amaliabarros,https://twitter.com/amaliabarros/status/1610798787529789440,2023-01-05T00:42:12.000Z,PERPLEXA com o rombo financeiro de R$ 350 milhões na Saúde de Cuiabá. Os culpados devem ser responsabilizados e punidos.,0,4,33
Amália Barros,@amaliabarros,https://twitter.com/amaliabarros/status/1610654511596552195,2023-01-04T15:08:54.000Z,"No desgoverno Lula, não há prioridade na inclusão, nem na acessibilidade. Mas há prioridade para implementar uma agenda pró-aborto. 

Já deixo avisado, como deputada federal não deixarei que essa pauta genocida avance em nosso país!",3,8,42
Amália Barros,@amaliabarros,https://twitter.com/amaliabarros/status/1610323081863794688,2023-01-03T17:11:55.000Z,"Lula no 2º dia de desgoverno, com uma canetada, joga a comunidade surda para escanteio, extinguindo a Diretoria de Políticas de Educação Bilíngue de Surdos. Órgão criado em 2019 por Bolsonaro para ampliar o ensino voltado aos deficientes auditivos.",13,27,61
