nome,usuario,idTweet,dataPublicacao,texto,replies,retweets,likes
André Janones,@AndreJanonesAdv,https://twitter.com/AndreJanonesAdv/status/1620142181490249730,2023-01-30T19:29:31.000Z,"Estive hoje junto à querida Min. @aniellefranco, por quem nutro admiração e apreço e gigantescos, para me colocar à inteira disposição dela e de seu ministério, como parceiro no enfrentamento ao racismo institucional em um momento de reconstrução para o nosso país. Vamos à luta!",577,1.161,"12,7 mil"
André Janones,@AndreJanonesAdv,https://twitter.com/AndreJanonesAdv/status/1619877211254980609,2023-01-30T01:56:37.000Z,"O caso dos Yanomamis, sendo mais uma vez mostrado no #Fantastico, é um soco no estômago de todos nós. Falhamos enquanto estado com esse povo e fomos reféns do plano de genocídio do ex presidente Bolsonaro contra esse povo.",5.259,5.207,"41,1 mil"
André Janones,@AndreJanonesAdv,https://twitter.com/AndreJanonesAdv/status/1617697571010662400,2023-01-24T01:35:30.000Z,GRAVE: Ministério Público Federal divulga nota em que diz ter cobrado ações do governo Bolsonaro para proteção dos Yanomami diversas vezes durante o mandato (2019 a 2022) e atribui 'grave situação' dos Yanomami à 'omissão do estado brasileiro' durante governo Bolsonaro.,2.438,3.656,"21,7 mil"
André Janones,@AndreJanonesAdv,https://twitter.com/AndreJanonesAdv/status/1617649795220508681,2023-01-23T22:25:40.000Z,AGORA: Bolsonarista filmado ao destruir relógio de Dom João VI é preso em Uberlândia - MG,3.978,4.430,"45,8 mil"
André Janones,@AndreJanonesAdv,https://twitter.com/AndreJanonesAdv/status/1617553432851918850,2023-01-23T16:02:45.000Z,"URGENTE! Acabo de ter acesso a provas de que Damares pediu a Bolsonaro que não enviasse aos indígenas, que padeciam pela pandemia da covid-19, leitos de UTI, água potável e itens de necessidade básica. Havia um plano de extermínio em execução e eu vou até o fim pra fazer justiça.",11 mil,"13,1 mil","94,8 mil"
André Janones,@AndreJanonesAdv,https://twitter.com/AndreJanonesAdv/status/1617509816574029825,2023-01-23T13:09:26.000Z,"AGORA: Notas fiscais de cartão corporativo de Bolsonaro mostram gastos com milhares de lanches e combustível em motociatas, antidepressivos, picanha, peça de filé por quase 400 reais e até Nutella.",3.561,4.080,"25,5 mil"
André Janones,@AndreJanonesAdv,https://twitter.com/AndreJanonesAdv/status/1617343810446528517,2023-01-23T02:09:47.000Z,"Há quem negue a existência da fome no Brasil, há quem diga que “auxílio é pra vagabundo, há quem acredite que pobre não merece viver, mas só existir. Mais do que comida, temos que resgatar a autoestima, a dignidade e o direito de sonhar do nosso povo. Matéria forte no #Fantastico",1.528,3.589,22 mil
André Janones,@AndreJanonesAdv,https://twitter.com/AndreJanonesAdv/status/1617227396326752260,2023-01-22T18:27:12.000Z,"O que está acontecendo com os Yanomamis não é um descuido, é um plano de extermínio premeditado é narrado pelo ex presidente Bolsonaro.",3.811,4.479,"23,4 mil"
André Janones,@AndreJanonesAdv,https://twitter.com/AndreJanonesAdv/status/1617131878498111490,2023-01-22T12:07:39.000Z,"570 crianças Yanomani mortas, boa parte delas morreram de fome, no mesmo estado onde Bolsonaro gastou 104 mil reais no cartão corporativo, em um restaurante, em um único dia. Quem apertou 22 agiu como quem puxa um gatilho, pois o bolsonarismo representa morte e destruição.",4.963,9.293,"51,1 mil"
André Janones,@AndreJanonesAdv,https://twitter.com/AndreJanonesAdv/status/1616881101401735169,2023-01-21T19:31:09.000Z,"As imagens são fortes e injustificáveis. O que os Yanomami estão passando é fruto de uma dos maiores atentados que um governo poderia cometer contra o seu povo. Os Yanomami sofrem por doenças, por desnutrição, pelo avanço do garimpo ilegal e pela falta de proteção do Estado.",1.764,3.581,"25,6 mil"
André Janones,@AndreJanonesAdv,https://twitter.com/AndreJanonesAdv/status/1616855408714334210,2023-01-21T17:49:03.000Z,"AGORA: presidente Lula faz troca no comando do Exército. Sai o General Júlio César de Arruda, entra o general Tomás Miguel Ribeiro Paiva, atual comandante militar do Sudeste.",936,1.937,"24,5 mil"
André Janones,@AndreJanonesAdv,https://twitter.com/AndreJanonesAdv/status/1616586709604487173,2023-01-21T00:01:20.000Z,"Fortes indícios de que, além da milícia, Bolsonaro também esteja envolvido com o tráfico internacional de drogas, diante da descoberta que Alexandre Piovesan era seu homem de confiança! Mês que vem a câmara volta do recesso. É aí que eu vou começar a “brincar”. Aguardem!  😉",5.698,5.525,"39,3 mil"
André Janones,@AndreJanonesAdv,https://twitter.com/AndreJanonesAdv/status/1616553979973980188,2023-01-20T21:51:17.000Z,"ATENÇÃO: Militar envolvido no transporte de cocaína em avião presidencial, tinha acesso ao cartão corporativo de Bolsonaro. O militar/traficante, era da confiança do agora ex presidente.",1.483,4.654,"31,2 mil"
André Janones,@AndreJanonesAdv,https://twitter.com/AndreJanonesAdv/status/1616506086533566472,2023-01-20T18:40:58.000Z,URGENTE: investigações apontam esquema de caixa 2 de Bolsonaro dentro do Palácio do Planalto. Há áudios que provariam que Bolsonaro era quem comandava pessoalmente o esquema.,4.354,6.860,"50,7 mil"
André Janones,@AndreJanonesAdv,https://twitter.com/AndreJanonesAdv/status/1616441926353575936,2023-01-20T14:26:01.000Z,"AGORA!!! Chegamos a marca de 1 milhão de seguidores por aqui! 1 milhão em defesa da democracia! 1 milhão de pessoas unidas reconstruir o Brasil, enterrar a extrema direita, e colocar Bolsonaro na cadeia! 

Que venham os próximos 1 milhão 👊",2.691,3.023,"32,4 mil"
André Janones,@AndreJanonesAdv,https://twitter.com/AndreJanonesAdv/status/1616423376456671233,2023-01-20T13:12:19.000Z,AGORA: PF deflagra operação Lesa Pátria para identificar e prender pessoas que fomentaram e financiaram os atos terroristas do dia 08 de janeiro. Não vai ficar ninguém impune.,2.169,2.514,"20,1 mil"
André Janones,@AndreJanonesAdv,https://twitter.com/AndreJanonesAdv/status/1616063656529387520,2023-01-19T13:22:55.000Z,"A ex primeira dama fazendo publi de cosmético, o deputado federal mais votado do Brasil fazendo permuta por aliança de noivado, o PSDB reclamando do golpe na Dilma ser chamado de golpe. Parece que estamos vivendo dias “normais”. Vamos ao trabalho!",3.218,2.705,"30,3 mil"
André Janones,@AndreJanonesAdv,https://twitter.com/AndreJanonesAdv/status/1615824970592010241,2023-01-18T21:34:28.000Z,"Informação que corre nos bastidores da câmara, entre os colegas deputados, é que se vier um novo depoimento o Torres abre a boca e, se ele abrir, o miliciano já entra na lista de procurados da Interpol! 👊",3.813,4.212,"33,7 mil"
André Janones,@AndreJanonesAdv,https://twitter.com/AndreJanonesAdv/status/1615732171242602496,2023-01-18T15:25:43.000Z,"Não caiam em fake news de “gastou com isso e com aquilo”, uma vez que a narrativa é desmentida, vai parecer que os 75 milhões torrados pelo mamateiro também seriam mentira. Não é justificável que alguém gaste 52 mil reais por dia do dinheiro do povo, enquanto o povo passa fome.",2.727,3.591,"21,3 mil"
André Janones,@AndreJanonesAdv,https://twitter.com/AndreJanonesAdv/status/1615520930335260673,2023-01-18T01:26:19.000Z,"Os patriotas tomando chuva, sol, dormindo na rua, perdendo emprego, perdendo família e o “mito” torrando 52 mil reais por dia no cartão corporativo. Faz o B!",2.623,4.142,30 mil
André Janones,@AndreJanonesAdv,https://twitter.com/AndreJanonesAdv/status/1615512526476697601,2023-01-18T00:52:55.000Z,URGENTE: A quebra dos sigilos de 100 anos mostrou que o valor gasto por Bolsonaro no cartão corporativo de R$75 milhões nos 4 anos! O mamateiro usou e abusou do dinheiro do povo que estava passando fome.,3.173,6.943,"44,4 mil"
André Janones,@AndreJanonesAdv,https://twitter.com/AndreJanonesAdv/status/1615363039464943617,2023-01-17T14:58:55.000Z,"URGENTE! Acabo de ter acesso a gastos do cartão corporativo que comprovam R$ 63.399,90 em despesas de Eduardo e Renan Bolsonaro em Goiânia. Ao que tudo indica o dinheiro foi gasto com festas de luxo e uma tatuagem em homenagem ao miliciano! Já estou tomando as medidas judiciais.",7.941,"10,2 mil","68,7 mil"
André Janones,@AndreJanonesAdv,https://twitter.com/AndreJanonesAdv/status/1615122913958428674,2023-01-16T23:04:44.000Z,"Quando Bolsonaro assumiu a Presidência, o auxílio reclusão era de R$ 954,00, mas ele concedeu QUATRO aumentos e, quando deixou a presidência, já estava em R$ 1.302,00.  Fake News não se desmente, se sobrepomos a ela com uma VERDADE! Lembrem-se: a disputa é sobre quem pauta quem👍",2.731,9.158,44 mil
André Janones,@AndreJanonesAdv,https://twitter.com/AndreJanonesAdv/status/1615112198409396234,2023-01-16T22:22:10.000Z,Não caiam na armadilha: Zema sabe que o miliciano vai preso e está em busca de chamar a atenção pra ocupar o lugar dele no coração dos terroristas. Ele é visto como traíra pelos mineiros por ter virado a casaca no segundo turno. Deixem o Chico Bento falando sozinho! 👍,6.036,5.652,"40,9 mil"
André Janones,@AndreJanonesAdv,https://twitter.com/AndreJanonesAdv/status/1614679275298492416,2023-01-15T17:41:53.000Z,"Continuamos criticando quem se informa pelo zap e se emociona com o “tchêtchêreterechê” do Gustavo Lima. Mas o que estamos oferecendo para essas pessoas a título de informação e cultura? É preferível se alimentar de de qualquer coisa, do que morrer por inanição! Não existe vácuo!",2.558,2.982,"20,7 mil"
André Janones,@AndreJanonesAdv,https://twitter.com/AndreJanonesAdv/status/1614397334401732609,2023-01-14T23:01:33.000Z,"Como cantou Cazuza: “eu vejo o futuro repetir o passado…” segue o fio 🧶 

Desde ontem, acompanho estupefato os nossos pseudo intelectuais, discutindo aqui no Twitter sobre as declarações do jornalista Gleen, sobre estarmos em um suposto regime de censura.",2.733,4.715,"28,5 mil"
André Janones,@AndreJanonesAdv,https://twitter.com/AndreJanonesAdv/status/1614356401328996352,2023-01-14T20:18:54.000Z,A @AndreiaSadi tá meio Janones de paciência pra golpista 😂😂😂,516,1.548,"20,9 mil"
André Janones,@AndreJanonesAdv,https://twitter.com/AndreJanonesAdv/status/1614236087613890561,2023-01-14T12:20:49.000Z,Os meus mais sinceros sentimentos ao ministro @LRobertoBarroso pela grande perda que sofreu nesta sexta-feira. Que Deus dê o conforto para toda a sua família neste momento doloroso e que Deus acolha sua amada companheira.,568,852,"18,3 mil"
André Janones,@AndreJanonesAdv,https://twitter.com/AndreJanonesAdv/status/1614227316615299079,2023-01-14T11:45:57.000Z,AGORA: Anderson Torres chega ao aeroporto onde era aguardado pela polícia federal e é preso.,2.248,2.130,"34,9 mil"
André Janones,@AndreJanonesAdv,https://twitter.com/AndreJanonesAdv/status/1614054782502567938,2023-01-14T00:20:22.000Z,AGORA: STF acolhe pedido da PGR e inclui o ex-presidente Jair Bolsonaro nas investigações dos atos terroristas em Brasília.,1.977,3.096,"37,3 mil"
André Janones,@AndreJanonesAdv,https://twitter.com/AndreJanonesAdv/status/1614024787571118081,2023-01-13T22:21:11.000Z,URGENTE: Procuradoria-Geral da República pede ao Supremo Tribunal Federal que o ex-presidente Jair Bolsonaro seja investigado no inquérito sobre autores e instigadores dos atos terroristas que ocorreram em Brasília.,1.603,2.182,"21,3 mil"
André Janones,@AndreJanonesAdv,https://twitter.com/AndreJanonesAdv/status/1613938908961673218,2023-01-13T16:39:56.000Z,"Advoguei contra banco por 10 anos.Já fui vítima deles inclusive: respondo uma ação por uma dívida, onde fui alvo da cobrança abusiva e criminosa de juros que, infelizmente, é legalizada por aqui. Por isso vejo com bons olhos a decisão da Caixa em suspender o consignado do auxilio",1.509,1.740,"25,7 mil"
André Janones,@AndreJanonesAdv,https://twitter.com/AndreJanonesAdv/status/1613725589038419968,2023-01-13T02:32:16.000Z,"AGORA: neste momento, a voz do povo durante o show do Chico Buarque, aqui no Vivo Rio, ecoa um grito por justiça. Meu compromisso é um só. Garantir que vocês vão ver justiça sendo feita. SEM ANISTIA!",2.786,2.102,"13,8 mil"
André Janones,@AndreJanonesAdv,https://twitter.com/AndreJanonesAdv/status/1613705720691662848,2023-01-13T01:13:19.000Z,"AGORA: juíz acolhe pedido da Advocacia-Geral da União (AGU) e determina o bloqueio de R$ 6,5 milhões de 59 suspeitos de financiarem os atos terroristas do último domingo.",1.113,2.720,"29,8 mil"
André Janones,@AndreJanonesAdv,https://twitter.com/AndreJanonesAdv/status/1613627040779087872,2023-01-12T20:00:40.000Z,"O advogado do Anderson Torres disse que o documento não foi feito pelo ex ministro, até por isso estava NA CASA DELE e que todo dia alguém procurava ele propondo golpe. O cara assumiu o documento e admitiu que o cliente prevaricava em uma única declaração 👍",1.008,3.312,"28,6 mil"
André Janones,@AndreJanonesAdv,https://twitter.com/AndreJanonesAdv/status/1613612653225574413,2023-01-12T19:03:30.000Z,"URGENTE: a PF encontrou escondido na casa de Anderson Torres, uma proposta de decreto para mudar o resultado das eleições, instaurando estado de defesa na sede do TSE. De acordo com o texto, o objetivo era mudar o resultado da eleição vencida por Lula.",2.706,6.833,"54,7 mil"
André Janones,@AndreJanonesAdv,https://twitter.com/AndreJanonesAdv/status/1613592005430607873,2023-01-12T17:41:27.000Z,"AGORA: parlamentares dos Estados Unidos formalizam pedido ao presidente Joe Biden para que o visto do ex-presidente do Brasil, Jair Bolsonaro, seja revogado.",1.908,3.594,"36,3 mil"
André Janones,@AndreJanonesAdv,https://twitter.com/AndreJanonesAdv/status/1613579169530613783,2023-01-12T16:50:27.000Z,Alguém sabe me dizer porque Bolsonaro ainda não foi preso?,"13,5 mil",6.847,68 mil
André Janones,@AndreJanonesAdv,https://twitter.com/AndreJanonesAdv/status/1613543336706555904,2023-01-12T14:28:04.000Z,"COMPARAÇÃO: A peça de carne folheada a ouro consumida por jogadores no Qatar custa 9 mil reais. Jair Bolsonaro gastou 109 mil reais em um dia, no restaurante sabor de casa, onde a marmita custa 20 reais.",2.825,8.917,48 mil
André Janones,@AndreJanonesAdv,https://twitter.com/AndreJanonesAdv/status/1613537932836495360,2023-01-12T14:06:35.000Z,"LANCHADINHA: Gastos de 9 mil reais, por dias. Exatos 9 mil reais em todas as compras, em uma mesma lanchonete.",3.111,"12,1 mil","60,2 mil"
André Janones,@AndreJanonesAdv,https://twitter.com/AndreJanonesAdv/status/1613532110714818561,2023-01-12T13:43:27.000Z,"ALERTA: Bolsonaro gastou 109 mil reais em um único dia, em restaurante cuja a marmita custa em média 20 reais.",6.667,"10,9 mil","96,4 mil"
André Janones,@AndreJanonesAdv,https://twitter.com/AndreJanonesAdv/status/1613522369834012672,2023-01-12T13:04:45.000Z,"Não há qualquer comprovação de que os gastos com cosméticos no cartão corporativo, foram pra ajudar o Fábio Faria a bater as suas metas de revendedor Jequiti.",1.963,3.881,"33,9 mil"
André Janones,@AndreJanonesAdv,https://twitter.com/AndreJanonesAdv/status/1613519444118212608,2023-01-12T12:53:07.000Z,"AGORA: Entre 2019 e 2022, Bolsonaro gastou 27,6 milhões no cartão corporativo. Foram R$ 10,2 milhões com alimentação, cosméticos e outras bobagens. Em hotéis de luxo ele gastou R$ 13,7 milhões, quase 2mi em um único hotel no Guarujá, onde tirava férias quando deveria trabalhar.",3.624,6.027,"27,7 mil"
André Janones,@AndreJanonesAdv,https://twitter.com/AndreJanonesAdv/status/1613514219084718084,2023-01-12T12:32:22.000Z,"Em um país onde metade da população vive em insegurança alimentar, o ex presidente Jair Bolsonaro se sentia a vontade em gastar milhões no cartão corporativo com hotéis de luxo e doces na padaria 👍",8.043,4.573,"29,6 mil"
André Janones,@AndreJanonesAdv,https://twitter.com/AndreJanonesAdv/status/1613309077882372096,2023-01-11T22:57:12.000Z,"Felicidade em ver a @GuajajaraSonia no Ministério dos Povos Indígenas e de @aniellefranco, irmã de Marielle, da Igualdade Racial. É esse o Brasil que o povo escolheu. Longe da violência e da intolerância. Reitero meus cumprimentos e os desejos de um excelente trabalho!",230,806,"10,4 mil"
André Janones,@AndreJanonesAdv,https://twitter.com/AndreJanonesAdv/status/1613300235068915712,2023-01-11T22:22:04.000Z,"URGENTE: Nós estamos #juntos, parlamentares do 🇧🇷 e dos 🇺🇸, contra o autoritarismo da extrema direita que ataca nossas democracias. Leia nossa inédita Declaração Conjunta, apoiada por @IlhanMN e @Brazil_Office:",491,2.494,"11,1 mil"
André Janones,@AndreJanonesAdv,https://twitter.com/AndreJanonesAdv/status/1613282880280530946,2023-01-11T21:13:06.000Z,"Toda minha solidariedade ao @Cristianozaninm, é lamentável o que parte da nossa sociedade se tornou. Ataques como esse, não fazem parte da estrutura de Brasil que nós queremos construir. Um Brasil de igualdade, respeito e dignidade!",1.041,1.740,"19,4 mil"
André Janones,@AndreJanonesAdv,https://twitter.com/AndreJanonesAdv/status/1613253168288395265,2023-01-11T19:15:02.000Z,"A deputada bolsonarista Bia Kicis, investigada no inquérito das fake news, usou a tribuna da câmara para MENTIR. Bia Kicis em seu discurso afirmou que o presidente da OAB confirmou a morte de uma senhora sob custódia da PF e essa mentira tem sido usada para incitar os golpistas.",4.374,5.943,37 mil
André Janones,@AndreJanonesAdv,https://twitter.com/AndreJanonesAdv/status/1613223880537309185,2023-01-11T17:18:40.000Z,Já está no ar!!!,810,1.750,8.577
André Janones,@AndreJanonesAdv,https://twitter.com/AndreJanonesAdv/status/1613162551390646273,2023-01-11T13:14:58.000Z,"URGENTE! O globoplay lança hoje a série documental “http://extremistas.br”, que é um mergulho no esgoto da extrema direita. A série vai mostrar como eles atuam nas redes e muito dos bastidores do “massacre virtual” que eu tenho imposto ao Bolsonarismo aqui nas redes.",2.750,5.265,"30,3 mil"
André Janones,@AndreJanonesAdv,https://twitter.com/AndreJanonesAdv/status/1613043734337183744,2023-01-11T05:22:49.000Z,"Segue o fio 🧶 Estamos diante de uma guerra de narrativas. Quem acompanha os grupos de mensagens, sabe que eles começaram a virar o jogo, e que a narrativa deles prevaleceu de ontem pra hoje. Pelo visto, não aprendemos NADA sobre comunicação nas redes.",2.201,3.530,"32,5 mil"
André Janones,@AndreJanonesAdv,https://twitter.com/AndreJanonesAdv/status/1612996639748145161,2023-01-11T02:15:41.000Z,"URGENTE: Acionamos o Supremo Tribunal Federal após identificar nova ameaça de golpe.

Uma “Mega Manifestação Nacional pela Retomada do Poder” está prevista para ocorrer em todas as capitais nesta quarta-feira, incluindo em Brasília.",2.626,4.496,"38,6 mil"
André Janones,@AndreJanonesAdv,https://twitter.com/AndreJanonesAdv/status/1612987520383328257,2023-01-11T01:39:27.000Z,"ATUALIZAÇÃO : recebi a informação da renúncia do ministro de fonte que, até aqui tem se mostrado segura e confiável. Todavia, o ministro José Múcio nega que irá renunciar.",1.427,1.435,"16,2 mil"
André Janones,@AndreJanonesAdv,https://twitter.com/AndreJanonesAdv/status/1612979345240522752,2023-01-11T01:06:58.000Z,URGENTE! Ministro da Defesa José Múcio deve entregar sua carta de renúncia nas próximas horas!,4.367,5.439,"63,4 mil"
André Janones,@AndreJanonesAdv,https://twitter.com/AndreJanonesAdv/status/1612966215919468544,2023-01-11T00:14:47.000Z,"Não parem: JANONES EU AUTORIZO!

Vamos mostrar nossa força 👊🇧🇷",5.267,2.727,"20,9 mil"
André Janones,@AndreJanonesAdv,https://twitter.com/AndreJanonesAdv/status/1612956909786566656,2023-01-10T23:37:49.000Z,"Ana Priscila Azevedo, patriota que filmou seis próprios atos, quebrando tudo no ato terrorista do último domingo, ACABA DE SER PRESA! 👊JANONES EU AUTORIZO",2.703,3.633,"49,5 mil"
André Janones,@AndreJanonesAdv,https://twitter.com/AndreJanonesAdv/status/1612954819739947009,2023-01-10T23:29:30.000Z,"AGORA É OFICIAL: Rodrigo Constantino, Zoe e Paulo Figueiredo estão afastados desse lixo chamado @JovemPanNews ! Próximo passo! PRISÃO! 

JANONES EU AUTORIZO",6.159,4.797,"44,5 mil"
André Janones,@AndreJanonesAdv,https://twitter.com/AndreJanonesAdv/status/1612950457806209024,2023-01-10T23:12:10.000Z,"A justiça precede a paz: ANISTIA NÃO! 

SUBAM: JANONES EU AUTORIZO",4.315,3.715,"20,7 mil"
André Janones,@AndreJanonesAdv,https://twitter.com/AndreJanonesAdv/status/1612945945355755521,2023-01-10T22:54:15.000Z,"Se vocês me autorizarem, eu vou em busca de assinaturas pra uma CPI pra apurar a participação de Bolsonaro nesses crimes e impedir a anistia. Prometo só parar quando ele for preso! Me autorizam? Se sim, digitem: 

JANONES EU AUTORIZO","43,8 mil","11,2 mil",96 mil
André Janones,@AndreJanonesAdv,https://twitter.com/AndreJanonesAdv/status/1612929423904501760,2023-01-10T21:48:36.000Z,Cadê a valentia do merda do @CarlosBolsonaro ? Você não é bravo seu bosta? Não queria meu endereço? Porque tá aí agora postando sobre seu “trabalho” de vereador e fingindo que nem conhece seu pai miliciano? Tá só começando seu vagabundo golpista imundo!,6.293,6.923,65 mil
André Janones,@AndreJanonesAdv,https://twitter.com/AndreJanonesAdv/status/1612929030990270465,2023-01-10T21:47:02.000Z,"AGORA: Ex ministro Anderson Torres procurado pela Interpol! O “valentão”, chorou ao telefone ao saber da notícia!",864,2.340,"28,8 mil"
André Janones,@AndreJanonesAdv,https://twitter.com/AndreJanonesAdv/status/1612925961816899584,2023-01-10T21:34:50.000Z,"AGORA: Terroristas detidos após os atos praticados em Brasília, depois de muito reclamar do espaço em que estavam sendo mantidos, serão transferidos para Papuda.",1.529,3.245,"41,3 mil"
André Janones,@AndreJanonesAdv,https://twitter.com/AndreJanonesAdv/status/1612922696379125777,2023-01-10T21:21:52.000Z,"O senador Marcos Do Val, vendo seus bandidos de estimação começarem a cair, já se movimenta para ser uma espécie de liderança da extrema direita. Vamos fortalecer o pr. Lula e o trabalho do Ministro Dino. Todo parlamentar que atentar contra democracia, será devidamente punido.",1.546,4.018,"24,7 mil"
André Janones,@AndreJanonesAdv,https://twitter.com/AndreJanonesAdv/status/1612913431354695680,2023-01-10T20:45:03.000Z,"Golpista bom, é golpista preso. Faz o B!",2.762,4.374,"47,2 mil"
André Janones,@AndreJanonesAdv,https://twitter.com/AndreJanonesAdv/status/1612911290187382785,2023-01-10T20:36:32.000Z,"AGORA: Ex-comandante da Polícia Militar do Distrito Federal, coronel Fábio Vieira é preso pela Polícia Federal",589,2.020,"28,5 mil"
André Janones,@AndreJanonesAdv,https://twitter.com/AndreJanonesAdv/status/1612908861287006209,2023-01-10T20:26:53.000Z,"A barbárie JAMAIS será tolerada, nossa Democracia resiste. “Temos ódio e nojo a ditadura”.",550,981,"11,2 mil"
André Janones,@AndreJanonesAdv,https://twitter.com/AndreJanonesAdv/status/1612905362826592256,2023-01-10T20:12:59.000Z,"ATENÇÃO: Fontes alegam que Anderson Torres se encontrou com Jair Bolsonaro na Flórida no dia 07/01, um dia antes do atentado terrorista em orquestrado por bolsonaristas em Brasília. Torres pode ser o primeiro a ser preso, mas não será o único.",1.032,2.698,"23,7 mil"
André Janones,@AndreJanonesAdv,https://twitter.com/AndreJanonesAdv/status/1612901902676525059,2023-01-10T19:59:14.000Z,"URGENTE: Alexandre de Moraes determina a prisão de Anderson Torres, ex-secretário de Segurança Pública do DF.",581,1.580,22 mil
André Janones,@AndreJanonesAdv,https://twitter.com/AndreJanonesAdv/status/1612853385396371456,2023-01-10T16:46:27.000Z,"URGENTE: Ministério Público de Contas pede o bloqueio de bens do ex-presidente Jair Bolsonaro, do ex-ministro da Justiça e ex-secretário de Justiça do DF, Anderson Torres, e do governador afastado Ibaneis Rocha.",1.647,4.997,"44,3 mil"
André Janones,@AndreJanonesAdv,https://twitter.com/AndreJanonesAdv/status/1612836932815581189,2023-01-10T15:41:04.000Z,"Estão divulgando que eu teria defendido a execução por  asfixia dos bolsonaristas, assim como que teria morrido uma idosa terrorista que está presa. Ambas informações são falsas. É assim que eles funcionam: despertam o ódio nas pessoas, plantam os crimes, e depois lavam as mãos!",2.534,2.566,"20,8 mil"
André Janones,@AndreJanonesAdv,https://twitter.com/AndreJanonesAdv/status/1612607648184016897,2023-01-10T00:29:58.000Z,"Aprovamos agora na Câmara dos Deputados, por unanimidade, a Intervenção Federal na Segurança Pública no Distrito Federal.",519,1.472,"26,2 mil"
André Janones,@AndreJanonesAdv,https://twitter.com/AndreJanonesAdv/status/1612606851044057091,2023-01-10T00:26:48.000Z,"Lula atravessou a praça dos 3 poderes e caminhou até o STF em defesa da instituição que lhe prendeu sem provas, e que o impediu de velar seu neto de 7 anos morto, e o seu irmão! Essa é a legenda, esse é o tamanho do nosso Presidente!",2.945,9.059,"65,9 mil"
André Janones,@AndreJanonesAdv,https://twitter.com/AndreJanonesAdv/status/1612600710616739840,2023-01-10T00:02:24.000Z,"O dia de hoje confirma o que eu venho dizendo nesses 4 anos de Câmara: precisávamos voltar pra rua, conversar olho no olho com o povo. Gente mesmo, que carrega esse país nas costas, quer comida, quer emprego, quer dignidade e não quer nem ouvir falar em golpe. A Democracia vive!",369,1.138,"13,3 mil"
André Janones,@AndreJanonesAdv,https://twitter.com/AndreJanonesAdv/status/1612587223995539456,2023-01-09T23:08:49.000Z,"O recado das ruas pelo Brasil hoje é um só: DEMOCRACIA SIM, VIOLÊNCIA NÃO!",1.121,1.627,"21,5 mil"
André Janones,@AndreJanonesAdv,https://twitter.com/AndreJanonesAdv/status/1612584102636703744,2023-01-09T22:56:25.000Z,Minas Gerais PRESENTE!,1.057,3.372,"31,2 mil"
André Janones,@AndreJanonesAdv,https://twitter.com/AndreJanonesAdv/status/1612579217786687492,2023-01-09T22:37:00.000Z,NOSSA DEMOCRACIA RESISTE!!!,599,2.110,"22,6 mil"
André Janones,@AndreJanonesAdv,https://twitter.com/AndreJanonesAdv/status/1612576493829345297,2023-01-09T22:26:11.000Z,"ATENÇÃO: O povo de verdade tá na rua, sem violência, sem terrorismo, gritando para que a democracia prevaleça e bandidos sejam punidos!",1.602,3.950,"33,6 mil"
André Janones,@AndreJanonesAdv,https://twitter.com/AndreJanonesAdv/status/1612567287994765323,2023-01-09T21:49:36.000Z,GRAVE: Hospital de Orlando nega eu ué Bolsonaro tenha sido internado. Será uma tentativa de fugir sem deixar rastro? Sabemos que é um criminoso de alta periculosidade.,6.261,4.970,50 mil
André Janones,@AndreJanonesAdv,https://twitter.com/AndreJanonesAdv/status/1612549070995726359,2023-01-09T20:37:12.000Z,A criação da Procuradoria Nacional de Defesa da Democracia é um avanço para evitar que cenas como as de ontem se repitam. Parabenizo a AGU e convido vocês a conhecerem e a defender esse trabalho:,223,530,4.088
André Janones,@AndreJanonesAdv,https://twitter.com/AndreJanonesAdv/status/1612494815911895041,2023-01-09T17:01:37.000Z,"URGENTE: Temendo ser preso, Bolsonaro é internado em hospital nos Estados Unidos, alegando fortes dores abdominais.",9.621,7.803,"76,4 mil"
André Janones,@AndreJanonesAdv,https://twitter.com/AndreJanonesAdv/status/1612492814142607375,2023-01-09T16:53:40.000Z,"Por maioria absoluta, está decidido que iremos às ruas hoje, às 18:00 horas em todo Brasil. Quem quiser continuar combatendo o fascismo com flores, fique a vontade para entrar debaixo da cama. Eu vou pra rua manifestar a favor da democracia e ajudar a impedir o avanço do fascismo",3.289,3.839,"29,7 mil"
André Janones,@AndreJanonesAdv,https://twitter.com/AndreJanonesAdv/status/1612477698147770374,2023-01-09T15:53:36.000Z,"Por toda sua trajetória e história de vida, Roberto Dinamite não merecia ter sua partida ofuscada por esse episódio. Mais um estrago histórico provocado pelos criminosos bolsonaristas.",201,628,"11,1 mil"
André Janones,@AndreJanonesAdv,https://twitter.com/AndreJanonesAdv/status/1612476958226391041,2023-01-09T15:50:39.000Z,"Parabenizar o trabalho do @FlavioDino no MJ que, em poucas horas conseguiu contornar a situação e hoje já são quase 1500 detidos, que responderão pelos seus atos. Pra se comparar, pós invasão de Capitólio foi quase UM ANO para que 400 prisões fossem efetuadas. O Brasil tem jeito!",1.011,3.092,"19,7 mil"
André Janones,@AndreJanonesAdv,https://twitter.com/AndreJanonesAdv/status/1612445626611933185,2023-01-09T13:46:09.000Z,"Eu sempre disse que só existe uma coisa mais grave que a corrupção: a covardia! Colegas deputados se posicionando contra a toma das ruas pelo povo, por medo! As gerações passadas foram torturadas  pela ditadura pra salvar nossa democracia. A minha, tem medo de sair do Twitter.",1.500,2.585,"20,1 mil"
André Janones,@AndreJanonesAdv,https://twitter.com/AndreJanonesAdv/status/1612437444225368066,2023-01-09T13:13:38.000Z,"IMPORTANTE: O Ministério da Justiça criou um e-mail para que as pessoas possam ajudar na identificação dos golpistas que invadiram os poderes públicos, em Brasília.

E-MAIL: denuncia@mj.gov.br",760,5.215,"16,8 mil"
André Janones,@AndreJanonesAdv,https://twitter.com/AndreJanonesAdv/status/1612435747705065472,2023-01-09T13:06:54.000Z,TUDO PREMEDITADO,120,363,3.162
André Janones,@AndreJanonesAdv,https://twitter.com/AndreJanonesAdv/status/1612432302172262400,2023-01-09T12:53:13.000Z,"Há meses tem jornalista mostrando a articulação golpista que acontece no entorno de Brasília. Não há desculpas, foi tudo premeditado.",99,547,4.252
André Janones,@AndreJanonesAdv,https://twitter.com/AndreJanonesAdv/status/1612428522659905538,2023-01-09T12:38:11.000Z,"AGORA!!! A PF ACABA de prender  1.200  golpistas acabam de ser presos em frente ao quartel-general do Exército, em Brasília. Os bandidos estão sendo levados AGORA para a sede da Polícia Federal em 40 ônibus!!",2.076,5.455,"55,7 mil"
André Janones,@AndreJanonesAdv,https://twitter.com/AndreJanonesAdv/status/1612327743370432513,2023-01-09T05:57:44.000Z,"O assassino Bolsonaro pretende voltar a matar amanhã durante os possíveis conflitos! O homicida já responde por 400 mortes, fora o seu possível envolvimento no assassinato de Marielle Franco. Eles querem um cadáver a qualquer custo.
Tragédia anunciada!",3.134,2.105,"23,3 mil"
André Janones,@AndreJanonesAdv,https://twitter.com/AndreJanonesAdv/status/1612324782086971394,2023-01-09T05:45:58.000Z,"Ainda não posso divulgar o resultado das reuniões que estão ocorrendo . O que posso dizer é que o clima está MUITO tenso. Uma tragédia pode acontecer a qualquer momento.
Eles querem uma cadáver ! Será preciso ter pulso firme, porém também inteligência. Vamos virar a madrugada.",1.298,2.338,"32,7 mil"
André Janones,@AndreJanonesAdv,https://twitter.com/AndreJanonesAdv/status/1612318077294632961,2023-01-09T05:19:19.000Z,Agora é oficial: VAMOS PARA AS RUAS! Se prepararem pra conhecer a verdadeira força do povo!,7.687,4.477,"52,8 mil"
André Janones,@AndreJanonesAdv,https://twitter.com/AndreJanonesAdv/status/1612308833174528000,2023-01-09T04:42:35.000Z,"Através do meu gabinete, estou fazendo TUDO que está ao meu alcance pra que os terroristas paguem pelos seus atos. A noite vai ser longa por aqui. Vou informando vocês de tudo! Vamos vencer mais essa JUNTOS, se Deus quiser! 👊",685,1.163,"16,3 mil"
André Janones,@AndreJanonesAdv,https://twitter.com/AndreJanonesAdv/status/1612301623316840449,2023-01-09T04:13:56.000Z,"Essa matéria é de ontem, publicada pela revista @revistaforum ! Com todo respeito ao Ministro Múcio, mas BANDIDO tem que ser tratado como BANDIDO, e ponto final!",614,898,6.363
André Janones,@AndreJanonesAdv,https://twitter.com/AndreJanonesAdv/status/1612299829098549250,2023-01-09T04:06:48.000Z,"A política não é para frouxos! Quem se furtar à luta em um momento como esse, pode pedir pra sair e ir pra casa se esconder debaixo da cama! A hora é agora! Da minha parte farei o que for preciso, mesmo ciente dos riscos!",504,1.079,"12,1 mil"
André Janones,@AndreJanonesAdv,https://twitter.com/AndreJanonesAdv/status/1612298949066473472,2023-01-09T04:03:19.000Z,Como me dói encontrar meu local de trabalho assim! É uma tristeza e um sentimento que não consigo descrever,1.563,1.489,"19,7 mil"
André Janones,@AndreJanonesAdv,https://twitter.com/AndreJanonesAdv/status/1612294938171002880,2023-01-09T03:47:22.000Z,O mascote da milícia ajudou a planejar os atentados terroristas! A câmara dos Deputados não dará posse a esse bandido! Eu garanto a vocês!,2.535,4.524,"66,9 mil"
André Janones,@AndreJanonesAdv,https://twitter.com/AndreJanonesAdv/status/1612294825964888065,2023-01-09T03:46:56.000Z,URGENTE: Exército vai desmontar acampamento do QG no início da manhã desta segunda-feira e usará a força se necessário.,2.486,2.391,"29,2 mil"
André Janones,@AndreJanonesAdv,https://twitter.com/AndreJanonesAdv/status/1612290887643537409,2023-01-09T03:31:17.000Z,URGENTE: Ministro Alexandre de Moraes determina o afastamento de Ibaneis Rocha do cargo de governador do Distrito Federal.,1.123,4.008,"37,5 mil"
André Janones,@AndreJanonesAdv,https://twitter.com/AndreJanonesAdv/status/1612257849161269248,2023-01-09T01:20:00.000Z,Os bandidos estão voltando pro acampamento em frente ao QG do exército. Não podemos permitir que fujam.,1.802,2.521,"29,2 mil"
André Janones,@AndreJanonesAdv,https://twitter.com/AndreJanonesAdv/status/1612257123299213314,2023-01-09T01:17:07.000Z,"Ajudem a identificar os golpistas, trabalho sendo feito no perfil que vou divulgar no comentário a seguir:",5.948,3.712,"37,1 mil"
André Janones,@AndreJanonesAdv,https://twitter.com/AndreJanonesAdv/status/1612254809310269440,2023-01-09T01:07:55.000Z,"“Ahhhh mas o Janones é muito violento, ele desce o nível”. Será que agora entendem o que está acontecendo? Essa raça maldita precisa ser mandada de volta pro esgoto de onde saíram, de um jeito ou de outro!",2.122,3.587,"37,4 mil"
André Janones,@AndreJanonesAdv,https://twitter.com/AndreJanonesAdv/status/1612251677851107329,2023-01-09T00:55:28.000Z,"Lula em um ato de grandeza, mostrando a liderança que é, convoca uma reunião e convida todos os governadores do país. Centralizando as ações em favor da democracia, contra todos aqueles que atentam contra nossas instituições. GOLPISTAS SERÃO PUNIDOS!",375,1.447,"15,3 mil"
André Janones,@AndreJanonesAdv,https://twitter.com/AndreJanonesAdv/status/1612240700443340801,2023-01-09T00:11:51.000Z,ATENÇÃO: Armas que são mantidas no palácio para uso da segurança presidencial foram ROUBADAS pelos terroristas.,1.136,6.456,"62,4 mil"
André Janones,@AndreJanonesAdv,https://twitter.com/AndreJanonesAdv/status/1612231888088735751,2023-01-08T23:36:50.000Z,"Até o momento, são quase 500 prisões efetuadas. Tá só começando!",3.868,6.241,"83,2 mil"
André Janones,@AndreJanonesAdv,https://twitter.com/AndreJanonesAdv/status/1612230395134615553,2023-01-08T23:30:54.000Z,"Um relato: apesar de diversos terroristas portarem pedaços de pau e barras de ferro, nenhum foi assassinado, porque o objeto foi confundindo com fuzil.",521,3.653,"28,6 mil"
André Janones,@AndreJanonesAdv,https://twitter.com/AndreJanonesAdv/status/1612220493834211331,2023-01-08T22:51:33.000Z,"Alguns congressistas americanos começam a se mobilizar para que a extradição do principal responsável (Jair Bolsonaro), pelos atos terroristas no Brasil seja deportado. O mundo está pasmo com o que viveu o Brasil hoje.",2.227,5.863,"52,1 mil"
André Janones,@AndreJanonesAdv,https://twitter.com/AndreJanonesAdv/status/1612215353580331010,2023-01-08T22:31:08.000Z,Uma certeza que se pra alguém ainda restava dúvidas: o “petismo” e o “Bolsonarismo” não são faces da mesma moeda. Nossa democracia não suportaria um segundo mandato de Jair Bolsonaro. Nós fizemos a escolha certa!,703,3.384,"26,7 mil"
André Janones,@AndreJanonesAdv,https://twitter.com/AndreJanonesAdv/status/1612213088039866368,2023-01-08T22:22:08.000Z,"O governador do Distrito Federal pede “perdão” ao presidente Lula pelo ocorrido. Parece piada, mas esse foi o pronunciamento.",1.654,2.180,27 mil
André Janones,@AndreJanonesAdv,https://twitter.com/AndreJanonesAdv/status/1612203754874630144,2023-01-08T21:45:03.000Z,"CADEIA! É EXATAMENTE PARA ONDE DEVERÃO IR TODOS OS TERRORISTAS, SEUS INCENTIVADORES E FINANCIADORES.",834,1.834,"14,7 mil"
André Janones,@AndreJanonesAdv,https://twitter.com/AndreJanonesAdv/status/1612198237267525640,2023-01-08T21:23:07.000Z,URGENTE: AGU PEDE A PRISÃO DO EX SECRETÁRIO DE SEGURANÇA DO DF ANDERSON TORRES,861,2.909,"34,8 mil"
André Janones,@AndreJanonesAdv,https://twitter.com/AndreJanonesAdv/status/1612194420798930945,2023-01-08T21:07:57.000Z,TERRORISTAS COMEÇAM A SER PRESOS,706,2.620,"17,2 mil"
André Janones,@AndreJanonesAdv,https://twitter.com/AndreJanonesAdv/status/1612191481678422017,2023-01-08T20:56:16.000Z,URGENTE: PRESIDENTE LULA DECRETA INTERVENÇÃO FEDERAL NO DISTRITO FEDERAL,1.382,7.219,73 mil
André Janones,@AndreJanonesAdv,https://twitter.com/AndreJanonesAdv/status/1612191075258466305,2023-01-08T20:54:40.000Z,"PRESIDENTE LULA SE PRONUNCIA EM RESPEITO A DEMOCRACIA, CONTRA O TERRISMO E OS ATOS ANTODEMOCRÁTICOS.",119,469,5.988
André Janones,@AndreJanonesAdv,https://twitter.com/AndreJanonesAdv/status/1612190823130488833,2023-01-08T20:53:39.000Z,TERRORISTAS,666,2.649,"18,3 mil"
André Janones,@AndreJanonesAdv,https://twitter.com/AndreJanonesAdv/status/1612189940858626048,2023-01-08T20:50:09.000Z,URGENTE: TERRORISTAS ATEIAM FOGO NO PRÉDIO DO CONGRESSO NACIONAL,670,1.604,7.578
André Janones,@AndreJanonesAdv,https://twitter.com/AndreJanonesAdv/status/1612179875426598920,2023-01-08T20:10:09.000Z,"Fonte segura: Pediram o 142 mas é o 136 que está vindo aí! Além disso, acabo de convocar o bandido do Ibaneis para ir até a câmara se explicar. Ele vai ter que ficar frente a frente comigo e, se mentir, saíra preso!",6.172,6.076,"69,3 mil"
André Janones,@AndreJanonesAdv,https://twitter.com/AndreJanonesAdv/status/1612178857213165571,2023-01-08T20:06:07.000Z,GRAVE: Policíais deixaramm a barreira e foram comprar água de coco em momento da invasão.,2.882,6.121,"30,4 mil"
André Janones,@AndreJanonesAdv,https://twitter.com/AndreJanonesAdv/status/1612178012644200450,2023-01-08T20:02:45.000Z,"ATENÇÃO: A tropa de choque ACIONADA HÁ 30 MINUTOS ATRÁS, retoma o prédio do Supremo Tribunal Federal",985,1.754,"27,1 mil"
André Janones,@AndreJanonesAdv,https://twitter.com/AndreJanonesAdv/status/1612174235308380163,2023-01-08T19:47:45.000Z,"URGENTE: O governador do DF, Ibaneis Rocha, manda exonerar o secretário de Segurança, Anderson Torres, que não deveria sequer ter sido nomeado.",1.708,2.854,"31,1 mil"
André Janones,@AndreJanonesAdv,https://twitter.com/AndreJanonesAdv/status/1612168952112906240,2023-01-08T19:26:45.000Z,"Esse atentado terrorista tem nome é sobrenome: Ibaneis Rocha! Não basta que esse bandido seja afastado do governo do DF. Ele precisa ser PRESO, imediatamente!",2.329,7.018,"44,7 mil"
André Janones,@AndreJanonesAdv,https://twitter.com/AndreJanonesAdv/status/1612168293669867520,2023-01-08T19:24:08.000Z,"AGORA: o STF está sendo depenado, além de distraído, os terroristas roubam computadores, mesas, cadeiras e até PORTAS",692,1.804,"10,2 mil"
André Janones,@AndreJanonesAdv,https://twitter.com/AndreJanonesAdv/status/1612165704031010824,2023-01-08T19:13:51.000Z,"Como o Fundo Constitucional, financia a Polícia que, além de leninte, escolta e registra o momento. Estou agora com a minha equipe preparando a convocação do Governador do DF e de seu Secretário de Segurança Pública para prestar esclarecimentos a Câmara e assumir RESPONSABILIDADE",479,1.431,8.060
André Janones,@AndreJanonesAdv,https://twitter.com/AndreJanonesAdv/status/1612164699658788865,2023-01-08T19:09:51.000Z,"O Distrito Federal recebe anualmente recursos oriundos da união através do Fundo Constitucional do Distrito Federal, previsto no inciso XIV, artigo 21 da nossa Constituição. Esse fundo garante a organização e a manutenção das Polícias do DF. O que não está acontecendo.",237,903,4.928
André Janones,@AndreJanonesAdv,https://twitter.com/AndreJanonesAdv/status/1612164683200450561,2023-01-08T19:09:47.000Z,"Quem não frequenta o dia a dia do congresso, não tem noção da dificuldade que é o acesso. Quando levo algum familiar lá, é muito burocrática a entrada, devido a segurança. Os bandidos não estão só nas ruas,estão infiltrados na PM e na polícia legislativa. Serão responsabilizados!",1.568,6.202,"45,3 mil"
André Janones,@AndreJanonesAdv,https://twitter.com/AndreJanonesAdv/status/1612161401371467778,2023-01-08T18:56:45.000Z,"Os golpistas que passaram semanas AVISANDO que fariam TUDO QUE ESTÃO FAZENDO, foram escoltados por mais de UMA HORA pela polícia militar até a invasão.",1.304,3.646,"17,6 mil"
André Janones,@AndreJanonesAdv,https://twitter.com/AndreJanonesAdv/status/1612156066757746688,2023-01-08T18:35:33.000Z,"URGENTE: OS TERRORISTAS ESTÃO INVADINDO O STF NESTE EXATO MOMENTO, ALGUNS DELES ARMADOS ATIRAM CONTRA A SEGURANÇA DO PRÉDIO",6.548,5.700,"49,7 mil"
André Janones,@AndreJanonesAdv,https://twitter.com/AndreJanonesAdv/status/1612155410064048129,2023-01-08T18:32:56.000Z,URGENTE: O congresso nacional foi invadido e funcionários que estavam de plantão ESTÃO SENDO AMEAÇADOS.,584,1.355,8.506
André Janones,@AndreJanonesAdv,https://twitter.com/AndreJanonesAdv/status/1612153723396001792,2023-01-08T18:26:14.000Z,"URGENTE: Os terroristas invadiram o Planalto em um claro atentado contra o Estado Democrático de Direito. Não neles receio de ferir, matar ou destruir.",571,1.161,6.903
André Janones,@AndreJanonesAdv,https://twitter.com/AndreJanonesAdv/status/1612152181204852741,2023-01-08T18:20:06.000Z,"Tem parlamentar eleito que, apesar de não ter tomado posse ainda, já foi diplomado e que está em grupos de aplicativos de mensagens incentivando os atos terroristas. Como Deputado digo a vocês que não toleraremos bandidos travestidos de parlamentares no Congresso. Serão cassados",1.546,2.863,"23,9 mil"
André Janones,@AndreJanonesAdv,https://twitter.com/AndreJanonesAdv/status/1612151298584989696,2023-01-08T18:16:36.000Z,ATENÇÃO: Há registro de terrosistas DENTRO do prédio do Congresso Nacional.,5.290,2.476,"27,2 mil"
André Janones,@AndreJanonesAdv,https://twitter.com/AndreJanonesAdv/status/1612150578133766144,2023-01-08T18:13:44.000Z,URGENTE: TERRORISTAS QUE POR VEZES AMEAÇARAM A VIDA É A INTEGRIDADE DO PRESIDENTE LULA OCUPAM NESSE MOMENTO O PALÁCIO DO PLANALTO.,398,753,5.399
André Janones,@AndreJanonesAdv,https://twitter.com/AndreJanonesAdv/status/1612150410558554112,2023-01-08T18:13:04.000Z,"Spray de pimenta pra bandido? Uai, e aquela história de “bandido bom é bandido morto?” Era brincadeirinha? 🤔",2.545,5.353,"46,1 mil"
André Janones,@AndreJanonesAdv,https://twitter.com/AndreJanonesAdv/status/1612149978457149443,2023-01-08T18:11:21.000Z,"ATENÇÃO: A ordem nos grupos de Telegram dos terroristas é invadir o STF, causar o que puder de baderna, na esperança de que seja instaurada um estado de sítio. A GRAVIDADE dessa ação, pode trazer muitos danos a nossa democracia.",1.666,2.648,"23,9 mil"
André Janones,@AndreJanonesAdv,https://twitter.com/AndreJanonesAdv/status/1612148574720229377,2023-01-08T18:05:47.000Z,"URGENTE: São terroristas atacando prédio público, contra a ordem e o estado democrático de direito. E o responsável por isso está foragido do país.",8.733,"11,9 mil","57,7 mil"
André Janones,@AndreJanonesAdv,https://twitter.com/AndreJanonesAdv/status/1612146873011433472,2023-01-08T17:59:01.000Z,"O congresso nacional sofre ataque terrorista nesse momento. Com muita facilidade, os terroristas sobem em cima do prédio e começam uma arruaça jamais vista. Os bolsonaristas caminharam livres e com escolta por mais de uma hora até o local do crime.",3.596,3.804,"21,3 mil"
André Janones,@AndreJanonesAdv,https://twitter.com/AndreJanonesAdv/status/1612136202672672768,2023-01-08T17:16:37.000Z,"Hoje o brasileiro se despede de mais gênio do esporte, um ídolo do futebol carioca, nacional e mundial. Meus mais sinceros sentimentos a família de Roberto Dinamite, aos amigos, aos brasileiros apaixonados pelo esporte e a família Vasco da Gama.",50,141,2.027
André Janones,@AndreJanonesAdv,https://twitter.com/AndreJanonesAdv/status/1611705707325259778,2023-01-07T12:45:59.000Z,O pulso ainda pulsa: a cultura venceu! Noite de celebração entre amigos!,3.472,885,"21,7 mil"
André Janones,@AndreJanonesAdv,https://twitter.com/AndreJanonesAdv/status/1611157513084309504,2023-01-06T00:27:39.000Z,"O ódio destilado à catadora de recicláveis Aline Sousa, uma das populares que colocou a faixa presidencial em Lula no dia da posse, reafirma a eterna luta de classe que vivemos. O ódio dessa gente é ver pobre viver ao invés de apenas existir!",3.908,3.126,"32,2 mil"
André Janones,@AndreJanonesAdv,https://twitter.com/AndreJanonesAdv/status/1610826858941087746,2023-01-05T02:33:45.000Z,#NovaFotoDePerfil,3.347,545,"20,5 mil"
André Janones,@AndreJanonesAdv,https://twitter.com/AndreJanonesAdv/status/1610265018272186368,2023-01-03T13:21:12.000Z,"Que orgulho de uma pasta tão importante, ser resgatada e nas mãos de alguém tão competente",767,1.417,"31,4 mil"
André Janones,@AndreJanonesAdv,https://twitter.com/AndreJanonesAdv/status/1610070712139628545,2023-01-03T00:29:06.000Z,"Saúde mental não é frescura e sim, será levada a sério!",2.881,1.392,"27,7 mil"
André Janones,@AndreJanonesAdv,https://twitter.com/AndreJanonesAdv/status/1609756792229351424,2023-01-02T03:41:41.000Z,Minha parte tá feita: agora é com você @lulaoficial ! Que Deus lhe abençoe e que você consiga fazer esse povo tão sofrido voltar a ter motivos pra sorrir!,3.462,2.350,"51,9 mil"
André Janones,@AndreJanonesAdv,https://twitter.com/AndreJanonesAdv/status/1609562395130695682,2023-01-01T14:49:13.000Z,Brasília está tomada por brasileiros de todos os cantos do país! O povo está oficialmente de volta ao poder!,7.411,5.304,"68,1 mil"
André Janones,@AndreJanonesAdv,https://twitter.com/AndreJanonesAdv/status/1609401446562234368,2023-01-01T04:09:40.000Z,🙏🙏🙏,921,2.168,"25,7 mil"
André Janones,@AndreJanonesAdv,https://twitter.com/AndreJanonesAdv/status/1609385099564384257,2023-01-01T03:04:43.000Z,"Agora é oficial: a partir desse momento Bolsonaro não é mais presidente do Brasil pela nossa constituição. Feliz pelos que resistiram, e emocionado com as lembranças daqueles que se foram durante esse governo maldito 🥺",2.610,3.923,"49,4 mil"
