nome,usuario,idTweet,dataPublicacao,texto,replies,retweets,likes
Atila Melo Lira,@atilaliraof,https://twitter.com/atilaliraof/status/1612402270448107521,2023-01-09T10:53:52.000Z,"É com profundo pesar que recebo a notícia do falecimento do Coronel Lindomar Castilho, ex-comandante da Polícia Militar do Estado do Piauí.

Nossos pensamentos e orações estão com sua família neste momento de dor e tristeza.",0,0,0
Atila Melo Lira,@atilaliraof,https://twitter.com/atilaliraof/status/1612189074395385856,2023-01-08T20:46:43.000Z,"Hoje é um dia triste para a história do Brasil. A invasão do Congresso Nacional, do Supremo Tribunal Federal e do Palácio do Planalto não é uma manifestação política legítima. Eu condeno veementemente esses atos de violência e desrespeito à democracia. #Repúdio #Brasil",0,0,0
