nome,usuario,idTweet,dataPublicacao,texto,replies,retweets,likes
Aureo Ribeiro,@AureoRibeiroRJ,https://twitter.com/AureoRibeiroRJ/status/1618705687911223296,2023-01-26T20:21:24.000Z,"Investir na formação e profissionalização de jovens é a garantia de um futuro de oportunidades para todos. No último relatório do SEBRAE de 2022, os pequenos negócios responderam por 9 a cada 10 novos empregos no país.+",1,2,6
Aureo Ribeiro,@AureoRibeiroRJ,https://twitter.com/AureoRibeiroRJ/status/1616889381905653763,2023-01-21T20:04:03.000Z,"Valorizar os profissionais da educação é a garantia de que teremos profissionais e um ensino de qualidade.

Como defensor da educação, não poderia deixar de comemorar o novo Piso Magistério.

Esse é o Brasil que a gente quer. 🫱🏻‍🫲🏼",3,7,26
Aureo Ribeiro,@AureoRibeiroRJ,https://twitter.com/AureoRibeiroRJ/status/1612173455054573569,2023-01-08T19:44:39.000Z,"Recebo com tamanha surpresa neste momento informações das invasões ao Congresso Nacional, Palácio do Planalto e Superior Tribunal Federal, em Brasília.

Repudio veementemente atos antidemocráticos, violentos e destruidores como os de hoje.",1,3,16
Aureo Ribeiro,@AureoRibeiroRJ,https://twitter.com/AureoRibeiroRJ/status/1609939534384607233,2023-01-02T15:47:50.000Z,"O país se enche de esperança com o novo Governo. 🇧🇷Sabemos que os desafios serão inúmeros, mas o nosso Brasil é maior e tem força para superar todos eles. Com muito diálogo, trabalho e perseverança, o avanço é possível!

Boa sorte, @LulaOficial e  @geraldoalckmin.",0,6,16
