nome,usuario,idTweet,dataPublicacao,texto,replies,retweets,likes
Bohn Gass,@BohnGass,https://twitter.com/BohnGass/status/1620206775403429893,2023-01-30T23:46:11.000Z,"Que Ministério era esse da Damares, que dizia cuidar de mulheres, da família e de direitos humanos, mas que deixou morrer centenas de mães e filhos yanomamis por fome e doença, sem fazer nada? Essa senhora e seu líder promoveram um genocídio. Devem pagar por isso.",12,70,265
Bohn Gass,@BohnGass,https://twitter.com/BohnGass/status/1620189212929835009,2023-01-30T22:36:24.000Z,"Sexta passada, @LulaOficial teve longa conversa com presidente da França, Emanuel Macron. Hoje, recebeu Olaf Sholz, chanceler da Alemanha. O mundo voltou a querer falar com o Brasil.",1,18,78
Bohn Gass,@BohnGass,https://twitter.com/BohnGass/status/1620168969226420224,2023-01-30T21:15:58.000Z,"Sabem que lugar é esse? A sala da liderança do @PTnaCamara. Bandidos bolsonaristas vieram aqui, quebraram tudo, mas já  reconstruímos. Os vândalos tentaram nos enterrar; não sabem, aqueles tolos, que somos sementes.",4,26,141
Bohn Gass,@BohnGass,https://twitter.com/BohnGass/status/1620147294543953920,2023-01-30T19:49:50.000Z,"A decisão da Alemanha de destinar 200 milhoes de euros (1 bilhão de reais) à proteção ambiental no Brasil, deve-se à credibilidade internacional de @LulaOficial, @MarinaSilva e @GuajajaraSonia.",0,28,98
Bohn Gass,@BohnGass,https://twitter.com/BohnGass/status/1620145945190232071,2023-01-30T19:44:28.000Z,"O Brasil de 2019 a 2022 estava nas mãos de uma quadrilha corrupta e vagabunda, que nunca teve projeto de país; todo o tempo, usou o poder para enriquecer e fugir da Justiça.",5,58,228
Bohn Gass,@BohnGass,https://twitter.com/BohnGass/status/1620144230697164805,2023-01-30T19:37:40.000Z,"Ministra da Saúde @nisia_trindade é uma pesquisadora respeitada dentro e fora do Brasil. Ao nomeá-la, @LulaOficial dá um recado: o negacionismo científico não terá nenhum espaço no seu governo.",0,16,49
Bohn Gass,@BohnGass,https://twitter.com/BohnGass/status/1620135864331538433,2023-01-30T19:04:25.000Z,"Ouço Andrei Rodrigues, novo diretor-geral da @policiafederal. Destaco a serenidade, o alto grau de profissionalismo e a clareza em relação à mistura [para ele, nefasta] de polícia com política. @LulaOficial e @FlavioDino acertaram na escolha do delegado que, por acaso, é gaúcho.",1,24,78
Bohn Gass,@BohnGass,https://twitter.com/BohnGass/status/1620133209072893952,2023-01-30T18:53:52.000Z,"Segurança de @LulaOficial está a cargo da Polícia Federal, não mais dos militares, como era com Bolsonaro. ""Em nenhum país democrático do mundo, a segurança pessoal do presidente da República é feita por militares"", diz Andrei Rodrigues, novo diretor-geral da PF.",0,19,78
Bohn Gass,@BohnGass,https://twitter.com/BohnGass/status/1620019944804220928,2023-01-30T11:23:48.000Z,TODO GARIMPO EM TERRA YANOMAMI DEVE SER EXTINTO!!! E todos os invasores presos.,12,88,486
Bohn Gass,@BohnGass,https://twitter.com/BohnGass/status/1620014082597191680,2023-01-30T11:00:30.000Z,1783 dias. Quem foi o o amigo de Bolsonaro que mandou matar Marielle? E por quê?,3,38,229
Bohn Gass,@BohnGass,https://twitter.com/BohnGass/status/1619792561996181506,2023-01-29T20:20:15.000Z,"Qualquer pessoa séria que estudar o Programa Mais Médicos, criado por @dilmabr, vai descobrir que havia uma etapa de avaliação pelos pacientes. E que os médicos cubanos eram os mais bem avaliados. Com notas muito superiores ao demais.",13,82,420
Bohn Gass,@BohnGass,https://twitter.com/BohnGass/status/1619791093440339973,2023-01-29T20:14:25.000Z,Os vândalos vão para a cadeia. E a nossa liderança vai seguir trabalhando.,1,12,47
Bohn Gass,@BohnGass,https://twitter.com/BohnGass/status/1619789638268522496,2023-01-29T20:08:38.000Z,"Ainda sem resposta:
- De onde saiu o dinheiro vivo que o clã Bolsonaro usou para comprar 51 imóveis?",63,169,860
Bohn Gass,@BohnGass,https://twitter.com/BohnGass/status/1619766880377647106,2023-01-29T18:38:12.000Z,"Com o hábito de ler notícias no celular, só hoje vi essa capa do jornal gaúcho @correio_dopovo da última sexta, 27/1/2023, que marca os 10 anos da tragédia da Boate Kiss. Histórica!",0,7,47
Bohn Gass,@BohnGass,https://twitter.com/BohnGass/status/1619732870666539009,2023-01-29T16:23:04.000Z,"Quem não é cínico, nem cretino, sabe: @dilmabr foi vítima de um impeachment sem crime, portanto, um golpe. Mas tem uma turminha safada da direita que fez parte da farsa e, agora, quer processar o Lula por dizer a verdade: que o golpe foi golpe.",6,26,147
Bohn Gass,@BohnGass,https://twitter.com/BohnGass/status/1619725458555424768,2023-01-29T15:53:37.000Z,"Flavio Bolsonaro diz que o papai pode voltar dos EUA ""em seis meses ou nunca"".  O que você acha?",1,3,15
Bohn Gass,@BohnGass,https://twitter.com/BohnGass/status/1619680616735457280,2023-01-29T12:55:25.000Z,"Boa notícia! Ministério da Saúde anuncia repasse de R$ 600 milhões para o SUS fazer mutirões de cirurgias e consultas que estavam atrasadas. Aos poucos, o Brasil está voltando.",10,67,312
Bohn Gass,@BohnGass,https://twitter.com/BohnGass/status/1619651701828456449,2023-01-29T11:00:32.000Z,1782 dias. Quem foi o o amigo de Bolsonaro que mandou matar Marielle? E por quê?,26,116,622
Bohn Gass,@BohnGass,https://twitter.com/BohnGass/status/1619383967920308224,2023-01-28T17:16:39.000Z,"Documentário ""Todo Dia A Mesma Noite"", da @NetflixBrasil sobre a Boate Kiss, insinua ter havido acordo entre o @mprs e @PrefeituraSM para que autoridades não fossem denunciadas. Seria importante que os citados se manifestassem. Afinal, 10 anos depois, NINGUÉM foi punido.",0,19,65
Bohn Gass,@BohnGass,https://twitter.com/BohnGass/status/1619328798364958729,2023-01-28T13:37:25.000Z,"Hoje, minha terra faz 68 anos. Existem paisagens por lá que enchem os olhos, mas escolhi esta, que enche meu coração. Pq foi no Sindicato dos Trabalhadores e das Trabalhadoras Rurais de Santo Cristo que eu aprendi a lutar pela dignidade humana. Obrigado e Parabéns, Santo Cristo!",0,6,59
Bohn Gass,@BohnGass,https://twitter.com/BohnGass/status/1619316321589800962,2023-01-28T12:47:51.000Z,"Quebramos o sigilo das visitas ao Planalto e descobrimos: Wassef, o advogado dos Bolsonaro, esteve 16 vezes no Planalto no mesmo período em que escondia, na casa de praia dele, ninguém menos do que o Queiroz. Entendeu?",34,323,1.323
Bohn Gass,@BohnGass,https://twitter.com/BohnGass/status/1619289187802308610,2023-01-28T11:00:01.000Z,1781 dias. Quem foi o o amigo de Bolsonaro que mandou matar Marielle? E por quê?,2,61,330
Bohn Gass,@BohnGass,https://twitter.com/BohnGass/status/1618940742696833025,2023-01-27T11:55:26.000Z,"O Estadão chama o golpe contra @dilmabr de ""impeachment constitucional"". É muito cinismo! Inventaram um crime e fizeram um processo - com toda a aparente legalidade - em cima de uma farsa. O nome disso é golpe! Não se trata de rancor, mas de verdade histórica.",16,86,338
Bohn Gass,@BohnGass,https://twitter.com/BohnGass/status/1618935611943170055,2023-01-27T11:35:02.000Z,"O Brasil precisa ser desbolsonarizado. Não significa exterminar ninguém - isso é coisa da direita - mas mostrar aos bolsonaristas que seu líder é perverso, incompetente, covarde e deixou o Brasil destruído.",31,84,419
Bohn Gass,@BohnGass,https://twitter.com/BohnGass/status/1618932621286969344,2023-01-27T11:23:09.000Z,Polícia Federal nas ruas. Para executar 11 mandados de prisão preventiva de mais vândalos bolsonaristas que depredaram Brasília. Operação Lesa-Pátria está identificando todos os terroristas e se tornou permanente. Até que o último deses bandidos seja preso. Ninguém ficará impune!,12,113,424
Bohn Gass,@BohnGass,https://twitter.com/BohnGass/status/1618926797260832769,2023-01-27T11:00:01.000Z,1780 dias. Quem foi o o amigo de Bolsonaro que mandou matar Marielle? E por quê?,10,84,467
Bohn Gass,@BohnGass,https://twitter.com/BohnGass/status/1618698193444958208,2023-01-26T19:51:37.000Z,"Com @senadorjean na presidência, Petrobras voltará a servir ao povo brasileiro. Junto com ele, na Frente Parlamentar de Defesa da Petrobras, denunciamos a venda de refinarias, a farra dos dividendos a acionistas privados a falta de investimentos e o alto preço dos combustíveis.",0,14,54
Bohn Gass,@BohnGass,https://twitter.com/BohnGass/status/1618661446325518338,2023-01-26T17:25:36.000Z,"Hoje, 10 anos da tragédia da boate Kiss. 242 pessoas mortas e ninguém preso.",3,17,113
Bohn Gass,@BohnGass,https://twitter.com/BohnGass/status/1618629088352301061,2023-01-26T15:17:01.000Z,Conduta de Bolsonaro na pandemia Covid foi criminosa do início ao fim. Além do atraso inicial deixou o país sem vacinas bivalentes (de reforço) que vários países já aplicaram. Gov @LulaOficial correu para recuperar tempo perdido e já anuncia para fevereiro a vacinação bivalente.,2,29,80
Bohn Gass,@BohnGass,https://twitter.com/BohnGass/status/1618564408258478081,2023-01-26T11:00:01.000Z,1779 dias. Quem foi o o amigo de Bolsonaro que mandou matar Marielle? E por quê?,1,34,269
Bohn Gass,@BohnGass,https://twitter.com/BohnGass/status/1618369321188855811,2023-01-25T22:04:48.000Z,"Desbolsonarizamos o governo federal. Agora, nós gaúchos e gaúchas, temos de desbolsonarizar Porto Alegre.",16,57,462
Bohn Gass,@BohnGass,https://twitter.com/BohnGass/status/1618364534892425216,2023-01-25T21:45:47.000Z,"Mais de 20 anos depois do primeiro Fórum Social Mundial (2001), nós estamos aqui em Porto Alegre, de novo, reafirmando que OUTRO MUNDO É POSSÍVEL! Hoje, na Caminhada da Democracia.",2,24,153
Bohn Gass,@BohnGass,https://twitter.com/BohnGass/status/1618303039030562817,2023-01-25T17:41:25.000Z,"Não tem cabimento ver a fome de volta num país campeão na produção de alimentos; ver indígenas, donos da terra, desnutridos. A direita não só atrasou o Brasil, ela o fez retroceder.",5,23,135
Bohn Gass,@BohnGass,https://twitter.com/BohnGass/status/1618294008941543424,2023-01-25T17:05:32.000Z,"Um dos mais competentes criadores de políticas públicas do Brasil, culto, honesto e dotado de enorme humanidade. Esse é @Haddad_Fernando, que hoje aniversaria. Saúde, companheiro! É uma honra fazer política ao seu lado.",6,18,130
Bohn Gass,@BohnGass,https://twitter.com/BohnGass/status/1618290178929623040,2023-01-25T16:50:19.000Z,"Se o PL teimar em Mário Frias e Ricardo Salles p/ comissões de Cultura e Meio Ambiente da Câmara, todo mundo perderá.
Câmara perde pq comissões terão presidentes desqualificados; Frias perde pq é explícita sua incompreensão da área; Salles perde pq seus crimes  voltarão à baila.",3,19,90
Bohn Gass,@BohnGass,https://twitter.com/BohnGass/status/1618256257319829505,2023-01-25T14:35:32.000Z,"Empresas brasileiras que quiserem exportar serviços, voltarão a ser apoiadas pelo BNDES. Nos govs de @LulaOficial, o BNDES teve lucro, não prejuízo. A mentira da caixa-preta foi desmentida até pelas direções bolsonaristas. Era puro preconceito contra Cuba Venezuela e africanos.",5,43,118
Bohn Gass,@BohnGass,https://twitter.com/BohnGass/status/1618221545176043520,2023-01-25T12:17:36.000Z,"O @blogdosakamoto diz verdade inconteste: se as Forças Armadas houvessem dedicado aos yanomamis o mesmo cuidado com que trataram os acampamentos golpistas, as crianças daquele povo estariam vivas.
570 crianças yanonamis morreram por desnutrição e outras doenças no gov Bolsonaro.",3,44,145
Bohn Gass,@BohnGass,https://twitter.com/BohnGass/status/1618202025744863234,2023-01-25T11:00:02.000Z,1778 dias. Quem foi o o amigo de Bolsonaro que mandou matar Marielle? E por quê?,9,67,392
Bohn Gass,@BohnGass,https://twitter.com/BohnGass/status/1618086779051192321,2023-01-25T03:22:05.000Z,"""Somos uma potência em recursos aquíferos, chave para o futuro da humanidade"", disse @LulaOficial, hoje, aos chefes de estados da Celac - Comunidade dos Países Latino-Americanos e Caribenhos. Lula demonstra noção estratégica de futuro. E sabe que o futuro não são armas, mas água.",1,26,97
Bohn Gass,@BohnGass,https://twitter.com/BohnGass/status/1618072486607978498,2023-01-25T02:25:17.000Z,"O @DepSanderson volta a falar em caixa-preta do BNDES no gov @LulaOficial. Essa foi uma MENTIRA muito repetida pelo bolsonarismo. Mas, o próprio presidente do banco no desgoverno fascista de Bolsonaro, admitiu que, com Lula, NÃO HOUVE prejuízos, mas lucro ao banco (segue)",18,186,644
Bohn Gass,@BohnGass,https://twitter.com/BohnGass/status/1618002007201316868,2023-01-24T21:45:14.000Z,"Em 1500, havia, no Brasil, de 3 a 5 milhões de indígenas. Hoje, são apenas 900 mil por conta do extermínio indiscriminado e das doenças do homem branco. Quase tudo lhes foi roubado. Chega! Passa da hora de garantir-lhes a terra e as condições para que  vivam com dignidade.",1,34,119
Bohn Gass,@BohnGass,https://twitter.com/BohnGass/status/1617923571115753486,2023-01-24T16:33:33.000Z,"Em menos de um mês, @LulaOficial já fez muito: revogou barbaridades bolsonaristas, atuou na saúde e na ciência, etomou relações internacionais, garantiu renda básica e muito mais. Sim, o Brasil voltou a ter governo.",0,12,43
Bohn Gass,@BohnGass,https://twitter.com/BohnGass/status/1617909558168682496,2023-01-24T15:37:52.000Z,"Com Bolsonaro...
...570 crianças yanomamis morreram de fome e doenças
....o garimpo invadiu áreas indígenas sem ser contido
... o indigenista Bruno Pereira foi assassinado
 Bolsonaro = garimpo = impunidade = abandono = morte.",13,28,126
Bohn Gass,@BohnGass,https://twitter.com/BohnGass/status/1617858721690046464,2023-01-24T12:15:52.000Z,"O gov @LulaOficial já entregou quatro toneladas de alimentos na área indígena Yanomami onde 570 crianças MORRERAM por desnutrição e outras doenças. Lá, existem 28 mil indígenas e o garimpo é ilegal. Mas, com a conivência de Bolsonaro,  20 mil garimpeiros se instalaram na área.",9,29,78
Bohn Gass,@BohnGass,https://twitter.com/BohnGass/status/1617855568718487554,2023-01-24T12:03:20.000Z,"PRESO o vândalo bolsonarista que destruiu o relógio de Dom João. Antônio Cláudio Ferreira, 30 anos, NÃO É DO MST, tem processo por tráfico de drogas, mas por 3 meses comeu e bebeu de graça no acampamento do quartel em Brasília. Quem sustentou esse sujeito deve ser preso também.",19,76,249
Bohn Gass,@BohnGass,https://twitter.com/BohnGass/status/1617845002482384896,2023-01-24T11:21:21.000Z,"Muito contente que uma luta de tanto tempo junto a população de Porto Xavier e Missões, foi assumida pelo presidente @LulaOficial ontem no encontro com presidente da Argentina, @alferdez. A construção da ponte com San Javier vai produzir um forte impacto econômico na região.",0,16,75
Bohn Gass,@BohnGass,https://twitter.com/BohnGass/status/1617839761825177600,2023-01-24T11:00:31.000Z,1777 dias. Quem foi o o amigo de Bolsonaro que mandou matar Marielle? E por quê?,4,59,362
Bohn Gass,@BohnGass,https://twitter.com/BohnGass/status/1617618326037106691,2023-01-23T20:20:37.000Z,"Argentina é parceiro comercial importante, um país com o qual fazemos fronteira e com quem temos afinidades culturais. Não importa se o governo lá é de esquerda ou de direita, uma boa relação internacional recomenda tratamento civilizado, justo e produtivo com os hermanos.",0,12,87
Bohn Gass,@BohnGass,https://twitter.com/BohnGass/status/1617505337422249984,2023-01-23T12:51:38.000Z,"No mesmo site, vejo duas notícias subsequentes:
1 - morre a indígena desnutrida cuja imagem chocou as pessoas que ainda têm humanidade;
2 - jovem branca de classe média raspa a cabeça para fingir que tem câncer e aplicar golpe da vaquinha para tratamento.
Comentem.",9,16,102
Bohn Gass,@BohnGass,https://twitter.com/BohnGass/status/1617477252421238784,2023-01-23T11:00:02.000Z,1776 dias. Quem foi o o amigo de Bolsonaro que mandou matar Marielle? E por quê?,8,74,488
Bohn Gass,@BohnGass,https://twitter.com/BohnGass/status/1617198537590116352,2023-01-22T16:32:32.000Z,"21 ofícios alertaram Bolsonaro da situação gravíssima dos Yanomamis. Foi avisado de que faltava saúde e comida. Mas, ele preferia o garimpo e, como na pandemia, deixou morrer. 570 crianças yanomamis morreram. @LulaOficial não tem um mês de governo, foi lá, viu o horror e agiu.",2,21,97
Bohn Gass,@BohnGass,https://twitter.com/BohnGass/status/1617171877616648192,2023-01-22T14:46:35.000Z,"O @LulaOficial tá certo: não é de armas que precisamos, mas de humanidade. 📷 @ricardostuckert",2,36,194
Bohn Gass,@BohnGass,https://twitter.com/BohnGass/status/1617151084316983297,2023-01-22T13:23:58.000Z,"Sobre a foto montada do vidro quebrado na altura do coração de @LulaOficial, o ombudsman da @folha diz: ""Aumentar a realidade [...] dilata tudo, de intenções editoriais à ambiguidade."" Eu digo que é pior do que isso. A montagem é irresponsável diante do ódio fascista contra Lula.",3,21,169
Bohn Gass,@BohnGass,https://twitter.com/BohnGass/status/1617114863209267206,2023-01-22T11:00:02.000Z,1775 dias. Quem foi o o amigo de Bolsonaro que mandou matar Marielle? E por quê?,3,77,452
Bohn Gass,@BohnGass,https://twitter.com/BohnGass/status/1616857248298418176,2023-01-21T17:56:22.000Z,"Ao optar pelo general Tomás Ribeiro Paiva para  camandar o Exército, @LulaOficial escolhe um legalista. Fala o novo comandante: ""Democracia pressupõe liberdade, garantias individuais e alternância do poder, devendo a instituição e seus membros respeitar o resultado da urna"".",1,21,135
Bohn Gass,@BohnGass,https://twitter.com/BohnGass/status/1616856496306032642,2023-01-21T17:53:23.000Z,"General Tomás Ribeiro Paiva é o novo Comandante do Exército, nomeado, há pouco, por @LulaOficial. O general Julio César de Arruda, que estava no cargo desde a transição, mantinha golpistas em postos de comando, o que levou Lula a demiti-lo, no que fez muito bem.",10,36,195
Bohn Gass,@BohnGass,https://twitter.com/BohnGass/status/1616819380976865286,2023-01-21T15:25:54.000Z,"Gov @LulaOficial já destinou R$ 2 BILHÕES para Santas Casas/hospitais. Já reconheceu agentes comunitários de saúde e de combate à pandemia como PROFISSIONAIS DA SAÚDE. Já comprou 8,4 milhões de VACINAS contra a Covid p/ crianças. Isso, em 20 dias. Sim, o Brasil agora tem governo.",3,139,582
Bohn Gass,@BohnGass,https://twitter.com/BohnGass/status/1616752602313592833,2023-01-21T11:00:32.000Z,1774 dias. Quem foi o o amigo de Bolsonaro que mandou matar Marielle? E por quê?,30,102,678
Bohn Gass,@BohnGass,https://twitter.com/BohnGass/status/1616390082004504576,2023-01-20T11:00:01.000Z,1773 dias. Quem foi o o amigo de Bolsonaro que mandou matar Marielle? E por quê?,8,72,382
Bohn Gass,@BohnGass,https://twitter.com/BohnGass/status/1616212272610672644,2023-01-19T23:13:28.000Z,"""Eu não vou escolher o reitor que eu gosto. Quem tem que gostar do reitor são os professores, funcionários e estudantes da universidade"". Do @LulaOficial, hoje, em reunião com 125 reitores de universidades brasileiras. E disse, ainda: ""O ensino público vai sair das trevas"".",4,33,176
Bohn Gass,@BohnGass,https://twitter.com/BohnGass/status/1616201612686667779,2023-01-19T22:31:06.000Z,"É direito de qualquer militar fazer política. Para isso, basta deixar de ser militar e assumir a política. As duas coisas ao mesmo tempo não dá, é contra a lei.",5,51,291
Bohn Gass,@BohnGass,https://twitter.com/BohnGass/status/1616189967239086080,2023-01-19T21:44:50.000Z,"O cheiro ruim do banheiro, o banho gelado, a marmita fria, o colchonete duro... Os dias vão passando na Papuda e na Colmeia e, aos poucos, os golpistas, bolsonaristas e vândalos vão caindo em si. Cometeram crimes e esta é a dura realidade de nossas cadeias.",19,71,512
Bohn Gass,@BohnGass,https://twitter.com/BohnGass/status/1616027825265414145,2023-01-19T11:00:32.000Z,1772 dias. Quem foi o o amigo de Bolsonaro que mandou matar Marielle? E por quê?,9,70,390
Bohn Gass,@BohnGass,https://twitter.com/BohnGass/status/1615887960150343681,2023-01-19T01:44:46.000Z,"O @FlavioDino foi muito bem na resposta ao @RomeuZema: ""Sub-Bolsonaro"". 
O governador mineiro sugeriu que o gov @LulaOficial se fez de vítima dos atos dos vândalos golpistas. Tomou essa invertida do ministro da Justiça.",9,29,168
Bohn Gass,@BohnGass,https://twitter.com/BohnGass/status/1615801111700508691,2023-01-18T19:59:39.000Z,"Anderson Torres ficou calado em seu depoimento à Polícia Federal. Diz que só fala em juízo. Ao fazê-lo, Anderson despreza a própria instituição - ele é delegado da PF! Para um ex-ministro da Justiça como ele, não pode haver exemplo pior. Só posso pensar: ele sabe a culpa que tem.",7,26,201
Bohn Gass,@BohnGass,https://twitter.com/BohnGass/status/1615793935921577984,2023-01-18T19:31:08.000Z,VEM GANHO REAL AÍ - o @LulaOficial assinou hoje o termo de criação do grupo de trabalho que vai elaborar a nova política de valorização do salário mínimo.,5,25,122
Bohn Gass,@BohnGass,https://twitter.com/BohnGass/status/1615707540888915970,2023-01-18T13:47:50.000Z,"Em Davos, @EduardoLeite_ critica @Haddad_Fernando por ñ sinalizar equilíbrio de contas. Errado! Haddad tem responsabilidade fiscal, só ñ sacrificará pessoas p/ privilegiar bancos. Leite deixou professores com fome em nome do ""ajuste"" e seu gov encerra 2022 com deficit de R$ 4 bi.",5,50,148
Bohn Gass,@BohnGass,https://twitter.com/BohnGass/status/1615699211785322499,2023-01-18T13:14:44.000Z,"O @g1 analisa depoimentos dos vândalos presos em  Brasília. Falam em fraude de urnas, ameaça comunista, intervenção legal das FFAA, ideologia de gênero e cerceamento de expressão. Absurdos e mentiras. Mas, de onde saiu isso? Da boca de Bolsonaro, líder dos golpistas. #CADEIA",0,15,83
Bohn Gass,@BohnGass,https://twitter.com/BohnGass/status/1615665307174977536,2023-01-18T11:00:01.000Z,1771 dias. Quem foi o o amigo de Bolsonaro que mandou matar Marielle? E por quê?,10,71,434
Bohn Gass,@BohnGass,https://twitter.com/BohnGass/status/1615533857901518849,2023-01-18T02:17:41.000Z,"Por 9 votos a zero, a Câmara de Vereadores  de Montenegro/RS, CASSOU o mandato de Camila Oliveira (Republicanos). A criatura gravou um vídeo cantando um funk que chama as mulheres de esquerda de cadelas. No vídeo, duas meninas seguram uma foto do genocida. Perdeu, mané.",11,63,287
Bohn Gass,@BohnGass,https://twitter.com/BohnGass/status/1615315929998532609,2023-01-17T11:51:43.000Z,"O @RomeuZema é daquele  espectro da política cujo dono é o dinheiro. Nisso, ele e Bolsonaro são iguais. Zema acusa o gov @LulaOficial se fazer de vítima do vandalismo bolsonarista. É uma fala canalha, rebaixada. De novo, igualzinho ao Bolsonaro.",8,32,155
Bohn Gass,@BohnGass,https://twitter.com/BohnGass/status/1615302925131173888,2023-01-17T11:00:02.000Z,1770 dias. Quem foi o o amigo de Bolsonaro que mandou matar Marielle? E por quê?,15,79,456
Bohn Gass,@BohnGass,https://twitter.com/BohnGass/status/1615101435816935425,2023-01-16T21:39:24.000Z,"Está decidido: @LulaOficial REVERTERÁ A LIQUIDAÇÃO DO CEITEC/Centro Nac de Tecnologia Eletrônica Avançada, única fábrica de semicondutores da América Latina, sediada em Porto Alegre/RS. Bolsonaro estava acabando com essa empresa pública essencial e estratégica. @acceitec.",19,357,1.084
Bohn Gass,@BohnGass,https://twitter.com/BohnGass/status/1614963292157448192,2023-01-16T12:30:28.000Z,"Dirijo-me a quem apoia o gov @LulaOficial: TODO o vandalismo bolsonarista está sob investigação, provas estão sendo colhidas e há certeza de que quem tiver culpa, será PUNIDO. Isso se faz dentro do processo legal, não como Moro, que esqueceu a Justiça e virou capanga da direita.",8,52,202
Bohn Gass,@BohnGass,https://twitter.com/BohnGass/status/1614940535885828098,2023-01-16T11:00:02.000Z,"Com @Haddad_Fernando e @MarinaSilva, o Brasil vai ao Fórum Econômico de Davos. Para saber o que significa, basta pensar que até pouco tempo, nossa representação seria Guedes e Salles. Percebeu a diferença?",1,33,123
Bohn Gass,@BohnGass,https://twitter.com/BohnGass/status/1614940531037016069,2023-01-16T11:00:01.000Z,1769 dias. Quem foi o o amigo de Bolsonaro que mandou matar Marielle? E por quê?,31,59,403
Bohn Gass,@BohnGass,https://twitter.com/BohnGass/status/1614934503478231041,2023-01-16T10:36:04.000Z,"COVIL
Jair e Carlos Bolsonaro estão na Flórida. 
Mourão e Ciro Nogueira estão na Flórida. 
Malafaia está na Flórida.
Moro e Dallagnol estão na Flórida.
Allan dos Santos está na Flórida.
E Anderson Torres estava...na Flórida. 
Só um tolo acha que é coincidência.",26,87,354
Bohn Gass,@BohnGass,https://twitter.com/BohnGass/status/1614793916523638784,2023-01-16T01:17:25.000Z,"Entre os BOLSONARISTAS que destruíram sedes de poderes em Brasília, um é  acusado de ASSASSINATO e ficou acampado em frente ao QUARTEL de Brasília por três meses; outra, é TRAFICANTE de crack. A escória da sociedade disfarçada sob o lema ""Deus, Pátria e Família.""
Cadeia neles!",7,97,379
Bohn Gass,@BohnGass,https://twitter.com/BohnGass/status/1614788364565155842,2023-01-16T00:55:22.000Z,"Imagens inéditas e exclusivas do Fantástico @showdavida mostra em detalhes a ação dos vândalos bolsonaristas depredando o Congresso,o STF e o Planalto. 
Mais imagens no fio.",6,32,131
Bohn Gass,@BohnGass,https://twitter.com/BohnGass/status/1614786378189135874,2023-01-16T00:47:28.000Z,"O @showdavida identificou, ao menos, 23 pessoas com antecedentes criminais entre os bandidos bolsonaristas que invadiram o Congresso, o STF e o Planalto. E, quem não tinha antes, agora terá já que a perícia científica está  provando a presença/responsabilidade de cada golpista.",0,39,149
Bohn Gass,@BohnGass,https://twitter.com/BohnGass/status/1614715375060455424,2023-01-15T20:05:20.000Z,"SEIS MIL E DUZENTOS REAIS, SÓ EM COMIDA, POR FIM DE SEMANA. Isso, durante quatro anos. Total: mais de R$ 4 MILHÕES! Esses foram os gastos de Jair Bolsonaro só nos finais de semana. Não eram compromissos oficiais, não era trabalho. Tem cheiro, cara e jeito de lavagem de dinheiro.",7,34,166
Bohn Gass,@BohnGass,https://twitter.com/BohnGass/status/1614606494024048640,2023-01-15T12:52:40.000Z,"Jarcedi era forte, sério e  justo. Um militante que honrou a história do PT [era coordenador regional do partido na região das Missões/RS]. Meu abraço fraterno à família, aos amigos e amigas, aos companheiros e companheiras. Vá na paz, Jarcedi.",6,16,118
Bohn Gass,@BohnGass,https://twitter.com/BohnGass/status/1614599987928698881,2023-01-15T12:26:49.000Z,"Os juristas que tenho ouvido são unânimes: todos os funcionários públicos que participaram do vandalismo em Brasília, devem, todos, perder seus cargos. É o mínimo.",278,1.434,9.103
Bohn Gass,@BohnGass,https://twitter.com/BohnGass/status/1614592185411813377,2023-01-15T11:55:49.000Z,"Vocês sabiam que, ao desembarcar no Brasil e ser preso, Anderson Torres estava SEM O CELULAR? É evidente que o bolsonarista não queria que seu aparelho fosse periciado. Quem deve, teme.",17,102,513
Bohn Gass,@BohnGass,https://twitter.com/BohnGass/status/1614578272259514372,2023-01-15T11:00:32.000Z,1768 dias. Quem foi o o amigo de Bolsonaro que mandou matar Marielle? E por quê?,23,89,538
Bohn Gass,@BohnGass,https://twitter.com/BohnGass/status/1614443896922071040,2023-01-15T02:06:34.000Z,O @FlavioDino está convocando Foucault para assessorá-lo no Min da Justiça. A @nisia_trindade está chamando Oswaldo Cruz. @Haddad já teria convocado Celso Furtado. O Pimenta dará cargo ao Umberto Eco. E eu estou pensando em convidar o Trotsky para trabalhar comigo.,29,53,385
Bohn Gass,@BohnGass,https://twitter.com/BohnGass/status/1614287718493700101,2023-01-14T15:45:58.000Z,"Vacinaram todos os bandidos bolsonaristas que foram presos em Brasília. Nesse caso, tem-se a imunidade DO rebanho.",9,25,260
Bohn Gass,@BohnGass,https://twitter.com/BohnGass/status/1614285460758487042,2023-01-14T15:37:00.000Z,"Ver um ex-ministro da Justiça preso, não é algo que se deva comemorar. Mas, a bem da verdade, Anderson Torres nunca teve as credenciais para a função. E sua escolha se deu por um presidente que também nunca honrou o cargo. Ambos são criminosos.",4,48,246
Bohn Gass,@BohnGass,https://twitter.com/BohnGass/status/1614282844678897664,2023-01-14T15:26:36.000Z,"Faleceu, hoje, Tereza Barroso, esposa do ministro do STF, @LRobertoBarroso. Ao ministro e familiares, meus sentimentos.",3,11,120
Bohn Gass,@BohnGass,https://twitter.com/BohnGass/status/1614215888978190336,2023-01-14T11:00:33.000Z,1767 dias. Quem foi o o amigo de Bolsonaro que mandou matar Marielle? E por quê?,14,98,517
Bohn Gass,@BohnGass,https://twitter.com/BohnGass/status/1613990786349076481,2023-01-13T20:06:04.000Z,Sexta 13. E faz 13 dias que o Brasil tem presidente.,8,22,217
Bohn Gass,@BohnGass,https://twitter.com/BohnGass/status/1613985506747973633,2023-01-13T19:45:05.000Z,"Contam-me que uma das integrantes do BBB23 declarou ser sapiosexual (sente atração por pessoas inteligentes). Mas, como a moça também se declara bolsonarista, creio que estará fadada à solidão.",14,21,345
Bohn Gass,@BohnGass,https://twitter.com/BohnGass/status/1613983208181272582,2023-01-13T19:35:57.000Z,"Absurdo, para dizer o mínimo, o PL do deputado Vitor Hugo(PL/GO) que quer anistiar golpistas, bolsonaristas e vândalos que invadiram e destruíram o Congresso,o Planalto e o STF. CCJ deve matar a iniciativa na origem. Se for a Plenário, voto NÃO, sem margem de negociação.",7,28,167
Bohn Gass,@BohnGass,https://twitter.com/BohnGass/status/1613914258701533185,2023-01-13T15:01:59.000Z,"Bolsonaro gastou R$ 27 milhões no cartão corporativo.
E deixou 33 milhões de brasileiros e brasileiras passando fome.
Foi nisso que deu botar a direita no governo.",5,9,89
Bohn Gass,@BohnGass,https://twitter.com/BohnGass/status/1613912939278254080,2023-01-13T14:56:44.000Z,"Anderson Torres já declarou que não foi o autor da minuta de decreto golpista. Então, as perguntas são: quem participou da elaboração daquilo? A mando de quem?",5,27,143
Bohn Gass,@BohnGass,https://twitter.com/BohnGass/status/1613870757536305153,2023-01-13T12:09:07.000Z,Inspirado pelo @pepemugica pergunto: pq vocês me seguem nesta rede?,8,4,36
Bohn Gass,@BohnGass,https://twitter.com/BohnGass/status/1613868480561922049,2023-01-13T12:00:04.000Z,"Pelo menos 15 pessoas do RS estão presas ou foram acusadas de financiar os atos de vandalismo em Brasília. Também há duas empresas citadas como financiadoras. Como gaúcho, sinto vergonha de ter de relatar isso.",41,180,1.173
Bohn Gass,@BohnGass,https://twitter.com/BohnGass/status/1613853495794307075,2023-01-13T11:00:32.000Z,1766 dias. Quem foi o o amigo de Bolsonaro que mandou matar Marielle? E por quê?,2,56,271
Bohn Gass,@BohnGass,https://twitter.com/BohnGass/status/1613752614339985409,2023-01-13T04:19:39.000Z,O pão com leite condensado era demagogia. O genocida viveu dias nababescos na presidência. #BolsonaroNaCadeia,4,19,125
Bohn Gass,@BohnGass,https://twitter.com/BohnGass/status/1613703197109149697,2023-01-13T01:03:18.000Z,"Imagina o filho vendo o pai ou o vovô invadindo a sede da mais alta corte da Justiça do país com cara de doido, quebrando portas, obras de arte, rasgando documentos... Pode haver melhor exemplo para a família?",4,49,284
Bohn Gass,@BohnGass,https://twitter.com/BohnGass/status/1613690521322496001,2023-01-13T00:12:55.000Z,"Retirado o sigilo do cartão corporativo de Bolsonaro, ficamos sabendo que ele gastou R$ 362 mil em uma única padaria do Rio de Janeiro, sendo R$ 55 mil um dia após casamento de seu filho Eduardo. Você acha que é...",3,18,51
Bohn Gass,@BohnGass,https://twitter.com/BohnGass/status/1613688320004857859,2023-01-13T00:04:11.000Z,"Ato preparatório para golpe É PARTE do golpe. Cadeia para Anderson e Bolsonaro é o mínimo que a Justiça deve determinar. Aliás, com mais esse crime, a ficha  corrida do genocida só é comparável aos grandes chefes do crime organizado do Brasil.",2,58,323
Bohn Gass,@BohnGass,https://twitter.com/BohnGass/status/1613674337432735744,2023-01-12T23:08:37.000Z,"A minuta encontrada na casa do ex-ministro da Justiça de Bolsonaro, Anderson Torres, é PROVA de que havia uma intenção de golpe, sim. Deve ser usada para condená-lo. Mas, não só ele; todos os demais que participaram desse plano criminoso.",5,34,182
Bohn Gass,@BohnGass,https://twitter.com/BohnGass/status/1613673119503495168,2023-01-12T23:03:46.000Z,"93% dos brasileiros NÃO CONCORDAM com os ataques golpistas. 
46% dos brasileiros acham que todos os golpistas vândalos bolsonaristas devem ser PRESOS!
Fonte: Datafolha",3,17,93
Bohn Gass,@BohnGass,https://twitter.com/BohnGass/status/1613608648022036482,2023-01-12T18:47:35.000Z,"O @LulaOficial recebeu a imprensa. Sem cercadinho, sem ofensa, sem fake news e sem botar a culpa  os outros.",3,35,150
Bohn Gass,@BohnGass,https://twitter.com/BohnGass/status/1613491542768975872,2023-01-12T11:02:15.000Z,"9 ministros do Supremo decidiram que o governador Ibaneis deve permanecer afastado do cargo; 2, os indicados por Bolsonaro, acharam que não. Assim, o governador do DF fica afastado por 3 meses.",5,27,179
Bohn Gass,@BohnGass,https://twitter.com/BohnGass/status/1613490977498349568,2023-01-12T11:00:00.000Z,1765 dias. Quem foi o o amigo de Bolsonaro que mandou matar Marielle? E por quê?,15,68,398
Bohn Gass,@BohnGass,https://twitter.com/BohnGass/status/1613358210802401282,2023-01-12T02:12:26.000Z,"Estou estudando uma forma de garantir que  NENHUM CENTAVO DE CRÉDITO OU FINANCIAMENTO PÚBLICO seja liberado aos fazendeiros/empresários do agro que bancaram viagens de vândalos à Brasília. PF já identificou 10 deles. Se têm dinheiro para golpe, não precisam da verba pública.",415,1.995,9.185
Bohn Gass,@BohnGass,https://twitter.com/BohnGass/status/1613355582492114944,2023-01-12T02:02:00.000Z,"Esta imagem é do Presídio da Papupa, para onde estão sendo levados os vândalos bolsonaristas que destruíram partes do Congresso/Planalto/STF. Na chegada, recebem: colchão enrolado, creme dental, escova e sabonete. Camas são de concreto. Não há travesseiros por razão de segurança.",85,220,1.775
Bohn Gass,@BohnGass,https://twitter.com/BohnGass/status/1613220723090198532,2023-01-11T17:06:07.000Z,"Governador bolsonarista de Santa Catarina, Jorginho Mello, fez pouco ou quase nada para ajudar as milhares de famílias atingidas pelas chuvas naquele Estado. Mas foi ágil em arrumar advogados  para os golpistas catarinenses presos em Brasília.",4,75,268
Bohn Gass,@BohnGass,https://twitter.com/BohnGass/status/1613219558055153678,2023-01-11T17:01:29.000Z,"O genocida conta que  sofreu uma aderência intestinal e, por isso, teve de ser hospitalizado nos EUA. Desejo pronto reestabelecimento a ele para que seja julgado e espero, preso, quando voltar ao Brasil.",2,3,84
Bohn Gass,@BohnGass,https://twitter.com/BohnGass/status/1613218827336093725,2023-01-11T16:58:35.000Z,"A visão cínica, torta e mentirosa do Partido Novo: 
- compara ocupações dos sem-tetos com a dos vândalos de Brasília
- por defender prisão de golpistas, diz que esquerda rejeita direitos humanos 
- rotula PT e aliados como comunistas para poder dizer que são antidemocráticos.",6,9,59
Bohn Gass,@BohnGass,https://twitter.com/BohnGass/status/1613151891315372034,2023-01-11T12:32:36.000Z,"Ontem, o vagabundo cometeu mais um crime. Divulgou vídeo com calúnias contra o sistema eleitoral. A repercussão foi péssima e o covarde retirou a postagem. Mas o crime já estava consumado. Desse jeito, Bolsonaro não será só preso, mas mofará na cadeia.",4,26,143
Bohn Gass,@BohnGass,https://twitter.com/BohnGass/status/1613150032361922561,2023-01-11T12:25:13.000Z,"O vagabundo só aumenta a lista de seus crimes. Ontem, postou vídeo com calúnias e mentiras sobre o sistema eleitoral. Depois, com ampla repercussão negativa, retirou o vídeo. Nesse ritmo, Bolsonaro não só será preso como vai mofar na cadeia.",3,24,117
Bohn Gass,@BohnGass,https://twitter.com/BohnGass/status/1613147092033093633,2023-01-11T12:13:32.000Z,"Conivência do governo Ibaneis, da PM do DF e de parte do Exército. Patrocínio da parte  medieval do agro e de empresários que estavam lucrando com o desgoverno Bozo. Um bando de falsos moralistas celerados. Eis a anatomia da ""Revolta dos Manés"".",7,87,353
Bohn Gass,@BohnGass,https://twitter.com/BohnGass/status/1613146064659398657,2023-01-11T12:09:27.000Z,"Diante das queixas dos bandidos terroristas presos, Jair Bolsonaro teria dito: ""E daí, não sou carcereiro"".

*contém ironia",1,13,83
Bohn Gass,@BohnGass,https://twitter.com/BohnGass/status/1613128717999476736,2023-01-11T11:00:31.000Z,1764 dias. Quem foi o o amigo de Bolsonaro que mandou matar Marielle? E por quê?,5,49,270
Bohn Gass,@BohnGass,https://twitter.com/BohnGass/status/1613012611796447233,2023-01-11T03:19:09.000Z,"Comandante da PM de Brasília, coronel Flávio Augusto Vieira, está PRESO. Ordem do STF. Razão: omissão e conivência com os atos terroristas.",3,27,132
Bohn Gass,@BohnGass,https://twitter.com/BohnGass/status/1613003191154577409,2023-01-11T02:41:43.000Z,"Subprocurador-geral do Ministério Público junto ao Tribunal de Contas da União, Lucas Furtado, pediu o bloqueio dos bens de Bolsonaro em razão dos atos extremistas registrados em Brasília.",2,27,137
Bohn Gass,@BohnGass,https://twitter.com/BohnGass/status/1613001694513713152,2023-01-11T02:35:46.000Z,"Vivi par ver: em menos de  24h presos, os fascistas bolsonaristas que defendiam encarceramento em massa e davam pau nos direitos humanos, passaram a reclamar do marmitex dos presos e a exigir dignidade de tratamento pela polícias. Bandido bom é?",7,25,137
Bohn Gass,@BohnGass,https://twitter.com/BohnGass/status/1612845115407474688,2023-01-10T16:13:35.000Z,Saibam,26,85,316
Bohn Gass,@BohnGass,https://twitter.com/BohnGass/status/1612839399007346689,2023-01-10T15:50:52.000Z,"Cadeia para esta bandida confessa (""quebramos tudo"").",1,23,65
Bohn Gass,@BohnGass,https://twitter.com/BohnGass/status/1612838812404662274,2023-01-10T15:48:32.000Z,"O visto do genocida nos EUA está vencendo. Mais dia, menos dia, ele terá de assumir que fugiu do país que deixou desgovernado. Bolsonaro, teu lugar é a cadeia!",1,16,111
Bohn Gass,@BohnGass,https://twitter.com/BohnGass/status/1612837356515500035,2023-01-10T15:42:45.000Z,Vamos cantar a democracia,2,6,28
Bohn Gass,@BohnGass,https://twitter.com/BohnGass/status/1612836500097343488,2023-01-10T15:39:21.000Z,"LULA, os governadores e os ministros do Supremo, todos juntos. Foi uma resposta consistente da democracia brasileira aos bolsonaristas bandidos da extrema-direita. O Brasil fica melhor com esses canalhas na cadeia",1,10,55
Bohn Gass,@BohnGass,https://twitter.com/BohnGass/status/1612789250679791617,2023-01-10T12:31:36.000Z,"Terroristas bolsonaristas presos estão achando ruins as condições da detenção? Pois, saibam: quando forem para os presídios, a coisa ficará muito pior. Infelizmente, nosso sistema penitenciário é horroroso. Mas é para onde irão esses bandidos golpistas.",7,36,201
Bohn Gass,@BohnGass,https://twitter.com/BohnGass/status/1612766329487982592,2023-01-10T11:00:31.000Z,1763 dias. Quem foi o o amigo de Bolsonaro que mandou matar Marielle? E por quê?,5,39,192
Bohn Gass,@BohnGass,https://twitter.com/BohnGass/status/1612476395632103425,2023-01-09T15:48:25.000Z,O que importa agora:,4,14,70
Bohn Gass,@BohnGass,https://twitter.com/BohnGass/status/1612476243424808960,2023-01-09T15:47:49.000Z,O que importa agora:,0,6,45
Bohn Gass,@BohnGass,https://twitter.com/BohnGass/status/1612438823174303747,2023-01-09T13:19:07.000Z,"Nunca fui defensor do encarceramento em massa pq sempre soube que, quando isso acontecia, maioria era de pretos e pobres. Não é o caso dos terroristas bolsonaristas que, hoje, às centenas, estão conhecendo o inferno dos presídios. Que fiquem lá. Lugar de golpista é nas grades.",8,28,136
Bohn Gass,@BohnGass,https://twitter.com/BohnGass/status/1612403820880879624,2023-01-09T11:00:02.000Z,1762 dias. Quem foi o o amigo de Bolsonaro que mandou matar Marielle? E por quê?,1,26,193
Bohn Gass,@BohnGass,https://twitter.com/BohnGass/status/1612293239087702016,2023-01-09T03:40:37.000Z,"Moraes decide afastar o governador Ibaneis Rocha, do Distrito Federal, por 90 dias | Política | G1",2,15,58
Bohn Gass,@BohnGass,https://twitter.com/BohnGass/status/1612277656535400448,2023-01-09T02:38:42.000Z,"Dano patrimônio público:
 3 anos de cadeia
Crime contra patrimônio cultural:
3 anos de cadeia
Associação criminosa:
 3 anos de cadeia
Abolição do Estado Democrático de Direito: 
8 anos de cadeia
Golpe de estado:
12 anos de cadeia. 
Vai ter bolsonarista condenado a quase 30 anos.",14,98,303
Bohn Gass,@BohnGass,https://twitter.com/BohnGass/status/1612274580877443075,2023-01-09T02:26:29.000Z,Mais de 300 presos em Brasília. Tá faltando muita gente ainda. #terrorismoÉcrime,2,13,59
Bohn Gass,@BohnGass,https://twitter.com/BohnGass/status/1612274165901398020,2023-01-09T02:24:50.000Z,Deus? Pátria? Família?,2,21,65
Bohn Gass,@BohnGass,https://twitter.com/BohnGass/status/1612272598905229313,2023-01-09T02:18:36.000Z,"""Saiba quem são os gaúchos terroristas que depredaram os prédios dos três poderes"". Leremos essa manchete/notícia amanhã nas mídias do RS? @zerohora @CorreiodoPovo @rbstv @bandrs @RecordRS @RdGaucha @radioguaiba720",5,28,82
Bohn Gass,@BohnGass,https://twitter.com/BohnGass/status/1612268855325245440,2023-01-09T02:03:44.000Z,"Estou recebendo muitas fotografias e vídeos  (alguns, gravíssimos!) de gaúchos que invadiram prédios dos poderes em Brasília. Vou identificar o que for possível, checar as informações e remeter tudo à Polícia Federal, ao ministro @FlavioDino e ao ministro @alexandre de Moraes.",4,18,104
Bohn Gass,@BohnGass,https://twitter.com/BohnGass/status/1612260780132663301,2023-01-09T01:31:38.000Z,"O @LulaOficial está chegando, agora, ao @STF_oficial e será recebido pela presidenta, ministra Rosa Weber e pelo ministro Barroso. Já esteve no Planalto. Enquanto isso os golpistas bolsonaristas estão sendo presos.",1,17,64
Bohn Gass,@BohnGass,https://twitter.com/BohnGass/status/1612259389372612608,2023-01-09T01:26:07.000Z,"Alô, @FlavioDino. Mais uma aí ó",9,38,64
Bohn Gass,@BohnGass,https://twitter.com/BohnGass/status/1612259108458987520,2023-01-09T01:25:00.000Z,"Com a palavra, o interventor da Segurança do Distrito Federal nomeado há poucas horas por Lula.",1,10,39
Bohn Gass,@BohnGass,https://twitter.com/BohnGass/status/1612258770809135104,2023-01-09T01:23:39.000Z,CPI dos atos antidemocráticos começa a ganhar corpo no Senado.,4,11,81
Bohn Gass,@BohnGass,https://twitter.com/BohnGass/status/1612258412242571266,2023-01-09T01:22:14.000Z,Todos os governadores dos Estados brasileiros devem ir à Brasília amanhã se reunir com @LulaOficial.,1,12,66
Bohn Gass,@BohnGass,https://twitter.com/BohnGass/status/1612257104454107137,2023-01-09T01:17:02.000Z,"Agora, já são mais de 200 presos em Brasília. Mas, ainda é pouco. Terrorismo é crime. Cadeia neles!",5,16,128
Bohn Gass,@BohnGass,https://twitter.com/BohnGass/status/1612254940050636802,2023-01-09T01:08:26.000Z,"O  @LulaOficial está, agora, no Palácio do Planalto, conferindo o estrago feito pelos terroristas bolsonaristas. Todos serão responsabilizados.",2,22,89
Bohn Gass,@BohnGass,https://twitter.com/BohnGass/status/1612253679775629313,2023-01-09T01:03:26.000Z,"Além de terroristas, os bolsonaristas que vandalizaram Brasília também são LADRÕES. Obras de arte e até armas do Gabinete de Segurança Institucional foram ROUBADAS pelos golpistas BANDIDOS!",0,22,56
Bohn Gass,@BohnGass,https://twitter.com/BohnGass/status/1612251438960320513,2023-01-09T00:54:31.000Z,"O genocida falou. Pra variar, mentiu. Tentou comparar o terrorismo de hoje com atos de 2013 e 17. Falso. O que se viu hoje, nunca aconteceu antes. Nem parecido. Mas, o importante: da boca da besta, nenhuma palavra de repúdio ao terrorismo. Ou seja, ele é conivente.",2,25,99
Bohn Gass,@BohnGass,https://twitter.com/BohnGass/status/1612240158052552706,2023-01-09T00:09:42.000Z,Instagram para mostrar a cara dos terroristas e ajudar a Justica a puni-los. https://instagram.com/contragolpebrasil…,1,19,36
Bohn Gass,@BohnGass,https://twitter.com/BohnGass/status/1612234294541549570,2023-01-08T23:46:24.000Z,"O silêncio do genocida sobre os atos terroristas, só piora a situação dele. É o grande culpado por tudo. Deve ser condenado, também, por isso. A pena só aumenta.",3,6,52
Bohn Gass,@BohnGass,https://twitter.com/BohnGass/status/1612232897624244227,2023-01-08T23:40:51.000Z,"O que se viu hoje em Brasília é um retrato da direita fascista bolsonarista. É gente mesquinha, ignorante e assassina. Vândalos! Terroristas! Não podem andar soltos nas ruas pq são bandidos perigosos.",1,16,47
Bohn Gass,@BohnGass,https://twitter.com/BohnGass/status/1612226731376578560,2023-01-08T23:16:21.000Z,"Vários parlamentares norte-americanos já pedem que Bolsonaro saia dos EUA. E, se não quiser sair, que seja extraditado.",1,18,70
Bohn Gass,@BohnGass,https://twitter.com/BohnGass/status/1612225768112918529,2023-01-08T23:12:31.000Z,"BOHN GASS: ""A DIREITA FASCISTA BOLSONARISTA MOSTRA A CARA. CADEIA PARA ESSES TERRORISTAS""",1,16,64
Bohn Gass,@BohnGass,https://twitter.com/BohnGass/status/1612215597000957952,2023-01-08T22:32:06.000Z,"150 vândalos bolsonaristas presos por enquanto. É pouco, muito pouco.",4,13,76
Bohn Gass,@BohnGass,https://twitter.com/BohnGass/status/1612215356428374018,2023-01-08T22:31:09.000Z,"Atenção para um detalhe da fala do ministro: ""...anteriores e atuais agentes públicos que continuam na ilícita conduta dos atos antidemocráticos... A Justiça não faltará"".",1,10,28
Bohn Gass,@BohnGass,https://twitter.com/BohnGass/status/1612201774445633544,2023-01-08T21:37:10.000Z,"Secretário recém exonerado do DF, Anderson Torres, está nos EUA e já teve a prisão pedida no Brasil. O genocida que era patrão dele, também está lá. Não é coincidência.",5,20,73
Bohn Gass,@BohnGass,https://twitter.com/BohnGass/status/1612199244529557504,2023-01-08T21:27:07.000Z,"Advocacia Geral da União acaba de pedir a PRISÃO do secretário de Segurança do DF (e ex-ministro da Justiça de Bolsonaro), Anderson Torres.",7,16,97
Bohn Gass,@BohnGass,https://twitter.com/BohnGass/status/1612192379364147205,2023-01-08T20:59:50.000Z,"O BRASIL, AGORA, TEM LEI. Intervenção no DF decretada.",3,16,90
Bohn Gass,@BohnGass,https://twitter.com/BohnGass/status/1612191948718088195,2023-01-08T20:58:08.000Z,"""TODOS OS VÂNDALOS SERÃO IDENTIFICADOS. TODOS OS FINANCIADORES DOS VÂNDALOS SERAO IDENTIFICADOS. E TODOS SERÃO PUNIDOS"". @LulaOficial",1,9,56
Bohn Gass,@BohnGass,https://twitter.com/BohnGass/status/1612191558610358273,2023-01-08T20:56:35.000Z,Lula acaba de Decretar Intervenção Federal no Distrito Federal.,1,10,70
Bohn Gass,@BohnGass,https://twitter.com/BohnGass/status/1612190602871050241,2023-01-08T20:52:47.000Z,Provas não faltam. Vamos reunir todas e muitas. E botar esses terroristas todos na cadeia.,1,17,44
Bohn Gass,@BohnGass,https://twitter.com/BohnGass/status/1612189810436759560,2023-01-08T20:49:38.000Z,"Crime de responsabilidade é fato determinado para abertura de processo de impeachment. Saiba disso, governador @IbaneisOficial.",5,55,220
Bohn Gass,@BohnGass,https://twitter.com/BohnGass/status/1612189291353980931,2023-01-08T20:47:34.000Z,"Então é assim: até a grama da Esplanada sabia que haveria tumulto bolsonarista em Brasília. Mas, o secretário de Segurança fingr não ver, não toma nenhuma medida e viaja para os EUA mesmo assim. A incompetência é explícita e a conivência é evidente. #criminoso",3,9,41
Bohn Gass,@BohnGass,https://twitter.com/BohnGass/status/1612187660553945091,2023-01-08T20:41:05.000Z,Defendo a INTERVENÇÃO na segurança do Distrito Federal.,2,8,55
Bohn Gass,@BohnGass,https://twitter.com/BohnGass/status/1612183422776053764,2023-01-08T20:24:15.000Z,"É preciso impedir que essas centenas de terroristas que chegaram à Brasília de ônibus, voltem para casa impunes. Que a saída desses ônibus seja barrada até que todos sejam identificados e, uma vez tendo participado dos atos de vandalismo, presos ainda no DF.",8,105,398
Bohn Gass,@BohnGass,https://twitter.com/BohnGass/status/1612182098273775616,2023-01-08T20:18:59.000Z,Assino com o relator.,2,17,110
Bohn Gass,@BohnGass,https://twitter.com/BohnGass/status/1612179665606541313,2023-01-08T20:09:19.000Z,Acabo de responder ao @andersongtorres.,3,16,61
Bohn Gass,@BohnGass,https://twitter.com/BohnGass/status/1612178008864866305,2023-01-08T20:02:44.000Z,"Podem ter certeza: muitos dos bandidos bolsonaristas que estão na invasão dos prédios dos poderes, serão condenados a 10, 20 e 30 anos de cadeia. Esperem e verão. É assim que a lei deve tratar terrorista.",7,28,83
Bohn Gass,@BohnGass,https://twitter.com/BohnGass/status/1612176528703471621,2023-01-08T19:56:51.000Z,"Não adianta exonerar apenas o Secretário de Segurança. O comando da Polícia Militar do DF também deve ser, não apenas exonerado, mas punido.",5,61,233
Bohn Gass,@BohnGass,https://twitter.com/BohnGass/status/1612176078969212929,2023-01-08T19:55:04.000Z,São 16h52min. O BOPE de Brasília só foi acionado há 30 minutos. Mas os terroristas bolsonaristas já estão há horas destruindo os prédios dos poderes em Brasília. A conivência das autoridades do Distrito Federal é CRIMINOSA.,8,52,171
Bohn Gass,@BohnGass,https://twitter.com/BohnGass/status/1612175406391500803,2023-01-08T19:52:24.000Z,"É o mínimo que @IbaneisOficial poderia fazer: exonerar o secretário de Segurança Anderson Torres. Tenta, assim, livrar-se de um tanto da responsabilidade que ainda é sua.",2,8,29
Bohn Gass,@BohnGass,https://twitter.com/BohnGass/status/1612172135602192384,2023-01-08T19:39:24.000Z,"Bandidos bolsonaristas arrancaram porta do gabinete do ministro @alexandre de Moraes no STF. Não há reação da Polícia do DF. Defendo  que, um a um, esses terroristas sejam identificados e presos. E autoridades do DF que permitiram isso, também devem ser punidas com rigor.",29,138,498
Bohn Gass,@BohnGass,https://twitter.com/BohnGass/status/1612170748025503745,2023-01-08T19:33:53.000Z,"Terroristas bolsonaristas já invadiram o Congresso e, neste momento, estão, dentro do Planalto e do STF. Há destruição de móveis e teme-se o acesso a documentos. Anderson Torres, Sec de Segurança e @IbaneisOficial governador DF têm culpa grave por permitir esse absurdo.",5,23,70
Bohn Gass,@BohnGass,https://twitter.com/BohnGass/status/1612128170802647040,2023-01-08T16:44:42.000Z,MInistro da Justiça @FlavioDino determina que a família de Genivaldo Jesus dos Santos - vítima de policiais rodoviários federais que o mataram numa câmara de gás - seja INDENIZADA. É o mínimo que o Estado brasileiro pode fazer.,1,11,60
Bohn Gass,@BohnGass,https://twitter.com/BohnGass/status/1612120818422611975,2023-01-08T16:15:29.000Z,"Trajetória do presidente da Conab, @EdegarPretto não se resume à ligação com o MST. Ele é respeitado pelos outros grupos do campo, lidera movimento de homens contra a violência de gênero e já presidiu a Assembleia gaúcha com gestão marcada pelo diálogo. Respeitem a história!",1,11,61
Bohn Gass,@BohnGass,https://twitter.com/BohnGass/status/1612116108340862976,2023-01-08T15:56:46.000Z,"Quem é do Sul, como eu, sabe: a Araucária é nossa árvore-símbolo. Mas essa matéria do @GloboRural conta muito mais: o risco de extinção e a relação direta com o povo indígena Xokleng.",3,10,46
Bohn Gass,@BohnGass,https://twitter.com/BohnGass/status/1612108444475199489,2023-01-08T15:26:19.000Z,"No país do futebol, quando morre um goleador, todo mundo fica um pouco mais triste. Roberto Dinamite era mais do que isso; era o maior ídolo de um dos grandes clubes do Brasil, o Vasco da Gama. Aos amigos vascaínos, um abraço fraterno. E que Dinamite descanse em paz.",1,12,108
Bohn Gass,@BohnGass,https://twitter.com/BohnGass/status/1612041423238451201,2023-01-08T11:00:00.000Z,1761 dias. Quem foi o o amigo de Bolsonaro que mandou matar Marielle? E por quê?,3,29,253
Bohn Gass,@BohnGass,https://twitter.com/BohnGass/status/1611742020896444417,2023-01-07T15:10:17.000Z,"A prática de tortura é insuportável! Aconteceu em Novo Hamburgo/RS. Alô, governador @EduardoLeite_ exigimos apuração e punição a esses soldados que desonram a @brigadamilitar.",10,67,315
Bohn Gass,@BohnGass,https://twitter.com/BohnGass/status/1611740575635767298,2023-01-07T15:04:32.000Z,"""A comunicação do governo deve difundir informações relevantes,"" diz o novo Ministro da Secretaria de Comunicação, Paulo Pimenta (@DeputadoFederal). Tenho certeza: Pimenta garantirá respeito aos jornalistas (e ao jornalismo) e a comunicação do governo será tratada com seriedade.",3,14,68
Bohn Gass,@BohnGass,https://twitter.com/BohnGass/status/1611735618798686208,2023-01-07T14:44:50.000Z,"Mais exigências para a aquisição de armas, fortalecimento do IBAMA, retomada do Fundo Amazônia, ampliação da participação popular e a transparência aos atos e documentos públicos... isso só na primeira semana do gov @LulaOficial. O Brasil já mudou.",0,15,67
Bohn Gass,@BohnGass,https://twitter.com/BohnGass/status/1611713858757951488,2023-01-07T13:18:22.000Z,"Percebam. Todos os vídeos dos golpista mostram criaturas descontroladas que berram como se dessem ordens. São gente ruim, que deseja e propõe a truculência. Virarão chorume no lixo da história.",19,64,476
Bohn Gass,@BohnGass,https://twitter.com/BohnGass/status/1611679166935482368,2023-01-07T11:00:31.000Z,1760 dias. Quem foi o o amigo de Bolsonaro que mandou matar Marielle? E por quê?,20,89,615
Bohn Gass,@BohnGass,https://twitter.com/BohnGass/status/1611370985701183491,2023-01-06T14:35:55.000Z,Meu amigo e companheiro @EdegarPretto na presidência da CONAB é mais um acerto de @LulaOficial. Edegar é um legítimo filho do campo;  conhece profundamente a realidade de quem tem fome e sabe bem das necessidades de quem produz o alimento.,2,22,94
Bohn Gass,@BohnGass,https://twitter.com/BohnGass/status/1611349794013810688,2023-01-06T13:11:42.000Z,"Quem não o conhecia, ficou encantado com a força de seu discurso de posse no Ministério dos Direitos Humanos. Nele, a consistência intelectual só reforça a legitimidade. A presença de @silviolual no 1° escalão é um grande acerto de @LulaOficial.",0,12,100
Bohn Gass,@BohnGass,https://twitter.com/BohnGass/status/1611340821990629376,2023-01-06T12:36:03.000Z,"Eu também queria parar de falar no genocida e de sua turma. Mas, antes, é preciso dimensionar todos os crimes. Não dá pra fingir que não houve o que causou tanto mal a tantas pessoas. É a Justiça, não o esquecimento, que vai enterrar o fascismo.",10,34,237
Bohn Gass,@BohnGass,https://twitter.com/BohnGass/status/1611316779669753858,2023-01-06T11:00:31.000Z,1759 dias. Quem foi o o amigo de Bolsonaro que mandou matar Marielle? E por quê?,5,52,293
Bohn Gass,@BohnGass,https://twitter.com/BohnGass/status/1611133877753372678,2023-01-05T22:53:44.000Z,"A convite do senador @randolfeap, serei vice-líder do governo @LulaOficial no Congresso. Foi grande a destruição causada pelos fascistas. E, para reconstruir tudo será preciso, antes, remover os entulhos. Mas, estamos muito entusiasmados e, juntos, vamos fazer o novo Brasil.",10,34,420
Bohn Gass,@BohnGass,https://twitter.com/BohnGass/status/1610954266566336517,2023-01-05T11:00:01.000Z,1758 dias. Quem foi o o amigo de Bolsonaro que mandou matar Marielle? E por quê?,7,72,325
Bohn Gass,@BohnGass,https://twitter.com/BohnGass/status/1610770742190444544,2023-01-04T22:50:46.000Z,"Eu e a @mariadorosario fomos abraçar, celebrar e oferecer apoio à querida guerreira @JoeniaWapichana que será a PRIMEIRA INDÍGENA A PRESIDIR A FUNAI! Tudo no lugar certo. #legitimidade",6,19,121
Bohn Gass,@BohnGass,https://twitter.com/BohnGass/status/1610769481470451712,2023-01-04T22:45:45.000Z,"Venho de família católica e do sindicato de trabalhadores/as rurais. @freibeto1 me fez ver a afinidade entre a fé cristã e a atuação em favor de uma transformação social radical. Sempre que o reencontro, como hoje, na posse da @MarinaSilva, sei: estou no lado certo da história.",2,19,113
Bohn Gass,@BohnGass,https://twitter.com/BohnGass/status/1610762350683951107,2023-01-04T22:17:25.000Z,"Consumidores do Brasil podem ter certeza: o Secretario Nacional é um homem que não costuma deixar nada para trás. E começou bem, indo pra cima dos postos que aumentaram a gasolina de forma ilegal. Grande, @wadih_damous, Secretário Nacional do Consumidor. @LulaOficial acertou.",7,67,298
Bohn Gass,@BohnGass,https://twitter.com/BohnGass/status/1610752610033872896,2023-01-04T21:38:43.000Z,"Quadro ""Orixás"", de Djanira da Motta e Silva, foi retirado do Salão Nobre do Palácio do Planalto no desgoverno do genocida. Não bastasse a estupidez, a ignorância e o preconceito, a obra foi avariada com um furo de caneta. Mas, com @LulaOficial, logo estará de volta, restaurada.",10,41,196
Bohn Gass,@BohnGass,https://twitter.com/BohnGass/status/1610749806611423233,2023-01-04T21:27:34.000Z,"Do que realmente importa até agora:
- PF vai atrás dos crimes de Bolsonaro e do mandante do assassinato de Marielle
- aumento ilegal da gasolina será combatido
- STF tira do ar redes bolsonsristas até saber quem as financia
- AGU e retira da defesa Bolsobaro, nem a Wal do Açaí",1,11,75
Bohn Gass,@BohnGass,https://twitter.com/BohnGass/status/1610591881485864961,2023-01-04T11:00:02.000Z,1757 dias. Quem foi o o amigo de Bolsonaro que mandou matar Marielle? E por quê?,13,74,458
Bohn Gass,@BohnGass,https://twitter.com/BohnGass/status/1610340845596692480,2023-01-03T18:22:30.000Z,Governo Lula não deixa passar aumento ilegal do preço da gasolina. i.,1,24,103
Bohn Gass,@BohnGass,https://twitter.com/BohnGass/status/1610276692513226755,2023-01-03T14:07:35.000Z,"Agora, sim. Recriado o Ministério do Desenvolvimento Agrário e da Agricultura Familiar. Essencial para o combate à fome. Todo o êxito ao ministro @pauloteixeira13",5,25,213
Bohn Gass,@BohnGass,https://twitter.com/BohnGass/status/1610261588765773825,2023-01-03T13:07:34.000Z,"Agora, na posse que me enche de esperança: a de @pauloteixeira13 no Ministério do Desenvolvimento Agrário e da Agricultura Familiar. Vamos precisar trabalhar muito para reconstruir tudo o que os fascistas destruíram. Mas o povo do campo tem fibra, é de luta. Então, vai dar certo.",1,17,94
Bohn Gass,@BohnGass,https://twitter.com/BohnGass/status/1610229491636355072,2023-01-03T11:00:02.000Z,1756 dias. Quem foi o o amigo de Bolsonaro que mandou matar Marielle? E por quê?,9,64,468
Bohn Gass,@BohnGass,https://twitter.com/BohnGass/status/1610108342260666372,2023-01-03T02:58:37.000Z,"Não sei se aconteceu o mesmo com vocês, mas a escolha de uma mulher negra e catadora (Aline Sousa) para passar a Faixa Presidencial ao @LulaOficial, superou todas as minhas expectativas.",3,31,213
Bohn Gass,@BohnGass,https://twitter.com/BohnGass/status/1610104708210769926,2023-01-03T02:44:11.000Z,"Ele viu o filme da vida de Lula e, no final, disse: ""Também posso ser presidente"". O nome dele é Francisco, tem 10 anos, mora em Itaquera, periferia de São Paulo. Em 2019, foi à Curitiba para dar ""bom dia, Presidente Lula"".",2,40,259
Bohn Gass,@BohnGass,https://twitter.com/BohnGass/status/1609971673377247234,2023-01-02T17:55:33.000Z,"Concordo com Regina Duarte quando ela diz que ""esquecer o que Bolso fez no Brasil é injustiça"". Não esqueceremos. E, justamente por ser uma questão de Justiça, queremos que ele responda por todos os crimes que cometeu.",19,170,1.192
Bohn Gass,@BohnGass,https://twitter.com/BohnGass/status/1609960038562422785,2023-01-02T17:09:19.000Z,"Enfim, o MEC volta a ter um ministro de verdade. Fui abraçá-lo e desejar êxito e sorte. @CamiloSantanaCE terá uma difícil tarefa: reconstruir as políticas públicas da Educação.   Mas ele tem competência e experiência de sobra.",3,20,123
Bohn Gass,@BohnGass,https://twitter.com/BohnGass/status/1609946157089685507,2023-01-02T16:14:09.000Z,"Além de rever os sigilos de 100 anos do ex-governo, Lula acaba de determinar que se encerrem os processos de privatização da Petrobras, Correios, EBC, Serpro, Dataprev, Conab e PPSA (petróleo e gás natural).",4,35,183
Bohn Gass,@BohnGass,https://twitter.com/BohnGass/status/1609900820329365504,2023-01-02T13:14:00.000Z,"Onde havia Guedes, agora, temos @Haddad_Fernando. Nossa economia está em boas mãos. #posseHaddad",1,19,114
Bohn Gass,@BohnGass,https://twitter.com/BohnGass/status/1609882138932920322,2023-01-02T11:59:46.000Z,"Primeira alegria depois da posse é outra posse, a de @Haddad_Fernando no Ministério da Fazenda. Vou lá abraçá-lo.",3,25,258
Bohn Gass,@BohnGass,https://twitter.com/BohnGass/status/1609867106094391296,2023-01-02T11:00:02.000Z,1755 dias. Quem foi o o amigo de Bolsonaro que mandou matar Marielle? E por quê?,41,182,1.054
Bohn Gass,@BohnGass,https://twitter.com/BohnGass/status/1609710881033568257,2023-01-02T00:39:15.000Z,"Esta é uma das imagens mais importantes de minha história. Por que é de um dos dias mais importantes da história do Brasil: a 3a posse de @LulaOficial. Eu estava lá! E pude abraçar o presidente do povo, retirante, sindicalista, líder do meu PT; um dos maiores estadistas do mundo.",4,32,270
Bohn Gass,@BohnGass,https://twitter.com/BohnGass/status/1609704905169584128,2023-01-02T00:15:30.000Z,"""Brasil, chegou a vez de ouvir as Marias, Mahins, Marielles, malês"", dizia o samba campeão da Mamgueira em 2019. Demorou um pouquinho, mas chegou a vez. #LulaPresidente",3,40,264
Bohn Gass,@BohnGass,https://twitter.com/BohnGass/status/1609649207916240896,2023-01-01T20:34:11.000Z,"E a multidão de 300 mil pessoas que estão em Brasília para a posse de Lula grita:
""SEM ANISTIA!""
Entendeu, Jair?",4,75,556
Bohn Gass,@BohnGass,https://twitter.com/BohnGass/status/1609646765044539393,2023-01-01T20:24:29.000Z,"Civilizatório!
Humano!
Lindo!",4,28,236
Bohn Gass,@BohnGass,https://twitter.com/BohnGass/status/1609644851519176704,2023-01-01T20:16:53.000Z,"Quando a catadora Aline Sousa, 33 anos, entregou a Faixa Presidencial para o @LulaOficial, não deu pra segurar as lágrimas. 
Lula subiu a rampa.
O povo subiu a rampa.
Nós subimos a rampa.
Viva o povo brasileiro!!!",17,167,845
Bohn Gass,@BohnGass,https://twitter.com/BohnGass/status/1609641093313843206,2023-01-01T20:01:56.000Z,"O Brasil, agora, tem um presidente que é solidário com a dor de quem perdeu pessoas amadas na pandemia.",0,7,58
Bohn Gass,@BohnGass,https://twitter.com/BohnGass/status/1609630706996486144,2023-01-01T19:20:40.000Z,"Então, depois da fala de @LulaOficial, fica combinado atualizamos a palavra de ordem. Em lugar de ""ditadura nunca mais,  ""DEMOCRACIA PARA SEMPRE"".",2,20,91
Bohn Gass,@BohnGass,https://twitter.com/BohnGass/status/1609629363481317376,2023-01-01T19:15:20.000Z,"Também foi por ela. Por Marielle, símbolo das lutas contra a discriminação de raça, de gênero e de classe. Mulher, negra, periférica assassinada pelo ódio dos fascistas. Viva Lula! Viva Marielle!",2,49,328
Bohn Gass,@BohnGass,https://twitter.com/BohnGass/status/1609625972487213057,2023-01-01T19:01:51.000Z,"Posse oficializada. Agora, tudo o que @LulaOficial assinar será com a autoridade que o povo lhe conferiu, a de Presidente da República.",1,11,93
Bohn Gass,@BohnGass,https://twitter.com/BohnGass/status/1609622144438214656,2023-01-01T18:46:39.000Z,"De carro aberto, sim; de peito aberto, para dizer ao povo como será o novo governo. Viva a coragem de @LulaOficial!",1,14,83
Bohn Gass,@BohnGass,https://twitter.com/BohnGass/status/1609620781314588675,2023-01-01T18:41:14.000Z,"Está tudo no discurso de Lula. Respeito ao Meio Ambiente, à Cultura, aos Povos Originários, à Agricultura Familiar e à Cidadania que, segundo ele, é o outro nome da Democracia.",1,7,54
Bohn Gass,@BohnGass,https://twitter.com/BohnGass/status/1609617626703212544,2023-01-01T18:28:42.000Z,"""A Lei de Acesso à Informação voltará a ser cumprida"".@LulaOficial",1,20,718
Bohn Gass,@BohnGass,https://twitter.com/BohnGass/status/1609617229108359168,2023-01-01T18:27:07.000Z,"""Não seria justo, nem correto, pedir paciência a quem tem fome."" @LulaOficial em discurso de posse no Congresso.",0,18,73
Bohn Gass,@BohnGass,https://twitter.com/BohnGass/status/1609609706317701122,2023-01-01T17:57:13.000Z,Esperando Lula para a posso oficial no Congresso.,0,8,101
Bohn Gass,@BohnGass,https://twitter.com/BohnGass/status/1609562707325247488,2023-01-01T14:50:28.000Z,"Brasília, 01/01/2023. #PosseLulaPresidente",0,24,143
Bohn Gass,@BohnGass,https://twitter.com/BohnGass/status/1609558034380099584,2023-01-01T14:31:54.000Z,"Nunca, antes, na história desse país, um presidente foi eleito três vezes pelo povo. Só ele: @LulaOficial",8,33,225
Bohn Gass,@BohnGass,https://twitter.com/BohnGass/status/1609554532601827328,2023-01-01T14:17:59.000Z,Agora. A fila para ver a posse do @LulaOficial em Brasília. (só não é maior do que a do INSS arrebentado pelo Coiso).,0,20,148
Bohn Gass,@BohnGass,https://twitter.com/BohnGass/status/1609545679818432512,2023-01-01T13:42:48.000Z,"""Todos nós estamos tomando posse hoje"". Bonita a frase da @marciatiburi, agora há pouco no @brasil247. Aliás,   um viva ao 247, que foi resistência durante esses quatro anos de obscuridade.",6,29,229
Bohn Gass,@BohnGass,https://twitter.com/BohnGass/status/1609504840438120448,2023-01-01T11:00:31.000Z,1754 dias. Quem foi o o amigo de Bolsonaro que mandou matar Marielle? E por quê?,28,208,1.452
