nome,usuario,idTweet,dataPublicacao,texto,replies,retweets,likes
Gilberto Silva,@cabogilberto,https://twitter.com/cabogilberto/status/1620154270023843840,2023-01-30T20:17:33.000Z,"Empatamos, essa é a hora!
Faça sua parte, todo esforço pelo bem do Brasil é fundamental.
Já pediu votos contra Pacheco hoje? Unidos somos fortes.
O país irá vencer!!!
34x34 precisamos chegar em 41 votos de Senadores.",103,424,1.937
Gilberto Silva,@cabogilberto,https://twitter.com/cabogilberto/status/1620136343191027714,2023-01-30T19:06:19.000Z,Deputado Cabo Gilberto Silva se despede do mandato como o parlamentar mais produtivo da história da ALPB. Foram mais de 5 mil proposituras.http://sapl.al.pb.leg.br/sapl/consultas/parlamentar/parlamentar_mostrar_proc?cod_parlamentar=162…,7,13,168
Gilberto Silva,@cabogilberto,https://twitter.com/cabogilberto/status/1620127699120558080,2023-01-30T18:31:58.000Z,"A pressão popular está fazendo toda a diferença para decidir o novo presidente do Senado Federal.
O Senador Rodrigo Pacheco irá pagar pela omissão durante sua gestão.@GayerGus parabéns pela mobilização @_AlessandroSE obrigado por votar em @rogeriosmarinho iremos vencer 💪💪💪",10,44,157
Gilberto Silva,@cabogilberto,https://twitter.com/cabogilberto/status/1620105866967126016,2023-01-30T17:05:13.000Z,"Mais aumento, nada de promessas de campanha, o país caminha a passos largos para o caos.",24,37,210
Gilberto Silva,@cabogilberto,https://twitter.com/cabogilberto/status/1620096074454302722,2023-01-30T16:26:18.000Z,"Ministro de Lula usou R$ 5 milhões do orçamento secreto para beneficiar a própria fazenda no Maranhão.
Juscelino Filho destinou R$ 50 milhões em emendas sigilosas; parte foi para prefeitura da irmã, que contratou empresário preso por corrupção e seu ‘conhecido’ de longa data.",11,59,181
Gilberto Silva,@cabogilberto,https://twitter.com/cabogilberto/status/1620077430437466115,2023-01-30T15:12:13.000Z,"Vamos organizar uma frente parlamentar em defesa da transposição do Rio São Francisco.
Iremos no local fazer a fiscalização!
Denúncia gravíssima.",23,103,374
Gilberto Silva,@cabogilberto,https://twitter.com/cabogilberto/status/1620077025150246912,2023-01-30T15:10:37.000Z,"Faltam dois dias para a decisiva votação da presidência do Senado Federal e o futuro do Brasil, precisamos tirar o Pacheco do poder, pelo bem da população!",17,53,175
Gilberto Silva,@cabogilberto,https://twitter.com/cabogilberto/status/1620062514909446149,2023-01-30T14:12:57.000Z,"Faltam dois dias para definir o novo presidente do Senado Federal, conseguirmos mais um voto!
Essa é a nossa maior missão no momento!",43,120,513
Gilberto Silva,@cabogilberto,https://twitter.com/cabogilberto/status/1620029472098623491,2023-01-30T12:01:39.000Z,Me despeço do mandato de deputado estadual que me foi confiado pelos paraibanos.,13,19,167
Gilberto Silva,@cabogilberto,https://twitter.com/cabogilberto/status/1620004801466728454,2023-01-30T10:23:37.000Z,"Vamos compartilhar como nunca e mostrar a nossa força!
Só faltam dois dias, precisamos chegar a 1 milhão de assinaturas.

PACHECO NÃO! - Assine a petição! https://chng.it/W86pXrpx via @change_br",106,1.285,2.162
Gilberto Silva,@cabogilberto,https://twitter.com/cabogilberto/status/1620003824860794880,2023-01-30T10:19:44.000Z,"Faltam dois dias para a decisiva votação da presidência do Senado Federal e o futuro do Brasil, precisamos tirar o Pacheco do poder, pelo bem da população!
Entre no http://comovotasenador.com.br e saiba os senadores quem ainda não declararam seu voto.#PachecoNÃO",14,123,331
Gilberto Silva,@cabogilberto,https://twitter.com/cabogilberto/status/1619877592160698368,2023-01-30T01:58:08.000Z,"O consórcio de impresa feito para criar narrativas contra o governo BOLSONARO acabou já no início do governo Lula, com a sua chegada ao poder não se fala mais em COVID-19 no Brasil.
Eles estavam preocupados com a saúde do povo brasileiro 👍pode acreditar 🤡",7,66,269
Gilberto Silva,@cabogilberto,https://twitter.com/cabogilberto/status/1619851196218609665,2023-01-30T00:13:15.000Z,"A luta continua e nossa missão principal hoje é tirar Rodrigo Pacheco da presidência do senado. 
Cobre os senadores! http://comovotasenador.com.br",48,257,1.101
Gilberto Silva,@cabogilberto,https://twitter.com/cabogilberto/status/1619849726052159489,2023-01-30T00:07:24.000Z,#PachecoNAO,63,280,806
Gilberto Silva,@cabogilberto,https://twitter.com/cabogilberto/status/1619821201903456256,2023-01-29T22:14:04.000Z,"A força do povo brasileiro está surtindo efeito na eleição do Senado Federal, faltam apenas 03 dias!
Faça sua parte urgentemente, precisamos de 41 votos para vencermos, que Deus abençoe a nossa nação.",54,196,844
Gilberto Silva,@cabogilberto,https://twitter.com/cabogilberto/status/1619701160851701760,2023-01-29T14:17:03.000Z,"Deputado da ditadura Venezuelana denuncia que os índios Yanomanis em situação crítica nutricional, são oriundos da VENEZUELA!
Essa ditadura é parceira do Lula.",6,90,248
Gilberto Silva,@cabogilberto,https://twitter.com/cabogilberto/status/1619691685629558784,2023-01-29T13:39:24.000Z,"Pessoas inocentes foram presas, crianças, idosos foram tratados de forma desumana. Responderão por crime de terrorismo, inclusive. 
O que está acontecendo? Por qual razão a equipe de Lula além de temer por uma CPI agora estão mudando todo o discurso?
+",12,57,252
Gilberto Silva,@cabogilberto,https://twitter.com/cabogilberto/status/1619669801483501568,2023-01-29T12:12:27.000Z,"Quem são os ministros do STF e quem os indicou.
Todos esses são responsáveis pela instabilidade da nossa democracia e insegurança jurídica.
A ditadura da toga só está acontecendo porque os demais são omissos e cúmplices com o desrespeito a Constituição Federal.",7,31,102
Gilberto Silva,@cabogilberto,https://twitter.com/cabogilberto/status/1619667868794355713,2023-01-29T12:04:46.000Z,"Ministros do STF pedem voto para a eleição mais importante da história do Senado Federal?
Pode isso ?
Mais do que nunca precisamos nos unir, para derrotar o senador Rodrigo Pacheco.
Ele é o candidato de Lula e do STF?
Todos os dias peça voto contra Pacheco, faltam 3 dias apenas!",115,267,785
Gilberto Silva,@cabogilberto,https://twitter.com/cabogilberto/status/1619666494782337025,2023-01-29T11:59:18.000Z,"Mais um indício que a nossa democracia não está funcionando!
Ministros do STF interferindo na eleição da presidência do senado federal ?",408,1.421,3.336
Gilberto Silva,@cabogilberto,https://twitter.com/cabogilberto/status/1619660399741399045,2023-01-29T11:35:05.000Z,Será que ê a picanha que chegou para o PT ?😂😂😂,17,28,177
Gilberto Silva,@cabogilberto,https://twitter.com/cabogilberto/status/1619454879499714560,2023-01-28T21:58:25.000Z,"O interventor do DF acusa a polícia militar de ter falhado no dia 08.
Lógico que seria esse o seu relatório. 
Relatório tendencioso para tirar a culpa do governo lula e do seu ministro da justiça Flávio Dino comunista de carteirinha.
Respeite a PMDF, fale a verdade.",7,46,212
Gilberto Silva,@cabogilberto,https://twitter.com/cabogilberto/status/1619454237846671363,2023-01-28T21:55:52.000Z,"PGR se manifesta contra a suspensão de parlamentares a pedido do ministro do STF.
Ação foi protocolada no STF por advogados ligados ao PT.
Ação como essa sem nenhuma base legal deveria ser arquivada de imediato, mas para haver o desgate acontece todos esses alardes.",6,26,133
Gilberto Silva,@cabogilberto,https://twitter.com/cabogilberto/status/1619440462229823489,2023-01-28T21:01:08.000Z,Um malabarismo retórico que só a Folha de São Paulo consegue fazer. Chega a ser inacreditável a cara de pau!,3,30,123
Gilberto Silva,@cabogilberto,https://twitter.com/cabogilberto/status/1619387530151100416,2023-01-28T17:30:48.000Z,"Com a transferência de Marcola líder do PCC a Brasília, feita pelo governo Lula, qual ministério você acha que ele vai ocupar ?",20,14,46
Gilberto Silva,@cabogilberto,https://twitter.com/cabogilberto/status/1619290271250010119,2023-01-28T11:04:20.000Z,"A eleição da presidência do Senado Federal não é sobre a união de Pacheco com Lula e o PT vai muito Além.
A traição de Pacheco a constituição, está levando o país ao caos, são fatos concretos da sua omissão no equilíbrio dos poderes da república.
O Brasil vive seu pior momento.",18,122,421
Gilberto Silva,@cabogilberto,https://twitter.com/cabogilberto/status/1619287315167444992,2023-01-28T10:52:35.000Z,"A pressão popular está surtindo efeito na eleição do Senado Federal.
O senador Rodrigo Pacheco está desesperado com sua impopularidade.
Até a próxima quarta-feira, vamos focar 100% nessa missão.
Se Pacheco ganhar, teremos dias piores pela frente, com a sua omissão e prevaricação!",79,435,1.138
Gilberto Silva,@cabogilberto,https://twitter.com/cabogilberto/status/1618928958904614919,2023-01-27T11:08:36.000Z,😂😂😂😂😂😂,7,40,201
Gilberto Silva,@cabogilberto,https://twitter.com/cabogilberto/status/1618925275852722179,2023-01-27T10:53:58.000Z,"Qual sua opinião ? 
A minha será:
Ministro da Segurança Pública.",49,47,220
Gilberto Silva,@cabogilberto,https://twitter.com/cabogilberto/status/1618919338341466114,2023-01-27T10:30:22.000Z,"Se o Temer é 'golpista', Rodriguinho Pachequinho é o que?🤔Esse é o candidato a reeleição no senado federal, apoiado sabe por quem ?
Pelo PT 😂😂😂😂😂",12,63,165
Gilberto Silva,@cabogilberto,https://twitter.com/cabogilberto/status/1618650586177736704,2023-01-26T16:42:27.000Z,"O senador Rogério Marinho PL-RN ganha apoio do PP e Republicanos na disputa à presidência do Senado Federal.
Estamos com 30 votos contabilizados.
A mobilização popular fazendo efeito #PachecãoNão",122,690,2.258
Gilberto Silva,@cabogilberto,https://twitter.com/cabogilberto/status/1618422096174120962,2023-01-26T01:34:31.000Z,"O ministro do STF Alexandre de Morais multa o Telegram R$1,2 milhão por não bloquear o deputado mais votado do Brasil Nicolas Ferreira- PL MG.
Mais uma determinação que contraria a Constituição Federal.
O art 53 é atacado novamente.
Senadores da república, até quando ?",31,146,504
Gilberto Silva,@cabogilberto,https://twitter.com/cabogilberto/status/1618397244138590209,2023-01-25T23:55:46.000Z,"Precisamos unir toda a população brasileira nessa missão!

Falta uma semana. Na próxima quarta-feira dia 01/02/23 será a eleição mais importante do Senado Federal.

Conversem com os senadores dos 27 Estados de forma tranquila, educada, mostrando a necessidade de mudança!",26,70,232
Gilberto Silva,@cabogilberto,https://twitter.com/cabogilberto/status/1618335092690259969,2023-01-25T19:48:47.000Z,"Lula e Randolfe são contra CPI para apurar os verdadeiros criminosos do ato do dia 8 de janeiro. Crianças e idosos inocentes foram presos de forma desumana e covarde.
Iremos lutar para que a verdade venha a tona e os verdadeiros culpados sejam punidos.",17,50,180
Gilberto Silva,@cabogilberto,https://twitter.com/cabogilberto/status/1618281781022838785,2023-01-25T16:16:57.000Z,A UOL acaba de criar o “calote do bem”. Dá para acreditar?,36,99,439
Gilberto Silva,@cabogilberto,https://twitter.com/cabogilberto/status/1618226781512957957,2023-01-25T12:38:24.000Z,"A Força Nacional polícia do ministro Flávio Dino não fez nenhuma prisão durante atos de vandalismo em Brasília, mesmo ele sendo avisado antes e afirmado que viu a manifestação pela janela do prédio, o que ele fez ? Fechou a janela e esperou!
O ministro será preso ?",18,72,280
Gilberto Silva,@cabogilberto,https://twitter.com/cabogilberto/status/1618225370347753478,2023-01-25T12:32:48.000Z,"O até então invicto exército brasileiro, traiu o povo brasileiro pela primeira vez em 1889 quando derrubou Dom Pedro II.
Perdeu a invencibilidade nos últimos dias, e traindo o povo novamente entregando para os leões. A história não irá perdoar os traidores da pátria.",18,50,306
Gilberto Silva,@cabogilberto,https://twitter.com/cabogilberto/status/1618219038223773697,2023-01-25T12:07:38.000Z,"Teremos a escolha do presidente do Senado Federal mais importante da história do Brasil.
O nosso país precisa dar uma resposta urgentemente a crise dos três poderes.
Só com um novo presidente teremos esperança.
Converse com todos os senadores de forma educada consiga seu voto.",9,21,115
Gilberto Silva,@cabogilberto,https://twitter.com/cabogilberto/status/1618013039365873666,2023-01-24T22:29:04.000Z,"A desmoralização das forças armadas continua a todo vapor!
Novo comandante do Exército suspende nomeação do TC Cid  ex-assessor de Bolsonaro feita no início do ano passado como determina a força independentemente de quem for o presidente.
Onde fica a instituição de Estado ?",38,132,528
Gilberto Silva,@cabogilberto,https://twitter.com/cabogilberto/status/1617948221116133376,2023-01-24T18:11:30.000Z,O brasileiro vai ter que trabalhar o dobro para bancar boa vida de artistas.,12,70,275
Gilberto Silva,@cabogilberto,https://twitter.com/cabogilberto/status/1617945261296472064,2023-01-24T17:59:44.000Z,"Primeiro aumento do preço da gasolina no governo Lula.
Mais uma promessa que ficou só na campanha 🤡🤡🤡",11,35,150
Gilberto Silva,@cabogilberto,https://twitter.com/cabogilberto/status/1617938504272732160,2023-01-24T17:32:53.000Z,"Não basta pagar um dos impostos mais caros do mundo, o brasileiro agora vai trabalhar para financiar ditaduras na América Latina.
O seu dinheiro vai ser usado para bancar miséria e fome, mas, há quem diga que o AMOR venceu.",10,44,193
Gilberto Silva,@cabogilberto,https://twitter.com/cabogilberto/status/1617851494065410058,2023-01-24T11:47:09.000Z,"Opinião Popular - Quem deve ser o presidente do Senado em 2023?

Vamos mostrar a nossa força como nunca, pelo bem do Brasil 🇧🇷 

Rodrigo Pacheco PSD-MG
Eduardo Girão POD -CE
Rogério Marinho PL-RN",3.946,1.148,3.931
Gilberto Silva,@cabogilberto,https://twitter.com/cabogilberto/status/1617709115110985728,2023-01-24T02:21:23.000Z,"Denúncia gravíssima!!!
Por isso é importante uma CPI.
O povo precisa saber toda a verdade.
O Brasil quer respostas.

O que temos de concreto até agora:

1- O ministro da justiça foi informado dos ataques pela ABIN.
2-Lula não quer CPI.",4,63,163
Gilberto Silva,@cabogilberto,https://twitter.com/cabogilberto/status/1617667361334792192,2023-01-23T23:35:28.000Z,"Vamos unir todos os esforços do povo brasileiro para afastar Rodrigo Pacheco da presidência do Senado Federal. 

Vamos marcar os senadores de todo Brasil. 

Só através da mobilização popular, junto aos senadores de cada estado da federação, conseguiremos defender o Brasil.",34,424,790
Gilberto Silva,@cabogilberto,https://twitter.com/cabogilberto/status/1617652267754352642,2023-01-23T22:35:29.000Z,Agora sim entendi 🤡🤡🤡,9,18,113
Gilberto Silva,@cabogilberto,https://twitter.com/cabogilberto/status/1617640849772535808,2023-01-23T21:50:07.000Z,"Mas o importante é que o amor venceu! Faz o L aí! 
Os defensores das universidades irão aparecer e defender o DEScondenado ?",18,160,338
Gilberto Silva,@cabogilberto,https://twitter.com/cabogilberto/status/1617595802339115026,2023-01-23T18:51:07.000Z,"Se Lula é tão humano, tão generoso como estão falando na imprensa, ele deveria então realocar os R$ 10bi da Rounet e fazer essa ação humanitária para com os índios yanomamis em Roraima. Seria prudente, viraria um herói dos povos indígenas do Brasil.
E aí, @LulaOficial ?",22,63,233
Gilberto Silva,@cabogilberto,https://twitter.com/cabogilberto/status/1617594719827001359,2023-01-23T18:46:49.000Z,"Mais uma bizarrice desse governo. Desta vez, o “assassinato” da língua portuguesa. Inacreditável!",3,32,128
Gilberto Silva,@cabogilberto,https://twitter.com/cabogilberto/status/1617575339420692481,2023-01-23T17:29:48.000Z,"O banho de sangue que a Paraíba enfrenta é a falta de atenção do senhor governador com a segurança pública que está trabalhando literalmente na UTI.
A tendência é piorar infelizmente!
Mais um final de semana violento, sem efetivo policial e sem condições de trabalho!",2,13,84
Gilberto Silva,@cabogilberto,https://twitter.com/cabogilberto/status/1617546194393219072,2023-01-23T15:33:59.000Z,E tudo isso é pago com o nosso dinheiro!,5,15,65
Gilberto Silva,@cabogilberto,https://twitter.com/cabogilberto/status/1617534128689410048,2023-01-23T14:46:03.000Z,"Moeda única na América do Sul não irá ajudar em nada a nossa economia, irá prejudicar o nosso país, iremos lutar muito como parlamentar para evitar esse grande equívoco do governo do DEScondenado Lula e sua trupe.",7,25,181
Gilberto Silva,@cabogilberto,https://twitter.com/cabogilberto/status/1617525817541816329,2023-01-23T14:13:01.000Z,"Os YANOMAMIS, a maioria deles é da Venezuela do ditador Maduro aliado do PT, e estão passando FOME.
O que o governo Dilmo 5 faz?
10 bilhões para artistas
5 milhões para Cláudia Raia
Não dá aumento do salário mínimo
Inclui o pobre no Imposto de Renda🤡",29,90,339
Gilberto Silva,@cabogilberto,https://twitter.com/cabogilberto/status/1617112126417506305,2023-01-22T10:49:10.000Z,"O banho de sangue que a Paraíba enfrenta é a falta de atenção do senhor governador com a segurança pública que está trabalhando literalmente na UTI.
A tendência é piorar infelizmente!
Mais uma final de semana violento, sem efetivo policial e sem condições de trabalho!",19,64,296
Gilberto Silva,@cabogilberto,https://twitter.com/cabogilberto/status/1616994736887283712,2023-01-22T03:02:42.000Z,"Olha como Lula é covarde:
Atribui a mudança no comando do exército a postura do general Arruda nos atos de vandalismo do dia 08.
E o comandante do GSI que tem a responsabilidade de proteger o palácio do planalto e foi avisado antes, como fica ? Lula sabia de tudo ? Estranho…",26,209,741
Gilberto Silva,@cabogilberto,https://twitter.com/cabogilberto/status/1616963494368415744,2023-01-22T00:58:33.000Z,"Que foto linda 😻 General, que alegria em um sorriso sincero!
O DEScondenado Lula tem muito respeito às forças armadas brasileiras, é verdade pode acreditar 🤡",64,90,372
Gilberto Silva,@cabogilberto,https://twitter.com/cabogilberto/status/1616864473826095104,2023-01-21T18:25:05.000Z,"General Tomás é o novo comandante do exército, ele fez um discurso defendendo que o Brasil vive uma “normalidade”democrática e que tudo está em seu devido lugar, a constituição está sendo respeitada 🤡 etc. parabéns pela promoção. Selva 🇧🇷",2.506,1.228,5.102
Gilberto Silva,@cabogilberto,https://twitter.com/cabogilberto/status/1616848852379701249,2023-01-21T17:23:00.000Z,"Pelo bem do Brasil, o Senador Rodrigo Pacheco não pode ser reeleito. 
Sua omissão levou o país para o Estado de exceção, censura,
campo de concentração do lula.
Prisões ilegais.
Destruição do ordenamento jurídico. 
Não existe mais o devido processo legal.
Caos total.",34,170,458
Gilberto Silva,@cabogilberto,https://twitter.com/cabogilberto/status/1616783211278778372,2023-01-21T13:02:10.000Z,"Com a desvalorização da nossa moeda, a inflação vai aumentar e o povo irá sofrer com o preço dos alimentos, principalmente os mais humildes.",6,48,179
Gilberto Silva,@cabogilberto,https://twitter.com/cabogilberto/status/1616764933152165889,2023-01-21T11:49:32.000Z,"Desgoverno Lula libera um bilhão de reais da lei Rouanet para os artistas que trabalharam para ele.
“Cumprindo” mais uma promessa de campanha e tirando milhões da pobreza e repassando para os globais 🤡",9,72,299
Gilberto Silva,@cabogilberto,https://twitter.com/cabogilberto/status/1616570266951323648,2023-01-20T22:56:00.000Z,"Perguntar não ofende: 
Como um país tem 120 milhões de pessoas passando fome e destina 10 bilhões somente para a cultura? Como um governo não tem 18 reais para aumentar o salário mínimo e dar mais de 5 milhões apenas para uma pessoa ? Ah! Já sei, é atriz da Globo, pode né?",9,59,218
Gilberto Silva,@cabogilberto,https://twitter.com/cabogilberto/status/1616564773243453443,2023-01-20T22:34:10.000Z,"A Paraíba recebeu todos os governadores do Consórcio do Nordeste!
Será que vão devolver os R$50 milhões do povo Nordestino ? 
Da aquisição superfaturada de respiradores comprados na loja que vende maconha, e que nunca chegaram para salvar vidas ?
Até hoje ninguém foi preso!",4,29,134
Gilberto Silva,@cabogilberto,https://twitter.com/cabogilberto/status/1616512540732985344,2023-01-20T19:06:37.000Z,So falta fazer a do DEScondenado Lula 🤡🤡,74,32,171
Gilberto Silva,@cabogilberto,https://twitter.com/cabogilberto/status/1616448865883799552,2023-01-20T14:53:36.000Z,"Assumiremos o mandato de deputado federal em 01 de fevereiro, mesmo no Estado de exceção que vivemos, farei tudo que for possível para o desgoverno Lula explicar os atos de vandalismo do último dia 08.
Houve negligência? Foi armação?
Quem foi beneficiado com esses atos?",26,56,325
Gilberto Silva,@cabogilberto,https://twitter.com/cabogilberto/status/1616445279980457992,2023-01-20T14:39:21.000Z,"A PGR já pediu p investigar 3 deputados de oposição, o próprio presidente BOLSONARO e aliados sobre os atos de vandalismo do último dia 08.
Quando a PGR irá pedir p investigar o governo Lula sobre os mesmos atos?
Imparcialidade??",9,95,461
Gilberto Silva,@cabogilberto,https://twitter.com/cabogilberto/status/1616415500409671680,2023-01-20T12:41:01.000Z,"Lula quer aumentar a arrecadação dos sindicatos, por isso critica o empreendedor individual. Falta de aviso não foi!",25,167,423
Gilberto Silva,@cabogilberto,https://twitter.com/cabogilberto/status/1616270498161364994,2023-01-20T03:04:50.000Z,"Aviões da FAB são usados por ministros de Lula sem agenda oficial. 
Será que chegaremos no final do mês com tanta notícia ruim ?
Essa culpa eu não carrego, todos já sabiam do desgoverno que seria o PT no comando do país, agora é só fazer o L 🤡",61,108,533
Gilberto Silva,@cabogilberto,https://twitter.com/cabogilberto/status/1616209736994795520,2023-01-19T23:03:23.000Z,Perguntar não ofende: como um país tem 120 milhões de pessoas passando fome e destina 10 bilhões somente para a cultura?🤔,250,1.786,6.781
Gilberto Silva,@cabogilberto,https://twitter.com/cabogilberto/status/1616171795131891712,2023-01-19T20:32:37.000Z,Nada é por acaso…,34,258,862
Gilberto Silva,@cabogilberto,https://twitter.com/cabogilberto/status/1616159594383818760,2023-01-19T19:44:08.000Z,"A atriz Cláudia Raia, recebeu a autorização para captação de mais de R$ 5 milhões de reais via Lei Rouanet.
O seu dinheiro voltando a bancar boa vida de artistas. Mas o importante é que o amor venceu!🥰",59,135,424
Gilberto Silva,@cabogilberto,https://twitter.com/cabogilberto/status/1616091828947755010,2023-01-19T15:14:52.000Z,A farra com o nosso dinheiro está de volta! Vamos voltar a bancar boa vida de artistas que enriqueceram com o dinheiro público. A mamata voltou!,18,104,255
Gilberto Silva,@cabogilberto,https://twitter.com/cabogilberto/status/1616062576541982721,2023-01-19T13:18:37.000Z,Será que iremos aguentar chegar ao final do ano com esse desgoverno??,49,78,299
Gilberto Silva,@cabogilberto,https://twitter.com/cabogilberto/status/1616060415753986049,2023-01-19T13:10:02.000Z,"Ministros do desgoverno Lula desrespeitam o próprio país em viagens internacionais.
Haddad diz para não comprar em empresas quem pensam diferente politicamente.
Marina Silva diz que temos 120 milhões de miseráveis.
Um absurdo essas declarações.
Agora é só fazer o L 🤡",9,19,103
Gilberto Silva,@cabogilberto,https://twitter.com/cabogilberto/status/1615852702088445953,2023-01-18T23:24:39.000Z,A pressão do povo brasileiro está surtindo efeito para a vitória de Rogério Marinho como presidente do Senado Federal.#PachecoNÃO,146,693,1.985
Gilberto Silva,@cabogilberto,https://twitter.com/cabogilberto/status/1615842267130130432,2023-01-18T22:43:12.000Z,"O senador Rodrigo Pacheco deixou o advogado-geral do Senado à disposição de Jorge Kajuru para que ele se defendesse no STF. Kajuru fez esse relato em entrevista na segunda-feira. Gravíssima acusação!
Pelo bem do Brasil, Não a reeleição de Pacheco.",184,1.427,4.948
Gilberto Silva,@cabogilberto,https://twitter.com/cabogilberto/status/1615732648550465536,2023-01-18T15:27:36.000Z,Acabou o amor?,11,12,110
Gilberto Silva,@cabogilberto,https://twitter.com/cabogilberto/status/1615706174082490368,2023-01-18T13:42:24.000Z,Estamos muito ferrados com esse ministro da economia! Credibilidade e competência 0!,18,75,293
Gilberto Silva,@cabogilberto,https://twitter.com/cabogilberto/status/1615537509550678018,2023-01-18T02:32:12.000Z,"Haddad fala em boicotar empresas que apoiam a direita no Brasil. 
Será que o STF dará 24h para que o mesmo possa explicar como um Ministro da Economia sugere boicotar as empresas do seu próprio país?",61,160,467
Gilberto Silva,@cabogilberto,https://twitter.com/cabogilberto/status/1615496177750777856,2023-01-17T23:47:57.000Z,"Essa foto aparece com mais definição, ele aparece quebrando o relógio dentro do Palácio do Planalto, a hora marcada é de 12:30 esse criminoso precisa ser preso o quanto antes, para explicar toda sua ação, principalmente o horário que aparece dentro do planalto.",23,67,206
Gilberto Silva,@cabogilberto,https://twitter.com/cabogilberto/status/1615336943050539009,2023-01-17T13:15:13.000Z,"A votação para a Presidência do Senado e Câmara são secretas, o mais justo e correto é que os parlamentares declarem seus votos. 
O povo tem o direito de saber como cada parlamentar irá votar, afinal, fomos eleitos para atender os anseios da população. 

NÃO AO VOTO SECRETO!",56,306,629
Gilberto Silva,@cabogilberto,https://twitter.com/cabogilberto/status/1615329518599958529,2023-01-17T12:45:43.000Z,"Pelo bem do Brasil, #PachecoNuncaMais",99,214,593
Gilberto Silva,@cabogilberto,https://twitter.com/cabogilberto/status/1615159757425496065,2023-01-17T01:31:09.000Z,"Precisamos de uma reposta do governo Lula.
Em 16 dias de desgoverno tanta coisa ruim aconteceu no Brasil.
Faremos a nossa parte como parlamentar solicitando aos órgãos competentes para resolverem o quanto antes.",209,987,2.580
Gilberto Silva,@cabogilberto,https://twitter.com/cabogilberto/status/1615062193585938432,2023-01-16T19:03:28.000Z,O que podemos esperar de uma ministra acusada de envolvimento com milicianos?,17,69,185
Gilberto Silva,@cabogilberto,https://twitter.com/cabogilberto/status/1615025377377947648,2023-01-16T16:37:10.000Z,Pai dos pobres ou pai dos bandidos?,36,107,294
Gilberto Silva,@cabogilberto,https://twitter.com/cabogilberto/status/1615010838993317889,2023-01-16T15:39:24.000Z,"O trabalhador passará 30 dias para receber R$1302 reais, não teve o aumento prometido por Lula na campanha politica, enganou muita gente.
Já o auxílio reclusão foi reajustado pelo governo R$1754 reais, o amor venceu 😍 faz o L 🤡",120,356,1.129
Gilberto Silva,@cabogilberto,https://twitter.com/cabogilberto/status/1615009016400281601,2023-01-16T15:32:09.000Z,"O pai dos pobres gosta tanto de pobre que vai colocá-los para pagar imposto de renda.
Os pobres no governo do DEScondenado Lula estão chiques e pagando até imposto de renda, agora é só fazer o L que passa 🤡",11,26,113
Gilberto Silva,@cabogilberto,https://twitter.com/cabogilberto/status/1614984609015664641,2023-01-16T13:55:10.000Z,"Quer saber quem são os senadores que votarão a favor de Rodrigo Pacheco? Acesse o site http://comovotasenador.com.br e vamos pressionar esses senadores.
Votar em Pacheco é votar contra os brasileiros!",36,129,453
Gilberto Silva,@cabogilberto,https://twitter.com/cabogilberto/status/1614980052722008065,2023-01-16T13:37:04.000Z,Este homem foi filmado destruindo objetos no interior do Palácio do Planalto. Compartilhe até descobrirmos quem é.,391,2.817,5.939
Gilberto Silva,@cabogilberto,https://twitter.com/cabogilberto/status/1614974463355027458,2023-01-16T13:14:51.000Z,"O povo brasileiro não quer Rodrigo Pacheco como presidente do Senado.
Acessem o site http://comovotasenador.com.br e vamos pressionar um por um! Quem vota a favor de Pacheco, vota contra os brasileiros!",14,65,261
Gilberto Silva,@cabogilberto,https://twitter.com/cabogilberto/status/1614958260301467648,2023-01-16T12:10:28.000Z,"Lembrando que os senadores que votarem a favor do Pacheco, está votando a favor de Lula e CONTRA os brasileiros.",94,301,859
Gilberto Silva,@cabogilberto,https://twitter.com/cabogilberto/status/1614767688135442433,2023-01-15T23:33:12.000Z,#foraRodrigoPacheco o senhor não tem as mínimas condições de permanecer na frente do Congresso Nacional.,62,328,1.419
Gilberto Silva,@cabogilberto,https://twitter.com/cabogilberto/status/1614767432253440001,2023-01-15T23:32:11.000Z,"O DEScondenado Lula cumpriu sua primeira promessa de campanha, é picanha 🥩 da boa, pode acreditar 🤡🤡🤡",13,50,219
Gilberto Silva,@cabogilberto,https://twitter.com/cabogilberto/status/1614707827834224640,2023-01-15T19:35:20.000Z,"Eleição do Congresso Nacional.
A votação é no dia 01/02/23
Rodrigo Pacheco 35 
Outro candidato 22
Indefinidos 24
Marque os senadores!",198,344,940
Gilberto Silva,@cabogilberto,https://twitter.com/cabogilberto/status/1614699937379270656,2023-01-15T19:03:59.000Z,"O DEScondenado Lula proíbe seus próprios ministros de entrar com celular no gabinete no Palácio do Planalto.
Deve ser o números de processos que eles respondem, será ?",11,44,256
Gilberto Silva,@cabogilberto,https://twitter.com/cabogilberto/status/1614698574255689728,2023-01-15T18:58:34.000Z,"Mais um domingo do ano sem picanha!
15 dias de espera!! Faz o L 🤡",20,131,272
Gilberto Silva,@cabogilberto,https://twitter.com/cabogilberto/status/1614408523084881928,2023-01-14T23:46:00.000Z,"FAKE NEWS sobre aumento aos profissionais da Segurança Pública, a máquina de propaganda do governador passou todo o dia de hoje faltando com a verdade ao povo paraibano. Tivemos foi redução do salário do ano passado para esse.
Inacreditável, já é hora do movimento polícia legal.",4,22,122
Gilberto Silva,@cabogilberto,https://twitter.com/cabogilberto/status/1613996559829716992,2023-01-13T20:29:01.000Z,"Troque a camisa pela da CUT, MST ou MTST e veja a mágica acontecer.",34,88,252
Gilberto Silva,@cabogilberto,https://twitter.com/cabogilberto/status/1613903521036005376,2023-01-13T14:19:18.000Z,Comunista usando a Bíblia é muita cara de pau!,28,27,84
Gilberto Silva,@cabogilberto,https://twitter.com/cabogilberto/status/1613865178784751621,2023-01-13T11:46:57.000Z,Quem não sabia que todo aquele teatro da Janja era para gastar dinheiro público a seu bel prazer?,17,65,220
Gilberto Silva,@cabogilberto,https://twitter.com/cabogilberto/status/1613864263667355648,2023-01-13T11:43:19.000Z,"Há 90 anos, em 27 de fevereiro de 1933, Hitler mandou atear fogo no Reichstag (parlamento alemão). 
O ato atribuído a comunistas a época serviu para ampliar os poderes de Hitler, ampliar a violência da ditadura Nazista exterminar os judeus e a oposição em defesa da “democracia”.",7,83,212
Gilberto Silva,@cabogilberto,https://twitter.com/cabogilberto/status/1613732079367520256,2023-01-13T02:58:04.000Z,"Governador da Paraíba o Sr João Azevedo passou 4 anos e não fez um concurso para a Polícia Militar, mesmo sabendo do déficit de efetivo para atender a sociedade.
Mesmo assim envia militares para Brasília e deixa a nossa situação pior ainda, a violência reina no Estado.",7,30,188
Gilberto Silva,@cabogilberto,https://twitter.com/cabogilberto/status/1613694521597911041,2023-01-13T00:28:49.000Z,"Originalmente, a Constituição Federal de 1988 e as constituições estaduais não permitiam o afastamento de governador sem aval do Legislativo.
Mais uma interferência?
Para mudar isso, naturalmente precisaria passar pelo omisso congresso brasileiro.
Democracia?",10,53,186
Gilberto Silva,@cabogilberto,https://twitter.com/cabogilberto/status/1613692409270910979,2023-01-13T00:20:25.000Z,"Haddad ministro do DEScondenado Lula propõe pacote fiscal e fala sobre a volta de impostos sobre combustíveis.
Quando a gasolina aumentar é só fazer o L.",6,27,233
Gilberto Silva,@cabogilberto,https://twitter.com/cabogilberto/status/1613673629773971458,2023-01-12T23:05:48.000Z,Por que Lula não quer investigação?,334,1.152,2.947
Gilberto Silva,@cabogilberto,https://twitter.com/cabogilberto/status/1613668646915555330,2023-01-12T22:46:00.000Z,O tiro saiu pela culatra. Mais uma narrativa jogada por terra.,16,31,176
Gilberto Silva,@cabogilberto,https://twitter.com/cabogilberto/status/1613668475406254080,2023-01-12T22:45:19.000Z,O Brasil não é um país sério!,12,33,102
Gilberto Silva,@cabogilberto,https://twitter.com/cabogilberto/status/1613663123277504513,2023-01-12T22:24:03.000Z,Efeito faz o L 🤡,16,31,219
Gilberto Silva,@cabogilberto,https://twitter.com/cabogilberto/status/1613638129260404751,2023-01-12T20:44:44.000Z,"Perseguidos políticos no Brasil em pleno século 21.

Parlamentares de oposição sendo perseguidos pelo sistema aliado do DEScondenado Lula com o único intuito de calar as vozes contrárias ao governo. 

Eles podem tudo literalmente!",3,31,96
Gilberto Silva,@cabogilberto,https://twitter.com/cabogilberto/status/1613541506832375810,2023-01-12T14:20:48.000Z,Governo Lula revela gastos do cartão corporativo e quebra a cara; Petista e Dilma são os que mais gastaram da história.😂😂😂😂😂,26,324,1.486
Gilberto Silva,@cabogilberto,https://twitter.com/cabogilberto/status/1613529193765298176,2023-01-12T13:31:52.000Z,"Infelizmente todo o povo brasileiro irá sofrer com o derretimento da nossa economia, em tão pouco tempo já perdemos tanto 🥲🥲",8,26,115
Gilberto Silva,@cabogilberto,https://twitter.com/cabogilberto/status/1613527479716646912,2023-01-12T13:25:03.000Z,"Parlamentares de oposição sendo perseguidos pelo sistema a mando de Lula com o único intuito de calar as vozes contrárias ao governo. Um país que permite isso, prova que a democracia não está saudável.
Minha solidariedade aos deputados vítimas de perseguição política.",10,61,308
Gilberto Silva,@cabogilberto,https://twitter.com/cabogilberto/status/1613525391808909312,2023-01-12T13:16:45.000Z,"Petrobras perde R$ 12,7 bilhões na primeira semana de Lula no poder.
A estatal perdeu R$ 12,667 bilhões em valor de mercado, segundo o Ibovespa, principal índice acionário do país.
É só fazer o L 🤡",2,27,169
Gilberto Silva,@cabogilberto,https://twitter.com/cabogilberto/status/1613524363302653955,2023-01-12T13:12:40.000Z,Faz o L que passa 🤡,8,65,224
Gilberto Silva,@cabogilberto,https://twitter.com/cabogilberto/status/1613504593404600320,2023-01-12T11:54:07.000Z,"Como eu dispenso o reforço da guarda do planalto 20 horas antes da invasão, se fui avisado antecipadamente das manifestações?

Universitários me ajudem a encontrar a resposta, não está fechando essa conta!",25,196,716
Gilberto Silva,@cabogilberto,https://twitter.com/cabogilberto/status/1613503839902089218,2023-01-12T11:51:07.000Z,"O GSI é subordinado a quem ?
O governador do DF afastado de forma inédita ?
O Secretário de Segurança Anderson Torres que foi decretada sua prisão e busca e apreensão em sua casa ?
Deixa eu ver, o Comandante Geral da PMDF que foi preso ?
BOLSONARO ? 
Tem algo errado aí 🧐",9,107,264
Gilberto Silva,@cabogilberto,https://twitter.com/cabogilberto/status/1613496218520272898,2023-01-12T11:20:50.000Z,"Mais uma comparação com fatos, não com narrativas, agora é só fazer o L. O pai dos pobres obrigando a pagar mais impostos!",13,134,292
Gilberto Silva,@cabogilberto,https://twitter.com/cabogilberto/status/1613178750757109762,2023-01-11T14:19:20.000Z,"A ministra do Esporte, Ana Moser, considera que esportes eletrônicos - os jogos de videogame disputados competitivamente - não são esportes e, por isso, não investirá neste segmento.
FAZ O L 🤡",18,34,115
Gilberto Silva,@cabogilberto,https://twitter.com/cabogilberto/status/1613012129405075458,2023-01-11T03:17:14.000Z,"A comissão formada por parlamentares é impedida de entrar no campo de concentração do Lula em Brasília.
As prerrogativas dos deputados federais sendo rasgadas mais uma vez. “Parabéns” aos deputados que rasgaram a constituição na prisão ilegal de um parlamentar!",57,556,1.378
Gilberto Silva,@cabogilberto,https://twitter.com/cabogilberto/status/1613010240697675778,2023-01-11T03:09:44.000Z,Lula quebra o pacto de Genebra ao manter um campo de concentração do Brasil.,723,4.647,"22,6 mil"
Gilberto Silva,@cabogilberto,https://twitter.com/cabogilberto/status/1612994571251904514,2023-01-11T02:07:28.000Z,"Imaginem se fosse eu que falasse isso aqui:
Resultado: Seria preso e “CONDENADO A CADEIRA ELÉTRICA”
Mas como foi uma comunista, tudo pode, é liberdade de expressão, o amor venceu!🥰😍",8,69,167
Gilberto Silva,@cabogilberto,https://twitter.com/cabogilberto/status/1612992638549983232,2023-01-11T01:59:47.000Z,"Esse é o comandante da PMDF que ficou ferido durante a depredação do patrimônio público no último domingo.

Resultado: Foi exonerado e preso!
Como uma pessoa trabalhando ariscando a vida prevaricou?
Mas uma prisão arbitrária, minha solidariedade a todos os militares de Brasília.",14,73,227
Gilberto Silva,@cabogilberto,https://twitter.com/cabogilberto/status/1612952127009062912,2023-01-10T23:18:48.000Z,"O Governador do DF foi afastado de uma canetada monocraticamente, o comandante da PM e o Delegado Anderson Torres foram presos.
O ministro Flávio Dino do PCdoB foi avisado antes pela Abin e nada fez, e continua solto!
Prisões só serve para um lado no Brasil, fato.",11,59,224
Gilberto Silva,@cabogilberto,https://twitter.com/cabogilberto/status/1612948900343685120,2023-01-10T23:05:59.000Z,Imagem chocante do campo de concentração do DEScondenado Lula.,104,930,1.880
Gilberto Silva,@cabogilberto,https://twitter.com/cabogilberto/status/1612947581390229504,2023-01-10T23:00:45.000Z,"Estamos vivendo em plena ditadura no Brasil, não existe mais estado de direito nem democracia, devido processo legal, e o ordenamento jurídico foi destruído. Só existe um poder, quem discordar terá a polícia federal na sua casa, isso serve para qualquer um brasileiro conservador",43,321,879
Gilberto Silva,@cabogilberto,https://twitter.com/cabogilberto/status/1612946488887238656,2023-01-10T22:56:24.000Z,"Aguardando a prisão do ministro da justiça Flavio Dino, ou não haverá imparcialidade?",14,123,428
Gilberto Silva,@cabogilberto,https://twitter.com/cabogilberto/status/1612865999597965328,2023-01-10T17:36:34.000Z,Em pleno século 21 o Brasil repete uma das cenas mais tristes da história da humanidade!,13,141,297
Gilberto Silva,@cabogilberto,https://twitter.com/cabogilberto/status/1612863838285697047,2023-01-10T17:27:59.000Z,"Estado de exceção provado!
Revogaram o artigo 304 e 306 do CPP
Não pode haver cerceamento de liberdade genérica por mais de 24 horas sem lavratura de flagrante.
Campo de concentração no Brasil em pleno século 21.",81,1.406,3.396
Gilberto Silva,@cabogilberto,https://twitter.com/cabogilberto/status/1612838698256662528,2023-01-10T15:48:05.000Z,"Prisões ilegais de vários brasileiros, são milhares, sem audiência de custódia sem o devido processo legal.
Estado de exceção.
Estamos trabalhando duro para ajudar.",20,51,243
Gilberto Silva,@cabogilberto,https://twitter.com/cabogilberto/status/1612833271611813888,2023-01-10T15:26:31.000Z,"Campo de concentração do Lula em Brasília 
Já morreram duas pessoas idosas passando fome e cede, segundo relatos!
Peço aos familiares dos mortos que façam vídeo sobre as mortes dos entes queridos para provar e evitar novas mortes.",16,92,222
Gilberto Silva,@cabogilberto,https://twitter.com/cabogilberto/status/1612807318189621252,2023-01-10T13:43:23.000Z,"Interventor acusa sem provas o Delegado da Polícia Federal Anderson torres de sabotar a segurança pública do DF.
Mais narrativas sendo criadas dia a dia.",17,69,255
Gilberto Silva,@cabogilberto,https://twitter.com/cabogilberto/status/1612798754033225728,2023-01-10T13:09:21.000Z,"Campo de concentração de Lula em Brasília.
O que está acontecendo no Brasil lembra muito a Alemanha da década de 1930.",22,65,153
Gilberto Silva,@cabogilberto,https://twitter.com/cabogilberto/status/1612790738667937792,2023-01-10T12:37:30.000Z,"Sem provas, o DEScondenado Lula acusa o agronegócio de terrorista e de promover o caos.
Lembrando ao povo brasileiro que o agronegócio foi o responsável por manter a nossa economia aquecida, no momento tão difícil da nossa história que foi a Pandemia de COVID-19.",85,1.135,3.272
Gilberto Silva,@cabogilberto,https://twitter.com/cabogilberto/status/1612636620745854976,2023-01-10T02:25:06.000Z,"URGENTE: 
Senador Marcos do Val diz que Lula e Flávio Dino sabiam que ataques iriam acontecer em Brasília e não tomaram as providências cabíveis.",25,163,511
Gilberto Silva,@cabogilberto,https://twitter.com/cabogilberto/status/1612564940992450561,2023-01-09T21:40:16.000Z,"Atitude equivocada Sr governador, a polícia da Paraíba está com um déficit jamais visto na história, esses homens farão muita falta ao povo paraibano, reveja essa determinação.",8,48,143
Gilberto Silva,@cabogilberto,https://twitter.com/cabogilberto/status/1612535511058358280,2023-01-09T19:43:19.000Z,"A democracia brasileira é sólida. Bolsonaro sempre agiram dentro da legalidade, no seu governoo Brasil não passou por esse tipo de problema. É preciso enfrentar esse momento com seriedade. Não podemos usar os fatos que aconteceram ontem para justificar qualquer medida arbitrária.",9,27,147
Gilberto Silva,@cabogilberto,https://twitter.com/cabogilberto/status/1612532643274301455,2023-01-09T19:31:56.000Z,"Até agora observei vários vídeos e imagens nas redes sociais da invasão aos poderes da república, que mostram muitos gritos de ""não quebrem, NÃO QUEBREM”tinha muita gente pacifica no meio, os infiltrados precisam ser identificados e punidos!!",7,21,149
Gilberto Silva,@cabogilberto,https://twitter.com/cabogilberto/status/1612527141953871872,2023-01-09T19:10:04.000Z,"Jair Bolsonaro está internado no AdventHealth Celebration, um hospital nas imediações de Orlando, na Flórida. 

Ele está com fortes dores abdominais.

Desde a cirurgia a que foi submetido depois da facada em setembro 2018, quando um ex-militante do PSOL tentou assassiná-lo.",33,29,135
Gilberto Silva,@cabogilberto,https://twitter.com/cabogilberto/status/1612437794072457217,2023-01-09T13:15:02.000Z,"Os brasileiros conseguiram um impeachment sem precisar quebrar absolutamente nada. De 2015 pra cá, a direita já esteve nas ruas se manifestando inúmeras vezes e nunca vimos atos de vandalismo e quebradeira.

É inadmissível culpar essas pessoas.",31,80,422
Gilberto Silva,@cabogilberto,https://twitter.com/cabogilberto/status/1612434473504706560,2023-01-09T13:01:50.000Z,"Tenha responsabilidade, o Sr quer uma guerra civil ?",11,10,104
Gilberto Silva,@cabogilberto,https://twitter.com/cabogilberto/status/1612298498640343042,2023-01-09T04:01:31.000Z,"O ministro do STF Alexandre de Moraes acaba de afastar Ibaneis, governador do DF.",16,20,147
Gilberto Silva,@cabogilberto,https://twitter.com/cabogilberto/status/1612286756589797377,2023-01-09T03:14:52.000Z,DEScondenado Lula mente que nem sente!!,9,100,199
Gilberto Silva,@cabogilberto,https://twitter.com/cabogilberto/status/1612240881456926720,2023-01-09T00:12:34.000Z,"Está claro como água cristalina de que a direita foi enganada hoje.
A esquerda violenta se infiltrou no meio da manifestação e promoveram a quebradeira generalizada.

É inadmissível que os patriotas de bem sejam punidos.",63,506,1.407
Gilberto Silva,@cabogilberto,https://twitter.com/cabogilberto/status/1612237300997431297,2023-01-08T23:58:21.000Z,"As manifestações de direita sempre foram pacíficas e ordeiras.
O que houve hoje é no mínimo estranho. Haviam infiltrados na manifestação e já há vários vídeos circulando nas redes sociais demonstrando isso.
O povo de bem não pode pagar por isso.",25,283,750
Gilberto Silva,@cabogilberto,https://twitter.com/cabogilberto/status/1612205632987226113,2023-01-08T21:52:30.000Z,"Não defendo depredação do patrimônio público.
Respeito todas as manifestações.
Porém, o povo não aguenta mais ser estrangulado por quem deveria ser o guardião da constituição federal.
Um dos maiores responsáveis é o presidente do Congresso Nacional, omisso e prevaricador.",81,405,1.303
Gilberto Silva,@cabogilberto,https://twitter.com/cabogilberto/status/1611698593961738240,2023-01-07T12:17:43.000Z,Faz o L 🤡,7,50,130
Gilberto Silva,@cabogilberto,https://twitter.com/cabogilberto/status/1611538755550060545,2023-01-07T01:42:34.000Z,"'Nada relevante', diz Rui Costa sobre elo de ministra de Lula com milicianos.
É meu amigo o Brasil enfrentará dias difíceis!
Esse é o ministro dos respiradores do consórcio do Nordeste, até hoje o povo espera!!",6,21,75
Gilberto Silva,@cabogilberto,https://twitter.com/cabogilberto/status/1611531000252620802,2023-01-07T01:11:45.000Z,Faz o L 🤡🤡🤡,2,17,71
Gilberto Silva,@cabogilberto,https://twitter.com/cabogilberto/status/1611515406241480710,2023-01-07T00:09:48.000Z,"Pegar arma de CAC totalmente legalizada com todos os documentos solicitados pela legislação é muito fácil.
Quero ver pegar as armas dos traficantes que são ilegais!
Governo do DEScondenado é criminoso!!",3,28,232
Gilberto Silva,@cabogilberto,https://twitter.com/cabogilberto/status/1611454912356917250,2023-01-06T20:09:25.000Z,"Ah, não me diga! Sério que isso é jornalismo? Desmentindo meme? 
Meu Deus!!!",3,14,49
Gilberto Silva,@cabogilberto,https://twitter.com/cabogilberto/status/1611357699576299520,2023-01-06T13:43:07.000Z,"Temos poucos dias para fazer a maior campanha contra a reeleição do Traidor da constituição federal senador Rodrigo Pacheco, para a democracia continuar respirando no Brasil precisamos vencer no senado federal, vamos pressionar todos os senadores a votarem contra ele em fevereiro",5,29,96
Gilberto Silva,@cabogilberto,https://twitter.com/cabogilberto/status/1611204434826268673,2023-01-06T03:34:06.000Z,"Quebrar sigilo de manifestante é fácil.

Quero ver quebrar o sigilo do Adélio.👍🏼",45,352,1.475
Gilberto Silva,@cabogilberto,https://twitter.com/cabogilberto/status/1611183489306734593,2023-01-06T02:10:52.000Z,"🚨 URGENTE!
Sedentos em colocar todos os jornalistas opositores na cadeia, Ministro da Justiça, Flavio Dino aciona os Estados Unidos e a Interpol pela extradição de Allan dos Santos.",61,91,473
Gilberto Silva,@cabogilberto,https://twitter.com/cabogilberto/status/1611099500721983492,2023-01-05T20:37:08.000Z,Não foi por falta de aviso. Agora faz o L!,7,68,225
Gilberto Silva,@cabogilberto,https://twitter.com/cabogilberto/status/1611061292332376065,2023-01-05T18:05:18.000Z,"A partir de agora quem for pego na rua com arma e não for bandido, será preso.",29,147,825
Gilberto Silva,@cabogilberto,https://twitter.com/cabogilberto/status/1611031208091074560,2023-01-05T16:05:46.000Z,"A SENAPRED - Secretaria Nacional de Cuidados e Prevenção às drogas deixa de existir. O trabalho com mais de 700 comunidades terapêuticas contratadas; 17 mil vagas financiadas, mais de 100 mil atendimentos nos últimos 4 anos, não vai mais existir.  Lamentável !",8,33,88
Gilberto Silva,@cabogilberto,https://twitter.com/cabogilberto/status/1610988545933512704,2023-01-05T13:16:14.000Z,O PT voltou à cena do crime!!,5,101,309
Gilberto Silva,@cabogilberto,https://twitter.com/cabogilberto/status/1610813792715169792,2023-01-05T01:41:50.000Z,"Tenha vergonha general, usou os patriotas depois chamou de golpista, usou BOLSONARO depois chamou de irresponsável. O senhor não engana mais ninguém, sua vaidade por ser general e o presidente ser um capitão ficou claro em todo o governo.",9,25,133
Gilberto Silva,@cabogilberto,https://twitter.com/cabogilberto/status/1610809770763509766,2023-01-05T01:25:51.000Z,"No sistema oficial do Conselho Nacional de Justiça, consta que Alexandre de Moraes determinou a prisão de si mesmo. O documento foi colocado na página, no segmento de mandados de prisão, na noite desta quarta-feira (4/1).",106,267,848
Gilberto Silva,@cabogilberto,https://twitter.com/cabogilberto/status/1610797863100989441,2023-01-05T00:38:32.000Z,"É para o bem do povo, o PT se importa com as minorias, pode acreditar!!",4,26,116
Gilberto Silva,@cabogilberto,https://twitter.com/cabogilberto/status/1610757104427569154,2023-01-04T21:56:34.000Z,"Que bom que a gasolina que estava R$4,89 já baixou para R$6,29 🧐Dólar disparando.
Bolsa caindo.
As Estatais dando prejuízo de bilhões.
Assassinato de bebês é “saúde pública” 🧐Caos administrativo, demissões de mulheres grávidas.
Desarmaram o cidadão 
Apenas 4 dias!!!",6,42,156
Gilberto Silva,@cabogilberto,https://twitter.com/cabogilberto/status/1610737436962717703,2023-01-04T20:38:25.000Z,"Aline Souza, a ""catadora de lixo"" que passou a faixa para Molusco ladrão, de vez em quando vai para a Europa catar lixo... 
TUDO DA ESQUERDA É FALSO, ATÉ A CATADORA!",8,53,195
Gilberto Silva,@cabogilberto,https://twitter.com/cabogilberto/status/1610713267512524819,2023-01-04T19:02:23.000Z,"Eu como soldado agradeço de coração a Marinha Brasileira que sempre se posiciona do lado certo.
Foi assim ontem, foi hoje e será amanhã 🙌🙌🙌🙌",2,17,160
Gilberto Silva,@cabogilberto,https://twitter.com/cabogilberto/status/1610710648400510981,2023-01-04T18:51:58.000Z,Você que fez o L está feliz ?,1,10,43
Gilberto Silva,@cabogilberto,https://twitter.com/cabogilberto/status/1610668428851040257,2023-01-04T16:04:12.000Z,"Ministra das Mulheres do governo Lula disse que governo Lula dará garantia ao aborto. 
Mostre para aquele seu amiguinho “cristão” que apoiou e fez campanha para o Lula.",113,637,2.202
Gilberto Silva,@cabogilberto,https://twitter.com/cabogilberto/status/1610624991954870275,2023-01-04T13:11:36.000Z,Eu queria ver a cara de quem se diz cristão e apoiou esse governo…,81,331,1.045
Gilberto Silva,@cabogilberto,https://twitter.com/cabogilberto/status/1610596722329223169,2023-01-04T11:19:16.000Z,"Lá vem a pátria educadora petralha novamente, mais 4 anos de emburrecimento e doutrinação, mais 6 gerações irrecuperáveis! #fazuelli!",5,23,85
Gilberto Silva,@cabogilberto,https://twitter.com/cabogilberto/status/1610390727325777925,2023-01-03T21:40:43.000Z,"Será que o Brasil vai durar 30 dias ??? se no terceiro dia já está esse caos, imagina o que irá acontecer com 60 dias?",2,25,121
Gilberto Silva,@cabogilberto,https://twitter.com/cabogilberto/status/1610379238993010691,2023-01-03T20:55:04.000Z,"DECRETO ACABA DE CRIAR PROCURADORIA ESPECIAL PARA PROCESSAR QUEM CRITICAR POLÍTICAS PÚBLICAS! 

Essas são as funções da nova ""Procuradoria Nacional da União da Defesa da Democracia"". 

Ninguém poderá dizer que foi pego de surpresa. Prometeram isto e estão entregando isto 👍",10,19,49
Gilberto Silva,@cabogilberto,https://twitter.com/cabogilberto/status/1610338695265017860,2023-01-03T18:13:58.000Z,"STF determina a PF para fazer busca a apreensão na casa da deputada federal Carla Zambelli
Mais uma ação ilegal e inconstitucional, lutaremos com todas as nossas forças no parlamento.",13,11,109
Gilberto Silva,@cabogilberto,https://twitter.com/cabogilberto/status/1610331987364954113,2023-01-03T17:47:18.000Z,"ASSUSTADOR! Ação da CUT pede para STF derrubar decreto de FHC que permitia demissão sem justa causa. Ou seja: fica praticamente proibido demitir no país. Se o STF aceitar essa ação, a atividade empresarial fica MUITO restrita, prejudica novos empregos e vai afastar investimentos.",4,28,90
Gilberto Silva,@cabogilberto,https://twitter.com/cabogilberto/status/1610295046917472256,2023-01-03T15:20:31.000Z,"Decreto do DEScondenado que proíbe novos CACs e dificulta o funcionamento de clubes de tiro e lojas de armas irá desempregar milhares de pessoas.
2022 foram 40 mil assassinatos no Brasil, guardem esse número.",3,17,77
Gilberto Silva,@cabogilberto,https://twitter.com/cabogilberto/status/1610294535623409664,2023-01-03T15:18:29.000Z,"Lula demite mulheres grávidas com exoneração em massa no Planalto e Ministérios.

Não ouviremos um “pio” das feministas!",6,17,117
Gilberto Silva,@cabogilberto,https://twitter.com/cabogilberto/status/1610292769037373441,2023-01-03T15:11:28.000Z,"Mentira do bem 😍 Caneta de R$ 7 mil que Lula disse ter sido presenteado em 1989 foi lançada em 2002.
O ladrão mente que nem sente.",8,22,190
Gilberto Silva,@cabogilberto,https://twitter.com/cabogilberto/status/1610283702986088451,2023-01-03T14:35:27.000Z,O ladrão sendo bem recepcionado no velório do rei Pelé.,12,86,364
Gilberto Silva,@cabogilberto,https://twitter.com/cabogilberto/status/1610282255984869378,2023-01-03T14:29:42.000Z,"O PSOL entra com ação para tentar prender BOLSONARO, lembrando que um ex-filiado desse mesmo partido tentou matá-lo com uma facada em Minas Gerais, resultado de várias cirurgias de Jair BOLSONARO.",4,17,88
Gilberto Silva,@cabogilberto,https://twitter.com/cabogilberto/status/1610280536500764675,2023-01-03T14:22:52.000Z,"O Brasil agora tem uma Ministra da Cultura que não paga nem quem trabalhou para ela.
Vai dar certo, pode acreditar 🤡",3,16,120
Gilberto Silva,@cabogilberto,https://twitter.com/cabogilberto/status/1610109075731144706,2023-01-03T03:01:32.000Z,"Rui Costa anuncia que empresas condenadas pela Lava Jato poderão pagar dívidas com obras.

Então quer dizer que teve mesmo corrupção? @LulaOficial corre aqui pra você ver um negócio!",7,64,240
Gilberto Silva,@cabogilberto,https://twitter.com/cabogilberto/status/1610085066176086018,2023-01-03T01:26:08.000Z,"Preço da gasolina chega a R$ 8,40 no primeiro dia do governo Lula. O Brasil está afundando no segundo dia de governo do Ladrão.",7,25,90
Gilberto Silva,@cabogilberto,https://twitter.com/cabogilberto/status/1609902505713979393,2023-01-02T13:20:42.000Z,URGENTE: PSOL vai pedir prisão preventiva de Bolsonaro ao STF.,20,11,79
Gilberto Silva,@cabogilberto,https://twitter.com/cabogilberto/status/1609738162498043904,2023-01-02T02:27:40.000Z,"No começo queriam 500 mil pessoas na posse, baixaram para 250 mil e então fizeram uma show(das bruxas) para 30 mil pessoas. Mesmo pagando ônibus e com a promessa de refeição grátis, nem as 30 mil. Onde estão os 60 milhões de votos que eu não vejo.",19,293,672
Gilberto Silva,@cabogilberto,https://twitter.com/cabogilberto/status/1609731138880241664,2023-01-02T01:59:45.000Z,"O decreto assinado pelo DEScondenado vale para todo o Brasil, menos para traficante, ladrão de celular e todos os assaltantes. Faz o L.",7,32,428
Gilberto Silva,@cabogilberto,https://twitter.com/cabogilberto/status/1609728506367197185,2023-01-02T01:49:17.000Z,"Quase 40 ministérios, quem fez o L se arrependerá, infelizmente todo o Brasil vai sofrer.",5,24,391
Gilberto Silva,@cabogilberto,https://twitter.com/cabogilberto/status/1609716045329346560,2023-01-02T00:59:46.000Z,O ladrão subiu a rampa!!!,12,9,145
Gilberto Silva,@cabogilberto,https://twitter.com/cabogilberto/status/1609712581446336513,2023-01-02T00:46:01.000Z,"Alexandre de Moraes é ovacionado pelo público da posse do Lula em Brasília.
Ele foi muito imparcial 🤡🤡🤡",2,11,126
Gilberto Silva,@cabogilberto,https://twitter.com/cabogilberto/status/1609700684265308166,2023-01-01T23:58:44.000Z,Dia da vergonha!!,4,48,257
Gilberto Silva,@cabogilberto,https://twitter.com/cabogilberto/status/1609396548294815746,2023-01-01T03:50:12.000Z,Feliz ano novo 🙌🙌🙌🙌,3,1,51
