nome,usuario,idTweet,dataPublicacao,texto,replies,retweets,likes
Carol De Toni,@CarolDeToni,https://twitter.com/CarolDeToni/status/1620101718360100866,2023-01-30T16:48:44.000Z,"Estamos juntos nessa batalha, @rogeriosmarinho O Brasil precisa, urgentemente, de um Senado forte e independente, que zele por suas atribuições, bem como pelo cumprimento do que manda a Constituição.",154,799,4.784
Carol De Toni,@CarolDeToni,https://twitter.com/CarolDeToni/status/1617932221465399296,2023-01-24T17:07:55.000Z,"Hoje faz um ano que o Professor Olavo faleceu. Sua ausência é sentida pelos milhares alunos e admiradores do seu lindo trabalho, porém seus ensinamentos jamais serão esquecidos, pois o seu legado transcende gerações.

Sabe quando nós vamos parar? Nunca. – Olavo de Carvalho.",549,971,6.634
Carol De Toni,@CarolDeToni,https://twitter.com/CarolDeToni/status/1617628443084197888,2023-01-23T21:00:49.000Z,"Absurdo! Lula voltou a abrir a torneira de 'bondades' com o SEU dinheiro para obras dos 'hermanos' argentinos.

Lula anunciou hoje que o BNDES financiará parte da obra do gasoduto Néstor Kirchner. ⤵️",472,1.103,3.419
Carol De Toni,@CarolDeToni,https://twitter.com/CarolDeToni/status/1615813334150041600,2023-01-18T20:48:13.000Z,"Os dados apresentados pelo MEC, em dezembro de 2022, demonstram o sucesso do Programa Nacional das Escolas Cívico-Militares (Pecim), implantado durante o Governo Bolsonaro. Conforme a pesquisa, o modelo que atende 120 mil alunos em 202 escolas, espalhadas em todos os estados,⤵️",66,1.069,3.319
Carol De Toni,@CarolDeToni,https://twitter.com/CarolDeToni/status/1615776442960297985,2023-01-18T18:21:38.000Z,"Ontem, no Fórum Ecônomico de Davos, a Ministra do Meio Ambiente, na mais deslavada mentira, disse que mais da metade da população brasileira passa fome. Pelo visto está seguindo o caminho do ex-condenado, quando inventava números para falar mal do Brasil no exterior.",978,1.224,4.681
Carol De Toni,@CarolDeToni,https://twitter.com/CarolDeToni/status/1615438001777115136,2023-01-17T19:56:47.000Z,"A agenda nefasta de Lula e sua turma não dá trégua ao Brasil. O Governo anunciou a saída do Brasil na Declaração do Consenso de Genebra, documento contrário ao aborto e a favor da família. 

Agora, Lula abre a porteira para facilitar a matança de bebês nos ventres de suas mães.⤵️",252,1.240,4.156
Carol De Toni,@CarolDeToni,https://twitter.com/CarolDeToni/status/1613936869821095937,2023-01-13T16:31:49.000Z,"Lula não mentiu quando disse que incluiria os pobres no orçamento. A partir desse ano o trabalhador que ganha mais de R$ 1,9 mil, equivalente a um salário mínimo e meio por mês, passa a pagar o imposto de renda. O desconto já ocorre na folha de pagamento. ⤵️",565,3.215,9.042
Carol De Toni,@CarolDeToni,https://twitter.com/CarolDeToni/status/1611490019663020032,2023-01-06T22:28:55.000Z,"Lula decide que o Brasil volta a integrar a Comunidade dos Estados Latino-Americanos e Caribenhos (Celac), organização esquerdista que ele ajudou a fundar em 2010, juntamente com o ditador da Venezuela Hugo Chávez. ⤵️",308,1.888,5.344
Carol De Toni,@CarolDeToni,https://twitter.com/CarolDeToni/status/1610972511109320704,2023-01-05T12:12:31.000Z,"Quando avisamos que o ex-presidiário queria regulamentar (censurar) as mídias sociais, muitos não acreditaram. Pois então, por meio do decreto 11.328, de 1º de janeiro de 2023, Lula criou a Procuradoria Nacional de Defesa da Democracia no país. A medida, que será usada para ⤵️",444,2.212,6.818
Carol De Toni,@CarolDeToni,https://twitter.com/CarolDeToni/status/1609970282667675655,2023-01-02T17:50:01.000Z,"Militantes esquerdistas deixaram um ""presente"" para Brasília, após o evento de posse do ex-presidiário. De acordo com o Serviço de Limpeza Urbana 27 toneladas de lixo foram recolhidas nessa manhã. ⤵️",479,1.155,5.038
Carol De Toni,@CarolDeToni,https://twitter.com/CarolDeToni/status/1609905456109215746,2023-01-02T13:32:25.000Z,"A maneira ordeira e pacífica com a qual se portaram os mais de 600 mil CACs e  2 mil clubes de tiro, mostra o sucesso da política de armas do governo Bolsonaro. 
Ainda em 2019 aprovamos na Câmara o PL 3723, que está parado no Senado desde então. Agora é pressionar os Senadores.",161,699,4.724
Carol De Toni,@CarolDeToni,https://twitter.com/CarolDeToni/status/1609861791340806144,2023-01-02T10:38:55.000Z,"Lula começa a colocar em prática o plano de dominação da sociedade, desarmando pessoas de bem, enquanto bandidos estão armados.",709,1.806,"13,7 mil"
