nome,usuario,idTweet,dataPublicacao,texto,replies,retweets,likes
Delegado Marcelo Freitas,@DelegadoFreitas,https://twitter.com/DelegadoFreitas/status/1620181014432858123,2023-01-30T22:03:50.000Z,"O STF decidiu na Ação Direta de Inconstitucionalidade por Omissão 26 e no Mandado de Injunção 4.733 que o ato de “praticar, induzir ou incitar a discriminação ou preconceito em razão da orientação sexual da pessoa” pode configurar o crime de racismo.",2,4,11
Delegado Marcelo Freitas,@DelegadoFreitas,https://twitter.com/DelegadoFreitas/status/1619857373656670208,2023-01-30T00:37:48.000Z,"Hoje foi dia das Bem-aventuranças, segundo o Evangelho de Mateus.

É tempo de agradecer! Não podemos desperdiçar os dons que temos e recebemos!

Abençoada semana e muita luz em nossos caminhos! 🙏🙏",0,1,7
Delegado Marcelo Freitas,@DelegadoFreitas,https://twitter.com/DelegadoFreitas/status/1619800319386595331,2023-01-29T20:51:05.000Z,Não adianta criticar sigilo e impô-lo em gastos públicos dos primeiros dias de governo; não adianta dizer ser contra fake news e faltar com a verdade ao dizer que foi “golpe”; não adianta pregar equilíbrio econômico e estourar o teto de gastos;,2,2,10
Delegado Marcelo Freitas,@DelegadoFreitas,https://twitter.com/DelegadoFreitas/status/1618656907228762113,2023-01-26T17:07:34.000Z,"Reunião importante com o Presidente da Câmara dos Deputados, Arthur Lira.

Na pauta de discussões, a eleição da mesa diretora (biênio 23/24), a presidência de comissões permanentes, as reformas do Código de Processo Penal e Tributária, entre outros temas não menos relevantes.",0,0,3
Delegado Marcelo Freitas,@DelegadoFreitas,https://twitter.com/DelegadoFreitas/status/1617544319065268224,2023-01-23T15:26:32.000Z,"O uso da linguagem neutra em documentos e veículos oficiais de comunicação do governo é uma imposição completamente descabida!

“Todes” não é e nunca poderá ser um pronome! simplesmente porque não é considerado assim na estrutura da língua portuguesa!

RESPEITO vem de berço!",1,2,8
Delegado Marcelo Freitas,@DelegadoFreitas,https://twitter.com/DelegadoFreitas/status/1617159100713902080,2023-01-22T13:55:49.000Z,"A Lei Orgânica da Magistratura é clara: “É vedado ao magistrado manifestar, por qualquer meio de comunicação, opinião sobre processo pendente de julgamento…”.

Ainda que a intenção possa ser a de tentar transmitir firmeza, a nosso sentir apenas evidencia ainda mais abusos!",2,5,21
Delegado Marcelo Freitas,@DelegadoFreitas,https://twitter.com/DelegadoFreitas/status/1615817302959693829,2023-01-18T21:04:00.000Z,"“Que seja garantida a proteção jurídica do embrião e que o ser humano seja protegido desde o primeiro instante de sua existência” (Papa Francisco).

Sou CONTRA a flexibilização do aborto! Votarei CONTRA quaisquer projetos de lei que tenham por objetivo pôr fim à vida.",1,2,8
Delegado Marcelo Freitas,@DelegadoFreitas,https://twitter.com/DelegadoFreitas/status/1615508398006493184,2023-01-18T00:36:31.000Z,"É isso mesmo?

Atendendo a pedido da Defensoria Pública, o STF mandou soltar presas condenadas, com CULPA FORMADA, para dar espaço a PRESAS PROVISÓRIAS?

Estou evitando me manifestar em redes sociais, mas aí já é demais! Nada é tão ruim que não possa piorar…",1,1,9
Delegado Marcelo Freitas,@DelegadoFreitas,https://twitter.com/DelegadoFreitas/status/1615351082628046848,2023-01-17T14:11:24.000Z,"É nas entregas que a gente se realiza!

A pedido do nosso amigo e Vereador Paulinho, destinamos uma Van para transporte de pacientes da hemodiálise, em Paracatu.

Que se faça bom uso! Que se diminuam as distâncias! Que a dor e o sofrimento dos pacientes sejam amenizados!",0,0,2
Delegado Marcelo Freitas,@DelegadoFreitas,https://twitter.com/DelegadoFreitas/status/1614630345281781761,2023-01-15T14:27:27.000Z,"Hoje é mais um dia especial! 

Dê, por você e com você eu enfrento todas as dores, encaro todos os medos e aceito todos os desafios! Obrigado, de coração, por ser espírito de luz em minha vida!

Minha eterna gratidão! Feliz aniversário! Amo você!",0,0,5
Delegado Marcelo Freitas,@DelegadoFreitas,https://twitter.com/DelegadoFreitas/status/1612971458518740993,2023-01-11T00:35:37.000Z,Presidente do União Brasil em MG alega 'prisões em excesso' por atos terroristas |,2,3,6
Delegado Marcelo Freitas,@DelegadoFreitas,https://twitter.com/DelegadoFreitas/status/1612569115784368128,2023-01-09T21:56:51.000Z,"Convocada sessão extraordinária do CN  para hoje, as 20:30 h.

Votaremos o texto do Dec. presidencial que cuida da “intervenção federal no Distrito Federal”.

A CF estabelece que cabe ao CN, após o decreto de intervenção e a nomeação de um interventor, analisar o caso em 24 horas",1,1,3
Delegado Marcelo Freitas,@DelegadoFreitas,https://twitter.com/DelegadoFreitas/status/1612230501510828032,2023-01-08T23:31:20.000Z,"Sempre defendi o direito a manifestações pacíficas, pouco importando o campo político-ideológico ocupado pelos manifestantes!

O que aconteceu hoje em Brasília, contudo, ultrapassou os limites da legalidade!

As imagens falam por si sós! O juízo de valor fica por sua conta!",2,2,9
Delegado Marcelo Freitas,@DelegadoFreitas,https://twitter.com/DelegadoFreitas/status/1611856309611003904,2023-01-07T22:44:25.000Z,"Não chores, meu filho;
Não chores, que a vida
É luta renhida:
Viver é lutar.
A vida é combate,
Que os fracos abate,
Que os fortes, os bravos
Só pode exaltar (Gonçalves Dias).

Excelente fim de semana!",0,1,7
Delegado Marcelo Freitas,@DelegadoFreitas,https://twitter.com/DelegadoFreitas/status/1611730997174800387,2023-01-07T14:26:28.000Z,"Acompanhado pelo deputado estadual reeleito, @ArlenSantiago , nos reunimos e entregamos uma máquina pá carregadeira, que ajudará nos trabalhos. 

Agradeço pela parceria do pref Valmir Morais, do nosso vice-pref Elivaldo, do ex-pref Edmundo Versiani e dos nossos vereadores.",0,0,3
Delegado Marcelo Freitas,@DelegadoFreitas,https://twitter.com/DelegadoFreitas/status/1611050372247818240,2023-01-05T17:21:55.000Z,"Sem pretensão de desrespeitar o gênero com o qual a pessoa se identifique, a nosso sentir, estão assassinando a língua portuguesa!

Ao usar o masculino como referência, a nossa língua portuguesa não está sendo preconceituosa! A origem dessa forma de se escrever está no latim…",2,1,4
Delegado Marcelo Freitas,@DelegadoFreitas,https://twitter.com/DelegadoFreitas/status/1610806214727720961,2023-01-05T01:11:43.000Z,"Esse é apenas um dos inúmeros exemplos de autodefesa!

Sou armamentista e defendo o direito do cidadão de bem possuir armas de fogo!

Defendo o direito à legítima defesa!

“De todas as armas, a que mais mata é a IMPUNIDADE!"".",1,2,13
Delegado Marcelo Freitas,@DelegadoFreitas,https://twitter.com/DelegadoFreitas/status/1610700448536698881,2023-01-04T18:11:26.000Z,"A prefeita de Carlinda/MT, Carmem Martinez, filiada ao meu partido, o União Brasil, apresentou CARTA DE RENÚNCIA ao presidente da Câmara, José Henrique Bertipaglia, também do União Brasil, após a eleição presidencial de Luiz Inácio Lula da Silva.",1,2,5
Delegado Marcelo Freitas,@DelegadoFreitas,https://twitter.com/DelegadoFreitas/status/1610054461535256577,2023-01-02T23:24:31.000Z,"Nova York é o sexto estado a aprovar a compostagem com restos mortais.

A prática consiste em deixar o corpo humano em um recipiente ao longo de várias semanas para que se decomponha e seja “transformado em solo”.

Você seria a favor de um PL nesse sentido em nosso país?",1,0,1
