nome,usuario,idTweet,dataPublicacao,texto,replies,retweets,likes
Padre João,@dep_padrejoao,https://twitter.com/dep_padrejoao/status/1620208541293494273,2023-01-30T23:53:12.000Z,Passou a boiada. Passou a morte. Passou a  destruição. Passou o genocídio. Isto não pode continuar.,6,19,146
Padre João,@dep_padrejoao,https://twitter.com/dep_padrejoao/status/1620146446560534528,2023-01-30T19:46:28.000Z,"Emocionante. Salvação, proteção, carinho.",0,2,18
Padre João,@dep_padrejoao,https://twitter.com/dep_padrejoao/status/1620144061985484801,2023-01-30T19:36:59.000Z,Sempre na  luta por um Brasil melhor. Juntos para servir! Eu aqui e o deputado Leleco Pimentel na Assembleia de Minas.,0,1,9
Padre João,@dep_padrejoao,https://twitter.com/dep_padrejoao/status/1620143101045280768,2023-01-30T19:33:10.000Z,"Governo do povo, da participação popular.",7,8,45
Padre João,@dep_padrejoao,https://twitter.com/dep_padrejoao/status/1619661773505982465,2023-01-29T11:40:33.000Z,Eletrobrás não pode ficar nas mãos dos três caloteiros da Americanas.,15,191,453
Padre João,@dep_padrejoao,https://twitter.com/dep_padrejoao/status/1619365137739284480,2023-01-28T16:01:49.000Z,O petróleo é nosso.,8,9,20
Padre João,@dep_padrejoao,https://twitter.com/dep_padrejoao/status/1619280452862492672,2023-01-28T10:25:19.000Z,"""A Americanas foi palco para uma das maiores fraudes contábeis da iniciativa privada."" Roubo.",6,24,86
Padre João,@dep_padrejoao,https://twitter.com/dep_padrejoao/status/1619098126249517056,2023-01-27T22:20:49.000Z,Topa tudo por dinheiro.  Independência só para ajudar o golpismo.,1,2,8
Padre João,@dep_padrejoao,https://twitter.com/dep_padrejoao/status/1619089954159693825,2023-01-27T21:48:20.000Z,Bolsolão.,4,9,12
Padre João,@dep_padrejoao,https://twitter.com/dep_padrejoao/status/1619039223629385729,2023-01-27T18:26:45.000Z,Isto é que é independência do Banco Central. Rouba e tudo fica escondido...,4,8,24
Padre João,@dep_padrejoao,https://twitter.com/dep_padrejoao/status/1619037029249212417,2023-01-27T18:18:02.000Z,E ainda vai pegar o Xandão... Tarada.,4,10,28
Padre João,@dep_padrejoao,https://twitter.com/dep_padrejoao/status/1618994888695222272,2023-01-27T15:30:35.000Z,"O único índio que se salva do genocídio de Bolsonaro é o Léo, o sobrinho dele. O terrorista.",7,12,81
Padre João,@dep_padrejoao,https://twitter.com/dep_padrejoao/status/1618958624923213829,2023-01-27T13:06:29.000Z,"Veio embora e largou o marido pra lá: o golpista, capitão fujão.",2,4,22
Padre João,@dep_padrejoao,https://twitter.com/dep_padrejoao/status/1618950156065595393,2023-01-27T12:32:50.000Z,"Rombo para todo lado: no Banco Central: 12 bilhões de dólares,  na Loja Americanas, 43 bilhões de reais, na CNN, mais de 100 milhões... Estava tudo bem para ajudar na eleição do Bozo.  E do outro lado, fome, mortes e desnutrição.",16,142,546
Padre João,@dep_padrejoao,https://twitter.com/dep_padrejoao/status/1618914848439701507,2023-01-27T10:12:32.000Z,Gente do céu! Até o Banco Central tá errando nas contas. Não aprendeu matemática. Diferença pequena: só de 12 bilhões de dólares. kkk,9,46,110
Padre João,@dep_padrejoao,https://twitter.com/dep_padrejoao/status/1618770471679574017,2023-01-27T00:38:50.000Z,"Depois do rombo e calote de 43 bilhões dos três magnatas da Americanas: Jorge Paulo Lehmann, Beto Sucupira e Marcel Telles, da 3G Capital, aparece agora,  o Banco Central, com sua independência ou morte,  envolvido em maquiagem de dados contábeis. Roubalheira.",6,15,61
Padre João,@dep_padrejoao,https://twitter.com/dep_padrejoao/status/1618766160333524992,2023-01-27T00:21:42.000Z,"Os três magnatas da Americanas dão calote e rombo de 43 bilhões: Jorge Paulo Lehmann, Beto Sucupira e Marcel Telles, da 3G Capital. E a agora, o Banco Central, com sua independência ou morte, manipulou dados. Ficou no negativo.  Santo mercado...",2,19,40
Padre João,@dep_padrejoao,https://twitter.com/dep_padrejoao/status/1618638423170093056,2023-01-26T15:54:07.000Z,Golpe. Precisa mais?,19,56,134
Padre João,@dep_padrejoao,https://twitter.com/dep_padrejoao/status/1618566462729486336,2023-01-26T11:08:10.000Z,Cercadinho pago com cartão corporativo. Um teatro caro e golpista. Pagos até para perguntar.,4,10,21
Padre João,@dep_padrejoao,https://twitter.com/dep_padrejoao/status/1618386260883832832,2023-01-25T23:12:07.000Z,O Japão é comunista???? kkkkk,5,5,13
Padre João,@dep_padrejoao,https://twitter.com/dep_padrejoao/status/1618237791082786817,2023-01-25T13:22:09.000Z,"O crime nao pode preescrever! @MPF_MG ratifica denúncia contra 16 pessoas e 2 empresas pelo rompimento da barragem da Vale em Brumadinho em resposta a determinação do @STF_oficial, 4 dias antes do prazo para prescrição #JustiçaPorBrumadinho",2,7,37
Padre João,@dep_padrejoao,https://twitter.com/dep_padrejoao/status/1618207654366842881,2023-01-25T11:22:24.000Z,"Córrego do Feijão, Brumadinho, dia 25 de janeiro de 2019, NUNCA ESQUECEREMOS! #JustiçaPorBrumadinho",5,42,161
Padre João,@dep_padrejoao,https://twitter.com/dep_padrejoao/status/1618009272817975303,2023-01-24T22:14:06.000Z,"Você se lembra de uma entrevista de alguém para o jornal The New York Times: “Quase comi um índio uma vez. Queria ver o índio sendo cozinhado."" Agora o Brasil e o mundo estão vendo quão brutal é isto. Dê um Google aí.",3,17,104
Padre João,@dep_padrejoao,https://twitter.com/dep_padrejoao/status/1617926514556928000,2023-01-24T16:45:15.000Z,"O mercado não leva a sério a receita da dona de casa: não se pode gastar mais do que arrecada. Não viram isto, Lemann, Carlos Alberto Sucupira e Marcel Telles? É preciso instituir curso sobre educação financeira: como gastar seu dinheiro sem roubar e dar calote nos outros.",6,2,31
Padre João,@dep_padrejoao,https://twitter.com/dep_padrejoao/status/1617896474947510272,2023-01-24T14:45:53.000Z,"Povos da América Latina, uni-vos...",1,1,10
Padre João,@dep_padrejoao,https://twitter.com/dep_padrejoao/status/1617885561003593729,2023-01-24T14:02:31.000Z,Olha só isto. Receita do mercado só vale para o setor público. Pura hipocrisia. E agora? O que esperar da compra da Eletrobrás por esta trupe?  Não respeitaram o teto de gastos....kkkk,11,37,96
Padre João,@dep_padrejoao,https://twitter.com/dep_padrejoao/status/1617864562979794945,2023-01-24T12:39:04.000Z,"Levantamento feito entre os terroristas, golpistas e vândalos que invadiram e destruíram os prédios dos Três Poderes em Brasília, 07 já têm ficha na polícia por violência e agressão contra mulheres. Um inclusive, batia na própria mãe. Todos cidadãos de bem defensores da família..",8,32,120
Padre João,@dep_padrejoao,https://twitter.com/dep_padrejoao/status/1617844591813881858,2023-01-24T11:19:43.000Z,"Marcelo Pimentel, Coronel da Reserva do Exército é perseguido por denunciar nas redes sociais os desmandos e ilegalidades dentro da corporação.",5,16,60
Padre João,@dep_padrejoao,https://twitter.com/dep_padrejoao/status/1617613849070559232,2023-01-23T20:02:50.000Z,O rombo de 43 bilhões nas Lojas Americanas furou o teto de gastos ou quebrou o piso? Cadê a responsabilidade fiscal? Que pouca vergonha.,5,53,245
Padre João,@dep_padrejoao,https://twitter.com/dep_padrejoao/status/1617530163352473607,2023-01-23T14:30:17.000Z,Não pode mexer no teto de gastos... não pode furar o teto... é irresponsabilidade fiscal.. Roubar pode. Dar calote pode. O mercado é hipócrita.,2,14,40
Padre João,@dep_padrejoao,https://twitter.com/dep_padrejoao/status/1617161649634398212,2023-01-22T14:05:57.000Z,Comida para o povo Yanomami já está chegando.,4,19,56
Padre João,@dep_padrejoao,https://twitter.com/dep_padrejoao/status/1616849894630637569,2023-01-21T17:27:09.000Z,"Alguém tem alguma notícia sobre como reagiu o mercado diante da desnutrição, fome e mortes dos índios Ianomâmis?",762,3.503,"24,2 mil"
Padre João,@dep_padrejoao,https://twitter.com/dep_padrejoao/status/1616842134405140480,2023-01-21T16:56:18.000Z,"O maior produtor de alimento do mundo mata seu povo de fome e desnutrição. Nem água para pescar um peixe existe mais. Tudo contaminado por agrotóxico e mercúrio. Este é o capitalismo. O progresso: morrer de fome e por falta de oxigênio. Sem floresta, não há água. Não há vida.",4,38,116
Padre João,@dep_padrejoao,https://twitter.com/dep_padrejoao/status/1616803631956729865,2023-01-21T14:23:19.000Z,"Acima de tudo, a humanidade e o amor.",4,2,12
Padre João,@dep_padrejoao,https://twitter.com/dep_padrejoao/status/1616758829211078658,2023-01-21T11:25:17.000Z,"Bolsonaro queria acabar com os povos indígenas do Brasil. Invasão de territórios, garimpo ilegal e criminoso, negação de vacina, violência, mortes e fome.",11,37,122
Padre João,@dep_padrejoao,https://twitter.com/dep_padrejoao/status/1616757722073939972,2023-01-21T11:20:53.000Z,Triste. Revoltante.,15,42,105
Padre João,@dep_padrejoao,https://twitter.com/dep_padrejoao/status/1616557948867858432,2023-01-20T22:07:03.000Z,"Sargento da FAB, Manoel Silva Rodrigues, pego na Espanha no avião presidencial  de Bolsonaro com 39 quilos de cocaína, tinha acesso ao cartão corporativo.  Tráfico internacional pago com dinheiro do povo pobre. Força da coca.",38,573,2.136
Padre João,@dep_padrejoao,https://twitter.com/dep_padrejoao/status/1616536283471380486,2023-01-20T20:40:58.000Z,"Decisão a favor da vida, dos povos indígenas. Lula vai visitar comunidade Yanomami, em Roraima amanhã. Há denúncias de desnutrição grave e fome das crianças das aldeias. Quatro anos de abandono.",3,8,22
Padre João,@dep_padrejoao,https://twitter.com/dep_padrejoao/status/1616520025023676444,2023-01-20T19:36:22.000Z,"Bomba! Tenente Coronel do Exército, Mauro Cesar Barbosa Cid, ajudante de ordem de Bolsonaro, operava cartão corporativo da presidência. Rachadinha dentro do Planalto. Caixa 2 de Bolsonaro. Teve até saques para outros militares.",247,1.700,6.309
Padre João,@dep_padrejoao,https://twitter.com/dep_padrejoao/status/1616503565228310531,2023-01-20T18:30:57.000Z,"Curioso e sintomático isto. Super ricos pedem para ser  taxados, para pagarem mais impostos em Davos: 200 empresários de vários países. Nenhum brasileiro. Nem mesmo os caloteiros das Lojas Americanas. kkk.",8,8,35
Padre João,@dep_padrejoao,https://twitter.com/dep_padrejoao/status/1616450182207492098,2023-01-20T14:58:50.000Z,"Acabou o cercadinho. Acabou o teatro. O presidente agora recebe e dá entrevista para jornalista mulher no Palácio do Planalto; recebe sindicalistas e trabalhadores  no Palácio do Planalto, recebe reitores de universidades federais no Palácio do Planalto... Mudou.",7,141,513
Padre João,@dep_padrejoao,https://twitter.com/dep_padrejoao/status/1616448713383186433,2023-01-20T14:53:00.000Z,Esta é a imagem.,5,20,84
Padre João,@dep_padrejoao,https://twitter.com/dep_padrejoao/status/1616396034447642624,2023-01-20T11:23:40.000Z,Está aí. Militares do GSI do governo Bolsonaro frequentavam acampamento do QG do Exército em Brasília. Golpistas e terroristas.,5,56,184
Padre João,@dep_padrejoao,https://twitter.com/dep_padrejoao/status/1616394136755769344,2023-01-20T11:16:08.000Z,"Bom dia, presidente Lula. Vamos com fé, amor e esperança.",0,2,15
Padre João,@dep_padrejoao,https://twitter.com/dep_padrejoao/status/1616174765437497344,2023-01-19T20:44:25.000Z,"""...grande jornal que vem se notabilizando pela orgânica cumplicidade com o golpismo disfarçada de flerte pela edição de matérias que levam a pensar tratar-se de veículo imparcial.""""",0,3,5
Padre João,@dep_padrejoao,https://twitter.com/dep_padrejoao/status/1616154017150939136,2023-01-19T19:21:59.000Z,"A cada dia, o rombo vai ficando maior. E a grande mídia está escondendo isto.",0,13,25
Padre João,@dep_padrejoao,https://twitter.com/dep_padrejoao/status/1616118313121378306,2023-01-19T17:00:06.000Z,"19,3 bilhões para pagar pensão de filhas de militares. O povo, o contribuinte, até os pobres pagam esta aberração.",3,10,34
Padre João,@dep_padrejoao,https://twitter.com/dep_padrejoao/status/1616117526487875595,2023-01-19T16:56:58.000Z,Vai vendo... Mesma empresa de auditoria da Eletrobrás. Rombo ou roubo à vista?,1,14,24
Padre João,@dep_padrejoao,https://twitter.com/dep_padrejoao/status/1616075551214637057,2023-01-19T14:10:11.000Z,Comprou helicóptero. Paga imposto sobre isto?,2,2,9
Padre João,@dep_padrejoao,https://twitter.com/dep_padrejoao/status/1616043289647497219,2023-01-19T12:01:59.000Z,"Calote de bilionários. Diante disso, o mercado não fica nervoso. Corrupção das grossas.",0,11,33
Padre João,@dep_padrejoao,https://twitter.com/dep_padrejoao/status/1615815499849269248,2023-01-18T20:56:50.000Z,"Pois é... Como fica a compra da Eletrobrás por ele? 
Explosão da tarifa cara de energia. ""Quem não tem colírio usa óculos escuros. Quem não tem dinheiro, vai ficar no escuro.""",26,108,258
Padre João,@dep_padrejoao,https://twitter.com/dep_padrejoao/status/1615412895705362434,2023-01-17T18:17:01.000Z,Fraude. Corrupção de bilhões de reais nas Lojas Americanas. O mercado é santo e incorruptível. kkk,2,1,14
Padre João,@dep_padrejoao,https://twitter.com/dep_padrejoao/status/1615408940019339266,2023-01-17T18:01:18.000Z,Zema terrorista.,5,8,66
Padre João,@dep_padrejoao,https://twitter.com/dep_padrejoao/status/1615393168471605250,2023-01-17T16:58:38.000Z,"Só aqui entre nós. Não espalhe para ninguém. Rombo das Lojas Americanas pode chegar a 40 bilhões. Corrupção. Não vejo mais nada daqueles canos podres vazando dinheiro na mídia. Tudo limpinho e cheirosinho na corrupção da iniciativa privada, do mercado... Calmo.",0,11,32
Padre João,@dep_padrejoao,https://twitter.com/dep_padrejoao/status/1615302224569049088,2023-01-17T10:57:15.000Z,"O rombo nas Lojas Americanas chega aos 40 bilhões de reais, causando prejuízo a mais de 150 mil acionistas. Corrupção. E o mercado não fala nada. Parece até calmo. Só os bancos credores que estão com pouco de estresse.",3,37,158
Padre João,@dep_padrejoao,https://twitter.com/dep_padrejoao/status/1615128596837961728,2023-01-16T23:27:19.000Z,"Bomba em caminhão de combustível perto de aeroporto; invasão e destruição do STF, do Palácio do Planalto, do Senado e Câmara dos Deputados, sete torres de transmissão de energia derrubadas. Estes são os bolsonaristas, pessoas do bem, de Deus.  Terroristas.",7,37,116
Padre João,@dep_padrejoao,https://twitter.com/dep_padrejoao/status/1615059217898999834,2023-01-16T18:51:38.000Z,Vai ser preciso PEC para continuar com este despesa? Furar teto?,1,2,9
Padre João,@dep_padrejoao,https://twitter.com/dep_padrejoao/status/1614995677393698819,2023-01-16T14:39:09.000Z,"Que mundo fomos parar. Nossas forças são para nos defender de possíveis inimigos externos. Não para promover e defender terroristas domésticos, criados em quintais.",2,8,64
Padre João,@dep_padrejoao,https://twitter.com/dep_padrejoao/status/1614954406914531329,2023-01-16T11:55:09.000Z,"Motociata do dia 15 de abril de 2022, de São Paulo a Americana, foram gastos 103 mil reais no cartão corporativo entre lanches, hospedagem e combustível.",2,3,21
Padre João,@dep_padrejoao,https://twitter.com/dep_padrejoao/status/1614945063632609281,2023-01-16T11:18:02.000Z,"As motociatas foram pagas com dinheiro público e ainda, eram propaganda eleitoral extemporânea, antecipada.",7,24,149
Padre João,@dep_padrejoao,https://twitter.com/dep_padrejoao/status/1614732782785396737,2023-01-15T21:14:30.000Z,A justiça precisa fazer apreensão e busca do aparelho celular de Anderson Torres que ele deixou nos EUA.,2,17,97
Padre João,@dep_padrejoao,https://twitter.com/dep_padrejoao/status/1614396722595217408,2023-01-14T22:59:07.000Z,"O ex-diretor da Polícia Rodoviária Federal, Silvinei Vasques, não vai fazer companhia para Anderson Torres não?",7,60,241
Padre João,@dep_padrejoao,https://twitter.com/dep_padrejoao/status/1614255247702228992,2023-01-14T13:36:57.000Z,A conta gotas. Qual e quando será a próxima suspensão dos sigilos de 100 anos?,6,8,45
Padre João,@dep_padrejoao,https://twitter.com/dep_padrejoao/status/1614231772786577409,2023-01-14T12:03:40.000Z,"Ministro Alexandre de Moraes, do STF, acata pedido da PGR e inclui Jair Bolsonaro nas investigações dos atos terroristas em Brasília, com invasão e destruição dos prédios dos Três Poderes. Vandalismo e crimes nunca vistos na história do país.",4,15,93
Padre João,@dep_padrejoao,https://twitter.com/dep_padrejoao/status/1614204072890077185,2023-01-14T10:13:36.000Z,"Bom dia. Anderson Torres está chegando. A prisão já está decretada. Conta tudo, Anderson. Abre o bico. De quem é a ordem do documento do golpe?",5,5,102
Padre João,@dep_padrejoao,https://twitter.com/dep_padrejoao/status/1614016321032802310,2023-01-13T21:47:32.000Z,"PGR pede ao STF que Bolsonaro seja investigado por incentivar e ser mentor dos atos terroristas que aconteceram em Brasília, no dia 08 de janeiro. Criminoso.",3,4,43
Padre João,@dep_padrejoao,https://twitter.com/dep_padrejoao/status/1614003215137230854,2023-01-13T20:55:27.000Z,Trabalho lindo para reconstruir a destruição dos terroristas.,2,3,20
Padre João,@dep_padrejoao,https://twitter.com/dep_padrejoao/status/1613985592987029523,2023-01-13T19:45:26.000Z,"Crime prolongado e duradouro. Lama da Vale que matou 270 pessoas em Brumadinho em 25 de janeiro de 2019, continua provocando doenças e contaminações. Estudo mostra que lama criou bactérias resistentes a antibióticos.  Um perigo para humanos e animais.",2,3,11
Padre João,@dep_padrejoao,https://twitter.com/dep_padrejoao/status/1613908157746630657,2023-01-13T14:37:44.000Z,"Recebendo Auxilio Brasil, dinheiro público para destruir o Brasil. Terroristas. Cadeia neles.",2,8,22
Padre João,@dep_padrejoao,https://twitter.com/dep_padrejoao/status/1613885999477669888,2023-01-13T13:09:41.000Z,"O sigilo sobre o cartão corporativo não foi ainda totalmente liberado. Existem mais coisas secretas. 
Caixa preta de Bolsonaro.",5,14,67
Padre João,@dep_padrejoao,https://twitter.com/dep_padrejoao/status/1613851406741430272,2023-01-13T10:52:13.000Z,"Bom dia. Tá virando moda agora levar documento oficial e golpista para casa. Imagina na casa do capitão. Deve ter uma biblioteca.... Por aqui, a cartilha é seguida à risca.",6,14,43
Padre João,@dep_padrejoao,https://twitter.com/dep_padrejoao/status/1613622204754714625,2023-01-12T19:41:27.000Z,O voto impresso virou golpe impresso.,2,18,153
Padre João,@dep_padrejoao,https://twitter.com/dep_padrejoao/status/1613592910372704257,2023-01-12T17:45:03.000Z,O restaurante Sabor de Casa deve ter cozinhado um ano inteiro ou mais e estocado as marmitas para atender Bolsonaro. Só pode. 109 mil vale o restaurante?,4,9,44
Padre João,@dep_padrejoao,https://twitter.com/dep_padrejoao/status/1613524605054095364,2023-01-12T13:13:38.000Z,"Bolsonaro gastou quase 28 milhões de reais no cartão corporativo. Isto porque ele muito simples: come pão com manteiga, toma café em copo americano e usa caneta bic. Numa padaria do RJ, em um dia, ele torrou 33 mil -22/05/2021 - véspera da motociata.",15,44,112
Padre João,@dep_padrejoao,https://twitter.com/dep_padrejoao/status/1613313236601901058,2023-01-11T23:13:44.000Z,Amanhã a bolsa sobe e o dólar cai. Lula decide privatizar lojas americanas depois de um rombo de 21 bilhões... Não dá para tocar um negócio assim. O mercado surtou.   kkkkkkk,16,26,174
Padre João,@dep_padrejoao,https://twitter.com/dep_padrejoao/status/1613262376513445897,2023-01-11T19:51:38.000Z,"Uns estão vindo, outros estão indo. Anderson Torres vem embora e Frederick Wassef, advogado de Bozo, viajou para os EUA hoje. Agorinha....",3,50,290
Padre João,@dep_padrejoao,https://twitter.com/dep_padrejoao/status/1613233299089940489,2023-01-11T17:56:05.000Z,"Prefeitura de Belo Horizonte baixa norma em defesa da democracia, do estado democrático de direito, pela ordem. Nada de obstrução de via pública, de ocupação de espaços públicos... em caso de omissão, as forças de segurança municipal tomarão as devidas providências...",3,11,49
Padre João,@dep_padrejoao,https://twitter.com/dep_padrejoao/status/1613197201873989632,2023-01-11T15:32:39.000Z,"O segredo de cem anos começa a ser suspenso, aberto. Visitas a Michelle Bolsonaro no Palácio do Alvorada, que eram segredos, começam a ser divulgadas. Jesus da Goiabeira, tenha misericórdia da família acima de tudo...",5,9,60
Padre João,@dep_padrejoao,https://twitter.com/dep_padrejoao/status/1613143992077533184,2023-01-11T12:01:13.000Z,"São assim os acampamentos terroristas dos bolsonaristas, com churrasco, comida farta e de primeira.",8,20,43
Padre João,@dep_padrejoao,https://twitter.com/dep_padrejoao/status/1612979411547987969,2023-01-11T01:07:14.000Z,Papuda para os homens e Colmeia para as mulheres... assim falou a tia Damares.,27,213,812
Padre João,@dep_padrejoao,https://twitter.com/dep_padrejoao/status/1612844621612343297,2023-01-10T16:11:37.000Z,"Senado aprova decreto de intervenção federal no DF. Quem votou contra: Carlos Potinho (PL-RJ), Luis Carlos Heinze (PP-RS), Zequinha Marinho (PL-PA), Carlos Viana (PL-MG), Eduardo Girão (Pode-CE), Flávio Bolsonaro (PL-RJ), Plínio Valério (PSDB-AM), Styvenson Valentin (Pode-RN).",14,43,143
Padre João,@dep_padrejoao,https://twitter.com/dep_padrejoao/status/1612838156885266433,2023-01-10T15:45:56.000Z,"IBGE deve anunciar redução do desemprego. Seguimento que mais cresceu: atos terroristas, golpistas e criminosos. Acampamentos, vale transporte, comida de primeira. Trabalho: quebrar, destruir e depredar patrimônio publico, carregar bandeira do Brasil nas costas e pedir golpe.",1,1,7
Padre João,@dep_padrejoao,https://twitter.com/dep_padrejoao/status/1612803270874996737,2023-01-10T13:27:18.000Z,"Toda vez que a coisa aperta para o lado dele, ele inventa uma mentira. A de sempre: problema intestinal, camarão sem mastigar... prisão de ventre...EUA querem expulsão dele de lá...",1,5,19
Padre João,@dep_padrejoao,https://twitter.com/dep_padrejoao/status/1612779811205746689,2023-01-10T11:54:05.000Z,Fora golpistas e terroristas. Não haverá anistia.,2,7,24
Padre João,@dep_padrejoao,https://twitter.com/dep_padrejoao/status/1612569135367753728,2023-01-09T21:56:56.000Z,Vai vendo aí Brasil os cumplices dos atos terroristas em Brasília ontem.,3,10,18
Padre João,@dep_padrejoao,https://twitter.com/dep_padrejoao/status/1612476315331956738,2023-01-09T15:48:06.000Z,Como está o mercado hoje? Tá calmo? Tá nervoso?  A bolsa subiu? E o dólar? Não vejo nenhuma notícia aqui.,6,8,42
Padre João,@dep_padrejoao,https://twitter.com/dep_padrejoao/status/1612459296670863361,2023-01-09T14:40:29.000Z,"O piquenique pago, com conivência e proteção, durou muito. Só podia dar nisso. Tudo começou com a ""República de Curitiba"", passando pelo golpe de 2016 e com as eleições de 2018. Chocadeira de terroristas, milicianos e golpistas.",8,42,176
Padre João,@dep_padrejoao,https://twitter.com/dep_padrejoao/status/1612409830513205249,2023-01-09T11:23:55.000Z,"CNBB condena atos terroristas, golpistas e criminosos de bolsonaristas em Brasília. https://cnbb.org.br/cnbb-condena-os-ataques-criminosos-ao-estado-democratico-de-direito-pede-contencao-e-responsabilizacao-nos-rigores-da-lei/…",0,3,12
Padre João,@dep_padrejoao,https://twitter.com/dep_padrejoao/status/1612252950155653122,2023-01-09T01:00:32.000Z,⚠️ URGENTE. Congresso dos EUA já estuda medida para EXPULSAR Bolsonaro do país. Ninguém quer o asno facista/golpista.,7,22,169
Padre João,@dep_padrejoao,https://twitter.com/dep_padrejoao/status/1612166405138575360,2023-01-08T19:16:38.000Z,Quem se cala é cúmplice ou mandante?,6,11,79
Padre João,@dep_padrejoao,https://twitter.com/dep_padrejoao/status/1610278325854916610,2023-01-03T14:14:05.000Z,"Bolsonaro é tão canalha que enquanto orientava à população a tomar ivermectina, ele foi vacinado contra a Covid-19. CANALHA, CANALHA, CANALHA.",3,22,106
Padre João,@dep_padrejoao,https://twitter.com/dep_padrejoao/status/1609604114941464579,2023-01-01T17:35:00.000Z,Lula acaba de passar em carro aberto sentido praça dos três poderes. Estou em Brasília acompanhando tudo de pertinho ao lado do povo brasileiro.,1,2,22
Padre João,@dep_padrejoao,https://twitter.com/dep_padrejoao/status/1609482058740506626,2023-01-01T09:30:00.000Z,Feliz 2023. Tudo de bom! E acabou o desgoverno de Bozo. Que bênção! Que vitória. Oh glória.,0,5,72
