nome,usuario,idTweet,dataPublicacao,texto,replies,retweets,likes
Dep. Joaquim Passarinho,@depjpassarinho,https://twitter.com/depjpassarinho/status/1619088112889786368,2023-01-27T21:41:01.000Z,"Não sei como ainda tenho capacidade de me surpreender com esse Governo !!
Governo Lula bota sob sigilo os gastos da festa da Posse!!! Será verdade ??? Difícil acreditar. Creio que foi o Bolsonaro. Algo errado na notícia. Eles sempre foram contra o sigilo !! Não fariam isso !!!",3,2,13
Dep. Joaquim Passarinho,@depjpassarinho,https://twitter.com/depjpassarinho/status/1617877701632856069,2023-01-24T13:31:17.000Z,"Espera aí !!!
O Governo fala que temos 33 milhões de brasileiros passando fome, a Ministra do Meio Ambiente diz que são 120 milhões, metade da população do Brasil, com insegurança alimentar, como que o Presidente anuncia apoio financeiro para obras na Argentina ???  E a fome ??🤷🏼‍♂️",5,3,14
Dep. Joaquim Passarinho,@depjpassarinho,https://twitter.com/depjpassarinho/status/1617494342960308224,2023-01-23T12:07:57.000Z,"Hoje é dia de festejar PARAGOMINAS, uma cidade diferente, ativa, progressista, trabalhadora e principalmente inovadora!!
Parabéns à todos que ajudaram e ajudam nossa cidade ser esse modelo a ser seguido. Paragominas é a força do homem do campo e sua capacidade de transformar 👏",1,0,8
Dep. Joaquim Passarinho,@depjpassarinho,https://twitter.com/depjpassarinho/status/1614230387860938753,2023-01-14T11:58:10.000Z,"Esperando para ver os fatos que levaram à prisão do Ex Ministro Anderson Torres!
É a primeira vez que um funcionário público é preso por não fazer nada em suas férias !!!",4,7,22
Dep. Joaquim Passarinho,@depjpassarinho,https://twitter.com/depjpassarinho/status/1613506867233456139,2023-01-12T12:03:09.000Z,"Minha Bela Belém !!
Apesar de muito abandonada nos últimos anos, teima em ser sempre Bela. Belém do Sol que nasce mais bonito, das tardes molhadas, do Por do Sol deslumbrante e das noites movimentas.
Minha Bela Belém ❤️Feliz Aniversário 🎉🎊🎂",0,0,15
Dep. Joaquim Passarinho,@depjpassarinho,https://twitter.com/depjpassarinho/status/1612174557246267394,2023-01-08T19:49:01.000Z,"Dia triste hoje em Brasília.
Invasão de prédios públicos e depredação não são atos democráticos. Manifestantes estão apenas produzindo provas contra eles mesmo. Faltou inteligência e comando. 
Triste dia para a democracia hoje !! Pena 😞",12,2,13
Dep. Joaquim Passarinho,@depjpassarinho,https://twitter.com/depjpassarinho/status/1612137288766570496,2023-01-08T17:20:56.000Z,"Parabenizo toda e qualquer manifestação popular, pacífica, ordeira, que mostra seu apoio ou desapontado com atos e/ou governos. O povo hoje sabe seus direitos, aprendeu a cobrar não somente em eleições. Povo na rua é Democracia na essência !👏👏👏👏👏",13,13,20
