nome,usuario,idTweet,dataPublicacao,texto,replies,retweets,likes
Jefferson Campos,@DepJefferson,https://twitter.com/DepJefferson/status/1619703158527107074,2023-01-29T14:25:00.000Z,"O Senhor te abençoe e te guarde; o Senhor faça resplandecer o seu rosto sobre ti e te conceda graça; o Senhor volte para ti o seu rosto e te dê paz.
- Números 6:24-26",0,0,11
Jefferson Campos,@DepJefferson,https://twitter.com/DepJefferson/status/1618978382716276739,2023-01-27T14:25:00.000Z,"""Eu disse essas coisas para que em mim vocês tenham paz. Neste mundo vocês terão aflições; contudo, tenham ânimo! Eu venci o mundo"".
- João 16:33",1,1,3
Jefferson Campos,@DepJefferson,https://twitter.com/DepJefferson/status/1618253733309169664,2023-01-25T14:25:30.000Z,"Respondeu Jesus: ""Eu sou o caminho, a verdade e a vida. Ninguém vem ao Pai, a não ser por mim.
- João 14:6",0,2,8
Jefferson Campos,@DepJefferson,https://twitter.com/DepJefferson/status/1618224051423674369,2023-01-25T12:27:33.000Z,"Hoje a nossa capital, a terra da garoa, nossa São Paulo, celebra mais um aniversário. 

Desejamos que a benção de Deus nunca falte sobre essa cidade e seus moradores.",0,0,4
Jefferson Campos,@DepJefferson,https://twitter.com/DepJefferson/status/1616803929789980675,2023-01-21T14:24:30.000Z,"Porque sou eu que conheço os planos que tenho para vocês, diz o Senhor, planos de fazê-los prosperar e não de causar dano, planos de dar a vocês esperança e um futuro.
- Jeremias 29:11",0,3,10
Jefferson Campos,@DepJefferson,https://twitter.com/DepJefferson/status/1616079028066172931,2023-01-19T14:24:00.000Z,"E a paz de Deus, que excede todo o entendimento, guardará os seus corações e as suas mentes em Cristo Jesus.
- Filipenses 4:7",2,2,7
Jefferson Campos,@DepJefferson,https://twitter.com/DepJefferson/status/1615354126837104641,2023-01-17T14:23:30.000Z,"Busquem, pois, em primeiro lugar o Reino de Deus e a sua justiça, e todas essas coisas lhes serão acrescentadas.
- Mateus 6:33",0,1,10
Jefferson Campos,@DepJefferson,https://twitter.com/DepJefferson/status/1614629224878317569,2023-01-15T14:23:00.000Z,"Portanto, vão e façam discípulos de todas as nações, batizando-os em nome do Pai e do Filho e do Espírito Santo, ensinando-os a obedecer a tudo o que eu lhes ordenei. E eu estarei sempre com vocês, até o fim dos tempos"".
- Mateus 28:19-20",2,1,8
Jefferson Campos,@DepJefferson,https://twitter.com/DepJefferson/status/1613917556297043970,2023-01-13T15:15:05.000Z,"Sexta-feira pode ser 13, eu não! 🇧🇷",3,1,10
Jefferson Campos,@DepJefferson,https://twitter.com/DepJefferson/status/1613859025078075393,2023-01-13T11:22:30.000Z,"Porque Deus tanto amou o mundo que deu o seu Filho Unigênito, para que todo o que nele crer não pereça, mas tenha a vida eterna.
- João 3:16",1,0,3
Jefferson Campos,@DepJefferson,https://twitter.com/DepJefferson/status/1613538318758694913,2023-01-12T14:08:07.000Z,"Foi sancionado sem vetos a Lei 14.532/23, que aumenta a pena para a injúria relacionada a raça, cor, etnia ou procedência nacional. 

Pena poderá chegar a 5 anos de reclusão.",1,1,2
Jefferson Campos,@DepJefferson,https://twitter.com/DepJefferson/status/1612461253703892992,2023-01-09T14:48:15.000Z,"As cenas que vimos em Brasília, Congresso, STF e Planalto são absolutamente inaceitáveis em nossa democracia. Defendemos o direito à livre manifestação, mas nada justifica a destruição, vandalismo e principalmente a violência.",8,0,4
Jefferson Campos,@DepJefferson,https://twitter.com/DepJefferson/status/1610674918592581634,2023-01-04T16:30:00.000Z,Se até na prisão é incentivada a leitura da Bíblia porque não numa escola? Uma verdadeira inversão de valores! 😡,8,4,24
