nome,usuario,idTweet,dataPublicacao,texto,replies,retweets,likes
João Daniel,@depjoaodanielpt,https://twitter.com/depjoaodanielpt/status/1620072886752149505,2023-01-30T14:54:10.000Z,🙏🏼✨ #Propriá e Bom Jesus dos Navegantes: Uma celebração histórica!,1,1,3
João Daniel,@depjoaodanielpt,https://twitter.com/depjoaodanielpt/status/1620053075301117952,2023-01-30T13:35:26.000Z,"⭐️🚩 #PT43AnosFaltam 11 dias para o aniversário do Partido das Trabalhadoras e dos Trabalhadores, são 43 anos de história política em defesa e amor pelo povo brasileiro.",0,2,8
João Daniel,@depjoaodanielpt,https://twitter.com/depjoaodanielpt/status/1620045275078492160,2023-01-30T13:04:27.000Z,"Moçada, estive no encontro da Juventude Quilombo em São Cristóvão, realizado neste fim de semana, e fiquei muito feliz em poder debater com essa turma os desafios do povo brasileiro e da juventude no atual momento do país.",1,3,9
João Daniel,@depjoaodanielpt,https://twitter.com/depjoaodanielpt/status/1619112361482407936,2023-01-27T23:17:23.000Z,"🚑💥 Moçada, hoje participei da grande solenidade de entrega de duas ambulâncias equipadas para fortalecer a Saúde Pública de Canindé de São Francisco e as necessidades da população quando tiver necessidade de transporte.",2,1,7
João Daniel,@depjoaodanielpt,https://twitter.com/depjoaodanielpt/status/1618995081700118528,2023-01-27T15:31:21.000Z,"Essa semana participei de entrevista à Simfm e falei sobre o serviço prestado pela Deso em #Sergipe!

Existem muitas reclamações e há muito o que ser feito. Mas nenhuma decisão que passe pela privatização deve ser aceita pela sociedade sergipana.",1,2,6
João Daniel,@depjoaodanielpt,https://twitter.com/depjoaodanielpt/status/1618980353263149058,2023-01-27T14:32:50.000Z,"#Aracaju terá mais uma grande exibição do filme ""O Povo Pode"", feito pelo cineasta Max Alvim nesta sexta-feira, 27.

O filme conta um pouco da trajetória do Brasil em tempos que levaram ao golpe da presidenta Dilma em 2016.",1,5,8
João Daniel,@depjoaodanielpt,https://twitter.com/depjoaodanielpt/status/1618720014504452096,2023-01-26T21:18:20.000Z,"Fiquei feliz com a aprovação do nome de Jean Paul Prates por parte do Conselho de Administração da Petrobras! 

A Petrobras voltará a atuar pelo desenvolvimento sustentável do país com @senadorjean e o Governo @LulaOficial .",1,8,35
João Daniel,@depjoaodanielpt,https://twitter.com/depjoaodanielpt/status/1618707382984638466,2023-01-26T20:28:08.000Z,"Desejamos muito sucesso na gestão e me coloco à disposição, como sempre fizemos, para sermos aliados na defesa das empresas públicas brasileiras e dos interesses maiores do nosso povo",0,1,5
João Daniel,@depjoaodanielpt,https://twitter.com/depjoaodanielpt/status/1618617368820977673,2023-01-26T14:30:27.000Z,"Moçada, como vocês já devem ter visto pela imprensa, o nosso mandato popular prestou uma queixa-crime junto à Procuradoria da República do DF responsabilizando o ex-presidente Jair Bolsonaro (PL) pelos crimes humanitários cometidos contra os povos originários #Yanomami,  (+)",3,14,37
João Daniel,@depjoaodanielpt,https://twitter.com/depjoaodanielpt/status/1617527959325396993,2023-01-23T14:21:32.000Z,Hoje os canhobenses comemoram os 85 anos de Emancipação Política do município de #Canhoba. Um dia muito especial para a população por mais uma data em que escrevem novos capítulos de sua história através da força e da resistência das filhas e filhos dessa terra tão promissora.,0,0,7
João Daniel,@depjoaodanielpt,https://twitter.com/depjoaodanielpt/status/1616566866906054664,2023-01-20T22:42:30.000Z,"Vitória dos ACS e ACEs, que vem lutando pelo reconhecimento profissional na área. ⭐️✨🚩🇧🇷",0,2,16
João Daniel,@depjoaodanielpt,https://twitter.com/depjoaodanielpt/status/1616538355243823106,2023-01-20T20:49:12.000Z,"Vitória dos ACS e ACEs, que vem lutando pelo reconhecimento profissional na área. ⭐️✨🚩🇧🇷",0,1,1
João Daniel,@depjoaodanielpt,https://twitter.com/depjoaodanielpt/status/1616533642502701092,2023-01-20T20:30:28.000Z,"🙏🏼 Hoje participei da Procissão de São Sebastião em Neópolis!

Ao lado do prefeito Célio de Zequinha, do Padre Raimundo e do vereador João Paulo, saímos da cidade às 5h30 e passamos por diversos pontos até a igreja do Povoado Porteiras.",1,2,9
João Daniel,@depjoaodanielpt,https://twitter.com/depjoaodanielpt/status/1616480429954957322,2023-01-20T16:59:01.000Z,"O Brasil voltou a ter um programa de referência mundial em segurança alimentar com o Bolsa Família, de R$ 600 e o acréscimo de R$ 150 por criança de até 6 anos, que começará a ser pago em março.

Seguimos firmes, ao lado do presidente @LulaOficial cuidando do povo brasileiro.",0,1,3
João Daniel,@depjoaodanielpt,https://twitter.com/depjoaodanielpt/status/1615774272219406336,2023-01-18T18:13:00.000Z,"NA LUTA POR ÁGUA E ENERGIA PÚBLICAS E DE QUALIDADE!

Hoje foi dia de acompanhar o Encontro da Federação Regional dos Urbanitários do Nordeste (FRUNE) e ressaltar a minha luta na Câmara dos Deputados por energia e água públicas e de qualidade para todos os brasileiros.#Sergipe",1,8,15
João Daniel,@depjoaodanielpt,https://twitter.com/depjoaodanielpt/status/1615749997550510081,2023-01-18T16:36:33.000Z,"A partir desta quarta-feira, 18, os beneficiários do Bolsa Família começam a receber R$ 600,00 e a partir de março será incluso no benefício os R$150 referente às crianças de 0 a 6 anos.",1,2,5
João Daniel,@depjoaodanielpt,https://twitter.com/depjoaodanielpt/status/1615732883347632130,2023-01-18T15:28:32.000Z,"Em instantes estarei ao vivo na Rio FM 89,1 de Porto da Folha!

Já estava com saudades de falar pelas ondas do rádio com o povo querido do Sertão de Sergipe.

Vamos falar sobre os trabalhos do nosso mandato popular e as transformações que o Governo Lula trará para o Brasil!",0,0,5
João Daniel,@depjoaodanielpt,https://twitter.com/depjoaodanielpt/status/1615701596817526786,2023-01-18T13:24:13.000Z,"Parabenizamos todas as universidades públicas brasileiras, em especial a Universidade Federal de Sergipe (UFS), que tem um grande reconhecimento (inter)nacional, a qual vem contribuindo, com louvor, em pesquisas, projetos e na educação pública brasileira. #UFS #Sergipe 🎓📚✨",1,4,11
João Daniel,@depjoaodanielpt,https://twitter.com/depjoaodanielpt/status/1614030055524696064,2023-01-13T22:42:07.000Z,"LULA, O PRESIDENTE DO POVO BRASILEIRO.

A visita e agradecimentos do presidente Lula aos trabalhadores que limparam e reergueram o Palácio do Planalto, depois dos estragos feitos pelos terroristas.",0,2,2
João Daniel,@depjoaodanielpt,https://twitter.com/depjoaodanielpt/status/1613893704116502529,2023-01-13T13:40:18.000Z,"CAIXA ECONÔMICA BEM REPRESENTADA ✊🏼✅Estou muito feliz por acompanhar o aniversário de 162 anos da Caixa Econômica Federal e visto a posse de uma mulher de carreira, com uma história em defesa da classe trabalhadora, dos bancários e da Caixa.",1,3,20
João Daniel,@depjoaodanielpt,https://twitter.com/depjoaodanielpt/status/1613718165766426624,2023-01-13T02:02:46.000Z,"🛐💐 Nesta data gostaria de homenagear o companheiro Dionísio Cruz, que nos deixou em 2005 vitima de um assalto à agência dos Correios, no município de São Francisco. (+)",2,5,28
João Daniel,@depjoaodanielpt,https://twitter.com/depjoaodanielpt/status/1613639017462898688,2023-01-12T20:48:16.000Z,"São graves as informações da @folha e @g1 sobre a minuta encontrada na casa de Anderson Torres, mas não são uma surpresa! 

Que Bolsonaro é o mandante do terrorismo golpista no país, já sabíamos. O que faltavam eram as provas, que agora começam a aparecer!",1,6,13
João Daniel,@depjoaodanielpt,https://twitter.com/depjoaodanielpt/status/1613319028411617280,2023-01-11T23:36:45.000Z,"🚩🇧🇷 Participamos da cerimônia de posse dos Ministérios dos Povos Indígenas e da Igualdade Racial no Palácio do Planalto. 

Parabenizamos as ministras @GuajajaraSonia e @aniellefranco e celebramos este dia histórico na reconstrução do nosso país.",2,7,26
João Daniel,@depjoaodanielpt,https://twitter.com/depjoaodanielpt/status/1613286142929178624,2023-01-11T21:26:04.000Z,"📍🚧 Acabei de visitar as áreas da Câmara dos Deputados que foram depredadas e vandalizadas pela ação dos terroristas no último dia 8 de janeiro aqui em Brasília. 

Os servidores desta casa, a classe trabalhadora segue atuando firmemente para manter a ordem e a limpeza do local.",0,2,7
João Daniel,@depjoaodanielpt,https://twitter.com/depjoaodanielpt/status/1612818416628387841,2023-01-10T14:27:29.000Z,"Na condição de presidente da Federação Fé Brasil (PT, PCdoB e PV) e sob a liderança da vice-presidente estadual do @PTsergip, @analuciavieira , convocamos uma plenária com movimentos sociais, sindicais e popular, com mais de 100 lideranças do campo democrático popular. (+)",1,3,2
João Daniel,@depjoaodanielpt,https://twitter.com/depjoaodanielpt/status/1612813153603141633,2023-01-10T14:06:35.000Z,"Há imagens de um ônibus com diversas figuras conhecidas em nosso estado, além de entrevistas de pessoas que confirmam a naturalidade sergipana. É preciso empenho das autoridades, principalmente de Sergipe, na condução dessas investigações. 

Confira: http://revistarealce.com/2023/01/09/joao-daniel-cobra-punicao-a-sergipanos-envolvidos-em-atos-terroristas-no-df/…",3,7,74
João Daniel,@depjoaodanielpt,https://twitter.com/depjoaodanielpt/status/1612811073647939585,2023-01-10T13:58:19.000Z,"Na tarde de ontem, segunda-feira, participei deste grande movimento ao lado de membros das centrais sindicais e representantes da Frente Ampla em Defesa do Brasil e do gov. do presidente @LulaOficial .#Sergipe",1,4,11
João Daniel,@depjoaodanielpt,https://twitter.com/depjoaodanielpt/status/1612472030971953152,2023-01-09T15:31:05.000Z,"Manifestamos, em nome da Federação Brasil da Esperança/SE, o mais veemente repúdio aos atos terroristas fascistas ocorridos ontem em Brasília, com a conivência do Gov. Ibaneis Rocha, do DF e do seu Secretário de Segurança Pública, Anderson Torres ...",0,4,3
João Daniel,@depjoaodanielpt,https://twitter.com/depjoaodanielpt/status/1612461160892178433,2023-01-09T14:47:53.000Z,"Frente Brasil da Esperança (FE BRASIL) PT, PV e PCdoB em #Sergipe, convoca toda a militância p/ participar do ATO PÚBLICO EM DEFESA DA DEMOCRACIA E DO ESTADO DEMOCRÁTICO DE DIREITO. 

Participe e mobilize-se!",0,1,22
João Daniel,@depjoaodanielpt,https://twitter.com/depjoaodanielpt/status/1612242529662935040,2023-01-09T00:19:07.000Z,"Quantos e quais foram os sergipanos que estavam presentes no terrorismo fascista de Brasília?! Quem financiou essa viagem? 

Precisamos saber e contamos com a colaboração do governador @FabioMitidieri_ e do secretário de Segurança Pública João Eloy.

Punição imediata já!",0,1,3
João Daniel,@depjoaodanielpt,https://twitter.com/depjoaodanielpt/status/1612197298838306816,2023-01-08T21:19:23.000Z,"Parabenizo o presidente @LulaOficial pelas determinações firmes e necessárias.

Elegemos um governo democrático e popular e ninguém pode conter a ordem democrática.

Os bandidos devem ser punidos e e defendo a prisão imediata do criador disso tudo: o ex-presidente Bolsonaro!",0,1,8
João Daniel,@depjoaodanielpt,https://twitter.com/depjoaodanielpt/status/1612173976352215042,2023-01-08T19:46:43.000Z,"O que acompanhamos no Brasil neste momento é consequência de um governo radical de extrema direita que perdeu a eleição democraticamente.

O resto do banditismo e do fascismo que toma conta dos Três Poderes de Brasília deve ser responsabilizado com todo o rigor da lei.",3,3,7
João Daniel,@depjoaodanielpt,https://twitter.com/depjoaodanielpt/status/1612158542575722496,2023-01-08T18:45:23.000Z,O ato que está ocorrendo em Brasília e Criminoso e são bandidos que precisam ser punidos nos rigores da lei,2,1,10
João Daniel,@depjoaodanielpt,https://twitter.com/depjoaodanielpt/status/1611359552108376068,2023-01-06T13:50:29.000Z,"Acompanho o caso Genivaldo desde o início, quando apresentei o Projeto de Lei 1390/2022 para uma indenização à família da vítima, inclusive cobramos na última sessão da Câmara dos deputados ao presidente Artur Lira.  
(+)https://camara.leg.br/proposicoesWeb/fichadetramitacao?idProposicao=2325104…",1,4,12
João Daniel,@depjoaodanielpt,https://twitter.com/depjoaodanielpt/status/1611006508489228295,2023-01-05T14:27:37.000Z,"A emoção tomou conta do povo brasileiro que junto ao presidente Lula, irá construir um Brasil de todos e todas!",0,6,31
João Daniel,@depjoaodanielpt,https://twitter.com/depjoaodanielpt/status/1610299968950075394,2023-01-03T15:40:05.000Z,"Posse do Ministro dos Direitos Humanos e da Cidadania, @silviolual , grande lutador que honra o povo brasileiro e devolve a dignidade, o respeito aos direitos humanos em sua plenitude.#direitoshumanos #SilvioAlmeida #presidentelula",1,2,13
João Daniel,@depjoaodanielpt,https://twitter.com/depjoaodanielpt/status/1610290350429724673,2023-01-03T15:01:51.000Z,"Participamos nesta terça, 03/01, da posse do companheiro @pauloteixeira13 como ministro do Desenvolvimento Agrário (MDA).

 Parabenizamos o companheiro e juntos vamos trabalhar para garantir a Soberania Alimentar e combater a fome neste país.",0,1,5
João Daniel,@depjoaodanielpt,https://twitter.com/depjoaodanielpt/status/1610282000736190464,2023-01-03T14:28:41.000Z,"A POSSE DE LULA É O RESGATE DA CIDADANIA BRASILEIRA.

Todos os atos representaram o simbolismo de tudo que o governo prepara para esse processo de transformação e reconstrução do País. 

Segue o🧶#LulaPresidente",2,7,46
