nome,usuario,idTweet,dataPublicacao,texto,replies,retweets,likes
Rosana Valle,@DepRosanaValle,https://twitter.com/DepRosanaValle/status/1620043979336339457,2023-01-30T12:59:18.000Z,"Acabei de ver Marinho cresce na disputa e Pacheco faz conta com número de senadores dos partidos que o apoiam, como se todos votassem nele - Clique para ver também ☛  https://terrabrasilnoticias.com/2023/01/marinho-cresce-na-disputa-e-pacheco-faz-conta-com-numero-de-senadores-dos-partidos-que-o-apoiam-como-se-todos-votassem-nele/… via @TerraBrasilnot",5,3,42
Rosana Valle,@DepRosanaValle,https://twitter.com/DepRosanaValle/status/1619657561023860738,2023-01-29T11:23:48.000Z,"Cracolândias: é possível reverter a situação. Em SP o trabalho já começou. Vejam o que o governador de SP, @tarcisiogdf falou sobre o tema.",17,21,118
Rosana Valle,@DepRosanaValle,https://twitter.com/DepRosanaValle/status/1619348025809436679,2023-01-28T14:53:50.000Z,"#Partiu Brasília com a Lolla 

Pé na estrada 🛣️ Mais mil quilômetros de carro 🚗 até a Capital Federal!

Desta vez, na companhia da família que vai estar comigo na posse do segundo mandato 🙌Ótimo fim de semana, pessoal!",7,4,70
Rosana Valle,@DepRosanaValle,https://twitter.com/DepRosanaValle/status/1619020640773894146,2023-01-27T17:12:55.000Z,É sigilo de 100 anos ? É isso mesmo? Governo Lula coloca em sigilo dados sobre festa de posse no Itamaraty @UOLNoticias @UOL,11,5,30
Rosana Valle,@DepRosanaValle,https://twitter.com/DepRosanaValle/status/1618210086173933569,2023-01-25T11:32:04.000Z,A manutenção do elevador precisa ser constante. São milhares de pessoas que dependem desse acesso próximo à Alfândega de Santos.,10,5,29
Rosana Valle,@DepRosanaValle,https://twitter.com/DepRosanaValle/status/1617216952476307459,2023-01-22T17:45:42.000Z,"Queria que fosse Fake News essa notícia, mas não é …",16,7,23
Rosana Valle,@DepRosanaValle,https://twitter.com/DepRosanaValle/status/1616788653258452994,2023-01-21T13:23:48.000Z,"🚨URGENTE!🚨A obra do VLT da Área Continental de SV está liberada e vai começar em breve! O governador @tarcisiogdf publicou hoje no D.O. do Estado, a autorização para a realização da licitação da obra que vai levar o VLT para a área continental de SV!",11,12,90
Rosana Valle,@DepRosanaValle,https://twitter.com/DepRosanaValle/status/1616095048860418050,2023-01-19T15:27:39.000Z,"Essa é mais uma prova do empenho do governo Bolsonaro nos últimos anos no País. Um grupo técnico alcançou esse resultado. Espero que a situação do Brasil não se complique. Desemprego recua para 8,1% em novembro | Economia | G1",2,2,19
Rosana Valle,@DepRosanaValle,https://twitter.com/DepRosanaValle/status/1615707449721233409,2023-01-18T13:47:29.000Z,"Com recursos do Governo Bolsonaro e trabalho do nosso mandato, as obras do Conjunto Tancredo Neves, na Baixada Santista, foram  retomadas. Falta pouco para as 1.120 famílias realizarem o sonho da casa própria.",4,7,51
Rosana Valle,@DepRosanaValle,https://twitter.com/DepRosanaValle/status/1615322763157463041,2023-01-17T12:18:52.000Z,"Espero que o túnel seja prioridade nesse Governo. Não aguentamos mais ouvir tantos projetos sobre a ligação seca. Sobre a fala do ministro da volta do poder deliberativo do CAP, temos o nosso PL, que aguarda ser pautado na comissão de Viação e Transportes da Câmara Federal. 👊",21,6,54
Rosana Valle,@DepRosanaValle,https://twitter.com/DepRosanaValle/status/1614971903801790464,2023-01-16T13:04:41.000Z,Tarcísio diz que é preciso “olhar para frente” após ataques e fala em atrair investimentos para SP #CNNBrasil | notícias da @CNNBrasil,5,1,18
Rosana Valle,@DepRosanaValle,https://twitter.com/DepRosanaValle/status/1614225877759303687,2023-01-14T11:40:14.000Z,"Privatização do Porto de Santos.
As discussões com o novo Governo caminham e a concessão a longo prazo do serviço de dragagem poderia ser o início desse processo. O porto precisa ter autonomia e competitividade. Não podemos mais esperar. Precisamos  investimentos e condições.",20,18,116
Rosana Valle,@DepRosanaValle,https://twitter.com/DepRosanaValle/status/1613522026957774850,2023-01-12T13:03:23.000Z,"O futuro do Porto de Santos tem ser traçado de forma eficiente, sem ideologias. O governador @tarcisiogdf, enquanto ministro, fez uma reformulação efetiva no cais santista. Não podemos ter retrocessos. A ligação seca entre Santos e Guarujá tem que sair.",8,44,345
Rosana Valle,@DepRosanaValle,https://twitter.com/DepRosanaValle/status/1613139037409382401,2023-01-11T11:41:31.000Z,A Redução do ICMS do combustível de aviação foi uma decisão assertiva do governador @tarcisiogdf Precisamos fomentar o turismo que foi um dos setores mais prejudicados na pandemia.,10,97,659
Rosana Valle,@DepRosanaValle,https://twitter.com/DepRosanaValle/status/1612828747924901888,2023-01-10T15:08:33.000Z,"Não aceito a generalização que o PT quer impor nesse momento, como se todos os que vestem verde amarelo fossem criminosos. Vandalismo não está atrelado a ideologia. Depredação do patrimônio público e incitação à desordem são atos CRIMINOSOS e devem ser punidos com rigor.",35,29,179
Rosana Valle,@DepRosanaValle,https://twitter.com/DepRosanaValle/status/1612224596996165633,2023-01-08T23:07:52.000Z,"Um dia triste para o Brasil.Manifestações pacíficas fazem parte da democracia, mas não podemos ver brasileiros contra brasileiros nem depredação do patrimônio  público. Assim o país caminha para o caos.",39,5,51
Rosana Valle,@DepRosanaValle,https://twitter.com/DepRosanaValle/status/1611732339079675906,2023-01-07T14:31:48.000Z,"Mais uma rivalidade absurda. Agora, com a educação. Querem alterar boas iniciativas do governo Bolsonaro. As escolas cívico-militares são boas iniciativas de ensino no mundo todo. A decisão é dos pais. Quem não quer, não matricula o filho, mas a opção precisa ser mantida.",18,20,86
Rosana Valle,@DepRosanaValle,https://twitter.com/DepRosanaValle/status/1611332146362187778,2023-01-06T12:01:35.000Z,O Porto de Santos precisa manter seu crescimento. Isso pode ser potencializado com a privatização. Precisamos pensar no futuro da nossa região e a ligação seca entre Santos/Guarujá sair do papel.,18,14,170
Rosana Valle,@DepRosanaValle,https://twitter.com/DepRosanaValle/status/1610652401043636224,2023-01-04T15:00:31.000Z,"A geração de empregos foi uma das grandes marcas do governo de @jairbolsonaro. Os números mostram isso.  A população desempregada que chegou a 15,4 milhões, em maio de 2021 recuou para 8,9 milhões, em outubro de 2022. Esse número é o menor já observado desde julho de 2015.",5,12,93
Rosana Valle,@DepRosanaValle,https://twitter.com/DepRosanaValle/status/1610311123256975361,2023-01-03T16:24:24.000Z,"A volta de um grupo parou no tempo, de ideias que foram implantadas e de resultados que não foram bons para o país.",2,3,25
Rosana Valle,@DepRosanaValle,https://twitter.com/DepRosanaValle/status/1609706339311276034,2023-01-02T00:21:12.000Z,Cuidar dos paulistas. Esse é o foco do Governo ⁦@tarcisiogdf⁩,5,2,20
