nome,usuario,idTweet,dataPublicacao,texto,replies,retweets,likes
Domingos Neto,@Domingos_Neto,https://twitter.com/Domingos_Neto/status/1620076666923143168,2023-01-30T15:09:11.000Z,Dou conta?,0,0,4
Domingos Neto,@Domingos_Neto,https://twitter.com/Domingos_Neto/status/1620076346096640000,2023-01-30T15:07:55.000Z,Não tô sabendo lidar com esses miniparlamentares <3,0,0,8
Domingos Neto,@Domingos_Neto,https://twitter.com/Domingos_Neto/status/1616919377940455427,2023-01-21T22:03:15.000Z,"Dou maior valor, ó",2,0,12
Domingos Neto,@Domingos_Neto,https://twitter.com/Domingos_Neto/status/1616393997764755457,2023-01-20T11:15:34.000Z,A Bancada do PSD recebeu ontem o presidente @ArthurLira_ para um jantar. Conversamos sobre os desafios da Câmara para a próxima legislatura e reiteramos a disposição do partido para colaborar nas pautas positivas para o país.,1,0,4
Domingos Neto,@Domingos_Neto,https://twitter.com/Domingos_Neto/status/1613649904739680256,2023-01-12T21:31:32.000Z,Notícia boa vinda do Tik Tok da @camaradeputados. Parabéns à equipe 👏👏👏👏,0,0,3
Domingos Neto,@Domingos_Neto,https://twitter.com/Domingos_Neto/status/1612873138601082880,2023-01-10T18:04:56.000Z,"Nosso obrigado aos servidores, comissionados e trabalhadores terceirizados da Câmara que fizeram um trabalho exemplar de limpeza, (tentativa de) recuperação e restauração do patrimônio após danos. O Brasil agradece! 👏👏👏👏👏👏",0,0,3
Domingos Neto,@Domingos_Neto,https://twitter.com/Domingos_Neto/status/1612376264265924608,2023-01-09T09:10:32.000Z,"O Congresso Nacional é a Casa de todos nós e foi assim que a deixaram ontem. Ainda não foi possível saber quanto custará a reforma, mas o custo ao patrimônio e para a democracia são altíssimos.",1,0,9
Domingos Neto,@Domingos_Neto,https://twitter.com/Domingos_Neto/status/1612376042290745344,2023-01-09T09:09:39.000Z,Muitos de vocês conhecem esses locais porque estiveram ao meu lado nesses salões e corredores. 😔Fotos: Jefferson Rudy/Agência Senado,3,1,6
Domingos Neto,@Domingos_Neto,https://twitter.com/Domingos_Neto/status/1612203967123185666,2023-01-08T21:45:53.000Z,"Lamentável o que está acontecendo em Brasília. Ser patriota é, também, respeitar os poderes da República. Esperamos que se respeite o Estado de Direito e que se coloque fim ao vandalismo nas instituições públicas.",1,1,5
Domingos Neto,@Domingos_Neto,https://twitter.com/Domingos_Neto/status/1611078747074994177,2023-01-05T19:14:40.000Z,Já é o segundo ano que vou pro BBB só na fake news 😂😂😂,0,0,2
Domingos Neto,@Domingos_Neto,https://twitter.com/Domingos_Neto/status/1610702691948429312,2023-01-04T18:20:21.000Z,"Quem é forrozeiro como eu sentiu com luto a partida de  Rita de Cássia. Com ela, vai também uma parte importante da verdadeira Música Popular Brasileira, nossa memória e cultura . A nação forrozeira agradece por tudo, Rita 🙏",0,2,9
Domingos Neto,@Domingos_Neto,https://twitter.com/Domingos_Neto/status/1610376284328136705,2023-01-03T20:43:20.000Z,"Uma honra prestigiar a posse amigo do ministro @Andredepaula55 na pasta da Pesca e Aquicultura. Seu discurso enfatizou a importância da defesa desse setor, incluindo pequenos criadores e artesanais. Com certeza, vai ajudar muito o nosso estado! 🙌🏽🙌🏽",0,0,4
Domingos Neto,@Domingos_Neto,https://twitter.com/Domingos_Neto/status/1610290345840971778,2023-01-03T15:01:50.000Z,Uma dos meus objetivos no mandato que chega é trabalhar ainda mais pela indústria local.  As políticas de acesso à crédito e profissionalização comercial precisam acompanhar o Brasil de hoje com seus  14 milhões de MEIs que correspondem a 70% das empresas do país!,0,0,5
