nome,usuario,idTweet,dataPublicacao,texto,replies,retweets,likes
Dr. Luizinho,@Doutorluizinhot,https://twitter.com/Doutorluizinhot/status/1618764705191047168,2023-01-27T00:15:55.000Z,"Não é rivalidade.Não é brincadeira!! É CRIME !!!!
Mais uma vez @vinijr sofre com racismo e preconceito. O Futebol não pode mais admitir isto , os responsáveis sejam punidos !Todo apoio ao nosso eterno rubro-negro .",3,2,24
Dr. Luizinho,@Doutorluizinhot,https://twitter.com/Doutorluizinhot/status/1617636710711713793,2023-01-23T21:33:40.000Z,"Quero parabenizar a @azulinhasaereas pela iniciativa de melhorar o serviço de transporte de cães e gatos para até 10kg na cabine, antes era permitida apenas para pets com até 7kg #RJPET",2,1,11
Dr. Luizinho,@Doutorluizinhot,https://twitter.com/Doutorluizinhot/status/1612189569708859392,2023-01-08T20:48:41.000Z,"O Congresso Nacional , STF e o Palácio do Planalto são invioláveis, assim como Casa do mais humilde dos brasileiros , não é possível aceitar invasões e depredações dos prédios mais importantes da República, assim como fosse a casa de qq brasileiro ! Respeito a constituição!",4,4,19
