nome,usuario,idTweet,dataPublicacao,texto,replies,retweets,likes
Deputado Dr. Luiz Ovando,@drluizovando,https://twitter.com/drluizovando/status/1618702425107619841,2023-01-26T20:08:26.000Z,"Nota de esclarecimento.
É esperado que as autoridades e a sociedade continuem a buscar soluções para garantir a saúde e o bem-estar dos indígenas Yanomami e de todas as comunidades indígenas do país. Porém, não posso permitir que a grande mídia desvirtue o sentido do que falamos.",20,12,66
Deputado Dr. Luiz Ovando,@drluizovando,https://twitter.com/drluizovando/status/1616530906792984577,2023-01-20T20:19:36.000Z,🚨Atenção: Nota de esclarecimento,27,26,158
Deputado Dr. Luiz Ovando,@drluizovando,https://twitter.com/drluizovando/status/1615432129533607936,2023-01-17T19:33:27.000Z,"É preciso ao menos 41 votos para elegermos o ex-ministro de Bolsonaro, Rogério Marinho, presidente do Senado. Só assim poderemos responder aos anseios da sociedade e contrapor os excessos do Judiciário. Cobre seu senador, só assim poderemos vencer Pacheco nessa disputa.",389,1.847,7.075
