nome,usuario,idTweet,dataPublicacao,texto,replies,retweets,likes
Enio Verri,@enioverri,https://twitter.com/enioverri/status/1620148180615827456,2023-01-30T19:53:21.000Z,"Nossa liderança reabre as portas depois do ataque de ódio e golpista do dia 8.
Fizemos as reformas e nos reerguemos mais fortes e com a mais absoluta certeza de estarmos do lado certo e que vamos continuar em defesa pela democracia. 
Foto: Gabriel Paiva. @PTnaCamara",2,12,57
Enio Verri,@enioverri,https://twitter.com/enioverri/status/1620040166546219008,2023-01-30T12:44:09.000Z,"30 dias de Lula presidente!
São 30 dias que o Brasil respira novos ares. Ares de democracia e governo de verdade. Temos visto o nosso país voltar a atuar no cenário internacional com respeito e estratégia. (+)",6,17,76
Enio Verri,@enioverri,https://twitter.com/enioverri/status/1619770307405058048,2023-01-29T18:51:49.000Z,"Relatório do interventor Ricardo Cappelli apresenta mais falhas na segurança no dia da tentativa de golpe em Brasília. Cada dia mais absurdo e ""estranho"" o plano de contenção pensado para o dia 8 de janeiro.",3,20,56
Enio Verri,@enioverri,https://twitter.com/enioverri/status/1619669441364770816,2023-01-29T12:11:01.000Z,Bom dia! Já estamos fazendo história reconstruindo o Brasil.,6,7,72
Enio Verri,@enioverri,https://twitter.com/enioverri/status/1619368680613376000,2023-01-28T16:15:54.000Z,Excelente notícia! Ministério da Saúde aprova R$ 600 milhões para reduzir as filas de cirurgias e atendimentos especializados. Resgate de ações essenciais para a saúde.,3,10,64
Enio Verri,@enioverri,https://twitter.com/enioverri/status/1619078185173524480,2023-01-27T21:01:35.000Z,"A prisão da ""Dona Fátima"", envolvida em atos golpistas, confirma a máxima sobre os golpistas: não falha um! Ela já tinha antecedentes criminais: foi condenada por tráfico de drogas com envolvimento de menor de idade em 2014.",6,9,48
Enio Verri,@enioverri,https://twitter.com/enioverri/status/1619029769844310016,2023-01-27T17:49:11.000Z,Lula retomando a política da civilidade e democrática ao governo brasileiro.,5,11,45
Enio Verri,@enioverri,https://twitter.com/enioverri/status/1618976445304573952,2023-01-27T14:17:18.000Z,"Fiz questão de entregar à primeira-dama Janja o livro do amigo de Maringá, Flávio Augusto, ""Por mais que possa parecer ambíguo"", a pedido dele. Flávio, está entregue e recebido em mãos pela própria @JanjaLula! 
A foto é do deputado estadual e presidente do PT-PR, @arilsonchiorato",3,13,124
Enio Verri,@enioverri,https://twitter.com/enioverri/status/1618731858614964224,2023-01-26T22:05:24.000Z,"Me sinto honrado do @LulaOficial escolher meu nome para assumir essa nova missão em Itaipu! ✅ Aceito o desafio e pretendo contribuir para o avanço econômico, tecnológico e social do nosso país. 

Foto: Ricardo Stuckert",102,248,2.287
Enio Verri,@enioverri,https://twitter.com/enioverri/status/1618326898433744896,2023-01-25T19:16:14.000Z,"Depois de 6 anos sofrendo com as ameaças de privatização, os servidores dos Correios — e todos nós — podemos comemorar esse Dia dos Correios e Telégrafos com mais tranquilidade pela enfim retirada da estatal da lista de privatizações. Mais uma ação positiva de Lula!",21,62,400
Enio Verri,@enioverri,https://twitter.com/enioverri/status/1618054477860458502,2023-01-25T01:13:44.000Z,🚨 Já chegou no seu grupo do ZAP que o Lula vai acabar com o real? Essa é a mais nova mentira da base do ódio! Hoje na minha entrevista ao Blog do Esmael fui questionado sobre a criação da moeda única e fiz questão de explicar a verdade ⬇️,3,19,93
Enio Verri,@enioverri,https://twitter.com/enioverri/status/1617596795080814593,2023-01-23T18:55:04.000Z,"Reencontrando o ministro das Relações Institucionais, @padilhando, meu ex-colega de bancada na Câmara. Já estou em Brasília para agendas com nosso novo governo.",3,7,75
Enio Verri,@enioverri,https://twitter.com/enioverri/status/1617254619742343168,2023-01-22T20:15:23.000Z,É com tristeza que assistimos as notícias que estão chegando sobre a tragédia do povo Yanomami. Nos revolta saber que vidas poderiam ter sido salvas se àqueles que deveriam proteger o povo brasileiro tivessem cumprido seu papel.,13,22,159
Enio Verri,@enioverri,https://twitter.com/enioverri/status/1616469345986568196,2023-01-20T16:14:59.000Z,Hoje acontece a Sanção Presidencial do PL 1802/19. Parabéns aos Agentes Comunitários de Saúde e de Combate às Endemias pela merecida conquista da categoria! 👏 Foram anos de luta para o reconhecimento e regulamentação dessa profissão que é essencial para todos nós.,0,7,34
Enio Verri,@enioverri,https://twitter.com/enioverri/status/1616207721237254161,2023-01-19T22:55:23.000Z,"🚩 Hoje é dia de relembrar! 👏🏻 📰 Em setembro, a Revista Veja divulgou avaliação sobre performance de parlamentares no Congresso Nacional. 🧔🏻‍♂O meu nome estava na lista melhor parlamentar do Paraná e o 4° no Brasil, no quesito FISCALIZAÇÃO.",1,3,35
Enio Verri,@enioverri,https://twitter.com/enioverri/status/1615835141246525462,2023-01-18T22:14:53.000Z,"⭐ Lula prometeu e cumpriu! 👏🏻✅💰 Começou hoje o pagamento dos R$ 600 para os inscritos no Bolsa Família!

O programa vai contemplar quase 22 milhões de famílias brasileiras e trazer de volta ao orçamento àqueles que mais precisam!",6,23,79
Enio Verri,@enioverri,https://twitter.com/enioverri/status/1615684129735204864,2023-01-18T12:14:49.000Z,"🚨 Estou ao vivo na TV PT Brasil para explicar tudo sobre a herança maldita deixada por Bolsonaro para o Imposto de Renda 2023! 

Vem acompanhar 😉 
 https://fb.watch/i7CG3zMBNm/",3,13,36
Enio Verri,@enioverri,https://twitter.com/enioverri/status/1615420904548311040,2023-01-17T18:48:51.000Z,"Tem muita fake news e desinformação sobre o imposto de renda circulando por aí! Por isso, amanhã vou participar do Jornal PT BRASIL e falar tudo sobre o tema. 😉",4,20,66
Enio Verri,@enioverri,https://twitter.com/enioverri/status/1615157295897346050,2023-01-17T01:21:22.000Z,A esperança está renascendo! Pesquisa IPEC mostra que 55% dos brasileiros e brasileiras acreditam que Lula fará um bom/ótimo governo... Por aqui também não temos dúvidas disso! 👏,8,23,151
Enio Verri,@enioverri,https://twitter.com/enioverri/status/1615152694968160256,2023-01-17T01:03:05.000Z,"GOVERNO ALIADO DOS PROFESSORES! Com o novo piso do magistério, que vai chegar a R$ 4.420,55, o MEC, com o ministro @CamiloSantanaCE, inicia uma das marcas desse novo governo Lula: a valorização da educação e dos seus profissionais!",7,13,86
Enio Verri,@enioverri,https://twitter.com/enioverri/status/1615058199958392833,2023-01-16T18:47:35.000Z,🚨 MENTIRA! Tem circulado por alguns grupos um vídeo com informações falsas sobre o meu trabalho junto ao PT. É um absurdo até onde a base do ódio chega com suas mentiras. O autor dessas fake news precisa ser responsabilizado pela tentativa de causar pânico entre os paranaenses!,5,10,34
Enio Verri,@enioverri,https://twitter.com/enioverri/status/1614720754796339201,2023-01-15T20:26:42.000Z,"Depois de atentarem contra a democracia, destruírem o patrimônio brasileiro e instaurarem um clima de hostilidade no país, golpistas estão querendo anistia! Na hora de enfrentarem seus atos criminosos pedem para que a justiça feche os olhos.",6,25,142
Enio Verri,@enioverri,https://twitter.com/enioverri/status/1614323483546193929,2023-01-14T18:08:05.000Z,"Não é fácil conduzir um país de volta à ordem quando a balbúrdia dos últimos anos ainda resiste. Após tanto desrespeito, qualquer conduta em defesa à democracia é vista como autoritária por aqueles que tentam de todas as formas a atacar.",13,11,73
Enio Verri,@enioverri,https://twitter.com/enioverri/status/1613909047069257729,2023-01-13T14:41:16.000Z,"E é claro que a base do ódio se aproveita da situação para responsabilizar Lula e Haddad, mas esquecem de contar a verdade sobre a correção fiscal: que deveria ter sido feita por Bolsonaro, quando ainda na presidência, para que pudesse ter valor agora em 2023!",1,8,60
Enio Verri,@enioverri,https://twitter.com/enioverri/status/1613904367803052032,2023-01-13T14:22:40.000Z,"E mais uma vez quem paga a conta pela incompetência de Bolsonaro é o povo brasileiro! A ""herança maldita"" deixada pelo antigo desgoverno — causada pela falta de reajuste na tabela de IR — agora obriga pessoas que ganham um salário mínimo e meio a pagarem uma tributação de 7,5%.",5,20,116
Enio Verri,@enioverri,https://twitter.com/enioverri/status/1613893543084556291,2023-01-13T13:39:40.000Z,Dia 13 de janeiro! O 1° do ano e o primeiro já com Lula presidente! Um número que traz muita sorte para o Brasil!#dia13 #Lula13 #EnioVerri,1,5,71
Enio Verri,@enioverri,https://twitter.com/enioverri/status/1613622049473466368,2023-01-12T19:40:50.000Z,Isso é grave! Aos poucos vamos descobrindo a profundidade dos planos criminosos de Bolsonaro e seus aliados. Que sejam todos investigados e sirvam de aviso para outros que ainda atentam contra a democracia.,1,19,64
Enio Verri,@enioverri,https://twitter.com/enioverri/status/1613605442264891411,2023-01-12T18:34:51.000Z,"Bolsonaro gastou em um único dia mais de R$ 109 mil reais num modesto restaurante de Boa Vista, onde a marmita mais cara custa R$ 23. Essa conta faz sentido pra você?",4,19,33
Enio Verri,@enioverri,https://twitter.com/enioverri/status/1613519529283297280,2023-01-12T12:53:28.000Z,Já deram uma olhada no dinheiro usado por Bolsonaro no cartão corporativo? O homem que dizia ter hábitos simples gastou mais de R$ 27 MILHÕES nos últimos 4 anos!,26,70,328
Enio Verri,@enioverri,https://twitter.com/enioverri/status/1613495059957141507,2023-01-12T11:16:14.000Z,"Parabéns à UNILA pelos seus 13 anos de existência! Dia de comemorar a universidade, o ensino superior e nos unir por novas conquistas. Uma delas é  a inauguração do primeiro prédio próprio para atividades acadêmicas, que os estudantes vão poder conhecer já em fevereiro!",0,5,53
Enio Verri,@enioverri,https://twitter.com/enioverri/status/1613360118422450179,2023-01-12T02:20:01.000Z,Minha solidariedade ao @Cristianozaninm pelos ataques sofridos no aeroporto de Brasília. Não cabe mais essas agressões na nossa sociedade. Que seja logo identificado o valentão.,0,5,70
Enio Verri,@enioverri,https://twitter.com/enioverri/status/1613267225506455554,2023-01-11T20:10:54.000Z,Imagens desse fim de tarde no Palácio do Planalto e Praça dos Três Poderes. 📸Lula Marques,55,61,586
Enio Verri,@enioverri,https://twitter.com/enioverri/status/1613263061711978499,2023-01-11T19:54:21.000Z,Educação e saúde voltando a ser prioridade! Um presidente que sabe o valor dessas duas áreas essenciais para todos os brasileiros e brasileiras.,0,5,45
Enio Verri,@enioverri,https://twitter.com/enioverri/status/1613237680782860288,2023-01-11T18:13:30.000Z,"Nós, do Poder Legislativo, também estamos em total consonância com a defesa do Estado Democrático de Direito, assim como Lula, no Poder Executivo, e o Poder Judiciário.",1,8,31
Enio Verri,@enioverri,https://twitter.com/enioverri/status/1613231493777612810,2023-01-11T17:48:55.000Z,Primeiro sigilo de 100 anos derrubado: a lista de visitas que de Michelle Bolsonaro no Palácio da Alvorada.,2,11,31
Enio Verri,@enioverri,https://twitter.com/enioverri/status/1613222779200933904,2023-01-11T17:14:17.000Z,"Para quem estava pensando em ir a atos golpistas, a Esplanada e Estados estão prontos para barrar qualquer ato criminoso contra a democracia.",2,8,84
Enio Verri,@enioverri,https://twitter.com/enioverri/status/1613166268135219200,2023-01-11T13:29:44.000Z,"Mesmo depois de tudo que aconteceu no domingo, Bolsonaro seus apoiadores continuam incitando novos atos golpistas contra a democracia. Só vai parar quando for punido.",15,28,224
Enio Verri,@enioverri,https://twitter.com/enioverri/status/1612909898513129473,2023-01-10T20:31:00.000Z,"""A decisão foi dada em resposta a pedido do advogado-geral da União, Jorge Messias, que solicitou a detenção em flagrante de Torres e de demais agentes públicos que tiveram participação ou se omitiram para facilitar a invasão dos prédios dos Três Poderes.""",3,6,45
Enio Verri,@enioverri,https://twitter.com/enioverri/status/1612893595308285952,2023-01-10T19:26:13.000Z,"O MP-PR acaba de determinar a instauração de inquérito civil contra JESIEL CARRARA, Conselheiro Tutelar de Maringá, que participou dos atos de terrorismo em Brasília. A presença de Jesiel foi registrada por vídeo publicado em suas redes.",8,36,181
Enio Verri,@enioverri,https://twitter.com/enioverri/status/1612878894729773059,2023-01-10T18:27:49.000Z,Agradeço aos 55 mil que estão juntos com a gente aqui nesse espaço!,2,1,60
Enio Verri,@enioverri,https://twitter.com/enioverri/status/1612819650102059008,2023-01-10T14:32:23.000Z,"Absurdo colocar + de 200 famílias da ocupação do MTST em Curitiba na rua, sem ao menos realocação para os assentados ou acompanhamento da assistência social. A PM-PR não teve a mesma rapidez com golpistas. Solidariedade às famílias e que órgãos competentes ajudem com urgência!",6,17,38
Enio Verri,@enioverri,https://twitter.com/enioverri/status/1612807514575310848,2023-01-10T13:44:10.000Z,Qual proposta você queria ver de volta ou que entrasse nos debates da Câmara?,105,24,133
Enio Verri,@enioverri,https://twitter.com/enioverri/status/1612611754382725122,2023-01-10T00:46:17.000Z,O que Lula tem feito desde ontem é histórico. Unir todos os poderes e entes federativos em defesa do Estado Democrático de Direito sempre será lembrado como marco contra o terrorismo que quiseram instalar no nosso país. Lula é gigante.,4,63,409
Enio Verri,@enioverri,https://twitter.com/enioverri/status/1612606516049108992,2023-01-10T00:25:28.000Z,"Agora na Câmara dos Deputados, aprovamos, de forma simbólica, a intervenção federal do Distrito Federal, amanhã o Senado vai também aprovar a matéria. Golpistas não passarão.",0,4,57
Enio Verri,@enioverri,https://twitter.com/enioverri/status/1612593052157198336,2023-01-09T23:31:58.000Z,O respeito à democracia está nas ruas.,1,4,29
Enio Verri,@enioverri,https://twitter.com/enioverri/status/1612545960982224905,2023-01-09T20:24:51.000Z,"Ordem restabelecida. Os responsáveis pela barbárie, terrorismo e destruição nos prédios dos três poderes, em Brasília, serão identificados e punidos. 

Quem financiou também será encontrado. O que aconteceu ontem não vai se repetir.",3,7,38
Enio Verri,@enioverri,https://twitter.com/enioverri/status/1612463908350054400,2023-01-09T14:58:48.000Z,Os Poderes da República estão mais fortes e mais unidos que nunca pela defesa da democracia brasileira.,3,9,39
Enio Verri,@enioverri,https://twitter.com/enioverri/status/1612415370240860161,2023-01-09T11:45:56.000Z,"Ontem o Brasil mostrou que não se rende a devaneios golpistas, mesmo os que se utilizam do terrorismo para atentar contra as instituições. Nossa democracia é maior e veremos cada um sendo responsabilizado pelos seus atos. Bom dia.",3,7,56
Enio Verri,@enioverri,https://twitter.com/enioverri/status/1612294711540174854,2023-01-09T03:46:28.000Z,URGENTE. O ministro Alexandre de Moraes determina o afastamento do governador do DF Ibaneis Rocha.,3,3,92
Enio Verri,@enioverri,https://twitter.com/enioverri/status/1612288669481590785,2023-01-09T03:22:28.000Z,Paraná também não pode ficar a mercê de atos terroristas. Providências tem que ser urgentes contra golpistas na refinaria Repar em Araucária. Esperando ações do governo @ratinho_jr.,4,25,119
Enio Verri,@enioverri,https://twitter.com/enioverri/status/1612228624412721154,2023-01-08T23:23:52.000Z,Todos nós ainda estamos recebendo cenas gravíssimas de tudo que aconteceu hoje. Os criminosos deixaram um rastro de destruição muito triste para nosso patrimônio. Mas mostramos que nossa democracia resiste e renasce. Vamos reconstruir tudo isso juntos!,2,7,28
Enio Verri,@enioverri,https://twitter.com/enioverri/status/1612203893445873669,2023-01-08T21:45:36.000Z,"Não podia deixar de me manifestar ainda hoje. Um dia de terror em Brasília e que terá consequências. Vamos pedir a abertura de uma CPI para investigar os atos terroristas contra os poderes da República. Quem são os autores, financiadores e envolvidos nesses crimes.",27,76,457
Enio Verri,@enioverri,https://twitter.com/enioverri/status/1612194806477856779,2023-01-08T21:09:29.000Z,"No decreto assinado por @LulaOficial, Ricardo Garcia Capelli será o interventor no GDF até dia 31.",1,12,51
Enio Verri,@enioverri,https://twitter.com/enioverri/status/1612172315755778049,2023-01-08T19:40:07.000Z,Cada vez mais estarrecido com o que está se do mostrado. Os terroristas não tiveram qualquer dificuldade em invadir a Esplanada.,209,713,3.135
Enio Verri,@enioverri,https://twitter.com/enioverri/status/1612162016197615616,2023-01-08T18:59:11.000Z,"Prédios dos Três Poderes sendo totalmente destruídos. Não são manifestantes, não podem ser chamados assim. São TERRORISTAS.",6,27,111
Enio Verri,@enioverri,https://twitter.com/enioverri/status/1612159756470292480,2023-01-08T18:50:13.000Z,"Ataque terrorista não é sobre liberdade, não é sobre democracia, não é constitucional. É crime. E quem está envolvido é criminoso ou cúmplice. É inaceitável o que está acontecendo hoje, de novo, em Brasília.",6,18,61
Enio Verri,@enioverri,https://twitter.com/enioverri/status/1612155515802460161,2023-01-08T18:33:22.000Z,"Acompanhando mais atos terroristas de bolsonaristas, Brasília. Eles invadiram a rampa do Congresso Nacional, tentam invadir o Palácio do Planalto. É urgente a ação das Forças de Segurança com o rigor que os atos merecem. Quem foi conivente tem que ser responsabilizado!",4,25,114
Enio Verri,@enioverri,https://twitter.com/enioverri/status/1612146439496376320,2023-01-08T17:57:18.000Z,"Então o Estado de Minas aprovou texto que chama pessoas com deficiência de estropiados? Vergonhoso, preconceituoso  inaceitável.",1,9,35
Enio Verri,@enioverri,https://twitter.com/enioverri/status/1611751042705772544,2023-01-07T15:46:08.000Z,Uma semana cheia de emoções!,29,34,454
Enio Verri,@enioverri,https://twitter.com/enioverri/status/1611473631762157569,2023-01-06T21:23:48.000Z,"A cada reunião, a cada coletiva, Lula demonstra, em suas falas, o respeito à democracia, às instituições, às forças políticas do país e, principalmente, à população. O Brasil está orgulhoso do seu presidente de novo!",2,20,138
Enio Verri,@enioverri,https://twitter.com/enioverri/status/1611349070307631109,2023-01-06T13:08:50.000Z,Bom dia! Primeira sexta-feira com Lula presidente! É o sonho que a gente transformou em realidade.,3,9,118
Enio Verri,@enioverri,https://twitter.com/enioverri/status/1611074946611961859,2023-01-05T18:59:34.000Z,"Já comentei aqui sobre o endividamento de milhões de famílias brasileiras. E, em medida eleitoreira, Bolsonaro empurrou empréstimo consignado para quem recebe o auxílio. O governo Lula já anunciou que vai socorrer essas famílias com o Desenrola Brasil e ajudar com essas dívidas.",1,12,53
Enio Verri,@enioverri,https://twitter.com/enioverri/status/1610992820692606978,2023-01-05T13:33:13.000Z,"Os discursos de ontem de Marina Silva e Alckmin nos deixa estimulados, empolgados com os planos que o governo Lula tem para o Brasil. Teremos políticas atuantes para fazer o país crescer, com emprego, mas com responsabilidade ambiental, sustentabilidade. Nada será negligenciado.",4,12,73
Enio Verri,@enioverri,https://twitter.com/enioverri/status/1610723848587968519,2023-01-04T19:44:25.000Z,"Perderam a eleição, mas a rede de mentiras continua ativa. A fake news agora é sobre taxação do pix. MENTIRA! O pix não será taxado no Governo Lula. Banco Central já negou a notícia de que o PIX será taxado. E informou: mudanças apenas sobre limites e horários.",2,25,146
Enio Verri,@enioverri,https://twitter.com/enioverri/status/1610698142474981376,2023-01-04T18:02:17.000Z,"Enquanto estavam na festa da posse, a casa das petistas @JuhMildemberg1 e @loide_ostrufka foi incendiada de forma criminosa e cruel. As professoras foram alvo do ódio e violência política. Mas podemos ajudá-las contribuindo nessa vaquinha solidária:",2,9,28
Enio Verri,@enioverri,https://twitter.com/enioverri/status/1610680237830070272,2023-01-04T16:51:08.000Z,Aquela serenidade que a gente sentia falta.,2,8,65
Enio Verri,@enioverri,https://twitter.com/enioverri/status/1610635125070462977,2023-01-04T13:51:52.000Z,Quero saber da opinião de vocês. Qual medida o Lula deve priorizar nesses primeiros 100 dias do governo?,95,10,170
Enio Verri,@enioverri,https://twitter.com/enioverri/status/1610347476673875974,2023-01-03T18:48:51.000Z,"Emocionante ver que o Brasil será de novo de todas, todos, todes, nas palavras magníficas ditas pelo ministro Silvio Almeida na sua cerimônia de posse no Ministério dos Direitos Humanos e da Cidadania.",45,39,189
Enio Verri,@enioverri,https://twitter.com/enioverri/status/1610294843393347584,2023-01-03T15:19:43.000Z,Na cidade de vocês os postos aumentaram o preço da gasolina?,34,5,112
Enio Verri,@enioverri,https://twitter.com/enioverri/status/1610085940982173696,2023-01-03T01:29:36.000Z,"Estou vendo o absurdo sendo relatado por brasileiros de várias partes do Brasil sobre aumento injustificado no preço da gasolina. Um desrespeito com o consumidor, já que o presidente Lula prorrogou desoneração de combustíveis. Denuncie ao Procon.",1,35,156
Enio Verri,@enioverri,https://twitter.com/enioverri/status/1609873796063797248,2023-01-02T11:26:37.000Z,Bom dia! Esse dia 2 começa mais leve e mais feliz!,1,6,151
Enio Verri,@enioverri,https://twitter.com/enioverri/status/1609705599217946624,2023-01-02T00:18:16.000Z,"Vem conhecer essa turma do Paraná, que participaram da passagem da faixa presidencial à Lula. 😍",6,17,103
Enio Verri,@enioverri,https://twitter.com/enioverri/status/1609679581346242561,2023-01-01T22:34:53.000Z,O que mais te chamou a atenção na cerimônia de posse de Lula hoje?,40,5,145
Enio Verri,@enioverri,https://twitter.com/enioverri/status/1609644728894779393,2023-01-01T20:16:23.000Z,"Hoje, é o povo que empossa Lula e o dá a missão de governar o Brasil pela 3ª vez, para cuidar da população mais vulnerável e fazer o país voltar a crescer.",1,3,42
Enio Verri,@enioverri,https://twitter.com/enioverri/status/1609644458668326912,2023-01-01T20:15:19.000Z,"Lula recebeu a faixa presidencial de representantes do povo, entre eles o paranaense Flávio Pereira, artesão de Pinhalão, que esteve nos 580 dias na vigília Lula Livre.",2,17,143
Enio Verri,@enioverri,https://twitter.com/enioverri/status/1609627801736314885,2023-01-01T19:09:08.000Z,Do Congresso a gente tinha essa visão da multidão imensa que veio ver a posse de Lula!,7,3,147
Enio Verri,@enioverri,https://twitter.com/enioverri/status/1609626626748469248,2023-01-01T19:04:27.000Z,Lula toma posse e é o 39° Presidente da República do Brasil.,0,3,32
Enio Verri,@enioverri,https://twitter.com/enioverri/status/1609625948562882560,2023-01-01T19:01:46.000Z,"Com os amigos aqui no plenário o deputado Carlos Zarattini, o ministro do Trabalho, Luiz Marinho,  o senador eleito Beto Faro e sua esposa e Dilvanda Faro, esperando por Lula!",0,0,14
Enio Verri,@enioverri,https://twitter.com/enioverri/status/1609551980426366976,2023-01-01T14:07:50.000Z,A Esplanada já está enchendo de gente e de esperança. Tudo com muita segurança. Daqui a pouco tem posse de Lula! #PosseDoLula,3,14,121
Enio Verri,@enioverri,https://twitter.com/enioverri/status/1609381240515313665,2023-01-01T02:49:23.000Z,"Estamos em Brasília, preparados para receber 2023 de braços abertos e muita esperança para o nosso país. Amanhã, Lula inicia essa caminhada juntos com todos nós. #Feliz2023",2,1,73
Enio Verri,@enioverri,https://twitter.com/enioverri/status/1609380453101801473,2023-01-01T02:46:15.000Z,Amanhã estaremos comemorando a posse de Lula! #FestivalDoFuturo,1,2,47
