nome,usuario,idTweet,dataPublicacao,texto,replies,retweets,likes
Fred Linhares,@fredlinhares,https://twitter.com/fredlinhares/status/1620102096422047749,2023-01-30T16:50:14.000Z,"Por um Legislativo forte e independente demonstramos nosso apoio e união ao senador, @rogeriosmarinho (PL). Essa é uma importante eleição.  

Fiquem de olho em quem os senadores do seu estado irão votar para a presidência do Senado!",7,3,20
Fred Linhares,@fredlinhares,https://twitter.com/fredlinhares/status/1620018738421710848,2023-01-30T11:19:00.000Z,"Brasília perde um dos grandes nomes mais queridos do samba brasilienses, Marcelo Sena, que lutou como um bom guerreiro. 

Meus sinceros sentimentos a família e amigos! 

Marcelo Sena
1964 -  2023",0,0,7
Fred Linhares,@fredlinhares,https://twitter.com/fredlinhares/status/1619020591092371456,2023-01-27T17:12:43.000Z,"Como pode alguém tratar outra pessoa desta forma, gente? Isso é inadmissível! Eu não vejo aqui apenas uma violência física, o que já é revoltante, vejo também agressão psicológica, claramente a mulher não tem força PARA NADA! Isso é muito sério!",2,0,3
Fred Linhares,@fredlinhares,https://twitter.com/fredlinhares/status/1618964211111190531,2023-01-27T13:28:41.000Z,"Não esperavam por essa, né? Achavam que iriam fazer a festa, mas foram surpreendidos. E para os que ainda acham que isso seria só um assalto, o idoso, autor do tiro de 12, não matou um assaltante sem experiência no mundo do crime.",2,1,4
Fred Linhares,@fredlinhares,https://twitter.com/fredlinhares/status/1618621259742597122,2023-01-26T14:45:55.000Z,"Hoje é o aniversário do Fred. Amigos, familiares e eleitores tiraram um tempinho para desejar um feliz aniversário para ele. Deixe aqui embaixo você também as suas felicitações! 💙",0,0,3
Fred Linhares,@fredlinhares,https://twitter.com/fredlinhares/status/1618617839086370816,2023-01-26T14:32:19.000Z,"Está acontecendo! 
A Polícia Federal deflagra operação nacional contra abuso sexual de crianças e adolescentes. Até o momento, 57 mandados de prisão e 40 de busca e apreensão foram cumpridos em todo o país. Segundo a PF, sete prisões em flagrante foram realizadas pela corporação.",0,0,3
Fred Linhares,@fredlinhares,https://twitter.com/fredlinhares/status/1618305858559152131,2023-01-25T17:52:38.000Z,"Agradecer ao @OficialJBr. São 165.358 motivos para agradecer e retribuir com muito trabalho. Lembro-me desses votos, todos os dias! Obrigado.https://jornaldebrasilia.com.br/blogs-e-colunas/do-alto-da-torre/a-vez-dos-republicanos/…",0,0,4
Fred Linhares,@fredlinhares,https://twitter.com/fredlinhares/status/1617875871775494146,2023-01-24T13:24:01.000Z,"Uma notícia boa pra nossa semana. Brasília se tornou a cidade mais educada do país por conta de pequenas atitudes gentis, como a boa recepção com desconhecidos e pela atenção dos motoristas com os pedestres.

Vocês concordam com essa pesquisa?",2,0,2
Fred Linhares,@fredlinhares,https://twitter.com/fredlinhares/status/1617874804371255296,2023-01-24T13:19:46.000Z,"Vocês lembram dessa mulher? Pois é, ela está de volta!",0,0,3
Fred Linhares,@fredlinhares,https://twitter.com/fredlinhares/status/1617874481997058058,2023-01-24T13:18:29.000Z,"Sandro Avelar será o novo secretário de Segurança Pública do DF. Ele é delegado da Polícia Federal desde 1999. Na corporação, já exerceu os cargos de diretor do Sistema Penitenciário Federal, no Ministério da Justiça, e liderou o combate ao crime organizado da PFDF.",2,0,2
Fred Linhares,@fredlinhares,https://twitter.com/fredlinhares/status/1617558950114914304,2023-01-23T16:24:41.000Z,Daniel Alves foi preso após ser acusado de agressão sexual. Qual sua opinião sobre isso?,1,0,2
Fred Linhares,@fredlinhares,https://twitter.com/fredlinhares/status/1617498496382402560,2023-01-23T12:24:27.000Z,"Bom dia, pessoal.
Que Deus abençoe nossa semana!",1,0,5
Fred Linhares,@fredlinhares,https://twitter.com/fredlinhares/status/1616480965303336962,2023-01-20T17:01:09.000Z,"Me ajuda aí...
De qual cidade você é? E qual a ideia que você tem para o nosso mandato?",0,0,4
Fred Linhares,@fredlinhares,https://twitter.com/fredlinhares/status/1616479972213784589,2023-01-20T16:57:12.000Z,"Faltam poucos dias para tomarmos posse do nosso mandato. Ao longo da campanha, fiz questão de dizer que o mandato não era meu, e de fato não é.",3,0,7
Fred Linhares,@fredlinhares,https://twitter.com/fredlinhares/status/1616034398469513217,2023-01-19T11:26:39.000Z,"É por isso que trabalharei incansavelmente para acabar com todo tipo de violência contra as mulheres e nossas crianças. Isso é revoltante! O tio já foi preso, deve pegar aí alguns anos de prisão, mas pra mim vocês já sabem o que um cara desse merece, né?",0,0,7
Fred Linhares,@fredlinhares,https://twitter.com/fredlinhares/status/1615688890685263872,2023-01-18T12:33:44.000Z,"Desde o início estou acompanhando esse caso e farei até o fim. Uma triste realidade, a violência contra as mulheres, as crianças, por dinheiro? Isso é um absurdo!",3,0,14
Fred Linhares,@fredlinhares,https://twitter.com/fredlinhares/status/1615371274779504641,2023-01-17T15:31:38.000Z,"Ótima sinalização do Ministro já entrando e reajustando o piso Nacional dos professores. É fundamental a valorização da categoria, esperamos que as demais também sejam!",0,0,2
Fred Linhares,@fredlinhares,https://twitter.com/fredlinhares/status/1615370953382367232,2023-01-17T15:30:22.000Z,"Mais cedo me reuni com o deputado federal @JulioCesarRib em uma reunião muito produtiva. Grandes projetos para o nosso Distrito Federal e o BRASIL.
 
Estamos juntos, meu amigo!",0,0,7
Fred Linhares,@fredlinhares,https://twitter.com/fredlinhares/status/1614972700509749248,2023-01-16T13:07:51.000Z,"Que absurdo! 
Marla, é lamentável que você e seu filho tenham passado por isso. Que a justiça seja feita!",2,0,5
Fred Linhares,@fredlinhares,https://twitter.com/fredlinhares/status/1614962746235183104,2023-01-16T12:28:17.000Z,Bom dia!🤔,0,0,2
Fred Linhares,@fredlinhares,https://twitter.com/fredlinhares/status/1613888593595858944,2023-01-13T13:19:59.000Z,URGENTE e até difícil de acreditar...,2,0,4
Fred Linhares,@fredlinhares,https://twitter.com/fredlinhares/status/1613540852130893825,2023-01-12T14:18:11.000Z,"NOTA DE REPÚDIO!

Se você é policial ou bombeiro ou tem algum parente que é, a vontade do Ministro vai impactar muito na sua vida, porque o salário desses profissionais vai diminuir, e muito!",1,0,6
Fred Linhares,@fredlinhares,https://twitter.com/fredlinhares/status/1613517475970256899,2023-01-12T12:45:18.000Z,Basta uma palavra!,0,0,3
Fred Linhares,@fredlinhares,https://twitter.com/fredlinhares/status/1613513266663153665,2023-01-12T12:28:35.000Z,O QUE VOCÊS ACHAM DISSO? PREOCUPANTE.https://g1.globo.com/economia/noticia/2023/01/10/defasagem-da-tabela-do-ir-trabalhador-que-ganha-menos-de-um-salario-minimo-e-meio-tera-de-pagar-imposto-em-2023.ghtml…,4,0,4
Fred Linhares,@fredlinhares,https://twitter.com/fredlinhares/status/1613512499424280576,2023-01-12T12:25:32.000Z,"Um avanço, principalmente para um povo que sofreu por séculos todo o tipo de preconceito!",0,0,2
Fred Linhares,@fredlinhares,https://twitter.com/fredlinhares/status/1612886555731054592,2023-01-10T18:58:15.000Z,URGENTE! Moraes manda prender ex-comandante da Polícia Militar do DF.,7,1,5
Fred Linhares,@fredlinhares,https://twitter.com/fredlinhares/status/1612843692502712320,2023-01-10T16:07:56.000Z,"Um projeto na Câmara dos Deputados propõe acabar com a necessidade de diploma para 106 profissões, entre elas estão  jornalistas, psicólogos, bombeiro civil, além de exame da Ordem dos Advogados do Brasil (OAB) para o exercício da advocacia.",1,0,2
Fred Linhares,@fredlinhares,https://twitter.com/fredlinhares/status/1612438650649808896,2023-01-09T13:18:26.000Z,"Repudio o afastamento do Governador @IbaneisOficial,  legitimamente eleito, sem nenhuma investigação, inquérito ou averiguação de fatos.",15,4,29
Fred Linhares,@fredlinhares,https://twitter.com/fredlinhares/status/1612221224649916417,2023-01-08T22:54:28.000Z,"Os atos de vandalismo que estão ocorrendo em Brasília são reprováveis sob todos os aspectos. Repudio qualquer manifestação que ultrapasse os limites da democracia, seja direita ou esquerda. Inadmissível!",12,0,8
Fred Linhares,@fredlinhares,https://twitter.com/fredlinhares/status/1611410678111158284,2023-01-06T17:13:38.000Z,"Vamos, que tem muito trabalho pela frente!https://metropoles.com/colunas/grande-angular/fred-linhares-se-une-a-parlamentares-contra-decreto…",8,2,14
Fred Linhares,@fredlinhares,https://twitter.com/fredlinhares/status/1611059508851228674,2023-01-05T17:58:13.000Z,#NovaFotoDePerfil,1,1,9
Fred Linhares,@fredlinhares,https://twitter.com/fredlinhares/status/1611040538836205574,2023-01-05T16:42:50.000Z,"OPORTUNIDADE DE EMPREGO (DF):

Clique no link abaixo e veja todas as vagas disponíveis!https://agenciabrasilia.df.gov.br/wp-conteudo/uploads/2023/01/Planilha-de-Vagas-04.01-PDF.pdf…",1,0,5
Fred Linhares,@fredlinhares,https://twitter.com/fredlinhares/status/1610990652736544771,2023-01-05T13:24:37.000Z,"Olha, é NACREDITÁVEL vê umas coisas dessas. 
''PAI E MÃE SÃO PRESOS PELA PF POR ESTUPRAR FILHOS E DIVULGAR VÍDEOS NA WEB.''",0,0,4
Fred Linhares,@fredlinhares,https://twitter.com/fredlinhares/status/1610984693633110018,2023-01-05T13:00:56.000Z,Você acredita que acabar com o saque-aniversário FGTS é uma boa medida?,1,1,2
Fred Linhares,@fredlinhares,https://twitter.com/fredlinhares/status/1610984289826668545,2023-01-05T12:59:19.000Z,"Bom dia, com uma pergunta...Ou melhor, duas!

TRABALHADOR: Caso isso aqui, seja concretizado, agora você terá acesso ao seu FGTS somente na demissão. Você concorda com isso? Acredita que foi uma boa medida?",3,1,3
Fred Linhares,@fredlinhares,https://twitter.com/fredlinhares/status/1610699376879439874,2023-01-04T18:07:11.000Z,Imagina se esse cidadão (com sua família) estivesse desarmado? Tire você mesmo suas conclusões!,5,1,9
Fred Linhares,@fredlinhares,https://twitter.com/fredlinhares/status/1610352438300532737,2023-01-03T19:08:34.000Z,"A vaga é para Brasília (DF) e as pessoas interessadas poderão se candidatar até 11 de janeiro de 2023. Quem se interessar, clique no link abaixo:https://onumulheres.org.br/noticias/onu-mulheres-seleciona-ate-04-01-gerente-de-projetos-prevencao-da-violencia-contra-meninas-e-mulheres-por-meio-do-esporte-vaga-para-brasilia/…",0,0,4
Fred Linhares,@fredlinhares,https://twitter.com/fredlinhares/status/1610352236651241472,2023-01-03T19:07:46.000Z,OPORTUNIDADE: Processo seletivo da ONU Mulheres. A ONU Mulheres Brasil torna público o processo seletivo para contratação de Gerente de Projetos para prevenção da violência contra meninas e mulheres por meio do esporte.,0,0,3
Fred Linhares,@fredlinhares,https://twitter.com/fredlinhares/status/1610268232199593984,2023-01-03T13:33:58.000Z,"Bom dia, gente!
Assim que acordei vi esse vídeo circulando nas redes. Olha, lamentável vê uma situação como essa.. 

“Não estudaram, tem que trabalhar.” - ele disse.",1,0,4
Fred Linhares,@fredlinhares,https://twitter.com/fredlinhares/status/1609955864298807296,2023-01-02T16:52:44.000Z,Publicado hoje no Diário Oficial: DECRETO QUE DESARMA O CIDADÃO DE BEM.https://drive.google.com/file/d/1BubiOfauJDHepqyU2ZCCrHt-s0kQSbuj/view…O que vocês acharam disso? 🤔,4,1,2
Fred Linhares,@fredlinhares,https://twitter.com/fredlinhares/status/1609922932209319936,2023-01-02T14:41:52.000Z,"1º FEMINICÍDIO DO ANO NO DF. Agora me diz uma coisa... Até quando isso, gente? Pra você, qual seria a melhor solução para esse tipo de criminoso?!",1,0,2
Fred Linhares,@fredlinhares,https://twitter.com/fredlinhares/status/1609921924049801216,2023-01-02T14:37:52.000Z,"Vocês estão de brincadeira, né? Isso é inacreditável!!!",0,0,2
Fred Linhares,@fredlinhares,https://twitter.com/fredlinhares/status/1609888612669329408,2023-01-02T12:25:30.000Z,"Bom dia, gente!
Mais um ano, mais um dia de muitas oportunidades para todos nós.

Deus abençoe nossa semana.",1,0,7
