nome,usuario,idTweet,dataPublicacao,texto,replies,retweets,likes
Gilberto Abramo,@gilbertoabramo,https://twitter.com/gilbertoabramo/status/1620036259879198721,2023-01-30T12:28:37.000Z,Que a semana que começa nos reserve muitas surpresas e que possamos viver os melhores dias das nossas vidas.,1,0,4
Gilberto Abramo,@gilbertoabramo,https://twitter.com/gilbertoabramo/status/1617553758384168961,2023-01-23T16:04:03.000Z,Tenha uma ótima semana!#segunda #foco #boasemana #vida #mg,2,0,2
Gilberto Abramo,@gilbertoabramo,https://twitter.com/gilbertoabramo/status/1617503526770597891,2023-01-23T12:44:27.000Z,Persistir é o primeiro passo para conquistar o que se deseja.,0,0,2
Gilberto Abramo,@gilbertoabramo,https://twitter.com/gilbertoabramo/status/1616405561041362944,2023-01-20T12:01:31.000Z,"A maturidade é necessária ao longo da vida.

Faça um bom dia 👍#gratidão #maturidade #bomdia #minas #mg",0,0,2
Gilberto Abramo,@gilbertoabramo,https://twitter.com/gilbertoabramo/status/1616083116665315331,2023-01-19T14:40:15.000Z,"Nossa maior fraqueza está em desistir. O caminho mais certo de vencer é tentar mais uma vez.
Thomas Edison",0,1,3
Gilberto Abramo,@gilbertoabramo,https://twitter.com/gilbertoabramo/status/1614958727437639682,2023-01-16T12:12:19.000Z,"As conquistas dependem de 50% de inspiração, criatividade e sonhos, e 50% de disciplina, trabalho árduo e determinação. São duas pernas que devem caminhar juntas. 
Augusto Cury",0,1,2
Gilberto Abramo,@gilbertoabramo,https://twitter.com/gilbertoabramo/status/1611351175214911489,2023-01-06T13:17:12.000Z,Não há atalhos para nenhum destino onde se vale a pena chegar.,0,1,4
Gilberto Abramo,@gilbertoabramo,https://twitter.com/gilbertoabramo/status/1610991802890309635,2023-01-05T13:29:11.000Z,Persistir é o primeiro passo para conquistar o que se deseja.,0,2,3
Gilberto Abramo,@gilbertoabramo,https://twitter.com/gilbertoabramo/status/1610603794433204224,2023-01-04T11:47:22.000Z,A felicidade não é algo pronto. Ela é feita das suas próprias ações.,0,0,2
Gilberto Abramo,@gilbertoabramo,https://twitter.com/gilbertoabramo/status/1609966596444782593,2023-01-02T17:35:22.000Z,"Quanto mais você se supera, mais motivado você fica",0,0,5
