nome,usuario,idTweet,dataPublicacao,texto,replies,retweets,likes
Greyce Elias,@greyceelias,https://twitter.com/greyceelias/status/1615319367788511233,2023-01-17T12:05:23.000Z,"Presidente vetou a obrigatoriedade de aulas de computação, programação e robótica nas escolas. Retrocesso para evolução da Educação ! As profissões do futuro estão diretamente vinculadas com a tecnologia. Lamentável decisão.",8,1,9
Greyce Elias,@greyceelias,https://twitter.com/greyceelias/status/1612765731808227328,2023-01-10T10:58:08.000Z,"Agora é um bom momento para endurecermos as leis contra qualquer tipo de invasão de propriedades! Seja ela feita por militantes de direita ou por militantes do MST, não existe invasão do bem, das fazendas ao Congresso, exigiremos respeito a propriedade e a Democracia!",14,10,39
Greyce Elias,@greyceelias,https://twitter.com/greyceelias/status/1612417304364711943,2023-01-09T11:53:37.000Z,"É garantido pela constituição:”todos podem reunir-se pacificamente,sem armas, em locais públicos, independentemente de autorização” (art. 5º).Por isso as depredações e invasões de prédios ocorridos em Brasília,assim como ocorridas em 2013 e 2017, deverão ser punidas severamente.",2,3,7
Greyce Elias,@greyceelias,https://twitter.com/greyceelias/status/1610382548437172226,2023-01-03T21:08:13.000Z,"Feliz com aumento da representatividade feminina na Câmara Federal e na Assembleia de Minas. Aos poucos vamos superando obstáculos e buscando contribuir com nosso Brasil e nossa Minas Gerais. Acreditem Mulheres, nossos sonhos são possíveis! 💗🔺🇧🇷🙏🏼",4,0,4
