nome,usuario,idTweet,dataPublicacao,texto,replies,retweets,likes
Julio Cesar Ribeiro,@JulioCesarRib,https://twitter.com/JulioCesarRib/status/1620192372914257921,2023-01-30T22:48:58.000Z,"Fiquei extremante feliz com a notícia que o tomógrafo chegou ao Hospital de Base. Por meio de emenda de minha autoria, destinei recurso para que houvesse essa compra, proporcionando assim uma melhor precisão ao diagnóstico das doenças no Distrito Federal.",0,0,2
Julio Cesar Ribeiro,@JulioCesarRib,https://twitter.com/JulioCesarRib/status/1619841889720750083,2023-01-29T23:36:16.000Z,"Como secretário de Esporte do Distrito Federal, prestigiei a 20° Corrida da República, a tradicional prova do atletismo de rua brasiliense que foi realizada no Parque da Cidade Sarah Kubitschek. Foi um sucesso! 🙌🏻",0,0,5
Julio Cesar Ribeiro,@JulioCesarRib,https://twitter.com/JulioCesarRib/status/1619702281703919617,2023-01-29T14:21:31.000Z,"Continuamos em oração pelo dep.federal @joaocamposdep que segue internado no Hospital Sírio-Libanês, em SP. O último boletim médico informou que ele tem tido evolução “estável”, mas continua em leito de Unidade de Terapia Intensiva. Deus é contigo meu amigo! Já deu tudo certo!",1,0,8
Julio Cesar Ribeiro,@JulioCesarRib,https://twitter.com/JulioCesarRib/status/1619466151456825344,2023-01-28T22:43:13.000Z,"Lugar de abusador é na cadeia! Parabenizo a Polícia Federal pela operação Rede de Proteção, destinada ao combate de crimes relacionados ao abuso sexual infantil, dando efetividade ao sistema de justiça criminal e impedindo que novos delitos sejam cometidos.",0,1,4
Julio Cesar Ribeiro,@JulioCesarRib,https://twitter.com/JulioCesarRib/status/1619397582731755521,2023-01-28T18:10:45.000Z,"🎥 Conversando com a repórter Letícia de Oliveira, do DF1, da Globo DF, sobre a colônia de férias no Centro Olímpico e Paralímpico do Setor O. 
•#Cop #SetorO #Esporte #DF",0,0,3
Julio Cesar Ribeiro,@JulioCesarRib,https://twitter.com/JulioCesarRib/status/1619336628799152128,2023-01-28T14:08:32.000Z,"❤️🖤 E é claro, que não poderia faltar uma foto com parte do elenco de jogadores do Mengão: David Luiz, Pedro, Hugo Souza, Rodrigo Caio! Sejam bem vindos a Capital Federal! É hoje!!!!!!
•#Flamengo #Mengo #SuperCopa #Brasilia #MaiorTorcidadoMundo #RubroNegro",0,0,2
Julio Cesar Ribeiro,@JulioCesarRib,https://twitter.com/JulioCesarRib/status/1619128896385089536,2023-01-28T00:23:05.000Z,"Estive, c/ o presidente do Flamengo, @rodolfolandimmoficial, juntamente c/ a gov. em exercício, @celinaleao ,recebendo um especial presente que é a mais nova camisa do Clube personalizada com os nossos nomes. Muito obrigado pelo presente! #Flamengo #SuperCopa #Brasilia ##Futebol",0,1,3
Julio Cesar Ribeiro,@JulioCesarRib,https://twitter.com/JulioCesarRib/status/1619055517208563712,2023-01-27T19:31:30.000Z,"🎥 Conversando com a Carol Rabelo, da RecordTV Brasília, sobre a colônia de férias no Centro Olímpico e Paralímpico do Setor O. #Cop #SetorO #Esporte #DF",0,0,2
Julio Cesar Ribeiro,@JulioCesarRib,https://twitter.com/JulioCesarRib/status/1618787385453744128,2023-01-27T01:46:02.000Z,"DEU NA MÍDIA 🔊 A realização da nossa 3ª Colônia de Férias nos Centros Olímpicos e Paralímpicos, foi destaque na edição de hoje do Correio Braziliense.
•#esportedf#govdf#brasília",0,0,2
Julio Cesar Ribeiro,@JulioCesarRib,https://twitter.com/JulioCesarRib/status/1618404692798869505,2023-01-26T00:25:21.000Z,"O Governo do Distrito Federal anunciou no dia de hoje o nome de Sandro Avelar, para o cargo de secretário de Segurança Pública da Capital Federal. Desejo sucesso na condução da pasta.",0,1,1
Julio Cesar Ribeiro,@JulioCesarRib,https://twitter.com/JulioCesarRib/status/1618343315556159496,2023-01-25T20:21:28.000Z,"Estive nesta manhã, juntamente com 
a Bancada do Distrito Federal, em reunião com o presidente da Câmara dos Deputados, @oficialarthurlira para reafirmar o nosso compromisso no apoio a sua reeleição. Estamos juntos! 
•#CamaraDeputados #EleicaoMesa #Brasilia #DF",0,0,1
Julio Cesar Ribeiro,@JulioCesarRib,https://twitter.com/JulioCesarRib/status/1617907354191949825,2023-01-24T15:29:07.000Z,"Conversando com o Marcelo Moraes, sobre a 20° Corrida da República, que ocorrerá dia 29 de janeiro, às 07h, no Parque da Cidade!",0,1,0
Julio Cesar Ribeiro,@JulioCesarRib,https://twitter.com/JulioCesarRib/status/1617588532037419011,2023-01-23T18:22:14.000Z,"Serão 437 novos médicos de 22 especialidades, mais 454 especialistas em saúde de diversas áreas, 303 enfermeiros e 150 dentistas. Parabenizo ao gov @IbaneisOficial e a gov em exercício @celinaleao pela iniciativa que só vem corroborar que a saúde é prioridade para o GDF.",0,0,3
Julio Cesar Ribeiro,@JulioCesarRib,https://twitter.com/JulioCesarRib/status/1617293288054325249,2023-01-22T22:49:02.000Z,"Com meu amigo @martins10df na grande final do CBQ 2023, em Samambaia! 
•🚀Juntos por um só time: O Esporte!
•#esporte #queimada #Brasil #brasilia",0,0,5
Julio Cesar Ribeiro,@JulioCesarRib,https://twitter.com/JulioCesarRib/status/1617229626744647680,2023-01-22T18:36:04.000Z,"🇧🇷 Estrearam com COM TUDO 👊•
•
Parabéns Ismael Marreta, @gabrielbonfi e Anderson Carvalho pela grande vitória no @ufc!!!
•
Tenho a certeza que é só início de uma trajetória de sucesso!
•",0,0,2
Julio Cesar Ribeiro,@JulioCesarRib,https://twitter.com/JulioCesarRib/status/1616892979486007297,2023-01-21T20:18:21.000Z,Falando com a equipe do @Metropoles sobre a minha expectativa para com o Campeonato Candangão de 2023. Tenho a certeza que será um sucesso! 🙌🏻🤩,0,0,7
Julio Cesar Ribeiro,@JulioCesarRib,https://twitter.com/JulioCesarRib/status/1616847526774333440,2023-01-21T17:17:44.000Z,"Fico muito feliz em concluir o meu 1º mandato entre os mais bem avaliados do Congresso Nacional. Sentimento de dever cumprido para com os 79.775 brasilienses que me elegeram para representá-los, em 2018. Um mandato pautado em muito trabalho e transparência. Vamos em frente! 🚀",0,0,7
Julio Cesar Ribeiro,@JulioCesarRib,https://twitter.com/JulioCesarRib/status/1616539464515420245,2023-01-20T20:53:36.000Z,"🏐 Saiu no @sporttv_official minha participação na Super Liga Feminina de Vôlei, que aconteceu ontem, em Taguatinga! Foi simplesmente sensacional!",0,0,3
Julio Cesar Ribeiro,@JulioCesarRib,https://twitter.com/JulioCesarRib/status/1616194104735698944,2023-01-19T22:01:16.000Z,"Estive na cidade do Riacho Fundo II, com a governadora em exercício @celinaleao que, na oportunidade, realizou a entrega da duplicação da Avenida N3 e assinou ordens de serviços para novas obras na região.",0,0,4
Julio Cesar Ribeiro,@JulioCesarRib,https://twitter.com/JulioCesarRib/status/1616120817057955840,2023-01-19T17:10:03.000Z,"Nesta semana, visitei a sede do Comitê Brasileiro de Clubes Paralímpicos para falarmos sobre novos projetos de utilização das Vilas Olímpicas e Paralímpicas do DF. Muito obrigado pela receptividade!",0,0,2
Julio Cesar Ribeiro,@JulioCesarRib,https://twitter.com/JulioCesarRib/status/1615715152002695169,2023-01-18T14:18:05.000Z,"A cada notícia que está sendo veiculada deste caso, eu fico ainda mais indignado e estarrecido por tamanha brutalidade! É inadmissível que o direito inviolável da vida seja trajado desta forma, por motivos fúteis!",1,0,2
Julio Cesar Ribeiro,@JulioCesarRib,https://twitter.com/JulioCesarRib/status/1615350802830479362,2023-01-17T14:10:17.000Z,"Uma covardia! Um anestesista estuprava e filmava pacientes, no RJ, enquanto estavam desacordadas. Como se não bastasse tamanho ABSURDO, ele produzia e armazenava pornografia infantil! Que a justiça seja feita a todas as mulheres que tiveram seus direitos e integridade violados.",0,1,6
Julio Cesar Ribeiro,@JulioCesarRib,https://twitter.com/JulioCesarRib/status/1615063427524792324,2023-01-16T19:08:22.000Z,"Será o primeiro da região e o 13º do Distrito Federal, com o objetivo de atender 5 mil pessoas, entre crianças, adultos e idosos. Ações do GDF, na pessoa do gov @IbaneisOficial e da governadora @celinaleao, juntamente com a @Esporte_GDF em benefício dos brasilienses! 🚀 🚀🚀",0,1,12
Julio Cesar Ribeiro,@JulioCesarRib,https://twitter.com/JulioCesarRib/status/1614609442602876928,2023-01-15T13:04:23.000Z,"Participei, ao vivo, do Balanço Geral, diretamente do Centro Olímpico e Paralímpico da Estrutural, para falar sobre a abertura das matrículas para as 29 modalidades esportivas, em 12 unidades espalhadas por várias regiões de Brasília.",0,0,6
Julio Cesar Ribeiro,@JulioCesarRib,https://twitter.com/JulioCesarRib/status/1614011195216007169,2023-01-13T21:27:10.000Z,"Realizamos uma visita ao COP de Planaltina p/ ver de perto como ficaram as reformas efetuadas nas piscinas do espaço. Vamos continuar trabalhando em favor do atendimento socioeducativo, por meio da prática esportiva e sociorrecreativas. 🚀",0,0,3
Julio Cesar Ribeiro,@JulioCesarRib,https://twitter.com/JulioCesarRib/status/1613870328094117888,2023-01-13T12:07:25.000Z,"☀️ Começando essa sexta-feira com exercício físico, caminhando com minha melhor companhia, minha esposa @SoniaRi21113837 ♥️",0,0,3
Julio Cesar Ribeiro,@JulioCesarRib,https://twitter.com/JulioCesarRib/status/1613682085629231105,2023-01-12T23:39:24.000Z,"O esporte eletrônico requer mto treino, determinação e sacrifício p/ alcançar o rendimento de um atleta de alto nível.O meu respeito sempre será a todos os atletas do esporte tradicional,como do esporte eletrônico.Por isso, acredito que essa pauta precisa ser debatida com atenção",1,5,14
Julio Cesar Ribeiro,@JulioCesarRib,https://twitter.com/JulioCesarRib/status/1613515148261527559,2023-01-12T12:36:03.000Z,"Participei juntamente com nossa governadora em exercício @celinaleao da Assinatura de Ordem de Serviço na BR 020, que visa a construção da Passarela do Posto Itiquira, uma obra muito solicitada e aguardada por todos os moradores de Planaltina.",0,0,3
Julio Cesar Ribeiro,@JulioCesarRib,https://twitter.com/JulioCesarRib/status/1613321558994436098,2023-01-11T23:46:48.000Z,Fique ligado !,0,1,4
Julio Cesar Ribeiro,@JulioCesarRib,https://twitter.com/JulioCesarRib/status/1613269857104961539,2023-01-11T20:21:21.000Z,"🚨 CONFIRMADO!!!
•
A Supercopa do Brasil será em Brasília! O torneio que opõe os campeões da Copa do Brasil e do Campeonato Brasileiro, Flamengo e Palmeiras, será disputado no dia 29/01. Tenho a certeza que a CBF fez a melhor escolha! 🙌🏻",0,0,5
Julio Cesar Ribeiro,@JulioCesarRib,https://twitter.com/JulioCesarRib/status/1612404710593515522,2023-01-09T11:03:34.000Z,"O afastamento do gov. Ibaneis fere brutalmente a democracia que o elegeu para governar o DF. Repúdio qualquer tipo de manifestação violenta, assim como qualquer autoritarismo que venha ocorrer ferindo o processo eleitoral.",11,13,33
Julio Cesar Ribeiro,@JulioCesarRib,https://twitter.com/JulioCesarRib/status/1612210460979240960,2023-01-08T22:11:41.000Z,"Qualquer manifestação que ultrapasse o limite ordenado pela CF, se torna antidemocrática. Manifesto o meu repúdio às cenas de dilapidação ao patrimônio público ocorridas em nossa Capital, e deixo o meu apoio ao gov @IbaneisOficial pela iniciativa de ordem no DF.",3,1,8
Julio Cesar Ribeiro,@JulioCesarRib,https://twitter.com/JulioCesarRib/status/1611855075609042944,2023-01-07T22:39:31.000Z,"Considero um absurdo o PL 3081/22, que propõe revogar leis e decretos que regulamenta diversos profissionais entre eles o de Educação Física, Nutrição, Engenharia, Veterinária entre outros.",1,4,7
Julio Cesar Ribeiro,@JulioCesarRib,https://twitter.com/JulioCesarRib/status/1611779441104936961,2023-01-07T17:38:58.000Z,"Parabenizo o gov @IbaneisOficial pela brilhante iniciativa em autorizar a incorporação de 355 concursados ao CBMDF, do concurso de 2017. Sem dúvida, uma instituição que merece ser valorizada por todo o trabalho desenvolvido em favor da vida dos brasilienses.",0,0,8
Julio Cesar Ribeiro,@JulioCesarRib,https://twitter.com/JulioCesarRib/status/1611342856131584001,2023-01-06T12:44:08.000Z,"Não poderia deixar de me manifestar diante de uma notícia dessa. Fico pensando nas consequências físicas e psicológicas dessas crianças, exploradas sexualmente pelos próprios genitores. Um absurdo!!! Uma crueldade sem tamanho! Nojentos! Merecem e precisam serem punidos!",1,0,3
Julio Cesar Ribeiro,@JulioCesarRib,https://twitter.com/JulioCesarRib/status/1611048207039045632,2023-01-05T17:13:19.000Z,"🙌🏻 Excelente notícia! 
Fiquei muito feliz em saber que o governador @ibaneisoficial atendeu ao meu pedido para que os aprovados no concurso da SES-DF de 2018 fossem nomeados os 186 novos farmacêuticos, zerando assim o cadastro reserva.",1,0,5
Julio Cesar Ribeiro,@JulioCesarRib,https://twitter.com/JulioCesarRib/status/1610592191868723206,2023-01-04T11:01:16.000Z,"O homem bom do bom tesouro do coração tira o bem, e o mau do mau tesouro tira o mal; porque a boca fala do que está cheio o coração.  Lucas 6.45",0,0,5
Julio Cesar Ribeiro,@JulioCesarRib,https://twitter.com/JulioCesarRib/status/1610458328978817025,2023-01-04T02:09:21.000Z,"Excelente notícia! O gov @ibaneisoficial sancionou a lei que acrescenta a especialidade de Educador Físico, com exigência de curso superior e formação específica na área de atuação, na Reestrutura da carreira de Assistência Pública à Saúde do Distrito Federal.",0,0,3
Julio Cesar Ribeiro,@JulioCesarRib,https://twitter.com/JulioCesarRib/status/1610236834499465218,2023-01-03T11:29:12.000Z,Esperei confiantemente pelo SENHOR; Ele se inclinou para mim e me ouviu quando clamei por socorro”.   Salmos 40.1,0,0,5
Julio Cesar Ribeiro,@JulioCesarRib,https://twitter.com/JulioCesarRib/status/1609539468544933888,2023-01-01T13:18:07.000Z,"“Pois disseste: O SENHOR é o meu refúgio, Fizeste do Altíssimo a tua morada. Nenhum mal te sucederá, praga nenhuma chegará à tua tenda.” Salmos 91.9,10",0,1,4
