nome,usuario,idTweet,dataPublicacao,texto,replies,retweets,likes
Maria Rosas,@mariarosassp,https://twitter.com/mariarosassp/status/1614984804671389698,2023-01-16T13:55:57.000Z,"#ElaFalouElaCumpriu | Destinamos R$ 900 mil reais em emenda parlamentar para Praia Grande.

Com o recurso, realizamos a estruturação da Rede de Serviços de Atenção Básica de Saúde com a aquisição de equipamentos, como eletrocardiógrafo e oftalmoscópio para 23 UBS's.
+",2,0,3
Maria Rosas,@mariarosassp,https://twitter.com/mariarosassp/status/1612265987260252168,2023-01-09T01:52:20.000Z,"Repudio as invasões e atos de vandalismo ao patrimônio público do Congresso Nacional, ao Supremo Tribunal Federal e ao Palácio do Planalto ocorridos neste domingo (8) em Brasília . Lamentável!",0,0,7
Maria Rosas,@mariarosassp,https://twitter.com/mariarosassp/status/1611356747792269312,2023-01-06T13:39:20.000Z,"#ProjetoDeLei | O Projeto de lei de autoria da Deputada Maria Rosas, obriga as Delegacias Especializadas de Atendimento à Mulher (Deams), funcionarem em regime contínuo e ininterrupto, de vinte e quatro horas diárias, inclusive nos dias não úteis.
+",1,1,6
