nome,usuario,idTweet,dataPublicacao,texto,replies,retweets,likes
Maria Arraes,@mariaarraespe,https://twitter.com/mariaarraespe/status/1620202150189236224,2023-01-30T23:27:49.000Z,"Assim que eu tomar posse nesta quarta, vou apresentar um projeto de lei para criar o protocolo Respeite o Não. A ideia é que bares, restaurantes, casas noturnas e produtoras de eventos tenham um procedimento padrão para apoiar pessoas vítimas de violência sexual.

Segue o fio 🧶",2,11,89
Maria Arraes,@mariaarraespe,https://twitter.com/mariaarraespe/status/1619801771823759360,2023-01-29T20:56:51.000Z,"O Dia Nacional da Visibilidade Trans e Travesti chama a atenção para a necessidade de políticas públicas que garantam cidadania e direitos. A inédita presença de duas deputadas trans na @camaradeputados, @DudaSalabert e @ErikakHilton, é um avanço a ser celebrado. Vamos juntas! 🏳️‍⚧️",0,5,18
Maria Arraes,@mariaarraespe,https://twitter.com/mariaarraespe/status/1619424155363086336,2023-01-28T19:56:20.000Z,"É inadmissível que 134 anos após a abolição oficial da escravatura, ainda haja pessoas vivendo em condições análogas à escravidão no Brasil, a maioria delas negras.

Segue o fio 🧶",1,11,35
Maria Arraes,@mariaarraespe,https://twitter.com/mariaarraespe/status/1619126889049903105,2023-01-28T00:15:06.000Z,"É urgente garantir a segurança da população em Pernambuco e prevenir crimes bárbaros como o ocorrido no município de São João, no Agreste. Toda a minha solidariedade às famílias das vítimas, principalmente da pequena Maria Sophia, de 2 anos.",0,8,44
Maria Arraes,@mariaarraespe,https://twitter.com/mariaarraespe/status/1618927010948206594,2023-01-27T11:00:52.000Z,São estarrecedores os relatos de violência sexual de garimpeiros contra crianças e mulheres Yanomamis. As denúncias constam em relatório de abril de 2022 e nada foi feito. O governo Bolsonaro precisa ser responsabilizado pela omissão e o projeto de genocídio que colocou em curso!,2,17,48
Maria Arraes,@mariaarraespe,https://twitter.com/mariaarraespe/status/1618650977216917504,2023-01-26T16:44:00.000Z,"PROVA VIVA PASSA A SER RESPONSABILIDADE DO INSS!

Agora, aposentados e pensionistas não precisam mais enfrentar filas enormes, superlotação de salas de espera e transtornos de locomoção para assegurarem o direito aos seus benefícios.

Segue o fio 🧶",5,7,45
Maria Arraes,@mariaarraespe,https://twitter.com/mariaarraespe/status/1618405806986399745,2023-01-26T00:29:47.000Z,A crise humanitária que envolve os indígenas Yanomamis é uma tragédia em muitos níveis. Sabemos o quanto a desnutrição na 1ª infância pode afetar o desenvolvimento saudável das crianças e comprometer o seu futuro. Que os responsáveis por esse cenário lastimável sejam punidos.,0,2,6
Maria Arraes,@mariaarraespe,https://twitter.com/mariaarraespe/status/1618065256382857217,2023-01-25T01:56:33.000Z,"Entrou em vigor, hoje, o decreto que recria o Ministério da Cultura. A reabertura foi ainda mais especial com essa recepção da ministra @MagaAfroPop. Viva nossa cultura! Vida longa ao MinC!",0,2,10
Maria Arraes,@mariaarraespe,https://twitter.com/mariaarraespe/status/1617954143070715906,2023-01-24T18:35:02.000Z,"Hoje é a celebração de 100 anos de criação da Previdência Social, um dos pilares de segurança da nossa sociedade. É através dela que os trabalhadores garantem a proteção contra os riscos sociais que os impedem de trabalhar e levar o sustento para as suas famílias.",3,6,39
Maria Arraes,@mariaarraespe,https://twitter.com/mariaarraespe/status/1617928942769573888,2023-01-24T16:54:54.000Z,"Conversei com o ministro @wdiaspi sobre o combate às injustiças sociais e os desmontes causados pelos governos anteriores. O Min. do Des. Social é responsável pelas principais pautas que pretendo defender no mandato, além de ser uma peça fundamental para a reconstrução do Brasil.",0,1,8
Maria Arraes,@mariaarraespe,https://twitter.com/mariaarraespe/status/1616949882991820802,2023-01-22T00:04:28.000Z,"SEM ANISTIA. Após a inação do ex-comandante do Exército diante dos ataques terroristas do último dia 08, outra atitude não poderia ser adotada pelo Presidente Lula. Nossa democracia vence mais uma vez!",0,2,45
Maria Arraes,@mariaarraespe,https://twitter.com/mariaarraespe/status/1616858291551834114,2023-01-21T18:00:31.000Z,"O governo Bolsonaro ignorou mais de 20 pedidos de ajuda do povo Yanomami! As imagens tristes e estarrecedoras que vimos hoje são o resultado dessa omissão. Não é uma tragédia humanitária, é um crime contra humanidade, é genocídio.",2,4,54
Maria Arraes,@mariaarraespe,https://twitter.com/mariaarraespe/status/1616539689267400704,2023-01-20T20:54:30.000Z,"Não podemos nos calar diante da violência, da misoginia e do machismo. Mais uma vez, @JanjaLula se tornou vítima de ataques vindos dessa gente que não tolera que mulheres ocupem espaços de poder. Que a coragem e a competência de Janja siga inspirando todas nós!",0,3,21
Maria Arraes,@mariaarraespe,https://twitter.com/mariaarraespe/status/1615864055155281921,2023-01-19T00:09:46.000Z,"O Ministério da Cultura vai desbloquear cerca de R$ 1 bilhão em recursos captados por meio da Lei Rouanet, que estavam travados desde o início de 2022, por decisão política do Bolsonaro. É a cultura trabalhando, é desenvolvimento social!",4,18,97
Maria Arraes,@mariaarraespe,https://twitter.com/mariaarraespe/status/1615775004683034625,2023-01-18T18:15:55.000Z,"O BOLSA FAMÍLIA VOLTOU! Hoje foi iniciado o pagamento de R$ 600,00 para as 21,9 milhões de famílias que serão beneficiadas neste mês de janeiro. É o povo voltando a fazer parte do orçamento!",0,7,37
Maria Arraes,@mariaarraespe,https://twitter.com/mariaarraespe/status/1615757567707185162,2023-01-18T17:06:38.000Z,"A todos os propagadores de desinformação, o rigor da lei! O governador bolsonarista de MG, Romeu Zema, vai responder à justiça por sua acusação falsa, leviana e mentirosa contra o governo Lula",1,16,57
Maria Arraes,@mariaarraespe,https://twitter.com/mariaarraespe/status/1615159770947751936,2023-01-17T01:31:12.000Z,"16 dias de governo Lula e mais uma vitória! O Ministro Camilo Santana acaba de assinar a portaria que estabelece o novo Piso Magistério 2023: R$ 4.420,55, um aumento de 15%. Vamos voltar a valorizar quem cuida da gente!",0,7,37
Maria Arraes,@mariaarraespe,https://twitter.com/mariaarraespe/status/1613617790216437760,2023-01-12T19:23:55.000Z,"🚨 URGENTE: A Polícia Federal encontrou uma prova de que Bolsonaro tentaria dar um golpe para mudar o resultado da eleição. A minuta (proposta) de decreto foi encontrada na casa de Anderson Torres, ex-ministro da Justiça, e serviria para instaurar estado de defesa no TSE.",1,5,41
Maria Arraes,@mariaarraespe,https://twitter.com/mariaarraespe/status/1613615445839609856,2023-01-12T19:14:36.000Z,"A notícia de que a PF encontrou, na casa de Anderson Torres, uma minuta para Bolsonaro mudar o resultado da eleição, só comprova que o ex-ministro é uma peça fundamental para o movimento golpista. SEM ANISTIA!",0,5,20
Maria Arraes,@mariaarraespe,https://twitter.com/mariaarraespe/status/1613604019171364864,2023-01-12T18:29:12.000Z,A Constituição que os golpistas roubaram na invasão do STF foi recuperada! Viva a nossa Constituição!,1,3,18
Maria Arraes,@mariaarraespe,https://twitter.com/mariaarraespe/status/1613574962350014464,2023-01-12T16:33:44.000Z,"A “mamata” nunca acabou! 33 milhões de brasileiros passando fome, enquanto Bolsonaro gastava R$ 27 milhões em sorvete, hotéis e restaurantes",2,6,25
Maria Arraes,@mariaarraespe,https://twitter.com/mariaarraespe/status/1612610465493929984,2023-01-10T00:41:10.000Z,"A Câmara dos Deputados acaba de aprovar o decreto que institui a intervenção federal na segurança pública do DF, até 31 de janeiro. Um passo importante a favor da democracia, e das investigações do ato terrorista que destruiu a Praça dos Três Poderes. Sem anistia!",0,2,25
Maria Arraes,@mariaarraespe,https://twitter.com/mariaarraespe/status/1612450086004350976,2023-01-09T14:03:53.000Z,🚨 O Ministério da Justiça e Segurança Pública criou um e-mail (denuncia@mj.gov.br) para receber informações sobre os terroristas que atuaram ontem em Brasília.,2,4,30
Maria Arraes,@mariaarraespe,https://twitter.com/mariaarraespe/status/1612421812981272577,2023-01-09T12:11:32.000Z,"Presenciamos um dos maiores ataques ao Estado Democrático de Direito da história recente do Brasil. É inadmissível que parlamentares, eleitas e eleitos DEMOCRATICAMENTE, estimulem as ações terroristas e criminosas praticadas em Brasília. ➡️",6,7,46
Maria Arraes,@mariaarraespe,https://twitter.com/mariaarraespe/status/1612195439595651072,2023-01-08T21:12:00.000Z,🚨 LULA ACABA DE DECRETAR INTERVENÇÃO FEDERAL NO DISTRITO FEDERAL ATÉ O DIA 31/01/2023,0,2,19
Maria Arraes,@mariaarraespe,https://twitter.com/mariaarraespe/status/1610772388966445060,2023-01-04T22:57:18.000Z,"Toda solidariedade aos trabalhadores que estão sendo prejudicados pela ação ilegal no Engenho São Bento, em Itambé. São mais de 40 famílias que sobrevivem através do plantio naquelas terras. Também aproveito para me colocar à disposição no que for preciso para ajudar.",0,5,47
Maria Arraes,@mariaarraespe,https://twitter.com/mariaarraespe/status/1610705398398435340,2023-01-04T18:31:07.000Z,Uma gestão precisa ser feita com diálogo e uma análise detalhada de cada situação. Os cargos comissionados são necessários para o funcionamento da administração e devem ser substituídos com muita cautela.,8,12,54
Maria Arraes,@mariaarraespe,https://twitter.com/mariaarraespe/status/1610337997005721601,2023-01-03T18:11:11.000Z,"“Vida e dignidade em primeiro lugar”

Discurso lindo, forte e histórico do nosso ministro de Direitos Humanos. Silvio Almeida chega em contraponto ao governo da morte, que sempre negou a nossa humanidade e diversidade. O Brasil voltou a ser de todos e todas!",1,4,26
Maria Arraes,@mariaarraespe,https://twitter.com/mariaarraespe/status/1610072449508429831,2023-01-03T00:36:00.000Z,"O MINISTÉRIO DA CULTURA VOLTOU! E, durante a sua posse, a nossa ministra Margareth Menezes deu o recado:“Educação sem cultura é ensino, segurança sem cultura é repressão, saúde sem cultura é remediação, desenvolvimento social sem cultura é assistencialismo”",1,14,69
Maria Arraes,@mariaarraespe,https://twitter.com/mariaarraespe/status/1609914875400142848,2023-01-02T14:09:51.000Z,"Ainda está difícil de acreditar em tudo que aconteceu ontem… Foram 6 anos sonhando com esse momento, mas em nenhum deles tudo era tão lindo e tão emocionante como foi essa posse. Viva o Brasil! Viva a nossa democracia! Viva o presidente Lula!",0,2,37
Maria Arraes,@mariaarraespe,https://twitter.com/mariaarraespe/status/1609686980778143746,2023-01-01T23:04:17.000Z,Lula acabou de assinar o decreto que DERRUBA O SIGILO DE 100 ANOS DE BOLSONARO! Foi a gente que pediu SIM!,3,18,173
Maria Arraes,@mariaarraespe,https://twitter.com/mariaarraespe/status/1609642797853720578,2023-01-01T20:08:43.000Z,"Emocionante ver o povo que foi invisibilizado, desprezado e silenciado durante os últimos 4 anos voltar a ter vez e voz. O Presidente Lula recebeu a faixa das mãos do povo!",0,1,25
Maria Arraes,@mariaarraespe,https://twitter.com/mariaarraespe/status/1609593102070681602,2023-01-01T16:51:14.000Z,Que emoção! A história sendo feita diante dos nossos olhos… o povo vai tomar posse!,1,17,149
Maria Arraes,@mariaarraespe,https://twitter.com/mariaarraespe/status/1609542320638283776,2023-01-01T13:29:27.000Z,"O amanhã chegou. Feliz Brasil novo para todos nós! Depois de anos de espera e muito sofrimento, o Brasil volta a ser do povo brasileiro.",1,8,55
Maria Arraes,@mariaarraespe,https://twitter.com/mariaarraespe/status/1609431886115532800,2023-01-01T06:10:38.000Z,ACABOU! Bolsonaro é ex-presidente do Brasil! Tchau 👋🏻,3,7,70
