nome,usuario,idTweet,dataPublicacao,texto,replies,retweets,likes
Delegado Matheus Laiola,@MatheusLaiola,https://twitter.com/MatheusLaiola/status/1620058785443385345,2023-01-30T13:58:08.000Z,"Encontro Animal no plenário da Câmara dos Deputados 🕵🏻‍♂️❤️🐶☺️!

No dia 1º de fevereiro, tomo posse do cargo de Deputado Federal para o qual fui eleito.

Estou ansioso para iniciar esta nova etapa de trabalho por (e com) você.

Parece que ele gostou de mim, você também acha?! 😅😍",12,10,171
Delegado Matheus Laiola,@MatheusLaiola,https://twitter.com/MatheusLaiola/status/1619771701411323904,2023-01-29T18:57:22.000Z,"Padre dá sermão aos que ironizavam o sofrimento de um cavalo!!!

Na última sexta-feira, o padre Paulo Cesar (pe.paulocesar) se revoltou e deu um sermão aos que debochavam do sofrimento de um cavalo que agonizava há dias (Caeté, MG).
Parabéns pela linda postura, Padre Paulo Cesar.",6,21,239
Delegado Matheus Laiola,@MatheusLaiola,https://twitter.com/MatheusLaiola/status/1619364090056687616,2023-01-28T15:57:40.000Z,"Chocante 😱🤯!

Esta cachorra da foto era “alimentada” apenas com bitucas de cigarro!!!

Assim que foi resgatada dessa situação deplorável, levaram-na imediatamente para ser tratada numa clínica veterinária (Santos – litoral paulista).

Mas a cachorrinha não resistiu😭.",79,43,291
Delegado Matheus Laiola,@MatheusLaiola,https://twitter.com/MatheusLaiola/status/1619001437601804289,2023-01-27T15:56:36.000Z,"A desumanidade desta cena revoltou todo o mundo!

Um homem de 71 anos foi filmado jogando água com uma mangueira numa senhora em situação de rua.

Motivo: ela estaria o “atrapalhando” enquanto ele lavava a calçada.

O idoso foi preso por isso, mas pagou fiança e está em liberdade",12,9,59
Delegado Matheus Laiola,@MatheusLaiola,https://twitter.com/MatheusLaiola/status/1618699928104206336,2023-01-26T19:58:31.000Z,"Para descontrair um pouquinho...

“Humanos, vamos brincar de pega-pega?”.🦦🏊🏻Reza a lenda que a molecada está correndo até agora 😂🏃🏻💨O que você achou da molecada evitando o animalzinho que parecia querer brincar? 😆",17,25,202
Delegado Matheus Laiola,@MatheusLaiola,https://twitter.com/MatheusLaiola/status/1618609075541147648,2023-01-26T13:57:30.000Z,"Em 2014 fui Delegado do COPE (Centro de Operações Policiais Especiais) - unidade responsável por investigar facç0es crimin0sas, inclusive Roub0s a Bancos.

Nessa ação encontramos: um verdadeiro arsenal de guerr4!

Imagine a adrenalina que é estar numa ação dessas?! 😬💥",4,5,59
Delegado Matheus Laiola,@MatheusLaiola,https://twitter.com/MatheusLaiola/status/1618322470095966208,2023-01-25T18:58:38.000Z,"Um caçador foi morto a tiros pelo próprio cachorro!

Segundo as autoridades do local, o homem foi atingido fatalmente pelo cachorro

O caçador estava no carro, quando o cão pisou em um rifle, fazendo a arma disparar.",51,16,151
Delegado Matheus Laiola,@MatheusLaiola,https://twitter.com/MatheusLaiola/status/1618217091534053377,2023-01-25T11:59:54.000Z,"Prepare o lencinho porque as imagens deste reencontro são emocionantes!

Este foi o momento em que devolvemos o cãozinho Flip ao seu lar.

Que família amorosa e linda! 

Atualizamos o conceito de ALEGRIA e AMOR. 

Quem chorou comigo?",24,47,568
Delegado Matheus Laiola,@MatheusLaiola,https://twitter.com/MatheusLaiola/status/1617884137188380672,2023-01-24T13:56:51.000Z,"Muita mentira até “lembrar” da verdade!!!

O cãozinho chamado Flip fugiu de casa em outubro passado.

Depois de muita conversa, daquelas que tentam nos despistar, não desistimos: quem capturou o cãozinho, acabou revelando que não tinha ficado com ele.
Caso resolvido!",4,11,102
Delegado Matheus Laiola,@MatheusLaiola,https://twitter.com/MatheusLaiola/status/1617597205526740999,2023-01-23T18:56:41.000Z,"MODA X CAUSA ANIMAL 

Este desfile aconteceu nesta segunda-feira (23) em Paris. Os looks polêmicos chamaram a atenção principalmente por trazer cabeças de animais compondo o visual.

Segundo a marca Schiaparelli ""NENHUM ANIMAL FOI PREJUDICADO AO FAZER ESTE VISUAL"".",17,18,55
Delegado Matheus Laiola,@MatheusLaiola,https://twitter.com/MatheusLaiola/status/1617522133210648577,2023-01-23T13:58:23.000Z,"Precisamos falar sobre segurança dos pets em carros!

Recebi este vídeo do @plantao190 , com a triste cena de um acidente em que o cãozinho que usava uma coleira de pescoço, foi vitimado (com o impacto, quebrou o pescoço). Outro cão que usava coleira peitoral, saiu ileso.",1,15,50
Delegado Matheus Laiola,@MatheusLaiola,https://twitter.com/MatheusLaiola/status/1617234840784347139,2023-01-22T18:56:47.000Z,"Milagre ou prova de que nunca podemos desistir de uma vida?

O cãozinho Tito foi atropelado no dia 16 de dezembro por uma VETERINÁRIA, que deixou o local sem prestar socorro, dizendo que achou que o cão já estaria morto 😡.

Mas Tito estava vivo 🙏🏻!",23,38,297
Delegado Matheus Laiola,@MatheusLaiola,https://twitter.com/MatheusLaiola/status/1616797045372878850,2023-01-21T13:57:08.000Z,"PROIBIÇÃO DE ANIMAIS DE ESTIMAÇÃO NAS PRAIAS DO PARANA?!

Estamos preocupados.

Entenda:

Foi encaminhado ofício ao Governo do Estado, solicitando aplicação de regra que proíbe cachorros nas praias do
Paraná.

Qual é a sua opinião sobre o assunto?",36,26,144
Delegado Matheus Laiola,@MatheusLaiola,https://twitter.com/MatheusLaiola/status/1616465132510674944,2023-01-20T15:58:14.000Z,"Olhe as condições deste cavalo 🤯!!!

Depois de uma denúncia, fomos com o @SosCampo , onde encontramos uma situação muito complicada: dois cavalos absolutamente debilitados, acolhidos por um casal em situação de extrema vulnerabilidade econômica.",5,6,69
Delegado Matheus Laiola,@MatheusLaiola,https://twitter.com/MatheusLaiola/status/1616072756524683264,2023-01-19T13:59:04.000Z,"Tempo... tempo! Comigo ele foi generoso (pelo menos eu acho 😂🤣).

A vida me deu tantas responsabilidades quanto excelentes amigos no percurso.

Você acha que eu e o @LaercioAndreTV mudamos para pior ou para melhor?! Não vale mentir, hein?! 😂🤣🤪",4,1,32
Delegado Matheus Laiola,@MatheusLaiola,https://twitter.com/MatheusLaiola/status/1615807813808230414,2023-01-18T20:26:17.000Z,"ABSURD0!
Estamos diante de uma confissão com imagens e detalhes de maus-tratos. 
Inacreditável, não é mesmo?
Tomaremos as medidas legais - o cachorro tem que ser resgatado e o tutor responder por maus-tratos!
Vamos pra cima!
Fonte: @ALFINETEI",18,24,124
Delegado Matheus Laiola,@MatheusLaiola,https://twitter.com/MatheusLaiola/status/1615713744797016064,2023-01-18T14:12:29.000Z,"Como resistir ao sorriso desses doguinhos?

Hoje é o DIA DO RISO!
A companhia animal traz sensação de bem-estar e encaminha uma mensagem para o cérebro produzir endorfina, o “hormônio da felicidade”.

Se rir é remédio... ver um animal feliz é a cura de todos os males!",5,14,163
Delegado Matheus Laiola,@MatheusLaiola,https://twitter.com/MatheusLaiola/status/1615362174691737604,2023-01-17T14:55:29.000Z,"Aqui em Curitiba é assim ❤️🙏🏻!!!

A internet veio abaixo com este flagrante, postado no último domingo pela internauta Vanusa Biihrer.

Enquanto uns se derretiam com a cena fofa, outros se questionavam se em Curitiba os pets podem andar de busão.

Você é a favor dessa liberação?",87,87,738
Delegado Matheus Laiola,@MatheusLaiola,https://twitter.com/MatheusLaiola/status/1615000439224778753,2023-01-16T14:58:04.000Z,"Pavão é furtado e sofre maus-tratos!!!

Três homens furtaram (subtraíram) um 🦚, praticando maus-tratos contra ele.

Em menos de 24 horas, a Polícia Civil recuperou, devolveu para o tutor e prendeu os criminos4s.

Se condenados, os bandid4s podem pegar até 5 anos de prisão.",6,15,101
Delegado Matheus Laiola,@MatheusLaiola,https://twitter.com/MatheusLaiola/status/1614699927589765125,2023-01-15T19:03:57.000Z,"Domingão de Curso de teoria/prática de resgate animal!!!

Hoje estivemos na Clínica do Instituto Fica Comigo onde a Carla deu um Curso de Resgate Animal para grande parte da minha futura Equipe do mandato (de Deputado Federal).

Foi sensacional!!!",1,6,55
Delegado Matheus Laiola,@MatheusLaiola,https://twitter.com/MatheusLaiola/status/1613867651838930944,2023-01-13T11:56:47.000Z,"Hoje é sexta-feira 13 e redobramos a atenção com os animais de pelagem preta, principalmente os gatinhos.

Sabemos que gato preto não dá azar... gato preto dá AMOR!

Evite permitir que seu gato tenha acesso à rua. 

Sigam  @crazycatgangcwb para acompanhar o belo trabalho deles!",5,24,113
Delegado Matheus Laiola,@MatheusLaiola,https://twitter.com/MatheusLaiola/status/1613626129964834817,2023-01-12T19:57:03.000Z,"Maus-tratos?! Assista até o final!!!

Este flagrante aconteceu em maio de 2020 (#TBT).

Quando me aproximei e flagrei apenas um tutor criativo e disposto a dar  melhor qualidade de vida para o seu 🐶.

E você, já fez algo criativo para o conforto do seu pet? Me conta aqui.",9,24,223
Delegado Matheus Laiola,@MatheusLaiola,https://twitter.com/MatheusLaiola/status/1613263874769227776,2023-01-11T19:57:35.000Z,"Que tal este Antes e Depois??

Com o @institutoficacomigo_ , fomos em Araucária resgatar este cachorro.

Seus tutores se mudaram, abandonando-o.

Depois de muito amor e carinho, o Gustavinho (nome dado pelos novos tutores) foi adotado.

Será que ele está sendo paparicado?! ❤️😍",14,23,205
Delegado Matheus Laiola,@MatheusLaiola,https://twitter.com/MatheusLaiola/status/1612854354985324544,2023-01-10T16:50:18.000Z,"Uso de animal em policiamento- qual sua opinião?!

No último domingo em Brasília, tivemos cenas terríve4s de um cavalo da Polícia Militar do DF sofrendo esp4ncament0 juntamente com seu condutor, um policial.

você acha que animais devem continuar servindo ao policiamento?",50,19,98
Delegado Matheus Laiola,@MatheusLaiola,https://twitter.com/MatheusLaiola/status/1612482169863127042,2023-01-09T16:11:22.000Z,"Domingão de muitas emoções!!! 

Ontem (08/01) fui padrinho de casamento de amigos que a Causa Animal me deu!!!

No casamento encontrei grandes amigos e conversamos muito sobre o que, será?! Proteção Animal, óbvio ☺️.

Felicidades ao casal 💍❤️🙏🏻.",6,4,114
Delegado Matheus Laiola,@MatheusLaiola,https://twitter.com/MatheusLaiola/status/1611360964749705216,2023-01-06T13:56:06.000Z,"Como não se emocionar com cenas como estas?! ❤️🐶Hoje é o DIA da GRATIDÃO, e eu tenho certeza que os animais podem expressá-la também.

Toda vida é uma GRAÇA, obra da Criação que devemos cuidar.

Pelo olhar de quem você agradece todos os dias?",10,39,315
Delegado Matheus Laiola,@MatheusLaiola,https://twitter.com/MatheusLaiola/status/1611089414834249744,2023-01-05T19:57:03.000Z,"“Para tudo que tô passando”, disse a mãe pata!!!

Esta cena aconteceu em São José dos Pinhais, na região metropolitana de Curitiba.

O que é mais bonito neste vídeo: a mãe pata com seus filhotes patinhos ou o motorista do busão parando para os 🦆🦆 atravessarem?!",6,14,127
Delegado Matheus Laiola,@MatheusLaiola,https://twitter.com/MatheusLaiola/status/1610713022896693248,2023-01-04T19:01:24.000Z,"Mais uma vida salva!!!

Este cão vivia num local podr3, acorrentado, em Curitiba.

O tutor já havia sido Orientado para melhorias, quando retornamos ao local, nada havia melhorado.

O tutor vai responder por maus-tratos.

Quem merece viver assim?!",19,47,358
Delegado Matheus Laiola,@MatheusLaiola,https://twitter.com/MatheusLaiola/status/1610267077239271424,2023-01-03T13:29:23.000Z,"“Alguns dos meus melhores amigos têm 4 patas”, disse Pelé!!!

Esta foto/frase foi publicada por Pelé no dia Mundial dos Animais de 2018. 

Deixamos aqui a homenagem ao Rei que se curvou ao amor pelos seus animais, igualzinho a todos nós em coração.

Obrigado por tudo, Pelé🤴🏿🙏🏻🕊️",0,18,195
Delegado Matheus Laiola,@MatheusLaiola,https://twitter.com/MatheusLaiola/status/1609919937098747904,2023-01-02T14:29:58.000Z,"O que você acha desta cena?! Assista até o final para dê sua opinião!!!

Depois de ter sido divulgado o vídeo, o Ibama foi vistoriar o local e encontrou os animais em situação precária e alimentação inadequada.

Aqui vale o ditado  “nem tudo que reluz é ouro”, concorda?!",15,33,167
Delegado Matheus Laiola,@MatheusLaiola,https://twitter.com/MatheusLaiola/status/1609594845554790401,2023-01-01T16:58:10.000Z,"2023 nasceu!!! 

Ainda é como um filhotinho que devemos cuidar muito! 

Nós já estamos com planos fantásticos de realizações para o novo ano. 

E você?",5,11,93
