nome,usuario,idTweet,dataPublicacao,texto,replies,retweets,likes
Mauricio Neves,@MauricioNeves_,https://twitter.com/MauricioNeves_/status/1618268618499985409,2023-01-25T15:24:39.000Z,"Hoje São Paulo comemora 469 anos. Todos nós paulistas aprendemos a amar a capital do nosso estado. 
Parabéns São Paulo!  #469anos#sp #ondeomundoseencontra #aniversariodesaopaulo#aniversariosp",0,1,1
Mauricio Neves,@MauricioNeves_,https://twitter.com/MauricioNeves_/status/1617875138414014470,2023-01-24T13:21:06.000Z,"Uma das nossas prioridades é repensar a política de preços dos combustíveis. 
Temos que construir um Fundo de recursos que serviria para aliviar a vida dos consumidores nos momentos de alta do petróleo. 
Preservar a Petrobras e garantir a estabilização dos preços é fundamental.",0,1,2
Mauricio Neves,@MauricioNeves_,https://twitter.com/MauricioNeves_/status/1617568030032117770,2023-01-23T17:00:45.000Z,"Já temos muitos problemas no país e parece que o Governo quer criar mais um. A Argentina vive com uma inflação alta,  risco permanente de calote, a crise é tão grave que nossos hermanos não conseguem definir juros e câmbio, e estão diante de  uma política fiscal desastrosa.",0,0,2
Mauricio Neves,@MauricioNeves_,https://twitter.com/MauricioNeves_/status/1616147774562500612,2023-01-19T18:57:10.000Z,"Discordo frontalmente do Lula. A independência do Banco Central é uma conquista dos brasileiros. Todas as grandes nações do mundo possuem bancos centrais independentes. 
Na Câmara dos Deputados vou defender a manutenção da independência do BC.",1,1,2
Mauricio Neves,@MauricioNeves_,https://twitter.com/MauricioNeves_/status/1615720886308376578,2023-01-18T14:40:52.000Z,"Uma pesquisa do Instituto Portas Abertas divulgada hoje (18), revela que  mais de 360 milhões de cristãos foram fortemente perseguidos e discriminados por causa de sua fé no mundo em 2022.
Como deputado vou trabalhar para defender com unhas e dentes a nossa liberdade religiosa.",0,0,1
Mauricio Neves,@MauricioNeves_,https://twitter.com/MauricioNeves_/status/1612222288463536130,2023-01-08T22:58:41.000Z,"Nunca compactuei com violência. Defendo e defenderei sempre o direito à manifestação. É inaceitável a depredação de prédios públicos. 
Vou trabalhar muito para defender as bandeiras que defendemos. Quando copiamos as táticas dos adversários, são nossas ideias que perdem espaço.",1,0,0
Mauricio Neves,@MauricioNeves_,https://twitter.com/MauricioNeves_/status/1611314032019148800,2023-01-06T10:49:36.000Z,"O ano começou e já estamos trabalhando a todo vapor.
Tenho acompanhado as notícias do novo governo. Confesso a vocês que estou muito preocupado.
No momento que nossa economia começa a se recuperar não podemos dar sinais de irresponsabilidade fiscal.  #acreditesempre",0,0,0
Mauricio Neves,@MauricioNeves_,https://twitter.com/MauricioNeves_/status/1609547315185946624,2023-01-01T13:49:18.000Z,"Tarcísio é empossado governador de SP. 
Boa sorte @tarcisiogdf que Deus ilumine sempre seu caminho e suas decisões.",0,0,2
