nome,usuario,idTweet,dataPublicacao,texto,replies,retweets,likes
Nikolas Ferreira,@nikolas_dm,https://twitter.com/nikolas_dm/status/1619432752876769281,2023-01-28T20:30:30.000Z,Avisa lá que vai ter posse 👍🏻,129,261,3.942
Nikolas Ferreira,@nikolas_dm,https://twitter.com/nikolas_dm/status/1618995230472310791,2023-01-27T15:31:57.000Z,"Oi, teste. Acho que ainda tá bloqueado, né?",500,142,3.527
Nikolas Ferreira,@nikolas_dm,https://twitter.com/nikolas_dm/status/1618615927880429571,2023-01-26T14:24:44.000Z,"Além das empresas, mídias internacionais, como CNN e ABC News, também tem noticiado o que está acontecendo no Brasil.

Percebem porque não podemos desistir? Há muito em jogo. Não se trata da minha liberdade, mas da nossa .",93,328,2.881
Nikolas Ferreira,@nikolas_dm,https://twitter.com/nikolas_dm/status/1618613040550932481,2023-01-26T14:13:15.000Z,"Nossa luta pela liberdade tem feito grandes empresas do mundo inteiro, como o Telegram, se tornar um aliado contra a censura. Isso é algo histórico no nosso país. 

Nossa luta nunca é em vão.",71,189,1.983
Nikolas Ferreira,@nikolas_dm,https://twitter.com/nikolas_dm/status/1618234759980937217,2023-01-25T13:10:06.000Z,“Telegram crítica decisões de Moraes e não cumpre ordem de bloqueio à conta de Nikolas Ferreira.Aplicativo afirmou que não foi apresentada justificativa para derrubar canal de deputado eleito e que medida como essa pode caracterizar 'censura'.” Querem sumir comigo da internet…,66,108,1.454
Nikolas Ferreira,@nikolas_dm,https://twitter.com/nikolas_dm/status/1616137310768087040,2023-01-19T18:15:35.000Z,Nosso projero virou lei! Agora os irmãos tem prioridade de matrícula na mesma unidade escolar da Rede Municipal de Educação. Vamos continuar trabalhando pela educação em toda Minas Gerais.,35,77,1.016
Nikolas Ferreira,@nikolas_dm,https://twitter.com/nikolas_dm/status/1616085535252180994,2023-01-19T14:49:51.000Z,"Um grupo de advogados de esquerda peticionou ao TSE pedindo o impedimento da minha posse como Dep. Federal. Acertadamente, o Min Alexandre de Moraes indeferiu o pedido garantindo, assim, o poder de voto de quase 1,5M de mineiros que acreditam no meu trabalho. Em frente.",79,100,1.377
Nikolas Ferreira,@nikolas_dm,https://twitter.com/nikolas_dm/status/1615834003789029390,2023-01-18T22:10:21.000Z,"E eu continuo com todas as minhas redes sociais injustamente derrubadas. Eles querem banalizar a censura, normalizar o silenciamento de opositores e fazer todos esquecerem o que está acontecendo. Já estamos em uma ditadura.",107,213,1.921
Nikolas Ferreira,@nikolas_dm,https://twitter.com/nikolas_dm/status/1615717313096843265,2023-01-18T14:26:40.000Z,"Mais assustador que “120 milhões passando fome no Brasil”, são os 60,3 milhões que votaram nisso.",95,183,1.859
Nikolas Ferreira,@nikolas_dm,https://twitter.com/nikolas_dm/status/1615354846747717632,2023-01-17T14:26:21.000Z,Avisem lá que Rogério Marinho é o nosso nome para presidente do Senado.,71,164,1.456
Nikolas Ferreira,@nikolas_dm,https://twitter.com/nikolas_dm/status/1614640899681652736,2023-01-15T15:09:23.000Z,O cara acha que tudo toda em torno dele.  Eu eu eu eu eu eu eu,71,74,937
Nikolas Ferreira,@nikolas_dm,https://twitter.com/nikolas_dm/status/1614638968569581573,2023-01-15T15:01:43.000Z,"Eleição do Senado chegando e quando mais preciso me comunicar, retiram minhas redes. Estão com medo da pressão popular. Pacheco não pode vencer essas eleições.",231,610,3.804
Nikolas Ferreira,@nikolas_dm,https://twitter.com/nikolas_dm/status/1614336261409636353,2023-01-14T18:58:52.000Z,"Tenho muitas divergências com o jornalista @ggreenwald, mas em uma coisa concordamos: na defesa da liberdade de expressão. 

Compartilhe esse vídeo.
Pelo fim da censura.",104,742,2.932
Nikolas Ferreira,@nikolas_dm,https://twitter.com/nikolas_dm/status/1614311637397426176,2023-01-14T17:21:01.000Z,"Tudo o que acusaram que Bolsonaro faria, Lula está fazendo.",159,618,4.251
Nikolas Ferreira,@nikolas_dm,https://twitter.com/nikolas_dm/status/1614309560998567938,2023-01-14T17:12:46.000Z,"Você não precisa gostar do meu trabalho ou de mim, mas você defender que somente as pessoas que você concorde tenha voz, saiba que você também é um ditador.",108,317,3.033
Nikolas Ferreira,@nikolas_dm,https://twitter.com/nikolas_dm/status/1614309178163748870,2023-01-14T17:11:15.000Z,Seja sincero: você acha normal uma pessoa ter todas as contas derrubadas pela justiça sem que eles falem o motivo?,488,443,4.480
Nikolas Ferreira,@nikolas_dm,https://twitter.com/nikolas_dm/status/1614242265639133184,2023-01-14T12:45:21.000Z,Fez campanha pra votar nulo e agora tá reclamando?,160,351,3.165
Nikolas Ferreira,@nikolas_dm,https://twitter.com/nikolas_dm/status/1614226082932088832,2023-01-14T11:41:03.000Z,"Kim Kataguiri, Danilo Gentili e cia fizeram campanha pelo voto nulo. Bolsonaro e Lula não eram a mesma coisa? Estão desesperados por que? Vocês são parte do que está acontecendo. Faz o I de Isentão.",170,619,4.527
Nikolas Ferreira,@nikolas_dm,https://twitter.com/nikolas_dm/status/1614059604824166400,2023-01-14T00:39:32.000Z,I am the most voted congressman in Brazil and I had all my social networks censored by the supreme court: 14.5 million followers. I do not have access to the process and they did not disclose the reason. It’s officially forbidden to disagree in Brazil. @elonmusk @FoxNews,724,2.727,9.356
Nikolas Ferreira,@nikolas_dm,https://twitter.com/nikolas_dm/status/1614057010005446656,2023-01-14T00:29:13.000Z,"Oficial: derrubaram TODAS as minhas redes. Instagram, Facebook, Tiktok, YouTube e Twitter. Sem acesso ao processo e sem divulgação do motivo. Somente na canetada. Democracia? Que piada.",376,769,4.763
Nikolas Ferreira,@nikolas_dm,https://twitter.com/nikolas_dm/status/1614054894541082626,2023-01-14T00:20:49.000Z,"Acabaram de derrubar meu Tiktok e meu canal do YouTube. Somados dão mais de 5 milhões somente nesses dois. 

Ao todo, censuraram + de 14,5 milhões de seguidores.",183,328,2.276
Nikolas Ferreira,@nikolas_dm,https://twitter.com/nikolas_dm/status/1614041722979336194,2023-01-13T23:28:28.000Z,"Derrubaram todas as minhas contas sem nenhum motivo. O que vão alegar agora? Em nome da “democracia”, estão calando toda a oposição. É proibido discordar no Brasil.",229,434,3.366
Nikolas Ferreira,@nikolas_dm,https://twitter.com/nikolas_dm/status/1614038205799755778,2023-01-13T23:14:30.000Z,"Estão calando o deputado mais votado do Brasil. Se eu fosse de esquerda como estariam as manchetes dos jornais? A indignação da mídia? Mídia brasileira, vocês são cúmplices da censura.",216,434,3.441
Nikolas Ferreira,@nikolas_dm,https://twitter.com/nikolas_dm/status/1614036237983039488,2023-01-13T23:06:41.000Z,Twitter bloqueado também. Tudo pela democracia 👍🏻,288,297,3.553
Nikolas Ferreira,@nikolas_dm,https://twitter.com/nikolas_dm/status/1613990263705288705,2023-01-13T20:04:00.000Z,“ausência de indícios mínimos”…https://conexaopolitica.com.br/judiciario/alexandre-de-moraes-arquiva-acao-que-pedia-prisao-de-flavio-dino-por-suposta-omissao/…,1.605,1.229,8.047
Nikolas Ferreira,@nikolas_dm,https://twitter.com/nikolas_dm/status/1613931443901587458,2023-01-13T16:10:16.000Z,Derrubaram minhas contas. Tudo em prol da democracia…,5.079,6.657,"33,9 mil"
Nikolas Ferreira,@nikolas_dm,https://twitter.com/nikolas_dm/status/1613617845677527049,2023-01-12T19:24:08.000Z,"Qual sua opinião sobre sua colega de trabalho, ministra do Turismo - Daniela Carneiro, ter apoiado um acusado de chefiar milícia? Conta pra gente, @aniellefranco",4.581,4.214,35 mil
Nikolas Ferreira,@nikolas_dm,https://twitter.com/nikolas_dm/status/1613561299262119937,2023-01-12T15:39:26.000Z,Querem me cassar? Tentem na próxima 👍🏻,2.309,4.082,"25,6 mil"
Nikolas Ferreira,@nikolas_dm,https://twitter.com/nikolas_dm/status/1613543650541051905,2023-01-12T14:29:19.000Z,"a esquerda tentando me cassar com base em tweet falso kkkkkkkkkkkkk já já mostro aqui, hilário",2.874,3.453,"50,9 mil"
Nikolas Ferreira,@nikolas_dm,https://twitter.com/nikolas_dm/status/1613529198727147521,2023-01-12T13:31:53.000Z,Então…,1.326,3.049,"16,7 mil"
Nikolas Ferreira,@nikolas_dm,https://twitter.com/nikolas_dm/status/1613335125105803266,2023-01-12T00:40:42.000Z,A pressão funcionou 🙌🏻,379,917,9.277
Nikolas Ferreira,@nikolas_dm,https://twitter.com/nikolas_dm/status/1613334653145866242,2023-01-12T00:38:50.000Z,Suzane Richthofen solta. Isso não pode ser um país sério…,7.339,5.238,44 mil
Nikolas Ferreira,@nikolas_dm,https://twitter.com/nikolas_dm/status/1613313724416155649,2023-01-11T23:15:40.000Z,"Protocolei uma notícia crime ao ministro Alexandre de Moraes sugerindo que seja analisado a responsabilização do ministro da justiça, Flávio Dino, por omissão intencional nos atos de 08/01. Inclusive, se for o caso, decretando sua prisão preventiva.","10,1 mil","11,2 mil",76 mil
Nikolas Ferreira,@nikolas_dm,https://twitter.com/nikolas_dm/status/1613269956275085352,2023-01-11T20:21:45.000Z,"Junto do @BrunoEnglerDM e @cleitinhotmj, oficiamos ao Governador Zema para que acompanhe de perto a situação dos mineiros detidos em Brasília. Prezamos que os direitos e garantias constitucionais dessas pessoas não sejam violados.Estamos empenhando esforços nessa fiscalização.",2.666,3.350,"28,4 mil"
Nikolas Ferreira,@nikolas_dm,https://twitter.com/nikolas_dm/status/1612266365532135424,2023-01-09T01:53:50.000Z,"Sou contra, mas não tenho amnésia.","16,5 mil","23,3 mil","104,4 mil"
Nikolas Ferreira,@nikolas_dm,https://twitter.com/nikolas_dm/status/1611766617603510272,2023-01-07T16:48:01.000Z,O cara roubou até o crucifixo do planalto. Só isso mesmo.,3.237,5.110,"56,2 mil"
Nikolas Ferreira,@nikolas_dm,https://twitter.com/nikolas_dm/status/1611495311624790016,2023-01-06T22:49:57.000Z,"Acabo de protocolar na PGU, juntamente com a @amaliabarros, representação para derrubar o Decreto inconstitucional e desumano editado pelo Lula que suprime a Diretoria de Políticas de Educação Bilíngue de Surdos da estrutura do MEC.",2.014,6.852,"46,6 mil"
Nikolas Ferreira,@nikolas_dm,https://twitter.com/nikolas_dm/status/1611355806150041600,2023-01-06T13:35:36.000Z,"Pra quem vivia numa cela, o Lula tá bem exigente.",4.845,7.094,"72,1 mil"
Nikolas Ferreira,@nikolas_dm,https://twitter.com/nikolas_dm/status/1611353487421460481,2023-01-06T13:26:23.000Z,"Janja reclama de tudo…Só não reclama do triplex, lavagem de dinheiro, corrupção passiva e dos delatores do Lula. Reclamação seletiva 🥰",4.998,8.869,"72,7 mil"
Nikolas Ferreira,@nikolas_dm,https://twitter.com/nikolas_dm/status/1610807368933322753,2023-01-05T01:16:18.000Z,Ué,1.278,1.581,"16,3 mil"
Nikolas Ferreira,@nikolas_dm,https://twitter.com/nikolas_dm/status/1610782888420835328,2023-01-04T23:39:02.000Z,Lembram?,1.275,4.011,23 mil
Nikolas Ferreira,@nikolas_dm,https://twitter.com/nikolas_dm/status/1610744623374209048,2023-01-04T21:06:59.000Z,"Algum jornalista/político de esquerda já teve suas redes sociais bloqueadas? Não?? Curioso, né…",4.334,5.856,"50,6 mil"
Nikolas Ferreira,@nikolas_dm,https://twitter.com/nikolas_dm/status/1610743206106234914,2023-01-04T21:01:21.000Z,"Eu não falei que fiz projeto de lei, gênio. Eu disse que foi através do nosso trabalho. Sem a nossa indicação, isso não seria feito. Nós entregamos em mãos a indicação para a Prefeitura. E por ser lei federal, só cabia esse recurso a mim, por isso não tem nenhum PL nesse sentido.",268,305,5.553
Nikolas Ferreira,@nikolas_dm,https://twitter.com/nikolas_dm/status/1610694651379613696,2023-01-04T17:48:24.000Z,"Graças ao nosso trabalho, as pessoas com autismo tem hoje em BH direito à vaga no estacionamento reservado para pessoas com deficiência. Não bate de frente aqui não, tanga frouxa.",685,500,7.526
Nikolas Ferreira,@nikolas_dm,https://twitter.com/nikolas_dm/status/1610653290995372032,2023-01-04T15:04:03.000Z,"Lula extinguiu a secretaria de educação para surdos. Comemorar isso por mera divergência política, enquanto toda a comunidade surda sai prejudicada, é o atestado de fanatismo e mau-caratismo.",2.246,7.706,"48,6 mil"
Nikolas Ferreira,@nikolas_dm,https://twitter.com/nikolas_dm/status/1610432447631740930,2023-01-04T00:26:30.000Z,"Faz o I, de Isentão 👍🏻",1.877,1.774,17 mil
Nikolas Ferreira,@nikolas_dm,https://twitter.com/nikolas_dm/status/1610047580586577926,2023-01-02T22:57:11.000Z,Kkkkkkkkkkkk comunistas do passado teriam vergonha dos de hoje,1.187,390,6.790
Nikolas Ferreira,@nikolas_dm,https://twitter.com/nikolas_dm/status/1610046795521970176,2023-01-02T22:54:03.000Z,2026 a gente volta e confere 👍🏻,7.272,"20,4 mil","109,1 mil"
Nikolas Ferreira,@nikolas_dm,https://twitter.com/nikolas_dm/status/1609977077851164675,2023-01-02T18:17:01.000Z,"Antes tentaram matar Bolsonaro, agora querem prendê-lo. Esquerda sendo esquerda.",4.933,4.237,"48,8 mil"
Nikolas Ferreira,@nikolas_dm,https://twitter.com/nikolas_dm/status/1609646093410746368,2023-01-01T20:21:49.000Z,Nem o Lula acredita no que ele tá lendo.,4.708,3.181,"42,3 mil"
Nikolas Ferreira,@nikolas_dm,https://twitter.com/nikolas_dm/status/1609640082532884480,2023-01-01T19:57:55.000Z,"Vários representantes subiram a rampa: indígena, criança, negro, cachorro e um ladrão.",4.979,7.931,"57,1 mil"
Nikolas Ferreira,@nikolas_dm,https://twitter.com/nikolas_dm/status/1609637721927974916,2023-01-01T19:48:33.000Z,Brasil retomou as relações com a Venezuela. Mas era tudo conspiração nossa…,2.262,4.875,"46,1 mil"
Nikolas Ferreira,@nikolas_dm,https://twitter.com/nikolas_dm/status/1609636258397163521,2023-01-01T19:42:44.000Z,Um ladrão recebendo honraria militar. Vergonhoso.,6.146,8.335,"73,6 mil"
Nikolas Ferreira,@nikolas_dm,https://twitter.com/nikolas_dm/status/1609568135589363718,2023-01-01T15:12:02.000Z,"Segundo o Shelp, a reunião de velinhos do Foro de SP nada influenciou aqui. O comunismo é imaginário… estão de vermelho pelo Brasil 👍🏻",5.730,3.680,"33,5 mil"
Nikolas Ferreira,@nikolas_dm,https://twitter.com/nikolas_dm/status/1609558663857074182,2023-01-01T14:34:24.000Z,"Nem uma bandeirinha verde e amarela…só vermelho. É pelo Brasil sim, confia.","10,5 mil",9.401,78 mil
