nome,usuario,idTweet,dataPublicacao,texto,replies,retweets,likes
Pompeo de Mattos,@PompeodeMattos,https://twitter.com/PompeodeMattos/status/1620175800552259586,2023-01-30T21:43:06.000Z,"Já em BSB nas articulações política preparando o caminho para posse do 6º mandato como Dep Federal, junto com o @andrepdt12 e @CaboDaciolo  Compromisso com os gaúchos e o povo beasileiro",4,6,71
Pompeo de Mattos,@PompeodeMattos,https://twitter.com/PompeodeMattos/status/1618961036530548736,2023-01-27T13:16:04.000Z,"Hoje completa 10 anos desde a tragédia da Boate Kiss. 
São 10 anos de sofrimento, de uma dor que não se pode dimensionar. Centenas de famílias devastadas e um pedido que até hoje não foi atendido: Justiça!

Por memória, por Justiça e pra que jamais se repita.",2,1,9
Pompeo de Mattos,@PompeodeMattos,https://twitter.com/PompeodeMattos/status/1618430343471587328,2023-01-26T02:07:17.000Z,O MUJICA é o cara e com uma baita “carona”,3,3,22
Pompeo de Mattos,@PompeodeMattos,https://twitter.com/PompeodeMattos/status/1618080280962797569,2023-01-25T02:56:16.000Z,"A tal “moeda Unica” no Mercosul é um assunto que vem de longe 
Qualquer semelhança do que disse BOLSONARO/Guedes, com o que diz LULA/Haddad, não é mera coincidência é bem igual.  O que não pode é o povo brasileiro pagar a conta de uma divida que não é sua",0,1,5
Pompeo de Mattos,@PompeodeMattos,https://twitter.com/PompeodeMattos/status/1617904673452875777,2023-01-24T15:18:28.000Z,"Hoje é Dia dos Aposentados, homenagem aqueles que dedicaram a vida ao trabalho, aqueles que carregaram o Brasil nas costas e o Rio Grande nos ombros. 

Sou um lutador de primeira a hora dos aposentados. É honra poder fazer por quem merece, necessita e tem direito!",2,0,5
Pompeo de Mattos,@PompeodeMattos,https://twitter.com/PompeodeMattos/status/1617179468765831168,2023-01-22T15:16:45.000Z,"Há 101 anos nascia Leonel de Moura Brizola. 
O homem da educação, o homem dos CIEPs. Seu legado de luta por um país justo e desenvolvido faz dele nosso líder imortal, cujo os feitos políticos nortearão nós trabalhistas eternamente. Viva Brizola! Viva o trabalhismo!🌹",3,6,105
Pompeo de Mattos,@PompeodeMattos,https://twitter.com/PompeodeMattos/status/1615877372934295559,2023-01-19T01:02:41.000Z,"Isenção de IRPF para quem recebia até 9 salários mínimos via Medida Provisória.
Quem assina? Min. @CiroGomes e Pres. Itamar Franco. 
O ano era 1994! Desde então a tabela vem sendo reajustada (quando reajustada) com migalhas. Hoje quem ganha 2 salários mínimos já não está isento.",18,218,656
Pompeo de Mattos,@PompeodeMattos,https://twitter.com/PompeodeMattos/status/1615824107207016448,2023-01-18T21:31:02.000Z,"Último reajuste Tabela do IR foi maio/15 no Gov Dilma, fixado em 1.903,98.
Passados quase 8 anos, nos Gov TEMER e BOLSONARO não houve reajuste e a inflação do período foi de 50,30%.
Ate frentistas de posto gasolina reclamam q terão q pagar IR ganhando menos de 2 Sal.Mín. Vergonha",0,5,13
Pompeo de Mattos,@PompeodeMattos,https://twitter.com/PompeodeMattos/status/1615821574514294786,2023-01-18T21:20:58.000Z,"A Tabela do IR teve último reajuste em maio/15 no Gov Dilma, fixado em 1.903,98.
Passados quase 8 anos, nos Gov TEMER e BOLSONARO não houve reajuste e a inflação do período foi de 50,30%.
Um Fretista no posto me reclamou que vai ter q pagar IR ganhando menos de 2 Salários Mínimos",3,3,28
Pompeo de Mattos,@PompeodeMattos,https://twitter.com/PompeodeMattos/status/1615413897409794061,2023-01-17T18:21:00.000Z,Deputado ⁦@bibonunes1⁩ está mal informado ou mal assessorado. Alguém avisa ele q isso é FAKE NEWS. O “Auxílio Reclusão” foi criado pelo Pres GETULIO VARGAS e garantido na constituinte de 88. O valor sempre foi e segue de UM salário mínimo q Bolsonaro pagou nos 4 anos de Gov,6,5,20
Pompeo de Mattos,@PompeodeMattos,https://twitter.com/PompeodeMattos/status/1615412231264473092,2023-01-17T18:14:23.000Z,"Estão circulando nas redes sociais diversas notícias falsas sobre o Auxílio-Reclusão e cumpre a todos o dever de mostrar a realidade. Afinal, o que é este benefício?

Acompanhe o fio e entenda 🧶",6,11,32
Pompeo de Mattos,@PompeodeMattos,https://twitter.com/PompeodeMattos/status/1615394656111427604,2023-01-17T17:04:33.000Z,"Nem tudo são trevas nessa briga bolsonarista.
Luciano Hang, dono da Havan, fez campanha para Bolsonaro, perdeu a eleição, virou a página e seguiu em frente. 
Diz que Lula é o “piloto” do avião onde todos estamos e que torce pelo sucesso do novo governo.",5,2,21
Pompeo de Mattos,@PompeodeMattos,https://twitter.com/PompeodeMattos/status/1615004708476784640,2023-01-16T15:15:02.000Z,"A correção da tabela do imposto de renda pela inflação desde 1996 está em 420% e a correção da tabela de lá pra cá, foi de apenas 109%.

Em 1996 quem ganhava até R$900, quase 9 salários mínimos da época, estava isento. 
Hoje que ganha 1 salário e meio já paga imposto na fonte.",14,36,104
Pompeo de Mattos,@PompeodeMattos,https://twitter.com/PompeodeMattos/status/1614998838875492355,2023-01-16T14:51:43.000Z,Este é um COMPROMISSO firmado que precisa ser implementado. Cobrar é uma tarefa cívica da qual não vamos abrir mão,13,35,156
Pompeo de Mattos,@PompeodeMattos,https://twitter.com/PompeodeMattos/status/1613942231810936838,2023-01-13T16:53:08.000Z,Sexta-feira 13,1,0,7
Pompeo de Mattos,@PompeodeMattos,https://twitter.com/PompeodeMattos/status/1612993727336747010,2023-01-11T02:04:07.000Z,"Acabo de subscrever a criação da CPI para investigar a organização e o financiamento de atos terroristas e antidemocráticos dos últimos dias. 
O parlamento dará uma resposta aos terroristas e a todos aqueles que participaram das ações que atentaram contra a democracia brasileira.",4,9,46
Pompeo de Mattos,@PompeodeMattos,https://twitter.com/PompeodeMattos/status/1612502774536708097,2023-01-09T17:33:14.000Z,"Em live “quebramos tudo, não sobrou nada”, logo depois diz que protestou pacificamente. 

Golpismo e terrorismo documentado. 
Que o rigor da lei seja aplicado.",13,27,81
Pompeo de Mattos,@PompeodeMattos,https://twitter.com/PompeodeMattos/status/1612499383664185388,2023-01-09T17:19:46.000Z,"Esse radicalismo exaspera somente ódio  e o resultado é o que ocorre em Brasília. 
É preciso botar a bola no chão e a mão na consciência. 
A democracia não aceitará jamais ser ameaçada e tutelada por ninguém.",6,5,18
Pompeo de Mattos,@PompeodeMattos,https://twitter.com/PompeodeMattos/status/1612228921088516097,2023-01-08T23:25:03.000Z,"Estes atos de vandalismo além de derrubar as máscaras de que os participantes são pacíficos e do bem, na prática é “um tiro no pé de Bolsonaro e do Bolsonarismo” servindo pra fortalecer o Gov Lula e a unificação das forças democráticas. Perde o Bolsonaro mais uma vez.",2,6,19
Pompeo de Mattos,@PompeodeMattos,https://twitter.com/PompeodeMattos/status/1612167788046548994,2023-01-08T19:22:07.000Z,"Um pergunta que não quer não quer calar nesta hora de terrorismo e invasões dos prédios públicos das instituições federais, cadê a FORÇA NACIONAL ?  Isso é grave",2,0,19
Pompeo de Mattos,@PompeodeMattos,https://twitter.com/PompeodeMattos/status/1612165651384107010,2023-01-08T19:13:38.000Z,"Tudo estava desenhado, planejado e o GDF avisado do q aconteceria. Não só pagou pra ver, como colaborou com os invasores.  O Governador IBANES perdeu a condição de comando da capital federal. Por sua omissão o óbvio aconteceu e os terrorista tomaram conta",7,23,91
Pompeo de Mattos,@PompeodeMattos,https://twitter.com/PompeodeMattos/status/1612162803405660162,2023-01-08T19:02:19.000Z,"É lamentável a permissividade que possibilitou a invasão do símbolo da democracia, o Congresso Nacional depois o STF. 
Tem a conivência do GDF que não comanda mais a PM, q prevarica mais uma vez.
Os atos são mais do que vandalismo, são de puro terrorismo. 
Tem q haver resposta",4,7,46
Pompeo de Mattos,@PompeodeMattos,https://twitter.com/PompeodeMattos/status/1611338554315005953,2023-01-06T12:27:03.000Z,Este é o @cirogomes razão cheio de coração,15,30,371
Pompeo de Mattos,@PompeodeMattos,https://twitter.com/PompeodeMattos/status/1611113715721539584,2023-01-05T21:33:37.000Z,"Ao que tudo indica, teto de gastos não vai mudar.
A Paridade Internacional da Petrobrás seguirá do mesmo jeito. 
Rever a Reforma da Previdência o PT já negou. 
Rever a Reforma Trabalhista nem se fala. 
Banco Central permanecerá como está.
Lula se elegeu para que exatamente?",349,444,1.632
Pompeo de Mattos,@PompeodeMattos,https://twitter.com/PompeodeMattos/status/1611006193727832064,2023-01-05T14:26:22.000Z,"Presidente de Portugal, Marcelo Rebelo de Sousa e o presidente da Argentina, Alberto Fernández no Congresso Nacional. 
Portugal é nossa pátria-mãe, berço da nossa história e Argentina nossa maior parceira comercial na América Latina. Laços que devem estar sempre estreitos.",1,1,32
Pompeo de Mattos,@PompeodeMattos,https://twitter.com/PompeodeMattos/status/1609638269658238977,2023-01-01T19:50:43.000Z,"Estive na posse de FHC em 1999, na de Lula em 2003 e 2007. 
Estive na posse de Dilma em 2011 e 2015. 
Estive na posse de Bolsonaro em 2019. 
Agora, em 2023, estou na posse de Lula. 
Como em todas as vezes, desejo um bom governo ao presidente empossado. Um governo para todos!",2,2,33
Pompeo de Mattos,@PompeodeMattos,https://twitter.com/PompeodeMattos/status/1609532208649306112,2023-01-01T12:49:16.000Z,"É Ano Novo e já cedo no aeroporto rumo a Brasília pra no Congresso Nacional dar posse ao Presidente LULA.
Dever que cumpro com muito prazer, pois faço do que gosto e quem gosta do que faz não cansa do que está fazendo 
FELIZ ANO NOVO PARA TODOS NÓS",3,1,33
