nome,usuario,idTweet,dataPublicacao,texto,replies,retweets,likes
Reginete Bispo,@reginetebispo,https://twitter.com/reginetebispo/status/1620011367532236803,2023-01-30T10:49:43.000Z,"A matéria especial do #Fantástico com o povo YANOMAMI fez muita gente chorar. Traz mais ainda o sentimento de genocídio desse povo, a destruição e contaminação da mata, dos rios e da forma de sobrevivência deles.#semanistia #yanomani #brasilsemfome",0,10,46
Reginete Bispo,@reginetebispo,https://twitter.com/reginetebispo/status/1617843807671975936,2023-01-24T11:16:36.000Z,"A Secretaria de Comunicação Social da Presidência da República (Secom), instituiu a Coordenação-Geral de Liberdade de Expressão e Enfrentamento à Desinformação.
A medida é esperada pela sociedade e visa o combate às Fake News. A desinformação mata.#nãoàsfakenews",0,10,33
Reginete Bispo,@reginetebispo,https://twitter.com/reginetebispo/status/1614002962459947008,2023-01-13T20:54:27.000Z,Maravilhosos. Força e união.,0,3,16
Reginete Bispo,@reginetebispo,https://twitter.com/reginetebispo/status/1613877998737825792,2023-01-13T12:37:53.000Z,"Financiadores golpistas têm bens bloqueados a pedido da AGU. São mais de R$ 6,5 milhões que poderão ser utilizados para pagar parte do prejuízo material causado pelos vândalos golpistas às sedes dos Três Poderes.#responsabilizaçãodosculpados",0,0,9
Reginete Bispo,@reginetebispo,https://twitter.com/reginetebispo/status/1613849630894088195,2023-01-13T10:45:10.000Z,"Boa primeira sexta-feira 13 do Governo Lula 3. Temos muito a comemorar e ainda mais a reconstruir. Sabemos que são grandes os desafios, mas não faltam energia e vontade política.#sexta13",0,7,26
Reginete Bispo,@reginetebispo,https://twitter.com/reginetebispo/status/1613614663941464064,2023-01-12T19:11:30.000Z,"Segundo veículos de imprensa nacionais, a PF encontrou documento na casa de Anderson Torres,  sobre tentativa de mudar resultado da eleição. Prova de golpe em curso?#responsabilizaçãodosculpados",0,1,6
Reginete Bispo,@reginetebispo,https://twitter.com/reginetebispo/status/1613549168936759296,2023-01-12T14:51:14.000Z,"Enquanto quase 700 mil brasileiros morreram de Covid e 33 milhões não tinham o que comer, o ex-presidente Bolsonaro gastou ao menos 27,6 milhões de reais nos cartões corporativos - com hotéis de luxo e gastos pessoais como cosméticos e sorvetes, entre outros.",0,2,14
Reginete Bispo,@reginetebispo,https://twitter.com/reginetebispo/status/1613544899307003912,2023-01-12T14:34:16.000Z,Dá-lhe,0,1,4
Reginete Bispo,@reginetebispo,https://twitter.com/reginetebispo/status/1613305056467775488,2023-01-11T22:41:13.000Z,"O Parcão, em Porto Alegre, está normal. Parece que o recado foi entendido. #respeitoàdemocracia#responsabilização",1,1,19
Reginete Bispo,@reginetebispo,https://twitter.com/reginetebispo/status/1613196526565883904,2023-01-11T15:29:58.000Z,Lula defendendo a democracia juntos aos parlamentares.,0,1,7
Reginete Bispo,@reginetebispo,https://twitter.com/reginetebispo/status/1613178407898038281,2023-01-11T14:17:58.000Z,"O ministro do STF,  Alexandre de Moraes, a pedido da Advocacia Geral da União,  proíbe a interrupção de estradas e vias, e autoriza a prisão em flagrante a quem desobedecer. ATENÇÃO GOLPISTAS.#respeitoàdemocracia",0,5,19
Reginete Bispo,@reginetebispo,https://twitter.com/reginetebispo/status/1612905894517391367,2023-01-10T20:15:06.000Z,"Presidente do STF determina prisão de Anderson Torres, ex-ministro de Bolsonaro.",0,1,6
Reginete Bispo,@reginetebispo,https://twitter.com/reginetebispo/status/1612872072400883713,2023-01-10T18:00:42.000Z,"Imprensa divulga que Ministério Público pede bloqueio de bens do ex-presidente Bolsonaro, do ex-ministro da Justiça Anderson Torres e do governador do DF afastado Ibaneis Rocha, em função dos atos terroristas de domingo.",0,1,5
Reginete Bispo,@reginetebispo,https://twitter.com/reginetebispo/status/1612869487023296536,2023-01-10T17:50:26.000Z,Comunicação e transparência são fundamentais.,0,1,8
Reginete Bispo,@reginetebispo,https://twitter.com/reginetebispo/status/1612450645251919872,2023-01-09T14:06:06.000Z,"Na Refinaria Alberto Pasqualini (Refap), em Canoas, no Rio Grande do Sul, de acordo com informação divulgada pelo portal GZH, a Brigada Militar informou que às 8h30 de hoje (9) havia quatro manifestantes no local, que estavam sendo desmobilizados.",1,1,16
Reginete Bispo,@reginetebispo,https://twitter.com/reginetebispo/status/1612441329019293699,2023-01-09T13:29:05.000Z,Passamos em frente aos quartéis no Centro de Porto Alegre e está tudo calmo. Constatamos a presença de alguns PMs. Sem golpistas.,0,6,42
Reginete Bispo,@reginetebispo,https://twitter.com/reginetebispo/status/1612400137648619521,2023-01-09T10:45:24.000Z,PM começa a desmobilização de acampamento de golpistas junto ao QG do Exército em Brasília.,1,0,4
Reginete Bispo,@reginetebispo,https://twitter.com/reginetebispo/status/1612399137068285952,2023-01-09T10:41:25.000Z,"O presidente do Supremo Tribunal Federal (STF), ministro Alexandre de Moraes decidiu afastar o governador Ibaneis Rocha, do Distrito Federal, por 90 dias. Moraes entendeu que governo do DF foi conivente com golpistas que invadiram e depredaram sedes dos três poderes.",1,4,15
Reginete Bispo,@reginetebispo,https://twitter.com/reginetebispo/status/1612263581260693504,2023-01-09T01:42:46.000Z,"Atos em defesa da democracia estão sendo chamados em todo o Brasil. Em Porto Alegre será nessa segunda-feira (9), às 18 horas, na Esquina Democrática.",0,0,6
Reginete Bispo,@reginetebispo,https://twitter.com/reginetebispo/status/1612262725018873859,2023-01-09T01:39:22.000Z,"Lula e os governadores dos 27 estados brasileiros, segundo divulgado pela imprensa, devem se reunir nessa segunda-feira (9) para tratar da tentativa de golpe.",0,2,12
Reginete Bispo,@reginetebispo,https://twitter.com/reginetebispo/status/1612225910362763264,2023-01-08T23:13:05.000Z,O momento pede para que as maiorias invisibilidade permaneçam atentas para.que não haja retrocessos na conquistas que conquistamos com tantas lutas. A http://fotografia.do poder deve ser plural como é o povo brasileiro.,0,0,2
Reginete Bispo,@reginetebispo,https://twitter.com/reginetebispo/status/1612203207274422273,2023-01-08T21:42:52.000Z,Intervenção na Segurança Pública do Distrito Federal.,0,1,2
Reginete Bispo,@reginetebispo,https://twitter.com/reginetebispo/status/1612155568050868225,2023-01-08T18:33:34.000Z,"Lamentamos a ação de manifestantes radicais de invasão do Congresso Nacional. As informações são de que as medidas policiais estão sendo tomadas. O presidente Lula, de Araraquara, disse que se manifestará. Esperamos que rapidamente a situação seja controlada.",3,2,26
Reginete Bispo,@reginetebispo,https://twitter.com/reginetebispo/status/1611428905172275208,2023-01-06T18:26:04.000Z,O presidente Lula sancionou - demonstrando respeito à diversidade religiosa e cultura - a lei que institui o Dia Nacional das Tradições das Raízes de Matrizes Africanas e Nações do Candomblé. O dia será comemorado anualmente em 21 de março. Link nos comentários.,1,12,64
Reginete Bispo,@reginetebispo,https://twitter.com/reginetebispo/status/1611355024377974784,2023-01-06T13:32:29.000Z,"Nosso querido @EdegarPretto será anunciado presidente da Companhia Nacional de Abastecimento (Conab) na tarde de hoje. Parabéns e boa luta! A imprensa foi convidada para o anúncio que será feito pelo Ministro do Desenvolvimento Agrário e Agricultura Familiar,  Paulo Teixeira.",3,21,82
Reginete Bispo,@reginetebispo,https://twitter.com/reginetebispo/status/1611329328041558019,2023-01-06T11:50:23.000Z,"Bora curtir a primeira sexta do Governo Lula 3? Sextou com esperança de um Brasil sem fome,  sem racismo e sem machismo. E sem medo de ser feliz.🖤#brasilsemfome#brasilsemracismo #brasilsemmachismo #negrasnopoder",2,3,22
Reginete Bispo,@reginetebispo,https://twitter.com/reginetebispo/status/1611327688068694016,2023-01-06T11:43:52.000Z,"Na semana em que nos despedimos do Rei Pelé,  uma fala dele ao Jô sobre representatividade no Congresso. A partir de fevereiro estarei na Câmara Federal defendendo as nossas lutas.#brasilsemracismo #brasilsemmachismo #brasilsemfome #negrasnopoder",0,0,3
Reginete Bispo,@reginetebispo,https://twitter.com/reginetebispo/status/1611142095833538561,2023-01-05T23:26:23.000Z,"Como deputada federal,  a partir de 1º de fevereiro, darei continuidade à luta das nossas ancestrais",0,1,6
Reginete Bispo,@reginetebispo,https://twitter.com/reginetebispo/status/1611034136294166529,2023-01-05T16:17:24.000Z,"O povo tomou posse.
Juntos na mesma luta.#brasilsemfome #brasilsemracismo #brasilsemmachismo #reconstrução",0,1,5
Reginete Bispo,@reginetebispo,https://twitter.com/reginetebispo/status/1611032316771696643,2023-01-05T16:10:10.000Z,"Ibama presente na posse da ministra  @MarinaSilva 
Valorização da entidade que cuida do nosso meio ambiente. 🎊🎉🌏",0,3,20
Reginete Bispo,@reginetebispo,https://twitter.com/reginetebispo/status/1610990673041231873,2023-01-05T13:24:41.000Z,Trabalho para reconstruir o Brasil.,0,0,2
Reginete Bispo,@reginetebispo,https://twitter.com/reginetebispo/status/1610990016427089922,2023-01-05T13:22:05.000Z,"Confira a entrevista que concedi à jornalista Manoela Alcântara, do Metrópoles, no link https://metropoles.com/brasil/suplente-de-pimenta-promete-combater-machismo-e-conservadorismo-no-congresso…#negrasnopoder#brasilsemracismo#brasilsemmachimso#brasilsemfome",0,5,15
Reginete Bispo,@reginetebispo,https://twitter.com/reginetebispo/status/1610989269698355207,2023-01-05T13:19:07.000Z,"""Como deputada federal, a partir de 1º de fevereiro, darei continuidade à luta das nossas ancestrais.""
Lula sanciona lei que põe 1ª deputada negra, Antonieta de Barros, em Livro de Heroínas da Pátria",6,51,475
Reginete Bispo,@reginetebispo,https://twitter.com/reginetebispo/status/1610987827721912321,2023-01-05T13:13:23.000Z,Juntas na luta.,1,1,8
Reginete Bispo,@reginetebispo,https://twitter.com/reginetebispo/status/1610987481100320771,2023-01-05T13:12:00.000Z,Muita luta e compromisso.,0,0,6
Reginete Bispo,@reginetebispo,https://twitter.com/reginetebispo/status/1610987183896248320,2023-01-05T13:10:49.000Z,"Por um Brasil sem racismo,  sem fome e sem machismo.",0,4,11
Reginete Bispo,@reginetebispo,https://twitter.com/reginetebispo/status/1610986912012976129,2023-01-05T13:09:45.000Z,Juntas na luta.,0,0,11
Reginete Bispo,@reginetebispo,https://twitter.com/reginetebispo/status/1610022387646447624,2023-01-02T21:17:04.000Z,Nossa parceria vem de longe e agora  vamos dar continuidade na Câmara Federal projetos  que o Senador Paulo Paim aprovou no senado.,0,0,14
