nome,usuario,idTweet,dataPublicacao,texto,replies,retweets,likes
Renilce Nicodemos,@RenilceOficial,https://twitter.com/RenilceOficial/status/1619734119738654721,2023-01-29T16:28:02.000Z,Seguimos na contagem. Faltam 3 dias para a nossa posse de Deputada Federal. Um feliz e abençoado domingo a todos! 😍💙#RenilceNicodemos #DeputadaFederal  #AForçaDaMulherParaense #ElaNãoPara #Brasília #Pará #CamaraDosDeputados,0,2,6
Renilce Nicodemos,@RenilceOficial,https://twitter.com/RenilceOficial/status/1619356851308740608,2023-01-28T15:28:54.000Z,Faltam 4 dias para a nossa posse de Deputada Federal. 😍💙#RenilceNicodemos #DeputadaFederal  #AForçaDaMulherParaense #ElaNãoPara #Brasília #Pará #CamaraDosDeputados,0,2,3
Renilce Nicodemos,@RenilceOficial,https://twitter.com/RenilceOficial/status/1618936720984268800,2023-01-27T11:39:27.000Z,"Bom dia, pessoal! ☀️Estamos em contagem regressiva. Faltam 5 dias para tomarmos posse como Deputada Federal! 😍💙#RenilceNicodemos #DeputadaFederal  #AForçaDaMulherParaense #ElaNãoPara #Brasília #Pará #CamaraDosDeputados",1,1,5
Renilce Nicodemos,@RenilceOficial,https://twitter.com/RenilceOficial/status/1618741871546884099,2023-01-26T22:45:11.000Z,"O trabalho não para! 💪🏻Hoje, em Brasília, participei de uma reunião com o presidente da Câmara dos Deputados, Arthur Lira, o ministro das cidades, Jader Filho, o governador do Pará, Helder Barbalho, e a bancada dos deputados federais do estado do Pará. 💙+",3,1,10
Renilce Nicodemos,@RenilceOficial,https://twitter.com/RenilceOficial/status/1618266195412815874,2023-01-25T15:15:01.000Z,"🎶Pra quem tem fé, o impossível é questão de tempo. Pra quem tem fé, viver milagres é inevitável. Pois quem tem fé, não abre mão de viver as promessas. Pra quem tem fé, nenhum gigante impede a festa.🎶#RenilceNicodemos #DeputadaFederal  #AForçaDaMulherParaense #ElaNãoPara",0,1,3
Renilce Nicodemos,@RenilceOficial,https://twitter.com/RenilceOficial/status/1617184687784624128,2023-01-22T15:37:30.000Z,"As imagens que chegam dos Yanomami, são dilacerantes. Nossos povos originários estão sendo massacrados, extirpados. Como mulher, mãe, brasileira, não irei me calar enquanto nossos irmãos, sobretudo, mulheres e crianças, padeçam em condições sub-humanas.",1,1,6
Renilce Nicodemos,@RenilceOficial,https://twitter.com/RenilceOficial/status/1616623370619219970,2023-01-21T02:27:01.000Z,"Sexta-feira de muito trabalho! Participei, a convite do ministro das Cidades, Jader Filho, da entrega de 300 novos títulos de propriedades aos moradores do bairro da Condor, em Belém. 

Tenho certeza que o sonho de tanta gente se transforma em realidade e, ao mesmo tempo, +",1,0,7
Renilce Nicodemos,@RenilceOficial,https://twitter.com/RenilceOficial/status/1616530054787530753,2023-01-20T20:16:13.000Z,"Hoje foram empossados os novos presidente e vice-presidente do TRE-PA, Leonam Cruz e José do Rosário. Desejo aos dois sucesso nessa nova jornada e que Deus possa iluminar os caminhos deste importante tribunal. +",1,0,10
Renilce Nicodemos,@RenilceOficial,https://twitter.com/RenilceOficial/status/1616490658172108805,2023-01-20T17:39:40.000Z,"Na manhã desta sexta-feira, estive reunida com a vice-governadora do Estado, @hana_ghassan. Tratamos de projetos, demandas em prol dos municípios e do fortalecimento da defesa dos interesses do nosso amado Pará. 

Tenho muito orgulho de ter uma mulher a frente +",1,0,2
Renilce Nicodemos,@RenilceOficial,https://twitter.com/RenilceOficial/status/1616091727437377540,2023-01-19T15:14:28.000Z,"Mensagens que aquecem o coração! 😍Estamos juntos nessa caminhada. Esse mandato é meu, seu, nosso.💙",1,1,4
Renilce Nicodemos,@RenilceOficial,https://twitter.com/RenilceOficial/status/1613326099127357440,2023-01-12T00:04:50.000Z,"O Pará mais uma vez em destaque mundial, com a gestão do governador @helderbarbalho, que articulou para que a #COP30, seja sediada em Belém, em 2025, caso o Brasil seja a sede da Conferência das Nações Unidas para o Clima. É a Amazônia no seu lugar de fala!",0,1,2
Renilce Nicodemos,@RenilceOficial,https://twitter.com/RenilceOficial/status/1612280635535540225,2023-01-09T02:50:32.000Z,"Chegamos ao final deste domingo com uma sensação de tristeza. Tentaram abalar nossa Democracia, mas ela é forte, é resistente. Lamentavelmente dilapidaram, com gravidade, prédios que representam os 3 poderes da República: o Executivo, com o belo Palácio do Planalto; +",1,0,5
Renilce Nicodemos,@RenilceOficial,https://twitter.com/RenilceOficial/status/1612177086797463556,2023-01-08T19:59:04.000Z,São lamentáveis as notícias que chegam de Brasília. Espero em breve uma solução pacífica do conflito com respeito as instituições públicas e a democracia. Rogo sabedoria as autoridades de segurança para que ajam com reserva aos direitos humanos.,0,1,4
Renilce Nicodemos,@RenilceOficial,https://twitter.com/RenilceOficial/status/1611330286742130690,2023-01-06T11:54:12.000Z,"Feliz 407 anos, Vigia de Nazaré!",0,1,6
Renilce Nicodemos,@RenilceOficial,https://twitter.com/RenilceOficial/status/1611128284078555136,2023-01-05T22:31:30.000Z,"Também parabenizo o colega de partido, MDB, @RenanFilho_, por assumir o Ministério dos Transportes. 

Feliz em saber que uma de suas prioridade será expandir a malha ferroviária do país, para poder desafogar as rodovias. +",1,0,5
Renilce Nicodemos,@RenilceOficial,https://twitter.com/RenilceOficial/status/1611075876199993344,2023-01-05T19:03:15.000Z,"Lugar de mulher é onde ela quiser! Parabenizo a nova ministra do Planejamento, @simonetebet, colega de partido, o MDB, empossada hoje. Tebet chega defendendo uma atuação conjunta com outros ministérios e a responsabilidade fiscal. 

Me sinto orgulhosa e representada com Simone +",1,0,7
Renilce Nicodemos,@RenilceOficial,https://twitter.com/RenilceOficial/status/1610993240093720581,2023-01-05T13:34:53.000Z,#tbt de responsa! É muito trabalho de Norte ao Sul do nosso amado Pará. #RenilceNicodemos #DeputadaFederal #AForçaDaMulherParaense #ElaNãoPara,0,1,2
Renilce Nicodemos,@RenilceOficial,https://twitter.com/RenilceOficial/status/1610820783772925954,2023-01-05T02:09:37.000Z,"Ainda sobre esses dias em Brasília, além de participar da posse do novo Ministro das Cidades, Jader Filho, pude dialogar com lideranças políticas e  reunir com prefeitos para planejar o desenvolvimento e investimentos nos municípios. +",1,0,1
Renilce Nicodemos,@RenilceOficial,https://twitter.com/RenilceOficial/status/1610794551395979265,2023-01-05T00:25:22.000Z,"Parabenizo o governador do estado do Pará @helderbarbalho, empossado hoje, como o novo presidente do Consórcio Interestadual de Desenvolvimento Sustentável da Amazônia Legal. 👏🏻Certeza que o senhor irá continuar a discussão ambiental, buscando estratégias para o +",1,0,8
Renilce Nicodemos,@RenilceOficial,https://twitter.com/RenilceOficial/status/1610720930983968794,2023-01-04T19:32:50.000Z,"Quarta-feira de muito trabalho na Câmara Federal. 

Aproveito para agradecer a receptividade, carinho e respeito do líder do MDB na Câmara, deputado federal Isnaldo Bulhões, pelo diálogo e comprometimento com o país, em especial a região Norte. +",1,1,5
Renilce Nicodemos,@RenilceOficial,https://twitter.com/RenilceOficial/status/1610682532583936019,2023-01-04T17:00:15.000Z,São demonstrações como essa que enchem meu coração de amor. Certeza que estamos no caminho certo e que muito ainda iremos fazer pelo povo do Pará. #RenilceNicodemos #DeputadaFederal #AForçaDaMulherParaense,0,0,4
Renilce Nicodemos,@RenilceOficial,https://twitter.com/RenilceOficial/status/1610604483364397056,2023-01-04T11:50:07.000Z,"Bom dia, boa tarde, boa noite!#RenilceNicodemos #DeputadaFederal #AForçaDaMulherParaense",0,2,6
Renilce Nicodemos,@RenilceOficial,https://twitter.com/RenilceOficial/status/1610431139545776129,2023-01-04T00:21:18.000Z,"Tive a satisfação de prestigiar a posse do novo Ministro das Cidades que além de meu amigo, é paraense e presidente do MDB no Pará. O Jader Filho é um homem competente em tudo que faz e tenho a convicção de que fará um grande trabalho à frente desta pasta tão importante +",2,1,5
Renilce Nicodemos,@RenilceOficial,https://twitter.com/RenilceOficial/status/1610302318217420804,2023-01-03T15:49:25.000Z,Tenho certeza que é o mais preparado para dar continuidade a um trabalho que levou muitos benefícios aos lares e famílias de Viseu. +,1,0,5
Renilce Nicodemos,@RenilceOficial,https://twitter.com/RenilceOficial/status/1610233355118821377,2023-01-03T11:15:23.000Z,"Que tal começar 2023 de uma forma diferente? Cuidando da sua mente desde o início para, quem sabe assim, conseguir realizar todas as metas que você definiu para esse ano? Afinal, sejam quais forem as suas metas, você precisa de uma mente saudável para realiza-las. 🧠🤍",1,2,5
Renilce Nicodemos,@RenilceOficial,https://twitter.com/RenilceOficial/status/1610035915979919361,2023-01-02T22:10:50.000Z,Estão preparados? 🫣Tá chegando o grande dia. 😍✨#RenilceNicodemos #AForçaDaMulherParaense #Pará #DeputadaFederal #Posse,0,1,4
Renilce Nicodemos,@RenilceOficial,https://twitter.com/RenilceOficial/status/1609985949668089862,2023-01-02T18:52:17.000Z,"Bom dia, boa tarde, boa noite! ✨ 

Início essa semana, a primeira do ano, agradecendo a Deus por me tornar um instrumento Dele. Cuidar da população paraense e ajudar na garantia de um futuro de oportunidades para cada um, é prioridade para o meu mandato. 🤝 +",2,1,13
Renilce Nicodemos,@RenilceOficial,https://twitter.com/RenilceOficial/status/1609701762293813249,2023-01-02T00:03:01.000Z,Mais sobre a sessão solene de posse do governador @helderbarbalho e da vice-governadora @hana_ghassan.,1,1,10
Renilce Nicodemos,@RenilceOficial,https://twitter.com/RenilceOficial/status/1609603275652825088,2023-01-01T17:31:40.000Z,Empossados! Quero parabenizar o governador reeleito do estado do Pará Helder Barbalho e a vice-governadora Hana Ghassan que tomaram posse na manhã deste domingo. Feliz em poder fazer parte desse momento de um governo tão compromissado com a população paraense. +,1,2,11
Renilce Nicodemos,@RenilceOficial,https://twitter.com/RenilceOficial/status/1609544646119530497,2023-01-01T13:38:42.000Z,"Participo neste primeiro dia do ano de 2023, da Sessão Solene de Posse do governador reeleito do estado do Pará, @helderbarbalho e da vice-governadora @hanaghassan.",1,0,14
