nome,usuario,idTweet,dataPublicacao,texto,replies,retweets,likes
Rui Falcão,@rfalcao13,https://twitter.com/rfalcao13/status/1616859751844814848,2023-01-21T18:06:19.000Z,O presidente Lula reafirma sua autoridade como comandante supremo das FFAA. Chega de tutela!,19,83,553
Rui Falcão,@rfalcao13,https://twitter.com/rfalcao13/status/1613166947079753729,2023-01-11T13:32:26.000Z,"Minha solidariedade ao  Fábio Mesquita, cuja injusta preterição precisa ser esclarecida pela ministra da Saúde.",2,8,33
Rui Falcão,@rfalcao13,https://twitter.com/rfalcao13/status/1612257934444052480,2023-01-09T01:20:20.000Z,"VAMOS ÀS RUAS!
Ato em Defesa da Democracia, em São Paulo será amanhã (09/01),  no MASP às 18h.",7,45,271
Rui Falcão,@rfalcao13,https://twitter.com/rfalcao13/status/1612191194888413186,2023-01-08T20:55:08.000Z,PRESIDENTE LULA AO VIVO,6,9,29
Rui Falcão,@rfalcao13,https://twitter.com/rfalcao13/status/1612172184784347138,2023-01-08T19:39:36.000Z,Não dá para tratar o vandalismo bolsonarista como se fosse “manifestações democráticas”…,54,190,1.586
Rui Falcão,@rfalcao13,https://twitter.com/rfalcao13/status/1612166193023959044,2023-01-08T19:15:47.000Z,"QUEM FINANCIA OS ATOS DOS TERRORISTAS EM BRASÍLIA?
Basta! Os responsáveis precisam ser identificados e presos.",14,35,139
Rui Falcão,@rfalcao13,https://twitter.com/rfalcao13/status/1609635275898068994,2023-01-01T19:38:50.000Z,Posse do Presidente Lula,4,10,36
Rui Falcão,@rfalcao13,https://twitter.com/rfalcao13/status/1609602803600695299,2023-01-01T17:29:48.000Z,Posse do Lula ao vivo!,2,45,202
