nome,usuario,idTweet,dataPublicacao,texto,replies,retweets,likes
Silvia Waiãpi,@silviawaiapi,https://twitter.com/silviawaiapi/status/1612246700894167040,2023-01-09T00:35:42.000Z,ESTÃO DERRUBANDO POSTAGENS/ PERFIS DE PESSOAS QUE INFORMARAM O QUE ESTÁ ACONTECENDO EM BRASÍLIA!  TIVE AS REDES SOCIAIS ATACADAS… POSTAGENS EXCLUÍDAS DENUNCIADAS COMO SPAM … QUE FEIO PRA QUEM ATENTA IMPEDIR A INFORMAÇÃO,145,222,1.162
Silvia Waiãpi,@silviawaiapi,https://twitter.com/silviawaiapi/status/1612176586908008448,2023-01-08T19:57:05.000Z,"Não pode atirar em bandido: traficantes, estupradores, ladroes/ homicidas… mas podem atirar com munição letal no manifestante desarmado?",39,85,393
Silvia Waiãpi,@silviawaiapi,https://twitter.com/silviawaiapi/status/1612176358469435392,2023-01-08T19:56:11.000Z,"Não pode atirar em bandido: traficantes, estupradores, ladroes/ homicidas… mas podem atirar com munição letal no manifestante desarmado? @FlavioBolsonaro @FlavioDino @exercitooficial @pmdfoficial @LucianoHangBr @gen_heleno @exercitooficial @Anninhaluiza25 @RevistaVerdade",413,1.375,3.111
Silvia Waiãpi,@silviawaiapi,https://twitter.com/silviawaiapi/status/1610418789027352576,2023-01-03T23:32:14.000Z,o informe de que a equipe médica foi acionada para atendimento de emergência em uma PCR por possivel alteração metabólica relacionada a uma suposta diabetes não insulinica! Estranho! Mas que ele havia sido atendido! Ainda aguardando mais informações.,383,1.763,8.806
Silvia Waiãpi,@silviawaiapi,https://twitter.com/silviawaiapi/status/1610377316189831169,2023-01-03T20:47:26.000Z,Um Guerreiro como Tserere Xavante gozando de perfeita saúde jamais teria uma PCR… a não ser se fosse envenenado ou eliminado!,985,4.330,"19,5 mil"
Silvia Waiãpi,@silviawaiapi,https://twitter.com/silviawaiapi/status/1609695309193707522,2023-01-01T23:37:23.000Z,Não houve derrota de Bolsonaro e sim para as Forças Armadas. Homens que se achavam estrategistas demonstraram falta de LEALDADE ao Brasil! TRIPUDIARAM sobre a MEMÓRIA daqueles que um dia GUERREARAM para que  FOSSEMOS UMA NAÇÃO LIVRE. Vergonha de Caxias!,111,664,3.339
