nome,usuario,idTweet,dataPublicacao,texto,replies,retweets,likes
Silvye Alves,@silvyealves,https://twitter.com/silvyealves/status/1619829323669864449,2023-01-29T22:46:20.000Z,"URGENTE! Árvore cai sobre barracas de feira na Praça do Sol, em Goiânia. As primeiras informações apontam que há feridos… Em atualização.",2,1,10
Silvye Alves,@silvyealves,https://twitter.com/silvyealves/status/1619730527564738561,2023-01-29T16:13:45.000Z,"O sentimento hoje é de gratidão! 🙏🏼 Agradeço a Deus por ter nos sustentado até aqui… Agradeço também a você, que acreditou, que confiou. Faltam poucos dias para a posse… Essa vitória é nossa! 💜",1,0,9
Silvye Alves,@silvyealves,https://twitter.com/silvyealves/status/1618796176329039872,2023-01-27T02:20:58.000Z,"Falta muito pouco agora… Já vou começar nossas ações por Goiás assim que assumir… Ações que vão ajudar muita gente, salvar pessoas e transformar vidas… 💓",2,1,13
Silvye Alves,@silvyealves,https://twitter.com/silvyealves/status/1618291320891797505,2023-01-25T16:54:51.000Z,"🚨Caso absurdo de violência psicológica… Um homem, de 37 anos, foi preso pela PCGO depois de ameaçar de morte a ex-companheira e enviar ao filho dela imagens da forca que seria utilizada no crime… O menino de 11 anos estava na escola quando recebeu a filmagem.",1,0,5
Silvye Alves,@silvyealves,https://twitter.com/silvyealves/status/1617961219910152193,2023-01-24T19:03:09.000Z,"➡️ 699 mulheres foram vítimas de feminicídio no Brasil no 1º semestre de 2022 (Fórum Brasileiro de Segurança Pública)➡️ 27% das mulheres já sofreram violência psicológica, como ameaças, xingamentos e insultos (IPEC)",3,0,5
Silvye Alves,@silvyealves,https://twitter.com/silvyealves/status/1612245662485123073,2023-01-09T00:31:34.000Z,"Manifestações pacíficas são bem vindas, mas o que aconteceu em Brasília foi uma lástima que se resumiu em vandalismo, destruição do patrimônio público e total desrespeito à Democracia.",2,1,7
