nome,usuario,idTweet,dataPublicacao,texto,replies,retweets,likes,tweetPai
RioDeJaneiroBrasil2022,@RBrasil2022,https://twitter.com/RBrasil2022/status/1642650150785937411,2023-04-02T22:08:09.000Z,Viva,0,0,1,https://twitter.com/AlencarBraga13/status/1642497103183368194
Ciro Pereira,@CiroPereiradaS1,https://twitter.com/CiroPereiradaS1/status/1642652506894262274,2023-04-02T22:17:31.000Z,"Pamonha , água benta e
"" Pó de mico "" 🤨🤨🤨",0,0,0,https://twitter.com/AlencarBraga13/status/1642497103183368194
Daniel,@marisrosenmann,https://twitter.com/marisrosenmann/status/1642749867566006278,2023-04-03T04:44:23.000Z,COVID,0,0,0,https://twitter.com/AlencarBraga13/status/1642497103183368194
oρʋɐʋɹəɟ,@rgsomaior,https://twitter.com/rgsomaior/status/1642838772915093510,2023-04-03T10:37:40.000Z,MENTIROSO,0,0,0,https://twitter.com/AlencarBraga13/status/1642497103183368194
lucas alexandre,@lucas_lucas570,https://twitter.com/lucas_lucas570/status/1642689912167100416,2023-04-03T00:46:09.000Z,E o desgoverno deixando um rombo de 41 bilhões.#LulaLadraoSeuLugarENaPrisao,0,0,0,https://twitter.com/AlencarBraga13/status/1642497103183368194
Ralffer,@JosePB1984,https://twitter.com/JosePB1984/status/1642647026553815040,2023-04-02T21:55:44.000Z,"Obrigado, Bolsonaro e sua equipe, por ter empreendido inúmeros esforços para garantir que o nosso setor de turismo não ruísse em razão à COVID 19. Aliás, não fosse essa maldita doença, teríamos tido os melhores números da história no Turismo.

Mais uma vez, OBRIGADO BOLSONARO!",0,0,2,https://twitter.com/AlencarBraga13/status/1642497103183368194
Marisa victorio da silva,@victorio_marisa,https://twitter.com/victorio_marisa/status/1642505783098130434,2023-04-02T12:34:29.000Z,"#Turismo⭐✊ viva o turismo do Brasil✔️Novo recorde! Turistas estrangeiros deixaram US$529 milhões no país e é o maior montante dos últimos 4 anos, em um mês de fevereiro. A volta da celebração do carnaval foi uma das razões. Viva o turismo do Brasil!",0,0,0,https://twitter.com/AlencarBraga13/status/1642497103183368194
Kleber Luiz,@Kleluiz,https://twitter.com/Kleluiz/status/1642558168076017664,2023-04-02T16:02:39.000Z,Explica aqui rapidinho vai,0,0,0,https://twitter.com/AlencarBraga13/status/1642497103183368194
jadilson,@jadilso28664665,https://twitter.com/jadilso28664665/status/1642596778502414336,2023-04-02T18:36:04.000Z,Fala a verdade! Em que país teve carnaval durante a pandemia? Esses é o desgoverno de vcs. Mentir pra população desinformada.,0,0,0,https://twitter.com/AlencarBraga13/status/1642497103183368194
Lara,@LarenseM,https://twitter.com/LarenseM/status/1642678017364295680,2023-04-02T23:58:53.000Z,⭐️⭐️⭐️⭐️⭐️⭐️,0,0,0,https://twitter.com/AlencarBraga13/status/1642497103183368194
