nome,usuario,idTweet,dataPublicacao,texto,replies,retweets,likes,tweetPai
Miami Beach Elevator.btc,@elevamiami,https://twitter.com/elevamiami/status/1642704910037794816,2023-04-03T01:45:45.000Z,Kkkkkk,2,8,224,https://twitter.com/AlencarBraga13/status/1642667526503952384
Eliana M K,@ElianaMMK,https://twitter.com/ElianaMMK/status/1642821573198458881,2023-04-03T09:29:19.000Z,"Esse beneficiário da Lei Rouanet se tiver que homenagear alguém, esse alguém somos nós, que pagamos as mordomias, regalias, luxos para ele. Pagamo-lo para nos roubar. Hilário isso.",4,2,87,https://twitter.com/AlencarBraga13/status/1642667526503952384
Andre Bomfa,@GustaMirandaAB,https://twitter.com/GustaMirandaAB/status/1643002836609794048,2023-04-03T21:29:36.000Z,QUERO VER TODA ESSA ANIMAÇÃO DAQUI A 1 ANO E MEIO… quando faltar papel higiênico 👍🏻,0,0,0,https://twitter.com/AlencarBraga13/status/1642667526503952384
RoBolsonaro3,@RBolsonaro3,https://twitter.com/RBolsonaro3/status/1642935676860612618,2023-04-03T17:02:44.000Z,Só no meio da minoria que ele é ovacionado.,0,0,2,https://twitter.com/AlencarBraga13/status/1642667526503952384
rosefoltran,@rosefoltran,https://twitter.com/rosefoltran/status/1642691429183942656,2023-04-03T00:52:11.000Z,Foi assim no show do Milton e do Caetano tb ✊🏼,17,0,10,https://twitter.com/AlencarBraga13/status/1642667526503952384
pereiramarco_4@hotmail.com,pereiramarco_4@hotmail.com,https://twitter.com/4Pereiramarco/status/1642723058925355008,2023-04-03T02:57:52.000Z,"Todos da vila Madalena! E outra, em 4 anos de Bolsonaro, o Chico Buarque não fez um show se quer…em 3 meses de desgoverno do nove dedos e ladrão, ele voltou através da lei Roubanet! Porque será??",3,0,67,https://twitter.com/AlencarBraga13/status/1642667526503952384
Defecating Giants Brasil,@DefecatingB,https://twitter.com/DefecatingB/status/1642820822464176128,2023-04-03T09:26:20.000Z,"Um mar de gente branca e bem nutrida. Em toda a multidão, apenas UM negro (deve ser a cota).",18,60,1.255,https://twitter.com/AlencarBraga13/status/1642667526503952384
Marta teodora,@Martateodora3,https://twitter.com/Martateodora3/status/1642784759515422721,2023-04-03T07:03:02.000Z,"Só vai petista ao show do Chico Buarque,e ainda financiado pela lei Rouanet.",5,1,158,https://twitter.com/AlencarBraga13/status/1642667526503952384
MARIO SERGIO DOMINGO,@mariosdomingos,https://twitter.com/mariosdomingos/status/1642872386176401409,2023-04-03T12:51:14.000Z,"Show para militantes é fácil, quero ver o 9dedos ir num ambiente neutro!🤬😡🤢",0,0,2,https://twitter.com/AlencarBraga13/status/1642667526503952384
Denise,@denisesimonette,https://twitter.com/denisesimonette/status/1642881389396729864,2023-04-03T13:27:01.000Z,"1% da população, que são os artistas que recebem a Lei Rouanet comerão picanha e os amigos do rei 🤷🏼‍♀️",0,6,21,https://twitter.com/AlencarBraga13/status/1642667526503952384
João Paulo 22,@Joroche13,https://twitter.com/Joroche13/status/1642751514237104129,2023-04-03T04:50:56.000Z,"🤣🤣🤣 Se puxar a ficha, metade deveria estar na cadeia e a outra chora no banho.",2,0,31,https://twitter.com/AlencarBraga13/status/1642667526503952384
Renildo Naiff,@NaiffRenildo,https://twitter.com/NaiffRenildo/status/1642833171455639552,2023-04-03T10:15:25.000Z,Que música esse Chico Buarque canta???,1,0,1,https://twitter.com/AlencarBraga13/status/1642667526503952384
TheRay,@better_4us,https://twitter.com/better_4us/status/1642932936667283457,2023-04-03T16:51:50.000Z,"Estão comemorando o quê? Essa porrada de empresas, fechando as portas? Só se for né?",2,0,20,https://twitter.com/AlencarBraga13/status/1642667526503952384
Alberto Bono,@Ab55Bono,https://twitter.com/Ab55Bono/status/1642896285551271942,2023-04-03T14:26:12.000Z,"O que o senhor depois de eleito e reeleito, tem feito ou trazido de melhoria para Guarulhos, ficar na redes sociais divulgando vídeo de ativistas em apoio ao ladrão é fácil, quero ver divulgar vídeo de trabalhos realizados em prol de seus eleitores!",1,0,4,https://twitter.com/AlencarBraga13/status/1642667526503952384
mary má,@zurenemanique,https://twitter.com/zurenemanique/status/1642669131601199104,2023-04-02T23:23:34.000Z,Lula Guerreiro do Povo,2,0,0,https://twitter.com/AlencarBraga13/status/1642667526503952384
Dalila O. R.,@DalilaOliveiraR,https://twitter.com/DalilaOliveiraR/status/1642964721707155456,2023-04-03T18:58:09.000Z,@ChicoBuarque,0,0,0,https://twitter.com/AlencarBraga13/status/1642667526503952384
Green Star,@SuzanaChaib,https://twitter.com/SuzanaChaib/status/1642877882354528257,2023-04-03T13:13:05.000Z,Cruzes Lula e Chico aqui vemos duas pessoas que se apropriam de coisas alheias👀👀👀,1,0,5,https://twitter.com/AlencarBraga13/status/1642667526503952384
TIA_ Do_WaTsApp22,@paulapedra4,https://twitter.com/paulapedra4/status/1642764929139703810,2023-04-03T05:44:14.000Z,Que povo feio!!!!!,0,0,0,https://twitter.com/AlencarBraga13/status/1642667526503952384
João Carvalho,@JooluizdeSouz13,https://twitter.com/JooluizdeSouz13/status/1642802106137444355,2023-04-03T08:11:58.000Z,"Claro que não,todos sabemos do pq dessa homenagem !
Onde trabalha a esposa do Sr Francisco.Qual o cabide de emprego dado a ela ?Quanto Sr Francisco ainda não justificou de $$ recebido da lei de Incentivos órgãos até hoje?Pois é..os pagamentos de apoios deles foram os primeiros.",0,1,51,https://twitter.com/AlencarBraga13/status/1642667526503952384
OSS!!!!,@saboyajr02,https://twitter.com/saboyajr02/status/1642823177645572098,2023-04-03T09:35:42.000Z,"Ingresso mais barato: 600,00 Reais e não tem cota não viu?",1,0,30,https://twitter.com/AlencarBraga13/status/1642667526503952384
Ricardo,@RicardoSalik2,https://twitter.com/RicardoSalik2/status/1642737509447749641,2023-04-03T03:55:17.000Z,Nojo,0,0,12,https://twitter.com/AlencarBraga13/status/1642667526503952384
Heitor Cavalcante,@heiiitor036,https://twitter.com/heiiitor036/status/1642861471708205059,2023-04-03T12:07:52.000Z,"🤣🤣🤣🤣🤣🤣🤣🤣🤣🤣🤣🤣🤣🤣 Esses 15 entraram de GRAÇA , mortadela 🤢🤮🤢🤮🤮🤣🤣🤣🤣🤣 um ânimo Kkkkkk acorda idiotas , manda o Ladrao sair nas Ruas 🤢🤢🤮",0,0,1,https://twitter.com/AlencarBraga13/status/1642667526503952384
Como era o nome daquele político?,@EraDaquele,https://twitter.com/EraDaquele/status/1642863624275345408,2023-04-03T12:16:25.000Z,"Manda o @LulaOficial andar pela paulista, lá ele pode realmente saber o que o povo pensa a seu respeito. O pessoalzinho que foi ver o Chico sabemos o que pensa. Não valem a picanha que comem.",0,0,9,https://twitter.com/AlencarBraga13/status/1642667526503952384
Poindexter,@OproprioPoindex,https://twitter.com/OproprioPoindex/status/1642687066298368000,2023-04-03T00:34:50.000Z,"Comprando todos com a lei Rouanet, os pobres agradecem",0,0,45,https://twitter.com/AlencarBraga13/status/1642667526503952384
beija - flor,@jucicleidealv12,https://twitter.com/jucicleidealv12/status/1642735894946783237,2023-04-03T03:48:52.000Z,👇🏼👇🏼👇🏼,0,4,33,https://twitter.com/AlencarBraga13/status/1642667526503952384
Jose irenaldo,@irenaldo8,https://twitter.com/irenaldo8/status/1642821782607470592,2023-04-03T09:30:09.000Z,Minha homenagem pra ele.,1,9,64,https://twitter.com/AlencarBraga13/status/1642667526503952384
Sandra,@MouraRisso,https://twitter.com/MouraRisso/status/1642865951874875392,2023-04-03T12:25:40.000Z,Claro né? Tudo sugador da lei Rouanet,1,11,125,https://twitter.com/AlencarBraga13/status/1642667526503952384
Marina,@Marina92011959,https://twitter.com/Marina92011959/status/1643025046137348096,2023-04-03T22:57:51.000Z,"A mulher do Chico tem um cargo no governo, não ? Só para lembrar …",2,2,8,https://twitter.com/AlencarBraga13/status/1642667526503952384
Marli Schneider - Meu partido é o Brasil. 22,@SchneiderMarli,https://twitter.com/SchneiderMarli/status/1642832245588107265,2023-04-03T10:11:44.000Z,🤮🤮🤮🤮🤮,1,5,66,https://twitter.com/AlencarBraga13/status/1642667526503952384
Cicero Viana De Araujo,@CiceroVianaDeA1,https://twitter.com/CiceroVianaDeA1/status/1642846375430717440,2023-04-03T11:07:53.000Z,"A grana caindo, até o Lula fica bom",1,1,46,https://twitter.com/AlencarBraga13/status/1642667526503952384
Alexandre Siqueira,@ssicca1,https://twitter.com/ssicca1/status/1642831061481664516,2023-04-03T10:07:02.000Z,#cumplice,0,0,1,https://twitter.com/AlencarBraga13/status/1642667526503952384
Imagem&mensagem,@imagememensagem,https://twitter.com/imagememensagem/status/1642840446966677505,2023-04-03T10:44:19.000Z,Engraçado como o pai dos pobres tem seu elogio na boca da elite e no show aonde favelado nunca vai entrar. Este país não tem jeito mesmo,0,0,3,https://twitter.com/AlencarBraga13/status/1642667526503952384
Davi Guimarães,@dfdguimaraes,https://twitter.com/dfdguimaraes/status/1642840908168151043,2023-04-03T10:46:09.000Z,Fora Lula.,0,0,0,https://twitter.com/AlencarBraga13/status/1642667526503952384
Sandra Rosa- DEUS ACIMA DE TUDO!,@SandraR11512169,https://twitter.com/SandraR11512169/status/1642843080184217605,2023-04-03T10:54:47.000Z,Óbvio.,0,0,0,https://twitter.com/AlencarBraga13/status/1642667526503952384
Lauro Dessoy,@dessoy_lauro,https://twitter.com/dessoy_lauro/status/1642856103699521537,2023-04-03T11:46:32.000Z,Teve pão com mortadela grátis? massa de manobra,0,0,0,https://twitter.com/AlencarBraga13/status/1642667526503952384
Leandro França,@LeandrofrancaC,https://twitter.com/LeandrofrancaC/status/1642858675130839040,2023-04-03T11:56:45.000Z,Duas porcarias isso sim!,0,0,0,https://twitter.com/AlencarBraga13/status/1642667526503952384
Waldir Wagner,@waldirinfor,https://twitter.com/waldirinfor/status/1642867974053691393,2023-04-03T12:33:42.000Z,"Rindo até amanhã, poucas pessoas em local fechado, porquê fosse aberto, seria massacrado pelas pessoas da direita progressista.",0,0,1,https://twitter.com/AlencarBraga13/status/1642667526503952384
QAS,@Francis00665428,https://twitter.com/Francis00665428/status/1642876839084294145,2023-04-03T13:08:56.000Z,Reflexão 🤔,0,3,5,https://twitter.com/AlencarBraga13/status/1642667526503952384
Luiz Alves,@LuizAlvesBR2020,https://twitter.com/LuizAlvesBR2020/status/1642896050460536835,2023-04-03T14:25:16.000Z,Esquerda caviar. Comunismo pros outros e Paris pra mim. Farsante.,0,1,13,https://twitter.com/AlencarBraga13/status/1642667526503952384
Pagador de impostos,@JuniorMascio,https://twitter.com/JuniorMascio/status/1642897181697798145,2023-04-03T14:29:46.000Z,Mano! País afundando e a turma batendo palma.,0,0,1,https://twitter.com/AlencarBraga13/status/1642667526503952384
60tão,@Ctec5,https://twitter.com/Ctec5/status/1642906035185672192,2023-04-03T15:04:57.000Z,"Claque selecionada e amestrada, simples assim. Convida ele para passear na paulista e comer um pastel........a tarde né, às 3 da manhã não",0,0,2,https://twitter.com/AlencarBraga13/status/1642667526503952384
Ciro Pereira,@CiroPereiradaS1,https://twitter.com/CiroPereiradaS1/status/1642921093999611911,2023-04-03T16:04:47.000Z,Nojo,0,0,1,https://twitter.com/AlencarBraga13/status/1642667526503952384
Angela,@Angela43845448,https://twitter.com/Angela43845448/status/1642922105980239877,2023-04-03T16:08:48.000Z,Homenagem pq? Pelo desgoverno atual ou pela corrupção do anterior?,0,0,2,https://twitter.com/AlencarBraga13/status/1642667526503952384
Mebam,@Mebam8,https://twitter.com/Mebam8/status/1642922478644150272,2023-04-03T16:10:17.000Z,DINHEIRINHO FÁCIL NÉ!!,0,0,3,https://twitter.com/AlencarBraga13/status/1642667526503952384
#DireitaSemMimimi,@SentaODedo2010,https://twitter.com/SentaODedo2010/status/1642956524652822534,2023-04-03T18:25:34.000Z,🤢🤮,0,0,0,https://twitter.com/AlencarBraga13/status/1642667526503952384
antoniofabio.andrade@gmail.com,antoniofabio.andrade@gmail.com,https://twitter.com/AntoniofabioA/status/1642960692197343233,2023-04-03T18:42:08.000Z,Kkkkkk que droga. Bota Lula nas ruas,0,0,0,https://twitter.com/AlencarBraga13/status/1642667526503952384
Denise,@DeniseMC2222,https://twitter.com/DeniseMC2222/status/1642977437230178308,2023-04-03T19:48:40.000Z,"Esse Chico já era, só voltou por conta do “ cachaça “",0,0,0,https://twitter.com/AlencarBraga13/status/1642667526503952384
Jussara Weyll,@JussaraWeyll,https://twitter.com/JussaraWeyll/status/1642991414148743168,2023-04-03T20:44:13.000Z,"CLARO😂😂😂😂 A ROUANET DEU UM PRESENTAÇO A MULHER DELE, COMO NÃO PAPARICÁ- LO Ñ É MESMO?",0,0,0,https://twitter.com/AlencarBraga13/status/1642667526503952384
Jussara Weyll,@JussaraWeyll,https://twitter.com/JussaraWeyll/status/1643004303005589504,2023-04-03T21:35:26.000Z,"DEPOIS DA ROUANET QUE A MULHER DE CHICO GANHOU, TEM REALMENTE QUE FAZER UMA HOMENAGEM 😂😂😂😂😂😂😂😂 NÃO É MESMO?",0,0,0,https://twitter.com/AlencarBraga13/status/1642667526503952384
WanderValero,@WanderValero,https://twitter.com/WanderValero/status/1643009844989796353,2023-04-03T21:57:27.000Z,"Vai ganhar 5 milhões também, CERTEZA.",0,0,3,https://twitter.com/AlencarBraga13/status/1642667526503952384
Silvana S. de Moraes,@SilvanaSMoraes,https://twitter.com/SilvanaSMoraes/status/1643016808901885953,2023-04-03T22:25:07.000Z,Só bandidos!,0,0,0,https://twitter.com/AlencarBraga13/status/1642667526503952384
Vduarte 3-conta.,@vwsd82,https://twitter.com/vwsd82/status/1642901627861364738,2023-04-03T14:47:26.000Z,A elite burra.,0,0,1,https://twitter.com/AlencarBraga13/status/1642667526503952384
Izabel Mansano,@IzabelMansano,https://twitter.com/IzabelMansano/status/1642840677590466562,2023-04-03T10:45:14.000Z,Podres !!!!! Lixos,0,0,1,https://twitter.com/AlencarBraga13/status/1642667526503952384
Carlos Cesar de Oliveira Andrade,@CesarAndradeRS,https://twitter.com/CesarAndradeRS/status/1642710363228569602,2023-04-03T02:07:25.000Z,A mamata da rouanet voltou!,0,0,1,https://twitter.com/AlencarBraga13/status/1642667526503952384
Luis Augusto,@LuisAugustoBom2,https://twitter.com/LuisAugustoBom2/status/1642723059588104192,2023-04-03T02:57:52.000Z,Grandes bostas....,0,0,4,https://twitter.com/AlencarBraga13/status/1642667526503952384
Girafales,@Girafales15,https://twitter.com/Girafales15/status/1642734041043550208,2023-04-03T03:41:30.000Z,"Claro que não, eles ganham pra isso.",0,0,8,https://twitter.com/AlencarBraga13/status/1642667526503952384
Marcos Martins,@MarcosBoccalon,https://twitter.com/MarcosBoccalon/status/1642751047981514752,2023-04-03T04:49:05.000Z,Efeito Lei Rouanet. Só paramos fã club do descondenado.,0,0,1,https://twitter.com/AlencarBraga13/status/1642667526503952384
A verdade liberta,@Bonoro77,https://twitter.com/Bonoro77/status/1642755348330053633,2023-04-03T05:06:10.000Z,Rouanet fazendo a festa 🤡,0,0,3,https://twitter.com/AlencarBraga13/status/1642667526503952384
Racv,@Racv83696621,https://twitter.com/Racv83696621/status/1642807424984702976,2023-04-03T08:33:06.000Z,Nesse local rolou Souta a lei ruanet,0,0,1,https://twitter.com/AlencarBraga13/status/1642667526503952384
Elio Freitas Magnus,@ElioMagnus,https://twitter.com/ElioMagnus/status/1642817533911654400,2023-04-03T09:13:16.000Z,Quantos celulares foram roubados desta vez?,0,0,1,https://twitter.com/AlencarBraga13/status/1642667526503952384
Thelma DiasMe sigam Patriotas ..Deus abençoe!,@ThelmaDias10,https://twitter.com/ThelmaDias10/status/1642926582548377602,2023-04-03T16:26:36.000Z,"Claro com o nosso dinheiro!
Espetáculo: dois neurônios’",0,0,2,https://twitter.com/AlencarBraga13/status/1642667526503952384
Gafanhoto mestre,@haroldo21858160,https://twitter.com/haroldo21858160/status/1643001006274347010,2023-04-03T21:22:20.000Z,"O mais lindo é ver quantos pobres, negros e residentes de comunidades presentes no show. Só gente humilde. Qta diversidade. Nem se vê homens brancos, opressores e da elite paulistana presente.",0,0,1,https://twitter.com/AlencarBraga13/status/1642667526503952384
Lincoln,@LincolnNKanamor,https://twitter.com/LincolnNKanamor/status/1642800247226134530,2023-04-03T08:04:35.000Z,🤮🤮,0,0,1,https://twitter.com/AlencarBraga13/status/1642667526503952384
Lincoln,@LincolnNKanamor,https://twitter.com/LincolnNKanamor/status/1642800478529499138,2023-04-03T08:05:30.000Z,🤮,0,0,1,https://twitter.com/AlencarBraga13/status/1642667526503952384
Rafael ◤✠◢,@rafaelluissouza,https://twitter.com/rafaelluissouza/status/1642843161167790082,2023-04-03T10:55:06.000Z,"A turma da ruanet. 
Tudo muito inclusivo, só a alta corte, a nata da burguesia.",0,0,4,https://twitter.com/AlencarBraga13/status/1642667526503952384
Marco Lacerda,@MarcoLacerda15,https://twitter.com/MarcoLacerda15/status/1642850056230322177,2023-04-03T11:22:30.000Z,Estes aí estão comendo muita picanha com o dinheiro 💰 da lei Rouanet!,0,0,1,https://twitter.com/AlencarBraga13/status/1642667526503952384
luiz henrique,@LuizAsgarf,https://twitter.com/LuizAsgarf/status/1642866476292907008,2023-04-03T12:27:45.000Z,"Ótima homenagem.
Mas sinceramente fiquei decepcionado por não ter tido uns homenagem ao Maduro, ao Fidel , ao Che, ao Ortega, a Cristina e alguns outros criminosos que andam pelo mundo afora.",0,0,4,https://twitter.com/AlencarBraga13/status/1642667526503952384
Mario H,@MarioH09906244,https://twitter.com/MarioH09906244/status/1642897208520458241,2023-04-03T14:29:52.000Z,"Show de bandido tem homenagem ao chefe da quadrilha.
Acontece nos bailes funk com os dono do morro.",0,1,7,https://twitter.com/AlencarBraga13/status/1642667526503952384
Maryland Barros,@maryland_barros,https://twitter.com/maryland_barros/status/1642902751393771521,2023-04-03T14:51:54.000Z,Que linda homenagem dos acéfalos e mamador🤡,0,0,5,https://twitter.com/AlencarBraga13/status/1642667526503952384
Jcm Medina,@JcmMedina1,https://twitter.com/JcmMedina1/status/1642910505453903875,2023-04-03T15:22:42.000Z,"No show do ""cumpanheru"" Chico , plateia amestrada , qual a novidade ? Pra quem gosta é um prato cheio !",0,0,1,https://twitter.com/AlencarBraga13/status/1642667526503952384
Botijão de Gás,@botijao,https://twitter.com/botijao/status/1642846247819018243,2023-04-03T11:07:22.000Z,QUINHENTOS E CINQUENTA REAIS o ingresso mais barato. Esse é o pessoal que gosta de pobre!,0,0,14,https://twitter.com/AlencarBraga13/status/1642667526503952384
Rosana Medronha,@RosanaMedronha,https://twitter.com/RosanaMedronha/status/1642849143440785410,2023-04-03T11:18:53.000Z,"Uma pessoa que vai ver um show do Chicolula, deve estar com nada para fazer na vida, o cara já não cantava na época imagina agora, ganharam os convites quem paga para ver essa coisa",1,0,10,https://twitter.com/AlencarBraga13/status/1642667526503952384
Marcos Aurelio,@MarcusWest2500,https://twitter.com/MarcusWest2500/status/1642740899254874114,2023-04-03T04:08:45.000Z,"Engraçado o povo da esquerda que adora acusar os outros de racismo 
E não tem um negro na plateia 
Enfim a Hipocrisia",0,0,40,https://twitter.com/AlencarBraga13/status/1642667526503952384
Edu2k20,@edu2k20,https://twitter.com/edu2k20/status/1642741026979807233,2023-04-03T04:09:16.000Z,"Só os mamateiros da Rounet, é hilário isso.",0,0,146,https://twitter.com/AlencarBraga13/status/1642667526503952384
Ronilson Oliveira,@Ronnylson_Tx,https://twitter.com/Ronnylson_Tx/status/1642821910533754881,2023-04-03T09:30:40.000Z,O que será desses idiotas fanáticos quando o Lula deixar de existir?,3,0,20,https://twitter.com/AlencarBraga13/status/1642667526503952384
Robert Prado,@twiterdorobert,https://twitter.com/twiterdorobert/status/1642825417085026306,2023-04-03T09:44:36.000Z,Claro que tem homenagem pra quem libera o dinheiro do povo pra farra desses artistas.,0,0,11,https://twitter.com/AlencarBraga13/status/1642667526503952384
DSantos,@Arthemi05504251,https://twitter.com/Arthemi05504251/status/1642825871370190849,2023-04-03T09:46:24.000Z,Mais vale uma VERDADE BEM DITA….,0,2,26,https://twitter.com/AlencarBraga13/status/1642667526503952384
Meire Schūller,@MeireSchuller,https://twitter.com/MeireSchuller/status/1642832451801104384,2023-04-03T10:12:33.000Z,"A elite do atraso e o líder . Tinha pobre aí ? Não ! Quem vai em um show no domingo , só playboy .",1,0,8,https://twitter.com/AlencarBraga13/status/1642667526503952384
Desmentindo os Canhotos,@Cristia85545350,https://twitter.com/Cristia85545350/status/1642853738091098115,2023-04-03T11:37:08.000Z,Hiprocrisia.,0,3,26,https://twitter.com/AlencarBraga13/status/1642667526503952384
JEFFERSON CUSINATO,@jeffcusinato,https://twitter.com/jeffcusinato/status/1642728916564443139,2023-04-03T03:21:08.000Z,E viva a lei Rouanet 🤮🤮🤮🤮🤮,0,0,6,https://twitter.com/AlencarBraga13/status/1642667526503952384
Jose irenaldo,@irenaldo8,https://twitter.com/irenaldo8/status/1642840291278192640,2023-04-03T10:43:42.000Z,"Manda ele sair na rua pra gente homenagear ele também 😉,em local totalmente controlado é fácil.",0,0,5,https://twitter.com/AlencarBraga13/status/1642667526503952384
Cláudia,@Cludia420422741,https://twitter.com/Cludia420422741/status/1642845457545035776,2023-04-03T11:04:14.000Z,Espera até o dinheiro acabar ....😏🤡🤡🤡,0,0,2,https://twitter.com/AlencarBraga13/status/1642667526503952384
Tánia,@Marasals1,https://twitter.com/Marasals1/status/1642859890698846209,2023-04-03T12:01:35.000Z,Entrada livre?,0,0,1,https://twitter.com/AlencarBraga13/status/1642667526503952384
Roberto Alves,@Roberto36434483,https://twitter.com/Roberto36434483/status/1642864075322408962,2023-04-03T12:18:13.000Z,"Picanheiros Felizes,afinal a Mamata voltou,,, detalhe já os Picanheiros da Picanha Fatiada, Coxão duro,esses não adianta nem esperar,vão ficar só com a Mandioca e Abóbora mesmo.",0,0,2,https://twitter.com/AlencarBraga13/status/1642667526503952384
Liliana,@LILIANA1994,https://twitter.com/LILIANA1994/status/1642882693862965249,2023-04-03T13:32:12.000Z,Quanto custou para o povo brasileiro sem voz.,0,0,1,https://twitter.com/AlencarBraga13/status/1642667526503952384
Carlosfrizi,@Carlosb14634253,https://twitter.com/Carlosb14634253/status/1642925300286734343,2023-04-03T16:21:30.000Z,"Em lugar  fechado, com caravana  pago com nossos  impostos , o  lugar  fica cheio  para receber  seu 30 reais  e pão  com mortadela.",0,0,1,https://twitter.com/AlencarBraga13/status/1642667526503952384
TarsilaConservadora#Liberdade acima de tudo!,@Claudiarmo2,https://twitter.com/Claudiarmo2/status/1642907690224558080,2023-04-03T15:11:31.000Z,"Pão e Circo (só que sem o pão com mortadela, claro!)

Enquanto isso, na vida real…",0,0,1,https://twitter.com/AlencarBraga13/status/1642667526503952384
Adriana Correa,@FgtsSaque,https://twitter.com/FgtsSaque/status/1643103481794813952,2023-04-04T04:09:32.000Z,Kkkkkkkkkkkkk,0,0,0,https://twitter.com/AlencarBraga13/status/1642667526503952384
Janaina Faria,@janainac_neves,https://twitter.com/janainac_neves/status/1643219053622730753,2023-04-04T11:48:46.000Z,"Bandido compactua com
Bandido",0,0,0,https://twitter.com/AlencarBraga13/status/1642667526503952384
Everaldo _Real,@everaluz,https://twitter.com/everaluz/status/1643291950420721664,2023-04-04T16:38:26.000Z,Parece festa nos presídios com a eleição do Molusco Ladrão.,0,0,0,https://twitter.com/AlencarBraga13/status/1642667526503952384
Rose,@Rose04981545,https://twitter.com/Rose04981545/status/1643381949497573376,2023-04-04T22:36:03.000Z,🤮🤮🤮👏🏼,0,0,0,https://twitter.com/AlencarBraga13/status/1642667526503952384
jeovane vieira Duart,@DuartJeovane,https://twitter.com/DuartJeovane/status/1643591204456607744,2023-04-05T12:27:34.000Z,🤮🤮🤮,0,0,0,https://twitter.com/AlencarBraga13/status/1642667526503952384
Budegaarts,@anthoniofeitosa,https://twitter.com/anthoniofeitosa/status/1643267948776239104,2023-04-04T15:03:04.000Z,Idiotizados de quilo.,0,0,0,https://twitter.com/AlencarBraga13/status/1642667526503952384
Fátima Nunes,@fslnunes,https://twitter.com/fslnunes/status/1642886347517050880,2023-04-03T13:46:43.000Z,Só dos mamadores mesmo kkkkkkk,0,0,6,https://twitter.com/AlencarBraga13/status/1642667526503952384
Leticia Albuquerque,@Leticiland61,https://twitter.com/Leticiland61/status/1642830089657229316,2023-04-03T10:03:10.000Z,Qual o preço do ingresso? Porque não consegui identificar nenhum filho dele. Refiro-me aos pobres.,1,0,4,https://twitter.com/AlencarBraga13/status/1642667526503952384
Anne,@Annlazysc,https://twitter.com/Annlazysc/status/1642830368343568384,2023-04-03T10:04:16.000Z,Que gente rica. Acho que devem taxar bastante ingressos a estes eventos. Lula é o fim futuro do Brasil,0,0,6,https://twitter.com/AlencarBraga13/status/1642667526503952384
Ítalo Moreira,@moreiraitalo,https://twitter.com/moreiraitalo/status/1642693840682229762,2023-04-03T01:01:46.000Z,Hipocrisia Hipocrisia em forma de Amor.,0,0,6,https://twitter.com/AlencarBraga13/status/1642667526503952384
.,@ddasppp1,https://twitter.com/ddasppp1/status/1642725066189283336,2023-04-03T03:05:50.000Z,Tem gente que gosta de ser feita de trouxa.,0,0,54,https://twitter.com/AlencarBraga13/status/1642667526503952384
Gila Bueno,@GilaBueno,https://twitter.com/GilaBueno/status/1642744218190856193,2023-04-03T04:21:56.000Z,Queria ver essa homegem toda nas ruas... bora.. para as ruas ver se será assim...,0,0,11,https://twitter.com/AlencarBraga13/status/1642667526503952384
Cris Oliveira,@Cristia91808292,https://twitter.com/Cristia91808292/status/1642749876583772161,2023-04-03T04:44:26.000Z,Enquanto isso no nordeste….,1,0,6,https://twitter.com/AlencarBraga13/status/1642667526503952384
Eduardo Barbosa,@Eduardo22197643,https://twitter.com/Eduardo22197643/status/1642772681555599361,2023-04-03T06:15:03.000Z,Que novidade! Essa é a carreta furacão!,0,0,6,https://twitter.com/AlencarBraga13/status/1642667526503952384
CARLOS OLIVEIRA,@CARLOSO88537913,https://twitter.com/CARLOSO88537913/status/1642835032258560001,2023-04-03T10:22:48.000Z,"Dentro de um teatro pela burguesia macabra e mole, quero ver na rua ou num campo de futebol com o povo de verdade!",0,0,5,https://twitter.com/AlencarBraga13/status/1642667526503952384
Marciano Real,@MarcianoOReal,https://twitter.com/MarcianoOReal/status/1642741216776167424,2023-04-03T04:10:01.000Z,Isso não foi hoje,0,0,0,https://twitter.com/AlencarBraga13/status/1642667526503952384
fladimir da costa,@fladimirdacosta,https://twitter.com/fladimirdacosta/status/1642932261895929856,2023-04-03T16:49:10.000Z,Festa igual a que teve nos presídios ...,0,0,0,https://twitter.com/AlencarBraga13/status/1642667526503952384
Carlos Marlon B.SS,@carlosmarlonsa1,https://twitter.com/carlosmarlonsa1/status/1642939401637441536,2023-04-03T17:17:32.000Z,O que a lei de incentivo fiscal não faz na vida de militantes vendidos que se dizem artistas..,0,0,0,https://twitter.com/AlencarBraga13/status/1642667526503952384
Marco Oliveira,@MarcoOl06734383,https://twitter.com/MarcoOl06734383/status/1642949676168257537,2023-04-03T17:58:21.000Z,Aposto que a vizinhança ficou deserta. Ninguém ia dar mole com essa reunião de petistas por perto.,0,0,0,https://twitter.com/AlencarBraga13/status/1642667526503952384
Luciana Militao,@militao_luciana,https://twitter.com/militao_luciana/status/1642961482366472192,2023-04-03T18:45:16.000Z,🤮🤮🤮🤮🤮🤮🤮🤮🤮🤮,0,0,0,https://twitter.com/AlencarBraga13/status/1642667526503952384
AleMagnoni,@Alexand50687436,https://twitter.com/Alexand50687436/status/1642968919383187461,2023-04-03T19:14:49.000Z,Quem vai ver é red.,0,0,0,https://twitter.com/AlencarBraga13/status/1642667526503952384
Fé,@cristia85312614,https://twitter.com/cristia85312614/status/1642982588301074434,2023-04-03T20:09:08.000Z,Foi que dia? Dia 1° de abril? 👀🤣🤣🤣,0,0,0,https://twitter.com/AlencarBraga13/status/1642667526503952384
ReginaMomberg,@MombergRegina,https://twitter.com/MombergRegina/status/1643016984676663297,2023-04-03T22:25:49.000Z,👺,0,0,0,https://twitter.com/AlencarBraga13/status/1642667526503952384
karl920,@karl9202,https://twitter.com/karl9202/status/1643050158056144899,2023-04-04T00:37:38.000Z,Os abestados,0,0,0,https://twitter.com/AlencarBraga13/status/1642667526503952384
luci,@Estrele7Luci,https://twitter.com/Estrele7Luci/status/1642815599540576258,2023-04-03T09:05:35.000Z,Com esta lei Rouanet,0,0,7,https://twitter.com/AlencarBraga13/status/1642667526503952384
Luz,@LC_BRA,https://twitter.com/LC_BRA/status/1642829644427829248,2023-04-03T10:01:24.000Z,"Cadê a representatividade?
Só vi 'brancos' da elite!",1,0,3,https://twitter.com/AlencarBraga13/status/1642667526503952384
Evandro - O Brasil é para profissionais,@evandro_jara,https://twitter.com/evandro_jara/status/1642844163119935490,2023-04-03T10:59:05.000Z,Chico Rouanet agradeceu o cargo e o salário que a esposa ganhou?,0,1,16,https://twitter.com/AlencarBraga13/status/1642667526503952384
RT do Brasil ®,@RTdoBrasil,https://twitter.com/RTdoBrasil/status/1642833621890236417,2023-04-03T10:17:12.000Z,"A MAMATA VOLTOU, OLHA A ALEGRIA! #FAZoL 🤡",1,1,58,https://twitter.com/AlencarBraga13/status/1642667526503952384
Marcus de Souza,@MarcusR68239974,https://twitter.com/MarcusR68239974/status/1642736474889256961,2023-04-03T03:51:10.000Z,O que o dindin da lei Rouanet não faz,1,0,20,https://twitter.com/AlencarBraga13/status/1642667526503952384
gus,@TheDagostin,https://twitter.com/TheDagostin/status/1642823262001418244,2023-04-03T09:36:02.000Z,"Ambiente altamente controlado!
Em, literalmente, qualquer outro lugar estariam vaiando. Ou pior.",0,0,9,https://twitter.com/AlencarBraga13/status/1642667526503952384
Ju Sara - O molusco ladrão não será meu presidente,@JuSara87695865,https://twitter.com/JuSara87695865/status/1642841408628244480,2023-04-03T10:48:08.000Z,"Vemos aí a elite brasileira, gente q paga uma boa grana pra ver o Chico, e de quebra, fazem questão de lembrar q eles se importam com os pobres e bla bla bla. Será que no final do show doam roupas velhas, alimentos, remédios, dividem o salário?",0,0,0,https://twitter.com/AlencarBraga13/status/1642667526503952384
João Luzio,@JooLuzio1,https://twitter.com/JooLuzio1/status/1642864595873177603,2023-04-03T12:20:17.000Z,inhóóó inhóóó,0,0,0,https://twitter.com/AlencarBraga13/status/1642667526503952384
Peregrina Direita Sommelier Fora de Casa,@vmbrvm,https://twitter.com/vmbrvm/status/1642867015328169984,2023-04-03T12:29:54.000Z,"Ele poderia ter ido num lugar aberto, gratuito pra medir o nível de insatisfação",0,0,0,https://twitter.com/AlencarBraga13/status/1642667526503952384
Sandy,@MariaSandraHen4,https://twitter.com/MariaSandraHen4/status/1642874073993682946,2023-04-03T12:57:57.000Z,Tudo vermelho 🤪😝,0,0,0,https://twitter.com/AlencarBraga13/status/1642667526503952384
Marcia Santtos,@MarciaSanttos12,https://twitter.com/MarciaSanttos12/status/1642912486574661632,2023-04-03T15:30:35.000Z,"É óbvio que só tem lulistas. O BUARQUE É LULISTA. BORA VER O LULE IR AO SHOPPING,FEIRA ,PASSEAR AO AR LIVRE ....",0,0,0,https://twitter.com/AlencarBraga13/status/1642667526503952384
Adriana Vitor,@adrianacvitor,https://twitter.com/adrianacvitor/status/1642932039660847114,2023-04-03T16:48:17.000Z,Que 💩,0,0,0,https://twitter.com/AlencarBraga13/status/1642667526503952384
Kodax,@wkodax,https://twitter.com/wkodax/status/1643003540518981633,2023-04-03T21:32:24.000Z,Patético.,0,0,0,https://twitter.com/AlencarBraga13/status/1642667526503952384
Benedito Gonçalves,@Benny_67,https://twitter.com/Benny_67/status/1643008478443712512,2023-04-03T21:52:01.000Z,Focas amestradas.,0,0,0,https://twitter.com/AlencarBraga13/status/1642667526503952384
Grace,@Kleinschm3Grace,https://twitter.com/Kleinschm3Grace/status/1643009502864654345,2023-04-03T21:56:05.000Z,"Familia aplaude família, tudo farinha do mesmo saco 🤮",0,0,0,https://twitter.com/AlencarBraga13/status/1642667526503952384
kleber loureiro,@kleberloureiro8,https://twitter.com/kleberloureiro8/status/1643050404505157641,2023-04-04T00:38:37.000Z,Tem que ter muita merdaaaa na cabeça,0,0,0,https://twitter.com/AlencarBraga13/status/1642667526503952384
JULIA MUGARTE PERES,@juliamperes,https://twitter.com/juliamperes/status/1643224682961817600,2023-04-04T12:11:08.000Z,🤮🤮🤮🤮🤮,0,0,0,https://twitter.com/AlencarBraga13/status/1642667526503952384
Adriana Turrini - Brasil Acima de Tudo,@thykadri,https://twitter.com/thykadri/status/1642834745317793792,2023-04-03T10:21:40.000Z,fico imaginando qts ingressos foram na faixa ...🙃,0,0,2,https://twitter.com/AlencarBraga13/status/1642667526503952384
∆™,@enailujribeiro,https://twitter.com/enailujribeiro/status/1643082242846081025,2023-04-04T02:45:08.000Z,"Oleoleolá abóboraaaaa, abóboraaaaa 🎃🤦🏼‍♀️",0,0,0,https://twitter.com/AlencarBraga13/status/1642667526503952384
Manoel Ferreira.,@ManoelF57058493,https://twitter.com/ManoelF57058493/status/1643194568471371777,2023-04-04T10:11:28.000Z,Tudo pago com dinheiro público superfaturado.,0,0,0,https://twitter.com/AlencarBraga13/status/1642667526503952384
Edvanilson Pereira De Souza,@edvanilson_de,https://twitter.com/edvanilson_de/status/1643254247197114368,2023-04-04T14:08:37.000Z,A maconha corre frouxa nesses shows,0,0,0,https://twitter.com/AlencarBraga13/status/1642667526503952384
José Cândido Pereira,@OPROPRIOCANDIDO,https://twitter.com/OPROPRIOCANDIDO/status/1643271407395119105,2023-04-04T15:16:48.000Z,Se Lula mandar comer merda comem e ainda dizem estar deliciosa.,0,0,0,https://twitter.com/AlencarBraga13/status/1642667526503952384
Davi Guimaraes,@DaviGui61765451,https://twitter.com/DaviGui61765451/status/1643308564247617553,2023-04-04T17:44:27.000Z,Quero ver ele ir na padaria kkkk,0,0,0,https://twitter.com/AlencarBraga13/status/1642667526503952384
Brazuca,@Brazuca06392318,https://twitter.com/Brazuca06392318/status/1643499821418807299,2023-04-05T06:24:26.000Z,Tava na promoção tipo..pague gato e leve rato?,0,0,0,https://twitter.com/AlencarBraga13/status/1642667526503952384
RODRIGO M DE ATAIDES,@rodrigo_ataides,https://twitter.com/rodrigo_ataides/status/1643796597040463873,2023-04-06T02:03:43.000Z,Só branco Rico ! Típico !,0,0,0,https://twitter.com/AlencarBraga13/status/1642667526503952384
Brazuca,@Brazuca06392318,https://twitter.com/Brazuca06392318/status/1644691686159728648,2023-04-08T13:20:29.000Z,Muitos estão doentes neste país.. pagar pra assistir um cara que por natureza não canta nada e por participar de home agem a um sem vergonha !!,0,0,0,https://twitter.com/AlencarBraga13/status/1642667526503952384
Falan,@Falan28945491,https://twitter.com/Falan28945491/status/1642862575707668480,2023-04-03T12:12:15.000Z,"Gostaria que houvesse uma pesquisa pra saber o perfil da plateia. Aposto que mais de 90% são maconheiros e 98% não gera nenhum emprego “decente”…
Quem pode me ajudar?",0,0,0,https://twitter.com/AlencarBraga13/status/1642667526503952384
DALTON,@DALTONRSANTOS,https://twitter.com/DALTONRSANTOS/status/1642912480467771395,2023-04-03T15:30:33.000Z,Que 💩,0,0,0,https://twitter.com/AlencarBraga13/status/1642667526503952384
PaiZoeiroBrasil,@Soldado332,https://twitter.com/Soldado332/status/1642792154152988673,2023-04-03T07:32:25.000Z,Pro partido que ideia a burguesia tá fedendo a caviar isso aí heim🤡E a hipocrisia level Hard!!!,0,0,0,https://twitter.com/AlencarBraga13/status/1642667526503952384
Vingador obesso,@Pirestessalo,https://twitter.com/Pirestessalo/status/1642837118367014912,2023-04-03T10:31:06.000Z,"Que lixo, se juntar tudo não dá um",0,0,0,https://twitter.com/AlencarBraga13/status/1642667526503952384
Dnssounddj1,@edududadj,https://twitter.com/edududadj/status/1642850378088677377,2023-04-03T11:23:47.000Z,Reduto dos mortadelas.....,0,0,0,https://twitter.com/AlencarBraga13/status/1642667526503952384
Dnssounddj1,@edududadj,https://twitter.com/edududadj/status/1642850535236681728,2023-04-03T11:24:24.000Z,Incrível  vc não  vê  um negro ...,0,0,0,https://twitter.com/AlencarBraga13/status/1642667526503952384
José Maria Pereira,@JosMari24341388,https://twitter.com/JosMari24341388/status/1642852926371557377,2023-04-03T11:33:55.000Z,"Ah Rouanet, como eu te amo.",0,0,0,https://twitter.com/AlencarBraga13/status/1642667526503952384
JASON PATRIOTA,@jason_patriota1,https://twitter.com/jason_patriota1/status/1642919812031553538,2023-04-03T15:59:41.000Z,🤡🤡🤡🤡🤡🤡🤡,0,0,0,https://twitter.com/AlencarBraga13/status/1642667526503952384
Kelly,@kellykristina22,https://twitter.com/kellykristina22/status/1642814962681757699,2023-04-03T09:03:03.000Z,O que me choca é o Chico voltar a fazer show🤣🤣 deve ter sido de graça..,0,0,0,https://twitter.com/AlencarBraga13/status/1642667526503952384
kakau,@KakauMacedoma,https://twitter.com/KakauMacedoma/status/1642846267616231424,2023-04-03T11:07:27.000Z,"😂😂😂 palhaçada....
de quando foi a propina??
Quero ver é povão  na Paulista...
Vem....",0,0,0,https://twitter.com/AlencarBraga13/status/1642667526503952384
CRMTT,@cristianettM,https://twitter.com/cristianettM/status/1642851014670729216,2023-04-03T11:26:19.000Z,Só assim mesmo!!🤣🤣🤣,0,0,0,https://twitter.com/AlencarBraga13/status/1642667526503952384
Ione Antoniassi,@AntoniassiIone,https://twitter.com/AntoniassiIone/status/1642864628324499457,2023-04-03T12:20:24.000Z,"É pra essa gente que Lula jorra caminhão de dinheiro, se nem nesse lugar seleto não o homenageassem aí seria muito sério  para o desgoverno.",0,0,0,https://twitter.com/AlencarBraga13/status/1642667526503952384
Marcelo De Lima,@eumesmin,https://twitter.com/eumesmin/status/1642895845757444096,2023-04-03T14:24:27.000Z,"grupo controlado, quero ver isso ao vivo em publico, sem nenhum arranjo.",0,0,2,https://twitter.com/AlencarBraga13/status/1642667526503952384
eliana braga,@elianabragam,https://twitter.com/elianabragam/status/1642920911723429890,2023-04-03T16:04:04.000Z,Só eu achei fraco?,0,0,0,https://twitter.com/AlencarBraga13/status/1642667526503952384
