nome,usuario,idTweet,dataPublicacao,texto,replies,retweets,likes,tweetPai
Lucia Fazuellen,@prolucia,https://twitter.com/prolucia/status/1642257359442685953,2023-04-01T20:07:20.000Z,"Quero tomar minha Bivalente 🥰 espero que vacinem professores, as escolas estão cheias de crianças gripadas",0,0,1,https://twitter.com/AlencarBraga13/status/1642255512820649986
Cláudia #Lula,@tuira0906,https://twitter.com/tuira0906/status/1642258659009871874,2023-04-01T20:12:30.000Z,"Nuuuu
Só está",0,0,0,https://twitter.com/AlencarBraga13/status/1642255512820649986
Marisa victorio da silva,@victorio_marisa,https://twitter.com/victorio_marisa/status/1642268823926480897,2023-04-01T20:52:54.000Z,Procure a unidade básica de saúde mais próxima e vacine-se! 😀😍✔️Sua carteira de vacinação está em dia? O movimento Nacional pela Vacinação já começou com doses de reforço bivalentes contra a Covid-19 com grupos prioritários.,0,0,0,https://twitter.com/AlencarBraga13/status/1642255512820649986
Vânia Silva,@vaniarousseff,https://twitter.com/vaniarousseff/status/1642260333820616705,2023-04-01T20:19:09.000Z,"Os postos de Recife e Paulista Pernambuco, diminuíram os locais.  Assim infelizmente dificulta alguns da população a irem tomar as vacinas. E determinem e deixem bem claro que pra receber o bolsa família as crianças tem que estarem vacinas.",0,0,0,https://twitter.com/AlencarBraga13/status/1642255512820649986
Janaína Santos,@JanaSantosjaism,https://twitter.com/JanaSantosjaism/status/1642274294926393347,2023-04-01T21:14:38.000Z,"Governo do presidente @lulaoficial trabalhando pela verdade, pela democracia, pela justiça social e pelo povo brasileiro. #LulaGovernoDaVida #LulaPresidente #LulaGovernoDeInclusao #lulanobeldapaz ❤️",0,0,0,https://twitter.com/AlencarBraga13/status/1642255512820649986
