nome,usuario,idTweet,dataPublicacao,texto,replies,retweets,likes,tweetPai
Maik Greggio,@GreggioMaik,https://twitter.com/GreggioMaik/status/1642860477716865026,2023-04-03T12:03:55.000Z,Emprego está de brigadeira fala a verdade para o povo da onde vai tirar este 600 ???  E o emprego se o governo lula e péssimo empresas estão indo importa e outra fechando já é a taxa Mair de desemprego só em 100 dias do governo esquerdista. Não sabe Governar,0,0,0,https://twitter.com/AlencarBraga13/status/1642557509214048256
Dorival Leoni (Dori),@dorileoni_,https://twitter.com/dorileoni_/status/1642872584671731717,2023-04-03T12:52:01.000Z,Ótimo! Resta saber se eles irão procurar emprego e/ou estarão capacitados para eventuais vagas...,0,0,0,https://twitter.com/AlencarBraga13/status/1642557509214048256
André,@AndreBjjLopes,https://twitter.com/AndreBjjLopes/status/1642820875115192323,2023-04-03T09:26:33.000Z,"Segundo a Marina 120 milhões de famintos;

Segundo Lula 33 milhões de miseráveis;

Segundo ministro 1.5 milhões já foram cortados do auxílio, está revisando mais 5 milhões.

Esse governo não tem coerência, nenhuma atitude.",0,0,1,https://twitter.com/AlencarBraga13/status/1642557509214048256
Lú Emdac,@luquintas21,https://twitter.com/luquintas21/status/1642891139131797508,2023-04-03T14:05:45.000Z,"Isso não é correto. Então se uma pessoa é pobre, é não está no programa é preterido por alguém do programa? Isso vai ser péssimo para jovens procurando emprego. Demagogia da nisso, essas ações equivocadas.",0,0,0,https://twitter.com/AlencarBraga13/status/1642557509214048256
Douglas Silva,@Douglas_casdo,https://twitter.com/Douglas_casdo/status/1642878289201987584,2023-04-03T13:14:42.000Z,Acabou com 13 salário do bolsa família e retirou mais de 3 milhões do plano familiar vai e ainda comemora e muita safadeza para esse desgoverno.,0,0,0,https://twitter.com/AlencarBraga13/status/1642557509214048256
Marcia Carneiro Reis,@marciacreis38,https://twitter.com/marciacreis38/status/1642917998779416577,2023-04-03T15:52:29.000Z,"Já era 600,00. A única novidade é que muita gente há perdeu e mais gente,que precisa, vai perder. Mas o importante é que os artistas vão ganhar milhões e quem paga impostos vai ter q pagar ainda mais pra sustentar essa corja",0,0,0,https://twitter.com/AlencarBraga13/status/1642557509214048256
Elmano Brito,@Elmano_Brito,https://twitter.com/Elmano_Brito/status/1642830477768761345,2023-04-03T10:04:42.000Z,Difícil é ter vaga de emprego nesse desgoverno,0,0,0,https://twitter.com/AlencarBraga13/status/1642557509214048256
Hemerson. Alfa Foxtrot.,@HemersonSoares7,https://twitter.com/HemersonSoares7/status/1642773945114845184,2023-04-03T06:20:04.000Z,outra novidade é o eleitor do PT descobrir nas lotéricas que foi cortado do programa.😂😂😂😂🇧🇷,0,0,2,https://twitter.com/AlencarBraga13/status/1642557509214048256
I Gdes,@IsidoroGuedess,https://twitter.com/IsidoroGuedess/status/1642843693760561153,2023-04-03T10:57:13.000Z,Muitos se acomodam com a miséria dos 600 e preferem não trabalhar!,0,0,0,https://twitter.com/AlencarBraga13/status/1642557509214048256
Alexandre de Olivira Loureno,@Alex1968OL,https://twitter.com/Alex1968OL/status/1642919405884456961,2023-04-03T15:58:04.000Z,Tudo propaganda enganosa tá igual a picanha virou abóbora 🎃,0,0,0,https://twitter.com/AlencarBraga13/status/1642557509214048256
Luciano Barros,@LucianoB_,https://twitter.com/LucianoB_/status/1642907336191746049,2023-04-03T15:10:07.000Z,"No governo do presidente @jairbolsonaro, quem recebia um salário mínimo poderia ficar recebendo o benefício, coisa que um salário mínimo atual desse pra resolver todos os problemas.",0,0,0,https://twitter.com/AlencarBraga13/status/1642557509214048256
lutando pelo Brasil,@aliehsfsf,https://twitter.com/aliehsfsf/status/1642951409506066440,2023-04-03T18:05:15.000Z,Que emprego? As empresas estão caindo fora do Brasil por que esse governo só quer saber de cobrar impostos para sustentar suas luxurias.,0,0,0,https://twitter.com/AlencarBraga13/status/1642557509214048256
Carme@patriota,Carme@patriota,https://twitter.com/carmealiancabr/status/1642867389036412929,2023-04-03T12:31:23.000Z,Me engana que eu gosto,0,0,0,https://twitter.com/AlencarBraga13/status/1642557509214048256
Macedo Agnaldo,@MacedoAgnaldo4,https://twitter.com/MacedoAgnaldo4/status/1642864063012020224,2023-04-03T12:18:10.000Z,#EsquerdaHipocrita > Raça de víboras,0,0,1,https://twitter.com/AlencarBraga13/status/1642557509214048256
elis criminalização do comunismo já,@elisteresinha,https://twitter.com/elisteresinha/status/1642774321213972481,2023-04-03T06:21:34.000Z,cadê agua no nordeste,0,0,0,https://twitter.com/AlencarBraga13/status/1642557509214048256
Marcos Aurelio,@MarcusWest2500,https://twitter.com/MarcusWest2500/status/1642809131588263937,2023-04-03T08:39:53.000Z,Parabéns aos 5 milhões de trouxas que acho que o Lula ia te banca faz o L,0,0,0,https://twitter.com/AlencarBraga13/status/1642557509214048256
DJ,@DJ76086198,https://twitter.com/DJ76086198/status/1642560972110929922,2023-04-02T16:13:47.000Z,"Uma espécie de Bolsa Familia existe em outros países democráticos. Mas com uma diferença brutal. Lá quem recebe benefício do governo, não tem direito a votar em nenhum candidato. Isto sim é programa social. Aqui é negócio espúrio e político.",0,0,0,https://twitter.com/AlencarBraga13/status/1642557509214048256
Familia Alves,@RasRelton,https://twitter.com/RasRelton/status/1642819831434035200,2023-04-03T09:22:24.000Z,"Vamos realmente precisar de bolsas, tá só melhorando",0,0,0,https://twitter.com/AlencarBraga13/status/1642557509214048256
M A C,@MAC59277665,https://twitter.com/MAC59277665/status/1642819229064757251,2023-04-03T09:20:00.000Z,"Repetir incansavelmente a mentira, ignorando os desmentidos e as provas em contrário como se não existissem, não é um pecado ocasional, é a NORMA da intelectualidade esquerdista. Goebbels ainda usava fraldas quando os comunistas já eram mestres nessa coisa.",0,0,0,https://twitter.com/AlencarBraga13/status/1642557509214048256
Claudia Lopes,@mauriciaadv,https://twitter.com/mauriciaadv/status/1642918357656633345,2023-04-03T15:53:55.000Z,Não!!! Isso se chama escravização e dependência governamental!!!!! DESGOVERNO LIXOOOOO,0,0,0,https://twitter.com/AlencarBraga13/status/1642557509214048256
Simone,@Simone60356546,https://twitter.com/Simone60356546/status/1642848026489225217,2023-04-03T11:14:26.000Z,"Vao tirar dinheiro de onde do além?
Vamos botar na classe media pagador de imposto que leva o pais nas costas.",0,0,0,https://twitter.com/AlencarBraga13/status/1642557509214048256
Ale Shake,@aleshake1000,https://twitter.com/aleshake1000/status/1642919842951970820,2023-04-03T15:59:49.000Z,Crl.. vcs do PT não cansam de lutar por merda ! Em vez de aumentar o emprego dão migalhas para os jumentos a qual votaram em vcs ! Bando de senhores feudais de merda !,0,0,0,https://twitter.com/AlencarBraga13/status/1642557509214048256
MILTON OPOSIÇÃO,@MiltonPenalber,https://twitter.com/MiltonPenalber/status/1642811090923921409,2023-04-03T08:47:40.000Z,Vai quebrar o Brasil,0,0,0,https://twitter.com/AlencarBraga13/status/1642557509214048256
Washington Silva,@Washing87774294,https://twitter.com/Washing87774294/status/1642878553292251137,2023-04-03T13:15:44.000Z,"Parabéns tiraram um monte de pobres que recebiam o bolsa família para desviarem.mais dinheiro continuem assim, afinal os esquerdopatas merecem.",0,0,0,https://twitter.com/AlencarBraga13/status/1642557509214048256
Ghostbuster25,@Ghostbuste67302,https://twitter.com/Ghostbuste67302/status/1642826002047938563,2023-04-03T09:46:55.000Z,"Vem Andar com o teu chefe Ex Presidiário descondenado corrupto Lula nas caixas Econômica federal, nas lotéricas e nos CRAS pra ver as insatisfações dos Pobres com esse novo Bolsa família! Já tem denuncia que o DESGOVERNO só tá pagando pra quem é do MSTST, ou seja para Militantes",0,0,0,https://twitter.com/AlencarBraga13/status/1642557509214048256
DANIEL DOMINGUES,@DANIELD20172338,https://twitter.com/DANIELD20172338/status/1642853003869683712,2023-04-03T11:34:13.000Z,"Não adianta combater BOLSONARO se você não combate o CAPITALISMO. 
Outros bolsonaros, Hitlers , Mussolinis aparecerão enquanto o IMPERIALISMO AMERICANO não for destruído!!",0,0,0,https://twitter.com/AlencarBraga13/status/1642557509214048256
DANIEL DOMINGUES,@DANIELD20172338,https://twitter.com/DANIELD20172338/status/1642853048333529091,2023-04-03T11:34:24.000Z,"Não adianta combater BOLSONARO se você não combate o CAPITALISMO. 
Outros bolsonaros, Hitlers , Mussolinis aparecerão enquanto o IMPERIALISMO AMERICANO não for destruído!!",0,0,0,https://twitter.com/AlencarBraga13/status/1642557509214048256
Lw,@welalegigi,https://twitter.com/welalegigi/status/1642849927851065344,2023-04-03T11:22:00.000Z,"Mais de 1,5 milhão será descredenciados, na votação na câmara toda pancada do PT foi contra o aumento de 600, hoje só está nesse valor não é pelo PT!!",0,0,0,https://twitter.com/AlencarBraga13/status/1642557509214048256
Lw,@welalegigi,https://twitter.com/welalegigi/status/1642850583781556224,2023-04-03T11:24:36.000Z,"As melhoras do PT
- aumento do desemprego 
- aumento de impostos
- aumento dos gastos públicos 
- evasão das indústrias
- fechamento das montadoras de automóveis
- inchaço da máquina pública
- recorde em desmatamento
- perseguição política
- censura
- aumento do tráfico de drogas",0,0,0,https://twitter.com/AlencarBraga13/status/1642557509214048256
Eduardo,@Eduardo55811911,https://twitter.com/Eduardo55811911/status/1642575824632119298,2023-04-02T17:12:48.000Z,Kkkkkkkll... isso ja existia no governo anterior ... conta uma nova .,0,0,1,https://twitter.com/AlencarBraga13/status/1642557509214048256
Marisa victorio da silva,@victorio_marisa,https://twitter.com/victorio_marisa/status/1642563725033914368,2023-04-02T16:24:44.000Z,"#BolsaFamilia isso é oportunidade para que as pessoas tenham um futuro melhor!  ⭐✊😀                     ✔️O novo Bolsa Família tem mais novidades!  Além do aumento de R$600 reais, os participantes do programa serão priorizados para as vagas de emprego.",0,0,0,https://twitter.com/AlencarBraga13/status/1642557509214048256
