nome,usuario,idTweet,dataPublicacao,texto,replies,retweets,likes,tweetPai
Reinaldo Dos Santos,@ReinaldoProfeta,https://twitter.com/ReinaldoProfeta/status/1642976669823643709,2023-04-03T19:45:37.000Z,Porque vocês não dizem a verdade: JUROS ALTOS SÃO CONSEQUÊNCIA DOS GASTOS EXORBITANTES QUE O GOVERNO ESTÁ FAZENDO! Quer baixar os juros é simples: Baixa os gastos públicos. Vocês estão fazendo é acelerando o carro e reclamando que o motor está gastando a gasolina!  Baixa a… Mostrar mais,0,0,0,https://twitter.com/AlencarBraga13/status/1642962935549927427
Paulo,@Paulo56796062,https://twitter.com/Paulo56796062/status/1643226147843342339,2023-04-04T12:16:57.000Z,Kkkkkk Kkkkkk,0,0,0,https://twitter.com/AlencarBraga13/status/1642962935549927427
Eugênio Dantas,@EugnioDantas7,https://twitter.com/EugnioDantas7/status/1643263728253558784,2023-04-04T14:46:17.000Z,"Às vezes acho que quem ganhou a eleição foi o crime organizado, deputado.😢",0,0,0,https://twitter.com/AlencarBraga13/status/1642962935549927427
Romeu,@qqcoisavale,https://twitter.com/qqcoisavale/status/1642973074008993792,2023-04-03T19:31:20.000Z,Pq BB e Caixa não baixam forte os juros?,1,0,0,https://twitter.com/AlencarBraga13/status/1642962935549927427
Adriano Amorim75,@AdrianoAmorim75,https://twitter.com/AdrianoAmorim75/status/1643312527575531521,2023-04-04T18:00:12.000Z,"Contratem um ECONOMISTA… pode nem ainda ter concluído…  e vão até o Campos Neto DEBATER… 

Depois, vejam o que eles dizem!",0,0,0,https://twitter.com/AlencarBraga13/status/1642962935549927427
Waldir Wagner,@waldirinfor,https://twitter.com/waldirinfor/status/1643322701681967111,2023-04-04T18:40:38.000Z,"Se tirarem o presidente do Bacen, não leva 3 meses a inflação fica próxima da Argentina. Porquê ao invés de atacar a selic, o lula não faz o dever de casa, cortando custos? O presidente só distribui cargos e cria ministérios. Afugenta os investidores.",0,0,0,https://twitter.com/AlencarBraga13/status/1642962935549927427
NEY@GOMES,NEY@GOMES,https://twitter.com/NEYGOME13366332/status/1643246915385958402,2023-04-04T13:39:29.000Z,Kkkkkkk.... Datarola.,0,0,0,https://twitter.com/AlencarBraga13/status/1642962935549927427
Clebson Jose,@Clebson1988,https://twitter.com/Clebson1988/status/1643246302426193922,2023-04-04T13:37:03.000Z,"Os comunistas usavam muito a tática da desinformação.
Uma mentira contada várias vezes não só por uma fonte por várias..

A mentira tantas vezes contadas torna-se ou tentam tornar verdade.

Temos a enternet, com o controle dela o povo e alvo fácil dessa desinformação.",0,0,0,https://twitter.com/AlencarBraga13/status/1642962935549927427
ZANINELLI,@zanenilli,https://twitter.com/zanenilli/status/1643224601558671362,2023-04-04T12:10:49.000Z,"Lá vêm a carreta furacão do PT, a referida pesquisa,qual foi quantidades entrevistados.?
100 ?
250 ?
1000 ?
O seu líder Luisito,no primeiro mandato elevou a taxa de juros ao patamar de 26%aa.",0,0,0,https://twitter.com/AlencarBraga13/status/1642962935549927427
Jose carlos Antunes maciel,@Josecar55134390,https://twitter.com/Josecar55134390/status/1643252738220851200,2023-04-04T14:02:37.000Z,"A organização crininosa ptcc.
Ta fula da vida com a autononia do banco central.
Pois com a nescecidade dos juros altos.
A organização crininosa ptcc não podera roubar o planejado.
Pois em 2 anos levará a economia do país ABAIXO DO FUNDO DO POÇO.",0,0,0,https://twitter.com/AlencarBraga13/status/1642962935549927427
EXILADA,@Andehoje,https://twitter.com/Andehoje/status/1642966438964232192,2023-04-03T19:04:58.000Z,E a anistia do FIES ?,0,0,0,https://twitter.com/AlencarBraga13/status/1642962935549927427
Valbelo Comunian,@ValbeloC,https://twitter.com/ValbeloC/status/1643567428436213760,2023-04-05T10:53:05.000Z,Ação sem efeito.,0,0,0,https://twitter.com/AlencarBraga13/status/1642962935549927427
jose santos santos,@josesan25611995,https://twitter.com/josesan25611995/status/1643029598714617858,2023-04-03T23:15:57.000Z,Fora Lula carniça,0,0,0,https://twitter.com/AlencarBraga13/status/1642962935549927427
Sil Sea,@gilbertovieirav,https://twitter.com/gilbertovieirav/status/1643069398507200512,2023-04-04T01:54:06.000Z,Vcs NÃO terão as chaves do BC ! #ForaLulaLadraoGolpista,0,0,0,https://twitter.com/AlencarBraga13/status/1642962935549927427
Sil Sea,@gilbertovieirav,https://twitter.com/gilbertovieirav/status/1643069519974354948,2023-04-04T01:54:34.000Z,Onde foi feita a pesquisa de SARJETA..na Maré..pelo Dino???,0,0,0,https://twitter.com/AlencarBraga13/status/1642962935549927427
