nome,usuario,idTweet,dataPublicacao,texto,replies,retweets,likes,tweetPai
Marina,@Marina92011959,https://twitter.com/Marina92011959/status/1643415507792527361,2023-04-05T00:49:24.000Z,"Vamos começar com os congressistas né ? Aliás , parlamentares, juízes , membros do MP , estão na cúpula salarial . Chegou a hora de dar seu quinhão !",0,1,3,https://twitter.com/AlencarBraga13/status/1643221887596789761
Seu Eustáquio,@SamdeTop,https://twitter.com/SamdeTop/status/1643442787386286080,2023-04-05T02:37:48.000Z,Me engana que eu gosto 🤡,0,0,0,https://twitter.com/AlencarBraga13/status/1643221887596789761
Girafales,@Girafales15,https://twitter.com/Girafales15/status/1643361762673061894,2023-04-04T21:15:51.000Z,Não a feita pelo pior prefeito de SP! Deus me livre...,0,0,0,https://twitter.com/AlencarBraga13/status/1643221887596789761
Claudinei na luta companheiros,@ClaudineiRFerr1,https://twitter.com/ClaudineiRFerr1/status/1643226280651812865,2023-04-04T12:17:29.000Z,O meu querido tem como ver a situação dos garis que está parado com Lira.,0,0,0,https://twitter.com/AlencarBraga13/status/1643221887596789761
Antônio Carlos,@ac_sgt,https://twitter.com/ac_sgt/status/1643606343004061696,2023-04-05T13:27:43.000Z,Toma vergonha só,0,0,0,https://twitter.com/AlencarBraga13/status/1643221887596789761
FuiBloqueadoMasVoltei,@Foda_seXandao,https://twitter.com/Foda_seXandao/status/1643235346312732672,2023-04-04T12:53:31.000Z,Palhaços,0,0,0,https://twitter.com/AlencarBraga13/status/1643221887596789761
Elizete Pinheiro.,@ElizettePinhero,https://twitter.com/ElizettePinhero/status/1643369667950522369,2023-04-04T21:47:15.000Z,Incompetentes.🤮,0,0,0,https://twitter.com/AlencarBraga13/status/1643221887596789761
Cavaleiro do Apocalipse,@JosdaSil4,https://twitter.com/JosdaSil4/status/1643494584909979650,2023-04-05T06:03:38.000Z,E aí..vc irão corrigir isso ... irão devolver a grana do povo ???? Petralhada hipocritas,0,0,0,https://twitter.com/AlencarBraga13/status/1643221887596789761
Sônia Santos,@SniaSan20406830,https://twitter.com/SniaSan20406830/status/1643404571434180609,2023-04-05T00:05:57.000Z,Kkkkkkk,0,0,0,https://twitter.com/AlencarBraga13/status/1643221887596789761
LulistaPetista,@LulistaPetista,https://twitter.com/LulistaPetista/status/1643243242140442624,2023-04-04T13:24:53.000Z,"Para a economia do Brasil voltar a crescer, gerando emprego e renda:#BancoCentralReverterAutonomia@BancoCentralBRPara evitar o rombo de R$500 bilhões #ReestatizaEletrobrasJá @LulaOficial @gleisi @Glauber_Braga @AlencarBraga13 @erikakokay @jeanpaulprates @zeca_dirceu .",0,0,0,https://twitter.com/AlencarBraga13/status/1643221887596789761
Marisa victorio da silva,@victorio_marisa,https://twitter.com/victorio_marisa/status/1643231821327474688,2023-04-04T12:39:30.000Z,"#Lula vamos juntos com LULA⭐✊😀✔️Vamos corrigir distorções históricas: que quem ganha mais pague mais, e quem ganha menos pague menos.  Unificar os impostos de consumo e avançar na Justiça  Social. Vamos junto com Lula. Com a Reforma Tributária o Brasil cresce e todos ganham!",0,0,0,https://twitter.com/AlencarBraga13/status/1643221887596789761
Silvia Nascimento,@SilviaN50269083,https://twitter.com/SilviaN50269083/status/1643325217379348481,2023-04-04T18:50:37.000Z,rever isenção de Pessoa Física? Não precisa taxar grandes fortunas? o q é isso? Não votei no Lula pra isso não...,0,0,0,https://twitter.com/AlencarBraga13/status/1643221887596789761
