nome,usuario,idTweet,dataPublicacao,texto,replies,retweets,likes,tweetPai
MarciaH,@marcia_hmc,https://twitter.com/marcia_hmc/status/1643963847785496576,2023-04-06T13:08:19.000Z,👏👏👏👏,0,0,1,https://twitter.com/AlencarBraga13/status/1643679766929711115
Alexandre Siqueira,@ssicca1,https://twitter.com/ssicca1/status/1643755105286766592,2023-04-05T23:18:51.000Z,#cumplice,0,0,0,https://twitter.com/AlencarBraga13/status/1643679766929711115
SabchukGerson,@SabchukGerson,https://twitter.com/SabchukGerson/status/1643773186486444034,2023-04-06T00:30:42.000Z,Todo apoio aos IF's.,0,0,0,https://twitter.com/AlencarBraga13/status/1643679766929711115
Marisa victorio da silva,@victorio_marisa,https://twitter.com/victorio_marisa/status/1643705768980410374,2023-04-05T20:02:48.000Z,A importância da educação para nosso estado e para o Brasil - investimento ⭐✊😀 ✔️ Recebi hoje a visita de alguns estudantes do Instituto Federal Guarulhos e conversamos sobre a importância da educação pública para nosso estado e para o Brasil.,0,0,0,https://twitter.com/AlencarBraga13/status/1643679766929711115
