nome,usuario,idTweet,dataPublicacao,texto,replies,retweets,likes,tweetPai
Adail Filho,@adailfilhoam,https://twitter.com/adailfilhoam/status/1643363278859665408,2023-04-04T21:21:52.000Z,"A proposta é que passageiros de voos aéreos tenham o direito de transferir suas passagens para outra pessoa em até 72h antes da viagem, 
em contrapartida, a companhia poderia cobrar uma taxa de 10% do valor da tarifa, havendo também um limite de transferência.",3,1,3,https://twitter.com/adailfilhoam/status/1643363127944151044
Adail Filho,@adailfilhoam,https://twitter.com/adailfilhoam/status/1643363644237856772,2023-04-04T21:23:19.000Z,"Meu intuito com essa iniciativa é fazer com que o consumidor brasileiro não saia prejudicado caso não consiga realizar sua viagem por algum imprevisto, garantindo esse direito.

Que possamos anunciar essa boa nova muito em breve aqui também! ✈️",0,1,3,https://twitter.com/adailfilhoam/status/1643363127944151044
