nome,usuario,idTweet,dataPublicacao,texto,replies,retweets,likes,tweetPai
AntonioGarciaS. Deus - Pátria - Família,@AGarciaS1611,https://twitter.com/AGarciaS1611/status/1644193092520620034,2023-04-07T04:19:15.000Z,Tudo isso? A novidade está na quantidade porque de quadrilha para roubar o PT entende.,0,0,0,https://twitter.com/AlencarBraga13/status/1643986507966078980
Eliazer Azevedo Campos,@EliazerAzevedo3,https://twitter.com/EliazerAzevedo3/status/1644227864768724993,2023-04-07T06:37:25.000Z,"Bolsonaro só pode ser chamado de ladrão quando a justiça condenar com provas que ele roubou. Fazer política para enganar o povo com críticas e suposições e crimes e podem dar cadeia. No caso do Lula ele fez falcatruas, roubou, foi condenado e preso e solto pelos amigos do STF.",0,0,0,https://twitter.com/AlencarBraga13/status/1643986507966078980
BethK,@BethK32279062,https://twitter.com/BethK32279062/status/1644349190636486661,2023-04-07T14:39:32.000Z,BOZO LADRÃO SEU LUGAR É NA PRISÃO,0,0,0,https://twitter.com/AlencarBraga13/status/1643986507966078980
ieda Moreira Maciel,@IedaMaceiel,https://twitter.com/IedaMaceiel/status/1644000760856805378,2023-04-06T15:35:00.000Z,"Se Bolsonaro não for preso, não poderá mais ter um presidiário no país.",4,1,7,https://twitter.com/AlencarBraga13/status/1643986507966078980
Girafales,@Girafales15,https://twitter.com/Girafales15/status/1644093761809514504,2023-04-06T21:44:33.000Z,Narrativas infundadas cheias de ilações sem provas !,1,0,4,https://twitter.com/AlencarBraga13/status/1643986507966078980
#BrasilConsciente | 2023 na cola do Congresso |,@PensadoresFalam,https://twitter.com/PensadoresFalam/status/1644362875417292806,2023-04-07T15:33:54.000Z,Dá-lhe @VillaMarcovilla !,0,2,1,https://twitter.com/AlencarBraga13/status/1643986507966078980
alcir candido,@alcircandido1,https://twitter.com/alcircandido1/status/1644756899202572290,2023-04-08T17:39:37.000Z,O mal caratismos desse da nojo,0,1,0,https://twitter.com/AlencarBraga13/status/1643986507966078980
patria Amada,@brasilpebas,https://twitter.com/brasilpebas/status/1644479296734388224,2023-04-07T23:16:31.000Z,O vila e d++ pense ☝️☝️,0,0,0,https://twitter.com/AlencarBraga13/status/1643986507966078980
"rita Marinielo,uma pessoa comum .",@RMarinielo,https://twitter.com/RMarinielo/status/1644018158213144599,2023-04-06T16:44:07.000Z,"O ex é tão larápio, saí pegando na cara dura tudo que é de valor ..... papuda nele .",2,1,5,https://twitter.com/AlencarBraga13/status/1643986507966078980
Roberto Alves,@Roberto36434483,https://twitter.com/Roberto36434483/status/1644115957613228032,2023-04-06T23:12:45.000Z,Esse é o mesmo que chamava Lula de Ladrão no Passado recente.😁,1,0,5,https://twitter.com/AlencarBraga13/status/1643986507966078980
Salve a ELETROBRAS,@Bentevibentivi,https://twitter.com/Bentevibentivi/status/1644321606603251713,2023-04-07T12:49:55.000Z,"Todos os crimes de Bolsonaro tem de ser apurados, e uma obrigação da nossa República!!! #ReestatizaEletrobrasja",1,1,1,https://twitter.com/AlencarBraga13/status/1643986507966078980
Eva de Fátima De souza,@EvadeFtimaDeso1,https://twitter.com/EvadeFtimaDeso1/status/1645186895226318855,2023-04-09T22:08:16.000Z,ESTE VILLA ORDINARIO SE HOUVESSE JUSTIÇA  NESTE PAIS ELE DEVERIA PEGAR PRISÃO  PERPETUA DE TANTAS DIFAMACOES QUE ELE FAZ,0,1,0,https://twitter.com/AlencarBraga13/status/1643986507966078980
Hermsdorff63,@hermsdorff63,https://twitter.com/hermsdorff63/status/1644383835096743949,2023-04-07T16:57:12.000Z,"Pq será q Março A Vila envelhece tão rápido, heim, porque será?",0,0,0,https://twitter.com/AlencarBraga13/status/1643986507966078980
Marcaoadvsp,@marcaoadvsp,https://twitter.com/marcaoadvsp/status/1644700421057814528,2023-04-08T13:55:12.000Z,"Falar merda é fácil, difícil e provar como foi comprovado no caso do Molusco Luladrao",0,0,0,https://twitter.com/AlencarBraga13/status/1643986507966078980
LulistaPetista,@LulistaPetista,https://twitter.com/LulistaPetista/status/1644068293874012160,2023-04-06T20:03:21.000Z,#BolsonaroNaCadeia #BolsonarismoMATA,0,0,0,https://twitter.com/AlencarBraga13/status/1643986507966078980
Alessandra Malta,@castilhomalta,https://twitter.com/castilhomalta/status/1644205985828081665,2023-04-07T05:10:29.000Z,Vai dormir,0,0,0,https://twitter.com/AlencarBraga13/status/1643986507966078980
BMarB,@9MarB9,https://twitter.com/9MarB9/status/1644064582195990538,2023-04-06T19:48:36.000Z,Tudo blá-blá-blá…,0,0,0,https://twitter.com/AlencarBraga13/status/1643986507966078980
pires,@pires48079333,https://twitter.com/pires48079333/status/1644074016456548354,2023-04-06T20:26:05.000Z,BOLSONARO ROUBOU,0,0,0,https://twitter.com/AlencarBraga13/status/1643986507966078980
Roth,@Rothaarv,https://twitter.com/Rothaarv/status/1644259194852220928,2023-04-07T08:41:55.000Z,ESSE É O LULA 👇🏿👇🏿👇🏿👇🏿👇🏿,0,0,0,https://twitter.com/AlencarBraga13/status/1643986507966078980
Telma Corrêa,@TelmaCorrea13,https://twitter.com/TelmaCorrea13/status/1644389118007181342,2023-04-07T17:18:11.000Z,#Bolsonaro na cadeia!,0,0,0,https://twitter.com/AlencarBraga13/status/1643986507966078980
@baptista,@baptista,https://twitter.com/Baptista1153/status/1644343062338961408,2023-04-07T14:15:11.000Z,Quando o corrupto vai parar de viajar e começar a governar?,0,0,0,https://twitter.com/AlencarBraga13/status/1643986507966078980
Azevedo YosoY Oeaohoo,@Azevedo_Wall,https://twitter.com/Azevedo_Wall/status/1644017202855550977,2023-04-06T16:40:20.000Z,E olha que esse Villa é bolsonarista,1,2,3,https://twitter.com/AlencarBraga13/status/1643986507966078980
Amilton Fernando Lemos da Silva,@Amilton80281762,https://twitter.com/Amilton80281762/status/1644305571670024193,2023-04-07T11:46:12.000Z,"blba, blá, lá, blá, blá, coitado, blá, blá, blá.... blá,,, blá como está preocupado blá, bla.... blá.... blá......",0,0,0,https://twitter.com/AlencarBraga13/status/1643986507966078980
Carlos,@CarlosXogazela6,https://twitter.com/CarlosXogazela6/status/1644241442632605700,2023-04-07T07:31:23.000Z,Ver você defender PT é bom porque te põe no caminho da derrota. Continue assim,0,0,0,https://twitter.com/AlencarBraga13/status/1643986507966078980
ThóRòhT - EspadaseEscudos.com.br - @valordigno,- EspadaseEscudos.com.br - @valordigno,https://twitter.com/pploversystems/status/1644172838545268736,2023-04-07T02:58:46.000Z,Tem de fazer uma Comparação drástica..  é tipo isso,0,0,0,https://twitter.com/AlencarBraga13/status/1643986507966078980
Vinicius Zanini,@Zannix,https://twitter.com/Zannix/status/1644065258904997907,2023-04-06T19:51:17.000Z,Pior que não dá pra saber se estão falando do Bolsonaro ou do Lula.,0,0,0,https://twitter.com/AlencarBraga13/status/1643986507966078980
Márcio Turra,@MarcioTurra,https://twitter.com/MarcioTurra/status/1644323347432452096,2023-04-07T12:56:50.000Z,"Triplex, Atibaia, Instituto, Odebrecht, Petrolão, Mensalão, 03 containers. Palavrinhas mágicas. Julgado, com amplo direito de defesa, condenado em todas fases recursais. “Acuse-os do que você é”.",1,0,2,https://twitter.com/AlencarBraga13/status/1643986507966078980
Mauricio Falcão Junior,@J1Falcao,https://twitter.com/J1Falcao/status/1644334690654994432,2023-04-07T13:41:55.000Z,FAKE News,0,0,0,https://twitter.com/AlencarBraga13/status/1643986507966078980
Tom Martin,@toamar,https://twitter.com/toamar/status/1645874753134026752,2023-04-11T19:41:34.000Z,@EveMarBR sobre os móveis anteriores do alvorada e qnto valiam,0,0,0,https://twitter.com/AlencarBraga13/status/1643986507966078980
Ricardo T. Rovesta,@RRovesta,https://twitter.com/RRovesta/status/1644427256830259213,2023-04-07T19:49:44.000Z,"Villa, o contra….contra o que não importa, o importante é ser contra.",0,0,0,https://twitter.com/AlencarBraga13/status/1643986507966078980
Jonatas Morais,@Jonatas17956118,https://twitter.com/Jonatas17956118/status/1644250104071684096,2023-04-07T08:05:48.000Z,Nossa como é bom relembrar.,0,1,3,https://twitter.com/AlencarBraga13/status/1643986507966078980
Gelbes,@Gelbes,https://twitter.com/Gelbes/status/1644689103118581761,2023-04-08T13:10:13.000Z,"Que fixação em Bolsonaro.
É-se pseudo Professor está ultrapassado e obsoleto",0,0,0,https://twitter.com/AlencarBraga13/status/1643986507966078980
jadilson,@jadilso28664665,https://twitter.com/jadilso28664665/status/1644004506672197633,2023-04-06T15:49:53.000Z,"Vc está está definido. Se informar por esse marcos villa. Kkkkkkkkk. Nem uma criança escutaria tanta besteira.,",0,0,0,https://twitter.com/AlencarBraga13/status/1643986507966078980
Ricardo Akira,@RicardoAkira6,https://twitter.com/RicardoAkira6/status/1644108271354085378,2023-04-06T22:42:12.000Z,O seu presidente é super honesto! Fico até emocionado!!!!😒😒😒😒😒😒,1,0,2,https://twitter.com/AlencarBraga13/status/1643986507966078980
A tempestade chegou Sr Bolsonaro!,@ElaineSeeds,https://twitter.com/ElaineSeeds/status/1644021976757837826,2023-04-06T16:59:18.000Z,Cade os que viviam incriminando o Lula sem provas?,1,1,3,https://twitter.com/AlencarBraga13/status/1643986507966078980
"Eu vi, é real e é impressionante.",@joatista,https://twitter.com/joatista/status/1644709832992145408,2023-04-08T14:32:36.000Z,"Um “rouba” sem provas o outro rouba, mata e destrói tudo o que toca com provas e tá tudo muito bem no mundo da gadolândia.🤦‍♂️",0,0,0,https://twitter.com/AlencarBraga13/status/1643986507966078980
peagacaetano,@PeagaCaetano,https://twitter.com/PeagaCaetano/status/1644301093067710465,2023-04-07T11:28:24.000Z,Se juntar os vídeos dele e do Azevedo falando do lula lá no passado poderíamos dizer que eles são contundentes tbm???,0,0,2,https://twitter.com/AlencarBraga13/status/1643986507966078980
Isaias Carvalho,@IsaiasC91159758,https://twitter.com/IsaiasC91159758/status/1644400478078345237,2023-04-07T18:03:20.000Z,Quanta baboseira,0,0,0,https://twitter.com/AlencarBraga13/status/1643986507966078980
DJ Flores,@WebmixCambara,https://twitter.com/WebmixCambara/status/1644394941710204937,2023-04-07T17:41:20.000Z,Marco Villa? Fala sério... credibilidade menos zero. Formação de quadrilha nós sabemos bem quem gosta...e por sinal voltaram,0,0,0,https://twitter.com/AlencarBraga13/status/1643986507966078980
Karol vai ver RBD,@karofernd,https://twitter.com/karofernd/status/1644080928774316034,2023-04-06T20:53:33.000Z,👏👏👏👏,1,0,0,https://twitter.com/AlencarBraga13/status/1643986507966078980
Eliana Brasil,@ElianaBrasil1,https://twitter.com/ElianaBrasil1/status/1644026786257182727,2023-04-06T17:18:25.000Z,"Isso é o mínimo, deixe ver as corrupções nas transações do governo. É só o começo.",2,0,2,https://twitter.com/AlencarBraga13/status/1643986507966078980
Marisa victorio da silva,@victorio_marisa,https://twitter.com/victorio_marisa/status/1643989092408119302,2023-04-06T14:48:38.000Z,"🤡ficha criminal só cresce...✔️ Móveis do Palácio da Alvorada desaparecidos, 150 viagens à Arábia Saudita, joias roubadas, peculato, formação de quadrilha... A ficha criminal só cresce. Veja a análise contundente de @VillaMarcovilla, no Jornal da Cultura.",2,1,3,https://twitter.com/AlencarBraga13/status/1643986507966078980
Luzia Lyra,@LyraLuzia,https://twitter.com/LyraLuzia/status/1644042029419339776,2023-04-06T18:18:59.000Z,"Nunca vou elogiar ou compartilhar o Vila, mesmo quando ele tem razão. 
Memória é privilégio.",1,1,3,https://twitter.com/AlencarBraga13/status/1643986507966078980
bolso pistola,@ecio89669746,https://twitter.com/ecio89669746/status/1644322459024338944,2023-04-07T12:53:18.000Z,O que o se governador tarciso ainda nao fez pra botar nos eixos essa tv cultura?,0,0,0,https://twitter.com/AlencarBraga13/status/1643986507966078980
bolso pistola,@ecio89669746,https://twitter.com/ecio89669746/status/1644322727019282435,2023-04-07T12:54:22.000Z,Esse villa tem seu preço e o pt pagou direitinho pra ele,0,0,0,https://twitter.com/AlencarBraga13/status/1643986507966078980
Zemar,@zemarjc14,https://twitter.com/zemarjc14/status/1644156275096272897,2023-04-07T01:52:57.000Z,Kkkkkkkk,0,0,0,https://twitter.com/AlencarBraga13/status/1643986507966078980
safras1000,@DinhoCamy,https://twitter.com/DinhoCamy/status/1644159838060986368,2023-04-07T02:07:07.000Z,Mentiras geniais do governo petista e seus militantes.,0,0,0,https://twitter.com/AlencarBraga13/status/1643986507966078980
Adriana s lonardi,@s_lonardi,https://twitter.com/s_lonardi/status/1644301307107241985,2023-04-07T11:29:15.000Z,Moveis q lularapio levou!!  Sai com caminhos cheios… tá dito por ele,0,0,0,https://twitter.com/AlencarBraga13/status/1643986507966078980
Adriana s lonardi,@s_lonardi,https://twitter.com/s_lonardi/status/1644301834666795010,2023-04-07T11:31:21.000Z,"Maierovitch , o adv dos propineiros???",0,0,0,https://twitter.com/AlencarBraga13/status/1643986507966078980
Graça,@graciiiinha,https://twitter.com/graciiiinha/status/1644062238859223040,2023-04-06T19:39:17.000Z,Familicia ladra!!!!,0,0,0,https://twitter.com/AlencarBraga13/status/1643986507966078980
Ivone Armelin,@armelin_ivone,https://twitter.com/armelin_ivone/status/1644169055350435841,2023-04-07T02:43:44.000Z,Tudo jóia @damade_aco,0,0,0,https://twitter.com/AlencarBraga13/status/1643986507966078980
Julio Cesar,@Julio_cesarcs,https://twitter.com/Julio_cesarcs/status/1644063692940619777,2023-04-06T19:45:04.000Z,"Kkkkkk, adoro o @VillaMarcovilla",0,0,0,https://twitter.com/AlencarBraga13/status/1643986507966078980
Carlos Roberto,@A8Carlos,https://twitter.com/A8Carlos/status/1644307725101199362,2023-04-07T11:54:46.000Z,"A lista é imensa, até as carpas,  sumiram.",0,0,1,https://twitter.com/AlencarBraga13/status/1643986507966078980
"rita Marinielo,uma pessoa comum .",@RMarinielo,https://twitter.com/RMarinielo/status/1644018546802827268,2023-04-06T16:45:40.000Z,"Isso, é propina ninguém por mais rico que seja não dá presente de 16 milhões.......",3,2,16,https://twitter.com/AlencarBraga13/status/1643986507966078980
Alexandre Siqueira,@ssicca1,https://twitter.com/ssicca1/status/1644027006219067410,2023-04-06T17:19:17.000Z,#cumplice,1,0,0,https://twitter.com/AlencarBraga13/status/1643986507966078980
Marina,@Marina92011959,https://twitter.com/Marina92011959/status/1644426330027569152,2023-04-07T19:46:03.000Z,Fala o cara que ontem postou qual presidente tem mais popularidade em depor à POLÍCIA em razão de CRIME,0,0,0,https://twitter.com/AlencarBraga13/status/1643986507966078980
Odila Olivéira,@odilaros21,https://twitter.com/odilaros21/status/1644326732659294208,2023-04-07T13:10:17.000Z,O Lula fez pior! Não era mentira como agora com Bolsonaro! Palhaçada essa imprensa suja nojenta 🤮🤮🤮,0,0,0,https://twitter.com/AlencarBraga13/status/1643986507966078980
patria Amada,@brasilpebas,https://twitter.com/brasilpebas/status/1644478836929703941,2023-04-07T23:14:42.000Z,"Rapaz que mentira da braba essa ! Puta que pariu . Móveis todos ficaram lá e se tirou foi o bandido que não queria usar , coisas que o Bolsonaro usou . E presente são coisas dadas até para diplomatas de qualquer país do mundo até lula e Dilma recebeu milhares mundo a fora.",0,0,0,https://twitter.com/AlencarBraga13/status/1643986507966078980
Paixão Paulo C. F.,@PauloCs81063538,https://twitter.com/PauloCs81063538/status/1644253478024359936,2023-04-07T08:19:12.000Z,"Você passa 14 anos governando o país, entrega um déficit de 4 trilhões, estatais falidas, 4ª maior carga tributária do planeta, metade do país sem esgoto, 1/4 da população na miséria, 12º país mais violento, o  maiores casos de corrupção e ainda se apresenta como solução!",0,0,0,https://twitter.com/AlencarBraga13/status/1643986507966078980
Najla Chamon,@ChamonNajla,https://twitter.com/ChamonNajla/status/1644320586074562562,2023-04-07T12:45:52.000Z,"Meu Deus, só tem corrupto no seu partido. A cúpula toda foi presa, o chefe condenado em todas as instâncias, isso é pouco? Qual condenação meu presidente tem? Mas vcs precisam criar, né não? E chamar o povo de BURRO, na cara limpa.",0,0,0,https://twitter.com/AlencarBraga13/status/1643986507966078980
