nome,usuario,idTweet,dataPublicacao,texto,replies,retweets,likes,tweetPai
NaniOkada,@NaniOkada,https://twitter.com/NaniOkada/status/1643579917798371328,2023-04-05T11:42:43.000Z,Mais Narrativas! Produção de “provas”; cortina de fumaça! E assim segue a sanha jornalistica de criar narrativas para influenciar julgamentos! Isso é a sucursal da secon @GloboNews se transformou nisso!,0,1,1,https://twitter.com/AlencarBraga13/status/1643342682821996544
Caerthal,@Caerthal1,https://twitter.com/Caerthal1/status/1643428720907112448,2023-04-05T01:41:55.000Z,Tem golpista aqui do lado. Todos amigos do Dilmo.,0,0,0,https://twitter.com/AlencarBraga13/status/1643342682821996544
Roni Delicoli,@DelicoliRoni,https://twitter.com/DelicoliRoni/status/1643673466871193608,2023-04-05T17:54:27.000Z,"Imagina o que o lula fez em, a Dilma então em 2014 foi surreal, o tanto de votos que compraram",0,0,0,https://twitter.com/AlencarBraga13/status/1643342682821996544
@kevinmamarme5,@kevinmamarme5,https://twitter.com/kevinmamarme5/status/1643599317138042881,2023-04-05T12:59:48.000Z,Doido. Postinho urgente pra tomar antirrábica. Já.,0,0,0,https://twitter.com/AlencarBraga13/status/1643342682821996544
Edina Flores Machado,@EdinaFloresMac2,https://twitter.com/EdinaFloresMac2/status/1643430513607163906,2023-04-05T01:49:02.000Z,Cadê o código Fonte XANDÃO,0,0,0,https://twitter.com/AlencarBraga13/status/1643342682821996544
Edina Flores Machado,@EdinaFloresMac2,https://twitter.com/EdinaFloresMac2/status/1643641390595751940,2023-04-05T15:46:59.000Z,Cadê o código Fonte?,0,0,0,https://twitter.com/AlencarBraga13/status/1643342682821996544
Jcm Medina,@JcmMedina1,https://twitter.com/JcmMedina1/status/1643665009069654017,2023-04-05T17:20:50.000Z,"Por falar em legalidade , Flávio Dino se omitiu sobre o dia 8/01 , prevaricou conforme documentos apresentados por Kim kataguiri e Marcos Do Val  .",0,1,1,https://twitter.com/AlencarBraga13/status/1643342682821996544
Ailton Santana,@ailtondf,https://twitter.com/ailtondf/status/1643587227832791041,2023-04-05T12:11:46.000Z,https://twitter.com/kimpaim/status/1643572942335512577?t=RApEJ6uTVpNdzCHG9fJ_KQ&s=19…,0,1,1,https://twitter.com/AlencarBraga13/status/1643342682821996544
Lú Emdac,@luquintas21,https://twitter.com/luquintas21/status/1643573914281312257,2023-04-05T11:18:51.000Z,PROVÉM!,0,0,0,https://twitter.com/AlencarBraga13/status/1643342682821996544
Wanda,@WandaWanderblit,https://twitter.com/WandaWanderblit/status/1643597193612345345,2023-04-05T12:51:22.000Z,VTNTCAM,0,0,0,https://twitter.com/AlencarBraga13/status/1643342682821996544
Well.A.Anjos,@Wellingtomaanjo,https://twitter.com/Wellingtomaanjo/status/1643579087397564416,2023-04-05T11:39:25.000Z,@fabiofaria @fabiowoficial  👀,0,0,0,https://twitter.com/AlencarBraga13/status/1643342682821996544
Gilvany Ribeiro,@GilvanyR,https://twitter.com/GilvanyR/status/1643575687763177472,2023-04-05T11:25:54.000Z,"Chora bebê, o nine era pra estar em Alcatraz com dela especial deixada só pra ele. 🤣😂🤣😂🤣",0,0,0,https://twitter.com/AlencarBraga13/status/1643342682821996544
Renato Borba,@dezborba,https://twitter.com/dezborba/status/1643601799461437440,2023-04-05T13:09:40.000Z,Cara procura um psiquiatra kkkkk,0,0,0,https://twitter.com/AlencarBraga13/status/1643342682821996544
Oswaldo Ferreira,@Oswaldo83022142,https://twitter.com/Oswaldo83022142/status/1643525152880115712,2023-04-05T08:05:06.000Z,#CPMIdo08deJaneiroJa #LulaNaCadeia,0,0,0,https://twitter.com/AlencarBraga13/status/1643342682821996544
Fabio Cruz,@FabioCr06493317,https://twitter.com/FabioCr06493317/status/1643707088491749377,2023-04-05T20:08:03.000Z,Mintiroooooosa,0,0,0,https://twitter.com/AlencarBraga13/status/1643342682821996544
Bel Pizzas,@BelPizzas,https://twitter.com/BelPizzas/status/1645862342050172934,2023-04-11T18:52:15.000Z,Só a cara dessa jornalispt já diz o que ela defende .,0,0,0,https://twitter.com/AlencarBraga13/status/1643342682821996544
Desmentindo os Canhotos,@Cristia85545350,https://twitter.com/Cristia85545350/status/1643688241030209562,2023-04-05T18:53:09.000Z,"E sobre o dinheiro apreendido nessas operações, nada a falar? Pelo visto golpista é o @LulaOficial que cometeu “estelionato eleitoral” com os próprios eleitores.Acordem e vejam o prejuízo que o desgoverno dando ao país. Mas isso serve de lição para o povo NUNCA MAIS VOTAR NO PT.",0,0,0,https://twitter.com/AlencarBraga13/status/1643342682821996544
Maria do Carmo,@Nynari2003,https://twitter.com/Nynari2003/status/1643450987946844164,2023-04-05T03:10:24.000Z,Só assistir esse resumo. Tem capacidade de entendimento?,0,1,5,https://twitter.com/AlencarBraga13/status/1643342682821996544
Gabriela Portella,@Gabriela_coport,https://twitter.com/Gabriela_coport/status/1643689399782187037,2023-04-05T18:57:45.000Z,Ainda estão nas eleições!!! Supera! Mostrem resultados! Por enquanto só falácias e narrativas!,0,0,0,https://twitter.com/AlencarBraga13/status/1643342682821996544
Amauri Capuzzo,@capuzzo_a,https://twitter.com/capuzzo_a/status/1643722074073210893,2023-04-05T21:07:35.000Z,Alencar porque o ministro não entregou o código fonte? Quem não deve não precisava ter medo!!!,0,0,0,https://twitter.com/AlencarBraga13/status/1643342682821996544
Francisco Silva,@francescolsilva,https://twitter.com/francescolsilva/status/1643703490378702849,2023-04-05T19:53:45.000Z,"O País está se destruindo com o novo governo, e Bolsonaro não é mais o Presidente... Essa galera ficou quatro falando em golpe, golpe que não aconteceu e permanece no blá blá blá... Tem muitas coisas no País que precisam debater. A saudade do ex-presidente Bolsonaro está batendo.",0,0,0,https://twitter.com/AlencarBraga13/status/1643342682821996544
~ADRIANA~,@AdrianaMaMoSi,https://twitter.com/AdrianaMaMoSi/status/1643457513050742784,2023-04-05T03:36:19.000Z,🤔🤔🤔🤔🤔,0,0,1,https://twitter.com/AlencarBraga13/status/1643342682821996544
Se Liga Br,@VirtuaIsanity,https://twitter.com/VirtuaIsanity/status/1643676972013309953,2023-04-05T18:08:22.000Z,só de ver essa anta nem abro o vídeo,0,0,0,https://twitter.com/AlencarBraga13/status/1643342682821996544
@baptista,@baptista,https://twitter.com/Baptista1153/status/1643664607364382720,2023-04-05T17:19:14.000Z,Fake,0,0,0,https://twitter.com/AlencarBraga13/status/1643342682821996544
Marli Schneider - Meu partido é o Brasil. 22,@SchneiderMarli,https://twitter.com/SchneiderMarli/status/1643666717275717632,2023-04-05T17:27:37.000Z,"Bolsonaro, Bolsonaro, Bolsonaro, que paixão enrustida é essa, sujeito. Disfarça, e vá trabalhar pelo bem dos seus eleitores.",0,0,0,https://twitter.com/AlencarBraga13/status/1643342682821996544
"Dr Estranho10 5 6 5Vá pra pqp,mais ñ fique em CASA",@arfatop,https://twitter.com/arfatop/status/1643611052452597762,2023-04-05T13:46:26.000Z,"Fernando Haddad afirmou durante evento que se o Brasil não corrigir o que ele chama de “distorções tributárias”, a alternativa será cortar programas sociais. Saiba mais com@biancapintolima Assista ao #Edição18 com @CesarTralli:",0,1,1,https://twitter.com/AlencarBraga13/status/1643342682821996544
Ney Britto,@nneybbritto,https://twitter.com/nneybbritto/status/1643684775285202947,2023-04-05T18:39:23.000Z,Vcs não passam um dia sem falar no Bolsonaro. Estão querendo justificar o que? A incompetência em governar?,0,0,0,https://twitter.com/AlencarBraga13/status/1643342682821996544
Eliane Moraes,@ElianeM22397684,https://twitter.com/ElianeM22397684/status/1645247918062936064,2023-04-10T02:10:45.000Z,"Lula nas ruas, estádios de futebol, mostra o resultado das eleições. O AMOR VENCEU.",0,0,0,https://twitter.com/AlencarBraga13/status/1643342682821996544
Alecsander Fagundes,@AlecsanderFagu1,https://twitter.com/AlecsanderFagu1/status/1643686474813145089,2023-04-05T18:46:08.000Z,Parece piada pronta! https://revistaoeste.com/brasil/lula-quer-estatais-prestando-servicos-sem-licitacao/… 😂😂😂😂😂😂,0,0,0,https://twitter.com/AlencarBraga13/status/1643342682821996544
Franciele Oliveira,@Francie83559081,https://twitter.com/Francie83559081/status/1643753592535535620,2023-04-05T23:12:50.000Z,Nem ela acredita no que está falando.,0,0,0,https://twitter.com/AlencarBraga13/status/1643342682821996544
Euclides Santa Cruz,@EuclidesSanta,https://twitter.com/EuclidesSanta/status/1643378236049563648,2023-04-04T22:21:18.000Z,Pena que a jornalista não disse o nome do adversário: LULA! Será que é proibido?,0,0,1,https://twitter.com/AlencarBraga13/status/1643342682821996544
EERR,@EronEvaldo,https://twitter.com/EronEvaldo/status/1643658458061733890,2023-04-05T16:54:48.000Z,💩💩💩💩,0,0,0,https://twitter.com/AlencarBraga13/status/1643342682821996544
Marisa victorio da silva,@victorio_marisa,https://twitter.com/victorio_marisa/status/1643348503899373569,2023-04-04T20:23:09.000Z,#BolsonaronaCadeia😎 👮🏻‍♂️ 🚓Ilegalidade atrás de Ilegalidade ✔️ Bolsonaro golpista fez uso da máquina pública para tentar sabotar as eleições.,0,0,2,https://twitter.com/AlencarBraga13/status/1643342682821996544
Ricardo Lima,@Ricom1888Lima,https://twitter.com/Ricom1888Lima/status/1643667768716165134,2023-04-05T17:31:48.000Z,Quer falar de golpe ? e o golpe na justiça que soltou um homem condenado corrupto comprovado,0,0,0,https://twitter.com/AlencarBraga13/status/1643342682821996544
"""O Exército é a pior estatal brasileira""",@Avillmac,https://twitter.com/Avillmac/status/1643572582640152581,2023-04-05T11:13:34.000Z,Quem leva a sério o que a #GloboLixo diz?,0,0,0,https://twitter.com/AlencarBraga13/status/1643342682821996544
Mery Beto Merybeto,@MeryBeto72967,https://twitter.com/MeryBeto72967/status/1643557912097312768,2023-04-05T10:15:16.000Z,"Alguem avise  aos petralhas,  q a campanha acabou.
Q medo eles tem do Bolsonaro!!!😂 😂 😂",0,0,0,https://twitter.com/AlencarBraga13/status/1643342682821996544
adauto dos santos so,@dautoluz75,https://twitter.com/dautoluz75/status/1643663630355791895,2023-04-05T17:15:21.000Z,"Todos, bajuladores do nove dedos, esperando que a torneirinha volte a ser aberta, traidores  do País, que agora voltará  a ser uma  simples colônia dos olhos puxados, absurdo em cima de absurdos. Jornazistas de ( M ).",0,0,0,https://twitter.com/AlencarBraga13/status/1643342682821996544
Roça do Lipão,@felipepasquoto1,https://twitter.com/felipepasquoto1/status/1643574252455575552,2023-04-05T11:20:12.000Z,"Jornalismo podre , mau caráter e sem credibilidade nenhuma!",0,2,22,https://twitter.com/AlencarBraga13/status/1643342682821996544
Maria Rosa,@mmros,https://twitter.com/mmros/status/1644043733485121544,2023-04-06T18:25:45.000Z,Essa geração PT é a pior praga do MUNDO!!,0,0,0,https://twitter.com/AlencarBraga13/status/1643342682821996544
Maria Rosa,@mmros,https://twitter.com/mmros/status/1644045674617655296,2023-04-06T18:33:28.000Z,"OS PARLAMENTARES DA ESQUERDALHA NÃO APRESENTAM PROJETOS PRA BENEFICIAR OS SEUS PSEUDO ELEITORES?! GUARDEM OS CHICOTES E VÃO TRABALHAR PELO PAÍS! HÁ MUITO BEM A SER FEITO!! ""AIN BOLSONARO, AIN BOLSONARO!"" CHEGA!! ESQUECAM! 😠😠😠😠",0,0,0,https://twitter.com/AlencarBraga13/status/1643342682821996544
Gutoneto17,@gutodelfina3,https://twitter.com/gutodelfina3/status/1643974577201217539,2023-04-06T13:50:57.000Z,"Que petista se borra de medo de Bolsonaro, todo mundo sabe, agora, querer discutir ilegalidade para vencer eleicoes, com um tal de xandao presidente do TSE, sabotando tudo e todos para dar vitoria ao candidato da ABOBORA, tá de brincadeira !  Acorda.",0,0,0,https://twitter.com/AlencarBraga13/status/1643342682821996544
Gai de Freitas,@FreitasGai,https://twitter.com/FreitasGai/status/1643938408601993216,2023-04-06T11:27:14.000Z,Ah tá só otário para cair nessa.,0,0,0,https://twitter.com/AlencarBraga13/status/1643342682821996544
Evandro Bandeira,@EvandroBandeir4,https://twitter.com/EvandroBandeir4/status/1643595330695446528,2023-04-05T12:43:58.000Z,"FAZUELI 🤫🫵🤡🤮💩Phoda se,,, 🫵",0,0,0,https://twitter.com/AlencarBraga13/status/1643342682821996544
Ricardo Carnota,@RezendeTome,https://twitter.com/RezendeTome/status/1643542315502379008,2023-04-05T09:13:18.000Z,"Narrativa mentirosa, mas lula é ladrão e condenado, e vocês deveriam estar preso por fake news.",0,0,0,https://twitter.com/AlencarBraga13/status/1643342682821996544
W@nd3r,W@nd3r,https://twitter.com/WanderPenna/status/1643690754886230035,2023-04-05T19:03:08.000Z,Chegou!!,0,1,2,https://twitter.com/AlencarBraga13/status/1643342682821996544
NÃOAS MPs!,@angelan59870880,https://twitter.com/angelan59870880/status/1643545027342135296,2023-04-05T09:24:04.000Z,"Se vc esta AFIRMANDO, É PARTE DA NARRATIVA QUE O CHEFE MANDOU!
Pq?

PQ 49 MILHOES DE BRASILEIROS LEMBRAM EXATAMENTE QUE AQUELAS APREENSÕES , TINHAM $$ ILICITO E ALEXANDRE DE MORARES  CONVOCOU NO MESMO DIA E CONSTATOU NÃO HAVER ERRO!",0,0,0,https://twitter.com/AlencarBraga13/status/1643342682821996544
Girafales,@Girafales15,https://twitter.com/Girafales15/status/1643414512836460544,2023-04-05T00:45:27.000Z,Fake news ! Quem interferiu foi vcs ! E todos savemos disso! Mentirosos serão desmascarados na CPMI do 08 de janeiro ! Vcs não ficarão impunes .,0,0,0,https://twitter.com/AlencarBraga13/status/1643342682821996544
silza gavim,@silzagavim,https://twitter.com/silzagavim/status/1643698746029404160,2023-04-05T19:34:54.000Z,"É mesmo? Quem tem bandido de estimação é vocês, ou acha mesmo que Lula não é corrupto?
Ah vai se tratar bando de idiotas",0,0,0,https://twitter.com/AlencarBraga13/status/1643342682821996544
Flávio Pena,@7rockswebradio,https://twitter.com/7rockswebradio/status/1643690691594158080,2023-04-05T19:02:53.000Z,"Ele deve ter feito mesmo, talvez as 250 mil urnas sejam inauditáveis por causa dele que deve ter sabota elas.  Mas o xandão o grande ha satan reptiliano do Brasil fez o que, não investigou e um clone governa o país hoje.",0,0,0,https://twitter.com/AlencarBraga13/status/1643342682821996544
Alberto Fiorini,@AlbertoJFiorini,https://twitter.com/AlbertoJFiorini/status/1643936439179046913,2023-04-06T11:19:24.000Z,"Vc bebeu querosene para dizer isso. Se tem provas PROVA! Se não tem é  melhor calar a boca. Chega de Falácias e Narrativas! Se vcs são ladrão,  não quer dizer que o resto é. A história está aí. A Esquerda É  UMA QUADRILHA e vc faz parte dela. #EsquerdaNaCadeia!",0,0,0,https://twitter.com/AlencarBraga13/status/1643342682821996544
Maria Soares,@anjossores,https://twitter.com/anjossores/status/1644338738208620547,2023-04-07T13:58:00.000Z,Se nem teu presidente tá preso cara pálida!!!,0,0,0,https://twitter.com/AlencarBraga13/status/1643342682821996544
11:11,@Transpa41736254,https://twitter.com/Transpa41736254/status/1643672364624773120,2023-04-05T17:50:04.000Z,Desviando a atenção… não somos burros. Queremos CPI 8 de Janeiro.,0,0,0,https://twitter.com/AlencarBraga13/status/1643342682821996544
Solange De Paula Carneiro,@Solange84497499,https://twitter.com/Solange84497499/status/1643684062392094721,2023-04-05T18:36:33.000Z,Ilegal foi descondenar o lulaladrão e a eleição q o fez http://presidente.Vc não tem vergonha dessas barbaridades q posta?!?!,0,0,0,https://twitter.com/AlencarBraga13/status/1643342682821996544
João Carlos Garcia,@JooCarl90014366,https://twitter.com/JooCarl90014366/status/1643347228780556293,2023-04-04T20:18:05.000Z,Um bandido chamando o melhor presidente de golpista 😅😅😅😅😅😅Lula é ladrão,0,0,0,https://twitter.com/AlencarBraga13/status/1643342682821996544
Vitao,@vitorth84,https://twitter.com/vitorth84/status/1643569479484358657,2023-04-05T11:01:14.000Z,Stf e tse golpista nao entregaram codigo fonte para nao mostrar a fraude da eleiçao de um condenado esquerdista vagabundo!,0,0,0,https://twitter.com/AlencarBraga13/status/1643342682821996544
A verdade liberta,@Bonoro77,https://twitter.com/Bonoro77/status/1643470938254499840,2023-04-05T04:29:40.000Z,Fake News.,0,0,0,https://twitter.com/AlencarBraga13/status/1643342682821996544
Moura Fé,@MouraF68315579,https://twitter.com/MouraF68315579/status/1643551446539939841,2023-04-05T09:49:35.000Z,Fake News!,0,0,0,https://twitter.com/AlencarBraga13/status/1643342682821996544
EU,@DarcianaOlivei2,https://twitter.com/DarcianaOlivei2/status/1643442428915994624,2023-04-05T02:36:23.000Z,A cara do golpista  mais amado do mundo 😍😍😍😋,0,0,0,https://twitter.com/AlencarBraga13/status/1643342682821996544
Não Calo,@Naocalonao,https://twitter.com/Naocalonao/status/1643638368004108292,2023-04-05T15:34:58.000Z,Hipocrisia 🫵,0,0,0,https://twitter.com/AlencarBraga13/status/1643342682821996544
Não Calo,@Naocalonao,https://twitter.com/Naocalonao/status/1643638528243277824,2023-04-05T15:35:37.000Z,Quem merece cadeia 🤔,0,0,0,https://twitter.com/AlencarBraga13/status/1643342682821996544
Sandra07,@SandraMachadoS5,https://twitter.com/SandraMachadoS5/status/1643586134927187969,2023-04-05T12:07:25.000Z,Narrativas e mais narrativas bla blá bla,0,0,0,https://twitter.com/AlencarBraga13/status/1643342682821996544
Karin Becker,@KarinFBecker24,https://twitter.com/KarinFBecker24/status/1643691427770032128,2023-04-05T19:05:49.000Z,"Descondenar condenado, corrupto, mentiroso e colocar ele de presidente de uma nação, isto sim é que é golpe!!!",0,0,0,https://twitter.com/AlencarBraga13/status/1643342682821996544
Edu Q - Deus acima de tudo e de todos!,@cebritto,https://twitter.com/cebritto/status/1643769599341780993,2023-04-06T00:16:26.000Z,Kct!!! Usando máquina pública. PT nunca fez isso....,0,0,0,https://twitter.com/AlencarBraga13/status/1643342682821996544
𝙅𝙤𝙨𝙞𝙖𝙣𝙚 ,@josianezwirtes,https://twitter.com/josianezwirtes/status/1643653211339751425,2023-04-05T16:33:57.000Z,👇🏼👇🏼👇🏼,0,0,1,https://twitter.com/AlencarBraga13/status/1643342682821996544
Galinho de Quintino,@rossonerozola,https://twitter.com/rossonerozola/status/1643690872133804038,2023-04-05T19:03:36.000Z,PT LIXO,0,0,0,https://twitter.com/AlencarBraga13/status/1643342682821996544
