nome,usuario,idTweet,dataPublicacao,texto,replies,retweets,likes,tweetPai
Educação PRIORIDADE,@EducacaoBRA,https://twitter.com/EducacaoBRA/status/1643993896861700100,2023-04-06T15:07:43.000Z,"Inclusive deputado, importante se faz, refletir e ressignificar os projetos educativos dessas escolas, visando uma formação mais humana e menos conteudista. 

Importante discutir o fato de q, quem comete uma violência contra a escola, já passou ou está passando pela escola.",1,0,0,https://twitter.com/AlencarBraga13/status/1643737681581465601
Marisa victorio da silva,@victorio_marisa,https://twitter.com/victorio_marisa/status/1643739283151544320,2023-04-05T22:15:58.000Z,Violência nas escolas 👶👶🏻👶🏾✔️O Ministério da Justiça vai liberar recurso extra p/fortalecer as rondas no entorno das escolas públicas municipais e estaduais. Será criado um grupo p/fazer o enfrentamento amplo da questão da violência nas escolas. Violência se enfrenta com +,0,0,0,https://twitter.com/AlencarBraga13/status/1643737681581465601
Marisa victorio da silva,@victorio_marisa,https://twitter.com/victorio_marisa/status/1643739724954345474,2023-04-05T22:17:44.000Z,racionalidade e responsabilidade!,0,0,0,https://twitter.com/AlencarBraga13/status/1643737681581465601
Fizueli da Silva,@Rexitegui13PT,https://twitter.com/Rexitegui13PT/status/1643740042374905861,2023-04-05T22:18:59.000Z,"Esses assassinos malucos são bolsonaristas doentes, curtidos no ódio, resultado da lava-jato e potencializado com Bolsonaro.",0,0,0,https://twitter.com/AlencarBraga13/status/1643737681581465601
ToRyBa,@A_ToRyBa,https://twitter.com/A_ToRyBa/status/1643781970479009793,2023-04-06T01:05:36.000Z,"PQP!

TÁ NA HORA DO GOVERNO METER ""CALA-BOCA""
EM OPERADORES DE DIREITO, JORNALISTAS E
POLICIAIS E CONVOCAR PROFISSIONAIS DE SAÚDE
(PSICÓLOGOS E PSIQUIATRAS) ANTROPÓLOGOS,
PEDAGOGOS, E SOCIÓLOGOS PARA ELABORAREM
POLÍTICA CONTRA PSICOPATIA ""BOLSALNARISTA"".",0,0,0,https://twitter.com/AlencarBraga13/status/1643737681581465601
