nome,usuario,idTweet,dataPublicacao,texto,replies,retweets,likes,tweetPai
Adail Filho,@adailfilhoam,https://twitter.com/adailfilhoam/status/1643642396243050498,2023-04-05T15:50:59.000Z,Vamos exigir segurança nas escolas. Episódios como esse são inaceitáveis e precisamos colocar um ponto final em histórias como essa.,1,0,0,https://twitter.com/adailfilhoam/status/1643642388580106241
Adail Filho,@adailfilhoam,https://twitter.com/adailfilhoam/status/1643642398180794378,2023-04-05T15:50:59.000Z,"Estamos estudando um Projeto de Lei que disponha sobre medidas para reforço da segurança escolar.

Temos que acabar de uma vez por todas com o mito de que o legislador não pode criar políticas públicas e é isso que vamos fazer.",1,1,1,https://twitter.com/adailfilhoam/status/1643642388580106241
Adail Filho,@adailfilhoam,https://twitter.com/adailfilhoam/status/1643642400089202689,2023-04-05T15:51:00.000Z,Peço que Deus alivie a dor das famílias dessas crianças 🙏🏻,0,0,1,https://twitter.com/adailfilhoam/status/1643642388580106241
