nome,usuario,idTweet,dataPublicacao,texto,replies,retweets,likes,tweetPai
Dep. Alencar Santana,@AlencarBraga13,https://twitter.com/AlencarBraga13/status/1643760289198878723,2023-04-05T23:39:27.000Z,"Com vídeo do @LulaMarques mostrando que o 🤡 derreteu, agora que acabou o cartão corporativo.",30,4,23,https://twitter.com/AlencarBraga13/status/1643759930334126082
JOÃO BATISTA SOUZA,@PRFJSOUZA,https://twitter.com/PRFJSOUZA/status/1644467515903430659,2023-04-07T22:29:43.000Z,Isso prova que petista adora frequentar porta de cadeia.,0,0,0,https://twitter.com/AlencarBraga13/status/1643759930334126082
Jairo Araripe,@AraripeJairo,https://twitter.com/AraripeJairo/status/1644077360336056321,2023-04-06T20:39:22.000Z,Deve ser porque tudo é trabalhador,0,0,0,https://twitter.com/AlencarBraga13/status/1643759930334126082
acabou o amor,@AntonioUlisses8,https://twitter.com/AntonioUlisses8/status/1643938960077471746,2023-04-06T11:29:25.000Z,"Orgulho dos “meus” Presidentes irem depor sobre a prática de crimes e desvios na Polícia Federal!!! SQN!! Tuíte deplorável do parlamentar, que acha bonito os fatos descritos.",9,12,153,https://twitter.com/AlencarBraga13/status/1643759930334126082
Marina,@Marina92011959,https://twitter.com/Marina92011959/status/1643921138077126658,2023-04-06T10:18:36.000Z,V não se toca q é um ABSURDO as 2 maiores lideranças do pais estarem DEPONDO ? V ainda posta isso e acha bacana ? Isso mostra como vocês perderam o senso crítico !,6,6,51,https://twitter.com/AlencarBraga13/status/1643759930334126082
Fernando,@Fernandojosea,https://twitter.com/Fernandojosea/status/1644051742622113792,2023-04-06T18:57:35.000Z,"Putz o cara comemora mais público em um depoimento, esse é o Brasil 🇧🇷 onde políticos não valem o que o gato enterra",0,0,6,https://twitter.com/AlencarBraga13/status/1643759930334126082
Marisa victorio da silva,@victorio_marisa,https://twitter.com/victorio_marisa/status/1643779264670474240,2023-04-06T00:54:51.000Z,#lula 🧔🏻prestígio e carisma ... É pra quem tem! Lula  #lulapresidente agora temos um presidente de verdade                                      ✔️A diferença é brutal. 🤡depondo em 2023 x @lulaoficial depondo em 2017.,4,0,1,https://twitter.com/AlencarBraga13/status/1643759930334126082
Wagner Dantas,@Wgner,https://twitter.com/Wgner/status/1644089532613120000,2023-04-06T21:27:44.000Z,A diferença....,0,0,0,https://twitter.com/AlencarBraga13/status/1643759930334126082
Gabriel Saraiva,@gabriel39670876,https://twitter.com/gabriel39670876/status/1643937813648363521,2023-04-06T11:24:52.000Z,"a diferença é brutal

2023 - povo de direita trabalha
2017 - as imagens estão ai",0,1,6,https://twitter.com/AlencarBraga13/status/1643759930334126082
Sergion,@SergioFona,https://twitter.com/SergioFona/status/1644036464001568770,2023-04-06T17:56:52.000Z,Olha a comparação do cara kkkkkkkk,0,0,0,https://twitter.com/AlencarBraga13/status/1643759930334126082
Jussara Weyll,@JussaraWeyll,https://twitter.com/JussaraWeyll/status/1644173062202335232,2023-04-07T02:59:39.000Z,PAGOU QUANTO?🤣🤣🤣🤣🤣🤣🤣,0,0,0,https://twitter.com/AlencarBraga13/status/1643759930334126082
Marcela Resende,@MarcelaResendec,https://twitter.com/MarcelaResendec/status/1643986857997537282,2023-04-06T14:39:45.000Z,Os da direita trabalham,0,0,0,https://twitter.com/AlencarBraga13/status/1643759930334126082
Karli,@anelliroque,https://twitter.com/anelliroque/status/1643950156545490944,2023-04-06T12:13:55.000Z,"Mas o que faz um deputado federal? Como representante do povo, esse parlamentar tem duas atribuições principais, estabelecidas na Constituição: legislar e fiscalizar (leis)
Fonte: Agência Câmara de Notícias

E não ficar postando bost😅 desnecessária! Vá trabalhar!",0,0,6,https://twitter.com/AlencarBraga13/status/1643759930334126082
Roni Delicoli,@DelicoliRoni,https://twitter.com/DelicoliRoni/status/1644004167151673350,2023-04-06T15:48:32.000Z,Lula indo preso né,0,0,0,https://twitter.com/AlencarBraga13/status/1643759930334126082
Ramon Silva,@Ramon_silva84,https://twitter.com/Ramon_silva84/status/1644080703729176577,2023-04-06T20:52:39.000Z,"Realmente a diferença é brutal @lula é um descondenado e cumpriu alguns anos de prisão.. Já o MITO nunca foi condenado e nem será.. governo limpo… transparente, diferente do PT responsável pelo maior encandalo de corrupção",0,0,0,https://twitter.com/AlencarBraga13/status/1643759930334126082
Fernandes,@estatudobemm,https://twitter.com/estatudobemm/status/1644053893092093953,2023-04-06T19:06:07.000Z,🤫🤫,0,0,2,https://twitter.com/AlencarBraga13/status/1643759930334126082
Vingador obesso,@Pirestessalo,https://twitter.com/Pirestessalo/status/1643973765376929795,2023-04-06T13:47:43.000Z,"Realmente a diferença é brutal em quase 100 dias de governo nada ainda se foi mostrado, a não ser vcs 24 horas por dia falando em @jairbolsonaro",0,0,1,https://twitter.com/AlencarBraga13/status/1643759930334126082
Cris,@CrisFurtado1818,https://twitter.com/CrisFurtado1818/status/1643995711619448832,2023-04-06T15:14:56.000Z,Simmmm! Graças a Deus estou do lado dos que não tem costume de frequentar presídio e nem delegacias de polícia 🙏🏻,0,0,0,https://twitter.com/AlencarBraga13/status/1643759930334126082
Ministro dos animes,@otakubrazil,https://twitter.com/otakubrazil/status/1644073032904744960,2023-04-06T20:22:11.000Z,"Kkkkkkkkkkkkkkk 
Petismo é uma doença namoral",0,0,0,https://twitter.com/AlencarBraga13/status/1643759930334126082
Valéria,@ElzaValerio,https://twitter.com/ElzaValerio/status/1644179596395397120,2023-04-07T03:25:37.000Z,"Que viagem é essa ?😂A diferença é gritante mesmo, o Lula é um bandido e tinha culpa as pessoas aí nesse caso não são apoiadores são cúmplice. E Bolsonaro como arrasta multidão foi feito barreiras para ninguém se aproximar e ele no momento do depoimento estava com o maior ""Deus""",0,0,0,https://twitter.com/AlencarBraga13/status/1643759930334126082
Nina,@andrade02631,https://twitter.com/andrade02631/status/1644100470917529607,2023-04-06T22:11:12.000Z,"Bloqueiam ruas, se arvoram do poder como fizeram na chegada no aeroporto, para fazerem narrativas. Vaibyrabalhar deputag",0,0,1,https://twitter.com/AlencarBraga13/status/1643759930334126082
R.Arriva,@arriva_r,https://twitter.com/arriva_r/status/1643989056265793540,2023-04-06T14:48:29.000Z,"Bolsonarista não pode mais acompanhar seu presidente pois sofrem retalhação, tem carros multados e guinchados !!",2,1,22,https://twitter.com/AlencarBraga13/status/1643759930334126082
Notícias do Povo,@RACRose1,https://twitter.com/RACRose1/status/1644023400388501507,2023-04-06T17:04:57.000Z,"É porque em 2017, se as pessoas se manifestavam,não eram presas. Lula conseguiu esconder os opositores. Estamos nos porões, escondidos,como fazíamos nos anos 60.Nunca pensei em ver isso de novo. Mas um dia,com a ajuda de Nosso Senhor Jesus,os girassóis voltarão a olhar para o sol",2,1,33,https://twitter.com/AlencarBraga13/status/1643759930334126082
Siliany G. Rosa O Poder emana do povo...,@Sygleise,https://twitter.com/Sygleise/status/1644011422173503494,2023-04-06T16:17:21.000Z,Kkkkk Lula tem cúmplices !,0,0,1,https://twitter.com/AlencarBraga13/status/1643759930334126082
viviane fragaa andrade,@FragaaAndrade,https://twitter.com/FragaaAndrade/status/1644052394844606475,2023-04-06T19:00:10.000Z,"É realmente a diferença é gritante pois em d
2017 o depoimento se tratava de um bandido disfarçado de ex  presidente que foi julgado condenado por todas as instâncias 
E o de agora bem nem ele nem seus apoiadores precisaram  se preocupar pois tudo foi é está documentado .",1,6,20,https://twitter.com/AlencarBraga13/status/1643759930334126082
Ezequiel,@Zequi_2022,https://twitter.com/Zequi_2022/status/1644037019222388736,2023-04-06T17:59:04.000Z,"Putz! a que ponto chegamos, os caras estão comparando quem é mais popular no depoimento à polícia Federal!
Deputado, o senhor não tem mais o que fazer? Que tal trabalhar um pouco para justificar o salário que recebe?",0,0,3,https://twitter.com/AlencarBraga13/status/1643759930334126082
oficial_mesmo,@simvoltei,https://twitter.com/simvoltei/status/1643933034226360322,2023-04-06T11:05:52.000Z,"Me diz uma coisa:
Pra vcs, o Bolsonaro é bandido, correto!?

Então,  aprenda uma coisa:
Para nós da direita, ""bandidos"" não merecem aplausos, mas confiamos na justiça,  a verdadeira justiça,  e não aquela comprada,  se é que me entende.",1,2,10,https://twitter.com/AlencarBraga13/status/1643759930334126082
Roça do Lipão,@felipepasquoto1,https://twitter.com/felipepasquoto1/status/1643955270706446337,2023-04-06T12:34:14.000Z,Quantos pão com mortadela foram distribuídos? Militontos,0,1,9,https://twitter.com/AlencarBraga13/status/1643759930334126082
Eduardo Almeida,@Eduardo07905172,https://twitter.com/Eduardo07905172/status/1644254262233292801,2023-04-07T08:22:19.000Z,"Realmente a Diferença foi Brutal nas eleições.  Vcs não botaram nem 10% de apoiadores nas ruas. O Teatro do  ""Lula livre"" sempre  foi bem articulado. Como a tomada das eleições. Como disse o Presidente do TSE "" Eleição não se ganha, se tomá "" a ""Missão foi dada, Missão cumprida""",0,1,2,https://twitter.com/AlencarBraga13/status/1643759930334126082
Claudia Regina,@Claudia1050,https://twitter.com/Claudia1050/status/1644030821295091718,2023-04-06T17:34:27.000Z,"Sabe o que é: 
Não passamos pano pra bandido.
A gente observa.
Analisa.
Aguardamos os veredictos. 
É essa a diferença entre a esquerda e a direita.
Pode existir mitos...mas isso não quer dizer que bateremos palmas para o que é errado.
Quanto as jóias...aguardemos.",2,1,29,https://twitter.com/AlencarBraga13/status/1643759930334126082
silvana penha,@silvana_penha,https://twitter.com/silvana_penha/status/1643954078647570433,2023-04-06T12:29:30.000Z,"Sabe qual é a diferença ,o povo tem que trabalhar,pra pagar o imposto e pode comer ,não são os que o governo sustenta com bolsa família ,e sindicalista que vive a custa do trabalhador 😛",0,1,11,https://twitter.com/AlencarBraga13/status/1643759930334126082
Eliel - sou terra e laços de Clarice Lispector,@souzaeliel,https://twitter.com/souzaeliel/status/1644001015660789762,2023-04-06T15:36:00.000Z,"Muita diferença,  O Lula levou os movimentos sociais lulistas para emporcalhar as ruas de Curitiba.",0,1,43,https://twitter.com/AlencarBraga13/status/1643759930334126082
Policarpo patriota 22,@PolicarpoCosta2,https://twitter.com/PolicarpoCosta2/status/1644074581857009671,2023-04-06T20:28:20.000Z,O retrocesso do desastre,0,1,1,https://twitter.com/AlencarBraga13/status/1643759930334126082
OoO,@dkclrm,https://twitter.com/dkclrm/status/1644072496797298688,2023-04-06T20:20:03.000Z,"Lula preso, Bolsonaro solto... a diferença é que tem brasileiro adorador de bandido!",0,0,3,https://twitter.com/AlencarBraga13/status/1643759930334126082
@ᴊᴜʟɪᴏ22ᴏʟɪᴠᴇɪʀᴀ,@ᴊᴜʟɪᴏ22ᴏʟɪᴠᴇɪʀᴀ,https://twitter.com/julio22oliveira/status/1644079045175394307,2023-04-06T20:46:04.000Z,Com gente sem gente vcs não conseguem esquecer do Bolsonaro enquanto isso as leis paradas o @ptbrasil votando contra os agentes de segurança em escolas em São Paulo é isso que querem tirar onda brincar em rede social e votar contra algo que pode salvar vidas! Lamentável...,0,1,2,https://twitter.com/AlencarBraga13/status/1643759930334126082
André,@AndreBjjLopes,https://twitter.com/AndreBjjLopes/status/1644038470862766080,2023-04-06T18:04:50.000Z,"Na boa tu poderia ter ficado sem essa exposição, mais negativa que isso não existe.",0,0,4,https://twitter.com/AlencarBraga13/status/1643759930334126082
#BrasilConsciente | 2023 na cola do Congresso |,@PensadoresFalam,https://twitter.com/PensadoresFalam/status/1643925331265331201,2023-04-06T10:35:16.000Z,"Que comparação mais esdrúxula e infeliz. Petista não pensa antes de postar. Aliás, não pensa.",1,0,25,https://twitter.com/AlencarBraga13/status/1643759930334126082
Gilvan Nobrega Jr,@Nobr3gaJr,https://twitter.com/Nobr3gaJr/status/1644038007589163008,2023-04-06T18:03:00.000Z,Isso só prova que petista é acostumado com cadeia !,0,0,5,https://twitter.com/AlencarBraga13/status/1643759930334126082
Rose,@Rose04981545,https://twitter.com/Rose04981545/status/1644099542101504002,2023-04-06T22:07:31.000Z,Na imagem abaixo as pessoas receberam para estar lá!,0,0,0,https://twitter.com/AlencarBraga13/status/1643759930334126082
Herr Dutra,@DutraHerr,https://twitter.com/DutraHerr/status/1644505173321035778,2023-04-08T00:59:21.000Z,Vá se fu  ...,0,0,0,https://twitter.com/AlencarBraga13/status/1643759930334126082
Márcia Morgado,@marciamorgado12,https://twitter.com/marciamorgado12/status/1644653171732537345,2023-04-08T10:47:26.000Z,Diferença brutal 🤭🤭,0,0,0,https://twitter.com/AlencarBraga13/status/1643759930334126082
Jorge Miguel,@JorgeMi56150618,https://twitter.com/JorgeMi56150618/status/1644078935754285057,2023-04-06T20:45:38.000Z,"Jesus amado, e a gente pensando que estes Deputados estão trabalhando.",0,0,1,https://twitter.com/AlencarBraga13/status/1643759930334126082
JEFFERSON CUSINATO,@jeffcusinato,https://twitter.com/jeffcusinato/status/1643928827062566912,2023-04-06T10:49:09.000Z,"Realmente a diferença e que no caso do Luladrão todo mundo sabia que os fatos eram verídicos e que ele seria preso por merecimento, já no segundo todos sabem que e um jogo político para ele ficar inelegível.",1,4,45,https://twitter.com/AlencarBraga13/status/1643759930334126082
José Roberto,@jrmiler,https://twitter.com/jrmiler/status/1644126365317201922,2023-04-06T23:54:06.000Z,"Povo de São Paulo. 
Vocês elegem cada porcaria, hein?",0,0,0,https://twitter.com/AlencarBraga13/status/1643759930334126082
Fechada com minha dignidade,@NemLulaNemBol,https://twitter.com/NemLulaNemBol/status/1644187216330076164,2023-04-07T03:55:54.000Z,Lembrando que a máquina pública estava nas mãos do PT.,0,0,1,https://twitter.com/AlencarBraga13/status/1643759930334126082
Bora billl,@BrunoFrankrocha,https://twitter.com/BrunoFrankrocha/status/1643763023612370945,2023-04-05T23:50:19.000Z,"Na verdade quem apoia o Lula não trabalha só vive de benefícios, já nos apoiadores de Bolsonaro, possuem emprego fixo.",3,1,17,https://twitter.com/AlencarBraga13/status/1643759930334126082
Ana,@anacandian,https://twitter.com/anacandian/status/1644044935572647937,2023-04-06T18:30:32.000Z,"Mega diferente mesmo. 1- quem sai de verde e amarelo agora corre o risco de ser PRESO. Pq? Pergunta para o Iluministro 2- Direita vai de graça, não usa sindicato e trabalha em dia de semana.",0,0,2,https://twitter.com/AlencarBraga13/status/1643759930334126082
Lú Emdac,@luquintas21,https://twitter.com/luquintas21/status/1644025753334427648,2023-04-06T17:14:18.000Z,"Claro,  a esquerda desesperada tratou e impedir acesso aos apoiadores fechando ruas e acessos, igual fez no aeroporto.  Não tem bobo não meu senhor.",0,0,8,https://twitter.com/AlencarBraga13/status/1643759930334126082
Deus Salve o Brasil!,@ParaibaAFG,https://twitter.com/ParaibaAFG/status/1644061488045346819,2023-04-06T19:36:18.000Z,"É pq qd o bandido estava depondo havia liberdade de manifestação. Em 2023 a ditadura petista proibiu qq manifestação popular. 
A diferença e que não há mais liberdsde no Brasil, pq uma gangue assaltou o poder.",0,2,4,https://twitter.com/AlencarBraga13/status/1643759930334126082
Cláudio Chaves,@cmendeschaves,https://twitter.com/cmendeschaves/status/1644062159033323536,2023-04-06T19:38:58.000Z,A quadrilha faz barulho. Só mesmo um petista para comemorar depoimento à polícia.,0,0,2,https://twitter.com/AlencarBraga13/status/1643759930334126082
Guida Ribeiro,@guida_ribeiro10,https://twitter.com/guida_ribeiro10/status/1644053144161140737,2023-04-06T19:03:09.000Z,"Estamos no trabalho, alguém tem que trabalhar e esse alguém somos nós os bolsonaristas 🫶🏻💯🇧🇷",0,0,2,https://twitter.com/AlencarBraga13/status/1643759930334126082
Saraiva 009.'.,@009Saraiva,https://twitter.com/009Saraiva/status/1644014872860958720,2023-04-06T16:31:04.000Z,"Muita diferença, um é ladr71 e ficou preso, o outro não teme a justiça, e não tem porquê temer.",0,0,3,https://twitter.com/AlencarBraga13/status/1643759930334126082
Arlean Andrei,@ArleanAndrei,https://twitter.com/ArleanAndrei/status/1643928727103979523,2023-04-06T10:48:45.000Z,"A diferença é brutal e sempre será!
Um homem de bem não precisa de defensores,ainda mais quando são pagos com mortadela!
Ele usa a lei a seu favor!
O descondenado é uma vergonha para o país!
Não queremos Bandidos nos representando!
Fica a dica!",2,0,41,https://twitter.com/AlencarBraga13/status/1643759930334126082
Valmira,@Valmira15769723,https://twitter.com/Valmira15769723/status/1644081356320698373,2023-04-06T20:55:15.000Z,"A diferença deve ser porque o depoimento foi em dia útil e os patriotas TRABALHAM!!
Diferente dos que odeiam uma carteira de trabalho.",0,0,1,https://twitter.com/AlencarBraga13/status/1643759930334126082
Rogerio Rocha,@Rogerio6268,https://twitter.com/Rogerio6268/status/1643990989890289667,2023-04-06T14:56:10.000Z,Povo babaca que gosta de passar pano para bandido,1,0,1,https://twitter.com/AlencarBraga13/status/1643759930334126082
Opino mesmo.,@G26734551Gomes,https://twitter.com/G26734551Gomes/status/1644064959251337245,2023-04-06T19:50:06.000Z,"Nosssaaaaaa quanta relevância, só há uma diferença, diferentemente do que aconteça com JB, isso não mudará a forma de pensamento da direita, se é isso que querem mudar, ESQUEÇAM, estão perdendo tempo.",0,0,0,https://twitter.com/AlencarBraga13/status/1643759930334126082
Marcos Martins,@MarcosBoccalon,https://twitter.com/MarcosBoccalon/status/1643875120614633473,2023-04-06T07:15:45.000Z,Você acha que os PTistas nesse vídeo foram sem receber nada?!? 💵,0,0,0,https://twitter.com/AlencarBraga13/status/1643759930334126082
Christiane Avellar PATRIOTA,@ChristianeAvel1,https://twitter.com/ChristianeAvel1/status/1644080524783243269,2023-04-06T20:51:57.000Z,INVEJA DO MITO????,0,0,0,https://twitter.com/AlencarBraga13/status/1643759930334126082
Rangel,@rlcmrangel,https://twitter.com/rlcmrangel/status/1644122048153767938,2023-04-06T23:36:57.000Z,"Será que avisaram ao nobre deputado que bolsonarista é trabalhador e que o perímetro do local estava cercado para evitar aglomeração, assim como o governo do capitoro fez na chegada dele ao aeroporto, se esquerdista fosse Pinóquio não caberiam em um estádio de futebol.",0,0,0,https://twitter.com/AlencarBraga13/status/1643759930334126082
Geovana Souza,@Geovana83243146,https://twitter.com/Geovana83243146/status/1644123814865821697,2023-04-06T23:43:58.000Z,É tá respondendo em 2023,0,0,0,https://twitter.com/AlencarBraga13/status/1643759930334126082
Geovana Souza,@Geovana83243146,https://twitter.com/Geovana83243146/status/1644124210678169603,2023-04-06T23:45:32.000Z,"Isso que ele responde Mas D""us está só observando 🙏🙏🙏",0,0,0,https://twitter.com/AlencarBraga13/status/1643759930334126082
Cleber de Castro,@cleber_castro10,https://twitter.com/cleber_castro10/status/1644044255344619536,2023-04-06T18:27:49.000Z,pagando ate eu vou kkkk,0,0,0,https://twitter.com/AlencarBraga13/status/1643759930334126082
Coruja,@ExpeditoRB,https://twitter.com/ExpeditoRB/status/1644031432686202890,2023-04-06T17:36:52.000Z,"Ir lá pra que ? ser preso por ""Atentado a democracia""?",0,0,0,https://twitter.com/AlencarBraga13/status/1643759930334126082
TJ,@Amazing_Tjay,https://twitter.com/Amazing_Tjay/status/1643933942280769537,2023-04-06T11:09:29.000Z,"Parabens, ta dando mt certo",0,0,0,https://twitter.com/AlencarBraga13/status/1643759930334126082
Mauro Rocha,@mauraorocha,https://twitter.com/mauraorocha/status/1644098579466682370,2023-04-06T22:03:41.000Z,💩,0,0,0,https://twitter.com/AlencarBraga13/status/1643759930334126082
Rodrigo St,@RodrigoSt_Br,https://twitter.com/RodrigoSt_Br/status/1644111841600077826,2023-04-06T22:56:23.000Z,"Sério mesmo isso gênio da lâmpada, dia a seu santo presidente pra realizar uma motociata kkkk",0,0,0,https://twitter.com/AlencarBraga13/status/1643759930334126082
Alex Douglas,@adfshownet,https://twitter.com/adfshownet/status/1644193192495939586,2023-04-07T04:19:39.000Z,"Não é sobre quem tem o melhor projeto para o país, é sobre quem tem mais adoradores. O nome disso é BOLSOPETISMO.",0,0,0,https://twitter.com/AlencarBraga13/status/1643759930334126082
Dona,@FLAVIAMARTINSP6,https://twitter.com/FLAVIAMARTINSP6/status/1644055248305115137,2023-04-06T19:11:30.000Z,Aí aí q recalque,0,0,0,https://twitter.com/AlencarBraga13/status/1643759930334126082
SERGIO VITO,@vitor1970,https://twitter.com/vitor1970/status/1644119230407753729,2023-04-06T23:25:45.000Z,Quem é o gado?????????,0,0,0,https://twitter.com/AlencarBraga13/status/1643759930334126082
Danilo Pessoa,@daniloiguaba,https://twitter.com/daniloiguaba/status/1644128256067620864,2023-04-07T00:01:37.000Z,"Jumentos de vermelho, tá expliado",0,0,0,https://twitter.com/AlencarBraga13/status/1643759930334126082
Rogerio,@rferrazpf,https://twitter.com/rferrazpf/status/1644019038417199112,2023-04-06T16:47:37.000Z,E?,0,0,0,https://twitter.com/AlencarBraga13/status/1643759930334126082
Euni Santos,@eunitokyo,https://twitter.com/eunitokyo/status/1643928924219375616,2023-04-06T10:49:32.000Z,"A extrema direita não engana mais a ninguém. O crime organizado disfarçado de esquerda, sim.",2,0,4,https://twitter.com/AlencarBraga13/status/1643759930334126082
Kleber Luiz,@Kleluiz,https://twitter.com/Kleluiz/status/1643998046597046276,2023-04-06T15:24:12.000Z,Kkkkkkkkkk.   Comparar as pessoas na rua em que no caso do Bozo era proibido o acesso.   Vcs tão brincando neh,0,0,0,https://twitter.com/AlencarBraga13/status/1643759930334126082
ricardo fausto becke,@ricardofaustobe,https://twitter.com/ricardofaustobe/status/1643927785755271170,2023-04-06T10:45:01.000Z,"Pô, essa não dá pra entender. Como se orgulhar de ser tiete de frequentadores das páginas policiais?",0,0,3,https://twitter.com/AlencarBraga13/status/1643759930334126082
Cade a picanha?,@FabianaE12,https://twitter.com/FabianaE12/status/1644037174491246593,2023-04-06T17:59:41.000Z,Faltou o Lula depondo em 2023. Ou ele tem medo de ser vaiado?,0,0,1,https://twitter.com/AlencarBraga13/status/1643759930334126082
BMarB,@9MarB9,https://twitter.com/9MarB9/status/1643778543132737536,2023-04-06T00:51:59.000Z,"Um roubou a rodo e a militância compareceu em peso para apoiar, já os apoiadores do Bolsonaro não estão preocupados com a narrativa petista sobre as joias.",1,1,50,https://twitter.com/AlencarBraga13/status/1643759930334126082
Francesco Palermo,@Frances72529294,https://twitter.com/Frances72529294/status/1644130684074708993,2023-04-07T00:11:16.000Z,A diferença no final... Grande dia!😂,0,0,0,https://twitter.com/AlencarBraga13/status/1643759930334126082
Bruno Berga,@Berga0803,https://twitter.com/Berga0803/status/1644140494836965376,2023-04-07T00:50:15.000Z,Tá certo. Geralmente bandidos se apoiam mesmo.,0,0,1,https://twitter.com/AlencarBraga13/status/1643759930334126082
Marilda Demarchi,@marildademarchi,https://twitter.com/marildademarchi/status/1644079151802904576,2023-04-06T20:46:29.000Z,"A diferença é que o melhor presidente do mundo @jairbolsonaro NÃO ficou preso, enquanto o @🫳  ficou PRESO !",0,0,1,https://twitter.com/AlencarBraga13/status/1643759930334126082
Cissa Rodrigues,@31Cissa,https://twitter.com/31Cissa/status/1644085821027282951,2023-04-06T21:13:00.000Z,"Bolsonaro teve aparato de segurança, TODOS os Presidentes tem.
O vídeo do L4la tem os pão com mortadela e 50 reais 😂😂😂",0,0,1,https://twitter.com/AlencarBraga13/status/1643759930334126082
Roberto Alves,@Roberto36434483,https://twitter.com/Roberto36434483/status/1643975589936898050,2023-04-06T13:54:58.000Z,"A Diferença é que um não tem nenhum Crime.
O outro foi Condenado em 3 Tribunais.",0,1,8,https://twitter.com/AlencarBraga13/status/1643759930334126082
Roberta Vaccari,@RobertaVaccari5,https://twitter.com/RobertaVaccari5/status/1644096201636052993,2023-04-06T21:54:14.000Z,A diferença é q a turma do @jairbolsonaro está trabalhando essa aí é sustentada pelo sistema,0,0,0,https://twitter.com/AlencarBraga13/status/1643759930334126082
Elektra É Jair ou Jair,@ELEKTRA42282505,https://twitter.com/ELEKTRA42282505/status/1644034988034367489,2023-04-06T17:51:00.000Z,Estamos com a mesma tranquilidade que Bolsonaro.,0,0,4,https://twitter.com/AlencarBraga13/status/1643759930334126082
João Batista Toledo Junior,@jtoledojunior,https://twitter.com/jtoledojunior/status/1644080638876680192,2023-04-06T20:52:24.000Z,"Realmente, isto mostra que o pais está doente, onde pessoas se unem para apoir um ladrão, ao inves de uma pessoa honesta, veja na história, onde o povo preferiu barrabas ao inves de Jesus Cristo.",0,0,2,https://twitter.com/AlencarBraga13/status/1643759930334126082
Vinicius Praciano,@ViniciusPracia1,https://twitter.com/ViniciusPracia1/status/1644042497163935744,2023-04-06T18:20:50.000Z,É diferença é brutal mesmo! um foi julgado e condenado em todas as esferas do judiciario. Tenho o vídeo de um juíz do STF afirmando que ele não foi absolvido e sim teve uma manobra para soltar ele.  Preciso falar quem é?,0,0,2,https://twitter.com/AlencarBraga13/status/1643759930334126082
WanderValero,@WanderValero,https://twitter.com/WanderValero/status/1643941004767117312,2023-04-06T11:37:33.000Z,Pagar os companheiros é fácil...,0,0,5,https://twitter.com/AlencarBraga13/status/1643759930334126082
Valeria Bernardo,@ValeriaBnews,https://twitter.com/ValeriaBnews/status/1644122599532658689,2023-04-06T23:39:08.000Z,Será por terem ameaçado de prisão todo apoiador de Bolsonaro e nesse momento termos mais de 1000 INOCENTES presos? Será?,0,0,27,https://twitter.com/AlencarBraga13/status/1643759930334126082
Claudia Dornelas,@claudiadmcarval,https://twitter.com/claudiadmcarval/status/1644159013121056770,2023-04-07T02:03:50.000Z,São idênticos dois criminosos,0,0,0,https://twitter.com/AlencarBraga13/status/1643759930334126082
beto muller,@betomuller1965,https://twitter.com/betomuller1965/status/1644091884959145984,2023-04-06T21:37:05.000Z,Elementar meu caro. Ladrão segue Ladrão.,0,0,0,https://twitter.com/AlencarBraga13/status/1643759930334126082
A.Cla,@Alessan08543532,https://twitter.com/Alessan08543532/status/1644112835977330689,2023-04-06T23:00:20.000Z,"A diferença é de um que estão revirando a vida pra achar algo de ilegal, enquanto o outro e descondenado cheio de crimes comprovado e só está solto e eleito graças a uma manobra do STF, 🫡🇧🇷",0,0,0,https://twitter.com/AlencarBraga13/status/1643759930334126082
Charles Vincent,@Engcarlov,https://twitter.com/Engcarlov/status/1643998731031781377,2023-04-06T15:26:56.000Z,O vídeos provam qual lado é o verdadeiro gado. Acabou a discussão,2,0,3,https://twitter.com/AlencarBraga13/status/1643759930334126082
Mateus Resistência,@Mateusto10,https://twitter.com/Mateusto10/status/1644115524933111812,2023-04-06T23:11:01.000Z,"hahahahah cara tu não tem nem vergonha, a direita não idolatra ninguém, o Bolsonaro ta respondendo na justiça, se ele for errado ninguém vai idolatrar ele não ... só podia ser petista.",1,1,35,https://twitter.com/AlencarBraga13/status/1643759930334126082
Alisson de Andrade,@AlissondeAndr15,https://twitter.com/AlissondeAndr15/status/1651270363798552610,2023-04-26T17:01:48.000Z,Lula na cadeia,0,0,0,https://twitter.com/AlencarBraga13/status/1643759930334126082
luci,@Estrele7Luci,https://twitter.com/Estrele7Luci/status/1643962234735845380,2023-04-06T13:01:54.000Z,"Mas não entendo porque um Presidente tão amado como o Lula, não sai as ruas para sentir o amor do povo🤣",1,2,18,https://twitter.com/AlencarBraga13/status/1643759930334126082
Ana Galdino,@anagaldino02,https://twitter.com/anagaldino02/status/1643926115201818626,2023-04-06T10:38:23.000Z,Esse post é só uma amostra grátis do estado de podridão no qual se encontra o BR. Duas lideranças políticas sendo investigada e uma das quais foi presa. Orgulho p/ quem é do mesmo naipe. Tomara q os gados do ex-presidente já estejam acordando.,1,1,6,https://twitter.com/AlencarBraga13/status/1643759930334126082
Maria Lúcia,@MariaLucia2302,https://twitter.com/MariaLucia2302/status/1644792221982441472,2023-04-08T19:59:59.000Z,"Melhor torcer nas redes sociais, ou ser chamado de terroristas, calado vence.",0,0,0,https://twitter.com/AlencarBraga13/status/1643759930334126082
Meridhia de Paulla,@mericampospaula,https://twitter.com/mericampospaula/status/1644776746657411072,2023-04-08T18:58:29.000Z,"Pessoas  de bem estão orando por ele  
Trabalhando.. não são  uns desocupados",0,0,0,https://twitter.com/AlencarBraga13/status/1643759930334126082
Bastião com unhas e dentes,@BastiaoD,https://twitter.com/BastiaoD/status/1644091417550020615,2023-04-06T21:35:14.000Z,"sindicatos e pelegos de sempre.
Qualquer um vê.",1,0,0,https://twitter.com/AlencarBraga13/status/1643759930334126082
Capitão caverna.,@vahtomah,https://twitter.com/vahtomah/status/1644028999947919378,2023-04-06T17:27:12.000Z,pra ter o carro guinchado? multado?,1,0,1,https://twitter.com/AlencarBraga13/status/1643759930334126082
Marcus Vinicius,@54_MBr,https://twitter.com/54_MBr/status/1644011476321968141,2023-04-06T16:17:34.000Z,Sossega fanfarrão!,0,0,0,https://twitter.com/AlencarBraga13/status/1643759930334126082
Ronaldo Alves,@Ronaldo65664357,https://twitter.com/Ronaldo65664357/status/1644055659145580560,2023-04-06T19:13:08.000Z,O povo ignorante tambem escolheu Barbaras...,0,0,0,https://twitter.com/AlencarBraga13/status/1643759930334126082
Donna Brazilis,@DonnaBrazili,https://twitter.com/DonnaBrazili/status/1644035060604043265,2023-04-06T17:51:17.000Z,Kkkkkkkkk... Vcs são fábrica de fake news... Piada,0,0,0,https://twitter.com/AlencarBraga13/status/1643759930334126082
Andrea Gaúcha e Conservadora,@AndreaCCosenza,https://twitter.com/AndreaCCosenza/status/1644074096848691201,2023-04-06T20:26:24.000Z,Quem não deve não precisa de multidão pra defender. 😘,0,0,0,https://twitter.com/AlencarBraga13/status/1643759930334126082
Henrique Azalim,@AzalimCarlos,https://twitter.com/AzalimCarlos/status/1644003636333383680,2023-04-06T15:46:25.000Z,"Um foi depor, o outro foi preso. Diferença brutal mesmo.",0,0,0,https://twitter.com/AlencarBraga13/status/1643759930334126082
Halucinogen,@OliveiraEnsinas,https://twitter.com/OliveiraEnsinas/status/1644089831755255809,2023-04-06T21:28:56.000Z,Kkkk,0,0,0,https://twitter.com/AlencarBraga13/status/1643759930334126082
Maurilio Fernandes,@MaurilioIP,https://twitter.com/MaurilioIP/status/1644117471509598209,2023-04-06T23:18:46.000Z,"Deveria ser o normal, gente decente não passa pano para erro. Mas deveria informar com verdade, pois, houve esquema para afastar manifestações.
Triste ver um político aplaudindo e acha do bonito idolatria à descondenado.",0,0,0,https://twitter.com/AlencarBraga13/status/1643759930334126082
Welliton Correa,@correa_welliton,https://twitter.com/correa_welliton/status/1644113085177765888,2023-04-06T23:01:20.000Z,Ué se o molusco e chefe de quadrilha né toda a bandidagem fica em cima 😌,0,0,0,https://twitter.com/AlencarBraga13/status/1643759930334126082
Lourival Ferreira Mendonça,@LourivalFm58,https://twitter.com/LourivalFm58/status/1643942148809674754,2023-04-06T11:42:05.000Z,E a mortadela?,0,0,0,https://twitter.com/AlencarBraga13/status/1643759930334126082
Livre,@viver__livre,https://twitter.com/viver__livre/status/1643940098482884608,2023-04-06T11:33:57.000Z,"Notável falta de conhecimento dos adestrados...quem tem que responder na lei, não pode ter fã clube",0,0,0,https://twitter.com/AlencarBraga13/status/1643759930334126082
Adriano M,@maximosep1982,https://twitter.com/maximosep1982/status/1643952132058411010,2023-04-06T12:21:46.000Z,Agora depoimento virou motivo de orgulho. PQP.,0,0,1,https://twitter.com/AlencarBraga13/status/1643759930334126082
Marcelo Garcia,@Marcelo83301528,https://twitter.com/Marcelo83301528/status/1643975423146201088,2023-04-06T13:54:19.000Z,"Isso mostra a diferença entre brasileiros que gostam de ir na porta de cadeia defender quem é o verdadeiro mal do nosso país: o político corrupto, e aqueles que sonham que um dia essas pessoas que lesam a nossa nação paguem pelos seus atos e apodreçam na cadeia.",0,0,0,https://twitter.com/AlencarBraga13/status/1643759930334126082
Fredson Silva,@FredMuriloss,https://twitter.com/FredMuriloss/status/1643986839022485505,2023-04-06T14:39:40.000Z,"O povo trabalha meu filho, esqueceu que o movimento sem terra, a CUT eram bancadas por eles",0,0,0,https://twitter.com/AlencarBraga13/status/1643759930334126082
Rodrigo,@Rodrigo61236252,https://twitter.com/Rodrigo61236252/status/1643999629875314688,2023-04-06T15:30:30.000Z,Todos pagos… mesmo que nada,0,0,0,https://twitter.com/AlencarBraga13/status/1643759930334126082
Henrique,@HGodoi16,https://twitter.com/HGodoi16/status/1644005787524648960,2023-04-06T15:54:58.000Z,Quem tem serviço e quem não tem?,0,0,0,https://twitter.com/AlencarBraga13/status/1643759930334126082
Richard Pereira,@Richard9097072,https://twitter.com/Richard9097072/status/1644016228166430720,2023-04-06T16:36:27.000Z,Comparação idiota!,0,0,0,https://twitter.com/AlencarBraga13/status/1643759930334126082
Marcaoadvsp,@marcaoadvsp,https://twitter.com/marcaoadvsp/status/1644032643527241737,2023-04-06T17:41:41.000Z,Se o Bolsonaro prometesse pão com mortadela e $30 reais estaria lotado de trinta pessoas,0,0,0,https://twitter.com/AlencarBraga13/status/1643759930334126082
Bizoide,@Bizoide1,https://twitter.com/Bizoide1/status/1644036881145798662,2023-04-06T17:58:31.000Z,Brutal mesmo. Bolsonaro e seus eleitores não temem a lei e jamais ele o MITO pediria apoio para uma situação em que ele é inocente. Já Lula se cagando de medo de ser preso usa militantes como escudo.,0,0,0,https://twitter.com/AlencarBraga13/status/1643759930334126082
Rita Silva,@RitaSalesSilva,https://twitter.com/RitaSalesSilva/status/1644044322143105040,2023-04-06T18:28:05.000Z,S economia também é brutal. Ladeira abaixo.,0,0,0,https://twitter.com/AlencarBraga13/status/1643759930334126082
Victor El Takche,@victortakche,https://twitter.com/victortakche/status/1644083827168378880,2023-04-06T21:05:04.000Z,"Com um é certeza de inocência. O outro era certeza que seria preso. Detalhe, pão com mortadela +30 reais",0,0,0,https://twitter.com/AlencarBraga13/status/1643759930334126082
José Vicente Lorinho,@jose_lorinho,https://twitter.com/jose_lorinho/status/1644100018268143617,2023-04-06T22:09:24.000Z,Lula é o maior ladão do Brasil kkkkk,0,0,0,https://twitter.com/AlencarBraga13/status/1643759930334126082
Ana Paula Correia,@anapaulcorreia,https://twitter.com/anapaulcorreia/status/1644054073744736257,2023-04-06T19:06:50.000Z,Realmente é brutal. Em 2017 não se tinha um 08/01  e vários inocentes presos.,0,0,0,https://twitter.com/AlencarBraga13/status/1643759930334126082
LucIlla Roehrig,@LuRoehrig,https://twitter.com/LuRoehrig/status/1644092518596857862,2023-04-06T21:39:36.000Z,Essa é a diferença… talvez quem votou no outro candidato… não defenda ladrão… aguarda a justiça fazer o que deve ser feito,0,0,0,https://twitter.com/AlencarBraga13/status/1643759930334126082
Giovanna Pozza,@giovannapozza11,https://twitter.com/giovannapozza11/status/1644093373534355456,2023-04-06T21:43:00.000Z,Na época que a mortadela era distribuída. Tentem agora com abóboras.,0,0,0,https://twitter.com/AlencarBraga13/status/1643759930334126082
Luiz gerson,@Luizgerson445,https://twitter.com/Luizgerson445/status/1644117145587007488,2023-04-06T23:17:28.000Z,Só confirma o óbvio os criminosos são mais unidos.,0,0,0,https://twitter.com/AlencarBraga13/status/1643759930334126082
Guilherme Guimaraes,@guilhermeasg,https://twitter.com/guilhermeasg/status/1644274754747092992,2023-04-07T09:43:45.000Z,Q merda hem!,0,0,0,https://twitter.com/AlencarBraga13/status/1643759930334126082
@Silbeto2023,@Silbeto2023,https://twitter.com/SilBeto2022/status/1644148745875881987,2023-04-07T01:23:02.000Z,"Agora só falta Lula fazer o teste de popularidade nas ruas, no meio do povo, como Bolsonaro sempre fez. Em breve Bolsonaro voltará a andar pelo Brasil e será abraçado por multidões. Sem bandeiras de sindicatos e partidos falidos.",0,1,2,https://twitter.com/AlencarBraga13/status/1643759930334126082
Dog_Bento,@Dog_Bento,https://twitter.com/Dog_Bento/status/1644106625509097480,2023-04-06T22:35:40.000Z,"Tinha a parcialidade , não, Xandão na área",0,0,0,https://twitter.com/AlencarBraga13/status/1643759930334126082
Andre Vasco,@AndreLCVasco,https://twitter.com/AndreLCVasco/status/1644110298909909004,2023-04-06T22:50:16.000Z,Essa esquerda comunista realmente AMA o Bolsonaro. Não conseguem esquecer o cara. Daqui a pouco estão pedindo a volta dele. 🤣🤣🤣🤣🤣🤣🤣,0,0,0,https://twitter.com/AlencarBraga13/status/1643759930334126082
Janaina Águia,@aguia_janainaa,https://twitter.com/aguia_janainaa/status/1644122532830740482,2023-04-06T23:38:52.000Z,Só se esqueceram de mostrar a chegada do dia 31/03/23 no Aeroporto de Brasília as 6;00 horas da manhã abarrotado de pessoas   Patriotas.Ovacionado o melhor Presidente do Brasil. Se esqueceu também do vídeo de 3 dias atrás na Escola Militar de Brasília as crianças e adolescentes,0,0,0,https://twitter.com/AlencarBraga13/status/1643759930334126082
Paulo Oliveira,@pauloliveir,https://twitter.com/pauloliveir/status/1643927685423398914,2023-04-06T10:44:37.000Z,"A verdade é que quem não deve não  teme e não precisa de massa de manobra, sem cérebro,  para fazer pressão porque precisa justificar-se pelos erros e tentar salvar a pele da cadeia feito esse ser que só é presidente ( e não  me representa) pelos caminhos tortuosos da justiça.",0,0,1,https://twitter.com/AlencarBraga13/status/1643759930334126082
פלאביו,@FlvioPinha1,https://twitter.com/FlvioPinha1/status/1644122076255596547,2023-04-06T23:37:03.000Z,nesse tempo não existia a perseguição ao Bolsonarismo né?? se for protesta contra a arbitrariedade da justiça tá lascado.,0,0,0,https://twitter.com/AlencarBraga13/status/1643759930334126082
פלאביו,@FlvioPinha1,https://twitter.com/FlvioPinha1/status/1644123585512976392,2023-04-06T23:43:03.000Z,"O maior golpe do Lula foi no judiciário, espinha dorsal do pais. isso foi uma grande estrategia do molusco, só assim ele tem um braço forte ao seu lado.",0,0,0,https://twitter.com/AlencarBraga13/status/1643759930334126082
Wisbeck Moveis,@wisbeckmoveis,https://twitter.com/wisbeckmoveis/status/1643994933181796352,2023-04-06T15:11:50.000Z,Jumentos sendo jumentos,0,0,0,https://twitter.com/AlencarBraga13/status/1643759930334126082
Betim Cavani Brazil,@CavaniFilho,https://twitter.com/CavaniFilho/status/1644037614410821632,2023-04-06T18:01:26.000Z,"pra vcs verem o apoio de vcs a um corrupto, se Bolsonaro cometeu crime ele vai pagar, e ninguém vai ficar defendendo bandido como vcs fazem não.",0,0,0,https://twitter.com/AlencarBraga13/status/1643759930334126082
João Pedro,@JooPedr03245673,https://twitter.com/JooPedr03245673/status/1644019162916741120,2023-04-06T16:48:07.000Z,A diferença e o crime . Cometido por cada um né?,0,0,0,https://twitter.com/AlencarBraga13/status/1643759930334126082
Leo,@leo_coimbra_,https://twitter.com/leo_coimbra_/status/1644046130026778624,2023-04-06T18:35:16.000Z,"Por isso que os programas policiais tem uma grande audiência. 
O povo gosta de criminoso. Kkkk",0,0,0,https://twitter.com/AlencarBraga13/status/1643759930334126082
Junior Robles,@Jrkeyboards,https://twitter.com/Jrkeyboards/status/1644067048044089361,2023-04-06T19:58:24.000Z,Bandido apoia bandido... simples...,0,0,0,https://twitter.com/AlencarBraga13/status/1643759930334126082
Samuel,@SamuelC10952026,https://twitter.com/SamuelC10952026/status/1643981090544324609,2023-04-06T14:16:50.000Z,A DIFERENÇA É QUE BOLSONARO NÃO É LADRÃO 👍,0,0,0,https://twitter.com/AlencarBraga13/status/1643759930334126082
Waldemar Chaves,@chaves_waldemar,https://twitter.com/chaves_waldemar/status/1644024694121570322,2023-04-06T17:10:06.000Z,Um era ladrão (Barrabás) e outro não era!,0,0,0,https://twitter.com/AlencarBraga13/status/1643759930334126082
Douglas Passebon Bettero,@dpbettero,https://twitter.com/dpbettero/status/1644080315328000001,2023-04-06T20:51:07.000Z,Então deputado a CPMI pode colocar seu alvo 🤡 na cadeia...assina lá,0,0,0,https://twitter.com/AlencarBraga13/status/1643759930334126082
Wesley libertário,@Liberdadecensur,https://twitter.com/Liberdadecensur/status/1644055821150572549,2023-04-06T19:13:47.000Z,Só que Bolsonaro governava e o Lula só rouba,0,0,0,https://twitter.com/AlencarBraga13/status/1643759930334126082
Familia Alves,@RasRelton,https://twitter.com/RasRelton/status/1643953545530449922,2023-04-06T12:27:23.000Z,"Esquece Bolsonaro Fiote .. quero
Saber oque o governo está fazendo . Até agora só pondo letrinha",0,0,0,https://twitter.com/AlencarBraga13/status/1643759930334126082
Rose,@roseBonetti,https://twitter.com/roseBonetti/status/1644119537699135488,2023-04-06T23:26:58.000Z,"A diferença q o ex presidiário foi preso, e oque indica pela PF, isso não dará indício a crime , e os Patriotas respeitam esses momentos ,somos civilizados, não doentes desequilibrados igual a vcs 😎",0,0,2,https://twitter.com/AlencarBraga13/status/1643759930334126082
Tio Luiz do Churrasco,@LuizOtavioAlme1,https://twitter.com/LuizOtavioAlme1/status/1644055214134001665,2023-04-06T19:11:22.000Z,Hehe... O Nine não consegue nem sair na rua.,0,0,1,https://twitter.com/AlencarBraga13/status/1643759930334126082
ROSANGELA ALVES,@ROSANGE36351206,https://twitter.com/ROSANGE36351206/status/1643958620319539202,2023-04-06T12:47:33.000Z,Trabalhar e bom !,0,0,1,https://twitter.com/AlencarBraga13/status/1643759930334126082
Sheila Lima,@sheilawlima,https://twitter.com/sheilawlima/status/1644117200251305984,2023-04-06T23:17:41.000Z,"A diferença é a sujeira que a Petralhada deixa no chão? 
Sujeira por sujeira, petista é especialista.",0,0,0,https://twitter.com/AlencarBraga13/status/1643759930334126082
Rufinø Tarsis,@TarsisRufin,https://twitter.com/TarsisRufin/status/1644088907900887040,2023-04-06T21:25:15.000Z,Quem gosta de visitar polícia é bandido KKK,0,0,0,https://twitter.com/AlencarBraga13/status/1643759930334126082
CLINT BRAZILWOOD 22 22,@Paulobogea75,https://twitter.com/Paulobogea75/status/1643972469185708033,2023-04-06T13:42:34.000Z,"37 mil seguidores e 300 curtidas .
Estranho",0,0,1,https://twitter.com/AlencarBraga13/status/1643759930334126082
Valdir de faria,@Valdirmgu,https://twitter.com/Valdirmgu/status/1644317344389292033,2023-04-07T12:32:59.000Z,Acredito que os apoiadores de Bolsonaro estavam trabalhando.,0,0,0,https://twitter.com/AlencarBraga13/status/1643759930334126082
Leonilton Ximenes,@ximenes_art,https://twitter.com/ximenes_art/status/1644089766390972418,2023-04-06T21:28:40.000Z,A briga é pra ver quem tem mais gado,0,0,0,https://twitter.com/AlencarBraga13/status/1643759930334126082
Nat Tommazzo,@natanserafin,https://twitter.com/natanserafin/status/1644112564668751872,2023-04-06T22:59:16.000Z,E o kiko?,0,0,0,https://twitter.com/AlencarBraga13/status/1643759930334126082
Oto Wendel,@otowendel1,https://twitter.com/otowendel1/status/1643916235871080450,2023-04-06T09:59:07.000Z,"A diferença é que uns trabalham, outros não",0,0,2,https://twitter.com/AlencarBraga13/status/1643759930334126082
Irene Kiss,@IreneKiss3,https://twitter.com/IreneKiss3/status/1644081197868253184,2023-04-06T20:54:37.000Z,"Onde é que são agressivos ? A foto mostra bem: os de direita educados e ordeiros. Agora, os da esquerda têm ideologia destruidora.",0,0,0,https://twitter.com/AlencarBraga13/status/1643759930334126082
Douglas Pugliese,@DouglasPugli,https://twitter.com/DouglasPugli/status/1644101610904211458,2023-04-06T22:15:44.000Z,Imagine quanto o PT não gastou 🤣🤣🤣🤣🤣,0,0,0,https://twitter.com/AlencarBraga13/status/1643759930334126082
Prof Paulo Masson,@paulo_r_masson,https://twitter.com/paulo_r_masson/status/1643961925552730113,2023-04-06T13:00:41.000Z,"Como o vídeo mostra, gente decente não defende ladrão...
aliás, os petistas não trabalham, não?",0,0,5,https://twitter.com/AlencarBraga13/status/1643759930334126082
Igor Barbosa Ferreira (Ribeirinho do Amazonas),@IGOR_AM1972,https://twitter.com/IGOR_AM1972/status/1644023122469830656,2023-04-06T17:03:51.000Z,"Mas, ele foi condenado! 
E preso! 
Kkkkkkkk",0,0,2,https://twitter.com/AlencarBraga13/status/1643759930334126082
Fabiana Mapurunga,@FabiMapurunga,https://twitter.com/FabiMapurunga/status/1644090608192200705,2023-04-06T21:32:01.000Z,"Sério mesmo deputado que estás postando esse desserviço?! 
Faz parecer que não tem trabalho na Câmara para ficar expondo “antes e depois”. Tão 5ª série…🙄🙄🙄",0,0,0,https://twitter.com/AlencarBraga13/status/1643759930334126082
Bastião com unhas e dentes,@BastiaoD,https://twitter.com/BastiaoD/status/1644092291789758466,2023-04-06T21:38:42.000Z,por que será neh?,0,0,0,https://twitter.com/AlencarBraga13/status/1643759930334126082
Elaine Lale,@elaine_lale,https://twitter.com/elaine_lale/status/1644154153172623361,2023-04-07T01:44:31.000Z,Afeeeee,0,0,0,https://twitter.com/AlencarBraga13/status/1643759930334126082
Marcia Veronese,@marciareb,https://twitter.com/marciareb/status/1644199628072427522,2023-04-07T04:45:13.000Z,"Genteeee!! Bolsonazista já era , já foi , escafedeu🤮🤮🤮🤮❤️",0,0,0,https://twitter.com/AlencarBraga13/status/1643759930334126082
Roberto C. Brenol,@RBrenol,https://twitter.com/RBrenol/status/1644163024377266177,2023-04-07T02:19:46.000Z,"Difícil se aglomerar em horário de trabalho. 
Caso não tenha entendido, posso explicar o que é trabalhar…",0,0,0,https://twitter.com/AlencarBraga13/status/1643759930334126082
LegumeInvestor,@InvestorLegume,https://twitter.com/InvestorLegume/status/1644055556422881294,2023-04-06T19:12:44.000Z,Diferença brutal mesmo. Um comandou o maior esquema de corrupção da história. O outro só falava palavrão mesmo.,0,0,0,https://twitter.com/AlencarBraga13/status/1643759930334126082
Márcia,@Marciabraga114,https://twitter.com/Marciabraga114/status/1644029368677572627,2023-04-06T17:28:40.000Z,"Esse é seu sonho , pena que a realidade é tão diferente,",0,0,0,https://twitter.com/AlencarBraga13/status/1643759930334126082
Maneva1000,@KidNacional22,https://twitter.com/KidNacional22/status/1644025883676516359,2023-04-06T17:14:49.000Z,A quadrilha é numerosa...,0,0,0,https://twitter.com/AlencarBraga13/status/1643759930334126082
Aline Muniz,@AlineKMuniz,https://twitter.com/AlineKMuniz/status/1643928798671392772,2023-04-06T10:49:02.000Z,Ama o Bolsonaro 😂,0,0,0,https://twitter.com/AlencarBraga13/status/1643759930334126082
denilson stankevicz,@DStankevicz,https://twitter.com/DStankevicz/status/1643940865746804737,2023-04-06T11:36:59.000Z,"Sim .todo mundo sabia que Bolsonaro nunca iria preso , por não ser bandido corrupto,já o outro !!",0,0,0,https://twitter.com/AlencarBraga13/status/1643759930334126082
Jeanine Cordeiro,@jeaninecor1,https://twitter.com/jeaninecor1/status/1644061274274254849,2023-04-06T19:35:27.000Z,"Ninguém foi porque o povo sabe que ele é inocente, não precisa  pagar apoiadores como o PT costuma fazer. E o depoimento dele foi em local secreto, justamente para inibir qualquer manifestação.",0,0,0,https://twitter.com/AlencarBraga13/status/1643759930334126082
Marco Antonio,@Marcomaquinista,https://twitter.com/Marcomaquinista/status/1643804186612563968,2023-04-06T02:33:53.000Z,"A diferença é brutal mesmo, os petistas passaram quinhentos e tantos dias gritando merda livre 🤣🤣🤣🤣🤣🤣🤣🤣🤣🤣",0,0,0,https://twitter.com/AlencarBraga13/status/1643759930334126082
Luiz do Brasil,@antonioLuizTom2,https://twitter.com/antonioLuizTom2/status/1644056882405953538,2023-04-06T19:18:00.000Z,É muito idiotia,0,0,0,https://twitter.com/AlencarBraga13/status/1643759930334126082
Rodrigo Oliveira,@RodrigoDundum,https://twitter.com/RodrigoDundum/status/1643918849065070594,2023-04-06T10:09:30.000Z,"Sério isso Dep Alencar, precisa mesmo explicar ? Acho que para vc talvez seja melhor desenhar",0,0,0,https://twitter.com/AlencarBraga13/status/1643759930334126082
RogerioLimaSensei,@LimaSensei,https://twitter.com/LimaSensei/status/1644035917630390273,2023-04-06T17:54:42.000Z,"É brutal, pois não houve policiamento e bloqueio de vias na época do Lula! Kkkkk",0,0,0,https://twitter.com/AlencarBraga13/status/1643759930334126082
Cristão,@fratucello3,https://twitter.com/fratucello3/status/1643998948820959234,2023-04-06T15:27:48.000Z,"Pão, mortadela e falsas promessas, sei 🤦🏼",0,0,7,https://twitter.com/AlencarBraga13/status/1643759930334126082
José Maurillo Rosa,@josemaurillo,https://twitter.com/josemaurillo/status/1644119376168140806,2023-04-06T23:26:20.000Z,"Exatamente! Ninguém acredita em crime de JB! Por isso ninguém foi aplaudir, apoiar etc.. ah! Tava todo mundo trabalhando tbm! Quem apoia JB! Já Lula? Bem, ele teve apoio dos coitados, dos burroooos, e dos petistas, que tbm faziam parte de todo aquele esquema..",0,0,4,https://twitter.com/AlencarBraga13/status/1643759930334126082
Dennis Medeiros,@Dennis_Medeiros,https://twitter.com/Dennis_Medeiros/status/1643819201386225665,2023-04-06T03:33:32.000Z,Pqp o cara comemorando torcida para depor 🤦‍♂️Por isso o Brasil está como está.,0,0,6,https://twitter.com/AlencarBraga13/status/1643759930334126082
M I S S Y,@youphobica,https://twitter.com/youphobica/status/1643972426194366466,2023-04-06T13:42:24.000Z,"Vocês bloquearam a passagem para os apoiadores do Bolsonaro não irem, assim como fizeram no aeroporto.",0,0,24,https://twitter.com/AlencarBraga13/status/1643759930334126082
_badcowgirl,@_jujubsju,https://twitter.com/_jujubsju/status/1643997372131704832,2023-04-06T15:21:32.000Z,"Os eleitores do Bolsonaro tem mais o que fazer. Tipo, trabalhar",1,0,2,https://twitter.com/AlencarBraga13/status/1643759930334126082
Araujo,@AraujoImparcial,https://twitter.com/AraujoImparcial/status/1643853675507400704,2023-04-06T05:50:32.000Z,"Vi sim, bando de ganhador de sanduíche esperando o lanche",0,0,10,https://twitter.com/AlencarBraga13/status/1643759930334126082
Miriam Chiavegato,@MimiChiavegato,https://twitter.com/MimiChiavegato/status/1644013086913732618,2023-04-06T16:23:58.000Z,"CPMI #Senadores e #Deputados.  O povo pede, CPMI do dia 08 de Janeiro de 2023.            #cpmi08dejaneiro2023 🇧🇷🇧🇷🇧🇷🇧🇷🇧🇷🇧🇷",0,5,15,https://twitter.com/AlencarBraga13/status/1643759930334126082
BLACK HAWK - MINEIRO DE DIREITA,@ron_bri75,https://twitter.com/ron_bri75/status/1643996376542609408,2023-04-06T15:17:34.000Z,"Mano.  Seu cérebro é carcomido.
Cara, você já é um zumbi lulista. Pede pra cagar e vaza! 

Militante de gravata, imbecil.",0,0,0,https://twitter.com/AlencarBraga13/status/1643759930334126082
Leo Accioly,@eu_leoaccioly,https://twitter.com/eu_leoaccioly/status/1644042589568397324,2023-04-06T18:21:12.000Z,o que tem de bom em  ter um gado imundo mugindo enquanto um corno depõe? Lula é tão ou mais bandido que Bolsonaro,0,0,1,https://twitter.com/AlencarBraga13/status/1643759930334126082
Leo Accioly,@eu_leoaccioly,https://twitter.com/eu_leoaccioly/status/1644042589723848705,2023-04-06T18:21:12.000Z,o que tem de bom em  ter um gado imundo mugindo enquanto um corno depõe? Lula é tão ou mais bandido que Bolsonaro,0,0,1,https://twitter.com/AlencarBraga13/status/1643759930334126082
Como era o nome daquele político?,@EraDaquele,https://twitter.com/EraDaquele/status/1643963430250921984,2023-04-06T13:06:39.000Z,"A diferença é que Bolsonaro não é um descondenado. Aliás, cognição para vocês da esquerda é algo inimaginável. Cultuam ladrões e acreditam que isto é o melhor para sociedade. Tolinho!",0,0,0,https://twitter.com/AlencarBraga13/status/1643759930334126082
RICARDO MARIANO,@MARIANOJose3394,https://twitter.com/MARIANOJose3394/status/1644108488329527296,2023-04-06T22:43:04.000Z,Depor é diferente de ser preso.....o seu cumpinxa foi preso......,0,0,0,https://twitter.com/AlencarBraga13/status/1643759930334126082
Márcio Salgues,@Winston81600095,https://twitter.com/Winston81600095/status/1644033801792679954,2023-04-06T17:46:17.000Z,"A diferença é brutal.

Os apoiadores do Presidente Bolsonaro trabalham.

Os apoiadores do Descondenado são vagabundos pagos pra fazer baderna.",0,1,1,https://twitter.com/AlencarBraga13/status/1643759930334126082
Maik Greggio,@GreggioMaik,https://twitter.com/GreggioMaik/status/1644045229459382272,2023-04-06T18:31:42.000Z,Os facista genocida estes que invade terras. Que hoje são todo produtivas. Logo a farra acabará. O lula ladrão vai tomar o impeachment,0,0,0,https://twitter.com/AlencarBraga13/status/1643759930334126082
Claudirfq,@ClaudirQuintan1,https://twitter.com/ClaudirQuintan1/status/1644094522102611968,2023-04-06T21:47:34.000Z,Vc acha lindo isso? Vai trabalhar vagabundo! Vc é pago para isso! É justamente o contrário! Ali não tem pagamento de ônibus e pão com mortadela para militantes irem fazer bagunça nas ruas não!,0,0,0,https://twitter.com/AlencarBraga13/status/1643759930334126082
DAL,@daljesus1969,https://twitter.com/daljesus1969/status/1644066391241244673,2023-04-06T19:55:47.000Z,Mais Lula é Bandido kkkkkkkk e os cúmplices estavam lá,0,0,0,https://twitter.com/AlencarBraga13/status/1643759930334126082
