nome,usuario,idTweet,dataPublicacao,texto,replies,retweets,likes,tweetPai
BethK,@BethK32279062,https://twitter.com/BethK32279062/status/1643430114217148416,2023-04-05T01:47:27.000Z,BOLSONARO PRESO JÁ,0,0,0,https://twitter.com/AlencarBraga13/status/1643321105749245952
Girafales,@Girafales15,https://twitter.com/Girafales15/status/1643416314021654530,2023-04-05T00:52:37.000Z,"Boldonaro vem cumprindo leis injustas desde que lula saiu da cadeia , injustamente.",0,0,0,https://twitter.com/AlencarBraga13/status/1643321105749245952
Carolina Vitoria,@Chefcarolinavi1,https://twitter.com/Chefcarolinavi1/status/1643646863629746176,2023-04-05T16:08:44.000Z,Cê gosta neh?,0,2,10,https://twitter.com/AlencarBraga13/status/1643321105749245952
Denis Robson 100% Brasil,@brasilacimadtu,https://twitter.com/brasilacimadtu/status/1643417035609710592,2023-04-05T00:55:29.000Z,Pago para ver alguém com peito para por as mãos nele kkk,0,0,0,https://twitter.com/AlencarBraga13/status/1643321105749245952
Fabio Ivan Adestrador de cães e montanhista,@Fabiophoto55,https://twitter.com/Fabiophoto55/status/1643327449470496769,2023-04-04T18:59:30.000Z,Vc é um que não dorme,0,0,0,https://twitter.com/AlencarBraga13/status/1643321105749245952
Valdomiro Albini Burigo,@AlbiniBurigo,https://twitter.com/AlbiniBurigo/status/1643324007985324032,2023-04-04T18:45:49.000Z,Cruzes; vergonheira. |,0,0,0,https://twitter.com/AlencarBraga13/status/1643321105749245952
alisson leal,@alisson5088,https://twitter.com/alisson5088/status/1643367534043832321,2023-04-04T21:38:47.000Z,"Roubos, levou mas, devolveu? E a comissão pela “venda” a preço de banana das refinarias para os árabes será q foi somente relógio e pulseiras? Merece um pouco mais de aprofundamento essa investigação. Vai vendo… o buraco é mais embaixo…",0,0,0,https://twitter.com/AlencarBraga13/status/1643321105749245952
Vagner Skarupskas,@SkarupskaVagner,https://twitter.com/SkarupskaVagner/status/1643447636119232512,2023-04-05T02:57:04.000Z,Calma que o jogo vira....,0,0,0,https://twitter.com/AlencarBraga13/status/1643321105749245952
Sergio Camargo,@C68585515Sergio,https://twitter.com/C68585515Sergio/status/1643335578379853828,2023-04-04T19:31:48.000Z,K GÃO,0,0,0,https://twitter.com/AlencarBraga13/status/1643321105749245952
Marisa victorio da silva,@victorio_marisa,https://twitter.com/victorio_marisa/status/1643350015560105986,2023-04-04T20:29:10.000Z,"#BolsonaronaCadeia👮🏻‍♂️🚓✔️Tem gente que nem consegue dormir de noite com medo de ser preso, ainda mais depois do Trump abrir a porteira dos corruptos de extrema-direita na cadeia!",0,0,0,https://twitter.com/AlencarBraga13/status/1643321105749245952
Mery Beto Merybeto,@MeryBeto72967,https://twitter.com/MeryBeto72967/status/1643563405662380032,2023-04-05T10:37:06.000Z,😂 😂 😂,0,0,0,https://twitter.com/AlencarBraga13/status/1643321105749245952
Elizete Pinheiro.,@ElizettePinhero,https://twitter.com/ElizettePinhero/status/1643575815689437185,2023-04-05T11:26:25.000Z,ÇEI...,0,0,0,https://twitter.com/AlencarBraga13/status/1643321105749245952
Renato Borba,@dezborba,https://twitter.com/dezborba/status/1643636908965212162,2023-04-05T15:29:11.000Z,Aqui é o capitão oh petralha seu chefe que é presidiário esqueceu ? Tá maluco ? Kkkkkkkkk,0,0,0,https://twitter.com/AlencarBraga13/status/1643321105749245952
João Carlos Garcia,@JooCarl90014366,https://twitter.com/JooCarl90014366/status/1643604403847307266,2023-04-05T13:20:01.000Z,"Se vc e homem, vai pessoalmente e prende ele...
18 de abril, o dia que Lula e Dino sofrerão a maior pancada!!#LulaNaCadeia",0,0,0,https://twitter.com/AlencarBraga13/status/1643321105749245952
Flávio Pena,@7rockswebradio,https://twitter.com/7rockswebradio/status/1643434934122471424,2023-04-05T02:06:36.000Z,"🤣🤣🤣🤣🤣🤣Isso sim é um desperdício de mandato, viver babando o ovo do desgoverno cotando mentiras inventado narrativas e o pior fazendo o eleitor de otário pois pelo visto o senhor não trabalha, fica só puxando o saco do Clone reptiliano.",0,0,0,https://twitter.com/AlencarBraga13/status/1643321105749245952
vynycyus,@MdiasVinicius,https://twitter.com/MdiasVinicius/status/1643416454216265732,2023-04-05T00:53:10.000Z,A porteira da esquerda o 9 dedos já abriu😅😅😅,0,0,0,https://twitter.com/AlencarBraga13/status/1643321105749245952
Jcm Medina,@JcmMedina1,https://twitter.com/JcmMedina1/status/1643605165893644292,2023-04-05T13:23:02.000Z,"Petista insiste em medir o Bolsonaro e o  Trump com a régua do Lula . Se os corruptos da extrema esquerda foram presos , querem porque querem que o Trump e o Bolsonaro sejam presos também , mesmo não cometendo crime nenhum !",0,0,0,https://twitter.com/AlencarBraga13/status/1643321105749245952
Lauriano,@Lauriano0604,https://twitter.com/Lauriano0604/status/1643321994736279553,2023-04-04T18:37:49.000Z,De cadeia vocês entendem bem né?,0,0,0,https://twitter.com/AlencarBraga13/status/1643321105749245952
Jamile Nora,@jamile_nora,https://twitter.com/jamile_nora/status/1643366000065216514,2023-04-04T21:32:41.000Z,"A sua batata tá assando,Bolsonaro!!!",0,0,0,https://twitter.com/AlencarBraga13/status/1643321105749245952
marcos natal,@marcosnatal13,https://twitter.com/marcosnatal13/status/1643600974068449281,2023-04-05T13:06:23.000Z,Qual o prazer de ser está ao lado do maior corrupto do planeta deputado represente seis votos pelo povo não pra esse ex presidiário bandido,0,0,0,https://twitter.com/AlencarBraga13/status/1643321105749245952
Nina,@vonsuckow,https://twitter.com/vonsuckow/status/1643321502748508160,2023-04-04T18:35:52.000Z,Esse aluguel deve ser o #LulaLadrão,0,0,1,https://twitter.com/AlencarBraga13/status/1643321105749245952
zilda #foralula,@zildasiqueiram2,https://twitter.com/zildasiqueiram2/status/1643557351620837378,2023-04-05T10:13:03.000Z,"Vocês estão na torcida porque morrem de medo de Bolsonaro. Um desgoverno sem projeto,  sem noção,  sem rumo só pode torcer contra seu único adversário.",0,0,0,https://twitter.com/AlencarBraga13/status/1643321105749245952
Ana Peti,@KelenPetersen,https://twitter.com/KelenPetersen/status/1643429394566860800,2023-04-05T01:44:35.000Z,Falando nisso....onde ele tá? Do Bolsonaro o Brasil sabe.,0,0,0,https://twitter.com/AlencarBraga13/status/1643321105749245952
Reinaldo,@Reinald24018660,https://twitter.com/Reinald24018660/status/1643605155324067842,2023-04-05T13:23:00.000Z,"Esse negócio de desvios e roubos o pessoal do PT é doutor.
Entende muito.....",0,0,0,https://twitter.com/AlencarBraga13/status/1643321105749245952
Bizantina Scatamacchia Pinto,@BonatoMarceleza,https://twitter.com/BonatoMarceleza/status/1643367049685499905,2023-04-04T21:36:51.000Z,"Vcs estão se borrando de medo dele.. 
Deixa ele pegar uma motoca que seu ladrão chefe vai ter ""outro problema de saúde""..

Essa desculpa já está manjada.. toda a vez que a coisa vai apertar para ele e sai com essa desculpinha de garganta...",0,0,0,https://twitter.com/AlencarBraga13/status/1643321105749245952
PFernando,@Fernand66938602,https://twitter.com/Fernand66938602/status/1643373286389104640,2023-04-04T22:01:38.000Z,Enquanto isso vcs vão scarnecem do povo,0,0,1,https://twitter.com/AlencarBraga13/status/1643321105749245952
Digital-TI,@Oseas_ti,https://twitter.com/Oseas_ti/status/1643376119859621891,2023-04-04T22:12:54.000Z,"Seu chefe, aquele vaga-bun-do entende bastante de cadeia ne?
E vc deputado, incompetente e lacrador, sai da internet e vai trabalhar.",0,0,1,https://twitter.com/AlencarBraga13/status/1643321105749245952
Márcia Valle,@marcia_valle11,https://twitter.com/marcia_valle11/status/1643322158137876487,2023-04-04T18:38:28.000Z,#bolsonaronacadeia,0,0,0,https://twitter.com/AlencarBraga13/status/1643321105749245952
Luiz Fernando Taddei,@taddei_piratini,https://twitter.com/taddei_piratini/status/1643426428422160384,2023-04-05T01:32:48.000Z,"Hahahahaha, se deu mal na tua fake news, aliás, característica da esquerdalha. Só pra te deixar nervosinho.",0,0,0,https://twitter.com/AlencarBraga13/status/1643321105749245952
DANIEL DOMINGUES,@DANIELD20172338,https://twitter.com/DANIELD20172338/status/1643567387776634883,2023-04-05T10:52:55.000Z,"MINISTÉRIO de DIREITOS Humanos 
até agora não fez nada pelos DIREITOS HUMANOS da população carcerária nas ""masmorras do judiciário"" BRASILEIRO!!!",0,0,0,https://twitter.com/AlencarBraga13/status/1643321105749245952
