nome,usuario,idTweet,dataPublicacao,texto,replies,retweets,likes,tweetPai
Marina,@Marina92011959,https://twitter.com/Marina92011959/status/1644426556318576642,2023-04-07T19:46:57.000Z,Eis a criatura que faz campanha para o presidente q tem mais apoiadores quando vai depor na polícia federal,0,0,0,https://twitter.com/AlencarBraga13/status/1643954207412699137
Jacob Junior Casagrande,@CasagrandeJacob,https://twitter.com/CasagrandeJacob/status/1644002434379923456,2023-04-06T15:41:39.000Z,"E a taxa de homicídios despenca a níveis históricos 
As narrativas não superam os números 
Pare de mentir 🤥😉",0,0,0,https://twitter.com/AlencarBraga13/status/1643954207412699137
Alexandre Siqueira,@ssicca1,https://twitter.com/ssicca1/status/1644285874547326979,2023-04-07T10:27:56.000Z,#cumplice,0,0,0,https://twitter.com/AlencarBraga13/status/1643954207412699137
Maria Luiza #13,@MariaLu63164201,https://twitter.com/MariaLu63164201/status/1643966684854714368,2023-04-06T13:19:35.000Z,Quem mandou matar capitão Adriano?,0,0,0,https://twitter.com/AlencarBraga13/status/1643954207412699137
Marisa victorio da silva,@victorio_marisa,https://twitter.com/victorio_marisa/status/1643956948033732609,2023-04-06T12:40:54.000Z,"Que defendeu a legalização de grupos de extermínio.Não foi por acaso.✔️O Brasil elegeu em 2018 um presidente que falou que sua especialidade era matar. Que é amigo de assassinos como o miliciano Capitão Adriano, que ele visitou na cadeia. 
Que tem como ídolo um notório +",0,0,0,https://twitter.com/AlencarBraga13/status/1643954207412699137
Marisa victorio da silva,@victorio_marisa,https://twitter.com/victorio_marisa/status/1643957296140017665,2023-04-06T12:42:17.000Z,🙃,0,0,0,https://twitter.com/AlencarBraga13/status/1643954207412699137
Nilcea De Moura Jardim,@jardim_nilcea,https://twitter.com/jardim_nilcea/status/1644007371751014400,2023-04-06T16:01:16.000Z,Mas quem foi comemorado por ter ganho a eleição nos presídios em todo o Brasil foi o luladrão. E nos presídios estão quem? BANDIDOS.,0,0,0,https://twitter.com/AlencarBraga13/status/1643954207412699137
Isaias Lopes,@IsaiasLopes_ofi,https://twitter.com/IsaiasLopes_ofi/status/1644004076701597696,2023-04-06T15:48:10.000Z,Um crápula!,0,0,1,https://twitter.com/AlencarBraga13/status/1643954207412699137
Marisa victorio da silva,@victorio_marisa,https://twitter.com/victorio_marisa/status/1643957123385028608,2023-04-06T12:41:36.000Z,"torturador. 
Que defendeu a legalização de grupos de extermínio. Não foi por acaso.",0,0,0,https://twitter.com/AlencarBraga13/status/1643954207412699137
Supernaro,@supernaro10,https://twitter.com/supernaro10/status/1644136280010412032,2023-04-07T00:33:30.000Z,"O Brasil elegeu um presidente que defende toda sorte de marginais!
Seria defesa da classe?
Ahh tem essa daqui também!",1,0,0,https://twitter.com/AlencarBraga13/status/1643954207412699137
Rickson Leandro,@ricksondorense,https://twitter.com/ricksondorense/status/1644030107735199745,2023-04-06T17:31:36.000Z,Cria assunto deputado e vai trabalhar,0,0,0,https://twitter.com/AlencarBraga13/status/1643954207412699137
Fernanda Cavalcanti,@fer_cavalcanti1,https://twitter.com/fer_cavalcanti1/status/1644002047656615937,2023-04-06T15:40:06.000Z,"Por que o ex-deputado federal que elogiou um torturador e enalteceu a Ditadura Militar na Câmara do Deputados em 2016, não foi punido diante do ocorrido?
Porque mesmo sabendo que ele elogiava torturador, nada fizeram para impedir que ele se candidatasse á Presidente da República?",0,0,0,https://twitter.com/AlencarBraga13/status/1643954207412699137
