nome,usuario,idTweet,dataPublicacao,texto,replies,retweets,likes,tweetPai
Mickelly Cherie,@MickellyCherie,https://twitter.com/MickellyCherie/status/1643399197251588097,2023-04-04T23:44:36.000Z,BOLSONARO INELEGÍVEL,0,0,0,https://twitter.com/AlencarBraga13/status/1643278314373632003
Marisa victorio da silva,@victorio_marisa,https://twitter.com/victorio_marisa/status/1643304600940732419,2023-04-04T17:28:42.000Z,"😎😎 não dá um! ✔️A PRF aparelhada pelo miliciano fujão gastou R$1,3 milhão com operações de bloqueios nas estradas para impedir o voto em cidades do Nordeste.

O Trump vai ser preso hoje, mas tem gente no Brasil já imaginando como será ver o sol nascer quadrado +",0,0,0,https://twitter.com/AlencarBraga13/status/1643278314373632003
Marisa victorio da silva,@victorio_marisa,https://twitter.com/victorio_marisa/status/1643304771254640657,2023-04-04T17:29:23.000Z,durante um bom tempo.,0,0,0,https://twitter.com/AlencarBraga13/status/1643278314373632003
Érica_sonaro ☭⃠,@rica00627419,https://twitter.com/rica00627419/status/1643434294176632836,2023-04-05T02:04:03.000Z,"É tanto ladrão horrorizado, será que pensa que tem algum poder? Bobão a corda arrebenta do lado dos chupa ov@",0,0,0,https://twitter.com/AlencarBraga13/status/1643278314373632003
Luiz,@LuizButzke6,https://twitter.com/LuizButzke6/status/1643351060847763456,2023-04-04T20:33:19.000Z,TRUMP foim preso seu bosta.? Pare de falar merda e vá trabalhar PTista corrupto.,0,0,0,https://twitter.com/AlencarBraga13/status/1643278314373632003
Sônia Santos,@SniaSan20406830,https://twitter.com/SniaSan20406830/status/1643432746407034881,2023-04-05T01:57:54.000Z,"Jura mesmo 
Nossa , mais os que desviaram dinheiro por 16 anos são.o que para vc",0,0,0,https://twitter.com/AlencarBraga13/status/1643278314373632003
GFraga,@oligiovani,https://twitter.com/oligiovani/status/1643370168280662022,2023-04-04T21:49:15.000Z,😂😂😂,0,0,0,https://twitter.com/AlencarBraga13/status/1643278314373632003
Aquilez Nilson,@AquilezN,https://twitter.com/AquilezN/status/1643352618868129793,2023-04-04T20:39:31.000Z,O Fundo Constitucional do DF está sendo desviado criminosamente. É  verba FEDERAL. Investigue para que retornem ao CAIXA DA UNIÃO OS BILHOES DESVIADOS,0,0,0,https://twitter.com/AlencarBraga13/status/1643278314373632003
