nome,usuario,idTweet,dataPublicacao,texto,replies,retweets,likes,tweetPai
Acácio Favacho,@AcacioFavacho,https://twitter.com/AcacioFavacho/status/1643660419125444609,2023-04-05T17:02:36.000Z,Minha solidariedade e pensamentos estão com as famílias das vítimas e com todo o povo catarinense. Que Deus possa confortar o coração de todos.,3,1,1,https://twitter.com/AcacioFavacho/status/1643660384589496320
Marli Sanches,@marlisanches7,https://twitter.com/marlisanches7/status/1643661600526856192,2023-04-05T17:07:17.000Z,"Meu Deus tenha misericórdia, muito triste!",0,0,0,https://twitter.com/AcacioFavacho/status/1643660384589496320
Achavesimóveis491J,@Achavesimveis49,https://twitter.com/Achavesimveis49/status/1653364883855900674,2023-05-02T11:44:41.000Z,NOBRE DEPUTADO. HONRE OS MILHARES DE VOTOS DO POVO QUE CONFIOU A VOCE UM MANDATO DE 4 ANOS. VOTE NÃO A PL 2630/2020. NÃO DEIXE QUE TIREM NOSSA LIBERADADE DE EXPRESSÃO. #CENSURANÃO,0,0,0,https://twitter.com/AcacioFavacho/status/1643660384589496320
Evandro Nascimento Bezerra,@Evandro92320613,https://twitter.com/Evandro92320613/status/1650811273527939072,2023-04-25T10:37:32.000Z,PL 2630 NÃO. Sabemos do seu compromisso com a liberdade de expressão. Agrademos a colaboração e iremos divulgar o seu voto aos quatro cantos do Brasil. Obrigado nobre Deputado.,0,0,0,https://twitter.com/AcacioFavacho/status/1643660384589496320
Susana Santos,@lorenjohnson09,https://twitter.com/lorenjohnson09/status/1653199806066556931,2023-05-02T00:48:43.000Z,"DEPUTADO POR FAVOR MUDE SEU VOTO, HONRE AS PESSOAS O ELEGEU, NAO VAI CONTRAS SEUS ELEITORES, AJUDE O NOSSO PAÍS,  NÃO A PL DA CENSURA, ESTÃO TENTANDO CALAR O POVO BRASILEIRO, NAO FAÇA PARTE DISSO.",0,0,0,https://twitter.com/AcacioFavacho/status/1643660384589496320
Menino do MEP (selo azul),@bob73115463,https://twitter.com/bob73115463/status/1653800877457588224,2023-05-03T16:37:09.000Z,"O DECLINIO DA LIBERDADE DE UM PAÍS É O DECLÍNIO DE SUA PRÓPRIA PROSPERIDADE. 
DIGA NÃO A #PL2630NAO #PL2630NAO #PL2630NAO",0,0,0,https://twitter.com/AcacioFavacho/status/1643660384589496320
