nome,usuario,idTweet,dataPublicacao,texto,replies,retweets,likes,tweetPai
Marisa victorio da silva,@victorio_marisa,https://twitter.com/victorio_marisa/status/1644377569867833347,2023-04-07T16:32:18.000Z,"#diamundialdasaúde ⭐✊Viva a saúde pública - universal e gratuita. Viva o SUS! ✔️Hoje é o Dia Mundial da Saúde. Como disse o presidente @LulaOficial, que a saúde seja um direito de todos e não mercadoria de alto custo.",0,0,0,https://twitter.com/AlencarBraga13/status/1644359841547206658
Preciso de Ajuda,@ajuda54865,https://twitter.com/ajuda54865/status/1644365073190625282,2023-04-07T15:42:38.000Z,"Deputado tenho sofrido ameaças de morte e tive minha conta do google trancada, fui ameacado de ter videos intimos expostos. Qualquer contato de #jornalistas #ngo #ong @ongs seria satisfatorio.",0,0,0,https://twitter.com/AlencarBraga13/status/1644359841547206658
Nilcea De Moura Jardim,@jardim_nilcea,https://twitter.com/jardim_nilcea/status/1644421684118814721,2023-04-07T19:27:36.000Z,Se o SUS é tão bom como diz o luladrão porque que quando ele precisa de atendimento médico ele vai pro Sírio Libânez em São Paulo e não pra uma unidade de saúde básica?,0,0,0,https://twitter.com/AlencarBraga13/status/1644359841547206658
Janaína Santos,@JanaSantosjaism,https://twitter.com/JanaSantosjaism/status/1644386509082984458,2023-04-07T17:07:49.000Z,Este é o governo do presidente @lulaoficial que dialoga e faz o melhor para o país ❤️ #LulaGovernoDaVida #LulaPresidente #LulaGovernoDeInclusao #LulaReconstruindoOBrasil #LulaSempreFoiInocente#FelizPascoaComLula,0,0,0,https://twitter.com/AlencarBraga13/status/1644359841547206658
