nome,usuario,idTweet,dataPublicacao,texto,replies,retweets,likes,tweetPai
Benjamimhad,@benjamimamim,https://twitter.com/benjamimamim/status/1644816541022580741,2023-04-08T21:36:37.000Z,Kkkkkk trabalho ?  Cinismo !,0,0,0,https://twitter.com/AlencarBraga13/status/1644804998579081220
Canêdo Canêdo,@CanedoCando,https://twitter.com/CanedoCando/status/1644808082206121984,2023-04-08T21:03:00.000Z,Parasitas,0,0,1,https://twitter.com/AlencarBraga13/status/1644804998579081220
CARLOS OLIVEIRA,@CARLOSO88537913,https://twitter.com/CARLOSO88537913/status/1645052897237893120,2023-04-09T13:15:48.000Z,kkk e as invasões continuam ne?,0,0,0,https://twitter.com/AlencarBraga13/status/1644804998579081220
Alexandre Siqueira,@ssicca1,https://twitter.com/ssicca1/status/1645005043588820996,2023-04-09T10:05:39.000Z,#cumplice,0,0,0,https://twitter.com/AlencarBraga13/status/1644804998579081220
Marisa victorio da silva,@victorio_marisa,https://twitter.com/victorio_marisa/status/1644822702320918530,2023-04-08T22:01:06.000Z,"O Brasil ama sua terra! ⭐✊🍀😀✔️A semana foi de feriado, mas o trabalho não parou.
Nosso compromisso é com o Brasil.
Confira Aqui!",0,0,0,https://twitter.com/AlencarBraga13/status/1644804998579081220
lia,@LLbrasolin,https://twitter.com/LLbrasolin/status/1644822406798757888,2023-04-08T21:59:55.000Z,Kkkkkkkk! Parasitas!,0,0,0,https://twitter.com/AlencarBraga13/status/1644804998579081220
Amilton Fernando Lemos da Silva,@Amilton80281762,https://twitter.com/Amilton80281762/status/1644884849898016769,2023-04-09T02:08:03.000Z,"O comunismo marxista ateu, destruidores de seres humanos, não entendem de educação verdadeira, entendem sim de educação comunista, os pais brasileiros, professores de bem, devemos todos estarmos atentos a malandragem, com cara de amor aos jovens adolescentes.",0,0,0,https://twitter.com/AlencarBraga13/status/1644804998579081220
luiz,@luiz17028918,https://twitter.com/luiz17028918/status/1644856953900761089,2023-04-09T00:17:12.000Z,Confira aí ...,0,0,0,https://twitter.com/AlencarBraga13/status/1644804998579081220
Digital-TI,@Oseas_ti,https://twitter.com/Oseas_ti/status/1644809423699734528,2023-04-08T21:08:20.000Z,Nem engajamento esse idiota tem.,0,0,0,https://twitter.com/AlencarBraga13/status/1644804998579081220
Fernando Barbosa,@Fernand33469730,https://twitter.com/Fernand33469730/status/1644806422012612608,2023-04-08T20:56:24.000Z,"Me engana que eu gosto...
Vai um churra???",1,0,1,https://twitter.com/AlencarBraga13/status/1644804998579081220
José Maurillo Rosa,@josemaurillo,https://twitter.com/josemaurillo/status/1644809259371175936,2023-04-08T21:07:41.000Z,"Compromisso? Com Brasil? Tá de brincadeira não é?Compromisso com suas ideologias retrogradas, com o atraso profundo, com o seu partido, até pode ser! Com o Brasil? De jeito nenhum! Não fizeram nada ainda, e o pior que a gente nem sabe como serão os próximos 100dias! Misericórdia",0,0,0,https://twitter.com/AlencarBraga13/status/1644804998579081220
PAU NOS RATOS!,@paunosratos,https://twitter.com/paunosratos/status/1645576089941721088,2023-04-10T23:54:47.000Z,PT é corrupto,0,0,0,https://twitter.com/AlencarBraga13/status/1644804998579081220
