nome,usuario,idTweet,dataPublicacao,texto,replies,retweets,likes,tweetPai
Levi Alexandre Alves,@Levi4lexandre,https://twitter.com/Levi4lexandre/status/1645257131191414790,2023-04-10T02:47:22.000Z,Só enrolação,0,0,0,https://twitter.com/AlencarBraga13/status/1644687023914078212
Nilson Ramos,@NilsonR23834882,https://twitter.com/NilsonR23834882/status/1644699723809341441,2023-04-08T13:52:25.000Z,"Não tenho nenhuma dúvida que o senhor está extremamente satisfeito Deputado.

Já o povo brasileiro...",0,0,0,https://twitter.com/AlencarBraga13/status/1644687023914078212
Joel Garcia Nunez,@b6c5c047b56c482,https://twitter.com/b6c5c047b56c482/status/1644770734063886343,2023-04-08T18:34:36.000Z,"@AlencarBraga13 boa tarde deputado federal, novamente pela causa dos médicos cubanos que ficaram no Brasil e as novas regras do Programa Mais Médico. Gostariamos de ter uma conversa para explicar melhor o que é que a gente quer. zap (86)99853-2322",0,0,0,https://twitter.com/AlencarBraga13/status/1644687023914078212
Elso Meireles,@ElsoMeireles5,https://twitter.com/ElsoMeireles5/status/1644763522885201920,2023-04-08T18:05:56.000Z,"Gente..
Sem medo de errar 
Este foi e ê sim o melhor presidente da historia do Brasil.....e ..o dia em que o senhor Deus recolher a sua vida porque nós não somos eternos ...o brasil ira chorar 
Por ele um dia ...pode escrever oque eu estou escrevendo...todos detonam o homem",0,1,1,https://twitter.com/AlencarBraga13/status/1644687023914078212
Benedito Carlos,@Bene0606,https://twitter.com/Bene0606/status/1645007659324588033,2023-04-09T10:16:03.000Z,"Não fez nada. Só falou bobagens até agora. E vai piorar. Picanha virou abóbora, comida de porco.",0,0,0,https://twitter.com/AlencarBraga13/status/1644687023914078212
Marisa victorio da silva,@victorio_marisa,https://twitter.com/victorio_marisa/status/1644701740476899328,2023-04-08T14:00:26.000Z,"Todas as políticas retomadas vão fazer o Brasil voltar a crescer!⭐✊🍀😀✔️ Satisfação é a palavra que caracteriza esses quase 💯 dias de governo @LulaOficial. 
Todas as políticas retomadas vão fazer o Brasil voltar a crescer!",0,0,0,https://twitter.com/AlencarBraga13/status/1644687023914078212
Adriano Amorim75,@AdrianoAmorim75,https://twitter.com/AdrianoAmorim75/status/1644835317734621186,2023-04-08T22:51:13.000Z,Excluíram 2 MILHÕES do Bolsa Família… 😂😂😂😂😂E os 30 MILHÕES passando FOME???🤦🏼‍♂️🤦🏼‍♂️🤦🏼‍♂️🤦🏼‍♂️🤦🏼‍♂️🤦🏼‍♂️,0,0,0,https://twitter.com/AlencarBraga13/status/1644687023914078212
Maria Cristina Santos (Cris),@MaraCri40407638,https://twitter.com/MaraCri40407638/status/1644700732824715265,2023-04-08T13:56:26.000Z,#OBrasilVoltou #LulaCemDiasDeTrabalhoEAmor,0,0,1,https://twitter.com/AlencarBraga13/status/1644687023914078212
AP¹³,@DevanirJos,https://twitter.com/DevanirJos/status/1644722097426505729,2023-04-08T15:21:20.000Z,Satisfação,0,0,0,https://twitter.com/AlencarBraga13/status/1644687023914078212
Antonio J Oliveira,@revantoniojose,https://twitter.com/revantoniojose/status/1644991776694886401,2023-04-09T09:12:56.000Z,Cadê a picanha? 🤡,0,0,0,https://twitter.com/AlencarBraga13/status/1644687023914078212
Guga Davila,@Osvaldogdavila,https://twitter.com/Osvaldogdavila/status/1644706229057380354,2023-04-08T14:18:16.000Z,Retrocesso é a palavra certa. Ou seria CORRUPÇÃO?,0,0,0,https://twitter.com/AlencarBraga13/status/1644687023914078212
