nome,usuario,idTweet,dataPublicacao,texto,replies,retweets,likes,tweetPai
Marina,@Marina92011959,https://twitter.com/Marina92011959/status/1644435247604330511,2023-04-07T20:21:29.000Z,Cadê a foto de quem tem o melhor depoimento por crimes cometidos ? Cadê ?,0,0,0,https://twitter.com/AlencarBraga13/status/1644365567795634176
,@Maria491091542,https://twitter.com/Maria491091542/status/1644474137304264708,2023-04-07T22:56:01.000Z,Pra você petralha tudo...,0,0,0,https://twitter.com/AlencarBraga13/status/1644365567795634176
Julieta silva julieta1992,@JJulieta1992,https://twitter.com/JJulieta1992/status/1644398933987270667,2023-04-07T17:57:11.000Z,Feliz Páscoa para todos e família saúde  e paz sempre,0,0,0,https://twitter.com/AlencarBraga13/status/1644365567795634176
Ise (ela/dela),@isefiletti,https://twitter.com/isefiletti/status/1644370422589272065,2023-04-07T16:03:54.000Z,"Ahhh que gracinhas, excelente ideia! 👏🏼👏🏼👏🏼",0,0,0,https://twitter.com/AlencarBraga13/status/1644365567795634176
Alexandre Siqueira,@ssicca1,https://twitter.com/ssicca1/status/1644387702911926291,2023-04-07T17:12:34.000Z,#cumplice,0,0,0,https://twitter.com/AlencarBraga13/status/1644365567795634176
Márcio de Azevedo Almeida,@MrciodeAzevedo4,https://twitter.com/MrciodeAzevedo4/status/1644429882514894858,2023-04-07T20:00:10.000Z,"Oh Deputado, quanta hipocrisia!
Páscoa não tem nada a ver com essa petralhada que o senhor tanto defende. Vai procurar sua turma.",0,0,0,https://twitter.com/AlencarBraga13/status/1644365567795634176
luiz,@luiz17028918,https://twitter.com/luiz17028918/status/1644811179544412160,2023-04-08T21:15:18.000Z,Cachaceiro...,0,0,0,https://twitter.com/AlencarBraga13/status/1644365567795634176
Edgar Pereira,@spectroed,https://twitter.com/spectroed/status/1644556565997862914,2023-04-08T04:23:34.000Z,Nem s abe o q é a páscoa... Eleitores de vcs são assim...,0,0,0,https://twitter.com/AlencarBraga13/status/1644365567795634176
Mané Bolsonaro,@VlamirTravassos,https://twitter.com/VlamirTravassos/status/1644470137599188995,2023-04-07T22:40:08.000Z,🤮🤮🤮🤮🤮,0,0,0,https://twitter.com/AlencarBraga13/status/1644365567795634176
Janna Fabrini #B22,@JanainaBH22,https://twitter.com/JanainaBH22/status/1644438220963213313,2023-04-07T20:33:18.000Z,"Enquanto isso, o PT quer cancelar o Marco do Saneamento.
Dep,chame sua filha e a amiguinha para dar um tibum na nossa piscina de borda infinita aqui do condomínio Veneza 🏖As crianças daqui vão gostar de socializar a piscina,o parquinho e uns ovinhos q dão por aqui.🌴",0,0,0,https://twitter.com/AlencarBraga13/status/1644365567795634176
Norberto Mario,@NorbertoMario5,https://twitter.com/NorbertoMario5/status/1644387314494210050,2023-04-07T17:11:01.000Z,"EMPREENDEDOR SOCIALISTA NÃO EXISTE. 
VCS PRECISAM DO LUCRO, DE MENOS IMPOSTOS.",0,0,0,https://twitter.com/AlencarBraga13/status/1644365567795634176
Marisa victorio da silva,@victorio_marisa,https://twitter.com/victorio_marisa/status/1644376293482328067,2023-04-07T16:27:14.000Z,🐰🐰🐰😍❤️ ✔️Ontem na produção e hoje finalizado o lote do ovo de páscoa mais saboroso de Guarulhos.🐇🥚🍫Feliz Páscoa e feliz Sexta-feira Santa para todos que celebram esse momento 🙏🏽,0,0,0,https://twitter.com/AlencarBraga13/status/1644365567795634176
Cino Silva,@AlvesMercino,https://twitter.com/AlvesMercino/status/1644394402326904849,2023-04-07T17:39:11.000Z,"Gente, eu tô em Bandeira de Minas, para consulta c psicólogo e psiquiatra semana q vem. Tô c uma rifinha ñ terminei de vender. Eu peço quem puder uma ajudinha p comprar um selozook de 50 m/g custa 42 reais. Se alguém puder me ajude fvr, obg compas! 
Pix 33991756922Cel.Obg..",0,0,0,https://twitter.com/AlencarBraga13/status/1644365567795634176
