nome,usuario,idTweet,dataPublicacao,texto,replies,retweets,likes,tweetPai
Marcus Fiúza,@MarcusFiuza1980,https://twitter.com/MarcusFiuza1980/status/1645098420023984129,2023-04-09T16:16:42.000Z,Agora o foco é reestatização da Eletrobrás! @gleisi @LulaOficial,0,1,3,https://twitter.com/AlencarBraga13/status/1644454450453422080
"Fernando, filiado ao PT. Lula",@almofrey,https://twitter.com/almofrey/status/1644643112067780608,2023-04-08T10:07:28.000Z,"Tem que estatizar a Gaspetro, vendida a grupos privados, patrimônio de desenvolvimento do GN. #Gaspetro #Gn",0,0,2,https://twitter.com/AlencarBraga13/status/1644454450453422080
Lucena.jr,@JrWaldez,https://twitter.com/JrWaldez/status/1644483139710877699,2023-04-07T23:31:48.000Z,Pra volta da soberania energética ainda falta #LulaReestatizarEletrobrasJá ! @SalveAEnergia,0,1,4,https://twitter.com/AlencarBraga13/status/1644454450453422080
Rodrigo Maia,@Rodrigo22566544,https://twitter.com/Rodrigo22566544/status/1645135090224185344,2023-04-09T18:42:25.000Z,"Reestatiza a Eletrobras já, Lula!!!@LulaOficial",0,0,0,https://twitter.com/AlencarBraga13/status/1644454450453422080
Marisa victorio da silva,@victorio_marisa,https://twitter.com/victorio_marisa/status/1644462110175383552,2023-04-07T22:08:14.000Z,"""Governo tira correios e outras estatais de plano de privatização"".⭐✊🍀                                 ✔️ Privatização é eufemismo para roubo, para apropriação indevida de patrimônio público. Essa mamata de meia dúzia de famílias ACABOU! Empresas estratégicas NÃO vão +",0,1,4,https://twitter.com/AlencarBraga13/status/1644454450453422080
Nilcea De Moura Jardim,@jardim_nilcea,https://twitter.com/jardim_nilcea/status/1644470511475343361,2023-04-07T22:41:37.000Z,"Mas quem deu um rombo enorme nos Correios foram vocês, até hoje os pobres coitados dos carteiros estão pagando o prejuízo.",0,0,0,https://twitter.com/AlencarBraga13/status/1644454450453422080
Marisa victorio da silva,@victorio_marisa,https://twitter.com/victorio_marisa/status/1644462384222818352,2023-04-07T22:09:19.000Z,parar de graça nas mãos de golpistas do mercado!,0,0,0,https://twitter.com/AlencarBraga13/status/1644454450453422080
LulistaPetista,@LulistaPetista,https://twitter.com/LulistaPetista/status/1645127441717895168,2023-04-09T18:12:01.000Z,Passaram quase 02 meses e  @AdvocaciaGeralnão apresentou relatório para @LulaOficial sobre a privatização da Eletrobras.#ReestatizaEletrobrasJá #LulaCemDiasDeTrabalhoEAmor@gleisi @Glauber_Braga @asilveiramg@AlencarBraga13 @erikakokay @ColetivoCNE@zeca_dirceu .,0,0,0,https://twitter.com/AlencarBraga13/status/1644454450453422080
LulistaPetista,@LulistaPetista,https://twitter.com/LulistaPetista/status/1644688130157559808,2023-04-08T13:06:21.000Z,"@LulaOficial acionou a @AdvocaciaGeral para investigar o processo da privatização da Eletrobras
e até agora não recebeu nenhum relatório.#ReestatizaEletrobrasJá #100diasObrigadoLula@erikakokay@gleisi@AlencarBraga13@ColetivoCNE@asilveiramg @zeca_dirceu@Glauber_Braga .",0,0,0,https://twitter.com/AlencarBraga13/status/1644454450453422080
Salve a ELETROBRAS,@Bentevibentivi,https://twitter.com/Bentevibentivi/status/1645206275582570497,2023-04-09T23:25:17.000Z,"Aguardamos a reestatizacao da ELETROBRAS! Esse crime lesa Pátria não pode ser levado adiante, o governo @LulaOficial @gleisi tem esse compromisso com a Nação! A nossa Matriz energética não pode ser roubada do Brasil!!! #ReestatizaEletrobrasJá",0,0,0,https://twitter.com/AlencarBraga13/status/1644454450453422080
Pedro Prieto,@Pprieto2Prieto,https://twitter.com/Pprieto2Prieto/status/1645115166076420097,2023-04-09T17:23:15.000Z,@LulaOficial @Haddad_Fernando @gleisi @costa_rui @erikakokay @FlavioDino @Pimenta13Br salvem o Brasil salvem a Eletrobrás do crime de Lesa Pátria,1,1,2,https://twitter.com/AlencarBraga13/status/1644454450453422080
CrisVia,@CrisVia13,https://twitter.com/CrisVia13/status/1645108535259279361,2023-04-09T16:56:54.000Z,"E a Eletrobras q é a principal vítima dessa investida dos lesa-pátria? Tá mto lento esse processo de retomada da empresa prometido pelo Lula na campanha eleitoral. Vamos botar isso pra andar, deputado!#ReestatizaEletrobrasJá",1,2,9,https://twitter.com/AlencarBraga13/status/1644454450453422080
Carrancudo,@carrancaenergia,https://twitter.com/carrancaenergia/status/1644903804331073536,2023-04-09T03:23:22.000Z,Falta a Eletrobras deputado!#ReestatizaEletrobrasJá,0,2,3,https://twitter.com/AlencarBraga13/status/1644454450453422080
ORIGINAL ROYALTY - E1b1a,@CARIOCA84002762,https://twitter.com/CARIOCA84002762/status/1645382382332129280,2023-04-10T11:05:04.000Z,"APOIO AS PRIVATIZAÇÕES?
Essa imprensa imunda fez da venda da CEDAE-RJ como se fosse um sonho do carioca e fluminense. Como a salvação e melhoria de tudo. O que aconteceu foi que O VALOR DA PORCARIA DA CONTA DE ÁGUA DOBROU E O SERVIÇO CONTINUA A MESMA PORCARIA!  Imprensa lixo!",0,0,0,https://twitter.com/AlencarBraga13/status/1644454450453422080
