nome,usuario,idTweet,dataPublicacao,texto,replies,retweets,likes,tweetPai
Junior.Bigu,@bigu_junior,https://twitter.com/bigu_junior/status/1644044466632937472,2023-04-06T18:28:40.000Z,"Podia exclui o governo de SP disso, pois o bolsotarcísio quer privatizar a nossa Sabesp sem consultar o povo.",0,0,0,https://twitter.com/AlencarBraga13/status/1644043055689789442
Ney Britto,@nneybbritto,https://twitter.com/nneybbritto/status/1644659906753044480,2023-04-08T11:14:12.000Z,"Assinar é fácil, quero ver cumprir o que está prometendo.",0,0,0,https://twitter.com/AlencarBraga13/status/1644043055689789442
Marisa victorio da silva,@victorio_marisa,https://twitter.com/victorio_marisa/status/1644047490990366721,2023-04-06T18:40:41.000Z,Parcerias Publico-Privadas - PPP✔️O governo @LulaOficial lançou o novo marco do saneamento básico que envolve Parcerias Publico-Privadas (PPP). As mudanças possibilitam mais participação dos governos estaduais e favorecem pequenos e médios municípios.,0,0,0,https://twitter.com/AlencarBraga13/status/1644043055689789442
DANIEL DOMINGUES,@DANIELD20172338,https://twitter.com/DANIELD20172338/status/1644043857791709198,2023-04-06T18:26:15.000Z,"Porque a CLASSE OPERÁRIA rompeu seu apoio a GETÚLIO VARGAS?!!
Acorda LULA",0,0,0,https://twitter.com/AlencarBraga13/status/1644043055689789442
