nome,usuario,idTweet,dataPublicacao,texto,replies,retweets,likes,tweetPai
josemir correia da silva,@correia_jo15571,https://twitter.com/correia_jo15571/status/1644420150504898562,2023-04-07T19:21:30.000Z,E a defesa do Brasil que se dane.,0,0,0,https://twitter.com/AlencarBraga13/status/1644407619308724225
FÁTIMA,@Mesa1234884405,https://twitter.com/Mesa1234884405/status/1645412942081409026,2023-04-10T13:06:30.000Z,#foraluladrão,0,0,0,https://twitter.com/AlencarBraga13/status/1644407619308724225
Joel Garcia Nunez,@b6c5c047b56c482,https://twitter.com/b6c5c047b56c482/status/1644416872207589402,2023-04-07T19:08:28.000Z,"@AlencarBraga13 estou com o senhor na sua caminhada e gostaria que de ter uma resposta por quê os médicos cubanos que ficaram legalmente no pais deposis que o ladrão de Bolsonaro quebrou o contrato com Cuba e que deixou municipios sem médicos, e que temos mais de 9 anos em UBS,",1,0,0,https://twitter.com/AlencarBraga13/status/1644407619308724225
Joel Garcia Nunez,@b6c5c047b56c482,https://twitter.com/b6c5c047b56c482/status/1644421716809236480,2023-04-07T19:27:43.000Z,"para esses tipos de atendimentos e que a oposição não continue jogando fogo na excelentissima condução do presidente Lula nestes 100 primeiros dias, acho que tem pessoas ai dentro (MINSA) que não deixam as coisas acontecer do jeito que era para ser, atrapalhando pra dar ""golpes""",0,0,0,https://twitter.com/AlencarBraga13/status/1644407619308724225
CARLOS OLIVEIRA,@CARLOSO88537913,https://twitter.com/CARLOSO88537913/status/1644414091451039744,2023-04-07T18:57:25.000Z,kkk sim e nada de plano fiscal decente so a placa de inauguração kkk vcs são uns comédias mesmo!,0,0,0,https://twitter.com/AlencarBraga13/status/1644407619308724225
dhwarrior,@dhwarrior,https://twitter.com/dhwarrior/status/1644476554456489984,2023-04-07T23:05:38.000Z,Desde q não tenha q trabalhar e consiga receber algum …,0,0,0,https://twitter.com/AlencarBraga13/status/1644407619308724225
Marina,@Marina92011959,https://twitter.com/Marina92011959/status/1644436042718535680,2023-04-07T20:24:39.000Z,E postar qual presidente teve mais apoiadores quando foi depor na polícia federal . Lula ou Bolsonaro 😂😂😂,0,0,0,https://twitter.com/AlencarBraga13/status/1644407619308724225
Rita de cassia,@Ritadec20625526,https://twitter.com/Ritadec20625526/status/1644464578309267457,2023-04-07T22:18:02.000Z,Vc devia era  tomar vergonha na cara.,0,0,0,https://twitter.com/AlencarBraga13/status/1644407619308724225
Graziano BR,@graziano1_luiz,https://twitter.com/graziano1_luiz/status/1644445338541891585,2023-04-07T21:01:35.000Z,😂😂😂 piada pronta,0,0,0,https://twitter.com/AlencarBraga13/status/1644407619308724225
Emanoel Lima,@EmanoelBol,https://twitter.com/EmanoelBol/status/1644716748174766080,2023-04-08T15:00:04.000Z,Com propinodutos ou sem?,0,0,0,https://twitter.com/AlencarBraga13/status/1644407619308724225
sandro midoes,@sandromidoes,https://twitter.com/sandromidoes/status/1644759804362063872,2023-04-08T17:51:10.000Z,"Tudo mentira.
Não sobrará NADA.",0,0,0,https://twitter.com/AlencarBraga13/status/1644407619308724225
PAÍS DOS PETRALHAS,@PPetralhas,https://twitter.com/PPetralhas/status/1644413264107905030,2023-04-07T18:54:08.000Z,Desastre em todo lugar....,0,0,0,https://twitter.com/AlencarBraga13/status/1644407619308724225
Janna Fabrini #B22,@JanainaBH22,https://twitter.com/JanainaBH22/status/1644448611546337281,2023-04-07T21:14:36.000Z,E para melhorar a saúde o Sr votou contra o Marco do Saneamento?,0,0,0,https://twitter.com/AlencarBraga13/status/1644407619308724225
Marisa victorio da silva,@victorio_marisa,https://twitter.com/victorio_marisa/status/1644429677925134347,2023-04-07T19:59:21.000Z,"É a isso que eu tenho que me dedicar ⭐✊🍀✔️Eu tenho um compromisso histórico com o mundo do trabalho, e estou determinado a gerar empregos, a melhorar a economia, a educação e a saúde. É a isso que eu tenho que me dedicar.🎥 @ricardostuckert",0,0,0,https://twitter.com/AlencarBraga13/status/1644407619308724225
Cecé Ferreira,@CeceFerreira7,https://twitter.com/CeceFerreira7/status/1644732595475759104,2023-04-08T16:03:03.000Z,Compromisso deveria ser de voltar para o xilindró!,0,0,0,https://twitter.com/AlencarBraga13/status/1644407619308724225
