nome,usuario,idTweet,dataPublicacao,texto,replies,retweets,likes,tweetPai
Alceu Moreira,@Alceu_Moreira,https://twitter.com/Alceu_Moreira/status/1645504936619175937,2023-04-10T19:12:03.000Z,Um governo que se preocupa em reescrever a história e insiste em olhar pelo retrovisor trazendo de volta tudo o que um dia deu errado.,1,0,0,https://twitter.com/Alceu_Moreira/status/1645504934824083469
Alceu Moreira,@Alceu_Moreira,https://twitter.com/Alceu_Moreira/status/1645504938389250050,2023-04-10T19:12:03.000Z,"Que deveria combater a inflação, o preço dos alimentos, do transporte e do aluguel. Que deveria incentivar o empreendedorismo, a produção e o consumo. Mas não diz uma frase sequer.",2,1,6,https://twitter.com/Alceu_Moreira/status/1645504934824083469
Alceu Moreira,@Alceu_Moreira,https://twitter.com/Alceu_Moreira/status/1645504940201189377,2023-04-10T19:12:04.000Z,"Enquanto isso, o que temos é um governo ideológico, que se preocupa em perseguir opositores no tempo em que demonstra uma desconexão total com a vida e a necessidade das pessoas.",5,1,5,https://twitter.com/Alceu_Moreira/status/1645504934824083469
Eduardo Teixeira,@o_eduteixeira,https://twitter.com/o_eduteixeira/status/1645590167510458370,2023-04-11T00:50:44.000Z,"Em 4 anos de governo Bolsonaro boa aconteceu NADA, absolutamente nada para melhorar a vida dos brasileiros e o senhor vem falar do atual governo, por favor.",1,0,0,https://twitter.com/Alceu_Moreira/status/1645504934824083469
Adelmo M. moura,@AdelmoMmoura,https://twitter.com/AdelmoMmoura/status/1647750639240331265,2023-04-16T23:55:40.000Z,"Caro Dep. todos nós entristecemos com ocorrido e ficamos sabendo pois temos ainda a liberdade de expressão que o Desgoverno está tentando retirar por isso peço seu voto não ao PL 2630/20 e empenho de investigação pois está muito suspeito, diversos casos de atentados agora em 2023",0,0,0,https://twitter.com/Alceu_Moreira/status/1645504934824083469
Ignácio Mahfuz,@IgnacioMahfuz,https://twitter.com/IgnacioMahfuz/status/1645731769298178049,2023-04-11T10:13:24.000Z,"Ora, Caro Alceu Moreira, como era esperado, O RUIM VOLTOU PIOR!",0,0,0,https://twitter.com/Alceu_Moreira/status/1645504934824083469
