nome,usuario,idTweet,dataPublicacao,texto,replies,retweets,likes,tweetPai
Paulo Basei,@BaseiPaulo,https://twitter.com/BaseiPaulo/status/1646085758887788544,2023-04-12T09:40:02.000Z,Quanta macheza,0,0,0,https://twitter.com/AlencarBraga13/status/1645789634369302529
ThóRòhT - EspadaseEscudos.com.br - @valordigno,- EspadaseEscudos.com.br - @valordigno,https://twitter.com/pploversystems/status/1645905818116579330,2023-04-11T21:45:01.000Z,Num precisa ter medo.. é uma maça virtual.. igual joguinho. Esse é o meu ó.,0,0,0,https://twitter.com/AlencarBraga13/status/1645789634369302529
Chicabal,@Chicabal1,https://twitter.com/Chicabal1/status/1645820815114399747,2023-04-11T16:07:14.000Z,.,0,0,0,https://twitter.com/AlencarBraga13/status/1645789634369302529
Pátria Brasil,@patriaamadabr4,https://twitter.com/patriaamadabr4/status/1645974761212616704,2023-04-12T02:18:58.000Z,"Dino querendo conceituar, conforme a enciclopédia petista, liberdade de expressão! Muito sem noção!",0,0,1,https://twitter.com/AlencarBraga13/status/1645789634369302529
Alexandre Racchetti,@alexandreracch2,https://twitter.com/alexandreracch2/status/1645953059816628225,2023-04-12T00:52:44.000Z,Seu post serve de aviso pra Stédile e MST que estão dizendo que irão  invadir terras e causar o terror no campo a partir de abril ????,0,0,0,https://twitter.com/AlencarBraga13/status/1645789634369302529
εδεσιοσουζαδεολιβειρα azul,@edesio30374020,https://twitter.com/edesio30374020/status/1645936790828724230,2023-04-11T23:48:05.000Z,E só ver como ele deixou o Maranhão em estado de miseria,0,0,0,https://twitter.com/AlencarBraga13/status/1645789634369302529
Marisa victorio da silva,@victorio_marisa,https://twitter.com/victorio_marisa/status/1645796991136563207,2023-04-11T14:32:34.000Z,#OBrasilVoltou  🎯✔️ Não existe liberdade de expressão para quem difunde pânico e ameaça a população. Certeiro e afiado o Ministro da Justiça Flávio Dino,0,0,0,https://twitter.com/AlencarBraga13/status/1645789634369302529
Mané Bolsonaro,@VlamirTravassos,https://twitter.com/VlamirTravassos/status/1645928308620644353,2023-04-11T23:14:23.000Z,Ditadura. Busca da censura pela esquerda criminosa.,0,0,0,https://twitter.com/AlencarBraga13/status/1645789634369302529
ANPPF,@anppfederal,https://twitter.com/anppfederal/status/1646160646537375744,2023-04-12T14:37:36.000Z,"A POLÍCIA PENAL FEDERAL está a beira de sua maior crise institucional por conta da péssima gestão da SENAPPEN e das mentiras do secretário indicado pelo ministro @FlavioDino.  Meses sendo enrolados , e agora nos apresenta uma minuta de regulamentação humilhante. @LulaOficial",0,0,1,https://twitter.com/AlencarBraga13/status/1645789634369302529
Eduardo de Paula,@Eduardodepaula1,https://twitter.com/Eduardodepaula1/status/1645887919977283584,2023-04-11T20:33:53.000Z,Verdade ele falou isso para o Presidente?,0,0,0,https://twitter.com/AlencarBraga13/status/1645789634369302529
