nome,usuario,idTweet,dataPublicacao,texto,replies,retweets,likes,tweetPai
Marco Lopez,@MarcoAn91831378,https://twitter.com/MarcoAn91831378/status/1646117240763211779,2023-04-12T11:45:08.000Z,"Nada como aquele momento que dizemos.
Melhor calado que falar merd@.",0,0,4,https://twitter.com/BohnGass/status/1645968837408350208
Maya - 2ª conta,@MayanaBarros2,https://twitter.com/MayanaBarros2/status/1646100097212588036,2023-04-12T10:37:00.000Z,"Ataques à propriedade privada
Invasores de terras
Ataques ao Incra
Ataques as indústrias
Queimar ônibus
Pichar prédios públicos
Queimar pneus 
Invadir o congresso
Matar animais em fazendas
Sequestrar
Roubar bancos
Petrolão
Mensalão
Propinas
Dinheiro na cueca
obras de quem mesmo?",5,12,78,https://twitter.com/BohnGass/status/1645968837408350208
Mary Grace,@Marygracebrasil,https://twitter.com/Marygracebrasil/status/1646287943928037381,2023-04-12T23:03:27.000Z,É muita canalhice...,0,0,1,https://twitter.com/BohnGass/status/1645968837408350208
Júlio Jobs,@JulioJobs,https://twitter.com/JulioJobs/status/1646209065037578253,2023-04-12T17:50:00.000Z,"Só na tua cabeça. Os piores ataques foram realizados por petistas e MSTs, mas tu finge que não lembra.

O PT é a origem do ódio.",0,0,2,https://twitter.com/BohnGass/status/1645968837408350208
Leodecio Tietbohl,@Tietbo2Leodecio,https://twitter.com/Tietbo2Leodecio/status/1646300676169908224,2023-04-12T23:54:02.000Z,"Deixa de ser mentiroso, nada disso existia com Bolsonaro. Os ataques de vandalismo nos três poderes foi coisa feita por infiltrados sob ordem da esquerda, Lula e Dino sabiam. CPMI já.",0,0,2,https://twitter.com/BohnGass/status/1645968837408350208
Luiz Fernando,@LuizFer97915974,https://twitter.com/LuizFer97915974/status/1646122259260555268,2023-04-12T12:05:04.000Z,O dia nem começou direito e o sujeito já tá louco na droga...🤦‍♂️🤦‍♂️🤦‍♂️🤦‍♂️🤦‍♂️,0,0,5,https://twitter.com/BohnGass/status/1645968837408350208
Ana Maria Castan,@AnaMari96429341,https://twitter.com/AnaMari96429341/status/1645971305634594816,2023-04-12T02:05:14.000Z,"É o legado de um indivíduo q foi eleito democraticamente para governar um país e ao invés disso propagou o ódio, mentiras e confusão durante 4 anos.  A causa é esta!  
Os efeitos estão aparecendo!!!!",6,0,1,https://twitter.com/BohnGass/status/1645968837408350208
Sergio Cortarelli,@SergioCortarel1,https://twitter.com/SergioCortarel1/status/1646266134159663105,2023-04-12T21:36:47.000Z,Nem morria ninguém!!! Só 60.000 homicídios por ano!!! Aja hipocrisia hein!!!,0,0,1,https://twitter.com/BohnGass/status/1645968837408350208
C R 11,@CesinhaVet,https://twitter.com/CesinhaVet/status/1646121728647610369,2023-04-12T12:02:58.000Z,Verdade… a gt vivia em Wakanda antes,0,0,1,https://twitter.com/BohnGass/status/1645968837408350208
Ed Santos,@EdleeSanto,https://twitter.com/EdleeSanto/status/1646642060911419392,2023-04-13T22:30:35.000Z,"Doutor seja honesto consigo mesmo, a não ser que o senhor tenha motivos pessoais ou financeiro para agir assim, por gentileza dê uma boa olhadinha aqui👇",1,0,0,https://twitter.com/BohnGass/status/1645968837408350208
Akemi,@Akemi_new,https://twitter.com/Akemi_new/status/1646106252508901378,2023-04-12T11:01:28.000Z,Kkkkkkk... Vc percebeu como o crime organizado e os ataques estão à vontade no atual governo? Quem será que abriu espaço para isso??? Kkkkkkkkk,0,0,4,https://twitter.com/BohnGass/status/1645968837408350208
Carlos Wagner,@CarlosWagnerSo4,https://twitter.com/CarlosWagnerSo4/status/1646278637547667456,2023-04-12T22:26:28.000Z,"Que memória curta ou vc chegou no Brasil agora, qual dos dois?",0,0,1,https://twitter.com/BohnGass/status/1645968837408350208
Alexandre Almeida,@ale99688152,https://twitter.com/ale99688152/status/1646140368667176960,2023-04-12T13:17:02.000Z,Vandalismo em 2023,1,0,1,https://twitter.com/BohnGass/status/1645968837408350208
DanielM,@mellonidani,https://twitter.com/mellonidani/status/1646139656671559682,2023-04-12T13:14:12.000Z,"Desonestidade se vê por aí. Que vergonha, um velho irresponsável.",0,0,1,https://twitter.com/BohnGass/status/1645968837408350208
AleMagnoni,@Alexand50687436,https://twitter.com/Alexand50687436/status/1646318649924354048,2023-04-13T01:05:27.000Z,"MST,  lembra?",0,0,1,https://twitter.com/BohnGass/status/1645968837408350208
Alexandre Almeida,@ale99688152,https://twitter.com/ale99688152/status/1646121229735145474,2023-04-12T12:00:59.000Z,"Vc é louco?
A fachada da Carminha(5tf)?
As invasões de fazendas?
Os fechamentos de estradas?
Vc deve ter saído do hospício!",0,0,3,https://twitter.com/BohnGass/status/1645968837408350208
Carlos Dias,@caend02,https://twitter.com/caend02/status/1646120739349594118,2023-04-12T11:59:02.000Z,"Post patético, segue o DESgoverno fazendo oq faz de melhor, mentir e desinformar...",0,0,1,https://twitter.com/BohnGass/status/1645968837408350208
Gianpaulo Scaciota,@GianSca1970,https://twitter.com/GianSca1970/status/1646295813893636102,2023-04-12T23:34:43.000Z,Mentira sua,0,0,0,https://twitter.com/BohnGass/status/1645968837408350208
Murilo Moreira,@MuriloMoDaBarra,https://twitter.com/MuriloMoDaBarra/status/1646073878035177477,2023-04-12T08:52:49.000Z,"Existia sim, mas estava nos esgotos se alimentando de resquícios de ditadura.",0,0,0,https://twitter.com/BohnGass/status/1645968837408350208
Marcos dos Santos,@Marcosd18171558,https://twitter.com/Marcosd18171558/status/1646305713382105088,2023-04-13T00:14:03.000Z,"Que herança o Brasil ganhou. 
Cbozo nunca mais!!",0,0,0,https://twitter.com/BohnGass/status/1645968837408350208
Fátima,@Ftima19546023,https://twitter.com/Ftima19546023/status/1646131612768165888,2023-04-12T12:42:14.000Z,😂,0,0,0,https://twitter.com/BohnGass/status/1645968837408350208
Dalto,@Dalto22640334,https://twitter.com/Dalto22640334/status/1646147287888920578,2023-04-12T13:44:32.000Z,"É isso que o representante da morte e da miséria nos deixou. Infelizmente contaminou muita gente, inclusive a $folha$",0,0,0,https://twitter.com/BohnGass/status/1645968837408350208
Ed Santos,@EdleeSanto,https://twitter.com/EdleeSanto/status/1646639205781499904,2023-04-13T22:19:14.000Z,"É mesmo, o senhor morava então com Alice não é?",0,0,0,https://twitter.com/BohnGass/status/1645968837408350208
GEORGE MELLO,@GELEAL,https://twitter.com/GELEAL/status/1646121877973131265,2023-04-12T12:03:33.000Z,"Faltou “às urnas” ou “ao sistema eleitoral”, fundamento da democracia.",0,0,0,https://twitter.com/BohnGass/status/1645968837408350208
Clovis Sobrinho,@clovisacs,https://twitter.com/clovisacs/status/1646330761337880577,2023-04-13T01:53:35.000Z,"Conhece PCC e outros meios de violência, inclusive urnas fraudadas, isso não é nada?
Quem manda no país é o narcotrafico.
Isso existia com governo do PT e voltou com força.",0,0,0,https://twitter.com/BohnGass/status/1645968837408350208
Mark,@marckmjd,https://twitter.com/marckmjd/status/1646322000023961601,2023-04-13T01:18:46.000Z,"Bolsonaro não é responsável por malucos q atacam escolas, se assim fosse ele tb seria responsável pelos ataques nas escolas, cinemas nos USA. A CPMI vai esclarecer muita coisa oculta do dia 8 de janeiro. O terceiro mandato de Lula vai ser difícil, existe uma oposição ao governo",0,0,0,https://twitter.com/BohnGass/status/1645968837408350208
Zitta,@LimaZitta,https://twitter.com/LimaZitta/status/1646115246711480322,2023-04-12T11:37:12.000Z,😂😂😂😂😂,0,0,0,https://twitter.com/BohnGass/status/1645968837408350208
Gonzalo Ramirez Barros,@GrBarros1,https://twitter.com/GrBarros1/status/1646105683119448066,2023-04-12T10:59:12.000Z,"Meu Deus, que sequia de neurônios!",0,0,0,https://twitter.com/BohnGass/status/1645968837408350208
Chico Camargo,@chicocraze,https://twitter.com/chicocraze/status/1646209155479355400,2023-04-12T17:50:22.000Z,"A recuperação da luta política passa pela coragem do Congresso de fazer o corte na própria carne. #Arthurlira  será a grande vítima desses parlamentares, já que mostra fraqueza no enfrentamento aos ataques aos regimentos da casa. A Ultra Direita bolsonarista age na ilegalidade.",0,0,0,https://twitter.com/BohnGass/status/1645968837408350208
OSMAR PAGO,@NegociaRodrigo,https://twitter.com/NegociaRodrigo/status/1646223711207292959,2023-04-12T18:48:12.000Z,Ataques a escolas já.....e até cinema...em sp.....mas não nesse vulto.....o bolsonarismo potencializou o ódio...isso é fato,0,0,1,https://twitter.com/BohnGass/status/1645968837408350208
FORAMOLUSCO,@Excluido03000,https://twitter.com/Excluido03000/status/1646235753733554190,2023-04-12T19:36:03.000Z,Esse deve ter Alzheimer 😒,0,0,2,https://twitter.com/BohnGass/status/1645968837408350208
Sidneyac,@cearocaamazone1,https://twitter.com/cearocaamazone1/status/1646260326000648193,2023-04-12T21:13:42.000Z,https://www12.senado.leg.br/noticias/materias/2006/06/06/integrantes-do-movimento-de-libertacao-dos-sem-terra-invadem-camara…,0,0,1,https://twitter.com/BohnGass/status/1645968837408350208
Edison Leite Direita Brasil,@Edroleite,https://twitter.com/Edroleite/status/1646110448440229888,2023-04-12T11:18:08.000Z,Cala boca idiota.,0,0,2,https://twitter.com/BohnGass/status/1645968837408350208
Rafãoᶜʳᶠ,@RafaelNM1995,https://twitter.com/RafaelNM1995/status/1646110485551407109,2023-04-12T11:18:17.000Z,Tá com amnésia o FDP? Isso aqui era o que então?,0,0,2,https://twitter.com/BohnGass/status/1645968837408350208
CESAR MURILO CASTELLO BRANCO FILHO,@CesarChefinhoCB,https://twitter.com/CesarChefinhoCB/status/1646110534184337408,2023-04-12T11:18:29.000Z,"claro, existia gilmar mendes soltando curruptos, STF anulando lei do congresso e legislando p/ manter o MECANISMO, 300 deputados recebendo 30 mil por mes d mesada e 25 bilhoes devolvidos a petrobras e todos os envolvidos condenados soltos pelo STF. Uma hora a populacao se revolta",0,0,1,https://twitter.com/BohnGass/status/1645968837408350208
renato schroeder junior,@renatoscbt,https://twitter.com/renatoscbt/status/1646276494572781569,2023-04-12T22:17:57.000Z,Não? Kkkkk você além de adorador de bandido é mentiroso ainda!  E muito mais! Você é um lixo igual o Lula!,0,0,1,https://twitter.com/BohnGass/status/1645968837408350208
Esfinge,@Esfinge51858057,https://twitter.com/Esfinge51858057/status/1646238856688140290,2023-04-12T19:48:23.000Z,É muita hipocrisia!,0,0,0,https://twitter.com/BohnGass/status/1645968837408350208
AniTcha Camargo,@anitchacamargo,https://twitter.com/anitchacamargo/status/1646286675834806274,2023-04-12T22:58:24.000Z,Sim! Só um País refém de marketing e manutenção da pobreza. Alguns ataques do PCC impondo toque de recolher. Black blocs … Tudo isso já estava aqui.,0,0,1,https://twitter.com/BohnGass/status/1645968837408350208
Cris veronez,@LuizaMauricio12,https://twitter.com/LuizaMauricio12/status/1646324801504436227,2023-04-13T01:29:54.000Z,"A tá mst nunca destruiu nada ,acho melhor rever as tuas palavras ,a esquerda nunca tocou fogo em nada ,e a amazônia está intacta .",0,0,0,https://twitter.com/BohnGass/status/1645968837408350208
Alexandre Racchetti,@alexandreracch2,https://twitter.com/alexandreracch2/status/1646294330858930177,2023-04-12T23:28:49.000Z,Mentiroso !!!!!!,0,0,1,https://twitter.com/BohnGass/status/1645968837408350208
José Roberto,@soaresfortal,https://twitter.com/soaresfortal/status/1646299807261110273,2023-04-12T23:50:35.000Z,"Não pensem que a esquerda é senil, pois não é, é mau-caráter mesmo.",0,0,1,https://twitter.com/BohnGass/status/1645968837408350208
Juan Anacleto,@JuanAnacleto11,https://twitter.com/JuanAnacleto11/status/1647350988125110272,2023-04-15T21:27:36.000Z,Não é culpa de quem votou no presidente que venceu as eleições seu VAGABUNDO! Nada disso existiria se não existisse vcs! Bando de lixo,0,0,0,https://twitter.com/BohnGass/status/1645968837408350208
BDiniz,@b_diniz84,https://twitter.com/b_diniz84/status/1646288947293593602,2023-04-12T23:07:26.000Z,Ops...,0,0,1,https://twitter.com/BohnGass/status/1645968837408350208
zilda #foralula,@zildasiqueiram2,https://twitter.com/zildasiqueiram2/status/1646219177882001408,2023-04-12T18:30:11.000Z,"Como pode ser tão cínico, tão mentiroso.",0,0,1,https://twitter.com/BohnGass/status/1645968837408350208
Mendes47,@Mendes472,https://twitter.com/Mendes472/status/1646140638277128193,2023-04-12T13:18:06.000Z,"Simmmmm, porque a extrema esquerda fascista quer exatamente isso, por a culpa dos seus extremismos e toda a merda que faz nos outros, MO antigo, funciona parcialmente e por um tempo, mas nem todo mundo é idiota o tempo todo. Toda extrema esquerda fascista vai cair.",0,0,1,https://twitter.com/BohnGass/status/1645968837408350208
Dudi Gouveia,@DudiGouveia,https://twitter.com/DudiGouveia/status/1646432853335371782,2023-04-13T08:39:16.000Z,"só o que existia era mensalão, petrolão, invasões de casas, aliás, você sabe muito bem, fdp.",0,0,0,https://twitter.com/BohnGass/status/1645968837408350208
Vinicius Farias,@Viniciu95139889,https://twitter.com/Viniciu95139889/status/1646109836222791680,2023-04-12T11:15:42.000Z,NUNCA LI TANTA MERDA JUNTA!,0,0,2,https://twitter.com/BohnGass/status/1645968837408350208
Simone Ribeiro,@SimoneR12849526,https://twitter.com/SimoneR12849526/status/1646136848979308544,2023-04-12T13:03:03.000Z,"Vcs devem usar maconha estragada, só pode! A lista de estagos do PT é bem extensa, mas vcs sofrem de amnésia, né!",0,0,1,https://twitter.com/BohnGass/status/1645968837408350208
Angelo,@Angelo91259466,https://twitter.com/Angelo91259466/status/1646169974933733378,2023-04-12T15:14:41.000Z,"A verdade é que o bolsonarismo é uma seita satânica cruel que cultua o mal, armas e violência. Tem de ser ilegalizada.",0,0,0,https://twitter.com/BohnGass/status/1645968837408350208
Edercostaesilva.crypto,@edercostaesilva,https://twitter.com/edercostaesilva/status/1646286057380405250,2023-04-12T22:55:57.000Z,"Honestidade no governo
Punição para corruptos
Ética e moral
Verdade prevalecendo 
Preocupação com o povo 

Tudo isso existia antes do atual governo et caterva voltarem a cena do crime.",0,0,1,https://twitter.com/BohnGass/status/1645968837408350208
John John,@soueuojohn,https://twitter.com/soueuojohn/status/1646235834163527682,2023-04-12T19:36:23.000Z,"Uma pesquisa de 1 minuto no Google! Repito, falácias e mais falácias, como levar um político a sério quando o indivíduo tenta reescrever a história com falas fáceis de desmontar! Piada pronta demais!",0,0,1,https://twitter.com/BohnGass/status/1645968837408350208
Clovis Sobrinho,@clovisacs,https://twitter.com/clovisacs/status/1646331304730845187,2023-04-13T01:55:45.000Z,"Não dá para aguentar animal desse, vai um block.",0,0,0,https://twitter.com/BohnGass/status/1645968837408350208
Digital-TI,@Oseas_ti,https://twitter.com/Oseas_ti/status/1646117898883137537,2023-04-12T11:47:45.000Z,E TD no governo lula.,0,0,1,https://twitter.com/BohnGass/status/1645968837408350208
Rodrigo Arruda,@rarrudafalcao,https://twitter.com/rarrudafalcao/status/1646319817341693952,2023-04-13T01:10:06.000Z,Mau caráter!,0,0,0,https://twitter.com/BohnGass/status/1645968837408350208
Edgar Pereira,@spectroed,https://twitter.com/spectroed/status/1646195003683749895,2023-04-12T16:54:08.000Z,Não né... Tome vergonha... Fake news é crime segundo o seu partido... Cadeia pra vc?,1,0,3,https://twitter.com/BohnGass/status/1645968837408350208
JoiceAlves,@JoiceAl62274396,https://twitter.com/JoiceAl62274396/status/1646372499108646912,2023-04-13T04:39:26.000Z,Esquerda no Poder🤡,0,0,0,https://twitter.com/BohnGass/status/1645968837408350208
Pax Romana.,@rooseveltribam3,https://twitter.com/rooseveltribam3/status/1646277345450262530,2023-04-12T22:21:20.000Z,"O ministro tem uma tropa imensa,chega de conversa e prende,faz prisão de campanha com todos direitos e garantia aos presos ,quem não quer dialogar ,só funciona assim,e assim fiz por muito tempo.",0,0,0,https://twitter.com/BohnGass/status/1645968837408350208
Janna Fabrini #B22,@JanainaBH22,https://twitter.com/JanainaBH22/status/1646102054425821184,2023-04-12T10:44:47.000Z,"Isso existe com o lulismo,ativ8stascda extrema esquerda radical.Apoiadores de ditaduras e também de crimes contra humanidade.",1,0,5,https://twitter.com/BohnGass/status/1645968837408350208
Setembrino Lusa,@nino_luza,https://twitter.com/nino_luza/status/1646263641811845120,2023-04-12T21:26:52.000Z,"Ja consultou seu psiquiatra nesta semana ? é apenas quarta-feira, meu nobre.......",0,0,0,https://twitter.com/BohnGass/status/1645968837408350208
LAN,@laneto75,https://twitter.com/laneto75/status/1646259977672175616,2023-04-12T21:12:19.000Z,Imbecil!!🤡,0,0,1,https://twitter.com/BohnGass/status/1645968837408350208
Ailton Gonçalves,@GoncalvesAnizil,https://twitter.com/GoncalvesAnizil/status/1646301735747481601,2023-04-12T23:58:15.000Z,#COMSUPREMOETUDO,0,0,0,https://twitter.com/BohnGass/status/1645968837408350208
