nome,usuario,idTweet,dataPublicacao,texto,replies,retweets,likes,tweetPai
Adail Filho,@adailfilhoam,https://twitter.com/adailfilhoam/status/1645507724413739008,2023-04-10T19:23:08.000Z,"É uma ótima notícia para as mulheres de Manaus, por exemplo, onde uma das três DEAM já funciona nesse novo formato de atendimento.",1,0,0,https://twitter.com/adailfilhoam/status/1645507721343680512
Adail Filho,@adailfilhoam,https://twitter.com/adailfilhoam/status/1645507726305562624,2023-04-10T19:23:08.000Z,"Como apoiador da causa feminina, eu não poderia deixar de comemorar essa conquista pelos direitos da mulher. Lembrando que a denúncia pode ser feita anonimamente pelo site http://delegaciavirtual.sinesp.gov.br ou pelos números 181 ou 180. 

Avante, mulheres! 💪",0,0,0,https://twitter.com/adailfilhoam/status/1645507721343680512
