nome,usuario,idTweet,dataPublicacao,texto,replies,retweets,likes,tweetPai
Natan,@JotaPau18520138,https://twitter.com/JotaPau18520138/status/1645552773084086273,2023-04-10T22:22:08.000Z,"Um terço das promessas de TODA campanha!!! 
Vai dar tudo certo!! TO confiante!!",2,0,0,https://twitter.com/AlencarBraga13/status/1645546599068647426
JOÃO BATISTA SOUZA,@PRFJSOUZA,https://twitter.com/PRFJSOUZA/status/1645578912074809345,2023-04-11T00:06:00.000Z,"Kkkkkkkk
Esses caras fumam muita maconha estragada.",0,0,4,https://twitter.com/AlencarBraga13/status/1645546599068647426
Marta teodora,@Martateodora3,https://twitter.com/Martateodora3/status/1645720063364722688,2023-04-11T09:26:53.000Z,"Sim , já aumentou os impostos , desoneração do bem p/lei Rouanet mas p/combustíveis não pode , aumentou o cachê dos artistas e salário em 18 reais , lançamento doPAC  p/ajudar as empreiteiras aumento da inflação p/os banqueiros ,acabou com o Marco do saneamento e o ensino médio",0,0,2,https://twitter.com/AlencarBraga13/status/1645546599068647426
luiz henrique,@LuizAsgarf,https://twitter.com/LuizAsgarf/status/1645566629319950338,2023-04-10T23:17:12.000Z,"Ainda bem não é?
Imagina se ele tivesse cumprido 100% das promessas?",0,0,0,https://twitter.com/AlencarBraga13/status/1645546599068647426
Benjamimhad,@benjamimamim,https://twitter.com/benjamimamim/status/1645552879623888896,2023-04-10T22:22:34.000Z,O que esse miserável fez ?,0,0,1,https://twitter.com/AlencarBraga13/status/1645546599068647426
Menace,@Un1verseOfMemes,https://twitter.com/Un1verseOfMemes/status/1645644767718416387,2023-04-11T04:27:41.000Z,aaa...não sabia q ele tinha prometido foder o brasil. Quer dizer q o pessoal que votou nele sabia oq ele ia fazer... interessante,0,0,0,https://twitter.com/AlencarBraga13/status/1645546599068647426
Liluyoud Cury de Lacerda,@liluyoud,https://twitter.com/liluyoud/status/1645613174123528195,2023-04-11T02:22:09.000Z,"Não prometeu nada, 1/3 de nada é nada... Isso aí, tá certo. Poderia ter falado 100% que o resultado seria o mesmo.",0,0,1,https://twitter.com/AlencarBraga13/status/1645546599068647426
Hamilton Teixeira,@manoiruga,https://twitter.com/manoiruga/status/1645970963505315842,2023-04-12T02:03:53.000Z,Esse deveria ser o seu uniforme na Câmara dos Deputados...já que você se comporta como um.,0,0,0,https://twitter.com/AlencarBraga13/status/1645546599068647426
Silva Luiz,@jaelsonjls,https://twitter.com/jaelsonjls/status/1645640101832032256,2023-04-11T04:09:09.000Z,Nem plano de governo tinha e continua sem o povo gosta de se iludir,0,0,0,https://twitter.com/AlencarBraga13/status/1645546599068647426
