nome,usuario,idTweet,dataPublicacao,texto,replies,retweets,likes,tweetPai
Coronel Amaro (R1),@Amaro_Coronel,https://twitter.com/Amaro_Coronel/status/1646220111353892864,2023-04-12T18:33:54.000Z,"É mesmo? E a bancada do seu fascismo, quando o Ministro Paulo Guedes era desrespeitado por gente canalha? E o fascismo que atacou a Doutora @nise_dra ? E o fascismo que atacou a Doutora Mayara? Já ouviu falar no fascismo de um sujeito  chamado Janones? Bando de canalhas!",2,30,242,https://twitter.com/BohnGass/status/1645940853465120768
Alan Cesar Garcia Guimaraes,@alancesarguima,https://twitter.com/alancesarguima/status/1646157380424441862,2023-04-12T14:24:38.000Z,Uai não estou entendendo foi a galera da esquerda que tumultuou ou os da direita ?,0,0,0,https://twitter.com/BohnGass/status/1645940853465120768
travfer,@travfer1,https://twitter.com/travfer1/status/1646112632825434112,2023-04-12T11:26:49.000Z,Saio correndo com o rabo entre as pernas e agora manda ESSA …. Não da,0,0,1,https://twitter.com/BohnGass/status/1645940853465120768
Diego Costa,@Diego_daCosta,https://twitter.com/Diego_daCosta/status/1645949611662606337,2023-04-12T00:39:02.000Z,"Quanto custa a hora de todos esses deputados, assessores, funcionários, transmissão e etc pra fazerem essa baderna? Providências já @ArthurLira_",10,2,4,https://twitter.com/BohnGass/status/1645940853465120768
Junior_Oliver,@junior_oliverDF,https://twitter.com/junior_oliverDF/status/1646091827395559424,2023-04-12T10:04:09.000Z,"""ain fasciste, genocide""...",0,0,1,https://twitter.com/BohnGass/status/1645940853465120768
ISOLSOUZA,@IVENSSOLER,https://twitter.com/IVENSSOLER/status/1646158887396036612,2023-04-12T14:30:37.000Z,"Na favela anda livre leve e solto, no parlamento pede polícia. E são esses que são do campo ""democrático"".🤡Quando era essa gente que roubava pasta e sentava na cadeira da presidência o dia inteiro, para impedir o debate, era democracia. Agora não pode falar nada que é ameaça.🤡",1,0,4,https://twitter.com/BohnGass/status/1645940853465120768
Haroldo Ferreira,@11_haroldo,https://twitter.com/11_haroldo/status/1646082492070346752,2023-04-12T09:27:03.000Z,O trabalhador está com o Senhor DINO.,3,1,3,https://twitter.com/BohnGass/status/1645940853465120768
Flávia Trevisan Marcondes,@MarcTrevisan,https://twitter.com/MarcTrevisan/status/1646177294371651588,2023-04-12T15:43:46.000Z,Ele levou seus “amiguinhos “ para conturbar. Jogo baixo como sempre.,0,0,2,https://twitter.com/BohnGass/status/1645940853465120768
Robson Caetano,@caetanodasilva8,https://twitter.com/caetanodasilva8/status/1646213889485406208,2023-04-12T18:09:11.000Z,FUJÃO,0,0,1,https://twitter.com/BohnGass/status/1645940853465120768
Marciel Suguimoto,@marcielsuguimot,https://twitter.com/marcielsuguimot/status/1646198688564514816,2023-04-12T17:08:46.000Z,Fujão,0,0,1,https://twitter.com/BohnGass/status/1645940853465120768
Virginia. GOLPISTAS na cadeia.,@virgginnia,https://twitter.com/virgginnia/status/1645943542366318592,2023-04-12T00:14:55.000Z,"Não existe ética nem decoro nessa bancada. Já estava bem ruim no governo anterior, agora piorou muito.",5,0,11,https://twitter.com/BohnGass/status/1645940853465120768
Brasil Black Belt,@brazuKblackbelt,https://twitter.com/brazuKblackbelt/status/1646085401990291456,2023-04-12T09:38:37.000Z,"Kkkkk FUJÃO, se ele ao menos respodesse as perguntas feitas não  haveria tanto barulho",0,1,29,https://twitter.com/BohnGass/status/1645940853465120768
R9 Show,@rajr30,https://twitter.com/rajr30/status/1646106565512929280,2023-04-12T11:02:43.000Z,Flavio Dino é perfeito em suas colocações....Não tem igual no país,4,0,1,https://twitter.com/BohnGass/status/1645940853465120768
Augusto Moreira,@Augusto26711451,https://twitter.com/Augusto26711451/status/1646035012582506496,2023-04-12T06:18:23.000Z,"Meu Deus....

O circo é interminável.",0,0,2,https://twitter.com/BohnGass/status/1645940853465120768
Rogerio Girardi,@rogerio_girardi,https://twitter.com/rogerio_girardi/status/1646184679010172928,2023-04-12T16:13:06.000Z,Se tem medo o rabo tá preso,0,0,0,https://twitter.com/BohnGass/status/1645940853465120768
Marcos Ramos,@Marcosrcfaria,https://twitter.com/Marcosrcfaria/status/1646147976274890758,2023-04-12T13:47:16.000Z,"Sujeitinho Arrogante, desrespeitou a CCJ e os deputados.",0,1,2,https://twitter.com/BohnGass/status/1645940853465120768
angela,@angelaromani,https://twitter.com/angelaromani/status/1646135742132031489,2023-04-12T12:58:39.000Z,"Que ridículo, esse discursinho de ódio disfarçado! Nojo disso tudo.",0,0,1,https://twitter.com/BohnGass/status/1645940853465120768
É a nonna,@KarenVacari,https://twitter.com/KarenVacari/status/1646294202118971394,2023-04-12T23:28:19.000Z,Vergonha na cara não teve teus pais com os princípios e valores que te passaram 🤦🏼‍♀️,0,0,0,https://twitter.com/BohnGass/status/1645940853465120768
Marta teodora,@Martateodora3,https://twitter.com/Martateodora3/status/1646080967767994369,2023-04-12T09:21:00.000Z,Quem começou foi a bancada de oposição do PT justamente p/evitar q o ministro respondesse este era o plano  a interrupção da seção.,4,2,25,https://twitter.com/BohnGass/status/1645940853465120768
Denise,@denisepereirr,https://twitter.com/denisepereirr/status/1645958687549161472,2023-04-12T01:15:06.000Z,E aí deputado @ArthurLira_ o senhor tem o dever de deter esse tipo de situação lamentável.,3,0,7,https://twitter.com/BohnGass/status/1645940853465120768
Katia,@crismonteiro687,https://twitter.com/crismonteiro687/status/1646171190455672833,2023-04-12T15:19:30.000Z,Qdo este pesadelo irá acabar. ?,0,0,0,https://twitter.com/BohnGass/status/1645940853465120768
Dom.Pedron,@PedronDom,https://twitter.com/PedronDom/status/1646297342813822976,2023-04-12T23:40:47.000Z,Disse o Fujão que vive trazendo teorias sobre tudo e jogando no colo da Direita sem provar absolutamente nada...,0,0,2,https://twitter.com/BohnGass/status/1645940853465120768
Thaílla,@RamosThailla,https://twitter.com/RamosThailla/status/1646064603187630081,2023-04-12T08:15:58.000Z,"O empenho do Flávio Dino está claro...Irritar a oposição, colocar culpa neles, desmoralizar e censurar a direita no Brasil. Como ele disse: sou comunista.",0,0,0,https://twitter.com/BohnGass/status/1645940853465120768
UltraBolsominion,@CensoredMinion,https://twitter.com/CensoredMinion/status/1646104608085778432,2023-04-12T10:54:56.000Z,"Petista cobrando decoro, vergonha na cara??? Se houvesse algum resquício disso no Brasil vcs estariam todos presos por tantos crimes que cometeram.",0,1,21,https://twitter.com/BohnGass/status/1645940853465120768
T OAJ Price,@TAJpricee,https://twitter.com/TAJpricee/status/1646081647148687361,2023-04-12T09:23:42.000Z,Delírios Comunistas…,0,0,0,https://twitter.com/BohnGass/status/1645940853465120768
Leilani lamartine,@Leilanilamarti4,https://twitter.com/Leilanilamarti4/status/1646130077342617607,2023-04-12T12:36:08.000Z,"Senhor, vamos lah. Comevemos com 500 milhoes gastos com maconha, cade $? E o que o Dino fazia na sala dele assistindo 8/1? Gente inocente presa nao eh justo. Cade apreencao de armas ilegais de bandidos nas comunidades que Dino entra sem escolta? QUEM TEM AMINEZIA?",0,0,0,https://twitter.com/BohnGass/status/1645940853465120768
Leodecio Tietbohl,@Tietbo2Leodecio,https://twitter.com/Tietbo2Leodecio/status/1646106893088063494,2023-04-12T11:04:01.000Z,"Especialidade da esquerda, prepara o circo, faz todo o enredo para fugir de se explicar jogando a culpa na oposição. Essa tática já está surrada.",0,1,4,https://twitter.com/BohnGass/status/1645940853465120768
sandrafca,@sandrafca1,https://twitter.com/sandrafca1/status/1645981731059638272,2023-04-12T02:46:40.000Z,"Uma vergonha a baixaria desses bolsonaristas. Sem decoro algum, ignorantes, agressivos. Não têm ideia do que seja um debate democrático. Assim realmente não é possível, @ArthurLira_ ! Ponha ordem na Casa!",1,2,6,https://twitter.com/BohnGass/status/1645940853465120768
Ana | Anti-Partido Fardado,@anaclaporto,https://twitter.com/anaclaporto/status/1645948808746921986,2023-04-12T00:35:50.000Z,O Artur Lira:,1,2,7,https://twitter.com/BohnGass/status/1645940853465120768
MILITANTE PELA DEMOCRACIA,@trezemariah,https://twitter.com/trezemariah/status/1645952772913655809,2023-04-12T00:51:36.000Z,"eu sempre visitada a câmara pela TV., pra ver e ouvir os deputados com seus projetos e discursos.
Não dá mais, é só baixaria insuportável! 😳",0,0,7,https://twitter.com/BohnGass/status/1645940853465120768
Nei Mosaico,@neimosaico15,https://twitter.com/neimosaico15/status/1646202064874225669,2023-04-12T17:22:11.000Z,"Hora de separar o Brasil em Regiões Administrativas Independentes! Sul, Centro e Norte, cada um prá sí e Deus prá todos!",0,0,1,https://twitter.com/BohnGass/status/1645940853465120768
Caipira,@MRao1802,https://twitter.com/MRao1802/status/1646088445645795331,2023-04-12T09:50:42.000Z,O vitimismo de sempre.....kkkkkkk,0,0,1,https://twitter.com/BohnGass/status/1645940853465120768
kássio Constantino,@konstantino78,https://twitter.com/konstantino78/status/1646152917806731268,2023-04-12T14:06:54.000Z,"O teu Presidente (DESCONDENADO da Justiça) outro dia desses disse em cadeia NACIONAL ""que está lá no Planalto para se VINGAR...""",0,1,2,https://twitter.com/BohnGass/status/1645940853465120768
kássio Constantino,@konstantino78,https://twitter.com/konstantino78/status/1646153625872347138,2023-04-12T14:09:43.000Z,"Eu tô doido pra vê o Sr Flávio Dino ter essa DESENVOLTURA TODA com sorriso no ROSTO na CPMI do 08 de Janeiro...
já até preparei a PIPOCA...",0,1,1,https://twitter.com/BohnGass/status/1645940853465120768
Érica_sonaro ☭⃠,@rica00627419,https://twitter.com/rica00627419/status/1646109918989107206,2023-04-12T11:16:02.000Z,"Kkkkkk bandidos a hora tá chegando
A verdade sempre vence.",0,0,2,https://twitter.com/BohnGass/status/1645940853465120768
vanilson nunes melo,@vanilsonmarajo,https://twitter.com/vanilsonmarajo/status/1645946590023090176,2023-04-12T00:27:01.000Z,Com toda certeza Dino...,0,0,2,https://twitter.com/BohnGass/status/1645940853465120768
Lelé,@lelelau76,https://twitter.com/lelelau76/status/1646298510482972674,2023-04-12T23:45:26.000Z,Fujão..,0,0,0,https://twitter.com/BohnGass/status/1645940853465120768
Jefferson Gohl,@JeffersonGohl,https://twitter.com/JeffersonGohl/status/1646014945228738561,2023-04-12T04:58:39.000Z,Nos sabemos o que vcs fizeram no verão passado.,0,0,1,https://twitter.com/BohnGass/status/1645940853465120768
Étienne de La Boétie,@EtiennedeLaB,https://twitter.com/EtiennedeLaB/status/1646251602817298432,2023-04-12T20:39:02.000Z,Falta vergonha na cara é pra esse senhor aí...,0,0,0,https://twitter.com/BohnGass/status/1645940853465120768
Jose Eduardo Alves Silva,@JoseEduardo2022,https://twitter.com/JoseEduardo2022/status/1646262507852496896,2023-04-12T21:22:22.000Z,As artimanhas petistas são cada vez mais escabrosas. Armaram para não depor. Este tipo de gente tem que depor em delegacias e com força policial buscando-os em casa.,0,0,0,https://twitter.com/BohnGass/status/1645940853465120768
vaneide junqueira Alves,@vaneidejun86750,https://twitter.com/vaneidejun86750/status/1647966494909779968,2023-04-17T14:13:24.000Z,🫦 medinnho,0,0,0,https://twitter.com/BohnGass/status/1645940853465120768
Marcos Accorsini,@MarcosAccorsini,https://twitter.com/MarcosAccorsini/status/1646304443439149058,2023-04-13T00:09:00.000Z,O lulopetismo é imprestável na raiz.,0,0,0,https://twitter.com/BohnGass/status/1645940853465120768
Sueli C Nascimento,@SueliCNascimen1,https://twitter.com/SueliCNascimen1/status/1646255459404333056,2023-04-12T20:54:22.000Z,Democracia???? Onde???,0,0,0,https://twitter.com/BohnGass/status/1645940853465120768
PAULO FERNANDO,@DJPAULOFERNANDO,https://twitter.com/DJPAULOFERNANDO/status/1646232893927063572,2023-04-12T19:24:42.000Z,Bancada boa é a que pediu ao STF pra proibir operação nas favelas dominadas pelo tráfico aqui no RJ.,0,0,1,https://twitter.com/BohnGass/status/1645940853465120768
Mauricio Falcão Junior,@J1Falcao,https://twitter.com/J1Falcao/status/1646256639794638848,2023-04-12T20:59:03.000Z,"FAKE NEWS
A base do governo vai as sessões somente para tumultuar e evitar que os questionamentos sejam respondidos. Estratégia antiga e todos nós já estamos atentos.",0,1,2,https://twitter.com/BohnGass/status/1645940853465120768
Myrna Alvarenga,@AlvarengaMyrna,https://twitter.com/AlvarengaMyrna/status/1647722967986495489,2023-04-16T22:05:43.000Z,Vocês são o ódio na sua mais pura essência velada de o amor venceu,0,0,0,https://twitter.com/BohnGass/status/1645940853465120768
Victor,@Victor18919594,https://twitter.com/Victor18919594/status/1646146012765990916,2023-04-12T13:39:28.000Z,Cpi do dia 8 tá chegando.,0,0,2,https://twitter.com/BohnGass/status/1645940853465120768
Almir,@almirpaulino12,https://twitter.com/almirpaulino12/status/1646275283606208514,2023-04-12T22:13:08.000Z,"Que ameaça? O cara entra na favela, é um dos manos...e nada acontece..",0,0,1,https://twitter.com/BohnGass/status/1645940853465120768
Maro1,@Maro1933683981,https://twitter.com/Maro1933683981/status/1646309384572608515,2023-04-13T00:28:38.000Z,@andrefernm @nikolas_dm @AnaPaulaVolei @augustosnunes @Biakicis @EduGiraoOficial @MagnoMalta @carlosjordy @marcosdoval @lpbragancabr @PazuelloGeneral @carteiroreaca @BolsonaroSP @DamaresAlves @Biakicis @OtoniDepFederal @Zambelli2210 @CarolDeToni @delegadoramagem @deltanmd,0,0,0,https://twitter.com/BohnGass/status/1645940853465120768
ForalulaBr,@artoliverr,https://twitter.com/artoliverr/status/1646242038998880263,2023-04-12T20:01:02.000Z,"Fujão arregão, da próxima vez tem que ser, convocado aí não a opção de sair.",0,0,0,https://twitter.com/BohnGass/status/1645940853465120768
Cá entre nós,@valeria76263271,https://twitter.com/valeria76263271/status/1646166686842716165,2023-04-12T15:01:37.000Z,"PT é  só  mentiras...
    Ninguém aguenta mais....",0,1,2,https://twitter.com/BohnGass/status/1645940853465120768
Lana. Lana,@LLanacomenta,https://twitter.com/LLanacomenta/status/1645980867334897666,2023-04-12T02:43:14.000Z,Arthur Lira está refém dos parlamentares bolsonaristas. Refém dos votos desses extremistas... Uma loucura. Violentos!,0,0,4,https://twitter.com/BohnGass/status/1645940853465120768
Joao,@Joao42822370,https://twitter.com/Joao42822370/status/1646258567899500551,2023-04-12T21:06:43.000Z,Quem mandou matar Sérgio Moro,0,0,0,https://twitter.com/BohnGass/status/1645940853465120768
EU,@DarcianaOlivei2,https://twitter.com/DarcianaOlivei2/status/1646256011177517057,2023-04-12T20:56:33.000Z,Aprendemos com a esquedopatia ... parabéns nada mais de silêncio.. Parabéns deputados  valeu meu voto..,0,1,1,https://twitter.com/BohnGass/status/1645940853465120768
Marco A L Silva,@MarcoAurLSilva,https://twitter.com/MarcoAurLSilva/status/1645959101720170496,2023-04-12T01:16:44.000Z,Tratamento para fascistóides é LEI.,0,1,3,https://twitter.com/BohnGass/status/1645940853465120768
Clovis Sobrinho,@clovisacs,https://twitter.com/clovisacs/status/1646119332366147588,2023-04-12T11:53:26.000Z,"Sujo falando do mal lavado.
Vergonha na cara...
Estamos perdidos e sem saída.
Duro e ver o que acontece e ler idiotices.",0,0,3,https://twitter.com/BohnGass/status/1645940853465120768
Kairon,@kaironfg,https://twitter.com/kaironfg/status/1646135381979480064,2023-04-12T12:57:13.000Z,Bateu o desespero hein! Não consegue mais sustentar a mentirada e agora vai começar a chorar. Ele tem que ser preso. E vai acontecer ainda.,0,0,0,https://twitter.com/BohnGass/status/1645940853465120768
Patrícia Neves da Mota Cardoso,@PatrciaNevesda2,https://twitter.com/PatrciaNevesda2/status/1646188453971869697,2023-04-12T16:28:06.000Z,Jabá,0,0,0,https://twitter.com/BohnGass/status/1645940853465120768
A.Cla,@Alessan08543532,https://twitter.com/Alessan08543532/status/1646095776148254720,2023-04-12T10:19:50.000Z,"Deixa de ser mimizento, parece um menino que perdeu seu brinquedo 🫡🇧🇷",0,0,0,https://twitter.com/BohnGass/status/1645940853465120768
o koreano ®,@ch04vcp,https://twitter.com/ch04vcp/status/1646158736749211651,2023-04-12T14:30:01.000Z,"esse ministro é tão valente pra ir na favela, mas agora tem medo de deputado....",0,0,0,https://twitter.com/BohnGass/status/1645940853465120768
Paulo Basei,@BaseiPaulo,https://twitter.com/BaseiPaulo/status/1646085247421804550,2023-04-12T09:38:00.000Z,@FlavioDino vira homem e enfrenta o que vcs causaram.,0,0,0,https://twitter.com/BohnGass/status/1645940853465120768
Marlo Przygoda,@PrzygodaMarlo,https://twitter.com/PrzygodaMarlo/status/1646142486350376962,2023-04-12T13:25:27.000Z,Arthur Lira deve tomar providências urgente. Começar essa CPI.,0,0,0,https://twitter.com/BohnGass/status/1645940853465120768
jeansiqueira,@jeansiq23825167,https://twitter.com/jeansiq23825167/status/1646187515278155779,2023-04-12T16:24:22.000Z,"A CPMI VEM AI PODE ESPERNEAR MENTIM MÁS OS FOGOS JÁ ESTÁ PREPARADO PARA A SAIDA DO PARTIDO DAS TREVAS,E PRISÃO DOS ENVOLVIDOS.",0,0,0,https://twitter.com/BohnGass/status/1645940853465120768
Benjamimhad,@benjamimamim,https://twitter.com/benjamimamim/status/1646201883000815642,2023-04-12T17:21:28.000Z,Bom respeitar as pessoas !,0,0,0,https://twitter.com/BohnGass/status/1645940853465120768
Ezilda vieira,@VieiraEzilda,https://twitter.com/VieiraEzilda/status/1652659910973292544,2023-04-30T13:03:22.000Z,Kkkkkkkkk  grande hipocrisia da esquerda que caíram  na própria armadilha e agora  querem  dar uma de vítimas Kkkkkkkkk  .. e só olhar o histórico  de manifestações de  direita e de esquerda  pra  ver  quem é realmente fascistas  aoo longo da história .,0,0,0,https://twitter.com/BohnGass/status/1645940853465120768
Rejane Pirozzi,@RejanePirozzi,https://twitter.com/RejanePirozzi/status/1646189093682814976,2023-04-12T16:30:39.000Z,Um comentário como este seu lembra muito o n@z!$mó.,0,0,0,https://twitter.com/BohnGass/status/1645940853465120768
Dont Turn Left,@Dont_Turn_Left,https://twitter.com/Dont_Turn_Left/status/1646178023018725378,2023-04-12T15:46:39.000Z,Kkkkkk discurso do ódio esquerdista tá liberado,0,0,0,https://twitter.com/BohnGass/status/1645940853465120768
NoraAzul,@NoraAzul3,https://twitter.com/NoraAzul3/status/1646112849658363906,2023-04-12T11:27:41.000Z,"Que vergonha! E dizer que pagamos esses deputados para ao invés de discutirem assuntos da Nação brasileira, agem com ARRUACEIROS!",0,0,0,https://twitter.com/BohnGass/status/1645940853465120768
Sabino Miguel,@RamalhoSabino,https://twitter.com/RamalhoSabino/status/1646097395732684802,2023-04-12T10:26:16.000Z,Pra gente ver o buraco que estávamos,0,0,0,https://twitter.com/BohnGass/status/1645940853465120768
silvania,@GamSilvania,https://twitter.com/GamSilvania/status/1646076770565718016,2023-04-12T09:04:19.000Z,"Foi uma vergonha para a Câmara. 
Um show de horror.
Nem devemos esperar nada de Arthur Lira.",0,0,0,https://twitter.com/BohnGass/status/1645940853465120768
Maria Marta Cardoso,@MariaMartaCard9,https://twitter.com/MariaMartaCard9/status/1646150351668559874,2023-04-12T13:56:42.000Z,"Tudo pra vocês é FASCISMO. Entenda que os nossos heróis soldados do Exército fizeram o contrário na Itália, destruíram o FASCISTA MUSSOLINI que estava de mãos dadas com Hitler e Joseph Stálin. Fascismo é roubou urnas e tomar o Poder na marra, isso é FASCISMO.",0,0,0,https://twitter.com/BohnGass/status/1645940853465120768
DesignTop.real,@designtop_real,https://twitter.com/designtop_real/status/1646140104509997057,2023-04-12T13:15:59.000Z,"Falou o “cidadão “ que tem mais de 200 processos em andamento 
A quadrilha só aumenta",0,0,0,https://twitter.com/BohnGass/status/1645940853465120768
Duda,@dulcereginato,https://twitter.com/dulcereginato/status/1646090164840673281,2023-04-12T09:57:32.000Z,"É aí @ArthurLira_ , vai continuar fazendo cara de paisagem?",0,0,0,https://twitter.com/BohnGass/status/1645940853465120768
Ciro Sartorio,@CiroSartorio,https://twitter.com/CiroSartorio/status/1646141134454898691,2023-04-12T13:20:04.000Z,Sério mesmo é o @AndreJanonesAdv…,0,0,0,https://twitter.com/BohnGass/status/1645940853465120768
SBarros,@SrgioBa08764837,https://twitter.com/SrgioBa08764837/status/1646162566299766786,2023-04-12T14:45:14.000Z,Acuse os do que vc é!!!,0,0,0,https://twitter.com/BohnGass/status/1645940853465120768
Marcos Moraes,@marcaocop,https://twitter.com/marcaocop/status/1646120465977470979,2023-04-12T11:57:57.000Z,"Quem não tem vergonha na cara são pessoas que criticam a censura de 64, e apoiam um ato de censura atualmente.",0,0,0,https://twitter.com/BohnGass/status/1645940853465120768
Marco,@Ap20221Marco,https://twitter.com/Ap20221Marco/status/1646118531757494272,2023-04-12T11:50:16.000Z,Parasita inflado!!,0,0,0,https://twitter.com/BohnGass/status/1645940853465120768
Claudio N,@Claudio72922032,https://twitter.com/Claudio72922032/status/1646175861979197440,2023-04-12T15:38:04.000Z,"Aquilo ontem foi um teatro descarado, esse DESministro desse DESgoverno não quer prestar satisfações à sociedade diante de tantas arbitrariedades, armou um circo com seus aliados para deixar a sessão, um verdadeiro teatro de um rascunho de ministro que só repete a mesma conversa",0,0,0,https://twitter.com/BohnGass/status/1645940853465120768
Claudio Rodrigues,@Claudio_RMJ,https://twitter.com/Claudio_RMJ/status/1646217261408043011,2023-04-12T18:22:35.000Z,Balofo,0,0,0,https://twitter.com/BohnGass/status/1645940853465120768
evair santiago,@SantiagoEvair,https://twitter.com/SantiagoEvair/status/1646154342997676035,2023-04-12T14:12:34.000Z,Mimimimimimimimimimi,0,0,0,https://twitter.com/BohnGass/status/1645940853465120768
Celso Silva,@celsoapsil,https://twitter.com/celsoapsil/status/1646082484910669825,2023-04-12T09:27:01.000Z,Vergonha de instituições,0,0,0,https://twitter.com/BohnGass/status/1645940853465120768
Luiz Fernando,@lfotto2,https://twitter.com/lfotto2/status/1646198538005618688,2023-04-12T17:08:11.000Z,Qual foi o Gass que tu cheirou?,0,0,0,https://twitter.com/BohnGass/status/1645940853465120768
luis junior,@Descondenado23,https://twitter.com/Descondenado23/status/1646221801511604225,2023-04-12T18:40:37.000Z,o chefe da segurança do país com medo de meia dúzia de idosos! Suou mais que tampa de marmita!,0,0,0,https://twitter.com/BohnGass/status/1645940853465120768
SiNoVax BOLSONARISTA,@si_novax,https://twitter.com/si_novax/status/1646144954308149250,2023-04-12T13:35:15.000Z,"Dino, O Fujão .",0,0,0,https://twitter.com/BohnGass/status/1645940853465120768
Cléber Fonseca 1908,@fonsecacleber,https://twitter.com/fonsecacleber/status/1646082974121861120,2023-04-12T09:28:58.000Z,"🦖🦖🦖 Fujão, Cadeia nele.",0,0,0,https://twitter.com/BohnGass/status/1645940853465120768
VICTOR CP 2 2,@CpVictorh,https://twitter.com/CpVictorh/status/1646163485699502084,2023-04-12T14:48:53.000Z,Pero que 👻👻👻 eres PETISTA,0,0,0,https://twitter.com/BohnGass/status/1645940853465120768
Vauires Vidal da Silva,@DaVauires,https://twitter.com/DaVauires/status/1646140484388020225,2023-04-12T13:17:29.000Z,Quem será que mandou matar Sérgio Moro???,0,0,0,https://twitter.com/BohnGass/status/1645940853465120768
André Lui Gil,@Andre_Lui_Gil,https://twitter.com/Andre_Lui_Gil/status/1646098388910309376,2023-04-12T10:30:13.000Z,"Já esqueceu as idas do Sérgio Moro e Paulo Guedes à Câmara durante o governo Bolsonaro?
Deixa de conversa.",0,2,11,https://twitter.com/BohnGass/status/1645940853465120768
Marcilista e Vascaino,@MaurinoSouza1,https://twitter.com/MaurinoSouza1/status/1646221915978072073,2023-04-12T18:41:04.000Z,Esqueceram o que fizeram na CPI da convid?🤣🤣🤣🇧🇷,0,0,0,https://twitter.com/BohnGass/status/1645940853465120768
KIM JU MENTO,@silva_gova,https://twitter.com/silva_gova/status/1646143805769281538,2023-04-12T13:30:41.000Z,Eles está  convidando...tem que convocar  e dar voz de prisão..,0,0,0,https://twitter.com/BohnGass/status/1645940853465120768
O Fantástico mundo do Bean,@Robertbeanxx,https://twitter.com/Robertbeanxx/status/1646096895536758785,2023-04-12T10:24:17.000Z,os caras assaltam..e vem pedir paciência? kkk pqp,0,0,0,https://twitter.com/BohnGass/status/1645940853465120768
Right Side/@hpieri,Right Side/@hpieri,https://twitter.com/Right_Side_2020/status/1646161586434854913,2023-04-12T14:41:21.000Z,"Xii.. quando fala ""ain, cisismo""... ain.. sabemos bem as intenções.",0,0,0,https://twitter.com/BohnGass/status/1645940853465120768
Feliz 2023,@FatimaM88823155,https://twitter.com/FatimaM88823155/status/1646082343797501953,2023-04-12T09:26:28.000Z,"@ArthurLira_ n fará  nada primeiro pq é cúmplice desta ralé, segundo pq é frouxo. A limpeza está  em nossas mãos, enqto o povo eleger estes  chorumes  estaremos desperdiçando  nosso suado dinheiro e pondo nossas vidas em risco.",0,0,0,https://twitter.com/BohnGass/status/1645940853465120768
Rafael Fernandes,@Rafalf1985,https://twitter.com/Rafalf1985/status/1646242657344053249,2023-04-12T20:03:29.000Z,Problema não é bandido e invasões???,0,0,0,https://twitter.com/BohnGass/status/1645940853465120768
Catotinha,@rafangeluci,https://twitter.com/rafangeluci/status/1646151991922503683,2023-04-12T14:03:13.000Z,@FlavioDino fujão.,0,0,0,https://twitter.com/BohnGass/status/1645940853465120768
Edu Q - Deus acima de tudo e de todos!,@cebritto,https://twitter.com/cebritto/status/1646304045362032640,2023-04-13T00:07:25.000Z,Idiota!!!,0,0,1,https://twitter.com/BohnGass/status/1645940853465120768
Hyperlink Tv,@Hyperlink_Tv,https://twitter.com/Hyperlink_Tv/status/1646147989843394565,2023-04-12T13:47:19.000Z,Eu lembro da esquerda mandando o povo ir na casa dos ministros é deputados né? Imagino se a prática pega é o povo resolve ir cobrar satisfação pela morte das crianças né? Só ver os erros quando se colocar ou está do outro lado da mesa né?,0,0,0,https://twitter.com/BohnGass/status/1645940853465120768
Nailton Carvalho De Almeida,@NailtonCarvalh7,https://twitter.com/NailtonCarvalh7/status/1645950424946733056,2023-04-12T00:42:16.000Z,Artur Lira ! É pra rir ou chorar ?,0,0,2,https://twitter.com/BohnGass/status/1645940853465120768
magnolia silva,@jehemag,https://twitter.com/jehemag/status/1646079844277428229,2023-04-12T09:16:32.000Z,Ele agrediu e torturou pessoas em 08/01/23.,0,0,1,https://twitter.com/BohnGass/status/1645940853465120768
MARLETE ROCHA,@MARLETEROCHA91,https://twitter.com/MARLETEROCHA91/status/1646107302481592320,2023-04-12T11:05:38.000Z,Tem decoro quem acaba com um Estado como fez o Dino com o Maranhão.  Quem compra  cama de 42k com o dinheiro do povo...esta turma tem decoro. Vai tnc!,0,0,2,https://twitter.com/BohnGass/status/1645940853465120768
Ana Cristina,@AnaCris40899534,https://twitter.com/AnaCris40899534/status/1646160730012504064,2023-04-12T14:37:56.000Z,Vdd,0,0,1,https://twitter.com/BohnGass/status/1645940853465120768
Ana Bonini,@AnaBonini14,https://twitter.com/AnaBonini14/status/1645975847742984192,2023-04-12T02:23:17.000Z,"Alô @ArthurLira_ 
Existe decoro aí?",0,1,3,https://twitter.com/BohnGass/status/1645940853465120768
ivan moraes,@ivanmor43129160,https://twitter.com/ivanmor43129160/status/1645951808336982016,2023-04-12T00:47:46.000Z,TEM QUE SER DETIDOS INTERVENÇÃO PSIQUIÁTRICA JÁ,0,0,0,https://twitter.com/BohnGass/status/1645940853465120768
Manoel Filho,@ManoelF33446796,https://twitter.com/ManoelF33446796/status/1646092218724220928,2023-04-12T10:05:42.000Z,FUJÃO,0,2,4,https://twitter.com/BohnGass/status/1645940853465120768
Rita Tonette,@TonetteRita,https://twitter.com/TonetteRita/status/1646183315202879489,2023-04-12T16:07:41.000Z,"TWITTER APOIA MASSACRES
TWITTER SUPPORTS MASSACRES",0,0,0,https://twitter.com/BohnGass/status/1645940853465120768
no Brasil o crime compensa.,@Zacaria85518912,https://twitter.com/Zacaria85518912/status/1646143356769128449,2023-04-12T13:28:54.000Z,Fujão,0,0,0,https://twitter.com/BohnGass/status/1645940853465120768
AleMagnoni,@Alexand50687436,https://twitter.com/Alexand50687436/status/1646295767420661760,2023-04-12T23:34:32.000Z,Não terão sossego...,0,0,0,https://twitter.com/BohnGass/status/1645940853465120768
Peter Oposição 22,@PetersonMendon5,https://twitter.com/PetersonMendon5/status/1646188677314363393,2023-04-12T16:29:00.000Z,FDS saco de banha fujão,0,0,0,https://twitter.com/BohnGass/status/1645940853465120768
PARDO BR,@psilva3101,https://twitter.com/psilva3101/status/1646171370848485376,2023-04-12T15:20:13.000Z,Vc é só fanfarrão ou quer cargo também?,0,0,0,https://twitter.com/BohnGass/status/1645940853465120768
senhor vigilante,@VigilanteSenhor,https://twitter.com/VigilanteSenhor/status/1646072036358340609,2023-04-12T08:45:30.000Z,Ué...,0,0,0,https://twitter.com/BohnGass/status/1645940853465120768
Sidneyac,@cearocaamazone1,https://twitter.com/cearocaamazone1/status/1646224047124905990,2023-04-12T18:49:32.000Z,Isso é decoro?,0,0,0,https://twitter.com/BohnGass/status/1645940853465120768
Kleyton,@kleytonclem,https://twitter.com/kleytonclem/status/1646082124460482561,2023-04-12T09:25:35.000Z,Fujao debochado. Incompetência total desse 🐷.,0,0,0,https://twitter.com/BohnGass/status/1645940853465120768
Tésley Thiago,@ThiagoTesley,https://twitter.com/ThiagoTesley/status/1646129282341543937,2023-04-12T12:32:59.000Z,"Então parecendo a bancada da esquerda no governo passado. 
Pensa que o povo é burro e não tem memória não é.",0,0,1,https://twitter.com/BohnGass/status/1645940853465120768
𝐂𝐚𝐫𝐥𝐢𝐧𝐡𝐨𝐬 𝐏𝐞𝐫𝐞𝐢𝐫𝐚,@Karlinhos1971,https://twitter.com/Karlinhos1971/status/1646166187141738498,2023-04-12T14:59:37.000Z,"Como vc quer que se tenha decoro com um sinistro alinhado com a bandidagem, com um sinistro que compra respiradores em loja de maconha… CPI da Pandemia não teve um dia de decoro com ninguém, cala se JornaZista",0,0,1,https://twitter.com/BohnGass/status/1645940853465120768
Regina Tomasini,@Reginatomasini,https://twitter.com/Reginatomasini/status/1646116857961754624,2023-04-12T11:43:36.000Z,"Não foi um deputado esquerdista e puxa saco que que usou o termo “chupetinha”?
Quem sempre tumultua são vocês. Chega de convite, tem que ser convocado, tem muito a explicar. E deveria sim virar réu, por muito menos a Papuda está lotada.",0,0,1,https://twitter.com/BohnGass/status/1645940853465120768
Maria Helena Gama Dos Santos,@MariaHelenaGam7,https://twitter.com/MariaHelenaGam7/status/1646547955741077507,2023-04-13T16:16:38.000Z,"VOCÊS ENVERGONHAM O BRASIL.
NÃO ACE8TAM A VERDADEIRA DEMOCRACIA! PLURALIDADE DE IDEIAS E OPINIÃO.",0,0,0,https://twitter.com/BohnGass/status/1645940853465120768
Anti-Esquerda #22,@FloorClean,https://twitter.com/FloorClean/status/1646204709466783745,2023-04-12T17:32:42.000Z,🤔🤣🤣🤣🤣🤣🤣🤣#DINOFUJAO,0,0,0,https://twitter.com/BohnGass/status/1645940853465120768
Luiz Borges,@LuizBorges1958,https://twitter.com/LuizBorges1958/status/1646307939425157120,2023-04-13T00:22:54.000Z,Quem foi mesmo que chegou a chamar o então ministro SÉRGIO MORO de ladrão numa reunião de uma dessas comissões? Foi um BOLSONARISTA? Ah! Foi uma agressão do bem.,0,0,0,https://twitter.com/BohnGass/status/1645940853465120768
Carlos Bengaly,@bengaly253,https://twitter.com/bengaly253/status/1646269523383799816,2023-04-12T21:50:15.000Z,"Esse ainda vem falar em respeito, com mais de 270 processos, o petralhada de merds",0,0,0,https://twitter.com/BohnGass/status/1645940853465120768
DAL,@daljesus1969,https://twitter.com/daljesus1969/status/1646287606034857984,2023-04-12T23:02:06.000Z,Esse é o vagabundo que comprou respiradores na empresa de maconha? Vai tomar no C* e devolve a grana,0,0,0,https://twitter.com/BohnGass/status/1645940853465120768
Eduardo França,@Eduardo17561647,https://twitter.com/Eduardo17561647/status/1646234684169355265,2023-04-12T19:31:48.000Z,"É GOPI, É GOPI, É GOPI",0,0,0,https://twitter.com/BohnGass/status/1645940853465120768
Georgina de Moraes Frucco,@alicerdogia,https://twitter.com/alicerdogia/status/1646317032147656705,2023-04-13T00:59:02.000Z,Jura?🤣,0,0,0,https://twitter.com/BohnGass/status/1645940853465120768
Edvaldo Lucas,@EdvaldoLucas7,https://twitter.com/EdvaldoLucas7/status/1646184536928137217,2023-04-12T16:12:32.000Z,Cala a boca bandido velho.,0,0,0,https://twitter.com/BohnGass/status/1645940853465120768
maciel,@eumacielbr,https://twitter.com/eumacielbr/status/1646301447435198466,2023-04-12T23:57:06.000Z,O bom de ser petista é que não precisa ter honestidade nenhuma na hora de criar manchetes e falar absurdos...,0,0,0,https://twitter.com/BohnGass/status/1645940853465120768
Fátima Leal,@mariade57438723,https://twitter.com/mariade57438723/status/1645961502455652357,2023-04-12T01:26:17.000Z,Antro de fascistas,0,0,2,https://twitter.com/BohnGass/status/1645940853465120768
cassi jac,@cassi_jac01,https://twitter.com/cassi_jac01/status/1646170640829800452,2023-04-12T15:17:19.000Z,Vocês não gostam de cobranças nem de se posicionarem. O PT está com uma cantilena dizendo q lutam pela democracia. Desde qdo a esquerda quer ser direita? Virem o disco para outra rotação e não é isto que o Partido tem como objetivo descrito no site do PT. Vcs enganaram o povo por,1,0,0,https://twitter.com/BohnGass/status/1645940853465120768
Ferbera,@Ferbera2,https://twitter.com/Ferbera2/status/1646111825832955905,2023-04-12T11:23:37.000Z,"Culpa sua, não responde e seus adeptos tudo fazem para  atrapalhar !!!",1,0,0,https://twitter.com/BohnGass/status/1645940853465120768
Ap.¹³,@JosDevanir2,https://twitter.com/JosDevanir2/status/1646547640463552513,2023-04-13T16:15:23.000Z,"Alienado ou burro? Como vc prefere? 
Quem agride, calunia e tumultua é a esquerda bandida que foi colocada pelo TSE.",0,0,0,https://twitter.com/BohnGass/status/1645940853465120768
Luiz Carlos,@luizc_psilva,https://twitter.com/luizc_psilva/status/1646362662979223552,2023-04-13T04:00:21.000Z,VTNC,0,0,0,https://twitter.com/BohnGass/status/1645940853465120768
Ecce Homo,@NrHomo,https://twitter.com/NrHomo/status/1646444894766899203,2023-04-13T09:27:07.000Z,FUJÃO....FUJÃO...FUJÃO,0,0,0,https://twitter.com/BohnGass/status/1645940853465120768
Leonardo Haas silva,@leohaas83,https://twitter.com/leohaas83/status/1646300367045500934,2023-04-12T23:52:48.000Z,Vai se tratar seu animal!!! Desde quando o PT e vocês da esquerda tem respeito com alguém???? Vocês da esquerda são ridículos!,0,0,0,https://twitter.com/BohnGass/status/1645940853465120768
André Sanford Carneiro,@ASanfordCarneir,https://twitter.com/ASanfordCarneir/status/1646541557414219776,2023-04-13T15:51:13.000Z,"Comunista e PTista é um ser q nunca teve vergonha na cara agora, estão se achando e querendo dar lição de Moral!!!🤡🤡🤡",0,0,0,https://twitter.com/BohnGass/status/1645940853465120768
MONTEIRO,@DOCENTEMONTEIRO,https://twitter.com/DOCENTEMONTEIRO/status/1646253230479777792,2023-04-12T20:45:30.000Z,"Você é mais um que não sabe o que é fascismo.
Fascismo tem componente antissemita
Supressão de liberdade
Perseguição política e governo totalitário

Explicando

Na próxima postagem",0,0,0,https://twitter.com/BohnGass/status/1645940853465120768
MONTEIRO,@DOCENTEMONTEIRO,https://twitter.com/DOCENTEMONTEIRO/status/1646253662887452674,2023-04-12T20:47:13.000Z,"-O BR tem parlamento
-Não tem perseguição religiosa instituída pelo governante que é um componente antissemita.
-Não há por parte do executivo federal supressão de liberdades individuais de modo institucionalizado.
- Não há figura de culto à personalidade.",0,0,0,https://twitter.com/BohnGass/status/1645940853465120768
Ana,@AnaPCallegari,https://twitter.com/AnaPCallegari/status/1646214366981652483,2023-04-12T18:11:04.000Z,"Vocês esquerdistas podem mentir e agredir todo mundo, mas quando são tratados de forma contundente, saem gritando “fascista, fascista, fascista”!!! Cambada de “mimizentos”!!! 🤬🤬🤬🤬🤬🤬🤬",0,0,0,https://twitter.com/BohnGass/status/1645940853465120768
Marcio Rodrigues,@MarcioMR22,https://twitter.com/MarcioMR22/status/1646240064446291968,2023-04-12T19:53:11.000Z,Os canalhas da ORCRIM ptralha querem impor uma ditadura no país,0,0,0,https://twitter.com/BohnGass/status/1645940853465120768
Marcus Martins,@mvcmartins,https://twitter.com/mvcmartins/status/1646299640462016513,2023-04-12T23:49:55.000Z,"Vcs marxistas é que agridem e matam pessoas. Tanto no passado como no presente. Matam, roubam, violam, destróem e invadem patrimônio, estupram, mentem. Não vem com esse jargão leninista de trasnferir os crimes praticados por vocês.",0,0,0,https://twitter.com/BohnGass/status/1645940853465120768
silza gavim,@silzagavim,https://twitter.com/silzagavim/status/1646243362150797314,2023-04-12T20:06:17.000Z,Quero ver vocês no inferno!,0,0,0,https://twitter.com/BohnGass/status/1645940853465120768
CESAR,@CesarArruda6,https://twitter.com/CesarArruda6/status/1646213050943389730,2023-04-12T18:05:51.000Z,Tá de sacanagem kkkkk ESQUERDOFRENICOS falando de ameaças 🤡😈,0,0,0,https://twitter.com/BohnGass/status/1645940853465120768
Francesco Palermo,@Frances72529294,https://twitter.com/Frances72529294/status/1646288664022904832,2023-04-12T23:06:18.000Z,"Se não aguenta, pede pra sair...",0,0,0,https://twitter.com/BohnGass/status/1645940853465120768
Henrique Amaral,@Gomes85Jh,https://twitter.com/Gomes85Jh/status/1646268097429381120,2023-04-12T21:44:35.000Z,Essa esquerda só  tem canalhas!,0,0,0,https://twitter.com/BohnGass/status/1645940853465120768
"""O Exército é a pior estatal brasileira""",@Avillmac,https://twitter.com/Avillmac/status/1646103299995713536,2023-04-12T10:49:44.000Z,Fujão,0,0,0,https://twitter.com/BohnGass/status/1645940853465120768
Giovanni Miudin,@GiovanniMiudin,https://twitter.com/GiovanniMiudin/status/1646094314357899266,2023-04-12T10:14:02.000Z,Fujão!!!,0,0,0,https://twitter.com/BohnGass/status/1645940853465120768
shedding ralf,@RalfShedding,https://twitter.com/RalfShedding/status/1646088473051365377,2023-04-12T09:50:49.000Z,"Petista/comunista, quando não está roubando, está mentindo.",0,0,0,https://twitter.com/BohnGass/status/1645940853465120768
kote_Brasil,@Kote_Brasil,https://twitter.com/Kote_Brasil/status/1646111822519336960,2023-04-12T11:23:36.000Z,Bandido safado... Corre seu verme... corre das explicações que não consegue dar...,0,0,0,https://twitter.com/BohnGass/status/1645940853465120768
Alvaro L N,@bloqueadoalmn,https://twitter.com/bloqueadoalmn/status/1646143902561325062,2023-04-12T13:31:04.000Z,"çei, qual a droga que o sr. está consumindo, acho que está batizada!!!",0,0,0,https://twitter.com/BohnGass/status/1645940853465120768
Margarete Ramos,@Margare90535061,https://twitter.com/Margare90535061/status/1646128534824288257,2023-04-12T12:30:00.000Z,"Oh sem noção, o Brasil virou um narco-estado! Os chefes-mor's estão no poder. E essa minoria imbecil só vai tomar consciência quando perceber que a arapuca está armada. Mas, não terão tempo de escapar! Bandidos não são leais!",0,0,0,https://twitter.com/BohnGass/status/1645940853465120768
Levindo Filho,@LevindoFilho,https://twitter.com/LevindoFilho/status/1646157861523795971,2023-04-12T14:26:32.000Z,Deixa de falar merda....o trabalhador...a senhora...a criança...estes não farão nada contra ninguém...como nunca fizeram....,0,0,0,https://twitter.com/BohnGass/status/1645940853465120768
Tosquerator,@Tosquerator,https://twitter.com/Tosquerator/status/1646152181244985347,2023-04-12T14:03:58.000Z,Comunista tem mais é que se f@%$&!,0,0,0,https://twitter.com/BohnGass/status/1645940853465120768
MAE DE FAMILIA,@vampirabolsonar,https://twitter.com/vampirabolsonar/status/1646116436027252740,2023-04-12T11:41:56.000Z,Na cpmi vc vai sair preso só esperar palhaço,0,0,0,https://twitter.com/BohnGass/status/1645940853465120768
Alexandre Racchetti,@alexandreracch2,https://twitter.com/alexandreracch2/status/1646287424908062721,2023-04-12T23:01:23.000Z,"""Quem vai impedir as agressões desses esquerdistas facínoras ??""",0,0,0,https://twitter.com/BohnGass/status/1645940853465120768
CarlosMartins,@CarlosM46523606,https://twitter.com/CarlosM46523606/status/1646465601504780288,2023-04-13T10:49:23.000Z,Mas quem sempre agrediu pessoas são os lunáticos da esquerda.... Os casos de vandalismo são constantes dessa turma.,0,0,0,https://twitter.com/BohnGass/status/1645940853465120768
ralfh kennedy,@ralfhkennedy,https://twitter.com/ralfhkennedy/status/1649360060982738945,2023-04-21T10:30:56.000Z,"Mimi mimi de estelionatários cheios de lero lero só vcs podem falar asneiras, só vcs podem descriminar, só vcs podem inventar mentir, agora as verdades vcs não aceitam.",0,0,0,https://twitter.com/BohnGass/status/1645940853465120768
Neemias,@Neemias01909334,https://twitter.com/Neemias01909334/status/1646851892322893824,2023-04-14T12:24:22.000Z,"Só os cegos não veem, o que o desgoverno Lula está fazendo com o Brasil, com o povo trabalhador, com povo pobre, em detrimento a financiar  países comunista, a dar vida boa a corruptos.",0,0,0,https://twitter.com/BohnGass/status/1645940853465120768
29 de abril de 1980,@29deabrilde1984,https://twitter.com/29deabrilde1984/status/1646184110266654722,2023-04-12T16:10:51.000Z,"Fujão, cuzao e ladrão",0,1,0,https://twitter.com/BohnGass/status/1645940853465120768
SELVA COVARDÃO,@SilvioRico6,https://twitter.com/SilvioRico6/status/1646451497180250112,2023-04-13T09:53:21.000Z,Verdade concordo...esse pico da esquerda tem tudo que ser banido do pais...vão todos morar em Cuba...e serão comunistas felizes!!!,0,0,0,https://twitter.com/BohnGass/status/1645940853465120768
Sandra Ribeiro,@srr4256,https://twitter.com/srr4256/status/1646579864646942728,2023-04-13T18:23:26.000Z,Ainnnn que nervosinho,0,0,0,https://twitter.com/BohnGass/status/1645940853465120768
Cláudia mortari Schmidt,@MortariSchmidt,https://twitter.com/MortariSchmidt/status/1645944055031906312,2023-04-12T00:16:57.000Z,Isso foi um teatrinho pra gerar filminho pra o ZAP dos bolsonaristas..,0,0,7,https://twitter.com/BohnGass/status/1645940853465120768
striker (selo azul),@iambluedabadi,https://twitter.com/iambluedabadi/status/1646232390438617096,2023-04-12T19:22:42.000Z,"Impressionante como os verdadeiros fascistas chamam outrem desta péssima alcunha sem o menor pudor! Crie vergonha na cara, safado!",0,0,0,https://twitter.com/BohnGass/status/1645940853465120768
Jurema da Silva,@DalianeDeOlive3,https://twitter.com/DalianeDeOlive3/status/1646247573395472389,2023-04-12T20:23:01.000Z,E mesmo ?,0,0,0,https://twitter.com/BohnGass/status/1645940853465120768
Monica,@Monica84253498,https://twitter.com/Monica84253498/status/1646211944989310998,2023-04-12T18:01:27.000Z,Vcs são patéticos,0,0,0,https://twitter.com/BohnGass/status/1645940853465120768
Houstheing Rodrigues,@houstheing,https://twitter.com/houstheing/status/1646201928894890002,2023-04-12T17:21:39.000Z,Por vc chamaria os Cupixas do complexo da Mare kkkk,0,0,0,https://twitter.com/BohnGass/status/1645940853465120768
Ronnie Dietri,@RonnieDietri,https://twitter.com/RonnieDietri/status/1646216139343527937,2023-04-12T18:18:07.000Z,Ah entendi! Quando Janones fala absurdos e infâmias é só opinião dele né! Palhaçada!,0,0,0,https://twitter.com/BohnGass/status/1645940853465120768
Reconfigurando...,@aveextinta,https://twitter.com/aveextinta/status/1646056107830390785,2023-04-12T07:42:13.000Z,Ministro fujão.,0,0,0,https://twitter.com/BohnGass/status/1645940853465120768
Árabe,@magno537,https://twitter.com/magno537/status/1646138403258351616,2023-04-12T13:09:13.000Z,"Falou a turma do exemplo kkk

Bando de patifes, hipócritas, traidores da pátria 🤡",0,0,0,https://twitter.com/BohnGass/status/1645940853465120768
Ailton Santana,@ailtondf,https://twitter.com/ailtondf/status/1646150832759488512,2023-04-12T13:58:37.000Z,"A direita tem muito o que aprender!

Para início de conversa, não se faz CONVITE!No convite ele não é obrigado a ir, se ir não é obrigado a ficar e pior nem tem responsabilidade de falar a verdade.

O correto é intimar! E outra, a direita deve ajudar nos acertos antes da sabatina",0,0,0,https://twitter.com/BohnGass/status/1645940853465120768
Odila Olivéira,@odilaros21,https://twitter.com/odilaros21/status/1646159961582448648,2023-04-12T14:34:53.000Z,"Vcs são bandidos e quem está acabando com nosso país, nossa liberdade só mentiras e manipulações! Ninguém aguenta mais!🤡🤡🤡",0,0,0,https://twitter.com/BohnGass/status/1645940853465120768
Tiao®,@Twisla2022,https://twitter.com/Twisla2022/status/1646071666215120897,2023-04-12T08:44:02.000Z,Esse @ArthurLira_ é um bosta a serviço da extrema direita.,0,0,0,https://twitter.com/BohnGass/status/1645940853465120768
Cristiane,@Crisfarias38,https://twitter.com/Crisfarias38/status/1646160572348497923,2023-04-12T14:37:19.000Z,O fujão está chorando! Que ministro mequetrefe!,0,0,0,https://twitter.com/BohnGass/status/1645940853465120768
Cristiane,@Crisfarias38,https://twitter.com/Crisfarias38/status/1646160860035923974,2023-04-12T14:38:27.000Z,Dino não precisa de policiais no meio do tráfico?,0,0,0,https://twitter.com/BohnGass/status/1645940853465120768
Liliana,@LILIANA1994,https://twitter.com/LILIANA1994/status/1646083991152328707,2023-04-12T09:33:00.000Z,Vamos assistir a CPI das vacinas....,0,0,0,https://twitter.com/BohnGass/status/1645940853465120768
PiuPiuNervoso2,@Piupiunervoso2,https://twitter.com/Piupiunervoso2/status/1646175035432787970,2023-04-12T15:34:47.000Z,Isso aqui é o exemplo de respeito q vcs tem para demonstrar ? Ninguém da esquerda ficou indignado com essa ameaça de morte sofrida por Bolsonaro… agora querem pagar de moralistas.,0,0,0,https://twitter.com/BohnGass/status/1645940853465120768
Luciano Oliveira,@Oliveirasart,https://twitter.com/Oliveirasart/status/1646107446669193216,2023-04-12T11:06:13.000Z,"Os deputados da esquerda são uma candura, kkkkk só que não, passaram 4 anos só ofendendo e agora querem flores 😂😂😂😂",0,0,0,https://twitter.com/BohnGass/status/1645940853465120768
Sérgio Augusto Mello da Silva,@SrgioAugustoMe1,https://twitter.com/SrgioAugustoMe1/status/1646160294744322049,2023-04-12T14:36:13.000Z,Quem começa mesmo com a falta de decoro?,0,0,0,https://twitter.com/BohnGass/status/1645940853465120768
Maria Laudelina Goulart,@MariaLaudelina6,https://twitter.com/MariaLaudelina6/status/1646156380523429888,2023-04-12T14:20:39.000Z,"No plenário precisa de policiais?
Para subir nas comunidades dominadas pelo narco-trafico não precisou.
Quem mais gritava e não deixava ninguém falar eram seus colegas,da esquerda.
Tudo dentro do combinado,né?
@FUJ@0!!!!",0,0,0,https://twitter.com/BohnGass/status/1645940853465120768
Formiga,@f0rmiguinhas,https://twitter.com/f0rmiguinhas/status/1646185495402086400,2023-04-12T16:16:21.000Z,E esse caso aqui? É a encoxada do bem?,0,0,0,https://twitter.com/BohnGass/status/1645940853465120768
Luis Antonio Costa Santiago,@tonymaraba1,https://twitter.com/tonymaraba1/status/1646172813235986437,2023-04-12T15:25:57.000Z,Comunismo não passa. Esse papo de petezada não cola.,0,0,0,https://twitter.com/BohnGass/status/1645940853465120768
Silvia,@Silvia474845856,https://twitter.com/Silvia474845856/status/1646185606941229063,2023-04-12T16:16:48.000Z,"Ohhhh.
Falou o capacho do narcoditador.
Quem são vcs da esquerda  para falar em educação?",0,0,0,https://twitter.com/BohnGass/status/1645940853465120768
Ageu Miteo,@AgeuMiteo,https://twitter.com/AgeuMiteo/status/1646165985878069250,2023-04-12T14:58:49.000Z,Dino arregou... Fujãooo !!!! Fujãooo !!!!Fujãooo !!!!Fujãooo !!!!Fujãooo !!!!Fujãooo !!!!Fujãooo !!!!Fujãooo !!!!Fujãooo !!!!Fujãooo !!!!Fujãooo !!!!Fujãooo !!!!Fujãooo !!!!Fujãooo !!!!Fujãooo !!!!Fujãooo !!!!Fujãooo !!!!Fujãooo !!!!Fujãooo !!!!Fujãooo !!!!Fujãooo !!!!Fujãooo !!!,0,0,0,https://twitter.com/BohnGass/status/1645940853465120768
AniTcha Camargo,@anitchacamargo,https://twitter.com/anitchacamargo/status/1646182402799042560,2023-04-12T16:04:04.000Z,Se estivem trabalhando isso não aconteceria! Estão preocupados com eleição?!,0,0,0,https://twitter.com/BohnGass/status/1645940853465120768
Nascimento Nascimento,@HelenoF96333926,https://twitter.com/HelenoF96333926/status/1646151845818015746,2023-04-12T14:02:38.000Z,Um vagabundo cínico,0,0,0,https://twitter.com/BohnGass/status/1645940853465120768
denilson stankevicz,@DStankevicz,https://twitter.com/DStankevicz/status/1646151957806043139,2023-04-12T14:03:05.000Z,Kkkkkkkkk,0,0,0,https://twitter.com/BohnGass/status/1645940853465120768
Fabiano,@ANABONGUE,https://twitter.com/ANABONGUE/status/1646159889398480904,2023-04-12T14:34:36.000Z,"kkk calaboca, im be cil. Só fala me r d a",0,0,0,https://twitter.com/BohnGass/status/1645940853465120768
