nome,usuario,idTweet,dataPublicacao,texto,replies,retweets,likes,tweetPai
Fernanda Louback,@FernandaLoubac2,https://twitter.com/FernandaLoubac2/status/1645220628125872129,2023-04-10T00:22:19.000Z,Hahahaha. Escolhe outra cena😂😂😂,0,0,15,https://twitter.com/AlencarBraga13/status/1645069380256923650
Coronel Amaro (R1),@Amaro_Coronel,https://twitter.com/Amaro_Coronel/status/1645193017618231296,2023-04-09T22:32:36.000Z,kkkkk... Imagem bem fechada para ninguém perceber que tinha 23 GATOS PINGADOS PAGOS COM MORTADELA!!! VOCÊS SÃO PATÉTICOS!!!,7,26,310,https://twitter.com/AlencarBraga13/status/1645069380256923650
Rose,@RoseBacellar,https://twitter.com/RoseBacellar/status/1645241824586485760,2023-04-10T01:46:32.000Z,Chupa. 🤣🤣🤣🤣,2,10,35,https://twitter.com/AlencarBraga13/status/1645069380256923650
AntonioGarciaS. Deus - Pátria - Família,@AGarciaS1611,https://twitter.com/AGarciaS1611/status/1645250607698018307,2023-04-10T02:21:26.000Z,Gastando dinheiro público para levar solidariedade às pessoas prejudicadas pela chuva. É só isso que Nine de Kid tem para oferecer? Mais uma vez fazendo palanque com as desgraças do povo.,0,0,3,https://twitter.com/AlencarBraga13/status/1645069380256923650
Eliazer Azevedo Campos,@EliazerAzevedo3,https://twitter.com/EliazerAzevedo3/status/1645372385489502212,2023-04-10T10:25:20.000Z,""" A diferença é muito grande do amor de Bolsonaro com o povão brasileiros""
Lula conversar com o povo nordestinos só se for atrás da cerca de arane farpado. Pelo jeito para Lula agora que já ganhou as eleição com os votos dos nordestinos, eles são pessoas surjas e ingratas.",0,0,2,https://twitter.com/AlencarBraga13/status/1645069380256923650
Raimundo,@Raimund70408077,https://twitter.com/Raimund70408077/status/1645411304440512514,2023-04-10T12:59:59.000Z,"Por q o desprezo por essa minoria de pessoas simples? Por q evitar o contato com o a ""multidao"", separados com uma certa de arame farpado? Só pessoas pagas se sujeitariam a tanta humilhação!",0,0,0,https://twitter.com/AlencarBraga13/status/1645069380256923650
Cris,@CrisFurtado1818,https://twitter.com/CrisFurtado1818/status/1645210979737776129,2023-04-09T23:43:58.000Z,E essa cerca de arame farpado aí? 🧐,0,0,0,https://twitter.com/AlencarBraga13/status/1645069380256923650
Nelson Junior Mendes,@NelsonJuniorMe5,https://twitter.com/NelsonJuniorMe5/status/1645223563811516417,2023-04-10T00:33:59.000Z,Querem fazer igual o  Bolsonaro 😂😂😂😂,0,0,1,https://twitter.com/AlencarBraga13/status/1645069380256923650
Nelson Junior Mendes,@NelsonJuniorMe5,https://twitter.com/NelsonJuniorMe5/status/1645223615057494017,2023-04-10T00:34:11.000Z,Bolsonaro é o mito ✅🤝🤝,0,0,2,https://twitter.com/AlencarBraga13/status/1645069380256923650
G.MUNIZ.S.PATRIOTA BRASILEIRO,@setorcomercial2,https://twitter.com/setorcomercial2/status/1645243587872067584,2023-04-10T01:53:33.000Z,Kkkkkkkkkkk piada do dia,0,0,1,https://twitter.com/AlencarBraga13/status/1645069380256923650
Gilson Pires,@GilsonP96693557,https://twitter.com/GilsonP96693557/status/1645414069376000001,2023-04-10T13:10:59.000Z,"Mas o gado não era a turma do Bolsonaro?
Já que gado que vive preso em cerca de arames farpados",0,1,1,https://twitter.com/AlencarBraga13/status/1645069380256923650
Eduardo Almeida,@Eduardo07905172,https://twitter.com/Eduardo07905172/status/1645237913104384005,2023-04-10T01:31:00.000Z,Arame farpado serve para???,0,0,4,https://twitter.com/AlencarBraga13/status/1645069380256923650
Rejane Monte,@Monte4Rejane,https://twitter.com/Monte4Rejane/status/1645404753029890049,2023-04-10T12:33:57.000Z,🤣🤣🤣🤣🤣 por 50 reais essa gente faz qualquer coisa.,1,0,0,https://twitter.com/AlencarBraga13/status/1645069380256923650
Bota de Orwell ☭⃠,@PrisonMatrix,https://twitter.com/PrisonMatrix/status/1645225709676134400,2023-04-10T00:42:30.000Z,"20 anos depois, acho q só o arame mudou!",0,3,25,https://twitter.com/AlencarBraga13/status/1645069380256923650
Ana Barreira,@AnaBarreira1951,https://twitter.com/AnaBarreira1951/status/1645220702633508867,2023-04-10T00:22:36.000Z,Emocionante!!? Deprimente!!,0,0,2,https://twitter.com/AlencarBraga13/status/1645069380256923650
Maryland Barros,@maryland_barros,https://twitter.com/maryland_barros/status/1645428602073219076,2023-04-10T14:08:43.000Z,🤡🤡🤡🤡,0,0,0,https://twitter.com/AlencarBraga13/status/1645069380256923650
Fabi da Pavuna,@babipatriota22,https://twitter.com/babipatriota22/status/1645370424056856576,2023-04-10T10:17:33.000Z,Ohhh kkkkkkkkk e como !!!! 😂😂😂😂😂😂😂😂😂🤣🤣🤣🤣🤣🤣🤣🤣🤣🤣🤣🤣🤣🤣🤣,0,0,0,https://twitter.com/AlencarBraga13/status/1645069380256923650
Luiz,@luizechoes,https://twitter.com/luizechoes/status/1645238571312332800,2023-04-10T01:33:37.000Z,Fala o nome da droga que vcs que apoiam o Lula usam queremos também acreditar nessa realidade paralela 🤣🤣🤣🤣,1,0,2,https://twitter.com/AlencarBraga13/status/1645069380256923650
Marcos Martins,@MarcosBoccalon,https://twitter.com/MarcosBoccalon/status/1645296056177946628,2023-04-10T05:22:02.000Z,Teatro mal feito,0,0,0,https://twitter.com/AlencarBraga13/status/1645069380256923650
Marisa victorio da silva,@victorio_marisa,https://twitter.com/victorio_marisa/status/1645072509971099652,2023-04-09T14:33:45.000Z,"#oBrasilVoltou Emocionante @Lula chegando ao Maranhão 🌧️🌧️🌧️✔️O Brasil voltou a ter um presidente que se importa com o seu povo e trabalha muito pelo bem da população! 
Vídeo emocionante do @LulaOficial chegando ao Maranhão para vistoriar as áreas afetadas pelas fortes chuvas.",3,0,0,https://twitter.com/AlencarBraga13/status/1645069380256923650
Joel Garcia Nunez,@b6c5c047b56c482,https://twitter.com/b6c5c047b56c482/status/1645166379694272512,2023-04-09T20:46:45.000Z,"Uma liderança inata q ninguém pode negar, meu presidente em um dia de hoje que é de ficar com a sua familia, está preocupado com a sua otra grande familia, que é seu povo, que sempre esté pensando no melhor pra dar. Felices Pascoas!",2,0,0,https://twitter.com/AlencarBraga13/status/1645069380256923650
Ana G.,@Ana_Ghr,https://twitter.com/Ana_Ghr/status/1645241373308723200,2023-04-10T01:44:45.000Z,Se importa tanto que tem uma cerca de arame farpado para que não chegue tão perto assim dos “pobres”.,0,0,5,https://twitter.com/AlencarBraga13/status/1645069380256923650
FCK NZTBolsonazista é a desgraça do país,@edinhobiribol,https://twitter.com/edinhobiribol/status/1645081322971430913,2023-04-09T15:08:46.000Z,"Saber que o povo tá lá de graça, apenas pq sabe que ali tem esperança em comer melhor, viver melhor e sem precisar atingir outras pessoas
O povo tá com vc @LulaOficial",6,0,1,https://twitter.com/AlencarBraga13/status/1645069380256923650
Fabio Borges,@FabioLBorges100,https://twitter.com/FabioLBorges100/status/1645448239691202560,2023-04-10T15:26:45.000Z,Separados por uma cerca de arame farpado.,0,0,1,https://twitter.com/AlencarBraga13/status/1645069380256923650
NÃOAS MPs!,@angelan59870880,https://twitter.com/angelan59870880/status/1645390886941933568,2023-04-10T11:38:51.000Z,"Mas o arame farpado entre ele e os coitados que votaram nele?

Tudo bem?",0,0,0,https://twitter.com/AlencarBraga13/status/1645069380256923650
Helio Andrade,@helioandrade23,https://twitter.com/helioandrade23/status/1645227537541341186,2023-04-10T00:49:46.000Z,O arame farpado comprova isso!!!,0,0,2,https://twitter.com/AlencarBraga13/status/1645069380256923650
Giovani Spagnuolo Jr B22,@giovanispag,https://twitter.com/giovanispag/status/1645233567956361216,2023-04-10T01:13:44.000Z,🤮🤮🤮,0,0,0,https://twitter.com/AlencarBraga13/status/1645069380256923650
Fernando Hoffmann Fr,@FH_Hoffmann,https://twitter.com/FH_Hoffmann/status/1645243700560158720,2023-04-10T01:54:00.000Z,O arame farpado era para separar o povo do seu amigue?,0,0,2,https://twitter.com/AlencarBraga13/status/1645069380256923650
Marta teodora,@Martateodora3,https://twitter.com/Martateodora3/status/1645362083179945984,2023-04-10T09:44:24.000Z,"Governo se importa  c/povo tanto que o recebe atrás de cerca de arame ,aumenta impostos desoneração do bem só p/lei Rouanet,aumenta a inflação desemprego 18 reais no salário mínimo, e acaba c/marco do saneamento p/voltar as politicagem c/estatais de água q nunca fizeram nada.",1,0,3,https://twitter.com/AlencarBraga13/status/1645069380256923650
Valdecil de Souza,@Valdecil,https://twitter.com/Valdecil/status/1645223972479332357,2023-04-10T00:35:36.000Z,"É muito mau caratismo .. tratar o povo dessa mineira , cercar com arame farpado e vir com discursinho ..",0,0,5,https://twitter.com/AlencarBraga13/status/1645069380256923650
AngeladeCamposSalles 4a conta,@aline_csalles,https://twitter.com/aline_csalles/status/1645232806132367361,2023-04-10T01:10:42.000Z,"Separado por uma cerca de arame farpado.... 
Será que ele sai na Paulista sem segurança???
Du vi de o do.",0,0,14,https://twitter.com/AlencarBraga13/status/1645069380256923650
Hemerson. Alfa Foxtrot.,@HemersonSoares7,https://twitter.com/HemersonSoares7/status/1645352076074004484,2023-04-10T09:04:38.000Z,se importa? 😂😂😂😂😂🫢o povo atrás de um arame farpado que lembra refugiados famintos a implorar por alimentos ou uma  verdadeira vida de gado.🇧🇷🇧🇷,0,0,4,https://twitter.com/AlencarBraga13/status/1645069380256923650
hippolyto brum jr,@hbrumjunior,https://twitter.com/hbrumjunior/status/1645277375079366657,2023-04-10T04:07:48.000Z,Como se importa ….. mais parece um campo de concentração com o povo separado por cerca d arame farpado.,1,0,8,https://twitter.com/AlencarBraga13/status/1645069380256923650
James Days,@JamesDayssss,https://twitter.com/JamesDayssss/status/1645252382496784387,2023-04-10T02:28:29.000Z,Tirou o relogio de 80 mil do pulso pq ?,0,0,3,https://twitter.com/AlencarBraga13/status/1645069380256923650
D.Clean,@CostaDenio,https://twitter.com/CostaDenio/status/1645231985437163521,2023-04-10T01:07:26.000Z,"O Loola cortou o 13⁰ do bolsa família desse mesmo povo aí!
Será que eles já sabem?
Duvido!🎯",0,0,7,https://twitter.com/AlencarBraga13/status/1645069380256923650
Levi Alexandre Alves,@Levi4lexandre,https://twitter.com/Levi4lexandre/status/1645253006487609344,2023-04-10T02:30:58.000Z,E o arame farpado,0,0,4,https://twitter.com/AlencarBraga13/status/1645069380256923650
𝔽𝔸𝔹𝕀𝕆,@Jmb_newage,https://twitter.com/Jmb_newage/status/1645332477471252481,2023-04-10T07:46:46.000Z,"Da série de agradecimentos do 9 dedos, depois do vírus que a natureza criou, agora têm a chuva que desabrigou o povo, Brasil voltou 20 anos atrás com esse desgoverno",2,0,3,https://twitter.com/AlencarBraga13/status/1645069380256923650
RonaldoReis,@ronaldoareis77,https://twitter.com/ronaldoareis77/status/1645507149798469633,2023-04-10T19:20:51.000Z,Interessante o presidente não se importar do seu povo atrás de cercas de arame como animais. Quem são os GADOS afinal?,0,0,0,https://twitter.com/AlencarBraga13/status/1645069380256923650
Sandra,@sandrambrus,https://twitter.com/sandrambrus/status/1645381312981729284,2023-04-10T11:00:49.000Z,"É  bizarro ver como este senhor trata a população carente. Faz uso de uma cerca de arame farpado para manter o povo afastado. Trata o povo que ainda acredita, como animal.
A realidade está por toda parte. Pessoas arrependidas por terem feito o L.",0,0,1,https://twitter.com/AlencarBraga13/status/1645069380256923650
Marcos Ramos,@Marcosrcfaria,https://twitter.com/Marcosrcfaria/status/1645231852687376385,2023-04-10T01:06:55.000Z,Militância paga.,0,0,2,https://twitter.com/AlencarBraga13/status/1645069380256923650
Alessandra Malta,@castilhomalta,https://twitter.com/castilhomalta/status/1645281058865451008,2023-04-10T04:22:26.000Z,"Hahahahahaha…. Mas vcs estão fazendo um papel tão ridículo, mas está taoooooo ridículo. Vcs na hora de fazerem o trabalho de casa , devem xingar o professor à beça né?!",0,0,2,https://twitter.com/AlencarBraga13/status/1645069380256923650
Sanches,@Santiag06526718,https://twitter.com/Santiag06526718/status/1645404470908530688,2023-04-10T12:32:50.000Z,Um bilhão de pessoas...,0,0,0,https://twitter.com/AlencarBraga13/status/1645069380256923650
hippolyto brum jr,@hbrumjunior,https://twitter.com/hbrumjunior/status/1645277702297903106,2023-04-10T04:09:06.000Z,Papai Ama vocês ! 🫶🫶🫶Pra lá do arame farpado. 🙈🙈🙈,0,0,2,https://twitter.com/AlencarBraga13/status/1645069380256923650
Amos Sousa,@AmosrBSousa055,https://twitter.com/AmosrBSousa055/status/1645069640467349504,2023-04-09T14:22:20.000Z,O  Pai tá ON..,0,0,2,https://twitter.com/AlencarBraga13/status/1645069380256923650
David Freitas,@DavidFreitasTW,https://twitter.com/DavidFreitasTW/status/1645124564022640640,2023-04-09T18:00:35.000Z,Lula genocida,0,0,4,https://twitter.com/AlencarBraga13/status/1645069380256923650
Leilani lamartine,@Leilanilamarti4,https://twitter.com/Leilanilamarti4/status/1645305210930069504,2023-04-10T05:58:25.000Z,100 pessoas? Atraves de arame farpado? A que ponto se chega p isto!,0,0,2,https://twitter.com/AlencarBraga13/status/1645069380256923650
Antônio Zomer,@AntnioZomer4,https://twitter.com/AntnioZomer4/status/1645230970088423424,2023-04-10T01:03:24.000Z,Não vejo multidão nenhuma apoiando luladrao.,0,0,2,https://twitter.com/AlencarBraga13/status/1645069380256923650
Brasileira Mané,@elechimamil,https://twitter.com/elechimamil/status/1645236277036347392,2023-04-10T01:24:30.000Z,"O video sem distanciamento é proposital, apenas a galera da seita entende e curte. Pra quem tem um pouco mais de caráter,  é apenas previsível.",0,0,3,https://twitter.com/AlencarBraga13/status/1645069380256923650
Marco Lacerda,@MarcoLacerda15,https://twitter.com/MarcoLacerda15/status/1645220789518467073,2023-04-10T00:22:57.000Z,Não existe lugar seguro com bandidos no poder!,0,0,1,https://twitter.com/AlencarBraga13/status/1645069380256923650
R. Rodrigues,@RRR230210,https://twitter.com/RRR230210/status/1645233076849573890,2023-04-10T01:11:47.000Z,"Parece imagem de um campo de concentração. Mas é só imagem da República soviética do Maranhão. Ainda bem que o amor venceu, amigue.🤡🤡🤡",1,0,7,https://twitter.com/AlencarBraga13/status/1645069380256923650
Giselle A. A.,@AsfuryGi,https://twitter.com/AsfuryGi/status/1645260507618717697,2023-04-10T03:00:47.000Z,"COITADO, digno de pena!!!",0,0,2,https://twitter.com/AlencarBraga13/status/1645069380256923650
Emerson de Castro,@Ecastro_76,https://twitter.com/Ecastro_76/status/1645426607543185408,2023-04-10T14:00:48.000Z,"A imagem de sempre, o povão separado com ARAME “FARPADO” para não ter acesso ao bandido! 

Parece cena de filme de guerra! 

Triste cena! 

Não quer contato com o povo de forma direta?",0,0,1,https://twitter.com/AlencarBraga13/status/1645069380256923650
Viviane S. Taborna,@vivitaborna,https://twitter.com/vivitaborna/status/1645350395038801920,2023-04-10T08:57:57.000Z,Uai! Ministro da Justiça???????? Teve crime além das chuvas????????????,0,0,1,https://twitter.com/AlencarBraga13/status/1645069380256923650
Maria Navarro,@MariaNa1015934,https://twitter.com/MariaNa1015934/status/1645221267694387200,2023-04-10T00:24:51.000Z,"Graças a corrupção que ele gerenciou, estão literal mente na lama.",0,0,2,https://twitter.com/AlencarBraga13/status/1645069380256923650
marcia,@marciam91900301,https://twitter.com/marciam91900301/status/1645235130770898944,2023-04-10T01:19:56.000Z,Que ridículo kkk vcs não tem vergonha não? O que seria emocionante ver a cerca ou um pingo de gente kk,0,0,2,https://twitter.com/AlencarBraga13/status/1645069380256923650
janaina,@janaina55265808,https://twitter.com/janaina55265808/status/1645284972218003456,2023-04-10T04:37:59.000Z,100 pessoas no máximo,0,0,0,https://twitter.com/AlencarBraga13/status/1645069380256923650
,@GrandeArquyteto,https://twitter.com/GrandeArquyteto/status/1645241373476417536,2023-04-10T01:44:45.000Z,Arame farpado?,0,0,0,https://twitter.com/AlencarBraga13/status/1645069380256923650
Felix De sousa nunes,@agsousanunes,https://twitter.com/agsousanunes/status/1645357999366578176,2023-04-10T09:28:10.000Z,Uma cerca de arame farpado! Só me lembra os currais eleitorais do nordeste e os campos de concentração do nazismo! Vergonha alheia!,0,0,0,https://twitter.com/AlencarBraga13/status/1645069380256923650
Inacio Sousa,@InacioSousa16,https://twitter.com/InacioSousa16/status/1645303567085981697,2023-04-10T05:51:53.000Z,"Isso é coisa mais humilhante e vergonhoso que já vi.
Isso não é apoio, isso é demagogia  barata e comprado, tanto que puseram  os idiotas atrás de um cerca de arrume farpado , e fecharam a imagem  pra impressão que havia muita gente, não chega 100",0,0,0,https://twitter.com/AlencarBraga13/status/1645069380256923650
T OAJ Price,@TAJpricee,https://twitter.com/TAJpricee/status/1645388393566617601,2023-04-10T11:28:57.000Z,Cercadin do Nine,0,0,0,https://twitter.com/AlencarBraga13/status/1645069380256923650
Mauro Roberto Soares,@maurosoares1974,https://twitter.com/maurosoares1974/status/1645229738040934402,2023-04-10T00:58:31.000Z,🤣🤣🤣,0,0,0,https://twitter.com/AlencarBraga13/status/1645069380256923650
Roberto Souza,@Roberto43588631,https://twitter.com/Roberto43588631/status/1645369638967029766,2023-04-10T10:14:26.000Z,#ImpeachmentDoLulaJá,0,0,0,https://twitter.com/AlencarBraga13/status/1645069380256923650
mescolottocelso23@gmail.com,mescolottocelso23@gmail.com,https://twitter.com/mescolottocels3/status/1645373776194936832,2023-04-10T10:30:52.000Z,kkkkkkkkkkkkkkk faz uma vista com drone vamos ver a multidão. kk,0,0,0,https://twitter.com/AlencarBraga13/status/1645069380256923650
Kátia Telles,@ktia_telles,https://twitter.com/ktia_telles/status/1645335161884606465,2023-04-10T07:57:26.000Z,😂😂😂😂,0,0,0,https://twitter.com/AlencarBraga13/status/1645069380256923650
Ana Loureiro,@loureana64,https://twitter.com/loureana64/status/1645221886656225280,2023-04-10T00:27:19.000Z,Porque o arame para separar o povo tão amado???,0,0,0,https://twitter.com/AlencarBraga13/status/1645069380256923650
Antiesquerdalha,@Rossinieg,https://twitter.com/Rossinieg/status/1645378381138087936,2023-04-10T10:49:10.000Z,abre a camera- deve ter uns 30 lá hahahahaq,0,0,0,https://twitter.com/AlencarBraga13/status/1645069380256923650
Benjamimhad,@benjamimamim,https://twitter.com/benjamimamim/status/1645109723690147841,2023-04-09T17:01:37.000Z,Andar de avião que eu pago é simples !,0,0,1,https://twitter.com/AlencarBraga13/status/1645069380256923650
Sandra Dalva,@Dalva1Sandra,https://twitter.com/Dalva1Sandra/status/1645803407167614977,2023-04-11T14:58:04.000Z,"Volta Bolsonaro.
O povo te espera com saudades",0,0,0,https://twitter.com/AlencarBraga13/status/1645069380256923650
Luis Valladares,@Luis_H_G_V,https://twitter.com/Luis_H_G_V/status/1645238851483443201,2023-04-10T01:34:43.000Z,O arame farpado lembra duas coisas: gado e campos de concentração 🤦‍♂️,0,0,1,https://twitter.com/AlencarBraga13/status/1645069380256923650
Não Calo,@Naocalonao,https://twitter.com/Naocalonao/status/1645294142782668800,2023-04-10T05:14:26.000Z,Imagem fechada vai usar uma eternidade 😂😂😂😂😂😂😂😂,0,0,0,https://twitter.com/AlencarBraga13/status/1645069380256923650
Amadeu Avelino dos Santos,@AmadeuAvelinod2,https://twitter.com/AmadeuAvelinod2/status/1645225102806532098,2023-04-10T00:40:05.000Z,Trabalha muito onde;  até agora os brasileiros não viram uma vírgula de trabalho além de perseguições..De conversa Fiada os brasileiros já estão de saco cheio do PT..,0,0,1,https://twitter.com/AlencarBraga13/status/1645069380256923650
Rocha,@RochaEliz,https://twitter.com/RochaEliz/status/1645155132210905091,2023-04-09T20:02:03.000Z,Pra que essa cerca mesmo?,0,0,4,https://twitter.com/AlencarBraga13/status/1645069380256923650
Débora Salessim,@dsales64,https://twitter.com/dsales64/status/1645413905475284994,2023-04-10T13:10:20.000Z,Ficou legal essa cerca de arame farpado no meio. Achei muito emocionante.,0,0,1,https://twitter.com/AlencarBraga13/status/1645069380256923650
marisa parreiras,@ParreirasMarisa,https://twitter.com/ParreirasMarisa/status/1645381800888246273,2023-04-10T11:02:45.000Z,Olha a cerca de arame farpado gente!,0,0,1,https://twitter.com/AlencarBraga13/status/1645069380256923650
Wesley libertário,@Liberdadecensur,https://twitter.com/Liberdadecensur/status/1645242252271206402,2023-04-10T01:48:14.000Z,O povo precisa de socorro não de visitas politiqueiras,0,0,1,https://twitter.com/AlencarBraga13/status/1645069380256923650
CLINT BRAZILWOOD 22 22,@Paulobogea75,https://twitter.com/Paulobogea75/status/1645400109331496964,2023-04-10T12:15:30.000Z,"É sim, por trás do arame farpado .",0,0,1,https://twitter.com/AlencarBraga13/status/1645069380256923650
Mariana Oliveira,@Mariana22mg,https://twitter.com/Mariana22mg/status/1645385002442534912,2023-04-10T11:15:29.000Z,Verdade. Qm colocou o arame aí foi os Bolsoamions só p causar .,0,0,1,https://twitter.com/AlencarBraga13/status/1645069380256923650
Ana Paula,@AnaPaul93317914,https://twitter.com/AnaPaul93317914/status/1645237731105316864,2023-04-10T01:30:16.000Z,"Vergonha sua falar isso! Olhe para o Maranhão! Que tristeza! Não tem nem vergonha de elogiar esse sujeito populista, sem vergonha, que se vendeu...a população carente está longe de conhecer a verdade, e é isso mesmo que querem! Safados!",0,0,2,https://twitter.com/AlencarBraga13/status/1645069380256923650
Any,@eny_braz,https://twitter.com/eny_braz/status/1645260235026710533,2023-04-10T02:59:42.000Z,Porque ele ficou atrás da cerca farpada? Porque não abraçou o povo que ele gosta?,0,0,2,https://twitter.com/AlencarBraga13/status/1645069380256923650
Marcus de Souza,@MarcusR68239974,https://twitter.com/MarcusR68239974/status/1645323585811271680,2023-04-10T07:11:26.000Z,A gente já sabia disso. Ele aqui e os coifados atrás do arame farpado… cada um que tire suas conclusões,0,0,0,https://twitter.com/AlencarBraga13/status/1645069380256923650
Nilson Ramos,@NilsonR23834882,https://twitter.com/NilsonR23834882/status/1645340297918926848,2023-04-10T08:17:50.000Z,"Meu povo perece por falta de conhecimento !!
Dói no coração ver um povo tão sofrido ser tratado como gado.",0,0,0,https://twitter.com/AlencarBraga13/status/1645069380256923650
Adailton Silva,@mjovi99,https://twitter.com/mjovi99/status/1645394091570610176,2023-04-10T11:51:36.000Z,"Tudo reconhecimento pelo estado, o mais rico do Brasil...",0,0,0,https://twitter.com/AlencarBraga13/status/1645069380256923650
Beto Viegas,@betoviegas66,https://twitter.com/betoviegas66/status/1645401704374980608,2023-04-10T12:21:51.000Z,E o arame farpado???,0,0,0,https://twitter.com/AlencarBraga13/status/1645069380256923650
Ageu Miteo,@AgeuMiteo,https://twitter.com/AgeuMiteo/status/1645404206604382208,2023-04-10T12:31:47.000Z,O gado atrás do arame farpado...kkkkk,0,0,0,https://twitter.com/AlencarBraga13/status/1645069380256923650
Gil Aron De Magalhães Sales,@GilaronmsProf,https://twitter.com/GilaronmsProf/status/1645414029286944770,2023-04-10T13:10:49.000Z,Sempre com uma cerca no meio entre o presidente e o povo!!,0,0,0,https://twitter.com/AlencarBraga13/status/1645069380256923650
Agnaldo Ferreira da Silva,@selodeconfianca,https://twitter.com/selodeconfianca/status/1645414770554675202,2023-04-10T13:13:46.000Z,"Tão bem arquitetado que precisou ter um farpado para que nenhum corajoso pulasse a cerca e desse um corretivo neste pilantrinha""",0,0,0,https://twitter.com/AlencarBraga13/status/1645069380256923650
carlos,@carlos70695125,https://twitter.com/carlos70695125/status/1645454215475494913,2023-04-10T15:50:30.000Z,Ele tá andando no meio do povão? Ou tem uma cerca de arame farpado que os separa??? Kkkkkkk,0,0,0,https://twitter.com/AlencarBraga13/status/1645069380256923650
Nélia Neves,@NliaNeves9,https://twitter.com/NliaNeves9/status/1645407390735450112,2023-04-10T12:44:26.000Z,meu Jesusssss,0,0,0,https://twitter.com/AlencarBraga13/status/1645069380256923650
kadu,@kadu60233903,https://twitter.com/kadu60233903/status/1650853166684962816,2023-04-25T13:24:00.000Z,Piada,0,0,0,https://twitter.com/AlencarBraga13/status/1645069380256923650
Bete,@betesbf,https://twitter.com/betesbf/status/1647531774623326211,2023-04-16T09:25:59.000Z,"😂😂😂😂😂😂 isso é piada, não é. 😂😂😂😂😂😂",0,0,0,https://twitter.com/AlencarBraga13/status/1645069380256923650
Thales Marangon,@ThalesMarangon,https://twitter.com/ThalesMarangon/status/1645428568946782208,2023-04-10T14:08:36.000Z,Imagina a quantidade de mortadela deve ter distribuído. Kkk,0,0,0,https://twitter.com/AlencarBraga13/status/1645069380256923650
Jaime Weiss,@JaimeWe75434123,https://twitter.com/JaimeWe75434123/status/1648415971235749893,2023-04-18T19:59:28.000Z,Mais uma mentira.,0,0,0,https://twitter.com/AlencarBraga13/status/1645069380256923650
CRLOS,@karlos_1982,https://twitter.com/karlos_1982/status/1645133153835556865,2023-04-09T18:34:43.000Z,Lambe saco.,0,0,0,https://twitter.com/AlencarBraga13/status/1645069380256923650
ricardo bauer,@ricardo73855856,https://twitter.com/ricardo73855856/status/1645360386869215233,2023-04-10T09:37:40.000Z,30 pelegos atrás de uma cerca!! 🤡🤮,0,0,0,https://twitter.com/AlencarBraga13/status/1645069380256923650
ubiratan0276,@ubiratan02761,https://twitter.com/ubiratan02761/status/1645736919618183171,2023-04-11T10:33:52.000Z,Faltou jogar o pão velho e sacos de comida,0,0,0,https://twitter.com/AlencarBraga13/status/1645069380256923650
Everaldo Carlos martines,@Everald63110689,https://twitter.com/Everald63110689/status/1645366230478364673,2023-04-10T10:00:53.000Z,Demagogo,0,0,0,https://twitter.com/AlencarBraga13/status/1645069380256923650
Loami Barros,@LoamiXavier,https://twitter.com/LoamiXavier/status/1645230564360724480,2023-04-10T01:01:48.000Z,Agora filma de cima ora gente ver quantos tem aí kkkk,0,0,0,https://twitter.com/AlencarBraga13/status/1645069380256923650
Audrey,@Audrey10430815,https://twitter.com/Audrey10430815/status/1645505503894593536,2023-04-10T19:14:18.000Z,"½ dúzia de gatos pingados atrás de um arame farpado, é assim que ele trata os eleitores!? 🤮",0,0,0,https://twitter.com/AlencarBraga13/status/1645069380256923650
Audrey,@Audrey10430815,https://twitter.com/Audrey10430815/status/1645507366417313792,2023-04-10T19:21:42.000Z,Crie vergonha na cara!,0,0,0,https://twitter.com/AlencarBraga13/status/1645069380256923650
Marcelo Lima,@Marcelo08444139,https://twitter.com/Marcelo08444139/status/1645112881824890882,2023-04-09T17:14:10.000Z,Meu Deus.....,0,0,2,https://twitter.com/AlencarBraga13/status/1645069380256923650
Eva Garccia,@GarcciaEva,https://twitter.com/GarcciaEva/status/1645237955831771137,2023-04-10T01:31:10.000Z,A inveja do cercadinho é tanta que ele quis copiar com arame farpado... 😗,0,0,4,https://twitter.com/AlencarBraga13/status/1645069380256923650
Anúbis@1966,Anúbis@1966,https://twitter.com/Anbis19661/status/1646859147026022400,2023-04-14T12:53:12.000Z,"Que ""carinho"" é esse??!!!
Ah,sim...os carros pipas estão bem carinhos, mesmo!",0,0,0,https://twitter.com/AlencarBraga13/status/1645069380256923650
Rosely,@Rosely99243269,https://twitter.com/Rosely99243269/status/1645180855172644864,2023-04-09T21:44:16.000Z,Kkkkk. Atrás de um arame farpado.kkkkkk,0,0,5,https://twitter.com/AlencarBraga13/status/1645069380256923650
Olivia Newton,@OliviaNJ2002,https://twitter.com/OliviaNJ2002/status/1645399096524521472,2023-04-10T12:11:29.000Z,"Claro… 🤡Além do VT, vai dar quanto de dinheiro pra ajudar na tragedia?",0,0,1,https://twitter.com/AlencarBraga13/status/1645069380256923650
Amadeu Bueno,@amadeu_bueno,https://twitter.com/amadeu_bueno/status/1645253824846651392,2023-04-10T02:34:13.000Z,"Isolado por arame farpado em circo montado fica fácil…
VEM AQUI NA FEIRA LULA!! Bora testar um negócio rapidão aqui!! VEM PRA RUA, VEM PRA FEIRA LIVRE!!",0,0,3,https://twitter.com/AlencarBraga13/status/1645069380256923650
Ju soares(zinha),@jujumelquiades2,https://twitter.com/jujumelquiades2/status/1645233619907096577,2023-04-10T01:13:56.000Z,Cuidado com o arrame farpado!!!,0,0,2,https://twitter.com/AlencarBraga13/status/1645069380256923650
NALIN,@MarcioNalin,https://twitter.com/MarcioNalin/status/1645230705893580800,2023-04-10T01:02:21.000Z,Por que ele sempre fica atrás da cerca? Tem medo do povo? Que estranho!,0,0,4,https://twitter.com/AlencarBraga13/status/1645069380256923650
Antonio Carlos Torres Pinto,@Antonio55194738,https://twitter.com/Antonio55194738/status/1645353049706078208,2023-04-10T09:08:30.000Z,Já leu os comentários?🙈,0,0,1,https://twitter.com/AlencarBraga13/status/1645069380256923650
ForalulaBr,@artoliverr,https://twitter.com/artoliverr/status/1645156472706269186,2023-04-09T20:07:23.000Z,"Separados por um arame farpado, covardia com o povo.",0,0,5,https://twitter.com/AlencarBraga13/status/1645069380256923650
fatima rosado,@fatimarosado18,https://twitter.com/fatimarosado18/status/1645418995233718272,2023-04-10T13:30:33.000Z,O Sr. está falando sério?  Kkkkkk,0,0,0,https://twitter.com/AlencarBraga13/status/1645069380256923650
motchel júnior,@Motchel18,https://twitter.com/Motchel18/status/1645407880584089601,2023-04-10T12:46:23.000Z,"Arame farpado é pra dividir o homem do animal, parabéns aos envolvidos. 👍🏼",0,0,0,https://twitter.com/AlencarBraga13/status/1645069380256923650
Neuza Vinhal Jaime Cameron,@AgroquimicaB,https://twitter.com/AgroquimicaB/status/1645400312025366528,2023-04-10T12:16:19.000Z,"As pessoas por trás arames farpados, me faz lembrar do holocausto.",0,0,0,https://twitter.com/AlencarBraga13/status/1645069380256923650
CANDIDO. V.S,@VandikCandido,https://twitter.com/VandikCandido/status/1645573920685457408,2023-04-10T23:46:10.000Z,Na Dubai brasileira (Maranhão) um exemplo de desenvolvimento e segurança.,0,0,0,https://twitter.com/AlencarBraga13/status/1645069380256923650
RODRIGO M.FERNANDES,@RodrigoKongss,https://twitter.com/RodrigoKongss/status/1645669944179277825,2023-04-11T06:07:44.000Z,De arame farpado? Alienígena.,0,0,0,https://twitter.com/AlencarBraga13/status/1645069380256923650
thiagoo_hiro,@thiagoo_hiro,https://twitter.com/thiagoo_hiro/status/1645414462873128963,2023-04-10T13:12:32.000Z,"Kkkkk só queria vê as imagens cm a Câmara aberta , detalhe o povo mesmo num tava não,  só militância mesmo",0,0,0,https://twitter.com/AlencarBraga13/status/1645069380256923650
Rosângela Farias de Mello,@Rosngel97421076,https://twitter.com/Rosngel97421076/status/1645402182135476224,2023-04-10T12:23:44.000Z,"Me engana que gosto.
Macro atacadista fecha, açaí fecha as portas. Aumento de ataques nas fazendas agronegócios, aumento de invasões nas cidades.
O poste mijando no cachorro",0,0,0,https://twitter.com/AlencarBraga13/status/1645069380256923650
Luciana,@LucianaLuccavet,https://twitter.com/LucianaLuccavet/status/1645617383648686081,2023-04-11T02:38:53.000Z,Ele deveria aproveitar e vistoriar a água que parou de chegar no NÉ desde a sua posse…,0,0,0,https://twitter.com/AlencarBraga13/status/1645069380256923650
João Comin,@JooComin4,https://twitter.com/JooComin4/status/1646102764064321537,2023-04-12T10:47:36.000Z,E esse arame farpado aí? Aquela camera profissional do outro lado... suspeito...,0,0,0,https://twitter.com/AlencarBraga13/status/1645069380256923650
edenilson john,@Edenilson_John,https://twitter.com/Edenilson_John/status/1645358410903306240,2023-04-10T09:29:49.000Z,Se importa em roubar o povo mentindo,0,0,0,https://twitter.com/AlencarBraga13/status/1645069380256923650
Cristiane,@Crisfarias38,https://twitter.com/Crisfarias38/status/1645239617048772616,2023-04-10T01:37:46.000Z,A galera no arame farpado kkkkkkk,0,0,0,https://twitter.com/AlencarBraga13/status/1645069380256923650
Rose rose,@rosilda_izel,https://twitter.com/rosilda_izel/status/1645225580235837440,2023-04-10T00:41:59.000Z,Pelo que estou vendo só tem ódio,0,0,0,https://twitter.com/AlencarBraga13/status/1645069380256923650
Eduardo Barreyra,@EBarreyra,https://twitter.com/EBarreyra/status/1645293657195511808,2023-04-10T05:12:30.000Z,O Brasil voltou a ser uma merda. Tem razao.,0,0,0,https://twitter.com/AlencarBraga13/status/1645069380256923650
Severino Lima,@Severinolima51,https://twitter.com/Severinolima51/status/1645373339752333313,2023-04-10T10:29:08.000Z,Verdade ... hum,0,0,0,https://twitter.com/AlencarBraga13/status/1645069380256923650
Maga Magalha,@MagaMagalha,https://twitter.com/MagaMagalha/status/1645392184038809600,2023-04-10T11:44:01.000Z,👀 Oi!? 👀,0,0,0,https://twitter.com/AlencarBraga13/status/1645069380256923650
roque baroni,@roquebaroni,https://twitter.com/roquebaroni/status/1645369941078470656,2023-04-10T10:15:38.000Z,Parece um campo de concentração,0,0,0,https://twitter.com/AlencarBraga13/status/1645069380256923650
Stand-by,@tmisiec_44,https://twitter.com/tmisiec_44/status/1645297562411315202,2023-04-10T05:28:01.000Z,Tem duas linhas de pessoas. NUNCA será MITO(nao usa cerca pra separar),0,0,0,https://twitter.com/AlencarBraga13/status/1645069380256923650
Susana Leal de lima,@susanaleal22,https://twitter.com/susanaleal22/status/1645367198142136321,2023-04-10T10:04:44.000Z,Q teatro mais horrível 😢 isso é digo de pena… usando a pobreza para se favorecer lamentável mas é o PT né q se esperar de um governo ladrão e corrupto q está cagando para a população,0,0,0,https://twitter.com/AlencarBraga13/status/1645069380256923650
Benedito Gonçalves,@Benny_67,https://twitter.com/Benny_67/status/1645263149652758529,2023-04-10T03:11:17.000Z,Por que una cerca?,0,0,0,https://twitter.com/AlencarBraga13/status/1645069380256923650
norb68,@norb681,https://twitter.com/norb681/status/1645272172921856002,2023-04-10T03:47:08.000Z,Arame farpado. Porque?,0,0,0,https://twitter.com/AlencarBraga13/status/1645069380256923650
alcebiades ferrari,@alcebiadesferr5,https://twitter.com/alcebiadesferr5/status/1645273464574541826,2023-04-10T03:52:16.000Z,O lixo separado por arame farpado só porque não vai ter lanche pra todo mundo,0,0,0,https://twitter.com/AlencarBraga13/status/1645069380256923650
Daniel Rodrigues,@daniel_irmao,https://twitter.com/daniel_irmao/status/1645389842748981249,2023-04-10T11:34:43.000Z,"50 militantes cercados no curral, quanto carinho!",0,0,0,https://twitter.com/AlencarBraga13/status/1645069380256923650
Delta Azevedo,@DeltaAzevedo,https://twitter.com/DeltaAzevedo/status/1645318140337766403,2023-04-10T06:49:47.000Z,"🤣🤣🤣🤣Qualquer semelhança, NÃO é mera coincidência🤣🤣🤣🤣🤣inclusive, parece ser o mesmo arame farpado🤣🤣🤣🤣🤣🤣",0,0,0,https://twitter.com/AlencarBraga13/status/1645069380256923650
Laezio,@Laezio90035289,https://twitter.com/Laezio90035289/status/1645367664963903489,2023-04-10T10:06:35.000Z,"Hora, com 50 conto no bolso, todo mundo diz que ama mesmo! 😂😂😂",0,0,0,https://twitter.com/AlencarBraga13/status/1645069380256923650
Lucas,@2803_lucas,https://twitter.com/2803_lucas/status/1645386030839734273,2023-04-10T11:19:34.000Z,Fecharam a imagem pra não passar  vergonha. Um pingo de gente.,0,0,0,https://twitter.com/AlencarBraga13/status/1645069380256923650
MTNS ta on,@MMtaon,https://twitter.com/MMtaon/status/1645380249524338689,2023-04-10T10:56:35.000Z,"Arame farpado???
Só vergonha atrás de vergonha🤡",0,0,0,https://twitter.com/AlencarBraga13/status/1645069380256923650
cezar.paixao,@cezarpaixao52,https://twitter.com/cezarpaixao52/status/1645601412565422080,2023-04-11T01:35:25.000Z,Só faltou cerca elétrica 💡 também... rsrsrsr,0,0,0,https://twitter.com/AlencarBraga13/status/1645069380256923650
Julio campos simplifica.,@juio7_3,https://twitter.com/juio7_3/status/1645585986146156544,2023-04-11T00:34:07.000Z,"Foi assim, com cara de bamzinho que o diabo 👿 convenceu a Eva, lembra?",0,0,0,https://twitter.com/AlencarBraga13/status/1645069380256923650
Plínio Andrade,@poan23,https://twitter.com/poan23/status/1645456883719839747,2023-04-10T16:01:06.000Z,Deixa eles saberem que não vai ter picanha nem cervejinha e sim mais impostos ou o aumento deles...,0,0,0,https://twitter.com/AlencarBraga13/status/1645069380256923650
Ivanilde Sardinha,@Ivanildesar,https://twitter.com/Ivanildesar/status/1645568771590090756,2023-04-10T23:25:42.000Z,Por que a cerca de arame farpado?,0,0,0,https://twitter.com/AlencarBraga13/status/1645069380256923650
Marcelo do Valle,@VallePires,https://twitter.com/VallePires/status/1645259299902353410,2023-04-10T02:55:59.000Z,E o arame farpado?,0,0,0,https://twitter.com/AlencarBraga13/status/1645069380256923650
@MMonalisa,@MMonalisa,https://twitter.com/BelonMioto/status/1645909116345548800,2023-04-11T21:58:07.000Z,"mas so 30 segundos de vídeo.abre a imagem

.",0,0,0,https://twitter.com/AlencarBraga13/status/1645069380256923650
Maxwel Souza,@maxpantoja36,https://twitter.com/maxpantoja36/status/1645294744174460930,2023-04-10T05:16:49.000Z,Pra que a cerca mesmo?,0,0,0,https://twitter.com/AlencarBraga13/status/1645069380256923650
DIM_EletroEletronica,@DIMEletroEletr1,https://twitter.com/DIMEletroEletr1/status/1645275404817629184,2023-04-10T03:59:58.000Z,E pra que o arame farpado??? kkkkkk,0,0,0,https://twitter.com/AlencarBraga13/status/1645069380256923650
ivomarn,@IvomarN,https://twitter.com/IvomarN/status/1645842080369868809,2023-04-11T17:31:44.000Z,Presidente ladrao,0,0,0,https://twitter.com/AlencarBraga13/status/1645069380256923650
jkbechara,@jkbechara,https://twitter.com/jkbechara/status/1645420934059237377,2023-04-10T13:38:15.000Z,"Só tem esse vídeo, com essa tomada bem fechada q todos vcs estão postando?
:))",1,0,1,https://twitter.com/AlencarBraga13/status/1645069380256923650
analu,@analuizasav,https://twitter.com/analuizasav/status/1645397488948465667,2023-04-10T12:05:06.000Z,Muito arame farpado e pouquíssima gente ! Pergunta pra quem estava lá ! Kkkkk,0,0,0,https://twitter.com/AlencarBraga13/status/1645069380256923650
Alexandre Racchetti,@alexandreracch2,https://twitter.com/alexandreracch2/status/1645390662492209153,2023-04-10T11:37:58.000Z,"Pelo jeito, o Carniça quer mesmo ver o povo atrás do arame farpado !!!",0,0,0,https://twitter.com/AlencarBraga13/status/1645069380256923650
Vote for Pedro,@votenopedro_,https://twitter.com/votenopedro_/status/1645205675079790595,2023-04-09T23:22:54.000Z,Pq não usaram uma grande angular para registrar esse momento?,1,0,8,https://twitter.com/AlencarBraga13/status/1645069380256923650
EuMesmo,@jaumn,https://twitter.com/jaumn/status/1645201214936686592,2023-04-09T23:05:10.000Z,Esse tem medo de abraço ;s,0,0,3,https://twitter.com/AlencarBraga13/status/1645069380256923650
Ergonoce.,@Ergonoce4,https://twitter.com/Ergonoce4/status/1645209355178975232,2023-04-09T23:37:31.000Z,"Caracas,cumprimentando pessoas num cercadinho e com arame farpado. Kkkkkk.",0,0,6,https://twitter.com/AlencarBraga13/status/1645069380256923650
Normal 22,@WagnerR36926180,https://twitter.com/WagnerR36926180/status/1645200096282148865,2023-04-09T23:00:43.000Z,"Tendo cercas de arame farpado entre eles.
Isso me reverte à .....",0,0,4,https://twitter.com/AlencarBraga13/status/1645069380256923650
Marcelo Inácio de Araujo,@Marceloinacios1,https://twitter.com/Marceloinacios1/status/1645174309730516992,2023-04-09T21:18:15.000Z,sim tendo um arame farpado separando ele do povo,0,0,2,https://twitter.com/AlencarBraga13/status/1645069380256923650
Joao Paulo,@JoaoPau99594381,https://twitter.com/JoaoPau99594381/status/1645138753084588033,2023-04-09T18:56:58.000Z,As fotos são só neste lugar,0,0,4,https://twitter.com/AlencarBraga13/status/1645069380256923650
flavio,@flaviomeira12,https://twitter.com/flaviomeira12/status/1645240404122427392,2023-04-10T01:40:54.000Z,"Kkkkkkk lembrei do filme ,o encantador de serpentes rs",0,0,4,https://twitter.com/AlencarBraga13/status/1645069380256923650
Raquel,@Raqcof,https://twitter.com/Raqcof/status/1645233569080434695,2023-04-10T01:13:44.000Z,Isso é humilhante.,0,0,4,https://twitter.com/AlencarBraga13/status/1645069380256923650
silva,@marcelomsilva6,https://twitter.com/marcelomsilva6/status/1645245720524406786,2023-04-10T02:02:01.000Z,"Ele mostrou isso, quando fez uma doação de 5 milhões pra a rica claudia raya, e pro povo de São Paulo 2 m..",0,0,2,https://twitter.com/AlencarBraga13/status/1645069380256923650
Regiane GS.,@Regiane52211412,https://twitter.com/Regiane52211412/status/1645214545600819201,2023-04-09T23:58:08.000Z,"No aeroporto pra receber Bolsonaro, tinha mais gente.",0,0,4,https://twitter.com/AlencarBraga13/status/1645069380256923650
Elli Franklin de Sá,@Ellifranklin,https://twitter.com/Ellifranklin/status/1645391402845581319,2023-04-10T11:40:54.000Z,Separados pelo arrame farpado kkkkkkkkk digo e nada! Kkkkkkkkkk PT sendo PT kkkkk,0,0,0,https://twitter.com/AlencarBraga13/status/1645069380256923650
"Dr Estranho10 5 6 5Vá pra pqp,mais ñ fique em CASA",@arfatop,https://twitter.com/arfatop/status/1645410617715486720,2023-04-10T12:57:16.000Z,notei pela cerca de arrame q separa o povo do ladrão...,0,0,0,https://twitter.com/AlencarBraga13/status/1645069380256923650
Rangel CRF,@DelciRangel,https://twitter.com/DelciRangel/status/1645334248214216708,2023-04-10T07:53:48.000Z,Legal o povo separado por uma cerca de arame farpado?,0,0,0,https://twitter.com/AlencarBraga13/status/1645069380256923650
Flavio,@Flavio88729912,https://twitter.com/Flavio88729912/status/1645225651689910272,2023-04-10T00:42:16.000Z,Kkkjkkk que merreca kk,0,0,1,https://twitter.com/AlencarBraga13/status/1645069380256923650
Lucia Ferreira,@LuciaMa30693763,https://twitter.com/LuciaMa30693763/status/1645380253559209984,2023-04-10T10:56:36.000Z,"Carinho sob arame farpado? 🤣 quanta diferença do Bolsonaro, o Mito!",0,0,0,https://twitter.com/AlencarBraga13/status/1645069380256923650
Oscar Nakajima,@NakajimaOscar,https://twitter.com/NakajimaOscar/status/1645422929046274048,2023-04-10T13:46:11.000Z,Alguém viu a cena toda? Lamentável!,0,0,0,https://twitter.com/AlencarBraga13/status/1645069380256923650
Fábio,@fajosil,https://twitter.com/fajosil/status/1645363281568120832,2023-04-10T09:49:10.000Z,o cercadinho só mudou de lado e agora tem arame farpado pra cercar o gado 😂😂😂😂,0,0,1,https://twitter.com/AlencarBraga13/status/1645069380256923650
a casa da mãe joana,@akasadamaejoan4,https://twitter.com/akasadamaejoan4/status/1645286824741572610,2023-04-10T04:45:21.000Z,No arame farpado kkkkkk,0,0,0,https://twitter.com/AlencarBraga13/status/1645069380256923650
JULIO REIS,@djjulioreis,https://twitter.com/djjulioreis/status/1645248746119221248,2023-04-10T02:14:02.000Z,"Tão catando e andando para povo, esse vídeo só prova que pagando até os piores são ovacionados",0,0,1,https://twitter.com/AlencarBraga13/status/1645069380256923650
LM68,@Ladym1468,https://twitter.com/Ladym1468/status/1645222451041673217,2023-04-10T00:29:33.000Z,"E a história  se repete, massa de manobra é  o lema do PT,  o pai dos pobres atrás  de uma cerca de arame farpado. Que diferença  do mito.",0,0,1,https://twitter.com/AlencarBraga13/status/1645069380256923650
Olíver quino,@oliveraoliva,https://twitter.com/oliveraoliva/status/1645368893710426120,2023-04-10T10:11:28.000Z,"Arame farpado para vocês, picanha para eles.",0,0,1,https://twitter.com/AlencarBraga13/status/1645069380256923650
Guarda da Torre Direita,@GuardadaT,https://twitter.com/GuardadaT/status/1645258265054400513,2023-04-10T02:51:52.000Z,"Cerca no Nordeste, é Para Evitar Que Bichos Como:
Jumentos, Bois, Porcos... se Aproximem.",0,0,1,https://twitter.com/AlencarBraga13/status/1645069380256923650
karine vedana,@karinevedana,https://twitter.com/karinevedana/status/1645197451156963328,2023-04-09T22:50:13.000Z,E a máscara com furinhos,0,0,1,https://twitter.com/AlencarBraga13/status/1645069380256923650
Sérgio Siqueira,@SrgioSiqueira17,https://twitter.com/SrgioSiqueira17/status/1645243328005386240,2023-04-10T01:52:31.000Z,"O povo atrás da cerca como se fosse animais selvagens.
Essa é a visita do pai dos pobres no Maranhão…🤭",0,0,1,https://twitter.com/AlencarBraga13/status/1645069380256923650
Augusto Albuquerque,@Augusto59526899,https://twitter.com/Augusto59526899/status/1645235269497495553,2023-04-10T01:20:29.000Z,Patético. Colocaram um pequeno rebanho humano no curral para simular apreço pelo descondenado.,0,0,2,https://twitter.com/AlencarBraga13/status/1645069380256923650
Maryland Barros,@BarrosMaryland,https://twitter.com/BarrosMaryland/status/1645425295946547200,2023-04-10T13:55:35.000Z,👀👀👀👀,0,0,1,https://twitter.com/AlencarBraga13/status/1645069380256923650
Newton Portioli,@nm_Portioli,https://twitter.com/nm_Portioli/status/1645197602000969731,2023-04-09T22:50:49.000Z,"Esse fato é emblemático,  o povo separa pelo uma cerca de arame farpado. 
Gostaria que povo olhasse o descaso.",0,0,2,https://twitter.com/AlencarBraga13/status/1645069380256923650
Leandro De Oliveira,@2022Lexanda,https://twitter.com/2022Lexanda/status/1645433953921245184,2023-04-10T14:29:59.000Z,🤣🤣🤣🤣🤣🤣🤣🤣🤣🤣🤣🤣🤣🤣🤣,0,0,0,https://twitter.com/AlencarBraga13/status/1645069380256923650
Mauricio Finotti,@maufinotti,https://twitter.com/maufinotti/status/1645448556268990469,2023-04-10T15:28:01.000Z,Lembra bem...,0,0,0,https://twitter.com/AlencarBraga13/status/1645069380256923650
R,@Robson_CpsSP,https://twitter.com/Robson_CpsSP/status/1645396681024839681,2023-04-10T12:01:53.000Z,Ficou legal a divisão com arame farpado !,0,0,0,https://twitter.com/AlencarBraga13/status/1645069380256923650
Navarro,@NavarroXP,https://twitter.com/NavarroXP/status/1645254875498917890,2023-04-10T02:38:24.000Z,Divididos por arame farpado Ahahahahahah vergonha,0,0,0,https://twitter.com/AlencarBraga13/status/1645069380256923650
Capitalista,@WilsonS35562778,https://twitter.com/WilsonS35562778/status/1645271947289272321,2023-04-10T03:46:14.000Z,"Deus,como são ignorantes esses maranhenses 🤔",0,0,0,https://twitter.com/AlencarBraga13/status/1645069380256923650
Michele Santos,@Michele00401494,https://twitter.com/Michele00401494/status/1645385374456324098,2023-04-10T11:16:57.000Z,"Ahh para, mostra a imagem de cima…",0,0,0,https://twitter.com/AlencarBraga13/status/1645069380256923650
Paulo Fuhro de Andrade,@fuhro_de,https://twitter.com/fuhro_de/status/1645314956970147840,2023-04-10T06:37:08.000Z,SEMPRE SEPARADO PELO ARAME FARPADO...,0,0,0,https://twitter.com/AlencarBraga13/status/1645069380256923650
Isley V.,@isley_paulista,https://twitter.com/isley_paulista/status/1645405062640877574,2023-04-10T12:35:11.000Z,Meia dúzia de gato pingado kkkkkk esse cara nunca arrastará multidões igual ao mito.,0,0,0,https://twitter.com/AlencarBraga13/status/1645069380256923650
PARK DAN DAN,@Claudiamelo001,https://twitter.com/Claudiamelo001/status/1645499719928487971,2023-04-10T18:51:19.000Z,Isso é arame farpado ?,0,0,0,https://twitter.com/AlencarBraga13/status/1645069380256923650
Kaueh vilella,@kaueh_vilella,https://twitter.com/kaueh_vilella/status/1645470787460005891,2023-04-10T16:56:21.000Z,🤣🤣🤣🤣🤣🤣🤣🤣🤣🤣,0,0,0,https://twitter.com/AlencarBraga13/status/1645069380256923650
Fábio de Sousa,@fabiocs,https://twitter.com/fabiocs/status/1645396302954393603,2023-04-10T12:00:23.000Z,Pq a cerca? Medo?,0,0,0,https://twitter.com/AlencarBraga13/status/1645069380256923650
Wagner C M,@carangare,https://twitter.com/carangare/status/1645801776057298944,2023-04-11T14:51:35.000Z,Arame farpado para separar o Lula do povo?,0,0,0,https://twitter.com/AlencarBraga13/status/1645069380256923650
Humberto Israel Vasconcelos,@HumbertoIsrael,https://twitter.com/HumbertoIsrael/status/1645408745248239616,2023-04-10T12:49:49.000Z,Por trás de uma cerca de arame farpado ??? Parabéns bandido...,0,0,0,https://twitter.com/AlencarBraga13/status/1645069380256923650
HIIGHLANDER,@Wolveri74732574,https://twitter.com/Wolveri74732574/status/1645506151990308864,2023-04-10T19:16:53.000Z,VAI BABÃO!!,0,0,0,https://twitter.com/AlencarBraga13/status/1645069380256923650
Maryland Barros,@BarrosMaryland,https://twitter.com/BarrosMaryland/status/1645424899257688072,2023-04-10T13:54:01.000Z,Nota-se pela cerca de ARAME 🤣🤣🤣🤣🤣🤣🤣🤣🤮🤮🤮🤮🤮🤮🤮🤮🤮🤮,0,0,0,https://twitter.com/AlencarBraga13/status/1645069380256923650
Júlia Gomes,@Brasile67244099,https://twitter.com/Brasile67244099/status/1646220522689101824,2023-04-12T18:35:32.000Z,Que isso? Auschwitz?,0,0,0,https://twitter.com/AlencarBraga13/status/1645069380256923650
Glauciatuante@hotmail.com,Glauciatuante@hotmail.com,https://twitter.com/glauciatuante/status/1645254034184458241,2023-04-10T02:35:03.000Z,Tomara que o pessoal não tenha se ferido nesse arame farpado,0,0,1,https://twitter.com/AlencarBraga13/status/1645069380256923650
rafael bonfim,@raf_44,https://twitter.com/raf_44/status/1645402614836744194,2023-04-10T12:25:28.000Z,"Se importa tanto com o povo que fica atrás da cerca de arame farpado.
Hahhahahahahahahhahahaha
Rumo de bosta é uma piada",0,0,0,https://twitter.com/AlencarBraga13/status/1645069380256923650
