nome,usuario,idTweet,dataPublicacao,texto,replies,retweets,likes,tweetPai
Marcela Florio,@MarcelaFlorio1,https://twitter.com/MarcelaFlorio1/status/1646057943282991104,2023-04-12T07:49:30.000Z,Precisamos falar de educação tb,0,0,0,https://twitter.com/adriventurasp/status/1645797913124274183
Política Cidadã,@durvalvalladar1,https://twitter.com/durvalvalladar1/status/1646087782899634176,2023-04-12T09:48:04.000Z,"Esqueceu o combate a corrupção.

Nada vai pra frente nem se consolida onde a esculhambação política, jurídica, empresarial, financeira, social e a corrupção sistêmica institucionalizada impune são vigentes, firmes, fortes.

É fundamental combater, inibir, punir a corrupção.",0,0,1,https://twitter.com/adriventurasp/status/1645797913124274183
Oscar Fettermann,@oscarfettermann,https://twitter.com/oscarfettermann/status/1645799895021010949,2023-04-11T14:44:07.000Z,"Parece tão pouco para ser realizado, mesmo assim é um parto qualquer avanço nesse sentido.",0,0,1,https://twitter.com/adriventurasp/status/1645797913124274183
"Brasileiro, vamo que vamo",@erkuloides,https://twitter.com/erkuloides/status/1649340457783025664,2023-04-21T09:13:03.000Z,"E o que fazer de fato pra que isso aconteça,na prática, agora?🤔Só palavras sem jogadas não adianta nada 😐",0,0,0,https://twitter.com/adriventurasp/status/1645797913124274183
