nome,usuario,idTweet,dataPublicacao,texto,replies,retweets,likes,tweetPai
BethK,@BethK32279062,https://twitter.com/BethK32279062/status/1645887688287875072,2023-04-11T20:32:58.000Z,E também empregou o genro da Micheque...vão vendo,0,0,1,https://twitter.com/AlencarBraga13/status/1645820150250188808
BethK,@BethK32279062,https://twitter.com/BethK32279062/status/1645895673970143234,2023-04-11T21:04:42.000Z,"Tem também o genro da Michelle, vão vendo...",0,0,1,https://twitter.com/AlencarBraga13/status/1645820150250188808
Elmano Brito,@Elmano_Brito,https://twitter.com/Elmano_Brito/status/1645970341074726915,2023-04-12T02:01:24.000Z,Assim como a corrupção sempre acha vcs do pt,1,0,1,https://twitter.com/AlencarBraga13/status/1645820150250188808
Holandina,@HolandinaS,https://twitter.com/HolandinaS/status/1645858303220633625,2023-04-11T18:36:12.000Z,"Precisamos que vcs parlamentares @AlencarBraga13 tomem as devidas providências urgentes contra o senador Marcos do Val, q espalhou em todas as plataformas digitais contra o Lula. Este fato ñ pode passar batido.",0,0,1,https://twitter.com/AlencarBraga13/status/1645820150250188808
Insulto Miserável,@OPrescrito,https://twitter.com/OPrescrito/status/1645841714563674112,2023-04-11T17:30:17.000Z,"Ele ganhou de presente....só estava incorporando ao acervo pessoal. Qual o problema? Só porque ele emprega um asno, que é filho de asno, tem irmãos asnos e que em voo oficial não sabiam que transportavam 39kg de cocaína para Europa. Eles são a própria droga!!!",0,0,0,https://twitter.com/AlencarBraga13/status/1645820150250188808
Lucinha Monteiro,@lucinha_ce,https://twitter.com/lucinha_ce/status/1645851992676265986,2023-04-11T18:11:08.000Z,"mas n tem novidade, @FlavioBolsonaro  empregava a família do chefe do escritório do CRIME n RJ, o vizinho de @jairbolsonaro matou Marielle, e um vizinho de  BOLSONARO foi pego com mais de 200 armas pesadas...

família da milicia!",0,1,2,https://twitter.com/AlencarBraga13/status/1645820150250188808
Renato,@adv_antifas,https://twitter.com/adv_antifas/status/1645866761013678088,2023-04-11T19:09:49.000Z,"Inocente 😇Vai dizer que o caminhão não é dele
Que não sabia
Que foi enganado
Que a culpa é do motorista ou de quem carregou
Que é coisa do PT
Que é culpa da esquerda, do Lula e do Paulo Freire.",1,0,0,https://twitter.com/AlencarBraga13/status/1645820150250188808
Marcel Pinie II,@IiPinie,https://twitter.com/IiPinie/status/1645826646019129345,2023-04-11T16:30:25.000Z,Ué....se carregam cocaína em avião. Maconha no caminhão é aperitivo.,0,0,1,https://twitter.com/AlencarBraga13/status/1645820150250188808
NÃO DÁ NADA,@nada_acontece,https://twitter.com/nada_acontece/status/1645826624036667392,2023-04-11T16:30:19.000Z,Só não ligam os pontos porque não querem mesmo.,1,0,1,https://twitter.com/AlencarBraga13/status/1645820150250188808
Marisa victorio da silva,@victorio_marisa,https://twitter.com/victorio_marisa/status/1645839604438663176,2023-04-11T17:21:54.000Z,👮🏻‍♂️🚓🤔 O senador que deu emprego ao filho 04🙃 do 🤡🙃 teve um caminhão em nome da sua empresa apreendido com 322 kg de maconha. Incrível como o narcotráfico sempre dá um jeito de usar esses coitados inocentes.,1,0,0,https://twitter.com/AlencarBraga13/status/1645820150250188808
Elly Pace,@pace_ely,https://twitter.com/pace_ely/status/1646068598618685440,2023-04-12T08:31:51.000Z,"Empregou genro da Micheque também. Curiosamente, como motorista.",0,0,0,https://twitter.com/AlencarBraga13/status/1645820150250188808
luiz henrique,@LuizAsgarf,https://twitter.com/LuizAsgarf/status/1645876662989357058,2023-04-11T19:49:10.000Z,"Caro Deputado 
O Sr esta acusando o senador de traficante?
Porque não o denúncia no congresso.
Ou é só esperteza para atacar Bolsonaro?",0,0,2,https://twitter.com/AlencarBraga13/status/1645820150250188808
SELMY ANTONIO,@AntonioSelmy,https://twitter.com/AntonioSelmy/status/1645883914571882498,2023-04-11T20:17:58.000Z,Cena perfeita dos atos do dia 08 01 23.,0,0,0,https://twitter.com/AlencarBraga13/status/1645820150250188808
Julio Cortez Terceiro,@terceiro_julio,https://twitter.com/terceiro_julio/status/1645861365633126400,2023-04-11T18:48:22.000Z,"Máfia é máfia, oras bolas..",0,0,0,https://twitter.com/AlencarBraga13/status/1645820150250188808
Luciano Aguiar,@Luciano31369221,https://twitter.com/Luciano31369221/status/1645905050294960129,2023-04-11T21:41:58.000Z,Emprego só para filho catador de bosta de elefante! Mas como sempre é apenas mais um Ptista mentindo!,0,0,2,https://twitter.com/AlencarBraga13/status/1645820150250188808
Armando...Feliz demais com os Novos Tempos,@Armando61690607,https://twitter.com/Armando61690607/status/1645849528115908608,2023-04-11T18:01:20.000Z,E parece que hj ou esses dias nomeou tbm o genro da miljoias ou alguma próximo a ela,0,0,1,https://twitter.com/AlencarBraga13/status/1645820150250188808
marcelo rezende cassunde,@CassundeMarcelo,https://twitter.com/CassundeMarcelo/status/1645831267072475141,2023-04-11T16:48:46.000Z,"Juscelino Filho já foi demitido e denunciado?

Ou ainda é ministro de Lula, mesmo com seu histórico de funcionários fantasmas pagos com dinheiro público para realizar serviços privados?

A tolerância à trambicagem deixa o Brasil fadado ao subdesenvolvimento.",0,0,0,https://twitter.com/AlencarBraga13/status/1645820150250188808
Manoel Junior,@ManoelJ21099261,https://twitter.com/ManoelJ21099261/status/1646103091014402050,2023-04-12T10:48:54.000Z,"A Esquerda parece bem indecisa se defende ou se discrimina as drogas...
Bom, quando é pra acusar ou caluniar seus opositores, eles são aparentemente contra drogas 🤡",1,0,1,https://twitter.com/AlencarBraga13/status/1645820150250188808
Luiz Casagrande,@luizcasagra,https://twitter.com/luizcasagra/status/1645836686675279875,2023-04-11T17:10:18.000Z,"100 picanha
100 isenção do imposto de renda pra quem ganha até 5 mil reais
100 empregos
100 transparência 
100 acabar com o desmatamento
100 diminuir os gastos públicos
100 plano de governo
100 vergonha na cara",0,0,0,https://twitter.com/AlencarBraga13/status/1645820150250188808
Angelo,@niferbac,https://twitter.com/niferbac/status/1645828887572611073,2023-04-11T16:39:19.000Z,"E querem associar Dino e PT com pcc!

PECULATO é CRIME! 107 IMÓVEIS 2 MANSÕES no PECULATO VULGO RACHADINHA ! Cadê o PowerPoint?!

 LADRÃO de joias PECULATEIRO! 

CPI JÁ DAS JÓIAS da propina da privatização da RLAM! TACLA NO MORO E NO DD! TIC TAC",0,2,4,https://twitter.com/AlencarBraga13/status/1645820150250188808
Vanessa Carvalho,@Vanessa70473876,https://twitter.com/Vanessa70473876/status/1645846349139591171,2023-04-11T17:48:42.000Z,Hipócritas,0,0,2,https://twitter.com/AlencarBraga13/status/1645820150250188808
Benjamim@rola,Benjamim@rola,https://twitter.com/silvestremarcio/status/1645897412588781568,2023-04-11T21:11:37.000Z,"Fiz L para isso, viva o PT...",0,0,0,https://twitter.com/AlencarBraga13/status/1645820150250188808
