nome,usuario,idTweet,dataPublicacao,texto,replies,retweets,likes,tweetPai
Maurilio Fernandes,@MaurilioIP,https://twitter.com/MaurilioIP/status/1645053705203449856,2023-04-09T13:19:01.000Z,Todo babado. Inclusive por parlamentares. Que triste.,0,0,0,https://twitter.com/AlencarBraga13/status/1645040545377538049
Alberton Viana,@albertonviana,https://twitter.com/albertonviana/status/1645191972322177026,2023-04-09T22:28:27.000Z,Kkkk o proprio dep. Incentivando ódio da ovo de pascoa com 4 dedos ilário depois querem processar a dep surreal😂😂,0,0,0,https://twitter.com/AlencarBraga13/status/1645040545377538049
daniel alcarraz,@dragoalcarraz,https://twitter.com/dragoalcarraz/status/1645124682402742274,2023-04-09T18:01:03.000Z,Prefiro mais essa mão 🖕,0,0,0,https://twitter.com/AlencarBraga13/status/1645040545377538049
Edson Gonçalves,@EdsonGonca1228,https://twitter.com/EdsonGonca1228/status/1645287655939121153,2023-04-10T04:48:39.000Z,"Como assim, dignidade d volta, onde? Isso aqui já foi p/beleléu há muito tempo. Mais uma vz perdemos a chance. Aliás, desde q nasci só vejo o “brazil” perder chances e oportunidades. Com o empossado então, ficou claro, nesta terra tdo o q ñ presta vence ou compensa. Infelizmente!",0,0,0,https://twitter.com/AlencarBraga13/status/1645040545377538049
Marisa victorio da silva,@victorio_marisa,https://twitter.com/victorio_marisa/status/1645045733052014592,2023-04-09T12:47:20.000Z,😀😍Um ótimo domingo de Páscoa para todos. A dignidade está de volta ao povo brasileiro! 💫,0,0,0,https://twitter.com/AlencarBraga13/status/1645040545377538049
JOÃO BATISTA SOUZA,@PRFJSOUZA,https://twitter.com/PRFJSOUZA/status/1645089282032300034,2023-04-09T15:40:23.000Z,"Kkkkk
O ladrão não passa de um ladrão.",0,0,0,https://twitter.com/AlencarBraga13/status/1645040545377538049
jadilson,@jadilso28664665,https://twitter.com/jadilso28664665/status/1645056214508658689,2023-04-09T13:28:59.000Z,Realidade.,0,0,0,https://twitter.com/AlencarBraga13/status/1645040545377538049
Maurilio Fernandes,@MaurilioIP,https://twitter.com/MaurilioIP/status/1645053456808308736,2023-04-09T13:18:02.000Z,Putz! Ovo de lula.,0,0,0,https://twitter.com/AlencarBraga13/status/1645040545377538049
Nilcea De Moura Jardim,@jardim_nilcea,https://twitter.com/jardim_nilcea/status/1645056310331727872,2023-04-09T13:29:22.000Z,Dignidade... ter um ex presidiário por corrupção e lavagem de dinheiro como presidente. Patético.,0,0,0,https://twitter.com/AlencarBraga13/status/1645040545377538049
Fernando Barbosa,@Fernand33469730,https://twitter.com/Fernand33469730/status/1645084183419670531,2023-04-09T15:20:08.000Z,Churrasco liberado...,0,0,0,https://twitter.com/AlencarBraga13/status/1645040545377538049
Márcio,@Mrcio61361974,https://twitter.com/Mrcio61361974/status/1645086052170825729,2023-04-09T15:27:33.000Z,Esperança do pior ser menos pior.,0,0,0,https://twitter.com/AlencarBraga13/status/1645040545377538049
Uelisson Silva,@Uelisson111,https://twitter.com/Uelisson111/status/1645087680017969155,2023-04-09T15:34:01.000Z,Símbolo da ladroagem.,0,0,0,https://twitter.com/AlencarBraga13/status/1645040545377538049
eokiko,@eokikobrasil,https://twitter.com/eokikobrasil/status/1645059378179874817,2023-04-09T13:41:34.000Z,O sujeito mais abjeto que já pisou na presidência do Brasil,0,0,0,https://twitter.com/AlencarBraga13/status/1645040545377538049
