nome,usuario,idTweet,dataPublicacao,texto,replies,retweets,likes,tweetPai
Vanessa Navarro,@vanessnnavarro,https://twitter.com/vanessnnavarro/status/1646961521178574848,2023-04-14T19:40:00.000Z,"André, o Senador Romário assinou?",43,32,386,https://twitter.com/andrefernm/status/1646958964825792512
André Fernandes,@andrefernm,https://twitter.com/andrefernm/status/1646982768344068099,2023-04-14T21:04:26.000Z,Não,48,39,358,https://twitter.com/andrefernm/status/1646958964825792512
Formiguinha,@FormiguinhaDM,https://twitter.com/FormiguinhaDM/status/1646966777606295574,2023-04-14T20:00:53.000Z,Precisam adiar a leitura da CPMI está evidente que eles irão fazer outra sabotagem assim como fizeram para escolha do presidente da casa.,6,1,16,https://twitter.com/andrefernm/status/1646958964825792512
Rose,@RoseBacellar,https://twitter.com/RoseBacellar/status/1646990915448307713,2023-04-14T21:36:48.000Z,Sim.,1,0,10,https://twitter.com/andrefernm/status/1646958964825792512
Tumulto BR,@TumultoBR,https://twitter.com/TumultoBR/status/1647020154012704771,2023-04-14T23:32:59.000Z,Manda bala,0,1,11,https://twitter.com/andrefernm/status/1646958964825792512
Marcelo Lemos,@Marcelo40464992,https://twitter.com/Marcelo40464992/status/1646990095742906369,2023-04-14T21:33:33.000Z,"@RomarioOnze ainda não assinou. Votei nele para senador, reeleito pelo PL, e me arrependo amargamente desse voto!🤦🏻‍♂️",4,2,10,https://twitter.com/andrefernm/status/1646958964825792512
Tsvf,@TiagoSa67696762,https://twitter.com/TiagoSa67696762/status/1646982573862842368,2023-04-14T21:03:39.000Z,👊🙏,0,0,0,https://twitter.com/andrefernm/status/1646958964825792512
Abe_,@Abgf_Brasil,https://twitter.com/Abgf_Brasil/status/1646959403487174656,2023-04-14T19:31:35.000Z,"Vamos André 

Pra cima! Agilizar aí! 

TMJ 👊🇧🇷🗽",1,0,2,https://twitter.com/andrefernm/status/1646958964825792512
Abe_,@Abgf_Brasil,https://twitter.com/Abgf_Brasil/status/1646959524622761985,2023-04-14T19:32:04.000Z,"Agiliza os vídeos, digo",0,0,0,https://twitter.com/andrefernm/status/1646958964825792512
Lisa Vieira,@lisa_advogada,https://twitter.com/lisa_advogada/status/1646959679069736982,2023-04-14T19:32:41.000Z,Pode contar comigo 🙋‍♀️🇧🇷,1,0,3,https://twitter.com/andrefernm/status/1646958964825792512
Ed Raposo,@EdRaposo_,https://twitter.com/EdRaposo_/status/1646960186291044352,2023-04-14T19:34:42.000Z,Por favor pede pra algum assessor me enviar todos diretamente,8,20,245,https://twitter.com/andrefernm/status/1646958964825792512
Fabi,@FabiSantiago8,https://twitter.com/FabiSantiago8/status/1646960965253058571,2023-04-14T19:37:47.000Z,Manda!,0,0,1,https://twitter.com/andrefernm/status/1646958964825792512
Fernanda Louback,@FernandaLoubac2,https://twitter.com/FernandaLoubac2/status/1646959597293391872,2023-04-14T19:32:21.000Z,Manda!,1,0,17,https://twitter.com/andrefernm/status/1646958964825792512
PauloCosta_Oficial,@PauloCostaOfic2,https://twitter.com/PauloCostaOfic2/status/1646987080562622464,2023-04-14T21:21:34.000Z,Sim. Óbvio que sim.,0,0,3,https://twitter.com/andrefernm/status/1646958964825792512
Coronel Rocha ∴,@coronelrochase,https://twitter.com/coronelrochase/status/1646970685867057152,2023-04-14T20:16:25.000Z,"Com certeza @andrefernm 

Sergipe ligado.",0,0,5,https://twitter.com/andrefernm/status/1646958964825792512
Marcelo Lemos,@Marcelo40464992,https://twitter.com/Marcelo40464992/status/1646989594401951744,2023-04-14T21:31:33.000Z,"Aguardando o vídeo para o RJ, deputado!🇧🇷🇧🇷🇧🇷💪🏻💪🏻💪🏻#CPMI",1,2,4,https://twitter.com/andrefernm/status/1646958964825792512
Igor Scardua,@igorales2716,https://twitter.com/igorales2716/status/1646967181941395465,2023-04-14T20:02:30.000Z,Manda ver,0,0,0,https://twitter.com/andrefernm/status/1646958964825792512
Marise Figueira Cacaes,@marise_cacaes,https://twitter.com/marise_cacaes/status/1647038957270573057,2023-04-15T00:47:42.000Z,Conte comigo!!,1,0,2,https://twitter.com/andrefernm/status/1646958964825792512
Marcelo Lemos,@Marcelo40464992,https://twitter.com/Marcelo40464992/status/1647605600405135360,2023-04-16T14:19:20.000Z,#CPMI08dejaneiro #CPMI08DEJANEIROJÁ #cpmi08dejaneiro2023 #CPMI08dejaneiroja #CPMI e mais importante: #ForaLula,0,0,1,https://twitter.com/andrefernm/status/1646958964825792512
Jwls,@Jwls28835440,https://twitter.com/Jwls28835440/status/1646977477112213507,2023-04-14T20:43:24.000Z,Você é aquele que fazia vídeo de depilação anal,5,0,47,https://twitter.com/andrefernm/status/1646958964825792512
AleMarchi,@AleMarchi9,https://twitter.com/AleMarchi9/status/1647044553700933642,2023-04-15T01:09:56.000Z,""" Raspacú - Toba Designer ""
era o nome do salão de depilação dele.",2,0,22,https://twitter.com/andrefernm/status/1646958964825792512
Wagner Marcelo,@wagner3m,https://twitter.com/wagner3m/status/1646978787001749504,2023-04-14T20:48:36.000Z,Manda bala!,0,0,0,https://twitter.com/andrefernm/status/1646958964825792512
Marcelo Lemos,@Marcelo40464992,https://twitter.com/Marcelo40464992/status/1647360743195529224,2023-04-15T22:06:22.000Z,"Deputado @andrefernm , aqui do RJ mandei para todos que não assinaram agora de noitinha. Cortei essa turma do PT, PSOL e outros esquerdopatas. Alguns não localizei no Twitter, mas consegui no Instagram ou Facebook. Fiz o que pude!💪🏻🇧🇷🇧🇷🇧🇷🇧🇷",0,0,0,https://twitter.com/andrefernm/status/1646958964825792512
Marcelo Lemos,@Marcelo40464992,https://twitter.com/Marcelo40464992/status/1647603097093435392,2023-04-16T14:09:23.000Z,Alguém sabe o nome do deputado do Pará que retirou a assinatura da #CPMI? Confirmam como verdade???,1,0,0,https://twitter.com/andrefernm/status/1646958964825792512
Marcelo Lemos,@Marcelo40464992,https://twitter.com/Marcelo40464992/status/1647606169702203394,2023-04-16T14:21:36.000Z,"Se for o tal Olival Marques, então já tem um tempo! Já deu uma de traíra e covarde alguns dias atrás. Não foi recente #CPMI",0,0,0,https://twitter.com/andrefernm/status/1646958964825792512
Moises Resende,@rese0013,https://twitter.com/rese0013/status/1646959220858802196,2023-04-14T19:30:51.000Z,"Ótima iniciativa, conte comigo! #CPMI08dejaneiro",1,3,7,https://twitter.com/andrefernm/status/1646958964825792512
Eduardo Bara Menezes,@eddbara,https://twitter.com/eddbara/status/1647009014465568770,2023-04-14T22:48:43.000Z,"Ql o status atual?
Tem assinaturas suficientes?
Vão conseguir se articular p/ q, finalmente, a CPMI seja implementada?
Ql a previsão de instauração?",6,0,3,https://twitter.com/andrefernm/status/1646958964825792512
Riad El-Kouba Miguel,@riadelkouba,https://twitter.com/riadelkouba/status/1647684147048067073,2023-04-16T19:31:27.000Z,"Já fez o vídeo do Paraná?
Posta o link 🙏🏻",1,0,0,https://twitter.com/andrefernm/status/1646958964825792512
Estela,@EstelaEuMesmaSC,https://twitter.com/EstelaEuMesmaSC/status/1647016722707148800,2023-04-14T23:19:21.000Z,Bora!,0,0,1,https://twitter.com/andrefernm/status/1646958964825792512
eliane,@ElianeAlfano,https://twitter.com/ElianeAlfano/status/1646959334251692033,2023-04-14T19:31:18.000Z,Para eleição em 2024 importante demais,0,2,13,https://twitter.com/andrefernm/status/1646958964825792512
Andrea Paz,@Andrea_paz76,https://twitter.com/Andrea_paz76/status/1646960234617884680,2023-04-14T19:34:53.000Z,"Bora, pode mandar",0,0,3,https://twitter.com/andrefernm/status/1646958964825792512
RT do Brasil ®,@RTdoBrasil,https://twitter.com/RTdoBrasil/status/1647003574017064960,2023-04-14T22:27:06.000Z,"Preferia que você e mais um grupo forte de deputados e Senadores entrassem com um mandado de segurança no STF exigindo a instauração da CPMI, existe jurisprudência mas parece que vocês não querem, a esquerda fez e conseguiu a CPI da Covid, Liminar concedida e confirmada no pleno!",15,13,66,https://twitter.com/andrefernm/status/1646958964825792512
"Mel Bustamante Foco, Fibra, Força e Fé",@melbustamante,https://twitter.com/melbustamante/status/1647024241513050112,2023-04-14T23:49:14.000Z,"OTIMA IDEIA!
Quisera todos tivessem a sua energia, coragem e essa determinacao focada na verdade q liberta o povo!
Q Deus o abençõe e proteja‼️🙌",0,1,4,https://twitter.com/andrefernm/status/1646958964825792512
Wilma - Manezinha,@sacoleiranarede,https://twitter.com/sacoleiranarede/status/1646961273593122816,2023-04-14T19:39:01.000Z,"Sou do Mato Grosso do Sul. Pode gravar.  Vou colocar em todas as minhas redes sociais  e mandar para as minhas clientes, no zap.",1,1,17,https://twitter.com/andrefernm/status/1646958964825792512
Xandico Agora é aguentar,@alex62marin,https://twitter.com/alex62marin/status/1646977253581156352,2023-04-14T20:42:31.000Z,👍🇧🇷,0,0,4,https://twitter.com/andrefernm/status/1646958964825792512
Juscelino Holanda,@psi_juscelino,https://twitter.com/psi_juscelino/status/1646999005568671745,2023-04-14T22:08:57.000Z,Pode mesmo!!!! Manda que aqui no Acre eu espalho!!!,0,0,3,https://twitter.com/andrefernm/status/1646958964825792512
Roseni Bolsonaro,@Roseni__,https://twitter.com/Roseni__/status/1647003994739310592,2023-04-14T22:28:46.000Z,"Isso mesmo, pode contar comigo! Vou até colocar notificação do seu perfil para ver tudo!",1,2,5,https://twitter.com/andrefernm/status/1646958964825792512
נ,@neriazait,https://twitter.com/neriazait/status/1647010730627985410,2023-04-14T22:55:32.000Z,O endereço abaixo possibilita contato direto com os congressistas. Use para educadamente falar com cada um parlamentar do seu estado.  https://congressonacional.leg.br/parlamentares/em-exercicio…,1,6,8,https://twitter.com/andrefernm/status/1646958964825792512
JaneMM,@jmmadeira,https://twitter.com/jmmadeira/status/1647106826377351168,2023-04-15T05:17:23.000Z,Parabéns  pelo sevempenho para investigar a verdade. Tudo está  muito estranho. O que estão escondendo afinal? Vergonha é ter parlamentar  que não deseja que a verdade seja revelada.,1,0,2,https://twitter.com/andrefernm/status/1646958964825792512
Training_Fabin,@Fabinmrky,https://twitter.com/Fabinmrky/status/1647199263435153409,2023-04-15T11:24:42.000Z,Estamos juntos!,0,1,1,https://twitter.com/andrefernm/status/1646958964825792512
Simone,@alethea2018,https://twitter.com/alethea2018/status/1646993557402599424,2023-04-14T21:47:18.000Z,"Diante da vergonha que vcs passam a cada vez que alguém vai na Câmara para responder questionamentos dos deputados, acho que vcs deveriam repensar essa CPI.",1,0,1,https://twitter.com/andrefernm/status/1646958964825792512
junior araujo,@juniora77524294,https://twitter.com/juniora77524294/status/1648127176259129346,2023-04-18T00:51:54.000Z,👏🏻👏🏻👏🏻👏🏻👏🏻,1,0,2,https://twitter.com/andrefernm/status/1646958964825792512
Tininha Souza,@tininhasouzarj,https://twitter.com/tininhasouzarj/status/1646959911375388673,2023-04-14T19:33:36.000Z,Claro .,0,1,8,https://twitter.com/andrefernm/status/1646958964825792512
Rafael,@Rafael_dAS_,https://twitter.com/Rafael_dAS_/status/1646965207162408964,2023-04-14T19:54:39.000Z,"Alguém de sua equipe poderia disponibilizar número do gabinete, telefone,email e rede social dos parlamentares que não assinaram?Isso facilitaria a cobrança! Parabéns pelo trabalho.",2,0,22,https://twitter.com/andrefernm/status/1646958964825792512
Lucas Marques,@LucasMa18816244,https://twitter.com/LucasMa18816244/status/1646960888958668803,2023-04-14T19:37:29.000Z,"Pode gravar!
Aqui na Bahia vamos fazer nossa parte.",0,0,2,https://twitter.com/andrefernm/status/1646958964825792512
Marco Brasil,@Marcos_Villa_A,https://twitter.com/Marcos_Villa_A/status/1646961583367618560,2023-04-14T19:40:15.000Z,Mas bah! 💪💪👍👍,0,0,1,https://twitter.com/andrefernm/status/1646958964825792512
Marcia Santtos,@MarciaSanttos12,https://twitter.com/MarciaSanttos12/status/1646962857366413312,2023-04-14T19:45:18.000Z,Bora,0,0,1,https://twitter.com/andrefernm/status/1646958964825792512
Valter diniz 12,@1969Diniz,https://twitter.com/1969Diniz/status/1646976134762954753,2023-04-14T20:38:04.000Z,Manda brasa,0,0,1,https://twitter.com/andrefernm/status/1646958964825792512
Edu #EuConfioNoPresidente,@Edu91129587,https://twitter.com/Edu91129587/status/1646976499524812803,2023-04-14T20:39:31.000Z,"🇧🇷 Claro,conte comigo deputado!",0,0,1,https://twitter.com/andrefernm/status/1646958964825792512
@IroneGuedes,@IroneGuedes,https://twitter.com/GuedesIrone/status/1646963486218395648,2023-04-14T19:47:48.000Z,"Estamos todos unidos com um só objetivo. Salvar este país das mãos desta quadrilha pervertida e Abominável. Deus, Pátria, Família e Liberdade. UNIÃO.🇧🇷🇧🇷🇧🇷🇧🇷🇧🇷🇧🇷🇧🇷",8,1,11,https://twitter.com/andrefernm/status/1646958964825792512
Jefferson Francisco,@JENEGRO,https://twitter.com/JENEGRO/status/1646963730922569729,2023-04-14T19:48:47.000Z,"Liminha do bolsonarismo
Pq os senadores Bolsonaristas não assinaram a CPI?

Essa é a oposição ao governo loola?",2,0,7,https://twitter.com/andrefernm/status/1646958964825792512
Daniel Fortes,@Daniel50994630,https://twitter.com/Daniel50994630/status/1646967443036708864,2023-04-14T20:03:32.000Z,Manda a confirmação do deputado federal de São Paulo eleito pela assembleia de Deus da Madureira @cezinhamadurei1,6,2,2,https://twitter.com/andrefernm/status/1646958964825792512
Green Star,@SuzanaChaib,https://twitter.com/SuzanaChaib/status/1646997007947513856,2023-04-14T22:01:01.000Z,Senadores e deputados de Minas Gerais queremos ver suas assinaturas. Estamos de olho em vocês@SenadoFederal @camaradeputados,2,2,3,https://twitter.com/andrefernm/status/1646958964825792512
cris,@Cristin76829821,https://twitter.com/Cristin76829821/status/1647052371917422594,2023-04-15T01:41:00.000Z,Santa Catarina já  assinou!!,1,0,3,https://twitter.com/andrefernm/status/1646958964825792512
Reinaldo ¹³,@reyjbr2004,https://twitter.com/reyjbr2004/status/1647170743883427841,2023-04-15T09:31:22.000Z,Todos nós sabemos que vocês querem para as investigações mané! Pois estão com o koo não mão!,2,0,11,https://twitter.com/andrefernm/status/1646958964825792512
Blibagus,@SOUZAJC68,https://twitter.com/SOUZAJC68/status/1646969214484336666,2023-04-14T20:10:34.000Z,"Não! Vcs não tem força para aprovar uma CPI com tantos deputados e senadores bolsonaristas, é pq a maioria já abandonou o barco! Muitos estão com o c# na mão, pois o Xandão já sabe quem financiou e incitou o golpe de 08/01. A discrição é o segredo para se manter vivo na politica.",2,0,21,https://twitter.com/andrefernm/status/1646958964825792512
Kleber Moreira,@homem_pedra,https://twitter.com/homem_pedra/status/1646988059680948225,2023-04-14T21:25:27.000Z,"É muita falta do que fazer né Deputado? Tem certeza que o país não tem nenhuma pauta mais urgente tendo em vista que A PF e o Supremo já estão investigando, prendendo e dando trânsito aos processos de todos os envolvidos? Incitou a invasão e agora quer se limpar através dessa CPI",6,1,15,https://twitter.com/andrefernm/status/1646958964825792512
Tony,@Tony2808988,https://twitter.com/Tony2808988/status/1646961591508783104,2023-04-14T19:40:17.000Z,👏👏👏👊👊👊👊👊,0,0,2,https://twitter.com/andrefernm/status/1646958964825792512
Guido Cusin,@guidocusin,https://twitter.com/guidocusin/status/1646962947812466688,2023-04-14T19:45:40.000Z,Faz uma lista dos deputados e senadores que retiram o nome da lista.,1,0,1,https://twitter.com/andrefernm/status/1646958964825792512
Humberto Teixeira junior,@humberto_tjr,https://twitter.com/humberto_tjr/status/1646969853713043457,2023-04-14T20:13:07.000Z,"Aqui no MS os 3 que assinaram não vão retirar,são eles:Rodolfo Nogueira(PL),Marcos Polon(PL) e Luís Ovando(PP).
Os outros nem adianta:
Dagoberto Nogueira(PSDB/PDT),Vander Loubet(PT),Beto Pereira(PSDB) Camila Jara(PT),esses não assinam nem sob tortura,kkkkk",1,2,9,https://twitter.com/andrefernm/status/1646958964825792512
AUGUSTO MINGARELLI,@AUGUSTOMINGA22,https://twitter.com/AUGUSTOMINGA22/status/1646972251965739032,2023-04-14T20:22:38.000Z,MANDA DE SP,0,0,1,https://twitter.com/andrefernm/status/1646958964825792512
Rene Furtado,@reneconservador,https://twitter.com/reneconservador/status/1646974054153289729,2023-04-14T20:29:48.000Z,De SP vou retransmitir todos os dias @andrefernm,0,0,5,https://twitter.com/andrefernm/status/1646958964825792512
Fernanda Losco,@fflosco31,https://twitter.com/fflosco31/status/1646986544530739201,2023-04-14T21:19:26.000Z,Ok,0,0,3,https://twitter.com/andrefernm/status/1646958964825792512
Vovó Mafalda,@VovoMafalda9,https://twitter.com/VovoMafalda9/status/1646990480838729728,2023-04-14T21:35:04.000Z,🤜🏼🤛🏼👊🏼,0,0,1,https://twitter.com/andrefernm/status/1646958964825792512
JJ Fonseca V͇̿I͇̿P͇̿,@JuniorFonseca05,https://twitter.com/JuniorFonseca05/status/1646991501140934658,2023-04-14T21:39:08.000Z,Só mandar. ES aqui.,0,0,1,https://twitter.com/andrefernm/status/1646958964825792512
Sérgio Cezar,@Sercem2022,https://twitter.com/Sercem2022/status/1647007221119631360,2023-04-14T22:41:36.000Z,Com certeza 👍,0,0,1,https://twitter.com/andrefernm/status/1646958964825792512
Iracema Horta,@IracemaHorta,https://twitter.com/IracemaHorta/status/1647019528168042497,2023-04-14T23:30:30.000Z,"Manda, tô no RT🇧🇷",0,0,3,https://twitter.com/andrefernm/status/1646958964825792512
NemMulaNemChuchu,@Abnara_Koteski,https://twitter.com/Abnara_Koteski/status/1647029850123665408,2023-04-15T00:11:31.000Z,Espero que o @rsallesmma e o @astro_pontes já tenham assinado! 🙂,0,0,1,https://twitter.com/andrefernm/status/1646958964825792512
DR. PAULO FARIA,@drpaulofaria22,https://twitter.com/drpaulofaria22/status/1646963346254581772,2023-04-14T19:47:15.000Z,Claro! Manda os de GOIÁS!,2,9,85,https://twitter.com/andrefernm/status/1646958964825792512
"Leoa de Judá☭⃠ -(Viver é Cristo, Morrer é Lucro)",@LucianaT_1974,https://twitter.com/LucianaT_1974/status/1647012883660779520,2023-04-14T23:04:06.000Z,"Demorou, queremos saber quem são os parlamentares que estão a favor desse escárnio contra a população de bem desse país.",1,1,2,https://twitter.com/andrefernm/status/1646958964825792512
Doce Brasileira,@docebrasileira,https://twitter.com/docebrasileira/status/1646964686749945868,2023-04-14T19:52:35.000Z,"Manda ver. E tem mais, divulgue lista de parentes, amigos ou ligados aos deputados que não assinaram e que foram agraciados com cargo ou verba para sabermos o preço do vendido.",1,1,23,https://twitter.com/andrefernm/status/1646958964825792512
Lucas Augusto,@splucasaugusto,https://twitter.com/splucasaugusto/status/1646978298969292806,2023-04-14T20:46:40.000Z,Pode sim 🇧🇷,0,1,17,https://twitter.com/andrefernm/status/1646958964825792512
Tavares CNC,@aleextavaress,https://twitter.com/aleextavaress/status/1646961433182195712,2023-04-14T19:39:39.000Z,"Solicite aos Deputados que assinem uma carta pública autenticada em cartório que vão honrar o voto do povo. 
Faça com que eles se comprometa em cartório.",1,1,9,https://twitter.com/andrefernm/status/1646958964825792512
RaquelBergo,@BergoRaquel,https://twitter.com/BergoRaquel/status/1646962897296281620,2023-04-14T19:45:28.000Z,"Sim, parabéns por sua dedicação e trabalho",1,1,2,https://twitter.com/andrefernm/status/1646958964825792512
Vivi Bolsonaro,@SpinolaViviane,https://twitter.com/SpinolaViviane/status/1646963150581911572,2023-04-14T19:46:28.000Z,Pode mandar que vamos compartilhar,1,1,10,https://twitter.com/andrefernm/status/1646958964825792512
regina ricca,@reginahricca,https://twitter.com/reginahricca/status/1646963182634782723,2023-04-14T19:46:36.000Z,É pra todo mundo esse chamado ou só pra quem fez seu curso de depilação das partes íntimas?,8,5,64,https://twitter.com/andrefernm/status/1646958964825792512
Ale,@Aleks2121,https://twitter.com/Aleks2121/status/1646963631727300609,2023-04-14T19:48:23.000Z,"Faz, ai a gente faz um citando e mostrando cada um de vcs com postagens golpistas.",0,4,73,https://twitter.com/andrefernm/status/1646958964825792512
LEILA #SaveUkraine,@LeilaBittar,https://twitter.com/LeilaBittar/status/1647186658863857665,2023-04-15T10:34:37.000Z,Conte conosco.,0,0,0,https://twitter.com/andrefernm/status/1646958964825792512
Waldirene Garcia,@1973aGarcia,https://twitter.com/1973aGarcia/status/1646959574212046850,2023-04-14T19:32:16.000Z,manda q cobraremos,0,0,1,https://twitter.com/andrefernm/status/1646958964825792512
morenatropicana 2,@jacquehappy2021,https://twitter.com/jacquehappy2021/status/1646964724519653411,2023-04-14T19:52:44.000Z,Manda o de Minas! Obrigada,0,0,1,https://twitter.com/andrefernm/status/1646958964825792512
O Censurado News,@Censurado_2022,https://twitter.com/Censurado_2022/status/1646966058916499477,2023-04-14T19:58:02.000Z,Tamujuntos! Manda ver 🇧🇷,0,0,4,https://twitter.com/andrefernm/status/1646958964825792512
Marta Tricolor,@MartaMattos1967,https://twitter.com/MartaMattos1967/status/1646967755994812433,2023-04-14T20:04:46.000Z,"Claro que sim, sou só Rio de Janeiro",0,0,1,https://twitter.com/andrefernm/status/1646958964825792512
Lou Novak,@Lou_novak,https://twitter.com/Lou_novak/status/1647001365577625600,2023-04-14T22:18:20.000Z,Estamos a postos.,0,0,2,https://twitter.com/andrefernm/status/1646958964825792512
Mirian Meireles Matsumoto,@MirianMatsumoto,https://twitter.com/MirianMatsumoto/status/1647092086146039812,2023-04-15T04:18:49.000Z,Claro que sim! #CPMIdo08deJaneiro,0,1,2,https://twitter.com/andrefernm/status/1646958964825792512
Felicio,@AlvesCyrino,https://twitter.com/AlvesCyrino/status/1647167635145240578,2023-04-15T09:19:01.000Z,"Parabéns pela iniciativa!
Há quem já esteja dando por perdida, ñ pode!

Faça tbm, banners em nosso nome, para compartilharmos muito, advertindo os deputados e senadores de que estamos atentos vendo quem realmente, nos representa e merece ser reeleito.
C/sua assinatura no rodapé.",0,0,1,https://twitter.com/andrefernm/status/1646958964825792512
Le,@leitwitt,https://twitter.com/leitwitt/status/1647202979395543040,2023-04-15T11:39:28.000Z,Clarooooo is,0,1,2,https://twitter.com/andrefernm/status/1646958964825792512
Daize Souza,@DaizeSouza2,https://twitter.com/DaizeSouza2/status/1646983098616410114,2023-04-14T21:05:44.000Z,Os de Pernambuco dos que conheço todos assinaram...,0,0,1,https://twitter.com/andrefernm/status/1646958964825792512
Reyluap,@Reyluap1,https://twitter.com/Reyluap1/status/1646985672731815936,2023-04-14T21:15:58.000Z,Já gravou aqui para o estado do Espírito Santo?,0,0,1,https://twitter.com/andrefernm/status/1646958964825792512
Vaniaabreusodre,@vaniaabreusodre,https://twitter.com/vaniaabreusodre/status/1647058011934924802,2023-04-15T02:03:25.000Z,Com certezaaaaaaaaaaaaaaaaaaaa,0,0,1,https://twitter.com/andrefernm/status/1646958964825792512
Carla Justino,@Carla44886931,https://twitter.com/Carla44886931/status/1647093691302006786,2023-04-15T04:25:12.000Z,Sim,0,0,1,https://twitter.com/andrefernm/status/1646958964825792512
elzi ananias,@ElziAnanias,https://twitter.com/ElziAnanias/status/1647227953363800071,2023-04-15T13:18:42.000Z,"Pode colocar o Vitor Lippi , é de minha cidade Sorocaba , estado São Paulo e não assinou ! É um grande pil@ntra, só olha para o próprio umbigo.",0,1,2,https://twitter.com/andrefernm/status/1646958964825792512
Dama De Ferro II,@DamaDeFerroII1,https://twitter.com/DamaDeFerroII1/status/1647693207428276224,2023-04-16T20:07:27.000Z,Ja devia estar com o vídeo pronto.,0,0,1,https://twitter.com/andrefernm/status/1646958964825792512
Soldado Mito 26,@Esperana571536,https://twitter.com/Esperana571536/status/1647698403646742534,2023-04-16T20:28:06.000Z,Tmj 👏👏🇧🇷,0,0,1,https://twitter.com/andrefernm/status/1646958964825792512
RONÉRIA,@RONERIASOUZA,https://twitter.com/RONERIASOUZA/status/1646960320542396418,2023-04-14T19:35:14.000Z,Boa!,0,0,2,https://twitter.com/andrefernm/status/1646958964825792512
Fabrício Thomaz,@Fabriiciio_MT,https://twitter.com/Fabriiciio_MT/status/1646960969204072449,2023-04-14T19:37:48.000Z,"Tava na cara que não sairia essa CPMI. O cachaceiro com muito dinheiro na agulha, e aloca um monte de gente que são dos partidos em seus ministérios. Acha mesmo que teria uma investigação do dia 8? Tem que ser muito inocente. 

ENTENDAM!!! O BRASIL JÁ ERA!!!",1,0,2,https://twitter.com/andrefernm/status/1646958964825792512
A B,@magafs,https://twitter.com/magafs/status/1646961276160036865,2023-04-14T19:39:01.000Z,Sem duvida!,0,0,2,https://twitter.com/andrefernm/status/1646958964825792512
Marcelo Bueno,@Marcello_Buenno,https://twitter.com/Marcello_Buenno/status/1646961207977431044,2023-04-14T19:38:45.000Z,"Excelente Deputado! Não esqueça por favor do nome, partido d Estado",0,0,15,https://twitter.com/andrefernm/status/1646958964825792512
andrea.anatriello,@AndrAnatriello,https://twitter.com/AndrAnatriello/status/1646960054870986777,2023-04-14T19:34:10.000Z,Lógico que pode!!! Manda bala! Parece que 3 saíram hoje ne?,2,0,12,https://twitter.com/andrefernm/status/1646958964825792512
João Pedro Nunes,@joaopedronds,https://twitter.com/joaopedronds/status/1646960658339045376,2023-04-14T19:36:34.000Z,"Boa Deputado, na verdade já podia começar agora, com todos que já assinaram! Ai nós já vamos pressionando agora!!",2,1,3,https://twitter.com/andrefernm/status/1646958964825792512
jan@123,jan@123,https://twitter.com/c_cascaes/status/1646966191171293200,2023-04-14T19:58:33.000Z,"CORRUPÇÃO: A Deputada Federal Júlia Zanatta (PL-SC) declarou ao TSE vários terrenos, mas omitiu que existiam casas no local, o que deveria torná-la inelegível. Além disso, a mãe dela morava em um condomínio de luxo nos 🇺🇲, mas recebeu o auxílio emergencial",0,3,13,https://twitter.com/andrefernm/status/1646958964825792512
Alex,@Alex80521478,https://twitter.com/Alex80521478/status/1646969058879852562,2023-04-14T20:09:57.000Z,Virou editor agora!? Vai trabalhar mané.,0,2,10,https://twitter.com/andrefernm/status/1646958964825792512
Tati,@tatianaqo,https://twitter.com/tatianaqo/status/1646972056909631519,2023-04-14T20:21:52.000Z,"Vc, um investigado, quer investigar? Volta pro  YouTube fazer vídeo de depilacao.",0,2,61,https://twitter.com/andrefernm/status/1646958964825792512
Daniely,@Daniquita21,https://twitter.com/Daniquita21/status/1646980005187002369,2023-04-14T20:53:27.000Z,Pode sim ! Aproveito e já vejo quem são os escritos q vão apoiar essa babaquice 👍🏻,4,0,34,https://twitter.com/andrefernm/status/1646958964825792512
Vilson Carvalho,@VilsonC89670678,https://twitter.com/VilsonC89670678/status/1646988524049125376,2023-04-14T21:27:18.000Z,Putz.. Que merda. Não vai fazer nenhum projeto para ajudar a população? Trabalhar que é bom nada,0,0,19,https://twitter.com/andrefernm/status/1646958964825792512
Marcellaggusmao,@Marcellaggusmao,https://twitter.com/Marcellaggusmao/status/1647028549218435073,2023-04-15T00:06:21.000Z,.,0,1,3,https://twitter.com/andrefernm/status/1646958964825792512
Ney Rocha,@RickRocker1961,https://twitter.com/RickRocker1961/status/1647033398047784961,2023-04-15T00:25:37.000Z,Vai mandar vídeos depilando o cool também?,1,0,6,https://twitter.com/andrefernm/status/1646958964825792512
Bete Edna,@Betedna,https://twitter.com/Betedna/status/1647080200721559553,2023-04-15T03:31:35.000Z,Simmmmmmmm,0,0,0,https://twitter.com/andrefernm/status/1646958964825792512
Sonia Bellomo,@SoniaBellomo1,https://twitter.com/SoniaBellomo1/status/1647116288882274304,2023-04-15T05:54:59.000Z,Deixa com nós,0,0,0,https://twitter.com/andrefernm/status/1646958964825792512
Fernando Rabelo Medicina Trabalho e Perícia Médica,@MedicinaPericia,https://twitter.com/MedicinaPericia/status/1647128853939093505,2023-04-15T06:44:55.000Z,"Bom dia deputado, conte comigo",0,0,0,https://twitter.com/andrefernm/status/1646958964825792512
Marcelo de Carvalho,@Carv16De,https://twitter.com/Carv16De/status/1647187578423001093,2023-04-15T10:38:16.000Z,100%,0,0,0,https://twitter.com/andrefernm/status/1646958964825792512
mariano,@mariano71409800,https://twitter.com/mariano71409800/status/1647196179178946561,2023-04-15T11:12:27.000Z,Tmj dep 🇧🇷👊,0,0,0,https://twitter.com/andrefernm/status/1646958964825792512
Régis Rock,@regis_rocha_sp,https://twitter.com/regis_rocha_sp/status/1647234345688604676,2023-04-15T13:44:06.000Z,"Com certeza.

Aproveitando, o deputado @marcospereira04 assinou?",0,0,0,https://twitter.com/andrefernm/status/1646958964825792512
R Luiz,@RLuiz_72,https://twitter.com/RLuiz_72/status/1647235893118287873,2023-04-15T13:50:15.000Z,Manda do RJ!!,0,0,0,https://twitter.com/andrefernm/status/1646958964825792512
Tania Giordini,@taniagiordini,https://twitter.com/taniagiordini/status/1647302559130894344,2023-04-15T18:15:10.000Z,👍,0,0,0,https://twitter.com/andrefernm/status/1646958964825792512
Mariangela Chaves,@PitomboC,https://twitter.com/PitomboC/status/1647412904063279104,2023-04-16T01:33:38.000Z,Pode!,0,0,0,https://twitter.com/andrefernm/status/1646958964825792512
Julia,@juliadcbm,https://twitter.com/juliadcbm/status/1647447818062159872,2023-04-16T03:52:22.000Z,Tem que divulgar,0,0,1,https://twitter.com/andrefernm/status/1646958964825792512
André Aranda,@Andre17121979,https://twitter.com/Andre17121979/status/1647600687390367745,2023-04-16T13:59:49.000Z,Aqui do Paraná já divulguei seu video,0,0,2,https://twitter.com/andrefernm/status/1646958964825792512
Veruska,@MunizVeruska,https://twitter.com/MunizVeruska/status/1646962488762683402,2023-04-14T19:43:51.000Z,Arrocha aí,1,0,2,https://twitter.com/andrefernm/status/1646958964825792512
Eduardo Black,@Eduardo12383988,https://twitter.com/Eduardo12383988/status/1646962533360717827,2023-04-14T19:44:01.000Z,Manda!,0,0,2,https://twitter.com/andrefernm/status/1646958964825792512
Danny,@DanielaSJlle,https://twitter.com/DanielaSJlle/status/1646970491868008467,2023-04-14T20:15:39.000Z,Simmm,0,0,2,https://twitter.com/andrefernm/status/1646958964825792512
Eduardo .:,@Eduardo53979829,https://twitter.com/Eduardo53979829/status/1646996470162153474,2023-04-14T21:58:52.000Z,SIM @Sen_Oriovisto @SenadoFederal @FlavioArnsPR,0,1,1,https://twitter.com/andrefernm/status/1646958964825792512
brasileiro,@santinodeandra1,https://twitter.com/santinodeandra1/status/1647024730812166146,2023-04-14T23:51:10.000Z,VAMOS REPLICAR O NOME DOS desistentes DA CPMI.,0,0,3,https://twitter.com/andrefernm/status/1646958964825792512
Gabriela,@Gabriel72894728,https://twitter.com/Gabriel72894728/status/1647032222765989889,2023-04-15T00:20:56.000Z,Sim❗️❗️O povo quer a #CPMI08dejaneiro  #CPMI08DEJANEIROJÁ  #CPMI08dejaneiroja,0,1,1,https://twitter.com/andrefernm/status/1646958964825792512
Aurora,@AuroraCtaReserv,https://twitter.com/AuroraCtaReserv/status/1647039408925802500,2023-04-15T00:49:30.000Z,Com certeza!#CPMI08dejaneiroja,0,1,1,https://twitter.com/andrefernm/status/1646958964825792512
J.Guida,@joaoguidarj,https://twitter.com/joaoguidarj/status/1646962149502210052,2023-04-14T19:42:30.000Z,Manda ver. RJ,0,1,1,https://twitter.com/andrefernm/status/1646958964825792512
Elisa,@Elisa53771644,https://twitter.com/Elisa53771644/status/1646964873178370055,2023-04-14T19:53:19.000Z,"Pode mandar, conte comigo!",0,0,2,https://twitter.com/andrefernm/status/1646958964825792512
Marcella BOLSONARO,@MarizMarcella,https://twitter.com/MarizMarcella/status/1646992872879579142,2023-04-14T21:44:35.000Z,"Opa! Claro, André!",0,0,0,https://twitter.com/andrefernm/status/1646958964825792512
Zelia Fabro22,@zfabrogmailcom,https://twitter.com/zfabrogmailcom/status/1647071219772956672,2023-04-15T02:55:54.000Z,Bora!,0,0,0,https://twitter.com/andrefernm/status/1646958964825792512
elenita vitoria alve,@elenitavitoriaa,https://twitter.com/elenitavitoriaa/status/1646960591884492802,2023-04-14T19:36:18.000Z,Sim,0,0,0,https://twitter.com/andrefernm/status/1646958964825792512
angelaisolani,@angela50285508,https://twitter.com/angela50285508/status/1646961193913835520,2023-04-14T19:38:42.000Z,Sim.,0,0,0,https://twitter.com/andrefernm/status/1646958964825792512
Alan,@Alan_Di_Sousa,https://twitter.com/Alan_Di_Sousa/status/1646961377939017748,2023-04-14T19:39:26.000Z,Claro que sim. 👍🇧🇷,0,0,0,https://twitter.com/andrefernm/status/1646958964825792512
Sirlene Lazzarotto,@Sirlene_Lazz,https://twitter.com/Sirlene_Lazz/status/1646961541730775040,2023-04-14T19:40:05.000Z,Manda ai!,0,0,0,https://twitter.com/andrefernm/status/1646958964825792512
Neyde Maria Rodrigues de Almeida,@NeydeMariaRodr1,https://twitter.com/NeydeMariaRodr1/status/1646963173386342400,2023-04-14T19:46:34.000Z,Aguardando 🙋‍♀️🙋‍♀️🙋‍♀️,0,0,0,https://twitter.com/andrefernm/status/1646958964825792512
Waggie PT-fóbico,@wagnerudi,https://twitter.com/wagnerudi/status/1646964095185309722,2023-04-14T19:50:14.000Z,Manda aí.,0,0,0,https://twitter.com/andrefernm/status/1646958964825792512
Weverton,@dasilva9316,https://twitter.com/dasilva9316/status/1646965478080892964,2023-04-14T19:55:43.000Z,Manda bala!,0,0,1,https://twitter.com/andrefernm/status/1646958964825792512
Bbarboza,@Bbarboza3,https://twitter.com/Bbarboza3/status/1646965575216779265,2023-04-14T19:56:06.000Z,Tô esperando,0,0,0,https://twitter.com/andrefernm/status/1646958964825792512
Suzi Martins,@ftsmartins,https://twitter.com/ftsmartins/status/1647070180839763968,2023-04-15T02:51:46.000Z,Sim👍💯🇧🇷👊❗,0,0,0,https://twitter.com/andrefernm/status/1646958964825792512
Chadia A. Ahmad,@ManhaBella,https://twitter.com/ManhaBella/status/1647095031986024448,2023-04-15T04:30:31.000Z,Com TODA CERTEZA!,0,0,0,https://twitter.com/andrefernm/status/1646958964825792512
Gi,@GildaTeixeira7,https://twitter.com/GildaTeixeira7/status/1647160750178451456,2023-04-15T08:51:40.000Z,Excelente deputado! Mto bom! Conte conosco pra cobrar e  expor TDS esses senadores e deputados que aínda não assinaram a CPMI.,0,0,0,https://twitter.com/andrefernm/status/1646958964825792512
Maristela Santana Couto,@CoutoMaristela,https://twitter.com/CoutoMaristela/status/1647646193739022336,2023-04-16T17:00:39.000Z,Posta aqui que será um prazer divulgar.,0,0,0,https://twitter.com/andrefernm/status/1646958964825792512
Arnaldo L Rodrigues-,@ArnaldoLBR,https://twitter.com/ArnaldoLBR/status/1647718130708299776,2023-04-16T21:46:30.000Z,Pode mandar,0,0,0,https://twitter.com/andrefernm/status/1646958964825792512
Amalia mas,@AmaliaMas,https://twitter.com/AmaliaMas/status/1647726655920644096,2023-04-16T22:20:22.000Z,Grava sim … p podermos replicar direto 👏🏻👏🏻👏🏻👏🏻🇧🇷🇧🇷🇧🇷🇧🇷,0,0,0,https://twitter.com/andrefernm/status/1646958964825792512
R○n@ld○ P$,R○n@ld○ P$,https://twitter.com/oservo144000/status/1647904184274960384,2023-04-17T10:05:48.000Z,👍🏽,0,0,0,https://twitter.com/andrefernm/status/1646958964825792512
Denilson da Silva Macedo,@Denilso56523821,https://twitter.com/Denilso56523821/status/1647981843323445248,2023-04-17T15:14:24.000Z,Ótima idéia!!,0,0,0,https://twitter.com/andrefernm/status/1646958964825792512
José Carlos,@JoseB2022,https://twitter.com/JoseB2022/status/1647713723438473216,2023-04-16T21:28:59.000Z,"Quero os do Rio Grande do Sul, já sei de alguns :
Maria do Rosário, Paulo Paim ,Paulo Pimenta, Bonh Gass, Marcon, Pompeo de Matos , Alexandre Lindenmeier , Denise Pessoa...",1,1,0,https://twitter.com/andrefernm/status/1646958964825792512
Sidney Bulcão,@SidneyBulcao,https://twitter.com/SidneyBulcao/status/1647358377037639681,2023-04-15T21:56:58.000Z,"ESTAVA COM FÉ NESSA CPMI DO DIA 08 DE JANEIRO !!! 🤔 

Mas estou com uma vaga impressão que não vai vingar, Pacheco e Lula vão tentar alguma manobra, artimanha ! 

PROVAS Já tem !!

A questão hoje é a OPOSIÇÃO, são lentos, pacientes, nada combativos, desse jeito LULA e PACHECO ⬇️",1,0,0,https://twitter.com/andrefernm/status/1646958964825792512
Laurimar Lira Braga,@LaurimarLiraBra,https://twitter.com/LaurimarLiraBra/status/1647214468990902272,2023-04-15T12:25:07.000Z,SIM,0,0,0,https://twitter.com/andrefernm/status/1646958964825792512
Marilia Terezinha Torres Silveira,@MariliaTerezin2,https://twitter.com/MariliaTerezin2/status/1647261371816345603,2023-04-15T15:31:30.000Z,"Olá,  Rio Grande do Sul,  alguém?  Obrigada pelo empenho e um bom trabalho,  parabéns.",0,0,1,https://twitter.com/andrefernm/status/1646958964825792512
@Jairo Magno oficial,@Jairo Magno oficial,https://twitter.com/JairoMagnoofic1/status/1647278373691850752,2023-04-15T16:39:03.000Z,Conte comigo aqui no Rio Deputado.,0,0,0,https://twitter.com/andrefernm/status/1646958964825792512
SCHEILA - EU ACREDITO NA JUSTIÇA DIVINA,@SCRREAL,https://twitter.com/SCRREAL/status/1647290854044848129,2023-04-15T17:28:39.000Z,Pode sim. Esses caras precisam entender que quem os colocou onde estão fomos nós.,0,0,1,https://twitter.com/andrefernm/status/1646958964825792512
LiLiz,@lilizlana,https://twitter.com/lilizlana/status/1647683162158366723,2023-04-16T19:27:32.000Z,👍🏻,0,0,0,https://twitter.com/andrefernm/status/1646958964825792512
Elis Gliesch,@glieschelis,https://twitter.com/glieschelis/status/1647690026472333317,2023-04-16T19:54:49.000Z,💪💪💪💪🇧🇷,0,0,0,https://twitter.com/andrefernm/status/1646958964825792512
R Luiz,@RLuiz_72,https://twitter.com/RLuiz_72/status/1647779759521161219,2023-04-17T01:51:23.000Z,Com certeza..,0,0,0,https://twitter.com/andrefernm/status/1646958964825792512
Rodrigo Nelson,@rodrigonelson,https://twitter.com/rodrigonelson/status/1646959736762552322,2023-04-14T19:32:54.000Z,"Fique tranquilo, quando chegar em São Paulo, minha parte farei.

Forte abraço",0,0,5,https://twitter.com/andrefernm/status/1646958964825792512
Cintia Azevedo,@AzevedoCinteka,https://twitter.com/AzevedoCinteka/status/1646960177113858049,2023-04-14T19:34:39.000Z,Com certeza!,0,0,1,https://twitter.com/andrefernm/status/1646958964825792512
#Cpmide08dejaneiroJá #cpmi08dejaneiro2023 #,@CCConservador,https://twitter.com/CCConservador/status/1646960504613621784,2023-04-14T19:35:58.000Z,👏👏👏👏👏,0,1,0,https://twitter.com/andrefernm/status/1646958964825792512
Dê Moraes,@moraesde4,https://twitter.com/moraesde4/status/1646962927738531842,2023-04-14T19:45:35.000Z,"Lógico, mas meus deputados  Nikolas Ferreira @nikolas_dm , Bruno Engler @BrunoEnglerDM  senador Cleitinho @cleitinhotmj 🙏📿todos 🙏são da Direita🙏🇧🇷🗽",0,0,8,https://twitter.com/andrefernm/status/1646958964825792512
Marcia Camello,@_MarciaCamello_,https://twitter.com/_MarciaCamello_/status/1646987738997039105,2023-04-14T21:24:11.000Z,"Mande sim, por favor. Esses caras se escondem atrás do anonimato pra fazer os malfeitos. Vamos deixa-los famosinhos 🤭",0,0,3,https://twitter.com/andrefernm/status/1646958964825792512
Nivaldo Cordeiro,@Nivas190,https://twitter.com/Nivas190/status/1646993637673238528,2023-04-14T21:47:37.000Z,"👏👏👏👏👏👏👏👏 muito importante deputado Andre fernandes.
 todos irão saber os traidores da pátria e nunca mais eles ganharam eleições",0,0,3,https://twitter.com/andrefernm/status/1646958964825792512
Liane Carvalho,@Liane_cn,https://twitter.com/Liane_cn/status/1646992244157628423,2023-04-14T21:42:05.000Z,O meu e @Oficialluizlima  está fechado com o povo.,0,1,3,https://twitter.com/andrefernm/status/1646958964825792512
Maria da Conceição - MG,@CnoronhaDa,https://twitter.com/CnoronhaDa/status/1647106708332838912,2023-04-15T05:16:55.000Z,👍🏼,0,1,1,https://twitter.com/andrefernm/status/1646958964825792512
DONNAOLIHE,@Donnaolihe,https://twitter.com/Donnaolihe/status/1646988130065559553,2023-04-14T21:25:44.000Z,E só mandar!!!!,1,0,1,https://twitter.com/andrefernm/status/1646958964825792512
victor naia,@victornaia1,https://twitter.com/victornaia1/status/1646960262065389568,2023-04-14T19:35:00.000Z,Com certeza!,0,1,2,https://twitter.com/andrefernm/status/1646958964825792512
Weslei Oliveira,@WesleiO26922197,https://twitter.com/WesleiO26922197/status/1646961653924220943,2023-04-14T19:40:32.000Z,"Excelente, Deputado. 🎯 @coronel_meira faça o mesmo para a CPMI do Crime Organizado  e o restante deixe conosco.",0,1,2,https://twitter.com/andrefernm/status/1646958964825792512
Rodrigo Iran,@rodrigoiran,https://twitter.com/rodrigoiran/status/1646962105591947266,2023-04-14T19:42:19.000Z,E o caneco vai raspar quando?,0,1,3,https://twitter.com/andrefernm/status/1646958964825792512
ceruliansky,@ceruliansky1,https://twitter.com/ceruliansky1/status/1646965348808249348,2023-04-14T19:55:12.000Z,"Deputado, eu n sei como se negocia uma assinatura na CPMI. P/ falar a vdd enviei até email p/ senador do meu estado, e aparente/ ele n assinou. Eles tem 8 anos garantidos e pouco se importam com o BR. Se essa CPMI  n sair vão ficar MT claro 2 coisas. A Dir n sabe se articular e +",1,0,9,https://twitter.com/andrefernm/status/1646958964825792512
Márcia Mello,@marcia_miami,https://twitter.com/marcia_miami/status/1647068018881462277,2023-04-15T02:43:11.000Z,Pode,0,0,0,https://twitter.com/andrefernm/status/1646958964825792512
Fabiana Lettnin,@LettninFabiana,https://twitter.com/LettninFabiana/status/1647066891603566598,2023-04-15T02:38:42.000Z,E aqueles que desistiram tambm.,0,0,0,https://twitter.com/andrefernm/status/1646958964825792512
Dinha,@EdnaCos18,https://twitter.com/EdnaCos18/status/1647214387252322305,2023-04-15T12:24:48.000Z,"Com certeza deputado, conte conosco!! 💪🏼💪🏼",0,0,0,https://twitter.com/andrefernm/status/1646958964825792512
Marilisa Cardoso,@Marilis29402505,https://twitter.com/Marilis29402505/status/1647281442253074438,2023-04-15T16:51:15.000Z,"Tenho certeza que todo brasileiro, Bem informado, sera' um aliado seu nesse patriota encargo....",0,0,0,https://twitter.com/andrefernm/status/1646958964825792512
Abelardo,@SergioP36002634,https://twitter.com/SergioP36002634/status/1647361035207168001,2023-04-15T22:07:31.000Z,Passei a te seguir para divulgar os vídeos.,0,0,0,https://twitter.com/andrefernm/status/1646958964825792512
Marcoantonio080943,@Marcoan28028309,https://twitter.com/Marcoan28028309/status/1647393796257198082,2023-04-16T00:17:42.000Z,"SIM.!!! 
Aqui São Paulo.",0,0,0,https://twitter.com/andrefernm/status/1646958964825792512
Ana Maria...Bolsonariana..!!!,@AnaMari09243254,https://twitter.com/AnaMari09243254/status/1647683863999811584,2023-04-16T19:30:20.000Z,Manda mesmo!,0,0,0,https://twitter.com/andrefernm/status/1646958964825792512
contato vendedor,@contatovendedo1,https://twitter.com/contatovendedo1/status/1647686629795012608,2023-04-16T19:41:19.000Z,Boa. Queremos saber quem são os vendidos.,0,0,0,https://twitter.com/andrefernm/status/1646958964825792512
"PATRIOTS,OPEN YOUR EYES.",@GLADSTONSAUNIER,https://twitter.com/GLADSTONSAUNIER/status/1646960860013776896,2023-04-14T19:37:22.000Z,Pode...manda ver,0,0,1,https://twitter.com/andrefernm/status/1646958964825792512
#Cpmide08dejaneiroJá #cpmi08dejaneiro2023 #,@CCConservador,https://twitter.com/CCConservador/status/1646961378203189249,2023-04-14T19:39:26.000Z,Obrigado a todos os deputados federais e senadores que assinaram!! Um obrigado especial ao deputado @andrefernm  André Fernandes. Estamos muito orgulhosos do senhor. Obrigado ao políticos que estão apoiando#CPMI08dejaneiro,0,0,4,https://twitter.com/andrefernm/status/1646958964825792512
vera l ricardo facci,@facci__,https://twitter.com/facci__/status/1647005333095854080,2023-04-14T22:34:05.000Z,Pode,0,0,0,https://twitter.com/andrefernm/status/1646958964825792512
ivl,@ival_iva,https://twitter.com/ival_iva/status/1646961087881854976,2023-04-14T19:38:17.000Z,Manda.👍,0,0,0,https://twitter.com/andrefernm/status/1646958964825792512
Marta Silva membro ativo do cuzcuzclã,@mo11121960,https://twitter.com/mo11121960/status/1646967287163899939,2023-04-14T20:02:55.000Z,Pode contar comigo. Todos os dias farei retwitter dos vídeos.,0,0,0,https://twitter.com/andrefernm/status/1646958964825792512
Rikardo,@Rikardo27232362,https://twitter.com/Rikardo27232362/status/1646969542810259467,2023-04-14T20:11:52.000Z,👍👍👍,0,0,0,https://twitter.com/andrefernm/status/1646958964825792512
"Sueli - Fechada com o Capitão - SDV sempre, sem DM",@sueli_st,https://twitter.com/sueli_st/status/1646969665090998280,2023-04-14T20:12:22.000Z,Bora !!,0,0,0,https://twitter.com/andrefernm/status/1646958964825792512
sempreadireita,@sempreadireita3,https://twitter.com/sempreadireita3/status/1646970055341625349,2023-04-14T20:13:55.000Z,Pode sim,0,0,0,https://twitter.com/andrefernm/status/1646958964825792512
Margareth Gatti,@gatti_margareth,https://twitter.com/gatti_margareth/status/1646970866012508186,2023-04-14T20:17:08.000Z,Sim,0,0,0,https://twitter.com/andrefernm/status/1646958964825792512
Solange Milano,@MilanoSolange,https://twitter.com/MilanoSolange/status/1646973243356577796,2023-04-14T20:26:35.000Z,Manda!!,0,0,0,https://twitter.com/andrefernm/status/1646958964825792512
R Luiz,@RLuiz_72,https://twitter.com/RLuiz_72/status/1646973523947139075,2023-04-14T20:27:42.000Z,"Positivo..no RJ, está uma decepção!!",0,0,0,https://twitter.com/andrefernm/status/1646958964825792512
Marcio,@msstk78,https://twitter.com/msstk78/status/1646976002633916419,2023-04-14T20:37:33.000Z,Pode mandar!👊🏻🇧🇷,0,0,0,https://twitter.com/andrefernm/status/1646958964825792512
Cristiane,@Crisfarias38,https://twitter.com/Crisfarias38/status/1647278121371025409,2023-04-15T16:38:03.000Z,Boa,0,0,0,https://twitter.com/andrefernm/status/1646958964825792512
Eduardo Fernandes,@Eduardo39521507,https://twitter.com/Eduardo39521507/status/1646960094523842562,2023-04-14T19:34:20.000Z,Manda  do Rio.,0,0,1,https://twitter.com/andrefernm/status/1646958964825792512
#Cpmide08dejaneiroJá #cpmi08dejaneiro2023 #,@CCConservador,https://twitter.com/CCConservador/status/1646960547404070912,2023-04-14T19:36:08.000Z,#CPMI08dejaneiro #cpmi08dejaneiro2023 #CPMIdo08deJaneiro,0,0,1,https://twitter.com/andrefernm/status/1646958964825792512
𝒪𝓊𝓇 𝒫𝑒𝑜𝓅𝓁𝑒,@_mandalorian_Z,https://twitter.com/_mandalorian_Z/status/1646964351369113600,2023-04-14T19:51:15.000Z,👏👏👏👏👏,0,0,1,https://twitter.com/andrefernm/status/1646958964825792512
Jefferson Souza,@Jeffsouza2021,https://twitter.com/Jeffsouza2021/status/1646964988416872471,2023-04-14T19:53:47.000Z,"Do Paraná,quero todos os nomes!",1,0,0,https://twitter.com/andrefernm/status/1646958964825792512
Vera Costa,@VeraCos71745242,https://twitter.com/VeraCos71745242/status/1646966529815203889,2023-04-14T19:59:54.000Z,Quem não assinar que pelo menos se explique aos seus eleitores qual a razão de não o fazer! Qual o medo do DESgoverno atual da CPMI do dia 08 de janeiro?,0,0,1,https://twitter.com/andrefernm/status/1646958964825792512
Regina Fiuza,@LilahRegina,https://twitter.com/LilahRegina/status/1646967105277894657,2023-04-14T20:02:11.000Z,"Excelente iniciativa. Aqui, esperando o vídeo de São Paulo, pra divulgar no planeta inteiro.",0,0,1,https://twitter.com/andrefernm/status/1646958964825792512
BethBolsonaroo,@BethcaxeroSilva,https://twitter.com/BethcaxeroSilva/status/1646987254231973888,2023-04-14T21:22:15.000Z,Sim,0,0,1,https://twitter.com/andrefernm/status/1646958964825792512
Márcia Morgado,@marciamorgado12,https://twitter.com/marciamorgado12/status/1647000621684252672,2023-04-14T22:15:22.000Z,Claro,0,0,1,https://twitter.com/andrefernm/status/1646958964825792512
Jussara Weyll,@JussaraWeyll,https://twitter.com/JussaraWeyll/status/1647224588437278721,2023-04-15T13:05:20.000Z,"PELOS SENADORES DA BAHIA, JÁ SEI 😡🤬😡😡🤬😡🤬",0,0,0,https://twitter.com/andrefernm/status/1646958964825792512
Rosana Halász,@draZaninha2,https://twitter.com/draZaninha2/status/1647620295321059328,2023-04-16T15:17:44.000Z,Cadê os vídeos?,0,0,0,https://twitter.com/andrefernm/status/1646958964825792512
cmf CLÁUDIO,@cmfsuca,https://twitter.com/cmfsuca/status/1646962479518437391,2023-04-14T19:43:48.000Z,COM CERTEZA! CPMI JÁ!!!!,0,0,3,https://twitter.com/andrefernm/status/1646958964825792512
Simone Ruzafa,@SimoneRuzafa,https://twitter.com/SimoneRuzafa/status/1646971967214440469,2023-04-14T20:21:30.000Z,Pode sim!!!,0,0,1,https://twitter.com/andrefernm/status/1646958964825792512
Elcelio,@Elcelio10,https://twitter.com/Elcelio10/status/1646976846028763136,2023-04-14T20:40:54.000Z,Manda os do Pará @andrefernm,1,0,1,https://twitter.com/andrefernm/status/1646958964825792512
Marly,@Marlycarla1,https://twitter.com/Marlycarla1/status/1647194663760060421,2023-04-15T11:06:25.000Z,Pode!! 🇧🇷👏🏻👏🏻🙏,0,0,0,https://twitter.com/andrefernm/status/1646958964825792512
Adriana Silva,@DricaMM22,https://twitter.com/DricaMM22/status/1646963587305426964,2023-04-14T19:48:12.000Z,Bora @andrefernm,0,0,1,https://twitter.com/andrefernm/status/1646958964825792512
Helena Duarte,@HelenaD92516366,https://twitter.com/HelenaD92516366/status/1646964188667863041,2023-04-14T19:50:36.000Z,👏👏👏🤝💪,0,0,1,https://twitter.com/andrefernm/status/1646958964825792512
SMDJBRAZIL,@SDMJDBRAZIL,https://twitter.com/SDMJDBRAZIL/status/1646965389056790534,2023-04-14T19:55:22.000Z,🇧🇷💪🇧🇷,0,0,1,https://twitter.com/andrefernm/status/1646958964825792512
Cleide Ita- É .22 em 2022,@cleide_ita,https://twitter.com/cleide_ita/status/1646983500497551361,2023-04-14T21:07:20.000Z,Parabéns Andre ! Estamos aguardando ! Coloque TUDO no Twitter,0,0,2,https://twitter.com/andrefernm/status/1646958964825792512
