nome,usuario,idTweet,dataPublicacao,texto,replies,retweets,likes,tweetPai
WEBGIANTBRASIL,@MIDNIGHTMANBR,https://twitter.com/MIDNIGHTMANBR/status/1647427076935262211,2023-04-16T02:29:57.000Z,Vem viver com 500 pila por mês. E tu vai ficar doido pra ter uma shopee na tua vida. O pobre na gestão Bolsonaro comprava na shopee. Nessa gestão não compra nem no camelódromo.,0,0,0,https://twitter.com/BohnGass/status/1646828343004725251
Gianpaulo Scaciota,@GianSca1970,https://twitter.com/GianSca1970/status/1646851310891802625,2023-04-14T12:22:04.000Z,🤣🤣🤣Você já pensou em fazer stand up comedy ?,0,0,1,https://twitter.com/BohnGass/status/1646828343004725251
Bruno Mokan Muenchen,@brunomokan,https://twitter.com/brunomokan/status/1646997657431203841,2023-04-14T22:03:35.000Z,"Olá deputado, concordo que deve ser tributado independente de origem PF ou PJ, mas acredito que deveria ter uma cota livre de impostos, assim como tem pra quem entra no país por via terrestre ou aérea. (...)",2,0,1,https://twitter.com/BohnGass/status/1646828343004725251
Senhora RIVOTRIL,@SRivoltril,https://twitter.com/SRivoltril/status/1647122534385479680,2023-04-15T06:19:48.000Z,"Muito, muito ruim essa comunicação ontem a gente era conta o Paulo Jegue hoje todo mundo que compra na Shein é bandido??
Prazer bandida que votou no Lula, obrigada pela sua consideração .",2,0,4,https://twitter.com/BohnGass/status/1646828343004725251
Jaque Castelo Branco,@Jaqueline_C_B,https://twitter.com/Jaqueline_C_B/status/1646909049756155904,2023-04-14T16:11:30.000Z,"Nem chega a ser uma taxação nova dos e-commerces. A lei já existe, só que os e-commerces a estavam burlando.",0,0,3,https://twitter.com/BohnGass/status/1646828343004725251
Nick summers,@Nicksummers_,https://twitter.com/Nicksummers_/status/1647168218132512768,2023-04-15T09:21:20.000Z,Votar o aumento do próprio salario enquanto o trabalhador brasileiro passa fome e n pode nem comprar uma blusa de 10 conto na internet é coisa de que?,0,0,0,https://twitter.com/BohnGass/status/1646828343004725251
Sonia #PTSempreEPraSempre,@somel62,https://twitter.com/somel62/status/1646835678850736128,2023-04-14T11:19:57.000Z,👏🏽👏🏽👏🏽👏🏽👏🏽👏🏽👏🏽👏🏽👏🏽⭐️🚩❤️,0,0,0,https://twitter.com/BohnGass/status/1646828343004725251
Ana Galdino,@anagaldino02,https://twitter.com/anagaldino02/status/1646832048827514887,2023-04-14T11:05:31.000Z,Ñ falem de bandidos no Brasil.,0,0,0,https://twitter.com/BohnGass/status/1646828343004725251
EDUARDO AMORIM,@ESAMORIM,https://twitter.com/ESAMORIM/status/1646853729528823811,2023-04-14T12:31:40.000Z,Eu por acaso sou empresa pra pagar isso aqui de taxa?,0,1,1,https://twitter.com/BohnGass/status/1646828343004725251
Luza,@LuzaCosta59,https://twitter.com/LuzaCosta59/status/1646844075037933570,2023-04-14T11:53:19.000Z,👏👏👏👏,0,0,0,https://twitter.com/BohnGass/status/1646828343004725251
Silvia,@silviacbap,https://twitter.com/silviacbap/status/1647176050764402688,2023-04-15T09:52:28.000Z,"Tem gente que não entendeu nada e está comparando Haddad a Paulo Guedes e tá ofendido, mas não quer parar e pensar.",0,0,0,https://twitter.com/BohnGass/status/1646828343004725251
Leon Liñares,@xenotar31,https://twitter.com/xenotar31/status/1646898918045757446,2023-04-14T15:31:14.000Z,"Quem paga o imposto é o comprador. Sempre foi. Quem devia fiscalizar é  a Receita. Contrabando é outra coisa. Ofender o vendedor porque a RF  taxa por amostragem é  desonesto. Cobrar 60% sobre item+frete é  extorsivo, herança da ditadura.",0,0,0,https://twitter.com/BohnGass/status/1646828343004725251
Lauriano,@Lauriano0604,https://twitter.com/Lauriano0604/status/1646919632756826136,2023-04-14T16:53:33.000Z,Assinou a CPMI ou não? Tem medo de que?,1,0,1,https://twitter.com/BohnGass/status/1646828343004725251
Sandro Múcio,@SandroMucio,https://twitter.com/SandroMucio/status/1646828593035575296,2023-04-14T10:51:47.000Z,"Quem prometeu colocar o pobre no orçamento e o rico para pagar imposto começa cobrando imposto de compra de 50 dólares.  Cadê o imposto sobre avião,  navio, lancha, jet-ski?",1,0,7,https://twitter.com/BohnGass/status/1646828343004725251
lliberalismo,@liberalsempapas,https://twitter.com/liberalsempapas/status/1646955382223372290,2023-04-14T19:15:36.000Z,Passador de pano… e q se ferrem os pobre …. Tudo para Stálin,0,0,0,https://twitter.com/BohnGass/status/1646828343004725251
Otto,@o_nigro,https://twitter.com/o_nigro/status/1646995483812851712,2023-04-14T21:54:57.000Z,imposto é roubo.,0,0,0,https://twitter.com/BohnGass/status/1646828343004725251
Flavio Bergantini Dias,@BergantiniDias,https://twitter.com/BergantiniDias/status/1646906991065874432,2023-04-14T16:03:19.000Z,"Simples assim e a classe média que compra no e commerce sendo assim me relembra um vídeo onde Lules presente com uma mulher que nem lembro o nome falando "" tenho horrooooor a classe média , são repugnantes nojentos horror aos pobres."", E bem a cara de Petista fala isso passa pano",0,0,1,https://twitter.com/BohnGass/status/1646828343004725251
leandro lagden,@LagdenLeandro,https://twitter.com/LagdenLeandro/status/1647008018431717376,2023-04-14T22:44:46.000Z,"Pensou taxou , governo não tem política econômica a não ser gastos maiores e arrecadação a qualquer preço. 
Pensou taxou!!! 

Projeto deixar o povo pobre e dependente de esmola do estado .
O bem social . A liderança rica , corrupta e resto que pague a conta .",0,0,0,https://twitter.com/BohnGass/status/1646828343004725251
Li SAGI,@Lililembra,https://twitter.com/Lililembra/status/1646840373912776708,2023-04-14T11:38:36.000Z,"Atrás de um produto barato demais sempre tem mão de obra escrava. Só acho que tem que ser menor e gradual a imposição do  imposto, para irem se adaptando. Consumidor nao tem culpa de terem deixado ficar deste tamamho.",1,0,3,https://twitter.com/BohnGass/status/1646828343004725251
Afonso Vieira,@af_vieira,https://twitter.com/af_vieira/status/1646842680935084035,2023-04-14T11:47:46.000Z,"Quem paga o imposto na realidade é o consumidor final, hipócrita é quem pensa ao contrário",0,0,3,https://twitter.com/BohnGass/status/1646828343004725251
Benjamim A.,@benjanver,https://twitter.com/benjanver/status/1647030276323700739,2023-04-15T00:13:12.000Z,"Agora sim o pobre vai ser feliz, tendo que comprar interno pelo dobro do preço.
TAXA TUDO MESMO",0,0,4,https://twitter.com/BohnGass/status/1646828343004725251
★Josscunha☭☆,@JOSSCUNHA,https://twitter.com/JOSSCUNHA/status/1646837055354175495,2023-04-14T11:25:25.000Z,"O errado e fora da lei, cometer crimes e defender ricos cometem praticando todo tipo de atrocidades, crimes que a direita defende no Br. Até um presidente tentou violar a Receita Federal contrabandeado jóias e muitos pobres defendem por falta de um cérebro que pense",0,0,2,https://twitter.com/BohnGass/status/1646828343004725251
Ricardo Romão,@ricardoaurore,https://twitter.com/ricardoaurore/status/1646851748324159490,2023-04-14T12:23:48.000Z,Exatamente.,0,0,0,https://twitter.com/BohnGass/status/1646828343004725251
Mickelly Cherie,@MickellyCherie,https://twitter.com/MickellyCherie/status/1646867441111236610,2023-04-14T13:26:09.000Z,"É a classe média usando os pobres. Concordo plenamente. Temos que está atento, pq com a declaração do Lula sobre o dólar, os americanos junto com a imprensa vão tramar alguma coisa.",0,0,6,https://twitter.com/BohnGass/status/1646828343004725251
Presidente do TSE,@bpedrassani,https://twitter.com/bpedrassani/status/1646833388312043522,2023-04-14T11:10:51.000Z,"Na verdade essa é uma análise extremamente simplória de um problema que o governo arranjou pra si mesmo porque fizeram merda na comunicação, então não, não é simples assim.",0,0,1,https://twitter.com/BohnGass/status/1646828343004725251
Thiago Santos,@thsantos,https://twitter.com/thsantos/status/1646933756014411777,2023-04-14T17:49:40.000Z,Pobres. Metade do Brasil em situação de insegurança alimentar e taxar esses sites afeta os pobres. Sei.,0,0,0,https://twitter.com/BohnGass/status/1646828343004725251
Eduardo Nogueira,@nogueiraduddu,https://twitter.com/nogueiraduddu/status/1647171416654061570,2023-04-15T09:34:03.000Z,Peça nota fiscal de qualquer compra que fizer! Qualquer compra! Sonegação começa em casa! Se não for incômodo cobra impostos dos bicheiros!,0,0,0,https://twitter.com/BohnGass/status/1646828343004725251
Zete Medeiros,@VanilzeteM,https://twitter.com/VanilzeteM/status/1647377643023613952,2023-04-15T23:13:31.000Z,"E um canalha que mama no dinheiro do povo que paga imposto vir defender imposto sobre os mais pobres, é muita cara de pau.. simples assim.",0,0,0,https://twitter.com/BohnGass/status/1646828343004725251
Geraldo Andrade,@geraldhon51,https://twitter.com/geraldhon51/status/1646877532665282561,2023-04-14T14:06:15.000Z,"Eu sou contra o excesso de zelo, sou contra, estas taxações demagógicas e o Haddad como ministro da economia é como colocar arreio em uma vaca. Não me considero bandido?",0,0,0,https://twitter.com/BohnGass/status/1646828343004725251
Thiago Henrique,@ThiagoHenSoul,https://twitter.com/ThiagoHenSoul/status/1646871919809929220,2023-04-14T13:43:57.000Z,"Isso  coloca no rabo do pobre, daqui 4 anos não entendem a derrota",0,0,0,https://twitter.com/BohnGass/status/1646828343004725251
Giovani,@ninjagiov,https://twitter.com/ninjagiov/status/1647074489576947715,2023-04-15T03:08:54.000Z,"Ah não, prejudica o pobre não, é rico que compra roupa sem marca e espera 60 dias para chegar (5 dias china-curitiba e 55 dias curitiba-destinatario, graças ao estado maravilhoso).",0,0,0,https://twitter.com/BohnGass/status/1646828343004725251
Marcos Carvalho,@MarcosC79200726,https://twitter.com/MarcosC79200726/status/1646912550041272320,2023-04-14T16:25:24.000Z,É  mesmo! Ricaços igual a você podem viajar e voltar  quantas vezes quiser que tem mil dólares de isenção! Agora o pobre fudido que mora na favela tem que pagar imposto porque é  sonegação! Vai tomar naquele lugar seu bosta!!,0,0,0,https://twitter.com/BohnGass/status/1646828343004725251
Jujubaoriginal,@marrythemusic31,https://twitter.com/marrythemusic31/status/1646909217289166864,2023-04-14T16:12:10.000Z,"Q comentário bosta, isso só mostra como vcs estão desconectados da classe trabalhadora brasileira... 60% de taxa é um assalto legalizado, 2026 a direita volta, depois não adianta chorar",0,0,0,https://twitter.com/BohnGass/status/1646828343004725251
Adriana Borges,@Adrianaborgene,https://twitter.com/Adrianaborgene/status/1646867804988096513,2023-04-14T13:27:36.000Z,Enquanto o chibeiro é encarcerado,0,0,0,https://twitter.com/BohnGass/status/1646828343004725251
El Pirocon,@madeiradelei11,https://twitter.com/madeiradelei11/status/1646876872993562626,2023-04-14T14:03:38.000Z,E as grandes fortunas? Deixe de ser hipócrita. Que passação de pano heim. Esquerda passando pano é foda viu.,0,0,0,https://twitter.com/BohnGass/status/1646828343004725251
Marco Albernaz,@MarcoAlbernaz,https://twitter.com/MarcoAlbernaz/status/1646918154939949060,2023-04-14T16:47:41.000Z,"Fala isso porque é sustentado pelo estado seu verme, não precisa ir pra site pesquisar preço,afinal tem verba de gabinete, auxílio moradia, auxílio paletó entre outras mamatas. Esse desgoverno não tá nem aí para o pobre,apenas atendendo um pedido da véia da  Magalu.",0,0,0,https://twitter.com/BohnGass/status/1646828343004725251
Wesley Silva,@WesleyN64643504,https://twitter.com/WesleyN64643504/status/1646829258860294144,2023-04-14T10:54:26.000Z,"Petralha quando não está mentindo está roubando. 
Simples assim.",1,0,0,https://twitter.com/BohnGass/status/1646828343004725251
Augusto Pereira,@augustomkt,https://twitter.com/augustomkt/status/1646851240347803648,2023-04-14T12:21:47.000Z,"Então vamos punir as pessoas q cometeram crimes no dia 8, o q vc acha da instauração da CPI? Fale aí pra nós",0,0,0,https://twitter.com/BohnGass/status/1646828343004725251
Alexandre D Nascimento,@adneletro,https://twitter.com/adneletro/status/1646991736277815296,2023-04-14T21:40:04.000Z,"Mano você não acredita no que está falando, não  isso é pegadinha ...
Quem compra nestes sites  maioria são pessoas humildes que compram coisas no valor de  até R$ 100,00..
Rico não compra neste sites",0,0,0,https://twitter.com/BohnGass/status/1646828343004725251
George Henrique Barbosa Moreira,@Riquinho59,https://twitter.com/Riquinho59/status/1647037800158568450,2023-04-15T00:43:06.000Z,"Lula é ladrão, simples assim.",0,0,0,https://twitter.com/BohnGass/status/1646828343004725251
Zebra Opressora,@zebra_detector,https://twitter.com/zebra_detector/status/1646863924342423552,2023-04-14T13:12:11.000Z,"Claro ! O senhor sempre terá um motivo para passar pano pra todas as coisas que Nosso Guia Imaculado fizer . Afinal , o senhor jamais teria a coragem de criticá-lo , certo ?",0,0,0,https://twitter.com/BohnGass/status/1646828343004725251
Rosilene Ferreira,@Rosilen39541742,https://twitter.com/Rosilen39541742/status/1647218661885714433,2023-04-15T12:41:47.000Z,👏🏻👏🏻👏🏻,0,0,0,https://twitter.com/BohnGass/status/1646828343004725251
