nome,usuario,idTweet,dataPublicacao,texto,replies,retweets,likes,tweetPai
Robinson,@RCorneli,https://twitter.com/RCorneli/status/1647218503441629184,2023-04-15T12:41:09.000Z,"Isso em uma única viagem.

Por isso fizuéli... 😎",0,0,0,https://twitter.com/BohnGass/status/1646893385737728000
Rafael Indalencio,@RafaelIndalenc3,https://twitter.com/RafaelIndalenc3/status/1647048416084492289,2023-04-15T01:25:17.000Z,Hahahahahahahahahahahahahahahahaahahahahahahahahahahahahahahahahahahahahahahahahahahahahahahahahahahhahahahaha,0,0,0,https://twitter.com/BohnGass/status/1646893385737728000
Júlio Jobs,@JulioJobs,https://twitter.com/JulioJobs/status/1647043211150475268,2023-04-15T01:04:36.000Z,"Hahaha

Vendeu o país pra China e comemora nas redes sociais.",0,0,0,https://twitter.com/BohnGass/status/1646893385737728000
Augusto Pereira,@augustomkt,https://twitter.com/augustomkt/status/1646930218001788929,2023-04-14T17:35:37.000Z,Só não para os pobres.....,0,0,0,https://twitter.com/BohnGass/status/1646893385737728000
Zebra Opressora,@zebra_detector,https://twitter.com/zebra_detector/status/1646947323933499416,2023-04-14T18:43:35.000Z,"Deputado , a galera quer saber da mesa de 200 mil da Janja ! O senhor tem coragem de falar sobre o tema ou és apenas mais um pau mandado do Nosso Guia Imaculado?",0,0,0,https://twitter.com/BohnGass/status/1646893385737728000
Maria Maria,@MariaMa94595384,https://twitter.com/MariaMa94595384/status/1646970104645574656,2023-04-14T20:14:06.000Z,"Biden, o mesquinho.
Azar o dele!",0,0,0,https://twitter.com/BohnGass/status/1646893385737728000
