nome,usuario,idTweet,dataPublicacao,texto,replies,retweets,likes,tweetPai
COROAS QUE DÃO TESÃO,@MarloneBandeira,https://twitter.com/MarloneBandeira/status/1646721028066820097,2023-04-14T03:44:22.000Z,OS SÓCIOS DO MORO,0,1,2,https://twitter.com/BohnGass/status/1646657869188661250
COROAS QUE DÃO TESÃO,@MarloneBandeira,https://twitter.com/MarloneBandeira/status/1646721181276426240,2023-04-14T03:44:58.000Z,ARMAÇÃO DO MARRECO,0,1,2,https://twitter.com/BohnGass/status/1646657869188661250
Atenabrasil13,@AtenaSemJoias,https://twitter.com/AtenaSemJoias/status/1646660979302842375,2023-04-13T23:45:45.000Z,"E tem mais: o tal desembargador é pai do NAMORADO da filha do MARRECO. Ou seja, arranjo em famiglícia! 🤮🤬",1,3,7,https://twitter.com/BohnGass/status/1646657869188661250
o provocador,@Zueiro964606901,https://twitter.com/Zueiro964606901/status/1646793535889235969,2023-04-14T08:32:29.000Z,"E daí? Lulaquer indicar seu advogado pessoal pra ministro,  isso vcs acham normal ne",0,0,3,https://twitter.com/BohnGass/status/1646657869188661250
sandrafca,@sandrafca1,https://twitter.com/sandrafca1/status/1646720990880178176,2023-04-14T03:44:13.000Z,"Parece que além de sócio, o filho  do juiz que mandou prender Duran é também genro do Moro. Isso é inadmissível! Uma decisão tomada em família? @STF_oficial @CNJ_oficial",0,1,3,https://twitter.com/BohnGass/status/1646657869188661250
Anna,@annacardoso99,https://twitter.com/annacardoso99/status/1646673172278771714,2023-04-14T00:34:12.000Z,Também é pai do namorado da filha do Moro.,0,1,3,https://twitter.com/BohnGass/status/1646657869188661250
Joao Massa Lulalá,@joaomassa,https://twitter.com/joaomassa/status/1646663615372468224,2023-04-13T23:56:14.000Z,"Se a justiça não corrigir este absurdo, acabou a justiça.",0,3,14,https://twitter.com/BohnGass/status/1646657869188661250
Will e ML #LulaSim,@williansrangel,https://twitter.com/williansrangel/status/1646693119537164289,2023-04-14T01:53:28.000Z,O filho dele é também namorado da filha do moro,0,1,1,https://twitter.com/BohnGass/status/1646657869188661250
Maria,@MAngelaCampos,https://twitter.com/MAngelaCampos/status/1646689955509305344,2023-04-14T01:40:54.000Z,Que vergonha! Q desmoralização p o @STF_oficial p o @CNJ_oficial onde um mero desembargador manda mais q um ministro. Onde um desembargador usa seu cargo p descumprir a lei. Desembargador usando do cargo p atender capricho de ex juiz corrupto. Q justiça desmoralizada. 🤦🏻‍♀️🇧🇷,0,2,4,https://twitter.com/BohnGass/status/1646657869188661250
Tadeu Mouzinho,@Tadeumouzinhogo,https://twitter.com/Tadeumouzinhogo/status/1646676670437310465,2023-04-14T00:48:06.000Z,O que virou Curitiba! Terra de bandidos togados?,2,0,0,https://twitter.com/BohnGass/status/1646657869188661250
antonio Bonfim,@antonio91209613,https://twitter.com/antonio91209613/status/1646850286911143937,2023-04-14T12:18:00.000Z,"Deixe de ser besta, Deputado! O jogo sempre foi este desde o Brasil-Colonia. Seu partido é campeão nessa prática!!!",1,0,1,https://twitter.com/BohnGass/status/1646657869188661250
Marcelo Morce Dantas,@morcedantas,https://twitter.com/morcedantas/status/1646918252465999878,2023-04-14T16:48:04.000Z,O Edson Fachin da direita. Para espanto de zero pessoas.,0,0,0,https://twitter.com/BohnGass/status/1646657869188661250
Marcio A Basse,@marciobassetto,https://twitter.com/marciobassetto/status/1646877967623024640,2023-04-14T14:07:59.000Z,"Barbaridade é esse teatro armado entre o Juiz LUL22 a PGR e o STF ( não todos claro).

Ou que pais vc vive ???",0,0,0,https://twitter.com/BohnGass/status/1646657869188661250
Rodrigo Abreu,@rodrigobabh,https://twitter.com/rodrigobabh/status/1646704776913059843,2023-04-14T02:39:47.000Z,E ninguém faz nada 🙈,0,0,0,https://twitter.com/BohnGass/status/1646657869188661250
RAW ,@UmWemix,https://twitter.com/UmWemix/status/1646699690228948994,2023-04-14T02:19:35.000Z,"Essa república de Curitiba  nunca nos envergonha, parabéns @SF_Moro @Curitiba_PMC, o povo e a verdade estão com vocês!",0,0,0,https://twitter.com/BohnGass/status/1646657869188661250
George Leitão,@georgefl,https://twitter.com/georgefl/status/1646796869987708930,2023-04-14T08:45:44.000Z,Foi de ofício?,0,0,0,https://twitter.com/BohnGass/status/1646657869188661250
Érica_sonaro ☭⃠,@rica00627419,https://twitter.com/rica00627419/status/1646781449582919682,2023-04-14T07:44:27.000Z,Kkkkkkk chora,0,0,2,https://twitter.com/BohnGass/status/1646657869188661250
Sid Alves #LulaPresidente,@PereiraSdc,https://twitter.com/PereiraSdc/status/1646662217155112965,2023-04-13T23:50:40.000Z,Já entraram com algum pedido de soltura dele Deputado? Habeas-corpus ?,0,0,0,https://twitter.com/BohnGass/status/1646657869188661250
Cezar Oliveira,@Cezargoliveira,https://twitter.com/Cezargoliveira/status/1646984224325468162,2023-04-14T21:10:13.000Z,"E o pessoal do fumo, está como???????",0,0,0,https://twitter.com/BohnGass/status/1646657869188661250
Edilson Mello,@edilsondemello,https://twitter.com/edilsondemello/status/1646662906497445888,2023-04-13T23:53:25.000Z,Pqp inacreditável,0,0,0,https://twitter.com/BohnGass/status/1646657869188661250
dinoponti,@dinoponti2,https://twitter.com/dinoponti2/status/1646669030327975936,2023-04-14T00:17:45.000Z,"Além de sócio do casal Moro, João Malucelli também é genro deles. Ele tem um relacionamento com Julia Wolf, filha mais velha de Rosângela e Moro.",0,3,8,https://twitter.com/BohnGass/status/1646657869188661250
val corona,@val_corona_,https://twitter.com/val_corona_/status/1646667148947849216,2023-04-14T00:10:16.000Z,"Ele tbm revogou prisão do Youssef, não foi?",0,1,1,https://twitter.com/BohnGass/status/1646657869188661250
Su Alves,@SuAlves21881638,https://twitter.com/SuAlves21881638/status/1646787917447065600,2023-04-14T08:10:10.000Z,"ARMAÇÃO DO MORO
ARMAÇÃO DO MORO
ARMAÇÃO DO MORO",0,0,0,https://twitter.com/BohnGass/status/1646657869188661250
Ana Paula,@AnaPaulaMOli8,https://twitter.com/AnaPaulaMOli8/status/1646750898129887232,2023-04-14T05:43:03.000Z,DEIXEM O TACLA FALAR,0,0,1,https://twitter.com/BohnGass/status/1646657869188661250
Bernadete Marinho,@BernadeteM57,https://twitter.com/BernadeteM57/status/1646815831941079040,2023-04-14T10:01:05.000Z,Já pensou no quanto a isenção na justiça brasileira já se tornou obsoleta? Só agora é absurdo? O que é a suprema corte e seus puxadinhos STJ e TSE?🤔,0,0,0,https://twitter.com/BohnGass/status/1646657869188661250
Daniel Monteiro,@Danielnkt2,https://twitter.com/Danielnkt2/status/1646694501648416775,2023-04-14T01:58:57.000Z,@STF_oficial @MPF_PGR @AdvocaciaGeral,0,0,0,https://twitter.com/BohnGass/status/1646657869188661250
Léo,@AlbarelloL,https://twitter.com/AlbarelloL/status/1646682023912767489,2023-04-14T01:09:23.000Z,E também genro de moro,0,0,0,https://twitter.com/BohnGass/status/1646657869188661250
medusa,@gfojudice,https://twitter.com/gfojudice/status/1646672798863982592,2023-04-14T00:32:43.000Z,"Além de sócio, é namorado da filha do marreco.",0,1,1,https://twitter.com/BohnGass/status/1646657869188661250
fabio ramon,@Fabramoo,https://twitter.com/Fabramoo/status/1646832451031900160,2023-04-14T11:07:07.000Z,"Mandou prender o cara cuja a senha era lula22, ou esse já eh outro?",0,0,1,https://twitter.com/BohnGass/status/1646657869188661250
Pedro Augusto Santos,@Pedro_Augusto29,https://twitter.com/Pedro_Augusto29/status/1646660171068841985,2023-04-13T23:42:32.000Z,O TRF4 fazendo história....,0,0,1,https://twitter.com/BohnGass/status/1646657869188661250
☭Talles Costa☭,@tallesagp,https://twitter.com/tallesagp/status/1646804781216694277,2023-04-14T09:17:10.000Z,O filho de um ainda é namorado da filha do outro.,0,0,0,https://twitter.com/BohnGass/status/1646657869188661250
Marta Mesquita,@MartaMesquita22,https://twitter.com/MartaMesquita22/status/1646799631316135937,2023-04-14T08:56:42.000Z,E sogro da filha de Moro. É uma excrecência.,0,0,1,https://twitter.com/BohnGass/status/1646657869188661250
Anselmo Santa,@anssant_anssant,https://twitter.com/anssant_anssant/status/1646947545883484172,2023-04-14T18:44:28.000Z,Quem era o pai do Juiz Eduardo Appio? Tava em qual lista mesmo? Que absurdo!,0,0,0,https://twitter.com/BohnGass/status/1646657869188661250
Leque-Leque,@leque_leque,https://twitter.com/leque_leque/status/1646807293671927808,2023-04-14T09:27:09.000Z,É uma simples coincidência...,0,0,0,https://twitter.com/BohnGass/status/1646657869188661250
Izabel Santos,@IzabelS00425393,https://twitter.com/IzabelS00425393/status/1646853706837549060,2023-04-14T12:31:35.000Z,Não falha,0,0,0,https://twitter.com/BohnGass/status/1646657869188661250
𝓖𝓪𝓫𝓮𝓢𝓸𝓾𝓜𝓪𝓻,@GabeSouzaMar1,https://twitter.com/GabeSouzaMar1/status/1646665478595657730,2023-04-14T00:03:38.000Z,A quadrilha nem disfarça. 😡😡😡,0,0,2,https://twitter.com/BohnGass/status/1646657869188661250
Claudio Ferreira da Silva,@Claudio65397893,https://twitter.com/Claudio65397893/status/1646683027404193792,2023-04-14T01:13:22.000Z,Rapaz este país perdeu o rumo olha a presidência o senado a Câmara STF o que nos resta como brasileiros e olhar pois nem reclamar podemos mais,0,0,1,https://twitter.com/BohnGass/status/1646657869188661250
Carlos Fernandes,@CarlosF31848958,https://twitter.com/CarlosF31848958/status/1646662585045983234,2023-04-13T23:52:08.000Z,E tem cobrar do @CNJ_oficial e @STF_oficial posição pois mais uma vez rasgam o Princípio da Imparcialidade do Juiz. Que vergonha.,0,1,2,https://twitter.com/BohnGass/status/1646657869188661250
Claudio,@zebedeudascoves,https://twitter.com/zebedeudascoves/status/1646659745774727172,2023-04-13T23:40:51.000Z,E o filho é namorado da filha do marreco.,0,1,2,https://twitter.com/BohnGass/status/1646657869188661250
Eduardo Marchese,@marcheseedu,https://twitter.com/marcheseedu/status/1646690786468143107,2023-04-14T01:44:12.000Z,Vai ficar assim?,0,0,1,https://twitter.com/BohnGass/status/1646657869188661250
Jaguar -- Sylvio Arn●ld● Dick-Jantzen,@Schakofterick,https://twitter.com/Schakofterick/status/1646658778106937344,2023-04-13T23:37:00.000Z,Blindagem.,0,0,4,https://twitter.com/BohnGass/status/1646657869188661250
Tereza Lara,@TerezaBraSiLL,https://twitter.com/TerezaBraSiLL/status/1646695266169282561,2023-04-14T02:02:00.000Z,"E a mídia brasileira nem sequer investigou.
Simplesmente, fez parte desta barbaridade chamada ""Operação Lava jato"".
Mais um atraso para o país em todas as instâncias do sistema democrático.",0,1,1,https://twitter.com/BohnGass/status/1646657869188661250
mary má,@zurenemanique,https://twitter.com/zurenemanique/status/1646658793181151237,2023-04-13T23:37:04.000Z,"Pai do genro de moro mandou prender Tacla Duran. Curitiba e TRF4 unidas. Lula cantou a pedra: 
ARMAÇÃO DE MORO",0,2,13,https://twitter.com/BohnGass/status/1646657869188661250
Gaudério do Lami. nem L&B.,@JJemerim,https://twitter.com/JJemerim/status/1646664206480023553,2023-04-13T23:58:35.000Z,Ain a ordem veio do pai do sócio! Quando vem de uma corte indicada pelo criminoso tudo bem!,0,0,1,https://twitter.com/BohnGass/status/1646657869188661250
George Henrique Barbosa Moreira,@Riquinho59,https://twitter.com/Riquinho59/status/1646694850207645697,2023-04-14T02:00:21.000Z,"Rapaz, o Lula está solto. Nada mais absurdo!",0,0,2,https://twitter.com/BohnGass/status/1646657869188661250
Tania ANTIFA Bruxa da Ilha,@trudebom,https://twitter.com/trudebom/status/1646669173852872705,2023-04-14T00:18:19.000Z,João Eduardo é namorado da filha do Moro,0,2,5,https://twitter.com/BohnGass/status/1646657869188661250
André Pozar,@AndrePozar,https://twitter.com/AndrePozar/status/1646717552284893184,2023-04-14T03:30:33.000Z,Barbaridade foi ter anulado o processo do Lula com tantas provas.,0,0,3,https://twitter.com/BohnGass/status/1646657869188661250
