nome,usuario,idTweet,dataPublicacao,texto,replies,retweets,likes,tweetPai
Leonidas Farias,@farias_leonidas,https://twitter.com/farias_leonidas/status/1646481565260627970,2023-04-13T11:52:49.000Z,"O Único partido de Direita jogando Coletivamente
O Partido novo esta jogando em equipe",0,0,5,https://twitter.com/adriventurasp/status/1646257347801522199
Valéria Oliveira,@O30083716Valria,https://twitter.com/O30083716Valria/status/1646560745063055376,2023-04-13T17:07:27.000Z,"Olá Adriana , vi que vc é deputada espelho do Ministério da Saúde . Abra a secretaria de saúde de mg , e veja o boletim epidemiológico de dengue , Chikungunya e Zika . Minha região está com hospitais lotados . Não estou vendo nada além de polêmicas vindo do ministério da saúde .",0,0,0,https://twitter.com/adriventurasp/status/1646257347801522199
Valéria Oliveira,@O30083716Valria,https://twitter.com/O30083716Valria/status/1646561045341777920,2023-04-13T17:08:39.000Z,Apenas o estado está com força de enfrentamento . Não está sendo negligente o ministério que não combate TB as arboviroses ?,0,0,0,https://twitter.com/adriventurasp/status/1646257347801522199
"Fala aí, camarada!",@falaaicamarada,https://twitter.com/falaaicamarada/status/1646461974908215296,2023-04-13T10:34:59.000Z,"NOVO sempre
Protegendo os seus…milionários",0,0,0,https://twitter.com/adriventurasp/status/1646257347801522199
Marcelo Laprano,@Mlaprano,https://twitter.com/Mlaprano/status/1646489979793580032,2023-04-13T12:26:16.000Z,👏👏👏 isso aí pra cima deles não pode facilitar,0,0,0,https://twitter.com/adriventurasp/status/1646257347801522199
Iolanda S. Andrade,@IolandaSAndrad1,https://twitter.com/IolandaSAndrad1/status/1646264835972136960,2023-04-12T21:31:37.000Z,👏👏👏,0,0,1,https://twitter.com/adriventurasp/status/1646257347801522199
Marcio Sá,@SaS82155983,https://twitter.com/SaS82155983/status/1646564309277736972,2023-04-13T17:21:37.000Z,"Espero que não faça barraco assim como fizeram na duas vez que o comunismo esquerdista marxista Flávio Dino foi na CCJ.  A turma sa direito acha que lacrando, fazendo barraco, descendo o nível da esquerda vai conseguir alguma coisa.",0,0,0,https://twitter.com/adriventurasp/status/1646257347801522199
Antonio Silva,@Antonio29753886,https://twitter.com/Antonio29753886/status/1646704508540526594,2023-04-14T02:38:43.000Z,Vão apanhar de novo meu Deus que oposição  lixo,0,0,0,https://twitter.com/adriventurasp/status/1646257347801522199
