nome,usuario,idTweet,dataPublicacao,texto,replies,retweets,likes,tweetPai
Dilino Lula Martins,@DilinoMartins,https://twitter.com/DilinoMartins/status/1646919863351271447,2023-04-14T16:54:28.000Z,"O mundo admira.
O gado muge.",1,0,0,https://twitter.com/BohnGass/status/1646664516455878656
Cassio,@dokbr,https://twitter.com/dokbr/status/1647114056367570945,2023-04-15T05:46:07.000Z,"E as retumbantes gafes do bozo em Davos, registrada no doc O Fórum.
Mente sobre a Ditadura.
Diz ser inimigo do amigo do Vice de Bill Clinton, Alfredo Sirkis.
Diz ao ambientalista Al Gore que ""Adoraria explorar a Amazônia com os EUA"".
Depois foi comer num bandejão de supermercado.",0,0,0,https://twitter.com/BohnGass/status/1646664516455878656
Ana A.,@2021Anna1,https://twitter.com/2021Anna1/status/1646667041204518912,2023-04-14T00:09:50.000Z,Lula é o cara! O Bozo nunca chegará aos pés dele!!!,0,0,3,https://twitter.com/BohnGass/status/1646664516455878656
Marcelino Augusto de Almeida,@Marcelinoaug,https://twitter.com/Marcelinoaug/status/1646891144712732672,2023-04-14T15:00:21.000Z,Lula o melhor presidente que o Brasil já teve 🤗🤗🤗🤗,0,0,0,https://twitter.com/BohnGass/status/1646664516455878656
Matteus Cardoso,@matteuscardos,https://twitter.com/matteuscardos/status/1646666793757417472,2023-04-14T00:08:51.000Z,Meu presidente é Luiz Inácio Lula da Silva,2,0,37,https://twitter.com/BohnGass/status/1646664516455878656
Luiz Borges,@LuizBorges1958,https://twitter.com/LuizBorges1958/status/1646934667101077511,2023-04-14T17:53:17.000Z,Nós sabemos em que ele influência... Como influência.,0,0,0,https://twitter.com/BohnGass/status/1646664516455878656
Esfinge,@Esfinge51858057,https://twitter.com/Esfinge51858057/status/1646955247967911940,2023-04-14T19:15:04.000Z,O Maior CorruPTo do MUNDO é capa ?,0,0,1,https://twitter.com/BohnGass/status/1646664516455878656
Tiago Santos,@TiagoSa69370873,https://twitter.com/TiagoSa69370873/status/1646684485419687936,2023-04-14T01:19:09.000Z,Teu cu,0,0,0,https://twitter.com/BohnGass/status/1646664516455878656
Brasil minha Pátria,@bolson_c,https://twitter.com/bolson_c/status/1646666156156104705,2023-04-14T00:06:19.000Z,🤣🤣🤣🤣🤣 Realmente um notável LADRÃO,0,0,2,https://twitter.com/BohnGass/status/1646664516455878656
Neolina Moreira,@MoreiraNeolina,https://twitter.com/MoreiraNeolina/status/1646709959386693632,2023-04-14T03:00:23.000Z,A revista que já teve Stalin como capa 😂😂😂😂,0,0,2,https://twitter.com/BohnGass/status/1646664516455878656
D.a Jno,@da_jno8,https://twitter.com/da_jno8/status/1646671473543716865,2023-04-14T00:27:27.000Z,"Não iria convida o xi pra vir ao Brasil,o mega influente presidente brasileiro?",0,0,2,https://twitter.com/BohnGass/status/1646664516455878656
Janaína Santos,@JanaSantosjaism,https://twitter.com/JanaSantosjaism/status/1646686056505286661,2023-04-14T01:25:24.000Z,Presidente @lulaoficial trabalhando para reconstruir o brasil😍😍😍 #LulaGovernoDaVida #LulaSempreFoiInocente #LulaPresidente #LulaGovernoDeInclusao #LulaCemDiasDeTrabalhoEAmor,0,0,1,https://twitter.com/BohnGass/status/1646664516455878656
Alvaro,@aarenhart,https://twitter.com/aarenhart/status/1646744294022078464,2023-04-14T05:16:49.000Z,"Pra começar, Al Gore ja é UMA FARSA. O resto segue a trilha. Ate Hitler fez parte desta lista. Com Lula, o Nivel NAO MUDOU.",0,0,1,https://twitter.com/BohnGass/status/1646664516455878656
Alvaro,@aarenhart,https://twitter.com/aarenhart/status/1646744371180470274,2023-04-14T05:17:07.000Z,Kkklk Ate o Hitler fez parte fa Lista kkkkkk,0,0,0,https://twitter.com/BohnGass/status/1646664516455878656
ORIGINAL ROYALTY - E1b1a,@CARIOCA84002762,https://twitter.com/CARIOCA84002762/status/1646665269643735044,2023-04-14T00:02:48.000Z,@ECantanhede,0,0,0,https://twitter.com/BohnGass/status/1646664516455878656
