nome,usuario,idTweet,dataPublicacao,texto,replies,retweets,likes,tweetPai
Oliveira. W.,@wallaceolive_r,https://twitter.com/wallaceolive_r/status/1650868062717984771,2023-04-25T14:23:12.000Z,#PLdaCensuraNão,0,0,16,https://twitter.com/AcacioFavacho/status/1646384572714692608
Rose,@RoseBacellar,https://twitter.com/RoseBacellar/status/1650641807049474051,2023-04-24T23:24:08.000Z,Eiiii deputado. Não queremos que a lei da mordaça passa. Estamos de olho no seu posicionamento.,1,1,48,https://twitter.com/AcacioFavacho/status/1646384572714692608
Tumulto BR,@TumultoBR,https://twitter.com/TumultoBR/status/1650694991847600130,2023-04-25T02:55:29.000Z,E aí deputado? Vai enterrar tua carreira política? PL 2630 NÃO,0,0,8,https://twitter.com/AcacioFavacho/status/1646384572714692608
Dario Borelli,@dborelliu,https://twitter.com/dborelliu/status/1650827394805014528,2023-04-25T11:41:36.000Z,PL da Censura NÃOOOOOOOO,0,0,22,https://twitter.com/AcacioFavacho/status/1646384572714692608
Dani L,@DanielaLeporati,https://twitter.com/DanielaLeporati/status/1650609120733528065,2023-04-24T21:14:15.000Z,"Por favor Deputado, vote não a PL da censura, por nós, por nossos filhos! 🙏",1,0,3,https://twitter.com/AcacioFavacho/status/1646384572714692608
A BASE DA DEMOCRACIA CHAMA-SE CONSTITUIÇÃO .,@GilGilaudioart,https://twitter.com/GilGilaudioart/status/1650908500493582343,2023-04-25T17:03:53.000Z,Vote não a PL da censura! Seu eleitor está de olho,0,0,1,https://twitter.com/AcacioFavacho/status/1646384572714692608
Eduardo Bruno,@Dudurasko,https://twitter.com/Dudurasko/status/1650977687026950145,2023-04-25T21:38:48.000Z,"@AcacioFavacho - hj estou aqui em seu Twitter para cobrar seu posicionamento negativo sobre o PL2630/20.
Aguardo seu posicionamento! Espero que o senhor entenda sobre o que está em jogo.",0,0,0,https://twitter.com/AcacioFavacho/status/1646384572714692608
Nanananinha,@Nanananinha4,https://twitter.com/Nanananinha4/status/1650951932297506833,2023-04-25T19:56:28.000Z,#PLdaCensuraNão,0,0,0,https://twitter.com/AcacioFavacho/status/1646384572714692608
@ZéliaBatisti Me sigam que SDV todos...,@ZéliaBatisti,https://twitter.com/ZeliaBatisti/status/1650586609035649026,2023-04-24T19:44:48.000Z,"Deputado, Vote @NAO a censura. Pelo bem do Brasil🇧🇷",0,1,3,https://twitter.com/AcacioFavacho/status/1646384572714692608
Wilza Ribeiro Lustos,@WLustos,https://twitter.com/WLustos/status/1650809898312114177,2023-04-25T10:32:04.000Z,Não traía o povo.,0,0,0,https://twitter.com/AcacioFavacho/status/1646384572714692608
tintim por tintim,@CarlaTatia23297,https://twitter.com/CarlaTatia23297/status/1651001441912274949,2023-04-25T23:13:12.000Z,"Caro deputado,nosso povo e livre e lutamos dia a pós dia pela liberdade...
Não a censura !!!
Estamos atentos a tudo 🇧🇷",0,0,1,https://twitter.com/AcacioFavacho/status/1646384572714692608
Adriana Lima,@AdrianaBRFLima,https://twitter.com/AdrianaBRFLima/status/1650662781266305025,2023-04-25T00:47:29.000Z,"Deputado, não queremos censura.
Por gentileza, vote NÃO!",0,0,3,https://twitter.com/AcacioFavacho/status/1646384572714692608
Patriota,@PATRI_bras,https://twitter.com/PATRI_bras/status/1651039709513039872,2023-04-26T01:45:16.000Z,Caro deputado é com todo respeito que venho aqui em sua rede social lhe sensibilizar e pedir que o Sr VOTE NÃO PARA A PL DAS FAKE NEWS. Votei no senhor e peço que como meu representante o senhor não seja a favor de um projeto totalitário como esse.,0,0,0,https://twitter.com/AcacioFavacho/status/1646384572714692608
Miguel Arcanjo 2,@2_arcanjo,https://twitter.com/2_arcanjo/status/1650831389544046594,2023-04-25T11:57:28.000Z,Vote certo vote contra a censura,0,0,1,https://twitter.com/AcacioFavacho/status/1646384572714692608
Tetelestai,@Teteles90433363,https://twitter.com/Teteles90433363/status/1650686606217543680,2023-04-25T02:22:09.000Z,Bora meu deputado Acácio votar CONTRA o PL DA CENSURA,0,0,1,https://twitter.com/AcacioFavacho/status/1646384572714692608
Carlabona,@Carlabona5,https://twitter.com/Carlabona5/status/1651002175772925952,2023-04-25T23:16:07.000Z,Favor votar não a PL 2630.,0,0,0,https://twitter.com/AcacioFavacho/status/1646384572714692608
Fátima Duarte,@FtimaDu68109694,https://twitter.com/FtimaDu68109694/status/1650967233986789384,2023-04-25T20:57:16.000Z,Espero que o deputado vote não ao projeto da censura.,0,0,0,https://twitter.com/AcacioFavacho/status/1646384572714692608
Cidda,@Cidda11,https://twitter.com/Cidda11/status/1653923609834823682,2023-05-04T00:44:51.000Z,Sr deputado honre os votos de quem o elegeu. PL da censura NÃO..  #PL2630Nao,0,0,1,https://twitter.com/AcacioFavacho/status/1646384572714692608
Karina Souza,@AnaKarinadeSou7,https://twitter.com/AnaKarinadeSou7/status/1650690360664813568,2023-04-25T02:37:04.000Z,"Deputado!! Precisamos que o Sr vote consciente.  Essa PL é importante para nosso país e seu povo. Não nos traia. A PL precisa ser analisada e aprimorada, senão viraremos uma ditadura por completo, infelizmente.  Contamos com o Sr.",0,0,1,https://twitter.com/AcacioFavacho/status/1646384572714692608
Andrea,@ariana_carioca,https://twitter.com/ariana_carioca/status/1650993591752204289,2023-04-25T22:42:00.000Z,O sr votou a favor da urgência da PL da Censura!? Estás mesmo se aliando ao PT que quer calar as redes sociais punindo com PRISAO quem ousar criticar o Governo? Que vergonha deputado!!!,0,1,7,https://twitter.com/AcacioFavacho/status/1646384572714692608
Eliana Ferreira,@Elianagiofer,https://twitter.com/Elianagiofer/status/1651213134420488199,2023-04-26T13:14:23.000Z,Por favor deputado vote contra a lei censura.#PL2630Nao,0,0,0,https://twitter.com/AcacioFavacho/status/1646384572714692608
M.N.Lobo,@marcosl67197897,https://twitter.com/marcosl67197897/status/1650922140416331776,2023-04-25T17:58:05.000Z,"Estamos de olho. Deputado que apoiar a censura na internet será expulso da vida pública, pense bem!",0,0,0,https://twitter.com/AcacioFavacho/status/1646384572714692608
Pedro Pinheiro,@PedroPi45944723,https://twitter.com/PedroPi45944723/status/1650899415614226435,2023-04-25T16:27:47.000Z,#pLdacensuranao,0,0,0,https://twitter.com/AcacioFavacho/status/1646384572714692608
Wal,@WalOliveira17,https://twitter.com/WalOliveira17/status/1653166581789204488,2023-05-01T22:36:42.000Z,"#PL2630Nao . Iremos estar acompanhando cada voto. E aquele que quer nos calar, é porquê deve e não quer ser cobrado. Vote não.",0,0,0,https://twitter.com/AcacioFavacho/status/1646384572714692608
Elaine Cristina,@ElaineAssuno14,https://twitter.com/ElaineAssuno14/status/1650849977235562496,2023-04-25T13:11:20.000Z,Diga NÃO a #PL2630NÃO,0,0,0,https://twitter.com/AcacioFavacho/status/1646384572714692608
Clayton Consultor,@Claytonvendedor,https://twitter.com/Claytonvendedor/status/1650920764210552839,2023-04-25T17:52:37.000Z,Já disse NÃO a essa a ditadura Sr. Deputado???? Conto com o Sr. Viu...👍🙏🏽👊🏿,0,0,0,https://twitter.com/AcacioFavacho/status/1646384572714692608
Mirreli Simões,@mirrelirangel1,https://twitter.com/mirrelirangel1/status/1650864585476575234,2023-04-25T14:09:23.000Z,"Deputado, o Sr vai votar contra a censura?",0,0,0,https://twitter.com/AcacioFavacho/status/1646384572714692608
tatiana faria,@Tati_Mtj,https://twitter.com/Tati_Mtj/status/1650650064241524736,2023-04-24T23:56:57.000Z,"Vote NÃO contra censura, o POVO é contra o projeto #CensuraNao",0,0,0,https://twitter.com/AcacioFavacho/status/1646384572714692608
Itamar ZB,@ItamarZb,https://twitter.com/ItamarZb/status/1650712943590268929,2023-04-25T04:06:49.000Z,Só queremos saber se o senhor votará pela mordaça à nós brasileiros ou à liberdade de expressão. Por favor necessitamos da vossa decisão!,0,0,0,https://twitter.com/AcacioFavacho/status/1646384572714692608
forte e paziente 22,@RosaMar19305421,https://twitter.com/RosaMar19305421/status/1650906723685744663,2023-04-25T16:56:49.000Z,"Estamos contando com seu voto , nãos nos decepcione. PL  Não 2630",0,0,0,https://twitter.com/AcacioFavacho/status/1646384572714692608
Marcelo_Patriota_2022,@M_Patriota_2022,https://twitter.com/M_Patriota_2022/status/1650791237601861633,2023-04-25T09:17:55.000Z,"Deputado, diga NÃO ao PL 2630 hoje! É um escárnio, que nem deveria estar em pauta!
CONTAMOS COM SEU BOM SENSO! #PL2630Nao",0,0,0,https://twitter.com/AcacioFavacho/status/1646384572714692608
BRASILPOLÍTICA,@_brasilpolitica,https://twitter.com/_brasilpolitica/status/1650799669197389825,2023-04-25T09:51:26.000Z,Não a PL 2630 !!!!,0,0,0,https://twitter.com/AcacioFavacho/status/1646384572714692608
Brunno,@Brunnobbg1,https://twitter.com/Brunnobbg1/status/1650919956429561856,2023-04-25T17:49:24.000Z,"Por favor reveja, seu conceito sobre a liberdade de expressão. Iremos lembrar desse seu voto na próxima eleição. Atenciosamente",0,0,0,https://twitter.com/AcacioFavacho/status/1646384572714692608
Luis Mattos,@LuisHMattos,https://twitter.com/LuisHMattos/status/1650620239686643712,2023-04-24T21:58:26.000Z,Pela nossa liberdade  vote não,0,0,0,https://twitter.com/AcacioFavacho/status/1646384572714692608
Guilherme Orlandini,@g_orlandini,https://twitter.com/g_orlandini/status/1648738026321739803,2023-04-19T17:19:12.000Z,"Boa tarde deputado. Peço que se manifeste contra a aprovação do PL da Censura (PL2630/20).
Já há no arcabouço jurídico a previsão do crime de calúnia, injúria e difamação. Liberdade de expressão sempre!!",0,0,6,https://twitter.com/AcacioFavacho/status/1646384572714692608
Mel soares,@Merjullysoaress,https://twitter.com/Merjullysoaress/status/1650897285155377152,2023-04-25T16:19:19.000Z,Sr deputado @AcacioFavacho declare NÃO a PL da CENSURA… LIBERDADE é o que o Brasil merece!,0,0,1,https://twitter.com/AcacioFavacho/status/1646384572714692608
patricia soares,@patynabatalha,https://twitter.com/patynabatalha/status/1650918666978959367,2023-04-25T17:44:17.000Z,Boa Tarde! Qual o motivo do Sr. Não se posicionar contra um projeto de censura tão absurdo? Isso é vergonhoso para qualquer servidor público!!! #PL2630NAO,0,0,5,https://twitter.com/AcacioFavacho/status/1646384572714692608
Luciano Oliveira,@Lucianoorto01,https://twitter.com/Lucianoorto01/status/1651221153057234946,2023-04-26T13:46:15.000Z,É sério mesmo que o senhor vai votar a favor da censura em nosso país? Estamos de olho !,0,0,0,https://twitter.com/AcacioFavacho/status/1646384572714692608
Ângela Iglesias Marion,@MarionIglesias,https://twitter.com/MarionIglesias/status/1651331117297942531,2023-04-26T21:03:13.000Z,"Deputado o senhor entregará uma herança maldita para seu filho José Valentino. Lembre-se o senhor está deputado, não é deputado, e dificilmente se manterá nesse cargo se depender do povo brasileiro que quer liberdade e não censura. Não cale seu povo.",0,0,0,https://twitter.com/AcacioFavacho/status/1646384572714692608
melhorjair2100,@melhorjair2026j,https://twitter.com/melhorjair2026j/status/1650804423956873216,2023-04-25T10:10:19.000Z,#PLdaCensuraNao talkey?,0,0,0,https://twitter.com/AcacioFavacho/status/1646384572714692608
Bianca Gonçalves Pereira,@BiancaG33540591,https://twitter.com/BiancaG33540591/status/1650589714682880003,2023-04-24T19:57:09.000Z,"Vote não para a PL das faknews, diga não a censura!",0,0,1,https://twitter.com/AcacioFavacho/status/1646384572714692608
Mirian Simas,@simas5_simas,https://twitter.com/simas5_simas/status/1651035314763321344,2023-04-26T01:27:48.000Z,"Senhor como pode votar a favor da censura? 
Está traindo o povo",0,0,1,https://twitter.com/AcacioFavacho/status/1646384572714692608
Silvana Andrea,@silvanaappio,https://twitter.com/silvanaappio/status/1650652683299176449,2023-04-25T00:07:21.000Z,"Deputado Acácio, venho aqui na sua página IMPLORAR pelo seu posicionamento CONTRÁRIO à LEI DA MORDAÇA.
O senhor nasceu e cresceu com liberdade, NÃO TIRE ESSE DIREITO do seu filho José Valentino nem dos seus futuros netos.
NADA VALE TANTO NA VIDA  QUANTO A LIBERDADE...Nada!",0,2,15,https://twitter.com/AcacioFavacho/status/1646384572714692608
Andréa C. Lucchette,@AndreaCCLuqu,https://twitter.com/AndreaCCLuqu/status/1651009583043735556,2023-04-25T23:45:33.000Z,Pl da censura NÃO  !!!!,0,0,0,https://twitter.com/AcacioFavacho/status/1646384572714692608
Suluartes Brasil (Suluartes Brasil),@Suluartesbrasi,https://twitter.com/Suluartesbrasi/status/1650820612942700544,2023-04-25T11:14:39.000Z,"Eiii, Sr. @AcacioFavacho Não nos decepcione. Não a censura",0,0,1,https://twitter.com/AcacioFavacho/status/1646384572714692608
Mag Oliveira,@bolsonolia,https://twitter.com/bolsonolia/status/1650676716447182848,2023-04-25T01:42:51.000Z,@AcacioFavacho  bora votar NÃO pela censura no PL 2630. Queremos ter autonomia para decidir o que é verdade ou não.,0,1,3,https://twitter.com/AcacioFavacho/status/1646384572714692608
Rogerio Gonzales,@rogeriojg,https://twitter.com/rogeriojg/status/1651032841424101376,2023-04-26T01:17:58.000Z,Por favor reconsidere a liberdade sua e da sua família,0,0,0,https://twitter.com/AcacioFavacho/status/1646384572714692608
Camila,@camila29023,https://twitter.com/camila29023/status/1650971880415809542,2023-04-25T21:15:44.000Z,PL 2630 Não,0,0,0,https://twitter.com/AcacioFavacho/status/1646384572714692608
Anna,@anna_pestilli,https://twitter.com/anna_pestilli/status/1646707925551927296,2023-04-14T02:52:18.000Z,"Caro parlamentar, vote não ao pl2630.
Não podemos retroceder em nossas liberdades.
O que estamos passando em nosso país é surreal.
Contamos com o seu dever de servidor público.",0,0,1,https://twitter.com/AcacioFavacho/status/1646384572714692608
Darlan Willian,@DarlanWillian16,https://twitter.com/DarlanWillian16/status/1651177793567309825,2023-04-26T10:53:58.000Z,"Bom dia, vc votou a favor da PL da censura? É isso mesmo?
Vai querer calar que pode questionar as coisas?
Vai apoiar um governo corrupto q voltou ao poder?",0,0,2,https://twitter.com/AcacioFavacho/status/1646384572714692608
Makoto,@mahounokaze,https://twitter.com/mahounokaze/status/1650983418207821829,2023-04-25T22:01:35.000Z,"Prezado deputado, peço que vote não à PL da censura",0,0,1,https://twitter.com/AcacioFavacho/status/1646384572714692608
Danilo Félix,@dansfelix,https://twitter.com/dansfelix/status/1647579855121252358,2023-04-16T12:37:02.000Z,Estamos de olho no senhor sobre o #PLdaCensura. Se votar por aprovar a perda de nossa liberdade de expressão lembraremos nas urnas. Tb queremos a CPMI de 08/01. #PL2630NAO #QueremosCPMI,0,7,23,https://twitter.com/AcacioFavacho/status/1646384572714692608
Mariamariamaia,@maro4819,https://twitter.com/maro4819/status/1650992006234009601,2023-04-25T22:35:42.000Z,#PL2630NÃO  Censura NÃO para não ser censurado na próxima eleição!,0,0,0,https://twitter.com/AcacioFavacho/status/1646384572714692608
Maria Antonia,@MariaAn06427764,https://twitter.com/MariaAn06427764/status/1650963899716608002,2023-04-25T20:44:01.000Z,Cuidado deputado. Não esqueça que vc precisa de voto para se eleger. Então faz a vontade do povo. Não pela censura. Cuidado estamos de olho.,0,0,0,https://twitter.com/AcacioFavacho/status/1646384572714692608
@beserra30p,@beserra30p,https://twitter.com/Beserra30P/status/1649025008654602242,2023-04-20T12:19:34.000Z,"Sr. Acácio faça seu papel de representar o povo,vote não pela censura #CesuraNão!",0,0,1,https://twitter.com/AcacioFavacho/status/1646384572714692608
Junim,@MacielAlvesSil1,https://twitter.com/MacielAlvesSil1/status/1651303745823572002,2023-04-26T19:14:27.000Z,#PLdaCensuraNão ainda da tempo de mudar seu voto!,0,0,1,https://twitter.com/AcacioFavacho/status/1646384572714692608
"Mani, terra adorada o Brasil",@Juanmgr72,https://twitter.com/Juanmgr72/status/1651027454733975554,2023-04-26T00:56:34.000Z,Não ao PL da censura!,0,0,0,https://twitter.com/AcacioFavacho/status/1646384572714692608
Cáren Assis,@caren_assis,https://twitter.com/caren_assis/status/1651038807259586562,2023-04-26T01:41:41.000Z,O Sr votou sim?? No pl da censura???,0,0,0,https://twitter.com/AcacioFavacho/status/1646384572714692608
Alex Ricardo,@Ricardo3Alex,https://twitter.com/Ricardo3Alex/status/1650567488512352272,2023-04-24T18:28:49.000Z,Censura faz parte da sua rotina na câmara?vote consciente...pois os brasileiros vão votar...,0,0,3,https://twitter.com/AcacioFavacho/status/1646384572714692608
Gisele,@Becker7422,https://twitter.com/Becker7422/status/1650657439186927618,2023-04-25T00:26:15.000Z,#PLdaCensuraNÃO,0,0,1,https://twitter.com/AcacioFavacho/status/1646384572714692608
Aline Falavigna,@FalavignaAline,https://twitter.com/FalavignaAline/status/1650642848583237636,2023-04-24T23:28:17.000Z,Esperamos que vc não decepcione o povo brasileiro,0,0,0,https://twitter.com/AcacioFavacho/status/1646384572714692608
Val Moraes,@Vanilze53,https://twitter.com/Vanilze53/status/1650647423583125508,2023-04-24T23:46:27.000Z,"Vote contra o PL da censura,  por favor deputado.",0,0,0,https://twitter.com/AcacioFavacho/status/1646384572714692608
Cláusula Pétrea,@GlauciaGF,https://twitter.com/GlauciaGF/status/1651217112889786374,2023-04-26T13:30:12.000Z,O senhor é a favor da censura? Lembre-se que o povo que o elegeu quer LIBERDADE! Está na Constituição! #CENSURANÃO,0,0,0,https://twitter.com/AcacioFavacho/status/1646384572714692608
LOURDES MARCHI,@LOURDESMARCHI1,https://twitter.com/LOURDESMARCHI1/status/1651046117478637568,2023-04-26T02:10:44.000Z,"POR FAVOR, NÃO FAÇA ISSO. TODOS SEREMOS AMORDAÇADOS E VIVEREMOS NUMA DITADURA. SEJA MAIS HUMANO!",0,0,0,https://twitter.com/AcacioFavacho/status/1646384572714692608
oswaldo,@pdgui,https://twitter.com/pdgui/status/1650867098862735360,2023-04-25T14:19:22.000Z,"Deputado Acácio , pelo amor de Deus , não faça parte dessa CENSURA , diga não ao PL2630.",0,0,0,https://twitter.com/AcacioFavacho/status/1646384572714692608
Felipe,@Deuseobjetodafe,https://twitter.com/Deuseobjetodafe/status/1653132612758544412,2023-05-01T20:21:43.000Z,Você voto a favor do pl da censura. Isso é uma vergonha. Você não representa o povo brasileiro,0,0,0,https://twitter.com/AcacioFavacho/status/1646384572714692608
Wagner Benedeti,@WagnerBenedeti,https://twitter.com/WagnerBenedeti/status/1650881484574670850,2023-04-25T15:16:32.000Z,Pedimos que o senhor vote NÃO na PL da censura,0,0,0,https://twitter.com/AcacioFavacho/status/1646384572714692608
Natalia Barion Presotto,@NataliaBarion,https://twitter.com/NataliaBarion/status/1651263946798641152,2023-04-26T16:36:18.000Z,"Pelo bem do povo, e se vc importa com ele, vota não a censura",0,0,0,https://twitter.com/AcacioFavacho/status/1646384572714692608
Vitória,@AnglicaMar1,https://twitter.com/AnglicaMar1/status/1650757499190927362,2023-04-25T07:03:52.000Z,"Prezado Deputado Acácio Favacho,
Hoje haverá a votação do PL2630 e peço-lhe que vote NÃO.
Contamos com o seu voto CONTRA o PL2630.",0,0,0,https://twitter.com/AcacioFavacho/status/1646384572714692608
Mari Magri,@maurianecarotta,https://twitter.com/maurianecarotta/status/1650859283012259841,2023-04-25T13:48:19.000Z,Espero que o excelentíssimo pense bem antes de votar a favor da PL 2630.Não queremos mídias censuradas!,0,0,0,https://twitter.com/AcacioFavacho/status/1646384572714692608
PorcoTiba,@DigaoDuPalestra,https://twitter.com/DigaoDuPalestra/status/1656025531777728516,2023-05-09T19:57:08.000Z,NÃO PARA PL DA CENSURA 🛑🚫PL DA GLOBO / CONTRA A PL,0,0,0,https://twitter.com/AcacioFavacho/status/1646384572714692608
Cris Couto,@a_personalcris,https://twitter.com/a_personalcris/status/1650662083200004101,2023-04-25T00:44:43.000Z,#CensuraNao #PLdaCensuraNao o senhor ainda está em dúvida? Vai nos calar?,0,0,0,https://twitter.com/AcacioFavacho/status/1646384572714692608
telma mathilde renner,@RennerTelma,https://twitter.com/RennerTelma/status/1653476186951958546,2023-05-02T19:06:57.000Z,Deputado: Já temos leis suficientes para punir transgressões também na internet. Votar SIM na PL da CENSURA é dizer a seus eleitores: NUNCA MAIS VOTE EM MIM!,0,0,0,https://twitter.com/AcacioFavacho/status/1646384572714692608
Valquíria Ferreira,@valquir44946735,https://twitter.com/valquir44946735/status/1650853522894725121,2023-04-25T13:25:25.000Z,Bom dia Sr. Acácio! E o seu voto como vai ficar? Vc vai mesmo ficar calado e deixar  o povo ser censurado? Não se esqueça que vc tbm é povo. E o povo está de olho em todos vcs. Quando alguém quer censurar o outro é porque tem algo de errado em seu comportamento. Fica a dica!,0,0,0,https://twitter.com/AcacioFavacho/status/1646384572714692608
Manoel Martins,@m27630318,https://twitter.com/m27630318/status/1650900352600875008,2023-04-25T16:31:30.000Z,"PL2630Nao , censura jamais , todos temos família e não queremos censuras",0,0,0,https://twitter.com/AcacioFavacho/status/1646384572714692608
Miriam,@miriammenezes00,https://twitter.com/miriammenezes00/status/1650826494590033920,2023-04-25T11:38:01.000Z,👆🏼👆🏼é hoje!!! #nãoAoPL2630,0,0,0,https://twitter.com/AcacioFavacho/status/1646384572714692608
Lumagalhaes,@Lumagalhaes8,https://twitter.com/Lumagalhaes8/status/1650652490667261953,2023-04-25T00:06:36.000Z,"Deputado, estamos esperando que seu voto seja NAO do PL 2630
 Queremos liberdade",0,0,0,https://twitter.com/AcacioFavacho/status/1646384572714692608
Daniella TC,@Danitcost,https://twitter.com/Danitcost/status/1650844648460386304,2023-04-25T12:50:10.000Z,#PL2630Nao,0,0,0,https://twitter.com/AcacioFavacho/status/1646384572714692608
Rene Manske,@Renemanskee,https://twitter.com/Renemanskee/status/1650654488124956673,2023-04-25T00:14:32.000Z,"Vote não a PL 2630, não aceitamos censura.",0,0,0,https://twitter.com/AcacioFavacho/status/1646384572714692608
Brasildeverdade,@verdadeiracs,https://twitter.com/verdadeiracs/status/1650660065249046529,2023-04-25T00:36:41.000Z,Deputado vote Não a PL da Censura,0,0,0,https://twitter.com/AcacioFavacho/status/1646384572714692608
Roseli Moreira Tosi,@TosiMoreira,https://twitter.com/TosiMoreira/status/1650810699629621248,2023-04-25T10:35:16.000Z,@AcacioFavacho vote não ao PL da censura,0,0,0,https://twitter.com/AcacioFavacho/status/1646384572714692608
Tania Bernardes Rangel,@TaniaBRangel,https://twitter.com/TaniaBRangel/status/1650783101717446657,2023-04-25T08:45:36.000Z,Contamos com seu voto pela Liberdade!,0,0,0,https://twitter.com/AcacioFavacho/status/1646384572714692608
Tania Oliveira,@taniammoliveira,https://twitter.com/taniammoliveira/status/1651209641139773441,2023-04-26T13:00:31.000Z,Por favor Deputado Acácio! Por Deus! Não de seu voto a favor da PL 2630! Todos vão se arrepender do voto a favor! Vai afetar 100% da população inclusive aos que são agora a favor! Pense um pouco mais! Reflita! Veja os exemplos de países! Nós iremos sofrer muito! 😭,0,0,0,https://twitter.com/AcacioFavacho/status/1646384572714692608
shirley nascimento,@shirley95279234,https://twitter.com/shirley95279234/status/1651552187653169152,2023-04-27T11:41:40.000Z,"Deputado, nós vimos, perplexos, o seu voto para a urgência da PL da censura! Esperamos que não signifique o seu voto favorável a esta. Como representante do povo, esperamos que faça a vontade deste, voltando contra! Estaremos de olho!",0,0,0,https://twitter.com/AcacioFavacho/status/1646384572714692608
Gabriela Merofa,@50semfiltro,https://twitter.com/50semfiltro/status/1650829064142290944,2023-04-25T11:48:14.000Z,Pfv Deputado votar NAO para PL da censura🙏🙏🙏O Brazil conta muito com vc para nossa Liberdade,0,0,0,https://twitter.com/AcacioFavacho/status/1646384572714692608
Edelves da CUNHA,@EdelvesM,https://twitter.com/EdelvesM/status/1650818506454179843,2023-04-25T11:06:17.000Z,"De olho, deputado! Vote NAO",0,0,0,https://twitter.com/AcacioFavacho/status/1646384572714692608
Marcia Silva De Lana,@MarciaSilvaDe11,https://twitter.com/MarciaSilvaDe11/status/1651057615475015680,2023-04-26T02:56:25.000Z,Não a censura,0,0,0,https://twitter.com/AcacioFavacho/status/1646384572714692608
sara dinato,@sara_dinato1,https://twitter.com/sara_dinato1/status/1650810127132360704,2023-04-25T10:32:59.000Z,"Exmo Deputado, contamos com o seu voto contra a PL da censura,  q iguala o Brasil as regras de publicações e remunerações na publicidade aos peq empreendedores e jornalistas independentes da China com consequências sao catastróficas ao país… tirarão as nossas e as suas vozes!",0,0,0,https://twitter.com/AcacioFavacho/status/1646384572714692608
Anderson Brito,@Anderso66587841,https://twitter.com/Anderso66587841/status/1652142818222022656,2023-04-29T02:48:37.000Z,"Caro Deputado, você votou a favor da PL da censura, reveja por gentileza o seu voto, esse projeto dirigido pelo governo está cheio de armadilhas, se for aprovado e quando retornar ao senado será modificado, precisa sim de combater os grupos de ódio, porém, não da forma que está.",0,0,0,https://twitter.com/AcacioFavacho/status/1646384572714692608
Djean,@DjeaneVilela,https://twitter.com/DjeaneVilela/status/1650642361049919490,2023-04-24T23:26:20.000Z,"Deputado, se posicione vote contra a PL da censura.
CENSURA NÃO!",0,0,0,https://twitter.com/AcacioFavacho/status/1646384572714692608
Cecilia Lima,@CECILIALIMA64,https://twitter.com/CECILIALIMA64/status/1650935860370481179,2023-04-25T18:52:36.000Z,#PLdaCensuraNao,0,0,1,https://twitter.com/AcacioFavacho/status/1646384572714692608
Rosely Marcon,@MarconRosely,https://twitter.com/MarconRosely/status/1650834039157190657,2023-04-25T12:08:00.000Z,"Sr. Acácio, por favor, seja contra a censura, é o unico meio de nós brasileiros termos uma interação.
conto com seu posicionamento, para nos ajudar, obrigada.Deus te abençoe",0,0,2,https://twitter.com/AcacioFavacho/status/1646384572714692608
Carolina Tapias,@Carolin03242182,https://twitter.com/Carolin03242182/status/1651018504705851396,2023-04-26T00:21:00.000Z,#PL2630Nao,0,0,1,https://twitter.com/AcacioFavacho/status/1646384572714692608
andre 19,@Andre19lll,https://twitter.com/Andre19lll/status/1650882405283119115,2023-04-25T15:20:11.000Z,"Bom dia senhor deputado. Acreditamos que a liberdade de expressão na Internet precisa ser assegurada, e para isso, a PL da censura precisa ser barrada. Lembremos q as plataformas de mídia já fazem moderação de conteúdo, e contamos humildemente com o seu voto.#CensuraNão",2,0,2,https://twitter.com/AcacioFavacho/status/1646384572714692608
Fran Armani,@ArmaniFran,https://twitter.com/ArmaniFran/status/1650995419671830530,2023-04-25T22:49:16.000Z,Deputado #PLdaCensuraNao,0,1,1,https://twitter.com/AcacioFavacho/status/1646384572714692608
Fabiana Maria SDV,@Fabianamariams,https://twitter.com/Fabianamariams/status/1650681069631406080,2023-04-25T02:00:09.000Z,Não dê um voto contra o povo,0,1,11,https://twitter.com/AcacioFavacho/status/1646384572714692608
Gilmara,@Gilfe77,https://twitter.com/Gilfe77/status/1650674413086318592,2023-04-25T01:33:42.000Z,Espero deputado da sua consciência e sensatez para seu voto amanhã!! Queremos liberdade de expressão e informação!! Acompanharei sua decisão!!,0,0,2,https://twitter.com/AcacioFavacho/status/1646384572714692608
Maria Das Dores Gomes,@MariaDa69595497,https://twitter.com/MariaDa69595497/status/1650949635756761089,2023-04-25T19:47:20.000Z,Voto sim tentado não nos deiche perder o pouco que temos não por favor  vai lá e tô sim,0,1,0,https://twitter.com/AcacioFavacho/status/1646384572714692608
Maria Bernadete de Souza Cortes,@MariaBe76566269,https://twitter.com/MariaBe76566269/status/1650823928560902144,2023-04-25T11:27:50.000Z,"Prezado Deputado, estamos caminhando para um estado de ditadura e censura absurda, uma destruição do país. Essa PL não pode ser votada como está, peço a sua consciência para não parivar agora, ir para uma comissão que entenda, de fato, da necessidade mas com consciência.Obrigada",0,0,2,https://twitter.com/AcacioFavacho/status/1646384572714692608
Rosy Capretz,@rosycapretz,https://twitter.com/rosycapretz/status/1650883910807461894,2023-04-25T15:26:10.000Z,"Sr. Deputado!  Contamos com seu voto para impedir que o PL 2630 seja aprovado! Temos certeza de que seu voto será CONTRA a CENSURA, pelo bem da nossa Nação!  Obrigada!",0,0,0,https://twitter.com/AcacioFavacho/status/1646384572714692608
Tereza Tenorio,@TkVTenorio22,https://twitter.com/TkVTenorio22/status/1650969669191319552,2023-04-25T21:06:57.000Z,#PL2630NAO,0,0,0,https://twitter.com/AcacioFavacho/status/1646384572714692608
Marilia Lenita Pires,@LenitaMarilia,https://twitter.com/LenitaMarilia/status/1651027715846176769,2023-04-26T00:57:36.000Z,Deputado por favor não vote a favor da CENSURA ESPERAMOS contar com seu voto CONTRA YAL ABERRAÇÃO 😡,0,0,0,https://twitter.com/AcacioFavacho/status/1646384572714692608
Portuga,@Porto52041970,https://twitter.com/Porto52041970/status/1650897635534938113,2023-04-25T16:20:43.000Z,"Deputado vote contra a censura, faça a sua parte não fique em cima do muro.",0,0,0,https://twitter.com/AcacioFavacho/status/1646384572714692608
MarcosRV Veras,@mavcrv20,https://twitter.com/mavcrv20/status/1649762698048024577,2023-04-22T13:10:52.000Z,"Bom dia senhor deputado aproveite a rotina e vote não contra o projeto de lei da censura não fazer nada hoje porque não lhe atinge, mas amanhã o senhor será a próxima vítima não seja cúmplice desse governo irresponsável honre o voto dos seus eleitores.",0,0,1,https://twitter.com/AcacioFavacho/status/1646384572714692608
Barcelos,@barcelos_nubia,https://twitter.com/barcelos_nubia/status/1650712700559687681,2023-04-25T04:05:51.000Z,#PL2630NÃO  deputado não aceite a mordaça da população,0,0,0,https://twitter.com/AcacioFavacho/status/1646384572714692608
Cla,@Cla210482838834,https://twitter.com/Cla210482838834/status/1650789773420773377,2023-04-25T09:12:06.000Z,"Vote não a PL das fake news, não admitimos censura nas redes sociais!",0,0,0,https://twitter.com/AcacioFavacho/status/1646384572714692608
Cris Romano,@crisrromano,https://twitter.com/crisrromano/status/1650801799559884801,2023-04-25T09:59:54.000Z,Prezado depurado estamos de olho no seu voto contra a censura!,0,0,0,https://twitter.com/AcacioFavacho/status/1646384572714692608
Adalberto Junior,@Adalber16124928,https://twitter.com/Adalber16124928/status/1650804200656207875,2023-04-25T10:09:26.000Z,"Por favor, Deputado, vote contra o PL da censura.",0,0,0,https://twitter.com/AcacioFavacho/status/1646384572714692608
Paulos Cezar Santos,@cezar_paulos,https://twitter.com/cezar_paulos/status/1650811743688441861,2023-04-25T10:39:24.000Z,"BOM DIA SR ACACIO FAVACHO VENHO NESSE MOMENTO PEDIR UM GRANDE FAVOR VAMOS AJUDAR O BRASIL (CENSURA NÃO)
AMANHÃ PODERÁ SER COM SENHOR OU SUA FAMÍLIA",0,0,0,https://twitter.com/AcacioFavacho/status/1646384572714692608
Jose Avelino,@JoseAve40340421,https://twitter.com/JoseAve40340421/status/1650938257247445008,2023-04-25T19:02:08.000Z,"Por favor, não nos amordace, vote não, a essa PL SATÂNICA.",0,0,0,https://twitter.com/AcacioFavacho/status/1646384572714692608
Paula Carvalho,@Paula05021999,https://twitter.com/Paula05021999/status/1650942278020526087,2023-04-25T19:18:06.000Z,#PLdaCensuraNao,0,0,0,https://twitter.com/AcacioFavacho/status/1646384572714692608
NiltonFelixBernardes,@nilfelixb,https://twitter.com/nilfelixb/status/1650942973553569794,2023-04-25T19:20:52.000Z,Que vossa consciência esteja ao lado do Brasil LIVRE!!!! #PL2630Nao,0,0,0,https://twitter.com/AcacioFavacho/status/1646384572714692608
Pastores Arias,@arias_pastores,https://twitter.com/arias_pastores/status/1650947600231682048,2023-04-25T19:39:15.000Z,Sr. Deputado.  Por favor posicione-se contra a PL 2630.  Obrigada,0,0,0,https://twitter.com/AcacioFavacho/status/1646384572714692608
VERO (Assessoria Empresarial),@LeandroNovis2,https://twitter.com/LeandroNovis2/status/1650950994866368522,2023-04-25T19:52:45.000Z,#PLdaCensuraNão,0,0,0,https://twitter.com/AcacioFavacho/status/1646384572714692608
Manoel Messias,@ManoelM34672739,https://twitter.com/ManoelM34672739/status/1650963991621955587,2023-04-25T20:44:23.000Z,vote pela liberdade de expressao,0,0,0,https://twitter.com/AcacioFavacho/status/1646384572714692608
Luvenovisk,@luvenovisk,https://twitter.com/luvenovisk/status/1650968671336931330,2023-04-25T21:02:59.000Z,"Deputado. Pedimos sua posição quanto ao PL2630
uma medida de censura a direita brasileira.
Lembraremos de sua posição deputado. 
Não decepcione seus eleitores#PL2630Nao",0,0,0,https://twitter.com/AcacioFavacho/status/1646384572714692608
TaniaTorres,@taniatorres_tt,https://twitter.com/taniatorres_tt/status/1651022218170646530,2023-04-26T00:35:45.000Z,"Não podemos aceitar a censura é o mesmo que perder a nossa alma, a cada dia sinto mais medo, do que poderá vir a ser este país",0,0,0,https://twitter.com/AcacioFavacho/status/1646384572714692608
joao machado,@ltidiretor,https://twitter.com/ltidiretor/status/1650984803913670656,2023-04-25T22:07:05.000Z,Caro deputado. Não abandone seu povo. Vote contra esse PL que só tem o viés de censura.,0,0,0,https://twitter.com/AcacioFavacho/status/1646384572714692608
Fabiana,@Fabiana88708623,https://twitter.com/Fabiana88708623/status/1650994720108171265,2023-04-25T22:46:29.000Z,"Se posicione e vote a favor da liberdade, você tem família e princípios vote NÃO A CENSURA",0,0,0,https://twitter.com/AcacioFavacho/status/1646384572714692608
Rogerio Rodrigues,@Rogerio43829355,https://twitter.com/Rogerio43829355/status/1650815308670676992,2023-04-25T10:53:34.000Z,"Não a Pl da mordaça, estamos de olho!!!",0,0,0,https://twitter.com/AcacioFavacho/status/1646384572714692608
Leonardo Vergara,@Leonard26907654,https://twitter.com/Leonard26907654/status/1650816091063476226,2023-04-25T10:56:41.000Z,Não seja responsável pela maior tragédia que pode acontecer com um país: seja contra qualquer tipo de censura!,0,0,0,https://twitter.com/AcacioFavacho/status/1646384572714692608
Paulo Rogério de Oliveira,@paulorrdo,https://twitter.com/paulorrdo/status/1650841853476913154,2023-04-25T12:39:03.000Z,aguardamos seu voto contra o pl 2630,0,0,0,https://twitter.com/AcacioFavacho/status/1646384572714692608
Célia Oliveira | Consultoria Marketing Digital EAD,@bemestardigita2,https://twitter.com/bemestardigita2/status/1650852754523582464,2023-04-25T13:22:22.000Z,"Meu nobre deputado Acacio Favacho, eu venho pedir em nome do povo brasileiro que vote CONTRA A PL2630 da CENSURA. Eu, assim como milhões de brasileiros trabalham com a internet, muitas pessoas estão sendo demitidas e a internet se tornou um meio de sobrevivência para nós.",0,0,0,https://twitter.com/AcacioFavacho/status/1646384572714692608
Liberdade,@liberd4deBrasil,https://twitter.com/liberd4deBrasil/status/1650854927017680896,2023-04-25T13:31:00.000Z,"Bom dia nobre deputado, venho através desta pedir encarecidamente sua colaboração com seu voto contrário ao PL da censura.#PLdaCensuraNão",0,0,0,https://twitter.com/AcacioFavacho/status/1646384572714692608
Piter Lincoln,@PitgorasLincol1,https://twitter.com/PitgorasLincol1/status/1650861307116273665,2023-04-25T13:56:21.000Z,Bom dia Dep. Acácio. Conto com seu voto CONTRA a votação em regime de urgência em relação ao PL 2630. Esse tema precisa ser debatido com calma para se evitar quaisquer tipos de excessos que venham a prejudicar a liberdade de expressão dos brasileiros!,0,0,0,https://twitter.com/AcacioFavacho/status/1646384572714692608
Cleidi,@Cleidi51050213,https://twitter.com/Cleidi51050213/status/1650881251224727552,2023-04-25T15:15:36.000Z,Vote não! Pl da censura não.NUNCA,0,0,0,https://twitter.com/AcacioFavacho/status/1646384572714692608
Camila,@Camila98393136,https://twitter.com/Camila98393136/status/1650883686533935104,2023-04-25T15:25:17.000Z,Não a censura.,0,0,0,https://twitter.com/AcacioFavacho/status/1646384572714692608
ReBorges,@Re_Borges1,https://twitter.com/Re_Borges1/status/1650886207914606595,2023-04-25T15:35:18.000Z,#PL2630Nao Censura não #censuranuncamais,0,0,0,https://twitter.com/AcacioFavacho/status/1646384572714692608
Dan,@DanCzar1340,https://twitter.com/DanCzar1340/status/1650887168489844737,2023-04-25T15:39:07.000Z,#PLdaCensuraNão,0,0,0,https://twitter.com/AcacioFavacho/status/1646384572714692608
MELONIO FILHO,@meloniofilho,https://twitter.com/meloniofilho/status/1653170496005873666,2023-05-01T22:52:15.000Z,"Deputado, pfv vote NÃO ao PL DA CENSURA!",0,0,0,https://twitter.com/AcacioFavacho/status/1646384572714692608
ZeM,@zemborg,https://twitter.com/zemborg/status/1651215688806039555,2023-04-26T13:24:32.000Z,pl da censura nãaaaaaaoooooo!!!,0,0,0,https://twitter.com/AcacioFavacho/status/1646384572714692608
Rogério Filho do altíssimo YAOHOU,@rogeriomramos22,https://twitter.com/rogeriomramos22/status/1653579307409653760,2023-05-03T01:56:43.000Z,PL NÃO QUEM PAGA A CONTA DE TODOS VCS É O POVO NÃO SE ESQUEÇA DISSO. E O JULGAMENTO DO ALTÍSSIMO E PARA TODOS.,0,0,0,https://twitter.com/AcacioFavacho/status/1646384572714692608
Thelma Nakagawa,@ThelmaNakagawa4,https://twitter.com/ThelmaNakagawa4/status/1650676600541704194,2023-04-25T01:42:24.000Z,"Senhor Acácio, não sei se o senhor é pai de família, não deixe essa pl da fake nas passar , não vote a favor eu sei que só uma simples eleitora mais lhe peço por favor  vote contra . Muito grata ; Obrigado",0,1,0,https://twitter.com/AcacioFavacho/status/1646384572714692608
Adaias,@AdaiasSeveriano,https://twitter.com/AdaiasSeveriano/status/1654619220670562304,2023-05-05T22:48:58.000Z,Nao a censura,0,0,0,https://twitter.com/AcacioFavacho/status/1646384572714692608
rodrigo souza,@rodrigo36722831,https://twitter.com/rodrigo36722831/status/1648885721300606979,2023-04-20T03:06:05.000Z,Vote Contra PL2630 da censura,0,0,0,https://twitter.com/AcacioFavacho/status/1646384572714692608
Fagner Junior,@fjmo3019,https://twitter.com/fjmo3019/status/1649544549444853765,2023-04-21T22:44:02.000Z,Vote não a censura,0,0,0,https://twitter.com/AcacioFavacho/status/1646384572714692608
Fabiano,@Fabiano58777971,https://twitter.com/Fabiano58777971/status/1649802034747527168,2023-04-22T15:47:11.000Z,#CensuraNao,0,0,0,https://twitter.com/AcacioFavacho/status/1646384572714692608
Renato Lopes,@Martinsoffic,https://twitter.com/Martinsoffic/status/1650623531682521089,2023-04-24T22:11:31.000Z,Você não a PL da censura precisamos do seu voto!!,0,0,0,https://twitter.com/AcacioFavacho/status/1646384572714692608
daniel carvalho maus,@carvalho_maus,https://twitter.com/carvalho_maus/status/1650638031416598529,2023-04-24T23:09:08.000Z,Vota não na Pl da censura . Muito obrigado.,0,0,0,https://twitter.com/AcacioFavacho/status/1646384572714692608
Maria Silva,@BRAZIL20192023,https://twitter.com/BRAZIL20192023/status/1650648774182617088,2023-04-24T23:51:49.000Z,Vota não a liberdade da internet,0,0,0,https://twitter.com/AcacioFavacho/status/1646384572714692608
SL SL,@sl_654321,https://twitter.com/sl_654321/status/1650655909712887808,2023-04-25T00:20:11.000Z,VOTE NÃO A CENSURA.,0,0,0,https://twitter.com/AcacioFavacho/status/1646384572714692608
Erika,@Erika6577526593,https://twitter.com/Erika6577526593/status/1650656085278093312,2023-04-25T00:20:53.000Z,Vota não contra a censura!!! Liberdade!!!,0,0,0,https://twitter.com/AcacioFavacho/status/1646384572714692608
Luis Francisco Menon Esperidiao,@EsperidiaoLuis,https://twitter.com/EsperidiaoLuis/status/1650676211574554625,2023-04-25T01:40:51.000Z,#PLdaCensuraNão #PL2630NÃO,0,0,0,https://twitter.com/AcacioFavacho/status/1646384572714692608
Eduardo Mendes,@eduardomendees_,https://twitter.com/eduardomendees_/status/1650676361441296391,2023-04-25T01:41:27.000Z,Diga não à censura digital deputado .,0,0,0,https://twitter.com/AcacioFavacho/status/1646384572714692608
naliksu,@naliksu,https://twitter.com/naliksu/status/1650677315662229504,2023-04-25T01:45:14.000Z,Diga não ao absurdo PL da censura.,0,0,0,https://twitter.com/AcacioFavacho/status/1646384572714692608
Vilmar Alberton,@AlbertonVilmar,https://twitter.com/AlbertonVilmar/status/1650677761499865088,2023-04-25T01:47:01.000Z,Vote não a PL2630,0,0,0,https://twitter.com/AcacioFavacho/status/1646384572714692608
Antonia Nogueira,@Antonia2862748,https://twitter.com/Antonia2862748/status/1650682350194360321,2023-04-25T02:05:15.000Z,"Não queremos censura no Brasil. 
Não à CENSURA JÁ!",0,0,0,https://twitter.com/AcacioFavacho/status/1646384572714692608
Fernando Matzner,@FernandoMatzner,https://twitter.com/FernandoMatzner/status/1650889209379430407,2023-04-25T15:47:14.000Z,"Hoje , ainda pode mostrar a rotina da câmara. Amanhã talvez não poderá. #plfakenews nunca mais, como está . Abaixo a censura.",0,0,0,https://twitter.com/AcacioFavacho/status/1646384572714692608
calinho souza,@CalinhoSouza,https://twitter.com/CalinhoSouza/status/1650897503250792448,2023-04-25T16:20:11.000Z,Precisamos do seu voto a favor da Liberdade. Não ao PL2630,0,1,0,https://twitter.com/AcacioFavacho/status/1646384572714692608
Xunin,@Landrad1,https://twitter.com/Landrad1/status/1650913167810215958,2023-04-25T17:22:26.000Z,#PL2630Nao #PLdaCensuraNão Não contribua para esse retrocesso deputado!,0,0,0,https://twitter.com/AcacioFavacho/status/1646384572714692608
Dayana Brito,@Dayanasbrito,https://twitter.com/Dayanasbrito/status/1651016700257615874,2023-04-26T00:13:50.000Z,"#PLdaCensuraNão 
Deputado, o Sr. é a favor da censura?",0,0,0,https://twitter.com/AcacioFavacho/status/1646384572714692608
Carolina Tapias,@Carolin03242182,https://twitter.com/Carolin03242182/status/1651018772910678016,2023-04-26T00:22:04.000Z,Não a censura deputado!! Seus eleitores estão de olho!!,0,0,0,https://twitter.com/AcacioFavacho/status/1646384572714692608
Andressa Bibiano,@AndressaBi60158,https://twitter.com/AndressaBi60158/status/1651021172920688643,2023-04-26T00:31:36.000Z,"Mude seu voto, deputado. A censura também pode te atingir.",0,0,0,https://twitter.com/AcacioFavacho/status/1646384572714692608
Gelcimar,@theprototico,https://twitter.com/theprototico/status/1651022105473871872,2023-04-26T00:35:19.000Z,"Tá na hora de mudar esse voto.
Essa PL 2630 é uma vergonha.
Se não mudar de posição, perdeu um voto.",0,0,0,https://twitter.com/AcacioFavacho/status/1646384572714692608
elzf,@elzf20,https://twitter.com/elzf20/status/1650971101281894409,2023-04-25T21:12:38.000Z,"Pl26/30 Não. Se votar contra o Brasil, jamais esqueceremos. Faca valer o voto dado ao SR.",0,0,0,https://twitter.com/AcacioFavacho/status/1646384572714692608
Thais Previtali,@ThaisPrevitali,https://twitter.com/ThaisPrevitali/status/1650970246147198977,2023-04-25T21:09:14.000Z,Não a censura,0,0,0,https://twitter.com/AcacioFavacho/status/1646384572714692608
Jhonny Right,@JhonnyRight,https://twitter.com/JhonnyRight/status/1650961067755859997,2023-04-25T20:32:46.000Z,PL DA CENSURA NÃO!,0,0,0,https://twitter.com/AcacioFavacho/status/1646384572714692608
Edésio de Oliveira,@predesio,https://twitter.com/predesio/status/1650832088839385088,2023-04-25T12:00:15.000Z,Não ao PL 2630,0,0,0,https://twitter.com/AcacioFavacho/status/1646384572714692608
Isabela amaral,@Isabela49483262,https://twitter.com/Isabela49483262/status/1650715329780219904,2023-04-25T04:16:18.000Z,"Por favor, NÃO VOTE PELA CENSURA! Merecemos o direito de falar! 🙏",0,0,0,https://twitter.com/AcacioFavacho/status/1646384572714692608
Bruno Rodrigues,@BrunoRo48217909,https://twitter.com/BrunoRo48217909/status/1650955353763328001,2023-04-25T20:10:04.000Z,"Caro deputado, contamos com o seu voto para não passar essa lei absurda. É um passo grande pro autoritarismo",0,0,0,https://twitter.com/AcacioFavacho/status/1646384572714692608
Junior Anjos,@JuniorA87548689,https://twitter.com/JuniorA87548689/status/1651036505891061761,2023-04-26T01:32:32.000Z,"Deputado, qual é a razão de votar SIM no PL2630, sendo que 89% dos votos no site da Câmara pedem o Não, pois não concordam com o mesmo. O Nobre Deputado está representando o povo ou a outros interesses?",0,0,0,https://twitter.com/AcacioFavacho/status/1646384572714692608
umpoemaPravc,@ciyy18,https://twitter.com/ciyy18/status/1653047606233255936,2023-05-01T14:43:56.000Z,Votar sim ao PL 2630 significa apoiar a censura e o fim liberdade de expressão e de imprensa no Brasil. Vote NÃO,0,0,1,https://twitter.com/AcacioFavacho/status/1646384572714692608
Maria Arminda Bezerra Ferragut,@ArmindaBezerra,https://twitter.com/ArmindaBezerra/status/1651037447193600000,2023-04-26T01:36:16.000Z,Votou sim pela censura? Deputado vc só está aí porque foi eleito pelo povo brasileiro que não quer ser censurado,0,0,0,https://twitter.com/AcacioFavacho/status/1646384572714692608
fabio jadijisky,@drfabiosky,https://twitter.com/drfabiosky/status/1651027600997769223,2023-04-26T00:57:09.000Z,"Por favor mude o voto , por mais tempo de discussão.",0,0,0,https://twitter.com/AcacioFavacho/status/1646384572714692608
Jana,@jsmir77,https://twitter.com/jsmir77/status/1650931507941212160,2023-04-25T18:35:18.000Z,#PL2630Nao #PLdaCensuraNão,0,0,0,https://twitter.com/AcacioFavacho/status/1646384572714692608
PoliConta10,@PolianaConta10,https://twitter.com/PolianaConta10/status/1650939260193611801,2023-04-25T19:06:07.000Z,"Boa tarde deputado.#PL2630Nao 
A lei da mordaça não pode passar.
Estaremos de olho em cada um que votar a favor dessa aberração. Espero que não seja o caso do sr.#PLdaCensuraNão",0,0,0,https://twitter.com/AcacioFavacho/status/1646384572714692608
SCHË,@sche_musica,https://twitter.com/sche_musica/status/1651005130706235394,2023-04-25T23:27:52.000Z,Não a PL da censura!!,0,0,0,https://twitter.com/AcacioFavacho/status/1646384572714692608
rejane,@RejaneMorena34,https://twitter.com/RejaneMorena34/status/1650966235939581954,2023-04-25T20:53:18.000Z,PL DA CENSURA NAOOOOOOO,0,0,0,https://twitter.com/AcacioFavacho/status/1646384572714692608
JRSantos,@Jurandi96153026,https://twitter.com/Jurandi96153026/status/1651000551629357056,2023-04-25T23:09:40.000Z,"Precisamos do seu voto deputado, não podemos sermos censurados, vivemos num país democrático, assim acredito, e foi pra isto que confiamos nosso voto em vc para que nos represente, então vote não neste PL, desde já agradeço.",0,0,0,https://twitter.com/AcacioFavacho/status/1646384572714692608
eu_iana,@Raiane_saraiva,https://twitter.com/Raiane_saraiva/status/1651046549902819330,2023-04-26T02:12:27.000Z,PL da censura NAO,0,0,0,https://twitter.com/AcacioFavacho/status/1646384572714692608
Clayton,@Clayton11470788,https://twitter.com/Clayton11470788/status/1651068651049451520,2023-04-26T03:40:16.000Z,"Deputado vc vai calar seus eleitores,votou sim para PL 2630 a legalizaçâo da censura,estamos de olho,nós eleitores ñ concordamos.",0,0,0,https://twitter.com/AcacioFavacho/status/1646384572714692608
maria nina,@mariani78329924,https://twitter.com/mariani78329924/status/1651123470426689538,2023-04-26T07:18:06.000Z,#votanão,0,0,0,https://twitter.com/AcacioFavacho/status/1646384572714692608
Amarildo B,@AmarildoB2,https://twitter.com/AmarildoB2/status/1651165444156403715,2023-04-26T10:04:53.000Z,"Pois atam fardos pesados e difíceis de suportar, e os põem aos ombros dos homens; eles, porém, nem com seu dedo querem movê-los; Mateus 23:4",0,0,0,https://twitter.com/AcacioFavacho/status/1646384572714692608
Sergio Vida,@SergioVida55053,https://twitter.com/SergioVida55053/status/1651173040246476800,2023-04-26T10:35:04.000Z,#PLdaCensuraNao,0,0,0,https://twitter.com/AcacioFavacho/status/1646384572714692608
Louise Souza,@LouiseS09449120,https://twitter.com/LouiseS09449120/status/1651183071218085888,2023-04-26T11:14:56.000Z,Vergonha pro Brasil sensura nunca mais,0,0,0,https://twitter.com/AcacioFavacho/status/1646384572714692608
Monalisa Coelho,@MonalisaCoelh14,https://twitter.com/MonalisaCoelh14/status/1651192726497402883,2023-04-26T11:53:18.000Z,PL da censura não @AcacioPavacho,0,0,0,https://twitter.com/AcacioFavacho/status/1646384572714692608
Simone Barbosa,@SimoneFujihara,https://twitter.com/SimoneFujihara/status/1651193048989040642,2023-04-26T11:54:35.000Z,Censura Não…,0,0,0,https://twitter.com/AcacioFavacho/status/1646384572714692608
Gilson Novais,@GilsonNovais5,https://twitter.com/GilsonNovais5/status/1651214873873850370,2023-04-26T13:21:18.000Z,"Você votou a favor da censura, pedimos a mudança do voto. Vossa excelência leu o documento contido no PL 2630?",0,0,0,https://twitter.com/AcacioFavacho/status/1646384572714692608
Odelice Portugal,@OdeliceP,https://twitter.com/OdeliceP/status/1651221442682388483,2023-04-26T13:47:24.000Z,"Por favor deputado vote contra a censura , faça valer os votos que o senhor recebeu do povo",0,0,0,https://twitter.com/AcacioFavacho/status/1646384572714692608
Lídia,@LidiaAndriotti,https://twitter.com/LidiaAndriotti/status/1651229768832917507,2023-04-26T14:20:29.000Z,Vote não à censura ;tenha consciência parlamentar!,0,0,0,https://twitter.com/AcacioFavacho/status/1646384572714692608
Edneia Elias Chagas Das Neves,@EdneiaEliasCha1,https://twitter.com/EdneiaEliasCha1/status/1651255301117472771,2023-04-26T16:01:57.000Z,Sua votação a favor do PL da censura é uma vergonha. O povo brasileiro não esquecerá!!!!😡,0,0,0,https://twitter.com/AcacioFavacho/status/1646384572714692608
Edneia Elias Chagas Das Neves,@EdneiaEliasCha1,https://twitter.com/EdneiaEliasCha1/status/1651256328847781889,2023-04-26T16:06:02.000Z,Esperamos que mude o seu voto! Não à censura!!!!!😡,0,0,0,https://twitter.com/AcacioFavacho/status/1646384572714692608
Rosimar Pessoa,@pessoa_ros71320,https://twitter.com/pessoa_ros71320/status/1651263226275938321,2023-04-26T16:33:26.000Z,"Caro Deputado, contamos com o seu apoio contra a PL da censura, não podemos deixar que nosso país perca a sua liberdade de expressão. Pense nisso, os tempos são difíceis no momento e esta PL pode piorar muito mais o momento que vivemos.",0,0,0,https://twitter.com/AcacioFavacho/status/1646384572714692608
Heraldo A. Dal Fabbro,@DalHeraldo,https://twitter.com/DalHeraldo/status/1651289175553867792,2023-04-26T18:16:33.000Z,"Tu és a favor da censura?! Estás com algum problema e precisas de ajuda?!
Tu não tens família?!",0,0,0,https://twitter.com/AcacioFavacho/status/1646384572714692608
Marcos,@Marcos62913216,https://twitter.com/Marcos62913216/status/1651304864146653212,2023-04-26T19:18:54.000Z,Não à lei de censura!,0,0,0,https://twitter.com/AcacioFavacho/status/1646384572714692608
Wiselmam Filgueiras,@FilgueirasWi1,https://twitter.com/FilgueirasWi1/status/1651305794791407635,2023-04-26T19:22:35.000Z,Estamos aguardando pelo seu voto em favor da LIBERDADE!!!! 🇧🇷,0,0,0,https://twitter.com/AcacioFavacho/status/1646384572714692608
Ana Eliza Savariz,@savariz_ana,https://twitter.com/savariz_ana/status/1651308476436447233,2023-04-26T19:33:15.000Z,#PLdaCensuraNão,0,0,0,https://twitter.com/AcacioFavacho/status/1646384572714692608
jakemteixeira,@jakmteixeira,https://twitter.com/jakmteixeira/status/1651329115704684544,2023-04-26T20:55:16.000Z,#PL2630Nao,0,0,0,https://twitter.com/AcacioFavacho/status/1646384572714692608
Rodrigo Kamenach,@RodrigoKamenach,https://twitter.com/RodrigoKamenach/status/1651380701931905026,2023-04-27T00:20:15.000Z,Não queremos censura #PLCensuraNao,0,0,0,https://twitter.com/AcacioFavacho/status/1646384572714692608
Jairo Soares,@JairoSo02481858,https://twitter.com/JairoSo02481858/status/1650990278025662465,2023-04-25T22:28:50.000Z,"Por favor deputado, vote contra o PL da Censura, o povo está agonizando.",0,0,0,https://twitter.com/AcacioFavacho/status/1646384572714692608
TOAZZA,@Toazza_,https://twitter.com/Toazza_/status/1650705939081592833,2023-04-25T03:38:59.000Z,"Esperamos que faça a diferença na votação da PL2630, a liberdade de expresão é algo fundamental para uma sociedade livre.",0,0,1,https://twitter.com/AcacioFavacho/status/1646384572714692608
Digivolution!,@Digivolution_,https://twitter.com/Digivolution_/status/1650968506676965379,2023-04-25T21:02:20.000Z,"Sr.Deputado venho através deste comentário como eleitor pedir encarecidamente seu voto contra o Pl 2630. Não decepcione seus eleitores!
Censura não!",0,0,0,https://twitter.com/AcacioFavacho/status/1646384572714692608
Marcos #B22,@marcos_verde,https://twitter.com/marcos_verde/status/1650983440181874688,2023-04-25T22:01:40.000Z,Deputado não queremos censura. Pl 2630 Não!,0,0,0,https://twitter.com/AcacioFavacho/status/1646384572714692608
Maura,@Maura15567347,https://twitter.com/Maura15567347/status/1650968870750912519,2023-04-25T21:03:46.000Z,Não ao PL 2630,0,0,0,https://twitter.com/AcacioFavacho/status/1646384572714692608
Carina Mendes Loiola,@CarinaMendesLoi,https://twitter.com/CarinaMendesLoi/status/1650673656433893379,2023-04-25T01:30:42.000Z,"Deputado, o senhor ainda não declarou seu voto sobre a PL da censura. Espero que o senhor vote pela liberdade. Pense no futuro da nação, seus filhos irão agradecer. Obrigada!",0,0,2,https://twitter.com/AcacioFavacho/status/1646384572714692608
Hele,@HeleBruniera,https://twitter.com/HeleBruniera/status/1650998831755018241,2023-04-25T23:02:50.000Z,esperando teu voto contrata a censura,0,0,0,https://twitter.com/AcacioFavacho/status/1646384572714692608
Fê Mengão,@NandaMoraes_1,https://twitter.com/NandaMoraes_1/status/1650933251890880512,2023-04-25T18:42:14.000Z,PL 2630 NÃO,0,0,0,https://twitter.com/AcacioFavacho/status/1646384572714692608
Victor Souza,@victor_a_souza,https://twitter.com/victor_a_souza/status/1650939376954638337,2023-04-25T19:06:35.000Z,Bora se posicionar contra a PL da censura deputado.,0,0,0,https://twitter.com/AcacioFavacho/status/1646384572714692608
joseane wachholz,@WachholzJoseane,https://twitter.com/WachholzJoseane/status/1651017134095450114,2023-04-26T00:15:33.000Z,O senhor está voltando SIM?? APOIANDO A CENSURA???? QUE VERGONHA,0,0,0,https://twitter.com/AcacioFavacho/status/1646384572714692608
apenas o daikas,@odaycao,https://twitter.com/odaycao/status/1651596288561934336,2023-04-27T14:36:55.000Z,"Deputado, você vai votar sim com a pl que vai nos censurar ? É isso ?",0,0,0,https://twitter.com/AcacioFavacho/status/1646384572714692608
CVG,@CauaValverde1,https://twitter.com/CauaValverde1/status/1652518824334487554,2023-04-30T03:42:44.000Z,#CENSURANÃOVote não para PL!!!!,0,0,0,https://twitter.com/AcacioFavacho/status/1646384572714692608
NEKOMATA,@NEKOMAT58557357,https://twitter.com/NEKOMAT58557357/status/1652541548620402689,2023-04-30T05:13:02.000Z,#pl2630não,0,0,0,https://twitter.com/AcacioFavacho/status/1646384572714692608
NEKOMATA,@NEKOMAT58557357,https://twitter.com/NEKOMAT58557357/status/1652541681571356672,2023-04-30T05:13:34.000Z,ir contra a pl da censura e ir junto com o POVO,0,0,0,https://twitter.com/AcacioFavacho/status/1646384572714692608
Pedr0 LUCARD,@LucardPedr52857,https://twitter.com/LucardPedr52857/status/1652661797445328898,2023-04-30T13:10:52.000Z,Não vote na PL da censura,0,0,0,https://twitter.com/AcacioFavacho/status/1646384572714692608
sergio nascimento,@Nsergio2003,https://twitter.com/Nsergio2003/status/1653051850143277058,2023-05-01T15:00:47.000Z,Contra a censura,0,0,0,https://twitter.com/AcacioFavacho/status/1646384572714692608
Alex Brandão,@alexbrandaoab,https://twitter.com/alexbrandaoab/status/1653357466615250945,2023-05-02T11:15:12.000Z,"Bom Dia Deputado! Vote Contra essa #PL2630Nao Hoje ela cala o usuário, amanhã eles vão usar isso contra você. Obrigado",0,0,0,https://twitter.com/AcacioFavacho/status/1646384572714692608
Solange Caneiro Da Cunha,@solcunha60,https://twitter.com/solcunha60/status/1653411826137194498,2023-05-02T14:51:12.000Z,#PL2630daCensuraNao,0,0,0,https://twitter.com/AcacioFavacho/status/1646384572714692608
Cabral,@Baruck_Cabral,https://twitter.com/Baruck_Cabral/status/1653418637431037954,2023-05-02T15:18:16.000Z,"Olá meu caro. Espero encontra-lo bem. vc pode, por gentileza informar o motivo de votar a favor do PL 2630?",0,0,0,https://twitter.com/AcacioFavacho/status/1646384572714692608
Solange Caneiro Da Cunha,@solcunha60,https://twitter.com/solcunha60/status/1653443695000051712,2023-05-02T16:57:51.000Z,estamos de olho na sua votação,0,0,0,https://twitter.com/AcacioFavacho/status/1646384572714692608
