nome,usuario,idTweet,dataPublicacao,texto,replies,retweets,likes,tweetPai
Clovis R. Tonolli,@Clovis_Tonolli,https://twitter.com/Clovis_Tonolli/status/1646303286306254848,2023-04-13T00:04:24.000Z,"Não foi um juiz. 
""TODOS juizes de TODAS as instancias o CONDENARAM. 
A VERDADE. Nua e crua.
1-Condenado por 10 Juízes concursados, de carreira, legalistas, julgam fatos diante da lei
2-DEScondenado por ministros do STF, ex advogados, indicados POLITICAMENTE pelo proprio RÉU Lula",0,0,0,https://twitter.com/BohnGass/status/1646245622985510917
