nome,usuario,idTweet,dataPublicacao,texto,replies,retweets,likes,tweetPai
Leo Kasura |,@leokasura,https://twitter.com/leokasura/status/1646272691710590977,2023-04-12T22:02:50.000Z,"Não atoa, o radiolão do TSE atuou com foco no Nordeste, onde a populaçao tem pouco acesso a informaçao via internet.",0,0,0,https://twitter.com/adriventurasp/status/1646269081350275072
Daniella B,@daniella_s__,https://twitter.com/daniella_s__/status/1647876527642628102,2023-04-17T08:15:54.000Z,"Deputada, obrigada por ter assinado a #CPMIdo08dejaneiro. Parabéns por escolher o BRASIL acima de interesses diversos.

Pela foto, acredito que a sra não irá ""desassinar"". Obrigada!

Confiamos na senhora. Os Patriotas agradecem!",0,0,0,https://twitter.com/adriventurasp/status/1646269081350275072
esquerdista se não tem celebro nem entra.,@AlthieresNeri,https://twitter.com/AlthieresNeri/status/1646883392179388416,2023-04-14T14:29:32.000Z,Seu pensamento tá em dólar e não em real senhora.você tem que mudar seu objetivo.,0,0,0,https://twitter.com/adriventurasp/status/1646269081350275072
"Fala aí, camarada!",@falaaicamarada,https://twitter.com/falaaicamarada/status/1646489234151186434,2023-04-13T12:23:18.000Z,"Falou o NOVO, o
Partido dos milionários",0,0,1,https://twitter.com/adriventurasp/status/1646269081350275072
Rafael Ribeiro Rocha,@rafa3r,https://twitter.com/rafa3r/status/1648083377700892673,2023-04-17T21:57:51.000Z,"Para estruturar a ANM, garantir a segurança de empreendimentos, tornar mais eficiente a arrecadação para a União, proteger o meio ambiente e a sociedade afetada por áreas de mineração, pedimos a derrubada dos vetos 64/22 e 05/23. Contamos com o apoio, Deputada! #DerrubaOsVetosANM",1,0,0,https://twitter.com/adriventurasp/status/1646269081350275072
Luiz Antonio Salvador Chere,@LuizChere,https://twitter.com/LuizChere/status/1646385541703663616,2023-04-13T05:31:16.000Z,"Segundo Carlos Jordy, deputados e senadores estão sendo coagidos a retirar suas assinaturas em cima da hora no dia 18/04, visando impedir a instalação da CPMI. Não apenas alertaremos as pessoas como também NÃO REELEGEREMOS os políticos que fizerem isso. https://twitter.com/carlosjordy/st…",0,0,0,https://twitter.com/adriventurasp/status/1646269081350275072
