nome,usuario,idTweet,dataPublicacao,texto,replies,retweets,likes,tweetPai
gutta veg Mendes,@guttamendes,https://twitter.com/guttamendes/status/1646241067250089994,2023-04-12T19:57:10.000Z,Kkkkkkkk,0,0,0,https://twitter.com/adriventurasp/status/1646178712281403400
Ado ( アド),@AdrianaNakamur5,https://twitter.com/AdrianaNakamur5/status/1646323781668081666,2023-04-13T01:25:51.000Z,Parabéns 👏🏻👏🏻👏🏻,0,0,0,https://twitter.com/adriventurasp/status/1646178712281403400
Monica,@Monica809294111,https://twitter.com/Monica809294111/status/1646234544691871760,2023-04-12T19:31:15.000Z,OBRIGADA @partidonovo30,0,0,0,https://twitter.com/adriventurasp/status/1646178712281403400
DANIEL,@danielbraga25,https://twitter.com/danielbraga25/status/1646179190067134466,2023-04-12T15:51:18.000Z,sera que o senado consegue nao aprovar ?,1,0,0,https://twitter.com/adriventurasp/status/1646178712281403400
Jalie,@Jalie1970,https://twitter.com/Jalie1970/status/1646180283232731137,2023-04-12T15:55:38.000Z,"Não conseguiram tirar o Pacheco...já estou até vendo o Zanin c a toga de Minstro, infelizmente. Haja estômago e anti ácido.",0,0,0,https://twitter.com/adriventurasp/status/1646178712281403400
Jalie,@Jalie1970,https://twitter.com/Jalie1970/status/1646180383258492930,2023-04-12T15:56:02.000Z,* Ministro,0,0,0,https://twitter.com/adriventurasp/status/1646178712281403400
Silvia Selmo,@silviaselmo1,https://twitter.com/silviaselmo1/status/1646327445220466688,2023-04-13T01:40:24.000Z,Obrigada Deputada! Alguém precisa defender os interesses do povo brasileiro!! Chega de aberrações no #STFVergonhaNacional !!,0,0,0,https://twitter.com/adriventurasp/status/1646178712281403400
esquerdista se não tem celebro nem entra.,@AlthieresNeri,https://twitter.com/AlthieresNeri/status/1646883625936224257,2023-04-14T14:30:28.000Z,Partido novo sem propósito novo,0,0,1,https://twitter.com/adriventurasp/status/1646178712281403400
"Fala aí, camarada!",@falaaicamarada,https://twitter.com/falaaicamarada/status/1646461456190242817,2023-04-13T10:32:55.000Z,O NOVO quer um milionário no STF,0,0,0,https://twitter.com/adriventurasp/status/1646178712281403400
Amigos Da Lava Jato,@AmigosJato,https://twitter.com/AmigosJato/status/1646368047433674753,2023-04-13T04:21:45.000Z,#ZaninNao,0,0,0,https://twitter.com/adriventurasp/status/1646178712281403400
Nicolau Sarquis,@NicolauSarquis,https://twitter.com/NicolauSarquis/status/1646298620604428289,2023-04-12T23:45:52.000Z,"O senador do seu partido que vai trabalhar no Senado é aquele tal Girão? O negacionista que criticava as vacinas contra COVID?
Ele já se desculpou com o povo brasileiro?",0,0,0,https://twitter.com/adriventurasp/status/1646178712281403400
Ingrid Fuchs,@ingridpfuchs,https://twitter.com/ingridpfuchs/status/1646452179958366208,2023-04-13T09:56:03.000Z,"Absurdo, para que existe a lista tríplice",0,0,0,https://twitter.com/adriventurasp/status/1646178712281403400
Ivone Maria V Ramos,@VIvoner,https://twitter.com/VIvoner/status/1646188318873251840,2023-04-12T16:27:34.000Z,Obrigada Adriana.,0,0,0,https://twitter.com/adriventurasp/status/1646178712281403400
Danilo Cruz,@dnl_crz,https://twitter.com/dnl_crz/status/1646244249581543427,2023-04-12T20:09:49.000Z,"Zanin, também conhecido como Wassef canhoto?",0,0,0,https://twitter.com/adriventurasp/status/1646178712281403400
elis criminalização do comunismo já,@elisteresinha,https://twitter.com/elisteresinha/status/1646386380363247618,2023-04-13T05:34:36.000Z,isso é muito bom moraes já é uma merda esse zanin vai implantar uma ditadura,0,0,0,https://twitter.com/adriventurasp/status/1646178712281403400
antoniofilho,@lisboafilho,https://twitter.com/lisboafilho/status/1646270652884606976,2023-04-12T21:54:44.000Z,Vcs quando votaram em 2018 colocaram um espelho de vcs no poder : EXTREMISTA DA DITADURA,0,0,0,https://twitter.com/adriventurasp/status/1646178712281403400
