nome,usuario,idTweet,dataPublicacao,texto,replies,retweets,likes,tweetPai
Roseni Bolsonaro,@Roseni__,https://twitter.com/Roseni__/status/1647183777154621440,2023-04-15T10:23:10.000Z,"@rafaelprudente_ , @ReginaldoVeras , @GilvanMaximoOfc @leiladovolei vamos assinar a CPMI:do dia 08? Queremos saber a verdade e punir os verdadeiros culpados!",1,5,10,https://twitter.com/andrefernm/status/1647022961478492169
SOUL,@Scarlet73289052,https://twitter.com/Scarlet73289052/status/1647054406527987713,2023-04-15T01:49:05.000Z,"Patriotas considerados pelo STF ""terroristas de alta periculosidade""",0,1,4,https://twitter.com/andrefernm/status/1647022961478492169
Roseni Bolsonaro,@Roseni__,https://twitter.com/Roseni__/status/1647181584192385024,2023-04-15T10:14:27.000Z,"@GilvanMaximoOfc vamos assinar a CPI do dia 08? O tempo está acabando! Vamos identificar os verdadeiros culpados, ou vc não tem interesse da verdade? Conto com sua assinatura!",0,3,2,https://twitter.com/andrefernm/status/1647022961478492169
Gisa,@_Gisa___,https://twitter.com/_Gisa___/status/1647063953221058576,2023-04-15T02:27:02.000Z,"@taoquei1 consegue fazer vídeo mostrando rosto e nome de cada um? É só até 2a feira.
Tem parlamentares do @plnacional_ também. 
Esqueceram que muitos Patriotas podem estarem presos injustamente?
Só CPMI para apurar.",1,0,1,https://twitter.com/andrefernm/status/1647022961478492169
נ,@neriazait,https://twitter.com/neriazait/status/1647026999272128513,2023-04-15T00:00:11.000Z,Educadamente encoraja a aderir com suas assinaturas  https://congressonacional.leg.br/parlamentares/em-exercicio…,0,0,2,https://twitter.com/andrefernm/status/1647022961478492169
NCi04,@NCi04,https://twitter.com/NCi04/status/1647035549411049475,2023-04-15T00:34:10.000Z,"Gilvan Máximo pipoqueiro! Já não mais qual é o lado dele. Aliás, sei sim! Decepção! Vergonha!
Acho que foi eleito só porque o Fred Linhares (que não foi citado no vídeo) teve uma das maiores votações percentuais do Brasil.",1,0,2,https://twitter.com/andrefernm/status/1647022961478492169
Raquel Silva,@RaquelBraga25,https://twitter.com/RaquelBraga25/status/1647026876894806017,2023-04-14T23:59:42.000Z,"A deputada @erikakokay eu tenho certeza que não vai querer, pois não quer a verdade nem dela gosta. Mas vamos lá deputados(as) @GilvanMaximoOfc @ReginaldoVeras @rafaelprudente_ e senadora @leiladovolei , porque não querem assinar a CPMI?  Estamos de olho 👀",0,7,9,https://twitter.com/andrefernm/status/1647022961478492169
Angelica Provenzzano,@Angelprovenzano,https://twitter.com/Angelprovenzano/status/1648262859879489537,2023-04-18T09:51:03.000Z,"André, divulga todos os traíras que, assim como o @albertomourao  retiraram as assinaturas.",0,0,0,https://twitter.com/andrefernm/status/1647022961478492169
Hilário Júnior,@HilarioJuniorCe,https://twitter.com/HilarioJuniorCe/status/1647030212914184192,2023-04-15T00:12:57.000Z,E o desespero é grande.... Bsonaro tem 10 dias p depor na federal. Kkkk... Por isso o desespero....,1,0,1,https://twitter.com/andrefernm/status/1647022961478492169
ADIMILTON MELO,@AdimiltonMelo,https://twitter.com/AdimiltonMelo/status/1647074059484577792,2023-04-15T03:07:11.000Z,"Destes federais do DF, apenas 1 possibilidade de assinatura! Pq restante, são de esquerda raiz, apoiam o desgoverno! Senadora, neste caso, tbém não assinará! Lamentável... 🤡🤡🤡",0,0,1,https://twitter.com/andrefernm/status/1647022961478492169
LEILIANE,@LEILIAN86421495,https://twitter.com/LEILIAN86421495/status/1647024663577391104,2023-04-14T23:50:54.000Z,@rafaelprudente_ @GilvanMaximoOfc Represente O DF na CPMI de 8 de janeiro o povo brasileiro precisa saber a verdade sobre o que realmente aconteceu.Obrigado!!,1,4,11,https://twitter.com/andrefernm/status/1647022961478492169
HYLBERNON,@hylbernon,https://twitter.com/hylbernon/status/1647636525788676100,2023-04-16T16:22:14.000Z,Parabéns DISTRITO FEDERAL #CPI08deJaneiroUrgente,0,0,0,https://twitter.com/andrefernm/status/1647022961478492169
Sonia Maria Mendes Silva,@SoniaMa52406547,https://twitter.com/SoniaMa52406547/status/1647030040473878532,2023-04-15T00:12:16.000Z,Fala o partido,0,0,1,https://twitter.com/andrefernm/status/1647022961478492169
yuri Tanaka,@tan20002162,https://twitter.com/tan20002162/status/1647225553479520256,2023-04-15T13:09:10.000Z,"Vamos ajudar pessoal, cobrem dos q não assinaram ; por favor deputado coloque em PDF pra imprimirmos, obrigada!!",0,0,1,https://twitter.com/andrefernm/status/1647022961478492169
Wagner leao,@Wagnerleao19,https://twitter.com/Wagnerleao19/status/1647036212861890560,2023-04-15T00:36:48.000Z,@rafaelprudente_ @GilvanMaximoOfc Represente O DF na CPMI de 8 de janeiro,0,2,5,https://twitter.com/andrefernm/status/1647022961478492169
Miqueias Passos,@AdvMiqueias,https://twitter.com/AdvMiqueias/status/1647056511825330176,2023-04-15T01:57:27.000Z,"@rafaelprudente_   A sua assinatura faz toda diferença, para isso que votamos em você!",0,1,1,https://twitter.com/andrefernm/status/1647022961478492169
Marisa de Menezes,@MarisadeMeneze,https://twitter.com/MarisadeMeneze/status/1647077490282700800,2023-04-15T03:20:49.000Z,Meu muito obrigada.parabéns p Minas Gerais q elegeu um deputado corajoso e atuante.👏👏👏🇧🇷🙏,0,0,1,https://twitter.com/andrefernm/status/1647022961478492169
Cone Prado,@PradoCone,https://twitter.com/PradoCone/status/1647126249616347138,2023-04-15T06:34:34.000Z,CPMI URGENTE!!,0,0,1,https://twitter.com/andrefernm/status/1647022961478492169
Claudio Evooo,@ClaudioEvooo,https://twitter.com/ClaudioEvooo/status/1647175887337541634,2023-04-15T09:51:49.000Z,Apoio total,0,0,1,https://twitter.com/andrefernm/status/1647022961478492169
Ana Siqueira,@AnaSiqu85065843,https://twitter.com/AnaSiqu85065843/status/1647344082551709699,2023-04-15T21:00:10.000Z,0 surpresas!,0,0,0,https://twitter.com/andrefernm/status/1647022961478492169
Crys,@AnaCrys31,https://twitter.com/AnaCrys31/status/1647033999213096962,2023-04-15T00:28:00.000Z,"Leila do Vôlei é a pior espécie dessa espécie 💩.
Vamos cobrar os outros. Ou eles assinam ou nós retiramos os nosso votos neles. 😡",1,0,12,https://twitter.com/andrefernm/status/1647022961478492169
Sueli Figueiredo,@SueliFigueired,https://twitter.com/SueliFigueired/status/1647099388760653829,2023-04-15T04:47:50.000Z,"Eles  não querem investigar  quem quebrou tudo lá  em Brasília  ????????
Muito suspeito  , será que já sabem quem foi ???????
Tralhas !!!!!   🤬🤬🤬🤬🤬🤬🤬🤬",0,0,0,https://twitter.com/andrefernm/status/1647022961478492169
R.B,@BingRosane,https://twitter.com/BingRosane/status/1647044633724174339,2023-04-15T01:10:15.000Z,50 Bi,0,0,0,https://twitter.com/andrefernm/status/1647022961478492169
R.B,@BingRosane,https://twitter.com/BingRosane/status/1647049393311195139,2023-04-15T01:29:10.000Z,"Acionem as FA, o presidente não é legítimo, peçam a reposição da lei e ordem.",0,0,0,https://twitter.com/andrefernm/status/1647022961478492169
neidetbelli@yahoo.com.br,neidetbelli@yahoo.com.br,https://twitter.com/neidetbelli/status/1647086085019774976,2023-04-15T03:54:58.000Z,👏👏👏👏👏,0,0,0,https://twitter.com/andrefernm/status/1647022961478492169
Júnior Polo,@polobossmoda,https://twitter.com/polobossmoda/status/1647024344483151872,2023-04-14T23:49:38.000Z,Tá claro q eles vão tirar última hora,0,0,0,https://twitter.com/andrefernm/status/1647022961478492169
DiLuuizzz,@DLuuizzz,https://twitter.com/DLuuizzz/status/1647199606818627585,2023-04-15T11:26:04.000Z,Senadora Leila Barros e Ericka Kokay são esquerdistas. Agora os outros precisamos cobrar mesmo. Por que tanto medo da CPMI?,0,0,1,https://twitter.com/andrefernm/status/1647022961478492169
Ro Bauer,@robsrros,https://twitter.com/robsrros/status/1647028584429527042,2023-04-15T00:06:29.000Z,"@leiladovolei prezada senadora cont8s com sua assinatura na #cpmi08dejaneiro2023 
Queremos a verdade",0,0,3,https://twitter.com/andrefernm/status/1647022961478492169
Ro Bauer,@robsrros,https://twitter.com/robsrros/status/1647029094318497792,2023-04-15T00:08:31.000Z,"@GilvanMaximoOfc @ReginaldoVeras @rafaelprudente_  @leiladovolei , por que não assinaram ainda .... #cpmi08dejaneiro2023",0,2,4,https://twitter.com/andrefernm/status/1647022961478492169
leonardo,@brothersall,https://twitter.com/brothersall/status/1647046321923039234,2023-04-15T01:16:58.000Z,"Caro deputado, tens te saído muito bem no Parlamento: sem trégua, sem condescendência. Com bandidos não se negocia. 
A propósito, sou pós graduado, especialista em Ciência Política e projetos de segurança pública coordenadas com um conceito de integração da comunidade escolar..",0,0,0,https://twitter.com/andrefernm/status/1647022961478492169
Darcilene Souza,@PedroLimaSouza5,https://twitter.com/PedroLimaSouza5/status/1647052462979792896,2023-04-15T01:41:22.000Z,Quero saber dos deputados do Amazonas 🤔,1,0,1,https://twitter.com/andrefernm/status/1647022961478492169
#Cpmide08dejaneiroJá #cpmi08dejaneiro2023 #,@CCConservador,https://twitter.com/CCConservador/status/1647027627167760385,2023-04-15T00:02:41.000Z,#Cpmide08dejaneiroJá  #cpmi08dejaneiro2023 #cpmi08janeiro2023,0,0,0,https://twitter.com/andrefernm/status/1647022961478492169
victor alexandre nery de oliveira cruz,@victora90705404,https://twitter.com/victora90705404/status/1647655236469661697,2023-04-16T17:36:34.000Z,@BaixadorDeVideo,0,0,0,https://twitter.com/andrefernm/status/1647022961478492169
Bel Porto,@BelPortoo,https://twitter.com/BelPortoo/status/1647057847904002048,2023-04-15T02:02:46.000Z,"Eu moro em Goiânia, vou tentar saber os que não assinaram por aqui tbm!!!!",1,0,2,https://twitter.com/andrefernm/status/1647022961478492169
Marly Avelar,@AvelarMarly1,https://twitter.com/AvelarMarly1/status/1647169832352112640,2023-04-15T09:27:45.000Z,"Não a$$inarão de jeito nenhum, já têm motivo$ justificavei$ para não a$$inar!!!",0,0,0,https://twitter.com/andrefernm/status/1647022961478492169
Waldney William Batista de Lima,@WaldneyLima,https://twitter.com/WaldneyLima/status/1647161728357240834,2023-04-15T08:55:33.000Z,Quando sairá outro vídeo ensinando a raspar o c...?,0,0,0,https://twitter.com/andrefernm/status/1647022961478492169
Davi Jônatas,@Jonatas17Davi,https://twitter.com/Jonatas17Davi/status/1647193639200669697,2023-04-15T11:02:21.000Z,A luta continua companheiros ✓,0,0,0,https://twitter.com/andrefernm/status/1647022961478492169
S. Gonzalez,@Xeilasoares,https://twitter.com/Xeilasoares/status/1647593603168886786,2023-04-16T13:31:40.000Z,"Parece que o deputado @ReginaldoVeras só tem papo, pq na hora do ""vamo ver"" ele cai fora.",0,0,1,https://twitter.com/andrefernm/status/1647022961478492169
rogerio costa,@rogerio07389557,https://twitter.com/rogerio07389557/status/1647588337580900352,2023-04-16T13:10:45.000Z,Rapacu maldito sejas,0,0,0,https://twitter.com/andrefernm/status/1647022961478492169
Paula Vargas,@AApaulazevedo,https://twitter.com/AApaulazevedo/status/1647244239430983683,2023-04-15T14:23:25.000Z,lista dos com e sem pelos quando sai??🤣🤣🤣🤣🤣🤣🤣🤣🤣🤣🤣🤣🤣🤣🤣🤣🤣🤣🤣🤣🤣🤣🤣🤣🤣🤣🤣🤣🤣🤣,0,0,0,https://twitter.com/andrefernm/status/1647022961478492169
Racv,@Racv83696621,https://twitter.com/Racv83696621/status/1647041562453372934,2023-04-15T00:58:03.000Z,Deputado diga os de goias,1,0,1,https://twitter.com/andrefernm/status/1647022961478492169
100% Bolsonaro,@twicediego,https://twitter.com/twicediego/status/1647040961707376643,2023-04-15T00:55:40.000Z,Será  estão esperando uma proposta?,0,0,3,https://twitter.com/andrefernm/status/1647022961478492169
Maria das Graças Rod Bolsomito,@gracitaperfumes,https://twitter.com/gracitaperfumes/status/1647066782765662210,2023-04-15T02:38:16.000Z,"A partir de segunda feira , vamos conferir se sassinaram!
Lembrando das próximas eleições.
Tchw queridos...",0,0,3,https://twitter.com/andrefernm/status/1647022961478492169
Victor de Oliveira,@matosvictor21,https://twitter.com/matosvictor21/status/1647023602473000960,2023-04-14T23:46:41.000Z,Repostei @andrefernm,0,0,2,https://twitter.com/andrefernm/status/1647022961478492169
Geverton Gonçalves,@GevertoG,https://twitter.com/GevertoG/status/1647039328034365443,2023-04-15T00:49:10.000Z,Faça da Paraíba também,0,0,1,https://twitter.com/andrefernm/status/1647022961478492169
Bernardo,@RealBernardoSC,https://twitter.com/RealBernardoSC/status/1647222495223640068,2023-04-15T12:57:01.000Z,"Passe em vídeo e por escrito. Vídeos, às vezes, as pessoas não assistem.",0,0,1,https://twitter.com/andrefernm/status/1647022961478492169
André Silva,@PrAndreSilva72,https://twitter.com/PrAndreSilva72/status/1647189843204603906,2023-04-15T10:47:16.000Z,"Rafael Prudente, filho de Leonardo Prudente, está sempre nas igrejas pedindo (comprando?) voto e dando emprego (pagamento?!) para as lideranças que o apoiam. @rafaelprudente_, diga que eu estou enganado e assine a CPMI. Terei alegria em reconhecer meu erro e ver q vc é diferente.",0,0,2,https://twitter.com/andrefernm/status/1647022961478492169
relrede milésima conta....,@james54196472,https://twitter.com/james54196472/status/1647038052232048640,2023-04-15T00:44:06.000Z,André converse com Costa Neto Tarcísio Girão e zema para que os governadores ajudem a convencer deputados a assinarem e não retirarem as assinaturas da CPMI do dia 08.,0,2,6,https://twitter.com/andrefernm/status/1647022961478492169
Henrique,@Henriquegnlui,https://twitter.com/Henriquegnlui/status/1647024815390203904,2023-04-14T23:51:30.000Z,Quantos processos  eles respondem no jusbrasil? Kkkkkkkk OTARIO.,0,0,3,https://twitter.com/andrefernm/status/1647022961478492169
Aline,@lindesbravadora,https://twitter.com/lindesbravadora/status/1647208196191277058,2023-04-15T12:00:12.000Z,"Leila Barros não assinou e nem vai assinar, essa sempre foi contra o povo. Nunca mais ela ganha em Brasília.",0,0,1,https://twitter.com/andrefernm/status/1647022961478492169
Rosane Romero,@romero_rosane,https://twitter.com/romero_rosane/status/1647033725790609412,2023-04-15T00:26:55.000Z,E nem vão assinar! Tudo conivente com o que ocorreu lá em 8 de janeiro e parceiros do desgoverno do carniça🦑💩,0,0,5,https://twitter.com/andrefernm/status/1647022961478492169
Mário,@mario_vile,https://twitter.com/mario_vile/status/1647189782051672064,2023-04-15T10:47:02.000Z,Esses nomes são bem conhecidos! A Leila foi a maior decepção de voto que ja tive!,1,0,4,https://twitter.com/andrefernm/status/1647022961478492169
