nome,usuario,idTweet,dataPublicacao,texto,replies,retweets,likes,tweetPai
Jenny,@Jenifer22711941,https://twitter.com/Jenifer22711941/status/1647989497726943232,2023-04-17T15:44:49.000Z,convide ele a ir a Cracolândia e ver a situação das pessoas que usam drogas.,0,0,0,https://twitter.com/cabogilberto/status/1647987432560705540
Gentil Leite,@Gentil_Leite_BR,https://twitter.com/Gentil_Leite_BR/status/1647989973813960704,2023-04-17T15:46:42.000Z,"Tenho tanta certeza que os brasileiros não querem liberar as drogas, quanto tenho que  Lula não fará o plebiscito sobre o tema e que, se fizer, não acatará o resultado.",0,0,0,https://twitter.com/cabogilberto/status/1647987432560705540
Nivea Veiga,@NiveaVeiga2,https://twitter.com/NiveaVeiga2/status/1647991849271939080,2023-04-17T15:54:09.000Z,Ótima ideia! Não concordamos mesmo!,0,0,0,https://twitter.com/cabogilberto/status/1647987432560705540
Tatiana,@_pink_stardust_,https://twitter.com/_pink_stardust_/status/1648032133816934402,2023-04-17T18:34:14.000Z,Desde que não seja urna eletrônica/sem votos impressos,0,0,0,https://twitter.com/cabogilberto/status/1647987432560705540
FlavioSegre,@flavio_seg50859,https://twitter.com/flavio_seg50859/status/1648032158613663752,2023-04-17T18:34:20.000Z,Com essas urnas eletrônicas sem.comprovante impresso?????,0,0,0,https://twitter.com/cabogilberto/status/1647987432560705540
Jorge Ribas Capafons,@1950Ribas,https://twitter.com/1950Ribas/status/1648062693448863758,2023-04-17T20:35:40.000Z,Ministros de merda....,0,0,0,https://twitter.com/cabogilberto/status/1647987432560705540
Ana #BrazilWasStolen,@achiare,https://twitter.com/achiare/status/1647996623996305414,2023-04-17T16:13:08.000Z,"Com essas máquinas manipuladas??? Qualquer eleição, referendo ou  plebiscito continuará a ser fraudado.",0,0,0,https://twitter.com/cabogilberto/status/1647987432560705540
Lilian Gomes,@LilianG71155100,https://twitter.com/LilianG71155100/status/1647993287821631489,2023-04-17T15:59:52.000Z,"Fora as contas que os povo está pagando hotel, móveis, viagem com amigos!!O povo brasileiro ficou sem a picanha e com dívidas com a China e contas para pagar! Além de ser 🤡 Povo só pode ser otario mesmo!! Caiu no golpe de um criminoso na cara dura!?😒E ainda censurado para falar",0,0,0,https://twitter.com/cabogilberto/status/1647987432560705540
Celene,@gpaslechoix,https://twitter.com/gpaslechoix/status/1648008565452316683,2023-04-17T17:00:35.000Z,E eles respeitam plebiscito ? O das armas é a prova que não.,0,0,0,https://twitter.com/cabogilberto/status/1647987432560705540
flavio araujo,@flaviofnas,https://twitter.com/flaviofnas/status/1647996502587965440,2023-04-17T16:12:39.000Z,"N precisa nem de plebiscito, é capaz deles manipularem até isso, é certeza que a população n apoia e tem que já lutar e fala que n apoia pq plebiscito n adianta nada só vão dar mídia pra eles.",0,0,0,https://twitter.com/cabogilberto/status/1647987432560705540
Marylande Dornellas,@Landelove,https://twitter.com/Landelove/status/1648009179800453120,2023-04-17T17:03:01.000Z,As drogas só levam a derrota.  Será que esse homem não encherga? Parabéns para o senhor!👏,0,0,0,https://twitter.com/cabogilberto/status/1647987432560705540
Jakson Leite,@lins_jakson,https://twitter.com/lins_jakson/status/1648085490795511808,2023-04-17T22:06:15.000Z,Vamos criminalizar o uso do cigarro (tabaco) e das bebidas alcoólicas também? Pois elas causam tanto mal quanto qualquer outra droga.,0,0,0,https://twitter.com/cabogilberto/status/1647987432560705540
Carlos CS,@CarlosS86705364,https://twitter.com/CarlosS86705364/status/1647996490793484293,2023-04-17T16:12:36.000Z,"Queria ver um parente ou se tiver um filho desse cara que trabalha para o narcotráfico com um parente na cracolandia, cagado, mijado, vendendo o corpo,  com hepatite, HIV  para ver o sofrimento da família fdp",0,0,0,https://twitter.com/cabogilberto/status/1647987432560705540
Iraci Pereira,@IraciPe30702542,https://twitter.com/IraciPe30702542/status/1647992556326641667,2023-04-17T15:56:58.000Z,E isso mesmo deputado  vc e 10  vamos pra cima dessa esquerda sem futuro 👍🙏🙏,0,0,0,https://twitter.com/cabogilberto/status/1647987432560705540
GM,@GM76549250,https://twitter.com/GM76549250/status/1648014959178031114,2023-04-17T17:25:59.000Z,"Discurso fraco, trabalho fraco... foi lá só pra fazer recorte de vídeo pra por no twitter.",0,0,0,https://twitter.com/cabogilberto/status/1647987432560705540
Carlitos,@_cisaza,https://twitter.com/_cisaza/status/1647988341864792065,2023-04-17T15:40:13.000Z,"Obvio, que você não vai gostar

Se o governo descriminaliza as drogas, os narcotraficantes perdem o negócio.

Você apoia bandido",0,0,0,https://twitter.com/cabogilberto/status/1647987432560705540
#VIXI,@marlivettoretti,https://twitter.com/marlivettoretti/status/1647994508959789062,2023-04-17T16:04:43.000Z,Óbvio ! Esses desconstruindo a família brasileira. Enoja,0,0,0,https://twitter.com/cabogilberto/status/1647987432560705540
Sil Sea,@gilbertovieirav,https://twitter.com/gilbertovieirav/status/1647995394255618054,2023-04-17T16:08:14.000Z,Isso tem nome USURPAÇÃO DE COMPETÊNCIA! O Senado têm OBRIGAÇÃO de deter a escalada de INCONSTITUCIONALIDADE do STF!,0,0,0,https://twitter.com/cabogilberto/status/1647987432560705540
