nome,usuario,idTweet,dataPublicacao,texto,replies,retweets,likes,tweetPai
eberson,@EbersonBergmann,https://twitter.com/EbersonBergmann/status/1647279816641527811,2023-04-15T16:44:47.000Z,Como assim @Maubmarcon não assinou?,6,6,10,https://twitter.com/andrefernm/status/1647273801506226177
Mauricio Marcon,@Maubmarcon,https://twitter.com/Maubmarcon/status/1647972753310359553,2023-04-17T14:38:16.000Z,"Gente, claro que assinei, é o Marcon do PT que não assinou!",2,1,2,https://twitter.com/andrefernm/status/1647273801506226177
taura,@goldw_sc,https://twitter.com/goldw_sc/status/1647295660050337793,2023-04-15T17:47:45.000Z,"O @Maubmarcon  não assinou pqp,que decepção",3,1,1,https://twitter.com/andrefernm/status/1647273801506226177
Paulo Eduardo,@pegchiarelli,https://twitter.com/pegchiarelli/status/1647278125842038794,2023-04-15T16:38:04.000Z,"Coincidência ou não, todos da esquerda.",0,0,2,https://twitter.com/andrefernm/status/1647273801506226177
Ricardo Zardo,@ricardozardo,https://twitter.com/ricardozardo/status/1647280208456581126,2023-04-15T16:46:21.000Z,"Cara, acho que o Marcon assinou. Não acredito que ele não tenha assinado",3,0,4,https://twitter.com/andrefernm/status/1647273801506226177
Não Me Toque 2 conta3,@toque_2,https://twitter.com/toque_2/status/1647739430550003712,2023-04-16T23:11:08.000Z,A nata da esquerda 🙈🙈🙈🙈,0,0,1,https://twitter.com/andrefernm/status/1647273801506226177
Thayson Ricardo,@ThaysonRicardo,https://twitter.com/ThaysonRicardo/status/1647290816304406530,2023-04-15T17:28:30.000Z,@FlavioDino esse cara só fica instigando o ódio contra os parlamentares... Vcs tem que fazer alguma coisa.@AndreJanonesAdv @gleisi,2,1,1,https://twitter.com/andrefernm/status/1647273801506226177
Diego Canabarro,@diego_canabarro,https://twitter.com/diego_canabarro/status/1647303637910138885,2023-04-15T18:19:27.000Z,@Maubmarcon  Assinou !!,1,0,2,https://twitter.com/andrefernm/status/1647273801506226177
Bruno Neves,@bbrunoneves,https://twitter.com/bbrunoneves/status/1647276367707291649,2023-04-15T16:31:05.000Z,@mdbrs15 qual motivo do Márcio biolchi não ter assinado?,2,2,7,https://twitter.com/andrefernm/status/1647273801506226177
José Maria,@Jose_Maria_67,https://twitter.com/Jose_Maria_67/status/1647435836223549440,2023-04-16T03:04:45.000Z,"VOCÊS DEPUTADOS E SENADORES DO RIO GRANDE DO SUL,QUE AINDA NÃO ASSINARAM A LISTA POR FAVOR NOS AJUDE PORQUE O POVO 
BRASILEIRO NÃO ESTÁ
 SATISFEITO COM OLULA PRINCIPALMENTE QUEM VOTOU NELE.POR FAVOR 
RECOMPENSE OS ELEITORES
QUEVOTARAM EMVOCÊS.
 QUE DEUS ABENÇOE CADA
UM DE VOCÊS.",0,0,1,https://twitter.com/andrefernm/status/1647273801506226177
Bernardo Villemon,@Bernard28444113,https://twitter.com/Bernard28444113/status/1647435935850586112,2023-04-16T03:05:09.000Z,Que puta obsessão com essa merda de CPMI ! Porque não faz alguma coisa de útil para o.povo brasileiro é para os pobres ?,0,0,0,https://twitter.com/andrefernm/status/1647273801506226177
valcinei Nonato Leite De Souza,@valcineileite,https://twitter.com/valcineileite/status/1647570337926717442,2023-04-16T11:59:13.000Z,"Não estou achando os de Rondônia, você tem os nomes aí?",1,0,0,https://twitter.com/andrefernm/status/1647273801506226177
Dê Moraes,@moraesde4,https://twitter.com/moraesde4/status/1647310134194970625,2023-04-15T18:45:16.000Z,Reaja RIO GRANDE DO SUL 🇧🇷🗽! #CPMI08JaneiroURGENTE,0,6,13,https://twitter.com/andrefernm/status/1647273801506226177
luciano pereira da silva,@DaPereirs,https://twitter.com/DaPereirs/status/1647499759534460929,2023-04-16T07:18:46.000Z,Maria do rosario e paulo paim esses ai sempre foi contra o brasil. O que me espanta e saber que esse tipo de gente recebe votos. Pqp,0,0,6,https://twitter.com/andrefernm/status/1647273801506226177
Syrena,@B22Syrena,https://twitter.com/B22Syrena/status/1647290541879508992,2023-04-15T17:27:25.000Z,Cuida André q Marcon tem o @Maubmarcon q assinou…,2,0,4,https://twitter.com/andrefernm/status/1647273801506226177
Castelaniatriches,@Castelaniatric1,https://twitter.com/Castelaniatric1/status/1647282510013890560,2023-04-15T16:55:30.000Z,Como @Maubmarcon n assinou..,1,0,1,https://twitter.com/andrefernm/status/1647273801506226177
Pátria Amada,@janetetrentin,https://twitter.com/janetetrentin/status/1647280942954717184,2023-04-15T16:49:16.000Z,"Só os inços da esquerda!!!!
O medinho deles confirma a nossa expectativa!",2,1,7,https://twitter.com/andrefernm/status/1647273801506226177
Alexandre Santos,@AJFSalexandre,https://twitter.com/AJFSalexandre/status/1647289525817815043,2023-04-15T17:23:22.000Z,Todos precisam depilar o furico?,1,1,1,https://twitter.com/andrefernm/status/1647273801506226177
marli oliveira,@olivas777,https://twitter.com/olivas777/status/1647294604067176449,2023-04-15T17:43:33.000Z,Maria do Rosário você não quer justiça mulheres foram abusadas precisamos saber quem atentou contra nossa Democracia,2,1,3,https://twitter.com/andrefernm/status/1647273801506226177
BOLSOTRUMPWARRIOR,@bolsotrampww,https://twitter.com/bolsotrampww/status/1649074084448272386,2023-04-20T15:34:34.000Z,só a nata da fina flor do caquedo podre,0,0,0,https://twitter.com/andrefernm/status/1647273801506226177
luísvigil2707@gmail.com,luísvigil2707@gmail.com,https://twitter.com/luisvigil27071/status/1647310337857732611,2023-04-15T18:46:04.000Z,"Estou de consciência limpa.  Pois ñ elegi nenhum petista OU que tenham VÍNCULOS com essa RAÇA DE VÍBORAS E DEMÔNIOS que se enraizaram nos PARTIDOS 
Da ESQUERDA. 👍🇧🇷🤝",1,0,0,https://twitter.com/andrefernm/status/1647273801506226177
JéssikaFORA LULA!!!,@jehbolsonaro,https://twitter.com/jehbolsonaro/status/1647617782387802113,2023-04-16T15:07:45.000Z,São todos esquerdistas.🙄,0,0,1,https://twitter.com/andrefernm/status/1647273801506226177
Teixeira Carvalho,@AngelatCarvalho,https://twitter.com/AngelatCarvalho/status/1647314331585978370,2023-04-15T19:01:56.000Z,Registrar e arquivar todos os nomes retirados da l!sta da CPMI 08 janeiro. F!cara na m¢moria do povo brasileiro que estão coniventes com todos os d¢sm@ndos e m@ld@d¢s do g0v¢rno.,0,1,1,https://twitter.com/andrefernm/status/1647273801506226177
TresMateus3,@Mateus3Tres,https://twitter.com/Mateus3Tres/status/1647276836836069379,2023-04-15T16:32:57.000Z,Não espere que a escória esquerdista assine...,0,0,2,https://twitter.com/andrefernm/status/1647273801506226177
Wagner Pontes,@Waanelpo,https://twitter.com/Waanelpo/status/1650543792192094208,2023-04-24T16:54:40.000Z,Raspa cu,0,0,0,https://twitter.com/andrefernm/status/1647273801506226177
Marlene Lima Villanova,@LimaVillanova,https://twitter.com/LimaVillanova/status/1647682900941316096,2023-04-16T19:26:30.000Z,"CAMBADA DE CORRUPTOS ,LADRÕES!",0,0,0,https://twitter.com/andrefernm/status/1647273801506226177
Política e Fatos,@politicaefatos,https://twitter.com/politicaefatos/status/1647283685954076675,2023-04-15T17:00:10.000Z,Rapasku,0,1,1,https://twitter.com/andrefernm/status/1647273801506226177
André Luis Fontana,@andrefontana4,https://twitter.com/andrefontana4/status/1647637656837271558,2023-04-16T16:26:43.000Z,Tem certeza que o MARCON não assinou?,0,0,0,https://twitter.com/andrefernm/status/1647273801506226177
Sidney Bulcão,@SidneyBulcao,https://twitter.com/SidneyBulcao/status/1647467660232327168,2023-04-16T05:11:13.000Z,"MAIS UMA NOVIDADE DESSA CPMI !!! 

Quer dizer que os próprios deputados que são a favor estão postergando a CPMI para maio com a finalidade de derrubar a Chapa toda de LULA para que Alkimin não possa assumir  !! 🤔NÃO ESTOU ENTENDENDO MAIS NADA !!!",0,0,0,https://twitter.com/andrefernm/status/1647273801506226177
Thayson Ricardo,@ThaysonRicardo,https://twitter.com/ThaysonRicardo/status/1647290470970556416,2023-04-15T17:27:08.000Z,"Vai trabalhar vc fica só instigando a população a ter ódio dos parlamentares que não querem o mesmo baixo nível que VC... Toma vergonha, pior ainda é quem ainda vota em gente como você. @ArthurLira_ e @rodrigopacheco é nesse baixo nível que o congresso está se tornando.",0,1,1,https://twitter.com/andrefernm/status/1647273801506226177
Jenny,@Jenny88891989,https://twitter.com/Jenny88891989/status/1647287772179320837,2023-04-15T17:16:24.000Z,Espero que os deputados não decepcionem os gaúchos. É o mínino que podem fazer.  Só lembrando que não vamos esquecer e que o mandato acaba .,0,0,1,https://twitter.com/andrefernm/status/1647273801506226177
EDmario Jobat,@edmariojobatpe,https://twitter.com/edmariojobatpe/status/1647303492132806656,2023-04-15T18:18:52.000Z,"Galera do RS, esse deputs ensina a raspar o ânus, coisa de machos",0,1,1,https://twitter.com/andrefernm/status/1647273801506226177
Luiz,@LuizHnrique13,https://twitter.com/LuizHnrique13/status/1647274687687278592,2023-04-15T16:24:25.000Z,"Para de falar bosta, vagabouundo. Olha o teu presidente trazendo investimentos para o Brasil. 
Vagabouundo.",1,1,1,https://twitter.com/andrefernm/status/1647273801506226177
ᎡᎬΝᎪΝ ᎡᎬᏆՏ,@Renan_Reis84r,https://twitter.com/Renan_Reis84r/status/1647274137734242304,2023-04-15T16:22:13.000Z,Falando em dia 08/01/2023,0,1,1,https://twitter.com/andrefernm/status/1647273801506226177
Abe_,@Abgf_Brasil,https://twitter.com/Abgf_Brasil/status/1647285944569962500,2023-04-15T17:09:08.000Z,"Pra cima André! Excelente trabalho, vá expondo todos, deputados e senadores!
Por favor, consiga uma relação com as redes sociais deles.
Assim podemos marcá-los por estado, os que assinaram e os que não assinaram",0,0,1,https://twitter.com/andrefernm/status/1647273801506226177
Derlin.’.Rodrigues,@DerlinRod,https://twitter.com/DerlinRod/status/1648084740296126469,2023-04-17T22:03:16.000Z,"Temos a obrigação moral , humanitária e necessária de viralizar este vídeo. Não podemos ser omissos sob pena de sermos coniventes com essa barbárie *COMPARTILHEM* Olha o vídeo que tá rolando nas mídias sociais em Portugal, Espanha, Itália, Holanda, Inglaterra, Suécia, Dinamarca,… Mostrar mais",0,0,0,https://twitter.com/andrefernm/status/1647273801506226177
+1brasileira,@mais1brasileir4,https://twitter.com/mais1brasileir4/status/1647277974125723652,2023-04-15T16:37:28.000Z,"Parlamentares, só deixem passar os 37 ministérios se essa CPMI DO 08 de JANEIRO FOIR INSTAURADA! Enquanto não abrirem essa CPMI, NÃO VOTEM NADA NAQUELE CONGRESSO! Deixem os cargos dos 37 ministerios irem para o LIXO!",0,1,2,https://twitter.com/andrefernm/status/1647273801506226177
+1brasileira,@mais1brasileir4,https://twitter.com/mais1brasileir4/status/1647278015611641857,2023-04-15T16:37:38.000Z,Os parlamentares precisam exigir a abertura da cpmi antes de qualquer votação neste dia. Não se vota nada antes dessa cpmi começar! @nikolas_dm @andrefernm @EduGiraoOficial @marcelvanhattem @carlosjordy @Heinzeoficial @rogeriosmarinho,0,0,1,https://twitter.com/andrefernm/status/1647273801506226177
Raphael de barros filho,@Raphaeldebarro4,https://twitter.com/Raphaeldebarro4/status/1647454429602299904,2023-04-16T04:18:38.000Z,É MUITA CARA DE PAU! Eles querem montar uma comissão formada por parlamentares da extrema direita p/ investigar os crimes que eles mesmos incentivaram. Tudo será feito para dar visibilidade a narrativas contrárias às conclusões da PF e Ministério Público.,0,0,0,https://twitter.com/andrefernm/status/1647273801506226177
Rêh Leôncio,@leoncio_re,https://twitter.com/leoncio_re/status/1647274511736209409,2023-04-15T16:23:43.000Z,"Senadores e Deputados, ASSINEM a CPMI do dia 8 de Janeiro, POR FAVOR!!! 
Nós Brasileiros querermos Respeito e Transparência ao ocorrido nesse dia! E desde já AGRADECEMOS!",0,2,5,https://twitter.com/andrefernm/status/1647273801506226177
Rita Mata,@RitaMata17,https://twitter.com/RitaMata17/status/1647296739353796608,2023-04-15T17:52:02.000Z,"Por favor, caros parlamentares sejam o porta voz do povo na CPMI do 8 de janeiro,  assinem o requerimento, confiamos nos senhores como nossos representantes. Precisamos dos senhores como guerreiros legítimos para lutar pela dignidade da Nação Brasileira.",0,4,3,https://twitter.com/andrefernm/status/1647273801506226177
Fabio I,@FabioIng,https://twitter.com/FabioIng/status/1647309785354625031,2023-04-15T18:43:53.000Z,"STF AGORA PODE TUDO!! É DE DAR MEDO..
15/04/2023
BOLSONARO TV

Patriota, estarei em Copacabana, dia 16/04, de 10h até 13h, no canteiro central em frente ao Othon, no movimento para apoiar a CPMI do 8 de janeiro e pela libertação dos amigos presos, ...",0,1,2,https://twitter.com/andrefernm/status/1647273801506226177
Bruna Sampaio,@BrunaSa95648101,https://twitter.com/BrunaSa95648101/status/1647434329524510726,2023-04-16T02:58:46.000Z,Quem babaquice 🤣😂🤣😂😂😂🤣,0,0,0,https://twitter.com/andrefernm/status/1647273801506226177
Yvonne & Yanni,@Yannetes,https://twitter.com/Yannetes/status/1647562222200139778,2023-04-16T11:26:58.000Z,Alô Brasil!  Se o lula não quer fazer o Bafômetro é pq ele bebeu né?,0,0,0,https://twitter.com/andrefernm/status/1647273801506226177
Mateus ×S× Vanderley,@MateusVanderle7,https://twitter.com/MateusVanderle7/status/1647489711206801408,2023-04-16T06:38:50.000Z,"Se quisermos um futuro de esperança para nossas e futuras gerações, pressionem e continuem pressionando mais e mais os seus deputados, devemos lutador para a instauração da CPMi, abaixo a lista dos deputados que assinaram ou não para a CPMIhttps://docs.google.com/spreadsheets/u/0/d/1uaGvvD39Qqf8lKBfRft2JCl20z3KHecb/htmlview#gid=2130601127…",0,0,0,https://twitter.com/andrefernm/status/1647273801506226177
Jogar dentro das quatro linhas da Const Fed Br 88,@LRobertoLeitao,https://twitter.com/LRobertoLeitao/status/1647324661896675330,2023-04-15T19:42:59.000Z,"Ao Congresso Nacional@SenadoFederal @camaradeputados@andrefernm @nikolas_dm @coronel_meira @EduGiraoOficial a #CPMIdo08deJaneiroJá é um instrumento Legal, Institucional, um Dever Cívico e Moral.
Deixar de investigar será um ato de COVARDIA, CONIVÊNCIA E PREVARICAÇÃO.",0,0,1,https://twitter.com/andrefernm/status/1647273801506226177
Terra Redonda,@michaelpavoni2,https://twitter.com/michaelpavoni2/status/1647276686830977026,2023-04-15T16:32:21.000Z,A quem interresa a CPI para tumultuar as investigações da PF.,0,0,0,https://twitter.com/andrefernm/status/1647273801506226177
Terra Redonda,@michaelpavoni2,https://twitter.com/michaelpavoni2/status/1647305425912578049,2023-04-15T18:26:33.000Z,"Atenção: deputados e senadores que não assinaram,os deputados e senadores bolsonaristas estão querendo as suas assinaturas  para eles investigarem bolsonaristas que destruíram Brasília.É isso mesmo?Estão jogando o público deles contra os senhores? @SenadoFederal @camaradeputados",0,0,0,https://twitter.com/andrefernm/status/1647273801506226177
#Cpmide08dejaneiroJá #cpmi08dejaneiro2023 #,@CCConservador,https://twitter.com/CCConservador/status/1647326102061215745,2023-04-15T19:48:43.000Z,#cpmi08janeiro2023  Obrigado a todos os deputados federais e senadores que assinaram!! Um obrigado especial ao deputado @andrefernm  André Fernandes. Estamos muito orgulhosos do senhor. Obrigado ao políticos que divulgaram!! Vergonha dos outros! #CPMI08dejaneiro,0,1,2,https://twitter.com/andrefernm/status/1647273801506226177
#Cpmide08dejaneiroJá #cpmi08dejaneiro2023 #,@CCConservador,https://twitter.com/CCConservador/status/1647332233257050112,2023-04-15T20:13:05.000Z,#cpmi08janeiro2023  Obrigado a todos os deputados federais e senadores que assinaram!! Um obrigado especial ao deputado @andrefernm  André Fernandes. Estamos muito orgulhosos do senhor. Obrigado ao políticos que divulgaram!! Vergonha dos outros! #CPMI08dejaneiro,0,2,3,https://twitter.com/andrefernm/status/1647273801506226177
#Cpmide08dejaneiroJá #cpmi08dejaneiro2023 #,@CCConservador,https://twitter.com/CCConservador/status/1647373804358758402,2023-04-15T22:58:16.000Z,Senadores,0,0,0,https://twitter.com/andrefernm/status/1647273801506226177
Vicente Maues,@MauesVicente,https://twitter.com/MauesVicente/status/1647415761604866050,2023-04-16T01:44:59.000Z,"ATENÇÃO ...ISSO É O GABINETE DO ÓDIO, PERCEBAM QUE ELES NUNCA RESPONDEM, POIS SÂO ROBOS EMVIANFO FAKE E MENSAGENS DE ÓDIO, OBSEVE QUE LOGO ABAIXO VEM DO RESTO DA QUADRILHA ....",0,0,0,https://twitter.com/andrefernm/status/1647273801506226177
Sertanejo Quântico,@TerraDesde1973,https://twitter.com/TerraDesde1973/status/1647281615461142529,2023-04-15T16:51:56.000Z,"Insuflaram, atiçaram, bancaram o 8 de janeiro e agora querem o continuar com o caos tumultuando o parlamento e tentando paralisar o país...",0,1,3,https://twitter.com/andrefernm/status/1647273801506226177
Joaogeo,@Joaogeo2,https://twitter.com/Joaogeo2/status/1647361285397401601,2023-04-15T22:08:31.000Z,"PRF acha 322 quilos de maconha em caminhão de senador bolsonarista que empregou Jair Renan 

Veículo pertence a empresa do pai do senador Jorge Seif Júnior (PL-SC), que foi secretário da pesca de Bolsonaro e nomeou o “filho 04” do ex-presidente em seu gabinete",0,0,0,https://twitter.com/andrefernm/status/1647273801506226177
João Fábio Ribeiro.,@Ribeiro191919,https://twitter.com/Ribeiro191919/status/1647493740070674432,2023-04-16T06:54:51.000Z,Bom dia deputado depilado. Estamos na expectativa da postagem de vídeos ousados de vossa excelência 😱🫣. Esse conservador cristão está se saindo um safadinho.,0,0,0,https://twitter.com/andrefernm/status/1647273801506226177
Lene Paixão,@LenePaixao1,https://twitter.com/LenePaixao1/status/1647289938042400768,2023-04-15T17:25:01.000Z,#CPMI08DEJANEIROJÁ,0,1,3,https://twitter.com/andrefernm/status/1647273801506226177
Marcia Pring Fiorilo,@MarciaPring,https://twitter.com/MarciaPring/status/1647274535907893249,2023-04-15T16:23:48.000Z,"Parabéns p/eles, q sabem q vcs só querem jogar lona no Congresso! Quem vai participar da CPI? Você, q passou meses na internet incitando os golpistas? Por que ñ falam da CPI do DF? Está fazendo um ótimo trabalho, s/circo! Mostrando o trabalho da polícia e desmentindo criminosos!",1,0,1,https://twitter.com/andrefernm/status/1647273801506226177
