nome,usuario,idTweet,dataPublicacao,texto,replies,retweets,likes,tweetPai
NaniOkada,@NaniOkada,https://twitter.com/NaniOkada/status/1647768543331594240,2023-04-17T01:06:49.000Z,Bem pago!,0,0,1,https://twitter.com/cabogilberto/status/1647625138563686402
eveliny silva,@silva_eveliny,https://twitter.com/silva_eveliny/status/1648059515735101446,2023-04-17T20:23:02.000Z,Esse cara é simplesmente um l...,0,0,0,https://twitter.com/cabogilberto/status/1647625138563686402
Charles,@chaportilho,https://twitter.com/chaportilho/status/1647917369669427203,2023-04-17T10:58:12.000Z,Não vale nem o comentário,0,0,0,https://twitter.com/cabogilberto/status/1647625138563686402
Ângella Mariah Rodrigues,@ngellaMariahRo1,https://twitter.com/ngellaMariahRo1/status/1648093333611315202,2023-04-17T22:37:25.000Z,Advinha???🤫🤫🤐🤐🤑🤑🤑🤑🤑🤑🤑🤑🤑🤑🤑😛😝😜,0,0,0,https://twitter.com/cabogilberto/status/1647625138563686402
Makoto,@mahounokaze,https://twitter.com/mahounokaze/status/1647646238056017920,2023-04-16T17:00:49.000Z,Teve dinheiro público financiando isso. O cara precisa PAGAR pra falarem bem dele 🤣,0,0,1,https://twitter.com/cabogilberto/status/1647625138563686402
Xico Ferreira,@xicofranxico5,https://twitter.com/xicofranxico5/status/1647764234258857985,2023-04-17T00:49:42.000Z,Dá pena ver o Datena,0,0,1,https://twitter.com/cabogilberto/status/1647625138563686402
augusto champs,@AugustoCha57263,https://twitter.com/AugustoCha57263/status/1647775156452859906,2023-04-17T01:33:06.000Z,a BAND RECEBEU MILHÕES E ESTE CRÁPULA CONCORDOU EM FAZER.,0,0,1,https://twitter.com/cabogilberto/status/1647625138563686402
Jonathas farias Jean,@jonathasfogao22,https://twitter.com/jonathasfogao22/status/1647797013801517059,2023-04-17T02:59:57.000Z,Simplesmente dinheiros,0,0,0,https://twitter.com/cabogilberto/status/1647625138563686402
Sônia Novais,@sonianovaispb,https://twitter.com/sonianovaispb/status/1647635210127790081,2023-04-16T16:17:00.000Z,Será💘  ou 💰?,0,0,0,https://twitter.com/cabogilberto/status/1647625138563686402
Leilani lamartine,@Leilanilamarti4,https://twitter.com/Leilanilamarti4/status/1647659177504808961,2023-04-16T17:52:14.000Z,"Bem pago, comprado",0,0,0,https://twitter.com/cabogilberto/status/1647625138563686402
HumbJr,@HumbJr,https://twitter.com/HumbJr/status/1647646597474385922,2023-04-16T17:02:15.000Z,"Domingo de sol, pelo menos aqui. Pq vc não aproveita o dia para se distrair em vez de ficar como um m@luco no Twitter enchendo o nosso saco? Assim serei obrigado a te dar um block. Cara chato dukaraleo.",0,0,0,https://twitter.com/cabogilberto/status/1647625138563686402
Amaria,@Amaria890875956,https://twitter.com/Amaria890875956/status/1647634529555824641,2023-04-16T16:14:18.000Z,Que nojo desse cara 🤮,0,0,0,https://twitter.com/cabogilberto/status/1647625138563686402
Patrícia Damázio Patrícia Damázio,@Damazio87,https://twitter.com/Damazio87/status/1647641411578101760,2023-04-16T16:41:38.000Z,Da pena,0,0,0,https://twitter.com/cabogilberto/status/1647625138563686402
Valdeir Jose Veiga,@jose_vei2,https://twitter.com/jose_vei2/status/1647726564753252352,2023-04-16T22:20:00.000Z,-Datema detona: o apequenado Brasil voltou: mais imposto; mais aumento da gasolina; mais aumento p Lei Raune; mais convênio com os comunista; mais desemprego; mais empresas indo embora: detona Datema.,0,0,0,https://twitter.com/cabogilberto/status/1647625138563686402
Pedro Francisco Prezentino,@PrezentinoPedro,https://twitter.com/PrezentinoPedro/status/1647772187800002563,2023-04-17T01:21:18.000Z,Covarde com o povo brasileiro,0,0,0,https://twitter.com/cabogilberto/status/1647625138563686402
christiane Oliveira Bala,@BalaChristiane,https://twitter.com/BalaChristiane/status/1647806800496828417,2023-04-17T03:38:50.000Z,Nojo,0,0,0,https://twitter.com/cabogilberto/status/1647625138563686402
Albertisa Probo,@AlbertisaP,https://twitter.com/AlbertisaP/status/1647872285464842244,2023-04-17T07:59:03.000Z,🤡,0,0,0,https://twitter.com/cabogilberto/status/1647625138563686402
Luiz,@Luizjlziza1964,https://twitter.com/Luizjlziza1964/status/1647929418378010625,2023-04-17T11:46:05.000Z,Esse apresentador não tem credibilidade nenhuma... falso até a sola do pé... o patriotismo dessa pessoa é o bolso.,0,0,0,https://twitter.com/cabogilberto/status/1647625138563686402
Jeremias Henriques,@Jeremia17883731,https://twitter.com/Jeremia17883731/status/1647965951365636097,2023-04-17T14:11:15.000Z,Bem pago.,0,0,0,https://twitter.com/cabogilberto/status/1647625138563686402
Ivanice,@Ivanice37078917,https://twitter.com/Ivanice37078917/status/1648085310117380097,2023-04-17T22:05:32.000Z,Tá de brincadeira o ironia esto é um piada de mal gosto. Este desgoverno é o pior de 2023.,0,0,0,https://twitter.com/cabogilberto/status/1647625138563686402
GENTE BISONHA,@GENTEBISONHA2,https://twitter.com/GENTEBISONHA2/status/1648120533786017793,2023-04-18T00:25:30.000Z,"Não se preocupe!
Isto é apenas a alegria de sair de um governo caótico para um governo mediano.
Quem sabe algum dia surja no Brasil um verdadeiro estadista keynesianista.",0,0,0,https://twitter.com/cabogilberto/status/1647625138563686402
YvoneYanni,@YvonneYanni54,https://twitter.com/YvonneYanni54/status/1647630108910407680,2023-04-16T15:56:44.000Z,Toma vergonha @DatenaOficial,0,0,0,https://twitter.com/cabogilberto/status/1647625138563686402
Mario Soares,@MarioSo70946499,https://twitter.com/MarioSo70946499/status/1647659389900267520,2023-04-16T17:53:05.000Z,E simples não assistir mais o canal deste verme,0,0,0,https://twitter.com/cabogilberto/status/1647625138563686402
lindomaura Ferreira braga,@lindomaura,https://twitter.com/lindomaura/status/1648509334933110786,2023-04-19T02:10:27.000Z,"ESTÃO COMPRANDO ESTAS PRAGAS COM NOSSO DINHEIRO. 
 MAS DEUS NÃO DORME, UMA HORA A CONTA CHEGA PARA TODOS TODAS E TODES 😈",0,0,0,https://twitter.com/cabogilberto/status/1647625138563686402
Flávio Antônio lemes Mariano,@antniolem1,https://twitter.com/antniolem1/status/1647773915844952064,2023-04-17T01:28:10.000Z,Picaretagem,0,0,0,https://twitter.com/cabogilberto/status/1647625138563686402
Paulo Sergio Soares Ouriques,@soares_ouriques,https://twitter.com/soares_ouriques/status/1647699449936740354,2023-04-16T20:32:16.000Z,@DatenaOficial sempre foi mau caráter e sem vergonha!!!,0,0,0,https://twitter.com/cabogilberto/status/1647625138563686402
Gladyz Suely,@GladyzSuely,https://twitter.com/GladyzSuely/status/1647755830530285568,2023-04-17T00:16:18.000Z,Muito bem pago,0,0,0,https://twitter.com/cabogilberto/status/1647625138563686402
Luiz,@LuizFer68119991,https://twitter.com/LuizFer68119991/status/1647648119327277059,2023-04-16T17:08:18.000Z,"Até o seu partido vai defender o governo se perderem capital político até o final do mandato.

Bolsonaro vai pra cadeia e o bolsonarismo vai para o esgoto.",0,0,0,https://twitter.com/cabogilberto/status/1647625138563686402
Blog Nosso Vinho,@blognossovinho,https://twitter.com/blognossovinho/status/1648323708719706114,2023-04-18T13:52:51.000Z,"Já olhou a queda no preço da picanha, diesel e dólar em apenas 3 meses? Já olhou que a inflação foi quase zero sobre os alimentos? Claro que não!!!! Aceita que o Brasil vai voltar a ser uma grande potência mundial e sem fome!!!!!",0,0,0,https://twitter.com/cabogilberto/status/1647625138563686402
Sayonara Sabino,@sayonara_sabino,https://twitter.com/sayonara_sabino/status/1647898688784592897,2023-04-17T09:43:58.000Z,N é o q eu vejo. Vejo um aumento bruto da pobreza.,0,0,0,https://twitter.com/cabogilberto/status/1647625138563686402
Criativo_Antagônico,@criaantagonico,https://twitter.com/criaantagonico/status/1647698281705635845,2023-04-16T20:27:37.000Z,Fala com @ratinhodosbt também para ver o esculacho que você leva ao vivo no programa dele ou tem medo?,0,0,0,https://twitter.com/cabogilberto/status/1647625138563686402
Nunes,@Lucas_IBR,https://twitter.com/Lucas_IBR/status/1647646041276071936,2023-04-16T17:00:02.000Z,"Depois do governo federal injetar milhões na imprensa militante esquerdopata aberta, com certeza os elogios viriam",0,0,1,https://twitter.com/cabogilberto/status/1647625138563686402
Alexandre Cezar Neves,@Alexand64391586,https://twitter.com/Alexand64391586/status/1647630767630032896,2023-04-16T15:59:21.000Z,Foi o PIX que caiu. Ele está interessado na eleição da Prefeitura de SP. A conversa com o Boulos rendeu um bônus pra ele.,0,0,0,https://twitter.com/cabogilberto/status/1647625138563686402
Edson Pereira,@EdsonPe68323769,https://twitter.com/EdsonPe68323769/status/1647893309329661953,2023-04-17T09:22:35.000Z,🤮🤮🤮🤮🤮🤮💩💩💩💩💩,0,0,0,https://twitter.com/cabogilberto/status/1647625138563686402
Luizaprado,@Luizapr97085774,https://twitter.com/Luizapr97085774/status/1648115154364645376,2023-04-18T00:04:07.000Z,O que o dinheiro não faz,0,0,0,https://twitter.com/cabogilberto/status/1647625138563686402
Luizaprado,@Luizapr97085774,https://twitter.com/Luizapr97085774/status/1648115240792473603,2023-04-18T00:04:28.000Z,Foi muito bem pago,0,0,0,https://twitter.com/cabogilberto/status/1647625138563686402
edy,@edy44248759,https://twitter.com/edy44248759/status/1647929562297249796,2023-04-17T11:46:39.000Z,Esta levando uma.grana com certesa..sempre foi interesseiro.,0,0,0,https://twitter.com/cabogilberto/status/1647625138563686402
Luiz Fernando Novaes,@LuizFNovaes,https://twitter.com/LuizFNovaes/status/1647923047335116800,2023-04-17T11:20:46.000Z,"muita grana, Dapena não vale o que pisa",0,0,0,https://twitter.com/cabogilberto/status/1647625138563686402
Henrique Eduardo bah,@Dunga953,https://twitter.com/Dunga953/status/1647937898996441090,2023-04-17T12:19:46.000Z,"...esse é 1o. lugar na escolinha de ""vigaristas""",0,0,0,https://twitter.com/cabogilberto/status/1647625138563686402
Otis Reis,@otis_reis,https://twitter.com/otis_reis/status/1647802949471547394,2023-04-17T03:23:32.000Z,Bem pago,0,0,0,https://twitter.com/cabogilberto/status/1647625138563686402
Roberio Fonseca,@roberiofonseca3,https://twitter.com/roberiofonseca3/status/1647659542077947908,2023-04-16T17:53:41.000Z,Muito bem pago,0,0,1,https://twitter.com/cabogilberto/status/1647625138563686402
Mônica,@Moni28lobato,https://twitter.com/Moni28lobato/status/1647758129168261120,2023-04-17T00:25:26.000Z,Bem pago com certeza além de ter péssimo caráter. E é funcionário da China $$$,0,0,1,https://twitter.com/cabogilberto/status/1647625138563686402
Daisy Rhosa,@DekhaRhosa,https://twitter.com/DekhaRhosa/status/1647660351977148418,2023-04-16T17:56:54.000Z,QUE LIXO! Deve estar recebendo muito mais do que vale pra espalhar tantas mer... .,0,0,0,https://twitter.com/cabogilberto/status/1647625138563686402
Osvaldo,@oboaventura,https://twitter.com/oboaventura/status/1647698686250549250,2023-04-16T20:29:14.000Z,Esse Sr. precisa ser lembrado pro resto da porcaria de vida que lhe resta.,0,0,0,https://twitter.com/cabogilberto/status/1647625138563686402
Rodrigo Machado,@Rodrigo26472840,https://twitter.com/Rodrigo26472840/status/1647817238940983296,2023-04-17T04:20:19.000Z,"Um pouco mais de 3 milhões . Esse foi o valor que o governo repassou para a Band . 
Datena ficando mais rico .",0,0,0,https://twitter.com/cabogilberto/status/1647625138563686402
Joao Azevedo carneiro,@JoaoAzevedocar1,https://twitter.com/JoaoAzevedocar1/status/1648217904918216705,2023-04-18T06:52:25.000Z,Lixo mau caráter,0,0,0,https://twitter.com/cabogilberto/status/1647625138563686402
Mauricio Anchieta,@MauricioAnchie3,https://twitter.com/MauricioAnchie3/status/1647923261701799937,2023-04-17T11:21:37.000Z,Que se limpar depois da merda com o Boulos kkkkkk,0,0,0,https://twitter.com/cabogilberto/status/1647625138563686402
"José, só +1 cidadão da república dos m@nés!","José, só +1 cidadão da república dos m@nés!",https://twitter.com/Mobru38357/status/1647769699021647874,2023-04-17T01:11:24.000Z,"Dapena não tem um pingo de caráter, lambe o Bolsonaro, traí o Bolsonaro, lambe o ladrão, traí o ladrão! Grita por justiça, dignidade e honestidade! Chafurda na iniquidade, na hipocrisia e na mesquinhez! Criatura ignóbil, verme indigno até de ser chamado de rato!",0,0,0,https://twitter.com/cabogilberto/status/1647625138563686402
ana schuenck,@anaschuenck3,https://twitter.com/anaschuenck3/status/1647963045904121857,2023-04-17T13:59:42.000Z,Lixo esse Datena 🤮,0,0,0,https://twitter.com/cabogilberto/status/1647625138563686402
Ivonetemariann7@gmail.com,Ivonetemariann7@gmail.com,https://twitter.com/ivonetemariann7/status/1649169368729657347,2023-04-20T21:53:12.000Z,"Mas é um babaca, mentiroso",0,0,0,https://twitter.com/cabogilberto/status/1647625138563686402
Luíz Frazão,@LuizFrazaoOne,https://twitter.com/LuizFrazaoOne/status/1647769045607776260,2023-04-17T01:08:49.000Z,Ésse Caboco aí é um pau no cu,0,0,0,https://twitter.com/cabogilberto/status/1647625138563686402
Leandro Freitas,@leodocorcel75,https://twitter.com/leodocorcel75/status/1647737625829076995,2023-04-16T23:03:58.000Z,Isso é um vendido. Foi comprado assim como vários outros.,0,0,0,https://twitter.com/cabogilberto/status/1647625138563686402
Ronaldo Souza,@RsergioRonaldo,https://twitter.com/RsergioRonaldo/status/1647756143421169666,2023-04-17T00:17:33.000Z,"Datena, não tem moral...um babaca, sem nocao !!!",0,0,0,https://twitter.com/cabogilberto/status/1647625138563686402
Rener Diniz,@rener_diniz,https://twitter.com/rener_diniz/status/1647954044424470529,2023-04-17T13:23:56.000Z,Esse é bosta,0,0,0,https://twitter.com/cabogilberto/status/1647625138563686402
Paulo Tironi,@tironipr,https://twitter.com/tironipr/status/1647965352754659328,2023-04-17T14:08:52.000Z,É um vendido,0,0,0,https://twitter.com/cabogilberto/status/1647625138563686402
Carlos Henrique,@hbombeiro07,https://twitter.com/hbombeiro07/status/1647966154470686720,2023-04-17T14:12:03.000Z,"Assim disse o HIPÓCRITA da reunião com o Boulos!
Tão correto, que conspirou pelas costas desse governo que agora está defendendo!
Chega a dar NOJO!",0,0,0,https://twitter.com/cabogilberto/status/1647625138563686402
Suely Pessoa,@SuelyPessoa7,https://twitter.com/SuelyPessoa7/status/1648100634032259073,2023-04-17T23:06:26.000Z,"Ele está defendendo porque é muita grana correndo solto pra os bolsos das emissora , nosso dinheiro indo embora com toda essa corrupção no nossos olhos, e o pior Bolsonaro é o ladrão por não ter liberado essa grana por isso que era odiado por eles.",0,0,0,https://twitter.com/cabogilberto/status/1647625138563686402
Joedson Costa,@Joedsoncinha,https://twitter.com/Joedsoncinha/status/1648137270661185536,2023-04-18T01:32:00.000Z,Canalha comunista,0,0,1,https://twitter.com/cabogilberto/status/1647625138563686402
Luan Franco,@luanjfranco,https://twitter.com/luanjfranco/status/1647700982610927618,2023-04-16T20:38:21.000Z,Esse senhor é o retrato de que no Brasil é tudo  um jogo de interesses. Poucos estão preocupados com o futuro do país. Querem o poder e nele a perpetuação. Comunistas safados!,0,0,0,https://twitter.com/cabogilberto/status/1647625138563686402
G G,@RochaGercione,https://twitter.com/RochaGercione/status/1648442690051403777,2023-04-18T21:45:38.000Z,"Da Pena,ver um ser que era respeitado pelo povo, hoje lambe Bunda!",0,0,0,https://twitter.com/cabogilberto/status/1647625138563686402
chico casado,@casado_chico,https://twitter.com/casado_chico/status/1647937297646596105,2023-04-17T12:17:23.000Z,"Conselho fosse bom, não si dava. Mas,para esse Sr. Da mídia camaleão lmtda. É,mudar de canal e deixar ele sem audiência. Simples solução para este camaleão da TV 📺",0,0,1,https://twitter.com/cabogilberto/status/1647625138563686402
manuzinha,@manuzinha446,https://twitter.com/manuzinha446/status/1647674191624241153,2023-04-16T18:51:54.000Z,Um vag4bund0,0,0,0,https://twitter.com/cabogilberto/status/1647625138563686402
Papai-Psicótico,@renato083aqui,https://twitter.com/renato083aqui/status/1647633970308214785,2023-04-16T16:12:04.000Z,Mesma vibe,0,0,0,https://twitter.com/cabogilberto/status/1647625138563686402
Valdo Linhares,@Valdo_LG,https://twitter.com/Valdo_LG/status/1647657085658701825,2023-04-16T17:43:55.000Z,"O @DatenaOficial é um ESQUERDISTA, COMUNISTA, DESCARADO. Sabe um HIPÓCRITA INCOMENSURÁVEL.✍️✅🤔",0,0,0,https://twitter.com/cabogilberto/status/1647625138563686402
Luiz Fernando Abud,@abud_luiz,https://twitter.com/abud_luiz/status/1647647546280484867,2023-04-16T17:06:01.000Z,Esse é só mais um picanheiro safado,0,0,0,https://twitter.com/cabogilberto/status/1647625138563686402
Mário Aoyama,@AoyamaMario,https://twitter.com/AoyamaMario/status/1647692023841865730,2023-04-16T20:02:45.000Z,"ESSE FDP, NUNCA CONFIÁVEL, TRAÍRA, DE CARÁTER DUVIDOSO!",0,0,0,https://twitter.com/cabogilberto/status/1647625138563686402
Rogeria Acipreste,@RogeriaAcipres1,https://twitter.com/RogeriaAcipres1/status/1647874107227111425,2023-04-17T08:06:17.000Z,"Verme, sangue suga da sociedade. O cara é uma farsa.",0,0,0,https://twitter.com/cabogilberto/status/1647625138563686402
Rogerio Pirchiner,@Pirchin1Rogerio,https://twitter.com/Pirchin1Rogerio/status/1647658410458988544,2023-04-16T17:49:11.000Z,A primeira opção pior q é tão cafajeste q no tal vídeo chama o cara de corrupto fala mal do partido e vem com essa agora aja óleo de peroba pra essa gente,0,0,0,https://twitter.com/cabogilberto/status/1647625138563686402
PRM,@PRM09699068,https://twitter.com/PRM09699068/status/1647909711474196480,2023-04-17T10:27:46.000Z,Vagabundo mal caráter💩,0,0,1,https://twitter.com/cabogilberto/status/1647625138563686402
ALLAN SILVEIRA,@ALLANSI84679575,https://twitter.com/ALLANSI84679575/status/1647911060677050368,2023-04-17T10:33:08.000Z,Datena seu merda,0,0,0,https://twitter.com/cabogilberto/status/1647625138563686402
pikines,@tonetti_fabio,https://twitter.com/tonetti_fabio/status/1647632628399456258,2023-04-16T16:06:44.000Z,"Esse Sr datena é um lixo dos lixo 🗑️ 
Vagabundo …
Safado …",0,0,0,https://twitter.com/cabogilberto/status/1647625138563686402
Vitor07,@Vitor070913,https://twitter.com/Vitor070913/status/1647980772165316611,2023-04-17T15:10:08.000Z,Esse mídia hipócrita. Que prega desinformação e mentiras. Foi essa mídia que elegeu o Ladrão e apoia quadrilha do PT,0,0,0,https://twitter.com/cabogilberto/status/1647625138563686402
Batata Martins,@batata_martins1,https://twitter.com/batata_martins1/status/1647652788204183552,2023-04-16T17:26:51.000Z,"Datena é uma porcaria..
Maria vai com as outras...",0,0,0,https://twitter.com/cabogilberto/status/1647625138563686402
Jakson Leite,@lins_jakson,https://twitter.com/lins_jakson/status/1647674243407020038,2023-04-16T18:52:06.000Z,"Quem vive em um mundo paralelo é deputado bolsominion, que tenta se apegar em postagens de 5ª série na internet, para afagar o gado bolsominion e tentar garantir mais um mandato. O senhor é uma vergonha como parlamentar e como paraibano.",0,0,0,https://twitter.com/cabogilberto/status/1647625138563686402
Alfredo Filho,@filhodoalfredo,https://twitter.com/filhodoalfredo/status/1647667373548158978,2023-04-16T18:24:48.000Z,E um imbecil safado. Topa tudo por dinheiro,0,0,0,https://twitter.com/cabogilberto/status/1647625138563686402
Josaphat marinho,@josafamarinho,https://twitter.com/josafamarinho/status/1647659910140686337,2023-04-16T17:55:09.000Z,Safado em vergonha ele que sustenta a família tem que puxa saco mesmo,0,0,0,https://twitter.com/cabogilberto/status/1647625138563686402
Augusto Santos,@August8611,https://twitter.com/August8611/status/1647703672900448257,2023-04-16T20:49:03.000Z,"Que maioria Ô cara pálida, é só ver na internet, Nós lulista somos a maioria, nas ruas hoje somos a maioria, e o Brasil voltou seus frangos, faz o L aí ó e Se reclamar É lula até 2030",0,0,0,https://twitter.com/cabogilberto/status/1647625138563686402
Renato Corrêa,@Renato_ptc,https://twitter.com/Renato_ptc/status/1647625759933046786,2023-04-16T15:39:27.000Z,Esse é um pilantra,0,0,0,https://twitter.com/cabogilberto/status/1647625138563686402
fé em Deus,@bmelomelo10,https://twitter.com/bmelomelo10/status/1647823051931746306,2023-04-17T04:43:25.000Z,LULA PRESIDENTE ♥️🙌🙏,0,0,0,https://twitter.com/cabogilberto/status/1647625138563686402
AD G,@ADGomes8,https://twitter.com/ADGomes8/status/1647743010149486592,2023-04-16T23:25:21.000Z,Datena canalha lixo sem caráter.,0,0,0,https://twitter.com/cabogilberto/status/1647625138563686402
+1brasileira,@mais1brasileir4,https://twitter.com/mais1brasileir4/status/1647894372518690816,2023-04-17T09:26:49.000Z,"Para conseguir o seu voto: 
“se tá caro é só baixar o imposto""

Depois de ganhar a eleição, enganando os trouxas: 
“imposto é importante pra manter as conquistas do trabalhador”

Esse é o DESgoverno do PT, zombando da sua cara o tempo todo e você ainda acredita nesses 🤡",0,0,0,https://twitter.com/cabogilberto/status/1647625138563686402
Nancy Cardoso,@NancyCa57293784,https://twitter.com/NancyCa57293784/status/1647648557980172289,2023-04-16T17:10:02.000Z,"Essa criatura não tem nenhum caráter.
E um exemplo do que há  de mais imundo na Imprensa.",0,0,0,https://twitter.com/cabogilberto/status/1647625138563686402
Pontes,@Pontes_1978,https://twitter.com/Pontes_1978/status/1647639595796889602,2023-04-16T16:34:25.000Z,"Se não tiver voto impresso nada vai mudar. 

Não curta, de um RT!#VotoImpressoComContagemPública",0,0,0,https://twitter.com/cabogilberto/status/1647625138563686402
Carlos Augusto Fernandes de Menezes,@CarlosA07201140,https://twitter.com/CarlosA07201140/status/1647886992900751360,2023-04-17T08:57:30.000Z,VAGABUNDOS FDSPTS☠️☠️☠️☠️☠️☠️☠️☠️☠️,0,0,0,https://twitter.com/cabogilberto/status/1647625138563686402
Cristiano,@Cristia30960891,https://twitter.com/Cristia30960891/status/1647648024783466497,2023-04-16T17:07:55.000Z,"@DatenaOficial 
100+!!!",0,0,0,https://twitter.com/cabogilberto/status/1647625138563686402
Josimar Rodrigues,@Josimararqeurb,https://twitter.com/Josimararqeurb/status/1647626362113409024,2023-04-16T15:41:50.000Z,"PARTIDOS DE ESQUERDA DEVEM SER PROIBIDOS
Eles chegam ao Poder em uma República Democrática Federativa/Brasil 
Aí os partidos Democráticos passam 4 anos DISCUTINDO Todos os atos deles fora da Lei 
E a Nação inteira perde 4 anos
DISCUTINDO Governo Comunista.
Só a Esquerda que ganha",0,0,0,https://twitter.com/cabogilberto/status/1647625138563686402
