nome,usuario,idTweet,dataPublicacao,texto,replies,retweets,likes,tweetPai
Bruno Frantz,@Brunofrantz,https://twitter.com/Brunofrantz/status/1647983729514512386,2023-04-17T15:21:53.000Z,Tem o link da matéria?,1,0,0,https://twitter.com/BohnGass/status/1647982685908860932
Ana Bonini,@AnaBonini14,https://twitter.com/AnaBonini14/status/1648107700969000960,2023-04-17T23:34:30.000Z,Bem diferente dos nossos jornais...,0,0,0,https://twitter.com/BohnGass/status/1647982685908860932
Gil.LULA 2022,@LiraSalomao,https://twitter.com/LiraSalomao/status/1648040150327259143,2023-04-17T19:06:05.000Z,"Pois é, mas a mídia brasileira só ataca Lula direto.",0,0,0,https://twitter.com/BohnGass/status/1647982685908860932
Luiz Matias,@LuizMat13946260,https://twitter.com/LuizMat13946260/status/1648125113340944387,2023-04-18T00:43:42.000Z,El Pais  eqüidistante.Piada,0,0,0,https://twitter.com/BohnGass/status/1647982685908860932
Patria Amada,@PatriaAmada48,https://twitter.com/PatriaAmada48/status/1648128800515825668,2023-04-18T00:58:21.000Z,Kkkkkkk. Esse bohn tem a cara e certamente o caráter do Bispo Macedo. Sujeito sem decência alguma. Pt é lixo.,0,0,0,https://twitter.com/BohnGass/status/1647982685908860932
Marcelo Morce Dantas,@morcedantas,https://twitter.com/morcedantas/status/1647990510647140352,2023-04-17T15:48:50.000Z,A diferença entre Lula e Bolsonaro é apenas a turma que aplaude e se ilude com as baboseiras que eles fazem.,0,0,0,https://twitter.com/BohnGass/status/1647982685908860932
Neolina Moreira,@MoreiraNeolina,https://twitter.com/MoreiraNeolina/status/1648192369928417280,2023-04-18T05:10:57.000Z,"Diante da incompetência do desgoverno, exaltam Bolsonaro a cada crítica.",0,0,0,https://twitter.com/BohnGass/status/1647982685908860932
