nome,usuario,idTweet,dataPublicacao,texto,replies,retweets,likes,tweetPai
Moraes,@MoraesRA1,https://twitter.com/MoraesRA1/status/1647235679762407425,2023-04-15T13:49:24.000Z,"Esse @andrefernm é um soldado raso bem mandado pelo seu capitão no front, fazendo a parte dele, ou seja, querendo tumultuar o cenário político para prejudicar o governo esvaziando o congresso nas votações de projetos para o povo!",2,0,2,https://twitter.com/andrefernm/status/1647020226125365248
Flávia Leão,@FlviaLeo16,https://twitter.com/FlviaLeo16/status/1647232513037795330,2023-04-15T13:36:49.000Z,@LixBr22 @Naldoso12SEP,1,0,8,https://twitter.com/andrefernm/status/1647020226125365248
Adriana Lima,@AdrianaBRFLima,https://twitter.com/AdrianaBRFLima/status/1647022481146773506,2023-04-14T23:42:14.000Z,Não serão esquecidos!,0,0,4,https://twitter.com/andrefernm/status/1647020226125365248
Elcelio,@Elcelio10,https://twitter.com/Elcelio10/status/1647021072804397057,2023-04-14T23:36:38.000Z,Manda os do Pará,2,0,8,https://twitter.com/andrefernm/status/1647020226125365248
Fran Nunes,@Francineide_2,https://twitter.com/Francineide_2/status/1647052549223067657,2023-04-15T01:41:43.000Z,Sou baiana e moro na Bahia. Infelizmente nossa Bahia vai de mal a pior.,1,1,7,https://twitter.com/andrefernm/status/1647020226125365248
Lucas Marques,@LucasMa18816244,https://twitter.com/LucasMa18816244/status/1647337003149676545,2023-04-15T20:32:02.000Z,"Nessa lista da Bahia a única esperanca de assinar é Marcio Marinho que é da universal e não depende de voto externo pra se reeleger, e sim da igreja, João Leao e Claudio Cajado, o resto é quase impossível assinar.",0,0,1,https://twitter.com/andrefernm/status/1647020226125365248
Sertanejo Quântico,@TerraDesde1973,https://twitter.com/TerraDesde1973/status/1647232580800970761,2023-04-15T13:37:06.000Z,"Insuflaram, atiçaram, bancaram o 8 de janeiro e agora querem o continuar com o caos tumultuando o parlamento e tentando paralisar o país...",1,0,2,https://twitter.com/andrefernm/status/1647020226125365248
Sertanejo Quântico,@TerraDesde1973,https://twitter.com/TerraDesde1973/status/1647253380656398337,2023-04-15T14:59:45.000Z,"Em terra de poesia, fascista não se cria.",0,0,1,https://twitter.com/andrefernm/status/1647020226125365248
Tavares CNC,@aleextavaress,https://twitter.com/aleextavaress/status/1647022458749214720,2023-04-14T23:42:09.000Z,"Isso não vai adiantar porra nenhuma! 

Gastem as energias nos deputados que assinou, faça eles assinarem um documento público com imprensa ou live e todo mundo se comprometendo em investigar os atos de vandalismo e os omissos, fora isso é perca de tempo e espetáculo 5° série.",0,0,4,https://twitter.com/andrefernm/status/1647020226125365248
Marcelo Lopes,@Marcelo35139144,https://twitter.com/Marcelo35139144/status/1647215724056674304,2023-04-15T12:30:07.000Z,"Acrescente-se a isso o seguinte: estes citados deputados, são chamados de ""indecisos"", não porque ainda não sabem o que é melhor votar, é que estão ""aguardando"" a melhor ""oferta""! Não podemos esquecê-los,vamos lembrar deles  nas próximas eleições!",0,1,5,https://twitter.com/andrefernm/status/1647020226125365248
echc,@EduFla2023,https://twitter.com/EduFla2023/status/1647057078031208452,2023-04-15T01:59:42.000Z,Alô galera da Bahia.. 🙄👇🏽,0,0,1,https://twitter.com/andrefernm/status/1647020226125365248
Amin Abdallah,@aminmayef,https://twitter.com/aminmayef/status/1647441398780641280,2023-04-16T03:26:52.000Z,Deputados investigados por atuar no 08/01,0,0,1,https://twitter.com/andrefernm/status/1647020226125365248
Ajc/São Paulo,@Ajcsampa,https://twitter.com/Ajcsampa/status/1647252915541663749,2023-04-15T14:57:54.000Z,enquanto isso! presidente trabalha!,0,0,3,https://twitter.com/andrefernm/status/1647020226125365248
Ajc/São Paulo,@Ajcsampa,https://twitter.com/Ajcsampa/status/1647253108643225600,2023-04-15T14:58:40.000Z,da Bahia pra vc! Bahia é  Brasil! Brasil é  Lula!,0,0,2,https://twitter.com/andrefernm/status/1647020226125365248
Guila Guila,@GUILA30,https://twitter.com/GUILA30/status/1647026952694378498,2023-04-15T00:00:00.000Z,Praticamente todos! Aqui na Bahia é uma vergonha,0,0,4,https://twitter.com/andrefernm/status/1647020226125365248
Geraldo Sales,@geraldosales02,https://twitter.com/geraldosales02/status/1647373494714265602,2023-04-15T22:57:02.000Z,Deputado raspacu,0,0,0,https://twitter.com/andrefernm/status/1647020226125365248
M. Andrade,@marcosc49699060,https://twitter.com/marcosc49699060/status/1647609804888604672,2023-04-16T14:36:03.000Z,"Nordeste está corrompido meu amigo, dificilmente acontecerá algo.",0,0,0,https://twitter.com/andrefernm/status/1647020226125365248
Marcos Ramos,@MarcosORamos,https://twitter.com/MarcosORamos/status/1647265560516780033,2023-04-15T15:48:08.000Z,Ohhhhh 😩,0,0,0,https://twitter.com/andrefernm/status/1647020226125365248
Alexsandro,@VrAlexsandro,https://twitter.com/VrAlexsandro/status/1647055160378642437,2023-04-15T01:52:05.000Z,Estou esperando a lista do RJ.,1,1,5,https://twitter.com/andrefernm/status/1647020226125365248
Monica,@Monica89535836,https://twitter.com/Monica89535836/status/1647310630582472706,2023-04-15T18:47:14.000Z,Não o levem a sério! É só uma criança 👦,0,0,0,https://twitter.com/andrefernm/status/1647020226125365248
Ester Maria Ribeiro Vanini,@VaniniEster,https://twitter.com/VaniniEster/status/1648365565050798080,2023-04-18T16:39:10.000Z,Deputados  vamos  assinar  a CPMI  pelo um Brasil melhor,0,0,0,https://twitter.com/andrefernm/status/1647020226125365248
Tiago Fontes,@tiagofontesofc,https://twitter.com/tiagofontesofc/status/1647237401209651200,2023-04-15T13:56:15.000Z,@leopratesba Então! Sou baiano e te pergunto: Isso é o quê seus eleitores esperam de você?,1,0,3,https://twitter.com/andrefernm/status/1647020226125365248
Tiago Fontes,@tiagofontesofc,https://twitter.com/tiagofontesofc/status/1647237807440576515,2023-04-15T13:57:52.000Z,@DepArthurMaia Então! Sou baiano e te pergunto: Isso é o quê seus eleitores esperam de você?,2,0,2,https://twitter.com/andrefernm/status/1647020226125365248
HYLBERNON,@hylbernon,https://twitter.com/hylbernon/status/1647637371561598977,2023-04-16T16:25:35.000Z,Vergonha BAHIA. #CPI08deJaneiroUrgente,0,0,0,https://twitter.com/andrefernm/status/1647020226125365248
yuri Tanaka,@tan20002162,https://twitter.com/tan20002162/status/1647226698960629761,2023-04-15T13:13:43.000Z,"Vamos lá, marcação cerrada!! Cobrem os q não assinaram!!!",0,0,2,https://twitter.com/andrefernm/status/1647020226125365248
SuzanaLi,@csuzanali,https://twitter.com/csuzanali/status/1647264527614984192,2023-04-15T15:44:02.000Z,Parlamentares baianos não assinem.,0,0,0,https://twitter.com/andrefernm/status/1647020226125365248
Werley Santana,@werleysantana_,https://twitter.com/werleysantana_/status/1647022197720924160,2023-04-14T23:41:06.000Z,"Ou seja, quase todos!",0,0,1,https://twitter.com/andrefernm/status/1647020226125365248
Rita Soares,@rcgsoares,https://twitter.com/rcgsoares/status/1647214838991540224,2023-04-15T12:26:36.000Z,Lamentável!!!! Bom saber !!,0,0,1,https://twitter.com/andrefernm/status/1647020226125365248
VIVENDO UM NOVO TEMPO,@TempoVivendo,https://twitter.com/TempoVivendo/status/1647257070461153280,2023-04-15T15:14:24.000Z,Qual a novidade essa corja aí só destrói a Bahia e o pior deles e a,0,0,2,https://twitter.com/andrefernm/status/1647020226125365248
Dagfran Carneiro,@DagfranCarneiro,https://twitter.com/DagfranCarneiro/status/1647224768721035267,2023-04-15T13:06:03.000Z,"E nem vão assinar infelizmente, todos comprados.",0,0,2,https://twitter.com/andrefernm/status/1647020226125365248
Tiago Fontes,@tiagofontesofc,https://twitter.com/tiagofontesofc/status/1647241442312454147,2023-04-15T14:12:18.000Z,"Posta em seu Insta. O Deputado Márcio Marinho não tem Twitter. Para que de forma respeitosa, nós baianos, possamos indagá-lo",0,0,2,https://twitter.com/andrefernm/status/1647020226125365248
Elizabeth,@Elizabe90112239,https://twitter.com/Elizabe90112239/status/1647022317610979337,2023-04-14T23:41:35.000Z,É só deputado Federal que pode assinar?,3,0,2,https://twitter.com/andrefernm/status/1647020226125365248
Empatico,@PatriotaMeuCu,https://twitter.com/PatriotaMeuCu/status/1647219500431884288,2023-04-15T12:45:07.000Z,"BRASIL atenção,  se procurarem descobre que a CPI do dia 8 de janeiro ja está acontecendo, inclusive com empresário mentindo nos depoimentos.

""'Cheguei próximo à rampa', diz empresário alvo da CPI sobre 8 de janeiro"" https://correiobraziliense.com.br/cidades-df/2023/04/amp/5087048-cheguei-proximo-a-rampa-diz-empresario-alvo-da-cpi.html…",0,1,1,https://twitter.com/andrefernm/status/1647020226125365248
Junior,@Junior21795266,https://twitter.com/Junior21795266/status/1647025616787570688,2023-04-14T23:54:41.000Z,Só a cúpula esquerda!!!🤦‍♂️,0,0,0,https://twitter.com/andrefernm/status/1647020226125365248
Brasil acima de tudo!,@Max_Schmidt70,https://twitter.com/Max_Schmidt70/status/1647215722991439872,2023-04-15T12:30:06.000Z,"O baiano é igual galinha, tomando na rodinha e cantando! Esquece, guerra perdida!",0,0,0,https://twitter.com/andrefernm/status/1647020226125365248
Tamires Francine Verissimo Verissimo,@TamiresFrancin9,https://twitter.com/TamiresFrancin9/status/1647020585262755841,2023-04-14T23:34:42.000Z,São Paulo por favor,2,0,4,https://twitter.com/andrefernm/status/1647020226125365248
Luiz Melo,@Mel11331477Luiz,https://twitter.com/Mel11331477Luiz/status/1647042396822151168,2023-04-15T01:01:22.000Z,Fala aí quais são os do meu Paraná?,2,0,5,https://twitter.com/andrefernm/status/1647020226125365248
Geverton Gonçalves,@GevertoG,https://twitter.com/GevertoG/status/1647039226448412672,2023-04-15T00:48:46.000Z,Faça da Paraíba também,2,0,2,https://twitter.com/andrefernm/status/1647020226125365248
Scheila,@scheillamesqui1,https://twitter.com/scheillamesqui1/status/1647025957281071104,2023-04-14T23:56:03.000Z,"Andre depois faça lista por Estado, pq o que tirar o nome dessa lista gravaremos pra que não seja mais eleito",5,1,16,https://twitter.com/andrefernm/status/1647020226125365248
Asantos,@airtonsa,https://twitter.com/airtonsa/status/1647242750151077888,2023-04-15T14:17:30.000Z,Kkk é CPI é o mesmo que o assaltante contratar detetive particular para investigar o roubo! Deputados e senadores que assinarem esta farsa está se condenando.😂😂😂,0,0,0,https://twitter.com/andrefernm/status/1647020226125365248
Eliete iza,@lea99679687,https://twitter.com/lea99679687/status/1647026108519403521,2023-04-14T23:56:39.000Z,"Pena da minha Bahia, não aprendeu votar ainda .",2,0,9,https://twitter.com/andrefernm/status/1647020226125365248
Ajc/São Paulo,@Ajcsampa,https://twitter.com/Ajcsampa/status/1647251516221276160,2023-04-15T14:52:20.000Z,vamos fixar no verdadeiro bandido?,0,0,0,https://twitter.com/andrefernm/status/1647020226125365248
Elizabeth,@Elizabe90112239,https://twitter.com/Elizabe90112239/status/1647022138459553792,2023-04-14T23:40:52.000Z,"Caramba deputados da Bahia, estão abandonando seu povo, são muitos que não assinaram...",0,0,9,https://twitter.com/andrefernm/status/1647020226125365248
Claudia do Bolsonaro,@Adriana42736354,https://twitter.com/Adriana42736354/status/1647021004152029184,2023-04-14T23:36:22.000Z,"Parabéns, vamos pressionar pra ir pra cadeia os verdadeiros bandidos 👏👏👏",0,1,3,https://twitter.com/andrefernm/status/1647020226125365248
Wellington Alves,@Welling14832753,https://twitter.com/Welling14832753/status/1647041714488504320,2023-04-15T00:58:39.000Z,Obrigado pela informação,0,0,1,https://twitter.com/andrefernm/status/1647020226125365248
Leandro Hughes,@LeandroHughes5,https://twitter.com/LeandroHughes5/status/1647049359446401026,2023-04-15T01:29:02.000Z,"Triste Bahia!!
Não me representam, só me envergonham",0,0,1,https://twitter.com/andrefernm/status/1647020226125365248
Clécio Terêncio,@clecioterencio,https://twitter.com/clecioterencio/status/1647260893275717636,2023-04-15T15:29:36.000Z,"Todos os citados são da extrema esquerda ou centro esquerda, 90% dos nomes são deputados (est/fed) a + de 3 mandatos.
Como falamos na Bahia, alguns aí são pragas que não servem para nada, a não ser, gritar e falar que ninguém presta.",0,0,9,https://twitter.com/andrefernm/status/1647020226125365248
Dann Costa,@Dancstvieira,https://twitter.com/Dancstvieira/status/1647023271223734272,2023-04-14T23:45:22.000Z,"@DepArthurMaia ,e aí ???",1,0,5,https://twitter.com/andrefernm/status/1647020226125365248
Dann Costa,@Dancstvieira,https://twitter.com/Dancstvieira/status/1647023034828574722,2023-04-14T23:44:26.000Z,Essa minha Bahia só tem peça rara 😭😭😭,0,0,2,https://twitter.com/andrefernm/status/1647020226125365248
Patrícia,@arteporparte,https://twitter.com/arteporparte/status/1647981068149051392,2023-04-17T15:11:19.000Z,#CPMI08DEJANEIROJÁ,0,0,0,https://twitter.com/andrefernm/status/1647020226125365248
Juliriga,@Juliriga,https://twitter.com/Juliriga/status/1647025045087158273,2023-04-14T23:52:25.000Z,"Infelizmente, maioria da esquerda. 

Mas, @DepArthurMaia , q decepção!",1,2,7,https://twitter.com/andrefernm/status/1647020226125365248
Alisson Moreira,@extourado16,https://twitter.com/extourado16/status/1647053274934067202,2023-04-15T01:44:36.000Z,"@elmarnascimento 
Meu deputado, queremos a verdade sobre o terrorismo em Brasília, sua assinatura é importantíssima.",0,1,3,https://twitter.com/andrefernm/status/1647020226125365248
Ajc/São Paulo,@Ajcsampa,https://twitter.com/Ajcsampa/status/1647251736191533061,2023-04-15T14:53:13.000Z,olha ai,0,0,0,https://twitter.com/andrefernm/status/1647020226125365248
Ajc/São Paulo,@Ajcsampa,https://twitter.com/Ajcsampa/status/1647252448556269569,2023-04-15T14:56:02.000Z,blz vou lá aplaudir todos eles,0,0,0,https://twitter.com/andrefernm/status/1647020226125365248
KGF,@KGF71853656,https://twitter.com/KGF71853656/status/1647187211371044865,2023-04-15T10:36:49.000Z,"Deputado, parabéns, você está fazendo um trabalho excepcional.

Precisamos de mais parlamentares para ajudar nessa força tarefa divulgando os nomes dos covardes (🤑🤑🤑) que não assinaram e os que estão sendo corrompidos a tiraram seus nomes do requerimento da CPMI 8 de janeiro.",0,0,0,https://twitter.com/andrefernm/status/1647020226125365248
Paulo Santos,@leaosagaz,https://twitter.com/leaosagaz/status/1647088398086156290,2023-04-15T04:04:10.000Z,Vc é apenas um bobao cara,0,0,0,https://twitter.com/andrefernm/status/1647020226125365248
Jose Custodio,@Cus05096808Jose,https://twitter.com/Cus05096808Jose/status/1647200160424816641,2023-04-15T11:28:16.000Z,"É tempo de todos nós,os deputados e o povo correr atrás de mais assinatura urgente",0,0,0,https://twitter.com/andrefernm/status/1647020226125365248
@Nike,@Nike,https://twitter.com/Nike404372311/status/1647041294634565637,2023-04-15T00:56:59.000Z,CPMI JÁ,0,0,0,https://twitter.com/andrefernm/status/1647020226125365248
#Cpmide08dejaneiroJá #cpmi08dejaneiro2023 #,@CCConservador,https://twitter.com/CCConservador/status/1647028990689828865,2023-04-15T00:08:06.000Z,#Cpmide08dejaneiroJá  #cpmi08dejaneiro2023 #cpmi08janeiro2023,0,0,0,https://twitter.com/andrefernm/status/1647020226125365248
Mario Bainho,@MBainho,https://twitter.com/MBainho/status/1647023559586217986,2023-04-14T23:46:31.000Z,Pra cima deles!!!,0,0,0,https://twitter.com/andrefernm/status/1647020226125365248
Everton Venâncio,@tom_venancio,https://twitter.com/tom_venancio/status/1647233644119957505,2023-04-15T13:41:19.000Z,"Os que não são de esquerda,  estão e$perando o momento $$$$",0,0,0,https://twitter.com/andrefernm/status/1647020226125365248
Jucielmo Coelho,@JucielmoC,https://twitter.com/JucielmoC/status/1647252149997301763,2023-04-15T14:54:51.000Z,Obrigado. Vamos divulgar !,0,0,0,https://twitter.com/andrefernm/status/1647020226125365248
mariana,@mariana99988168,https://twitter.com/mariana99988168/status/1647329325937508354,2023-04-15T20:01:31.000Z,"Tem que assinar é a CPI dos 157 presentes , entre eles jóias valiosíssimas recebidas por Bolsonaro e guardadas pelo receptor, amigo dele.",0,0,0,https://twitter.com/andrefernm/status/1647020226125365248
RPJunior,@Rpjunior71,https://twitter.com/Rpjunior71/status/1647261905256341505,2023-04-15T15:33:37.000Z,Bahia atenção. Esse é o nipe do parlamentar que quer pousar de paladino da justiça e dos bons costumes😂,0,0,0,https://twitter.com/andrefernm/status/1647020226125365248
Blibagus,@SOUZAJC68,https://twitter.com/SOUZAJC68/status/1647261591983759362,2023-04-15T15:32:22.000Z,interessante! Quero ver quando for o oposto. E algum colega parlamentar vir na rede social dizer que vc foi contra!! Esta sua atitude é nada republicana e democrática! Não dura outro mandato!!,0,0,0,https://twitter.com/andrefernm/status/1647020226125365248
Pirilampo,@FLAVIOG39581877,https://twitter.com/FLAVIOG39581877/status/1647160154599862274,2023-04-15T08:49:18.000Z,Parabéns a eles...CPMI do circo.....,0,0,0,https://twitter.com/andrefernm/status/1647020226125365248
Francisco Duarte SDV,@FotografoDuarte,https://twitter.com/FotografoDuarte/status/1647809960548466691,2023-04-17T03:51:24.000Z,Esse por acaso é o cara que passou vergonha com as verdades e serenidade do ministro Dino!,0,0,0,https://twitter.com/andrefernm/status/1647020226125365248
Daniely,@Daniquita21,https://twitter.com/Daniquita21/status/1647265914746724354,2023-04-15T15:49:33.000Z,RASPAKU E SUAS ALUCINAÇÕES 🤪🤪🤪🤪,0,0,0,https://twitter.com/andrefernm/status/1647020226125365248
SILVANO LIMA,@silvanoogrande,https://twitter.com/silvanoogrande/status/1647383263315386370,2023-04-15T23:35:51.000Z,"Os baianos confiam na Polícia Federal. A mesma já está investigando, punindo essa bandidagem. 

Agora só falta chegar a alguns bandidos que usam gravatas.",0,0,0,https://twitter.com/andrefernm/status/1647020226125365248
Thomaz Lipparelli,@Maverick1978gt,https://twitter.com/Maverick1978gt/status/1647311729070596097,2023-04-15T18:51:36.000Z,O muleque não tem o que fazer?,0,0,0,https://twitter.com/andrefernm/status/1647020226125365248
EDmario Jobat,@edmariojobatpe,https://twitter.com/edmariojobatpe/status/1647300119627284481,2023-04-15T18:05:28.000Z,Povo da Bahia. Esse deputado já gravou vídeo ensinando a raspar o oiti.,0,0,0,https://twitter.com/andrefernm/status/1647020226125365248
TC,@rockRJ93,https://twitter.com/rockRJ93/status/1647265151828086784,2023-04-15T15:46:31.000Z,"Deputado, e como anda o processo do desligamento da transposição do Rio São Francisco?",0,0,0,https://twitter.com/andrefernm/status/1647020226125365248
deb,@Dbora19426531,https://twitter.com/Dbora19426531/status/1647354193789825024,2023-04-15T21:40:20.000Z,Vcs tem que cobrar o presidente do PL por ter deputados e senador que não assinou,0,0,0,https://twitter.com/andrefernm/status/1647020226125365248
Daniella Silva Santos,@DaniellaSilvaS8,https://twitter.com/DaniellaSilvaS8/status/1647367473916682245,2023-04-15T22:33:07.000Z,Infelizmente essa corja não vai assinar. Aqui na Bahia o PT manda 😤😤🤮🤮😪,0,0,0,https://twitter.com/andrefernm/status/1647020226125365248
Rodrigo Iran,@rodrigoiran,https://twitter.com/rodrigoiran/status/1647264842716262402,2023-04-15T15:45:17.000Z,Kkkkkkkk,0,0,1,https://twitter.com/andrefernm/status/1647020226125365248
Anderson souza,@_andersondih,https://twitter.com/_andersondih/status/1647254393891307520,2023-04-15T15:03:46.000Z,Trabalhar que é bom nada ……,0,0,0,https://twitter.com/andrefernm/status/1647020226125365248
Luiz Claudio,@luizcardoso1945,https://twitter.com/luizcardoso1945/status/1647257461777104899,2023-04-15T15:15:58.000Z,Na Bahia fascista não se cria,0,0,0,https://twitter.com/andrefernm/status/1647020226125365248
Faust,@fausthe90,https://twitter.com/fausthe90/status/1647362446854852608,2023-04-15T22:13:08.000Z,Tão lindo!😍,0,0,0,https://twitter.com/andrefernm/status/1647020226125365248
Demétrius,@Demtriumoscozo,https://twitter.com/Demtriumoscozo/status/1647261809470996484,2023-04-15T15:33:14.000Z,Sou da Bahia e daí desta lista não vejo que nenhum assinará. Todos cupinchas do pT,0,0,0,https://twitter.com/andrefernm/status/1647020226125365248
Luciano Martins,@pqdtluciano,https://twitter.com/pqdtluciano/status/1647203107460268033,2023-04-15T11:39:59.000Z,Muito bom guerreiro. Mobilização do povo já.,0,0,1,https://twitter.com/andrefernm/status/1647020226125365248
RonaldoJ-Ba,@RonaldoJBa1,https://twitter.com/RonaldoJBa1/status/1647898993559576579,2023-04-17T09:45:11.000Z,Não fazem nada pelo povo baiano. A maioria de corruptos,0,0,0,https://twitter.com/andrefernm/status/1647020226125365248
Ferrarezi,@Ferrarezisaac,https://twitter.com/Ferrarezisaac/status/1647247117910515712,2023-04-15T14:34:51.000Z,Politicos que se vendem a troco de nada !!,0,0,1,https://twitter.com/andrefernm/status/1647020226125365248
hurecane,@alfabetagam4,https://twitter.com/alfabetagam4/status/1647041347029815315,2023-04-15T00:57:12.000Z,Uma tristeza aqui na bahia. Toda a bancada praticamente,0,0,2,https://twitter.com/andrefernm/status/1647020226125365248
Rita Possamai,@possamai_rita,https://twitter.com/possamai_rita/status/1647059388874604545,2023-04-15T02:08:53.000Z,Pra variar a Bahia sempre  dando vergonha !,1,0,3,https://twitter.com/andrefernm/status/1647020226125365248
Éverton Magalhães,@EvertonFisico,https://twitter.com/EvertonFisico/status/1647242834443894790,2023-04-15T14:17:50.000Z,Aqui só tem comuna!,0,0,0,https://twitter.com/andrefernm/status/1647020226125365248
Tony Carlos,@07TonyCarlos,https://twitter.com/07TonyCarlos/status/1647253636840321026,2023-04-15T15:00:46.000Z,Vai fazer a lista dos deputados que não querem o TACLA Duran vá à Câmara?  @andrefernm,0,0,0,https://twitter.com/andrefernm/status/1647020226125365248
Fatima Regina Guth Oliveira,@GuthFatima,https://twitter.com/GuthFatima/status/1647240746146189314,2023-04-15T14:09:32.000Z,Quanta gente safada.,0,0,0,https://twitter.com/andrefernm/status/1647020226125365248
silvio cavalheiro,@sec362_silvio,https://twitter.com/sec362_silvio/status/1647254755482189826,2023-04-15T15:05:12.000Z,👏👏👏👏👏👏👏👏👏👏👏👏👏👏👏,0,0,0,https://twitter.com/andrefernm/status/1647020226125365248
TINHA QUE SER VIADO | CPX,@tinhaqserviado,https://twitter.com/tinhaqserviado/status/1647268681938763783,2023-04-15T16:00:33.000Z,"André Raspa Butico, a quantidade de vídeos que vc gravou expondo e intimidando parlamentares a assinarem a CPMI, claramente mostra que:

VOCÊS PERDERAM.

Eu sou favorável ao governo eleito, porém, aprendam que lacrar é diferente ser oposição.

O Brasil precisa de uma oposição… Mostrar mais",0,0,0,https://twitter.com/andrefernm/status/1647020226125365248
Mi,@mibadestro,https://twitter.com/mibadestro/status/1647181153382678528,2023-04-15T10:12:44.000Z,"Não espere que esses parlamentares irão assinar alguma coisa, são todos corruptos da mesma estirpe que nine fingers",0,0,1,https://twitter.com/andrefernm/status/1647020226125365248
Cris Lopes,@CristianoCalpes,https://twitter.com/CristianoCalpes/status/1647246159792971777,2023-04-15T14:31:03.000Z,"Vai trabalhar e pare de lacrar!!!
Seu salário custa muito caro pra nós!",0,0,0,https://twitter.com/andrefernm/status/1647020226125365248
Angelo Neto,@AngeloNeto100,https://twitter.com/AngeloNeto100/status/1647272083095797762,2023-04-15T16:14:04.000Z,Nessa lista só tem vagabundos corruptos lulistas e carlistas,0,0,0,https://twitter.com/andrefernm/status/1647020226125365248
Arthur Correia,@ArthurCorreia86,https://twitter.com/ArthurCorreia86/status/1647329510277218308,2023-04-15T20:02:15.000Z,"BAHIA, aprendam a raspar o c* com esse deputado desqualificado e oportunista.",0,0,0,https://twitter.com/andrefernm/status/1647020226125365248
Victor Araújo,@victooor2023,https://twitter.com/victooor2023/status/1647020697066123264,2023-04-14T23:35:09.000Z,"Mas você fez a pesquisa dos nomes no JusBrasil? Se for, já sabe!",0,0,1,https://twitter.com/andrefernm/status/1647020226125365248
Eduardo PK,@EPK0803,https://twitter.com/EPK0803/status/1647046364398862344,2023-04-15T01:17:08.000Z,"Oh, Raspaku. Ainda está com a harmonização facial só pela metade? Nosso dinheiro ainda não deu pra branquear os dentes debaixo? Vai ficar mesmo com os dentes branquinho de cavalo só em cima? Mas anda se depilando direitinho, né? Daquele jeitinho que só você sabe?",1,0,0,https://twitter.com/andrefernm/status/1647020226125365248
Democracia,@RochaRochaImob1,https://twitter.com/RochaRochaImob1/status/1647285056732291072,2023-04-15T17:05:37.000Z,"Seu BURRO!

Perseguir grande número de parlamentares, te deixa mais próximo das aulas de raspar o C*.",0,0,0,https://twitter.com/andrefernm/status/1647020226125365248
Alexandre do Mancha de Dendê,@Gonzalez_Cinema,https://twitter.com/Gonzalez_Cinema/status/1647060019551129601,2023-04-15T02:11:24.000Z,"Aqui na Bahia, Miliciano não se cria. Vá trabalhar, vagabundo!!!",0,0,0,https://twitter.com/andrefernm/status/1647020226125365248
Carlsonsan,@Carlsonsan1,https://twitter.com/Carlsonsan1/status/1647071552050016257,2023-04-15T02:57:13.000Z,Vergonha é essa ai baianos inoperantes.,0,0,0,https://twitter.com/andrefernm/status/1647020226125365248
KGF,@KGF71853656,https://twitter.com/KGF71853656/status/1647186288280305666,2023-04-15T10:33:09.000Z,"Senhores parlamentares, venho respeitosamente, pedir, encarecidamente.....SOCORRO!
Colocaram esse cachaceiro na presidência junto com sua quadrilha e estão destruindo todas as ações positivas do presidente Bolsonaro. Do jeito que vai não vai sobrar nada!",0,0,0,https://twitter.com/andrefernm/status/1647020226125365248
Alonso Cavalcante,@AlonsoCavalcan2,https://twitter.com/AlonsoCavalcan2/status/1647030499531948033,2023-04-15T00:14:06.000Z,Estes deputados são uns morcegos. Chupam o sangue e assopram. Jequié na Bahia está ferrada com 2 deputados federais desta lista.,0,0,0,https://twitter.com/andrefernm/status/1647020226125365248
Caçador de Mortadelas,@mortadelahunter,https://twitter.com/mortadelahunter/status/1647021616688164864,2023-04-14T23:38:48.000Z,"Bora André.! 
Fogooooo na esquerdalhaaaaaaaaaaaa!!!
Sem trégua pra esses vagabundos.☠️",0,0,0,https://twitter.com/andrefernm/status/1647020226125365248
Sionistas FDP!,@FredFrancesche,https://twitter.com/FredFrancesche/status/1647054823227899906,2023-04-15T01:50:45.000Z,DEUS PÁTRIA E NAZISMO,0,0,0,https://twitter.com/andrefernm/status/1647020226125365248
Claudio Evooo,@ClaudioEvooo,https://twitter.com/ClaudioEvooo/status/1647176332218957825,2023-04-15T09:53:35.000Z,TODOS OS DEPUTADOS DA DIREITA DEVERIA FAZER ISSO TAMBÉM.,0,0,0,https://twitter.com/andrefernm/status/1647020226125365248
Terra Redonda,@michaelpavoni2,https://twitter.com/michaelpavoni2/status/1647024577527050240,2023-04-14T23:50:34.000Z,Andrezinho como assim?,0,0,0,https://twitter.com/andrefernm/status/1647020226125365248
