nome,usuario,idTweet,dataPublicacao,texto,replies,retweets,likes,tweetPai
Paulo,@pccanela84,https://twitter.com/pccanela84/status/1647816962532159489,2023-04-17T04:19:13.000Z,"Então foi Bolsonaro o culpado de comprar aparelhos respiratórios na loja de maconha?
Os aparelhos foram entregues?
O culpado foi preso? 
Devolveu o dinheiro?
Esse foi um dos casos de muitos que vc e o restante da qu@drilha ficam passando desinformação.",0,0,0,https://twitter.com/BohnGass/status/1647671696755761153
SELMY ANTONIO,@AntonioSelmy,https://twitter.com/AntonioSelmy/status/1647817335737032704,2023-04-17T04:20:42.000Z,"Saiu da jaula para o palácio, depois de passar 580 dias enjaulado por corrupção.",0,0,0,https://twitter.com/BohnGass/status/1647671696755761153
Doa a quem doer,@lulaGENOCI86276,https://twitter.com/lulaGENOCI86276/status/1647756812182061058,2023-04-17T00:20:12.000Z,"As fraudes cometidas por @BohnGass na concessão de benefícios a agricultores pelo programa de incentivo à agricultura familiar do Ministério do Desenvolvimento Agrário (MDA), pode chegar a R$ 104 milhões. Os agricultores lesados continuaram pagando os empréstimos sem ter acesso..",0,0,0,https://twitter.com/BohnGass/status/1647671696755761153
KobraNews,@kobraf4,https://twitter.com/kobraf4/status/1647808535802134531,2023-04-17T03:45:44.000Z,"As fraudes cometidas por @BohnGass na concessão de benefícios a agricultores pelo programa de incentivo à agricultura familiar do Ministério do Desenvolvimento Agrário (MDA), pode chegar a R$ 104 milhões. Os agricultores lesados continuaram pagando os empréstimos sem ter acesso..",0,0,0,https://twitter.com/BohnGass/status/1647671696755761153
ABI,@ABII32561483,https://twitter.com/ABII32561483/status/1647730458384318465,2023-04-16T22:35:29.000Z,"Isso é lógico, mas quem vai bater um papo com o Lulla e explicar que as últimas falas dele são absurdas?",0,0,0,https://twitter.com/BohnGass/status/1647671696755761153
Lú Emdac,@luquintas21,https://twitter.com/luquintas21/status/1647906752157954049,2023-04-17T10:16:00.000Z,Falta de argumento e medo de oposição leva a um cidadão escreve isso…,0,0,0,https://twitter.com/BohnGass/status/1647671696755761153
DANIEL DOMINGUES,@DANIELD20172338,https://twitter.com/DANIELD20172338/status/1647699900145057793,2023-04-16T20:34:03.000Z,Espero que o LULA aprenda alguma coisa sobre a Guerra IMPERIALISTA na UCRÂNIA e para de falar sobre assuntos que ele não entende!!,0,0,0,https://twitter.com/BohnGass/status/1647671696755761153
Denise Prestes,@DenisePrestes4,https://twitter.com/DenisePrestes4/status/1647673033157402633,2023-04-16T18:47:18.000Z,"Concordo, #BolsonaroNaCadeia #bolsonarismomata #BolsonaroNaCadeia2023 #bolsonaroinelegivel",0,0,1,https://twitter.com/BohnGass/status/1647671696755761153
Luis Carlos,@luis_poderes,https://twitter.com/luis_poderes/status/1648051840691458074,2023-04-17T19:52:32.000Z,😂😂😂😂😂😂😂,0,0,0,https://twitter.com/BohnGass/status/1647671696755761153
