nome,usuario,idTweet,dataPublicacao,texto,replies,retweets,likes,tweetPai
Plinio Marcos,@plinio_gyn,https://twitter.com/plinio_gyn/status/1647679545645088768,2023-04-16T19:13:10.000Z,Nao vamos esquece os traidores !,0,0,0,https://twitter.com/andrefernm/status/1647675711287689218
*BmmB*,@BmmB2017,https://twitter.com/BmmB2017/status/1647678298355552256,2023-04-16T19:08:13.000Z,"Eis o mundo, entregue completamente ao maligno, não existe mais temor ao Deus, nem ao próximo.
Triste fim para o Brasil.",9,0,16,https://twitter.com/andrefernm/status/1647675711287689218
Vali Quintas,@ValiQuintas,https://twitter.com/ValiQuintas/status/1647762702834495490,2023-04-17T00:43:36.000Z,"Tem TROUXA que acredita em vc, Raspaku?",0,1,4,https://twitter.com/andrefernm/status/1647675711287689218
Cacá de Souza,@CacadeSouza2,https://twitter.com/CacadeSouza2/status/1647685726354432000,2023-04-16T19:37:44.000Z,"Mas não esqueceremos de jeito nenhum.
Se for preciso..... pregos cartazes em postes",0,0,1,https://twitter.com/andrefernm/status/1647675711287689218
Pedro Peron Tibery,@pedro_tibery,https://twitter.com/pedro_tibery/status/1647677665623638019,2023-04-16T19:05:42.000Z,Ja perdemos entao?? Eh isso?,4,0,1,https://twitter.com/andrefernm/status/1647675711287689218
Sergio Polo,@spsergiopolo,https://twitter.com/spsergiopolo/status/1647682939080015874,2023-04-16T19:26:39.000Z,"A missão é difícil.
Vão à luta.
Mas a perda de assinaturas demosnstrará o tamanho da podridão do congresso.",0,0,2,https://twitter.com/andrefernm/status/1647675711287689218
Renata Reimberg,@RenataReCale,https://twitter.com/RenataReCale/status/1647676601847406592,2023-04-16T19:01:28.000Z,#CPMI08DeJaneiroJa temos que pressionar!!!!,1,0,1,https://twitter.com/andrefernm/status/1647675711287689218
+1brasileira,@mais1brasileir4,https://twitter.com/mais1brasileir4/status/1647691564183965701,2023-04-16T20:00:56.000Z,👉🏾👉🏾👉🏾 SÓ VOTEM ALGUMA COISA DIA 18 DEPOIS QUE INSTAURAREM A CPMI. NÃO VOTEM NADA SE NÃO ABRIREM ESSA CPMI 👉🏾👉🏾👉🏾 SÓ VOTEM ALGUMA COISA DIA 18 DEPOIS QUE INSTAURAREM A CPMI. NÃO VOTEM NADA,1,0,12,https://twitter.com/andrefernm/status/1647675711287689218
Margarete Ramos,@Margare90535061,https://twitter.com/Margare90535061/status/1647677709605126144,2023-04-16T19:05:52.000Z,"Deixa que a consciência vai pesar! 
Já estavam mau intencionados quando ASSINARAM. São do toma lá da cá! 
Barganharam esse tempo todo para poder ganhar mais💰💰💰💰💰💰💰",0,0,1,https://twitter.com/andrefernm/status/1647675711287689218
Gabriela - Sem anistia!,@gabi_lamendola,https://twitter.com/gabi_lamendola/status/1647753601194811397,2023-04-17T00:07:26.000Z,Você já pensou em usar cera em vez de gilete?,1,0,9,https://twitter.com/andrefernm/status/1647675711287689218
FÁBIO DIAS FORA LULA LADRÃO.,@fabio26964116,https://twitter.com/fabio26964116/status/1647683142650671106,2023-04-16T19:27:28.000Z,"Caralh@ deputado, o senhor tá nos dando o maior orgulho, algo que há anos um deputado não nos dá, só Jair Bolsonaro superou o senhor!",1,1,17,https://twitter.com/andrefernm/status/1647675711287689218
Viktor Vargas Fizoéle,@Viktor13Vargas,https://twitter.com/Viktor13Vargas/status/1647684150332121089,2023-04-16T19:31:28.000Z,"Eles quiseram jogar o país em uma guerra civil. 
Agora estão com o kupiskando, pois terão que prestar contas por terem incitado os atentados contra a depocracia em 8/1.
É inadimíssivem que paguemos o salário de golpistas, e que eles permaneçam no Parlamento.
FORA GOPISTAS!",1,3,20,https://twitter.com/andrefernm/status/1647675711287689218
Wendell Santos,@Wendell_JRS,https://twitter.com/Wendell_JRS/status/1647689191747121156,2023-04-16T19:51:30.000Z,Inocentes? Pqp.,0,0,3,https://twitter.com/andrefernm/status/1647675711287689218
Juan Valencia,@juancgval,https://twitter.com/juancgval/status/1647766681517715456,2023-04-17T00:59:25.000Z,"Queremos ver a lista dos generais, brigadeiros, almirantes, coronéis q serão convocados a depor. Vai ser um regozijo. Ou saem de lá presos ou  entregam o chefe que deu a ordem de apoiar atos terroristas.",0,1,6,https://twitter.com/andrefernm/status/1647675711287689218
Rosy,@Rosy190278,https://twitter.com/Rosy190278/status/1647898780115644417,2023-04-17T09:44:20.000Z,"O deputado Raspaku tem ido visitar os golpistas? 
Quantas vezes esteve lá?
E o mituuu, já foi visitar o rebanho?

Quer dizer que ficaram 2 meses na porta dos quartéis, estão presos desde janeiro e até agora não receberam a visita do Raspaku e do Rei do gado?

BEM FEITOOOOOO!!!",0,0,4,https://twitter.com/andrefernm/status/1647675711287689218
🅳🅴🆄🆂🅻🅸🅴🆁🅳🅳,@potyraflortupi,https://twitter.com/potyraflortupi/status/1647730301559353345,2023-04-16T22:34:51.000Z,Com esse SARCÓFAGO não precisarão  de voto do POVO ja estão escolhidos com antecedência.  ACORDA POVO. E  OS QUE FORAM ELEITOS NAO FALAM NEM EM MUDANCA ATE AGORA. ACORDA POVO.,0,1,1,https://twitter.com/andrefernm/status/1647675711287689218
Doce Brasileira,@docebrasileira,https://twitter.com/docebrasileira/status/1647688118856830981,2023-04-16T19:47:14.000Z,Estaremos atentos a quem retirar as assinaturas. No próximo ano haverá eleições e aliados e partidos traidores NÃO serão esquecidos. Vamos dar o troco! O desgoverno está em ruínas.,0,1,5,https://twitter.com/andrefernm/status/1647675711287689218
Mizael Conta 2,@MizaeldoBrasil,https://twitter.com/MizaeldoBrasil/status/1647683473732247552,2023-04-16T19:28:47.000Z,"São tão inocentes, que estão na cadeia. Em breve vc tbm estará!",1,0,17,https://twitter.com/andrefernm/status/1647675711287689218
CARDOSO SILVA,@JosCardosodaS11,https://twitter.com/JosCardosodaS11/status/1647748214043426816,2023-04-16T23:46:02.000Z,Eu disse que não ia ter CPMI de 8 de janeiro,0,1,1,https://twitter.com/andrefernm/status/1647675711287689218
TiadoZap Patriota #BOLSO2026 (SDV),@tiadozapatriota,https://twitter.com/tiadozapatriota/status/1647679640750661632,2023-04-16T19:13:33.000Z,Não mesmo...,0,0,1,https://twitter.com/andrefernm/status/1647675711287689218
Rômullo Gurgel,@RomulloGurgel,https://twitter.com/RomulloGurgel/status/1647676369948622850,2023-04-16T19:00:33.000Z,"Deputado, o senhor ja esta noticiando a derrota?",1,0,7,https://twitter.com/andrefernm/status/1647675711287689218
Mirian Dias,@MirianSyDias,https://twitter.com/MirianSyDias/status/1647696802697674754,2023-04-16T20:21:45.000Z,"Se a CPMI naufragar, a melhor resposta será aprovar uma PEC do voto auditavel, votar o fim do foro privilegiado q está parado desde 2017 tirando o S5TF o poder de barganha. Sem isso, nada poderá ser feito em relação a esses traidores do povo.",4,1,10,https://twitter.com/andrefernm/status/1647675711287689218
Henrique,@Henriqu76418055,https://twitter.com/Henriqu76418055/status/1647694289634308096,2023-04-16T20:11:45.000Z,"Retirar a assinatura no último, mostrará o com mau caráter é essa pessoa. 
Espero que não aconteça!",0,0,4,https://twitter.com/andrefernm/status/1647675711287689218
Andrea Barreto,@AndreaB85605871,https://twitter.com/AndreaB85605871/status/1647689506173202432,2023-04-16T19:52:45.000Z,"Se vc tá assim falando de retribuição em 2024/26, a coisa deve estar complicada mesmo.",0,0,2,https://twitter.com/andrefernm/status/1647675711287689218
𝐻𝑎𝑐𝑘𝑒𝑟 𝐹𝑢𝑙𝑙 𝑝𝑖𝑠𝑡𝑜𝑙𝑎;B͜͡𝟐𝟐,@pr_bolsonaro,https://twitter.com/pr_bolsonaro/status/1647684448127680515,2023-04-16T19:32:39.000Z,O povo deveria organizar uma manifestação pedindo para que os deputados apoiem essa CPMI,1,0,4,https://twitter.com/andrefernm/status/1647675711287689218
Guilherme,@GuiAlecio,https://twitter.com/GuiAlecio/status/1647681444649525250,2023-04-16T19:20:43.000Z,"UIII que vingativo, mobiliza sim... Vocês não conseguiram nem reeleger o Bolsonaro KKKKKKKKKKKKKKKKJJJJ",0,0,1,https://twitter.com/andrefernm/status/1647675711287689218
DaNiLo,@da_nilosp,https://twitter.com/da_nilosp/status/1647696261179424773,2023-04-16T20:19:36.000Z,"Quebraram Brasília, ficaram na frente dos quartéis por meses pedindo golpe, agora vem um deputado q apoio td isso, dizendo q são inocentes, só no Brasil msm essa batifaria",0,0,17,https://twitter.com/andrefernm/status/1647675711287689218
Plinio P.P.,@PlinioPei1,https://twitter.com/PlinioPei1/status/1647676190394597378,2023-04-16T18:59:50.000Z,"Deputado você é um exemplo para todos nós que somos pela verdadeira democracia, parabéns.😃👏🏻👏🏻👏🏻👏🏻🇧🇷🇧🇷🇧🇷",4,0,4,https://twitter.com/andrefernm/status/1647675711287689218
Charles Maximiliano,@CharlesMaximil6,https://twitter.com/CharlesMaximil6/status/1647676997991120899,2023-04-16T19:03:03.000Z,Só quero saber por que vocês não expõem o Kassab em público. Ele é o traidor do Brasil agora.,0,1,15,https://twitter.com/andrefernm/status/1647675711287689218
Nicézio R. Borges,@NrbjB,https://twitter.com/NrbjB/status/1647769313707716612,2023-04-17T01:09:53.000Z,"Se continuar estas “confiáveis e seguras” ¥rnas do “confiável e transparente “ T$3 não haverá 2024/26 para a direita nos Brasil. 
Será que estão todos cegos ,ou a covardia tornou-se marca registrada no Parlamento Brasileiro.
Se a esquerda tomar o poder nos Municípios. Adeus 2026",0,1,2,https://twitter.com/andrefernm/status/1647675711287689218
Marcia Carapinha,@CarapinhaMarcia,https://twitter.com/CarapinhaMarcia/status/1647713794045493248,2023-04-16T21:29:16.000Z,As cadeias estão lotadas de santinhos e inocentes.🤣🤣🤣,0,1,3,https://twitter.com/andrefernm/status/1647675711287689218
Sérgio kruke,@kruke1,https://twitter.com/kruke1/status/1647807965372596225,2023-04-17T03:43:28.000Z,"Meu amigo parabéns pelo Excelente trabalho Parlamentar que vens fazendo. Quanto a esses nomes aqui do Amazonas, infelizmente todos esses que vc nominou e ainda não assinaram estão entrelaçados na aliança esquerdista aqui no Estado .",0,1,14,https://twitter.com/andrefernm/status/1647675711287689218
Frank M.M,@FrankMelloMota1,https://twitter.com/FrankMelloMota1/status/1647677117197348870,2023-04-16T19:03:31.000Z,Estamos todos de olho nessas retiradas!#CPMISim,0,0,5,https://twitter.com/andrefernm/status/1647675711287689218
Eu sou,@inelegivel26,https://twitter.com/inelegivel26/status/1647895680344547328,2023-04-17T09:32:01.000Z,"Só gente do ""bem""",0,0,2,https://twitter.com/andrefernm/status/1647675711287689218
Glauco,@The_Mr_Crowley,https://twitter.com/The_Mr_Crowley/status/1647742258412675072,2023-04-16T23:22:22.000Z,Ui.. que medo!! 😂😂,0,0,3,https://twitter.com/andrefernm/status/1647675711287689218
Gi,@GildaTeixeira7,https://twitter.com/GildaTeixeira7/status/1647689676755542017,2023-04-16T19:53:26.000Z,Muito bom. Faremos exposição de TODOS os traíras que não querem saber a verdade e preferiram se vender #estamosdeolhonocongresso,0,3,8,https://twitter.com/andrefernm/status/1647675711287689218
ZÉ DO GOL,@leandrovianas,https://twitter.com/leandrovianas/status/1647906344941355010,2023-04-17T10:14:23.000Z,Vai procurar as joias do seu patrao.,0,0,1,https://twitter.com/andrefernm/status/1647675711287689218
Elias Abensur,@EliasAbensur,https://twitter.com/EliasAbensur/status/1647752460398735363,2023-04-17T00:02:54.000Z,"De raspar o toba tu manja, né?",3,0,13,https://twitter.com/andrefernm/status/1647675711287689218
shinigami no shi,@shinigami2018,https://twitter.com/shinigami2018/status/1647810539014303746,2023-04-17T03:53:41.000Z,Sim farei minha parte relembrando o povo quando chegar na época das eleições.,0,1,0,https://twitter.com/andrefernm/status/1647675711287689218
Cristina,@EstFati,https://twitter.com/EstFati/status/1647759840234688512,2023-04-17T00:32:14.000Z,Preso inocente ?,0,0,1,https://twitter.com/andrefernm/status/1647675711287689218
Andrew B. B.,@Andrewb2b,https://twitter.com/Andrewb2b/status/1647779872394158081,2023-04-17T01:51:50.000Z,"Mas aí é que está a questão principal.! Será mesmo que haverá governo em 2026? Será que ainda vivemos em uma democracia? Se pensar bem a escolha do povo por seus representantes nada significa, uma vez que quem assume não é o votado e sim o escolhido pelos partidos. E quem manda ?",1,1,1,https://twitter.com/andrefernm/status/1647675711287689218
JORGE L S RIBEIRO,@coljorgevolley,https://twitter.com/coljorgevolley/status/1647761653956595713,2023-04-17T00:39:26.000Z,Com certeza Deputado.  É importante que isso seja feito.,0,0,1,https://twitter.com/andrefernm/status/1647675711287689218
Le Araujo,@LeniraAraujo2,https://twitter.com/LeniraAraujo2/status/1647680282416361474,2023-04-16T19:16:06.000Z,"Cobrem dos senadores a cassação de Rodrigo Pacheco, ele é o culpado de tudo que aconteceu e está acontecendo.",3,0,8,https://twitter.com/andrefernm/status/1647675711287689218
Elton Moraes,@Elton1moraes,https://twitter.com/Elton1moraes/status/1647697956588355584,2023-04-16T20:26:20.000Z,Bandidagem mudou de nome! Agora são inocentes presos 🤔,0,0,2,https://twitter.com/andrefernm/status/1647675711287689218
Guero,@iagoSil47318486,https://twitter.com/iagoSil47318486/status/1647685670410829825,2023-04-16T19:37:31.000Z,Ta raspadinho ai dentro do armário?,0,0,3,https://twitter.com/andrefernm/status/1647675711287689218
R Luiz,@RLuiz_72,https://twitter.com/RLuiz_72/status/1647724001718837250,2023-04-16T22:09:49.000Z,Esses terao q ser lembrados!!,0,0,0,https://twitter.com/andrefernm/status/1647675711287689218
𝒪𝓊𝓇 𝒫𝑒𝑜𝓅𝓁𝑒,@_mandalorian_Z,https://twitter.com/_mandalorian_Z/status/1647684229629706240,2023-04-16T19:31:47.000Z,Exatamente.,0,0,0,https://twitter.com/andrefernm/status/1647675711287689218
CRISLÂNIO CAVALCANTE DA SILVA,@Crislanio12,https://twitter.com/Crislanio12/status/1647676063793782792,2023-04-16T18:59:20.000Z,Toba na mão ✋,1,0,1,https://twitter.com/andrefernm/status/1647675711287689218
Ricardo,@Ricardocwb1977,https://twitter.com/Ricardocwb1977/status/1647711163419901952,2023-04-16T21:18:49.000Z,"Tá caindo a ficha da merda que fizeram? Cara, por favor, deixem de serem amadores...",0,0,0,https://twitter.com/andrefernm/status/1647675711287689218
@IroneGuedes,@IroneGuedes,https://twitter.com/GuedesIrone/status/1647743115032252417,2023-04-16T23:25:46.000Z,Se tirarem os seus nomes o povo Brasileiro vai devolver nas urnas.🇧🇷🇧🇷🇧🇷🇧🇷🇧🇷🇧🇷🇧🇷🇧🇷,0,1,0,https://twitter.com/andrefernm/status/1647675711287689218
Gabinete Real,@RealGabinete,https://twitter.com/RealGabinete/status/1647698877003485184,2023-04-16T20:29:59.000Z,"Em maio ninguém saberá o que era ou foi 8 de janeiro…CPMI…?

Q isso?🤌🤪🤡",0,0,0,https://twitter.com/andrefernm/status/1647675711287689218
Paulo,@PauloAchkar,https://twitter.com/PauloAchkar/status/1647687725032648706,2023-04-16T19:45:40.000Z,Não vamos esquecer mesmo!! 2026 está próximo,0,0,0,https://twitter.com/andrefernm/status/1647675711287689218
#22# Marcos Santos,@markeka_mar,https://twitter.com/markeka_mar/status/1647744360891465728,2023-04-16T23:30:43.000Z,É isso mesmo...,0,0,0,https://twitter.com/andrefernm/status/1647675711287689218
larápio americano,@SamiMartins64,https://twitter.com/SamiMartins64/status/1647704267958919169,2023-04-16T20:51:25.000Z,"Devemos focar nos verdadeiros responsáveis por toda merda que está acontecendo e ainda virá, nossas forças armadas. Se tivéssemos eleições transparentes, nenhum retirava as assinaturas.",0,0,0,https://twitter.com/andrefernm/status/1647675711287689218
Missionário Denis,@sgtdenis14,https://twitter.com/sgtdenis14/status/1648037780449030161,2023-04-17T18:56:40.000Z,"Você é um bom exemplo caro Deputado força estamos juntos,o meu Deputado é o Pr Gil que retirou o nome depois assinou de novo",0,0,0,https://twitter.com/andrefernm/status/1647675711287689218
Isabel Bortolin,@IsabelBortolin,https://twitter.com/IsabelBortolin/status/1647768904679211008,2023-04-17T01:08:15.000Z,Deputado tem que divulgar em letras gigantes nas redes sociais para repostarmos  .,0,0,0,https://twitter.com/andrefernm/status/1647675711287689218
CARLOS MAGNO CAMPÃO SOARES,@campao1969,https://twitter.com/campao1969/status/1647773593722400770,2023-04-17T01:26:53.000Z,Em 2026 tu volta a postar vídeos ensinando a depilar o cooolllll.,0,0,0,https://twitter.com/andrefernm/status/1647675711287689218
Telma araujo,@telmaliana,https://twitter.com/telmaliana/status/1647980981737930755,2023-04-17T15:10:58.000Z,Vamos às ruas dia 1º de maio,0,0,0,https://twitter.com/andrefernm/status/1647675711287689218
Habib Paraty,@HabibParaty,https://twitter.com/HabibParaty/status/1647688985592954882,2023-04-16T19:50:41.000Z,O Brasil tá de OLHO 👁🇧🇷👁🇧🇷👁🇧🇷👁,0,0,0,https://twitter.com/andrefernm/status/1647675711287689218
maynha.ma,@swetkitten,https://twitter.com/swetkitten/status/1647722907982782466,2023-04-16T22:05:29.000Z,Inocentes? Terrorista mudou de nome?,0,0,0,https://twitter.com/andrefernm/status/1647675711287689218
Aurora,@AuroraCtaReserv,https://twitter.com/AuroraCtaReserv/status/1647735584302018565,2023-04-16T22:55:51.000Z,⚠️ #CPMI08dejaneiroja  ⚠️,0,0,0,https://twitter.com/andrefernm/status/1647675711287689218
𝔹𝕖𝕣𝕟𝕒𝕣𝕕𝕠 𝔾𝕦𝕚𝕞𝕒𝕣𝕒𝕖𝕤,@BernardoJGF,https://twitter.com/BernardoJGF/status/1647755626041204736,2023-04-17T00:15:29.000Z,Esses serão eleitos a prefeitos e reeleitos a deputados... Parabéns a todos!!!!,0,0,0,https://twitter.com/andrefernm/status/1647675711287689218
Dane Nr,@DaianeNRamos1,https://twitter.com/DaianeNRamos1/status/1647685715054977024,2023-04-16T19:37:41.000Z,Exatamente. No final estamos no mesmo barco... E no momento os parlamentares precisam do povo..,0,0,1,https://twitter.com/andrefernm/status/1647675711287689218
Ronaldo Eisele,@EiseleRonaldo,https://twitter.com/EiseleRonaldo/status/1647731847718133760,2023-04-16T22:41:00.000Z,"Estamos juntos nessa, além de não votar mais neles faremos campanha contra",0,0,0,https://twitter.com/andrefernm/status/1647675711287689218
Katia Piva,@KatiaPiva4,https://twitter.com/KatiaPiva4/status/1647705298495258633,2023-04-16T20:55:30.000Z,Por favor @andrefernm ! Não deixe eles cairem no esquecimento 😢😢😢😢,0,0,0,https://twitter.com/andrefernm/status/1647675711287689218
Allan Carlos,@AllanCarlosLima,https://twitter.com/AllanCarlosLima/status/1647675978263457793,2023-04-16T18:59:00.000Z,Quem tirou @andrefernm ?,0,0,0,https://twitter.com/andrefernm/status/1647675711287689218
Ingrid Argolo,@IngridArgolo1,https://twitter.com/IngridArgolo1/status/1647676686710759425,2023-04-16T19:01:49.000Z,"Isso aí, eles jamais serão esquecidos.",0,0,0,https://twitter.com/andrefernm/status/1647675711287689218
Max,@Maxsjdrp,https://twitter.com/Maxsjdrp/status/1647677225527918593,2023-04-16T19:03:57.000Z,Kkkkkkkkkkkk💎💍💎💍💎💍💎🥳🥳🥳🥳🥳🥳🥳,0,0,0,https://twitter.com/andrefernm/status/1647675711287689218
Max,@Maxsjdrp,https://twitter.com/Maxsjdrp/status/1647677498103087107,2023-04-16T19:05:02.000Z,Inocentes tão é trabalhando é tentando pagar o salário d vcs q é uma afronta a população 💎💍🤮🤮🤮🤮,0,0,0,https://twitter.com/andrefernm/status/1647675711287689218
Marcia de Oliveira,@Marciad54476138,https://twitter.com/Marciad54476138/status/1647682310651666437,2023-04-16T19:24:09.000Z,André não se esqueça disso!,0,0,0,https://twitter.com/andrefernm/status/1647675711287689218
Fabiano Moreira,@Fabianogordal,https://twitter.com/Fabianogordal/status/1647685737955852289,2023-04-16T19:37:47.000Z,"Deputado @andrefernm ,  o teor dessa postagem é preocupante!!!
Já estão sabendo de algo que não sabemos?",0,0,0,https://twitter.com/andrefernm/status/1647675711287689218
Jhonny Rezende,@jhonny_rezende9,https://twitter.com/jhonny_rezende9/status/1647692272845168646,2023-04-16T20:03:45.000Z,Isso msmo vamos compartilhar nas eleições !!,0,0,0,https://twitter.com/andrefernm/status/1647675711287689218
Karol Kist,@KarolKist,https://twitter.com/KarolKist/status/1647736417768841218,2023-04-16T22:59:10.000Z,"Pelo amor de Deus, lutem pela CPMI é nossa única esperança",0,0,0,https://twitter.com/andrefernm/status/1647675711287689218
IvGres,@gres_iv2964,https://twitter.com/gres_iv2964/status/1647769424349257728,2023-04-17T01:10:19.000Z,#estamosdeolhonocongresso Traidores não serão perdoados! Queremos a verdade! Que a justiça seja feita!,0,0,0,https://twitter.com/andrefernm/status/1647675711287689218
Vladi,@v1v9v7v3,https://twitter.com/v1v9v7v3/status/1647780771271258113,2023-04-17T01:55:24.000Z,Faz o vídeo por Estado de quem retirou a assinatura!,0,0,0,https://twitter.com/andrefernm/status/1647675711287689218
Ivan Lima,@IvanLima0410,https://twitter.com/IvanLima0410/status/1647792746059517958,2023-04-17T02:42:59.000Z,Se algum de Manaus tirar o nome da CPMI eu vou falar quem é,0,0,0,https://twitter.com/andrefernm/status/1647675711287689218
Magda Sara,@mgsara0905,https://twitter.com/mgsara0905/status/1647795603705823232,2023-04-17T02:54:21.000Z,👏👏👏 pela iniciativa,0,0,0,https://twitter.com/andrefernm/status/1647675711287689218
Welinton Dias,@WelintonDias12,https://twitter.com/WelintonDias12/status/1647921515533402112,2023-04-17T11:14:40.000Z,Excelente. Traidores precisam ser desmascarados...,0,0,0,https://twitter.com/andrefernm/status/1647675711287689218
Gabriela Silva,@Gabriel46257306,https://twitter.com/Gabriel46257306/status/1647940411837620224,2023-04-17T12:29:46.000Z,Quais são os nomes ?,0,0,0,https://twitter.com/andrefernm/status/1647675711287689218
Antipt,@Antipt806147382,https://twitter.com/Antipt806147382/status/1647959828927590408,2023-04-17T13:46:55.000Z,Está na hora de agitar a população para um protesto,0,0,0,https://twitter.com/andrefernm/status/1647675711287689218
Gabriel Alves,@GaCalvesjr,https://twitter.com/GaCalvesjr/status/1647973831703769088,2023-04-17T14:42:34.000Z,"Torcendo pela sua prisão pequeno gafanhoto, apoiador do golpe de 08/01",0,0,0,https://twitter.com/andrefernm/status/1647675711287689218
Gleidson Moraes,@gleidson_mn,https://twitter.com/gleidson_mn/status/1648011744751624192,2023-04-17T17:13:13.000Z,Inacreditável,0,0,0,https://twitter.com/andrefernm/status/1647675711287689218
Moara Ribeiro,@MoaraRibeiro09,https://twitter.com/MoaraRibeiro09/status/1648033883856818176,2023-04-17T18:41:11.000Z,Precisa aprender: que pra ser oposição tem ser exemplo e vcs JMAIAS SERÃO !.,0,0,0,https://twitter.com/andrefernm/status/1647675711287689218
Ina Zanin,@InajaraZanin,https://twitter.com/InajaraZanin/status/1647699487450624001,2023-04-16T20:32:25.000Z,Eu vou fazer questão de divulgar todos os que retiraram.,0,0,1,https://twitter.com/andrefernm/status/1647675711287689218
Ana Marques,@marquesana_1,https://twitter.com/marquesana_1/status/1647700662711451649,2023-04-16T20:37:05.000Z,Parabéns! Não terão paz!,0,0,1,https://twitter.com/andrefernm/status/1647675711287689218
#CriminalizaçãoDoComunismo FORA LULA,@JLBIASE,https://twitter.com/JLBIASE/status/1647703488141357056,2023-04-16T20:48:19.000Z,"André. Se retiraram os nomes da lista é porque teve proprina. 
Isso tem que ser investigado. 
Mensalão. 
Tá bastante claro isso.",0,0,4,https://twitter.com/andrefernm/status/1647675711287689218
Adriano Paiva Martins,@AdrianoPaivaMa2,https://twitter.com/AdrianoPaivaMa2/status/1647777290158317568,2023-04-17T01:41:34.000Z,"Pior  é deputado federal falando do dia 8 e pedindo punição, mas não assina a CPMI, ou seja, típica tentativa de enganar a opinião pública pela esquerda. E outro querendo o depoimento do Bolsonaro?  CPMI já!!",0,1,1,https://twitter.com/andrefernm/status/1647675711287689218
Martinha Bang Méziat,@MeziatMarta,https://twitter.com/MeziatMarta/status/1647743605212168192,2023-04-16T23:27:43.000Z,"Desespero batendo!!!! 
Dep raspakoo!!!",1,0,0,https://twitter.com/andrefernm/status/1647675711287689218
Fabiana,@CastelliFabi,https://twitter.com/CastelliFabi/status/1647976790785249280,2023-04-17T14:54:19.000Z,"Obrigada @andrefernm 
Continue assim, corajoso , defendendo os princípios morais da MAIORIA dos brasileiros, em defesa dos patriotas q estão sem liderdade e nos dando VOZ
Infelizmente não podemos esperar 2024 e 2026 para salvar nossa nação.
Podemos não ter uma nação até lá 💔🤦🏻‍♀️😢",0,0,1,https://twitter.com/andrefernm/status/1647675711287689218
Sávio Siqueira,@saviosiqueira,https://twitter.com/saviosiqueira/status/1647679255830994949,2023-04-16T19:12:01.000Z,"Fala o deputado rapakoo, grande defensor dos envolvidos nos atos terroristas de 8 de janeiro.",1,0,14,https://twitter.com/andrefernm/status/1647675711287689218
Marcelo Lemos,@Marcelo40464992,https://twitter.com/Marcelo40464992/status/1647678753034711041,2023-04-16T19:10:01.000Z,Sem perdão para os traidores e covardes! Devem ter seus nomes expostos ao máximo 🇧🇷🇧🇷🇧🇷💪🏻💪🏻💪🏻#CPMI,0,0,0,https://twitter.com/andrefernm/status/1647675711287689218
Cecilia Truth,@ceciliamakoto1,https://twitter.com/ceciliamakoto1/status/1647917339072143361,2023-04-17T10:58:05.000Z,"Os bolsonaristas destruíram as sedes dos três poderes, os bolsonaristas financiaram terroristas para ir e ficar em Brasília, o Bolsonaro incentivou e seu ministro da justiça ajudou no planejamento e execução da tentativa de golpe e os canalhas bolsonaristas querem culpar quem?",0,0,0,https://twitter.com/andrefernm/status/1647675711287689218
Evandro Bandeira,@EvandroBandeir4,https://twitter.com/EvandroBandeir4/status/1647680655227060225,2023-04-16T19:17:35.000Z,"Esse bosta é aqui do Pará,,,👇💩🤮🤡",0,15,23,https://twitter.com/andrefernm/status/1647675711287689218
Marcelo Berbara,@BarboraMarcelo,https://twitter.com/BarboraMarcelo/status/1647679942409310211,2023-04-16T19:14:45.000Z,Alguém já retirou? Vai expondo os vagabundos.,0,0,1,https://twitter.com/andrefernm/status/1647675711287689218
Demetrius De Maria ♡,@Demetri57091185,https://twitter.com/Demetri57091185/status/1647763885263339520,2023-04-17T00:48:18.000Z,"$$$$$$$$$$$$$$$$$$$$$$$$$$$$$$$$$$$$$$$$$$$$$$$$$$$$$$
Vai ficar por isso mesmo...
Luladrão já vacilou nas pedaladinhas...
$$$$$$$$$$$$$$$$$$$$$$$$$$$$$$$$$$$$$$$$$$$$$$$$$$$$$$",0,0,0,https://twitter.com/andrefernm/status/1647675711287689218
Teresinha,@Teresin41091192,https://twitter.com/Teresin41091192/status/1648113639847542789,2023-04-17T23:58:06.000Z,Vamos expô-los em todas as redes que pudermos.,0,0,0,https://twitter.com/andrefernm/status/1647675711287689218
Marco Genovez,@marcogenovez15,https://twitter.com/marcogenovez15/status/1647772972583665672,2023-04-17T01:24:25.000Z,Vai trabalhar desocupado,0,0,0,https://twitter.com/andrefernm/status/1647675711287689218
Oshiro,@Oshiro1967078,https://twitter.com/Oshiro1967078/status/1647797586181632002,2023-04-17T03:02:13.000Z,Falou andre raspa caneco,0,0,0,https://twitter.com/andrefernm/status/1647675711287689218
direita avante,@ValdetteC33636,https://twitter.com/ValdetteC33636/status/1647966058429464576,2023-04-17T14:11:40.000Z,O quê? Se isso acontecer vcs deixarão por isso mesmo? Não foi pra isso que os elegemos!!,0,0,0,https://twitter.com/andrefernm/status/1647675711287689218
Cris,@CrisFS8,https://twitter.com/CrisFS8/status/1647967468533497856,2023-04-17T14:17:16.000Z,Nao iremos esquecer de todos eles!!#CPMI08dejaneiro#CPMI08dejaneiroja,0,0,0,https://twitter.com/andrefernm/status/1647675711287689218
MARCOS VARGAS,@MARCOSV64957579,https://twitter.com/MARCOSV64957579/status/1648109592138641417,2023-04-17T23:42:01.000Z,CPI para descobrir o que todo mundo já sabe! Que um bando de doidinho do bairro Bolsonaristas! Se juntaram para meter o Loko?! Vai trabalhar!,0,0,0,https://twitter.com/andrefernm/status/1647675711287689218
Santos Yeshua,@SantosYeshua888,https://twitter.com/SantosYeshua888/status/1648352837250809859,2023-04-18T15:48:35.000Z,"MEU DEPUTADO ISSO É UMA VERGONHA  NÃO É UM CABARÉ OU PIOR PACHECO MANDA E DESMANDA E NINGUÉM FAZ NADA ? 
ESSE VAGABUNDO DO PACHECO QUE ELE É  UM PAU MANDADO DO LULAU POR MILHÕES DE REAIS?",0,0,0,https://twitter.com/andrefernm/status/1647675711287689218
O Andarilho,@OAndarilho16,https://twitter.com/OAndarilho16/status/1647928517550587906,2023-04-17T11:42:30.000Z,"""traidores""? Quer dizer que, vc é o paladino da moral, né?  Vc tem a densidade intelectual de um pires, não conhece o processo legislativo, busca fontes como Jusbrasil para tentar atacar ministros, quebra microfone público e é Bolsonarista. Se toca.",0,0,0,https://twitter.com/andrefernm/status/1647675711287689218
André Paulo da Cruz,@ApavimelCruz,https://twitter.com/ApavimelCruz/status/1647783056139341824,2023-04-17T02:04:29.000Z,"Ainda essa estória de povo brasileiro?
Só mostra 210 milhões
156 mi de eleitores aptos
60 mi votaram no Lula e metade deles não gostam do Lula nem do Bolsonaro.
58 mi votaram no Bolsonaro e metade deles não gostam do Bolsonaro nem do Lula.
De que povo você está falando?",0,0,0,https://twitter.com/andrefernm/status/1647675711287689218
Lilinho,@WLilinho,https://twitter.com/WLilinho/status/1647690282660503552,2023-04-16T19:55:50.000Z,"A campanha tem que ser contra o Partido, o partido que incentivar ou determinar a retirada de assinaturas jamais terá o meu voto ou o de minha família, se depender de mim será extinto ou se tornara NANICO.",0,1,2,https://twitter.com/andrefernm/status/1647675711287689218
abesoddysee,@oddyseeabes,https://twitter.com/oddyseeabes/status/1647765962668617728,2023-04-17T00:56:34.000Z,"Os patriota tentaram explodir o aeroporto na noite de natal cara, nao existe nada pior do q isso, não vai passar em branco, não vai ser esquecido, vcs todos vão pagar, segura o BO de vcs",0,0,0,https://twitter.com/andrefernm/status/1647675711287689218
Marcelo Costaᅠᅠᅠᅠᅠᅠᅠᅠᅠᅠᅠᅠᅠᅠᅠᅠᅠᅠᅠᅠᅠᅠᅠᅠᅠᅠᅠᅠᅠᅠᅠᅠ,@marcelocostabh,https://twitter.com/marcelocostabh/status/1647678380970500096,2023-04-16T19:08:33.000Z,"""Inocentes""👇",1,0,1,https://twitter.com/andrefernm/status/1647675711287689218
ricardo,@r11_ricardo,https://twitter.com/r11_ricardo/status/1647772240455294976,2023-04-17T01:21:30.000Z,"Principalmente os bardeneiroa que estavam lá em apoio ao golpe e que por ventura não conseguiram quebrar nada merecem o perdão né? 
Bando de vagabundo devem pagar e ha ainda os militares que fugiram durante a madrugada de segunda",0,0,0,https://twitter.com/andrefernm/status/1647675711287689218
Brasil Sempre!,@Brasil1945,https://twitter.com/Brasil1945/status/1647975720767967233,2023-04-17T14:50:04.000Z,"E vocês são fracos.

Não conseguem vencer um cara sozinho...

Deputados e senadores são FRACOS 
FRACOS",0,0,0,https://twitter.com/andrefernm/status/1647675711287689218
Tiago Meirelles,@TMeirelles23,https://twitter.com/TMeirelles23/status/1647730699804319745,2023-04-16T22:36:26.000Z,"Assim como na minha bio eu reitero, não espere nada do homem, poucos se salvam, a maioria dos políticos são raposas cuidando do galinheiro.",0,0,0,https://twitter.com/andrefernm/status/1647675711287689218
O BRUXO,@Andreibigo01,https://twitter.com/Andreibigo01/status/1647738109847633921,2023-04-16T23:05:53.000Z,"Vcs vivem de ameaçar as pessoas, sai fora seu chupa ovo.",0,0,0,https://twitter.com/andrefernm/status/1647675711287689218
Paulo Cesar,@PauloCs53510903,https://twitter.com/PauloCs53510903/status/1647719163127799810,2023-04-16T21:50:36.000Z,"André, estamos atentos também. Vamos divulgar e denunciar todos os parlamentares que não assinaram,e/ou que retirarem as assinaturas.

Não daremos trégua 👊👊#CPMI08dejaneiro",0,0,0,https://twitter.com/andrefernm/status/1647675711287689218
Vanda Batista,@VandaBa97042404,https://twitter.com/VandaBa97042404/status/1647681482549231616,2023-04-16T19:20:52.000Z,#CPMI08DEJANEIROJÁ,0,0,0,https://twitter.com/andrefernm/status/1647675711287689218
Sven Van den Berg,@Renatemactosh,https://twitter.com/Renatemactosh/status/1647684580327972869,2023-04-16T19:33:11.000Z,"Não esqueceremos vcs que na estão trabalhando e só pensam em CPI como revanchismo. Já tem MPF, POLÍCIA FEDERAL, PROCURADORIA, TCU, CGU, STF...
VÃO ARRUMAR O QUE FAZER",0,0,0,https://twitter.com/andrefernm/status/1647675711287689218
Sionistas FDP!,@FredFrancesche,https://twitter.com/FredFrancesche/status/1647718034964922369,2023-04-16T21:46:07.000Z,RASPAKU GUSANO,0,0,0,https://twitter.com/andrefernm/status/1647675711287689218
Vanda Mendes,@VandaMe43534141,https://twitter.com/VandaMe43534141/status/1647688368757563393,2023-04-16T19:48:14.000Z,Os líderes partidários precisam se envolver nisso deputado. Eles têm condições de barganha com seus parlamentares. O PL tem 99 deputados. Conversem com Valdemar,0,0,0,https://twitter.com/andrefernm/status/1647675711287689218
dadofernandes,@dadofernandes3,https://twitter.com/dadofernandes3/status/1647678854197067781,2023-04-16T19:10:25.000Z,Você viu isso no JusBrasil? Kkkkk,0,0,0,https://twitter.com/andrefernm/status/1647675711287689218
Jorge Junior,@Jorge_81_Junior,https://twitter.com/Jorge_81_Junior/status/1647702204466298881,2023-04-16T20:43:13.000Z,"Vai jogar cortina de fumaça lá pro seu gado, ninguém cai no barulho de Vcs não picareta Jusbrasil.",0,0,0,https://twitter.com/andrefernm/status/1647675711287689218
Nikolas Ferreira Fan,@MalacaEgf,https://twitter.com/MalacaEgf/status/1647743192115159040,2023-04-16T23:26:05.000Z,"Pelo visto vocês já jogaram a toalha, deixou o molusco encher os bolsos pra comprar os parlamentares indo a China, o jeito agora é engolir pois pelo visto nada pode ser feito já que o parlamento sabe de tudo que esse cara está fazendo para barrar a CPMI.",0,0,0,https://twitter.com/andrefernm/status/1647675711287689218
Renato Amaral,@RenatoA27880644,https://twitter.com/RenatoA27880644/status/1647714448864428037,2023-04-16T21:31:52.000Z,"Tem que expor mesmo, pq si  isso acontecer vai ser de uma escrotidao sem tamanho",0,0,0,https://twitter.com/andrefernm/status/1647675711287689218
Gabriel Guarnieri,@gaguarnieri33,https://twitter.com/gaguarnieri33/status/1647682634758209537,2023-04-16T19:25:27.000Z,Chora gado,0,0,0,https://twitter.com/andrefernm/status/1647675711287689218
albertinoeg araujo,@AlbertinoegA,https://twitter.com/AlbertinoegA/status/1647742557596655617,2023-04-16T23:23:33.000Z,"Amigo.. adianta de nada. Vão se reeleger com dinheiro roubado ou público. Lembre do Daniel Silveira, do ramagem, do hang...dos 1299. #LulaNaCadeia",0,0,0,https://twitter.com/andrefernm/status/1647675711287689218
𝑾𝒂𝒍𝒕𝒆𝒓 𝑷𝒐𝒎𝒂𝒏𝒕𝒊,@Walter_Pomanti,https://twitter.com/Walter_Pomanti/status/1647777554781069312,2023-04-17T01:42:37.000Z,Inocentes presos ? 🤔🤔🤔🤔🤔,0,0,0,https://twitter.com/andrefernm/status/1647675711287689218
xapado,@xapado7,https://twitter.com/xapado7/status/1647682076387291140,2023-04-16T19:23:14.000Z,Tu é muuuuuito sem vergonha,0,0,0,https://twitter.com/andrefernm/status/1647675711287689218
Thayson Ricardo,@ThaysonRicardo,https://twitter.com/ThaysonRicardo/status/1647682906649657344,2023-04-16T19:26:32.000Z,"@STF_oficial @FlavioDino @LulaOficial @JanjaLula @AndreJanonesAdv @ArthurLira_ @rodrigopacheco 
Será possível que nenhum de vocês estão vendo o que esse cara tá fazendo? Está incentivando o discurso de ódio contra os parlamentares, O pior que os próprios parlamentares apoia.",0,0,0,https://twitter.com/andrefernm/status/1647675711287689218
Carlos Moraes,@CarlosM01916798,https://twitter.com/CarlosM01916798/status/1647687759048441864,2023-04-16T19:45:48.000Z,"Vdd ,os traidores lembrem se de quem quem e o mentiroso",0,0,0,https://twitter.com/andrefernm/status/1647675711287689218
Singoalla,@singovalla,https://twitter.com/singovalla/status/1647780907787354112,2023-04-17T01:55:57.000Z,700.000 mortos genocídio yanomamis nunca esqueceremos #BolsonaroNaCadeia,0,0,0,https://twitter.com/andrefernm/status/1647675711287689218
Victor Latalisa,@victorlatalisa3,https://twitter.com/victorlatalisa3/status/1647768833736753152,2023-04-17T01:07:58.000Z,Aprenda a fazer política rapaz. É patetica essa sua tentativa esdrúxula .,0,0,0,https://twitter.com/andrefernm/status/1647675711287689218
Silvânia Ferreira,@Silvnia21766168,https://twitter.com/Silvnia21766168/status/1647922233560506371,2023-04-17T11:17:32.000Z,Inocentes presos? São vândalos que destruíram o patrimônio público e envergonharam o Brasil perante o mundo.,0,0,0,https://twitter.com/andrefernm/status/1647675711287689218
Edson Braga,@EdBraga11,https://twitter.com/EdBraga11/status/1648042162938867727,2023-04-17T19:14:05.000Z,"Menos cara, menos. Quem tá preso lá não tem nada de inocente. Atentaram contra a democracia. Vão virar réus. 
Vocês queriam palanque para lacrar na internet. Queriam é  usar esses idiotas lunáticos ne. Fala a verdade.",0,1,0,https://twitter.com/andrefernm/status/1647675711287689218
Cecilio Tomas,@ceciliotomas,https://twitter.com/ceciliotomas/status/1647892385421045760,2023-04-17T09:18:55.000Z,A turma já voltou da China com os bolsos cheios.,0,0,0,https://twitter.com/andrefernm/status/1647675711287689218
ADRY.A.P,@AndriAdry,https://twitter.com/AndriAdry/status/1647808767671644160,2023-04-17T03:46:39.000Z,"@MatheusLaiola sempre 5e apoiei!
Apoio suas causas no PR.
Se não assinar, JAMAIS terá meu apoio novamente!",0,0,0,https://twitter.com/andrefernm/status/1647675711287689218
Roney Rocha Cardoso,@roney_cardoso,https://twitter.com/roney_cardoso/status/1647949466048110592,2023-04-17T13:05:44.000Z,"São 40 anos de leis canalhas, feitas por canalhas para beneficiar canalhas, proteger os ladrões, e não o contrário, proteger o povo e seu patrimônio, patrimônio público e dinheiro de impostos é tudo do povo, e estes ladrões criam leis para os permitir roubar o povo dentro da lei.",0,0,0,https://twitter.com/andrefernm/status/1647675711287689218
Teodoro Neto,@teodoroneto,https://twitter.com/teodoroneto/status/1647810071114522624,2023-04-17T03:51:50.000Z,Deixa de contar mentiras! Inocentes presos uma ova!,0,0,0,https://twitter.com/andrefernm/status/1647675711287689218
@merceslopes,@merceslopes,https://twitter.com/mmalopes79/status/1648158110261866496,2023-04-18T02:54:49.000Z,"Inocentes presos?
Baderneiros e TERRORISTAS.
Xilindró é pouco",0,0,0,https://twitter.com/andrefernm/status/1647675711287689218
Ismar Freitas,@IsmarFreitas1,https://twitter.com/IsmarFreitas1/status/1647998474384822278,2023-04-17T16:20:29.000Z,Terroristas na cadeia.,0,0,0,https://twitter.com/andrefernm/status/1647675711287689218
Niobe Maria Rodrigues Cunha,@NiobeCunha,https://twitter.com/NiobeCunha/status/1649108749141913600,2023-04-20T17:52:19.000Z,Choooora fascistaaaaa. Pra isso eu fiz o L,0,0,0,https://twitter.com/andrefernm/status/1647675711287689218
tayane luiza,@tayanizita,https://twitter.com/tayanizita/status/1647683033821069313,2023-04-16T19:27:02.000Z,São estes os traidores...até agora,0,1,2,https://twitter.com/andrefernm/status/1647675711287689218
antigado,@vazagado1,https://twitter.com/vazagado1/status/1647687913017159680,2023-04-16T19:46:25.000Z,Raspak# não esquecerá nem perdoará!!,0,0,1,https://twitter.com/andrefernm/status/1647675711287689218
Will 2.0,@2_will,https://twitter.com/2_will/status/1647689326526857216,2023-04-16T19:52:02.000Z,"Mobilização Nacional????🤣🤣🤣🤣🤣🤣🤣🤣🤣🤣🤣🤣🤣🤣🤣🤣🤣🤣🤣🤣🤣🤣Sem o Genocida ladrão na presidência usando do poder público, vc não mobilizam mais nada!",0,0,1,https://twitter.com/andrefernm/status/1647675711287689218
"@esquerdize-se, revolução popular","@esquerdize-se, revolução popular",https://twitter.com/AldoLevi9/status/1648021512509616130,2023-04-17T17:52:01.000Z,🤣🤣🤣🤣🤣🤣🤣🤣🤣pqp vsf,0,0,0,https://twitter.com/andrefernm/status/1647675711287689218
LF@batista,LF@batista,https://twitter.com/LFbatista3/status/1647717001924689922,2023-04-16T21:42:01.000Z,@andrefernm Deputado vamos criar a CPI das joias 💎 💎 se realmente foi ROUBO ou PROPINA pela venda da REFINARIA NA BAHIA.,1,0,0,https://twitter.com/andrefernm/status/1647675711287689218
+1brasileira,@mais1brasileir4,https://twitter.com/mais1brasileir4/status/1647718975378161666,2023-04-16T21:49:51.000Z,"MAIS DE 1 MILHÃO DE CHINESES MANDADOS PARA OS CAMPOS DE CONCENTRAÇÃO PELA DITADURA COMUNISTA!

É esse o modelo que os brasileiros querem para o Brasil?

O modelo que o Lula admira!https://super.abril.com.br/especiais/campos-de-concentracao-na-china/…",0,0,1,https://twitter.com/andrefernm/status/1647675711287689218
Patriota Antibancário,@antibancario_br,https://twitter.com/antibancario_br/status/1647978361606610944,2023-04-17T15:00:34.000Z,"@gilbertokassab @PSD_55 Hoje, 17/04/2023 será o dia do aniversário do PSD. O lado da festa o Sr. Gilberto Kassab deverá escolher. Os PATRIOTAS mortais, pagador das contas desse BRASIL, e o povo mais amado pelos parlamentos (em época de eleição) estamos atentos. Bju parlamentares.",0,0,0,https://twitter.com/andrefernm/status/1647675711287689218
xacomigo,@xacomigou,https://twitter.com/xacomigou/status/1647676083490234368,2023-04-16T18:59:25.000Z,CPMI num dá em nada. Para que se dá ao trabalho?,0,0,0,https://twitter.com/andrefernm/status/1647675711287689218
André luiz Andrade,@Andrlui09813354,https://twitter.com/Andrlui09813354/status/1647678625385250819,2023-04-16T19:09:31.000Z,Todo dia estarei lembrando os nomes deles .... Chega de traidores,0,0,0,https://twitter.com/andrefernm/status/1647675711287689218
Kat,@KatiaJe59887675,https://twitter.com/KatiaJe59887675/status/1647686613500043271,2023-04-16T19:41:15.000Z,Kkkkkkkkkkkkkkkkkkkkkkkkkk,0,0,0,https://twitter.com/andrefernm/status/1647675711287689218
@SEMPREFIZOL13,@SEMPREFIZOL13,https://twitter.com/tranqui94723884/status/1647761891005964289,2023-04-17T00:40:23.000Z,"Quatro meses de governo e o Lula ainda não fechou nenhuma igreja, não perseguiu nenhum cristão, não inaugurou nenhum banheiro unissex e não distribuiu nenhum kit gay. Será que era tudo fake pra tentar ganhar votos de ignorantes?",0,0,0,https://twitter.com/andrefernm/status/1647675711287689218
Pontes,@Pontes_1978,https://twitter.com/Pontes_1978/status/1647683113122775041,2023-04-16T19:27:21.000Z,"Se não tiver voto impresso nada vai mudar. 

Não curta, de um RT!#VotoImpressoComContagemPública",1,0,1,https://twitter.com/andrefernm/status/1647675711287689218
Rodrigo Nonato,@RodrigoNonatodk,https://twitter.com/RodrigoNonatodk/status/1647713978733277184,2023-04-16T21:30:00.000Z,Inocentes presos 😂😂😂😂😂😂😂😂,0,0,1,https://twitter.com/andrefernm/status/1647675711287689218
Mateus ×S× Vanderley,@MateusVanderle7,https://twitter.com/MateusVanderle7/status/1647683764900823041,2023-04-16T19:29:56.000Z,"Se quisermos um futuro de esperança para nossas e futuras gerações, pressionem e continuem pressionando mais e mais os seus deputados, devemos lutador para a instauração da CPMI, abaixo a lista dos deputados que assinaram ou não para a CPMIhttps://docs.google.com/spreadsheets/u/0/d/1uaGvvD39Qqf8lKBfRft2JCl20z3KHecb/htmlview#gid=2130601127…",0,1,1,https://twitter.com/andrefernm/status/1647675711287689218
Daniel Barbosa,@DanielBar114,https://twitter.com/DanielBar114/status/1647715097190465544,2023-04-16T21:34:26.000Z,"Kkkkkkkkkk.
Nós também não esqueceremos o trabalho profissional da PF e do Judiciário para prender os terroristas.",0,0,5,https://twitter.com/andrefernm/status/1647675711287689218
Sara Barbosa,@SaraBar99075705,https://twitter.com/SaraBar99075705/status/1647729584597524486,2023-04-16T22:32:00.000Z,Kkkkkkkkkk,0,0,5,https://twitter.com/andrefernm/status/1647675711287689218
Alexandre,@xandevolp,https://twitter.com/xandevolp/status/1647678675515498499,2023-04-16T19:09:43.000Z,"Olá Dep @anapaulalimapt PT-SC

qual sua opinião sobre os atos de 8 de janeiro? devem ser investigados? é importante garantir a transparência e justiça aos envolvidos?
Qual o motivo para ser contra a CPMI ?  seus argumentos são  republicanos ou não podem ser divulgados?",0,1,3,https://twitter.com/andrefernm/status/1647675711287689218
Alexandre,@xandevolp,https://twitter.com/xandevolp/status/1647678751537340419,2023-04-16T19:10:01.000Z,"Olá Dep @carloschiodini MDB-SC

qual sua opinião sobre os atos de 8 de janeiro? devem ser investigados? é importante garantir a transparência e justiça aos envolvidos?
Qual o motivo para ser contra a CPMI ?  seus argumentos são  republicanos ou não podem ser divulgados?",1,0,2,https://twitter.com/andrefernm/status/1647675711287689218
Alexandre,@xandevolp,https://twitter.com/xandevolp/status/1647678794570891267,2023-04-16T19:10:11.000Z,"Olá Dep. @V_Cobalchini MDB-SC

qual sua opinião sobre os atos de 8 de janeiro? devem ser investigados? é importante garantir a transparência e justiça aos envolvidos?
Qual o motivo para ser contra a CPMI ?  seus argumentos são  republicanos ou não podem ser divulgados?",0,0,3,https://twitter.com/andrefernm/status/1647675711287689218
Alexandre,@xandevolp,https://twitter.com/xandevolp/status/1647678885490745345,2023-04-16T19:10:33.000Z,"Olá Dep. @uczai PT-SC

qual sua opinião sobre os atos de 8 de janeiro? devem ser investigados? é importante garantir a transparência e justiça aos envolvidos?
Qual o motivo para ser contra a CPMI ?  seus argumentos são  republicanos ou não podem ser divulgados?",0,1,6,https://twitter.com/andrefernm/status/1647675711287689218
Alexandre,@xandevolp,https://twitter.com/xandevolp/status/1647678937026252802,2023-04-16T19:10:45.000Z,"Olá Sen. Ivete da Silveira MDB-SC

qual sua opinião sobre os atos de 8 de janeiro? devem ser investigados? é importante garantir a transparência e justiça aos envolvidos?
Qual o motivo para ser contra a CPMI ?  seus argumentos são  republicanos ou não podem ser divulgados?",0,1,4,https://twitter.com/andrefernm/status/1647675711287689218
Angelo,@niferbac,https://twitter.com/niferbac/status/1648059504737792000,2023-04-17T20:23:00.000Z,"KOO RASPADO!

PECULATO é CRIME! 107 IMÓVEIS 2 MANSÕES no PECULATO VULGO RACHADINHA ! Cadê o PowerPoint?!

 LADRÃO de joias PECULATEIRO! 

CPI JÁ DAS JÓIAS da propina da privatização da RLAM! #TACLANOMOROENODD! TIC TAC",0,0,0,https://twitter.com/andrefernm/status/1647675711287689218
Dando Ghosting em mim mesmo ☭ ★,@DanielCE1914,https://twitter.com/DanielCE1914/status/1647756901684240386,2023-04-17T00:20:33.000Z,Raspa o cu e depois senta numa bacia com álcool,0,0,0,https://twitter.com/andrefernm/status/1647675711287689218
Marcelo Bueno,@Marcello_Buenno,https://twitter.com/Marcello_Buenno/status/1647765463391141888,2023-04-17T00:54:35.000Z,"Alô povo do Paraná. Guardem esses NOMES! @betopretoparana   @BetoRicha @MatheusLaiola @LucianoDucci @luisa_canziani @paulo_litro @tiaomedeiros @deputadotoninho @FlavioArns 

PS: Deputados ESTADUAIS irão fazer milhões de cartazes!

Eles NÃO assinaram a #CPMI08dejaneiro",0,0,3,https://twitter.com/andrefernm/status/1647675711287689218
Lucardelli,@Lucardellli,https://twitter.com/Lucardellli/status/1648309366888734727,2023-04-18T12:55:51.000Z,"Enquanto os bolsonaristas se distraem no twitter pedindo cpmi, a CPI na CLDF já anda desde janeiro/23 e segue sem ser incomodada. 😃http://cl.df.gov.br/web/guest/list…",0,0,0,https://twitter.com/andrefernm/status/1647675711287689218
Lene Paixão,@LenePaixao1,https://twitter.com/LenePaixao1/status/1647752241678278657,2023-04-17T00:02:02.000Z,"Com certeza, #CPMI08DEJANEIROJÁ",0,0,1,https://twitter.com/andrefernm/status/1647675711287689218
Obrasil tem jeito Tem jeito,@Obrasiltemjeit,https://twitter.com/Obrasiltemjeit/status/1647676737017266178,2023-04-16T19:02:01.000Z,"E nem desses que raspa o c.u no espelho. Kkkk
Nunca vamos esquecer",0,0,3,https://twitter.com/andrefernm/status/1647675711287689218
MaschioⓇⓈ,@MaschioRS,https://twitter.com/MaschioRS/status/1647758253613363201,2023-04-17T00:25:56.000Z,GOLPISTAS NA CADEIA!!!,0,0,10,https://twitter.com/andrefernm/status/1647675711287689218
