nome,usuario,idTweet,dataPublicacao,texto,replies,retweets,likes,tweetPai
Flávia Leão,@FlviaLeo16,https://twitter.com/FlviaLeo16/status/1647232577361592320,2023-04-15T13:37:05.000Z,@RoziSNews,1,1,5,https://twitter.com/andrefernm/status/1647017299646218240
RoziSNews,@RoziSNews,https://twitter.com/RoziSNews/status/1647248882248630272,2023-04-15T14:41:52.000Z,Eu compartilhei ontem nos grupos daqui 👍🏻,0,0,1,https://twitter.com/andrefernm/status/1647017299646218240
Manoel Araújo,@Fachchinetto,https://twitter.com/Fachchinetto/status/1647092869117739008,2023-04-15T04:21:56.000Z,"Fico me perguntando se o senhor não trabalha deputado. Vive em torno de CPMI. Vai procurar o que fazer homem. Mostre projetos que é pra
Isso que você tá aí. Você é pago pra isso.",0,0,0,https://twitter.com/andrefernm/status/1647017299646218240
Fábio,@fbdesenvolvedor,https://twitter.com/fbdesenvolvedor/status/1647017972219752449,2023-04-14T23:24:19.000Z,"André, você está sendo um guerreiro.
Você tem o meu respeito. Obrigado 👍 🇧🇷",0,2,12,https://twitter.com/andrefernm/status/1647017299646218240
Ney,@Ney29657111,https://twitter.com/Ney29657111/status/1647229694138372098,2023-04-15T13:25:37.000Z,Ninguém é obrigado assinar nada amigão assina quem qr mas gostaria de ver essa  CPI aí sim veremos máscara bolsonarista cair,0,0,0,https://twitter.com/andrefernm/status/1647017299646218240
Lou Novak,@Lou_novak,https://twitter.com/Lou_novak/status/1647017805080850434,2023-04-14T23:23:39.000Z,"E aí deputados do Amazonas,  os brasileiros estão esperando as suas assinaturas da CPMI.",0,0,0,https://twitter.com/andrefernm/status/1647017299646218240
Sônia Santos,@SniaCru42452078,https://twitter.com/SniaCru42452078/status/1647088946860498944,2023-04-15T04:06:21.000Z,@eusouamom você está se colocando para ser candidato para prefeito de Manaus..sabe quando você vai ganhar?..nunca..da minha família..você têm 8 votos...sabe quando isso vai acontecer de novo?..Nunca mais...você estar sendo uma decepção..,1,2,5,https://twitter.com/andrefernm/status/1647017299646218240
Davidson Patrick,@Davidsonrealofc,https://twitter.com/Davidsonrealofc/status/1647020543839797250,2023-04-14T23:34:32.000Z,Omar Aziz e Eduardo Braga sempre fazendo desserviço ao povo ... 🤮🤮🤮🤮,1,0,2,https://twitter.com/andrefernm/status/1647017299646218240
Andrea Paz,@Andrea_paz76,https://twitter.com/Andrea_paz76/status/1647083340808302593,2023-04-15T03:44:04.000Z,@sidneyleite_,0,1,1,https://twitter.com/andrefernm/status/1647017299646218240
Pontes,@Pontes_1978,https://twitter.com/Pontes_1978/status/1647263032089739266,2023-04-15T15:38:06.000Z,#VotoImpressoComContagemPública,0,0,1,https://twitter.com/andrefernm/status/1647017299646218240
PEPÊ,@PEP10183989,https://twitter.com/PEP10183989/status/1647560965217570817,2023-04-16T11:21:58.000Z,Estao preocupados em liberar traf@##tes somente,0,0,0,https://twitter.com/andrefernm/status/1647017299646218240
Ronis Oliveira,@RonisOlive47030,https://twitter.com/RonisOlive47030/status/1647106975732301824,2023-04-15T05:17:59.000Z,Vamos deputados assinar...isso vai pesar muito na reeleição de vcs ..estamos de olho,0,0,0,https://twitter.com/andrefernm/status/1647017299646218240
Ronis Oliveira,@RonisOlive47030,https://twitter.com/RonisOlive47030/status/1647107218163073024,2023-04-15T05:18:57.000Z,Esses 2 senadores nem vão assina fazem parte da ptzada,0,0,0,https://twitter.com/andrefernm/status/1647017299646218240
Claudio Evooo,@ClaudioEvooo,https://twitter.com/ClaudioEvooo/status/1647176140149207041,2023-04-15T09:52:49.000Z,Parabéns pela firmeza.,0,0,0,https://twitter.com/andrefernm/status/1647017299646218240
ELDER SILVA,@ELDEFRAN,https://twitter.com/ELDEFRAN/status/1647294558634426368,2023-04-15T17:43:22.000Z,Já de se esperar desses de não assinar...,0,0,0,https://twitter.com/andrefernm/status/1647017299646218240
#Cpmide08dejaneiroJá #cpmi08dejaneiro2023 #,@CCConservador,https://twitter.com/CCConservador/status/1647027652966981634,2023-04-15T00:02:47.000Z,#Cpmide08dejaneiroJá  #cpmi08dejaneiro2023 #cpmi08janeiro2023,0,0,0,https://twitter.com/andrefernm/status/1647017299646218240
#Cpmide08dejaneiroJá #cpmi08dejaneiro2023 #,@CCConservador,https://twitter.com/CCConservador/status/1647086981162180610,2023-04-15T03:58:32.000Z,#Cpmide08dejaneiroJá  #cpmi08dejaneiro2023 #cpmi08janeiro2023  https://drive.google.com/file/d/1onIvGjKdYsmNH8V149Bcz_bHaaBzgzi5/view…,0,1,1,https://twitter.com/andrefernm/status/1647017299646218240
#Cpmide08dejaneiroJá #cpmi08dejaneiro2023 #,@CCConservador,https://twitter.com/CCConservador/status/1647087138842738688,2023-04-15T03:59:09.000Z,https://drive.google.com/file/d/1onIvGjKdYsmNH8V149Bcz_bHaaBzgzi5/view…  #Cpmide08dejaneiroJá  #cpmi08dejaneiro2023 #cpmi08janeiro2023,0,0,1,https://twitter.com/andrefernm/status/1647017299646218240
Joel,@JoelVoz,https://twitter.com/JoelVoz/status/1647930164674715649,2023-04-17T11:49:02.000Z,"Vamos lá @eusouamom , minha família em Manaus te apoiou,  vamos expor a verdade,  só a verdade",0,0,1,https://twitter.com/andrefernm/status/1647017299646218240
Monica,@SaraivaMonica,https://twitter.com/SaraivaMonica/status/1647401189611384832,2023-04-16T00:47:05.000Z,Se venderam!,0,0,0,https://twitter.com/andrefernm/status/1647017299646218240
2k04,@Kaua68933336,https://twitter.com/Kaua68933336/status/1647628729676431363,2023-04-16T15:51:15.000Z,@eusouamom conto com sua ajuda,0,0,0,https://twitter.com/andrefernm/status/1647017299646218240
Edmilson Junior,@edmilsonjr19,https://twitter.com/edmilsonjr19/status/1647037917494165504,2023-04-15T00:43:34.000Z,@eusouamom @silascamara_ bora assinar,2,3,6,https://twitter.com/andrefernm/status/1647017299646218240
beto Ferreira,@betoFer19764950,https://twitter.com/betoFer19764950/status/1647021155717357576,2023-04-14T23:36:58.000Z,EU QUERO SABER OS DE SÃO PAULO?,1,0,0,https://twitter.com/andrefernm/status/1647017299646218240
Fátima Regis,@fatima_regis,https://twitter.com/fatima_regis/status/1647673032482123777,2023-04-16T18:47:17.000Z,"Já cobrei todos, mandei mensagem,mas nenhum respondeu 🤔😠. Já disse que gravei o nome de todos....pra nunca mais ter meu voto e nem da minha família 😡😡",0,0,0,https://twitter.com/andrefernm/status/1647017299646218240
Luciane Maria Gurski,@GurskiLuciane,https://twitter.com/GurskiLuciane/status/1647020475187355649,2023-04-14T23:34:16.000Z,"Vamos compartilhar, ligar , mandar e-mail. 🙏🏻🙏🏻🙏🏻🙏🏻🙏🏻",0,1,1,https://twitter.com/andrefernm/status/1647017299646218240
Pedonic,@pieroduonijin,https://twitter.com/pieroduonijin/status/1647019640130871297,2023-04-14T23:30:57.000Z,"@silvionavarro @augustosnunes @AnaPaulaVolei @Pavinatto @fabifbbr @DiogoForjaz 
Ajudem divulgar estes vídeos",0,1,2,https://twitter.com/andrefernm/status/1647017299646218240
adailton Santos,@adailto91170443,https://twitter.com/adailto91170443/status/1647243287890128896,2023-04-15T14:19:38.000Z,Esse @SilasCamaraAM @silascamara_ é da igreja ou usa a igreja?,0,3,4,https://twitter.com/andrefernm/status/1647017299646218240
ESALQRoots,@EsalqRoots,https://twitter.com/EsalqRoots/status/1647017913096847360,2023-04-14T23:24:05.000Z,Raspaku,0,0,1,https://twitter.com/andrefernm/status/1647017299646218240
Adriana Soares,@_soaresadriana,https://twitter.com/_soaresadriana/status/1647018226885206020,2023-04-14T23:25:20.000Z,Omar e Eduardo... esquece!!,0,0,1,https://twitter.com/andrefernm/status/1647017299646218240
Vinicius zevedo,@viniii154,https://twitter.com/viniii154/status/1647020519366234113,2023-04-14T23:34:26.000Z,Boaa,0,0,2,https://twitter.com/andrefernm/status/1647017299646218240
Joelci,@Joelci11,https://twitter.com/Joelci11/status/1647022859766693890,2023-04-14T23:43:44.000Z,Parabéns André ! Tem todo nosso apoio . “Pra cima dos omissos “ 👍👏👏👏,0,0,2,https://twitter.com/andrefernm/status/1647017299646218240
JR PATRIOTA,@JR_PATRIOTA_,https://twitter.com/JR_PATRIOTA_/status/1647018349195403266,2023-04-14T23:25:49.000Z,"Esses camaradas podem esquecer a vida pública! 
Nunca mais terão o respeito da população!",0,1,2,https://twitter.com/andrefernm/status/1647017299646218240
Karen Pasquotto Schiavinato,@karentiete,https://twitter.com/karentiete/status/1647018210758217729,2023-04-14T23:25:16.000Z,Vc é necessário 👏👏,0,0,2,https://twitter.com/andrefernm/status/1647017299646218240
Karen Pasquotto Schiavinato,@karentiete,https://twitter.com/karentiete/status/1647018246548123650,2023-04-14T23:25:24.000Z,CPMI JÁ 08 de janeiro,0,0,1,https://twitter.com/andrefernm/status/1647017299646218240
Fatima Regina Guth Oliveira,@GuthFatima,https://twitter.com/GuthFatima/status/1647243236551938050,2023-04-15T14:19:26.000Z,Rio de Janeiro.,0,0,0,https://twitter.com/andrefernm/status/1647017299646218240
OACN,@carlosaneto,https://twitter.com/carlosaneto/status/1647034779651416083,2023-04-15T00:31:06.000Z,Obrigado. Todos daqui saberão.,0,0,2,https://twitter.com/andrefernm/status/1647017299646218240
Empatico,@PatriotaMeuCu,https://twitter.com/PatriotaMeuCu/status/1647031125817040897,2023-04-15T00:16:35.000Z,"Vc sabe que tem uma CPI do 8 de janeiro rolando? Vc queria participar, é isto? CPI das joias já nao está,  que tal?",0,0,0,https://twitter.com/andrefernm/status/1647017299646218240
Pedonic,@pieroduonijin,https://twitter.com/pieroduonijin/status/1647018810380111874,2023-04-14T23:27:39.000Z,@marcosdoval  divulga esses vídeos no grupo do telegram,0,0,0,https://twitter.com/andrefernm/status/1647017299646218240
João Hardtke,@joao_hardtke,https://twitter.com/joao_hardtke/status/1647084988020523014,2023-04-15T03:50:37.000Z,@OmarAzizSenador não vai assinar? Vai abandonar assim as pessoas inocentes quw estão presas?,0,0,0,https://twitter.com/andrefernm/status/1647017299646218240
Geverton Gonçalves,@GevertoG,https://twitter.com/GevertoG/status/1647039108269719553,2023-04-15T00:48:18.000Z,Faça da Paraíba também,0,0,0,https://twitter.com/andrefernm/status/1647017299646218240
Julia,@juliadcbm,https://twitter.com/juliadcbm/status/1647057135149228032,2023-04-15T01:59:56.000Z,Tem que compartilhar sem parar,0,0,1,https://twitter.com/andrefernm/status/1647017299646218240
Patrícia,@arteporparte,https://twitter.com/arteporparte/status/1647981169453985794,2023-04-17T15:11:43.000Z,#CPMI08DEJANEIROJÁ,0,0,0,https://twitter.com/andrefernm/status/1647017299646218240
Sônia Santos,@SniaCru42452078,https://twitter.com/SniaCru42452078/status/1647088090173829120,2023-04-15T04:02:56.000Z,@eusouamom ..@adailfilhoam ..@silascamara_ ..@atilalins..@SauloViana ..@sidneyleite_ ..@SilasCamaraAM ..@EduardoBraga_AM ...@OmarAzizSenador,0,2,2,https://twitter.com/andrefernm/status/1647017299646218240
Sônia Santos,@SniaCru42452078,https://twitter.com/SniaCru42452078/status/1647089458808856576,2023-04-15T04:08:23.000Z,@adailfilhoam nunca votei e jamais votarei em você..mas você teve votos em minha casa..meu motivo...o histórico da tua família..e  teu..,0,2,3,https://twitter.com/andrefernm/status/1647017299646218240
Darcilene Souza,@PedroLimaSouza5,https://twitter.com/PedroLimaSouza5/status/1647057101603192840,2023-04-15T01:59:48.000Z,"@silascamara_  que DECEPÇÃO sempre votei nele, agora vou fazer campanha contra 😒 pastor @PrJonatascamara",1,5,6,https://twitter.com/andrefernm/status/1647017299646218240
Norah....,@aldenoraph10,https://twitter.com/aldenoraph10/status/1647072643336531968,2023-04-15T03:01:33.000Z,@eusouamom,0,0,0,https://twitter.com/andrefernm/status/1647017299646218240
KássiaBataglini,@KBataglini,https://twitter.com/KBataglini/status/1647035083797176321,2023-04-15T00:32:19.000Z,"Eles devem honrar o cargo e o salário pago pelo povo,como eu.",0,0,0,https://twitter.com/andrefernm/status/1647017299646218240
Alexandre Santos,@AJFSalexandre,https://twitter.com/AJFSalexandre/status/1647292433821040641,2023-04-15T17:34:56.000Z,"Depois que depila o furico, faz o que?",0,0,0,https://twitter.com/andrefernm/status/1647017299646218240
Paulo Silva,@paulosi12700001,https://twitter.com/paulosi12700001/status/1647022269779046401,2023-04-14T23:41:23.000Z,Boa!!!,0,0,1,https://twitter.com/andrefernm/status/1647017299646218240
Luciano Martins,@pqdtluciano,https://twitter.com/pqdtluciano/status/1647202961636950016,2023-04-15T11:39:24.000Z,Muito bom guerreiro. Mobilização do povo já.,0,0,0,https://twitter.com/andrefernm/status/1647017299646218240
Vilson Carvalho,@VilsonC89670678,https://twitter.com/VilsonC89670678/status/1647377134845845505,2023-04-15T23:11:30.000Z,Vi trabalhar vagaba. Honra o salário que nós te pagamos. Só fica nas redes sociais,0,0,0,https://twitter.com/andrefernm/status/1647017299646218240
Arthur Correia,@ArthurCorreia86,https://twitter.com/ArthurCorreia86/status/1647329755773935616,2023-04-15T20:03:14.000Z,"AMAZONAS, aprendam a raspar o c* com esse deputado desqualificado e oportunista.",0,0,0,https://twitter.com/andrefernm/status/1647017299646218240
