nome,usuario,idTweet,dataPublicacao,texto,replies,retweets,likes,tweetPai
Paulo,@pccanela84,https://twitter.com/pccanela84/status/1647790859390275584,2023-04-17T02:35:30.000Z,"E pq vc ainda está postando?
A democracia quer celebrar.",0,0,0,https://twitter.com/BohnGass/status/1647744012911083521
Marcia Jesus,@MarciaJ41503422,https://twitter.com/MarciaJ41503422/status/1647975596268322817,2023-04-17T14:49:34.000Z,"Ei vovó diz aí pra nós como é usar 0,00 da capacidade do cérebro 🧠🤡",0,0,1,https://twitter.com/BohnGass/status/1647744012911083521
Fatima Sousa,@Fasousa3,https://twitter.com/Fasousa3/status/1647799927899078659,2023-04-17T03:11:32.000Z,"Espero q seja verdade, por que o DNA da mentira é a característica principal dessa familícia!",0,0,0,https://twitter.com/BohnGass/status/1647744012911083521
Betinha,@tiadozap22,https://twitter.com/tiadozap22/status/1648070453754306560,2023-04-17T21:06:30.000Z,😂😂😂😂😂 é muito amorrrr,0,0,0,https://twitter.com/BohnGass/status/1647744012911083521
Alexandre Motta,@alexandre1300rn,https://twitter.com/alexandre1300rn/status/1647775475324821505,2023-04-17T01:34:22.000Z,Vc acreditou companheiro?,0,0,1,https://twitter.com/BohnGass/status/1647744012911083521
Alienista,@VsHermes,https://twitter.com/VsHermes/status/1647753053716529152,2023-04-17T00:05:16.000Z,Acabou o queijo.,0,0,0,https://twitter.com/BohnGass/status/1647744012911083521
Marcos Carrasco,@MarcosC41160138,https://twitter.com/MarcosC41160138/status/1647748814655172610,2023-04-16T23:48:25.000Z,A democracia pede a CPI do dia 08 já.,0,0,0,https://twitter.com/BohnGass/status/1647744012911083521
Chaline,@chaber82,https://twitter.com/chaber82/status/1647751155513020424,2023-04-16T23:57:43.000Z,"Duvido, isso é só pra desviar o foco.",0,0,2,https://twitter.com/BohnGass/status/1647744012911083521
Sandra Kaibara,@KaibaraSandra,https://twitter.com/KaibaraSandra/status/1647754119426240518,2023-04-17T00:09:30.000Z,Aleluia!!!! Muitas preces sendo atendidas!! 😄😄😄😄😄😄😄😄😄😄😄😄😄,0,0,2,https://twitter.com/BohnGass/status/1647744012911083521
Cleber,@c_guirelli,https://twitter.com/c_guirelli/status/1648067770947366914,2023-04-17T20:55:50.000Z,"Sempre me espanta ver um PTista falando m democracia e as pessoas dando atenção a essa pessoa! 
A única relação do PT com a democracia é querer acabar com ela! Se dizem q fazem algo pela  democracia, já sabe:",0,0,0,https://twitter.com/BohnGass/status/1647744012911083521
katitamusical,@katitamusical,https://twitter.com/katitamusical/status/1647833372515786752,2023-04-17T05:24:25.000Z,"Se mente igual o pai deve ser pra ver a repercussão que isso causaria, agradando a esquerda capaz ele continuar c as fakes, me admira ainda não estar preso seja por mentiras de robôs ou por ausência como vereador",0,0,0,https://twitter.com/BohnGass/status/1647744012911083521
medusa,@gfojudice,https://twitter.com/gfojudice/status/1647839873192153088,2023-04-17T05:50:15.000Z,Pensei que ele ia cuidar do filho que dizem que ele teve.,0,0,0,https://twitter.com/BohnGass/status/1647744012911083521
Ciro Sartorio,@CiroSartorio,https://twitter.com/CiroSartorio/status/1648017476737802240,2023-04-17T17:35:59.000Z,Solicitamos ao seu assessor a mesma atitude sob as mesmas justificativas. Obrigado,0,0,0,https://twitter.com/BohnGass/status/1647744012911083521
Cesar . Lira Inimigo do Povo,@CesarSandri3,https://twitter.com/CesarSandri3/status/1647808610896887812,2023-04-17T03:46:02.000Z,"Esperar pra ver : as palavras desse povinho é que nem fumaça ...
Em vários sentidos:
Fede , serve pra tampar algo e se desmancha fácil.",0,0,0,https://twitter.com/BohnGass/status/1647744012911083521
Airton,@Airton61396876,https://twitter.com/Airton61396876/status/1647759430266544130,2023-04-17T00:30:36.000Z,Com certeza outro debilóide vai assumir.,0,0,1,https://twitter.com/BohnGass/status/1647744012911083521
Alberto Kazoo,@albertokazoo1,https://twitter.com/albertokazoo1/status/1647745319738777601,2023-04-16T23:34:32.000Z,A morte do pavão misterioso.,0,0,2,https://twitter.com/BohnGass/status/1647744012911083521
Álvaro Gomes,@openthedoors9,https://twitter.com/openthedoors9/status/1647802269834854406,2023-04-17T03:20:50.000Z,"Isso tá me cheirando a publicidade gratuita. Dessa gente podemos esperar qualquer coisa, afinal esse foi um dos métodos que usaram na campanha em 2018. Eu não acredito, e peço que tenham sabedoria prá interpretar esses movimentos.",0,1,1,https://twitter.com/BohnGass/status/1647744012911083521
sergio,@SergioPezzim30,https://twitter.com/SergioPezzim30/status/1648066351326453761,2023-04-17T20:50:12.000Z,E o botão não sabe fazer a leitura na língua pátria.,0,0,0,https://twitter.com/BohnGass/status/1647744012911083521
NauR1b,@NauR1b,https://twitter.com/NauR1b/status/1647751076358266881,2023-04-16T23:57:24.000Z,O Sul do Brasil é rico porque tem poucos deputados com o teu perfil.  O Nordeste é pobre porque a maioria é  do teu tipo,0,0,0,https://twitter.com/BohnGass/status/1647744012911083521
Rafinha,@Rafinha42887124,https://twitter.com/Rafinha42887124/status/1647933354816286720,2023-04-17T12:01:43.000Z,🙏👏👏👏👏👏👏,0,0,0,https://twitter.com/BohnGass/status/1647744012911083521
andrea miranda,@andream76963591,https://twitter.com/andream76963591/status/1647776323065073664,2023-04-17T01:37:44.000Z,"E vcs caem nesse papo, o que ele quer é isso, desviar o foco",0,0,1,https://twitter.com/BohnGass/status/1647744012911083521
OSMAR PAGO,@NegociaRodrigo,https://twitter.com/NegociaRodrigo/status/1647971096157618177,2023-04-17T14:31:41.000Z,.... Trocando em miúdos.... Papai me trocou pelo Valdemar a troco de um salário,0,0,0,https://twitter.com/BohnGass/status/1647744012911083521
Marcos,@marcosguedes750,https://twitter.com/marcosguedes750/status/1648053930977382416,2023-04-17T20:00:51.000Z,"Não fala bobagens, cara de bosta!#LulaLadrão",0,0,0,https://twitter.com/BohnGass/status/1647744012911083521
Margarete Ramos,@Margare90535061,https://twitter.com/Margare90535061/status/1648068045443571713,2023-04-17T20:56:56.000Z,#CPMI08dejaneiroja#CPMI08dejaneiroja#CPMI08dejaneiroja#CPMI08dejaneiroja#CPMI08dejaneiroja#CPMI08dejaneiroja#CPMI08dejaneiroja#CPMI08dejaneiroja#CPMI08dejaneiroja#CPMI08dejaneiroja#CPMI08dejaneiroja#CPMI08dejaneiroja#CPMI08dejaneiroja,0,0,0,https://twitter.com/BohnGass/status/1647744012911083521
KobraNews,@kobraf4,https://twitter.com/kobraf4/status/1647988530130321409,2023-04-17T15:40:58.000Z,"As fraudes cometidas por @BohnGass na concessão de benefícios a agricultores pelo programa de incentivo à agricultura familiar do Ministério do Desenvolvimento Agrário (MDA), pode chegar a R$ 104 milhões. Os agricultores lesados continuaram pagando os empréstimos sem ter acesso..",0,0,0,https://twitter.com/BohnGass/status/1647744012911083521
LUIZ PAULO TREVISAN,@trevisan_paulo,https://twitter.com/trevisan_paulo/status/1648002659826147349,2023-04-17T16:37:07.000Z,E os ladrões petistas comemoram. kkkk,0,0,0,https://twitter.com/BohnGass/status/1647744012911083521
Esfinge,@Esfinge51858057,https://twitter.com/Esfinge51858057/status/1647989915823616002,2023-04-17T15:46:28.000Z,Malucos estão soltos.,0,0,0,https://twitter.com/BohnGass/status/1647744012911083521
Acpassos,@AdemirCardosod5,https://twitter.com/AdemirCardosod5/status/1647762630206013440,2023-04-17T00:43:19.000Z,"Agora a esquerda pode mentir a vontade , Bohn Gass é uma vergonha do RS",0,0,0,https://twitter.com/BohnGass/status/1647744012911083521
Sérgio Pereira,@S3rgiop3r3ira,https://twitter.com/S3rgiop3r3ira/status/1648065892171776000,2023-04-17T20:48:22.000Z,#obrigadocarlosbolsonaro,0,0,0,https://twitter.com/BohnGass/status/1647744012911083521
Humberto Mariano,@Humbert37633302,https://twitter.com/Humbert37633302/status/1647746574078885891,2023-04-16T23:39:31.000Z,De boa? Ele sabe que já se f.deu com essa história de gabinete do ódio e fake news e tá querendo se fingir de morto. Vai ser preso assim mesmo!!!,0,0,1,https://twitter.com/BohnGass/status/1647744012911083521
. Bueno,@OBuenopa,https://twitter.com/OBuenopa/status/1647946418668318723,2023-04-17T12:53:38.000Z,➡️ a democracia…,0,0,0,https://twitter.com/BohnGass/status/1647744012911083521
EVJ,@eduvjr,https://twitter.com/eduvjr/status/1648007716714033154,2023-04-17T16:57:12.000Z,A verdade é que o LULA É LADRAO !!,0,0,1,https://twitter.com/BohnGass/status/1647744012911083521
Rafael Fernandes,@Rafalf1985,https://twitter.com/Rafalf1985/status/1648094718826356736,2023-04-17T22:42:55.000Z,Bom é ver o boulos tratando os militantes do MST como ocupantes de terras!!!,0,0,0,https://twitter.com/BohnGass/status/1647744012911083521
Alexandre D Nascimento,@adneletro,https://twitter.com/adneletro/status/1647949950859333632,2023-04-17T13:07:40.000Z,E o PT com janones aumenta os fake news né o cegueira da verdade !!!!,0,0,0,https://twitter.com/BohnGass/status/1647744012911083521
Navegador,@Alexand01939708,https://twitter.com/Alexand01939708/status/1647756806712619011,2023-04-17T00:20:11.000Z,E o Bohn gass pensa que vai voltar a roubar livremente . Um rato sempre será um rato,0,0,0,https://twitter.com/BohnGass/status/1647744012911083521
Oliver,@MatossasMatheus,https://twitter.com/MatossasMatheus/status/1647936319518044163,2023-04-17T12:13:30.000Z,E os jumentos apaixonados choram né petralha,0,0,0,https://twitter.com/BohnGass/status/1647744012911083521
ROSITO,@ROSITO83,https://twitter.com/ROSITO83/status/1648088756061184002,2023-04-17T22:19:14.000Z,Comunista falando de liberdade... Aqui tem a fala de outro comunista famoso... Um alemão com bigodinho,0,0,0,https://twitter.com/BohnGass/status/1647744012911083521
Cino Silva,@AlvesMercino,https://twitter.com/AlvesMercino/status/1647926277347631106,2023-04-17T11:33:36.000Z,"Ohh compas, eu peço por favor eu imploro a vcs se tiver no alcance de vcs me ajude, q seja um real sei das dificuldades e limitações de tds vcs e peço desculpas por pedi isso e agradeço muito pela atenção e ajuda de vcs amigos! 
Pix 33991756922Cel.Obg",0,0,0,https://twitter.com/BohnGass/status/1647744012911083521
