nome,usuario,idTweet,dataPublicacao,texto,replies,retweets,likes,tweetPai
Dani Botelho,@Dani14Bot,https://twitter.com/Dani14Bot/status/1648134171016179712,2023-04-18T01:19:41.000Z,"Foi o exército que pagou benefícios acumulados, deputado. Por isso que a esquerda engole no debate.",0,0,0,https://twitter.com/cabogilberto/status/1647360512592584707
Rodrigo,@Rodrigo71444294,https://twitter.com/Rodrigo71444294/status/1647538781564567554,2023-04-16T09:53:49.000Z,@exercitooficial lambe botas de comuna,1,0,1,https://twitter.com/cabogilberto/status/1647360512592584707
Galo,@Galosal7478,https://twitter.com/Galosal7478/status/1647395233720684544,2023-04-16T00:23:25.000Z,E tu acha que ele ia se vender por pouco?,0,0,0,https://twitter.com/cabogilberto/status/1647360512592584707
Teresa Monteiro,@tessmonte,https://twitter.com/tessmonte/status/1647698999925776389,2023-04-16T20:30:29.000Z,Graças ao seu ex-presidente. Foi ele que deu a mamata.,0,0,0,https://twitter.com/cabogilberto/status/1647360512592584707
Josenia,@jJoseniakk,https://twitter.com/jJoseniakk/status/1647374258920644613,2023-04-15T23:00:04.000Z,Cada absurdo que esse povo está cometendo e o pior que vai ficando por isso mesmo! 😨😨😨,0,0,0,https://twitter.com/cabogilberto/status/1647360512592584707
Emerson,@emersom_renosto,https://twitter.com/emersom_renosto/status/1647445399848857601,2023-04-16T03:42:46.000Z,"Opa!!!🤔 Que maravilha !!  Todos tem tanta certeza de impunidade,  que não se preocupam mais em disfarçar ou encobrir mais nada !!! Só estão esquecendo da massa no povo !!  O está acesso e está ficando curto !!",0,0,0,https://twitter.com/cabogilberto/status/1647360512592584707
Ana Lúcia Chiossi,@AnaChiossi,https://twitter.com/AnaChiossi/status/1647412819858423810,2023-04-16T01:33:18.000Z,"Vendidos não passarão.
Deus é maior 🙏",0,0,1,https://twitter.com/cabogilberto/status/1647360512592584707
FRANCO,@rsf0000_franco,https://twitter.com/rsf0000_franco/status/1647601908381544453,2023-04-16T14:04:40.000Z,No governo do nosso Mito Generais receberam 900 mil reais no pico da Pandemia e ficamos calados,0,0,0,https://twitter.com/cabogilberto/status/1647360512592584707
Amilton Rego,@amilton_rego,https://twitter.com/amilton_rego/status/1647371033974808584,2023-04-15T22:47:15.000Z,$ELVA!,0,0,1,https://twitter.com/cabogilberto/status/1647360512592584707
adelmar,@aquino_adelmar,https://twitter.com/aquino_adelmar/status/1647648612120252419,2023-04-16T17:10:15.000Z,"Fonte: portal da transparência do Governo Bolsonaro. Mas,deve ser mentira. Eles devem ter publicado para prejudicar o vice. Kkkkk",0,0,0,https://twitter.com/cabogilberto/status/1647360512592584707
Rosemberg Porto,@RosembergPorto,https://twitter.com/RosembergPorto/status/1647384771570331648,2023-04-15T23:41:51.000Z,Coloca aí o portal da transferência Deputado.,1,0,0,https://twitter.com/cabogilberto/status/1647360512592584707
O SISTEMA É F#D@ !,O SISTEMA É F#D@ !,https://twitter.com/SidneyBeff/status/1647451852642955264,2023-04-16T04:08:24.000Z,"UM 30 MOEDAS DE PRATA, OUTRO R$ 770 MIL REAIS em fevereiro e março, MAS OS DOIS VÃO ENTRAR PARA A HISTÓRIA COMO TRAIDORES.",0,0,0,https://twitter.com/cabogilberto/status/1647360512592584707
Magson,@Magson05994709,https://twitter.com/Magson05994709/status/1647370505517662208,2023-04-15T22:45:09.000Z,Temos marginais até nas FFAA.,0,0,1,https://twitter.com/cabogilberto/status/1647360512592584707
Cláudia Fialho,@CludiaFialho6,https://twitter.com/CludiaFialho6/status/1647375859353829377,2023-04-15T23:06:26.000Z,"… A paz queremos com fervor 
A guerra só nos causa dor…  Hino Exército Brasileiro - O brilho do $ que o ex-condenado ofereceu as Forças Armadas teve extrema aceitação… E agora @Gen_VillasBoas , @BragaNetto_gen , @gen_heleno ? A quem recorrer? Brasil comandado pela CHINA?",0,0,1,https://twitter.com/cabogilberto/status/1647360512592584707
Francineuda,@frann4578,https://twitter.com/frann4578/status/1647602369549443075,2023-04-16T14:06:30.000Z,Isso é esquerda,0,0,0,https://twitter.com/cabogilberto/status/1647360512592584707
juely santos,@SantosJuely,https://twitter.com/SantosJuely/status/1647614670566563841,2023-04-16T14:55:23.000Z,"Ou parceria Boa não foi General. Será que também foi a missão dada, missão cumprida? Como assim foi no TSE. Vassalos de Banfido.",0,0,0,https://twitter.com/cabogilberto/status/1647360512592584707
Rê Diniz .Adv,@dinizacessorios,https://twitter.com/dinizacessorios/status/1647437899997085696,2023-04-16T03:12:57.000Z,🤬🤬🤬🤬🤬🤬🤬,0,0,0,https://twitter.com/cabogilberto/status/1647360512592584707
Adriano GC,@adrianogcsc,https://twitter.com/adrianogcsc/status/1647380154233102336,2023-04-15T23:23:30.000Z,"Com a esquerda, nunca é de graça.",2,0,1,https://twitter.com/cabogilberto/status/1647360512592584707
Vanderley Jr.,@VanderleyJrb,https://twitter.com/VanderleyJrb/status/1647810921845207043,2023-04-17T03:55:13.000Z,General melancia 🍉!,0,0,0,https://twitter.com/cabogilberto/status/1647360512592584707
Lucia Ramos,@LuciaRa11044733,https://twitter.com/LuciaRa11044733/status/1648130632617279488,2023-04-18T01:05:38.000Z,🍉,0,0,0,https://twitter.com/cabogilberto/status/1647360512592584707
Mardone Dias,@mardonedias,https://twitter.com/mardonedias/status/1647696988761214976,2023-04-16T20:22:29.000Z,@exercitooficial tão faturando alto,0,0,0,https://twitter.com/cabogilberto/status/1647360512592584707
Lucia Guedes,@LuSp72,https://twitter.com/LuSp72/status/1647660873312247810,2023-04-16T17:58:58.000Z,"Sim, ele recebeu esse valor. Se refere aos 42 anos de serviço militar. Ou seja, independente do presidente, ele ia receber.",0,0,0,https://twitter.com/cabogilberto/status/1647360512592584707
Ornelasmh,@MariaHelenaOrn1,https://twitter.com/MariaHelenaOrn1/status/1647387146422976512,2023-04-15T23:51:17.000Z,"Não atingiu a marca do gal Braga Netto que segundo matéria publicada pela Carta Capital, recebeu 926 mil em 2 meses em 2020. No auge da pandemia!",2,0,0,https://twitter.com/cabogilberto/status/1647360512592584707
"Liberdade, volta?",@VoltaLiberdade,https://twitter.com/VoltaLiberdade/status/1647690225097867264,2023-04-16T19:55:36.000Z,"E, um exército vendido.

Que situação: o povo vai ter que salvar o Brasil das mãos dos generais das FFAA. Os valores estão invertidos mesmo.",0,0,0,https://twitter.com/cabogilberto/status/1647360512592584707
Summer,@Summer_22Br,https://twitter.com/Summer_22Br/status/1647638514832404481,2023-04-16T16:30:08.000Z,🍉traidor!,0,0,0,https://twitter.com/cabogilberto/status/1647360512592584707
EDmario Jobat,@edmariojobatpe,https://twitter.com/edmariojobatpe/status/1647686897836097539,2023-04-16T19:42:23.000Z,Ourando pelo sinhô,0,0,0,https://twitter.com/cabogilberto/status/1647360512592584707
Resiliência,@DiegoPinheiroM4,https://twitter.com/DiegoPinheiroM4/status/1647633016456347650,2023-04-16T16:08:17.000Z,🍉🍉🍉🍉🍉🍉🍉👎👎👎👎,0,0,0,https://twitter.com/cabogilberto/status/1647360512592584707
Luiz,@LuizFer68119991,https://twitter.com/LuizFer68119991/status/1647437007830892546,2023-04-16T03:09:25.000Z,"Fizueli pra isso mesmo.

O perma de pau do meu time ganha mais por semana.",0,0,0,https://twitter.com/cabogilberto/status/1647360512592584707
Criativo_Antagônico,@criaantagonico,https://twitter.com/criaantagonico/status/1647435231387873281,2023-04-16T03:02:21.000Z,Tem que pagar o Viagra dos coronéis.. ou está errado?,0,0,0,https://twitter.com/cabogilberto/status/1647360512592584707
jaqueline p. Borba,@jaquelinepborb7,https://twitter.com/jaquelinepborb7/status/1647438426566799361,2023-04-16T03:15:03.000Z,👊👊👊,0,0,0,https://twitter.com/cabogilberto/status/1647360512592584707
oGrito,@mineiroinveste,https://twitter.com/mineiroinveste/status/1647453170967379968,2023-04-16T04:13:38.000Z,"Deputado, oficie os órgãos de controle do ministério da defesa. Caso positivo para o pagamento dessa verba indenizatória, requeira urgentemente a convocação desse General para a Presidente da Comissão de Controle Dep @Biakicis para verificarem a impessoalidade dessa ato admin",0,0,0,https://twitter.com/cabogilberto/status/1647360512592584707
Dico Nascimento,@joder_nasciment,https://twitter.com/joder_nasciment/status/1647635685111627779,2023-04-16T16:18:53.000Z,"Hamilton Mourão, que ganhou R$ 108 mil, e Augusto Heleno, ministro do Gabinete de Segurança Institucional, que recebeu R$ 107 mil por mês.

Em 4 anos, Mourão gastou R$ 3,8 milhões no cartão corporativo.",0,0,0,https://twitter.com/cabogilberto/status/1647360512592584707
MULLER1,@REALMULLER01,https://twitter.com/REALMULLER01/status/1647647965698293763,2023-04-16T17:07:41.000Z,🤔,0,0,0,https://twitter.com/cabogilberto/status/1647360512592584707
Rogerio Lima,@Rogerio96023784,https://twitter.com/Rogerio96023784/status/1648132774941868033,2023-04-18T01:14:09.000Z,Uma mão lava a outra .,0,0,0,https://twitter.com/cabogilberto/status/1647360512592584707
Em algum lugar na via láctea !,@Fernand49625112,https://twitter.com/Fernand49625112/status/1647436329100124163,2023-04-16T03:06:43.000Z,Fonte? Lembrando que sua cabecinha não vale como Fonte tá?!,0,0,0,https://twitter.com/cabogilberto/status/1647360512592584707
Roberio Fonseca,@roberiofonseca3,https://twitter.com/roberiofonseca3/status/1647662683469017088,2023-04-16T18:06:10.000Z,Melancias,0,0,0,https://twitter.com/cabogilberto/status/1647360512592584707
Os últimos PATRIOTAS,@Ospatriotasbr,https://twitter.com/Ospatriotasbr/status/1647574328848838659,2023-04-16T12:15:05.000Z,CPMI do dia 08 será igual o Código FONTE?,0,0,0,https://twitter.com/cabogilberto/status/1647360512592584707
Roberto M. de Assis,@romachadoassis,https://twitter.com/romachadoassis/status/1647416641494433796,2023-04-16T01:48:29.000Z,E isentos de imposto de renda.,0,0,0,https://twitter.com/cabogilberto/status/1647360512592584707
jeferson souza,@souzafefo,https://twitter.com/souzafefo/status/1647519905204383744,2023-04-16T08:38:49.000Z,Melancia 🍉🍉🍉🍉🍉🍉,0,0,0,https://twitter.com/cabogilberto/status/1647360512592584707
Roberto Ferrari,@Roberto08923105,https://twitter.com/Roberto08923105/status/1647418503618494464,2023-04-16T01:55:53.000Z,"@exercitooficial corrompido e covarde se rendem ao sistema ESQUERDA COMUNISTA e fica de joelhos. 
GENERAL TOMÁS CORRUPTO COVARDE.#FimDoExército #ExércitoDeBananas",0,0,0,https://twitter.com/cabogilberto/status/1647360512592584707
Valter Ribeiro,@ValterRibeiroM1,https://twitter.com/ValterRibeiroM1/status/1647410920690253824,2023-04-16T01:25:45.000Z,Tá explicado. Farinha pouca meu pirão primeiro.,0,0,0,https://twitter.com/cabogilberto/status/1647360512592584707
MariaEni Maciel,@MacielMariaeni,https://twitter.com/MacielMariaeni/status/1647636323123986434,2023-04-16T16:21:25.000Z,"Esse general tem preço, infelizmente não tem nenhum valor.",0,0,0,https://twitter.com/cabogilberto/status/1647360512592584707
Tiago Kotovicz,@TiagoKotovicz,https://twitter.com/TiagoKotovicz/status/1647706452323184643,2023-04-16T21:00:05.000Z,Exército traiçoeiro.,0,0,0,https://twitter.com/cabogilberto/status/1647360512592584707
James guia,@JamesAlfredx,https://twitter.com/JamesAlfredx/status/1647377701122998273,2023-04-15T23:13:45.000Z,Ditadura comunista jurídica. Deus fará justiça aos seus oprimidos.,0,0,0,https://twitter.com/cabogilberto/status/1647360512592584707
Adriano,@09_rapaz,https://twitter.com/09_rapaz/status/1647683428433666050,2023-04-16T19:28:36.000Z,"Desse jeito é fácil apoiar um desgoverno. Na caserna, esse Cmt EB não goza do mínimo respeito de seus subordinados. A tropa está distante do Cmdo, ou seja, o EB como conhecíamos, unido/coeso, não existe mais. Os atuais Generais são tidos como comprados pelo sistema.",0,0,0,https://twitter.com/cabogilberto/status/1647360512592584707
Vital,@francjrv_vital,https://twitter.com/francjrv_vital/status/1647441057909465089,2023-04-16T03:25:30.000Z,Golpista continua com fake News . Chora golpista,0,0,0,https://twitter.com/cabogilberto/status/1647360512592584707
Xavi Lima,@XaviLima5,https://twitter.com/XaviLima5/status/1647468986748088321,2023-04-16T05:16:29.000Z,Agora Camilo tem razão!,0,0,0,https://twitter.com/cabogilberto/status/1647360512592584707
Xavi Lima,@XaviLima5,https://twitter.com/XaviLima5/status/1647470393505071105,2023-04-16T05:22:04.000Z,E a culpa é do governo atual?,0,0,0,https://twitter.com/cabogilberto/status/1647360512592584707
lisson Caldeira,@alissoncsc,https://twitter.com/alissoncsc/status/1647412883213484032,2023-04-16T01:33:33.000Z,Maior definição de PUTA QUE PARIU !!,0,0,0,https://twitter.com/cabogilberto/status/1647360512592584707
Zeca,@Zeca_ITPV,https://twitter.com/Zeca_ITPV/status/1647384813605728265,2023-04-15T23:42:01.000Z,Generais virando comunistas agora ?,0,0,0,https://twitter.com/cabogilberto/status/1647360512592584707
kaka,@souzakarinahot1,https://twitter.com/souzakarinahot1/status/1647684991176851456,2023-04-16T19:34:49.000Z,Não seria porque passou pra reserva e recebeu o “soldo”? O Brasil precisa da verdade independente de que lado estamos!,0,0,0,https://twitter.com/cabogilberto/status/1647360512592584707
Ed Rezende,@Ed_Rez_,https://twitter.com/Ed_Rez_/status/1647429164201390080,2023-04-16T02:38:15.000Z,"Fale mais sobre isso @cabogilberto pq eu gostaria de saber se pagamentos seu salario pra vc ser burr* e como eu faço pra entrar na mamata... https://noticias.uol.com.br/ultimas-noticias/agencia-estado/2022/08/11/militares-receberam-ate-r-1-milhao-no-auge-da-pandemia-de-covid-19.htm#:~:text=Bento%20Albuquerque%2C%20almirante%20de%20esquadra,mil%20por%20m%C3%AAs%20como%20militar….",0,0,0,https://twitter.com/cabogilberto/status/1647360512592584707
𝙀𝙡𝙚𝙣𝙞𝙡𝙩𝙤𝙣 𝙅𝙧,@Elenilton_01,https://twitter.com/Elenilton_01/status/1647521075285073921,2023-04-16T08:43:28.000Z,"A esquerdalha vagabunda que bateu tanto no Bolsonaro sobre salários tá toda calada, o nojo que tenho dessa 'gente' triplica a cada dia.",0,0,1,https://twitter.com/cabogilberto/status/1647360512592584707
Leandro,@Leandro92857080,https://twitter.com/Leandro92857080/status/1647801403748806656,2023-04-17T03:17:23.000Z,"O presidente do PL também é descondenado? Foi preso por corrupção passiva e lavagem de dinheiro..e segue o baile
.",0,0,0,https://twitter.com/cabogilberto/status/1647360512592584707
marcelo luna,@marcelo42198677,https://twitter.com/marcelo42198677/status/1647385673811259395,2023-04-15T23:45:26.000Z,Kkkk e o 08/01/23,0,0,1,https://twitter.com/cabogilberto/status/1647360512592584707
TODO MAL EMANA DO STF,@Pane_Tone77,https://twitter.com/Pane_Tone77/status/1647361184117542912,2023-04-15T22:08:07.000Z,ganhou bem pela perfidia e por jogar a reputação do exercito no lixo durante as 10 décadas,0,0,0,https://twitter.com/cabogilberto/status/1647360512592584707
@dehiginomarcia,@dehiginomarcia,https://twitter.com/dehiginomarcia8/status/1647414398166659073,2023-04-16T01:39:34.000Z,"Enquanto os deputados, senadores e demais autoridades conservadoras não descobrirem as chantagens da Vaza Jato, todo o Brasil será refém do Verdevaldo que pôs as gravações dos hackers na mão do PT via Manoela d'Avila, desde o mais simples cidadão até os poderosos do STF❗ACORDEM!",0,0,0,https://twitter.com/cabogilberto/status/1647360512592584707
Paulo Panick,@PauloLo31155114,https://twitter.com/PauloLo31155114/status/1647539261342711808,2023-04-16T09:55:44.000Z,Sempre falei que os genarecos estão recebendo milhões em propinas. Para apoiar a implantação do socialismo no Brasil. Mas o povo é burro e não acreditam.,0,1,0,https://twitter.com/cabogilberto/status/1647360512592584707
Jeferson Brasil,@Jeff857802501,https://twitter.com/Jeff857802501/status/1647598012284436481,2023-04-16T13:49:11.000Z,TUDO SE EXCLARECENDO... A CASERNA VENDEU O BRASIL...  ESSES GENERAIS SERÃO LEMBRADOS PELA A ETERNIDADE  COMO OS TRAIDORES E COVARDES.. QUE A DESONRA OS ACOMPANHE PELA ETERNIDADE E QUE SE ENVERGONHE ETERNAMENTE POR SUAS COVARDIAS,0,0,0,https://twitter.com/cabogilberto/status/1647360512592584707
Jeff,@Jeffersonsr82,https://twitter.com/Jeffersonsr82/status/1647561241815138306,2023-04-16T11:23:04.000Z,OPA!,0,0,0,https://twitter.com/cabogilberto/status/1647360512592584707
Dirceu Rodrigues,@dzrodrigues,https://twitter.com/dzrodrigues/status/1647389691270799367,2023-04-16T00:01:24.000Z,Comissão por 'lealdade'... VERGONHA!!!,0,0,0,https://twitter.com/cabogilberto/status/1647360512592584707
Angelma Santos,@angelma_santos,https://twitter.com/angelma_santos/status/1647713548057956353,2023-04-16T21:28:17.000Z,Colhendo o aumento que o Bozo deu.,0,0,1,https://twitter.com/cabogilberto/status/1647360512592584707
