nome,usuario,idTweet,dataPublicacao,texto,replies,retweets,likes,tweetPai
rhp-rj,@rhprj,https://twitter.com/rhprj/status/1647933918438469632,2023-04-17T12:03:57.000Z,"Em vez de livros e cultura, a direita oferece ignorância, armas e ódio

Que sociedade queremos contruir?",0,0,0,https://twitter.com/BohnGass/status/1647777929986813955
Esfinge,@Esfinge51858057,https://twitter.com/Esfinge51858057/status/1648114056618729479,2023-04-17T23:59:46.000Z,Tem que ensinar desde cedo a se defender da bandidagem.,0,0,0,https://twitter.com/BohnGass/status/1647777929986813955
Luiz Matias,@LuizMat13946260,https://twitter.com/LuizMat13946260/status/1648128160972636162,2023-04-18T00:55:48.000Z,"Agora,mutilar crianças  seguindo a Apologia de genero pode??",0,0,0,https://twitter.com/BohnGass/status/1647777929986813955
Dyler_Turden,@DylerTurden5150,https://twitter.com/DylerTurden5150/status/1648079070167552001,2023-04-17T21:40:44.000Z,👍🏻,0,0,0,https://twitter.com/BohnGass/status/1647777929986813955
Otto,@o_nigro,https://twitter.com/o_nigro/status/1647781879615987715,2023-04-17T01:59:49.000Z,Ensinem sim. Tem muito bandido por aí.,0,0,0,https://twitter.com/BohnGass/status/1647777929986813955
EU,@DarcianaOlivei2,https://twitter.com/DarcianaOlivei2/status/1647780728023707652,2023-04-17T01:55:14.000Z,Então tu nunca brincou na infância de Arminha? Nunca brincou de polícia e ladrão??? Nunca jogou vídeo game de guerra de luta ??? Desculpa aí então tu não teve infância🤣 se tu vota em ladrão e de caráter então?🤣🤣🤣🤣🤣,1,0,1,https://twitter.com/BohnGass/status/1647777929986813955
Simone Ribeiro,@SimoneR12849526,https://twitter.com/SimoneR12849526/status/1647810877783982080,2023-04-17T03:55:02.000Z,E ensinar criança a passar a mão em corpo nú de homem?,0,0,1,https://twitter.com/BohnGass/status/1647777929986813955
Marcia Jesus,@MarciaJ41503422,https://twitter.com/MarciaJ41503422/status/1647977209636745219,2023-04-17T14:55:59.000Z,O que tem a dizer a respeito disso! Hipócrita,0,0,1,https://twitter.com/BohnGass/status/1647777929986813955
Marcos,@marcosguedes750,https://twitter.com/marcosguedes750/status/1648063931506741258,2023-04-17T20:40:35.000Z,"Vai te sossegar, petista estúpido!#LulaLadrão",0,0,0,https://twitter.com/BohnGass/status/1647777929986813955
Paulo,@pccanela84,https://twitter.com/pccanela84/status/1647779075312812037,2023-04-17T01:48:40.000Z,"E ensinar a se defender de pessoas ruins.
Quem defende bandidos, estupradores e ladrões, valem menos que eles.",0,0,1,https://twitter.com/BohnGass/status/1647777929986813955
KobraNews,@kobraf4,https://twitter.com/kobraf4/status/1647989133057376260,2023-04-17T15:43:22.000Z,"As fraudes cometidas por @BohnGass na concessão de benefícios a agricultores pelo programa de incentivo à agricultura familiar do Ministério do Desenvolvimento Agrário (MDA), pode chegar a R$ 104 milhões. Os agricultores lesados continuaram pagando os empréstimos sem ter acesso..",0,0,1,https://twitter.com/BohnGass/status/1647777929986813955
Fora de contexte,@foradcontexte,https://twitter.com/foradcontexte/status/1647783702640861185,2023-04-17T02:07:03.000Z,Já falo isso lá no morro do alemão,0,0,1,https://twitter.com/BohnGass/status/1647777929986813955
EVJ,@eduvjr,https://twitter.com/eduvjr/status/1648004388248584193,2023-04-17T16:43:59.000Z,"Ensinar a trocar de sexo , a rebolar na garrafa , isto sim é estimular o desenvolvimento !! educação padrão PT !!",0,0,0,https://twitter.com/BohnGass/status/1647777929986813955
Lucimery Melo,@MeloLucimery,https://twitter.com/MeloLucimery/status/1647959649851781128,2023-04-17T13:46:12.000Z,VIOLÊNCIA E O MST INVADIR PROPRIEDADE PARTICULAR!!,0,0,0,https://twitter.com/BohnGass/status/1647777929986813955
