nome,usuario,idTweet,dataPublicacao,texto,replies,retweets,likes,tweetPai
BUSTER GUNSLINGER,@BusterScruggs12,https://twitter.com/BusterScruggs12/status/1647998584023818243,2023-04-17T16:20:55.000Z,😂😂😂😂😂😂😂😂,1,0,31,https://twitter.com/cabogilberto/status/1647991361214316544
Josenia,@jJoseniakk,https://twitter.com/jJoseniakk/status/1647991730334048265,2023-04-17T15:53:41.000Z,"Quero ter o prazer de divulgar todos os dias os trairás que retirarem suas assinaturas, e tb quem não assinou.",0,0,1,https://twitter.com/cabogilberto/status/1647991361214316544
Jenny,@Jenifer22711941,https://twitter.com/Jenifer22711941/status/1647992198728671243,2023-04-17T15:55:33.000Z,#NINGUEMDORME  #estamosdeolhonocongresso,0,0,0,https://twitter.com/cabogilberto/status/1647991361214316544
leal,@adelanioapolin1,https://twitter.com/adelanioapolin1/status/1647992318073479171,2023-04-17T15:56:01.000Z,Vamos simbora,0,0,0,https://twitter.com/cabogilberto/status/1647991361214316544
CLEBER C RUMBELSPERGER Filiado ao PT,@cleberadv,https://twitter.com/cleberadv/status/1648074614206078977,2023-04-17T21:23:02.000Z,Nos que ficarem.,0,0,0,https://twitter.com/cabogilberto/status/1647991361214316544
Cláudia Fialho,@CludiaFialho6,https://twitter.com/CludiaFialho6/status/1648013148899647491,2023-04-17T17:18:47.000Z,Enquanto não exigirem “voto impresso nas urnas eletrônicas” ninguém tem medo de não ser reeleito… @cabogilberto,0,0,1,https://twitter.com/cabogilberto/status/1647991361214316544
Bete Edna,@Betedna,https://twitter.com/Betedna/status/1648094153731964934,2023-04-17T22:40:41.000Z,E adianta  saber em que vc vai votar?,0,0,1,https://twitter.com/cabogilberto/status/1647991361214316544
Bruno Sá,@BrunoSa58,https://twitter.com/BrunoSa58/status/1648023593505153024,2023-04-17T18:00:18.000Z,Já aprenderam desde da última,0,0,1,https://twitter.com/cabogilberto/status/1647991361214316544
Lú Ramos,@LucianaMacedoR1,https://twitter.com/LucianaMacedoR1/status/1647993631494533125,2023-04-17T16:01:14.000Z,@pinheirinhomg MG está de olho.,0,0,0,https://twitter.com/cabogilberto/status/1647991361214316544
Dê Moraes,@moraesde4,https://twitter.com/moraesde4/status/1648010712512339975,2023-04-17T17:09:07.000Z,REAJA BRASIL 🇧🇷🗽#CPMI08JaneiroUrgente,0,0,2,https://twitter.com/cabogilberto/status/1647991361214316544
John Barros,@jhnbarros,https://twitter.com/jhnbarros/status/1648009923370930177,2023-04-17T17:05:58.000Z,Supremo é meu ovo,0,0,0,https://twitter.com/cabogilberto/status/1647991361214316544
Higor Gonçalves,@higorgoncalves,https://twitter.com/higorgoncalves/status/1648023563629219843,2023-04-17T18:00:11.000Z,"Tipo, não votar em você.",0,0,1,https://twitter.com/cabogilberto/status/1647991361214316544
Xavi Lima,@XaviLima5,https://twitter.com/XaviLima5/status/1648003329618747404,2023-04-17T16:39:46.000Z,"Quero ver se vai tem a mesma coragem da CPI do DF ou vai virar mais uma CPI 🎪 igual a da COVID que não convocou Gabas.
Convocar esquerda e direita e os  pastores e empresários que foram peça duvidosa nessa invasão",0,0,0,https://twitter.com/cabogilberto/status/1647991361214316544
euzebiootico@gmail.com,euzebiootico@gmail.com,https://twitter.com/euzebiootico/status/1648001348737048595,2023-04-17T16:31:54.000Z,Não podem tirar assinaturas após a leitura do relatório? Assim não haveria tempo para novas assinaturas?,0,0,0,https://twitter.com/cabogilberto/status/1647991361214316544
Márcia Valle,@marcia_valle11,https://twitter.com/marcia_valle11/status/1648019467828338690,2023-04-17T17:43:54.000Z,🙏🏾🙏🏾🙏🏾🙏🏾Vermes como vc NUNCA mais,0,0,0,https://twitter.com/cabogilberto/status/1647991361214316544
Jeferson Brasil,@Jeff857802501,https://twitter.com/Jeff857802501/status/1647993472899588097,2023-04-17T16:00:36.000Z,O Brasil está!,0,0,0,https://twitter.com/cabogilberto/status/1647991361214316544
Lene Paixão,@LenePaixao1,https://twitter.com/LenePaixao1/status/1648127226808770562,2023-04-18T00:52:06.000Z,#CPMI08DEJANEIROJÁ,0,0,1,https://twitter.com/cabogilberto/status/1647991361214316544
