nome,usuario,idTweet,dataPublicacao,texto,replies,retweets,likes,tweetPai
SONIA FURQUIM,@SONIAFURKANN,https://twitter.com/SONIAFURKANN/status/1647428687984226306,2023-04-16T02:36:21.000Z,Já retweetei todas as suas postagens por estado 👊👊. Obrigada pelo belo trabalho que está fazendo deputado !!,0,0,1,https://twitter.com/andrefernm/status/1647376757656305667
Abe_,@Abgf_Brasil,https://twitter.com/Abgf_Brasil/status/1647399630907269128,2023-04-16T00:40:53.000Z,"Libere relação com as redes sociais deles.
Assim podemos marcá-los por estado, os que assinaram e os que não assinaram ainda.",1,1,11,https://twitter.com/andrefernm/status/1647376757656305667
Marcelo Lemos,@Marcelo40464992,https://twitter.com/Marcelo40464992/status/1647402401622622209,2023-04-16T00:51:54.000Z,"Parabéns por sua luta, deputado!👏🏻👏🏻👏🏻🇧🇷🇧🇷🇧🇷",0,1,6,https://twitter.com/andrefernm/status/1647376757656305667
Marcelo Lemos,@Marcelo40464992,https://twitter.com/Marcelo40464992/status/1647553608160886785,2023-04-16T10:52:44.000Z,"Deputado @andrefernm os deputados que ameaçam tirar a assinatura da #CPMI são de quais partidos? Compartilha, por favor, a lista dos que assinaram por estado. Para podermos marcar esses possíveis “traidores”, ok?",0,0,0,https://twitter.com/andrefernm/status/1647376757656305667
Marcelo Lemos,@Marcelo40464992,https://twitter.com/Marcelo40464992/status/1647574088628535297,2023-04-16T12:14:07.000Z,#CPMI08dejaneiro,0,0,0,https://twitter.com/andrefernm/status/1647376757656305667
Dr. Pedro Lima,@PedroLimaFilho2,https://twitter.com/PedroLimaFilho2/status/1647398434146582531,2023-04-16T00:36:08.000Z,A câmara dos deputados não pode se eximir de uma investigação que é tão importante para dirimir as dúvidas quanto aos reais mentores da baderna e dos materiais ocorridos em 08 de janeiro de 2023.,2,4,10,https://twitter.com/andrefernm/status/1647376757656305667
Maria Lucia,@MariaMariaUnica,https://twitter.com/MariaMariaUnica/status/1647420323396976641,2023-04-16T02:03:07.000Z,Deus tenha misericórdia!!!,0,0,0,https://twitter.com/andrefernm/status/1647376757656305667
Reginaldo Vieira,@Reginal23011557,https://twitter.com/Reginal23011557/status/1647388628266414082,2023-04-15T23:57:10.000Z,"Ótimo trabalho.  Mas com o dinheiro que a quadrilha está injetando pra CPMI  não acontecer, muita gente que assinou não irá resistir.  Infelizmente nossa classe política é muito corrupta.",0,3,17,https://twitter.com/andrefernm/status/1647376757656305667
NEY@GOMES,NEY@GOMES,https://twitter.com/NEYGOME13366332/status/1647462984103473152,2023-04-16T04:52:38.000Z,Pacheco não vai ler deputado.,0,0,0,https://twitter.com/andrefernm/status/1647376757656305667
R Luiz,@RLuiz_72,https://twitter.com/RLuiz_72/status/1647379192793772034,2023-04-15T23:19:41.000Z,Boa iniciativa..agora e com o povo..,1,4,17,https://twitter.com/andrefernm/status/1647376757656305667
Roberto,@Roberto39797088,https://twitter.com/Roberto39797088/status/1647382902789816320,2023-04-15T23:34:25.000Z,Parabéns deputado você fez a sua parte.,1,1,4,https://twitter.com/andrefernm/status/1647376757656305667
@Cris_Calisto,@Cris_Calisto,https://twitter.com/CrisCalisto4/status/1647413630495870976,2023-04-16T01:36:31.000Z,"Votei no @RomarioOnze pra nunca mais. Vc liga pro gabinete e ninguém atende,  manda zap e é ignorado e agora não assina a CPMI do 08/01? Esse faço questão de fazer campanha contra. Já tá fazendo hora extra no Congresso.",1,6,36,https://twitter.com/andrefernm/status/1647376757656305667
OlivinoLud,@OlivinoLud,https://twitter.com/OlivinoLud/status/1647413919298797568,2023-04-16T01:37:40.000Z,"Deputado somos gratos pelo seu esforço, mas Pacheco vai enrolar até o último segundo.    @rodrigopacheco aproveite seu último mandato porque iremos nos empenhar para que o senhor nunca mais seja eleito para nada.  Você é  péssimo senador, contrário ao povo.",0,2,2,https://twitter.com/andrefernm/status/1647376757656305667
Helena Araújo,@helenamsa29,https://twitter.com/helenamsa29/status/1647391889119670274,2023-04-16T00:10:08.000Z,"Infelizmente, só vou acreditar, quando começar a CPMI. Não estou confiante no ser humano!",0,0,9,https://twitter.com/andrefernm/status/1647376757656305667
Joferlu - Meu para bolsonaristas e venturistas,@Jolufer1957,https://twitter.com/Jolufer1957/status/1647405772299464711,2023-04-16T01:05:18.000Z,"Deputado Rapoku!
Já que estás com tempo a sobrar comenta aqui estas notícias",3,0,15,https://twitter.com/andrefernm/status/1647376757656305667
C.,@cristin91524525,https://twitter.com/cristin91524525/status/1647383704606580737,2023-04-15T23:37:36.000Z,Compartilhei todos.,0,2,10,https://twitter.com/andrefernm/status/1647376757656305667
kbarbosilva,@kbarbosilva1,https://twitter.com/kbarbosilva1/status/1647382231218892800,2023-04-15T23:31:45.000Z,"Muito obrigada! Já cobrei e continuarei cobrando!
Só não assinaram os que temem a verdade!#CPMIdo08deJaneiroJá #CPMI08dejaneiro Já!",0,1,3,https://twitter.com/andrefernm/status/1647376757656305667
Terra Redonda,@michaelpavoni2,https://twitter.com/michaelpavoni2/status/1647378290708037634,2023-04-15T23:16:05.000Z,Falta quantos dias para o @jairbolsonaro ser ouvido 👂 novamente pela PF?,0,0,6,https://twitter.com/andrefernm/status/1647376757656305667
Elisa,@Elisa53771644,https://twitter.com/Elisa53771644/status/1647378052395966465,2023-04-15T23:15:09.000Z,Obrigada Deputado! Estou cobrando.,1,0,2,https://twitter.com/andrefernm/status/1647376757656305667
Leonor Brito,@bLeonorBrito,https://twitter.com/bLeonorBrito/status/1647605405898493953,2023-04-16T14:18:34.000Z,Os que ñ assinarem e os que retirarem sua assinatura lembrem-se que as eleições estão logo ali!Não serão eleitos para nada!,0,0,0,https://twitter.com/andrefernm/status/1647376757656305667
EDmario Jobat,@edmariojobatpe,https://twitter.com/edmariojobatpe/status/1647564064124547073,2023-04-16T11:34:17.000Z,"Mas que phopho. O sr. é investigado por conta dos atos golpistas de 08/01 e se acha com moral pra propor CPI sobre os mesmos atos? Consultou o Jusbrasil, pelo menos?",1,0,1,https://twitter.com/andrefernm/status/1647376757656305667
Ricardo Ferraz,@Ricardo_PFerraz,https://twitter.com/Ricardo_PFerraz/status/1647406294746243073,2023-04-16T01:07:22.000Z,Vc foi fantástico André 👊👊,0,0,0,https://twitter.com/andrefernm/status/1647376757656305667
Grazi De A. B.,@after_or,https://twitter.com/after_or/status/1647377818672611329,2023-04-15T23:14:13.000Z,"@andrefernm no RS tu fala em Marcon, que não teria assinado. Mas estou acompanhando o @Maubmarcon declaradamente assinado. A quem te referes?",2,1,5,https://twitter.com/andrefernm/status/1647376757656305667
Osvaldo,@oboaventura,https://twitter.com/oboaventura/status/1647585110726787074,2023-04-16T12:57:55.000Z,Manda o link ?,0,0,0,https://twitter.com/andrefernm/status/1647376757656305667
LUIZ CARLOS HENRIQUE,@l28henriques,https://twitter.com/l28henriques/status/1647488460876394496,2023-04-16T06:33:52.000Z,"Eu não vi esses vídeos não, vc postou quando",1,0,2,https://twitter.com/andrefernm/status/1647376757656305667
FRANCO,@rsf0000_franco,https://twitter.com/rsf0000_franco/status/1647680187721568262,2023-04-16T19:15:43.000Z,Deputado? Tá estudando para formular as perguntas que serão feitas??,0,0,0,https://twitter.com/andrefernm/status/1647376757656305667
Pagina Aberta 22,@Paginaaberta22,https://twitter.com/Paginaaberta22/status/1647390291513561088,2023-04-16T00:03:47.000Z,"Rasgaram a Constituição e soltaram um bandido para eleger. Prenderam inocentes aos montes e destruiram um sistema eleitoral.
Agora vocês acham que depois de tudo isso vão deixar que uma CPMI destrua o que eles fizeram?
Por isso que os conservadores só apanham.
Não aprendem nada!",3,3,21,https://twitter.com/andrefernm/status/1647376757656305667
Sergio Cardoso,@Verdesserg,https://twitter.com/Verdesserg/status/1647399348349616129,2023-04-16T00:39:46.000Z,"Senhor Congressista, abra uma super live com outros parlamentares e faça uma vigília.",2,0,3,https://twitter.com/andrefernm/status/1647376757656305667
Emerson,@emersom_renosto,https://twitter.com/emersom_renosto/status/1647437800675868672,2023-04-16T03:12:34.000Z,Até agora !,0,0,0,https://twitter.com/andrefernm/status/1647376757656305667
ZELINA LANGA,@ZelinaLanga,https://twitter.com/ZelinaLanga/status/1647670144783597568,2023-04-16T18:35:49.000Z,"Obrigada @andrefernm, continue pelejando por nós.",0,0,0,https://twitter.com/andrefernm/status/1647376757656305667
Projetista,@Projetista2,https://twitter.com/Projetista2/status/1647592062798184454,2023-04-16T13:25:33.000Z,"Lembrete:
Não deixa passar o prazo de raspar o teu caneco.",0,0,1,https://twitter.com/andrefernm/status/1647376757656305667
Rolexeiro,@geiolima,https://twitter.com/geiolima/status/1647377233525321729,2023-04-15T23:11:53.000Z,Quando o Sr pretende começar a  trabalhar e tentar honrar os votos que recebeu?,4,0,13,https://twitter.com/andrefernm/status/1647376757656305667
Habib Paraty,@HabibParaty,https://twitter.com/HabibParaty/status/1647482004240232449,2023-04-16T06:08:13.000Z,O Brasil tá de OLHO 👁🇧🇷👁,0,0,0,https://twitter.com/andrefernm/status/1647376757656305667
Rolexeiro,@geiolima,https://twitter.com/geiolima/status/1647376933573869576,2023-04-15T23:10:42.000Z,😂😂😂,3,1,16,https://twitter.com/andrefernm/status/1647376757656305667
RCostenaro,@R_Costenaro,https://twitter.com/R_Costenaro/status/1647438724798509058,2023-04-16T03:16:14.000Z,E como está? Tem assinaturas o suficiente?,0,0,0,https://twitter.com/andrefernm/status/1647376757656305667
Seu Boston,@SeuBostonn,https://twitter.com/SeuBostonn/status/1647734659348942853,2023-04-16T22:52:10.000Z,Raspacooll,0,0,0,https://twitter.com/andrefernm/status/1647376757656305667
Andreia Fernandes,@AndreiaF2700,https://twitter.com/AndreiaF2700/status/1647714460373491715,2023-04-16T21:31:55.000Z,E a CPI das jóias? Já assinou? Queremos punição para quem tentou roubar patrimônio público.,0,0,0,https://twitter.com/andrefernm/status/1647376757656305667
Lux Lucidum,@LLucidum,https://twitter.com/LLucidum/status/1647430268322553856,2023-04-16T02:42:38.000Z,#CPMIJÁ,0,0,0,https://twitter.com/andrefernm/status/1647376757656305667
Nivea Veiga,@NiveaVeiga2,https://twitter.com/NiveaVeiga2/status/1647391789228204033,2023-04-16T00:09:44.000Z,Obrigada Deputado!,0,0,4,https://twitter.com/andrefernm/status/1647376757656305667
Brenda Cardoso,@brendatomtex,https://twitter.com/brendatomtex/status/1647424026610900995,2023-04-16T02:17:50.000Z,Deus abençoe contamos com todas as assinaturas pelo bem do Brasil 🇧🇷,0,0,0,https://twitter.com/andrefernm/status/1647376757656305667
Luciano Santos de Hollanda,@HollandaLuciano,https://twitter.com/HollandaLuciano/status/1647457465854820358,2023-04-16T04:30:42.000Z,Mama eu,0,0,0,https://twitter.com/andrefernm/status/1647376757656305667
Giuloun,@GIULOUN,https://twitter.com/GIULOUN/status/1647627160872427523,2023-04-16T15:45:01.000Z,Acabou pra vocês .. desistam,0,0,0,https://twitter.com/andrefernm/status/1647376757656305667
Rodrigo Muniz,@MunizP13,https://twitter.com/MunizP13/status/1647443421102059521,2023-04-16T03:34:54.000Z,@RomarioOnze,0,1,1,https://twitter.com/andrefernm/status/1647376757656305667
Osni Quandt,@OsniQuandt,https://twitter.com/OsniQuandt/status/1647661396241309697,2023-04-16T18:01:03.000Z,Busquem novas assinaturas ....não aguardem a hora final...,0,1,1,https://twitter.com/andrefernm/status/1647376757656305667
Rodolpho Silva Marques,@RodolphoSilvaM5,https://twitter.com/RodolphoSilvaM5/status/1647587372840673280,2023-04-16T13:06:55.000Z,Alguém assinou?,0,0,0,https://twitter.com/andrefernm/status/1647376757656305667
Taís Prado,@TasPrado5,https://twitter.com/TasPrado5/status/1647665471678758921,2023-04-16T18:17:15.000Z,"Aquele que tirou o nome, Aqueles que não assinaram daqui á três anos e meio temos votar de novo,não esqueçam.",0,0,1,https://twitter.com/andrefernm/status/1647376757656305667
Mary,@socorrojara1,https://twitter.com/socorrojara1/status/1647379524613464064,2023-04-15T23:21:00.000Z,"@andrefernm , agora é só aguardar , se não acontecer , vocês verão o que acontecerá nas próximas eleições , não precisamos de vocês , e sim quem ama a vida fácil precisa de nós , (fácil) salário .",1,0,10,https://twitter.com/andrefernm/status/1647376757656305667
Thiago Marques,@thiagosms21,https://twitter.com/thiagosms21/status/1647382801929449472,2023-04-15T23:34:01.000Z,Vamos pressionar os deputados e senadores para manter!! E aqueles qu retirarem serão extirpados da política nacional.,3,1,4,https://twitter.com/andrefernm/status/1647376757656305667
Jorge Cardozo Cabral,@JorgeCardozoCa2,https://twitter.com/JorgeCardozoCa2/status/1647427381043273729,2023-04-16T02:31:10.000Z,"Perguntei ao nobre deputado do Espírito Santo @amaronetotv e ele me disse que não tem como mais assinar, que arrependimento de ter votado nele",0,3,3,https://twitter.com/andrefernm/status/1647376757656305667
Araceli Buzzi Teixeira,@AraceliBuzzi,https://twitter.com/AraceliBuzzi/status/1647561740802990088,2023-04-16T11:25:03.000Z,"@gilbertokassab contamos com a bancada do PSD Partido Social DEMOCRATICO para que faça juz ao nome e cumpra seu papel para com a verdade. Inocentes estão presos, o povo clama. #CPMI08dejaneiro",0,2,6,https://twitter.com/andrefernm/status/1647376757656305667
Terezinha Fernandes,@tere_nandes,https://twitter.com/tere_nandes/status/1647380075568852993,2023-04-15T23:23:11.000Z,Solução: MOBILIZAÇÃO PELO IMPEACHMENT DO PINGUÇO!#ImpeachmentDoLulaJá,0,2,10,https://twitter.com/andrefernm/status/1647376757656305667
jussara maria,@jussaramaria762,https://twitter.com/jussaramaria762/status/1647453065337815040,2023-04-16T04:13:13.000Z,Patriotas presos e o bolso cheio do,0,1,2,https://twitter.com/andrefernm/status/1647376757656305667
Adelaide,@Adelaid68837421,https://twitter.com/Adelaid68837421/status/1647379345017655306,2023-04-15T23:20:17.000Z,TMJ nessa guerra Deputado,1,0,1,https://twitter.com/andrefernm/status/1647376757656305667
Ezequiel colussi,@zack_bike,https://twitter.com/zack_bike/status/1647559315895513088,2023-04-16T11:15:25.000Z,"@andrefernm acredito que seja mais útil,  fazer a lista de quem já assinou,  pra ver o nome dos sem vergonha que possam retirar as suas assinaturas.",0,1,3,https://twitter.com/andrefernm/status/1647376757656305667
Frank M.M,@FrankMelloMota1,https://twitter.com/FrankMelloMota1/status/1647379386025353219,2023-04-15T23:20:27.000Z,Aqui em MG estamos cobrando dos deputados!#CPMISim,0,2,13,https://twitter.com/andrefernm/status/1647376757656305667
RACHAdaMichelle,@Cohen_Leco,https://twitter.com/Cohen_Leco/status/1647555202281533441,2023-04-16T10:59:04.000Z,O rasp@ku punhetando sempre as mesmas postagens,0,0,3,https://twitter.com/andrefernm/status/1647376757656305667
Tereza sou de corpo e alma :,@TerezaFelipeGo,https://twitter.com/TerezaFelipeGo/status/1647397323511681026,2023-04-16T00:31:43.000Z,Deus vai tocar nós deputados q ñ assinou p assinar. 🙏🙏🙏,0,1,2,https://twitter.com/andrefernm/status/1647376757656305667
Paulo Pereira,@pauloctp1,https://twitter.com/pauloctp1/status/1647527409304961024,2023-04-16T09:08:38.000Z,"Aqui na Alta Mogiana SP, já mandei e-mail pro Ricardo Silva, Baleia Rossi e Arnaldo Jardim sobre 08/01 e nenhum respondeu. Sempre tiveram boas votações na Alta Mogiana, mas não se posicionam",0,0,1,https://twitter.com/andrefernm/status/1647376757656305667
Marcelo Mahé,@MarceloMahe,https://twitter.com/MarceloMahe/status/1647377300160147457,2023-04-15T23:12:09.000Z,Tem que colocar mais assinaturas para compensar os vendidos que vão aparecer nesses 2 dias que faltam.,0,0,14,https://twitter.com/andrefernm/status/1647376757656305667
Ricardo J Kevedo,@kevedo_j58,https://twitter.com/kevedo_j58/status/1647377689362198530,2023-04-15T23:13:42.000Z,"É preciso mudar a lei câmara, assinou o prazo tem que ser apenas 1 dia depois não retirar.",0,0,3,https://twitter.com/andrefernm/status/1647376757656305667
Paty Castro,@PatyCas88700908,https://twitter.com/PatyCas88700908/status/1647394409053409281,2023-04-16T00:20:08.000Z,@RomarioOnze já assinou?,0,2,2,https://twitter.com/andrefernm/status/1647376757656305667
Paulo Lula Gomes,@GomesGrpjr40,https://twitter.com/GomesGrpjr40/status/1647407376448864257,2023-04-16T01:11:40.000Z,Tic-tac tic-tac tic-tac tic-tac tic-tac tic-tac tic-tac tic-tac tic-tac,0,1,19,https://twitter.com/andrefernm/status/1647376757656305667
RPJunior,@Rpjunior71,https://twitter.com/Rpjunior71/status/1647484103690706944,2023-04-16T06:16:33.000Z,Rapou o cool hoje pilantra? Ou vai deixar do jeito que o camarada gosta?,0,0,2,https://twitter.com/andrefernm/status/1647376757656305667
Michel Silva,@MichelsilvaDB,https://twitter.com/MichelsilvaDB/status/1647391082127187968,2023-04-16T00:06:55.000Z,Tem que ter alguma forma de ninguém tirar o nome da lista,0,1,4,https://twitter.com/andrefernm/status/1647376757656305667
Rachel,@RachelGuimares9,https://twitter.com/RachelGuimares9/status/1647432761303617537,2023-04-16T02:52:32.000Z,Esse é o único país que um investigado quer abrir cpmi do ato investigatório!!,2,0,7,https://twitter.com/andrefernm/status/1647376757656305667
Dimaqueuso,@Dmagueus1,https://twitter.com/Dmagueus1/status/1647605558214533122,2023-04-16T14:19:10.000Z,"DIGA PARA OS DEPUTADOS E SENADORES QUE NÃO SERÁ CUMPRIDO O QUE FOI PROMETIDO.. O LULADÃO FEZ ISSO NO MENSALÃO, PROMETEU E NÃO CUMPRIU. ROBERTO JEFFERSON ENTREGOU O ESQUEMA POR CONTA DISSO, TOMARAM UM CALOTE.. ISSO VAI ACONTECER COM OS PARLAMENTARES QUE RETIRAREM AS ASSINATURAS!😉",0,1,2,https://twitter.com/andrefernm/status/1647376757656305667
Vinny lewas sccp,@JrBless6,https://twitter.com/JrBless6/status/1647399803309965314,2023-04-16T00:41:34.000Z,🤣🤣🤣,0,0,0,https://twitter.com/andrefernm/status/1647376757656305667
Ana Maria Parreira,@anamariaparre1,https://twitter.com/anamariaparre1/status/1647662296494219265,2023-04-16T18:04:38.000Z,Parabens!!! Era isso mesmo que precisava. E eu mandando e-mail para cada deputado…. Acho que eles nem abrem….,0,0,0,https://twitter.com/andrefernm/status/1647376757656305667
Solanir Faria Brito Corrêa,@SolanirBrito,https://twitter.com/SolanirBrito/status/1647696901494513664,2023-04-16T20:22:08.000Z,Parabéns pelo seu trabalho Deputado @andrefernm,0,0,0,https://twitter.com/andrefernm/status/1647376757656305667
Ximenes,@TalitaXimenes,https://twitter.com/TalitaXimenes/status/1647583990864379904,2023-04-16T12:53:28.000Z,"Passa o teu vídeo, ensinando as técnicas de RASPAR O FIO O FO para nós compartilhamos nos 27 estados. No aguardo",0,0,0,https://twitter.com/andrefernm/status/1647376757656305667
Felippe Posca,@FelippePosca,https://twitter.com/FelippePosca/status/1647686672258146306,2023-04-16T19:41:29.000Z,Ahhhh vai raspar o cool,0,0,0,https://twitter.com/andrefernm/status/1647376757656305667
Airine,@LucreciaSampaio,https://twitter.com/LucreciaSampaio/status/1647439044370898944,2023-04-16T03:17:30.000Z,Qual é a situação no estado da Bahia?por favor.,0,0,0,https://twitter.com/andrefernm/status/1647376757656305667
Airine,@LucreciaSampaio,https://twitter.com/LucreciaSampaio/status/1650826728330100736,2023-04-25T11:38:57.000Z,Qual é a situação no estado da Bahia?por favor.,0,0,0,https://twitter.com/andrefernm/status/1647376757656305667
Moara Ribeiro,@MoaraRibeiro09,https://twitter.com/MoaraRibeiro09/status/1648034990062465034,2023-04-17T18:45:35.000Z,As investigações já está acontecendo em todos os parâmetros do justiça sobre isso e vcs querem CPMI pra que ?? Me explica por favor ???,0,0,0,https://twitter.com/andrefernm/status/1647376757656305667
Walnir Lapa,@lapa_walnir,https://twitter.com/lapa_walnir/status/1647594695378231297,2023-04-16T13:36:00.000Z,E aí jusbrasil? Muita pesquisa por aí?,0,0,0,https://twitter.com/andrefernm/status/1647376757656305667
joyce,@joyce80173455,https://twitter.com/joyce80173455/status/1647422344980250624,2023-04-16T02:11:09.000Z,Cadê o vídeo,0,0,0,https://twitter.com/andrefernm/status/1647376757656305667
Maria Oliveira,@MariaOl34812469,https://twitter.com/MariaOl34812469/status/1647415228878004225,2023-04-16T01:42:52.000Z,Não aceitaremos que deputado nenhum tire suas assinaturas pensem se tirarem vão sofrer as consequências nunca mais serão eleitos nós não vamos esquecer,0,0,0,https://twitter.com/andrefernm/status/1647376757656305667
Denise maria Canuto,@DenisemariaCan1,https://twitter.com/DenisemariaCan1/status/1647411176622440449,2023-04-16T01:26:46.000Z,Esses bandidos já estão todos comprados ate do pL tem gente comprado. vc e outros são guerreiros e lutam pelo nosso pais mas infelizmente não estamos vendo sainda 😢mais uma vez o sistema vençeu,0,0,0,https://twitter.com/andrefernm/status/1647376757656305667
cleonice Oliveira Machado,@cleonic40710031,https://twitter.com/cleonic40710031/status/1647410381613154307,2023-04-16T01:23:37.000Z,Queremos justiça 👊 CPMI já passou da hora.,0,0,0,https://twitter.com/andrefernm/status/1647376757656305667
Esperança Equilibrista,@AlicePM,https://twitter.com/AlicePM/status/1647566936853676034,2023-04-16T11:45:42.000Z,"Não, obrigada.",0,0,0,https://twitter.com/andrefernm/status/1647376757656305667
Ivete da Silva,@Iveteda93643165,https://twitter.com/Iveteda93643165/status/1647564777021947905,2023-04-16T11:37:07.000Z,#semAnistiaPraGolpista,0,0,0,https://twitter.com/andrefernm/status/1647376757656305667
Fala Sério,@MarcileneRodr17,https://twitter.com/MarcileneRodr17/status/1647836313104646144,2023-04-17T05:36:07.000Z,"Deputado @andrefernm ouvi dizer que depois da leitura da CPMI pelo Pacheco, ainda tem um prazo de 24 horas para quem quiser retirar sua assinatura, isso é verdade?????",0,0,0,https://twitter.com/andrefernm/status/1647376757656305667
Eimar,@eimarcsantos,https://twitter.com/eimarcsantos/status/1647593928697192449,2023-04-16T13:32:58.000Z,Shauahauaha,0,0,0,https://twitter.com/andrefernm/status/1647376757656305667
Luiz Gonzaga,@roybabbosa,https://twitter.com/roybabbosa/status/1647761175088693249,2023-04-17T00:37:32.000Z,Publique a lista com as redes sociais de cada um deles.,0,0,0,https://twitter.com/andrefernm/status/1647376757656305667
Michel Silva,@MichelsilvaDB,https://twitter.com/MichelsilvaDB/status/1647391209453674496,2023-04-16T00:07:26.000Z,Some com essa lista e só aparece com ela no dia da leitura.,0,0,1,https://twitter.com/andrefernm/status/1647376757656305667
is stadnik,@raiox1,https://twitter.com/raiox1/status/1647429539172057101,2023-04-16T02:39:44.000Z,Deputado.. até  quantas assinaturas podemos perder?,1,0,0,https://twitter.com/andrefernm/status/1647376757656305667
Carina Lima,@CarinaL69358443,https://twitter.com/CarinaL69358443/status/1647394749920292864,2023-04-16T00:21:30.000Z,Infelizmente o @RomarioOnze não tem caráter. Covardia com seus eleitores,0,0,0,https://twitter.com/andrefernm/status/1647376757656305667
Cristiano Goiaba,@CristianoGoiaba,https://twitter.com/CristianoGoiaba/status/1647543713608900609,2023-04-16T10:13:25.000Z,Valai rolar 👏🏻👏🏻👏🏻👏🏻👏🏻,0,0,0,https://twitter.com/andrefernm/status/1647376757656305667
Pererê,@matitapere1,https://twitter.com/matitapere1/status/1647563915822260225,2023-04-16T11:33:42.000Z,e o jusbrasil? 😂😂😂😂,0,0,0,https://twitter.com/andrefernm/status/1647376757656305667
Vini,@melov1982,https://twitter.com/melov1982/status/1647672779657846786,2023-04-16T18:46:17.000Z,"Deputado é mais fácil ver os nomes em uma lista.
Faça uma lista de quem não assinou e deixe o resto com o povo",0,0,0,https://twitter.com/andrefernm/status/1647376757656305667
Vania Maria de Souza,@vaniacaroza,https://twitter.com/vaniacaroza/status/1647413731607887872,2023-04-16T01:36:55.000Z,"Coloca a foto deles também, plis.",0,0,0,https://twitter.com/andrefernm/status/1647376757656305667
Sobrevivente,@Sobrevivente_22,https://twitter.com/Sobrevivente_22/status/1647708429937524739,2023-04-16T21:07:57.000Z,Quem mais assinou?,0,0,0,https://twitter.com/andrefernm/status/1647376757656305667
Marcos Julio Morais,@MarcosJulioMor4,https://twitter.com/MarcosJulioMor4/status/1647673907414020097,2023-04-16T18:50:46.000Z,"Infelizmente tudo se encaminha para não ter CPI, eu fico me perguntando como esses políticos conseguem dormir tranquilos,vendo seus eleitores presos e humilhados,mas é bom para o eleitor aprender a votar certo e deixar de vender seu voto,sou de Alagoas e estou envergonhado.",0,0,0,https://twitter.com/andrefernm/status/1647376757656305667
marcia iara k harmenon,@MHarmenon,https://twitter.com/MHarmenon/status/1647586726674661376,2023-04-16T13:04:20.000Z,Cadê os,0,0,0,https://twitter.com/andrefernm/status/1647376757656305667
Daniely,@Daniquita21,https://twitter.com/Daniquita21/status/1647397487647268864,2023-04-16T00:32:22.000Z,Se essa palhaçada for p frente eu mudo de país 🤡,2,0,8,https://twitter.com/andrefernm/status/1647376757656305667
Cidadão de Bem,@cidadaodebembr,https://twitter.com/cidadaodebembr/status/1647609219791585280,2023-04-16T14:33:43.000Z,Da uma raspadinhanocool pra convencer a glr 😂😂😂,0,0,0,https://twitter.com/andrefernm/status/1647376757656305667
Daniely,@Daniquita21,https://twitter.com/Daniquita21/status/1647397211414622209,2023-04-16T00:31:17.000Z,😂😂😂😂😂😂😂,0,0,3,https://twitter.com/andrefernm/status/1647376757656305667
Bolsominion chorando,@ReacaChupaManga,https://twitter.com/ReacaChupaManga/status/1647646226240643072,2023-04-16T17:00:46.000Z,"Vou parabenizar os que não assinaram e esculhambar os que assinaram. Obrigado pelo esforço, sei que dá trabalho organizar essas informações.",0,0,1,https://twitter.com/andrefernm/status/1647376757656305667
S.A.N ☭⃠,@SanVeiga15,https://twitter.com/SanVeiga15/status/1647377743355494400,2023-04-15T23:13:55.000Z,Aqui no Amazonas infelizmente não podemos contar com os senadores!  Eles compram com migalhas os ribeirinhos e mais humildes...,1,0,7,https://twitter.com/andrefernm/status/1647376757656305667
infoemerson,@infoemerson,https://twitter.com/infoemerson/status/1647677579690758144,2023-04-16T19:05:22.000Z,"Ah, achei que era o seu vídeo de depilação íntima, manda esse link pra nós.",0,0,0,https://twitter.com/andrefernm/status/1647376757656305667
Eder Rodrigo Felix,@ederrfelix,https://twitter.com/ederrfelix/status/1647377328001908736,2023-04-15T23:12:16.000Z,@luisa_canziani irá assinar ?,0,2,3,https://twitter.com/andrefernm/status/1647376757656305667
Jack Harper,@shungrias,https://twitter.com/shungrias/status/1647596862717788161,2023-04-16T13:44:37.000Z,Boa sorte nesse serpentário. Use botas!,0,0,0,https://twitter.com/andrefernm/status/1647376757656305667
Prof Mat,@prof_mat,https://twitter.com/prof_mat/status/1647640742817415170,2023-04-16T16:38:59.000Z,É do Jusbrasil?,0,0,0,https://twitter.com/andrefernm/status/1647376757656305667
Denis Márcio,@DenisMrcio1,https://twitter.com/DenisMrcio1/status/1647386476710092800,2023-04-15T23:48:37.000Z,"Tomara que tenha gente saindo por q tem coisas mais importantes pra ser debatida aí mais vc não está nem aí.  Reforma tributária,  leis q incetiva o crescimento do país  mais isso trabalhar isso vocês não querem, so pesquisa no jus Brasil e lacrar com frase de efeito",0,0,15,https://twitter.com/andrefernm/status/1647376757656305667
R.Cantini,@CantiniRegina,https://twitter.com/CantiniRegina/status/1647409099854716934,2023-04-16T01:18:31.000Z,"Paraenses, OLIVAL MARQUES/MDB , RETIROU  a assinatura.
Irei nomear todos que retirarem ,  
de qualquer  Estado.",0,2,11,https://twitter.com/andrefernm/status/1647376757656305667
Mari,@marialpiri,https://twitter.com/marialpiri/status/1647381279665451008,2023-04-15T23:27:58.000Z,Vc é Incrível.  Estamos juntos nessa Luta e VENCEREMOS .,0,0,7,https://twitter.com/andrefernm/status/1647376757656305667
Val Santos,@ValSant97451048,https://twitter.com/ValSant97451048/status/1647432057272819712,2023-04-16T02:49:44.000Z,Quem não assinou tem interesse que o episódio continue nebuloso. E querem tão somente condenar inocentes e proteger os verdadeiros culpados.,0,0,1,https://twitter.com/andrefernm/status/1647376757656305667
Sivolc Nordic,@clovisimone,https://twitter.com/clovisimone/status/1647474436461805570,2023-04-16T05:38:08.000Z,"Tem que colocar o celular na testa antes ou depois de rezar pro pneu, senão a CPI não sai. Selva Patriotas!",0,0,3,https://twitter.com/andrefernm/status/1647376757656305667
Marcelo Oliveira,@marceloolivierr,https://twitter.com/marceloolivierr/status/1647591533707755520,2023-04-16T13:23:27.000Z,"Assinar pra quê? Se os que praticaram os atos já foram punidos, só faltam os mandantes : a familicia Bolsonaro.",0,1,1,https://twitter.com/andrefernm/status/1647376757656305667
Geber Getulio22,@gebergetulio,https://twitter.com/gebergetulio/status/1647402746243588096,2023-04-16T00:53:16.000Z,"Deus é contigo irmão, toda batalha tem um esforço tremendo , que Deus lhe dê a resiliência necessária para este tempo",0,0,2,https://twitter.com/andrefernm/status/1647376757656305667
Gabriela,@Gabriel72894728,https://twitter.com/Gabriel72894728/status/1647428977391271936,2023-04-16T02:37:30.000Z,#CPMI08dejaneiro #CPMI08dejaneiroja #CPMI08DEJANEIROJÁ #cpmi08dejaneiro2023 #cpmi8dejaneiro #CPMIJá,0,0,1,https://twitter.com/andrefernm/status/1647376757656305667
Emerson,@emersom_renosto,https://twitter.com/emersom_renosto/status/1647437654642905094,2023-04-16T03:11:59.000Z,"Precisamos de nomes dos vagabundos que não assinaram, e principalmente dos que retiraram!!",0,0,1,https://twitter.com/andrefernm/status/1647376757656305667
Suzete,@SuzeteAssisMelo,https://twitter.com/SuzeteAssisMelo/status/1647412534222245890,2023-04-16T01:32:10.000Z,#estamosdeolhonocongresso,0,0,0,https://twitter.com/andrefernm/status/1647376757656305667
Brasil acima de tudo!,@Max_Schmidt70,https://twitter.com/Max_Schmidt70/status/1647400169657323520,2023-04-16T00:43:02.000Z,Vc foi brilhante! Agora é com os eleitores! Pressão nos canalhas que dizem representar o povo!,0,0,0,https://twitter.com/andrefernm/status/1647376757656305667
Vovó Mafalda,@VovoMafalda9,https://twitter.com/VovoMafalda9/status/1647531553289826305,2023-04-16T09:25:06.000Z,https://twitter.com/tiriricanaweb?s=21&t=qVE_mfyhU5cMIFHfV0Bsyw… @tiriricanaweb NÃO assinou a CPMI 8 de janeiro,0,0,0,https://twitter.com/andrefernm/status/1647376757656305667
Vovó Mafalda,@VovoMafalda9,https://twitter.com/VovoMafalda9/status/1647531070185668610,2023-04-16T09:23:11.000Z,https://twitter.com/marcospereira04?s=21&t=qVE_mfyhU5cMIFHfV0Bsyw… NÃO assinou CPMI 8 de janeiro @marcospereira04,0,0,0,https://twitter.com/andrefernm/status/1647376757656305667
Vovó Mafalda,@VovoMafalda9,https://twitter.com/VovoMafalda9/status/1647534035902648321,2023-04-16T09:34:58.000Z,https://twitter.com/gnascimento20?s=21&t=qVE_mfyhU5cMIFHfV0Bsyw… @gnascimento20 NÃO assinou CPMI 8 de janeiro (Evangélico),0,0,3,https://twitter.com/andrefernm/status/1647376757656305667
Luk30719643,@luk307196432,https://twitter.com/luk307196432/status/1647564386872033282,2023-04-16T11:35:34.000Z,"A esquerda é rápida, quando se trata de safadeza. Mais safado ainda, serão os que sucumbirem ao ""farinha pouca, meu pirão primeiro"". Dormiram durante a eleição para presidência do senado, e continuam dormindo.",0,0,1,https://twitter.com/andrefernm/status/1647376757656305667
Henrique,@Henriqu76418055,https://twitter.com/Henriqu76418055/status/1647415019464949760,2023-04-16T01:42:02.000Z,O cara tem que ser muito safado para retirar a assinatura no último dia.,0,0,0,https://twitter.com/andrefernm/status/1647376757656305667
Tiii,@tsvesp,https://twitter.com/tsvesp/status/1647599427010326528,2023-04-16T13:54:48.000Z,"Quero ver o que esses deputados da oposição vão inventar para não trabalhar pelo país qnd essa CPMI melar de vez, enquanto eles ficam nessa para enganar o gado doente vão achar qq coisinha para atrapalhar o país, o povo e desenvolvimento!",0,0,0,https://twitter.com/andrefernm/status/1647376757656305667
Luiza Maia,@LuizaMa53414948,https://twitter.com/LuizaMa53414948/status/1647589601727356928,2023-04-16T13:15:46.000Z,"Dep @andrefernm  tem uma posição atualizada de quantas assinaturas temos, até o momento? Queremos #CPMI08DEJANEIROJÁ  @rodrigopacheco",0,0,2,https://twitter.com/andrefernm/status/1647376757656305667
Eddie de Esquerda,@EddieEsquerda,https://twitter.com/EddieEsquerda/status/1647424723473645568,2023-04-16T02:20:36.000Z,No vídeo você ensina os patriOTÁRIOS a depilar o TOBA?,0,0,1,https://twitter.com/andrefernm/status/1647376757656305667
Carlos Renato,@crenatovb,https://twitter.com/crenatovb/status/1647382279553970177,2023-04-15T23:31:56.000Z,Cadê os deputados que não assinaram a CPMI para investigar os atos de 08/01? Não decepcione o povo do ES. Queremos os verdadeiros culpados atrás das grades. Não se junte ao governo morimbudo de Lula. @amaronetotv @DeputadoFoletto @DepDrVictor @gilsondani,0,0,2,https://twitter.com/andrefernm/status/1647376757656305667
RACHAdaMichelle,@Cohen_Leco,https://twitter.com/Cohen_Leco/status/1647555839186616321,2023-04-16T11:01:36.000Z,@FlavioDino @alexandre @POTUS @IntlCrimCourt picareta$ @carlosjordy @CarlosBolsonaro @BolsonaroSP @jairbolsonaro @FlavioBolsonaro @renatajbarreto,0,0,1,https://twitter.com/andrefernm/status/1647376757656305667
Dê Moraes,@moraesde4,https://twitter.com/moraesde4/status/1647392899779133441,2023-04-16T00:14:09.000Z,REAJA BRASIL 🇧🇷🗽#CPMI08JaneiroUrgente,0,1,3,https://twitter.com/andrefernm/status/1647376757656305667
Rodrigo Luis Veloso,@rodrigoluisvelo,https://twitter.com/rodrigoluisvelo/status/1647447210345259010,2023-04-16T03:49:57.000Z,"Prfv, pare, palhaço! O Brasil tem problemas para resolver. Não podemos perder tempo com sua agenda de autopromoção",1,2,13,https://twitter.com/andrefernm/status/1647376757656305667
"Foi Mal, tava doidão",@CesarBCSC,https://twitter.com/CesarBCSC/status/1647377962709180416,2023-04-15T23:14:47.000Z,O vídeo.... ensinando como raspar o 👌,1,0,0,https://twitter.com/andrefernm/status/1647376757656305667
Coração de Lata,@marciatere05,https://twitter.com/marciatere05/status/1647389309572399110,2023-04-15T23:59:53.000Z,"Infelizmente a maioria dos parlamentares não está nem aí para quem os colocou lá, a pátria é o que menos importa..
Pode ter certeza que quem tr@ir o povo brasileiro vai ter o mesmo destino do Frota.
Parabéns pelo seu empenho🤝",0,0,1,https://twitter.com/andrefernm/status/1647376757656305667
abesoddysee,@oddyseeabes,https://twitter.com/oddyseeabes/status/1647630489820250114,2023-04-16T15:58:14.000Z,"Espero q após essa nova derrota os bolsoafetivos não decidam quebrar os prédios todos novamente. 

A lotação da papuda vai atingir o pico se esses maus perdedores violentos continuarem chorando e estrebuchando desse jeito.",0,0,0,https://twitter.com/andrefernm/status/1647376757656305667
Cezar,@cezarkr73,https://twitter.com/cezarkr73/status/1647635631890210818,2023-04-16T16:18:40.000Z,"Enfia isso no c... deixa o país andar, a polícia ja ta autuando os terroristas",0,0,0,https://twitter.com/andrefernm/status/1647376757656305667
carmen nogueira,@carmenn92872019,https://twitter.com/carmenn92872019/status/1647598079254700033,2023-04-16T13:49:27.000Z,Deputado Rapaku só quer lacrar,0,0,0,https://twitter.com/andrefernm/status/1647376757656305667
Obrian,@obrianaraujo,https://twitter.com/obrianaraujo/status/1647559428860780545,2023-04-16T11:15:52.000Z,CPMI pra que?,0,0,0,https://twitter.com/andrefernm/status/1647376757656305667
Romarinho- mengão,@flameuamor4,https://twitter.com/flameuamor4/status/1647549113574072323,2023-04-16T10:34:53.000Z,Aí propagador de fake News só vive nas redes sociais vcs bolsoloides são uma vergonha pra humanidade.,0,0,0,https://twitter.com/andrefernm/status/1647376757656305667
Michelli Cunha,@Michelli24,https://twitter.com/Michelli24/status/1647651852727595008,2023-04-16T17:23:08.000Z,Mais um covarde!,0,0,0,https://twitter.com/andrefernm/status/1647376757656305667
Maurison Filho,@FilhoMaurison,https://twitter.com/FilhoMaurison/status/1647571776275193856,2023-04-16T12:04:56.000Z,Atravessa uma petição no Jusbrasil.,0,0,0,https://twitter.com/andrefernm/status/1647376757656305667
O Portador da Aguia,@FELIPE32928547,https://twitter.com/FELIPE32928547/status/1647549793441390593,2023-04-16T10:37:35.000Z,"É sério isso mesmo? Vocês não tem vergonha na cara mesmo acha que o povo brasileiro vai dar apoio aqueles criminosos e quem incentivou a invasão, a quem incentivou o golpe fala sério e vai procurar ninho de jumento que o ovo é grande",0,0,0,https://twitter.com/andrefernm/status/1647376757656305667
Eloy-da-Roça,@HelloiMoraes,https://twitter.com/HelloiMoraes/status/1647611773346803713,2023-04-16T14:43:52.000Z,"Não podemos deixar a esquerda esvaziar (inviabilizar) essa CPMI. Vamos pra cima desses mentirosos, comunistas.",0,0,0,https://twitter.com/andrefernm/status/1647376757656305667
Iramar de S. Figueredo,@Iramar_Paraiba,https://twitter.com/Iramar_Paraiba/status/1647545153953882113,2023-04-16T10:19:09.000Z,"Para de encher o saco, pela boga!",0,0,0,https://twitter.com/andrefernm/status/1647376757656305667
CíceroXIII,@SCiceroXIII,https://twitter.com/SCiceroXIII/status/1647717828751966211,2023-04-16T21:45:18.000Z,Vai depilar o ânus.,0,0,0,https://twitter.com/andrefernm/status/1647376757656305667
Eduardo Fejao,@Eduardofejao10,https://twitter.com/Eduardofejao10/status/1647974875510784005,2023-04-17T14:46:42.000Z,"O tio, vai trabalhar cretino",0,0,0,https://twitter.com/andrefernm/status/1647376757656305667
Luiz Claudio,@luizcardoso1945,https://twitter.com/luizcardoso1945/status/1647560413423472640,2023-04-16T11:19:47.000Z,72 HORAS REZANDO PARA PNEU RESOLVE,0,0,0,https://twitter.com/andrefernm/status/1647376757656305667
Paulo Andre Neto,@padsnet,https://twitter.com/padsnet/status/1647545703592239104,2023-04-16T10:21:20.000Z,"Meu Deputado @mendoncafilho , assinou a CPMI 8 de janeiro. 
E seu deputado está a favor dos atos antidemocráticos? Se não assinou é porque concorda, é conivente e acha que você também é",0,0,1,https://twitter.com/andrefernm/status/1647376757656305667
Joaogeo,@Joaogeo2,https://twitter.com/Joaogeo2/status/1647642706339061761,2023-04-16T16:46:47.000Z,CADEIA pra GOLPISTAS FASCISTAS BOLSONARISTAS NAZISTAS,0,0,0,https://twitter.com/andrefernm/status/1647376757656305667
angela paulon,@apaulon,https://twitter.com/apaulon/status/1647585741088620546,2023-04-16T13:00:25.000Z,#CPMIsim #CPMI8DeJaneiroJá,0,0,0,https://twitter.com/andrefernm/status/1647376757656305667
Paulodostelhados,@Paulodistelhad1,https://twitter.com/Paulodistelhad1/status/1647447437324197890,2023-04-16T03:50:51.000Z,"Deputados e senadores ,quando veem os seus cheques gordos , já não querem lutar por mais nada, o Tiririca que nos diga , encheu os bolsos e nunca deu um pio no congresso, esqueça , o brasileiro não tem caracter nasceu num lamaçal e se afunda cada dia mais nele, rara as exceções .",0,0,0,https://twitter.com/andrefernm/status/1647376757656305667
Sven Van den Berg,@Renatemactosh,https://twitter.com/Renatemactosh/status/1647377653383479302,2023-04-15T23:13:34.000Z,Deveria estar preocupado com seu estado phudido,0,0,0,https://twitter.com/andrefernm/status/1647376757656305667
"DIREÍTA SEMPRE, BRASIL",@DIREITASEMPREBR,https://twitter.com/DIREITASEMPREBR/status/1647378225650073600,2023-04-15T23:15:50.000Z,"PARABÉNS DEPUTADO
À GUERRA👊🙏",0,0,0,https://twitter.com/andrefernm/status/1647376757656305667
Sionistas FDP!,@FredFrancesche,https://twitter.com/FredFrancesche/status/1647386246656737281,2023-04-15T23:47:42.000Z,SENTA NO L PANACA,0,0,0,https://twitter.com/andrefernm/status/1647376757656305667
G M,@GusMartello84,https://twitter.com/GusMartello84/status/1647394277637455872,2023-04-16T00:19:37.000Z,"Queremos nomes de quem não assinou , e principalmente de quem retirar , por favor !",0,0,0,https://twitter.com/andrefernm/status/1647376757656305667
lara nuevo,@laranuevo2,https://twitter.com/laranuevo2/status/1647392815263916032,2023-04-16T00:13:48.000Z,"Cobrei os parlamentares do Rio de Janeiro. Se todos fizerem de cada estado, a pressão será grande.",0,0,0,https://twitter.com/andrefernm/status/1647376757656305667
taokfalei,@taokfalei,https://twitter.com/taokfalei/status/1647416938614628352,2023-04-16T01:49:40.000Z,@JaymeSenador  Mato Grosso precisa da sua assinatura na cpmi.,0,0,0,https://twitter.com/andrefernm/status/1647376757656305667
Luk30719643,@luk307196432,https://twitter.com/luk307196432/status/1647567552376193030,2023-04-16T11:48:09.000Z,"Pachecú sabe, que a  cpmi, haverá  pressão por impeachment, e pelo que vi circulando aqui, se acontecer antes de 6 meses, cai os 2, presidente, e vice. Ele vai tentar enrolar, até junho/julho.",0,0,0,https://twitter.com/andrefernm/status/1647376757656305667
Amorecoo,@Lecinho86506060,https://twitter.com/Lecinho86506060/status/1647790471530393601,2023-04-17T02:33:57.000Z,Ladrão Bozo miliciano,0,0,0,https://twitter.com/andrefernm/status/1647376757656305667
Amorecoo,@Lecinho86506060,https://twitter.com/Lecinho86506060/status/1647790944576471043,2023-04-17T02:35:50.000Z,Lulaaaaaa presidente,0,0,0,https://twitter.com/andrefernm/status/1647376757656305667
Rosy Mary,@rosyfarias,https://twitter.com/rosyfarias/status/1647384002339151873,2023-04-15T23:38:47.000Z,"Nós queremos saber à verdade chega de injustiça nesse país, CPMI já",1,0,0,https://twitter.com/andrefernm/status/1647376757656305667
Michelle Figueiredo,@SingularmenteMi,https://twitter.com/SingularmenteMi/status/1648087510705221632,2023-04-17T22:14:17.000Z,Não consta na agenda de amanhã....,0,0,0,https://twitter.com/andrefernm/status/1647376757656305667
UthantPim,@UthantP,https://twitter.com/UthantP/status/1647635233452294145,2023-04-16T16:17:05.000Z,🇧🇷-BRASIL ACIMA TODOS-🇧🇷🇧🇷🇧🇷-B O L S O N A R O-🇧🇷🇧🇷🇧🇷-DEUS ACIMA DE TUDO-🇧🇷,0,0,0,https://twitter.com/andrefernm/status/1647376757656305667
UthantPim,@UthantP,https://twitter.com/UthantP/status/1647635250283966466,2023-04-16T16:17:09.000Z,👉E  O  VOTO  IMPRESSO  AUDITAVEL  NA  URNA  ELETRÔNICA❓JA  CAIU  NO  ESQUECIMENTO❓,0,0,0,https://twitter.com/andrefernm/status/1647376757656305667
Luis... S.O.S JESUS,@LuismarSilvaLi2,https://twitter.com/LuismarSilvaLi2/status/1647380685693284352,2023-04-15T23:25:36.000Z,Obrigado Deputado,0,0,3,https://twitter.com/andrefernm/status/1647376757656305667
Mateus ×S× Vanderley,@MateusVanderle7,https://twitter.com/MateusVanderle7/status/1647489362106499072,2023-04-16T06:37:27.000Z,"Se quisermos um futuro de esperança para nossas e futuras gerações, pressionem e continuem pressionando mais e mais os seus deputados, devemos lutador para a instauração da CPMi, abaixo a lista dos deputados que assinaram ou não para a CPMIhttps://docs.google.com/spreadsheets/u/0/d/1uaGvvD39Qqf8lKBfRft2JCl20z3KHecb/htmlview#gid=2130601127…",0,0,1,https://twitter.com/andrefernm/status/1647376757656305667
#Cpmide08dejaneiroJá #cpmi08dejaneiro2023 #,@CCConservador,https://twitter.com/CCConservador/status/1647381822177673217,2023-04-15T23:30:07.000Z,#cpmi08janeiro2023  Obrigado a todos os deputados federais e senadores que assinaram!! Um obrigado especial ao deputado @andrefernm  André Fernandes. Estamos muito orgulhosos do senhor. Obrigado ao políticos que divulgaram!! #CPMI08dejaneiro,0,2,6,https://twitter.com/andrefernm/status/1647376757656305667
Paulo,@8deagostode1974,https://twitter.com/8deagostode1974/status/1647591028168196097,2023-04-16T13:21:26.000Z,"Se houver essa cpmi mesmo, os bozominios vão levar invertidas iguais a que os ministros Dino e Silvio deram na câmara dos deputados. Oposição de direita e fraca, burra e despreparada. Isso, segundo Marcos Feliciano...kkkkkk",0,0,1,https://twitter.com/andrefernm/status/1647376757656305667
Ricardo Leao,@Leao16Leao,https://twitter.com/Leao16Leao/status/1647448967284752384,2023-04-16T03:56:56.000Z,Jamais serão esquecidas essas imagens,0,1,2,https://twitter.com/andrefernm/status/1647376757656305667
Sara Barbosa,@SaraBar99075705,https://twitter.com/SaraBar99075705/status/1647458893281255425,2023-04-16T04:36:23.000Z,Kkkkkkkkkkkk,0,0,5,https://twitter.com/andrefernm/status/1647376757656305667
@PrAntonioGR,@PrAntonioGR,https://twitter.com/antonio78194586/status/1647391770970406914,2023-04-16T00:09:39.000Z,"4 meses e nenhum projeto, a oposição vai levar 2 anos para aprender debater por enquanto só vergonha né raspa caneco.",0,0,3,https://twitter.com/andrefernm/status/1647376757656305667
Vicente Maues,@MauesVicente,https://twitter.com/MauesVicente/status/1647459672427753472,2023-04-16T04:39:28.000Z,Pediu ora ser idiota e entrou na fila dez vzs.,0,0,0,https://twitter.com/andrefernm/status/1647376757656305667
Véio da Havana,@lojashavana,https://twitter.com/lojashavana/status/1647415806291050499,2023-04-16T01:45:10.000Z,Dedurou os coleguinhas. Certeza sofreu bullying na escola.,0,0,2,https://twitter.com/andrefernm/status/1647376757656305667
Julie Marie,@JulieMa54104486,https://twitter.com/JulieMa54104486/status/1647458987682541570,2023-04-16T04:36:45.000Z,por favor repassar este video para seus colegas e muito importante!  (e preciso acessar o video na pagina do autor Will SIL,0,0,1,https://twitter.com/andrefernm/status/1647376757656305667
Lene Paixão,@LenePaixao1,https://twitter.com/LenePaixao1/status/1647407222564040704,2023-04-16T01:11:03.000Z,"Espero que os parlamentares honrem seus mandatos e seus eleitores, que não sejam covardes ao ponto de brincar com o povo, #CPMI08DEJANEIROJÁ",2,2,11,https://twitter.com/andrefernm/status/1647376757656305667
MaschioⓇⓈ,@MaschioRS,https://twitter.com/MaschioRS/status/1647612092864757762,2023-04-16T14:45:08.000Z,GOLPISTAS NA CADEIA!!!,0,2,5,https://twitter.com/andrefernm/status/1647376757656305667
