nome,usuario,idTweet,dataPublicacao,texto,replies,retweets,likes,tweetPai
JOÃO OTÁVIO,@JORAMERICANO,https://twitter.com/JORAMERICANO/status/1647581461598412802,2023-04-16T12:43:25.000Z,É parte do BANDO!,0,0,0,https://twitter.com/cabogilberto/status/1647580240267341826
Marcos Sanches,@Madeny78,https://twitter.com/Madeny78/status/1647597716497653760,2023-04-16T13:48:01.000Z,"DEMAGOGIA TOTAL,ESSE EO VERDADEIRO SER D MIL CARAS,COERÊNCIA E,CARATER,AI SÃO INEXISTENTES,MSM COISA Q BOSTA SECA NUM PASSA DISSO,E NUM TEM REMEDIO Q DE JEITO,FAZER O IMPORRANTE E EU Ñ OEBSAR NEM AGIR ASSIM.",0,0,0,https://twitter.com/cabogilberto/status/1647580240267341826
Bruno C Neves,@brunocneves_pb,https://twitter.com/brunocneves_pb/status/1647620249322176513,2023-04-16T15:17:33.000Z,💵💵💰💰 na conta,0,0,0,https://twitter.com/cabogilberto/status/1647580240267341826
Crazy,@pedroladeia,https://twitter.com/pedroladeia/status/1647607189559730176,2023-04-16T14:25:39.000Z,"E o Gilmar defendendo sonegação de impostos e ainda é PM e deputado, o que será que mudou?",0,0,0,https://twitter.com/cabogilberto/status/1647580240267341826
Larissa,@souzaslarissa,https://twitter.com/souzaslarissa/status/1647724401348038657,2023-04-16T22:11:25.000Z,"Se chama ✨ evolução ✨As pessoas são passíveis de mudanças, sabia? É bem improvável que alguém permaneça por 12 anos com a mesma opinião sem ser fundada em algo sólido. Provavelmente foi o que aconteceu, ele encontrou um argumento mais sólido e mudou seu pensamento.",0,0,1,https://twitter.com/cabogilberto/status/1647580240267341826
Luiz,@LuizFer68119991,https://twitter.com/LuizFer68119991/status/1647588716154593283,2023-04-16T13:12:15.000Z,Ele mudou. Estudou. Cresceu como ser humano e largou a extrema direita. Hoje ele tem vergonha das merdas que havia dito.,0,0,5,https://twitter.com/cabogilberto/status/1647580240267341826
Alexandre Cezar Neves,@Alexand64391586,https://twitter.com/Alexand64391586/status/1647596605195919363,2023-04-16T13:43:36.000Z,É um influenciador de idiotas. É para isto que ele serve. Ele pode falar qualquer besteira e sempre haverá idiotas para bater palmas.,0,0,0,https://twitter.com/cabogilberto/status/1647580240267341826
Fátima l MEU PÉ DE LARANJA LIMA,@Darklsk28,https://twitter.com/Darklsk28/status/1647590009417920516,2023-04-16T13:17:23.000Z,"Ele nunca disse apoiar ou não isso, ele sempre foi claro e disse que vai criticar SIM o governo Lula, inclusive já fez isso, ele não é lulista e sim Antifascista. Abraço.",2,0,3,https://twitter.com/cabogilberto/status/1647580240267341826
Renato Carneiro,@rcarneiro02,https://twitter.com/rcarneiro02/status/1647690378185678848,2023-04-16T19:56:13.000Z,"Esta é uma foca adestrada que quer o $ dela, nada mais!",0,0,0,https://twitter.com/cabogilberto/status/1647580240267341826
HIGOR,@higorroberto,https://twitter.com/higorroberto/status/1647617596492062720,2023-04-16T15:07:00.000Z,O imposto tá caindo na conta dele também kkk,0,0,1,https://twitter.com/cabogilberto/status/1647580240267341826
Crisdiloreto Ingress,@crisdiloreto,https://twitter.com/crisdiloreto/status/1647607953019621377,2023-04-16T14:28:41.000Z,tirou o cérebro e trocou por uma bosta!!!,0,0,0,https://twitter.com/cabogilberto/status/1647580240267341826
CaduAcionista do Povo,@carloscitro,https://twitter.com/carloscitro/status/1647623469494853632,2023-04-16T15:30:21.000Z,"Acho que ele viu um golpe s/motivo pela direita e midia, com uso do judiciário para prender pessoas por crimes não cometidos e soltar quem cometeu após delatores falarem o que queriam e quebrarem a engenharia e indústria brasileira , ter entrado um traíra, depois um Genocida",0,0,0,https://twitter.com/cabogilberto/status/1647580240267341826
Ana Paula Vieira Bolsonaro (selo azul),@annavieira0985,https://twitter.com/annavieira0985/status/1647587200933023747,2023-04-16T13:06:14.000Z,@felipeneto feto explica isto para nós,0,0,0,https://twitter.com/cabogilberto/status/1647580240267341826
paulocesarfoliveira1966,@paulocesarfol66,https://twitter.com/paulocesarfol66/status/1647665598036426752,2023-04-16T18:17:45.000Z,"Fico pensando aqui , será  que não pode ser ameaça? Uma ameaça velada,  estilo Poderoso Chefão? Porque ter dinheiro morto não ajuda muito. Veja o caso Celso Daniel e Toninho do PT.",0,0,0,https://twitter.com/cabogilberto/status/1647580240267341826
A CULPA DE TUDO ISSO É DO STF,@Joselindao2022,https://twitter.com/Joselindao2022/status/1647606419762323458,2023-04-16T14:22:36.000Z,"Agora sim entendi o arcabouço fiscal do Tashadd.
Nada com uma explicação simples pra gente compreender como funciona..",0,0,0,https://twitter.com/cabogilberto/status/1647580240267341826
