nome,usuario,idTweet,dataPublicacao,texto,replies,retweets,likes,tweetPai
Moraes,@MoraesRA1,https://twitter.com/MoraesRA1/status/1647482569984819203,2023-04-16T06:10:28.000Z,"Esse @andrefernm é o soldado raso de prontidão no front do capitão. Não faz nada na câmara, o papel dele lá e tumultuar para não ter coro nas votações do governo!",0,0,1,https://twitter.com/andrefernm/status/1647258359412686854
Abe_,@Abgf_Brasil,https://twitter.com/Abgf_Brasil/status/1647259531481628676,2023-04-15T15:24:11.000Z,"Pra cima André! Excelente trabalho, vá expondo todos, deputados e senadores!
Por favor, consiga uma relação com as redes sociais deles.
Assim podemos marcá-los por estado, os que assinaram e os que não assinaram.",1,1,4,https://twitter.com/andrefernm/status/1647258359412686854
Marcelo Berbara,@BarboraMarcelo,https://twitter.com/BarboraMarcelo/status/1647260646075949057,2023-04-15T15:28:37.000Z,"Sou daqui essa turma não vai assinar ou são petista ou são PSDBistas tudo lacraia, catervarada esse Geraldo Rezende era sec. de saúde  do ex gov. azambuja prendeu o povo na Covid, bateu boca com os médicos e a população que queria remédios alternativos ou que não queria vac",1,3,15,https://twitter.com/andrefernm/status/1647258359412686854
Sidney,@SidneyGump,https://twitter.com/SidneyGump/status/1647413135345582081,2023-04-16T01:34:33.000Z,"Tem que parar com esse mimini, taokey?",0,0,3,https://twitter.com/andrefernm/status/1647258359412686854
Thiago,@Thiago60597192,https://twitter.com/Thiago60597192/status/1647262544917065732,2023-04-15T15:36:10.000Z,@SorayaThronicke assina a cpmi,0,1,1,https://twitter.com/andrefernm/status/1647258359412686854
Jairo Vanderley De Sousa,@JairoVanderley,https://twitter.com/JairoVanderley/status/1647272026283950081,2023-04-15T16:13:50.000Z,Soraia deu o calote NO MS,0,0,2,https://twitter.com/andrefernm/status/1647258359412686854
oBrunoLima,@oBruno_Lima1509,https://twitter.com/oBruno_Lima1509/status/1647259024306388992,2023-04-15T15:22:10.000Z,"Faz uma listagem dos nomes também, acho que seria bom.",0,0,2,https://twitter.com/andrefernm/status/1647258359412686854
Júlio Pimenta,@juliopimenta99,https://twitter.com/juliopimenta99/status/1647288458304446465,2023-04-15T17:19:08.000Z,"@SorayaThronicke , pelo carinho que tenho por vossa excelência, respeito e admiração. Assine a CPMI, isto é fundamental, se vossa excelência assinar, vai fazer um gol lindo lindo lindo",2,0,0,https://twitter.com/andrefernm/status/1647258359412686854
Jônatas Araújo,@jonatasaraujope,https://twitter.com/jonatasaraujope/status/1647341559560454146,2023-04-15T20:50:08.000Z,Atenção Ceará ter votado num Zé ruela desse era melhor ter votado em Pablo vitar.,0,0,1,https://twitter.com/andrefernm/status/1647258359412686854
Rui Carlos Ulsenheimer,@rui_ulsenheimer,https://twitter.com/rui_ulsenheimer/status/1647308500295471105,2023-04-15T18:38:46.000Z,@BaixadorDeVideo,0,0,1,https://twitter.com/andrefernm/status/1647258359412686854
Cleber R.,@CWoheriton,https://twitter.com/CWoheriton/status/1647279189727367168,2023-04-15T16:42:18.000Z,"Vamos cobrar deles, mais uma vez iremos ver quem é a favor da nação e quem faz parte da podridão chamada corrupção, pois se são vendidos para a nação não tem valor e com certeza será declarada a morte política pois na eleição com certeza iremos mostrar a real face.
O povo de olho",0,0,0,https://twitter.com/andrefernm/status/1647258359412686854
Politiza MT,@politizaMT,https://twitter.com/politizaMT/status/1647258814599528450,2023-04-15T15:21:20.000Z,Fala aí MT. 👍,0,0,1,https://twitter.com/andrefernm/status/1647258359412686854
Anderson Pinheiro (Godoy),@Andersonp_Godoy,https://twitter.com/Andersonp_Godoy/status/1647409508484784128,2023-04-16T01:20:08.000Z,"@betopereirams e aí? Dos demais, não espero muitos coisa. Mas de vc, sim. Vc precisa estar junto dos injustiçados agora, mais do que nunca.",1,0,0,https://twitter.com/andrefernm/status/1647258359412686854
Vagner Lemos,@VagnerLemosCe,https://twitter.com/VagnerLemosCe/status/1647258985517522947,2023-04-15T15:22:01.000Z,Quem não é pelo povo é contra o povo e nós do Povo NUNCA ESQUECEREMOS DISSO,0,0,1,https://twitter.com/andrefernm/status/1647258359412686854
Ana Castro,@AnaCast18597392,https://twitter.com/AnaCast18597392/status/1647695712237363200,2023-04-16T20:17:25.000Z,Ué a bonitinha Tronick a onça do Planalto vai ficar de fora . Tá torcendo pro vencedor aí bota a camisa 👕😂😂😂😂😂😂😂😂,0,0,0,https://twitter.com/andrefernm/status/1647258359412686854
Pontes,@Pontes_1978,https://twitter.com/Pontes_1978/status/1647262244235771905,2023-04-15T15:34:58.000Z,#VotoImpressoComContagemPública,0,0,0,https://twitter.com/andrefernm/status/1647258359412686854
HYLBERNON,@hylbernon,https://twitter.com/hylbernon/status/1647635417095651331,2023-04-16T16:17:49.000Z,@SorayaThronicke é uma VERGONHA #CPI08deJaneiroUrgente,0,0,0,https://twitter.com/andrefernm/status/1647258359412686854
Rui Rodrigues,@RuiRodr30382931,https://twitter.com/RuiRodr30382931/status/1647263314982969344,2023-04-15T15:39:13.000Z,E os dp gaúchos?,0,0,0,https://twitter.com/andrefernm/status/1647258359412686854
yuri Tanaka,@tan20002162,https://twitter.com/tan20002162/status/1647259358151974914,2023-04-15T15:23:30.000Z,Marcação cerrada!!!! Pressionem quem não assinou!!,0,0,1,https://twitter.com/andrefernm/status/1647258359412686854
Assis,@assis2021brasil,https://twitter.com/assis2021brasil/status/1647682612826193921,2023-04-16T19:25:22.000Z,Esse foi trucidado pelo Dino. Deu até dó! Vá estudar!,0,0,0,https://twitter.com/andrefernm/status/1647258359412686854
Wallace B.,@Wallace7978,https://twitter.com/Wallace7978/status/1647402891764703238,2023-04-16T00:53:51.000Z,"Não sei se é só pra mim q esta assim ,fui la cobrar a assinatura dela mais não da, o perfil dela esta assim pra mais alguem?",0,0,0,https://twitter.com/andrefernm/status/1647258359412686854
Ivahyr,@Ivahyr1,https://twitter.com/Ivahyr1/status/1647574417298321411,2023-04-16T12:15:26.000Z,"Só desgovernista. O PSDB contianará no muro? será que os tucacanos já se ""aninharam"" com o DESGOVERNO FEDERAL? $ O PSDB jogará fora o pouco da credibilidade que lhe resta. As urnas não perdoarão, os brasileiros querem saber o que ocorreu no 08/01, doa a quem doer. E a onça?",0,0,0,https://twitter.com/andrefernm/status/1647258359412686854
RosaliDal-Cin,@RosaliDalCin,https://twitter.com/RosaliDalCin/status/1647259018392469504,2023-04-15T15:22:09.000Z,"Bom dia @andrefernm nós deveríamos colocar nas rádios locais de cada cidade o nome de cada senador e deputado federal que não estão assinando, fazer um tecto curto e explicativo sobre o que eles não querem assinar",2,2,4,https://twitter.com/andrefernm/status/1647258359412686854
Cristiane Meneghette,@CristianeMeneg3,https://twitter.com/CristianeMeneg3/status/1647610021583241216,2023-04-16T14:36:54.000Z,"Como assim?  A ""candidato padre"" não assinou? O que houve @SorayaThronicke ??
DESISTIU DA INVESTIGAÇÃO?? Conte-nos suas razões.",0,0,0,https://twitter.com/andrefernm/status/1647258359412686854
Alessandra Andrade,@Alesbandrade,https://twitter.com/Alesbandrade/status/1647621509416996865,2023-04-16T15:22:33.000Z,#NINGUEMDORME,0,0,0,https://twitter.com/andrefernm/status/1647258359412686854
Flávio Henrique Rodrigues do Prado,@fhrprado,https://twitter.com/fhrprado/status/1647381189827743744,2023-04-15T23:27:37.000Z,"@SorayaThronicke  @vanderloubet @camilajarams, contamos com o seu apoio",0,0,0,https://twitter.com/andrefernm/status/1647258359412686854
Janaina Pereira,@Janaina69683310,https://twitter.com/Janaina69683310/status/1647364061934256130,2023-04-15T22:19:33.000Z,@SorayaThronicke votei em ti precisamos que vc nos represente cadê seu voto 😥,0,0,0,https://twitter.com/andrefernm/status/1647258359412686854
Paulo Cesar,@PauloCs53510903,https://twitter.com/PauloCs53510903/status/1647282521577488384,2023-04-15T16:55:32.000Z,"Cadê a onça ?

Meu MS aguarda uma resposta da Senadora @SorayaThronicke",0,1,1,https://twitter.com/andrefernm/status/1647258359412686854
André Ramalho,@AndrRamalho20,https://twitter.com/AndrRamalho20/status/1647259381459738632,2023-04-15T15:23:35.000Z,"Anderson Torres, precisa de ajuda, a prisão é legal?",0,0,1,https://twitter.com/andrefernm/status/1647258359412686854
miriam miranda,@miriam9x2,https://twitter.com/miriam9x2/status/1647610909341130756,2023-04-16T14:40:26.000Z,Na volta da comitiva de China os que assinaram vão retirar a assinatura. Serão devidamente subornados,0,0,0,https://twitter.com/andrefernm/status/1647258359412686854
Patrícia,@arteporparte,https://twitter.com/arteporparte/status/1647980745959284738,2023-04-17T15:10:02.000Z,#CPMI08DEJANEIROJÁ,0,0,0,https://twitter.com/andrefernm/status/1647258359412686854
meu nome não é Jhoni,@marcinho_bastos,https://twitter.com/marcinho_bastos/status/1647357923931160579,2023-04-15T21:55:10.000Z,Rapaku...,0,0,0,https://twitter.com/andrefernm/status/1647258359412686854
Chacal Guimaraes,@ChacalGuimaraes,https://twitter.com/ChacalGuimaraes/status/1647646823958425600,2023-04-16T17:03:09.000Z,Raspa c u será cassado,0,0,0,https://twitter.com/andrefernm/status/1647258359412686854
Bacelar,@Edmilso59506623,https://twitter.com/Edmilso59506623/status/1647262440164413442,2023-04-15T15:35:45.000Z,"@betopereirams @camilajarams @SorayaThronicke 
Caros parlamentares Sulmatogrosenses o povo brasileiro quer saber a vdd.
Vcs não?",1,0,0,https://twitter.com/andrefernm/status/1647258359412686854
Camila Jara,@camilajarams,https://twitter.com/camilajarams/status/1648043768677912586,2023-04-17T19:20:28.000Z,"Queremos sim, por isso apoiamos s investigações que o Ministério da Justiça e a Polícia Federal estão tocando.",1,0,0,https://twitter.com/andrefernm/status/1647258359412686854
Rugal_CRF,@Rubens89902628,https://twitter.com/Rubens89902628/status/1647271660909723649,2023-04-15T16:12:23.000Z,@vanderloubet @betopereirams @camilajarams @SorayaThronicke @depdagoberto Queremos explicações? Pq?,1,0,0,https://twitter.com/andrefernm/status/1647258359412686854
Camila Jara,@camilajarams,https://twitter.com/camilajarams/status/1648043606425337856,2023-04-17T19:19:49.000Z,"Bem simples: pq já existe uma investigação em curso. O Ministério da Justiça e a Polícia Federal abriram canais de denúncias, há inquéritos, há pessoas sendo chamadas para depor.",3,0,0,https://twitter.com/andrefernm/status/1647258359412686854
Humberto Teixeira junior,@humberto_tjr,https://twitter.com/humberto_tjr/status/1647276092716208128,2023-04-15T16:30:00.000Z,"E nem vão assinar,todos vendidos ao sistema,uns esquerdistas radicais assumidos e outros esquerdistas radicais disfarçados",0,0,0,https://twitter.com/andrefernm/status/1647258359412686854
Arthur Correia,@ArthurCorreia86,https://twitter.com/ArthurCorreia86/status/1647328520551505921,2023-04-15T19:58:19.000Z,"MATO GROSSO DO SUL, aprendam a raspar o c* com esse deputado desqualificado e oportunista.",0,0,0,https://twitter.com/andrefernm/status/1647258359412686854
Sionistas FDP!,@FredFrancesche,https://twitter.com/FredFrancesche/status/1647263434965233667,2023-04-15T15:39:42.000Z,PERDEU CAMBADA DE MANÉS,0,0,0,https://twitter.com/andrefernm/status/1647258359412686854
JB da esquerda.,@Joaofilho1210,https://twitter.com/Joaofilho1210/status/1647296026368196610,2023-04-15T17:49:12.000Z,Vai trabalhar vagabundo.,0,0,0,https://twitter.com/andrefernm/status/1647258359412686854
Sergio Mendes de souza,@SergioMendesd10,https://twitter.com/SergioMendesd10/status/1647409036344655872,2023-04-16T01:18:16.000Z,Esses aí nunca mais vão votar neles traidores da pátria para suas eleição eu deixo eles impedir o voto na minha na minha casa que eles vão ver uma coisa vão sair correndo de lá,0,0,0,https://twitter.com/andrefernm/status/1647258359412686854
Terra Redonda,@michaelpavoni2,https://twitter.com/michaelpavoni2/status/1647260124195565571,2023-04-15T15:26:32.000Z,Informações importantes:,0,0,0,https://twitter.com/andrefernm/status/1647258359412686854
Terra Redonda,@michaelpavoni2,https://twitter.com/michaelpavoni2/status/1647260237232066560,2023-04-15T15:26:59.000Z,Informações importantes:,0,0,0,https://twitter.com/andrefernm/status/1647258359412686854
João Paulo,@jppaullim,https://twitter.com/jppaullim/status/1647432992850079744,2023-04-16T02:53:27.000Z,"É um babaca mesmo! Quer obrigar todos os parlamentares votar! 

Fica querendo jogar a população contra os deputados!",0,0,0,https://twitter.com/andrefernm/status/1647258359412686854
Carina Lima,@CarinaL69358443,https://twitter.com/CarinaL69358443/status/1647269264988962817,2023-04-15T16:02:52.000Z,Ué @SorayaThronicke porque não quer a CPMI ? Mas queria a CPI ? Estranho,0,0,0,https://twitter.com/andrefernm/status/1647258359412686854
ƦҽnλԵO ƒonՏҽcλ,@renatowalker,https://twitter.com/renatowalker/status/1647274040044789760,2023-04-15T16:21:50.000Z,Terroristas!!!,0,0,0,https://twitter.com/andrefernm/status/1647258359412686854
ƦҽnλԵO ƒonՏҽcλ,@renatowalker,https://twitter.com/renatowalker/status/1647274255229284359,2023-04-15T16:22:41.000Z,Essa extrema-direita terrorista não aprende.,0,0,0,https://twitter.com/andrefernm/status/1647258359412686854
EDmario Jobat,@edmariojobatpe,https://twitter.com/edmariojobatpe/status/1647410314760126466,2023-04-16T01:23:21.000Z,"Se cagam grosso no sul, olha a dica",0,0,0,https://twitter.com/andrefernm/status/1647258359412686854
Renata Gusmão,@Renata25361583,https://twitter.com/Renata25361583/status/1647300670469357570,2023-04-15T18:07:39.000Z,Soraya é uma safada lambe merda de Lula... não está com o povo nunca esteve...,0,0,2,https://twitter.com/andrefernm/status/1647258359412686854
silvio oliveira,@meseguesilvio,https://twitter.com/meseguesilvio/status/1647342003867230209,2023-04-15T20:51:54.000Z,Vc e seus eleitores bolsoloides nao merecem nem ser ouvidos,0,0,0,https://twitter.com/andrefernm/status/1647258359412686854
RPJunior,@Rpjunior71,https://twitter.com/Rpjunior71/status/1647262640375308289,2023-04-15T15:36:32.000Z,"Mato Grosso do Sul, atenção! Essa é a postura do parlamentar que está cobrando algo de vocês!",0,0,0,https://twitter.com/andrefernm/status/1647258359412686854
eu sei,@SegurancaSei,https://twitter.com/SegurancaSei/status/1647258937509462016,2023-04-15T15:21:49.000Z,Já arrancou o mato grosso do furico  hoje?,0,0,0,https://twitter.com/andrefernm/status/1647258359412686854
Zébrahimović,@LarcioApareci15,https://twitter.com/LarcioApareci15/status/1647258944111345664,2023-04-15T15:21:51.000Z,"Tá falando disso ainda raspacaneco?
Enquanto o Lula passa pela China com apenas 50 bilhões em acordos, vocês ainda tão falando dos atos golpistas? Falando em golpe, que fim levou o @jairbolsonaro, será que tá tudo joia com ele?",2,0,2,https://twitter.com/andrefernm/status/1647258359412686854
José Pessoa Azevedo Neto,@jpazevedoneto,https://twitter.com/jpazevedoneto/status/1647280244565442563,2023-04-15T16:46:29.000Z,Matogrossenses esse é o raspa boga 🤣 esse é aquele idiota que pesquisa processos no Jusbrasil 😂 é um doidinho ensapatado! Parabéns @FlavioDino por ter jantado esse jumento 😂😂 é um jegue,0,0,0,https://twitter.com/andrefernm/status/1647258359412686854
Reinaldo Lorençoni F,@advreinaldof,https://twitter.com/advreinaldof/status/1647296970401239046,2023-04-15T17:52:57.000Z,"A CPMI está fazendo água. E agora, quem poderá nos ajudar",0,0,0,https://twitter.com/andrefernm/status/1647258359412686854
Welligton Alves,@Welligt35109981,https://twitter.com/Welligt35109981/status/1647369827130957825,2023-04-15T22:42:28.000Z,Raspa cu o @FlavioDino  mandou um abraço. Kkk,0,0,0,https://twitter.com/andrefernm/status/1647258359412686854
Derlin.’.Rodrigues,@DerlinRod,https://twitter.com/DerlinRod/status/1648086061426397191,2023-04-17T22:08:31.000Z,"Temos a obrigação moral , humanitária e necessária de viralizar este vídeo. Não podemos ser omissos sob pena de sermos coniventes com essa barbárie *COMPARTILHEM* Olha o vídeo que tá rolando nas mídias sociais em Portugal, Espanha, Itália, Holanda, Inglaterra, Suécia, Dinamarca,… Mostrar mais",0,0,0,https://twitter.com/andrefernm/status/1647258359412686854
40o Presidente do Brasil,@514o_deputado,https://twitter.com/514o_deputado/status/1647766670096621573,2023-04-17T00:59:22.000Z,"Divulga a lista dos parlamentares q não aderiram às infantilidade da sua turma de 3a série (a 5a é mais seria que vocês), os q não disseminam fakes, falsas narrativas, desinformação, informações fora do contexto, e q tais! Se der, divulga, também, os q depilam o a**s, como você…",0,0,1,https://twitter.com/andrefernm/status/1647258359412686854
Yvonne & Yanni,@Yannetes,https://twitter.com/Yannetes/status/1647562992014221312,2023-04-16T11:30:02.000Z,Alô Brasil Se o lula não quer fazer o Bafômetro é pq ele bebeu né?,0,0,0,https://twitter.com/andrefernm/status/1647258359412686854
Clerto Alves,@portalhistoria,https://twitter.com/portalhistoria/status/1647263430145867777,2023-04-15T15:39:41.000Z,O certo tá se fechando... tic tac...,1,0,3,https://twitter.com/andrefernm/status/1647258359412686854
Brazilian Connection,@VoteSim2,https://twitter.com/VoteSim2/status/1647356766366191616,2023-04-15T21:50:34.000Z,A VERDADE DEIXA OS EXTREMISTAS BOLSONARISTAS DESESPERADOS:,0,0,0,https://twitter.com/andrefernm/status/1647258359412686854
Mateus ×S× Vanderley,@MateusVanderle7,https://twitter.com/MateusVanderle7/status/1647490065277263876,2023-04-16T06:40:15.000Z,"Se quisermos um futuro de esperança para nossas e futuras gerações, pressionem e continuem pressionando mais e mais os seus deputados, devemos lutador para a instauração da CPMi, abaixo a lista dos deputados que assinaram ou não para a CPMIhttps://docs.google.com/spreadsheets/u/0/d/1uaGvvD39Qqf8lKBfRft2JCl20z3KHecb/htmlview#gid=2130601127…",0,1,1,https://twitter.com/andrefernm/status/1647258359412686854
Jogar dentro das quatro linhas da Const Fed Br 88,@LRobertoLeitao,https://twitter.com/LRobertoLeitao/status/1647325334319124488,2023-04-15T19:45:40.000Z,"Ao Congresso Nacional@SenadoFederal @camaradeputados@andrefernm @nikolas_dm @coronel_meira @EduGiraoOficial a #CPMIdo08deJaneiroJá é um instrumento Legal, Institucional, um Dever Cívico e Moral.
Deixar de investigar será um ato de COVARDIA, CONIVÊNCIA E PREVARICAÇÃO.",0,0,0,https://twitter.com/andrefernm/status/1647258359412686854
Terra Redonda,@michaelpavoni2,https://twitter.com/michaelpavoni2/status/1647260666883981312,2023-04-15T15:28:42.000Z,Urgente Informação importante:,0,0,0,https://twitter.com/andrefernm/status/1647258359412686854
