nome,usuario,idTweet,dataPublicacao,texto,replies,retweets,likes,tweetPai
Flávia Leão,@FlviaLeo16,https://twitter.com/FlviaLeo16/status/1647227835579334656,2023-04-15T13:18:14.000Z,@EdervaneRodrig,0,0,3,https://twitter.com/andrefernm/status/1647032665248346114
Tsvf,@TiagoSa67696762,https://twitter.com/TiagoSa67696762/status/1647223306762764290,2023-04-15T13:00:14.000Z,"Minas gerais ultimamente está sendo uma decepção, não generalizo, porém o que há de pior na política está vindo de Minas, exemplo, Pacheco, Dilma, Aécio, Pimentel, Janones, o lixo e a escória da política.",0,1,6,https://twitter.com/andrefernm/status/1647032665248346114
KATIA CORTEZ,@PapoAbertoKA,https://twitter.com/PapoAbertoKA/status/1647249583859286018,2023-04-15T14:44:39.000Z,"Parabéns! Ta fazendo a lição de casa com louvor!!!! 
Tmj! 😎👏🏻",0,0,1,https://twitter.com/andrefernm/status/1647032665248346114
Ana Rosa,@GalizaAr,https://twitter.com/GalizaAr/status/1647235427739238400,2023-04-15T13:48:24.000Z,"Aguardamos a LISTA dos políticos oportunistas ,  venais e  omissos do RIO DE JANEIRO , que ainda NÃO ASSINARAM a #CPMIdo08deJaneiro",1,4,7,https://twitter.com/andrefernm/status/1647032665248346114
Cacá de Souza,@CacadeSouza2,https://twitter.com/CacadeSouza2/status/1647129839579611136,2023-04-15T06:48:50.000Z,MATO GROSSO?? abs,0,0,0,https://twitter.com/andrefernm/status/1647032665248346114
Renata Gonçalves,@renatasggonc,https://twitter.com/renatasggonc/status/1647061042483150852,2023-04-15T02:15:28.000Z,"@AecioNeves boa noite! Super surpresa ver q seu nome ainda não está na lista. Eu e muitos q conheço precisamos e confiamos em vc, por favor! Gratidão eterna se vir sua assinatura até 2ª. Imagina se fosse alguém da sua família preso lá até hoje s/ poder nenhum de defesa. Obrigada!",1,4,3,https://twitter.com/andrefernm/status/1647032665248346114
Maria Jose Barbosa Lisboa,@MariaJo73799769,https://twitter.com/MariaJo73799769/status/1647197450220761093,2023-04-15T11:17:30.000Z,Pq que corta o som qdo está falando?,0,0,0,https://twitter.com/andrefernm/status/1647032665248346114
NEY@GOMES,NEY@GOMES,https://twitter.com/NEYGOME13366332/status/1647227309676544004,2023-04-15T13:16:09.000Z,"Kkkkkkk... Bom dia! Nobre deputado desculpa pelos risos... Mas André parabéns pela postura, porém o senhor bem sabe que a classe política deste país antes das eleições vai até a porta de sua casa pra se humilhar pelo seu voto... E depois de eleito vendem a alma pro capeta.",0,0,0,https://twitter.com/andrefernm/status/1647032665248346114
#Cpmide08dejaneiroJá #cpmi08dejaneiro2023 #,@CCConservador,https://twitter.com/CCConservador/status/1647089790959976449,2023-04-15T04:09:42.000Z,https://drive.google.com/file/d/1onIvGjKdYsmNH8V149Bcz_bHaaBzgzi5/view…  #Cpmide08dejaneiroJá  #cpmi08dejaneiro2023 #cpmi08janeiro2023,1,0,0,https://twitter.com/andrefernm/status/1647032665248346114
ADRIANA DANTAS,@dantas_adriana,https://twitter.com/dantas_adriana/status/1647074005839478787,2023-04-15T03:06:58.000Z,"Coloca uma lista com o nome de todos os parlamentares, organizados por Estado, que ainda não assinaram a CPMI, para a gente poder divulgar.",6,1,12,https://twitter.com/andrefernm/status/1647032665248346114
Marcos Martins,@MarcosM92777567,https://twitter.com/MarcosM92777567/status/1647040261246140416,2023-04-15T00:52:53.000Z,"De Sergipe,por favor",1,0,5,https://twitter.com/andrefernm/status/1647032665248346114
Marcos Silva,@MarcosS63926402,https://twitter.com/MarcosS63926402/status/1647037363644772352,2023-04-15T00:41:22.000Z,Parabéns deputado! O senhor representa a nova política e nos orgulha muito. Bora divulgar esses covardes que não tem compromisso com a nação,1,3,15,https://twitter.com/andrefernm/status/1647032665248346114
Clapton SRN,@JCK_22,https://twitter.com/JCK_22/status/1647034373814755332,2023-04-15T00:29:29.000Z,"Cara, já tem as assinaturas necessárias, tu sabe que o que tu está fazendo é estimular a quem não assinou, não assinar e quem já assinou a retirar.",6,0,1,https://twitter.com/andrefernm/status/1647032665248346114
Flávia APB,@flaviaalvespra3,https://twitter.com/flaviaalvespra3/status/1647039525716123650,2023-04-15T00:49:58.000Z,"Lamento mas, os que conheço dessa lista, não vão assinar. E tem uns 5 que não faço ideia de quem seja.",0,0,3,https://twitter.com/andrefernm/status/1647032665248346114
Gisa,@_Gisa___,https://twitter.com/_Gisa___/status/1647058526332768257,2023-04-15T02:05:28.000Z,"@MGRodrigoCastro sempre votei (e td família) em seu pai. Dps pediu voto pra vc.
Mas essa atitude de não assinar CPMI dos atos, é desumana. 
Pense em alguém próximo que poderia estar preso injustamente. 
E DEMOCRACIA tem que esclarecer. Aguardo sua assinatura . Obrigado",8,13,34,https://twitter.com/andrefernm/status/1647032665248346114
+1brasileira,@mais1brasileir4,https://twitter.com/mais1brasileir4/status/1647041511840727044,2023-04-15T00:57:51.000Z,@AecioNeves cadê o seu compromisso com a verdade nesse país? O senhor já enganou tanto o povo com o teatro das tesouras no passado! Está na hora de ter atitude de homem e honrar suas calças!,0,0,3,https://twitter.com/andrefernm/status/1647032665248346114
Ângela Bastos,@Angela_Bast,https://twitter.com/Angela_Bast/status/1647045246381879298,2023-04-15T01:12:42.000Z,Como assim o @pedroaiharamg não assinou?,4,11,20,https://twitter.com/andrefernm/status/1647032665248346114
Lenynha Silva,@leninhat01,https://twitter.com/leninhat01/status/1647058299974561796,2023-04-15T02:04:34.000Z,"@andrefernm Estou com uns videos muito bons do dia 8,não  consigo mandar por e-mail, ultrapassa os 25 Mb, posso publicar eles aqui??",2,1,13,https://twitter.com/andrefernm/status/1647032665248346114
SOUL,@Scarlet73289052,https://twitter.com/Scarlet73289052/status/1647046480882982919,2023-04-15T01:17:36.000Z,"A internet tem material suficiente. 
1-Quem estava comandando a PM e ordenou a retirada das viaturas q facilitou a descida dos manifestantes?
2-Por q a PM estava s/ equipamentos?
2-Por q abandonaram 1 viatura p/ ser vandalizada?
3-Quem deixou cadeiras do lado de fora do STF?",1,11,46,https://twitter.com/andrefernm/status/1647032665248346114
Maria Miranda,@MariaMi32718576,https://twitter.com/MariaMi32718576/status/1647036603141963776,2023-04-15T00:38:21.000Z,"@AecioNeves @pinheirinhomg @ZeSilva_ 
O povo mineiro está aguardando vossas assinaturas até segunda feira, dia 17.",5,9,32,https://twitter.com/andrefernm/status/1647032665248346114
Branka Silva 2K,@Brankalsillva,https://twitter.com/Brankalsillva/status/1647290601296084993,2023-04-15T17:27:39.000Z,"@AecioNeves  não assinou porque aínda , vc trabalha pra fazer o q o povo que? Esperando a sua assinatura",0,2,2,https://twitter.com/andrefernm/status/1647032665248346114
Branka Silva 2K,@Brankalsillva,https://twitter.com/Brankalsillva/status/1647292344192888834,2023-04-15T17:34:34.000Z,"@MGRodrigoCastro  vc não assinou ainda porque, vc  trabalha pra isso fazer o q seus eleitores quer. Esperando assinatura",0,3,3,https://twitter.com/andrefernm/status/1647032665248346114
Roseni Bolsonaro,@Roseni__,https://twitter.com/Roseni__/status/1647413621020934144,2023-04-16T01:36:29.000Z,"Os poucos que conheço não vão assinar, os outros nunca vi na vida! E olhe que sou de Minas..  🤷🏻‍♀️ Os que eu votei, todos assinaram!",2,0,3,https://twitter.com/andrefernm/status/1647032665248346114
leal,@adelanioapolin1,https://twitter.com/adelanioapolin1/status/1647040784619773954,2023-04-15T00:54:58.000Z,Parabéns pelo o trabalho,0,1,2,https://twitter.com/andrefernm/status/1647032665248346114
Mario,@marioslater2,https://twitter.com/marioslater2/status/1647086095861989377,2023-04-15T03:55:01.000Z,"Lula nos EUA: conseguiu R$ 50 bilhões pra Amazônia.

Bolso nos EUA: falou I Love You E foi ignorado pelo Trump. 

Lula na China: voltou com o maior acordo bilateral da história e R$ 50 bilhões em investimentos.

Bolsonaro na China: tirou fotos.",1,0,3,https://twitter.com/andrefernm/status/1647032665248346114
Antonio Guimarães,@antonioguima14,https://twitter.com/antonioguima14/status/1647211154555453445,2023-04-15T12:11:57.000Z,"Vcs não notaram que o povo está se lixando para isso.
O povão precisa de emprego, renda, se alimentar e ter dignidade.
Vai trabalhar deputado, apresente propostas nesse sentido.",0,0,3,https://twitter.com/andrefernm/status/1647032665248346114
Ana Cristina,@AnaBolso67,https://twitter.com/AnaBolso67/status/1647040715824721921,2023-04-15T00:54:41.000Z,"Meu Deus do céu, estou muito assustada!
Sou mineira e não conheço a imensa maioria dos deputados citados por vc!
Os únicos que conheço são o Aécio e danones!!!😱🫣De qualquer forma, vou baixar e compartilhar no zap.
Vamos fazer pressão, pq essa CPMI PRECISA SAIR COM URGÊNCIA.",3,0,21,https://twitter.com/andrefernm/status/1647032665248346114
canja,@crollem2,https://twitter.com/crollem2/status/1647035931851993088,2023-04-15T00:35:41.000Z,@AecioNeves vamos assinar a cpmi,0,6,8,https://twitter.com/andrefernm/status/1647032665248346114
isabela cristina,@isabela62454542,https://twitter.com/isabela62454542/status/1647037547447451652,2023-04-15T00:42:06.000Z,Alô @pinheirinhomg assina logo. Confiei meu voto a ti.,0,3,3,https://twitter.com/andrefernm/status/1647032665248346114
Elias Abensur,@EliasAbensur,https://twitter.com/EliasAbensur/status/1647072635044483073,2023-04-15T03:01:31.000Z,Tu sabes muito é fazer tutorial de como raspar o toba.,0,0,7,https://twitter.com/andrefernm/status/1647032665248346114
FAIS OELE Cambada,@AmeliaIvani,https://twitter.com/AmeliaIvani/status/1647463623122382849,2023-04-16T04:55:10.000Z,"Cara não vai ter essa CPMI o Pacheco ts passeando como larápio vc  acha que eles já não se acertataram?
Muita inocência de vcs .",0,0,0,https://twitter.com/andrefernm/status/1647032665248346114
Wagner Alves Bitil,@BitilAlves,https://twitter.com/BitilAlves/status/1647494011530223616,2023-04-16T06:55:55.000Z,Não conheço esses caras!!,0,0,0,https://twitter.com/andrefernm/status/1647032665248346114
Rafael Douglas,@rafadouglas,https://twitter.com/rafadouglas/status/1647206619057471489,2023-04-15T11:53:56.000Z,@LuisTibeOficial @AecioNeves,1,3,3,https://twitter.com/andrefernm/status/1647032665248346114
Marcelo Rodrigues,@Marcelocantorec,https://twitter.com/Marcelocantorec/status/1647537863460892673,2023-04-16T09:50:11.000Z,Aécio neves aquele do dinheiros nas malas ? Conseguiu ser deputado ainda? 😦,0,0,0,https://twitter.com/andrefernm/status/1647032665248346114
Branka Silva 2K,@Brankalsillva,https://twitter.com/Brankalsillva/status/1647291470141898753,2023-04-15T17:31:06.000Z,"@rodrigopacheco  não assinou porque aínda, vc trabalha pra isso fazer o o seus eleitores quer. Estou esperando assinatura",0,0,1,https://twitter.com/andrefernm/status/1647032665248346114
luiz henrique,@LuizAsgarf,https://twitter.com/LuizAsgarf/status/1647255680053571586,2023-04-15T15:08:53.000Z,"Caro deputado 
Facilita as coisas
Posta a lista .",0,0,0,https://twitter.com/andrefernm/status/1647032665248346114
Marcia Coelho,@MarciaC50683625,https://twitter.com/MarciaC50683625/status/1647043999235031040,2023-04-15T01:07:44.000Z,"@AecioNeves que vergonha em Aécio, correndo da CPMI do 08 de janeiro. Tem rabo preso com o  PT?",2,0,4,https://twitter.com/andrefernm/status/1647032665248346114
Geraldo Sales,@geraldosales02,https://twitter.com/geraldosales02/status/1647283370081042435,2023-04-15T16:58:55.000Z,Jarrapoucuhoje Zé ruela?,0,0,0,https://twitter.com/andrefernm/status/1647032665248346114
Pedro77,@Pedromartins791,https://twitter.com/Pedromartins791/status/1647033366041055234,2023-04-15T00:25:29.000Z,Porque o depurado @FredCostaDep nao assinou ainda!!!?,6,6,21,https://twitter.com/andrefernm/status/1647032665248346114
ivna borges,@ivanagarcia1962,https://twitter.com/ivanagarcia1962/status/1647174942264381442,2023-04-15T09:48:03.000Z,"Caiam em cima, mineiros!",0,0,0,https://twitter.com/andrefernm/status/1647032665248346114
sempreadireita,@sempreadireita3,https://twitter.com/sempreadireita3/status/1647066056119156737,2023-04-15T02:35:23.000Z,Andre vc é um brasileiro que temos orgulho!Deus te abençoe,0,0,0,https://twitter.com/andrefernm/status/1647032665248346114
Cris Lopes,@CristianoCalpes,https://twitter.com/CristianoCalpes/status/1647241037415342080,2023-04-15T14:10:42.000Z,"Vcs ainda estão nessa?
Vão trabalhar e pare de lacração!",0,0,0,https://twitter.com/andrefernm/status/1647032665248346114
priscila1986,@priscila19865,https://twitter.com/priscila19865/status/1647060750412705792,2023-04-15T02:14:18.000Z,"ELES PREFEREM VER INOCENTES PRESOS,SEUS BENS TOMADOS P PAGAR PELO E POR ALGO Q NÃO FIZERAM DO Q ABRIR MÃO DA BOQUINHA",0,0,0,https://twitter.com/andrefernm/status/1647032665248346114
D.B,@madeinvet,https://twitter.com/madeinvet/status/1647058095141535755,2023-04-15T02:03:45.000Z,Quero saber quem são os traidores do Paraná.,1,0,0,https://twitter.com/andrefernm/status/1647032665248346114
Nivaldo Meneghel,@NivaldoMeneghel,https://twitter.com/NivaldoMeneghel/status/1647055880913920000,2023-04-15T01:54:57.000Z,E infelizmente não irão assinar. A grana tá correndo solta.,0,0,0,https://twitter.com/andrefernm/status/1647032665248346114
oGrito,@mineiroinveste,https://twitter.com/mineiroinveste/status/1647044387702988801,2023-04-15T01:09:17.000Z,"Quem é essa tal de Duda Salabert? Nunca ouvi falar em Minas, não é da minha região, alguém conhece?",2,0,0,https://twitter.com/andrefernm/status/1647032665248346114
Fernanda (não interajo c/jumento),@Fernand89275257,https://twitter.com/Fernand89275257/status/1647065622105169920,2023-04-15T02:33:39.000Z,@AecioNeves pô? Não vai assinar a CPMI? Vai virar pó?,1,2,1,https://twitter.com/andrefernm/status/1647032665248346114
Paulo,@PauloAchkar,https://twitter.com/PauloAchkar/status/1647185341546131456,2023-04-15T10:29:23.000Z,Nunca mais terão meu voto !!,0,0,0,https://twitter.com/andrefernm/status/1647032665248346114
kbarbosilva,@kbarbosilva1,https://twitter.com/kbarbosilva1/status/1647215651503652864,2023-04-15T12:29:49.000Z,"Muito obrigada, Deputado! 👏👏👏👍🇧🇷",0,0,0,https://twitter.com/andrefernm/status/1647032665248346114
Alexandre,@Stive198,https://twitter.com/Stive198/status/1647256432834756609,2023-04-15T15:11:52.000Z,"Espero que quando acontecer essa CPMI tenha pessoas capacitadas para investigar. Alguns deputados têm que lacrar menos e trabalhar mais, coloquem para ""torar"" nessa CPMI. Em nome de Jesus Cristo haverá essa CPMI.",0,0,1,https://twitter.com/andrefernm/status/1647032665248346114
Sonia Cristina,@SoniaCr72863806,https://twitter.com/SoniaCr72863806/status/1647183792895827969,2023-04-15T10:23:14.000Z,Bora cobrar,0,0,0,https://twitter.com/andrefernm/status/1647032665248346114
Ricardo T.,@RRRRicardo,https://twitter.com/RRRRicardo/status/1647381658562093056,2023-04-15T23:29:28.000Z,Cadê sua assinatura @AecioNeves? Ou seu discurso contra o PT era de mentira?,0,0,0,https://twitter.com/andrefernm/status/1647032665248346114
Gisa,@_Gisa___,https://twitter.com/_Gisa___/status/1647060051645935617,2023-04-15T02:11:31.000Z,"@RomeuZema ajude pfv, na divulgação,  temos elucidar os fatos",0,0,1,https://twitter.com/andrefernm/status/1647032665248346114
Junior,@Advoej,https://twitter.com/Advoej/status/1647058712144539651,2023-04-15T02:06:12.000Z,@AecioNeves tá devendo até hj né?,1,0,0,https://twitter.com/andrefernm/status/1647032665248346114
Sandro,@sandrogustavo,https://twitter.com/sandrogustavo/status/1647219529511055360,2023-04-15T12:45:14.000Z,"André só uma dúvida, tu é quem depilou o tobá em cima de um espelho?",0,0,0,https://twitter.com/andrefernm/status/1647032665248346114
LEONEL MOURA,@PRLEONELMOURA,https://twitter.com/PRLEONELMOURA/status/1647173515253039104,2023-04-15T09:42:23.000Z,A turma dos picanheiros é grande,0,0,0,https://twitter.com/andrefernm/status/1647032665248346114
Juliano,@Juyaho,https://twitter.com/Juyaho/status/1647103717873950722,2023-04-15T05:05:02.000Z,"Parabéns aos deputados aqui de MG que não assinaram, tem coisa mais importante para ser feito, o 8 de janeiro é coisa para justiça resolver.",1,0,0,https://twitter.com/andrefernm/status/1647032665248346114
Luciano,@LucianoLaurean1,https://twitter.com/LucianoLaurean1/status/1647695330664755211,2023-04-16T20:15:54.000Z,Quanto deputado mineiro vendido😱,0,0,0,https://twitter.com/andrefernm/status/1647032665248346114
Palassi,@PalassiP,https://twitter.com/PalassiP/status/1647245498368110592,2023-04-15T14:28:25.000Z,Teria que conversar com o @RomeuZema e com os prefeitos pra conseguir politicamente mais assinaturas.,0,0,0,https://twitter.com/andrefernm/status/1647032665248346114
rossana ramos jayme,@rossanaramosjay,https://twitter.com/rossanaramosjay/status/1648148649619206144,2023-04-18T02:17:13.000Z,Você fosse criar um tutorial de banho no kool de novo..eu apoio...agora CPMI..não viu,0,0,0,https://twitter.com/andrefernm/status/1647032665248346114
Tania Alves,@TaniaAl60560300,https://twitter.com/TaniaAl60560300/status/1647048215303278593,2023-04-15T01:24:29.000Z,NOSSA muito,0,0,0,https://twitter.com/andrefernm/status/1647032665248346114
Grazi De A. B.,@after_or,https://twitter.com/after_or/status/1647036279836557312,2023-04-15T00:37:04.000Z,Só vim elogiar teu trabalho. Tens te demonstrado incansável.,0,0,1,https://twitter.com/andrefernm/status/1647032665248346114
Cristian,@cris_o_rf,https://twitter.com/cris_o_rf/status/1647068767367593985,2023-04-15T02:46:09.000Z,"mostra o brioco depilado, que nem tu fez no vídeo aquele, pra ver se eles mudam de opinião. Faça isso pela nossa bandeira, que jamais será vermelha!",1,0,3,https://twitter.com/andrefernm/status/1647032665248346114
LULU,@SempreLolyta,https://twitter.com/SempreLolyta/status/1647341125894651905,2023-04-15T20:48:25.000Z,Cpmi pra q criatura? foi tudo filmado registrado imagem não mentem vcs vandalizaram cometeram tentativas frustradas de terrorismo isso é fato agora é só serem punidos e pronto.,0,0,0,https://twitter.com/andrefernm/status/1647032665248346114
𝔹𝕖𝕣𝕟𝕒𝕣𝕕𝕠 𝔾𝕦𝕚𝕞𝕒𝕣𝕒𝕖𝕤,@BernardoJGF,https://twitter.com/BernardoJGF/status/1647053317795717120,2023-04-15T01:44:46.000Z,Não vai ter cpmi,0,0,0,https://twitter.com/andrefernm/status/1647032665248346114
Bruno Soares,@supertomada,https://twitter.com/supertomada/status/1647736520193761281,2023-04-16T22:59:34.000Z,"Uai, @pedroaiharamg ?",0,0,0,https://twitter.com/andrefernm/status/1647032665248346114
"Ah, finalmente os refrescos.",@deco_mira,https://twitter.com/deco_mira/status/1647279568695222274,2023-04-15T16:43:48.000Z,"Vamos falar das rodovias de Minas q estão abandonadas pelo governador @RomeuZema ? Vamos lá, fale algo",0,0,0,https://twitter.com/andrefernm/status/1647032665248346114
"sou Jenni, mamãe de quatro crianças.",@Jejeninifefer,https://twitter.com/Jejeninifefer/status/1647203722768924673,2023-04-15T11:42:25.000Z,Cadê do Paraná!!!!,0,0,0,https://twitter.com/andrefernm/status/1647032665248346114
Vagner Cavalcante,@CavalcanteAdvoc,https://twitter.com/CavalcanteAdvoc/status/1647228292406149122,2023-04-15T13:20:03.000Z,"E aí, @pinheirinhomg, @nely_aquino, qual a restrição pra não assinar?",0,3,3,https://twitter.com/andrefernm/status/1647032665248346114
João,@uai_J040,https://twitter.com/uai_J040/status/1647033616109649932,2023-04-15T00:26:29.000Z,"Dimas Fabiano e Fred Costa são dois inúteis. Fazem campanha prometendo tudo pra todo mundo, ganham e somem por 4 anos sem fazer merda nenhuma.",1,0,16,https://twitter.com/andrefernm/status/1647032665248346114
Gilson,@Gilson89380801,https://twitter.com/Gilson89380801/status/1647214163104608256,2023-04-15T12:23:54.000Z,Esse deputado é aquele que ensinava como raspar o caneco?,0,0,0,https://twitter.com/andrefernm/status/1647032665248346114
Bena,@Silve1Benevalda,https://twitter.com/Silve1Benevalda/status/1647040228090060800,2023-04-15T00:52:45.000Z,Quero de São Paulo,0,0,1,https://twitter.com/andrefernm/status/1647032665248346114
LUB - sobrevivente sem traumas,@jorgepositivis1,https://twitter.com/jorgepositivis1/status/1647237721432154114,2023-04-15T13:57:31.000Z,"Segunda feira, vc apresenta a lista dos que retiram a sua assinatura e vai continuar tudo como antes.
""Perdeu de novo Mané... não amola ""🤣",0,0,0,https://twitter.com/andrefernm/status/1647032665248346114
maria malta,@mariagamalta,https://twitter.com/mariagamalta/status/1647042661050621953,2023-04-15T01:02:25.000Z,O “ Para Casa” já está sendo feito! Álea jacta est !,0,0,1,https://twitter.com/andrefernm/status/1647032665248346114
Kikolino,@cgomescarvalho,https://twitter.com/cgomescarvalho/status/1647192687634776064,2023-04-15T10:58:34.000Z,"Deputado de uma pauta só.
Tá querendo proteger os financiadores?",0,0,0,https://twitter.com/andrefernm/status/1647032665248346114
Brenda Cardoso,@brendatomtex,https://twitter.com/brendatomtex/status/1647201786221019137,2023-04-15T11:34:44.000Z,Vamos divulgar pessoal e cobrar desses deputados,0,0,0,https://twitter.com/andrefernm/status/1647032665248346114
RodrigoViana,@Rodrigo02156861,https://twitter.com/Rodrigo02156861/status/1647203402680524800,2023-04-15T11:41:09.000Z,"Tic tac tic tac, o tu não aguenta 5 mim de COI e fica criando roteiro para não sei nem pra q, a PF chega já viu aí tu fala lá",0,0,0,https://twitter.com/andrefernm/status/1647032665248346114
RodrigoViana,@Rodrigo02156861,https://twitter.com/Rodrigo02156861/status/1647203463112056832,2023-04-15T11:41:23.000Z,Raspa raspa,0,0,0,https://twitter.com/andrefernm/status/1647032665248346114
Cristina,@Crisminei,https://twitter.com/Crisminei/status/1647438611825008642,2023-04-16T03:15:47.000Z,Me admira o Pedro Aihara ñ ter assinado. Ontem cobrei dele no Instagram pq ñ achei o twiter dele.,1,0,1,https://twitter.com/andrefernm/status/1647032665248346114
Rosemeire Moura,@RosemeireMour13,https://twitter.com/RosemeireMour13/status/1647041224908460033,2023-04-15T00:56:43.000Z,Parlamentares que não gostam de gente e somente o ego vale para eles.,0,0,0,https://twitter.com/andrefernm/status/1647032665248346114
Diego Kempfer,@Kempfer4Diego,https://twitter.com/Kempfer4Diego/status/1647205404294750210,2023-04-15T11:49:06.000Z,"Fala o de Roraima, queremos saber",0,0,0,https://twitter.com/andrefernm/status/1647032665248346114
HYLBERNON,@hylbernon,https://twitter.com/hylbernon/status/1647635672063197188,2023-04-16T16:18:50.000Z,Vergonha MINAS GERAIS #CPI08deJaneiroUrgente,0,0,0,https://twitter.com/andrefernm/status/1647032665248346114
Soraya,@Soraya41633025,https://twitter.com/Soraya41633025/status/1647216766878089222,2023-04-15T12:34:15.000Z,"Os que não assinaram estão de parabéns, pois tudo foi filmado e fotografado pelos próprios terroristas.",0,0,2,https://twitter.com/andrefernm/status/1647032665248346114
Sirlene Almeida,@Sirlene_89,https://twitter.com/Sirlene_89/status/1647037155254886401,2023-04-15T00:40:32.000Z,"André peça também pro @nikolas_dm fazer isso, pra ter mais alcance!!",0,0,1,https://twitter.com/andrefernm/status/1647032665248346114
Evaniel,@Evaniel78950930,https://twitter.com/Evaniel78950930/status/1647088428255772673,2023-04-15T04:04:17.000Z,Vamos pra cima mano,0,0,0,https://twitter.com/andrefernm/status/1647032665248346114
Herloncosta,@Herloncosta31,https://twitter.com/Herloncosta31/status/1647356317516873728,2023-04-15T21:48:47.000Z,Bora pesquisar no jus Brasil . Vê quem tá lá sendo processado. Kkkkkkkk.,0,0,0,https://twitter.com/andrefernm/status/1647032665248346114
Douglas Duarte,@doduarte80,https://twitter.com/doduarte80/status/1647058746214891522,2023-04-15T02:06:20.000Z,"Além de falar os nomes, deixa os nomes fixo em legenda pra todos registrarem bem os nomes.",0,0,0,https://twitter.com/andrefernm/status/1647032665248346114
Euber Lisboa,@euberlisboa,https://twitter.com/euberlisboa/status/1647060380391178246,2023-04-15T02:12:50.000Z,"Qual a surpresa? Quem não assinou, tem muito a explicar...",0,0,0,https://twitter.com/andrefernm/status/1647032665248346114
Frank Rodrigues,@FrankRo66726891,https://twitter.com/FrankRo66726891/status/1652545106354884608,2023-04-30T05:27:10.000Z,Faz muito bem divulgar pois só assim o povo aos poucos vão aprendendo a votar em pessoas que estão comprometidas realmente com as pautas que irão levar o país a crescer.,0,0,0,https://twitter.com/andrefernm/status/1647032665248346114
Samuca Prestes,@prestes_samuca,https://twitter.com/prestes_samuca/status/1647202383175331841,2023-04-15T11:37:06.000Z,Engraçado que só a corja não assinou. Os mesmos que eu desconfio que tem rabo preso com o evento.,0,0,0,https://twitter.com/andrefernm/status/1647032665248346114
Deise Neves,@DeiseNe33831696,https://twitter.com/DeiseNe33831696/status/1647033503412895746,2023-04-15T00:26:02.000Z,"Deu vergonha agora, que tanto de gente...",0,0,1,https://twitter.com/andrefernm/status/1647032665248346114
laine,@laine41346711,https://twitter.com/laine41346711/status/1647036300044783618,2023-04-15T00:37:09.000Z,Pedro aihara aquele bombeiro de brumadinho??? Uai so,0,0,3,https://twitter.com/andrefernm/status/1647032665248346114
Vanice Paschoaleto,@VanicePaschoal1,https://twitter.com/VanicePaschoal1/status/1647038745005391872,2023-04-15T00:46:51.000Z,Cada dia te  admiro mais dep 👐👐👐,0,0,1,https://twitter.com/andrefernm/status/1647032665248346114
Erica Butiao Barbosa,@EricaButiao,https://twitter.com/EricaButiao/status/1647041445344231424,2023-04-15T00:57:35.000Z,Vamos compartilhar esses nomes,0,0,1,https://twitter.com/andrefernm/status/1647032665248346114
Cilia Lopes,@lopescilia16,https://twitter.com/lopescilia16/status/1647043453098901507,2023-04-15T01:05:34.000Z,Pra surpresa de 0 pessoas !! 🤬,0,0,0,https://twitter.com/andrefernm/status/1647032665248346114
Boy do Interior PE,@HMarxcedo,https://twitter.com/HMarxcedo/status/1647043647727104008,2023-04-15T01:06:20.000Z,Chama lá no jusbrasil arapaçu,0,0,0,https://twitter.com/andrefernm/status/1647032665248346114
Adonis Santos,@AdonisS14244496,https://twitter.com/AdonisS14244496/status/1647053321323044864,2023-04-15T01:44:47.000Z,Roraima,0,0,0,https://twitter.com/andrefernm/status/1647032665248346114
VFS,@VSTBru,https://twitter.com/VSTBru/status/1647056467810217984,2023-04-15T01:57:17.000Z,"PCHECO e o culpado e deve responder por isso, prevaricação e crime.",0,0,0,https://twitter.com/andrefernm/status/1647032665248346114
Valéria Oliveira,@O30083716Valria,https://twitter.com/O30083716Valria/status/1647153391792193537,2023-04-15T08:22:25.000Z,@DomingosSavioMG parabéns .,0,0,3,https://twitter.com/andrefernm/status/1647032665248346114
Arnaldo,@Arnaldo72214972,https://twitter.com/Arnaldo72214972/status/1647057513186050048,2023-04-15T02:01:26.000Z,Esses lista dos deputados está Jusbrasil kkkkkk,0,0,0,https://twitter.com/andrefernm/status/1647032665248346114
Francisco Portugal,@Francis08361697,https://twitter.com/Francis08361697/status/1647109181164642304,2023-04-15T05:26:45.000Z,E de Sergipe?,0,0,0,https://twitter.com/andrefernm/status/1647032665248346114
Cone Prado,@PradoCone,https://twitter.com/PradoCone/status/1647127463812636673,2023-04-15T06:39:24.000Z,CPMI URGENTE!!,0,0,0,https://twitter.com/andrefernm/status/1647032665248346114
Silvana Ferreira Martins Gomes do carmo,@Silvana28531843,https://twitter.com/Silvana28531843/status/1647146207590899713,2023-04-15T07:53:53.000Z,Os deputado que elegemos em Uberlândia envergonham nosso Triângulo  Mineiro.,0,0,0,https://twitter.com/andrefernm/status/1647032665248346114
Claudio Evooo,@ClaudioEvooo,https://twitter.com/ClaudioEvooo/status/1647172117841027075,2023-04-15T09:36:50.000Z,Parabéns pela firmeza.,0,0,0,https://twitter.com/andrefernm/status/1647032665248346114
@Magesantos,@Magesantos,https://twitter.com/Magesantos2/status/1647178440162811904,2023-04-15T10:01:57.000Z,Inimigos do povo,0,0,0,https://twitter.com/andrefernm/status/1647032665248346114
Vera Carareto,@veracarareto,https://twitter.com/veracarareto/status/1647207635299516417,2023-04-15T11:57:58.000Z,"Nós pagamos os salários de todos os parlamentares para defender o povo e o nosso País!!!
NÃO É JUSTO COM O POVO! ELES SÓ LEGISLAREM EM CAUSA PRÓPRIA!!!
ISSO É CANALHICE POR PARTE DESSES SENHORES QUE FORAM ELEITOS PELO POVO.
ONDE ESTÁ O CARÁTER???",0,0,0,https://twitter.com/andrefernm/status/1647032665248346114
Fernando Rodrigues,@Fernand60138844,https://twitter.com/Fernand60138844/status/1647207806821449729,2023-04-15T11:58:39.000Z,André vê Paraná p nós aqui?,0,0,0,https://twitter.com/andrefernm/status/1647032665248346114
Amabile Loregian,@AmabileLoregian,https://twitter.com/AmabileLoregian/status/1647216312957927424,2023-04-15T12:32:27.000Z,Isso tudo é farinha do mesmo saco.....,0,0,0,https://twitter.com/andrefernm/status/1647032665248346114
Joferlu - Meu para bolsonaristas e venturistas,@Jolufer1957,https://twitter.com/Jolufer1957/status/1647040670102683648,2023-04-15T00:54:30.000Z,"Deputado Raspaku:
Depois da gritaria dos últimos dias no parlamento bem que te podias calar só um bocadinho, essas cordas vocais já estão a cobrar a hora extra a 100% a esta hora. Já o cérebro ainda nem assinou o contrato de trabalho, continua precário.",1,0,2,https://twitter.com/andrefernm/status/1647032665248346114
Gabriela Carvalho,@Gabrielac2712,https://twitter.com/Gabrielac2712/status/1647247430746796034,2023-04-15T14:36:06.000Z,"Deputado @andrefernm , eu quero estar mais informada mediante a tudo. 
Pois estou vendo que nós cidadãos teremos que cobrar muito, mais muito mesmo do governo no seu todo!

Deputado aonde eu encontro esses nomes por escrito ? Existe um documento acessível?",0,0,0,https://twitter.com/andrefernm/status/1647032665248346114
Paulo Rosa,@PauloRo65863896,https://twitter.com/PauloRo65863896/status/1647284610055667713,2023-04-15T17:03:50.000Z,Tá desesperado hein,0,0,0,https://twitter.com/andrefernm/status/1647032665248346114
Natasha Goodwin,@mara_stewa27410,https://twitter.com/mara_stewa27410/status/1647351850549518336,2023-04-15T21:31:02.000Z,Yay!,0,0,0,https://twitter.com/andrefernm/status/1647032665248346114
Dodives,@Dodives,https://twitter.com/Dodives/status/1647361831508365313,2023-04-15T22:10:41.000Z,Iiiiiiiii 100 mimimi🤤,0,0,0,https://twitter.com/andrefernm/status/1647032665248346114
IvGres,@gres_iv2964,https://twitter.com/gres_iv2964/status/1647365469450403840,2023-04-15T22:25:09.000Z,#estamosdeolhonocongresso,0,0,0,https://twitter.com/andrefernm/status/1647032665248346114
Alexandre Santos,@Alexand09829150,https://twitter.com/Alexand09829150/status/1647379005580926982,2023-04-15T23:18:56.000Z,"Os que eu votei assinaram, graças a D'us.",0,0,0,https://twitter.com/andrefernm/status/1647032665248346114
Luiz Antonio Inocente,@LuizAntonioIno2,https://twitter.com/LuizAntonioIno2/status/1647904418677903365,2023-04-17T10:06:44.000Z,"Gostaria de saber se os 2 deputados de Ribeirão Preto assinaram.
Ricardo Silva
Baleia Rossi",0,0,0,https://twitter.com/andrefernm/status/1647032665248346114
Luiz Eribaldo Campos,@EribaldoLuiz,https://twitter.com/EribaldoLuiz/status/1648033907839840256,2023-04-17T18:41:17.000Z,brasil,0,0,0,https://twitter.com/andrefernm/status/1647032665248346114
Matheus Prosdocimi,@Theusilvass,https://twitter.com/Theusilvass/status/1648037451552681984,2023-04-17T18:55:22.000Z,"Alguns já desativaram os comentários, vamos continuar com a pressão! 🇧🇷🗣💪🏼",0,0,0,https://twitter.com/andrefernm/status/1647032665248346114
Amabile Loregian,@AmabileLoregian,https://twitter.com/AmabileLoregian/status/1647216539450462209,2023-04-15T12:33:21.000Z,Meu Deus quantos http://bdd.so por Deus,0,0,0,https://twitter.com/andrefernm/status/1647032665248346114
Sheila Maria,@SheilaM46053493,https://twitter.com/SheilaM46053493/status/1648452522384969729,2023-04-18T22:24:42.000Z,"OhhhBl€$$iNg of Th€ LORD!!!""💕",0,0,0,https://twitter.com/andrefernm/status/1647032665248346114
Venceslau Mendes de Oliveira da Silva,@VenceslauMende3,https://twitter.com/VenceslauMende3/status/1648616915747631106,2023-04-19T09:17:57.000Z,Todos esse nome eu conheço eles não ganhou nem meu voto pra vereador não e de si estranha,0,0,0,https://twitter.com/andrefernm/status/1647032665248346114
fabricio A freitas,@fabriciotriumph,https://twitter.com/fabriciotriumph/status/1647250247507116038,2023-04-15T14:47:18.000Z,Vamos Pra Cima Irmão Tmj sempre Força e Honra,0,0,0,https://twitter.com/andrefernm/status/1647032665248346114
Marcelo Muniz,@Marcelo70310630,https://twitter.com/Marcelo70310630/status/1647169324094816257,2023-04-15T09:25:44.000Z,"Todos bora assinar aí , ou vocês não se elegem mais",0,0,0,https://twitter.com/andrefernm/status/1647032665248346114
fabricio A freitas,@fabriciotriumph,https://twitter.com/fabriciotriumph/status/1647250173112856576,2023-04-15T14:47:00.000Z,Vamos Pra CIMA Irmão Força e Honra,0,0,0,https://twitter.com/andrefernm/status/1647032665248346114
Angela Andrade,@angela180553,https://twitter.com/angela180553/status/1647202717922914305,2023-04-15T11:38:26.000Z,Não esqueceremos.,0,0,0,https://twitter.com/andrefernm/status/1647032665248346114
IGOR STRAVINSKY,@IGORSTR28538762,https://twitter.com/IGORSTR28538762/status/1647391482104496128,2023-04-16T00:08:31.000Z,Kkkkkkkkkkkkk,0,0,0,https://twitter.com/andrefernm/status/1647032665248346114
Marcio PT 13 %,@Marciolopeste,https://twitter.com/Marciolopeste/status/1647226086835585025,2023-04-15T13:11:17.000Z,Sabemos o que você fazia no verão passado.,0,0,5,https://twitter.com/andrefernm/status/1647032665248346114
#Cpmide08dejaneiroJá #cpmi08dejaneiro2023 #,@CCConservador,https://twitter.com/CCConservador/status/1647033429601447937,2023-04-15T00:25:44.000Z,#Cpmide08dejaneiroJá  #cpmi08dejaneiro2023 #cpmi08janeiro2023,0,0,1,https://twitter.com/andrefernm/status/1647032665248346114
Lucicleia Munaro,@LucicleiaMunaro,https://twitter.com/LucicleiaMunaro/status/1647248414546034693,2023-04-15T14:40:01.000Z,Quem Sao os traidores do Mato Grosso do Sul?????,0,0,0,https://twitter.com/andrefernm/status/1647032665248346114
RT do Brasil ®,@RTdoBrasil,https://twitter.com/RTdoBrasil/status/1647037518003437568,2023-04-15T00:41:59.000Z,"Entre com um Mandado de Segurança no STF pedindo uma Liminar que obrigue Pacheco a instaurar a CPMI, usando a jurisprudência pacificada da Liminar concedida para instaurar a CPI da Covid, concedida por Barroso e confirmada pelo pleno do STF.",0,4,27,https://twitter.com/andrefernm/status/1647032665248346114
Olga Oliveira,@olgahonorio1,https://twitter.com/olgahonorio1/status/1647455849596559361,2023-04-16T04:24:17.000Z,Vocês nunca mais ganharão nenhuma eleição se não assinarem a CPMI,0,0,0,https://twitter.com/andrefernm/status/1647032665248346114
Olga Oliveira,@olgahonorio1,https://twitter.com/olgahonorio1/status/1647456299687321600,2023-04-16T04:26:04.000Z,É aí Fred Costa...porque não assinou a CPMI ainda...se não assinar...nunca mais terá meu voto.,0,0,0,https://twitter.com/andrefernm/status/1647032665248346114
jussara maria,@jussaramaria762,https://twitter.com/jussaramaria762/status/1647079981497843714,2023-04-15T03:30:43.000Z,@pedrohaiara assina @rodrigopacheco assina,0,2,3,https://twitter.com/andrefernm/status/1647032665248346114
O Andarilho,@OAndarilho16,https://twitter.com/OAndarilho16/status/1647257583516803075,2023-04-15T15:16:27.000Z,"Galera do dia 8 tá é presa cidadão, vc já esqueceu da explicação que Flávio Dino deu a vc?",0,0,0,https://twitter.com/andrefernm/status/1647032665248346114
Catarine,@catarine_eng,https://twitter.com/catarine_eng/status/1647057389118472192,2023-04-15T02:00:57.000Z,"@odaircunhamg a região onde moro muita gente te apoiou, podemos contar com seu apoio agora? A investigação é de suma importância para esclarecimento dos fatos e punição correta.",2,5,20,https://twitter.com/andrefernm/status/1647032665248346114
Cybelle Caldeira Organizer,@CybelleCFRib,https://twitter.com/CybelleCFRib/status/1647108743987855360,2023-04-15T05:25:01.000Z,"Por favor deputados mineiros.  Bispo @gilbertoabramo , será que vamos poder contar com o Sr?",0,3,2,https://twitter.com/andrefernm/status/1647032665248346114
Cybelle Caldeira Organizer,@CybelleCFRib,https://twitter.com/CybelleCFRib/status/1647110430085595141,2023-04-15T05:31:43.000Z,"Por favor @pedroaiharamg , acreditava já ter assinado, precisamos ter uma resposta sobre esses atos, o povo que está preso injustamente precisa de vocês! Amos ficar de olho.",0,3,2,https://twitter.com/andrefernm/status/1647032665248346114
Mineiinha uai,@eusoueu_uai,https://twitter.com/eusoueu_uai/status/1647045489869705221,2023-04-15T01:13:40.000Z,"Só  gente ""boa""....
Mineiro não tem dedo podre pra votar, tem dedo gangrenado.",2,0,19,https://twitter.com/andrefernm/status/1647032665248346114
Elenilson Bezerra,@elenilson_b,https://twitter.com/elenilson_b/status/1647069762206285826,2023-04-15T02:50:07.000Z,Rio Grande do Norte  ?,0,0,1,https://twitter.com/andrefernm/status/1647032665248346114
wzanini,@wzanini1,https://twitter.com/wzanini1/status/1647036036508164096,2023-04-15T00:36:06.000Z,"Excelente iniciativa, mas a nominata tem que estar no vídeo em letras garrafais",0,0,1,https://twitter.com/andrefernm/status/1647032665248346114
Bob Silva,@BobSilvaOnFace,https://twitter.com/BobSilvaOnFace/status/1647152191365423104,2023-04-15T08:17:39.000Z,Já depilou o cool hoje?,0,0,2,https://twitter.com/andrefernm/status/1647032665248346114
joao agripino,@joaoagripino4,https://twitter.com/joaoagripino4/status/1647033934562181130,2023-04-15T00:27:45.000Z,Quando for falando os nomes bote uma foto do lado do deputado ou deputada vai ser melhor,0,0,4,https://twitter.com/andrefernm/status/1647032665248346114
Marcia Pring Fiorilo,@MarciaPring,https://twitter.com/MarciaPring/status/1647164189197352961,2023-04-15T09:05:20.000Z,"Parabéns p/eles, q sabem q vcs só querem jogar lona no Congresso! Quem vai participar da CPI? Você, q passou meses na internet incitando os golpistas? Por que ñ falam da CPI do DF? Está fazendo um ótimo trabalho, s/circo! Mostrando o trabalho da polícia e desmentindo criminosos!",0,0,2,https://twitter.com/andrefernm/status/1647032665248346114
Paulo Lula Gomes,@GomesGrpjr40,https://twitter.com/GomesGrpjr40/status/1647058667064160256,2023-04-15T02:06:01.000Z,Ouça a música raspaku.,0,0,19,https://twitter.com/andrefernm/status/1647032665248346114
rogerio costa,@rogerio07389557,https://twitter.com/rogerio07389557/status/1647160399140388866,2023-04-15T08:50:16.000Z,Já se recuperou do estupro intelectual público que vc sofreu? Aí dá bem que estava raspadinho.,0,0,1,https://twitter.com/andrefernm/status/1647032665248346114
Comedor de Comunista Casada,@ComunistaCasada,https://twitter.com/ComunistaCasada/status/1647247944486092801,2023-04-15T14:38:09.000Z,@rafaelsimoesmg  ?,0,2,0,https://twitter.com/andrefernm/status/1647032665248346114
Fabio Lucio,@lucio_pena,https://twitter.com/lucio_pena/status/1647044639122243585,2023-04-15T01:10:17.000Z,Mais fácil e rápido tu citar quem assinou essa merda 😂😂😂,0,0,1,https://twitter.com/andrefernm/status/1647032665248346114
jane_leite1,@Jane_leite1,https://twitter.com/Jane_leite1/status/1647033299070509057,2023-04-15T00:25:13.000Z,@pedroaiharamg  😱😱😱😱😱😱😱!! Como assim ???,0,6,9,https://twitter.com/andrefernm/status/1647032665248346114
oGrito,@mineiroinveste,https://twitter.com/mineiroinveste/status/1647047142094118912,2023-04-15T01:20:13.000Z,"33 deputados de Minas Gerais ainda não assinaram o requerimento para abertura da CPMI de 8 de Janeiro, confira aqui no vídeo se o seu deputado ainda não assinou, prazo final segunda feira dia 17-04-2023.",1,8,22,https://twitter.com/andrefernm/status/1647032665248346114
Pabulo Henrique Silva,@PabuloHenrique3,https://twitter.com/PabuloHenrique3/status/1647045586581897222,2023-04-15T01:14:03.000Z,"Vamos pressionar, MG tem de ser exemplo e não cúmplice desse desgoverno",0,0,2,https://twitter.com/andrefernm/status/1647032665248346114
"Deus no comando, td é do pai.",@Vilma04965362,https://twitter.com/Vilma04965362/status/1647229222060978176,2023-04-15T13:23:45.000Z,@AnaPimentel_jf  é sério q a senhora NÃO quer ser justa com seu povo? ESTAMOS DE OLHO. #cpmi08dejaneiro2023,0,1,1,https://twitter.com/andrefernm/status/1647032665248346114
Lú Ramos,@LucianaMacedoR1,https://twitter.com/LucianaMacedoR1/status/1647038194926469120,2023-04-15T00:44:40.000Z,@pinheirinhomg por que não assinou?,2,0,6,https://twitter.com/andrefernm/status/1647032665248346114
Lú Ramos,@LucianaMacedoR1,https://twitter.com/LucianaMacedoR1/status/1647038795131285505,2023-04-15T00:47:03.000Z,@pedroaiharamg o Sr. Discorda da CPMI? Por que não assinou?,1,5,9,https://twitter.com/andrefernm/status/1647032665248346114
Lú Ramos,@LucianaMacedoR1,https://twitter.com/LucianaMacedoR1/status/1647039789550501888,2023-04-15T00:51:01.000Z,@LuisTibeOficial o Sr discorda da CPMI? Por que não assinou?,1,5,9,https://twitter.com/andrefernm/status/1647032665248346114
Erica Mara Cardoso de Bessa,@EricaMaraCardo1,https://twitter.com/EricaMaraCardo1/status/1647234426546401282,2023-04-15T13:44:26.000Z,@pinheirinhomg  assina por favor precisamos saber a verdade,0,3,3,https://twitter.com/andrefernm/status/1647032665248346114
Guto.a.a,@AugustoAssisFSA,https://twitter.com/AugustoAssisFSA/status/1647057533289345027,2023-04-15T02:01:31.000Z,Manda um vídeo de depilação q eles assinam! Kkkkkk,1,0,1,https://twitter.com/andrefernm/status/1647032665248346114
relrede milésima conta....,@james54196472,https://twitter.com/james54196472/status/1647034959826153473,2023-04-15T00:31:49.000Z,Excelente andre,0,2,4,https://twitter.com/andrefernm/status/1647032665248346114
LEDIR BEATRIZ felicio Felicio Felício felicio,@BeatrizLedir,https://twitter.com/BeatrizLedir/status/1647216074578853893,2023-04-15T12:31:30.000Z,"bom saber, e vocês deputados e senadores lembre que as Urnas eletrônicas são fraudaveis, que a 16 anos que lula é Dilma Rusefe sempre foram eleitos com urnas eletrônicas pois elas são fraudaveis 
porque o Basoso dice Eleição não seganha se toma e stf  tse tomou.",1,0,0,https://twitter.com/andrefernm/status/1647032665248346114
antonio amorim,@antonio18762309,https://twitter.com/antonio18762309/status/1647746427802533888,2023-04-16T23:38:56.000Z,"Uma pergunta, vc é o cara que entende do JusBrasil?",0,0,0,https://twitter.com/andrefernm/status/1647032665248346114
Leninha #LulaPresidentedoBrasil,@ProfaLeninha,https://twitter.com/ProfaLeninha/status/1650205462942326788,2023-04-23T18:30:16.000Z,"Tá atrasado, flor.",0,0,0,https://twitter.com/andrefernm/status/1647032665248346114
Fátima Alves,@FtimaAl58671968,https://twitter.com/FtimaAl58671968/status/1647714348310118403,2023-04-16T21:31:28.000Z,"Mário Heringer, meu voto, nunca mais. 😤",0,0,0,https://twitter.com/andrefernm/status/1647032665248346114
*,@aobr,https://twitter.com/aobr/status/1647053036949237761,2023-04-15T01:43:39.000Z,"Qual o objetivo FINAL dessa mensagem ?
Ou seja, o que você espera que aconteça ?",0,0,1,https://twitter.com/andrefernm/status/1647032665248346114
Adolfo Moraes,@INprensaRJ,https://twitter.com/INprensaRJ/status/1647253330484162562,2023-04-15T14:59:33.000Z,"Você realmente acredita que a polícia judiciária não sabia? O careca que manda em tudo não sabia? As provas de que Dilmo e Dino sabiam... Infelizmente Deputado, a versão que vai ficar é a deles, e o senhor corre risco de perder seu mandato, PARA APRENDER A FICAR CALADO",0,0,1,https://twitter.com/andrefernm/status/1647032665248346114
Selma Esteves,@esteves_as,https://twitter.com/esteves_as/status/1647072401614569472,2023-04-15T03:00:36.000Z,Muito obrigada aos deputados mineiros que não estão fazendo parte desta cortina de fumaça para atrapalhar e desviar o foco da investigação séria que está sendo feita. Contem conosco para as próximas. 👏👏👏👏👏👏👏👏👏👏👏👏👏👏👏👏👏👏👏👏👏👏👏👏👏👏👏👏👏,0,0,2,https://twitter.com/andrefernm/status/1647032665248346114
Dercio Borges,@DercioBorges2,https://twitter.com/DercioBorges2/status/1647173922444521474,2023-04-15T09:44:00.000Z,@odaircunhamg qual medo deputado?nunca mais terá o nosso voto,1,2,4,https://twitter.com/andrefernm/status/1647032665248346114
Dercio Borges,@DercioBorges2,https://twitter.com/DercioBorges2/status/1647174484615413760,2023-04-15T09:46:14.000Z,"@AecioNeves qual medo deputado? Nunca mais terá nosso voto,deputados mineiros sujando imagem de minas",0,3,1,https://twitter.com/andrefernm/status/1647032665248346114
#Cpmide08dejaneiroJá #cpmi08dejaneiro2023 #,@CCConservador,https://twitter.com/CCConservador/status/1647068261081546753,2023-04-15T02:44:09.000Z,#cpmi08janeiro2023  Obrigado a todos os deputados federais e senadores que assinaram!! Um obrigado especial ao deputado @andrefernm  André Fernandes. Estamos muito orgulhosos do senhor. Obrigado ao políticos que divulgaram!! Vergonha dos outros! #CPMI08dejaneiro,0,0,0,https://twitter.com/andrefernm/status/1647032665248346114
Eloi Rogerio,@eloirogerio,https://twitter.com/eloirogerio/status/1647208997210955776,2023-04-15T12:03:23.000Z,"Parabéns aos que não assinaram a realização deste circo para palhaçadas.  Dia 08.01 já está definido, não há dúvidas que foi terrorismo e o gado envolvido já está preso, ou solto com tornezeleira. Os mandantes estão sendo identificados pela PF.",0,0,0,https://twitter.com/andrefernm/status/1647032665248346114
gouveia,@sidney_gouveia,https://twitter.com/sidney_gouveia/status/1647066035114201089,2023-04-15T02:35:18.000Z,@BaixadorDeVideo,0,0,0,https://twitter.com/andrefernm/status/1647032665248346114
gouveia,@sidney_gouveia,https://twitter.com/sidney_gouveia/status/1647066127099469825,2023-04-15T02:35:40.000Z,@BaixaEssaPorra,0,0,0,https://twitter.com/andrefernm/status/1647032665248346114
Margareth Brazil Was Stolen,@Margareth_Bolso,https://twitter.com/Margareth_Bolso/status/1647043915738931202,2023-04-15T01:07:24.000Z,"Um monte desses vêm aqui na minha cidade atrás dos trouxas, pedir voto! Principalmente o Reginaldo Lopes!!!!",0,0,0,https://twitter.com/andrefernm/status/1647032665248346114
Fábio RJ,@fabiowillemam32,https://twitter.com/fabiowillemam32/status/1647047415977967617,2023-04-15T01:21:19.000Z,Será que vão avacalhar a CPMI para livrar o maior corrupto e ex presidiário?,0,0,0,https://twitter.com/andrefernm/status/1647032665248346114
CLEITON SERRA,@CleitonSerra77,https://twitter.com/CleitonSerra77/status/1647189900863713282,2023-04-15T10:47:30.000Z,"Homi a cada nome falado, era para aparecer a foto.",0,0,0,https://twitter.com/andrefernm/status/1647032665248346114
"Setreali, De Vril",@Setrealidevril,https://twitter.com/Setrealidevril/status/1647171360672690176,2023-04-15T09:33:50.000Z,Não se elegem nunca mais com o voto da direita,0,0,0,https://twitter.com/andrefernm/status/1647032665248346114
Marly ishizaki,@MarlyIshizaki,https://twitter.com/MarlyIshizaki/status/1647155970181832705,2023-04-15T08:32:40.000Z,De outros estados também deveriam divulgar Alto e em bom Tom pra todos saberem os covardes quem são.,0,0,0,https://twitter.com/andrefernm/status/1647032665248346114
Alexandre P Vaz da Silva 52,@AlexandrePVazd3,https://twitter.com/AlexandrePVazd3/status/1647272770609328130,2023-04-15T16:16:48.000Z,Senta que em pé cansa.,0,0,0,https://twitter.com/andrefernm/status/1647032665248346114
Mariana Oliveira,@Mariana22mg,https://twitter.com/Mariana22mg/status/1647154374509223942,2023-04-15T08:26:20.000Z,Tem mtos aí que eu nunca nem vi falar. Siu de MG....,0,0,0,https://twitter.com/andrefernm/status/1647032665248346114
Jucielmo Coelho,@JucielmoC,https://twitter.com/JucielmoC/status/1647247730832560128,2023-04-15T14:37:18.000Z,"E os da Bahia? Pode enviar, por favor?",0,0,0,https://twitter.com/andrefernm/status/1647032665248346114
Jorge Nicacio,@JorgeNicacio9,https://twitter.com/JorgeNicacio9/status/1647068550723411969,2023-04-15T02:45:18.000Z,"O Povo quer saber a verdade , para cima deles , como disse um ex Presidiárioquem tem medo de CPMI provavelmente tem rabo preso !",0,0,0,https://twitter.com/andrefernm/status/1647032665248346114
Jeff,@Jeff79835842,https://twitter.com/Jeff79835842/status/1647286723469082625,2023-04-15T17:12:14.000Z,Parece até lista ficha suja. Não salva um.,0,0,0,https://twitter.com/andrefernm/status/1647032665248346114
ivania mr,@ivaniamr1,https://twitter.com/ivaniamr1/status/1647051452500566016,2023-04-15T01:37:21.000Z,"Bao saber disso!!Anotei tudim esses nomes, eles não serão esquecidos,o tal do mineiro e rancoroso.",0,0,0,https://twitter.com/andrefernm/status/1647032665248346114
Maisa Fernanda,@MaisaFe72753052,https://twitter.com/MaisaFe72753052/status/1647134183267893249,2023-04-15T07:06:06.000Z,"Será que todos estés deputados Sao coniventes com esta injusticia no nosso pais??? tem rabo preso com estés atos de 8 de Janeiro??? Senhores deputados  ajude a esclarecer estés fatos, e dar justiça a estas pessoas que estao presas, sen ter cometido crimen algún",0,0,0,https://twitter.com/andrefernm/status/1647032665248346114
Zoways,@zoways,https://twitter.com/zoways/status/1647129304940068867,2023-04-15T06:46:43.000Z,TA DOPADO?,0,0,0,https://twitter.com/andrefernm/status/1647032665248346114
Marta lucia Cardoso,@MartaluciaCard5,https://twitter.com/MartaluciaCard5/status/1647245197569392640,2023-04-15T14:27:14.000Z,"Sai da bolha atestado, quem disse que somos favorável a CPI? A polícia federal já está fazendo seus papel.",0,0,0,https://twitter.com/andrefernm/status/1647032665248346114
#RLF#,@rlf016flia,https://twitter.com/rlf016flia/status/1647033020761735169,2023-04-15T00:24:07.000Z,Tudo esquerda ou simpatizante.,1,0,9,https://twitter.com/andrefernm/status/1647032665248346114
Saulo Silva,@claytonsf9,https://twitter.com/claytonsf9/status/1647040156988321794,2023-04-15T00:52:28.000Z,Oxe! Nem sabia que o Aécio das neves ainda é deputado.,0,0,1,https://twitter.com/andrefernm/status/1647032665248346114
Mia,@Mia77257939,https://twitter.com/Mia77257939/status/1647054498567692290,2023-04-15T01:49:27.000Z,Rafael Simões ex prefeito de Pouso Alegre.,0,0,1,https://twitter.com/andrefernm/status/1647032665248346114
Direita Maranhao 2023 MA,@NossaRenovacao,https://twitter.com/NossaRenovacao/status/1647037593748471808,2023-04-15T00:42:17.000Z,Maranhão ....,1,0,2,https://twitter.com/andrefernm/status/1647032665248346114
EeeeeGalo,@EeeeeGalo,https://twitter.com/EeeeeGalo/status/1647092882552025090,2023-04-15T04:21:59.000Z,Uai @EuclydesPetter não vai assinar??? Pq??,0,0,1,https://twitter.com/andrefernm/status/1647032665248346114
Kelly,@CoutoKelly3,https://twitter.com/CoutoKelly3/status/1647270460726312960,2023-04-15T16:07:37.000Z,@LuisTibeOficial,0,2,1,https://twitter.com/andrefernm/status/1647032665248346114
Ana Paula Carvalho,@anapfont,https://twitter.com/anapfont/status/1647232057397985284,2023-04-15T13:35:01.000Z,"De muitos aí, já se esperava msm. Começando pelo vergonhoso e incompetente senador @rodrigopacheco que adora sentar em cima de requerimentos. Vergonha o estado de MG ter tantos parlamentares coniventes com essa bandidagem. @pedroaiharamg, até vc?",0,0,1,https://twitter.com/andrefernm/status/1647032665248346114
Morena Nunes,@MORENA50368808,https://twitter.com/MORENA50368808/status/1647043152782532609,2023-04-15T01:04:22.000Z,"Já vou cobrar da Nely Aquino , né possível,votei nela",0,0,1,https://twitter.com/andrefernm/status/1647032665248346114
wellington magno de,@LetoMagno,https://twitter.com/LetoMagno/status/1647191534754844672,2023-04-15T10:53:59.000Z,"Que isso meu deputado, @pedroaiharamg honre nossos votos e sua instituição,  policia e bombeiros de Brasília estão sendo massacrados, colocados como inúteis,  incapacitados e você quieto. Assina ess💩💩💩 e investigue, salve seus colegas ou foi só por voto? Onde você estudou?",0,4,9,https://twitter.com/andrefernm/status/1647032665248346114
Carvalho Lys,@CarvalhoLys1,https://twitter.com/CarvalhoLys1/status/1647041725779660805,2023-04-15T00:58:42.000Z,"Deputado, se eventualmente essa CPMI não sair, quero lhe dizer que seu esforço não será esquecido! O sistema é bruto, eles são uma gangue de mercenários que tomaram o poder!",0,0,2,https://twitter.com/andrefernm/status/1647032665248346114
Dilma de Souza,@DilmadeSouza2,https://twitter.com/DilmadeSouza2/status/1647462814599069697,2023-04-16T04:51:58.000Z,@pauloguedesfc,0,0,0,https://twitter.com/andrefernm/status/1647032665248346114
Marcos Faria,@Marcos_Faria,https://twitter.com/Marcos_Faria/status/1647260932031098880,2023-04-15T15:29:45.000Z,"NÃO ASSINARAM????
Que bom, Ainda bem que MG tem parlamentares decentes. Parabéns para eles!!!!",0,0,0,https://twitter.com/andrefernm/status/1647032665248346114
Stella Faria,@StellaFaria15,https://twitter.com/StellaFaria15/status/1647215908543234048,2023-04-15T12:30:51.000Z,"O ""Danones""???!!!
Esse nunca vai assinar!!!
Ele #fazueli 🤷🏼‍♀️",0,0,0,https://twitter.com/andrefernm/status/1647032665248346114
Jorgyleno da luz,@Jorgylenogdl,https://twitter.com/Jorgylenogdl/status/1647217985205989380,2023-04-15T12:39:06.000Z,Cadê o Pará,0,0,0,https://twitter.com/andrefernm/status/1647032665248346114
LEDIR BEATRIZ felicio Felicio Felício felicio,@BeatrizLedir,https://twitter.com/BeatrizLedir/status/1647216967810465792,2023-04-15T12:35:03.000Z,"deputados e senadores confiamos em vocês, botem pra votar proxima eleição voto aditavel impresso contagem público. 
porque não adianta que os deputados e senadores sabem que se for pra eleição daqui a 4 anos tiver Urnas eletrônicas eles vão ser eleito pelo stf tse na fraude.",0,0,0,https://twitter.com/andrefernm/status/1647032665248346114
Valdilene Adriana Nepomuceno,@ValdileneAdria1,https://twitter.com/ValdileneAdria1/status/1647426219888066560,2023-04-16T02:26:33.000Z,"Uai esse Pedro ""Haiara"" é o Bombeiros que foi porta voz em Brumadinho? Passada😱🤦‍♀️",0,0,0,https://twitter.com/andrefernm/status/1647032665248346114
Emanuel Pinto,@Emanuel64994117,https://twitter.com/Emanuel64994117/status/1647264089742229504,2023-04-15T15:42:18.000Z,Mostra e divulga o nome de todos essas anomalias,0,0,0,https://twitter.com/andrefernm/status/1647032665248346114
"Deus no comando, td é do pai.",@Vilma04965362,https://twitter.com/Vilma04965362/status/1647228757160214528,2023-04-15T13:21:54.000Z,"@AecioNeves kkkk estado mental qual será? 
Expliquem a ele q quem não assinar confirmam q NÃO estão ao lado do povo . #cpmi08dejaneiro2023",0,0,0,https://twitter.com/andrefernm/status/1647032665248346114
Tiago A C,@TiagoAC52,https://twitter.com/TiagoAC52/status/1647230724137680898,2023-04-15T13:29:43.000Z,Vai depilar o cool,0,0,0,https://twitter.com/andrefernm/status/1647032665248346114
