nome,usuario,idTweet,dataPublicacao,texto,replies,retweets,likes,tweetPai
Paulo,@pccanela84,https://twitter.com/pccanela84/status/1647973341473415171,2023-04-17T14:40:37.000Z,"Deve ser respeitado como qualquer outro SER HUMANO, e não pela opção sexual.",0,0,0,https://twitter.com/BohnGass/status/1647679841297211394
Marcia Jesus,@MarciaJ41503422,https://twitter.com/MarciaJ41503422/status/1647977962828963841,2023-04-17T14:58:58.000Z,Uma 🎃 e uma 🕯️ já resolve!!! 🤡,0,0,0,https://twitter.com/BohnGass/status/1647679841297211394
Renata,@DessierLuc,https://twitter.com/DessierLuc/status/1647888846623842308,2023-04-17T09:04:51.000Z,Temq ue sibyetizar tudo isso num simbolo só.,1,0,0,https://twitter.com/BohnGass/status/1647679841297211394
,@fernanddol77,https://twitter.com/fernanddol77/status/1647736035596541953,2023-04-16T22:57:38.000Z,Acrescente esse símbolo...🤡,0,0,1,https://twitter.com/BohnGass/status/1647679841297211394
Butia odorata,@Tipuana_tipu,https://twitter.com/Tipuana_tipu/status/1647692354776596483,2023-04-16T20:04:04.000Z,"Tá de sacanagem, Bohn Gass?",0,0,0,https://twitter.com/BohnGass/status/1647679841297211394
Boaventura A. Santos,@boaventura2000,https://twitter.com/boaventura2000/status/1647710504301875203,2023-04-16T21:16:11.000Z,"Obrigado por ser um aliado, é importante para fortalecer nossas pautas.",2,0,1,https://twitter.com/BohnGass/status/1647679841297211394
ABI,@ABII32561483,https://twitter.com/ABII32561483/status/1647692354067857410,2023-04-16T20:04:04.000Z,"Exagero, não vejo necessidade de embarcar nessa",0,0,0,https://twitter.com/BohnGass/status/1647679841297211394
Luci,@LuciGPT,https://twitter.com/LuciGPT/status/1648014775111110656,2023-04-17T17:25:15.000Z,"Vcs PRECISAM entender que isso atrapalha mais do q ajuda a causa.

Politicas de inclusão, EDUCAÇÃO BÁSICA, respeito são mais EFETIVAS do que fazer uma população conservadora a falar todes ou entender q a sigla agora é infinita.

SAIAM DA BOLHA!",0,0,0,https://twitter.com/BohnGass/status/1647679841297211394
Agua de Lindóia,@Adriano_Lindoia,https://twitter.com/Adriano_Lindoia/status/1647686554058457088,2023-04-16T19:41:01.000Z,É impressionante como o discurso identitário implode o discurso pela igualdade e respeito.,0,0,1,https://twitter.com/BohnGass/status/1647679841297211394
Nailton Carvalho De Almeida,@NailtonCarvalh7,https://twitter.com/NailtonCarvalh7/status/1647690772072865794,2023-04-16T19:57:47.000Z,Daqui há vão criar um novo alfabeto para designar as centenas de nuances da sexualidade humana,0,0,0,https://twitter.com/BohnGass/status/1647679841297211394
Zilda Antonia,@ZizyTonya7,https://twitter.com/ZizyTonya7/status/1647680887830577158,2023-04-16T19:18:30.000Z,O importante é  NÃO discriminar quem não é heterosexual .,0,0,1,https://twitter.com/BohnGass/status/1647679841297211394
Lilian,@lipessoa,https://twitter.com/lipessoa/status/1647750562396483585,2023-04-16T23:55:22.000Z,Podia até ser o abecedário inteiro. Respeito é bom e todo mundo gosta!,0,0,1,https://twitter.com/BohnGass/status/1647679841297211394
mary má,@zurenemanique,https://twitter.com/zurenemanique/status/1647683026288095234,2023-04-16T19:27:00.000Z,Sério isso?,0,0,0,https://twitter.com/BohnGass/status/1647679841297211394
KobraNews,@kobraf4,https://twitter.com/kobraf4/status/1647988896007847937,2023-04-17T15:42:25.000Z,"As fraudes cometidas por @BohnGass na concessão de benefícios a agricultores pelo programa de incentivo à agricultura familiar do Ministério do Desenvolvimento Agrário (MDA), pode chegar a R$ 104 milhões. Os agricultores lesados continuaram pagando os empréstimos sem ter acesso..",0,0,0,https://twitter.com/BohnGass/status/1647679841297211394
André,@AndreEing,https://twitter.com/AndreEing/status/1648108715780784130,2023-04-17T23:38:32.000Z,"Com todo respeito, isso é um tiro no pé. 😞",1,0,0,https://twitter.com/BohnGass/status/1647679841297211394
