nome,usuario,idTweet,dataPublicacao,texto,replies,retweets,likes,tweetPai
Heloisa Rebeca,@HeloisaRebeca3,https://twitter.com/HeloisaRebeca3/status/1647310025717604354,2023-04-15T18:44:50.000Z,@JaymeCampos251 vamos assinar!,2,4,5,https://twitter.com/andrefernm/status/1647259237821878274
ZELINA LANGA,@ZelinaLanga,https://twitter.com/ZelinaLanga/status/1647402343669940224,2023-04-16T00:51:40.000Z,Fala do Espírito Santo.,1,0,1,https://twitter.com/andrefernm/status/1647259237821878274
Junior,@juninhopreto82,https://twitter.com/juninhopreto82/status/1647267626190614529,2023-04-15T15:56:21.000Z,@BaixaEssa,1,0,0,https://twitter.com/andrefernm/status/1647259237821878274
Etlon Locadora De Van 65 99981 7878,@miltonsavana,https://twitter.com/miltonsavana/status/1647265542032465921,2023-04-15T15:48:04.000Z,"Pode esquecer Deputado @andrefernm, o Deputado Juarez Costa gosta muito de dinheiro e o Lula tem para comprar ele, e o Deputado Emanuel Pinheiro é filho do Pref. de Cuiabá que na obra da copa foi filmado caindo uma montanha de dinheiro de propina, esses 2 Deputados é impossível.",0,1,12,https://twitter.com/andrefernm/status/1647259237821878274
Heloisa Rebeca,@HeloisaRebeca3,https://twitter.com/HeloisaRebeca3/status/1647310319666995200,2023-04-15T18:46:00.000Z,@emanuelzinhomt  vamos assinar deputado??,0,1,0,https://twitter.com/andrefernm/status/1647259237821878274
Emersom Ferron Carneiro,@FerronEmersom,https://twitter.com/FerronEmersom/status/1647270735973343232,2023-04-15T16:08:42.000Z,"Esse já sabia, e não vão assinar.
Agora aguardando o senador Wellington Fagundes, pra mim ele e um melancia. Meu deputado @JoseMedeirosMT não me decepciona. Já foi 3 votos e vou votar denovo.",2,4,8,https://twitter.com/andrefernm/status/1647259237821878274
HYLBERNON,@hylbernon,https://twitter.com/hylbernon/status/1647634999280115712,2023-04-16T16:16:10.000Z,Parabéns MATO GROSSO #CPI08deJaneiroUrgente,0,0,0,https://twitter.com/andrefernm/status/1647259237821878274
Leandro Hipólito,@LeandrHipolito,https://twitter.com/LeandrHipolito/status/1647384186490109954,2023-04-15T23:39:31.000Z,"Vossa excelência pode buscar no Jusbrasil alternativas para convence-los a assinarem, não?",0,0,0,https://twitter.com/andrefernm/status/1647259237821878274
Rose Maciel,@ArnaudinRose,https://twitter.com/ArnaudinRose/status/1647259367937286146,2023-04-15T15:23:32.000Z,Boa André! manda RJ!,0,0,0,https://twitter.com/andrefernm/status/1647259237821878274
Ingrid Argolo,@IngridArgolo1,https://twitter.com/IngridArgolo1/status/1647287794555842562,2023-04-15T17:16:30.000Z,"Devería ser lei quem assinar não poder retirar. Já pensou se no mundo dos contratos fosse assim? Assinar, retirar, assinar, retirar...",0,0,1,https://twitter.com/andrefernm/status/1647259237821878274
Eduardo Araújo Feitosa,@EduardoAF1988,https://twitter.com/EduardoAF1988/status/1647799666535170050,2023-04-17T03:10:29.000Z,"@JaymeCampos251 se pronuncie, por favor. Deve uma satisfação a sociedade que o elegeu. Obs: Com justificativa claras.",0,0,0,https://twitter.com/andrefernm/status/1647259237821878274
Eduardo Araújo Feitosa,@EduardoAF1988,https://twitter.com/EduardoAF1988/status/1647801308693291008,2023-04-17T03:17:01.000Z,"@margabuzetti se pronuncie, por favor. Deve uma satisfação a sociedade que a elegeu. Obs: Com justificativas claras.",0,0,0,https://twitter.com/andrefernm/status/1647259237821878274
Eduardo Araújo Feitosa,@EduardoAF1988,https://twitter.com/EduardoAF1988/status/1647801899133837312,2023-04-17T03:19:22.000Z,"@emanuelzinhomt se pronuncie, por favor. Deve uma satisfação a sociedade que a elegeu. Obs: Com justificativas claras.",0,0,0,https://twitter.com/andrefernm/status/1647259237821878274
Eduardo Araújo Feitosa,@EduardoAF1988,https://twitter.com/EduardoAF1988/status/1647802286570184704,2023-04-17T03:20:54.000Z,"@juarezcostamt se pronuncie, por favor. Deve uma satisfação a sociedade que a elegeu. Obs: Com justificativas claras.",0,0,0,https://twitter.com/andrefernm/status/1647259237821878274
Marina,@Mah_sei,https://twitter.com/Mah_sei/status/1647271375004893188,2023-04-15T16:11:15.000Z,@emanuelzinhomt  bora assinar deputado????,0,2,4,https://twitter.com/andrefernm/status/1647259237821878274
Marina,@Mah_sei,https://twitter.com/Mah_sei/status/1647271638067556352,2023-04-15T16:12:17.000Z,"@JaymeCampos251 vamos assinar senador, sei que o senhor é um político consciente dos deveres.",0,3,11,https://twitter.com/andrefernm/status/1647259237821878274
Marina,@Mah_sei,https://twitter.com/Mah_sei/status/1647272500252794883,2023-04-15T16:15:43.000Z,@margabuzetti vamos assinar senadora? Seria fundamental sua assinatura para que se faça justiça.,0,2,9,https://twitter.com/andrefernm/status/1647259237821878274
Ina Zanin,@InajaraZanin,https://twitter.com/InajaraZanin/status/1647264472866738176,2023-04-15T15:43:49.000Z,@juarezcostamt não vai assinar ?,0,1,3,https://twitter.com/andrefernm/status/1647259237821878274
IvGres,@gres_iv2964,https://twitter.com/gres_iv2964/status/1647404215109660672,2023-04-16T00:59:06.000Z,#estamosdeolhonocongresso Queremos a verdade! Que a justiça seja feita e Deus seja louvado!,0,0,0,https://twitter.com/andrefernm/status/1647259237821878274
Teilson,@terivel25,https://twitter.com/terivel25/status/1647452121657122817,2023-04-16T04:09:28.000Z,Pode esquecer da assinatura desses aí.,0,0,0,https://twitter.com/andrefernm/status/1647259237821878274
Sâmia Serafini,@SamiaSerafini,https://twitter.com/SamiaSerafini/status/1647406386446229504,2023-04-16T01:07:44.000Z,@JaymeCampos251 não nos decepcione!!! Está passando da hora de assinar!,0,0,0,https://twitter.com/andrefernm/status/1647259237821878274
Nusa velasco,@VanusaRibeiroS5,https://twitter.com/VanusaRibeiroS5/status/1647557799990161409,2023-04-16T11:09:24.000Z,Estamos de olho 👀,0,0,0,https://twitter.com/andrefernm/status/1647259237821878274
Xavier,@JaderXdePaula,https://twitter.com/JaderXdePaula/status/1647276458589470721,2023-04-15T16:31:27.000Z,Caro André. E pelo que conhecemos nem irão. Só puxa a “capivara” e irás entender.,0,0,0,https://twitter.com/andrefernm/status/1647259237821878274
Fabia Pavani,@pavani_fabia,https://twitter.com/pavani_fabia/status/1647428213876899843,2023-04-16T02:34:28.000Z,Parabéns deputado! É admirável sua dedicação e será recompensada com ctz,0,0,0,https://twitter.com/andrefernm/status/1647259237821878274
José Irenildo,@JosIrenildo1,https://twitter.com/JosIrenildo1/status/1647263281864667141,2023-04-15T15:39:05.000Z,Quais são os do Ceará?,1,0,0,https://twitter.com/andrefernm/status/1647259237821878274
Marina,@Mah_sei,https://twitter.com/Mah_sei/status/1647271453593591813,2023-04-15T16:11:34.000Z,Juarez Costa infelizmente já não tem twitter.,0,0,0,https://twitter.com/andrefernm/status/1647259237821878274
Bruno A G R,@eschauz,https://twitter.com/eschauz/status/1647415453407387649,2023-04-16T01:43:46.000Z,"Emanuelzinho não vão assinar pq ele é petista,a mãe dele foi candidata a governadora aqui do MT pelo PT,já o Jayme Campos tbm não engana ninguém e outra q não irá assinar,já os outros dois não posso opinar.",0,0,0,https://twitter.com/andrefernm/status/1647259237821878274
Ina Zanin,@InajaraZanin,https://twitter.com/InajaraZanin/status/1647354587500650498,2023-04-15T21:41:54.000Z,https://instagram.com/emanuelpinheironeto?igshid=YmMyMTA2M2Y=… Instagram do Emanuel Pinheiro Neto,0,1,0,https://twitter.com/andrefernm/status/1647259237821878274
Ina Zanin,@InajaraZanin,https://twitter.com/InajaraZanin/status/1647354818355240965,2023-04-15T21:42:49.000Z,https://instagram.com/juarezcostamt?igshid=YmMyMTA2M2Y=… Instagram do Juarez Costa,0,0,0,https://twitter.com/andrefernm/status/1647259237821878274
Drika Denzer,@DrikaDenzer,https://twitter.com/DrikaDenzer/status/1647295428885454851,2023-04-15T17:46:50.000Z,#CPMI08dejaneiro #CPMI08DEJANEIROJÁ #SoltemOsPresosPoliticos#JustiçaPelosPatriotasInocentes,0,0,0,https://twitter.com/andrefernm/status/1647259237821878274
Edison Eriberto,@EribertoEdison,https://twitter.com/EribertoEdison/status/1647261239033077760,2023-04-15T15:30:58.000Z,Será que  vai sair essa CPMI Deputado ? É boato ou verdade que alguns parlamentares pretendem retirar assinaturas no último dia  ?,0,0,0,https://twitter.com/andrefernm/status/1647259237821878274
Dê Moraes,@moraesde4,https://twitter.com/moraesde4/status/1647313304996421632,2023-04-15T18:57:52.000Z,REAJA MATO GROSSO 🇧🇷🗽 #CPMI08JaneiroUrgente,0,1,4,https://twitter.com/andrefernm/status/1647259237821878274
Porão Analista Político,@PoraoPolitico,https://twitter.com/PoraoPolitico/status/1647451801686351872,2023-04-16T04:08:12.000Z,Como passar vergonha na internet 2 - A Missão.,0,0,0,https://twitter.com/andrefernm/status/1647259237821878274
Wander Bernardes,@WanderBernardes,https://twitter.com/WanderBernardes/status/1647734699626823682,2023-04-16T22:52:20.000Z,Eles são obrigados ou eles podem ter a opinião própria?,0,0,0,https://twitter.com/andrefernm/status/1647259237821878274
Felipe,@idfelipeleandro,https://twitter.com/idfelipeleandro/status/1647452906818240512,2023-04-16T04:12:35.000Z,Mais 72 horas e eles assinarão.,0,0,0,https://twitter.com/andrefernm/status/1647259237821878274
carlos pereira,@carlosp_qz,https://twitter.com/carlosp_qz/status/1647261730483912704,2023-04-15T15:32:55.000Z,"Esse é o meu deputado!👏👏👏Continue firme, meu jovem, e que Deus te conserve e proteja!🙏",0,0,0,https://twitter.com/andrefernm/status/1647259237821878274
EDmario Jobat,@edmariojobatpe,https://twitter.com/edmariojobatpe/status/1647408856425721859,2023-04-16T01:17:33.000Z,"Se vcs acham grosso, olha a dica",0,0,1,https://twitter.com/andrefernm/status/1647259237821878274
Carol Valdez,@CarolValdez111,https://twitter.com/CarolValdez111/status/1647323222679904259,2023-04-15T19:37:16.000Z,"@emanuelzinhomt @juarezcostamt @JaymeCampos251 @margabuzetti 
Não assinaram pq?????
Seus eleitores querem saber!",0,1,0,https://twitter.com/andrefernm/status/1647259237821878274
Patrícia,@arteporparte,https://twitter.com/arteporparte/status/1647980643307999234,2023-04-17T15:09:38.000Z,#CPMI08DEJANEIROJÁ,0,0,0,https://twitter.com/andrefernm/status/1647259237821878274
Luiz,@zanimaia_luiz,https://twitter.com/zanimaia_luiz/status/1647387880334000128,2023-04-15T23:54:12.000Z,"Deputado, o Sr é a voz do povo brasileiro de bem .... que DEUS continue iluminando o seu caminho e dê forças para enfrentar a corja de apátridas",0,0,0,https://twitter.com/andrefernm/status/1647259237821878274
Lucélia Pacheco,@lucelia_pacheco,https://twitter.com/lucelia_pacheco/status/1647321634309644289,2023-04-15T19:30:58.000Z,"O único senador de Mato Grosso que assinou a lista da CPMI  @sen_wellington ,os mato-grossenses de bem agradecem. Não se dobre à Extrema Esquerda senador. Não retire à sua assinatura.",0,3,5,https://twitter.com/andrefernm/status/1647259237821878274
Eduardo Kirst,@DUKIRST,https://twitter.com/DUKIRST/status/1647389476350468103,2023-04-16T00:00:32.000Z,"Vishh esses dois ai sei não hein ,são da patota!!!!",0,0,0,https://twitter.com/andrefernm/status/1647259237821878274
Cacá de Souza,@CacadeSouza2,https://twitter.com/CacadeSouza2/status/1647281793316405248,2023-04-15T16:52:39.000Z,Esses MERDAS de Mato Grosso....... ME AGUARDEM.,0,0,0,https://twitter.com/andrefernm/status/1647259237821878274
Marly Carvalho Carvalho,@MarlyCarvalhoC2,https://twitter.com/MarlyCarvalhoC2/status/1647302272546664451,2023-04-15T18:14:01.000Z,"Vichi, Emanuel neto , que decepção 🤮Juarez que vexame 🤮",0,0,1,https://twitter.com/andrefernm/status/1647259237821878274
Arthur Correia,@ArthurCorreia86,https://twitter.com/ArthurCorreia86/status/1647328398522368002,2023-04-15T19:57:50.000Z,"MATO GROSSO, aprendam a raspar o c* com esse deputado desqualificado e oportunista.",0,0,0,https://twitter.com/andrefernm/status/1647259237821878274
Sâmia Serafini,@SamiaSerafini,https://twitter.com/SamiaSerafini/status/1647406212651134976,2023-04-16T01:07:03.000Z,@emanuelzinhomt VAI ASSINAR??? Vergonha de vc!,0,0,0,https://twitter.com/andrefernm/status/1647259237821878274
Sionistas FDP!,@FredFrancesche,https://twitter.com/FredFrancesche/status/1647271015087497217,2023-04-15T16:09:49.000Z,SENTA NO L CAPACHO TROUXA,0,0,0,https://twitter.com/andrefernm/status/1647259237821878274
Mutens ANTIFASCISTA.,@mutens,https://twitter.com/mutens/status/1648310475535335425,2023-04-18T13:00:16.000Z,"Atenção, Mato Grosso. Esse aqui é o imbeci1 que vocês elegeram porque acham que todo mundo deve aprender a depilar o kool.😂🤣😂🤣😂🤣",0,0,0,https://twitter.com/andrefernm/status/1647259237821878274
Patricia,@PatriciaKarin1,https://twitter.com/PatriciaKarin1/status/1647411022733426690,2023-04-16T01:26:09.000Z,"Esses aí são petistas, comunistas, políticos de carreira  que nunca vao assinar essa CPMI",0,0,0,https://twitter.com/andrefernm/status/1647259237821878274
Wander Bernardes,@WanderBernardes,https://twitter.com/WanderBernardes/status/1647735010835742721,2023-04-16T22:53:34.000Z,Ja raspou o C* hoje?,0,0,0,https://twitter.com/andrefernm/status/1647259237821878274
Fabio Vaz,@fabiovaz2202,https://twitter.com/fabiovaz2202/status/1647439104001310721,2023-04-16T03:17:44.000Z,"Bolsonaro perdeu...se liga
   ... bora
 Trabalhar.",0,0,0,https://twitter.com/andrefernm/status/1647259237821878274
F.M.,@fmolabs,https://twitter.com/fmolabs/status/1647341448365326336,2023-04-15T20:49:42.000Z,"Pode esquecer nenelzinho, filho de corrupto (paletó) e base do nove dedos. Jayme Campos é a vergonha de Mato Grosso.. A outra senadora suplente do min agricultura então pode esquecer tbm. Esses aí nunca irão assinar.",0,0,0,https://twitter.com/andrefernm/status/1647259237821878274
Fizuélisson,@CLamentando5,https://twitter.com/CLamentando5/status/1647332091741233153,2023-04-15T20:12:31.000Z,"Vamos parabeniza-los!

Onde já se viu assinar pedido de um investigado?",0,0,0,https://twitter.com/andrefernm/status/1647259237821878274
Solange Pereira da Rosa,@Solange68383406,https://twitter.com/Solange68383406/status/1647289431139778564,2023-04-15T17:23:00.000Z,@juarezcostamt não vai assinar deputado? O que o sr. vai explicar para seus eleitores? Tem algo a esconder?,0,0,1,https://twitter.com/andrefernm/status/1647259237821878274
Solange Pereira da Rosa,@Solange68383406,https://twitter.com/Solange68383406/status/1647289700271501313,2023-04-15T17:24:04.000Z,"@emanuelzinhomt está esperando o quê para assinar? Não quer investigação, porquê?",0,0,1,https://twitter.com/andrefernm/status/1647259237821878274
Jefferson Almeida de Siqueira,@Jefferson193080,https://twitter.com/Jefferson193080/status/1647260572218449924,2023-04-15T15:28:19.000Z,KD do rio?,1,0,0,https://twitter.com/andrefernm/status/1647259237821878274
JOE RICARDO,@JOERICA76165480,https://twitter.com/JOERICA76165480/status/1647268441848414209,2023-04-15T15:59:35.000Z,"Pior que são 2 vagabundos, infelizmente.",0,0,0,https://twitter.com/andrefernm/status/1647259237821878274
Abe_,@Abgf_Brasil,https://twitter.com/Abgf_Brasil/status/1647261808405753858,2023-04-15T15:33:14.000Z,"Pra cima André! Excelente trabalho, vá expondo todos, deputados e senadores!
Por favor, consiga uma relação com as redes sociais deles.
Assim podemos marcá-los por estado, os que assinaram e os que não assinaram",0,0,1,https://twitter.com/andrefernm/status/1647259237821878274
Derlin.’.Rodrigues,@DerlinRod,https://twitter.com/DerlinRod/status/1648085908866977793,2023-04-17T22:07:55.000Z,"Temos a obrigação moral , humanitária e necessária de viralizar este vídeo. Não podemos ser omissos sob pena de sermos coniventes com essa barbárie *COMPARTILHEM* Olha o vídeo que tá rolando nas mídias sociais em Portugal, Espanha, Itália, Holanda, Inglaterra, Suécia, Dinamarca,… Mostrar mais",0,0,0,https://twitter.com/andrefernm/status/1647259237821878274
Rita Mata,@RitaMata17,https://twitter.com/RitaMata17/status/1647293351031341056,2023-04-15T17:38:34.000Z,"Por favor, caros parlamentares sejam o porta voz do povo na CPMI do 8 de janeiro,  assinem o requerimento, confiamos nos senhores como nossos representantes. Precisamos dos senhores como guerreiros legítimos para lutar pela dignidade da Nação Brasileira.",0,0,0,https://twitter.com/andrefernm/status/1647259237821878274
Yvonne & Yanni,@Yannetes,https://twitter.com/Yannetes/status/1647562930928381953,2023-04-16T11:29:47.000Z,Alô Brasil Se o lula não quer fazer o Bafômetro é pq ele bebeu né?,0,0,0,https://twitter.com/andrefernm/status/1647259237821878274
Altamirce Bartolomeu,@abilio1916,https://twitter.com/abilio1916/status/1647263969214623745,2023-04-15T15:41:49.000Z,BANDIDO BOM É BANDIDO MORTO,0,0,0,https://twitter.com/andrefernm/status/1647259237821878274
Mateus ×S× Vanderley,@MateusVanderle7,https://twitter.com/MateusVanderle7/status/1647490024789663748,2023-04-16T06:40:05.000Z,"Se quisermos um futuro de esperança para nossas e futuras gerações, pressionem e continuem pressionando mais e mais os seus deputados, devemos lutador para a instauração da CPMi, abaixo a lista dos deputados que assinaram ou não para a CPMIhttps://docs.google.com/spreadsheets/u/0/d/1uaGvvD39Qqf8lKBfRft2JCl20z3KHecb/htmlview#gid=2130601127…",0,0,0,https://twitter.com/andrefernm/status/1647259237821878274
Jogar dentro das quatro linhas da Const Fed Br 88,@LRobertoLeitao,https://twitter.com/LRobertoLeitao/status/1647325276882325507,2023-04-15T19:45:26.000Z,"Ao Congresso Nacional@SenadoFederal @camaradeputados@andrefernm @nikolas_dm @coronel_meira @EduGiraoOficial a #CPMIdo08deJaneiroJá é um instrumento Legal, Institucional, um Dever Cívico e Moral.
Deixar de investigar será um ato de COVARDIA, CONIVÊNCIA E PREVARICAÇÃO.",0,0,1,https://twitter.com/andrefernm/status/1647259237821878274
Terra Redonda,@michaelpavoni2,https://twitter.com/michaelpavoni2/status/1647261347242033152,2023-04-15T15:31:24.000Z,Urgente Informação importante:,0,0,1,https://twitter.com/andrefernm/status/1647259237821878274
Terra Redonda,@michaelpavoni2,https://twitter.com/michaelpavoni2/status/1647261447297048577,2023-04-15T15:31:48.000Z,Urgente Informação importante:,0,0,1,https://twitter.com/andrefernm/status/1647259237821878274
Terra Redonda,@michaelpavoni2,https://twitter.com/michaelpavoni2/status/1647261530897932289,2023-04-15T15:32:08.000Z,Urgente Informação importante:,0,0,1,https://twitter.com/andrefernm/status/1647259237821878274
Terra Redonda,@michaelpavoni2,https://twitter.com/michaelpavoni2/status/1647261623319502850,2023-04-15T15:32:30.000Z,Urgente Informação importante:,0,0,1,https://twitter.com/andrefernm/status/1647259237821878274
Terra Redonda,@michaelpavoni2,https://twitter.com/michaelpavoni2/status/1647261808703467521,2023-04-15T15:33:14.000Z,Urgente Informação importante:,0,0,1,https://twitter.com/andrefernm/status/1647259237821878274
Tony Carlos,@07TonyCarlos,https://twitter.com/07TonyCarlos/status/1647266551744143360,2023-04-15T15:52:05.000Z,Vai fazer a lista dos deputados que não querem o TACLA Duran vá à Câmara?  @andrefernm,0,0,0,https://twitter.com/andrefernm/status/1647259237821878274
#Cpmide08dejaneiroJá #cpmi08dejaneiro2023 #,@CCConservador,https://twitter.com/CCConservador/status/1647447754765893633,2023-04-16T03:52:07.000Z,https://twitter.com/lidiaborgesbor1/status/1647443741601349633…,0,0,0,https://twitter.com/andrefernm/status/1647259237821878274
Sara Barbosa,@SaraBar99075705,https://twitter.com/SaraBar99075705/status/1647477246934884352,2023-04-16T05:49:18.000Z,Kkkkkkkkkkkkkkkkkkkkk,0,0,1,https://twitter.com/andrefernm/status/1647259237821878274
Marcia Pring Fiorilo,@MarciaPring,https://twitter.com/MarciaPring/status/1647275027077758978,2023-04-15T16:25:46.000Z,"Parabéns p/eles, q sabem q vcs só querem jogar lona no Congresso! Quem vai participar da CPI? Você, q passou meses na internet incitando os golpistas? Por que ñ falam da CPI do DF? Está fazendo um ótimo trabalho, s/circo! Mostrando o trabalho da polícia e desmentindo criminosos!",0,0,0,https://twitter.com/andrefernm/status/1647259237821878274
Lene Paixão,@LenePaixao1,https://twitter.com/LenePaixao1/status/1647276443313795073,2023-04-15T16:31:23.000Z,#CPMI08dejaneiro,0,0,2,https://twitter.com/andrefernm/status/1647259237821878274
