nome,usuario,idTweet,dataPublicacao,texto,replies,retweets,likes,tweetPai
Jeff P,@JeffP72451998,https://twitter.com/JeffP72451998/status/1648103624315138048,2023-04-17T23:18:18.000Z,"esperamos q não coloquem tipos como Renan knalheiros, aziz, Randolfe ....de presidentes e relatores.",0,0,0,https://twitter.com/cabogilberto/status/1648096169157881856
Iraci Pereira,@IraciPe30702542,https://twitter.com/IraciPe30702542/status/1648107711320530946,2023-04-17T23:34:33.000Z,Aleluia  Groria  a Deus que a verdade venha a tona 🙏🙏👍👍,0,0,0,https://twitter.com/cabogilberto/status/1648096169157881856
@arte.mix22,@arte.mix22,https://twitter.com/larterock27/status/1648100100319715329,2023-04-17T23:04:18.000Z,Gostei de ver!,0,0,0,https://twitter.com/cabogilberto/status/1648096169157881856
Ale Silva,@Aleoliveirashr,https://twitter.com/Aleoliveirashr/status/1648121374211227648,2023-04-18T00:28:50.000Z,#NINGUEMDORME,0,0,0,https://twitter.com/cabogilberto/status/1648096169157881856
Gerson Nunes,@GersonN67180193,https://twitter.com/GersonN67180193/status/1648098573551009792,2023-04-17T22:58:14.000Z,"Amem, teremos justica nas investigacoes",0,0,0,https://twitter.com/cabogilberto/status/1648096169157881856
Waldenilson Ferreira,@WaldenilsonFer3,https://twitter.com/WaldenilsonFer3/status/1648136456320299009,2023-04-18T01:28:46.000Z,"Espero estar enganado, mas entendendo o jogo podre dos bastidores da política brasileira, não ocorrerá a CPMI do dia 08 de Janeiro. Muitos parlamentares covardes que cedem a pressões partidárias e afins retirarão suas assinaturas!",0,0,0,https://twitter.com/cabogilberto/status/1648096169157881856
Leonardo,@Leo_baboresende,https://twitter.com/Leo_baboresende/status/1648096574919041024,2023-04-17T22:50:18.000Z,"Estamos no Brasil! Só acredito vendo!
Já é uma ditadura",0,0,1,https://twitter.com/cabogilberto/status/1648096169157881856
hugahuga coelho,@HugahugaCoelho,https://twitter.com/HugahugaCoelho/status/1648127563036860419,2023-04-18T00:53:26.000Z,"Só acredito vendo, e mas se for do jeito q estou vendo algumas, pó aí não vai dar em nada.",0,0,0,https://twitter.com/cabogilberto/status/1648096169157881856
Lucilene,@lubarmell,https://twitter.com/lubarmell/status/1648103727490842624,2023-04-17T23:18:43.000Z,Só acredito vendo…,0,0,0,https://twitter.com/cabogilberto/status/1648096169157881856
gaby,@gabysander35,https://twitter.com/gabysander35/status/1648130058115076099,2023-04-18T01:03:21.000Z,"Durma de olhos abertos porque o Pacheco tá tramando alguma coisa 
Até 12:00muita coisa pode acontecer",0,0,0,https://twitter.com/cabogilberto/status/1648096169157881856
Juliana Alves,@Julianaa1285,https://twitter.com/Julianaa1285/status/1648097267088326656,2023-04-17T22:53:03.000Z,Espero que aconteça 🙏🙏🙏,0,0,0,https://twitter.com/cabogilberto/status/1648096169157881856
francisco storelli,@franciscostore5,https://twitter.com/franciscostore5/status/1648124467703427073,2023-04-18T00:41:08.000Z,Acho que combinaram uma meia pizza nessa reunião né 👀😳,0,0,0,https://twitter.com/cabogilberto/status/1648096169157881856
Rita,@RCChiea,https://twitter.com/RCChiea/status/1648103940511203329,2023-04-17T23:19:34.000Z,"Muito cuidado, Srs. parlamentares com as provocações que a esquerda irá promover para tentar obstruir a abertura da CPMI.",0,0,0,https://twitter.com/cabogilberto/status/1648096169157881856
Xavi Lima,@XaviLima5,https://twitter.com/XaviLima5/status/1648133286667907072,2023-04-18T01:16:11.000Z,"Isso mesmo ! Não deve ter cortina de fumaça! Tem que convocar Flávio Dino, Ibaneis, Anderson, Bolsonaro,Heleno, Pastores envolvidos, Empresários envolvidos, o homem bomba, Carluxo, Eustáquio, Major da PM, GSI, ABIN ou seja da esquerda e da direita para não virar Cpi 🎪",0,0,0,https://twitter.com/cabogilberto/status/1648096169157881856
Roberto Silva,@Roberto38845366,https://twitter.com/Roberto38845366/status/1648486621300531200,2023-04-19T00:40:12.000Z,"Obstrução de todas as Pautas até a leitura da instalação da CPMI do 8 de Janeiro, no Congresso!
Se o PT ou Rodrigo Pacheco interferirem na Lista dos Deputados e Senadores que apoiam a CPMI, devemos trancar todas as Pautas até nova Lista e aprovação da CPMI do 8 de Janeiro!",0,0,0,https://twitter.com/cabogilberto/status/1648096169157881856
#Cpmide08dejaneiroJá #cpmi08dejaneiro2023 #,@CCConservador,https://twitter.com/CCConservador/status/1648119032355094529,2023-04-18T00:19:32.000Z,Obrigado Deputado!!!!   Honrando os votos que recebeste 👏👏🔝🔝🔝🔝🔝🔝🔝🔝🔝🔝🔝🔝🔝🔝🔝🔝🔝👍👍👍Estamos muito orgulhosos do senhor. #CPMI08dejaneiro  #Cpmide08dejaneiroJá  #cpmi08dejaneiro2023 #cpmi08janeiro2023,0,0,0,https://twitter.com/cabogilberto/status/1648096169157881856
Lene Paixão,@LenePaixao1,https://twitter.com/LenePaixao1/status/1648116491311632386,2023-04-18T00:09:26.000Z,#CPMI08DEJANEIROJÁ,0,0,1,https://twitter.com/cabogilberto/status/1648096169157881856
