nome,usuario,idTweet,dataPublicacao,texto,replies,retweets,likes,tweetPai
Wil Amaral,@amaral_wil,https://twitter.com/amaral_wil/status/1648125652829102080,2023-04-18T00:45:50.000Z,MORO NA CADEIA,0,0,0,https://twitter.com/BohnGass/status/1648055611798573065
Árabe,@magno537,https://twitter.com/magno537/status/1648104503604813825,2023-04-17T23:21:48.000Z,Ele fez muito mais merda do que imagina kkk,0,0,0,https://twitter.com/BohnGass/status/1648055611798573065
Acpassos,@AdemirCardosod5,https://twitter.com/AdemirCardosod5/status/1648101730507169792,2023-04-17T23:10:47.000Z,Hiena gaucha ovulando,0,0,0,https://twitter.com/BohnGass/status/1648055611798573065
Marcos dos Santos,@Marcosd18171558,https://twitter.com/Marcosd18171558/status/1648057677547728896,2023-04-17T20:15:44.000Z,"Prezado, não estou à venda!",0,0,1,https://twitter.com/BohnGass/status/1648055611798573065
margarethgolin@hotmail.com,margarethgolin@hotmail.com,https://twitter.com/margarethgolin/status/1648115104142041091,2023-04-18T00:03:55.000Z,Palhaçada.  Não vai dar nada.,0,0,0,https://twitter.com/BohnGass/status/1648055611798573065
PC escoteiro 28,@PCEscoteiro28,https://twitter.com/PCEscoteiro28/status/1648161367784927237,2023-04-18T03:07:46.000Z,Qual o medo de vcs???,0,0,0,https://twitter.com/BohnGass/status/1648055611798573065
BIBI CERQUEIRA,@SylviaDeUngaro,https://twitter.com/SylviaDeUngaro/status/1648074948148174849,2023-04-17T21:24:22.000Z,Espuma,0,0,0,https://twitter.com/BohnGass/status/1648055611798573065
ABI,@ABII32561483,https://twitter.com/ABII32561483/status/1648075483941068800,2023-04-17T21:26:29.000Z,"Moro deve ir preso sim, mas certamente não por isso, isso aí é um teatro",0,0,1,https://twitter.com/BohnGass/status/1648055611798573065
"Foi mal,tava doidão",@almir_dutra,https://twitter.com/almir_dutra/status/1648056234552053764,2023-04-17T20:10:00.000Z,Tá chegando a hora!,0,0,1,https://twitter.com/BohnGass/status/1648055611798573065
Luis Craveiroᶜʳᶠ,@craveiro_luis,https://twitter.com/craveiro_luis/status/1648340112864948224,2023-04-18T14:58:02.000Z,"Moro tem que ser indiciado e preso por outros motivos e, não , por ter ofendido GM.",0,0,0,https://twitter.com/BohnGass/status/1648055611798573065
Alexandre D Nascimento,@adneletro,https://twitter.com/adneletro/status/1648109179935096835,2023-04-17T23:40:23.000Z,Me diz uma novidade desse judiciário ativista da eaquerda,0,0,0,https://twitter.com/BohnGass/status/1648055611798573065
leofortalce,@leofortalce,https://twitter.com/leofortalce/status/1648063787222614016,2023-04-17T20:40:01.000Z,Vai da em nada.,0,0,0,https://twitter.com/BohnGass/status/1648055611798573065
João C. Rosa,@JCRosa1707,https://twitter.com/JCRosa1707/status/1648353142608674818,2023-04-18T15:49:48.000Z,Moro nesse momento.,1,0,0,https://twitter.com/BohnGass/status/1648055611798573065
FORAMOLUSCO,@Excluido03000,https://twitter.com/Excluido03000/status/1648056577075625986,2023-04-17T20:11:22.000Z,O Gilmá falou o que quis e ouviu o que não quis🤣,0,0,0,https://twitter.com/BohnGass/status/1648055611798573065
Brasil acima de tudo!,@Max_Schmidt70,https://twitter.com/Max_Schmidt70/status/1648130751202770944,2023-04-18T01:06:06.000Z,Chupa manhoso!,0,0,0,https://twitter.com/BohnGass/status/1648055611798573065
KobraNews,@kobraf4,https://twitter.com/kobraf4/status/1648107522497060865,2023-04-17T23:33:48.000Z,Comente sobre o @SenadorKajuru !!,0,0,0,https://twitter.com/BohnGass/status/1648055611798573065
Tarcisio Ferreira,@tarcisio0803,https://twitter.com/tarcisio0803/status/1648058382392381440,2023-04-17T20:18:32.000Z,Mais uma cortina de fumaça idiota que vocês querem levantar!!! Deixem de ser medíocres !! Chupadores de ovo de presidiário,0,0,1,https://twitter.com/BohnGass/status/1648055611798573065
Paulo Sérgio Gonçalves da costa,@PauloSrgioGon16,https://twitter.com/PauloSrgioGon16/status/1648133181978099714,2023-04-18T01:15:46.000Z,Bon gas? Flatulência?,0,0,0,https://twitter.com/BohnGass/status/1648055611798573065
Abu Sahar,@claudioresend10,https://twitter.com/claudioresend10/status/1649552278339166209,2023-04-21T23:14:45.000Z,Canalha.. vai chegar a tua hora fascista,0,0,0,https://twitter.com/BohnGass/status/1648055611798573065
Daiane Seibert,@CaetanoDaiani,https://twitter.com/CaetanoDaiani/status/1648297438145306625,2023-04-18T12:08:27.000Z,Há o sistema .,0,0,0,https://twitter.com/BohnGass/status/1648055611798573065
Daiane Seibert,@CaetanoDaiani,https://twitter.com/CaetanoDaiani/status/1648297599227633664,2023-04-18T12:09:06.000Z,💣💣💣,0,0,0,https://twitter.com/BohnGass/status/1648055611798573065
Alexandre Sk,@AlexandreSeK,https://twitter.com/AlexandreSeK/status/1648126784485957632,2023-04-18T00:50:20.000Z,Vingança do ditador vem ai.,0,0,0,https://twitter.com/BohnGass/status/1648055611798573065
EVJ,@eduvjr,https://twitter.com/eduvjr/status/1648137012623421441,2023-04-18T01:30:59.000Z,STF CANALHA !!,0,0,0,https://twitter.com/BohnGass/status/1648055611798573065
Raphael Carvalho,@elpharacarvalho,https://twitter.com/elpharacarvalho/status/1648066610874273792,2023-04-17T20:51:14.000Z,Kkkkkk o Brasil está mesmo acabado!,0,0,0,https://twitter.com/BohnGass/status/1648055611798573065
Joao Carlos,@joaomatipo,https://twitter.com/joaomatipo/status/1648351914931658754,2023-04-18T15:44:56.000Z,Prenda esse sem vergonha.,0,0,1,https://twitter.com/BohnGass/status/1648055611798573065
Oliver,@MatossasMatheus,https://twitter.com/MatossasMatheus/status/1648274149389860866,2023-04-18T10:35:55.000Z,Soltem os ladroes pilantras que saquearam ….. prendam os juízes que os condenou ….. ordem do cachaçeiro,0,0,0,https://twitter.com/BohnGass/status/1648055611798573065
Luiz Casagrande,@luizcasagra,https://twitter.com/luizcasagra/status/1648076626364624896,2023-04-17T21:31:02.000Z,"Estadão12 abr 2023 08h42 
A Caixa Econômica Federal confirmou, em nota, que aumentou a taxa de juros da sua linha crédito imobiliário com recursos originados na caderneta de poupança. A elevação foi de 0,5 ponto porcentual e está valendo para os novos contratos desde 3 de abril.",0,0,0,https://twitter.com/BohnGass/status/1648055611798573065
Luiz Casagrande,@luizcasagra,https://twitter.com/luizcasagra/status/1648079942750461958,2023-04-17T21:44:12.000Z,Neste país já não tem Democracia faz tempo.,0,0,0,https://twitter.com/BohnGass/status/1648055611798573065
Deslê Gonçalves Sá,@DeDesle,https://twitter.com/DeDesle/status/1648073038024384512,2023-04-17T21:16:46.000Z,"Esse Brasil é uma piada....Rouba o dinheiro público e matar milhões de pessoas por falta de assistência pode que não vai preso, agora fazer brincadeira aí da problema e vai preso....

A justiça Brasileira é um lixo.....",0,0,0,https://twitter.com/BohnGass/status/1648055611798573065
VR.Milor,@BrdaVanuza,https://twitter.com/BrdaVanuza/status/1648070170848444416,2023-04-17T21:05:23.000Z,"Prender sem sem julgamento e o devido processo legal, isso é tortura",0,0,0,https://twitter.com/BohnGass/status/1648055611798573065
