nome,usuario,idTweet,dataPublicacao,texto,replies,retweets,likes,tweetPai
Aisha,@Aisha_com_vida,https://twitter.com/Aisha_com_vida/status/1648870687115821061,2023-04-20T02:06:21.000Z,"Olha isso, babá de bebum
Amor antigo!",0,2,7,https://twitter.com/cabogilberto/status/1648869185882140672
"Liberdade, volta?",@VoltaLiberdade,https://twitter.com/VoltaLiberdade/status/1648888327292985344,2023-04-20T03:16:26.000Z,"Inocentes continuam presos. 
Os culpados soltos.",0,1,1,https://twitter.com/cabogilberto/status/1648869185882140672
Beto Rock Feller,@FirstTimeBoxing,https://twitter.com/FirstTimeBoxing/status/1649128061177065473,2023-04-20T19:09:03.000Z,"Todo o resto do GSI era bolsonariano...
Próxima pergunta?",0,0,0,https://twitter.com/cabogilberto/status/1648869185882140672
James guia,@JamesAlfredx,https://twitter.com/JamesAlfredx/status/1648982599769939970,2023-04-20T09:31:03.000Z,Nobre deputado tem razão.,0,0,0,https://twitter.com/cabogilberto/status/1648869185882140672
Glaucia Neves Ricardo,@GlauciaNevesR,https://twitter.com/GlauciaNevesR/status/1648885304898596865,2023-04-20T03:04:26.000Z,#CPMI08dejaneiroja,0,0,0,https://twitter.com/cabogilberto/status/1648869185882140672
João Sanna,@JoaoSanna,https://twitter.com/JoaoSanna/status/1648875271917805568,2023-04-20T02:24:34.000Z,As reportagens são tão cômicas...😅😅😅,0,1,0,https://twitter.com/cabogilberto/status/1648869185882140672
Cidadão de Bem,@cidadaodebembr,https://twitter.com/cidadaodebembr/status/1649115164661235715,2023-04-20T18:17:48.000Z,"Governo diz que havia equipes da gestao bolsonaro no gsi em 8/01. 

E não haviam? 

Tu é muito fraco, cabo Gilberto 😅😅🤦‍♂️",0,0,0,https://twitter.com/cabogilberto/status/1648869185882140672
rosela,@roselamaria,https://twitter.com/roselamaria/status/1649065278590840836,2023-04-20T14:59:35.000Z,Que mentirosos! Estavam mudando dias antes da posse!,0,0,0,https://twitter.com/cabogilberto/status/1648869185882140672
josefa natalice da s,@JosefaNatalice,https://twitter.com/JosefaNatalice/status/1649090716117929984,2023-04-20T16:40:40.000Z,Ou mentira,0,0,0,https://twitter.com/cabogilberto/status/1648869185882140672
Débora Dutra,@deboradutra904,https://twitter.com/deboradutra904/status/1648896113427075073,2023-04-20T03:47:23.000Z,"Não acredite nisso!
Falácias da esquerda!!!!",0,0,1,https://twitter.com/cabogilberto/status/1648869185882140672
Clóvis Mota,@clovismota22,https://twitter.com/clovismota22/status/1649078027957960704,2023-04-20T15:50:14.000Z,"Não se preocupe que agora vai aparecer os infiltrados no governo, os políticos influenciadores e principalmente os financiadores.",0,0,0,https://twitter.com/cabogilberto/status/1648869185882140672
R.B,@BingRosane,https://twitter.com/BingRosane/status/1648872433238134784,2023-04-20T02:13:17.000Z,NARRATIVAS DO PT!,0,0,0,https://twitter.com/cabogilberto/status/1648869185882140672
rodrigo,@digaobyob,https://twitter.com/digaobyob/status/1648869601650851840,2023-04-20T02:02:02.000Z,imagina na CPMI pedindo a quebra de sigilo telefônico do Gonçalves dias e descobre para quem ele ligou no dia 08/01 ????? pega fogo cabaré,0,0,1,https://twitter.com/cabogilberto/status/1648869185882140672
Dictatorship,@Guilher42942697,https://twitter.com/Guilher42942697/status/1648982390780436480,2023-04-20T09:30:13.000Z,Que tal pedir a quebra do sigilo da reunião ministerial que causou a demissão do general Dias? Lá vai estar o plano deles com a CPMI.,0,0,0,https://twitter.com/cabogilberto/status/1648869185882140672
Ary Kerner,@Lordakner,https://twitter.com/Lordakner/status/1649085061550190594,2023-04-20T16:18:11.000Z,"Além de obrigar os Cidadãos de Bem ficarem ajoelhados, na chuva, por mais de 90 dias nas portas dos quartéis pedindo Golpe Militar, o Maligno Lula ainda os obrigou a barbarizar Brasília!

A perversidade do Lula e dos Comunistas não tem precedentes na História da Humanidade. 🤬",0,0,0,https://twitter.com/cabogilberto/status/1648869185882140672
1coala,@1coala,https://twitter.com/1coala/status/1649021013370314752,2023-04-20T12:03:41.000Z,"Vamos ao que interessa ao povo.  Superar endividamento, acesso a crédito, salário, moradia, educação, comida na mesa. E finalizar o golpe fracassado na CPI.",0,0,0,https://twitter.com/cabogilberto/status/1648869185882140672
