nome,usuario,idTweet,dataPublicacao,texto,replies,retweets,likes,tweetPai
Cristiani Santana,@CristianiSanta5,https://twitter.com/CristianiSanta5/status/1648344241943314434,2023-04-18T15:14:26.000Z,👏👏👏👏👏👏🇧🇷🇧🇷🇧🇷,0,0,0,https://twitter.com/cabogilberto/status/1648305004413894658
Sil,@chanandlerb0nng,https://twitter.com/chanandlerb0nng/status/1648309268557320193,2023-04-18T12:55:28.000Z,"Esse programa é maravilhoso!
Meus dois filhos participaram e aprenderam muito. Graças a Deus, são totalmente contra qualquer tipo de droga.",0,0,0,https://twitter.com/cabogilberto/status/1648305004413894658
Jenny,@Jenifer22711941,https://twitter.com/Jenifer22711941/status/1648353639616991232,2023-04-18T15:51:47.000Z,"Totalmente a favor, me ajudou a ficar longe das drogas.",0,0,0,https://twitter.com/cabogilberto/status/1648305004413894658
James guia,@JamesAlfredx,https://twitter.com/JamesAlfredx/status/1648369989731205142,2023-04-18T16:56:45.000Z,Nobre deputado tem razão.,0,0,0,https://twitter.com/cabogilberto/status/1648305004413894658
NBrasil Conservador,@RicardoNoronhaB,https://twitter.com/RicardoNoronhaB/status/1648337389528530944,2023-04-18T14:47:12.000Z,Contra. Nunca surtiu efeito!,0,0,0,https://twitter.com/cabogilberto/status/1648305004413894658
fé em Deus,@bmelomelo10,https://twitter.com/bmelomelo10/status/1648402896541605888,2023-04-18T19:07:31.000Z,Milhões de vezes L 🇧🇷🇧🇷 prá tirar o BOLZO 🙏,0,0,0,https://twitter.com/cabogilberto/status/1648305004413894658
chico casado,@casado_chico,https://twitter.com/casado_chico/status/1648419953492754432,2023-04-18T20:15:17.000Z,"Houve por parte do presidente do senado,(Pacheco), quebra de decoro parlamentar. Rasgou o regimento interno do congresso nacional.  Cassação sem anistia para este mineirinho .",0,0,0,https://twitter.com/cabogilberto/status/1648305004413894658
