nome,usuario,idTweet,dataPublicacao,texto,replies,retweets,likes,tweetPai
Rodrigo Silva,@Silva_Rodrigo77,https://twitter.com/Silva_Rodrigo77/status/1648708356364804097,2023-04-19T15:21:18.000Z,@ggreenwald @alertatotal @carlosvereza @SF_Moro @deltanmd @FernandoHoliday @RogerioMorgado @marcelvanhattem @marcosdoval @albaaoficial @Danielzukerman @samydana @kimpaim @gayergus @GeneralGirao @FMouraBrasil @tome_abduch @lucaspavanato @Pavinatto @MPF_PGR @FelipehcamposS2,0,0,0,https://twitter.com/cabogilberto/status/1648705870765731841
Damazio,@Damazio26926756,https://twitter.com/Damazio26926756/status/1648730005776498692,2023-04-19T16:47:19.000Z,Ataque falso,0,0,0,https://twitter.com/cabogilberto/status/1648705870765731841
Paula França,@cruzfranca,https://twitter.com/cruzfranca/status/1648749992385839105,2023-04-19T18:06:45.000Z,"Estão colocando o pcc na conta, mas sabemos quem é o mandante, não é mesmo",0,0,0,https://twitter.com/cabogilberto/status/1648705870765731841
João Paulo,@JoaoPaulo_Perei,https://twitter.com/JoaoPaulo_Perei/status/1648731197814583296,2023-04-19T16:52:04.000Z,#fakeada,0,0,0,https://twitter.com/cabogilberto/status/1648705870765731841
