nome,usuario,idTweet,dataPublicacao,texto,replies,retweets,likes,tweetPai
Coronel Rocha ∴,@coronelrochase,https://twitter.com/coronelrochase/status/1648861999046983680,2023-04-20T01:31:49.000Z,"@cabogilberto 

Hoje, 19 de abril, é um dia especial para recordar o 8 de janeiro de 2023.

por @coronelrochase",0,9,22,https://twitter.com/cabogilberto/status/1648773341421895682
Daniel Bernardo,@Berrnarrrrdo,https://twitter.com/Berrnarrrrdo/status/1648898531267059712,2023-04-20T03:56:59.000Z,Qual o nome?,0,0,0,https://twitter.com/cabogilberto/status/1648773341421895682
MARCIO FRANÇA,@CRFSC8734,https://twitter.com/CRFSC8734/status/1648790316827172866,2023-04-19T20:46:59.000Z,É o nosso Pearl Harbor @exercitooficial @jairbolsonaro,0,0,0,https://twitter.com/cabogilberto/status/1648773341421895682
BUSTER GUNSLINGER,@BusterScruggs12,https://twitter.com/BusterScruggs12/status/1648774596659671041,2023-04-19T19:44:31.000Z,😂😂😂😂😂😂😂😂😂,0,1,16,https://twitter.com/cabogilberto/status/1648773341421895682
alex’molll2,@alex_mol64,https://twitter.com/alex_mol64/status/1648775698968981508,2023-04-19T19:48:54.000Z,Can@lhas covardes,0,0,1,https://twitter.com/cabogilberto/status/1648773341421895682
Leonardo Pinheiro72,@LPinheiro72,https://twitter.com/LPinheiro72/status/1648882883732418561,2023-04-20T02:54:48.000Z,Crime de lesa-pátria.,0,1,5,https://twitter.com/cabogilberto/status/1648773341421895682
Lila na,@anasilveira0510,https://twitter.com/anasilveira0510/status/1649023743966969856,2023-04-20T12:14:32.000Z,Um dia muito triste na história do Brasil!!!!,0,0,0,https://twitter.com/cabogilberto/status/1648773341421895682
Rê Diniz .Adv,@dinizacessorios,https://twitter.com/dinizacessorios/status/1648773763935109125,2023-04-19T19:41:12.000Z,Ligando os pontos!!!!!!,0,0,1,https://twitter.com/cabogilberto/status/1648773341421895682
Queli Perez,@PerezQueli,https://twitter.com/PerezQueli/status/1649029852601761799,2023-04-20T12:38:49.000Z,Cadê o xandao agora para mandar fazer o mesmo com os colarinhos brancos Deus ele é fiel nada fica oculto,0,0,2,https://twitter.com/cabogilberto/status/1648773341421895682
Rodrigo,@rodrigosrp4,https://twitter.com/rodrigosrp4/status/1648781478623313926,2023-04-19T20:11:52.000Z,Coloca a Foto dele pra gente saber quem é,1,1,23,https://twitter.com/cabogilberto/status/1648773341421895682
Débora,@Debora_ALP,https://twitter.com/Debora_ALP/status/1649018575758213121,2023-04-20T11:54:00.000Z,Nunca esqueceremos esta traição @exercitooficial,0,0,1,https://twitter.com/cabogilberto/status/1648773341421895682
Adriana -,@Adriana_CGD,https://twitter.com/Adriana_CGD/status/1648792321800953866,2023-04-19T20:54:57.000Z,Jamais esquecerei esse dia. E jamais me esqueço de todos patriotas presos. Oro por eles. Oro pra que ao menos a justiça divina chegue !! E rápido!! Pagarão por todas as familias destruídas!,2,3,28,https://twitter.com/cabogilberto/status/1648773341421895682
Priscila Freire,@Priscil58400138,https://twitter.com/Priscil58400138/status/1648828855212208128,2023-04-19T23:20:07.000Z,"Covardia ,pessoas ficaram jogadas no Ginasio ,pessoas morreram no presídio ,muitos dos que foram presos não participaram do quebra quebra ,esse ato de covardia destruiu vidas e famílias !",0,1,16,https://twitter.com/cabogilberto/status/1648773341421895682
Wilson,@Wilson34038680,https://twitter.com/Wilson34038680/status/1648955527521615872,2023-04-20T07:43:28.000Z,Esses parecem não serem do exercito.,1,0,1,https://twitter.com/cabogilberto/status/1648773341421895682
Elaine,@ElaineTau2,https://twitter.com/ElaineTau2/status/1648774669464469504,2023-04-19T19:44:48.000Z,Tudo orquestrado com o GSI e funcionários e se procurar mais vão achar até o dedo mindinho do Molusco #ImpeachmentDoLulaJá,0,4,18,https://twitter.com/cabogilberto/status/1648773341421895682
Leandro Sanches Tamassia Vicente,@LeandroSanchesT,https://twitter.com/LeandroSanchesT/status/1648781014024482817,2023-04-19T20:10:01.000Z,O povo não aprende que a esquerda enxerga todo mundo como descartável. Quanto tempo para o Lula falar que o GSI não era dele? 🤡🤡,2,0,6,https://twitter.com/cabogilberto/status/1648773341421895682
Monica Romano,@MonicaR72054965,https://twitter.com/MonicaR72054965/status/1648784486874636289,2023-04-19T20:23:49.000Z,"Eu jamais esquecerei esta cena. Serviu para fazer a mim e muitos da minha geração enxergar que as FFAAs eram apenas mais um sumidoro de dinheiro público. Se nem todos estavam de acordo, porque não se insurgiram?",0,1,12,https://twitter.com/cabogilberto/status/1648773341421895682
Girasol do Brasil,@JimmyandVilaine,https://twitter.com/JimmyandVilaine/status/1648837947498590209,2023-04-19T23:56:15.000Z,NUNCA VOU PERDOAR,0,0,1,https://twitter.com/cabogilberto/status/1648773341421895682
Monica,@Monica89535836,https://twitter.com/Monica89535836/status/1648839438284275713,2023-04-20T00:02:10.000Z,Se vc soubesse o que é um campo de concentração… ontem foi aniversário de 80 anos da shoá!,0,0,1,https://twitter.com/cabogilberto/status/1648773341421895682
Eliano Simonetti,@ElianoSimonetti,https://twitter.com/ElianoSimonetti/status/1649163564467322883,2023-04-20T21:30:08.000Z,Segue o Brasil para o precipício,0,0,0,https://twitter.com/cabogilberto/status/1648773341421895682
Emerson Oliveira,@emersoneco1,https://twitter.com/emersoneco1/status/1648791165402062849,2023-04-19T20:50:21.000Z,"Esse pessoal do exército só sabe capinar e pintar meio fio,  quando é pra fazer outras coisas,  fazem besteira",0,0,1,https://twitter.com/cabogilberto/status/1648773341421895682
Vechio03,@vechio0399168,https://twitter.com/vechio0399168/status/1648781221923528704,2023-04-19T20:10:50.000Z,Nem numa guerra traem assim .,0,0,4,https://twitter.com/cabogilberto/status/1648773341421895682
Vechio03,@vechio0399168,https://twitter.com/vechio0399168/status/1648781427486408704,2023-04-19T20:11:39.000Z,Cumpriram a entrega dos patriotas “em paz”. 😢,0,0,4,https://twitter.com/cabogilberto/status/1648773341421895682
Rosimery Siqueira,@rovisiqueira,https://twitter.com/rovisiqueira/status/1648784987007643650,2023-04-19T20:25:48.000Z,O exército brasileiro virou motivo de vergonha para o povo. Militares estão se corrompendo por dinheiro e deixando inocentes apodrecerem no campo de concentração do PT,0,0,1,https://twitter.com/cabogilberto/status/1648773341421895682
Ana,@Analseixas,https://twitter.com/Analseixas/status/1648840543550488576,2023-04-20T00:06:34.000Z,"Este vídeo é muito triste. Revela o quão inocentes os patriotas foram ao serem conduzidos, como cordeiros, ao matadouro. E quão malvado e ordinário é o sistema. Os parlamentares de direita, diante da CPMI, tb serão laçados, se forem inocentes, diante da astúcia da esquerda. 🙌🏻",0,0,6,https://twitter.com/cabogilberto/status/1648773341421895682
Lucia Helena Storer Ribeiro,@StorerLuci16679,https://twitter.com/StorerLuci16679/status/1648870571843747840,2023-04-20T02:05:53.000Z,"Os bandidos estavam lá dentro numa boa com o apoio da GSI, enquanto as pessoas de bem eram presas e seguem pagando por um crime que não cometeram",0,0,1,https://twitter.com/cabogilberto/status/1648773341421895682
motogp4001 alfon,@motogp4001,https://twitter.com/motogp4001/status/1649155050910916608,2023-04-20T20:56:18.000Z,Dia 09/01 ....a invasão já tinha acontecido,0,0,0,https://twitter.com/cabogilberto/status/1648773341421895682
Marcos 22,@Marcos11215212,https://twitter.com/Marcos11215212/status/1649017184289529856,2023-04-20T11:48:28.000Z,Traidores da pátria,0,0,0,https://twitter.com/cabogilberto/status/1648773341421895682
Gerson José da Silva,@gersonjose1962,https://twitter.com/gersonjose1962/status/1649031190647545856,2023-04-20T12:44:08.000Z,Sabe dizer se tem cigarros?,0,0,0,https://twitter.com/cabogilberto/status/1648773341421895682
Danúbio Moura,@CarvalhoOdo,https://twitter.com/CarvalhoOdo/status/1649067071404220416,2023-04-20T15:06:42.000Z,"Instituição sem respeito, sem moral, sem credibilidade. F$:@ o exército",0,0,0,https://twitter.com/cabogilberto/status/1648773341421895682
Fulvio Teixeira,@Fulvio_Teixeira,https://twitter.com/Fulvio_Teixeira/status/1649022578072117249,2023-04-20T12:09:54.000Z,"Prezado deputado.
Este que está ao megafone não é militar. É uma farda camuflada da PF.
Os integrantes da PM (CHOQUE) estão passando atrás do caminhão. Os militares do exército estão na terceira fileira dentro do gramado.
Não falaram ao povo
Passe a informação verdadeira ao povo!",0,0,0,https://twitter.com/cabogilberto/status/1648773341421895682
Fernando Canteiro,@FernandoCantei2,https://twitter.com/FernandoCantei2/status/1649008597995515905,2023-04-20T11:14:21.000Z,Vdd,0,0,0,https://twitter.com/cabogilberto/status/1648773341421895682
GJO,@Especialistgjo,https://twitter.com/Especialistgjo/status/1649017595109036034,2023-04-20T11:50:06.000Z,"Não acredito em força armadas brasileiras. P mim acabou, perderam uma grande oportunidade, Caxias não merecia ver isso!",0,0,0,https://twitter.com/cabogilberto/status/1648773341421895682
Bruxa Hazel,@Bruxa88200151,https://twitter.com/Bruxa88200151/status/1649019203486117889,2023-04-20T11:56:30.000Z,Triste 😢 🙁,0,0,0,https://twitter.com/cabogilberto/status/1648773341421895682
Fabio Henrique Portugal Davy,@portugal_d20729,https://twitter.com/portugal_d20729/status/1649023693249564672,2023-04-20T12:14:20.000Z,Os militares não tem mais horna se venderam ao sistema e o fim está próximo para quem trai o povo,0,0,0,https://twitter.com/cabogilberto/status/1648773341421895682
Delcide Damasceno So,@SoDamasceno,https://twitter.com/SoDamasceno/status/1648818418756329475,2023-04-19T22:38:39.000Z,"Pra mim nada muda,o exército Brasileiro, q antes eu e minha família, tinha com admiração e respeito, não os vejos mais assim, traiu a Pátria, traio nosso presidente, quando todos nós achávamos q ele seria a favor do povo...eles viram as costas.",1,0,3,https://twitter.com/cabogilberto/status/1648773341421895682
CeniraBarradas,@DiasCenira,https://twitter.com/DiasCenira/status/1648859434775461895,2023-04-20T01:21:38.000Z,"Eu NEM PISCAVA:
 Pagava esse blefe dobrando a aposta mas SEM DÚVIDA! 
Bota essa CPI pra rolar e em uma semana só  vai se ver casco de gado explodindo: CLÁSSICO  tiro no pé. 
Tiro no pé com a máxima  segurança.  
Eu pagava o blefe sem medo de errar e com a maior satisfação.",0,0,0,https://twitter.com/cabogilberto/status/1648773341421895682
viajando de carro,@viajandodecarro,https://twitter.com/viajandodecarro/status/1648991487126827010,2023-04-20T10:06:21.000Z,Tem que investigar: dia 8 não tinha um milico para fazer a segurança do Planalto. No dia seguinte tinha um monte para prender quem estava na manifestação. Muito estranho isso.,1,0,1,https://twitter.com/cabogilberto/status/1648773341421895682
ASSIR PAIVA,@AssirPaiva,https://twitter.com/AssirPaiva/status/1648870847212404737,2023-04-20T02:06:59.000Z,Foi pouco.,0,0,0,https://twitter.com/cabogilberto/status/1648773341421895682
john von zinzendorf,@jbzinzendorf,https://twitter.com/jbzinzendorf/status/1648921372889063424,2023-04-20T05:27:45.000Z,"Perfídia. Isso manchou a história do que pensávamos ser o exército.
Agiram igual os traficantes.",0,0,0,https://twitter.com/cabogilberto/status/1648773341421895682
maynha.ma,@swetkitten,https://twitter.com/swetkitten/status/1648798262210572293,2023-04-19T21:18:33.000Z,"Campo de concentração? Tua ignorância,ou é mau-caratismo mesmo não tem limites.  Conformem-se... perdeu mané",0,0,0,https://twitter.com/cabogilberto/status/1648773341421895682
James guia,@JamesAlfredx,https://twitter.com/JamesAlfredx/status/1648963043357872128,2023-04-20T08:13:20.000Z,Nobre deputado tem razão.,0,0,0,https://twitter.com/cabogilberto/status/1648773341421895682
João Alencar,@JooAlen20022655,https://twitter.com/JooAlen20022655/status/1649047192051814403,2023-04-20T13:47:43.000Z,Vergonha,0,0,0,https://twitter.com/cabogilberto/status/1648773341421895682
Edinho,@Edinho52173524,https://twitter.com/Edinho52173524/status/1649059025890287616,2023-04-20T14:34:44.000Z,"Que vergonha verdes olivas , vai ficar para a história mundial !!!",0,0,0,https://twitter.com/cabogilberto/status/1648773341421895682
Mauro Rossi,@MauroRo13198290,https://twitter.com/MauroRo13198290/status/1649073396242604033,2023-04-20T15:31:50.000Z,Vergonha,0,0,0,https://twitter.com/cabogilberto/status/1648773341421895682
David Elzo Bugamil,@DavidBuga1000,https://twitter.com/DavidBuga1000/status/1649091652651470849,2023-04-20T16:44:23.000Z,"Perfídia
Crime de guerra, mentir para o inimigo, para poder subjugar o mesmo",0,0,0,https://twitter.com/cabogilberto/status/1648773341421895682
Manoel Neo de Carvalho Jr,@ManoelNeodeCar1,https://twitter.com/ManoelNeodeCar1/status/1649095998411776000,2023-04-20T17:01:39.000Z,"Covardia, esses militares melancias",0,0,0,https://twitter.com/cabogilberto/status/1648773341421895682
Nelson Kanoff,@KanoffNelson,https://twitter.com/KanoffNelson/status/1649097826431819777,2023-04-20T17:08:55.000Z,Esse é o vídeo mais triste 😔 dá estória do Brasil 🇧🇷😢,0,0,0,https://twitter.com/cabogilberto/status/1648773341421895682
Alceu de oliveira junior,@alceucar,https://twitter.com/alceucar/status/1649140031053873154,2023-04-20T19:56:37.000Z,VERMES,0,0,0,https://twitter.com/cabogilberto/status/1648773341421895682
Fernando Barreto Tito,@Fernand20084100,https://twitter.com/Fernand20084100/status/1649180382544248833,2023-04-20T22:36:58.000Z,Não merece vestir essa farda,0,0,0,https://twitter.com/cabogilberto/status/1648773341421895682
Sonia Pessoa,@SoniaPe123lng,https://twitter.com/SoniaPe123lng/status/1649181414934364161,2023-04-20T22:41:04.000Z,"O maior ato de covardia praticado pelo exército brasileiro, hoje temos vergonha do exército, essa mancha já entrou para história, a sociedade que tanto aclamava o exército com orgulho hoje temos vergonha em ver o exército bater continência a um descondenado.",0,0,0,https://twitter.com/cabogilberto/status/1648773341421895682
celia ieda,@CeliaIeda,https://twitter.com/CeliaIeda/status/1653103911740268548,2023-05-01T18:27:40.000Z,Muita covardia,0,0,0,https://twitter.com/cabogilberto/status/1648773341421895682
Leandro Miguel,@leandromigueljf,https://twitter.com/leandromigueljf/status/1648900254815731719,2023-04-20T04:03:50.000Z,Vergonha!,0,0,0,https://twitter.com/cabogilberto/status/1648773341421895682
Big jegue,@bruto_elias,https://twitter.com/bruto_elias/status/1648776688153645059,2023-04-19T19:52:49.000Z,Forças desarmadas 🤡,0,0,0,https://twitter.com/cabogilberto/status/1648773341421895682
O mensageiro do céus,@Mensageiro9999,https://twitter.com/Mensageiro9999/status/1648780180247261184,2023-04-19T20:06:42.000Z,Quero ver eles agora o presidente está colocando o Brasil no meio de uma guerra ae o que vão fazer,0,0,0,https://twitter.com/cabogilberto/status/1648773341421895682
sandra junqueira,@smjunqueira08,https://twitter.com/smjunqueira08/status/1648781500853149699,2023-04-19T20:11:57.000Z,🍉🍉🍉🍉🍉🍉🍉🍉🍉🍉🍉🍉🍉,0,0,0,https://twitter.com/cabogilberto/status/1648773341421895682
Juliana Inacio,@Juliana29069629,https://twitter.com/Juliana29069629/status/1648795799248052224,2023-04-19T21:08:46.000Z,"Traidores da pátria, vendidos.
Vergonha para o Brasil e para os brasileiros de bem que confiaram neles.",0,0,0,https://twitter.com/cabogilberto/status/1648773341421895682
Chopp en Hauer,@Shop_en_Hauer,https://twitter.com/Shop_en_Hauer/status/1648800672450596865,2023-04-19T21:28:08.000Z,"Lugar de milico é no quartel não na política dando golpe isso é coisa de quem queria o Brasil virar ditadura tipo Chávez.

A democracia venceu!",0,0,0,https://twitter.com/cabogilberto/status/1648773341421895682
Jose Eduardo Alves Silva,@JoseEduardo2022,https://twitter.com/JoseEduardo2022/status/1648817657532088327,2023-04-19T22:35:37.000Z,Pura Tirania de um desgoverno.,0,0,0,https://twitter.com/cabogilberto/status/1648773341421895682
Adenilson de Abreu Vieira,@AdenilsondeAbr1,https://twitter.com/AdenilsondeAbr1/status/1648820864803123201,2023-04-19T22:48:22.000Z,O exército o que diz? Me preocupo muito porque esse era a nossa segurança como povo.,0,0,0,https://twitter.com/cabogilberto/status/1648773341421895682
Junia Bensemann,@BensemannJ62940,https://twitter.com/BensemannJ62940/status/1648835898946011136,2023-04-19T23:48:06.000Z,#RodrigoPachecoVergongaNacional#RodrigoPachecoObstruindoaVerdade,0,0,0,https://twitter.com/cabogilberto/status/1648773341421895682
Eliandro,@silvaferreira34,https://twitter.com/silvaferreira34/status/1648845854810177536,2023-04-20T00:27:40.000Z,"Total traição.
Tinha que acabar.
Não vale nada msm.",0,0,0,https://twitter.com/cabogilberto/status/1648773341421895682
juely santos,@SantosJuely,https://twitter.com/SantosJuely/status/1648859691873705985,2023-04-20T01:22:39.000Z,Traidores de nossa Pátria.,0,0,0,https://twitter.com/cabogilberto/status/1648773341421895682
interrogATIVO?,@BRAVUS83,https://twitter.com/BRAVUS83/status/1648879006236700677,2023-04-20T02:39:24.000Z,"Cumprir ordem de contensão em paz, não soa contraditório?",0,0,0,https://twitter.com/cabogilberto/status/1648773341421895682
Margareth Albuquerque,@MargarethA2026,https://twitter.com/MargarethA2026/status/1648974882418446339,2023-04-20T09:00:23.000Z,Igualmente ao ALEMÃO DE 1945!,0,0,0,https://twitter.com/cabogilberto/status/1648773341421895682
Emerson Viana,@Emersonviana03,https://twitter.com/Emersonviana03/status/1649211004520128514,2023-04-21T00:38:38.000Z,Sinceramente que vergonha isto porque não falaram a verdade para pessoas que estavam na frente do QJ traíram  a confiança dos brasileiros isto pra mim foi covardia #ExercitoBrasileiro,0,0,0,https://twitter.com/cabogilberto/status/1648773341421895682
Júlia Dos Santos Silva,@JliaDos99940836,https://twitter.com/JliaDos99940836/status/1649523628508078082,2023-04-21T21:20:54.000Z,Esse povo tem que ser indenizado por sofrer tanto humilhação,0,0,0,https://twitter.com/cabogilberto/status/1648773341421895682
Francisco charles da silva nascimento,@Francis10369699,https://twitter.com/Francis10369699/status/1649151927597297687,2023-04-20T20:43:53.000Z,Maior covardia é  desses irresponsáveis por levar essas crianças pra atos golpistas para elas serem usadas como escudo.,0,0,0,https://twitter.com/cabogilberto/status/1648773341421895682
terval,@terval15,https://twitter.com/terval15/status/1648803928128081922,2023-04-19T21:41:04.000Z,Assim foi feito na Alemanha nasista,0,0,0,https://twitter.com/cabogilberto/status/1648773341421895682
Ricardo#B22,@ricardinho1428,https://twitter.com/ricardinho1428/status/1649053965118738432,2023-04-20T14:14:37.000Z,"Bolsonaro tinha resgatado no povo! o amor! o respeito e a confiança nas nossas forças armadas! E esses que aceitaram compactuar com essas covardias ao povo, deveriam sentir envergonha e pedir dispensa dessa honra...",0,0,0,https://twitter.com/cabogilberto/status/1648773341421895682
Ricardo#B22,@ricardinho1428,https://twitter.com/ricardinho1428/status/1649055130602590210,2023-04-20T14:19:15.000Z,"O erro de Bolsonaro foi confiar nesses generais que aí permaneceram durante os governos, era pra ter substituído todos! Só assim eles teriam agido em favor do povo.🇧🇷🇧🇷🇧🇷🇧🇷",0,0,0,https://twitter.com/cabogilberto/status/1648773341421895682
Faz Welly Stiller,@fwstiller,https://twitter.com/fwstiller/status/1648785369758932997,2023-04-19T20:27:19.000Z,Tem que identificar esse cara do megafone. Ele é cúmplice das prisões ilegais.,0,1,7,https://twitter.com/cabogilberto/status/1648773341421895682
Fabiano Farias,@fabiano_ny,https://twitter.com/fabiano_ny/status/1649188253424025600,2023-04-20T23:08:14.000Z,Esse militar tem nome???,0,0,0,https://twitter.com/cabogilberto/status/1648773341421895682
Janete Ferraz,@JaneteFerraz61,https://twitter.com/JaneteFerraz61/status/1649010910139219974,2023-04-20T11:23:32.000Z,VERGONHA,0,0,0,https://twitter.com/cabogilberto/status/1648773341421895682
Marcelo BRF,@MarceloScia,https://twitter.com/MarceloScia/status/1648884728701804546,2023-04-20T03:02:08.000Z,"""Daremos 1 hora para que todos entrem no ônibus e saiam em paz , para o campo de concentração comunista""",0,0,1,https://twitter.com/cabogilberto/status/1648773341421895682
Charlon Bueno,@BuenoCharlon,https://twitter.com/BuenoCharlon/status/1649075202972680192,2023-04-20T15:39:01.000Z,"Acho que está na hora das forças armadas tentar recuperar a confiança do povo brasileiro,,, exijam que esse desgoverno renunciei ou tirem eles do poder e assumam o país!",0,0,0,https://twitter.com/cabogilberto/status/1648773341421895682
José Alexandre De Couto Lucena,@JosAlex16180692,https://twitter.com/JosAlex16180692/status/1649109318116016129,2023-04-20T17:54:35.000Z,Agora tá explicado o porque as forças armadas viraram as costas pra população Brasileira.,0,0,0,https://twitter.com/cabogilberto/status/1648773341421895682
José Leite,@JosLeit14171410,https://twitter.com/JosLeit14171410/status/1649115183158030337,2023-04-20T18:17:53.000Z,"As forças armadas traíram o povo ...
Triste , já viramos uma ditadura.",0,0,0,https://twitter.com/cabogilberto/status/1648773341421895682
Alexandre Camara,@brancominas,https://twitter.com/brancominas/status/1649045820950577153,2023-04-20T13:42:16.000Z,Triste !!,0,0,1,https://twitter.com/cabogilberto/status/1648773341421895682
Anselmo Paulo Ramos,@Tchermo,https://twitter.com/Tchermo/status/1649058684763357186,2023-04-20T14:33:23.000Z,Exército de Calabar… 🤮,0,1,2,https://twitter.com/cabogilberto/status/1648773341421895682
amarílis,@CidaDia24330291,https://twitter.com/CidaDia24330291/status/1648871351724171265,2023-04-20T02:08:59.000Z,Campo de. Concentração.       Depois.  Chamaram o.  Nosso presidente de naz...,0,0,1,https://twitter.com/cabogilberto/status/1648773341421895682
Pena Fla 811922,@pena_fla,https://twitter.com/pena_fla/status/1648854891840827392,2023-04-20T01:03:35.000Z,O acordo do Exército com a PF era escoltar o pessoal pra fora de Bsb. A PF não cumpriu com a palavra e prendeu todos. Essa é a verdade q muitos não sabem.,1,0,1,https://twitter.com/cabogilberto/status/1648773341421895682
Antonio Carlos Oliveira Evangelista,@AntonioCEvan,https://twitter.com/AntonioCEvan/status/1648954105656664066,2023-04-20T07:37:49.000Z,Jogaram a bela história do @exercitooficial na lama🤮🤮🤮🤮🤮🤮🤮🤮🤮🤮🤮🤮🤮🤮🤮🤮,0,0,6,https://twitter.com/cabogilberto/status/1648773341421895682
Ana Macedo,@AnaMace64721815,https://twitter.com/AnaMace64721815/status/1649011899986505728,2023-04-20T11:27:28.000Z,Não vão colocar ele lá não é? Tem de ir para a Papuda,0,2,2,https://twitter.com/cabogilberto/status/1648773341421895682
Jonatas Morais,@Jonatas17956118,https://twitter.com/Jonatas17956118/status/1649046037884030977,2023-04-20T13:43:07.000Z,"Agora eu me lembro que quando cheguei no QGX em Brasília dia 07 de Janeiro o @exercitooficial não deixou estacionar, e estava orientando o povo a ir para a explanada, com essa filmagens, caiu a ficha que era armação do @exercitooficial com Lula para os patriotas, alguém tem dúvi?",0,0,1,https://twitter.com/cabogilberto/status/1648773341421895682
Direita Nordeste,@jpaulo_Personal,https://twitter.com/jpaulo_Personal/status/1648776221038190596,2023-04-19T19:50:58.000Z,Gostaria de saber nobre deputado: a quem o exército defende ?,0,0,4,https://twitter.com/cabogilberto/status/1648773341421895682
Inez Muraro Wilimann,@IWilimann,https://twitter.com/IWilimann/status/1648813359603539969,2023-04-19T22:18:33.000Z,E pensar que uns poucos emporcalharam a honra de tantos militares.,0,0,3,https://twitter.com/cabogilberto/status/1648773341421895682
ILDO Superti Filho,@SupertiFilho,https://twitter.com/SupertiFilho/status/1649073227463811073,2023-04-20T15:31:10.000Z,Queremos o impeachment de Lula..😏🇧🇷🇧🇷,0,0,0,https://twitter.com/cabogilberto/status/1648773341421895682
Cristiane,@Crisfarias38,https://twitter.com/Crisfarias38/status/1649056393176170504,2023-04-20T14:24:16.000Z,Covarde,0,0,0,https://twitter.com/cabogilberto/status/1648773341421895682
M.ly,@Emily47147144,https://twitter.com/Emily47147144/status/1649004760173780993,2023-04-20T10:59:06.000Z,Será que eram militares mesmo? Nesse governo parece tudo ser fake,0,0,0,https://twitter.com/cabogilberto/status/1648773341421895682
Cléa Ribeiro Ribeiro,@AlcicleaGuimara,https://twitter.com/AlcicleaGuimara/status/1648992300800851968,2023-04-20T10:09:35.000Z,Ruindade mesmo!,0,0,0,https://twitter.com/cabogilberto/status/1648773341421895682
Cristo Rei,@Rodrigo50778250,https://twitter.com/Rodrigo50778250/status/1649052387125116934,2023-04-20T14:08:21.000Z,@exercitooficial @marmilbr @fab_oficial vergonha nacional e traidores da Pátria,0,0,0,https://twitter.com/cabogilberto/status/1648773341421895682
Magdiel João Lima de Moraes,@magdiel_moraes,https://twitter.com/magdiel_moraes/status/1649013692795584514,2023-04-20T11:34:36.000Z,Se não saíssem nesse prazo seriam obrigados a saírem senão sairiam embaixo de cassetetes?,0,0,0,https://twitter.com/cabogilberto/status/1648773341421895682
Magdiel João Lima de Moraes,@magdiel_moraes,https://twitter.com/magdiel_moraes/status/1649013965576339456,2023-04-20T11:35:41.000Z,Quem deu essa órdem?,0,0,0,https://twitter.com/cabogilberto/status/1648773341421895682
Rosana Valeriote,@ValerioteRosana,https://twitter.com/ValerioteRosana/status/1649101703654916113,2023-04-20T17:24:19.000Z,Covardes...,0,0,0,https://twitter.com/cabogilberto/status/1648773341421895682
Jose de Oliveira,@ButinaMarron,https://twitter.com/ButinaMarron/status/1649126598904250371,2023-04-20T19:03:15.000Z,🫲🏼🫲🏼,0,0,0,https://twitter.com/cabogilberto/status/1648773341421895682
Jose de Oliveira,@ButinaMarron,https://twitter.com/ButinaMarron/status/1649126858040934402,2023-04-20T19:04:16.000Z,Tudo Mentira; Invenção; Falcatruas; Covardia & Traição!,0,0,0,https://twitter.com/cabogilberto/status/1648773341421895682
Neusa V. Poletto,@neusavpoletto,https://twitter.com/neusavpoletto/status/1649249639290347521,2023-04-21T03:12:10.000Z,Que triste saber que deveriam estar protegendo,0,0,0,https://twitter.com/cabogilberto/status/1648773341421895682
Diego personal .,@Diegolutadorbjj,https://twitter.com/Diegolutadorbjj/status/1649033247219646465,2023-04-20T12:52:18.000Z,Maior covardia já feita em nosso país,0,0,0,https://twitter.com/cabogilberto/status/1648773341421895682
Julio Oliver,@Juliano44725662,https://twitter.com/Juliano44725662/status/1649014119368933379,2023-04-20T11:36:17.000Z,Perderam o respeito depois...,0,0,0,https://twitter.com/cabogilberto/status/1648773341421895682
Rogerio Ribeiro,@gerinhorc,https://twitter.com/gerinhorc/status/1648987164896526342,2023-04-20T09:49:11.000Z,"Tratam o povo que lutou como gado.
Vergonhoso..",0,0,0,https://twitter.com/cabogilberto/status/1648773341421895682
Libertas Quae Sera Tamen,@rodrigowsr,https://twitter.com/rodrigowsr/status/1649072445494644736,2023-04-20T15:28:03.000Z,"Ato de covardia ,conhecido como PERFÍDIA ,condenado até em caso de guerra .🤮🤮🤮",0,0,0,https://twitter.com/cabogilberto/status/1648773341421895682
Wanderley Tolaini,@wtolaini,https://twitter.com/wtolaini/status/1648980753038860294,2023-04-20T09:23:42.000Z,“…uma hora para que todos entrem nos ônibus e saiam em paz…” nem no holocausto foram tão #¥%##*****…,0,0,0,https://twitter.com/cabogilberto/status/1648773341421895682
Luiz Alberto,@luizalbertofds1,https://twitter.com/luizalbertofds1/status/1649110204967972865,2023-04-20T17:58:06.000Z,Covardes,0,0,0,https://twitter.com/cabogilberto/status/1648773341421895682
Manuel Jonas,@Manuel_Jonas,https://twitter.com/Manuel_Jonas/status/1649011663511732224,2023-04-20T11:26:32.000Z,Desse dia em diante o exército brasileiro para mim acabou.,0,0,0,https://twitter.com/cabogilberto/status/1648773341421895682
gcgava,@gcgava1,https://twitter.com/gcgava1/status/1649217545935765505,2023-04-21T01:04:38.000Z,Esse foi o porta voz da covardia e de uma atitude repreendida até na guerra. Como respeitar uma instituição como essa?,0,0,0,https://twitter.com/cabogilberto/status/1648773341421895682
Zelia Siqueira,@ZeliaSiqueira3,https://twitter.com/ZeliaSiqueira3/status/1652597144279236608,2023-04-30T08:53:57.000Z,"falsos , infiltrados",0,0,0,https://twitter.com/cabogilberto/status/1648773341421895682
Nelson HD atacado,@HdatacadoNelson,https://twitter.com/HdatacadoNelson/status/1648952457240641536,2023-04-20T07:31:16.000Z,Picaretas melancias,0,0,0,https://twitter.com/cabogilberto/status/1648773341421895682
Toki,@UemuraNei,https://twitter.com/UemuraNei/status/1648904380307972098,2023-04-20T04:20:14.000Z,"Governo de corruptos, nem o exército se salva.",0,0,0,https://twitter.com/cabogilberto/status/1648773341421895682
Sérgio MD,@SerpinhMD,https://twitter.com/SerpinhMD/status/1648866168034193409,2023-04-20T01:48:23.000Z,Há que se nomear os envolvidos: nome completo e patente.,0,0,0,https://twitter.com/cabogilberto/status/1648773341421895682
Eronilda Lacerda da Silva,@LacerdaEronilda,https://twitter.com/LacerdaEronilda/status/1648811284643606530,2023-04-19T22:10:18.000Z,Covardes,0,0,0,https://twitter.com/cabogilberto/status/1648773341421895682
Carla Paiva,@CarlaPaiva1904,https://twitter.com/CarlaPaiva1904/status/1648799195246067712,2023-04-19T21:22:16.000Z,Covardes 🤮,0,0,0,https://twitter.com/cabogilberto/status/1648773341421895682
Leandro Fiaux,@C_Leandro_F,https://twitter.com/C_Leandro_F/status/1648851013787328514,2023-04-20T00:48:10.000Z,@exercitooficial COVARDES!!! VERGONHA DO NOSSO POVO!!!,0,0,0,https://twitter.com/cabogilberto/status/1648773341421895682
Siumara,@Siumara38011685,https://twitter.com/Siumara38011685/status/1648796601987612676,2023-04-19T21:11:57.000Z,Perfídia que fala??? 🤦🏻‍♀️😦,0,0,0,https://twitter.com/cabogilberto/status/1648773341421895682
Jorge Artur Brito De Resende,@JorgeArturBrit0,https://twitter.com/JorgeArturBrit0/status/1648894061342801922,2023-04-20T03:39:13.000Z,"Eu já li isso em algum livro de história e se não me engano é até considerado crime , foi muito utilizado durante a segunda grande guerra...",0,0,0,https://twitter.com/cabogilberto/status/1648773341421895682
marcos silva,@marcoss76310026,https://twitter.com/marcoss76310026/status/1648848723043131392,2023-04-20T00:39:04.000Z,Covardes,0,0,0,https://twitter.com/cabogilberto/status/1648773341421895682
Lúcio J. P. Filho  ∴,@luciojpfilho,https://twitter.com/luciojpfilho/status/1648816258417033219,2023-04-19T22:30:04.000Z,Perfídia. Espero que um dia todos os envolvidos sejam julgados e condenados.,0,0,0,https://twitter.com/cabogilberto/status/1648773341421895682
José,@Jos52956624,https://twitter.com/Jos52956624/status/1648883579181576193,2023-04-20T02:57:34.000Z,Covardes,0,0,0,https://twitter.com/cabogilberto/status/1648773341421895682
Last Man Standing,@MurilloMPaiva1,https://twitter.com/MurilloMPaiva1/status/1648826764775538688,2023-04-19T23:11:49.000Z,Nunca acredite no Estado...,0,0,0,https://twitter.com/cabogilberto/status/1648773341421895682
Pedro Caires,@phmilion,https://twitter.com/phmilion/status/1648872399654248450,2023-04-20T02:13:09.000Z,@exercitooficial vocês viraram isso. A pior instituição do Brasil. Vergonha.,0,0,0,https://twitter.com/cabogilberto/status/1648773341421895682
A. Marcos,@AMARCOSGP,https://twitter.com/AMARCOSGP/status/1648867341680140289,2023-04-20T01:53:03.000Z,Que Vergonha,0,0,0,https://twitter.com/cabogilberto/status/1648773341421895682
Rogeria Acipreste,@RogeriaAcipres1,https://twitter.com/RogeriaAcipres1/status/1648944455800479747,2023-04-20T06:59:28.000Z,Perfídia. Máscaras começam cair!,0,0,0,https://twitter.com/cabogilberto/status/1648773341421895682
Reynnar,@rannyereynnar,https://twitter.com/rannyereynnar/status/1648890580531912709,2023-04-20T03:25:23.000Z,Esses militares nunca mais iram ter o respeito que tiveram no 7 de setembro.,0,0,0,https://twitter.com/cabogilberto/status/1648773341421895682
Selmo Bergamin,@selmobergamin,https://twitter.com/selmobergamin/status/1648802284556394497,2023-04-19T21:34:32.000Z,Os melancias!,0,0,0,https://twitter.com/cabogilberto/status/1648773341421895682
Ivair Coutinho,@CoutinhoIvair,https://twitter.com/CoutinhoIvair/status/1648832003922358273,2023-04-19T23:32:38.000Z,"Militares , em sua essência , são todos FUNCIONÁRIOS PÚBLICOS e , como tal , adoram esta BOQUINHA CONFORTÁVEL da caserna , sem guerras ou maiores delongas , nem ao menos um estressezinho...",0,0,0,https://twitter.com/cabogilberto/status/1648773341421895682
Martha Parry,@MarthaParry,https://twitter.com/MarthaParry/status/1648850428556107783,2023-04-20T00:45:50.000Z,🤮🤮🤮🤮🤮🤮🤮🤮🤮,0,0,0,https://twitter.com/cabogilberto/status/1648773341421895682
"paulo chagas FÓRA LULA,FÓRA PT @BOLSONARO ATE 2100","paulo chagas FÓRA LULA,FÓRA PT @BOLSONARO ATE 2100",https://twitter.com/Geyagan291Paulo/status/1648785916758990848,2023-04-19T20:29:30.000Z,"eu era apaixonado pelo @exercitooficial depois que eles fizeram osso,tenho uma vergonha danada deles!e acho pouca toda a humilhação que o @LulaOficial os submete. se hoje temos um impostor no poder,sabemos de quem é a culpa.",0,1,6,https://twitter.com/cabogilberto/status/1648773341421895682
Vereador Alexandre do Sindicato,@Alexandredosind,https://twitter.com/Alexandredosind/status/1648806529577959426,2023-04-19T21:51:24.000Z,Caiu a farsa do golpe 🇧🇷🇧🇷🇧🇷🇧🇷🇧🇷,0,0,1,https://twitter.com/cabogilberto/status/1648773341421895682
Ermes Chaves,@ErmesChaves,https://twitter.com/ErmesChaves/status/1649086206704058368,2023-04-20T16:22:44.000Z,"Esse uniforme está parecendo ser da força especial da PF, savo engano! Ouve um aproveitamento das FFAA, que estavam no local, a retaguarda desse com megafone. Vale a pena investigar.",0,0,1,https://twitter.com/cabogilberto/status/1648773341421895682
Valéria Fernandes,@ValriaF38626090,https://twitter.com/ValriaF38626090/status/1648784931865149440,2023-04-19T20:25:35.000Z,Perfídia: Ação que é condenada até em GUERRA foi usada contra manifestantes em Brasília (veja o vídeo).,0,1,8,https://twitter.com/cabogilberto/status/1648773341421895682
Pelé é Rei,@1pelerei,https://twitter.com/1pelerei/status/1648896812273614855,2023-04-20T03:50:09.000Z,"Um bando de aloprados, que acreditaram em um ex Presidente covarde que usou eles pra tumultuar e fugiu pra outro país , estão pagando pela idiotice de acreditar em Bolsonaro e no Bolsonarismo. Muita gente lucrou com a loucura deles , mandatos e dinheiro no YouTube enquanto ele 🤡",0,0,1,https://twitter.com/cabogilberto/status/1648773341421895682
Diogo Nicolli,@DiogoFord,https://twitter.com/DiogoFord/status/1648854668498354181,2023-04-20T01:02:41.000Z,Enquanto isso soltam bandidos e traficantes e ainda devolvem os bens kkkkk,0,0,1,https://twitter.com/cabogilberto/status/1648773341421895682
ALEX ALVES,@ALEXALV59484231,https://twitter.com/ALEXALV59484231/status/1648795605152456704,2023-04-19T21:08:00.000Z,Que seja uma lição . Para o povo nunca contar com este exército,0,0,1,https://twitter.com/cabogilberto/status/1648773341421895682
TartarugaFilmes,@TartaFilmes,https://twitter.com/TartaFilmes/status/1648882507369119750,2023-04-20T02:53:19.000Z,Eles servem apenas pra pintar meio fio,0,0,1,https://twitter.com/cabogilberto/status/1648773341421895682
Celina Gomes de Chia,@ChiaGomes,https://twitter.com/ChiaGomes/status/1648806555146493954,2023-04-19T21:51:30.000Z,Jamais podemos esquecer essas cenas.,0,0,2,https://twitter.com/cabogilberto/status/1648773341421895682
Maira da Hora,@MairadaHora,https://twitter.com/MairadaHora/status/1649180793741123584,2023-04-20T22:38:36.000Z,#Desonroso,0,0,0,https://twitter.com/cabogilberto/status/1648773341421895682
Ivanilda,@Ivanild23822364,https://twitter.com/Ivanild23822364/status/1649127591008170009,2023-04-20T19:07:11.000Z,Um rato é mais decente!,0,0,0,https://twitter.com/cabogilberto/status/1648773341421895682
Camila Rodrigues,@CamilaR39391146,https://twitter.com/CamilaR39391146/status/1648792042011590656,2023-04-19T20:53:50.000Z,"Lembrem-se: ""(...) Esta ordem será cumprida . Queremos cumpri-la em paz (...)"".",0,0,1,https://twitter.com/cabogilberto/status/1648773341421895682
Antonio Rodrigues,@alrodriguesjr,https://twitter.com/alrodriguesjr/status/1649110410027466754,2023-04-20T17:58:55.000Z,"As imagens falam por si e o que veio depois disso a gente conhece. Exército Brasileiro, seu coturno está sujo.",0,0,0,https://twitter.com/cabogilberto/status/1648773341421895682
siloliveeiraO@gmail.com,siloliveeiraO@gmail.com,https://twitter.com/siloliveira810/status/1649746864349097984,2023-04-22T12:07:57.000Z,#VERGONHA,0,0,0,https://twitter.com/cabogilberto/status/1648773341421895682
César Motta Mussi,@MottaMussi,https://twitter.com/MottaMussi/status/1649197743708020737,2023-04-20T23:45:57.000Z,a esquerda vai desmontar as FFAA.... vão todos capinar patio do STF...,0,0,0,https://twitter.com/cabogilberto/status/1648773341421895682
Eder de Paula,@EderdePaula6,https://twitter.com/EderdePaula6/status/1648886722342649858,2023-04-20T03:10:04.000Z,Se restou alguma vergonha na cara deveriam pedir baixa !!,0,0,1,https://twitter.com/cabogilberto/status/1648773341421895682
Gilson Lino Silva,@LinoSilv1,https://twitter.com/LinoSilv1/status/1649409786482503683,2023-04-21T13:48:32.000Z,🤮🤮🤮🤮🤮🤮🤮🤮🤮🤮🤮🤮🤮🤮🤮🤮🤮🤮🤮🤮,0,0,0,https://twitter.com/cabogilberto/status/1648773341421895682
Carlota,@carla_p_siva1,https://twitter.com/carla_p_siva1/status/1648776396154499075,2023-04-19T19:51:40.000Z,@MatthewTyrmand,0,0,0,https://twitter.com/cabogilberto/status/1648773341421895682
GERSON LUIZ,@GERSONL14374442,https://twitter.com/GERSONL14374442/status/1648792812748517376,2023-04-19T20:56:54.000Z,OS PINTORES DE MEIO FIO E AS ORDENS DO LADRÃO,0,0,0,https://twitter.com/cabogilberto/status/1648773341421895682
Selma,@sel_fran,https://twitter.com/sel_fran/status/1648782517212725249,2023-04-19T20:15:59.000Z,Vergonha.,0,0,0,https://twitter.com/cabogilberto/status/1648773341421895682
"Flávio Dinossauro ""sátira""",@Edmilso10074507,https://twitter.com/Edmilso10074507/status/1648832631209963523,2023-04-19T23:35:07.000Z,"@cmse_exercito @exercitooficial @cmse_exercito traidores da patria, 7 de setembro vai chegar e saberão o quanto vão ser desprezados.",0,0,0,https://twitter.com/cabogilberto/status/1648773341421895682
HENRIQUE,@hboeagle73,https://twitter.com/hboeagle73/status/1648809258253791236,2023-04-19T22:02:15.000Z,FOI FAKEADA SIM!,0,0,0,https://twitter.com/cabogilberto/status/1648773341421895682
Solange Lauth,@lauth_solange,https://twitter.com/lauth_solange/status/1649060476578414592,2023-04-20T14:40:30.000Z,Que VERGONHA! Este uniforme está mais manchado do que era.  Agora com mancha vermelhas que jamais apagarão. Podem tirar da função a defesa do seu povo e a liberdade.,0,0,0,https://twitter.com/cabogilberto/status/1648773341421895682
jose ivaldo ribas germano,@ribas_ivaldo,https://twitter.com/ribas_ivaldo/status/1648863993308512257,2023-04-20T01:39:45.000Z,Os melancias,0,0,0,https://twitter.com/cabogilberto/status/1648773341421895682
MICKSON DA SILVA MOURAO,@da_mickson,https://twitter.com/da_mickson/status/1649024680337055744,2023-04-20T12:18:15.000Z,Ministro do direitos humanos só é uma figura apadrinhados que não faz nada pelo povo a não ser gastar dinheiro dos pobres.,0,0,0,https://twitter.com/cabogilberto/status/1648773341421895682
Coelho Jr,@coelhoj23,https://twitter.com/coelhoj23/status/1649031912034381825,2023-04-20T12:47:00.000Z,"Essa não seria a Guarda do Distrito Federal, e não o Exército propriamente dito, tenho essa dúvida.",0,0,0,https://twitter.com/cabogilberto/status/1648773341421895682
José,@JoseMartinengh1,https://twitter.com/JoseMartinengh1/status/1648783204332060674,2023-04-19T20:18:43.000Z,QUEM FAZIA ISSO ERA A GESTAPO DE HITLER,0,0,1,https://twitter.com/cabogilberto/status/1648773341421895682
Viktor,@vitrusandraus,https://twitter.com/vitrusandraus/status/1649098812282269696,2023-04-20T17:12:50.000Z,Isso é crime até em guerra...,0,0,0,https://twitter.com/cabogilberto/status/1648773341421895682
Vitor Ribeiro Romeir,@VRomeir,https://twitter.com/VRomeir/status/1648837131664515073,2023-04-19T23:53:00.000Z,Corte marcial!!!!,0,0,1,https://twitter.com/cabogilberto/status/1648773341421895682
Ricardo,@ricardohpb,https://twitter.com/ricardohpb/status/1648781479776858113,2023-04-19T20:11:52.000Z,Agora que descobriu  ?,0,0,1,https://twitter.com/cabogilberto/status/1648773341421895682
AD G,@ADGomes8,https://twitter.com/ADGomes8/status/1648861981292523522,2023-04-20T01:31:45.000Z,Exército Brasileiro vergonha nacional.,0,0,2,https://twitter.com/cabogilberto/status/1648773341421895682
Sunshine,@MsSunshine03,https://twitter.com/MsSunshine03/status/1648845213098450945,2023-04-20T00:25:07.000Z,Campo de concentração do Lula???????????????????????😳😳😳@alexandre  @FlavioDino,0,0,2,https://twitter.com/cabogilberto/status/1648773341421895682
ABILIOPAVANJR,@abiliopava1198,https://twitter.com/abiliopava1198/status/1648859568099807232,2023-04-20T01:22:10.000Z,Parece um soldado nazi chamando os pobres judeus para......nem ouço escrever mais.,0,0,0,https://twitter.com/cabogilberto/status/1648773341421895682
Valéria,@valeriasrj2023,https://twitter.com/valeriasrj2023/status/1648806932952543232,2023-04-19T21:53:00.000Z,Covardes! Jamais esqueceremos!!!!,0,0,1,https://twitter.com/cabogilberto/status/1648773341421895682
Leda Margot Bruxel,@MargotLeda,https://twitter.com/MargotLeda/status/1649199946317410306,2023-04-20T23:54:42.000Z,Absurdo! Libertem os inocentes presos! #LibertemAndersonTorres,0,0,0,https://twitter.com/cabogilberto/status/1648773341421895682
Maria Edsalma da Silva,@edsalma_da,https://twitter.com/edsalma_da/status/1648775452637503490,2023-04-19T19:47:55.000Z,"Covardes,canalhas!!!",0,0,0,https://twitter.com/cabogilberto/status/1648773341421895682
Linkei,@VisuFalando,https://twitter.com/VisuFalando/status/1649076114654937088,2023-04-20T15:42:38.000Z,Traidores da pátria!,0,0,0,https://twitter.com/cabogilberto/status/1648773341421895682
Magno Ventura,@MagnoVentura74,https://twitter.com/MagnoVentura74/status/1648863505964060672,2023-04-20T01:37:48.000Z,Ainda vão apanha muito!! Pois o Molusco vendeu a soberania do país para a China...FFAA vai ser dominada pelo comunismo chinês,0,0,0,https://twitter.com/cabogilberto/status/1648773341421895682
Edmund Burke. o castigo dos bons que n,@gilbertogallo11,https://twitter.com/gilbertogallo11/status/1648796557393686529,2023-04-19T21:11:47.000Z,"A covardia do @exercitooficial @cma_exercito @cmse_exercito @marmilbr @fab_oficial @ClubeMilitar e sem precedentes, cometeram o crime de perfídia",0,0,0,https://twitter.com/cabogilberto/status/1648773341421895682
Carlos FIUZA - ...Jesus,@carlosfiuza14,https://twitter.com/carlosfiuza14/status/1648793986180546565,2023-04-19T21:01:34.000Z,ate onde sei isto caracteriza PERFIDIA...,0,0,0,https://twitter.com/cabogilberto/status/1648773341421895682
Safira Mazzoni,@MazzoniSafira,https://twitter.com/MazzoniSafira/status/1649055433125146626,2023-04-20T14:20:27.000Z,Nunca vamos esquecer vcs TRAIDORES CORRUPTOS,0,0,1,https://twitter.com/cabogilberto/status/1648773341421895682
Orville,@Orville87657703,https://twitter.com/Orville87657703/status/1648781928122679296,2023-04-19T20:13:39.000Z,"Bando de covardes, só servem para pintar calçadas...",0,0,2,https://twitter.com/cabogilberto/status/1648773341421895682
Gleidson Brasil,@gleidson_brasil,https://twitter.com/gleidson_brasil/status/1649066763542208513,2023-04-20T15:05:29.000Z,"Frouxas armadas , eu antes tinha orgulho , agora eu tenho nojo",0,0,0,https://twitter.com/cabogilberto/status/1648773341421895682
Mayra,@Mayra9623953982,https://twitter.com/Mayra9623953982/status/1649164372210507777,2023-04-20T21:33:20.000Z,Maldito o homem quê confia em homem . Forças armadas uma vergonha nacional.,0,0,0,https://twitter.com/cabogilberto/status/1648773341421895682
Fernando Barreto Tito,@Fernand20084100,https://twitter.com/Fernand20084100/status/1649180236779597824,2023-04-20T22:36:23.000Z,Safados vendido por picanha,0,0,0,https://twitter.com/cabogilberto/status/1648773341421895682
Maria Angélica Santos,@msas7069,https://twitter.com/msas7069/status/1649423662875852815,2023-04-21T14:43:40.000Z,Coitado do povo ainda bateu palmas  pra esses  bandidos traidores..,0,0,0,https://twitter.com/cabogilberto/status/1648773341421895682
Josué Felix,@josu35611613,https://twitter.com/josu35611613/status/1649069627832500227,2023-04-20T15:16:52.000Z,"Mais que tudo que vocês tão bem expressaram, traição, covardia, crimes, eles, forças Armadas, não passam de uma organização criminosa, o braço armado do crime organizado, estruturado, vermes desprezíveis.",0,0,0,https://twitter.com/cabogilberto/status/1648773341421895682
Jose Rodrigues Nascimento,@JoseRod11363675,https://twitter.com/JoseRod11363675/status/1649154487016202243,2023-04-20T20:54:04.000Z,"É o nível do governo comuna, governo reptiliano que nenhum apreço tem pelo individuo mas o ver apenas como um objeto. Governo abjeto!",0,0,0,https://twitter.com/cabogilberto/status/1648773341421895682
Força Democrática RN,@grupofdrn,https://twitter.com/grupofdrn/status/1649232251345829889,2023-04-21T02:03:04.000Z,Malditos @exercitooficial @CmdoCMS @CmdoCMO @cma_exercito @eear_aer_br colocaram inocentes na cadeia,0,0,0,https://twitter.com/cabogilberto/status/1648773341421895682
Democracia Brasil,@ProBrasil_,https://twitter.com/ProBrasil_/status/1649184891924250626,2023-04-20T22:54:53.000Z,"Foram levados terrorista , criminosos . O desespero de vocês é pq sabem que a PF vai chegar na porta dos financiadores",0,0,0,https://twitter.com/cabogilberto/status/1648773341421895682
LUIZ A S CORDEIRO,@srdeiro,https://twitter.com/srdeiro/status/1648794045349494785,2023-04-19T21:01:48.000Z,Essa é a maior vergonha que o exército brasileiro proporcionou ao povo brasileiro no século XXI @exercitooficial,0,0,1,https://twitter.com/cabogilberto/status/1648773341421895682
Teresa Monteiro,@tessmonte,https://twitter.com/tessmonte/status/1648844117156282368,2023-04-20T00:20:46.000Z,"Hahahahah! Bozoloides não se importam com crianças e nem com idosos. Deveriam perder a guarda dos filhos, golpistas, terroristas e vândalos.",0,0,0,https://twitter.com/cabogilberto/status/1648773341421895682
Rodrigo,@Rodrigo71444294,https://twitter.com/Rodrigo71444294/status/1648976060644573186,2023-04-20T09:05:04.000Z,@exercitooficial lixo vagabundos traíras lambe botas de comuna @LulaOficial bandido,0,0,0,https://twitter.com/cabogilberto/status/1648773341421895682
Arne Do Carmo,@do_arne,https://twitter.com/do_arne/status/1648845434499002368,2023-04-20T00:26:00.000Z,"Covardes, traidores da pátria.",0,0,0,https://twitter.com/cabogilberto/status/1648773341421895682
André Luis,@AndreLuisfr22,https://twitter.com/AndreLuisfr22/status/1649043031239294976,2023-04-20T13:31:11.000Z,"Covarde, não tem honra ! Para servir a população!",0,0,0,https://twitter.com/cabogilberto/status/1648773341421895682
Marly Novaes,@marly_novaes3,https://twitter.com/marly_novaes3/status/1648992704372539392,2023-04-20T10:11:12.000Z,"Cadeia p esse covarde é pouco, desonra da farda, deixem nu na porta do quartel",0,0,0,https://twitter.com/cabogilberto/status/1648773341421895682
Clebson Jose,@Clebson1988,https://twitter.com/Clebson1988/status/1648795477339504645,2023-04-19T21:07:29.000Z,"@exercitooficial corrompido... amava essa farda, amava servir, sentia prazer no brasão.

Hoje tenho vergonha, nojo sei que não são todos..

Mais na grande maioria, usaram de COVARDIA.

COVARDES MIL VEZES COVARDES AMALDIÇOOU VOCÊS QUE COMPACTUARAM QUE O MESMO SISTEMA PRENDAM VOCES",0,0,0,https://twitter.com/cabogilberto/status/1648773341421895682
Clebson Jose,@Clebson1988,https://twitter.com/Clebson1988/status/1648795786581245955,2023-04-19T21:08:43.000Z,"@exercitooficial corrompido... amava essa farda, amava servir, sentia prazer no brasão.

Hoje tenho vergonha, nojo sei que não são todos..

Mais na grande maioria, usaram de COVARDIA.

COVARDES MIL VEZES COVARDES AMALDIÇOOU VOCÊS QUE COMPACTUARAM QUE O MESMO SISTEMA PRENDAM VOCES",0,0,0,https://twitter.com/cabogilberto/status/1648773341421895682
Tiago Kotovicz,@TiagoKotovicz,https://twitter.com/TiagoKotovicz/status/1648851090236997632,2023-04-20T00:48:28.000Z,Covardes! Mão inimiga!,0,0,0,https://twitter.com/cabogilberto/status/1648773341421895682
Carlos Sal,@SalLaurasal,https://twitter.com/SalLaurasal/status/1648844068229619712,2023-04-20T00:20:34.000Z,Ruma de covardes,0,0,0,https://twitter.com/cabogilberto/status/1648773341421895682
Marcelo Almeida,@Marcelo20584546,https://twitter.com/Marcelo20584546/status/1648837869744603136,2023-04-19T23:55:56.000Z,"Comandantes covardes , jamais permitirei que meu filho faça parte dessa entidade desonrosa ,a qual um dia tive orgulho!!!!",0,0,0,https://twitter.com/cabogilberto/status/1648773341421895682
