nome,usuario,idTweet,dataPublicacao,texto,replies,retweets,likes,tweetPai
Felipe Tadewald,@FelipeTadewald,https://twitter.com/FelipeTadewald/status/1648095973703385095,2023-04-17T22:47:54.000Z,"De acordo com Zé Maria trindade, o governo conseguiu retirar 25 assinaturas.

Se isso for verdade, então a cpmi baterá na trave e faltariam 3 assinaturas.",16,2,30,https://twitter.com/andrefernm/status/1648093303202631681
Marise Figueira Cacaes,@marise_cacaes,https://twitter.com/marise_cacaes/status/1648111490719703043,2023-04-17T23:49:34.000Z,Boa sorte para todos os brasileiros de bem!!! Valeu Deputado @andrefernm !!!#VaiAcontecerCPMIdo08/01,3,0,2,https://twitter.com/andrefernm/status/1648093303202631681
BLACK HAWK - MINEIRO DE DIREITA,@ron_bri75,https://twitter.com/ron_bri75/status/1648093773312806913,2023-04-17T22:39:10.000Z,Valeu garoto!!!! Pra cima deles!!!,0,0,0,https://twitter.com/andrefernm/status/1648093303202631681
Maria Teresa,@Teresa_Fraga,https://twitter.com/Teresa_Fraga/status/1648095977398468608,2023-04-17T22:47:55.000Z,🥳🥳,0,0,1,https://twitter.com/andrefernm/status/1648093303202631681
Ernani,@esjunioroficial,https://twitter.com/esjunioroficial/status/1648102647537254403,2023-04-17T23:14:26.000Z,"Bom trabalho , deputado!!! Mais ação e menos lacração, esse é o caminho!!!!",0,1,8,https://twitter.com/andrefernm/status/1648093303202631681
CarlosAndre,@CAndre51,https://twitter.com/CAndre51/status/1648174363554750464,2023-04-18T03:59:24.000Z,Parabéns ao deputado André Fernandes que trabalhou com afinco e mostrou ter um grande futuro como parlamentar .,0,2,7,https://twitter.com/andrefernm/status/1648093303202631681
Carlos Fersenascci,@OProprioCarlao,https://twitter.com/OProprioCarlao/status/1648383815880941574,2023-04-18T17:51:41.000Z,"Continuem com este teatrinho, só observo, pois o final já sabemos.",0,0,2,https://twitter.com/andrefernm/status/1648093303202631681
Flávia Leão,@FlviaLeo16,https://twitter.com/FlviaLeo16/status/1648093736465833990,2023-04-17T22:39:01.000Z,Amém André. 🙌🙏🏻,20,1,49,https://twitter.com/andrefernm/status/1648093303202631681
Thais,@thaispsic,https://twitter.com/thaispsic/status/1648100169496363013,2023-04-17T23:04:35.000Z,Isso aí 👏🏻👏🏻,0,2,21,https://twitter.com/andrefernm/status/1648093303202631681
Marcelo Lemos,@Marcelo40464992,https://twitter.com/Marcelo40464992/status/1648114187585957888,2023-04-18T00:00:17.000Z,#CPMI08DEJANEIROJÁ #CPMI08dejaneiroURGENTE #ForaLula,0,1,2,https://twitter.com/andrefernm/status/1648093303202631681
Dario Borelli,@dborelliu,https://twitter.com/dborelliu/status/1648119819516928000,2023-04-18T00:22:40.000Z,💪🏽💪🏽💪🏽💪🏽💪🏽🇧🇷Enviaram e-mail 📧 para os deputados e senadores pedindo assinatura para a CPMI do dia 08 de janeiro ?,1,0,0,https://twitter.com/andrefernm/status/1648093303202631681
Zelia Fabro22,@zfabrogmailcom,https://twitter.com/zfabrogmailcom/status/1648097010954715140,2023-04-17T22:52:02.000Z,Deu agora nos Pingos nos Ís que o Pacheco não vai ler o requerimento.Procede isso?,6,3,11,https://twitter.com/andrefernm/status/1648093303202631681
Delcio Cunha,@delciocunha2,https://twitter.com/delciocunha2/status/1648097198096130049,2023-04-17T22:52:46.000Z,"#CPMI #CPMI08dejaneiro #CPMI08dejaneiroJá Amanhã será instalada a CPMI do 8 de janeiro! Será de suma importância para que apuremos a verdade dos fatos: que os inocentes sejam soltos e absolvidos; os vândalos, responsabilizados; e que o Governo Federal pague por sua omissão.",3,13,37,https://twitter.com/andrefernm/status/1648093303202631681
Bruno,@jacas34,https://twitter.com/jacas34/status/1648096166985228290,2023-04-17T22:48:41.000Z,Atenção para as tiradas. Queremos todos os nomes. Se gente da CPI do MST tirar o nome da CPMI do 08 de janeiro é para retirar da CPI do MST. Tem que barganhar.,2,1,6,https://twitter.com/andrefernm/status/1648093303202631681
Djan,@Djan00392004,https://twitter.com/Djan00392004/status/1648095453366370309,2023-04-17T22:45:50.000Z,Olho vivo. O Pacheco e o DESgoverno vão tentar tudo pra melar essa CPMI.,1,1,23,https://twitter.com/andrefernm/status/1648093303202631681
Léia BRASIL !,@LeiaRachor,https://twitter.com/LeiaRachor/status/1648111282388697088,2023-04-17T23:48:44.000Z,"André amanhã você divulga para nós a LISTA com os nomes dos deputados e senadores que REALMENTE ASSINARAM o requerimento de instalação da CPMI dos INFILTRADOS .
CPMI#CPMI08dejaneiro 
CPMI do dia 08 de janeiro.",4,6,28,https://twitter.com/andrefernm/status/1648093303202631681
Tininha Souza,@tininhasouzarj,https://twitter.com/tininhasouzarj/status/1648115334870712322,2023-04-18T00:04:50.000Z,Cláudio Dantas falou que Pacheco chamou os partidos pra uma conversa a portas fechadas.,1,0,2,https://twitter.com/andrefernm/status/1648093303202631681
VOZ DO POVO,@vozdopovobrazil,https://twitter.com/vozdopovobrazil/status/1648105251122081792,2023-04-17T23:24:46.000Z,VENHA EM NOSSA PAGINA E ADQUIRA SEUS ADESIVOS!! 🇧🇷,8,12,86,https://twitter.com/andrefernm/status/1648093303202631681
⊱✿Lídia✿⊰ #ForaLula,@lidialoureir6,https://twitter.com/lidialoureir6/status/1648093816253972481,2023-04-17T22:39:20.000Z,Resta saber se não haverá tramoias para a retirada em bloco das assinaturas.  Oremos. 🙏🏻🇧🇷#CPMIdo08deJaneiroJá,0,3,9,https://twitter.com/andrefernm/status/1648093303202631681
Nely,@nelyferreira02,https://twitter.com/nelyferreira02/status/1648095846854975489,2023-04-17T22:47:24.000Z,Up,1,0,0,https://twitter.com/andrefernm/status/1648093303202631681
Nivea Veiga,@NiveaVeiga2,https://twitter.com/NiveaVeiga2/status/1648099528761921536,2023-04-17T23:02:02.000Z,Não esqueceremos!,10,20,37,https://twitter.com/andrefernm/status/1648093303202631681
Ana Cristina,@AnaBolso67,https://twitter.com/AnaBolso67/status/1648112898516942848,2023-04-17T23:55:10.000Z,"Deputado, não tenho palavras para agradecer e elogiar o seu trabalho incansável pela busca da VERDADE e da JUSTIÇA, por isso vou ""apenas"" dizer:

Que Deus lhe abençoe infinitamente.🙏🏼🇧🇷",2,1,3,https://twitter.com/andrefernm/status/1648093303202631681
Henrique,@henriolliveira_,https://twitter.com/henriolliveira_/status/1648100989574995968,2023-04-17T23:07:50.000Z,Essa CPI precisa acontecer!,9,3,95,https://twitter.com/andrefernm/status/1648093303202631681
Fore Lule!,@MarcoSo21382673,https://twitter.com/MarcoSo21382673/status/1648096022139109377,2023-04-17T22:48:06.000Z,Pachecão não vai cumprir... olho nele... esta reunido com os líderes no senado,1,1,2,https://twitter.com/andrefernm/status/1648093303202631681
J. Clarke,@Jacob_EClarke,https://twitter.com/Jacob_EClarke/status/1648119004639141888,2023-04-18T00:19:25.000Z,"Ótimo, veremos em breve o senhor no banco dos réus como ""mentor intelectual dos ataques"", sem necessidade de verificar no Jusbrasil. Grande dia 👍🏻",1,0,8,https://twitter.com/andrefernm/status/1648093303202631681
Carla - MG,@CarlaPatMG,https://twitter.com/CarlaPatMG/status/1648096686584086532,2023-04-17T22:50:44.000Z,"Que horror, isso não deveria acontecer, teria que ser um dia antes. que sofrimento.",1,0,3,https://twitter.com/andrefernm/status/1648093303202631681
jfbraga,@JooFranciscoBr5,https://twitter.com/JooFranciscoBr5/status/1648099053249392640,2023-04-17T23:00:09.000Z,"Quando começa essa bendita CPMI?
Que palhaçada é essa?
A CPMI do 8 de janeiro NÃO necessita da aprovação do presidente do Senado. Quando será o início dos trabalhos na CPMI para apurar a verdade e apontar os culpados. Queiram, ou não, o Lula e o Pacheco.",1,0,1,https://twitter.com/andrefernm/status/1648093303202631681
JOSÉ orlando BENTO.,@JOSorlandoBENT2,https://twitter.com/JOSorlandoBENT2/status/1648170300545138690,2023-04-18T03:43:15.000Z,"Se essa cpmi não acontecer, Lula, certamente, sofrerá o impeachment.nao haverá outra saída.",1,1,0,https://twitter.com/andrefernm/status/1648093303202631681
Ingrid Argolo,@IngridArgolo1,https://twitter.com/IngridArgolo1/status/1648094632260034564,2023-04-17T22:42:35.000Z,"Por favor se organizem bem, não deixem que a esquerda transforme a CPMI em circo.",1,0,5,https://twitter.com/andrefernm/status/1648093303202631681
José Roberto Mendes Da Silva,@JosRobe21704014,https://twitter.com/JosRobe21704014/status/1648101161688342530,2023-04-17T23:08:31.000Z,Precisamos derrubar o Lula,1,0,1,https://twitter.com/andrefernm/status/1648093303202631681
Major Mecca,@MajorMecca,https://twitter.com/MajorMecca/status/1648112633566883841,2023-04-17T23:54:06.000Z,"Parabéns por sua luta que não foi nada fácil aí em Brasília, certamente entrará para a história como homem de honra.
Quando o objetivo é estabelecer verdades, não deveria ser tão difícil conseguir assinaturas.",7,12,134,https://twitter.com/andrefernm/status/1648093303202631681
"Junior, Allejo",@disruptoralfa,https://twitter.com/disruptoralfa/status/1648270758550941699,2023-04-18T10:22:26.000Z,@baixaessa,1,0,0,https://twitter.com/andrefernm/status/1648093303202631681
Brandão Vera-,@brandaovera,https://twitter.com/brandaovera/status/1648093415672803330,2023-04-17T22:37:45.000Z,Glória a Deus!!,0,0,2,https://twitter.com/andrefernm/status/1648093303202631681
Nora Zygielszyer,@norazygel,https://twitter.com/norazygel/status/1648093759144439811,2023-04-17T22:39:06.000Z,Amém,0,0,1,https://twitter.com/andrefernm/status/1648093303202631681
Marcelo Oliveira,@Marcelo79566326,https://twitter.com/Marcelo79566326/status/1648094322200379392,2023-04-17T22:41:21.000Z,🇧🇷🇧🇷🇧🇷🇧🇷🇧🇷,0,0,0,https://twitter.com/andrefernm/status/1648093303202631681
Eliane,@Eliane389889131,https://twitter.com/Eliane389889131/status/1648094642594775041,2023-04-17T22:42:37.000Z,Deus é maior e justo! Esse desgoverno será desmascarado!,0,0,0,https://twitter.com/andrefernm/status/1648093303202631681
Rachel Block,@rachel_blo9944,https://twitter.com/rachel_blo9944/status/1648095447918018563,2023-04-17T22:45:49.000Z,"Pra cima , Deputado",0,0,2,https://twitter.com/andrefernm/status/1648093303202631681
Miguel Santos,@MiguelS64033814,https://twitter.com/MiguelS64033814/status/1648095491001839618,2023-04-17T22:45:59.000Z,"André tenha calma, estou sentindo a tua ansiedade, Deus está no controle, vamos ficar em Oração. Forte Abraço Grande Deputado @andrefernm",0,0,0,https://twitter.com/andrefernm/status/1648093303202631681
Mara Benahur,@benahur,https://twitter.com/benahur/status/1648095589270167552,2023-04-17T22:46:23.000Z,Amém 🙏,0,0,0,https://twitter.com/andrefernm/status/1648093303202631681
Aneleh,@AneleMaria51,https://twitter.com/AneleMaria51/status/1648103533806329857,2023-04-17T23:17:57.000Z,#CPMI08DEJANEIROJÁ,0,7,22,https://twitter.com/andrefernm/status/1648093303202631681
Tânia Cris,@TniaGon24503437,https://twitter.com/TniaGon24503437/status/1648106539805298688,2023-04-17T23:29:54.000Z,"Fico me perguntando porque tudo que beneficia a direita tem que ser assim tão desgastante, com muita pressão e incertezas. Foi assim quando governava, e agora mais ainda que é oposição.",1,0,9,https://twitter.com/andrefernm/status/1648093303202631681
Dócil Valentina,@DocilValentina,https://twitter.com/DocilValentina/status/1648094383114186753,2023-04-17T22:41:35.000Z,Posteriormente divulgue os nomes daqueles que retirarem as assinaturas. O povo precisa saber.,0,2,18,https://twitter.com/andrefernm/status/1648093303202631681
Garrote®,@Sogrommg,https://twitter.com/Sogrommg/status/1648100198755729416,2023-04-17T23:04:42.000Z,"Só digo uma coisa, se por ventura não ocorrer a leitura da CPMI, TRAVEM TUDO QUANTO É VOTAÇÃO ATÉ O FINAL DE ANO...
Se eles querem briga, então que a tenham...
Obs: NÃO IMPORTA QUAL VOTAÇÃO SERÁ...",1,3,14,https://twitter.com/andrefernm/status/1648093303202631681
gaby,@gabysander35,https://twitter.com/gabysander35/status/1648094520620249094,2023-04-17T22:42:08.000Z,"Fique de olho no @RodrigoPacheco porque se convocou pra falar da cpmi é porque está armado 
Vão querer fazer maracutaia até a hora da leitura 
Até 12:00 vai dar tempo de muita coisa",0,2,6,https://twitter.com/andrefernm/status/1648093303202631681
Pontes,@Pontes_1978,https://twitter.com/Pontes_1978/status/1648098345548652546,2023-04-17T22:57:20.000Z,#VotoImpressoComContagemPública,0,3,6,https://twitter.com/andrefernm/status/1648093303202631681
Sidney Bulcão,@SidneyBulcao,https://twitter.com/SidneyBulcao/status/1648100460925005825,2023-04-17T23:05:44.000Z,"URGENTE! SÓ QUEREMOS A VERDADE!Acaba de ser anunciado BOA NOTÍCIA sobre CPMI do 8 de Janeiro! Senadores se pronunciam e é anunciado novidade sobre assinaturas da CPMI do 8 de Janeiro, mas a risco dos deputados na última hora retirarem a assinatura !!!! 

PRESSÃO NELES !! 🤺",1,4,16,https://twitter.com/andrefernm/status/1648093303202631681
Francisco Chico,@Fcnchico,https://twitter.com/Fcnchico/status/1648094249886314496,2023-04-17T22:41:03.000Z,É verdade este bilhete👇👇👇👇👇,2,0,4,https://twitter.com/andrefernm/status/1648093303202631681
"Eliane F.CostaCristã,casada,100%Bolsonaro",@elianeturismobr,https://twitter.com/elianeturismobr/status/1648158126330216448,2023-04-18T02:54:53.000Z,"O Senador que trair o povo brasileiro pode esquecer a carreira política, pois jamais esqueceremos os traidores da nação!",0,2,2,https://twitter.com/andrefernm/status/1648093303202631681
Loira,@BastosClaudinha,https://twitter.com/BastosClaudinha/status/1648300894994284546,2023-04-18T12:22:11.000Z,"André , eu oro pelo nosso país pq todos os males afetarão sem piedade os mais necessitados e isso acarretará aumento da violência, o que por si só gera caos! Oremos pela CPMI do dia 08",1,0,3,https://twitter.com/andrefernm/status/1648093303202631681
Saramar104,@Saramar104,https://twitter.com/Saramar104/status/1648140491655970819,2023-04-18T01:44:48.000Z,"Ué, mas você não é um dos que estão sendo processados por incentivar a tentativa de golpe? A CPMI, certamente, vai abordar esse tema. 🤔",0,1,6,https://twitter.com/andrefernm/status/1648093303202631681
DaniSan,@san89409055,https://twitter.com/san89409055/status/1648148677934948352,2023-04-18T02:17:20.000Z,"Seria uma uma vergonha, uma derrota total do Brasil se essa CPMI não saísse. Pois muitos inocentes estão pagando por bandidos travestidos de patriotas e essa situação precisa ser amplamente esclarecida para a sociedade e que a justiça seja feita.",0,3,6,https://twitter.com/andrefernm/status/1648093303202631681
Bob Silva,@BobSilvaOnFace,https://twitter.com/BobSilvaOnFace/status/1648195915767750656,2023-04-18T05:25:02.000Z,Não esqueça de depilar o cool antes de ir ao Plenário.,0,0,10,https://twitter.com/andrefernm/status/1648093303202631681
Glauco,@The_Mr_Crowley,https://twitter.com/The_Mr_Crowley/status/1648272529931268096,2023-04-18T10:29:29.000Z,Vc é aquele cara que ensina a depilar o c#?,0,0,9,https://twitter.com/andrefernm/status/1648093303202631681
Casal Zimmer a serviço do Brasil,@FelipZimmer,https://twitter.com/FelipZimmer/status/1648094168894382080,2023-04-17T22:40:44.000Z,#ForaLulaeSuaQuadrilha,8,13,73,https://twitter.com/andrefernm/status/1648093303202631681
Jorge,@jorgeluiz2364,https://twitter.com/jorgeluiz2364/status/1648097023336357895,2023-04-17T22:52:05.000Z,"Torço muito pra que a CPMI seja instalada, mas peço que vcs não abram mão da relatoria e da presidência. 
Se os políticos governistas assumirem qualquer uma das duas,  a CPMI será um fiasco.",2,1,15,https://twitter.com/andrefernm/status/1648093303202631681
Verdadeira,@salomao_vera,https://twitter.com/salomao_vera/status/1648152427751780360,2023-04-18T02:32:14.000Z,A CPI é para provar que BOLSONARO tem que ir prá PAPUDA.,0,1,5,https://twitter.com/andrefernm/status/1648093303202631681
Shjaak P'Jam,@PShjaak,https://twitter.com/PShjaak/status/1648179825331372033,2023-04-18T04:21:06.000Z,"Conta aí:

Já está ficando difícil de defender:

CONTRABANDISTAS, TERRORISTAS, GENOCIDAS, NAZISTAS, FASCISTAS, CRIMINOSOS, PEDÓFILOS e CORRUPTOS como Bolsonaro, Damares, Roberto Jefferson, Daniel Silveira e Gabriel Monteiro e Zambelli?#BolsonaroGenocida #CadeiaParaOsFascistas",0,0,7,https://twitter.com/andrefernm/status/1648093303202631681
Eddie de Esquerda,@EddieEsquerda,https://twitter.com/EddieEsquerda/status/1648101533991555073,2023-04-17T23:10:00.000Z,"Será que vai ""ROLAR"" a CPMI do ""TOBA RASPADO""?",0,2,2,https://twitter.com/andrefernm/status/1648093303202631681
AleTemporão,@Ale_Temporao,https://twitter.com/Ale_Temporao/status/1648105208080154624,2023-04-17T23:24:36.000Z,"Canalha não trabalha, não faz nada pelo Brasil, usando o mandato para o desserviço do Brasil. O intuito dessa cpmi é simplesmente atrapalhar o governo. 8 de janeiro tem um líder que deveria ser preso Jair Bolsonaro.",1,0,3,https://twitter.com/andrefernm/status/1648093303202631681
Zeca Peixoto,@ZecaPeixoto,https://twitter.com/ZecaPeixoto/status/1648238668140756993,2023-04-18T08:14:55.000Z,"Sua CPMI e merda é a mesma coisa. Já deram descarga, otário",2,0,2,https://twitter.com/andrefernm/status/1648093303202631681
Marcelo Lemos,@Marcelo40464992,https://twitter.com/Marcelo40464992/status/1648115788480409601,2023-04-18T00:06:39.000Z,"O deputado @albertomourao retirou assinatura dele do requerimento da #CPMI hoje, 17/04. Vamos agradecer a ele por trair os seus eleitores, não colaborar com as investigações do 08/01 e por virar as costas para os cidadãos que foram presos injustamente! Traíra! Lixo 🤮🤮🤮",2,1,2,https://twitter.com/andrefernm/status/1648093303202631681
#Cpmide08dejaneiroJá #cpmi08dejaneiro2023 #,@CCConservador,https://twitter.com/CCConservador/status/1648094676434534401,2023-04-17T22:42:45.000Z,Obrigado por assinar e divulgar a Cpmi do dia 8 de Janeiro. #CPMI08dejaneiro #cpmi08dejaneiro2023 #CPMIdo08deJaneiro  Orgulho do Senhor!!👏🔝🔝🔝👏👏👏👏👏🔝,0,2,13,https://twitter.com/andrefernm/status/1648093303202631681
Luis... S.O.S JESUS,@LuismarSilvaLi2,https://twitter.com/LuismarSilvaLi2/status/1648097753623298048,2023-04-17T22:54:59.000Z,Obrigado Deputado por nos atualizar 👏👏👏👏🇧🇷Ficar de 👀👀👀👀👀👀👀👀👀,0,0,3,https://twitter.com/andrefernm/status/1648093303202631681
#Cpmide08dejaneiroJá #cpmi08dejaneiro2023 #,@CCConservador,https://twitter.com/CCConservador/status/1648098751200862208,2023-04-17T22:58:57.000Z,https://pt.wikipedia.org/wiki/Lawfare novo tipo de guerra. Quem não usa essas armas perde essa guerra. Depois não adianta ficar triste . O jogo mudou!,0,1,4,https://twitter.com/andrefernm/status/1648093303202631681
Wylly Mc,@WyllyMc,https://twitter.com/WyllyMc/status/1648109901682540547,2023-04-17T23:43:15.000Z,Só observar quem trai! 2024 eles vão apoiar candidatos nas Eleições Municipais 🇧🇷,0,0,1,https://twitter.com/andrefernm/status/1648093303202631681
Gabriela,@Gabriel72894728,https://twitter.com/Gabriel72894728/status/1648134264645464066,2023-04-18T01:20:04.000Z,"DEUS SEJA LOUVADO❗️🙌🏻JUSTIÇA, MEU DEUS❗️ O POVO HONESTO QUER A VERDADE E A JUSTIÇA❗️🙏🏻#CPMI08DEJANEIROJÁ #CPMIdo08deJaneiroJá #CPMIdo08deJaneiroJa #CPMI08dejaneiroja #CPMIJá  #LulaLadrão#LuladraoDesgracaEDestruicao #ForaLulaeSuaQuadrilha #ForaLula#ImpeachmentDoLulaJá",0,1,3,https://twitter.com/andrefernm/status/1648093303202631681
#Cpmide08dejaneiroJá #cpmi08dejaneiro2023 #,@CCConservador,https://twitter.com/CCConservador/status/1648172338725240833,2023-04-18T03:51:21.000Z,#Cpmide08dejaneiroJá  #cpmi08dejaneiro2023 #cpmi08janeiro2023,0,2,1,https://twitter.com/andrefernm/status/1648093303202631681
#Cpmide08dejaneiroJá #cpmi08dejaneiro2023 #,@CCConservador,https://twitter.com/CCConservador/status/1648175398499254276,2023-04-18T04:03:31.000Z,https://congressoemfoco.uol.com.br/area/congresso-nacional/governo-tem-menos-de-24h-para-tentar-impedir-cpmi-dos-atos-golpistas/…  #Cpmide08dejaneiroJá  #cpmi08dejaneiro2023 #cpmi08janeiro2023,0,0,1,https://twitter.com/andrefernm/status/1648093303202631681
Jogar dentro das quatro linhas da Const Fed Br 88,@LRobertoLeitao,https://twitter.com/LRobertoLeitao/status/1648094220375171073,2023-04-17T22:40:56.000Z,"Ao Congresso Nacional@SenadoFederal @camaradeputados@andrefernm @nikolas_dm @coronel_meira @EduGiraoOficial a #CPMIdo08deJaneiroJá é um instrumento Legal, Institucional, um Dever Cívico e Moral.
Deixar de investigar será um ato de COVARDIA, CONIVÊNCIA E PREVARICAÇÃO.",3,14,31,https://twitter.com/andrefernm/status/1648093303202631681
LFS_22,@Luiz_FLS22,https://twitter.com/Luiz_FLS22/status/1648107861375873024,2023-04-17T23:35:09.000Z,"Imagina o político corrupto tirar a assinatura,  passar vergonha junto ao eleitorado e não conseguir acabar com a CPMI.",1,0,3,https://twitter.com/andrefernm/status/1648093303202631681
RealMarcellusBerro,@MarcellusBerro1,https://twitter.com/MarcellusBerro1/status/1648112784947683332,2023-04-17T23:54:43.000Z,@Lindasod 👍🏻🇧🇷,0,0,1,https://twitter.com/andrefernm/status/1648093303202631681
RealMarcellusBerro,@MarcellusBerro1,https://twitter.com/MarcellusBerro1/status/1648116777749028866,2023-04-18T00:10:35.000Z,@iaragb 👍🏻🇧🇷,0,0,1,https://twitter.com/andrefernm/status/1648093303202631681
Rosa,@Rosa69354227,https://twitter.com/Rosa69354227/status/1648126042077372416,2023-04-18T00:47:23.000Z,Parabéns  !!! 👏👏👏👏👏👏👏👏👏👏👏👏👏👏👏👏👏👏👏👏👏👏👏👏👏👏👏👏#CPMIdo08deJaneiroJá,0,0,1,https://twitter.com/andrefernm/status/1648093303202631681
Juliana SPMS,@Marion12Juliana,https://twitter.com/Marion12Juliana/status/1648102587453808641,2023-04-17T23:14:11.000Z,"Aond3 está Ana Priscila Azevedo? Essa golpista estava dentro com seus companheiros antes dos patriotas chegarem! "" Missão dada é  missão cumprida ""frase da meliante após o quebra quebra",0,0,0,https://twitter.com/andrefernm/status/1648093303202631681
#Cpmide08dejaneiroJá #cpmi08dejaneiro2023 #,@CCConservador,https://twitter.com/CCConservador/status/1648172110622126081,2023-04-18T03:50:27.000Z,#Cpmide08dejaneiroJá  #cpmi08dejaneiro2023 #cpmi08janeiro2023,0,0,0,https://twitter.com/andrefernm/status/1648093303202631681
semy,@swr69,https://twitter.com/swr69/status/1648126280565510148,2023-04-18T00:48:20.000Z,🇧🇷🤠👍,0,0,0,https://twitter.com/andrefernm/status/1648093303202631681
Marco Antonio,@MarcoMtonis,https://twitter.com/MarcoMtonis/status/1648111217221808129,2023-04-17T23:48:29.000Z,Você me Representa Deputado André Fernandes,0,0,0,https://twitter.com/andrefernm/status/1648093303202631681
Marcos Aguiar,@MarcosAg1980,https://twitter.com/MarcosAg1980/status/1648396736313036801,2023-04-18T18:43:02.000Z,🇧🇷💔,0,0,0,https://twitter.com/andrefernm/status/1648093303202631681
#Cpmide08dejaneiroJá #cpmi08dejaneiro2023 #,@CCConservador,https://twitter.com/CCConservador/status/1648094522239320064,2023-04-17T22:42:08.000Z,Quando políticos serão processados por prevaricação?  “Os atrasadores”#Cpmide08dejaneiroJá  #cpmi08dejaneiro2023 #cpmi08janeiro2023,1,5,20,https://twitter.com/andrefernm/status/1648093303202631681
#Cpmide08dejaneiroJá #cpmi08dejaneiro2023 #,@CCConservador,https://twitter.com/CCConservador/status/1648127828850888704,2023-04-18T00:54:29.000Z,"Enrolação dos “atrasadores”tem outro nome, prevaricação!!  #Cpmide08dejaneiroJá  #cpmi08dejaneiro2023 #cpmi08janeiro2023",1,3,4,https://twitter.com/andrefernm/status/1648093303202631681
Carlos Cesar,@CesarTorres2014,https://twitter.com/CesarTorres2014/status/1648098738785640451,2023-04-17T22:58:54.000Z,@SenadoFederal @EduGiraoOficial @ArthurLira_ @IzalciLucas @KimKataguiri @AndreiaSadi @AndreiaSadi @Biakicis @esperidiaoamin_ @EduGiraoOficial @DepSanderson @CarolDeToni @nikolas_dm @SenadoFederal @tabataamaralsp @elizianegama,0,2,10,https://twitter.com/andrefernm/status/1648093303202631681
#Cpmide08dejaneiroJá #cpmi08dejaneiro2023 #,@CCConservador,https://twitter.com/CCConservador/status/1648095409334542337,2023-04-17T22:45:40.000Z,#Cpmide08dejaneiroJá  #cpmi08dejaneiro2023 #cpmi08janeiro2023,5,17,27,https://twitter.com/andrefernm/status/1648093303202631681
Ronaldo,@Neroleibe,https://twitter.com/Neroleibe/status/1648156496780472320,2023-04-18T02:48:24.000Z,O Brasil sonha com a prisão do Miliciano! #bolsonaropreso,0,0,3,https://twitter.com/andrefernm/status/1648093303202631681
DesGoverno MULA,@DaviCurti,https://twitter.com/DaviCurti/status/1648164903167963137,2023-04-18T03:21:48.000Z,"Totalmente descabida

A tentativa de intimidação da PGR solicitar a denuncia do Senador Moro. Está a serviço de QUEM?

Qualquer ser humano no Brasil pode ser criticado ou motivo de piada caso contrário já viramos o LULAQUISTÃO.",1,0,1,https://twitter.com/andrefernm/status/1648093303202631681
Graci Grecco,@GracieliGrecco,https://twitter.com/GracieliGrecco/status/1648097453776748544,2023-04-17T22:53:47.000Z,CPMI de algo que está sendo julgado. Que tempo perdido. Estamos pagando p deputado ficar fazendo palco p ganhar seguidores e não fazem sua função precípua,0,0,5,https://twitter.com/andrefernm/status/1648093303202631681
Walters Benzecry Schultz Benchimol González,@walter_sc2,https://twitter.com/walter_sc2/status/1648103131018829826,2023-04-17T23:16:21.000Z,"URGENTE!!🚨Deputado @andrefernm confirmou que a sessão conjunta do Congresso marcada para amanhã, onde será instaurada automaticamente a CPMI do dia 08/01 está mantida, segundo decisão em reunião de líderes do Senado.

A sessão está marcada para às 12h.

O Brasil não pode mais",0,1,7,https://twitter.com/andrefernm/status/1648093303202631681
Marco Aurélio Esparza,@MarcoAEsparza22,https://twitter.com/MarcoAEsparza22/status/1648104433723613185,2023-04-17T23:21:31.000Z,"#CPMI#CPMIja#CPMI8dejaneiroVamos subir estas hashtags !
A leitura é nesta terça-feira, 18 de abril de 2023.🇧🇷🇧🇷🇧🇷🇧🇷🇧🇷🇧🇷🇧🇷🇧🇷QUEM NÃO DEVE !
NÃO TEME!",0,2,2,https://twitter.com/andrefernm/status/1648093303202631681
André luiz Andrade,@Andrlui09813354,https://twitter.com/Andrlui09813354/status/1648107053963935746,2023-04-17T23:31:56.000Z,#CPMI08dejaneiro #CPMI08dejaneiroja #CPMI08DEJANEIROJÁ #cpmi8dejaneiro #cpmi08dejaneiro2023 #Cpmide08dejaneiroJá,0,0,0,https://twitter.com/andrefernm/status/1648093303202631681
Anderson,@BrunelModolon,https://twitter.com/BrunelModolon/status/1648163688849760256,2023-04-18T03:16:59.000Z,Estão dizendo que o governo conseguirá retirar 25 assinaturas e faltará 3 para fechar a conta. Se isso for verdade então façam divulgação afim de conseguir ainda mais 4 assinaturas!,0,0,1,https://twitter.com/andrefernm/status/1648093303202631681
JulioOiluJ,@j_oilu39015,https://twitter.com/j_oilu39015/status/1648094538639056897,2023-04-17T22:42:12.000Z,@claudioedantas a CPMI   vai sair....mesmo com o covarde @rodrigopacheco agindo contra.,0,0,0,https://twitter.com/andrefernm/status/1648093303202631681
camilo farias,@camilof12127731,https://twitter.com/camilof12127731/status/1648096558620049408,2023-04-17T22:50:14.000Z,UGENTE COPARTILHEM PFV,0,0,0,https://twitter.com/andrefernm/status/1648093303202631681
camilo farias,@camilof12127731,https://twitter.com/camilof12127731/status/1648096647686021122,2023-04-17T22:50:35.000Z,APTRIOTAS CRISTAOS URGENTE COMPARTILHEM PFV,0,0,0,https://twitter.com/andrefernm/status/1648093303202631681
UthantPim,@UthantP,https://twitter.com/UthantP/status/1648100268003794944,2023-04-17T23:04:58.000Z,🇧🇷-BRASIL ACIMA TODOS-🇧🇷🇧🇷🇧🇷-B O L S O N A R O-🇧🇷🇧🇷🇧🇷-DEUS ACIMA DE TUDO-🇧🇷,0,0,0,https://twitter.com/andrefernm/status/1648093303202631681
UthantPim,@UthantP,https://twitter.com/UthantP/status/1648100276660756481,2023-04-17T23:05:00.000Z,👉E  O  VOTO  IMPRESSO  AUDITAVEL  NA  URNA  ELETRÔNICA❓JA  CAIU  NO  ESQUECIMENTO❓,0,0,0,https://twitter.com/andrefernm/status/1648093303202631681
Carlos Neto,@CarlosN31985559,https://twitter.com/CarlosN31985559/status/1648101392966361089,2023-04-17T23:09:26.000Z,"Amanhã ele vai passar mal, será internado e não terá CPMI…..quer apostar?",0,1,0,https://twitter.com/andrefernm/status/1648093303202631681
Lene Paixão,@LenePaixao1,https://twitter.com/LenePaixao1/status/1648103347096899584,2023-04-17T23:17:12.000Z,#CPMI08DEJANEIROJÁ sim,0,0,2,https://twitter.com/andrefernm/status/1648093303202631681
ALE RANZIN,@AleRanzin,https://twitter.com/AleRanzin/status/1648105657453748224,2023-04-17T23:26:23.000Z,Atenção: eles querem tirar o foco da CPMI através da denúncia contra Moro. ⚠️⚠️⚠️⚠️⚠️⚠️⚠️,0,1,0,https://twitter.com/andrefernm/status/1648093303202631681
MOA,@moapassos,https://twitter.com/moapassos/status/1648106405855936513,2023-04-17T23:29:22.000Z,CPMI do 8 de janeiro já! #cpmi #cpmido08dejaneirojá #cpmi8dejaneiro,0,0,1,https://twitter.com/andrefernm/status/1648093303202631681
Celia Angell,@CeliaAngell1,https://twitter.com/CeliaAngell1/status/1648148847766405121,2023-04-18T02:18:01.000Z,"Boa noite,se alguém puder me ajudar com alguma sexta básica eu agradeço passando por necessidade sem trabalho",0,0,0,https://twitter.com/andrefernm/status/1648093303202631681
O Rastilho,@O_Rastilho,https://twitter.com/O_Rastilho/status/1648155429510295554,2023-04-18T02:44:10.000Z,"Pra cima, deputado. Estamos com vocês! 💚💛💙",0,0,0,https://twitter.com/andrefernm/status/1648093303202631681
AdamBack700,@ABack700,https://twitter.com/ABack700/status/1648156042256326656,2023-04-18T02:46:36.000Z,"Bom! Mas precisamos de total atenção e pressão para aumentar o número durante o dia! Após a leitura, ainda deve-se conversar com os indecisos q não assinaram. Eles podem se sentir mais confortáveis em assinar após a leitura. Terão boa aceitação da população",0,0,0,https://twitter.com/andrefernm/status/1648093303202631681
Raphael de barros filho,@Raphaeldebarro4,https://twitter.com/Raphaeldebarro4/status/1648161058979291136,2023-04-18T03:06:32.000Z,É MUITA CARA DE PAU! Eles querem montar uma comissão formada por parlamentares da extrema direita p/ investigar os crimes que eles mesmos incentivaram. Tudo será feito para dar visibilidade a narrativas contrárias às conclusões da PF e Ministério Público.,0,1,6,https://twitter.com/andrefernm/status/1648093303202631681
Joao Vianei Soares,@JoaoVianeiS,https://twitter.com/JoaoVianeiS/status/1648166518130081793,2023-04-18T03:28:14.000Z,Vai sobrar pra tu,0,0,0,https://twitter.com/andrefernm/status/1648093303202631681
Jr,@UAPorco,https://twitter.com/UAPorco/status/1648185823999737860,2023-04-18T04:44:56.000Z,"Vamos fazer o @rodrigopacheco acordar com milhares de mensagens para instalar a CPMI hoje!

Deixem mensagens e compartilhem o perfil dele 👇",0,0,0,https://twitter.com/andrefernm/status/1648093303202631681
Lucardelli,@Lucardellli,https://twitter.com/Lucardellli/status/1648168280715083784,2023-04-18T03:35:14.000Z,Ja tem uma cpi no DF sobre 08/01. O patriota não sabia? Rsrshttp://cl.df.gov.br/web/guest/list…,0,1,2,https://twitter.com/andrefernm/status/1648093303202631681
A Resistência,@WolfGangCryptos,https://twitter.com/WolfGangCryptos/status/1648228537378242566,2023-04-18T07:34:40.000Z,🔥🙋🏻‍♂️ #URGENTE Pacheco faz reunião hj com membros d0 Gov. p boicotar a CPMI. Galera cobrando em peso seus Deputados e Senadores a pressionar 0 início da CPMI.  RT @rogeriosmarinho @GayerGus @carlosjordy @EduGiraoOficial @andrefernm @Zambelli2210 @nikolas_dm,0,1,1,https://twitter.com/andrefernm/status/1648093303202631681
di giovanni,@digiova80777374,https://twitter.com/digiova80777374/status/1648286075138211840,2023-04-18T11:23:18.000Z,Não deixe passar em branco essa CPMI os brasileiros de bem merece uma resposta pra essa baderna causada e incentivada por canalhas que governam o país,0,0,1,https://twitter.com/andrefernm/status/1648093303202631681
DANIEL DOMINGUES,@DANIELD20172338,https://twitter.com/DANIELD20172338/status/1648288303156690947,2023-04-18T11:32:09.000Z,"Todos os FASCISTAS são muito corajosos quando estão FORA da CADEIA, lá dentro choram feito crianças!! ...Fica a dica",0,0,0,https://twitter.com/andrefernm/status/1648093303202631681
Angelo,@niferbac,https://twitter.com/niferbac/status/1648290821035155458,2023-04-18T11:42:10.000Z,"KOO RASPADO!

PECULATO é CRIME! 107 IMÓVEIS 2 MANSÕES no PECULATO VULGO RACHADINHA ! Cadê o PowerPoint?!

 LADRÃO de joias PECULATEIRO! 

CPI JÁ DAS JÓIAS da propina da privatização da RLAM! #TACLANOMOROENODD! TIC TAC",0,0,0,https://twitter.com/andrefernm/status/1648093303202631681
PRESIDENTE ¹³,@BondeDoLula,https://twitter.com/BondeDoLula/status/1648399707624947712,2023-04-18T18:54:50.000Z,"RASPAKU,
RASPADINHA,
ACHO QUE É TU, 
RAPAKU.",0,0,0,https://twitter.com/andrefernm/status/1648093303202631681
Ennio Duvall.,@EnnioDuvall,https://twitter.com/EnnioDuvall/status/1648440418017906692,2023-04-18T21:36:36.000Z,Vou chamar o Flávio Dino pra você!!! 😂😂😂😂,0,0,0,https://twitter.com/andrefernm/status/1648093303202631681
Bete,@Bete608878591,https://twitter.com/Bete608878591/status/1648468330993577987,2023-04-18T23:27:31.000Z,#CPMIJA #CPMIJA #CPMIJA #CPMIJA #CPMIJA #CPMIJA #CPMIJA #CPMIJA #CPMIJA #CPMIJA #CPMIJA #CPMIJA #CPMIJA #CPMIJA #CPMIJA #CPMIJA #CPMIJA #CPMIJA,0,0,0,https://twitter.com/andrefernm/status/1648093303202631681
Wy Lopes,@WyLopes1,https://twitter.com/WyLopes1/status/1648468545024700416,2023-04-18T23:28:22.000Z,"Triste não é o fato do pacheco fazer o que todos vocês já sabiam que ele ia fazer.
Triste e ver que infelizmente nossos parlamentares realmente não nos representam em nada.
São coniventes com tudo de ruim que está acontecendo desde 2019.
Parlamentares fracos e omissos é uma Pena.",0,0,0,https://twitter.com/andrefernm/status/1648093303202631681
-------,@A____2704,https://twitter.com/A____2704/status/1648491825613905921,2023-04-19T01:00:53.000Z,"Que a oposição faça a obturação de pauta até que Pacheco faça a abertura da CPMI.
 #CPMIdo08deJaneiroJá",0,0,0,https://twitter.com/andrefernm/status/1648093303202631681
Daniel Barbosa,@DanielBar114,https://twitter.com/DanielBar114/status/1648170439036874754,2023-04-18T03:43:48.000Z,"Cheira a vexame.
Vão trabalhar a noite toda nas mentiras fantasiosas porquê não conseguiram as assinaturas.",1,0,5,https://twitter.com/andrefernm/status/1648093303202631681
BOVID-22 /,@Colorado1007,https://twitter.com/Colorado1007/status/1648632006157254657,2023-04-19T10:17:55.000Z,"Invadiram o Congresso,  isso sim, não são diferentes dos terr0r1stas do dia 8, a única diferença é que não quebraram nada, não são Deputados, só  im bando d arruace1ros caça likes..",0,0,0,https://twitter.com/andrefernm/status/1648093303202631681
BOVID-22 /,@Colorado1007,https://twitter.com/Colorado1007/status/1648635634171387905,2023-04-19T10:32:20.000Z,"Q verg0nha,  um bando de caça likes, arruace1ros",0,0,0,https://twitter.com/andrefernm/status/1648093303202631681
