nome,usuario,idTweet,dataPublicacao,texto,replies,retweets,likes,tweetPai
Nilton Neves,@nilton200869,https://twitter.com/nilton200869/status/1648600456732524544,2023-04-19T08:12:33.000Z,Pra que serve a palavra prevaricação???,0,0,0,https://twitter.com/cabogilberto/status/1648486734949404672
Rê Diniz .Adv,@dinizacessorios,https://twitter.com/dinizacessorios/status/1648564028203991043,2023-04-19T05:47:47.000Z,APOIADO!,0,0,0,https://twitter.com/cabogilberto/status/1648486734949404672
Robson Mendes,@robsonmuga,https://twitter.com/robsonmuga/status/1648493645564362754,2023-04-19T01:08:07.000Z,👏👏👏👏,0,0,0,https://twitter.com/cabogilberto/status/1648486734949404672
Rodrigo,@rodrigosrp4,https://twitter.com/rodrigosrp4/status/1648490471206031362,2023-04-19T00:55:30.000Z,"Deveriam dar ordem de prisão por Prevaricação isso sim!

Mas façam o melhor pra combater esses anti democráticos!",0,2,16,https://twitter.com/cabogilberto/status/1648486734949404672
kita tia do zap,@TiaBonoro,https://twitter.com/TiaBonoro/status/1648563778622050305,2023-04-19T05:46:48.000Z,👏👏👏👏,0,0,0,https://twitter.com/cabogilberto/status/1648486734949404672
Anne,@Eliane28963214,https://twitter.com/Eliane28963214/status/1648493004641144832,2023-04-19T01:05:34.000Z,Ação e Pressão é o que maioria do povo brasileiro espera do Congresso para que restabelecer sua força e moralizar nosso País!,0,0,2,https://twitter.com/cabogilberto/status/1648486734949404672
Henrique,@Henriqu76418055,https://twitter.com/Henriqu76418055/status/1648491626929741826,2023-04-19T01:00:06.000Z,Parabéns deputado!,0,0,0,https://twitter.com/cabogilberto/status/1648486734949404672
Ricardo marinho,@Ricardojustos,https://twitter.com/Ricardojustos/status/1648515170178850816,2023-04-19T02:33:39.000Z,S.......T.........F  ....!    tá  pensando que já  não estão 3 passos a frente da oposição..Só tinha um caminho pra ter mudado isto todos abrindo mão dos mandatos eleitos  agora tenta resolver aí afinal foram eleitos  deeeemoooocraaaaticamente,0,0,0,https://twitter.com/cabogilberto/status/1648486734949404672
Pátria Amada Brasil,@RoboB17Reserva,https://twitter.com/RoboB17Reserva/status/1648502772399214594,2023-04-19T01:44:23.000Z,"É oq nós esperamos de vocês. Pacheco tem que aprender a respeitar o povo, vocês e o regimento. Se imponham.",0,0,1,https://twitter.com/cabogilberto/status/1648486734949404672
Michelli Cunha,@Michelli24,https://twitter.com/Michelli24/status/1648489200860397572,2023-04-19T00:50:27.000Z,"As coisas só vão funcionar se colocar pressão, se não eles vão fazer o que bem entendem!",0,0,0,https://twitter.com/cabogilberto/status/1648486734949404672
Clodoaldo Ferreira Nalia,@nalia_clodoaldo,https://twitter.com/nalia_clodoaldo/status/1648500978801594371,2023-04-19T01:37:15.000Z,Tem meu apoio Gilberto,0,0,0,https://twitter.com/cabogilberto/status/1648486734949404672
Marcos.M,@M01942650M,https://twitter.com/M01942650M/status/1648489479278309378,2023-04-19T00:51:33.000Z,👏👏👏,0,0,0,https://twitter.com/cabogilberto/status/1648486734949404672
eduardo@123,eduardo@123,https://twitter.com/eduardo25795846/status/1648498207130017793,2023-04-19T01:26:14.000Z,_ Palhaçada esse Pacheco. ele  Estão com medo da CPMI ... Uma verdadeira palhaçada .... tem que ir pra cima  Obstrução total!,0,0,0,https://twitter.com/cabogilberto/status/1648486734949404672
Marcia De Oliveira,@d39589981,https://twitter.com/d39589981/status/1648490998870470672,2023-04-19T00:57:36.000Z,Isso aí. Aprova nada até instaurar a CPMI d dia 8 de janeiro.  Porq tanto medo. Já deu na cara que governo atual tem culpa de tudo,0,0,0,https://twitter.com/cabogilberto/status/1648486734949404672
Rosa andrade,@RosaRosabdk,https://twitter.com/RosaRosabdk/status/1648494548212129793,2023-04-19T01:11:42.000Z,P cima deles💪💪💪,0,0,0,https://twitter.com/cabogilberto/status/1648486734949404672
Cone Prado,@PradoCone,https://twitter.com/PradoCone/status/1648544017066479618,2023-04-19T04:28:16.000Z,Apoiado!!,0,0,0,https://twitter.com/cabogilberto/status/1648486734949404672
chico casado,@casado_chico,https://twitter.com/casado_chico/status/1648707045799915520,2023-04-19T15:16:05.000Z,"Rasgou o regimento interno do senado e da câmara federal. 80 senadores e 513 deps .... humilhados chicoteados, amordaçados por um mineirinho.... desqualificado... antidemocrático.",0,0,1,https://twitter.com/cabogilberto/status/1648486734949404672
Beatriz Villela,@BeatrizVillela9,https://twitter.com/BeatrizVillela9/status/1648501046044684288,2023-04-19T01:37:31.000Z,Só amanhã?,0,0,0,https://twitter.com/cabogilberto/status/1648486734949404672
Gilmar Ribeiro,@GilmarR89934449,https://twitter.com/GilmarR89934449/status/1648497677028696064,2023-04-19T01:24:08.000Z,Nunca foi pelo Brasil e sim pelo interesse de vocês,0,0,1,https://twitter.com/cabogilberto/status/1648486734949404672
Silva,@sillva2022,https://twitter.com/sillva2022/status/1648490174702288900,2023-04-19T00:54:19.000Z,Como isso vai acontecer na prática?,0,0,0,https://twitter.com/cabogilberto/status/1648486734949404672
Erinaldo Barros,@ErinaldoBarros9,https://twitter.com/ErinaldoBarros9/status/1648621233800396800,2023-04-19T09:35:06.000Z,E o certo.,0,0,0,https://twitter.com/cabogilberto/status/1648486734949404672
Willi@mDVooo,Willi@mDVooo,https://twitter.com/wdevuono/status/1648681068545884166,2023-04-19T13:32:52.000Z,Que coincidência  ! O partido Nazista fazia a mesma coisa !,0,0,0,https://twitter.com/cabogilberto/status/1648486734949404672
VaiBrasil22,@brasil22_v,https://twitter.com/brasil22_v/status/1648534251099545602,2023-04-19T03:49:28.000Z,"Esperamos isso de vcs, pressão!! 
O povo não aguenta mais as manobras desse desgoverno e nem de Pacheco!!
Pacheco não tem palavra, não honra a cadeira onde ele está, vcs deveria colocá-lo para fora!!",0,0,0,https://twitter.com/cabogilberto/status/1648486734949404672
Alexandre Malhado,@bardomalhado,https://twitter.com/bardomalhado/status/1648575652574949376,2023-04-19T06:33:59.000Z,"Pouquíssimo. Isso é o que deveriam ter feito desde o primeiro dia de mandato.

Se continuarem assim primeiro viraremos Nicarágua e, depois, China.",0,0,0,https://twitter.com/cabogilberto/status/1648486734949404672
Marcelo,@MarceloSyka,https://twitter.com/MarceloSyka/status/1648764688291749909,2023-04-19T19:05:08.000Z,É assim que devem fazer!👏👏👏👏👏,0,0,0,https://twitter.com/cabogilberto/status/1648486734949404672
Viviane,@Viviane13956482,https://twitter.com/Viviane13956482/status/1648521272626921474,2023-04-19T02:57:54.000Z,Total apoio!,0,0,0,https://twitter.com/cabogilberto/status/1648486734949404672
Maria Do Carmo,@MariaDo05991766,https://twitter.com/MariaDo05991766/status/1648509676013916162,2023-04-19T02:11:49.000Z,Veja o que @EdRaposo_ escreveu sobre.,0,0,0,https://twitter.com/cabogilberto/status/1648486734949404672
EDmario Jobat,@edmariojobatpe,https://twitter.com/edmariojobatpe/status/1648616701016121345,2023-04-19T09:17:05.000Z,Sei. Já ourou ao sinhô Bolsonaro para orientar?,0,0,0,https://twitter.com/cabogilberto/status/1648486734949404672
wellington magno de,@LetoMagno,https://twitter.com/LetoMagno/status/1648516711480700931,2023-04-19T02:39:46.000Z,"Obstrui tudo, não passa nada",0,0,0,https://twitter.com/cabogilberto/status/1648486734949404672
Cibelle,@YagoEYanSimesd1,https://twitter.com/YagoEYanSimesd1/status/1648495305346945029,2023-04-19T01:14:43.000Z,"É isso mesmo olho por olho, dente por dente. Obstruir totalmente",0,0,0,https://twitter.com/cabogilberto/status/1648486734949404672
Larissa Suassuna,@LariSuassuna,https://twitter.com/LariSuassuna/status/1648535238883115008,2023-04-19T03:53:23.000Z,"Isso mesmo.
Tem que parar tudo.",0,0,0,https://twitter.com/cabogilberto/status/1648486734949404672
Pri_,@PrisAlmeida4,https://twitter.com/PrisAlmeida4/status/1648493921339867136,2023-04-19T01:09:13.000Z,"Avante, Deputado!",0,0,0,https://twitter.com/cabogilberto/status/1648486734949404672
MOA,@moapassos,https://twitter.com/moapassos/status/1648496663307378691,2023-04-19T01:20:06.000Z,Obstrução total,0,0,0,https://twitter.com/cabogilberto/status/1648486734949404672
Mudança Código Penal,@wpedroni04,https://twitter.com/wpedroni04/status/1648490363425001476,2023-04-19T00:55:04.000Z,Isso aí @cabogilberto faça por onde,0,0,0,https://twitter.com/cabogilberto/status/1648486734949404672
"Telma Freire. PATRIOTA Família. liberdade,",@TelmaFreire12,https://twitter.com/TelmaFreire12/status/1648488721996722176,2023-04-19T00:48:33.000Z,"Alguma coisa tem que ser feita, não pode uma pessoa que É capacho destruir uma nação. Esse sujeito nem era para estar aí a muito tempo",0,0,1,https://twitter.com/cabogilberto/status/1648486734949404672
marcelo luna,@marcelo42198677,https://twitter.com/marcelo42198677/status/1648489836314259457,2023-04-19T00:52:59.000Z,Parabéns.,0,0,1,https://twitter.com/cabogilberto/status/1648486734949404672
Fatima,@FatimaBene45,https://twitter.com/FatimaBene45/status/1648509187461361666,2023-04-19T02:09:52.000Z,👏👏👏,0,0,0,https://twitter.com/cabogilberto/status/1648486734949404672
Fredson Gomes,@fredsongn,https://twitter.com/fredsongn/status/1648613229642350593,2023-04-19T09:03:18.000Z,#PachecoVergonhaNacional #PachecoNaCadeia #CPMI08DEJANEIROJÁ,0,0,0,https://twitter.com/cabogilberto/status/1648486734949404672
NeuLonCan,@nflcancian,https://twitter.com/nflcancian/status/1648489714360684544,2023-04-19T00:52:30.000Z,"👏👏👏 é revoltante ver as manobras do Pacheco e o desrespeito com os parlamentares que estão lutando por transparência e que a justiça seja feita, doa a quem doer. #CPMIdo08deJaneiroJa",0,0,0,https://twitter.com/cabogilberto/status/1648486734949404672
Clara Santos,@SantosClara14,https://twitter.com/SantosClara14/status/1648489618223005825,2023-04-19T00:52:07.000Z,A esquerda SEMPRE fez isso! Agora chegou a vez de ser vidraça! Não permitam passar NADA !,0,0,0,https://twitter.com/cabogilberto/status/1648486734949404672
Marcio Sá,@SaS82155983,https://twitter.com/SaS82155983/status/1648493164414787584,2023-04-19T01:06:12.000Z,Parabéns deputado,0,0,0,https://twitter.com/cabogilberto/status/1648486734949404672
-------,@A____2704,https://twitter.com/A____2704/status/1648492201884921859,2023-04-19T01:02:23.000Z,"Boa 🇧🇷🇧🇷 que a oposição faça a obturação de pauta até que Pacheco faça a abertura da CPMI.
 #CPMIdo08deJaneiroJá",0,0,0,https://twitter.com/cabogilberto/status/1648486734949404672
UthantPim,@UthantP,https://twitter.com/UthantP/status/1648496379936006144,2023-04-19T01:18:59.000Z,🇧🇷-BRASIL ACIMA TODOS-🇧🇷🇧🇷🇧🇷-B O L S O N A R O-🇧🇷🇧🇷🇧🇷-DEUS ACIMA DE TUDO-🇧🇷,0,0,0,https://twitter.com/cabogilberto/status/1648486734949404672
UthantPim,@UthantP,https://twitter.com/UthantP/status/1648496395870150656,2023-04-19T01:19:03.000Z,👉E  O  VOTO  IMPRESSO  AUDITAVEL  NA  URNA  ELETRÔNICA❓JA  CAIU  NO  ESQUECIMENTO❓,0,0,0,https://twitter.com/cabogilberto/status/1648486734949404672
Henrique,@Henriqu76418055,https://twitter.com/Henriqu76418055/status/1648488549740863488,2023-04-19T00:47:52.000Z,Deputados e Senadores ter que parar o CN até que a CPMI seja instalada.@andrefernm @GayerGus @BolsonaroSP @EdRaposo_ @nikolas_dm @FlavioBolsonaro @rodrigopacheco @ArthurLira_,0,0,1,https://twitter.com/cabogilberto/status/1648486734949404672
Nancy Cardoso,@NancyCa57293784,https://twitter.com/NancyCa57293784/status/1648492324459253760,2023-04-19T01:02:52.000Z,Tem que cassar esse Prevaricador.,0,0,0,https://twitter.com/cabogilberto/status/1648486734949404672
Guilherme Orlandini,@g_orlandini,https://twitter.com/g_orlandini/status/1648487481829122051,2023-04-19T00:43:37.000Z,"boa!!!!
Amigos, essa CPMI muito provavelmente tem o potencial de derrubar o governo, dada a resistência homérica que estão impondo  Então, NÃO SERÁ ASSIM TÃO FÁCIL!!!! NÃO DESISTAMOS!!!!!",0,0,4,https://twitter.com/cabogilberto/status/1648486734949404672
Produto da Mente,@PelizzaVilmar,https://twitter.com/PelizzaVilmar/status/1648755732265697281,2023-04-19T18:29:33.000Z,"vá trabalhar seu mamador de piroca, marmita de miliciano!",0,0,0,https://twitter.com/cabogilberto/status/1648486734949404672
#Cpmide08dejaneiroJá #cpmi08dejaneiro2023 #,@CCConservador,https://twitter.com/CCConservador/status/1648492706304520192,2023-04-19T01:04:23.000Z,#ReformaPolitica #ReformaEleitoral                                 1-ELEIÇÃO - Votos auditáveis (com recibo da impressão) 2- STF - Candidato deve ser juíz de carreira. Duração:8 anos 3- CONGRESSO-Fim do voto secreto. 4-recall após eleições 5-fim do quociente eleitoral,0,0,1,https://twitter.com/cabogilberto/status/1648486734949404672
#Cpmide08dejaneiroJá #cpmi08dejaneiro2023 #,@CCConservador,https://twitter.com/CCConservador/status/1648492857697927168,2023-04-19T01:04:59.000Z,Quando políticos serão processados por prevaricação?  “ os atrasadores da CPMI”#Cpmide08dejaneiroJá  #cpmi08dejaneiro2023 #cpmi08janeiro2023,0,0,0,https://twitter.com/cabogilberto/status/1648486734949404672
