nome,usuario,idTweet,dataPublicacao,texto,replies,retweets,likes,tweetPai
Tumulto BR,@TumultoBR,https://twitter.com/TumultoBR/status/1650695499408633858,2023-04-25T02:57:30.000Z,E aí nobre deputado. Vai enterrar tua carreira política? PL 2630 NÃO,0,3,14,https://twitter.com/Alceu_Moreira/status/1648761028656652333
Adriana Lima,@AdrianaBRFLima,https://twitter.com/AdrianaBRFLima/status/1650665392329687040,2023-04-25T00:57:52.000Z,"Deputado, não queremos censura.
Por gentileza, vote NÃO!",0,0,3,https://twitter.com/Alceu_Moreira/status/1648761028656652333
Rivi Eler,@rivieler,https://twitter.com/rivieler/status/1650592580931821582,2023-04-24T20:08:32.000Z,"Deputado vote Não contra a censura no Brasil.
PL 2630",0,0,2,https://twitter.com/Alceu_Moreira/status/1648761028656652333
Marco Missel,@mamissel,https://twitter.com/mamissel/status/1650867777312268290,2023-04-25T14:22:04.000Z,"Bom dia deputado! O povo gaúcho aguarda o seu posicionamento pelo “Não”, no PL2630, projeto da censura.",0,0,0,https://twitter.com/Alceu_Moreira/status/1648761028656652333
Miguel Arcanjo 2,@2_arcanjo,https://twitter.com/2_arcanjo/status/1650843130457931777,2023-04-25T12:44:08.000Z,Censura não censura jamais,0,0,0,https://twitter.com/Alceu_Moreira/status/1648761028656652333
BRASILPOLÍTICA,@_brasilpolitica,https://twitter.com/_brasilpolitica/status/1650799446148431872,2023-04-25T09:50:32.000Z,Não a PL 2630,0,0,0,https://twitter.com/Alceu_Moreira/status/1648761028656652333
Wagner Benedeti,@WagnerBenedeti,https://twitter.com/WagnerBenedeti/status/1650885180985417728,2023-04-25T15:31:13.000Z,Deputado precisamos que o senhor vote NÃO a PL da Censura,0,0,0,https://twitter.com/Alceu_Moreira/status/1648761028656652333
Vitória,@AnglicaMar1,https://twitter.com/AnglicaMar1/status/1650761103763288064,2023-04-25T07:18:11.000Z,"Prezado Deputado Alceu Moreira,
Hoje haverá a votação do PL2630 e peço-lhe que vote NÃO.
Contamos com o seu voto CONTRA o PL2630.
Obrigada pela atenção.",0,0,0,https://twitter.com/Alceu_Moreira/status/1648761028656652333
Vandi Garlet,@VandiGarlet,https://twitter.com/VandiGarlet/status/1650867587725574147,2023-04-25T14:21:19.000Z,🚫 #PL2630Nao Estamos de olho,0,0,0,https://twitter.com/Alceu_Moreira/status/1648761028656652333
Daniella B,@daniella_s__,https://twitter.com/daniella_s__/status/1650745433344430080,2023-04-25T06:15:55.000Z,"Deputado, o PL 2630 é o fim do debate e do acesso à informação. POR FAVOR, vote NÃO! Certamente há formas de tornar a internet mais segura sem ferir a liberdade de expressão e de imprensa garantidas pela nossa CF.
Contamos com o sr! Obrigada.#PLdaCensuraNao#censuraNAO",0,0,0,https://twitter.com/Alceu_Moreira/status/1648761028656652333
Anderson Marcio Acosta Soares,@Anderso35758715,https://twitter.com/Anderso35758715/status/1650865007729709057,2023-04-25T14:11:04.000Z,"Bom dia deputado, contamos com o seu voto contra o PL2630, isso seria um retrocesso para o nosso país, peço a senhor que vote NÃO ao PL2630, censura NÃO.",0,0,0,https://twitter.com/Alceu_Moreira/status/1648761028656652333
Marceli Canuto,@CanutoMarceli,https://twitter.com/CanutoMarceli/status/1650858307647594497,2023-04-25T13:44:26.000Z,"Vota pela liberdade
Votar não ao PL 2630 significa apoiar a liberdade de expressão e de imprensa no Brasil.",0,0,0,https://twitter.com/Alceu_Moreira/status/1648761028656652333
Sandro Maciel,@SandroM58146210,https://twitter.com/SandroM58146210/status/1650646002389377024,2023-04-24T23:40:49.000Z,Votei em.ti tche e agora quero seu voto de não a pl da sensura,0,0,1,https://twitter.com/Alceu_Moreira/status/1648761028656652333
SL SL,@sl_654321,https://twitter.com/sl_654321/status/1650661431866449925,2023-04-25T00:42:07.000Z,VOTE NÃO A CENSURA,0,0,1,https://twitter.com/Alceu_Moreira/status/1648761028656652333
Rosely Marcon,@MarconRosely,https://twitter.com/MarconRosely/status/1650856929961312257,2023-04-25T13:38:58.000Z,"Sr. Alceu, por favor, seja contra a censura, é o unico meio de nós brasileiros termos uma interação. conto com seu posicionamento, para nos ajudar, obrigada.Deus te abençoe",0,0,0,https://twitter.com/Alceu_Moreira/status/1648761028656652333
Ivi Schinoff,@ivanadg2010,https://twitter.com/ivanadg2010/status/1650826777441312769,2023-04-25T11:39:09.000Z,Vote NAO pra censura. Estamos de olho !!!!!!!,0,0,0,https://twitter.com/Alceu_Moreira/status/1648761028656652333
Soumaria,@smchoh1,https://twitter.com/smchoh1/status/1650635352380436483,2023-04-24T22:58:29.000Z,"E a PL, já declarou seu voto? Estamos esperando.",0,0,1,https://twitter.com/Alceu_Moreira/status/1648761028656652333
Walter Henrique Bernardelli,@whbernardelli,https://twitter.com/whbernardelli/status/1650475579156692992,2023-04-24T12:23:37.000Z,"Vote contra a censura, vote contra o PL 2330.",0,0,1,https://twitter.com/Alceu_Moreira/status/1648761028656652333
sandra monteiro,@sandra171960,https://twitter.com/sandra171960/status/1650834975883767809,2023-04-25T12:11:43.000Z,Vote NÃO na PL 2630🙏👍,0,0,0,https://twitter.com/Alceu_Moreira/status/1648761028656652333
André Luis Fontana,@andrefontana4,https://twitter.com/andrefontana4/status/1650561605690589188,2023-04-24T18:05:27.000Z,"Boa tarde, espera.os que seu voto no PL 2630 seja NÃO. GRANDE ABRAÇO",0,0,3,https://twitter.com/Alceu_Moreira/status/1648761028656652333
Ro Bauer,@ROSANGE99396190,https://twitter.com/ROSANGE99396190/status/1650837818707435522,2023-04-25T12:23:01.000Z,#NaoPL2630 POR FAVOR VOTE NÃO AO PL2630,0,0,0,https://twitter.com/Alceu_Moreira/status/1648761028656652333
JKS88,@Jackson12993307,https://twitter.com/Jackson12993307/status/1650676378260389891,2023-04-25T01:41:31.000Z,"Deputado ""VOTE NÃO"" o PL 2630.",0,0,1,https://twitter.com/Alceu_Moreira/status/1648761028656652333
Guilherme Ferreira,@GuilhermeMF1976,https://twitter.com/GuilhermeMF1976/status/1650696423791263744,2023-04-25T03:01:10.000Z,E o Vai Votar Contra o PL das Fake News??? Assim Esperam os Gaúchos 🙏🙏🙏,0,0,3,https://twitter.com/Alceu_Moreira/status/1648761028656652333
Dile Martins,@DileMartins,https://twitter.com/DileMartins/status/1650704930221572097,2023-04-25T03:34:58.000Z,"Se o senhor é a favor da CPMI,  por razões lógicas,  o senhor deve ser a favor da liberdade e não da censura. Vote NÃO ao PL da censura",0,0,3,https://twitter.com/Alceu_Moreira/status/1648761028656652333
Apoio ao Senador Sergio Moro 2026 RS,@apoio_22,https://twitter.com/apoio_22/status/1650709099879833605,2023-04-25T03:51:32.000Z,Caro deputado sou sua eleitora moro em Osório RS. Sei que é um homem correto íntegro. Venho pedir que diga Não ao PL2630 é um absurdo quererem tirar nossa liberdade de expressão. Parabéns pelo seu trabalho 👏👏👏👏,0,0,1,https://twitter.com/Alceu_Moreira/status/1648761028656652333
José Roberto Garib,@jrgarib,https://twitter.com/jrgarib/status/1650692311146287105,2023-04-25T02:44:50.000Z,"PL2630,Não!#PLdasFakeNewsNÃO",0,0,2,https://twitter.com/Alceu_Moreira/status/1648761028656652333
Karin Becker,@KarinFBecker24,https://twitter.com/KarinFBecker24/status/1650582923785936898,2023-04-24T19:30:10.000Z,"Estamos acompanhando o seu voto e lhe pedimos, VOTE NÃO para a LEI DA CENSURA PL 2630.  Esta PL é ditadura da mordaça.  Com esta PL teríamos engolido o dia 8 de Janeiro sem saber o que de fato ocorreu. Censura NÃO. PL 2630 Não.",0,0,1,https://twitter.com/Alceu_Moreira/status/1648761028656652333
Moa,@MoaraFernandes2,https://twitter.com/MoaraFernandes2/status/1650590777901236230,2023-04-24T20:01:22.000Z,"Deputado  vote Não  a PL da censura, estamos de olho, acompanhando seu voto.",0,0,2,https://twitter.com/Alceu_Moreira/status/1648761028656652333
Marijane Grando,@mariexpresso,https://twitter.com/mariexpresso/status/1648812248490471425,2023-04-19T22:14:08.000Z,É isso aí..,0,0,0,https://twitter.com/Alceu_Moreira/status/1648761028656652333
Camile,@milebier,https://twitter.com/milebier/status/1649560665839763459,2023-04-21T23:48:04.000Z,Boa noite deputado! Vote NAO PL2630/20,0,0,1,https://twitter.com/Alceu_Moreira/status/1648761028656652333
debora vieira,@deboraxwinter,https://twitter.com/deboraxwinter/status/1650821276120784896,2023-04-25T11:17:17.000Z,estamos atentos ao seu voto contra o pl da censura deputado...não esqueceremos...,0,0,0,https://twitter.com/Alceu_Moreira/status/1648761028656652333
Cleuza B. Baptista Silva,@beatrizcleuza1,https://twitter.com/beatrizcleuza1/status/1648779541467242498,2023-04-19T20:04:10.000Z,"#censuranão, deputado!",0,0,1,https://twitter.com/Alceu_Moreira/status/1648761028656652333
Fabiana Maria SDV,@Fabianamariams,https://twitter.com/Fabianamariams/status/1650686291158130688,2023-04-25T02:20:54.000Z,Não vote contra o povo#PLdaCensuraNao,0,1,5,https://twitter.com/Alceu_Moreira/status/1648761028656652333
Helena,@Helena15757638,https://twitter.com/Helena15757638/status/1650855255301672961,2023-04-25T13:32:18.000Z,Que vote contra a censura pois senão perderá nosso voto e apoio!!! # PL 2630 NÃO,1,0,0,https://twitter.com/Alceu_Moreira/status/1648761028656652333
Reinaldo Antonio Castro,@Reinald20854886,https://twitter.com/Reinald20854886/status/1650866554748170240,2023-04-25T14:17:12.000Z,Deputado: liberdade de expressao e democracia. vote  NAO ao PL restritivo por favor..,0,0,0,https://twitter.com/Alceu_Moreira/status/1648761028656652333
Cezar Luiz Alves,@CezarLuizAlves1,https://twitter.com/CezarLuizAlves1/status/1650802125352386563,2023-04-25T10:01:11.000Z,"Cpmi importantissima, mas não esqueça de votar contra a pl da censura, da liberdade de expressão. Quem não deve não teme.",0,0,0,https://twitter.com/Alceu_Moreira/status/1648761028656652333
Saraiva 009.'.,@009Saraiva,https://twitter.com/009Saraiva/status/1650898107532443649,2023-04-25T16:22:35.000Z,Bando de canalhas. Tem gente inocente presa. 🤬,0,0,0,https://twitter.com/Alceu_Moreira/status/1648761028656652333
Adiles Soares,@SoaresAdiles,https://twitter.com/SoaresAdiles/status/1650663892220010499,2023-04-25T00:51:54.000Z,"Aguardando sua posição sobre o PL 2630. HONRE O INO DE SUA TERRA DEPUTADO.
Mas não basta, pra ser livre
Ser forte, aguerrido e bravo
Povo que não tem virtude
Acaba por ser escravo",0,0,1,https://twitter.com/Alceu_Moreira/status/1648761028656652333
PobreBrasil,@VandreRosul,https://twitter.com/VandreRosul/status/1650686057728335872,2023-04-25T02:19:59.000Z,Legalização da Censura: NÃO!!!,0,0,1,https://twitter.com/Alceu_Moreira/status/1648761028656652333
Samoro,@SamuelConceiod1,https://twitter.com/SamuelConceiod1/status/1650850234346491904,2023-04-25T13:12:21.000Z,"Bom dia deputado, o povo gaúcho gostaria de saber qual é a sua posição em relação a PL da censura... ? não queremos ser calados pelo governo comunista do PT...",0,0,0,https://twitter.com/Alceu_Moreira/status/1648761028656652333
+1brasileira,@mais1brasileir4,https://twitter.com/mais1brasileir4/status/1650714528873693189,2023-04-25T04:13:07.000Z,"Oi Alceu, tudo bem?
Venho respeitosamente pedir q VOTE NÃO à PL 2630!
O senhor ainda n se manifestou sobre o NOSSO BRASIL TER A MESMA CENSURA DA CHINA.
Por favor, n deixe q o partido comunista CALE A VOZ DO POVO!
Se n tivéssemos liberdade, n teríamos votado no senhor!",0,0,0,https://twitter.com/Alceu_Moreira/status/1648761028656652333
Cacio Teixeira,@CACIOTEIXEIRA,https://twitter.com/CACIOTEIXEIRA/status/1650685263046234112,2023-04-25T02:16:49.000Z,"Boa Noite Deputado! Gostaria de contar com seu apoio para barrar a tramitação do PL2630, não toleramos a censura, precisamos de um Brasil livre, nossa legislação já prevê danos morais e outras modalidades para proteger nossas relações sociais, não precisamos da volta da censura.",0,0,0,https://twitter.com/Alceu_Moreira/status/1648761028656652333
Renato Lopes,@Martinsoffic,https://twitter.com/Martinsoffic/status/1650629026052993025,2023-04-24T22:33:21.000Z,Olá boa noite nós o povo brasileiro pedimos que o Sr vote  NÃO amanhã na PL da censura . Sua família e todos nós perderemos nossa liberdade!! Por favor vote NÃO a PL da censura,0,0,0,https://twitter.com/Alceu_Moreira/status/1648761028656652333
Antonia Nogueira,@Antonia2862748,https://twitter.com/Antonia2862748/status/1650688753323655169,2023-04-25T02:30:41.000Z,"Não queremos censura no Brasil. 
Não à CENSURA JÁ!",0,0,1,https://twitter.com/Alceu_Moreira/status/1648761028656652333
Álvaro Albuquerque,@AlbuquerqueJAMA,https://twitter.com/AlbuquerqueJAMA/status/1650689014259761153,2023-04-25T02:31:43.000Z,Votar sim ao PL 2630 significa apoiar a censura e o fim liberdade de expressão e de imprensa no Brasil. É IMPORTANDE REFLETIR MELHOR SOBRE OS IMPACTOS NEGATIVOS INERENTES A ESSA PL. PARE REFLITA E PENSE NAS PESSOAS QUE ACREDITAM EM VOCÊ,0,1,3,https://twitter.com/Alceu_Moreira/status/1648761028656652333
Família Suterio,@FamiliaSuterio,https://twitter.com/FamiliaSuterio/status/1650724622789226498,2023-04-25T04:53:13.000Z,"excelentíssimo e nobre deputado, alguém de vossa envergadura não pode apoiar o PL 2630, pois sabemos tratar-se de oficializar a censura no Brasil, um retrocesso democrático.",0,0,0,https://twitter.com/Alceu_Moreira/status/1648761028656652333
GAMa,@maftoso,https://twitter.com/maftoso/status/1650747667004153860,2023-04-25T06:24:47.000Z,"Prezado deputado, não seja conivente com a violação da liberdade de expressão e DIGA NÃO AO PROJETO DE LEI 2630 (PL DA CENSURA). #CensuraNao",0,0,0,https://twitter.com/Alceu_Moreira/status/1648761028656652333
vaneza,@vaneza63054418,https://twitter.com/vaneza63054418/status/1650691670957076480,2023-04-25T02:42:17.000Z,Alô deputado (a) precisamos de seu voto e apoio a NÃO apoiar a lei PL2630 legalização da censura. Vamos salvar nossa liberdade de expressão. Não é o momento de ficarmos em cima do muro. Contamos com seu voto e posicionamento.,0,0,1,https://twitter.com/Alceu_Moreira/status/1648761028656652333
João Luiz Brando,@joaoluizmbrando,https://twitter.com/joaoluizmbrando/status/1650647686549258241,2023-04-24T23:47:30.000Z,"Estamos de olho no que estão querendo transformar o Brasil e na postura dos parlamentares nesse momento tão delicado.
Esperamos não nos decepcionar com o Senhor.#PLdaCensuraNaoAs próximas eleições estão chegando e iremos eleger aqueles que estão do lado do Povo de bem.",0,0,1,https://twitter.com/Alceu_Moreira/status/1648761028656652333
Roberta Duarte,@Roberta17duarte,https://twitter.com/Roberta17duarte/status/1650552080883494931,2023-04-24T17:27:36.000Z,"Deputado, contamos com o Sr. para VOTAR CONTRA o PL da CESURA, 2630. E a favor da CPI do Abuso de Autoridade, encabeçado pelo Deputado Marcel Van Hattem do NOVO. #PL2630não",0,0,0,https://twitter.com/Alceu_Moreira/status/1648761028656652333
lara nuevo,@laranuevo2,https://twitter.com/laranuevo2/status/1650522793551749124,2023-04-24T15:31:13.000Z,"Nobre deputado, estamos aguardando o seu voto contrário ao PL da censura. Não se esqueça que traidores da vontade popular não serão esquecidos e perdoados !",0,0,0,https://twitter.com/Alceu_Moreira/status/1648761028656652333
Ana,@AnaKostik2,https://twitter.com/AnaKostik2/status/1650653125571747844,2023-04-25T00:09:07.000Z,Censura não! O povo vai ficar de olho no seu voto. #PL2630NAO #PL2630NAO,0,0,0,https://twitter.com/Alceu_Moreira/status/1648761028656652333
Hosana _Had,@HosanaHad,https://twitter.com/HosanaHad/status/1650710650996379649,2023-04-25T03:57:42.000Z,"Pense bem …hoje a censura pode ser no vizinho , amanhã pode ser você ! 
VOTE NÃO 
VOTE NÃO 
VOTE NÃO",0,0,0,https://twitter.com/Alceu_Moreira/status/1648761028656652333
Alessio,@Alessio_Jr,https://twitter.com/Alessio_Jr/status/1650839119872884736,2023-04-25T12:28:11.000Z,"Parabéns pelo excelente trabalho, mas hoje quando for votar lembre em salvaguardar a liberdade do povo que o elegeu #PLdaCensura. Pense que isso irá impactar na sua família também. Tb queremos a CPMI de 08/01. #PL2630NAO #QueremosCPMI",0,0,1,https://twitter.com/Alceu_Moreira/status/1648761028656652333
