nome,usuario,idTweet,dataPublicacao,texto,replies,retweets,likes,tweetPai
Rê Diniz .Adv,@dinizacessorios,https://twitter.com/dinizacessorios/status/1648091790472278017,2023-04-17T22:31:17.000Z,"Não vou dar palco a Moro, ele vai terminar saindo como mártire e o povo esquecendo o destroço que fez no governo do presidente Bolsonaro! Tô foçada na cpmi e quero saber q reunião emergencial é essa de Pacheco",0,0,1,https://twitter.com/cabogilberto/status/1648070991782748162
Blue bird News,@endireitataboo,https://twitter.com/endireitataboo/status/1648072717202063363,2023-04-17T21:15:30.000Z,"traduzindo : Não vou sossegar ,enquanto não phuder esse tal Sérgio moro.",0,0,1,https://twitter.com/cabogilberto/status/1648070991782748162
,@BethBrasil2022,https://twitter.com/BethBrasil2022/status/1648088703892434944,2023-04-17T22:19:01.000Z,É amanhã! Por ISSO o desespero.,0,1,1,https://twitter.com/cabogilberto/status/1648070991782748162
MEU PARTIDO É O BRASIL #CENSOREDBR,@Patriotajbbr,https://twitter.com/Patriotajbbr/status/1648075701268934661,2023-04-17T21:27:21.000Z,"Daniel Silveira que o diga... Espero que não deixem acontecer de novo, independente de ser Sérgio Moro ou quem quer que seja.",0,0,1,https://twitter.com/cabogilberto/status/1648070991782748162
Leandro Farias a tinta da caneta e azul .,@LeandroFariasM,https://twitter.com/LeandroFariasM/status/1648097508533366790,2023-04-17T22:54:00.000Z,"Cajuru foi bem mais incisivo , quando falou do Gilmar Mendes … vai perder o mandato tbm ? Ou é só perseguição com o Moro ?",0,0,1,https://twitter.com/cabogilberto/status/1648070991782748162
RaulyBlä,@RaulianL,https://twitter.com/RaulianL/status/1648123922288635911,2023-04-18T00:38:58.000Z,#CPMI08DEJANEIROJÁ,0,0,1,https://twitter.com/cabogilberto/status/1648070991782748162
Jurema da Silva,@DalianeDeOlive3,https://twitter.com/DalianeDeOlive3/status/1648074559315165191,2023-04-17T21:22:49.000Z,tirar o foco da cpi,1,0,1,https://twitter.com/cabogilberto/status/1648070991782748162
yarami,@yarami1468,https://twitter.com/yarami1468/status/1648093272160493569,2023-04-17T22:37:10.000Z,"PGR deveria se preocupar com outras prisões dentro desse desgoverno,  não há motivos pra prisão de Moro.",0,0,1,https://twitter.com/cabogilberto/status/1648070991782748162
Clendson Rodrigues Barreto,@ClendsonB84571,https://twitter.com/ClendsonB84571/status/1648211168811446272,2023-04-18T06:25:39.000Z,Moro sempre foi político... Quem conversa demais dá bom dia a poste.,0,0,0,https://twitter.com/cabogilberto/status/1648070991782748162
Zenda Simoes,@zenda_simoes,https://twitter.com/zenda_simoes/status/1648072931975520256,2023-04-17T21:16:21.000Z,https://metropoles.com/brasil/politica-brasil/barroso-diz-que-gabinetes-no-stf-distribuem-senha-para-soltar-corrupto… O @LRobertoBarroso vai ser preso tb?,1,4,6,https://twitter.com/cabogilberto/status/1648070991782748162
orgulho de ser nordestino,@AnailsonMelo2,https://twitter.com/AnailsonMelo2/status/1648123474366418944,2023-04-18T00:37:11.000Z,"Justo
Muito justo
Justíssimo",0,0,0,https://twitter.com/cabogilberto/status/1648070991782748162
honestamentebb,@honestamentebb,https://twitter.com/honestamentebb/status/1648169061480529922,2023-04-18T03:38:20.000Z,É o poste mijando no cachorro.,0,0,0,https://twitter.com/cabogilberto/status/1648070991782748162
Rose C Santos,@RoseCSantos,https://twitter.com/RoseCSantos/status/1649033425616093188,2023-04-20T12:53:00.000Z,E o cara q estava oferecendo água p os q quebraram o palácio.... não vai preso? Palavras tem mais força do que o ato?,0,0,0,https://twitter.com/cabogilberto/status/1648070991782748162
Fabio Vaz,@fabiovaz2202,https://twitter.com/fabiovaz2202/status/1648109858070093826,2023-04-17T23:43:05.000Z,Tem mais coisas....ele mesmo sabe.,0,0,1,https://twitter.com/cabogilberto/status/1648070991782748162
marco 辻口,@TsujiguchiMarco,https://twitter.com/TsujiguchiMarco/status/1648081502800953345,2023-04-17T21:50:24.000Z,Errado ele não tá,0,0,1,https://twitter.com/cabogilberto/status/1648070991782748162
Ghusmão,@Clenio68726755,https://twitter.com/Clenio68726755/status/1648073053522280448,2023-04-17T21:16:50.000Z,"Coitados dos estudantes de direito da atualidade que não sabem se estudam direito ou esquerdo, enfim onde e como aplicar o ordenamento jurídico.",1,0,0,https://twitter.com/cabogilberto/status/1648070991782748162
Maria Salete Possoli Fabris,@MariaPossoli,https://twitter.com/MariaPossoli/status/1648075542850093056,2023-04-17T21:26:43.000Z,Enquanto isso o larápio está solto e virou presidente né,0,0,2,https://twitter.com/cabogilberto/status/1648070991782748162
Pedro Guimaraes,@parapedro1962,https://twitter.com/parapedro1962/status/1648317265392140292,2023-04-18T13:27:14.000Z,Congresso e forças armadas vergonhas nacional,0,0,0,https://twitter.com/cabogilberto/status/1648070991782748162
Milton Moraes,@MiltonM25637068,https://twitter.com/MiltonM25637068/status/1648825809405353984,2023-04-19T23:08:01.000Z,"Faça como o capetão Bolsonaro, candidate-se a Presidente da República.",0,0,0,https://twitter.com/cabogilberto/status/1648070991782748162
Euzenil,@Euzenil1,https://twitter.com/Euzenil1/status/1648132359076626439,2023-04-18T01:12:29.000Z,#BrasilComMoro,0,1,1,https://twitter.com/cabogilberto/status/1648070991782748162
antonio cesar feres,@FeresCesar,https://twitter.com/FeresCesar/status/1648283400409628672,2023-04-18T11:12:40.000Z,SÉRGIO FERNANDO MORO NA CADEIA.,0,0,0,https://twitter.com/cabogilberto/status/1648070991782748162
IVANCACIQUE5,@ivancacique5,https://twitter.com/ivancacique5/status/1648073626627842049,2023-04-17T21:19:06.000Z,"É o fim, Sergio Cabral 400 anos de prisão e solto, Eike solto, Barata Filho Solto, Pesão solto, @LulaOficial  solto e o bandido é o @SF_Moro , a @MPF_PGR e @STF_oficial são puxadinhos do escritório do @LulaOficial , está muito imundo, a quem recorrer quando a justiça apodrece ?",0,0,0,https://twitter.com/cabogilberto/status/1648070991782748162
Amaral_vlademir,@amaral_vla38551,https://twitter.com/amaral_vla38551/status/1648080910539976704,2023-04-17T21:48:03.000Z,Vão prender o Jorge kajuru também ??,0,0,0,https://twitter.com/cabogilberto/status/1648070991782748162
Daniel,@Danield57859597,https://twitter.com/Danield57859597/status/1648184513191706625,2023-04-18T04:39:44.000Z,"CHEGA SER BIZARRO,E LADRÃ00 ASSALTOU O BRASIL ESTÁ,QUE JUSTIÇA É ESSA",0,0,0,https://twitter.com/cabogilberto/status/1648070991782748162
Clecivaldo Raimundo,@ClecivaldoS,https://twitter.com/ClecivaldoS/status/1648074095634927618,2023-04-17T21:20:58.000Z,PGR vai pedir a prisão desse tbm ?,0,1,2,https://twitter.com/cabogilberto/status/1648070991782748162
chico casado,@casado_chico,https://twitter.com/casado_chico/status/1648246918332534785,2023-04-18T08:47:42.000Z,"As pérolas da corte suprema:
 Perguntado Gilmar Mendes,no EUA se o crime no Brasil, compensa. Responde:
- Não sei!
Ministro Barroso e suas pérolas:
- Eleição não se ganha, tomasse.
Perdeu mané não amola....
Por onde andava a PGR ?!",0,0,0,https://twitter.com/cabogilberto/status/1648070991782748162
Gustavo Castro,@Gusenglishcoach,https://twitter.com/Gusenglishcoach/status/1648119764135321605,2023-04-18T00:22:27.000Z,"Deputags baixo clero e sem pautas utilizando as RS para destilar seu amor incontrolável ao mito fake-conservador, ladrão de joias, chefe de rachadinha e que lambe coturnos sujos, que flerta c golpe d estado, e que e burrinho pra danado... 😂😂😂",0,0,0,https://twitter.com/cabogilberto/status/1648070991782748162
Lindomar Gomes Lopes,@LindomarGomesL3,https://twitter.com/LindomarGomesL3/status/1648096153437630466,2023-04-17T22:48:37.000Z,"Para de mimimi, canalha.",0,0,0,https://twitter.com/cabogilberto/status/1648070991782748162
Monemazza,@monemazza,https://twitter.com/monemazza/status/1648071849610293251,2023-04-17T21:12:03.000Z,É o poste mij4nd0 no cachorro! Brasil não é para amadores,0,0,0,https://twitter.com/cabogilberto/status/1648070991782748162
JEFF,@JEFFERS32513617,https://twitter.com/JEFFERS32513617/status/1648104951917289475,2023-04-17T23:23:35.000Z,O vídeo está editado,0,0,0,https://twitter.com/cabogilberto/status/1648070991782748162
Agenor Junior ,@afj_junior,https://twitter.com/afj_junior/status/1648081840937267201,2023-04-17T21:51:45.000Z,O erro do @SF_Moro foi trair o @jairbolsonaro,0,0,0,https://twitter.com/cabogilberto/status/1648070991782748162
Ailtontexas55,@JoseAiltonAire1,https://twitter.com/JoseAiltonAire1/status/1648110252166987777,2023-04-17T23:44:39.000Z,"Vai trabalhar vagabundo, babaca",0,0,0,https://twitter.com/cabogilberto/status/1648070991782748162
Docente Adevaldo R. L.,@LAdevaldo,https://twitter.com/LAdevaldo/status/1648716410959409153,2023-04-19T15:53:18.000Z,"e é SEU PRESIDENTE, E SOLTO, QUEM SOLTOU? ELE CUMPRIU A PRISÃO, O 1/3 PRESO, DAÍ GANHOU A LIBERDADE. Não foi solto, cumpriu",0,0,0,https://twitter.com/cabogilberto/status/1648070991782748162
Gilberto Cardoso,@Gilbert47086958,https://twitter.com/Gilbert47086958/status/1648261340904017921,2023-04-18T09:45:01.000Z,@gilmarmendes desonra para a suprema Corte,0,0,0,https://twitter.com/cabogilberto/status/1648070991782748162
Tangamandapiano,@shuriknevsky,https://twitter.com/shuriknevsky/status/1648073514715324417,2023-04-17T21:18:40.000Z,"Ladrões soltos (alguns no comando da nação)
Bens de traficantes devolvidos
Juíz preso

A justiça brasileira é uma meretriz",0,0,0,https://twitter.com/cabogilberto/status/1648070991782748162
Caiuby Albano Júnior,@CaiubyJ,https://twitter.com/CaiubyJ/status/1648076515328892928,2023-04-17T21:30:35.000Z,"Quando um aveludado diz que eleição não se ganha, se toma, da mesma maneira, a pêgêérre se CALA.
Ridículos!",0,0,0,https://twitter.com/cabogilberto/status/1648070991782748162
TODO MAL EMANA DO STF,@Pane_Tone77,https://twitter.com/Pane_Tone77/status/1648073369709887491,2023-04-17T21:18:05.000Z,"Moro vai perder o mandato, 

e as frouxas armadas vao lamber as bolas do gilmar mentes.",0,0,0,https://twitter.com/cabogilberto/status/1648070991782748162
Ricardo Ramos,@somar_odracir,https://twitter.com/somar_odracir/status/1648075098958581766,2023-04-17T21:24:58.000Z,"1o o Moro!

Depois o Bozo!

Enquanto isso, o Gado chora!",1,0,0,https://twitter.com/cabogilberto/status/1648070991782748162
Graci Grecco,@GracieliGrecco,https://twitter.com/GracieliGrecco/status/1648091830540460033,2023-04-17T22:31:27.000Z,"Mas para um ser punido, não pode o outro estar livre ? Qd vão parar de comparar?",0,0,0,https://twitter.com/cabogilberto/status/1648070991782748162
Lene Paixão,@LenePaixao1,https://twitter.com/LenePaixao1/status/1648115209549103106,2023-04-18T00:04:21.000Z,#CPMI08DEJANEIROJÁ,0,0,1,https://twitter.com/cabogilberto/status/1648070991782748162
Ana Lula da Silva Xavier,@AnaXavier98,https://twitter.com/AnaXavier98/status/1648113349152980996,2023-04-17T23:56:57.000Z,ISSO É SURREAL,0,0,0,https://twitter.com/cabogilberto/status/1648070991782748162
