nome,usuario,idTweet,dataPublicacao,texto,replies,retweets,likes,tweetPai
BUSTER GUNSLINGER,@BusterScruggs12,https://twitter.com/BusterScruggs12/status/1648707545958064129,2023-04-19T15:18:05.000Z,"Qual a novidade? Queria que o GSI saísse dando tiros em todo mundo? Se a PMDF não fez isso, por que o GSI faria?",11,3,93,https://twitter.com/cabogilberto/status/1648699669113892864
FRANCO,@rsf0000_franco,https://twitter.com/rsf0000_franco/status/1648704796730294274,2023-04-19T15:07:09.000Z,Esse cidadão de bem não irá depor??,1,0,0,https://twitter.com/cabogilberto/status/1648699669113892864
Respeita meu Axé/Respeito seu Amém,@alecunha209,https://twitter.com/alecunha209/status/1648708156740993028,2023-04-19T15:20:30.000Z,"Agora a nova , Patriotas Petistas kkkkkk",1,0,3,https://twitter.com/cabogilberto/status/1648699669113892864
Iraci Pereira,@IraciPe30702542,https://twitter.com/IraciPe30702542/status/1648702016112189445,2023-04-19T14:56:06.000Z,Pra cima dele  deputados,0,0,0,https://twitter.com/cabogilberto/status/1648699669113892864
Solange し⋃しᗩ 13,@SolangeFerrer,https://twitter.com/SolangeFerrer/status/1648726981414879242,2023-04-19T16:35:18.000Z,"quem eram os milicos la? se não são todos bolsonaristas, e claro q o tal ministro tambem é bolsonarista, por isso estava la, e lula não colocou sigilo em imagens la coisa nem uma",1,0,3,https://twitter.com/cabogilberto/status/1648699669113892864
Marx Simpsons - Nós derrotamos o pangaré maldito!,@MarxSimpsons,https://twitter.com/MarxSimpsons/status/1648712343931453442,2023-04-19T15:37:09.000Z,Foi por isso que o General Heleno não quis depor?,0,0,2,https://twitter.com/cabogilberto/status/1648699669113892864
chico casado,@casado_chico,https://twitter.com/casado_chico/status/1648718841474686977,2023-04-19T16:02:58.000Z,"Fechar pautas até abertura da cpmi.....já que o corporativismo, não irá levar ao CCJ do senado federal o Pacheco por prevaricação. Quebra de decoro parlamentar por rasgar o regimento interno das casas.",0,0,0,https://twitter.com/cabogilberto/status/1648699669113892864
Marcos Carvalho,@MarcosC79200726,https://twitter.com/MarcosC79200726/status/1648703325980831748,2023-04-19T15:01:18.000Z,Obstrução já!,0,0,0,https://twitter.com/cabogilberto/status/1648699669113892864
Gilcimar bahia bastos,@BahiaGilcimar,https://twitter.com/BahiaGilcimar/status/1648731186468999171,2023-04-19T16:52:01.000Z,General né  kkkkkkkk certamente bolsonarista de carteirinha,1,0,1,https://twitter.com/cabogilberto/status/1648699669113892864
Fernando,@FernandoPhysics,https://twitter.com/FernandoPhysics/status/1648716885393809408,2023-04-19T15:55:11.000Z,"Sim, claro, autogolpe com 8 dias de governo. Gênio!",0,0,3,https://twitter.com/cabogilberto/status/1648699669113892864
nina do pt,@ninadopt13,https://twitter.com/ninadopt13/status/1648723727754862594,2023-04-19T16:22:23.000Z,PF encontra ligação para Flávio Bolsonaro em devassa no celular de Anderson Torres | Revista Fórum,1,0,3,https://twitter.com/cabogilberto/status/1648699669113892864
Anderson Menezes,@Ander2menezes,https://twitter.com/Ander2menezes/status/1648752237152182275,2023-04-19T18:15:40.000Z,"Fala sério ! O senhor, é um dos deputados citados por Xandão? Que brevemente estará junto aos seus patriotas, na PAPUDA? E mesmo assim continua disseminando FAKE NEWS? 🤔",0,0,0,https://twitter.com/cabogilberto/status/1648699669113892864
Gilberto Miranda,@GaMirandafilho,https://twitter.com/GaMirandafilho/status/1648724013961576467,2023-04-19T16:23:31.000Z,Vagabundo deveria estar preso junto com o Dino,0,0,0,https://twitter.com/cabogilberto/status/1648699669113892864
Paula Paulino,@Paula_Paulino,https://twitter.com/Paula_Paulino/status/1648708955076538379,2023-04-19T15:23:41.000Z,"Só um sem cérebro pensa assim!
Liberar as imagens coloca em risco a pouca credibilidade da polícia e militares comandados por Bolsonaro há 4 anos!
A justiça investiga sem holofotes!
Vcs fazem baderna e mudam contextos!
O senhor acredita mesmo nas mentiras que fala?",0,1,0,https://twitter.com/cabogilberto/status/1648699669113892864
@nihil,@nihil,https://twitter.com/Kamisadeforca/status/1648734805369008129,2023-04-19T17:06:24.000Z,Explica isso aqui cabeça de ovo...,0,0,0,https://twitter.com/cabogilberto/status/1648699669113892864
Maria Lucia Coelho,@mlucoelho,https://twitter.com/mlucoelho/status/1648729524069179392,2023-04-19T16:45:25.000Z,Cadeia pra vocês.,0,0,0,https://twitter.com/cabogilberto/status/1648699669113892864
Paulino Tokuda.Brasil Consciente.#SOU BRASIL!!!,@TokudaPaulino,https://twitter.com/TokudaPaulino/status/1648720784289062912,2023-04-19T16:10:41.000Z,Vai se ferrar eu quero que a oposição bote para arrebentar!,0,0,0,https://twitter.com/cabogilberto/status/1648699669113892864
Ivone Emilião,@iemiliao,https://twitter.com/iemiliao/status/1648713607247478795,2023-04-19T15:42:10.000Z,Você é muito desonesto!,0,0,0,https://twitter.com/cabogilberto/status/1648699669113892864
escorpiana,@escorpi97638545,https://twitter.com/escorpi97638545/status/1648731258782875670,2023-04-19T16:52:18.000Z,Cuidado hem!!! Lembra da CPI da COVID? 🤣 vcs perderam e vamos trabalhar pelo Brasil! Tem remédio que o ex governo comprou que está apodrecendo em galpões! Foram 4 anos de negação da ciência e a população morrendo! Por isso não teve reeleição! 😉,0,0,0,https://twitter.com/cabogilberto/status/1648699669113892864
CLEBER C RUMBELSPERGER Filiado ao PT,@cleberadv,https://twitter.com/cleberadv/status/1649441073389772804,2023-04-21T15:52:51.000Z,"E aí? 

Tá rolando um papo de que vocês vão arregar com a CPMI DOS GOLPISTAS

É isso?

Não queriam CPMI DOS GOLPISTAS  ?

Preparem o rabo, porque lá vem rola!",0,0,0,https://twitter.com/cabogilberto/status/1648699669113892864
Moisés Nazareno,@moisesnazareno,https://twitter.com/moisesnazareno/status/1648725136197967873,2023-04-19T16:27:58.000Z,Esse GSI todinho foi indicado pelo General Heleno. Lula deveria meter um pé na bunda de todos,0,0,0,https://twitter.com/cabogilberto/status/1648699669113892864
