nome,usuario,idTweet,dataPublicacao,texto,replies,retweets,likes,tweetPai
Mordomia_SC,@MORDOMIA_SC,https://twitter.com/MORDOMIA_SC/status/1648368775392100353,2023-04-18T16:51:55.000Z,Faltou informar a fonte dos recursos públicos.,0,0,0,https://twitter.com/cabogilberto/status/1648004369348960262
Augusto Moraes,@Augustoscout,https://twitter.com/Augustoscout/status/1648103976993161218,2023-04-17T23:19:43.000Z,Oque realmente deveriam fazer é reduzir a idade penal para 16 anos.,0,0,0,https://twitter.com/cabogilberto/status/1648004369348960262
luiz antonio titton,@titton_luiz,https://twitter.com/titton_luiz/status/1648218957134848000,2023-04-18T06:56:36.000Z,Malitiae suplaet aetatem,0,0,0,https://twitter.com/cabogilberto/status/1648004369348960262
Geverton Gonçalves,@GevertoG,https://twitter.com/GevertoG/status/1648009154491981831,2023-04-17T17:02:55.000Z,Um dos únicos parlamentares da Paraíba que está honrando os votos que recebeu. 👏👏,0,1,2,https://twitter.com/cabogilberto/status/1648004369348960262
Lilinho,@WLilinho,https://twitter.com/WLilinho/status/1648008388058423321,2023-04-17T16:59:52.000Z,Quando eu nasci a mais de 40 anos atrás ja falavam disso.,0,0,0,https://twitter.com/cabogilberto/status/1648004369348960262
José,@Jos88021013,https://twitter.com/Jos88021013/status/1648037532427251737,2023-04-17T18:55:41.000Z,"Parabéns Deputado, até que enfim um Parlamentar da Câmara tem uma ideia boa a este respeito. A pena tem que ser aumentada mesmo, do que está e um convite para menores cometerem crimes. Agora, diminuir a maioridade penal contribuiria para a criação de psicopatas.",0,0,0,https://twitter.com/cabogilberto/status/1648004369348960262
Geo.Com,@GeoConectado50,https://twitter.com/GeoConectado50/status/1648017882712776724,2023-04-17T17:37:36.000Z,Quero ver tornar em Crime Hediondo a prática de Roubar os Cofres Públicos.. e aí tem coragem ou tu também Roubas ??,0,0,0,https://twitter.com/cabogilberto/status/1648004369348960262
