nome,usuario,idTweet,dataPublicacao,texto,replies,retweets,likes,tweetPai
M Vinicius A,@ArouckMarcus,https://twitter.com/ArouckMarcus/status/1648334649465221121,2023-04-18T14:36:19.000Z,Parabéns pelo questionamento. Só faltou postar a resposta do ministro.,0,0,1,https://twitter.com/cabogilberto/status/1648330128160706565
Zeca,@Zeca_ITPV,https://twitter.com/Zeca_ITPV/status/1648336480400470016,2023-04-18T14:43:36.000Z,"Deixe de falar besteira. @LulaOficial , nao gosto de vc mas parece que tem gente te chamando de Hitler.",0,0,0,https://twitter.com/cabogilberto/status/1648330128160706565
Brugnaaaagoᶜʳᶠ,@abrugnago,https://twitter.com/abrugnago/status/1648408462093697024,2023-04-18T19:29:37.000Z,Mostre uma prova de infiltrado.,0,0,0,https://twitter.com/cabogilberto/status/1648330128160706565
Milena Gonçalves,@MilbragaMilena,https://twitter.com/MilbragaMilena/status/1648339250339889152,2023-04-18T14:54:36.000Z,@WillLisil @TuckerCarlson @FoxNews @RaiUno @gazzettamantova @Canale5Tv @SkyTG24 @RaiNews @PanAmPost_es @matteosalvinimi@hermanntertsch @VOX_Europa @Europarl_EN @MatthewTyrmand @bennyjohnson @PeterSweden7 @ACTBrigitte @NoticiasTavares @DineshDSouza @AndreCVentura @elonmusk,0,0,1,https://twitter.com/cabogilberto/status/1648330128160706565
Cândido,@jcanfilho,https://twitter.com/jcanfilho/status/1648343507457695747,2023-04-18T15:11:31.000Z,Por que os SENADORES E DEPUTADOS não denuncia o Lula e seus ministros  na ONU por esses graves crimes.,0,0,1,https://twitter.com/cabogilberto/status/1648330128160706565
ciganaoblicuaedissimulada,@GrangeiroSilmia,https://twitter.com/GrangeiroSilmia/status/1648344999849861123,2023-04-18T15:17:27.000Z,Crianças foram presas? KKKKKKKKKKK,0,0,1,https://twitter.com/cabogilberto/status/1648330128160706565
CaboAntifa,@caboantifa_ne,https://twitter.com/caboantifa_ne/status/1648408861601157120,2023-04-18T19:31:13.000Z,"Esses extremistas foram presos por cometerem crimes de terrorismo. 
Não minta porque não existe nenhuma criança ou inocente preso.",0,0,1,https://twitter.com/cabogilberto/status/1648330128160706565
CaboAntifa,@caboantifa_ne,https://twitter.com/caboantifa_ne/status/1648409212857245699,2023-04-18T19:32:36.000Z,Só tinha terroristas,0,0,0,https://twitter.com/cabogilberto/status/1648330128160706565
ELE TE AMA!,@EstoriasPraQuem,https://twitter.com/EstoriasPraQuem/status/1648375807079858185,2023-04-18T17:19:52.000Z,"Vcs mesmos não falam que não precisa de “direitos humanos” para criminosos?!

Próxima!",0,0,0,https://twitter.com/cabogilberto/status/1648330128160706565
Ailtontexas55,@JoseAiltonAire1,https://twitter.com/JoseAiltonAire1/status/1648351751278297088,2023-04-18T15:44:17.000Z,"Vai trabalhar vagabundo, BABACA",0,0,1,https://twitter.com/cabogilberto/status/1648330128160706565
Gerson Marques,@gerson13ilheus,https://twitter.com/gerson13ilheus/status/1648338049485373447,2023-04-18T14:49:50.000Z,"São terroristas ou gado usado por terroristas más conscientes que estavam sendo usados...
Vocês tentaram um golpe e perderam, paguem as consequências",0,0,0,https://twitter.com/cabogilberto/status/1648330128160706565
Helena Amorim,@OlgaAmorim4,https://twitter.com/OlgaAmorim4/status/1648458655845715972,2023-04-18T22:49:05.000Z,Idosos.,0,0,0,https://twitter.com/cabogilberto/status/1648330128160706565
