nome,usuario,idTweet,dataPublicacao,texto,replies,retweets,likes,tweetPai
Pátria Amada Brasil,@RoboB17Reserva,https://twitter.com/RoboB17Reserva/status/1648762363913420800,2023-04-19T18:55:54.000Z,"Seria cômico se no fim das contas, o destino fizesse com que os patriotas do 08 de janeiro fossem os Heróis responsáveis por derrubar o 
L adrão da Presidência.",0,0,2,https://twitter.com/cabogilberto/status/1648761256403165191
James guia,@JamesAlfredx,https://twitter.com/JamesAlfredx/status/1649121801845211150,2023-04-20T18:44:11.000Z,Nobre deputado tem razão.,0,0,0,https://twitter.com/cabogilberto/status/1648761256403165191
Leandro Belízio,@primoBELIZIO,https://twitter.com/primoBELIZIO/status/1648763431049125917,2023-04-19T19:00:09.000Z,"TODOS os militares do GSI que aparecem dando suporte para os terroristas bolsonaristas são remanescentes do gabinete do General Heleno, o mesmo que tbm está fugindo de dar esclarecimentos. Engraçado. E por que divulgaram imagens borradas desses cúmplices e mostraram só o General?",0,1,1,https://twitter.com/cabogilberto/status/1648761256403165191
Jr Kalil,@ojrkalil,https://twitter.com/ojrkalil/status/1648762631337959451,2023-04-19T18:56:58.000Z,"Deputado, o decreto do lula sobre as armas, será derrubado ou não?",0,0,0,https://twitter.com/cabogilberto/status/1648761256403165191
