nome,usuario,idTweet,dataPublicacao,texto,replies,retweets,likes,tweetPai
ELZA,@elza70401681,https://twitter.com/elza70401681/status/1648987229065293824,2023-04-20T09:49:26.000Z,A sonsa...,0,0,0,https://twitter.com/cabogilberto/status/1648892031672909825
James guia,@JamesAlfredx,https://twitter.com/JamesAlfredx/status/1648982388007903234,2023-04-20T09:30:12.000Z,Nobre deputado tem razão.,0,0,1,https://twitter.com/cabogilberto/status/1648892031672909825
Vendedor 2,@2Vendedor29,https://twitter.com/2Vendedor29/status/1648964170350575616,2023-04-20T08:17:49.000Z,Que fofa? Até à PF? É cega,0,1,2,https://twitter.com/cabogilberto/status/1648892031672909825
csan_dra Sâmeque,@csan_dra,https://twitter.com/csan_dra/status/1648894225100963845,2023-04-20T03:39:52.000Z,Fingindo não saber de nada essa aí.,0,0,0,https://twitter.com/cabogilberto/status/1648892031672909825
Josy,@josypinho75,https://twitter.com/josypinho75/status/1649114048397549569,2023-04-20T18:13:22.000Z,A PF tá burrinha! Será que tem alguma relação com ...,0,0,1,https://twitter.com/cabogilberto/status/1648892031672909825
rosela,@roselamaria,https://twitter.com/roselamaria/status/1649065070276616193,2023-04-20T14:58:45.000Z,Afff!,0,0,0,https://twitter.com/cabogilberto/status/1648892031672909825
LN Media Design LNMEDIADESIGN,@lnmediadesign,https://twitter.com/lnmediadesign/status/1648897460771725312,2023-04-20T03:52:44.000Z,Nonsense!,0,0,0,https://twitter.com/cabogilberto/status/1648892031672909825
LRP,@PeresLuca,https://twitter.com/PeresLuca/status/1648892629101232130,2023-04-20T03:33:32.000Z,Acostumados a ter likes dos jumentos q seguem eles!,0,0,1,https://twitter.com/cabogilberto/status/1648892031672909825
ᴠɪɴᴄᴇɴᴛ,@_alekky,https://twitter.com/_alekky/status/1648893339285049345,2023-04-20T03:36:21.000Z,"Não, eu não subestimo seu vicio no saco do Bozo.",1,1,0,https://twitter.com/cabogilberto/status/1648892031672909825
Jeferson Brasil,@Jeff857802501,https://twitter.com/Jeff857802501/status/1648898517631418368,2023-04-20T03:56:56.000Z,A PF é incompetente ou dissimulada?,0,0,1,https://twitter.com/cabogilberto/status/1648892031672909825
Ary Kerner,@Lordakner,https://twitter.com/Lordakner/status/1648976704570884096,2023-04-20T09:07:37.000Z,"A comovente história de como o malévolo Lula e sua gangue de comunistas dominou a mente dos Patriotas e os forçou a barbarizar Brasília.  

Aguardem o depoimento de Léo Índio (Sobrinho de Bolsonaro, o Mito) na CPMI dos atos terroristas de 08 de Janeiro.

SELVA! ✝️🇧🇷🇺🇸🇮🇱🇺🇦✝️",0,0,0,https://twitter.com/cabogilberto/status/1648892031672909825
