nome,usuario,idTweet,dataPublicacao,texto,replies,retweets,likes,tweetPai
Blue bird News,@endireitataboo,https://twitter.com/endireitataboo/status/1648155294424260610,2023-04-18T02:43:38.000Z,mal de mourão,1,1,10,https://twitter.com/cabogilberto/status/1648154496835411968
Gilberto Silva,@cabogilberto,https://twitter.com/cabogilberto/status/1648155828489273346,2023-04-18T02:45:45.000Z,😂😂😂,1,0,2,https://twitter.com/cabogilberto/status/1648154496835411968
Се́ргий,@_icxc_nika_,https://twitter.com/_icxc_nika_/status/1648180291201015808,2023-04-18T04:22:57.000Z,"Marquem o perfil dele aqui, @albertomourao",0,0,0,https://twitter.com/cabogilberto/status/1648154496835411968
Ed,@Ed23727691,https://twitter.com/Ed23727691/status/1648257201767608321,2023-04-18T09:28:34.000Z,Grana e medo da cadeia faz muita gente  “rever” as posições!,1,0,1,https://twitter.com/cabogilberto/status/1648154496835411968
R Luiz,@RLuiz_72,https://twitter.com/RLuiz_72/status/1648159375897313280,2023-04-18T02:59:51.000Z,Mais uma trairagem..,0,3,7,https://twitter.com/cabogilberto/status/1648154496835411968
CidaPitanga,@Cida43747546,https://twitter.com/Cida43747546/status/1648257687145046019,2023-04-18T09:30:30.000Z,@albertomourao cabra safado,0,0,3,https://twitter.com/cabogilberto/status/1648154496835411968
Janete Sartori,@janetesartor,https://twitter.com/janetesartor/status/1649145374983045120,2023-04-20T20:17:51.000Z,Mais um na lista dos corruPTos comprados.....,0,0,1,https://twitter.com/cabogilberto/status/1648154496835411968
Iraci Pereira,@IraciPe30702542,https://twitter.com/IraciPe30702542/status/1648155063607500801,2023-04-18T02:42:43.000Z,Vendeu a alma pro odiabo,1,0,4,https://twitter.com/cabogilberto/status/1648154496835411968
Andrea,@Andrea16573935,https://twitter.com/Andrea16573935/status/1648463387679137794,2023-04-18T23:07:53.000Z,E daí!?,0,0,0,https://twitter.com/cabogilberto/status/1648154496835411968
Edson Rampa,@edson_rampa,https://twitter.com/edson_rampa/status/1648822798347804672,2023-04-19T22:56:03.000Z,"Eu só quero ver 👀,  do que viverão esses  incautos no futuro??? Estão literalmente se apartando do trigo , isso é profético,  voltarão pra lama de onde vieram! Daí será tarde para estes.",0,0,0,https://twitter.com/cabogilberto/status/1648154496835411968
Angelika Leal,@leal_angelika,https://twitter.com/leal_angelika/status/1648278777930153990,2023-04-18T10:54:18.000Z,Ele tá certíssimo. 👏👏👏👏,0,0,0,https://twitter.com/cabogilberto/status/1648154496835411968
juely santos,@SantosJuely,https://twitter.com/SantosJuely/status/1648323749035253761,2023-04-18T13:53:00.000Z,Bandido.,0,0,0,https://twitter.com/cabogilberto/status/1648154496835411968
✵,@rodrigoalc86,https://twitter.com/rodrigoalc86/status/1648176178883166208,2023-04-18T04:06:37.000Z,"A pergunta que não quer calar...

Por quanto? Ou em troca de quê?",0,1,3,https://twitter.com/cabogilberto/status/1648154496835411968
Rumos da Bolsa,@rumosdabolsa,https://twitter.com/rumosdabolsa/status/1648174722562027520,2023-04-18T04:00:50.000Z,Sugiro usarem algo do tipo @remindme para lembrar aqui no twitter pouco antes das próximas eleições.,0,2,1,https://twitter.com/cabogilberto/status/1648154496835411968
alexandre salomao (PCD),@ale_salomao71,https://twitter.com/ale_salomao71/status/1648409530500300803,2023-04-18T19:33:52.000Z,Alma sebosa,0,0,0,https://twitter.com/cabogilberto/status/1648154496835411968
valmir da silva da r,@ValmirdaSilva26,https://twitter.com/ValmirdaSilva26/status/1648431762496962563,2023-04-18T21:02:13.000Z,Outro vendido,0,0,0,https://twitter.com/cabogilberto/status/1648154496835411968
Iracery,@iracery,https://twitter.com/iracery/status/1648157039879680000,2023-04-18T02:50:34.000Z,Vendido.,0,0,1,https://twitter.com/cabogilberto/status/1648154496835411968
Canil Spell of Moon,@of_canil,https://twitter.com/of_canil/status/1648375151107489803,2023-04-18T17:17:16.000Z,Mais um para nunca  mais alguem de bom carácter votar nesse ser!!!,0,0,0,https://twitter.com/cabogilberto/status/1648154496835411968
Vendedor 2,@2Vendedor29,https://twitter.com/2Vendedor29/status/1648243515296559105,2023-04-18T08:34:11.000Z,Assinou sua sentença de morte na política,0,0,0,https://twitter.com/cabogilberto/status/1648154496835411968
Gerlane Ferreira,@Gerlane09012594,https://twitter.com/Gerlane09012594/status/1648159586279456769,2023-04-18T03:00:41.000Z,Judas,0,0,1,https://twitter.com/cabogilberto/status/1648154496835411968
Wanderson Antunes,@Wanders71311230,https://twitter.com/Wanders71311230/status/1648173215171092480,2023-04-18T03:54:50.000Z,Vai começar,0,0,0,https://twitter.com/cabogilberto/status/1648154496835411968
Ronaldo Almeida,@Ronaldo35592929,https://twitter.com/Ronaldo35592929/status/1648262926849933312,2023-04-18T09:51:19.000Z,Se vendeu,0,0,0,https://twitter.com/cabogilberto/status/1648154496835411968
Ian ramello Soto Barreiro,@RamelloIaan,https://twitter.com/RamelloIaan/status/1648276981790679042,2023-04-18T10:47:10.000Z,Errou ein deputado @albertomourao,0,0,0,https://twitter.com/cabogilberto/status/1648154496835411968
Milene Amorim,@Milene1969,https://twitter.com/Milene1969/status/1648300718816653312,2023-04-18T12:21:29.000Z,Vergonha 😡,0,0,0,https://twitter.com/cabogilberto/status/1648154496835411968
Sam,@Samlogan1252,https://twitter.com/Samlogan1252/status/1648300892599328771,2023-04-18T12:22:11.000Z,Mais um traíra,0,0,0,https://twitter.com/cabogilberto/status/1648154496835411968
Resiliência,@DiegoPinheiroM4,https://twitter.com/DiegoPinheiroM4/status/1648311519665352707,2023-04-18T13:04:25.000Z,@albertomourao que vergonha deputado... Não nos esqueceremos desse ato nas próximas eleições...,0,0,0,https://twitter.com/cabogilberto/status/1648154496835411968
TC Rodrigues,@TC_rodrigues70,https://twitter.com/TC_rodrigues70/status/1648314182838747142,2023-04-18T13:15:00.000Z,Esse e o da Praia Grande?,0,0,0,https://twitter.com/cabogilberto/status/1648154496835411968
brasil64,@brasilizando1,https://twitter.com/brasilizando1/status/1648319955115425793,2023-04-18T13:37:56.000Z,Mdb...sempre foi vermelho,0,0,0,https://twitter.com/cabogilberto/status/1648154496835411968
Roseli P,@RoseliBower,https://twitter.com/RoseliBower/status/1648338629851512832,2023-04-18T14:52:08.000Z,Tem homem que a noite muda.,0,0,0,https://twitter.com/cabogilberto/status/1648154496835411968
José Carlos Soares de santana,@JosCarl26068944,https://twitter.com/JosCarl26068944/status/1648347465408475136,2023-04-18T15:27:15.000Z,💩,0,0,0,https://twitter.com/cabogilberto/status/1648154496835411968
Ana de Fátima,@analdeteejose,https://twitter.com/analdeteejose/status/1648364953299042315,2023-04-18T16:36:44.000Z,Vendido.,0,0,0,https://twitter.com/cabogilberto/status/1648154496835411968
cláudio thaddeu,@cthaddeu,https://twitter.com/cthaddeu/status/1648395473638797312,2023-04-18T18:38:01.000Z,Covarde!,0,0,0,https://twitter.com/cabogilberto/status/1648154496835411968
Cristiano da costa,@Cristia53732739,https://twitter.com/Cristia53732739/status/1648451619368099840,2023-04-18T22:21:07.000Z,Traído,0,0,0,https://twitter.com/cabogilberto/status/1648154496835411968
sebastiao luiz,@sebasti80059757,https://twitter.com/sebasti80059757/status/1648497841109868545,2023-04-19T01:24:47.000Z,Nasceu  virou fuleiro,0,0,0,https://twitter.com/cabogilberto/status/1648154496835411968
Cristina Silva,@Cristin26652469,https://twitter.com/Cristin26652469/status/1648665699106144258,2023-04-19T12:31:48.000Z,Covarde,0,0,0,https://twitter.com/cabogilberto/status/1648154496835411968
Silvino Adrião,@silvino_adriao,https://twitter.com/silvino_adriao/status/1648746494340521997,2023-04-19T17:52:51.000Z,É da selva e tem galhada!,0,0,0,https://twitter.com/cabogilberto/status/1648154496835411968
Adailton Mendes,@Adailto25mendes,https://twitter.com/Adailto25mendes/status/1648266189758423044,2023-04-18T10:04:17.000Z,Comprado,0,0,0,https://twitter.com/cabogilberto/status/1648154496835411968
Lauton Rabelo,@LautonRabelo,https://twitter.com/LautonRabelo/status/1648271821521780736,2023-04-18T10:26:40.000Z,"Lembrarei dele no próximo pleito, aliás vou fazer campanha contra ele",0,0,0,https://twitter.com/cabogilberto/status/1648154496835411968
Fernando Antonio Fon,@fafontes2009,https://twitter.com/fafontes2009/status/1648288682846089218,2023-04-18T11:33:40.000Z,MAIS UM BANDIDO,0,0,0,https://twitter.com/cabogilberto/status/1648154496835411968
Ronaldo Gomes Catarino,@RonaldoCatarino,https://twitter.com/RonaldoCatarino/status/1648468480713424897,2023-04-18T23:28:07.000Z,#MAISUMSAFADOSEMVERGONHAEANTIPATRIOTA!!!,0,0,0,https://twitter.com/cabogilberto/status/1648154496835411968
Rodrigo Schmitz,@RodrigoSchmit13,https://twitter.com/RodrigoSchmit13/status/1648724351141675011,2023-04-19T16:24:51.000Z,Chegaram no preço dele.,0,0,0,https://twitter.com/cabogilberto/status/1648154496835411968
Cida Martins,@CidaMar34441880,https://twitter.com/CidaMar34441880/status/1649979420336091138,2023-04-23T03:32:03.000Z,Baixo,0,0,0,https://twitter.com/cabogilberto/status/1648154496835411968
Maxloni Santos,@MaxloniS,https://twitter.com/MaxloniS/status/1648501011311624195,2023-04-19T01:37:23.000Z,Larápio comprado 🤬🤬🤬🤬,0,0,0,https://twitter.com/cabogilberto/status/1648154496835411968
Anderson,@Andinhofbb,https://twitter.com/Andinhofbb/status/1648490543947878400,2023-04-19T00:55:47.000Z,Dinheiro 💶💰,0,0,0,https://twitter.com/cabogilberto/status/1648154496835411968
Antônio Rafael de Lima Neto,@AntnioRafaeld12,https://twitter.com/AntnioRafaeld12/status/1648351622697820161,2023-04-18T15:43:46.000Z,A ptralhada pagou alguma coisa?,0,0,0,https://twitter.com/cabogilberto/status/1648154496835411968
Rose C Santos,@RoseCSantos,https://twitter.com/RoseCSantos/status/1649033022262452226,2023-04-20T12:51:24.000Z,🤢,0,0,0,https://twitter.com/cabogilberto/status/1648154496835411968
Dê Moraes,@moraesde4,https://twitter.com/moraesde4/status/1648458020148641792,2023-04-18T22:46:33.000Z,"🗣️😡Deputado🤡Alberto Mourão🤡 do MDB de SP🐙🐍🇹🇷💸🗣️Acaba de perder a reeleição antecipado, pois os Brasileiros🇧🇷 NUNCA ESQUEÇAM OS TRAIDORES DA PÁTRIA🐍🐙💸🇹🇷🐙!🗣️E ,os que tentarem retirar assinaturas terão mesmo destino🗣️NÃO SERÃO REELEITOS NUNCA MAIS!",0,0,0,https://twitter.com/cabogilberto/status/1648154496835411968
Erinaldo Barros,@ErinaldoBarros9,https://twitter.com/ErinaldoBarros9/status/1648493987752443910,2023-04-19T01:09:28.000Z,"Esse Zé ruela,mas estamos esquecendo de cobrar os da Paraíba,tem muitos caladinhos e omissos🤣.",0,0,0,https://twitter.com/cabogilberto/status/1648154496835411968
Dfreitass,@Dfreitass3,https://twitter.com/Dfreitass3/status/1648340313293856768,2023-04-18T14:58:50.000Z,Os munícipes ficam encantados com as obras de PG e  esquecem que a conta um dia chegará.... e  perpetuam no poder essa corja,0,0,0,https://twitter.com/cabogilberto/status/1648154496835411968
RV,@RV95126224,https://twitter.com/RV95126224/status/1648314309729042432,2023-04-18T13:15:30.000Z,"Os moradores de Praia Grande - SP devem saber disso e nunca mais votar nesse cara, apoiador desse desgoverno petista.",0,0,0,https://twitter.com/cabogilberto/status/1648154496835411968
andre,@andre87207213,https://twitter.com/andre87207213/status/1648322028024242176,2023-04-18T13:46:10.000Z,Cabra atoa….,0,0,0,https://twitter.com/cabogilberto/status/1648154496835411968
𝕄𝕒𝕦𝕣𝕠 𝕄𝕒𝕔𝕙𝕒𝕕𝕠,@MauroMachado64,https://twitter.com/MauroMachado64/status/1648160150832676865,2023-04-18T03:02:55.000Z,"Acho que vou deletar minha conta no twitter, tá deprimente demais!",0,0,1,https://twitter.com/cabogilberto/status/1648154496835411968
Viviane Ramalho,@vramalho588,https://twitter.com/vramalho588/status/1648436281926619138,2023-04-18T21:20:10.000Z,PODRE,0,0,0,https://twitter.com/cabogilberto/status/1648154496835411968
Priscila,@Pri_assist,https://twitter.com/Pri_assist/status/1648155886320230401,2023-04-18T02:45:59.000Z,"Lembrem do partido dele, eleições municipais estão chegando, não votem nos candidatos do partido.",0,0,2,https://twitter.com/cabogilberto/status/1648154496835411968
Creusa Alves,@CreusaAlves10,https://twitter.com/CreusaAlves10/status/1648267409483083778,2023-04-18T10:09:08.000Z,"Deputado @albertomourao  , que exemplo inaceitável deixará para sua família , esposa , filhos e netos. 
O Sr está no cargo para representar o interesse do povo de SP .  
O Brasil precisa saber a verdade do dia 08 janeiro .",1,1,3,https://twitter.com/cabogilberto/status/1648154496835411968
Rita De Cássia Bortoloni,@DeBortoloni,https://twitter.com/DeBortoloni/status/1648159990970982403,2023-04-18T03:02:17.000Z,Muitos deputados de São Paulo serão lembrados em outros pleitos. Os que retirarem e principalmente os que não assinaram.,0,1,7,https://twitter.com/cabogilberto/status/1648154496835411968
Wagner Barbosa,@WagnerB01287814,https://twitter.com/WagnerB01287814/status/1648162745911582725,2023-04-18T03:13:14.000Z,Falta pouco para se instaurar a CPMI. Que todos nos lembremos dos que retiraram e dos que nem assinaram.,0,1,3,https://twitter.com/cabogilberto/status/1648154496835411968
Tangamandapiano,@shuriknevsky,https://twitter.com/shuriknevsky/status/1648155479330177025,2023-04-18T02:44:22.000Z,Ele (e outros que farão a mesma coisa) estão bem preocupados com o país mesmo. Daqui 4 anos renovam-se as moscas,0,0,2,https://twitter.com/cabogilberto/status/1648154496835411968
deb,@Dbora19426531,https://twitter.com/Dbora19426531/status/1648279100828667909,2023-04-18T10:55:35.000Z,Vendido,0,0,1,https://twitter.com/cabogilberto/status/1648154496835411968
Carlos Landgraf,@CarlosLandgraf8,https://twitter.com/CarlosLandgraf8/status/1648307268591538178,2023-04-18T12:47:31.000Z,Vergonha declarada!!! Algo tem em troca. Cara como este tem q ser banido. Fruta podre temos q tirar do balaio,0,0,0,https://twitter.com/cabogilberto/status/1648154496835411968
Marcos Borba,@MPBorba77,https://twitter.com/MPBorba77/status/1648298002136612864,2023-04-18T12:10:42.000Z,Covarde,0,0,0,https://twitter.com/cabogilberto/status/1648154496835411968
Luiz Guilherme,@lgribas1971,https://twitter.com/lgribas1971/status/1648306538593886208,2023-04-18T12:44:37.000Z,Vendido,0,0,0,https://twitter.com/cabogilberto/status/1648154496835411968
Valdeni Rodrigues,@Valdeni_Novaes,https://twitter.com/Valdeni_Novaes/status/1648155670577815555,2023-04-18T02:45:07.000Z,O QUE ESPERAR DO MDB ? MAIS DESTRUTIVO DO BRASIL !!!,0,0,6,https://twitter.com/cabogilberto/status/1648154496835411968
Leopoldo Bittencourt,@LeopoldoBitten2,https://twitter.com/LeopoldoBitten2/status/1648166735533441026,2023-04-18T03:29:05.000Z,Quem votou nesse 💩Fazuelli,0,0,1,https://twitter.com/cabogilberto/status/1648154496835411968
mgpereira,@mgpereira3,https://twitter.com/mgpereira3/status/1648272068264308737,2023-04-18T10:27:39.000Z,Vergonhoso!!! 🤢🤮,0,0,1,https://twitter.com/cabogilberto/status/1648154496835411968
Roberio Fonseca,@roberiofonseca3,https://twitter.com/roberiofonseca3/status/1648477263497949186,2023-04-19T00:03:01.000Z,Vergonha,0,0,1,https://twitter.com/cabogilberto/status/1648154496835411968
Adri,@Adriana20338700,https://twitter.com/Adriana20338700/status/1648158694926843905,2023-04-18T02:57:08.000Z,"Vai lá pedir voto para população?! A internet vai te lembrar esse fato amigo, nem pra porteiro se elege, a não ser que compre umas urnas para sair votos pra ti, o povo vai cair na sua pele !",1,0,2,https://twitter.com/cabogilberto/status/1648154496835411968
josefa natalice da s,@JosefaNatalice,https://twitter.com/JosefaNatalice/status/1648425884918120450,2023-04-18T20:38:51.000Z,🐀,0,0,0,https://twitter.com/cabogilberto/status/1648154496835411968
fernando moraes,@fernandomorae25,https://twitter.com/fernandomorae25/status/1648327866315055104,2023-04-18T14:09:22.000Z,"Qual é a cidade onde esse deputado VENAL tem base eleitoral ? 
PRECISAMOS CITAR TUDO!!",0,0,0,https://twitter.com/cabogilberto/status/1648154496835411968
Severino Marinheiro,@SeverinoMarin13,https://twitter.com/SeverinoMarin13/status/1648283842124423168,2023-04-18T11:14:26.000Z,Ele é um JUDAS 🤬🤬🤮🤮🤮💩,0,0,0,https://twitter.com/cabogilberto/status/1648154496835411968
José Luíz Perini Servantes,@zezeservantes,https://twitter.com/zezeservantes/status/1648292252387532802,2023-04-18T11:47:51.000Z,Vendido,0,0,0,https://twitter.com/cabogilberto/status/1648154496835411968
flaviosoujas@gmail.com,flaviosoujas@gmail.com,https://twitter.com/flaviosoujas/status/1648269636889182208,2023-04-18T10:17:59.000Z,Ainda bem que não votei nele. Vai entrar para a lista dos que não querem a Verdade. Está pouco se importando para quem pode estar preso injustamente. E descobrir os responsáveis.,0,1,1,https://twitter.com/cabogilberto/status/1648154496835411968
Marcos Luis,@Zumba60252563,https://twitter.com/Zumba60252563/status/1648467287454932992,2023-04-18T23:23:23.000Z,"Vergonha , será lembrado aqui na Praia Grande/SP",0,0,0,https://twitter.com/cabogilberto/status/1648154496835411968
Reginaldo da Costa,@Reginal51690995,https://twitter.com/Reginal51690995/status/1648320407433273346,2023-04-18T13:39:44.000Z,Praia Grande que o diga.,0,0,0,https://twitter.com/cabogilberto/status/1648154496835411968
marcelo luna,@marcelo42198677,https://twitter.com/marcelo42198677/status/1648345381137182725,2023-04-18T15:18:58.000Z,Kkkk coisas de Lula-amor-roubalheira.,0,0,1,https://twitter.com/cabogilberto/status/1648154496835411968
Rei da noite,@quasenada007,https://twitter.com/quasenada007/status/1648162462020009984,2023-04-18T03:12:06.000Z,Sistema não funciona mais,0,0,1,https://twitter.com/cabogilberto/status/1648154496835411968
Margareth Melo Franco,@MargarethMeloF1,https://twitter.com/MargarethMeloF1/status/1648329197021020160,2023-04-18T14:14:39.000Z,👏👏👏,0,0,0,https://twitter.com/cabogilberto/status/1648154496835411968
@IroneGuedes,@IroneGuedes,https://twitter.com/GuedesIrone/status/1648287024267374594,2023-04-18T11:27:04.000Z,"Canalha, sósia do chefe de quadrilha. Bandido.🇧🇷🇧🇷🇧🇷🇧🇷🇧🇷🇧🇷🇧🇷🇧🇷🇧🇷🇧🇷🇧🇷🇧🇷🇧🇷🇧🇷🇧🇷",0,0,1,https://twitter.com/cabogilberto/status/1648154496835411968
Anderson Figueira Fidelis,@andersonff1951,https://twitter.com/andersonff1951/status/1649106183561543686,2023-04-20T17:42:07.000Z,"Tem cara de NINE, parece com o NINE, gosta de grana igualzinho ao Nine, então é um vagabundo PETEBA Parasita !",0,0,0,https://twitter.com/cabogilberto/status/1648154496835411968
Anderson Figueira Fidelis,@andersonff1951,https://twitter.com/andersonff1951/status/1649218011927019520,2023-04-21T01:06:29.000Z,Tá com uma boca de quem comeu um PICANHAO daqueles: Mais um trairão de Bosta!,0,0,0,https://twitter.com/cabogilberto/status/1648154496835411968
Adilson Rodrigues,@geoadilson65,https://twitter.com/geoadilson65/status/1648374367863160854,2023-04-18T17:14:09.000Z,"É bom guardar o nome desse vendido, nas próximas eleições demitimos essa porcaria!",0,0,0,https://twitter.com/cabogilberto/status/1648154496835411968
Shopee Store,@ShopeeStoreTips,https://twitter.com/ShopeeStoreTips/status/1648507625884250113,2023-04-19T02:03:40.000Z,Olha a carinha do safado,0,0,0,https://twitter.com/cabogilberto/status/1648154496835411968
Hamilton Silva,@Hamilto57671777,https://twitter.com/Hamilto57671777/status/1648333763603058688,2023-04-18T14:32:48.000Z,Bando de políticos calças frouxas...,0,0,0,https://twitter.com/cabogilberto/status/1648154496835411968
Borboleta,@ReginaFerro8,https://twitter.com/ReginaFerro8/status/1648490413144305664,2023-04-19T00:55:16.000Z,Lixo de gente,0,0,0,https://twitter.com/cabogilberto/status/1648154496835411968
JOAO EDUARDO GUIMARAES,@PROF_JEG,https://twitter.com/PROF_JEG/status/1648288048201842688,2023-04-18T11:31:09.000Z,"@albertomourao o senhor é uma vergonha, traidor maldito",0,0,0,https://twitter.com/cabogilberto/status/1648154496835411968
Malú Sokolowski,@mlsokolowski,https://twitter.com/mlsokolowski/status/1648282239984123904,2023-04-18T11:08:04.000Z,"Ele tem seus motivos.
Né?",0,1,1,https://twitter.com/cabogilberto/status/1648154496835411968
Pastor FRANCISCO TEIXEIRA DOS SANTOS (SHAMAH),@PastorShamah,https://twitter.com/PastorShamah/status/1648159240509349893,2023-04-18T02:59:18.000Z,Essa tranqueira só podia ser do partido maldito mdb,0,0,0,https://twitter.com/cabogilberto/status/1648154496835411968
mica,@iva630819,https://twitter.com/iva630819/status/1648169619478179842,2023-04-18T03:40:33.000Z,"São Paulo,vê se na próxima eleição,vcs mandam esse 💩 ir plantar batata no asfalto. Isso ñ merece o voto de vcs! Temos que mostrar pra canalhas,que o lugar deles ñ é no congresso.",0,0,0,https://twitter.com/cabogilberto/status/1648154496835411968
Andreia Consulin,@AConsulin,https://twitter.com/AConsulin/status/1648177591155580929,2023-04-18T04:12:14.000Z,Só pode ser um corno,0,0,0,https://twitter.com/cabogilberto/status/1648154496835411968
Jorge Peck,@JorgePeck8,https://twitter.com/JorgePeck8/status/1648217514894151681,2023-04-18T06:50:52.000Z,CANALHA! VAI VENDO NA PRÓXIMA ELEIÇÃO!,0,0,0,https://twitter.com/cabogilberto/status/1648154496835411968
Renata MC,@Ca1Rmcvet,https://twitter.com/Ca1Rmcvet/status/1648276768544145409,2023-04-18T10:46:19.000Z,TODE IMUNDE TEM SEU PREÇE,0,0,0,https://twitter.com/cabogilberto/status/1648154496835411968
Lobo patriota,@Valdeir16245673,https://twitter.com/Valdeir16245673/status/1648183972638121984,2023-04-18T04:37:35.000Z,Mais um que foi comprado pela quadrilha maldita do PT,0,0,0,https://twitter.com/cabogilberto/status/1648154496835411968
Cá,@c_conserva,https://twitter.com/c_conserva/status/1648159572991918080,2023-04-18T03:00:38.000Z,@albertomourao Pode ter certeza que não vamos esquecer de você!#CPMI08dejaneiro,0,0,0,https://twitter.com/cabogilberto/status/1648154496835411968
Carlos Lois,@loischr,https://twitter.com/loischr/status/1648327304110563328,2023-04-18T14:07:08.000Z,Traíra fdp,0,0,0,https://twitter.com/cabogilberto/status/1648154496835411968
Marcelo Medeiros,@MarceloMMSV,https://twitter.com/MarceloMMSV/status/1648399374119219200,2023-04-18T18:53:31.000Z,"Canalha. 
Filho da Puta.",0,0,0,https://twitter.com/cabogilberto/status/1648154496835411968
Lucilha Mendes,@lucilha_mendes,https://twitter.com/lucilha_mendes/status/1648185749508898819,2023-04-18T04:44:39.000Z,Traidor do povo brasileiro!@albertomourao @gilbertokassab @marcospereira04 #Cpmide08dejaneiroJá #deputadostrairas #senadorestrairas,0,0,0,https://twitter.com/cabogilberto/status/1648154496835411968
Brizola Brito,@BrizolaBrito,https://twitter.com/BrizolaBrito/status/1648307239378141184,2023-04-18T12:47:24.000Z,Vag4bundo arregã0.,0,0,0,https://twitter.com/cabogilberto/status/1648154496835411968
Ailtontexas55,@JoseAiltonAire1,https://twitter.com/JoseAiltonAire1/status/1648289306706948098,2023-04-18T11:36:09.000Z,"Vai trabalhar vagabundo, BABACA",0,0,0,https://twitter.com/cabogilberto/status/1648154496835411968
"NEYESEAGLE-Deus, Pátria, Família e Liberdade",@neyncsp,https://twitter.com/neyncsp/status/1648220105635950602,2023-04-18T07:01:10.000Z,Canalha! Covarde! Traidor do povo!😤😤😤😤😤,0,0,0,https://twitter.com/cabogilberto/status/1648154496835411968
Mauricio O,@Babosa567,https://twitter.com/Babosa567/status/1648368357521932289,2023-04-18T16:50:16.000Z,Outro Corrupto $$$$,0,0,0,https://twitter.com/cabogilberto/status/1648154496835411968
REGIS DE SOUZA,@REGISDESOUZA16,https://twitter.com/REGISDESOUZA16/status/1648329789491617795,2023-04-18T14:17:00.000Z,MAIS UM BANDIDO QUE SE VENDE ....DEUS SALVE O BRASIL E TIRA ESSAR CANIÇAS DO PLANETA.,0,0,0,https://twitter.com/cabogilberto/status/1648154496835411968
Carlos Tadeu da Silva,@CarlosTadeudaS3,https://twitter.com/CarlosTadeudaS3/status/1648158464315629576,2023-04-18T02:56:13.000Z,Achou seu cabide!! PQP.,0,0,0,https://twitter.com/cabogilberto/status/1648154496835411968
Adriano,@abrahaoandrea70,https://twitter.com/abrahaoandrea70/status/1648156980337430540,2023-04-18T02:50:20.000Z,Safado. Vendido. Palhaço,0,0,1,https://twitter.com/cabogilberto/status/1648154496835411968
NGUYEN HUU THO,@NGUYENH83423799,https://twitter.com/NGUYENH83423799/status/1648159018869719041,2023-04-18T02:58:26.000Z,Mais um traidor,0,0,0,https://twitter.com/cabogilberto/status/1648154496835411968
Reginaldo da Costa,@Reginal51690995,https://twitter.com/Reginal51690995/status/1648320318283366405,2023-04-18T13:39:22.000Z,Esse é um FDP.,0,0,0,https://twitter.com/cabogilberto/status/1648154496835411968
Jose Antonio Kiko,@JoseAntonioKiko,https://twitter.com/JoseAntonioKiko/status/1648325828390932481,2023-04-18T14:01:16.000Z,Lembre-se desse traidor nas próximas eleições...,0,0,0,https://twitter.com/cabogilberto/status/1648154496835411968
Abe_,@Abgf_Brasil,https://twitter.com/Abgf_Brasil/status/1648249558663569409,2023-04-18T08:58:12.000Z,"@albertomourao , vc é uma vergonha para os seus eleitores!@BolsonaroSP @nikolas_dm @GayerGus@Zambelli2210 @CarolDeToni @andrefernm@apropriajulia@delegadoramagem @rsallesmma @marcofeliciano@Maubmarcon @SargentoFAHUR @DepSanderson @rosangelamorosp @deltanmd",0,0,0,https://twitter.com/cabogilberto/status/1648154496835411968
Perfumista,@NPerfumista,https://twitter.com/NPerfumista/status/1648289618876350470,2023-04-18T11:37:23.000Z,QUANTO O LULA DA SILVA PAGOU PARA QUE ELE RETIRASSE A ASSINATURA?,0,1,1,https://twitter.com/cabogilberto/status/1648154496835411968
eduardo@123,eduardo@123,https://twitter.com/eduardo25795846/status/1648157653678411777,2023-04-18T02:53:00.000Z,"@albertomourao , Retirou a assinatura pq ? Confiei e votei no senhor. Porque tirou a assinatura? Lembre-se sempre de onde veio sua posição . Oque se planta se colhe ! Fato !",0,0,0,https://twitter.com/cabogilberto/status/1648154496835411968
Ricardo Ramos,@somar_odracir,https://twitter.com/somar_odracir/status/1648159893449240576,2023-04-18T03:01:54.000Z,"Voce quer um lencinho, Giba?",0,0,0,https://twitter.com/cabogilberto/status/1648154496835411968
SOSBRASIL,@SOSBRAS,https://twitter.com/SOSBRAS/status/1648413185744027648,2023-04-18T19:48:24.000Z,Traidor,0,0,0,https://twitter.com/cabogilberto/status/1648154496835411968
Rafael Rodrigues,@RafaelR13754041,https://twitter.com/RafaelR13754041/status/1648424221834616832,2023-04-18T20:32:15.000Z,"DENUNCIEM AO CIDH, CORTE INTERNACIONAL, FBI, CIA, INTERPOOL, OSCAR ANIBAL CHIAPPANO etc ... ELES ESTÃO JOGANDO O BRASIL PARA UMA GUERRA E FAZENDO TODOS PASSAR FOME E NECESSIDADE PARA TER MAIOR SUBMISSÃO DE TODOS, denunciem mundialmente que LULA esta tacando o terror no BRASIL.",0,0,0,https://twitter.com/cabogilberto/status/1648154496835411968
Luiz,@gomessolrac,https://twitter.com/gomessolrac/status/1648482882481168387,2023-04-19T00:25:21.000Z,MENSALÃO garantido,0,0,0,https://twitter.com/cabogilberto/status/1648154496835411968
Lucio,@Lucio80380691,https://twitter.com/Lucio80380691/status/1648266022737129473,2023-04-18T10:03:37.000Z,Vendido safado cancela na eleições,0,0,0,https://twitter.com/cabogilberto/status/1648154496835411968
Walison Peralta,@walison_peralta,https://twitter.com/walison_peralta/status/1648158366210961409,2023-04-18T02:55:50.000Z,Maldit0,0,0,1,https://twitter.com/cabogilberto/status/1648154496835411968
Jeferson Brasil,@Jeff857802501,https://twitter.com/Jeff857802501/status/1648169477391937536,2023-04-18T03:39:59.000Z,Esse está na lista da mala preta.. certeza,0,0,2,https://twitter.com/cabogilberto/status/1648154496835411968
