nome,usuario,idTweet,dataPublicacao,texto,replies,retweets,likes,tweetPai
Alan Cesar Garcia Guimaraes,@alancesarguima,https://twitter.com/alancesarguima/status/1648662022005874690,2023-04-19T12:17:11.000Z,Perseguição de opositores . Igual a Rússia fez com quem era contra a guerra. O cara está sendo punido por brigar por uma justiça justa e que não fira a contituição e de não ter um corrupto no poder .,0,0,1,https://twitter.com/BohnGass/status/1648396689261076481
Mar.celo Cruz,@Marcelo_DAC13,https://twitter.com/Marcelo_DAC13/status/1648417322028105729,2023-04-18T20:04:50.000Z,"Me parece, pelo nome, que vem de uma família fascista, mas só me parece mesmo.",1,1,4,https://twitter.com/BohnGass/status/1648396689261076481
Leila Jinkings,@leilajinkings,https://twitter.com/leilajinkings/status/1648403752200597504,2023-04-18T19:10:55.000Z,dá até medo a cara de ódio,6,1,14,https://twitter.com/BohnGass/status/1648396689261076481
Lula L é amor,@Odara_100,https://twitter.com/Odara_100/status/1648427718026080256,2023-04-18T20:46:08.000Z,"Eu paguei o salário e o treinamento desse traste
Quem irá me ressarcir?",2,4,20,https://twitter.com/BohnGass/status/1648396689261076481
Cristina,@Cristin85535503,https://twitter.com/Cristin85535503/status/1648409839414960129,2023-04-18T19:35:06.000Z,"Benito Franco? 
Nossa ... o nome dele remete a personagens históricos ... Benito Mussolini criador do fascismo; General Franco ditador espanhol.
Pesado.",4,2,36,https://twitter.com/BohnGass/status/1648396689261076481
Fluzão Educado,@FLUZ4O_eDUCADO,https://twitter.com/FLUZ4O_eDUCADO/status/1648417471886512131,2023-04-18T20:05:26.000Z,O nome Benito te lembra o quê?,2,0,3,https://twitter.com/BohnGass/status/1648396689261076481
Mel,@MelCF32,https://twitter.com/MelCF32/status/1648445146391011328,2023-04-18T21:55:24.000Z,"A CPMI q é bom,  vcs correm neh.",0,0,4,https://twitter.com/BohnGass/status/1648396689261076481
Marcão,@ObednegoMarcos,https://twitter.com/ObednegoMarcos/status/1648465803698921472,2023-04-18T23:17:29.000Z,Benito Franco? Piada pronta.,0,0,1,https://twitter.com/BohnGass/status/1648396689261076481
Claumari.,@Claud565637,https://twitter.com/Claud565637/status/1648422858245406721,2023-04-18T20:26:50.000Z,👏🏻👏🏻👏🏻👏🏻,0,0,1,https://twitter.com/BohnGass/status/1648396689261076481
🅣🅘🅐🅒🅡🅘🅢 Carvalho,@MariaCrisMorato,https://twitter.com/MariaCrisMorato/status/1648431330475270146,2023-04-18T21:00:30.000Z,"Resumindo
Um bandido que usou farda",0,0,6,https://twitter.com/BohnGass/status/1648396689261076481
ROBSON COM B MUDO,@peresdivino1,https://twitter.com/peresdivino1/status/1648655417252216832,2023-04-19T11:50:56.000Z,Como uma pessoa dessas chega a Coronel? É algum curso Ead ou por Correspondência?,0,0,1,https://twitter.com/BohnGass/status/1648396689261076481
Righy,@righy,https://twitter.com/righy/status/1648417014992588801,2023-04-18T20:03:37.000Z,🔥🔥🔥,0,0,0,https://twitter.com/BohnGass/status/1648396689261076481
IBO,@IBO53768085,https://twitter.com/IBO53768085/status/1648420565018095616,2023-04-18T20:17:43.000Z,Grande dia!,0,0,0,https://twitter.com/BohnGass/status/1648396689261076481
Stephen King Brasil,@StephenKing_BR,https://twitter.com/StephenKing_BR/status/1648668782255112192,2023-04-19T12:44:03.000Z,"Só uma correção: ele não é ex coronel. Ele ainda está na ativa, com uma licença especial, mas ele não deixa de ser coronel.",0,0,1,https://twitter.com/BohnGass/status/1648396689261076481
Na Estrada,@Rimanof_Klein,https://twitter.com/Rimanof_Klein/status/1648584296070799360,2023-04-19T07:08:20.000Z,👏👏👏👏,0,0,0,https://twitter.com/BohnGass/status/1648396689261076481
Ariosvaldo Homem,@arigois,https://twitter.com/arigois/status/1648401305092669446,2023-04-18T19:01:11.000Z,Será que este ai tem sangue nas mãos? Será que já executou alguém?,2,1,15,https://twitter.com/BohnGass/status/1648396689261076481
Zeh Bedeu,@jalfredo14,https://twitter.com/jalfredo14/status/1648400449295331328,2023-04-18T18:57:47.000Z,"Sem generalizar, claro. Mas a participação de militares nos ato anti democráticos já está comprovada. Tá cheio de golpistas.",4,11,105,https://twitter.com/BohnGass/status/1648396689261076481
Maria Jose Ferreira,@MariaJo24336866,https://twitter.com/MariaJo24336866/status/1648409228623716355,2023-04-18T19:32:40.000Z,Perfeito,0,0,3,https://twitter.com/BohnGass/status/1648396689261076481
Gonçalo Pereira Pereira de Souza,@GonaloPere25621,https://twitter.com/GonaloPere25621/status/1648425429743857664,2023-04-18T20:37:03.000Z,Isso já não representa a sociedade isso já miliciano,0,0,0,https://twitter.com/BohnGass/status/1648396689261076481
Cesar sp,@Cesarsp91768403,https://twitter.com/Cesarsp91768403/status/1648445295888564228,2023-04-18T21:55:59.000Z,Cabra valente kkkkkk,0,0,0,https://twitter.com/BohnGass/status/1648396689261076481
Rodrigo CR Paixão,@didigoreisbh,https://twitter.com/didigoreisbh/status/1648455768847560704,2023-04-18T22:37:36.000Z,Só da marginal nessa turminha patriota né?,0,0,0,https://twitter.com/BohnGass/status/1648396689261076481
MARIA ANDRADE,@MARIAAN13065926,https://twitter.com/MARIAAN13065926/status/1648675143722364930,2023-04-19T13:09:19.000Z,Aplausos ! Basta de impunidade,0,0,0,https://twitter.com/BohnGass/status/1648396689261076481
D3L,@DelvisonSantos,https://twitter.com/DelvisonSantos/status/1648454811250196480,2023-04-18T22:33:48.000Z,@Belzebu___666 tá comemorando! (e eu tb),0,0,0,https://twitter.com/BohnGass/status/1648396689261076481
Viviane Cardell,@VivianeCardell,https://twitter.com/VivianeCardell/status/1648491461749649409,2023-04-19T00:59:26.000Z,Piada pronta! Com esse nome...,0,0,1,https://twitter.com/BohnGass/status/1648396689261076481
Breno Silva,@BrenoSi36227169,https://twitter.com/BrenoSi36227169/status/1648491166000873475,2023-04-19T00:58:16.000Z,"Lula venceu, subiu a rampa, assumiu e esse OTÁRIO está preso.
HAHAHAHAHAHAHAHAHAHAHAHAHAHA",1,0,5,https://twitter.com/BohnGass/status/1648396689261076481
Geanliby,@geaneliby,https://twitter.com/geaneliby/status/1648402624364806146,2023-04-18T19:06:26.000Z,"A política está de braços abertos,se afasta😂 do cargo,pede licença... Eleição é civil,sem coerção. Não cabe ações da PRF,nem armados,nessa festa de 4 em 4 anos. E atos de 8 /01/23 foi uma vergonha!",0,5,15,https://twitter.com/BohnGass/status/1648396689261076481
Romneygalo,@GALAODA13,https://twitter.com/GALAODA13/status/1648450039528976384,2023-04-18T22:14:50.000Z,Golpismo Rodrigo Pacheco fez hoje!,1,0,7,https://twitter.com/BohnGass/status/1648396689261076481
Fábio,@fasango,https://twitter.com/fasango/status/1648624231037427712,2023-04-19T09:47:01.000Z,"Exoneração, multa e cadeia",0,0,1,https://twitter.com/BohnGass/status/1648396689261076481
Ana Barros - Educação bilíngue e petista raiz!,@Anita13262893,https://twitter.com/Anita13262893/status/1648501306565472261,2023-04-19T01:38:33.000Z,É ß○♏️ d€m@¡$ ver bolsonarista se £○d€®️!!!,0,0,2,https://twitter.com/BohnGass/status/1648396689261076481
Eduardo Wendhausen,@EduWendhausen,https://twitter.com/EduWendhausen/status/1648464799377014786,2023-04-18T23:13:29.000Z,"Será que ao olhar a fisionomia desse tal Benito Franco,  essa ""psicanalista"" de Santa Catarina diria que ele tem um ""formato de rosto específico"" de um bandido?",3,1,14,https://twitter.com/BohnGass/status/1648396689261076481
sigam-me os bons,@Defensordaterra,https://twitter.com/Defensordaterra/status/1648479811818643457,2023-04-19T00:13:09.000Z,Não vamos esquecer destes hein.,1,0,5,https://twitter.com/BohnGass/status/1648396689261076481
Quebrando o Trabuco,@VobDam,https://twitter.com/VobDam/status/1648404106908782592,2023-04-18T19:12:19.000Z,"Ó O NOME DO CARA

Meio Benito Mussolini, meio Francisco Franco 😆",2,2,37,https://twitter.com/BohnGass/status/1648396689261076481
Roberto Veiga,@Roberto91510250,https://twitter.com/Roberto91510250/status/1648414546594283526,2023-04-18T19:53:48.000Z,"Sempre espalhando ódio, né careca?",1,0,5,https://twitter.com/BohnGass/status/1648396689261076481
Fátima Maranhao,@FtimaMaranhao2,https://twitter.com/FtimaMaranhao2/status/1648416933467807745,2023-04-18T20:03:17.000Z,Esse aí ficava latindo direto que Lula não ia subir a rampa.,0,0,5,https://twitter.com/BohnGass/status/1648396689261076481
Denise,@denic2010,https://twitter.com/denic2010/status/1648418979713515522,2023-04-18T20:11:25.000Z,Esse roteirista.... olha o nome do cara 😐,0,1,4,https://twitter.com/BohnGass/status/1648396689261076481
Julianna M. Z. Martins,@JuliannaLulaMar,https://twitter.com/JuliannaLulaMar/status/1648424257683353600,2023-04-18T20:32:23.000Z,Essa gente é muito estranha.,1,0,2,https://twitter.com/BohnGass/status/1648396689261076481
Marcia,@Marcia28252789,https://twitter.com/Marcia28252789/status/1648670351918878721,2023-04-19T12:50:17.000Z,Prender Coronel  e soltar bandido  tá na moda!,0,0,0,https://twitter.com/BohnGass/status/1648396689261076481
Cláudio Menezes Maniac,@ClaudioxMenezes,https://twitter.com/ClaudioxMenezes/status/1648412171771039747,2023-04-18T19:44:22.000Z,Q notícia boa saber q tudo está sendo feito contra o risco do golpe q passamos. Pensar q foi por um triz,2,1,9,https://twitter.com/BohnGass/status/1648396689261076481
Michele Cavalleri,@cavallerimiche,https://twitter.com/cavallerimiche/status/1648869711566852096,2023-04-20T02:02:28.000Z,E o seu estado deputado está ajudando como ??? RS precisa de ajuda … olhe as emergências da capital … menos fofoca e mais trabalho,0,0,0,https://twitter.com/BohnGass/status/1648396689261076481
Gabriel PT sempre,@Gabriel6828,https://twitter.com/Gabriel6828/status/1648469931711926272,2023-04-18T23:33:53.000Z,Cadeia com certeza,0,0,1,https://twitter.com/BohnGass/status/1648396689261076481
Cleide Amorim,@suseleee,https://twitter.com/suseleee/status/1648431133871472641,2023-04-18T20:59:43.000Z,"Fico pensando, esses caras na prisão devem ter tratamento 5 estrelas. A mesma coisa vai acontecer com o Brennand quando for p prisão e coneçar a soltar dinheiro.",0,0,5,https://twitter.com/BohnGass/status/1648396689261076481
Armando Guerra dos Santos,@ALEXAND78312582,https://twitter.com/ALEXAND78312582/status/1648480482668208128,2023-04-19T00:15:49.000Z,A CPMI VAI SAIR?,1,0,0,https://twitter.com/BohnGass/status/1648396689261076481
O CAPITALISMO DEU CERTINHO!,@carbonarios,https://twitter.com/carbonarios/status/1648710835588481027,2023-04-19T15:31:09.000Z,Demorô!,0,0,2,https://twitter.com/BohnGass/status/1648396689261076481
Luiz Lyra Jr.,@lyrajl,https://twitter.com/lyrajl/status/1648414891781373958,2023-04-18T19:55:10.000Z,"Todos tem estilo ""pit bull"" ... 😱",0,0,1,https://twitter.com/BohnGass/status/1648396689261076481
Silva,@Silva03066451,https://twitter.com/Silva03066451/status/1648408002494361602,2023-04-18T19:27:48.000Z,Nós goianos estamos a.. 0 dias sem que um conterrâneo nos passe vergonha 🤷🤷🤦🤦🤦🤦,1,0,14,https://twitter.com/BohnGass/status/1648396689261076481
Zeca Basso,@pppedreiro,https://twitter.com/pppedreiro/status/1648617230886662146,2023-04-19T09:19:12.000Z,Toooooooma!,0,0,0,https://twitter.com/BohnGass/status/1648396689261076481
Omar,@OmarBRasil,https://twitter.com/OmarBRasil/status/1648473819546525700,2023-04-18T23:49:20.000Z,"Quando li Benito e vi a figura, automaticamente, veio à mente o Mussolini...",0,0,2,https://twitter.com/BohnGass/status/1648396689261076481
Rospock An,@RospockA,https://twitter.com/RospockA/status/1648644040533983233,2023-04-19T11:05:44.000Z,"Com esse nome, é um predestinado. Benito Franco. Nomes de dois ditadores fascistas.",0,0,1,https://twitter.com/BohnGass/status/1648396689261076481
Marques,@Antonio54383141,https://twitter.com/Antonio54383141/status/1651055270980624389,2023-04-26T02:47:06.000Z,Se não for para cadeia vai ficar ganhando dinheiro do estado.,0,0,0,https://twitter.com/BohnGass/status/1648396689261076481
Renato Corrêa,@Renato_ptc,https://twitter.com/Renato_ptc/status/1648611332764098560,2023-04-19T08:55:46.000Z,Antidemocrático pra vcs é descordar desse desgoverno?,0,0,0,https://twitter.com/BohnGass/status/1648396689261076481
Reynaldo Bittencourt,@ReyBittencourt,https://twitter.com/ReyBittencourt/status/1648424756499320832,2023-04-18T20:34:22.000Z,"Já pensou que maravilha seria a CPMI do dia 08/01 ? Alguém poderia me dizer pq a esquerda tem tanto medo e fez tantas manobras para adiar ?? Seria um ""chequemate"" no Bolsonarismo, pois, segundo a esquerda tudo partiu deles.",0,1,2,https://twitter.com/BohnGass/status/1648396689261076481
Li SAGI,@Lililembra,https://twitter.com/Lililembra/status/1648405444304465922,2023-04-18T19:17:38.000Z,"O nome dele foi homenagem aos pensonagens históricos, imagina a vida dele idolatrando...",0,0,8,https://twitter.com/BohnGass/status/1648396689261076481
@marquinhotoledo,@marquinhotoledo,https://twitter.com/marquinhotoledo/status/1648745402651271168,2023-04-19T17:48:30.000Z,benito e franco. kkkk seria piada pronta de não fosse trágico!,0,0,1,https://twitter.com/BohnGass/status/1648396689261076481
PALHAÇO CANSADO,@Rapha_Sednanref,https://twitter.com/Rapha_Sednanref/status/1648448313828708352,2023-04-18T22:07:59.000Z,"Bacana, mas e os generais? Tá claro q tem general envolvido e não vejo movimentação pra prender nenhum. A esposa de um deles, por exemplo. Tava na porta do quartel o tempo todo, organizou tudo e fugiu escoltada quando a chapa esquentou. Não vejo ninguém falar em prender o ser!",0,0,9,https://twitter.com/BohnGass/status/1648396689261076481
Isac Calixto,@CalixtoIsac,https://twitter.com/CalixtoIsac/status/1648799394546720769,2023-04-19T21:23:03.000Z,"Fale do general Dias que abriu as portas para os invasores, e, que ele chorou quando lula “venceu” as eleições e que mesmo com tudo que ocorreu em 08/01, lula o manteve no cargo. Interessante o caminho",0,0,0,https://twitter.com/BohnGass/status/1648396689261076481
"Lula, o melhor Presidente!",@BrasilFeliz13,https://twitter.com/BrasilFeliz13/status/1648456167453245441,2023-04-18T22:39:11.000Z,"Quero ver indiciarem o pequeno Heleno,  Praga Neto,  Vidas Boas, entre outros oficiais golpistas da alta cúpula. 
É bom q processem os peixes pequenos,  mas os tubarões q incentivaram, financiaram,  planejaram e até participaram dos atos democráticos, têm que ser punidos.",1,0,5,https://twitter.com/BohnGass/status/1648396689261076481
Sitting Bull,@marcelo_iwasaki,https://twitter.com/marcelo_iwasaki/status/1648437744786604036,2023-04-18T21:25:59.000Z,"Caraca, o nome do cara é Benito ( Mussolini) Franco ( Francisco ) …",0,0,1,https://twitter.com/BohnGass/status/1648396689261076481
Anderson Silva,@AndersonSC1974,https://twitter.com/AndersonSC1974/status/1648498518569684992,2023-04-19T01:27:29.000Z,Mera coincidência esse nome dele ?,0,0,1,https://twitter.com/BohnGass/status/1648396689261076481
Henrique Lima,@Marcelo04788529,https://twitter.com/Marcelo04788529/status/1648516670921781248,2023-04-19T02:39:36.000Z,Grande dia,0,0,0,https://twitter.com/BohnGass/status/1648396689261076481
Maria Helena,@MariaHe22750937,https://twitter.com/MariaHe22750937/status/1648839565728251907,2023-04-20T00:02:41.000Z,"Tem uma cara de quem comeu e não gostou,patriotario se deu mal ,se ferrou !!!!",0,0,2,https://twitter.com/BohnGass/status/1648396689261076481
sigam-me os bons,@Defensordaterra,https://twitter.com/Defensordaterra/status/1648478926115868672,2023-04-19T00:09:37.000Z,Parabéns à polícia federal! 🤙🏼👏👏👏,0,0,0,https://twitter.com/BohnGass/status/1648396689261076481
Gisleine Maioral,@GisleineMaioral,https://twitter.com/GisleineMaioral/status/1648476109263245313,2023-04-18T23:58:26.000Z,Uaiiiii...e o teu Presidente e teu Ministro da Justiça?? Estao fora disso???🤮🤮🤮🤮🤮🤣🤣🤣🤣🤣🤣,0,0,1,https://twitter.com/BohnGass/status/1648396689261076481
Sanai Matsuzaki,@sanai_nai,https://twitter.com/sanai_nai/status/1648416656354340866,2023-04-18T20:02:11.000Z,Gente! É impressão minha ou todo mundo tem a mesma cara.,0,0,1,https://twitter.com/BohnGass/status/1648396689261076481
Maria Tereza,@MariaTe17986324,https://twitter.com/MariaTe17986324/status/1648415737386614785,2023-04-18T19:58:32.000Z,Ótimo! Que prendam os outros envolvidos que estão aí  escondendo o que fizeram!,0,0,1,https://twitter.com/BohnGass/status/1648396689261076481
Santinho@cororo13,Santinho@cororo13,https://twitter.com/bedendo_santo/status/1648463051736371200,2023-04-18T23:06:33.000Z,"Com raras exceções, Coronéis das PMs são o retrato desse Braço Armado da Elite Branca e do Militarismo Perverso, cujo desígnio é eliminar pretos/pobres/ da periferia. Um horror de polícia!",1,0,6,https://twitter.com/BohnGass/status/1648396689261076481
Natanael Neto,@natanaelneto,https://twitter.com/natanaelneto/status/1648398677122113536,2023-04-18T18:50:45.000Z,Mais um que vai chorar na cela.,2,2,30,https://twitter.com/BohnGass/status/1648396689261076481
Marcelo Urso,@Marcelo_urso,https://twitter.com/Marcelo_urso/status/1648427569413521410,2023-04-18T20:45:33.000Z,"Deveria prender e ser expulso da corporação uma vergonha nacional
Coitado dos filhos e netos vão mostrar que ele foi um militar golpista vergonhoso enquanto isso o mito deles roubou e andando de Jet Ski e usufruindo do bom e do melhor",1,0,1,https://twitter.com/BohnGass/status/1648396689261076481
FORAMOLUSCO,@Excluido03000,https://twitter.com/Excluido03000/status/1648435345732812804,2023-04-18T21:16:27.000Z,Bandidos soltos e policiais presos. Brasilsilsil😒,0,0,26,https://twitter.com/BohnGass/status/1648396689261076481
Sônia Santos,@SniaSan20406830,https://twitter.com/SniaSan20406830/status/1648438185339539461,2023-04-18T21:27:44.000Z,Golpismo foi feito nas eleições de 2022,1,0,15,https://twitter.com/BohnGass/status/1648396689261076481
Betinha,@tiadozap22,https://twitter.com/tiadozap22/status/1648586359412609024,2023-04-19T07:16:31.000Z,"😂😂😂😂o maior ladrão desse país está solto , com a ajuda dos amiguinhos, mas a CPMI não querem..",0,0,0,https://twitter.com/BohnGass/status/1648396689261076481
Esfinge,@Esfinge51858057,https://twitter.com/Esfinge51858057/status/1648735700357873682,2023-04-19T17:09:57.000Z,Bandidagem é isto!,0,0,0,https://twitter.com/BohnGass/status/1648396689261076481
Rosangela Amorim,@RosangelCoelho,https://twitter.com/RosangelCoelho/status/1648606437843644416,2023-04-19T08:36:19.000Z,"Cpmi já, temos que esclarecer todos esses crimes.",0,0,0,https://twitter.com/BohnGass/status/1648396689261076481
Valéria Novás -,@Valria868196371,https://twitter.com/Valria868196371/status/1648535663019544578,2023-04-19T03:55:05.000Z,Vai lá Assina a #CPMI08dejaneiroja.....  faça  justiça,0,0,0,https://twitter.com/BohnGass/status/1648396689261076481
Ana Saraiva,@ANALUIZ91808167,https://twitter.com/ANALUIZ91808167/status/1648399493895684100,2023-04-18T18:53:59.000Z,Vocês são uns,2,0,0,https://twitter.com/BohnGass/status/1648396689261076481
𝓔𝓵𝓮𝓷 𝓢𝓪𝓷𝓽𝓸𝓼,@elenpress,https://twitter.com/elenpress/status/1648428900383604736,2023-04-18T20:50:50.000Z,Lugar de criminoso é na cadeia. E policial que enverga a farda é a maior escória que existe.,0,1,0,https://twitter.com/BohnGass/status/1648396689261076481
Carlos Gomes BSB,@JosCarl61569213,https://twitter.com/JosCarl61569213/status/1648831711294128129,2023-04-19T23:31:28.000Z,Mais um militar vendido à ideologia fascista da extrema direita.,0,0,0,https://twitter.com/BohnGass/status/1648396689261076481
TitoManJa,@mancilla_waldo,https://twitter.com/mancilla_waldo/status/1648519507399544838,2023-04-19T02:50:53.000Z,"BENITO
FRANCO 
Fascista de carterinha",0,0,0,https://twitter.com/BohnGass/status/1648396689261076481
Pusch,@mipuschm,https://twitter.com/mipuschm/status/1648467393520484352,2023-04-18T23:23:48.000Z,"O Brasil dos esquerdopatas, onde se prende policiais e solta ladrão e quadrilha pra gerenciar uma nação.",0,0,0,https://twitter.com/BohnGass/status/1648396689261076481
Ju Piscina,@PiscinaJu,https://twitter.com/PiscinaJu/status/1648466308156235776,2023-04-18T23:19:29.000Z,Cadeia nele,0,0,0,https://twitter.com/BohnGass/status/1648396689261076481
Gandalf,@DavidsonNunes7,https://twitter.com/DavidsonNunes7/status/1648466735413211137,2023-04-18T23:21:11.000Z,Lixo!,0,0,0,https://twitter.com/BohnGass/status/1648396689261076481
Franco/,@FrancoXyw,https://twitter.com/FrancoXyw/status/1648467581588865029,2023-04-18T23:24:33.000Z,Justiça sendo feita. Aos poucos chegando nos peixes maiores.,0,0,0,https://twitter.com/BohnGass/status/1648396689261076481
Adriana Cavalcante,@Adriana19249936,https://twitter.com/Adriana19249936/status/1648641728289595393,2023-04-19T10:56:32.000Z,"Ainda existem.homens neste país, mas os covardes estão no poder, e isso é o que acontece quando o povo se submete a corruptos, são presos, ou mortos.. um país sem justica, é escravizado, subjugado, um.povo que não conhece sua história perece nas mãos de ditadores",0,0,0,https://twitter.com/BohnGass/status/1648396689261076481
Isaias Ortolan,@IsaiasOrtolan,https://twitter.com/IsaiasOrtolan/status/1648400005323972609,2023-04-18T18:56:01.000Z,Direto pra Papuda!..... militar insuflar a população terá de perder patente e ser demitido. Além do xilindro!,0,0,1,https://twitter.com/BohnGass/status/1648396689261076481
dario castro alves,@dario_CE,https://twitter.com/dario_CE/status/1648472335245246465,2023-04-18T23:43:26.000Z,"Não Bobo Gagah, antidemocrático são vocês",0,0,0,https://twitter.com/BohnGass/status/1648396689261076481
Junior Moura,@njrmoura,https://twitter.com/njrmoura/status/1648750268018728962,2023-04-19T18:07:50.000Z,Livrou teu rabinho nessa....,0,0,0,https://twitter.com/BohnGass/status/1648396689261076481
The Coder Returns,@CoderNZReturns,https://twitter.com/CoderNZReturns/status/1648605914805723138,2023-04-19T08:34:14.000Z,"Lesa pátria é meu pau de óculos, verme",0,0,0,https://twitter.com/BohnGass/status/1648396689261076481
Debora Block,@DeboraFBergamo,https://twitter.com/DeboraFBergamo/status/1648406067443793925,2023-04-18T19:20:07.000Z,Que cara de idiota.,0,0,0,https://twitter.com/BohnGass/status/1648396689261076481
Alisson,@alissongodoy9,https://twitter.com/alissongodoy9/status/1648446385728155649,2023-04-18T22:00:19.000Z,Você é corrupto,0,0,0,https://twitter.com/BohnGass/status/1648396689261076481
Cláudio,@Cludio18992966,https://twitter.com/Cludio18992966/status/1648416472966868998,2023-04-18T20:01:27.000Z,Mais um otario.kkkkkkk...,0,0,0,https://twitter.com/BohnGass/status/1648396689261076481
Luiz,@LuizButzke6,https://twitter.com/LuizButzke6/status/1648459087510904833,2023-04-18T22:50:48.000Z,Falou o Nitrato de Potássio da merda da política brasileira.,0,0,0,https://twitter.com/BohnGass/status/1648396689261076481
Don Pblo,@pablocoelho22,https://twitter.com/pablocoelho22/status/1648442643150700545,2023-04-18T21:45:27.000Z,👏🏼👏🏼👏🏼👏🏼👏🏼👏🏼👏🏼👏🏼 porco FDP tem q se fuder,0,0,0,https://twitter.com/BohnGass/status/1648396689261076481
Julio Cezar,@JulioCezarMD,https://twitter.com/JulioCezarMD/status/1648405858819137537,2023-04-18T19:19:17.000Z,"🤔- Aliado da ditadura Russa
- Aliado da ditadura Cubana
- Aliado da ditadura Nicaraguense
- Aliado da ditadura Iraniana
- Aliado da ditadura Venezuelana
-Aliado da ditadura Chinesa

Mas se você falar muito contra, está desrespeitando o Estado democrático de direito",0,0,0,https://twitter.com/BohnGass/status/1648396689261076481
Maureded,@maureded,https://twitter.com/maureded/status/1648434848720392194,2023-04-18T21:14:29.000Z,a pm passou da hora de ter acabado!!! bando de golpistas!!! lugar de milico e dentro do quartel e não na política!!!,0,0,0,https://twitter.com/BohnGass/status/1648396689261076481
pereira Passos,@passos_edimar,https://twitter.com/passos_edimar/status/1648468084955680769,2023-04-18T23:26:33.000Z,"Foram indivíduos esse, que deu credibilidade aos retardados a ficarem meses acampados em frente aos quartéis.
Resultado? Papuda.....",0,0,0,https://twitter.com/BohnGass/status/1648396689261076481
Bruno 13,@Brunofla___,https://twitter.com/Brunofla___/status/1648414780179243008,2023-04-18T19:54:44.000Z,"Fico pensando como esses caras que tem uma carreira de trabalho na vida, jogar tudo no lixo pelo Bolsonaro ... Tem que ser muita doença mental...",0,0,0,https://twitter.com/BohnGass/status/1648396689261076481
hummm,@yeaaks,https://twitter.com/yeaaks/status/1648402084750938112,2023-04-18T19:04:17.000Z,"Que passe os seus últimos dias de vida na cadeia, amém.",0,0,0,https://twitter.com/BohnGass/status/1648396689261076481
@AssisFaaf,@AssisFaaf,https://twitter.com/guerfoton1/status/1648468185719648256,2023-04-18T23:26:57.000Z,Cadeia nele!,0,0,0,https://twitter.com/BohnGass/status/1648396689261076481
Madureira,@Fabricio_Madu,https://twitter.com/Fabricio_Madu/status/1648425216249597954,2023-04-18T20:36:12.000Z,Vai Mamando,0,0,0,https://twitter.com/BohnGass/status/1648396689261076481
Nandosapiência,@Nandoistired,https://twitter.com/Nandoistired/status/1648548287002169344,2023-04-19T04:45:14.000Z,"Mais um filhinho da ditadura na cadeia
Coisa boa 
Espero que sofra mais e mais",0,0,0,https://twitter.com/BohnGass/status/1648396689261076481
Bruno Porto,@PBru83,https://twitter.com/PBru83/status/1648671936287744000,2023-04-19T12:56:35.000Z,Vai morar na cadeia esse vagabundo.,0,0,0,https://twitter.com/BohnGass/status/1648396689261076481
Suzana Ferreira,@SuzanaF83422999,https://twitter.com/SuzanaF83422999/status/1648425049454702594,2023-04-18T20:35:32.000Z,É a favor da CPMI?!! Vamos descobrir a VERDADE?,0,0,0,https://twitter.com/BohnGass/status/1648396689261076481
Félix Fred,@Ezequie30228317,https://twitter.com/Ezequie30228317/status/1648434401670483968,2023-04-18T21:12:42.000Z,Miliciano safado,0,0,0,https://twitter.com/BohnGass/status/1648396689261076481
Francisco Castro Jr.,@chicocastrojr,https://twitter.com/chicocastrojr/status/1648404647609090048,2023-04-18T19:14:28.000Z,"O cara nasceu pra ser fascista desde o berço, só isso explica um nome desses: Benito (Mussolini) Franco (de Francisco Franco o ditador espanhol fascista). Imagina a criação de um pedaço de merda desses",0,0,0,https://twitter.com/BohnGass/status/1648396689261076481
Andre,@AndreNOVO202022,https://twitter.com/AndreNOVO202022/status/1648434767732572161,2023-04-18T21:14:09.000Z,Consegue chamar ele de corrupto descondenado?,0,0,0,https://twitter.com/BohnGass/status/1648396689261076481
Arnaldo,@Porcovit,https://twitter.com/Porcovit/status/1648814309101715470,2023-04-19T22:22:19.000Z,Fale-nos mais sobre o chefe do GSI de Lula,0,0,1,https://twitter.com/BohnGass/status/1648396689261076481
Robinho,@Robinho74445764,https://twitter.com/Robinho74445764/status/1648440738936672259,2023-04-18T21:37:53.000Z,Enquanto isso o chefe da quadrilha virou presidente,0,0,0,https://twitter.com/BohnGass/status/1648396689261076481
Paulo Martins,@PauloMa24047702,https://twitter.com/PauloMa24047702/status/1648458123827638273,2023-04-18T22:46:58.000Z,Cheio de pose...vai dar uma de machão agora.,0,0,0,https://twitter.com/BohnGass/status/1648396689261076481
9 DEDOS LADRÃO,@NatanMarechal,https://twitter.com/NatanMarechal/status/1648471552634286080,2023-04-18T23:40:19.000Z,#CPMIdo08deJaneiro,0,0,0,https://twitter.com/BohnGass/status/1648396689261076481
Chacal Guimaraes,@ChacalGuimaraes,https://twitter.com/ChacalGuimaraes/status/1648447331812143104,2023-04-18T22:04:05.000Z,Deixa apodrecer na cadeia. Vai virar comida de preso,0,1,1,https://twitter.com/BohnGass/status/1648396689261076481
Josimar Dantas,@JosimarDantas6,https://twitter.com/JosimarDantas6/status/1648458693233774597,2023-04-18T22:49:14.000Z,Cadeia pra esse nazista vagabundo.,0,0,0,https://twitter.com/BohnGass/status/1648396689261076481
Thor o Magnífico,@MagnificoThor,https://twitter.com/MagnificoThor/status/1648447738881937408,2023-04-18T22:05:42.000Z,"Governo de me tirar narrativas..vcs acham mesmo que vai ter êxito! 
vai achando ....",0,0,0,https://twitter.com/BohnGass/status/1648396689261076481
Lara Garcez,@IaraTei97071032,https://twitter.com/IaraTei97071032/status/1648447876627075073,2023-04-18T22:06:15.000Z,"Que fim de carreira carteirinhas senhor?
Tudo isso apoiar um ser sem noção ,que infelizmente foi presidente desse lindo País.",0,0,0,https://twitter.com/BohnGass/status/1648396689261076481
Neolina Moreira,@MoreiraNeolina,https://twitter.com/MoreiraNeolina/status/1648535267509252096,2023-04-19T03:53:30.000Z,"Enquanto isso, na República de bananas...",0,0,0,https://twitter.com/BohnGass/status/1648396689261076481
Divina,@divinadomares,https://twitter.com/divinadomares/status/1648444891800932352,2023-04-18T21:54:23.000Z,Povo de baixo QI. Comemora a prisão de cidadãos sem crimes. E se calam com bandidos e corruptos de alta periculosidade  soltos,0,0,0,https://twitter.com/BohnGass/status/1648396689261076481
Pusch,@mipuschm,https://twitter.com/mipuschm/status/1648468133714464769,2023-04-18T23:26:44.000Z,"Com a sua idade, já deveria saber q logo Deus te chama pra prestar conta e te mandar pra um lugar bem quentinho para o resto da eternidade.",0,0,1,https://twitter.com/BohnGass/status/1648396689261076481
Cassio Moreira,@cassiomoreira,https://twitter.com/cassiomoreira/status/1648404286735548420,2023-04-18T19:13:02.000Z,"#VamosJuntosPeloBrasil#LulaTrabalhista@cassiomoreira@martins547@dommenrod @profdjferreira @Nilsonhandebol @InesNasciment12 @WilmarPetista @CissoPazey @MessiasNewton@gueldany12Se você apoia o LULA  COMPARTILHA
e INSCREVA-SE nesse canal!https://youtube.com/cassiomoreira?sub_confirmation=1…",0,2,2,https://twitter.com/BohnGass/status/1648396689261076481
cleusa niccioli,@cleusaniciolli,https://twitter.com/cleusaniciolli/status/1648500470540009473,2023-04-19T01:35:14.000Z,"Não vejo a hora de vcs se lançarem com o comunismo.  A história mostra, mais de 100 milhões de pessoas foram mortas pelo comunismo. Quero ver gente como vcs, no trabalho escravo como na China. Só assim, a ignorância acaba.",0,0,0,https://twitter.com/BohnGass/status/1648396689261076481
Antonio Braga,@bragaantonio979,https://twitter.com/bragaantonio979/status/1648407551220875265,2023-04-18T19:26:00.000Z,BOLSONARISMO gera golpistas e corruptos!!!!!!!,3,1,5,https://twitter.com/BohnGass/status/1648396689261076481
Luiz Casagrande,@luizcasagra,https://twitter.com/luizcasagra/status/1648431120160296961,2023-04-18T20:59:40.000Z,"Por que tanto medo da CPMI de 8/1, o que temem  que seja descoberto, será os infiltrados PTerroristas, será que o ex-presidiario tem culpa no cartório outra vez, será que o gordinho que come por 10 está envolvido, será que tem prevaricação, por que tanto medo.",0,0,0,https://twitter.com/BohnGass/status/1648396689261076481
Cino Silva,@AlvesMercino,https://twitter.com/AlvesMercino/status/1648404879571058693,2023-04-18T19:15:23.000Z,"Ohh compas, por tudo de mais sagrado quem puder e quiser me ajude q seja c 1 real se tiver no alcance de vcs e perdão está pedindo sei das dificuldades de vcs e agradeço cada um de coração meus amigos! 
Pix 33991756922Cel.Obg",0,0,0,https://twitter.com/BohnGass/status/1648396689261076481
Cino Silva,@AlvesMercino,https://twitter.com/AlvesMercino/status/1648405479352156166,2023-04-18T19:17:46.000Z,"Ohh compas, por tudo de mais sagrado quem puder e quiser me ajude q seja c 1 real se tiver no alcance de vcs e perdão está pedindo sei das dificuldades de vcs e agradeço cada um de coração meus amigos! 
Pix 33991756922Cel.Obg",0,0,0,https://twitter.com/BohnGass/status/1648396689261076481
Cino Silva,@AlvesMercino,https://twitter.com/AlvesMercino/status/1648406548123713537,2023-04-18T19:22:01.000Z,"Ohh compas, por tudo de mais sagrado quem puder e quiser me ajude q seja c 1 real se tiver no alcance de vcs e perdão está pedindo sei das dificuldades de vcs e agradeço cada um de coração meus amigos! 
Pix 33991756922Cel.Obg",0,0,0,https://twitter.com/BohnGass/status/1648396689261076481
