nome,usuario,idTweet,dataPublicacao,texto,replies,retweets,likes,tweetPai
BUSTER GUNSLINGER,@BusterScruggs12,https://twitter.com/BusterScruggs12/status/1648775214837235713,2023-04-19T19:46:58.000Z,Vc está indo ser padrinho de casamento? Que terno é esse? 😂😂😂😂😂😂😂😂😂😂😂😂😂😂😂,28,2,202,https://twitter.com/cabogilberto/status/1648770229718208546
Tiao®,@Twisla2022,https://twitter.com/Twisla2022/status/1648802888401952775,2023-04-19T21:36:56.000Z,Kkkkkkkk vai pra onde ? buscar os produtos que Bozo afanou e entregou ao receptador Piquet?,0,0,1,https://twitter.com/cabogilberto/status/1648770229718208546
Rebekka,@Beka597718,https://twitter.com/Beka597718/status/1648791011294957569,2023-04-19T20:49:44.000Z,"O Povo brasileiro tá do lado do BEM, e o bem é o Lula!! 
A quem vc acha que está convencendo?",0,0,5,https://twitter.com/cabogilberto/status/1648770229718208546
Marcelo Mendes,@mendescorja,https://twitter.com/mendescorja/status/1648781270447423489,2023-04-19T20:11:02.000Z,"Gonçalves Dias chegou após ataque dos terroristas bolsonaristas e da participação dos militares do GSI, conforme horário no próprio vídeo. Pq a@CNNBrasil fez uma cronologia FreeStyle colocando o ministro no meio dos atos e escondeu apenas os rostos dos outros militares?",2,1,7,https://twitter.com/cabogilberto/status/1648770229718208546
salomao afiune,@salomaoafiune,https://twitter.com/salomaoafiune/status/1648773610377445376,2023-04-19T19:40:36.000Z,Chega o Bete ! O Brasil está parado . mas está parado já desde que a esquerda quadrilha entrou,1,0,2,https://twitter.com/cabogilberto/status/1648770229718208546
Sarment0,@Lula_Brazil,https://twitter.com/Lula_Brazil/status/1648781025705697283,2023-04-19T20:10:04.000Z,"Eu apoio a CPI, vamos investigar a fundo. Dê anistia para os milicos de alta patente e o resto envolvido sejam investigado e se culpados, sejam condenados. Tem suplente de dep e senadores que apoiam a ideia. Era contra esse circo, agora sou a favor",0,0,3,https://twitter.com/cabogilberto/status/1648770229718208546
Beto Toscani,@beto_toscani,https://twitter.com/beto_toscani/status/1648789507112685569,2023-04-19T20:43:46.000Z,"hahahaha
Se o general é golpista, não tira a culpa dos golpistas presos.
E vai ter mais...",0,1,1,https://twitter.com/cabogilberto/status/1648770229718208546
Marial Luiza Vicente,@VicenteMarial,https://twitter.com/VicenteMarial/status/1648823622885330944,2023-04-19T22:59:20.000Z,Verdade.  Desde 2019 nossa vida é um inferno.,0,0,0,https://twitter.com/cabogilberto/status/1648770229718208546
James guia,@JamesAlfredx,https://twitter.com/JamesAlfredx/status/1648982254876602368,2023-04-20T09:29:40.000Z,Nobre deputado tem razão.,0,0,0,https://twitter.com/cabogilberto/status/1648770229718208546
Vechio03,@vechio0399168,https://twitter.com/vechio0399168/status/1648787770121371648,2023-04-19T20:36:52.000Z,"Patriotas inconstitucionalmente presos e torturados pelo Rei Xandão. E a esquerdalha mentindo direto, DESTRUINDO a economia e a moral no Brasil",0,1,1,https://twitter.com/cabogilberto/status/1648770229718208546
Emerson Macedo,@EMERSONMMACEDO,https://twitter.com/EMERSONMMACEDO/status/1648796086021115909,2023-04-19T21:09:54.000Z,Mas e aí? Tudo joia? Os moveis se moveram sozinhos por aí ??? Vá trabalhar... 🤣🤣🤣,0,0,2,https://twitter.com/cabogilberto/status/1648770229718208546
Lu Bueno,@LuBueno53106479,https://twitter.com/LuBueno53106479/status/1649032701289066496,2023-04-20T12:50:08.000Z,Não apenas ir atrás da verdade mas fazer justiça com ela. Acabar com todas as atrocidades e desmandos a que o Brasil está sendo submetido.,0,0,0,https://twitter.com/cabogilberto/status/1648770229718208546
Hebert Luiz,@HebertLuiz20,https://twitter.com/HebertLuiz20/status/1648773529926508544,2023-04-19T19:40:16.000Z,"Muito bom Gilberto, força, não se rompe com migalhas de subornos e intimidações de ministros do STF, APENAS FAÇA OQ ESTA NA LEGISLAÇÃO E FAÇA CUMPRIR A LEI.",0,1,1,https://twitter.com/cabogilberto/status/1648770229718208546
Juliano,@Julianobueno79,https://twitter.com/Julianobueno79/status/1648797658763468807,2023-04-19T21:16:09.000Z,Isso aí meu deputado. Votei em você 🫵,0,1,1,https://twitter.com/cabogilberto/status/1648770229718208546
GoodBrasil2022,@GoodBrasil2022,https://twitter.com/GoodBrasil2022/status/1649100007855865889,2023-04-20T17:17:35.000Z,"E tenha certeza, VAI DOER.
Queriam a CPI? Agora terão,  em detrimento a pautas importantíssimas pro PAÍS.  E quero ver muitos que ATÉ agora se esconderam covardemente,  serem expostos, cassados e PRESOS. 
Vai ter bolão? Churrasco , cerva gelada e pipoca, vai ter. Foguetes...",0,0,0,https://twitter.com/cabogilberto/status/1648770229718208546
Tgfruj,@LarryLfs,https://twitter.com/LarryLfs/status/1648791309056897034,2023-04-19T20:50:55.000Z,Faz me rir.,0,0,3,https://twitter.com/cabogilberto/status/1648770229718208546
Juliana Inacio,@Juliana29069629,https://twitter.com/Juliana29069629/status/1648796323263533063,2023-04-19T21:10:51.000Z,"Atestado médico sem a doença 🤔.
Será doença do medo❓",0,0,0,https://twitter.com/cabogilberto/status/1648770229718208546
Les yeux sans visage,@parafusodveludo,https://twitter.com/parafusodveludo/status/1648783563964272642,2023-04-19T20:20:09.000Z,"AHAHAHAHAHAAHAHAHAHAHA
CARA TÁ DE COSPLAY DO LOYD E QUER TER MORAL",0,0,0,https://twitter.com/cabogilberto/status/1648770229718208546
HENRIQUE,@hboeagle73,https://twitter.com/hboeagle73/status/1648809857963769859,2023-04-19T22:04:38.000Z,FOI FAKEADA SIM!,0,0,0,https://twitter.com/cabogilberto/status/1648770229718208546
Rita,@RCChiea,https://twitter.com/RCChiea/status/1648819028230651910,2023-04-19T22:41:04.000Z,Impeachment da chapa Lula/Alckimin.,0,0,0,https://twitter.com/cabogilberto/status/1648770229718208546
Giovanni,@GiovanniZatonni,https://twitter.com/GiovanniZatonni/status/1648781562488528897,2023-04-19T20:12:12.000Z,"Põe o cinto, cidadão",0,0,0,https://twitter.com/cabogilberto/status/1648770229718208546
varella tv,@tv_varella,https://twitter.com/tv_varella/status/1648833651168215040,2023-04-19T23:39:10.000Z,O senhor e isento? Por que se declara cabo quando tem até mestrado ? Esquisito,0,0,1,https://twitter.com/cabogilberto/status/1648770229718208546
Adriana P R Inácio,@AdrianaPRIncio1,https://twitter.com/AdrianaPRIncio1/status/1648791494478766081,2023-04-19T20:51:40.000Z,Contamos com o senhor!,0,0,0,https://twitter.com/cabogilberto/status/1648770229718208546
Alexandre,@xandeezany,https://twitter.com/xandeezany/status/1648786888419950593,2023-04-19T20:33:21.000Z,#ImpeachmentDoLulaJá #ForaPacheco #ForaDino,0,1,2,https://twitter.com/cabogilberto/status/1648770229718208546
Adriel Oliveira,@aroliadm,https://twitter.com/aroliadm/status/1648802375291875331,2023-04-19T21:34:54.000Z,"Kabô Gil,
           Não muda nada: o CoisOgro e seus milicos, inclusive os do  Palácio, foram corresponsáveis pela tentativa de golpe.
          Lula não havia tirado ainda os milicos do CoisOgro de lá.    
        Deu no que deu!
Então, CPMI. Vcs vão ver de novo
O SHOW DO DINO!",0,0,0,https://twitter.com/cabogilberto/status/1648770229718208546
Marcelo Mendes,@mendescorja,https://twitter.com/mendescorja/status/1648780859061723137,2023-04-19T20:09:24.000Z,"Quando vejo essa bandeirinha do Brasil no avatar da criatura, sei que lá vem merda!!! Nunca falha.",0,0,7,https://twitter.com/cabogilberto/status/1648770229718208546
André Luz,@AndrLuz44446592,https://twitter.com/AndrLuz44446592/status/1648812953917857800,2023-04-19T22:16:56.000Z,Vai investigar as rachadinhas?,0,0,0,https://twitter.com/cabogilberto/status/1648770229718208546
RitaPandora,@RitadeC87784059,https://twitter.com/RitadeC87784059/status/1648819908862435329,2023-04-19T22:44:34.000Z,@alexandre,0,0,0,https://twitter.com/cabogilberto/status/1648770229718208546
Vitor de Castro,@peaocomdiploma,https://twitter.com/peaocomdiploma/status/1648782523600715778,2023-04-19T20:16:01.000Z,Todo bolsonarista é canalha? É pro meu TCC,0,0,1,https://twitter.com/cabogilberto/status/1648770229718208546
Renato,@deoveiga,https://twitter.com/deoveiga/status/1648838570617044995,2023-04-19T23:58:43.000Z,Será que tinha também em câmeras para ver o dinossauro vendo tudo isso será,1,1,1,https://twitter.com/cabogilberto/status/1648770229718208546
Jussara,@Jussara17750048,https://twitter.com/Jussara17750048/status/1648799707034972163,2023-04-19T21:24:18.000Z,Vc tomou seu remédio hj?,0,0,1,https://twitter.com/cabogilberto/status/1648770229718208546
Origh International,@OrighInter,https://twitter.com/OrighInter/status/1648794534996787211,2023-04-19T21:03:44.000Z,🇧🇷🛡️ℹ️Brazil,0,2,2,https://twitter.com/cabogilberto/status/1648770229718208546
Maria Edsalma da Silva,@edsalma_da,https://twitter.com/edsalma_da/status/1648775225096404993,2023-04-19T19:47:01.000Z,"Sem dúvidas...pau no molusco agora,já!!",0,0,1,https://twitter.com/cabogilberto/status/1648770229718208546
José Neto,@jota38097629,https://twitter.com/jota38097629/status/1648821901488439296,2023-04-19T22:52:29.000Z,E é o mega mente é?,0,0,0,https://twitter.com/cabogilberto/status/1648770229718208546
Juan Valencia,@juancgval,https://twitter.com/juancgval/status/1648819817128796161,2023-04-19T22:44:12.000Z,Vai atras desta verdade!,0,0,0,https://twitter.com/cabogilberto/status/1648770229718208546
Marcy,@Patriota22123,https://twitter.com/Patriota22123/status/1648805682978725893,2023-04-19T21:48:02.000Z,#ImpeachmentDoLulaJa e todos que estão envolvidos!!,0,0,0,https://twitter.com/cabogilberto/status/1648770229718208546
Cátia Ferreira,@Catiafs01,https://twitter.com/Catiafs01/status/1648782971007115264,2023-04-19T20:17:47.000Z,Sai fora cuzão!,0,0,0,https://twitter.com/cabogilberto/status/1648770229718208546
Antonio claudio De paula,@Antonio20158788,https://twitter.com/Antonio20158788/status/1648813151641645056,2023-04-19T22:17:43.000Z,"ERRADISSIMO EU VIVIA CANSADO FOI NOS ULTIMOS 4 ANOS, AGORA ME SINTO EM PAZ QUE FIQUE BEM CLARO",0,0,0,https://twitter.com/cabogilberto/status/1648770229718208546
MariWaiting for #WujuBakery,@marinomundobl,https://twitter.com/marinomundobl/status/1649092451456663553,2023-04-20T16:47:33.000Z,"Kkkk os Minions invadem o congresso , tentam explodir caminhão em aeroporto e vem com essa. CALA BOCA E PARA RE DEFENDER BANDIDO.",0,0,0,https://twitter.com/cabogilberto/status/1648770229718208546
Jose Silva,@JoseSil24238047,https://twitter.com/JoseSil24238047/status/1648778836513882113,2023-04-19T20:01:22.000Z,"Sim cabeça de ovo, o HELENO, o BOZO e tal.",0,0,0,https://twitter.com/cabogilberto/status/1648770229718208546
Peter_ Lyra,@Peter_Lyra,https://twitter.com/Peter_Lyra/status/1648771547300089858,2023-04-19T19:32:24.000Z,O senhor ganha um salário altíssimo para ficar sabotando o governo? Não trabalha? 🤔🤔🤔,0,0,0,https://twitter.com/cabogilberto/status/1648770229718208546
ᴠɪɴᴄᴇɴᴛ,@_alekky,https://twitter.com/_alekky/status/1648778586487128067,2023-04-19T20:00:22.000Z,A minuta estava com quem mesmo?,0,0,0,https://twitter.com/cabogilberto/status/1648770229718208546
Santos Paraíba,@Santos_Paraiba,https://twitter.com/Santos_Paraiba/status/1648901687682244608,2023-04-20T04:09:32.000Z,Será FAVORÁVEL a prisão de GENERAL/CORONEL que ajudou nos atos TERRORISTAS?,0,0,0,https://twitter.com/cabogilberto/status/1648770229718208546
Nelson José Caraciola,@CaraciolaJose,https://twitter.com/CaraciolaJose/status/1648784359065899013,2023-04-19T20:23:18.000Z,Provas robustas e concretas que o #Lula está cercado de traidores e conspiradores. Gente que deve ser afastadas de todos os postos chaves. Limpar o governo destes parasitas imundos. Gente que vai continuar vivendo de fazer fake news.,0,0,1,https://twitter.com/cabogilberto/status/1648770229718208546
Docente Adevaldo R. L.,@LAdevaldo,https://twitter.com/LAdevaldo/status/1648788425661722624,2023-04-19T20:39:28.000Z,"foram o gado do PL, o gabinetezinho do Ódio sibrevivendo",0,0,0,https://twitter.com/cabogilberto/status/1648770229718208546
Jackson,@Jackson62357231,https://twitter.com/Jackson62357231/status/1648782219182260224,2023-04-19T20:14:48.000Z,Quem mais passou os brasileiros p traz foi o Bolsonaro quando ria dos mortos pela COVID…,0,0,0,https://twitter.com/cabogilberto/status/1648770229718208546
JDPT190353,@JDPT190353,https://twitter.com/JDPT190353/status/1648802034869575682,2023-04-19T21:33:33.000Z,Milico pilantra. Vocês militares não tem caráter nenhum. Não  valem um saco de bosta. São traíras e entreguistas. Vocês são  uma vergonha pro país.,0,0,0,https://twitter.com/cabogilberto/status/1648770229718208546
Soter França,@soterfjr,https://twitter.com/soterfjr/status/1648827311007858688,2023-04-19T23:13:59.000Z,Vai a merda.,0,0,0,https://twitter.com/cabogilberto/status/1648770229718208546
Alexandre,@xandeezany,https://twitter.com/xandeezany/status/1648787065226555394,2023-04-19T20:34:03.000Z,Lula tem dedo nisso aí !,0,0,0,https://twitter.com/cabogilberto/status/1648770229718208546
,@amiguinhaComuna,https://twitter.com/amiguinhaComuna/status/1648816666799665152,2023-04-19T22:31:41.000Z,Vão se enfiar na merda de vcs. Nada tememos. nada devemos…,0,0,0,https://twitter.com/cabogilberto/status/1648770229718208546
João Claudino,@claudinogeo,https://twitter.com/claudinogeo/status/1648791253046157320,2023-04-19T20:50:42.000Z,Deixa de ridículo… recebeu Rolex? Tá com alguma peça das Arábia? Sendo sim tu é cúmplice.. sendo não tu é otário,0,0,0,https://twitter.com/cabogilberto/status/1648770229718208546
sandy vinhato,@sandy_vinhato,https://twitter.com/sandy_vinhato/status/1648777224542142468,2023-04-19T19:54:57.000Z,👏🤝🇧🇷🙌,0,0,0,https://twitter.com/cabogilberto/status/1648770229718208546
MarcoDS23,@Marcods2023,https://twitter.com/Marcods2023/status/1648786939108098050,2023-04-19T20:33:33.000Z,Que figura bizarra. Kkkkkkkk,0,0,4,https://twitter.com/cabogilberto/status/1648770229718208546
Wy Lopes,@WyLopes1,https://twitter.com/WyLopes1/status/1648820261037256710,2023-04-19T22:45:58.000Z,"Façam requerimento para que a PE ou a PF façam a segurança do ex Ministro do GSI, Gonçalves Dias pois ele corre sério risco de ser SUICIDADO.
Acho que fui bastante claro.",0,0,0,https://twitter.com/cabogilberto/status/1648770229718208546
#Cpmide08dejaneiroJá #cpmi08dejaneiro2023 #,@CCConservador,https://twitter.com/CCConservador/status/1648787946152030216,2023-04-19T20:37:34.000Z,👏👏👏👏 parabéns e assim que tem que ser!! Queremos justiça!!  #Cpmide08dejaneiroJá  #cpmi08dejaneiro2023 #cpmi08janeiro2023   #obstrucaototalnocongresso,0,0,1,https://twitter.com/cabogilberto/status/1648770229718208546
Ary Kerner,@Lordakner,https://twitter.com/Lordakner/status/1648795031614939141,2023-04-19T21:05:43.000Z,"O povo brasileiro está cansado de ser passado para trás. Vamos atrás da verdade, doa a quem doer.",0,0,1,https://twitter.com/cabogilberto/status/1648770229718208546
"FOCO,FE",@pequeninosj,https://twitter.com/pequeninosj/status/1649013298464006144,2023-04-20T11:33:02.000Z,FORA CHAPA LULA,0,1,1,https://twitter.com/cabogilberto/status/1648770229718208546
Sᴛᴜᴅɪᴏ MᴄCᴏʏ,@studiomccoy,https://twitter.com/studiomccoy/status/1648789793843675136,2023-04-19T20:44:54.000Z,Bora!,0,0,0,https://twitter.com/cabogilberto/status/1648770229718208546
