nome,usuario,idTweet,dataPublicacao,texto,replies,retweets,likes,tweetPai
Augusto Pereira,@augustomkt,https://twitter.com/augustomkt/status/1648775518244818947,2023-04-19T19:48:10.000Z,E as imagens das câmeras q vão fazer ministros rolar kakakakakakak,0,0,0,https://twitter.com/BohnGass/status/1648707480585744384
ABI,@ABII32561483,https://twitter.com/ABII32561483/status/1648764463191842833,2023-04-19T19:04:15.000Z,"É muita roubalheira, mas me diga, ameaças, homofobia e agressão pelo Dudu ladrãozinho agora estão permitidos na “câmara”? Que vergonha",0,0,0,https://twitter.com/BohnGass/status/1648707480585744384
Susan Lula 13 PT,@TurcatelSusan,https://twitter.com/TurcatelSusan/status/1648893210553401345,2023-04-20T03:35:51.000Z,"Pior, aqui em Santa Cataraiche, e a gente ainda dar de cara com o filho 04 no meio da rua, numa boa!!!!!!",0,0,0,https://twitter.com/BohnGass/status/1648707480585744384
Ari Azevedo,@Ari_azevedo,https://twitter.com/Ari_azevedo/status/1648836397153804290,2023-04-19T23:50:05.000Z,Onde anda o irmão dela? E o maquiador?,0,1,0,https://twitter.com/BohnGass/status/1648707480585744384
Latinoamericana criada por lobos,@_afasia,https://twitter.com/_afasia/status/1650269377030127618,2023-04-23T22:44:14.000Z,Estão se refestelando em SC,0,0,0,https://twitter.com/BohnGass/status/1648707480585744384
Geni De Aquino Lago,@geni_lago,https://twitter.com/geni_lago/status/1648754282609401872,2023-04-19T18:23:48.000Z,Com dinheiro público.,0,0,0,https://twitter.com/BohnGass/status/1648707480585744384
