nome,usuario,idTweet,dataPublicacao,texto,replies,retweets,likes,tweetPai
BUSTER GUNSLINGER,@BusterScruggs12,https://twitter.com/BusterScruggs12/status/1648701466385809410,2023-04-19T14:53:55.000Z,Emboscada? Mas militares e seus familiares não foram presos! Eles tiveram informação privilegiada?,7,2,136,https://twitter.com/cabogilberto/status/1648701020732530688
João Henriques Dutra,@jrdutra3009,https://twitter.com/jrdutra3009/status/1648704064278986752,2023-04-19T15:04:15.000Z,O silêncio dos inocentes provocam as gargalhadas dos culpados.,1,1,3,https://twitter.com/cabogilberto/status/1648701020732530688
Jefferson Francisco,@JENEGRO,https://twitter.com/JENEGRO/status/1648729355374264320,2023-04-19T16:44:44.000Z,Inocentes...,1,2,15,https://twitter.com/cabogilberto/status/1648701020732530688
FRANCO,@rsf0000_franco,https://twitter.com/rsf0000_franco/status/1648703802629926919,2023-04-19T15:03:12.000Z,Bolsonaro atentou contra a Democracia durante 4 anos bolsonarismo fechou estradas queriam golpear a Democracia e agora são as vítimas??,3,1,6,https://twitter.com/cabogilberto/status/1648701020732530688
Sil,@chanandlerb0nng,https://twitter.com/chanandlerb0nng/status/1648705997613957123,2023-04-19T15:11:55.000Z,"Armaram para acabar com as manifestações. Eles fizeram de tudo e não conseguiram por vários meses. 
Na época dos 20 centavos foi o mesmo. O povo se manifestou até a esquerda infiltrada começar a quebrar e saquear, quem não era criminoso, esvaziou as ruas.
É o método deles.",1,5,22,https://twitter.com/cabogilberto/status/1648701020732530688
CLEBER C RUMBELSPERGER Filiado ao PT,@cleberadv,https://twitter.com/cleberadv/status/1648702660416086019,2023-04-19T14:58:40.000Z,"O plano de vocês, em tentar atribuir a culpa ao Governo é até bonzinho, mas tem um furo:

Se encarcerarem o General e outros cupinchas bolsonaristas, alguns deles darão com as línguas nos dentes.

Torço muito que citem seu nome.",7,4,57,https://twitter.com/cabogilberto/status/1648701020732530688
Les yeux sans visage,@parafusodveludo,https://twitter.com/parafusodveludo/status/1648704596976467968,2023-04-19T15:06:22.000Z,"KRLHo, só tem maluco na extrema-direita.
""ah, eu tava lá em BSB e de repente eu fui emboscado e levado pra dentro do planalto. Quando eu percebi, estava vestindo camisa da seleção, quebrando e cagando em tudo.
No sério, vocês são tudo doidim de bairro",2,2,24,https://twitter.com/cabogilberto/status/1648701020732530688
Leo pereira,@Leopere40664190,https://twitter.com/Leopere40664190/status/1648707850842120195,2023-04-19T15:19:17.000Z,"Sai daí doido...porque se esteve ou mandou alguém que esteve, tua hora vai chegar.",1,1,9,https://twitter.com/cabogilberto/status/1648701020732530688
Jordan C. Baptista,@JordanBaptista,https://twitter.com/JordanBaptista/status/1648708756031651842,2023-04-19T15:22:53.000Z,"GSI bolsonarista ainda ...mas serão todos presos, pode aguardar...",4,2,21,https://twitter.com/cabogilberto/status/1648701020732530688
MÁRIO MAGALHÃES,@MARIOSA59048622,https://twitter.com/MARIOSA59048622/status/1648707250372980738,2023-04-19T15:16:54.000Z,TO FELIZ os PATRIOTARIOS GOLPISTAS E TERRIRISTAS TAO INDO PRA PAPUDA QER CONTINUE QER PRENDA MAIS ATE OS FINANCIADORES DO GOLPE.,2,1,3,https://twitter.com/cabogilberto/status/1648701020732530688
Sávio Siqueira,@saviosiqueira,https://twitter.com/saviosiqueira/status/1648752490156810241,2023-04-19T18:16:40.000Z,Emboscada contra os patriotas!!!🤣🤣🤣Deixe aqui sua gargalhada!!!🤣🤣🤣🤣🤣🤣🤣🤣🤣🤣🤣🤣🤣,1,0,4,https://twitter.com/cabogilberto/status/1648701020732530688
Ricardo Inforzato,@r_inforzato,https://twitter.com/r_inforzato/status/1648820790907871233,2023-04-19T22:48:04.000Z,"Estão esquecendo q naquele domingo, Lula ""coincidentemente"" teve q viajar às pressas p/Araraquara/SP, do prefeito Edinho do PT, p/dar apoio à cidade devido a chuvas q tinham acontecido há mais de 1 semana. E o local q ele visitou até hj está ""em obras emergenciais"".#LULASABIA!!",0,0,2,https://twitter.com/cabogilberto/status/1648701020732530688
FRANCO,@rsf0000_franco,https://twitter.com/rsf0000_franco/status/1648704012894576643,2023-04-19T15:04:02.000Z,Cidadão de bem honesto,0,4,13,https://twitter.com/cabogilberto/status/1648701020732530688
Cintia,@cintiamark,https://twitter.com/cintiamark/status/1648721347323875329,2023-04-19T16:12:55.000Z,Ganhou:,0,0,4,https://twitter.com/cabogilberto/status/1648701020732530688
Imnot_Dogno,@Imnot_Dogno,https://twitter.com/Imnot_Dogno/status/1648709216419315712,2023-04-19T15:24:43.000Z,"Um parlamentar que tenta transformar um golpe ao Estado brasileiro em uma emboscada a golpistas, deveria ser seriamente responsabilizado",1,1,34,https://twitter.com/cabogilberto/status/1648701020732530688
Dra Luciana Schumacher,@lucianaschumi,https://twitter.com/lucianaschumi/status/1648839245597999105,2023-04-20T00:01:24.000Z,"A gente já sabia, glória a Deus que a verdade está sendo escancarada!!!",1,0,2,https://twitter.com/cabogilberto/status/1648701020732530688
Grazy Reis,@GrazySier,https://twitter.com/GrazySier/status/1648715374832103426,2023-04-19T15:49:11.000Z,"Que eu saiba golpe é dado por opositores infiltrados num governo, justamente o que aconteceu. Essas narrativas de vocês não vão colar, vocês estão desesperados.",0,1,4,https://twitter.com/cabogilberto/status/1648701020732530688
Bianca,@blcbrasil,https://twitter.com/blcbrasil/status/1648717468918054912,2023-04-19T15:57:30.000Z,"Gente, para que ta tao feio. Primeiro eles quiseram convencer todo mundo que foi ato pacifico. Depois quiseram convencer que foram petistas infiltrados. Agora eles dizem que nao foi pacifico, mas que o governo que tinha 7 dias e culpado... PQP....",1,0,2,https://twitter.com/cabogilberto/status/1648701020732530688
Leandro Belízio,@primoBELIZIO,https://twitter.com/primoBELIZIO/status/1648751321690824712,2023-04-19T18:12:02.000Z,"Uma emboscada onde empresários bolsonaristas financiaram até ônibus para galera, né? Onde militares estavam acampados com seus familiares em frente ao exército apenas pra fazerem um pique nique, né? Engraçado demais!",3,1,5,https://twitter.com/cabogilberto/status/1648701020732530688
ZELINA LANGA,@ZelinaLanga,https://twitter.com/ZelinaLanga/status/1648715236935974915,2023-04-19T15:48:38.000Z,#CPMI08DEJANEIROJÁ #justiçaparaospatriotas,0,0,1,https://twitter.com/cabogilberto/status/1648701020732530688
PJ,@aramis_1980,https://twitter.com/aramis_1980/status/1648726187554795522,2023-04-19T16:32:09.000Z,"Esse roteiro não colou. Vai sentar no cabo, Cabo.",0,0,1,https://twitter.com/cabogilberto/status/1648701020732530688
Leon Denis,@LeonDenisLopes,https://twitter.com/LeonDenisLopes/status/1648704156885037057,2023-04-19T15:04:37.000Z,Todos com o ku na mão,1,2,23,https://twitter.com/cabogilberto/status/1648701020732530688
neto,@_Netomoura17,https://twitter.com/_Netomoura17/status/1648747086098096143,2023-04-19T17:55:12.000Z,"Kkkkkkkkkkkkkkkkkk qualquer rábula lê uma coisa dessas e dá uma gargalhada 
Excelente piada, mas você não é pago pra isso, deputado. Vá trabalhar.",1,0,0,https://twitter.com/cabogilberto/status/1648701020732530688
Jeff Nascimento,@Leprosorj,https://twitter.com/Leprosorj/status/1648721749880586242,2023-04-19T16:14:31.000Z,"Os caras entram destruindo tudo e Filmando, e me vens falar em emboscada?Resultado 1390 presos. Acharam que era brincadeira",0,0,1,https://twitter.com/cabogilberto/status/1648701020732530688
#Cpmide08dejaneiroJá #cpmi08dejaneiro2023 #,@CCConservador,https://twitter.com/CCConservador/status/1648709709590040577,2023-04-19T15:26:40.000Z,#Cpmide08dejaneiroJá  #cpmi08dejaneiro2023 #cpmi08janeiro2023,0,1,1,https://twitter.com/cabogilberto/status/1648701020732530688
Senhora vacina,@nanda9225,https://twitter.com/nanda9225/status/1648703842005942273,2023-04-19T15:03:22.000Z,Quem permitiu os acampamentos nas áreas sob responsabilidade das forças armadas ? 🤡,0,1,46,https://twitter.com/cabogilberto/status/1648701020732530688
Sends_Back_Soup,@SendsBackSoup,https://twitter.com/SendsBackSoup/status/1648709431520292869,2023-04-19T15:25:34.000Z,Mudaram a definição de “terrorista” para “patriota” no seu dicionário da novilíngua?,1,1,9,https://twitter.com/cabogilberto/status/1648701020732530688
,@fess027,https://twitter.com/fess027/status/1648984733429235712,2023-04-20T09:39:31.000Z,o bom dessa CPMI é que mt gente vai perder o mandato kkkkk vc será um deles,0,0,0,https://twitter.com/cabogilberto/status/1648701020732530688
James guia,@JamesAlfredx,https://twitter.com/JamesAlfredx/status/1649016135965179904,2023-04-20T11:44:18.000Z,Nobre deputado tem razão.,0,0,0,https://twitter.com/cabogilberto/status/1648701020732530688
Tavinho,@tavinho89_,https://twitter.com/tavinho89_/status/1648721688387809280,2023-04-19T16:14:16.000Z,Impeachment do @rodrigopacheco !,1,0,1,https://twitter.com/cabogilberto/status/1648701020732530688
Marcia Cruz,@CruzMar3784,https://twitter.com/CruzMar3784/status/1648721087956385796,2023-04-19T16:11:53.000Z,"Esse vídeo é só o início,  com a CPMI irão surgir muito mais coisas. A CPMI tem que acontecer de qualquer jeito.",0,2,9,https://twitter.com/cabogilberto/status/1648701020732530688
Raquel Fioretti,@raquel_fioretti,https://twitter.com/raquel_fioretti/status/1648732806434914305,2023-04-19T16:58:27.000Z,É público e notório também que a CNN JAMAIS divulgaria essas imagens se não com o consentimento da quadrilha. Cautela!,1,0,1,https://twitter.com/cabogilberto/status/1648701020732530688
Warlen,@WarlenNR,https://twitter.com/WarlenNR/status/1648705657493749760,2023-04-19T15:10:34.000Z,Patético!!!!,0,0,1,https://twitter.com/cabogilberto/status/1648701020732530688
Filósofo Chorão,@lagrimasdesaber,https://twitter.com/lagrimasdesaber/status/1648729272356356096,2023-04-19T16:44:25.000Z,"General recepcionou chegando DEPOIS da invasão dos bolsonaristas?
hahahahahaha
Agora entendi pq o Chupetinha pediu a prisão dele: pra livrar os verdadeiros bandidos por trás da invasão - Bolsonaro e a cúpula das FA.",1,0,1,https://twitter.com/cabogilberto/status/1648701020732530688
Santos Paraíba,@Santos_Paraiba,https://twitter.com/Santos_Paraiba/status/1648706592202801152,2023-04-19T15:14:17.000Z,"Até BOMBA EM AEROPORTO os ""inocentes terroristas bolsonaristas"" tentaram explodir.",1,2,34,https://twitter.com/cabogilberto/status/1648701020732530688
Delma Irla,@DelmaIrla,https://twitter.com/DelmaIrla/status/1648766253601808401,2023-04-19T19:11:22.000Z,"Se não me engano, o próprio ministro da justiça, disse que viu tudo da vidraça de seu gabinete.",0,0,2,https://twitter.com/cabogilberto/status/1648701020732530688
+ 1 Silva ai.,@medaumcafee,https://twitter.com/medaumcafee/status/1648773733341966337,2023-04-19T19:41:05.000Z,E o GSI era comandado pelo velhote sfado do Heleno.,0,0,0,https://twitter.com/cabogilberto/status/1648701020732530688
WagnerAm ™,@wagn_am,https://twitter.com/wagn_am/status/1648724500119158787,2023-04-19T16:25:27.000Z,Pelo contrário. Este é o infiltrado do Basilisco - O Genocida.,0,0,0,https://twitter.com/cabogilberto/status/1648701020732530688
Thiago,@thiaguin_pt,https://twitter.com/thiaguin_pt/status/1648710310298042368,2023-04-19T15:29:04.000Z,Emboscada? Onde estava a polícia militar do DF que devia ter impedido a aproximação dos terroristas aos prédios?,0,0,0,https://twitter.com/cabogilberto/status/1648701020732530688
ADLIZ,@MottaAdlizaton,https://twitter.com/MottaAdlizaton/status/1648768236765208602,2023-04-19T19:19:14.000Z,"Emboscada não, eram criminosos que não foram impedidos, cansei de denunciar que eles estavam planejando, mas cometeram crimes tanto quanto quem não impediu.",0,0,0,https://twitter.com/cabogilberto/status/1648701020732530688
Xuliana - ASTRO BRASILIS,@XulianaMello,https://twitter.com/XulianaMello/status/1648731077668634630,2023-04-19T16:51:35.000Z,Zzzzzzzzzzzzzzzzzzzzz,0,0,0,https://twitter.com/cabogilberto/status/1648701020732530688
Magson,@Magson05994709,https://twitter.com/Magson05994709/status/1648718462137630724,2023-04-19T16:01:27.000Z,Com apoio dos militares.,0,0,0,https://twitter.com/cabogilberto/status/1648701020732530688
Walisson,@walissondv,https://twitter.com/walissondv/status/1648858233967181824,2023-04-20T01:16:51.000Z,"Isso atesta o nível de burrice dos alienados patriotários que, alimentos pelas fake news bolsonaristas, deram ao ""inimigo"", exatamente o que precisavam.",0,0,0,https://twitter.com/cabogilberto/status/1648701020732530688
Nivea Veiga,@NiveaVeiga2,https://twitter.com/NiveaVeiga2/status/1648735593398927361,2023-04-19T17:09:32.000Z,#PLdaCensuraNao,0,0,0,https://twitter.com/cabogilberto/status/1648701020732530688
Jeferson Carvalho,@brzeroum,https://twitter.com/brzeroum/status/1648749543205351424,2023-04-19T18:04:58.000Z,Emboscada contra Patriotários? HAHAHAHAHAHAHAHAHAHAHAHA!,0,0,0,https://twitter.com/cabogilberto/status/1648701020732530688
Marial Luiza Vicente,@VicenteMarial,https://twitter.com/VicenteMarial/status/1648766826766032911,2023-04-19T19:13:38.000Z,Haldol. Vc precisa.,0,0,0,https://twitter.com/cabogilberto/status/1648701020732530688
Anderson Menezes,@Ander2menezes,https://twitter.com/Ander2menezes/status/1648754166687227914,2023-04-19T18:23:20.000Z,"Fala sério! Defendendo os patriotas, com medo de ir para o mesmo lugar. TIC TAC TIC TAC. Tinha passado despercebido mas, agora vc tem um @DoutorPandego  na sua cola e brevemente saberemos o motivo de tanta adoração pelo bolsonarismo.",0,0,2,https://twitter.com/cabogilberto/status/1648701020732530688
fernando,@fernandomafort,https://twitter.com/fernandomafort/status/1648704409218568192,2023-04-19T15:05:37.000Z,Cadeia nos patriotas que depredaram patrimônio público e nós comandantes que deixaram isso acontecer.,0,0,3,https://twitter.com/cabogilberto/status/1648701020732530688
LULA13,@Claudiahistory,https://twitter.com/Claudiahistory/status/1649021483052662785,2023-04-20T12:05:33.000Z,Deixa de conversar água e vê se apresenta algum projeto que presta. Esse Dias além de mentir para o presidente já foi demitido. Mas isso você sabe. Quer mesmo é desinformar.😒🤥🐂,0,0,1,https://twitter.com/cabogilberto/status/1648701020732530688
José Carlos R. Arana,@JosArana,https://twitter.com/JosArana/status/1648702684109721601,2023-04-19T14:58:45.000Z,"M E N T I R A !!!!!!!!!!!!!
Então explica como o general estava ajudando os terroristas.",0,2,5,https://twitter.com/cabogilberto/status/1648701020732530688
valdenia de Souza,@valdeniade63648,https://twitter.com/valdeniade63648/status/1648712852734091264,2023-04-19T15:39:10.000Z,Queremos todos soltos imediatamente e queremos Lula e seus comparsas presos urgente,0,0,1,https://twitter.com/cabogilberto/status/1648701020732530688
Ida Figuy,@AparecidaFiguy,https://twitter.com/AparecidaFiguy/status/1648719889727725568,2023-04-19T16:07:08.000Z,Liberdade Anderson Torres@apropriajulia @Biakicis @carlosjordy @CarolDeToni @depheliolopes @GayerGus @nikolas_dm @EderMauroPA @delegadoramagem @deltanmd @FlavioArns @BolsonaroSP @EduGiraoOficial @Sen_Oriovisto @filipebarrost @mauriciodovolei@jorgeseifjunior@DFDanielFreitas,0,0,0,https://twitter.com/cabogilberto/status/1648701020732530688
Patriota de verdade,@patriotacamiao,https://twitter.com/patriotacamiao/status/1649098019722215432,2023-04-20T17:09:41.000Z,Vocês fizeram curso de mentira com o bolsonaro?,0,0,0,https://twitter.com/cabogilberto/status/1648701020732530688
Delta Diogo,@DeltaDiogo,https://twitter.com/DeltaDiogo/status/1648707019690450944,2023-04-19T15:15:59.000Z,É.. obrigaram esses patriotas crimimosos a quebrarem a sede dos 3 poderes..,0,0,1,https://twitter.com/cabogilberto/status/1648701020732530688
"Doutor Pândego, The Watchdog",@DoutorPandego,https://twitter.com/DoutorPandego/status/1648705225170075648,2023-04-19T15:08:51.000Z,Juro que achei que você era autor de novelas. Agora que vi que é milico bolsonarista vou te incluir na minha lista para verificar seus gastos desde a campanha. OBRI-GADO.,40,59,909,https://twitter.com/cabogilberto/status/1648701020732530688
Beatrizfisiote1,@HeleneLula13,https://twitter.com/HeleneLula13/status/1648753376748789763,2023-04-19T18:20:12.000Z,Gente! O vírus do cérebro mofado pegou esse cara com tudo. Coitado! Se cuida! Esse mundo paralelo em que você vive não tem cura. Fica com Deus!,0,0,0,https://twitter.com/cabogilberto/status/1648701020732530688
Marwin J.,@JunioMarwin,https://twitter.com/JunioMarwin/status/1648755181427867654,2023-04-19T18:27:22.000Z,Kkkkkkkkkkkkkkkkkk,0,0,0,https://twitter.com/cabogilberto/status/1648701020732530688
Angelika Leal,@leal_angelika,https://twitter.com/leal_angelika/status/1648703247878635522,2023-04-19T15:01:00.000Z,"Emboscada? Quer dizer quem planejou o golpe foi o Flávio Dino? Vcs são uns bando se covardes, apoiaram tudo isso aí, agora que não deu certo estão querendo culpar os outros. Palhaçada. 🤡🤡",1,0,1,https://twitter.com/cabogilberto/status/1648701020732530688
Simone,@alethea2018,https://twitter.com/alethea2018/status/1648770706509819904,2023-04-19T19:29:03.000Z,"Hahahahahahaha 
""Emboscada criada contra os patriotas""
Invadir o Congresso é tão criminoso qto invadir terras. Só pelo fato de estarem lá,já poderiam ser presos. Se estivessem em casa do lado de fora, no perímetro permitido, cumprindo a lei, não teriam caído em nenhuma emboscada.",0,0,0,https://twitter.com/cabogilberto/status/1648701020732530688
Alexandre Canello,@alexandrecanelo,https://twitter.com/alexandrecanelo/status/1648705090922979330,2023-04-19T15:08:19.000Z,"Vocês queriam destruir patrimônio público e se pudessem até matar pessoas de esquerda
Cadeia é pouco para gente assim",0,0,0,https://twitter.com/cabogilberto/status/1648701020732530688
Vinicius #Vasco #FazoL,@ViniciusAcioly3,https://twitter.com/ViniciusAcioly3/status/1648703010871160832,2023-04-19T15:00:03.000Z,"Temos infiltrados no governo diz aliado de Bolsonaro. 

Essa narrativa não cola, os Terroristas bandidos vão pagar por seus crimes e aqueles que incentivaram também.",1,0,0,https://twitter.com/cabogilberto/status/1648701020732530688
Brazilian Tanager,@SofaBirder,https://twitter.com/SofaBirder/status/1648764217732874241,2023-04-19T19:03:16.000Z,"Que cerebrozinho de minhoca, hein, pateta?",0,0,0,https://twitter.com/cabogilberto/status/1648701020732530688
correadarocha,@correadarocha19,https://twitter.com/correadarocha19/status/1648775914220552199,2023-04-19T19:49:45.000Z,Hein... VTNC bolsonarista de merda.,0,0,0,https://twitter.com/cabogilberto/status/1648701020732530688
J Borba,@JBorba16,https://twitter.com/JBorba16/status/1648786572567887877,2023-04-19T20:32:06.000Z,"Kkkkk
Vocês são burro pra caralho, obrigado.",0,0,0,https://twitter.com/cabogilberto/status/1648701020732530688
Janderson Cristaldo,@JandersonCrist6,https://twitter.com/JandersonCrist6/status/1648731887001534497,2023-04-19T16:54:48.000Z,Vai postar merda na pqp ! Patriotário!,0,0,0,https://twitter.com/cabogilberto/status/1648701020732530688
Fabiano Marques,@Fabiano22542549,https://twitter.com/Fabiano22542549/status/1648857583963320320,2023-04-20T01:14:16.000Z,"Tenta convênio MP e o STF dessa sua fantasia… pode espalhar nas redes para os bovinos de sempre, só eles irão cair nessa farsa… tão gênio vc 😂😂😂😂😂😂",0,0,0,https://twitter.com/cabogilberto/status/1648701020732530688
Тhiago,@zehgrunge,https://twitter.com/zehgrunge/status/1648716638265528321,2023-04-19T15:54:12.000Z,"Você é um calvo inútil que não faz nada pela Paraíba, a não ser passar vergonha.",0,0,0,https://twitter.com/cabogilberto/status/1648701020732530688
Lucardelli,@Lucardellli,https://twitter.com/Lucardellli/status/1648808729062645766,2023-04-19T22:00:09.000Z,Jura?,0,0,0,https://twitter.com/cabogilberto/status/1648701020732530688
Gilcimar bahia bastos,@BahiaGilcimar,https://twitter.com/BahiaGilcimar/status/1648764155766136841,2023-04-19T19:03:01.000Z,Vcs sao muito cara de pau kkkkkkkk emboscada kkkkkkkk quem mandou os patriotarios quebrarem tudo.,0,0,0,https://twitter.com/cabogilberto/status/1648701020732530688
Catânia,@claudiadangelo,https://twitter.com/claudiadangelo/status/1648771501619916801,2023-04-19T19:32:13.000Z,"E os inteligentíssimos patriotas, segundo sua teoria, caíram na patacoada?
Vandalizaram tudo sob ordens da esquerda?
Não entendi nada …
E os presos são os esquerdistas infiltrados, que se passam por bolsonaristas, inclusive nas redes sociais?",0,0,0,https://twitter.com/cabogilberto/status/1648701020732530688
silmara de correia,@silmaramarq,https://twitter.com/silmaramarq/status/1648731171390386181,2023-04-19T16:51:57.000Z,Mas foi o lula que levou os patriterroristas a marchar naquele dia??foi lula que convocou ônibus do Br  todo??foi lula que mandou eles se filmarem detonando o congresso?nos poupe,0,0,0,https://twitter.com/cabogilberto/status/1648701020732530688
Vitor de Castro,@peaocomdiploma,https://twitter.com/peaocomdiploma/status/1648717546118422531,2023-04-19T15:57:49.000Z,"Fake news é crime, CANALHA.",0,0,0,https://twitter.com/cabogilberto/status/1648701020732530688
Respeita meu Axé/Respeito seu Amém,@alecunha209,https://twitter.com/alecunha209/status/1648705465541427201,2023-04-19T15:09:49.000Z,A coé 😂😂😂😂😂😂😂😂😂😂😂😂😂 sai daí .. Acabou vai geral preso seus golpistas antidemocráticos,1,0,0,https://twitter.com/cabogilberto/status/1648701020732530688
Mirian,@MirianC80357535,https://twitter.com/MirianC80357535/status/1648775567322365955,2023-04-19T19:48:22.000Z,Deixa os infiltrados na cadeia,0,0,0,https://twitter.com/cabogilberto/status/1648701020732530688
escorpiana,@escorpi97638545,https://twitter.com/escorpi97638545/status/1648745816775876621,2023-04-19T17:50:09.000Z,"O patriotas invasores e destruidores! Foram recebidos como vcs queriam, com cuidado! Ou queriam que fosse um banho de sangue igual fazem em comunidades pobres, manifestações de professores e trabalhadores?",0,0,0,https://twitter.com/cabogilberto/status/1648701020732530688
Edgar Lucas Lins,@EdgarLucasLins1,https://twitter.com/EdgarLucasLins1/status/1648905919810486272,2023-04-20T04:26:21.000Z,"Fakenews deputado os ""PATRIOTAS"" Quebrou tudo e vão pagar na justiça  quem incentivou, quem apoiou é quem financiou inclusive vários parlamentares tem que ser cassado.",0,0,0,https://twitter.com/cabogilberto/status/1648701020732530688
Adriel Oliveira,@aroliadm,https://twitter.com/aroliadm/status/1648831549637562369,2023-04-19T23:30:49.000Z,"KABÔ GIL,
Agora vc deu uma sacada inteligente: poderia  ter sido uma emboscada.
            Teria sido tipo a ""caça ao bisão"": armadilha que os índios americanos armavam para os búfalos!
            AQUI TERIA SIDO PARA PEGAR O GADO DO COISOGRO!!!
                  KKKKKKKKKKK",0,0,0,https://twitter.com/cabogilberto/status/1648701020732530688
fé em Deus,@bmelomelo10,https://twitter.com/bmelomelo10/status/1648717574211874818,2023-04-19T15:57:56.000Z,"Vc é patético
Os golpistas querem inverter os papéis",0,0,0,https://twitter.com/cabogilberto/status/1648701020732530688
Daniel Barbosa,@DanielBar114,https://twitter.com/DanielBar114/status/1648706236370624514,2023-04-19T15:12:52.000Z,Kkkkkkkl. Queres distorcer como? Um GSI aparelhado por Bolsodiabo que antes do novo Governo começar a trabalhar tenta dar um Golpe ( com coordenação internacional do Tio Sam e de Bolsodiabo nos States) e tu quer dizer o quê mesmo?  A PF está desmontando qualquer argumento vosso.,15,2,40,https://twitter.com/cabogilberto/status/1648701020732530688
Sonia Miranda,@Miranda50sonia,https://twitter.com/Miranda50sonia/status/1648791000024862720,2023-04-19T20:49:42.000Z,"O que o tio Sam teve há ver com a malograda tentativa de golpe? 
Pensa um cadinho....o presidente dos EUA é Joe Biden e não Trump.",0,0,1,https://twitter.com/cabogilberto/status/1648701020732530688
Pautar o Congresso,@PautarCongresso,https://twitter.com/PautarCongresso/status/1648736043368054811,2023-04-19T17:11:19.000Z,"Espero que NÃO ACREDITEM que as IMAGENS DA CNN sejam TODA VERDADE.

O SISTEMA já deu UM DEDO para NÃO PERDER A MÃO, darão O BRAÇO para NÃO PERDER A CABEÇA.#ImpeachmentDoLulaJá #IMPEACHMENT #FORAlula#FORASISTEMA",0,0,0,https://twitter.com/cabogilberto/status/1648701020732530688
Roberto Silva,@Roberto38845366,https://twitter.com/Roberto38845366/status/1648717500912226304,2023-04-19T15:57:38.000Z,"Obstrução de todas as Pautas até a leitura da instalação da CPMI do 8 de Janeiro, no Congresso!
Se o PT ou Rodrigo Pacheco interferirem na Lista dos Deputados e Senadores que apoiam a CPMI, devemos trancar todas as Pautas até nova Lista e aprovação da CPMI do 8 de Janeiro!",0,0,0,https://twitter.com/cabogilberto/status/1648701020732530688
Cris V. Quiroz,@MaraCristianaV2,https://twitter.com/MaraCristianaV2/status/1648704600155865088,2023-04-19T15:06:22.000Z,@FlavioDino esse que aparece do GSI nao foi contratado pelo governo @LulaOficial @gleisi @Pimenta13Br @orlandosilva,0,0,0,https://twitter.com/cabogilberto/status/1648701020732530688
#Cpmide08dejaneiroJá #cpmi08dejaneiro2023 #,@CCConservador,https://twitter.com/CCConservador/status/1648709380014055426,2023-04-19T15:25:22.000Z,Importante pessoal ‼️‼️‼️Mandem material que tiverem sobre o 8 de janeiro 2023 para esse e-mail : Cpmido8dejaneiro@gmail.com! Contribua com informações!!!  Divulgar esse e-mail é importante também. ! 📥📥📥📹📷📷  #CPMI08dejaneiro #cpmi08dejaneiro2023 #CPMIdo08deJaneiro,0,2,2,https://twitter.com/cabogilberto/status/1648701020732530688
M2M,@M2M16460571,https://twitter.com/M2M16460571/status/1648724924465283073,2023-04-19T16:27:08.000Z,DINO E LULA ...KKKKK... GSI ERA COMANDADO PELO @gen_heleno QUE SE NEGOU A PASSAR INFORMAÇÕES AO GOVERNO LULA A MANDO DO BOZO .. E Q FUGIU DE DAR EXPLICAÇÕES...AFINAL ELE É MILICO E MILICO VIVE ESCONDIDO DEBAIXO DA MESA ...PASSA MAIS BANO PRA BANDIDO DE FARDA,0,0,19,https://twitter.com/cabogilberto/status/1648701020732530688
Genario Ribeiro,@GenarioRibeiro,https://twitter.com/GenarioRibeiro/status/1648883149223387136,2023-04-20T02:55:52.000Z,"Emboscada...!
Quer dizer que a esquerda fez igual a um toureiro... balançou a capa vermelha para o gado entrar em disparada?
Faz o seguinte... se roubarem teu celular ou outro objeto,  vai lá na delegacia e avisa que foi porque pendurou no pescoço e foi passear na cracolandia...",0,0,0,https://twitter.com/cabogilberto/status/1648701020732530688
Franco Carlos Lopes,@FrancoCarlosLo1,https://twitter.com/FrancoCarlosLo1/status/1648716423424778242,2023-04-19T15:53:21.000Z,Patriota de cu e rola! Terroristas vagabundos arombados,0,0,0,https://twitter.com/cabogilberto/status/1648701020732530688
Osman Monteiro,@OsmanFelipeMon1,https://twitter.com/OsmanFelipeMon1/status/1648741043267829762,2023-04-19T17:31:11.000Z,"Após divulgação de imagens pela CNN, imagens de 08/01, de dentro do Palácio, NÃO queremos mais CPMI, queremos o impeachment  do Cachaceiro!
As imagens do ministro, indicado do Cachacheiro, colocam o Governo na cena do crime.
Políticos de oposição! CADÊ VOCÊS?#ImpeachmentDoLulaJá",0,0,0,https://twitter.com/cabogilberto/status/1648701020732530688
Daniel Barbosa,@DanielBar114,https://twitter.com/DanielBar114/status/1648706588155232261,2023-04-19T15:14:16.000Z,"E mais uma coisa ""Patriotas"" o escambau, TERRORISTAS, e tu apoias és TERRORISTA também. 
Quem apoia devia ser preso junto.",1,0,5,https://twitter.com/cabogilberto/status/1648701020732530688
Heins Hackbarth Junior,@heins_junior,https://twitter.com/heins_junior/status/1648771347458277387,2023-04-19T19:31:36.000Z,"Cada vez mais evidente que houve armação do desgoverno LULE / ALCKMIN com os iluministros para criminalizar os patriotas. Cabe a CPMI apurar toda a tramoia e chegar em todos os responsáveis, sejam eles togados ou não!",1,0,3,https://twitter.com/cabogilberto/status/1648701020732530688
