nome,usuario,idTweet,dataPublicacao,texto,replies,retweets,likes,tweetPai
SONIA FURQUIM,@SONIAFURKANN,https://twitter.com/SONIAFURKANN/status/1648141701003853824,2023-04-18T01:49:37.000Z,Aí está o “senhor” que retirou a assinatura hoje !!,1,8,23,https://twitter.com/andrefernm/status/1648099437179281411
Formiguinha,@FormiguinhaDM,https://twitter.com/FormiguinhaDM/status/1648132683841646593,2023-04-18T01:13:47.000Z,Assim deveriam terem feito desde o início. Com a esquerda não se brinca.,1,1,12,https://twitter.com/andrefernm/status/1648099437179281411
Margarete Dian,@MasdianTelas,https://twitter.com/MasdianTelas/status/1648099683548405762,2023-04-17T23:02:39.000Z,Até que horas eles podem assinar ou retirar  ?,1,0,2,https://twitter.com/andrefernm/status/1648099437179281411
Renato A Santos,@bh_nadireita,https://twitter.com/bh_nadireita/status/1648100399189053440,2023-04-17T23:05:30.000Z,@albertomourao faltou coragem Deputado?,21,8,109,https://twitter.com/andrefernm/status/1648099437179281411
@Marypen Extremamente Brasileira.,@Marypen,https://twitter.com/MarilzePenteado/status/1648116763211579394,2023-04-18T00:10:31.000Z,"Eita São Paulo, que elegeu esse vendido ,precisa de dinheiro pra pagar os desvios Alberto Mourão.",0,3,2,https://twitter.com/andrefernm/status/1648099437179281411
ARTHUR ELIAS #FORA LULA.,@EliasZagoBasto4,https://twitter.com/EliasZagoBasto4/status/1648111846547750914,2023-04-17T23:50:59.000Z,"André vc é muito gato, parabéns pelo seu trabalho na Câmara Federal. 👏👏👏👏👏👏",0,0,2,https://twitter.com/andrefernm/status/1648099437179281411
Li Liberdade,@Li22liberdade,https://twitter.com/Li22liberdade/status/1648101354412359682,2023-04-17T23:09:17.000Z,"Pq mudou a regra?? A retirada de assinatura poderia ser feita até hoje as 23:59, pq mudaram???",3,0,13,https://twitter.com/andrefernm/status/1648099437179281411
OlivinoLud,@OlivinoLud,https://twitter.com/OlivinoLud/status/1648100653514862593,2023-04-17T23:06:30.000Z,Tá certo.   Um retira a assinatura da CPMI e três assinam.   E a luta luta segue....parabéns deputado.,0,0,2,https://twitter.com/andrefernm/status/1648099437179281411
Patriota News,@CostaMelo76,https://twitter.com/CostaMelo76/status/1648128477407723527,2023-04-18T00:57:04.000Z,"Parabéns, deputado. Para o 1º mandato, está indo bem demais. Tem parasita aí que não sabe nem redigir um e-mail.",1,0,7,https://twitter.com/andrefernm/status/1648099437179281411
Aisha,@Aisha_com_vida,https://twitter.com/Aisha_com_vida/status/1648106096844832768,2023-04-17T23:28:08.000Z,Por que será que ele retirou a assinatura da CPMI do dia 8 de janeiro?,11,74,167,https://twitter.com/andrefernm/status/1648099437179281411
FÁBIO DIAS FORA LULA LADRÃO.,@fabio26964116,https://twitter.com/fabio26964116/status/1648108840544509952,2023-04-17T23:39:02.000Z,"Deputado, com todo respeito, mas o senhor tá tirando muita onda 🤣🤣🤣🤣🤣🤣.... Todo esse empenho trará ao senhor um reconhecimento político no futuro. Jamais esqueceremos dessa sua luta por um país mais justo.👏👏👏👏👏👍👊🇧🇷😎",0,2,19,https://twitter.com/andrefernm/status/1648099437179281411
Miqueias,@miqueiasufes,https://twitter.com/miqueiasufes/status/1648256623935193092,2023-04-18T09:26:16.000Z,Quem são os deputados que podem virar réus por incentivar a tentativa de golpe bolsonarista no dia 8 de janeiro?,0,0,10,https://twitter.com/andrefernm/status/1648099437179281411
Tiago,@tycobsantana,https://twitter.com/tycobsantana/status/1648100355480141825,2023-04-17T23:05:19.000Z,"Essa CPMI não vai rolar... Por mais que a direita tenha elegido uma boa bancada, na prática os larápios sabem como fazer o jogo sujo. 

Mas tem que pressionar e tentar mesmo, uma hora cede, mas pra mim essa CPMI aí vão enrolar até aparecer outra pauta.",3,0,7,https://twitter.com/andrefernm/status/1648099437179281411
Roberto A. Oenning,@oenningroberto,https://twitter.com/oenningroberto/status/1648100685660016640,2023-04-17T23:06:38.000Z,"Alguém marque aqui o Deputado Tião Medeiros, pois como fui bloqueado por ele não posso mais marca-lo para cobrar a assinatura na CPMI",1,0,4,https://twitter.com/andrefernm/status/1648099437179281411
Fil Lopes,@fillopes48,https://twitter.com/fillopes48/status/1648148119018668034,2023-04-18T02:15:07.000Z,"@albertomourao, alô Praia Grande ele retirou assinatura na CPMI do 8 de Janeiro. O que o governo quer esconder? E o deputado mudou de lado...",0,1,5,https://twitter.com/andrefernm/status/1648099437179281411
Mills,@Coronel_Mills,https://twitter.com/Coronel_Mills/status/1648120785641324544,2023-04-18T00:26:30.000Z,CPMI do 8 de janeiro já!,0,1,6,https://twitter.com/andrefernm/status/1648099437179281411
Gabriel,@pqdgg,https://twitter.com/pqdgg/status/1648101463128698882,2023-04-17T23:09:43.000Z,Estamos cada vez mais fortes. 👏👏,3,1,22,https://twitter.com/andrefernm/status/1648099437179281411
Nayre,@nayre,https://twitter.com/nayre/status/1648114198524710912,2023-04-18T00:00:20.000Z,Não assinar ou retirar a assinatura da CPMI é a mesma coisa de apoiar o que aconteceu no dia 8 de Janeiro.,2,0,2,https://twitter.com/andrefernm/status/1648099437179281411
Angela Maria - LIBERDADE -,@angelamdc,https://twitter.com/angelamdc/status/1648100091960479744,2023-04-17T23:04:16.000Z,"Não terão coragem, pois será o fim para eles. #CPMIde08deJaneiro",0,5,13,https://twitter.com/andrefernm/status/1648099437179281411
Fabiana Maria SDV,@Fabianamariams,https://twitter.com/Fabianamariams/status/1648103806435983360,2023-04-17T23:19:02.000Z,Traidor  Alberto Mourão - MDB,40,99,223,https://twitter.com/andrefernm/status/1648099437179281411
CidaPitanga,@Cida43747546,https://twitter.com/Cida43747546/status/1648102700469350402,2023-04-17T23:14:38.000Z,Obrigada por nos informar ! E qual o resultado da reunião ? Soube que querem fazer uma manobra em conluio com o PT .,0,0,6,https://twitter.com/andrefernm/status/1648099437179281411
Carla - MG,@CarlaPatMG,https://twitter.com/CarlaPatMG/status/1648101244152565762,2023-04-17T23:08:51.000Z,Que ótimo!!,0,0,2,https://twitter.com/andrefernm/status/1648099437179281411
Opino mesmo.,@G26734551Gomes,https://twitter.com/G26734551Gomes/status/1648110567561875462,2023-04-17T23:45:54.000Z,"Já enviei o meu pedido de explicação sobre a retirada.
Agora responder esse tipo de cobrança, será quase impossível.",0,0,3,https://twitter.com/andrefernm/status/1648099437179281411
Billyjonnie,@billyjonnie,https://twitter.com/billyjonnie/status/1648103436863393793,2023-04-17T23:17:34.000Z,Eu quero que essa CPI aconteça logo e enterre o ato bolsonarista do dia 8 de vez com várias pá de Cal... Uahuahuahuah,14,0,13,https://twitter.com/andrefernm/status/1648099437179281411
Carlos C. P.,@procmar,https://twitter.com/procmar/status/1648119628902588416,2023-04-18T00:21:54.000Z,Quem votou nesse palhaço do Alberto Mourão... digam que não se reelegerá jamais.,0,1,2,https://twitter.com/andrefernm/status/1648099437179281411
happyjohn,@leofer2022,https://twitter.com/leofer2022/status/1648099554141536258,2023-04-17T23:02:08.000Z,TERRA BRASIL NOTICIAS acabou de divulgar que Pacheco marcou reunião de emergência e pode adiar CPMI,1,0,2,https://twitter.com/andrefernm/status/1648099437179281411
Terra Redonda,@michaelpavoni2,https://twitter.com/michaelpavoni2/status/1648101632767410179,2023-04-17T23:10:24.000Z,Porquer não divulgar quem traiu a pátria? Só os que retiram para serem perseguidos por Bolsonaristas . Sério Galvão,0,0,2,https://twitter.com/andrefernm/status/1648099437179281411
"𝐌𝐚𝐫𝐢𝐨, 𝐑𝐞𝐬𝐬𝐮𝐫𝐠𝐢𝐝𝐨",@CMitstor,https://twitter.com/CMitstor/status/1648273556638244868,2023-04-18T10:33:34.000Z,#CPMI08DEJANEIROJÁ,0,1,1,https://twitter.com/andrefernm/status/1648099437179281411
CARDOSO SILVA,@JosCardosodaS11,https://twitter.com/JosCardosodaS11/status/1648117871816454144,2023-04-18T00:14:55.000Z,Rodrigo Pacheco PACHECUZÃO não vai abrir CPMI nenhuma,0,1,1,https://twitter.com/andrefernm/status/1648099437179281411
"Mcrys ""Força e Fé""",@Mcrys2000,https://twitter.com/Mcrys2000/status/1648100668694036484,2023-04-17T23:06:34.000Z,Deus é mais🙏Aleluia!,0,0,1,https://twitter.com/andrefernm/status/1648099437179281411
DRICA ALENCAR,@alencar_dr84208,https://twitter.com/alencar_dr84208/status/1648112528541507592,2023-04-17T23:53:41.000Z,Parabéns a todos os verdadeiros representantes do povo @camaradeputados @SenadoFederal e que Deus tenha misericórdia dos falsos representantes 🙌🏻,0,0,1,https://twitter.com/andrefernm/status/1648099437179281411
Rebecca |,@RIPDEMOCRACIA,https://twitter.com/RIPDEMOCRACIA/status/1648446642130145284,2023-04-18T22:01:20.000Z,Até parece que o Governo dos bandidos não tem acesso a esses nomes. Pelo amor 😑😑,0,0,0,https://twitter.com/andrefernm/status/1648099437179281411
Rê Diniz .Adv,@dinizacessorios,https://twitter.com/dinizacessorios/status/1648107605393387521,2023-04-17T23:34:08.000Z,"Então vamos pedir explicações ao Sr @albertomourao lá no seu Tweet, quem sabe ele nos conta o motivo, quem não deve, não teme!",0,0,1,https://twitter.com/andrefernm/status/1648099437179281411
RosaMar,@RosanaMMSoares,https://twitter.com/RosanaMMSoares/status/1648099624329043972,2023-04-17T23:02:25.000Z,A CPMI vai sair! Perderam!,0,0,1,https://twitter.com/andrefernm/status/1648099437179281411
Aloisio Jeunon,@aloisioudi,https://twitter.com/aloisioudi/status/1648433357230059520,2023-04-18T21:08:33.000Z,Passa o Twitter dele,0,0,0,https://twitter.com/andrefernm/status/1648099437179281411
Robson,@RobsonG2c,https://twitter.com/RobsonG2c/status/1648789458789990400,2023-04-19T20:43:34.000Z,@albertomourao  é mais um covarde... isso???,0,0,0,https://twitter.com/andrefernm/status/1648099437179281411
Ingrid Argolo,@IngridArgolo1,https://twitter.com/IngridArgolo1/status/1648100755293757443,2023-04-17T23:06:54.000Z,Isso procede?,1,0,0,https://twitter.com/andrefernm/status/1648099437179281411
Sheila Rangel - liberdade! 100% Bolsonaro,@Sheilaprangel,https://twitter.com/Sheilaprangel/status/1648150259762188291,2023-04-18T02:23:37.000Z,"Estamos d olho, pois quem retirar é inimigo do Brasil. @camaradeputados não vamos sossegar, a verdade tem q vencer.",0,0,1,https://twitter.com/andrefernm/status/1648099437179281411
Timmy,@TlMMYZlNHO,https://twitter.com/TlMMYZlNHO/status/1648102299426865152,2023-04-17T23:13:03.000Z,ANDRE FALE SOBRE O PACHECO QUERER ADIAR A CPMI,0,0,2,https://twitter.com/andrefernm/status/1648099437179281411
canja,@crollem2,https://twitter.com/crollem2/status/1648108296425832448,2023-04-17T23:36:52.000Z,@andrefernm a retirada de assinatura e até as 11.59 da manhã após a leitura não pode mais retirar,0,1,4,https://twitter.com/andrefernm/status/1648099437179281411
Diferenciada,@Luzparaesquerda,https://twitter.com/Luzparaesquerda/status/1648110902162358272,2023-04-17T23:47:14.000Z,"Andre pelo amor de Deus, que história essa das assinaturas podem ser tiradas mesmo após a leitura do Pacheco? Sério que vcs estão caindo nessa armadilha? Meu Deus 🤦🏼‍♀️",1,0,7,https://twitter.com/andrefernm/status/1648099437179281411
O carrasco,@carrasco10000,https://twitter.com/carrasco10000/status/1648099902264672261,2023-04-17T23:03:31.000Z,Pra saber os nomes é só pesquisar no Jusbrasil 🤣🤣🤣🤣,3,0,10,https://twitter.com/andrefernm/status/1648099437179281411
Hilário Júnior,@HilarioJuniorCe,https://twitter.com/HilarioJuniorCe/status/1648218035151417344,2023-04-18T06:52:56.000Z,Falta de trabalho é?,0,0,3,https://twitter.com/andrefernm/status/1648099437179281411
GB_Flu☭⃠,@FluMito22,https://twitter.com/FluMito22/status/1648106808781750277,2023-04-17T23:30:58.000Z,Pq retirou a assinatura @albertomourao ??,0,0,3,https://twitter.com/andrefernm/status/1648099437179281411
Dê Moraes,@moraesde4,https://twitter.com/moraesde4/status/1648101648349163522,2023-04-17T23:10:27.000Z,"Vcs tem plano B e C, né, pois eu como Mineira 🗣️ Nunca confiei no Pacheco💸🐍👀, tanto, que ele nunca teve meu voto pro senado, jamais teria meu voto",1,1,26,https://twitter.com/andrefernm/status/1648099437179281411
MarcosS,@MLula2023,https://twitter.com/MLula2023/status/1648145461298053122,2023-04-18T02:04:33.000Z,Você vai lançar no jusbrasil Raspaku??,0,0,9,https://twitter.com/andrefernm/status/1648099437179281411
Sirlene Almeida,@Sirlene_89,https://twitter.com/Sirlene_89/status/1648099808127614976,2023-04-17T23:03:09.000Z,Certíssimo!!!,0,0,2,https://twitter.com/andrefernm/status/1648099437179281411
Habib Paraty,@HabibParaty,https://twitter.com/HabibParaty/status/1648209750113374210,2023-04-18T06:20:01.000Z,Pra CIMA deles.....o BRASIL está de OLHO 👁🇧🇷👁🇧🇷👁🇧🇷👁,0,0,0,https://twitter.com/andrefernm/status/1648099437179281411
Daniel,@Danield57859597,https://twitter.com/Danield57859597/status/1648184148811546625,2023-04-18T04:38:17.000Z,"COM CERTEZA, NÃO DEIXAR ESCAPA UM DEPUTADO EXPÕE OS TRAIDORES",0,0,1,https://twitter.com/andrefernm/status/1648099437179281411
Brenda Cardoso,@brendatomtex,https://twitter.com/brendatomtex/status/1648099974201180160,2023-04-17T23:03:48.000Z,Glória a Deus 3assinaram,0,0,1,https://twitter.com/andrefernm/status/1648099437179281411
Debora Grace,@DboraGrace,https://twitter.com/DboraGrace/status/1648309269974974464,2023-04-18T12:55:28.000Z,"Traidores, desertores e pessoas que estão aí somente por dinheiro e não se importam com o povo brasileiro precisam ser expostos. Eles não são deuses e seus cargos são temporários.",0,0,0,https://twitter.com/andrefernm/status/1648099437179281411
Gustavo Magalhães,@Gustavo05000772,https://twitter.com/Gustavo05000772/status/1648242542624776192,2023-04-18T08:30:19.000Z,Como esta o scout de assinaturas?,0,0,0,https://twitter.com/andrefernm/status/1648099437179281411
Marcus Valerios,@MarcusValerios,https://twitter.com/MarcusValerios/status/1648570784170778625,2023-04-19T06:14:38.000Z,Qual será a desculpa do Rodrigo COMÉDIA Pacheco no dia 26?,0,0,0,https://twitter.com/andrefernm/status/1648099437179281411
irene silva,@IreneAconeri,https://twitter.com/IreneAconeri/status/1648530961414651906,2023-04-19T03:36:24.000Z,já anotei o nome  dele para não votarem mais nesse parlamentar,0,0,0,https://twitter.com/andrefernm/status/1648099437179281411
Rodrigo S. Rodrigues,@drigosrodrigues,https://twitter.com/drigosrodrigues/status/1648266908104380418,2023-04-18T10:07:08.000Z,"Deputado Alberto Mourão, COVARDE é pouco!!!!",0,0,0,https://twitter.com/andrefernm/status/1648099437179281411
leandro cavallin,@LeandroCavallin,https://twitter.com/LeandroCavallin/status/1648667895029694465,2023-04-19T12:40:31.000Z,#ForaCapachecodoLula,0,0,0,https://twitter.com/andrefernm/status/1648099437179281411
Marcelo Prado,@MarceloPrado_71,https://twitter.com/MarceloPrado_71/status/1648114122825908230,2023-04-18T00:00:02.000Z,"Que feio hein, deputado!? Vc foi prefeito da minha cidade (Praia Grande) tanto tempo e tirando a sua assinatura decepciona os seus eleitores! @albertomourao",0,0,0,https://twitter.com/andrefernm/status/1648099437179281411
Andreia Sousa,@AndreiaArmada,https://twitter.com/AndreiaArmada/status/1648100989730258944,2023-04-17T23:07:50.000Z,👏🏾👏🏾👏🏾,0,0,0,https://twitter.com/andrefernm/status/1648099437179281411
RONÉRIA,@RONERIASOUZA,https://twitter.com/RONERIASOUZA/status/1648100328112308227,2023-04-17T23:05:13.000Z,Deus está cuidando de tudo 🙏🏻,0,0,0,https://twitter.com/andrefernm/status/1648099437179281411
DETO 777 # SDV,@Rivotrilpraque,https://twitter.com/Rivotrilpraque/status/1648140375763165185,2023-04-18T01:44:21.000Z,👏🏻👏🏻👏🏻👏🏻👏🏻,0,0,0,https://twitter.com/andrefernm/status/1648099437179281411
Janete Toledo,@JaneteToledo4,https://twitter.com/JaneteToledo4/status/1648112490813718531,2023-04-17T23:53:32.000Z,"O que vc diz sobre a reunião que o Pacheco fez as portas fechadas até mesmo sem os assessores?
Alguma informação?",1,0,1,https://twitter.com/andrefernm/status/1648099437179281411
Zeuda,@zeeuda,https://twitter.com/zeeuda/status/1648101237731086336,2023-04-17T23:08:49.000Z,André cadê os 81 senador,0,0,0,https://twitter.com/andrefernm/status/1648099437179281411
tony,@tony56958939,https://twitter.com/tony56958939/status/1648119663283281920,2023-04-18T00:22:02.000Z,👐,0,0,0,https://twitter.com/andrefernm/status/1648099437179281411
Girasol do Brasil,@JimmyandVilaine,https://twitter.com/JimmyandVilaine/status/1648170942814642177,2023-04-18T03:45:48.000Z,Não diga. Mantenham segredos.,0,0,0,https://twitter.com/andrefernm/status/1648099437179281411
Andrea,@DeiaContin,https://twitter.com/DeiaContin/status/1648156535472758786,2023-04-18T02:48:33.000Z,Você é um gigante!!! Força,0,0,0,https://twitter.com/andrefernm/status/1648099437179281411
Marcelo Costaᅠᅠᅠᅠᅠᅠᅠᅠᅠᅠᅠᅠᅠᅠᅠᅠᅠᅠᅠᅠᅠᅠᅠᅠᅠᅠᅠᅠᅠᅠᅠᅠ,@marcelocostabh,https://twitter.com/marcelocostabh/status/1648146818029568002,2023-04-18T02:09:57.000Z,Raspaku,0,0,0,https://twitter.com/andrefernm/status/1648099437179281411
Jaqueline Gonçalves,@Jaqueli13587294,https://twitter.com/Jaqueli13587294/status/1648157196461518849,2023-04-18T02:51:11.000Z,Coerente! Parabéns!,0,0,0,https://twitter.com/andrefernm/status/1648099437179281411
Eliana Oliveira,@ElianaO86749310,https://twitter.com/ElianaO86749310/status/1648100865570471936,2023-04-17T23:07:21.000Z,🇧🇷🇧🇷🇧🇷👏👏👏👏👏👏👏,0,0,0,https://twitter.com/andrefernm/status/1648099437179281411
Fernando Hoffmann Fr,@FH_Hoffmann,https://twitter.com/FH_Hoffmann/status/1648125451263459328,2023-04-18T00:45:02.000Z,Praia Grande não esquecerá deste desertor....vou divulgar a todos da baixada Santista ....fora medroso...@albertomourao ....,0,0,0,https://twitter.com/andrefernm/status/1648099437179281411
Vla,@vlamir10,https://twitter.com/vlamir10/status/1648139020331896835,2023-04-18T01:38:58.000Z,Bateu o pino,0,0,0,https://twitter.com/andrefernm/status/1648099437179281411
Edilene e Roberto,@edilenef02,https://twitter.com/edilenef02/status/1648159466641141761,2023-04-18T03:00:12.000Z,Fábrica  havaianas Demissão  em massa,0,0,0,https://twitter.com/andrefernm/status/1648099437179281411
MEU PARTIDO É O BRASIL #CENSOREDBR,@Patriotajbbr,https://twitter.com/Patriotajbbr/status/1648100410165534721,2023-04-17T23:05:32.000Z,Boraaaaa...,0,0,0,https://twitter.com/andrefernm/status/1648099437179281411
Maria Paula,@mariapaularfer,https://twitter.com/mariapaularfer/status/1648126430302142465,2023-04-18T00:48:56.000Z,🙏🙏🙏🙏,0,0,0,https://twitter.com/andrefernm/status/1648099437179281411
Giovanni Perrotta,@ggpperrotta,https://twitter.com/ggpperrotta/status/1648148121229074432,2023-04-18T02:15:07.000Z,Cabe ao governador Tarcísio colocar este estrume dep. ALBERTO MOURAO na geladeira e não deixar ele ir à nenhum evento em São Paulo.  Tarcísio está sendo colocado a prova  é Brasil ou não???,2,0,6,https://twitter.com/andrefernm/status/1648099437179281411
LEONEL MOURA,@PRLEONELMOURA,https://twitter.com/PRLEONELMOURA/status/1648100486036201474,2023-04-17T23:05:50.000Z,👍🇧🇷🤝,0,0,0,https://twitter.com/andrefernm/status/1648099437179281411
Jotta Corretor,@JottaCorretor,https://twitter.com/JottaCorretor/status/1648106480711745546,2023-04-17T23:29:39.000Z,Louvado seja Deus,0,0,0,https://twitter.com/andrefernm/status/1648099437179281411
Carina Cappelletti,@CarinaCappelle1,https://twitter.com/CarinaCappelle1/status/1648101761436073989,2023-04-17T23:10:54.000Z,"Se retirar assinatura vai ser suicídio eleitoral, não vamos esquecer, vamos infernizar podem acreditar.#CPMI08dejaneiro #CPMI08dejaneiroja",0,1,2,https://twitter.com/andrefernm/status/1648099437179281411
marrenta,@Emilyluisa18316,https://twitter.com/Emilyluisa18316/status/1648303040191922177,2023-04-18T12:30:43.000Z,Ninguém obg assinar  hipocrisia,0,0,1,https://twitter.com/andrefernm/status/1648099437179281411
Andre M10,@marquesandre83,https://twitter.com/marquesandre83/status/1649022526096302082,2023-04-20T12:09:42.000Z,@albertomourao os moradores de @PRAIAGRANDE  devem estar orgulhosos de VC.,0,0,1,https://twitter.com/andrefernm/status/1648099437179281411
Luiz Thiago Butignolli,@drbutignolli,https://twitter.com/drbutignolli/status/1648102893277401088,2023-04-17T23:15:24.000Z,"Que vergonha hein @albertomourao, Praia Grande deve estar orgulhosa de o senhor apoiar falta de lisura e transparência no ocorrido em 08/01",3,7,36,https://twitter.com/andrefernm/status/1648099437179281411
isabelesposito@hotmail.com,isabelesposito@hotmail.com,https://twitter.com/isabel1709031/status/1648468686741856258,2023-04-18T23:28:56.000Z,"Este pacheco tem que ser julgado.
É um traidor, só enrola, deve temer muito para estar enrolando.
E o povo pagando o salário desse traidor e dos que retiraram a assinatura.
O povo quer é tem o direito da CPMI.
Queremos a verdade!",0,1,1,https://twitter.com/andrefernm/status/1648099437179281411
Edilson Valdeci Ferreira,@Edilsonvf45,https://twitter.com/Edilsonvf45/status/1648104219453317121,2023-04-17T23:20:40.000Z,"Cadê os de Pernambuco?
A maioria aqui é a favor do pilantra de nove dedos.",1,0,2,https://twitter.com/andrefernm/status/1648099437179281411
Cleide Ita- É .22 em 2022,@cleide_ita,https://twitter.com/cleide_ita/status/1648160717541896192,2023-04-18T03:05:11.000Z,"Parabens, Andre pelo belissimo trabalho.
Fiquem de olho aberto, porque estão tramando contra o POVO BRASILEIRO.",1,0,1,https://twitter.com/andrefernm/status/1648099437179281411
silvaney,@brisilva23,https://twitter.com/brisilva23/status/1648121284792922112,2023-04-18T00:28:29.000Z,"Que estes parlamentares ao menos uma vez , coloquem a mão na consciência e não retirem suas assinaturas.",0,0,16,https://twitter.com/andrefernm/status/1648099437179281411
Ana #BrazilWasStolen,@achiare,https://twitter.com/achiare/status/1648112947300818944,2023-04-17T23:55:21.000Z,"Quem ""aceita"" assédio desse desgoverno é tão bandido quanto.",0,0,4,https://twitter.com/andrefernm/status/1648099437179281411
Marinês Araldi..’,@MARINESARALDI,https://twitter.com/MARINESARALDI/status/1648104688384987138,2023-04-17T23:22:32.000Z,🇧🇷,0,0,2,https://twitter.com/andrefernm/status/1648099437179281411
Esj,@EdsonTheddyj,https://twitter.com/EdsonTheddyj/status/1648193809937735683,2023-04-18T05:16:40.000Z,Está com medo de que ? Põe os nome de quem assinou e quem não assinou,0,0,0,https://twitter.com/andrefernm/status/1648099437179281411
Fernanda Oliveira,@Fernanda_PMW,https://twitter.com/Fernanda_PMW/status/1648306941821591553,2023-04-18T12:46:13.000Z,"#QUEREMOSaCPMIde8deJaneiro! @camaradeputados @SenadoFederal 

Divulguem!
Cobrem!",0,0,0,https://twitter.com/andrefernm/status/1648099437179281411
Simone P J,@SimoneJavorski,https://twitter.com/SimoneJavorski/status/1648157341940850694,2023-04-18T02:51:46.000Z,Ótimo.👏🏼👏🏼👏🏼,0,0,1,https://twitter.com/andrefernm/status/1648099437179281411
Fabricio Alves,@FabricioAlvesA2,https://twitter.com/FabricioAlvesA2/status/1648154605040160771,2023-04-18T02:40:53.000Z,"Pacheco, comprado pelo governo vai fazer de tudo pra atrasar e dificultar a instalação da CPMI.",0,1,1,https://twitter.com/andrefernm/status/1648099437179281411
Paulo Henrique,@PauloHe77606868,https://twitter.com/PauloHe77606868/status/1648099738149896193,2023-04-17T23:02:52.000Z,Muito bem tem que ser assim mesmo André,0,0,1,https://twitter.com/andrefernm/status/1648099437179281411
Grazielle Bastos,@GrazielledoCar2,https://twitter.com/GrazielledoCar2/status/1648103334744662017,2023-04-17T23:17:09.000Z,"Todo poder emana do povo 🇧🇷 Somos a maioria patriotas! NÃO  vamos deixar nos calar, somos a resistência. Vamos cobrar esses traidores da pátria.",0,0,1,https://twitter.com/andrefernm/status/1648099437179281411
DJ Waldir júnior oficial,@DJWALDIR_JUNIOR,https://twitter.com/DJWALDIR_JUNIOR/status/1648116590376878080,2023-04-18T00:09:50.000Z,Isso aí para cimaaaa🇧🇷👊🙏🏻,0,0,1,https://twitter.com/andrefernm/status/1648099437179281411
Fabiana Mello,@fabianamellogui,https://twitter.com/fabianamellogui/status/1648119721164668928,2023-04-18T00:22:16.000Z,@well_soares @HLSHOTDESPACHAT,0,0,1,https://twitter.com/andrefernm/status/1648099437179281411
Inielly Alves,@AlvesInielly,https://twitter.com/AlvesInielly/status/1648124303806693378,2023-04-18T00:40:29.000Z,@pedronoronhaz @rodrigolimamdh,0,0,1,https://twitter.com/andrefernm/status/1648099437179281411
"""River Jude Phoenix",@RiverJudeFenix,https://twitter.com/RiverJudeFenix/status/1648173974365380610,2023-04-18T03:57:51.000Z,"Queremos saber, quando Pacheco irá tomar vergonha na cara e instaurar !!",0,0,1,https://twitter.com/andrefernm/status/1648099437179281411
ADRY.A.P,@AndriAdry,https://twitter.com/AndriAdry/status/1648125446532354048,2023-04-18T00:45:01.000Z,Vão cobrar o @MatheusLaiola também por favor!!!,0,0,0,https://twitter.com/andrefernm/status/1648099437179281411
Anti-gado bolsonarista,@natural_maca,https://twitter.com/natural_maca/status/1648113193863004163,2023-04-17T23:56:20.000Z,Au au,0,0,0,https://twitter.com/andrefernm/status/1648099437179281411
Brenda Cardoso,@brendatomtex,https://twitter.com/brendatomtex/status/1648100010347700225,2023-04-17T23:03:57.000Z,Vamos com o povo 🙌🏻🙌🏻🙌🏻,0,0,0,https://twitter.com/andrefernm/status/1648099437179281411
Cassia Cristina Cristina,@CassiaC26934230,https://twitter.com/CassiaC26934230/status/1648103269858770944,2023-04-17T23:16:54.000Z,Isso aí,0,0,0,https://twitter.com/andrefernm/status/1648099437179281411
𝕬𝖑𝖆𝖓 𝕽𝖎𝖌𝖍𝖎,@acrobr_,https://twitter.com/acrobr_/status/1648108895968145409,2023-04-17T23:39:15.000Z,E qual o prazo para retirada?,0,0,0,https://twitter.com/andrefernm/status/1648099437179281411
Dane Nr,@DaianeNRamos1,https://twitter.com/DaianeNRamos1/status/1648102052495499265,2023-04-17T23:12:04.000Z,Continuaremos ligados nação vamos deixar abater.. #CPMI08dejaneiroja,0,0,0,https://twitter.com/andrefernm/status/1648099437179281411
ORLI VIEIRA,@ORLI2009,https://twitter.com/ORLI2009/status/1648114438224986118,2023-04-18T00:01:17.000Z,"@albertomourao , o senhor retirou a sua assinatura da CPMI 98 de janeiro, não se esqueça que quem elegeu o senhor foi o povo e não o governo, por favor repense a sua atitude, não se corrompa.",0,0,0,https://twitter.com/andrefernm/status/1648099437179281411
Douglas Jacques,@DouglasJacquess,https://twitter.com/DouglasJacquess/status/1648154409933701123,2023-04-18T02:40:07.000Z,"+3 assinaram???? Coisa lindaaaaaaaaaa, bora pra cimaaaa",0,0,0,https://twitter.com/andrefernm/status/1648099437179281411
Marco Antonio,@marco_adm2010,https://twitter.com/marco_adm2010/status/1648135516410245122,2023-04-18T01:25:02.000Z,Porém eu acho que estão assinando para ganhar algo do governo para retirar em cima da hora,0,0,0,https://twitter.com/andrefernm/status/1648099437179281411
Jo Berwaldt,@Joberwaldt,https://twitter.com/Joberwaldt/status/1648137275430125569,2023-04-18T01:32:02.000Z,"Parlamentares do MDB sempre na contramão, que vergonha deputado @albertomourao , seus eleitores estão de olho na sua traição! Vale mais um cargo ou dinheiro da canhota do que a sua integridade?!",0,1,0,https://twitter.com/andrefernm/status/1648099437179281411
Chicao Rocha,@RochaChicao,https://twitter.com/RochaChicao/status/1648225938268643328,2023-04-18T07:24:20.000Z,",,, gol x com 123",0,0,0,https://twitter.com/andrefernm/status/1648099437179281411
Mara,@Maraportuga,https://twitter.com/Maraportuga/status/1648261965540732929,2023-04-18T09:47:30.000Z,Olha a história do joio e o trigo ! Agora é a hora .,0,0,0,https://twitter.com/andrefernm/status/1648099437179281411
Vera Lúcia SOU 13,@VeraLciaSousaO1,https://twitter.com/VeraLciaSousaO1/status/1648285879905972224,2023-04-18T11:22:32.000Z,Kkkkkkkkkkkkkkkkkkkkkkkkkkkkkkkkkkkkkkk,0,0,0,https://twitter.com/andrefernm/status/1648099437179281411
Abad Projetos e Construções,@AbadEngenharia,https://twitter.com/AbadEngenharia/status/1648292173933170688,2023-04-18T11:47:32.000Z,Queria ver as listas dos que não assinaram.,0,0,0,https://twitter.com/andrefernm/status/1648099437179281411
marrenta,@Emilyluisa18316,https://twitter.com/Emilyluisa18316/status/1648302731587735552,2023-04-18T12:29:29.000Z,Flávio  Dino deu.aula  terra é redonda  kkkk,0,0,0,https://twitter.com/andrefernm/status/1648099437179281411
Powell Thomaz,@ThomazPowell,https://twitter.com/ThomazPowell/status/1648316990052786176,2023-04-18T13:26:09.000Z,Queremos o nome de quem não assinou. Quem assinou tá de boa.,0,0,0,https://twitter.com/andrefernm/status/1648099437179281411
David Gonzales,@David0Gonzales,https://twitter.com/David0Gonzales/status/1648321690273718272,2023-04-18T13:44:49.000Z,@albertomourao  tá com medo do que Deputado vc é uma vergonha 🤑🤑🤑,0,0,0,https://twitter.com/andrefernm/status/1648099437179281411
Mutens ANTIFASCISTA.,@mutens,https://twitter.com/mutens/status/1648324666723794944,2023-04-18T13:56:39.000Z,Você tinha mais graça quando mostrava o kool na internet.,0,0,0,https://twitter.com/andrefernm/status/1648099437179281411
Keity Pedro,@keity_pedro,https://twitter.com/keity_pedro/status/1648350908730822656,2023-04-18T15:40:56.000Z,@albertomourao ta mamando bebê?,0,0,0,https://twitter.com/andrefernm/status/1648099437179281411
Paulo Roberto,@PauloRo7172829,https://twitter.com/PauloRo7172829/status/1648441642771447816,2023-04-18T21:41:28.000Z,"Apresente a lista de assinaturas a imprensa, para que A POPULAÇÃO saiba quem assinou, quem foi contra e QUEM ESTÁ NOS TRAINDO, e entre Tb com o MANDATO DE SEGURANÇA,  pois 1 PESSOA NÃO PODD DECIDIR pela maioria que aprovou a CPMI. @SenadoFederal @Congresso",0,0,0,https://twitter.com/andrefernm/status/1648099437179281411
cleilson damasceno,@cleilsondamasc,https://twitter.com/cleilsondamasc/status/1648162795253387265,2023-04-18T03:13:26.000Z,Super André 🇧🇷,0,0,0,https://twitter.com/andrefernm/status/1648099437179281411
Graça Gusmão,@GusmaoGraca,https://twitter.com/GusmaoGraca/status/1655607806794293248,2023-05-08T16:17:15.000Z,"Esse aí é da minha região, construiu Praia Grande.Otimo prefeito mas agora tá decepcionando...",0,0,0,https://twitter.com/andrefernm/status/1648099437179281411
Osmando Rodrigues,@OsmandoRod16254,https://twitter.com/OsmandoRod16254/status/1648101114934448129,2023-04-17T23:08:20.000Z,Então o dinheiro qer eles pegarão da China devem ter uma finalidade!,0,0,0,https://twitter.com/andrefernm/status/1648099437179281411
Fabio Marcelo Maritan Abbondanza,@FabioMarceloMa7,https://twitter.com/FabioMarceloMa7/status/1648101191820144641,2023-04-17T23:08:39.000Z,"Perfeito!, poucas horas e a pressão está imensa.",0,0,0,https://twitter.com/andrefernm/status/1648099437179281411
"AHHH, SEEI !",@FreeJoeBR,https://twitter.com/FreeJoeBR/status/1648105585735348228,2023-04-17T23:26:06.000Z,Mal de nome….,0,0,0,https://twitter.com/andrefernm/status/1648099437179281411
Ivete Iveteat,@IveteatIvete,https://twitter.com/IveteatIvete/status/1648123499980963840,2023-04-18T00:37:17.000Z,Esse já perdeu os eleitores de toda a minha comunidade.,0,0,0,https://twitter.com/andrefernm/status/1648099437179281411
Bem Menininha,@BemMeni34636656,https://twitter.com/BemMeni34636656/status/1648124139373199361,2023-04-18T00:39:50.000Z,"Esse aí deputado, não me surpreende.
Te juro que não né surpreende!",0,0,0,https://twitter.com/andrefernm/status/1648099437179281411
Nara Nogueira,@Nara1Nogueir2,https://twitter.com/Nara1Nogueir2/status/1648125975627014147,2023-04-18T00:47:07.000Z,Valeu mesmo nós queremos saber,0,0,0,https://twitter.com/andrefernm/status/1648099437179281411
Piloto,@pilotodedireita,https://twitter.com/pilotodedireita/status/1648128483166486528,2023-04-18T00:57:05.000Z,"Parabéns André, traidores corruptos precisa ser expostos.",0,0,0,https://twitter.com/andrefernm/status/1648099437179281411
sol,@ModaPizzas,https://twitter.com/ModaPizzas/status/1648130654222143488,2023-04-18T01:05:43.000Z,Todos que retirar a assinatura terão que ser investigados,0,0,0,https://twitter.com/andrefernm/status/1648099437179281411
Ismar jacintho junior,@IsmarJacintho,https://twitter.com/IsmarJacintho/status/1650269424513961985,2023-04-23T22:44:25.000Z,Nos lembraremos dele,0,0,0,https://twitter.com/andrefernm/status/1648099437179281411
Maria da penha Fraga,@penhamariafraga,https://twitter.com/penhamariafraga/status/1648122962778750978,2023-04-18T00:35:09.000Z,Saldo positivo +2,0,0,1,https://twitter.com/andrefernm/status/1648099437179281411
Tr Camargo,@TrFerrarisp,https://twitter.com/TrFerrarisp/status/1648103374007545861,2023-04-17T23:17:19.000Z,"@albertomourao , o qie foi oferecido  ?
A sua retirada de seu nome sera muito bem lembrado  !
O Brasil  não  é  aquele que te fez chegar ate aí,  o povo esta bem esperto .",0,0,1,https://twitter.com/andrefernm/status/1648099437179281411
Edna Fernandes Sampaio,@EdenaSampaio,https://twitter.com/EdenaSampaio/status/1650805718189064196,2023-04-25T10:15:28.000Z,Seu André Fernandes sou de montes claro minas gerais procuro minha família se não conseguir vou chamar canal de tv tou sabendo que são das cortes e leis do Brasil ntelef16982506024 sou Edna Fernandes Sampaio moro no residencial Ibitinga 3interior de sp agradeço,0,0,0,https://twitter.com/andrefernm/status/1648099437179281411
Monica Pinheiro da Silva,@MonicaP72178950,https://twitter.com/MonicaP72178950/status/1648147993806110721,2023-04-18T02:14:37.000Z,👏👏👏👏👏👏🙏,0,0,1,https://twitter.com/andrefernm/status/1648099437179281411
Eliane Ribeiro,@ElianeR11546800,https://twitter.com/ElianeR11546800/status/1648113002170687492,2023-04-17T23:55:34.000Z,🤓 tô de olho!!!,0,0,1,https://twitter.com/andrefernm/status/1648099437179281411
Moacyr e Sandra,@MoacyreSandra,https://twitter.com/MoacyreSandra/status/1648109067196329984,2023-04-17T23:39:56.000Z,Urgente @SenadoFederal @camaradeputados,0,5,12,https://twitter.com/andrefernm/status/1648099437179281411
Cezar2022,@CGabia,https://twitter.com/CGabia/status/1648121858313658368,2023-04-18T00:30:46.000Z,"Correto.
Todo parlamentar que retirar assinatura, assume ser corrupto. 
Tem de ser exposto e cobrado pelo povo em sua cidade.",0,1,2,https://twitter.com/andrefernm/status/1648099437179281411
Ingrid Block Malucel,@IdmaluBlock,https://twitter.com/IdmaluBlock/status/1648154736225296384,2023-04-18T02:41:25.000Z,Sem comentários para aqueles que retiraram assinatura. Deus agirá. 🙏🇧🇷,0,0,1,https://twitter.com/andrefernm/status/1648099437179281411
Rosângela Roters,@RosangelaRoters,https://twitter.com/RosangelaRoters/status/1648305034285727745,2023-04-18T12:38:38.000Z,"Senhor deputado, caso seja aprovada a CPI, os políticos bolsonaristas que discursaram, apoiaram e incitaram a quebradeira do dia 08/01, serão punidos inclusive com a perda de seus mandatos? Pois provas não faltam...",2,0,2,https://twitter.com/andrefernm/status/1648099437179281411
Jorge Rodrigues,@jrodrigues6227,https://twitter.com/jrodrigues6227/status/1648470241050255361,2023-04-18T23:35:07.000Z,"Este deputado foi prefeito da Praia Grande-SP, montou uma quadrilha que roubou tudo na cidade, até merenda das escolas",0,0,0,https://twitter.com/andrefernm/status/1648099437179281411
Ronaldo Flores Garcez,@FloresGarc44210,https://twitter.com/FloresGarc44210/status/1648489914831618048,2023-04-19T00:53:17.000Z,"Esses caras entram, só para isca, sabendo que vão sair aos 49 minutos do segundo tempo, vão caindo as máscaras. Tem mais. Divulga mesmo, reeleição nunca mais",0,0,0,https://twitter.com/andrefernm/status/1648099437179281411
Guru Meditation,@GuruMeditat1on,https://twitter.com/GuruMeditat1on/status/1648663859920769024,2023-04-19T12:24:29.000Z,"Compartilhe a lista de MG, nobre deputado, tmj!",0,0,0,https://twitter.com/andrefernm/status/1648099437179281411
Angelica,@AngelBlum62,https://twitter.com/AngelBlum62/status/1648788326122397697,2023-04-19T20:39:04.000Z,André vc nos dá orgulho!!!!,0,0,0,https://twitter.com/andrefernm/status/1648099437179281411
isabelesposito@hotmail.com,isabelesposito@hotmail.com,https://twitter.com/isabel1709031/status/1648466625228861441,2023-04-18T23:20:45.000Z,Apoiado.,0,0,0,https://twitter.com/andrefernm/status/1648099437179281411
Márcio Portugal,@marciortugal,https://twitter.com/marciortugal/status/1648103175855939585,2023-04-17T23:16:32.000Z,"Obrigado pelo trabalho, Deputado.",0,0,1,https://twitter.com/andrefernm/status/1648099437179281411
fazuelli,@_Fazuelle_,https://twitter.com/_Fazuelle_/status/1648159565219807232,2023-04-18T03:00:36.000Z,Parabéns pelo trabalho deputado.,0,0,1,https://twitter.com/andrefernm/status/1648099437179281411
Alexandre Reis,@areis73,https://twitter.com/areis73/status/1648100785044037632,2023-04-17T23:07:02.000Z,"Esse deputado @albertomourao !!! Sempre assim. Ex-prefeito da minha cidade Praia Grande. Qual sua justificativa, rapaz?!",0,0,1,https://twitter.com/andrefernm/status/1648099437179281411
Malu Patriota (Garota do Bela),@garotadobela,https://twitter.com/garotadobela/status/1648115549837172739,2023-04-18T00:05:42.000Z,A minha esperança está em Deus e nos deputados que amam o Brasil. #CPMIdo08deJaneiro,0,0,4,https://twitter.com/andrefernm/status/1648099437179281411
Fenixopressor,@rogerioservogm1,https://twitter.com/rogerioservogm1/status/1648101296031801344,2023-04-17T23:09:03.000Z,"esse é da minha região... expondo o mesmo em 3,2,1... toda Praia Grande/SP vai ver, no que depender de mim",1,0,5,https://twitter.com/andrefernm/status/1648099437179281411
Ale,@Aleks2121,https://twitter.com/Aleks2121/status/1648121441487912961,2023-04-18T00:29:06.000Z,Vai postar quem fez publicação golpista desde as eleições???,0,0,4,https://twitter.com/andrefernm/status/1648099437179281411
LF@batista,LF@batista,https://twitter.com/LFbatista3/status/1648269198643150848,2023-04-18T10:16:14.000Z,@andrefernm CPI DAS JOIAS 💎 💎 💎  O BRASIL QUER SABER SE FOI PRESENTE 🎁 OU PROPINA PELA VENDA DA REFINARIA LANDULPHO ALVES.,1,0,0,https://twitter.com/andrefernm/status/1648099437179281411
MardaneMarília MúsicoBH,@grupomasterBH,https://twitter.com/grupomasterBH/status/1648543240889434113,2023-04-19T04:25:11.000Z,"E nós replicaremos as divulgações até 2026. Já estou preparando minhas listas negras p divulgar td mês (da votação p presidência do senado, da CPMI e qtas mais for preciso).",0,0,0,https://twitter.com/andrefernm/status/1648099437179281411
Zelia Fabro22,@zfabrogmailcom,https://twitter.com/zfabrogmailcom/status/1648210152770748417,2023-04-18T06:21:37.000Z,Será verdade que eles tem requerimento em bloco de retirada de assinaturas e que apresentarão nos últimos minutos da leitura do requerimento. Fonte: Dantas da @JovemPanNews,0,0,2,https://twitter.com/andrefernm/status/1648099437179281411
¯̷\̷_̷(̷ツ̷)̷_̷/̷¯̷༗̷☬̷̷L̷i̷g̷i̷a̷g̷u̷e̷r̷r̷a̷,@LigiaGuerra7,https://twitter.com/LigiaGuerra7/status/1648117850115043328,2023-04-18T00:14:50.000Z,"Esse @albertomourao  já foi prefeito?
Então conhece o sistema! Mas não conhece que trairagem com o povo é inesquecível ?",3,3,15,https://twitter.com/andrefernm/status/1648099437179281411
Marcia27.lima@gmail.com,Marcia27.lima@gmail.com,https://twitter.com/Marcia27L/status/1648431117996003335,2023-04-18T20:59:39.000Z,#CPMIdo08deJaneiroJa,0,0,0,https://twitter.com/andrefernm/status/1648099437179281411
o,@HellenWernz,https://twitter.com/HellenWernz/status/1648101638903586817,2023-04-17T23:10:25.000Z,"Mas não podia isso de assinar e ficar retirando. Assinou, tá assinado. Palhaçada isso.",0,0,2,https://twitter.com/andrefernm/status/1648099437179281411
AMXcrypto.eth,@maxxvarela,https://twitter.com/maxxvarela/status/1648144777949462528,2023-04-18T02:01:50.000Z,@albertomourao afinou né? 💰💰💰 #COMPRADO #COVARDE,0,0,1,https://twitter.com/andrefernm/status/1648099437179281411
Fernando Marques de Camargo,@Fernand83532823,https://twitter.com/Fernand83532823/status/1648100384173350914,2023-04-17T23:05:26.000Z,Estão falando que vão colocar uma pauta da enfermagem pra atrapalhar  a leitura da cpmi procede,0,0,1,https://twitter.com/andrefernm/status/1648099437179281411
Caio Vinicius,@vini_caiorj,https://twitter.com/vini_caiorj/status/1648100794057519106,2023-04-17T23:07:04.000Z,Não vai divulgar pq não tem os nomes kkkkkk,2,0,0,https://twitter.com/andrefernm/status/1648099437179281411
Grazielle Bastos,@GrazielledoCar2,https://twitter.com/GrazielledoCar2/status/1648159740545978369,2023-04-18T03:01:18.000Z,Conseguimos ?,0,0,0,https://twitter.com/andrefernm/status/1648099437179281411
Antonio Carlos Pereira dos Santos Júnior,@AcarlosJr7695,https://twitter.com/AcarlosJr7695/status/1648179174677307393,2023-04-18T04:18:31.000Z,"Foi prefeito várias vezes aqui na cidade onde moro em Praia Grande -SP.
Decepção para a cidade.",0,0,0,https://twitter.com/andrefernm/status/1648099437179281411
At,@OficialTails,https://twitter.com/OficialTails/status/1648378477307912194,2023-04-18T17:30:29.000Z,Olha quem é o secretário do Flávio Dino,0,0,0,https://twitter.com/andrefernm/status/1648099437179281411
fabricio jesus,@fjesus2012,https://twitter.com/fjesus2012/status/1648282616381034496,2023-04-18T11:09:34.000Z,"Esse aí que retirou estava ontem com o Jader inclusive publicou no Instagram dele, pelo jeito a reunião foi produtiva com o governo.",0,0,0,https://twitter.com/andrefernm/status/1648099437179281411
José Martins Nunes,@JosMartinsNune1,https://twitter.com/JosMartinsNune1/status/1648287444674965504,2023-04-18T11:28:45.000Z,"Esse é o tipo de Parlanrntar que jamais subirá a tribuna para defender suas ideias porque elas não existem.
Eles estão ali so para vender suas assinaturas em favor de tudo aquilo que a esquerda quer.",0,0,0,https://twitter.com/andrefernm/status/1648099437179281411
Vasti Maria,@VastiTininha,https://twitter.com/VastiTininha/status/1648378400753565701,2023-04-18T17:30:10.000Z,Mourão sempre traindo o povo,0,0,0,https://twitter.com/andrefernm/status/1648099437179281411
cris,@Cristin76829821,https://twitter.com/Cristin76829821/status/1648144484461432836,2023-04-18T02:00:40.000Z,"O povo estará  de planos abertos amanhã  ,o país em peso !",1,0,2,https://twitter.com/andrefernm/status/1648099437179281411
Antonio Loss Possatti ★彡,@aflpossatti,https://twitter.com/aflpossatti/status/1648118959403663366,2023-04-18T00:19:15.000Z,"A meretriz do Lula , senador Rodrigo Pacheco, um parlamentar imundo continua enchendo tentando atrapalhar a CPMI. Será que esse ser de quinta categoria não tem mãe e pai não? Se tiver é lamentável",1,0,3,https://twitter.com/andrefernm/status/1648099437179281411
Denise maria Canuto,@DenisemariaCan1,https://twitter.com/DenisemariaCan1/status/1648399739820339205,2023-04-18T18:54:58.000Z,Temos que ajuda os deputados e ir as ruas novamente não podemos nos cala mais,0,0,0,https://twitter.com/andrefernm/status/1648099437179281411
Felipe Marenas,@FMarenas,https://twitter.com/FMarenas/status/1648301002649468932,2023-04-18T12:22:37.000Z,"Que conversa de cpmi. Esse ato já tá sendo resolvido, hoje foi deflagrada mais uma ação, quem tem que ser preso já tá sendo, não faz sentido parar o país porque esse chupetinha tá querendo não.",0,0,0,https://twitter.com/andrefernm/status/1648099437179281411
Antipt,@Antipt806147382,https://twitter.com/Antipt806147382/status/1648132657170006018,2023-04-18T01:13:40.000Z,Alberto Mourao Judas,0,0,0,https://twitter.com/andrefernm/status/1648099437179281411
dabliu,@AntonioWelerso1,https://twitter.com/AntonioWelerso1/status/1648147165389176833,2023-04-18T02:11:19.000Z,Que joia 💎💎💎💎💎💎💎💎💎💎💎💎💎💎💎💎💎,0,0,0,https://twitter.com/andrefernm/status/1648099437179281411
Daniela Ferazole Franco,@DanielaFerazole,https://twitter.com/DanielaFerazole/status/1648105242087628800,2023-04-17T23:24:44.000Z,"Deputado, muita gratidão pelo que está fazendo por nós",0,0,0,https://twitter.com/andrefernm/status/1648099437179281411
007Mil,@Brito49251707,https://twitter.com/Brito49251707/status/1648101244861308937,2023-04-17T23:08:51.000Z,"Muito grato pelo seu empenho deputado, o senhor é um grande homem que nos representa muito bem e nos enche de orgulho.",0,0,0,https://twitter.com/andrefernm/status/1648099437179281411
André Luis,@AndreLuisfr22,https://twitter.com/AndreLuisfr22/status/1648123838696235008,2023-04-18T00:38:38.000Z,🙏🏻🇧🇷,0,0,0,https://twitter.com/andrefernm/status/1648099437179281411
Ronaldo Oliveira,@Ronaldoaoliver,https://twitter.com/Ronaldoaoliver/status/1648121119872892928,2023-04-18T00:27:50.000Z,Excelente trabalho André,0,0,0,https://twitter.com/andrefernm/status/1648099437179281411
William,@William25385364,https://twitter.com/William25385364/status/1648100050898153473,2023-04-17T23:04:07.000Z,"Q demora , não vejo a hora disso começa logo parabéns Deputado 👏👏",0,0,0,https://twitter.com/andrefernm/status/1648099437179281411
Paulo Junior,@PauloJu30977138,https://twitter.com/PauloJu30977138/status/1648133977318760453,2023-04-18T01:18:55.000Z,Essa CPMI8 tem que passar!!!,0,0,0,https://twitter.com/andrefernm/status/1648099437179281411
Patrícia_BRASIL,@Patricia_BR2022,https://twitter.com/Patricia_BR2022/status/1648102039858163713,2023-04-17T23:12:01.000Z,"Pode me passar em off se o deputado @brunoganemsp assinou?
Votei nele e preciso saber. Assim como a todos que pedi voto pra ele em Campinas.",0,0,0,https://twitter.com/andrefernm/status/1648099437179281411
Tatiane,@TatiSuspensa,https://twitter.com/TatiSuspensa/status/1648145022242398211,2023-04-18T02:02:49.000Z,👏👏👏🎯,0,0,0,https://twitter.com/andrefernm/status/1648099437179281411
Robson Mota,@robsonluizMS,https://twitter.com/robsonluizMS/status/1648159293554737152,2023-04-18T02:59:31.000Z,Vencemos!?,0,0,0,https://twitter.com/andrefernm/status/1648099437179281411
Beloto,@belo22_amaro,https://twitter.com/belo22_amaro/status/1648142099693416450,2023-04-18T01:51:12.000Z,Parabéns aos 3 Homens de coragem e de caráter,0,0,0,https://twitter.com/andrefernm/status/1648099437179281411
Caio Vinicius,@vini_caiorj,https://twitter.com/vini_caiorj/status/1648100913549017088,2023-04-17T23:07:32.000Z,"E só tá alimentando o gado kkkk 

Maravilhoso essa encenação 

20k de salário pra isso 

Brazil",3,0,0,https://twitter.com/andrefernm/status/1648099437179281411
Cléa Ribeiro Ribeiro,@AlcicleaGuimara,https://twitter.com/AlcicleaGuimara/status/1648139686055927808,2023-04-18T01:41:36.000Z,"Se tiver traidores, não serão esquecidos nunca mais!",0,0,0,https://twitter.com/andrefernm/status/1648099437179281411
Ctr,@temoteo_claudio,https://twitter.com/temoteo_claudio/status/1648104340018675714,2023-04-17T23:21:09.000Z,O povo precisa saber!!!,0,0,0,https://twitter.com/andrefernm/status/1648099437179281411
Felipe Marenas,@FMarenas,https://twitter.com/FMarenas/status/1648301170245468163,2023-04-18T12:23:17.000Z,Tem que ir atrás de transar. Falta de sexo faz isso com as pessoas.,0,0,0,https://twitter.com/andrefernm/status/1648099437179281411
Jussara Simplicio,@JussaraJudika,https://twitter.com/JussaraJudika/status/1648355201219166208,2023-04-18T15:57:59.000Z,"Esse SER é de minha cidade, o quanto estamos enojados com essa atitude dele, mas eu já sabia, foram 2 anos que sempre falei aqui e até briguei com familares que ele seria a podridão de Praia Grande no Congresso",0,0,0,https://twitter.com/andrefernm/status/1648099437179281411
Andre,@Andre839491792,https://twitter.com/Andre839491792/status/1648107530550145025,2023-04-17T23:33:50.000Z,"Lute por Nós! 
Obrigado",0,0,0,https://twitter.com/andrefernm/status/1648099437179281411
GabrielaKi,@GabrielaKi14,https://twitter.com/GabrielaKi14/status/1648127318039076865,2023-04-18T00:52:28.000Z,Coloca o Twitter dele aí!,0,0,0,https://twitter.com/andrefernm/status/1648099437179281411
Fabio Mendes,@mendesaru2,https://twitter.com/mendesaru2/status/1648294647763025928,2023-04-18T11:57:22.000Z,"André,  você está trabalhando muito.  Você está tendo tempo de raspar o cool?",0,0,0,https://twitter.com/andrefernm/status/1648099437179281411
Fabio,@fabiolacerda29,https://twitter.com/fabiolacerda29/status/1648283597386678274,2023-04-18T11:13:27.000Z,Ótimo,0,0,0,https://twitter.com/andrefernm/status/1648099437179281411
™olɘɔЯɒM,@mrclpntjr,https://twitter.com/mrclpntjr/status/1648276292456816643,2023-04-18T10:44:26.000Z,Que papelão hein deputado @albertomourao,0,0,0,https://twitter.com/andrefernm/status/1648099437179281411
PC Rodrigues,@PCRodrigues11,https://twitter.com/PCRodrigues11/status/1648370999774134291,2023-04-18T17:00:46.000Z,"Eles estão esperando. Se passar, aí assinam para não ficar mal com eleitores. Por favor, divulgue os nomes dos últimos a assinarem.",0,0,0,https://twitter.com/andrefernm/status/1648099437179281411
.,@daillynews144,https://twitter.com/daillynews144/status/1648263663487270914,2023-04-18T09:54:15.000Z,"Isso ai já são cartas marcadas: já sabe que não vai dar em nada, mas já está produzindo vasto conteúdo para engajamento nas redes sociais. Depois que não der em nada, aí vai vir o vitimismo e o discurso ""traidores da pátria"". E tem gente que cai direitinho",0,0,0,https://twitter.com/andrefernm/status/1648099437179281411
Regina,@Regina85328827,https://twitter.com/Regina85328827/status/1648246747301380100,2023-04-18T08:47:02.000Z,@albertomourao  qual o valor da traição?? O povo não esquecerá.,0,0,0,https://twitter.com/andrefernm/status/1648099437179281411
Fernanda alexandre,@Fernand61568473,https://twitter.com/Fernand61568473/status/1648166082673270786,2023-04-18T03:26:30.000Z,Faz o L,0,0,0,https://twitter.com/andrefernm/status/1648099437179281411
Antônio Silva,@AntnioS44334278,https://twitter.com/AntnioS44334278/status/1648127298284007427,2023-04-18T00:52:23.000Z,Oxe dois peso e duas meninas ! Isso e democracia ou não,1,0,0,https://twitter.com/andrefernm/status/1648099437179281411
Maria mariá-poetisa-humorista,@MariaBeserraSou,https://twitter.com/MariaBeserraSou/status/1648183929940365313,2023-04-18T04:37:25.000Z,Divulga os que retiraram,0,0,0,https://twitter.com/andrefernm/status/1648099437179281411
fernando pereira,@fer14653127,https://twitter.com/fer14653127/status/1648379169523265537,2023-04-18T17:33:14.000Z,Correto sua atitude parabéns enquanto uns fica igual papagaio,0,0,0,https://twitter.com/andrefernm/status/1648099437179281411
Yvonne & Yanni,@Yannetes,https://twitter.com/Yannetes/status/1648099836598657031,2023-04-17T23:03:15.000Z,vamos esperar a TPM do pachecão,0,0,2,https://twitter.com/andrefernm/status/1648099437179281411
Dr Dreifke,@DrDreifke,https://twitter.com/DrDreifke/status/1648110998992089088,2023-04-17T23:47:37.000Z,"@albertomourao, trabalharemos para que nunca mais seja eleito.",0,0,1,https://twitter.com/andrefernm/status/1648099437179281411
Leticia Sousa,@Leticia71443019,https://twitter.com/Leticia71443019/status/1648114106132492288,2023-04-17T23:59:58.000Z,@albertomourao seu nome será lembrado nas próximas eleições.,0,0,2,https://twitter.com/andrefernm/status/1648099437179281411
Claudio Bueno,@claudiojbp,https://twitter.com/claudiojbp/status/1648436687960424449,2023-04-18T21:21:47.000Z,"Mas qual o problema de ""sofrerem assédio do governo""? E daí?🤷‍♂️😡",0,0,0,https://twitter.com/andrefernm/status/1648099437179281411
Santos Paraíba,@Santos_Paraiba,https://twitter.com/Santos_Paraiba/status/1648120917917155330,2023-04-18T00:27:02.000Z,Ja sei que vocês estão DESESPERADOS.... foi exatamente assim na votação para a presidência do Senado.... anunciaram vitória e tomaram PEIA.,0,0,9,https://twitter.com/andrefernm/status/1648099437179281411
Pinheiro Lima,@TiberioPlima,https://twitter.com/TiberioPlima/status/1648104900155375619,2023-04-17T23:23:23.000Z,Parabéns Alberto Moura o órgão para investigar é a PF é o próprio investigado.,0,0,1,https://twitter.com/andrefernm/status/1648099437179281411
MMBBR,@MMBBR5,https://twitter.com/MMBBR5/status/1648100346630111233,2023-04-17T23:05:17.000Z,Já mandei mensagem cobrando esse deputado que retirou a assinatura,0,0,6,https://twitter.com/andrefernm/status/1648099437179281411
Mine do Pedrinho,@minedo_mine,https://twitter.com/minedo_mine/status/1648102167813685249,2023-04-17T23:12:31.000Z,O Calh0rda  da Praia Grande SP,0,0,1,https://twitter.com/andrefernm/status/1648099437179281411
Mauricio Torres Fernandes,@mtfernandesSP,https://twitter.com/mtfernandesSP/status/1648114924923518977,2023-04-18T00:03:13.000Z,"Amanhã queremos a lista completa, tanto de quem assinou quando de quem retirou, assim como a dos que nunca assinaram...",0,0,2,https://twitter.com/andrefernm/status/1648099437179281411
