nome,usuario,idTweet,dataPublicacao,texto,replies,retweets,likes,tweetPai
Sheila Tarsila,@sotarsila,https://twitter.com/sotarsila/status/1648847962762629121,2023-04-20T00:36:03.000Z,Minha solidariedade ao deputado @BolsonaroSP e toda sua família.,1,0,0,https://twitter.com/BohnGass/status/1648767658907557910
Kate Charlote,@Katiasraposo10,https://twitter.com/Katiasraposo10/status/1648907368158068737,2023-04-20T04:32:06.000Z,Vocês podem humilhar e difamar. Quem fala o que quer ouve o que não quer!,0,0,0,https://twitter.com/BohnGass/status/1648767658907557910
Sonia Gugelmin,@SGugelmin,https://twitter.com/SGugelmin/status/1649216157512081415,2023-04-21T00:59:07.000Z,Foi esse o provocador?? Eduardo fez bem de retrucar. Petistas se acham acima da lei e de tudo. Vao cair. Nao valem nada!!,0,0,0,https://twitter.com/BohnGass/status/1648767658907557910
ALEX ALVES,@ALEXALV59484231,https://twitter.com/ALEXALV59484231/status/1649032611816259590,2023-04-20T12:49:46.000Z,Agricultor / Sindicalista   .,0,0,0,https://twitter.com/BohnGass/status/1648767658907557910
SELMY ANTONIO,@AntonioSelmy,https://twitter.com/AntonioSelmy/status/1648838916051542016,2023-04-20T00:00:06.000Z,"O algoz é vítima, é isso?",0,0,0,https://twitter.com/BohnGass/status/1648767658907557910
Thatiane Oliveira,@Thatian57254073,https://twitter.com/Thatian57254073/status/1648834407992635394,2023-04-19T23:42:11.000Z,Poe o PT no conselho de ética,0,0,0,https://twitter.com/BohnGass/status/1648767658907557910
GIOVANNE,@GIOVANN17478062,https://twitter.com/GIOVANN17478062/status/1648854237294522374,2023-04-20T01:00:59.000Z,Sério,0,0,0,https://twitter.com/BohnGass/status/1648767658907557910
Erika,@Erika168596635,https://twitter.com/Erika168596635/status/1648822998617690113,2023-04-19T22:56:51.000Z,"Vcs destilam ódio, e depois querem sair de vítimas.
Espero q vc dois não recebam uma fakeada,.",0,0,0,https://twitter.com/BohnGass/status/1648767658907557910
Rose Maciel,@ArnaudinRose,https://twitter.com/ArnaudinRose/status/1648768401131675648,2023-04-19T19:19:54.000Z,Tanta mentira o Sr disse...,0,0,1,https://twitter.com/BohnGass/status/1648767658907557910
Sirlei Ferraz de Moraes,@ferraz_sirlei,https://twitter.com/ferraz_sirlei/status/1648916558255919104,2023-04-20T05:08:37.000Z,"Ué
Vc não mexeu com o
Pai dele

Pau q da em Francisco
Deve dar tbm no Chico

Se não sabe brincar
Não desce pro
Parquinho
Blz",0,0,0,https://twitter.com/BohnGass/status/1648767658907557910
Saraiva 009.'.,@009Saraiva,https://twitter.com/009Saraiva/status/1648819641987354624,2023-04-19T22:43:30.000Z,Se escapou de levar um soco nessa boca fedorenta.... Canalhas,0,0,0,https://twitter.com/BohnGass/status/1648767658907557910
Amigo da Onça,@oncaironica,https://twitter.com/oncaironica/status/1648794619713314818,2023-04-19T21:04:05.000Z,Você é da turma que apoia facada?,0,0,0,https://twitter.com/BohnGass/status/1648767658907557910
Os Brutos Também Amam,@lavorero,https://twitter.com/lavorero/status/1648843434197753856,2023-04-20T00:18:03.000Z,Esse babaca escapou de perder os dentes.,0,0,0,https://twitter.com/BohnGass/status/1648767658907557910
Rose Maciel,@ArnaudinRose,https://twitter.com/ArnaudinRose/status/1648768316842860563,2023-04-19T19:19:34.000Z,Vocês só tumultuam e falam de Bolsonaro! Vão trabalhar cambada!,1,0,1,https://twitter.com/BohnGass/status/1648767658907557910
Paulo Jr,@i9serv,https://twitter.com/i9serv/status/1648833743279251458,2023-04-19T23:39:32.000Z,Cagou-se todo kkkkkk,0,0,0,https://twitter.com/BohnGass/status/1648767658907557910
LA Vieira,@LuizAntVieir,https://twitter.com/LuizAntVieir/status/1648769488261730306,2023-04-19T19:24:13.000Z,"Esse fato mostra mais uma vez o desepero dos NAZIFASCISTAS, sabem q estão perdidos e desmascarados!   Não sabem conviver c/a democracia.
Cadeia já!",0,0,4,https://twitter.com/BohnGass/status/1648767658907557910
"Colonette,",@AdrianoColonet,https://twitter.com/AdrianoColonet/status/1648781669174853633,2023-04-19T20:12:37.000Z,Porcos sempre ficam no mesmo cocho!,0,0,0,https://twitter.com/BohnGass/status/1648767658907557910
Ana,@Ana19606,https://twitter.com/Ana19606/status/1648841398110638082,2023-04-20T00:09:57.000Z,"O deputado MARCON, um velhote safado, que não respeitou o sofrimento do filho ao ver o pai quase MORTO pela facada que ele levou A MANDO de alguém para impedir sua eleição. Ficar debochando na frente do filho já é demais não é?  Se fosse com meu pai eu faria pior …@BolsonaroSP",0,0,0,https://twitter.com/BohnGass/status/1648767658907557910
Fábio Cabral,@FabioKabral,https://twitter.com/FabioKabral/status/1648830502818795521,2023-04-19T23:26:40.000Z,"Quem fala o que quer, ouve o que não quer; e não merece respeito!",0,0,0,https://twitter.com/BohnGass/status/1648767658907557910
SS,@samuelschon,https://twitter.com/samuelschon/status/1648810347992588288,2023-04-19T22:06:35.000Z,"Fala porque a fachada não foi em ti ou no teu pai ou um parente, desdenhar da dor física sofrida, da dor da recuperação , das sequelas, é o ato mais baixo e desumano que há vi neste ano. Você deveria ter vergonha de defender este ser humano , “Deputado” Marcon. Mas pelo visto é =",0,0,0,https://twitter.com/BohnGass/status/1648767658907557910
Dallagnol: CHUPA QUE A CANA É DOCE!,@CarlosMarquesL3,https://twitter.com/CarlosMarquesL3/status/1648902182412877827,2023-04-20T04:11:30.000Z,"Havendo a instalação da CPMI do TERRORISMO GOLPISTA da extrema direita, o GOVERNO DEMOCRÁTICO e sua base no CONGRESSO teem o DEVER de acabar de vez com o GOLPISMO MIDIÁTICO, MILITAR, EMPRESARIAL e EVANGÉLICO SEM HESITAÇÕES! CADEIA para toda a PLUTOCRACIA que inferniza o BRASIL!",0,0,0,https://twitter.com/BohnGass/status/1648767658907557910
Cino Silva,@AlvesMercino,https://twitter.com/AlvesMercino/status/1649009025802022912,2023-04-20T11:16:03.000Z,"Oh gente faltam 154 reais p inteirar 390 p pgr uma liminar judicial de pensão alimentícia, sei q tds vcs tem dúvidas a pgr e despesas, mas quem puder por tudo que mais sagrado me ajuda q seja 1 real p eu inteirar este valor e muito obrigado! 
Pix 33991756922Cel.Obg",0,0,0,https://twitter.com/BohnGass/status/1648767658907557910
Hernandes,@HernandesMart18,https://twitter.com/HernandesMart18/status/1648862012632334336,2023-04-20T01:31:52.000Z,Merecia ter levado uma surra esse petralha VAGABUNDO,0,0,0,https://twitter.com/BohnGass/status/1648767658907557910
Hernandes,@HernandesMart18,https://twitter.com/HernandesMart18/status/1657831113996349440,2023-05-14T19:31:53.000Z,Merecia ter levado uma surra esse petralha VAGABUNDO,0,0,0,https://twitter.com/BohnGass/status/1648767658907557910
