nome,usuario,idTweet,dataPublicacao,texto,replies,retweets,likes,tweetPai
Adail Filho,@adailfilhoam,https://twitter.com/adailfilhoam/status/1648728697132679171,2023-04-19T16:42:07.000Z,"Hoje é Dia dos Povos Indígenas e quero expressar minha admiração e respeito pela cultura e tradições, além de reconhecer o amor que eles tem pela nossa terra e natureza. 

19 de Abril - Dia dos Povos Indígenas",0,0,1,https://twitter.com/adailfilhoam/status/1648728688475635725
+1brasileira,@mais1brasileir4,https://twitter.com/mais1brasileir4/status/1650867472810012673,2023-04-25T14:20:51.000Z,"Senhor Deputado Adail, tudo bem?
O povo brasileiro pede que o senhor VOTE NÃO no PL 2630!

Não podemos deixar o Brasil se transformar em uma DITADURA COMUNISTA como a China!

Se não fosse a liberdade de expressão, os seus eleitores não poderiam ter votado no senhor!

NOS AJUDE!",0,0,0,https://twitter.com/adailfilhoam/status/1648728688475635725
