nome,usuario,idTweet,dataPublicacao,texto,replies,retweets,likes,tweetPai
Maria Célia Oliveira,@CelinhaOlive,https://twitter.com/CelinhaOlive/status/1648346960250675206,2023-04-18T15:25:14.000Z,"Cadê você, @rodrigopacheco ? Queremos a CPMI. O congresso está aguardando você.",0,0,0,https://twitter.com/adriventurasp/status/1648339722031230981
Edmar,@Edmar_Piona,https://twitter.com/Edmar_Piona/status/1648352082112421888,2023-04-18T15:45:35.000Z,"O povo quer saber de fato o que aconteceu,  alguns q vimos em vídeos, excederam no quebrar objetos públicos, estes tem q ser identificados e punidos, outros entraram sem saber.",0,0,0,https://twitter.com/adriventurasp/status/1648339722031230981
Valéria Luqui,@Valeria_Luqui,https://twitter.com/Valeria_Luqui/status/1648342665501483008,2023-04-18T15:08:10.000Z,Me representa! 👏🏻👏🏻👏🏻🇧🇷,0,0,0,https://twitter.com/adriventurasp/status/1648339722031230981
Paulo,@pem10210,https://twitter.com/pem10210/status/1648353513229934593,2023-04-18T15:51:17.000Z,Vocês acreditam na palavra do senador banana?,0,0,0,https://twitter.com/adriventurasp/status/1648339722031230981
Paulo Dieb,@PadefD,https://twitter.com/PadefD/status/1648374119669415939,2023-04-18T17:13:10.000Z,"Que tal trabalhar para resolver os problemas do Brasil ao invés de armar o picadeiro de um circo?
Qual sua opinião sobre auxílio creche e adicional por tempo de serviço para o alto escalão da magistratura?",0,0,0,https://twitter.com/adriventurasp/status/1648339722031230981
