nome,usuario,idTweet,dataPublicacao,texto,replies,retweets,likes,tweetPai
Dario Borelli,@dborelliu,https://twitter.com/dborelliu/status/1648061667337555969,2023-04-17T20:31:35.000Z,"💪🏻💪🏻💪🏻💪🏻💪🏻💪🏻💪🏻🇧🇷E você, enviou e-mail para os congressistas pedindo a assinatura pra CPMI ?",0,3,4,https://twitter.com/andrefernm/status/1648059661101289494
AFRamos,@FRamos79377947,https://twitter.com/FRamos79377947/status/1648063196761149459,2023-04-17T20:37:40.000Z,🙏🏻🙏🏻🙏🏻🙏🏻 CPMI do 08/01 já!,0,1,3,https://twitter.com/andrefernm/status/1648059661101289494
CidaPitanga,@Cida43747546,https://twitter.com/Cida43747546/status/1648065335080423425,2023-04-17T20:46:10.000Z,"André , tudo certo ? Alguém vai tirar o nome da CPMI?",0,0,1,https://twitter.com/andrefernm/status/1648059661101289494
G. Santos,@SoberanoFederal,https://twitter.com/SoberanoFederal/status/1648061488937021440,2023-04-17T20:30:53.000Z,"Hoje, até 23:59 ainda será um dia tenso...",4,2,9,https://twitter.com/andrefernm/status/1648059661101289494
Reginaldo Rossi,@Reginal23007236,https://twitter.com/Reginal23007236/status/1648061070760726534,2023-04-17T20:29:13.000Z,Vai André e volta com boas notícias.,0,0,4,https://twitter.com/andrefernm/status/1648059661101289494
Marcellaggusmao,@Marcellaggusmao,https://twitter.com/Marcellaggusmao/status/1648320433551286274,2023-04-18T13:39:50.000Z,"Só+ 72 horas taoquei.
Enquanto isso..., o pudim já está depil@dinho...",0,0,0,https://twitter.com/andrefernm/status/1648059661101289494
RosaMar,@RosanaMMSoares,https://twitter.com/RosanaMMSoares/status/1648059863329656839,2023-04-17T20:24:25.000Z,Aguardando a CPMI do dia 8 como primeira pauta 😉,0,0,6,https://twitter.com/andrefernm/status/1648059661101289494
Edilany Passos,@EdEdilany,https://twitter.com/EdEdilany/status/1648062407619629082,2023-04-17T20:34:32.000Z,O MST tenta se tornar notícia após invadir EMBRAPA e sede do INCRA e fazendas em MINAS GERAIS para tirar o foco do Congresso da Sessão de amanhã que discutirá a CPMI sobre 8 de janeiro de 2023. ATENÇÃO!,0,0,1,https://twitter.com/andrefernm/status/1648059661101289494
Sérgio Soares Dias,@SrgioSoaresDia4,https://twitter.com/SrgioSoaresDia4/status/1648061468124893217,2023-04-17T20:30:48.000Z,Por favor não vão deixar a esquerda comanda essa CPMI.,0,0,14,https://twitter.com/andrefernm/status/1648059661101289494
hippolyto brum jr,@hbrumjunior,https://twitter.com/hbrumjunior/status/1648062686729469953,2023-04-17T20:35:38.000Z,Agora é vigilância até a abertura e leitura da CPMI.,0,1,6,https://twitter.com/andrefernm/status/1648059661101289494
Gisa,@coresdajustica,https://twitter.com/coresdajustica/status/1648062100718141441,2023-04-17T20:33:18.000Z,Alguém tirou a assinatura por favor de os nomes !!!!!,1,0,1,https://twitter.com/andrefernm/status/1648059661101289494
Técio Melo,@_TecioMelo,https://twitter.com/_TecioMelo/status/1648061744789573657,2023-04-17T20:31:54.000Z,"Blz, faz um vídeo se puder 😅",0,0,1,https://twitter.com/andrefernm/status/1648059661101289494
Aurora,@AuroraCtaReserv,https://twitter.com/AuroraCtaReserv/status/1648065532392886283,2023-04-17T20:46:57.000Z,"Acompanhando atentamente a#CPMIdo08deJaneiroJá  ⚠️O evento mais importante deste ano até então.
FOCO
Fiquemos de olho até amanhã.",0,0,3,https://twitter.com/andrefernm/status/1648059661101289494
Acyr Barros de Oliveira Oliveira,@BarrosAcyr,https://twitter.com/BarrosAcyr/status/1648064097999638546,2023-04-17T20:41:15.000Z,Que Deus te ilumine deputado.,0,0,1,https://twitter.com/andrefernm/status/1648059661101289494
Joseph Mikaelson,@JosiasMikaelso3,https://twitter.com/JosiasMikaelso3/status/1648060265693433863,2023-04-17T20:26:01.000Z,Estamos no aguarde senhores (a)🇧🇷🇧🇷,0,0,2,https://twitter.com/andrefernm/status/1648059661101289494
Ingrid Argolo,@IngridArgolo1,https://twitter.com/IngridArgolo1/status/1648064016684666885,2023-04-17T20:40:55.000Z,Obrigada por sempre nos deixar informados!,0,1,3,https://twitter.com/andrefernm/status/1648059661101289494
Fabio Marcelo Maritan Abbondanza,@FabioMarceloMa7,https://twitter.com/FabioMarceloMa7/status/1648064251498582026,2023-04-17T20:41:51.000Z,Que Deus lhe abençoe e o ilumine.,0,0,1,https://twitter.com/andrefernm/status/1648059661101289494
Gisele,@nutri1_gimaria,https://twitter.com/nutri1_gimaria/status/1648066132576796672,2023-04-17T20:49:20.000Z,Obrigada deputado!!!,0,0,2,https://twitter.com/andrefernm/status/1648059661101289494
Ed,@Ed23727691,https://twitter.com/Ed23727691/status/1648082081979695104,2023-04-17T21:52:42.000Z,Boa sorte! 🇧🇷,0,0,0,https://twitter.com/andrefernm/status/1648059661101289494
NômadeGeek,@NomadeGeek,https://twitter.com/NomadeGeek/status/1648062553585602573,2023-04-17T20:35:06.000Z,espero q vc não façam a mesma lambança que fizeram na ccj com o dino onde ele 2x deu um baile em vcs então espero mt que planejem bem,1,0,2,https://twitter.com/andrefernm/status/1648059661101289494
R Luiz,@RLuiz_72,https://twitter.com/RLuiz_72/status/1648062247351078913,2023-04-17T20:33:53.000Z,Tá certo..👍👏,0,0,0,https://twitter.com/andrefernm/status/1648059661101289494
Mary,@Mary29077430,https://twitter.com/Mary29077430/status/1648073866021949441,2023-04-17T21:20:04.000Z,#NINGUEMDORME,0,0,0,https://twitter.com/andrefernm/status/1648059661101289494
@IroneGuedes,@IroneGuedes,https://twitter.com/GuedesIrone/status/1648078524543033345,2023-04-17T21:38:34.000Z,Bom trabalho deputado.🇧🇷🇧🇷🇧🇷🇧🇷🇧🇷🇧🇷🇧🇷🇧🇷🇧🇷🇧🇷🇧🇷🇧🇷,0,0,0,https://twitter.com/andrefernm/status/1648059661101289494
Ednezia F,@EdneziaF_22,https://twitter.com/EdneziaF_22/status/1648060187062816795,2023-04-17T20:25:42.000Z,No aguardo 🙏,0,0,0,https://twitter.com/andrefernm/status/1648059661101289494
Ronaldo Amorim dos Santos,@ronaldoamst,https://twitter.com/ronaldoamst/status/1648076701539115014,2023-04-17T21:31:20.000Z,CPMI do 8 de janeiro,0,0,0,https://twitter.com/andrefernm/status/1648059661101289494
Guilherme Orlandini,@g_orlandini,https://twitter.com/g_orlandini/status/1648076402439200770,2023-04-17T21:30:08.000Z,🙏,0,0,0,https://twitter.com/andrefernm/status/1648059661101289494
Carlos C. P.,@procmar,https://twitter.com/procmar/status/1648067962039836673,2023-04-17T20:56:36.000Z,Faca 🔪  nos dentes 🦷,0,0,0,https://twitter.com/andrefernm/status/1648059661101289494
Lucas Sampaio,@RonieresSampaio,https://twitter.com/RonieresSampaio/status/1648063269259624448,2023-04-17T20:37:57.000Z,Parabéns pelo seu trabalho @andrefernm,0,0,1,https://twitter.com/andrefernm/status/1648059661101289494
Arthur Filho,@arthurlf,https://twitter.com/arthurlf/status/1648066093867491330,2023-04-17T20:49:11.000Z,"Fica esperto pq o dia ainda não acabou, e alguns podem solicitar a retirada da assinatura bem no final da noite.",0,0,1,https://twitter.com/andrefernm/status/1648059661101289494
Flavio Lessa Julio,@flavioljulio,https://twitter.com/flavioljulio/status/1648061185810653185,2023-04-17T20:29:40.000Z,Vigia essa galera para que não possam retirar a assinatura em cima da hora....,0,0,7,https://twitter.com/andrefernm/status/1648059661101289494
Silva,@sillva2022,https://twitter.com/sillva2022/status/1648065790237704192,2023-04-17T20:47:58.000Z,Não podem falhar!!!,0,0,1,https://twitter.com/andrefernm/status/1648059661101289494
Maria Leticia Ballesteros López,@le40747700,https://twitter.com/le40747700/status/1648061427863916549,2023-04-17T20:30:38.000Z,🙌🏻🙌🏻🙌🏻🙌🏻 #CPMI08DEJANEIROJÁ,0,0,2,https://twitter.com/andrefernm/status/1648059661101289494
Eduardo Bara Menezes,@eddbara,https://twitter.com/eddbara/status/1648162941517152261,2023-04-18T03:14:01.000Z,"Rodrigo Pacheco, convocou uma reunião de emergência com os líderes no Congresso. 
Pacheco tem tentado convencer os parlamentares a adiar a sessão solicitada para esta terça-feira, 18 de abril.",0,0,0,https://twitter.com/andrefernm/status/1648059661101289494
Pedro Fleury,@PedroFleury83,https://twitter.com/PedroFleury83/status/1648063161755488289,2023-04-17T20:37:31.000Z,Será q essa prisão de Moro não é cortina de fumaça para os deputados retirarem a assinatura da CPMI?,0,0,1,https://twitter.com/andrefernm/status/1648059661101289494
Ivan Lisboa Pinto,@IvanLisboaPint1,https://twitter.com/IvanLisboaPint1/status/1648087589973381121,2023-04-17T22:14:36.000Z,Queremos a CPMI.  Ao se entregue ao mandos do Pacheco.,0,0,0,https://twitter.com/andrefernm/status/1648059661101289494
Dane Nr,@DaianeNRamos1,https://twitter.com/DaianeNRamos1/status/1648086531993751554,2023-04-17T22:10:23.000Z,Deus nos conceda esta graça  .. precisamos  muito da abertura  da #CPMI08dejaneiroja,0,0,0,https://twitter.com/andrefernm/status/1648059661101289494
Acyr Barros de Oliveira Oliveira,@BarrosAcyr,https://twitter.com/BarrosAcyr/status/1648100452460888067,2023-04-17T23:05:42.000Z,Que Deus te ilumine deputado.,0,0,0,https://twitter.com/andrefernm/status/1648059661101289494
Teixeira Carvalho,@AngelatCarvalho,https://twitter.com/AngelatCarvalho/status/1648098358446247944,2023-04-17T22:57:23.000Z,"Deputado Andre Fernandes não tenho palavras para dizer o quanto foi bom o seu trabalho e empenho para abertura da CPMI de 08 janeiro, estamos juntos. Gratidão que Deus te acompanhe no seu caminho.",0,0,0,https://twitter.com/andrefernm/status/1648059661101289494
Janete Toledo,@JaneteToledo4,https://twitter.com/JaneteToledo4/status/1648088936512643072,2023-04-17T22:19:57.000Z,Boa sorte deputado..😜,0,0,0,https://twitter.com/andrefernm/status/1648059661101289494
Ilana Najman,@IlanaNajman,https://twitter.com/IlanaNajman/status/1648087284967669763,2023-04-17T22:13:23.000Z,Pacheco convoca líderes para reunião de emergência. O q será?????,0,0,0,https://twitter.com/andrefernm/status/1648059661101289494
Ilana Najman,@IlanaNajman,https://twitter.com/IlanaNajman/status/1648087649809313792,2023-04-17T22:14:50.000Z,Pacheco pode voltar atrás?,0,0,0,https://twitter.com/andrefernm/status/1648059661101289494
Lcsg,@lcsg199x,https://twitter.com/lcsg199x/status/1648105431250681856,2023-04-17T23:25:29.000Z,Já abriu o JusBrasil hoje?,0,0,0,https://twitter.com/andrefernm/status/1648059661101289494
Lcsg,@lcsg199x,https://twitter.com/lcsg199x/status/1648105582061142016,2023-04-17T23:26:05.000Z,@Jusbrasil ajuda o cidadão aqui. Explica a plataforma para ele.,0,0,0,https://twitter.com/andrefernm/status/1648059661101289494
Jose Antonio,@JoseAnt65289043,https://twitter.com/JoseAnt65289043/status/1648113874401480711,2023-04-17T23:59:02.000Z,Te aguardo ansioso por boas notícias.,0,0,0,https://twitter.com/andrefernm/status/1648059661101289494
Vilma,@Vilma68587881,https://twitter.com/Vilma68587881/status/1648062518118567937,2023-04-17T20:34:58.000Z,Deputado no arguade,0,0,0,https://twitter.com/andrefernm/status/1648059661101289494
Luciano Sousa,@Luciano22788011,https://twitter.com/Luciano22788011/status/1648076025064980481,2023-04-17T21:28:38.000Z,Que Deus te abençoe!,0,0,0,https://twitter.com/andrefernm/status/1648059661101289494
CPS,@CelsoPinheiroS1,https://twitter.com/CelsoPinheiroS1/status/1648076082568986634,2023-04-17T21:28:52.000Z,"Força e honra, Deputado 🇧🇷🇧🇷🇧🇷",0,0,0,https://twitter.com/andrefernm/status/1648059661101289494
Clovis Agro,@Clovis_fernan,https://twitter.com/Clovis_fernan/status/1648076267277766661,2023-04-17T21:29:36.000Z,Cpmi,0,0,0,https://twitter.com/andrefernm/status/1648059661101289494
Rosiléia Dias,@RosiliaDias2,https://twitter.com/RosiliaDias2/status/1648060438452621313,2023-04-17T20:26:42.000Z,🙏,0,0,0,https://twitter.com/andrefernm/status/1648059661101289494
rente,@rente3234,https://twitter.com/rente3234/status/1648064333098766345,2023-04-17T20:42:11.000Z,Bota quente amigo,0,0,0,https://twitter.com/andrefernm/status/1648059661101289494
IvGres,@gres_iv2964,https://twitter.com/gres_iv2964/status/1648073519249469443,2023-04-17T21:18:41.000Z,Deus seja louvado! Queremos a verdade! A justiça seja feita!,0,0,0,https://twitter.com/andrefernm/status/1648059661101289494
Marcia Andrade,@MarciaA02722830,https://twitter.com/MarciaA02722830/status/1648083411796471811,2023-04-17T21:57:59.000Z,Que as bênçãos de Jesus esteja sobre vc,0,0,0,https://twitter.com/andrefernm/status/1648059661101289494
Herverton,@herverton25,https://twitter.com/herverton25/status/1648077029026193409,2023-04-17T21:32:38.000Z,"Continue líder da oposição pra ser ""jantado"" toda vez que debater com alguém do governo.",0,0,0,https://twitter.com/andrefernm/status/1648059661101289494
Cleide Ita- É .22 em 2022,@cleide_ita,https://twitter.com/cleide_ita/status/1648064053909114902,2023-04-17T20:41:04.000Z,Boa sorte 🍀! Lute muito !,0,0,0,https://twitter.com/andrefernm/status/1648059661101289494
Sandra Marques,@SandraM15814283,https://twitter.com/SandraM15814283/status/1648074682988392450,2023-04-17T21:23:18.000Z,"@andrefernm vc me dá orgulho de ser brasileira, quem dera todos fossem iguais a vc.",0,0,0,https://twitter.com/andrefernm/status/1648059661101289494
Eduardo Szegedi,@EduardoSzegedi,https://twitter.com/EduardoSzegedi/status/1648063164859273241,2023-04-17T20:37:32.000Z,DEus te abençoe,0,0,0,https://twitter.com/andrefernm/status/1648059661101289494
oρʋɐʋɹəɟ,@rgsomaior,https://twitter.com/rgsomaior/status/1648060405573472263,2023-04-17T20:26:34.000Z,Atualiza as assinaturas se possivel!!!,0,0,0,https://twitter.com/andrefernm/status/1648059661101289494
Michel Silva,@MichelsilvaDB,https://twitter.com/MichelsilvaDB/status/1648068547078156288,2023-04-17T20:58:55.000Z,Esconde a lista pra ninguém tirar o nome.,0,0,0,https://twitter.com/andrefernm/status/1648059661101289494
Djan,@Djan00392004,https://twitter.com/Djan00392004/status/1648090042579972099,2023-04-17T22:24:20.000Z,Pacheco está tentando dar outro olé na CPMI.,0,0,0,https://twitter.com/andrefernm/status/1648059661101289494
CAPITÃO VIAGRA NETTO,@salumomar1,https://twitter.com/salumomar1/status/1648062256809234458,2023-04-17T20:33:56.000Z,"Fala, Raspaku",0,0,0,https://twitter.com/andrefernm/status/1648059661101289494
André Lima,@andrefortbr,https://twitter.com/andrefortbr/status/1648085619543818244,2023-04-17T22:06:46.000Z,André liga modo: Katia Abreu! Rouba a pasta 📂 kkk Quem lembra dessa?,0,0,0,https://twitter.com/andrefernm/status/1648059661101289494
Luciane Maria Gurski,@GurskiLuciane,https://twitter.com/GurskiLuciane/status/1648060231774277633,2023-04-17T20:25:53.000Z,"Por favor André muita calma, concentração, postura adulta centrada, fala  acertiva. Contamos com vc",0,0,0,https://twitter.com/andrefernm/status/1648059661101289494
Camilo ★彡,@AlCamilo0406,https://twitter.com/AlCamilo0406/status/1648063842205696001,2023-04-17T20:40:14.000Z,Vão ficar em silencio sobre o pedido de prisão do Moro?,0,0,0,https://twitter.com/andrefernm/status/1648059661101289494
DT,@RfM_DT,https://twitter.com/RfM_DT/status/1648078298772021249,2023-04-17T21:37:40.000Z,💪💪💪,0,0,0,https://twitter.com/andrefernm/status/1648059661101289494
Dê Moraes,@moraesde4,https://twitter.com/moraesde4/status/1648079455544279044,2023-04-17T21:42:16.000Z,🇧🇷👏👏👏👏👏🇧🇷,0,0,0,https://twitter.com/andrefernm/status/1648059661101289494
Sander Cunha,@SanderCunha6,https://twitter.com/SanderCunha6/status/1648085830223683584,2023-04-17T22:07:36.000Z,"A Pan está anunciando que o Pacheco está reunido tentando adiar a leitura amanhã, fiquemos atentos !",0,0,0,https://twitter.com/andrefernm/status/1648059661101289494
Porão Analista Político,@PoraoPolitico,https://twitter.com/PoraoPolitico/status/1648096586931601414,2023-04-17T22:50:21.000Z,A CPMI dos Atos Terroristas no Congresso é tão certa de acontecer quanto isso a Eleição de Marinho pro Senado...,0,0,0,https://twitter.com/andrefernm/status/1648059661101289494
ALE RANZIN,@AleRanzin,https://twitter.com/AleRanzin/status/1648133035836030976,2023-04-18T01:15:11.000Z,"https://diariodobrasilnoticias.com.br/noticia/urgente-deputado-alberto-mourao-mdb-sp-acaba-de-retirar-a-assinatura-da-cpmi-de-8-de-janeiro-643dec6035f75…Os canalh@s mostrando a cara e confirmando quem estava contra a verdade e contra o povo! São Paulo não esquecerá da sua covardia, @albertomourao ! Qual o preço da liberdade?",0,0,0,https://twitter.com/andrefernm/status/1648059661101289494
Geovani,@geovaniuerj,https://twitter.com/geovaniuerj/status/1648064553077608449,2023-04-17T20:43:03.000Z,Parabéns pelo trabalho,0,0,0,https://twitter.com/andrefernm/status/1648059661101289494
@MarciaGab²,@MarciaGab²,https://twitter.com/MarciaGabAnne/status/1648074106183589890,2023-04-17T21:21:01.000Z,"Não durmam.

DE MADRUGADA OS RATOS SE MOVIMENTAM.",0,0,0,https://twitter.com/andrefernm/status/1648059661101289494
Bilitão,@Bilito89625729,https://twitter.com/Bilito89625729/status/1648064442855313420,2023-04-17T20:42:37.000Z,Opa!!,0,0,0,https://twitter.com/andrefernm/status/1648059661101289494
simoni.furtado@yahoo.com.br,simoni.furtado@yahoo.com.br,https://twitter.com/simoni0505/status/1648073413183807493,2023-04-17T21:18:16.000Z,👏👏👏🙏,0,0,0,https://twitter.com/andrefernm/status/1648059661101289494
Torrecillas Márcia 3 conta,@Marcy115511,https://twitter.com/Marcy115511/status/1648063598701301786,2023-04-17T20:39:16.000Z,Deus nos ajude!! 🙌🙌🙌🙌🙌🙌🙌,0,0,0,https://twitter.com/andrefernm/status/1648059661101289494
Rosemary Bianco,@RosemaryBianco2,https://twitter.com/RosemaryBianco2/status/1648085393688997889,2023-04-17T22:05:52.000Z,Estamos olho. Não deixe adiar.,0,0,0,https://twitter.com/andrefernm/status/1648059661101289494
JORGE L S RIBEIRO,@coljorgevolley,https://twitter.com/coljorgevolley/status/1648071019620343808,2023-04-17T21:08:45.000Z,Excelente.  Parabéns.,0,0,0,https://twitter.com/andrefernm/status/1648059661101289494
Carvalho Lys,@CarvalhoLys1,https://twitter.com/CarvalhoLys1/status/1648060145795211264,2023-04-17T20:25:32.000Z,"Deputado, a CPMI do 08/01 vai acontecer? Será que essa vai ser a noite das retiradas covardes das assinaturas?",0,0,1,https://twitter.com/andrefernm/status/1648059661101289494
O Censurado News,@Censurado_2022,https://twitter.com/Censurado_2022/status/1648075231536324616,2023-04-17T21:25:29.000Z,Leitura da CPMI já!,0,0,0,https://twitter.com/andrefernm/status/1648059661101289494
Bordin Vânia 22- #RespeitemOPresidente22,@BordinVania,https://twitter.com/BordinVania/status/1648060366264455187,2023-04-17T20:26:25.000Z,Vc viu o PGR mandou pedido de prisão do Moro ao $tf,0,0,2,https://twitter.com/andrefernm/status/1648059661101289494
Rodrigo Sousa,@RodrigoAlvSousa,https://twitter.com/RodrigoAlvSousa/status/1648060705868861441,2023-04-17T20:27:46.000Z,Deus o abençõe e que venha a VERDADE. Doa a quem doer.,0,0,2,https://twitter.com/andrefernm/status/1648059661101289494
Marcelo,@marcelo39874062,https://twitter.com/marcelo39874062/status/1648060436691177472,2023-04-17T20:26:42.000Z,🙏,0,0,0,https://twitter.com/andrefernm/status/1648059661101289494
MOA,@moapassos,https://twitter.com/moapassos/status/1648071208909385729,2023-04-17T21:09:30.000Z,Boa sorte 👏👏 CPMI do 8 de janeiro já,0,0,0,https://twitter.com/andrefernm/status/1648059661101289494
Matheus Rachid,@MatheusRachiid,https://twitter.com/MatheusRachiid/status/1648061728490508314,2023-04-17T20:31:50.000Z,"Obrigado por me representar, força nesse inferno chamado política!!! 🙏🇧🇷",0,0,0,https://twitter.com/andrefernm/status/1648059661101289494
Enivaldo Azevedo,@EnivaldoAzevedo,https://twitter.com/EnivaldoAzevedo/status/1648060891508756484,2023-04-17T20:28:30.000Z,E isso aii,0,0,0,https://twitter.com/andrefernm/status/1648059661101289494
Tânia Bassanezi,@bassanezi_tania,https://twitter.com/bassanezi_tania/status/1648350669613543425,2023-04-18T15:39:59.000Z,"Pelo que vi agora, não vai rolar.",0,0,0,https://twitter.com/andrefernm/status/1648059661101289494
Luiz Alberto,@LuizAlb64329069,https://twitter.com/LuizAlb64329069/status/1648061155208990723,2023-04-17T20:29:33.000Z,Boa sorte para o Brasil.,0,1,2,https://twitter.com/andrefernm/status/1648059661101289494
George Henrique Barbosa Moreira,@Riquinho59,https://twitter.com/Riquinho59/status/1648062351554367488,2023-04-17T20:34:18.000Z,"Força, Deputado. Toma um
Engov e fica firme !",0,0,3,https://twitter.com/andrefernm/status/1648059661101289494
Dulce Ferreira Naia,@NaiaDulce,https://twitter.com/NaiaDulce/status/1648071410168856577,2023-04-17T21:10:18.000Z,Deus nos livre do mal e que venham boas novidades.,0,0,1,https://twitter.com/andrefernm/status/1648059661101289494
Lucélia Pacheco,@lucelia_pacheco,https://twitter.com/lucelia_pacheco/status/1648059969944834049,2023-04-17T20:24:50.000Z,Aguardando...,0,0,0,https://twitter.com/andrefernm/status/1648059661101289494
meire luci pereira,@meirefotos,https://twitter.com/meirefotos/status/1648112012021383168,2023-04-17T23:51:38.000Z,Estamos na torcida,0,0,0,https://twitter.com/andrefernm/status/1648059661101289494
hurecane,@alfabetagam4,https://twitter.com/alfabetagam4/status/1648165580757671938,2023-04-18T03:24:30.000Z,Jogue duro lá . Tomem cuidado com essas águias de língua ferina. Eles sabem muito bem persuadir,0,0,0,https://twitter.com/andrefernm/status/1648059661101289494
Alessandro Palmeiras HENDECACAMPEÃO,@AlePalmeiras22,https://twitter.com/AlePalmeiras22/status/1648117434916691969,2023-04-18T00:13:11.000Z,Bora pra F,0,0,0,https://twitter.com/andrefernm/status/1648059661101289494
Margareth Melo Franco,@MargarethMeloF1,https://twitter.com/MargarethMeloF1/status/1648096041663594502,2023-04-17T22:48:11.000Z,👏👏,0,0,0,https://twitter.com/andrefernm/status/1648059661101289494
Estereight,@bols_ester,https://twitter.com/bols_ester/status/1648062473587621888,2023-04-17T20:34:47.000Z,#impeachmentdoMolusco já.,0,0,0,https://twitter.com/andrefernm/status/1648059661101289494
Margarete Ramos,@Margare90535061,https://twitter.com/Margare90535061/status/1648062289814212640,2023-04-17T20:34:04.000Z,#CPMI08dejaneiroja#CPMI08dejaneiroja#CPMI08dejaneiroja#CPMI08dejaneiroja#CPMI08dejaneiroja#CPMI08dejaneiroja#CPMI08dejaneiroja#CPMI08dejaneiroja#CPMI08dejaneiroja#CPMI08dejaneiroja#CPMI08dejaneiroja#CPMI08dejaneiroja#CPMI08dejaneiroja,0,0,0,https://twitter.com/andrefernm/status/1648059661101289494
Joyce,@JoyceCamara,https://twitter.com/JoyceCamara/status/1648089043194789889,2023-04-17T22:20:22.000Z,Espero que vocês não caiam nas picuinhas da esquerda e trate do que realmente interessa,0,1,1,https://twitter.com/andrefernm/status/1648059661101289494
Marcy,@Patriota22123,https://twitter.com/Patriota22123/status/1648074032099516419,2023-04-17T21:20:43.000Z,#CPMIdo08deJaneiro,0,0,0,https://twitter.com/andrefernm/status/1648059661101289494
JaneMM,@jmmadeira,https://twitter.com/jmmadeira/status/1648065062379180060,2023-04-17T20:45:05.000Z,ESTAMOS ANSIOSOS POR ESSA PAUTA.,0,0,0,https://twitter.com/andrefernm/status/1648059661101289494
Fernando,@anthraxfer61145,https://twitter.com/anthraxfer61145/status/1648062557029273601,2023-04-17T20:35:07.000Z,"Até que horas é o prazo de retirada das assinaturas? 
Cuidado com os traidores de última hora!",0,0,0,https://twitter.com/andrefernm/status/1648059661101289494
"DIREÍTA SEMPRE, BRASIL",@DIREITASEMPREBR,https://twitter.com/DIREITASEMPREBR/status/1648065141630554141,2023-04-17T20:45:23.000Z,"VÁ COM DEUS, DEPUTADO 🙏🇧🇷👊",0,0,0,https://twitter.com/andrefernm/status/1648059661101289494
Cristina Farias,@Cristin98149570,https://twitter.com/Cristin98149570/status/1648064950643089409,2023-04-17T20:44:38.000Z,Estamos aqui de olho e de prontidão! #CPMI08DEJANEIROJÁ,0,0,0,https://twitter.com/andrefernm/status/1648059661101289494
LF@batista,LF@batista,https://twitter.com/LFbatista3/status/1648064238437519367,2023-04-17T20:41:48.000Z,@andrefernm VAMOS CRIAR A CPI DAS JOIAS 💎 💎  PRA SABER SE FOI PRESIDENTE OU PROPINA. O BRASIL QUER SABER A VERDADE.,0,0,0,https://twitter.com/andrefernm/status/1648059661101289494
Josafa alves dos santos Santos,@Josafaalvesdos1,https://twitter.com/Josafaalvesdos1/status/1648061407668195340,2023-04-17T20:30:33.000Z,VAMOS LÁ DEPUTADO!!! QUE DEUS LHE ILUMINE NESSA BATALHA!!!,0,0,0,https://twitter.com/andrefernm/status/1648059661101289494
Caio Vinicius,@vini_caiorj,https://twitter.com/vini_caiorj/status/1648060864820559872,2023-04-17T20:28:24.000Z,"Correndo atrás do próprio rabo kkkkk

Mto bom ver bolsonarista sendo tratado igual trouxa",0,0,0,https://twitter.com/andrefernm/status/1648059661101289494
STPMMOREIRA,@stpmmoreira,https://twitter.com/stpmmoreira/status/1648074691372806144,2023-04-17T21:23:20.000Z,Quebre o pau Fernandes!,0,0,0,https://twitter.com/andrefernm/status/1648059661101289494
WARLEY SILVA,@warleysilva49,https://twitter.com/warleysilva49/status/1648060492911640577,2023-04-17T20:26:55.000Z,"Melhoras essa articulação da oposição

Porque está muita gritaria e pouco efetividade

Vocês estão caindo muito fácil nas artimanhas da esquerda e caindo na pilha fácil então ,vamos ser mais estrategistas .",0,0,0,https://twitter.com/andrefernm/status/1648059661101289494
Yofhio,@Yoshio1611,https://twitter.com/Yoshio1611/status/1648286788383911936,2023-04-18T11:26:08.000Z,#CPMI08dejaneiro #CPMIdo08deJaneiro #CPMIdo08deJaneiroJa #CPMIdo8deJaneiro#CPIdoMST #PEC16_2019 #CPIdasONGs,0,0,0,https://twitter.com/andrefernm/status/1648059661101289494
EngBr,@EngBr25280,https://twitter.com/EngBr25280/status/1648061700409622529,2023-04-17T20:31:43.000Z,"Mantenham vigilância na lista dos q assinaram a CPMI do 8/1 pq, com a notícia do pedido de prisão do Sérgio Moro, faz com q percamos o foco e os ptralhas vão p cima de alguns parlamentares do MDB, PODEMOS, UNIÃO, PSD E PP qretirem as assinaturas em troca de cargos e de verbas!",0,0,0,https://twitter.com/andrefernm/status/1648059661101289494
janaina,@janainabal,https://twitter.com/janainabal/status/1648061997076959261,2023-04-17T20:32:54.000Z,Otimismo e a pior arma da direita só nós frustra pois estávamos otimista com a reeleição do Bolsonaro  estavam otimista com a presidencial do senador pelo Rogério e otimismo só nós trouxe derrota não acredito que esta CPMI saia do papel pois o povo sem lobbysta e o povo sem voz.,0,0,1,https://twitter.com/andrefernm/status/1648059661101289494
JulioOiluJ,@j_oilu39015,https://twitter.com/j_oilu39015/status/1648061143955525672,2023-04-17T20:29:30.000Z,Deputado apesar dos seus esforços essa CPMI não deverá ser criada....nessa reunião os líderes irão obrigar os deputados que assinaram e retirarem as assinaturas...,0,0,0,https://twitter.com/andrefernm/status/1648059661101289494
LFS_22,@Luiz_FLS22,https://twitter.com/Luiz_FLS22/status/1648090081436000257,2023-04-17T22:24:30.000Z,"Em 2019 primeiro ano do governo Bolsonaro, até o dia 27 de Março, tivemos 5 reuniões com Congresso Nacional. 
Em 2023 primeiro anos do governo Lula, até agora nenhum.
Do que eles tem medo?",0,0,0,https://twitter.com/andrefernm/status/1648059661101289494
LFS_22,@Luiz_FLS22,https://twitter.com/Luiz_FLS22/status/1648090136494723072,2023-04-17T22:24:43.000Z,"Quem tem medo do 8 de Janeiro, foi uma tentativa de GOLPE, um ataque dos Bolsonarista a Democracia, e o PT está com medo de que?",0,0,0,https://twitter.com/andrefernm/status/1648059661101289494
LFS_22,@Luiz_FLS22,https://twitter.com/Luiz_FLS22/status/1648090206963154946,2023-04-17T22:25:00.000Z,"O PT, o Petismo e o Lula, juram que não são o Pai do 8 de Janeiro,  porém,  se recusam a fazer o teste de DNA.",0,0,0,https://twitter.com/andrefernm/status/1648059661101289494
Ronaldo,@Neroleibe,https://twitter.com/Neroleibe/status/1648092573523759105,2023-04-17T22:34:24.000Z,Quer dizer que além das jóias Árabes; eles roubaram 83 mobílias do Palácio do Planalto???,0,0,0,https://twitter.com/andrefernm/status/1648059661101289494
Ronaldo,@Neroleibe,https://twitter.com/Neroleibe/status/1648092675067764741,2023-04-17T22:34:48.000Z,Quer dizer que além das jóias Árabes; eles roubaram 83 mobílias do Palácio do Planalto???,0,0,0,https://twitter.com/andrefernm/status/1648059661101289494
Ronaldo,@Neroleibe,https://twitter.com/Neroleibe/status/1648092766449139712,2023-04-17T22:35:10.000Z,Quer dizer que além das jóias Árabes; eles roubaram 83 mobílias do Palácio do Planalto???,0,0,0,https://twitter.com/andrefernm/status/1648059661101289494
Ronaldo,@Neroleibe,https://twitter.com/Neroleibe/status/1648092817795710977,2023-04-17T22:35:22.000Z,Quer dizer que além das jóias Árabes; eles roubaram 83 mobílias do Palácio do Planalto???,0,0,0,https://twitter.com/andrefernm/status/1648059661101289494
Ronaldo,@Neroleibe,https://twitter.com/Neroleibe/status/1648092932249903105,2023-04-17T22:35:49.000Z,O Brasil sonha com a prisão do Miliciano!,0,0,0,https://twitter.com/andrefernm/status/1648059661101289494
Ronaldo,@Neroleibe,https://twitter.com/Neroleibe/status/1648093029360599040,2023-04-17T22:36:12.000Z,Quer dizer que além das jóias Árabes; eles roubaram 83 mobílias do Palácio do Planalto???,0,1,1,https://twitter.com/andrefernm/status/1648059661101289494
Luis... S.O.S JESUS,@LuismarSilvaLi2,https://twitter.com/LuismarSilvaLi2/status/1648061651671977984,2023-04-17T20:31:31.000Z,Meu Deus que aflição.,0,0,0,https://twitter.com/andrefernm/status/1648059661101289494
Xavi Lima,@XaviLima5,https://twitter.com/XaviLima5/status/1648135635733970944,2023-04-18T01:25:31.000Z,"Isso mesmo ! Não deve ter cortina de fumaça! Tem que convocar Flávio Dino, Ibaneis, Anderson, Bolsonaro,Heleno, Pastores envolvidos, Empresários envolvidos, o homem bomba, Carluxo, Eustáquio, Major da PM, GSI, ABIN ou seja da esquerda e da direita para não virar Cpi 🎪",0,0,0,https://twitter.com/andrefernm/status/1648059661101289494
Jorge,@jorgeluiz2364,https://twitter.com/jorgeluiz2364/status/1648098969258541056,2023-04-17T22:59:49.000Z,"Torço pra que a CPMI seja instalada, mas peço que vcs não abram mão da relatoria e da presidência. 
Se os políticos governistas assumirem qualquer uma das duas,  a CPMI será um fiasco.",0,0,1,https://twitter.com/andrefernm/status/1648059661101289494
Jogar dentro das quatro linhas da Const Fed Br 88,@LRobertoLeitao,https://twitter.com/LRobertoLeitao/status/1648072295603109889,2023-04-17T21:13:49.000Z,"Ao Congresso Nacional @SenadoFederal @camaradeputados @andrefernm @Biakicis @EduGiraoOficial em respeito aos MÁRTIRES, nossos verdadeiros HERÓIS e PRESOS POLÍTICOS a #CPMIdo08deJaneiroJá tem que acontecer e a VERDADE tem que ser REVELADA.
A HISTÓRIA DO BRASIL
está em suas mãos.",0,0,0,https://twitter.com/andrefernm/status/1648059661101289494
UNIÃO BRASIL,@notditatura,https://twitter.com/notditatura/status/1648064162608697349,2023-04-17T20:41:30.000Z,Deus abençoe 🙏🏻🇧🇷💚💛,0,0,0,https://twitter.com/andrefernm/status/1648059661101289494
Vicente Maues,@MauesVicente,https://twitter.com/MauesVicente/status/1648116047382183939,2023-04-18T00:07:40.000Z,"ATENÇÃO ...ISSO É O GABINETE DO ÓDIO, ( edição meio dia ) PERCEBAM QUE ELES NUNCA RESPONDEM, POIS SÂO ROBOS EMVIANDO  FAKE NEWS E MENSAGENS DE ÓDIO, OBSERVE QUE ABAIXO VEM DO RESTO DA QUADRILHA CARLUXA, CHUPETINHA, RACHADINHA, CARLA ETC..sai de manhã, depois do almoço e 18 hs.",0,0,0,https://twitter.com/andrefernm/status/1648059661101289494
Moisés Morais oficial,@MoissMoraisofi1,https://twitter.com/MoissMoraisofi1/status/1648103767835918337,2023-04-17T23:18:53.000Z,Paulistanos @albertomourao este deputado retirou sua assinatura da cpmi. Lembrem dele nas próximas eleições.,0,0,0,https://twitter.com/andrefernm/status/1648059661101289494
FERNANDO,@Jose85598737,https://twitter.com/Jose85598737/status/1648062063615397901,2023-04-17T20:33:10.000Z,DEPUTADO  COMO FOI GRAVA  VIDEO    COMO RASPAR  CU ?,0,0,0,https://twitter.com/andrefernm/status/1648059661101289494
Lene Paixão,@LenePaixao1,https://twitter.com/LenePaixao1/status/1648069734380847104,2023-04-17T21:03:38.000Z,#CPMI08DEJANEIROJÁ,0,0,2,https://twitter.com/andrefernm/status/1648059661101289494
