nome,usuario,idTweet,dataPublicacao,texto,replies,retweets,likes,tweetPai
combatentedanacao,@combatentebraz,https://twitter.com/combatentebraz/status/1648298452474818562,2023-04-18T12:12:29.000Z,Só falta ir parar no sírio libanês de novo para retocar o botox,1,0,14,https://twitter.com/andrefernm/status/1648297734690971648
Formiguinha,@FormiguinhaDM,https://twitter.com/FormiguinhaDM/status/1648312051813449730,2023-04-18T13:06:31.000Z,Então que os outros partidos peçam que a data seja mantida.,0,0,5,https://twitter.com/andrefernm/status/1648297734690971648
ERIC DE MELO,@ERICDEMELOSILV1,https://twitter.com/ERICDEMELOSILV1/status/1648329760672477185,2023-04-18T14:16:54.000Z,"Eu sei que é retórico, mas o que diabos esse governo está temendo, sendo que lá no início eles se disseram terem sido as principais vítimas de todo o processo?",1,0,1,https://twitter.com/andrefernm/status/1648297734690971648
Formiguinha,@FormiguinhaDM,https://twitter.com/FormiguinhaDM/status/1648312485533892608,2023-04-18T13:08:15.000Z,Acho que eles estão protegendo os “golpistas” aqueles patriotas que eles por muitas vezes chamaram de gado e por outras de Bolsonaristas. 😂 O Lula agora quer proteger a direita.,1,1,6,https://twitter.com/andrefernm/status/1648297734690971648
AleMarchi,@AleMarchi9,https://twitter.com/AleMarchi9/status/1648304864844185602,2023-04-18T12:37:58.000Z,"Kkkkkkkkkkk
Kkkkkkkk
Vc é um dos principais suspeitos de promover os atos de 8 de janeiro.

Uma CPMI promovida por vc é o mesmo que uma CPMI antinarcotráfico promovida pelo Marcola.",1,1,53,https://twitter.com/andrefernm/status/1648297734690971648
Manoel Araújo,@Fachchinetto,https://twitter.com/Fachchinetto/status/1648547617150779395,2023-04-19T04:42:35.000Z,Ele foi primeiro pegar um espelho e um presto barba 😂,0,0,0,https://twitter.com/andrefernm/status/1648297734690971648
Marcelo Lemos,@Marcelo40464992,https://twitter.com/Marcelo40464992/status/1648301884782919686,2023-04-18T12:26:07.000Z,#CPMI08DEJANEIROJÁ #CPMI #ForaLula,0,0,1,https://twitter.com/andrefernm/status/1648297734690971648
Marco Nunes ,@Marcao_Brasil,https://twitter.com/Marcao_Brasil/status/1648301570042343425,2023-04-18T12:24:52.000Z,"A notícia que corre solta, é que o pachecú já adiou e atendeu aos pedidos.
Procede????",2,1,10,https://twitter.com/andrefernm/status/1648297734690971648
Dr Vinicius Rodrigues,@drviniciussp,https://twitter.com/drviniciussp/status/1648320186083098631,2023-04-18T13:38:51.000Z,Se Deus quiser a CPMI vai dar certo! E por favor deixem a Zamba longe dela,1,0,4,https://twitter.com/andrefernm/status/1648297734690971648
bala de prata,@baladeprata01,https://twitter.com/baladeprata01/status/1648298689444585472,2023-04-18T12:13:26.000Z,"Vamos pra.rua, ou sai a cpi ou Pacheco cai!",4,1,8,https://twitter.com/andrefernm/status/1648297734690971648
Mary,@Mary29077430,https://twitter.com/Mary29077430/status/1648299279272869889,2023-04-18T12:15:46.000Z,"Se adiar, sr @rodrigopacheco , tem que ser indiciado por prevaricação não?!🤷🏻‍♀️🤔",1,1,3,https://twitter.com/andrefernm/status/1648297734690971648
Val Bass,@BassanesiVal,https://twitter.com/BassanesiVal/status/1648299955528802306,2023-04-18T12:18:27.000Z,"Vai adiar para tirarem assinaturas. Estão vendendo seus  votos, simples!",1,0,1,https://twitter.com/andrefernm/status/1648297734690971648
Carla - MG,@CarlaPatMG,https://twitter.com/CarlaPatMG/status/1648312458493263872,2023-04-18T13:08:08.000Z,"Pressionem, não deixem isso acontecer.",0,0,5,https://twitter.com/andrefernm/status/1648297734690971648
Aisha,@Aisha_com_vida,https://twitter.com/Aisha_com_vida/status/1648308036824358912,2023-04-18T12:50:34.000Z,"Desgoverno maldito, covarde",0,2,21,https://twitter.com/andrefernm/status/1648297734690971648
Caetano Mello,@CaetanoMello1,https://twitter.com/CaetanoMello1/status/1648303731769835520,2023-04-18T12:33:28.000Z,"Que pohha é essa!! Essa luta roda pra não deixar instalar a CPMI é uma confissão de culpa escancarada! Nada justifica...não há nenhum motivo plausível, a não ser o medo da verdade vir à tona!!!",1,1,3,https://twitter.com/andrefernm/status/1648297734690971648
Patricia Cabral,@Patriciarcabral,https://twitter.com/Patriciarcabral/status/1648301056428765185,2023-04-18T12:22:50.000Z,E vocês irão aceitar passivamente mais uma vez o @rodrigopacheco prevaricar? Quando vocês irão ter o cacuete político pra lidar com essas facções partidárias do desgoverno?,0,1,6,https://twitter.com/andrefernm/status/1648297734690971648
Junior_Cabrine,@CabrineJunior,https://twitter.com/CabrineJunior/status/1648298344127639552,2023-04-18T12:12:03.000Z,Deputado agora já não conseguem mais retirar as assinaturas mesmo que a sessão seja adiada ou se for adiada eles podem retirar assinaturas?,10,0,7,https://twitter.com/andrefernm/status/1648297734690971648
Marília Seixas,@mariliaseixas1,https://twitter.com/mariliaseixas1/status/1648299112477999107,2023-04-18T12:15:06.000Z,"Eles estão assim não é por causa do Lula não... É porque ainda não deu tempo de Roub@r mais um pouquinho... São só ""4 meses"" de desgoverno, precisam de mais tempo para pegar mais um pouquinho
Ai depois eles Derrubam o Dilmo igual fizeram com a Dilma.",2,1,14,https://twitter.com/andrefernm/status/1648297734690971648
Marcellaggusmao,@Marcellaggusmao,https://twitter.com/Marcellaggusmao/status/1648314373037850625,2023-04-18T13:15:45.000Z,"Carluxo está desesperado! 
O que ele teme? 
O que ele quer esconder? 
O que a base dê oposição está acobertando?
Por que ele está largando a mão do pai?",1,1,8,https://twitter.com/andrefernm/status/1648297734690971648
Fabrício Thomaz,@Fabriiciio_MT,https://twitter.com/Fabriiciio_MT/status/1648302308160151553,2023-04-18T12:27:48.000Z,"Eu não gosto de ser pessimista, mas a CPMI não vai sair. 

A pessoa que possui pelo menos menos neurônios, sabe que há culpa do desgoverno federal. São 37 ministérios sendo ocupados por vários partidos que fazem base, é óbvio que se mexer no larápio, vai mexer quem ganhou cargo.",1,0,2,https://twitter.com/andrefernm/status/1648297734690971648
Marileide Soares de Souza,@MarileideSoar22,https://twitter.com/MarileideSoar22/status/1648343351354163200,2023-04-18T15:10:54.000Z,Pra cima deles @andrefernm,0,0,0,https://twitter.com/andrefernm/status/1648297734690971648
Clebson Cobain,@CrebsCOBAIN,https://twitter.com/CrebsCOBAIN/status/1648335985946574852,2023-04-18T14:41:38.000Z,Desocupado 🤣🤣🤣,0,0,0,https://twitter.com/andrefernm/status/1648297734690971648
Helena Martins,@HelenaM11921279,https://twitter.com/HelenaM11921279/status/1648300752136294400,2023-04-18T12:21:37.000Z,Finalmente chegou o Dia que o BRASIL tanto esperava. Que Pacheco cumpra com suas atribuições do Cargo e dê seguimento à abertura dessa bendita CPMI!! O BRASIL quer saber quem são os Verdadeiros Responsáveis pela Anarquia do 8/01. #CPMI08dejaneiro,5,21,46,https://twitter.com/andrefernm/status/1648297734690971648
Patricia Fregolente,@pattyfregolente,https://twitter.com/pattyfregolente/status/1648488815458418694,2023-04-19T00:48:55.000Z,Os que querem essa CPMI são o que estão com medinho de serem presos.,0,0,1,https://twitter.com/andrefernm/status/1648297734690971648
Eunice Lopes,@EuniceL33614393,https://twitter.com/EuniceL33614393/status/1648310137323438080,2023-04-18T12:58:55.000Z,Será que saí hoje a CPMI bom dia pra todos nós 🇧🇷,0,0,1,https://twitter.com/andrefernm/status/1648297734690971648
Ministro dos animes,@otakubrazil,https://twitter.com/otakubrazil/status/1648298981728964609,2023-04-18T12:14:35.000Z,"Eles vieram com a desculpa do piso salarial da enfermagem que foram eles mesmos que tiraram 
Muita armação desse lula tá com medo de que lula bota a cara",1,0,0,https://twitter.com/andrefernm/status/1648297734690971648
Adriana Silva,@Adriana19758531,https://twitter.com/Adriana19758531/status/1648620756018839552,2023-04-19T09:33:12.000Z,"Não  é só Lula, ministros da justiça,  Muita gente envolvida na Teama.",0,0,0,https://twitter.com/andrefernm/status/1648297734690971648
Vagner Oliveira,@VagnerOliveirae,https://twitter.com/VagnerOliveirae/status/1648356834263138305,2023-04-18T16:04:28.000Z,Desesperado? Tudo está sob controle! O dogue alemão esta cuidando de tudo🤝👀🇨🇳💵,0,0,0,https://twitter.com/andrefernm/status/1648297734690971648
Patricia Cabral,@Patriciarcabral,https://twitter.com/Patriciarcabral/status/1648312020108705793,2023-04-18T13:06:24.000Z,"Quanto mais eles tentar impedir, mas fica claro a participação deles no dia o8 de janeiro, confissão de culpa se chama isso. Se o @rodrigopacheco acatar estará cometendo suicídio político.
O povo quer a verdade e quer a cpmi#leiaacpmirp#NINGUEMDORME",0,0,1,https://twitter.com/andrefernm/status/1648297734690971648
Hanna,@Hanna_The4,https://twitter.com/Hanna_The4/status/1648319436573605891,2023-04-18T13:35:52.000Z,"Isso já tá virando molec@gem...alguém precisa colocar mor@l nisso, esse Rodrigo pacheco já está ultrapassando todos os limites da desfaçatez.",1,0,7,https://twitter.com/andrefernm/status/1648297734690971648
Ednea Fonseca,@EdneaFonseca,https://twitter.com/EdneaFonseca/status/1648427186385477639,2023-04-18T20:44:02.000Z,"Sabemos as respostas, só precisamos das provas que virão com a CPMI.",0,0,1,https://twitter.com/andrefernm/status/1648297734690971648
Eliseu Carvalho Pereira,@eliseuccb01,https://twitter.com/eliseuccb01/status/1648338741545652225,2023-04-18T14:52:35.000Z,"Será um teste para os Parlamentares que se dizem de ""Direita"", que são experts em Marketing nas redes sociais nos provar que realmente são oposição e que têm a força que tanto propagam nas redes... Será que teremos a seção ou nossos representantes continuarão de 4 para Pacheco?",0,0,0,https://twitter.com/andrefernm/status/1648297734690971648
Márcia,@marciapira,https://twitter.com/marciapira/status/1648322572147146753,2023-04-18T13:48:20.000Z,Não permitam! #CPMI08dejaneiroja,0,0,1,https://twitter.com/andrefernm/status/1648297734690971648
Reginaldo Rossi,@Reginal23007236,https://twitter.com/Reginal23007236/status/1648337294602952706,2023-04-18T14:46:50.000Z,Entra na justiça  conforme a CPMI do covid...,0,0,0,https://twitter.com/andrefernm/status/1648297734690971648
Luciana,@Lugoulart123,https://twitter.com/Lugoulart123/status/1648356070773907457,2023-04-18T16:01:26.000Z,"Lula quer esconder o tiro no próprio pé que ele deu quando tramou criminosamente os ataques terroristas de  08/01. Ele achava que destruiria Bolsonaro com isso, mas agora tem que vender até a alma para satanás para  tentar esconder a própria sujeira. CPMI já!",0,0,0,https://twitter.com/andrefernm/status/1648297734690971648
Acelina Mar,@acelina_mar,https://twitter.com/acelina_mar/status/1648320309857058818,2023-04-18T13:39:20.000Z,"Kkkkkk…Cara, vcs que tentaram o golpe, caiam na real; o Lula não quer a CPI pq quer trabalhar, pq as investigações da PF já estão adiantadas, pq os acusados já estão sendo julgado….e sabe que isso aí se transformará em circo. 
Vcs irão dar um “tiro” no pé…",2,2,16,https://twitter.com/andrefernm/status/1648297734690971648
Biano_BRDR Brasileiro e Patriota,@fabianoleonaldo,https://twitter.com/fabianoleonaldo/status/1648330747357306884,2023-04-18T14:20:49.000Z,"Para todas os projetos da casa, faz uma reunião com a oposição, se unem urgente! Faça isso",0,0,1,https://twitter.com/andrefernm/status/1648297734690971648
Biano_BRDR Brasileiro e Patriota,@fabianoleonaldo,https://twitter.com/fabianoleonaldo/status/1648331012496039936,2023-04-18T14:21:52.000Z,Eles vai fazer de tudo para não ter CPMI VAI respingar não só em presidente mas ministros em geral de todas as casas,0,0,1,https://twitter.com/andrefernm/status/1648297734690971648
Frederico Salles,@fredsalles316,https://twitter.com/fredsalles316/status/1648300399894437888,2023-04-18T12:20:13.000Z,O regimento interno diz o que sobre essas manobras imorais?,1,1,1,https://twitter.com/andrefernm/status/1648297734690971648
Regis,@RegisBavaresco,https://twitter.com/RegisBavaresco/status/1648311865049481217,2023-04-18T13:05:47.000Z,"Se não ler hoje, ficará claro que a direita no parlamento não fede nem cheira. E ainda tem parlamentar tirando foto com o presidente do senado quando ele prometeu “semana que vem” . A direita parece a outra, onde o cara só promete que vai terminar e ela acredita.",0,0,4,https://twitter.com/andrefernm/status/1648297734690971648
João Luis Coelho de Magalhães,@SentaPua75,https://twitter.com/SentaPua75/status/1648301428832624641,2023-04-18T12:24:19.000Z,"Fica alerta deputado.

Mantenha a gente informado.

Parabéns pelo trabalho.",0,1,1,https://twitter.com/andrefernm/status/1648297734690971648
kita tia do zap,@TiaBonoro,https://twitter.com/TiaBonoro/status/1648310519290294276,2023-04-18T13:00:26.000Z,Coloquem pressão no Pacheco! #CPMIdo08deJaneiroJa,0,1,4,https://twitter.com/andrefernm/status/1648297734690971648
ALFA LIMA,@ANDRLIM45251,https://twitter.com/ANDRLIM45251/status/1648303961919614977,2023-04-18T12:34:23.000Z,É só tiro no pé por parte do atual governo! Enquanto isso as assinaturas aumentam! O povo jamais desistirá nem esquecerá de lutar para encontrar a verdade do 080123! Força e honra nobre deputado! A verdade vos libertará!,0,1,1,https://twitter.com/andrefernm/status/1648297734690971648
Rafaela ☭⃠,@rafacarrilhor,https://twitter.com/rafacarrilhor/status/1648301649352433668,2023-04-18T12:25:11.000Z,"Não está desesperado, isso que vcs falam parece o xadrez 4D. Sejam realistas, direita tem q fazer oposição inteligente.",5,1,25,https://twitter.com/andrefernm/status/1648297734690971648
Denise Souza,@denisegts,https://twitter.com/denisegts/status/1648318628150878209,2023-04-18T13:32:39.000Z,Impressionante a direita aprontar aquela bagunça do 8 de janeiro e querer jogar a culpa nos outros. Não assumem nada. 😏,0,0,1,https://twitter.com/andrefernm/status/1648297734690971648
Fernanda Losco,@fflosco31,https://twitter.com/fflosco31/status/1648325424013799426,2023-04-18T13:59:40.000Z,Mas já saiu essa notícia...,0,1,2,https://twitter.com/andrefernm/status/1648297734690971648
kbarbosilva,@kbarbosilva1,https://twitter.com/kbarbosilva1/status/1648299078168485891,2023-04-18T12:14:58.000Z,"A CPMI é a vontade do povo!
A Verdade é o que queremos!#CPMIdo08deJaneiroJá!",0,0,1,https://twitter.com/andrefernm/status/1648297734690971648
Highlander,@Leahighlander,https://twitter.com/Leahighlander/status/1648358637851557889,2023-04-18T16:11:38.000Z,Custo a acreditar que ainda tem gente acreditando que vai ter CPMI e que essa corja vai cair ou ser presa. 🙄🥴,0,0,1,https://twitter.com/andrefernm/status/1648297734690971648
Edglê Motorista Delivery,@Edgle38,https://twitter.com/Edgle38/status/1648298709556371456,2023-04-18T12:13:30.000Z,A verdade preocupa os que vivem da mentira,1,0,2,https://twitter.com/andrefernm/status/1648297734690971648
Valbelo Comunian,@ValbeloC,https://twitter.com/ValbeloC/status/1648300170277273603,2023-04-18T12:19:19.000Z,Não permitam qq adiamento.,1,0,0,https://twitter.com/andrefernm/status/1648297734690971648
Angelo Neto,@AngeloNeto100,https://twitter.com/AngeloNeto100/status/1648299023923654658,2023-04-18T12:14:45.000Z,Ainda há assinaturas suficientes para a instalação da CPMI?,3,0,2,https://twitter.com/andrefernm/status/1648297734690971648
Vera Costa,@VeraCos71745242,https://twitter.com/VeraCos71745242/status/1648301426643181568,2023-04-18T12:24:18.000Z,"Por que pediram adiamemto? Será pq eles não têm coragem de retirar as assinaturas, pois sabem que os eleitores não perdoarão?",0,1,2,https://twitter.com/andrefernm/status/1648297734690971648
filha de Flor,@florfernandes16,https://twitter.com/florfernandes16/status/1648304046808133634,2023-04-18T12:34:43.000Z,Já tem perfil de imprensa dizendo q foi adiada.,0,0,1,https://twitter.com/andrefernm/status/1648297734690971648
Iracema Horta,@IracemaHorta,https://twitter.com/IracemaHorta/status/1648310966319194112,2023-04-18T13:02:13.000Z,E conseguiram...,1,3,9,https://twitter.com/andrefernm/status/1648297734690971648
Na Mira do Repórter,@BrasilPost13,https://twitter.com/BrasilPost13/status/1648316827590696960,2023-04-18T13:25:30.000Z,"Fonte, que vários deputados procuraram Pacheco de madrugada, tem ???",0,0,15,https://twitter.com/andrefernm/status/1648297734690971648
Samuel Fernandes,@samuelrfer,https://twitter.com/samuelrfer/status/1648303432988602368,2023-04-18T12:32:17.000Z,"Parabéns pelo seu trabalho frente a instalação da CPMI, deputado, mas dizer que o cachaça tá desesperado é demais. O cara tá fazendo o que bem entende e não tem resistência a altura. Tá nadando de braçada.",2,2,19,https://twitter.com/andrefernm/status/1648297734690971648
𝕄𝕚𝕔𝕙𝕖𝕝𝕝𝕖,@alveesmichelle0,https://twitter.com/alveesmichelle0/status/1648298949411848192,2023-04-18T12:14:28.000Z,Eita 😶‍🌫️🍿,1,0,0,https://twitter.com/andrefernm/status/1648297734690971648
Ricardo (selo azul),@ricardodiniz77,https://twitter.com/ricardodiniz77/status/1648300464444780544,2023-04-18T12:20:29.000Z,Nao duvide da lealdade do Rodrigo Pacheco ao Ladrao!,3,0,0,https://twitter.com/andrefernm/status/1648297734690971648
marco aurelio cuneo,@aurelio_cuneo,https://twitter.com/aurelio_cuneo/status/1648314046674882561,2023-04-18T13:14:27.000Z,"Que bosta é essa ?! Essa luta toda pra não deixar instalar a CPMI é uma confissão de culpa escancarada! Nada justifica...não há nenhum motivo plausível, a não ser o medo da verdade vir à tona!!!",0,1,1,https://twitter.com/andrefernm/status/1648297734690971648
J.Maurício,@JorgeZen549,https://twitter.com/JorgeZen549/status/1648322824728113155,2023-04-18T13:49:20.000Z,Sabe o q émais sinistro nisso tudo? É vê q nenhum ministro do supremo se manifesta contra essas ações do governo.,0,0,0,https://twitter.com/andrefernm/status/1648297734690971648
Sergio 10 Laws,@sergioluiz10law,https://twitter.com/sergioluiz10law/status/1648626977387978754,2023-04-19T09:57:56.000Z,Vocês vão chamar para depor os empresários que financiaram os ônibus para levar o pessoal no dia 8? Vocês vão chamar os empresários que financiaram a carne do churrasco nos acampamentos no dia 08? Acho que vai ajudar a polícia federal com essas informações.,0,0,0,https://twitter.com/andrefernm/status/1648297734690971648
Força Brasil,@RogPatriota,https://twitter.com/RogPatriota/status/1648342849182744577,2023-04-18T15:08:54.000Z,"Se essa CPMI for instalada, vcs podem se preparar para a QUEIMA DE ARQUIVO, que vai acontecer...lembram de Celso Daniel?",0,0,0,https://twitter.com/andrefernm/status/1648297734690971648
Sandra Flamengo,@sandralife10,https://twitter.com/sandralife10/status/1648628896928260097,2023-04-19T10:05:33.000Z,ARMAÇÃO ILIMITADA,0,0,0,https://twitter.com/andrefernm/status/1648297734690971648
Telma araujo,@telmaliana,https://twitter.com/telmaliana/status/1648349729216950273,2023-04-18T15:36:14.000Z,#CPI8deJaneiro,0,0,0,https://twitter.com/andrefernm/status/1648297734690971648
Paulo Innocencio,@prinnocencio,https://twitter.com/prinnocencio/status/1648320740737921025,2023-04-18T13:41:03.000Z,"Prezado @andrefernm, o governo procura de todas as formas, impedir a CPMI. Não há motivo relevante para a leitura na data de hoje. Se por ventura, não houver a leitura no dia de hoje para abertura da CPMI, todos os trabalhos devem ser suspensos até a leitura da sessão no CN.",0,0,0,https://twitter.com/andrefernm/status/1648297734690971648
Jotta Corretor,@JottaCorretor,https://twitter.com/JottaCorretor/status/1648335172385796101,2023-04-18T14:38:24.000Z,"Quem não deve não teme, já dizia minha vô",0,0,0,https://twitter.com/andrefernm/status/1648297734690971648
Xavi Lima,@XaviLima5,https://twitter.com/XaviLima5/status/1648328512783237123,2023-04-18T14:11:56.000Z,Vai começar o julgamento dos patriotas no STF é isso que a direita está com medo !,0,0,0,https://twitter.com/andrefernm/status/1648297734690971648
Claudio Parreira,@ClaudioParreira,https://twitter.com/ClaudioParreira/status/1648330653996285952,2023-04-18T14:20:27.000Z,"O Lula e o governo foram vítimas e você diz que ele está desesperado!
Vocês serão vítimas dessa cpmi - só não se deram conta ainda.",0,0,6,https://twitter.com/andrefernm/status/1648297734690971648
Habib Paraty,@HabibParaty,https://twitter.com/HabibParaty/status/1648350275277672449,2023-04-18T15:38:25.000Z,Pra CIMA deles.....o BRASIL está de OLHO 👁🇧🇷👁,0,0,0,https://twitter.com/andrefernm/status/1648297734690971648
Sergion,@SergioFona,https://twitter.com/SergioFona/status/1648302371628351488,2023-04-18T12:28:04.000Z,Sempre falei p não confiarem no Pacheco,0,0,0,https://twitter.com/andrefernm/status/1648297734690971648
Maria Lucia,@MariaMariaUnica,https://twitter.com/MariaMariaUnica/status/1648313158803636228,2023-04-18T13:10:55.000Z,Caramba! Óbvio que Pacheco costurou algo com esses caras na na viagem a China.  Eles têm método,0,0,0,https://twitter.com/andrefernm/status/1648297734690971648
marcio pereira,@marciop13020550,https://twitter.com/marciop13020550/status/1648315771947294721,2023-04-18T13:21:18.000Z,Quer esconder que foi ele quem financiou os atos e o dino colocou os infiltrados para dentro do palácio essa é a verdade .,0,0,0,https://twitter.com/andrefernm/status/1648297734690971648
Ardennes,@marktin66223566,https://twitter.com/marktin66223566/status/1648319432085712903,2023-04-18T13:35:51.000Z,"que merda, se essa CPMI é automatica depois da quantidade de assinatura, pq toda essa novela, tem que mudar isso!",0,0,0,https://twitter.com/andrefernm/status/1648297734690971648
Bete Amaral,@beteamarall,https://twitter.com/beteamarall/status/1648314551606059009,2023-04-18T13:16:27.000Z,"Eles temem q a cpmi desmonte o q vão apresentar  como resultado da ""investigação"" palaciana... já falaram isso, q a cpmi ""atrapalhará"" as investigações...",0,0,0,https://twitter.com/andrefernm/status/1648297734690971648
LianaGarcia,@elinew23,https://twitter.com/elinew23/status/1648318912621076482,2023-04-18T13:33:47.000Z,E os opositores ao governo ficarão calados?,0,0,0,https://twitter.com/andrefernm/status/1648297734690971648
tintim por tintim,@CarlaTatia23297,https://twitter.com/CarlaTatia23297/status/1648301923244580865,2023-04-18T12:26:17.000Z,Exigimos essa CPMI urgente!,0,0,0,https://twitter.com/andrefernm/status/1648297734690971648
Eu_Pry,@Eu_Pry2023,https://twitter.com/Eu_Pry2023/status/1648307899435737089,2023-04-18T12:50:01.000Z,QUEREMOS A CPMI DO DIA 08/01/23 @rodrigopacheco BORA?,0,0,0,https://twitter.com/andrefernm/status/1648297734690971648
Marcia Santtos,@MarciaSanttos12,https://twitter.com/MarciaSanttos12/status/1648303762040147968,2023-04-18T12:33:35.000Z,MS,0,0,0,https://twitter.com/andrefernm/status/1648297734690971648
alpha miden,@AlphaMiden,https://twitter.com/AlphaMiden/status/1648314286010163200,2023-04-18T13:15:24.000Z,Lula só está preocupado com Bolsonaro. Não quer que ele seja acusado de ter promovido os acontecimentos. Está a protegê-lo.  😂,0,0,0,https://twitter.com/andrefernm/status/1648297734690971648
maria do carmo de souza,@mcrdesouza,https://twitter.com/mcrdesouza/status/1648316084884217857,2023-04-18T13:22:33.000Z,Vocês vão aceitar isso? Pressione o Pacheco!! Isso é inadmissível!!,0,0,0,https://twitter.com/andrefernm/status/1648297734690971648
wmartins,@WilmaMa56778833,https://twitter.com/WilmaMa56778833/status/1648309991462322178,2023-04-18T12:58:20.000Z,"GENTE.....NAO DEIXEM ISSO ACONTECER....ESSA CPMI PRECISA SAIR HOJE...SEM ADIAMENTO....PRECISAM BRIGAREM ...VIRAREM A MESA...FAZER ESTARDALHAÇO , MENOS ADIAR ....",0,0,0,https://twitter.com/andrefernm/status/1648297734690971648
Renato fênix de Oliveira,@RenatoG2023,https://twitter.com/RenatoG2023/status/1648319541175304192,2023-04-18T13:36:17.000Z,"Se ele não cumprir com sua palavra, que sei que não vai mesmo, ocorram ao STF, pois foi assim que a esquerda fez na CPI da covid, sei que lá tbm não vão aceitar, só que aí fica escancarado que o senado e o STF tem um lado. 🤝🤝",0,0,0,https://twitter.com/andrefernm/status/1648297734690971648
Marcelo SM,@Marcelo13761861,https://twitter.com/Marcelo13761861/status/1648305769224257539,2023-04-18T12:41:34.000Z,"Vamos ver até aonde isso vai. 
Só acredito nisso vendo acontecer e com líderes que não sejam do sistema",0,0,0,https://twitter.com/andrefernm/status/1648297734690971648
Carlos Cerasoli,@CarlosCerasoli,https://twitter.com/CarlosCerasoli/status/1648311536878866433,2023-04-18T13:04:29.000Z,"Lógico que ele está com medo...na minha opinião ele é o articulador daqueles atos, para justificar várias posições de seu governo e para desmoralizar o presidente Bolsonaro...todos eles serão pegos....",0,0,0,https://twitter.com/andrefernm/status/1648297734690971648
Mario Filho,@MarioJSF1,https://twitter.com/MarioJSF1/status/1648307901356810241,2023-04-18T12:50:02.000Z,"No governo Bolsonaro, a oposição ingressou com um MS e foi atendida, faça o mesmo. Cpmi é direito da minoria.",0,0,0,https://twitter.com/andrefernm/status/1648297734690971648
Denise Souza,@denisegts,https://twitter.com/denisegts/status/1648317987726716930,2023-04-18T13:30:07.000Z,Uma cascata de fake news. Isso é o que se pode temer,0,0,0,https://twitter.com/andrefernm/status/1648297734690971648
jfbraga,@JooFranciscoBr5,https://twitter.com/JooFranciscoBr5/status/1648319787724832770,2023-04-18T13:37:16.000Z,"Quando começa essa bendita CPMI?
Que palhaçada é essa?
A CPMI do 8 de janeiro NÃO necessita da aprovação do presidente do Senado. Quando será o início dos trabalhos na CPMI para apurar a verdade e apontar os culpados. Queiram, ou não, o Lula e o Pacheco.",0,0,0,https://twitter.com/andrefernm/status/1648297734690971648
Giuliano Schneider,@giuschneider1,https://twitter.com/giuschneider1/status/1648309538112561159,2023-04-18T12:56:32.000Z,E vcs vão ficar chorando no Twitter? Falta o q pra fazer o q deve ser feito?,0,0,0,https://twitter.com/andrefernm/status/1648297734690971648
Lilly Alves PATRIOTA E DE DIREITA.,@SilverioElienai,https://twitter.com/SilverioElienai/status/1648300352184221698,2023-04-18T12:20:02.000Z,Tem que boicotar todas as pautas…igual a esquerda faz.,2,4,33,https://twitter.com/andrefernm/status/1648297734690971648
Priscila,@1983Goes,https://twitter.com/1983Goes/status/1648300768976330752,2023-04-18T12:21:41.000Z,Ouvindo aqui no rádio que o governo já está oferecendo 80 milhões em emenda parlamentar para retirar assinatura...,1,2,2,https://twitter.com/andrefernm/status/1648297734690971648
G. Santos,@SoberanoFederal,https://twitter.com/SoberanoFederal/status/1648317393045962754,2023-04-18T13:27:45.000Z,"Pediram mas restam 1:30 para a leitura da CPMI@rodrigopacheco você representa seus eleitores e não o governo, lembre-se disso.",1,1,5,https://twitter.com/andrefernm/status/1648297734690971648
Pátria Amada Brasil,@RoboB17Reserva,https://twitter.com/RoboB17Reserva/status/1648306871348916224,2023-04-18T12:45:56.000Z,"Caso o Rodrigo Pacheco atenda aos líderes do Governo e não cumpra com sua função, vocês devem imediatamente,   deputados e senadores, pedir sua cassação por PREVARICAÇÃO e IMPROBIDADE.",0,3,22,https://twitter.com/andrefernm/status/1648297734690971648
Cristiane -,@cris_moraisf,https://twitter.com/cris_moraisf/status/1648303395743186945,2023-04-18T12:32:08.000Z,"Por favor, não deixem adiar mais uma vez. É urgente a abertura da CPMI DE 8/1/23.",1,1,4,https://twitter.com/andrefernm/status/1648297734690971648
SobrinhaDoHomem,@SobrinhaH,https://twitter.com/SobrinhaH/status/1648299658131677185,2023-04-18T12:17:17.000Z,"AVANTE CPMI!!!
O POVO TÁ ACOMPANHANDO DE PERTO E ANOTANDO TB.",1,2,3,https://twitter.com/andrefernm/status/1648297734690971648
Esio Neto,@esioneto,https://twitter.com/esioneto/status/1648306591936962561,2023-04-18T12:44:50.000Z,"Honestamente, parece mais que vc é quem está desesperado, fazendo postagens a cada 5 minutos...",0,0,11,https://twitter.com/andrefernm/status/1648297734690971648
A B,@magafs,https://twitter.com/magafs/status/1648307211439882243,2023-04-18T12:47:17.000Z,"Pelo amor de Deus @andrefernm . Não tem como adiar mais nada. O que pode ser feito. Esta demorando muito. O povo está de saco cheio desse @rodrigopacheco . O que precisa, que o povo vá pra rua e só saía de lá depois de iniciada a CPMI?",1,3,23,https://twitter.com/andrefernm/status/1648297734690971648
Alexandre Marques,@Alexmas1,https://twitter.com/Alexmas1/status/1648299732467318784,2023-04-18T12:17:34.000Z,"Se houver adiamento, não haverá CPMI do 8 de Janeiro, anotem",2,2,16,https://twitter.com/andrefernm/status/1648297734690971648
Pedro augusto,@Pedroau98630881,https://twitter.com/Pedroau98630881/status/1648298944382877708,2023-04-18T12:14:26.000Z,Ee hoje o grande dia 🙌🏻,1,0,1,https://twitter.com/andrefernm/status/1648297734690971648
Fernando Dielle,@FernandoDielle,https://twitter.com/FernandoDielle/status/1648300918574596097,2023-04-18T12:22:17.000Z,"Entrem com mandado de segurança com tutela antecipada urgente, se fosse a esquerda já estaria lá",0,1,1,https://twitter.com/andrefernm/status/1648297734690971648
João Germano,@joaopulbat,https://twitter.com/joaopulbat/status/1648315883394068481,2023-04-18T13:21:45.000Z,"Esse povo não gosta de trabalhar, e estão trabalhando até de madrugada? Tem muita sujeira que deverá vir à tona com a CPMI, ESTAMOS DE OLHO 👀.",0,0,1,https://twitter.com/andrefernm/status/1648297734690971648
Manoel Martins,@m27630318,https://twitter.com/m27630318/status/1648312998853767168,2023-04-18T13:10:17.000Z,"Isso vocês NÃO PODEM ACEITAR, é uma AFRONTA , parem todas as pautas e façam acontecer a sessão hoje , não sejam feitos de 🤡, outra vez , vai dar ruim isso .",0,0,2,https://twitter.com/andrefernm/status/1648297734690971648
Marco Antônio Leke,@LekeMarco,https://twitter.com/LekeMarco/status/1648298793996001281,2023-04-18T12:13:51.000Z,Precisa de CPI pra saber o que o partido mais corrupto da história quer esconder,1,0,0,https://twitter.com/andrefernm/status/1648297734690971648
MlvlZLSP,@StoreMlvl,https://twitter.com/StoreMlvl/status/1648299173354041344,2023-04-18T12:15:21.000Z,"Estão com o toba piscando, a casa vai cair.",2,0,1,https://twitter.com/andrefernm/status/1648297734690971648
SOL,@marisol_alves,https://twitter.com/marisol_alves/status/1648347524653105155,2023-04-18T15:27:29.000Z,"Pacheco tem prevaricado em favor do desgoverno Lula. 
Onde o Brasil vai parar com tanta gente trabalhando contra?",0,0,1,https://twitter.com/andrefernm/status/1648297734690971648
Sirlene Almeida,@Sirlene_89,https://twitter.com/Sirlene_89/status/1648298104813232129,2023-04-18T12:11:06.000Z,Então os líderes a favor liguem só @rodrigopacheco pra ser mantida!!,1,0,1,https://twitter.com/andrefernm/status/1648297734690971648
Sirlene Almeida,@Sirlene_89,https://twitter.com/Sirlene_89/status/1648301150683160579,2023-04-18T12:23:12.000Z,"A oposição ligue pro Pacheco!! A votação pro Piso de Enfermagem, já que não está pronto, então fique pra próxima sessão!! As outras pautas estão prontas, não podem ser prejudicadas por essa questão.",1,0,1,https://twitter.com/andrefernm/status/1648297734690971648
ORLI VIEIRA,@ORLI2009,https://twitter.com/ORLI2009/status/1648313667295891458,2023-04-18T13:12:57.000Z,"@FabioDiasMaced2 @HugoMottaPB , por que pediram o adiamento da leitura da CPMI, não estão do lado da verdade. @rodrigopacheco ; por favor não cedam a pressão destes líderes de partidos",0,0,1,https://twitter.com/andrefernm/status/1648297734690971648
Améliaconta1,@ameliaconta1,https://twitter.com/ameliaconta1/status/1648325098053464064,2023-04-18T13:58:22.000Z,"Ô Ceará, pelamor né, bora escolher melhor nas próximas eleições",0,0,0,https://twitter.com/andrefernm/status/1648297734690971648
beija flor zass,@FlorZass,https://twitter.com/FlorZass/status/1648378354247122973,2023-04-18T17:29:59.000Z,"A questão já não se trata mais do que o molusco quer, e sim o que o congresso irá fazer para sair a CPMI, que cá pra nós já estou duvidando que irá sair . Ou seja, não precisa mais de congresso e nem de senado já classifica como DITADURA e acabou.",0,0,0,https://twitter.com/andrefernm/status/1648297734690971648
Doutor em ciências ocultas,@horiphotos,https://twitter.com/horiphotos/status/1648325114000293889,2023-04-18T13:58:26.000Z,"Não precisa ser muito inteligente pra 
saber que tem caroço no angu...nê?",0,0,0,https://twitter.com/andrefernm/status/1648297734690971648
Alessandra Campos,@Ales_Alessandra,https://twitter.com/Ales_Alessandra/status/1648335773463085057,2023-04-18T14:40:47.000Z,"Quem não deve nao teme, essa é a pura verdade. O Sr @LulaOficial deveria ser o primeiro a apoiar essa comissão.",0,0,0,https://twitter.com/andrefernm/status/1648297734690971648
* Z e k a r i c a * #ALGORITMO13 - Fora !,@zekarica,https://twitter.com/zekarica/status/1648340761203679236,2023-04-18T15:00:36.000Z,"Os resultados dessa CPMI, se não forem destruídos por uma canetada do careca, trarão um impeachment automático para a Chapa AIgoritmo13/Chuchu. Esse é o motivo do pânico.",0,0,0,https://twitter.com/andrefernm/status/1648297734690971648
Na Estrada,@Rimanof_Klein,https://twitter.com/Rimanof_Klein/status/1648454743960989696,2023-04-18T22:33:32.000Z,"Deixem de ser moleques. Lula tem mais o que fazer! Há um país, destruído pelo bolsonarismo, para ser reerguido!",0,0,0,https://twitter.com/andrefernm/status/1648297734690971648
Jane,@JaneVeras10,https://twitter.com/JaneVeras10/status/1648418581506400256,2023-04-18T20:09:50.000Z,Vão aceitar dia 25 . Não vai fazer nada.  Queremos q o senhores facam algo,0,0,0,https://twitter.com/andrefernm/status/1648297734690971648
marilza,@ZarilzaL,https://twitter.com/ZarilzaL/status/1648411750998450176,2023-04-18T19:42:42.000Z,Queremos CPMI do 8 de janeiro já,0,0,0,https://twitter.com/andrefernm/status/1648297734690971648
KeniaBenocci Macedo,@KeniabenocciM,https://twitter.com/KeniabenocciM/status/1648381533558898698,2023-04-18T17:42:37.000Z,"querem ganhar tempo para detonar com o Brasil.
querem tempo para acabar com nossa Amazônia 
qdo isto tudo e mais um pouco estiver sem recuperação, eles aceitam a cpmi
SOCORRO",0,0,0,https://twitter.com/andrefernm/status/1648297734690971648
Marcos Luís Pretto,@prettolf05,https://twitter.com/prettolf05/status/1648339409194868738,2023-04-18T14:55:14.000Z,Votem o banimento dele da presidência da casa,0,0,0,https://twitter.com/andrefernm/status/1648297734690971648
André Barroso,@AndrBarroso20,https://twitter.com/AndrBarroso20/status/1648316628902334464,2023-04-18T13:24:43.000Z,Tu tá é com aquilo na mão. Na hora do terrorismo tava aqui fazendo postagem apoiando.,0,0,0,https://twitter.com/andrefernm/status/1648297734690971648
Flavio kratos♜,@kratos_flavio,https://twitter.com/kratos_flavio/status/1648315009821208576,2023-04-18T13:18:17.000Z,Entra com mandato de segurança. Esse cara não pode mais atrasar o país assim,0,0,0,https://twitter.com/andrefernm/status/1648297734690971648
Adilson,@AdilsonMafraSc,https://twitter.com/AdilsonMafraSc/status/1648301977229570049,2023-04-18T12:26:29.000Z,Querem tempo para mudarem os votos.,0,0,0,https://twitter.com/andrefernm/status/1648297734690971648
cassiana,@AguirreKassiana,https://twitter.com/AguirreKassiana/status/1648307778006466562,2023-04-18T12:49:33.000Z,#CPMI08DEJANEIROJÁ,0,0,0,https://twitter.com/andrefernm/status/1648297734690971648
Leticia,@esterav45769319,https://twitter.com/esterav45769319/status/1648316694140428288,2023-04-18T13:24:58.000Z,Nem precisa de CPMI! O governo está confessando que eles armaram a  invasão! O POVO tem que ir pra rua e exigir a CPMI,0,0,0,https://twitter.com/andrefernm/status/1648297734690971648
Donzela Guerreira,@Keli504,https://twitter.com/Keli504/status/1648311364262191105,2023-04-18T13:03:48.000Z,A unica arma da oposição será o povo nas ruas pelo visto.,0,0,0,https://twitter.com/andrefernm/status/1648297734690971648
Leandro Henrique,@TaylineFernan11,https://twitter.com/TaylineFernan11/status/1648302679506944001,2023-04-18T12:29:17.000Z,"Será adiada pelo Pacheco , vocês ainda precisam aprender que o caminho para está instalação deveria ser o STF , a CPI da covid saiu pelo judiciário coisas que já deveria ter sido feito logo que alcançou as assinaturas necessárias",0,0,0,https://twitter.com/andrefernm/status/1648297734690971648
Anderson,@GirelliLira,https://twitter.com/GirelliLira/status/1648303436708958209,2023-04-18T12:32:17.000Z,"Certamente será adiada mais uma vez, tendo como pauta principal, o ARCABOUÇO FISCAL.",0,0,0,https://twitter.com/andrefernm/status/1648297734690971648
hippolyto brum jr,@hbrumjunior,https://twitter.com/hbrumjunior/status/1648316310105776129,2023-04-18T13:23:27.000Z,"👆VAI ROER A CORDA , FALTAR COM A PALAVRA, FICAR DESMORALIZADO POR NÃO CUMPRIR O Q PROMETE @rodrigopacheco ? @andrefernm @GayerGus @marcelvanhattem @GeneralGirao @EduGiraoOficial @SF_Moro @PlinioValerio45 @marcosdoval @rogeriosmarinho @FlavioBolsonaro @cleitinhotmj @TerezaCrisMS",0,0,0,https://twitter.com/andrefernm/status/1648297734690971648
BRASIL,@n82933442,https://twitter.com/n82933442/status/1648381702157336597,2023-04-18T17:43:17.000Z,"Deputado uma pergunta PARA QUE SERVE VOCÊS ?
Vocês não tem voz aí não fazem nada quando essas coisas acontecem pelo amor de Deus honre o voto do seu povo ESSE POVO CLAMA POR JUSTIÇA,SE ESSA CPMI NÃO ACONTECER EU NÃO VOTO NUNCA MAIS EM NINGUÉM",0,0,0,https://twitter.com/andrefernm/status/1648297734690971648
yuri Tanaka,@tan20002162,https://twitter.com/tan20002162/status/1648717098258931713,2023-04-19T15:56:02.000Z,Capacheco..,0,0,0,https://twitter.com/andrefernm/status/1648297734690971648
yuri Tanaka,@tan20002162,https://twitter.com/tan20002162/status/1648722603043856386,2023-04-19T16:17:55.000Z,"Dêem uma checada pq se capacho pode estar entre os empresários ??!) que vai pra Londres, naquele evento do Dória (lide) vai sair de lisinho..",0,0,0,https://twitter.com/andrefernm/status/1648297734690971648
Ronald Simões,@ropatricio18,https://twitter.com/ropatricio18/status/1648341337308110851,2023-04-18T15:02:54.000Z,"André, os deputados (a) de Sergipe, que não colocaram o nome na lista da CPMI, são de esquerda.",0,0,0,https://twitter.com/andrefernm/status/1648297734690971648
Micerlane Rodrigues,@Micerlanerosa,https://twitter.com/Micerlanerosa/status/1648298179945693185,2023-04-18T12:11:24.000Z,Quem não deve não teme,1,0,1,https://twitter.com/andrefernm/status/1648297734690971648
Bartolomeu Tavares,@Bartolomeu80773,https://twitter.com/Bartolomeu80773/status/1648298648927883264,2023-04-18T12:13:16.000Z,"Governo tá apertado, será por que deputado? Kkkkk algo há de errado, para estar tão preocupado.",1,0,0,https://twitter.com/andrefernm/status/1648297734690971648
Gilson,@Gilson225180881,https://twitter.com/Gilson225180881/status/1648299430649495554,2023-04-18T12:16:22.000Z,Eles sofrerão impeachment. É por isso,1,0,0,https://twitter.com/andrefernm/status/1648297734690971648
ADRIANA,@ADRIANA28362764,https://twitter.com/ADRIANA28362764/status/1648299821680214017,2023-04-18T12:17:56.000Z,"Está na hora de vcs começarem a jogar o jogo deles, ou seja, jogo sujo! Não votem mãos nada, parem tudo!",1,0,1,https://twitter.com/andrefernm/status/1648297734690971648
Gabriel Ramalho,@Biel10Ramalhogs,https://twitter.com/Biel10Ramalhogs/status/1648300401022623748,2023-04-18T12:20:14.000Z,A aula que tomou de Flávio dino não foi suficiente ?,1,0,0,https://twitter.com/andrefernm/status/1648297734690971648
Jhonny Rezende,@jhonny_rezende9,https://twitter.com/jhonny_rezende9/status/1648302679855181827,2023-04-18T12:29:17.000Z,Tá atolado até o pescoço de responsabilidade nisso aí ! Engraçado que no dia esbravejaram que era a mando de bolsanaro . Então pq o medo da CPMI ? Kkkk,0,0,1,https://twitter.com/andrefernm/status/1648297734690971648
debora Maria,@deboraM84865682,https://twitter.com/deboraM84865682/status/1648300813213638656,2023-04-18T12:21:52.000Z,"Pressão da direita, não podemos mais adiar essa pauta. Devemos ter astúcia e coragem como os opositores. Prevaricação é crime.",0,0,0,https://twitter.com/andrefernm/status/1648297734690971648
debora Maria,@deboraM84865682,https://twitter.com/deboraM84865682/status/1648305125868335105,2023-04-18T12:39:00.000Z,"É vergonhoso e lastimável o que tá acontecendo nesse país,centenas de inocentes presos sem o devido processo legal, índios presos, Brasil se aliando a China e outros países com mesma ideologia,uma CPMI que já era para ter sido lida, mais um adiamento, sem fundamentos.Cade vcs?",0,0,0,https://twitter.com/andrefernm/status/1648297734690971648
debora Maria,@deboraM84865682,https://twitter.com/deboraM84865682/status/1648305279954481157,2023-04-18T12:39:37.000Z,Vcs vão aceitar isso ?,0,0,0,https://twitter.com/andrefernm/status/1648297734690971648
Pereiraer,@Pereiraer,https://twitter.com/Pereiraer/status/1648306422290030593,2023-04-18T12:44:09.000Z,"Até agora o pix de 6,5bi da china ainda não caiu...",0,0,0,https://twitter.com/andrefernm/status/1648297734690971648
Aurora,@AuroraCtaReserv,https://twitter.com/AuroraCtaReserv/status/1648306400605470720,2023-04-18T12:44:04.000Z,👀 👀 👀 #CPMIdo08deJaneiroJa  ⚠️,0,0,0,https://twitter.com/andrefernm/status/1648297734690971648
Luciana,@Luciana44478055,https://twitter.com/Luciana44478055/status/1648302812864888835,2023-04-18T12:29:49.000Z,E o vice???,0,0,0,https://twitter.com/andrefernm/status/1648297734690971648
Jaqueline,@Jaquelinefileti,https://twitter.com/Jaquelinefileti/status/1648318084766220289,2023-04-18T13:30:30.000Z,"André o judiciário desandou em 2004 com a emenda a constituição nº 45, acho que está na hora de rever isso, deu poderes ao judiciário com as sumulas vinculantes e a legislar no Brasil no lugar do parlamento, se querem fazer alguma coisa, comecem por aí.",0,0,0,https://twitter.com/andrefernm/status/1648297734690971648
Rodrigo de Paula,@depaula_rodrigo,https://twitter.com/depaula_rodrigo/status/1648311592822403075,2023-04-18T13:04:42.000Z,Rodrigo Pacheco vai prevaricar até quando?,0,0,0,https://twitter.com/andrefernm/status/1648297734690971648
GAMER OVER,@SimoneT67048193,https://twitter.com/SimoneT67048193/status/1648316855109529601,2023-04-18T13:25:37.000Z,E o Mandado de Segurança?,0,0,0,https://twitter.com/andrefernm/status/1648297734690971648
canja,@crollem2,https://twitter.com/crollem2/status/1648302302191656960,2023-04-18T12:27:47.000Z,Todos no fundo já sabemos as respostas . Como os vandalismos entraram antes ??? Horário ??  Não Sao patriotas quem são ??,0,0,0,https://twitter.com/andrefernm/status/1648297734690971648
Ana Lelis,@analelis,https://twitter.com/analelis/status/1648313519513694211,2023-04-18T13:12:21.000Z,E o que vcs vão fazer? Vão deixar isso acontecer?,0,0,0,https://twitter.com/andrefernm/status/1648297734690971648
Mauricio Pereira,@maurici82314424,https://twitter.com/maurici82314424/status/1648301484407234562,2023-04-18T12:24:32.000Z,"Me tira uma duvida, o Republicanos pediu esse  adiamento?",0,0,0,https://twitter.com/andrefernm/status/1648297734690971648
Val Veríssimo,@valverissimol,https://twitter.com/valverissimol/status/1648309393593647105,2023-04-18T12:55:58.000Z,As raposas velhas sempre se articulando.,0,0,0,https://twitter.com/andrefernm/status/1648297734690971648
Diego,@diego_vini13,https://twitter.com/diego_vini13/status/1648315332644204544,2023-04-18T13:19:34.000Z,"Nós falamos que esse cara tava enrolando pra ganhar tempo, agora tenho certeza que o Governo tem participação e culpa nos acontecimentos do dia 8 de janeiro!!",0,0,0,https://twitter.com/andrefernm/status/1648297734690971648
Dario Lima,@SolidarioLima,https://twitter.com/SolidarioLima/status/1648319203592622085,2023-04-18T13:34:57.000Z,Força Deputado os brasileiros de bem estão contigo. Não deixe darem o golpe novamente.,0,0,0,https://twitter.com/andrefernm/status/1648297734690971648
Rosilane,@Rosilan57343683,https://twitter.com/Rosilan57343683/status/1648315066578616325,2023-04-18T13:18:30.000Z,Pra cima deles !,0,0,0,https://twitter.com/andrefernm/status/1648297734690971648
Ivan Lisboa Pinto,@IvanLisboaPint1,https://twitter.com/IvanLisboaPint1/status/1648302856007499776,2023-04-18T12:29:59.000Z,"Deputado vocês não podem aceitar isso, se não acontecer a CPMI vocês também serão lembrados nas urnas por OMISSÃO.",0,0,0,https://twitter.com/andrefernm/status/1648297734690971648
Ivan Lisboa Pinto,@IvanLisboaPint1,https://twitter.com/IvanLisboaPint1/status/1648302916715925508,2023-04-18T12:30:13.000Z,Palhaçada,0,0,0,https://twitter.com/andrefernm/status/1648297734690971648
Paula,@PaulaSTGui,https://twitter.com/PaulaSTGui/status/1648315564505300993,2023-04-18T13:20:29.000Z,Basta de adiamentos!,0,0,0,https://twitter.com/andrefernm/status/1648297734690971648
Paula,@Paula41850734,https://twitter.com/Paula41850734/status/1648313988978032643,2023-04-18T13:14:13.000Z,Aguardando o pronunciamento do Pacheco,0,0,0,https://twitter.com/andrefernm/status/1648297734690971648
sara belfort,@sarabelfortt,https://twitter.com/sarabelfortt/status/1648317117165445124,2023-04-18T13:26:39.000Z,"Esperto que se Pacheco adiar mais uma vez , vcs cassem ele por improbidade administrativa porque ele está prevaricando há tempos e vocês engolindo guela abaixo.👀🤔",0,1,1,https://twitter.com/andrefernm/status/1648297734690971648
Tâmara Albuquerque,@TmaraAlbuquerq7,https://twitter.com/TmaraAlbuquerq7/status/1648325886301687810,2023-04-18T14:01:30.000Z,Não aceitamos adiantamento não vcs estão aí para lutar pelo povo. Avante!!Deus dará vitória.,0,0,0,https://twitter.com/andrefernm/status/1648297734690971648
Tâmara Albuquerque,@TmaraAlbuquerq7,https://twitter.com/TmaraAlbuquerq7/status/1648326491313192962,2023-04-18T14:03:54.000Z,A Bíblia diz queixas portas do inferno não prevalecerá contra povo de Deus. Mas temos que fazer nossa parte. Deus faz impossível mas nós fazemos o possível,0,0,0,https://twitter.com/andrefernm/status/1648297734690971648
J.L Macho_Vei,@JLMachoVei,https://twitter.com/JLMachoVei/status/1648327335748272132,2023-04-18T14:07:15.000Z,"Macho, isso vai dar em alguma coisa?
Um decide por todos, fica encoberto por regimento ou desculpas e não coca a pauta pra frente.
Muitos querem, mas um não faz, que poder é esse de decidir a vontade da maioria?",0,0,0,https://twitter.com/andrefernm/status/1648297734690971648
Marcelo Freitas,@Marcelo31025812,https://twitter.com/Marcelo31025812/status/1648332888172122112,2023-04-18T14:29:19.000Z,O presidente Lula está desesperado a onde ? Não viaja não cara aproveita e vai estudar e saber o que o nosso presidente está fazendo pelo país. Vcs bolsonaristas são Ilário,0,0,0,https://twitter.com/andrefernm/status/1648297734690971648
GIROTTO,@GirottobfcBr,https://twitter.com/GirottobfcBr/status/1648340473860313089,2023-04-18T14:59:28.000Z,Ei quem é suspeito de crimes hoje é seu heroi. alias e vc heim?,0,0,0,https://twitter.com/andrefernm/status/1648297734690971648
Arlindo,@Arlindo2231828,https://twitter.com/Arlindo2231828/status/1648352902073794562,2023-04-18T15:48:51.000Z,Acho que a questão é o que estão tramando fazer nesse adiamento.,0,0,0,https://twitter.com/andrefernm/status/1648297734690971648
Sonia Abreu,@SoniaAb59375046,https://twitter.com/SoniaAb59375046/status/1648372432816816135,2023-04-18T17:06:27.000Z,Muita ingenuidade da Direita ; achar que eles não  tentariam de tudo e mais um pouco pra barrar essa cpmi,0,0,1,https://twitter.com/andrefernm/status/1648297734690971648
Quer pastel?,@lipedapapelaria,https://twitter.com/lipedapapelaria/status/1648373252283154438,2023-04-18T17:09:43.000Z,"e o boga, raspado?",0,0,0,https://twitter.com/andrefernm/status/1648297734690971648
Glaucio Parreira Queiroz,@GlaucioGuriri,https://twitter.com/GlaucioGuriri/status/1648391911768481793,2023-04-18T18:23:52.000Z,A petezada teme pegar cadeia.,0,0,0,https://twitter.com/andrefernm/status/1648297734690971648
irene,@irene75039546,https://twitter.com/irene75039546/status/1648308887089709058,2023-04-18T12:53:57.000Z,"Tem como tirar o Pacheco ?demitir ele,cassar?sei lá tirar ele da presidência do senado?sera que não há algo que possa ser feito?se ele tá se borrando nas calças passa para outro",0,0,0,https://twitter.com/andrefernm/status/1648297734690971648
marcy,@marcielipiccin2,https://twitter.com/marcielipiccin2/status/1648311514661634050,2023-04-18T13:04:23.000Z,"Pra cima deles deputado, eles  não podem cancelar a abertura da CPMI😡😡",0,0,0,https://twitter.com/andrefernm/status/1648297734690971648
Lima,@Lima65521683,https://twitter.com/Lima65521683/status/1648301161034727426,2023-04-18T12:23:15.000Z,Estamos de olho. Não pode passar em branco,0,0,0,https://twitter.com/andrefernm/status/1648297734690971648
Allan Carlos,@AllanCarlosLima,https://twitter.com/AllanCarlosLima/status/1648303834953834502,2023-04-18T12:33:52.000Z,"Quem tem 👌, tem medo!",0,0,0,https://twitter.com/andrefernm/status/1648297734690971648
Ale Silva,@Aleoliveirashr,https://twitter.com/Aleoliveirashr/status/1648304145378557955,2023-04-18T12:35:06.000Z,#NINGUEMDORME,0,0,0,https://twitter.com/andrefernm/status/1648297734690971648
Elaine Irene Fachim,@FachimIrene,https://twitter.com/FachimIrene/status/1648304193143177217,2023-04-18T12:35:18.000Z,"O que o Sr falou sobre ser hoje a leitura da CPMI do dia 08 e agora a notícia do adiantamento por causa de uma viagem do Sr Rodrigo Pacheco, não existe oposição? O que está acontecendo é vergonhoso",0,0,0,https://twitter.com/andrefernm/status/1648297734690971648
Vanice Paschoaleto,@VanicePaschoal1,https://twitter.com/VanicePaschoal1/status/1648304472202829827,2023-04-18T12:36:24.000Z,Vai pra cima dep o povo está ao seu lado.,0,0,0,https://twitter.com/andrefernm/status/1648297734690971648
Gladys Marcia Arruda de Souza,@arruda_gladys,https://twitter.com/arruda_gladys/status/1648307384823971841,2023-04-18T12:47:59.000Z,"Já tem mídia noticiando o adiamento,porq?????",0,0,0,https://twitter.com/andrefernm/status/1648297734690971648
chewbacca de tanga,@chewbaccafeme,https://twitter.com/chewbaccafeme/status/1648307522153984000,2023-04-18T12:48:32.000Z,@JPNewsBauru,0,0,0,https://twitter.com/andrefernm/status/1648297734690971648
libertar o Brasil,@JoaoGulhermino,https://twitter.com/JoaoGulhermino/status/1648310877815283714,2023-04-18T13:01:52.000Z,CPMI dos atos do dia 08 de janeiro já!   João 8'32.,0,0,0,https://twitter.com/andrefernm/status/1648297734690971648
Jorge Damasceno,@JorgeDa83412197,https://twitter.com/JorgeDa83412197/status/1648311428221136896,2023-04-18T13:04:03.000Z,"E vcs vão aceitar isso  tal qual cordeirinhos? É? Pois não nos procurem mais, atrás de apoios.  Vcs não  mostrarão coragem, atitude se aceitarem que um inútil, somente comprometido com seus interesses,  trave  CPMI que trará verdades.  Que derrubará várias narrativas. Vergonha!",0,0,0,https://twitter.com/andrefernm/status/1648297734690971648
João Paulo,@jpscipriano,https://twitter.com/jpscipriano/status/1648312627792101378,2023-04-18T13:08:49.000Z,Bom dia. Estão noticiando que sessão foi suspensa por motivo da PLN da enfermagem. E verdade?,0,0,0,https://twitter.com/andrefernm/status/1648297734690971648
Wrobell's,@wrobell_s,https://twitter.com/wrobell_s/status/1648313188755165189,2023-04-18T13:11:03.000Z,"Se o Pacheco adiar, deputados  e senadores se mobilizem, já prevaricou demais, e o povo não é idiota, estamos de olho.",0,0,0,https://twitter.com/andrefernm/status/1648297734690971648
Andria Marcia De Souza Dias,@AndriaMarc2471,https://twitter.com/AndriaMarc2471/status/1648315606628794400,2023-04-18T13:20:39.000Z,A diarréia do lula e da base dele nunca sessou desde que iniciou as assinaturas da CPMI,0,0,0,https://twitter.com/andrefernm/status/1648297734690971648
bonde véio,@bondeveio,https://twitter.com/bondeveio/status/1648408569631367169,2023-04-18T19:30:03.000Z,Vão pedir adiamento interminavelmente!,0,0,0,https://twitter.com/andrefernm/status/1648297734690971648
Abacatinho verdinho,@Abacatinhoverdi,https://twitter.com/Abacatinhoverdi/status/1648442149535641602,2023-04-18T21:43:29.000Z,"Lula desesperado, igual estava na eleição, igual estava na eleição do senado, igual estava com a CPI...
De derrota em derrota os frouxonaristas acalmam o gado dizendo ser uma vitória",0,0,0,https://twitter.com/andrefernm/status/1648297734690971648
Lucas Dominic,@DominicSant_,https://twitter.com/DominicSant_/status/1648673357666172928,2023-04-19T13:02:13.000Z,"Tem que colocar pressão, não tem querer de adiar nada, se já tem tudo para ser aberto, tem que abrir logoooo. Devem estar com medo de ter mais coisas condenando o atual governo que o antigo",0,0,0,https://twitter.com/andrefernm/status/1648297734690971648
Rhaminhoo,@Rhaminhoo,https://twitter.com/Rhaminhoo/status/1648301038368112641,2023-04-18T12:22:46.000Z,Hoje tenho a certeza que as piores pessoas do nosso país são os políticos e esses pessoal do supremo. 🤮🤮🤮🤮🤮🤮🤮🤮🤮🤮,0,0,0,https://twitter.com/andrefernm/status/1648297734690971648
AM,@AdrianaMaccari4,https://twitter.com/AdrianaMaccari4/status/1648305971117137921,2023-04-18T12:42:22.000Z,"É desesperadora a situação...onde está a luz,nesse túnel? Quem pode realmente mudar essa situação? O povo ? Porque parece-me que àqueles que nos representam estão sem poder algum...lamentável.",0,0,0,https://twitter.com/andrefernm/status/1648297734690971648
At,@OficialTails,https://twitter.com/OficialTails/status/1648315369742909441,2023-04-18T13:19:43.000Z,o atual secretário do dino,0,0,0,https://twitter.com/andrefernm/status/1648297734690971648
João Paulo,@JoaoPaulo_Perei,https://twitter.com/JoaoPaulo_Perei/status/1648319513807519745,2023-04-18T13:36:11.000Z,Pacheco esta em outra reunião. kkkkk tchau brigado,0,0,0,https://twitter.com/andrefernm/status/1648297734690971648
Lais Vazquez,@lapibavaz,https://twitter.com/lapibavaz/status/1648303835348172800,2023-04-18T12:33:53.000Z,"Sintomático... sabe que será o fim dele! 
Bora CPMI!!",1,0,0,https://twitter.com/andrefernm/status/1648297734690971648
cesarpillon,@cesarpillon1,https://twitter.com/cesarpillon1/status/1648437769675616260,2023-04-18T21:26:05.000Z,"O que escondem? Que patrocinaram o ""quebra-quebra""; que sabiam previamente tudo; que queriam lucrar -e por ora lucraram- com o episódio. Alias, como explica o fato de Lula estar em Araraquara, ha poucos  instantes das ""invasoes"", e já ter no bolso o Decreto de intervencao no DF?",0,0,0,https://twitter.com/andrefernm/status/1648297734690971648
Margareth Brazil Was Stolen,@Margareth_Bolso,https://twitter.com/Margareth_Bolso/status/1648304310961205249,2023-04-18T12:35:46.000Z,Lógico que ele está desesperado! São os mandantes de tudo que aconteceu no dia 08/01! Bom dia André! Deus há de nos justificar!!!!,0,0,0,https://twitter.com/andrefernm/status/1648297734690971648
A. Sicuro,@DorionSicuro,https://twitter.com/DorionSicuro/status/1648362189546192897,2023-04-18T16:25:45.000Z,"Esses caras são Líderes de quem? Esses Partidos são custeados pelos Impostos do Povo. E todos esses políticos são empregados da população. Povo quer esclarecimento real do que aconteceu 08.01. Brasileiros foram iludidos e presos, o que continua até hoje.",0,0,0,https://twitter.com/andrefernm/status/1648297734690971648
Janete Toledo,@JaneteToledo4,https://twitter.com/JaneteToledo4/status/1648318719523684354,2023-04-18T13:33:01.000Z,"Não cedam a nada, continuem firmes.🙏",0,0,0,https://twitter.com/andrefernm/status/1648297734690971648
Marcelo Victor,@Cellu10,https://twitter.com/Cellu10/status/1648310826242129920,2023-04-18T13:01:39.000Z,se adiar travem todas votações,0,0,0,https://twitter.com/andrefernm/status/1648297734690971648
Milena Lopes,@MilenaL58612495,https://twitter.com/MilenaL58612495/status/1648303489078947841,2023-04-18T12:32:30.000Z,Deputado se o Senador Pacheco adiar a leitura da cpmi põe pressão e coloca o vice presidente pra ler. Chega de fazer nós de otários,0,0,0,https://twitter.com/andrefernm/status/1648297734690971648
Leandro,@leo26598704,https://twitter.com/leo26598704/status/1648307989214814209,2023-04-18T12:50:23.000Z,"Parece que perdemos mais uma ,difícil manter a fé  .",0,0,0,https://twitter.com/andrefernm/status/1648297734690971648
Marinhoaine,@marinhoedii82,https://twitter.com/marinhoedii82/status/1648303319515791360,2023-04-18T12:31:50.000Z,Então vai ter CPMI né? Contando os segundos para o meio dia.,1,0,2,https://twitter.com/andrefernm/status/1648297734690971648
Alisson Ferreira,@Alisson66424207,https://twitter.com/Alisson66424207/status/1648306936142503937,2023-04-18T12:46:12.000Z,"Já está rolando que o Pacheco já adiou é verdade? E o que VCS deputados e senadores  irão fazer diante desse absurdo se houver adiado, Pacheco pode maís do que vários deputados e senadores?",0,0,0,https://twitter.com/andrefernm/status/1648297734690971648
O Malvado Favorito,@malvad0favorit0,https://twitter.com/malvad0favorit0/status/1648315317720961025,2023-04-18T13:19:30.000Z,Uma raça inteira de bandidos que merecia no mínimo apodrecer na cadeia.,0,0,0,https://twitter.com/andrefernm/status/1648297734690971648
Marcio Feliciano,@MarcioF11998866,https://twitter.com/MarcioF11998866/status/1648321081504088064,2023-04-18T13:42:24.000Z,"Q Deus faça justiça nessa nação.
Parabéns pelo trabalho deputado.",0,0,0,https://twitter.com/andrefernm/status/1648297734690971648
Ednalva Menezee,@EdnalvaMenezee,https://twitter.com/EdnalvaMenezee/status/1648525318267998214,2023-04-19T03:13:58.000Z,#ObstruçãoTotal,0,0,0,https://twitter.com/andrefernm/status/1648297734690971648
FEITICEIRA PETISTA ESCARLATE,@VeehTertuliano,https://twitter.com/VeehTertuliano/status/1648349356267823105,2023-04-18T15:34:46.000Z,"Lula está desesperado em salvar a nossa nação q é soberana mas q nos últimos anos perdeu poder, visibilidade e confiança do restante do mundo por causa de um terrorista neonazista miliciano genocida q tomou a posse em 2018. Lula está lutando pra salvar um país corrompido",0,0,1,https://twitter.com/andrefernm/status/1648297734690971648
Wando Oliveira,@WandoOl28924526,https://twitter.com/WandoOl28924526/status/1648483246811021316,2023-04-19T00:26:48.000Z,Eles pedem e consegue e vocês e nós o povo não vamos ser ouvido.,0,0,0,https://twitter.com/andrefernm/status/1648297734690971648
Josilaine,@JosiFabris,https://twitter.com/JosiFabris/status/1648311580499628033,2023-04-18T13:04:39.000Z,Ohhh raiva que dá... sabem que vai dar ruim para eles por isso querem adiar. Mas vcs não  vão  aceitar isso né?,0,0,0,https://twitter.com/andrefernm/status/1648297734690971648
Veruschka #BrazilWasStolen,@Veruschka2021,https://twitter.com/Veruschka2021/status/1648320621833486338,2023-04-18T13:40:35.000Z,"Todo mundo já sabe o que ele tem, assim como sabíamos porque eles não queriam voto impresso auditável. 

Quem não deve, não teme. 

Tudo o que eles não querem é transparência...",0,0,4,https://twitter.com/andrefernm/status/1648297734690971648
Nilson Caires Rabello,@nilson_rabello,https://twitter.com/nilson_rabello/status/1648311334151307264,2023-04-18T13:03:40.000Z,Não pode... E vcs vão deixar??,0,0,0,https://twitter.com/andrefernm/status/1648297734690971648
