nome,usuario,idTweet,dataPublicacao,texto,replies,retweets,likes,tweetPai
marian,@marian43122303,https://twitter.com/marian43122303/status/1648129494824243203,2023-04-18T01:01:06.000Z,Quem derá que depois de 23 Lula tivesse dito só isso nessa euforia de ser líder de tudo e não saber seu limite. Para quem sabe o que é a Rússia de Putin e tem nas minorias e direitos humanos valores caros foi um choque ver Lavrov aqui. Ñ foi p/isso que se votou nele.,0,0,0,https://twitter.com/BohnGass/status/1648112429140770821
Zé Carlos FORA CAMPOS NETO!,@JosCarlosSampa,https://twitter.com/JosCarlosSampa/status/1648169576197177346,2023-04-18T03:40:23.000Z,Deputado @BohnGass ! 👇,0,0,0,https://twitter.com/BohnGass/status/1648112429140770821
Débora Diniz,@DeboraDinizRz,https://twitter.com/DeboraDinizRz/status/1648133183387443201,2023-04-18T01:15:46.000Z,"E pq a mídia não passou, as inúmeras manifestações em países europeus, contra o financiamento da guerra? A Globo não passou. Foram muitas manifestações.",0,1,4,https://twitter.com/BohnGass/status/1648112429140770821
mãetropóloga,@jusarto90,https://twitter.com/jusarto90/status/1648172053776719874,2023-04-18T03:50:13.000Z,"Nada de novo sob o sol.
EUA é império a base da chantagem.
Eles sabe que perderam.",0,0,2,https://twitter.com/BohnGass/status/1648112429140770821
Marcia Zoé Ramos,@mzoeramos,https://twitter.com/mzoeramos/status/1648139777827303427,2023-04-18T01:41:58.000Z,"A Ucrânia precisa se defender. Se vc não leu o protocolo de Budapeste, ele trata dessas garantias. EUA,  Reino Unido, França e China  sabem do que se trata porque assinaram",0,0,0,https://twitter.com/BohnGass/status/1648112429140770821
Waldemar Pavan,@galovelho2021,https://twitter.com/galovelho2021/status/1648114279340490753,2023-04-18T00:00:39.000Z,"É melhor Jair atualizando as suas definições de ""que é só disso o que se trata""",0,0,0,https://twitter.com/BohnGass/status/1648112429140770821
ABI,@ABII32561483,https://twitter.com/ABII32561483/status/1648138793008918529,2023-04-18T01:38:03.000Z,"Isso é uma imensa besteira, a Ucrânia está se defendendo de uma invasão ilegal e criminosa, ela TEM que se defender, isso inclusive é importante para a estabilidade geopolítica, o Lulla tem que, imediatamente, para de falar tamanha id io ti ce",0,0,0,https://twitter.com/BohnGass/status/1648112429140770821
Jorge F,@Jorgemoka,https://twitter.com/Jorgemoka/status/1648175142609059842,2023-04-18T04:02:30.000Z,"Sem as armas de defesa ""ofertadas"" a Ucrânia não teria como defender o seu território e os seus cidadãos! Ja ouviu falar de Bucha?",0,0,0,https://twitter.com/BohnGass/status/1648112429140770821
Luiz Matias,@LuizMat13946260,https://twitter.com/LuizMat13946260/status/1648254705989038081,2023-04-18T09:18:39.000Z,Tem idiota aqui não. O ladrão  velho defendeu a invasão  da Russia e ainda acusou a Ucrania de se defender.Caalhas defensores da ditadura,0,0,0,https://twitter.com/BohnGass/status/1648112429140770821
Dallagnol: CHUPA QUE A CANA É DOCE!,@CarlosMarquesL3,https://twitter.com/CarlosMarquesL3/status/1648152526577909760,2023-04-18T02:32:38.000Z,"O jornalismo de opinião da @globo pago com prêmios (U$), cursos (U$) e apoios(U$) da plutocracia dos EUA é o que permite que uma empresa de mídia do Brasil que se diz ""livre"" (porém, com golpes militares em suas costas), AJA NA CARA DURA, DEFENDENDO OS EUA CONTRA NOSSA SOBERANIA!",0,0,0,https://twitter.com/BohnGass/status/1648112429140770821
