nome,usuario,idTweet,dataPublicacao,texto,replies,retweets,likes,tweetPai
Ralph,@Ralph_Brazil,https://twitter.com/Ralph_Brazil/status/1648904825625608197,2023-04-20T04:22:00.000Z,Saudações ao nosso capitão! 🇧🇷🫡,1,0,2,https://twitter.com/cabogilberto/status/1648874995504893953
Damareslanes Caravalho,@damareslanes,https://twitter.com/damareslanes/status/1649233980527443968,2023-04-21T02:09:56.000Z,Saudades .,0,0,0,https://twitter.com/cabogilberto/status/1648874995504893953
rodrigo,@digaobyob,https://twitter.com/digaobyob/status/1648875317904252930,2023-04-20T02:24:45.000Z,"imagina na CPMI pedindo a quebra de sigilo telefônico do Gonçalves dias e descobre para quem ele ligou no dia 08/01, ""alô...aqui é o Dino....pode deixar cmg!!! pega fogo cabaré",0,0,1,https://twitter.com/cabogilberto/status/1648874995504893953
LENY P S JUNIOR,@LENYPSJUNIOR1,https://twitter.com/LENYPSJUNIOR1/status/1649259938399633409,2023-04-21T03:53:05.000Z,👏👏👏,0,0,0,https://twitter.com/cabogilberto/status/1648874995504893953
Kassia Sirilei,@KSirilei,https://twitter.com/KSirilei/status/1648878241875206145,2023-04-20T02:36:22.000Z,Que top 😍 saudades de mais do meu presidente.,4,0,3,https://twitter.com/cabogilberto/status/1648874995504893953
Sávio Siqueira,@saviosiqueira,https://twitter.com/saviosiqueira/status/1649018638161068032,2023-04-20T11:54:15.000Z,Presidente de que mesmo?,0,0,2,https://twitter.com/cabogilberto/status/1648874995504893953
Aisha,@Aisha_com_vida,https://twitter.com/Aisha_com_vida/status/1648877579862958083,2023-04-20T02:33:44.000Z,Nosso Presidente tá bonitão!,0,0,9,https://twitter.com/cabogilberto/status/1648874995504893953
Eneida Carvalho,@EneidaCarvalh10,https://twitter.com/EneidaCarvalh10/status/1648999368438030336,2023-04-20T10:37:41.000Z,"Que saudade do meu presidente Da próxima vez que for encontrar com ele,como sua eleitora, mande um ""xero"" na testa dele. 💙💙💙💙🇧🇷🇧🇷🇧🇷🇧🇷🇧🇷🇧🇷🇧🇷",2,0,5,https://twitter.com/cabogilberto/status/1648874995504893953
mari,@marinogs,https://twitter.com/marinogs/status/1648881874939400199,2023-04-20T02:50:48.000Z,"Muito bom, ver o nosso Presidente Bolsonaro tão tranquilo,  tão bem!
Bolsonaro, estamos aqui, jamais abandonaremos o melhor Presidente do Brasil 🇧🇷🇧🇷🇧🇷",3,0,4,https://twitter.com/cabogilberto/status/1648874995504893953
Odnalda Whigson Fênix,@OdnaldaW2,https://twitter.com/OdnaldaW2/status/1648888340970602497,2023-04-20T03:16:30.000Z,O verdadeiro Presidente eleito do Brasil.,4,0,6,https://twitter.com/cabogilberto/status/1648874995504893953
Oliveira,@Oliveira_fiel20,https://twitter.com/Oliveira_fiel20/status/1649016609313288192,2023-04-20T11:46:11.000Z,O melhor Presidente que perdeu q reeleição kkkk e com a CPMI vai ser preso também irruuuuuuuuuu,5,1,12,https://twitter.com/cabogilberto/status/1648874995504893953
Didinali,@FerreiraCardin,https://twitter.com/FerreiraCardin/status/1648927918825824261,2023-04-20T05:53:46.000Z,Que saudades 😢,0,0,1,https://twitter.com/cabogilberto/status/1648874995504893953
TEREZA,@22Tereza_,https://twitter.com/22Tereza_/status/1648990157729681408,2023-04-20T10:01:05.000Z,Bravo🇧🇷💚🤝🏻🤝🏻🤝🏻🤝🏻🤝🏻🤝🏻,0,0,2,https://twitter.com/cabogilberto/status/1648874995504893953
Dri,@DriicaaMR,https://twitter.com/DriicaaMR/status/1649261101823950852,2023-04-21T03:57:43.000Z,Melhor presidente q este país já teve!!!,0,0,0,https://twitter.com/cabogilberto/status/1648874995504893953
Silvia®,@SilRegiBr,https://twitter.com/SilRegiBr/status/1649176182078730241,2023-04-20T22:20:16.000Z,Que homem horrível,1,0,3,https://twitter.com/cabogilberto/status/1648874995504893953
Roberto Silva,@Roberto38845366,https://twitter.com/Roberto38845366/status/1648981798884343809,2023-04-20T09:27:52.000Z,Parabéns Patriotas 👏👏👏👏👏👏,0,0,1,https://twitter.com/cabogilberto/status/1648874995504893953
Lando San,@landosan,https://twitter.com/landosan/status/1649148891118333981,2023-04-20T20:31:50.000Z,"só se for o teu capitao
p/mim foi simplesmente um despreparado
q até me enganou em 2018

e ele foi rejeitado por mais de 50% dos eleitores brasileiros
até nunca mais TEU CAPITAO",0,0,0,https://twitter.com/cabogilberto/status/1648874995504893953
Iraci Pereira,@IraciPe30702542,https://twitter.com/IraciPe30702542/status/1648883642704314368,2023-04-20T02:57:49.000Z,Eita saudade do nosso capitão que Deus abençoe a todos vcs  homens  de bem 🙏🙏,0,0,3,https://twitter.com/cabogilberto/status/1648874995504893953
Netefsa,@Netefsa2,https://twitter.com/Netefsa2/status/1649403193183354882,2023-04-21T13:22:20.000Z,Deus te abençoe meu PRESIDENTE BOLSONARO🙏🙏🙏,0,0,0,https://twitter.com/cabogilberto/status/1648874995504893953
Denise maria Canuto,@DenisemariaCan1,https://twitter.com/DenisemariaCan1/status/1648886309862113280,2023-04-20T03:08:25.000Z,Meu sonho é conhecer o presidente🤗,2,0,2,https://twitter.com/cabogilberto/status/1648874995504893953
Massuke,@Massuke10,https://twitter.com/Massuke10/status/1649197088515694593,2023-04-20T23:43:21.000Z,Vai ser preso quando ?,0,0,0,https://twitter.com/cabogilberto/status/1648874995504893953
Carlos Ruy,@Ruy0803,https://twitter.com/Ruy0803/status/1649205381522964482,2023-04-21T00:16:18.000Z,Você quis dizer...Hoje recebi o capitão broxa expulso da corporação .,0,0,1,https://twitter.com/cabogilberto/status/1648874995504893953
Monica,@Monica89535836,https://twitter.com/Monica89535836/status/1649201273755901956,2023-04-20T23:59:58.000Z,Foi finalmente trabalhar?,0,0,0,https://twitter.com/cabogilberto/status/1648874995504893953
PALPITEIRO...,@Professor_pepe,https://twitter.com/Professor_pepe/status/1649344716930940928,2023-04-21T09:29:58.000Z,"Ô... cara-pálida:
Seja razoável, ele NÃO É mais presidente.
E, no sentido pleno do termo, NUNCA FOI.",0,0,1,https://twitter.com/cabogilberto/status/1648874995504893953
Gerson José da Silva,@gersonjose1962,https://twitter.com/gersonjose1962/status/1649030909159456769,2023-04-20T12:43:00.000Z,"Você viu as joias, tocou nelas. As que ele ainda não entregou tão bem guardadas?",0,0,0,https://twitter.com/cabogilberto/status/1648874995504893953
Gerson José da Silva,@gersonjose1962,https://twitter.com/gersonjose1962/status/1649102734249934851,2023-04-20T17:28:25.000Z,Nas visitas na cadeia é necessário que o preso permita né?,0,0,0,https://twitter.com/cabogilberto/status/1648874995504893953
"(Agente DEL) DPFL NOTÍCIAS, INFORMAÇÕES e OPINIÃO",@AgenteDEL1984,https://twitter.com/AgenteDEL1984/status/1648894057706291200,2023-04-20T03:39:12.000Z,"Seria um prazer ter @jairbolsonaro como meu seguidor, Deus me permita essa oportunidade única.
A mesma coisa digo do governador @tarcisiogdf sou fã número 1 do nosso  governador",3,1,15,https://twitter.com/cabogilberto/status/1648874995504893953
BarretOJr,@BarretOJr87,https://twitter.com/BarretOJr87/status/1649005486149083141,2023-04-20T11:01:59.000Z,@BaixaEssa,1,0,1,https://twitter.com/cabogilberto/status/1648874995504893953
Ednezia F,@EdneziaF_22,https://twitter.com/EdneziaF_22/status/1648881404720054272,2023-04-20T02:48:56.000Z,😍🫶,0,0,0,https://twitter.com/cabogilberto/status/1648874995504893953
Mayra,@MayDgony,https://twitter.com/MayDgony/status/1649138951913893901,2023-04-20T19:52:20.000Z,🫶,0,0,0,https://twitter.com/cabogilberto/status/1648874995504893953
Asantos,@airtonsa,https://twitter.com/airtonsa/status/1649085095670693889,2023-04-20T16:18:19.000Z,Presidente???? Nárnia?,0,0,0,https://twitter.com/cabogilberto/status/1648874995504893953
ELZA,@elza70401681,https://twitter.com/elza70401681/status/1648974075782479875,2023-04-20T08:57:10.000Z,Dois lindos!,0,0,0,https://twitter.com/cabogilberto/status/1648874995504893953
Alberto,@GrisiAlberto,https://twitter.com/GrisiAlberto/status/1648884895857487872,2023-04-20T03:02:48.000Z,Showwwwwwww🇧🇷🇧🇷🇧🇷🇧🇷🇧🇷🇧🇷🇧🇷🇧🇷🇧🇷🇧🇷🇧🇷,0,0,0,https://twitter.com/cabogilberto/status/1648874995504893953
Leandro Farias a tinta da caneta e azul .,@LeandroFariasM,https://twitter.com/LeandroFariasM/status/1648875870893768704,2023-04-20T02:26:56.000Z,Um abraço Pr.,0,0,0,https://twitter.com/cabogilberto/status/1648874995504893953
