nome,usuario,idTweet,dataPublicacao,texto,replies,retweets,likes,tweetPai
Formiguinha,@FormiguinhaDM,https://twitter.com/FormiguinhaDM/status/1649014159403622403,2023-04-20T11:36:27.000Z,Entenda. O vazamento dessas imagens logo após a reunião do Pachec* com o governo. Isso não é de graça. Eles já estão com uma nova narrativa em mão. Existe um plano atrás disso tudo.,0,1,7,https://twitter.com/cabogilberto/status/1648848346121920513
Cavalo Véio,@CavaloAi,https://twitter.com/CavaloAi/status/1649053603523604482,2023-04-20T14:13:11.000Z,acha q é exxxxperto!! Manezao,0,0,0,https://twitter.com/cabogilberto/status/1648848346121920513
Eva Manaus,@evamanaos,https://twitter.com/evamanaos/status/1649230252508315648,2023-04-21T01:55:08.000Z,Todos vão assinar pra tentar manipular o resultado,1,2,8,https://twitter.com/cabogilberto/status/1648848346121920513
Sávio Siqueira,@saviosiqueira,https://twitter.com/saviosiqueira/status/1649208535174066177,2023-04-21T00:28:50.000Z,Prepare o lombo. Vários deputados que incitaram o golpe serão apontados e processados.,0,1,1,https://twitter.com/cabogilberto/status/1648848346121920513
,@Maria491091542,https://twitter.com/Maria491091542/status/1648854896668491790,2023-04-20T01:03:36.000Z,Prenderam até o Caramelo😳😳😳,1,6,31,https://twitter.com/cabogilberto/status/1648848346121920513
╭⊱⊱╯Zulєikα ❁╭⊱⊱╯,@_ZuleikaBrand_,https://twitter.com/_ZuleikaBrand_/status/1648857554146021377,2023-04-20T01:14:09.000Z,Já que não vai ter mais jeito de escapar da CPMI eles querem a investigação nas mãos deles. Pensam que todo mundo é idiota.,0,1,11,https://twitter.com/cabogilberto/status/1648848346121920513
forte e paziente 22,@RosaMar19305421,https://twitter.com/RosaMar19305421/status/1648854126200012801,2023-04-20T01:00:32.000Z,"Estão  armando , muito difícil acreditar nesse Randolfe deputados senadores fiquem de olho",0,0,5,https://twitter.com/cabogilberto/status/1648848346121920513
Airton % BOLSONARO,@leitao_airton,https://twitter.com/leitao_airton/status/1648880612411932673,2023-04-20T02:45:47.000Z,"Pq viram q ñ tem + como barrar a CPI, então querem fazer parte dela para dificultar, estar de olho, desviar o foco ou talvez p/ ter o controle da mesma. Enfim, ñ é atoa e nem há interesse real de punir os responsáveis, algo suspeito tá por trás dessa mudança de postura do DPVAT.",1,2,10,https://twitter.com/cabogilberto/status/1648848346121920513
Marcelo de Alencar e Silva,@RebesAna,https://twitter.com/RebesAna/status/1648858312115363844,2023-04-20T01:17:10.000Z,"Eles querem tumultuar!!!
Vão tentar a relatoria ou a presidência da CPMI e no final perde a verdade.
Tô vendo mais um 7x1 no horizonte.",0,0,6,https://twitter.com/cabogilberto/status/1648848346121920513
MOTOCLUBE BRASIL ACIMA DE TUDO.,@CaboLucena,https://twitter.com/CaboLucena/status/1648851658858799104,2023-04-20T00:50:44.000Z,"Essa turma é do mau, estão tramando algo com certeza.",0,0,4,https://twitter.com/cabogilberto/status/1648848346121920513
Maria Lucia,@MariaMariaUnica,https://twitter.com/MariaMariaUnica/status/1648850089878667265,2023-04-20T00:44:30.000Z,Para tentar fazer da cpmi um novo circo,0,1,1,https://twitter.com/cabogilberto/status/1648848346121920513
Kelly Cristine Röhem,@KellyRohem,https://twitter.com/KellyRohem/status/1648855743695663106,2023-04-20T01:06:58.000Z,"mudou nao, ele quer presidir a CPMI",0,0,4,https://twitter.com/cabogilberto/status/1648848346121920513
Fabiana,@NascimentoBibi,https://twitter.com/NascimentoBibi/status/1648866613720956933,2023-04-20T01:50:09.000Z,Randolfe agora quer controlar a CPMI pra Lula ladrão e Dino saírem blindados e impunes.,0,0,4,https://twitter.com/cabogilberto/status/1648848346121920513
Mezzomo,@Mezzomo22,https://twitter.com/Mezzomo22/status/1648852537590554631,2023-04-20T00:54:13.000Z,Querem sabotar a CPMI,0,0,2,https://twitter.com/cabogilberto/status/1648848346121920513
Serenadrill,@serenadrill,https://twitter.com/serenadrill/status/1648861405439750144,2023-04-20T01:29:28.000Z,Porque querem melar a CPMI! Eles têm método!,0,0,2,https://twitter.com/cabogilberto/status/1648848346121920513
maria do carmo de souza,@mcrdesouza,https://twitter.com/mcrdesouza/status/1648990292840701952,2023-04-20T10:01:37.000Z,Não permita novas assinaturas!!! Eles vão querer participar para fazer o circo que já vimos.,0,0,1,https://twitter.com/cabogilberto/status/1648848346121920513
Cássia MS,@sodre_cassia,https://twitter.com/sodre_cassia/status/1648850775135666177,2023-04-20T00:47:13.000Z,Pra tentar conter danos.,0,0,2,https://twitter.com/cabogilberto/status/1648848346121920513
Adilson Dias,@Adilson66142233,https://twitter.com/Adilson66142233/status/1648851585269727239,2023-04-20T00:50:26.000Z,"Estão querendo tomar frente da cpmi ,vai ser igual CPI da COVID vão querer culpar só bolsonaro",1,0,6,https://twitter.com/cabogilberto/status/1648848346121920513
Josiane Gonçalves De Freitas,@JosianeGFreitas,https://twitter.com/JosianeGFreitas/status/1648854056981483521,2023-04-20T01:00:16.000Z,"Porque eles querem o controle da CPMI para boicotar tudo.
Não permitam que isso aconteça.",0,12,41,https://twitter.com/cabogilberto/status/1648848346121920513
Adriana de Lima,@adriana75171,https://twitter.com/adriana75171/status/1648992615839281152,2023-04-20T10:10:51.000Z,Será para tumultuar a CPMI. Ele é especialista nisso.,0,0,0,https://twitter.com/cabogilberto/status/1648848346121920513
Ken Costa,@KenCosta14,https://twitter.com/KenCosta14/status/1648942968299040769,2023-04-20T06:53:34.000Z,"Faltou pedir a prisão do General e toda a turma do GSI. 
E sempre foram contra a CPMI agora que ficou insustentável pede para dar seguimento para não haver obstrução. Palhaço até ontem dois dias atrás fizeram de tudo pra não ler e abrir .",0,0,0,https://twitter.com/cabogilberto/status/1648848346121920513
Jailsa_viegas!! patriota.,@JailsaPires1,https://twitter.com/JailsaPires1/status/1648861709061300225,2023-04-20T01:30:40.000Z,Sei.  não  mais estão armando. 🤔,0,1,1,https://twitter.com/cabogilberto/status/1648848346121920513
claudio josé pereira,@claudiojospere3,https://twitter.com/claudiojospere3/status/1648873850820608000,2023-04-20T02:18:55.000Z,Novas eleições RECALL JÁ,0,0,1,https://twitter.com/cabogilberto/status/1648848346121920513
mari,@marinogs,https://twitter.com/marinogs/status/1648858384236421120,2023-04-20T01:17:27.000Z,Fiquem atentos 👀👀👀👀,0,0,0,https://twitter.com/cabogilberto/status/1648848346121920513
Cadê o dinheiro que estava aqui?,@DennisonSiquei1,https://twitter.com/DennisonSiquei1/status/1649019246028963840,2023-04-20T11:56:40.000Z,"Aí tem, obviamente. O cara não vale um bolívar furado.",0,0,0,https://twitter.com/cabogilberto/status/1648848346121920513
Gregório Netto,@GregorioNetto,https://twitter.com/GregorioNetto/status/1649146844373479440,2023-04-20T20:23:42.000Z,"Oia butô pá lasca. Homi ta bravu demais sô. Ele disse    ""Nós prendemos"" caba bommmmmmm",0,0,0,https://twitter.com/cabogilberto/status/1648848346121920513
Ministro dos animes,@otakubrazil,https://twitter.com/otakubrazil/status/1648857136707796995,2023-04-20T01:12:30.000Z,O velho de óculos olhando pra cara do saltitão,0,0,0,https://twitter.com/cabogilberto/status/1648848346121920513
Cleri de Deus...,@cleri_deus,https://twitter.com/cleri_deus/status/1648883349023342592,2023-04-20T02:56:39.000Z,Fiquem de olho nesses Canalhas! estão armando alguma coisa 🤨👁️👁️,0,0,1,https://twitter.com/cabogilberto/status/1648848346121920513
W Ferreira®,@was_ferreira,https://twitter.com/was_ferreira/status/1649061014644703232,2023-04-20T14:42:38.000Z,"Eles tem um plano B, além das costas quentes, uma coisa é fato, esse aí vai gritar muito na CPMI pra fazer palanque",0,0,0,https://twitter.com/cabogilberto/status/1648848346121920513
Cláudia,@ClauCarabaRs,https://twitter.com/ClauCarabaRs/status/1649038278379675648,2023-04-20T13:12:17.000Z,"Porque agora eles vão dizer que a cpmi aconteceu por causa deles e quando ela iniciar , vão implodir e impedir a verdade de vir à tona",0,0,0,https://twitter.com/cabogilberto/status/1648848346121920513
Zeuda,@zeeuda,https://twitter.com/zeeuda/status/1648905951901102081,2023-04-20T04:26:28.000Z,Porque quer atrapalhar a cpmi,0,0,1,https://twitter.com/cabogilberto/status/1648848346121920513
Jacqueline Diniz,@jajadiniz,https://twitter.com/jajadiniz/status/1649226527039520772,2023-04-21T01:40:19.000Z,Essa voz irritante e desleal. Da nojo 🤮,0,0,0,https://twitter.com/cabogilberto/status/1648848346121920513
Ângela Maria silva,@ngelaMariasilv8,https://twitter.com/ngelaMariasilv8/status/1649037323202338817,2023-04-20T13:08:30.000Z,"Tem que liberar as imagens,todas..",0,0,0,https://twitter.com/cabogilberto/status/1648848346121920513
Inácio Loiola,@ilabalves,https://twitter.com/ilabalves/status/1649160795337510913,2023-04-20T21:19:08.000Z,"Não parem de obstruir as pautas, petista não dá para confiar é que nem escorpião atravessando o rio nas costas da rã.",0,0,0,https://twitter.com/cabogilberto/status/1648848346121920513
elzi ananias,@ElziAnanias,https://twitter.com/ElziAnanias/status/1649552633500254209,2023-04-21T23:16:09.000Z,"Mudou de ideia , pois não conseguiram que parlamentares retirassem suas assinaturas, então agora querem se fazerem de vítimas .",0,0,0,https://twitter.com/cabogilberto/status/1648848346121920513
C.,@cristin91524525,https://twitter.com/cristin91524525/status/1648959784853417984,2023-04-20T08:00:23.000Z,Pra infiltrar na comissão e protejer o nine,0,0,1,https://twitter.com/cabogilberto/status/1648848346121920513
Liberal_ERS -,@EzequiasrockR,https://twitter.com/EzequiasrockR/status/1648879249900675072,2023-04-20T02:40:22.000Z,Que pessoal mais indeciso!,0,0,0,https://twitter.com/cabogilberto/status/1648848346121920513
jgeraldo,@jgeraldoadv,https://twitter.com/jgeraldoadv/status/1648875524729499651,2023-04-20T02:25:34.000Z,SurtadE.,0,0,0,https://twitter.com/cabogilberto/status/1648848346121920513
eliete 58,@elietesantoscha,https://twitter.com/elietesantoscha/status/1648853528906027008,2023-04-20T00:58:10.000Z,O chiliquento mudou rapidinho kkk,0,0,0,https://twitter.com/cabogilberto/status/1648848346121920513
"Noblá, blá, blá",@FlavioV26542243,https://twitter.com/FlavioV26542243/status/1648858676717842433,2023-04-20T01:18:37.000Z,Senador MOLEQUE,0,0,0,https://twitter.com/cabogilberto/status/1648848346121920513
RoGeraldes,@RoMRGe,https://twitter.com/RoMRGe/status/1648990369193897985,2023-04-20T10:01:55.000Z,Um dos sintomas da falta de caráter.,0,0,0,https://twitter.com/cabogilberto/status/1648848346121920513
Wil,@PatriotaWil,https://twitter.com/PatriotaWil/status/1648875058159386625,2023-04-20T02:23:43.000Z,"Teatro, apenas teatro!",1,0,5,https://twitter.com/cabogilberto/status/1648848346121920513
Rogerio Silva Gaick,@RGaick,https://twitter.com/RGaick/status/1648983392199778306,2023-04-20T09:34:11.000Z,"O desgracado mente olhando dentro dos olhos, nem sob tortura revela a verdade, é com esse tipo de gente que estamos lidando!",0,0,0,https://twitter.com/cabogilberto/status/1648848346121920513
Leo Kasura |,@leokasura,https://twitter.com/leokasura/status/1648848802084691975,2023-04-20T00:39:23.000Z,Será que ele queria ser convidado para o GSI? Ou algum amiguinho?,0,0,0,https://twitter.com/cabogilberto/status/1648848346121920513
ANDRÉ CARVALHO,@AndreEngeville,https://twitter.com/AndreEngeville/status/1648863618908160001,2023-04-20T01:38:15.000Z,Pq ele quer tentar controlar uma coisa que ele achava estar sob controle.,0,0,0,https://twitter.com/cabogilberto/status/1648848346121920513
MERY SILVA,@mery_rafa,https://twitter.com/mery_rafa/status/1649147820853608448,2023-04-20T20:27:34.000Z,Tá armando alguma coisa,0,0,0,https://twitter.com/cabogilberto/status/1648848346121920513
Guilherme Orlandini,@g_orlandini,https://twitter.com/g_orlandini/status/1648849821300662274,2023-04-20T00:43:26.000Z,para tentar assumir controle sobre a CPMI.,0,0,6,https://twitter.com/cabogilberto/status/1648848346121920513
Rangel,@rlcmrangel,https://twitter.com/rlcmrangel/status/1648850395513470981,2023-04-20T00:45:43.000Z,Porque eles vão tentar tomar conta da CPMI para limpar a barra do Lula.,0,0,8,https://twitter.com/cabogilberto/status/1648848346121920513
Maura Martins,@MauraMarts,https://twitter.com/MauraMarts/status/1649001801377632256,2023-04-20T10:47:21.000Z,Pelo protagonismo das narrativas para a imprensa militante.,0,0,1,https://twitter.com/cabogilberto/status/1648848346121920513
Alexandre Dumont,@AlexandreDumon,https://twitter.com/AlexandreDumon/status/1648960038424264705,2023-04-20T08:01:24.000Z,"Simples, tentativa de obtenção da relatoria da CPMI e com isto acobertar os fatos.",0,0,1,https://twitter.com/cabogilberto/status/1648848346121920513
Daniel Donizetti,@Dani3lDoniz3tti,https://twitter.com/Dani3lDoniz3tti/status/1649129374233292807,2023-04-20T19:14:16.000Z,"Acuse-os do que faz, a tática é antiga e conhecida, vão querer controlar a CPMI para culpar a direita, já que não conseguirão detê-la , próxima.",0,0,1,https://twitter.com/cabogilberto/status/1648848346121920513
GAÚCHA BOLSONARISTA,@VeraTor61676200,https://twitter.com/VeraTor61676200/status/1649020682678697984,2023-04-20T12:02:22.000Z,Por que com certeza foi decisão de cúpula pra ferrar.,0,0,4,https://twitter.com/cabogilberto/status/1648848346121920513
𝕯𝖆𝖓𝖆 𝕭𝖚𝖙𝖑𝖊𝖗,@DanaButlerr,https://twitter.com/DanaButlerr/status/1648857930110754817,2023-04-20T01:15:39.000Z,"Eles querem dominar a comissão, já que não conseguiram impedi-la.
Querem Presidência e relatoria. Isso não pode acontecer.",0,0,10,https://twitter.com/cabogilberto/status/1648848346121920513
José Augusto da Silva,@castorsom,https://twitter.com/castorsom/status/1648894553624043521,2023-04-20T03:41:11.000Z,Agora eles querem pegar os cargos mais importantes para poder atrapalhar a investigação...,0,0,2,https://twitter.com/cabogilberto/status/1648848346121920513
PARAIBANA PATRIOTA,@Kk_Melo22,https://twitter.com/Kk_Melo22/status/1648855785177333761,2023-04-20T01:07:08.000Z,"Pra tomar a frente dessa CPMI do dia 08/01, e fazer exatamente igual, a CPI da Covid, que não deu em nada. Randolfe é MALANDRO, que os Deputados e Senadores não sejam MANÉS! 👍",7,7,40,https://twitter.com/cabogilberto/status/1648848346121920513
Michael_slz,@michael_slz,https://twitter.com/michael_slz/status/1648877696984776706,2023-04-20T02:34:12.000Z,Pq os vídeos não valerão mais como prova...,0,0,0,https://twitter.com/cabogilberto/status/1648848346121920513
Frederico Salles,@fredsalles316,https://twitter.com/fredsalles316/status/1649008344751849474,2023-04-20T11:13:21.000Z,"@randolfeap Está fazendo cena né, vocês viveram quatro anos não deixando um governo honesto, limpo e patriótico trabalhar, agora está dando chiliques. Tem que obstruir mesmo e usar tudo que for necessário fazer para que esse desgoverno caia pois de crimes estão até o pescoço",0,0,0,https://twitter.com/cabogilberto/status/1648848346121920513
Amilton Rego,@amilton_rego,https://twitter.com/amilton_rego/status/1648861370501279747,2023-04-20T01:29:19.000Z,Porque ele um jogador de poker.,0,0,0,https://twitter.com/cabogilberto/status/1648848346121920513
Fernando Schneider,@jotaefe1966,https://twitter.com/jotaefe1966/status/1648933974620733440,2023-04-20T06:17:49.000Z,Tá aprontando… só pode.,0,0,0,https://twitter.com/cabogilberto/status/1648848346121920513
Debora Milanezi,@debora_milanezi,https://twitter.com/debora_milanezi/status/1648859460411039745,2023-04-20T01:21:44.000Z,Querem o controle!,0,0,0,https://twitter.com/cabogilberto/status/1648848346121920513
Adilson,@Adilsonmeu88,https://twitter.com/Adilsonmeu88/status/1648947934430474241,2023-04-20T07:13:18.000Z,"Tenho certeza que eles já aprontaram alguma coisa.O tempo que eles precisavam pra armar algo,o Rodrigo Pacheco já deu.O que os de direita tem que fazer, é procurar ser mais esperto do que eles e estar um passo a frente, pra impedi-los de se safar dessa.",0,0,0,https://twitter.com/cabogilberto/status/1648848346121920513
Paulo Cesar Rodrigues Dos Reis,@PauloCe20200866,https://twitter.com/PauloCe20200866/status/1648959505244336129,2023-04-20T07:59:16.000Z,Kkkkkkkkkkk porque será ?,0,0,0,https://twitter.com/cabogilberto/status/1648848346121920513
Cléverson Luiz,@silvakoetz,https://twitter.com/silvakoetz/status/1649016809809408001,2023-04-20T11:46:59.000Z,Tem cilada aí. 🤔,0,0,0,https://twitter.com/cabogilberto/status/1648848346121920513
nanaBanana,@Rosana56019547,https://twitter.com/Rosana56019547/status/1648876331915005953,2023-04-20T02:28:46.000Z,"CPI do Circo 2.0?
Nem pensar.",0,0,0,https://twitter.com/cabogilberto/status/1648848346121920513
Mills,@Coronel_Mills,https://twitter.com/Coronel_Mills/status/1648858922172968961,2023-04-20T01:19:36.000Z,"O show ficou bacana.
Agora só falta parar de atrapalhar a instalação da CPMI.",0,0,7,https://twitter.com/cabogilberto/status/1648848346121920513
glauvascon,@glauvascon,https://twitter.com/glauvascon/status/1649079547701198848,2023-04-20T15:56:17.000Z,"Tudo é uma jogada do PT... eles vão querer algum cargo na CPI .. para colocar gente do PT e melar ou tumultuar a CPI, a intenção é essa, essa gente não presta, tudo é uma tramoia ou armação.",0,0,0,https://twitter.com/cabogilberto/status/1648848346121920513
"Liberdade, volta?",@VoltaLiberdade,https://twitter.com/VoltaLiberdade/status/1649118790536265749,2023-04-20T18:32:13.000Z,"Sustenta suas palavras, senador. Oportunista agora quer agir por conveniência?",0,0,1,https://twitter.com/cabogilberto/status/1648848346121920513
eliana,@esperancaetica,https://twitter.com/esperancaetica/status/1649060310064541699,2023-04-20T14:39:50.000Z,Porque o CN já voltou as medidas que mais beneficariam os pobres!,0,0,0,https://twitter.com/cabogilberto/status/1648848346121920513
Docente Adevaldo R. L.,@LAdevaldo,https://twitter.com/LAdevaldo/status/1649093918095560705,2023-04-20T16:53:23.000Z,"vai todo mundo preso, tem até deputados e 1 senador.",0,0,0,https://twitter.com/cabogilberto/status/1648848346121920513
"Deus, Pátria, Família e Liberdade",@romulo8118,https://twitter.com/romulo8118/status/1648859652858281984,2023-04-20T01:22:30.000Z,"2 coisas;
1. Pode ter haver com a mudança política do Luladrão. 
2. Já conseguiram mudar todo o rumo das investigações,  coação de testemunhas,  histórias Já pronta pra cada vândalo e testemunhas. Passou muito tempo, para os parlamentares conseguir implementar a CPMI.",0,1,6,https://twitter.com/cabogilberto/status/1648848346121920513
Daisy Medeiros 22,@Daisy_Medeiros,https://twitter.com/Daisy_Medeiros/status/1649077950820544516,2023-04-20T15:49:56.000Z,"Pq vão colocar no cool do Gonçalves Dias e o Dilmo vai dizer que não sabia de nada, como sempre!!!",0,0,0,https://twitter.com/cabogilberto/status/1648848346121920513
Lilly Alves PATRIOTA E DE DIREITA.,@SilverioElienai,https://twitter.com/SilverioElienai/status/1648854785704034305,2023-04-20T01:03:09.000Z,As 🦊🦊🦊 velhas só engana os trouxas. 😂😂😂,0,0,1,https://twitter.com/cabogilberto/status/1648848346121920513
Andréa,@andreac_duar,https://twitter.com/andreac_duar/status/1649049093770203137,2023-04-20T13:55:16.000Z,Quer tomar a frente. Resta saber se a oposição vai permitir isso,0,0,0,https://twitter.com/cabogilberto/status/1648848346121920513
Maristela Schwab,@SchwabMaristela,https://twitter.com/SchwabMaristela/status/1648858290699345920,2023-04-20T01:17:05.000Z,"Para  se infiltrar, isso é óbvio.",0,0,1,https://twitter.com/cabogilberto/status/1648848346121920513
Magno Ventura,@MagnoVentura74,https://twitter.com/MagnoVentura74/status/1648862279847256065,2023-04-20T01:32:56.000Z,"Tudo isso porque o senado é o congresso parou...até que a CPMI seja instaurado. Parabéns aos congressistas que se posicionaram, e param as comissões.",1,0,9,https://twitter.com/cabogilberto/status/1648848346121920513
Claudia Lima,@ClaudiaRloiaco,https://twitter.com/ClaudiaRloiaco/status/1648860402367832069,2023-04-20T01:25:28.000Z,"Para que a esquerda emplaque a presidencia, relatoria e ainda coloquem mais alguns na CPMI.",0,0,1,https://twitter.com/cabogilberto/status/1648848346121920513
PadilhaVpower,@padilha_vpower,https://twitter.com/padilha_vpower/status/1648867162717667328,2023-04-20T01:52:20.000Z,Pode ter certeza que o amigos da capa preta vai ajudar eles. Não tenha dúvidas. Aí tem hem . E tem muita coisa.,0,0,1,https://twitter.com/cabogilberto/status/1648848346121920513
Jacqueline Nepomuceno,@Nepo2Jacqueline,https://twitter.com/Nepo2Jacqueline/status/1649071332762566658,2023-04-20T15:23:38.000Z,"Hipocritas, covardes, mentirosos, bandidos",0,0,1,https://twitter.com/cabogilberto/status/1648848346121920513
FilhodoGrilo,@rubensvaz,https://twitter.com/rubensvaz/status/1648867583788032001,2023-04-20T01:54:01.000Z,Porque o general careca destruiu o método heterodoxo. Agora vão ter que tentar o ortodoxo.,0,3,7,https://twitter.com/cabogilberto/status/1648848346121920513
נ,@neriazait,https://twitter.com/neriazait/status/1649109871071985669,2023-04-20T17:56:46.000Z,Certamente ele quer reviver uma nova CPI do circo 🎪,0,0,2,https://twitter.com/cabogilberto/status/1648848346121920513
Rodrigo Herberto,@RodrigoHerberto,https://twitter.com/RodrigoHerberto/status/1648969836066742275,2023-04-20T08:40:19.000Z,"A esquerda já quer colocar seus capachos pra serem investigadores como fizeram naquele teatro de CPI do Covid, aquilo foi um circo, é isso que o gazela saltitante quer fazer agora também!!! FIQUEM ATENTOS",0,0,1,https://twitter.com/cabogilberto/status/1648848346121920513
keila Brasil souza,@keilaBrasilsou1,https://twitter.com/keilaBrasilsou1/status/1648855408654598144,2023-04-20T01:05:38.000Z,Porque já estão preparando algum golpe.,1,0,15,https://twitter.com/cabogilberto/status/1648848346121920513
canja,@crollem2,https://twitter.com/crollem2/status/1648851754056818688,2023-04-20T00:51:07.000Z,Pq querem a relatoria esse é o plano de ontem,0,0,3,https://twitter.com/cabogilberto/status/1648848346121920513
DONNAOLIHE,@Donnaolihe,https://twitter.com/Donnaolihe/status/1648868461043482625,2023-04-20T01:57:30.000Z,Tá blefando,0,0,1,https://twitter.com/cabogilberto/status/1648848346121920513
Marcos Padilha,@marcospadilha27,https://twitter.com/marcospadilha27/status/1648997466908270594,2023-04-20T10:30:07.000Z,"Se não pode contra eles, sobota-lhes.",0,0,0,https://twitter.com/cabogilberto/status/1648848346121920513
Vilma,@Vilma68587881,https://twitter.com/Vilma68587881/status/1648859554111803392,2023-04-20T01:22:06.000Z,"Prendeu mas de mil iniciantes, cuidado com ele,",0,0,0,https://twitter.com/cabogilberto/status/1648848346121920513
eveliny silva,@silva_eveliny,https://twitter.com/silva_eveliny/status/1648873290860036100,2023-04-20T02:16:41.000Z,Aí tem.🤔,0,0,0,https://twitter.com/cabogilberto/status/1648848346121920513
Conceição,@Conceio20170342,https://twitter.com/Conceio20170342/status/1648870514562158593,2023-04-20T02:05:39.000Z,Ele deve estar armando contra a direita porque ele é capaz de tudo...,0,0,0,https://twitter.com/cabogilberto/status/1648848346121920513
claudi,@IgaracyI,https://twitter.com/IgaracyI/status/1648855150335860736,2023-04-20T01:04:36.000Z,Eles não tem saída e por isso tem que passar uma imagem de que não estão com medo.,0,0,0,https://twitter.com/cabogilberto/status/1648848346121920513
Leandro Farias a tinta da caneta e azul .,@LeandroFariasM,https://twitter.com/LeandroFariasM/status/1648857185949024256,2023-04-20T01:12:42.000Z,Macho todo …,0,0,0,https://twitter.com/cabogilberto/status/1648848346121920513
Nando Antony,@fernandoantony,https://twitter.com/fernandoantony/status/1648857306291904512,2023-04-20T01:13:10.000Z,Pq não assinou a CPMI ENTÃO !,0,0,0,https://twitter.com/cabogilberto/status/1648848346121920513
Nadineᅠᅠᅠᅠᅠᅠᅠᅠᅠᅠᅠᅠᅠᅠᅠᅠᅠᅠᅠᅠᅠᅠᅠᅠᅠᅠᅠᅠᅠ ᅠ,@Nadine_CRJ,https://twitter.com/Nadine_CRJ/status/1649019189191925760,2023-04-20T11:56:26.000Z,Pq demitiu o cara e achou q seria suficiente p não incriminar o governo pelo q aconteceu,0,0,0,https://twitter.com/cabogilberto/status/1648848346121920513
ARCANJO PENHA 1980,@ArcanjoMiguel05,https://twitter.com/ArcanjoMiguel05/status/1648998431615078400,2023-04-20T10:33:57.000Z,Normal. os ratos são sempre os primeiros a pular do navio!!!,0,0,0,https://twitter.com/cabogilberto/status/1648848346121920513
Greice,@Greice7773,https://twitter.com/Greice7773/status/1648851786948571137,2023-04-20T00:51:14.000Z,Não caia nessa,0,0,2,https://twitter.com/cabogilberto/status/1648848346121920513
Leodecio Tietbohl,@Tietbo2Leodecio,https://twitter.com/Tietbo2Leodecio/status/1648867530117718017,2023-04-20T01:53:48.000Z,"Muito cuidado, isso é armação pra pegar a presidência e a relatoria da CPMI. Oposição tem wue ficar esperto.",0,0,1,https://twitter.com/cabogilberto/status/1648848346121920513
Marcos,@Marcos_PS_03,https://twitter.com/Marcos_PS_03/status/1649007905008500738,2023-04-20T11:11:36.000Z,"Pq agora querem controlar a cpmi, já que se tornou inevitável.",0,0,1,https://twitter.com/cabogilberto/status/1648848346121920513
Isabel Pontes,@IsabelPontes12,https://twitter.com/IsabelPontes12/status/1648924567639932929,2023-04-20T05:40:27.000Z,Vai uma água com Rivotril ?,0,1,3,https://twitter.com/cabogilberto/status/1648848346121920513
Lenine Kerber,@leninekerber,https://twitter.com/leninekerber/status/1649530156787048448,2023-04-21T21:46:50.000Z,Que esse Deputado vá com vontade e pergunta pro General pq ele e a equipe não estava usando equipamentos de segurança e pq não utilizaram do carro de dispersão que fica na garagem do Planalto?,0,0,0,https://twitter.com/cabogilberto/status/1648848346121920513
Paty,@Patrcia31835166,https://twitter.com/Patrcia31835166/status/1648849570191880193,2023-04-20T00:42:26.000Z,Sabotagem 👀,0,0,1,https://twitter.com/cabogilberto/status/1648848346121920513
Vendedor 2,@2Vendedor29,https://twitter.com/2Vendedor29/status/1648962728415879168,2023-04-20T08:12:05.000Z,Saltitante está de volta kkkkkk,0,0,1,https://twitter.com/cabogilberto/status/1648848346121920513
@Nike,@Nike,https://twitter.com/Nike404372311/status/1648851640294809602,2023-04-20T00:50:39.000Z,Gilberto eles querem comandar essa cpmi. Abram os olhos. Chega de malandragem,0,1,1,https://twitter.com/cabogilberto/status/1648848346121920513
Silvia Helena Del Borrello,@SilviaBorrello,https://twitter.com/SilviaBorrello/status/1648866497643642880,2023-04-20T01:49:42.000Z,"Não deixem ,deputado. Querem tumultuar e blindarco Dino e o capo",0,0,2,https://twitter.com/cabogilberto/status/1648848346121920513
Marciazebende,@marciazebende,https://twitter.com/marciazebende/status/1648882385163808773,2023-04-20T02:52:50.000Z,Tem carocho nesse angu,0,0,1,https://twitter.com/cabogilberto/status/1648848346121920513
Direita Castanhal,@DireitaCastanha,https://twitter.com/DireitaCastanha/status/1649077577179357186,2023-04-20T15:48:27.000Z,Porque sabe que a instalação é inevitável. Ainda mais com os novos acontecimentos. Puro jogo de cena.,0,0,0,https://twitter.com/cabogilberto/status/1648848346121920513
Adalberto Costa,@Adalber32762623,https://twitter.com/Adalber32762623/status/1649057972033581059,2023-04-20T14:30:33.000Z,"@randolfeap já percebeu que não vão conseguir impedir a criação da CPMI e quando não se pode vencer uma determinada situação, alia-se a ela e de dentro dela cria -se todas as dificuldades necessárias pra que a CPMI não alcance os objetivos.",0,0,0,https://twitter.com/cabogilberto/status/1648848346121920513
Giovanni Lima,@giovanni3788,https://twitter.com/giovanni3788/status/1649156742733873155,2023-04-20T21:03:01.000Z,"Vão querer transformar a CPMI numa CPI da Covid, um circo; e os parlamentares da oposição não podem permitir que isso ocorra.",0,0,0,https://twitter.com/cabogilberto/status/1648848346121920513
Wagner Pelizon,@wpelizon,https://twitter.com/wpelizon/status/1649181135895683072,2023-04-20T22:39:57.000Z,Espero que não queiram barganhar com a aprovação do calabouço fiscal do Tahhad,0,0,0,https://twitter.com/cabogilberto/status/1648848346121920513
Sindicoonline do Brasil,@sindicoonline,https://twitter.com/sindicoonline/status/1649148731667673119,2023-04-20T20:31:11.000Z,É puro blefe.,0,0,0,https://twitter.com/cabogilberto/status/1648848346121920513
Atayde Nascimento,@AtaydeNascimen1,https://twitter.com/AtaydeNascimen1/status/1649104264386445315,2023-04-20T17:34:30.000Z,Quanta valenti?,0,0,0,https://twitter.com/cabogilberto/status/1648848346121920513
Roberto Brasileiro,@RobertoBra44563,https://twitter.com/RobertoBra44563/status/1648975711430901760,2023-04-20T09:03:40.000Z,"Vcs q se cuidem,isto é jogo deles,querem tumultuar,onde já se viu um Líder do governo querer uma CPI???????",0,0,1,https://twitter.com/cabogilberto/status/1648848346121920513
Juliana Inacio,@Juliana29069629,https://twitter.com/Juliana29069629/status/1649034680220434432,2023-04-20T12:58:00.000Z,"Todo cuidado é pouco com essa esquerda.
Deputados e senadores da direita fiquem atentos de 👀.",0,0,0,https://twitter.com/cabogilberto/status/1648848346121920513
SejaFit,@MardeliaGomes,https://twitter.com/MardeliaGomes/status/1649048525026603008,2023-04-20T13:53:00.000Z,"Ele quer ficar junto pra manipular, criar tumulto, atrasar e ter fluxo para comprinhas.",0,0,0,https://twitter.com/cabogilberto/status/1648848346121920513
Ricardo Freire,@Ricardo14029314,https://twitter.com/Ricardo14029314/status/1649058784692543488,2023-04-20T14:33:46.000Z,Porque ela quer tocar o terror.,0,0,0,https://twitter.com/cabogilberto/status/1648848346121920513
Carlos Alberto C S,@CarlosA98850604,https://twitter.com/CarlosA98850604/status/1648888668264775682,2023-04-20T03:17:48.000Z,"Pq já negociaram a presidência, a relatoria e vão ter maioria no número de deputados inscritos anota aí e compara depois
Omar Aziz, Renan Calheiros, Fabiano Contarato e é claro, Rudolph a rena de nariz vermelho do Papai Noel",0,0,2,https://twitter.com/cabogilberto/status/1648848346121920513
Jucélio Bruzzi,@BruzziJucelio,https://twitter.com/BruzziJucelio/status/1649018518820536324,2023-04-20T11:53:46.000Z,"O estridente Senador, na iminência de mais uma derrota de seu desgoverno, que vendeu até a alma para evitar a CPMI - depois do vídeo do Gonçalves Dias, dá para imaginar o porquê, quer cair atirando! O 🎪 que foi a CPI da Covid não se repetirá, assim esperamos!",1,0,3,https://twitter.com/cabogilberto/status/1648848346121920513
RLCP Rose - 2a conta,@reserva_rose,https://twitter.com/reserva_rose/status/1648857020542377984,2023-04-20T01:12:02.000Z,Quer pegar o controle da CPMI para fazer o mesmo que fez na CPI da COVID,0,1,1,https://twitter.com/cabogilberto/status/1648848346121920513
Rosangela Doelinger,@RDoelinger,https://twitter.com/RDoelinger/status/1648880505020923904,2023-04-20T02:45:21.000Z,Ele está achando que vai virar a CPI DO CIRCO. Fora @randolfeap .,0,0,4,https://twitter.com/cabogilberto/status/1648848346121920513
Alex_Revoltado,@AllexSan6,https://twitter.com/AllexSan6/status/1648852382049075204,2023-04-20T00:53:36.000Z,"Agora estão querendo a CPMI. Espero que a oposição fique atenta e não caia em mais uma armadilha deles. Com certeza esse Randolfe vai querer a presidência juntamente com a Gleisi.
Fiquem espertos!🇧🇷👀👀👀",1,1,5,https://twitter.com/cabogilberto/status/1648848346121920513
alffonseca,@alffonseca43,https://twitter.com/alffonseca43/status/1648900879775301634,2023-04-20T04:06:19.000Z,"Querem manobrar para ter o controle da CPMI , espero que a oposição não permita senão irão manipular a favor desse desgoverno 😡",0,0,2,https://twitter.com/cabogilberto/status/1648848346121920513
Zelia Fabro22,@zfabrogmailcom,https://twitter.com/zfabrogmailcom/status/1649014009436184578,2023-04-20T11:35:51.000Z,"Abram os olhos ,eles querem o comando como fizeram com a do Covid. Bora garantir a relatoria e a presidência.",3,5,34,https://twitter.com/cabogilberto/status/1648848346121920513
Carlos Mendonça,@CarlosMen82,https://twitter.com/CarlosMen82/status/1648892342340911104,2023-04-20T03:32:24.000Z,"Porque querem cadeira para presidir a CPMI. E colocar em pautas informações mentirosas, caluniosas e sem narrativa alguma.  ACORDEM DEPUTADOS...com essa gente tem que prever o que estão tramando. Se antecipar, ter planos A,B e C para prever o que vão aprontar!!!",0,1,3,https://twitter.com/cabogilberto/status/1648848346121920513
Leda,@ledacoelho4,https://twitter.com/ledacoelho4/status/1648857847139123201,2023-04-20T01:15:19.000Z,"Sempre na linha de frente, neh? Estão querendo os cargos na mesa diretora para aprovar, barrar, autorizar, requerimentos e que tais????",2,0,8,https://twitter.com/cabogilberto/status/1648848346121920513
Salomão,@Salomitto,https://twitter.com/Salomitto/status/1648854594535972864,2023-04-20T01:02:24.000Z,😂😂😂,0,0,0,https://twitter.com/cabogilberto/status/1648848346121920513
SantosGabs☭⃠,@Gabriel47899130,https://twitter.com/Gabriel47899130/status/1648867798678904832,2023-04-20T01:54:52.000Z,Aí tem!,0,0,0,https://twitter.com/cabogilberto/status/1648848346121920513
Cícero M∴ de Oliveira,@LochasRibeiro,https://twitter.com/LochasRibeiro/status/1648868934907469825,2023-04-20T01:59:23.000Z,"""Prendemos mais de mil"". Que filho de éguas!",0,0,0,https://twitter.com/cabogilberto/status/1648848346121920513
Flavio Kerr,@FlavioKerr,https://twitter.com/FlavioKerr/status/1648937197624602627,2023-04-20T06:30:38.000Z,"Malandro!
Quer sabotar a CPMI

Aliás, creio que foi um lapso freudiano e ele mesmo responde em parte de sua primeira frase:
“Obstruir a pauta e a agenda…”",0,0,0,https://twitter.com/cabogilberto/status/1648848346121920513
Como resgatar esse país..,@LuisCar01921333,https://twitter.com/LuisCar01921333/status/1648875481133973506,2023-04-20T02:25:23.000Z,Ela está nervosa,0,0,0,https://twitter.com/cabogilberto/status/1648848346121920513
Curral Americano,@Leonard48167731,https://twitter.com/Leonard48167731/status/1648965740626685952,2023-04-20T08:24:03.000Z,"""Prendemos mais de mil"". Noutras épocas seria investigado. Aliás, ele mesmo protocolaria esse requerimento ou notícia.....#ficaadica@FlavioBolsonaro @EduGiraoOficial @esperidiaoamin_ @",0,0,0,https://twitter.com/cabogilberto/status/1648848346121920513
Rita de Cássia Pinheiro,@ritadecassiapl,https://twitter.com/ritadecassiapl/status/1648873955191578625,2023-04-20T02:19:20.000Z,"Olha o que esse biltr3 falou... ""NÓS PRENDEMOS MAIS DE MIL!""🤬",0,0,0,https://twitter.com/cabogilberto/status/1648848346121920513
leandro mandotti,@MandottiLeandro,https://twitter.com/MandottiLeandro/status/1648893110569562117,2023-04-20T03:35:27.000Z,Pq ele quer ser o Omar Aziz da CPI do circo,0,0,0,https://twitter.com/cabogilberto/status/1648848346121920513
Eliane Cecato,@CecatoEliane,https://twitter.com/CecatoEliane/status/1648865015724752896,2023-04-20T01:43:48.000Z,Eles são as vítimas????foi isso que eu ouvi????,0,0,0,https://twitter.com/cabogilberto/status/1648848346121920513
MitoGladi -,@MitoGladi,https://twitter.com/MitoGladi/status/1648915248101949441,2023-04-20T05:03:25.000Z,"Pode olhar debaixo das calças da Gazela, tá se borrando legal.
A mentira nunca se sustenta.",0,0,0,https://twitter.com/cabogilberto/status/1648848346121920513
marcio da silva victol,@DaVictol,https://twitter.com/DaVictol/status/1651416710308589569,2023-04-27T02:43:20.000Z,Pessoas presas injustamente,0,0,0,https://twitter.com/cabogilberto/status/1648848346121920513
Jose Antonio,@eujosearruda,https://twitter.com/eujosearruda/status/1649440855625809922,2023-04-21T15:51:59.000Z,A MENINA ESTA ACHANDO QUE TODOS OS BRASILEIROS SÃO OTÁRIO.,0,0,0,https://twitter.com/cabogilberto/status/1648848346121920513
Astrid,@Astrid24140694,https://twitter.com/Astrid24140694/status/1649493878762885134,2023-04-21T19:22:41.000Z,Querem fazer o mesmo que fizeram na  CPI do circo. Cuidado com as raposas Omar e cia.,0,0,0,https://twitter.com/cabogilberto/status/1648848346121920513
Fábio,@dasfazueli,https://twitter.com/dasfazueli/status/1649530328371937281,2023-04-21T21:47:31.000Z,Simples... porque ele querem tomar o comando da CPMI,0,0,0,https://twitter.com/cabogilberto/status/1648848346121920513
david,@davidvirla,https://twitter.com/davidvirla/status/1649909948183093252,2023-04-22T22:56:00.000Z,Já viu quando um mentiroso é descoberto aí eles ficam bravo e depois eles querem a vdd kkkk,0,0,0,https://twitter.com/cabogilberto/status/1648848346121920513
Nasare,@Nasare15871121,https://twitter.com/Nasare15871121/status/1651738380323962880,2023-04-28T00:01:32.000Z,Tá tramando algo muito sujo é só o que esse verme faz,0,0,0,https://twitter.com/cabogilberto/status/1648848346121920513
@maria,@maria,https://twitter.com/maria202722461/status/1653098292710891543,2023-05-01T18:05:20.000Z,TALVEZ PORQUE JÁ COMBINARAM ALGUMA FALCATRUA.,0,0,0,https://twitter.com/cabogilberto/status/1648848346121920513
Wander Maxwell Pinto Oliveira,@WanderMaxwellP1,https://twitter.com/WanderMaxwellP1/status/1649845314570838028,2023-04-22T18:39:10.000Z,Deu Pit na gazela.,0,0,0,https://twitter.com/cabogilberto/status/1648848346121920513
Renato coelho de brito Renato Brito,@Renatocoelhode5,https://twitter.com/Renatocoelhode5/status/1650082225998770177,2023-04-23T10:20:34.000Z,Porque não  deu mais pra esconder e travar a CPI DO DIA 8 DE JANEIRO,0,0,0,https://twitter.com/cabogilberto/status/1648848346121920513
Michael Douglas TPT,@MichaelD083,https://twitter.com/MichaelD083/status/1649461252693917708,2023-04-21T17:13:02.000Z,"Só basta apertar que eles correm. Isso é cambada de v@gabun...
A oposição tem que ser firme e mostrar sua força.  Vamos pra cima e mostrar que eles são os principais responsáveis por esse vandalismo 💪🏼",0,0,0,https://twitter.com/cabogilberto/status/1648848346121920513
Xανιεr,@Xavier_MC08,https://twitter.com/Xavier_MC08/status/1649018174518558726,2023-04-20T11:52:24.000Z,Cuidado com esses malfeitores o q realmente querem é ocultar a verdade.Eles não podem ter o controle dessa CPMI se não ja era,0,0,0,https://twitter.com/cabogilberto/status/1648848346121920513
José Alberto Rios,@zealberto_rios,https://twitter.com/zealberto_rios/status/1649017029645533184,2023-04-20T11:47:51.000Z,Fácil gazela é mestre em pular os galhos no pasto.,0,0,0,https://twitter.com/cabogilberto/status/1648848346121920513
cláudio thaddeu,@cthaddeu,https://twitter.com/cthaddeu/status/1649076507443179522,2023-04-20T15:44:12.000Z,A saltitante é bipolar 😂😂😂,0,0,0,https://twitter.com/cabogilberto/status/1648848346121920513
Bidoo,@Bidoo1472,https://twitter.com/Bidoo1472/status/1649100138563141633,2023-04-20T17:18:06.000Z,"Querem tumultuar a CPMI, só isso!",0,0,0,https://twitter.com/cabogilberto/status/1648848346121920513
Eleandro,@Eleandr08436012,https://twitter.com/Eleandr08436012/status/1649101429217411089,2023-04-20T17:23:14.000Z,Ele votou contra ou a favor da CPMI,0,0,0,https://twitter.com/cabogilberto/status/1648848346121920513
josesilva,@josesilva2026,https://twitter.com/josesilva2026/status/1649112382403141633,2023-04-20T18:06:45.000Z,Deve está se borrando de medo,0,0,0,https://twitter.com/cabogilberto/status/1648848346121920513
Teresinha Lemes dos Santos,@teresinha_lemes,https://twitter.com/teresinha_lemes/status/1649114443610050561,2023-04-20T18:14:57.000Z,"Abram os olhos parlamentares, essa daí é capachao",0,0,0,https://twitter.com/cabogilberto/status/1648848346121920513
Ale Silva,@Aleoliveirashr,https://twitter.com/Aleoliveirashr/status/1649155525001478149,2023-04-20T20:58:11.000Z,Tão com vontade! Vão ficar querendo DPVAT!,0,0,0,https://twitter.com/cabogilberto/status/1648848346121920513
Gilson Mello,@GilsonM76961695,https://twitter.com/GilsonM76961695/status/1649176991059378176,2023-04-20T22:23:29.000Z,Nome disso é falta de vergonha na cara viram q não daria para barrar a cpi agora estão nessa de que querem kkkk,0,0,0,https://twitter.com/cabogilberto/status/1648848346121920513
Hermsdorff63,@hermsdorff63,https://twitter.com/hermsdorff63/status/1649193881357959168,2023-04-20T23:30:36.000Z,Na CPI da COVID todo mundo viu como ele entende. 😂😂😂,0,0,0,https://twitter.com/cabogilberto/status/1648848346121920513
Abílio Morais Bittencourt,@Abiliobitt,https://twitter.com/Abiliobitt/status/1648859386725511169,2023-04-20T01:21:26.000Z,"Querem assumir o controle da CPMI,abrem o olho!",0,0,2,https://twitter.com/cabogilberto/status/1648848346121920513
Débora Lins em Luto pelo Brasil,@DboraLi32605959,https://twitter.com/DboraLi32605959/status/1648849508564979713,2023-04-20T00:42:11.000Z,Ele quer a presidência da cpmi e avacalhar com tudo,0,0,2,https://twitter.com/cabogilberto/status/1648848346121920513
Fabrício Rocha,@Fabrcio73607099,https://twitter.com/Fabrcio73607099/status/1648854224942383104,2023-04-20T01:00:56.000Z,Vão tentar tomar o controle da comissão!,0,1,2,https://twitter.com/cabogilberto/status/1648848346121920513
Carol Cabrooonaaa,@Carolcoralmarin,https://twitter.com/Carolcoralmarin/status/1648858873778847746,2023-04-20T01:19:24.000Z,GOLPE!!!!,0,0,2,https://twitter.com/cabogilberto/status/1648848346121920513
Shirley Galvão,@ShirleyGalvao3,https://twitter.com/ShirleyGalvao3/status/1648856384958595072,2023-04-20T01:09:31.000Z,"Muito cuidado que a esquerda vai querer o comando de relatório e das comissões, não negociem isso.",0,1,2,https://twitter.com/cabogilberto/status/1648848346121920513
@DoniseteSilveira,@DoniseteSilveira,https://twitter.com/DoniseteSilvei1/status/1648873409344946176,2023-04-20T02:17:10.000Z,Assina a CPMI! O que mudou?,0,1,1,https://twitter.com/cabogilberto/status/1648848346121920513
O Censurado News,@Censurado_2022,https://twitter.com/Censurado_2022/status/1648861928561713153,2023-04-20T01:31:32.000Z,Quer ser o presidente ou o relator dessa CPMI,0,0,2,https://twitter.com/cabogilberto/status/1648848346121920513
José,@isarlano,https://twitter.com/isarlano/status/1649037722441465861,2023-04-20T13:10:05.000Z,Agora querem... Porque? Vão tentar melar. Vai ter muita confusão causada pela esquerda durante a cpmi. Sabem que poderão cair.,0,0,2,https://twitter.com/cabogilberto/status/1648848346121920513
Ronivaldo Goncalves,@RG_220976,https://twitter.com/RG_220976/status/1648852653273653249,2023-04-20T00:54:41.000Z,"False Flag!

Querem entrar em bloco na CPMI para terem a maioria, e, assim, tomarem as rédeas do processo.

Todo cuidado é pouco!",0,0,2,https://twitter.com/cabogilberto/status/1648848346121920513
Biahdornas22,@biahdornas,https://twitter.com/biahdornas/status/1648855911354515457,2023-04-20T01:07:38.000Z,Para controlar a cpmi e fazer um circo.,0,0,0,https://twitter.com/cabogilberto/status/1648848346121920513
PALHAÇO,@PTmimassaltou,https://twitter.com/PTmimassaltou/status/1648854645702381568,2023-04-20T01:02:36.000Z,Vaguinha na mesa da CPMI só isso.,0,0,0,https://twitter.com/cabogilberto/status/1648848346121920513
Laurimar Lira Braga,@LaurimarLiraBra,https://twitter.com/LaurimarLiraBra/status/1648869441411723266,2023-04-20T02:01:24.000Z,tenham cuidado,0,0,0,https://twitter.com/cabogilberto/status/1648848346121920513
Makoto,@mahounokaze,https://twitter.com/mahounokaze/status/1648883333982482435,2023-04-20T02:56:36.000Z,Ué 👀,0,0,0,https://twitter.com/cabogilberto/status/1648848346121920513
Arnaldo L Rodrigues-,@ArnaldoLBR,https://twitter.com/ArnaldoLBR/status/1648881871688802304,2023-04-20T02:50:47.000Z,"Libélula tem que ser preso junto com Janones em cela com cama de casal… respeitando a diversidade, claro…",0,0,0,https://twitter.com/cabogilberto/status/1648848346121920513
kobrarenata@gmail.com,kobrarenata@gmail.com,https://twitter.com/kobrarenatatte/status/1648994127957114880,2023-04-20T10:16:51.000Z,Uiiiii,0,0,0,https://twitter.com/cabogilberto/status/1648848346121920513
Tiago Kotovicz,@TiagoKotovicz,https://twitter.com/TiagoKotovicz/status/1648853857718489089,2023-04-20T00:59:28.000Z,"A quadrilha está mudando o discurso!!! Cuidado, o Demônio usa muitas faces.",0,0,0,https://twitter.com/cabogilberto/status/1648848346121920513
Luciane Dei Santi,@DeiSantiLuciane,https://twitter.com/DeiSantiLuciane/status/1648853770548269057,2023-04-20T00:59:07.000Z,É uma perfeita marionete !!,0,0,0,https://twitter.com/cabogilberto/status/1648848346121920513
Denise,@Denise96904520,https://twitter.com/Denise96904520/status/1648866687452585986,2023-04-20T01:50:27.000Z,"Porque eles agora querem melar a CPMI, com ataques, falácias, escolher as pessoas que irão depor etc.    Como sempre fazem, visando complicar para que a verdade não apareça. Não caiam nessa, só cai em armadilha de lobo quem é lobo.",0,0,0,https://twitter.com/cabogilberto/status/1648848346121920513
@incógnito,@incógnito,https://twitter.com/RapalloJorge/status/1648873270605672450,2023-04-20T02:16:36.000Z,Os 🐀🐀🐀 sempre abandonam o navio que está afundando,0,0,0,https://twitter.com/cabogilberto/status/1648848346121920513
Up Work Custom,@MARCOENYR,https://twitter.com/MARCOENYR/status/1648849613216968704,2023-04-20T00:42:36.000Z,O INEVITÁVEL SE APROXIMA.,0,0,0,https://twitter.com/cabogilberto/status/1648848346121920513
Rhozzy955,@rhozzy955,https://twitter.com/rhozzy955/status/1648851664152002561,2023-04-20T00:50:45.000Z,"Tô me fazendo essa pergunta!! Qual a armação da vez?! Como a CNN recebeu as imagens! 
Tá tudo muito estranho…😰",0,0,0,https://twitter.com/cabogilberto/status/1648848346121920513
Francisco,@0001francisco,https://twitter.com/0001francisco/status/1648851727095848963,2023-04-20T00:51:00.000Z,Ele quer ser presidente da cpmi.,0,0,0,https://twitter.com/cabogilberto/status/1648848346121920513
Lya maria,@Lyamaria1885081,https://twitter.com/Lyamaria1885081/status/1648852796408512513,2023-04-20T00:55:15.000Z,Cuidado🐍mata abraçando direita fica esperta ai tem,0,0,0,https://twitter.com/cabogilberto/status/1648848346121920513
Foradamatrix,@Foradamatrix8,https://twitter.com/Foradamatrix8/status/1648853948453855232,2023-04-20T00:59:50.000Z,"Porque vão aprontar, e nós esperamos que vcs fiquem atentos",0,0,0,https://twitter.com/cabogilberto/status/1648848346121920513
Sônia Fogagnoli Pelizaro,@SoniaFogagnoli,https://twitter.com/SoniaFogagnoli/status/1648857409970946052,2023-04-20T01:13:35.000Z,Porque é um ser desprezivel,0,0,0,https://twitter.com/cabogilberto/status/1648848346121920513
Claudia Cipriano Rodrigues,@Claudia97768396,https://twitter.com/Claudia97768396/status/1648862210272182274,2023-04-20T01:32:39.000Z,"Eles querem assumir a comissão e causar transtornos, tumultuar.",0,0,0,https://twitter.com/cabogilberto/status/1648848346121920513
Daniela Ribeiro,@Dany150500,https://twitter.com/Dany150500/status/1648869574581039106,2023-04-20T02:01:55.000Z,"O golpe taí, cai quem quer!!!",0,0,0,https://twitter.com/cabogilberto/status/1648848346121920513
Daniel CB,@RonaldDPFL,https://twitter.com/RonaldDPFL/status/1648873410066280449,2023-04-20T02:17:10.000Z,Fala pra ele assinar #assinarandolfe,0,0,0,https://twitter.com/cabogilberto/status/1648848346121920513
APOCALIPSE SDV,@MiguelKeylux,https://twitter.com/MiguelKeylux/status/1648862506864062466,2023-04-20T01:33:50.000Z,Aí tem! Não é assim não!,0,0,1,https://twitter.com/cabogilberto/status/1648848346121920513
Zero Hazard,@Irohazard,https://twitter.com/Irohazard/status/1648884366645313536,2023-04-20T03:00:42.000Z,"Nao estou dizendo nada, mas não ficaria surpreso se estiverem com alguma ideia bem estranha. Ficar de olho neles, no Pacheco e no Lira",0,0,1,https://twitter.com/cabogilberto/status/1648848346121920513
Xarada,@Xarada29555043,https://twitter.com/Xarada29555043/status/1648913294210547713,2023-04-20T04:55:39.000Z,A esquerda está planejado algo pq percebeu qua não conseguiria retirar as assinaturas quem era contra hj e a favor  da CPMI desconfiem em tudo s esquerda são estrategistas fiquem atentos .,0,0,1,https://twitter.com/cabogilberto/status/1648848346121920513
Samuel S'Andrade ™,@SamucaBarra,https://twitter.com/SamucaBarra/status/1649372281578061825,2023-04-21T11:19:30.000Z,"Com certeza, está  atolado até  o pescoço no envolvimento com essa trama macabra, querendo pular fora!! Caldeirão em ebulição!!!",0,1,0,https://twitter.com/cabogilberto/status/1648848346121920513
Marcos Barreto,@MarcosB17268667,https://twitter.com/MarcosB17268667/status/1649081660174921728,2023-04-20T16:04:40.000Z,Ele mudou de opinião porque quer fazer parte da presidência ou relatoria e assim fazer um circo tal qual a da Covid,0,0,1,https://twitter.com/cabogilberto/status/1648848346121920513
Alessandro Pena,@Alessan36391854,https://twitter.com/Alessan36391854/status/1648858506877968392,2023-04-20T01:17:57.000Z,Porque vão controlar a CPMI simples assim,0,0,1,https://twitter.com/cabogilberto/status/1648848346121920513
Sandra Tedesco,@sandratedesco17,https://twitter.com/sandratedesco17/status/1648853149258481664,2023-04-20T00:56:39.000Z,Vão querer usar a mma estratégia da CPI da Covid...ocupar as cadeiras de comando e direcionar o rumo pra onde melhor lhes convir....simples assim!,0,0,1,https://twitter.com/cabogilberto/status/1648848346121920513
Normal 22,@WagnerR36926180,https://twitter.com/WagnerR36926180/status/1648864073839255555,2023-04-20T01:40:04.000Z,"Eles querem comandar a CPMI, simples assim.",0,1,0,https://twitter.com/cabogilberto/status/1648848346121920513
Silvia Alves,@SilviaA26716173,https://twitter.com/SilviaA26716173/status/1648858520031199233,2023-04-20T01:18:00.000Z,"Simples. Eles sabem que a cpmi agora é inevitável e então querem se infiltrar e terem o controle ,igual fizeram na CPI da pandemia",0,0,1,https://twitter.com/cabogilberto/status/1648848346121920513
Marisa,@MarisaM57709645,https://twitter.com/MarisaM57709645/status/1648862376408543233,2023-04-20T01:33:19.000Z,Faz parte de um plano ainda nebuloso! assim como o vazamento das imagens!,0,0,1,https://twitter.com/cabogilberto/status/1648848346121920513
Fabiana Lima,@slima_fabiana,https://twitter.com/slima_fabiana/status/1648874097479122946,2023-04-20T02:19:54.000Z,"Está nítido, o desespero dele !",0,0,0,https://twitter.com/cabogilberto/status/1648848346121920513
Elizabete Elizabeth gomes Gomes,@Elizabe88206726,https://twitter.com/Elizabe88206726/status/1648884607582912515,2023-04-20T03:01:39.000Z,Quê será?🤔🤣🤣🤣🤣,0,0,0,https://twitter.com/cabogilberto/status/1648848346121920513
Marcus de Souza,@MarcusR68239974,https://twitter.com/MarcusR68239974/status/1648893957739540480,2023-04-20T03:38:49.000Z,Tem algo cheirando mal,0,0,0,https://twitter.com/cabogilberto/status/1648848346121920513
maria,@Es99393Estela,https://twitter.com/Es99393Estela/status/1648897592690974721,2023-04-20T03:53:15.000Z,Aí tem,0,0,0,https://twitter.com/cabogilberto/status/1648848346121920513
otaniel santos silva,@otanielsantos61,https://twitter.com/otanielsantos61/status/1648904141878509568,2023-04-20T04:19:17.000Z,Pra TUMULTUAR e destruírem a CPMI,0,0,0,https://twitter.com/cabogilberto/status/1648848346121920513
Maria Regina Caldart,@CaldartRegina,https://twitter.com/CaldartRegina/status/1648990473296461831,2023-04-20T10:02:20.000Z,Agora querem atrapalhar a CPMI.,0,0,0,https://twitter.com/cabogilberto/status/1648848346121920513
O Cantor,@pfariaschef,https://twitter.com/pfariaschef/status/1648997356556222466,2023-04-20T10:29:41.000Z,"Vou t responder .
E pq conseguiram alguma manobra para articular já q a merda foi jogada no ventilador.
Simples assim",0,0,0,https://twitter.com/cabogilberto/status/1648848346121920513
Marlo Przygoda,@PrzygodaMarlo,https://twitter.com/PrzygodaMarlo/status/1649000192761380866,2023-04-20T10:40:57.000Z,"Contam com a pouca memória do eleitorado e com o eleitor que ignora a política e só tem contato com ela quando ouve os discursos eufóricos e coreografados dos candidatos. Aí o eleitor chega, em 2 minutos, a uma decisão que foi tomada irracionalmente em grupo: Esse é o cara!",0,0,0,https://twitter.com/cabogilberto/status/1648848346121920513
Daniel Magnusson,@DanielM54930878,https://twitter.com/DanielM54930878/status/1649009739462856704,2023-04-20T11:18:53.000Z,"Pergunta pra CNN!
Kkkkk",0,0,0,https://twitter.com/cabogilberto/status/1648848346121920513
Giovane Esteves,@Gioest78,https://twitter.com/Gioest78/status/1649224487471136769,2023-04-21T01:32:13.000Z,Senador de quinta,0,0,0,https://twitter.com/cabogilberto/status/1648848346121920513
