nome,usuario,idTweet,dataPublicacao,texto,replies,retweets,likes,tweetPai
Gabriela,@Gabriel72894728,https://twitter.com/Gabriel72894728/status/1648930940364681216,2023-04-20T06:05:46.000Z,#CensuraNao,0,0,0,https://twitter.com/adriventurasp/status/1648778354777022471
marleice,@MarleiceV,https://twitter.com/MarleiceV/status/1649073413053464576,2023-04-20T15:31:54.000Z,Bora!!!#CensuraNao,0,0,0,https://twitter.com/adriventurasp/status/1648778354777022471
Rose Rios,@RiosRosineide,https://twitter.com/RiosRosineide/status/1649015581721362432,2023-04-20T11:42:06.000Z,Querem nos CALAR.,0,0,0,https://twitter.com/adriventurasp/status/1648778354777022471
Zenite Cassimiro Silva,@ZeniteCassimiro,https://twitter.com/ZeniteCassimiro/status/1649052140302913540,2023-04-20T14:07:22.000Z,#CensuraNao,0,0,0,https://twitter.com/adriventurasp/status/1648778354777022471
carloscoutinhofh,@carloscoutinhof,https://twitter.com/carloscoutinhof/status/1649079304305758209,2023-04-20T15:55:19.000Z,#CensuraNão,0,0,0,https://twitter.com/adriventurasp/status/1648778354777022471
Rosangela Medeiros,@Rosange52785163,https://twitter.com/Rosange52785163/status/1649050965197336578,2023-04-20T14:02:42.000Z,#CENSURA NÃO,0,0,0,https://twitter.com/adriventurasp/status/1648778354777022471
Dr. Pedro Lima,@PedroLimaFilho2,https://twitter.com/PedroLimaFilho2/status/1648869248071090180,2023-04-20T02:00:37.000Z,Tenho repetido em coro: CENSURA NUNCA MAIS,0,0,0,https://twitter.com/adriventurasp/status/1648778354777022471
Fatima Almeida,@Fatial,https://twitter.com/Fatial/status/1648811952561422337,2023-04-19T22:12:57.000Z,#CensuraNao,0,0,0,https://twitter.com/adriventurasp/status/1648778354777022471
val,@val52731976,https://twitter.com/val52731976/status/1649534322674745349,2023-04-21T22:03:24.000Z,Eu digo Não.,0,0,0,https://twitter.com/adriventurasp/status/1648778354777022471
Allan,@Allan_Erick,https://twitter.com/Allan_Erick/status/1649008649761611776,2023-04-20T11:14:33.000Z,Querem continuar propagando fake news à vontade sem qualquer punição. Regulamentação já!,0,0,0,https://twitter.com/adriventurasp/status/1648778354777022471
Luciana Mello,@HMCSLuciana,https://twitter.com/HMCSLuciana/status/1649004201412837378,2023-04-20T10:56:53.000Z,#CensuraNão,0,0,0,https://twitter.com/adriventurasp/status/1648778354777022471
Amigos Da Lava Jato,@AmigosJato,https://twitter.com/AmigosJato/status/1648891390955225089,2023-04-20T03:28:37.000Z,#CensuraNao,0,0,0,https://twitter.com/adriventurasp/status/1648778354777022471
Fernando RAS,@FernandoRAS4,https://twitter.com/FernandoRAS4/status/1649220913630437377,2023-04-21T01:18:01.000Z,#CensuraNão,0,0,0,https://twitter.com/adriventurasp/status/1648778354777022471
HCde,@Cond_10,https://twitter.com/Cond_10/status/1649135484625362945,2023-04-20T19:38:33.000Z,#CensuraNao,0,0,0,https://twitter.com/adriventurasp/status/1648778354777022471
Ricardo volponi,@volponi971,https://twitter.com/volponi971/status/1649124600574246925,2023-04-20T18:55:18.000Z,"VAMOS PRESSIONAR SE PERDERMOS A LIBERDADE PERDEMOS NOSSA ALMA. A SENSURA NAO PODE PASSAR,  E AI NAO TEM IDEOLOGIA NAO TEM NADA, POIS VÃO USAR DO JEITO QUE INTERESSA E NÃO PODEMOS PERMITIR UNS FUNCIONÁRIOS PÚBLICOS QUE NÃO SABEM ACEITAR CRITICAS DE SUAS ATITUDES.",0,0,0,https://twitter.com/adriventurasp/status/1648778354777022471
Juçara@70,Juçara@70,https://twitter.com/JuMelloRodr70/status/1649051568044675079,2023-04-20T14:05:06.000Z,#CensuraNão,0,0,0,https://twitter.com/adriventurasp/status/1648778354777022471
Carlos Washington Lujan,@CarlosWLujan,https://twitter.com/CarlosWLujan/status/1649052628415049728,2023-04-20T14:09:19.000Z,#CensuraNao,0,0,0,https://twitter.com/adriventurasp/status/1648778354777022471
marcia,@mademboski,https://twitter.com/mademboski/status/1649036554415792128,2023-04-20T13:05:26.000Z,Tb faço coro: #CensuraNao,0,0,0,https://twitter.com/adriventurasp/status/1648778354777022471
Donizete Viegas,@ViegasDonizete,https://twitter.com/ViegasDonizete/status/1649209517043863553,2023-04-21T00:32:44.000Z,#CensuraNao,0,0,0,https://twitter.com/adriventurasp/status/1648778354777022471
Pablo Emiliano,@PabloEm71124479,https://twitter.com/PabloEm71124479/status/1649000743712567297,2023-04-20T10:43:08.000Z,#CensuraNão,0,0,0,https://twitter.com/adriventurasp/status/1648778354777022471
Pablo Emiliano,@PabloEm71124479,https://twitter.com/PabloEm71124479/status/1649004318262001664,2023-04-20T10:57:21.000Z,#CensuraNão.,0,0,0,https://twitter.com/adriventurasp/status/1648778354777022471
Edilson Santos,@Edilson_the,https://twitter.com/Edilson_the/status/1649048686083833857,2023-04-20T13:53:39.000Z,#CensuraNão,0,0,0,https://twitter.com/adriventurasp/status/1648778354777022471
Lene Paixão,@LenePaixao1,https://twitter.com/LenePaixao1/status/1649058913600303107,2023-04-20T14:34:17.000Z,#CensuraNão,0,0,1,https://twitter.com/adriventurasp/status/1648778354777022471
