nome,usuario,idTweet,dataPublicacao,texto,replies,retweets,likes,tweetPai
Nilson Ramos,@NilsonR23834882,https://twitter.com/NilsonR23834882/status/1649440294931234816,2023-04-21T15:49:46.000Z,"Em 2003 Lula e sua corja começou a fazer esse plantio, hoje o povo Brasileiro colhe as benefícios desse plantação. O que vcs acham dessa geração educada por esse desastre chamado PT? Que se alimenta da pobreza e da iguinorancia alheia.",0,0,0,https://twitter.com/AlencarBraga13/status/1649427777010151424
Nilson Ramos,@NilsonR23834882,https://twitter.com/NilsonR23834882/status/1649442041246498817,2023-04-21T15:56:42.000Z,Onde tem conhecimento e honestidade PT não se cria.,0,0,0,https://twitter.com/AlencarBraga13/status/1649427777010151424
Marisa victorio da silva,@victorio_marisa,https://twitter.com/victorio_marisa/status/1649437606583713797,2023-04-21T15:39:05.000Z,"#OBrasilVoltou 🏫👨‍🏫👩‍🎓a semente da educação vai florescer para todos! um novo tempo 🎻 🎶                       ✔️Nos últimos anos, a educação e no Brasil foi defasada pela incompetência. Com o presidente @lulaoficial, a semente da educação vai florescer para todos!",0,0,0,https://twitter.com/AlencarBraga13/status/1649427777010151424
lia,@LLbrasolin,https://twitter.com/LLbrasolin/status/1649581524327579649,2023-04-22T01:10:57.000Z,Mente que nem sente.,0,0,0,https://twitter.com/AlencarBraga13/status/1649427777010151424
