nome,usuario,idTweet,dataPublicacao,texto,replies,retweets,likes,tweetPai
Fernando Hoffmann Fr,@FH_Hoffmann,https://twitter.com/FH_Hoffmann/status/1650088315792621570,2023-04-23T10:44:46.000Z,"Luuula fala tanta bobagem, se arrepende e depois a assessoria se apressa em dizer que é o Governo do diálogo. 
Ataca o Banco Central;
Ataca o Marco do Saneamento;
Relacionou violência com deficiências mentais;
Atacou os EUA e a Ucrânia;
Atacou o Temer; 
Kd o diálogo?",1,0,4,https://twitter.com/AlencarBraga13/status/1649960272570851328
sandrafca,@sandrafca1,https://twitter.com/sandrafca1/status/1650018174786494467,2023-04-23T06:06:03.000Z,Isso se chama preconceito de classe.,0,0,4,https://twitter.com/AlencarBraga13/status/1649960272570851328
raquel nasc santos,@raquelnasa,https://twitter.com/raquelnasa/status/1649969887006040064,2023-04-23T02:54:10.000Z,"Massacre.
É triste, tbm é revelador .",0,0,5,https://twitter.com/AlencarBraga13/status/1649960272570851328
marcelo rezende cassunde,@CassundeMarcelo,https://twitter.com/CassundeMarcelo/status/1650091883241037826,2023-04-23T10:58:56.000Z,Ele nunca foi peão de fábrica....kkkk,0,0,1,https://twitter.com/AlencarBraga13/status/1649960272570851328
Sandra,@MouraRisso,https://twitter.com/MouraRisso/status/1650105509167374336,2023-04-23T11:53:05.000Z,Peão de fabrica? Ouvi dizer que ele cortou o dedo de propósito só para se aposentar. É verdade?,0,0,1,https://twitter.com/AlencarBraga13/status/1649960272570851328
Ivanildo Miranda,@miranda_ivan,https://twitter.com/miranda_ivan/status/1650070495738441728,2023-04-23T09:33:57.000Z,"O critério é a HIPOCRISIA de um presidente e do PT, que dizem que a classe média esbanja ao ter 2 TVs e taxa pobres, enquanto   faz uso dos maiores luxos, como relógios Piaget e vinhos Romanee-conti, dormindo em camas de 50k.
Entendeu ou quer que desenhe?",0,0,5,https://twitter.com/AlencarBraga13/status/1649960272570851328
JATTOBÁ,@Jattobah,https://twitter.com/Jattobah/status/1650027784582864897,2023-04-23T06:44:14.000Z,Querem abafar as jóias com uma gravata.,0,1,3,https://twitter.com/AlencarBraga13/status/1649960272570851328
Natan,@JotaPau18520138,https://twitter.com/JotaPau18520138/status/1650109110602350593,2023-04-23T12:07:24.000Z,"Existe uma cota diária de notícias negativas pro governo. Mas, essa da gravata chegou no fundo do poço.",1,1,7,https://twitter.com/AlencarBraga13/status/1649960272570851328
Sem anistia! Terroristas na prisão!,@Salmagnoni,https://twitter.com/Salmagnoni/status/1649972138684588032,2023-04-23T03:03:07.000Z,"Tenho mais paciência não, minha vontade é sair distribuindo tabefes na cara dessa gente! Mas é isso aqui, ó.",2,1,6,https://twitter.com/AlencarBraga13/status/1649960272570851328
Luiz Miranda,@LuizMir23516397,https://twitter.com/LuizMir23516397/status/1649989368730337284,2023-04-23T04:11:35.000Z,Enredo da grande novela chamada Brasil.,0,0,0,https://twitter.com/AlencarBraga13/status/1649960272570851328
Robson Vieira,@RobsonV23979,https://twitter.com/RobsonV23979/status/1650120397499629569,2023-04-23T12:52:15.000Z,O preconceito é com o maior bandido que já pisou em solo brasileiro,0,0,0,https://twitter.com/AlencarBraga13/status/1649960272570851328
