nome,usuario,idTweet,dataPublicacao,texto,replies,retweets,likes,tweetPai
Dep. Alencar Santana,@AlencarBraga13,https://twitter.com/AlencarBraga13/status/1649556962844049409,2023-04-21T23:33:21.000Z,A parte final do discurso.#CPIvaiPrenderBolsonaro,6,47,143,https://twitter.com/AlencarBraga13/status/1649555410473320451
Coronel Amaro (R1),@Amaro_Coronel,https://twitter.com/Amaro_Coronel/status/1649757233578754048,2023-04-22T12:49:10.000Z,"Kkkkk Era o ministro do ex-presidiário que estava na cena do crime. Aliás, segundo o vice-presidente, que está rindo à toa, petista adora uma cena de crime! Kkkkk",0,11,114,https://twitter.com/AlencarBraga13/status/1649555410473320451
Fernando Hoffmann Fr,@FH_Hoffmann,https://twitter.com/FH_Hoffmann/status/1649718738172641283,2023-04-22T10:16:12.000Z,Compras de milionário pra mim em Portugal e apenas uma TV por família pra você! Foi pra isso que vc fez o L! 👍👏,0,0,4,https://twitter.com/AlencarBraga13/status/1649555410473320451
Marcos,@gbdalmeida,https://twitter.com/gbdalmeida/status/1649886715371220993,2023-04-22T21:23:41.000Z,Quem é mentiroso?,0,0,4,https://twitter.com/AlencarBraga13/status/1649555410473320451
socorro carvalho.,@Socorro05219455,https://twitter.com/Socorro05219455/status/1649796023517159427,2023-04-22T15:23:18.000Z,👏👏👏👍👍,0,0,2,https://twitter.com/AlencarBraga13/status/1649555410473320451
KMR DF,@majorgabdf,https://twitter.com/majorgabdf/status/1649769091794698241,2023-04-22T13:36:17.000Z,"Vocês falam demais, depois vem à tona o verdadeiro mandante vão inventar outra mentira.",0,1,11,https://twitter.com/AlencarBraga13/status/1649555410473320451
Rony Locher,@rony_locher,https://twitter.com/rony_locher/status/1649753406787993602,2023-04-22T12:33:57.000Z,"Nossa, como vocês são ligeiros pra mudar de opinião! Meeeedo!",0,0,3,https://twitter.com/AlencarBraga13/status/1649555410473320451
Diogo Guimaraes,@DiogoGu59928632,https://twitter.com/DiogoGu59928632/status/1649604725724139520,2023-04-22T02:43:09.000Z,"Só não precisa esconder as imagens, né?!",1,0,5,https://twitter.com/AlencarBraga13/status/1649555410473320451
Odila Olivéira,@odilaros21,https://twitter.com/odilaros21/status/1649914547388416001,2023-04-22T23:14:16.000Z,O mandante foi Lula 🤡,0,0,0,https://twitter.com/AlencarBraga13/status/1649555410473320451
janaina,@janaina55265808,https://twitter.com/janaina55265808/status/1650232530526715904,2023-04-23T20:17:49.000Z,Estão desesperados!!!,0,0,0,https://twitter.com/AlencarBraga13/status/1649555410473320451
Junior Gomes,@JrGomes93,https://twitter.com/JrGomes93/status/1649924934741770243,2023-04-22T23:55:33.000Z,Por que vocês não querem a CPMI?,0,0,0,https://twitter.com/AlencarBraga13/status/1649555410473320451
Salomão,@Salomitto,https://twitter.com/Salomitto/status/1649898541781843969,2023-04-22T22:10:40.000Z,🤣🤣🤣 vitimizando o ocorrido.. é a cara da esquerda!,0,0,0,https://twitter.com/AlencarBraga13/status/1649555410473320451
Maria Luiza Oliveira Concilio,@ConcilioLuiza,https://twitter.com/ConcilioLuiza/status/1650245079229972483,2023-04-23T21:07:41.000Z,👏👏👏👏👏🤣🤣🤣,0,0,0,https://twitter.com/AlencarBraga13/status/1649555410473320451
Patrícia Lúcia,@bra1_lcia,https://twitter.com/bra1_lcia/status/1650484795804196864,2023-04-24T13:00:14.000Z,🤣🤣🤣🤣🤣,0,0,0,https://twitter.com/AlencarBraga13/status/1649555410473320451
José Almeida,@jcalmeida65,https://twitter.com/jcalmeida65/status/1649857000522813441,2023-04-22T19:25:36.000Z,"@AlencarBraga13 impressionante como esses esquerdalhas vivem na bolha da mentira .
Esse Alencar só posta 💩Só sabem mentir e roubar.
Fizeram de tudo para evitar a CPMI  . São tão fracos que , nem com rios de dinheiro ( público) , tiveram êxito .
Bateu o desespero .",0,0,0,https://twitter.com/AlencarBraga13/status/1649555410473320451
Hevellyn,@Hev58985163,https://twitter.com/Hev58985163/status/1649836061961461760,2023-04-22T18:02:24.000Z,"Ahhh tá!! Fala pra mim, por onde anda o nosso amigo Dino?!",0,0,0,https://twitter.com/AlencarBraga13/status/1649555410473320451
Gilson Pinheiro,@GilsonP43827228,https://twitter.com/GilsonP43827228/status/1649774693514194944,2023-04-22T13:58:32.000Z,Deve ter cheirado demais!,0,0,0,https://twitter.com/AlencarBraga13/status/1649555410473320451
Zeca T Francis,@ZecaFrancisco22,https://twitter.com/ZecaFrancisco22/status/1649845621602254848,2023-04-22T18:40:23.000Z,Quem está em desespero são vocês.,0,0,0,https://twitter.com/AlencarBraga13/status/1649555410473320451
Marco Gaia,@MarcoGaia10,https://twitter.com/MarcoGaia10/status/1649864804532641794,2023-04-22T19:56:37.000Z,😂😂😂😂😂😂,0,0,0,https://twitter.com/AlencarBraga13/status/1649555410473320451
Ronald Fernando Costa (Dado),@RFDado,https://twitter.com/RFDado/status/1649768856171212800,2023-04-22T13:35:21.000Z,"Esse aí é do bonde do ""não vi, não fiz, não sabia""... Vale nem o no da gravata que usa.",0,0,0,https://twitter.com/AlencarBraga13/status/1649555410473320451
Gilberto kerber,@Gilbertokerber2,https://twitter.com/Gilbertokerber2/status/1649874099181608962,2023-04-22T20:33:33.000Z,Kkkkkk,0,0,0,https://twitter.com/AlencarBraga13/status/1649555410473320451
LeoContagemMinasGerais,@leocontagem_mg,https://twitter.com/leocontagem_mg/status/1649846616902254592,2023-04-22T18:44:20.000Z,Vai chegar no mandante sim @AlencarBraga13 são os seus cumpanheiros @LulaOficial Dino entre outros da Cúpula do Partido Das Trevas,0,0,0,https://twitter.com/AlencarBraga13/status/1649555410473320451
Gidio Giunco Filho,@DinhoGidinho,https://twitter.com/DinhoGidinho/status/1649807503155142663,2023-04-22T16:08:55.000Z,Mas como este camarada é um verdadeiro Extrume..,0,0,0,https://twitter.com/AlencarBraga13/status/1649555410473320451
Maria Helena,@MariaHe09715222,https://twitter.com/MariaHe09715222/status/1649904367380623363,2023-04-22T22:33:49.000Z,"É agora só resta a esses bandidos ficar aí com essas narrativas
Nós gente do bem e abençoados por Deus estamos ansiosos porque agora os infiltrados a mando do capiroto de nove dedos vão ocupar o lugar deles "" cadeia"" e aqueles inocentes vão voltar pra casa",0,0,0,https://twitter.com/AlencarBraga13/status/1649555410473320451
Lion,@bigthunderlion,https://twitter.com/bigthunderlion/status/1649906936140185600,2023-04-22T22:44:02.000Z,Idiota é aquele que acha que sabe.,0,0,0,https://twitter.com/AlencarBraga13/status/1649555410473320451
margarethgolin@hotmail.com,margarethgolin@hotmail.com,https://twitter.com/margarethgolin/status/1649899407578394636,2023-04-22T22:14:07.000Z,"Não vejo a hora de começar a CPMI. Vai ser como a,reunião ministerial que Bolsonaro foi aclamado. O PT é rei de dar tiro no pé. 😆😆😆😇",0,0,0,https://twitter.com/AlencarBraga13/status/1649555410473320451
trago boas notícias #semanistia,@diasmelhoresbr,https://twitter.com/diasmelhoresbr/status/1649813765922144260,2023-04-22T16:33:48.000Z,"Parabéns, @lindberghfarias. Esse é o tom. Surreal está tentativa da oposição de reverter a história na base das fake news, mesmo tendo PROVAS feitas por eles mesmos do que aconteceu. Pós verdade tem limite. #SemAnistia #CPIdosGolpistas",0,0,3,https://twitter.com/AlencarBraga13/status/1649555410473320451
Jegaz,@Jegaz2,https://twitter.com/Jegaz2/status/1650101196969893890,2023-04-23T11:35:57.000Z,Isso vai depender de quanto vai custar!!!!,0,0,0,https://twitter.com/AlencarBraga13/status/1649555410473320451
BHI City,@jprcamposbahea,https://twitter.com/jprcamposbahea/status/1649757565281075200,2023-04-22T12:50:29.000Z,Rogério Correia é o da cueca?,0,0,1,https://twitter.com/AlencarBraga13/status/1649555410473320451
Cezar Oliveira,@Cezargoliveira,https://twitter.com/Cezargoliveira/status/1649767275942100993,2023-04-22T13:29:04.000Z,Kkkk pensa que engana alguém.,0,0,1,https://twitter.com/AlencarBraga13/status/1649555410473320451
marrttiello,@marrttiello,https://twitter.com/marrttiello/status/1649829394456760326,2023-04-22T17:35:54.000Z,A vai ca.gare,0,0,0,https://twitter.com/AlencarBraga13/status/1649555410473320451
Vaseni Araujo de castro,@VaseniC,https://twitter.com/VaseniC/status/1651782236105064448,2023-04-28T02:55:48.000Z,Meus parabéns eles tinham que ouvir exatamente isso tudo e mais ainda eu não tenho dúvidas vai ser um tiro no pé pessoas assim me faz saber que valeu a pena eu votaria de novo pt neles,0,0,0,https://twitter.com/AlencarBraga13/status/1649555410473320451
ma,@jnjalula,https://twitter.com/jnjalula/status/1649809407377649670,2023-04-22T16:16:29.000Z,ficaram nervosinhoooos @caterinacitou,0,0,0,https://twitter.com/AlencarBraga13/status/1649555410473320451
al mirh,@almiruol,https://twitter.com/almiruol/status/1649814858056056832,2023-04-22T16:38:08.000Z,"Eu tenho a convicção, que todos têm maioridade e responsabilidade de atos. O Brasil merece o melhor,...",0,0,0,https://twitter.com/AlencarBraga13/status/1649555410473320451
Isaque Santos,@IsaqueMsantos,https://twitter.com/IsaqueMsantos/status/1649789821529780228,2023-04-22T14:58:39.000Z,Kkkkkkkk acho que é o contrário qual o moral que esse deputado do PT tem kkkkk acho que alguns vermelhos vão se dá mal,0,0,0,https://twitter.com/AlencarBraga13/status/1649555410473320451
Alexandre Pedroso,@Alessara22,https://twitter.com/Alessara22/status/1649838948129144834,2023-04-22T18:13:52.000Z,"Os ptralhas estão surtando, desesperados...",0,0,0,https://twitter.com/AlencarBraga13/status/1649555410473320451
Carla Regina,@CarlaRe57134411,https://twitter.com/CarlaRe57134411/status/1649852442782101504,2023-04-22T19:07:29.000Z,O chefe de quadrilha de vocês está lá em Portugal mas uma vez passando vergonha,0,0,0,https://twitter.com/AlencarBraga13/status/1649555410473320451
Carla Amarante,@CarlaAm53882721,https://twitter.com/CarlaAm53882721/status/1649776811637882880,2023-04-22T14:06:57.000Z,"Adorei a manchete!!! Kkkk
Em desespero estão vocês!",0,0,0,https://twitter.com/AlencarBraga13/status/1649555410473320451
Wederson paulo silva,@wedersonpaulo2,https://twitter.com/wedersonpaulo2/status/1649876733611450368,2023-04-22T20:44:01.000Z,Parabéns vamos pegar todos,0,0,0,https://twitter.com/AlencarBraga13/status/1649555410473320451
MariangelaNappi,@Nappi2011,https://twitter.com/Nappi2011/status/1649764213282283520,2023-04-22T13:16:54.000Z,"Kkkkkk, acha que alguém que tem mais de dois neurônios acredita em vcs??? Sabe de nada inocente 😂😂😂😂😂😂😂😂😂😂😂😂😂😂😂",0,1,2,https://twitter.com/AlencarBraga13/status/1649555410473320451
VaiBrasil22,@brasil22_v,https://twitter.com/brasil22_v/status/1649804440356941825,2023-04-22T15:56:45.000Z,"O mais engraçado é que a narrativa de vcs não condiz com as suas atitudes!!
Agora vcs estão dizendo q a CPMI será um tiro no pé da direita??? Mas se realmente fosse isso vcs teriam assinado em massa o requerimento!!
Vcs mentem tanto q se perdem nela!!!",1,1,7,https://twitter.com/AlencarBraga13/status/1649555410473320451
Junior,@savianjr,https://twitter.com/savianjr/status/1649867182535327744,2023-04-22T20:06:04.000Z,"De duas coisas não se escapa, não importa quanto tempo passe.
A história e a justiça de Deus.
Vai enfrentar as duas.",0,0,0,https://twitter.com/AlencarBraga13/status/1649555410473320451
isaias De Araujo Silva,@isaias4721,https://twitter.com/isaias4721/status/1649904332366659589,2023-04-22T22:33:41.000Z,Isso é blefe! Ele já sabe o resultado. Lula é Ministros omissos. Orquestraram a invasão para dizer que tinha sido os Bolsonaristas. Lógico que houve o efeito manada. Mas premeditação foi crime contra a União.,0,0,0,https://twitter.com/AlencarBraga13/status/1649555410473320451
Zé Carlos - Curvelo,@jcarlosamartins,https://twitter.com/jcarlosamartins/status/1649774969587466241,2023-04-22T13:59:38.000Z,o melhor nas postagens da esquerda são os comentários rsrsrsrsr,0,0,0,https://twitter.com/AlencarBraga13/status/1649555410473320451
Paulo Ladislau,@pauloladislau,https://twitter.com/pauloladislau/status/1650260696981024768,2023-04-23T22:09:45.000Z,Pega a planilha da Odebrecht e vamos ver os apelidos kkk,0,0,0,https://twitter.com/AlencarBraga13/status/1649555410473320451
Paulo Borges,@pauloborges200,https://twitter.com/pauloborges200/status/1649830904557084676,2023-04-22T17:41:54.000Z,Sem problemas já chegou no Lula,0,0,0,https://twitter.com/AlencarBraga13/status/1649555410473320451
Paulo Borges,@pauloborges200,https://twitter.com/pauloborges200/status/1649831850259406848,2023-04-22T17:45:40.000Z,Quem estava pagando 60.000 pela retirada da assinatura tá blefando bem,0,0,0,https://twitter.com/AlencarBraga13/status/1649555410473320451
Bernadete Marinho,@BernadeteM57,https://twitter.com/BernadeteM57/status/1649859981053657089,2023-04-22T19:37:27.000Z,"Querem o protagonismo da CPMI para transformá-la em uma pantomima, já que a verdade vem surgindo…🤷🏻‍♀️",0,0,0,https://twitter.com/AlencarBraga13/status/1649555410473320451
FIDEL FERREIRA LEITE,@fidelleite,https://twitter.com/fidelleite/status/1649934499679989763,2023-04-23T00:33:33.000Z,O Lula segue em missão: distribuindo bandagens pelo mundo.  Dando continuidade ao presidente anterior.,0,0,0,https://twitter.com/AlencarBraga13/status/1649555410473320451
tenorio77,@tenoriooriginal,https://twitter.com/tenoriooriginal/status/1650058779591864321,2023-04-23T08:47:24.000Z,"Oxe...se o que vcs mais querem, é PHUDER o 22, porque vcs não foram os primeiros a querer a instalação da CPMI??? Porque o seu governo quis e queria IMPEDIR a CPMI? Oportunidade de 🥇 para lascar o Bolso, e vcs jogando fora?? EXPLICA ISSO POR FAVOR!?",0,0,0,https://twitter.com/AlencarBraga13/status/1649555410473320451
Normal 22,@WagnerR36926180,https://twitter.com/WagnerR36926180/status/1649933800070172674,2023-04-23T00:30:46.000Z,Tente a sorte. Vamos deixar o tempo revelar tudo.,0,0,0,https://twitter.com/AlencarBraga13/status/1649555410473320451
Leandro,@SalmosCante,https://twitter.com/SalmosCante/status/1649911842624487432,2023-04-22T23:03:31.000Z,"Sei não... vai acabar dizendo que fulano avisou fulano, que avisou fulano, que avisou fulano, que avisou o Brahma e ele nada fez pra coibir a baderna pq achou, na cabeca dele, que teria algum ganho politico com isso",0,0,0,https://twitter.com/AlencarBraga13/status/1649555410473320451
Gilson Marques,@GilsonM63975590,https://twitter.com/GilsonM63975590/status/1650078364605075458,2023-04-23T10:05:13.000Z,Kkkkkkkkkkkkkkk.........fala sério esse pózeiro ?????....sério ????,0,0,0,https://twitter.com/AlencarBraga13/status/1649555410473320451
joao carlos,@joaocalmeida11,https://twitter.com/joaocalmeida11/status/1649910386974498816,2023-04-22T22:57:44.000Z,"Começando pelo ministro, chefe do GSI.... Como a Nine mesmo disse, alguém abriu as portas para a invasão..... De fato.",0,0,0,https://twitter.com/AlencarBraga13/status/1649555410473320451
Ale Reforma na construção,@AleConstrucao,https://twitter.com/AleConstrucao/status/1650161841706868737,2023-04-23T15:36:56.000Z,"Vcs estão todos com medo depois que foi revelado pela impressa...
Já caiu um só faltam 2 Lula e o dino Sauro...",0,0,0,https://twitter.com/AlencarBraga13/status/1649555410473320451
roberta tinois,@RobertaTinois,https://twitter.com/RobertaTinois/status/1649903324240461825,2023-04-22T22:29:40.000Z,Ah é??tamo desesperados??kkkk sei quem tá,0,0,0,https://twitter.com/AlencarBraga13/status/1649555410473320451
Roberto Ferracciu,@RobertoFerracc2,https://twitter.com/RobertoFerracc2/status/1649754849918033924,2023-04-22T12:39:41.000Z,Interessante se Bolsonaro é o mandante pq vcs sempre foram contra a CPMI?,0,1,9,https://twitter.com/AlencarBraga13/status/1649555410473320451
dhwarrior,@dhwarrior,https://twitter.com/dhwarrior/status/1649816865357668352,2023-04-22T16:46:07.000Z,Xiii … parece q “Lindinho” tah meio devagar … será q o tico queimou?,1,0,0,https://twitter.com/AlencarBraga13/status/1649555410473320451
Diego Veronesi,@diegoveronesi10,https://twitter.com/diegoveronesi10/status/1649763706014711810,2023-04-22T13:14:53.000Z,Mas porque não aceitaram antes...?,0,0,0,https://twitter.com/AlencarBraga13/status/1649555410473320451
edileusa rodrigues freires,@EdileusaFreires,https://twitter.com/EdileusaFreires/status/1649822987669864449,2023-04-22T17:10:27.000Z,"Quem estava dentro do Planalto não era o Presidente @jairbolsonaro era o ministro e agirá ex ministro do GSI ,que aliás o STF nem coragem de prender  os patriotas  o secretário de justiça do DF afastar o governador do df ,mas a mexer no vespeiro do @exercitooficial nem pensar",0,0,0,https://twitter.com/AlencarBraga13/status/1649555410473320451
ACastro,@ACastro8588,https://twitter.com/ACastro8588/status/1649580370537463808,2023-04-22T01:06:22.000Z,Oremos…,0,0,0,https://twitter.com/AlencarBraga13/status/1649555410473320451
Karla Valviesse,@ValviesseKarla,https://twitter.com/ValviesseKarla/status/1649759983368544258,2023-04-22T13:00:05.000Z,#decoropolítico,0,0,0,https://twitter.com/AlencarBraga13/status/1649555410473320451
Alexandre F Aldecoa,@AFAldecoa,https://twitter.com/AFAldecoa/status/1649864580552589312,2023-04-22T19:55:43.000Z,Caraca e porque tanto medo???,0,0,0,https://twitter.com/AlencarBraga13/status/1649555410473320451
Dr Claudio Agualusa,@CAgualusa,https://twitter.com/CAgualusa/status/1649792539354963968,2023-04-22T15:09:27.000Z,Precisa desenhar?,0,0,1,https://twitter.com/AlencarBraga13/status/1649555410473320451
Lu Sapelli,@LucianaSV29,https://twitter.com/LucianaSV29/status/1649797300368146434,2023-04-22T15:28:22.000Z,"Mas é muita cara de pau 

Agora que a casa caiu ele quer assumir a CPMI  que até ontem era contra 

Conta outra 🤡🤡🤡",1,0,4,https://twitter.com/AlencarBraga13/status/1649555410473320451
Marco Meira,@mmeira_marco,https://twitter.com/mmeira_marco/status/1649791528217264129,2023-04-22T15:05:26.000Z,Uhuhahaha. Boa! Chupa @FMouraBrasil,0,0,1,https://twitter.com/AlencarBraga13/status/1649555410473320451
Marquinho Júnior,@MarquinhoJnior4,https://twitter.com/MarquinhoJnior4/status/1649810009847484417,2023-04-22T16:18:52.000Z,"O chefe do GSI em 2023, estava sobre o comando de @jairbolsonaro ?????
Mais o atual presidente não é o @LulaOficial ????
Não entendi.....☹️",0,0,0,https://twitter.com/AlencarBraga13/status/1649555410473320451
