nome,usuario,idTweet,dataPublicacao,texto,replies,retweets,likes,tweetPai
#DitaduraNuncaMais,@DraIracema_,https://twitter.com/DraIracema_/status/1649200060763189248,2023-04-20T23:55:09.000Z,"Foi preso tentando fugir para a Russia! Foi um baita gesto do Governo Árabe, vez que nem Acordo de Extradição existe com o Brasil. Isso chama-se Prestígio do Estadista Lula🦑 Como não estar feliz por ter feito o “L” ? 👏👏👏👏👏👏",0,0,1,https://twitter.com/BohnGass/status/1649009779560284160
#DitaduraNuncaMais,@DraIracema_,https://twitter.com/DraIracema_/status/1649200183010369537,2023-04-20T23:55:38.000Z,Bem Feito!,0,0,1,https://twitter.com/BohnGass/status/1649009779560284160
Vitor Nunes,@TitoGremistazo,https://twitter.com/TitoGremistazo/status/1649186753620631553,2023-04-20T23:02:17.000Z,Que legal 😎 ligeirinho estará na rua 🇧🇷😎,1,0,0,https://twitter.com/BohnGass/status/1649009779560284160
Lúcia,@LuciaLeitao2021,https://twitter.com/LuciaLeitao2021/status/1649017966418096129,2023-04-20T11:51:35.000Z,E Alan dos Santos?,1,0,4,https://twitter.com/BohnGass/status/1649009779560284160
Sonta Systems,@SontaSystems,https://twitter.com/SontaSystems/status/1649153638495842343,2023-04-20T20:50:41.000Z,Estupro está diretamente associado a armas? Isso é o que chamo de lógica Tabajara.,0,0,0,https://twitter.com/BohnGass/status/1649009779560284160
Teresinha Aguiar.,@TTaguiar65,https://twitter.com/TTaguiar65/status/1649190072049102851,2023-04-20T23:15:28.000Z,Amo Esse Lula,0,0,1,https://twitter.com/BohnGass/status/1649009779560284160
Flor de Maria,@FlordeM73334138,https://twitter.com/FlordeM73334138/status/1649136177490939906,2023-04-20T19:41:18.000Z,👏👏👏👏🇧🇷🇧🇷⚘,0,0,1,https://twitter.com/BohnGass/status/1649009779560284160
