nome,usuario,idTweet,dataPublicacao,texto,replies,retweets,likes,tweetPai
mari,@marinogs,https://twitter.com/marinogs/status/1649446038833381376,2023-04-21T16:12:35.000Z,"Parabéns @cabogilberto   👏👏👏O BNDES é nosso, e somos nós quem pagamos, através de impostos. Os investimentos tem que ser aqui no Brasil",1,0,1,https://twitter.com/cabogilberto/status/1649415135851696132
Sávio Siqueira,@saviosiqueira,https://twitter.com/saviosiqueira/status/1649451579441926144,2023-04-21T16:34:36.000Z,"Mas não é seu chefe que ama a ditadura, inclusive tem como herói o monstro Brilhante Ustra?",1,0,2,https://twitter.com/cabogilberto/status/1649415135851696132
FRANCO,@rsf0000_franco,https://twitter.com/rsf0000_franco/status/1649457100009996289,2023-04-21T16:56:32.000Z,Congresso nacional quer se intrometer no que um banco pode fazer? Que porra de Direita é essa? Querem usar a força do Estado para tudo? E ainda pregam a liberdade 🤣,0,0,0,https://twitter.com/cabogilberto/status/1649415135851696132
Mordomia_SC,@MORDOMIA_SC,https://twitter.com/MORDOMIA_SC/status/1649474843773902872,2023-04-21T18:07:03.000Z,"Brasil não empresta para países, financia apenas empresas brasileiras, para exportar serviços e produtos.",0,0,1,https://twitter.com/cabogilberto/status/1649415135851696132
Mordomia_SC,@MORDOMIA_SC,https://twitter.com/MORDOMIA_SC/status/1649475142421041152,2023-04-21T18:08:14.000Z,"Sabe quantos projetos iguais a esse, já tramitam no congresso? ...porque mais um? Pra lacrar nas redes sociais? Pra engabelar seguidores?",0,0,0,https://twitter.com/cabogilberto/status/1649415135851696132
James guia,@JamesAlfredx,https://twitter.com/JamesAlfredx/status/1649748501755056129,2023-04-22T12:14:28.000Z,Nobre deputado tem razão.,0,0,0,https://twitter.com/cabogilberto/status/1649415135851696132
Vendedor 2,@2Vendedor29,https://twitter.com/2Vendedor29/status/1649431093286776832,2023-04-21T15:13:12.000Z,Com força pra cima dessa quadrilha que se estalou no Brasil,0,0,0,https://twitter.com/cabogilberto/status/1649415135851696132
Rose,@Rose65313391,https://twitter.com/Rose65313391/status/1649447748872142851,2023-04-21T16:19:23.000Z,"Parabéns isso mesmo o dinheiro e para o povo brasileiro , não para ditadores",0,0,0,https://twitter.com/cabogilberto/status/1649415135851696132
Cristiane,@Cristia13308328,https://twitter.com/Cristia13308328/status/1649600617097093120,2023-04-22T02:26:49.000Z,👏👏👏👏👏👏,0,0,0,https://twitter.com/cabogilberto/status/1649415135851696132
Cidadão de Bem,@cidadaodebembr,https://twitter.com/cidadaodebembr/status/1649467597337796626,2023-04-21T17:38:15.000Z,"Eu já vi burro pesquisando no jusbrasil mas esse ""projeto"" superou viu 🤣🤣🤣🤣",0,1,0,https://twitter.com/cabogilberto/status/1649415135851696132
Damazio,@Damazio26926756,https://twitter.com/Damazio26926756/status/1649464539853799424,2023-04-21T17:26:06.000Z,Sabe o que é banco de fomento,0,0,1,https://twitter.com/cabogilberto/status/1649415135851696132
Alessio Lima,@jalles_gomes,https://twitter.com/jalles_gomes/status/1649688924191686657,2023-04-22T08:17:43.000Z,Orgulho do meu voto!,0,0,0,https://twitter.com/cabogilberto/status/1649415135851696132
GLima,@gilvanlima1806,https://twitter.com/gilvanlima1806/status/1649481592769748997,2023-04-21T18:33:52.000Z,"👏👏👏 Agora, é aprovar esse PL para virar logo lei e acabar com essa farra de dinheiro de brasileiros para outros países!💪🇧🇷",0,0,0,https://twitter.com/cabogilberto/status/1649415135851696132
@borgesmiguel,@borgesmiguel,https://twitter.com/borgesmiguel4/status/1650075391309107200,2023-04-23T09:53:24.000Z,O maravilhoso da democracia é isso: Pessoas que deveriam falar do entendem.. se aventuram em assuntos técnicos: um alfaiate deveria falar somente de ternos...!,0,0,0,https://twitter.com/cabogilberto/status/1649415135851696132
Marcelo Nunes,@Marcelo17404702,https://twitter.com/Marcelo17404702/status/1649563290408828928,2023-04-21T23:58:30.000Z,Rt,0,0,0,https://twitter.com/cabogilberto/status/1649415135851696132
Paty,@Paty90996764,https://twitter.com/Paty90996764/status/1649425404275326979,2023-04-21T14:50:35.000Z,Espero que seja aprovado! 🤔,0,0,0,https://twitter.com/cabogilberto/status/1649415135851696132
Marco,@Marco01696871,https://twitter.com/Marco01696871/status/1649417282060181512,2023-04-21T14:18:19.000Z,"@tencelzucco @carlosjordy @deltanmd @OsmarTerra @marcelvanhattem 

Tem que por um
Freio na gastança do nosso dinheiro e vamos caloteiros",0,0,0,https://twitter.com/cabogilberto/status/1649415135851696132
Marcia Carneiro Reis,@marciacreis38,https://twitter.com/marciacreis38/status/1649705600253665280,2023-04-22T09:23:59.000Z,Escuta o ódio da extrema esquerda lulopetista contra a humanidade e a paz,0,0,0,https://twitter.com/cabogilberto/status/1649415135851696132
Helene Gonçalves,@HeleneGonalves5,https://twitter.com/HeleneGonalves5/status/1649653817590403080,2023-04-22T05:58:13.000Z,Vai liberar 7 bi p empréstimo internacional 🤦‍♀️,0,0,0,https://twitter.com/cabogilberto/status/1649415135851696132
Joao Do Canto,@JoaoDoCanto4,https://twitter.com/JoaoDoCanto4/status/1649538857954680833,2023-04-21T22:21:25.000Z,"Por isso espero que a polícia federal e o STF, já estejam investigando esses financiadores de terroristas, que sejam cassados e presos.",0,0,1,https://twitter.com/cabogilberto/status/1649415135851696132
Alberto dos Santos,@Alberto69625703,https://twitter.com/Alberto69625703/status/1649535679016083458,2023-04-21T22:08:47.000Z,👏👏👏👊🇧🇷,0,0,0,https://twitter.com/cabogilberto/status/1649415135851696132
Andiamomeno,@Andiamomeno1,https://twitter.com/Andiamomeno1/status/1649632442746118144,2023-04-22T04:33:17.000Z,Cê não é tão imbecil ao ponto de não conseguir explicar este assunto. Ou é?,0,0,0,https://twitter.com/cabogilberto/status/1649415135851696132
Moisés Nazareno,@moisesnazareno,https://twitter.com/moisesnazareno/status/1649456685310771215,2023-04-21T16:54:53.000Z,"Imagina vcs nao puderem fazer alguma coisa sem autorização de outro órgão? Vai transar, retardado",0,0,1,https://twitter.com/cabogilberto/status/1649415135851696132
@SEMPREFIZOL13,@SEMPREFIZOL13,https://twitter.com/tranqui94723884/status/1649575523876495361,2023-04-22T00:47:07.000Z,"Vdd, o DITADOR frustrado saiu, ops fugiu pra nação opressora do mundo e retornar para pátria mãe gentil, logo ele que entrava que um filho seu não foge a luta,e tá com medonho de ir pra cela",0,0,0,https://twitter.com/cabogilberto/status/1649415135851696132
Eduardo Amaral,@AmaralPeribe,https://twitter.com/AmaralPeribe/status/1649419405284069380,2023-04-21T14:26:45.000Z,Deputados precisamos ter acesso aos gastos com as emissoras de TV e toda imprensa,0,0,0,https://twitter.com/cabogilberto/status/1649415135851696132
