nome,usuario,idTweet,dataPublicacao,texto,replies,retweets,likes,tweetPai
Paulo Belotti,@paulobelotti81,https://twitter.com/paulobelotti81/status/1649850488676835329,2023-04-22T18:59:43.000Z,e guarulhos deputado.,0,0,0,https://twitter.com/AlencarBraga13/status/1649780626545885184
ABI,@ABII32561483,https://twitter.com/ABII32561483/status/1649787898118520835,2023-04-22T14:51:01.000Z,"Não esqueça desse indivíduo aqui, que deve ir para a cadeia",0,0,0,https://twitter.com/AlencarBraga13/status/1649780626545885184
ABI,@ABII32561483,https://twitter.com/ABII32561483/status/1649806663782735880,2023-04-22T16:05:35.000Z,Esses “militares” ainda estão soltos por quê? O Brasil ainda tem “exército” ou virou quadrilha?,0,0,0,https://twitter.com/AlencarBraga13/status/1649780626545885184
Marisa victorio da silva,@victorio_marisa,https://twitter.com/victorio_marisa/status/1649794174948978694,2023-04-22T15:15:57.000Z,"Guaianases - Zona Leste - ZL São Paulo 🏠🏠🏠✔️Moradia é direito constitucional de cada pessoa e é OBRIGAÇÃO dos governos garantirem isso. Estou com o vereador @AlessandroGuede no Jardim Roseira, Guaianases, zona leste de São Paulo, onde a população vive há mais de 10 anos e +",0,0,0,https://twitter.com/AlencarBraga13/status/1649780626545885184
Marisa victorio da silva,@victorio_marisa,https://twitter.com/victorio_marisa/status/1649794467052781568,2023-04-22T15:17:07.000Z,agora está ameaçada de despejo pelo @tarcisiogdf,0,0,0,https://twitter.com/AlencarBraga13/status/1649780626545885184
