nome,usuario,idTweet,dataPublicacao,texto,replies,retweets,likes,tweetPai
Marcinha Santos,@mandreia,https://twitter.com/mandreia/status/1649190574224703488,2023-04-20T23:17:28.000Z,Disse a alma mais honesta do mundo!!😈😈😈😈😈😍,1,1,1,https://twitter.com/cabogilberto/status/1649182123058688000
BOLSOTARCISIOGUEDES,@DavidRi66650282,https://twitter.com/DavidRi66650282/status/1649185894002204673,2023-04-20T22:58:52.000Z,Kkkkk,0,0,1,https://twitter.com/cabogilberto/status/1649182123058688000
Maroka,@Mari_A_S,https://twitter.com/Mari_A_S/status/1649458165669298176,2023-04-21T17:00:46.000Z,Bolsonaro tb não sabia das jóias neh?,0,0,0,https://twitter.com/cabogilberto/status/1649182123058688000
josefa natalice da s,@JosefaNatalice,https://twitter.com/JosefaNatalice/status/1649208740145504256,2023-04-21T00:29:39.000Z,Ou menino inocente kkkkk,0,0,0,https://twitter.com/cabogilberto/status/1649182123058688000
