nome,usuario,idTweet,dataPublicacao,texto,replies,retweets,likes,tweetPai
Fátima Neves,@NevessFatima,https://twitter.com/NevessFatima/status/1649413905993588738,2023-04-21T14:04:54.000Z,"Não ouvi ainda... medo da minha reação, nãos sei se de felicidade pela publicização do ""mau caratismo "" ou imediata ânsia de vômito.",0,0,1,https://twitter.com/BohnGass/status/1649411668034682882
Mariah,@Mariaaah_Vieira,https://twitter.com/Mariaaah_Vieira/status/1649519416223178756,2023-04-21T21:04:10.000Z,"Bolsonaro a dois passos do condomínio Vivenda da Papuda? 
A ver...",0,0,0,https://twitter.com/BohnGass/status/1649411668034682882
Fred Campos,@FredCampos1972,https://twitter.com/FredCampos1972/status/1649547910734856192,2023-04-21T22:57:23.000Z,Fica quieto Bun Das,0,0,0,https://twitter.com/BohnGass/status/1649411668034682882
Du Dellamutta,@DDellamutta,https://twitter.com/DDellamutta/status/1649482634517520384,2023-04-21T18:38:00.000Z,Vá se tratar.,0,0,1,https://twitter.com/BohnGass/status/1649411668034682882
LuBack,@ElessiBack,https://twitter.com/ElessiBack/status/1649436749213454340,2023-04-21T15:35:40.000Z,O que o Lula tá fazendo na presidência? Ladrão comprovado quer o que ? Esse sim jamais poderia concorrer a nenhum cargo público..,0,0,0,https://twitter.com/BohnGass/status/1649411668034682882
CARLOS OLIVEIRA,@CARLOSO88537913,https://twitter.com/CARLOSO88537913/status/1649736867409977346,2023-04-22T11:28:14.000Z,Cadê as joias que o casal de DILMOS surrupiou da presidência?desse vc não fala? Ou como sempre os picanheiros não tem memória kkkkk inimigo do Brasil!,0,0,0,https://twitter.com/BohnGass/status/1649411668034682882
Ana,@Ana19606,https://twitter.com/Ana19606/status/1649521370156478470,2023-04-21T21:11:55.000Z,E financiar golpe dá o que?,0,0,0,https://twitter.com/BohnGass/status/1649411668034682882
DANIEL DOMINGUES,@DANIELD20172338,https://twitter.com/DANIELD20172338/status/1649732640596021248,2023-04-22T11:11:26.000Z,"Esquerdinha pequeno burguesa ""Desorientada politicamente"" fica facilitando Leis autoritárias e antidemocráticas porque não conhece a realidade do POVO BRASILEIRO
Estão criando Leis para facilitar a vida  DITADURA de um futuro Governo de DIREITA. ACORDA PT",0,0,0,https://twitter.com/BohnGass/status/1649411668034682882
