nome,usuario,idTweet,dataPublicacao,texto,replies,retweets,likes,tweetPai
Lula L é amor,@Odara_100,https://twitter.com/Odara_100/status/1649523283149176833,2023-04-21T21:19:32.000Z,"Indiquem o deputado @AndreJanonesAdv como Relator 
Ele é imparcial e fará um ótimo trabalho",0,0,4,https://twitter.com/AlencarBraga13/status/1649516136583634951
RCandeu #Lula13 é o nosso Presidente,@laico_brasil,https://twitter.com/laico_brasil/status/1649518662347288577,2023-04-21T21:01:10.000Z,Vai juntando os vídeos,0,0,0,https://twitter.com/AlencarBraga13/status/1649516136583634951
Democracia e Liberdade,@Mesquit67341388,https://twitter.com/Mesquit67341388/status/1649562828284612611,2023-04-21T23:56:40.000Z,Pois eu tenho,0,0,0,https://twitter.com/AlencarBraga13/status/1649516136583634951
Dani Jaming,@dani_jaming,https://twitter.com/dani_jaming/status/1649561143633903618,2023-04-21T23:49:58.000Z,adorei que vcs mudaram de ideia e vão apavorar esses golpistas 🫶,0,0,2,https://twitter.com/AlencarBraga13/status/1649516136583634951
mary má,@zurenemanique,https://twitter.com/zurenemanique/status/1649517146915872768,2023-04-21T20:55:09.000Z,Pra cima dos golpistas,0,0,0,https://twitter.com/AlencarBraga13/status/1649516136583634951
Marisa victorio da silva,@victorio_marisa,https://twitter.com/victorio_marisa/status/1649533185867350024,2023-04-21T21:58:53.000Z,"Ok. Agora não fujam - vão se arrepender!✔️Pediram CPI.Dissemos com todas as letras: QUEREMOS GOVERNAR e reconstruir o país.

Insistiram.Invadiram reunião no Senado. O embaichapeiro ameaçou agredir @deputadomarcon(mas na hora H não teve coragem de levantar um dedo), tentaram +",0,0,0,https://twitter.com/AlencarBraga13/status/1649516136583634951
Marisa victorio da silva,@victorio_marisa,https://twitter.com/victorio_marisa/status/1649533518014185474,2023-04-21T22:00:12.000Z,"se fazer de vítimas...

Ok. Agora não fujam!",0,0,0,https://twitter.com/AlencarBraga13/status/1649516136583634951
Draiton Lima,@DraitonLima1,https://twitter.com/DraitonLima1/status/1649527800506793984,2023-04-21T21:37:29.000Z,pra nossa sorte os bolsoacéfalos são muito Burros.,0,0,0,https://twitter.com/AlencarBraga13/status/1649516136583634951
Vinicius #Vasco #FazoL,@ViniciusAcioly3,https://twitter.com/ViniciusAcioly3/status/1649527770274299904,2023-04-21T21:37:21.000Z,Pra cima deles Alencar!,0,0,0,https://twitter.com/AlencarBraga13/status/1649516136583634951
Nilcea De Moura Jardim,@jardim_nilcea,https://twitter.com/jardim_nilcea/status/1649536256148140033,2023-04-21T22:11:05.000Z,Bla bla bla babaca.,0,0,0,https://twitter.com/AlencarBraga13/status/1649516136583634951
Adriana Cavalcante,@Adriana19249936,https://twitter.com/Adriana19249936/status/1649826640908648449,2023-04-22T17:24:58.000Z,"Cadê seu presidente mesmo? Portugal, fugindo do Brasil, fugindo do parlamento português, do povo nas ruas daqui, de lá, pois é,  eleições onde o candidato não tem moral, ética e povo a favor da nisso, vira um paria internacional, não vamos  engolir vcs de novo, o povo é soberano",0,0,0,https://twitter.com/AlencarBraga13/status/1649516136583634951
JD,@Muttley33,https://twitter.com/Muttley33/status/1649531166423220226,2023-04-21T21:50:51.000Z,Conversa fiada. Governo tentou barrar de todos os modos a CPI por temer ser desmascarado,0,0,0,https://twitter.com/AlencarBraga13/status/1649516136583634951
Luciano Aguiar,@Luciano31369221,https://twitter.com/Luciano31369221/status/1649539464534917123,2023-04-21T22:23:49.000Z,"E vocês, não roubem!",0,0,0,https://twitter.com/AlencarBraga13/status/1649516136583634951
Luiz,@Luizdopt13,https://twitter.com/Luizdopt13/status/1649520045746270210,2023-04-21T21:06:40.000Z,👏🏼👏🏼👏🏼👏🏼👏🏼👏🏼 provas é que não falta se depois dessa cpmi tiver ao menos dois parlamentares do PL cassados já tá bom 🙌,0,0,0,https://twitter.com/AlencarBraga13/status/1649516136583634951
Frida de Kahlo está muito feliz,@Vanessadoemedu1,https://twitter.com/Vanessadoemedu1/status/1649517190612131842,2023-04-21T20:55:19.000Z,"Ah...os GOLPISTAS já tão pedido penico é?

Ainda nem começou!

Pra cima deles!

Uma selfie golpista!",0,0,2,https://twitter.com/AlencarBraga13/status/1649516136583634951
RCandeu #Lula13 é o nosso Presidente,@laico_brasil,https://twitter.com/laico_brasil/status/1649518905747185664,2023-04-21T21:02:08.000Z,"Olha issoooo
Os infiltrados comunistas em ação 🤣🤣🤣🤣",1,2,3,https://twitter.com/AlencarBraga13/status/1649516136583634951
Alberton Viana,@albertonviana,https://twitter.com/albertonviana/status/1649524475581329408,2023-04-21T21:24:16.000Z,Quem ta fujindo 😂😂 eu li o Regimento Interno do congresso sei como funciona infelizmente o twitter nao tem como adicionar arquivo em PDF todo coloquem no google baixar regime interno do congresso nacional e dei uma lida  o PT só consegue colocar dois pra presidencia da cpmi,1,0,0,https://twitter.com/AlencarBraga13/status/1649516136583634951
ABI,@ABII32561483,https://twitter.com/ABII32561483/status/1649543997092769792,2023-04-21T22:41:50.000Z,"Esse ma rg in al aqui tem que ser cassado e preso, ele tem participação nos atos terorristas e faz parte da ORCRIM dos fake News",0,0,0,https://twitter.com/AlencarBraga13/status/1649516136583634951
ABI,@ABII32561483,https://twitter.com/ABII32561483/status/1649544736510713858,2023-04-21T22:44:46.000Z,"Olha aqui uma desorientada espalhando fake News, isso não vem dela, vem do zap mantido por grandes organizações criminosas, provavelmente “chefiadas” pelo Carluxo, isso tem relevância na investigação e punição desses atos",0,0,0,https://twitter.com/AlencarBraga13/status/1649516136583634951
HHS,@HHS070170,https://twitter.com/HHS070170/status/1649541078456868864,2023-04-21T22:30:14.000Z,#CPMIDosGolpistas,0,0,1,https://twitter.com/AlencarBraga13/status/1649516136583634951
NordestecoMito,@manafrios,https://twitter.com/manafrios/status/1649557318852386817,2023-04-21T23:34:46.000Z,Vamo vê,0,0,0,https://twitter.com/AlencarBraga13/status/1649516136583634951
Musmee,@musmeeee,https://twitter.com/musmeeee/status/1649522509769744385,2023-04-21T21:16:27.000Z,"Só dele levantar o cara borrou a cueca, meu! 🤣🤣🤣🤣 Blz, velho! É só trocar e segue o jogo! 🤣🤣🤣🤣🤣",0,0,0,https://twitter.com/AlencarBraga13/status/1649516136583634951
fdasilv,@fdasilv2,https://twitter.com/fdasilv2/status/1649835045106884610,2023-04-22T17:58:21.000Z,"Lula ladrão, mentiroso, corrupto e canalha",0,0,0,https://twitter.com/AlencarBraga13/status/1649516136583634951
