nome,usuario,idTweet,dataPublicacao,texto,replies,retweets,likes,tweetPai
Retlaw BK,@BkRetlaw,https://twitter.com/BkRetlaw/status/1649478859388067840,2023-04-21T18:23:00.000Z,"Ela pensa que é ou se sente ser um sábio Judeu, para vomitar uma idiotice dessa.",2,0,0,https://twitter.com/cabogilberto/status/1649469669873426437
Leila,@Leila_Durja,https://twitter.com/Leila_Durja/status/1649486415124733954,2023-04-21T18:53:01.000Z,"JURA? Há alguns religiosos, MERCADORES da fé, que também. Topam tudo por dinheiro.",7,0,0,https://twitter.com/cabogilberto/status/1649469669873426437
Simone Melo,@SimoneM91208242,https://twitter.com/SimoneM91208242/status/1649507695353905155,2023-04-21T20:17:35.000Z,Surtou?,1,0,0,https://twitter.com/cabogilberto/status/1649469669873426437
Vendedor 2,@2Vendedor29,https://twitter.com/2Vendedor29/status/1649714697078185984,2023-04-22T10:00:08.000Z,"Precisa não Xuxa, para o lugar que você vai passar à eternidade. Você não vai precisar dela?",1,0,0,https://twitter.com/cabogilberto/status/1649469669873426437
Moisés Gama,@MoissGama12,https://twitter.com/MoissGama12/status/1649578203432853504,2023-04-22T00:57:46.000Z,Essa mulher está tão sumida que faz de tudo para a parecer é uma vergonha sem fim,2,0,0,https://twitter.com/cabogilberto/status/1649469669873426437
Diego Destro,@diego_destro2,https://twitter.com/diego_destro2/status/1649495430823317506,2023-04-21T19:28:51.000Z,"A única forma dessa mulher ficar em ""evidência"" é dessa forma, através de polêmicas...pq do resto,  ninguém mais lembraria dela.",1,0,0,https://twitter.com/cabogilberto/status/1649469669873426437
Jack,@Jack05626036,https://twitter.com/Jack05626036/status/1649518310935896069,2023-04-21T20:59:46.000Z,Insana!!!,2,0,0,https://twitter.com/cabogilberto/status/1649469669873426437
Marlo Przygoda,@PrzygodaMarlo,https://twitter.com/PrzygodaMarlo/status/1649826029815447554,2023-04-22T17:22:32.000Z,"Parem de dar audiência para coisas inúteis. Logo se passam 4 anos e nem a maioridade penal vocês resolvem, como fizeram nos 4 últimos anos.",0,0,0,https://twitter.com/cabogilberto/status/1649469669873426437
V s Hungria,@Hungria01555060,https://twitter.com/Hungria01555060/status/1649776006608158721,2023-04-22T14:03:45.000Z,"Ela precisa aparecer de alguma maneira, nem que seja pra falar merda, uma imoral querer reescrever as escrituras sagradas, a palavra se cumpre.",4,0,0,https://twitter.com/cabogilberto/status/1649469669873426437
Targino targino,@Targinotargino2,https://twitter.com/Targinotargino2/status/1649511433032331266,2023-04-21T20:32:26.000Z,"Que mulher ridícula, só pode ser satanista!",0,0,0,https://twitter.com/cabogilberto/status/1649469669873426437
Michael,@Michael77242404,https://twitter.com/Michael77242404/status/1649476621970055183,2023-04-21T18:14:07.000Z,⬆️⬆️⬆️🚨FAKE NEWS 🚨⬆️⬆️⬆️,0,0,1,https://twitter.com/cabogilberto/status/1649469669873426437
