nome,usuario,idTweet,dataPublicacao,texto,replies,retweets,likes,tweetPai
AHoradoPato,@HoradoPato,https://twitter.com/HoradoPato/status/1649480300282388494,2023-04-21T18:28:44.000Z,"📷Dep. Alencar Sacana 171@AlencarBraga1324 min
anunciou o repasse de R$ 2,44 bilhões às instituições de ensino. A recomposição vai a permitir o aparelhamento das Universidades e formar militantes comunistas. Faz o L! #ACorrupçãovoltou corrupção pública voltou!@MulaOficial 171",0,0,0,https://twitter.com/AlencarBraga13/status/1649473069654876160
Marisa victorio da silva,@victorio_marisa,https://twitter.com/victorio_marisa/status/1649486716485488650,2023-04-21T18:54:13.000Z,universidades e institutos federais dos últimos anos.Faz o L!👆,0,0,0,https://twitter.com/AlencarBraga13/status/1649473069654876160
Marisa victorio da silva,@victorio_marisa,https://twitter.com/victorio_marisa/status/1649486764409606167,2023-04-21T18:54:25.000Z,👏🏽👏🏽👏🏽,0,0,0,https://twitter.com/AlencarBraga13/status/1649473069654876160
Marisa victorio da silva,@victorio_marisa,https://twitter.com/victorio_marisa/status/1649488137251442688,2023-04-21T18:59:52.000Z,"#obrasilvoltou 🗣️🪑🗣️🪑🗣️🪑  a importância do diálogo - Faz o L 👆                                    ✔️A educação pública voltou @lulaoficial anunciou o repasse de R$ 2,44 bilhões às instituições de ensino. A recomposição vai reverter a curva descendente do orçamento das +",0,0,0,https://twitter.com/AlencarBraga13/status/1649473069654876160
Bruno Isac - Tretas Bigtretabrasil,@BrunoIsac123,https://twitter.com/BrunoIsac123/status/1649473781633523727,2023-04-21T18:02:49.000Z,Da essa noticia direito  ai.,0,0,0,https://twitter.com/AlencarBraga13/status/1649473069654876160
