nome,usuario,idTweet,dataPublicacao,texto,replies,retweets,likes,tweetPai
Thatiane Oliveira,@Thatian57254073,https://twitter.com/Thatian57254073/status/1650662875621367808,2023-04-25T00:47:52.000Z,Só ando vendo desemprego 🔥🔥🔥,0,0,0,https://twitter.com/AlencarBraga13/status/1650640763997364225
Fernando Hoffmann Fr,@FH_Hoffmann,https://twitter.com/FH_Hoffmann/status/1650648713822339074,2023-04-24T23:51:35.000Z,"O ex-vice presidente que foi apoiador do Lula durante vários anos e pai do atual dono da Coteminas, até se remecheu  no túmulo,não acha?",0,0,0,https://twitter.com/AlencarBraga13/status/1650640763997364225
God Fatherland and Family,@brother2026,https://twitter.com/brother2026/status/1650671944696512513,2023-04-25T01:23:54.000Z,"A Shein está em + de 15 países e tem 10 mil funcionários ao todo, aí a mesma vai vim para o Brasil e só aqui vai criar 100 mil empregos diretos e indiretos
 😂😂😂😂 Ainda tem tolo pra cair nessa conversa 😂😂😂😂",0,0,0,https://twitter.com/AlencarBraga13/status/1650640763997364225
AP¹³,@DevanirJos,https://twitter.com/DevanirJos/status/1650660867111780353,2023-04-25T00:39:53.000Z,Será que este animal tá achando que a shein vai vender barato sem trabalho escravo como se faz na China?,0,0,1,https://twitter.com/AlencarBraga13/status/1650640763997364225
Nilson Ramos,@NilsonR23834882,https://twitter.com/NilsonR23834882/status/1650810617345744900,2023-04-25T10:34:56.000Z,"A China invade nosso país, eles se prostituem, enquanto isso as empresas brasileiras agonizam.
Apenas mais uma cortina de fumaça.",0,0,0,https://twitter.com/AlencarBraga13/status/1650640763997364225
Republica das Picanhas,@RedBirdChurch,https://twitter.com/RedBirdChurch/status/1650643653377835011,2023-04-24T23:31:29.000Z,Queremos picanha!!!,0,0,0,https://twitter.com/AlencarBraga13/status/1650640763997364225
Alexandre Siqueira,@ssicca1,https://twitter.com/ssicca1/status/1650808482285723648,2023-04-25T10:26:27.000Z,#cumplice,0,0,0,https://twitter.com/AlencarBraga13/status/1650640763997364225
Capiroto Criativo,@CapirotCriativo,https://twitter.com/CapirotCriativo/status/1650657129466937344,2023-04-25T00:25:02.000Z,Aos amigos tudo!,0,0,0,https://twitter.com/AlencarBraga13/status/1650640763997364225
Capiroto Criativo,@CapirotCriativo,https://twitter.com/CapirotCriativo/status/1650657470602174465,2023-04-25T00:26:23.000Z,Será esse o padrão de empregos?,0,0,0,https://twitter.com/AlencarBraga13/status/1650640763997364225
Marisa victorio da silva,@victorio_marisa,https://twitter.com/victorio_marisa/status/1650645535123013632,2023-04-24T23:38:57.000Z,#OBrasilVoltou a meta é gerar 100 mil empregos 👥👥👥✔️Coteminas e Shein anunciam parceria para a produção no Brasil e a meta é gerar pelo menos 100 mil empregos!,0,0,0,https://twitter.com/AlencarBraga13/status/1650640763997364225
Ary Costa,@arycosta,https://twitter.com/arycosta/status/1650661419556143104,2023-04-25T00:42:04.000Z,"E a roubalheira volta com força, vide JBS , Eike Batista,  e outras campeãs do BNDES.",1,0,0,https://twitter.com/AlencarBraga13/status/1650640763997364225
Alexandre Siqueira,@ssicca1,https://twitter.com/ssicca1/status/1650808558135435265,2023-04-25T10:26:45.000Z,#cumplice e mentiroso!,0,0,0,https://twitter.com/AlencarBraga13/status/1650640763997364225
Guga Davila,@Osvaldogdavila,https://twitter.com/Osvaldogdavila/status/1650664068619878400,2023-04-25T00:52:36.000Z,Governo corrupto!,0,0,0,https://twitter.com/AlencarBraga13/status/1650640763997364225
Lino Paixão,@lindrinicgab_pa,https://twitter.com/lindrinicgab_pa/status/1650657250996809728,2023-04-25T00:25:31.000Z,Ajude com a minha vakinha,0,0,0,https://twitter.com/AlencarBraga13/status/1650640763997364225
eokiko,@eokikobrasil,https://twitter.com/eokikobrasil/status/1650828087121047554,2023-04-25T11:44:21.000Z,"Este merece um print, que será usado na sua próxima campanha. Veremos os próximos capítulos.

100 mil empregos para a Shein ? Voce ta de brincadeira/

Os preços ficarão tão descompetitivos, que é perigoso a Shein fechar no mundo inteiro.",0,0,1,https://twitter.com/AlencarBraga13/status/1650640763997364225
