nome,usuario,idTweet,dataPublicacao,texto,replies,retweets,likes,tweetPai
Elton Cesar Paulo ⓟ,@eltoncpaulo,https://twitter.com/eltoncpaulo/status/1650283165695574024,2023-04-23T23:39:02.000Z,"Este jornal não presta serviço nenhum à sociedade, trabalha em prol da direita conservadora que quer ver o país de joelhos as elites e aos americanos.",0,1,1,https://twitter.com/BohnGass/status/1650282221784186881
trago boas notícias #semanistia,@diasmelhoresbr,https://twitter.com/diasmelhoresbr/status/1650528460178161667,2023-04-24T15:53:44.000Z,Público e notório 🐂,0,0,1,https://twitter.com/BohnGass/status/1650282221784186881
Elitania Silva,@EitaniaDias,https://twitter.com/EitaniaDias/status/1650285165673865217,2023-04-23T23:46:58.000Z,"Estou te seguindo
Me segue de volta",0,0,0,https://twitter.com/BohnGass/status/1650282221784186881
Elder,@Arimatea13,https://twitter.com/Arimatea13/status/1650283903687573508,2023-04-23T23:41:58.000Z,Na verdade o estadão sempre mente de forma descarada e vagabunda.,0,0,0,https://twitter.com/BohnGass/status/1650282221784186881
Marcelo Morce Dantas,@morcedantas,https://twitter.com/morcedantas/status/1650642125384568833,2023-04-24T23:25:24.000Z,"Mesma lenga lenga do governo anterior, agora vamos aguentar mais 4 anos de um governo usando a narrativa de vítima com relação a mídia. Bando de frouxo.",0,0,0,https://twitter.com/BohnGass/status/1650282221784186881
