nome,usuario,idTweet,dataPublicacao,texto,replies,retweets,likes,tweetPai
Patricia Fregolente,@pattyfregolente,https://twitter.com/pattyfregolente/status/1650255364347027458,2023-04-23T21:48:33.000Z,A maior concentração de tornozeleiras eletrônicas num lugar só.,0,0,12,https://twitter.com/cabogilberto/status/1650148752332652544
Amora,@Amora_60,https://twitter.com/Amora_60/status/1650148994595561474,2023-04-23T14:45:53.000Z,Enquanto o outro casal são pessoas não gratas!,1,0,3,https://twitter.com/cabogilberto/status/1650148752332652544
LambdaLambdaLambda,@LambdaLambdaLa2,https://twitter.com/LambdaLambdaLa2/status/1650244488252514307,2023-04-23T21:05:20.000Z,Só 30%,0,0,2,https://twitter.com/cabogilberto/status/1650148752332652544
Renata Reimberg,@RenataReCale,https://twitter.com/RenataReCale/status/1650156327564455937,2023-04-23T15:15:01.000Z,"Voltem a fazer vídeos !!! Pode ser uma vez por mês , mas façam !!! Estamos com saudades !!!!",2,0,4,https://twitter.com/cabogilberto/status/1650148752332652544
Iraci Pereira,@IraciPe30702542,https://twitter.com/IraciPe30702542/status/1650151418077016064,2023-04-23T14:55:31.000Z,Nossa que lindo  ver nosso verdadeiro presidente  junto com seu povo 👍👍🌻🙏😍😍,1,0,1,https://twitter.com/cabogilberto/status/1650148752332652544
Gabriela Nobre,@gabriel20357738,https://twitter.com/gabriel20357738/status/1650156474734092288,2023-04-23T15:15:36.000Z,ihuuuuuuuuuuuuuuu,1,0,0,https://twitter.com/cabogilberto/status/1650148752332652544
,@fess027,https://twitter.com/fess027/status/1650275809243037696,2023-04-23T23:09:48.000Z,já já vai tomar café na papuda 😍,0,0,1,https://twitter.com/cabogilberto/status/1650148752332652544
Rodrigo Braga,@Rodrigo70959325,https://twitter.com/Rodrigo70959325/status/1650173788687065090,2023-04-23T16:24:24.000Z,Eles fizeram isso porque algumas “pessoas” fizeram um outdoor dizendo que eles nao era bem-vindos. Olhem a Michele chorando na entrada 🥲,1,0,1,https://twitter.com/cabogilberto/status/1650148752332652544
Ferreira,@nan281,https://twitter.com/nan281/status/1650315994139639814,2023-04-24T01:49:29.000Z,O POVO ALIENADO !!,0,0,0,https://twitter.com/cabogilberto/status/1650148752332652544
LUIZ TRINDADE,@LUIZTRI03194294,https://twitter.com/LUIZTRI03194294/status/1650264563621801987,2023-04-23T22:25:07.000Z,"Eu penso que este casal BOLSONARO sempre foi um casal família, elegante e social... 

Diferente do outro casal que utilizava, até um dia desse, as visitas íntimas na cela da PF, cobrindo a grade da cela com um lençol...",0,0,0,https://twitter.com/cabogilberto/status/1650148752332652544
"“Eta lelê”,",@Erikmor46345088,https://twitter.com/Erikmor46345088/status/1650332822744252416,2023-04-24T02:56:21.000Z,O reluxo a rainha das rachadinhas!🤣🤣,0,0,0,https://twitter.com/cabogilberto/status/1650148752332652544
Edvan,@EdvanMGois,https://twitter.com/EdvanMGois/status/1650269459985080320,2023-04-23T22:44:34.000Z,Foram morar ao lado do asilo?,0,0,0,https://twitter.com/cabogilberto/status/1650148752332652544
Daniele Venâncio,@dannivenancio,https://twitter.com/dannivenancio/status/1650312274622529538,2023-04-24T01:34:42.000Z,Vizinhança sinistra...,0,0,0,https://twitter.com/cabogilberto/status/1650148752332652544
Milena Vaz,@milenavz3,https://twitter.com/milenavz3/status/1650193352694824960,2023-04-23T17:42:09.000Z,Alguém deu joia de presente para eles? Kkkk,0,0,2,https://twitter.com/cabogilberto/status/1650148752332652544
Francisco Santana,@santanajfran,https://twitter.com/santanajfran/status/1650178965456207873,2023-04-23T16:44:58.000Z,"OBSERVEM:
Todo mundo de calças para não expor a jóia preciosa chamada TORNOZELEIRA ELETRÔNICA.🤦🏾",0,0,6,https://twitter.com/cabogilberto/status/1650148752332652544
Joao Paulo Fiscina,@fiscina_paulo,https://twitter.com/fiscina_paulo/status/1650183125429895173,2023-04-23T17:01:30.000Z,Teve um vizinho do minto que matou a Marielle Franco 😔,0,0,4,https://twitter.com/cabogilberto/status/1650148752332652544
SEBASTIAO DE FARIAS,@SEBASTIAODEFAR3,https://twitter.com/SEBASTIAODEFAR3/status/1650202085814673409,2023-04-23T18:16:51.000Z,"Já sei que eu não sou povo brasileiro...
..sou só brasileira que tem convicção que Bolsonaro é um Bost@!!!!",0,1,3,https://twitter.com/cabogilberto/status/1650148752332652544
Publixer Magazine,@PublixerM,https://twitter.com/PublixerM/status/1650151940439826433,2023-04-23T14:57:35.000Z,Que povo 😁😁😁,0,0,1,https://twitter.com/cabogilberto/status/1650148752332652544
Manaus #Lula13,@vstmanaus3,https://twitter.com/vstmanaus3/status/1650567515049713674,2023-04-24T18:28:56.000Z,Fora pegar as jóias será ?,0,0,0,https://twitter.com/cabogilberto/status/1650148752332652544
ricardo bocianoski,@ricardocoelho1,https://twitter.com/ricardocoelho1/status/1650265691340112037,2023-04-23T22:29:35.000Z,Não passa um numa porta giratória de banco. Pq sera?🤔,0,0,1,https://twitter.com/cabogilberto/status/1650148752332652544
O Expulso do Tuíter,@ppgomesdacosta,https://twitter.com/ppgomesdacosta/status/1650298702735499266,2023-04-24T00:40:46.000Z,"O ""povo"" do condomínio?",0,0,0,https://twitter.com/cabogilberto/status/1650148752332652544
Thais,@tais_negrao,https://twitter.com/tais_negrao/status/1650151403107614727,2023-04-23T14:55:27.000Z,Que saudades desse casal lindo 💞😘,1,2,5,https://twitter.com/cabogilberto/status/1650148752332652544
Edu Mota,@eduuumf,https://twitter.com/eduuumf/status/1650351429175988224,2023-04-24T04:10:17.000Z,É um asilo ?,0,0,0,https://twitter.com/cabogilberto/status/1650148752332652544
Jota Jota Rousseau,@Pindorama78,https://twitter.com/Pindorama78/status/1650157594860822528,2023-04-23T15:20:03.000Z,Mil reais para quem encontrar um um pardo ou um negro no vídeo do povo brasileiro.,1,1,2,https://twitter.com/cabogilberto/status/1650148752332652544
Getaway Pundit,@GetawayPundit,https://twitter.com/GetawayPundit/status/1650266608126902273,2023-04-23T22:33:14.000Z,Ele testou por venenos?,0,0,0,https://twitter.com/cabogilberto/status/1650148752332652544
nina do pt,@ninadopt13,https://twitter.com/ninadopt13/status/1650313113151873025,2023-04-24T01:38:02.000Z,Dia do joguinho bingo,0,0,1,https://twitter.com/cabogilberto/status/1650148752332652544
jomelo211968,@jomelo211968,https://twitter.com/jomelo211968/status/1650251851923587073,2023-04-23T21:34:36.000Z,A extrema direita nazifascista bate palmas para o ectoplasma. Mas o futuro do afanador de joias das Arábias será na Papuda. @_Janoninho,0,0,0,https://twitter.com/cabogilberto/status/1650148752332652544
Raimundo Mesquita,@novaismesquita,https://twitter.com/novaismesquita/status/1650444665135529985,2023-04-24T10:20:46.000Z,"Os ricos e empresários, né??",0,0,0,https://twitter.com/cabogilberto/status/1650148752332652544
Antonio Carlos Paraense de Souza,@AntonioParaense,https://twitter.com/AntonioParaense/status/1650300039414030341,2023-04-24T00:46:05.000Z,É um casal jóia.,0,0,1,https://twitter.com/cabogilberto/status/1650148752332652544
Moises Resende,@rese0013,https://twitter.com/rese0013/status/1650171518876278788,2023-04-23T16:15:23.000Z,#SomosTodosBolsonaro 🇧🇷👊,0,0,0,https://twitter.com/cabogilberto/status/1650148752332652544
Regis Filosofia,@ReginaldoFiloso,https://twitter.com/ReginaldoFiloso/status/1650157225808130051,2023-04-23T15:18:35.000Z,"Povo brasileiro? Ele é vizinho do povo? Burguesada burra, o povo brasileiro elegeu Lula, Bolsoasno usou a PRF para tentar barrar o povo no nordeste..ele matou o povo brasileiro, este ladrão de jóias é a vergonha do Brasil",0,0,0,https://twitter.com/cabogilberto/status/1650148752332652544
RITA,@conservadora_a,https://twitter.com/conservadora_a/status/1650153420030984200,2023-04-23T15:03:28.000Z,"Os brasileiros de bem somos assim!
Amigáveis, calorosos... 
Em 2018 votamos e elegemos o BRASIL que queríamos.
Ainda queremos!
NÃO desistimos.#QueremosBolsonaro",0,3,4,https://twitter.com/cabogilberto/status/1650148752332652544
Ronaldo,@RonaldoX_Brasil,https://twitter.com/RonaldoX_Brasil/status/1650271709717569536,2023-04-23T22:53:30.000Z,"Bandido apoia bandido.
Fascista apoia Fascista. 
Corrupto apoia corrupto. 
Falso cristão apoia falso cristão!",0,0,0,https://twitter.com/cabogilberto/status/1650148752332652544
HumbJr,@HumbJr,https://twitter.com/HumbJr/status/1650151296421224448,2023-04-23T14:55:02.000Z,Para comer e beber de graça ele acorda cedo. 😆😆😆😆🤣🤣 vagabundo sem vergonha.,0,0,0,https://twitter.com/cabogilberto/status/1650148752332652544
MARCO HECKMANN,@MarcoHeckmann,https://twitter.com/MarcoHeckmann/status/1650254309416632321,2023-04-23T21:44:22.000Z,Kkkkkkkkkk,0,0,0,https://twitter.com/cabogilberto/status/1650148752332652544
Israel de Toledo,@IsraeldeToledo,https://twitter.com/IsraeldeToledo/status/1650215672943636487,2023-04-23T19:10:50.000Z,QUE BOSTA FACISTA E GENOCIDA HIPÓCRITAS FALSOS PROFETAS E THUCHUCA DOS LAMBE SACO DO CAPITÃO CORONA QUE SAIU DO EXÉRCITO BRASILEIRO PELO ESGOSTO,0,0,0,https://twitter.com/cabogilberto/status/1650148752332652544
@evavieira,@evavieira,https://twitter.com/evaviei76202212/status/1650193117251792896,2023-04-23T17:41:12.000Z,Se gritar Xandão não fica um 😂😂😂😂😂😂😂,0,0,0,https://twitter.com/cabogilberto/status/1650148752332652544
Vital,@francjrv_vital,https://twitter.com/francjrv_vital/status/1650190079657164800,2023-04-23T17:29:08.000Z,Pergunta pro golpista ladrãozinho miliciano se a FACADA é FAKE . Chora golpista,0,0,0,https://twitter.com/cabogilberto/status/1650148752332652544
