nome,usuario,idTweet,dataPublicacao,texto,replies,retweets,likes,tweetPai
Antônio Hamilton,@AntnioHamilton7,https://twitter.com/AntnioHamilton7/status/1650641769346879489,2023-04-24T23:23:59.000Z,Isso já virou um ZERO a esquerda. É perder tempo.,0,0,1,https://twitter.com/cabogilberto/status/1650576653561520163
Fatima B A Curti,@fatimabeatriza2,https://twitter.com/fatimabeatriza2/status/1650643656276156420,2023-04-24T23:31:29.000Z,Ah mas $$$ pix foi bom,0,0,0,https://twitter.com/cabogilberto/status/1650576653561520163
Lula Nordestino com muito orgulho,@AlmirSi65711392,https://twitter.com/AlmirSi65711392/status/1650657479745757184,2023-04-25T00:26:25.000Z,"Defender o indefensável? é o seu papel, defenda o Sr Jair com 8 tentativas de resgatar as Joias, faça apenas essa defesa, se bem que Bacharel em direito não é advogado , ops ato falho desculpe, não vai ter como o Sr. defender o Jair.",1,0,1,https://twitter.com/cabogilberto/status/1650576653561520163
FRANCO,@rsf0000_franco,https://twitter.com/rsf0000_franco/status/1650578683139088387,2023-04-24T19:13:18.000Z,É sério que bolsonaristas agora querem ser as vítimas??,1,0,1,https://twitter.com/cabogilberto/status/1650576653561520163
Vendedor 2,@2Vendedor29,https://twitter.com/2Vendedor29/status/1650819001763676162,2023-04-25T11:08:15.000Z,A verdade do cão,0,0,0,https://twitter.com/cabogilberto/status/1650576653561520163
as aventuras de kaua Ribeiro,@aventuras_86664,https://twitter.com/aventuras_86664/status/1650595245887827969,2023-04-24T20:19:07.000Z,Será que é dia da mentira 🤥,0,0,0,https://twitter.com/cabogilberto/status/1650576653561520163
santanagleice gleice,@SantanagleiceG,https://twitter.com/SantanagleiceG/status/1650675539110133761,2023-04-25T01:38:11.000Z,Vc estava lá velha museu,0,0,1,https://twitter.com/cabogilberto/status/1650576653561520163
Sad Ana,@SadAna0416437,https://twitter.com/SadAna0416437/status/1650652183447085057,2023-04-25T00:05:22.000Z,"E VOCÊ SABE O QUE É  VERDADE, LEITOA MENTIROSA.?",0,0,1,https://twitter.com/cabogilberto/status/1650576653561520163
IVANCACIQUE5,@ivancacique5,https://twitter.com/ivancacique5/status/1650609976782495745,2023-04-24T21:17:39.000Z,"Parece porteira de tumba, esta @miriamleitao causa ojeriza.",0,0,1,https://twitter.com/cabogilberto/status/1650576653561520163
Gladyz Suely,@GladyzSuely,https://twitter.com/GladyzSuely/status/1650581489845673994,2023-04-24T19:24:28.000Z,Kkkkkk,0,0,0,https://twitter.com/cabogilberto/status/1650576653561520163
Jorge Barbosa,@JorgeBa82846461,https://twitter.com/JorgeBa82846461/status/1650662206885748737,2023-04-25T00:45:12.000Z,"O pensamento é o seguinte: quando a globolixo me demitir, arrumo uma boquinha no desgoverno!",0,0,1,https://twitter.com/cabogilberto/status/1650576653561520163
Jorge Becker,@jorgebecker1954,https://twitter.com/jorgebecker1954/status/1650656842836582402,2023-04-25T00:23:53.000Z,Desqualificada,0,0,1,https://twitter.com/cabogilberto/status/1650576653561520163
João Romão-,@Gladiadorama,https://twitter.com/Gladiadorama/status/1650626841084919810,2023-04-24T22:24:40.000Z,"Se as urnas eletrônicas fossem adaptadas para imprimir os votos e aferir depois da votação, independente do resultado não teria acontecido o 08 de janeiro. Simples assim. A pergunta é: Porque houve tanta oposição ao voto impresso???",0,0,1,https://twitter.com/cabogilberto/status/1650576653561520163
Rose.Maia,@RoseMaia08,https://twitter.com/RoseMaia08/status/1650657914149826560,2023-04-25T00:28:09.000Z,Cupincha do desgoverno 🤦‍♀️🤮,0,0,1,https://twitter.com/cabogilberto/status/1650576653561520163
Rgimario Pereira,@Regis2635,https://twitter.com/Regis2635/status/1650618842085826561,2023-04-24T21:52:53.000Z,"Ela quis assim, vai ser lembrada na história como uma disseminadora de mentiras, só pra limpar a barra de seu financiador.",0,0,1,https://twitter.com/cabogilberto/status/1650576653561520163
Maira da Hora,@MairadaHora,https://twitter.com/MairadaHora/status/1650652131139960836,2023-04-25T00:05:10.000Z,#PortaDaVozDaMentira Expressão corretíssima!,0,0,0,https://twitter.com/cabogilberto/status/1650576653561520163
Ivone Emilião,@iemiliao,https://twitter.com/iemiliao/status/1650594492259483650,2023-04-24T20:16:08.000Z,💩💩💩💩💩💩,0,0,0,https://twitter.com/cabogilberto/status/1650576653561520163
Pedro Guimaraes,@parapedro1962,https://twitter.com/parapedro1962/status/1650633118208909312,2023-04-24T22:49:37.000Z,Figura repugnante,0,0,0,https://twitter.com/cabogilberto/status/1650576653561520163
Ademir,@Ademir28130118,https://twitter.com/Ademir28130118/status/1650610537745481729,2023-04-24T21:19:53.000Z,"Essa Sra se presta a esse papel apesar da idade que tem , seu filho está vendo isso !",0,0,0,https://twitter.com/cabogilberto/status/1650576653561520163
Vhag40,@vhag40,https://twitter.com/vhag40/status/1650590555372396550,2023-04-24T20:00:29.000Z,sem duvida Miriatica PTleitao  faz parte da turma do arrego,0,0,1,https://twitter.com/cabogilberto/status/1650576653561520163
Adri,@Adriana20338700,https://twitter.com/Adriana20338700/status/1650725259631374337,2023-04-25T04:55:45.000Z,Gente essa mulher ta maluca e ta em Nárnia com o PT 🤦‍♀️,0,0,1,https://twitter.com/cabogilberto/status/1650576653561520163
Rodrigo Paro,@RodrigoParo7,https://twitter.com/RodrigoParo7/status/1650593188883714054,2023-04-24T20:10:57.000Z,Tá sabendo legal... Corta o Rivotril pela metade,0,0,0,https://twitter.com/cabogilberto/status/1650576653561520163
denise nunes,@deniseddnunes,https://twitter.com/deniseddnunes/status/1650635406847639552,2023-04-24T22:58:42.000Z,Essa turma no final vão parar todos no pinel,0,0,0,https://twitter.com/cabogilberto/status/1650576653561520163
NILTON GUIRADO,@guirado_nilton,https://twitter.com/guirado_nilton/status/1650586047703646209,2023-04-24T19:42:34.000Z,🇧🇷👊👏,0,0,0,https://twitter.com/cabogilberto/status/1650576653561520163
Alfredo Filho,@filhodoalfredo,https://twitter.com/filhodoalfredo/status/1650594120845369359,2023-04-24T20:14:39.000Z,Esta pessoa está morta profissionalmente. Credibilidade zero,0,0,0,https://twitter.com/cabogilberto/status/1650576653561520163
Eduardo Fejao,@Eduardofejao10,https://twitter.com/Eduardofejao10/status/1650585804207472640,2023-04-24T19:41:36.000Z,Vai trabalhar deputado,0,0,0,https://twitter.com/cabogilberto/status/1650576653561520163
JA ARRIGHI,@ArrighiJanio,https://twitter.com/ArrighiJanio/status/1650616848709308422,2023-04-24T21:44:58.000Z,https://twitter.com/i/status/1641891549293301772…,0,0,0,https://twitter.com/cabogilberto/status/1650576653561520163
MAURICIO DOMINGOS,@DOMINGOSMAURIC2,https://twitter.com/DOMINGOSMAURIC2/status/1650584622315581441,2023-04-24T19:36:54.000Z,A bruxa da esquerda.,0,0,1,https://twitter.com/cabogilberto/status/1650576653561520163
Didinali,@FerreiraCardin,https://twitter.com/FerreiraCardin/status/1650577460373643274,2023-04-24T19:08:27.000Z,Ridícula,0,0,1,https://twitter.com/cabogilberto/status/1650576653561520163
Frederico Salles,@fredsalles316,https://twitter.com/fredsalles316/status/1650583681663156226,2023-04-24T19:33:10.000Z,Ela era da mesma gangue de criminosoa,0,0,0,https://twitter.com/cabogilberto/status/1650576653561520163
Carlos Ruy,@Ruy0803,https://twitter.com/Ruy0803/status/1650677252181426180,2023-04-25T01:44:59.000Z,😂🤣🤣🤣🤣🤣🤣🤣🤣🤣🤣,0,0,0,https://twitter.com/cabogilberto/status/1650576653561520163
R,@R5468821,https://twitter.com/R5468821/status/1650586270458847246,2023-04-24T19:43:27.000Z,PETISTA IMUNDA! Quem fazia parte de um partido comunista e tentou implantar a ditadura no Brasil foi esse verme,0,0,0,https://twitter.com/cabogilberto/status/1650576653561520163
Daniel Gustaf Berg,@Danielgustafbrg,https://twitter.com/Danielgustafbrg/status/1650662584188559361,2023-04-25T00:46:42.000Z,O diabo é o pai da mentira e a Miriam Leitão é a secretária.,0,0,0,https://twitter.com/cabogilberto/status/1650576653561520163
Renato Salazar,@SalazarRenato,https://twitter.com/SalazarRenato/status/1650609089628766210,2023-04-24T21:14:08.000Z,@miriamleitao @GloboNews@JornalOGloboFia fala...,0,0,0,https://twitter.com/cabogilberto/status/1650576653561520163
Terrivelmente bozofóbica,@GSVianna2022,https://twitter.com/GSVianna2022/status/1650579708403146782,2023-04-24T19:17:23.000Z,"Vergonha é se dizerem "" infiltrados""...",0,0,2,https://twitter.com/cabogilberto/status/1650576653561520163
Alba,@Alba12013105,https://twitter.com/Alba12013105/status/1650624026706956288,2023-04-24T22:13:29.000Z,Mulher ridícula! Não cansa de passar vergonha!,0,0,0,https://twitter.com/cabogilberto/status/1650576653561520163
Esperança,@FarahBaz9,https://twitter.com/FarahBaz9/status/1650612184638976002,2023-04-24T21:26:26.000Z,A hora que for demitida da bobolixo vai mudar de opinião.,0,0,0,https://twitter.com/cabogilberto/status/1650576653561520163
Gilmar,@Gilmargilfeijo8,https://twitter.com/Gilmargilfeijo8/status/1650585386492600321,2023-04-24T19:39:57.000Z,Acasa vai cai pra vcs  ....vcs estão todos desesperados sempre inventando narrativas...mentirosas..🤣🤣🤣🤣🤣🤣,0,0,0,https://twitter.com/cabogilberto/status/1650576653561520163
JOEL DAS CHAGAS RÊGO,@KLZINNFF5,https://twitter.com/KLZINNFF5/status/1651038734169653248,2023-04-26T01:41:23.000Z,Meliante. Esquerdopata,0,0,0,https://twitter.com/cabogilberto/status/1650576653561520163
.,@italo_filho,https://twitter.com/italo_filho/status/1650601792118333590,2023-04-24T20:45:08.000Z,@miriamleitao,0,0,0,https://twitter.com/cabogilberto/status/1650576653561520163
Uelinton Nogueira,@UelintonNoguei2,https://twitter.com/UelintonNoguei2/status/1650597232427646978,2023-04-24T20:27:01.000Z,Ridícula,0,0,0,https://twitter.com/cabogilberto/status/1650576653561520163
Bom,@Fonsec7Fonseca,https://twitter.com/Fonsec7Fonseca/status/1650624279787057160,2023-04-24T22:14:30.000Z,Ela tem 💩💩na cabeça só fala 💩💩💩💩💩💩💩💩💩deve se alimentar de 💩💩💩💩💩💩💩,0,0,0,https://twitter.com/cabogilberto/status/1650576653561520163
Carlos 22,@crma329,https://twitter.com/crma329/status/1650629254982385665,2023-04-24T22:34:16.000Z,GLOBO LIXO NAO VEJO MAIS ESSE CANAL BLOQUEADO EM CASA,0,0,0,https://twitter.com/cabogilberto/status/1650576653561520163
✶ ⊰ Gohan ⊱✶,@GohanBett,https://twitter.com/GohanBett/status/1650610935420137472,2023-04-24T21:21:28.000Z,Porta-voz da verdade 😌,0,0,0,https://twitter.com/cabogilberto/status/1650576653561520163
VS,@VictorSousa1972,https://twitter.com/VictorSousa1972/status/1650639504665985026,2023-04-24T23:14:59.000Z,"Será que ela tem algum parentesco com o atual presidente?
É amor platônico?
O que será?
Desequilibrada, ela não é.....",0,0,2,https://twitter.com/cabogilberto/status/1650576653561520163
Guido R. Stacchini,@grstacchini,https://twitter.com/grstacchini/status/1650585376723968009,2023-04-24T19:39:54.000Z,Está senil,0,1,2,https://twitter.com/cabogilberto/status/1650576653561520163
FRANCO,@rsf0000_franco,https://twitter.com/rsf0000_franco/status/1650578889448513561,2023-04-24T19:14:08.000Z,Deputado? É verdade que bolsonaristas estão peidando na tanga?,1,0,0,https://twitter.com/cabogilberto/status/1650576653561520163
Marcia Carneiro Reis,@marciacreis38,https://twitter.com/marciacreis38/status/1650618893675773953,2023-04-24T21:53:05.000Z,"Não podemos permitir que o governo que será investigado na CPMI tenha membros na relatoria ou na presidência. Eles querem boicotar e impedir a verdade.
Não esqueçamos também de outra coisa importante #PLdaCensuraNao",0,0,0,https://twitter.com/cabogilberto/status/1650576653561520163
Ge anti-pt,@gbarcellos59,https://twitter.com/gbarcellos59/status/1650608233835380737,2023-04-24T21:10:44.000Z,"Anderson Torres segue preso como se tivesse cometido o pior dos crimes. Enquanto isso os Bandidos cangaceiros do MST invadem onde tem vontade, destroem, fazem o que querem e nada acontece com eles. Que país é esse???? So tem vigarista nesse desgoverno do ladrao cachaceiro",0,0,0,https://twitter.com/cabogilberto/status/1650576653561520163
SouzaFig,@SouzaFig2,https://twitter.com/SouzaFig2/status/1650607660394328064,2023-04-24T21:08:27.000Z,Miriam Canhão,0,0,0,https://twitter.com/cabogilberto/status/1650576653561520163
Anderson Bastos,@bastao1,https://twitter.com/bastao1/status/1650644729967640576,2023-04-24T23:35:45.000Z,#ForaLula#LulaLadrão#LulaLadraoSeuLugarENaPrisao,0,0,0,https://twitter.com/cabogilberto/status/1650576653561520163
Lene Paixão,@LenePaixao1,https://twitter.com/LenePaixao1/status/1650602517149958145,2023-04-24T20:48:01.000Z,#CPMI08dejaneiroja #AndersonTorresLivre e #ForaLula o ódio venceu,0,0,1,https://twitter.com/cabogilberto/status/1650576653561520163
