nome,usuario,idTweet,dataPublicacao,texto,replies,retweets,likes,tweetPai
AaliceMesmo,@AaliceMesmo,https://twitter.com/AaliceMesmo/status/1650849247917404160,2023-04-25T13:08:26.000Z,"Sim, sempre vai ter meia dúzia de derrotados mal-educados gritando e esperneando, não sabem fazer outra coisa... Basta colocá-los de volta na lata de lixo de onde saíram, como fez o Presidente da Câmara de Portugal. 
Simples! 😉",0,0,0,https://twitter.com/cabogilberto/status/1650829714758434816
Docente Adevaldo R. L.,@LAdevaldo,https://twitter.com/LAdevaldo/status/1650911652039081993,2023-04-25T17:16:24.000Z,Moro e Dallangnol deve pagar por isso.,0,0,0,https://twitter.com/cabogilberto/status/1650829714758434816
eduardo@123,eduardo@123,https://twitter.com/eduardo25795846/status/1650830418973802499,2023-04-25T11:53:37.000Z,Parabéns Portugal👏👏👏 Isso a globo não mostra,0,0,1,https://twitter.com/cabogilberto/status/1650829714758434816
Joarez Ribeiro,@JoarezRibeiro8,https://twitter.com/JoarezRibeiro8/status/1650840365312745474,2023-04-25T12:33:08.000Z,Que recepção?!!,0,0,0,https://twitter.com/cabogilberto/status/1650829714758434816
Arnor,@Arnor90283766,https://twitter.com/Arnor90283766/status/1650870243642728451,2023-04-25T14:31:52.000Z,E isso aí Portugal 👏🏻👏🏻👏🏻👏🏻👏🏻,0,0,0,https://twitter.com/cabogilberto/status/1650829714758434816
sudive,@suelichi,https://twitter.com/suelichi/status/1650892141940338690,2023-04-25T15:58:53.000Z,Cadê a obstrução total? Poderia informar? E a CPMI???,0,0,0,https://twitter.com/cabogilberto/status/1650829714758434816
João Fernandes da Costa,@JooFernandesda3,https://twitter.com/JooFernandesda3/status/1650846349846368256,2023-04-25T12:56:55.000Z,@presidencia_BR,0,0,0,https://twitter.com/cabogilberto/status/1650829714758434816
CaboAntifa,@caboantifa_ne,https://twitter.com/caboantifa_ne/status/1650869189635108864,2023-04-25T14:27:41.000Z,É mais um robô da ultra-direita identificado.,0,0,0,https://twitter.com/cabogilberto/status/1650829714758434816
Ivone Emilião,@iemiliao,https://twitter.com/iemiliao/status/1650877197668712451,2023-04-25T14:59:30.000Z,Até eu fiquei com medo dessa multidão.,0,0,0,https://twitter.com/cabogilberto/status/1650829714758434816
Hugo Scruton Lewis,@hugomouraJPA,https://twitter.com/hugomouraJPA/status/1650944353957822469,2023-04-25T19:26:21.000Z,https://revistaoeste.com/no-ponto/moraes-se-encontra-com-lira-e-pacheco-para-falar-sobre-pl-da-censura/… olha o perigo aí Cabo Gilberto,0,0,0,https://twitter.com/cabogilberto/status/1650829714758434816
J Junior,@jjunior19715870,https://twitter.com/jjunior19715870/status/1650832444201869314,2023-04-25T12:01:40.000Z,👏👏👏👏👏👏👏👏👏👏👏,0,0,1,https://twitter.com/cabogilberto/status/1650829714758434816
Tic Tac... Dia30!!!,@NadoHerdy,https://twitter.com/NadoHerdy/status/1650926983746863104,2023-04-25T18:17:20.000Z,Povo? Que povo? Patriotarios brasileiros pagando mico em Portugal!,0,0,0,https://twitter.com/cabogilberto/status/1650829714758434816
Muniz,@7eb56c835664417,https://twitter.com/7eb56c835664417/status/1650841753379823616,2023-04-25T12:38:39.000Z,ESTAMOS DEVOLVENDO OS LADRÕES DA COLONIZAÇÃO !!!,0,0,0,https://twitter.com/cabogilberto/status/1650829714758434816
Anderson Bastos,@bastao1,https://twitter.com/bastao1/status/1650979964366274560,2023-04-25T21:47:51.000Z,#ForaLula#ForaLuladrao#LulaLadrão,0,0,0,https://twitter.com/cabogilberto/status/1650829714758434816
Yelda Santana,@maria_yelda_,https://twitter.com/maria_yelda_/status/1650839905935806464,2023-04-25T12:31:19.000Z,Isso a Globo não mostra 🤣🤣🤣,0,0,1,https://twitter.com/cabogilberto/status/1650829714758434816
Israel de Toledo,@IsraeldeToledo,https://twitter.com/IsraeldeToledo/status/1650867186796310531,2023-04-25T14:19:43.000Z,GILBERTO  ZE RUELA,0,0,0,https://twitter.com/cabogilberto/status/1650829714758434816
Ailtontexas55,@JoseAiltonAire1,https://twitter.com/JoseAiltonAire1/status/1650884601563291648,2023-04-25T15:28:55.000Z,"Vai trabalhar vagabundo, babaca",0,0,0,https://twitter.com/cabogilberto/status/1650829714758434816
Ailtontexas55,@JoseAiltonAire1,https://twitter.com/JoseAiltonAire1/status/1650884792362172416,2023-04-25T15:29:41.000Z,"Vai trabalhar vagabundo, babaca",0,0,0,https://twitter.com/cabogilberto/status/1650829714758434816
Freud Implicante,@freudimplicante,https://twitter.com/freudimplicante/status/1650880856007868418,2023-04-25T15:14:02.000Z,Vergonha é ver o @cabogilberto distorcer a realidade e mentir.,0,1,2,https://twitter.com/cabogilberto/status/1650829714758434816
Alexandre Cezar Neves,@Alexand64391586,https://twitter.com/Alexand64391586/status/1650835121539366913,2023-04-25T12:12:18.000Z,"O bêbado corrupto nã consegue andar nas ruas, seja onde for. Apenas quem tolera este déspota são os idiotas ideologizados.",0,0,0,https://twitter.com/cabogilberto/status/1650829714758434816
Marcolasincero,@marcolasincero,https://twitter.com/marcolasincero/status/1650835436162408450,2023-04-25T12:13:33.000Z,Esses são o idiotas que estavam passando fome no governo anterior??,0,0,0,https://twitter.com/cabogilberto/status/1650829714758434816
Osni Silva,@OsniRoureSilva,https://twitter.com/OsniRoureSilva/status/1650879747583275008,2023-04-25T15:09:38.000Z,"Mas responde aí, ladrão do que? Joias?",0,0,0,https://twitter.com/cabogilberto/status/1650829714758434816
Morcego inconformado,@BiolBolf,https://twitter.com/BiolBolf/status/1650835458555772929,2023-04-25T12:13:39.000Z,"Kkkkk.. dos 77 mil brasileiros em Lisboa, 77 pessoas estão ali!! Kkkkk",1,0,0,https://twitter.com/cabogilberto/status/1650829714758434816
Ivone Emilião,@iemiliao,https://twitter.com/iemiliao/status/1650877039237296128,2023-04-25T14:58:52.000Z,"Gado que não se informa passa vergonha. Vergonha era aquele cara ridiculo, analfabeto funcional, ogro, desbocado, boca onde só sai impropérios. Esse sim é vergonha mundial. O que esse ser abjeto fez pelo país? Lugar de milico é no quartel,",0,0,0,https://twitter.com/cabogilberto/status/1650829714758434816
fé em Deus,@bmelomelo10,https://twitter.com/bmelomelo10/status/1650957091245289484,2023-04-25T20:16:58.000Z,"E lugar de golpistas, genocidas é onde",0,0,0,https://twitter.com/cabogilberto/status/1650829714758434816
Marcela Resende,@MarcelaResendec,https://twitter.com/MarcelaResendec/status/1650833034805932033,2023-04-25T12:04:01.000Z,"Vai a Portugal e não é aceito pela população.
Não sai nas ruas do Brasil porque não é aceito.
Ninguém quer esse indivíduo.
Ele tem a proteção dos 8 ministros do 5TF.
Loteou todos os cargos.
Algo tem que ser feito.
Brasil não pode continuar ladeira abaixo.",0,1,3,https://twitter.com/cabogilberto/status/1650829714758434816
"Liberdade, volta?",@VoltaLiberdade,https://twitter.com/VoltaLiberdade/status/1650909191027015686,2023-04-25T17:06:38.000Z,"Lule só é bem vindo no S T F, logo, somente lá é bem recebido.

O apoio mundial que Lule tem é de apenas 30% de brasileiros que vivem pendurados no estado, mais 12 ministros do S T F. Só o S T F não vê que ele é L****o#ImpeachmentDaChapaLula #ImpeachmentAlexandreDeMoraes",0,0,0,https://twitter.com/cabogilberto/status/1650829714758434816
Clerto Alves,@portalhistoria,https://twitter.com/portalhistoria/status/1650848089450717184,2023-04-25T13:03:50.000Z,"Pra quem tava acostumado a ver o representante do BR indo pro exterior pra comer pastel na rua e conversar com os garçons, realmente o protagonismo, a influência e a desenvoltura do Presidente Lula choca mesmo! O complexo de vira-latas persiste em algumas pessoas! Infelizmente!🤔",0,0,0,https://twitter.com/cabogilberto/status/1650829714758434816
(･ω･)つ⊂(･ω･)A3L(･ω･)つ⊂(･ω･),@Andredjlopes,https://twitter.com/Andredjlopes/status/1650843808534233088,2023-04-25T12:46:49.000Z,Quero saber o que está sendo feito p mudar o sistema eleitoral?,0,0,0,https://twitter.com/cabogilberto/status/1650829714758434816
BOVID-22 /,@Colorado1007,https://twitter.com/Colorado1007/status/1651254521056641027,2023-04-26T15:58:51.000Z,"Verg0nha é  vc mostrar 50 pessoas  protestando e omitir Lula sem ovacionado  pelo Congresso Português... aí o pq vcs são contra a regulamentação das Redes, pq vão vão poder mentir",0,0,0,https://twitter.com/cabogilberto/status/1650829714758434816
Ary Kerner,@Lordakner,https://twitter.com/Lordakner/status/1650843103195021312,2023-04-25T12:44:01.000Z,"Brega tentou avisar.
Vocês não quiseram escutar.
Agora vai todo mundo para a Papuda ou para a Colmeia. 😪SELVA! ✝️🇧🇷🇺🇸🇮🇱🇺🇦✝️",0,0,0,https://twitter.com/cabogilberto/status/1650829714758434816
Rita,@RCChiea,https://twitter.com/RCChiea/status/1650831436243501059,2023-04-25T11:57:40.000Z,"Se o parlamento brasileiro, @SenadoFederal e @camaradeputados, respeitassem o País, o Povo q os elegeu e as relações q o Brasil tem c/ EUA, UE e outras Nações, exigiriam o impeachment desta vergonha presidencial. 
Se o mundo nos retaliar, não haverá + R$ q sustente suas ambições.",0,0,1,https://twitter.com/cabogilberto/status/1650829714758434816
A LUIZ C MAGALHÃES,@a_luiz,https://twitter.com/a_luiz/status/1650851690935975936,2023-04-25T13:18:09.000Z,chupa looladrão,0,0,0,https://twitter.com/cabogilberto/status/1650829714758434816
