nome,usuario,idTweet,dataPublicacao,texto,replies,retweets,likes,tweetPai
ASEF,@furnas_asef,https://twitter.com/furnas_asef/status/1650519655302217728,2023-04-24T15:18:45.000Z,"É preciso firmeza, contundência para denunciar todos os descalabros na Eletrobras pós privatização.
Seguiremos obstinados até devolvermos a Eletrobras ao povo brasileiro!#LulaReestatizaEletrobrasJá",1,9,10,https://twitter.com/AlencarBraga13/status/1650496512877576192
Política e Democracia,@Palavdiversas,https://twitter.com/Palavdiversas/status/1650504025236709376,2023-04-24T14:16:39.000Z,"#reestatizaEletrobrasJá 
Não é possível um país soberano que não controle suas águas e a produção energética. A Eletrobras, estatal, é a ferramenta para o crescimento econômico e social do Brasil.",1,7,10,https://twitter.com/AlencarBraga13/status/1650496512877576192
VANDEIR COSTA DE SOUSA,@vandeir_cs,https://twitter.com/vandeir_cs/status/1650503562760269833,2023-04-24T14:14:48.000Z,Que volte a Eletrobrás para os brasileiros #reestatizaçãodaeletrobrasja,1,5,7,https://twitter.com/AlencarBraga13/status/1650496512877576192
Victor Costa ,@VictorCostaLuta,https://twitter.com/VictorCostaLuta/status/1650523300295057408,2023-04-24T15:33:14.000Z,Vamos pra cima! É hora de intensificamos a luta pela reestatização da Eletrobras!,1,7,9,https://twitter.com/AlencarBraga13/status/1650496512877576192
Felipe Araújo,@F_ARAUJO_F,https://twitter.com/F_ARAUJO_F/status/1650941430855004186,2023-04-25T19:14:44.000Z,"É isso mesmo @LulaOficial e @AlencarBraga13 ! É preciso lutar com a firmeza dos justos, pela devolução de todas as empresas do grupo Eletrobras (Furnas, Chesf, Eletronorte, CGT Eletrosul e a própria Eletrobras) para o povo brasileiro! #ReestatizaEletrobrasJá",1,4,7,https://twitter.com/AlencarBraga13/status/1650496512877576192
#ikarochaves,@ikaro_chaves,https://twitter.com/ikaro_chaves/status/1650502815473598464,2023-04-24T14:11:50.000Z,"Pra cima deles, @LulaOficial !#ReestatizaEletrobrasJa",1,10,14,https://twitter.com/AlencarBraga13/status/1650496512877576192
LulistaPetista,@LulistaPetista,https://twitter.com/LulistaPetista/status/1650506065140756483,2023-04-24T14:24:45.000Z,Passaram mais de 02 meses e  @AdvocaciaGeral não apresentou relatório a @LulaOficial sobre a privatização da Eletrobras#ReestatizaEletrobrasJá #LulaOBrasilEoMundoRespeitam#100diasObrigadoLula@gleisi @Glauber_Braga @AlencarBraga13 @erikakokay @ColetivoCNE@zeca_dirceu .,0,0,1,https://twitter.com/AlencarBraga13/status/1650496512877576192
LulistaPetista,@LulistaPetista,https://twitter.com/LulistaPetista/status/1650509989742538754,2023-04-24T14:40:21.000Z,Passaram mais de 02 meses e  @AdvocaciaGeral não apresentou relatório a @LulaOficial sobre a privatização da Eletrobras#ReestatizaEletrobrasJá #LulaOBrasilEoMundoRespeitam#OBrasilVoltou@gleisi @Glauber_Braga @AlencarBraga13 @erikakokay @ColetivoCNE@zeca_dirceu .,0,0,1,https://twitter.com/AlencarBraga13/status/1650496512877576192
kakah,@kakahmenina,https://twitter.com/kakahmenina/status/1650640367249764352,2023-04-24T23:18:25.000Z,"Passou da hora de sair do discurso, dep. @AlencarBraga13, não acha? Kd o parecer da AGU ? depois de arrebentarem com a empresa e seus trabalhadores, será tarde d+ #ReestatizaEletrobrasJá #LulaReestatizaEletrobrasJá",1,7,5,https://twitter.com/AlencarBraga13/status/1650496512877576192
Pedro Bear,@Pedrobear1971,https://twitter.com/Pedrobear1971/status/1650503235365371907,2023-04-24T14:13:30.000Z,Também por isso faço o L!!,0,4,5,https://twitter.com/AlencarBraga13/status/1650496512877576192
Patricia Melo,@o_pmel,https://twitter.com/o_pmel/status/1650506213824643072,2023-04-24T14:25:20.000Z,Queremos a Eletrobras nas mãos do povo brasileiro novamente.,0,6,6,https://twitter.com/AlencarBraga13/status/1650496512877576192
AEEL - ASSOCIAÇÃO DOS EMPREGADOS DA ELETROBRAS,@aeeleletrobras,https://twitter.com/aeeleletrobras/status/1650534966491578368,2023-04-24T16:19:36.000Z,#ReestatizaEletrobrasJa,0,3,5,https://twitter.com/AlencarBraga13/status/1650496512877576192
Cesar,@Cesar20051655,https://twitter.com/Cesar20051655/status/1650534713180794886,2023-04-24T16:18:35.000Z,Pela soberania nacional #ReestatizaEletrobrasJá @LulaOficial,0,2,3,https://twitter.com/AlencarBraga13/status/1650496512877576192
Douglas Pereira Ramos,@doug_douglasp,https://twitter.com/doug_douglasp/status/1650503220609908740,2023-04-24T14:13:27.000Z,Vamos reestatizar a Eletrobras @LulaOficial,0,5,7,https://twitter.com/AlencarBraga13/status/1650496512877576192
LÉO SALVE A ENERGIA,@LeoEnergia,https://twitter.com/LeoEnergia/status/1654662588586684417,2023-05-06T01:41:17.000Z,"Vamos pra cima deputado!!!
Tamos juntos em prol de u Brasil soberano que privilegie o trabalhador e não o capital predador…",1,0,0,https://twitter.com/AlencarBraga13/status/1650496512877576192
Eletroluta,@eletroluta,https://twitter.com/eletroluta/status/1650507664030326793,2023-04-24T14:31:06.000Z,É isso aí!!! #ReestatizaEletrobrasja,0,2,5,https://twitter.com/AlencarBraga13/status/1650496512877576192
Rafo!,@Rafosfreitas,https://twitter.com/Rafosfreitas/status/1650520462705688577,2023-04-24T15:21:58.000Z,Vamos devolver a Eletrobras pro povo!,0,4,8,https://twitter.com/AlencarBraga13/status/1650496512877576192
Turnera,@turnera_se,https://twitter.com/turnera_se/status/1650517715746955267,2023-04-24T15:11:03.000Z,#reestatizaaEletrobrasJá,0,2,5,https://twitter.com/AlencarBraga13/status/1650496512877576192
Gabriela Mattos,@PPoucos,https://twitter.com/PPoucos/status/1650518791380512772,2023-04-24T15:15:19.000Z,Vamos denunciar essa bagunça e retomar a Eletrobras pro povo brasileiro!,0,3,5,https://twitter.com/AlencarBraga13/status/1650496512877576192
Angélica Bernardes,@OAnjoExtermina1,https://twitter.com/OAnjoExtermina1/status/1650518559221587971,2023-04-24T15:14:24.000Z,"Foi pra isso que eu fiz o L!

Pra reestatizar a Eletrobras!",0,3,6,https://twitter.com/AlencarBraga13/status/1650496512877576192
Betty Gerby,@BettyGerby,https://twitter.com/BettyGerby/status/1650544675600707604,2023-04-24T16:58:10.000Z,#ForaPrivatisraVagabundos,0,2,3,https://twitter.com/AlencarBraga13/status/1650496512877576192
Sofeia,@sofiamoraiZzZ,https://twitter.com/sofiamoraiZzZ/status/1650515574898696193,2023-04-24T15:02:32.000Z,Ainda bem que eu apertei 13!,0,2,4,https://twitter.com/AlencarBraga13/status/1650496512877576192
Isabel de Castro,@EletricoArco,https://twitter.com/EletricoArco/status/1650519038701846528,2023-04-24T15:16:18.000Z,É pra escancarar a roubalheira da Eletrobras e devolver ela pro povo brasileiro!#LulaReestatizaEletrobrasJá,0,4,5,https://twitter.com/AlencarBraga13/status/1650496512877576192
DCA1974,@DCA19741,https://twitter.com/DCA19741/status/1650511570672254978,2023-04-24T14:46:38.000Z,A privatização do setor elétrico Brasileiro foi um crime de lesa pátria. Temos de retoma-a,0,3,4,https://twitter.com/AlencarBraga13/status/1650496512877576192
Republica das Picanhas,@RedBirdChurch,https://twitter.com/RedBirdChurch/status/1650574888850055203,2023-04-24T18:58:14.000Z,"atenção para ""parcerias"" e ""coisas novas"".
Todo mundo já sabe do que eles estão falando.",0,1,1,https://twitter.com/AlencarBraga13/status/1650496512877576192
Lucena.jr,@JrWaldez,https://twitter.com/JrWaldez/status/1650509076177076225,2023-04-24T14:36:43.000Z,@LulaOficial passou da hora de acabar com essa desfaçatez! #ReestatizaEletrobrasJá @costa_rui @erikakokay @gleisi @Glauber_Braga @lindberghfarias @requiaooficial @SalveAEnergia @Pimenta13Br @rfalcao13,0,4,6,https://twitter.com/AlencarBraga13/status/1650496512877576192
Rodrigo Maia,@Rodrigo22566544,https://twitter.com/Rodrigo22566544/status/1650506800934928384,2023-04-24T14:27:40.000Z,"Reestatiza já, Lula!!!@LulaOficial",0,4,7,https://twitter.com/AlencarBraga13/status/1650496512877576192
Marisa victorio da silva,@victorio_marisa,https://twitter.com/victorio_marisa/status/1650509520139853826,2023-04-24T14:38:29.000Z,"#ReestatizaEletrobrasJá 👷‍♂️⚡⚡⚡Em Portugal, Lula volta a criticar privatização da Eletrobras ✔️O que aconteceu com a Eletrobras não vai se repetir no governo Lula e vamos seguir lutando pra reverter essa privatização criminosa e punir os responsáveis por esse golpe!",0,1,3,https://twitter.com/AlencarBraga13/status/1650496512877576192
PRIVATIZATIONTERMINATORCORP.,@PRV10Z1TERMINA2,https://twitter.com/PRV10Z1TERMINA2/status/1650691474634227715,2023-04-25T02:41:30.000Z,@LulaOficial e @gleisiAproveitem que a mídia dos STATES já fala em reestatização e #ReestatizaEletrobrasJá @antoniocostapm @MarceloRdeSousa @AlencarBraga13 @senadorhumberto @PTLisboaOficial @PTnoSenado @MauraMichaela @medoedeliriobr @andreroncaglia @BacelarBatista,0,4,7,https://twitter.com/AlencarBraga13/status/1650496512877576192
lia,@LLbrasolin,https://twitter.com/LLbrasolin/status/1650512479246512130,2023-04-24T14:50:14.000Z,Esse inútil só sabe criticar Bolsonaro para encobrir o próprio desgoverno. Queria mais uma estatal para colocar os cupinchas dele!,0,0,0,https://twitter.com/AlencarBraga13/status/1650496512877576192
LulistaPetista,@LulistaPetista,https://twitter.com/LulistaPetista/status/1652088276142964736,2023-04-28T23:11:54.000Z,Passaram mais de 02 meses e  @AdvocaciaGeral não apresentou relatório a @LulaOficial sobre o processo de privatização da Eletrobras.#ReestatizaEletrobrasJá #LulaCPMIdaVerdade @gleisi @Glauber_Braga @AlencarBraga13 @erikakokay @ColetivoCNE@asilveiramg@zeca_dirceu .,0,0,0,https://twitter.com/AlencarBraga13/status/1650496512877576192
Salve a ELETROBRAS,@Bentevibentivi,https://twitter.com/Bentevibentivi/status/1650549032345907214,2023-04-24T17:15:29.000Z,"Pois e! Hj esses caras que trabalharam  pela privatização, aumentam seus próprios salários e nossa imprensa simplesmente silencia, não informa a populacao do Crime Lesa Pátria!  #ReestatizaEletrobrasja @LulaOficial",0,2,4,https://twitter.com/AlencarBraga13/status/1650496512877576192
Carrancudo,@carrancaenergia,https://twitter.com/carrancaenergia/status/1650524350527709184,2023-04-24T15:37:25.000Z,Obrigado pelo apoio de sempre deputado!#ReestatizaEletrobrasJá,0,2,5,https://twitter.com/AlencarBraga13/status/1650496512877576192
Pedro Prieto,@Pprieto2Prieto,https://twitter.com/Pprieto2Prieto/status/1650669882894082049,2023-04-25T01:15:42.000Z,"@requiaooficial @Glauber_Braga @dilmabr @FlavioDino @Haddad_Fernando @Pimenta13Br @gleisi 
Revertam o crime de Lesa pátria contra a Eletrobrás. #ReestatizaEletrobrasJá",1,2,3,https://twitter.com/AlencarBraga13/status/1650496512877576192
