nome,usuario,idTweet,dataPublicacao,texto,replies,retweets,likes,tweetPai
Mordomia_SC,@MORDOMIA_SC,https://twitter.com/MORDOMIA_SC/status/1650909859670290432,2023-04-25T17:09:17.000Z,"Se já não bastasse o MBL, agora até o NOVO lacrando com atos da extrema (ultra) direita portuguesa, nem percebem que isso, por tabela joga-os para dentro do saco bolsonarista, que no final do filme, só vai ficar atrelado a extrema direita mundial.",1,0,0,https://twitter.com/adriventurasp/status/1650884876349108224
Will e ML #LulaSim,@williansrangel,https://twitter.com/williansrangel/status/1651162641824378882,2023-04-26T09:53:45.000Z,Olha o motivo aí... Mentirosa.,0,0,1,https://twitter.com/adriventurasp/status/1650884876349108224
labrador bravo,@cristiano993,https://twitter.com/cristiano993/status/1651910892206927873,2023-04-28T11:27:02.000Z,Vaiadissimo,0,0,0,https://twitter.com/adriventurasp/status/1650884876349108224
Pr Mala ®,@Prmalaoficial,https://twitter.com/Prmalaoficial/status/1651168355099852800,2023-04-26T10:16:27.000Z,"Se vaiado segue assinando acordos por onde passa, imagina se fosse aplaudido..",0,0,2,https://twitter.com/adriventurasp/status/1650884876349108224
Bigode Mole,@BigodeMole,https://twitter.com/BigodeMole/status/1651023923205533696,2023-04-26T00:42:32.000Z,MUUUUUUUUUUUUUUUUUUUUUUUUUUUUU,0,0,1,https://twitter.com/adriventurasp/status/1650884876349108224
Tom Ribeiro,@TomRibeiro18,https://twitter.com/TomRibeiro18/status/1650990200485552128,2023-04-25T22:28:32.000Z,Vergonha!,0,0,0,https://twitter.com/adriventurasp/status/1650884876349108224
rosimeire amarante,@rosimeire1717,https://twitter.com/rosimeire1717/status/1650979477097263105,2023-04-25T21:45:55.000Z,"Votei em vc, e desejo que vcs deputados não fiquem só apontando os defeitos desse desgoverno, mas que tenham atitudes de fato. Se não se unirem em torno dos projetos ridículos do desgoverno , eles vão passar com a boiada toda sobre vcs, e o povo não vai gostar disso.",1,0,0,https://twitter.com/adriventurasp/status/1650884876349108224
Ex Post,@ExPostCo,https://twitter.com/ExPostCo/status/1650944844284526594,2023-04-25T19:28:18.000Z,Estadista!  O Planalto agradece a deferência.,0,0,0,https://twitter.com/adriventurasp/status/1650884876349108224
Vel Andrade/Mila Andrade,@VelAndradeLula,https://twitter.com/VelAndradeLula/status/1651186894988795905,2023-04-26T11:30:07.000Z,@adriventurasp uma coisa que você nunca seria: Vaiada por neonazistas! Seria ovacionada! Cada um recebe o que merece dos seus iguais!,0,0,1,https://twitter.com/adriventurasp/status/1650884876349108224
Elisangela,@Elisang23545386,https://twitter.com/Elisang23545386/status/1650938365426950146,2023-04-25T19:02:33.000Z,"Fica triste não! Imagina um presidente representando a gente,  do nível do Bolsonaro. Aquele que diz  que pintou um clima 🤮",0,0,0,https://twitter.com/adriventurasp/status/1650884876349108224
Tchacca Pakuni,@tchaccapakuni,https://twitter.com/tchaccapakuni/status/1651007962943483906,2023-04-25T23:39:07.000Z,"Mais vergonhoso ainda é ter um estadista posando pra foto ao lado de ditador árabe que mandou esquartejar jornalista e que convida e recebe membros de partido neonazista alemão no Planalto, como o @jairbolsonaro fez.",0,0,0,https://twitter.com/adriventurasp/status/1650884876349108224
Leonardo,@leogandolphi,https://twitter.com/leogandolphi/status/1650937173909053465,2023-04-25T18:57:49.000Z,"kkkkkkkkkkkkkkkkkkkkk tá de sacanagem, meia dúzia de gado pingado, tu tá me saindo mais mau caráter que a pistoleira zambeta kkkkkkkkkkkkkkk",0,0,0,https://twitter.com/adriventurasp/status/1650884876349108224
Jane Leticia Barbosa Bascope,@BascopeJane,https://twitter.com/BascopeJane/status/1650982541925531674,2023-04-25T21:58:06.000Z,Vergonha é ter um mandrião ladrão de jóias ainda solto.,0,0,0,https://twitter.com/adriventurasp/status/1650884876349108224
