nome,usuario,idTweet,dataPublicacao,texto,replies,retweets,likes,tweetPai
Doutor com mais sono & com um pouco menos ódio,@b0b_Atom,https://twitter.com/b0b_Atom/status/1650930412007333899,2023-04-25T18:30:57.000Z,Vai acabar com privilégio dos milicos?,0,0,0,https://twitter.com/AlencarBraga13/status/1650927491878363169
Marisa victorio da silva,@victorio_marisa,https://twitter.com/victorio_marisa/status/1650943677890543616,2023-04-25T19:23:40.000Z,"#OBrasilVoltou prioridades orçamentárias 🗣️ com inclusão social ✔️ Comissão Mista de Orçamento (com deputados e senadores) debatendo as prioridades orçamentárias para o Brasil do novo tempo.
Vamos acabar com as mamatas dos mais abastados e avançar na elaboração de um +",0,0,0,https://twitter.com/AlencarBraga13/status/1650927491878363169
Marisa victorio da silva,@victorio_marisa,https://twitter.com/victorio_marisa/status/1650943820794675202,2023-04-25T19:24:14.000Z,orçamento que garanta desenvolvimento com inclusão social.✊✊✊,0,0,0,https://twitter.com/AlencarBraga13/status/1650927491878363169
