nome,usuario,idTweet,dataPublicacao,texto,replies,retweets,likes,tweetPai
Jefferson Celestino,@celestino_ffm,https://twitter.com/celestino_ffm/status/1650459777179295747,2023-04-24T11:20:49.000Z,"Não sou fiscal de gramática no Twitter, eu mesmo escrevo de forma descompromissada aqui, mas essa vírgula separando o sujeito do predicado é demais. 🤦‍♂️",1,0,1,https://twitter.com/BohnGass/status/1650299447417487361
Bohn Gass,@BohnGass,https://twitter.com/BohnGass/status/1650579622445080584,2023-04-24T19:17:02.000Z,Você tem toda a razão. Perdoe-me a desatenção.,0,0,1,https://twitter.com/BohnGass/status/1650299447417487361
"Vó suvaco peludo, feia feito dragão..",@kikacasagrande1,https://twitter.com/kikacasagrande1/status/1650305448409440257,2023-04-24T01:07:34.000Z,O tiro no pé foi de canhão! 😂🥊,0,0,4,https://twitter.com/BohnGass/status/1650299447417487361
Marcelo Morce Dantas,@morcedantas,https://twitter.com/morcedantas/status/1650615264755449857,2023-04-24T21:38:40.000Z,"Curioso o Governo do amor manter esses ""fascistas"" no quadro de funcionários. Tem que ser muito otário para acreditar em políticos.",0,0,0,https://twitter.com/BohnGass/status/1650299447417487361
alice menezes,@liceme,https://twitter.com/liceme/status/1650314898046369792,2023-04-24T01:45:07.000Z,"Agora q se tocaram da m. Q fizeram, tá todo mundo quietinho kkk",3,0,2,https://twitter.com/BohnGass/status/1650299447417487361
Ana | Anti-Partido Fardado,@anaclaporto,https://twitter.com/anaclaporto/status/1650311130781298689,2023-04-24T01:30:09.000Z,Tem q chegar neles,0,0,1,https://twitter.com/BohnGass/status/1650299447417487361
D.Clean,@CostaDenio,https://twitter.com/CostaDenio/status/1650348308190179328,2023-04-24T03:57:53.000Z,É mesmo? 🤡,0,0,1,https://twitter.com/BohnGass/status/1650299447417487361
Anaangélica Silva,@Anaanglica_,https://twitter.com/Anaanglica_/status/1650356091547447298,2023-04-24T04:28:49.000Z,🤣🤣🤣que dó desse povo que acredita em conto de fadas! Precisam de tratamento 🤣🤣🤣🤣,0,0,1,https://twitter.com/BohnGass/status/1650299447417487361
Julio Mirranda,@JulioMirranda,https://twitter.com/JulioMirranda/status/1650587900491210754,2023-04-24T19:49:56.000Z,Deus te ouça deputado. É o que esperamos. Hora de puxar a descarga.,0,0,0,https://twitter.com/BohnGass/status/1650299447417487361
Sany,@magicleh686,https://twitter.com/magicleh686/status/1650529288079261697,2023-04-24T15:57:02.000Z,"Ainda tem a maior testemunha trancada a sete chaves, Ana Pricila, vamos aguardar o sigilo telefônico e bancário dela para ver o mandante!🙏",0,0,1,https://twitter.com/BohnGass/status/1650299447417487361
Augusto Pereira,@augustomkt,https://twitter.com/augustomkt/status/1650313155866763268,2023-04-24T01:38:12.000Z,Q chegue aos chefes das 2 quadrilhas .....,0,0,1,https://twitter.com/BohnGass/status/1650299447417487361
Monike,@Monike93623538,https://twitter.com/Monike93623538/status/1650483554038476800,2023-04-24T12:55:18.000Z,Não é o que estou vendo.,0,0,0,https://twitter.com/BohnGass/status/1650299447417487361
SEM ANISTIA PRA GOLPISTAS FASCISTAS,@CrisCristeca,https://twitter.com/CrisCristeca/status/1650462822919294979,2023-04-24T11:32:55.000Z,Meu querido Bohn Gass você é muito generoso quando fala que o bolsonarismo pensa! Estão nessa categoria justamente por não fazê-lo.,1,0,0,https://twitter.com/BohnGass/status/1650299447417487361
Anderson Farias,@peixedragao,https://twitter.com/peixedragao/status/1650317619545645056,2023-04-24T01:55:56.000Z,Os chefões né?@gen_heleno@BragaNetto_gen@Gen_VillasBoasPq capetão não manda em general. O ladrãozinho de jóias é fantoche dos generais,0,0,0,https://twitter.com/BohnGass/status/1650299447417487361
Daniel Roggia,@roggia,https://twitter.com/roggia/status/1650815758442569728,2023-04-25T10:55:22.000Z,"Minha questão é: pq demoraram tanto pra liberar as imagens? A vida é fácil, o PT que complica",0,0,0,https://twitter.com/BohnGass/status/1650299447417487361
Xprottão,@XPROTTAO,https://twitter.com/XPROTTAO/status/1650645186194579456,2023-04-24T23:37:34.000Z,O Luleeeee,0,0,0,https://twitter.com/BohnGass/status/1650299447417487361
EricsonAdv,@erickbiagi,https://twitter.com/erickbiagi/status/1650535771424661504,2023-04-24T16:22:48.000Z,"Seria expostos de todo jeito , visto que já foram alvos de busca pela PF , o mais importante agora é tornar claro a todos se não houve algo de errado em ser tão fácil invadir os 3 poderes",1,0,1,https://twitter.com/BohnGass/status/1650299447417487361
O Brasil Voltou,@SandraSanMag,https://twitter.com/SandraSanMag/status/1650347166840307712,2023-04-24T03:53:21.000Z,BOLSONARO FOI O MANDANTE DESSE E DE OUTROS CRIMES,0,0,0,https://twitter.com/BohnGass/status/1650299447417487361
Tamil,@tamilsampaio,https://twitter.com/tamilsampaio/status/1650611288286851080,2023-04-24T21:22:52.000Z,"O hora extra demonstra que está apavorado! Vem CPMI, vem!",0,0,0,https://twitter.com/BohnGass/status/1650299447417487361
Ana Bonini,@AnaBonini14,https://twitter.com/AnaBonini14/status/1650326772100083714,2023-04-24T02:32:18.000Z,CPMI DOS GOLPISTAS,0,0,1,https://twitter.com/BohnGass/status/1650299447417487361
Eduardo Nogueira,@nogueiraduddu,https://twitter.com/nogueiraduddu/status/1650453371810111489,2023-04-24T10:55:22.000Z,O que tem nos vídeos alguns sabiam há tempos? Por que não pegaram e puniram os caras?,0,0,0,https://twitter.com/BohnGass/status/1650299447417487361
Marcia Jesus,@MarciaJ41503422,https://twitter.com/MarciaJ41503422/status/1650342588237373440,2023-04-24T03:35:09.000Z,Rsrsrsrs né sabe nada inocente 😇🍼,0,0,0,https://twitter.com/BohnGass/status/1650299447417487361
Anaangélica Silva,@Anaanglica_,https://twitter.com/Anaanglica_/status/1650355792061579266,2023-04-24T04:27:37.000Z,"🤣🤣🤣🤣que papelão,passando pano pra terroristas,os verdadeiros estão soltos e espalhando fake news!",0,0,1,https://twitter.com/BohnGass/status/1650299447417487361
mito,@mito06721455,https://twitter.com/mito06721455/status/1650718784347406336,2023-04-25T04:30:01.000Z,TU ASSINOU A CPMI? OU ÉS APENAS MAIS UM VOCIFERANDO MERDHA?,0,0,0,https://twitter.com/BohnGass/status/1650299447417487361
ABI,@ABII32561483,https://twitter.com/ABII32561483/status/1650305744745496578,2023-04-24T01:08:45.000Z,"Veja perfis criminosos de fake News, diretamente envolvidos nos atos terroristas, tal como o tal do @SpaceLiberdade",0,0,0,https://twitter.com/BohnGass/status/1650299447417487361
FP,@FPedroso,https://twitter.com/FPedroso/status/1650584494951260160,2023-04-24T19:36:24.000Z,.,0,0,1,https://twitter.com/BohnGass/status/1650299447417487361
Templo Invisível,@TemploInvisivel,https://twitter.com/TemploInvisivel/status/1650555094415421441,2023-04-24T17:39:34.000Z,"CPMI DO DIA 8 DE JANEIRO!

A TERRA TREMERÁ!

O CHÃO SE ABRIRÁ!

E UM MAR DE FOGO 🔥 C/ LABAREDAS INCANDESCENTES LAMBERÁ OS CORPOS DA ESQUERDA ENQUANTO O CAPETA SAI ""DAS PROFUNDA"" E LEVA PRO INFERNO TODOS OS ESQUERDISTAS QUE LHE DEVEM A ALMA!

O INFERNO VAI FICAR LOTADO.",0,0,0,https://twitter.com/BohnGass/status/1650299447417487361
Fabio Olivare,@olivarefabi,https://twitter.com/olivarefabi/status/1650350288631390208,2023-04-24T04:05:45.000Z,💞😁👍😜🤣🤣🤣,0,0,0,https://twitter.com/BohnGass/status/1650299447417487361
