nome,usuario,idTweet,dataPublicacao,texto,replies,retweets,likes,tweetPai
Ana | Anti-Partido Fardado,@anaclaporto,https://twitter.com/anaclaporto/status/1651046199711989767,2023-04-26T02:11:03.000Z,Partido Militar?,0,0,0,https://twitter.com/AlencarBraga13/status/1650967797852151809
Capiroto Criativo,@CapirotCriativo,https://twitter.com/CapirotCriativo/status/1651007941200232452,2023-04-25T23:39:02.000Z,Da mesma forma que G.Dias não agiu sozinho!!,0,0,0,https://twitter.com/AlencarBraga13/status/1650967797852151809
Marisa victorio da silva,@victorio_marisa,https://twitter.com/victorio_marisa/status/1650982666001432579,2023-04-25T21:58:36.000Z,"🎬✔️ Um ministro do governo Bolsonaro investigado pela tentativa de roubo de joias. Só que ele não agiu por conta própria.
Sabemos quem deu a ordem...",0,0,0,https://twitter.com/AlencarBraga13/status/1650967797852151809
marcelo rezende cassunde,@CassundeMarcelo,https://twitter.com/CassundeMarcelo/status/1650974502501724161,2023-04-25T21:26:09.000Z,"Tá parecendo o caso do ministro do GSI, do governo Lula, que pediu demissão...kkk",0,0,0,https://twitter.com/AlencarBraga13/status/1650967797852151809
Leila,@Leila_Durja,https://twitter.com/Leila_Durja/status/1650970475919470598,2023-04-25T21:10:09.000Z,"Esse aí, @BragaNetto_gen e Cia mamaram até dizer chega com Satanaro.",0,0,0,https://twitter.com/AlencarBraga13/status/1650967797852151809
Willian4535patriota,@WillianPatriot,https://twitter.com/WillianPatriot/status/1651179265403101184,2023-04-26T10:59:48.000Z,COMÉDIAS 🤣🤣🤣😂,0,0,0,https://twitter.com/AlencarBraga13/status/1650967797852151809
lia,@LLbrasolin,https://twitter.com/LLbrasolin/status/1651015376635846658,2023-04-26T00:08:34.000Z,"Bla, bla, bla, para esconder o desgoverno petraLha.",0,0,0,https://twitter.com/AlencarBraga13/status/1650967797852151809
LulistaPetista,@LulistaPetista,https://twitter.com/LulistaPetista/status/1650980917920366594,2023-04-25T21:51:39.000Z,Ele foi uns dos culpados da privatização da Eletrobras.#ReestatizaEletrobrasJá @LulaOficial @ColetivoCNE @gleisi @erikakokay @zeca_dirceu @paulopaim @jeanpaulprates @Glauber_Braga @requiaooficial,0,0,0,https://twitter.com/AlencarBraga13/status/1650967797852151809
