nome,usuario,idTweet,dataPublicacao,texto,replies,retweets,likes,tweetPai
т¡ค,@tttamaio,https://twitter.com/tttamaio/status/1650813648355352576,2023-04-25T10:46:59.000Z,"QUE SAUDADE DO BOLSONARO
enquanto isso Lula jogando dinheiro no ralo que seria p/ servir ao povo brasileiro mais necessitado, em viagens, hotéis e muito  luxo com sua gangue em Portugal",0,0,0,https://twitter.com/BohnGass/status/1650573933505069056
Andrade Selma,@AndradeSelma2,https://twitter.com/AndradeSelma2/status/1650894025589661696,2023-04-25T16:06:22.000Z,Honestidade intelectual? 🤡,0,0,0,https://twitter.com/BohnGass/status/1650573933505069056
Roberto Souza,@Roberto43588631,https://twitter.com/Roberto43588631/status/1650932160696557598,2023-04-25T18:37:54.000Z,#PL2630Nao,0,0,0,https://twitter.com/BohnGass/status/1650573933505069056
Nerak Akire,@karenbaldi12,https://twitter.com/karenbaldi12/status/1650914223478784012,2023-04-25T17:26:38.000Z,Que compositor oq... .... Coisas que aconteceram no passado ficaram  lá ..... Não merece prêmio nenhum....,0,0,0,https://twitter.com/BohnGass/status/1650573933505069056
Solange Nonnenmacher,@SolangeNonnenm1,https://twitter.com/SolangeNonnenm1/status/1650964770604851201,2023-04-25T20:47:29.000Z,Parabéns Chico! Parabéns e vida longa à Maria Conceição!,0,0,0,https://twitter.com/BohnGass/status/1650573933505069056
vinicius bairral,@vinibairral,https://twitter.com/vinibairral/status/1650825793465987075,2023-04-25T11:35:14.000Z,"Mente não, cara.",0,0,0,https://twitter.com/BohnGass/status/1650573933505069056
Romildo Peixoto Caulo,@CauloPeixoto,https://twitter.com/CauloPeixoto/status/1651726731961614342,2023-04-27T23:15:15.000Z,Putz!,0,0,0,https://twitter.com/BohnGass/status/1650573933505069056
Luciano Peres,@Luciano_Peres_,https://twitter.com/Luciano_Peres_/status/1650800342525779973,2023-04-25T09:54:06.000Z,Sério?,0,0,0,https://twitter.com/BohnGass/status/1650573933505069056
Kito #Lula13,@Frmarchetaria,https://twitter.com/Frmarchetaria/status/1650685204363608064,2023-04-25T02:16:35.000Z,#ChicoBuarque me representa !!!,0,0,0,https://twitter.com/BohnGass/status/1650573933505069056
Victor Hugo,@VictorH09734410,https://twitter.com/VictorH09734410/status/1650823555771187200,2023-04-25T11:26:21.000Z,"A elite caviar recebe premiacoes. 
Enquanto isso o brasileiro comum cada vez mais na miséria",0,0,0,https://twitter.com/BohnGass/status/1650573933505069056
Wanise Cabral,@WaniseCabral1,https://twitter.com/WaniseCabral1/status/1650601425368391694,2023-04-24T20:43:41.000Z,🥰🥰 2 gênios,0,0,0,https://twitter.com/BohnGass/status/1650573933505069056
Cátia Mesquita,@CtiaMesquita4,https://twitter.com/CtiaMesquita4/status/1650815956376068096,2023-04-25T10:56:09.000Z,👏 🤲 🙌 👏 🤲,0,0,0,https://twitter.com/BohnGass/status/1650573933505069056
"""O Exército é a pior estatal brasileira""",@Avillmac,https://twitter.com/Avillmac/status/1650814047414091778,2023-04-25T10:48:34.000Z,Uma besta pode ter honestidade e preservar seu princípios de besta,0,0,0,https://twitter.com/BohnGass/status/1650573933505069056
SELMY ANTONIO,@AntonioSelmy,https://twitter.com/AntonioSelmy/status/1650801405098184707,2023-04-25T09:58:20.000Z,Com direito a  vaga da esposa no BNDES!!! O Chico na brinca.,0,0,0,https://twitter.com/BohnGass/status/1650573933505069056
Roberta,@_ro_ber_ta_,https://twitter.com/_ro_ber_ta_/status/1650763707947810817,2023-04-25T07:28:32.000Z,🤮,0,0,0,https://twitter.com/BohnGass/status/1650573933505069056
Artur Reinhardt,@Arturreinhardt,https://twitter.com/Arturreinhardt/status/1650761516801466368,2023-04-25T07:19:49.000Z,Economista? Extrema esquerda deve tá chorando em posição fetal. Eles soh gostam d vagabundos,0,0,0,https://twitter.com/BohnGass/status/1650573933505069056
MGS-livramento73,@livramento73,https://twitter.com/livramento73/status/1650933151823175693,2023-04-25T18:41:50.000Z,"Só um mau caráter recebendo um prêmio por suas maucaratices.
E o povo que banca esse mau caráter.",0,0,0,https://twitter.com/BohnGass/status/1650573933505069056
DullioMartins,@DullioM,https://twitter.com/DullioM/status/1650583444194205700,2023-04-24T19:32:14.000Z,Sei ... 🙄😏,0,0,0,https://twitter.com/BohnGass/status/1650573933505069056
ToRyBa,@A_ToRyBa,https://twitter.com/A_ToRyBa/status/1650661364581400576,2023-04-25T00:41:51.000Z,"ATRASADO, MAS EM TEMPO.",0,0,0,https://twitter.com/BohnGass/status/1650573933505069056
Michel Müller,@michelmuller,https://twitter.com/michelmuller/status/1650685579108159489,2023-04-25T02:18:04.000Z,"Vamos a fato, sem julgar o personagem em questão.... Se fizer uma pesquisa de rua, buscando os jovens, e pedirem para cantar um trecho de uma música que se lembrem do Chico Buarque, cantaram: ""Olha que coisa mais linda cheia de graça"". Esta é a verdade, o que representa Chico.",0,0,0,https://twitter.com/BohnGass/status/1650573933505069056
Brasileiro,@JosCarlosdaFon4,https://twitter.com/JosCarlosdaFon4/status/1650629319348068353,2023-04-24T22:34:31.000Z,"Os dicionários definem a misoginia como ""aversão às mulheres"", ""ódio às mulheres"" e como ""o ódio, a aversão ou desconfiança das mulheres"". 

Joga pedra na Geni!
Joga bosta na Geni!
Ela é feita pra apanhar!
Ela é boa de cuspir!
Ela dá pra qualquer um!
Maldita Geni!",0,0,0,https://twitter.com/BohnGass/status/1650573933505069056
Celso Pintor Gois,@goiscelso,https://twitter.com/goiscelso/status/1650929343776825360,2023-04-25T18:26:42.000Z,"Uma única fala de Lula sobre a Ucrânia tirou do Brasil um investimento de US$ 50 bilhões e a criação de 10 mil empregos diretos e indiretos para construção de aviões no país. Vai fazendo o ""L"", querido!",0,0,0,https://twitter.com/BohnGass/status/1650573933505069056
