nome,usuario,idTweet,dataPublicacao,texto,replies,retweets,likes,tweetPai
Daniele Moreira,@Dane_Paula,https://twitter.com/Dane_Paula/status/1650826881871085570,2023-04-25T11:39:34.000Z,"Esse ataque terrorista precisa ser debatido de forma clara, como ato terrorista mesmo!!! 
Não foi apenas uma tentativa, o ato foi praticado, a bomba q não funcionou.",0,0,0,https://twitter.com/BohnGass/status/1650818620044320771
Elton Cesar Paulo ⓟ,@eltoncpaulo,https://twitter.com/eltoncpaulo/status/1650820102453972995,2023-04-25T11:12:37.000Z,"Previsíveis os votos dos ministros, não dava para esperar nada de bom vindo deles.",0,0,2,https://twitter.com/BohnGass/status/1650818620044320771
Juçara M Teixeira,@jucaramteixeira,https://twitter.com/jucaramteixeira/status/1650877636204285959,2023-04-25T15:01:14.000Z,Isso só mostra que apoiam o que aconteceu no dia 8 de janeiro.,0,0,1,https://twitter.com/BohnGass/status/1650818620044320771
alberto Natalino,@albertoNatalin5,https://twitter.com/albertoNatalin5/status/1650873337973809153,2023-04-25T14:44:10.000Z,"Parabéns ministros, a história pos-comtenporãnea vai mostrar onde está a verdade.",0,0,0,https://twitter.com/BohnGass/status/1650818620044320771
ABI,@ABII32561483,https://twitter.com/ABII32561483/status/1650849559113867271,2023-04-25T13:09:40.000Z,"Ué, mas e os “generais”, que permitiram isso? Só recebem medalhas e benefícios? Ou têm responsabilidade?",0,0,0,https://twitter.com/BohnGass/status/1650818620044320771
Cydia Maria,@Cydiamaria1,https://twitter.com/Cydiamaria1/status/1650874414555181060,2023-04-25T14:48:26.000Z,O que poderíamos esperar dessas duas figuras NEFASTAS?,0,0,0,https://twitter.com/BohnGass/status/1650818620044320771
Isabel Santos,@IsaborSan,https://twitter.com/IsaborSan/status/1650863650960453634,2023-04-25T14:05:40.000Z,Temos que rever modos e motivos para desaprodecer o judiciário.,0,0,0,https://twitter.com/BohnGass/status/1650818620044320771
Esfinge,@Esfinge51858057,https://twitter.com/Esfinge51858057/status/1650994907442565120,2023-04-25T22:47:14.000Z,É muita mentira 🤥,0,0,0,https://twitter.com/BohnGass/status/1650818620044320771
FOIA DE SUMPAULO,@Foiadesumpaulo,https://twitter.com/Foiadesumpaulo/status/1650877225644830725,2023-04-25T14:59:37.000Z,"Isso não explica a omissão dos fascistas vermelhos, mostrada nas imagens.",0,0,0,https://twitter.com/BohnGass/status/1650818620044320771
Ulisses,@Ulisses06497577,https://twitter.com/Ulisses06497577/status/1650941697440772114,2023-04-25T19:15:48.000Z,"Deixe de desinformar, apenas seguiram o devido processo legal, que foi abolido pelos demais votantes",0,0,0,https://twitter.com/BohnGass/status/1650818620044320771
Paulo Jr,@i9serv,https://twitter.com/i9serv/status/1650839166303739910,2023-04-25T12:28:23.000Z,Fonte: Os duendes me contaram,0,0,0,https://twitter.com/BohnGass/status/1650818620044320771
Sergio,@Sergio66554556,https://twitter.com/Sergio66554556/status/1650839296797016067,2023-04-25T12:28:54.000Z,"Essa é mais uma falácia... Adivinha só quem deve ser o mentor disso?? Esses mesmos... Os mesmos da invasão ""golpista""... Ou seja esquerdalhada comedora de abóbora...🤣🤣🤣🤣🤣",0,0,0,https://twitter.com/BohnGass/status/1650818620044320771
Daniel,@birk2,https://twitter.com/birk2/status/1650833472095748097,2023-04-25T12:05:45.000Z,A esquerdalha tá apavorada. Can@lhas🤮🤮🤮🤮,0,0,0,https://twitter.com/BohnGass/status/1650818620044320771
ValentimBR,@profvalentimbr,https://twitter.com/profvalentimbr/status/1650828762932445184,2023-04-25T11:47:02.000Z,"😟 Deploravelmente, o @STF_oficial terá que carregar nas costas, por muitos anos, estas 2 MÚMIAS ambulantes.

O pau-mandado egoísta, embalsamando-se a si mesmo, transforma-se numa MÚMIA, que finge não sentir dor e não goza a alegria da justiça nem da vida - é um MORTO-VIVO. Exs:",0,0,1,https://twitter.com/BohnGass/status/1650818620044320771
