nome,usuario,idTweet,dataPublicacao,texto,replies,retweets,likes,tweetPai
Salesocara,@Sales19562501,https://twitter.com/Sales19562501/status/1650622271399051265,2023-04-24T22:06:31.000Z,"Quem tem c@ tem medo, né 🐂 sominios?",0,0,0,https://twitter.com/AlencarBraga13/status/1650518057905795074
Sergio do agitaço,@serjaoagitaco,https://twitter.com/serjaoagitaco/status/1651630503915659281,2023-04-27T16:52:52.000Z,"Não podem aceitar arrego, se aceitar será uma vergonha, punição a todos, já.!",0,0,0,https://twitter.com/AlencarBraga13/status/1650518057905795074
Melina marques miranda,@Melinamarquesm7,https://twitter.com/Melinamarquesm7/status/1650524650949025792,2023-04-24T15:38:36.000Z,Corre aqui @VanLiberdade,0,0,0,https://twitter.com/AlencarBraga13/status/1650518057905795074
Com a nossa…,@DouPq,https://twitter.com/DouPq/status/1650527848086618116,2023-04-24T15:51:18.000Z,A fonte é aquele jornalista q soltou o q ele acha? Hahahaha triste coloca aí quem@dos fdp da direita não quer mais,0,0,0,https://twitter.com/AlencarBraga13/status/1650518057905795074
Camurupim,@camurupim01,https://twitter.com/camurupim01/status/1650682537319051275,2023-04-25T02:05:59.000Z,Olha a fonte da matéria kkkkkkkkkkkkkkkkkkkk,0,0,0,https://twitter.com/AlencarBraga13/status/1650518057905795074
Ronaldo,@RonaldoRizzuti,https://twitter.com/RonaldoRizzuti/status/1650520484461572098,2023-04-24T15:22:03.000Z,CPMI DOS GOLPISTAS JÁ,0,0,0,https://twitter.com/AlencarBraga13/status/1650518057905795074
Marisa victorio da silva,@victorio_marisa,https://twitter.com/victorio_marisa/status/1650527547308769281,2023-04-24T15:50:07.000Z,"""Atos golpistas: bolsonaristas começam a recuar na defesa de uma CPMI"" 🙄✔️Mas já?! A Valentina da extrema-direita só existe na internet.",0,0,0,https://twitter.com/AlencarBraga13/status/1650518057905795074
joão,@jvc190174,https://twitter.com/jvc190174/status/1650534019237330945,2023-04-24T16:15:50.000Z,Fake news.,0,0,0,https://twitter.com/AlencarBraga13/status/1650518057905795074
Iraja Felipe,@felipe_iraja,https://twitter.com/felipe_iraja/status/1650554355370676224,2023-04-24T17:36:38.000Z,Cpmi dos golpistas num vai sobrar pedra sobre pedra,0,0,0,https://twitter.com/AlencarBraga13/status/1650518057905795074
Marcel Diogo,@Diogo2Marcel,https://twitter.com/Diogo2Marcel/status/1650604181269389344,2023-04-24T20:54:38.000Z,Seu nome era familiar eu não sabia donde,0,0,0,https://twitter.com/AlencarBraga13/status/1650518057905795074
Siso,@Costa6Moacyr,https://twitter.com/Costa6Moacyr/status/1650795708314730496,2023-04-25T09:35:41.000Z,São muito burros...Deram um tiro no pé!,0,0,0,https://twitter.com/AlencarBraga13/status/1650518057905795074
Guga Davila,@Osvaldogdavila,https://twitter.com/Osvaldogdavila/status/1650520658156060672,2023-04-24T15:22:44.000Z,Olha só os que se dizem contra as fake News. Deixa de ser mentiroso deputado.,0,0,1,https://twitter.com/AlencarBraga13/status/1650518057905795074
Lídia Costa,@lcacalves,https://twitter.com/lcacalves/status/1650583315559194624,2023-04-24T19:31:43.000Z,Eles são covardes !,0,0,1,https://twitter.com/AlencarBraga13/status/1650518057905795074
lia,@LLbrasolin,https://twitter.com/LLbrasolin/status/1650599054466752517,2023-04-24T20:34:15.000Z,"Kkkkkkkkkkkk! Papinho!!!!!!!! Não vem intimidar!!! Aqui, não! Quem nunca quis foram VOCÊS !!!",0,0,0,https://twitter.com/AlencarBraga13/status/1650518057905795074
Fernando Ramiro,@Fernand25835042,https://twitter.com/Fernand25835042/status/1650527988931350528,2023-04-24T15:51:52.000Z,Who are? Foram pra papuda/ colméia? Brasil quer saber....,0,0,0,https://twitter.com/AlencarBraga13/status/1650518057905795074
