nome,usuario,idTweet,dataPublicacao,texto,replies,retweets,likes,tweetPai
BUSTER GUNSLINGER,@BusterScruggs12,https://twitter.com/BusterScruggs12/status/1651195989636595716,2023-04-26T12:06:16.000Z,Agora você disse uma verdade!!!!! Mas eles podem fazer companhia um para o outro!  😂😂😂😂😂😂🍿🍿🍿🍿🍿🍿🍿🍿🍿,2,3,56,https://twitter.com/cabogilberto/status/1650614678354051074
Coronel Rocha ∴,@coronelrochase,https://twitter.com/coronelrochase/status/1650788956080930818,2023-04-25T09:08:51.000Z,por @coronelrochase,0,1,1,https://twitter.com/cabogilberto/status/1650614678354051074
Magnus Goulart,@magnusgoulart,https://twitter.com/magnusgoulart/status/1650923065423929347,2023-04-25T18:01:46.000Z,"Calma, Gilberto…

Por que tanto desespero?

Logo o Torres entrega geral. Não vai sobrar pedra sobre pedra na fascistolândia bolsonarista.",0,1,7,https://twitter.com/cabogilberto/status/1650614678354051074
Amor pelo Brasil,@Marla2121,https://twitter.com/Marla2121/status/1650855918731423745,2023-04-25T13:34:57.000Z,"Falta prender Bolsonaro, seus filhos, Gen Heleno, o vice, os militares que circularam no planalto no dia do ataque, o militar que impediu a polícia de chegar no QG no dia do ataque… concordo, tem muitas pessoas que ainda estão soltas!",0,0,3,https://twitter.com/cabogilberto/status/1650614678354051074
Asantos,@airtonsa,https://twitter.com/airtonsa/status/1650894277927378949,2023-04-25T16:07:22.000Z,"Mimimi, todo político, apronta, vai preso e começa passar mal. O Golpe tá aí...",0,0,1,https://twitter.com/cabogilberto/status/1650614678354051074
Simone Lopes,@Din2Diniz,https://twitter.com/Din2Diniz/status/1650805588253634562,2023-04-25T10:14:57.000Z,"Lula ficou preso por mais de 500 dias, com dignidade. Esse cara tramou golpe e agora chora? Ele está preso em sala com tv, será que alguma vez, quando era ministro, pôs os pés em penitenciária para ver como é?",8,0,13,https://twitter.com/cabogilberto/status/1650614678354051074
Rosy,@Rosy190278,https://twitter.com/Rosy190278/status/1650661590209789954,2023-04-25T00:42:45.000Z,"Tá com saudade do Torres?
 Vai lá fazer companhia pra ele, o coitadinho tá se sentindo muito sozinho.😂",0,0,9,https://twitter.com/cabogilberto/status/1650614678354051074
Docente Adevaldo R. L.,@LAdevaldo,https://twitter.com/LAdevaldo/status/1650669037939052547,2023-04-25T01:12:21.000Z,"muitos criminosos perigosos tem piora. Como Dino disse, tem médicos para assegurar o detento atrás das grades, e ser atendidos",0,0,1,https://twitter.com/cabogilberto/status/1650614678354051074
"Deus, Pátria, Família e Liberdade",@romulo8118,https://twitter.com/romulo8118/status/1650666457401892868,2023-04-25T01:02:06.000Z,"Esse Anderson Torres deve ter metido o dedo numa ferida muito profunda durante o governo Bolsonaro! O caso dele se assemelha com Daniel Silveira,  Roberto Jefferson e do cacique Serere,  esses serão definhados até não resta psicológico para se defender ou atacar.",0,0,3,https://twitter.com/cabogilberto/status/1650614678354051074
Angelika Leal,@leal_angelika,https://twitter.com/leal_angelika/status/1650631177114361864,2023-04-24T22:41:54.000Z,"Sim,o bolsonaro tá solto.",1,0,4,https://twitter.com/cabogilberto/status/1650614678354051074
jeferson souza,@souzafefo,https://twitter.com/souzafefo/status/1650620778444996608,2023-04-24T22:00:35.000Z,Infelizmente estamos em xandaquistão.......,0,0,0,https://twitter.com/cabogilberto/status/1650614678354051074
João 8:32,@joao_jb22,https://twitter.com/joao_jb22/status/1650622816247488513,2023-04-24T22:08:41.000Z,"Anderson Torres está sendo TORTURADO através de uma prisão ILEGAL!

Além de dar prejuízo bilionário aos traficantes do PCC, Anderson Torres impediu parte da compra ilegal de votos no nordeste!

Por isso o mal tratam?🤔LIBERTEM ANDERSON TORRES!",8,2,12,https://twitter.com/cabogilberto/status/1650614678354051074
fé em Deus,@bmelomelo10,https://twitter.com/bmelomelo10/status/1650886976403386371,2023-04-25T15:38:21.000Z,Logo o BOLZO 🙏 vai ser preso junto vai alguns deputados,1,0,0,https://twitter.com/cabogilberto/status/1650614678354051074
FRANCO,@rsf0000_franco,https://twitter.com/rsf0000_franco/status/1650617519298818052,2023-04-24T21:47:38.000Z,Justo hoje que PF investigou e-mails do Anderson Torres bolsonaristas simultaneamente estão pedindo sua soltura? 😂😂😂😂,0,0,0,https://twitter.com/cabogilberto/status/1650614678354051074
FRANCO,@rsf0000_franco,https://twitter.com/rsf0000_franco/status/1650617732814053380,2023-04-24T21:48:29.000Z,Anderson Torres está seguro preso,0,0,0,https://twitter.com/cabogilberto/status/1650614678354051074
E no fim o ladrão tinha 10 dedos,@Daniele99502778,https://twitter.com/Daniele99502778/status/1650820866584748034,2023-04-25T11:15:40.000Z,Ele precisa começar a falar isso sim!,0,0,0,https://twitter.com/cabogilberto/status/1650614678354051074
Odorico Carvalho,@odoricocarvalho,https://twitter.com/odoricocarvalho/status/1651295550296268801,2023-04-26T18:41:53.000Z,Estão se pelando de medo da delação.,0,0,0,https://twitter.com/cabogilberto/status/1650614678354051074
"PATRIOTS,OPEN YOUR EYES.",@GLADSTONSAUNIER,https://twitter.com/GLADSTONSAUNIER/status/1650632343244226561,2023-04-24T22:46:32.000Z,"Se vcs da oposição quisessem isso vcs reuniriam toda a oposição e tomavam uma atitude....mas vcs querem isso,tão fazendo média visando reeleição ,são frouxos ou corruptos mesmo? Tenho certeza que é  algo assim...",0,0,0,https://twitter.com/cabogilberto/status/1650614678354051074
"Liberdade, volta?",@VoltaLiberdade,https://twitter.com/VoltaLiberdade/status/1650661752151965697,2023-04-25T00:43:24.000Z,#ImpeachmentAlexandreDeMoraes #ImpeachmentMoraes #LiberdadeParaAndersonTorres,0,0,0,https://twitter.com/cabogilberto/status/1650614678354051074
Iraci Pereira,@IraciPe30702542,https://twitter.com/IraciPe30702542/status/1650619709010706434,2023-04-24T21:56:20.000Z,Cabu Gilberto  olha isso essa creatina tem que ser convocada  pra depor,4,0,0,https://twitter.com/cabogilberto/status/1650614678354051074
karla Costa,@karlinha2505,https://twitter.com/karlinha2505/status/1650632739408736256,2023-04-24T22:48:07.000Z,#LibertemAndersonTorres,0,0,0,https://twitter.com/cabogilberto/status/1650614678354051074
Brugnaaaagoᶜʳᶠ,@abrugnago,https://twitter.com/abrugnago/status/1650845181040623617,2023-04-25T12:52:17.000Z,Sim está solto e pensando em ser presidente em 2026.,0,0,0,https://twitter.com/cabogilberto/status/1650614678354051074
Patty,@LolipopSugary,https://twitter.com/LolipopSugary/status/1650615139966541830,2023-04-24T21:38:10.000Z,Queremos Justiça#LibertemAndersonTorres,0,0,2,https://twitter.com/cabogilberto/status/1650614678354051074
Regis Filosofia,@ReginaldoFiloso,https://twitter.com/ReginaldoFiloso/status/1651279065570066459,2023-04-26T17:36:23.000Z,"Acharem uma minuta golpista na casa dele, relatório das cidades em que Lula teve mais votos e provas que ele intensificou acordada PRF nessas cidades para barrar eleitores de Lula, desmontou toda a segurança do DF e fugiu para os USA..quer mais provas?",0,0,1,https://twitter.com/cabogilberto/status/1650614678354051074
Múltiplas Exposições,@ptfreire,https://twitter.com/ptfreire/status/1650809430399746049,2023-04-25T10:30:13.000Z,"Não. Bandido tem que estar na prisão. Esse é o papo de vocês mesmos (aliás, o papo é muito pior).",0,0,1,https://twitter.com/cabogilberto/status/1650614678354051074
Maria Teresa Pires,@terresipires,https://twitter.com/terresipires/status/1650838174686486528,2023-04-25T12:24:26.000Z,"É mesmo?!
Tô morrendo de dó… 🤡🤣🤣🤣🤡🤣🤣🤣🤡",1,0,4,https://twitter.com/cabogilberto/status/1650614678354051074
adelmar,@aquino_adelmar,https://twitter.com/aquino_adelmar/status/1650951456680210441,2023-04-25T19:54:35.000Z,"Não, vai ficar preso e delatar todos....
Tic,tac,tic,tac",1,0,1,https://twitter.com/cabogilberto/status/1650614678354051074
Marco Aurélio,@MarcoAurelioAA,https://twitter.com/MarcoAurelioAA/status/1650847339634892800,2023-04-25T13:00:51.000Z,"Chorando por onde sente suadade, né safadzenhow?",0,0,1,https://twitter.com/cabogilberto/status/1650614678354051074
Andiamomeno,@Andiamomeno1,https://twitter.com/Andiamomeno1/status/1650658713609355264,2023-04-25T00:31:19.000Z,Bandido bom é bandido preso. Apoiadores do genocida corrupto e golpista têm medo de delação de Anderson Torres.,0,0,4,https://twitter.com/cabogilberto/status/1650614678354051074
ᒪᕮ〇ᘉᕮᒪ ₣ƗᖇᗰƗᘉ〇,@leonelsfirmino,https://twitter.com/leonelsfirmino/status/1651186611420364801,2023-04-26T11:29:00.000Z,"Uns que realmente tem provas em vídeo planejando tudo a mando , está solto.
Outro que não tem nada haver com a história,tá preso ...esse é o Brasil 👏👏👏👏👏👏👏👏👏👏👏👏👏",0,0,1,https://twitter.com/cabogilberto/status/1650614678354051074
Anthony Jean Neris,@AnthonyJean01,https://twitter.com/AnthonyJean01/status/1650883468149116932,2023-04-25T15:24:25.000Z,"ele vai morrer doente lá dentro, alguém duvida.",0,0,0,https://twitter.com/cabogilberto/status/1650614678354051074
suzana junqueira,@scj1112,https://twitter.com/scj1112/status/1650924657887834113,2023-04-25T18:08:05.000Z,NananinaNÃO!#CPMIDosGolpistas,0,0,0,https://twitter.com/cabogilberto/status/1650614678354051074
LAW & ORDER,@aspasojevic379,https://twitter.com/aspasojevic379/status/1650825221295820801,2023-04-25T11:32:58.000Z,Esse bixo tá na prisao,0,0,0,https://twitter.com/cabogilberto/status/1650614678354051074
LAW & ORDER,@aspasojevic379,https://twitter.com/aspasojevic379/status/1650825436266364931,2023-04-25T11:33:49.000Z,CPI de toga tmb e de Dino e de gsi e de PGR e de delegado que é chefe do DF ese que investigou facada,0,0,0,https://twitter.com/cabogilberto/status/1650614678354051074
Andiamomeno,@Andiamomeno1,https://twitter.com/Andiamomeno1/status/1650961861339127808,2023-04-25T20:35:55.000Z,"Cê cometendo crime. Que cê seja chamado ao Tribunal para apresentar provas. O ônus da prova é de quem acusa, diz a lei.",0,0,0,https://twitter.com/cabogilberto/status/1650614678354051074
ilanya,@ilanyaalves,https://twitter.com/ilanyaalves/status/1650853163203952640,2023-04-25T13:24:00.000Z,Kkkkkkkkkkkkque campanha é essa?,0,0,0,https://twitter.com/cabogilberto/status/1650614678354051074
ᒪᕮ〇ᘉᕮᒪ ₣ƗᖇᗰƗᘉ〇,@leonelsfirmino,https://twitter.com/leonelsfirmino/status/1650945186573213696,2023-04-25T19:29:40.000Z,"Não somente Torres,e sim todos aqueles que foram atraídos para uma emboscada e presos.",0,0,0,https://twitter.com/cabogilberto/status/1650614678354051074
Vendedor 2,@2Vendedor29,https://twitter.com/2Vendedor29/status/1650814842901504004,2023-04-25T10:51:43.000Z,Vão pagar numa moeda dobrada tudo que fizeram com o Brasil! Deus pátria família,0,0,0,https://twitter.com/cabogilberto/status/1650614678354051074
Marta Maricy Franceschi,@MaricyMarta1,https://twitter.com/MaricyMarta1/status/1650887784666656768,2023-04-25T15:41:34.000Z,Justiça 🇧🇷,0,0,0,https://twitter.com/cabogilberto/status/1650614678354051074
Domingos Afonso,@savioafonso,https://twitter.com/savioafonso/status/1650824518644953088,2023-04-25T11:30:10.000Z,"Mas e o ditado da extrema direita “cadeia pública não é hotel”, não vale para o ministro golpista?",0,0,1,https://twitter.com/cabogilberto/status/1650614678354051074
HumbJr,@HumbJr,https://twitter.com/HumbJr/status/1651566499268624385,2023-04-27T12:38:32.000Z,Urgente!!??? Pq?!! Pq ele joga no seu time de perdedores?,0,0,0,https://twitter.com/cabogilberto/status/1650614678354051074
Denise Evangelista,@evangelistadeh,https://twitter.com/evangelistadeh/status/1650678696771035136,2023-04-25T01:50:44.000Z,#LibertemAndersonTorres vamos levantar a hashtag,0,0,0,https://twitter.com/cabogilberto/status/1650614678354051074
Rogério,@Rogriom06972687,https://twitter.com/Rogriom06972687/status/1650618073320128512,2023-04-24T21:49:50.000Z,Esse desgoverno do descondenado lula nunca me enganou essa turma e perigosíssima,0,0,0,https://twitter.com/cabogilberto/status/1650614678354051074
Rocco,@RRocco33,https://twitter.com/RRocco33/status/1650884000364347393,2023-04-25T15:26:32.000Z,Até juristas de esquerda já se dizem contrários à prisão.,0,0,0,https://twitter.com/cabogilberto/status/1650614678354051074
Oliveira Domiense,@ODomiense,https://twitter.com/ODomiense/status/1650912630813388800,2023-04-25T17:20:18.000Z,"Nobre deputado, gostaria de saber como foi a votação do Capitão Alden sobre o PL2630, pois não consigo achar o @ dele.",0,0,0,https://twitter.com/cabogilberto/status/1650614678354051074
Beatriz Aparecida Domingues,@Beatriz16618661,https://twitter.com/Beatriz16618661/status/1651221134187143168,2023-04-26T13:46:11.000Z,Justiça!!!!!,0,0,0,https://twitter.com/cabogilberto/status/1650614678354051074
amadeu angelo,@amadeucivitare1,https://twitter.com/amadeucivitare1/status/1651294602907746332,2023-04-26T18:38:07.000Z,"Faz parte de um projeto de vingança.
Somente não sei de quê.
Um dia virá à luz.",0,0,0,https://twitter.com/cabogilberto/status/1650614678354051074
Eli BV,@ElianeBatistaV3,https://twitter.com/ElianeBatistaV3/status/1650665901715226625,2023-04-25T00:59:53.000Z,Sempre soubemos! Se houvesse respeito ao devido processo legal...essa prisão jamais teria acontecido!,0,0,0,https://twitter.com/cabogilberto/status/1650614678354051074
Marcia Carapinha,@CarapinhaMarcia,https://twitter.com/CarapinhaMarcia/status/1650835362153996288,2023-04-25T12:13:16.000Z,Tadim...,0,0,1,https://twitter.com/cabogilberto/status/1650614678354051074
Rodrigo Abreu,@rodrigobabh,https://twitter.com/rodrigobabh/status/1650623186243919874,2023-04-24T22:10:09.000Z,Sério? Um bandido desse? Mas ele ainda não pagou pelo que fez. Vai pagar. E vai dizer quem foram os mandantes. Ahhh pera. Já sabemos quem foi. BOLSONARO 😂😂😂😂,1,0,3,https://twitter.com/cabogilberto/status/1650614678354051074
Maria Alzineide,@mariaalzineide1,https://twitter.com/mariaalzineide1/status/1650689961564291072,2023-04-25T02:35:29.000Z,"Deputado parabéns por seu trabalho e coragem, mas peço sua ajuda pra ajudar a barrar o PL da censura amanhã, obrigada.",0,0,1,https://twitter.com/cabogilberto/status/1650614678354051074
Pr Mala ®,@Prmalaoficial,https://twitter.com/Prmalaoficial/status/1650859238686695424,2023-04-25T13:48:08.000Z,Vivi pra ver BOLSONARISTA fazer campanha pra tirar CRIMINOSO da cadeia,5,7,92,https://twitter.com/cabogilberto/status/1650614678354051074
Isabella Muniz e Silva | PL 2630 JÁ!,@isabellabmuniz,https://twitter.com/isabellabmuniz/status/1650947365287632896,2023-04-25T19:38:19.000Z,"A cara nem arde!
Lula tinha 72 anos e ficou 580 dias preso, sem relaxamento de pena e vcs riam.
Esse aí aguenta mais um pouquinho.
A CPMI DOS GOLPISTAS vem aí lindamente!",0,0,2,https://twitter.com/cabogilberto/status/1650614678354051074
Sandro carvalho,@Sandroc64587266,https://twitter.com/Sandroc64587266/status/1650855764477775872,2023-04-25T13:34:20.000Z,Fod3 s3,0,0,1,https://twitter.com/cabogilberto/status/1650614678354051074
Tony O Cavalheiro,@TonyLeChevalieu,https://twitter.com/TonyLeChevalieu/status/1650618512199540737,2023-04-24T21:51:34.000Z,Olha aí quem está defendendo presidiário?,0,0,10,https://twitter.com/cabogilberto/status/1650614678354051074
Ju_Christin,@Jchristin_Ju,https://twitter.com/Jchristin_Ju/status/1650623492956516354,2023-04-24T22:11:22.000Z,"Parece que as digitais da "" Minuta do Golpe"" começou a aparecer.",0,0,6,https://twitter.com/cabogilberto/status/1650614678354051074
Patrícia,@Patrcia28752152,https://twitter.com/Patrcia28752152/status/1650664176325369857,2023-04-25T00:53:02.000Z,Querem ele solto para o mesmo ter o mesmo fim da Marielle e do BEBIANNO?,0,0,4,https://twitter.com/cabogilberto/status/1650614678354051074
Eu Sou!,@CynthiaBernar3,https://twitter.com/CynthiaBernar3/status/1650852491234275329,2023-04-25T13:21:19.000Z,Tá com medo dele falar né?,0,0,1,https://twitter.com/cabogilberto/status/1650614678354051074
José Nildo,@JosNild91622528,https://twitter.com/JosNild91622528/status/1650967347602026497,2023-04-25T20:57:43.000Z,Com certeza e não vai demorar com tantas e vídeos dos golpistas é deputados que incentivaram o golpe vão fazer companhia,0,0,0,https://twitter.com/cabogilberto/status/1650614678354051074
Luciano C. Queiroz,@panteradovale,https://twitter.com/panteradovale/status/1650908973103476737,2023-04-25T17:05:46.000Z,Pq não vai junto com ele?,0,0,0,https://twitter.com/cabogilberto/status/1650614678354051074
MaGMa Dantas,@DantasMaGMa,https://twitter.com/DantasMaGMa/status/1650839185241133057,2023-04-25T12:28:27.000Z,Só depois da delação premiada. E o prêmio vai ser bom.,0,0,0,https://twitter.com/cabogilberto/status/1650614678354051074
MaGMa Dantas,@DantasMaGMa,https://twitter.com/DantasMaGMa/status/1650859415841697794,2023-04-25T13:48:50.000Z,"Calma, só mais um pouquinho. Ele já entregou as senhas dos arquivos guardados na nuvem.",0,0,0,https://twitter.com/cabogilberto/status/1650614678354051074
Hilomar Benicio De Araújo,@HilomarA,https://twitter.com/HilomarA/status/1650959046743060484,2023-04-25T20:24:44.000Z,Leva ele para Unimed jp deputado,0,0,0,https://twitter.com/cabogilberto/status/1650614678354051074
Tatiane,@TatiSuspensa,https://twitter.com/TatiSuspensa/status/1650981571745161224,2023-04-25T21:54:15.000Z,Alexandre de Moraes é uma VERGONHA pro STF e pro BRASIL.,0,0,0,https://twitter.com/cabogilberto/status/1650614678354051074
Fernando Buzetto,@BuzettoFernando,https://twitter.com/BuzettoFernando/status/1650927874776485888,2023-04-25T18:20:52.000Z,Putz que o paralis... Pedindo soltura do maior dos bandidos do 08/01...,0,0,0,https://twitter.com/cabogilberto/status/1650614678354051074
Agostinho Ribeiro,@Agostinho5859,https://twitter.com/Agostinho5859/status/1650812385911865346,2023-04-25T10:41:58.000Z,ele que denuncie os verdadeiros autores,0,0,0,https://twitter.com/cabogilberto/status/1650614678354051074
Meiryanne Dantas,@MeiryanneD,https://twitter.com/MeiryanneD/status/1650810141002924039,2023-04-25T10:33:02.000Z,Tão com medin do Torres abrir o bico,0,0,0,https://twitter.com/cabogilberto/status/1650614678354051074
vandemir cunha,@vandemircunha,https://twitter.com/vandemircunha/status/1650846214370230272,2023-04-25T12:56:23.000Z,Delata Anderson Torres,0,0,0,https://twitter.com/cabogilberto/status/1650614678354051074
Xicuta Rosal,@Xicuta1,https://twitter.com/Xicuta1/status/1653845943937118210,2023-05-03T19:36:14.000Z,Vamos pedir então pra todos os presos do país,0,0,0,https://twitter.com/cabogilberto/status/1650614678354051074
Tathyane Chaves,@chaves_tathyane,https://twitter.com/chaves_tathyane/status/1652090214234423298,2023-04-28T23:19:36.000Z,Meus Deus liberdade pra Anderson torres pela amor Deus não deixa ele. .   Não censura não censura salvem o Brasil,0,0,0,https://twitter.com/cabogilberto/status/1650614678354051074
Miguelcrozarioli,@Miguelcrozario1,https://twitter.com/Miguelcrozario1/status/1651537779111731201,2023-04-27T10:44:25.000Z,"Tem que prender todos os envolvidos no ato terrorista, o camarada que incentivou ainda está na boa😡",0,0,0,https://twitter.com/cabogilberto/status/1650614678354051074
Osmar Almeida Santos,@Osmar_Almeida,https://twitter.com/Osmar_Almeida/status/1656440810852827142,2023-05-10T23:27:19.000Z,Inversão de valores? Soltem o agressor e prendam o agredido? A militância cega não tem limites. Vergonha alheia mandou lembranças.,0,0,0,https://twitter.com/cabogilberto/status/1650614678354051074
𝑺𝒐𝒃𝒆𝒓𝒂𝒏𝒂_𝑫𝑫𝒊𝒓𝒆𝒊𝒕𝒂,@SoberanaDD,https://twitter.com/SoberanaDD/status/1650615511485390849,2023-04-24T21:39:39.000Z,#LiberdadeParaAndersonTorres,0,0,0,https://twitter.com/cabogilberto/status/1650614678354051074
Paulo Souza,@paulosouza1997,https://twitter.com/paulosouza1997/status/1651268008487141385,2023-04-26T16:52:26.000Z,"Deputado, qtas vezes vc disse:

1 bandido bom é bandido morto?
2 não quer ser preso, e só não delinquir?
3 e os DH das vítimas?

Qdo o bandido é companheiro de profissão, muda?

Se o golpe q ele ajudou a tramar se concretizasse, qtos estariam presos hoje, s/direito a defesa?",0,0,0,https://twitter.com/cabogilberto/status/1650614678354051074
Samir M Ibrahim,@SamirMIBrasil,https://twitter.com/SamirMIBrasil/status/1650772952663699459,2023-04-25T08:05:16.000Z,#soltemTorres,0,0,0,https://twitter.com/cabogilberto/status/1650614678354051074
Angélica figueiredo,@Anglicafiguei1,https://twitter.com/Anglicafiguei1/status/1651100005091119105,2023-04-26T05:44:51.000Z,"Vc será cassado, ele irá fazer delação, seu dia está chegando, kkkk",0,0,0,https://twitter.com/cabogilberto/status/1650614678354051074
Jackson Max S. Oliveira,@JacksonMaax,https://twitter.com/JacksonMaax/status/1650961486582280220,2023-04-25T20:34:26.000Z,Cadeia e manda psicólogo para todos os presos provisórios no Brasil!!!,0,0,0,https://twitter.com/cabogilberto/status/1650614678354051074
Paulo Cezar Marra,@CezarMarra,https://twitter.com/CezarMarra/status/1651583059513278465,2023-04-27T13:44:20.000Z,"Ué, arrumou um bandido de estimação?  Quem te viu, quem te vê.",0,0,1,https://twitter.com/cabogilberto/status/1650614678354051074
Sergio Oliveira,@SergioQuito68,https://twitter.com/SergioQuito68/status/1650916967472152578,2023-04-25T17:37:32.000Z,vcs estão morrendo de medo da delação dele isso sim...,0,0,0,https://twitter.com/cabogilberto/status/1650614678354051074
Marcos Prata/A Democracia vencerá.,@MarcosPrata6,https://twitter.com/MarcosPrata6/status/1650975405938036736,2023-04-25T21:29:45.000Z,"Torres vai acabar confinado e abandonado.
O melhor é delação do mandante e ir pra casa conviver com a família.",0,0,0,https://twitter.com/cabogilberto/status/1650614678354051074
João,@J940588,https://twitter.com/J940588/status/1650861249377505280,2023-04-25T13:56:08.000Z,"Edai , não sou psicólogo",0,0,0,https://twitter.com/cabogilberto/status/1650614678354051074
Naya,@DOGPOINT,https://twitter.com/DOGPOINT/status/1650963674519990307,2023-04-25T20:43:08.000Z,Libertar pra quê? Ele não tem utilidade alguma.,0,0,0,https://twitter.com/cabogilberto/status/1650614678354051074
Claudio ᶜʳᶠ,@Claudiooneres,https://twitter.com/Claudiooneres/status/1650638217631371264,2023-04-24T23:09:53.000Z,Quem são os verdadeiros culpados? Não esqueça precisa provar. Deve saber né? Além de estilista e Policial Militar.,0,0,1,https://twitter.com/cabogilberto/status/1650614678354051074
Edson Aguiar,@EdsonAg49867884,https://twitter.com/EdsonAg49867884/status/1650798090381656065,2023-04-25T09:45:09.000Z,Vá pesca filho de prima,0,0,0,https://twitter.com/cabogilberto/status/1650614678354051074
sergio,@sergimandrigo,https://twitter.com/sergimandrigo/status/1650972935929184256,2023-04-25T21:19:56.000Z,Anderson Torres na papuda junto com os Bolsonaro!,0,0,0,https://twitter.com/cabogilberto/status/1650614678354051074
Roberto da Silva,@Robertosb561,https://twitter.com/Robertosb561/status/1651021169863041024,2023-04-26T00:31:36.000Z,Deve-se antecipar seu depoimento.  Talvez ele troque de lugar com bolsonaro.,0,0,0,https://twitter.com/cabogilberto/status/1650614678354051074
Novack,@Novak6M,https://twitter.com/Novak6M/status/1650738119254196225,2023-04-25T05:46:51.000Z,"Em 72 horas, aguarde",0,0,0,https://twitter.com/cabogilberto/status/1650614678354051074
Enrico Rotter,@EnricoRotter,https://twitter.com/EnricoRotter/status/1650651275598475265,2023-04-25T00:01:46.000Z,Não para de passar vergonha,0,0,0,https://twitter.com/cabogilberto/status/1650614678354051074
Edêmea Rocha,@EdemeaR,https://twitter.com/EdemeaR/status/1650730491044155392,2023-04-25T05:16:32.000Z,#PL2630NÃO,0,0,0,https://twitter.com/cabogilberto/status/1650614678354051074
Willi@mDVooo,Willi@mDVooo,https://twitter.com/wdevuono/status/1650889549189464064,2023-04-25T15:48:35.000Z,"Para isso, a justiça tem o manicômio judicial  !",0,0,0,https://twitter.com/cabogilberto/status/1650614678354051074
kildary calado,@kildarycallado,https://twitter.com/kildarycallado/status/1650809975390756866,2023-04-25T10:32:23.000Z,"Tem que ficar lá,se quiser sair entregue os verdadeiros mandantes .Os bolsonaristas estão com medo da delação,por isso querem ele solto.",0,0,0,https://twitter.com/cabogilberto/status/1650614678354051074
Daniel,@DanielGatti5,https://twitter.com/DanielGatti5/status/1650664298698493955,2023-04-25T00:53:31.000Z,Só depois que entregar o chefe da quadrilha!,0,0,0,https://twitter.com/cabogilberto/status/1650614678354051074
RC,@RC311948,https://twitter.com/RC311948/status/1650644285367148545,2023-04-24T23:33:59.000Z,#LibertemAndersonTorres #libertemnossospresospolíticos,0,0,1,https://twitter.com/cabogilberto/status/1650614678354051074
Adelor Santos,@AdelorSantos,https://twitter.com/AdelorSantos/status/1650697798281490435,2023-04-25T03:06:38.000Z,"Vejo deputados e senadores nas redes falando, é urgente a soltura de Anderson Torres é preciso libertar a Anderson Torres, mas de verdade o que deputados e senadores estão fazendo por isso? Até quando irão baixar as calças para o judiciário?",0,0,1,https://twitter.com/cabogilberto/status/1650614678354051074
Augusto Santos,@August8611,https://twitter.com/August8611/status/1650965180795301889,2023-04-25T20:49:07.000Z,Tudo indica que a ação de liberar os vídeos editados e escondendo o rostos de militares bolsonaristas foi parte de um esforço coordenado para pressionar pela libertação de Anderson Torres. A ideia era equivaler a prevaricação do ex-ministro de Bolsonaro com a do G. Dias.,0,0,0,https://twitter.com/cabogilberto/status/1650614678354051074
Claudio Fonseca,@Claudio41466451,https://twitter.com/Claudio41466451/status/1650972968913182721,2023-04-25T21:20:04.000Z,Solta ele na papuda. Lá acaba a depressão!,0,0,0,https://twitter.com/cabogilberto/status/1650614678354051074
Hélio,@helioricardorio,https://twitter.com/helioricardorio/status/1650787645902176257,2023-04-25T09:03:39.000Z,"Lula, um idoso de quase 70 anos, ficou quase 600 dias preso sem provas. O Anderson Torres é novo. Ele aguenta ficar preso também.",1,0,8,https://twitter.com/cabogilberto/status/1650614678354051074
Luiz Soares,@Luiz_Fer_Soares,https://twitter.com/Luiz_Fer_Soares/status/1650974535867400195,2023-04-25T21:26:17.000Z,Lugar de bandido é na cadeia ! Como dizia o pensador anglo saxão Bolsonaro.,0,0,0,https://twitter.com/cabogilberto/status/1650614678354051074
Necrinho,@SergioVegini,https://twitter.com/SergioVegini/status/1650975562792353793,2023-04-25T21:30:22.000Z,kkkkkkkkkkkkkkkkkkkkk,0,0,0,https://twitter.com/cabogilberto/status/1650614678354051074
Cristiane Vitória,@ZadinaCristiane,https://twitter.com/ZadinaCristiane/status/1650680274273878016,2023-04-25T01:57:00.000Z,Não tá colando.,0,0,1,https://twitter.com/cabogilberto/status/1650614678354051074
sarai jardim,@SaraiJardim,https://twitter.com/SaraiJardim/status/1650967946649378817,2023-04-25T21:00:06.000Z,#LibertemAndersonTorres,0,0,0,https://twitter.com/cabogilberto/status/1650614678354051074
Rosimeyre Caixeta,@RosyCaixeta,https://twitter.com/RosyCaixeta/status/1650918584711782421,2023-04-25T17:43:57.000Z,"Tic tac , vai entregar td mundo!",0,0,0,https://twitter.com/cabogilberto/status/1650614678354051074
Brasil Urgente,@BrasilUrgente11,https://twitter.com/BrasilUrgente11/status/1650936586031210507,2023-04-25T18:55:29.000Z,Kkkk daqui a pouco vai pedir pra soltar Fernandinho beira-mar,0,0,0,https://twitter.com/cabogilberto/status/1650614678354051074
Arlene Amorim,@arlenesamorim,https://twitter.com/arlenesamorim/status/1650915909454774274,2023-04-25T17:33:20.000Z,É muita cara de pau manter este ministro preso,0,0,0,https://twitter.com/cabogilberto/status/1650614678354051074
Ricardo Buchini,@rbuchini,https://twitter.com/rbuchini/status/1650849840534806528,2023-04-25T13:10:47.000Z,adiar depoimento? Ele ainda não decorou as falas?,0,0,0,https://twitter.com/cabogilberto/status/1650614678354051074
Milton Alves Junior,@AlvesJrMilton,https://twitter.com/AlvesJrMilton/status/1650812901337202691,2023-04-25T10:44:00.000Z,Estão com medo de delação premiada rsrsrs,0,0,0,https://twitter.com/cabogilberto/status/1650614678354051074
Jorge Lucio Marques,@jluciomarques,https://twitter.com/jluciomarques/status/1650805301623369730,2023-04-25T10:13:49.000Z,Terrorismo e golpismo são crimes lesa-pátria. Tem mais é que seguir enjaulado mesmo.,0,0,0,https://twitter.com/cabogilberto/status/1650614678354051074
Rmoreira,@Rmoreira42,https://twitter.com/Rmoreira42/status/1650874024254210050,2023-04-25T14:46:53.000Z,PIU PIU KKKKKKKKKKKKKKKKKKKKKKKKKKKK,0,0,1,https://twitter.com/cabogilberto/status/1650614678354051074
AnarRJ,@AnarRJ1,https://twitter.com/AnarRJ1/status/1650889910855905281,2023-04-25T15:50:01.000Z,"É normal presos se sentirem deprimidos, agora, não dá para liberar todos os bandidos deprimidos.",0,0,1,https://twitter.com/cabogilberto/status/1650614678354051074
Cleiton Denez,@cleiton_denez,https://twitter.com/cleiton_denez/status/1650985600202203138,2023-04-25T22:10:15.000Z,"""E daí, não sou coveiro"". J.B",0,0,0,https://twitter.com/cabogilberto/status/1650614678354051074
rigoberto vieira,@rigo_vieira,https://twitter.com/rigo_vieira/status/1650958297040580644,2023-04-25T20:21:45.000Z,"Deixe o passarinho na gaiola, ele pode começar a cantar, a qualquer momento!",0,0,0,https://twitter.com/cabogilberto/status/1650614678354051074
Elisabeth Gaetani,@ElisabethGaeta4,https://twitter.com/ElisabethGaeta4/status/1650953110498471957,2023-04-25T20:01:09.000Z,Ummmm!! Sei ...,0,0,0,https://twitter.com/cabogilberto/status/1650614678354051074
Timelequinha,@Timelequinha,https://twitter.com/Timelequinha/status/1650931717686042626,2023-04-25T18:36:08.000Z,E daí??? Não somos médicos,0,0,0,https://twitter.com/cabogilberto/status/1650614678354051074
Pablicio Jesus Lopes,@PablicioJesus84,https://twitter.com/PablicioJesus84/status/1650971380207190017,2023-04-25T21:13:45.000Z,😂😂😂😂😂😂,0,0,0,https://twitter.com/cabogilberto/status/1650614678354051074
O GIGANTE LULA!!,@Marcelo98908567,https://twitter.com/Marcelo98908567/status/1651010958020493314,2023-04-25T23:51:01.000Z,CADEIA é pouco,0,0,0,https://twitter.com/cabogilberto/status/1650614678354051074
joão nelson ribeiro,@joao_nelson,https://twitter.com/joao_nelson/status/1650972475222552577,2023-04-25T21:18:06.000Z,Calma.. o passarinho logo logo abre o bico..,0,0,0,https://twitter.com/cabogilberto/status/1650614678354051074
,@Divanil59384868,https://twitter.com/Divanil59384868/status/1650626538717544448,2023-04-24T22:23:28.000Z,Precisamos denunciar corte internacional 🤔,1,0,0,https://twitter.com/cabogilberto/status/1650614678354051074
Acljr,@Acljr2,https://twitter.com/Acljr2/status/1651020125145841666,2023-04-26T00:27:26.000Z,E eu com isso?,0,0,0,https://twitter.com/cabogilberto/status/1650614678354051074
Clever,@VieiraClever1,https://twitter.com/VieiraClever1/status/1650978214515294220,2023-04-25T21:40:54.000Z,"Cadeia
Cadeia
Cadeia
Cadeia",0,0,0,https://twitter.com/cabogilberto/status/1650614678354051074
Neia Santos2.0,@neia_santos2,https://twitter.com/neia_santos2/status/1650916987629977612,2023-04-25T17:37:37.000Z,"Verdade tem muita gente solta ainda,mais aguarde já já estão presos",0,0,0,https://twitter.com/cabogilberto/status/1650614678354051074
Helena LeH,@lehelena13,https://twitter.com/lehelena13/status/1650909829139922945,2023-04-25T17:09:10.000Z,Para a própria segurança dele é melhor que continue preso.,0,0,0,https://twitter.com/cabogilberto/status/1650614678354051074
Chico Rodrigues,@Francis23029848,https://twitter.com/Francis23029848/status/1650939878694068232,2023-04-25T19:08:34.000Z,Bosonaro está solto pq.,0,0,0,https://twitter.com/cabogilberto/status/1650614678354051074
Indominus Rex,@FidusRex,https://twitter.com/FidusRex/status/1650831896748732418,2023-04-25T11:59:29.000Z,"Ué, sendo assim, todo presidiário poderia solicitar soltura pq ta mal na prisao! Aquele médico de sao paulo que estuprava pacientes tb, tentou este artificio.... ele pode fazer uma delação premiada entregando todo mundo e sair! mas tem que ser logo pq vao prender mais gente grand",0,0,3,https://twitter.com/cabogilberto/status/1650614678354051074
antonio cesar feres,@FeresCesar,https://twitter.com/FeresCesar/status/1650680633079787520,2023-04-25T01:58:25.000Z,30 ANOS DE CADEIA TÁ POUCO.,0,0,2,https://twitter.com/cabogilberto/status/1650614678354051074
Elly Pace,@pace_ely,https://twitter.com/pace_ely/status/1650974980341919747,2023-04-25T21:28:03.000Z,@STF_oficial @policiafederal @JusticaGovBR @HoraDoPovoBR,0,0,0,https://twitter.com/cabogilberto/status/1650614678354051074
E_J_F_S,@elsonjuniorfs,https://twitter.com/elsonjuniorfs/status/1650902847364513796,2023-04-25T16:41:25.000Z,"Tá, pode até soltar o merd@, mas antes, ele tem de abrir o bico, falar, entregar os parças.",0,0,0,https://twitter.com/cabogilberto/status/1650614678354051074
Erivelton Mendes De Souza,@EriveltonM74314,https://twitter.com/EriveltonM74314/status/1650974025235984394,2023-04-25T21:24:15.000Z,E dai não sou psicólogo tem que mofar na cadeia esse golpista...,0,0,0,https://twitter.com/cabogilberto/status/1650614678354051074
Denise Aragao,@DeniseAragao3,https://twitter.com/DeniseAragao3/status/1651035786312122369,2023-04-26T01:29:40.000Z,"Lula é bom, nós não",0,0,0,https://twitter.com/cabogilberto/status/1650614678354051074
Felipe Oliveira,@luiz_fdoliveira,https://twitter.com/luiz_fdoliveira/status/1650913227264475142,2023-04-25T17:22:40.000Z,Se lascou. Soltar um Golpista ? Agora tá doentinho . Cadeia miserável.,0,0,0,https://twitter.com/cabogilberto/status/1650614678354051074
Fábio,@fabiorspacheco,https://twitter.com/fabiorspacheco/status/1651035294278320128,2023-04-26T01:27:43.000Z,"Terra sem
Lei esse Brazil dos ladroes",0,0,0,https://twitter.com/cabogilberto/status/1650614678354051074
Edson Cunha,@EdsonCu99844806,https://twitter.com/EdsonCu99844806/status/1650920417224171533,2023-04-25T17:51:14.000Z,"Libertar uma porra, golpista vagabundo tem q ficar preso mesmo, isso vale para todos.",0,0,0,https://twitter.com/cabogilberto/status/1650614678354051074
Tia do Zapp,@Tiadozapp,https://twitter.com/Tiadozapp/status/1650833603905896450,2023-04-25T12:06:16.000Z,Golpista que tinha uma minuta de golpe em casa e promoveu uma blitz junto com a PRF para impedir que os eleitores Lula votassem tem que ficar preso.  #andersontorresnacadeia,0,0,1,https://twitter.com/cabogilberto/status/1650614678354051074
Vadilson Malaquias,@Vadilson_Vix,https://twitter.com/Vadilson_Vix/status/1650880312665055233,2023-04-25T15:11:53.000Z,Verdade...,0,0,0,https://twitter.com/cabogilberto/status/1650614678354051074
EEEVOIRAM,@MARIOEEEVINI,https://twitter.com/MARIOEEEVINI/status/1650896136096325633,2023-04-25T16:14:45.000Z,Tem que prender mais gente. Esses merdas sabiam o que estavam fazendo. E o próximo a ser preso é Bolsonaro.,0,0,0,https://twitter.com/cabogilberto/status/1650614678354051074
Lindevania Dalva Silva,@DalvaLindevania,https://twitter.com/DalvaLindevania/status/1651025971787464704,2023-04-26T00:50:40.000Z,Deixe o criminoso preso.,0,0,0,https://twitter.com/cabogilberto/status/1650614678354051074
Enos Sato,@EnosSato,https://twitter.com/EnosSato/status/1651034990069555203,2023-04-26T01:26:31.000Z,Só tem que falar antes de definhar! Vai cagoetar todo lixo Bolsonarista!,0,0,0,https://twitter.com/cabogilberto/status/1650614678354051074
Edinilson,@edi_edinilson,https://twitter.com/edi_edinilson/status/1650633496031813632,2023-04-24T22:51:07.000Z,"O senhor é a maior vergonha do estado da Paraíba e sabe disso pelo menos.
Vai timbora carniça",0,0,1,https://twitter.com/cabogilberto/status/1650614678354051074
Celso Gomes,@celsosa42011078,https://twitter.com/celsosa42011078/status/1650621577208164353,2023-04-24T22:03:45.000Z,"Ele guardado tá mais seguro, e com a CPMI que a oposição tanto pediu, realmente saberemos quem são os culpados. Se ele é inocente, não dá pra entender o TEMOR da oposição dele resolver delatar 🎯",0,0,1,https://twitter.com/cabogilberto/status/1650614678354051074
shirley Gomes,@shirley63983568,https://twitter.com/shirley63983568/status/1650953276513214465,2023-04-25T20:01:49.000Z,Michelle bolsonaro é uma ladrona,0,0,0,https://twitter.com/cabogilberto/status/1650614678354051074
Chris V,@chris_vi123,https://twitter.com/chris_vi123/status/1650894029159116800,2023-04-25T16:06:23.000Z,Como dizem os nazis? Ahhh sim ... Tá com dó de bandido? Leva um pra casa kkk,0,0,0,https://twitter.com/cabogilberto/status/1650614678354051074
Danilo Abreu,@DaniloA08106919,https://twitter.com/DaniloA08106919/status/1650847535097954305,2023-04-25T13:01:38.000Z,Verdadeiros culpados = patriotas terroristas invasores cujo acesso pode ter sido facilitado por infiltrados no governo e agentes públicos ainda aparelhados. Bolsonarismo buGADO.,0,0,1,https://twitter.com/cabogilberto/status/1650614678354051074
Maurício Henrique,@Mauricio4423435,https://twitter.com/Mauricio4423435/status/1650786618750513157,2023-04-25T08:59:34.000Z,STF Petralhas Soltou o Luladrao pra Fraudar as Eleições! STF Petralhas Estão Rasgando a Constituição Federal! Chega de Conluios! Chega de Ditadores de Toga! Reforma do Judiciário Já! O Povo Brasileiro não Aguenta mais Tanta Falcatruas!!!! FBI Neles!🇧🇷🇧🇷🇧🇷🇺🇲🇺🇲🇺🇲,0,0,0,https://twitter.com/cabogilberto/status/1650614678354051074
Cílios Malafaia,@gggeraldojr,https://twitter.com/gggeraldojr/status/1650785720640983040,2023-04-25T08:56:00.000Z,Queremos esse golpista preso até que ele resolva abrir o bico. 😊😊😊😊😊,0,0,0,https://twitter.com/cabogilberto/status/1650614678354051074
Re SP Brasil,@PiovanSalmeron,https://twitter.com/PiovanSalmeron/status/1650708273408950273,2023-04-25T03:48:15.000Z,@alexandre cadê a justiça?Onde os excelentissimos a colocaram?,0,0,0,https://twitter.com/cabogilberto/status/1650614678354051074
Jacqueline Almeida,@Jacquel73637040,https://twitter.com/Jacquel73637040/status/1650767688900157440,2023-04-25T07:44:21.000Z,#PL2630NÃO #PL2630Nao #CensuraNão,0,0,0,https://twitter.com/cabogilberto/status/1650614678354051074
MonicAOtto,@OttoMonic,https://twitter.com/OttoMonic/status/1650673909438480384,2023-04-25T01:31:42.000Z,#LibertemAndersonTorres  #PL2630NÃO,0,0,0,https://twitter.com/cabogilberto/status/1650614678354051074
Jeferson Carvalho,@brzeroum,https://twitter.com/brzeroum/status/1650706303377895424,2023-04-25T03:40:26.000Z,Depois são os outros que defendem bandidos... Hahahaha! Bando de hipócritas!,0,0,0,https://twitter.com/cabogilberto/status/1650614678354051074
Israel de Toledo,@IsraeldeToledo,https://twitter.com/IsraeldeToledo/status/1650858817305886721,2023-04-25T13:46:28.000Z,Liberdade jamais para agir contra o governo federal não tava dodói. Pode jogar a chave fora,0,0,0,https://twitter.com/cabogilberto/status/1650614678354051074
Antonio Cordeiro,@Antonio81629294,https://twitter.com/Antonio81629294/status/1650667843795468289,2023-04-25T01:07:36.000Z,Prendam essa raça,0,0,0,https://twitter.com/cabogilberto/status/1650614678354051074
Nordeste é Resistência NE,@AlmeidaSoficial,https://twitter.com/AlmeidaSoficial/status/1650621357162389504,2023-04-24T22:02:53.000Z,"Lula ficou 580 dias preso, saiu de lá mais forte concorreu a presidência ganhou, hoje é presidente e este bosta golpista já está assim em 90 dias..",0,0,0,https://twitter.com/cabogilberto/status/1650614678354051074
Barbosinha,@IoneGuedes12,https://twitter.com/IoneGuedes12/status/1650632012468723714,2023-04-24T22:45:13.000Z,Bem assim Anderson.,0,0,0,https://twitter.com/cabogilberto/status/1650614678354051074
rowagrecco,@rowagrecco1,https://twitter.com/rowagrecco1/status/1650649599499960326,2023-04-24T23:55:06.000Z,"É ético o uso de salas de observação de emergência comportamental, comumente chamada de “salas acolchoadas” Deixar só mais 1 mês olhando para o mito.",0,0,0,https://twitter.com/cabogilberto/status/1650614678354051074
soeli souza,@soelisouza7,https://twitter.com/soelisouza7/status/1652376537121845250,2023-04-29T18:17:20.000Z,A verdade vai aparecer o universo vai mostrar quem é o culpado ou não é vocês ser humano mesquinho sem caráter que vai julgar não sabe de nada das leis Divinnas a verdade só Deus sabe mas logo vão aparecer as verdades sobre tudo o que o PT esconde,0,0,0,https://twitter.com/cabogilberto/status/1650614678354051074
We Soares,@SoaresWe,https://twitter.com/SoaresWe/status/1650642765867261953,2023-04-24T23:27:57.000Z,#LibertemAndersonTorres,0,0,0,https://twitter.com/cabogilberto/status/1650614678354051074
Rodrigo CR Paixão,@didigoreisbh,https://twitter.com/didigoreisbh/status/1651217649660047360,2023-04-26T13:32:20.000Z,Tava bom de te prender la com ele extremista alucinado .,0,0,0,https://twitter.com/cabogilberto/status/1650614678354051074
Terra Redonda,@michaelpavoni2,https://twitter.com/michaelpavoni2/status/1650642391995490309,2023-04-24T23:26:28.000Z,assista :,0,0,0,https://twitter.com/cabogilberto/status/1650614678354051074
Antonio claudio De paula,@Antonio20158788,https://twitter.com/Antonio20158788/status/1651325447903277062,2023-04-26T20:40:41.000Z,"CALMA PORQUE A PRESSA , AS COISAS ESTÃO ANDANDO JA JA TEREMOS MUITOS BOLSONARISTAS PRESOS NÃO SEI PORQUE ESSA AGONIA TA JOIA",0,0,0,https://twitter.com/cabogilberto/status/1650614678354051074
Sandro,@Alexsan76521117,https://twitter.com/Alexsan76521117/status/1650649102709923842,2023-04-24T23:53:08.000Z,Coitado está abatido.,0,0,0,https://twitter.com/cabogilberto/status/1650614678354051074
Capiturado,@cisco_timao,https://twitter.com/cisco_timao/status/1650911860743454721,2023-04-25T17:17:14.000Z,E muito mais muito OTÁRIO KKKKKKK,0,0,0,https://twitter.com/cabogilberto/status/1650614678354051074
Gilmar,@Gilmargilfeijo8,https://twitter.com/Gilmargilfeijo8/status/1650616025862348802,2023-04-24T21:41:42.000Z,Kkkkkkkkkkkkkkkkk...🤣🤣🤣🤣🤣Não adianta inventar história não  q casa caiu para os Bolsonaristas....,0,0,1,https://twitter.com/cabogilberto/status/1650614678354051074
Diogo Monteiro,@Diogofcmonteiro,https://twitter.com/Diogofcmonteiro/status/1650871956621623296,2023-04-25T14:38:40.000Z,Direitos Humanos para humanos Direitos. Esse é o mantra de vcs. Anderson Torres não passa de um marginal. Vai pra enfermaria do xadrez e se trata lá dentro mesmo.,0,0,0,https://twitter.com/cabogilberto/status/1650614678354051074
HigoRodrigues(P),@HiginicoRodrig1,https://twitter.com/HiginicoRodrig1/status/1650939682757156908,2023-04-25T19:07:48.000Z,Teu C. gado trouxa.,0,0,0,https://twitter.com/cabogilberto/status/1650614678354051074
CaboAntifa,@caboantifa_ne,https://twitter.com/caboantifa_ne/status/1651040375467802624,2023-04-26T01:47:55.000Z,Criminoso golpista tem que apodrecer no xadrez.,0,0,0,https://twitter.com/cabogilberto/status/1650614678354051074
Fabiano Vota 13,@FabianoOrtolan,https://twitter.com/FabianoOrtolan/status/1650983572197580802,2023-04-25T22:02:12.000Z,Lugar de bandido golpista é na CADEIA,0,0,0,https://twitter.com/cabogilberto/status/1650614678354051074
Cidadão de Bem,@cidadaodebembr,https://twitter.com/cidadaodebembr/status/1650617002615029760,2023-04-24T21:45:35.000Z,Tem que soltar pra ele não delatar né 🤣🤣🤣,0,0,2,https://twitter.com/cabogilberto/status/1650614678354051074
No Te Conozco Señor,@CruzRcrux,https://twitter.com/CruzRcrux/status/1650950487104004096,2023-04-25T19:50:43.000Z,"A verdade é que vcs estão com o cu na mão, a cpmi foi tiro no pé pq há uma imensidão de provas materiais para a cassação e prisão de todos que colaboraram com essa palhaçada.
Vc como deputado deveria ter vergonha, pois foi eleito no voto e deve ter respeito por isso",0,0,0,https://twitter.com/cabogilberto/status/1650614678354051074
Morcego inconformado,@BiolBolf,https://twitter.com/BiolBolf/status/1650834703165841410,2023-04-25T12:10:38.000Z,Chóra... Vai entregar tudo!!!,0,0,0,https://twitter.com/cabogilberto/status/1650614678354051074
João Paulo,@JoaoPaulo_Perei,https://twitter.com/JoaoPaulo_Perei/status/1650837460434182146,2023-04-25T12:21:36.000Z,pede pra esposa dele acessar aqui,0,0,0,https://twitter.com/cabogilberto/status/1650614678354051074
Catarina Troiano,@CatarinaTroian1,https://twitter.com/CatarinaTroian1/status/1650846101329641475,2023-04-25T12:55:56.000Z,FOd@-se! E se vc falar muito vai se entregar e acabar preso junto seu GOLPISTA!,0,0,0,https://twitter.com/cabogilberto/status/1650614678354051074
*Me*,@Gulala548702962,https://twitter.com/Gulala548702962/status/1650861288032206853,2023-04-25T13:56:17.000Z,#LibertemAndersonTorres,0,0,0,https://twitter.com/cabogilberto/status/1650614678354051074
Edith Rocha de Freitas,@EdithRochadeFr1,https://twitter.com/EdithRochadeFr1/status/1650867070051971074,2023-04-25T14:19:15.000Z,#LibertemAndersonTorres,0,0,0,https://twitter.com/cabogilberto/status/1650614678354051074
Igor Arêas,@igormareas,https://twitter.com/igormareas/status/1650914087419756570,2023-04-25T17:26:05.000Z,"Lugar de bandido é na cadeia!!!!
Bandido bom é bandido....",0,0,0,https://twitter.com/cabogilberto/status/1650614678354051074
Joana,@Joana41858862,https://twitter.com/Joana41858862/status/1650947985310642188,2023-04-25T19:40:47.000Z,#LibertemAndersonTorres,0,0,0,https://twitter.com/cabogilberto/status/1650614678354051074
gump,@lubojo_,https://twitter.com/lubojo_/status/1650857878868357120,2023-04-25T13:42:44.000Z,"Não fala merda
Cabo!",0,0,0,https://twitter.com/cabogilberto/status/1650614678354051074
