nome,usuario,idTweet,dataPublicacao,texto,replies,retweets,likes,tweetPai
Érica Martins,@erikinhamagic,https://twitter.com/erikinhamagic/status/1650699664021241857,2023-04-25T03:14:03.000Z,@BaixadorDeVideo,0,0,0,https://twitter.com/AlencarBraga13/status/1650645471231188993
raquel nasc santos,@raquelnasa,https://twitter.com/raquelnasa/status/1650649295559827457,2023-04-24T23:53:54.000Z,"O discurso do Chico nada menos do q sensacional.
A imprensa Brasileira ridicularizada com assunto ""gravata"".",0,0,0,https://twitter.com/AlencarBraga13/status/1650645471231188993
Nilson Ramos,@NilsonR23834882,https://twitter.com/NilsonR23834882/status/1650809325927952387,2023-04-25T10:29:48.000Z,Vamos rir para não chorar !!!!,0,0,0,https://twitter.com/AlencarBraga13/status/1650645471231188993
Marisa victorio da silva,@victorio_marisa,https://twitter.com/victorio_marisa/status/1650669929744543746,2023-04-25T01:15:53.000Z,#OBrasilVoltou 🇧🇷📚😀😍 ✔️Dia de festa e homenagem ao talento e ao novo tempo que o Brasil vive. Parabéns ao nosso grande  Chico Buarque que pela genialidade e pelo reconhecimento merecido. E parabéns ao presidente Lula por nos representar tão bem no mundo! ✊🏾✊🏾👏🏽👏🏽,0,0,0,https://twitter.com/AlencarBraga13/status/1650645471231188993
lia,@LLbrasolin,https://twitter.com/LLbrasolin/status/1650973374267506691,2023-04-25T21:21:40.000Z,"Kkkk! Essas baboseiras são para abafar a fria que o picareta está passando em Portugal?  O vosso Chico está comendo picanha, né?",0,0,0,https://twitter.com/AlencarBraga13/status/1650645471231188993
EDUARDO RIBEIRO DIAS,@dudurdias130280,https://twitter.com/dudurdias130280/status/1650839926852681728,2023-04-25T12:31:24.000Z,gostei da recepção no parlamento!!,0,0,0,https://twitter.com/AlencarBraga13/status/1650645471231188993
Rafael Pacchini junior,@rpacchini,https://twitter.com/rpacchini/status/1650647405749063682,2023-04-24T23:46:23.000Z,"Posso Falar?Tô cansado desses políticos teatrais que gastam meu dinheiro propagando ódio nas rede sociais. Sou Pai de 2 filhos,trabalho,e não aguento mais políticos ganhando salários fora da realidade e arrastando a sociedade para um caos sem tamanho na web.Chega !!!",0,0,0,https://twitter.com/AlencarBraga13/status/1650645471231188993
CrisVia,@CrisVia13,https://twitter.com/CrisVia13/status/1650689111991173124,2023-04-25T02:32:07.000Z,+ de 2 meses... kd o relatório da  @AdvocaciaGeral pedido por @LulaOficial sobre a privatização?#ReestatizaEletrobrasJá #LulaOBrasilEoMundoRespeitam#LulaReestatizaEletrobrasJá#OBrasilVoltou@gleisi @Glauber_Braga @AlencarBraga13 @erikakokay @ColetivoCNE@zeca_dirceu,1,4,4,https://twitter.com/AlencarBraga13/status/1650645471231188993
Cino Silva,@AlvesMercino,https://twitter.com/AlvesMercino/status/1650650424582496256,2023-04-24T23:58:23.000Z,"Ohh c9mpas eu arrecadei c ajuda de vcs 300 reais p inteirar p pgr a liminar judicial de pensão alimentícia falta 96 reais se alguém puder mim ajudar este resto q falta muito obrigado mesmo e nunca mais peço nd só quero me livrar dessa dívida me ajuda 
Pix 33991756922Cel.Obg",0,0,1,https://twitter.com/AlencarBraga13/status/1650645471231188993
