nome,usuario,idTweet,dataPublicacao,texto,replies,retweets,likes,tweetPai
Caerthal,@Caerthal1,https://twitter.com/Caerthal1/status/1650325899068276741,2023-04-24T02:28:50.000Z,"Será que o Alto Comando das FFAA ainda tem algum interesse pela verdade, essa coisa aborrecida?",0,0,0,https://twitter.com/cabogilberto/status/1650262493955063810
Valter Ribeiro,@ValterRibeiroM1,https://twitter.com/ValterRibeiroM1/status/1650282646826635265,2023-04-23T23:36:58.000Z,Só faltou o diretor.,0,0,0,https://twitter.com/cabogilberto/status/1650262493955063810
Jenny,@Jenifer22711941,https://twitter.com/Jenifer22711941/status/1650263388914589696,2023-04-23T22:20:26.000Z,Perguntas para serem esclarecidas deputado,0,1,5,https://twitter.com/cabogilberto/status/1650262493955063810
"Patinhu LoL (ˆˆ,)Feliz",@PatinhuLoL,https://twitter.com/PatinhuLoL/status/1650286366087950337,2023-04-23T23:51:45.000Z,Alckmin no aquecimento,0,0,0,https://twitter.com/cabogilberto/status/1650262493955063810
Rosangela Souza,@Rosange42596016,https://twitter.com/Rosange42596016/status/1650288456550023170,2023-04-24T00:00:03.000Z,Quem vai cometer um crime e leva fotógrafo profissional???,0,0,0,https://twitter.com/cabogilberto/status/1650262493955063810
"Liberdade, volta?",@VoltaLiberdade,https://twitter.com/VoltaLiberdade/status/1650280145398251520,2023-04-23T23:27:02.000Z,"Se o Brasil fosse levado a sério , muitos culpados estariam presos. E outros impeachmados!",0,0,0,https://twitter.com/cabogilberto/status/1650262493955063810
Docente Adevaldo R. L.,@LAdevaldo,https://twitter.com/LAdevaldo/status/1650282223071797249,2023-04-23T23:35:17.000Z,Gal de Bolsonaro Lula que propõe tirar essa raça do Palácio dos poderes DESMILITARIZAR,0,0,0,https://twitter.com/cabogilberto/status/1650262493955063810
Tatiane Furtado,@Tatiane1722,https://twitter.com/Tatiane1722/status/1650274372949508099,2023-04-23T23:04:05.000Z,Tudo armado com o bandido do Lula,1,0,0,https://twitter.com/cabogilberto/status/1650262493955063810
Vendedor 2,@2Vendedor29,https://twitter.com/2Vendedor29/status/1650447184062476290,2023-04-24T10:30:47.000Z,A pergunta que não quer calar? Esse fotógrafo está preso? Porque o STF teve acesso as imagens?,0,0,0,https://twitter.com/cabogilberto/status/1650262493955063810
Tatiane Furtado,@Tatiane1722,https://twitter.com/Tatiane1722/status/1650274459599745026,2023-04-23T23:04:26.000Z,"Cadeia pra todos lula , STF,  PGR",0,0,0,https://twitter.com/cabogilberto/status/1650262493955063810
Marlene Valle,@MarleneValle17,https://twitter.com/MarleneValle17/status/1650470872195424256,2023-04-24T12:04:54.000Z,Tudo  preparadooooo!!,0,0,0,https://twitter.com/cabogilberto/status/1650262493955063810
Zon,@zon_fire,https://twitter.com/zon_fire/status/1650297850415251458,2023-04-24T00:37:23.000Z,"ou seja, ou estava presente quando aconteceu, ou vou negligente e abandonou o palácio, ou fazia parte do esquema.",0,0,0,https://twitter.com/cabogilberto/status/1650262493955063810
Alonso Cavalcante,@AlonsoCavalcan2,https://twitter.com/AlonsoCavalcan2/status/1650304452551667713,2023-04-24T01:03:37.000Z,"Observem nesta imagem que o fotógrafo Adriano Machado tira fotos, o rapaz chuta para dentro e após passa o cartão na porta e ela abre para fora. Na imagem o rapaz tem algo nas mãos.""cartão da porta"".",0,0,0,https://twitter.com/cabogilberto/status/1650262493955063810
Lorena Araujo,@LorenaA08515347,https://twitter.com/LorenaA08515347/status/1650447624195932161,2023-04-24T10:32:32.000Z,A CNN nunca teve tanta audiência..hahahaha,0,0,0,https://twitter.com/cabogilberto/status/1650262493955063810
alfredofroes,@alfredofroes1,https://twitter.com/alfredofroes1/status/1650264193088536578,2023-04-23T22:23:38.000Z,"Armação para narrativas. O general terrorista agiu para montar a cena, abriu portas e garantiu a saída da equipe de cupjnchas.",0,0,0,https://twitter.com/cabogilberto/status/1650262493955063810
Origh International,@OrighInter,https://twitter.com/OrighInter/status/1650272541833850881,2023-04-23T22:56:49.000Z,"Fight for truth, whole truth & nothin but!🇧🇷🛡️ℹ️Brazil",0,1,1,https://twitter.com/cabogilberto/status/1650262493955063810
Tsvf,@TiagoSa67696762,https://twitter.com/TiagoSa67696762/status/1650266222938734592,2023-04-23T22:31:42.000Z,@adrianomfoto,0,0,0,https://twitter.com/cabogilberto/status/1650262493955063810
Japinha Timão,@Dakikun2,https://twitter.com/Dakikun2/status/1650301976683372545,2023-04-24T00:53:47.000Z,"Ao final, checaram como ficou a gravação e trocaram aperto de mão!",0,0,0,https://twitter.com/cabogilberto/status/1650262493955063810
Anderson Fernandes de Abrantes,@Anderso31817618,https://twitter.com/Anderso31817618/status/1650298441208061955,2023-04-24T00:39:44.000Z,"Porque ainda choras? Kkkkkkk
8 anos passam rápido. Calma...
Talvez 16.",0,0,0,https://twitter.com/cabogilberto/status/1650262493955063810
O Censurado,@marcos_s_lima,https://twitter.com/marcos_s_lima/status/1650287921583333376,2023-04-23T23:57:56.000Z,"Parece o fotógrafo do Instituto LULA...só tem fotos do governo. Confira.
Adriano Machado da Reuters...reconhecido pelas tatuagens.https://instagram.com/adrianofoto/?hl=en…",0,0,0,https://twitter.com/cabogilberto/status/1650262493955063810
Ida Figuy,@AparecidaFiguy,https://twitter.com/AparecidaFiguy/status/1650293723018809346,2023-04-24T00:20:59.000Z,"Se tivéssemos um Congresso justo, NÃO precisava de CPMI, Torres já estaria solto e os demais também. Houve morte de patriotas no dia 09 de janeiro,  mulheres foram agredidas.@Biakicis @cabogilberto @GayerGus @SF_Moro @deltanmd @andrefernm @OsmarTerra @apropriajulia @BolsonaroSP",0,0,0,https://twitter.com/cabogilberto/status/1650262493955063810
Anderson Bastos,@bastao1,https://twitter.com/bastao1/status/1650648367381225472,2023-04-24T23:50:13.000Z,#LulaMentiroso#ForaLula#LulaLadrão#LulaLadraoSeuLugarENaPrisao,0,0,0,https://twitter.com/cabogilberto/status/1650262493955063810
Blog do André Fontes,@andrefontesreal,https://twitter.com/andrefontesreal/status/1650301743257862144,2023-04-24T00:52:51.000Z,"O de capacete parece o Adriano Machado, da Reuters. Um lulista até o talo. A casa do molusco já caiu",0,0,2,https://twitter.com/cabogilberto/status/1650262493955063810
Lene Paixão,@LenePaixao1,https://twitter.com/LenePaixao1/status/1650601482582892564,2023-04-24T20:43:54.000Z,#CPMI08dejaneiroja #AndersonTorresLivre e #ForaLula o ódio venceu,0,0,1,https://twitter.com/cabogilberto/status/1650262493955063810
Cidadão de Bem,@cidadaodebembr,https://twitter.com/cidadaodebembr/status/1650287230638850049,2023-04-23T23:55:11.000Z,"Foi mesmo cara? E aí eles tiveram a brilhante ideia de divulgar a própria armação pra todo mundo baixar, né? 🤣🤣🤣 

pqp vcs são mt hilários e apostam muito alto na burrice dos próprios seguidores viu 1🤣🤣🤣",0,0,0,https://twitter.com/cabogilberto/status/1650262493955063810
