nome,usuario,idTweet,dataPublicacao,texto,replies,retweets,likes,tweetPai
José Mendonça,@zemendonca,https://twitter.com/zemendonca/status/1650685000327524352,2023-04-25T02:15:46.000Z,Chico Buarque genial!,0,0,1,https://twitter.com/BohnGass/status/1650658644264906753
Esfinge,@Esfinge51858057,https://twitter.com/Esfinge51858057/status/1650993721624735744,2023-04-25T22:42:31.000Z,"Sabujos, comprados a preço de ouro pelo desgoverno corruPTo, e pagos com o $ suado do povo. Carniça quer derrubar o juros para levar a inflação para o povo, enquanto janja e a tropa de asseclas viajam pelo mundo.",0,0,0,https://twitter.com/BohnGass/status/1650658644264906753
Helmuth Junior,@juniorblumenau,https://twitter.com/juniorblumenau/status/1650662707287273472,2023-04-25T00:47:11.000Z,Ainda não caiu a ficha???,0,0,0,https://twitter.com/BohnGass/status/1650658644264906753
Fabio Olivare,@olivarefabi,https://twitter.com/olivarefabi/status/1650727762418716679,2023-04-25T05:05:42.000Z,💞😁👍😜🤣,0,0,0,https://twitter.com/BohnGass/status/1650658644264906753
Celia Mendes,@CeliaCelsmendes,https://twitter.com/CeliaCelsmendes/status/1650663724657590273,2023-04-25T00:51:14.000Z,"Esse Zé povinho vão ficar 4 anos nessa perseguição!
Parabéns Chico!❤❤❤❤❤❤❤❤❤👏👏👏👏👏👏👏👏👏",0,0,0,https://twitter.com/BohnGass/status/1650658644264906753
