nome,usuario,idTweet,dataPublicacao,texto,replies,retweets,likes,tweetPai
Lucarini,@lucarini2026,https://twitter.com/lucarini2026/status/1650216140830908416,2023-04-23T19:12:42.000Z,"MENTIROSO, o Relógio Histórico está inteiro em cima da mesa, ele foi quebrado antes do chefe do GSI estar lá, as 14:40h segundo o depoimento dele. E ""plantar"" uma foto do JB  e outros 3 em pé, RIDÍCULO!",1,0,6,https://twitter.com/AlencarBraga13/status/1650151203697827842
Coronel Amaro (R1),@Amaro_Coronel,https://twitter.com/Amaro_Coronel/status/1650270811083755520,2023-04-23T22:49:56.000Z,Eu votei no Presidente Bolsonaro. Assim como outros 58 milhões de brasileiros. Estas me chamando de ladrão? Tens 24 horas para te retratar.,2,16,255,https://twitter.com/AlencarBraga13/status/1650151203697827842
O Raphael Tavares,@ORaphaelTavares,https://twitter.com/ORaphaelTavares/status/1650274322924068867,2023-04-23T23:03:53.000Z,Não aguenta 20 min de trocação!,0,0,4,https://twitter.com/AlencarBraga13/status/1650151203697827842
Enf°. Rodrigo Cardoso,@enf_cardoso,https://twitter.com/enf_cardoso/status/1650157313162878976,2023-04-23T15:18:56.000Z,O relógio (relíquia) ainda estava intacto nesse momento. 😢,2,0,23,https://twitter.com/AlencarBraga13/status/1650151203697827842
Bia,@BiancaA20067209,https://twitter.com/BiancaA20067209/status/1650162533708300288,2023-04-23T15:39:41.000Z,Para cima dos bolsonaristas golpistas.,2,1,5,https://twitter.com/AlencarBraga13/status/1650151203697827842
Gabriel Saraiva,@gabriel39670876,https://twitter.com/gabriel39670876/status/1650478260319408128,2023-04-24T12:34:16.000Z,"hum, e como foi que tu conseguiu avaliar que era bolsonarista? GDias estava a cena do crime e era braço direito do Lula ou agora ele era Bolsonarista?",0,0,0,https://twitter.com/AlencarBraga13/status/1650151203697827842
Thatiane Oliveira,@Thatian57254073,https://twitter.com/Thatian57254073/status/1650661137388634113,2023-04-25T00:40:57.000Z,"😂😂😂😂😂😂Toma vergonha, tem age foto da suposta parente da Dilma 😂😂😂",0,0,0,https://twitter.com/AlencarBraga13/status/1650151203697827842
Camarada Alê,@Alexand49161300,https://twitter.com/Alexand49161300/status/1650151766820806657,2023-04-23T14:56:54.000Z,😂😂😂😂😂,13,0,9,https://twitter.com/AlencarBraga13/status/1650151203697827842
andre luiz cruz ferreira,@andreluizcruzf4,https://twitter.com/andreluizcruzf4/status/1650340156203728897,2023-04-24T03:25:29.000Z,"🤔 Será mesmo que era um bolsonarista? Ou está mas fácil dizer que é um bolsonarista do que não querer dizer ""um petista tentando roubar"". E tudo está indicando e sendo mostrado é, quem invadiu primeiro foi os petistas, eles já estavam lá.",0,0,0,https://twitter.com/AlencarBraga13/status/1650151203697827842
Pedalinho do Dilmo,@PedalinhoDilmo,https://twitter.com/PedalinhoDilmo/status/1650218177077338113,2023-04-23T19:20:47.000Z,"Que fase !!
Foi constatado que um dos terroristas que invadiram o Palácio tem o sobrenome Alencar, tem o cabelo cacheado aprateado, nasceu na cidade mais corrupta de SP e também é apaixonado pelo Nikolas
Mas para evitar fofocas, o meliante não tem nenhum vínculo com o Alê.",0,0,0,https://twitter.com/AlencarBraga13/status/1650151203697827842
Cristiano Luis Grim,@GrimCristiano,https://twitter.com/GrimCristiano/status/1650476083139997701,2023-04-24T12:25:37.000Z,"kkkkkkkk Com certeza...
Aquele ""bolsonarista"" do GSI de Lula 🤪, e o ministro Dino tambem vão ter que explicar algo?",0,0,0,https://twitter.com/AlencarBraga13/status/1650151203697827842
Isabel de Almeida Ferreira,@Isabeld57684258,https://twitter.com/Isabeld57684258/status/1650627841963294721,2023-04-24T22:28:39.000Z,"Vai mesmo, faltará camburão da PF pra levar os esquerdistas infiltrados querendo se passar por bolsonaristas. Com tudo registrado sem chance de reverter, todos serão devidamente identificados e punidos. Melhor não cantar vitória antes da hora 😂😂😂",0,0,0,https://twitter.com/AlencarBraga13/status/1650151203697827842
Cruz lima,@Cruzlima23,https://twitter.com/Cruzlima23/status/1650240737915576321,2023-04-23T20:50:26.000Z,"Até os Cameras tinha lá antes pra fazer fotos , tudo orquestrado .. tá muito fácil desvendar o filme",0,0,1,https://twitter.com/AlencarBraga13/status/1650151203697827842
Cristina Custódio,@cris_custodiorj,https://twitter.com/cris_custodiorj/status/1650275940084195332,2023-04-23T23:10:19.000Z,O rei está nu e agora não adianta se retratar! Já era! Game over! C'est fini!,0,0,5,https://twitter.com/AlencarBraga13/status/1650151203697827842
Lílian Pedro,@LilianPedro61,https://twitter.com/LilianPedro61/status/1650207517916405761,2023-04-23T18:38:26.000Z,"Kkkkkk Chão limpo,relógio intacto,caixa eletrônico intacto.  Conta outra narrativa, calhorda! Essa não deu!!!",0,0,3,https://twitter.com/AlencarBraga13/status/1650151203697827842
Tatyana Rezende,@TatyanaRezende2,https://twitter.com/TatyanaRezende2/status/1650314483351396352,2023-04-24T01:43:28.000Z,Bolsonaristas??? Vc n tem vergonha n? A casa caiu pra vcs quem tentou botar sigilo e esconder as imagens mt claras mostrando participacao direta do desgoverno foi o proprio. Acorda milotante: a casa caiu,0,0,1,https://twitter.com/AlencarBraga13/status/1650151203697827842
Ana,@saude2023,https://twitter.com/saude2023/status/1650288741779423232,2023-04-24T00:01:11.000Z,"O que o General Gonçalves Dias , conhecido como “ sombra “, amigo pessoal de Lula há 30 anos , Ministro do Gabinete de segurança Institucional ( GSI ), nomeado por Lula , responsável pela segurança do Palácio Alvorada , estava fazendo lá no momento da invasão ?",0,0,3,https://twitter.com/AlencarBraga13/status/1650151203697827842
Ana,@saude2023,https://twitter.com/saude2023/status/1650289215165325312,2023-04-24T00:03:04.000Z,Boa Noite Deputado ! O senhor sabe explicar porque tinha um fotógrafo profissional da Reuters no momento em que a porta da vidro para o Gabinete Presidencial foi “ arrombada “ . ?!?!,0,0,2,https://twitter.com/AlencarBraga13/status/1650151203697827842
WEBGIANTBRASIL,@MIDNIGHTMANBR,https://twitter.com/MIDNIGHTMANBR/status/1650253154640961536,2023-04-23T21:39:46.000Z,"Engraçado que não tem mais ninguém.
Muito estranha essa cena. Parece que foi ensaiada. Tão perfeita. 
Já essa aqui ....",0,0,1,https://twitter.com/AlencarBraga13/status/1650151203697827842
Sil,@chanandlerb0nng,https://twitter.com/chanandlerb0nng/status/1650300043834843141,2023-04-24T00:46:06.000Z,Vandalos Lulistas disfarçados de bolsonaristas depredando patrimônio público.,0,0,2,https://twitter.com/AlencarBraga13/status/1650151203697827842
Raquel de Campos,@Raquelpdca,https://twitter.com/Raquelpdca/status/1650298473084862465,2023-04-24T00:39:51.000Z,"Por falar em ladrao, lembro de mensalão, petrolao, pasadena e outras mais. Não salva um comunista/petista… essa CPI vai ser muito divertida!",0,0,0,https://twitter.com/AlencarBraga13/status/1650151203697827842
Valéria,@ElzaValerio,https://twitter.com/ElzaValerio/status/1650300361540861953,2023-04-24T00:47:21.000Z,"Eu queria saber quem foi que contratou um fotógrafo para tirar fotos dos baderneiros arrombando uma porta que já estava aberta? O pior foi mostrar aos próprios que a foto ficou boa, quanta burrice! 😂😂😂 Desculpa mas vou falar... Faz o L",0,0,0,https://twitter.com/AlencarBraga13/status/1650151203697827842
Edu2k20,@edu2k20,https://twitter.com/edu2k20/status/1650232266373603329,2023-04-23T20:16:46.000Z,Por que tinha jornalista fotografando e filmando o arrombamento? Isso era parte da armação?,4,6,32,https://twitter.com/AlencarBraga13/status/1650151203697827842
James Days,@JamesDayssss,https://twitter.com/JamesDayssss/status/1650284832834895878,2023-04-23T23:45:39.000Z,Toma distraído,2,0,1,https://twitter.com/AlencarBraga13/status/1650151203697827842
Célia Regina Gumy Teixeira,@CeliaGumy,https://twitter.com/CeliaGumy/status/1650271895399329793,2023-04-23T22:54:15.000Z,Essa CPMI arrancará a máscara do USURPADOR do Poder e sua ORCRIM. Já começaram com narrativas? De Saques aos cofres públicos a Esquerdalha é especialista. Não passarão. O DESGOVERNO DERRETE   #ForaLula   #ForaAlckmin#CPMI08DEJANEIROJÁ,0,0,18,https://twitter.com/AlencarBraga13/status/1650151203697827842
Catarina,@DasCatarinasBra,https://twitter.com/DasCatarinasBra/status/1650319109731540994,2023-04-24T02:01:51.000Z,Bem típico do pudim de cachaça e sua gangue,0,0,0,https://twitter.com/AlencarBraga13/status/1650151203697827842
Luiz Fernando Taddei,@taddei_piratini,https://twitter.com/taddei_piratini/status/1650237240105132033,2023-04-23T20:36:32.000Z,"Narrativa falsa. Está cada vez mais evidente que saiu de dentro do Palácio. Fotógrafos, pulseirinhas que indicavam quem não seria preso... tá ficando linda a coisa.",3,2,19,https://twitter.com/AlencarBraga13/status/1650151203697827842
Ivan IvanIva,@ivaniva_ivan,https://twitter.com/ivaniva_ivan/status/1650171180731584516,2023-04-23T16:14:02.000Z,"Essa foi boa..
Será que eles esquecerem 8 de Janeiro, ai  convoca uma CPI eles esqueceram.. Achando que o povo é burro todo mundo sabe quem foi...O presidente da República Luiz Inácio Lula da Silva é um grande político, e vai vencer eles todos!!",1,0,8,https://twitter.com/AlencarBraga13/status/1650151203697827842
꧁☬ LIS ☬꧂,@LisLins22,https://twitter.com/LisLins22/status/1650304187299770368,2023-04-24T01:02:34.000Z,A PTzada está em pânico! #CPMI08DEJANEIROJÁ,0,0,0,https://twitter.com/AlencarBraga13/status/1650151203697827842
Simone Di cioccio,@Simone78586113,https://twitter.com/Simone78586113/status/1650312565598167040,2023-04-24T01:35:51.000Z,Logo menos vamos descobrir se só tinha bolsonarista ali.,0,0,0,https://twitter.com/AlencarBraga13/status/1650151203697827842
WanderValero,@WanderValero,https://twitter.com/WanderValero/status/1650196583630221312,2023-04-23T17:54:59.000Z,Lula roubou o Brasil todo...,1,1,19,https://twitter.com/AlencarBraga13/status/1650151203697827842
Patriotário Deprimido,@tweeter_newbie,https://twitter.com/tweeter_newbie/status/1650250734733086722,2023-04-23T21:30:09.000Z,@BaixaEssa,1,0,0,https://twitter.com/AlencarBraga13/status/1650151203697827842
Daniel Guillize,@danielguillize,https://twitter.com/danielguillize/status/1650258349710012416,2023-04-23T22:00:25.000Z,"O senhor já era favorável a abertura da CPMI antes do governo ser desmascarado com essas imagens? Estão presos esses que estão na imagem? E agora, atualmente, o Senhor é favorável a abertura da CPMI? Se era contra, por quê mudou de ideia?",1,0,1,https://twitter.com/AlencarBraga13/status/1650151203697827842
Moises Guedes,@MoisesGuedesLi1,https://twitter.com/MoisesGuedesLi1/status/1650222771769683973,2023-04-23T19:39:03.000Z,"Esse cara aí é petista, mané. Já foi identificado há tempo.",0,0,0,https://twitter.com/AlencarBraga13/status/1650151203697827842
Fábio,@MaX273180,https://twitter.com/MaX273180/status/1650152524635156480,2023-04-23T14:59:54.000Z,"Esse vídeos estão sendo reveladores sobre os golpistas...Os bolsonaristas, cavaram a própria cova....",0,0,9,https://twitter.com/AlencarBraga13/status/1650151203697827842
Eliseu Camilo,@seucami,https://twitter.com/seucami/status/1650354149349810176,2023-04-24T04:21:05.000Z,Belo stand up. De morrer de rir. Boa tentativa a sua.,0,0,0,https://twitter.com/AlencarBraga13/status/1650151203697827842
Sandra,@sandrambrus,https://twitter.com/sandrambrus/status/1650238955164430337,2023-04-23T20:43:21.000Z,Calma querido.,0,0,0,https://twitter.com/AlencarBraga13/status/1650151203697827842
Geovana Souza,@Geovana83243146,https://twitter.com/Geovana83243146/status/1650273354358886400,2023-04-23T23:00:02.000Z,Fala sério??,0,0,0,https://twitter.com/AlencarBraga13/status/1650151203697827842
Paulo Brasileiro SPFC,@Paulo_Brasil_22,https://twitter.com/Paulo_Brasil_22/status/1650264627031187457,2023-04-23T22:25:22.000Z,"Descobriram a identidade do cara ou é porque estava de verde amarelo?
NÃO EXISTE MAIS ARGUMENTOS KKKKKKKKKKKKKK",0,0,6,https://twitter.com/AlencarBraga13/status/1650151203697827842
Resistir é PrecisoCombater o racismo sempre,@OtiliaFdeMoura,https://twitter.com/OtiliaFdeMoura/status/1650191640454111235,2023-04-23T17:35:20.000Z,"SÓ ELES: ""Gentes do Bem"", da ""Família (lícia), e dos Bons Costumes"".
Boa tarde, companheiro Alencar🙋‍♀️ paz e bem🙏",1,0,4,https://twitter.com/AlencarBraga13/status/1650151203697827842
M Ivana - Anl. Judiciário,@MIvana11,https://twitter.com/MIvana11/status/1650275055614545920,2023-04-23T23:06:48.000Z,"Lulistas disfarçados de verde e amarelo. Já temos filmagens originárias. A casa caiu,!",0,1,7,https://twitter.com/AlencarBraga13/status/1650151203697827842
Natalia Lopes,@Natalia39413135,https://twitter.com/Natalia39413135/status/1650170752165896192,2023-04-23T16:12:20.000Z,"O que vocês não entendem é que não queremos encobrir erros de “Bolsonaristas” ! Se erraram tem que pagar.
O negócio é que sabemos que tem muito mais dedos nesse meio e que não são dos patriotas que pediam socorro! Simples assim…",1,0,3,https://twitter.com/AlencarBraga13/status/1650151203697827842
Alyne Marenda,@MarendaAlyne,https://twitter.com/MarendaAlyne/status/1650222231136489472,2023-04-23T19:36:54.000Z,Era só ter pedido a chave para o GDias 😂,0,1,6,https://twitter.com/AlencarBraga13/status/1650151203697827842
Felicio,@AlvesCyrino,https://twitter.com/AlvesCyrino/status/1650362611274219520,2023-04-24T04:54:43.000Z,E por que a esquerda não queria a CPMI? Por que o governo federal determinou sigilo nas imagens? Vai querer dizer que foi para proteger os bolsonaristas? 😂,0,0,9,https://twitter.com/AlencarBraga13/status/1650151203697827842
Teresinha,@Teresin41091192,https://twitter.com/Teresin41091192/status/1650241179093544961,2023-04-23T20:52:11.000Z,"Só por causa da roupa, seria Bolsonarista? Isto fez parte do plano. Colocar a petralhada de verde-amarelo.",1,2,19,https://twitter.com/AlencarBraga13/status/1650151203697827842
Eduardo Fernandes,@Eduardo70103431,https://twitter.com/Eduardo70103431/status/1650272390088105984,2023-04-23T22:56:13.000Z,Falando em banco lembrei disso,1,0,1,https://twitter.com/AlencarBraga13/status/1650151203697827842
Flávio JLB,@FlavioJlb,https://twitter.com/FlavioJlb/status/1650258725444243458,2023-04-23T22:01:55.000Z,Então o porque do governo tentar esconder? Para com essas narrativas! Não te pagamos para isso...,0,0,6,https://twitter.com/AlencarBraga13/status/1650151203697827842
Eduardo Santos,@Edvitao1,https://twitter.com/Edvitao1/status/1650210462536024066,2023-04-23T18:50:08.000Z,"Hahahha o lula já tinha assumido a presidência né 😂😂😂 ele chegou antes dos bolsonaristas,vcs são uma piada pronta",1,0,4,https://twitter.com/AlencarBraga13/status/1650151203697827842
isaias De Araujo Silva,@isaias4721,https://twitter.com/isaias4721/status/1650228371727564801,2023-04-23T20:01:18.000Z,"Lula armou, O GSI, indicou a saída dos vândalos. Abriram as portas P Bolsonaristas entrarem.
Tudo orquestrado para por a culpa em Bolsonaro.
 #LulaLadrao sabendo de tudo, colocou sigilo nas imagens.@STF_oficial Bandido é bandido e mané é mané segundo o ministro Barroso.",3,4,16,https://twitter.com/AlencarBraga13/status/1650151203697827842
isaias De Araujo Silva,@isaias4721,https://twitter.com/isaias4721/status/1650229532576698371,2023-04-23T20:05:55.000Z,"Lula armou, O GSI, indicou a saída dos vândalos. Abriram as portas P Bolsonaristas entrarem.
Tudo orquestrado para por a culpa em Bolsonaro.
 #LulaLadrao sabendo de tudo, colocou sigilo nas imagens.@STF_oficial Bandido é bandido e mané é mané segundo o ministro Barroso.",1,5,27,https://twitter.com/AlencarBraga13/status/1650151203697827842
MEIRE,@MD39871561,https://twitter.com/MD39871561/status/1650198684661850112,2023-04-23T18:03:20.000Z,ISSO É CABE PROCESSO VC NÃO ACHA ?,0,0,1,https://twitter.com/AlencarBraga13/status/1650151203697827842
GARDENIA CARVALHO 22,@gardeni64024270,https://twitter.com/gardeni64024270/status/1650715060463861761,2023-04-25T04:15:13.000Z,Aaaasshhhh o remedio acabou foi?,0,0,0,https://twitter.com/AlencarBraga13/status/1650151203697827842
Rosana Raddatz,@raddatz_rosana,https://twitter.com/raddatz_rosana/status/1650464092069429248,2023-04-24T11:37:58.000Z,Vai ser o fim do PT,0,0,0,https://twitter.com/AlencarBraga13/status/1650151203697827842
Brasil em primeiro lugar,@ANeurovendas,https://twitter.com/ANeurovendas/status/1650266720316055554,2023-04-23T22:33:41.000Z,"Então, o mais legal é o tio Lula que não queria mostrar as imagens e agora quer tudo. Realmente o eleitor de Lula é feito de ota%%rio",0,0,0,https://twitter.com/AlencarBraga13/status/1650151203697827842
Natan,@JotaPau18520138,https://twitter.com/JotaPau18520138/status/1650177352465371136,2023-04-23T16:38:34.000Z,A família Bolsonaro dando exemplo!!,0,0,0,https://twitter.com/AlencarBraga13/status/1650151203697827842
Douglas Silva,@Douglas_casdo,https://twitter.com/Douglas_casdo/status/1650487502157799426,2023-04-24T13:10:59.000Z,Quebrou o relógio???,0,0,0,https://twitter.com/AlencarBraga13/status/1650151203697827842
Viny Campos,@BrasilEmpresar4,https://twitter.com/BrasilEmpresar4/status/1650249100258942981,2023-04-23T21:23:40.000Z,"FALOU EM LADRÃO, FALOU DO CHEFE.",0,0,0,https://twitter.com/AlencarBraga13/status/1650151203697827842
Soraya Milani Castro,@soraya_milani,https://twitter.com/soraya_milani/status/1650375689801965569,2023-04-24T05:46:41.000Z,Como que rouba pela frente ? Só com chave ou explodindo.,0,0,0,https://twitter.com/AlencarBraga13/status/1650151203697827842
Soraya Milani Castro,@soraya_milani,https://twitter.com/soraya_milani/status/1650375803710984193,2023-04-24T05:47:08.000Z,Não viaje !,0,0,0,https://twitter.com/AlencarBraga13/status/1650151203697827842
Carlos Augusto Grion,@cgrion,https://twitter.com/cgrion/status/1650254419936550913,2023-04-23T21:44:48.000Z,"Qual teu problema, comunista?",0,0,1,https://twitter.com/AlencarBraga13/status/1650151203697827842
Carlos Augusto Grion,@cgrion,https://twitter.com/cgrion/status/1650254587838836737,2023-04-23T21:45:28.000Z,Comunistas contrataram até fotógrafo profissional?,0,0,1,https://twitter.com/AlencarBraga13/status/1650151203697827842
Alex percussa,@Alexpercussa16,https://twitter.com/Alexpercussa16/status/1650266854588293124,2023-04-23T22:34:13.000Z,"Vai ser bem divertida, vai ser melhor que assistir Netflix KKKK mal posso esperar pra ver o próximo episódio de OS BOLSOLOUCOS SÓ SE LASCAM 😂😂😂😂",0,0,1,https://twitter.com/AlencarBraga13/status/1650151203697827842
Andre Vasco,@AndreLCVasco,https://twitter.com/AndreLCVasco/status/1650260174219640833,2023-04-23T22:07:40.000Z,"Querido deputado, quem rouba caixa eletrônico não é bolsonarista, direitista, conservador, ou a tia do Zap, mas talvez seja aquele amigão do CPX.",0,0,1,https://twitter.com/AlencarBraga13/status/1650151203697827842
José,@JosLima81692394,https://twitter.com/JosLima81692394/status/1650617859452682242,2023-04-24T21:48:59.000Z,"Sabe qual é a diferença Dep.? Se encontrarmos um culpado não iremos passar pano nem fingir que ele não estava lá, quem tiver cometido crime deve pagar, essa é nossa concepçao de justiça, a do PT já é um pouco diferente...",0,0,1,https://twitter.com/AlencarBraga13/status/1650151203697827842
Prof Paulo Masson,@paulo_r_masson,https://twitter.com/paulo_r_masson/status/1650258575225225218,2023-04-23T22:01:19.000Z,"Pra mim pouco importa. Que sejam presos mesmo.
Todavia, isso não apaga o fato de que teve gente deixando rolar a coisa para se beneficiar.",0,0,1,https://twitter.com/AlencarBraga13/status/1650151203697827842
Gil Guará,@gil_guara,https://twitter.com/gil_guara/status/1650243625157115913,2023-04-23T21:01:54.000Z,Luladräo,0,0,1,https://twitter.com/AlencarBraga13/status/1650151203697827842
José Leopoldo,@Jose_Leopoldo,https://twitter.com/Jose_Leopoldo/status/1650313448255881217,2023-04-24T01:39:22.000Z,Olha o pai dos pobres ….: kkkkk,0,0,0,https://twitter.com/AlencarBraga13/status/1650151203697827842
Arlean Andrei,@ArleanAndrei,https://twitter.com/ArleanAndrei/status/1650303738186194947,2023-04-24T01:00:47.000Z,Esquece de comentar que seus funcionários participaram do roubo!,0,0,0,https://twitter.com/AlencarBraga13/status/1650151203697827842
Bruno Staff,@StalloneCobra9,https://twitter.com/StalloneCobra9/status/1650438552809881601,2023-04-24T09:56:29.000Z,Esquerdista infiltrado.,0,0,0,https://twitter.com/AlencarBraga13/status/1650151203697827842
ANTICOMUNAZI,@David13Tattoo,https://twitter.com/David13Tattoo/status/1650666598708002820,2023-04-25T01:02:39.000Z,Conseguiu ver o nome dele e o titulo de eleitor? Pq tá mais pra um petista isso daí ein.,0,0,0,https://twitter.com/AlencarBraga13/status/1650151203697827842
Tânia Silva,@irmataniasilva,https://twitter.com/irmataniasilva/status/1650628889528397830,2023-04-24T22:32:49.000Z,Cala a boca indiota,0,0,0,https://twitter.com/AlencarBraga13/status/1650151203697827842
Marcelo Barella,@donpaysano,https://twitter.com/donpaysano/status/1650307899195895808,2023-04-24T01:17:19.000Z,Dei um um Print aqui nesse Tweet,0,0,0,https://twitter.com/AlencarBraga13/status/1650151203697827842
Antonio Edcarlos Santos Vaz,@AntonioEdcarlo4,https://twitter.com/AntonioEdcarlo4/status/1653811339645661210,2023-05-03T17:18:44.000Z,"Ei Deputado, isso aí é apenas um petista com a camisa do Brasil...kkkkkk  fato..!!!!",0,0,0,https://twitter.com/AlencarBraga13/status/1650151203697827842
Juliana,@SoldadaJulia,https://twitter.com/SoldadaJulia/status/1650251559098253314,2023-04-23T21:33:26.000Z,Bolsonarista né?? 🤡🤡🤡🤣,0,0,0,https://twitter.com/AlencarBraga13/status/1650151203697827842
Marcelo Biscaro,@MarceloBiscaro,https://twitter.com/MarceloBiscaro/status/1650271475536912384,2023-04-23T22:52:34.000Z,"Prezado Deputado. Pare com este discurso pois a casa já caiu. Eu tinha esperança antes da eleição em vocês, agora minha esperança virou nojo",0,0,0,https://twitter.com/AlencarBraga13/status/1650151203697827842
Sidnei Schaffer,@sidnei_schaffer,https://twitter.com/sidnei_schaffer/status/1650225812912611333,2023-04-23T19:51:08.000Z,"General
Do lula abriu a portas para os bolsonaristas kkkk",0,0,0,https://twitter.com/AlencarBraga13/status/1650151203697827842
Hudson Ferreira,@HudsonF12858818,https://twitter.com/HudsonF12858818/status/1650197078134366208,2023-04-23T17:56:57.000Z,"ESSE AI ESTACA JUNTO COM O GENERAL MINISTRO DE LULA QUE PEDIU DEMUSSSAO KKK , O GOVERNO LULA JÁ ERA ,NOVAS ELEIÇÕES EM 20024",0,0,0,https://twitter.com/AlencarBraga13/status/1650151203697827842
Augusto Canto neto,@acantoneto,https://twitter.com/acantoneto/status/1650628469665984515,2023-04-24T22:31:09.000Z,"General Dias a mando superior, participou do 8 de janeiro.",0,0,0,https://twitter.com/AlencarBraga13/status/1650151203697827842
CIRAN,@CiranSilva,https://twitter.com/CiranSilva/status/1650527589029621764,2023-04-24T15:50:17.000Z,Narrativa de quem a luz se apagando kkķkk,0,0,0,https://twitter.com/AlencarBraga13/status/1650151203697827842
Adriano PERCIO,@AdrianoPERCIO1,https://twitter.com/AdrianoPERCIO1/status/1650296212426293249,2023-04-24T00:30:52.000Z,Lula e companhia estavam lá  e liberarzm as tropas do Palácio né kkkkk,0,0,0,https://twitter.com/AlencarBraga13/status/1650151203697827842
Lúcio Roussin Cotta,@lucio_cotta,https://twitter.com/lucio_cotta/status/1650337450005262336,2023-04-24T03:14:44.000Z,Muitas explicações a serem dadas né!?,0,0,0,https://twitter.com/AlencarBraga13/status/1650151203697827842
Rodrigo O Pereira,@drrodrigoop,https://twitter.com/drrodrigoop/status/1650381689065971712,2023-04-24T06:10:31.000Z,"Se roubou, vai ser preso, diferente do seu lado que rouba, e não vai preso. !!  Quer dizer vai preso, e depois sai como nada tivesse acontecido. E esquece tudo igual mulher que apanha de marido e diz que vai mudar. E no final é até pior. Só espera para ver.",0,0,0,https://twitter.com/AlencarBraga13/status/1650151203697827842
Carlos Teodósio,@CarlosTeo69,https://twitter.com/CarlosTeo69/status/1650167851553112069,2023-04-23T16:00:49.000Z,oh raça,0,0,1,https://twitter.com/AlencarBraga13/status/1650151203697827842
QXATO SILVA,@QXATOSILVA,https://twitter.com/QXATOSILVA/status/1650188632278302722,2023-04-23T17:23:23.000Z,Roubar dinheiro ?? 🤷‍♂️ acho que este aí era do seu gabinete mesmo se passando por invasor 🤡,0,0,0,https://twitter.com/AlencarBraga13/status/1650151203697827842
Maria Lisbela da Silva Brandão Freire,@LisbelaFBrandao,https://twitter.com/LisbelaFBrandao/status/1650210359263870980,2023-04-23T18:49:43.000Z,Vai ficar na História!!!,0,0,0,https://twitter.com/AlencarBraga13/status/1650151203697827842
JOSE RENATO DE PAULA,@JOSERENATO1955,https://twitter.com/JOSERENATO1955/status/1650218481453768704,2023-04-23T19:22:00.000Z,Prove mostre as cenas!!!,0,0,0,https://twitter.com/AlencarBraga13/status/1650151203697827842
Henrique,@HGodoi16,https://twitter.com/HGodoi16/status/1650232709413838851,2023-04-23T20:18:32.000Z,Serio deputado? Este é o seu comentário?,0,0,0,https://twitter.com/AlencarBraga13/status/1650151203697827842
ᘜIᗷᗩᒍᖇ ᖇᗴᑕIᖴᗴ,@MenezeGilberto,https://twitter.com/MenezeGilberto/status/1650238184821850113,2023-04-23T20:40:17.000Z,Pior que Hollywood perde pra eles em edição de vídeos. Já estão distorcendo as imagens.,0,0,0,https://twitter.com/AlencarBraga13/status/1650151203697827842
Mark Spancing,@MSpancing,https://twitter.com/MSpancing/status/1650245435074674689,2023-04-23T21:09:06.000Z,Painho quadrilheiro passando vergonha internacional.,0,0,0,https://twitter.com/AlencarBraga13/status/1650151203697827842
Silvana Lopes,@sillopes0871,https://twitter.com/sillopes0871/status/1650246704334028800,2023-04-23T21:14:09.000Z,"LULA TENTA O GOLPE MO DIA 08/01/23 SFIM DE IMPLANTAR A DITADURA NO BRASIL...ELE TEM PRESSA, SABE BEM QUE NAO TEM MUITO TEMPO",0,0,0,https://twitter.com/AlencarBraga13/status/1650151203697827842
Pipe Müller,@IsraelFilipeMl1,https://twitter.com/IsraelFilipeMl1/status/1650278498110431232,2023-04-23T23:20:29.000Z,"Bom... Entendendo que as imagens dos últimos dias deixam claro que militantes de esquerda estavam infiltrados nas invasões, não tenho dúvidas nenhuma! Quem costuma roubar caixas eletrônicos é? Quem,  quem? Raimundo Nonato Molusco!! Hahaha",0,0,0,https://twitter.com/AlencarBraga13/status/1650151203697827842
Juliana Maria Santos,@Juliana53977862,https://twitter.com/Juliana53977862/status/1650283305554653184,2023-04-23T23:39:35.000Z,"Conhecereis a verdade e a verdade libertará o país Terra de Sta Cruz.
Tudo será revelado
É uma nação rezando vcs não contavam com isso
Deus sempre a favor da verdade, vida e liberdade",0,0,0,https://twitter.com/AlencarBraga13/status/1650151203697827842
Luis Carlos,@LuisCar30642559,https://twitter.com/LuisCar30642559/status/1650295449939582977,2023-04-24T00:27:50.000Z,Nossa que tentativa agressiva Kkkkkkk,0,0,0,https://twitter.com/AlencarBraga13/status/1650151203697827842
IVAN 4silva,@Mar5Ivansantana,https://twitter.com/Mar5Ivansantana/status/1650300509012541440,2023-04-24T00:47:57.000Z,Vamos ver o LULA mentindo de novo e quem apoia a ele também..,0,0,0,https://twitter.com/AlencarBraga13/status/1650151203697827842
Flavio Schultz,@FlavioSchultz2,https://twitter.com/FlavioSchultz2/status/1650301277371244549,2023-04-24T00:51:00.000Z,"Simples dr. deputado, só assinar a CPMI que isso tud será desvendado. Tem que descobrir quem é esse “bolsonarista” e colocá-lo na cadeia, simples assim. Ou foi o Bolsonaro que mandou ele roubar o caixa eletrônico??",0,0,0,https://twitter.com/AlencarBraga13/status/1650151203697827842
Joab Panthera,@PantheraJoab,https://twitter.com/PantheraJoab/status/1650316968459730946,2023-04-24T01:53:21.000Z,Mas e aí já assinou pra ter a CPMI ou vai ficar de conversa mole ?,0,0,0,https://twitter.com/AlencarBraga13/status/1650151203697827842
Bagualossaurus Agudoensis,@agudoensis,https://twitter.com/agudoensis/status/1650412065239040000,2023-04-24T08:11:14.000Z,Só isso? Quero ver explicar o inexplicável conluio..,0,0,0,https://twitter.com/AlencarBraga13/status/1650151203697827842
Hermsdorff63,@hermsdorff63,https://twitter.com/hermsdorff63/status/1650464271157870592,2023-04-24T11:38:41.000Z,"Ao mesmo tempo q vai ser divertida, haverá choro e ranger de dentes do Srs. Dino, Lula e Xandão.",0,0,0,https://twitter.com/AlencarBraga13/status/1650151203697827842
Rayldo vieira,@rayldovsantos,https://twitter.com/rayldovsantos/status/1650493930985725957,2023-04-24T13:36:32.000Z,"Vamos ver quem fez o que. Vc como servidor público que não me representa, vai nos explicar com a mesma cara de pau e assumir suas falácias. #CPIdo8deJANEIRO",0,0,0,https://twitter.com/AlencarBraga13/status/1650151203697827842
MariangelaNappi,@Nappi2011,https://twitter.com/Nappi2011/status/1650469472849862657,2023-04-24T11:59:21.000Z,"Deputado o senhor não se constrange ao fazer um papel ridículo deste, e se for provado, a culpa do Desgoverno Lula, o senhor vai enfiar a sua cara aonde, vcs deveriam no mínimo ter compromisso com a verdade é esperar a apuração dos fatos, o povo tem que aprender a votar!!!",0,1,0,https://twitter.com/AlencarBraga13/status/1650151203697827842
Cyntia,@CyntiaGoncalve1,https://twitter.com/CyntiaGoncalve1/status/1650301825340305411,2023-04-24T00:53:10.000Z,Essa CPMI vai ser muito divertida ou já está sendo? As máscaras já estão caindo. #ForaLuladrao,0,0,2,https://twitter.com/AlencarBraga13/status/1650151203697827842
Cristão,@fratucello3,https://twitter.com/fratucello3/status/1650222716782346242,2023-04-23T19:38:49.000Z,"Bolsonarista, ah tá, larga de cinismo hipócrita.",0,0,13,https://twitter.com/AlencarBraga13/status/1650151203697827842
(urubuzão),@perisse72,https://twitter.com/perisse72/status/1650425500878209024,2023-04-24T09:04:37.000Z,"Ô coisinha, quem é que mantém diálogos cabulosos com o PCC, hein?!",0,1,0,https://twitter.com/AlencarBraga13/status/1650151203697827842
pereira Passos,@passos_edimar,https://twitter.com/passos_edimar/status/1650167434354085888,2023-04-23T15:59:09.000Z,"O que passa cabeça dessa gente?
Eles fizeram questão de serem identificados. Pensavam que sairiam vitoriosos, e seriam todos condecorados pelo micto no futuro?",0,0,7,https://twitter.com/AlencarBraga13/status/1650151203697827842
Cipriany,@CiprianyPatriot,https://twitter.com/CiprianyPatriot/status/1650206483290750982,2023-04-23T18:34:19.000Z,Escute um dos jornalistas mais respeitado do Brasil.,3,9,38,https://twitter.com/AlencarBraga13/status/1650151203697827842
VaiBrasil22,@brasil22_v,https://twitter.com/brasil22_v/status/1650201181191389186,2023-04-23T18:13:15.000Z,Desespero que se fala né!!!🤣🤣🤮🤣🤮,0,0,7,https://twitter.com/AlencarBraga13/status/1650151203697827842
Malu Ribas,@MaluRibass,https://twitter.com/MaluRibass/status/1650284901785018369,2023-04-23T23:45:56.000Z,"Quer dizer que qualquer pessoa que usa a camisa do Brasil é Bolsonarista?
Acredito que podem usar melhor o raciocínio...ou não né?
Será ignorância ou mau-caratismo mesmo?",2,0,2,https://twitter.com/AlencarBraga13/status/1650151203697827842
José Maurillo Rosa,@josemaurillo,https://twitter.com/josemaurillo/status/1650170769786241025,2023-04-23T16:12:24.000Z,"Mas vcs queriam que sobrassem somente os ladroes da Petrobras, dos fundos de pensão expropriados, das estatais roubadas, do triplex e do sítio de Atibaia dos amigos, dos dólares em paraísos fiscais, de dinheiro na cueca! Vcs só acusam! Agora vão enfrentar outro escândalo,do 08/01",4,1,17,https://twitter.com/AlencarBraga13/status/1650151203697827842
dsalves,@AlveskDinei,https://twitter.com/AlveskDinei/status/1650680013258104832,2023-04-25T01:55:57.000Z,Só pq tá com a camisa do Brasil é bolsonarista? Cada merda que é postada aqui,0,0,0,https://twitter.com/AlencarBraga13/status/1650151203697827842
Daniel Trajano Nascimento,@DanielTrajanoN1,https://twitter.com/DanielTrajanoN1/status/1650917465109438477,2023-04-25T17:39:30.000Z,"Era petista  !!!!!!       pronto falei segue lá pelota,  próxima pergunta !!!!",0,0,0,https://twitter.com/AlencarBraga13/status/1650151203697827842
ANDRE POETA,@Andre_Poeta,https://twitter.com/Andre_Poeta/status/1650951402942787599,2023-04-25T19:54:22.000Z,"Vc nao fez nada por Guarulhos, só aparecia na época de eleição. Se aposenta, para de drama.",0,0,0,https://twitter.com/AlencarBraga13/status/1650151203697827842
Gilberto Silva,@GilbertuFla,https://twitter.com/GilbertuFla/status/1651973448787214338,2023-04-28T15:35:37.000Z,Kkkkkkk depois de 5 meses da para mudar muita coisa não é kkkkkkkkkk só nesse PAÍS isso acontece Barraquinha de cachorro quente para o povo e estrela Michelin para os comunistas .kkkkkkk,0,0,0,https://twitter.com/AlencarBraga13/status/1650151203697827842
Gilberto Silva,@GilbertuFla,https://twitter.com/GilbertuFla/status/1651975567162368001,2023-04-28T15:44:02.000Z,A DIFERENÇA É QUE :  O POVO QUE ACREDITA EM  DEUS NÃO TEM POLÍTICOS DE ESTIMAÇÃO E NÃO CONCORDA COM POLITICAGEM E ESQUEMAS CORRUPTOS.,0,0,0,https://twitter.com/AlencarBraga13/status/1650151203697827842
Wesley,@Wesley30675057,https://twitter.com/Wesley30675057/status/1652029647826157571,2023-04-28T19:18:55.000Z,Põem o vídeo do ministro do gsi tbm não se acovardem,0,0,0,https://twitter.com/AlencarBraga13/status/1650151203697827842
Fred Garcia,@FredGar47698047,https://twitter.com/FredGar47698047/status/1654158899920994304,2023-05-04T16:19:49.000Z,"Seu patrão que tem muito a explicar seu vagabundo, a hora de vcs está chegando. Comunista não vale a cueca que veste, no seu caso calcinha.",0,0,0,https://twitter.com/AlencarBraga13/status/1650151203697827842
Gustavo Klein,@Gustavo_klein89,https://twitter.com/Gustavo_klein89/status/1655598411352006659,2023-05-08T15:39:55.000Z,Talvez o ministro da justiça atual saiba. Os parceiros dele estavam de garçom la,0,0,0,https://twitter.com/AlencarBraga13/status/1650151203697827842
Jacilene,@Jacilen45336981,https://twitter.com/Jacilen45336981/status/1650257178756874241,2023-04-23T21:55:46.000Z,"Agora, todos que veste a camisa do Brasil é Bolsonarista???
Ah... Seja menos inocente.",0,0,0,https://twitter.com/AlencarBraga13/status/1650151203697827842
Tome Joni Silva Coelho,@JoniCoelho1,https://twitter.com/JoniCoelho1/status/1650465304210808833,2023-04-24T11:42:47.000Z,Vc pode montar o que for mais a sua casa já foi desabada e vc vai junto com os amigos seus larápios,0,0,0,https://twitter.com/AlencarBraga13/status/1650151203697827842
Gus Magalha,@maggagoo,https://twitter.com/maggagoo/status/1650618172368666624,2023-04-24T21:50:13.000Z,"Mas isso aí, é só chamar o cidadão e pedir pra ele mesmo explicar, ué.",0,0,0,https://twitter.com/AlencarBraga13/status/1650151203697827842
EdsonCan,@EdsonCanta,https://twitter.com/EdsonCanta/status/1650488751968210945,2023-04-24T13:15:57.000Z,R$ 13 milhões em emendas parlamentares individuais para  tentar barrar a CPMI e agora vem com esse discurso...,0,0,0,https://twitter.com/AlencarBraga13/status/1650151203697827842
Fernando Paim,@fpaim213,https://twitter.com/fpaim213/status/1650294809511247873,2023-04-24T00:25:18.000Z,E vcs várias cenas 😂😂😂 te prepara jogador,0,0,0,https://twitter.com/AlencarBraga13/status/1650151203697827842
Edgar Ferreira,@EdgarF1002,https://twitter.com/EdgarF1002/status/1650495586280386563,2023-04-24T13:43:07.000Z,"Engraçado os bolsonarista passaram 4 anos fazendo manifestações, lotando as ruas de várias cidades e nunca aconteceu isso, e quando invadiram os poderem em Brasilia eles tem a mesma atitude da esquerda estranho né? vamos vê se alguém que está nas imagens está preso aí saberemos.",0,0,0,https://twitter.com/AlencarBraga13/status/1650151203697827842
FabioAP,@FabioAP26,https://twitter.com/FabioAP26/status/1650312927587586048,2023-04-24T01:37:17.000Z,"Não vi um ""bolsonarista"" defendendo general até agora.. Isso é delírio de quem comeu capim estragado.",0,0,0,https://twitter.com/AlencarBraga13/status/1650151203697827842
eleusa gonçalves,@eleusagonalves,https://twitter.com/eleusagonalves/status/1650529414256504832,2023-04-24T15:57:32.000Z,Quem gosta de roubar é o PT por isso n queriam investigar meu sonho é ver o Lula de volta na prisão,0,0,0,https://twitter.com/AlencarBraga13/status/1650151203697827842
Pátria amada.,@LusGolfeto,https://twitter.com/LusGolfeto/status/1650306804855832576,2023-04-24T01:12:58.000Z,Desespero da esquerda. Mentem descaradamente.,0,0,0,https://twitter.com/AlencarBraga13/status/1650151203697827842
D3L,@DelvisonSantos,https://twitter.com/DelvisonSantos/status/1650499683733630977,2023-04-24T13:59:24.000Z,A CPMI do 08/01 vem aí! Ihuuuuu!!!!,0,0,0,https://twitter.com/AlencarBraga13/status/1650151203697827842
Paulo Franco de Medeiros,@PauloFrancodeM1,https://twitter.com/PauloFrancodeM1/status/1650317398686171136,2023-04-24T01:55:03.000Z,Vergonha,0,0,0,https://twitter.com/AlencarBraga13/status/1650151203697827842
DeividStinghel,@Deivid_Stinghel,https://twitter.com/Deivid_Stinghel/status/1650229098583662596,2023-04-23T20:04:11.000Z,Esse tbm estava com ministro. Kkkkk,0,0,0,https://twitter.com/AlencarBraga13/status/1650151203697827842
Marco Miranda,@MarcoMiranda22,https://twitter.com/MarcoMiranda22/status/1650267038311501825,2023-04-23T22:34:57.000Z,"Kkkk será que é realmente verdade??  Sei não, quando PTralhas anunciam alguma coisa é bom investigar. Não são confiáveis!! Nunca foram!!",0,0,0,https://twitter.com/AlencarBraga13/status/1650151203697827842
warley fernando,@warleyfernando7,https://twitter.com/warleyfernando7/status/1650238745763782656,2023-04-23T20:42:31.000Z,"Interessante um cara estar sozinho em uma área dessa do congresso,será não tem guardas ,só tem câmeras no palácio,que estranho ne",0,0,0,https://twitter.com/AlencarBraga13/status/1650151203697827842
FridaExplica,@livia38723014,https://twitter.com/livia38723014/status/1650168381306204160,2023-04-23T16:02:55.000Z,@BaixadorDeVideo,0,0,0,https://twitter.com/AlencarBraga13/status/1650151203697827842
Sergio do agitaço,@serjaoagitaco,https://twitter.com/serjaoagitaco/status/1650201695098421248,2023-04-23T18:15:18.000Z,"Tem que apurar todos envolvidos, e serem punidos , sem alívio.",0,0,0,https://twitter.com/AlencarBraga13/status/1650151203697827842
Marcio Guerra,@mchadid,https://twitter.com/mchadid/status/1650280337795055619,2023-04-23T23:27:47.000Z,De roubo vcs entendem…,0,0,0,https://twitter.com/AlencarBraga13/status/1650151203697827842
Francisco Melo,@Francis16377860,https://twitter.com/Francis16377860/status/1650280198552670211,2023-04-23T23:27:14.000Z,"C certeza esse é petista, kkkkkk!",0,0,0,https://twitter.com/AlencarBraga13/status/1650151203697827842
Regina Sartoretto,@ReginaSatereza,https://twitter.com/ReginaSatereza/status/1650259868756967431,2023-04-23T22:06:27.000Z,"Respeito Deputado, honre seus eleitores, trabalhe, apresente projetos, inove, ouve teu povo, disseminar ódio, atacar as pessoas, perseguição não faz parte do seu trabalho!",0,0,0,https://twitter.com/AlencarBraga13/status/1650151203697827842
Roberto Bueno,@Roberto57471191,https://twitter.com/Roberto57471191/status/1650240278584868866,2023-04-23T20:48:37.000Z,ESTES AÍ SÃO DA TURMA DE VOCÊS.,0,0,0,https://twitter.com/AlencarBraga13/status/1650151203697827842
Roberto Bueno,@Roberto57471191,https://twitter.com/Roberto57471191/status/1650240464711196673,2023-04-23T20:49:21.000Z,"A CPMI VAI SER LINDA, ESTOU ANSIOSO.",0,0,0,https://twitter.com/AlencarBraga13/status/1650151203697827842
IR18,@rejtman,https://twitter.com/rejtman/status/1650448206730350593,2023-04-24T10:34:50.000Z,você consegue provar que esse individuo é bolsonarista ou oportunista de ocasião?,0,0,0,https://twitter.com/AlencarBraga13/status/1650151203697827842
COBERMETAL,@Cobermetalind,https://twitter.com/Cobermetalind/status/1650629169284349958,2023-04-24T22:33:55.000Z,"Kkkkkkk, a petralhada está em massa tenta do distorcer imagens e fatos kkkkkkkk
O choro é livre!!!!! O pai vai ficar off !!!!kkkkkkkkkkkk🇺🇸🇧🇷🇺🇸🇧🇷😋🇧🇷🇺🇸🇧🇷😎😎😎😎😎",0,0,0,https://twitter.com/AlencarBraga13/status/1650151203697827842
JOAO EDUARDO GUIMARAES,@PROF_JEG,https://twitter.com/PROF_JEG/status/1650472656616009728,2023-04-24T12:12:00.000Z,"E como é nome de Deus, o nobre deputado sabe que o meliante é “Bolsonarista” ?? Pode ser que seja “Lulista” imitando o que o próprio fez com a Petrobras… Pense nisso excelência.",0,0,0,https://twitter.com/AlencarBraga13/status/1650151203697827842
julimprocopio,@julimprocopio,https://twitter.com/julimprocopio/status/1650471360987029505,2023-04-24T12:06:51.000Z,"Vão falar que é Petista disfarçado, que os Patriotários não fazem isso kkkkkkk",0,0,0,https://twitter.com/AlencarBraga13/status/1650151203697827842
CarlosMartins,@CarlosM46523606,https://twitter.com/CarlosM46523606/status/1650299850884370432,2023-04-24T00:45:20.000Z,Claro que vai.....,0,0,0,https://twitter.com/AlencarBraga13/status/1650151203697827842
Antonio Cruz,@Antoniocruz3396,https://twitter.com/Antoniocruz3396/status/1650353822450032641,2023-04-24T04:19:48.000Z,O Sr não está diante de um espelho...,0,0,0,https://twitter.com/AlencarBraga13/status/1650151203697827842
Maria Cristina Berna,@crisdelfuego,https://twitter.com/crisdelfuego/status/1650576339123011585,2023-04-24T19:04:00.000Z,É verdade.,0,0,0,https://twitter.com/AlencarBraga13/status/1650151203697827842
Alexandre Formiga,@AdvogadoFormiga,https://twitter.com/AdvogadoFormiga/status/1650289075377651714,2023-04-24T00:02:31.000Z,"Sr. Deputado,
Como eleitor confesso e recorrente do Presidente Jair Bolsonaro há qse 30 anos, informo q me considero um Bolsonarista.
Isto posto, informo tb q a afirmação ""não salva um"", seguida da acusação de ""ladrões"", ofende diretamente minha pessoa, pelo que exijo retratação.",0,0,0,https://twitter.com/AlencarBraga13/status/1650151203697827842
Júnior Mendes,@Jniorda38693682,https://twitter.com/Jniorda38693682/status/1650287167057305603,2023-04-23T23:54:56.000Z,"Sim, vcs vestidos com a bandeira do Brasil, simples. Terroristas.",0,0,0,https://twitter.com/AlencarBraga13/status/1650151203697827842
Cyntia,@CyntiaGoncalve1,https://twitter.com/CyntiaGoncalve1/status/1650302091712163842,2023-04-24T00:54:14.000Z,Ixiiii olha os seus coleguinhas aí. Vai te catar.,0,0,0,https://twitter.com/AlencarBraga13/status/1650151203697827842
WederAlex17,@wederalex17,https://twitter.com/wederalex17/status/1650508742771847181,2023-04-24T14:35:23.000Z,Vai mesmo. Inclusive vamos saber por que a convivência do ministro do seu chefe. Que venha essa CPMI.,0,0,0,https://twitter.com/AlencarBraga13/status/1650151203697827842
Luiz Augusto #DesculpeJairMasEuFui ®,@soubelemlz,https://twitter.com/soubelemlz/status/1650493307007451149,2023-04-24T13:34:03.000Z,"Falando em ""roubo a banco""...",0,0,0,https://twitter.com/AlencarBraga13/status/1650151203697827842
R Mattos,@mattos61750102,https://twitter.com/mattos61750102/status/1650296554790461448,2023-04-24T00:32:14.000Z,"Se tem bandido no meio dos patriotas,que seja preso. Mas cadê a Priscila e  Werneck? Missão dada é missão cumprida,né? Ela recebeu seu Pix e deu pilote? Estava no chão,com guardas,como ñ está presa? Deu ruim.Nem SJorge vai salvar os podres infiltrados.",0,0,0,https://twitter.com/AlencarBraga13/status/1650151203697827842
Renan Cavalcanti,@Renanca45373723,https://twitter.com/Renanca45373723/status/1650414230934372354,2023-04-24T08:19:50.000Z,Idiote,0,0,0,https://twitter.com/AlencarBraga13/status/1650151203697827842
philipe marinho,@marinho_philipe,https://twitter.com/marinho_philipe/status/1650288783500140545,2023-04-24T00:01:21.000Z,"Capitão cueca, para que está feio",0,0,0,https://twitter.com/AlencarBraga13/status/1650151203697827842
Maria Betania,@mariaBe36714420,https://twitter.com/mariaBe36714420/status/1650312151842668546,2023-04-24T01:34:12.000Z,"Quanta mentira, esse horário só tinha os infiltrados que, nem havia destruído ainda o relógio secular.",0,0,0,https://twitter.com/AlencarBraga13/status/1650151203697827842
Zeca Del Bueno,@ZecaDel,https://twitter.com/ZecaDel/status/1650283116160745473,2023-04-23T23:38:50.000Z,"O simples fato de estar vestindo uma camiseta amarela não confirma que é um bolsonarista, sabe o que se chama de inflitrado ? pois então.",0,0,0,https://twitter.com/AlencarBraga13/status/1650151203697827842
Francisco,@Francis32460322,https://twitter.com/Francis32460322/status/1650290951162679305,2023-04-24T00:09:58.000Z,"Palavras vindo de Deputados PTistas não serve para nada 
A não ser para seu “curral eleitoral”",0,0,0,https://twitter.com/AlencarBraga13/status/1650151203697827842
andre oliveira,@andreol52954202,https://twitter.com/andreol52954202/status/1650292034693939200,2023-04-24T00:14:16.000Z,Kkkkkkk quero ver lula dino se explicando agora eu entendo o desespero de não deixar rolar comi,0,0,0,https://twitter.com/AlencarBraga13/status/1650151203697827842
Cléo alcalde,@Cleoalcalde0504,https://twitter.com/Cleoalcalde0504/status/1650477355150856193,2023-04-24T12:30:40.000Z,Até agora agente viu pessoas contratada pelo pt😉 tem q ter cpi,0,0,0,https://twitter.com/AlencarBraga13/status/1650151203697827842
Vera lucia Castelao silva,@VLCastelao,https://twitter.com/VLCastelao/status/1650528847647895558,2023-04-24T15:55:17.000Z,Vamos rir !!!! Kkkkkk,0,0,0,https://twitter.com/AlencarBraga13/status/1650151203697827842
Cirurgião Brasileiro,@CirurgiaoB,https://twitter.com/CirurgiaoB/status/1650435067175485442,2023-04-24T09:42:38.000Z,Como que prédio dessa importância não tem segurança ??? Dino omisso,0,0,0,https://twitter.com/AlencarBraga13/status/1650151203697827842
tenorio77,@tenoriooriginal,https://twitter.com/tenoriooriginal/status/1650417153030467586,2023-04-24T08:31:27.000Z,Hahahaha....vcs contrataram até o fotógrafo da REUTERS amigo do LULE para está lá na hora exata dos fatos...Se lascaram....,0,0,0,https://twitter.com/AlencarBraga13/status/1650151203697827842
Eliana Vieira,@ElianaVLins,https://twitter.com/ElianaVLins/status/1650206876808740867,2023-04-23T18:35:53.000Z,"Simples só encontrar os infiltrados, patriotas verdadeiros não foram os bardeneirosce quem destruiu e quebrou tudo, nos vídeos tb vemos pessoas colocando as coisas no lugar, o primeiro grupo enfurecido , claramente não fazia parte dos patriotas que estavam a dias nos quartéis",0,0,0,https://twitter.com/AlencarBraga13/status/1650151203697827842
Cátia Gomes..,@CtiaG4,https://twitter.com/CtiaG4/status/1650224293404463114,2023-04-23T19:45:05.000Z,E porque o general q lá estava não deu ordem de prisão??,0,0,0,https://twitter.com/AlencarBraga13/status/1650151203697827842
Tio patriota,@FabioCordeirom2,https://twitter.com/FabioCordeirom2/status/1650153208101187584,2023-04-23T15:02:37.000Z,"Boa tentativa, mais o Brasil todo já sabe a verdade. Então tenta de novo com outra fake 🤔😉😅",0,0,0,https://twitter.com/AlencarBraga13/status/1650151203697827842
Arilson Campos,@ailcampos,https://twitter.com/ailcampos/status/1650261002535989249,2023-04-23T22:10:58.000Z,Fake News,0,0,0,https://twitter.com/AlencarBraga13/status/1650151203697827842
Cracagrosso,@CracaGrosso,https://twitter.com/CracaGrosso/status/1653029928621752327,2023-05-01T13:33:41.000Z,Esse tipo de político atrasa o Brasil a quadrilha é que esta no poder.,0,0,0,https://twitter.com/AlencarBraga13/status/1650151203697827842
Gustavo,@Gustavo02081072,https://twitter.com/Gustavo02081072/status/1650224652910833665,2023-04-23T19:46:31.000Z,Bolsonarista ? Meu filho acorda pra vida isso foi armado por lula,0,0,0,https://twitter.com/AlencarBraga13/status/1650151203697827842
Carla Amarante,@CarlaAm53882721,https://twitter.com/CarlaAm53882721/status/1650228071080030208,2023-04-23T20:00:06.000Z,"Tentando justificar o injustificável. Esse é do grupo pago para quebrar, roubar…De que lado será que ele é? Façam suas apostas!",0,0,0,https://twitter.com/AlencarBraga13/status/1650151203697827842
Narabolosbelem,@narabolosbelem,https://twitter.com/narabolosbelem/status/1650228830659805185,2023-04-23T20:03:07.000Z,"O choro é livre kkkk, a casa caiu.",0,0,0,https://twitter.com/AlencarBraga13/status/1650151203697827842
Rogerio Bonfim,@Rogerb03,https://twitter.com/Rogerb03/status/1650235449774858241,2023-04-23T20:29:25.000Z,"Não entendi!!! Não tem que explicar, nesse caso é responder a justiça. Seja de esquerda ou de direita, Bolsonarista ou Lulista. Deixem de serem torcedores. De ter ladrão de estimação. De querer justificar erro do outro.",0,0,0,https://twitter.com/AlencarBraga13/status/1650151203697827842
Diza de Deus Moreno,@Dizamoreno,https://twitter.com/Dizamoreno/status/1651209680591413248,2023-04-26T13:00:40.000Z,Será que se trata de um Patriota? Ou será um dos bandidos infiltrados contratado pelo partido das trevas?,0,0,0,https://twitter.com/AlencarBraga13/status/1650151203697827842
