nome,usuario,idTweet,dataPublicacao,texto,replies,retweets,likes,tweetPai
Ceiça Medeiros,@Ceissa_Med,https://twitter.com/Ceissa_Med/status/1650883836845211648,2023-04-25T15:25:53.000Z,@camaradeputados @SenadoFederal,0,0,0,https://twitter.com/BohnGass/status/1650882007713415174
Zé da Paz,@josedapaz,https://twitter.com/josedapaz/status/1650884370293456897,2023-04-25T15:28:00.000Z,O mesmo espírito de @jairbolsonaro,0,0,0,https://twitter.com/BohnGass/status/1650882007713415174
Soninha Dezute,@soniadezute,https://twitter.com/soniadezute/status/1650882161359171584,2023-04-25T15:19:13.000Z,O deus deles é um pneu,1,0,1,https://twitter.com/BohnGass/status/1650882007713415174
Ednaldo,@Edinald93535217,https://twitter.com/Edinald93535217/status/1650883470917337089,2023-04-25T15:24:26.000Z,E deputados bolsonaristas estão com dó de bandido.,0,0,0,https://twitter.com/BohnGass/status/1650882007713415174
Marcelo Morce Dantas,@morcedantas,https://twitter.com/morcedantas/status/1650981680834904066,2023-04-25T21:54:41.000Z,"Se for pego, vai responder em liberdade. Deveria mofar numa cela. Mas não pode né?",0,0,0,https://twitter.com/BohnGass/status/1650882007713415174
Joferlu - Meu para bolsonaristas e venturistas,@Jolufer1957,https://twitter.com/Jolufer1957/status/1650978458195853319,2023-04-25T21:41:52.000Z,"Quando for depor na PF vai dizer:
Eu arrombar, não, só estava a ver o local por onde sai dinheiro estava limpo. Eu sou um cidadão de bem!",0,1,1,https://twitter.com/BohnGass/status/1650882007713415174
Kátia Ferraz,@katiaferrazfe,https://twitter.com/katiaferrazfe/status/1650891688850718721,2023-04-25T15:57:05.000Z,"Deus, Pátria, família e honestidade...cambada de criminosos tem que prender MESMO.",0,1,3,https://twitter.com/BohnGass/status/1650882007713415174
Whiterabbit,@LittleJohn1776,https://twitter.com/LittleJohn1776/status/1651152046018445312,2023-04-26T09:11:39.000Z,"É a cartilha da extrema direita,  usar do nome de Deus e outros valores, também de símbolos pátrios, pra passar uma imagem de que sao bons e corretos, enquanto na verdade, saqueiam, destroem e pregam o ódio.",0,0,0,https://twitter.com/BohnGass/status/1650882007713415174
Pedro Souza,@PedroSo81137952,https://twitter.com/PedroSo81137952/status/1651554177946927107,2023-04-27T11:49:35.000Z,Bando de bandidos,0,0,0,https://twitter.com/BohnGass/status/1650882007713415174
Lenon,@lenonbr,https://twitter.com/lenonbr/status/1650889487969406978,2023-04-25T15:48:20.000Z,"Mentiroso - ser humano que defende Deus, pátria e familia,tem bons principios, e não pratica esse tipo de coisa...",2,0,0,https://twitter.com/BohnGass/status/1650882007713415174
CarlosMartins,@CarlosM46523606,https://twitter.com/CarlosM46523606/status/1650900192411910146,2023-04-25T16:30:52.000Z,"Mas que eu saiba , os bolsonaristas não cobrem o rosto, isso é coisa de Petista",0,0,0,https://twitter.com/BohnGass/status/1650882007713415174
Alencastro04,@Alencastro04,https://twitter.com/Alencastro04/status/1650888301388214275,2023-04-25T15:43:37.000Z,"A polícia federal tem que coletar as impressões digitais, se ainda existem, é claro e proceder as investigações necessárias",0,0,0,https://twitter.com/BohnGass/status/1650882007713415174
Romulo Padilha,@RomuloCPad,https://twitter.com/RomuloCPad/status/1651324021781168133,2023-04-26T20:35:01.000Z,JANONES NA CPMI,0,0,0,https://twitter.com/BohnGass/status/1650882007713415174
João França,@JMartinsFFo,https://twitter.com/JMartinsFFo/status/1651067284213972992,2023-04-26T03:34:50.000Z,Vão dizer que é um Petista infiltrado! Kkkkkk,0,0,1,https://twitter.com/BohnGass/status/1650882007713415174
CantMaria,@cantmaria16,https://twitter.com/cantmaria16/status/1650882526624325635,2023-04-25T15:20:40.000Z,A escória.,0,0,2,https://twitter.com/BohnGass/status/1650882007713415174
claudio melo,@claudio74991926,https://twitter.com/claudio74991926/status/1650883853316227072,2023-04-25T15:25:57.000Z,Essa prática é do seu presidente descondenado,0,0,0,https://twitter.com/BohnGass/status/1650882007713415174
maria aparecida,@coimbramariap,https://twitter.com/coimbramariap/status/1650885399173029891,2023-04-25T15:32:05.000Z,"Golpista ,nazista , fascista ,  bolsonarista , ladrão",0,0,1,https://twitter.com/BohnGass/status/1650882007713415174
Democracia sempre,@vinikiss1981,https://twitter.com/vinikiss1981/status/1650902486524260352,2023-04-25T16:39:59.000Z,"Esse é daqueles que diziam ""não voto em ladrão""... São muito hipócritas...",0,0,0,https://twitter.com/BohnGass/status/1650882007713415174
Evandro Alves da Silva,@Evandro4881844,https://twitter.com/Evandro4881844/status/1655739498880270336,2023-05-09T01:00:33.000Z,Ladrão est quadrilha do PL partido dos ladrões,0,0,0,https://twitter.com/BohnGass/status/1650882007713415174
amarildo de jesus valle,@amarildo_valle,https://twitter.com/amarildo_valle/status/1650882909702696962,2023-04-25T15:22:12.000Z,"CPI DA FAKEADA NO ASNO BOLSONARO EM 2018 JÁ, DEPUTADO BOHN GASS, PEGUE OUTROS DEPUTADO PARA FAZER UMA VISITA PARA O ADÉLIO NA PRISÃO, TENHO CERTEZA QUE OS BICHOS BOLSONARISTAS VÃO PULAR DE RAIVA E ÓDIO.",0,0,0,https://twitter.com/BohnGass/status/1650882007713415174
Zana,@ZanaRat20467806,https://twitter.com/ZanaRat20467806/status/1650883565461045252,2023-04-25T15:24:48.000Z,É um petista infiltrado 🤭🤭,1,0,0,https://twitter.com/BohnGass/status/1650882007713415174
Navegador,@Alexand01939708,https://twitter.com/Alexand01939708/status/1650886463188336650,2023-04-25T15:36:19.000Z,"Kkkkll o lula e sua quadrilha arrombou o caixa do Brasil e roubou bilhões, quebrou um país.
Mas graças a @jairbolsonaro o Brasil cresceu",0,0,0,https://twitter.com/BohnGass/status/1650882007713415174
Romulo C Magalhaes,@romulocorreamag,https://twitter.com/romulocorreamag/status/1651266674987876357,2023-04-26T16:47:09.000Z,"Que conversa fiada associar quem veste verde e amarelo a bolsonaristas, cidadãos de bem.

Por falar em 'associação'...

Conhece?

Que tal ganhar US$10 MILHÕES?

Denuncie ao D.E.A. USA, pela captura do narcoterrorista DIODADO CABELLO RONDON.

Fonte: https://state.gov/diosdado-cabello-rondon-new-target/…",0,0,0,https://twitter.com/BohnGass/status/1650882007713415174
