nome,usuario,idTweet,dataPublicacao,texto,replies,retweets,likes,tweetPai
Alexandre Siqueira,@ssicca1,https://twitter.com/ssicca1/status/1650132613107941377,2023-04-23T13:40:47.000Z,#cumplice,0,0,0,https://twitter.com/AlencarBraga13/status/1650127044833947651
Marisa victorio da silva,@victorio_marisa,https://twitter.com/victorio_marisa/status/1650150491995742209,2023-04-23T14:51:50.000Z,"presidente,o maior estadista da nossa história! E comente com uma bandeira do Brasil 🇧🇷🤝🏼",0,0,0,https://twitter.com/AlencarBraga13/status/1650127044833947651
Roberto Ferracciu,@RobertoFerracc2,https://twitter.com/RobertoFerracc2/status/1650130334283972611,2023-04-23T13:31:44.000Z,O maior BANDIDO da história e agora tb fujao. FINGIU NÃO ENTENDER A PERGUNTA (FEITA EM PORTUGUÊS)  PARA NÃO RESPONDER,0,0,0,https://twitter.com/AlencarBraga13/status/1650127044833947651
Marisa victorio da silva,@victorio_marisa,https://twitter.com/victorio_marisa/status/1650150354087018499,2023-04-23T14:51:17.000Z,"#oBrasilVoltou    🤝🏼 |🇧🇷😀🇵🇹                                           ✔️ Depois de seis anos, o Brasil voltou a dialogar com Portugal  para avançar na cooperação internacional em várias áreas. Foi também pra conversar e fazer parcerias com o mundo que elegemos @lulaoficial +",0,0,0,https://twitter.com/AlencarBraga13/status/1650127044833947651
