nome,usuario,idTweet,dataPublicacao,texto,replies,retweets,likes,tweetPai
Moraes,@ivaldomoraes,https://twitter.com/ivaldomoraes/status/1650506331562946563,2023-04-24T14:25:49.000Z,Que horas?  Ninguém sabe a hora da entrega do prêmio?,0,0,0,https://twitter.com/AlencarBraga13/status/1650472086891028483
Republica das Picanhas,@RedBirdChurch,https://twitter.com/RedBirdChurch/status/1650472995746349064,2023-04-24T12:13:21.000Z,E ainda tem quem diga que o Lula ainda não fez nada além de conversar bobagem,0,0,0,https://twitter.com/AlencarBraga13/status/1650472086891028483
Republica das Picanhas,@RedBirdChurch,https://twitter.com/RedBirdChurch/status/1650473128630407170,2023-04-24T12:13:52.000Z,"Pobre não come prêmio.
Nois que as picanha.",0,0,0,https://twitter.com/AlencarBraga13/status/1650472086891028483
Marisa victorio da silva,@victorio_marisa,https://twitter.com/victorio_marisa/status/1650487555295531010,2023-04-24T13:11:12.000Z,#PrêmioCamões  Literatura - Chico Buarque 📚🇧🇷 ✔️Que orgulho! Hoje é dia do Prêmio Camões em Portugal. O prêmio é o mais importante da literatura em língua portuguesa e será assinado pelos presidentes do Brasil e de Portugal para ser finalmente  +,0,0,0,https://twitter.com/AlencarBraga13/status/1650472086891028483
Marisa victorio da silva,@victorio_marisa,https://twitter.com/victorio_marisa/status/1650487972372832256,2023-04-24T13:12:51.000Z,concedido a um dos maiores artistas brasileiros: @chicobuarque .👏🏽👏🏽,0,0,0,https://twitter.com/AlencarBraga13/status/1650472086891028483
Madruga,@OProprioMadruga,https://twitter.com/OProprioMadruga/status/1650484404131700737,2023-04-24T12:58:41.000Z,"Vai lá boca de sapo e fala para o ladrão de 9 dedos Lula para de propagar Fake News, pois ele anda sendo desmentido todo dia.#LulaVaiCair",0,0,0,https://twitter.com/AlencarBraga13/status/1650472086891028483
