nome,usuario,idTweet,dataPublicacao,texto,replies,retweets,likes,tweetPai
Ex Post,@ExPostCo,https://twitter.com/ExPostCo/status/1650914790741622798,2023-04-25T17:28:53.000Z,Fantástico... criaram uma espécie de moto-perpétuo. Bhaskara ficaria orgulhoso dessa camarilha.,0,0,1,https://twitter.com/adriventurasp/status/1650907533547274241
Vivian,@vivraiza,https://twitter.com/vivraiza/status/1651701362516799490,2023-04-27T21:34:26.000Z,Acho ótimo! Que aja mesmo muita campanha contra fake news q é assunto muito sério nesse país,0,0,0,https://twitter.com/adriventurasp/status/1650907533547274241
Sirlene Almeida,@Sirlene_89,https://twitter.com/Sirlene_89/status/1650972277637349376,2023-04-25T21:17:19.000Z,Deputada!! Parabéns por Votar Não!! Nessa PL da Censura!!,0,0,0,https://twitter.com/adriventurasp/status/1650907533547274241
Jana,@jsmir77,https://twitter.com/jsmir77/status/1650939601870004237,2023-04-25T19:07:28.000Z,"Obrigada por votar pela nossa liberdade, deputada. #PLdaCensuraNão #PL2630NÃO",0,0,0,https://twitter.com/adriventurasp/status/1650907533547274241
miria Viana onliveira,@MiriaOnliveira,https://twitter.com/MiriaOnliveira/status/1650955373329756161,2023-04-25T20:10:08.000Z,"Obrigada por votar e manter seu voto pela liberdade do Brasil, parabéns deputada!",0,0,0,https://twitter.com/adriventurasp/status/1650907533547274241
MANDA CHUVA,@1307Claudio1307,https://twitter.com/1307Claudio1307/status/1650936981428248590,2023-04-25T18:57:03.000Z,#PLdaCensuraNao,0,0,0,https://twitter.com/adriventurasp/status/1650907533547274241
Fim do Foro,@alopespedrosa,https://twitter.com/alopespedrosa/status/1650913515702714368,2023-04-25T17:23:49.000Z,#CensuraNao #PLdaCensuraNao,0,0,0,https://twitter.com/adriventurasp/status/1650907533547274241
Dinho,@Dinho_75,https://twitter.com/Dinho_75/status/1650978785259319297,2023-04-25T21:43:10.000Z,"Venho reforçar a Vsa. o ""Voto CONTRA O PL-2630"". Não decepcione seus eleitores! Diga NÃO a censura!
Obrigado!",0,0,0,https://twitter.com/adriventurasp/status/1650907533547274241
Tom Ribeiro,@TomRibeiro18,https://twitter.com/TomRibeiro18/status/1650982134209814529,2023-04-25T21:56:29.000Z,Não existe dinheiro público. Eles estão gastando o dinheiro dos trabalhadores que pagam impostos.,0,0,0,https://twitter.com/adriventurasp/status/1650907533547274241
Iraja Felipe,@felipe_iraja,https://twitter.com/felipe_iraja/status/1651274730329063439,2023-04-26T17:19:09.000Z,Sorte tem o Steve Wonder de não ler uma merda dessa,0,0,0,https://twitter.com/adriventurasp/status/1650907533547274241
José Batista de Sous,@jobatdesigner,https://twitter.com/jobatdesigner/status/1651182059618983937,2023-04-26T11:10:55.000Z,"É muito triste não poder mais usar fakenews para elegerem políticos medíocres, genocidas, milicianos, pastores comerciantes da fé, fazedores de rachadinhas... é uma maldade que estão fazendo com a escória do Brasil 😭😭😭😭😭",0,0,1,https://twitter.com/adriventurasp/status/1650907533547274241
Roberto Melo,@Roberto05269932,https://twitter.com/Roberto05269932/status/1651210980762812418,2023-04-26T13:05:50.000Z,Broxonaro fazia de graça?,0,0,0,https://twitter.com/adriventurasp/status/1650907533547274241
Fernanda Rodrigues,@Fernand68952357,https://twitter.com/Fernand68952357/status/1651173129991905281,2023-04-26T10:35:26.000Z,Parem de divulgar fake news ué.... quem tá fazendo o governo gastar é vcs.... ac canalhas,0,0,0,https://twitter.com/adriventurasp/status/1650907533547274241
Lívia Dias Moreira,@LviaDiasMoreir1,https://twitter.com/LviaDiasMoreir1/status/1650942864346566656,2023-04-25T19:20:26.000Z,Obrigada pelo voto contra a #PLdaCensura #PLdaCensuraNão !!!,0,0,0,https://twitter.com/adriventurasp/status/1650907533547274241
Bigode Mole,@BigodeMole,https://twitter.com/BigodeMole/status/1651024442808475648,2023-04-26T00:44:36.000Z,a senhora gosta de fake news? acha normal?,0,0,0,https://twitter.com/adriventurasp/status/1650907533547274241
Jane Leticia Barbosa Bascope,@BascopeJane,https://twitter.com/BascopeJane/status/1650984101308973057,2023-04-25T22:04:18.000Z,"Triste  é ver esse bando de mulher que entra na política pra ser capacho , fraquejada , que não contribui em nada , defendendo pautas ridículas. Se não sabe fazer política , fica em casa. Pare de gastar o dinheiro público.",0,0,0,https://twitter.com/adriventurasp/status/1650907533547274241
Edson Gulkas,@EGulkas,https://twitter.com/EGulkas/status/1650931812418347008,2023-04-25T18:36:31.000Z,"@camaradeputados 

A voz do povo precisa ser ouvida

VOTEM NÃO#PL2630Nao 

A Internet é o meio livre de comunicação q não deve sofrer qualquer tipo d censura

Aqueles que são citados e se sentirem ofendidos que entrem na justiça contra seus ofensores!

INTERNET É LIBERDADE!

RT",0,1,1,https://twitter.com/adriventurasp/status/1650907533547274241
Paulo Dieb,@PadefD,https://twitter.com/PadefD/status/1651176415679635457,2023-04-26T10:48:29.000Z,"Acorda para o que é importante.
Os sindicatos vão meter a mão no bolsa do trabalhador novamente.",0,0,0,https://twitter.com/adriventurasp/status/1650907533547274241
