nome,usuario,idTweet,dataPublicacao,texto,replies,retweets,likes,tweetPai
trago boas notícias #semanistia,@diasmelhoresbr,https://twitter.com/diasmelhoresbr/status/1650921114040672270,2023-04-25T17:54:00.000Z,"Cassação já!

DELTAN MENTE
MICHELLE MENTE
PL 2630 JÁ #BolsonaroPreso",0,0,1,https://twitter.com/BohnGass/status/1650914054247006212
Rafael Henrique da Silva,@RafaelH777s,https://twitter.com/RafaelH777s/status/1650954331519086605,2023-04-25T20:06:00.000Z,"Quem leu a PL não aceita, nem apoia!!! #PLdaCensuraNão",0,0,0,https://twitter.com/BohnGass/status/1650914054247006212
rosane Pereira Coelho,@rosanepereira09,https://twitter.com/rosanepereira09/status/1650945733070135297,2023-04-25T19:31:50.000Z,"Contamos com seu voto à favor do PL 2630!💪Vamos acabar com as mentiras,o Sr é nossa voz na Câmara!
Pra cima deles Deputado!",0,0,0,https://twitter.com/BohnGass/status/1650914054247006212
Antonio Osimar,@osimar_antonio,https://twitter.com/osimar_antonio/status/1650934636418048027,2023-04-25T18:47:44.000Z,PL 2630 JÁ !!,0,0,2,https://twitter.com/BohnGass/status/1650914054247006212
Lúcia,@LuciaLeitao2021,https://twitter.com/LuciaLeitao2021/status/1650997237240012800,2023-04-25T22:56:30.000Z,Criar ou divulgar fakenews não é falta de decoro @BohnGass ?,0,0,0,https://twitter.com/BohnGass/status/1650914054247006212
Ana Joana,@Anajoana75,https://twitter.com/Anajoana75/status/1650927017817153539,2023-04-25T18:17:28.000Z,"DELTAN MENTIROSO
DELTAN DALLAGNOL NA CADEIA
PL 2630 JÁ#PL2630já",0,0,1,https://twitter.com/BohnGass/status/1650914054247006212
Daaaavi,@daaavi_p,https://twitter.com/daaavi_p/status/1650914239756877830,2023-04-25T17:26:41.000Z,PL 2630 JÁ,0,0,2,https://twitter.com/BohnGass/status/1650914054247006212
Cláudia,@CludiaS51809143,https://twitter.com/CludiaS51809143/status/1651039395540074496,2023-04-26T01:44:01.000Z,#pl2630sim,0,0,0,https://twitter.com/BohnGass/status/1650914054247006212
Marcelo Ricardo,@Marcelo26721204,https://twitter.com/Marcelo26721204/status/1651031960540594177,2023-04-26T01:14:28.000Z,Alguém que usa Powerpoint para incriminar uma pessoa,0,0,0,https://twitter.com/BohnGass/status/1650914054247006212
Rosye,@Rosemar29856071,https://twitter.com/Rosemar29856071/status/1651017526409588737,2023-04-26T00:17:07.000Z,Esse tipo aqui de descarado aqui ó. 👇,0,0,0,https://twitter.com/BohnGass/status/1650914054247006212
Katia,@Katiatadificil,https://twitter.com/Katiatadificil/status/1650917733486174216,2023-04-25T17:40:34.000Z,Já foi devidamente denunciado!,0,0,1,https://twitter.com/BohnGass/status/1650914054247006212
Adilson,@Adilsonmeu88,https://twitter.com/Adilsonmeu88/status/1650933669429649417,2023-04-25T18:43:54.000Z,"Vc sabe que não é mentira, essa PL serve justamente pra censurar as pessoas que apontarem os erros desse desgoverno corrupto e cheio de ladrões. Todos sabem como a esquerda comunista funciona.",0,0,0,https://twitter.com/BohnGass/status/1650914054247006212
Francesco Palermo,@Frances72529294,https://twitter.com/Frances72529294/status/1650933424922689538,2023-04-25T18:42:56.000Z,Essa criatura! 👇👇👇,0,0,0,https://twitter.com/BohnGass/status/1650914054247006212
Manuelita Saenz II «Энеида»,@EneidaCouto,https://twitter.com/EneidaCouto/status/1650933586290155530,2023-04-25T18:43:34.000Z,"Já sabíamos da índole desse ex procurador, só que agora ele mostra o mau caratismo na maior sem cerimônia no CN. Imagina o que ele fazia  quando estava no MPF  longe dos olhos da populacao e das câmeras? A credibilidade desse bufão é zero!",0,0,0,https://twitter.com/BohnGass/status/1650914054247006212
"Foi mal,tava doidão",@almir_dutra,https://twitter.com/almir_dutra/status/1650914632868020228,2023-04-25T17:28:15.000Z,O DD é um dos maiores propagadores de fake news,0,0,1,https://twitter.com/BohnGass/status/1650914054247006212
Carlos H Souza,@CarloschssouzaH,https://twitter.com/CarloschssouzaH/status/1650916563627786243,2023-04-25T17:35:55.000Z,A canga @deltanmd e @SF_Moro estão descontroladas.,0,0,0,https://twitter.com/BohnGass/status/1650914054247006212
Rosilene Ferreira,@Rosilen39541742,https://twitter.com/Rosilen39541742/status/1650977976165494794,2023-04-25T21:39:57.000Z,#PL2630JÁ#PL2630JÁ#PL2630JÁ,0,0,0,https://twitter.com/BohnGass/status/1650914054247006212
Movimento Politizando,@hemrickdioggo,https://twitter.com/hemrickdioggo/status/1650947005156302849,2023-04-25T19:36:53.000Z,#PLdaCensuraNão,0,0,0,https://twitter.com/BohnGass/status/1650914054247006212
Regina Moura,@ReginaMoura134,https://twitter.com/ReginaMoura134/status/1650920701874798592,2023-04-25T17:52:22.000Z,"#LulaEoBrasilEoMundoRespeitam #LulaEoBrasilPorMenosJuros 
PL 2630 JÁ 
Contra as FAKES! 
CADEIA neles!",0,0,0,https://twitter.com/BohnGass/status/1650914054247006212
