nome,usuario,idTweet,dataPublicacao,texto,replies,retweets,likes,tweetPai
Patriota,@PATRI_bras,https://twitter.com/PATRI_bras/status/1651040610093023232,2023-04-26T01:48:50.000Z,Caro deputado é com todo respeito que venho aqui em sua rede social lhe sensibilizar e pedir que o sr vote NÃO para A PL DAS FAKE NEWS. Votei no senhor e peço que representante do povo o senhor não seja a favor de um projeto totalitário como esse.👀👀,0,0,4,https://twitter.com/adailfilhoam/status/1650872268178747398
Eli Costa,@EliCost26868278,https://twitter.com/EliCost26868278/status/1651032903185301505,2023-04-26T01:18:13.000Z,Oi? Porque  votou  a favor  da censura?,0,0,5,https://twitter.com/adailfilhoam/status/1650872268178747398
Meire,@MeireDias22,https://twitter.com/MeireDias22/status/1651031999342161920,2023-04-26T01:14:37.000Z,O Sr. Votou a favor da censura?,0,0,3,https://twitter.com/adailfilhoam/status/1650872268178747398
Sirlene Almeida,@Sirlene_89,https://twitter.com/Sirlene_89/status/1650912340039155715,2023-04-25T17:19:08.000Z,"Deputado Adail!! Vote Não na PL da ""Censura "".
Já temos Lei pra isso. 
É usar investigações de  inteligência e punir.
Não a Censura das redes sociais!!",0,0,1,https://twitter.com/adailfilhoam/status/1650872268178747398
Bruno Lopes 29,@BrunoLopes291,https://twitter.com/BrunoLopes291/status/1651040400109387783,2023-04-26T01:48:00.000Z,Votou a favor da censura,0,0,3,https://twitter.com/adailfilhoam/status/1650872268178747398
Vitor Cardoso,@VitorCardosoMng,https://twitter.com/VitorCardosoMng/status/1651074245118574592,2023-04-26T04:02:30.000Z,Mude seu voto a favor da censura#PL2630NÃO,0,0,2,https://twitter.com/adailfilhoam/status/1650872268178747398
Guima,@Vincius97135972,https://twitter.com/Vincius97135972/status/1651236174688579585,2023-04-26T14:45:57.000Z,Não vai peidar na farofa. O eleitorado está de olho.,0,0,0,https://twitter.com/adailfilhoam/status/1650872268178747398
kesley,@kesleyy06,https://twitter.com/kesleyy06/status/1651301011980419083,2023-04-26T19:03:35.000Z,Desgraçado,0,0,0,https://twitter.com/adailfilhoam/status/1650872268178747398
Junior Anjos,@JuniorA87548689,https://twitter.com/JuniorA87548689/status/1651033757875331072,2023-04-26T01:21:37.000Z,Porque votou a favor da censura nobre deputado?,0,3,6,https://twitter.com/adailfilhoam/status/1650872268178747398
-,@roundabout007,https://twitter.com/roundabout007/status/1651198528239161344,2023-04-26T12:16:21.000Z,Honra era o que eu queria ter de político. Mas infelizmente são RATOS.,0,0,0,https://twitter.com/adailfilhoam/status/1650872268178747398
Valéria Ribeiro,@Val14Ribeiro,https://twitter.com/Val14Ribeiro/status/1651225782813970436,2023-04-26T14:04:39.000Z,#PL2630NÃO,1,0,0,https://twitter.com/adailfilhoam/status/1650872268178747398
Thiago Quinalle,@QuinalleThiago,https://twitter.com/QuinalleThiago/status/1651032674687959041,2023-04-26T01:17:19.000Z,O deputado não decepcione o povo ... Vota contra a censura,0,0,4,https://twitter.com/adailfilhoam/status/1650872268178747398
Cazé,@djcaze,https://twitter.com/djcaze/status/1651220765725933575,2023-04-26T13:44:43.000Z,"Deputado, o Sr vai votar contra o PL2630, NÉ? #PL2630Nao",0,0,0,https://twitter.com/adailfilhoam/status/1650872268178747398
Ina Zanin,@InajaraZanin,https://twitter.com/InajaraZanin/status/1651208958361706505,2023-04-26T12:57:48.000Z,"Nem que tenhamos que espalhar panfletos pelas ruas,mas o povo lembrará da sua traição.",0,0,0,https://twitter.com/adailfilhoam/status/1650872268178747398
T. Strong,@T_Silva1990,https://twitter.com/T_Silva1990/status/1651222283363536900,2023-04-26T13:50:45.000Z,Ja se vendeu pro outro lado né 🤔😒😒😒,0,0,0,https://twitter.com/adailfilhoam/status/1650872268178747398
Cristine,@Cristinef_,https://twitter.com/Cristinef_/status/1651042660436590594,2023-04-26T01:56:59.000Z,"Olá deputado, boa noite! Por que o senhor é a favor da censura?",0,0,2,https://twitter.com/adailfilhoam/status/1650872268178747398
Crissie Brancco,@crissiebranco,https://twitter.com/crissiebranco/status/1651226821654978560,2023-04-26T14:08:47.000Z,"Bom dia, caro deputado.
Venho pedir ao senhor que VOTE NÃO à pl 2630.
Nós,  os pagadores de impostos que pagamos o seu salário,  queremos que nossa voz seja ouvida.",0,0,0,https://twitter.com/adailfilhoam/status/1650872268178747398
#LEÃOQRUJE!,@sdionisio84,https://twitter.com/sdionisio84/status/1651198712079695873,2023-04-26T12:17:05.000Z,"DEPUTADOOOOO VAMOS ACORDA , PELO AMOR DE DEUS,CENSURA NAOOOOO! NOS AJUDE PWLO AMOR DE DEUS!",0,0,0,https://twitter.com/adailfilhoam/status/1650872268178747398
Rodrigo Nascimento,@RodrigoLizz22,https://twitter.com/RodrigoLizz22/status/1651207349292396544,2023-04-26T12:51:24.000Z,"Sr deputado, por favor, não nos cale, não se cale, Sr deputado. O Sr foi eleito por defender a pátria, a família e a liberdade! #PLdaCensuraNao #PL2630Nao",0,0,0,https://twitter.com/adailfilhoam/status/1650872268178747398
Abdiel Borges,@borges_abdiel,https://twitter.com/borges_abdiel/status/1651251038169743361,2023-04-26T15:45:00.000Z,"E o PL da CENSURA? 
Vai ser conivente?",0,0,0,https://twitter.com/adailfilhoam/status/1650872268178747398
,@bel_belloni,https://twitter.com/bel_belloni/status/1651177107727212547,2023-04-26T10:51:14.000Z,"Quando o Chinês seu PATRÃO mandar você se calar , não CHORA NÃO tá?!...",0,0,4,https://twitter.com/adailfilhoam/status/1650872268178747398
selminha rocha,@selminha_rocha,https://twitter.com/selminha_rocha/status/1650896616151302149,2023-04-25T16:16:40.000Z,"Caro deputado, o Sr é a favor da censura? Se não, por gentileza vote NÃO contra essa aberração q é o PL 2630, não seja avalista d uma ditadura q quer calar vozes contrárias..PL 26 30 NÃO, CENSURA NÃO!",0,0,3,https://twitter.com/adailfilhoam/status/1650872268178747398
GREG,@GGOT30336304,https://twitter.com/GGOT30336304/status/1651044095610028032,2023-04-26T02:02:41.000Z,"Deputado, o Sr vai votar contra o PL2630, NÉ?#PL2630NÃO",0,0,0,https://twitter.com/adailfilhoam/status/1650872268178747398
Fore Lule!,@MarcoSo21382673,https://twitter.com/MarcoSo21382673/status/1650880265068093440,2023-04-25T15:11:41.000Z,Deputado ... o Brasil precisa ter liberdade.. contamos com seu voto ñao para a PL das Fake News (PL da censura),0,0,0,https://twitter.com/adailfilhoam/status/1650872268178747398
Ale.San,@ads_77,https://twitter.com/ads_77/status/1651195951778856961,2023-04-26T12:06:07.000Z,"seu COVARDE!
aproveite seu último mandato.
aqui se faz, aqui se paga!",0,0,0,https://twitter.com/adailfilhoam/status/1650872268178747398
Wellington,@tomfechadocom22,https://twitter.com/tomfechadocom22/status/1651206900657127426,2023-04-26T12:49:37.000Z,Seu sem futuro  petista sem-vergonha  votou sim.pela sensura,0,0,0,https://twitter.com/adailfilhoam/status/1650872268178747398
Julio,@Julio_Arcanjo,https://twitter.com/Julio_Arcanjo/status/1651253664797933571,2023-04-26T15:55:27.000Z,Traíra,0,0,0,https://twitter.com/adailfilhoam/status/1650872268178747398
Sharon,@Sharon_Hetfield,https://twitter.com/Sharon_Hetfield/status/1651253839251505152,2023-04-26T15:56:08.000Z,VENDIDO! COVARDE!,0,0,0,https://twitter.com/adailfilhoam/status/1650872268178747398
Nathalia Viana,@Nathalia_lv05,https://twitter.com/Nathalia_lv05/status/1650971281456594944,2023-04-25T21:13:21.000Z,"Sr. deputado, qual é o seu posicionamento em relação a PL 2630? Espero que o Sr. vote contra #PLdaCensuraNão",0,0,1,https://twitter.com/adailfilhoam/status/1650872268178747398
Sildemar,@Sildemar9,https://twitter.com/Sildemar9/status/1651255801342828545,2023-04-26T16:03:56.000Z,Covarde,0,0,0,https://twitter.com/adailfilhoam/status/1650872268178747398
Lobisomi Larápio,@Olobizomi,https://twitter.com/Olobizomi/status/1651242139534147591,2023-04-26T15:09:39.000Z,Canalha vendido,0,0,0,https://twitter.com/adailfilhoam/status/1650872268178747398
sl,@CanalDiversida4,https://twitter.com/CanalDiversida4/status/1651201981015375873,2023-04-26T12:30:04.000Z,Próxima eleição tu não se reelegeram seu traidor.,0,0,0,https://twitter.com/adailfilhoam/status/1650872268178747398
sl,@CanalDiversida4,https://twitter.com/CanalDiversida4/status/1651202113249091585,2023-04-26T12:30:36.000Z,Deve ter recebido bom dinheiro corrupto para votar a favor da censura,0,0,0,https://twitter.com/adailfilhoam/status/1650872268178747398
Piter Lincoln,@PitgorasLincol1,https://twitter.com/PitgorasLincol1/status/1650880663690592257,2023-04-25T15:13:16.000Z,Bom dia Dep. Adail Filho. Conto com seu voto CONTRA a votação em regime de urgência em relação ao PL 2630. Esse tema precisa ser debatido com calma para se evitar quaisquer tipos de excessos que venham a prejudicar a liberdade de expressão dos brasileiros!,0,0,0,https://twitter.com/adailfilhoam/status/1650872268178747398
André Torres de Vasconcelos,@andre11458996,https://twitter.com/andre11458996/status/1651007940130643972,2023-04-25T23:39:01.000Z,"Deputado,o apoio a CENSURA É vergonhoso.O projeto dá poderes de criação de um ministério da verdade!É evidente que o governo usará esse instrumento para selecionar as narrativas que devem ser censuradas buscando benefícios políticos.É censura sim.
Seu posicionamento será lembrado",0,0,0,https://twitter.com/adailfilhoam/status/1650872268178747398
Rodrigo,@Rodrigoschulzz,https://twitter.com/Rodrigoschulzz/status/1650896342737207297,2023-04-25T16:15:34.000Z,"Censura NÃO!! Estamos atentos ao seu voto, vamos lembrar nas eleições!",0,0,0,https://twitter.com/adailfilhoam/status/1650872268178747398
Adriano Azevedo,@adrianobombeiro,https://twitter.com/adrianobombeiro/status/1651191548686598145,2023-04-26T11:48:37.000Z,"contamos com o seu apoio, em derrubar a PL 2630, que pode destruir o fluxo de informação e a liberdade de expressão no Brasil e tornar esse país uma distopia . A HISTÓRIA MOSTRA QUE O CONTROLE DO FLUXO DE INFORMAÇÃO E A CENSURA É O CAMINHO MAIS RÁPIDO PARA UMA DITADURA!",0,0,0,https://twitter.com/adailfilhoam/status/1650872268178747398
Ronaldo Billy,@RonaldoMorroni,https://twitter.com/RonaldoMorroni/status/1651022918279741443,2023-04-26T00:38:32.000Z,Traidor,0,0,0,https://twitter.com/adailfilhoam/status/1650872268178747398
Ronaldo Billy,@RonaldoMorroni,https://twitter.com/RonaldoMorroni/status/1651179712369106945,2023-04-26T11:01:35.000Z,TRAIDOR das trevas maldito,0,0,0,https://twitter.com/adailfilhoam/status/1650872268178747398
Pedonic,@pieroduonijin,https://twitter.com/pieroduonijin/status/1651175355447754752,2023-04-26T10:44:16.000Z,"Qual o sentido de ser favorável ao PL 2630 que vai censurar a internet? Você tem tanta certeza assim que a esquerda vai se perpetuar no poder?
E se nós próximos anos tiver um governante antipático a esquerda?
Este pL é inconstitucional.#PL2630Nao #PLdaCensuraNao",1,0,1,https://twitter.com/adailfilhoam/status/1650872268178747398
VR.Milor,@BrdaVanuza,https://twitter.com/BrdaVanuza/status/1651033761721593858,2023-04-26T01:21:38.000Z,Traidor do povo,0,0,0,https://twitter.com/adailfilhoam/status/1650872268178747398
