nome,usuario,idTweet,dataPublicacao,texto,replies,retweets,likes,tweetPai
GBarbosa,@gbarbosa82,https://twitter.com/gbarbosa82/status/1650955012900548627,2023-04-25T20:08:42.000Z,Não dá pra levar a sério nenhum combate às fake news que deixe de lado a grande mídia... Essa lei aí q o pessoal ta querendo urgência foca na formiga e deixa o elefante... Isso sem contar que é um ataque frontal à liberdade de expressão...,1,0,0,https://twitter.com/AlencarBraga13/status/1650953696895725574
Luza,@LuzaCosta59,https://twitter.com/LuzaCosta59/status/1651200756014358531,2023-04-26T12:25:12.000Z,NÃO é  censura é ENGRANDECIMENTO ser contra as fake news 🤔,0,0,0,https://twitter.com/AlencarBraga13/status/1650953696895725574
Eduardo Araujo - Lula 13,@mudaBahia,https://twitter.com/mudaBahia/status/1650965441597124610,2023-04-25T20:50:09.000Z,"PL 2630 JÁ !
DELTAN MENTIROSO",0,0,1,https://twitter.com/AlencarBraga13/status/1650953696895725574
Pedro Orlando Bertoni,@bertoni_orlando,https://twitter.com/bertoni_orlando/status/1651013988900110336,2023-04-26T00:03:03.000Z,PL 2630 JÁ,0,0,0,https://twitter.com/AlencarBraga13/status/1650953696895725574
Marisa victorio da silva,@victorio_marisa,https://twitter.com/victorio_marisa/status/1650959542597873696,2023-04-25T20:26:42.000Z,"Trabalhar com o ódio 🤥✔️ Só é contra o PL das #FakeNews quem quer continuar espalhando ódio, mentiras e violência. Nem a onda de ataque às escolas faz essa gente desistir de trabalhar com o ódio. Aliás, mentem ao dizer que o projeto vai promover censura.",0,0,1,https://twitter.com/AlencarBraga13/status/1650953696895725574
Nilcea De Moura Jardim,@jardim_nilcea,https://twitter.com/jardim_nilcea/status/1650976634986549249,2023-04-25T21:34:38.000Z,#PLdaCensuraNão,0,0,0,https://twitter.com/AlencarBraga13/status/1650953696895725574
Bruno Isac - Tretas Bigtretabrasil,@BrunoIsac123,https://twitter.com/BrunoIsac123/status/1650957067182567441,2023-04-25T20:16:52.000Z,"Ei , psiu , vc mesmo, vc e a RESISTENCIA , quer a  PL 2630 - Da censura, tenho um desafio para vc , saia das redes social, mostre sua força, monte seu BLOG , ou vc e covarde?  Fica com Raiva quando pedimos as fontes oficial? tenho a solução, minta na sua bolha, Use blog.",0,0,1,https://twitter.com/AlencarBraga13/status/1650953696895725574
