nome,usuario,idTweet,dataPublicacao,texto,replies,retweets,likes,tweetPai
Rede Marco,@rede_marco,https://twitter.com/rede_marco/status/1651304302533541908,2023-04-26T19:16:40.000Z,Essa do leite condensado eu não tinha ouvido. Se fosse verdade que a Nestlé tivesse feito essa lata eu nunca mais comprava um leite condensado da marca.,2,4,32,https://twitter.com/BohnGass/status/1651299795850362914
Soninha Dezute,@soniadezute,https://twitter.com/soniadezute/status/1651300115733270528,2023-04-26T19:00:01.000Z,Tava sob efeito de medicamentos. Quero revisão de todas as medidas tomadas por ele,0,0,1,https://twitter.com/BohnGass/status/1651299795850362914
Prof. Lenilson de Mello,@leninaveira2,https://twitter.com/leninaveira2/status/1651301840804249623,2023-04-26T19:06:53.000Z,"Isso já tinha sido noticiado. Não é fake. Os vizinhos fizeram a ""arte"" colocaram no leite Moça e deram a ele de presente. É só tosco mesmo.",0,0,1,https://twitter.com/BohnGass/status/1651299795850362914
manwhite,@manoaxxia,https://twitter.com/manoaxxia/status/1651310820318429186,2023-04-26T19:42:34.000Z,Mentira sinônimo de Bolsonaro ou seria o contrário?,0,0,0,https://twitter.com/BohnGass/status/1651299795850362914
Maria Luiza #13,@MariaLu63164201,https://twitter.com/MariaLu63164201/status/1651307405433618433,2023-04-26T19:28:59.000Z,Kkkkkkkk tive que rir,0,0,0,https://twitter.com/BohnGass/status/1651299795850362914
joana teresa,@joanaouteresa,https://twitter.com/joanaouteresa/status/1651300696631672856,2023-04-26T19:02:20.000Z,"Tudo que vem da famiglicia é fake, é mentira e manipulação!",0,0,1,https://twitter.com/BohnGass/status/1651299795850362914
BaliBahia,@BaliBahia1,https://twitter.com/BaliBahia1/status/1651302868547141640,2023-04-26T19:10:58.000Z,Você ficou com vontade de dar uma lambida? Pede pro cara!,0,0,0,https://twitter.com/BohnGass/status/1651299795850362914
