nome,usuario,idTweet,dataPublicacao,texto,replies,retweets,likes,tweetPai
Roberto Damasceno,@BetoAD,https://twitter.com/BetoAD/status/1651746780625731586,2023-04-28T00:34:55.000Z,"A viagem do Presidente Lula à China, custando R$ 1,8 milhão, mostra descaso com os recursos públicos. A presença de líderes do MST e gastos associados geram indignação, devido à falta de transparência e critérios. Essa atitude despreza a ética na política .",1,0,0,https://twitter.com/adriventurasp/status/1651602098432413697
somara,@somara19,https://twitter.com/somara19/status/1651634216105386010,2023-04-27T17:07:37.000Z,Gasta milhões pra espantar investimentos,2,0,1,https://twitter.com/adriventurasp/status/1651602098432413697
Marcelo OG,@MarceloOG3,https://twitter.com/MarceloOG3/status/1651678313285406720,2023-04-27T20:02:51.000Z,Fechou 15 acordos. 50 bilhões em investimentos. Mas o Novo apoiou quem fazia gastos assim:,0,0,2,https://twitter.com/adriventurasp/status/1651602098432413697
ReiNovelli alfinete,@novelli68,https://twitter.com/novelli68/status/1651670740683440128,2023-04-27T19:32:45.000Z,Milhão kkkkkk ?,0,0,0,https://twitter.com/adriventurasp/status/1651602098432413697
MarquesJr,@nanoguardbrasil,https://twitter.com/nanoguardbrasil/status/1651928476260212736,2023-04-28T12:36:54.000Z,"Tenha a decência de colocar ao lado dessa sua performance o custo das motociatas do cara que fazia bico de presidente antes do Lula. Vc tem coragem? Nao, né? Então fica quieta.",0,0,1,https://twitter.com/adriventurasp/status/1651602098432413697
Sirlene Almeida,@Sirlene_89,https://twitter.com/Sirlene_89/status/1651602685366337538,2023-04-27T15:02:20.000Z,"Deputada Adriana!! Por que as outras imagens da invasão do STF, Senado e Câmara dos Deputados continuam em sigilo, se as imagens da invasão do Planalto já estão públicas?",0,0,0,https://twitter.com/adriventurasp/status/1651602098432413697
Flávia Calado,@ykeira_,https://twitter.com/ykeira_/status/1651613662665211905,2023-04-27T15:45:57.000Z,Gratidão aqui do Piauí- Terra de ninguém. Gratos pelo seu posicionamento !,0,0,0,https://twitter.com/adriventurasp/status/1651602098432413697
Vinicius #Vasco #FazoL,@ViniciusAcioly3,https://twitter.com/ViniciusAcioly3/status/1651768545036959746,2023-04-28T02:01:24.000Z,Quer óleo de peroba pra passar na sua cara?,0,0,1,https://twitter.com/adriventurasp/status/1651602098432413697
A justiça partidária era a lava a jato !!!!,@JusPartidaria,https://twitter.com/JusPartidaria/status/1651660498348154893,2023-04-27T18:52:03.000Z,Adriana posta os gastos do governo @RomeuZema aqui pra gente ver uma coisa.🤣🤣🤣,0,0,0,https://twitter.com/adriventurasp/status/1651602098432413697
Luiz Carlos Lima,@oliveira2010201,https://twitter.com/oliveira2010201/status/1651914492563816451,2023-04-28T11:41:20.000Z,E sobre as férias de 4 meses de Bolsonaro aos EUA?,0,0,0,https://twitter.com/adriventurasp/status/1651602098432413697
Luís Henrique Fazuelli,@Luis5Henrique,https://twitter.com/Luis5Henrique/status/1651950901072986112,2023-04-28T14:06:01.000Z,"Imagina, e nenhum desses caras foi lá para fazer a maquiagem da primeira dama...",0,0,0,https://twitter.com/adriventurasp/status/1651602098432413697
Maykon,@MAYKONALVESLOP2,https://twitter.com/MAYKONALVESLOP2/status/1651627236036845570,2023-04-27T16:39:53.000Z,"E retornou com 50 bilhões. Diferente do seu ídolo que pra além da vergonha, voltava com propina pra vender o patrimônio brasileiro.",0,0,2,https://twitter.com/adriventurasp/status/1651602098432413697
Amigos Da Lava Jato,@AmigosJato,https://twitter.com/AmigosJato/status/1651744815179083782,2023-04-28T00:27:06.000Z,Eles adoram pobre...bem longe deles!! @LulaOficial @ArthurLira_ @rodrigopacheco,0,0,0,https://twitter.com/adriventurasp/status/1651602098432413697
Leandro,@SalmosCante,https://twitter.com/SalmosCante/status/1651767614274715649,2023-04-28T01:57:42.000Z,"@tabataamaralsp , a quantia gasta na viagem é uma fortuna.  Queria saber se a deputada pagou as despesas com seu proprio dinheiro ou se viajou aa custas do suado dinheiro do contribuintes.  Queria saber tb se ela teve p ponto cortado e se recebeu diarias",0,0,0,https://twitter.com/adriventurasp/status/1651602098432413697
"Homer, não o simpson",@RomerVitor,https://twitter.com/RomerVitor/status/1651706778436943872,2023-04-27T21:55:57.000Z,"1,8 milhão é um valor plausivel pra uma viagem que trouxe BILHOES em investimento pro país, bem menos do que o Bolsonaro gastava nas férias, e menos do que  gastava em motociatas, cria vergonha na sua cara",0,0,0,https://twitter.com/adriventurasp/status/1651602098432413697
Bahia City,@RuyViana13,https://twitter.com/RuyViana13/status/1651777634920026113,2023-04-28T02:37:31.000Z,Comédia,0,0,0,https://twitter.com/adriventurasp/status/1651602098432413697
Cristiane Vitória,@ZadinaCristiane,https://twitter.com/ZadinaCristiane/status/1651632751982911493,2023-04-27T17:01:48.000Z,E as 150 viagens  de Bolsonaro  a Arábia  Saudita? Já caiu o sigilo  de 100 anos? Já pode divulgar o gasto?,0,0,2,https://twitter.com/adriventurasp/status/1651602098432413697
Bigode Mole,@BigodeMole,https://twitter.com/BigodeMole/status/1651737462173990913,2023-04-27T23:57:53.000Z,mas que choradeira é essa? que mi mi mi é esse???,0,0,0,https://twitter.com/adriventurasp/status/1651602098432413697
Tom Ribeiro,@TomRibeiro18,https://twitter.com/TomRibeiro18/status/1651651928034615296,2023-04-27T18:18:00.000Z,Mais um coice na cara dos brasileiros trabalhadores pagadores de impostos.,0,0,0,https://twitter.com/adriventurasp/status/1651602098432413697
Adnan,@adnanpaniagua,https://twitter.com/adnanpaniagua/status/1651654269022380038,2023-04-27T18:27:18.000Z,Verdade! Gastou isso é trará 83 bilhões de investimentos! 😂😂😂😂,0,0,2,https://twitter.com/adriventurasp/status/1651602098432413697
Roberto Rocha,@BetoRocha74,https://twitter.com/BetoRocha74/status/1651785346668011520,2023-04-28T03:08:09.000Z,Vc sabia que Bolsonaro gastou isso com as motociatas todas as vezes que fazia?,0,0,0,https://twitter.com/adriventurasp/status/1651602098432413697
Bot,@AmigoNero,https://twitter.com/AmigoNero/status/1651603290981892100,2023-04-27T15:04:44.000Z,Alguém sabe dizer o que o Collor estava fazendo na comitiva que acompanhou o Lula?,0,0,0,https://twitter.com/adriventurasp/status/1651602098432413697
Ana Paula,@AnaPaul48286652,https://twitter.com/AnaPaul48286652/status/1651616824008536065,2023-04-27T15:58:31.000Z,"Quanto de investimentos no Brasil, mesmo na iniciativa privada que tanto defendem, a comitiva de Lula conseguiu para os próximos anos?

Dá pra ser menos mesquinha e medíocre?

Aliás, faz psicanálise pra lidar com tanto recalque. O governo Lula é sucesso mundial. Viva o MST.",0,0,0,https://twitter.com/adriventurasp/status/1651602098432413697
Ana Paula,@AnaPaul48286652,https://twitter.com/AnaPaul48286652/status/1651617540353736706,2023-04-27T16:01:21.000Z,Seus apoiadores vão se ferrar,0,0,0,https://twitter.com/adriventurasp/status/1651602098432413697
Gusta,@GUSTAMAM,https://twitter.com/GUSTAMAM/status/1651653791832260608,2023-04-27T18:25:24.000Z,"canalha, fica ai gastando nosso dinheiro pra assinar acordo internacional, deveria seguir nosso mito que não errou nenhuma e fazer motociata, isso sim trazia muitos benefecios pra gente",0,0,0,https://twitter.com/adriventurasp/status/1651602098432413697
Helena Duarte,@HelenaD92516366,https://twitter.com/HelenaD92516366/status/1651656787349610507,2023-04-27T18:37:19.000Z,PTralhas não conhecem a palavra ética !,0,0,0,https://twitter.com/adriventurasp/status/1651602098432413697
Agnaldo Tempesta,@TempestaAgnaldo,https://twitter.com/TempestaAgnaldo/status/1651732152650694656,2023-04-27T23:36:47.000Z,Seu Mito gastou isso só em lanche nas  Motociatas.,0,0,0,https://twitter.com/adriventurasp/status/1651602098432413697
Weverton Silveira,@soares_weverton,https://twitter.com/soares_weverton/status/1651759819261374469,2023-04-28T01:26:43.000Z,"Eu acho um absurdo, mas não vi você reclamando das motociatas do vagabundo ex-presidente.",0,0,0,https://twitter.com/adriventurasp/status/1651602098432413697
Sebastiao Germano Germano,@SebastiaoGerma8,https://twitter.com/SebastiaoGerma8/status/1651957877437788161,2023-04-28T14:33:44.000Z,Desde qndo ladrão tem ética?,0,0,0,https://twitter.com/adriventurasp/status/1651602098432413697
Palmeiras _1942,@1942_palmeiras,https://twitter.com/1942_palmeiras/status/1651604645377179652,2023-04-27T15:10:07.000Z,"Ah mas quem gastava no cartão corporativo era o BolsoNero
Mentira, são TODOS corruptos e gastam nosso dinheiro
Levou um monte de inútil, @tabataamaralsp e @randolfeap ,além dos quadrilheiros do MST",0,0,0,https://twitter.com/adriventurasp/status/1651602098432413697
Tia petista teimosa & debochada,@NeylaMaria9,https://twitter.com/NeylaMaria9/status/1651655350309756942,2023-04-27T18:31:36.000Z,"E quanto ele trouxe de investimentos? 50 bilhões só  de acordo com presidente da China, fora os acordos de empresas privadas.Então, cala a boquinha.",0,0,0,https://twitter.com/adriventurasp/status/1651602098432413697
iurk,@iurk,https://twitter.com/iurk/status/1651736445491597314,2023-04-27T23:53:51.000Z,"Gastou 2 milhões e voltou co
 50 bilhões em investimentos . Boa ! Melhor do que reunir um bando de debiloide pra passear de moto atrás de um monte de estrume",0,0,0,https://twitter.com/adriventurasp/status/1651602098432413697
Pedro Villela,@Pedrodomar162,https://twitter.com/Pedrodomar162/status/1651644010379788288,2023-04-27T17:46:32.000Z,"Vocês acabaram com o partido @partidonovo30 
Bolsonaristas da extrema direita, puro sangue.",0,0,0,https://twitter.com/adriventurasp/status/1651602098432413697
@SEMPREFIZOL13,@SEMPREFIZOL13,https://twitter.com/tranqui94723884/status/1651859123238060032,2023-04-28T08:01:19.000Z,"BC=""Temos que manter os escravos escravizados,pois vai ser muito bom pra eles no futuro,precisam fazer um sacrifício agora, senão os filhos serão prejudicados, melhor que suportem agora, o quê ocorre nas senzalas e nas FAZENDAS de, a LUCRATIVIDADE é baseado em ANÁLISES TECNICOS",0,0,0,https://twitter.com/adriventurasp/status/1651602098432413697
Véio da Havana,@lojashavana,https://twitter.com/lojashavana/status/1651644355680034817,2023-04-27T17:47:55.000Z,"Barato. Imagina que uma motociata custava mais de 1 milhão e sem retorno de investimento para o país. Loucura, né?",0,0,0,https://twitter.com/adriventurasp/status/1651602098432413697
