nome,usuario,idTweet,dataPublicacao,texto,replies,retweets,likes,tweetPai
Guga Kindur,@gugakindur,https://twitter.com/gugakindur/status/1651230789743280129,2023-04-26T14:24:33.000Z,"Este foi o banner que mais gostei do tuitaço do
CAPITÃO DO GOLPE#CapitãoDoGolpe",0,0,0,https://twitter.com/AlencarBraga13/status/1651204478492884995
Leila,@Leila_Durja,https://twitter.com/Leila_Durja/status/1651205499646365699,2023-04-26T12:44:03.000Z,CPMI DOS GOLPISTAS!,0,0,0,https://twitter.com/AlencarBraga13/status/1651204478492884995
Brasil em reconstrução,@dmldbdmldb,https://twitter.com/dmldbdmldb/status/1651270107962785816,2023-04-26T17:00:47.000Z,BOLSONARO NA CADEIA!#BolsonaroNaCadeia,0,0,0,https://twitter.com/AlencarBraga13/status/1651204478492884995
Van,@VaniseBonna,https://twitter.com/VaniseBonna/status/1651209096492613634,2023-04-26T12:58:21.000Z,Sabemos quem é o mandante.,0,0,0,https://twitter.com/AlencarBraga13/status/1651204478492884995
Nilcea De Moura Jardim,@jardim_nilcea,https://twitter.com/jardim_nilcea/status/1651206818377482242,2023-04-26T12:49:18.000Z,"Faltou aí o general de confiança do luladrão, amigão há mais de 30 anos, que estava lá abrindo as portas para os manifestantes....kkkkkkkk",0,0,0,https://twitter.com/AlencarBraga13/status/1651204478492884995
