nome,usuario,idTweet,dataPublicacao,texto,replies,retweets,likes,tweetPai
Sávio Siqueira,@saviosiqueira,https://twitter.com/saviosiqueira/status/1651738646897147905,2023-04-28T00:02:35.000Z,Só ouvi verdades. Vc se encaixa onde?🤣🤣🤣🤣🤣🤣🤣Triste Paraíba com um representante desses!!!,0,0,0,https://twitter.com/cabogilberto/status/1651708836879712256
Clarissa,@clabocop,https://twitter.com/clabocop/status/1651760413678223360,2023-04-28T01:29:05.000Z,Deus vomitaria em vc,0,0,0,https://twitter.com/cabogilberto/status/1651708836879712256
Carlitos,@_cisaza,https://twitter.com/_cisaza/status/1651710193841979392,2023-04-27T22:09:32.000Z,Satanás elegeu ao @cabogilberto,0,0,0,https://twitter.com/cabogilberto/status/1651708836879712256
Makoto,@mahounokaze,https://twitter.com/mahounokaze/status/1651709958268805121,2023-04-27T22:08:35.000Z,"Satanás ouvindo esse discurso: ""Eu não tenho nada a ver com isso!""",0,0,0,https://twitter.com/cabogilberto/status/1651708836879712256
Utaldojhuliano,@tal_bolsominion,https://twitter.com/tal_bolsominion/status/1651709272919506948,2023-04-27T22:05:52.000Z,Esse povo é uns f#*^’a,0,0,0,https://twitter.com/cabogilberto/status/1651708836879712256
James guia,@JamesAlfredx,https://twitter.com/JamesAlfredx/status/1651713710581334021,2023-04-27T22:23:30.000Z,Irá 🔥 no inferno.,0,0,0,https://twitter.com/cabogilberto/status/1651708836879712256
Vendedor 2,@2Vendedor29,https://twitter.com/2Vendedor29/status/1651725170913026053,2023-04-27T23:09:02.000Z,Esse não só vai ser julgado pelas palavras? Mas também por provanar a palavra de Deus,0,0,0,https://twitter.com/cabogilberto/status/1651708836879712256
Jose Divino Barbosa da Silva,@JoseDivino82888,https://twitter.com/JoseDivino82888/status/1652714932775821312,2023-04-30T16:42:00.000Z,Tá explicado prq Lulad@rao ganhou a política usando a farssa a mentira da picanha,0,0,0,https://twitter.com/cabogilberto/status/1651708836879712256
Jose Divino Barbosa da Silva,@JoseDivino82888,https://twitter.com/JoseDivino82888/status/1652715147113242626,2023-04-30T16:42:51.000Z,Tá explicado prq Luladrao ganhou a política usando a farssa mentira da picanha,0,0,0,https://twitter.com/cabogilberto/status/1651708836879712256
Edvan,@EdvanMGois,https://twitter.com/EdvanMGois/status/1651745843614023680,2023-04-28T00:31:11.000Z,"Quando a carapuça serve, só resta meter essa de ""usando nome de deus em vão.""",0,0,0,https://twitter.com/cabogilberto/status/1651708836879712256
Vinho,@Binho220775,https://twitter.com/Binho220775/status/1651737484185698306,2023-04-27T23:57:58.000Z,Dino tem razão!!!,0,0,0,https://twitter.com/cabogilberto/status/1651708836879712256
Felizkarlinha,@_mineira_raiz_,https://twitter.com/_mineira_raiz_/status/1651716220096327681,2023-04-27T22:33:28.000Z,Ele é um desses.,0,0,1,https://twitter.com/cabogilberto/status/1651708836879712256
Biel,@Bielzin98_,https://twitter.com/Bielzin98_/status/1651725356078964736,2023-04-27T23:09:47.000Z,diabo tambem conhece a biblia,0,0,0,https://twitter.com/cabogilberto/status/1651708836879712256
Flávio da Silva Passos,@Fsilva_Passos,https://twitter.com/Fsilva_Passos/status/1651710247600377858,2023-04-27T22:09:44.000Z,Ainda tem abestalhado que aplaude.,0,0,0,https://twitter.com/cabogilberto/status/1651708836879712256
ORO Heraldo8866,@HeraldoVieira,https://twitter.com/HeraldoVieira/status/1651711574095151108,2023-04-27T22:15:01.000Z,"Esse cara estudou mesmo, ou comprou os diplomas?",0,0,0,https://twitter.com/cabogilberto/status/1651708836879712256
Elenice Cintra,@XavierCintra,https://twitter.com/XavierCintra/status/1651784630033436672,2023-04-28T03:05:19.000Z,Qual seria o calibre da arma de Jesus?,0,0,0,https://twitter.com/cabogilberto/status/1651708836879712256
Zezão Trator,@JoseTratorGomes,https://twitter.com/JoseTratorGomes/status/1651826370828197888,2023-04-28T05:51:10.000Z,Satanás inventou esse ladr*o.,0,0,0,https://twitter.com/cabogilberto/status/1651708836879712256
Margareth Albuquerque,@MargarethA2026,https://twitter.com/MargarethA2026/status/1651710103916085251,2023-04-27T22:09:10.000Z,E LADRÃOOOOOOOO pensa nisso? Esse ser abjeto deveria estar preso!,0,0,0,https://twitter.com/cabogilberto/status/1651708836879712256
marcilio neres dos santos,@NeresMarcilio,https://twitter.com/NeresMarcilio/status/1651719347981754370,2023-04-27T22:45:54.000Z,"É um bosta mesmo, só fala asneira.",0,0,0,https://twitter.com/cabogilberto/status/1651708836879712256
Francisco,@Francis97434062,https://twitter.com/Francis97434062/status/1651751740931297280,2023-04-28T00:54:37.000Z,Que sujeito asqueroso !,0,0,0,https://twitter.com/cabogilberto/status/1651708836879712256
Samuel,@Samuel95342195,https://twitter.com/Samuel95342195/status/1652092538138796033,2023-04-28T23:28:50.000Z,"Se mentira matace, Dino vc é o Lula já estva morto a muito tempo !!!",0,0,0,https://twitter.com/cabogilberto/status/1651708836879712256
Magnus Goulart,@magnusgoulart,https://twitter.com/magnusgoulart/status/1651738704573087745,2023-04-28T00:02:49.000Z,"A carapuça serviu, Gilberto?

Ele não falou nada demais.

Deus não é monopólio da reaçolândia.",2,0,11,https://twitter.com/cabogilberto/status/1651708836879712256
Bruno de Melo,@brunodemelo,https://twitter.com/brunodemelo/status/1651780813858435072,2023-04-28T02:50:09.000Z,E comunista acredita em Deus?,0,0,0,https://twitter.com/cabogilberto/status/1651708836879712256
Vitor,@VitorMirandaDe1,https://twitter.com/VitorMirandaDe1/status/1651739477818105858,2023-04-28T00:05:54.000Z,"PT o partido das trevas, satã e sua legião de demônios estão todos lá dentro.",0,0,0,https://twitter.com/cabogilberto/status/1651708836879712256
Zeca,@Zeca_ITPV,https://twitter.com/Zeca_ITPV/status/1651751358238711810,2023-04-28T00:53:06.000Z,So tem santo. Gente hipócrita.  Dá um tempo.,0,0,0,https://twitter.com/cabogilberto/status/1651708836879712256
Andiamomeno,@Andiamomeno1,https://twitter.com/Andiamomeno1/status/1651729593630326784,2023-04-27T23:26:37.000Z,A Direita Nazi-fascista e o seu grande medo da Lei. Onde o crime abunda o medo da Lei superabunda!,0,0,0,https://twitter.com/cabogilberto/status/1651708836879712256
