nome,usuario,idTweet,dataPublicacao,texto,replies,retweets,likes,tweetPai
Carolina,@LinaHQ,https://twitter.com/LinaHQ/status/1651286427248852992,2023-04-26T18:05:38.000Z,Pq v6 jogam essas coisas sem provas? Deem nomes aos bois.,1,0,1,https://twitter.com/adriventurasp/status/1651277462700015618
Sol,@GraceFl66090246,https://twitter.com/GraceFl66090246/status/1651281931957305366,2023-04-26T17:47:46.000Z,A oposição precisa se unir pra impedir! Façam alguma coisa!,0,0,1,https://twitter.com/adriventurasp/status/1651277462700015618
Mi,@Arqmrf,https://twitter.com/Arqmrf/status/1651278972112580608,2023-04-26T17:36:00.000Z,Não pode. Não deixa.,0,0,0,https://twitter.com/adriventurasp/status/1651277462700015618
ReiNovelli alfinete,@novelli68,https://twitter.com/novelli68/status/1651615040460472326,2023-04-27T15:51:25.000Z,"Manobra igual do Anderson Torres tá pra existir na face da terra ,onde já se viu ,até minha vó que já morreu iria ficar assustada com a tentativa de impedir o povo nordestino de votar.",0,0,0,https://twitter.com/adriventurasp/status/1651277462700015618
willian,@willian60155508,https://twitter.com/willian60155508/status/1651278663092957184,2023-04-26T17:34:47.000Z,"Por isso que vocês estão aí para fiscalizar , legislar , o trabalho aí é duro e sem glamour .
O jogo é pesado , e nós temos grandes possibilidades de derrota .
Congresso não é rede social , contamos com vossas senhorias",1,0,1,https://twitter.com/adriventurasp/status/1651277462700015618
BellaCiao,@ToyotaAngie,https://twitter.com/ToyotaAngie/status/1651567844897718277,2023-04-27T12:43:53.000Z,"Qua sua opinião sobre o pacote de “compra de votos” (pacote das
Bondades) que terminou em 31/12/2022 e que custou mais de 450 BILHÕES aos cofres públicos?",0,1,2,https://twitter.com/adriventurasp/status/1651277462700015618
Helena Duarte,@HelenaD92516366,https://twitter.com/HelenaD92516366/status/1651333595523317761,2023-04-26T21:13:04.000Z,Os Parlamentares precisam quebrar essa roda ... Será o fim da nossa democracia !,0,0,1,https://twitter.com/adriventurasp/status/1651277462700015618
Marcelo Laprano,@Mlaprano,https://twitter.com/Mlaprano/status/1651384458031890433,2023-04-27T00:35:10.000Z,"Seria por acaso, mensalão chapa branca?",0,0,0,https://twitter.com/adriventurasp/status/1651277462700015618
Erik Torbent,@eriktorbent,https://twitter.com/eriktorbent/status/1651561367185358854,2023-04-27T12:18:09.000Z,"Sem surpresas. Afinal, basta ver o histórico dessas criaturas para saber que não havia chance de não ocorrer isso.",0,0,0,https://twitter.com/adriventurasp/status/1651277462700015618
Ivone Armelin,@armelin_ivone,https://twitter.com/armelin_ivone/status/1651437054499213313,2023-04-27T04:04:10.000Z,Kkkkkkkkkk....o q ex inominável fez com o orçamento secreto...deixou o país quebrado pra ganhar eleições...,0,0,0,https://twitter.com/adriventurasp/status/1651277462700015618
maria lucia,@marialu86209263,https://twitter.com/marialu86209263/status/1651281562913193992,2023-04-26T17:46:18.000Z,E vcs não tem como barrar essas “compras “ ?,0,0,0,https://twitter.com/adriventurasp/status/1651277462700015618
Joshua Rocha,@SdvJosh,https://twitter.com/SdvJosh/status/1651370165982965760,2023-04-26T23:38:23.000Z,Alguma diferença do governo anterior? 🤔#LulaLadrão #BolsonaroNaCadeia,0,0,1,https://twitter.com/adriventurasp/status/1651277462700015618
Mordomia_SC,@MORDOMIA_SC,https://twitter.com/MORDOMIA_SC/status/1651292774174425115,2023-04-26T18:30:51.000Z,"Lembrei dos 3 bilhões, numa só tacada, para eleger Pacheco e Lira.",2,0,0,https://twitter.com/adriventurasp/status/1651277462700015618
Simone,@Simone16669452,https://twitter.com/Simone16669452/status/1651569938325184512,2023-04-27T12:52:12.000Z,"Tipo ""orçamento secreto "" ???????",0,0,0,https://twitter.com/adriventurasp/status/1651277462700015618
Will e ML #LulaSim,@williansrangel,https://twitter.com/williansrangel/status/1651569223351533568,2023-04-27T12:49:22.000Z,Chata pra caraio...,0,0,0,https://twitter.com/adriventurasp/status/1651277462700015618
