nome,usuario,idTweet,dataPublicacao,texto,replies,retweets,likes,tweetPai
#ColetivoSalaPT.,@ColetivoSalaPT,https://twitter.com/ColetivoSalaPT/status/1651702964489265152,2023-04-27T21:40:48.000Z,Só saíra se à justiça ou o povo brasileiro por para correr.,0,0,2,https://twitter.com/AlencarBraga13/status/1651685146062385173
Nilson Ramos,@NilsonR23834882,https://twitter.com/NilsonR23834882/status/1651932300018434048,2023-04-28T12:52:06.000Z,"Verdade, o pai dos pobres já gastou 12 milhões no cartão em apenas 100 dias.
Será que ele está curtindo tudo enquanto pode ?",0,0,0,https://twitter.com/AlencarBraga13/status/1651685146062385173
Michelle13,@Michell15303291,https://twitter.com/Michell15303291/status/1651741677596336131,2023-04-28T00:14:38.000Z,Esse Campos Neto é  muiiiito cínico.  Garçom da elite,0,0,0,https://twitter.com/AlencarBraga13/status/1651685146062385173
Gilmar MenDes Truidor,@MarcioMorcegoBH,https://twitter.com/MarcioMorcegoBH/status/1651915457270788096,2023-04-28T11:45:10.000Z,Para entender este cidadão que preside o Banco Central é preciso saber quem foi o avô.👇👇👇👇👇👇,0,0,0,https://twitter.com/AlencarBraga13/status/1651685146062385173
DESAPOSENTAÇÃO JÁ! (PLS 299/2023),@Catarina_47,https://twitter.com/Catarina_47/status/1651695908944334859,2023-04-27T21:12:46.000Z,"Nossa luta é:
Aprovar o projeto de lei PLS 299/23 da desaposentação, por + dignidade p aposentados e trabalhadores.@CentralSindical@CUT_Brasil@zeca_dirceu@rodrigopacheco@CarlosLupiPDT@luizmarinhopt@gleisi@ContaratoSenado@BetoFaroPT@PortalCTB@paulopaim@Pimenta13Br",0,0,0,https://twitter.com/AlencarBraga13/status/1651685146062385173
Luciene Cristina Urb,@UrbLuciene,https://twitter.com/UrbLuciene/status/1652989450987741186,2023-05-01T10:52:50.000Z,O banco central está sabotando o Brasil.#Foracamposneto,0,0,0,https://twitter.com/AlencarBraga13/status/1651685146062385173
Luciene Cristina Urb,@UrbLuciene,https://twitter.com/UrbLuciene/status/1653726053313961984,2023-05-03T11:39:50.000Z,O banco central está sabotando o Brasil.#Foracamposneto,0,0,0,https://twitter.com/AlencarBraga13/status/1651685146062385173
Marisa victorio da silva,@victorio_marisa,https://twitter.com/victorio_marisa/status/1651687448156467200,2023-04-27T20:39:09.000Z,#ForaCamposNeto pedir demissão 🤔✔️ Pouco mais de 100 dias de governo @LulaOficial e temos vários sinais robustos de melhora da economia após o desastre bolsoguedes. Só falta o Roberto Campos Neto ter dignidade e pedir demissão do Banco Central pra parar de sabotar o país.,1,0,1,https://twitter.com/AlencarBraga13/status/1651685146062385173
Lady Laura,@Liliane97854275,https://twitter.com/Liliane97854275/status/1651771876014694401,2023-04-28T02:14:38.000Z,Cala a boca! Como vcs falam merd*!,0,0,0,https://twitter.com/AlencarBraga13/status/1651685146062385173
lia,@LLbrasolin,https://twitter.com/LLbrasolin/status/1651724223134547974,2023-04-27T23:05:17.000Z,Kkkkkkkkkkk! Vc acha que fala com seus militontos????? Agradecemos a Roberto Campos!!!,0,0,0,https://twitter.com/AlencarBraga13/status/1651685146062385173
