nome,usuario,idTweet,dataPublicacao,texto,replies,retweets,likes,tweetPai
Alex Vilaça,@alexandrevf,https://twitter.com/alexandrevf/status/1651967376546463744,2023-04-28T15:11:29.000Z,"Tbm pudera ...só passou gente incompetente no ministério da Educação , de pastor que guardava ouro em bíblia a ministro que mentiu em ter se formado....somado a um governo que só se preocupou em atacar a todos ....

Que o brasileiro não repita mais esse erro",0,0,0,https://twitter.com/BohnGass/status/1651965984947724288
LULA Sandra Miria HADDAD,@sandra_miria,https://twitter.com/sandra_miria/status/1651987707697025024,2023-04-28T16:32:16.000Z,E o nem que o Camilo se recusa a revogar,0,0,0,https://twitter.com/BohnGass/status/1651965984947724288
Luiz Casagrande,@luizcasagra,https://twitter.com/luizcasagra/status/1651996424639328262,2023-04-28T17:06:54.000Z,"Ex-presidiario, chefe da quadrilha, maior ladrão e mentiroso do Brasil, julgado e condenado por 9 juízes em 3 instâncias a 12 anos de cadeia e por unanimidade 9 x 0, faltam cumprir 10 anos de cadeia.",0,0,0,https://twitter.com/BohnGass/status/1651965984947724288
Luiz Casagrande,@luizcasagra,https://twitter.com/luizcasagra/status/1651996513394995219,2023-04-28T17:07:16.000Z,Moro presidente da CPMI Do Val relator,0,0,0,https://twitter.com/BohnGass/status/1651965984947724288
