nome,usuario,idTweet,dataPublicacao,texto,replies,retweets,likes,tweetPai
Dep. Alencar Santana,@AlencarBraga13,https://twitter.com/AlencarBraga13/status/1651889465286164483,2023-04-28T10:01:53.000Z,Notícia completa no @Terra,1,6,12,https://twitter.com/AlencarBraga13/status/1651889317713723393
Marisa victorio da silva,@victorio_marisa,https://twitter.com/victorio_marisa/status/1651909633282285568,2023-04-28T11:22:02.000Z,"#BolsonaroNaCadeia ""pintou um clima"" ação por violação de direitos ✍🏽👮🏻‍♂️🚓 ✔️ Ministério Público cobra R$ 30 milhões de Bolsonaro em ação por violações de direitos das crianças 

Ex-presidente provocou danos morais ao falar que ""pintou um clima"" com meninas e ao usar imagens de +",0,0,0,https://twitter.com/AlencarBraga13/status/1651889317713723393
Marisa victorio da silva,@victorio_marisa,https://twitter.com/victorio_marisa/status/1651909949872562176,2023-04-28T11:23:17.000Z,"menores sem autorização, diz promotora",0,0,0,https://twitter.com/AlencarBraga13/status/1651889317713723393
Mic357,@MichelBSMC,https://twitter.com/MichelBSMC/status/1651911310605426688,2023-04-28T11:28:42.000Z,"Tão baixa e ridícula essa acusação, quanto a sua índole! Um verme como você deveria estar preso, quem vota em você é pior que bandido!! #Bandidos #PTCorrupto #PartidodeBandidos",0,0,0,https://twitter.com/AlencarBraga13/status/1651889317713723393
Renato Canzano,@Recanza,https://twitter.com/Recanza/status/1652007323437547534,2023-04-28T17:50:13.000Z,Sério que vc acredita nas asneiras que vc coloca aqui???Como vc conseguiu a proeza de se eleger...não é possível...,0,0,0,https://twitter.com/AlencarBraga13/status/1651889317713723393
Manoel Junior,@ManoelJ21099261,https://twitter.com/ManoelJ21099261/status/1651898264906764290,2023-04-28T10:36:51.000Z,🤔❓❓❓,0,0,0,https://twitter.com/AlencarBraga13/status/1651889317713723393
