nome,usuario,idTweet,dataPublicacao,texto,replies,retweets,likes,tweetPai
Germano,@Germanopicui,https://twitter.com/Germanopicui/status/1651648071908859912,2023-04-27T18:02:41.000Z,"O senhor fazia tantas postagens a favor da CPMI, agora que deu ruim, não faz nenhuma",0,0,3,https://twitter.com/cabogilberto/status/1651647233324974082
Angelika Leal,@leal_angelika,https://twitter.com/leal_angelika/status/1651650497437134850,2023-04-27T18:12:19.000Z,"Não era o bolsonaro que ia deixar o gás por 35 reais? Mas deixou por 135 reais,né?🤡",1,0,3,https://twitter.com/cabogilberto/status/1651647233324974082
Marcos Minoru Seki,@seki_marcos,https://twitter.com/seki_marcos/status/1651650109954727958,2023-04-27T18:10:47.000Z,"Eu lamento só pelos que não votaram no Lula... Até porque os que votaram, devem estar até aplaudindo essa medida...",0,0,3,https://twitter.com/cabogilberto/status/1651647233324974082
SEBASTIAO DE FARIAS,@SEBASTIAODEFAR3,https://twitter.com/SEBASTIAODEFAR3/status/1651658304400113664,2023-04-27T18:43:20.000Z,Cabra Besta!!!!,0,0,0,https://twitter.com/cabogilberto/status/1651647233324974082
Iara Lima,@laraJenCengiz,https://twitter.com/laraJenCengiz/status/1651730317286207488,2023-04-27T23:29:29.000Z,Será que seus posts toscos ajuda em alguma coisa?,0,0,0,https://twitter.com/cabogilberto/status/1651647233324974082
Anti Leproso do Baelama¹⁹¹⁴,@RadioClubeDepre,https://twitter.com/RadioClubeDepre/status/1651913787161686016,2023-04-28T11:38:32.000Z,"Tá difícil de pagar a Cláudia Arraia, a Faz Faz de Belém, a Esbanja, Lixo Buarque, etc...",0,0,1,https://twitter.com/cabogilberto/status/1651647233324974082
Lisa Vieira,@lisa_advogada,https://twitter.com/lisa_advogada/status/1651648294001451023,2023-04-27T18:03:34.000Z,"@cabogilberto Por favor, vamos parar de esvaziar uma palavra tão precisa como AMOR, usando pra designar esse governo de pessoas cretinas, mesquinhas, desonestas, aproveitadoras, corruptas, asquerosas,….Vamos designá-los como eles são: GOVERNO DO ÓDIO, GOVERNO DA VINGANÇA🤬🦑🦑🦑",0,0,1,https://twitter.com/cabogilberto/status/1651647233324974082
Celso Gomes,@celsosa42011078,https://twitter.com/celsosa42011078/status/1651679387786309672,2023-04-27T20:07:07.000Z,Estão falando menos sobre a CPMI ou é impressão minha 🤔,0,0,2,https://twitter.com/cabogilberto/status/1651647233324974082
Zeca,@Zeca_ITPV,https://twitter.com/Zeca_ITPV/status/1651659871547170830,2023-04-27T18:49:34.000Z,"Zé, Bolsonaro Xaropinho prometeu a porra do gás a 35,00. Lembra ?Não, né ???",0,0,0,https://twitter.com/cabogilberto/status/1651647233324974082
Michael,@Michael77242404,https://twitter.com/Michael77242404/status/1651684299043733505,2023-04-27T20:26:38.000Z,Bebiano se sentia ameaçado por Bolsonaro. 👇🏾,0,0,0,https://twitter.com/cabogilberto/status/1651647233324974082
