nome,usuario,idTweet,dataPublicacao,texto,replies,retweets,likes,tweetPai
Gabriela,@Gabriel72894728,https://twitter.com/Gabriel72894728/status/1651750399550824448,2023-04-28T00:49:17.000Z,#CPIMSTJÁ,0,0,1,https://twitter.com/adriventurasp/status/1651253774659321861
Marco Nunes,@marcoasnunes,https://twitter.com/marcoasnunes/status/1651616684933881857,2023-04-27T15:57:57.000Z,Eu apoio o MST,0,0,0,https://twitter.com/adriventurasp/status/1651253774659321861
Vivian,@vivraiza,https://twitter.com/vivraiza/status/1651700614286417924,2023-04-27T21:31:28.000Z,Eu apoio o MST e o pequeno agricultor que é quem  produz o alimento dos brasileiros!,0,0,0,https://twitter.com/adriventurasp/status/1651253774659321861
Mordomia_SC,@MORDOMIA_SC,https://twitter.com/MORDOMIA_SC/status/1651259098531352577,2023-04-26T16:17:02.000Z,Concordo. Mandou bem.,0,1,2,https://twitter.com/adriventurasp/status/1651253774659321861
Will e ML #LulaSim,@williansrangel,https://twitter.com/williansrangel/status/1651537568498962433,2023-04-27T10:43:35.000Z,EU APOIO O MST,0,0,1,https://twitter.com/adriventurasp/status/1651253774659321861
ReiNovelli alfinete,@novelli68,https://twitter.com/novelli68/status/1651614592076767234,2023-04-27T15:49:38.000Z,"Eu apoio fazer mais presídios depois da CPMI,escola e universidade depois .
 Precisamos saber onde o Bolsonaro teve mais voto.",0,0,0,https://twitter.com/adriventurasp/status/1651253774659321861
@Borges@crvg,@Borges@crvg,https://twitter.com/bvaldeci5/status/1651603677851840513,2023-04-27T15:06:16.000Z,"E vc apoia os golpistas q invadiram os prédios do STF, planalto e congresso?",0,0,0,https://twitter.com/adriventurasp/status/1651253774659321861
Francisco Correia,@ChicoCorreia2a,https://twitter.com/ChicoCorreia2a/status/1651278858312728590,2023-04-26T17:35:33.000Z,MST não é movimento social. É crime organizado,0,0,2,https://twitter.com/adriventurasp/status/1651253774659321861
Fábio,@Fabiodantax,https://twitter.com/Fabiodantax/status/1651353211368882178,2023-04-26T22:31:00.000Z,EU APOIO O MST,0,0,2,https://twitter.com/adriventurasp/status/1651253774659321861
Gil,@NoneOtherThanA,https://twitter.com/NoneOtherThanA/status/1651298265038454787,2023-04-26T18:52:40.000Z,"foco na liberdade de expressão, deputada",0,1,1,https://twitter.com/adriventurasp/status/1651253774659321861
Maykon,@MAYKONALVESLOP2,https://twitter.com/MAYKONALVESLOP2/status/1651317851335131139,2023-04-26T20:10:30.000Z,"Pessoal se é do partido novo, somente ignore ou corremos o risco de ser privatizados também.",0,0,0,https://twitter.com/adriventurasp/status/1651253774659321861
Ananelia,@ananelia,https://twitter.com/ananelia/status/1651658891111833603,2023-04-27T18:45:40.000Z,"Concordo! Pra cima dos invasores de TI, pelo agro, pelas madeireiras e pelos financiadores do garimpo, devastadores da floresta e poluidores por mercúrio q atinge não só as TI mas se estendem em áreas extensas. O agro desmata pra plantar soja e milho e criar boi",0,0,1,https://twitter.com/adriventurasp/status/1651253774659321861
Helena Duarte,@HelenaD92516366,https://twitter.com/HelenaD92516366/status/1651328520025518088,2023-04-26T20:52:54.000Z,"MST é CRIMINOSO , usa crianças em invasões, mata cruelmente animais, destrói pesquisas ... PRISÃO.",0,0,0,https://twitter.com/adriventurasp/status/1651253774659321861
Dila Ferreira,@Dilafer,https://twitter.com/Dilafer/status/1651570170169643010,2023-04-27T12:53:07.000Z,Não é invasão de propriedade privada. É ocupação de terras improdutivas. Uma coisa é bem diferente da outra.,1,0,0,https://twitter.com/adriventurasp/status/1651253774659321861
Marinaldo Rocha,@MarinaldoRocha6,https://twitter.com/MarinaldoRocha6/status/1651568245650907143,2023-04-27T12:45:29.000Z,Você nunca parou para pensar como a maioria dos latifundiários fizeram para adquirir seus latifúndios!?!,0,0,1,https://twitter.com/adriventurasp/status/1651253774659321861
Elton Moraes,@Elton1moraes,https://twitter.com/Elton1moraes/status/1651533005838512131,2023-04-27T10:25:27.000Z,"Entre defender fakes que tem ajudado a matar as crianças brasileiras, e o MST , prefiro o segundo , pelo menos e terra para plantar 🤔",0,0,4,https://twitter.com/adriventurasp/status/1651253774659321861
Gabriela,@Gabriel72894728,https://twitter.com/Gabriel72894728/status/1651750557353230337,2023-04-28T00:49:55.000Z,#MSTOrganizaçãoTerrorista,0,0,1,https://twitter.com/adriventurasp/status/1651253774659321861
Fiscal de Direita #CPIdoAbusoJá,@FiscalDireita,https://twitter.com/FiscalDireita/status/1651256877664149506,2023-04-26T16:08:13.000Z,São petistas e gados emburrecidos pelo fanatismo políticos.,0,0,0,https://twitter.com/adriventurasp/status/1651253774659321861
Rogerio Coelho,@Rogeriocoelho68,https://twitter.com/Rogeriocoelho68/status/1651340910964113410,2023-04-26T21:42:08.000Z,"Minha filha. Opinião é
Igual bunda. Cada um tem a sua. Vc pode não gostar, mas é um direito. Vc deve adorar um sociopata que ferrou o país com a COVID. Mente, ameaça à democracia. É um direito seu e durma feliz. E respeite os outros.",0,0,2,https://twitter.com/adriventurasp/status/1651253774659321861
Iraja Felipe,@felipe_iraja,https://twitter.com/felipe_iraja/status/1651274613551243264,2023-04-26T17:18:41.000Z,"Lamentável usuários dessa rede  ser contra a Pl, ficam protegendo quem espalha o odio e a mentira",0,0,0,https://twitter.com/adriventurasp/status/1651253774659321861
Ana Paula,@AnaPaul48286652,https://twitter.com/AnaPaul48286652/status/1651293737710911494,2023-04-26T18:34:41.000Z,"Eu apoio o MST

Eu repudio a concentração de renda em detrimento da miséria",0,0,2,https://twitter.com/adriventurasp/status/1651253774659321861
Antônio,@Antnio95226761,https://twitter.com/Antnio95226761/status/1651569248072859662,2023-04-27T12:49:28.000Z,Vc apoia os ladrões de jóias,0,0,0,https://twitter.com/adriventurasp/status/1651253774659321861
Roberto Melo,@Roberto05269932,https://twitter.com/Roberto05269932/status/1651386141155766274,2023-04-27T00:41:51.000Z,São ptzanas.,0,0,0,https://twitter.com/adriventurasp/status/1651253774659321861
Eu & o André,@BgsNeury,https://twitter.com/BgsNeury/status/1651326743368572935,2023-04-26T20:45:50.000Z,"Eu apoio os latifúndios na cadeia, já.",0,0,1,https://twitter.com/adriventurasp/status/1651253774659321861
Roger queiroz,@JoaoRogerRQ,https://twitter.com/JoaoRogerRQ/status/1651595025346617344,2023-04-27T14:31:53.000Z,"Não fale do que não sabe, é uma TOTAL ignorante do assunto.",0,0,0,https://twitter.com/adriventurasp/status/1651253774659321861
Rosemary G.,@Rosebhmg,https://twitter.com/Rosebhmg/status/1651514153486409728,2023-04-27T09:10:32.000Z,"Não vi você condenando as invasões de grileiros e garimpeiros nas terras Yanomanis. Aquilo sim foi violência. Quem distribuiu milhares de toneladas para população durante a pandemia? Não foi o Agro não,  foi simplesmente o MST.",0,0,2,https://twitter.com/adriventurasp/status/1651253774659321861
Divino Alvim,@DivinoAlvim2,https://twitter.com/DivinoAlvim2/status/1651543207019261956,2023-04-27T11:05:59.000Z,"Tem louco para todos os gostos - os que apoiam o MST, os que apoiam o bozo e os que ajudaram os golpistas!",0,0,0,https://twitter.com/adriventurasp/status/1651253774659321861
CGuedes Urbi et Orbi,@CGuedes1906,https://twitter.com/CGuedes1906/status/1651398959439421440,2023-04-27T01:32:48.000Z,EU APOIO O MST,0,0,0,https://twitter.com/adriventurasp/status/1651253774659321861
Tael,@tael144000,https://twitter.com/tael144000/status/1651539723356106752,2023-04-27T10:52:08.000Z,"Então faça um pronunciamento na tribuna da câmara, defendendo a reforma agrária segundo sua visão. Aí vou acreditar que estás sendo sincera quando diz que a reforma agrária deve ser feita de forma pacífica.",0,0,0,https://twitter.com/adriventurasp/status/1651253774659321861
bruno martinns,@brunozoo31,https://twitter.com/brunozoo31/status/1651331326803431425,2023-04-26T21:04:03.000Z,Eu apoio CADEIA PARA todos os terroristas do MST. E sem anistia.,0,0,0,https://twitter.com/adriventurasp/status/1651253774659321861
BellaCiao,@ToyotaAngie,https://twitter.com/ToyotaAngie/status/1651539692905545730,2023-04-27T10:52:01.000Z,"A ignorância de pessoas como vc é criminosa. MST ocupa terras públicas/improdutivas ou griladas. 
Saiba mais pra não falar m@erda!",0,0,0,https://twitter.com/adriventurasp/status/1651253774659321861
Ricardo Oliveira ᶜʳᶠ ¹⁸⁹⁵,@Ricardo_O_Fla,https://twitter.com/Ricardo_O_Fla/status/1651316204915642369,2023-04-26T20:03:57.000Z,Eu não apoio a EXTREMA  direita...,0,0,0,https://twitter.com/adriventurasp/status/1651253774659321861
Edilson Santos,@Edilson_the,https://twitter.com/Edilson_the/status/1651374145102290945,2023-04-26T23:54:11.000Z,#CPIDOMST,0,0,0,https://twitter.com/adriventurasp/status/1651253774659321861
NANDO R. DE JESUS,@NANDORDEJESUS1,https://twitter.com/NANDORDEJESUS1/status/1651428889934065664,2023-04-27T03:31:44.000Z,CAI FORA...PARTIDO  NAZISTA  É CADEIA.,0,0,0,https://twitter.com/adriventurasp/status/1651253774659321861
