nome,usuario,idTweet,dataPublicacao,texto,replies,retweets,likes,tweetPai
Guga Kindur,@gugakindur,https://twitter.com/gugakindur/status/1651230291015397378,2023-04-26T14:22:34.000Z,"CAPITÃO DO GOLPE
CAPITÃO DO GOLPE
CAPITÃO DO GOLPE
CAPITÃO DO GOLPE
CAPITÃO DO GOLPE
CAPITÃO DO GOLPE
CAPITÃO DO GOLPE
CAPITÃO DO GOLPE
CAPITÃO DO GOLPE
CAPITÃO DO GOLPE
CAPITÃO DO GOLPE
CAPITÃO DO GOLPE
CAPITÃO DO GOLPE
CAPITÃO DO GOLPE#CapitãoDoGolpe",0,0,0,https://twitter.com/AlencarBraga13/status/1651209518565523459
Pikles Thorne,@PiklesT,https://twitter.com/PiklesT/status/1651231476606816256,2023-04-26T14:27:17.000Z,Na boa meu. Não sentimos nenhuma falta sobre passar a faixa.,1,0,1,https://twitter.com/AlencarBraga13/status/1651209518565523459
Eduardo Araujo - Lula 13,@mudaBahia,https://twitter.com/mudaBahia/status/1651234003880427520,2023-04-26T14:37:19.000Z,"CAPITÃO DO GOLPE
CAPITÃO DO GOLPE
CAPITÃO DO GOLPE",0,0,0,https://twitter.com/AlencarBraga13/status/1651209518565523459
Marisa victorio da silva,@victorio_marisa,https://twitter.com/victorio_marisa/status/1651213894331908097,2023-04-26T13:17:25.000Z,#CapitãoDoGolpe 🗣️🔊 Presidente que afronta a democracia tem que pagar pelos seus crimes 👮🏻‍♂️🚓,0,0,0,https://twitter.com/AlencarBraga13/status/1651209518565523459
Maria Nascimento,@MariaNa89810603,https://twitter.com/MariaNa89810603/status/1651212864638578688,2023-04-26T13:13:19.000Z,E isto é o quê ?,0,0,0,https://twitter.com/AlencarBraga13/status/1651209518565523459
