nome,usuario,idTweet,dataPublicacao,texto,replies,retweets,likes,tweetPai
Paulo Brasileiro SPFC,@Paulo_Brasil_22,https://twitter.com/Paulo_Brasil_22/status/1651376501554544640,2023-04-27T00:03:33.000Z,"A narizinho vai ter que explicar CPMI onde estava na tarde do dia 8 de Janeiro de 2023 kkkkkkkkkkkk
Parece nervosa! kkkkkkkkkkkkkkk",0,1,5,https://twitter.com/AlencarBraga13/status/1651293032598183936
Marisa victorio da silva,@victorio_marisa,https://twitter.com/victorio_marisa/status/1651295972985634816,2023-04-26T18:43:34.000Z,#BolsonaroNaCadeia 🤡🤡🤡👮🏻‍♂️🚓✔️A nossa presidenta do @ptbrasil @gleisi falou umas verdades para o 🍌que quase faz ele chorar no plenário.,6,0,2,https://twitter.com/AlencarBraga13/status/1651293032598183936
Brasil Livre,@BrasilLivre20,https://twitter.com/BrasilLivre20/status/1651329285175615490,2023-04-26T20:55:56.000Z,"GLEISI  👏👏👏👏👏@gleisi 
Tmj",1,1,2,https://twitter.com/AlencarBraga13/status/1651293032598183936
Carlos Augusto Grion,@cgrion,https://twitter.com/cgrion/status/1651313364751077379,2023-04-26T19:52:40.000Z,"O termo ""perdeu"" é normalmente usado por bandidos...ou não?",1,0,3,https://twitter.com/AlencarBraga13/status/1651293032598183936
Fernandes,@Fernand95145947,https://twitter.com/Fernand95145947/status/1651305445472993292,2023-04-26T19:21:12.000Z,Quando vão começar a fazer alguma coisa pela população ou ainda não terminou a eleição nesse país.,1,1,1,https://twitter.com/AlencarBraga13/status/1651293032598183936
VSB,@Vsbp1954,https://twitter.com/Vsbp1954/status/1651543700407738368,2023-04-27T11:07:57.000Z,"Xiiiiiii a Amante ficou nervosa, 
Devolve a grana 💰 dos aposentados!",0,0,1,https://twitter.com/AlencarBraga13/status/1651293032598183936
Sandra A.,@fazendocaminhos,https://twitter.com/fazendocaminhos/status/1651304015194406912,2023-04-26T19:15:31.000Z,Pra cima deles @gleisi,3,0,1,https://twitter.com/AlencarBraga13/status/1651293032598183936
Henrique Diegues,@JonyBoy1968,https://twitter.com/JonyBoy1968/status/1651327311835267073,2023-04-26T20:48:05.000Z,"O tal @BolsonaroSP é o famoso criador de clima. Tem que fazer um retiro, ver o erro deles que na real nascer já foi o erro e depois com a educação recebida só piorou, mas,lamentável ver o nível da @camaradeputados hoje em dia. E já tivemos tantas referências nesta casa do ""povo"".",2,0,0,https://twitter.com/AlencarBraga13/status/1651293032598183936
Cavaleiro do Apocalipse,@JosdaSil4,https://twitter.com/JosdaSil4/status/1651383563286200321,2023-04-27T00:31:37.000Z,Petralhas hipocritas!!!!!,1,2,7,https://twitter.com/AlencarBraga13/status/1651293032598183936
"d morning, o sádico",@dmorning7,https://twitter.com/dmorning7/status/1651310369137123328,2023-04-26T19:40:46.000Z,q show deu a Gleisi. amo,1,0,2,https://twitter.com/AlencarBraga13/status/1651293032598183936
revoltado,@vitoria32274678,https://twitter.com/vitoria32274678/status/1651366504800088064,2023-04-26T23:23:50.000Z,"Conhecida como ""Amante"" na lista de propinas da Odebrecht querendo dar lição de moral em alguém 🤡...
...e a massa disfuncional política aplaudindo como se isso fosse algo importante e relevante 🤦",0,1,3,https://twitter.com/AlencarBraga13/status/1651293032598183936
ORGULHO_DE_SER_BRASILEIRO,@ORGULHO_46,https://twitter.com/ORGULHO_46/status/1651327785040740352,2023-04-26T20:49:58.000Z,"Mais de 100 dias, nada de picanha, nada de amor, somente gritos e mentiras!!!",1,0,3,https://twitter.com/AlencarBraga13/status/1651293032598183936
joana teresa,@joanaouteresa,https://twitter.com/joanaouteresa/status/1651293513663774726,2023-04-26T18:33:47.000Z,"Aceita que dói menos !!
Kkkkkkkkkkk #BolsonaroNaCadeia",1,0,3,https://twitter.com/AlencarBraga13/status/1651293032598183936
Bruno Hingst,@bruno_hingst,https://twitter.com/bruno_hingst/status/1651387642611744768,2023-04-27T00:47:49.000Z,@gleisi me representa,1,0,0,https://twitter.com/AlencarBraga13/status/1651293032598183936
Cris,@CrisFurtado1818,https://twitter.com/CrisFurtado1818/status/1651363330014035968,2023-04-26T23:11:13.000Z,A PresidANTA quase chorou ? Ainnnn que fofa .. taoooo boazinha .. uma anjinha 🙄🙄me poupe !! Afffff,0,0,0,https://twitter.com/AlencarBraga13/status/1651293032598183936
Maria Cristina Santos (Cris),@MaraCri40407638,https://twitter.com/MaraCri40407638/status/1651334006510612481,2023-04-26T21:14:42.000Z,#BolsonaroNaCadeia,2,0,0,https://twitter.com/AlencarBraga13/status/1651293032598183936
M Ivana - Anl. Judiciário,@MIvana11,https://twitter.com/MIvana11/status/1651375998074494985,2023-04-27T00:01:33.000Z,#Lulanacadeia,0,0,1,https://twitter.com/AlencarBraga13/status/1651293032598183936
Erivelto,@eriveltonroch11,https://twitter.com/eriveltonroch11/status/1651398075221458949,2023-04-27T01:29:17.000Z,PT partido de corruptos!!,0,0,1,https://twitter.com/AlencarBraga13/status/1651293032598183936
_MOC_,@josy_Moc,https://twitter.com/josy_Moc/status/1651538577447084034,2023-04-27T10:47:35.000Z,"Que moral a ""amante"" tem??? PT tomou uma sova de verdades isso sim...kkk",0,0,0,https://twitter.com/AlencarBraga13/status/1651293032598183936
Marcia Gomes7,@MarziaGomes7,https://twitter.com/MarziaGomes7/status/1651704656542724097,2023-04-27T21:47:31.000Z,"Vou denunciar o senhor à comissão de fake news: como pode dizer que calou a boca do Eduardo se só mostra a fala da Gleise???
 🤔🤔🤔",0,0,0,https://twitter.com/AlencarBraga13/status/1651293032598183936
Jose abrantes,@JoseSemeador,https://twitter.com/JoseSemeador/status/1651548364452900865,2023-04-27T11:26:29.000Z,O  novo herói brasileiro. O terror dos ladrões e corruptos na Europa e no Brasil!!,0,0,0,https://twitter.com/AlencarBraga13/status/1651293032598183936
Luiz S. Cabral,@LuizSCabral1,https://twitter.com/LuizSCabral1/status/1651375142105391106,2023-04-26T23:58:09.000Z,"Animal, os seus dias estão contados. Aberto aprocessso, talvez tenha oportunidade de ter você a frente!!!!!",0,0,0,https://twitter.com/AlencarBraga13/status/1651293032598183936
Roni Delicoli,@DelicoliRoni,https://twitter.com/DelicoliRoni/status/1651408216763318274,2023-04-27T02:09:35.000Z,"Pt culpando os outros de corrupção, é o Brasil está virado de ponta cabeça, o partido mais corrupto do Brasil querendo dar lição de moral.",0,0,0,https://twitter.com/AlencarBraga13/status/1651293032598183936
Odila Olivéira,@odilaros21,https://twitter.com/odilaros21/status/1651543786135101441,2023-04-27T11:08:17.000Z,Que moral tem essa corrupta?,0,0,0,https://twitter.com/AlencarBraga13/status/1651293032598183936
elis criminalização do comunismo já,@elisteresinha,https://twitter.com/elisteresinha/status/1651460730741243904,2023-04-27T05:38:15.000Z,nós queremos justiça mais nada quem não deve não teme prisão aos terrorista seja quem for,0,0,0,https://twitter.com/AlencarBraga13/status/1651293032598183936
angelina,@angelin34452681,https://twitter.com/angelin34452681/status/1651659004332875805,2023-04-27T18:46:07.000Z,NINGUEM DA FAMILIA BOLSONARO FOI PRESO E CONDENADO COMO O SEU CHEFE POR LADROAGEM.,0,0,0,https://twitter.com/AlencarBraga13/status/1651293032598183936
LM68,@Ladym1468,https://twitter.com/Ladym1468/status/1651401846613852161,2023-04-27T01:44:16.000Z,Perdemos? Alguém  acredita? Cadê  os  eleitores do ex presidiário  que não  consegue sair as ruas com medo de ser  vaiado? 2 milhões  de votos de diferença? Pode ter certeza que ele cai antes do final do ano.,0,0,0,https://twitter.com/AlencarBraga13/status/1651293032598183936
"sonia monteiro, PHD",@soniamonteiro19,https://twitter.com/soniamonteiro19/status/1651954257371840513,2023-04-28T14:19:21.000Z,Essa aí foi salva pelo Renan Canalheiro,0,0,0,https://twitter.com/AlencarBraga13/status/1651293032598183936
AP¹³,@DevanirJos,https://twitter.com/DevanirJos/status/1651383443517743108,2023-04-27T00:31:08.000Z,Aprenda vencer sem fraude,0,0,0,https://twitter.com/AlencarBraga13/status/1651293032598183936
,@elvesio54,https://twitter.com/elvesio54/status/1651442823781142528,2023-04-27T04:27:06.000Z,QUEM TEM C* TEM MEDO,0,0,0,https://twitter.com/AlencarBraga13/status/1651293032598183936
,@elvesio54,https://twitter.com/elvesio54/status/1651443939684040705,2023-04-27T04:31:32.000Z,A BAIXARIA É A MARCA DA NARIZINHO Q SE LIVROU DE SER PRESA PELO RENANZÃO QUE DEVE TER PAGO ALGUM FAVOR A ELA...,0,0,0,https://twitter.com/AlencarBraga13/status/1651293032598183936
AngeladeCamposSalles 4a conta,@aline_csalles,https://twitter.com/aline_csalles/status/1651370713629044737,2023-04-26T23:40:33.000Z,Essa sujeita so esqueceu de falar que quem fazia parte da planilha da Odebrecht era ela .... a Amante ou Coxa como quiser.,0,0,0,https://twitter.com/AlencarBraga13/status/1651293032598183936
Embaixada do cancelamento,@emb_cancel,https://twitter.com/emb_cancel/status/1651701872221192201,2023-04-27T21:36:28.000Z,"Calma ""coxa"" calma ""amante""🤣🤣🤣🤣",0,0,0,https://twitter.com/AlencarBraga13/status/1651293032598183936
Célia Regina Gumy Teixeira,@CeliaGumy,https://twitter.com/CeliaGumy/status/1651378339586646018,2023-04-27T00:10:51.000Z,"Perderam a Eleição? Será? Tem certeza? Não é o que a MAIORIA do Povo Brasileiro acha. Essa ORCRIM, usurpadora do poder está desmoronando. 
O DESGOVERNO DERRETE. #ForaLula  #ForaAlckmin",0,0,0,https://twitter.com/AlencarBraga13/status/1651293032598183936
Sandra,@sandrambrus,https://twitter.com/sandrambrus/status/1651413498306412545,2023-04-27T02:30:34.000Z,"Na verdade, ela é  que foi calada.",0,0,0,https://twitter.com/AlencarBraga13/status/1651293032598183936
eg,@MegTumaArt,https://twitter.com/MegTumaArt/status/1651384139893940224,2023-04-27T00:33:54.000Z,Fica a dica!,0,0,0,https://twitter.com/AlencarBraga13/status/1651293032598183936
Ragnar Danneskjöld,@ragdannesk2,https://twitter.com/ragdannesk2/status/1651403878561116161,2023-04-27T01:52:20.000Z,A Amante da Odebrecht e o seu showzinho de hipocrisia. Kkkkkkkkkkk,0,0,0,https://twitter.com/AlencarBraga13/status/1651293032598183936
Nilcea De Moura Jardim,@jardim_nilcea,https://twitter.com/jardim_nilcea/status/1651377730481471489,2023-04-27T00:08:26.000Z,Que moral a amante da Odebrecht tem pra falar?kkkkkkkk,0,0,0,https://twitter.com/AlencarBraga13/status/1651293032598183936
VdeVitoria,@vd85393,https://twitter.com/vd85393/status/1651395634329534464,2023-04-27T01:19:35.000Z,Kkkkkkkkkk cena ridícula,0,0,0,https://twitter.com/AlencarBraga13/status/1651293032598183936
Gerson Guszak,@GersonGuszak,https://twitter.com/GersonGuszak/status/1651772882459000833,2023-04-28T02:18:38.000Z,"O povo tá ferrado mesmo, ninguém trabalha só brigam pra ver quem vai ficar com a chave do cofre",0,0,0,https://twitter.com/AlencarBraga13/status/1651293032598183936
Sandro Alberto,@SandroA34719629,https://twitter.com/SandroA34719629/status/1651547396428447745,2023-04-27T11:22:38.000Z,"Narizinho, amante, kkkkkk",0,0,0,https://twitter.com/AlencarBraga13/status/1651293032598183936
RCostenaro,@R_Costenaro,https://twitter.com/R_Costenaro/status/1651429669541933061,2023-04-27T03:34:49.000Z,"Uma criminosa!

Mas a internet está aí para nos ajudar! Criminosa. Justiça pobre!",0,0,0,https://twitter.com/AlencarBraga13/status/1651293032598183936
magno,@magnoaugustosi1,https://twitter.com/magnoaugustosi1/status/1651412960718249985,2023-04-27T02:28:26.000Z,Nossa quanto fã dessa medíocre da faccao PTralha hein!!!!,0,0,0,https://twitter.com/AlencarBraga13/status/1651293032598183936
Ricardo,@Jerisa3311,https://twitter.com/Jerisa3311/status/1651358676890931200,2023-04-26T22:52:43.000Z,Kkkkkk,0,0,1,https://twitter.com/AlencarBraga13/status/1651293032598183936
Fernando Bertin,@FernandoMooca81,https://twitter.com/FernandoMooca81/status/1651402161752879105,2023-04-27T01:45:31.000Z,"O Bananinha é uma piada, mas petista é merda mole.",0,0,0,https://twitter.com/AlencarBraga13/status/1651293032598183936
João Carlos Prellvitz - 15/03 eu vou,@jcprell,https://twitter.com/jcprell/status/1651445020254257153,2023-04-27T04:35:49.000Z,Eita partido nojento esse PT e cheio de elementos mais nojentos ainda.,0,0,0,https://twitter.com/AlencarBraga13/status/1651293032598183936
Eliana A. S. Goncalves,@ElianaASGoncal1,https://twitter.com/ElianaASGoncal1/status/1651400965788934144,2023-04-27T01:40:46.000Z,Com a palavra a fã declarada de NICOLAS MADURO! Nos poupe!,0,0,0,https://twitter.com/AlencarBraga13/status/1651293032598183936
Rolando Lero da Depressão,@Rolando39983921,https://twitter.com/Rolando39983921/status/1651656080626155520,2023-04-27T18:34:30.000Z,ESSE CONHECE OS MEANDROS,0,0,0,https://twitter.com/AlencarBraga13/status/1651293032598183936
Mic357,@MichelBSMC,https://twitter.com/MichelBSMC/status/1651911997062012928,2023-04-28T11:31:25.000Z,"Essa Gleise é a bandida da lista da Odebrecht né, a AMANTE!! #Amante #PTCorrupto",0,0,0,https://twitter.com/AlencarBraga13/status/1651293032598183936
Andrade Silva,@andradesilva01,https://twitter.com/andradesilva01/status/1651593147904827394,2023-04-27T14:24:26.000Z,"O sujo falando do mal lavado. Petistas e bolsonaristaz, duas faces da mesma moeda.",1,0,0,https://twitter.com/AlencarBraga13/status/1651293032598183936
profeta do caos.,@CrispimJr1,https://twitter.com/CrispimJr1/status/1651382894433017861,2023-04-27T00:28:57.000Z,coxa da amante ou amante da coxa???,0,0,0,https://twitter.com/AlencarBraga13/status/1651293032598183936
Fabio Ferreira,@fabinhoffb1,https://twitter.com/fabinhoffb1/status/1651638782616289281,2023-04-27T17:25:46.000Z,🤣🤣🤣🤣 mais e um quadrilha  mesmo esse PT,0,0,0,https://twitter.com/AlencarBraga13/status/1651293032598183936
zilda #foralula,@zildasiqueiram2,https://twitter.com/zildasiqueiram2/status/1651473080680607744,2023-04-27T06:27:19.000Z,A esquerdalha nunca aceitou o resultado de 2018. Vem pagar de quê? Hipócritas.,0,0,0,https://twitter.com/AlencarBraga13/status/1651293032598183936
alex alves,@alex_33alves,https://twitter.com/alex_33alves/status/1651353590458380289,2023-04-26T22:32:31.000Z,Lula ladrão.,0,0,1,https://twitter.com/AlencarBraga13/status/1651293032598183936
rinaldo400,@rinaldocobrador,https://twitter.com/rinaldocobrador/status/1651303203982409759,2023-04-26T19:12:18.000Z,JANONES NA CPMI JANONES NA CPMI JANONES NA CPMI,1,1,1,https://twitter.com/AlencarBraga13/status/1651293032598183936
André Nascimento,@andreluizdf,https://twitter.com/andreluizdf/status/1651363921700220931,2023-04-26T23:13:34.000Z,época boa do pt,0,0,1,https://twitter.com/AlencarBraga13/status/1651293032598183936
Marcio Sá,@SaS82155983,https://twitter.com/SaS82155983/status/1651381151590752256,2023-04-27T00:22:02.000Z,Que moral a amante da listra de proprina da Odebrecht tem kkkk,0,0,2,https://twitter.com/AlencarBraga13/status/1651293032598183936
"Beth de Brasília Democrata, esquerdista",@BethgirlBC,https://twitter.com/BethgirlBC/status/1651318472817664000,2023-04-26T20:12:58.000Z,Não tá dando pra aguentar assistir esses fascistas. Algo tem de ser feito. Não existe ética no parlamento? Será assim 4 anos? Não dá não...,1,0,0,https://twitter.com/AlencarBraga13/status/1651293032598183936
Débora Brasil,@Baptista3010,https://twitter.com/Baptista3010/status/1651389691315339271,2023-04-27T00:55:58.000Z,A fake News das joias sra Odebrecht @gleisi,0,0,0,https://twitter.com/AlencarBraga13/status/1651293032598183936
Luiz Gustavo,@LuizGus38663117,https://twitter.com/LuizGus38663117/status/1651369094640271367,2023-04-26T23:34:07.000Z,Esse aí não é tal da AMANTE da lista de propinas da Odebrech??,0,0,0,https://twitter.com/AlencarBraga13/status/1651293032598183936
Fatinha,@turcadoce,https://twitter.com/turcadoce/status/1651515748324352002,2023-04-27T09:16:52.000Z,Os desperdícios do dinheiro público ninguém fala né..,0,0,0,https://twitter.com/AlencarBraga13/status/1651293032598183936
Roder Rock,@RoderRock,https://twitter.com/RoderRock/status/1651593659802873856,2023-04-27T14:26:28.000Z,A turma da esquerda é a representante legitima do #nazifascismo brazuca que assaltou o poder da república em 2023. Essa gente mentirosa e corrupta tenta implantar o 3º Reich usando Lula e outros cínicos e mentirosos que engam a turba ignara com videos e falas vazias.,0,0,0,https://twitter.com/AlencarBraga13/status/1651293032598183936
Roder Rock,@RoderRock,https://twitter.com/RoderRock/status/1651594574333132802,2023-04-27T14:30:06.000Z,"Os gestos, a voz, a mentira fácil. Não lembra uma #JosephGoebbels de saia?
A esquerda brazuca é #nazifascista e junto com o STF tenta implantar um regime de força, perseguição e censura.",0,0,0,https://twitter.com/AlencarBraga13/status/1651293032598183936
Raquél Souza |Marketing e Vendas,@mktraquelsouza,https://twitter.com/mktraquelsouza/status/1651364068891021312,2023-04-26T23:14:09.000Z,"chora petezada .....A CASA CAIU
O LADRAO COLOCOU ATÉ FOTOGRAFO PROFISSIONAL
TUDO FACILITADO",0,0,0,https://twitter.com/AlencarBraga13/status/1651293032598183936
Andre Oliveira,@AndreOl32742486,https://twitter.com/AndreOl32742486/status/1651620661868081152,2023-04-27T16:13:46.000Z,"Pt sim é uma quadrilha que sabemos os presos da lava jato e investigados 98 % são do pt ,o bandido solto e o lula e não a família do mito , não existe na família Bolsonaro alguém que foi preso ,agora no pt ,quase todos cometeram crimes",0,0,0,https://twitter.com/AlencarBraga13/status/1651293032598183936
Tatú do bem,@TConec,https://twitter.com/TConec/status/1651450224538157056,2023-04-27T04:56:30.000Z,A amante falando de corrupção é muito piada mesmo. Renan Calheiros de saia.,0,0,0,https://twitter.com/AlencarBraga13/status/1651293032598183936
Digodine,@Rblls09,https://twitter.com/Rblls09/status/1651420290080022528,2023-04-27T02:57:33.000Z,Acorda ladrão,0,0,0,https://twitter.com/AlencarBraga13/status/1651293032598183936
sérgio moura,@srgiomo83243543,https://twitter.com/srgiomo83243543/status/1651499128264818688,2023-04-27T08:10:50.000Z,"A amante tá a fim do Eduardo, só pode! Kkkk",0,0,0,https://twitter.com/AlencarBraga13/status/1651293032598183936
Vera lucia Castelao silva,@VLCastelao,https://twitter.com/VLCastelao/status/1651371934624493568,2023-04-26T23:45:24.000Z,Ridícula,0,0,0,https://twitter.com/AlencarBraga13/status/1651293032598183936
Alecio De Moraes,@alecio_demoraes,https://twitter.com/alecio_demoraes/status/1651600502730137604,2023-04-27T14:53:39.000Z,"Baixaria só o PT sabe fazer. Coxa, amante, lindinho e , outro na planilha da Odebrecht.  PT a mãe das facções criminosas no Brasil. Celso Daniel, toninho e outros, sabiam disso.",0,0,0,https://twitter.com/AlencarBraga13/status/1651293032598183936
Ney Britto,@nneybbritto,https://twitter.com/nneybbritto/status/1651560027705036802,2023-04-27T12:12:49.000Z,"Essa mulher é uma narja, não vale nada. Infelizmente o TSE nomeou esses ladrões pra governar nosso país.",0,0,0,https://twitter.com/AlencarBraga13/status/1651293032598183936
Deus é Soberano,@Antonia82142955,https://twitter.com/Antonia82142955/status/1651364596052025344,2023-04-26T23:16:15.000Z,Son ladrones y corruptos todos ustedes,0,0,0,https://twitter.com/AlencarBraga13/status/1651293032598183936
Fazuellen,@AnaFlister,https://twitter.com/AnaFlister/status/1651398784952197122,2023-04-27T01:32:06.000Z,Olha a fake News hein deputado?!,0,0,0,https://twitter.com/AlencarBraga13/status/1651293032598183936
motchel júnior,@Motchel18,https://twitter.com/Motchel18/status/1651382189458698242,2023-04-27T00:26:09.000Z,Pt é uma quadrilha e sempre será bandida. 😂😂,0,0,0,https://twitter.com/AlencarBraga13/status/1651293032598183936
Jesus Ricardo Munhoz,@jesus_munhoz,https://twitter.com/jesus_munhoz/status/1651585677388136451,2023-04-27T13:54:45.000Z,"Hummmmmmmm
Que povo honesto.",0,0,0,https://twitter.com/AlencarBraga13/status/1651293032598183936
clovis tavares,@clovistavares9,https://twitter.com/clovistavares9/status/1651608633245945857,2023-04-27T15:25:58.000Z,"Se o Brasil fosse um país sério, o PT deveria ser cassado.",0,0,0,https://twitter.com/AlencarBraga13/status/1651293032598183936
Gilvan Nobrega Jr,@Nobr3gaJr,https://twitter.com/Nobr3gaJr/status/1651416664880078850,2023-04-27T02:43:09.000Z,Amante ou Coxa ?   Quando esse inquérito vai andar no @STF_oficial  ?,0,0,1,https://twitter.com/AlencarBraga13/status/1651293032598183936
@meumundodovinho,@meumundodovinho,https://twitter.com/michael_rismo/status/1651320817077088262,2023-04-26T20:22:17.000Z,"Ela que explique o mensalão, petrolão",0,0,2,https://twitter.com/AlencarBraga13/status/1651293032598183936
Jose,@Jose825588491,https://twitter.com/Jose825588491/status/1651382067614085122,2023-04-27T00:25:40.000Z,Partido de corruptos,0,0,1,https://twitter.com/AlencarBraga13/status/1651293032598183936
RCRON,@RCRON8,https://twitter.com/RCRON8/status/1651391380902539265,2023-04-27T01:02:41.000Z,#LulaNaCadeia !!!!!!!!!!!!!,0,0,1,https://twitter.com/AlencarBraga13/status/1651293032598183936
RioDeJaneiroBrasil2022,@RBrasil2022,https://twitter.com/RBrasil2022/status/1651500817009049601,2023-04-27T08:17:32.000Z,#impeachmentLula #lulaLadra0 #lulanaofoieleitopelopovo #foraComunistas,0,0,0,https://twitter.com/AlencarBraga13/status/1651293032598183936
LulistaPetista,@LulistaPetista,https://twitter.com/LulistaPetista/status/1651316641089609728,2023-04-26T20:05:41.000Z,Passaram mais de 02 meses e  @AdvocaciaGeral não apresentou relatório a @LulaOficial sobre a privatização da Eletrobras#ReestatizaEletrobrasJá #LulaOBrasilEoMundoRespeitam#BolsonaroNaCadeia@gleisi @Glauber_Braga @AlencarBraga13 @erikakokay @ColetivoCNE@zeca_dirceu .,0,0,0,https://twitter.com/AlencarBraga13/status/1651293032598183936
DrHeber Andrade,@DrHeberAndrade7,https://twitter.com/DrHeberAndrade7/status/1651583276811792384,2023-04-27T13:45:12.000Z,"EXCEPCIONAL!Miranda Priestly avalia em primeira mão os ATOS  ANTI ESTÉTICOS do desgoverno.
BRIGA DE 😈",0,0,0,https://twitter.com/AlencarBraga13/status/1651293032598183936
Assis.,@assis_supwave,https://twitter.com/assis_supwave/status/1651358888418070529,2023-04-26T22:53:34.000Z,"Censura chegou. 
Imposto Sindical também.
Em maio tem Rs 18 Reais de aumento
e vou pagar imposto de Renda.
E ainda vou comer abóbora no lugar de picanha.
""Fiz o L para isso"" 👏🏼👏🏼👏🏼",0,0,0,https://twitter.com/AlencarBraga13/status/1651293032598183936
Andrea de Souza Barbosa,@AndreaDeSouzaB4,https://twitter.com/AndreaDeSouzaB4/status/1651655865810706434,2023-04-27T18:33:39.000Z,🤣🤣🤣🤣🤣🤣🤣,0,0,0,https://twitter.com/AlencarBraga13/status/1651293032598183936
ana cristina schneider DEUS ACIMA DE TUDO,@anacristinasc14,https://twitter.com/anacristinasc14/status/1651425702560821253,2023-04-27T03:19:04.000Z,ESPALHA FECKES É CRIME   VC DEVERIA SABER  IDOTA DE ESQUERDA,0,0,0,https://twitter.com/AlencarBraga13/status/1651293032598183936
EDUARDO RIBEIRO DIAS,@dudurdias130280,https://twitter.com/dudurdias130280/status/1651315352876244998,2023-04-26T20:00:34.000Z,ii a narizinho ta descontrolada kkkkk,0,0,0,https://twitter.com/AlencarBraga13/status/1651293032598183936
Danilo Julião,@DaniloJulliao,https://twitter.com/DaniloJulliao/status/1651401154633383936,2023-04-27T01:41:31.000Z,"Toda classe esquerdistas estão desesperados 🤣🤣🤣 Pavor tomando de conta por causa de uma CPMI que o próprio Governo fez de tudo para não ter. Colocou sigilo, ofereceu 60 milhões, cargos nas estatais e secretaria 🤣🤣🤣CASA CAIU! ☠️☠️☠️☠️",0,0,0,https://twitter.com/AlencarBraga13/status/1651293032598183936
Sem paciência pra Narrativas,@Lucas7300811937,https://twitter.com/Lucas7300811937/status/1651402567136718851,2023-04-27T01:47:08.000Z,@AlencarBraga13  fanfarrão iremos derrubar toda chapa se preparem. Brasileiros pelo Mumdo,0,0,0,https://twitter.com/AlencarBraga13/status/1651293032598183936
Alyne,@dilua_lovegood3,https://twitter.com/dilua_lovegood3/status/1651551542762143744,2023-04-27T11:39:06.000Z,"Vcs querem falar sobre jóias?
Gado que fala? 🤔",0,0,0,https://twitter.com/AlencarBraga13/status/1651293032598183936
Marco Daher,@MarcoDaher,https://twitter.com/MarcoDaher/status/1651416028809687047,2023-04-27T02:40:37.000Z,Quadrilha...,0,0,0,https://twitter.com/AlencarBraga13/status/1651293032598183936
Luiz Casagrande,@luizcasagra,https://twitter.com/luizcasagra/status/1651611066328137732,2023-04-27T15:35:38.000Z,"Ex-presidiario, chefe da quadrilha, maior ladrão e mentiroso do Brasil, julgado e condenado por 9 juízes em 3 instâncias a 12 anos de cadeia e por unanimidade 9 x 0, faltam cumprir 10 anos de cadeia.",0,0,0,https://twitter.com/AlencarBraga13/status/1651293032598183936
Junior Brasileiro e patriota.,@JoseGonalvesJu1,https://twitter.com/JoseGonalvesJu1/status/1651546810530381828,2023-04-27T11:20:18.000Z,"Lula é um ladrão, corrupto, mentiroso, canalha e ditador.",0,0,0,https://twitter.com/AlencarBraga13/status/1651293032598183936
Janaína Santos,@JanaSantosjaism,https://twitter.com/JanaSantosjaism/status/1651366044332707843,2023-04-26T23:22:00.000Z,Governo do presidente @lulaoficial trabalhando para reconstruir o brasil! #LulaGovernoDeInclusao #LulaCemDiasDeTrabalhoEAmor #LulaPresidente #LulaSempreFoiInocente #LulaOBrasilEoMundoRespeitam❤️❤️❤️ #LulaOMelhorPresidenteDoBrasil #UniaoeReconstrução #OBrasilVoltou,0,0,0,https://twitter.com/AlencarBraga13/status/1651293032598183936
Frederico Ramos,@FredericoRamoss,https://twitter.com/FredericoRamoss/status/1651414298835517442,2023-04-27T02:33:45.000Z,"Mentir em discurso internacional, se enquadra como Fake News, nos moldes do PL 2630?

Fala do Lula na Espanha:
“A ONU era tão forte que, em 1948, conseguiu criar o Estado de Israel. Em 2023, não consegue criar o Estado palestino”.#PL2630Nao #PLdaCensuraNao",0,0,0,https://twitter.com/AlencarBraga13/status/1651293032598183936
Cicero Sousa,@Cicerotelecom,https://twitter.com/Cicerotelecom/status/1651487832895115265,2023-04-27T07:25:57.000Z,"kkkkk
de novo isso o PT é quadrilha sim e não é Junina não, teve seu maior nome preso e outros muitos com ele kkkkk
bandidagem é mato no PT",0,0,0,https://twitter.com/AlencarBraga13/status/1651293032598183936
João Rodrigues Baia,@BaiaRodrigues,https://twitter.com/BaiaRodrigues/status/1651619835804000256,2023-04-27T16:10:29.000Z,LULA NÃO entende PORTUGUÊS e passa VERGONHA na EUROPA,0,0,0,https://twitter.com/AlencarBraga13/status/1651293032598183936
Ivoneprof,@profindig,https://twitter.com/profindig/status/1651308230482460726,2023-04-26T19:32:16.000Z,Baixaria e com o pt e como vai os projetos  para GUARULHOS????,0,1,2,https://twitter.com/AlencarBraga13/status/1651293032598183936
Ivoneprof,@profindig,https://twitter.com/profindig/status/1651308707534217217,2023-04-26T19:34:10.000Z,Aí volta de um mês  de salário  para os amigos CONTRIBUIÇÃO  SINDICAL DE VOLTA ! PARTIDO DOS TRABALHADORES!,0,0,0,https://twitter.com/AlencarBraga13/status/1651293032598183936
