nome,usuario,idTweet,dataPublicacao,texto,replies,retweets,likes,tweetPai
Regis Filosofia,@ReginaldoFiloso,https://twitter.com/ReginaldoFiloso/status/1651434686873305088,2023-04-27T03:54:46.000Z,"Se não fosse a Globo, Bolsoasno nunca teria sido eleito",0,0,0,https://twitter.com/cabogilberto/status/1651405364397522946
Beto,@Beto35332927,https://twitter.com/Beto35332927/status/1651606858195410944,2023-04-27T15:18:55.000Z,Aprendeu com genocida🤣,0,0,0,https://twitter.com/cabogilberto/status/1651405364397522946
TcHeLLo,@markintchello,https://twitter.com/markintchello/status/1651410371058466824,2023-04-27T02:18:08.000Z,Tem somente 17 anos que não vejo a #globolixo,0,0,1,https://twitter.com/cabogilberto/status/1651405364397522946
Marlene rdl,@MarleneRdl,https://twitter.com/MarleneRdl/status/1652293014931271680,2023-04-29T12:45:27.000Z,Si todos q conhece a verdade desliga esse canal era uma vez ....tem 6 anos q não perco meu tempo vendo tv 📺🇧🇷 só uso internet 🛜🤣🤣🤣😜,0,0,0,https://twitter.com/cabogilberto/status/1651405364397522946
Desmentindo os Canhotos,@Cristia85545350,https://twitter.com/Cristia85545350/status/1651736842071318531,2023-04-27T23:55:25.000Z,"A globo não quer e nunca quis o bem do país, ela só pensa em tirar proveito do que o sistema tem a oferecer.",0,0,0,https://twitter.com/cabogilberto/status/1651405364397522946
Fran,@fffranciisca,https://twitter.com/fffranciisca/status/1651505976028061699,2023-04-27T08:38:02.000Z,"Não assisto a mais de 10 anos , mas essa #Globolixo sempre foi assim , por isso está pagando caro 🙏🏻",0,0,5,https://twitter.com/cabogilberto/status/1651405364397522946
Morcego inconformado,@BiolBolf,https://twitter.com/BiolBolf/status/1651549772321308672,2023-04-27T11:32:04.000Z,Kkkkk chóra!!!,0,0,0,https://twitter.com/cabogilberto/status/1651405364397522946
Ronaldo,@Ronaldo96655011,https://twitter.com/Ronaldo96655011/status/1651435587650322432,2023-04-27T03:58:20.000Z,Bem feito vcs lambiam saco da globosta.,0,0,0,https://twitter.com/cabogilberto/status/1651405364397522946
Luciano C. Queiroz,@panteradovale,https://twitter.com/panteradovale/status/1651672153513775104,2023-04-27T19:38:22.000Z,Não cansa de passar vergonha? Essa emissora não é aquela que o Presidente Bolsonaro renovou a concessão do apagar das luzes?,0,0,0,https://twitter.com/cabogilberto/status/1651405364397522946
Margarete Alixandre,@alixandre_megui,https://twitter.com/alixandre_megui/status/1651412962148491264,2023-04-27T02:28:26.000Z,Faz anos que não assisto a #GloboLixo,0,0,1,https://twitter.com/cabogilberto/status/1651405364397522946
FRANCO,@rsf0000_franco,https://twitter.com/rsf0000_franco/status/1651600151826296832,2023-04-27T14:52:16.000Z,"23:59 bolsonaristas queremos globo falida 
00:00 bolsonaristas absurdo globo Demitir funcionário com câncer 🤣",0,0,0,https://twitter.com/cabogilberto/status/1651405364397522946
Clerto Alves,@portalhistoria,https://twitter.com/portalhistoria/status/1651504173257576448,2023-04-27T08:30:53.000Z,"A extrema-direita e parte da direita q aderiu ao bolsonarismo, seja por conveniência, seja por defender as mesmas ideias estúpidas, estão enlouquecidos com o PL 2630! Nesse caso, é natural! Essa gente vive e se alimenta d mentiras, fake news, distorção dos fatos... pior pra eles!",0,0,1,https://twitter.com/cabogilberto/status/1651405364397522946
Jeferson Brasil,@Jeff857802501,https://twitter.com/Jeff857802501/status/1651419602927120385,2023-04-27T02:54:49.000Z,Não assisto a anos...,0,0,0,https://twitter.com/cabogilberto/status/1651405364397522946
