nome,usuario,idTweet,dataPublicacao,texto,replies,retweets,likes,tweetPai
Gabriela,@Gabriel72894728,https://twitter.com/Gabriel72894728/status/1651749812876845061,2023-04-28T00:46:58.000Z,#CPMI08DEJANEIROJÁ,0,0,1,https://twitter.com/adriventurasp/status/1651632301330112525
Mordomia_SC,@MORDOMIA_SC,https://twitter.com/MORDOMIA_SC/status/1651633797761310723,2023-04-27T17:05:57.000Z,"Deputada, como um partido como o NOVO, teve a pachorra de aceitar a filiação do senador Girão?? um tremendo ""maria-vai-com-as-outras"", desde sempre, NÃO tem nada a ver com as diretrizes e o estatuto do partido. JÁ deveria estar em curso, o processo de expulsão.",1,0,0,https://twitter.com/adriventurasp/status/1651632301330112525
Nelson Zornitta #StopPutin,@NelsonZornitta,https://twitter.com/NelsonZornitta/status/1651635046204203008,2023-04-27T17:10:55.000Z,A outra opção é terminar numa estante.,0,0,0,https://twitter.com/adriventurasp/status/1651632301330112525
Sol,@GraceFl66090246,https://twitter.com/GraceFl66090246/status/1651663789199093781,2023-04-27T19:05:08.000Z,Importantíssimo! 🙏,0,0,0,https://twitter.com/adriventurasp/status/1651632301330112525
willian,@willian60155508,https://twitter.com/willian60155508/status/1651637226458030093,2023-04-27T17:19:35.000Z,"Isso aí pra cima deles , esse é o jogo bom de se ganhar .
Perder não é opção pra vocês é ganhar ou ganhar !",0,0,0,https://twitter.com/adriventurasp/status/1651632301330112525
Vinicius #Vasco #FazoL,@ViniciusAcioly3,https://twitter.com/ViniciusAcioly3/status/1651768781905985538,2023-04-28T02:02:20.000Z,Que todos os que incentivaram e fibanciaram os terroristas tenham o mandato cassado e sejam presos.,0,0,0,https://twitter.com/adriventurasp/status/1651632301330112525
Marcelo Laprano,@Mlaprano,https://twitter.com/Mlaprano/status/1651670804386443282,2023-04-27T19:33:00.000Z,Muitas mãos já foram azeitadas. Será difícil. O Voo da alegria cumpriu seu papel,0,0,0,https://twitter.com/adriventurasp/status/1651632301330112525
FePonto -Em 22 escolha bem para o Congresso,@FeimperioLima,https://twitter.com/FeimperioLima/status/1651660906391019553,2023-04-27T18:53:41.000Z,"Isso, deputada com todos os golpistas e financiadores devidamente processados, ne?",0,0,1,https://twitter.com/adriventurasp/status/1651632301330112525
CRIS ALM,@crisalm54033431,https://twitter.com/crisalm54033431/status/1651642245991346178,2023-04-27T17:39:32.000Z,Força aí!,0,0,0,https://twitter.com/adriventurasp/status/1651632301330112525
Teca :A indignada com a Corrupção,@tecactba,https://twitter.com/tecactba/status/1651642599462019085,2023-04-27T17:40:56.000Z,Exatamente.💪,0,0,0,https://twitter.com/adriventurasp/status/1651632301330112525
Gabriela,@Gabriel72894728,https://twitter.com/Gabriel72894728/status/1651749348135321602,2023-04-28T00:45:07.000Z,#CPMI08dejaneiroja,1,0,1,https://twitter.com/adriventurasp/status/1651632301330112525
