nome,usuario,idTweet,dataPublicacao,texto,replies,retweets,likes,tweetPai
Zeca,@Zeca_ITPV,https://twitter.com/Zeca_ITPV/status/1652044873703235587,2023-04-28T20:19:26.000Z,"Nossa, requentando assunto ?",0,0,0,https://twitter.com/cabogilberto/status/1651925800218681345
jeferson souza,@souzafefo,https://twitter.com/souzafefo/status/1651937031855960064,2023-04-28T13:10:54.000Z,"Se a CPI do circo não deu em nada ,o STF nada fez ,virou pizza 🍕..
Bem vindo a xandaquistão......
Mais o Bolsonaro que deu liberdade ao médico...ah esse é genocida (segundo o consórcio)
O amor venceu...",0,0,0,https://twitter.com/cabogilberto/status/1651925800218681345
Celso Gomes,@celsosa42011078,https://twitter.com/celsosa42011078/status/1651931616208453633,2023-04-28T12:49:23.000Z,"Estão falando menos, deputado?",0,0,0,https://twitter.com/cabogilberto/status/1651925800218681345
