nome,usuario,idTweet,dataPublicacao,texto,replies,retweets,likes,tweetPai
Graça Galvão,@GracaMGalvao1,https://twitter.com/GracaMGalvao1/status/1651738763540721665,2023-04-28T00:03:03.000Z,A defasagem é imensa deve continuar sendo corrigido com percentuais substanciosos...,0,0,0,https://twitter.com/BohnGass/status/1651737030064238593
Luiz Portinho,@lcportinho,https://twitter.com/lcportinho/status/1651772838120939521,2023-04-28T02:18:27.000Z,"🔴✊✊🏿 vamo que vamo 
Valorização do salário mínimo e criação de empregos com carteira assinada",0,1,3,https://twitter.com/BohnGass/status/1651737030064238593
Marcelo Morce Dantas,@morcedantas,https://twitter.com/morcedantas/status/1652062485384511490,2023-04-28T21:29:25.000Z,Agora eu tenho certeza que vocês acham que o #Brasil só tem trouxa.,0,0,0,https://twitter.com/BohnGass/status/1651737030064238593
