nome,usuario,idTweet,dataPublicacao,texto,replies,retweets,likes,tweetPai
FIES SEM TETO @fiessemteto,FIES SEM TETO @fiessemteto,https://twitter.com/fiessemteto/status/1651317985250881539,2023-04-26T20:11:02.000Z,Os estudantes precisam do FIES SEM TETO com urgência 🆘🆘,0,0,0,https://twitter.com/AlencarBraga13/status/1651317227818188800
Francisco Hélio,@Franciscoanalua,https://twitter.com/Franciscoanalua/status/1652249188179013632,2023-04-29T09:51:18.000Z,Más e se o STF não revogar a liminar?,0,0,0,https://twitter.com/AlencarBraga13/status/1651317227818188800
Nina,@MonfradiniVivi,https://twitter.com/MonfradiniVivi/status/1651444614472032256,2023-04-27T04:34:13.000Z,"Você precisa de um tratamento urgente, porque Quem assinou o piso salarial  enfermeiros foi bolsonaro.",0,0,0,https://twitter.com/AlencarBraga13/status/1651317227818188800
Marisa victorio da silva,@victorio_marisa,https://twitter.com/victorio_marisa/status/1651324139829903381,2023-04-26T20:35:29.000Z,#pisodaenfermagem 🥼💉🚑 Vitória | Faz o L 👆😀✔️Faz o L! Vitória para os trabalhadores e trabalhadoras da enfermagem! O projeto que garante recursos para o pagamento do piso salarial da enfermagem foi aprovado. ✊🏽,0,0,0,https://twitter.com/AlencarBraga13/status/1651317227818188800
Assis.,@assis_supwave,https://twitter.com/assis_supwave/status/1651637382909763590,2023-04-27T17:20:12.000Z,Parabéns Bolsonaro.👏🏼👏🏼👏🏼,0,0,0,https://twitter.com/AlencarBraga13/status/1651317227818188800
Luiz Casagrande,@luizcasagra,https://twitter.com/luizcasagra/status/1651633499844091919,2023-04-27T17:04:46.000Z,Bolsonaro já tinha aprovado o piso salarial,0,0,1,https://twitter.com/AlencarBraga13/status/1651317227818188800
