nome,usuario,idTweet,dataPublicacao,texto,replies,retweets,likes,tweetPai
Fabiola,@Fabiola_Latino,https://twitter.com/Fabiola_Latino/status/1651585897463152641,2023-04-27T13:55:37.000Z,Muito obrigada @AlencarBraga13 por defender a maior empresa de energia elétrica da América Latina que foi dada ao mercado financeiro só para especulação. Seguiremos... #ReestatizaEletrobrasJá,2,6,18,https://twitter.com/AlencarBraga13/status/1651555567545069571
Marisa victorio da silva,@victorio_marisa,https://twitter.com/victorio_marisa/status/1651564454868393985,2023-04-27T12:30:25.000Z,"#ReestatizaEletrobrasJá 📃FPM Instalada⭐✊✔️ Depois de muita luta e debate, a Frente Parlamentar foi instalada.
Sempre apoiei a reestatização da Eletrobrás e esse é mais um importante passo para que a empresa volte para o Brasil e para o povo brasileiro
Parabéns CNE - +",3,1,14,https://twitter.com/AlencarBraga13/status/1651555567545069571
AngeladeCamposSalles 4a conta,@aline_csalles,https://twitter.com/aline_csalles/status/1652034530633457664,2023-04-28T19:38:20.000Z,"Nossa ?????? De quem ????? Do povo que é pois o povo nunca viu um centavo dessas estatais no bolso.
Ah! Entendi esse ""é nossa"", trata-se dos políticos corruptos que roubam essas empresas...",1,1,0,https://twitter.com/AlencarBraga13/status/1651555567545069571
LOVE,@LOVEred1976,https://twitter.com/LOVEred1976/status/1653689750585221120,2023-05-03T09:15:35.000Z,Não será nada fácil tirar a Eletrobrás das mãos do Paulo Lemam,0,0,0,https://twitter.com/AlencarBraga13/status/1651555567545069571
Patricia Melo,@o_pmel,https://twitter.com/o_pmel/status/1651583048448712707,2023-04-27T13:44:18.000Z,Parabéns! Uma esperança para o povo brasileiro,0,2,6,https://twitter.com/AlencarBraga13/status/1651555567545069571
Tânia Lorenzzi,@lorenzzi_tania,https://twitter.com/lorenzzi_tania/status/1651589393050730497,2023-04-27T14:09:31.000Z,"Seguiremos firme na Luta! Contra os desmonte feitos no Brasil. Que retorne para o poder publico a maior empresa de energia limpa e renovável, pronta para contribuí com o desenvolvimento do país.",0,3,9,https://twitter.com/AlencarBraga13/status/1651555567545069571
Sobrinho_65,@Dalteir,https://twitter.com/Dalteir/status/1652057160694497285,2023-04-28T21:08:15.000Z,"Nessa velocidade que vão, se um dia conseguirem reverter não vão encontrar mais nem os lagos das usinas, imagine a memória técnica.",0,1,1,https://twitter.com/AlencarBraga13/status/1651555567545069571
Nalva Andrade,@NalvaAn9989017,https://twitter.com/NalvaAn9989017/status/1652054233070415876,2023-04-28T20:56:37.000Z,Show.👏👏👏#ReestatizaEletrobrasJá,0,0,0,https://twitter.com/AlencarBraga13/status/1651555567545069571
FNU/CNU - Urbanitários,@FNUCUT,https://twitter.com/FNUCUT/status/1651609367177834497,2023-04-27T15:28:53.000Z,Juntos na defesa do Brasil soberano!!! #ReestatizaEletrobras,0,5,10,https://twitter.com/AlencarBraga13/status/1651555567545069571
VLADIMIR BATISTA SANTIAGO,@VLADIMI58441679,https://twitter.com/VLADIMI58441679/status/1651728255366340613,2023-04-27T23:21:18.000Z,#LulaReestatizeEletrobrasjá,0,2,7,https://twitter.com/AlencarBraga13/status/1651555567545069571
Qwerp,@Qwerp67823972,https://twitter.com/Qwerp67823972/status/1652106570673659910,2023-04-29T00:24:35.000Z,Parabéns deputado. Infelizmente o Lula não está tendo a mesma coragem. O MME está lotado de privatistas.,1,1,3,https://twitter.com/AlencarBraga13/status/1651555567545069571
Vitor Sarno é 134,@vitorsarno,https://twitter.com/vitorsarno/status/1651797459444682753,2023-04-28T03:56:17.000Z,Parabéns deputado e demais companheiros!,0,0,1,https://twitter.com/AlencarBraga13/status/1651555567545069571
Fernando Marques,@fernand39435543,https://twitter.com/fernand39435543/status/1651895331007725569,2023-04-28T10:25:12.000Z,"Como planejam pagar oque foi pago de volta , levando em conta que o Bozo gasto o dinheiro pra tenta se reeleger e ainda perdeu ?",0,0,0,https://twitter.com/AlencarBraga13/status/1651555567545069571
Lucena.jr,@JrWaldez,https://twitter.com/JrWaldez/status/1651777649084096516,2023-04-28T02:37:34.000Z,A Eletrobras voltando pro povo brasileiro. #LulaReestatizaEletrobrasJá @AlencarBraga13 @erikakokay @erikakokay @costa_rui @gleisi @LulaOficial @SalveAEnergia,0,3,5,https://twitter.com/AlencarBraga13/status/1651555567545069571
Lucena.jr,@JrWaldez,https://twitter.com/JrWaldez/status/1651780470919639040,2023-04-28T02:48:47.000Z,#ReestatizaEletrobrasJá,0,1,3,https://twitter.com/AlencarBraga13/status/1651555567545069571
Sandro Jucão,@Jucones,https://twitter.com/Jucones/status/1652033090926026759,2023-04-28T19:32:36.000Z,Reestatização da Eletrobras já!,0,0,1,https://twitter.com/AlencarBraga13/status/1651555567545069571
Marisa victorio da silva,@victorio_marisa,https://twitter.com/victorio_marisa/status/1651564802257321984,2023-04-27T12:31:48.000Z,"Coletivo Nacional dos Eletricitários

A Eletrobras é Nossa!⭐✊🇧🇷😀",0,1,8,https://twitter.com/AlencarBraga13/status/1651555567545069571
CrisVia,@CrisVia13,https://twitter.com/CrisVia13/status/1651697258516082688,2023-04-27T21:18:08.000Z,Orgulho de quem luta pelo povo e pela soberania do país 🇧🇷. Parabéns deputado 👏🏻👏🏻! Bora retomar essa gigante do setor energético. Eletrobras é do povo brasileiro!#ReestatizaEletrobrasJá,3,4,8,https://twitter.com/AlencarBraga13/status/1651555567545069571
Lu2022,@rodrigosilvapd1,https://twitter.com/rodrigosilvapd1/status/1651597579229044744,2023-04-27T14:42:02.000Z,"Vamos a luta deputado Alencar!
a Eletrobras é nossa!",0,1,5,https://twitter.com/AlencarBraga13/status/1651555567545069571
Roseanne Maria #ReestatizaEletrobras,@roseanne_leao,https://twitter.com/roseanne_leao/status/1651614812902662146,2023-04-27T15:50:31.000Z,O patrimônio do povo tem que voltar para seu dono! Viva a Eletrobrás Pública! #ReestatizaEletrobrasJá,0,3,10,https://twitter.com/AlencarBraga13/status/1651555567545069571
Reestatiza Eletrobras,@ReestatizaEletr,https://twitter.com/ReestatizaEletr/status/1654695726419509249,2023-05-06T03:52:58.000Z,@erikakokay @Glauber_Braga @gleisi @AlencarBraga13 @LulaOficial @JanjaLula Vamos #ReestatizaEletrobrasJá @SalveAEnergia,0,0,0,https://twitter.com/AlencarBraga13/status/1651555567545069571
Mic357,@MichelBSMC,https://twitter.com/MichelBSMC/status/1651911754140590081,2023-04-28T11:30:27.000Z,"Uma luta que visa a volta da venda de cargos na eletrobrás, tudo para poder colocar os pelegos amigos do PT em cargos para troca de favores!! #PTCorrupto",0,0,0,https://twitter.com/AlencarBraga13/status/1651555567545069571
Professor Lamon Nunes,@lamon_nunes,https://twitter.com/lamon_nunes/status/1651907076006850561,2023-04-28T11:11:52.000Z,O objetivo é manter as estatais nas mãos de vagabundos.,0,0,0,https://twitter.com/AlencarBraga13/status/1651555567545069571
Orlando Souza de Almeida Junior,@OrlandoSouzad10,https://twitter.com/OrlandoSouzad10/status/1651739649935638528,2023-04-28T00:06:35.000Z,"#EletrobrasPublicaValeALuta 
AGU vai ter condições de fundamentar sua sua tese e Restituir a Eletrobrás para os brasileiros. A Frente Parlamentar com apoio dos Movimentos Sociais e Sinicais fará com CNE e seus Dirigentes a diferença nesta Luta incansável dos Eletricitários.",0,1,3,https://twitter.com/AlencarBraga13/status/1651555567545069571
Felipe Araújo,@F_ARAUJO_F,https://twitter.com/F_ARAUJO_F/status/1651586509697417216,2023-04-27T13:58:03.000Z,Muito obg por ser um defensor do nosso povo!! A Eletrobras retornará ao controle do seu verdadeiro dono o povo brasileiro! #ReestatizaEletrobrasJá,0,2,12,https://twitter.com/AlencarBraga13/status/1651555567545069571
Costa Filho,@CostaFilhoAdv,https://twitter.com/CostaFilhoAdv/status/1651918567267348481,2023-04-28T11:57:32.000Z,Palhaços.,0,0,0,https://twitter.com/AlencarBraga13/status/1651555567545069571
José Luiz,@jluizfagundes1,https://twitter.com/jluizfagundes1/status/1652861364891705346,2023-05-01T02:23:52.000Z,Dá para arrumar quantas boquinhas para os cumpanheiros?,0,0,0,https://twitter.com/AlencarBraga13/status/1651555567545069571
Orlando Souza de Almeida Junior,@OrlandoSouzad10,https://twitter.com/OrlandoSouzad10/status/1651739945692798976,2023-04-28T00:07:45.000Z,"#EletrobrasPublicaValeALuta 
AGU vai ter condições de fundamentar sua sua tese e Restituir a Eletrobrás para os brasileiros. A Frente Parlamentar com apoio dos Movimentos Sociais e Sindicais fará com CNE e seus Dirigentes a diferença nesta Luta incansável dos Eletricitários.",1,1,4,https://twitter.com/AlencarBraga13/status/1651555567545069571
CARLOS MAGNO,@cmagno_if,https://twitter.com/cmagno_if/status/1654560276283367431,2023-05-05T18:54:44.000Z,Reestatiza já,0,0,0,https://twitter.com/AlencarBraga13/status/1651555567545069571
LulistaPetista,@LulistaPetista,https://twitter.com/LulistaPetista/status/1651574875763490818,2023-04-27T13:11:49.000Z,Passaram mais de 02 meses e  @AdvocaciaGeral não apresentou relatório a @LulaOficial sobre a privatização da Eletrobras#ReestatizaEletrobrasJá #LulaOBrasilEoMundoRespeitam#OBrasilVoltou@gleisi @Glauber_Braga @AlencarBraga13 @erikakokay @ColetivoCNE@zeca_dirceu .,0,1,5,https://twitter.com/AlencarBraga13/status/1651555567545069571
LulistaPetista,@LulistaPetista,https://twitter.com/LulistaPetista/status/1652087518832074753,2023-04-28T23:08:53.000Z,Passaram mais de 02 meses e  @AdvocaciaGeral não apresentou relatório a @LulaOficial sobre o processo de privatização da Eletrobras.#ReestatizaEletrobrasJá #LulaCPMIdaVerdade @gleisi @Glauber_Braga @AlencarBraga13 @erikakokay @ColetivoCNE@asilveiramg@zeca_dirceu .,0,0,0,https://twitter.com/AlencarBraga13/status/1651555567545069571
Pedro Prieto,@Pprieto2Prieto,https://twitter.com/Pprieto2Prieto/status/1651754795470864389,2023-04-28T01:06:46.000Z,@LulaOficial @Haddad_Fernando @costa_rui @gleisi @FlavioDino @dilmabr @Glauber_Braga @GuilhermeBoulos @alxlindenmeyer @BohnGass salvem o Brasil salvem a Eletrobrás do crime de Lesa Pátria. #ReestatizaEletrobrasJá,1,2,5,https://twitter.com/AlencarBraga13/status/1651555567545069571
Edson Luiz,@Edsonbritonatal,https://twitter.com/Edsonbritonatal/status/1651878385809866753,2023-04-28T09:17:52.000Z,#EletrobrasNaoÉAmericanas #DevolvamAEletrobras #EletrobrasPublicaJá #LulaReestatizaEletrobrasJá #ELETROBRÁSPUBLICA @LulaOficial @gleisi @Glauber_Braga @Haddad_Fernando @padilhando @costa_rui @senadorjean @uczai @senadorhumberto @JanjaLula,0,1,1,https://twitter.com/AlencarBraga13/status/1651555567545069571
Carrancudo,@carrancaenergia,https://twitter.com/carrancaenergia/status/1651737001010290689,2023-04-27T23:56:03.000Z,Obrigado pelo apoio na luta deputado!#ReestatizaEletrobrasJá,1,1,4,https://twitter.com/AlencarBraga13/status/1651555567545069571
Shirley,@ShiPaty,https://twitter.com/ShiPaty/status/1651674094490775563,2023-04-27T19:46:05.000Z,"""LULA REVOGUE O DECRETO 11307/2022"".",0,0,2,https://twitter.com/AlencarBraga13/status/1651555567545069571
Marco Daher,@MarcoDaher,https://twitter.com/MarcoDaher/status/1651919668221706242,2023-04-28T12:01:54.000Z,"CARACA, JÁ VI POVO BURRO MAS IGUAL A ESQUERDISTA TÁ PRA NASCER... QUEREM ENGORDAR AS DESPESAS DO GOVERNO PRA CRIAR CABIDES DE EMPREGO E FACILITAR AS CORRUPÇÕES... TRISTE VER PESSOAS DESSE NÍVEL NO CONGRESSO DO BRASIL...",0,0,0,https://twitter.com/AlencarBraga13/status/1651555567545069571
Luiz Casagrande,@luizcasagra,https://twitter.com/luizcasagra/status/1651918480856195072,2023-04-28T11:57:11.000Z,"Ex-presidiario, chefe da quadrilha, maior ladrão e mentiroso do Brasil, julgado e condenado por 9 juízes em 3 instâncias a 12 anos de cadeia e por unanimidade 9 x 0, faltam cumprir 10 anos de cadeia.",0,0,0,https://twitter.com/AlencarBraga13/status/1651555567545069571
Luiz Casagrande,@luizcasagra,https://twitter.com/luizcasagra/status/1651918539396206592,2023-04-28T11:57:25.000Z,"Moro presidente da CPMI, Do Val relator",0,0,0,https://twitter.com/AlencarBraga13/status/1651555567545069571
Ivoneprof,@profindig,https://twitter.com/profindig/status/1651908644626210816,2023-04-28T11:18:06.000Z,VOCÊ  MODELO DESTE GOVERNO  SÓ  QUER SHOW  E NADA DE TRABALHAR,0,0,0,https://twitter.com/AlencarBraga13/status/1651555567545069571
