nome,usuario,idTweet,dataPublicacao,texto,replies,retweets,likes,tweetPai
Na Sasso,@nasasso,https://twitter.com/nasasso/status/1652125268113252353,2023-04-29T01:38:53.000Z,"Mas deputado, e o MST na mão do Salles. DO SALLES!",0,0,0,https://twitter.com/BohnGass/status/1652025163620204576
Laurindo Neto Castro,@LaurindoACNeto,https://twitter.com/LaurindoACNeto/status/1652649156563935234,2023-04-30T12:20:38.000Z,E esse vermelho na logomarca? Veio de qual parte da nossa bandeira?,0,1,1,https://twitter.com/BohnGass/status/1652025163620204576
GY_AM,@GI_MAO,https://twitter.com/GI_MAO/status/1652078191052218371,2023-04-28T22:31:49.000Z,🛫🛫🛫🛫🛫🛫🛫🛫,0,0,0,https://twitter.com/BohnGass/status/1652025163620204576
GY_AM,@GI_MAO,https://twitter.com/GI_MAO/status/1652079068622336000,2023-04-28T22:35:18.000Z,"Imagine se os juros estivessem mais baixo?
Fiz L, L de Lula, liberdade",0,0,0,https://twitter.com/BohnGass/status/1652025163620204576
JUAN,@JuanPabloCanel4,https://twitter.com/JuanPabloCanel4/status/1652056078790565897,2023-04-28T21:03:57.000Z,“Reajuste para servidores”. Só esqueceu de falar quais foram esses servidores… Os que já ganham bem pra caralho kkkkk,0,0,1,https://twitter.com/BohnGass/status/1652025163620204576
MHVL,@MHVL_A,https://twitter.com/MHVL_A/status/1652603540592902146,2023-04-30T09:19:22.000Z,kkkkkkkkkkkkkkkkkkkkkkkkkkkkkkkkkkkkkkkkkkkkkkkkkkkkkkkkkkkkkkkkkkkkkkkkkkkkkkkkkkkkkkkkkkkkkkkkkkkkkkkkkkkkkkkkkkkkkkkkkkkkkkkkkkkkkk mas vcs sao mt imbecis mesmo,0,0,0,https://twitter.com/BohnGass/status/1652025163620204576
LULAFLA!,@Carlo15557023,https://twitter.com/Carlo15557023/status/1652027943835541504,2023-04-28T19:12:09.000Z,TÔ DOIDÃO DE AMOR E FELICIDADE COM O GOVERNO LULA!🤩🦑1️⃣3️⃣⭐⭐⭐🚩🇧🇷🌎🕊️♥️🍀⚖️🫱🏿‍🫲🏻🙏🏽,0,0,0,https://twitter.com/BohnGass/status/1652025163620204576
