nome,usuario,idTweet,dataPublicacao,texto,replies,retweets,likes,tweetPai
hipertenso,@Hiperboiola,https://twitter.com/Hiperboiola/status/1652520585526648835,2023-04-30T03:49:44.000Z,"me diz uma coisa, por que os atos de 8 de janeiro podem ser considerados ""terroristas"", mas enquanto isso o MST faz a mesma coisa (em proporção até maior) e não acontece nada????",1,1,1,https://twitter.com/AlencarBraga13/status/1652441914489073668
Andre Miranda,@AndreMirandaNit,https://twitter.com/AndreMirandaNit/status/1652462301780254722,2023-04-29T23:58:08.000Z,"Vamos votar contra a censura!!!! Não esperamos nada diferente!!!!
Contamos com sua honestidade com o povo!!!!
Eleitor.",1,0,0,https://twitter.com/AlencarBraga13/status/1652441914489073668
Eduardo Fernandes,@Eduardo01104809,https://twitter.com/Eduardo01104809/status/1652687241481732096,2023-04-30T14:51:58.000Z,Ta parecendo convenção de bruxas!! Kkkkkk,0,0,0,https://twitter.com/AlencarBraga13/status/1652441914489073668
Marisa victorio da silva,@victorio_marisa,https://twitter.com/victorio_marisa/status/1652445258884497409,2023-04-29T22:50:25.000Z,"Mulheres na política hoje e sempre!⭐✊🏽✔️A luta a por um mundo mais justo, igualitário e fraterno é de todos nós. Mulheres na política hoje e sempre!✊🏽",0,0,0,https://twitter.com/AlencarBraga13/status/1652441914489073668
Mauricio Nascimento,@mauricio_dsg,https://twitter.com/mauricio_dsg/status/1652483031305781248,2023-04-30T01:20:30.000Z,Vote pela PL da censura e enterre sua carreira,0,0,1,https://twitter.com/AlencarBraga13/status/1652441914489073668
Fabio Olivare,@olivarefabi,https://twitter.com/olivarefabi/status/1652543673807040512,2023-04-30T05:21:29.000Z,💞😁💪👊👍😜👏👏👏,0,0,0,https://twitter.com/AlencarBraga13/status/1652441914489073668
