nome,usuario,idTweet,dataPublicacao,texto,replies,retweets,likes,tweetPai
Policarpo patriota 22,@PolicarpoCosta2,https://twitter.com/PolicarpoCosta2/status/1652288261992087553,2023-04-29T12:26:34.000Z,Mais médicos kkkkkkk,1,0,0,https://twitter.com/AlencarBraga13/status/1652281577567838210
Roberto Ferracciu,@RobertoFerracc2,https://twitter.com/RobertoFerracc2/status/1652284498690686976,2023-04-29T12:11:37.000Z,Voltou a semi escravidão trabalha 100% recebe 30%,1,0,0,https://twitter.com/AlencarBraga13/status/1652281577567838210
Sérgio Pelarin,@PelarinSergio,https://twitter.com/PelarinSergio/status/1652282439161585664,2023-04-29T12:03:26.000Z,"É saúde para os mais carentes, fiz o L p isso.",0,0,0,https://twitter.com/AlencarBraga13/status/1652281577567838210
Marisa victorio da silva,@victorio_marisa,https://twitter.com/victorio_marisa/status/1652295918987747329,2023-04-29T12:56:59.000Z,"✔️O programa Mais Médicos tem 99% de adesão dos municípios. Com o governo Lula, a saúde no Brasil voltou. Faz o L! 👆",0,0,0,https://twitter.com/AlencarBraga13/status/1652281577567838210
Tati,@tatiursal,https://twitter.com/tatiursal/status/1652286512602533895,2023-04-29T12:19:37.000Z,Faço o L com orgulho!!! LLLLLL,0,0,1,https://twitter.com/AlencarBraga13/status/1652281577567838210
Sandra,@MouraRisso,https://twitter.com/MouraRisso/status/1652477876334198785,2023-04-30T01:00:01.000Z,É só uma maneira de financiar a ditadura cubana. Quem garante que são realmente médicos? Nem o revalida fizeram.,0,0,0,https://twitter.com/AlencarBraga13/status/1652281577567838210
Marisa victorio da silva,@victorio_marisa,https://twitter.com/victorio_marisa/status/1652295737290510337,2023-04-29T12:56:16.000Z,"#Lula 😀⚕️ novo mais medicos voltou! #GovernoLula 😀com o governo Lula  - a saúde no Brasil voltou⚕️ #MaisMedicos⚕️ o Programa Mais Médicos tem 99% de adesão dos municípios 😀#saúde voltou!⚕️no governo Lula 
 #fazoL 👆😀#OBrasilVoltou um novo recomeço 😀😍+",0,0,0,https://twitter.com/AlencarBraga13/status/1652281577567838210
