nome,usuario,idTweet,dataPublicacao,texto,replies,retweets,likes,tweetPai
Mosca na Sopa,@ADRIANOSILVAAV1,https://twitter.com/ADRIANOSILVAAV1/status/1652308053545320448,2023-04-29T13:45:13.000Z,Os caminheiros foram enganados durante esses quatro anos de desgoverno Bolsonaro e da roubalheira da quadrilha Bolsonaro. Agora é o governo Lula trabalhando na reconstrução do Brasil e na retomada do desenvolvimento do país. Rumo a quinta economia mundial.,1,0,2,https://twitter.com/AlencarBraga13/status/1652301035723976704
Flávio Felipe,@FilipiFlavio,https://twitter.com/FilipiFlavio/status/1652308459348545536,2023-04-29T13:46:49.000Z,Preço do diesel 19% mais caro no Brasil do que a paridade internacional. E só cai 10%,0,0,0,https://twitter.com/AlencarBraga13/status/1652301035723976704
Igor Pöbel,@IgorPB3,https://twitter.com/IgorPB3/status/1652945295460761601,2023-05-01T07:57:23.000Z,https://www2.senado.leg.br/bdsf/bitstream/handle/id/512182/noticia.html?sequence=1…,0,0,0,https://twitter.com/AlencarBraga13/status/1652301035723976704
Marisa victorio da silva,@victorio_marisa,https://twitter.com/victorio_marisa/status/1652392673448263687,2023-04-29T19:21:27.000Z,"⭐✊Redução do diesel em quase 10% de uma tacada só! 
Caminhoneiro, você foi enganado! ⭐✊✔️Acabou a mamata da Petrobrás controlada por mafiosos e orientada para enriquecer ainda mais um punhado de acionistas que nunca pisaram no Brasil (junto com outros ligados às milícias +",0,0,0,https://twitter.com/AlencarBraga13/status/1652301035723976704
Marisa victorio da silva,@victorio_marisa,https://twitter.com/victorio_marisa/status/1652393142694428672,2023-04-29T19:23:19.000Z,bolsonarista),0,0,0,https://twitter.com/AlencarBraga13/status/1652301035723976704
LulistaPetista,@LulistaPetista,https://twitter.com/LulistaPetista/status/1652307755284283392,2023-04-29T13:44:01.000Z,Passaram mais de 02 meses e  @AdvocaciaGeral não apresentou relatório a @LulaOficial sobre o processo de privatização da Eletrobras.#ReestatizaEletrobrasJá #LulaCPMIdaVerdade @gleisi @Glauber_Braga @AlencarBraga13 @erikakokay @ColetivoCNE@asilveiramg@zeca_dirceu .,0,0,0,https://twitter.com/AlencarBraga13/status/1652301035723976704
