nome,usuario,idTweet,dataPublicacao,texto,replies,retweets,likes,tweetPai
Coronel Amaro (R1),@Amaro_Coronel,https://twitter.com/Amaro_Coronel/status/1652037944733999105,2023-04-28T19:51:54.000Z,"O Brasil voltou ter desemprego! AS TAXAS DE DESEMPREGO NÃO PARAM DE SUBIR! O BRASIL VOLTOU A PASSAR VERGONHA! O EX-PRESIDIÁRIO CULPOU A UCRÂNIA PELA GUERRA E OFENDEU ÀS DEMOCRACIAS OCIDENTAIS SE ALIANDO ÀS DITADURAS AGRESSORAS. VAIADO EM PORTUGAL, LEVOU MIJADA NA ESPANHA E DE… Mostrar mais",0,0,11,https://twitter.com/AlencarBraga13/status/1652030631570702337
Marisa victorio da silva,@victorio_marisa,https://twitter.com/victorio_marisa/status/1652051011060604930,2023-04-28T20:43:49.000Z,"#OBrasilVoltou ""um novo tempo"" 🎻🎶😀🇧🇷✔️Uma comparação simples: a economia com o 🤡 x a economia com o @LulaOficial ✊🏽",0,0,0,https://twitter.com/AlencarBraga13/status/1652030631570702337
JB,@BarbJanny,https://twitter.com/BarbJanny/status/1652365782389497856,2023-04-29T17:34:36.000Z,"O Brasil com LULADRÃO, descendo ladeira abaixo.",0,0,0,https://twitter.com/AlencarBraga13/status/1652030631570702337
Rivotrader,@rivotrader,https://twitter.com/rivotrader/status/1652070217512525828,2023-04-28T22:00:08.000Z,"Fale sobre os $12 mi que o seu patrão já gastou no cartão corporativo, nos 100 primeiros dias
Sobre os móveis milionários do palácio que a CanJa comprou e o seu amigo Rui Costa barrou uma parte",0,0,0,https://twitter.com/AlencarBraga13/status/1652030631570702337
Isac Calixto,@CalixtoIsac,https://twitter.com/CalixtoIsac/status/1652308193416970242,2023-04-29T13:45:46.000Z,"Isso durante a pandemia, certo?! E com Lula, qual pandemia justifica a criação de mais ministérios, aumento de gasto pelo estado?",0,0,0,https://twitter.com/AlencarBraga13/status/1652030631570702337
