nome,usuario,idTweet,dataPublicacao,texto,replies,retweets,likes,tweetPai
Dé,@de_lu_2003,https://twitter.com/de_lu_2003/status/1652045816465625088,2023-04-28T20:23:10.000Z,E eles falavam que em faculdade pública todo mundo vivia drogado,0,0,0,https://twitter.com/BohnGass/status/1652021049528074251
Galo,@Galosal7478,https://twitter.com/Galosal7478/status/1652157159314972674,2023-04-29T03:45:37.000Z,"Deputado eu vou lhe ajudar porque sua ignorância é sem precedente, o STF e STJ já pacificaram que o réu não pode produzir provas contra si, então  o ministro não pode exigir a senha de celulares. Alexandre de Morais age como justiceiro e não pra fazer justiça.",0,0,0,https://twitter.com/BohnGass/status/1652021049528074251
"Não sabendo que era certo, foi lá e errou.",@luipoa,https://twitter.com/luipoa/status/1652022043712339978,2023-04-28T18:48:42.000Z,Esses caras não têm remédio! 😂,0,0,0,https://twitter.com/BohnGass/status/1652021049528074251
Leque-Leque,@leque_leque,https://twitter.com/leque_leque/status/1652030584820998145,2023-04-28T19:22:39.000Z,Rindo muito para não chorar!,0,0,0,https://twitter.com/BohnGass/status/1652021049528074251
nina do pt,@ninadopt13,https://twitter.com/ninadopt13/status/1652050472558116864,2023-04-28T20:41:40.000Z,E TD terminando em 🍕,0,0,0,https://twitter.com/BohnGass/status/1652021049528074251
Luiz Saulo Lückmann,@SauloLuckmann,https://twitter.com/SauloLuckmann/status/1652128457189470209,2023-04-29T01:51:33.000Z,"e mentirosos, desonestos, corruptos.",0,0,0,https://twitter.com/BohnGass/status/1652021049528074251
Milva Vieito,@MilvaVieito,https://twitter.com/MilvaVieito/status/1652081794424922114,2023-04-28T22:46:08.000Z,"No fundo, quem estava chapado de verdade era o eleitor desse imbecil. E, pior, parece que muitos ainda continuam bem doidões.",0,0,0,https://twitter.com/BohnGass/status/1652021049528074251
