nome,usuario,idTweet,dataPublicacao,texto,replies,retweets,likes,tweetPai
Cezar Augusto Moreira,@CezarAugustoMo5,https://twitter.com/CezarAugustoMo5/status/1652531032531271680,2023-04-30T04:31:15.000Z,Outra mentira.... Petróleo caiu....   Agora fala do gás de cozinha que vai aumentar 15% em 1 de maio,0,0,2,https://twitter.com/AlencarBraga13/status/1652324357971251201
Eliel Carlos Mauricio,@ElielCarlosMau1,https://twitter.com/ElielCarlosMau1/status/1652475433756295168,2023-04-30T00:50:19.000Z,Não foi por política do governo federal,0,0,0,https://twitter.com/AlencarBraga13/status/1652324357971251201
𝐓𝐎𝐃𝐎 𝐀𝐏𝐎𝐈𝐎 𝐀𝐎 𝐌𝐒𝐓 !,@ToniSorocaba,https://twitter.com/ToniSorocaba/status/1652364606004764673,2023-04-29T17:29:56.000Z,POR ISSO #NãoCansodeFazeroL@LulaOficial Faz o L também!,0,0,0,https://twitter.com/AlencarBraga13/status/1652324357971251201
Nat Tommazzo,@natanserafin,https://twitter.com/natanserafin/status/1652332645039128577,2023-04-29T15:22:56.000Z,"Eis que mais dia menos dia, conseguirão quebra-la. Já tentaram e não conseguiram. Tentam de novo.",0,0,0,https://twitter.com/AlencarBraga13/status/1652324357971251201
Igor Pöbel,@IgorPB3,https://twitter.com/IgorPB3/status/1652944233962123266,2023-05-01T07:53:10.000Z,"Sabemos onde isso vai dar. Da última vez, no governo PT quase quebraram a estatal usando-a politicamente e saqueando seus cofres para regar a corrupção que o governo do PT trata como normal.
Fazuéle",0,0,0,https://twitter.com/AlencarBraga13/status/1652324357971251201
zelda,@_LobodaEstepe_,https://twitter.com/_LobodaEstepe_/status/1652662558266884097,2023-04-30T13:13:53.000Z,Replicando mentiras o tempo todo,0,0,1,https://twitter.com/AlencarBraga13/status/1652324357971251201
Álvão FazuELE,@alvdcp,https://twitter.com/alvdcp/status/1652732003035369473,2023-04-30T17:49:50.000Z,"Ainda tá com 9% de ágio em comparação com o ppi, esse dinheiro é pra pagar aumento de salário da diretoria?",0,0,0,https://twitter.com/AlencarBraga13/status/1652324357971251201
freedom SHA-256,@franncisco86,https://twitter.com/franncisco86/status/1652506232454873088,2023-04-30T02:52:42.000Z,Mas para as refinarias ou nas bombas ? E fake atrás de fake! Jesus desça de uma vez kkkkk,0,0,1,https://twitter.com/AlencarBraga13/status/1652324357971251201
Marisa victorio da silva,@victorio_marisa,https://twitter.com/victorio_marisa/status/1652388187568832513,2023-04-29T19:03:38.000Z,#FazOL!👆😀✔️Baixou de novo! A Petrobrás voltou a de orientar pela economia do Brasil e não pelo bolso dos acionistas. Quase 10% a menos o preço do diesel!,0,0,0,https://twitter.com/AlencarBraga13/status/1652324357971251201
